{"ele": "426", "carper": "13", "t": "1", "f": "O", "esae": "N", "mnae": " ", "dg": "15/11/2020", "hg": "23:01:41", "dv": "S", "nadf": "ac01570-c0013-e000426-003-f", "abr": [{"dt": "15/11/2020", "ht": "21:00:59", "tf": "S", "and": "F", "tpabr": "MU", "cdabr": "01570", "s": "20", "st": "20", "snt": "0", "si": "20", "sni": "0", "sa": "20", "sna": "0", "pst": " 100,00", "psnt": "   0,00", "psi": " 100,00", "psni": "   0,00", "psa": " 100,00", "psna": "   0,00", "e": "5913", "ea": "5913", "ena": "0", "esi": "5913", "esni": "0", "c": "4918", "a": "995", "pea": " 100,00", "pena": "   0,00", "pesi": " 100,00", "pesni": "   0,00", "pa": "  16,83", "pc": "  83,17", "vscv": "0", "vnom": "4364", "vl": "371", "tv": "4918", "vvc": "4756", "vb": "23", "tvn": "139", "vn": "139", "vnt": "0", "vp": "0", "vv": "4735", "van": "0", "vansj": "21", "pvnom": "  92,16", "pvl": "   7,84", "pvvc": "  96,71", "pvb": "   0,46", "ptvn": "   2,83", "pvn": " 100,00", "pvnt": "   0,00", "pvp": "   0,00", "pvv": "  99,56", "pvan": "   0,00", "pvansj": "   0,44", "colig": [{"n": "10000140786", "tvtn": "648", "tvan": "648", "vag": "2", "tvtl": "75", "tval": "75"}, {"n": "10000140730", "tvtn": "567", "tvan": "567", "vag": "1", "tvtl": "41", "tval": "41"}, {"n": "10000140702", "tvtn": "285", "tvan": "285", "vag": "0", "tvtl": "21", "tval": "21"}, {"n": "10000125935", "tvtn": "171", "tvan": "171", "vag": "0", "tvtl": "5", "tval": "5"}, {"n": "10000056306", "tvtn": "975", "tvan": "996", "vag": "2", "tvtl": "53", "tval": "53"}, {"n": "10000074461", "tvtn": "937", "tvan": "937", "vag": "2", "tvtl": "70", "tval": "70"}, {"n": "10000099551", "tvtn": "781", "tvan": "781", "vag": "2", "tvtl": "106", "tval": "106"}], "part": [{"n": "45", "tvtn": "648", "tvan": "648", "tvtl": "75", "tval": "75"}, {"n": "15", "tvtn": "567", "tvan": "567", "tvtl": "41", "tval": "41"}, {"n": "11", "tvtn": "285", "tvan": "285", "tvtl": "21", "tval": "21"}, {"n": "40", "tvtn": "171", "tvan": "171", "tvtl": "5", "tval": "5"}, {"n": "55", "tvtn": "975", "tvan": "996", "tvtl": "53", "tval": "53"}, {"n": "65", "tvtn": "937", "tvan": "937", "tvtl": "70", "tval": "70"}, {"n": "13", "tvtn": "781", "tvan": "781", "tvtl": "106", "tval": "106"}], "cand": [{"seq": "2", "n": "45111", "vap": "251", "pvap": "   5,28", "e": "S", "st": "Eleito"}, {"seq": "56", "n": "45001", "vap": "5", "pvap": "   0,11", "e": "N", "st": "Suplente"}, {"seq": "39", "n": "45225", "vap": "24", "pvap": "   0,50", "e": "N", "st": "Suplente"}, {"seq": "32", "n": "45555", "vap": "42", "pvap": "   0,88", "e": "N", "st": "Suplente"}, {"seq": "25", "n": "45123", "vap": "62", "pvap": "   1,30", "e": "N", "st": "Suplente"}, {"seq": "27", "n": "45000", "vap": "60", "pvap": "   1,26", "e": "N", "st": "Suplente"}, {"seq": "52", "n": "45045", "vap": "10", "pvap": "   0,21", "e": "N", "st": "Suplente"}, {"seq": "4", "n": "45222", "vap": "194", "pvap": "   4,08", "e": "S", "st": "Eleito"}, {"seq": "33", "n": "15111", "vap": "42", "pvap": "   0,88", "e": "N", "st": "Suplente"}, {"seq": "55", "n": "15120", "vap": "9", "pvap": "   0,19", "e": "N", "st": "Suplente"}, {"seq": "15", "n": "15551", "vap": "84", "pvap": "   1,77", "e": "N", "st": "Suplente"}, {"seq": "37", "n": "15222", "vap": "25", "pvap": "   0,53", "e": "N", "st": "Suplente"}, {"seq": "47", "n": "15355", "vap": "16", "pvap": "   0,34", "e": "N", "st": "Suplente"}, {"seq": "26", "n": "15000", "vap": "60", "pvap": "   1,26", "e": "N", "st": "Suplente"}, {"seq": "18", "n": "15555", "vap": "79", "pvap": "   1,66", "e": "N", "st": "Suplente"}, {"seq": "59", "n": "15333", "vap": "2", "pvap": "   0,04", "e": "N", "st": "Suplente"}, {"seq": "22", "n": "15015", "vap": "68", "pvap": "   1,43", "e": "N", "st": "Suplente"}, {"seq": "45", "n": "15255", "vap": "18", "pvap": "   0,38", "e": "N", "st": "Suplente"}, {"seq": "9", "n": "15123", "vap": "86", "pvap": "   1,81", "e": "S", "st": "Eleito"}, {"seq": "19", "n": "15500", "vap": "78", "pvap": "   1,64", "e": "N", "st": "Suplente"}, {"seq": "61", "n": "11222", "vap": "62", "pvap": "   1,30", "e": "N", "st": "N\u00e3o eleito"}, {"seq": "64", "n": "11200", "vap": "31", "pvap": "   0,65", "e": "N", "st": "N\u00e3o eleito"}, {"seq": "62", "n": "11000", "vap": "61", "pvap": "   1,28", "e": "N", "st": "N\u00e3o eleito"}, {"seq": "73", "n": "11234", "vap": "7", "pvap": "   0,15", "e": "N", "st": "N\u00e3o eleito"}, {"seq": "79", "n": "11123", "vap": "2", "pvap": "   0,04", "e": "N", "st": "N\u00e3o eleito"}, {"seq": "78", "n": "11666", "vap": "3", "pvap": "   0,06", "e": "N", "st": "N\u00e3o eleito"}, {"seq": "75", "n": "11333", "vap": "4", "pvap": "   0,08", "e": "N", "st": "N\u00e3o eleito"}, {"seq": "60", "n": "11111", "vap": "109", "pvap": "   2,29", "e": "N", "st": "N\u00e3o eleito"}, {"seq": "74", "n": "11555", "vap": "6", "pvap": "   0,13", "e": "N", "st": "N\u00e3o eleito"}, {"seq": "65", "n": "40000", "vap": "24", "pvap": "   0,50", "e": "N", "st": "N\u00e3o eleito"}, {"seq": "67", "n": "40555", "vap": "22", "pvap": "   0,46", "e": "N", "st": "N\u00e3o eleito"}, {"seq": "70", "n": "40619", "vap": "12", "pvap": "   0,25", "e": "N", "st": "N\u00e3o eleito"}, {"seq": "71", "n": "40444", "vap": "10", "pvap": "   0,21", "e": "N", "st": "N\u00e3o eleito"}, {"seq": "76", "n": "40333", "vap": "4", "pvap": "   0,08", "e": "N", "st": "N\u00e3o eleito"}, {"seq": "77", "n": "40606", "vap": "4", "pvap": "   0,08", "e": "N", "st": "N\u00e3o eleito"}, {"seq": "72", "n": "40123", "vap": "10", "pvap": "   0,21", "e": "N", "st": "N\u00e3o eleito"}, {"seq": "63", "n": "40222", "vap": "46", "pvap": "   0,97", "e": "N", "st": "N\u00e3o eleito"}, {"seq": "69", "n": "40111", "vap": "16", "pvap": "   0,34", "e": "N", "st": "N\u00e3o eleito"}, {"seq": "66", "n": "40430", "vap": "23", "pvap": "   0,48", "e": "N", "st": "N\u00e3o eleito"}, {"seq": "68", "n": "55678", "vap": "21", "pvap": "   0,44", "e": "N", "st": "N\u00e3o eleito"}, {"seq": "20", "n": "55123", "vap": "77", "pvap": "   1,62", "e": "N", "st": "Suplente"}, {"seq": "44", "n": "55556", "vap": "19", "pvap": "   0,40", "e": "N", "st": "Suplente"}, {"seq": "29", "n": "55055", "vap": "57", "pvap": "   1,20", "e": "N", "st": "Suplente"}, {"seq": "38", "n": "55190", "vap": "25", "pvap": "   0,53", "e": "N", "st": "Suplente"}, {"seq": "1", "n": "55551", "vap": "358", "pvap": "   7,53", "e": "S", "st": "Eleito"}, {"seq": "30", "n": "55333", "vap": "54", "pvap": "   1,14", "e": "N", "st": "Suplente"}, {"seq": "40", "n": "55444", "vap": "23", "pvap": "   0,48", "e": "N", "st": "Suplente"}, {"seq": "51", "n": "55777", "vap": "11", "pvap": "   0,23", "e": "N", "st": "Suplente"}, {"seq": "24", "n": "55000", "vap": "63", "pvap": "   1,32", "e": "N", "st": "Suplente"}, {"seq": "6", "n": "55555", "vap": "165", "pvap": "   3,47", "e": "S", "st": "Eleito"}, {"seq": "28", "n": "55100", "vap": "59", "pvap": "   1,24", "e": "N", "st": "Suplente"}, {"seq": "42", "n": "55222", "vap": "21", "pvap": "   0,44", "e": "N", "st": "Suplente"}, {"seq": "31", "n": "55888", "vap": "43", "pvap": "   0,90", "e": "N", "st": "Suplente"}, {"seq": "11", "n": "65111", "vap": "105", "pvap": "   2,21", "e": "N", "st": "Suplente"}, {"seq": "13", "n": "65222", "vap": "98", "pvap": "   2,06", "e": "N", "st": "Suplente"}, {"seq": "54", "n": "65666", "vap": "10", "pvap": "   0,21", "e": "N", "st": "Suplente"}, {"seq": "34", "n": "65777", "vap": "38", "pvap": "   0,80", "e": "N", "st": "Suplente"}, {"seq": "36", "n": "65567", "vap": "32", "pvap": "   0,67", "e": "N", "st": "Suplente"}, {"seq": "49", "n": "65610", "vap": "14", "pvap": "   0,29", "e": "N", "st": "Suplente"}, {"seq": "3", "n": "65000", "vap": "207", "pvap": "   4,35", "e": "S", "st": "Eleito"}, {"seq": "10", "n": "65065", "vap": "115", "pvap": "   2,42", "e": "N", "st": "Suplente"}, {"seq": "57", "n": "65123", "vap": "5", "pvap": "   0,11", "e": "N", "st": "Suplente"}, {"seq": "53", "n": "65555", "vap": "10", "pvap": "   0,21", "e": "N", "st": "Suplente"}, {"seq": "16", "n": "65321", "vap": "83", "pvap": "   1,75", "e": "N", "st": "Suplente"}, {"seq": "17", "n": "65156", "vap": "82", "pvap": "   1,72", "e": "N", "st": "Suplente"}, {"seq": "8", "n": "65650", "vap": "116", "pvap": "   2,44", "e": "S", "st": "Eleito"}, {"seq": "41", "n": "65444", "vap": "22", "pvap": "   0,46", "e": "N", "st": "Suplente"}, {"seq": "50", "n": "13444", "vap": "12", "pvap": "   0,25", "e": "N", "st": "Suplente"}, {"seq": "43", "n": "13548", "vap": "19", "pvap": "   0,40", "e": "N", "st": "Suplente"}, {"seq": "21", "n": "13013", "vap": "72", "pvap": "   1,51", "e": "N", "st": "Suplente"}, {"seq": "5", "n": "13123", "vap": "188", "pvap": "   3,95", "e": "S", "st": "Eleito"}, {"seq": "12", "n": "13606", "vap": "103", "pvap": "   2,17", "e": "N", "st": "Suplente"}, {"seq": "46", "n": "13012", "vap": "18", "pvap": "   0,38", "e": "N", "st": "Suplente"}, {"seq": "58", "n": "13333", "vap": "4", "pvap": "   0,08", "e": "N", "st": "Suplente"}, {"seq": "48", "n": "13222", "vap": "15", "pvap": "   0,32", "e": "N", "st": "Suplente"}, {"seq": "23", "n": "13000", "vap": "64", "pvap": "   1,35", "e": "N", "st": "Suplente"}, {"seq": "35", "n": "13456", "vap": "36", "pvap": "   0,76", "e": "N", "st": "Suplente"}, {"seq": "14", "n": "13613", "vap": "89", "pvap": "   1,87", "e": "N", "st": "Suplente"}, {"seq": "7", "n": "13130", "vap": "161", "pvap": "   3,39", "e": "S", "st": "Eleito"}]}, {"dt": "15/11/2020", "ht": "21:00:59", "tf": "S", "and": "F", "tpabr": "ZONA", "cdabr": "6", "s": "20", "st": "20", "snt": "0", "si": "20", "sni": "0", "sa": "20", "sna": "0", "pst": " 100,00", "psnt": "   0,00", "psi": " 100,00", "psni": "   0,00", "psa": " 100,00", "psna": "   0,00", "e": "5913", "ea": "5913", "ena": "0", "esi": "5913", "esni": "0", "a": "995", "c": "4918", "pea": " 100,00", "pena": "   0,00", "pesi": " 100,00", "pesni": "   0,00", "pa": "  16,83", "pc": "  83,17", "vnom": "4364", "vscv": "0", "vl": "371", "tv": "4918", "vvc": "4756", "vb": "23", "tvn": "139", "vn": "139", "vnt": "0", "vp": "0", "vv": "4735", "van": "0", "vansj": "21", "pvnom": "  92,16", "pvl": "   7,84", "pvvc": "  96,71", "pvb": "   0,46", "ptvn": "   2,83", "pvn": " 100,00", "pvnt": "   0,00", "pvp": "   0,00", "pvv": "  99,56", "pvan": "   0,00", "pvansj": "   0,44", "cand": [{"seq": "15", "n": "15551", "vap": "84", "pvap": "   1,77", "e": "N", "st": "Suplente"}, {"seq": "37", "n": "15222", "vap": "25", "pvap": "   0,53", "e": "N", "st": "Suplente"}, {"seq": "47", "n": "15355", "vap": "16", "pvap": "   0,34", "e": "N", "st": "Suplente"}, {"seq": "26", "n": "15000", "vap": "60", "pvap": "   1,26", "e": "N", "st": "Suplente"}, {"seq": "45", "n": "15255", "vap": "18", "pvap": "   0,38", "e": "N", "st": "Suplente"}, {"seq": "55", "n": "15120", "vap": "9", "pvap": "   0,19", "e": "N", "st": "Suplente"}, {"seq": "18", "n": "15555", "vap": "79", "pvap": "   1,66", "e": "N", "st": "Suplente"}, {"seq": "19", "n": "15500", "vap": "78", "pvap": "   1,64", "e": "N", "st": "Suplente"}, {"seq": "9", "n": "15123", "vap": "86", "pvap": "   1,81", "e": "S", "st": "Eleito"}, {"seq": "33", "n": "15111", "vap": "42", "pvap": "   0,88", "e": "N", "st": "Suplente"}, {"seq": "22", "n": "15015", "vap": "68", "pvap": "   1,43", "e": "N", "st": "Suplente"}, {"seq": "59", "n": "15333", "vap": "2", "pvap": "   0,04", "e": "N", "st": "Suplente"}, {"seq": "46", "n": "13012", "vap": "18", "pvap": "   0,38", "e": "N", "st": "Suplente"}, {"seq": "23", "n": "13000", "vap": "64", "pvap": "   1,35", "e": "N", "st": "Suplente"}, {"seq": "14", "n": "13613", "vap": "89", "pvap": "   1,87", "e": "N", "st": "Suplente"}, {"seq": "5", "n": "13123", "vap": "188", "pvap": "   3,95", "e": "S", "st": "Eleito"}, {"seq": "12", "n": "13606", "vap": "103", "pvap": "   2,17", "e": "N", "st": "Suplente"}, {"seq": "35", "n": "13456", "vap": "36", "pvap": "   0,76", "e": "N", "st": "Suplente"}, {"seq": "43", "n": "13548", "vap": "19", "pvap": "   0,40", "e": "N", "st": "Suplente"}, {"seq": "21", "n": "13013", "vap": "72", "pvap": "   1,51", "e": "N", "st": "Suplente"}, {"seq": "58", "n": "13333", "vap": "4", "pvap": "   0,08", "e": "N", "st": "Suplente"}, {"seq": "50", "n": "13444", "vap": "12", "pvap": "   0,25", "e": "N", "st": "Suplente"}, {"seq": "48", "n": "13222", "vap": "15", "pvap": "   0,32", "e": "N", "st": "Suplente"}, {"seq": "7", "n": "13130", "vap": "161", "pvap": "   3,39", "e": "S", "st": "Eleito"}, {"seq": "56", "n": "45001", "vap": "5", "pvap": "   0,11", "e": "N", "st": "Suplente"}, {"seq": "27", "n": "45000", "vap": "60", "pvap": "   1,26", "e": "N", "st": "Suplente"}, {"seq": "2", "n": "45111", "vap": "251", "pvap": "   5,28", "e": "S", "st": "Eleito"}, {"seq": "4", "n": "45222", "vap": "194", "pvap": "   4,08", "e": "S", "st": "Eleito"}, {"seq": "25", "n": "45123", "vap": "62", "pvap": "   1,30", "e": "N", "st": "Suplente"}, {"seq": "39", "n": "45225", "vap": "24", "pvap": "   0,50", "e": "N", "st": "Suplente"}, {"seq": "52", "n": "45045", "vap": "10", "pvap": "   0,21", "e": "N", "st": "Suplente"}, {"seq": "32", "n": "45555", "vap": "42", "pvap": "   0,88", "e": "N", "st": "Suplente"}, {"seq": "61", "n": "11222", "vap": "62", "pvap": "   1,30", "e": "N", "st": "N\u00e3o eleito"}, {"seq": "74", "n": "11555", "vap": "6", "pvap": "   0,13", "e": "N", "st": "N\u00e3o eleito"}, {"seq": "79", "n": "11123", "vap": "2", "pvap": "   0,04", "e": "N", "st": "N\u00e3o eleito"}, {"seq": "64", "n": "11200", "vap": "31", "pvap": "   0,65", "e": "N", "st": "N\u00e3o eleito"}, {"seq": "60", "n": "11111", "vap": "109", "pvap": "   2,29", "e": "N", "st": "N\u00e3o eleito"}, {"seq": "73", "n": "11234", "vap": "7", "pvap": "   0,15", "e": "N", "st": "N\u00e3o eleito"}, {"seq": "78", "n": "11666", "vap": "3", "pvap": "   0,06", "e": "N", "st": "N\u00e3o eleito"}, {"seq": "75", "n": "11333", "vap": "4", "pvap": "   0,08", "e": "N", "st": "N\u00e3o eleito"}, {"seq": "62", "n": "11000", "vap": "61", "pvap": "   1,28", "e": "N", "st": "N\u00e3o eleito"}, {"seq": "68", "n": "55678", "vap": "21", "pvap": "   0,44", "e": "N", "st": "N\u00e3o eleito"}, {"seq": "40", "n": "55444", "vap": "23", "pvap": "   0,48", "e": "N", "st": "Suplente"}, {"seq": "6", "n": "55555", "vap": "165", "pvap": "   3,47", "e": "S", "st": "Eleito"}, {"seq": "29", "n": "55055", "vap": "57", "pvap": "   1,20", "e": "N", "st": "Suplente"}, {"seq": "42", "n": "55222", "vap": "21", "pvap": "   0,44", "e": "N", "st": "Suplente"}, {"seq": "1", "n": "55551", "vap": "358", "pvap": "   7,53", "e": "S", "st": "Eleito"}, {"seq": "31", "n": "55888", "vap": "43", "pvap": "   0,90", "e": "N", "st": "Suplente"}, {"seq": "24", "n": "55000", "vap": "63", "pvap": "   1,32", "e": "N", "st": "Suplente"}, {"seq": "20", "n": "55123", "vap": "77", "pvap": "   1,62", "e": "N", "st": "Suplente"}, {"seq": "30", "n": "55333", "vap": "54", "pvap": "   1,14", "e": "N", "st": "Suplente"}, {"seq": "44", "n": "55556", "vap": "19", "pvap": "   0,40", "e": "N", "st": "Suplente"}, {"seq": "28", "n": "55100", "vap": "59", "pvap": "   1,24", "e": "N", "st": "Suplente"}, {"seq": "38", "n": "55190", "vap": "25", "pvap": "   0,53", "e": "N", "st": "Suplente"}, {"seq": "51", "n": "55777", "vap": "11", "pvap": "   0,23", "e": "N", "st": "Suplente"}, {"seq": "77", "n": "40606", "vap": "4", "pvap": "   0,08", "e": "N", "st": "N\u00e3o eleito"}, {"seq": "72", "n": "40123", "vap": "10", "pvap": "   0,21", "e": "N", "st": "N\u00e3o eleito"}, {"seq": "67", "n": "40555", "vap": "22", "pvap": "   0,46", "e": "N", "st": "N\u00e3o eleito"}, {"seq": "76", "n": "40333", "vap": "4", "pvap": "   0,08", "e": "N", "st": "N\u00e3o eleito"}, {"seq": "71", "n": "40444", "vap": "10", "pvap": "   0,21", "e": "N", "st": "N\u00e3o eleito"}, {"seq": "70", "n": "40619", "vap": "12", "pvap": "   0,25", "e": "N", "st": "N\u00e3o eleito"}, {"seq": "63", "n": "40222", "vap": "46", "pvap": "   0,97", "e": "N", "st": "N\u00e3o eleito"}, {"seq": "66", "n": "40430", "vap": "23", "pvap": "   0,48", "e": "N", "st": "N\u00e3o eleito"}, {"seq": "69", "n": "40111", "vap": "16", "pvap": "   0,34", "e": "N", "st": "N\u00e3o eleito"}, {"seq": "65", "n": "40000", "vap": "24", "pvap": "   0,50", "e": "N", "st": "N\u00e3o eleito"}, {"seq": "10", "n": "65065", "vap": "115", "pvap": "   2,42", "e": "N", "st": "Suplente"}, {"seq": "57", "n": "65123", "vap": "5", "pvap": "   0,11", "e": "N", "st": "Suplente"}, {"seq": "17", "n": "65156", "vap": "82", "pvap": "   1,72", "e": "N", "st": "Suplente"}, {"seq": "11", "n": "65111", "vap": "105", "pvap": "   2,21", "e": "N", "st": "Suplente"}, {"seq": "8", "n": "65650", "vap": "116", "pvap": "   2,44", "e": "S", "st": "Eleito"}, {"seq": "41", "n": "65444", "vap": "22", "pvap": "   0,46", "e": "N", "st": "Suplente"}, {"seq": "49", "n": "65610", "vap": "14", "pvap": "   0,29", "e": "N", "st": "Suplente"}, {"seq": "3", "n": "65000", "vap": "207", "pvap": "   4,35", "e": "S", "st": "Eleito"}, {"seq": "34", "n": "65777", "vap": "38", "pvap": "   0,80", "e": "N", "st": "Suplente"}, {"seq": "16", "n": "65321", "vap": "83", "pvap": "   1,75", "e": "N", "st": "Suplente"}, {"seq": "54", "n": "65666", "vap": "10", "pvap": "   0,21", "e": "N", "st": "Suplente"}, {"seq": "13", "n": "65222", "vap": "98", "pvap": "   2,06", "e": "N", "st": "Suplente"}, {"seq": "53", "n": "65555", "vap": "10", "pvap": "   0,21", "e": "N", "st": "Suplente"}, {"seq": "36", "n": "65567", "vap": "32", "pvap": "   0,67", "e": "N", "st": "Suplente"}]}]}