{"ele": "426", "carper": "13", "t": "1", "f": "O", "esae": "N", "mnae": " ", "dg": "17/11/2020", "hg": "11:29:32", "dv": "S", "nadf": "ac01066-c0013-e000426-003-f", "abr": [{"dt": "16/11/2020", "ht": "08:31:32", "tf": "S", "and": "F", "tpabr": "MU", "cdabr": "01066", "s": "23", "st": "23", "snt": "0", "si": "23", "sni": "0", "sa": "23", "sna": "0", "pst": " 100,00", "psnt": "   0,00", "psi": " 100,00", "psni": "   0,00", "psa": " 100,00", "psna": "   0,00", "e": "6570", "ea": "6570", "ena": "0", "esi": "6570", "esni": "0", "c": "5658", "a": "912", "pea": " 100,00", "pena": "   0,00", "pesi": " 100,00", "pesni": "   0,00", "pa": "  13,88", "pc": "  86,12", "vscv": "0", "vnom": "5192", "vl": "283", "tv": "5658", "vvc": "5475", "vb": "24", "tvn": "159", "vn": "157", "vnt": "2", "vp": "0", "vv": "5475", "van": "0", "vansj": "0", "pvnom": "  94,83", "pvl": "   5,17", "pvvc": "  96,77", "pvb": "   0,42", "ptvn": "   2,81", "pvn": "  98,74", "pvnt": "   1,26", "pvp": "   0,00", "pvv": " 100,00", "pvan": "   0,00", "pvansj": "   0,00", "colig": [{"n": "10000119796", "tvtn": "263", "tvan": "263", "vag": "0", "tvtl": "9", "tval": "9"}, {"n": "10000076893", "tvtn": "1538", "tvan": "1540", "vag": "4", "tvtl": "119", "tval": "119"}, {"n": "10000100274", "tvtn": "614", "tvan": "614", "vag": "1", "tvtl": "12", "tval": "12"}, {"n": "10000100158", "tvtn": "729", "tvan": "729", "vag": "1", "tvtl": "37", "tval": "37"}, {"n": "10000119820", "tvtn": "101", "tvan": "101", "vag": "0", "tvtl": "33", "tval": "33"}, {"n": "10000177042", "tvtn": "0", "tvan": "0", "vag": "0", "tvtl": "0", "tval": "0"}, {"n": "10000078876", "tvtn": "1192", "tvan": "1192", "vag": "2", "tvtl": "20", "tval": "20"}, {"n": "10000117104", "tvtn": "294", "tvan": "294", "vag": "0", "tvtl": "34", "tval": "34"}, {"n": "10000148834", "tvtn": "461", "tvan": "461", "vag": "1", "tvtl": "19", "tval": "19"}], "part": [{"n": "25", "tvtn": "263", "tvan": "263", "tvtl": "9", "tval": "9"}, {"n": "15", "tvtn": "1538", "tvan": "1538", "tvtl": "119", "tval": "119"}, {"n": "65", "tvtn": "614", "tvan": "614", "tvtl": "12", "tval": "12"}, {"n": "90", "tvtn": "729", "tvan": "729", "tvtl": "37", "tval": "37"}, {"n": "12", "tvtn": "101", "tvan": "101", "tvtl": "33", "tval": "33"}, {"n": "40", "tvtn": "0", "tvan": "0", "tvtl": "0", "tval": "0"}, {"n": "55", "tvtn": "1192", "tvan": "1192", "tvtl": "20", "tval": "20"}, {"n": "45", "tvtn": "294", "tvan": "294", "tvtl": "34", "tval": "34"}, {"n": "13", "tvtn": "461", "tvan": "461", "tvtl": "19", "tval": "19"}], "cand": [{"seq": "72", "n": "25124", "vap": "0", "pvap": "00.00", "e": "N", "st": "N\u00e3o eleito"}, {"seq": "55", "n": "25555", "vap": "54", "pvap": "   0,99", "e": "N", "st": "N\u00e3o eleito"}, {"seq": "67", "n": "25666", "vap": "10", "pvap": "   0,18", "e": "N", "st": "N\u00e3o eleito"}, {"seq": "64", "n": "25888", "vap": "15", "pvap": "   0,27", "e": "N", "st": "N\u00e3o eleito"}, {"seq": "68", "n": "25456", "vap": "6", "pvap": "   0,11", "e": "N", "st": "N\u00e3o eleito"}, {"seq": "54", "n": "25123", "vap": "65", "pvap": "   1,19", "e": "N", "st": "N\u00e3o eleito"}, {"seq": "53", "n": "25122", "vap": "66", "pvap": "   1,21", "e": "N", "st": "N\u00e3o eleito"}, {"seq": "58", "n": "25789", "vap": "47", "pvap": "   0,86", "e": "N", "st": "N\u00e3o eleito"}, {"seq": "15", "n": "15127", "vap": "135", "pvap": "   2,47", "e": "N", "st": "Suplente"}, {"seq": "32", "n": "15789", "vap": "38", "pvap": "   0,69", "e": "N", "st": "Suplente"}, {"seq": "38", "n": "15123", "vap": "22", "pvap": "   0,40", "e": "N", "st": "Suplente"}, {"seq": "8", "n": "15122", "vap": "172", "pvap": "   3,14", "e": "S", "st": "Eleito"}, {"seq": "6", "n": "15114", "vap": "201", "pvap": "   3,67", "e": "S", "st": "Eleito"}, {"seq": "1", "n": "15456", "vap": "375", "pvap": "   6,85", "e": "S", "st": "Eleito"}, {"seq": "39", "n": "15125", "vap": "20", "pvap": "   0,37", "e": "N", "st": "Suplente"}, {"seq": "2", "n": "15126", "vap": "271", "pvap": "   4,95", "e": "S", "st": "Eleito"}, {"seq": "13", "n": "15115", "vap": "145", "pvap": "   2,65", "e": "N", "st": "Suplente"}, {"seq": "33", "n": "15333", "vap": "33", "pvap": "   0,60", "e": "N", "st": "Suplente"}, {"seq": "27", "n": "15000", "vap": "58", "pvap": "   1,06", "e": "N", "st": "Suplente"}, {"seq": "35", "n": "15222", "vap": "27", "pvap": "   0,49", "e": "N", "st": "Suplente"}, {"seq": "30", "n": "15555", "vap": "41", "pvap": "   0,75", "e": "N", "st": "Suplente"}, {"seq": "16", "n": "65555", "vap": "128", "pvap": "   2,34", "e": "N", "st": "Suplente"}, {"seq": "36", "n": "65789", "vap": "27", "pvap": "   0,49", "e": "N", "st": "Suplente"}, {"seq": "21", "n": "65456", "vap": "75", "pvap": "   1,37", "e": "N", "st": "Suplente"}, {"seq": "28", "n": "65123", "vap": "54", "pvap": "   0,99", "e": "N", "st": "Suplente"}, {"seq": "46", "n": "65100", "vap": "4", "pvap": "   0,07", "e": "N", "st": "Suplente"}, {"seq": "3", "n": "65111", "vap": "252", "pvap": "   4,60", "e": "S", "st": "Eleito"}, {"seq": "23", "n": "65121", "vap": "69", "pvap": "   1,26", "e": "N", "st": "Suplente"}, {"seq": "45", "n": "65122", "vap": "5", "pvap": "   0,09", "e": "N", "st": "Suplente"}, {"seq": "50", "n": "65000", "vap": "0", "pvap": "00.00", "e": "N", "st": "Suplente"}, {"seq": "40", "n": "90115", "vap": "18", "pvap": "   0,33", "e": "N", "st": "Suplente"}, {"seq": "41", "n": "90234", "vap": "12", "pvap": "   0,22", "e": "N", "st": "Suplente"}, {"seq": "48", "n": "90117", "vap": "1", "pvap": "   0,02", "e": "N", "st": "Suplente"}, {"seq": "25", "n": "90201", "vap": "64", "pvap": "   1,17", "e": "N", "st": "Suplente"}, {"seq": "7", "n": "90111", "vap": "200", "pvap": "   3,65", "e": "S", "st": "Eleito"}, {"seq": "51", "n": "90116", "vap": "0", "pvap": "00.00", "e": "N", "st": "Suplente"}, {"seq": "42", "n": "90000", "vap": "11", "pvap": "   0,20", "e": "N", "st": "Suplente"}, {"seq": "43", "n": "90524", "vap": "10", "pvap": "   0,18", "e": "N", "st": "Suplente"}, {"seq": "12", "n": "90114", "vap": "167", "pvap": "   3,05", "e": "N", "st": "Suplente"}, {"seq": "26", "n": "90666", "vap": "60", "pvap": "   1,10", "e": "N", "st": "Suplente"}, {"seq": "17", "n": "90123", "vap": "109", "pvap": "   1,99", "e": "N", "st": "Suplente"}, {"seq": "20", "n": "90112", "vap": "77", "pvap": "   1,41", "e": "N", "st": "Suplente"}, {"seq": "56", "n": "12345", "vap": "54", "pvap": "   0,99", "e": "N", "st": "N\u00e3o eleito"}, {"seq": "59", "n": "12123", "vap": "43", "pvap": "   0,79", "e": "N", "st": "N\u00e3o eleito"}, {"seq": "69", "n": "12115", "vap": "4", "pvap": "   0,07", "e": "N", "st": "N\u00e3o eleito"}, {"seq": "71", "n": "12122", "vap": "0", "pvap": "00.00", "e": "N", "st": "N\u00e3o eleito"}, {"seq": "73", "n": "40401", "vap": "0", "pvap": "00.00", "e": "N", "st": "N\u00e3o eleito"}, {"seq": "19", "n": "55120", "vap": "95", "pvap": "   1,74", "e": "N", "st": "Suplente"}, {"seq": "44", "n": "55125", "vap": "5", "pvap": "   0,09", "e": "N", "st": "Suplente"}, {"seq": "31", "n": "55115", "vap": "39", "pvap": "   0,71", "e": "N", "st": "Suplente"}, {"seq": "34", "n": "55333", "vap": "28", "pvap": "   0,51", "e": "N", "st": "Suplente"}, {"seq": "5", "n": "55111", "vap": "231", "pvap": "   4,22", "e": "S", "st": "Eleito"}, {"seq": "11", "n": "55122", "vap": "203", "pvap": "   3,71", "e": "N", "st": "Suplente"}, {"seq": "14", "n": "55123", "vap": "145", "pvap": "   2,65", "e": "N", "st": "Suplente"}, {"seq": "4", "n": "55124", "vap": "242", "pvap": "   4,42", "e": "S", "st": "Eleito"}, {"seq": "10", "n": "55222", "vap": "204", "pvap": "   3,73", "e": "N", "st": "Suplente"}, {"seq": "61", "n": "45333", "vap": "29", "pvap": "   0,53", "e": "N", "st": "N\u00e3o eleito"}, {"seq": "65", "n": "45555", "vap": "15", "pvap": "   0,27", "e": "N", "st": "N\u00e3o eleito"}, {"seq": "57", "n": "45666", "vap": "52", "pvap": "   0,95", "e": "N", "st": "N\u00e3o eleito"}, {"seq": "52", "n": "45123", "vap": "110", "pvap": "   2,01", "e": "N", "st": "N\u00e3o eleito"}, {"seq": "60", "n": "45111", "vap": "31", "pvap": "   0,57", "e": "N", "st": "N\u00e3o eleito"}, {"seq": "63", "n": "45125", "vap": "22", "pvap": "   0,40", "e": "N", "st": "N\u00e3o eleito"}, {"seq": "70", "n": "45999", "vap": "0", "pvap": "00.00", "e": "N", "st": "N\u00e3o eleito"}, {"seq": "66", "n": "45230", "vap": "10", "pvap": "   0,18", "e": "N", "st": "N\u00e3o eleito"}, {"seq": "62", "n": "45222", "vap": "25", "pvap": "   0,46", "e": "N", "st": "N\u00e3o eleito"}, {"seq": "29", "n": "13112", "vap": "46", "pvap": "   0,84", "e": "N", "st": "Suplente"}, {"seq": "24", "n": "13131", "vap": "69", "pvap": "   1,26", "e": "N", "st": "Suplente"}, {"seq": "9", "n": "13113", "vap": "147", "pvap": "   2,68", "e": "S", "st": "Eleito"}, {"seq": "49", "n": "13013", "vap": "0", "pvap": "00.00", "e": "N", "st": "Suplente"}, {"seq": "47", "n": "13133", "vap": "2", "pvap": "   0,04", "e": "N", "st": "Suplente"}, {"seq": "37", "n": "13000", "vap": "22", "pvap": "   0,40", "e": "N", "st": "Suplente"}, {"seq": "22", "n": "13456", "vap": "72", "pvap": "   1,32", "e": "N", "st": "Suplente"}, {"seq": "18", "n": "13123", "vap": "103", "pvap": "   1,88", "e": "N", "st": "Suplente"}]}, {"dt": "16/11/2020", "ht": "08:31:32", "tf": "S", "and": "F", "tpabr": "ZONA", "cdabr": "4", "s": "23", "st": "23", "snt": "0", "si": "23", "sni": "0", "sa": "23", "sna": "0", "pst": " 100,00", "psnt": "   0,00", "psi": " 100,00", "psni": "   0,00", "psa": " 100,00", "psna": "   0,00", "e": "6570", "ea": "6570", "ena": "0", "esi": "6570", "esni": "0", "a": "912", "c": "5658", "pea": " 100,00", "pena": "   0,00", "pesi": " 100,00", "pesni": "   0,00", "pa": "  13,88", "pc": "  86,12", "vnom": "5192", "vscv": "0", "vl": "283", "tv": "5658", "vvc": "5475", "vb": "24", "tvn": "159", "vn": "157", "vnt": "2", "vp": "0", "vv": "5475", "van": "0", "vansj": "0", "pvnom": "  94,83", "pvl": "   5,17", "pvvc": "  96,77", "pvb": "   0,42", "ptvn": "   2,81", "pvn": "  98,74", "pvnt": "   1,26", "pvp": "   0,00", "pvv": " 100,00", "pvan": "   0,00", "pvansj": "   0,00", "cand": [{"seq": "53", "n": "25122", "vap": "66", "pvap": "   1,21", "e": "N", "st": "N\u00e3o eleito"}, {"seq": "54", "n": "25123", "vap": "65", "pvap": "   1,19", "e": "N", "st": "N\u00e3o eleito"}, {"seq": "55", "n": "25555", "vap": "54", "pvap": "   0,99", "e": "N", "st": "N\u00e3o eleito"}, {"seq": "58", "n": "25789", "vap": "47", "pvap": "   0,86", "e": "N", "st": "N\u00e3o eleito"}, {"seq": "64", "n": "25888", "vap": "15", "pvap": "   0,27", "e": "N", "st": "N\u00e3o eleito"}, {"seq": "67", "n": "25666", "vap": "10", "pvap": "   0,18", "e": "N", "st": "N\u00e3o eleito"}, {"seq": "68", "n": "25456", "vap": "6", "pvap": "   0,11", "e": "N", "st": "N\u00e3o eleito"}, {"seq": "72", "n": "25124", "vap": "0", "pvap": "00.00", "e": "N", "st": "N\u00e3o eleito"}, {"seq": "7", "n": "90111", "vap": "200", "pvap": "   3,65", "e": "S", "st": "Eleito"}, {"seq": "12", "n": "90114", "vap": "167", "pvap": "   3,05", "e": "N", "st": "Suplente"}, {"seq": "17", "n": "90123", "vap": "109", "pvap": "   1,99", "e": "N", "st": "Suplente"}, {"seq": "20", "n": "90112", "vap": "77", "pvap": "   1,41", "e": "N", "st": "Suplente"}, {"seq": "25", "n": "90201", "vap": "64", "pvap": "   1,17", "e": "N", "st": "Suplente"}, {"seq": "26", "n": "90666", "vap": "60", "pvap": "   1,10", "e": "N", "st": "Suplente"}, {"seq": "40", "n": "90115", "vap": "18", "pvap": "   0,33", "e": "N", "st": "Suplente"}, {"seq": "41", "n": "90234", "vap": "12", "pvap": "   0,22", "e": "N", "st": "Suplente"}, {"seq": "42", "n": "90000", "vap": "11", "pvap": "   0,20", "e": "N", "st": "Suplente"}, {"seq": "43", "n": "90524", "vap": "10", "pvap": "   0,18", "e": "N", "st": "Suplente"}, {"seq": "48", "n": "90117", "vap": "1", "pvap": "   0,02", "e": "N", "st": "Suplente"}, {"seq": "51", "n": "90116", "vap": "0", "pvap": "00.00", "e": "N", "st": "Suplente"}, {"seq": "56", "n": "12345", "vap": "54", "pvap": "   0,99", "e": "N", "st": "N\u00e3o eleito"}, {"seq": "59", "n": "12123", "vap": "43", "pvap": "   0,79", "e": "N", "st": "N\u00e3o eleito"}, {"seq": "69", "n": "12115", "vap": "4", "pvap": "   0,07", "e": "N", "st": "N\u00e3o eleito"}, {"seq": "71", "n": "12122", "vap": "0", "pvap": "00.00", "e": "N", "st": "N\u00e3o eleito"}, {"seq": "52", "n": "45123", "vap": "110", "pvap": "   2,01", "e": "N", "st": "N\u00e3o eleito"}, {"seq": "57", "n": "45666", "vap": "52", "pvap": "   0,95", "e": "N", "st": "N\u00e3o eleito"}, {"seq": "60", "n": "45111", "vap": "31", "pvap": "   0,57", "e": "N", "st": "N\u00e3o eleito"}, {"seq": "61", "n": "45333", "vap": "29", "pvap": "   0,53", "e": "N", "st": "N\u00e3o eleito"}, {"seq": "62", "n": "45222", "vap": "25", "pvap": "   0,46", "e": "N", "st": "N\u00e3o eleito"}, {"seq": "63", "n": "45125", "vap": "22", "pvap": "   0,40", "e": "N", "st": "N\u00e3o eleito"}, {"seq": "65", "n": "45555", "vap": "15", "pvap": "   0,27", "e": "N", "st": "N\u00e3o eleito"}, {"seq": "66", "n": "45230", "vap": "10", "pvap": "   0,18", "e": "N", "st": "N\u00e3o eleito"}, {"seq": "70", "n": "45999", "vap": "0", "pvap": "00.00", "e": "N", "st": "N\u00e3o eleito"}, {"seq": "1", "n": "15456", "vap": "375", "pvap": "   6,85", "e": "S", "st": "Eleito"}, {"seq": "2", "n": "15126", "vap": "271", "pvap": "   4,95", "e": "S", "st": "Eleito"}, {"seq": "6", "n": "15114", "vap": "201", "pvap": "   3,67", "e": "S", "st": "Eleito"}, {"seq": "8", "n": "15122", "vap": "172", "pvap": "   3,14", "e": "S", "st": "Eleito"}, {"seq": "13", "n": "15115", "vap": "145", "pvap": "   2,65", "e": "N", "st": "Suplente"}, {"seq": "15", "n": "15127", "vap": "135", "pvap": "   2,47", "e": "N", "st": "Suplente"}, {"seq": "27", "n": "15000", "vap": "58", "pvap": "   1,06", "e": "N", "st": "Suplente"}, {"seq": "30", "n": "15555", "vap": "41", "pvap": "   0,75", "e": "N", "st": "Suplente"}, {"seq": "32", "n": "15789", "vap": "38", "pvap": "   0,69", "e": "N", "st": "Suplente"}, {"seq": "33", "n": "15333", "vap": "33", "pvap": "   0,60", "e": "N", "st": "Suplente"}, {"seq": "35", "n": "15222", "vap": "27", "pvap": "   0,49", "e": "N", "st": "Suplente"}, {"seq": "38", "n": "15123", "vap": "22", "pvap": "   0,40", "e": "N", "st": "Suplente"}, {"seq": "39", "n": "15125", "vap": "20", "pvap": "   0,37", "e": "N", "st": "Suplente"}, {"seq": "3", "n": "65111", "vap": "252", "pvap": "   4,60", "e": "S", "st": "Eleito"}, {"seq": "16", "n": "65555", "vap": "128", "pvap": "   2,34", "e": "N", "st": "Suplente"}, {"seq": "21", "n": "65456", "vap": "75", "pvap": "   1,37", "e": "N", "st": "Suplente"}, {"seq": "23", "n": "65121", "vap": "69", "pvap": "   1,26", "e": "N", "st": "Suplente"}, {"seq": "28", "n": "65123", "vap": "54", "pvap": "   0,99", "e": "N", "st": "Suplente"}, {"seq": "36", "n": "65789", "vap": "27", "pvap": "   0,49", "e": "N", "st": "Suplente"}, {"seq": "45", "n": "65122", "vap": "5", "pvap": "   0,09", "e": "N", "st": "Suplente"}, {"seq": "46", "n": "65100", "vap": "4", "pvap": "   0,07", "e": "N", "st": "Suplente"}, {"seq": "50", "n": "65000", "vap": "0", "pvap": "00.00", "e": "N", "st": "Suplente"}, {"seq": "4", "n": "55124", "vap": "242", "pvap": "   4,42", "e": "S", "st": "Eleito"}, {"seq": "5", "n": "55111", "vap": "231", "pvap": "   4,22", "e": "S", "st": "Eleito"}, {"seq": "10", "n": "55222", "vap": "204", "pvap": "   3,73", "e": "N", "st": "Suplente"}, {"seq": "11", "n": "55122", "vap": "203", "pvap": "   3,71", "e": "N", "st": "Suplente"}, {"seq": "14", "n": "55123", "vap": "145", "pvap": "   2,65", "e": "N", "st": "Suplente"}, {"seq": "19", "n": "55120", "vap": "95", "pvap": "   1,74", "e": "N", "st": "Suplente"}, {"seq": "31", "n": "55115", "vap": "39", "pvap": "   0,71", "e": "N", "st": "Suplente"}, {"seq": "34", "n": "55333", "vap": "28", "pvap": "   0,51", "e": "N", "st": "Suplente"}, {"seq": "44", "n": "55125", "vap": "5", "pvap": "   0,09", "e": "N", "st": "Suplente"}, {"seq": "73", "n": "40401", "vap": "0", "pvap": "00.00", "e": "N", "st": "N\u00e3o eleito"}, {"seq": "9", "n": "13113", "vap": "147", "pvap": "   2,68", "e": "S", "st": "Eleito"}, {"seq": "18", "n": "13123", "vap": "103", "pvap": "   1,88", "e": "N", "st": "Suplente"}, {"seq": "22", "n": "13456", "vap": "72", "pvap": "   1,32", "e": "N", "st": "Suplente"}, {"seq": "24", "n": "13131", "vap": "69", "pvap": "   1,26", "e": "N", "st": "Suplente"}, {"seq": "29", "n": "13112", "vap": "46", "pvap": "   0,84", "e": "N", "st": "Suplente"}, {"seq": "37", "n": "13000", "vap": "22", "pvap": "   0,40", "e": "N", "st": "Suplente"}, {"seq": "47", "n": "13133", "vap": "2", "pvap": "   0,04", "e": "N", "st": "Suplente"}, {"seq": "49", "n": "13013", "vap": "0", "pvap": "00.00", "e": "N", "st": "Suplente"}]}]}