{"ele": "426", "carper": "13", "t": "1", "f": "O", "esae": "N", "mnae": " ", "dg": "15/11/2020", "hg": "22:37:48", "dv": "S", "nadf": "ac01015-c0013-e000426-004-f", "abr": [{"dt": "15/11/2020", "ht": "20:36:41", "tf": "S", "and": "F", "tpabr": "MU", "cdabr": "01015", "s": "30", "st": "30", "snt": "0", "si": "30", "sni": "0", "sa": "30", "sna": "0", "pst": " 100,00", "psnt": "   0,00", "psi": " 100,00", "psni": "   0,00", "psa": " 100,00", "psna": "   0,00", "e": "7540", "ea": "7540", "ena": "0", "esi": "7540", "esni": "0", "c": "6108", "a": "1432", "pea": " 100,00", "pena": "   0,00", "pesi": " 100,00", "pesni": "   0,00", "pa": "  18,99", "pc": "  81,01", "vscv": "0", "vnom": "5618", "vl": "383", "tv": "6108", "vvc": "6001", "vb": "25", "tvn": "82", "vn": "82", "vnt": "0", "vp": "0", "vv": "6001", "van": "0", "vansj": "0", "pvnom": "  93,62", "pvl": "   6,38", "pvvc": "  98,25", "pvb": "   0,41", "ptvn": "   1,34", "pvn": " 100,00", "pvnt": "   0,00", "pvp": "   0,00", "pvv": " 100,00", "pvan": "   0,00", "pvansj": "   0,00", "colig": [{"n": "10000146877", "tvtn": "301", "tvan": "301", "vag": "0", "tvtl": "17", "tval": "17"}, {"n": "10000134053", "tvtn": "531", "tvan": "531", "vag": "1", "tvtl": "22", "tval": "22"}, {"n": "10000098388", "tvtn": "376", "tvan": "376", "vag": "0", "tvtl": "1", "tval": "1"}, {"n": "10000119910", "tvtn": "346", "tvan": "346", "vag": "0", "tvtl": "9", "tval": "9"}, {"n": "10000146746", "tvtn": "1424", "tvan": "1424", "vag": "3", "tvtl": "104", "tval": "104"}, {"n": "10000157943", "tvtn": "714", "tvan": "714", "vag": "2", "tvtl": "77", "tval": "77"}, {"n": "10000119374", "tvtn": "291", "tvan": "291", "vag": "0", "tvtl": "48", "tval": "48"}, {"n": "10000154256", "tvtn": "274", "tvan": "274", "vag": "0", "tvtl": "12", "tval": "12"}, {"n": "10000098061", "tvtn": "320", "tvan": "320", "vag": "1", "tvtl": "66", "tval": "66"}, {"n": "10000069320", "tvtn": "447", "tvan": "447", "vag": "1", "tvtl": "14", "tval": "14"}, {"n": "10000119477", "tvtn": "594", "tvan": "594", "vag": "1", "tvtl": "13", "tval": "13"}], "part": [{"n": "12", "tvtn": "301", "tvan": "301", "tvtl": "17", "tval": "17"}, {"n": "11", "tvtn": "531", "tvan": "531", "tvtl": "22", "tval": "22"}, {"n": "90", "tvtn": "376", "tvan": "376", "tvtl": "1", "tval": "1"}, {"n": "55", "tvtn": "346", "tvan": "346", "tvtl": "9", "tval": "9"}, {"n": "25", "tvtn": "1424", "tvan": "1424", "tvtl": "104", "tval": "104"}, {"n": "15", "tvtn": "714", "tvan": "714", "tvtl": "77", "tval": "77"}, {"n": "14", "tvtn": "291", "tvan": "291", "tvtl": "48", "tval": "48"}, {"n": "45", "tvtn": "274", "tvan": "274", "tvtl": "12", "tval": "12"}, {"n": "13", "tvtn": "320", "tvan": "320", "tvtl": "66", "tval": "66"}, {"n": "10", "tvtn": "447", "tvan": "447", "tvtl": "14", "tval": "14"}, {"n": "77", "tvtn": "594", "tvan": "594", "tvtl": "13", "tval": "13"}], "cand": [{"seq": "59", "n": "12000", "vap": "152", "pvap": "   2,53", "e": "N", "st": "N\u00e3o eleito"}, {"seq": "64", "n": "12123", "vap": "90", "pvap": "   1,50", "e": "N", "st": "N\u00e3o eleito"}, {"seq": "79", "n": "12345", "vap": "21", "pvap": "   0,35", "e": "N", "st": "N\u00e3o eleito"}, {"seq": "91", "n": "12333", "vap": "10", "pvap": "   0,17", "e": "N", "st": "N\u00e3o eleito"}, {"seq": "85", "n": "12222", "vap": "17", "pvap": "   0,28", "e": "N", "st": "N\u00e3o eleito"}, {"seq": "90", "n": "12012", "vap": "11", "pvap": "   0,18", "e": "N", "st": "N\u00e3o eleito"}, {"seq": "11", "n": "11000", "vap": "140", "pvap": "   2,33", "e": "N", "st": "Suplente"}, {"seq": "20", "n": "11123", "vap": "90", "pvap": "   1,50", "e": "N", "st": "Suplente"}, {"seq": "15", "n": "11111", "vap": "98", "pvap": "   1,63", "e": "N", "st": "Suplente"}, {"seq": "5", "n": "11234", "vap": "153", "pvap": "   2,55", "e": "S", "st": "Eleito"}, {"seq": "58", "n": "11551", "vap": "0", "pvap": "00.00", "e": "N", "st": "Suplente"}, {"seq": "29", "n": "11221", "vap": "50", "pvap": "   0,83", "e": "N", "st": "Suplente"}, {"seq": "97", "n": "11567", "vap": "0", "pvap": "00.00", "e": "N", "st": "N\u00e3o eleito"}, {"seq": "68", "n": "90456", "vap": "57", "pvap": "   0,95", "e": "N", "st": "N\u00e3o eleito"}, {"seq": "86", "n": "90332", "vap": "16", "pvap": "   0,27", "e": "N", "st": "N\u00e3o eleito"}, {"seq": "76", "n": "90900", "vap": "27", "pvap": "   0,45", "e": "N", "st": "N\u00e3o eleito"}, {"seq": "92", "n": "90777", "vap": "9", "pvap": "   0,15", "e": "N", "st": "N\u00e3o eleito"}, {"seq": "78", "n": "90444", "vap": "24", "pvap": "   0,40", "e": "N", "st": "N\u00e3o eleito"}, {"seq": "87", "n": "90111", "vap": "15", "pvap": "   0,25", "e": "N", "st": "N\u00e3o eleito"}, {"seq": "72", "n": "90000", "vap": "45", "pvap": "   0,75", "e": "N", "st": "N\u00e3o eleito"}, {"seq": "61", "n": "90123", "vap": "135", "pvap": "   2,25", "e": "N", "st": "N\u00e3o eleito"}, {"seq": "75", "n": "90333", "vap": "29", "pvap": "   0,48", "e": "N", "st": "N\u00e3o eleito"}, {"seq": "81", "n": "90125", "vap": "19", "pvap": "   0,32", "e": "N", "st": "N\u00e3o eleito"}, {"seq": "77", "n": "55234", "vap": "27", "pvap": "   0,45", "e": "N", "st": "N\u00e3o eleito"}, {"seq": "88", "n": "55789", "vap": "14", "pvap": "   0,23", "e": "N", "st": "N\u00e3o eleito"}, {"seq": "82", "n": "55333", "vap": "19", "pvap": "   0,32", "e": "N", "st": "N\u00e3o eleito"}, {"seq": "63", "n": "55222", "vap": "91", "pvap": "   1,52", "e": "N", "st": "N\u00e3o eleito"}, {"seq": "89", "n": "55932", "vap": "14", "pvap": "   0,23", "e": "N", "st": "N\u00e3o eleito"}, {"seq": "62", "n": "55123", "vap": "95", "pvap": "   1,58", "e": "N", "st": "N\u00e3o eleito"}, {"seq": "67", "n": "55777", "vap": "66", "pvap": "   1,10", "e": "N", "st": "N\u00e3o eleito"}, {"seq": "80", "n": "55555", "vap": "20", "pvap": "   0,33", "e": "N", "st": "N\u00e3o eleito"}, {"seq": "13", "n": "25345", "vap": "109", "pvap": "   1,82", "e": "N", "st": "Suplente"}, {"seq": "24", "n": "25111", "vap": "68", "pvap": "   1,13", "e": "N", "st": "Suplente"}, {"seq": "3", "n": "25678", "vap": "249", "pvap": "   4,15", "e": "S", "st": "Eleito"}, {"seq": "16", "n": "25222", "vap": "98", "pvap": "   1,63", "e": "N", "st": "Suplente"}, {"seq": "2", "n": "25000", "vap": "258", "pvap": "   4,30", "e": "S", "st": "Eleito"}, {"seq": "41", "n": "25191", "vap": "24", "pvap": "   0,40", "e": "N", "st": "Suplente"}, {"seq": "30", "n": "25333", "vap": "46", "pvap": "   0,77", "e": "N", "st": "Suplente"}, {"seq": "32", "n": "25020", "vap": "40", "pvap": "   0,67", "e": "N", "st": "Suplente"}, {"seq": "33", "n": "25321", "vap": "40", "pvap": "   0,67", "e": "N", "st": "Suplente"}, {"seq": "48", "n": "25521", "vap": "9", "pvap": "   0,15", "e": "N", "st": "Suplente"}, {"seq": "21", "n": "25666", "vap": "82", "pvap": "   1,37", "e": "N", "st": "Suplente"}, {"seq": "10", "n": "25555", "vap": "167", "pvap": "   2,78", "e": "N", "st": "Suplente"}, {"seq": "28", "n": "25123", "vap": "59", "pvap": "   0,98", "e": "N", "st": "Suplente"}, {"seq": "4", "n": "25025", "vap": "175", "pvap": "   2,92", "e": "S", "st": "Eleito"}, {"seq": "56", "n": "15878", "vap": "2", "pvap": "   0,03", "e": "N", "st": "Suplente"}, {"seq": "25", "n": "15001", "vap": "68", "pvap": "   1,13", "e": "N", "st": "Suplente"}, {"seq": "36", "n": "15555", "vap": "35", "pvap": "   0,58", "e": "N", "st": "Suplente"}, {"seq": "44", "n": "15222", "vap": "18", "pvap": "   0,30", "e": "N", "st": "Suplente"}, {"seq": "42", "n": "15121", "vap": "21", "pvap": "   0,35", "e": "N", "st": "Suplente"}, {"seq": "26", "n": "15123", "vap": "67", "pvap": "   1,12", "e": "N", "st": "Suplente"}, {"seq": "40", "n": "15111", "vap": "26", "pvap": "   0,43", "e": "N", "st": "Suplente"}, {"seq": "53", "n": "15777", "vap": "4", "pvap": "   0,07", "e": "N", "st": "Suplente"}, {"seq": "50", "n": "15456", "vap": "6", "pvap": "   0,10", "e": "N", "st": "Suplente"}, {"seq": "54", "n": "15333", "vap": "3", "pvap": "   0,05", "e": "N", "st": "Suplente"}, {"seq": "1", "n": "15000", "vap": "315", "pvap": "   5,25", "e": "S", "st": "Eleito"}, {"seq": "6", "n": "15120", "vap": "149", "pvap": "   2,48", "e": "S", "st": "Eleito"}, {"seq": "73", "n": "14333", "vap": "36", "pvap": "   0,60", "e": "N", "st": "N\u00e3o eleito"}, {"seq": "83", "n": "14555", "vap": "19", "pvap": "   0,32", "e": "N", "st": "N\u00e3o eleito"}, {"seq": "93", "n": "14234", "vap": "7", "pvap": "   0,12", "e": "N", "st": "N\u00e3o eleito"}, {"seq": "95", "n": "14144", "vap": "4", "pvap": "   0,07", "e": "N", "st": "N\u00e3o eleito"}, {"seq": "65", "n": "14444", "vap": "88", "pvap": "   1,47", "e": "N", "st": "N\u00e3o eleito"}, {"seq": "84", "n": "14777", "vap": "17", "pvap": "   0,28", "e": "N", "st": "N\u00e3o eleito"}, {"seq": "66", "n": "14123", "vap": "71", "pvap": "   1,18", "e": "N", "st": "N\u00e3o eleito"}, {"seq": "70", "n": "14124", "vap": "49", "pvap": "   0,82", "e": "N", "st": "N\u00e3o eleito"}, {"seq": "71", "n": "45555", "vap": "45", "pvap": "   0,75", "e": "N", "st": "N\u00e3o eleito"}, {"seq": "96", "n": "45444", "vap": "3", "pvap": "   0,05", "e": "N", "st": "N\u00e3o eleito"}, {"seq": "74", "n": "45111", "vap": "33", "pvap": "   0,55", "e": "N", "st": "N\u00e3o eleito"}, {"seq": "60", "n": "45123", "vap": "136", "pvap": "   2,27", "e": "N", "st": "N\u00e3o eleito"}, {"seq": "69", "n": "45222", "vap": "52", "pvap": "   0,87", "e": "N", "st": "N\u00e3o eleito"}, {"seq": "94", "n": "45666", "vap": "5", "pvap": "   0,08", "e": "N", "st": "N\u00e3o eleito"}, {"seq": "46", "n": "13222", "vap": "17", "pvap": "   0,28", "e": "N", "st": "Suplente"}, {"seq": "38", "n": "13610", "vap": "32", "pvap": "   0,53", "e": "N", "st": "Suplente"}, {"seq": "35", "n": "13000", "vap": "36", "pvap": "   0,60", "e": "N", "st": "Suplente"}, {"seq": "23", "n": "13500", "vap": "69", "pvap": "   1,15", "e": "N", "st": "Suplente"}, {"seq": "49", "n": "13333", "vap": "7", "pvap": "   0,12", "e": "N", "st": "Suplente"}, {"seq": "31", "n": "13444", "vap": "41", "pvap": "   0,68", "e": "N", "st": "Suplente"}, {"seq": "52", "n": "13460", "vap": "5", "pvap": "   0,08", "e": "N", "st": "Suplente"}, {"seq": "9", "n": "13013", "vap": "80", "pvap": "   1,33", "e": "S", "st": "Eleito"}, {"seq": "57", "n": "13111", "vap": "0", "pvap": "00.00", "e": "N", "st": "Suplente"}, {"seq": "37", "n": "13555", "vap": "33", "pvap": "   0,55", "e": "N", "st": "Suplente"}, {"seq": "12", "n": "10222", "vap": "116", "pvap": "   1,93", "e": "N", "st": "Suplente"}, {"seq": "47", "n": "10888", "vap": "12", "pvap": "   0,20", "e": "N", "st": "Suplente"}, {"seq": "22", "n": "10000", "vap": "82", "pvap": "   1,37", "e": "N", "st": "Suplente"}, {"seq": "8", "n": "10123", "vap": "124", "pvap": "   2,07", "e": "S", "st": "Eleito"}, {"seq": "18", "n": "10333", "vap": "96", "pvap": "   1,60", "e": "N", "st": "Suplente"}, {"seq": "45", "n": "10444", "vap": "17", "pvap": "   0,28", "e": "N", "st": "Suplente"}, {"seq": "39", "n": "77000", "vap": "31", "pvap": "   0,52", "e": "N", "st": "Suplente"}, {"seq": "27", "n": "77777", "vap": "65", "pvap": "   1,08", "e": "N", "st": "Suplente"}, {"seq": "17", "n": "77193", "vap": "97", "pvap": "   1,62", "e": "N", "st": "Suplente"}, {"seq": "19", "n": "77153", "vap": "95", "pvap": "   1,58", "e": "N", "st": "Suplente"}, {"seq": "34", "n": "77222", "vap": "37", "pvap": "   0,62", "e": "N", "st": "Suplente"}, {"seq": "43", "n": "77111", "vap": "19", "pvap": "   0,32", "e": "N", "st": "Suplente"}, {"seq": "55", "n": "77554", "vap": "3", "pvap": "   0,05", "e": "N", "st": "Suplente"}, {"seq": "7", "n": "77123", "vap": "141", "pvap": "   2,35", "e": "S", "st": "Eleito"}, {"seq": "51", "n": "77144", "vap": "6", "pvap": "   0,10", "e": "N", "st": "Suplente"}, {"seq": "14", "n": "77333", "vap": "100", "pvap": "   1,67", "e": "N", "st": "Suplente"}]}, {"dt": "15/11/2020", "ht": "20:36:41", "tf": "S", "and": "F", "tpabr": "ZONA", "cdabr": "2", "s": "30", "st": "30", "snt": "0", "si": "30", "sni": "0", "sa": "30", "sna": "0", "pst": " 100,00", "psnt": "   0,00", "psi": " 100,00", "psni": "   0,00", "psa": " 100,00", "psna": "   0,00", "e": "7540", "ea": "7540", "ena": "0", "esi": "7540", "esni": "0", "a": "1432", "c": "6108", "pea": " 100,00", "pena": "   0,00", "pesi": " 100,00", "pesni": "   0,00", "pa": "  18,99", "pc": "  81,01", "vnom": "5618", "vscv": "0", "vl": "383", "tv": "6108", "vvc": "6001", "vb": "25", "tvn": "82", "vn": "82", "vnt": "0", "vp": "0", "vv": "6001", "van": "0", "vansj": "0", "pvnom": "  93,62", "pvl": "   6,38", "pvvc": "  98,25", "pvb": "   0,41", "ptvn": "   1,34", "pvn": " 100,00", "pvnt": "   0,00", "pvp": "   0,00", "pvv": " 100,00", "pvan": "   0,00", "pvansj": "   0,00", "cand": [{"seq": "85", "n": "12222", "vap": "17", "pvap": "   0,28", "e": "N", "st": "N\u00e3o eleito"}, {"seq": "91", "n": "12333", "vap": "10", "pvap": "   0,17", "e": "N", "st": "N\u00e3o eleito"}, {"seq": "59", "n": "12000", "vap": "152", "pvap": "   2,53", "e": "N", "st": "N\u00e3o eleito"}, {"seq": "64", "n": "12123", "vap": "90", "pvap": "   1,50", "e": "N", "st": "N\u00e3o eleito"}, {"seq": "79", "n": "12345", "vap": "21", "pvap": "   0,35", "e": "N", "st": "N\u00e3o eleito"}, {"seq": "90", "n": "12012", "vap": "11", "pvap": "   0,18", "e": "N", "st": "N\u00e3o eleito"}, {"seq": "45", "n": "10444", "vap": "17", "pvap": "   0,28", "e": "N", "st": "Suplente"}, {"seq": "47", "n": "10888", "vap": "12", "pvap": "   0,20", "e": "N", "st": "Suplente"}, {"seq": "22", "n": "10000", "vap": "82", "pvap": "   1,37", "e": "N", "st": "Suplente"}, {"seq": "8", "n": "10123", "vap": "124", "pvap": "   2,07", "e": "S", "st": "Eleito"}, {"seq": "12", "n": "10222", "vap": "116", "pvap": "   1,93", "e": "N", "st": "Suplente"}, {"seq": "18", "n": "10333", "vap": "96", "pvap": "   1,60", "e": "N", "st": "Suplente"}, {"seq": "21", "n": "25666", "vap": "82", "pvap": "   1,37", "e": "N", "st": "Suplente"}, {"seq": "16", "n": "25222", "vap": "98", "pvap": "   1,63", "e": "N", "st": "Suplente"}, {"seq": "13", "n": "25345", "vap": "109", "pvap": "   1,82", "e": "N", "st": "Suplente"}, {"seq": "32", "n": "25020", "vap": "40", "pvap": "   0,67", "e": "N", "st": "Suplente"}, {"seq": "33", "n": "25321", "vap": "40", "pvap": "   0,67", "e": "N", "st": "Suplente"}, {"seq": "3", "n": "25678", "vap": "249", "pvap": "   4,15", "e": "S", "st": "Eleito"}, {"seq": "24", "n": "25111", "vap": "68", "pvap": "   1,13", "e": "N", "st": "Suplente"}, {"seq": "2", "n": "25000", "vap": "258", "pvap": "   4,30", "e": "S", "st": "Eleito"}, {"seq": "41", "n": "25191", "vap": "24", "pvap": "   0,40", "e": "N", "st": "Suplente"}, {"seq": "10", "n": "25555", "vap": "167", "pvap": "   2,78", "e": "N", "st": "Suplente"}, {"seq": "30", "n": "25333", "vap": "46", "pvap": "   0,77", "e": "N", "st": "Suplente"}, {"seq": "4", "n": "25025", "vap": "175", "pvap": "   2,92", "e": "S", "st": "Eleito"}, {"seq": "48", "n": "25521", "vap": "9", "pvap": "   0,15", "e": "N", "st": "Suplente"}, {"seq": "28", "n": "25123", "vap": "59", "pvap": "   0,98", "e": "N", "st": "Suplente"}, {"seq": "39", "n": "77000", "vap": "31", "pvap": "   0,52", "e": "N", "st": "Suplente"}, {"seq": "34", "n": "77222", "vap": "37", "pvap": "   0,62", "e": "N", "st": "Suplente"}, {"seq": "17", "n": "77193", "vap": "97", "pvap": "   1,62", "e": "N", "st": "Suplente"}, {"seq": "19", "n": "77153", "vap": "95", "pvap": "   1,58", "e": "N", "st": "Suplente"}, {"seq": "27", "n": "77777", "vap": "65", "pvap": "   1,08", "e": "N", "st": "Suplente"}, {"seq": "14", "n": "77333", "vap": "100", "pvap": "   1,67", "e": "N", "st": "Suplente"}, {"seq": "7", "n": "77123", "vap": "141", "pvap": "   2,35", "e": "S", "st": "Eleito"}, {"seq": "43", "n": "77111", "vap": "19", "pvap": "   0,32", "e": "N", "st": "Suplente"}, {"seq": "51", "n": "77144", "vap": "6", "pvap": "   0,10", "e": "N", "st": "Suplente"}, {"seq": "55", "n": "77554", "vap": "3", "pvap": "   0,05", "e": "N", "st": "Suplente"}, {"seq": "77", "n": "55234", "vap": "27", "pvap": "   0,45", "e": "N", "st": "N\u00e3o eleito"}, {"seq": "62", "n": "55123", "vap": "95", "pvap": "   1,58", "e": "N", "st": "N\u00e3o eleito"}, {"seq": "89", "n": "55932", "vap": "14", "pvap": "   0,23", "e": "N", "st": "N\u00e3o eleito"}, {"seq": "63", "n": "55222", "vap": "91", "pvap": "   1,52", "e": "N", "st": "N\u00e3o eleito"}, {"seq": "67", "n": "55777", "vap": "66", "pvap": "   1,10", "e": "N", "st": "N\u00e3o eleito"}, {"seq": "80", "n": "55555", "vap": "20", "pvap": "   0,33", "e": "N", "st": "N\u00e3o eleito"}, {"seq": "88", "n": "55789", "vap": "14", "pvap": "   0,23", "e": "N", "st": "N\u00e3o eleito"}, {"seq": "82", "n": "55333", "vap": "19", "pvap": "   0,32", "e": "N", "st": "N\u00e3o eleito"}, {"seq": "96", "n": "45444", "vap": "3", "pvap": "   0,05", "e": "N", "st": "N\u00e3o eleito"}, {"seq": "94", "n": "45666", "vap": "5", "pvap": "   0,08", "e": "N", "st": "N\u00e3o eleito"}, {"seq": "69", "n": "45222", "vap": "52", "pvap": "   0,87", "e": "N", "st": "N\u00e3o eleito"}, {"seq": "74", "n": "45111", "vap": "33", "pvap": "   0,55", "e": "N", "st": "N\u00e3o eleito"}, {"seq": "60", "n": "45123", "vap": "136", "pvap": "   2,27", "e": "N", "st": "N\u00e3o eleito"}, {"seq": "71", "n": "45555", "vap": "45", "pvap": "   0,75", "e": "N", "st": "N\u00e3o eleito"}, {"seq": "29", "n": "11221", "vap": "50", "pvap": "   0,83", "e": "N", "st": "Suplente"}, {"seq": "97", "n": "11567", "vap": "0", "pvap": "00.00", "e": "N", "st": "N\u00e3o eleito"}, {"seq": "20", "n": "11123", "vap": "90", "pvap": "   1,50", "e": "N", "st": "Suplente"}, {"seq": "58", "n": "11551", "vap": "0", "pvap": "00.00", "e": "N", "st": "Suplente"}, {"seq": "5", "n": "11234", "vap": "153", "pvap": "   2,55", "e": "S", "st": "Eleito"}, {"seq": "11", "n": "11000", "vap": "140", "pvap": "   2,33", "e": "N", "st": "Suplente"}, {"seq": "15", "n": "11111", "vap": "98", "pvap": "   1,63", "e": "N", "st": "Suplente"}, {"seq": "40", "n": "15111", "vap": "26", "pvap": "   0,43", "e": "N", "st": "Suplente"}, {"seq": "6", "n": "15120", "vap": "149", "pvap": "   2,48", "e": "S", "st": "Eleito"}, {"seq": "53", "n": "15777", "vap": "4", "pvap": "   0,07", "e": "N", "st": "Suplente"}, {"seq": "26", "n": "15123", "vap": "67", "pvap": "   1,12", "e": "N", "st": "Suplente"}, {"seq": "44", "n": "15222", "vap": "18", "pvap": "   0,30", "e": "N", "st": "Suplente"}, {"seq": "50", "n": "15456", "vap": "6", "pvap": "   0,10", "e": "N", "st": "Suplente"}, {"seq": "54", "n": "15333", "vap": "3", "pvap": "   0,05", "e": "N", "st": "Suplente"}, {"seq": "1", "n": "15000", "vap": "315", "pvap": "   5,25", "e": "S", "st": "Eleito"}, {"seq": "25", "n": "15001", "vap": "68", "pvap": "   1,13", "e": "N", "st": "Suplente"}, {"seq": "36", "n": "15555", "vap": "35", "pvap": "   0,58", "e": "N", "st": "Suplente"}, {"seq": "42", "n": "15121", "vap": "21", "pvap": "   0,35", "e": "N", "st": "Suplente"}, {"seq": "56", "n": "15878", "vap": "2", "pvap": "   0,03", "e": "N", "st": "Suplente"}, {"seq": "75", "n": "90333", "vap": "29", "pvap": "   0,48", "e": "N", "st": "N\u00e3o eleito"}, {"seq": "76", "n": "90900", "vap": "27", "pvap": "   0,45", "e": "N", "st": "N\u00e3o eleito"}, {"seq": "86", "n": "90332", "vap": "16", "pvap": "   0,27", "e": "N", "st": "N\u00e3o eleito"}, {"seq": "92", "n": "90777", "vap": "9", "pvap": "   0,15", "e": "N", "st": "N\u00e3o eleito"}, {"seq": "61", "n": "90123", "vap": "135", "pvap": "   2,25", "e": "N", "st": "N\u00e3o eleito"}, {"seq": "68", "n": "90456", "vap": "57", "pvap": "   0,95", "e": "N", "st": "N\u00e3o eleito"}, {"seq": "78", "n": "90444", "vap": "24", "pvap": "   0,40", "e": "N", "st": "N\u00e3o eleito"}, {"seq": "87", "n": "90111", "vap": "15", "pvap": "   0,25", "e": "N", "st": "N\u00e3o eleito"}, {"seq": "81", "n": "90125", "vap": "19", "pvap": "   0,32", "e": "N", "st": "N\u00e3o eleito"}, {"seq": "72", "n": "90000", "vap": "45", "pvap": "   0,75", "e": "N", "st": "N\u00e3o eleito"}, {"seq": "73", "n": "14333", "vap": "36", "pvap": "   0,60", "e": "N", "st": "N\u00e3o eleito"}, {"seq": "95", "n": "14144", "vap": "4", "pvap": "   0,07", "e": "N", "st": "N\u00e3o eleito"}, {"seq": "66", "n": "14123", "vap": "71", "pvap": "   1,18", "e": "N", "st": "N\u00e3o eleito"}, {"seq": "70", "n": "14124", "vap": "49", "pvap": "   0,82", "e": "N", "st": "N\u00e3o eleito"}, {"seq": "84", "n": "14777", "vap": "17", "pvap": "   0,28", "e": "N", "st": "N\u00e3o eleito"}, {"seq": "65", "n": "14444", "vap": "88", "pvap": "   1,47", "e": "N", "st": "N\u00e3o eleito"}, {"seq": "93", "n": "14234", "vap": "7", "pvap": "   0,12", "e": "N", "st": "N\u00e3o eleito"}, {"seq": "83", "n": "14555", "vap": "19", "pvap": "   0,32", "e": "N", "st": "N\u00e3o eleito"}, {"seq": "23", "n": "13500", "vap": "69", "pvap": "   1,15", "e": "N", "st": "Suplente"}, {"seq": "49", "n": "13333", "vap": "7", "pvap": "   0,12", "e": "N", "st": "Suplente"}, {"seq": "57", "n": "13111", "vap": "0", "pvap": "00.00", "e": "N", "st": "Suplente"}, {"seq": "35", "n": "13000", "vap": "36", "pvap": "   0,60", "e": "N", "st": "Suplente"}, {"seq": "38", "n": "13610", "vap": "32", "pvap": "   0,53", "e": "N", "st": "Suplente"}, {"seq": "9", "n": "13013", "vap": "80", "pvap": "   1,33", "e": "S", "st": "Eleito"}, {"seq": "31", "n": "13444", "vap": "41", "pvap": "   0,68", "e": "N", "st": "Suplente"}, {"seq": "46", "n": "13222", "vap": "17", "pvap": "   0,28", "e": "N", "st": "Suplente"}, {"seq": "37", "n": "13555", "vap": "33", "pvap": "   0,55", "e": "N", "st": "Suplente"}, {"seq": "52", "n": "13460", "vap": "5", "pvap": "   0,08", "e": "N", "st": "Suplente"}]}]}