{"ele": "426", "carper": "13", "t": "1", "f": "O", "esae": "N", "mnae": " ", "dg": "15/11/2020", "hg": "22:37:49", "dv": "S", "nadf": "ac01457-c0013-e000426-003-f", "abr": [{"dt": "15/11/2020", "ht": "20:21:40", "tf": "S", "and": "F", "tpabr": "MU", "cdabr": "01457", "s": "87", "st": "87", "snt": "0", "si": "87", "sni": "0", "sa": "87", "sna": "0", "pst": " 100,00", "psnt": "   0,00", "psi": " 100,00", "psni": "   0,00", "psa": " 100,00", "psna": "   0,00", "e": "28985", "ea": "28985", "ena": "0", "esi": "28985", "esni": "0", "c": "22382", "a": "6603", "pea": " 100,00", "pena": "   0,00", "pesi": " 100,00", "pesni": "   0,00", "pa": "  22,78", "pc": "  77,22", "vscv": "0", "vnom": "20450", "vl": "1166", "tv": "22382", "vvc": "21831", "vb": "154", "tvn": "397", "vn": "380", "vnt": "17", "vp": "0", "vv": "21616", "van": "0", "vansj": "215", "pvnom": "  94,61", "pvl": "   5,39", "pvvc": "  97,54", "pvb": "   0,69", "ptvn": "   1,77", "pvn": "  95,72", "pvnt": "   4,28", "pvp": "   0,00", "pvv": "  99,02", "pvan": "   0,00", "pvansj": "   0,98", "colig": [{"n": "10000080631", "tvtn": "116", "tvan": "116", "vag": "0", "tvtl": "77", "tval": "77"}, {"n": "10000110578", "tvtn": "5089", "tvan": "5089", "vag": "4", "tvtl": "376", "tval": "376"}, {"n": "10000080789", "tvtn": "1112", "tvan": "1112", "vag": "0", "tvtl": "32", "tval": "32"}, {"n": "10000071604", "tvtn": "6633", "tvan": "6633", "vag": "5", "tvtl": "475", "tval": "475"}, {"n": "10000080843", "tvtn": "2043", "tvan": "2043", "vag": "1", "tvtl": "50", "tval": "50"}, {"n": "10000112809", "tvtn": "114", "tvan": "114", "vag": "0", "tvtl": "6", "tval": "6"}, {"n": "10000115092", "tvtn": "3064", "tvan": "3204", "vag": "2", "tvtl": "82", "tval": "82"}, {"n": "10000114653", "tvtn": "2279", "tvan": "2371", "vag": "1", "tvtl": "68", "tval": "68"}], "part": [{"n": "12", "tvtn": "116", "tvan": "116", "tvtl": "77", "tval": "77"}, {"n": "11", "tvtn": "5089", "tvan": "5089", "tvtl": "376", "tval": "376"}, {"n": "55", "tvtn": "1112", "tvan": "1112", "tvtl": "32", "tval": "32"}, {"n": "15", "tvtn": "6633", "tvan": "6633", "tvtl": "475", "tval": "475"}, {"n": "25", "tvtn": "2043", "tvan": "2043", "tvtl": "50", "tval": "50"}, {"n": "40", "tvtn": "114", "tvan": "114", "tvtl": "6", "tval": "6"}, {"n": "14", "tvtn": "3064", "tvan": "3187", "tvtl": "82", "tval": "82"}, {"n": "45", "tvtn": "2279", "tvan": "2371", "tvtl": "68", "tval": "68"}], "cand": [{"seq": "86", "n": "12111", "vap": "25", "pvap": "   0,11", "e": "N", "st": "N\u00e3o eleito"}, {"seq": "80", "n": "12222", "vap": "57", "pvap": "   0,26", "e": "N", "st": "N\u00e3o eleito"}, {"seq": "84", "n": "12555", "vap": "34", "pvap": "   0,16", "e": "N", "st": "N\u00e3o eleito"}, {"seq": "53", "n": "11777", "vap": "72", "pvap": "   0,33", "e": "N", "st": "Suplente"}, {"seq": "47", "n": "11112", "vap": "93", "pvap": "   0,43", "e": "N", "st": "Suplente"}, {"seq": "60", "n": "11888", "vap": "31", "pvap": "   0,14", "e": "N", "st": "Suplente"}, {"seq": "57", "n": "11345", "vap": "45", "pvap": "   0,21", "e": "N", "st": "Suplente"}, {"seq": "63", "n": "11789", "vap": "20", "pvap": "   0,09", "e": "N", "st": "Suplente"}, {"seq": "51", "n": "11234", "vap": "79", "pvap": "   0,36", "e": "N", "st": "Suplente"}, {"seq": "16", "n": "11444", "vap": "489", "pvap": "   2,24", "e": "N", "st": "Suplente"}, {"seq": "15", "n": "11000", "vap": "501", "pvap": "   2,29", "e": "N", "st": "Suplente"}, {"seq": "30", "n": "11999", "vap": "275", "pvap": "   1,26", "e": "N", "st": "Suplente"}, {"seq": "34", "n": "11666", "vap": "220", "pvap": "   1,01", "e": "N", "st": "Suplente"}, {"seq": "2", "n": "11333", "vap": "807", "pvap": "   3,70", "e": "S", "st": "Eleito"}, {"seq": "7", "n": "11555", "vap": "665", "pvap": "   3,05", "e": "S", "st": "Eleito"}, {"seq": "4", "n": "11111", "vap": "772", "pvap": "   3,54", "e": "S", "st": "Eleito"}, {"seq": "54", "n": "11456", "vap": "60", "pvap": "   0,27", "e": "N", "st": "Suplente"}, {"seq": "22", "n": "11123", "vap": "362", "pvap": "   1,66", "e": "N", "st": "Suplente"}, {"seq": "9", "n": "11222", "vap": "598", "pvap": "   2,74", "e": "S", "st": "Eleito"}, {"seq": "83", "n": "55222", "vap": "35", "pvap": "   0,16", "e": "N", "st": "N\u00e3o eleito"}, {"seq": "74", "n": "55444", "vap": "139", "pvap": "   0,64", "e": "N", "st": "N\u00e3o eleito"}, {"seq": "87", "n": "55666", "vap": "16", "pvap": "   0,07", "e": "N", "st": "N\u00e3o eleito"}, {"seq": "72", "n": "55333", "vap": "329", "pvap": "   1,51", "e": "N", "st": "N\u00e3o eleito"}, {"seq": "90", "n": "55000", "vap": "12", "pvap": "   0,05", "e": "N", "st": "N\u00e3o eleito"}, {"seq": "85", "n": "55455", "vap": "32", "pvap": "   0,15", "e": "N", "st": "N\u00e3o eleito"}, {"seq": "81", "n": "55123", "vap": "40", "pvap": "   0,18", "e": "N", "st": "N\u00e3o eleito"}, {"seq": "76", "n": "55555", "vap": "113", "pvap": "   0,52", "e": "N", "st": "N\u00e3o eleito"}, {"seq": "73", "n": "55111", "vap": "264", "pvap": "   1,21", "e": "N", "st": "N\u00e3o eleito"}, {"seq": "77", "n": "55655", "vap": "95", "pvap": "   0,44", "e": "N", "st": "N\u00e3o eleito"}, {"seq": "82", "n": "55234", "vap": "37", "pvap": "   0,17", "e": "N", "st": "N\u00e3o eleito"}, {"seq": "71", "n": "15789", "vap": "0", "pvap": "00.00", "e": "N", "st": "Suplente"}, {"seq": "45", "n": "15123", "vap": "102", "pvap": "   0,47", "e": "N", "st": "Suplente"}, {"seq": "11", "n": "15888", "vap": "539", "pvap": "   2,47", "e": "S", "st": "Eleito"}, {"seq": "66", "n": "15300", "vap": "17", "pvap": "   0,08", "e": "N", "st": "Suplente"}, {"seq": "17", "n": "15015", "vap": "479", "pvap": "   2,19", "e": "N", "st": "Suplente"}, {"seq": "14", "n": "15333", "vap": "537", "pvap": "   2,46", "e": "N", "st": "Suplente"}, {"seq": "32", "n": "15111", "vap": "259", "pvap": "   1,19", "e": "N", "st": "Suplente"}, {"seq": "65", "n": "15666", "vap": "18", "pvap": "   0,08", "e": "N", "st": "Suplente"}, {"seq": "27", "n": "15551", "vap": "322", "pvap": "   1,47", "e": "N", "st": "Suplente"}, {"seq": "3", "n": "15999", "vap": "786", "pvap": "   3,60", "e": "S", "st": "Eleito"}, {"seq": "23", "n": "15200", "vap": "347", "pvap": "   1,59", "e": "N", "st": "Suplente"}, {"seq": "6", "n": "15555", "vap": "741", "pvap": "   3,39", "e": "S", "st": "Eleito"}, {"seq": "28", "n": "15678", "vap": "303", "pvap": "   1,39", "e": "N", "st": "Suplente"}, {"seq": "5", "n": "15456", "vap": "748", "pvap": "   3,43", "e": "S", "st": "Eleito"}, {"seq": "68", "n": "15321", "vap": "9", "pvap": "   0,04", "e": "N", "st": "Suplente"}, {"seq": "55", "n": "15444", "vap": "50", "pvap": "   0,23", "e": "N", "st": "Suplente"}, {"seq": "25", "n": "15222", "vap": "343", "pvap": "   1,57", "e": "N", "st": "Suplente"}, {"seq": "20", "n": "15000", "vap": "369", "pvap": "   1,69", "e": "N", "st": "Suplente"}, {"seq": "8", "n": "15777", "vap": "664", "pvap": "   3,04", "e": "S", "st": "Eleito"}, {"seq": "21", "n": "25555", "vap": "367", "pvap": "   1,68", "e": "N", "st": "Suplente"}, {"seq": "1", "n": "25123", "vap": "1024", "pvap": "   4,69", "e": "S", "st": "Eleito"}, {"seq": "59", "n": "25005", "vap": "33", "pvap": "   0,15", "e": "N", "st": "Suplente"}, {"seq": "64", "n": "25456", "vap": "20", "pvap": "   0,09", "e": "N", "st": "Suplente"}, {"seq": "26", "n": "25000", "vap": "324", "pvap": "   1,48", "e": "N", "st": "Suplente"}, {"seq": "48", "n": "25222", "vap": "90", "pvap": "   0,41", "e": "N", "st": "Suplente"}, {"seq": "70", "n": "25888", "vap": "2", "pvap": "   0,01", "e": "N", "st": "Suplente"}, {"seq": "49", "n": "25777", "vap": "88", "pvap": "   0,40", "e": "N", "st": "Suplente"}, {"seq": "46", "n": "25111", "vap": "95", "pvap": "   0,44", "e": "N", "st": "Suplente"}, {"seq": "94", "n": "40123", "vap": "3", "pvap": "   0,01", "e": "N", "st": "N\u00e3o eleito"}, {"seq": "79", "n": "40444", "vap": "62", "pvap": "   0,28", "e": "N", "st": "N\u00e3o eleito"}, {"seq": "93", "n": "40777", "vap": "4", "pvap": "   0,02", "e": "N", "st": "N\u00e3o eleito"}, {"seq": "92", "n": "40666", "vap": "6", "pvap": "   0,03", "e": "N", "st": "N\u00e3o eleito"}, {"seq": "88", "n": "40333", "vap": "16", "pvap": "   0,07", "e": "N", "st": "N\u00e3o eleito"}, {"seq": "91", "n": "40000", "vap": "11", "pvap": "   0,05", "e": "N", "st": "N\u00e3o eleito"}, {"seq": "89", "n": "40004", "vap": "12", "pvap": "   0,05", "e": "N", "st": "N\u00e3o eleito"}, {"seq": "95", "n": "40222", "vap": "0", "pvap": "00.00", "e": "N", "st": "N\u00e3o eleito"}, {"seq": "10", "n": "14111", "vap": "544", "pvap": "   2,49", "e": "S", "st": "Eleito"}, {"seq": "37", "n": "14222", "vap": "201", "pvap": "   0,92", "e": "N", "st": "Suplente"}, {"seq": "61", "n": "14100", "vap": "28", "pvap": "   0,13", "e": "N", "st": "Suplente"}, {"seq": "52", "n": "14115", "vap": "73", "pvap": "   0,33", "e": "N", "st": "Suplente"}, {"seq": "19", "n": "14444", "vap": "405", "pvap": "   1,86", "e": "N", "st": "Suplente"}, {"seq": "13", "n": "14114", "vap": "430", "pvap": "   1,97", "e": "S", "st": "Eleito"}, {"seq": "35", "n": "14123", "vap": "212", "pvap": "   0,97", "e": "N", "st": "Suplente"}, {"seq": "44", "n": "14789", "vap": "106", "pvap": "   0,49", "e": "N", "st": "Suplente"}, {"seq": "41", "n": "14000", "vap": "134", "pvap": "   0,61", "e": "N", "st": "Suplente"}, {"seq": "50", "n": "14555", "vap": "82", "pvap": "   0,38", "e": "N", "st": "Suplente"}, {"seq": "56", "n": "14113", "vap": "47", "pvap": "   0,22", "e": "N", "st": "Suplente"}, {"seq": "31", "n": "14777", "vap": "265", "pvap": "   1,21", "e": "N", "st": "Suplente"}, {"seq": "33", "n": "14144", "vap": "226", "pvap": "   1,04", "e": "N", "st": "Suplente"}, {"seq": "40", "n": "14255", "vap": "156", "pvap": "   0,71", "e": "N", "st": "Suplente"}, {"seq": "75", "n": "14333", "vap": "123", "pvap": "   0,56", "e": "N", "st": "N\u00e3o eleito"}, {"seq": "43", "n": "14500", "vap": "116", "pvap": "   0,53", "e": "N", "st": "Suplente"}, {"seq": "58", "n": "14440", "vap": "39", "pvap": "   0,18", "e": "N", "st": "Suplente"}, {"seq": "67", "n": "45678", "vap": "13", "pvap": "   0,06", "e": "N", "st": "Suplente"}, {"seq": "62", "n": "45999", "vap": "28", "pvap": "   0,13", "e": "N", "st": "Suplente"}, {"seq": "38", "n": "45666", "vap": "177", "pvap": "   0,81", "e": "N", "st": "Suplente"}, {"seq": "12", "n": "45123", "vap": "528", "pvap": "   2,42", "e": "S", "st": "Eleito"}, {"seq": "18", "n": "45555", "vap": "406", "pvap": "   1,86", "e": "N", "st": "Suplente"}, {"seq": "69", "n": "45444", "vap": "2", "pvap": "   0,01", "e": "N", "st": "Suplente"}, {"seq": "29", "n": "45111", "vap": "283", "pvap": "   1,30", "e": "N", "st": "Suplente"}, {"seq": "78", "n": "45777", "vap": "92", "pvap": "   0,42", "e": "N", "st": "N\u00e3o eleito"}, {"seq": "39", "n": "45888", "vap": "171", "pvap": "   0,78", "e": "N", "st": "Suplente"}, {"seq": "36", "n": "45222", "vap": "201", "pvap": "   0,92", "e": "N", "st": "Suplente"}, {"seq": "42", "n": "45000", "vap": "126", "pvap": "   0,58", "e": "N", "st": "Suplente"}, {"seq": "24", "n": "45333", "vap": "344", "pvap": "   1,58", "e": "N", "st": "Suplente"}]}, {"dt": "15/11/2020", "ht": "20:21:40", "tf": "S", "and": "F", "tpabr": "ZONA", "cdabr": "3", "s": "87", "st": "87", "snt": "0", "si": "87", "sni": "0", "sa": "87", "sna": "0", "pst": " 100,00", "psnt": "   0,00", "psi": " 100,00", "psni": "   0,00", "psa": " 100,00", "psna": "   0,00", "e": "28985", "ea": "28985", "ena": "0", "esi": "28985", "esni": "0", "a": "6603", "c": "22382", "pea": " 100,00", "pena": "   0,00", "pesi": " 100,00", "pesni": "   0,00", "pa": "  22,78", "pc": "  77,22", "vnom": "20450", "vscv": "0", "vl": "1166", "tv": "22382", "vvc": "21831", "vb": "154", "tvn": "397", "vn": "380", "vnt": "17", "vp": "0", "vv": "21616", "van": "0", "vansj": "215", "pvnom": "  94,61", "pvl": "   5,39", "pvvc": "  97,54", "pvb": "   0,69", "ptvn": "   1,77", "pvn": "  95,72", "pvnt": "   4,28", "pvp": "   0,00", "pvv": "  99,02", "pvan": "   0,00", "pvansj": "   0,98", "cand": [{"seq": "45", "n": "15123", "vap": "102", "pvap": "   0,47", "e": "N", "st": "Suplente"}, {"seq": "8", "n": "15777", "vap": "664", "pvap": "   3,04", "e": "S", "st": "Eleito"}, {"seq": "55", "n": "15444", "vap": "50", "pvap": "   0,23", "e": "N", "st": "Suplente"}, {"seq": "3", "n": "15999", "vap": "786", "pvap": "   3,60", "e": "S", "st": "Eleito"}, {"seq": "6", "n": "15555", "vap": "741", "pvap": "   3,39", "e": "S", "st": "Eleito"}, {"seq": "71", "n": "15789", "vap": "0", "pvap": "00.00", "e": "N", "st": "Suplente"}, {"seq": "17", "n": "15015", "vap": "479", "pvap": "   2,19", "e": "N", "st": "Suplente"}, {"seq": "27", "n": "15551", "vap": "322", "pvap": "   1,47", "e": "N", "st": "Suplente"}, {"seq": "11", "n": "15888", "vap": "539", "pvap": "   2,47", "e": "S", "st": "Eleito"}, {"seq": "68", "n": "15321", "vap": "9", "pvap": "   0,04", "e": "N", "st": "Suplente"}, {"seq": "23", "n": "15200", "vap": "347", "pvap": "   1,59", "e": "N", "st": "Suplente"}, {"seq": "5", "n": "15456", "vap": "748", "pvap": "   3,43", "e": "S", "st": "Eleito"}, {"seq": "14", "n": "15333", "vap": "537", "pvap": "   2,46", "e": "N", "st": "Suplente"}, {"seq": "65", "n": "15666", "vap": "18", "pvap": "   0,08", "e": "N", "st": "Suplente"}, {"seq": "32", "n": "15111", "vap": "259", "pvap": "   1,19", "e": "N", "st": "Suplente"}, {"seq": "20", "n": "15000", "vap": "369", "pvap": "   1,69", "e": "N", "st": "Suplente"}, {"seq": "28", "n": "15678", "vap": "303", "pvap": "   1,39", "e": "N", "st": "Suplente"}, {"seq": "66", "n": "15300", "vap": "17", "pvap": "   0,08", "e": "N", "st": "Suplente"}, {"seq": "25", "n": "15222", "vap": "343", "pvap": "   1,57", "e": "N", "st": "Suplente"}, {"seq": "79", "n": "40444", "vap": "62", "pvap": "   0,28", "e": "N", "st": "N\u00e3o eleito"}, {"seq": "93", "n": "40777", "vap": "4", "pvap": "   0,02", "e": "N", "st": "N\u00e3o eleito"}, {"seq": "89", "n": "40004", "vap": "12", "pvap": "   0,05", "e": "N", "st": "N\u00e3o eleito"}, {"seq": "88", "n": "40333", "vap": "16", "pvap": "   0,07", "e": "N", "st": "N\u00e3o eleito"}, {"seq": "92", "n": "40666", "vap": "6", "pvap": "   0,03", "e": "N", "st": "N\u00e3o eleito"}, {"seq": "91", "n": "40000", "vap": "11", "pvap": "   0,05", "e": "N", "st": "N\u00e3o eleito"}, {"seq": "94", "n": "40123", "vap": "3", "pvap": "   0,01", "e": "N", "st": "N\u00e3o eleito"}, {"seq": "95", "n": "40222", "vap": "0", "pvap": "00.00", "e": "N", "st": "N\u00e3o eleito"}, {"seq": "49", "n": "25777", "vap": "88", "pvap": "   0,40", "e": "N", "st": "Suplente"}, {"seq": "48", "n": "25222", "vap": "90", "pvap": "   0,41", "e": "N", "st": "Suplente"}, {"seq": "46", "n": "25111", "vap": "95", "pvap": "   0,44", "e": "N", "st": "Suplente"}, {"seq": "21", "n": "25555", "vap": "367", "pvap": "   1,68", "e": "N", "st": "Suplente"}, {"seq": "59", "n": "25005", "vap": "33", "pvap": "   0,15", "e": "N", "st": "Suplente"}, {"seq": "26", "n": "25000", "vap": "324", "pvap": "   1,48", "e": "N", "st": "Suplente"}, {"seq": "70", "n": "25888", "vap": "2", "pvap": "   0,01", "e": "N", "st": "Suplente"}, {"seq": "1", "n": "25123", "vap": "1024", "pvap": "   4,69", "e": "S", "st": "Eleito"}, {"seq": "64", "n": "25456", "vap": "20", "pvap": "   0,09", "e": "N", "st": "Suplente"}, {"seq": "63", "n": "11789", "vap": "20", "pvap": "   0,09", "e": "N", "st": "Suplente"}, {"seq": "57", "n": "11345", "vap": "45", "pvap": "   0,21", "e": "N", "st": "Suplente"}, {"seq": "16", "n": "11444", "vap": "489", "pvap": "   2,24", "e": "N", "st": "Suplente"}, {"seq": "4", "n": "11111", "vap": "772", "pvap": "   3,54", "e": "S", "st": "Eleito"}, {"seq": "51", "n": "11234", "vap": "79", "pvap": "   0,36", "e": "N", "st": "Suplente"}, {"seq": "53", "n": "11777", "vap": "72", "pvap": "   0,33", "e": "N", "st": "Suplente"}, {"seq": "15", "n": "11000", "vap": "501", "pvap": "   2,29", "e": "N", "st": "Suplente"}, {"seq": "47", "n": "11112", "vap": "93", "pvap": "   0,43", "e": "N", "st": "Suplente"}, {"seq": "7", "n": "11555", "vap": "665", "pvap": "   3,05", "e": "S", "st": "Eleito"}, {"seq": "9", "n": "11222", "vap": "598", "pvap": "   2,74", "e": "S", "st": "Eleito"}, {"seq": "34", "n": "11666", "vap": "220", "pvap": "   1,01", "e": "N", "st": "Suplente"}, {"seq": "60", "n": "11888", "vap": "31", "pvap": "   0,14", "e": "N", "st": "Suplente"}, {"seq": "30", "n": "11999", "vap": "275", "pvap": "   1,26", "e": "N", "st": "Suplente"}, {"seq": "22", "n": "11123", "vap": "362", "pvap": "   1,66", "e": "N", "st": "Suplente"}, {"seq": "2", "n": "11333", "vap": "807", "pvap": "   3,70", "e": "S", "st": "Eleito"}, {"seq": "54", "n": "11456", "vap": "60", "pvap": "   0,27", "e": "N", "st": "Suplente"}, {"seq": "84", "n": "12555", "vap": "34", "pvap": "   0,16", "e": "N", "st": "N\u00e3o eleito"}, {"seq": "80", "n": "12222", "vap": "57", "pvap": "   0,26", "e": "N", "st": "N\u00e3o eleito"}, {"seq": "86", "n": "12111", "vap": "25", "pvap": "   0,11", "e": "N", "st": "N\u00e3o eleito"}, {"seq": "41", "n": "14000", "vap": "134", "pvap": "   0,61", "e": "N", "st": "Suplente"}, {"seq": "56", "n": "14113", "vap": "47", "pvap": "   0,22", "e": "N", "st": "Suplente"}, {"seq": "13", "n": "14114", "vap": "430", "pvap": "   1,97", "e": "S", "st": "Eleito"}, {"seq": "40", "n": "14255", "vap": "156", "pvap": "   0,71", "e": "N", "st": "Suplente"}, {"seq": "43", "n": "14500", "vap": "116", "pvap": "   0,53", "e": "N", "st": "Suplente"}, {"seq": "37", "n": "14222", "vap": "201", "pvap": "   0,92", "e": "N", "st": "Suplente"}, {"seq": "19", "n": "14444", "vap": "405", "pvap": "   1,86", "e": "N", "st": "Suplente"}, {"seq": "61", "n": "14100", "vap": "28", "pvap": "   0,13", "e": "N", "st": "Suplente"}, {"seq": "58", "n": "14440", "vap": "39", "pvap": "   0,18", "e": "N", "st": "Suplente"}, {"seq": "44", "n": "14789", "vap": "106", "pvap": "   0,49", "e": "N", "st": "Suplente"}, {"seq": "35", "n": "14123", "vap": "212", "pvap": "   0,97", "e": "N", "st": "Suplente"}, {"seq": "33", "n": "14144", "vap": "226", "pvap": "   1,04", "e": "N", "st": "Suplente"}, {"seq": "10", "n": "14111", "vap": "544", "pvap": "   2,49", "e": "S", "st": "Eleito"}, {"seq": "50", "n": "14555", "vap": "82", "pvap": "   0,38", "e": "N", "st": "Suplente"}, {"seq": "31", "n": "14777", "vap": "265", "pvap": "   1,21", "e": "N", "st": "Suplente"}, {"seq": "52", "n": "14115", "vap": "73", "pvap": "   0,33", "e": "N", "st": "Suplente"}, {"seq": "75", "n": "14333", "vap": "123", "pvap": "   0,56", "e": "N", "st": "N\u00e3o eleito"}, {"seq": "82", "n": "55234", "vap": "37", "pvap": "   0,17", "e": "N", "st": "N\u00e3o eleito"}, {"seq": "85", "n": "55455", "vap": "32", "pvap": "   0,15", "e": "N", "st": "N\u00e3o eleito"}, {"seq": "76", "n": "55555", "vap": "113", "pvap": "   0,52", "e": "N", "st": "N\u00e3o eleito"}, {"seq": "73", "n": "55111", "vap": "264", "pvap": "   1,21", "e": "N", "st": "N\u00e3o eleito"}, {"seq": "74", "n": "55444", "vap": "139", "pvap": "   0,64", "e": "N", "st": "N\u00e3o eleito"}, {"seq": "87", "n": "55666", "vap": "16", "pvap": "   0,07", "e": "N", "st": "N\u00e3o eleito"}, {"seq": "90", "n": "55000", "vap": "12", "pvap": "   0,05", "e": "N", "st": "N\u00e3o eleito"}, {"seq": "83", "n": "55222", "vap": "35", "pvap": "   0,16", "e": "N", "st": "N\u00e3o eleito"}, {"seq": "77", "n": "55655", "vap": "95", "pvap": "   0,44", "e": "N", "st": "N\u00e3o eleito"}, {"seq": "81", "n": "55123", "vap": "40", "pvap": "   0,18", "e": "N", "st": "N\u00e3o eleito"}, {"seq": "72", "n": "55333", "vap": "329", "pvap": "   1,51", "e": "N", "st": "N\u00e3o eleito"}, {"seq": "67", "n": "45678", "vap": "13", "pvap": "   0,06", "e": "N", "st": "Suplente"}, {"seq": "24", "n": "45333", "vap": "344", "pvap": "   1,58", "e": "N", "st": "Suplente"}, {"seq": "78", "n": "45777", "vap": "92", "pvap": "   0,42", "e": "N", "st": "N\u00e3o eleito"}, {"seq": "18", "n": "45555", "vap": "406", "pvap": "   1,86", "e": "N", "st": "Suplente"}, {"seq": "69", "n": "45444", "vap": "2", "pvap": "   0,01", "e": "N", "st": "Suplente"}, {"seq": "62", "n": "45999", "vap": "28", "pvap": "   0,13", "e": "N", "st": "Suplente"}, {"seq": "36", "n": "45222", "vap": "201", "pvap": "   0,92", "e": "N", "st": "Suplente"}, {"seq": "29", "n": "45111", "vap": "283", "pvap": "   1,30", "e": "N", "st": "Suplente"}, {"seq": "39", "n": "45888", "vap": "171", "pvap": "   0,78", "e": "N", "st": "Suplente"}, {"seq": "42", "n": "45000", "vap": "126", "pvap": "   0,58", "e": "N", "st": "Suplente"}, {"seq": "38", "n": "45666", "vap": "177", "pvap": "   0,81", "e": "N", "st": "Suplente"}, {"seq": "12", "n": "45123", "vap": "528", "pvap": "   2,42", "e": "S", "st": "Eleito"}]}]}