{"ele": "426", "carper": "13", "t": "1", "f": "O", "esae": "N", "mnae": " ", "dg": "15/11/2020", "hg": "23:01:45", "dv": "S", "nadf": "al27570-c0013-e000426-003-f", "abr": [{"dt": "15/11/2020", "ht": "22:46:05", "tf": "S", "and": "F", "tpabr": "MU", "cdabr": "27570", "s": "65", "st": "65", "snt": "0", "si": "65", "sni": "0", "sa": "65", "sna": "0", "pst": " 100,00", "psnt": "   0,00", "psi": " 100,00", "psni": "   0,00", "psa": " 100,00", "psna": "   0,00", "e": "26069", "ea": "26069", "ena": "0", "esi": "26069", "esni": "0", "c": "20633", "a": "5436", "pea": " 100,00", "pena": "   0,00", "pesi": " 100,00", "pesni": "   0,00", "pa": "  20,85", "pc": "  79,15", "vscv": "0", "vnom": "18627", "vl": "955", "tv": "20633", "vvc": "19634", "vb": "275", "tvn": "724", "vn": "724", "vnt": "0", "vp": "0", "vv": "19582", "van": "0", "vansj": "52", "pvnom": "  95,12", "pvl": "   4,88", "pvvc": "  95,16", "pvb": "   1,33", "ptvn": "   3,51", "pvn": " 100,00", "pvnt": "   0,00", "pvp": "   0,00", "pvv": "  99,74", "pvan": "   0,00", "pvansj": "   0,26", "colig": [{"n": "20000139195", "tvtn": "3761", "tvan": "3761", "vag": "2", "tvtl": "515", "tval": "515"}, {"n": "20000138878", "tvtn": "3334", "tvan": "3334", "vag": "2", "tvtl": "97", "tval": "97"}, {"n": "20000130606", "tvtn": "4686", "tvan": "4686", "vag": "2", "tvtl": "71", "tval": "71"}, {"n": "20000139261", "tvtn": "5537", "tvan": "5537", "vag": "3", "tvtl": "109", "tval": "109"}, {"n": "20000153423", "tvtn": "1225", "tvan": "1225", "vag": "0", "tvtl": "147", "tval": "147"}, {"n": "20000095015", "tvtn": "84", "tvan": "136", "vag": "0", "tvtl": "16", "tval": "16"}], "part": [{"n": "15", "tvtn": "3761", "tvan": "3761", "tvtl": "515", "tval": "515"}, {"n": "11", "tvtn": "3334", "tvan": "3334", "tvtl": "97", "tval": "97"}, {"n": "40", "tvtn": "4686", "tvan": "4686", "tvtl": "71", "tval": "71"}, {"n": "55", "tvtn": "5537", "tvan": "5537", "tvtl": "109", "tval": "109"}, {"n": "45", "tvtn": "1225", "tvan": "1225", "tvtl": "147", "tval": "147"}, {"n": "18", "tvtn": "84", "tvan": "136", "tvtl": "16", "tval": "16"}], "cand": [{"seq": "25", "n": "15888", "vap": "74", "pvap": "   0,38", "e": "N", "st": "Suplente"}, {"seq": "5", "n": "15555", "vap": "1006", "pvap": "   5,12", "e": "S", "st": "Eleito"}, {"seq": "31", "n": "15444", "vap": "31", "pvap": "   0,16", "e": "N", "st": "Suplente"}, {"seq": "21", "n": "15222", "vap": "208", "pvap": "   1,06", "e": "N", "st": "Suplente"}, {"seq": "24", "n": "15999", "vap": "82", "pvap": "   0,42", "e": "N", "st": "Suplente"}, {"seq": "13", "n": "15678", "vap": "717", "pvap": "   3,65", "e": "N", "st": "Suplente"}, {"seq": "34", "n": "15113", "vap": "17", "pvap": "   0,09", "e": "N", "st": "Suplente"}, {"seq": "43", "n": "15456", "vap": "1", "pvap": "   0,01", "e": "N", "st": "Suplente"}, {"seq": "42", "n": "15111", "vap": "3", "pvap": "   0,02", "e": "N", "st": "Suplente"}, {"seq": "39", "n": "15115", "vap": "9", "pvap": "   0,05", "e": "N", "st": "Suplente"}, {"seq": "8", "n": "15777", "vap": "791", "pvap": "   4,03", "e": "S", "st": "Eleito"}, {"seq": "30", "n": "15333", "vap": "34", "pvap": "   0,17", "e": "N", "st": "Suplente"}, {"seq": "12", "n": "15000", "vap": "788", "pvap": "   4,01", "e": "N", "st": "Suplente"}, {"seq": "20", "n": "11666", "vap": "259", "pvap": "   1,32", "e": "N", "st": "Suplente"}, {"seq": "16", "n": "11111", "vap": "436", "pvap": "   2,22", "e": "N", "st": "Suplente"}, {"seq": "9", "n": "11444", "vap": "761", "pvap": "   3,88", "e": "S", "st": "Eleito"}, {"seq": "35", "n": "11121", "vap": "17", "pvap": "   0,09", "e": "N", "st": "Suplente"}, {"seq": "18", "n": "11888", "vap": "395", "pvap": "   2,01", "e": "N", "st": "Suplente"}, {"seq": "38", "n": "11123", "vap": "9", "pvap": "   0,05", "e": "N", "st": "Suplente"}, {"seq": "27", "n": "11555", "vap": "63", "pvap": "   0,32", "e": "N", "st": "Suplente"}, {"seq": "28", "n": "11000", "vap": "47", "pvap": "   0,24", "e": "N", "st": "Suplente"}, {"seq": "32", "n": "11234", "vap": "28", "pvap": "   0,14", "e": "N", "st": "Suplente"}, {"seq": "7", "n": "11222", "vap": "883", "pvap": "   4,50", "e": "S", "st": "Eleito"}, {"seq": "36", "n": "11999", "vap": "13", "pvap": "   0,07", "e": "N", "st": "Suplente"}, {"seq": "23", "n": "11333", "vap": "126", "pvap": "   0,64", "e": "N", "st": "Suplente"}, {"seq": "19", "n": "11777", "vap": "297", "pvap": "   1,51", "e": "N", "st": "Suplente"}, {"seq": "33", "n": "40111", "vap": "26", "pvap": "   0,13", "e": "N", "st": "Suplente"}, {"seq": "10", "n": "40000", "vap": "933", "pvap": "   4,75", "e": "N", "st": "Suplente"}, {"seq": "37", "n": "40444", "vap": "9", "pvap": "   0,05", "e": "N", "st": "Suplente"}, {"seq": "1", "n": "40123", "vap": "1490", "pvap": "   7,59", "e": "S", "st": "Eleito"}, {"seq": "26", "n": "40555", "vap": "67", "pvap": "   0,34", "e": "N", "st": "Suplente"}, {"seq": "22", "n": "40333", "vap": "129", "pvap": "   0,66", "e": "N", "st": "Suplente"}, {"seq": "14", "n": "40222", "vap": "555", "pvap": "   2,83", "e": "N", "st": "Suplente"}, {"seq": "2", "n": "40777", "vap": "1477", "pvap": "   7,52", "e": "S", "st": "Eleito"}, {"seq": "29", "n": "55555", "vap": "42", "pvap": "   0,21", "e": "N", "st": "Suplente"}, {"seq": "44", "n": "55888", "vap": "0", "pvap": "00.00", "e": "N", "st": "Suplente"}, {"seq": "17", "n": "55000", "vap": "419", "pvap": "   2,13", "e": "N", "st": "Suplente"}, {"seq": "41", "n": "55333", "vap": "3", "pvap": "   0,02", "e": "N", "st": "Suplente"}, {"seq": "4", "n": "55444", "vap": "1364", "pvap": "   6,95", "e": "S", "st": "Eleito"}, {"seq": "40", "n": "55123", "vap": "5", "pvap": "   0,03", "e": "N", "st": "Suplente"}, {"seq": "15", "n": "55999", "vap": "492", "pvap": "   2,51", "e": "N", "st": "Suplente"}, {"seq": "6", "n": "55222", "vap": "938", "pvap": "   4,78", "e": "S", "st": "Eleito"}, {"seq": "11", "n": "55777", "vap": "888", "pvap": "   4,52", "e": "N", "st": "Suplente"}, {"seq": "3", "n": "55111", "vap": "1386", "pvap": "   7,06", "e": "S", "st": "Eleito"}, {"seq": "51", "n": "45666", "vap": "62", "pvap": "   0,32", "e": "N", "st": "N\u00e3o eleito"}, {"seq": "58", "n": "45555", "vap": "19", "pvap": "   0,10", "e": "N", "st": "N\u00e3o eleito"}, {"seq": "49", "n": "45123", "vap": "67", "pvap": "   0,34", "e": "N", "st": "N\u00e3o eleito"}, {"seq": "48", "n": "45333", "vap": "105", "pvap": "   0,53", "e": "N", "st": "N\u00e3o eleito"}, {"seq": "45", "n": "45999", "vap": "391", "pvap": "   1,99", "e": "N", "st": "N\u00e3o eleito"}, {"seq": "57", "n": "45111", "vap": "22", "pvap": "   0,11", "e": "N", "st": "N\u00e3o eleito"}, {"seq": "59", "n": "45200", "vap": "15", "pvap": "   0,08", "e": "N", "st": "N\u00e3o eleito"}, {"seq": "50", "n": "45000", "vap": "63", "pvap": "   0,32", "e": "N", "st": "N\u00e3o eleito"}, {"seq": "46", "n": "45777", "vap": "261", "pvap": "   1,33", "e": "N", "st": "N\u00e3o eleito"}, {"seq": "54", "n": "45444", "vap": "42", "pvap": "   0,21", "e": "N", "st": "N\u00e3o eleito"}, {"seq": "47", "n": "45888", "vap": "136", "pvap": "   0,69", "e": "N", "st": "N\u00e3o eleito"}, {"seq": "55", "n": "45222", "vap": "39", "pvap": "   0,20", "e": "N", "st": "N\u00e3o eleito"}, {"seq": "60", "n": "45789", "vap": "3", "pvap": "   0,02", "e": "N", "st": "N\u00e3o eleito"}, {"seq": "56", "n": "18888", "vap": "29", "pvap": "   0,15", "e": "N", "st": "N\u00e3o eleito"}, {"seq": "53", "n": "18131", "vap": "52", "pvap": "   0,26", "e": "N", "st": "N\u00e3o eleito"}, {"seq": "52", "n": "18777", "vap": "55", "pvap": "   0,28", "e": "N", "st": "N\u00e3o eleito"}]}, {"dt": "15/11/2020", "ht": "22:46:05", "tf": "S", "and": "F", "tpabr": "ZONA", "cdabr": "44", "s": "65", "st": "65", "snt": "0", "si": "65", "sni": "0", "sa": "65", "sna": "0", "pst": " 100,00", "psnt": "   0,00", "psi": " 100,00", "psni": "   0,00", "psa": " 100,00", "psna": "   0,00", "e": "26069", "ea": "26069", "ena": "0", "esi": "26069", "esni": "0", "a": "5436", "c": "20633", "pea": " 100,00", "pena": "   0,00", "pesi": " 100,00", "pesni": "   0,00", "pa": "  20,85", "pc": "  79,15", "vnom": "18627", "vscv": "0", "vl": "955", "tv": "20633", "vvc": "19634", "vb": "275", "tvn": "724", "vn": "724", "vnt": "0", "vp": "0", "vv": "19582", "van": "0", "vansj": "52", "pvnom": "  95,12", "pvl": "   4,88", "pvvc": "  95,16", "pvb": "   1,33", "ptvn": "   3,51", "pvn": " 100,00", "pvnt": "   0,00", "pvp": "   0,00", "pvv": "  99,74", "pvan": "   0,00", "pvansj": "   0,26", "cand": [{"seq": "5", "n": "15555", "vap": "1006", "pvap": "   5,12", "e": "S", "st": "Eleito"}, {"seq": "8", "n": "15777", "vap": "791", "pvap": "   4,03", "e": "S", "st": "Eleito"}, {"seq": "12", "n": "15000", "vap": "788", "pvap": "   4,01", "e": "N", "st": "Suplente"}, {"seq": "13", "n": "15678", "vap": "717", "pvap": "   3,65", "e": "N", "st": "Suplente"}, {"seq": "21", "n": "15222", "vap": "208", "pvap": "   1,06", "e": "N", "st": "Suplente"}, {"seq": "24", "n": "15999", "vap": "82", "pvap": "   0,42", "e": "N", "st": "Suplente"}, {"seq": "25", "n": "15888", "vap": "74", "pvap": "   0,38", "e": "N", "st": "Suplente"}, {"seq": "30", "n": "15333", "vap": "34", "pvap": "   0,17", "e": "N", "st": "Suplente"}, {"seq": "31", "n": "15444", "vap": "31", "pvap": "   0,16", "e": "N", "st": "Suplente"}, {"seq": "34", "n": "15113", "vap": "17", "pvap": "   0,09", "e": "N", "st": "Suplente"}, {"seq": "39", "n": "15115", "vap": "9", "pvap": "   0,05", "e": "N", "st": "Suplente"}, {"seq": "42", "n": "15111", "vap": "3", "pvap": "   0,02", "e": "N", "st": "Suplente"}, {"seq": "43", "n": "15456", "vap": "1", "pvap": "   0,01", "e": "N", "st": "Suplente"}, {"seq": "52", "n": "18777", "vap": "55", "pvap": "   0,28", "e": "N", "st": "N\u00e3o eleito"}, {"seq": "53", "n": "18131", "vap": "52", "pvap": "   0,26", "e": "N", "st": "N\u00e3o eleito"}, {"seq": "56", "n": "18888", "vap": "29", "pvap": "   0,15", "e": "N", "st": "N\u00e3o eleito"}, {"seq": "3", "n": "55111", "vap": "1386", "pvap": "   7,06", "e": "S", "st": "Eleito"}, {"seq": "4", "n": "55444", "vap": "1364", "pvap": "   6,95", "e": "S", "st": "Eleito"}, {"seq": "6", "n": "55222", "vap": "938", "pvap": "   4,78", "e": "S", "st": "Eleito"}, {"seq": "11", "n": "55777", "vap": "888", "pvap": "   4,52", "e": "N", "st": "Suplente"}, {"seq": "15", "n": "55999", "vap": "492", "pvap": "   2,51", "e": "N", "st": "Suplente"}, {"seq": "17", "n": "55000", "vap": "419", "pvap": "   2,13", "e": "N", "st": "Suplente"}, {"seq": "29", "n": "55555", "vap": "42", "pvap": "   0,21", "e": "N", "st": "Suplente"}, {"seq": "40", "n": "55123", "vap": "5", "pvap": "   0,03", "e": "N", "st": "Suplente"}, {"seq": "41", "n": "55333", "vap": "3", "pvap": "   0,02", "e": "N", "st": "Suplente"}, {"seq": "44", "n": "55888", "vap": "0", "pvap": "00.00", "e": "N", "st": "Suplente"}, {"seq": "1", "n": "40123", "vap": "1490", "pvap": "   7,59", "e": "S", "st": "Eleito"}, {"seq": "2", "n": "40777", "vap": "1477", "pvap": "   7,52", "e": "S", "st": "Eleito"}, {"seq": "10", "n": "40000", "vap": "933", "pvap": "   4,75", "e": "N", "st": "Suplente"}, {"seq": "14", "n": "40222", "vap": "555", "pvap": "   2,83", "e": "N", "st": "Suplente"}, {"seq": "22", "n": "40333", "vap": "129", "pvap": "   0,66", "e": "N", "st": "Suplente"}, {"seq": "26", "n": "40555", "vap": "67", "pvap": "   0,34", "e": "N", "st": "Suplente"}, {"seq": "33", "n": "40111", "vap": "26", "pvap": "   0,13", "e": "N", "st": "Suplente"}, {"seq": "37", "n": "40444", "vap": "9", "pvap": "   0,05", "e": "N", "st": "Suplente"}, {"seq": "45", "n": "45999", "vap": "391", "pvap": "   1,99", "e": "N", "st": "N\u00e3o eleito"}, {"seq": "46", "n": "45777", "vap": "261", "pvap": "   1,33", "e": "N", "st": "N\u00e3o eleito"}, {"seq": "47", "n": "45888", "vap": "136", "pvap": "   0,69", "e": "N", "st": "N\u00e3o eleito"}, {"seq": "48", "n": "45333", "vap": "105", "pvap": "   0,53", "e": "N", "st": "N\u00e3o eleito"}, {"seq": "49", "n": "45123", "vap": "67", "pvap": "   0,34", "e": "N", "st": "N\u00e3o eleito"}, {"seq": "50", "n": "45000", "vap": "63", "pvap": "   0,32", "e": "N", "st": "N\u00e3o eleito"}, {"seq": "51", "n": "45666", "vap": "62", "pvap": "   0,32", "e": "N", "st": "N\u00e3o eleito"}, {"seq": "54", "n": "45444", "vap": "42", "pvap": "   0,21", "e": "N", "st": "N\u00e3o eleito"}, {"seq": "55", "n": "45222", "vap": "39", "pvap": "   0,20", "e": "N", "st": "N\u00e3o eleito"}, {"seq": "57", "n": "45111", "vap": "22", "pvap": "   0,11", "e": "N", "st": "N\u00e3o eleito"}, {"seq": "58", "n": "45555", "vap": "19", "pvap": "   0,10", "e": "N", "st": "N\u00e3o eleito"}, {"seq": "59", "n": "45200", "vap": "15", "pvap": "   0,08", "e": "N", "st": "N\u00e3o eleito"}, {"seq": "60", "n": "45789", "vap": "3", "pvap": "   0,02", "e": "N", "st": "N\u00e3o eleito"}, {"seq": "7", "n": "11222", "vap": "883", "pvap": "   4,50", "e": "S", "st": "Eleito"}, {"seq": "9", "n": "11444", "vap": "761", "pvap": "   3,88", "e": "S", "st": "Eleito"}, {"seq": "16", "n": "11111", "vap": "436", "pvap": "   2,22", "e": "N", "st": "Suplente"}, {"seq": "18", "n": "11888", "vap": "395", "pvap": "   2,01", "e": "N", "st": "Suplente"}, {"seq": "19", "n": "11777", "vap": "297", "pvap": "   1,51", "e": "N", "st": "Suplente"}, {"seq": "20", "n": "11666", "vap": "259", "pvap": "   1,32", "e": "N", "st": "Suplente"}, {"seq": "23", "n": "11333", "vap": "126", "pvap": "   0,64", "e": "N", "st": "Suplente"}, {"seq": "27", "n": "11555", "vap": "63", "pvap": "   0,32", "e": "N", "st": "Suplente"}, {"seq": "28", "n": "11000", "vap": "47", "pvap": "   0,24", "e": "N", "st": "Suplente"}, {"seq": "32", "n": "11234", "vap": "28", "pvap": "   0,14", "e": "N", "st": "Suplente"}, {"seq": "35", "n": "11121", "vap": "17", "pvap": "   0,09", "e": "N", "st": "Suplente"}, {"seq": "36", "n": "11999", "vap": "13", "pvap": "   0,07", "e": "N", "st": "Suplente"}, {"seq": "38", "n": "11123", "vap": "9", "pvap": "   0,05", "e": "N", "st": "Suplente"}]}]}