{"ele": "426", "carper": "13", "t": "1", "f": "O", "esae": "N", "mnae": " ", "dg": "15/11/2020", "hg": "22:14:57", "dv": "S", "nadf": "al28398-c0013-e000426-002-f", "abr": [{"dt": "15/11/2020", "ht": "20:02:18", "tf": "S", "and": "F", "tpabr": "MU", "cdabr": "28398", "s": "7", "st": "7", "snt": "0", "si": "7", "sni": "0", "sa": "7", "sna": "0", "pst": " 100,00", "psnt": "   0,00", "psi": " 100,00", "psni": "   0,00", "psa": " 100,00", "psna": "   0,00", "e": "2581", "ea": "2581", "ena": "0", "esi": "2581", "esni": "0", "c": "2244", "a": "337", "pea": " 100,00", "pena": "   0,00", "pesi": " 100,00", "pesni": "   0,00", "pa": "  13,06", "pc": "  86,94", "vscv": "0", "vnom": "1996", "vl": "117", "tv": "2244", "vvc": "2113", "vb": "21", "tvn": "110", "vn": "110", "vnt": "0", "vp": "0", "vv": "2113", "van": "0", "vansj": "0", "pvnom": "  94,46", "pvl": "   5,54", "pvvc": "  94,16", "pvb": "   0,94", "ptvn": "   4,90", "pvn": " 100,00", "pvnt": "   0,00", "pvp": "   0,00", "pvv": " 100,00", "pvan": "   0,00", "pvansj": "   0,00", "colig": [{"n": "20000084927", "tvtn": "972", "tvan": "972", "vag": "4", "tvtl": "67", "tval": "67"}, {"n": "20000133199", "tvtn": "1024", "tvan": "1024", "vag": "5", "tvtl": "50", "tval": "50"}], "part": [{"n": "14", "tvtn": "972", "tvan": "972", "tvtl": "67", "tval": "67"}, {"n": "40", "tvtn": "1024", "tvan": "1024", "tvtl": "50", "tval": "50"}], "cand": [{"seq": "15", "n": "14333", "vap": "35", "pvap": "   1,66", "e": "N", "st": "Suplente"}, {"seq": "17", "n": "14567", "vap": "8", "pvap": "   0,38", "e": "N", "st": "Suplente"}, {"seq": "19", "n": "14155", "vap": "3", "pvap": "   0,14", "e": "N", "st": "Suplente"}, {"seq": "2", "n": "14111", "vap": "232", "pvap": "  10,98", "e": "S", "st": "Eleito"}, {"seq": "12", "n": "14000", "vap": "57", "pvap": "   2,70", "e": "N", "st": "Suplente"}, {"seq": "4", "n": "14777", "vap": "181", "pvap": "   8,57", "e": "S", "st": "Eleito"}, {"seq": "1", "n": "14444", "vap": "312", "pvap": "  14,77", "e": "S", "st": "Eleito"}, {"seq": "14", "n": "14666", "vap": "37", "pvap": "   1,75", "e": "N", "st": "Suplente"}, {"seq": "9", "n": "14555", "vap": "99", "pvap": "   4,69", "e": "S", "st": "Eleito"}, {"seq": "18", "n": "14123", "vap": "8", "pvap": "   0,38", "e": "N", "st": "Suplente"}, {"seq": "6", "n": "40444", "vap": "147", "pvap": "   6,96", "e": "S", "st": "Eleito"}, {"seq": "7", "n": "40123", "vap": "113", "pvap": "   5,35", "e": "S", "st": "Eleito"}, {"seq": "10", "n": "40555", "vap": "106", "pvap": "   5,02", "e": "N", "st": "Suplente"}, {"seq": "3", "n": "40666", "vap": "227", "pvap": "  10,74", "e": "S", "st": "Eleito"}, {"seq": "16", "n": "40111", "vap": "34", "pvap": "   1,61", "e": "N", "st": "Suplente"}, {"seq": "5", "n": "40888", "vap": "148", "pvap": "   7,00", "e": "S", "st": "Eleito"}, {"seq": "8", "n": "40333", "vap": "108", "pvap": "   5,11", "e": "S", "st": "Eleito"}, {"seq": "13", "n": "40777", "vap": "45", "pvap": "   2,13", "e": "N", "st": "Suplente"}, {"seq": "11", "n": "40000", "vap": "96", "pvap": "   4,54", "e": "N", "st": "Suplente"}]}, {"dt": "15/11/2020", "ht": "20:02:18", "tf": "S", "and": "F", "tpabr": "ZONA", "cdabr": "5", "s": "7", "st": "7", "snt": "0", "si": "7", "sni": "0", "sa": "7", "sna": "0", "pst": " 100,00", "psnt": "   0,00", "psi": " 100,00", "psni": "   0,00", "psa": " 100,00", "psna": "   0,00", "e": "2581", "ea": "2581", "ena": "0", "esi": "2581", "esni": "0", "a": "337", "c": "2244", "pea": " 100,00", "pena": "   0,00", "pesi": " 100,00", "pesni": "   0,00", "pa": "  13,06", "pc": "  86,94", "vnom": "1996", "vscv": "0", "vl": "117", "tv": "2244", "vvc": "2113", "vb": "21", "tvn": "110", "vn": "110", "vnt": "0", "vp": "0", "vv": "2113", "van": "0", "vansj": "0", "pvnom": "  94,46", "pvl": "   5,54", "pvvc": "  94,16", "pvb": "   0,94", "ptvn": "   4,90", "pvn": " 100,00", "pvnt": "   0,00", "pvp": "   0,00", "pvv": " 100,00", "pvan": "   0,00", "pvansj": "   0,00", "cand": [{"seq": "1", "n": "14444", "vap": "312", "pvap": "  14,77", "e": "S", "st": "Eleito"}, {"seq": "2", "n": "14111", "vap": "232", "pvap": "  10,98", "e": "S", "st": "Eleito"}, {"seq": "4", "n": "14777", "vap": "181", "pvap": "   8,57", "e": "S", "st": "Eleito"}, {"seq": "9", "n": "14555", "vap": "99", "pvap": "   4,69", "e": "S", "st": "Eleito"}, {"seq": "12", "n": "14000", "vap": "57", "pvap": "   2,70", "e": "N", "st": "Suplente"}, {"seq": "14", "n": "14666", "vap": "37", "pvap": "   1,75", "e": "N", "st": "Suplente"}, {"seq": "15", "n": "14333", "vap": "35", "pvap": "   1,66", "e": "N", "st": "Suplente"}, {"seq": "17", "n": "14567", "vap": "8", "pvap": "   0,38", "e": "N", "st": "Suplente"}, {"seq": "18", "n": "14123", "vap": "8", "pvap": "   0,38", "e": "N", "st": "Suplente"}, {"seq": "19", "n": "14155", "vap": "3", "pvap": "   0,14", "e": "N", "st": "Suplente"}, {"seq": "3", "n": "40666", "vap": "227", "pvap": "  10,74", "e": "S", "st": "Eleito"}, {"seq": "5", "n": "40888", "vap": "148", "pvap": "   7,00", "e": "S", "st": "Eleito"}, {"seq": "6", "n": "40444", "vap": "147", "pvap": "   6,96", "e": "S", "st": "Eleito"}, {"seq": "7", "n": "40123", "vap": "113", "pvap": "   5,35", "e": "S", "st": "Eleito"}, {"seq": "8", "n": "40333", "vap": "108", "pvap": "   5,11", "e": "S", "st": "Eleito"}, {"seq": "10", "n": "40555", "vap": "106", "pvap": "   5,02", "e": "N", "st": "Suplente"}, {"seq": "11", "n": "40000", "vap": "96", "pvap": "   4,54", "e": "N", "st": "Suplente"}, {"seq": "13", "n": "40777", "vap": "45", "pvap": "   2,13", "e": "N", "st": "Suplente"}, {"seq": "16", "n": "40111", "vap": "34", "pvap": "   1,61", "e": "N", "st": "Suplente"}]}]}