{"ele": "426", "carper": "13", "t": "1", "f": "O", "esae": "N", "mnae": " ", "dg": "15/11/2020", "hg": "22:38:40", "dv": "S", "nadf": "al27065-c0013-e000426-002-f", "abr": [{"dt": "15/11/2020", "ht": "22:30:58", "tf": "S", "and": "F", "tpabr": "MU", "cdabr": "27065", "s": "20", "st": "20", "snt": "0", "si": "20", "sni": "0", "sa": "20", "sna": "0", "pst": " 100,00", "psnt": "   0,00", "psi": " 100,00", "psni": "   0,00", "psa": " 100,00", "psna": "   0,00", "e": "7765", "ea": "7765", "ena": "0", "esi": "7765", "esni": "0", "c": "6705", "a": "1060", "pea": " 100,00", "pena": "   0,00", "pesi": " 100,00", "pesni": "   0,00", "pa": "  13,65", "pc": "  86,35", "vscv": "0", "vnom": "6264", "vl": "276", "tv": "6705", "vvc": "6540", "vb": "45", "tvn": "120", "vn": "120", "vnt": "0", "vp": "0", "vv": "6540", "van": "0", "vansj": "0", "pvnom": "  95,78", "pvl": "   4,22", "pvvc": "  97,54", "pvb": "   0,67", "ptvn": "   1,79", "pvn": " 100,00", "pvnt": "   0,00", "pvp": "   0,00", "pvv": " 100,00", "pvan": "   0,00", "pvansj": "   0,00", "colig": [{"n": "20000061457", "tvtn": "1385", "tvan": "1385", "vag": "2", "tvtl": "100", "tval": "100"}, {"n": "20000063362", "tvtn": "1790", "tvan": "1790", "vag": "3", "tvtl": "39", "tval": "39"}, {"n": "20000128691", "tvtn": "140", "tvan": "140", "vag": "0", "tvtl": "8", "tval": "8"}, {"n": "20000145070", "tvtn": "906", "tvan": "906", "vag": "1", "tvtl": "6", "tval": "6"}, {"n": "20000128743", "tvtn": "71", "tvan": "71", "vag": "0", "tvtl": "11", "tval": "11"}, {"n": "20000145027", "tvtn": "1972", "tvan": "1972", "vag": "3", "tvtl": "112", "tval": "112"}], "part": [{"n": "11", "tvtn": "1385", "tvan": "1385", "tvtl": "100", "tval": "100"}, {"n": "22", "tvtn": "1790", "tvan": "1790", "tvtl": "39", "tval": "39"}, {"n": "40", "tvtn": "140", "tvan": "140", "tvtl": "8", "tval": "8"}, {"n": "55", "tvtn": "906", "tvan": "906", "tvtl": "6", "tval": "6"}, {"n": "45", "tvtn": "71", "tvan": "71", "tvtl": "11", "tval": "11"}, {"n": "10", "tvtn": "1972", "tvan": "1972", "tvtl": "112", "tval": "112"}], "cand": [{"seq": "37", "n": "11888", "vap": "6", "pvap": "   0,09", "e": "N", "st": "Suplente"}, {"seq": "8", "n": "11234", "vap": "327", "pvap": "   5,00", "e": "S", "st": "Eleito"}, {"seq": "36", "n": "11777", "vap": "6", "pvap": "   0,09", "e": "N", "st": "Suplente"}, {"seq": "38", "n": "11233", "vap": "5", "pvap": "   0,08", "e": "N", "st": "Suplente"}, {"seq": "43", "n": "11444", "vap": "0", "pvap": "00.00", "e": "N", "st": "Suplente"}, {"seq": "32", "n": "11999", "vap": "14", "pvap": "   0,21", "e": "N", "st": "Suplente"}, {"seq": "34", "n": "11456", "vap": "7", "pvap": "   0,11", "e": "N", "st": "Suplente"}, {"seq": "12", "n": "11222", "vap": "211", "pvap": "   3,23", "e": "N", "st": "Suplente"}, {"seq": "16", "n": "11555", "vap": "119", "pvap": "   1,82", "e": "N", "st": "Suplente"}, {"seq": "25", "n": "11333", "vap": "30", "pvap": "   0,46", "e": "N", "st": "Suplente"}, {"seq": "13", "n": "11666", "vap": "206", "pvap": "   3,15", "e": "N", "st": "Suplente"}, {"seq": "22", "n": "11123", "vap": "72", "pvap": "   1,10", "e": "N", "st": "Suplente"}, {"seq": "20", "n": "11000", "vap": "87", "pvap": "   1,33", "e": "N", "st": "Suplente"}, {"seq": "9", "n": "11111", "vap": "295", "pvap": "   4,51", "e": "S", "st": "Eleito"}, {"seq": "5", "n": "22000", "vap": "393", "pvap": "   6,01", "e": "S", "st": "Eleito"}, {"seq": "29", "n": "22345", "vap": "22", "pvap": "   0,34", "e": "N", "st": "Suplente"}, {"seq": "40", "n": "22789", "vap": "3", "pvap": "   0,05", "e": "N", "st": "Suplente"}, {"seq": "4", "n": "22222", "vap": "395", "pvap": "   6,04", "e": "S", "st": "Eleito"}, {"seq": "18", "n": "22333", "vap": "104", "pvap": "   1,59", "e": "N", "st": "Suplente"}, {"seq": "10", "n": "22022", "vap": "307", "pvap": "   4,69", "e": "N", "st": "Suplente"}, {"seq": "21", "n": "22111", "vap": "74", "pvap": "   1,13", "e": "N", "st": "Suplente"}, {"seq": "6", "n": "22123", "vap": "372", "pvap": "   5,69", "e": "S", "st": "Eleito"}, {"seq": "42", "n": "22555", "vap": "2", "pvap": "   0,03", "e": "N", "st": "Suplente"}, {"seq": "17", "n": "22456", "vap": "118", "pvap": "   1,80", "e": "N", "st": "Suplente"}, {"seq": "56", "n": "40000", "vap": "0", "pvap": "00.00", "e": "N", "st": "N\u00e3o eleito"}, {"seq": "47", "n": "40333", "vap": "16", "pvap": "   0,24", "e": "N", "st": "N\u00e3o eleito"}, {"seq": "44", "n": "40777", "vap": "64", "pvap": "   0,98", "e": "N", "st": "N\u00e3o eleito"}, {"seq": "53", "n": "40111", "vap": "1", "pvap": "   0,02", "e": "N", "st": "N\u00e3o eleito"}, {"seq": "51", "n": "40789", "vap": "11", "pvap": "   0,17", "e": "N", "st": "N\u00e3o eleito"}, {"seq": "55", "n": "40999", "vap": "0", "pvap": "00.00", "e": "N", "st": "N\u00e3o eleito"}, {"seq": "46", "n": "40555", "vap": "32", "pvap": "   0,49", "e": "N", "st": "N\u00e3o eleito"}, {"seq": "48", "n": "40222", "vap": "16", "pvap": "   0,24", "e": "N", "st": "N\u00e3o eleito"}, {"seq": "27", "n": "55123", "vap": "28", "pvap": "   0,43", "e": "N", "st": "Suplente"}, {"seq": "26", "n": "55222", "vap": "29", "pvap": "   0,44", "e": "N", "st": "Suplente"}, {"seq": "41", "n": "55111", "vap": "3", "pvap": "   0,05", "e": "N", "st": "Suplente"}, {"seq": "15", "n": "55000", "vap": "150", "pvap": "   2,29", "e": "N", "st": "Suplente"}, {"seq": "1", "n": "55555", "vap": "696", "pvap": "  10,64", "e": "S", "st": "Eleito"}, {"seq": "45", "n": "45333", "vap": "35", "pvap": "   0,54", "e": "N", "st": "N\u00e3o eleito"}, {"seq": "49", "n": "45555", "vap": "13", "pvap": "   0,20", "e": "N", "st": "N\u00e3o eleito"}, {"seq": "52", "n": "45123", "vap": "11", "pvap": "   0,17", "e": "N", "st": "N\u00e3o eleito"}, {"seq": "54", "n": "45111", "vap": "0", "pvap": "00.00", "e": "N", "st": "N\u00e3o eleito"}, {"seq": "50", "n": "45000", "vap": "12", "pvap": "   0,18", "e": "N", "st": "N\u00e3o eleito"}, {"seq": "7", "n": "10111", "vap": "330", "pvap": "   5,05", "e": "S", "st": "Eleito"}, {"seq": "31", "n": "10140", "vap": "15", "pvap": "   0,23", "e": "N", "st": "Suplente"}, {"seq": "2", "n": "10123", "vap": "524", "pvap": "   8,01", "e": "S", "st": "Eleito"}, {"seq": "28", "n": "10456", "vap": "26", "pvap": "   0,40", "e": "N", "st": "Suplente"}, {"seq": "3", "n": "10000", "vap": "401", "pvap": "   6,13", "e": "S", "st": "Eleito"}, {"seq": "33", "n": "10777", "vap": "9", "pvap": "   0,14", "e": "N", "st": "Suplente"}, {"seq": "23", "n": "10555", "vap": "34", "pvap": "   0,52", "e": "N", "st": "Suplente"}, {"seq": "30", "n": "10345", "vap": "21", "pvap": "   0,32", "e": "N", "st": "Suplente"}, {"seq": "19", "n": "10223", "vap": "95", "pvap": "   1,45", "e": "N", "st": "Suplente"}, {"seq": "39", "n": "10321", "vap": "4", "pvap": "   0,06", "e": "N", "st": "Suplente"}, {"seq": "11", "n": "10333", "vap": "283", "pvap": "   4,33", "e": "N", "st": "Suplente"}, {"seq": "14", "n": "10222", "vap": "192", "pvap": "   2,94", "e": "N", "st": "Suplente"}, {"seq": "35", "n": "10444", "vap": "6", "pvap": "   0,09", "e": "N", "st": "Suplente"}, {"seq": "24", "n": "10999", "vap": "32", "pvap": "   0,49", "e": "N", "st": "Suplente"}]}, {"dt": "15/11/2020", "ht": "22:30:58", "tf": "S", "and": "F", "tpabr": "ZONA", "cdabr": "18", "s": "20", "st": "20", "snt": "0", "si": "20", "sni": "0", "sa": "20", "sna": "0", "pst": " 100,00", "psnt": "   0,00", "psi": " 100,00", "psni": "   0,00", "psa": " 100,00", "psna": "   0,00", "e": "7765", "ea": "7765", "ena": "0", "esi": "7765", "esni": "0", "a": "1060", "c": "6705", "pea": " 100,00", "pena": "   0,00", "pesi": " 100,00", "pesni": "   0,00", "pa": "  13,65", "pc": "  86,35", "vnom": "6264", "vscv": "0", "vl": "276", "tv": "6705", "vvc": "6540", "vb": "45", "tvn": "120", "vn": "120", "vnt": "0", "vp": "0", "vv": "6540", "van": "0", "vansj": "0", "pvnom": "  95,78", "pvl": "   4,22", "pvvc": "  97,54", "pvb": "   0,67", "ptvn": "   1,79", "pvn": " 100,00", "pvnt": "   0,00", "pvp": "   0,00", "pvv": " 100,00", "pvan": "   0,00", "pvansj": "   0,00", "cand": [{"seq": "2", "n": "10123", "vap": "524", "pvap": "   8,01", "e": "S", "st": "Eleito"}, {"seq": "3", "n": "10000", "vap": "401", "pvap": "   6,13", "e": "S", "st": "Eleito"}, {"seq": "7", "n": "10111", "vap": "330", "pvap": "   5,05", "e": "S", "st": "Eleito"}, {"seq": "11", "n": "10333", "vap": "283", "pvap": "   4,33", "e": "N", "st": "Suplente"}, {"seq": "14", "n": "10222", "vap": "192", "pvap": "   2,94", "e": "N", "st": "Suplente"}, {"seq": "19", "n": "10223", "vap": "95", "pvap": "   1,45", "e": "N", "st": "Suplente"}, {"seq": "23", "n": "10555", "vap": "34", "pvap": "   0,52", "e": "N", "st": "Suplente"}, {"seq": "24", "n": "10999", "vap": "32", "pvap": "   0,49", "e": "N", "st": "Suplente"}, {"seq": "28", "n": "10456", "vap": "26", "pvap": "   0,40", "e": "N", "st": "Suplente"}, {"seq": "30", "n": "10345", "vap": "21", "pvap": "   0,32", "e": "N", "st": "Suplente"}, {"seq": "31", "n": "10140", "vap": "15", "pvap": "   0,23", "e": "N", "st": "Suplente"}, {"seq": "33", "n": "10777", "vap": "9", "pvap": "   0,14", "e": "N", "st": "Suplente"}, {"seq": "35", "n": "10444", "vap": "6", "pvap": "   0,09", "e": "N", "st": "Suplente"}, {"seq": "39", "n": "10321", "vap": "4", "pvap": "   0,06", "e": "N", "st": "Suplente"}, {"seq": "45", "n": "45333", "vap": "35", "pvap": "   0,54", "e": "N", "st": "N\u00e3o eleito"}, {"seq": "49", "n": "45555", "vap": "13", "pvap": "   0,20", "e": "N", "st": "N\u00e3o eleito"}, {"seq": "50", "n": "45000", "vap": "12", "pvap": "   0,18", "e": "N", "st": "N\u00e3o eleito"}, {"seq": "52", "n": "45123", "vap": "11", "pvap": "   0,17", "e": "N", "st": "N\u00e3o eleito"}, {"seq": "54", "n": "45111", "vap": "0", "pvap": "00.00", "e": "N", "st": "N\u00e3o eleito"}, {"seq": "4", "n": "22222", "vap": "395", "pvap": "   6,04", "e": "S", "st": "Eleito"}, {"seq": "5", "n": "22000", "vap": "393", "pvap": "   6,01", "e": "S", "st": "Eleito"}, {"seq": "6", "n": "22123", "vap": "372", "pvap": "   5,69", "e": "S", "st": "Eleito"}, {"seq": "10", "n": "22022", "vap": "307", "pvap": "   4,69", "e": "N", "st": "Suplente"}, {"seq": "17", "n": "22456", "vap": "118", "pvap": "   1,80", "e": "N", "st": "Suplente"}, {"seq": "18", "n": "22333", "vap": "104", "pvap": "   1,59", "e": "N", "st": "Suplente"}, {"seq": "21", "n": "22111", "vap": "74", "pvap": "   1,13", "e": "N", "st": "Suplente"}, {"seq": "29", "n": "22345", "vap": "22", "pvap": "   0,34", "e": "N", "st": "Suplente"}, {"seq": "40", "n": "22789", "vap": "3", "pvap": "   0,05", "e": "N", "st": "Suplente"}, {"seq": "42", "n": "22555", "vap": "2", "pvap": "   0,03", "e": "N", "st": "Suplente"}, {"seq": "8", "n": "11234", "vap": "327", "pvap": "   5,00", "e": "S", "st": "Eleito"}, {"seq": "9", "n": "11111", "vap": "295", "pvap": "   4,51", "e": "S", "st": "Eleito"}, {"seq": "12", "n": "11222", "vap": "211", "pvap": "   3,23", "e": "N", "st": "Suplente"}, {"seq": "13", "n": "11666", "vap": "206", "pvap": "   3,15", "e": "N", "st": "Suplente"}, {"seq": "16", "n": "11555", "vap": "119", "pvap": "   1,82", "e": "N", "st": "Suplente"}, {"seq": "20", "n": "11000", "vap": "87", "pvap": "   1,33", "e": "N", "st": "Suplente"}, {"seq": "22", "n": "11123", "vap": "72", "pvap": "   1,10", "e": "N", "st": "Suplente"}, {"seq": "25", "n": "11333", "vap": "30", "pvap": "   0,46", "e": "N", "st": "Suplente"}, {"seq": "32", "n": "11999", "vap": "14", "pvap": "   0,21", "e": "N", "st": "Suplente"}, {"seq": "34", "n": "11456", "vap": "7", "pvap": "   0,11", "e": "N", "st": "Suplente"}, {"seq": "36", "n": "11777", "vap": "6", "pvap": "   0,09", "e": "N", "st": "Suplente"}, {"seq": "37", "n": "11888", "vap": "6", "pvap": "   0,09", "e": "N", "st": "Suplente"}, {"seq": "38", "n": "11233", "vap": "5", "pvap": "   0,08", "e": "N", "st": "Suplente"}, {"seq": "43", "n": "11444", "vap": "0", "pvap": "00.00", "e": "N", "st": "Suplente"}, {"seq": "44", "n": "40777", "vap": "64", "pvap": "   0,98", "e": "N", "st": "N\u00e3o eleito"}, {"seq": "46", "n": "40555", "vap": "32", "pvap": "   0,49", "e": "N", "st": "N\u00e3o eleito"}, {"seq": "47", "n": "40333", "vap": "16", "pvap": "   0,24", "e": "N", "st": "N\u00e3o eleito"}, {"seq": "48", "n": "40222", "vap": "16", "pvap": "   0,24", "e": "N", "st": "N\u00e3o eleito"}, {"seq": "51", "n": "40789", "vap": "11", "pvap": "   0,17", "e": "N", "st": "N\u00e3o eleito"}, {"seq": "53", "n": "40111", "vap": "1", "pvap": "   0,02", "e": "N", "st": "N\u00e3o eleito"}, {"seq": "55", "n": "40999", "vap": "0", "pvap": "00.00", "e": "N", "st": "N\u00e3o eleito"}, {"seq": "56", "n": "40000", "vap": "0", "pvap": "00.00", "e": "N", "st": "N\u00e3o eleito"}, {"seq": "1", "n": "55555", "vap": "696", "pvap": "  10,64", "e": "S", "st": "Eleito"}, {"seq": "15", "n": "55000", "vap": "150", "pvap": "   2,29", "e": "N", "st": "Suplente"}, {"seq": "26", "n": "55222", "vap": "29", "pvap": "   0,44", "e": "N", "st": "Suplente"}, {"seq": "27", "n": "55123", "vap": "28", "pvap": "   0,43", "e": "N", "st": "Suplente"}, {"seq": "41", "n": "55111", "vap": "3", "pvap": "   0,05", "e": "N", "st": "Suplente"}]}]}