{"ele": "426", "carper": "13", "t": "1", "f": "O", "esae": "N", "mnae": " ", "dg": "15/11/2020", "hg": "22:14:52", "dv": "S", "nadf": "al27677-c0013-e000426-002-f", "abr": [{"dt": "15/11/2020", "ht": "20:13:54", "tf": "S", "and": "F", "tpabr": "MU", "cdabr": "27677", "s": "13", "st": "13", "snt": "0", "si": "13", "sni": "0", "sa": "13", "sna": "0", "pst": " 100,00", "psnt": "   0,00", "psi": " 100,00", "psni": "   0,00", "psa": " 100,00", "psna": "   0,00", "e": "4911", "ea": "4911", "ena": "0", "esi": "4911", "esni": "0", "c": "4167", "a": "744", "pea": " 100,00", "pena": "   0,00", "pesi": " 100,00", "pesni": "   0,00", "pa": "  15,15", "pc": "  84,85", "vscv": "0", "vnom": "3735", "vl": "230", "tv": "4167", "vvc": "3965", "vb": "19", "tvn": "183", "vn": "183", "vnt": "0", "vp": "0", "vv": "3965", "van": "0", "vansj": "0", "pvnom": "  94,20", "pvl": "   5,80", "pvvc": "  95,15", "pvb": "   0,46", "ptvn": "   4,39", "pvn": " 100,00", "pvnt": "   0,00", "pvp": "   0,00", "pvv": " 100,00", "pvan": "   0,00", "pvansj": "   0,00", "colig": [{"n": "20000075515", "tvtn": "2790", "tvan": "2790", "vag": "7", "tvtl": "130", "tval": "130"}, {"n": "20000145338", "tvtn": "945", "tvan": "945", "vag": "2", "tvtl": "100", "tval": "100"}], "part": [{"n": "15", "tvtn": "2790", "tvan": "2790", "tvtl": "130", "tval": "130"}, {"n": "10", "tvtn": "945", "tvan": "945", "tvtl": "100", "tval": "100"}], "cand": [{"seq": "4", "n": "15888", "vap": "305", "pvap": "   7,69", "e": "S", "st": "Eleito"}, {"seq": "1", "n": "15666", "vap": "559", "pvap": "  14,10", "e": "S", "st": "Eleito"}, {"seq": "20", "n": "15789", "vap": "4", "pvap": "   0,10", "e": "N", "st": "Suplente"}, {"seq": "17", "n": "15432", "vap": "6", "pvap": "   0,15", "e": "N", "st": "Suplente"}, {"seq": "9", "n": "15111", "vap": "235", "pvap": "   5,93", "e": "S", "st": "Eleito"}, {"seq": "16", "n": "15444", "vap": "8", "pvap": "   0,20", "e": "N", "st": "Suplente"}, {"seq": "14", "n": "15000", "vap": "129", "pvap": "   3,25", "e": "N", "st": "Suplente"}, {"seq": "2", "n": "15678", "vap": "334", "pvap": "   8,42", "e": "S", "st": "Eleito"}, {"seq": "3", "n": "15555", "vap": "316", "pvap": "   7,97", "e": "S", "st": "Eleito"}, {"seq": "8", "n": "15222", "vap": "249", "pvap": "   6,28", "e": "S", "st": "Eleito"}, {"seq": "10", "n": "15123", "vap": "202", "pvap": "   5,09", "e": "N", "st": "Suplente"}, {"seq": "6", "n": "15999", "vap": "262", "pvap": "   6,61", "e": "S", "st": "Eleito"}, {"seq": "13", "n": "15777", "vap": "181", "pvap": "   4,56", "e": "N", "st": "Suplente"}, {"seq": "5", "n": "10888", "vap": "281", "pvap": "   7,09", "e": "S", "st": "Eleito"}, {"seq": "21", "n": "10777", "vap": "3", "pvap": "   0,08", "e": "N", "st": "Suplente"}, {"seq": "7", "n": "10000", "vap": "253", "pvap": "   6,38", "e": "S", "st": "Eleito"}, {"seq": "11", "n": "10222", "vap": "195", "pvap": "   4,92", "e": "N", "st": "Suplente"}, {"seq": "19", "n": "10111", "vap": "6", "pvap": "   0,15", "e": "N", "st": "Suplente"}, {"seq": "15", "n": "10333", "vap": "9", "pvap": "   0,23", "e": "N", "st": "Suplente"}, {"seq": "12", "n": "10999", "vap": "191", "pvap": "   4,82", "e": "N", "st": "Suplente"}, {"seq": "22", "n": "10555", "vap": "1", "pvap": "   0,03", "e": "N", "st": "Suplente"}, {"seq": "18", "n": "10123", "vap": "6", "pvap": "   0,15", "e": "N", "st": "Suplente"}]}, {"dt": "15/11/2020", "ht": "20:13:54", "tf": "S", "and": "F", "tpabr": "ZONA", "cdabr": "29", "s": "13", "st": "13", "snt": "0", "si": "13", "sni": "0", "sa": "13", "sna": "0", "pst": " 100,00", "psnt": "   0,00", "psi": " 100,00", "psni": "   0,00", "psa": " 100,00", "psna": "   0,00", "e": "4911", "ea": "4911", "ena": "0", "esi": "4911", "esni": "0", "a": "744", "c": "4167", "pea": " 100,00", "pena": "   0,00", "pesi": " 100,00", "pesni": "   0,00", "pa": "  15,15", "pc": "  84,85", "vnom": "3735", "vscv": "0", "vl": "230", "tv": "4167", "vvc": "3965", "vb": "19", "tvn": "183", "vn": "183", "vnt": "0", "vp": "0", "vv": "3965", "van": "0", "vansj": "0", "pvnom": "  94,20", "pvl": "   5,80", "pvvc": "  95,15", "pvb": "   0,46", "ptvn": "   4,39", "pvn": " 100,00", "pvnt": "   0,00", "pvp": "   0,00", "pvv": " 100,00", "pvan": "   0,00", "pvansj": "   0,00", "cand": [{"seq": "1", "n": "15666", "vap": "559", "pvap": "  14,10", "e": "S", "st": "Eleito"}, {"seq": "2", "n": "15678", "vap": "334", "pvap": "   8,42", "e": "S", "st": "Eleito"}, {"seq": "3", "n": "15555", "vap": "316", "pvap": "   7,97", "e": "S", "st": "Eleito"}, {"seq": "4", "n": "15888", "vap": "305", "pvap": "   7,69", "e": "S", "st": "Eleito"}, {"seq": "6", "n": "15999", "vap": "262", "pvap": "   6,61", "e": "S", "st": "Eleito"}, {"seq": "8", "n": "15222", "vap": "249", "pvap": "   6,28", "e": "S", "st": "Eleito"}, {"seq": "9", "n": "15111", "vap": "235", "pvap": "   5,93", "e": "S", "st": "Eleito"}, {"seq": "10", "n": "15123", "vap": "202", "pvap": "   5,09", "e": "N", "st": "Suplente"}, {"seq": "13", "n": "15777", "vap": "181", "pvap": "   4,56", "e": "N", "st": "Suplente"}, {"seq": "14", "n": "15000", "vap": "129", "pvap": "   3,25", "e": "N", "st": "Suplente"}, {"seq": "16", "n": "15444", "vap": "8", "pvap": "   0,20", "e": "N", "st": "Suplente"}, {"seq": "17", "n": "15432", "vap": "6", "pvap": "   0,15", "e": "N", "st": "Suplente"}, {"seq": "20", "n": "15789", "vap": "4", "pvap": "   0,10", "e": "N", "st": "Suplente"}, {"seq": "5", "n": "10888", "vap": "281", "pvap": "   7,09", "e": "S", "st": "Eleito"}, {"seq": "7", "n": "10000", "vap": "253", "pvap": "   6,38", "e": "S", "st": "Eleito"}, {"seq": "11", "n": "10222", "vap": "195", "pvap": "   4,92", "e": "N", "st": "Suplente"}, {"seq": "12", "n": "10999", "vap": "191", "pvap": "   4,82", "e": "N", "st": "Suplente"}, {"seq": "15", "n": "10333", "vap": "9", "pvap": "   0,23", "e": "N", "st": "Suplente"}, {"seq": "18", "n": "10123", "vap": "6", "pvap": "   0,15", "e": "N", "st": "Suplente"}, {"seq": "19", "n": "10111", "vap": "6", "pvap": "   0,15", "e": "N", "st": "Suplente"}, {"seq": "21", "n": "10777", "vap": "3", "pvap": "   0,08", "e": "N", "st": "Suplente"}, {"seq": "22", "n": "10555", "vap": "1", "pvap": "   0,03", "e": "N", "st": "Suplente"}]}]}