{"ele": "426", "carper": "13", "t": "1", "f": "O", "esae": "N", "mnae": " ", "dg": "15/11/2020", "hg": "22:14:50", "dv": "S", "nadf": "al28614-c0013-e000426-003-f", "abr": [{"dt": "15/11/2020", "ht": "21:12:28", "tf": "S", "and": "F", "tpabr": "MU", "cdabr": "28614", "s": "22", "st": "22", "snt": "0", "si": "22", "sni": "0", "sa": "22", "sna": "0", "pst": " 100,00", "psnt": "   0,00", "psi": " 100,00", "psni": "   0,00", "psa": " 100,00", "psna": "   0,00", "e": "8614", "ea": "8614", "ena": "0", "esi": "8614", "esni": "0", "c": "6960", "a": "1654", "pea": " 100,00", "pena": "   0,00", "pesi": " 100,00", "pesni": "   0,00", "pa": "  19,20", "pc": "  80,80", "vscv": "0", "vnom": "6196", "vl": "270", "tv": "6960", "vvc": "6466", "vb": "85", "tvn": "409", "vn": "405", "vnt": "4", "vp": "0", "vv": "6466", "van": "0", "vansj": "0", "pvnom": "  95,82", "pvl": "   4,18", "pvvc": "  92,90", "pvb": "   1,22", "ptvn": "   5,88", "pvn": "  99,02", "pvnt": "   0,98", "pvp": "   0,00", "pvv": " 100,00", "pvan": "   0,00", "pvansj": "   0,00", "colig": [{"n": "20000146360", "tvtn": "2180", "tvan": "2180", "vag": "4", "tvtl": "187", "tval": "187"}, {"n": "20000146276", "tvtn": "948", "tvan": "948", "vag": "1", "tvtl": "19", "tval": "19"}, {"n": "20000145837", "tvtn": "1140", "tvan": "1144", "vag": "1", "tvtl": "27", "tval": "27"}, {"n": "20000145736", "tvtn": "1928", "tvan": "1928", "vag": "3", "tvtl": "37", "tval": "37"}], "part": [{"n": "15", "tvtn": "2180", "tvan": "2180", "tvtl": "187", "tval": "187"}, {"n": "33", "tvtn": "948", "tvan": "948", "tvtl": "19", "tval": "19"}, {"n": "14", "tvtn": "1140", "tvan": "1140", "tvtl": "27", "tval": "27"}, {"n": "40", "tvtn": "1928", "tvan": "1928", "tvtl": "37", "tval": "37"}], "cand": [{"seq": "8", "n": "15111", "vap": "312", "pvap": "   4,83", "e": "S", "st": "Eleito"}, {"seq": "15", "n": "15444", "vap": "199", "pvap": "   3,08", "e": "N", "st": "Suplente"}, {"seq": "9", "n": "15000", "vap": "255", "pvap": "   3,94", "e": "S", "st": "Eleito"}, {"seq": "5", "n": "15777", "vap": "383", "pvap": "   5,92", "e": "S", "st": "Eleito"}, {"seq": "19", "n": "15222", "vap": "106", "pvap": "   1,64", "e": "N", "st": "Suplente"}, {"seq": "35", "n": "15789", "vap": "10", "pvap": "   0,15", "e": "N", "st": "Suplente"}, {"seq": "3", "n": "15666", "vap": "441", "pvap": "   6,82", "e": "S", "st": "Eleito"}, {"seq": "24", "n": "15123", "vap": "41", "pvap": "   0,63", "e": "N", "st": "Suplente"}, {"seq": "22", "n": "15999", "vap": "67", "pvap": "   1,04", "e": "N", "st": "Suplente"}, {"seq": "18", "n": "15456", "vap": "126", "pvap": "   1,95", "e": "N", "st": "Suplente"}, {"seq": "16", "n": "15555", "vap": "169", "pvap": "   2,61", "e": "N", "st": "Suplente"}, {"seq": "21", "n": "15333", "vap": "71", "pvap": "   1,10", "e": "N", "st": "Suplente"}, {"seq": "26", "n": "33777", "vap": "28", "pvap": "   0,43", "e": "N", "st": "Suplente"}, {"seq": "4", "n": "33222", "vap": "432", "pvap": "   6,68", "e": "S", "st": "Eleito"}, {"seq": "10", "n": "33333", "vap": "383", "pvap": "   5,92", "e": "N", "st": "Suplente"}, {"seq": "36", "n": "33355", "vap": "8", "pvap": "   0,12", "e": "N", "st": "Suplente"}, {"seq": "30", "n": "33000", "vap": "16", "pvap": "   0,25", "e": "N", "st": "Suplente"}, {"seq": "23", "n": "33666", "vap": "56", "pvap": "   0,87", "e": "N", "st": "Suplente"}, {"seq": "32", "n": "33111", "vap": "13", "pvap": "   0,20", "e": "N", "st": "Suplente"}, {"seq": "34", "n": "33555", "vap": "12", "pvap": "   0,19", "e": "N", "st": "Suplente"}, {"seq": "28", "n": "14222", "vap": "17", "pvap": "   0,26", "e": "N", "st": "Suplente"}, {"seq": "31", "n": "14666", "vap": "16", "pvap": "   0,25", "e": "N", "st": "Suplente"}, {"seq": "11", "n": "14333", "vap": "262", "pvap": "   4,05", "e": "N", "st": "Suplente"}, {"seq": "6", "n": "14111", "vap": "353", "pvap": "   5,46", "e": "S", "st": "Eleito"}, {"seq": "17", "n": "14555", "vap": "163", "pvap": "   2,52", "e": "N", "st": "Suplente"}, {"seq": "12", "n": "14444", "vap": "238", "pvap": "   3,68", "e": "N", "st": "Suplente"}, {"seq": "20", "n": "14777", "vap": "91", "pvap": "   1,41", "e": "N", "st": "Suplente"}, {"seq": "33", "n": "40123", "vap": "12", "pvap": "   0,19", "e": "N", "st": "Suplente"}, {"seq": "14", "n": "40444", "vap": "216", "pvap": "   3,34", "e": "N", "st": "Suplente"}, {"seq": "2", "n": "40000", "vap": "465", "pvap": "   7,19", "e": "S", "st": "Eleito"}, {"seq": "27", "n": "40333", "vap": "21", "pvap": "   0,32", "e": "N", "st": "Suplente"}, {"seq": "29", "n": "40999", "vap": "17", "pvap": "   0,26", "e": "N", "st": "Suplente"}, {"seq": "25", "n": "40666", "vap": "40", "pvap": "   0,62", "e": "N", "st": "Suplente"}, {"seq": "1", "n": "40555", "vap": "614", "pvap": "   9,50", "e": "S", "st": "Eleito"}, {"seq": "37", "n": "40888", "vap": "6", "pvap": "   0,09", "e": "N", "st": "Suplente"}, {"seq": "7", "n": "40222", "vap": "314", "pvap": "   4,86", "e": "S", "st": "Eleito"}, {"seq": "13", "n": "40111", "vap": "217", "pvap": "   3,36", "e": "N", "st": "Suplente"}, {"seq": "38", "n": "40777", "vap": "6", "pvap": "   0,09", "e": "N", "st": "Suplente"}]}, {"dt": "15/11/2020", "ht": "21:12:28", "tf": "S", "and": "F", "tpabr": "ZONA", "cdabr": "21", "s": "22", "st": "22", "snt": "0", "si": "22", "sni": "0", "sa": "22", "sna": "0", "pst": " 100,00", "psnt": "   0,00", "psi": " 100,00", "psni": "   0,00", "psa": " 100,00", "psna": "   0,00", "e": "8614", "ea": "8614", "ena": "0", "esi": "8614", "esni": "0", "a": "1654", "c": "6960", "pea": " 100,00", "pena": "   0,00", "pesi": " 100,00", "pesni": "   0,00", "pa": "  19,20", "pc": "  80,80", "vnom": "6196", "vscv": "0", "vl": "270", "tv": "6960", "vvc": "6466", "vb": "85", "tvn": "409", "vn": "405", "vnt": "4", "vp": "0", "vv": "6466", "van": "0", "vansj": "0", "pvnom": "  95,82", "pvl": "   4,18", "pvvc": "  92,90", "pvb": "   1,22", "ptvn": "   5,88", "pvn": "  99,02", "pvnt": "   0,98", "pvp": "   0,00", "pvv": " 100,00", "pvan": "   0,00", "pvansj": "   0,00", "cand": [{"seq": "1", "n": "40555", "vap": "614", "pvap": "   9,50", "e": "S", "st": "Eleito"}, {"seq": "2", "n": "40000", "vap": "465", "pvap": "   7,19", "e": "S", "st": "Eleito"}, {"seq": "7", "n": "40222", "vap": "314", "pvap": "   4,86", "e": "S", "st": "Eleito"}, {"seq": "13", "n": "40111", "vap": "217", "pvap": "   3,36", "e": "N", "st": "Suplente"}, {"seq": "14", "n": "40444", "vap": "216", "pvap": "   3,34", "e": "N", "st": "Suplente"}, {"seq": "25", "n": "40666", "vap": "40", "pvap": "   0,62", "e": "N", "st": "Suplente"}, {"seq": "27", "n": "40333", "vap": "21", "pvap": "   0,32", "e": "N", "st": "Suplente"}, {"seq": "29", "n": "40999", "vap": "17", "pvap": "   0,26", "e": "N", "st": "Suplente"}, {"seq": "33", "n": "40123", "vap": "12", "pvap": "   0,19", "e": "N", "st": "Suplente"}, {"seq": "37", "n": "40888", "vap": "6", "pvap": "   0,09", "e": "N", "st": "Suplente"}, {"seq": "38", "n": "40777", "vap": "6", "pvap": "   0,09", "e": "N", "st": "Suplente"}, {"seq": "3", "n": "15666", "vap": "441", "pvap": "   6,82", "e": "S", "st": "Eleito"}, {"seq": "5", "n": "15777", "vap": "383", "pvap": "   5,92", "e": "S", "st": "Eleito"}, {"seq": "8", "n": "15111", "vap": "312", "pvap": "   4,83", "e": "S", "st": "Eleito"}, {"seq": "9", "n": "15000", "vap": "255", "pvap": "   3,94", "e": "S", "st": "Eleito"}, {"seq": "15", "n": "15444", "vap": "199", "pvap": "   3,08", "e": "N", "st": "Suplente"}, {"seq": "16", "n": "15555", "vap": "169", "pvap": "   2,61", "e": "N", "st": "Suplente"}, {"seq": "18", "n": "15456", "vap": "126", "pvap": "   1,95", "e": "N", "st": "Suplente"}, {"seq": "19", "n": "15222", "vap": "106", "pvap": "   1,64", "e": "N", "st": "Suplente"}, {"seq": "21", "n": "15333", "vap": "71", "pvap": "   1,10", "e": "N", "st": "Suplente"}, {"seq": "22", "n": "15999", "vap": "67", "pvap": "   1,04", "e": "N", "st": "Suplente"}, {"seq": "24", "n": "15123", "vap": "41", "pvap": "   0,63", "e": "N", "st": "Suplente"}, {"seq": "35", "n": "15789", "vap": "10", "pvap": "   0,15", "e": "N", "st": "Suplente"}, {"seq": "6", "n": "14111", "vap": "353", "pvap": "   5,46", "e": "S", "st": "Eleito"}, {"seq": "11", "n": "14333", "vap": "262", "pvap": "   4,05", "e": "N", "st": "Suplente"}, {"seq": "12", "n": "14444", "vap": "238", "pvap": "   3,68", "e": "N", "st": "Suplente"}, {"seq": "17", "n": "14555", "vap": "163", "pvap": "   2,52", "e": "N", "st": "Suplente"}, {"seq": "20", "n": "14777", "vap": "91", "pvap": "   1,41", "e": "N", "st": "Suplente"}, {"seq": "28", "n": "14222", "vap": "17", "pvap": "   0,26", "e": "N", "st": "Suplente"}, {"seq": "31", "n": "14666", "vap": "16", "pvap": "   0,25", "e": "N", "st": "Suplente"}, {"seq": "4", "n": "33222", "vap": "432", "pvap": "   6,68", "e": "S", "st": "Eleito"}, {"seq": "10", "n": "33333", "vap": "383", "pvap": "   5,92", "e": "N", "st": "Suplente"}, {"seq": "23", "n": "33666", "vap": "56", "pvap": "   0,87", "e": "N", "st": "Suplente"}, {"seq": "26", "n": "33777", "vap": "28", "pvap": "   0,43", "e": "N", "st": "Suplente"}, {"seq": "30", "n": "33000", "vap": "16", "pvap": "   0,25", "e": "N", "st": "Suplente"}, {"seq": "32", "n": "33111", "vap": "13", "pvap": "   0,20", "e": "N", "st": "Suplente"}, {"seq": "34", "n": "33555", "vap": "12", "pvap": "   0,19", "e": "N", "st": "Suplente"}, {"seq": "36", "n": "33355", "vap": "8", "pvap": "   0,12", "e": "N", "st": "Suplente"}]}]}