{"ele": "426", "carper": "13", "t": "1", "f": "O", "esae": "N", "mnae": " ", "dg": "15/11/2020", "hg": "22:14:56", "dv": "S", "nadf": "al28070-c0013-e000426-003-f", "abr": [{"dt": "15/11/2020", "ht": "21:25:03", "tf": "S", "and": "F", "tpabr": "MU", "cdabr": "28070", "s": "15", "st": "15", "snt": "0", "si": "15", "sni": "0", "sa": "15", "sna": "0", "pst": " 100,00", "psnt": "   0,00", "psi": " 100,00", "psni": "   0,00", "psa": " 100,00", "psna": "   0,00", "e": "5781", "ea": "5781", "ena": "0", "esi": "5781", "esni": "0", "c": "4585", "a": "1196", "pea": " 100,00", "pena": "   0,00", "pesi": " 100,00", "pesni": "   0,00", "pa": "  20,69", "pc": "  79,31", "vscv": "0", "vnom": "4116", "vl": "311", "tv": "4585", "vvc": "4427", "vb": "41", "tvn": "117", "vn": "117", "vnt": "0", "vp": "0", "vv": "4427", "van": "0", "vansj": "0", "pvnom": "  92,97", "pvl": "   7,03", "pvvc": "  96,55", "pvb": "   0,90", "ptvn": "   2,55", "pvn": " 100,00", "pvnt": "   0,00", "pvp": "   0,00", "pvv": " 100,00", "pvan": "   0,00", "pvansj": "   0,00", "colig": [{"n": "20000108629", "tvtn": "1074", "tvan": "1074", "vag": "2", "tvtl": "28", "tval": "28"}, {"n": "20000075436", "tvtn": "479", "tvan": "479", "vag": "1", "tvtl": "100", "tval": "100"}, {"n": "20000106800", "tvtn": "1039", "tvan": "1039", "vag": "3", "tvtl": "124", "tval": "124"}, {"n": "20000130758", "tvtn": "47", "tvan": "47", "vag": "0", "tvtl": "7", "tval": "7"}, {"n": "20000075351", "tvtn": "454", "tvan": "454", "vag": "1", "tvtl": "18", "tval": "18"}, {"n": "20000075764", "tvtn": "1023", "tvan": "1023", "vag": "2", "tvtl": "34", "tval": "34"}], "part": [{"n": "25", "tvtn": "1074", "tvan": "1074", "tvtl": "28", "tval": "28"}, {"n": "11", "tvtn": "479", "tvan": "479", "tvtl": "100", "tval": "100"}, {"n": "22", "tvtn": "1039", "tvan": "1039", "tvtl": "124", "tval": "124"}, {"n": "55", "tvtn": "47", "tvan": "47", "tvtl": "7", "tval": "7"}, {"n": "14", "tvtn": "454", "tvan": "454", "tvtl": "18", "tval": "18"}, {"n": "77", "tvtn": "1023", "tvan": "1023", "tvtl": "34", "tval": "34"}], "cand": [{"seq": "35", "n": "25444", "vap": "7", "pvap": "   0,16", "e": "N", "st": "Suplente"}, {"seq": "20", "n": "25456", "vap": "85", "pvap": "   1,92", "e": "N", "st": "Suplente"}, {"seq": "41", "n": "25555", "vap": "4", "pvap": "   0,09", "e": "N", "st": "Suplente"}, {"seq": "1", "n": "25222", "vap": "275", "pvap": "   6,21", "e": "S", "st": "Eleito"}, {"seq": "13", "n": "25123", "vap": "144", "pvap": "   3,25", "e": "N", "st": "Suplente"}, {"seq": "44", "n": "25221", "vap": "3", "pvap": "   0,07", "e": "N", "st": "Suplente"}, {"seq": "4", "n": "25678", "vap": "260", "pvap": "   5,87", "e": "S", "st": "Eleito"}, {"seq": "10", "n": "25000", "vap": "227", "pvap": "   5,13", "e": "N", "st": "Suplente"}, {"seq": "24", "n": "25622", "vap": "69", "pvap": "   1,56", "e": "N", "st": "Suplente"}, {"seq": "21", "n": "11000", "vap": "78", "pvap": "   1,76", "e": "N", "st": "Suplente"}, {"seq": "39", "n": "11333", "vap": "4", "pvap": "   0,09", "e": "N", "st": "Suplente"}, {"seq": "34", "n": "11123", "vap": "11", "pvap": "   0,25", "e": "N", "st": "Suplente"}, {"seq": "3", "n": "11111", "vap": "269", "pvap": "   6,08", "e": "S", "st": "Eleito"}, {"seq": "30", "n": "11222", "vap": "19", "pvap": "   0,43", "e": "N", "st": "Suplente"}, {"seq": "36", "n": "11555", "vap": "6", "pvap": "   0,14", "e": "N", "st": "Suplente"}, {"seq": "19", "n": "11444", "vap": "92", "pvap": "   2,08", "e": "N", "st": "Suplente"}, {"seq": "40", "n": "22666", "vap": "4", "pvap": "   0,09", "e": "N", "st": "Suplente"}, {"seq": "29", "n": "22345", "vap": "20", "pvap": "   0,45", "e": "N", "st": "Suplente"}, {"seq": "26", "n": "22123", "vap": "63", "pvap": "   1,42", "e": "N", "st": "Suplente"}, {"seq": "7", "n": "22444", "vap": "164", "pvap": "   3,70", "e": "S", "st": "Eleito"}, {"seq": "16", "n": "22122", "vap": "105", "pvap": "   2,37", "e": "N", "st": "Suplente"}, {"seq": "14", "n": "22000", "vap": "126", "pvap": "   2,85", "e": "N", "st": "Suplente"}, {"seq": "47", "n": "22789", "vap": "0", "pvap": "00.00", "e": "N", "st": "Suplente"}, {"seq": "15", "n": "22111", "vap": "115", "pvap": "   2,60", "e": "N", "st": "Suplente"}, {"seq": "8", "n": "22222", "vap": "158", "pvap": "   3,57", "e": "S", "st": "Eleito"}, {"seq": "27", "n": "22333", "vap": "59", "pvap": "   1,33", "e": "N", "st": "Suplente"}, {"seq": "45", "n": "22999", "vap": "3", "pvap": "   0,07", "e": "N", "st": "Suplente"}, {"seq": "5", "n": "22777", "vap": "222", "pvap": "   5,01", "e": "S", "st": "Eleito"}, {"seq": "48", "n": "55555", "vap": "17", "pvap": "   0,38", "e": "N", "st": "N\u00e3o eleito"}, {"seq": "51", "n": "55678", "vap": "8", "pvap": "   0,18", "e": "N", "st": "N\u00e3o eleito"}, {"seq": "49", "n": "55888", "vap": "12", "pvap": "   0,27", "e": "N", "st": "N\u00e3o eleito"}, {"seq": "50", "n": "55123", "vap": "10", "pvap": "   0,23", "e": "N", "st": "N\u00e3o eleito"}, {"seq": "33", "n": "14333", "vap": "14", "pvap": "   0,32", "e": "N", "st": "Suplente"}, {"seq": "17", "n": "14666", "vap": "102", "pvap": "   2,30", "e": "N", "st": "Suplente"}, {"seq": "28", "n": "14444", "vap": "40", "pvap": "   0,90", "e": "N", "st": "Suplente"}, {"seq": "43", "n": "14555", "vap": "4", "pvap": "   0,09", "e": "N", "st": "Suplente"}, {"seq": "46", "n": "14999", "vap": "2", "pvap": "   0,05", "e": "N", "st": "Suplente"}, {"seq": "42", "n": "14567", "vap": "4", "pvap": "   0,09", "e": "N", "st": "Suplente"}, {"seq": "22", "n": "14123", "vap": "75", "pvap": "   1,69", "e": "N", "st": "Suplente"}, {"seq": "32", "n": "14222", "vap": "15", "pvap": "   0,34", "e": "N", "st": "Suplente"}, {"seq": "31", "n": "14111", "vap": "18", "pvap": "   0,41", "e": "N", "st": "Suplente"}, {"seq": "9", "n": "14000", "vap": "109", "pvap": "   2,46", "e": "S", "st": "Eleito"}, {"seq": "23", "n": "14777", "vap": "71", "pvap": "   1,60", "e": "N", "st": "Suplente"}, {"seq": "37", "n": "77333", "vap": "5", "pvap": "   0,11", "e": "N", "st": "Suplente"}, {"seq": "38", "n": "77666", "vap": "5", "pvap": "   0,11", "e": "N", "st": "Suplente"}, {"seq": "11", "n": "77777", "vap": "195", "pvap": "   4,40", "e": "N", "st": "Suplente"}, {"seq": "12", "n": "77999", "vap": "164", "pvap": "   3,70", "e": "N", "st": "Suplente"}, {"seq": "18", "n": "77111", "vap": "96", "pvap": "   2,17", "e": "N", "st": "Suplente"}, {"seq": "6", "n": "77000", "vap": "220", "pvap": "   4,97", "e": "S", "st": "Eleito"}, {"seq": "25", "n": "77555", "vap": "65", "pvap": "   1,47", "e": "N", "st": "Suplente"}, {"seq": "2", "n": "77888", "vap": "273", "pvap": "   6,17", "e": "S", "st": "Eleito"}]}, {"dt": "15/11/2020", "ht": "21:25:03", "tf": "S", "and": "F", "tpabr": "ZONA", "cdabr": "29", "s": "15", "st": "15", "snt": "0", "si": "15", "sni": "0", "sa": "15", "sna": "0", "pst": " 100,00", "psnt": "   0,00", "psi": " 100,00", "psni": "   0,00", "psa": " 100,00", "psna": "   0,00", "e": "5781", "ea": "5781", "ena": "0", "esi": "5781", "esni": "0", "a": "1196", "c": "4585", "pea": " 100,00", "pena": "   0,00", "pesi": " 100,00", "pesni": "   0,00", "pa": "  20,69", "pc": "  79,31", "vnom": "4116", "vscv": "0", "vl": "311", "tv": "4585", "vvc": "4427", "vb": "41", "tvn": "117", "vn": "117", "vnt": "0", "vp": "0", "vv": "4427", "van": "0", "vansj": "0", "pvnom": "  92,97", "pvl": "   7,03", "pvvc": "  96,55", "pvb": "   0,90", "ptvn": "   2,55", "pvn": " 100,00", "pvnt": "   0,00", "pvp": "   0,00", "pvv": " 100,00", "pvan": "   0,00", "pvansj": "   0,00", "cand": [{"seq": "3", "n": "11111", "vap": "269", "pvap": "   6,08", "e": "S", "st": "Eleito"}, {"seq": "19", "n": "11444", "vap": "92", "pvap": "   2,08", "e": "N", "st": "Suplente"}, {"seq": "21", "n": "11000", "vap": "78", "pvap": "   1,76", "e": "N", "st": "Suplente"}, {"seq": "30", "n": "11222", "vap": "19", "pvap": "   0,43", "e": "N", "st": "Suplente"}, {"seq": "34", "n": "11123", "vap": "11", "pvap": "   0,25", "e": "N", "st": "Suplente"}, {"seq": "36", "n": "11555", "vap": "6", "pvap": "   0,14", "e": "N", "st": "Suplente"}, {"seq": "39", "n": "11333", "vap": "4", "pvap": "   0,09", "e": "N", "st": "Suplente"}, {"seq": "1", "n": "25222", "vap": "275", "pvap": "   6,21", "e": "S", "st": "Eleito"}, {"seq": "4", "n": "25678", "vap": "260", "pvap": "   5,87", "e": "S", "st": "Eleito"}, {"seq": "10", "n": "25000", "vap": "227", "pvap": "   5,13", "e": "N", "st": "Suplente"}, {"seq": "13", "n": "25123", "vap": "144", "pvap": "   3,25", "e": "N", "st": "Suplente"}, {"seq": "20", "n": "25456", "vap": "85", "pvap": "   1,92", "e": "N", "st": "Suplente"}, {"seq": "24", "n": "25622", "vap": "69", "pvap": "   1,56", "e": "N", "st": "Suplente"}, {"seq": "35", "n": "25444", "vap": "7", "pvap": "   0,16", "e": "N", "st": "Suplente"}, {"seq": "41", "n": "25555", "vap": "4", "pvap": "   0,09", "e": "N", "st": "Suplente"}, {"seq": "44", "n": "25221", "vap": "3", "pvap": "   0,07", "e": "N", "st": "Suplente"}, {"seq": "48", "n": "55555", "vap": "17", "pvap": "   0,38", "e": "N", "st": "N\u00e3o eleito"}, {"seq": "49", "n": "55888", "vap": "12", "pvap": "   0,27", "e": "N", "st": "N\u00e3o eleito"}, {"seq": "50", "n": "55123", "vap": "10", "pvap": "   0,23", "e": "N", "st": "N\u00e3o eleito"}, {"seq": "51", "n": "55678", "vap": "8", "pvap": "   0,18", "e": "N", "st": "N\u00e3o eleito"}, {"seq": "5", "n": "22777", "vap": "222", "pvap": "   5,01", "e": "S", "st": "Eleito"}, {"seq": "7", "n": "22444", "vap": "164", "pvap": "   3,70", "e": "S", "st": "Eleito"}, {"seq": "8", "n": "22222", "vap": "158", "pvap": "   3,57", "e": "S", "st": "Eleito"}, {"seq": "14", "n": "22000", "vap": "126", "pvap": "   2,85", "e": "N", "st": "Suplente"}, {"seq": "15", "n": "22111", "vap": "115", "pvap": "   2,60", "e": "N", "st": "Suplente"}, {"seq": "16", "n": "22122", "vap": "105", "pvap": "   2,37", "e": "N", "st": "Suplente"}, {"seq": "26", "n": "22123", "vap": "63", "pvap": "   1,42", "e": "N", "st": "Suplente"}, {"seq": "27", "n": "22333", "vap": "59", "pvap": "   1,33", "e": "N", "st": "Suplente"}, {"seq": "29", "n": "22345", "vap": "20", "pvap": "   0,45", "e": "N", "st": "Suplente"}, {"seq": "40", "n": "22666", "vap": "4", "pvap": "   0,09", "e": "N", "st": "Suplente"}, {"seq": "45", "n": "22999", "vap": "3", "pvap": "   0,07", "e": "N", "st": "Suplente"}, {"seq": "47", "n": "22789", "vap": "0", "pvap": "00.00", "e": "N", "st": "Suplente"}, {"seq": "9", "n": "14000", "vap": "109", "pvap": "   2,46", "e": "S", "st": "Eleito"}, {"seq": "17", "n": "14666", "vap": "102", "pvap": "   2,30", "e": "N", "st": "Suplente"}, {"seq": "22", "n": "14123", "vap": "75", "pvap": "   1,69", "e": "N", "st": "Suplente"}, {"seq": "23", "n": "14777", "vap": "71", "pvap": "   1,60", "e": "N", "st": "Suplente"}, {"seq": "28", "n": "14444", "vap": "40", "pvap": "   0,90", "e": "N", "st": "Suplente"}, {"seq": "31", "n": "14111", "vap": "18", "pvap": "   0,41", "e": "N", "st": "Suplente"}, {"seq": "32", "n": "14222", "vap": "15", "pvap": "   0,34", "e": "N", "st": "Suplente"}, {"seq": "33", "n": "14333", "vap": "14", "pvap": "   0,32", "e": "N", "st": "Suplente"}, {"seq": "42", "n": "14567", "vap": "4", "pvap": "   0,09", "e": "N", "st": "Suplente"}, {"seq": "43", "n": "14555", "vap": "4", "pvap": "   0,09", "e": "N", "st": "Suplente"}, {"seq": "46", "n": "14999", "vap": "2", "pvap": "   0,05", "e": "N", "st": "Suplente"}, {"seq": "2", "n": "77888", "vap": "273", "pvap": "   6,17", "e": "S", "st": "Eleito"}, {"seq": "6", "n": "77000", "vap": "220", "pvap": "   4,97", "e": "S", "st": "Eleito"}, {"seq": "11", "n": "77777", "vap": "195", "pvap": "   4,40", "e": "N", "st": "Suplente"}, {"seq": "12", "n": "77999", "vap": "164", "pvap": "   3,70", "e": "N", "st": "Suplente"}, {"seq": "18", "n": "77111", "vap": "96", "pvap": "   2,17", "e": "N", "st": "Suplente"}, {"seq": "25", "n": "77555", "vap": "65", "pvap": "   1,47", "e": "N", "st": "Suplente"}, {"seq": "37", "n": "77333", "vap": "5", "pvap": "   0,11", "e": "N", "st": "Suplente"}, {"seq": "38", "n": "77666", "vap": "5", "pvap": "   0,11", "e": "N", "st": "Suplente"}]}]}