{"ele": "426", "carper": "13", "t": "1", "f": "O", "esae": "N", "mnae": " ", "dg": "15/11/2020", "hg": "22:38:38", "dv": "S", "nadf": "al27111-c0013-e000426-003-f", "abr": [{"dt": "15/11/2020", "ht": "22:19:44", "tf": "S", "and": "F", "tpabr": "MU", "cdabr": "27111", "s": "17", "st": "17", "snt": "0", "si": "17", "sni": "0", "sa": "17", "sna": "0", "pst": " 100,00", "psnt": "   0,00", "psi": " 100,00", "psni": "   0,00", "psa": " 100,00", "psna": "   0,00", "e": "6897", "ea": "6897", "ena": "0", "esi": "6897", "esni": "0", "c": "5727", "a": "1170", "pea": " 100,00", "pena": "   0,00", "pesi": " 100,00", "pesni": "   0,00", "pa": "  16,96", "pc": "  83,04", "vscv": "0", "vnom": "5314", "vl": "207", "tv": "5727", "vvc": "5521", "vb": "55", "tvn": "151", "vn": "151", "vnt": "0", "vp": "0", "vv": "5521", "van": "0", "vansj": "0", "pvnom": "  96,25", "pvl": "   3,75", "pvvc": "  96,40", "pvb": "   0,96", "ptvn": "   2,64", "pvn": " 100,00", "pvnt": "   0,00", "pvp": "   0,00", "pvv": " 100,00", "pvan": "   0,00", "pvansj": "   0,00", "colig": [{"n": "20000060338", "tvtn": "1577", "tvan": "1577", "vag": "3", "tvtl": "20", "tval": "20"}, {"n": "20000060326", "tvtn": "1741", "tvan": "1741", "vag": "3", "tvtl": "107", "tval": "107"}, {"n": "20000074451", "tvtn": "16", "tvan": "16", "vag": "0", "tvtl": "2", "tval": "2"}, {"n": "20000086984", "tvtn": "1173", "tvan": "1173", "vag": "2", "tvtl": "72", "tval": "72"}, {"n": "20000073945", "tvtn": "807", "tvan": "807", "vag": "1", "tvtl": "6", "tval": "6"}], "part": [{"n": "15", "tvtn": "1577", "tvan": "1577", "tvtl": "20", "tval": "20"}, {"n": "11", "tvtn": "1741", "tvan": "1741", "tvtl": "107", "tval": "107"}, {"n": "65", "tvtn": "16", "tvan": "16", "tvtl": "2", "tval": "2"}, {"n": "14", "tvtn": "1173", "tvan": "1173", "tvtl": "72", "tval": "72"}, {"n": "10", "tvtn": "807", "tvan": "807", "tvtl": "6", "tval": "6"}], "cand": [{"seq": "5", "n": "15000", "vap": "341", "pvap": "   6,18", "e": "S", "st": "Eleito"}, {"seq": "37", "n": "15666", "vap": "12", "pvap": "   0,22", "e": "N", "st": "Suplente"}, {"seq": "27", "n": "15123", "vap": "46", "pvap": "   0,83", "e": "N", "st": "Suplente"}, {"seq": "11", "n": "15111", "vap": "215", "pvap": "   3,89", "e": "N", "st": "Suplente"}, {"seq": "34", "n": "15444", "vap": "13", "pvap": "   0,24", "e": "N", "st": "Suplente"}, {"seq": "43", "n": "15777", "vap": "6", "pvap": "   0,11", "e": "N", "st": "Suplente"}, {"seq": "1", "n": "15888", "vap": "363", "pvap": "   6,57", "e": "S", "st": "Eleito"}, {"seq": "30", "n": "15333", "vap": "33", "pvap": "   0,60", "e": "N", "st": "Suplente"}, {"seq": "12", "n": "15222", "vap": "200", "pvap": "   3,62", "e": "N", "st": "Suplente"}, {"seq": "4", "n": "15555", "vap": "348", "pvap": "   6,30", "e": "S", "st": "Eleito"}, {"seq": "17", "n": "11123", "vap": "149", "pvap": "   2,70", "e": "N", "st": "Suplente"}, {"seq": "3", "n": "11555", "vap": "352", "pvap": "   6,38", "e": "S", "st": "Eleito"}, {"seq": "33", "n": "11456", "vap": "16", "pvap": "   0,29", "e": "N", "st": "Suplente"}, {"seq": "39", "n": "11888", "vap": "10", "pvap": "   0,18", "e": "N", "st": "Suplente"}, {"seq": "10", "n": "11444", "vap": "327", "pvap": "   5,92", "e": "N", "st": "Suplente"}, {"seq": "6", "n": "11333", "vap": "336", "pvap": "   6,09", "e": "S", "st": "Eleito"}, {"seq": "2", "n": "11222", "vap": "360", "pvap": "   6,52", "e": "S", "st": "Eleito"}, {"seq": "15", "n": "11111", "vap": "154", "pvap": "   2,79", "e": "N", "st": "Suplente"}, {"seq": "35", "n": "11777", "vap": "13", "pvap": "   0,24", "e": "N", "st": "Suplente"}, {"seq": "45", "n": "11000", "vap": "5", "pvap": "   0,09", "e": "N", "st": "Suplente"}, {"seq": "42", "n": "11011", "vap": "6", "pvap": "   0,11", "e": "N", "st": "Suplente"}, {"seq": "36", "n": "11121", "vap": "13", "pvap": "   0,24", "e": "N", "st": "Suplente"}, {"seq": "49", "n": "65000", "vap": "11", "pvap": "   0,20", "e": "N", "st": "N\u00e3o eleito"}, {"seq": "51", "n": "65111", "vap": "1", "pvap": "   0,02", "e": "N", "st": "N\u00e3o eleito"}, {"seq": "50", "n": "65555", "vap": "4", "pvap": "   0,07", "e": "N", "st": "N\u00e3o eleito"}, {"seq": "26", "n": "14567", "vap": "49", "pvap": "   0,89", "e": "N", "st": "Suplente"}, {"seq": "40", "n": "14111", "vap": "8", "pvap": "   0,14", "e": "N", "st": "Suplente"}, {"seq": "14", "n": "14999", "vap": "156", "pvap": "   2,83", "e": "N", "st": "Suplente"}, {"seq": "29", "n": "14444", "vap": "37", "pvap": "   0,67", "e": "N", "st": "Suplente"}, {"seq": "13", "n": "14789", "vap": "163", "pvap": "   2,95", "e": "N", "st": "Suplente"}, {"seq": "28", "n": "14606", "vap": "42", "pvap": "   0,76", "e": "N", "st": "Suplente"}, {"seq": "7", "n": "14000", "vap": "187", "pvap": "   3,39", "e": "S", "st": "Eleito"}, {"seq": "32", "n": "14222", "vap": "24", "pvap": "   0,43", "e": "N", "st": "Suplente"}, {"seq": "9", "n": "14123", "vap": "164", "pvap": "   2,97", "e": "S", "st": "Eleito"}, {"seq": "22", "n": "14333", "vap": "69", "pvap": "   1,25", "e": "N", "st": "Suplente"}, {"seq": "20", "n": "14777", "vap": "131", "pvap": "   2,37", "e": "N", "st": "Suplente"}, {"seq": "19", "n": "14555", "vap": "138", "pvap": "   2,50", "e": "N", "st": "Suplente"}, {"seq": "46", "n": "14459", "vap": "5", "pvap": "   0,09", "e": "N", "st": "Suplente"}, {"seq": "25", "n": "10111", "vap": "54", "pvap": "   0,98", "e": "N", "st": "Suplente"}, {"seq": "41", "n": "10102", "vap": "6", "pvap": "   0,11", "e": "N", "st": "Suplente"}, {"seq": "8", "n": "10777", "vap": "185", "pvap": "   3,35", "e": "S", "st": "Eleito"}, {"seq": "31", "n": "10456", "vap": "31", "pvap": "   0,56", "e": "N", "st": "Suplente"}, {"seq": "48", "n": "10101", "vap": "0", "pvap": "00.00", "e": "N", "st": "Suplente"}, {"seq": "16", "n": "10000", "vap": "151", "pvap": "   2,74", "e": "N", "st": "Suplente"}, {"seq": "24", "n": "10852", "vap": "54", "pvap": "   0,98", "e": "N", "st": "Suplente"}, {"seq": "47", "n": "10345", "vap": "2", "pvap": "   0,04", "e": "N", "st": "Suplente"}, {"seq": "38", "n": "10333", "vap": "10", "pvap": "   0,18", "e": "N", "st": "Suplente"}, {"seq": "18", "n": "10123", "vap": "147", "pvap": "   2,66", "e": "N", "st": "Suplente"}, {"seq": "21", "n": "10555", "vap": "98", "pvap": "   1,78", "e": "N", "st": "Suplente"}, {"seq": "23", "n": "10666", "vap": "64", "pvap": "   1,16", "e": "N", "st": "Suplente"}, {"seq": "44", "n": "10444", "vap": "5", "pvap": "   0,09", "e": "N", "st": "Suplente"}]}, {"dt": "15/11/2020", "ht": "22:19:44", "tf": "S", "and": "F", "tpabr": "ZONA", "cdabr": "26", "s": "17", "st": "17", "snt": "0", "si": "17", "sni": "0", "sa": "17", "sna": "0", "pst": " 100,00", "psnt": "   0,00", "psi": " 100,00", "psni": "   0,00", "psa": " 100,00", "psna": "   0,00", "e": "6897", "ea": "6897", "ena": "0", "esi": "6897", "esni": "0", "a": "1170", "c": "5727", "pea": " 100,00", "pena": "   0,00", "pesi": " 100,00", "pesni": "   0,00", "pa": "  16,96", "pc": "  83,04", "vnom": "5314", "vscv": "0", "vl": "207", "tv": "5727", "vvc": "5521", "vb": "55", "tvn": "151", "vn": "151", "vnt": "0", "vp": "0", "vv": "5521", "van": "0", "vansj": "0", "pvnom": "  96,25", "pvl": "   3,75", "pvvc": "  96,40", "pvb": "   0,96", "ptvn": "   2,64", "pvn": " 100,00", "pvnt": "   0,00", "pvp": "   0,00", "pvv": " 100,00", "pvan": "   0,00", "pvansj": "   0,00", "cand": [{"seq": "8", "n": "10777", "vap": "185", "pvap": "   3,35", "e": "S", "st": "Eleito"}, {"seq": "16", "n": "10000", "vap": "151", "pvap": "   2,74", "e": "N", "st": "Suplente"}, {"seq": "18", "n": "10123", "vap": "147", "pvap": "   2,66", "e": "N", "st": "Suplente"}, {"seq": "21", "n": "10555", "vap": "98", "pvap": "   1,78", "e": "N", "st": "Suplente"}, {"seq": "23", "n": "10666", "vap": "64", "pvap": "   1,16", "e": "N", "st": "Suplente"}, {"seq": "24", "n": "10852", "vap": "54", "pvap": "   0,98", "e": "N", "st": "Suplente"}, {"seq": "25", "n": "10111", "vap": "54", "pvap": "   0,98", "e": "N", "st": "Suplente"}, {"seq": "31", "n": "10456", "vap": "31", "pvap": "   0,56", "e": "N", "st": "Suplente"}, {"seq": "38", "n": "10333", "vap": "10", "pvap": "   0,18", "e": "N", "st": "Suplente"}, {"seq": "41", "n": "10102", "vap": "6", "pvap": "   0,11", "e": "N", "st": "Suplente"}, {"seq": "44", "n": "10444", "vap": "5", "pvap": "   0,09", "e": "N", "st": "Suplente"}, {"seq": "47", "n": "10345", "vap": "2", "pvap": "   0,04", "e": "N", "st": "Suplente"}, {"seq": "48", "n": "10101", "vap": "0", "pvap": "00.00", "e": "N", "st": "Suplente"}, {"seq": "2", "n": "11222", "vap": "360", "pvap": "   6,52", "e": "S", "st": "Eleito"}, {"seq": "3", "n": "11555", "vap": "352", "pvap": "   6,38", "e": "S", "st": "Eleito"}, {"seq": "6", "n": "11333", "vap": "336", "pvap": "   6,09", "e": "S", "st": "Eleito"}, {"seq": "10", "n": "11444", "vap": "327", "pvap": "   5,92", "e": "N", "st": "Suplente"}, {"seq": "15", "n": "11111", "vap": "154", "pvap": "   2,79", "e": "N", "st": "Suplente"}, {"seq": "17", "n": "11123", "vap": "149", "pvap": "   2,70", "e": "N", "st": "Suplente"}, {"seq": "33", "n": "11456", "vap": "16", "pvap": "   0,29", "e": "N", "st": "Suplente"}, {"seq": "35", "n": "11777", "vap": "13", "pvap": "   0,24", "e": "N", "st": "Suplente"}, {"seq": "36", "n": "11121", "vap": "13", "pvap": "   0,24", "e": "N", "st": "Suplente"}, {"seq": "39", "n": "11888", "vap": "10", "pvap": "   0,18", "e": "N", "st": "Suplente"}, {"seq": "42", "n": "11011", "vap": "6", "pvap": "   0,11", "e": "N", "st": "Suplente"}, {"seq": "45", "n": "11000", "vap": "5", "pvap": "   0,09", "e": "N", "st": "Suplente"}, {"seq": "7", "n": "14000", "vap": "187", "pvap": "   3,39", "e": "S", "st": "Eleito"}, {"seq": "9", "n": "14123", "vap": "164", "pvap": "   2,97", "e": "S", "st": "Eleito"}, {"seq": "13", "n": "14789", "vap": "163", "pvap": "   2,95", "e": "N", "st": "Suplente"}, {"seq": "14", "n": "14999", "vap": "156", "pvap": "   2,83", "e": "N", "st": "Suplente"}, {"seq": "19", "n": "14555", "vap": "138", "pvap": "   2,50", "e": "N", "st": "Suplente"}, {"seq": "20", "n": "14777", "vap": "131", "pvap": "   2,37", "e": "N", "st": "Suplente"}, {"seq": "22", "n": "14333", "vap": "69", "pvap": "   1,25", "e": "N", "st": "Suplente"}, {"seq": "26", "n": "14567", "vap": "49", "pvap": "   0,89", "e": "N", "st": "Suplente"}, {"seq": "28", "n": "14606", "vap": "42", "pvap": "   0,76", "e": "N", "st": "Suplente"}, {"seq": "29", "n": "14444", "vap": "37", "pvap": "   0,67", "e": "N", "st": "Suplente"}, {"seq": "32", "n": "14222", "vap": "24", "pvap": "   0,43", "e": "N", "st": "Suplente"}, {"seq": "40", "n": "14111", "vap": "8", "pvap": "   0,14", "e": "N", "st": "Suplente"}, {"seq": "46", "n": "14459", "vap": "5", "pvap": "   0,09", "e": "N", "st": "Suplente"}, {"seq": "1", "n": "15888", "vap": "363", "pvap": "   6,57", "e": "S", "st": "Eleito"}, {"seq": "4", "n": "15555", "vap": "348", "pvap": "   6,30", "e": "S", "st": "Eleito"}, {"seq": "5", "n": "15000", "vap": "341", "pvap": "   6,18", "e": "S", "st": "Eleito"}, {"seq": "11", "n": "15111", "vap": "215", "pvap": "   3,89", "e": "N", "st": "Suplente"}, {"seq": "12", "n": "15222", "vap": "200", "pvap": "   3,62", "e": "N", "st": "Suplente"}, {"seq": "27", "n": "15123", "vap": "46", "pvap": "   0,83", "e": "N", "st": "Suplente"}, {"seq": "30", "n": "15333", "vap": "33", "pvap": "   0,60", "e": "N", "st": "Suplente"}, {"seq": "34", "n": "15444", "vap": "13", "pvap": "   0,24", "e": "N", "st": "Suplente"}, {"seq": "37", "n": "15666", "vap": "12", "pvap": "   0,22", "e": "N", "st": "Suplente"}, {"seq": "43", "n": "15777", "vap": "6", "pvap": "   0,11", "e": "N", "st": "Suplente"}, {"seq": "49", "n": "65000", "vap": "11", "pvap": "   0,20", "e": "N", "st": "N\u00e3o eleito"}, {"seq": "50", "n": "65555", "vap": "4", "pvap": "   0,07", "e": "N", "st": "N\u00e3o eleito"}, {"seq": "51", "n": "65111", "vap": "1", "pvap": "   0,02", "e": "N", "st": "N\u00e3o eleito"}]}]}