{"ele": "426", "carper": "13", "t": "1", "f": "O", "esae": "N", "mnae": " ", "dg": "15/11/2020", "hg": "23:24:19", "dv": "S", "nadf": "al27790-c0013-e000426-002-f", "abr": [{"dt": "15/11/2020", "ht": "23:08:42", "tf": "S", "and": "F", "tpabr": "MU", "cdabr": "27790", "s": "49", "st": "49", "snt": "0", "si": "49", "sni": "0", "sa": "49", "sna": "0", "pst": " 100,00", "psnt": "   0,00", "psi": " 100,00", "psni": "   0,00", "psa": " 100,00", "psna": "   0,00", "e": "19130", "ea": "19130", "ena": "0", "esi": "19130", "esni": "0", "c": "15435", "a": "3695", "pea": " 100,00", "pena": "   0,00", "pesi": " 100,00", "pesni": "   0,00", "pa": "  19,32", "pc": "  80,68", "vscv": "0", "vnom": "13893", "vl": "880", "tv": "15435", "vvc": "14773", "vb": "173", "tvn": "489", "vn": "489", "vnt": "0", "vp": "0", "vv": "14773", "van": "0", "vansj": "0", "pvnom": "  94,04", "pvl": "   5,96", "pvvc": "  95,71", "pvb": "   1,12", "ptvn": "   3,17", "pvn": " 100,00", "pvnt": "   0,00", "pvp": "   0,00", "pvv": " 100,00", "pvan": "   0,00", "pvansj": "   0,00", "colig": [{"n": "20000063523", "tvtn": "4650", "tvan": "4650", "vag": "4", "tvtl": "143", "tval": "143"}, {"n": "20000063527", "tvtn": "2550", "tvan": "2550", "vag": "2", "tvtl": "289", "tval": "289"}, {"n": "20000128784", "tvtn": "6356", "tvan": "6356", "vag": "5", "tvtl": "436", "tval": "436"}, {"n": "20000094649", "tvtn": "337", "tvan": "337", "vag": "0", "tvtl": "12", "tval": "12"}], "part": [{"n": "11", "tvtn": "4650", "tvan": "4650", "tvtl": "143", "tval": "143"}, {"n": "15", "tvtn": "2550", "tvan": "2550", "tvtl": "289", "tval": "289"}, {"n": "14", "tvtn": "6356", "tvan": "6356", "tvtl": "436", "tval": "436"}, {"n": "10", "tvtn": "337", "tvan": "337", "tvtl": "12", "tval": "12"}], "cand": [{"seq": "5", "n": "11000", "vap": "669", "pvap": "   4,53", "e": "S", "st": "Eleito"}, {"seq": "17", "n": "11222", "vap": "357", "pvap": "   2,42", "e": "N", "st": "Suplente"}, {"seq": "19", "n": "11999", "vap": "299", "pvap": "   2,02", "e": "N", "st": "Suplente"}, {"seq": "8", "n": "11456", "vap": "584", "pvap": "   3,95", "e": "S", "st": "Eleito"}, {"seq": "3", "n": "11111", "vap": "718", "pvap": "   4,86", "e": "S", "st": "Eleito"}, {"seq": "24", "n": "11123", "vap": "237", "pvap": "   1,60", "e": "N", "st": "Suplente"}, {"seq": "45", "n": "11333", "vap": "29", "pvap": "   0,20", "e": "N", "st": "Suplente"}, {"seq": "40", "n": "11007", "vap": "54", "pvap": "   0,37", "e": "N", "st": "Suplente"}, {"seq": "42", "n": "11888", "vap": "37", "pvap": "   0,25", "e": "N", "st": "Suplente"}, {"seq": "43", "n": "11011", "vap": "32", "pvap": "   0,22", "e": "N", "st": "Suplente"}, {"seq": "34", "n": "11789", "vap": "80", "pvap": "   0,54", "e": "N", "st": "Suplente"}, {"seq": "4", "n": "11444", "vap": "683", "pvap": "   4,62", "e": "S", "st": "Eleito"}, {"seq": "39", "n": "11311", "vap": "54", "pvap": "   0,37", "e": "N", "st": "Suplente"}, {"seq": "12", "n": "11660", "vap": "521", "pvap": "   3,53", "e": "N", "st": "Suplente"}, {"seq": "26", "n": "11777", "vap": "193", "pvap": "   1,31", "e": "N", "st": "Suplente"}, {"seq": "32", "n": "11555", "vap": "103", "pvap": "   0,70", "e": "N", "st": "Suplente"}, {"seq": "36", "n": "15111", "vap": "72", "pvap": "   0,49", "e": "N", "st": "Suplente"}, {"seq": "33", "n": "15222", "vap": "92", "pvap": "   0,62", "e": "N", "st": "Suplente"}, {"seq": "35", "n": "15115", "vap": "72", "pvap": "   0,49", "e": "N", "st": "Suplente"}, {"seq": "20", "n": "15999", "vap": "296", "pvap": "   2,00", "e": "N", "st": "Suplente"}, {"seq": "46", "n": "15666", "vap": "23", "pvap": "   0,16", "e": "N", "st": "Suplente"}, {"seq": "41", "n": "15015", "vap": "53", "pvap": "   0,36", "e": "N", "st": "Suplente"}, {"seq": "10", "n": "15456", "vap": "392", "pvap": "   2,65", "e": "S", "st": "Eleito"}, {"seq": "28", "n": "15678", "vap": "164", "pvap": "   1,11", "e": "N", "st": "Suplente"}, {"seq": "30", "n": "15123", "vap": "122", "pvap": "   0,83", "e": "N", "st": "Suplente"}, {"seq": "23", "n": "15444", "vap": "254", "pvap": "   1,72", "e": "N", "st": "Suplente"}, {"seq": "22", "n": "15333", "vap": "273", "pvap": "   1,85", "e": "N", "st": "Suplente"}, {"seq": "11", "n": "15000", "vap": "336", "pvap": "   2,27", "e": "S", "st": "Eleito"}, {"seq": "48", "n": "15888", "vap": "9", "pvap": "   0,06", "e": "N", "st": "Suplente"}, {"seq": "27", "n": "15555", "vap": "173", "pvap": "   1,17", "e": "N", "st": "Suplente"}, {"seq": "29", "n": "15789", "vap": "132", "pvap": "   0,89", "e": "N", "st": "Suplente"}, {"seq": "44", "n": "15100", "vap": "29", "pvap": "   0,20", "e": "N", "st": "Suplente"}, {"seq": "38", "n": "15777", "vap": "58", "pvap": "   0,39", "e": "N", "st": "Suplente"}, {"seq": "25", "n": "14555", "vap": "232", "pvap": "   1,57", "e": "N", "st": "Suplente"}, {"seq": "49", "n": "14800", "vap": "4", "pvap": "   0,03", "e": "N", "st": "Suplente"}, {"seq": "13", "n": "14500", "vap": "505", "pvap": "   3,42", "e": "N", "st": "Suplente"}, {"seq": "18", "n": "14000", "vap": "350", "pvap": "   2,37", "e": "N", "st": "Suplente"}, {"seq": "9", "n": "14777", "vap": "566", "pvap": "   3,83", "e": "S", "st": "Eleito"}, {"seq": "16", "n": "14123", "vap": "419", "pvap": "   2,84", "e": "N", "st": "Suplente"}, {"seq": "1", "n": "14700", "vap": "858", "pvap": "   5,81", "e": "S", "st": "Eleito"}, {"seq": "31", "n": "14333", "vap": "109", "pvap": "   0,74", "e": "N", "st": "Suplente"}, {"seq": "37", "n": "14369", "vap": "67", "pvap": "   0,45", "e": "N", "st": "Suplente"}, {"seq": "15", "n": "14222", "vap": "421", "pvap": "   2,85", "e": "N", "st": "Suplente"}, {"seq": "6", "n": "14999", "vap": "656", "pvap": "   4,44", "e": "S", "st": "Eleito"}, {"seq": "2", "n": "14444", "vap": "750", "pvap": "   5,08", "e": "S", "st": "Eleito"}, {"seq": "21", "n": "14888", "vap": "285", "pvap": "   1,93", "e": "N", "st": "Suplente"}, {"seq": "47", "n": "14200", "vap": "10", "pvap": "   0,07", "e": "N", "st": "Suplente"}, {"seq": "14", "n": "14140", "vap": "492", "pvap": "   3,33", "e": "N", "st": "Suplente"}, {"seq": "7", "n": "14111", "vap": "632", "pvap": "   4,28", "e": "S", "st": "Eleito"}, {"seq": "59", "n": "10444", "vap": "10", "pvap": "   0,07", "e": "N", "st": "N\u00e3o eleito"}, {"seq": "60", "n": "10567", "vap": "1", "pvap": "   0,01", "e": "N", "st": "N\u00e3o eleito"}, {"seq": "52", "n": "10555", "vap": "45", "pvap": "   0,30", "e": "N", "st": "N\u00e3o eleito"}, {"seq": "55", "n": "10789", "vap": "19", "pvap": "   0,13", "e": "N", "st": "N\u00e3o eleito"}, {"seq": "57", "n": "10456", "vap": "16", "pvap": "   0,11", "e": "N", "st": "N\u00e3o eleito"}, {"seq": "56", "n": "10123", "vap": "17", "pvap": "   0,12", "e": "N", "st": "N\u00e3o eleito"}, {"seq": "61", "n": "10888", "vap": "0", "pvap": "00.00", "e": "N", "st": "N\u00e3o eleito"}, {"seq": "51", "n": "10234", "vap": "73", "pvap": "   0,49", "e": "N", "st": "N\u00e3o eleito"}, {"seq": "53", "n": "10222", "vap": "32", "pvap": "   0,22", "e": "N", "st": "N\u00e3o eleito"}, {"seq": "50", "n": "10000", "vap": "85", "pvap": "   0,58", "e": "N", "st": "N\u00e3o eleito"}, {"seq": "58", "n": "10777", "vap": "15", "pvap": "   0,10", "e": "N", "st": "N\u00e3o eleito"}, {"seq": "54", "n": "10999", "vap": "24", "pvap": "   0,16", "e": "N", "st": "N\u00e3o eleito"}]}, {"dt": "15/11/2020", "ht": "23:08:42", "tf": "S", "and": "F", "tpabr": "ZONA", "cdabr": "34", "s": "49", "st": "49", "snt": "0", "si": "49", "sni": "0", "sa": "49", "sna": "0", "pst": " 100,00", "psnt": "   0,00", "psi": " 100,00", "psni": "   0,00", "psa": " 100,00", "psna": "   0,00", "e": "19130", "ea": "19130", "ena": "0", "esi": "19130", "esni": "0", "a": "3695", "c": "15435", "pea": " 100,00", "pena": "   0,00", "pesi": " 100,00", "pesni": "   0,00", "pa": "  19,32", "pc": "  80,68", "vnom": "13893", "vscv": "0", "vl": "880", "tv": "15435", "vvc": "14773", "vb": "173", "tvn": "489", "vn": "489", "vnt": "0", "vp": "0", "vv": "14773", "van": "0", "vansj": "0", "pvnom": "  94,04", "pvl": "   5,96", "pvvc": "  95,71", "pvb": "   1,12", "ptvn": "   3,17", "pvn": " 100,00", "pvnt": "   0,00", "pvp": "   0,00", "pvv": " 100,00", "pvan": "   0,00", "pvansj": "   0,00", "cand": [{"seq": "1", "n": "14700", "vap": "858", "pvap": "   5,81", "e": "S", "st": "Eleito"}, {"seq": "2", "n": "14444", "vap": "750", "pvap": "   5,08", "e": "S", "st": "Eleito"}, {"seq": "6", "n": "14999", "vap": "656", "pvap": "   4,44", "e": "S", "st": "Eleito"}, {"seq": "7", "n": "14111", "vap": "632", "pvap": "   4,28", "e": "S", "st": "Eleito"}, {"seq": "9", "n": "14777", "vap": "566", "pvap": "   3,83", "e": "S", "st": "Eleito"}, {"seq": "13", "n": "14500", "vap": "505", "pvap": "   3,42", "e": "N", "st": "Suplente"}, {"seq": "14", "n": "14140", "vap": "492", "pvap": "   3,33", "e": "N", "st": "Suplente"}, {"seq": "15", "n": "14222", "vap": "421", "pvap": "   2,85", "e": "N", "st": "Suplente"}, {"seq": "16", "n": "14123", "vap": "419", "pvap": "   2,84", "e": "N", "st": "Suplente"}, {"seq": "18", "n": "14000", "vap": "350", "pvap": "   2,37", "e": "N", "st": "Suplente"}, {"seq": "21", "n": "14888", "vap": "285", "pvap": "   1,93", "e": "N", "st": "Suplente"}, {"seq": "25", "n": "14555", "vap": "232", "pvap": "   1,57", "e": "N", "st": "Suplente"}, {"seq": "31", "n": "14333", "vap": "109", "pvap": "   0,74", "e": "N", "st": "Suplente"}, {"seq": "37", "n": "14369", "vap": "67", "pvap": "   0,45", "e": "N", "st": "Suplente"}, {"seq": "47", "n": "14200", "vap": "10", "pvap": "   0,07", "e": "N", "st": "Suplente"}, {"seq": "49", "n": "14800", "vap": "4", "pvap": "   0,03", "e": "N", "st": "Suplente"}, {"seq": "50", "n": "10000", "vap": "85", "pvap": "   0,58", "e": "N", "st": "N\u00e3o eleito"}, {"seq": "51", "n": "10234", "vap": "73", "pvap": "   0,49", "e": "N", "st": "N\u00e3o eleito"}, {"seq": "52", "n": "10555", "vap": "45", "pvap": "   0,30", "e": "N", "st": "N\u00e3o eleito"}, {"seq": "53", "n": "10222", "vap": "32", "pvap": "   0,22", "e": "N", "st": "N\u00e3o eleito"}, {"seq": "54", "n": "10999", "vap": "24", "pvap": "   0,16", "e": "N", "st": "N\u00e3o eleito"}, {"seq": "55", "n": "10789", "vap": "19", "pvap": "   0,13", "e": "N", "st": "N\u00e3o eleito"}, {"seq": "56", "n": "10123", "vap": "17", "pvap": "   0,12", "e": "N", "st": "N\u00e3o eleito"}, {"seq": "57", "n": "10456", "vap": "16", "pvap": "   0,11", "e": "N", "st": "N\u00e3o eleito"}, {"seq": "58", "n": "10777", "vap": "15", "pvap": "   0,10", "e": "N", "st": "N\u00e3o eleito"}, {"seq": "59", "n": "10444", "vap": "10", "pvap": "   0,07", "e": "N", "st": "N\u00e3o eleito"}, {"seq": "60", "n": "10567", "vap": "1", "pvap": "   0,01", "e": "N", "st": "N\u00e3o eleito"}, {"seq": "61", "n": "10888", "vap": "0", "pvap": "00.00", "e": "N", "st": "N\u00e3o eleito"}, {"seq": "3", "n": "11111", "vap": "718", "pvap": "   4,86", "e": "S", "st": "Eleito"}, {"seq": "4", "n": "11444", "vap": "683", "pvap": "   4,62", "e": "S", "st": "Eleito"}, {"seq": "5", "n": "11000", "vap": "669", "pvap": "   4,53", "e": "S", "st": "Eleito"}, {"seq": "8", "n": "11456", "vap": "584", "pvap": "   3,95", "e": "S", "st": "Eleito"}, {"seq": "12", "n": "11660", "vap": "521", "pvap": "   3,53", "e": "N", "st": "Suplente"}, {"seq": "17", "n": "11222", "vap": "357", "pvap": "   2,42", "e": "N", "st": "Suplente"}, {"seq": "19", "n": "11999", "vap": "299", "pvap": "   2,02", "e": "N", "st": "Suplente"}, {"seq": "24", "n": "11123", "vap": "237", "pvap": "   1,60", "e": "N", "st": "Suplente"}, {"seq": "26", "n": "11777", "vap": "193", "pvap": "   1,31", "e": "N", "st": "Suplente"}, {"seq": "32", "n": "11555", "vap": "103", "pvap": "   0,70", "e": "N", "st": "Suplente"}, {"seq": "34", "n": "11789", "vap": "80", "pvap": "   0,54", "e": "N", "st": "Suplente"}, {"seq": "39", "n": "11311", "vap": "54", "pvap": "   0,37", "e": "N", "st": "Suplente"}, {"seq": "40", "n": "11007", "vap": "54", "pvap": "   0,37", "e": "N", "st": "Suplente"}, {"seq": "42", "n": "11888", "vap": "37", "pvap": "   0,25", "e": "N", "st": "Suplente"}, {"seq": "43", "n": "11011", "vap": "32", "pvap": "   0,22", "e": "N", "st": "Suplente"}, {"seq": "45", "n": "11333", "vap": "29", "pvap": "   0,20", "e": "N", "st": "Suplente"}, {"seq": "10", "n": "15456", "vap": "392", "pvap": "   2,65", "e": "S", "st": "Eleito"}, {"seq": "11", "n": "15000", "vap": "336", "pvap": "   2,27", "e": "S", "st": "Eleito"}, {"seq": "20", "n": "15999", "vap": "296", "pvap": "   2,00", "e": "N", "st": "Suplente"}, {"seq": "22", "n": "15333", "vap": "273", "pvap": "   1,85", "e": "N", "st": "Suplente"}, {"seq": "23", "n": "15444", "vap": "254", "pvap": "   1,72", "e": "N", "st": "Suplente"}, {"seq": "27", "n": "15555", "vap": "173", "pvap": "   1,17", "e": "N", "st": "Suplente"}, {"seq": "28", "n": "15678", "vap": "164", "pvap": "   1,11", "e": "N", "st": "Suplente"}, {"seq": "29", "n": "15789", "vap": "132", "pvap": "   0,89", "e": "N", "st": "Suplente"}, {"seq": "30", "n": "15123", "vap": "122", "pvap": "   0,83", "e": "N", "st": "Suplente"}, {"seq": "33", "n": "15222", "vap": "92", "pvap": "   0,62", "e": "N", "st": "Suplente"}, {"seq": "35", "n": "15115", "vap": "72", "pvap": "   0,49", "e": "N", "st": "Suplente"}, {"seq": "36", "n": "15111", "vap": "72", "pvap": "   0,49", "e": "N", "st": "Suplente"}, {"seq": "38", "n": "15777", "vap": "58", "pvap": "   0,39", "e": "N", "st": "Suplente"}, {"seq": "41", "n": "15015", "vap": "53", "pvap": "   0,36", "e": "N", "st": "Suplente"}, {"seq": "44", "n": "15100", "vap": "29", "pvap": "   0,20", "e": "N", "st": "Suplente"}, {"seq": "46", "n": "15666", "vap": "23", "pvap": "   0,16", "e": "N", "st": "Suplente"}, {"seq": "48", "n": "15888", "vap": "9", "pvap": "   0,06", "e": "N", "st": "Suplente"}]}]}