{"ele": "426", "carper": "13", "t": "1", "f": "O", "esae": "N", "mnae": " ", "dg": "15/11/2020", "hg": "22:14:51", "dv": "S", "nadf": "al27952-c0013-e000426-003-f", "abr": [{"dt": "15/11/2020", "ht": "20:53:50", "tf": "S", "and": "F", "tpabr": "MU", "cdabr": "27952", "s": "26", "st": "26", "snt": "0", "si": "26", "sni": "0", "sa": "26", "sna": "0", "pst": " 100,00", "psnt": "   0,00", "psi": " 100,00", "psni": "   0,00", "psa": " 100,00", "psna": "   0,00", "e": "10172", "ea": "10172", "ena": "0", "esi": "10172", "esni": "0", "c": "8169", "a": "2003", "pea": " 100,00", "pena": "   0,00", "pesi": " 100,00", "pesni": "   0,00", "pa": "  19,69", "pc": "  80,31", "vscv": "0", "vnom": "7320", "vl": "404", "tv": "8169", "vvc": "7724", "vb": "105", "tvn": "340", "vn": "317", "vnt": "23", "vp": "0", "vv": "7724", "van": "0", "vansj": "0", "pvnom": "  94,77", "pvl": "   5,23", "pvvc": "  94,55", "pvb": "   1,29", "ptvn": "   4,16", "pvn": "  93,24", "pvnt": "   6,76", "pvp": "   0,00", "pvv": " 100,00", "pvan": "   0,00", "pvansj": "   0,00", "colig": [{"n": "20000077800", "tvtn": "3632", "tvan": "3632", "vag": "5", "tvtl": "204", "tval": "204"}, {"n": "20000077573", "tvtn": "2013", "tvan": "2036", "vag": "2", "tvtl": "157", "tval": "157"}, {"n": "20000077647", "tvtn": "1675", "tvan": "1675", "vag": "2", "tvtl": "43", "tval": "43"}], "part": [{"n": "55", "tvtn": "3632", "tvan": "3632", "tvtl": "204", "tval": "204"}, {"n": "14", "tvtn": "2013", "tvan": "2013", "tvtl": "157", "tval": "157"}, {"n": "45", "tvtn": "1675", "tvan": "1675", "tvtl": "43", "tval": "43"}], "cand": [{"seq": "18", "n": "55555", "vap": "146", "pvap": "   1,89", "e": "N", "st": "Suplente"}, {"seq": "9", "n": "55678", "vap": "315", "pvap": "   4,08", "e": "S", "st": "Eleito"}, {"seq": "1", "n": "55888", "vap": "655", "pvap": "   8,48", "e": "S", "st": "Eleito"}, {"seq": "11", "n": "55333", "vap": "314", "pvap": "   4,07", "e": "N", "st": "Suplente"}, {"seq": "3", "n": "55777", "vap": "576", "pvap": "   7,46", "e": "S", "st": "Eleito"}, {"seq": "5", "n": "55444", "vap": "492", "pvap": "   6,37", "e": "S", "st": "Eleito"}, {"seq": "35", "n": "55456", "vap": "6", "pvap": "   0,08", "e": "N", "st": "Suplente"}, {"seq": "32", "n": "55123", "vap": "10", "pvap": "   0,13", "e": "N", "st": "Suplente"}, {"seq": "15", "n": "55999", "vap": "160", "pvap": "   2,07", "e": "N", "st": "Suplente"}, {"seq": "31", "n": "55222", "vap": "13", "pvap": "   0,17", "e": "N", "st": "Suplente"}, {"seq": "2", "n": "55000", "vap": "593", "pvap": "   7,68", "e": "S", "st": "Eleito"}, {"seq": "19", "n": "55111", "vap": "136", "pvap": "   1,76", "e": "N", "st": "Suplente"}, {"seq": "13", "n": "55789", "vap": "216", "pvap": "   2,80", "e": "N", "st": "Suplente"}, {"seq": "20", "n": "14111", "vap": "124", "pvap": "   1,61", "e": "N", "st": "Suplente"}, {"seq": "16", "n": "14888", "vap": "149", "pvap": "   1,93", "e": "N", "st": "Suplente"}, {"seq": "21", "n": "14555", "vap": "112", "pvap": "   1,45", "e": "N", "st": "Suplente"}, {"seq": "10", "n": "14444", "vap": "387", "pvap": "   5,01", "e": "N", "st": "Suplente"}, {"seq": "7", "n": "14567", "vap": "440", "pvap": "   5,70", "e": "S", "st": "Eleito"}, {"seq": "40", "n": "14123", "vap": "0", "pvap": "00.00", "e": "N", "st": "Suplente"}, {"seq": "27", "n": "14345", "vap": "31", "pvap": "   0,40", "e": "N", "st": "Suplente"}, {"seq": "23", "n": "14000", "vap": "86", "pvap": "   1,11", "e": "N", "st": "Suplente"}, {"seq": "24", "n": "14777", "vap": "71", "pvap": "   0,92", "e": "N", "st": "Suplente"}, {"seq": "34", "n": "14999", "vap": "8", "pvap": "   0,10", "e": "N", "st": "Suplente"}, {"seq": "4", "n": "14666", "vap": "558", "pvap": "   7,22", "e": "S", "st": "Eleito"}, {"seq": "28", "n": "14333", "vap": "25", "pvap": "   0,32", "e": "N", "st": "Suplente"}, {"seq": "30", "n": "14222", "vap": "22", "pvap": "   0,28", "e": "N", "st": "Suplente"}, {"seq": "33", "n": "45888", "vap": "9", "pvap": "   0,12", "e": "N", "st": "Suplente"}, {"seq": "17", "n": "45456", "vap": "148", "pvap": "   1,92", "e": "N", "st": "Suplente"}, {"seq": "39", "n": "45444", "vap": "3", "pvap": "   0,04", "e": "N", "st": "Suplente"}, {"seq": "8", "n": "45222", "vap": "330", "pvap": "   4,27", "e": "S", "st": "Eleito"}, {"seq": "6", "n": "45123", "vap": "464", "pvap": "   6,01", "e": "S", "st": "Eleito"}, {"seq": "37", "n": "45333", "vap": "6", "pvap": "   0,08", "e": "N", "st": "Suplente"}, {"seq": "25", "n": "45678", "vap": "54", "pvap": "   0,70", "e": "N", "st": "Suplente"}, {"seq": "26", "n": "45111", "vap": "41", "pvap": "   0,53", "e": "N", "st": "Suplente"}, {"seq": "14", "n": "45666", "vap": "186", "pvap": "   2,41", "e": "N", "st": "Suplente"}, {"seq": "38", "n": "45999", "vap": "5", "pvap": "   0,06", "e": "N", "st": "Suplente"}, {"seq": "22", "n": "45555", "vap": "96", "pvap": "   1,24", "e": "N", "st": "Suplente"}, {"seq": "29", "n": "45777", "vap": "24", "pvap": "   0,31", "e": "N", "st": "Suplente"}, {"seq": "12", "n": "45000", "vap": "303", "pvap": "   3,92", "e": "N", "st": "Suplente"}, {"seq": "36", "n": "45345", "vap": "6", "pvap": "   0,08", "e": "N", "st": "Suplente"}]}, {"dt": "15/11/2020", "ht": "20:53:50", "tf": "S", "and": "F", "tpabr": "ZONA", "cdabr": "48", "s": "26", "st": "26", "snt": "0", "si": "26", "sni": "0", "sa": "26", "sna": "0", "pst": " 100,00", "psnt": "   0,00", "psi": " 100,00", "psni": "   0,00", "psa": " 100,00", "psna": "   0,00", "e": "10172", "ea": "10172", "ena": "0", "esi": "10172", "esni": "0", "a": "2003", "c": "8169", "pea": " 100,00", "pena": "   0,00", "pesi": " 100,00", "pesni": "   0,00", "pa": "  19,69", "pc": "  80,31", "vnom": "7320", "vscv": "0", "vl": "404", "tv": "8169", "vvc": "7724", "vb": "105", "tvn": "340", "vn": "317", "vnt": "23", "vp": "0", "vv": "7724", "van": "0", "vansj": "0", "pvnom": "  94,77", "pvl": "   5,23", "pvvc": "  94,55", "pvb": "   1,29", "ptvn": "   4,16", "pvn": "  93,24", "pvnt": "   6,76", "pvp": "   0,00", "pvv": " 100,00", "pvan": "   0,00", "pvansj": "   0,00", "cand": [{"seq": "6", "n": "45123", "vap": "464", "pvap": "   6,01", "e": "S", "st": "Eleito"}, {"seq": "8", "n": "45222", "vap": "330", "pvap": "   4,27", "e": "S", "st": "Eleito"}, {"seq": "12", "n": "45000", "vap": "303", "pvap": "   3,92", "e": "N", "st": "Suplente"}, {"seq": "14", "n": "45666", "vap": "186", "pvap": "   2,41", "e": "N", "st": "Suplente"}, {"seq": "17", "n": "45456", "vap": "148", "pvap": "   1,92", "e": "N", "st": "Suplente"}, {"seq": "22", "n": "45555", "vap": "96", "pvap": "   1,24", "e": "N", "st": "Suplente"}, {"seq": "25", "n": "45678", "vap": "54", "pvap": "   0,70", "e": "N", "st": "Suplente"}, {"seq": "26", "n": "45111", "vap": "41", "pvap": "   0,53", "e": "N", "st": "Suplente"}, {"seq": "29", "n": "45777", "vap": "24", "pvap": "   0,31", "e": "N", "st": "Suplente"}, {"seq": "33", "n": "45888", "vap": "9", "pvap": "   0,12", "e": "N", "st": "Suplente"}, {"seq": "36", "n": "45345", "vap": "6", "pvap": "   0,08", "e": "N", "st": "Suplente"}, {"seq": "37", "n": "45333", "vap": "6", "pvap": "   0,08", "e": "N", "st": "Suplente"}, {"seq": "38", "n": "45999", "vap": "5", "pvap": "   0,06", "e": "N", "st": "Suplente"}, {"seq": "39", "n": "45444", "vap": "3", "pvap": "   0,04", "e": "N", "st": "Suplente"}, {"seq": "1", "n": "55888", "vap": "655", "pvap": "   8,48", "e": "S", "st": "Eleito"}, {"seq": "2", "n": "55000", "vap": "593", "pvap": "   7,68", "e": "S", "st": "Eleito"}, {"seq": "3", "n": "55777", "vap": "576", "pvap": "   7,46", "e": "S", "st": "Eleito"}, {"seq": "5", "n": "55444", "vap": "492", "pvap": "   6,37", "e": "S", "st": "Eleito"}, {"seq": "9", "n": "55678", "vap": "315", "pvap": "   4,08", "e": "S", "st": "Eleito"}, {"seq": "11", "n": "55333", "vap": "314", "pvap": "   4,07", "e": "N", "st": "Suplente"}, {"seq": "13", "n": "55789", "vap": "216", "pvap": "   2,80", "e": "N", "st": "Suplente"}, {"seq": "15", "n": "55999", "vap": "160", "pvap": "   2,07", "e": "N", "st": "Suplente"}, {"seq": "18", "n": "55555", "vap": "146", "pvap": "   1,89", "e": "N", "st": "Suplente"}, {"seq": "19", "n": "55111", "vap": "136", "pvap": "   1,76", "e": "N", "st": "Suplente"}, {"seq": "31", "n": "55222", "vap": "13", "pvap": "   0,17", "e": "N", "st": "Suplente"}, {"seq": "32", "n": "55123", "vap": "10", "pvap": "   0,13", "e": "N", "st": "Suplente"}, {"seq": "35", "n": "55456", "vap": "6", "pvap": "   0,08", "e": "N", "st": "Suplente"}, {"seq": "4", "n": "14666", "vap": "558", "pvap": "   7,22", "e": "S", "st": "Eleito"}, {"seq": "7", "n": "14567", "vap": "440", "pvap": "   5,70", "e": "S", "st": "Eleito"}, {"seq": "10", "n": "14444", "vap": "387", "pvap": "   5,01", "e": "N", "st": "Suplente"}, {"seq": "16", "n": "14888", "vap": "149", "pvap": "   1,93", "e": "N", "st": "Suplente"}, {"seq": "20", "n": "14111", "vap": "124", "pvap": "   1,61", "e": "N", "st": "Suplente"}, {"seq": "21", "n": "14555", "vap": "112", "pvap": "   1,45", "e": "N", "st": "Suplente"}, {"seq": "23", "n": "14000", "vap": "86", "pvap": "   1,11", "e": "N", "st": "Suplente"}, {"seq": "24", "n": "14777", "vap": "71", "pvap": "   0,92", "e": "N", "st": "Suplente"}, {"seq": "27", "n": "14345", "vap": "31", "pvap": "   0,40", "e": "N", "st": "Suplente"}, {"seq": "28", "n": "14333", "vap": "25", "pvap": "   0,32", "e": "N", "st": "Suplente"}, {"seq": "30", "n": "14222", "vap": "22", "pvap": "   0,28", "e": "N", "st": "Suplente"}, {"seq": "34", "n": "14999", "vap": "8", "pvap": "   0,10", "e": "N", "st": "Suplente"}, {"seq": "40", "n": "14123", "vap": "0", "pvap": "00.00", "e": "N", "st": "Suplente"}]}]}