{"ele": "426", "carper": "13", "t": "1", "f": "O", "esae": "N", "mnae": " ", "dg": "15/11/2020", "hg": "22:15:00", "dv": "S", "nadf": "al27430-c0013-e000426-003-f", "abr": [{"dt": "15/11/2020", "ht": "21:37:15", "tf": "S", "and": "F", "tpabr": "MU", "cdabr": "27430", "s": "14", "st": "14", "snt": "0", "si": "14", "sni": "0", "sa": "14", "sna": "0", "pst": " 100,00", "psnt": "   0,00", "psi": " 100,00", "psni": "   0,00", "psa": " 100,00", "psna": "   0,00", "e": "4965", "ea": "4965", "ena": "0", "esi": "4965", "esni": "0", "c": "4365", "a": "600", "pea": " 100,00", "pena": "   0,00", "pesi": " 100,00", "pesni": "   0,00", "pa": "  12,08", "pc": "  87,92", "vscv": "0", "vnom": "4011", "vl": "199", "tv": "4365", "vvc": "4210", "vb": "42", "tvn": "113", "vn": "113", "vnt": "0", "vp": "0", "vv": "4210", "van": "0", "vansj": "0", "pvnom": "  95,27", "pvl": "   4,73", "pvvc": "  96,45", "pvb": "   0,96", "ptvn": "   2,59", "pvn": " 100,00", "pvnt": "   0,00", "pvp": "   0,00", "pvv": " 100,00", "pvan": "   0,00", "pvansj": "   0,00", "colig": [{"n": "20000112584", "tvtn": "1255", "tvan": "1255", "vag": "4", "tvtl": "87", "tval": "87"}, {"n": "20000149673", "tvtn": "785", "tvan": "785", "vag": "2", "tvtl": "48", "tval": "48"}, {"n": "20000149710", "tvtn": "242", "tvan": "242", "vag": "0", "tvtl": "6", "tval": "6"}, {"n": "20000088634", "tvtn": "859", "tvan": "859", "vag": "2", "tvtl": "18", "tval": "18"}, {"n": "20000109922", "tvtn": "289", "tvan": "289", "vag": "0", "tvtl": "29", "tval": "29"}, {"n": "20000072777", "tvtn": "558", "tvan": "558", "vag": "1", "tvtl": "7", "tval": "7"}, {"n": "20000149502", "tvtn": "23", "tvan": "23", "vag": "0", "tvtl": "4", "tval": "4"}], "part": [{"n": "15", "tvtn": "1255", "tvan": "1255", "tvtl": "87", "tval": "87"}, {"n": "90", "tvtn": "785", "tvan": "785", "tvtl": "48", "tval": "48"}, {"n": "22", "tvtn": "242", "tvan": "242", "tvtl": "6", "tval": "6"}, {"n": "55", "tvtn": "859", "tvan": "859", "tvtl": "18", "tval": "18"}, {"n": "33", "tvtn": "289", "tvan": "289", "tvtl": "29", "tval": "29"}, {"n": "14", "tvtn": "558", "tvan": "558", "tvtl": "7", "tval": "7"}, {"n": "13", "tvtn": "23", "tvan": "23", "tvtl": "4", "tval": "4"}], "cand": [{"seq": "4", "n": "15888", "vap": "185", "pvap": "   4,39", "e": "S", "st": "Eleito"}, {"seq": "1", "n": "15555", "vap": "215", "pvap": "   5,11", "e": "S", "st": "Eleito"}, {"seq": "3", "n": "15111", "vap": "196", "pvap": "   4,66", "e": "S", "st": "Eleito"}, {"seq": "40", "n": "15777", "vap": "9", "pvap": "   0,21", "e": "N", "st": "Suplente"}, {"seq": "39", "n": "15432", "vap": "10", "pvap": "   0,24", "e": "N", "st": "Suplente"}, {"seq": "22", "n": "15333", "vap": "69", "pvap": "   1,64", "e": "N", "st": "Suplente"}, {"seq": "13", "n": "15678", "vap": "105", "pvap": "   2,49", "e": "N", "st": "Suplente"}, {"seq": "18", "n": "15000", "vap": "80", "pvap": "   1,90", "e": "N", "st": "Suplente"}, {"seq": "26", "n": "15123", "vap": "57", "pvap": "   1,35", "e": "N", "st": "Suplente"}, {"seq": "2", "n": "15300", "vap": "200", "pvap": "   4,75", "e": "S", "st": "Eleito"}, {"seq": "27", "n": "15234", "vap": "46", "pvap": "   1,09", "e": "N", "st": "Suplente"}, {"seq": "20", "n": "15222", "vap": "76", "pvap": "   1,81", "e": "N", "st": "Suplente"}, {"seq": "46", "n": "15789", "vap": "7", "pvap": "   0,17", "e": "N", "st": "Suplente"}, {"seq": "38", "n": "90444", "vap": "12", "pvap": "   0,29", "e": "N", "st": "Suplente"}, {"seq": "23", "n": "90555", "vap": "66", "pvap": "   1,57", "e": "N", "st": "Suplente"}, {"seq": "49", "n": "90333", "vap": "5", "pvap": "   0,12", "e": "N", "st": "Suplente"}, {"seq": "7", "n": "90111", "vap": "173", "pvap": "   4,11", "e": "S", "st": "Eleito"}, {"seq": "11", "n": "90123", "vap": "117", "pvap": "   2,78", "e": "N", "st": "Suplente"}, {"seq": "29", "n": "90888", "vap": "37", "pvap": "   0,88", "e": "N", "st": "Suplente"}, {"seq": "44", "n": "90222", "vap": "7", "pvap": "   0,17", "e": "N", "st": "Suplente"}, {"seq": "37", "n": "90900", "vap": "14", "pvap": "   0,33", "e": "N", "st": "Suplente"}, {"seq": "8", "n": "90777", "vap": "162", "pvap": "   3,85", "e": "S", "st": "Eleito"}, {"seq": "10", "n": "90000", "vap": "120", "pvap": "   2,85", "e": "N", "st": "Suplente"}, {"seq": "51", "n": "90251", "vap": "4", "pvap": "   0,10", "e": "N", "st": "Suplente"}, {"seq": "47", "n": "90666", "vap": "6", "pvap": "   0,14", "e": "N", "st": "Suplente"}, {"seq": "28", "n": "90789", "vap": "45", "pvap": "   1,07", "e": "N", "st": "Suplente"}, {"seq": "34", "n": "90999", "vap": "17", "pvap": "   0,40", "e": "N", "st": "Suplente"}, {"seq": "54", "n": "22444", "vap": "84", "pvap": "   2,00", "e": "N", "st": "N\u00e3o eleito"}, {"seq": "65", "n": "22111", "vap": "18", "pvap": "   0,43", "e": "N", "st": "N\u00e3o eleito"}, {"seq": "70", "n": "22313", "vap": "11", "pvap": "   0,26", "e": "N", "st": "N\u00e3o eleito"}, {"seq": "74", "n": "22333", "vap": "3", "pvap": "   0,07", "e": "N", "st": "N\u00e3o eleito"}, {"seq": "77", "n": "22222", "vap": "1", "pvap": "   0,02", "e": "N", "st": "N\u00e3o eleito"}, {"seq": "76", "n": "22345", "vap": "1", "pvap": "   0,02", "e": "N", "st": "N\u00e3o eleito"}, {"seq": "67", "n": "22000", "vap": "12", "pvap": "   0,29", "e": "N", "st": "N\u00e3o eleito"}, {"seq": "56", "n": "22777", "vap": "53", "pvap": "   1,26", "e": "N", "st": "N\u00e3o eleito"}, {"seq": "69", "n": "22221", "vap": "11", "pvap": "   0,26", "e": "N", "st": "N\u00e3o eleito"}, {"seq": "62", "n": "22123", "vap": "24", "pvap": "   0,57", "e": "N", "st": "N\u00e3o eleito"}, {"seq": "61", "n": "22555", "vap": "24", "pvap": "   0,57", "e": "N", "st": "N\u00e3o eleito"}, {"seq": "21", "n": "55111", "vap": "70", "pvap": "   1,66", "e": "N", "st": "Suplente"}, {"seq": "12", "n": "55555", "vap": "111", "pvap": "   2,64", "e": "N", "st": "Suplente"}, {"seq": "31", "n": "55321", "vap": "31", "pvap": "   0,74", "e": "N", "st": "Suplente"}, {"seq": "6", "n": "55678", "vap": "177", "pvap": "   4,20", "e": "S", "st": "Eleito"}, {"seq": "14", "n": "55222", "vap": "102", "pvap": "   2,42", "e": "N", "st": "Suplente"}, {"seq": "5", "n": "55123", "vap": "179", "pvap": "   4,25", "e": "S", "st": "Eleito"}, {"seq": "43", "n": "55000", "vap": "8", "pvap": "   0,19", "e": "N", "st": "Suplente"}, {"seq": "52", "n": "55444", "vap": "3", "pvap": "   0,07", "e": "N", "st": "Suplente"}, {"seq": "16", "n": "55333", "vap": "92", "pvap": "   2,19", "e": "N", "st": "Suplente"}, {"seq": "50", "n": "55113", "vap": "5", "pvap": "   0,12", "e": "N", "st": "Suplente"}, {"seq": "45", "n": "55298", "vap": "7", "pvap": "   0,17", "e": "N", "st": "Suplente"}, {"seq": "25", "n": "55234", "vap": "60", "pvap": "   1,43", "e": "N", "st": "Suplente"}, {"seq": "35", "n": "55115", "vap": "14", "pvap": "   0,33", "e": "N", "st": "Suplente"}, {"seq": "57", "n": "33111", "vap": "50", "pvap": "   1,19", "e": "N", "st": "N\u00e3o eleito"}, {"seq": "59", "n": "33555", "vap": "34", "pvap": "   0,81", "e": "N", "st": "N\u00e3o eleito"}, {"seq": "68", "n": "33456", "vap": "11", "pvap": "   0,26", "e": "N", "st": "N\u00e3o eleito"}, {"seq": "55", "n": "33333", "vap": "63", "pvap": "   1,50", "e": "N", "st": "N\u00e3o eleito"}, {"seq": "60", "n": "33033", "vap": "29", "pvap": "   0,69", "e": "N", "st": "N\u00e3o eleito"}, {"seq": "63", "n": "33234", "vap": "23", "pvap": "   0,55", "e": "N", "st": "N\u00e3o eleito"}, {"seq": "58", "n": "33321", "vap": "48", "pvap": "   1,14", "e": "N", "st": "N\u00e3o eleito"}, {"seq": "71", "n": "33123", "vap": "8", "pvap": "   0,19", "e": "N", "st": "N\u00e3o eleito"}, {"seq": "64", "n": "33000", "vap": "19", "pvap": "   0,45", "e": "N", "st": "N\u00e3o eleito"}, {"seq": "73", "n": "33777", "vap": "4", "pvap": "   0,10", "e": "N", "st": "N\u00e3o eleito"}, {"seq": "41", "n": "14111", "vap": "9", "pvap": "   0,21", "e": "N", "st": "Suplente"}, {"seq": "19", "n": "14789", "vap": "77", "pvap": "   1,83", "e": "N", "st": "Suplente"}, {"seq": "36", "n": "14321", "vap": "14", "pvap": "   0,33", "e": "N", "st": "Suplente"}, {"seq": "33", "n": "14333", "vap": "19", "pvap": "   0,45", "e": "N", "st": "Suplente"}, {"seq": "32", "n": "14123", "vap": "25", "pvap": "   0,59", "e": "N", "st": "Suplente"}, {"seq": "42", "n": "14567", "vap": "9", "pvap": "   0,21", "e": "N", "st": "Suplente"}, {"seq": "15", "n": "14369", "vap": "101", "pvap": "   2,40", "e": "N", "st": "Suplente"}, {"seq": "53", "n": "14557", "vap": "3", "pvap": "   0,07", "e": "N", "st": "Suplente"}, {"seq": "17", "n": "14444", "vap": "84", "pvap": "   2,00", "e": "N", "st": "Suplente"}, {"seq": "48", "n": "14145", "vap": "5", "pvap": "   0,12", "e": "N", "st": "Suplente"}, {"seq": "24", "n": "14555", "vap": "63", "pvap": "   1,50", "e": "N", "st": "Suplente"}, {"seq": "30", "n": "14000", "vap": "36", "pvap": "   0,86", "e": "N", "st": "Suplente"}, {"seq": "9", "n": "14222", "vap": "113", "pvap": "   2,68", "e": "S", "st": "Eleito"}, {"seq": "75", "n": "13000", "vap": "3", "pvap": "   0,07", "e": "N", "st": "N\u00e3o eleito"}, {"seq": "72", "n": "13333", "vap": "7", "pvap": "   0,17", "e": "N", "st": "N\u00e3o eleito"}, {"seq": "66", "n": "13123", "vap": "13", "pvap": "   0,31", "e": "N", "st": "N\u00e3o eleito"}]}, {"dt": "15/11/2020", "ht": "21:37:15", "tf": "S", "and": "F", "tpabr": "ZONA", "cdabr": "8", "s": "14", "st": "14", "snt": "0", "si": "14", "sni": "0", "sa": "14", "sna": "0", "pst": " 100,00", "psnt": "   0,00", "psi": " 100,00", "psni": "   0,00", "psa": " 100,00", "psna": "   0,00", "e": "4965", "ea": "4965", "ena": "0", "esi": "4965", "esni": "0", "a": "600", "c": "4365", "pea": " 100,00", "pena": "   0,00", "pesi": " 100,00", "pesni": "   0,00", "pa": "  12,08", "pc": "  87,92", "vnom": "4011", "vscv": "0", "vl": "199", "tv": "4365", "vvc": "4210", "vb": "42", "tvn": "113", "vn": "113", "vnt": "0", "vp": "0", "vv": "4210", "van": "0", "vansj": "0", "pvnom": "  95,27", "pvl": "   4,73", "pvvc": "  96,45", "pvb": "   0,96", "ptvn": "   2,59", "pvn": " 100,00", "pvnt": "   0,00", "pvp": "   0,00", "pvv": " 100,00", "pvan": "   0,00", "pvansj": "   0,00", "cand": [{"seq": "7", "n": "90111", "vap": "173", "pvap": "   4,11", "e": "S", "st": "Eleito"}, {"seq": "8", "n": "90777", "vap": "162", "pvap": "   3,85", "e": "S", "st": "Eleito"}, {"seq": "10", "n": "90000", "vap": "120", "pvap": "   2,85", "e": "N", "st": "Suplente"}, {"seq": "11", "n": "90123", "vap": "117", "pvap": "   2,78", "e": "N", "st": "Suplente"}, {"seq": "23", "n": "90555", "vap": "66", "pvap": "   1,57", "e": "N", "st": "Suplente"}, {"seq": "28", "n": "90789", "vap": "45", "pvap": "   1,07", "e": "N", "st": "Suplente"}, {"seq": "29", "n": "90888", "vap": "37", "pvap": "   0,88", "e": "N", "st": "Suplente"}, {"seq": "34", "n": "90999", "vap": "17", "pvap": "   0,40", "e": "N", "st": "Suplente"}, {"seq": "37", "n": "90900", "vap": "14", "pvap": "   0,33", "e": "N", "st": "Suplente"}, {"seq": "38", "n": "90444", "vap": "12", "pvap": "   0,29", "e": "N", "st": "Suplente"}, {"seq": "44", "n": "90222", "vap": "7", "pvap": "   0,17", "e": "N", "st": "Suplente"}, {"seq": "47", "n": "90666", "vap": "6", "pvap": "   0,14", "e": "N", "st": "Suplente"}, {"seq": "49", "n": "90333", "vap": "5", "pvap": "   0,12", "e": "N", "st": "Suplente"}, {"seq": "51", "n": "90251", "vap": "4", "pvap": "   0,10", "e": "N", "st": "Suplente"}, {"seq": "5", "n": "55123", "vap": "179", "pvap": "   4,25", "e": "S", "st": "Eleito"}, {"seq": "6", "n": "55678", "vap": "177", "pvap": "   4,20", "e": "S", "st": "Eleito"}, {"seq": "12", "n": "55555", "vap": "111", "pvap": "   2,64", "e": "N", "st": "Suplente"}, {"seq": "14", "n": "55222", "vap": "102", "pvap": "   2,42", "e": "N", "st": "Suplente"}, {"seq": "16", "n": "55333", "vap": "92", "pvap": "   2,19", "e": "N", "st": "Suplente"}, {"seq": "21", "n": "55111", "vap": "70", "pvap": "   1,66", "e": "N", "st": "Suplente"}, {"seq": "25", "n": "55234", "vap": "60", "pvap": "   1,43", "e": "N", "st": "Suplente"}, {"seq": "31", "n": "55321", "vap": "31", "pvap": "   0,74", "e": "N", "st": "Suplente"}, {"seq": "35", "n": "55115", "vap": "14", "pvap": "   0,33", "e": "N", "st": "Suplente"}, {"seq": "43", "n": "55000", "vap": "8", "pvap": "   0,19", "e": "N", "st": "Suplente"}, {"seq": "45", "n": "55298", "vap": "7", "pvap": "   0,17", "e": "N", "st": "Suplente"}, {"seq": "50", "n": "55113", "vap": "5", "pvap": "   0,12", "e": "N", "st": "Suplente"}, {"seq": "52", "n": "55444", "vap": "3", "pvap": "   0,07", "e": "N", "st": "Suplente"}, {"seq": "66", "n": "13123", "vap": "13", "pvap": "   0,31", "e": "N", "st": "N\u00e3o eleito"}, {"seq": "72", "n": "13333", "vap": "7", "pvap": "   0,17", "e": "N", "st": "N\u00e3o eleito"}, {"seq": "75", "n": "13000", "vap": "3", "pvap": "   0,07", "e": "N", "st": "N\u00e3o eleito"}, {"seq": "9", "n": "14222", "vap": "113", "pvap": "   2,68", "e": "S", "st": "Eleito"}, {"seq": "15", "n": "14369", "vap": "101", "pvap": "   2,40", "e": "N", "st": "Suplente"}, {"seq": "17", "n": "14444", "vap": "84", "pvap": "   2,00", "e": "N", "st": "Suplente"}, {"seq": "19", "n": "14789", "vap": "77", "pvap": "   1,83", "e": "N", "st": "Suplente"}, {"seq": "24", "n": "14555", "vap": "63", "pvap": "   1,50", "e": "N", "st": "Suplente"}, {"seq": "30", "n": "14000", "vap": "36", "pvap": "   0,86", "e": "N", "st": "Suplente"}, {"seq": "32", "n": "14123", "vap": "25", "pvap": "   0,59", "e": "N", "st": "Suplente"}, {"seq": "33", "n": "14333", "vap": "19", "pvap": "   0,45", "e": "N", "st": "Suplente"}, {"seq": "36", "n": "14321", "vap": "14", "pvap": "   0,33", "e": "N", "st": "Suplente"}, {"seq": "41", "n": "14111", "vap": "9", "pvap": "   0,21", "e": "N", "st": "Suplente"}, {"seq": "42", "n": "14567", "vap": "9", "pvap": "   0,21", "e": "N", "st": "Suplente"}, {"seq": "48", "n": "14145", "vap": "5", "pvap": "   0,12", "e": "N", "st": "Suplente"}, {"seq": "53", "n": "14557", "vap": "3", "pvap": "   0,07", "e": "N", "st": "Suplente"}, {"seq": "1", "n": "15555", "vap": "215", "pvap": "   5,11", "e": "S", "st": "Eleito"}, {"seq": "2", "n": "15300", "vap": "200", "pvap": "   4,75", "e": "S", "st": "Eleito"}, {"seq": "3", "n": "15111", "vap": "196", "pvap": "   4,66", "e": "S", "st": "Eleito"}, {"seq": "4", "n": "15888", "vap": "185", "pvap": "   4,39", "e": "S", "st": "Eleito"}, {"seq": "13", "n": "15678", "vap": "105", "pvap": "   2,49", "e": "N", "st": "Suplente"}, {"seq": "18", "n": "15000", "vap": "80", "pvap": "   1,90", "e": "N", "st": "Suplente"}, {"seq": "20", "n": "15222", "vap": "76", "pvap": "   1,81", "e": "N", "st": "Suplente"}, {"seq": "22", "n": "15333", "vap": "69", "pvap": "   1,64", "e": "N", "st": "Suplente"}, {"seq": "26", "n": "15123", "vap": "57", "pvap": "   1,35", "e": "N", "st": "Suplente"}, {"seq": "27", "n": "15234", "vap": "46", "pvap": "   1,09", "e": "N", "st": "Suplente"}, {"seq": "39", "n": "15432", "vap": "10", "pvap": "   0,24", "e": "N", "st": "Suplente"}, {"seq": "40", "n": "15777", "vap": "9", "pvap": "   0,21", "e": "N", "st": "Suplente"}, {"seq": "46", "n": "15789", "vap": "7", "pvap": "   0,17", "e": "N", "st": "Suplente"}, {"seq": "54", "n": "22444", "vap": "84", "pvap": "   2,00", "e": "N", "st": "N\u00e3o eleito"}, {"seq": "56", "n": "22777", "vap": "53", "pvap": "   1,26", "e": "N", "st": "N\u00e3o eleito"}, {"seq": "61", "n": "22555", "vap": "24", "pvap": "   0,57", "e": "N", "st": "N\u00e3o eleito"}, {"seq": "62", "n": "22123", "vap": "24", "pvap": "   0,57", "e": "N", "st": "N\u00e3o eleito"}, {"seq": "65", "n": "22111", "vap": "18", "pvap": "   0,43", "e": "N", "st": "N\u00e3o eleito"}, {"seq": "67", "n": "22000", "vap": "12", "pvap": "   0,29", "e": "N", "st": "N\u00e3o eleito"}, {"seq": "69", "n": "22221", "vap": "11", "pvap": "   0,26", "e": "N", "st": "N\u00e3o eleito"}, {"seq": "70", "n": "22313", "vap": "11", "pvap": "   0,26", "e": "N", "st": "N\u00e3o eleito"}, {"seq": "74", "n": "22333", "vap": "3", "pvap": "   0,07", "e": "N", "st": "N\u00e3o eleito"}, {"seq": "76", "n": "22345", "vap": "1", "pvap": "   0,02", "e": "N", "st": "N\u00e3o eleito"}, {"seq": "77", "n": "22222", "vap": "1", "pvap": "   0,02", "e": "N", "st": "N\u00e3o eleito"}, {"seq": "55", "n": "33333", "vap": "63", "pvap": "   1,50", "e": "N", "st": "N\u00e3o eleito"}, {"seq": "57", "n": "33111", "vap": "50", "pvap": "   1,19", "e": "N", "st": "N\u00e3o eleito"}, {"seq": "58", "n": "33321", "vap": "48", "pvap": "   1,14", "e": "N", "st": "N\u00e3o eleito"}, {"seq": "59", "n": "33555", "vap": "34", "pvap": "   0,81", "e": "N", "st": "N\u00e3o eleito"}, {"seq": "60", "n": "33033", "vap": "29", "pvap": "   0,69", "e": "N", "st": "N\u00e3o eleito"}, {"seq": "63", "n": "33234", "vap": "23", "pvap": "   0,55", "e": "N", "st": "N\u00e3o eleito"}, {"seq": "64", "n": "33000", "vap": "19", "pvap": "   0,45", "e": "N", "st": "N\u00e3o eleito"}, {"seq": "68", "n": "33456", "vap": "11", "pvap": "   0,26", "e": "N", "st": "N\u00e3o eleito"}, {"seq": "71", "n": "33123", "vap": "8", "pvap": "   0,19", "e": "N", "st": "N\u00e3o eleito"}, {"seq": "73", "n": "33777", "vap": "4", "pvap": "   0,10", "e": "N", "st": "N\u00e3o eleito"}]}]}