{"ele": "426", "carper": "13", "t": "1", "f": "O", "esae": "N", "mnae": " ", "dg": "16/11/2020", "hg": "00:28:42", "dv": "S", "nadf": "al27081-c0013-e000426-003-f", "abr": [{"dt": "15/11/2020", "ht": "23:50:07", "tf": "S", "and": "F", "tpabr": "MU", "cdabr": "27081", "s": "15", "st": "15", "snt": "0", "si": "15", "sni": "0", "sa": "15", "sna": "0", "pst": " 100,00", "psnt": "   0,00", "psi": " 100,00", "psni": "   0,00", "psa": " 100,00", "psna": "   0,00", "e": "5548", "ea": "5548", "ena": "0", "esi": "5548", "esni": "0", "c": "4448", "a": "1100", "pea": " 100,00", "pena": "   0,00", "pesi": " 100,00", "pesni": "   0,00", "pa": "  19,83", "pc": "  80,17", "vscv": "0", "vnom": "4063", "vl": "185", "tv": "4448", "vvc": "4248", "vb": "36", "tvn": "164", "vn": "164", "vnt": "0", "vp": "0", "vv": "4248", "van": "0", "vansj": "0", "pvnom": "  95,65", "pvl": "   4,35", "pvvc": "  95,50", "pvb": "   0,81", "ptvn": "   3,69", "pvn": " 100,00", "pvnt": "   0,00", "pvp": "   0,00", "pvv": " 100,00", "pvan": "   0,00", "pvansj": "   0,00", "colig": [{"n": "20000144105", "tvtn": "1521", "tvan": "1521", "vag": "3", "tvtl": "28", "tval": "28"}, {"n": "20000123672", "tvtn": "551", "tvan": "551", "vag": "1", "tvtl": "61", "tval": "61"}, {"n": "20000123630", "tvtn": "1991", "tvan": "1991", "vag": "5", "tvtl": "96", "tval": "96"}], "part": [{"n": "22", "tvtn": "1521", "tvan": "1521", "tvtl": "28", "tval": "28"}, {"n": "33", "tvtn": "551", "tvan": "551", "tvtl": "61", "tval": "61"}, {"n": "15", "tvtn": "1991", "tvan": "1991", "tvtl": "96", "tval": "96"}], "cand": [{"seq": "27", "n": "22123", "vap": "5", "pvap": "   0,12", "e": "N", "st": "Suplente"}, {"seq": "20", "n": "22888", "vap": "35", "pvap": "   0,82", "e": "N", "st": "Suplente"}, {"seq": "1", "n": "22555", "vap": "426", "pvap": "  10,03", "e": "S", "st": "Eleito"}, {"seq": "17", "n": "22777", "vap": "108", "pvap": "   2,54", "e": "N", "st": "Suplente"}, {"seq": "15", "n": "22000", "vap": "141", "pvap": "   3,32", "e": "N", "st": "Suplente"}, {"seq": "5", "n": "22222", "vap": "283", "pvap": "   6,66", "e": "S", "st": "Eleito"}, {"seq": "13", "n": "22111", "vap": "152", "pvap": "   3,58", "e": "N", "st": "Suplente"}, {"seq": "22", "n": "22444", "vap": "21", "pvap": "   0,49", "e": "N", "st": "Suplente"}, {"seq": "12", "n": "22999", "vap": "154", "pvap": "   3,63", "e": "N", "st": "Suplente"}, {"seq": "7", "n": "22333", "vap": "196", "pvap": "   4,61", "e": "S", "st": "Eleito"}, {"seq": "4", "n": "33111", "vap": "298", "pvap": "   7,02", "e": "S", "st": "Eleito"}, {"seq": "10", "n": "33333", "vap": "186", "pvap": "   4,38", "e": "N", "st": "Suplente"}, {"seq": "26", "n": "33555", "vap": "8", "pvap": "   0,19", "e": "N", "st": "Suplente"}, {"seq": "25", "n": "33123", "vap": "10", "pvap": "   0,24", "e": "N", "st": "Suplente"}, {"seq": "19", "n": "33000", "vap": "44", "pvap": "   1,04", "e": "N", "st": "Suplente"}, {"seq": "28", "n": "33777", "vap": "5", "pvap": "   0,12", "e": "N", "st": "Suplente"}, {"seq": "24", "n": "15777", "vap": "19", "pvap": "   0,45", "e": "N", "st": "Suplente"}, {"seq": "8", "n": "15999", "vap": "195", "pvap": "   4,59", "e": "S", "st": "Eleito"}, {"seq": "18", "n": "15444", "vap": "94", "pvap": "   2,21", "e": "N", "st": "Suplente"}, {"seq": "6", "n": "15111", "vap": "277", "pvap": "   6,52", "e": "S", "st": "Eleito"}, {"seq": "3", "n": "15888", "vap": "327", "pvap": "   7,70", "e": "S", "st": "Eleito"}, {"seq": "9", "n": "15222", "vap": "185", "pvap": "   4,35", "e": "S", "st": "Eleito"}, {"seq": "21", "n": "15678", "vap": "24", "pvap": "   0,56", "e": "N", "st": "Suplente"}, {"seq": "23", "n": "15333", "vap": "19", "pvap": "   0,45", "e": "N", "st": "Suplente"}, {"seq": "16", "n": "15666", "vap": "135", "pvap": "   3,18", "e": "N", "st": "Suplente"}, {"seq": "29", "n": "15789", "vap": "3", "pvap": "   0,07", "e": "N", "st": "Suplente"}, {"seq": "14", "n": "15555", "vap": "146", "pvap": "   3,44", "e": "N", "st": "Suplente"}, {"seq": "11", "n": "15000", "vap": "179", "pvap": "   4,21", "e": "N", "st": "Suplente"}, {"seq": "2", "n": "15123", "vap": "387", "pvap": "   9,11", "e": "S", "st": "Eleito"}, {"seq": "30", "n": "15456", "vap": "1", "pvap": "   0,02", "e": "N", "st": "Suplente"}]}, {"dt": "15/11/2020", "ht": "23:50:07", "tf": "S", "and": "F", "tpabr": "ZONA", "cdabr": "53", "s": "15", "st": "15", "snt": "0", "si": "15", "sni": "0", "sa": "15", "sna": "0", "pst": " 100,00", "psnt": "   0,00", "psi": " 100,00", "psni": "   0,00", "psa": " 100,00", "psna": "   0,00", "e": "5548", "ea": "5548", "ena": "0", "esi": "5548", "esni": "0", "a": "1100", "c": "4448", "pea": " 100,00", "pena": "   0,00", "pesi": " 100,00", "pesni": "   0,00", "pa": "  19,83", "pc": "  80,17", "vnom": "4063", "vscv": "0", "vl": "185", "tv": "4448", "vvc": "4248", "vb": "36", "tvn": "164", "vn": "164", "vnt": "0", "vp": "0", "vv": "4248", "van": "0", "vansj": "0", "pvnom": "  95,65", "pvl": "   4,35", "pvvc": "  95,50", "pvb": "   0,81", "ptvn": "   3,69", "pvn": " 100,00", "pvnt": "   0,00", "pvp": "   0,00", "pvv": " 100,00", "pvan": "   0,00", "pvansj": "   0,00", "cand": [{"seq": "1", "n": "22555", "vap": "426", "pvap": "  10,03", "e": "S", "st": "Eleito"}, {"seq": "5", "n": "22222", "vap": "283", "pvap": "   6,66", "e": "S", "st": "Eleito"}, {"seq": "7", "n": "22333", "vap": "196", "pvap": "   4,61", "e": "S", "st": "Eleito"}, {"seq": "12", "n": "22999", "vap": "154", "pvap": "   3,63", "e": "N", "st": "Suplente"}, {"seq": "13", "n": "22111", "vap": "152", "pvap": "   3,58", "e": "N", "st": "Suplente"}, {"seq": "15", "n": "22000", "vap": "141", "pvap": "   3,32", "e": "N", "st": "Suplente"}, {"seq": "17", "n": "22777", "vap": "108", "pvap": "   2,54", "e": "N", "st": "Suplente"}, {"seq": "20", "n": "22888", "vap": "35", "pvap": "   0,82", "e": "N", "st": "Suplente"}, {"seq": "22", "n": "22444", "vap": "21", "pvap": "   0,49", "e": "N", "st": "Suplente"}, {"seq": "27", "n": "22123", "vap": "5", "pvap": "   0,12", "e": "N", "st": "Suplente"}, {"seq": "2", "n": "15123", "vap": "387", "pvap": "   9,11", "e": "S", "st": "Eleito"}, {"seq": "3", "n": "15888", "vap": "327", "pvap": "   7,70", "e": "S", "st": "Eleito"}, {"seq": "6", "n": "15111", "vap": "277", "pvap": "   6,52", "e": "S", "st": "Eleito"}, {"seq": "8", "n": "15999", "vap": "195", "pvap": "   4,59", "e": "S", "st": "Eleito"}, {"seq": "9", "n": "15222", "vap": "185", "pvap": "   4,35", "e": "S", "st": "Eleito"}, {"seq": "11", "n": "15000", "vap": "179", "pvap": "   4,21", "e": "N", "st": "Suplente"}, {"seq": "14", "n": "15555", "vap": "146", "pvap": "   3,44", "e": "N", "st": "Suplente"}, {"seq": "16", "n": "15666", "vap": "135", "pvap": "   3,18", "e": "N", "st": "Suplente"}, {"seq": "18", "n": "15444", "vap": "94", "pvap": "   2,21", "e": "N", "st": "Suplente"}, {"seq": "21", "n": "15678", "vap": "24", "pvap": "   0,56", "e": "N", "st": "Suplente"}, {"seq": "23", "n": "15333", "vap": "19", "pvap": "   0,45", "e": "N", "st": "Suplente"}, {"seq": "24", "n": "15777", "vap": "19", "pvap": "   0,45", "e": "N", "st": "Suplente"}, {"seq": "29", "n": "15789", "vap": "3", "pvap": "   0,07", "e": "N", "st": "Suplente"}, {"seq": "30", "n": "15456", "vap": "1", "pvap": "   0,02", "e": "N", "st": "Suplente"}, {"seq": "4", "n": "33111", "vap": "298", "pvap": "   7,02", "e": "S", "st": "Eleito"}, {"seq": "10", "n": "33333", "vap": "186", "pvap": "   4,38", "e": "N", "st": "Suplente"}, {"seq": "19", "n": "33000", "vap": "44", "pvap": "   1,04", "e": "N", "st": "Suplente"}, {"seq": "25", "n": "33123", "vap": "10", "pvap": "   0,24", "e": "N", "st": "Suplente"}, {"seq": "26", "n": "33555", "vap": "8", "pvap": "   0,19", "e": "N", "st": "Suplente"}, {"seq": "28", "n": "33777", "vap": "5", "pvap": "   0,12", "e": "N", "st": "Suplente"}]}]}