{"ele": "426", "carper": "13", "t": "1", "f": "O", "esae": "N", "mnae": " ", "dg": "15/11/2020", "hg": "22:38:39", "dv": "S", "nadf": "al28215-c0013-e000426-002-f", "abr": [{"dt": "15/11/2020", "ht": "22:33:06", "tf": "S", "and": "F", "tpabr": "MU", "cdabr": "28215", "s": "21", "st": "21", "snt": "0", "si": "21", "sni": "0", "sa": "21", "sna": "0", "pst": " 100,00", "psnt": "   0,00", "psi": " 100,00", "psni": "   0,00", "psa": " 100,00", "psna": "   0,00", "e": "8455", "ea": "8455", "ena": "0", "esi": "8455", "esni": "0", "c": "7049", "a": "1406", "pea": " 100,00", "pena": "   0,00", "pesi": " 100,00", "pesni": "   0,00", "pa": "  16,63", "pc": "  83,37", "vscv": "0", "vnom": "6319", "vl": "373", "tv": "7049", "vvc": "6692", "vb": "85", "tvn": "272", "vn": "272", "vnt": "0", "vp": "0", "vv": "6692", "van": "0", "vansj": "0", "pvnom": "  94,43", "pvl": "   5,57", "pvvc": "  94,94", "pvb": "   1,20", "ptvn": "   3,86", "pvn": " 100,00", "pvnt": "   0,00", "pvp": "   0,00", "pvv": " 100,00", "pvan": "   0,00", "pvansj": "   0,00", "colig": [{"n": "20000154841", "tvtn": "2864", "tvan": "2864", "vag": "5", "tvtl": "191", "tval": "191"}, {"n": "20000116611", "tvtn": "254", "tvan": "254", "vag": "0", "tvtl": "13", "tval": "13"}, {"n": "20000144734", "tvtn": "1691", "tvan": "1691", "vag": "2", "tvtl": "124", "tval": "124"}, {"n": "20000154850", "tvtn": "1510", "tvan": "1510", "vag": "2", "tvtl": "45", "tval": "45"}], "part": [{"n": "15", "tvtn": "2864", "tvan": "2864", "tvtl": "191", "tval": "191"}, {"n": "28", "tvtn": "254", "tvan": "254", "tvtl": "13", "tval": "13"}, {"n": "40", "tvtn": "1691", "tvan": "1691", "tvtl": "124", "tval": "124"}, {"n": "55", "tvtn": "1510", "tvan": "1510", "tvtl": "45", "tval": "45"}], "cand": [{"seq": "8", "n": "15111", "vap": "306", "pvap": "   4,57", "e": "S", "st": "Eleito"}, {"seq": "24", "n": "15333", "vap": "56", "pvap": "   0,84", "e": "N", "st": "Suplente"}, {"seq": "29", "n": "15122", "vap": "19", "pvap": "   0,28", "e": "N", "st": "Suplente"}, {"seq": "22", "n": "15444", "vap": "76", "pvap": "   1,14", "e": "N", "st": "Suplente"}, {"seq": "11", "n": "15678", "vap": "288", "pvap": "   4,30", "e": "N", "st": "Suplente"}, {"seq": "9", "n": "15222", "vap": "292", "pvap": "   4,36", "e": "S", "st": "Eleito"}, {"seq": "2", "n": "15456", "vap": "398", "pvap": "   5,95", "e": "S", "st": "Eleito"}, {"seq": "19", "n": "15789", "vap": "151", "pvap": "   2,26", "e": "N", "st": "Suplente"}, {"seq": "15", "n": "15555", "vap": "234", "pvap": "   3,50", "e": "N", "st": "Suplente"}, {"seq": "10", "n": "15123", "vap": "289", "pvap": "   4,32", "e": "N", "st": "Suplente"}, {"seq": "30", "n": "15000", "vap": "17", "pvap": "   0,25", "e": "N", "st": "Suplente"}, {"seq": "6", "n": "15999", "vap": "326", "pvap": "   4,87", "e": "S", "st": "Eleito"}, {"seq": "1", "n": "15345", "vap": "412", "pvap": "   6,16", "e": "S", "st": "Eleito"}, {"seq": "37", "n": "28000", "vap": "0", "pvap": "00.00", "e": "N", "st": "N\u00e3o eleito"}, {"seq": "36", "n": "28123", "vap": "47", "pvap": "   0,70", "e": "N", "st": "N\u00e3o eleito"}, {"seq": "35", "n": "28789", "vap": "70", "pvap": "   1,05", "e": "N", "st": "N\u00e3o eleito"}, {"seq": "34", "n": "28111", "vap": "137", "pvap": "   2,05", "e": "N", "st": "N\u00e3o eleito"}, {"seq": "33", "n": "40333", "vap": "1", "pvap": "   0,01", "e": "N", "st": "Suplente"}, {"seq": "12", "n": "40123", "vap": "283", "pvap": "   4,23", "e": "N", "st": "Suplente"}, {"seq": "20", "n": "40456", "vap": "113", "pvap": "   1,69", "e": "N", "st": "Suplente"}, {"seq": "16", "n": "40222", "vap": "218", "pvap": "   3,26", "e": "N", "st": "Suplente"}, {"seq": "23", "n": "40321", "vap": "60", "pvap": "   0,90", "e": "N", "st": "Suplente"}, {"seq": "7", "n": "40000", "vap": "318", "pvap": "   4,75", "e": "S", "st": "Eleito"}, {"seq": "3", "n": "40555", "vap": "392", "pvap": "   5,86", "e": "S", "st": "Eleito"}, {"seq": "13", "n": "40111", "vap": "256", "pvap": "   3,83", "e": "N", "st": "Suplente"}, {"seq": "25", "n": "40444", "vap": "50", "pvap": "   0,75", "e": "N", "st": "Suplente"}, {"seq": "14", "n": "55222", "vap": "253", "pvap": "   3,78", "e": "N", "st": "Suplente"}, {"seq": "26", "n": "55556", "vap": "43", "pvap": "   0,64", "e": "N", "st": "Suplente"}, {"seq": "17", "n": "55345", "vap": "185", "pvap": "   2,76", "e": "N", "st": "Suplente"}, {"seq": "5", "n": "55554", "vap": "339", "pvap": "   5,07", "e": "S", "st": "Eleito"}, {"seq": "27", "n": "55111", "vap": "39", "pvap": "   0,58", "e": "N", "st": "Suplente"}, {"seq": "18", "n": "55456", "vap": "167", "pvap": "   2,50", "e": "N", "st": "Suplente"}, {"seq": "21", "n": "55655", "vap": "96", "pvap": "   1,43", "e": "N", "st": "Suplente"}, {"seq": "32", "n": "55553", "vap": "3", "pvap": "   0,04", "e": "N", "st": "Suplente"}, {"seq": "28", "n": "55678", "vap": "29", "pvap": "   0,43", "e": "N", "st": "Suplente"}, {"seq": "4", "n": "55555", "vap": "348", "pvap": "   5,20", "e": "S", "st": "Eleito"}, {"seq": "31", "n": "55155", "vap": "8", "pvap": "   0,12", "e": "N", "st": "Suplente"}]}, {"dt": "15/11/2020", "ht": "22:33:06", "tf": "S", "and": "F", "tpabr": "ZONA", "cdabr": "50", "s": "21", "st": "21", "snt": "0", "si": "21", "sni": "0", "sa": "21", "sna": "0", "pst": " 100,00", "psnt": "   0,00", "psi": " 100,00", "psni": "   0,00", "psa": " 100,00", "psna": "   0,00", "e": "8455", "ea": "8455", "ena": "0", "esi": "8455", "esni": "0", "a": "1406", "c": "7049", "pea": " 100,00", "pena": "   0,00", "pesi": " 100,00", "pesni": "   0,00", "pa": "  16,63", "pc": "  83,37", "vnom": "6319", "vscv": "0", "vl": "373", "tv": "7049", "vvc": "6692", "vb": "85", "tvn": "272", "vn": "272", "vnt": "0", "vp": "0", "vv": "6692", "van": "0", "vansj": "0", "pvnom": "  94,43", "pvl": "   5,57", "pvvc": "  94,94", "pvb": "   1,20", "ptvn": "   3,86", "pvn": " 100,00", "pvnt": "   0,00", "pvp": "   0,00", "pvv": " 100,00", "pvan": "   0,00", "pvansj": "   0,00", "cand": [{"seq": "1", "n": "15345", "vap": "412", "pvap": "   6,16", "e": "S", "st": "Eleito"}, {"seq": "2", "n": "15456", "vap": "398", "pvap": "   5,95", "e": "S", "st": "Eleito"}, {"seq": "6", "n": "15999", "vap": "326", "pvap": "   4,87", "e": "S", "st": "Eleito"}, {"seq": "8", "n": "15111", "vap": "306", "pvap": "   4,57", "e": "S", "st": "Eleito"}, {"seq": "9", "n": "15222", "vap": "292", "pvap": "   4,36", "e": "S", "st": "Eleito"}, {"seq": "10", "n": "15123", "vap": "289", "pvap": "   4,32", "e": "N", "st": "Suplente"}, {"seq": "11", "n": "15678", "vap": "288", "pvap": "   4,30", "e": "N", "st": "Suplente"}, {"seq": "15", "n": "15555", "vap": "234", "pvap": "   3,50", "e": "N", "st": "Suplente"}, {"seq": "19", "n": "15789", "vap": "151", "pvap": "   2,26", "e": "N", "st": "Suplente"}, {"seq": "22", "n": "15444", "vap": "76", "pvap": "   1,14", "e": "N", "st": "Suplente"}, {"seq": "24", "n": "15333", "vap": "56", "pvap": "   0,84", "e": "N", "st": "Suplente"}, {"seq": "29", "n": "15122", "vap": "19", "pvap": "   0,28", "e": "N", "st": "Suplente"}, {"seq": "30", "n": "15000", "vap": "17", "pvap": "   0,25", "e": "N", "st": "Suplente"}, {"seq": "34", "n": "28111", "vap": "137", "pvap": "   2,05", "e": "N", "st": "N\u00e3o eleito"}, {"seq": "35", "n": "28789", "vap": "70", "pvap": "   1,05", "e": "N", "st": "N\u00e3o eleito"}, {"seq": "36", "n": "28123", "vap": "47", "pvap": "   0,70", "e": "N", "st": "N\u00e3o eleito"}, {"seq": "37", "n": "28000", "vap": "0", "pvap": "00.00", "e": "N", "st": "N\u00e3o eleito"}, {"seq": "3", "n": "40555", "vap": "392", "pvap": "   5,86", "e": "S", "st": "Eleito"}, {"seq": "7", "n": "40000", "vap": "318", "pvap": "   4,75", "e": "S", "st": "Eleito"}, {"seq": "12", "n": "40123", "vap": "283", "pvap": "   4,23", "e": "N", "st": "Suplente"}, {"seq": "13", "n": "40111", "vap": "256", "pvap": "   3,83", "e": "N", "st": "Suplente"}, {"seq": "16", "n": "40222", "vap": "218", "pvap": "   3,26", "e": "N", "st": "Suplente"}, {"seq": "20", "n": "40456", "vap": "113", "pvap": "   1,69", "e": "N", "st": "Suplente"}, {"seq": "23", "n": "40321", "vap": "60", "pvap": "   0,90", "e": "N", "st": "Suplente"}, {"seq": "25", "n": "40444", "vap": "50", "pvap": "   0,75", "e": "N", "st": "Suplente"}, {"seq": "33", "n": "40333", "vap": "1", "pvap": "   0,01", "e": "N", "st": "Suplente"}, {"seq": "4", "n": "55555", "vap": "348", "pvap": "   5,20", "e": "S", "st": "Eleito"}, {"seq": "5", "n": "55554", "vap": "339", "pvap": "   5,07", "e": "S", "st": "Eleito"}, {"seq": "14", "n": "55222", "vap": "253", "pvap": "   3,78", "e": "N", "st": "Suplente"}, {"seq": "17", "n": "55345", "vap": "185", "pvap": "   2,76", "e": "N", "st": "Suplente"}, {"seq": "18", "n": "55456", "vap": "167", "pvap": "   2,50", "e": "N", "st": "Suplente"}, {"seq": "21", "n": "55655", "vap": "96", "pvap": "   1,43", "e": "N", "st": "Suplente"}, {"seq": "26", "n": "55556", "vap": "43", "pvap": "   0,64", "e": "N", "st": "Suplente"}, {"seq": "27", "n": "55111", "vap": "39", "pvap": "   0,58", "e": "N", "st": "Suplente"}, {"seq": "28", "n": "55678", "vap": "29", "pvap": "   0,43", "e": "N", "st": "Suplente"}, {"seq": "31", "n": "55155", "vap": "8", "pvap": "   0,12", "e": "N", "st": "Suplente"}, {"seq": "32", "n": "55553", "vap": "3", "pvap": "   0,04", "e": "N", "st": "Suplente"}]}]}