{"ele": "426", "carper": "13", "t": "1", "f": "O", "esae": "N", "mnae": " ", "dg": "15/11/2020", "hg": "22:38:37", "dv": "S", "nadf": "al28754-c0013-e000426-003-f", "abr": [{"dt": "15/11/2020", "ht": "22:13:15", "tf": "S", "and": "F", "tpabr": "MU", "cdabr": "28754", "s": "63", "st": "63", "snt": "0", "si": "63", "sni": "0", "sa": "63", "sna": "0", "pst": " 100,00", "psnt": "   0,00", "psi": " 100,00", "psni": "   0,00", "psa": " 100,00", "psna": "   0,00", "e": "24790", "ea": "24790", "ena": "0", "esi": "24790", "esni": "0", "c": "19941", "a": "4849", "pea": " 100,00", "pena": "   0,00", "pesi": " 100,00", "pesni": "   0,00", "pa": "  19,56", "pc": "  80,44", "vscv": "0", "vnom": "18159", "vl": "793", "tv": "19941", "vvc": "18952", "vb": "305", "tvn": "684", "vn": "684", "vnt": "0", "vp": "0", "vv": "18952", "van": "0", "vansj": "0", "pvnom": "  95,82", "pvl": "   4,18", "pvvc": "  95,04", "pvb": "   1,53", "ptvn": "   3,43", "pvn": " 100,00", "pvnt": "   0,00", "pvp": "   0,00", "pvv": " 100,00", "pvan": "   0,00", "pvansj": "   0,00", "colig": [{"n": "20000064777", "tvtn": "8526", "tvan": "8526", "vag": "7", "tvtl": "376", "tval": "376"}, {"n": "20000122835", "tvtn": "3720", "tvan": "3720", "vag": "3", "tvtl": "86", "tval": "86"}, {"n": "20000079467", "tvtn": "1770", "tvan": "1770", "vag": "1", "tvtl": "67", "tval": "67"}, {"n": "20000122841", "tvtn": "826", "tvan": "826", "vag": "0", "tvtl": "122", "tval": "122"}, {"n": "20000106064", "tvtn": "68", "tvan": "68", "vag": "0", "tvtl": "20", "tval": "20"}, {"n": "20000064781", "tvtn": "3249", "tvan": "3249", "vag": "2", "tvtl": "122", "tval": "122"}], "part": [{"n": "11", "tvtn": "8526", "tvan": "8526", "tvtl": "376", "tval": "376"}, {"n": "55", "tvtn": "3720", "tvan": "3720", "tvtl": "86", "tval": "86"}, {"n": "33", "tvtn": "1770", "tvan": "1770", "tvtl": "67", "tval": "67"}, {"n": "10", "tvtn": "826", "tvan": "826", "tvtl": "122", "tval": "122"}, {"n": "18", "tvtn": "68", "tvan": "68", "tvtl": "20", "tval": "20"}, {"n": "77", "tvtn": "3249", "tvan": "3249", "tvtl": "122", "tval": "122"}], "cand": [{"seq": "9", "n": "11888", "vap": "716", "pvap": "   3,78", "e": "S", "st": "Eleito"}, {"seq": "6", "n": "11333", "vap": "833", "pvap": "   4,40", "e": "S", "st": "Eleito"}, {"seq": "2", "n": "11222", "vap": "1161", "pvap": "   6,13", "e": "S", "st": "Eleito"}, {"seq": "5", "n": "11000", "vap": "862", "pvap": "   4,55", "e": "S", "st": "Eleito"}, {"seq": "18", "n": "11666", "vap": "404", "pvap": "   2,13", "e": "N", "st": "Suplente"}, {"seq": "35", "n": "11234", "vap": "109", "pvap": "   0,58", "e": "N", "st": "Suplente"}, {"seq": "3", "n": "11777", "vap": "1092", "pvap": "   5,76", "e": "S", "st": "Eleito"}, {"seq": "33", "n": "11478", "vap": "130", "pvap": "   0,69", "e": "N", "st": "Suplente"}, {"seq": "1", "n": "11111", "vap": "1409", "pvap": "   7,43", "e": "S", "st": "Eleito"}, {"seq": "4", "n": "11123", "vap": "943", "pvap": "   4,98", "e": "S", "st": "Eleito"}, {"seq": "59", "n": "11789", "vap": "0", "pvap": "00.00", "e": "N", "st": "Suplente"}, {"seq": "40", "n": "11456", "vap": "64", "pvap": "   0,34", "e": "N", "st": "Suplente"}, {"seq": "15", "n": "11444", "vap": "555", "pvap": "   2,93", "e": "N", "st": "Suplente"}, {"seq": "22", "n": "11999", "vap": "248", "pvap": "   1,31", "e": "N", "st": "Suplente"}, {"seq": "52", "n": "55123", "vap": "7", "pvap": "   0,04", "e": "N", "st": "Suplente"}, {"seq": "8", "n": "55333", "vap": "752", "pvap": "   3,97", "e": "S", "st": "Eleito"}, {"seq": "16", "n": "55222", "vap": "544", "pvap": "   2,87", "e": "N", "st": "Suplente"}, {"seq": "20", "n": "55555", "vap": "313", "pvap": "   1,65", "e": "N", "st": "Suplente"}, {"seq": "53", "n": "55888", "vap": "4", "pvap": "   0,02", "e": "N", "st": "Suplente"}, {"seq": "10", "n": "55777", "vap": "681", "pvap": "   3,59", "e": "S", "st": "Eleito"}, {"seq": "7", "n": "55444", "vap": "752", "pvap": "   3,97", "e": "S", "st": "Eleito"}, {"seq": "14", "n": "55000", "vap": "667", "pvap": "   3,52", "e": "N", "st": "Suplente"}, {"seq": "57", "n": "33315", "vap": "2", "pvap": "   0,01", "e": "N", "st": "Suplente"}, {"seq": "30", "n": "33999", "vap": "177", "pvap": "   0,93", "e": "N", "st": "Suplente"}, {"seq": "54", "n": "33320", "vap": "4", "pvap": "   0,02", "e": "N", "st": "Suplente"}, {"seq": "21", "n": "33888", "vap": "281", "pvap": "   1,48", "e": "N", "st": "Suplente"}, {"seq": "50", "n": "33666", "vap": "9", "pvap": "   0,05", "e": "N", "st": "Suplente"}, {"seq": "28", "n": "33123", "vap": "208", "pvap": "   1,10", "e": "N", "st": "Suplente"}, {"seq": "41", "n": "33444", "vap": "57", "pvap": "   0,30", "e": "N", "st": "Suplente"}, {"seq": "42", "n": "33216", "vap": "56", "pvap": "   0,30", "e": "N", "st": "Suplente"}, {"seq": "25", "n": "33789", "vap": "237", "pvap": "   1,25", "e": "N", "st": "Suplente"}, {"seq": "44", "n": "33777", "vap": "27", "pvap": "   0,14", "e": "N", "st": "Suplente"}, {"seq": "13", "n": "33222", "vap": "296", "pvap": "   1,56", "e": "S", "st": "Eleito"}, {"seq": "58", "n": "33234", "vap": "2", "pvap": "   0,01", "e": "N", "st": "Suplente"}, {"seq": "51", "n": "33322", "vap": "8", "pvap": "   0,04", "e": "N", "st": "Suplente"}, {"seq": "55", "n": "33155", "vap": "3", "pvap": "   0,02", "e": "N", "st": "Suplente"}, {"seq": "47", "n": "33456", "vap": "14", "pvap": "   0,07", "e": "N", "st": "Suplente"}, {"seq": "32", "n": "33555", "vap": "142", "pvap": "   0,75", "e": "N", "st": "Suplente"}, {"seq": "26", "n": "33333", "vap": "236", "pvap": "   1,25", "e": "N", "st": "Suplente"}, {"seq": "49", "n": "33144", "vap": "11", "pvap": "   0,06", "e": "N", "st": "Suplente"}, {"seq": "65", "n": "10555", "vap": "19", "pvap": "   0,10", "e": "N", "st": "N\u00e3o eleito"}, {"seq": "60", "n": "10000", "vap": "637", "pvap": "   3,36", "e": "N", "st": "N\u00e3o eleito"}, {"seq": "67", "n": "10999", "vap": "3", "pvap": "   0,02", "e": "N", "st": "N\u00e3o eleito"}, {"seq": "61", "n": "10123", "vap": "73", "pvap": "   0,39", "e": "N", "st": "N\u00e3o eleito"}, {"seq": "64", "n": "10444", "vap": "45", "pvap": "   0,24", "e": "N", "st": "N\u00e3o eleito"}, {"seq": "63", "n": "10222", "vap": "49", "pvap": "   0,26", "e": "N", "st": "N\u00e3o eleito"}, {"seq": "66", "n": "18555", "vap": "5", "pvap": "   0,03", "e": "N", "st": "N\u00e3o eleito"}, {"seq": "62", "n": "18000", "vap": "63", "pvap": "   0,33", "e": "N", "st": "N\u00e3o eleito"}, {"seq": "45", "n": "77456", "vap": "20", "pvap": "   0,11", "e": "N", "st": "Suplente"}, {"seq": "24", "n": "77555", "vap": "240", "pvap": "   1,27", "e": "N", "st": "Suplente"}, {"seq": "19", "n": "77666", "vap": "363", "pvap": "   1,92", "e": "N", "st": "Suplente"}, {"seq": "27", "n": "77700", "vap": "216", "pvap": "   1,14", "e": "N", "st": "Suplente"}, {"seq": "39", "n": "77123", "vap": "73", "pvap": "   0,39", "e": "N", "st": "Suplente"}, {"seq": "37", "n": "77222", "vap": "84", "pvap": "   0,44", "e": "N", "st": "Suplente"}, {"seq": "38", "n": "77177", "vap": "76", "pvap": "   0,40", "e": "N", "st": "Suplente"}, {"seq": "11", "n": "77000", "vap": "466", "pvap": "   2,46", "e": "S", "st": "Eleito"}, {"seq": "12", "n": "77711", "vap": "422", "pvap": "   2,23", "e": "S", "st": "Eleito"}, {"seq": "36", "n": "77333", "vap": "89", "pvap": "   0,47", "e": "N", "st": "Suplente"}, {"seq": "23", "n": "77777", "vap": "244", "pvap": "   1,29", "e": "N", "st": "Suplente"}, {"seq": "17", "n": "77111", "vap": "420", "pvap": "   2,22", "e": "N", "st": "Suplente"}, {"seq": "48", "n": "77411", "vap": "13", "pvap": "   0,07", "e": "N", "st": "Suplente"}, {"seq": "34", "n": "77999", "vap": "109", "pvap": "   0,58", "e": "N", "st": "Suplente"}, {"seq": "31", "n": "77888", "vap": "162", "pvap": "   0,85", "e": "N", "st": "Suplente"}, {"seq": "56", "n": "77100", "vap": "2", "pvap": "   0,01", "e": "N", "st": "Suplente"}, {"seq": "43", "n": "77790", "vap": "47", "pvap": "   0,25", "e": "N", "st": "Suplente"}, {"seq": "29", "n": "77444", "vap": "184", "pvap": "   0,97", "e": "N", "st": "Suplente"}, {"seq": "46", "n": "77567", "vap": "19", "pvap": "   0,10", "e": "N", "st": "Suplente"}]}, {"dt": "15/11/2020", "ht": "22:13:15", "tf": "S", "and": "F", "tpabr": "ZONA", "cdabr": "49", "s": "63", "st": "63", "snt": "0", "si": "63", "sni": "0", "sa": "63", "sna": "0", "pst": " 100,00", "psnt": "   0,00", "psi": " 100,00", "psni": "   0,00", "psa": " 100,00", "psna": "   0,00", "e": "24790", "ea": "24790", "ena": "0", "esi": "24790", "esni": "0", "a": "4849", "c": "19941", "pea": " 100,00", "pena": "   0,00", "pesi": " 100,00", "pesni": "   0,00", "pa": "  19,56", "pc": "  80,44", "vnom": "18159", "vscv": "0", "vl": "793", "tv": "19941", "vvc": "18952", "vb": "305", "tvn": "684", "vn": "684", "vnt": "0", "vp": "0", "vv": "18952", "van": "0", "vansj": "0", "pvnom": "  95,82", "pvl": "   4,18", "pvvc": "  95,04", "pvb": "   1,53", "ptvn": "   3,43", "pvn": " 100,00", "pvnt": "   0,00", "pvp": "   0,00", "pvv": " 100,00", "pvan": "   0,00", "pvansj": "   0,00", "cand": [{"seq": "1", "n": "11111", "vap": "1409", "pvap": "   7,43", "e": "S", "st": "Eleito"}, {"seq": "2", "n": "11222", "vap": "1161", "pvap": "   6,13", "e": "S", "st": "Eleito"}, {"seq": "3", "n": "11777", "vap": "1092", "pvap": "   5,76", "e": "S", "st": "Eleito"}, {"seq": "4", "n": "11123", "vap": "943", "pvap": "   4,98", "e": "S", "st": "Eleito"}, {"seq": "5", "n": "11000", "vap": "862", "pvap": "   4,55", "e": "S", "st": "Eleito"}, {"seq": "6", "n": "11333", "vap": "833", "pvap": "   4,40", "e": "S", "st": "Eleito"}, {"seq": "9", "n": "11888", "vap": "716", "pvap": "   3,78", "e": "S", "st": "Eleito"}, {"seq": "15", "n": "11444", "vap": "555", "pvap": "   2,93", "e": "N", "st": "Suplente"}, {"seq": "18", "n": "11666", "vap": "404", "pvap": "   2,13", "e": "N", "st": "Suplente"}, {"seq": "22", "n": "11999", "vap": "248", "pvap": "   1,31", "e": "N", "st": "Suplente"}, {"seq": "33", "n": "11478", "vap": "130", "pvap": "   0,69", "e": "N", "st": "Suplente"}, {"seq": "35", "n": "11234", "vap": "109", "pvap": "   0,58", "e": "N", "st": "Suplente"}, {"seq": "40", "n": "11456", "vap": "64", "pvap": "   0,34", "e": "N", "st": "Suplente"}, {"seq": "59", "n": "11789", "vap": "0", "pvap": "00.00", "e": "N", "st": "Suplente"}, {"seq": "7", "n": "55444", "vap": "752", "pvap": "   3,97", "e": "S", "st": "Eleito"}, {"seq": "8", "n": "55333", "vap": "752", "pvap": "   3,97", "e": "S", "st": "Eleito"}, {"seq": "10", "n": "55777", "vap": "681", "pvap": "   3,59", "e": "S", "st": "Eleito"}, {"seq": "14", "n": "55000", "vap": "667", "pvap": "   3,52", "e": "N", "st": "Suplente"}, {"seq": "16", "n": "55222", "vap": "544", "pvap": "   2,87", "e": "N", "st": "Suplente"}, {"seq": "20", "n": "55555", "vap": "313", "pvap": "   1,65", "e": "N", "st": "Suplente"}, {"seq": "52", "n": "55123", "vap": "7", "pvap": "   0,04", "e": "N", "st": "Suplente"}, {"seq": "53", "n": "55888", "vap": "4", "pvap": "   0,02", "e": "N", "st": "Suplente"}, {"seq": "62", "n": "18000", "vap": "63", "pvap": "   0,33", "e": "N", "st": "N\u00e3o eleito"}, {"seq": "66", "n": "18555", "vap": "5", "pvap": "   0,03", "e": "N", "st": "N\u00e3o eleito"}, {"seq": "11", "n": "77000", "vap": "466", "pvap": "   2,46", "e": "S", "st": "Eleito"}, {"seq": "12", "n": "77711", "vap": "422", "pvap": "   2,23", "e": "S", "st": "Eleito"}, {"seq": "17", "n": "77111", "vap": "420", "pvap": "   2,22", "e": "N", "st": "Suplente"}, {"seq": "19", "n": "77666", "vap": "363", "pvap": "   1,92", "e": "N", "st": "Suplente"}, {"seq": "23", "n": "77777", "vap": "244", "pvap": "   1,29", "e": "N", "st": "Suplente"}, {"seq": "24", "n": "77555", "vap": "240", "pvap": "   1,27", "e": "N", "st": "Suplente"}, {"seq": "27", "n": "77700", "vap": "216", "pvap": "   1,14", "e": "N", "st": "Suplente"}, {"seq": "29", "n": "77444", "vap": "184", "pvap": "   0,97", "e": "N", "st": "Suplente"}, {"seq": "31", "n": "77888", "vap": "162", "pvap": "   0,85", "e": "N", "st": "Suplente"}, {"seq": "34", "n": "77999", "vap": "109", "pvap": "   0,58", "e": "N", "st": "Suplente"}, {"seq": "36", "n": "77333", "vap": "89", "pvap": "   0,47", "e": "N", "st": "Suplente"}, {"seq": "37", "n": "77222", "vap": "84", "pvap": "   0,44", "e": "N", "st": "Suplente"}, {"seq": "38", "n": "77177", "vap": "76", "pvap": "   0,40", "e": "N", "st": "Suplente"}, {"seq": "39", "n": "77123", "vap": "73", "pvap": "   0,39", "e": "N", "st": "Suplente"}, {"seq": "43", "n": "77790", "vap": "47", "pvap": "   0,25", "e": "N", "st": "Suplente"}, {"seq": "45", "n": "77456", "vap": "20", "pvap": "   0,11", "e": "N", "st": "Suplente"}, {"seq": "46", "n": "77567", "vap": "19", "pvap": "   0,10", "e": "N", "st": "Suplente"}, {"seq": "48", "n": "77411", "vap": "13", "pvap": "   0,07", "e": "N", "st": "Suplente"}, {"seq": "56", "n": "77100", "vap": "2", "pvap": "   0,01", "e": "N", "st": "Suplente"}, {"seq": "13", "n": "33222", "vap": "296", "pvap": "   1,56", "e": "S", "st": "Eleito"}, {"seq": "21", "n": "33888", "vap": "281", "pvap": "   1,48", "e": "N", "st": "Suplente"}, {"seq": "25", "n": "33789", "vap": "237", "pvap": "   1,25", "e": "N", "st": "Suplente"}, {"seq": "26", "n": "33333", "vap": "236", "pvap": "   1,25", "e": "N", "st": "Suplente"}, {"seq": "28", "n": "33123", "vap": "208", "pvap": "   1,10", "e": "N", "st": "Suplente"}, {"seq": "30", "n": "33999", "vap": "177", "pvap": "   0,93", "e": "N", "st": "Suplente"}, {"seq": "32", "n": "33555", "vap": "142", "pvap": "   0,75", "e": "N", "st": "Suplente"}, {"seq": "41", "n": "33444", "vap": "57", "pvap": "   0,30", "e": "N", "st": "Suplente"}, {"seq": "42", "n": "33216", "vap": "56", "pvap": "   0,30", "e": "N", "st": "Suplente"}, {"seq": "44", "n": "33777", "vap": "27", "pvap": "   0,14", "e": "N", "st": "Suplente"}, {"seq": "47", "n": "33456", "vap": "14", "pvap": "   0,07", "e": "N", "st": "Suplente"}, {"seq": "49", "n": "33144", "vap": "11", "pvap": "   0,06", "e": "N", "st": "Suplente"}, {"seq": "50", "n": "33666", "vap": "9", "pvap": "   0,05", "e": "N", "st": "Suplente"}, {"seq": "51", "n": "33322", "vap": "8", "pvap": "   0,04", "e": "N", "st": "Suplente"}, {"seq": "54", "n": "33320", "vap": "4", "pvap": "   0,02", "e": "N", "st": "Suplente"}, {"seq": "55", "n": "33155", "vap": "3", "pvap": "   0,02", "e": "N", "st": "Suplente"}, {"seq": "57", "n": "33315", "vap": "2", "pvap": "   0,01", "e": "N", "st": "Suplente"}, {"seq": "58", "n": "33234", "vap": "2", "pvap": "   0,01", "e": "N", "st": "Suplente"}, {"seq": "60", "n": "10000", "vap": "637", "pvap": "   3,36", "e": "N", "st": "N\u00e3o eleito"}, {"seq": "61", "n": "10123", "vap": "73", "pvap": "   0,39", "e": "N", "st": "N\u00e3o eleito"}, {"seq": "63", "n": "10222", "vap": "49", "pvap": "   0,26", "e": "N", "st": "N\u00e3o eleito"}, {"seq": "64", "n": "10444", "vap": "45", "pvap": "   0,24", "e": "N", "st": "N\u00e3o eleito"}, {"seq": "65", "n": "10555", "vap": "19", "pvap": "   0,10", "e": "N", "st": "N\u00e3o eleito"}, {"seq": "67", "n": "10999", "vap": "3", "pvap": "   0,02", "e": "N", "st": "N\u00e3o eleito"}]}]}