{"ele": "426", "carper": "13", "t": "1", "f": "O", "esae": "N", "mnae": " ", "dg": "15/11/2020", "hg": "22:38:38", "dv": "S", "nadf": "al28550-c0013-e000426-003-f", "abr": [{"dt": "15/11/2020", "ht": "22:31:21", "tf": "S", "and": "F", "tpabr": "MU", "cdabr": "28550", "s": "15", "st": "15", "snt": "0", "si": "15", "sni": "0", "sa": "15", "sna": "0", "pst": " 100,00", "psnt": "   0,00", "psi": " 100,00", "psni": "   0,00", "psa": " 100,00", "psna": "   0,00", "e": "5465", "ea": "5465", "ena": "0", "esi": "5465", "esni": "0", "c": "4459", "a": "1006", "pea": " 100,00", "pena": "   0,00", "pesi": " 100,00", "pesni": "   0,00", "pa": "  18,41", "pc": "  81,59", "vscv": "0", "vnom": "4075", "vl": "239", "tv": "4459", "vvc": "4314", "vb": "32", "tvn": "113", "vn": "112", "vnt": "1", "vp": "0", "vv": "4314", "van": "0", "vansj": "0", "pvnom": "  94,46", "pvl": "   5,54", "pvvc": "  96,75", "pvb": "   0,72", "ptvn": "   2,53", "pvn": "  99,12", "pvnt": "   0,88", "pvp": "   0,00", "pvv": " 100,00", "pvan": "   0,00", "pvansj": "   0,00", "colig": [{"n": "20000114535", "tvtn": "2178", "tvan": "2178", "vag": "5", "tvtl": "117", "tval": "117"}, {"n": "20000114615", "tvtn": "0", "tvan": "0", "vag": "0", "tvtl": "2", "tval": "2"}, {"n": "20000114613", "tvtn": "196", "tvan": "196", "vag": "0", "tvtl": "12", "tval": "12"}, {"n": "20000128584", "tvtn": "1123", "tvan": "1124", "vag": "3", "tvtl": "84", "tval": "84"}, {"n": "20000073242", "tvtn": "578", "tvan": "578", "vag": "1", "tvtl": "24", "tval": "24"}], "part": [{"n": "11", "tvtn": "2178", "tvan": "2178", "tvtl": "117", "tval": "117"}, {"n": "23", "tvtn": "0", "tvan": "0", "tvtl": "2", "tval": "2"}, {"n": "20", "tvtn": "196", "tvan": "196", "tvtl": "12", "tval": "12"}, {"n": "14", "tvtn": "1123", "tvan": "1123", "tvtl": "84", "tval": "84"}, {"n": "77", "tvtn": "578", "tvan": "578", "tvtl": "24", "tval": "24"}], "cand": [{"seq": "5", "n": "11222", "vap": "234", "pvap": "   5,42", "e": "S", "st": "Eleito"}, {"seq": "14", "n": "11444", "vap": "116", "pvap": "   2,69", "e": "N", "st": "Suplente"}, {"seq": "6", "n": "11333", "vap": "221", "pvap": "   5,12", "e": "S", "st": "Eleito"}, {"seq": "11", "n": "11111", "vap": "183", "pvap": "   4,24", "e": "N", "st": "Suplente"}, {"seq": "7", "n": "11123", "vap": "199", "pvap": "   4,61", "e": "S", "st": "Eleito"}, {"seq": "10", "n": "11789", "vap": "195", "pvap": "   4,52", "e": "N", "st": "Suplente"}, {"seq": "20", "n": "11237", "vap": "70", "pvap": "   1,62", "e": "N", "st": "Suplente"}, {"seq": "17", "n": "11999", "vap": "107", "pvap": "   2,48", "e": "N", "st": "Suplente"}, {"seq": "8", "n": "11456", "vap": "195", "pvap": "   4,52", "e": "S", "st": "Eleito"}, {"seq": "3", "n": "11777", "vap": "286", "pvap": "   6,63", "e": "S", "st": "Eleito"}, {"seq": "12", "n": "11000", "vap": "139", "pvap": "   3,22", "e": "N", "st": "Suplente"}, {"seq": "13", "n": "11555", "vap": "119", "pvap": "   2,76", "e": "N", "st": "Suplente"}, {"seq": "15", "n": "11234", "vap": "114", "pvap": "   2,64", "e": "N", "st": "Suplente"}, {"seq": "46", "n": "23123", "vap": "0", "pvap": "00.00", "e": "N", "st": "N\u00e3o eleito"}, {"seq": "40", "n": "20000", "vap": "86", "pvap": "   1,99", "e": "N", "st": "N\u00e3o eleito"}, {"seq": "41", "n": "20123", "vap": "47", "pvap": "   1,09", "e": "N", "st": "N\u00e3o eleito"}, {"seq": "45", "n": "20888", "vap": "0", "pvap": "00.00", "e": "N", "st": "N\u00e3o eleito"}, {"seq": "43", "n": "20222", "vap": "25", "pvap": "   0,58", "e": "N", "st": "N\u00e3o eleito"}, {"seq": "44", "n": "20111", "vap": "1", "pvap": "   0,02", "e": "N", "st": "N\u00e3o eleito"}, {"seq": "42", "n": "20444", "vap": "37", "pvap": "   0,86", "e": "N", "st": "N\u00e3o eleito"}, {"seq": "25", "n": "14555", "vap": "37", "pvap": "   0,86", "e": "N", "st": "Suplente"}, {"seq": "35", "n": "14222", "vap": "5", "pvap": "   0,12", "e": "N", "st": "Suplente"}, {"seq": "31", "n": "14125", "vap": "22", "pvap": "   0,51", "e": "N", "st": "Suplente"}, {"seq": "4", "n": "14644", "vap": "271", "pvap": "   6,28", "e": "S", "st": "Eleito"}, {"seq": "1", "n": "14777", "vap": "296", "pvap": "   6,86", "e": "S", "st": "Eleito"}, {"seq": "36", "n": "14567", "vap": "3", "pvap": "   0,07", "e": "N", "st": "Suplente"}, {"seq": "22", "n": "14123", "vap": "60", "pvap": "   1,39", "e": "N", "st": "Suplente"}, {"seq": "37", "n": "14333", "vap": "3", "pvap": "   0,07", "e": "N", "st": "Suplente"}, {"seq": "18", "n": "14500", "vap": "79", "pvap": "   1,83", "e": "N", "st": "Suplente"}, {"seq": "2", "n": "14444", "vap": "287", "pvap": "   6,65", "e": "S", "st": "Eleito"}, {"seq": "38", "n": "14888", "vap": "2", "pvap": "   0,05", "e": "N", "st": "Suplente"}, {"seq": "32", "n": "14999", "vap": "14", "pvap": "   0,32", "e": "N", "st": "Suplente"}, {"seq": "23", "n": "14789", "vap": "44", "pvap": "   1,02", "e": "N", "st": "Suplente"}, {"seq": "27", "n": "77700", "vap": "34", "pvap": "   0,79", "e": "N", "st": "Suplente"}, {"seq": "34", "n": "77333", "vap": "7", "pvap": "   0,16", "e": "N", "st": "Suplente"}, {"seq": "30", "n": "77777", "vap": "25", "pvap": "   0,58", "e": "N", "st": "Suplente"}, {"seq": "9", "n": "77111", "vap": "119", "pvap": "   2,76", "e": "S", "st": "Eleito"}, {"seq": "26", "n": "77000", "vap": "35", "pvap": "   0,81", "e": "N", "st": "Suplente"}, {"seq": "33", "n": "77456", "vap": "13", "pvap": "   0,30", "e": "N", "st": "Suplente"}, {"seq": "19", "n": "77123", "vap": "74", "pvap": "   1,72", "e": "N", "st": "Suplente"}, {"seq": "39", "n": "77444", "vap": "2", "pvap": "   0,05", "e": "N", "st": "Suplente"}, {"seq": "21", "n": "77555", "vap": "61", "pvap": "   1,41", "e": "N", "st": "Suplente"}, {"seq": "28", "n": "77245", "vap": "33", "pvap": "   0,76", "e": "N", "st": "Suplente"}, {"seq": "29", "n": "77999", "vap": "30", "pvap": "   0,70", "e": "N", "st": "Suplente"}, {"seq": "16", "n": "77222", "vap": "107", "pvap": "   2,48", "e": "N", "st": "Suplente"}, {"seq": "24", "n": "77477", "vap": "38", "pvap": "   0,88", "e": "N", "st": "Suplente"}]}, {"dt": "15/11/2020", "ht": "22:31:21", "tf": "S", "and": "F", "tpabr": "ZONA", "cdabr": "18", "s": "15", "st": "15", "snt": "0", "si": "15", "sni": "0", "sa": "15", "sna": "0", "pst": " 100,00", "psnt": "   0,00", "psi": " 100,00", "psni": "   0,00", "psa": " 100,00", "psna": "   0,00", "e": "5465", "ea": "5465", "ena": "0", "esi": "5465", "esni": "0", "a": "1006", "c": "4459", "pea": " 100,00", "pena": "   0,00", "pesi": " 100,00", "pesni": "   0,00", "pa": "  18,41", "pc": "  81,59", "vnom": "4075", "vscv": "0", "vl": "239", "tv": "4459", "vvc": "4314", "vb": "32", "tvn": "113", "vn": "112", "vnt": "1", "vp": "0", "vv": "4314", "van": "0", "vansj": "0", "pvnom": "  94,46", "pvl": "   5,54", "pvvc": "  96,75", "pvb": "   0,72", "ptvn": "   2,53", "pvn": "  99,12", "pvnt": "   0,88", "pvp": "   0,00", "pvv": " 100,00", "pvan": "   0,00", "pvansj": "   0,00", "cand": [{"seq": "1", "n": "14777", "vap": "296", "pvap": "   6,86", "e": "S", "st": "Eleito"}, {"seq": "2", "n": "14444", "vap": "287", "pvap": "   6,65", "e": "S", "st": "Eleito"}, {"seq": "4", "n": "14644", "vap": "271", "pvap": "   6,28", "e": "S", "st": "Eleito"}, {"seq": "18", "n": "14500", "vap": "79", "pvap": "   1,83", "e": "N", "st": "Suplente"}, {"seq": "22", "n": "14123", "vap": "60", "pvap": "   1,39", "e": "N", "st": "Suplente"}, {"seq": "23", "n": "14789", "vap": "44", "pvap": "   1,02", "e": "N", "st": "Suplente"}, {"seq": "25", "n": "14555", "vap": "37", "pvap": "   0,86", "e": "N", "st": "Suplente"}, {"seq": "31", "n": "14125", "vap": "22", "pvap": "   0,51", "e": "N", "st": "Suplente"}, {"seq": "32", "n": "14999", "vap": "14", "pvap": "   0,32", "e": "N", "st": "Suplente"}, {"seq": "35", "n": "14222", "vap": "5", "pvap": "   0,12", "e": "N", "st": "Suplente"}, {"seq": "36", "n": "14567", "vap": "3", "pvap": "   0,07", "e": "N", "st": "Suplente"}, {"seq": "37", "n": "14333", "vap": "3", "pvap": "   0,07", "e": "N", "st": "Suplente"}, {"seq": "38", "n": "14888", "vap": "2", "pvap": "   0,05", "e": "N", "st": "Suplente"}, {"seq": "9", "n": "77111", "vap": "119", "pvap": "   2,76", "e": "S", "st": "Eleito"}, {"seq": "16", "n": "77222", "vap": "107", "pvap": "   2,48", "e": "N", "st": "Suplente"}, {"seq": "19", "n": "77123", "vap": "74", "pvap": "   1,72", "e": "N", "st": "Suplente"}, {"seq": "21", "n": "77555", "vap": "61", "pvap": "   1,41", "e": "N", "st": "Suplente"}, {"seq": "24", "n": "77477", "vap": "38", "pvap": "   0,88", "e": "N", "st": "Suplente"}, {"seq": "26", "n": "77000", "vap": "35", "pvap": "   0,81", "e": "N", "st": "Suplente"}, {"seq": "27", "n": "77700", "vap": "34", "pvap": "   0,79", "e": "N", "st": "Suplente"}, {"seq": "28", "n": "77245", "vap": "33", "pvap": "   0,76", "e": "N", "st": "Suplente"}, {"seq": "29", "n": "77999", "vap": "30", "pvap": "   0,70", "e": "N", "st": "Suplente"}, {"seq": "30", "n": "77777", "vap": "25", "pvap": "   0,58", "e": "N", "st": "Suplente"}, {"seq": "33", "n": "77456", "vap": "13", "pvap": "   0,30", "e": "N", "st": "Suplente"}, {"seq": "34", "n": "77333", "vap": "7", "pvap": "   0,16", "e": "N", "st": "Suplente"}, {"seq": "39", "n": "77444", "vap": "2", "pvap": "   0,05", "e": "N", "st": "Suplente"}, {"seq": "3", "n": "11777", "vap": "286", "pvap": "   6,63", "e": "S", "st": "Eleito"}, {"seq": "5", "n": "11222", "vap": "234", "pvap": "   5,42", "e": "S", "st": "Eleito"}, {"seq": "6", "n": "11333", "vap": "221", "pvap": "   5,12", "e": "S", "st": "Eleito"}, {"seq": "7", "n": "11123", "vap": "199", "pvap": "   4,61", "e": "S", "st": "Eleito"}, {"seq": "8", "n": "11456", "vap": "195", "pvap": "   4,52", "e": "S", "st": "Eleito"}, {"seq": "10", "n": "11789", "vap": "195", "pvap": "   4,52", "e": "N", "st": "Suplente"}, {"seq": "11", "n": "11111", "vap": "183", "pvap": "   4,24", "e": "N", "st": "Suplente"}, {"seq": "12", "n": "11000", "vap": "139", "pvap": "   3,22", "e": "N", "st": "Suplente"}, {"seq": "13", "n": "11555", "vap": "119", "pvap": "   2,76", "e": "N", "st": "Suplente"}, {"seq": "14", "n": "11444", "vap": "116", "pvap": "   2,69", "e": "N", "st": "Suplente"}, {"seq": "15", "n": "11234", "vap": "114", "pvap": "   2,64", "e": "N", "st": "Suplente"}, {"seq": "17", "n": "11999", "vap": "107", "pvap": "   2,48", "e": "N", "st": "Suplente"}, {"seq": "20", "n": "11237", "vap": "70", "pvap": "   1,62", "e": "N", "st": "Suplente"}, {"seq": "40", "n": "20000", "vap": "86", "pvap": "   1,99", "e": "N", "st": "N\u00e3o eleito"}, {"seq": "41", "n": "20123", "vap": "47", "pvap": "   1,09", "e": "N", "st": "N\u00e3o eleito"}, {"seq": "42", "n": "20444", "vap": "37", "pvap": "   0,86", "e": "N", "st": "N\u00e3o eleito"}, {"seq": "43", "n": "20222", "vap": "25", "pvap": "   0,58", "e": "N", "st": "N\u00e3o eleito"}, {"seq": "44", "n": "20111", "vap": "1", "pvap": "   0,02", "e": "N", "st": "N\u00e3o eleito"}, {"seq": "45", "n": "20888", "vap": "0", "pvap": "00.00", "e": "N", "st": "N\u00e3o eleito"}, {"seq": "46", "n": "23123", "vap": "0", "pvap": "00.00", "e": "N", "st": "N\u00e3o eleito"}]}]}