{"ele": "426", "carper": "13", "t": "1", "f": "O", "esae": "N", "mnae": " ", "dg": "17/11/2020", "hg": "18:31:33", "dv": "S", "nadf": "al27995-c0013-e000426-004-f", "abr": [{"dt": "17/11/2020", "ht": "18:31:01", "tf": "S", "and": "F", "tpabr": "MU", "cdabr": "27995", "s": "45", "st": "45", "snt": "0", "si": "45", "sni": "0", "sa": "45", "sna": "0", "pst": " 100,00", "psnt": "   0,00", "psi": " 100,00", "psni": "   0,00", "psa": " 100,00", "psna": "   0,00", "e": "17302", "ea": "17302", "ena": "0", "esi": "17302", "esni": "0", "c": "13458", "a": "3844", "pea": " 100,00", "pena": "   0,00", "pesi": " 100,00", "pesni": "   0,00", "pa": "  22,22", "pc": "  77,78", "vscv": "0", "vnom": "11924", "vl": "900", "tv": "13458", "vvc": "12824", "vb": "83", "tvn": "551", "vn": "546", "vnt": "5", "vp": "0", "vv": "12824", "van": "0", "vansj": "0", "pvnom": "  92,98", "pvl": "   7,02", "pvvc": "  95,29", "pvb": "   0,62", "ptvn": "   4,09", "pvn": "  99,09", "pvnt": "   0,91", "pvp": "   0,00", "pvv": " 100,00", "pvan": "   0,00", "pvansj": "   0,00", "colig": [{"n": "20000133880", "tvtn": "1564", "tvan": "1568", "vag": "1", "tvtl": "386", "tval": "386"}, {"n": "20000133892", "tvtn": "1811", "tvan": "1812", "vag": "1", "tvtl": "66", "tval": "66"}, {"n": "20000074999", "tvtn": "8549", "tvan": "8549", "vag": "9", "tvtl": "448", "tval": "448"}], "part": [{"n": "12", "tvtn": "1564", "tvan": "1564", "tvtl": "386", "tval": "386"}, {"n": "15", "tvtn": "1811", "tvan": "1811", "tvtl": "66", "tval": "66"}, {"n": "14", "tvtn": "8549", "tvan": "8549", "tvtl": "448", "tval": "448"}], "cand": [{"seq": "20", "n": "12666", "vap": "107", "pvap": "   0,83", "e": "N", "st": "Suplente"}, {"seq": "25", "n": "12999", "vap": "14", "pvap": "   0,11", "e": "N", "st": "Suplente"}, {"seq": "22", "n": "12333", "vap": "78", "pvap": "   0,61", "e": "N", "st": "Suplente"}, {"seq": "19", "n": "12345", "vap": "159", "pvap": "   1,24", "e": "N", "st": "Suplente"}, {"seq": "26", "n": "12888", "vap": "12", "pvap": "   0,09", "e": "N", "st": "Suplente"}, {"seq": "28", "n": "12111", "vap": "10", "pvap": "   0,08", "e": "N", "st": "Suplente"}, {"seq": "15", "n": "12000", "vap": "357", "pvap": "   2,78", "e": "N", "st": "Suplente"}, {"seq": "7", "n": "12222", "vap": "766", "pvap": "   5,97", "e": "S", "st": "Eleito"}, {"seq": "23", "n": "12123", "vap": "31", "pvap": "   0,24", "e": "N", "st": "Suplente"}, {"seq": "27", "n": "12777", "vap": "11", "pvap": "   0,09", "e": "N", "st": "Suplente"}, {"seq": "24", "n": "12555", "vap": "19", "pvap": "   0,15", "e": "N", "st": "Suplente"}, {"seq": "5", "n": "15555", "vap": "773", "pvap": "   6,03", "e": "S", "st": "Eleito"}, {"seq": "13", "n": "15123", "vap": "468", "pvap": "   3,65", "e": "N", "st": "Suplente"}, {"seq": "14", "n": "15222", "vap": "362", "pvap": "   2,82", "e": "N", "st": "Suplente"}, {"seq": "17", "n": "15000", "vap": "202", "pvap": "   1,58", "e": "N", "st": "Suplente"}, {"seq": "29", "n": "15888", "vap": "6", "pvap": "   0,05", "e": "N", "st": "Suplente"}, {"seq": "6", "n": "14567", "vap": "770", "pvap": "   6,00", "e": "S", "st": "Eleito"}, {"seq": "12", "n": "14000", "vap": "484", "pvap": "   3,77", "e": "N", "st": "Suplente"}, {"seq": "9", "n": "14789", "vap": "733", "pvap": "   5,72", "e": "S", "st": "Eleito"}, {"seq": "3", "n": "14111", "vap": "903", "pvap": "   7,04", "e": "S", "st": "Eleito"}, {"seq": "4", "n": "14999", "vap": "785", "pvap": "   6,12", "e": "S", "st": "Eleito"}, {"seq": "1", "n": "14444", "vap": "1212", "pvap": "   9,45", "e": "S", "st": "Eleito"}, {"seq": "21", "n": "14123", "vap": "96", "pvap": "   0,75", "e": "N", "st": "Suplente"}, {"seq": "11", "n": "14666", "vap": "671", "pvap": "   5,23", "e": "S", "st": "Eleito"}, {"seq": "10", "n": "14555", "vap": "682", "pvap": "   5,32", "e": "S", "st": "Eleito"}, {"seq": "8", "n": "14333", "vap": "749", "pvap": "   5,84", "e": "S", "st": "Eleito"}, {"seq": "16", "n": "14777", "vap": "230", "pvap": "   1,79", "e": "N", "st": "Suplente"}, {"seq": "18", "n": "14222", "vap": "182", "pvap": "   1,42", "e": "N", "st": "Suplente"}, {"seq": "2", "n": "14566", "vap": "1052", "pvap": "   8,20", "e": "S", "st": "Eleito"}]}, {"dt": "17/11/2020", "ht": "18:31:01", "tf": "S", "and": "F", "tpabr": "ZONA", "cdabr": "27", "s": "45", "st": "45", "snt": "0", "si": "45", "sni": "0", "sa": "45", "sna": "0", "pst": " 100,00", "psnt": "   0,00", "psi": " 100,00", "psni": "   0,00", "psa": " 100,00", "psna": "   0,00", "e": "17302", "ea": "17302", "ena": "0", "esi": "17302", "esni": "0", "a": "3844", "c": "13458", "pea": " 100,00", "pena": "   0,00", "pesi": " 100,00", "pesni": "   0,00", "pa": "  22,22", "pc": "  77,78", "vnom": "11924", "vscv": "0", "vl": "900", "tv": "13458", "vvc": "12824", "vb": "83", "tvn": "551", "vn": "546", "vnt": "5", "vp": "0", "vv": "12824", "van": "0", "vansj": "0", "pvnom": "  92,98", "pvl": "   7,02", "pvvc": "  95,29", "pvb": "   0,62", "ptvn": "   4,09", "pvn": "  99,09", "pvnt": "   0,91", "pvp": "   0,00", "pvv": " 100,00", "pvan": "   0,00", "pvansj": "   0,00", "cand": [{"seq": "11", "n": "14666", "vap": "671", "pvap": "   5,23", "e": "S", "st": "Eleito"}, {"seq": "2", "n": "14566", "vap": "1052", "pvap": "   8,20", "e": "S", "st": "Eleito"}, {"seq": "12", "n": "14000", "vap": "484", "pvap": "   3,77", "e": "N", "st": "Suplente"}, {"seq": "3", "n": "14111", "vap": "903", "pvap": "   7,04", "e": "S", "st": "Eleito"}, {"seq": "1", "n": "14444", "vap": "1212", "pvap": "   9,45", "e": "S", "st": "Eleito"}, {"seq": "18", "n": "14222", "vap": "182", "pvap": "   1,42", "e": "N", "st": "Suplente"}, {"seq": "6", "n": "14567", "vap": "770", "pvap": "   6,00", "e": "S", "st": "Eleito"}, {"seq": "21", "n": "14123", "vap": "96", "pvap": "   0,75", "e": "N", "st": "Suplente"}, {"seq": "16", "n": "14777", "vap": "230", "pvap": "   1,79", "e": "N", "st": "Suplente"}, {"seq": "10", "n": "14555", "vap": "682", "pvap": "   5,32", "e": "S", "st": "Eleito"}, {"seq": "9", "n": "14789", "vap": "733", "pvap": "   5,72", "e": "S", "st": "Eleito"}, {"seq": "8", "n": "14333", "vap": "749", "pvap": "   5,84", "e": "S", "st": "Eleito"}, {"seq": "4", "n": "14999", "vap": "785", "pvap": "   6,12", "e": "S", "st": "Eleito"}, {"seq": "24", "n": "12555", "vap": "19", "pvap": "   0,15", "e": "N", "st": "Suplente"}, {"seq": "23", "n": "12123", "vap": "31", "pvap": "   0,24", "e": "N", "st": "Suplente"}, {"seq": "25", "n": "12999", "vap": "14", "pvap": "   0,11", "e": "N", "st": "Suplente"}, {"seq": "20", "n": "12666", "vap": "107", "pvap": "   0,83", "e": "N", "st": "Suplente"}, {"seq": "27", "n": "12777", "vap": "11", "pvap": "   0,09", "e": "N", "st": "Suplente"}, {"seq": "28", "n": "12111", "vap": "10", "pvap": "   0,08", "e": "N", "st": "Suplente"}, {"seq": "22", "n": "12333", "vap": "78", "pvap": "   0,61", "e": "N", "st": "Suplente"}, {"seq": "26", "n": "12888", "vap": "12", "pvap": "   0,09", "e": "N", "st": "Suplente"}, {"seq": "7", "n": "12222", "vap": "766", "pvap": "   5,97", "e": "S", "st": "Eleito"}, {"seq": "19", "n": "12345", "vap": "159", "pvap": "   1,24", "e": "N", "st": "Suplente"}, {"seq": "15", "n": "12000", "vap": "357", "pvap": "   2,78", "e": "N", "st": "Suplente"}, {"seq": "17", "n": "15000", "vap": "202", "pvap": "   1,58", "e": "N", "st": "Suplente"}, {"seq": "29", "n": "15888", "vap": "6", "pvap": "   0,05", "e": "N", "st": "Suplente"}, {"seq": "5", "n": "15555", "vap": "773", "pvap": "   6,03", "e": "S", "st": "Eleito"}, {"seq": "13", "n": "15123", "vap": "468", "pvap": "   3,65", "e": "N", "st": "Suplente"}, {"seq": "14", "n": "15222", "vap": "362", "pvap": "   2,82", "e": "N", "st": "Suplente"}]}]}