{"ele": "426", "carper": "13", "t": "1", "f": "O", "esae": "N", "mnae": " ", "dg": "15/11/2020", "hg": "22:15:00", "dv": "S", "nadf": "al28495-c0013-e000426-002-f", "abr": [{"dt": "15/11/2020", "ht": "22:11:33", "tf": "S", "and": "F", "tpabr": "MU", "cdabr": "28495", "s": "43", "st": "43", "snt": "0", "si": "43", "sni": "0", "sa": "43", "sna": "0", "pst": " 100,00", "psnt": "   0,00", "psi": " 100,00", "psni": "   0,00", "psa": " 100,00", "psna": "   0,00", "e": "15341", "ea": "15341", "ena": "0", "esi": "15341", "esni": "0", "c": "12819", "a": "2522", "pea": " 100,00", "pena": "   0,00", "pesi": " 100,00", "pesni": "   0,00", "pa": "  16,44", "pc": "  83,56", "vscv": "0", "vnom": "11764", "vl": "515", "tv": "12819", "vvc": "12279", "vb": "176", "tvn": "364", "vn": "364", "vnt": "0", "vp": "0", "vv": "12279", "van": "0", "vansj": "0", "pvnom": "  95,81", "pvl": "   4,19", "pvvc": "  95,79", "pvb": "   1,37", "ptvn": "   2,84", "pvn": " 100,00", "pvnt": "   0,00", "pvp": "   0,00", "pvv": " 100,00", "pvan": "   0,00", "pvansj": "   0,00", "colig": [{"n": "20000062943", "tvtn": "4275", "tvan": "4275", "vag": "4", "tvtl": "102", "tval": "102"}, {"n": "20000062946", "tvtn": "4338", "tvan": "4338", "vag": "4", "tvtl": "243", "tval": "243"}, {"n": "20000135866", "tvtn": "3151", "tvan": "3151", "vag": "3", "tvtl": "170", "tval": "170"}], "part": [{"n": "11", "tvtn": "4275", "tvan": "4275", "tvtl": "102", "tval": "102"}, {"n": "15", "tvtn": "4338", "tvan": "4338", "tvtl": "243", "tval": "243"}, {"n": "10", "tvtn": "3151", "tvan": "3151", "tvtl": "170", "tval": "170"}], "cand": [{"seq": "33", "n": "11456", "vap": "74", "pvap": "   0,60", "e": "N", "st": "Suplente"}, {"seq": "3", "n": "11222", "vap": "699", "pvap": "   5,69", "e": "S", "st": "Eleito"}, {"seq": "44", "n": "11888", "vap": "13", "pvap": "   0,11", "e": "N", "st": "Suplente"}, {"seq": "43", "n": "11777", "vap": "19", "pvap": "   0,15", "e": "N", "st": "Suplente"}, {"seq": "31", "n": "11321", "vap": "81", "pvap": "   0,66", "e": "N", "st": "Suplente"}, {"seq": "37", "n": "11789", "vap": "38", "pvap": "   0,31", "e": "N", "st": "Suplente"}, {"seq": "23", "n": "11555", "vap": "190", "pvap": "   1,55", "e": "N", "st": "Suplente"}, {"seq": "32", "n": "11333", "vap": "79", "pvap": "   0,64", "e": "N", "st": "Suplente"}, {"seq": "2", "n": "11666", "vap": "739", "pvap": "   6,02", "e": "S", "st": "Eleito"}, {"seq": "45", "n": "11234", "vap": "12", "pvap": "   0,10", "e": "N", "st": "Suplente"}, {"seq": "39", "n": "11444", "vap": "33", "pvap": "   0,27", "e": "N", "st": "Suplente"}, {"seq": "15", "n": "11678", "vap": "321", "pvap": "   2,61", "e": "N", "st": "Suplente"}, {"seq": "49", "n": "11123", "vap": "1", "pvap": "   0,01", "e": "N", "st": "Suplente"}, {"seq": "42", "n": "11011", "vap": "20", "pvap": "   0,16", "e": "N", "st": "Suplente"}, {"seq": "20", "n": "11999", "vap": "275", "pvap": "   2,24", "e": "N", "st": "Suplente"}, {"seq": "10", "n": "11111", "vap": "392", "pvap": "   3,19", "e": "S", "st": "Eleito"}, {"seq": "1", "n": "11000", "vap": "1289", "pvap": "  10,50", "e": "S", "st": "Eleito"}, {"seq": "5", "n": "15222", "vap": "580", "pvap": "   4,72", "e": "S", "st": "Eleito"}, {"seq": "8", "n": "15333", "vap": "506", "pvap": "   4,12", "e": "S", "st": "Eleito"}, {"seq": "21", "n": "15000", "vap": "246", "pvap": "   2,00", "e": "N", "st": "Suplente"}, {"seq": "14", "n": "15444", "vap": "329", "pvap": "   2,68", "e": "N", "st": "Suplente"}, {"seq": "47", "n": "15967", "vap": "8", "pvap": "   0,07", "e": "N", "st": "Suplente"}, {"seq": "7", "n": "15555", "vap": "521", "pvap": "   4,24", "e": "S", "st": "Eleito"}, {"seq": "48", "n": "15987", "vap": "5", "pvap": "   0,04", "e": "N", "st": "Suplente"}, {"seq": "13", "n": "15666", "vap": "348", "pvap": "   2,83", "e": "N", "st": "Suplente"}, {"seq": "4", "n": "15123", "vap": "688", "pvap": "   5,60", "e": "S", "st": "Eleito"}, {"seq": "35", "n": "15678", "vap": "48", "pvap": "   0,39", "e": "N", "st": "Suplente"}, {"seq": "24", "n": "15999", "vap": "177", "pvap": "   1,44", "e": "N", "st": "Suplente"}, {"seq": "12", "n": "15100", "vap": "360", "pvap": "   2,93", "e": "N", "st": "Suplente"}, {"seq": "51", "n": "15789", "vap": "1", "pvap": "   0,01", "e": "N", "st": "Suplente"}, {"seq": "41", "n": "15888", "vap": "21", "pvap": "   0,17", "e": "N", "st": "Suplente"}, {"seq": "50", "n": "15456", "vap": "1", "pvap": "   0,01", "e": "N", "st": "Suplente"}, {"seq": "22", "n": "15777", "vap": "220", "pvap": "   1,79", "e": "N", "st": "Suplente"}, {"seq": "19", "n": "15111", "vap": "279", "pvap": "   2,27", "e": "N", "st": "Suplente"}, {"seq": "11", "n": "10123", "vap": "329", "pvap": "   2,68", "e": "S", "st": "Eleito"}, {"seq": "29", "n": "10456", "vap": "95", "pvap": "   0,77", "e": "N", "st": "Suplente"}, {"seq": "46", "n": "10333", "vap": "11", "pvap": "   0,09", "e": "N", "st": "Suplente"}, {"seq": "26", "n": "10444", "vap": "124", "pvap": "   1,01", "e": "N", "st": "Suplente"}, {"seq": "17", "n": "10567", "vap": "295", "pvap": "   2,40", "e": "N", "st": "Suplente"}, {"seq": "36", "n": "10222", "vap": "44", "pvap": "   0,36", "e": "N", "st": "Suplente"}, {"seq": "16", "n": "10000", "vap": "321", "pvap": "   2,61", "e": "N", "st": "Suplente"}, {"seq": "38", "n": "10200", "vap": "36", "pvap": "   0,29", "e": "N", "st": "Suplente"}, {"seq": "27", "n": "10888", "vap": "111", "pvap": "   0,90", "e": "N", "st": "Suplente"}, {"seq": "18", "n": "10777", "vap": "288", "pvap": "   2,35", "e": "N", "st": "Suplente"}, {"seq": "28", "n": "10100", "vap": "106", "pvap": "   0,86", "e": "N", "st": "Suplente"}, {"seq": "30", "n": "10555", "vap": "84", "pvap": "   0,68", "e": "N", "st": "Suplente"}, {"seq": "6", "n": "10666", "vap": "571", "pvap": "   4,65", "e": "S", "st": "Eleito"}, {"seq": "34", "n": "10101", "vap": "71", "pvap": "   0,58", "e": "N", "st": "Suplente"}, {"seq": "9", "n": "10111", "vap": "481", "pvap": "   3,92", "e": "S", "st": "Eleito"}, {"seq": "40", "n": "10900", "vap": "23", "pvap": "   0,19", "e": "N", "st": "Suplente"}, {"seq": "25", "n": "10999", "vap": "161", "pvap": "   1,31", "e": "N", "st": "Suplente"}]}, {"dt": "15/11/2020", "ht": "22:11:33", "tf": "S", "and": "F", "tpabr": "ZONA", "cdabr": "37", "s": "43", "st": "43", "snt": "0", "si": "43", "sni": "0", "sa": "43", "sna": "0", "pst": " 100,00", "psnt": "   0,00", "psi": " 100,00", "psni": "   0,00", "psa": " 100,00", "psna": "   0,00", "e": "15341", "ea": "15341", "ena": "0", "esi": "15341", "esni": "0", "a": "2522", "c": "12819", "pea": " 100,00", "pena": "   0,00", "pesi": " 100,00", "pesni": "   0,00", "pa": "  16,44", "pc": "  83,56", "vnom": "11764", "vscv": "0", "vl": "515", "tv": "12819", "vvc": "12279", "vb": "176", "tvn": "364", "vn": "364", "vnt": "0", "vp": "0", "vv": "12279", "van": "0", "vansj": "0", "pvnom": "  95,81", "pvl": "   4,19", "pvvc": "  95,79", "pvb": "   1,37", "ptvn": "   2,84", "pvn": " 100,00", "pvnt": "   0,00", "pvp": "   0,00", "pvv": " 100,00", "pvan": "   0,00", "pvansj": "   0,00", "cand": [{"seq": "1", "n": "11000", "vap": "1289", "pvap": "  10,50", "e": "S", "st": "Eleito"}, {"seq": "2", "n": "11666", "vap": "739", "pvap": "   6,02", "e": "S", "st": "Eleito"}, {"seq": "3", "n": "11222", "vap": "699", "pvap": "   5,69", "e": "S", "st": "Eleito"}, {"seq": "10", "n": "11111", "vap": "392", "pvap": "   3,19", "e": "S", "st": "Eleito"}, {"seq": "15", "n": "11678", "vap": "321", "pvap": "   2,61", "e": "N", "st": "Suplente"}, {"seq": "20", "n": "11999", "vap": "275", "pvap": "   2,24", "e": "N", "st": "Suplente"}, {"seq": "23", "n": "11555", "vap": "190", "pvap": "   1,55", "e": "N", "st": "Suplente"}, {"seq": "31", "n": "11321", "vap": "81", "pvap": "   0,66", "e": "N", "st": "Suplente"}, {"seq": "32", "n": "11333", "vap": "79", "pvap": "   0,64", "e": "N", "st": "Suplente"}, {"seq": "33", "n": "11456", "vap": "74", "pvap": "   0,60", "e": "N", "st": "Suplente"}, {"seq": "37", "n": "11789", "vap": "38", "pvap": "   0,31", "e": "N", "st": "Suplente"}, {"seq": "39", "n": "11444", "vap": "33", "pvap": "   0,27", "e": "N", "st": "Suplente"}, {"seq": "42", "n": "11011", "vap": "20", "pvap": "   0,16", "e": "N", "st": "Suplente"}, {"seq": "43", "n": "11777", "vap": "19", "pvap": "   0,15", "e": "N", "st": "Suplente"}, {"seq": "44", "n": "11888", "vap": "13", "pvap": "   0,11", "e": "N", "st": "Suplente"}, {"seq": "45", "n": "11234", "vap": "12", "pvap": "   0,10", "e": "N", "st": "Suplente"}, {"seq": "49", "n": "11123", "vap": "1", "pvap": "   0,01", "e": "N", "st": "Suplente"}, {"seq": "4", "n": "15123", "vap": "688", "pvap": "   5,60", "e": "S", "st": "Eleito"}, {"seq": "5", "n": "15222", "vap": "580", "pvap": "   4,72", "e": "S", "st": "Eleito"}, {"seq": "7", "n": "15555", "vap": "521", "pvap": "   4,24", "e": "S", "st": "Eleito"}, {"seq": "8", "n": "15333", "vap": "506", "pvap": "   4,12", "e": "S", "st": "Eleito"}, {"seq": "12", "n": "15100", "vap": "360", "pvap": "   2,93", "e": "N", "st": "Suplente"}, {"seq": "13", "n": "15666", "vap": "348", "pvap": "   2,83", "e": "N", "st": "Suplente"}, {"seq": "14", "n": "15444", "vap": "329", "pvap": "   2,68", "e": "N", "st": "Suplente"}, {"seq": "19", "n": "15111", "vap": "279", "pvap": "   2,27", "e": "N", "st": "Suplente"}, {"seq": "21", "n": "15000", "vap": "246", "pvap": "   2,00", "e": "N", "st": "Suplente"}, {"seq": "22", "n": "15777", "vap": "220", "pvap": "   1,79", "e": "N", "st": "Suplente"}, {"seq": "24", "n": "15999", "vap": "177", "pvap": "   1,44", "e": "N", "st": "Suplente"}, {"seq": "35", "n": "15678", "vap": "48", "pvap": "   0,39", "e": "N", "st": "Suplente"}, {"seq": "41", "n": "15888", "vap": "21", "pvap": "   0,17", "e": "N", "st": "Suplente"}, {"seq": "47", "n": "15967", "vap": "8", "pvap": "   0,07", "e": "N", "st": "Suplente"}, {"seq": "48", "n": "15987", "vap": "5", "pvap": "   0,04", "e": "N", "st": "Suplente"}, {"seq": "50", "n": "15456", "vap": "1", "pvap": "   0,01", "e": "N", "st": "Suplente"}, {"seq": "51", "n": "15789", "vap": "1", "pvap": "   0,01", "e": "N", "st": "Suplente"}, {"seq": "6", "n": "10666", "vap": "571", "pvap": "   4,65", "e": "S", "st": "Eleito"}, {"seq": "9", "n": "10111", "vap": "481", "pvap": "   3,92", "e": "S", "st": "Eleito"}, {"seq": "11", "n": "10123", "vap": "329", "pvap": "   2,68", "e": "S", "st": "Eleito"}, {"seq": "16", "n": "10000", "vap": "321", "pvap": "   2,61", "e": "N", "st": "Suplente"}, {"seq": "17", "n": "10567", "vap": "295", "pvap": "   2,40", "e": "N", "st": "Suplente"}, {"seq": "18", "n": "10777", "vap": "288", "pvap": "   2,35", "e": "N", "st": "Suplente"}, {"seq": "25", "n": "10999", "vap": "161", "pvap": "   1,31", "e": "N", "st": "Suplente"}, {"seq": "26", "n": "10444", "vap": "124", "pvap": "   1,01", "e": "N", "st": "Suplente"}, {"seq": "27", "n": "10888", "vap": "111", "pvap": "   0,90", "e": "N", "st": "Suplente"}, {"seq": "28", "n": "10100", "vap": "106", "pvap": "   0,86", "e": "N", "st": "Suplente"}, {"seq": "29", "n": "10456", "vap": "95", "pvap": "   0,77", "e": "N", "st": "Suplente"}, {"seq": "30", "n": "10555", "vap": "84", "pvap": "   0,68", "e": "N", "st": "Suplente"}, {"seq": "34", "n": "10101", "vap": "71", "pvap": "   0,58", "e": "N", "st": "Suplente"}, {"seq": "36", "n": "10222", "vap": "44", "pvap": "   0,36", "e": "N", "st": "Suplente"}, {"seq": "38", "n": "10200", "vap": "36", "pvap": "   0,29", "e": "N", "st": "Suplente"}, {"seq": "40", "n": "10900", "vap": "23", "pvap": "   0,19", "e": "N", "st": "Suplente"}, {"seq": "46", "n": "10333", "vap": "11", "pvap": "   0,09", "e": "N", "st": "Suplente"}]}]}