{"ele": "426", "carper": "13", "t": "1", "f": "O", "esae": "N", "mnae": " ", "dg": "15/11/2020", "hg": "22:14:57", "dv": "S", "nadf": "al27154-c0013-e000426-003-f", "abr": [{"dt": "15/11/2020", "ht": "21:23:06", "tf": "S", "and": "F", "tpabr": "MU", "cdabr": "27154", "s": "13", "st": "13", "snt": "0", "si": "13", "sni": "0", "sa": "13", "sna": "0", "pst": " 100,00", "psnt": "   0,00", "psi": " 100,00", "psni": "   0,00", "psa": " 100,00", "psna": "   0,00", "e": "4836", "ea": "4836", "ena": "0", "esi": "4836", "esni": "0", "c": "3889", "a": "947", "pea": " 100,00", "pena": "   0,00", "pesi": " 100,00", "pesni": "   0,00", "pa": "  19,58", "pc": "  80,42", "vscv": "0", "vnom": "3495", "vl": "188", "tv": "3889", "vvc": "3683", "vb": "64", "tvn": "142", "vn": "139", "vnt": "3", "vp": "0", "vv": "3683", "van": "0", "vansj": "0", "pvnom": "  94,90", "pvl": "   5,10", "pvvc": "  94,70", "pvb": "   1,65", "ptvn": "   3,65", "pvn": "  97,89", "pvnt": "   2,11", "pvp": "   0,00", "pvv": " 100,00", "pvan": "   0,00", "pvansj": "   0,00", "colig": [{"n": "20000130821", "tvtn": "1109", "tvan": "1109", "vag": "3", "tvtl": "34", "tval": "34"}, {"n": "20000130907", "tvtn": "1122", "tvan": "1123", "vag": "3", "tvtl": "84", "tval": "84"}, {"n": "20000130930", "tvtn": "942", "tvan": "942", "vag": "3", "tvtl": "57", "tval": "57"}, {"n": "20000093155", "tvtn": "11", "tvan": "11", "vag": "0", "tvtl": "2", "tval": "2"}, {"n": "20000145267", "tvtn": "47", "tvan": "49", "vag": "0", "tvtl": "4", "tval": "4"}, {"n": "20000130847", "tvtn": "264", "tvan": "264", "vag": "0", "tvtl": "7", "tval": "7"}], "part": [{"n": "11", "tvtn": "1109", "tvan": "1109", "tvtl": "34", "tval": "34"}, {"n": "15", "tvtn": "1122", "tvan": "1122", "tvtl": "84", "tval": "84"}, {"n": "20", "tvtn": "942", "tvan": "942", "tvtl": "57", "tval": "57"}, {"n": "55", "tvtn": "11", "tvan": "11", "tvtl": "2", "tval": "2"}, {"n": "51", "tvtn": "47", "tvan": "47", "tvtl": "4", "tval": "4"}, {"n": "13", "tvtn": "264", "tvan": "264", "tvtl": "7", "tval": "7"}], "cand": [{"seq": "14", "n": "11444", "vap": "112", "pvap": "   3,04", "e": "N", "st": "Suplente"}, {"seq": "2", "n": "11222", "vap": "295", "pvap": "   8,01", "e": "S", "st": "Eleito"}, {"seq": "4", "n": "11333", "vap": "250", "pvap": "   6,79", "e": "S", "st": "Eleito"}, {"seq": "12", "n": "11555", "vap": "125", "pvap": "   3,39", "e": "N", "st": "Suplente"}, {"seq": "3", "n": "11111", "vap": "251", "pvap": "   6,82", "e": "S", "st": "Eleito"}, {"seq": "16", "n": "11000", "vap": "76", "pvap": "   2,06", "e": "N", "st": "Suplente"}, {"seq": "11", "n": "15888", "vap": "131", "pvap": "   3,56", "e": "N", "st": "Suplente"}, {"seq": "6", "n": "15666", "vap": "238", "pvap": "   6,46", "e": "S", "st": "Eleito"}, {"seq": "10", "n": "15000", "vap": "167", "pvap": "   4,53", "e": "N", "st": "Suplente"}, {"seq": "17", "n": "15333", "vap": "51", "pvap": "   1,38", "e": "N", "st": "Suplente"}, {"seq": "18", "n": "15777", "vap": "51", "pvap": "   1,38", "e": "N", "st": "Suplente"}, {"seq": "19", "n": "15444", "vap": "26", "pvap": "   0,71", "e": "N", "st": "Suplente"}, {"seq": "8", "n": "15555", "vap": "212", "pvap": "   5,76", "e": "S", "st": "Eleito"}, {"seq": "5", "n": "15111", "vap": "246", "pvap": "   6,68", "e": "S", "st": "Eleito"}, {"seq": "21", "n": "20555", "vap": "22", "pvap": "   0,60", "e": "N", "st": "Suplente"}, {"seq": "23", "n": "20789", "vap": "2", "pvap": "   0,05", "e": "N", "st": "Suplente"}, {"seq": "9", "n": "20000", "vap": "136", "pvap": "   3,69", "e": "S", "st": "Eleito"}, {"seq": "25", "n": "20678", "vap": "0", "pvap": "00.00", "e": "N", "st": "Suplente"}, {"seq": "20", "n": "20444", "vap": "24", "pvap": "   0,65", "e": "N", "st": "Suplente"}, {"seq": "22", "n": "20987", "vap": "3", "pvap": "   0,08", "e": "N", "st": "Suplente"}, {"seq": "13", "n": "20222", "vap": "120", "pvap": "   3,26", "e": "N", "st": "Suplente"}, {"seq": "7", "n": "20999", "vap": "231", "pvap": "   6,27", "e": "S", "st": "Eleito"}, {"seq": "15", "n": "20123", "vap": "77", "pvap": "   2,09", "e": "N", "st": "Suplente"}, {"seq": "1", "n": "20333", "vap": "326", "pvap": "   8,85", "e": "S", "st": "Eleito"}, {"seq": "24", "n": "20668", "vap": "1", "pvap": "   0,03", "e": "N", "st": "Suplente"}, {"seq": "28", "n": "55555", "vap": "11", "pvap": "   0,30", "e": "N", "st": "N\u00e3o eleito"}, {"seq": "27", "n": "51000", "vap": "47", "pvap": "   1,28", "e": "N", "st": "N\u00e3o eleito"}, {"seq": "26", "n": "13333", "vap": "264", "pvap": "   7,17", "e": "N", "st": "N\u00e3o eleito"}]}, {"dt": "15/11/2020", "ht": "21:23:06", "tf": "S", "and": "F", "tpabr": "ZONA", "cdabr": "28", "s": "13", "st": "13", "snt": "0", "si": "13", "sni": "0", "sa": "13", "sna": "0", "pst": " 100,00", "psnt": "   0,00", "psi": " 100,00", "psni": "   0,00", "psa": " 100,00", "psna": "   0,00", "e": "4836", "ea": "4836", "ena": "0", "esi": "4836", "esni": "0", "a": "947", "c": "3889", "pea": " 100,00", "pena": "   0,00", "pesi": " 100,00", "pesni": "   0,00", "pa": "  19,58", "pc": "  80,42", "vnom": "3495", "vscv": "0", "vl": "188", "tv": "3889", "vvc": "3683", "vb": "64", "tvn": "142", "vn": "139", "vnt": "3", "vp": "0", "vv": "3683", "van": "0", "vansj": "0", "pvnom": "  94,90", "pvl": "   5,10", "pvvc": "  94,70", "pvb": "   1,65", "ptvn": "   3,65", "pvn": "  97,89", "pvnt": "   2,11", "pvp": "   0,00", "pvv": " 100,00", "pvan": "   0,00", "pvansj": "   0,00", "cand": [{"seq": "26", "n": "13333", "vap": "264", "pvap": "   7,17", "e": "N", "st": "N\u00e3o eleito"}, {"seq": "1", "n": "20333", "vap": "326", "pvap": "   8,85", "e": "S", "st": "Eleito"}, {"seq": "7", "n": "20999", "vap": "231", "pvap": "   6,27", "e": "S", "st": "Eleito"}, {"seq": "9", "n": "20000", "vap": "136", "pvap": "   3,69", "e": "S", "st": "Eleito"}, {"seq": "13", "n": "20222", "vap": "120", "pvap": "   3,26", "e": "N", "st": "Suplente"}, {"seq": "15", "n": "20123", "vap": "77", "pvap": "   2,09", "e": "N", "st": "Suplente"}, {"seq": "20", "n": "20444", "vap": "24", "pvap": "   0,65", "e": "N", "st": "Suplente"}, {"seq": "21", "n": "20555", "vap": "22", "pvap": "   0,60", "e": "N", "st": "Suplente"}, {"seq": "22", "n": "20987", "vap": "3", "pvap": "   0,08", "e": "N", "st": "Suplente"}, {"seq": "23", "n": "20789", "vap": "2", "pvap": "   0,05", "e": "N", "st": "Suplente"}, {"seq": "24", "n": "20668", "vap": "1", "pvap": "   0,03", "e": "N", "st": "Suplente"}, {"seq": "25", "n": "20678", "vap": "0", "pvap": "00.00", "e": "N", "st": "Suplente"}, {"seq": "28", "n": "55555", "vap": "11", "pvap": "   0,30", "e": "N", "st": "N\u00e3o eleito"}, {"seq": "2", "n": "11222", "vap": "295", "pvap": "   8,01", "e": "S", "st": "Eleito"}, {"seq": "3", "n": "11111", "vap": "251", "pvap": "   6,82", "e": "S", "st": "Eleito"}, {"seq": "4", "n": "11333", "vap": "250", "pvap": "   6,79", "e": "S", "st": "Eleito"}, {"seq": "12", "n": "11555", "vap": "125", "pvap": "   3,39", "e": "N", "st": "Suplente"}, {"seq": "14", "n": "11444", "vap": "112", "pvap": "   3,04", "e": "N", "st": "Suplente"}, {"seq": "16", "n": "11000", "vap": "76", "pvap": "   2,06", "e": "N", "st": "Suplente"}, {"seq": "5", "n": "15111", "vap": "246", "pvap": "   6,68", "e": "S", "st": "Eleito"}, {"seq": "6", "n": "15666", "vap": "238", "pvap": "   6,46", "e": "S", "st": "Eleito"}, {"seq": "8", "n": "15555", "vap": "212", "pvap": "   5,76", "e": "S", "st": "Eleito"}, {"seq": "10", "n": "15000", "vap": "167", "pvap": "   4,53", "e": "N", "st": "Suplente"}, {"seq": "11", "n": "15888", "vap": "131", "pvap": "   3,56", "e": "N", "st": "Suplente"}, {"seq": "17", "n": "15333", "vap": "51", "pvap": "   1,38", "e": "N", "st": "Suplente"}, {"seq": "18", "n": "15777", "vap": "51", "pvap": "   1,38", "e": "N", "st": "Suplente"}, {"seq": "19", "n": "15444", "vap": "26", "pvap": "   0,71", "e": "N", "st": "Suplente"}, {"seq": "27", "n": "51000", "vap": "47", "pvap": "   1,28", "e": "N", "st": "N\u00e3o eleito"}]}]}