{"ele": "426", "carper": "13", "t": "1", "f": "O", "esae": "N", "mnae": " ", "dg": "15/11/2020", "hg": "22:14:55", "dv": "S", "nadf": "al28010-c0013-e000426-004-f", "abr": [{"dt": "15/11/2020", "ht": "22:04:42", "tf": "S", "and": "F", "tpabr": "MU", "cdabr": "28010", "s": "43", "st": "43", "snt": "0", "si": "43", "sni": "0", "sa": "43", "sna": "0", "pst": " 100,00", "psnt": "   0,00", "psi": " 100,00", "psni": "   0,00", "psa": " 100,00", "psna": "   0,00", "e": "18223", "ea": "18223", "ena": "0", "esi": "18223", "esni": "0", "c": "14196", "a": "4027", "pea": " 100,00", "pena": "   0,00", "pesi": " 100,00", "pesni": "   0,00", "pa": "  22,10", "pc": "  77,90", "vscv": "0", "vnom": "12696", "vl": "817", "tv": "14196", "vvc": "13513", "vb": "200", "tvn": "483", "vn": "478", "vnt": "5", "vp": "0", "vv": "13513", "van": "0", "vansj": "0", "pvnom": "  93,95", "pvl": "   6,05", "pvvc": "  95,19", "pvb": "   1,41", "ptvn": "   3,40", "pvn": "  98,96", "pvnt": "   1,04", "pvp": "   0,00", "pvv": " 100,00", "pvan": "   0,00", "pvansj": "   0,00", "colig": [{"n": "20000064818", "tvtn": "801", "tvan": "801", "vag": "0", "tvtl": "46", "tval": "46"}, {"n": "20000064883", "tvtn": "5054", "tvan": "5054", "vag": "5", "tvtl": "435", "tval": "435"}, {"n": "20000064901", "tvtn": "1561", "tvan": "1566", "vag": "1", "tvtl": "33", "tval": "33"}, {"n": "20000117450", "tvtn": "4386", "tvan": "4386", "vag": "5", "tvtl": "264", "tval": "264"}, {"n": "20000128964", "tvtn": "100", "tvan": "100", "vag": "0", "tvtl": "14", "tval": "14"}, {"n": "20000116963", "tvtn": "769", "tvan": "769", "vag": "0", "tvtl": "16", "tval": "16"}, {"n": "20000064811", "tvtn": "25", "tvan": "25", "vag": "0", "tvtl": "9", "tval": "9"}], "part": [{"n": "11", "tvtn": "801", "tvan": "801", "tvtl": "46", "tval": "46"}, {"n": "15", "tvtn": "5054", "tvan": "5054", "tvtl": "435", "tval": "435"}, {"n": "28", "tvtn": "1561", "tvan": "1561", "tvtl": "33", "tval": "33"}, {"n": "20", "tvtn": "4386", "tvan": "4386", "tvtl": "264", "tval": "264"}, {"n": "51", "tvtn": "100", "tvan": "100", "tvtl": "14", "tval": "14"}, {"n": "13", "tvtn": "769", "tvan": "769", "tvtl": "16", "tval": "16"}, {"n": "10", "tvtn": "25", "tvan": "25", "tvtl": "9", "tval": "9"}], "cand": [{"seq": "69", "n": "11888", "vap": "14", "pvap": "   0,10", "e": "N", "st": "N\u00e3o eleito"}, {"seq": "60", "n": "11000", "vap": "43", "pvap": "   0,32", "e": "N", "st": "N\u00e3o eleito"}, {"seq": "67", "n": "11777", "vap": "20", "pvap": "   0,15", "e": "N", "st": "N\u00e3o eleito"}, {"seq": "56", "n": "11011", "vap": "69", "pvap": "   0,51", "e": "N", "st": "N\u00e3o eleito"}, {"seq": "57", "n": "11333", "vap": "62", "pvap": "   0,46", "e": "N", "st": "N\u00e3o eleito"}, {"seq": "64", "n": "11111", "vap": "28", "pvap": "   0,21", "e": "N", "st": "N\u00e3o eleito"}, {"seq": "55", "n": "11444", "vap": "130", "pvap": "   0,96", "e": "N", "st": "N\u00e3o eleito"}, {"seq": "59", "n": "11222", "vap": "45", "pvap": "   0,33", "e": "N", "st": "N\u00e3o eleito"}, {"seq": "58", "n": "11123", "vap": "45", "pvap": "   0,33", "e": "N", "st": "N\u00e3o eleito"}, {"seq": "74", "n": "11789", "vap": "8", "pvap": "   0,06", "e": "N", "st": "N\u00e3o eleito"}, {"seq": "51", "n": "11555", "vap": "337", "pvap": "   2,49", "e": "N", "st": "N\u00e3o eleito"}, {"seq": "30", "n": "15678", "vap": "50", "pvap": "   0,37", "e": "N", "st": "Suplente"}, {"seq": "1", "n": "15555", "vap": "928", "pvap": "   6,87", "e": "S", "st": "Eleito"}, {"seq": "24", "n": "15333", "vap": "128", "pvap": "   0,95", "e": "N", "st": "Suplente"}, {"seq": "21", "n": "15888", "vap": "154", "pvap": "   1,14", "e": "N", "st": "Suplente"}, {"seq": "43", "n": "15015", "vap": "10", "pvap": "   0,07", "e": "N", "st": "Suplente"}, {"seq": "3", "n": "15111", "vap": "681", "pvap": "   5,04", "e": "S", "st": "Eleito"}, {"seq": "12", "n": "15444", "vap": "623", "pvap": "   4,61", "e": "N", "st": "Suplente"}, {"seq": "5", "n": "15615", "vap": "641", "pvap": "   4,74", "e": "S", "st": "Eleito"}, {"seq": "4", "n": "15610", "vap": "645", "pvap": "   4,77", "e": "S", "st": "Eleito"}, {"seq": "32", "n": "15112", "vap": "40", "pvap": "   0,30", "e": "N", "st": "Suplente"}, {"seq": "6", "n": "15000", "vap": "632", "pvap": "   4,68", "e": "S", "st": "Eleito"}, {"seq": "45", "n": "15510", "vap": "8", "pvap": "   0,06", "e": "N", "st": "Suplente"}, {"seq": "29", "n": "15123", "vap": "78", "pvap": "   0,58", "e": "N", "st": "Suplente"}, {"seq": "38", "n": "15215", "vap": "20", "pvap": "   0,15", "e": "N", "st": "Suplente"}, {"seq": "14", "n": "15777", "vap": "298", "pvap": "   2,21", "e": "N", "st": "Suplente"}, {"seq": "28", "n": "15456", "vap": "82", "pvap": "   0,61", "e": "N", "st": "Suplente"}, {"seq": "35", "n": "15222", "vap": "36", "pvap": "   0,27", "e": "N", "st": "Suplente"}, {"seq": "46", "n": "28000", "vap": "7", "pvap": "   0,05", "e": "N", "st": "Suplente"}, {"seq": "27", "n": "28666", "vap": "87", "pvap": "   0,64", "e": "N", "st": "Suplente"}, {"seq": "31", "n": "28111", "vap": "40", "pvap": "   0,30", "e": "N", "st": "Suplente"}, {"seq": "17", "n": "28999", "vap": "233", "pvap": "   1,72", "e": "N", "st": "Suplente"}, {"seq": "40", "n": "28222", "vap": "11", "pvap": "   0,08", "e": "N", "st": "Suplente"}, {"seq": "13", "n": "28888", "vap": "348", "pvap": "   2,58", "e": "N", "st": "Suplente"}, {"seq": "19", "n": "28777", "vap": "214", "pvap": "   1,58", "e": "N", "st": "Suplente"}, {"seq": "42", "n": "28233", "vap": "10", "pvap": "   0,07", "e": "N", "st": "Suplente"}, {"seq": "47", "n": "28115", "vap": "6", "pvap": "   0,04", "e": "N", "st": "Suplente"}, {"seq": "50", "n": "28007", "vap": "2", "pvap": "   0,01", "e": "N", "st": "Suplente"}, {"seq": "36", "n": "28333", "vap": "30", "pvap": "   0,22", "e": "N", "st": "Suplente"}, {"seq": "39", "n": "28400", "vap": "15", "pvap": "   0,11", "e": "N", "st": "Suplente"}, {"seq": "44", "n": "28234", "vap": "9", "pvap": "   0,07", "e": "N", "st": "Suplente"}, {"seq": "25", "n": "28123", "vap": "123", "pvap": "   0,91", "e": "N", "st": "Suplente"}, {"seq": "49", "n": "28610", "vap": "2", "pvap": "   0,01", "e": "N", "st": "Suplente"}, {"seq": "10", "n": "28110", "vap": "424", "pvap": "   3,14", "e": "S", "st": "Eleito"}, {"seq": "22", "n": "20777", "vap": "152", "pvap": "   1,12", "e": "N", "st": "Suplente"}, {"seq": "2", "n": "20000", "vap": "762", "pvap": "   5,64", "e": "S", "st": "Eleito"}, {"seq": "48", "n": "20567", "vap": "3", "pvap": "   0,02", "e": "N", "st": "Suplente"}, {"seq": "15", "n": "20456", "vap": "287", "pvap": "   2,12", "e": "N", "st": "Suplente"}, {"seq": "11", "n": "20020", "vap": "359", "pvap": "   2,66", "e": "S", "st": "Eleito"}, {"seq": "9", "n": "20555", "vap": "519", "pvap": "   3,84", "e": "S", "st": "Eleito"}, {"seq": "18", "n": "20999", "vap": "227", "pvap": "   1,68", "e": "N", "st": "Suplente"}, {"seq": "41", "n": "20789", "vap": "10", "pvap": "   0,07", "e": "N", "st": "Suplente"}, {"seq": "20", "n": "20333", "vap": "202", "pvap": "   1,49", "e": "N", "st": "Suplente"}, {"seq": "26", "n": "20123", "vap": "112", "pvap": "   0,83", "e": "N", "st": "Suplente"}, {"seq": "34", "n": "20234", "vap": "37", "pvap": "   0,27", "e": "N", "st": "Suplente"}, {"seq": "16", "n": "20666", "vap": "280", "pvap": "   2,07", "e": "N", "st": "Suplente"}, {"seq": "33", "n": "20201", "vap": "39", "pvap": "   0,29", "e": "N", "st": "Suplente"}, {"seq": "7", "n": "20222", "vap": "623", "pvap": "   4,61", "e": "S", "st": "Eleito"}, {"seq": "37", "n": "20444", "vap": "23", "pvap": "   0,17", "e": "N", "st": "Suplente"}, {"seq": "23", "n": "20111", "vap": "130", "pvap": "   0,96", "e": "N", "st": "Suplente"}, {"seq": "8", "n": "20888", "vap": "621", "pvap": "   4,60", "e": "S", "st": "Eleito"}, {"seq": "77", "n": "51111", "vap": "6", "pvap": "   0,04", "e": "N", "st": "N\u00e3o eleito"}, {"seq": "68", "n": "51444", "vap": "14", "pvap": "   0,10", "e": "N", "st": "N\u00e3o eleito"}, {"seq": "65", "n": "51555", "vap": "22", "pvap": "   0,16", "e": "N", "st": "N\u00e3o eleito"}, {"seq": "84", "n": "51051", "vap": "0", "pvap": "00.00", "e": "N", "st": "N\u00e3o eleito"}, {"seq": "66", "n": "51222", "vap": "21", "pvap": "   0,16", "e": "N", "st": "N\u00e3o eleito"}, {"seq": "75", "n": "51123", "vap": "7", "pvap": "   0,05", "e": "N", "st": "N\u00e3o eleito"}, {"seq": "85", "n": "51999", "vap": "0", "pvap": "00.00", "e": "N", "st": "N\u00e3o eleito"}, {"seq": "63", "n": "51000", "vap": "30", "pvap": "   0,22", "e": "N", "st": "N\u00e3o eleito"}, {"seq": "70", "n": "13111", "vap": "13", "pvap": "   0,10", "e": "N", "st": "N\u00e3o eleito"}, {"seq": "76", "n": "13222", "vap": "7", "pvap": "   0,05", "e": "N", "st": "N\u00e3o eleito"}, {"seq": "52", "n": "13333", "vap": "261", "pvap": "   1,93", "e": "N", "st": "N\u00e3o eleito"}, {"seq": "80", "n": "13666", "vap": "3", "pvap": "   0,02", "e": "N", "st": "N\u00e3o eleito"}, {"seq": "78", "n": "13444", "vap": "5", "pvap": "   0,04", "e": "N", "st": "N\u00e3o eleito"}, {"seq": "71", "n": "13345", "vap": "10", "pvap": "   0,07", "e": "N", "st": "N\u00e3o eleito"}, {"seq": "82", "n": "13234", "vap": "2", "pvap": "   0,01", "e": "N", "st": "N\u00e3o eleito"}, {"seq": "62", "n": "13567", "vap": "34", "pvap": "   0,25", "e": "N", "st": "N\u00e3o eleito"}, {"seq": "54", "n": "13555", "vap": "171", "pvap": "   1,27", "e": "N", "st": "N\u00e3o eleito"}, {"seq": "53", "n": "13123", "vap": "219", "pvap": "   1,62", "e": "N", "st": "N\u00e3o eleito"}, {"seq": "83", "n": "13888", "vap": "2", "pvap": "   0,01", "e": "N", "st": "N\u00e3o eleito"}, {"seq": "61", "n": "13877", "vap": "39", "pvap": "   0,29", "e": "N", "st": "N\u00e3o eleito"}, {"seq": "81", "n": "13196", "vap": "3", "pvap": "   0,02", "e": "N", "st": "N\u00e3o eleito"}, {"seq": "73", "n": "10123", "vap": "10", "pvap": "   0,07", "e": "N", "st": "N\u00e3o eleito"}, {"seq": "79", "n": "10222", "vap": "5", "pvap": "   0,04", "e": "N", "st": "N\u00e3o eleito"}, {"seq": "72", "n": "10111", "vap": "10", "pvap": "   0,07", "e": "N", "st": "N\u00e3o eleito"}]}, {"dt": "15/11/2020", "ht": "22:04:42", "tf": "S", "and": "F", "tpabr": "ZONA", "cdabr": "12", "s": "43", "st": "43", "snt": "0", "si": "43", "sni": "0", "sa": "43", "sna": "0", "pst": " 100,00", "psnt": "   0,00", "psi": " 100,00", "psni": "   0,00", "psa": " 100,00", "psna": "   0,00", "e": "18223", "ea": "18223", "ena": "0", "esi": "18223", "esni": "0", "a": "4027", "c": "14196", "pea": " 100,00", "pena": "   0,00", "pesi": " 100,00", "pesni": "   0,00", "pa": "  22,10", "pc": "  77,90", "vnom": "12696", "vscv": "0", "vl": "817", "tv": "14196", "vvc": "13513", "vb": "200", "tvn": "483", "vn": "478", "vnt": "5", "vp": "0", "vv": "13513", "van": "0", "vansj": "0", "pvnom": "  93,95", "pvl": "   6,05", "pvvc": "  95,19", "pvb": "   1,41", "ptvn": "   3,40", "pvn": "  98,96", "pvnt": "   1,04", "pvp": "   0,00", "pvv": " 100,00", "pvan": "   0,00", "pvansj": "   0,00", "cand": [{"seq": "2", "n": "20000", "vap": "762", "pvap": "   5,64", "e": "S", "st": "Eleito"}, {"seq": "7", "n": "20222", "vap": "623", "pvap": "   4,61", "e": "S", "st": "Eleito"}, {"seq": "8", "n": "20888", "vap": "621", "pvap": "   4,60", "e": "S", "st": "Eleito"}, {"seq": "9", "n": "20555", "vap": "519", "pvap": "   3,84", "e": "S", "st": "Eleito"}, {"seq": "11", "n": "20020", "vap": "359", "pvap": "   2,66", "e": "S", "st": "Eleito"}, {"seq": "15", "n": "20456", "vap": "287", "pvap": "   2,12", "e": "N", "st": "Suplente"}, {"seq": "16", "n": "20666", "vap": "280", "pvap": "   2,07", "e": "N", "st": "Suplente"}, {"seq": "18", "n": "20999", "vap": "227", "pvap": "   1,68", "e": "N", "st": "Suplente"}, {"seq": "20", "n": "20333", "vap": "202", "pvap": "   1,49", "e": "N", "st": "Suplente"}, {"seq": "22", "n": "20777", "vap": "152", "pvap": "   1,12", "e": "N", "st": "Suplente"}, {"seq": "23", "n": "20111", "vap": "130", "pvap": "   0,96", "e": "N", "st": "Suplente"}, {"seq": "26", "n": "20123", "vap": "112", "pvap": "   0,83", "e": "N", "st": "Suplente"}, {"seq": "33", "n": "20201", "vap": "39", "pvap": "   0,29", "e": "N", "st": "Suplente"}, {"seq": "34", "n": "20234", "vap": "37", "pvap": "   0,27", "e": "N", "st": "Suplente"}, {"seq": "37", "n": "20444", "vap": "23", "pvap": "   0,17", "e": "N", "st": "Suplente"}, {"seq": "41", "n": "20789", "vap": "10", "pvap": "   0,07", "e": "N", "st": "Suplente"}, {"seq": "48", "n": "20567", "vap": "3", "pvap": "   0,02", "e": "N", "st": "Suplente"}, {"seq": "63", "n": "51000", "vap": "30", "pvap": "   0,22", "e": "N", "st": "N\u00e3o eleito"}, {"seq": "65", "n": "51555", "vap": "22", "pvap": "   0,16", "e": "N", "st": "N\u00e3o eleito"}, {"seq": "66", "n": "51222", "vap": "21", "pvap": "   0,16", "e": "N", "st": "N\u00e3o eleito"}, {"seq": "68", "n": "51444", "vap": "14", "pvap": "   0,10", "e": "N", "st": "N\u00e3o eleito"}, {"seq": "75", "n": "51123", "vap": "7", "pvap": "   0,05", "e": "N", "st": "N\u00e3o eleito"}, {"seq": "77", "n": "51111", "vap": "6", "pvap": "   0,04", "e": "N", "st": "N\u00e3o eleito"}, {"seq": "84", "n": "51051", "vap": "0", "pvap": "00.00", "e": "N", "st": "N\u00e3o eleito"}, {"seq": "85", "n": "51999", "vap": "0", "pvap": "00.00", "e": "N", "st": "N\u00e3o eleito"}, {"seq": "72", "n": "10111", "vap": "10", "pvap": "   0,07", "e": "N", "st": "N\u00e3o eleito"}, {"seq": "73", "n": "10123", "vap": "10", "pvap": "   0,07", "e": "N", "st": "N\u00e3o eleito"}, {"seq": "79", "n": "10222", "vap": "5", "pvap": "   0,04", "e": "N", "st": "N\u00e3o eleito"}, {"seq": "52", "n": "13333", "vap": "261", "pvap": "   1,93", "e": "N", "st": "N\u00e3o eleito"}, {"seq": "53", "n": "13123", "vap": "219", "pvap": "   1,62", "e": "N", "st": "N\u00e3o eleito"}, {"seq": "54", "n": "13555", "vap": "171", "pvap": "   1,27", "e": "N", "st": "N\u00e3o eleito"}, {"seq": "61", "n": "13877", "vap": "39", "pvap": "   0,29", "e": "N", "st": "N\u00e3o eleito"}, {"seq": "62", "n": "13567", "vap": "34", "pvap": "   0,25", "e": "N", "st": "N\u00e3o eleito"}, {"seq": "70", "n": "13111", "vap": "13", "pvap": "   0,10", "e": "N", "st": "N\u00e3o eleito"}, {"seq": "71", "n": "13345", "vap": "10", "pvap": "   0,07", "e": "N", "st": "N\u00e3o eleito"}, {"seq": "76", "n": "13222", "vap": "7", "pvap": "   0,05", "e": "N", "st": "N\u00e3o eleito"}, {"seq": "78", "n": "13444", "vap": "5", "pvap": "   0,04", "e": "N", "st": "N\u00e3o eleito"}, {"seq": "80", "n": "13666", "vap": "3", "pvap": "   0,02", "e": "N", "st": "N\u00e3o eleito"}, {"seq": "81", "n": "13196", "vap": "3", "pvap": "   0,02", "e": "N", "st": "N\u00e3o eleito"}, {"seq": "82", "n": "13234", "vap": "2", "pvap": "   0,01", "e": "N", "st": "N\u00e3o eleito"}, {"seq": "83", "n": "13888", "vap": "2", "pvap": "   0,01", "e": "N", "st": "N\u00e3o eleito"}, {"seq": "1", "n": "15555", "vap": "928", "pvap": "   6,87", "e": "S", "st": "Eleito"}, {"seq": "3", "n": "15111", "vap": "681", "pvap": "   5,04", "e": "S", "st": "Eleito"}, {"seq": "4", "n": "15610", "vap": "645", "pvap": "   4,77", "e": "S", "st": "Eleito"}, {"seq": "5", "n": "15615", "vap": "641", "pvap": "   4,74", "e": "S", "st": "Eleito"}, {"seq": "6", "n": "15000", "vap": "632", "pvap": "   4,68", "e": "S", "st": "Eleito"}, {"seq": "12", "n": "15444", "vap": "623", "pvap": "   4,61", "e": "N", "st": "Suplente"}, {"seq": "14", "n": "15777", "vap": "298", "pvap": "   2,21", "e": "N", "st": "Suplente"}, {"seq": "21", "n": "15888", "vap": "154", "pvap": "   1,14", "e": "N", "st": "Suplente"}, {"seq": "24", "n": "15333", "vap": "128", "pvap": "   0,95", "e": "N", "st": "Suplente"}, {"seq": "28", "n": "15456", "vap": "82", "pvap": "   0,61", "e": "N", "st": "Suplente"}, {"seq": "29", "n": "15123", "vap": "78", "pvap": "   0,58", "e": "N", "st": "Suplente"}, {"seq": "30", "n": "15678", "vap": "50", "pvap": "   0,37", "e": "N", "st": "Suplente"}, {"seq": "32", "n": "15112", "vap": "40", "pvap": "   0,30", "e": "N", "st": "Suplente"}, {"seq": "35", "n": "15222", "vap": "36", "pvap": "   0,27", "e": "N", "st": "Suplente"}, {"seq": "38", "n": "15215", "vap": "20", "pvap": "   0,15", "e": "N", "st": "Suplente"}, {"seq": "43", "n": "15015", "vap": "10", "pvap": "   0,07", "e": "N", "st": "Suplente"}, {"seq": "45", "n": "15510", "vap": "8", "pvap": "   0,06", "e": "N", "st": "Suplente"}, {"seq": "10", "n": "28110", "vap": "424", "pvap": "   3,14", "e": "S", "st": "Eleito"}, {"seq": "13", "n": "28888", "vap": "348", "pvap": "   2,58", "e": "N", "st": "Suplente"}, {"seq": "17", "n": "28999", "vap": "233", "pvap": "   1,72", "e": "N", "st": "Suplente"}, {"seq": "19", "n": "28777", "vap": "214", "pvap": "   1,58", "e": "N", "st": "Suplente"}, {"seq": "25", "n": "28123", "vap": "123", "pvap": "   0,91", "e": "N", "st": "Suplente"}, {"seq": "27", "n": "28666", "vap": "87", "pvap": "   0,64", "e": "N", "st": "Suplente"}, {"seq": "31", "n": "28111", "vap": "40", "pvap": "   0,30", "e": "N", "st": "Suplente"}, {"seq": "36", "n": "28333", "vap": "30", "pvap": "   0,22", "e": "N", "st": "Suplente"}, {"seq": "39", "n": "28400", "vap": "15", "pvap": "   0,11", "e": "N", "st": "Suplente"}, {"seq": "40", "n": "28222", "vap": "11", "pvap": "   0,08", "e": "N", "st": "Suplente"}, {"seq": "42", "n": "28233", "vap": "10", "pvap": "   0,07", "e": "N", "st": "Suplente"}, {"seq": "44", "n": "28234", "vap": "9", "pvap": "   0,07", "e": "N", "st": "Suplente"}, {"seq": "46", "n": "28000", "vap": "7", "pvap": "   0,05", "e": "N", "st": "Suplente"}, {"seq": "47", "n": "28115", "vap": "6", "pvap": "   0,04", "e": "N", "st": "Suplente"}, {"seq": "49", "n": "28610", "vap": "2", "pvap": "   0,01", "e": "N", "st": "Suplente"}, {"seq": "50", "n": "28007", "vap": "2", "pvap": "   0,01", "e": "N", "st": "Suplente"}, {"seq": "51", "n": "11555", "vap": "337", "pvap": "   2,49", "e": "N", "st": "N\u00e3o eleito"}, {"seq": "55", "n": "11444", "vap": "130", "pvap": "   0,96", "e": "N", "st": "N\u00e3o eleito"}, {"seq": "56", "n": "11011", "vap": "69", "pvap": "   0,51", "e": "N", "st": "N\u00e3o eleito"}, {"seq": "57", "n": "11333", "vap": "62", "pvap": "   0,46", "e": "N", "st": "N\u00e3o eleito"}, {"seq": "58", "n": "11123", "vap": "45", "pvap": "   0,33", "e": "N", "st": "N\u00e3o eleito"}, {"seq": "59", "n": "11222", "vap": "45", "pvap": "   0,33", "e": "N", "st": "N\u00e3o eleito"}, {"seq": "60", "n": "11000", "vap": "43", "pvap": "   0,32", "e": "N", "st": "N\u00e3o eleito"}, {"seq": "64", "n": "11111", "vap": "28", "pvap": "   0,21", "e": "N", "st": "N\u00e3o eleito"}, {"seq": "67", "n": "11777", "vap": "20", "pvap": "   0,15", "e": "N", "st": "N\u00e3o eleito"}, {"seq": "69", "n": "11888", "vap": "14", "pvap": "   0,10", "e": "N", "st": "N\u00e3o eleito"}, {"seq": "74", "n": "11789", "vap": "8", "pvap": "   0,06", "e": "N", "st": "N\u00e3o eleito"}]}]}