{"ele": "426", "carper": "13", "t": "1", "f": "O", "esae": "N", "mnae": " ", "dg": "15/11/2020", "hg": "22:38:58", "dv": "S", "nadf": "am02950-c0013-e000426-002-f", "abr": [{"dt": "15/11/2020", "ht": "21:18:20", "tf": "S", "and": "F", "tpabr": "MU", "cdabr": "02950", "s": "34", "st": "34", "snt": "0", "si": "34", "sni": "0", "sa": "34", "sna": "0", "pst": " 100,00", "psnt": "   0,00", "psi": " 100,00", "psni": "   0,00", "psa": " 100,00", "psna": "   0,00", "e": "12916", "ea": "12916", "ena": "0", "esi": "12916", "esni": "0", "c": "10995", "a": "1921", "pea": " 100,00", "pena": "   0,00", "pesi": " 100,00", "pesni": "   0,00", "pa": "  14,87", "pc": "  85,13", "vscv": "0", "vnom": "10205", "vl": "509", "tv": "10995", "vvc": "10714", "vb": "44", "tvn": "237", "vn": "237", "vnt": "0", "vp": "0", "vv": "10714", "van": "0", "vansj": "0", "pvnom": "  95,25", "pvl": "   4,75", "pvvc": "  97,44", "pvb": "   0,40", "ptvn": "   2,16", "pvn": " 100,00", "pvnt": "   0,00", "pvp": "   0,00", "pvv": " 100,00", "pvan": "   0,00", "pvansj": "   0,00", "colig": [{"n": "40000071013", "tvtn": "454", "tvan": "454", "vag": "0", "tvtl": "7", "tval": "7"}, {"n": "40000087815", "tvtn": "632", "tvan": "632", "vag": "0", "tvtl": "60", "tval": "60"}, {"n": "40000087023", "tvtn": "74", "tvan": "74", "vag": "0", "tvtl": "1", "tval": "1"}, {"n": "40000061356", "tvtn": "198", "tvan": "198", "vag": "0", "tvtl": "21", "tval": "21"}, {"n": "40000073692", "tvtn": "47", "tvan": "47", "vag": "0", "tvtl": "3", "tval": "3"}, {"n": "40000077640", "tvtn": "1952", "tvan": "1952", "vag": "2", "tvtl": "24", "tval": "24"}, {"n": "40000133474", "tvtn": "649", "tvan": "649", "vag": "0", "tvtl": "60", "tval": "60"}, {"n": "40000097610", "tvtn": "2753", "tvan": "2753", "vag": "3", "tvtl": "150", "tval": "150"}, {"n": "40000118996", "tvtn": "29", "tvan": "29", "vag": "0", "tvtl": "19", "tval": "19"}, {"n": "40000098391", "tvtn": "1901", "tvan": "1901", "vag": "2", "tvtl": "64", "tval": "64"}, {"n": "40000075531", "tvtn": "108", "tvan": "108", "vag": "0", "tvtl": "2", "tval": "2"}, {"n": "40000087581", "tvtn": "19", "tvan": "19", "vag": "0", "tvtl": "9", "tval": "9"}, {"n": "40000064154", "tvtn": "1389", "tvan": "1389", "vag": "2", "tvtl": "89", "tval": "89"}], "part": [{"n": "90", "tvtn": "454", "tvan": "454", "tvtl": "7", "tval": "7"}, {"n": "55", "tvtn": "632", "tvan": "632", "tvtl": "60", "tval": "60"}, {"n": "20", "tvtn": "74", "tvan": "74", "tvtl": "1", "tval": "1"}, {"n": "17", "tvtn": "198", "tvan": "198", "tvtl": "21", "tval": "21"}, {"n": "27", "tvtn": "47", "tvan": "47", "tvtl": "3", "tval": "3"}, {"n": "70", "tvtn": "1952", "tvan": "1952", "tvtl": "24", "tval": "24"}, {"n": "25", "tvtn": "649", "tvan": "649", "tvtl": "60", "tval": "60"}, {"n": "15", "tvtn": "2753", "tvan": "2753", "tvtl": "150", "tval": "150"}, {"n": "23", "tvtn": "29", "tvan": "29", "tvtl": "19", "tval": "19"}, {"n": "11", "tvtn": "1901", "tvan": "1901", "tvtl": "64", "tval": "64"}, {"n": "35", "tvtn": "108", "tvan": "108", "tvtl": "2", "tval": "2"}, {"n": "51", "tvtn": "19", "tvan": "19", "tvtl": "9", "tval": "9"}, {"n": "10", "tvtn": "1389", "tvan": "1389", "tvtl": "89", "tval": "89"}], "cand": [{"seq": "66", "n": "90037", "vap": "44", "pvap": "   0,41", "e": "N", "st": "N\u00e3o eleito"}, {"seq": "95", "n": "90333", "vap": "11", "pvap": "   0,10", "e": "N", "st": "N\u00e3o eleito"}, {"seq": "86", "n": "90123", "vap": "18", "pvap": "   0,17", "e": "N", "st": "N\u00e3o eleito"}, {"seq": "60", "n": "90635", "vap": "62", "pvap": "   0,58", "e": "N", "st": "N\u00e3o eleito"}, {"seq": "79", "n": "90282", "vap": "24", "pvap": "   0,22", "e": "N", "st": "N\u00e3o eleito"}, {"seq": "76", "n": "90000", "vap": "28", "pvap": "   0,26", "e": "N", "st": "N\u00e3o eleito"}, {"seq": "58", "n": "90555", "vap": "80", "pvap": "   0,75", "e": "N", "st": "N\u00e3o eleito"}, {"seq": "69", "n": "90122", "vap": "39", "pvap": "   0,36", "e": "N", "st": "N\u00e3o eleito"}, {"seq": "81", "n": "90007", "vap": "21", "pvap": "   0,20", "e": "N", "st": "N\u00e3o eleito"}, {"seq": "108", "n": "90382", "vap": "4", "pvap": "   0,04", "e": "N", "st": "N\u00e3o eleito"}, {"seq": "62", "n": "90111", "vap": "60", "pvap": "   0,56", "e": "N", "st": "N\u00e3o eleito"}, {"seq": "65", "n": "90909", "vap": "46", "pvap": "   0,43", "e": "N", "st": "N\u00e3o eleito"}, {"seq": "87", "n": "90222", "vap": "17", "pvap": "   0,16", "e": "N", "st": "N\u00e3o eleito"}, {"seq": "59", "n": "55000", "vap": "71", "pvap": "   0,66", "e": "N", "st": "N\u00e3o eleito"}, {"seq": "54", "n": "55222", "vap": "157", "pvap": "   1,47", "e": "N", "st": "N\u00e3o eleito"}, {"seq": "72", "n": "55655", "vap": "35", "pvap": "   0,33", "e": "N", "st": "N\u00e3o eleito"}, {"seq": "118", "n": "55444", "vap": "1", "pvap": "   0,01", "e": "N", "st": "N\u00e3o eleito"}, {"seq": "57", "n": "55555", "vap": "85", "pvap": "   0,79", "e": "N", "st": "N\u00e3o eleito"}, {"seq": "52", "n": "55123", "vap": "216", "pvap": "   2,02", "e": "N", "st": "N\u00e3o eleito"}, {"seq": "77", "n": "55220", "vap": "27", "pvap": "   0,25", "e": "N", "st": "N\u00e3o eleito"}, {"seq": "92", "n": "55111", "vap": "14", "pvap": "   0,13", "e": "N", "st": "N\u00e3o eleito"}, {"seq": "78", "n": "55789", "vap": "26", "pvap": "   0,24", "e": "N", "st": "N\u00e3o eleito"}, {"seq": "64", "n": "20123", "vap": "54", "pvap": "   0,50", "e": "N", "st": "N\u00e3o eleito"}, {"seq": "99", "n": "20001", "vap": "8", "pvap": "   0,07", "e": "N", "st": "N\u00e3o eleito"}, {"seq": "94", "n": "20555", "vap": "12", "pvap": "   0,11", "e": "N", "st": "N\u00e3o eleito"}, {"seq": "111", "n": "17555", "vap": "3", "pvap": "   0,03", "e": "N", "st": "N\u00e3o eleito"}, {"seq": "68", "n": "17777", "vap": "39", "pvap": "   0,36", "e": "N", "st": "N\u00e3o eleito"}, {"seq": "97", "n": "17666", "vap": "10", "pvap": "   0,09", "e": "N", "st": "N\u00e3o eleito"}, {"seq": "91", "n": "17888", "vap": "15", "pvap": "   0,14", "e": "N", "st": "N\u00e3o eleito"}, {"seq": "98", "n": "17115", "vap": "8", "pvap": "   0,07", "e": "N", "st": "N\u00e3o eleito"}, {"seq": "85", "n": "17123", "vap": "19", "pvap": "   0,18", "e": "N", "st": "N\u00e3o eleito"}, {"seq": "61", "n": "17111", "vap": "61", "pvap": "   0,57", "e": "N", "st": "N\u00e3o eleito"}, {"seq": "104", "n": "17013", "vap": "6", "pvap": "   0,06", "e": "N", "st": "N\u00e3o eleito"}, {"seq": "96", "n": "17234", "vap": "11", "pvap": "   0,10", "e": "N", "st": "N\u00e3o eleito"}, {"seq": "114", "n": "17789", "vap": "2", "pvap": "   0,02", "e": "N", "st": "N\u00e3o eleito"}, {"seq": "89", "n": "17222", "vap": "17", "pvap": "   0,16", "e": "N", "st": "N\u00e3o eleito"}, {"seq": "101", "n": "17000", "vap": "7", "pvap": "   0,07", "e": "N", "st": "N\u00e3o eleito"}, {"seq": "119", "n": "27789", "vap": "1", "pvap": "   0,01", "e": "N", "st": "N\u00e3o eleito"}, {"seq": "75", "n": "27777", "vap": "29", "pvap": "   0,27", "e": "N", "st": "N\u00e3o eleito"}, {"seq": "100", "n": "27123", "vap": "7", "pvap": "   0,07", "e": "N", "st": "N\u00e3o eleito"}, {"seq": "109", "n": "27567", "vap": "4", "pvap": "   0,04", "e": "N", "st": "N\u00e3o eleito"}, {"seq": "103", "n": "27787", "vap": "6", "pvap": "   0,06", "e": "N", "st": "N\u00e3o eleito"}, {"seq": "36", "n": "70777", "vap": "45", "pvap": "   0,42", "e": "N", "st": "Suplente"}, {"seq": "1", "n": "70000", "vap": "771", "pvap": "   7,20", "e": "S", "st": "Eleito"}, {"seq": "22", "n": "70123", "vap": "141", "pvap": "   1,32", "e": "N", "st": "Suplente"}, {"seq": "47", "n": "70888", "vap": "14", "pvap": "   0,13", "e": "N", "st": "Suplente"}, {"seq": "15", "n": "70111", "vap": "172", "pvap": "   1,61", "e": "N", "st": "Suplente"}, {"seq": "37", "n": "70333", "vap": "41", "pvap": "   0,38", "e": "N", "st": "Suplente"}, {"seq": "13", "n": "70555", "vap": "188", "pvap": "   1,75", "e": "N", "st": "Suplente"}, {"seq": "46", "n": "70222", "vap": "18", "pvap": "   0,17", "e": "N", "st": "Suplente"}, {"seq": "48", "n": "70444", "vap": "10", "pvap": "   0,09", "e": "N", "st": "Suplente"}, {"seq": "4", "n": "70456", "vap": "435", "pvap": "   4,06", "e": "S", "st": "Eleito"}, {"seq": "31", "n": "70999", "vap": "70", "pvap": "   0,65", "e": "N", "st": "Suplente"}, {"seq": "33", "n": "70789", "vap": "47", "pvap": "   0,44", "e": "N", "st": "Suplente"}, {"seq": "80", "n": "25125", "vap": "21", "pvap": "   0,20", "e": "N", "st": "N\u00e3o eleito"}, {"seq": "93", "n": "25614", "vap": "13", "pvap": "   0,12", "e": "N", "st": "N\u00e3o eleito"}, {"seq": "55", "n": "25025", "vap": "133", "pvap": "   1,24", "e": "N", "st": "N\u00e3o eleito"}, {"seq": "73", "n": "25000", "vap": "33", "pvap": "   0,31", "e": "N", "st": "N\u00e3o eleito"}, {"seq": "83", "n": "25555", "vap": "20", "pvap": "   0,19", "e": "N", "st": "N\u00e3o eleito"}, {"seq": "117", "n": "25124", "vap": "1", "pvap": "   0,01", "e": "N", "st": "N\u00e3o eleito"}, {"seq": "67", "n": "25123", "vap": "40", "pvap": "   0,37", "e": "N", "st": "N\u00e3o eleito"}, {"seq": "53", "n": "25444", "vap": "160", "pvap": "   1,49", "e": "N", "st": "N\u00e3o eleito"}, {"seq": "70", "n": "25222", "vap": "37", "pvap": "   0,35", "e": "N", "st": "N\u00e3o eleito"}, {"seq": "71", "n": "25655", "vap": "36", "pvap": "   0,34", "e": "N", "st": "N\u00e3o eleito"}, {"seq": "84", "n": "25001", "vap": "19", "pvap": "   0,18", "e": "N", "st": "N\u00e3o eleito"}, {"seq": "56", "n": "25111", "vap": "116", "pvap": "   1,08", "e": "N", "st": "N\u00e3o eleito"}, {"seq": "105", "n": "25321", "vap": "5", "pvap": "   0,05", "e": "N", "st": "N\u00e3o eleito"}, {"seq": "90", "n": "25333", "vap": "15", "pvap": "   0,14", "e": "N", "st": "N\u00e3o eleito"}, {"seq": "25", "n": "15478", "vap": "135", "pvap": "   1,26", "e": "N", "st": "Suplente"}, {"seq": "3", "n": "15222", "vap": "481", "pvap": "   4,49", "e": "S", "st": "Eleito"}, {"seq": "42", "n": "15234", "vap": "24", "pvap": "   0,22", "e": "N", "st": "Suplente"}, {"seq": "5", "n": "15123", "vap": "426", "pvap": "   3,98", "e": "S", "st": "Eleito"}, {"seq": "18", "n": "15555", "vap": "154", "pvap": "   1,44", "e": "N", "st": "Suplente"}, {"seq": "27", "n": "15888", "vap": "128", "pvap": "   1,19", "e": "N", "st": "Suplente"}, {"seq": "24", "n": "15678", "vap": "136", "pvap": "   1,27", "e": "N", "st": "Suplente"}, {"seq": "35", "n": "15233", "vap": "45", "pvap": "   0,42", "e": "N", "st": "Suplente"}, {"seq": "2", "n": "15456", "vap": "612", "pvap": "   5,71", "e": "S", "st": "Eleito"}, {"seq": "16", "n": "15444", "vap": "169", "pvap": "   1,58", "e": "N", "st": "Suplente"}, {"seq": "32", "n": "15999", "vap": "54", "pvap": "   0,50", "e": "N", "st": "Suplente"}, {"seq": "11", "n": "15610", "vap": "243", "pvap": "   2,27", "e": "N", "st": "Suplente"}, {"seq": "19", "n": "15111", "vap": "146", "pvap": "   1,36", "e": "N", "st": "Suplente"}, {"seq": "110", "n": "23222", "vap": "3", "pvap": "   0,03", "e": "N", "st": "N\u00e3o eleito"}, {"seq": "82", "n": "23111", "vap": "21", "pvap": "   0,20", "e": "N", "st": "N\u00e3o eleito"}, {"seq": "116", "n": "23100", "vap": "1", "pvap": "   0,01", "e": "N", "st": "N\u00e3o eleito"}, {"seq": "122", "n": "23333", "vap": "0", "pvap": "00.00", "e": "N", "st": "N\u00e3o eleito"}, {"seq": "107", "n": "23123", "vap": "4", "pvap": "   0,04", "e": "N", "st": "N\u00e3o eleito"}, {"seq": "21", "n": "11614", "vap": "142", "pvap": "   1,33", "e": "N", "st": "Suplente"}, {"seq": "44", "n": "11888", "vap": "20", "pvap": "   0,19", "e": "N", "st": "Suplente"}, {"seq": "28", "n": "11777", "vap": "127", "pvap": "   1,19", "e": "N", "st": "Suplente"}, {"seq": "38", "n": "11346", "vap": "39", "pvap": "   0,36", "e": "N", "st": "Suplente"}, {"seq": "40", "n": "11555", "vap": "34", "pvap": "   0,32", "e": "N", "st": "Suplente"}, {"seq": "12", "n": "11123", "vap": "212", "pvap": "   1,98", "e": "N", "st": "Suplente"}, {"seq": "30", "n": "11222", "vap": "96", "pvap": "   0,90", "e": "N", "st": "Suplente"}, {"seq": "7", "n": "11333", "vap": "357", "pvap": "   3,33", "e": "S", "st": "Eleito"}, {"seq": "29", "n": "11111", "vap": "126", "pvap": "   1,18", "e": "N", "st": "Suplente"}, {"seq": "34", "n": "11611", "vap": "45", "pvap": "   0,42", "e": "N", "st": "Suplente"}, {"seq": "23", "n": "11000", "vap": "138", "pvap": "   1,29", "e": "N", "st": "Suplente"}, {"seq": "10", "n": "11456", "vap": "282", "pvap": "   2,63", "e": "N", "st": "Suplente"}, {"seq": "8", "n": "11444", "vap": "283", "pvap": "   2,64", "e": "S", "st": "Eleito"}, {"seq": "106", "n": "35789", "vap": "5", "pvap": "   0,05", "e": "N", "st": "N\u00e3o eleito"}, {"seq": "121", "n": "35123", "vap": "1", "pvap": "   0,01", "e": "N", "st": "N\u00e3o eleito"}, {"seq": "120", "n": "35000", "vap": "1", "pvap": "   0,01", "e": "N", "st": "N\u00e3o eleito"}, {"seq": "63", "n": "35678", "vap": "58", "pvap": "   0,54", "e": "N", "st": "N\u00e3o eleito"}, {"seq": "112", "n": "35199", "vap": "3", "pvap": "   0,03", "e": "N", "st": "N\u00e3o eleito"}, {"seq": "74", "n": "35222", "vap": "31", "pvap": "   0,29", "e": "N", "st": "N\u00e3o eleito"}, {"seq": "102", "n": "35555", "vap": "7", "pvap": "   0,07", "e": "N", "st": "N\u00e3o eleito"}, {"seq": "113", "n": "35333", "vap": "2", "pvap": "   0,02", "e": "N", "st": "N\u00e3o eleito"}, {"seq": "115", "n": "51789", "vap": "2", "pvap": "   0,02", "e": "N", "st": "N\u00e3o eleito"}, {"seq": "88", "n": "51456", "vap": "17", "pvap": "   0,16", "e": "N", "st": "N\u00e3o eleito"}, {"seq": "45", "n": "10555", "vap": "19", "pvap": "   0,18", "e": "N", "st": "Suplente"}, {"seq": "50", "n": "10137", "vap": "7", "pvap": "   0,07", "e": "N", "st": "Suplente"}, {"seq": "51", "n": "10666", "vap": "5", "pvap": "   0,05", "e": "N", "st": "Suplente"}, {"seq": "6", "n": "10852", "vap": "424", "pvap": "   3,96", "e": "S", "st": "Eleito"}, {"seq": "41", "n": "10222", "vap": "27", "pvap": "   0,25", "e": "N", "st": "Suplente"}, {"seq": "17", "n": "10000", "vap": "157", "pvap": "   1,47", "e": "N", "st": "Suplente"}, {"seq": "9", "n": "10123", "vap": "229", "pvap": "   2,14", "e": "S", "st": "Eleito"}, {"seq": "49", "n": "10234", "vap": "9", "pvap": "   0,08", "e": "N", "st": "Suplente"}, {"seq": "39", "n": "10444", "vap": "39", "pvap": "   0,36", "e": "N", "st": "Suplente"}, {"seq": "26", "n": "10333", "vap": "134", "pvap": "   1,25", "e": "N", "st": "Suplente"}, {"seq": "43", "n": "10151", "vap": "21", "pvap": "   0,20", "e": "N", "st": "Suplente"}, {"seq": "20", "n": "10789", "vap": "142", "pvap": "   1,33", "e": "N", "st": "Suplente"}, {"seq": "14", "n": "10369", "vap": "176", "pvap": "   1,64", "e": "N", "st": "Suplente"}]}, {"dt": "15/11/2020", "ht": "21:18:20", "tf": "S", "and": "F", "tpabr": "ZONA", "cdabr": "54", "s": "34", "st": "34", "snt": "0", "si": "34", "sni": "0", "sa": "34", "sna": "0", "pst": " 100,00", "psnt": "   0,00", "psi": " 100,00", "psni": "   0,00", "psa": " 100,00", "psna": "   0,00", "e": "12916", "ea": "12916", "ena": "0", "esi": "12916", "esni": "0", "a": "1921", "c": "10995", "pea": " 100,00", "pena": "   0,00", "pesi": " 100,00", "pesni": "   0,00", "pa": "  14,87", "pc": "  85,13", "vnom": "10205", "vscv": "0", "vl": "509", "tv": "10995", "vvc": "10714", "vb": "44", "tvn": "237", "vn": "237", "vnt": "0", "vp": "0", "vv": "10714", "van": "0", "vansj": "0", "pvnom": "  95,25", "pvl": "   4,75", "pvvc": "  97,44", "pvb": "   0,40", "ptvn": "   2,16", "pvn": " 100,00", "pvnt": "   0,00", "pvp": "   0,00", "pvv": " 100,00", "pvan": "   0,00", "pvansj": "   0,00", "cand": [{"seq": "75", "n": "27777", "vap": "29", "pvap": "   0,27", "e": "N", "st": "N\u00e3o eleito"}, {"seq": "100", "n": "27123", "vap": "7", "pvap": "   0,07", "e": "N", "st": "N\u00e3o eleito"}, {"seq": "103", "n": "27787", "vap": "6", "pvap": "   0,06", "e": "N", "st": "N\u00e3o eleito"}, {"seq": "109", "n": "27567", "vap": "4", "pvap": "   0,04", "e": "N", "st": "N\u00e3o eleito"}, {"seq": "119", "n": "27789", "vap": "1", "pvap": "   0,01", "e": "N", "st": "N\u00e3o eleito"}, {"seq": "68", "n": "17777", "vap": "39", "pvap": "   0,36", "e": "N", "st": "N\u00e3o eleito"}, {"seq": "85", "n": "17123", "vap": "19", "pvap": "   0,18", "e": "N", "st": "N\u00e3o eleito"}, {"seq": "89", "n": "17222", "vap": "17", "pvap": "   0,16", "e": "N", "st": "N\u00e3o eleito"}, {"seq": "91", "n": "17888", "vap": "15", "pvap": "   0,14", "e": "N", "st": "N\u00e3o eleito"}, {"seq": "96", "n": "17234", "vap": "11", "pvap": "   0,10", "e": "N", "st": "N\u00e3o eleito"}, {"seq": "97", "n": "17666", "vap": "10", "pvap": "   0,09", "e": "N", "st": "N\u00e3o eleito"}, {"seq": "98", "n": "17115", "vap": "8", "pvap": "   0,07", "e": "N", "st": "N\u00e3o eleito"}, {"seq": "101", "n": "17000", "vap": "7", "pvap": "   0,07", "e": "N", "st": "N\u00e3o eleito"}, {"seq": "104", "n": "17013", "vap": "6", "pvap": "   0,06", "e": "N", "st": "N\u00e3o eleito"}, {"seq": "111", "n": "17555", "vap": "3", "pvap": "   0,03", "e": "N", "st": "N\u00e3o eleito"}, {"seq": "114", "n": "17789", "vap": "2", "pvap": "   0,02", "e": "N", "st": "N\u00e3o eleito"}, {"seq": "61", "n": "17111", "vap": "61", "pvap": "   0,57", "e": "N", "st": "N\u00e3o eleito"}, {"seq": "66", "n": "90037", "vap": "44", "pvap": "   0,41", "e": "N", "st": "N\u00e3o eleito"}, {"seq": "69", "n": "90122", "vap": "39", "pvap": "   0,36", "e": "N", "st": "N\u00e3o eleito"}, {"seq": "76", "n": "90000", "vap": "28", "pvap": "   0,26", "e": "N", "st": "N\u00e3o eleito"}, {"seq": "79", "n": "90282", "vap": "24", "pvap": "   0,22", "e": "N", "st": "N\u00e3o eleito"}, {"seq": "81", "n": "90007", "vap": "21", "pvap": "   0,20", "e": "N", "st": "N\u00e3o eleito"}, {"seq": "86", "n": "90123", "vap": "18", "pvap": "   0,17", "e": "N", "st": "N\u00e3o eleito"}, {"seq": "87", "n": "90222", "vap": "17", "pvap": "   0,16", "e": "N", "st": "N\u00e3o eleito"}, {"seq": "95", "n": "90333", "vap": "11", "pvap": "   0,10", "e": "N", "st": "N\u00e3o eleito"}, {"seq": "108", "n": "90382", "vap": "4", "pvap": "   0,04", "e": "N", "st": "N\u00e3o eleito"}, {"seq": "58", "n": "90555", "vap": "80", "pvap": "   0,75", "e": "N", "st": "N\u00e3o eleito"}, {"seq": "60", "n": "90635", "vap": "62", "pvap": "   0,58", "e": "N", "st": "N\u00e3o eleito"}, {"seq": "62", "n": "90111", "vap": "60", "pvap": "   0,56", "e": "N", "st": "N\u00e3o eleito"}, {"seq": "65", "n": "90909", "vap": "46", "pvap": "   0,43", "e": "N", "st": "N\u00e3o eleito"}, {"seq": "72", "n": "55655", "vap": "35", "pvap": "   0,33", "e": "N", "st": "N\u00e3o eleito"}, {"seq": "77", "n": "55220", "vap": "27", "pvap": "   0,25", "e": "N", "st": "N\u00e3o eleito"}, {"seq": "78", "n": "55789", "vap": "26", "pvap": "   0,24", "e": "N", "st": "N\u00e3o eleito"}, {"seq": "92", "n": "55111", "vap": "14", "pvap": "   0,13", "e": "N", "st": "N\u00e3o eleito"}, {"seq": "118", "n": "55444", "vap": "1", "pvap": "   0,01", "e": "N", "st": "N\u00e3o eleito"}, {"seq": "52", "n": "55123", "vap": "216", "pvap": "   2,02", "e": "N", "st": "N\u00e3o eleito"}, {"seq": "54", "n": "55222", "vap": "157", "pvap": "   1,47", "e": "N", "st": "N\u00e3o eleito"}, {"seq": "57", "n": "55555", "vap": "85", "pvap": "   0,79", "e": "N", "st": "N\u00e3o eleito"}, {"seq": "59", "n": "55000", "vap": "71", "pvap": "   0,66", "e": "N", "st": "N\u00e3o eleito"}, {"seq": "94", "n": "20555", "vap": "12", "pvap": "   0,11", "e": "N", "st": "N\u00e3o eleito"}, {"seq": "99", "n": "20001", "vap": "8", "pvap": "   0,07", "e": "N", "st": "N\u00e3o eleito"}, {"seq": "64", "n": "20123", "vap": "54", "pvap": "   0,50", "e": "N", "st": "N\u00e3o eleito"}, {"seq": "7", "n": "11333", "vap": "357", "pvap": "   3,33", "e": "S", "st": "Eleito"}, {"seq": "8", "n": "11444", "vap": "283", "pvap": "   2,64", "e": "S", "st": "Eleito"}, {"seq": "10", "n": "11456", "vap": "282", "pvap": "   2,63", "e": "N", "st": "Suplente"}, {"seq": "12", "n": "11123", "vap": "212", "pvap": "   1,98", "e": "N", "st": "Suplente"}, {"seq": "21", "n": "11614", "vap": "142", "pvap": "   1,33", "e": "N", "st": "Suplente"}, {"seq": "23", "n": "11000", "vap": "138", "pvap": "   1,29", "e": "N", "st": "Suplente"}, {"seq": "28", "n": "11777", "vap": "127", "pvap": "   1,19", "e": "N", "st": "Suplente"}, {"seq": "29", "n": "11111", "vap": "126", "pvap": "   1,18", "e": "N", "st": "Suplente"}, {"seq": "30", "n": "11222", "vap": "96", "pvap": "   0,90", "e": "N", "st": "Suplente"}, {"seq": "34", "n": "11611", "vap": "45", "pvap": "   0,42", "e": "N", "st": "Suplente"}, {"seq": "38", "n": "11346", "vap": "39", "pvap": "   0,36", "e": "N", "st": "Suplente"}, {"seq": "40", "n": "11555", "vap": "34", "pvap": "   0,32", "e": "N", "st": "Suplente"}, {"seq": "44", "n": "11888", "vap": "20", "pvap": "   0,19", "e": "N", "st": "Suplente"}, {"seq": "74", "n": "35222", "vap": "31", "pvap": "   0,29", "e": "N", "st": "N\u00e3o eleito"}, {"seq": "102", "n": "35555", "vap": "7", "pvap": "   0,07", "e": "N", "st": "N\u00e3o eleito"}, {"seq": "106", "n": "35789", "vap": "5", "pvap": "   0,05", "e": "N", "st": "N\u00e3o eleito"}, {"seq": "112", "n": "35199", "vap": "3", "pvap": "   0,03", "e": "N", "st": "N\u00e3o eleito"}, {"seq": "113", "n": "35333", "vap": "2", "pvap": "   0,02", "e": "N", "st": "N\u00e3o eleito"}, {"seq": "120", "n": "35000", "vap": "1", "pvap": "   0,01", "e": "N", "st": "N\u00e3o eleito"}, {"seq": "121", "n": "35123", "vap": "1", "pvap": "   0,01", "e": "N", "st": "N\u00e3o eleito"}, {"seq": "63", "n": "35678", "vap": "58", "pvap": "   0,54", "e": "N", "st": "N\u00e3o eleito"}, {"seq": "6", "n": "10852", "vap": "424", "pvap": "   3,96", "e": "S", "st": "Eleito"}, {"seq": "9", "n": "10123", "vap": "229", "pvap": "   2,14", "e": "S", "st": "Eleito"}, {"seq": "14", "n": "10369", "vap": "176", "pvap": "   1,64", "e": "N", "st": "Suplente"}, {"seq": "17", "n": "10000", "vap": "157", "pvap": "   1,47", "e": "N", "st": "Suplente"}, {"seq": "20", "n": "10789", "vap": "142", "pvap": "   1,33", "e": "N", "st": "Suplente"}, {"seq": "26", "n": "10333", "vap": "134", "pvap": "   1,25", "e": "N", "st": "Suplente"}, {"seq": "39", "n": "10444", "vap": "39", "pvap": "   0,36", "e": "N", "st": "Suplente"}, {"seq": "41", "n": "10222", "vap": "27", "pvap": "   0,25", "e": "N", "st": "Suplente"}, {"seq": "43", "n": "10151", "vap": "21", "pvap": "   0,20", "e": "N", "st": "Suplente"}, {"seq": "45", "n": "10555", "vap": "19", "pvap": "   0,18", "e": "N", "st": "Suplente"}, {"seq": "49", "n": "10234", "vap": "9", "pvap": "   0,08", "e": "N", "st": "Suplente"}, {"seq": "50", "n": "10137", "vap": "7", "pvap": "   0,07", "e": "N", "st": "Suplente"}, {"seq": "51", "n": "10666", "vap": "5", "pvap": "   0,05", "e": "N", "st": "Suplente"}, {"seq": "1", "n": "70000", "vap": "771", "pvap": "   7,20", "e": "S", "st": "Eleito"}, {"seq": "4", "n": "70456", "vap": "435", "pvap": "   4,06", "e": "S", "st": "Eleito"}, {"seq": "13", "n": "70555", "vap": "188", "pvap": "   1,75", "e": "N", "st": "Suplente"}, {"seq": "15", "n": "70111", "vap": "172", "pvap": "   1,61", "e": "N", "st": "Suplente"}, {"seq": "22", "n": "70123", "vap": "141", "pvap": "   1,32", "e": "N", "st": "Suplente"}, {"seq": "31", "n": "70999", "vap": "70", "pvap": "   0,65", "e": "N", "st": "Suplente"}, {"seq": "33", "n": "70789", "vap": "47", "pvap": "   0,44", "e": "N", "st": "Suplente"}, {"seq": "36", "n": "70777", "vap": "45", "pvap": "   0,42", "e": "N", "st": "Suplente"}, {"seq": "37", "n": "70333", "vap": "41", "pvap": "   0,38", "e": "N", "st": "Suplente"}, {"seq": "46", "n": "70222", "vap": "18", "pvap": "   0,17", "e": "N", "st": "Suplente"}, {"seq": "47", "n": "70888", "vap": "14", "pvap": "   0,13", "e": "N", "st": "Suplente"}, {"seq": "48", "n": "70444", "vap": "10", "pvap": "   0,09", "e": "N", "st": "Suplente"}, {"seq": "67", "n": "25123", "vap": "40", "pvap": "   0,37", "e": "N", "st": "N\u00e3o eleito"}, {"seq": "70", "n": "25222", "vap": "37", "pvap": "   0,35", "e": "N", "st": "N\u00e3o eleito"}, {"seq": "71", "n": "25655", "vap": "36", "pvap": "   0,34", "e": "N", "st": "N\u00e3o eleito"}, {"seq": "73", "n": "25000", "vap": "33", "pvap": "   0,31", "e": "N", "st": "N\u00e3o eleito"}, {"seq": "80", "n": "25125", "vap": "21", "pvap": "   0,20", "e": "N", "st": "N\u00e3o eleito"}, {"seq": "83", "n": "25555", "vap": "20", "pvap": "   0,19", "e": "N", "st": "N\u00e3o eleito"}, {"seq": "84", "n": "25001", "vap": "19", "pvap": "   0,18", "e": "N", "st": "N\u00e3o eleito"}, {"seq": "90", "n": "25333", "vap": "15", "pvap": "   0,14", "e": "N", "st": "N\u00e3o eleito"}, {"seq": "93", "n": "25614", "vap": "13", "pvap": "   0,12", "e": "N", "st": "N\u00e3o eleito"}, {"seq": "105", "n": "25321", "vap": "5", "pvap": "   0,05", "e": "N", "st": "N\u00e3o eleito"}, {"seq": "117", "n": "25124", "vap": "1", "pvap": "   0,01", "e": "N", "st": "N\u00e3o eleito"}, {"seq": "53", "n": "25444", "vap": "160", "pvap": "   1,49", "e": "N", "st": "N\u00e3o eleito"}, {"seq": "55", "n": "25025", "vap": "133", "pvap": "   1,24", "e": "N", "st": "N\u00e3o eleito"}, {"seq": "56", "n": "25111", "vap": "116", "pvap": "   1,08", "e": "N", "st": "N\u00e3o eleito"}, {"seq": "2", "n": "15456", "vap": "612", "pvap": "   5,71", "e": "S", "st": "Eleito"}, {"seq": "3", "n": "15222", "vap": "481", "pvap": "   4,49", "e": "S", "st": "Eleito"}, {"seq": "5", "n": "15123", "vap": "426", "pvap": "   3,98", "e": "S", "st": "Eleito"}, {"seq": "11", "n": "15610", "vap": "243", "pvap": "   2,27", "e": "N", "st": "Suplente"}, {"seq": "16", "n": "15444", "vap": "169", "pvap": "   1,58", "e": "N", "st": "Suplente"}, {"seq": "18", "n": "15555", "vap": "154", "pvap": "   1,44", "e": "N", "st": "Suplente"}, {"seq": "19", "n": "15111", "vap": "146", "pvap": "   1,36", "e": "N", "st": "Suplente"}, {"seq": "24", "n": "15678", "vap": "136", "pvap": "   1,27", "e": "N", "st": "Suplente"}, {"seq": "25", "n": "15478", "vap": "135", "pvap": "   1,26", "e": "N", "st": "Suplente"}, {"seq": "27", "n": "15888", "vap": "128", "pvap": "   1,19", "e": "N", "st": "Suplente"}, {"seq": "32", "n": "15999", "vap": "54", "pvap": "   0,50", "e": "N", "st": "Suplente"}, {"seq": "35", "n": "15233", "vap": "45", "pvap": "   0,42", "e": "N", "st": "Suplente"}, {"seq": "42", "n": "15234", "vap": "24", "pvap": "   0,22", "e": "N", "st": "Suplente"}, {"seq": "82", "n": "23111", "vap": "21", "pvap": "   0,20", "e": "N", "st": "N\u00e3o eleito"}, {"seq": "107", "n": "23123", "vap": "4", "pvap": "   0,04", "e": "N", "st": "N\u00e3o eleito"}, {"seq": "110", "n": "23222", "vap": "3", "pvap": "   0,03", "e": "N", "st": "N\u00e3o eleito"}, {"seq": "116", "n": "23100", "vap": "1", "pvap": "   0,01", "e": "N", "st": "N\u00e3o eleito"}, {"seq": "122", "n": "23333", "vap": "0", "pvap": "00.00", "e": "N", "st": "N\u00e3o eleito"}, {"seq": "88", "n": "51456", "vap": "17", "pvap": "   0,16", "e": "N", "st": "N\u00e3o eleito"}, {"seq": "115", "n": "51789", "vap": "2", "pvap": "   0,02", "e": "N", "st": "N\u00e3o eleito"}]}]}