{"ele": "426", "carper": "13", "t": "1", "f": "O", "esae": "N", "mnae": " ", "dg": "15/11/2020", "hg": "22:38:59", "dv": "S", "nadf": "am02496-c0013-e000426-002-f", "abr": [{"dt": "15/11/2020", "ht": "21:29:33", "tf": "S", "and": "F", "tpabr": "MU", "cdabr": "02496", "s": "33", "st": "33", "snt": "0", "si": "33", "sni": "0", "sa": "33", "sna": "0", "pst": " 100,00", "psnt": "   0,00", "psi": " 100,00", "psni": "   0,00", "psa": " 100,00", "psna": "   0,00", "e": "13329", "ea": "13329", "ena": "0", "esi": "13329", "esni": "0", "c": "10896", "a": "2433", "pea": " 100,00", "pena": "   0,00", "pesi": " 100,00", "pesni": "   0,00", "pa": "  18,25", "pc": "  81,75", "vscv": "0", "vnom": "9991", "vl": "503", "tv": "10896", "vvc": "10494", "vb": "54", "tvn": "348", "vn": "348", "vnt": "0", "vp": "0", "vv": "10494", "van": "0", "vansj": "0", "pvnom": "  95,21", "pvl": "   4,79", "pvvc": "  96,31", "pvb": "   0,50", "ptvn": "   3,19", "pvn": " 100,00", "pvnt": "   0,00", "pvp": "   0,00", "pvv": " 100,00", "pvan": "   0,00", "pvansj": "   0,00", "colig": [{"n": "40000151613", "tvtn": "1578", "tvan": "1578", "vag": "2", "tvtl": "16", "tval": "16"}, {"n": "40000155024", "tvtn": "1", "tvan": "1", "vag": "0", "tvtl": "4", "tval": "4"}, {"n": "40000151357", "tvtn": "55", "tvan": "55", "vag": "0", "tvtl": "2", "tval": "2"}, {"n": "40000151464", "tvtn": "112", "tvan": "112", "vag": "0", "tvtl": "10", "tval": "10"}, {"n": "40000150532", "tvtn": "1464", "tvan": "1464", "vag": "1", "tvtl": "46", "tval": "46"}, {"n": "40000150335", "tvtn": "2512", "tvan": "2512", "vag": "3", "tvtl": "247", "tval": "247"}, {"n": "40000155027", "tvtn": "2603", "tvan": "2603", "vag": "3", "tvtl": "115", "tval": "115"}, {"n": "40000150412", "tvtn": "909", "tvan": "909", "vag": "1", "tvtl": "45", "tval": "45"}, {"n": "40000150225", "tvtn": "757", "tvan": "757", "vag": "1", "tvtl": "18", "tval": "18"}], "part": [{"n": "90", "tvtn": "1578", "tvan": "1578", "tvtl": "16", "tval": "16"}, {"n": "55", "tvtn": "1", "tvan": "1", "tvtl": "4", "tval": "4"}, {"n": "20", "tvtn": "55", "tvan": "55", "tvtl": "2", "tval": "2"}, {"n": "25", "tvtn": "112", "tvan": "112", "tvtl": "10", "tval": "10"}, {"n": "15", "tvtn": "1464", "tvan": "1464", "tvtl": "46", "tval": "46"}, {"n": "12", "tvtn": "2512", "tvan": "2512", "tvtl": "247", "tval": "247"}, {"n": "11", "tvtn": "2603", "tvan": "2603", "tvtl": "115", "tval": "115"}, {"n": "13", "tvtn": "909", "tvan": "909", "tvtl": "45", "tval": "45"}, {"n": "10", "tvtn": "757", "tvan": "757", "tvtl": "18", "tval": "18"}], "cand": [{"seq": "23", "n": "90234", "vap": "157", "pvap": "   1,50", "e": "N", "st": "Suplente"}, {"seq": "79", "n": "90900", "vap": "4", "pvap": "   0,04", "e": "N", "st": "Suplente"}, {"seq": "64", "n": "90555", "vap": "22", "pvap": "   0,21", "e": "N", "st": "Suplente"}, {"seq": "42", "n": "90123", "vap": "81", "pvap": "   0,77", "e": "N", "st": "Suplente"}, {"seq": "78", "n": "90444", "vap": "4", "pvap": "   0,04", "e": "N", "st": "Suplente"}, {"seq": "26", "n": "90999", "vap": "148", "pvap": "   1,41", "e": "N", "st": "Suplente"}, {"seq": "53", "n": "90888", "vap": "46", "pvap": "   0,44", "e": "N", "st": "Suplente"}, {"seq": "6", "n": "90000", "vap": "308", "pvap": "   2,94", "e": "S", "st": "Eleito"}, {"seq": "58", "n": "90222", "vap": "33", "pvap": "   0,31", "e": "N", "st": "Suplente"}, {"seq": "63", "n": "90009", "vap": "23", "pvap": "   0,22", "e": "N", "st": "Suplente"}, {"seq": "90", "n": "90777", "vap": "0", "pvap": "00.00", "e": "N", "st": "N\u00e3o eleito"}, {"seq": "3", "n": "90333", "vap": "489", "pvap": "   4,66", "e": "S", "st": "Eleito"}, {"seq": "12", "n": "90111", "vap": "263", "pvap": "   2,51", "e": "N", "st": "Suplente"}, {"seq": "89", "n": "55111", "vap": "0", "pvap": "00.00", "e": "N", "st": "N\u00e3o eleito"}, {"seq": "88", "n": "55000", "vap": "1", "pvap": "   0,01", "e": "N", "st": "N\u00e3o eleito"}, {"seq": "87", "n": "20222", "vap": "25", "pvap": "   0,24", "e": "N", "st": "N\u00e3o eleito"}, {"seq": "85", "n": "20000", "vap": "30", "pvap": "   0,29", "e": "N", "st": "N\u00e3o eleito"}, {"seq": "86", "n": "25555", "vap": "25", "pvap": "   0,24", "e": "N", "st": "N\u00e3o eleito"}, {"seq": "83", "n": "25222", "vap": "52", "pvap": "   0,50", "e": "N", "st": "N\u00e3o eleito"}, {"seq": "84", "n": "25000", "vap": "35", "pvap": "   0,33", "e": "N", "st": "N\u00e3o eleito"}, {"seq": "27", "n": "15222", "vap": "142", "pvap": "   1,35", "e": "N", "st": "Suplente"}, {"seq": "8", "n": "15333", "vap": "263", "pvap": "   2,51", "e": "S", "st": "Eleito"}, {"seq": "20", "n": "15555", "vap": "168", "pvap": "   1,60", "e": "N", "st": "Suplente"}, {"seq": "76", "n": "15999", "vap": "13", "pvap": "   0,12", "e": "N", "st": "Suplente"}, {"seq": "52", "n": "15777", "vap": "52", "pvap": "   0,50", "e": "N", "st": "Suplente"}, {"seq": "60", "n": "15123", "vap": "30", "pvap": "   0,29", "e": "N", "st": "Suplente"}, {"seq": "54", "n": "15000", "vap": "43", "pvap": "   0,41", "e": "N", "st": "Suplente"}, {"seq": "69", "n": "15456", "vap": "20", "pvap": "   0,19", "e": "N", "st": "Suplente"}, {"seq": "18", "n": "15111", "vap": "186", "pvap": "   1,77", "e": "N", "st": "Suplente"}, {"seq": "24", "n": "15666", "vap": "155", "pvap": "   1,48", "e": "N", "st": "Suplente"}, {"seq": "16", "n": "15155", "vap": "204", "pvap": "   1,94", "e": "N", "st": "Suplente"}, {"seq": "72", "n": "15457", "vap": "18", "pvap": "   0,17", "e": "N", "st": "Suplente"}, {"seq": "70", "n": "15234", "vap": "20", "pvap": "   0,19", "e": "N", "st": "Suplente"}, {"seq": "33", "n": "15251", "vap": "124", "pvap": "   1,18", "e": "N", "st": "Suplente"}, {"seq": "61", "n": "15444", "vap": "26", "pvap": "   0,25", "e": "N", "st": "Suplente"}, {"seq": "39", "n": "12222", "vap": "98", "pvap": "   0,93", "e": "N", "st": "Suplente"}, {"seq": "29", "n": "12777", "vap": "131", "pvap": "   1,25", "e": "N", "st": "Suplente"}, {"seq": "2", "n": "12000", "vap": "505", "pvap": "   4,81", "e": "S", "st": "Eleito"}, {"seq": "51", "n": "12300", "vap": "59", "pvap": "   0,56", "e": "N", "st": "Suplente"}, {"seq": "71", "n": "12112", "vap": "19", "pvap": "   0,18", "e": "N", "st": "Suplente"}, {"seq": "9", "n": "12123", "vap": "261", "pvap": "   2,49", "e": "S", "st": "Eleito"}, {"seq": "57", "n": "12456", "vap": "35", "pvap": "   0,33", "e": "N", "st": "Suplente"}, {"seq": "35", "n": "12333", "vap": "110", "pvap": "   1,05", "e": "N", "st": "Suplente"}, {"seq": "31", "n": "12312", "vap": "128", "pvap": "   1,22", "e": "N", "st": "Suplente"}, {"seq": "81", "n": "12369", "vap": "1", "pvap": "   0,01", "e": "N", "st": "Suplente"}, {"seq": "22", "n": "12212", "vap": "162", "pvap": "   1,54", "e": "N", "st": "Suplente"}, {"seq": "43", "n": "12111", "vap": "73", "pvap": "   0,70", "e": "N", "st": "Suplente"}, {"seq": "47", "n": "12444", "vap": "65", "pvap": "   0,62", "e": "N", "st": "Suplente"}, {"seq": "32", "n": "12999", "vap": "128", "pvap": "   1,22", "e": "N", "st": "Suplente"}, {"seq": "36", "n": "12555", "vap": "109", "pvap": "   1,04", "e": "N", "st": "Suplente"}, {"seq": "1", "n": "12345", "vap": "628", "pvap": "   5,98", "e": "S", "st": "Eleito"}, {"seq": "4", "n": "11223", "vap": "479", "pvap": "   4,56", "e": "S", "st": "Eleito"}, {"seq": "37", "n": "11112", "vap": "103", "pvap": "   0,98", "e": "N", "st": "Suplente"}, {"seq": "62", "n": "11321", "vap": "25", "pvap": "   0,24", "e": "N", "st": "Suplente"}, {"seq": "5", "n": "11111", "vap": "354", "pvap": "   3,37", "e": "S", "st": "Eleito"}, {"seq": "15", "n": "11555", "vap": "212", "pvap": "   2,02", "e": "N", "st": "Suplente"}, {"seq": "7", "n": "11212", "vap": "289", "pvap": "   2,75", "e": "S", "st": "Eleito"}, {"seq": "67", "n": "11122", "vap": "20", "pvap": "   0,19", "e": "N", "st": "Suplente"}, {"seq": "75", "n": "11333", "vap": "14", "pvap": "   0,13", "e": "N", "st": "Suplente"}, {"seq": "13", "n": "11444", "vap": "220", "pvap": "   2,10", "e": "N", "st": "Suplente"}, {"seq": "30", "n": "11234", "vap": "131", "pvap": "   1,25", "e": "N", "st": "Suplente"}, {"seq": "14", "n": "11999", "vap": "218", "pvap": "   2,08", "e": "N", "st": "Suplente"}, {"seq": "49", "n": "11190", "vap": "62", "pvap": "   0,59", "e": "N", "st": "Suplente"}, {"seq": "19", "n": "11777", "vap": "181", "pvap": "   1,72", "e": "N", "st": "Suplente"}, {"seq": "82", "n": "11110", "vap": "0", "pvap": "00.00", "e": "N", "st": "Suplente"}, {"seq": "38", "n": "11222", "vap": "99", "pvap": "   0,94", "e": "N", "st": "Suplente"}, {"seq": "17", "n": "11369", "vap": "196", "pvap": "   1,87", "e": "N", "st": "Suplente"}, {"seq": "45", "n": "13000", "vap": "69", "pvap": "   0,66", "e": "N", "st": "Suplente"}, {"seq": "40", "n": "13333", "vap": "98", "pvap": "   0,93", "e": "N", "st": "Suplente"}, {"seq": "25", "n": "13456", "vap": "151", "pvap": "   1,44", "e": "N", "st": "Suplente"}, {"seq": "73", "n": "13888", "vap": "15", "pvap": "   0,14", "e": "N", "st": "Suplente"}, {"seq": "55", "n": "13233", "vap": "41", "pvap": "   0,39", "e": "N", "st": "Suplente"}, {"seq": "66", "n": "13111", "vap": "21", "pvap": "   0,20", "e": "N", "st": "Suplente"}, {"seq": "68", "n": "13123", "vap": "20", "pvap": "   0,19", "e": "N", "st": "Suplente"}, {"seq": "59", "n": "13222", "vap": "30", "pvap": "   0,29", "e": "N", "st": "Suplente"}, {"seq": "77", "n": "13567", "vap": "8", "pvap": "   0,08", "e": "N", "st": "Suplente"}, {"seq": "80", "n": "13555", "vap": "2", "pvap": "   0,02", "e": "N", "st": "Suplente"}, {"seq": "11", "n": "13444", "vap": "173", "pvap": "   1,65", "e": "S", "st": "Eleito"}, {"seq": "34", "n": "13789", "vap": "115", "pvap": "   1,10", "e": "N", "st": "Suplente"}, {"seq": "21", "n": "13425", "vap": "166", "pvap": "   1,58", "e": "N", "st": "Suplente"}, {"seq": "46", "n": "10123", "vap": "69", "pvap": "   0,66", "e": "N", "st": "Suplente"}, {"seq": "74", "n": "10145", "vap": "14", "pvap": "   0,13", "e": "N", "st": "Suplente"}, {"seq": "48", "n": "10222", "vap": "62", "pvap": "   0,59", "e": "N", "st": "Suplente"}, {"seq": "28", "n": "10111", "vap": "132", "pvap": "   1,26", "e": "N", "st": "Suplente"}, {"seq": "65", "n": "10000", "vap": "22", "pvap": "   0,21", "e": "N", "st": "Suplente"}, {"seq": "56", "n": "10333", "vap": "38", "pvap": "   0,36", "e": "N", "st": "Suplente"}, {"seq": "50", "n": "10456", "vap": "59", "pvap": "   0,56", "e": "N", "st": "Suplente"}, {"seq": "41", "n": "10789", "vap": "93", "pvap": "   0,89", "e": "N", "st": "Suplente"}, {"seq": "44", "n": "10777", "vap": "72", "pvap": "   0,69", "e": "N", "st": "Suplente"}, {"seq": "10", "n": "10234", "vap": "196", "pvap": "   1,87", "e": "S", "st": "Eleito"}]}, {"dt": "15/11/2020", "ht": "21:29:33", "tf": "S", "and": "F", "tpabr": "ZONA", "cdabr": "41", "s": "33", "st": "33", "snt": "0", "si": "33", "sni": "0", "sa": "33", "sna": "0", "pst": " 100,00", "psnt": "   0,00", "psi": " 100,00", "psni": "   0,00", "psa": " 100,00", "psna": "   0,00", "e": "13329", "ea": "13329", "ena": "0", "esi": "13329", "esni": "0", "a": "2433", "c": "10896", "pea": " 100,00", "pena": "   0,00", "pesi": " 100,00", "pesni": "   0,00", "pa": "  18,25", "pc": "  81,75", "vnom": "9991", "vscv": "0", "vl": "503", "tv": "10896", "vvc": "10494", "vb": "54", "tvn": "348", "vn": "348", "vnt": "0", "vp": "0", "vv": "10494", "van": "0", "vansj": "0", "pvnom": "  95,21", "pvl": "   4,79", "pvvc": "  96,31", "pvb": "   0,50", "ptvn": "   3,19", "pvn": " 100,00", "pvnt": "   0,00", "pvp": "   0,00", "pvv": " 100,00", "pvan": "   0,00", "pvansj": "   0,00", "cand": [{"seq": "88", "n": "55000", "vap": "1", "pvap": "   0,01", "e": "N", "st": "N\u00e3o eleito"}, {"seq": "89", "n": "55111", "vap": "0", "pvap": "00.00", "e": "N", "st": "N\u00e3o eleito"}, {"seq": "83", "n": "25222", "vap": "52", "pvap": "   0,50", "e": "N", "st": "N\u00e3o eleito"}, {"seq": "84", "n": "25000", "vap": "35", "pvap": "   0,33", "e": "N", "st": "N\u00e3o eleito"}, {"seq": "86", "n": "25555", "vap": "25", "pvap": "   0,24", "e": "N", "st": "N\u00e3o eleito"}, {"seq": "4", "n": "11223", "vap": "479", "pvap": "   4,56", "e": "S", "st": "Eleito"}, {"seq": "5", "n": "11111", "vap": "354", "pvap": "   3,37", "e": "S", "st": "Eleito"}, {"seq": "7", "n": "11212", "vap": "289", "pvap": "   2,75", "e": "S", "st": "Eleito"}, {"seq": "13", "n": "11444", "vap": "220", "pvap": "   2,10", "e": "N", "st": "Suplente"}, {"seq": "14", "n": "11999", "vap": "218", "pvap": "   2,08", "e": "N", "st": "Suplente"}, {"seq": "15", "n": "11555", "vap": "212", "pvap": "   2,02", "e": "N", "st": "Suplente"}, {"seq": "17", "n": "11369", "vap": "196", "pvap": "   1,87", "e": "N", "st": "Suplente"}, {"seq": "19", "n": "11777", "vap": "181", "pvap": "   1,72", "e": "N", "st": "Suplente"}, {"seq": "30", "n": "11234", "vap": "131", "pvap": "   1,25", "e": "N", "st": "Suplente"}, {"seq": "37", "n": "11112", "vap": "103", "pvap": "   0,98", "e": "N", "st": "Suplente"}, {"seq": "38", "n": "11222", "vap": "99", "pvap": "   0,94", "e": "N", "st": "Suplente"}, {"seq": "49", "n": "11190", "vap": "62", "pvap": "   0,59", "e": "N", "st": "Suplente"}, {"seq": "62", "n": "11321", "vap": "25", "pvap": "   0,24", "e": "N", "st": "Suplente"}, {"seq": "67", "n": "11122", "vap": "20", "pvap": "   0,19", "e": "N", "st": "Suplente"}, {"seq": "75", "n": "11333", "vap": "14", "pvap": "   0,13", "e": "N", "st": "Suplente"}, {"seq": "82", "n": "11110", "vap": "0", "pvap": "00.00", "e": "N", "st": "Suplente"}, {"seq": "11", "n": "13444", "vap": "173", "pvap": "   1,65", "e": "S", "st": "Eleito"}, {"seq": "21", "n": "13425", "vap": "166", "pvap": "   1,58", "e": "N", "st": "Suplente"}, {"seq": "25", "n": "13456", "vap": "151", "pvap": "   1,44", "e": "N", "st": "Suplente"}, {"seq": "34", "n": "13789", "vap": "115", "pvap": "   1,10", "e": "N", "st": "Suplente"}, {"seq": "40", "n": "13333", "vap": "98", "pvap": "   0,93", "e": "N", "st": "Suplente"}, {"seq": "45", "n": "13000", "vap": "69", "pvap": "   0,66", "e": "N", "st": "Suplente"}, {"seq": "55", "n": "13233", "vap": "41", "pvap": "   0,39", "e": "N", "st": "Suplente"}, {"seq": "59", "n": "13222", "vap": "30", "pvap": "   0,29", "e": "N", "st": "Suplente"}, {"seq": "66", "n": "13111", "vap": "21", "pvap": "   0,20", "e": "N", "st": "Suplente"}, {"seq": "68", "n": "13123", "vap": "20", "pvap": "   0,19", "e": "N", "st": "Suplente"}, {"seq": "73", "n": "13888", "vap": "15", "pvap": "   0,14", "e": "N", "st": "Suplente"}, {"seq": "77", "n": "13567", "vap": "8", "pvap": "   0,08", "e": "N", "st": "Suplente"}, {"seq": "80", "n": "13555", "vap": "2", "pvap": "   0,02", "e": "N", "st": "Suplente"}, {"seq": "1", "n": "12345", "vap": "628", "pvap": "   5,98", "e": "S", "st": "Eleito"}, {"seq": "2", "n": "12000", "vap": "505", "pvap": "   4,81", "e": "S", "st": "Eleito"}, {"seq": "9", "n": "12123", "vap": "261", "pvap": "   2,49", "e": "S", "st": "Eleito"}, {"seq": "22", "n": "12212", "vap": "162", "pvap": "   1,54", "e": "N", "st": "Suplente"}, {"seq": "29", "n": "12777", "vap": "131", "pvap": "   1,25", "e": "N", "st": "Suplente"}, {"seq": "31", "n": "12312", "vap": "128", "pvap": "   1,22", "e": "N", "st": "Suplente"}, {"seq": "32", "n": "12999", "vap": "128", "pvap": "   1,22", "e": "N", "st": "Suplente"}, {"seq": "35", "n": "12333", "vap": "110", "pvap": "   1,05", "e": "N", "st": "Suplente"}, {"seq": "36", "n": "12555", "vap": "109", "pvap": "   1,04", "e": "N", "st": "Suplente"}, {"seq": "39", "n": "12222", "vap": "98", "pvap": "   0,93", "e": "N", "st": "Suplente"}, {"seq": "43", "n": "12111", "vap": "73", "pvap": "   0,70", "e": "N", "st": "Suplente"}, {"seq": "47", "n": "12444", "vap": "65", "pvap": "   0,62", "e": "N", "st": "Suplente"}, {"seq": "51", "n": "12300", "vap": "59", "pvap": "   0,56", "e": "N", "st": "Suplente"}, {"seq": "57", "n": "12456", "vap": "35", "pvap": "   0,33", "e": "N", "st": "Suplente"}, {"seq": "71", "n": "12112", "vap": "19", "pvap": "   0,18", "e": "N", "st": "Suplente"}, {"seq": "81", "n": "12369", "vap": "1", "pvap": "   0,01", "e": "N", "st": "Suplente"}, {"seq": "8", "n": "15333", "vap": "263", "pvap": "   2,51", "e": "S", "st": "Eleito"}, {"seq": "16", "n": "15155", "vap": "204", "pvap": "   1,94", "e": "N", "st": "Suplente"}, {"seq": "18", "n": "15111", "vap": "186", "pvap": "   1,77", "e": "N", "st": "Suplente"}, {"seq": "20", "n": "15555", "vap": "168", "pvap": "   1,60", "e": "N", "st": "Suplente"}, {"seq": "24", "n": "15666", "vap": "155", "pvap": "   1,48", "e": "N", "st": "Suplente"}, {"seq": "27", "n": "15222", "vap": "142", "pvap": "   1,35", "e": "N", "st": "Suplente"}, {"seq": "33", "n": "15251", "vap": "124", "pvap": "   1,18", "e": "N", "st": "Suplente"}, {"seq": "52", "n": "15777", "vap": "52", "pvap": "   0,50", "e": "N", "st": "Suplente"}, {"seq": "54", "n": "15000", "vap": "43", "pvap": "   0,41", "e": "N", "st": "Suplente"}, {"seq": "60", "n": "15123", "vap": "30", "pvap": "   0,29", "e": "N", "st": "Suplente"}, {"seq": "61", "n": "15444", "vap": "26", "pvap": "   0,25", "e": "N", "st": "Suplente"}, {"seq": "69", "n": "15456", "vap": "20", "pvap": "   0,19", "e": "N", "st": "Suplente"}, {"seq": "70", "n": "15234", "vap": "20", "pvap": "   0,19", "e": "N", "st": "Suplente"}, {"seq": "72", "n": "15457", "vap": "18", "pvap": "   0,17", "e": "N", "st": "Suplente"}, {"seq": "76", "n": "15999", "vap": "13", "pvap": "   0,12", "e": "N", "st": "Suplente"}, {"seq": "10", "n": "10234", "vap": "196", "pvap": "   1,87", "e": "S", "st": "Eleito"}, {"seq": "28", "n": "10111", "vap": "132", "pvap": "   1,26", "e": "N", "st": "Suplente"}, {"seq": "41", "n": "10789", "vap": "93", "pvap": "   0,89", "e": "N", "st": "Suplente"}, {"seq": "44", "n": "10777", "vap": "72", "pvap": "   0,69", "e": "N", "st": "Suplente"}, {"seq": "46", "n": "10123", "vap": "69", "pvap": "   0,66", "e": "N", "st": "Suplente"}, {"seq": "48", "n": "10222", "vap": "62", "pvap": "   0,59", "e": "N", "st": "Suplente"}, {"seq": "50", "n": "10456", "vap": "59", "pvap": "   0,56", "e": "N", "st": "Suplente"}, {"seq": "56", "n": "10333", "vap": "38", "pvap": "   0,36", "e": "N", "st": "Suplente"}, {"seq": "65", "n": "10000", "vap": "22", "pvap": "   0,21", "e": "N", "st": "Suplente"}, {"seq": "74", "n": "10145", "vap": "14", "pvap": "   0,13", "e": "N", "st": "Suplente"}, {"seq": "3", "n": "90333", "vap": "489", "pvap": "   4,66", "e": "S", "st": "Eleito"}, {"seq": "6", "n": "90000", "vap": "308", "pvap": "   2,94", "e": "S", "st": "Eleito"}, {"seq": "12", "n": "90111", "vap": "263", "pvap": "   2,51", "e": "N", "st": "Suplente"}, {"seq": "23", "n": "90234", "vap": "157", "pvap": "   1,50", "e": "N", "st": "Suplente"}, {"seq": "26", "n": "90999", "vap": "148", "pvap": "   1,41", "e": "N", "st": "Suplente"}, {"seq": "42", "n": "90123", "vap": "81", "pvap": "   0,77", "e": "N", "st": "Suplente"}, {"seq": "53", "n": "90888", "vap": "46", "pvap": "   0,44", "e": "N", "st": "Suplente"}, {"seq": "58", "n": "90222", "vap": "33", "pvap": "   0,31", "e": "N", "st": "Suplente"}, {"seq": "63", "n": "90009", "vap": "23", "pvap": "   0,22", "e": "N", "st": "Suplente"}, {"seq": "64", "n": "90555", "vap": "22", "pvap": "   0,21", "e": "N", "st": "Suplente"}, {"seq": "78", "n": "90444", "vap": "4", "pvap": "   0,04", "e": "N", "st": "Suplente"}, {"seq": "79", "n": "90900", "vap": "4", "pvap": "   0,04", "e": "N", "st": "Suplente"}, {"seq": "90", "n": "90777", "vap": "0", "pvap": "00.00", "e": "N", "st": "N\u00e3o eleito"}, {"seq": "85", "n": "20000", "vap": "30", "pvap": "   0,29", "e": "N", "st": "N\u00e3o eleito"}, {"seq": "87", "n": "20222", "vap": "25", "pvap": "   0,24", "e": "N", "st": "N\u00e3o eleito"}]}]}