{"ele": "426", "carper": "13", "t": "1", "f": "O", "esae": "N", "mnae": " ", "dg": "15/11/2020", "hg": "23:23:22", "dv": "S", "nadf": "am98493-c0013-e000426-003-f", "abr": [{"dt": "15/11/2020", "ht": "22:16:48", "tf": "S", "and": "F", "tpabr": "MU", "cdabr": "98493", "s": "28", "st": "28", "snt": "0", "si": "28", "sni": "0", "sa": "28", "sna": "0", "pst": " 100,00", "psnt": "   0,00", "psi": " 100,00", "psni": "   0,00", "psa": " 100,00", "psna": "   0,00", "e": "8177", "ea": "8177", "ena": "0", "esi": "8177", "esni": "0", "c": "6931", "a": "1246", "pea": " 100,00", "pena": "   0,00", "pesi": " 100,00", "pesni": "   0,00", "pa": "  15,24", "pc": "  84,76", "vscv": "0", "vnom": "6468", "vl": "298", "tv": "6931", "vvc": "6766", "vb": "28", "tvn": "137", "vn": "137", "vnt": "0", "vp": "0", "vv": "6766", "van": "0", "vansj": "0", "pvnom": "  95,60", "pvl": "   4,40", "pvvc": "  97,62", "pvb": "   0,40", "ptvn": "   1,98", "pvn": " 100,00", "pvnt": "   0,00", "pvp": "   0,00", "pvv": " 100,00", "pvan": "   0,00", "pvansj": "   0,00", "colig": [{"n": "40000094618", "tvtn": "960", "tvan": "960", "vag": "1", "tvtl": "32", "tval": "32"}, {"n": "40000094788", "tvtn": "568", "tvan": "568", "vag": "1", "tvtl": "57", "tval": "57"}, {"n": "40000154652", "tvtn": "93", "tvan": "93", "vag": "0", "tvtl": "14", "tval": "14"}, {"n": "40000068200", "tvtn": "1394", "tvan": "1394", "vag": "2", "tvtl": "19", "tval": "19"}, {"n": "40000068141", "tvtn": "1565", "tvan": "1565", "vag": "3", "tvtl": "112", "tval": "112"}, {"n": "40000154598", "tvtn": "1009", "tvan": "1009", "vag": "1", "tvtl": "54", "tval": "54"}, {"n": "40000067883", "tvtn": "879", "tvan": "879", "vag": "1", "tvtl": "10", "tval": "10"}], "part": [{"n": "11", "tvtn": "960", "tvan": "960", "tvtl": "32", "tval": "32"}, {"n": "15", "tvtn": "568", "tvan": "568", "tvtl": "57", "tval": "57"}, {"n": "12", "tvtn": "93", "tvan": "93", "tvtl": "14", "tval": "14"}, {"n": "90", "tvtn": "1394", "tvan": "1394", "tvtl": "19", "tval": "19"}, {"n": "55", "tvtn": "1565", "tvan": "1565", "tvtl": "112", "tval": "112"}, {"n": "40", "tvtn": "1009", "tvan": "1009", "tvtl": "54", "tval": "54"}, {"n": "19", "tvtn": "879", "tvan": "879", "tvtl": "10", "tval": "10"}], "cand": [{"seq": "61", "n": "11114", "vap": "12", "pvap": "   0,18", "e": "N", "st": "Suplente"}, {"seq": "53", "n": "11555", "vap": "21", "pvap": "   0,31", "e": "N", "st": "Suplente"}, {"seq": "76", "n": "11333", "vap": "2", "pvap": "   0,03", "e": "N", "st": "Suplente"}, {"seq": "19", "n": "11112", "vap": "140", "pvap": "   2,07", "e": "N", "st": "Suplente"}, {"seq": "32", "n": "11444", "vap": "57", "pvap": "   0,84", "e": "N", "st": "Suplente"}, {"seq": "12", "n": "11111", "vap": "204", "pvap": "   3,02", "e": "N", "st": "Suplente"}, {"seq": "71", "n": "11123", "vap": "3", "pvap": "   0,04", "e": "N", "st": "Suplente"}, {"seq": "41", "n": "11110", "vap": "45", "pvap": "   0,67", "e": "N", "st": "Suplente"}, {"seq": "57", "n": "11121", "vap": "14", "pvap": "   0,21", "e": "N", "st": "Suplente"}, {"seq": "75", "n": "11223", "vap": "2", "pvap": "   0,03", "e": "N", "st": "Suplente"}, {"seq": "7", "n": "11000", "vap": "222", "pvap": "   3,28", "e": "S", "st": "Eleito"}, {"seq": "30", "n": "11222", "vap": "63", "pvap": "   0,93", "e": "N", "st": "Suplente"}, {"seq": "16", "n": "11113", "vap": "175", "pvap": "   2,59", "e": "N", "st": "Suplente"}, {"seq": "35", "n": "15333", "vap": "54", "pvap": "   0,80", "e": "N", "st": "Suplente"}, {"seq": "89", "n": "15888", "vap": "0", "pvap": "00.00", "e": "N", "st": "N\u00e3o eleito"}, {"seq": "34", "n": "15999", "vap": "54", "pvap": "   0,80", "e": "N", "st": "Suplente"}, {"seq": "46", "n": "15777", "vap": "38", "pvap": "   0,56", "e": "N", "st": "Suplente"}, {"seq": "24", "n": "15555", "vap": "87", "pvap": "   1,29", "e": "N", "st": "Suplente"}, {"seq": "9", "n": "15666", "vap": "139", "pvap": "   2,05", "e": "S", "st": "Eleito"}, {"seq": "45", "n": "15444", "vap": "38", "pvap": "   0,56", "e": "N", "st": "Suplente"}, {"seq": "49", "n": "15111", "vap": "32", "pvap": "   0,47", "e": "N", "st": "Suplente"}, {"seq": "36", "n": "15222", "vap": "52", "pvap": "   0,77", "e": "N", "st": "Suplente"}, {"seq": "27", "n": "15000", "vap": "70", "pvap": "   1,03", "e": "N", "st": "Suplente"}, {"seq": "67", "n": "15123", "vap": "4", "pvap": "   0,06", "e": "N", "st": "Suplente"}, {"seq": "90", "n": "12347", "vap": "0", "pvap": "00.00", "e": "N", "st": "N\u00e3o eleito"}, {"seq": "83", "n": "12999", "vap": "10", "pvap": "   0,15", "e": "N", "st": "N\u00e3o eleito"}, {"seq": "82", "n": "12000", "vap": "16", "pvap": "   0,24", "e": "N", "st": "N\u00e3o eleito"}, {"seq": "84", "n": "12346", "vap": "7", "pvap": "   0,10", "e": "N", "st": "N\u00e3o eleito"}, {"seq": "81", "n": "12777", "vap": "17", "pvap": "   0,25", "e": "N", "st": "N\u00e3o eleito"}, {"seq": "80", "n": "12222", "vap": "29", "pvap": "   0,43", "e": "N", "st": "N\u00e3o eleito"}, {"seq": "88", "n": "12333", "vap": "2", "pvap": "   0,03", "e": "N", "st": "N\u00e3o eleito"}, {"seq": "87", "n": "12666", "vap": "3", "pvap": "   0,04", "e": "N", "st": "N\u00e3o eleito"}, {"seq": "86", "n": "12345", "vap": "4", "pvap": "   0,06", "e": "N", "st": "N\u00e3o eleito"}, {"seq": "85", "n": "12888", "vap": "5", "pvap": "   0,07", "e": "N", "st": "N\u00e3o eleito"}, {"seq": "48", "n": "90666", "vap": "36", "pvap": "   0,53", "e": "N", "st": "Suplente"}, {"seq": "14", "n": "90789", "vap": "195", "pvap": "   2,88", "e": "N", "st": "Suplente"}, {"seq": "26", "n": "90444", "vap": "71", "pvap": "   1,05", "e": "N", "st": "Suplente"}, {"seq": "2", "n": "90222", "vap": "396", "pvap": "   5,85", "e": "S", "st": "Eleito"}, {"seq": "77", "n": "90223", "vap": "1", "pvap": "   0,01", "e": "N", "st": "Suplente"}, {"seq": "25", "n": "90777", "vap": "79", "pvap": "   1,17", "e": "N", "st": "Suplente"}, {"seq": "39", "n": "90000", "vap": "46", "pvap": "   0,68", "e": "N", "st": "Suplente"}, {"seq": "60", "n": "90033", "vap": "13", "pvap": "   0,19", "e": "N", "st": "Suplente"}, {"seq": "40", "n": "90987", "vap": "45", "pvap": "   0,67", "e": "N", "st": "Suplente"}, {"seq": "31", "n": "90123", "vap": "61", "pvap": "   0,90", "e": "N", "st": "Suplente"}, {"seq": "1", "n": "90999", "vap": "430", "pvap": "   6,36", "e": "S", "st": "Eleito"}, {"seq": "70", "n": "90555", "vap": "3", "pvap": "   0,04", "e": "N", "st": "Suplente"}, {"seq": "59", "n": "90111", "vap": "14", "pvap": "   0,21", "e": "N", "st": "Suplente"}, {"seq": "68", "n": "90321", "vap": "4", "pvap": "   0,06", "e": "N", "st": "Suplente"}, {"seq": "52", "n": "55112", "vap": "23", "pvap": "   0,34", "e": "N", "st": "Suplente"}, {"seq": "62", "n": "55321", "vap": "7", "pvap": "   0,10", "e": "N", "st": "Suplente"}, {"seq": "5", "n": "55555", "vap": "256", "pvap": "   3,78", "e": "S", "st": "Eleito"}, {"seq": "58", "n": "55444", "vap": "14", "pvap": "   0,21", "e": "N", "st": "Suplente"}, {"seq": "79", "n": "55223", "vap": "0", "pvap": "00.00", "e": "N", "st": "Suplente"}, {"seq": "6", "n": "55000", "vap": "235", "pvap": "   3,47", "e": "S", "st": "Eleito"}, {"seq": "21", "n": "55666", "vap": "123", "pvap": "   1,82", "e": "N", "st": "Suplente"}, {"seq": "11", "n": "55123", "vap": "210", "pvap": "   3,10", "e": "N", "st": "Suplente"}, {"seq": "47", "n": "55888", "vap": "37", "pvap": "   0,55", "e": "N", "st": "Suplente"}, {"seq": "10", "n": "55111", "vap": "220", "pvap": "   3,25", "e": "N", "st": "Suplente"}, {"seq": "20", "n": "55777", "vap": "133", "pvap": "   1,97", "e": "N", "st": "Suplente"}, {"seq": "4", "n": "55222", "vap": "265", "pvap": "   3,92", "e": "S", "st": "Eleito"}, {"seq": "51", "n": "55999", "vap": "27", "pvap": "   0,40", "e": "N", "st": "Suplente"}, {"seq": "56", "n": "55333", "vap": "15", "pvap": "   0,22", "e": "N", "st": "Suplente"}, {"seq": "74", "n": "40321", "vap": "2", "pvap": "   0,03", "e": "N", "st": "Suplente"}, {"seq": "13", "n": "40999", "vap": "202", "pvap": "   2,99", "e": "N", "st": "Suplente"}, {"seq": "17", "n": "40111", "vap": "160", "pvap": "   2,36", "e": "N", "st": "Suplente"}, {"seq": "78", "n": "40222", "vap": "0", "pvap": "00.00", "e": "N", "st": "Suplente"}, {"seq": "38", "n": "40444", "vap": "50", "pvap": "   0,74", "e": "N", "st": "Suplente"}, {"seq": "66", "n": "40666", "vap": "5", "pvap": "   0,07", "e": "N", "st": "Suplente"}, {"seq": "54", "n": "40777", "vap": "19", "pvap": "   0,28", "e": "N", "st": "Suplente"}, {"seq": "23", "n": "40333", "vap": "97", "pvap": "   1,43", "e": "N", "st": "Suplente"}, {"seq": "72", "n": "40223", "vap": "3", "pvap": "   0,04", "e": "N", "st": "Suplente"}, {"seq": "3", "n": "40000", "vap": "270", "pvap": "   3,99", "e": "S", "st": "Eleito"}, {"seq": "22", "n": "40123", "vap": "112", "pvap": "   1,66", "e": "N", "st": "Suplente"}, {"seq": "42", "n": "40112", "vap": "44", "pvap": "   0,65", "e": "N", "st": "Suplente"}, {"seq": "64", "n": "40555", "vap": "7", "pvap": "   0,10", "e": "N", "st": "Suplente"}, {"seq": "44", "n": "40888", "vap": "38", "pvap": "   0,56", "e": "N", "st": "Suplente"}, {"seq": "28", "n": "19123", "vap": "68", "pvap": "   1,01", "e": "N", "st": "Suplente"}, {"seq": "37", "n": "19111", "vap": "51", "pvap": "   0,75", "e": "N", "st": "Suplente"}, {"seq": "8", "n": "19999", "vap": "198", "pvap": "   2,93", "e": "S", "st": "Eleito"}, {"seq": "73", "n": "19147", "vap": "3", "pvap": "   0,04", "e": "N", "st": "Suplente"}, {"seq": "15", "n": "19010", "vap": "192", "pvap": "   2,84", "e": "N", "st": "Suplente"}, {"seq": "55", "n": "19666", "vap": "16", "pvap": "   0,24", "e": "N", "st": "Suplente"}, {"seq": "50", "n": "19333", "vap": "30", "pvap": "   0,44", "e": "N", "st": "Suplente"}, {"seq": "18", "n": "19888", "vap": "142", "pvap": "   2,10", "e": "N", "st": "Suplente"}, {"seq": "33", "n": "19444", "vap": "54", "pvap": "   0,80", "e": "N", "st": "Suplente"}, {"seq": "43", "n": "19000", "vap": "43", "pvap": "   0,64", "e": "N", "st": "Suplente"}, {"seq": "69", "n": "19365", "vap": "4", "pvap": "   0,06", "e": "N", "st": "Suplente"}, {"seq": "63", "n": "19555", "vap": "7", "pvap": "   0,10", "e": "N", "st": "Suplente"}, {"seq": "29", "n": "19777", "vap": "65", "pvap": "   0,96", "e": "N", "st": "Suplente"}, {"seq": "65", "n": "19222", "vap": "6", "pvap": "   0,09", "e": "N", "st": "Suplente"}]}, {"dt": "15/11/2020", "ht": "22:16:48", "tf": "S", "and": "F", "tpabr": "ZONA", "cdabr": "60", "s": "28", "st": "28", "snt": "0", "si": "28", "sni": "0", "sa": "28", "sna": "0", "pst": " 100,00", "psnt": "   0,00", "psi": " 100,00", "psni": "   0,00", "psa": " 100,00", "psna": "   0,00", "e": "8177", "ea": "8177", "ena": "0", "esi": "8177", "esni": "0", "a": "1246", "c": "6931", "pea": " 100,00", "pena": "   0,00", "pesi": " 100,00", "pesni": "   0,00", "pa": "  15,24", "pc": "  84,76", "vnom": "6468", "vscv": "0", "vl": "298", "tv": "6931", "vvc": "6766", "vb": "28", "tvn": "137", "vn": "137", "vnt": "0", "vp": "0", "vv": "6766", "van": "0", "vansj": "0", "pvnom": "  95,60", "pvl": "   4,40", "pvvc": "  97,62", "pvb": "   0,40", "ptvn": "   1,98", "pvn": " 100,00", "pvnt": "   0,00", "pvp": "   0,00", "pvv": " 100,00", "pvan": "   0,00", "pvansj": "   0,00", "cand": [{"seq": "11", "n": "55123", "vap": "210", "pvap": "   3,10", "e": "N", "st": "Suplente"}, {"seq": "21", "n": "55666", "vap": "123", "pvap": "   1,82", "e": "N", "st": "Suplente"}, {"seq": "5", "n": "55555", "vap": "256", "pvap": "   3,78", "e": "S", "st": "Eleito"}, {"seq": "58", "n": "55444", "vap": "14", "pvap": "   0,21", "e": "N", "st": "Suplente"}, {"seq": "10", "n": "55111", "vap": "220", "pvap": "   3,25", "e": "N", "st": "Suplente"}, {"seq": "51", "n": "55999", "vap": "27", "pvap": "   0,40", "e": "N", "st": "Suplente"}, {"seq": "79", "n": "55223", "vap": "0", "pvap": "00.00", "e": "N", "st": "Suplente"}, {"seq": "20", "n": "55777", "vap": "133", "pvap": "   1,97", "e": "N", "st": "Suplente"}, {"seq": "56", "n": "55333", "vap": "15", "pvap": "   0,22", "e": "N", "st": "Suplente"}, {"seq": "47", "n": "55888", "vap": "37", "pvap": "   0,55", "e": "N", "st": "Suplente"}, {"seq": "6", "n": "55000", "vap": "235", "pvap": "   3,47", "e": "S", "st": "Eleito"}, {"seq": "62", "n": "55321", "vap": "7", "pvap": "   0,10", "e": "N", "st": "Suplente"}, {"seq": "4", "n": "55222", "vap": "265", "pvap": "   3,92", "e": "S", "st": "Eleito"}, {"seq": "52", "n": "55112", "vap": "23", "pvap": "   0,34", "e": "N", "st": "Suplente"}, {"seq": "65", "n": "19222", "vap": "6", "pvap": "   0,09", "e": "N", "st": "Suplente"}, {"seq": "55", "n": "19666", "vap": "16", "pvap": "   0,24", "e": "N", "st": "Suplente"}, {"seq": "8", "n": "19999", "vap": "198", "pvap": "   2,93", "e": "S", "st": "Eleito"}, {"seq": "37", "n": "19111", "vap": "51", "pvap": "   0,75", "e": "N", "st": "Suplente"}, {"seq": "28", "n": "19123", "vap": "68", "pvap": "   1,01", "e": "N", "st": "Suplente"}, {"seq": "50", "n": "19333", "vap": "30", "pvap": "   0,44", "e": "N", "st": "Suplente"}, {"seq": "15", "n": "19010", "vap": "192", "pvap": "   2,84", "e": "N", "st": "Suplente"}, {"seq": "29", "n": "19777", "vap": "65", "pvap": "   0,96", "e": "N", "st": "Suplente"}, {"seq": "69", "n": "19365", "vap": "4", "pvap": "   0,06", "e": "N", "st": "Suplente"}, {"seq": "63", "n": "19555", "vap": "7", "pvap": "   0,10", "e": "N", "st": "Suplente"}, {"seq": "18", "n": "19888", "vap": "142", "pvap": "   2,10", "e": "N", "st": "Suplente"}, {"seq": "73", "n": "19147", "vap": "3", "pvap": "   0,04", "e": "N", "st": "Suplente"}, {"seq": "33", "n": "19444", "vap": "54", "pvap": "   0,80", "e": "N", "st": "Suplente"}, {"seq": "43", "n": "19000", "vap": "43", "pvap": "   0,64", "e": "N", "st": "Suplente"}, {"seq": "57", "n": "11121", "vap": "14", "pvap": "   0,21", "e": "N", "st": "Suplente"}, {"seq": "30", "n": "11222", "vap": "63", "pvap": "   0,93", "e": "N", "st": "Suplente"}, {"seq": "32", "n": "11444", "vap": "57", "pvap": "   0,84", "e": "N", "st": "Suplente"}, {"seq": "41", "n": "11110", "vap": "45", "pvap": "   0,67", "e": "N", "st": "Suplente"}, {"seq": "75", "n": "11223", "vap": "2", "pvap": "   0,03", "e": "N", "st": "Suplente"}, {"seq": "16", "n": "11113", "vap": "175", "pvap": "   2,59", "e": "N", "st": "Suplente"}, {"seq": "12", "n": "11111", "vap": "204", "pvap": "   3,02", "e": "N", "st": "Suplente"}, {"seq": "7", "n": "11000", "vap": "222", "pvap": "   3,28", "e": "S", "st": "Eleito"}, {"seq": "19", "n": "11112", "vap": "140", "pvap": "   2,07", "e": "N", "st": "Suplente"}, {"seq": "61", "n": "11114", "vap": "12", "pvap": "   0,18", "e": "N", "st": "Suplente"}, {"seq": "71", "n": "11123", "vap": "3", "pvap": "   0,04", "e": "N", "st": "Suplente"}, {"seq": "53", "n": "11555", "vap": "21", "pvap": "   0,31", "e": "N", "st": "Suplente"}, {"seq": "76", "n": "11333", "vap": "2", "pvap": "   0,03", "e": "N", "st": "Suplente"}, {"seq": "85", "n": "12888", "vap": "5", "pvap": "   0,07", "e": "N", "st": "N\u00e3o eleito"}, {"seq": "87", "n": "12666", "vap": "3", "pvap": "   0,04", "e": "N", "st": "N\u00e3o eleito"}, {"seq": "84", "n": "12346", "vap": "7", "pvap": "   0,10", "e": "N", "st": "N\u00e3o eleito"}, {"seq": "80", "n": "12222", "vap": "29", "pvap": "   0,43", "e": "N", "st": "N\u00e3o eleito"}, {"seq": "90", "n": "12347", "vap": "0", "pvap": "00.00", "e": "N", "st": "N\u00e3o eleito"}, {"seq": "83", "n": "12999", "vap": "10", "pvap": "   0,15", "e": "N", "st": "N\u00e3o eleito"}, {"seq": "88", "n": "12333", "vap": "2", "pvap": "   0,03", "e": "N", "st": "N\u00e3o eleito"}, {"seq": "81", "n": "12777", "vap": "17", "pvap": "   0,25", "e": "N", "st": "N\u00e3o eleito"}, {"seq": "86", "n": "12345", "vap": "4", "pvap": "   0,06", "e": "N", "st": "N\u00e3o eleito"}, {"seq": "82", "n": "12000", "vap": "16", "pvap": "   0,24", "e": "N", "st": "N\u00e3o eleito"}, {"seq": "9", "n": "15666", "vap": "139", "pvap": "   2,05", "e": "S", "st": "Eleito"}, {"seq": "67", "n": "15123", "vap": "4", "pvap": "   0,06", "e": "N", "st": "Suplente"}, {"seq": "46", "n": "15777", "vap": "38", "pvap": "   0,56", "e": "N", "st": "Suplente"}, {"seq": "45", "n": "15444", "vap": "38", "pvap": "   0,56", "e": "N", "st": "Suplente"}, {"seq": "34", "n": "15999", "vap": "54", "pvap": "   0,80", "e": "N", "st": "Suplente"}, {"seq": "24", "n": "15555", "vap": "87", "pvap": "   1,29", "e": "N", "st": "Suplente"}, {"seq": "35", "n": "15333", "vap": "54", "pvap": "   0,80", "e": "N", "st": "Suplente"}, {"seq": "36", "n": "15222", "vap": "52", "pvap": "   0,77", "e": "N", "st": "Suplente"}, {"seq": "49", "n": "15111", "vap": "32", "pvap": "   0,47", "e": "N", "st": "Suplente"}, {"seq": "27", "n": "15000", "vap": "70", "pvap": "   1,03", "e": "N", "st": "Suplente"}, {"seq": "89", "n": "15888", "vap": "0", "pvap": "00.00", "e": "N", "st": "N\u00e3o eleito"}, {"seq": "13", "n": "40999", "vap": "202", "pvap": "   2,99", "e": "N", "st": "Suplente"}, {"seq": "42", "n": "40112", "vap": "44", "pvap": "   0,65", "e": "N", "st": "Suplente"}, {"seq": "22", "n": "40123", "vap": "112", "pvap": "   1,66", "e": "N", "st": "Suplente"}, {"seq": "72", "n": "40223", "vap": "3", "pvap": "   0,04", "e": "N", "st": "Suplente"}, {"seq": "3", "n": "40000", "vap": "270", "pvap": "   3,99", "e": "S", "st": "Eleito"}, {"seq": "23", "n": "40333", "vap": "97", "pvap": "   1,43", "e": "N", "st": "Suplente"}, {"seq": "64", "n": "40555", "vap": "7", "pvap": "   0,10", "e": "N", "st": "Suplente"}, {"seq": "44", "n": "40888", "vap": "38", "pvap": "   0,56", "e": "N", "st": "Suplente"}, {"seq": "78", "n": "40222", "vap": "0", "pvap": "00.00", "e": "N", "st": "Suplente"}, {"seq": "54", "n": "40777", "vap": "19", "pvap": "   0,28", "e": "N", "st": "Suplente"}, {"seq": "17", "n": "40111", "vap": "160", "pvap": "   2,36", "e": "N", "st": "Suplente"}, {"seq": "74", "n": "40321", "vap": "2", "pvap": "   0,03", "e": "N", "st": "Suplente"}, {"seq": "38", "n": "40444", "vap": "50", "pvap": "   0,74", "e": "N", "st": "Suplente"}, {"seq": "66", "n": "40666", "vap": "5", "pvap": "   0,07", "e": "N", "st": "Suplente"}, {"seq": "40", "n": "90987", "vap": "45", "pvap": "   0,67", "e": "N", "st": "Suplente"}, {"seq": "77", "n": "90223", "vap": "1", "pvap": "   0,01", "e": "N", "st": "Suplente"}, {"seq": "31", "n": "90123", "vap": "61", "pvap": "   0,90", "e": "N", "st": "Suplente"}, {"seq": "68", "n": "90321", "vap": "4", "pvap": "   0,06", "e": "N", "st": "Suplente"}, {"seq": "2", "n": "90222", "vap": "396", "pvap": "   5,85", "e": "S", "st": "Eleito"}, {"seq": "39", "n": "90000", "vap": "46", "pvap": "   0,68", "e": "N", "st": "Suplente"}, {"seq": "1", "n": "90999", "vap": "430", "pvap": "   6,36", "e": "S", "st": "Eleito"}, {"seq": "59", "n": "90111", "vap": "14", "pvap": "   0,21", "e": "N", "st": "Suplente"}, {"seq": "25", "n": "90777", "vap": "79", "pvap": "   1,17", "e": "N", "st": "Suplente"}, {"seq": "26", "n": "90444", "vap": "71", "pvap": "   1,05", "e": "N", "st": "Suplente"}, {"seq": "60", "n": "90033", "vap": "13", "pvap": "   0,19", "e": "N", "st": "Suplente"}, {"seq": "14", "n": "90789", "vap": "195", "pvap": "   2,88", "e": "N", "st": "Suplente"}, {"seq": "48", "n": "90666", "vap": "36", "pvap": "   0,53", "e": "N", "st": "Suplente"}, {"seq": "70", "n": "90555", "vap": "3", "pvap": "   0,04", "e": "N", "st": "Suplente"}]}]}