{"ele": "426", "carper": "13", "t": "1", "f": "O", "esae": "N", "mnae": " ", "dg": "16/11/2020", "hg": "10:42:22", "dv": "S", "nadf": "am02615-c0013-e000426-002-f", "abr": [{"dt": "16/11/2020", "ht": "06:47:27", "tf": "S", "and": "F", "tpabr": "MU", "cdabr": "02615", "s": "96", "st": "96", "snt": "0", "si": "96", "sni": "0", "sa": "96", "sna": "0", "pst": " 100,00", "psnt": "   0,00", "psi": " 100,00", "psni": "   0,00", "psa": " 100,00", "psna": "   0,00", "e": "34283", "ea": "34283", "ena": "0", "esi": "34283", "esni": "0", "c": "26936", "a": "7347", "pea": " 100,00", "pena": "   0,00", "pesi": " 100,00", "pesni": "   0,00", "pa": "  21,43", "pc": "  78,57", "vscv": "0", "vnom": "24919", "vl": "1458", "tv": "26936", "vvc": "26380", "vb": "191", "tvn": "365", "vn": "365", "vnt": "0", "vp": "0", "vv": "26377", "van": "0", "vansj": "3", "pvnom": "  94,47", "pvl": "   5,53", "pvvc": "  97,94", "pvb": "   0,70", "ptvn": "   1,36", "pvn": " 100,00", "pvnt": "   0,00", "pvp": "   0,00", "pvv": "  99,99", "pvan": "   0,00", "pvansj": "   0,01", "colig": [{"n": "40000089270", "tvtn": "3624", "tvan": "3624", "vag": "2", "tvtl": "68", "tval": "68"}, {"n": "40000132175", "tvtn": "682", "tvan": "682", "vag": "0", "tvtl": "26", "tval": "26"}, {"n": "40000140578", "tvtn": "155", "tvan": "155", "vag": "0", "tvtl": "43", "tval": "43"}, {"n": "40000108389", "tvtn": "142", "tvan": "142", "vag": "0", "tvtl": "13", "tval": "13"}, {"n": "40000125318", "tvtn": "903", "tvan": "903", "vag": "0", "tvtl": "27", "tval": "27"}, {"n": "40000089701", "tvtn": "1364", "tvan": "1364", "vag": "1", "tvtl": "36", "tval": "36"}, {"n": "40000124783", "tvtn": "535", "tvan": "536", "vag": "0", "tvtl": "8", "tval": "8"}, {"n": "40000108476", "tvtn": "1733", "tvan": "1733", "vag": "1", "tvtl": "54", "tval": "54"}, {"n": "40000152771", "tvtn": "117", "tvan": "117", "vag": "0", "tvtl": "52", "tval": "52"}, {"n": "40000152651", "tvtn": "1820", "tvan": "1820", "vag": "1", "tvtl": "506", "tval": "506"}, {"n": "40000089169", "tvtn": "338", "tvan": "338", "vag": "0", "tvtl": "6", "tval": "6"}, {"n": "40000128861", "tvtn": "416", "tvan": "418", "vag": "0", "tvtl": "9", "tval": "9"}, {"n": "40000089393", "tvtn": "5779", "tvan": "5779", "vag": "4", "tvtl": "121", "tval": "121"}, {"n": "40000089587", "tvtn": "4746", "tvan": "4746", "vag": "4", "tvtl": "437", "tval": "437"}, {"n": "40000108661", "tvtn": "2565", "tvan": "2565", "vag": "2", "tvtl": "52", "tval": "52"}], "part": [{"n": "25", "tvtn": "3624", "tvan": "3624", "tvtl": "68", "tval": "68"}, {"n": "15", "tvtn": "682", "tvan": "682", "tvtl": "26", "tval": "26"}, {"n": "11", "tvtn": "155", "tvan": "155", "tvtl": "43", "tval": "43"}, {"n": "33", "tvtn": "142", "tvan": "142", "tvtl": "13", "tval": "13"}, {"n": "45", "tvtn": "903", "tvan": "903", "tvtl": "27", "tval": "27"}, {"n": "13", "tvtn": "1364", "tvan": "1364", "tvtl": "36", "tval": "36"}, {"n": "19", "tvtn": "535", "tvan": "536", "tvtl": "8", "tval": "8"}, {"n": "10", "tvtn": "1733", "tvan": "1733", "tvtl": "54", "tval": "54"}, {"n": "12", "tvtn": "117", "tvan": "117", "tvtl": "52", "tval": "52"}, {"n": "22", "tvtn": "1820", "tvan": "1820", "tvtl": "506", "tval": "506"}, {"n": "65", "tvtn": "338", "tvan": "338", "tvtl": "6", "tval": "6"}, {"n": "40", "tvtn": "416", "tvan": "418", "tvtl": "9", "tval": "9"}, {"n": "55", "tvtn": "5779", "tvan": "5779", "tvtl": "121", "tval": "121"}, {"n": "20", "tvtn": "4746", "tvan": "4746", "tvtl": "437", "tval": "437"}, {"n": "17", "tvtn": "2565", "tvan": "2565", "tvtl": "52", "tval": "52"}], "cand": [{"seq": "3", "n": "25000", "vap": "932", "pvap": "   3,53", "e": "S", "st": "Eleito"}, {"seq": "16", "n": "25789", "vap": "781", "pvap": "   2,96", "e": "N", "st": "Suplente"}, {"seq": "90", "n": "25111", "vap": "14", "pvap": "   0,05", "e": "N", "st": "Suplente"}, {"seq": "81", "n": "25026", "vap": "19", "pvap": "   0,07", "e": "N", "st": "Suplente"}, {"seq": "73", "n": "25800", "vap": "26", "pvap": "   0,10", "e": "N", "st": "Suplente"}, {"seq": "78", "n": "25333", "vap": "23", "pvap": "   0,09", "e": "N", "st": "Suplente"}, {"seq": "100", "n": "25456", "vap": "7", "pvap": "   0,03", "e": "N", "st": "Suplente"}, {"seq": "61", "n": "25055", "vap": "58", "pvap": "   0,22", "e": "N", "st": "Suplente"}, {"seq": "84", "n": "25222", "vap": "18", "pvap": "   0,07", "e": "N", "st": "Suplente"}, {"seq": "21", "n": "25025", "vap": "358", "pvap": "   1,36", "e": "N", "st": "Suplente"}, {"seq": "87", "n": "25048", "vap": "15", "pvap": "   0,06", "e": "N", "st": "Suplente"}, {"seq": "40", "n": "25123", "vap": "150", "pvap": "   0,57", "e": "N", "st": "Suplente"}, {"seq": "2", "n": "25555", "vap": "1223", "pvap": "   4,64", "e": "S", "st": "Eleito"}, {"seq": "148", "n": "15155", "vap": "17", "pvap": "   0,06", "e": "N", "st": "N\u00e3o eleito"}, {"seq": "117", "n": "15015", "vap": "133", "pvap": "   0,50", "e": "N", "st": "N\u00e3o eleito"}, {"seq": "114", "n": "15123", "vap": "378", "pvap": "   1,43", "e": "N", "st": "N\u00e3o eleito"}, {"seq": "125", "n": "15077", "vap": "69", "pvap": "   0,26", "e": "N", "st": "N\u00e3o eleito"}, {"seq": "144", "n": "15238", "vap": "21", "pvap": "   0,08", "e": "N", "st": "N\u00e3o eleito"}, {"seq": "169", "n": "15222", "vap": "3", "pvap": "   0,01", "e": "N", "st": "N\u00e3o eleito"}, {"seq": "158", "n": "15115", "vap": "11", "pvap": "   0,04", "e": "N", "st": "N\u00e3o eleito"}, {"seq": "145", "n": "15555", "vap": "20", "pvap": "   0,08", "e": "N", "st": "N\u00e3o eleito"}, {"seq": "165", "n": "15456", "vap": "6", "pvap": "   0,02", "e": "N", "st": "N\u00e3o eleito"}, {"seq": "142", "n": "15020", "vap": "24", "pvap": "   0,09", "e": "N", "st": "N\u00e3o eleito"}, {"seq": "182", "n": "11369", "vap": "0", "pvap": "00.00", "e": "N", "st": "N\u00e3o eleito"}, {"seq": "179", "n": "11258", "vap": "0", "pvap": "00.00", "e": "N", "st": "N\u00e3o eleito"}, {"seq": "151", "n": "11123", "vap": "16", "pvap": "   0,06", "e": "N", "st": "N\u00e3o eleito"}, {"seq": "136", "n": "11234", "vap": "32", "pvap": "   0,12", "e": "N", "st": "N\u00e3o eleito"}, {"seq": "121", "n": "11111", "vap": "92", "pvap": "   0,35", "e": "N", "st": "N\u00e3o eleito"}, {"seq": "183", "n": "11236", "vap": "0", "pvap": "00.00", "e": "N", "st": "N\u00e3o eleito"}, {"seq": "152", "n": "11222", "vap": "15", "pvap": "   0,06", "e": "N", "st": "N\u00e3o eleito"}, {"seq": "160", "n": "33313", "vap": "8", "pvap": "   0,03", "e": "N", "st": "N\u00e3o eleito"}, {"seq": "167", "n": "33333", "vap": "4", "pvap": "   0,02", "e": "N", "st": "N\u00e3o eleito"}, {"seq": "149", "n": "33789", "vap": "17", "pvap": "   0,06", "e": "N", "st": "N\u00e3o eleito"}, {"seq": "129", "n": "33456", "vap": "51", "pvap": "   0,19", "e": "N", "st": "N\u00e3o eleito"}, {"seq": "174", "n": "33444", "vap": "2", "pvap": "   0,01", "e": "N", "st": "N\u00e3o eleito"}, {"seq": "180", "n": "33777", "vap": "0", "pvap": "00.00", "e": "N", "st": "N\u00e3o eleito"}, {"seq": "150", "n": "33023", "vap": "16", "pvap": "   0,06", "e": "N", "st": "N\u00e3o eleito"}, {"seq": "132", "n": "33123", "vap": "41", "pvap": "   0,16", "e": "N", "st": "N\u00e3o eleito"}, {"seq": "170", "n": "33689", "vap": "3", "pvap": "   0,01", "e": "N", "st": "N\u00e3o eleito"}, {"seq": "135", "n": "45111", "vap": "33", "pvap": "   0,13", "e": "N", "st": "N\u00e3o eleito"}, {"seq": "155", "n": "45999", "vap": "14", "pvap": "   0,05", "e": "N", "st": "N\u00e3o eleito"}, {"seq": "143", "n": "45525", "vap": "23", "pvap": "   0,09", "e": "N", "st": "N\u00e3o eleito"}, {"seq": "154", "n": "45678", "vap": "14", "pvap": "   0,05", "e": "N", "st": "N\u00e3o eleito"}, {"seq": "113", "n": "45822", "vap": "679", "pvap": "   2,57", "e": "N", "st": "N\u00e3o eleito"}, {"seq": "140", "n": "45122", "vap": "24", "pvap": "   0,09", "e": "N", "st": "N\u00e3o eleito"}, {"seq": "138", "n": "45789", "vap": "28", "pvap": "   0,11", "e": "N", "st": "N\u00e3o eleito"}, {"seq": "133", "n": "45456", "vap": "36", "pvap": "   0,14", "e": "N", "st": "N\u00e3o eleito"}, {"seq": "130", "n": "45123", "vap": "45", "pvap": "   0,17", "e": "N", "st": "N\u00e3o eleito"}, {"seq": "164", "n": "45777", "vap": "7", "pvap": "   0,03", "e": "N", "st": "N\u00e3o eleito"}, {"seq": "77", "n": "13690", "vap": "24", "pvap": "   0,09", "e": "N", "st": "Suplente"}, {"seq": "91", "n": "13147", "vap": "13", "pvap": "   0,05", "e": "N", "st": "Suplente"}, {"seq": "72", "n": "13115", "vap": "28", "pvap": "   0,11", "e": "N", "st": "Suplente"}, {"seq": "110", "n": "13223", "vap": "1", "pvap": "   0,00", "e": "N", "st": "Suplente"}, {"seq": "46", "n": "13113", "vap": "116", "pvap": "   0,44", "e": "N", "st": "Suplente"}, {"seq": "102", "n": "13000", "vap": "5", "pvap": "   0,02", "e": "N", "st": "Suplente"}, {"seq": "97", "n": "13123", "vap": "8", "pvap": "   0,03", "e": "N", "st": "Suplente"}, {"seq": "62", "n": "13555", "vap": "56", "pvap": "   0,21", "e": "N", "st": "Suplente"}, {"seq": "94", "n": "13125", "vap": "10", "pvap": "   0,04", "e": "N", "st": "Suplente"}, {"seq": "63", "n": "13433", "vap": "53", "pvap": "   0,20", "e": "N", "st": "Suplente"}, {"seq": "76", "n": "13613", "vap": "24", "pvap": "   0,09", "e": "N", "st": "Suplente"}, {"seq": "36", "n": "13333", "vap": "180", "pvap": "   0,68", "e": "N", "st": "Suplente"}, {"seq": "85", "n": "13133", "vap": "18", "pvap": "   0,07", "e": "N", "st": "Suplente"}, {"seq": "29", "n": "13136", "vap": "251", "pvap": "   0,95", "e": "N", "st": "Suplente"}, {"seq": "64", "n": "13013", "vap": "53", "pvap": "   0,20", "e": "N", "st": "Suplente"}, {"seq": "10", "n": "13633", "vap": "518", "pvap": "   1,96", "e": "S", "st": "Eleito"}, {"seq": "103", "n": "13213", "vap": "4", "pvap": "   0,02", "e": "N", "st": "Suplente"}, {"seq": "107", "n": "13567", "vap": "2", "pvap": "   0,01", "e": "N", "st": "Suplente"}, {"seq": "177", "n": "19044", "vap": "1", "pvap": "   0,00", "e": "N", "st": "N\u00e3o eleito"}, {"seq": "159", "n": "19111", "vap": "10", "pvap": "   0,04", "e": "N", "st": "N\u00e3o eleito"}, {"seq": "115", "n": "19123", "vap": "281", "pvap": "   1,07", "e": "N", "st": "N\u00e3o eleito"}, {"seq": "153", "n": "19789", "vap": "14", "pvap": "   0,05", "e": "N", "st": "N\u00e3o eleito"}, {"seq": "119", "n": "19222", "vap": "96", "pvap": "   0,36", "e": "N", "st": "N\u00e3o eleito"}, {"seq": "131", "n": "19022", "vap": "41", "pvap": "   0,16", "e": "N", "st": "N\u00e3o eleito"}, {"seq": "181", "n": "19023", "vap": "0", "pvap": "00.00", "e": "N", "st": "N\u00e3o eleito"}, {"seq": "126", "n": "19000", "vap": "61", "pvap": "   0,23", "e": "N", "st": "N\u00e3o eleito"}, {"seq": "139", "n": "19333", "vap": "27", "pvap": "   0,10", "e": "N", "st": "N\u00e3o eleito"}, {"seq": "166", "n": "19999", "vap": "5", "pvap": "   0,02", "e": "N", "st": "N\u00e3o eleito"}, {"seq": "98", "n": "10020", "vap": "8", "pvap": "   0,03", "e": "N", "st": "Suplente"}, {"seq": "75", "n": "10015", "vap": "25", "pvap": "   0,09", "e": "N", "st": "Suplente"}, {"seq": "33", "n": "10522", "vap": "221", "pvap": "   0,84", "e": "N", "st": "Suplente"}, {"seq": "30", "n": "10456", "vap": "236", "pvap": "   0,89", "e": "N", "st": "Suplente"}, {"seq": "44", "n": "10123", "vap": "121", "pvap": "   0,46", "e": "N", "st": "Suplente"}, {"seq": "14", "n": "10000", "vap": "450", "pvap": "   1,71", "e": "S", "st": "Eleito"}, {"seq": "109", "n": "10010", "vap": "2", "pvap": "   0,01", "e": "N", "st": "Suplente"}, {"seq": "111", "n": "10120", "vap": "0", "pvap": "00.00", "e": "N", "st": "Suplente"}, {"seq": "58", "n": "10115", "vap": "79", "pvap": "   0,30", "e": "N", "st": "Suplente"}, {"seq": "18", "n": "10789", "vap": "446", "pvap": "   1,69", "e": "N", "st": "Suplente"}, {"seq": "41", "n": "10233", "vap": "142", "pvap": "   0,54", "e": "N", "st": "Suplente"}, {"seq": "106", "n": "10100", "vap": "3", "pvap": "   0,01", "e": "N", "st": "Suplente"}, {"seq": "134", "n": "12123", "vap": "33", "pvap": "   0,13", "e": "N", "st": "N\u00e3o eleito"}, {"seq": "141", "n": "12012", "vap": "24", "pvap": "   0,09", "e": "N", "st": "N\u00e3o eleito"}, {"seq": "168", "n": "12333", "vap": "3", "pvap": "   0,01", "e": "N", "st": "N\u00e3o eleito"}, {"seq": "127", "n": "12789", "vap": "56", "pvap": "   0,21", "e": "N", "st": "N\u00e3o eleito"}, {"seq": "178", "n": "12999", "vap": "1", "pvap": "   0,00", "e": "N", "st": "N\u00e3o eleito"}, {"seq": "99", "n": "22789", "vap": "7", "pvap": "   0,03", "e": "N", "st": "Suplente"}, {"seq": "11", "n": "22888", "vap": "494", "pvap": "   1,87", "e": "S", "st": "Eleito"}, {"seq": "55", "n": "22123", "vap": "88", "pvap": "   0,33", "e": "N", "st": "Suplente"}, {"seq": "80", "n": "22242", "vap": "20", "pvap": "   0,08", "e": "N", "st": "Suplente"}, {"seq": "105", "n": "22033", "vap": "3", "pvap": "   0,01", "e": "N", "st": "Suplente"}, {"seq": "101", "n": "22333", "vap": "6", "pvap": "   0,02", "e": "N", "st": "Suplente"}, {"seq": "57", "n": "22369", "vap": "83", "pvap": "   0,31", "e": "N", "st": "Suplente"}, {"seq": "53", "n": "22622", "vap": "96", "pvap": "   0,36", "e": "N", "st": "Suplente"}, {"seq": "95", "n": "22234", "vap": "9", "pvap": "   0,03", "e": "N", "st": "Suplente"}, {"seq": "108", "n": "22346", "vap": "2", "pvap": "   0,01", "e": "N", "st": "Suplente"}, {"seq": "69", "n": "22110", "vap": "39", "pvap": "   0,15", "e": "N", "st": "Suplente"}, {"seq": "82", "n": "22444", "vap": "19", "pvap": "   0,07", "e": "N", "st": "Suplente"}, {"seq": "54", "n": "22000", "vap": "92", "pvap": "   0,35", "e": "N", "st": "Suplente"}, {"seq": "66", "n": "22111", "vap": "48", "pvap": "   0,18", "e": "N", "st": "Suplente"}, {"seq": "60", "n": "22244", "vap": "62", "pvap": "   0,24", "e": "N", "st": "Suplente"}, {"seq": "43", "n": "22523", "vap": "122", "pvap": "   0,46", "e": "N", "st": "Suplente"}, {"seq": "38", "n": "22555", "vap": "153", "pvap": "   0,58", "e": "N", "st": "Suplente"}, {"seq": "112", "n": "22044", "vap": "0", "pvap": "00.00", "e": "N", "st": "Suplente"}, {"seq": "93", "n": "22567", "vap": "11", "pvap": "   0,04", "e": "N", "st": "Suplente"}, {"seq": "49", "n": "22822", "vap": "109", "pvap": "   0,41", "e": "N", "st": "Suplente"}, {"seq": "51", "n": "22022", "vap": "99", "pvap": "   0,38", "e": "N", "st": "Suplente"}, {"seq": "65", "n": "22300", "vap": "49", "pvap": "   0,19", "e": "N", "st": "Suplente"}, {"seq": "34", "n": "22223", "vap": "209", "pvap": "   0,79", "e": "N", "st": "Suplente"}, {"seq": "122", "n": "65222", "vap": "81", "pvap": "   0,31", "e": "N", "st": "N\u00e3o eleito"}, {"seq": "137", "n": "65123", "vap": "30", "pvap": "   0,11", "e": "N", "st": "N\u00e3o eleito"}, {"seq": "147", "n": "65111", "vap": "17", "pvap": "   0,06", "e": "N", "st": "N\u00e3o eleito"}, {"seq": "116", "n": "65333", "vap": "137", "pvap": "   0,52", "e": "N", "st": "N\u00e3o eleito"}, {"seq": "124", "n": "65000", "vap": "73", "pvap": "   0,28", "e": "N", "st": "N\u00e3o eleito"}, {"seq": "128", "n": "40740", "vap": "52", "pvap": "   0,20", "e": "N", "st": "N\u00e3o eleito"}, {"seq": "146", "n": "40234", "vap": "20", "pvap": "   0,08", "e": "N", "st": "N\u00e3o eleito"}, {"seq": "172", "n": "40345", "vap": "3", "pvap": "   0,01", "e": "N", "st": "N\u00e3o eleito"}, {"seq": "157", "n": "40777", "vap": "13", "pvap": "   0,05", "e": "N", "st": "N\u00e3o eleito"}, {"seq": "118", "n": "40123", "vap": "114", "pvap": "   0,43", "e": "N", "st": "N\u00e3o eleito"}, {"seq": "175", "n": "40840", "vap": "2", "pvap": "   0,01", "e": "N", "st": "N\u00e3o eleito"}, {"seq": "176", "n": "40540", "vap": "2", "pvap": "   0,01", "e": "N", "st": "N\u00e3o eleito"}, {"seq": "123", "n": "40456", "vap": "77", "pvap": "   0,29", "e": "N", "st": "N\u00e3o eleito"}, {"seq": "171", "n": "40333", "vap": "3", "pvap": "   0,01", "e": "N", "st": "N\u00e3o eleito"}, {"seq": "163", "n": "40128", "vap": "7", "pvap": "   0,03", "e": "N", "st": "N\u00e3o eleito"}, {"seq": "173", "n": "40112", "vap": "2", "pvap": "   0,01", "e": "N", "st": "N\u00e3o eleito"}, {"seq": "156", "n": "40022", "vap": "13", "pvap": "   0,05", "e": "N", "st": "N\u00e3o eleito"}, {"seq": "120", "n": "40000", "vap": "94", "pvap": "   0,36", "e": "N", "st": "N\u00e3o eleito"}, {"seq": "161", "n": "40015", "vap": "8", "pvap": "   0,03", "e": "N", "st": "N\u00e3o eleito"}, {"seq": "162", "n": "40040", "vap": "8", "pvap": "   0,03", "e": "N", "st": "N\u00e3o eleito"}, {"seq": "59", "n": "55525", "vap": "73", "pvap": "   0,28", "e": "N", "st": "Suplente"}, {"seq": "39", "n": "55888", "vap": "152", "pvap": "   0,58", "e": "N", "st": "Suplente"}, {"seq": "52", "n": "55789", "vap": "96", "pvap": "   0,36", "e": "N", "st": "Suplente"}, {"seq": "8", "n": "55455", "vap": "620", "pvap": "   2,35", "e": "S", "st": "Eleito"}, {"seq": "48", "n": "55633", "vap": "110", "pvap": "   0,42", "e": "N", "st": "Suplente"}, {"seq": "31", "n": "55999", "vap": "235", "pvap": "   0,89", "e": "N", "st": "Suplente"}, {"seq": "104", "n": "55134", "vap": "4", "pvap": "   0,02", "e": "N", "st": "Suplente"}, {"seq": "5", "n": "55111", "vap": "803", "pvap": "   3,04", "e": "S", "st": "Eleito"}, {"seq": "1", "n": "55555", "vap": "1778", "pvap": "   6,74", "e": "S", "st": "Eleito"}, {"seq": "17", "n": "55123", "vap": "456", "pvap": "   1,73", "e": "N", "st": "Suplente"}, {"seq": "25", "n": "55666", "vap": "318", "pvap": "   1,21", "e": "N", "st": "Suplente"}, {"seq": "86", "n": "55510", "vap": "15", "pvap": "   0,06", "e": "N", "st": "Suplente"}, {"seq": "12", "n": "55000", "vap": "486", "pvap": "   1,84", "e": "S", "st": "Eleito"}, {"seq": "20", "n": "55141", "vap": "371", "pvap": "   1,41", "e": "N", "st": "Suplente"}, {"seq": "28", "n": "55333", "vap": "262", "pvap": "   0,99", "e": "N", "st": "Suplente"}, {"seq": "89", "n": "20252", "vap": "14", "pvap": "   0,05", "e": "N", "st": "Suplente"}, {"seq": "67", "n": "20444", "vap": "46", "pvap": "   0,17", "e": "N", "st": "Suplente"}, {"seq": "68", "n": "20020", "vap": "40", "pvap": "   0,15", "e": "N", "st": "Suplente"}, {"seq": "24", "n": "20777", "vap": "328", "pvap": "   1,24", "e": "N", "st": "Suplente"}, {"seq": "15", "n": "20222", "vap": "432", "pvap": "   1,64", "e": "S", "st": "Eleito"}, {"seq": "56", "n": "20112", "vap": "84", "pvap": "   0,32", "e": "N", "st": "Suplente"}, {"seq": "22", "n": "20200", "vap": "354", "pvap": "   1,34", "e": "N", "st": "Suplente"}, {"seq": "9", "n": "20789", "vap": "527", "pvap": "   2,00", "e": "S", "st": "Eleito"}, {"seq": "88", "n": "20255", "vap": "15", "pvap": "   0,06", "e": "N", "st": "Suplente"}, {"seq": "6", "n": "20555", "vap": "769", "pvap": "   2,92", "e": "S", "st": "Eleito"}, {"seq": "23", "n": "20000", "vap": "334", "pvap": "   1,27", "e": "N", "st": "Suplente"}, {"seq": "27", "n": "20111", "vap": "296", "pvap": "   1,12", "e": "N", "st": "Suplente"}, {"seq": "70", "n": "20369", "vap": "38", "pvap": "   0,14", "e": "N", "st": "Suplente"}, {"seq": "37", "n": "20888", "vap": "172", "pvap": "   0,65", "e": "N", "st": "Suplente"}, {"seq": "42", "n": "20620", "vap": "123", "pvap": "   0,47", "e": "N", "st": "Suplente"}, {"seq": "50", "n": "20456", "vap": "106", "pvap": "   0,40", "e": "N", "st": "Suplente"}, {"seq": "35", "n": "20234", "vap": "192", "pvap": "   0,73", "e": "N", "st": "Suplente"}, {"seq": "4", "n": "20123", "vap": "857", "pvap": "   3,25", "e": "S", "st": "Eleito"}, {"seq": "83", "n": "20333", "vap": "19", "pvap": "   0,07", "e": "N", "st": "Suplente"}, {"seq": "96", "n": "17480", "vap": "8", "pvap": "   0,03", "e": "N", "st": "Suplente"}, {"seq": "26", "n": "17666", "vap": "316", "pvap": "   1,20", "e": "N", "st": "Suplente"}, {"seq": "79", "n": "17700", "vap": "22", "pvap": "   0,08", "e": "N", "st": "Suplente"}, {"seq": "47", "n": "17980", "vap": "113", "pvap": "   0,43", "e": "N", "st": "Suplente"}, {"seq": "32", "n": "17777", "vap": "229", "pvap": "   0,87", "e": "N", "st": "Suplente"}, {"seq": "7", "n": "17456", "vap": "763", "pvap": "   2,89", "e": "S", "st": "Eleito"}, {"seq": "19", "n": "17000", "vap": "444", "pvap": "   1,68", "e": "N", "st": "Suplente"}, {"seq": "74", "n": "17234", "vap": "26", "pvap": "   0,10", "e": "N", "st": "Suplente"}, {"seq": "71", "n": "17017", "vap": "29", "pvap": "   0,11", "e": "N", "st": "Suplente"}, {"seq": "45", "n": "17222", "vap": "120", "pvap": "   0,45", "e": "N", "st": "Suplente"}, {"seq": "13", "n": "17123", "vap": "482", "pvap": "   1,83", "e": "S", "st": "Eleito"}, {"seq": "92", "n": "17007", "vap": "13", "pvap": "   0,05", "e": "N", "st": "Suplente"}]}, {"dt": "16/11/2020", "ht": "06:47:27", "tf": "S", "and": "F", "tpabr": "ZONA", "cdabr": "5", "s": "96", "st": "96", "snt": "0", "si": "96", "sni": "0", "sa": "96", "sna": "0", "pst": " 100,00", "psnt": "   0,00", "psi": " 100,00", "psni": "   0,00", "psa": " 100,00", "psna": "   0,00", "e": "34283", "ea": "34283", "ena": "0", "esi": "34283", "esni": "0", "a": "7347", "c": "26936", "pea": " 100,00", "pena": "   0,00", "pesi": " 100,00", "pesni": "   0,00", "pa": "  21,43", "pc": "  78,57", "vnom": "24919", "vscv": "0", "vl": "1458", "tv": "26936", "vvc": "26380", "vb": "191", "tvn": "365", "vn": "365", "vnt": "0", "vp": "0", "vv": "26377", "van": "0", "vansj": "3", "pvnom": "  94,47", "pvl": "   5,53", "pvvc": "  97,94", "pvb": "   0,70", "ptvn": "   1,36", "pvn": " 100,00", "pvnt": "   0,00", "pvp": "   0,00", "pvv": "  99,99", "pvan": "   0,00", "pvansj": "   0,01", "cand": [{"seq": "53", "n": "22622", "vap": "96", "pvap": "   0,36", "e": "N", "st": "Suplente"}, {"seq": "57", "n": "22369", "vap": "83", "pvap": "   0,31", "e": "N", "st": "Suplente"}, {"seq": "43", "n": "22523", "vap": "122", "pvap": "   0,46", "e": "N", "st": "Suplente"}, {"seq": "105", "n": "22033", "vap": "3", "pvap": "   0,01", "e": "N", "st": "Suplente"}, {"seq": "69", "n": "22110", "vap": "39", "pvap": "   0,15", "e": "N", "st": "Suplente"}, {"seq": "38", "n": "22555", "vap": "153", "pvap": "   0,58", "e": "N", "st": "Suplente"}, {"seq": "99", "n": "22789", "vap": "7", "pvap": "   0,03", "e": "N", "st": "Suplente"}, {"seq": "49", "n": "22822", "vap": "109", "pvap": "   0,41", "e": "N", "st": "Suplente"}, {"seq": "54", "n": "22000", "vap": "92", "pvap": "   0,35", "e": "N", "st": "Suplente"}, {"seq": "55", "n": "22123", "vap": "88", "pvap": "   0,33", "e": "N", "st": "Suplente"}, {"seq": "101", "n": "22333", "vap": "6", "pvap": "   0,02", "e": "N", "st": "Suplente"}, {"seq": "82", "n": "22444", "vap": "19", "pvap": "   0,07", "e": "N", "st": "Suplente"}, {"seq": "51", "n": "22022", "vap": "99", "pvap": "   0,38", "e": "N", "st": "Suplente"}, {"seq": "66", "n": "22111", "vap": "48", "pvap": "   0,18", "e": "N", "st": "Suplente"}, {"seq": "95", "n": "22234", "vap": "9", "pvap": "   0,03", "e": "N", "st": "Suplente"}, {"seq": "80", "n": "22242", "vap": "20", "pvap": "   0,08", "e": "N", "st": "Suplente"}, {"seq": "108", "n": "22346", "vap": "2", "pvap": "   0,01", "e": "N", "st": "Suplente"}, {"seq": "112", "n": "22044", "vap": "0", "pvap": "00.00", "e": "N", "st": "Suplente"}, {"seq": "34", "n": "22223", "vap": "209", "pvap": "   0,79", "e": "N", "st": "Suplente"}, {"seq": "65", "n": "22300", "vap": "49", "pvap": "   0,19", "e": "N", "st": "Suplente"}, {"seq": "93", "n": "22567", "vap": "11", "pvap": "   0,04", "e": "N", "st": "Suplente"}, {"seq": "11", "n": "22888", "vap": "494", "pvap": "   1,87", "e": "S", "st": "Eleito"}, {"seq": "60", "n": "22244", "vap": "62", "pvap": "   0,24", "e": "N", "st": "Suplente"}, {"seq": "151", "n": "11123", "vap": "16", "pvap": "   0,06", "e": "N", "st": "N\u00e3o eleito"}, {"seq": "121", "n": "11111", "vap": "92", "pvap": "   0,35", "e": "N", "st": "N\u00e3o eleito"}, {"seq": "182", "n": "11369", "vap": "0", "pvap": "00.00", "e": "N", "st": "N\u00e3o eleito"}, {"seq": "136", "n": "11234", "vap": "32", "pvap": "   0,12", "e": "N", "st": "N\u00e3o eleito"}, {"seq": "152", "n": "11222", "vap": "15", "pvap": "   0,06", "e": "N", "st": "N\u00e3o eleito"}, {"seq": "183", "n": "11236", "vap": "0", "pvap": "00.00", "e": "N", "st": "N\u00e3o eleito"}, {"seq": "179", "n": "11258", "vap": "0", "pvap": "00.00", "e": "N", "st": "N\u00e3o eleito"}, {"seq": "155", "n": "45999", "vap": "14", "pvap": "   0,05", "e": "N", "st": "N\u00e3o eleito"}, {"seq": "133", "n": "45456", "vap": "36", "pvap": "   0,14", "e": "N", "st": "N\u00e3o eleito"}, {"seq": "140", "n": "45122", "vap": "24", "pvap": "   0,09", "e": "N", "st": "N\u00e3o eleito"}, {"seq": "113", "n": "45822", "vap": "679", "pvap": "   2,57", "e": "N", "st": "N\u00e3o eleito"}, {"seq": "154", "n": "45678", "vap": "14", "pvap": "   0,05", "e": "N", "st": "N\u00e3o eleito"}, {"seq": "138", "n": "45789", "vap": "28", "pvap": "   0,11", "e": "N", "st": "N\u00e3o eleito"}, {"seq": "130", "n": "45123", "vap": "45", "pvap": "   0,17", "e": "N", "st": "N\u00e3o eleito"}, {"seq": "164", "n": "45777", "vap": "7", "pvap": "   0,03", "e": "N", "st": "N\u00e3o eleito"}, {"seq": "143", "n": "45525", "vap": "23", "pvap": "   0,09", "e": "N", "st": "N\u00e3o eleito"}, {"seq": "135", "n": "45111", "vap": "33", "pvap": "   0,13", "e": "N", "st": "N\u00e3o eleito"}, {"seq": "157", "n": "40777", "vap": "13", "pvap": "   0,05", "e": "N", "st": "N\u00e3o eleito"}, {"seq": "171", "n": "40333", "vap": "3", "pvap": "   0,01", "e": "N", "st": "N\u00e3o eleito"}, {"seq": "161", "n": "40015", "vap": "8", "pvap": "   0,03", "e": "N", "st": "N\u00e3o eleito"}, {"seq": "175", "n": "40840", "vap": "2", "pvap": "   0,01", "e": "N", "st": "N\u00e3o eleito"}, {"seq": "156", "n": "40022", "vap": "13", "pvap": "   0,05", "e": "N", "st": "N\u00e3o eleito"}, {"seq": "123", "n": "40456", "vap": "77", "pvap": "   0,29", "e": "N", "st": "N\u00e3o eleito"}, {"seq": "128", "n": "40740", "vap": "52", "pvap": "   0,20", "e": "N", "st": "N\u00e3o eleito"}, {"seq": "118", "n": "40123", "vap": "114", "pvap": "   0,43", "e": "N", "st": "N\u00e3o eleito"}, {"seq": "120", "n": "40000", "vap": "94", "pvap": "   0,36", "e": "N", "st": "N\u00e3o eleito"}, {"seq": "172", "n": "40345", "vap": "3", "pvap": "   0,01", "e": "N", "st": "N\u00e3o eleito"}, {"seq": "162", "n": "40040", "vap": "8", "pvap": "   0,03", "e": "N", "st": "N\u00e3o eleito"}, {"seq": "176", "n": "40540", "vap": "2", "pvap": "   0,01", "e": "N", "st": "N\u00e3o eleito"}, {"seq": "146", "n": "40234", "vap": "20", "pvap": "   0,08", "e": "N", "st": "N\u00e3o eleito"}, {"seq": "163", "n": "40128", "vap": "7", "pvap": "   0,03", "e": "N", "st": "N\u00e3o eleito"}, {"seq": "173", "n": "40112", "vap": "2", "pvap": "   0,01", "e": "N", "st": "N\u00e3o eleito"}, {"seq": "19", "n": "17000", "vap": "444", "pvap": "   1,68", "e": "N", "st": "Suplente"}, {"seq": "96", "n": "17480", "vap": "8", "pvap": "   0,03", "e": "N", "st": "Suplente"}, {"seq": "45", "n": "17222", "vap": "120", "pvap": "   0,45", "e": "N", "st": "Suplente"}, {"seq": "74", "n": "17234", "vap": "26", "pvap": "   0,10", "e": "N", "st": "Suplente"}, {"seq": "7", "n": "17456", "vap": "763", "pvap": "   2,89", "e": "S", "st": "Eleito"}, {"seq": "79", "n": "17700", "vap": "22", "pvap": "   0,08", "e": "N", "st": "Suplente"}, {"seq": "47", "n": "17980", "vap": "113", "pvap": "   0,43", "e": "N", "st": "Suplente"}, {"seq": "32", "n": "17777", "vap": "229", "pvap": "   0,87", "e": "N", "st": "Suplente"}, {"seq": "92", "n": "17007", "vap": "13", "pvap": "   0,05", "e": "N", "st": "Suplente"}, {"seq": "71", "n": "17017", "vap": "29", "pvap": "   0,11", "e": "N", "st": "Suplente"}, {"seq": "13", "n": "17123", "vap": "482", "pvap": "   1,83", "e": "S", "st": "Eleito"}, {"seq": "26", "n": "17666", "vap": "316", "pvap": "   1,20", "e": "N", "st": "Suplente"}, {"seq": "72", "n": "13115", "vap": "28", "pvap": "   0,11", "e": "N", "st": "Suplente"}, {"seq": "77", "n": "13690", "vap": "24", "pvap": "   0,09", "e": "N", "st": "Suplente"}, {"seq": "94", "n": "13125", "vap": "10", "pvap": "   0,04", "e": "N", "st": "Suplente"}, {"seq": "62", "n": "13555", "vap": "56", "pvap": "   0,21", "e": "N", "st": "Suplente"}, {"seq": "76", "n": "13613", "vap": "24", "pvap": "   0,09", "e": "N", "st": "Suplente"}, {"seq": "102", "n": "13000", "vap": "5", "pvap": "   0,02", "e": "N", "st": "Suplente"}, {"seq": "64", "n": "13013", "vap": "53", "pvap": "   0,20", "e": "N", "st": "Suplente"}, {"seq": "97", "n": "13123", "vap": "8", "pvap": "   0,03", "e": "N", "st": "Suplente"}, {"seq": "91", "n": "13147", "vap": "13", "pvap": "   0,05", "e": "N", "st": "Suplente"}, {"seq": "36", "n": "13333", "vap": "180", "pvap": "   0,68", "e": "N", "st": "Suplente"}, {"seq": "107", "n": "13567", "vap": "2", "pvap": "   0,01", "e": "N", "st": "Suplente"}, {"seq": "46", "n": "13113", "vap": "116", "pvap": "   0,44", "e": "N", "st": "Suplente"}, {"seq": "85", "n": "13133", "vap": "18", "pvap": "   0,07", "e": "N", "st": "Suplente"}, {"seq": "29", "n": "13136", "vap": "251", "pvap": "   0,95", "e": "N", "st": "Suplente"}, {"seq": "63", "n": "13433", "vap": "53", "pvap": "   0,20", "e": "N", "st": "Suplente"}, {"seq": "103", "n": "13213", "vap": "4", "pvap": "   0,02", "e": "N", "st": "Suplente"}, {"seq": "110", "n": "13223", "vap": "1", "pvap": "   0,00", "e": "N", "st": "Suplente"}, {"seq": "10", "n": "13633", "vap": "518", "pvap": "   1,96", "e": "S", "st": "Eleito"}, {"seq": "132", "n": "33123", "vap": "41", "pvap": "   0,16", "e": "N", "st": "N\u00e3o eleito"}, {"seq": "150", "n": "33023", "vap": "16", "pvap": "   0,06", "e": "N", "st": "N\u00e3o eleito"}, {"seq": "160", "n": "33313", "vap": "8", "pvap": "   0,03", "e": "N", "st": "N\u00e3o eleito"}, {"seq": "170", "n": "33689", "vap": "3", "pvap": "   0,01", "e": "N", "st": "N\u00e3o eleito"}, {"seq": "129", "n": "33456", "vap": "51", "pvap": "   0,19", "e": "N", "st": "N\u00e3o eleito"}, {"seq": "174", "n": "33444", "vap": "2", "pvap": "   0,01", "e": "N", "st": "N\u00e3o eleito"}, {"seq": "180", "n": "33777", "vap": "0", "pvap": "00.00", "e": "N", "st": "N\u00e3o eleito"}, {"seq": "167", "n": "33333", "vap": "4", "pvap": "   0,02", "e": "N", "st": "N\u00e3o eleito"}, {"seq": "149", "n": "33789", "vap": "17", "pvap": "   0,06", "e": "N", "st": "N\u00e3o eleito"}, {"seq": "89", "n": "20252", "vap": "14", "pvap": "   0,05", "e": "N", "st": "Suplente"}, {"seq": "9", "n": "20789", "vap": "527", "pvap": "   2,00", "e": "S", "st": "Eleito"}, {"seq": "83", "n": "20333", "vap": "19", "pvap": "   0,07", "e": "N", "st": "Suplente"}, {"seq": "68", "n": "20020", "vap": "40", "pvap": "   0,15", "e": "N", "st": "Suplente"}, {"seq": "4", "n": "20123", "vap": "857", "pvap": "   3,25", "e": "S", "st": "Eleito"}, {"seq": "15", "n": "20222", "vap": "432", "pvap": "   1,64", "e": "S", "st": "Eleito"}, {"seq": "70", "n": "20369", "vap": "38", "pvap": "   0,14", "e": "N", "st": "Suplente"}, {"seq": "56", "n": "20112", "vap": "84", "pvap": "   0,32", "e": "N", "st": "Suplente"}, {"seq": "88", "n": "20255", "vap": "15", "pvap": "   0,06", "e": "N", "st": "Suplente"}, {"seq": "50", "n": "20456", "vap": "106", "pvap": "   0,40", "e": "N", "st": "Suplente"}, {"seq": "22", "n": "20200", "vap": "354", "pvap": "   1,34", "e": "N", "st": "Suplente"}, {"seq": "23", "n": "20000", "vap": "334", "pvap": "   1,27", "e": "N", "st": "Suplente"}, {"seq": "27", "n": "20111", "vap": "296", "pvap": "   1,12", "e": "N", "st": "Suplente"}, {"seq": "67", "n": "20444", "vap": "46", "pvap": "   0,17", "e": "N", "st": "Suplente"}, {"seq": "42", "n": "20620", "vap": "123", "pvap": "   0,47", "e": "N", "st": "Suplente"}, {"seq": "37", "n": "20888", "vap": "172", "pvap": "   0,65", "e": "N", "st": "Suplente"}, {"seq": "35", "n": "20234", "vap": "192", "pvap": "   0,73", "e": "N", "st": "Suplente"}, {"seq": "6", "n": "20555", "vap": "769", "pvap": "   2,92", "e": "S", "st": "Eleito"}, {"seq": "24", "n": "20777", "vap": "328", "pvap": "   1,24", "e": "N", "st": "Suplente"}, {"seq": "28", "n": "55333", "vap": "262", "pvap": "   0,99", "e": "N", "st": "Suplente"}, {"seq": "12", "n": "55000", "vap": "486", "pvap": "   1,84", "e": "S", "st": "Eleito"}, {"seq": "1", "n": "55555", "vap": "1778", "pvap": "   6,74", "e": "S", "st": "Eleito"}, {"seq": "20", "n": "55141", "vap": "371", "pvap": "   1,41", "e": "N", "st": "Suplente"}, {"seq": "39", "n": "55888", "vap": "152", "pvap": "   0,58", "e": "N", "st": "Suplente"}, {"seq": "52", "n": "55789", "vap": "96", "pvap": "   0,36", "e": "N", "st": "Suplente"}, {"seq": "59", "n": "55525", "vap": "73", "pvap": "   0,28", "e": "N", "st": "Suplente"}, {"seq": "5", "n": "55111", "vap": "803", "pvap": "   3,04", "e": "S", "st": "Eleito"}, {"seq": "31", "n": "55999", "vap": "235", "pvap": "   0,89", "e": "N", "st": "Suplente"}, {"seq": "104", "n": "55134", "vap": "4", "pvap": "   0,02", "e": "N", "st": "Suplente"}, {"seq": "25", "n": "55666", "vap": "318", "pvap": "   1,21", "e": "N", "st": "Suplente"}, {"seq": "86", "n": "55510", "vap": "15", "pvap": "   0,06", "e": "N", "st": "Suplente"}, {"seq": "48", "n": "55633", "vap": "110", "pvap": "   0,42", "e": "N", "st": "Suplente"}, {"seq": "8", "n": "55455", "vap": "620", "pvap": "   2,35", "e": "S", "st": "Eleito"}, {"seq": "17", "n": "55123", "vap": "456", "pvap": "   1,73", "e": "N", "st": "Suplente"}, {"seq": "137", "n": "65123", "vap": "30", "pvap": "   0,11", "e": "N", "st": "N\u00e3o eleito"}, {"seq": "116", "n": "65333", "vap": "137", "pvap": "   0,52", "e": "N", "st": "N\u00e3o eleito"}, {"seq": "124", "n": "65000", "vap": "73", "pvap": "   0,28", "e": "N", "st": "N\u00e3o eleito"}, {"seq": "147", "n": "65111", "vap": "17", "pvap": "   0,06", "e": "N", "st": "N\u00e3o eleito"}, {"seq": "122", "n": "65222", "vap": "81", "pvap": "   0,31", "e": "N", "st": "N\u00e3o eleito"}, {"seq": "87", "n": "25048", "vap": "15", "pvap": "   0,06", "e": "N", "st": "Suplente"}, {"seq": "81", "n": "25026", "vap": "19", "pvap": "   0,07", "e": "N", "st": "Suplente"}, {"seq": "78", "n": "25333", "vap": "23", "pvap": "   0,09", "e": "N", "st": "Suplente"}, {"seq": "61", "n": "25055", "vap": "58", "pvap": "   0,22", "e": "N", "st": "Suplente"}, {"seq": "90", "n": "25111", "vap": "14", "pvap": "   0,05", "e": "N", "st": "Suplente"}, {"seq": "2", "n": "25555", "vap": "1223", "pvap": "   4,64", "e": "S", "st": "Eleito"}, {"seq": "16", "n": "25789", "vap": "781", "pvap": "   2,96", "e": "N", "st": "Suplente"}, {"seq": "21", "n": "25025", "vap": "358", "pvap": "   1,36", "e": "N", "st": "Suplente"}, {"seq": "3", "n": "25000", "vap": "932", "pvap": "   3,53", "e": "S", "st": "Eleito"}, {"seq": "40", "n": "25123", "vap": "150", "pvap": "   0,57", "e": "N", "st": "Suplente"}, {"seq": "100", "n": "25456", "vap": "7", "pvap": "   0,03", "e": "N", "st": "Suplente"}, {"seq": "73", "n": "25800", "vap": "26", "pvap": "   0,10", "e": "N", "st": "Suplente"}, {"seq": "84", "n": "25222", "vap": "18", "pvap": "   0,07", "e": "N", "st": "Suplente"}, {"seq": "144", "n": "15238", "vap": "21", "pvap": "   0,08", "e": "N", "st": "N\u00e3o eleito"}, {"seq": "117", "n": "15015", "vap": "133", "pvap": "   0,50", "e": "N", "st": "N\u00e3o eleito"}, {"seq": "142", "n": "15020", "vap": "24", "pvap": "   0,09", "e": "N", "st": "N\u00e3o eleito"}, {"seq": "165", "n": "15456", "vap": "6", "pvap": "   0,02", "e": "N", "st": "N\u00e3o eleito"}, {"seq": "114", "n": "15123", "vap": "378", "pvap": "   1,43", "e": "N", "st": "N\u00e3o eleito"}, {"seq": "169", "n": "15222", "vap": "3", "pvap": "   0,01", "e": "N", "st": "N\u00e3o eleito"}, {"seq": "145", "n": "15555", "vap": "20", "pvap": "   0,08", "e": "N", "st": "N\u00e3o eleito"}, {"seq": "158", "n": "15115", "vap": "11", "pvap": "   0,04", "e": "N", "st": "N\u00e3o eleito"}, {"seq": "125", "n": "15077", "vap": "69", "pvap": "   0,26", "e": "N", "st": "N\u00e3o eleito"}, {"seq": "148", "n": "15155", "vap": "17", "pvap": "   0,06", "e": "N", "st": "N\u00e3o eleito"}, {"seq": "109", "n": "10010", "vap": "2", "pvap": "   0,01", "e": "N", "st": "Suplente"}, {"seq": "106", "n": "10100", "vap": "3", "pvap": "   0,01", "e": "N", "st": "Suplente"}, {"seq": "44", "n": "10123", "vap": "121", "pvap": "   0,46", "e": "N", "st": "Suplente"}, {"seq": "33", "n": "10522", "vap": "221", "pvap": "   0,84", "e": "N", "st": "Suplente"}, {"seq": "111", "n": "10120", "vap": "0", "pvap": "00.00", "e": "N", "st": "Suplente"}, {"seq": "41", "n": "10233", "vap": "142", "pvap": "   0,54", "e": "N", "st": "Suplente"}, {"seq": "98", "n": "10020", "vap": "8", "pvap": "   0,03", "e": "N", "st": "Suplente"}, {"seq": "18", "n": "10789", "vap": "446", "pvap": "   1,69", "e": "N", "st": "Suplente"}, {"seq": "14", "n": "10000", "vap": "450", "pvap": "   1,71", "e": "S", "st": "Eleito"}, {"seq": "75", "n": "10015", "vap": "25", "pvap": "   0,09", "e": "N", "st": "Suplente"}, {"seq": "58", "n": "10115", "vap": "79", "pvap": "   0,30", "e": "N", "st": "Suplente"}, {"seq": "30", "n": "10456", "vap": "236", "pvap": "   0,89", "e": "N", "st": "Suplente"}, {"seq": "127", "n": "12789", "vap": "56", "pvap": "   0,21", "e": "N", "st": "N\u00e3o eleito"}, {"seq": "141", "n": "12012", "vap": "24", "pvap": "   0,09", "e": "N", "st": "N\u00e3o eleito"}, {"seq": "134", "n": "12123", "vap": "33", "pvap": "   0,13", "e": "N", "st": "N\u00e3o eleito"}, {"seq": "178", "n": "12999", "vap": "1", "pvap": "   0,00", "e": "N", "st": "N\u00e3o eleito"}, {"seq": "168", "n": "12333", "vap": "3", "pvap": "   0,01", "e": "N", "st": "N\u00e3o eleito"}, {"seq": "126", "n": "19000", "vap": "61", "pvap": "   0,23", "e": "N", "st": "N\u00e3o eleito"}, {"seq": "115", "n": "19123", "vap": "281", "pvap": "   1,07", "e": "N", "st": "N\u00e3o eleito"}, {"seq": "153", "n": "19789", "vap": "14", "pvap": "   0,05", "e": "N", "st": "N\u00e3o eleito"}, {"seq": "131", "n": "19022", "vap": "41", "pvap": "   0,16", "e": "N", "st": "N\u00e3o eleito"}, {"seq": "139", "n": "19333", "vap": "27", "pvap": "   0,10", "e": "N", "st": "N\u00e3o eleito"}, {"seq": "177", "n": "19044", "vap": "1", "pvap": "   0,00", "e": "N", "st": "N\u00e3o eleito"}, {"seq": "159", "n": "19111", "vap": "10", "pvap": "   0,04", "e": "N", "st": "N\u00e3o eleito"}, {"seq": "166", "n": "19999", "vap": "5", "pvap": "   0,02", "e": "N", "st": "N\u00e3o eleito"}, {"seq": "181", "n": "19023", "vap": "0", "pvap": "00.00", "e": "N", "st": "N\u00e3o eleito"}, {"seq": "119", "n": "19222", "vap": "96", "pvap": "   0,36", "e": "N", "st": "N\u00e3o eleito"}]}]}