{"ele": "426", "carper": "13", "t": "1", "f": "O", "esae": "N", "mnae": " ", "dg": "15/11/2020", "hg": "23:02:26", "dv": "S", "nadf": "am02593-c0013-e000426-002-f", "abr": [{"dt": "15/11/2020", "ht": "21:42:05", "tf": "S", "and": "F", "tpabr": "MU", "cdabr": "02593", "s": "25", "st": "25", "snt": "0", "si": "25", "sni": "0", "sa": "25", "sna": "0", "pst": " 100,00", "psnt": "   0,00", "psi": " 100,00", "psni": "   0,00", "psa": " 100,00", "psna": "   0,00", "e": "9616", "ea": "9616", "ena": "0", "esi": "9616", "esni": "0", "c": "7582", "a": "2034", "pea": " 100,00", "pena": "   0,00", "pesi": " 100,00", "pesni": "   0,00", "pa": "  21,15", "pc": "  78,85", "vscv": "0", "vnom": "7011", "vl": "385", "tv": "7582", "vvc": "7428", "vb": "21", "tvn": "133", "vn": "133", "vnt": "0", "vp": "0", "vv": "7396", "van": "0", "vansj": "32", "pvnom": "  94,79", "pvl": "   5,21", "pvvc": "  97,97", "pvb": "   0,28", "ptvn": "   1,75", "pvn": " 100,00", "pvnt": "   0,00", "pvp": "   0,00", "pvv": "  99,57", "pvan": "   0,00", "pvansj": "   0,43", "colig": [{"n": "40000133079", "tvtn": "265", "tvan": "265", "vag": "0", "tvtl": "24", "tval": "24"}, {"n": "40000108251", "tvtn": "415", "tvan": "415", "vag": "1", "tvtl": "11", "tval": "11"}, {"n": "40000108078", "tvtn": "325", "tvan": "325", "vag": "0", "tvtl": "26", "tval": "26"}, {"n": "40000108236", "tvtn": "356", "tvan": "385", "vag": "0", "tvtl": "69", "tval": "69"}, {"n": "40000133251", "tvtn": "581", "tvan": "581", "vag": "1", "tvtl": "14", "tval": "14"}, {"n": "40000133258", "tvtn": "166", "tvan": "166", "vag": "0", "tvtl": "14", "tval": "14"}, {"n": "40000108006", "tvtn": "199", "tvan": "202", "vag": "0", "tvtl": "11", "tval": "11"}, {"n": "40000107705", "tvtn": "848", "tvan": "848", "vag": "2", "tvtl": "47", "tval": "47"}, {"n": "40000107869", "tvtn": "1427", "tvan": "1427", "vag": "3", "tvtl": "32", "tval": "32"}, {"n": "40000107573", "tvtn": "1224", "tvan": "1224", "vag": "2", "tvtl": "37", "tval": "37"}, {"n": "40000107507", "tvtn": "1056", "tvan": "1056", "vag": "2", "tvtl": "98", "tval": "98"}, {"n": "40000107797", "tvtn": "149", "tvan": "149", "vag": "0", "tvtl": "2", "tval": "2"}], "part": [{"n": "25", "tvtn": "265", "tvan": "265", "tvtl": "24", "tval": "24"}, {"n": "70", "tvtn": "415", "tvan": "415", "tvtl": "11", "tval": "11"}, {"n": "20", "tvtn": "325", "tvan": "325", "tvtl": "26", "tval": "26"}, {"n": "55", "tvtn": "356", "tvan": "385", "tvtl": "69", "tval": "69"}, {"n": "43", "tvtn": "581", "tvan": "581", "tvtl": "14", "tval": "14"}, {"n": "33", "tvtn": "166", "tvan": "166", "tvtl": "14", "tval": "14"}, {"n": "45", "tvtn": "199", "tvan": "202", "tvtl": "11", "tval": "11"}, {"n": "12", "tvtn": "848", "tvan": "848", "tvtl": "47", "tval": "47"}, {"n": "15", "tvtn": "1427", "tvan": "1427", "tvtl": "32", "tval": "32"}, {"n": "11", "tvtn": "1224", "tvan": "1224", "tvtl": "37", "tval": "37"}, {"n": "10", "tvtn": "1056", "tvan": "1056", "tvtl": "98", "tval": "98"}, {"n": "13", "tvtn": "149", "tvan": "149", "tvtl": "2", "tval": "2"}], "cand": [{"seq": "149", "n": "25000", "vap": "4", "pvap": "   0,05", "e": "N", "st": "N\u00e3o eleito"}, {"seq": "152", "n": "25666", "vap": "3", "pvap": "   0,04", "e": "N", "st": "N\u00e3o eleito"}, {"seq": "118", "n": "25333", "vap": "18", "pvap": "   0,24", "e": "N", "st": "N\u00e3o eleito"}, {"seq": "126", "n": "25456", "vap": "11", "pvap": "   0,15", "e": "N", "st": "N\u00e3o eleito"}, {"seq": "140", "n": "25123", "vap": "7", "pvap": "   0,09", "e": "N", "st": "N\u00e3o eleito"}, {"seq": "110", "n": "25345", "vap": "27", "pvap": "   0,36", "e": "N", "st": "N\u00e3o eleito"}, {"seq": "123", "n": "25025", "vap": "16", "pvap": "   0,22", "e": "N", "st": "N\u00e3o eleito"}, {"seq": "91", "n": "25555", "vap": "125", "pvap": "   1,68", "e": "N", "st": "N\u00e3o eleito"}, {"seq": "114", "n": "25444", "vap": "23", "pvap": "   0,31", "e": "N", "st": "N\u00e3o eleito"}, {"seq": "106", "n": "25777", "vap": "31", "pvap": "   0,42", "e": "N", "st": "N\u00e3o eleito"}, {"seq": "84", "n": "70333", "vap": "3", "pvap": "   0,04", "e": "N", "st": "Suplente"}, {"seq": "58", "n": "70222", "vap": "17", "pvap": "   0,23", "e": "N", "st": "Suplente"}, {"seq": "42", "n": "70666", "vap": "49", "pvap": "   0,66", "e": "N", "st": "Suplente"}, {"seq": "55", "n": "70111", "vap": "20", "pvap": "   0,27", "e": "N", "st": "Suplente"}, {"seq": "59", "n": "70017", "vap": "16", "pvap": "   0,22", "e": "N", "st": "Suplente"}, {"seq": "44", "n": "70000", "vap": "45", "pvap": "   0,61", "e": "N", "st": "Suplente"}, {"seq": "85", "n": "70444", "vap": "3", "pvap": "   0,04", "e": "N", "st": "Suplente"}, {"seq": "4", "n": "70777", "vap": "209", "pvap": "   2,81", "e": "S", "st": "Eleito"}, {"seq": "38", "n": "70123", "vap": "53", "pvap": "   0,71", "e": "N", "st": "Suplente"}, {"seq": "148", "n": "20999", "vap": "4", "pvap": "   0,05", "e": "N", "st": "N\u00e3o eleito"}, {"seq": "102", "n": "20111", "vap": "36", "pvap": "   0,48", "e": "N", "st": "N\u00e3o eleito"}, {"seq": "159", "n": "20555", "vap": "1", "pvap": "   0,01", "e": "N", "st": "N\u00e3o eleito"}, {"seq": "109", "n": "20222", "vap": "29", "pvap": "   0,39", "e": "N", "st": "N\u00e3o eleito"}, {"seq": "97", "n": "20000", "vap": "51", "pvap": "   0,69", "e": "N", "st": "N\u00e3o eleito"}, {"seq": "93", "n": "20333", "vap": "72", "pvap": "   0,97", "e": "N", "st": "N\u00e3o eleito"}, {"seq": "129", "n": "20444", "vap": "10", "pvap": "   0,13", "e": "N", "st": "N\u00e3o eleito"}, {"seq": "120", "n": "20123", "vap": "17", "pvap": "   0,23", "e": "N", "st": "N\u00e3o eleito"}, {"seq": "154", "n": "20321", "vap": "3", "pvap": "   0,04", "e": "N", "st": "N\u00e3o eleito"}, {"seq": "92", "n": "20777", "vap": "97", "pvap": "   1,31", "e": "N", "st": "N\u00e3o eleito"}, {"seq": "156", "n": "20666", "vap": "2", "pvap": "   0,03", "e": "N", "st": "N\u00e3o eleito"}, {"seq": "153", "n": "20888", "vap": "3", "pvap": "   0,04", "e": "N", "st": "N\u00e3o eleito"}, {"seq": "101", "n": "55888", "vap": "39", "pvap": "   0,53", "e": "N", "st": "N\u00e3o eleito"}, {"seq": "122", "n": "55666", "vap": "17", "pvap": "   0,23", "e": "N", "st": "N\u00e3o eleito"}, {"seq": "130", "n": "55123", "vap": "10", "pvap": "   0,13", "e": "N", "st": "N\u00e3o eleito"}, {"seq": "108", "n": "55111", "vap": "29", "pvap": "   0,39", "e": "N", "st": "N\u00e3o eleito"}, {"seq": "113", "n": "55258", "vap": "25", "pvap": "   0,34", "e": "N", "st": "N\u00e3o eleito"}, {"seq": "99", "n": "55777", "vap": "43", "pvap": "   0,58", "e": "N", "st": "N\u00e3o eleito"}, {"seq": "112", "n": "55369", "vap": "26", "pvap": "   0,35", "e": "N", "st": "N\u00e3o eleito"}, {"seq": "107", "n": "55000", "vap": "30", "pvap": "   0,40", "e": "N", "st": "N\u00e3o eleito"}, {"seq": "131", "n": "55999", "vap": "10", "pvap": "   0,13", "e": "N", "st": "N\u00e3o eleito"}, {"seq": "104", "n": "55555", "vap": "34", "pvap": "   0,46", "e": "N", "st": "N\u00e3o eleito"}, {"seq": "141", "n": "55147", "vap": "6", "pvap": "   0,08", "e": "N", "st": "N\u00e3o eleito"}, {"seq": "115", "n": "55444", "vap": "20", "pvap": "   0,27", "e": "N", "st": "N\u00e3o eleito"}, {"seq": "121", "n": "55456", "vap": "17", "pvap": "   0,23", "e": "N", "st": "N\u00e3o eleito"}, {"seq": "133", "n": "55159", "vap": "8", "pvap": "   0,11", "e": "N", "st": "N\u00e3o eleito"}, {"seq": "124", "n": "55789", "vap": "16", "pvap": "   0,22", "e": "N", "st": "N\u00e3o eleito"}, {"seq": "137", "n": "55222", "vap": "8", "pvap": "   0,11", "e": "N", "st": "N\u00e3o eleito"}, {"seq": "98", "n": "55333", "vap": "47", "pvap": "   0,63", "e": "N", "st": "N\u00e3o eleito"}, {"seq": "72", "n": "43789", "vap": "9", "pvap": "   0,12", "e": "N", "st": "Suplente"}, {"seq": "13", "n": "43123", "vap": "140", "pvap": "   1,88", "e": "N", "st": "Suplente"}, {"seq": "71", "n": "43258", "vap": "10", "pvap": "   0,13", "e": "N", "st": "Suplente"}, {"seq": "90", "n": "43580", "vap": "0", "pvap": "00.00", "e": "N", "st": "Suplente"}, {"seq": "86", "n": "43147", "vap": "2", "pvap": "   0,03", "e": "N", "st": "Suplente"}, {"seq": "45", "n": "43369", "vap": "45", "pvap": "   0,61", "e": "N", "st": "Suplente"}, {"seq": "70", "n": "43444", "vap": "10", "pvap": "   0,13", "e": "N", "st": "Suplente"}, {"seq": "78", "n": "43777", "vap": "5", "pvap": "   0,07", "e": "N", "st": "Suplente"}, {"seq": "73", "n": "43111", "vap": "9", "pvap": "   0,12", "e": "N", "st": "Suplente"}, {"seq": "46", "n": "43555", "vap": "42", "pvap": "   0,57", "e": "N", "st": "Suplente"}, {"seq": "31", "n": "43222", "vap": "76", "pvap": "   1,02", "e": "N", "st": "Suplente"}, {"seq": "56", "n": "43000", "vap": "20", "pvap": "   0,27", "e": "N", "st": "Suplente"}, {"seq": "63", "n": "43999", "vap": "14", "pvap": "   0,19", "e": "N", "st": "Suplente"}, {"seq": "82", "n": "43888", "vap": "3", "pvap": "   0,04", "e": "N", "st": "Suplente"}, {"seq": "74", "n": "43666", "vap": "7", "pvap": "   0,09", "e": "N", "st": "Suplente"}, {"seq": "66", "n": "43333", "vap": "12", "pvap": "   0,16", "e": "N", "st": "Suplente"}, {"seq": "6", "n": "43456", "vap": "177", "pvap": "   2,38", "e": "S", "st": "Eleito"}, {"seq": "117", "n": "33444", "vap": "19", "pvap": "   0,26", "e": "N", "st": "N\u00e3o eleito"}, {"seq": "119", "n": "33111", "vap": "18", "pvap": "   0,24", "e": "N", "st": "N\u00e3o eleito"}, {"seq": "173", "n": "33789", "vap": "0", "pvap": "00.00", "e": "N", "st": "N\u00e3o eleito"}, {"seq": "155", "n": "33456", "vap": "2", "pvap": "   0,03", "e": "N", "st": "N\u00e3o eleito"}, {"seq": "169", "n": "33369", "vap": "0", "pvap": "00.00", "e": "N", "st": "N\u00e3o eleito"}, {"seq": "100", "n": "33123", "vap": "40", "pvap": "   0,54", "e": "N", "st": "N\u00e3o eleito"}, {"seq": "125", "n": "33333", "vap": "15", "pvap": "   0,20", "e": "N", "st": "N\u00e3o eleito"}, {"seq": "136", "n": "33580", "vap": "8", "pvap": "   0,11", "e": "N", "st": "N\u00e3o eleito"}, {"seq": "146", "n": "33999", "vap": "4", "pvap": "   0,05", "e": "N", "st": "N\u00e3o eleito"}, {"seq": "142", "n": "33555", "vap": "6", "pvap": "   0,08", "e": "N", "st": "N\u00e3o eleito"}, {"seq": "163", "n": "33159", "vap": "1", "pvap": "   0,01", "e": "N", "st": "N\u00e3o eleito"}, {"seq": "138", "n": "33000", "vap": "8", "pvap": "   0,11", "e": "N", "st": "N\u00e3o eleito"}, {"seq": "105", "n": "33777", "vap": "31", "pvap": "   0,42", "e": "N", "st": "N\u00e3o eleito"}, {"seq": "162", "n": "33147", "vap": "1", "pvap": "   0,01", "e": "N", "st": "N\u00e3o eleito"}, {"seq": "144", "n": "33666", "vap": "5", "pvap": "   0,07", "e": "N", "st": "N\u00e3o eleito"}, {"seq": "132", "n": "33222", "vap": "8", "pvap": "   0,11", "e": "N", "st": "N\u00e3o eleito"}, {"seq": "171", "n": "33888", "vap": "0", "pvap": "00.00", "e": "N", "st": "N\u00e3o eleito"}, {"seq": "135", "n": "45666", "vap": "8", "pvap": "   0,11", "e": "N", "st": "N\u00e3o eleito"}, {"seq": "128", "n": "45888", "vap": "11", "pvap": "   0,15", "e": "N", "st": "N\u00e3o eleito"}, {"seq": "127", "n": "45333", "vap": "11", "pvap": "   0,15", "e": "N", "st": "N\u00e3o eleito"}, {"seq": "111", "n": "45133", "vap": "26", "pvap": "   0,35", "e": "N", "st": "N\u00e3o eleito"}, {"seq": "167", "n": "45580", "vap": "0", "pvap": "00.00", "e": "N", "st": "N\u00e3o eleito"}, {"seq": "139", "n": "45223", "vap": "7", "pvap": "   0,09", "e": "N", "st": "N\u00e3o eleito"}, {"seq": "150", "n": "45444", "vap": "3", "pvap": "   0,04", "e": "N", "st": "N\u00e3o eleito"}, {"seq": "103", "n": "45123", "vap": "36", "pvap": "   0,48", "e": "N", "st": "N\u00e3o eleito"}, {"seq": "161", "n": "45159", "vap": "1", "pvap": "   0,01", "e": "N", "st": "N\u00e3o eleito"}, {"seq": "143", "n": "45777", "vap": "6", "pvap": "   0,08", "e": "N", "st": "N\u00e3o eleito"}, {"seq": "96", "n": "45456", "vap": "61", "pvap": "   0,82", "e": "N", "st": "N\u00e3o eleito"}, {"seq": "166", "n": "45789", "vap": "0", "pvap": "00.00", "e": "N", "st": "N\u00e3o eleito"}, {"seq": "164", "n": "45122", "vap": "0", "pvap": "00.00", "e": "N", "st": "N\u00e3o eleito"}, {"seq": "165", "n": "45999", "vap": "0", "pvap": "00.00", "e": "N", "st": "N\u00e3o eleito"}, {"seq": "145", "n": "45111", "vap": "5", "pvap": "   0,07", "e": "N", "st": "N\u00e3o eleito"}, {"seq": "116", "n": "45555", "vap": "19", "pvap": "   0,26", "e": "N", "st": "N\u00e3o eleito"}, {"seq": "134", "n": "45222", "vap": "8", "pvap": "   0,11", "e": "N", "st": "N\u00e3o eleito"}, {"seq": "29", "n": "12000", "vap": "80", "pvap": "   1,08", "e": "N", "st": "Suplente"}, {"seq": "81", "n": "12147", "vap": "3", "pvap": "   0,04", "e": "N", "st": "Suplente"}, {"seq": "64", "n": "12666", "vap": "14", "pvap": "   0,19", "e": "N", "st": "Suplente"}, {"seq": "11", "n": "12555", "vap": "117", "pvap": "   1,58", "e": "S", "st": "Eleito"}, {"seq": "47", "n": "12369", "vap": "39", "pvap": "   0,53", "e": "N", "st": "Suplente"}, {"seq": "53", "n": "12123", "vap": "28", "pvap": "   0,38", "e": "N", "st": "Suplente"}, {"seq": "37", "n": "12122", "vap": "54", "pvap": "   0,73", "e": "N", "st": "Suplente"}, {"seq": "61", "n": "12333", "vap": "15", "pvap": "   0,20", "e": "N", "st": "Suplente"}, {"seq": "88", "n": "12888", "vap": "1", "pvap": "   0,01", "e": "N", "st": "Suplente"}, {"seq": "33", "n": "12777", "vap": "66", "pvap": "   0,89", "e": "N", "st": "Suplente"}, {"seq": "3", "n": "12222", "vap": "228", "pvap": "   3,07", "e": "S", "st": "Eleito"}, {"seq": "27", "n": "12999", "vap": "92", "pvap": "   1,24", "e": "N", "st": "Suplente"}, {"seq": "87", "n": "12456", "vap": "2", "pvap": "   0,03", "e": "N", "st": "Suplente"}, {"seq": "80", "n": "12789", "vap": "4", "pvap": "   0,05", "e": "N", "st": "Suplente"}, {"seq": "26", "n": "12111", "vap": "95", "pvap": "   1,28", "e": "N", "st": "Suplente"}, {"seq": "168", "n": "12444", "vap": "0", "pvap": "00.00", "e": "N", "st": "N\u00e3o eleito"}, {"seq": "68", "n": "12580", "vap": "10", "pvap": "   0,13", "e": "N", "st": "Suplente"}, {"seq": "62", "n": "15888", "vap": "15", "pvap": "   0,20", "e": "N", "st": "Suplente"}, {"seq": "28", "n": "15000", "vap": "87", "pvap": "   1,17", "e": "N", "st": "Suplente"}, {"seq": "51", "n": "15234", "vap": "33", "pvap": "   0,44", "e": "N", "st": "Suplente"}, {"seq": "32", "n": "15555", "vap": "73", "pvap": "   0,98", "e": "N", "st": "Suplente"}, {"seq": "1", "n": "15222", "vap": "288", "pvap": "   3,88", "e": "S", "st": "Eleito"}, {"seq": "67", "n": "15678", "vap": "12", "pvap": "   0,16", "e": "N", "st": "Suplente"}, {"seq": "52", "n": "15999", "vap": "33", "pvap": "   0,44", "e": "N", "st": "Suplente"}, {"seq": "16", "n": "15789", "vap": "118", "pvap": "   1,59", "e": "N", "st": "Suplente"}, {"seq": "14", "n": "15567", "vap": "130", "pvap": "   1,75", "e": "N", "st": "Suplente"}, {"seq": "35", "n": "15777", "vap": "56", "pvap": "   0,75", "e": "N", "st": "Suplente"}, {"seq": "2", "n": "15333", "vap": "272", "pvap": "   3,66", "e": "S", "st": "Eleito"}, {"seq": "7", "n": "15111", "vap": "169", "pvap": "   2,28", "e": "S", "st": "Eleito"}, {"seq": "60", "n": "15321", "vap": "16", "pvap": "   0,22", "e": "N", "st": "Suplente"}, {"seq": "65", "n": "15444", "vap": "13", "pvap": "   0,18", "e": "N", "st": "Suplente"}, {"seq": "89", "n": "15369", "vap": "1", "pvap": "   0,01", "e": "N", "st": "Suplente"}, {"seq": "18", "n": "15123", "vap": "111", "pvap": "   1,49", "e": "N", "st": "Suplente"}, {"seq": "20", "n": "11333", "vap": "108", "pvap": "   1,45", "e": "N", "st": "Suplente"}, {"seq": "57", "n": "11112", "vap": "17", "pvap": "   0,23", "e": "N", "st": "Suplente"}, {"seq": "76", "n": "11100", "vap": "6", "pvap": "   0,08", "e": "N", "st": "Suplente"}, {"seq": "5", "n": "11111", "vap": "182", "pvap": "   2,45", "e": "S", "st": "Eleito"}, {"seq": "40", "n": "11777", "vap": "50", "pvap": "   0,67", "e": "N", "st": "Suplente"}, {"seq": "48", "n": "11110", "vap": "38", "pvap": "   0,51", "e": "N", "st": "Suplente"}, {"seq": "54", "n": "11222", "vap": "27", "pvap": "   0,36", "e": "N", "st": "Suplente"}, {"seq": "83", "n": "11555", "vap": "3", "pvap": "   0,04", "e": "N", "st": "Suplente"}, {"seq": "24", "n": "11888", "vap": "97", "pvap": "   1,31", "e": "N", "st": "Suplente"}, {"seq": "12", "n": "11456", "vap": "152", "pvap": "   2,05", "e": "N", "st": "Suplente"}, {"seq": "17", "n": "11000", "vap": "112", "pvap": "   1,51", "e": "N", "st": "Suplente"}, {"seq": "79", "n": "11999", "vap": "5", "pvap": "   0,07", "e": "N", "st": "Suplente"}, {"seq": "41", "n": "11654", "vap": "49", "pvap": "   0,66", "e": "N", "st": "Suplente"}, {"seq": "25", "n": "11123", "vap": "95", "pvap": "   1,28", "e": "N", "st": "Suplente"}, {"seq": "8", "n": "11444", "vap": "154", "pvap": "   2,07", "e": "S", "st": "Eleito"}, {"seq": "15", "n": "11234", "vap": "129", "pvap": "   1,74", "e": "N", "st": "Suplente"}, {"seq": "69", "n": "10444", "vap": "10", "pvap": "   0,13", "e": "N", "st": "Suplente"}, {"seq": "10", "n": "10456", "vap": "125", "pvap": "   1,68", "e": "S", "st": "Eleito"}, {"seq": "9", "n": "10666", "vap": "131", "pvap": "   1,76", "e": "S", "st": "Eleito"}, {"seq": "34", "n": "10555", "vap": "59", "pvap": "   0,79", "e": "N", "st": "Suplente"}, {"seq": "77", "n": "10777", "vap": "5", "pvap": "   0,07", "e": "N", "st": "Suplente"}, {"seq": "19", "n": "10222", "vap": "111", "pvap": "   1,49", "e": "N", "st": "Suplente"}, {"seq": "50", "n": "10000", "vap": "33", "pvap": "   0,44", "e": "N", "st": "Suplente"}, {"seq": "75", "n": "10888", "vap": "6", "pvap": "   0,08", "e": "N", "st": "Suplente"}, {"seq": "49", "n": "10999", "vap": "34", "pvap": "   0,46", "e": "N", "st": "Suplente"}, {"seq": "36", "n": "10123", "vap": "54", "pvap": "   0,73", "e": "N", "st": "Suplente"}, {"seq": "30", "n": "10235", "vap": "77", "pvap": "   1,04", "e": "N", "st": "Suplente"}, {"seq": "21", "n": "10333", "vap": "107", "pvap": "   1,44", "e": "N", "st": "Suplente"}, {"seq": "43", "n": "10122", "vap": "47", "pvap": "   0,63", "e": "N", "st": "Suplente"}, {"seq": "22", "n": "10789", "vap": "106", "pvap": "   1,43", "e": "N", "st": "Suplente"}, {"seq": "39", "n": "10678", "vap": "51", "pvap": "   0,69", "e": "N", "st": "Suplente"}, {"seq": "23", "n": "10111", "vap": "100", "pvap": "   1,35", "e": "N", "st": "Suplente"}, {"seq": "160", "n": "13444", "vap": "1", "pvap": "   0,01", "e": "N", "st": "N\u00e3o eleito"}, {"seq": "151", "n": "13555", "vap": "3", "pvap": "   0,04", "e": "N", "st": "N\u00e3o eleito"}, {"seq": "172", "n": "13111", "vap": "0", "pvap": "00.00", "e": "N", "st": "N\u00e3o eleito"}, {"seq": "170", "n": "13567", "vap": "0", "pvap": "00.00", "e": "N", "st": "N\u00e3o eleito"}, {"seq": "147", "n": "13406", "vap": "4", "pvap": "   0,05", "e": "N", "st": "N\u00e3o eleito"}, {"seq": "94", "n": "13123", "vap": "70", "pvap": "   0,94", "e": "N", "st": "N\u00e3o eleito"}, {"seq": "158", "n": "13222", "vap": "2", "pvap": "   0,03", "e": "N", "st": "N\u00e3o eleito"}, {"seq": "95", "n": "13333", "vap": "67", "pvap": "   0,90", "e": "N", "st": "N\u00e3o eleito"}, {"seq": "157", "n": "13777", "vap": "2", "pvap": "   0,03", "e": "N", "st": "N\u00e3o eleito"}]}, {"dt": "15/11/2020", "ht": "21:42:05", "tf": "S", "and": "F", "tpabr": "ZONA", "cdabr": "49", "s": "25", "st": "25", "snt": "0", "si": "25", "sni": "0", "sa": "25", "sna": "0", "pst": " 100,00", "psnt": "   0,00", "psi": " 100,00", "psni": "   0,00", "psa": " 100,00", "psna": "   0,00", "e": "9616", "ea": "9616", "ena": "0", "esi": "9616", "esni": "0", "a": "2034", "c": "7582", "pea": " 100,00", "pena": "   0,00", "pesi": " 100,00", "pesni": "   0,00", "pa": "  21,15", "pc": "  78,85", "vnom": "7011", "vscv": "0", "vl": "385", "tv": "7582", "vvc": "7428", "vb": "21", "tvn": "133", "vn": "133", "vnt": "0", "vp": "0", "vv": "7396", "van": "0", "vansj": "32", "pvnom": "  94,79", "pvl": "   5,21", "pvvc": "  97,97", "pvb": "   0,28", "ptvn": "   1,75", "pvn": " 100,00", "pvnt": "   0,00", "pvp": "   0,00", "pvv": "  99,57", "pvan": "   0,00", "pvansj": "   0,43", "cand": [{"seq": "48", "n": "11110", "vap": "38", "pvap": "   0,51", "e": "N", "st": "Suplente"}, {"seq": "54", "n": "11222", "vap": "27", "pvap": "   0,36", "e": "N", "st": "Suplente"}, {"seq": "12", "n": "11456", "vap": "152", "pvap": "   2,05", "e": "N", "st": "Suplente"}, {"seq": "83", "n": "11555", "vap": "3", "pvap": "   0,04", "e": "N", "st": "Suplente"}, {"seq": "40", "n": "11777", "vap": "50", "pvap": "   0,67", "e": "N", "st": "Suplente"}, {"seq": "20", "n": "11333", "vap": "108", "pvap": "   1,45", "e": "N", "st": "Suplente"}, {"seq": "5", "n": "11111", "vap": "182", "pvap": "   2,45", "e": "S", "st": "Eleito"}, {"seq": "15", "n": "11234", "vap": "129", "pvap": "   1,74", "e": "N", "st": "Suplente"}, {"seq": "76", "n": "11100", "vap": "6", "pvap": "   0,08", "e": "N", "st": "Suplente"}, {"seq": "24", "n": "11888", "vap": "97", "pvap": "   1,31", "e": "N", "st": "Suplente"}, {"seq": "25", "n": "11123", "vap": "95", "pvap": "   1,28", "e": "N", "st": "Suplente"}, {"seq": "17", "n": "11000", "vap": "112", "pvap": "   1,51", "e": "N", "st": "Suplente"}, {"seq": "8", "n": "11444", "vap": "154", "pvap": "   2,07", "e": "S", "st": "Eleito"}, {"seq": "41", "n": "11654", "vap": "49", "pvap": "   0,66", "e": "N", "st": "Suplente"}, {"seq": "79", "n": "11999", "vap": "5", "pvap": "   0,07", "e": "N", "st": "Suplente"}, {"seq": "57", "n": "11112", "vap": "17", "pvap": "   0,23", "e": "N", "st": "Suplente"}, {"seq": "26", "n": "12111", "vap": "95", "pvap": "   1,28", "e": "N", "st": "Suplente"}, {"seq": "53", "n": "12123", "vap": "28", "pvap": "   0,38", "e": "N", "st": "Suplente"}, {"seq": "37", "n": "12122", "vap": "54", "pvap": "   0,73", "e": "N", "st": "Suplente"}, {"seq": "3", "n": "12222", "vap": "228", "pvap": "   3,07", "e": "S", "st": "Eleito"}, {"seq": "11", "n": "12555", "vap": "117", "pvap": "   1,58", "e": "S", "st": "Eleito"}, {"seq": "80", "n": "12789", "vap": "4", "pvap": "   0,05", "e": "N", "st": "Suplente"}, {"seq": "88", "n": "12888", "vap": "1", "pvap": "   0,01", "e": "N", "st": "Suplente"}, {"seq": "87", "n": "12456", "vap": "2", "pvap": "   0,03", "e": "N", "st": "Suplente"}, {"seq": "68", "n": "12580", "vap": "10", "pvap": "   0,13", "e": "N", "st": "Suplente"}, {"seq": "29", "n": "12000", "vap": "80", "pvap": "   1,08", "e": "N", "st": "Suplente"}, {"seq": "81", "n": "12147", "vap": "3", "pvap": "   0,04", "e": "N", "st": "Suplente"}, {"seq": "61", "n": "12333", "vap": "15", "pvap": "   0,20", "e": "N", "st": "Suplente"}, {"seq": "47", "n": "12369", "vap": "39", "pvap": "   0,53", "e": "N", "st": "Suplente"}, {"seq": "168", "n": "12444", "vap": "0", "pvap": "00.00", "e": "N", "st": "N\u00e3o eleito"}, {"seq": "64", "n": "12666", "vap": "14", "pvap": "   0,19", "e": "N", "st": "Suplente"}, {"seq": "33", "n": "12777", "vap": "66", "pvap": "   0,89", "e": "N", "st": "Suplente"}, {"seq": "27", "n": "12999", "vap": "92", "pvap": "   1,24", "e": "N", "st": "Suplente"}, {"seq": "51", "n": "15234", "vap": "33", "pvap": "   0,44", "e": "N", "st": "Suplente"}, {"seq": "60", "n": "15321", "vap": "16", "pvap": "   0,22", "e": "N", "st": "Suplente"}, {"seq": "35", "n": "15777", "vap": "56", "pvap": "   0,75", "e": "N", "st": "Suplente"}, {"seq": "7", "n": "15111", "vap": "169", "pvap": "   2,28", "e": "S", "st": "Eleito"}, {"seq": "2", "n": "15333", "vap": "272", "pvap": "   3,66", "e": "S", "st": "Eleito"}, {"seq": "32", "n": "15555", "vap": "73", "pvap": "   0,98", "e": "N", "st": "Suplente"}, {"seq": "14", "n": "15567", "vap": "130", "pvap": "   1,75", "e": "N", "st": "Suplente"}, {"seq": "52", "n": "15999", "vap": "33", "pvap": "   0,44", "e": "N", "st": "Suplente"}, {"seq": "67", "n": "15678", "vap": "12", "pvap": "   0,16", "e": "N", "st": "Suplente"}, {"seq": "28", "n": "15000", "vap": "87", "pvap": "   1,17", "e": "N", "st": "Suplente"}, {"seq": "16", "n": "15789", "vap": "118", "pvap": "   1,59", "e": "N", "st": "Suplente"}, {"seq": "62", "n": "15888", "vap": "15", "pvap": "   0,20", "e": "N", "st": "Suplente"}, {"seq": "18", "n": "15123", "vap": "111", "pvap": "   1,49", "e": "N", "st": "Suplente"}, {"seq": "1", "n": "15222", "vap": "288", "pvap": "   3,88", "e": "S", "st": "Eleito"}, {"seq": "89", "n": "15369", "vap": "1", "pvap": "   0,01", "e": "N", "st": "Suplente"}, {"seq": "65", "n": "15444", "vap": "13", "pvap": "   0,18", "e": "N", "st": "Suplente"}, {"seq": "146", "n": "33999", "vap": "4", "pvap": "   0,05", "e": "N", "st": "N\u00e3o eleito"}, {"seq": "100", "n": "33123", "vap": "40", "pvap": "   0,54", "e": "N", "st": "N\u00e3o eleito"}, {"seq": "155", "n": "33456", "vap": "2", "pvap": "   0,03", "e": "N", "st": "N\u00e3o eleito"}, {"seq": "142", "n": "33555", "vap": "6", "pvap": "   0,08", "e": "N", "st": "N\u00e3o eleito"}, {"seq": "138", "n": "33000", "vap": "8", "pvap": "   0,11", "e": "N", "st": "N\u00e3o eleito"}, {"seq": "169", "n": "33369", "vap": "0", "pvap": "00.00", "e": "N", "st": "N\u00e3o eleito"}, {"seq": "171", "n": "33888", "vap": "0", "pvap": "00.00", "e": "N", "st": "N\u00e3o eleito"}, {"seq": "119", "n": "33111", "vap": "18", "pvap": "   0,24", "e": "N", "st": "N\u00e3o eleito"}, {"seq": "136", "n": "33580", "vap": "8", "pvap": "   0,11", "e": "N", "st": "N\u00e3o eleito"}, {"seq": "132", "n": "33222", "vap": "8", "pvap": "   0,11", "e": "N", "st": "N\u00e3o eleito"}, {"seq": "105", "n": "33777", "vap": "31", "pvap": "   0,42", "e": "N", "st": "N\u00e3o eleito"}, {"seq": "173", "n": "33789", "vap": "0", "pvap": "00.00", "e": "N", "st": "N\u00e3o eleito"}, {"seq": "117", "n": "33444", "vap": "19", "pvap": "   0,26", "e": "N", "st": "N\u00e3o eleito"}, {"seq": "144", "n": "33666", "vap": "5", "pvap": "   0,07", "e": "N", "st": "N\u00e3o eleito"}, {"seq": "162", "n": "33147", "vap": "1", "pvap": "   0,01", "e": "N", "st": "N\u00e3o eleito"}, {"seq": "163", "n": "33159", "vap": "1", "pvap": "   0,01", "e": "N", "st": "N\u00e3o eleito"}, {"seq": "125", "n": "33333", "vap": "15", "pvap": "   0,20", "e": "N", "st": "N\u00e3o eleito"}, {"seq": "86", "n": "43147", "vap": "2", "pvap": "   0,03", "e": "N", "st": "Suplente"}, {"seq": "6", "n": "43456", "vap": "177", "pvap": "   2,38", "e": "S", "st": "Eleito"}, {"seq": "74", "n": "43666", "vap": "7", "pvap": "   0,09", "e": "N", "st": "Suplente"}, {"seq": "78", "n": "43777", "vap": "5", "pvap": "   0,07", "e": "N", "st": "Suplente"}, {"seq": "31", "n": "43222", "vap": "76", "pvap": "   1,02", "e": "N", "st": "Suplente"}, {"seq": "90", "n": "43580", "vap": "0", "pvap": "00.00", "e": "N", "st": "Suplente"}, {"seq": "63", "n": "43999", "vap": "14", "pvap": "   0,19", "e": "N", "st": "Suplente"}, {"seq": "45", "n": "43369", "vap": "45", "pvap": "   0,61", "e": "N", "st": "Suplente"}, {"seq": "56", "n": "43000", "vap": "20", "pvap": "   0,27", "e": "N", "st": "Suplente"}, {"seq": "13", "n": "43123", "vap": "140", "pvap": "   1,88", "e": "N", "st": "Suplente"}, {"seq": "73", "n": "43111", "vap": "9", "pvap": "   0,12", "e": "N", "st": "Suplente"}, {"seq": "71", "n": "43258", "vap": "10", "pvap": "   0,13", "e": "N", "st": "Suplente"}, {"seq": "66", "n": "43333", "vap": "12", "pvap": "   0,16", "e": "N", "st": "Suplente"}, {"seq": "70", "n": "43444", "vap": "10", "pvap": "   0,13", "e": "N", "st": "Suplente"}, {"seq": "46", "n": "43555", "vap": "42", "pvap": "   0,57", "e": "N", "st": "Suplente"}, {"seq": "72", "n": "43789", "vap": "9", "pvap": "   0,12", "e": "N", "st": "Suplente"}, {"seq": "82", "n": "43888", "vap": "3", "pvap": "   0,04", "e": "N", "st": "Suplente"}, {"seq": "143", "n": "45777", "vap": "6", "pvap": "   0,08", "e": "N", "st": "N\u00e3o eleito"}, {"seq": "167", "n": "45580", "vap": "0", "pvap": "00.00", "e": "N", "st": "N\u00e3o eleito"}, {"seq": "165", "n": "45999", "vap": "0", "pvap": "00.00", "e": "N", "st": "N\u00e3o eleito"}, {"seq": "103", "n": "45123", "vap": "36", "pvap": "   0,48", "e": "N", "st": "N\u00e3o eleito"}, {"seq": "135", "n": "45666", "vap": "8", "pvap": "   0,11", "e": "N", "st": "N\u00e3o eleito"}, {"seq": "128", "n": "45888", "vap": "11", "pvap": "   0,15", "e": "N", "st": "N\u00e3o eleito"}, {"seq": "145", "n": "45111", "vap": "5", "pvap": "   0,07", "e": "N", "st": "N\u00e3o eleito"}, {"seq": "161", "n": "45159", "vap": "1", "pvap": "   0,01", "e": "N", "st": "N\u00e3o eleito"}, {"seq": "164", "n": "45122", "vap": "0", "pvap": "00.00", "e": "N", "st": "N\u00e3o eleito"}, {"seq": "116", "n": "45555", "vap": "19", "pvap": "   0,26", "e": "N", "st": "N\u00e3o eleito"}, {"seq": "96", "n": "45456", "vap": "61", "pvap": "   0,82", "e": "N", "st": "N\u00e3o eleito"}, {"seq": "139", "n": "45223", "vap": "7", "pvap": "   0,09", "e": "N", "st": "N\u00e3o eleito"}, {"seq": "134", "n": "45222", "vap": "8", "pvap": "   0,11", "e": "N", "st": "N\u00e3o eleito"}, {"seq": "166", "n": "45789", "vap": "0", "pvap": "00.00", "e": "N", "st": "N\u00e3o eleito"}, {"seq": "127", "n": "45333", "vap": "11", "pvap": "   0,15", "e": "N", "st": "N\u00e3o eleito"}, {"seq": "111", "n": "45133", "vap": "26", "pvap": "   0,35", "e": "N", "st": "N\u00e3o eleito"}, {"seq": "150", "n": "45444", "vap": "3", "pvap": "   0,04", "e": "N", "st": "N\u00e3o eleito"}, {"seq": "102", "n": "20111", "vap": "36", "pvap": "   0,48", "e": "N", "st": "N\u00e3o eleito"}, {"seq": "148", "n": "20999", "vap": "4", "pvap": "   0,05", "e": "N", "st": "N\u00e3o eleito"}, {"seq": "154", "n": "20321", "vap": "3", "pvap": "   0,04", "e": "N", "st": "N\u00e3o eleito"}, {"seq": "129", "n": "20444", "vap": "10", "pvap": "   0,13", "e": "N", "st": "N\u00e3o eleito"}, {"seq": "159", "n": "20555", "vap": "1", "pvap": "   0,01", "e": "N", "st": "N\u00e3o eleito"}, {"seq": "156", "n": "20666", "vap": "2", "pvap": "   0,03", "e": "N", "st": "N\u00e3o eleito"}, {"seq": "97", "n": "20000", "vap": "51", "pvap": "   0,69", "e": "N", "st": "N\u00e3o eleito"}, {"seq": "120", "n": "20123", "vap": "17", "pvap": "   0,23", "e": "N", "st": "N\u00e3o eleito"}, {"seq": "109", "n": "20222", "vap": "29", "pvap": "   0,39", "e": "N", "st": "N\u00e3o eleito"}, {"seq": "153", "n": "20888", "vap": "3", "pvap": "   0,04", "e": "N", "st": "N\u00e3o eleito"}, {"seq": "93", "n": "20333", "vap": "72", "pvap": "   0,97", "e": "N", "st": "N\u00e3o eleito"}, {"seq": "92", "n": "20777", "vap": "97", "pvap": "   1,31", "e": "N", "st": "N\u00e3o eleito"}, {"seq": "36", "n": "10123", "vap": "54", "pvap": "   0,73", "e": "N", "st": "Suplente"}, {"seq": "50", "n": "10000", "vap": "33", "pvap": "   0,44", "e": "N", "st": "Suplente"}, {"seq": "23", "n": "10111", "vap": "100", "pvap": "   1,35", "e": "N", "st": "Suplente"}, {"seq": "34", "n": "10555", "vap": "59", "pvap": "   0,79", "e": "N", "st": "Suplente"}, {"seq": "9", "n": "10666", "vap": "131", "pvap": "   1,76", "e": "S", "st": "Eleito"}, {"seq": "39", "n": "10678", "vap": "51", "pvap": "   0,69", "e": "N", "st": "Suplente"}, {"seq": "22", "n": "10789", "vap": "106", "pvap": "   1,43", "e": "N", "st": "Suplente"}, {"seq": "49", "n": "10999", "vap": "34", "pvap": "   0,46", "e": "N", "st": "Suplente"}, {"seq": "43", "n": "10122", "vap": "47", "pvap": "   0,63", "e": "N", "st": "Suplente"}, {"seq": "77", "n": "10777", "vap": "5", "pvap": "   0,07", "e": "N", "st": "Suplente"}, {"seq": "19", "n": "10222", "vap": "111", "pvap": "   1,49", "e": "N", "st": "Suplente"}, {"seq": "30", "n": "10235", "vap": "77", "pvap": "   1,04", "e": "N", "st": "Suplente"}, {"seq": "69", "n": "10444", "vap": "10", "pvap": "   0,13", "e": "N", "st": "Suplente"}, {"seq": "75", "n": "10888", "vap": "6", "pvap": "   0,08", "e": "N", "st": "Suplente"}, {"seq": "21", "n": "10333", "vap": "107", "pvap": "   1,44", "e": "N", "st": "Suplente"}, {"seq": "10", "n": "10456", "vap": "125", "pvap": "   1,68", "e": "S", "st": "Eleito"}, {"seq": "42", "n": "70666", "vap": "49", "pvap": "   0,66", "e": "N", "st": "Suplente"}, {"seq": "59", "n": "70017", "vap": "16", "pvap": "   0,22", "e": "N", "st": "Suplente"}, {"seq": "55", "n": "70111", "vap": "20", "pvap": "   0,27", "e": "N", "st": "Suplente"}, {"seq": "58", "n": "70222", "vap": "17", "pvap": "   0,23", "e": "N", "st": "Suplente"}, {"seq": "38", "n": "70123", "vap": "53", "pvap": "   0,71", "e": "N", "st": "Suplente"}, {"seq": "85", "n": "70444", "vap": "3", "pvap": "   0,04", "e": "N", "st": "Suplente"}, {"seq": "44", "n": "70000", "vap": "45", "pvap": "   0,61", "e": "N", "st": "Suplente"}, {"seq": "4", "n": "70777", "vap": "209", "pvap": "   2,81", "e": "S", "st": "Eleito"}, {"seq": "84", "n": "70333", "vap": "3", "pvap": "   0,04", "e": "N", "st": "Suplente"}, {"seq": "149", "n": "25000", "vap": "4", "pvap": "   0,05", "e": "N", "st": "N\u00e3o eleito"}, {"seq": "123", "n": "25025", "vap": "16", "pvap": "   0,22", "e": "N", "st": "N\u00e3o eleito"}, {"seq": "126", "n": "25456", "vap": "11", "pvap": "   0,15", "e": "N", "st": "N\u00e3o eleito"}, {"seq": "140", "n": "25123", "vap": "7", "pvap": "   0,09", "e": "N", "st": "N\u00e3o eleito"}, {"seq": "106", "n": "25777", "vap": "31", "pvap": "   0,42", "e": "N", "st": "N\u00e3o eleito"}, {"seq": "152", "n": "25666", "vap": "3", "pvap": "   0,04", "e": "N", "st": "N\u00e3o eleito"}, {"seq": "110", "n": "25345", "vap": "27", "pvap": "   0,36", "e": "N", "st": "N\u00e3o eleito"}, {"seq": "91", "n": "25555", "vap": "125", "pvap": "   1,68", "e": "N", "st": "N\u00e3o eleito"}, {"seq": "114", "n": "25444", "vap": "23", "pvap": "   0,31", "e": "N", "st": "N\u00e3o eleito"}, {"seq": "118", "n": "25333", "vap": "18", "pvap": "   0,24", "e": "N", "st": "N\u00e3o eleito"}, {"seq": "172", "n": "13111", "vap": "0", "pvap": "00.00", "e": "N", "st": "N\u00e3o eleito"}, {"seq": "151", "n": "13555", "vap": "3", "pvap": "   0,04", "e": "N", "st": "N\u00e3o eleito"}, {"seq": "158", "n": "13222", "vap": "2", "pvap": "   0,03", "e": "N", "st": "N\u00e3o eleito"}, {"seq": "170", "n": "13567", "vap": "0", "pvap": "00.00", "e": "N", "st": "N\u00e3o eleito"}, {"seq": "157", "n": "13777", "vap": "2", "pvap": "   0,03", "e": "N", "st": "N\u00e3o eleito"}, {"seq": "147", "n": "13406", "vap": "4", "pvap": "   0,05", "e": "N", "st": "N\u00e3o eleito"}, {"seq": "94", "n": "13123", "vap": "70", "pvap": "   0,94", "e": "N", "st": "N\u00e3o eleito"}, {"seq": "95", "n": "13333", "vap": "67", "pvap": "   0,90", "e": "N", "st": "N\u00e3o eleito"}, {"seq": "160", "n": "13444", "vap": "1", "pvap": "   0,01", "e": "N", "st": "N\u00e3o eleito"}, {"seq": "113", "n": "55258", "vap": "25", "pvap": "   0,34", "e": "N", "st": "N\u00e3o eleito"}, {"seq": "137", "n": "55222", "vap": "8", "pvap": "   0,11", "e": "N", "st": "N\u00e3o eleito"}, {"seq": "131", "n": "55999", "vap": "10", "pvap": "   0,13", "e": "N", "st": "N\u00e3o eleito"}, {"seq": "98", "n": "55333", "vap": "47", "pvap": "   0,63", "e": "N", "st": "N\u00e3o eleito"}, {"seq": "108", "n": "55111", "vap": "29", "pvap": "   0,39", "e": "N", "st": "N\u00e3o eleito"}, {"seq": "115", "n": "55444", "vap": "20", "pvap": "   0,27", "e": "N", "st": "N\u00e3o eleito"}, {"seq": "104", "n": "55555", "vap": "34", "pvap": "   0,46", "e": "N", "st": "N\u00e3o eleito"}, {"seq": "112", "n": "55369", "vap": "26", "pvap": "   0,35", "e": "N", "st": "N\u00e3o eleito"}, {"seq": "124", "n": "55789", "vap": "16", "pvap": "   0,22", "e": "N", "st": "N\u00e3o eleito"}, {"seq": "107", "n": "55000", "vap": "30", "pvap": "   0,40", "e": "N", "st": "N\u00e3o eleito"}, {"seq": "130", "n": "55123", "vap": "10", "pvap": "   0,13", "e": "N", "st": "N\u00e3o eleito"}, {"seq": "133", "n": "55159", "vap": "8", "pvap": "   0,11", "e": "N", "st": "N\u00e3o eleito"}, {"seq": "122", "n": "55666", "vap": "17", "pvap": "   0,23", "e": "N", "st": "N\u00e3o eleito"}, {"seq": "101", "n": "55888", "vap": "39", "pvap": "   0,53", "e": "N", "st": "N\u00e3o eleito"}, {"seq": "141", "n": "55147", "vap": "6", "pvap": "   0,08", "e": "N", "st": "N\u00e3o eleito"}, {"seq": "99", "n": "55777", "vap": "43", "pvap": "   0,58", "e": "N", "st": "N\u00e3o eleito"}, {"seq": "121", "n": "55456", "vap": "17", "pvap": "   0,23", "e": "N", "st": "N\u00e3o eleito"}]}]}