{"ele": "426", "carper": "13", "t": "1", "f": "O", "esae": "N", "mnae": " ", "dg": "15/11/2020", "hg": "22:13:43", "dv": "S", "nadf": "am02739-c0013-e000426-002-f", "abr": [{"dt": "15/11/2020", "ht": "21:06:25", "tf": "S", "and": "F", "tpabr": "MU", "cdabr": "02739", "s": "40", "st": "40", "snt": "0", "si": "40", "sni": "0", "sa": "40", "sna": "0", "pst": " 100,00", "psnt": "   0,00", "psi": " 100,00", "psni": "   0,00", "psa": " 100,00", "psna": "   0,00", "e": "15154", "ea": "15154", "ena": "0", "esi": "15154", "esni": "0", "c": "13112", "a": "2042", "pea": " 100,00", "pena": "   0,00", "pesi": " 100,00", "pesni": "   0,00", "pa": "  13,47", "pc": "  86,53", "vscv": "0", "vnom": "12260", "vl": "598", "tv": "13112", "vvc": "12858", "vb": "40", "tvn": "214", "vn": "214", "vnt": "0", "vp": "0", "vv": "12858", "van": "0", "vansj": "0", "pvnom": "  95,35", "pvl": "   4,65", "pvvc": "  98,06", "pvb": "   0,31", "ptvn": "   1,63", "pvn": " 100,00", "pvnt": "   0,00", "pvp": "   0,00", "pvv": " 100,00", "pvan": "   0,00", "pvansj": "   0,00", "colig": [{"n": "40000120247", "tvtn": "1837", "tvan": "1837", "vag": "2", "tvtl": "53", "tval": "53"}, {"n": "40000140354", "tvtn": "2322", "tvan": "2322", "vag": "2", "tvtl": "112", "tval": "112"}, {"n": "40000120304", "tvtn": "2166", "tvan": "2166", "vag": "2", "tvtl": "61", "tval": "61"}, {"n": "40000152729", "tvtn": "108", "tvan": "108", "vag": "0", "tvtl": "6", "tval": "6"}, {"n": "40000140476", "tvtn": "271", "tvan": "271", "vag": "0", "tvtl": "7", "tval": "7"}, {"n": "40000140415", "tvtn": "1441", "tvan": "1441", "vag": "1", "tvtl": "137", "tval": "137"}, {"n": "40000153159", "tvtn": "1", "tvan": "1", "vag": "0", "tvtl": "2", "tval": "2"}, {"n": "40000120223", "tvtn": "3653", "tvan": "3653", "vag": "4", "tvtl": "210", "tval": "210"}, {"n": "40000071642", "tvtn": "162", "tvan": "162", "vag": "0", "tvtl": "4", "tval": "4"}, {"n": "40000123784", "tvtn": "299", "tvan": "299", "vag": "0", "tvtl": "6", "tval": "6"}], "part": [{"n": "15", "tvtn": "1837", "tvan": "1837", "tvtl": "53", "tval": "53"}, {"n": "11", "tvtn": "2322", "tvan": "2322", "tvtl": "112", "tval": "112"}, {"n": "22", "tvtn": "2166", "tvan": "2166", "tvtl": "61", "tval": "61"}, {"n": "35", "tvtn": "108", "tvan": "108", "tvtl": "6", "tval": "6"}, {"n": "55", "tvtn": "271", "tvan": "271", "tvtl": "7", "tval": "7"}, {"n": "20", "tvtn": "1441", "tvan": "1441", "tvtl": "137", "tval": "137"}, {"n": "51", "tvtn": "1", "tvan": "1", "tvtl": "2", "tval": "2"}, {"n": "10", "tvtn": "3653", "tvan": "3653", "tvtl": "210", "tval": "210"}, {"n": "13", "tvtn": "162", "tvan": "162", "tvtl": "4", "tval": "4"}, {"n": "18", "tvtn": "299", "tvan": "299", "tvtl": "6", "tval": "6"}], "cand": [{"seq": "54", "n": "15678", "vap": "23", "pvap": "   0,18", "e": "N", "st": "Suplente"}, {"seq": "36", "n": "15333", "vap": "85", "pvap": "   0,66", "e": "N", "st": "Suplente"}, {"seq": "15", "n": "15444", "vap": "257", "pvap": "   2,00", "e": "N", "st": "Suplente"}, {"seq": "9", "n": "15456", "vap": "367", "pvap": "   2,85", "e": "S", "st": "Eleito"}, {"seq": "42", "n": "15555", "vap": "49", "pvap": "   0,38", "e": "N", "st": "Suplente"}, {"seq": "31", "n": "15000", "vap": "125", "pvap": "   0,97", "e": "N", "st": "Suplente"}, {"seq": "62", "n": "15321", "vap": "7", "pvap": "   0,05", "e": "N", "st": "Suplente"}, {"seq": "22", "n": "15234", "vap": "197", "pvap": "   1,53", "e": "N", "st": "Suplente"}, {"seq": "70", "n": "15888", "vap": "0", "pvap": "00.00", "e": "N", "st": "Suplente"}, {"seq": "45", "n": "15666", "vap": "41", "pvap": "   0,32", "e": "N", "st": "Suplente"}, {"seq": "43", "n": "15777", "vap": "48", "pvap": "   0,37", "e": "N", "st": "Suplente"}, {"seq": "60", "n": "15608", "vap": "9", "pvap": "   0,07", "e": "N", "st": "Suplente"}, {"seq": "34", "n": "15111", "vap": "94", "pvap": "   0,73", "e": "N", "st": "Suplente"}, {"seq": "11", "n": "15123", "vap": "292", "pvap": "   2,27", "e": "S", "st": "Eleito"}, {"seq": "17", "n": "15222", "vap": "243", "pvap": "   1,89", "e": "N", "st": "Suplente"}, {"seq": "21", "n": "11123", "vap": "200", "pvap": "   1,56", "e": "N", "st": "Suplente"}, {"seq": "8", "n": "11333", "vap": "375", "pvap": "   2,92", "e": "S", "st": "Eleito"}, {"seq": "61", "n": "11258", "vap": "8", "pvap": "   0,06", "e": "N", "st": "Suplente"}, {"seq": "51", "n": "11999", "vap": "25", "pvap": "   0,19", "e": "N", "st": "Suplente"}, {"seq": "5", "n": "11111", "vap": "553", "pvap": "   4,30", "e": "S", "st": "Eleito"}, {"seq": "13", "n": "11124", "vap": "329", "pvap": "   2,56", "e": "N", "st": "Suplente"}, {"seq": "26", "n": "11555", "vap": "156", "pvap": "   1,21", "e": "N", "st": "Suplente"}, {"seq": "71", "n": "11852", "vap": "0", "pvap": "00.00", "e": "N", "st": "Suplente"}, {"seq": "66", "n": "11456", "vap": "4", "pvap": "   0,03", "e": "N", "st": "Suplente"}, {"seq": "16", "n": "11777", "vap": "253", "pvap": "   1,97", "e": "N", "st": "Suplente"}, {"seq": "23", "n": "11222", "vap": "191", "pvap": "   1,49", "e": "N", "st": "Suplente"}, {"seq": "37", "n": "11234", "vap": "75", "pvap": "   0,58", "e": "N", "st": "Suplente"}, {"seq": "29", "n": "11444", "vap": "138", "pvap": "   1,07", "e": "N", "st": "Suplente"}, {"seq": "57", "n": "11201", "vap": "15", "pvap": "   0,12", "e": "N", "st": "Suplente"}, {"seq": "63", "n": "22445", "vap": "7", "pvap": "   0,05", "e": "N", "st": "Suplente"}, {"seq": "39", "n": "22000", "vap": "57", "pvap": "   0,44", "e": "N", "st": "Suplente"}, {"seq": "44", "n": "22777", "vap": "47", "pvap": "   0,37", "e": "N", "st": "Suplente"}, {"seq": "52", "n": "22333", "vap": "25", "pvap": "   0,19", "e": "N", "st": "Suplente"}, {"seq": "65", "n": "22234", "vap": "4", "pvap": "   0,03", "e": "N", "st": "Suplente"}, {"seq": "1", "n": "22111", "vap": "859", "pvap": "   6,68", "e": "S", "st": "Eleito"}, {"seq": "69", "n": "22033", "vap": "1", "pvap": "   0,01", "e": "N", "st": "Suplente"}, {"seq": "25", "n": "22444", "vap": "176", "pvap": "   1,37", "e": "N", "st": "Suplente"}, {"seq": "19", "n": "22555", "vap": "224", "pvap": "   1,74", "e": "N", "st": "Suplente"}, {"seq": "7", "n": "22345", "vap": "387", "pvap": "   3,01", "e": "S", "st": "Eleito"}, {"seq": "12", "n": "22222", "vap": "361", "pvap": "   2,81", "e": "N", "st": "Suplente"}, {"seq": "56", "n": "22123", "vap": "18", "pvap": "   0,14", "e": "N", "st": "Suplente"}, {"seq": "76", "n": "35222", "vap": "54", "pvap": "   0,42", "e": "N", "st": "N\u00e3o eleito"}, {"seq": "113", "n": "35775", "vap": "0", "pvap": "00.00", "e": "N", "st": "N\u00e3o eleito"}, {"seq": "103", "n": "35123", "vap": "5", "pvap": "   0,04", "e": "N", "st": "N\u00e3o eleito"}, {"seq": "100", "n": "35111", "vap": "8", "pvap": "   0,06", "e": "N", "st": "N\u00e3o eleito"}, {"seq": "90", "n": "35355", "vap": "13", "pvap": "   0,10", "e": "N", "st": "N\u00e3o eleito"}, {"seq": "111", "n": "35925", "vap": "0", "pvap": "00.00", "e": "N", "st": "N\u00e3o eleito"}, {"seq": "88", "n": "35000", "vap": "16", "pvap": "   0,12", "e": "N", "st": "N\u00e3o eleito"}, {"seq": "115", "n": "35888", "vap": "0", "pvap": "00.00", "e": "N", "st": "N\u00e3o eleito"}, {"seq": "92", "n": "35555", "vap": "12", "pvap": "   0,09", "e": "N", "st": "N\u00e3o eleito"}, {"seq": "95", "n": "55120", "vap": "12", "pvap": "   0,09", "e": "N", "st": "N\u00e3o eleito"}, {"seq": "78", "n": "55888", "vap": "33", "pvap": "   0,26", "e": "N", "st": "N\u00e3o eleito"}, {"seq": "73", "n": "55555", "vap": "113", "pvap": "   0,88", "e": "N", "st": "N\u00e3o eleito"}, {"seq": "94", "n": "55777", "vap": "12", "pvap": "   0,09", "e": "N", "st": "N\u00e3o eleito"}, {"seq": "79", "n": "55122", "vap": "32", "pvap": "   0,25", "e": "N", "st": "N\u00e3o eleito"}, {"seq": "98", "n": "55160", "vap": "10", "pvap": "   0,08", "e": "N", "st": "N\u00e3o eleito"}, {"seq": "83", "n": "55155", "vap": "24", "pvap": "   0,19", "e": "N", "st": "N\u00e3o eleito"}, {"seq": "106", "n": "55235", "vap": "2", "pvap": "   0,02", "e": "N", "st": "N\u00e3o eleito"}, {"seq": "107", "n": "55180", "vap": "2", "pvap": "   0,02", "e": "N", "st": "N\u00e3o eleito"}, {"seq": "109", "n": "55791", "vap": "0", "pvap": "00.00", "e": "N", "st": "N\u00e3o eleito"}, {"seq": "97", "n": "55200", "vap": "10", "pvap": "   0,08", "e": "N", "st": "N\u00e3o eleito"}, {"seq": "85", "n": "55150", "vap": "21", "pvap": "   0,16", "e": "N", "st": "N\u00e3o eleito"}, {"seq": "46", "n": "20123", "vap": "39", "pvap": "   0,30", "e": "N", "st": "Suplente"}, {"seq": "20", "n": "20107", "vap": "217", "pvap": "   1,69", "e": "N", "st": "Suplente"}, {"seq": "30", "n": "20555", "vap": "136", "pvap": "   1,06", "e": "N", "st": "Suplente"}, {"seq": "64", "n": "20888", "vap": "5", "pvap": "   0,04", "e": "N", "st": "Suplente"}, {"seq": "68", "n": "20567", "vap": "3", "pvap": "   0,02", "e": "N", "st": "Suplente"}, {"seq": "53", "n": "20777", "vap": "23", "pvap": "   0,18", "e": "N", "st": "Suplente"}, {"seq": "72", "n": "20678", "vap": "0", "pvap": "00.00", "e": "N", "st": "Suplente"}, {"seq": "10", "n": "20789", "vap": "318", "pvap": "   2,47", "e": "S", "st": "Eleito"}, {"seq": "14", "n": "20111", "vap": "294", "pvap": "   2,29", "e": "N", "st": "Suplente"}, {"seq": "24", "n": "20222", "vap": "184", "pvap": "   1,43", "e": "N", "st": "Suplente"}, {"seq": "41", "n": "20333", "vap": "50", "pvap": "   0,39", "e": "N", "st": "Suplente"}, {"seq": "49", "n": "20444", "vap": "32", "pvap": "   0,25", "e": "N", "st": "Suplente"}, {"seq": "67", "n": "20345", "vap": "3", "pvap": "   0,02", "e": "N", "st": "Suplente"}, {"seq": "35", "n": "20999", "vap": "89", "pvap": "   0,69", "e": "N", "st": "Suplente"}, {"seq": "48", "n": "20258", "vap": "35", "pvap": "   0,27", "e": "N", "st": "Suplente"}, {"seq": "58", "n": "20456", "vap": "13", "pvap": "   0,10", "e": "N", "st": "Suplente"}, {"seq": "112", "n": "51195", "vap": "0", "pvap": "00.00", "e": "N", "st": "N\u00e3o eleito"}, {"seq": "108", "n": "51125", "vap": "1", "pvap": "   0,01", "e": "N", "st": "N\u00e3o eleito"}, {"seq": "110", "n": "51154", "vap": "0", "pvap": "00.00", "e": "N", "st": "N\u00e3o eleito"}, {"seq": "116", "n": "51194", "vap": "0", "pvap": "00.00", "e": "N", "st": "N\u00e3o eleito"}, {"seq": "114", "n": "51999", "vap": "0", "pvap": "00.00", "e": "N", "st": "N\u00e3o eleito"}, {"seq": "38", "n": "10101", "vap": "63", "pvap": "   0,49", "e": "N", "st": "Suplente"}, {"seq": "50", "n": "10455", "vap": "26", "pvap": "   0,20", "e": "N", "st": "Suplente"}, {"seq": "18", "n": "10100", "vap": "230", "pvap": "   1,79", "e": "N", "st": "Suplente"}, {"seq": "40", "n": "10777", "vap": "53", "pvap": "   0,41", "e": "N", "st": "Suplente"}, {"seq": "4", "n": "10222", "vap": "674", "pvap": "   5,24", "e": "S", "st": "Eleito"}, {"seq": "3", "n": "10111", "vap": "674", "pvap": "   5,24", "e": "S", "st": "Eleito"}, {"seq": "59", "n": "10334", "vap": "9", "pvap": "   0,07", "e": "N", "st": "Suplente"}, {"seq": "2", "n": "10000", "vap": "845", "pvap": "   6,57", "e": "S", "st": "Eleito"}, {"seq": "55", "n": "10444", "vap": "22", "pvap": "   0,17", "e": "N", "st": "Suplente"}, {"seq": "47", "n": "10456", "vap": "38", "pvap": "   0,30", "e": "N", "st": "Suplente"}, {"seq": "32", "n": "10007", "vap": "121", "pvap": "   0,94", "e": "N", "st": "Suplente"}, {"seq": "27", "n": "10999", "vap": "150", "pvap": "   1,17", "e": "N", "st": "Suplente"}, {"seq": "28", "n": "10234", "vap": "143", "pvap": "   1,11", "e": "N", "st": "Suplente"}, {"seq": "33", "n": "10555", "vap": "118", "pvap": "   0,92", "e": "N", "st": "Suplente"}, {"seq": "6", "n": "10123", "vap": "487", "pvap": "   3,79", "e": "S", "st": "Eleito"}, {"seq": "101", "n": "13322", "vap": "6", "pvap": "   0,05", "e": "N", "st": "N\u00e3o eleito"}, {"seq": "105", "n": "13777", "vap": "2", "pvap": "   0,02", "e": "N", "st": "N\u00e3o eleito"}, {"seq": "99", "n": "13333", "vap": "9", "pvap": "   0,07", "e": "N", "st": "N\u00e3o eleito"}, {"seq": "77", "n": "13111", "vap": "48", "pvap": "   0,37", "e": "N", "st": "N\u00e3o eleito"}, {"seq": "96", "n": "13234", "vap": "10", "pvap": "   0,08", "e": "N", "st": "N\u00e3o eleito"}, {"seq": "80", "n": "13222", "vap": "31", "pvap": "   0,24", "e": "N", "st": "N\u00e3o eleito"}, {"seq": "84", "n": "13123", "vap": "23", "pvap": "   0,18", "e": "N", "st": "N\u00e3o eleito"}, {"seq": "82", "n": "13321", "vap": "28", "pvap": "   0,22", "e": "N", "st": "N\u00e3o eleito"}, {"seq": "104", "n": "13633", "vap": "5", "pvap": "   0,04", "e": "N", "st": "N\u00e3o eleito"}, {"seq": "91", "n": "18444", "vap": "13", "pvap": "   0,10", "e": "N", "st": "N\u00e3o eleito"}, {"seq": "89", "n": "18110", "vap": "15", "pvap": "   0,12", "e": "N", "st": "N\u00e3o eleito"}, {"seq": "81", "n": "18333", "vap": "29", "pvap": "   0,23", "e": "N", "st": "N\u00e3o eleito"}, {"seq": "74", "n": "18000", "vap": "108", "pvap": "   0,84", "e": "N", "st": "N\u00e3o eleito"}, {"seq": "86", "n": "18112", "vap": "20", "pvap": "   0,16", "e": "N", "st": "N\u00e3o eleito"}, {"seq": "75", "n": "18111", "vap": "79", "pvap": "   0,61", "e": "N", "st": "N\u00e3o eleito"}, {"seq": "87", "n": "18222", "vap": "17", "pvap": "   0,13", "e": "N", "st": "N\u00e3o eleito"}, {"seq": "102", "n": "18123", "vap": "6", "pvap": "   0,05", "e": "N", "st": "N\u00e3o eleito"}, {"seq": "93", "n": "18555", "vap": "12", "pvap": "   0,09", "e": "N", "st": "N\u00e3o eleito"}]}, {"dt": "15/11/2020", "ht": "21:06:25", "tf": "S", "and": "F", "tpabr": "ZONA", "cdabr": "47", "s": "40", "st": "40", "snt": "0", "si": "40", "sni": "0", "sa": "40", "sna": "0", "pst": " 100,00", "psnt": "   0,00", "psi": " 100,00", "psni": "   0,00", "psa": " 100,00", "psna": "   0,00", "e": "15154", "ea": "15154", "ena": "0", "esi": "15154", "esni": "0", "a": "2042", "c": "13112", "pea": " 100,00", "pena": "   0,00", "pesi": " 100,00", "pesni": "   0,00", "pa": "  13,47", "pc": "  86,53", "vnom": "12260", "vscv": "0", "vl": "598", "tv": "13112", "vvc": "12858", "vb": "40", "tvn": "214", "vn": "214", "vnt": "0", "vp": "0", "vv": "12858", "van": "0", "vansj": "0", "pvnom": "  95,35", "pvl": "   4,65", "pvvc": "  98,06", "pvb": "   0,31", "ptvn": "   1,63", "pvn": " 100,00", "pvnt": "   0,00", "pvp": "   0,00", "pvv": " 100,00", "pvan": "   0,00", "pvansj": "   0,00", "cand": [{"seq": "34", "n": "15111", "vap": "94", "pvap": "   0,73", "e": "N", "st": "Suplente"}, {"seq": "11", "n": "15123", "vap": "292", "pvap": "   2,27", "e": "S", "st": "Eleito"}, {"seq": "62", "n": "15321", "vap": "7", "pvap": "   0,05", "e": "N", "st": "Suplente"}, {"seq": "36", "n": "15333", "vap": "85", "pvap": "   0,66", "e": "N", "st": "Suplente"}, {"seq": "60", "n": "15608", "vap": "9", "pvap": "   0,07", "e": "N", "st": "Suplente"}, {"seq": "43", "n": "15777", "vap": "48", "pvap": "   0,37", "e": "N", "st": "Suplente"}, {"seq": "9", "n": "15456", "vap": "367", "pvap": "   2,85", "e": "S", "st": "Eleito"}, {"seq": "54", "n": "15678", "vap": "23", "pvap": "   0,18", "e": "N", "st": "Suplente"}, {"seq": "70", "n": "15888", "vap": "0", "pvap": "00.00", "e": "N", "st": "Suplente"}, {"seq": "31", "n": "15000", "vap": "125", "pvap": "   0,97", "e": "N", "st": "Suplente"}, {"seq": "17", "n": "15222", "vap": "243", "pvap": "   1,89", "e": "N", "st": "Suplente"}, {"seq": "45", "n": "15666", "vap": "41", "pvap": "   0,32", "e": "N", "st": "Suplente"}, {"seq": "15", "n": "15444", "vap": "257", "pvap": "   2,00", "e": "N", "st": "Suplente"}, {"seq": "22", "n": "15234", "vap": "197", "pvap": "   1,53", "e": "N", "st": "Suplente"}, {"seq": "42", "n": "15555", "vap": "49", "pvap": "   0,38", "e": "N", "st": "Suplente"}, {"seq": "24", "n": "20222", "vap": "184", "pvap": "   1,43", "e": "N", "st": "Suplente"}, {"seq": "68", "n": "20567", "vap": "3", "pvap": "   0,02", "e": "N", "st": "Suplente"}, {"seq": "72", "n": "20678", "vap": "0", "pvap": "00.00", "e": "N", "st": "Suplente"}, {"seq": "53", "n": "20777", "vap": "23", "pvap": "   0,18", "e": "N", "st": "Suplente"}, {"seq": "10", "n": "20789", "vap": "318", "pvap": "   2,47", "e": "S", "st": "Eleito"}, {"seq": "46", "n": "20123", "vap": "39", "pvap": "   0,30", "e": "N", "st": "Suplente"}, {"seq": "48", "n": "20258", "vap": "35", "pvap": "   0,27", "e": "N", "st": "Suplente"}, {"seq": "30", "n": "20555", "vap": "136", "pvap": "   1,06", "e": "N", "st": "Suplente"}, {"seq": "35", "n": "20999", "vap": "89", "pvap": "   0,69", "e": "N", "st": "Suplente"}, {"seq": "41", "n": "20333", "vap": "50", "pvap": "   0,39", "e": "N", "st": "Suplente"}, {"seq": "49", "n": "20444", "vap": "32", "pvap": "   0,25", "e": "N", "st": "Suplente"}, {"seq": "64", "n": "20888", "vap": "5", "pvap": "   0,04", "e": "N", "st": "Suplente"}, {"seq": "20", "n": "20107", "vap": "217", "pvap": "   1,69", "e": "N", "st": "Suplente"}, {"seq": "14", "n": "20111", "vap": "294", "pvap": "   2,29", "e": "N", "st": "Suplente"}, {"seq": "67", "n": "20345", "vap": "3", "pvap": "   0,02", "e": "N", "st": "Suplente"}, {"seq": "58", "n": "20456", "vap": "13", "pvap": "   0,10", "e": "N", "st": "Suplente"}, {"seq": "106", "n": "55235", "vap": "2", "pvap": "   0,02", "e": "N", "st": "N\u00e3o eleito"}, {"seq": "85", "n": "55150", "vap": "21", "pvap": "   0,16", "e": "N", "st": "N\u00e3o eleito"}, {"seq": "78", "n": "55888", "vap": "33", "pvap": "   0,26", "e": "N", "st": "N\u00e3o eleito"}, {"seq": "109", "n": "55791", "vap": "0", "pvap": "00.00", "e": "N", "st": "N\u00e3o eleito"}, {"seq": "98", "n": "55160", "vap": "10", "pvap": "   0,08", "e": "N", "st": "N\u00e3o eleito"}, {"seq": "94", "n": "55777", "vap": "12", "pvap": "   0,09", "e": "N", "st": "N\u00e3o eleito"}, {"seq": "79", "n": "55122", "vap": "32", "pvap": "   0,25", "e": "N", "st": "N\u00e3o eleito"}, {"seq": "83", "n": "55155", "vap": "24", "pvap": "   0,19", "e": "N", "st": "N\u00e3o eleito"}, {"seq": "107", "n": "55180", "vap": "2", "pvap": "   0,02", "e": "N", "st": "N\u00e3o eleito"}, {"seq": "73", "n": "55555", "vap": "113", "pvap": "   0,88", "e": "N", "st": "N\u00e3o eleito"}, {"seq": "95", "n": "55120", "vap": "12", "pvap": "   0,09", "e": "N", "st": "N\u00e3o eleito"}, {"seq": "97", "n": "55200", "vap": "10", "pvap": "   0,08", "e": "N", "st": "N\u00e3o eleito"}, {"seq": "5", "n": "11111", "vap": "553", "pvap": "   4,30", "e": "S", "st": "Eleito"}, {"seq": "23", "n": "11222", "vap": "191", "pvap": "   1,49", "e": "N", "st": "Suplente"}, {"seq": "26", "n": "11555", "vap": "156", "pvap": "   1,21", "e": "N", "st": "Suplente"}, {"seq": "16", "n": "11777", "vap": "253", "pvap": "   1,97", "e": "N", "st": "Suplente"}, {"seq": "57", "n": "11201", "vap": "15", "pvap": "   0,12", "e": "N", "st": "Suplente"}, {"seq": "8", "n": "11333", "vap": "375", "pvap": "   2,92", "e": "S", "st": "Eleito"}, {"seq": "29", "n": "11444", "vap": "138", "pvap": "   1,07", "e": "N", "st": "Suplente"}, {"seq": "51", "n": "11999", "vap": "25", "pvap": "   0,19", "e": "N", "st": "Suplente"}, {"seq": "13", "n": "11124", "vap": "329", "pvap": "   2,56", "e": "N", "st": "Suplente"}, {"seq": "61", "n": "11258", "vap": "8", "pvap": "   0,06", "e": "N", "st": "Suplente"}, {"seq": "37", "n": "11234", "vap": "75", "pvap": "   0,58", "e": "N", "st": "Suplente"}, {"seq": "66", "n": "11456", "vap": "4", "pvap": "   0,03", "e": "N", "st": "Suplente"}, {"seq": "71", "n": "11852", "vap": "0", "pvap": "00.00", "e": "N", "st": "Suplente"}, {"seq": "21", "n": "11123", "vap": "200", "pvap": "   1,56", "e": "N", "st": "Suplente"}, {"seq": "44", "n": "22777", "vap": "47", "pvap": "   0,37", "e": "N", "st": "Suplente"}, {"seq": "39", "n": "22000", "vap": "57", "pvap": "   0,44", "e": "N", "st": "Suplente"}, {"seq": "69", "n": "22033", "vap": "1", "pvap": "   0,01", "e": "N", "st": "Suplente"}, {"seq": "65", "n": "22234", "vap": "4", "pvap": "   0,03", "e": "N", "st": "Suplente"}, {"seq": "7", "n": "22345", "vap": "387", "pvap": "   3,01", "e": "S", "st": "Eleito"}, {"seq": "1", "n": "22111", "vap": "859", "pvap": "   6,68", "e": "S", "st": "Eleito"}, {"seq": "12", "n": "22222", "vap": "361", "pvap": "   2,81", "e": "N", "st": "Suplente"}, {"seq": "52", "n": "22333", "vap": "25", "pvap": "   0,19", "e": "N", "st": "Suplente"}, {"seq": "63", "n": "22445", "vap": "7", "pvap": "   0,05", "e": "N", "st": "Suplente"}, {"seq": "56", "n": "22123", "vap": "18", "pvap": "   0,14", "e": "N", "st": "Suplente"}, {"seq": "25", "n": "22444", "vap": "176", "pvap": "   1,37", "e": "N", "st": "Suplente"}, {"seq": "19", "n": "22555", "vap": "224", "pvap": "   1,74", "e": "N", "st": "Suplente"}, {"seq": "108", "n": "51125", "vap": "1", "pvap": "   0,01", "e": "N", "st": "N\u00e3o eleito"}, {"seq": "114", "n": "51999", "vap": "0", "pvap": "00.00", "e": "N", "st": "N\u00e3o eleito"}, {"seq": "116", "n": "51194", "vap": "0", "pvap": "00.00", "e": "N", "st": "N\u00e3o eleito"}, {"seq": "110", "n": "51154", "vap": "0", "pvap": "00.00", "e": "N", "st": "N\u00e3o eleito"}, {"seq": "112", "n": "51195", "vap": "0", "pvap": "00.00", "e": "N", "st": "N\u00e3o eleito"}, {"seq": "4", "n": "10222", "vap": "674", "pvap": "   5,24", "e": "S", "st": "Eleito"}, {"seq": "50", "n": "10455", "vap": "26", "pvap": "   0,20", "e": "N", "st": "Suplente"}, {"seq": "55", "n": "10444", "vap": "22", "pvap": "   0,17", "e": "N", "st": "Suplente"}, {"seq": "3", "n": "10111", "vap": "674", "pvap": "   5,24", "e": "S", "st": "Eleito"}, {"seq": "32", "n": "10007", "vap": "121", "pvap": "   0,94", "e": "N", "st": "Suplente"}, {"seq": "6", "n": "10123", "vap": "487", "pvap": "   3,79", "e": "S", "st": "Eleito"}, {"seq": "18", "n": "10100", "vap": "230", "pvap": "   1,79", "e": "N", "st": "Suplente"}, {"seq": "28", "n": "10234", "vap": "143", "pvap": "   1,11", "e": "N", "st": "Suplente"}, {"seq": "59", "n": "10334", "vap": "9", "pvap": "   0,07", "e": "N", "st": "Suplente"}, {"seq": "33", "n": "10555", "vap": "118", "pvap": "   0,92", "e": "N", "st": "Suplente"}, {"seq": "27", "n": "10999", "vap": "150", "pvap": "   1,17", "e": "N", "st": "Suplente"}, {"seq": "38", "n": "10101", "vap": "63", "pvap": "   0,49", "e": "N", "st": "Suplente"}, {"seq": "47", "n": "10456", "vap": "38", "pvap": "   0,30", "e": "N", "st": "Suplente"}, {"seq": "40", "n": "10777", "vap": "53", "pvap": "   0,41", "e": "N", "st": "Suplente"}, {"seq": "2", "n": "10000", "vap": "845", "pvap": "   6,57", "e": "S", "st": "Eleito"}, {"seq": "81", "n": "18333", "vap": "29", "pvap": "   0,23", "e": "N", "st": "N\u00e3o eleito"}, {"seq": "74", "n": "18000", "vap": "108", "pvap": "   0,84", "e": "N", "st": "N\u00e3o eleito"}, {"seq": "89", "n": "18110", "vap": "15", "pvap": "   0,12", "e": "N", "st": "N\u00e3o eleito"}, {"seq": "93", "n": "18555", "vap": "12", "pvap": "   0,09", "e": "N", "st": "N\u00e3o eleito"}, {"seq": "102", "n": "18123", "vap": "6", "pvap": "   0,05", "e": "N", "st": "N\u00e3o eleito"}, {"seq": "86", "n": "18112", "vap": "20", "pvap": "   0,16", "e": "N", "st": "N\u00e3o eleito"}, {"seq": "87", "n": "18222", "vap": "17", "pvap": "   0,13", "e": "N", "st": "N\u00e3o eleito"}, {"seq": "75", "n": "18111", "vap": "79", "pvap": "   0,61", "e": "N", "st": "N\u00e3o eleito"}, {"seq": "91", "n": "18444", "vap": "13", "pvap": "   0,10", "e": "N", "st": "N\u00e3o eleito"}, {"seq": "96", "n": "13234", "vap": "10", "pvap": "   0,08", "e": "N", "st": "N\u00e3o eleito"}, {"seq": "99", "n": "13333", "vap": "9", "pvap": "   0,07", "e": "N", "st": "N\u00e3o eleito"}, {"seq": "104", "n": "13633", "vap": "5", "pvap": "   0,04", "e": "N", "st": "N\u00e3o eleito"}, {"seq": "84", "n": "13123", "vap": "23", "pvap": "   0,18", "e": "N", "st": "N\u00e3o eleito"}, {"seq": "80", "n": "13222", "vap": "31", "pvap": "   0,24", "e": "N", "st": "N\u00e3o eleito"}, {"seq": "77", "n": "13111", "vap": "48", "pvap": "   0,37", "e": "N", "st": "N\u00e3o eleito"}, {"seq": "82", "n": "13321", "vap": "28", "pvap": "   0,22", "e": "N", "st": "N\u00e3o eleito"}, {"seq": "101", "n": "13322", "vap": "6", "pvap": "   0,05", "e": "N", "st": "N\u00e3o eleito"}, {"seq": "105", "n": "13777", "vap": "2", "pvap": "   0,02", "e": "N", "st": "N\u00e3o eleito"}, {"seq": "115", "n": "35888", "vap": "0", "pvap": "00.00", "e": "N", "st": "N\u00e3o eleito"}, {"seq": "113", "n": "35775", "vap": "0", "pvap": "00.00", "e": "N", "st": "N\u00e3o eleito"}, {"seq": "100", "n": "35111", "vap": "8", "pvap": "   0,06", "e": "N", "st": "N\u00e3o eleito"}, {"seq": "111", "n": "35925", "vap": "0", "pvap": "00.00", "e": "N", "st": "N\u00e3o eleito"}, {"seq": "103", "n": "35123", "vap": "5", "pvap": "   0,04", "e": "N", "st": "N\u00e3o eleito"}, {"seq": "90", "n": "35355", "vap": "13", "pvap": "   0,10", "e": "N", "st": "N\u00e3o eleito"}, {"seq": "92", "n": "35555", "vap": "12", "pvap": "   0,09", "e": "N", "st": "N\u00e3o eleito"}, {"seq": "88", "n": "35000", "vap": "16", "pvap": "   0,12", "e": "N", "st": "N\u00e3o eleito"}, {"seq": "76", "n": "35222", "vap": "54", "pvap": "   0,42", "e": "N", "st": "N\u00e3o eleito"}]}]}