{"ele": "426", "carper": "13", "t": "1", "f": "O", "esae": "N", "mnae": " ", "dg": "16/11/2020", "hg": "14:13:00", "dv": "S", "nadf": "am02135-c0013-e000426-002-f", "abr": [{"dt": "16/11/2020", "ht": "13:11:36", "tf": "S", "and": "F", "tpabr": "MU", "cdabr": "02135", "s": "63", "st": "63", "snt": "0", "si": "63", "sni": "0", "sa": "63", "sna": "0", "pst": " 100,00", "psnt": "   0,00", "psi": " 100,00", "psni": "   0,00", "psa": " 100,00", "psna": "   0,00", "e": "21269", "ea": "21269", "ena": "0", "esi": "21269", "esni": "0", "c": "17248", "a": "4021", "pea": " 100,00", "pena": "   0,00", "pesi": " 100,00", "pesni": "   0,00", "pa": "  18,91", "pc": "  81,09", "vscv": "0", "vnom": "16119", "vl": "758", "tv": "17248", "vvc": "16877", "vb": "65", "tvn": "306", "vn": "306", "vnt": "0", "vp": "0", "vv": "16877", "van": "0", "vansj": "0", "pvnom": "  95,51", "pvl": "   4,49", "pvvc": "  97,85", "pvb": "   0,38", "ptvn": "   1,77", "pvn": " 100,00", "pvnt": "   0,00", "pvp": "   0,00", "pvv": " 100,00", "pvan": "   0,00", "pvansj": "   0,00", "colig": [{"n": "40000114501", "tvtn": "2255", "tvan": "2255", "vag": "2", "tvtl": "82", "tval": "82"}, {"n": "40000134299", "tvtn": "26", "tvan": "26", "vag": "0", "tvtl": "0", "tval": "0"}, {"n": "40000121275", "tvtn": "1127", "tvan": "1127", "vag": "1", "tvtl": "45", "tval": "45"}, {"n": "40000114638", "tvtn": "3976", "tvan": "3976", "vag": "4", "tvtl": "138", "tval": "138"}, {"n": "40000141693", "tvtn": "508", "tvan": "508", "vag": "0", "tvtl": "8", "tval": "8"}, {"n": "40000136027", "tvtn": "1066", "tvan": "1066", "vag": "1", "tvtl": "30", "tval": "30"}, {"n": "40000136363", "tvtn": "577", "tvan": "577", "vag": "0", "tvtl": "11", "tval": "11"}, {"n": "40000141628", "tvtn": "970", "tvan": "970", "vag": "1", "tvtl": "82", "tval": "82"}, {"n": "40000135178", "tvtn": "1743", "tvan": "1743", "vag": "1", "tvtl": "177", "tval": "177"}, {"n": "40000121124", "tvtn": "24", "tvan": "24", "vag": "0", "tvtl": "9", "tval": "9"}, {"n": "40000121222", "tvtn": "1413", "tvan": "1413", "vag": "1", "tvtl": "36", "tval": "36"}, {"n": "40000117559", "tvtn": "1415", "tvan": "1415", "vag": "1", "tvtl": "27", "tval": "27"}, {"n": "40000113914", "tvtn": "1019", "tvan": "1019", "vag": "1", "tvtl": "113", "tval": "113"}], "part": [{"n": "11", "tvtn": "2255", "tvan": "2255", "tvtl": "82", "tval": "82"}, {"n": "65", "tvtn": "26", "tvan": "26", "tvtl": "0", "tval": "0"}, {"n": "20", "tvtn": "1127", "tvan": "1127", "tvtl": "45", "tval": "45"}, {"n": "22", "tvtn": "3976", "tvan": "3976", "tvtl": "138", "tval": "138"}, {"n": "90", "tvtn": "508", "tvan": "508", "tvtl": "8", "tval": "8"}, {"n": "55", "tvtn": "1066", "tvan": "1066", "tvtl": "30", "tval": "30"}, {"n": "17", "tvtn": "577", "tvan": "577", "tvtl": "11", "tval": "11"}, {"n": "70", "tvtn": "970", "tvan": "970", "tvtl": "82", "tval": "82"}, {"n": "15", "tvtn": "1743", "tvan": "1743", "tvtl": "177", "tval": "177"}, {"n": "33", "tvtn": "24", "tvan": "24", "tvtl": "9", "tval": "9"}, {"n": "13", "tvtn": "1413", "tvan": "1413", "tvtl": "36", "tval": "36"}, {"n": "19", "tvtn": "1415", "tvan": "1415", "tvtl": "27", "tval": "27"}, {"n": "10", "tvtn": "1019", "tvan": "1019", "tvtl": "113", "tval": "113"}], "cand": [{"seq": "93", "n": "11456", "vap": "15", "pvap": "   0,09", "e": "N", "st": "Suplente"}, {"seq": "105", "n": "11444", "vap": "12", "pvap": "   0,07", "e": "N", "st": "Suplente"}, {"seq": "88", "n": "11999", "vap": "20", "pvap": "   0,12", "e": "N", "st": "Suplente"}, {"seq": "55", "n": "11222", "vap": "69", "pvap": "   0,41", "e": "N", "st": "Suplente"}, {"seq": "30", "n": "11000", "vap": "200", "pvap": "   1,19", "e": "N", "st": "Suplente"}, {"seq": "16", "n": "11111", "vap": "302", "pvap": "   1,79", "e": "N", "st": "Suplente"}, {"seq": "22", "n": "11777", "vap": "239", "pvap": "   1,42", "e": "N", "st": "Suplente"}, {"seq": "4", "n": "11333", "vap": "638", "pvap": "   3,78", "e": "S", "st": "Eleito"}, {"seq": "46", "n": "11233", "vap": "104", "pvap": "   0,62", "e": "N", "st": "Suplente"}, {"seq": "7", "n": "11888", "vap": "404", "pvap": "   2,39", "e": "S", "st": "Eleito"}, {"seq": "128", "n": "11122", "vap": "3", "pvap": "   0,02", "e": "N", "st": "Suplente"}, {"seq": "33", "n": "11123", "vap": "174", "pvap": "   1,03", "e": "N", "st": "Suplente"}, {"seq": "104", "n": "11852", "vap": "13", "pvap": "   0,08", "e": "N", "st": "Suplente"}, {"seq": "62", "n": "11555", "vap": "51", "pvap": "   0,30", "e": "N", "st": "Suplente"}, {"seq": "134", "n": "11321", "vap": "2", "pvap": "   0,01", "e": "N", "st": "Suplente"}, {"seq": "108", "n": "11258", "vap": "9", "pvap": "   0,05", "e": "N", "st": "Suplente"}, {"seq": "165", "n": "65123", "vap": "5", "pvap": "   0,03", "e": "N", "st": "N\u00e3o eleito"}, {"seq": "174", "n": "65444", "vap": "0", "pvap": "00.00", "e": "N", "st": "N\u00e3o eleito"}, {"seq": "162", "n": "65333", "vap": "8", "pvap": "   0,05", "e": "N", "st": "N\u00e3o eleito"}, {"seq": "159", "n": "65111", "vap": "11", "pvap": "   0,07", "e": "N", "st": "N\u00e3o eleito"}, {"seq": "168", "n": "65888", "vap": "2", "pvap": "   0,01", "e": "N", "st": "N\u00e3o eleito"}, {"seq": "58", "n": "20144", "vap": "64", "pvap": "   0,38", "e": "N", "st": "Suplente"}, {"seq": "49", "n": "20789", "vap": "93", "pvap": "   0,55", "e": "N", "st": "Suplente"}, {"seq": "90", "n": "20150", "vap": "18", "pvap": "   0,11", "e": "N", "st": "Suplente"}, {"seq": "57", "n": "20456", "vap": "64", "pvap": "   0,38", "e": "N", "st": "Suplente"}, {"seq": "75", "n": "20888", "vap": "28", "pvap": "   0,17", "e": "N", "st": "Suplente"}, {"seq": "10", "n": "20111", "vap": "298", "pvap": "   1,77", "e": "S", "st": "Eleito"}, {"seq": "69", "n": "20200", "vap": "37", "pvap": "   0,22", "e": "N", "st": "Suplente"}, {"seq": "109", "n": "20333", "vap": "9", "pvap": "   0,05", "e": "N", "st": "Suplente"}, {"seq": "100", "n": "20777", "vap": "14", "pvap": "   0,08", "e": "N", "st": "Suplente"}, {"seq": "115", "n": "20022", "vap": "7", "pvap": "   0,04", "e": "N", "st": "Suplente"}, {"seq": "68", "n": "20444", "vap": "39", "pvap": "   0,23", "e": "N", "st": "Suplente"}, {"seq": "139", "n": "20020", "vap": "1", "pvap": "   0,01", "e": "N", "st": "Suplente"}, {"seq": "26", "n": "20222", "vap": "209", "pvap": "   1,24", "e": "N", "st": "Suplente"}, {"seq": "41", "n": "20123", "vap": "119", "pvap": "   0,71", "e": "N", "st": "Suplente"}, {"seq": "45", "n": "20555", "vap": "106", "pvap": "   0,63", "e": "N", "st": "Suplente"}, {"seq": "86", "n": "20000", "vap": "21", "pvap": "   0,12", "e": "N", "st": "Suplente"}, {"seq": "70", "n": "22777", "vap": "36", "pvap": "   0,21", "e": "N", "st": "Suplente"}, {"seq": "119", "n": "22190", "vap": "6", "pvap": "   0,04", "e": "N", "st": "Suplente"}, {"seq": "84", "n": "22999", "vap": "22", "pvap": "   0,13", "e": "N", "st": "Suplente"}, {"seq": "18", "n": "22000", "vap": "277", "pvap": "   1,64", "e": "N", "st": "Suplente"}, {"seq": "92", "n": "22369", "vap": "17", "pvap": "   0,10", "e": "N", "st": "Suplente"}, {"seq": "25", "n": "22444", "vap": "210", "pvap": "   1,24", "e": "N", "st": "Suplente"}, {"seq": "121", "n": "22789", "vap": "6", "pvap": "   0,04", "e": "N", "st": "Suplente"}, {"seq": "42", "n": "22666", "vap": "118", "pvap": "   0,70", "e": "N", "st": "Suplente"}, {"seq": "1", "n": "22555", "vap": "927", "pvap": "   5,49", "e": "S", "st": "Eleito"}, {"seq": "6", "n": "22888", "vap": "425", "pvap": "   2,52", "e": "S", "st": "Eleito"}, {"seq": "47", "n": "22111", "vap": "101", "pvap": "   0,60", "e": "N", "st": "Suplente"}, {"seq": "35", "n": "22123", "vap": "171", "pvap": "   1,01", "e": "N", "st": "Suplente"}, {"seq": "15", "n": "22580", "vap": "318", "pvap": "   1,88", "e": "N", "st": "Suplente"}, {"seq": "5", "n": "22222", "vap": "611", "pvap": "   3,62", "e": "S", "st": "Eleito"}, {"seq": "123", "n": "22357", "vap": "4", "pvap": "   0,02", "e": "N", "st": "Suplente"}, {"seq": "2", "n": "22333", "vap": "727", "pvap": "   4,31", "e": "S", "st": "Eleito"}, {"seq": "167", "n": "90999", "vap": "4", "pvap": "   0,02", "e": "N", "st": "N\u00e3o eleito"}, {"seq": "171", "n": "90444", "vap": "1", "pvap": "   0,01", "e": "N", "st": "N\u00e3o eleito"}, {"seq": "166", "n": "90888", "vap": "4", "pvap": "   0,02", "e": "N", "st": "N\u00e3o eleito"}, {"seq": "154", "n": "90193", "vap": "31", "pvap": "   0,18", "e": "N", "st": "N\u00e3o eleito"}, {"seq": "173", "n": "90111", "vap": "0", "pvap": "00.00", "e": "N", "st": "N\u00e3o eleito"}, {"seq": "157", "n": "90777", "vap": "14", "pvap": "   0,08", "e": "N", "st": "N\u00e3o eleito"}, {"seq": "158", "n": "90789", "vap": "11", "pvap": "   0,07", "e": "N", "st": "N\u00e3o eleito"}, {"seq": "146", "n": "90000", "vap": "221", "pvap": "   1,31", "e": "N", "st": "N\u00e3o eleito"}, {"seq": "161", "n": "90555", "vap": "10", "pvap": "   0,06", "e": "N", "st": "N\u00e3o eleito"}, {"seq": "147", "n": "90123", "vap": "212", "pvap": "   1,26", "e": "N", "st": "N\u00e3o eleito"}, {"seq": "95", "n": "55999", "vap": "15", "pvap": "   0,09", "e": "N", "st": "Suplente"}, {"seq": "102", "n": "55100", "vap": "13", "pvap": "   0,08", "e": "N", "st": "Suplente"}, {"seq": "19", "n": "55888", "vap": "259", "pvap": "   1,53", "e": "N", "st": "Suplente"}, {"seq": "27", "n": "55555", "vap": "208", "pvap": "   1,23", "e": "N", "st": "Suplente"}, {"seq": "39", "n": "55797", "vap": "130", "pvap": "   0,77", "e": "N", "st": "Suplente"}, {"seq": "81", "n": "55222", "vap": "25", "pvap": "   0,15", "e": "N", "st": "Suplente"}, {"seq": "11", "n": "55333", "vap": "282", "pvap": "   1,67", "e": "S", "st": "Eleito"}, {"seq": "145", "n": "55789", "vap": "0", "pvap": "00.00", "e": "N", "st": "Suplente"}, {"seq": "52", "n": "55444", "vap": "87", "pvap": "   0,52", "e": "N", "st": "Suplente"}, {"seq": "143", "n": "55500", "vap": "0", "pvap": "00.00", "e": "N", "st": "Suplente"}, {"seq": "124", "n": "55777", "vap": "4", "pvap": "   0,02", "e": "N", "st": "Suplente"}, {"seq": "116", "n": "55234", "vap": "7", "pvap": "   0,04", "e": "N", "st": "Suplente"}, {"seq": "137", "n": "55111", "vap": "1", "pvap": "   0,01", "e": "N", "st": "Suplente"}, {"seq": "144", "n": "55510", "vap": "0", "pvap": "00.00", "e": "N", "st": "Suplente"}, {"seq": "97", "n": "55123", "vap": "15", "pvap": "   0,09", "e": "N", "st": "Suplente"}, {"seq": "131", "n": "55010", "vap": "2", "pvap": "   0,01", "e": "N", "st": "Suplente"}, {"seq": "96", "n": "55000", "vap": "15", "pvap": "   0,09", "e": "N", "st": "Suplente"}, {"seq": "126", "n": "55101", "vap": "3", "pvap": "   0,02", "e": "N", "st": "Suplente"}, {"seq": "175", "n": "17710", "vap": "0", "pvap": "00.00", "e": "N", "st": "N\u00e3o eleito"}, {"seq": "150", "n": "17123", "vap": "105", "pvap": "   0,62", "e": "N", "st": "N\u00e3o eleito"}, {"seq": "153", "n": "17555", "vap": "32", "pvap": "   0,19", "e": "N", "st": "N\u00e3o eleito"}, {"seq": "151", "n": "17222", "vap": "63", "pvap": "   0,37", "e": "N", "st": "N\u00e3o eleito"}, {"seq": "148", "n": "17111", "vap": "149", "pvap": "   0,88", "e": "N", "st": "N\u00e3o eleito"}, {"seq": "163", "n": "17772", "vap": "7", "pvap": "   0,04", "e": "N", "st": "N\u00e3o eleito"}, {"seq": "170", "n": "17999", "vap": "2", "pvap": "   0,01", "e": "N", "st": "N\u00e3o eleito"}, {"seq": "156", "n": "17666", "vap": "19", "pvap": "   0,11", "e": "N", "st": "N\u00e3o eleito"}, {"seq": "160", "n": "17333", "vap": "10", "pvap": "   0,06", "e": "N", "st": "N\u00e3o eleito"}, {"seq": "169", "n": "17456", "vap": "2", "pvap": "   0,01", "e": "N", "st": "N\u00e3o eleito"}, {"seq": "149", "n": "17000", "vap": "131", "pvap": "   0,78", "e": "N", "st": "N\u00e3o eleito"}, {"seq": "164", "n": "17773", "vap": "6", "pvap": "   0,04", "e": "N", "st": "N\u00e3o eleito"}, {"seq": "152", "n": "17777", "vap": "51", "pvap": "   0,30", "e": "N", "st": "N\u00e3o eleito"}, {"seq": "122", "n": "70555", "vap": "4", "pvap": "   0,02", "e": "N", "st": "Suplente"}, {"seq": "71", "n": "70333", "vap": "35", "pvap": "   0,21", "e": "N", "st": "Suplente"}, {"seq": "117", "n": "70007", "vap": "7", "pvap": "   0,04", "e": "N", "st": "Suplente"}, {"seq": "91", "n": "70567", "vap": "18", "pvap": "   0,11", "e": "N", "st": "Suplente"}, {"seq": "127", "n": "70777", "vap": "3", "pvap": "   0,02", "e": "N", "st": "Suplente"}, {"seq": "29", "n": "70345", "vap": "205", "pvap": "   1,21", "e": "N", "st": "Suplente"}, {"seq": "89", "n": "70111", "vap": "19", "pvap": "   0,11", "e": "N", "st": "Suplente"}, {"seq": "44", "n": "70222", "vap": "112", "pvap": "   0,66", "e": "N", "st": "Suplente"}, {"seq": "12", "n": "70123", "vap": "253", "pvap": "   1,50", "e": "S", "st": "Eleito"}, {"seq": "111", "n": "70223", "vap": "8", "pvap": "   0,05", "e": "N", "st": "Suplente"}, {"seq": "38", "n": "70000", "vap": "143", "pvap": "   0,85", "e": "N", "st": "Suplente"}, {"seq": "110", "n": "70331", "vap": "9", "pvap": "   0,05", "e": "N", "st": "Suplente"}, {"seq": "48", "n": "70888", "vap": "96", "pvap": "   0,57", "e": "N", "st": "Suplente"}, {"seq": "60", "n": "70667", "vap": "58", "pvap": "   0,34", "e": "N", "st": "Suplente"}, {"seq": "118", "n": "15852", "vap": "6", "pvap": "   0,04", "e": "N", "st": "Suplente"}, {"seq": "61", "n": "15115", "vap": "57", "pvap": "   0,34", "e": "N", "st": "Suplente"}, {"seq": "101", "n": "15321", "vap": "13", "pvap": "   0,08", "e": "N", "st": "Suplente"}, {"seq": "106", "n": "15999", "vap": "10", "pvap": "   0,06", "e": "N", "st": "Suplente"}, {"seq": "114", "n": "15333", "vap": "7", "pvap": "   0,04", "e": "N", "st": "Suplente"}, {"seq": "125", "n": "15666", "vap": "4", "pvap": "   0,02", "e": "N", "st": "Suplente"}, {"seq": "83", "n": "15222", "vap": "23", "pvap": "   0,14", "e": "N", "st": "Suplente"}, {"seq": "8", "n": "15444", "vap": "364", "pvap": "   2,16", "e": "S", "st": "Eleito"}, {"seq": "17", "n": "15551", "vap": "279", "pvap": "   1,65", "e": "N", "st": "Suplente"}, {"seq": "98", "n": "15377", "vap": "14", "pvap": "   0,08", "e": "N", "st": "Suplente"}, {"seq": "120", "n": "15147", "vap": "6", "pvap": "   0,04", "e": "N", "st": "Suplente"}, {"seq": "43", "n": "15133", "vap": "114", "pvap": "   0,68", "e": "N", "st": "Suplente"}, {"seq": "65", "n": "15888", "vap": "42", "pvap": "   0,25", "e": "N", "st": "Suplente"}, {"seq": "23", "n": "15123", "vap": "229", "pvap": "   1,36", "e": "N", "st": "Suplente"}, {"seq": "31", "n": "15555", "vap": "188", "pvap": "   1,11", "e": "N", "st": "Suplente"}, {"seq": "51", "n": "15415", "vap": "88", "pvap": "   0,52", "e": "N", "st": "Suplente"}, {"seq": "20", "n": "15777", "vap": "253", "pvap": "   1,50", "e": "N", "st": "Suplente"}, {"seq": "64", "n": "15000", "vap": "44", "pvap": "   0,26", "e": "N", "st": "Suplente"}, {"seq": "133", "n": "15600", "vap": "2", "pvap": "   0,01", "e": "N", "st": "Suplente"}, {"seq": "155", "n": "33333", "vap": "23", "pvap": "   0,14", "e": "N", "st": "N\u00e3o eleito"}, {"seq": "172", "n": "33777", "vap": "1", "pvap": "   0,01", "e": "N", "st": "N\u00e3o eleito"}, {"seq": "85", "n": "13680", "vap": "22", "pvap": "   0,13", "e": "N", "st": "Suplente"}, {"seq": "3", "n": "13555", "vap": "647", "pvap": "   3,83", "e": "S", "st": "Eleito"}, {"seq": "74", "n": "13733", "vap": "29", "pvap": "   0,17", "e": "N", "st": "Suplente"}, {"seq": "79", "n": "13444", "vap": "27", "pvap": "   0,16", "e": "N", "st": "Suplente"}, {"seq": "14", "n": "13000", "vap": "336", "pvap": "   1,99", "e": "N", "st": "Suplente"}, {"seq": "103", "n": "13333", "vap": "13", "pvap": "   0,08", "e": "N", "st": "Suplente"}, {"seq": "40", "n": "13111", "vap": "121", "pvap": "   0,72", "e": "N", "st": "Suplente"}, {"seq": "56", "n": "13222", "vap": "67", "pvap": "   0,40", "e": "N", "st": "Suplente"}, {"seq": "37", "n": "13777", "vap": "150", "pvap": "   0,89", "e": "N", "st": "Suplente"}, {"seq": "138", "n": "13100", "vap": "1", "pvap": "   0,01", "e": "N", "st": "Suplente"}, {"seq": "82", "n": "19666", "vap": "24", "pvap": "   0,14", "e": "N", "st": "Suplente"}, {"seq": "34", "n": "19000", "vap": "172", "pvap": "   1,02", "e": "N", "st": "Suplente"}, {"seq": "63", "n": "19999", "vap": "47", "pvap": "   0,28", "e": "N", "st": "Suplente"}, {"seq": "112", "n": "19111", "vap": "8", "pvap": "   0,05", "e": "N", "st": "Suplente"}, {"seq": "72", "n": "19244", "vap": "35", "pvap": "   0,21", "e": "N", "st": "Suplente"}, {"seq": "21", "n": "19888", "vap": "245", "pvap": "   1,45", "e": "N", "st": "Suplente"}, {"seq": "77", "n": "19444", "vap": "28", "pvap": "   0,17", "e": "N", "st": "Suplente"}, {"seq": "141", "n": "19110", "vap": "1", "pvap": "   0,01", "e": "N", "st": "Suplente"}, {"seq": "136", "n": "19800", "vap": "2", "pvap": "   0,01", "e": "N", "st": "Suplente"}, {"seq": "9", "n": "19123", "vap": "308", "pvap": "   1,82", "e": "S", "st": "Eleito"}, {"seq": "36", "n": "19998", "vap": "167", "pvap": "   0,99", "e": "N", "st": "Suplente"}, {"seq": "59", "n": "19333", "vap": "62", "pvap": "   0,37", "e": "N", "st": "Suplente"}, {"seq": "99", "n": "19010", "vap": "14", "pvap": "   0,08", "e": "N", "st": "Suplente"}, {"seq": "142", "n": "19567", "vap": "1", "pvap": "   0,01", "e": "N", "st": "Suplente"}, {"seq": "78", "n": "19555", "vap": "28", "pvap": "   0,17", "e": "N", "st": "Suplente"}, {"seq": "24", "n": "19777", "vap": "220", "pvap": "   1,30", "e": "N", "st": "Suplente"}, {"seq": "130", "n": "19995", "vap": "3", "pvap": "   0,02", "e": "N", "st": "Suplente"}, {"seq": "113", "n": "19001", "vap": "8", "pvap": "   0,05", "e": "N", "st": "Suplente"}, {"seq": "66", "n": "19222", "vap": "40", "pvap": "   0,24", "e": "N", "st": "Suplente"}, {"seq": "135", "n": "19456", "vap": "2", "pvap": "   0,01", "e": "N", "st": "Suplente"}, {"seq": "94", "n": "10800", "vap": "15", "pvap": "   0,09", "e": "N", "st": "Suplente"}, {"seq": "28", "n": "10999", "vap": "208", "pvap": "   1,23", "e": "N", "st": "Suplente"}, {"seq": "132", "n": "10112", "vap": "2", "pvap": "   0,01", "e": "N", "st": "Suplente"}, {"seq": "67", "n": "10555", "vap": "39", "pvap": "   0,23", "e": "N", "st": "Suplente"}, {"seq": "32", "n": "10101", "vap": "179", "pvap": "   1,06", "e": "N", "st": "Suplente"}, {"seq": "50", "n": "10222", "vap": "90", "pvap": "   0,53", "e": "N", "st": "Suplente"}, {"seq": "54", "n": "10345", "vap": "73", "pvap": "   0,43", "e": "N", "st": "Suplente"}, {"seq": "76", "n": "10888", "vap": "28", "pvap": "   0,17", "e": "N", "st": "Suplente"}, {"seq": "107", "n": "10100", "vap": "9", "pvap": "   0,05", "e": "N", "st": "Suplente"}, {"seq": "140", "n": "10110", "vap": "1", "pvap": "   0,01", "e": "N", "st": "Suplente"}, {"seq": "13", "n": "10000", "vap": "213", "pvap": "   1,26", "e": "S", "st": "Eleito"}, {"seq": "80", "n": "10777", "vap": "26", "pvap": "   0,15", "e": "N", "st": "Suplente"}, {"seq": "73", "n": "10123", "vap": "32", "pvap": "   0,19", "e": "N", "st": "Suplente"}, {"seq": "87", "n": "10333", "vap": "21", "pvap": "   0,12", "e": "N", "st": "Suplente"}, {"seq": "53", "n": "10111", "vap": "80", "pvap": "   0,47", "e": "N", "st": "Suplente"}, {"seq": "129", "n": "10113", "vap": "3", "pvap": "   0,02", "e": "N", "st": "Suplente"}]}, {"dt": "16/11/2020", "ht": "13:11:36", "tf": "S", "and": "F", "tpabr": "ZONA", "cdabr": "20", "s": "63", "st": "63", "snt": "0", "si": "63", "sni": "0", "sa": "63", "sna": "0", "pst": " 100,00", "psnt": "   0,00", "psi": " 100,00", "psni": "   0,00", "psa": " 100,00", "psna": "   0,00", "e": "21269", "ea": "21269", "ena": "0", "esi": "21269", "esni": "0", "a": "4021", "c": "17248", "pea": " 100,00", "pena": "   0,00", "pesi": " 100,00", "pesni": "   0,00", "pa": "  18,91", "pc": "  81,09", "vnom": "16119", "vscv": "0", "vl": "758", "tv": "17248", "vvc": "16877", "vb": "65", "tvn": "306", "vn": "306", "vnt": "0", "vp": "0", "vv": "16877", "van": "0", "vansj": "0", "pvnom": "  95,51", "pvl": "   4,49", "pvvc": "  97,85", "pvb": "   0,38", "ptvn": "   1,77", "pvn": " 100,00", "pvnt": "   0,00", "pvp": "   0,00", "pvv": " 100,00", "pvan": "   0,00", "pvansj": "   0,00", "cand": [{"seq": "128", "n": "11122", "vap": "3", "pvap": "   0,02", "e": "N", "st": "Suplente"}, {"seq": "134", "n": "11321", "vap": "2", "pvap": "   0,01", "e": "N", "st": "Suplente"}, {"seq": "4", "n": "11333", "vap": "638", "pvap": "   3,78", "e": "S", "st": "Eleito"}, {"seq": "7", "n": "11888", "vap": "404", "pvap": "   2,39", "e": "S", "st": "Eleito"}, {"seq": "16", "n": "11111", "vap": "302", "pvap": "   1,79", "e": "N", "st": "Suplente"}, {"seq": "22", "n": "11777", "vap": "239", "pvap": "   1,42", "e": "N", "st": "Suplente"}, {"seq": "30", "n": "11000", "vap": "200", "pvap": "   1,19", "e": "N", "st": "Suplente"}, {"seq": "33", "n": "11123", "vap": "174", "pvap": "   1,03", "e": "N", "st": "Suplente"}, {"seq": "46", "n": "11233", "vap": "104", "pvap": "   0,62", "e": "N", "st": "Suplente"}, {"seq": "55", "n": "11222", "vap": "69", "pvap": "   0,41", "e": "N", "st": "Suplente"}, {"seq": "62", "n": "11555", "vap": "51", "pvap": "   0,30", "e": "N", "st": "Suplente"}, {"seq": "88", "n": "11999", "vap": "20", "pvap": "   0,12", "e": "N", "st": "Suplente"}, {"seq": "93", "n": "11456", "vap": "15", "pvap": "   0,09", "e": "N", "st": "Suplente"}, {"seq": "104", "n": "11852", "vap": "13", "pvap": "   0,08", "e": "N", "st": "Suplente"}, {"seq": "105", "n": "11444", "vap": "12", "pvap": "   0,07", "e": "N", "st": "Suplente"}, {"seq": "108", "n": "11258", "vap": "9", "pvap": "   0,05", "e": "N", "st": "Suplente"}, {"seq": "126", "n": "55101", "vap": "3", "pvap": "   0,02", "e": "N", "st": "Suplente"}, {"seq": "131", "n": "55010", "vap": "2", "pvap": "   0,01", "e": "N", "st": "Suplente"}, {"seq": "137", "n": "55111", "vap": "1", "pvap": "   0,01", "e": "N", "st": "Suplente"}, {"seq": "143", "n": "55500", "vap": "0", "pvap": "00.00", "e": "N", "st": "Suplente"}, {"seq": "144", "n": "55510", "vap": "0", "pvap": "00.00", "e": "N", "st": "Suplente"}, {"seq": "145", "n": "55789", "vap": "0", "pvap": "00.00", "e": "N", "st": "Suplente"}, {"seq": "11", "n": "55333", "vap": "282", "pvap": "   1,67", "e": "S", "st": "Eleito"}, {"seq": "19", "n": "55888", "vap": "259", "pvap": "   1,53", "e": "N", "st": "Suplente"}, {"seq": "27", "n": "55555", "vap": "208", "pvap": "   1,23", "e": "N", "st": "Suplente"}, {"seq": "39", "n": "55797", "vap": "130", "pvap": "   0,77", "e": "N", "st": "Suplente"}, {"seq": "52", "n": "55444", "vap": "87", "pvap": "   0,52", "e": "N", "st": "Suplente"}, {"seq": "81", "n": "55222", "vap": "25", "pvap": "   0,15", "e": "N", "st": "Suplente"}, {"seq": "95", "n": "55999", "vap": "15", "pvap": "   0,09", "e": "N", "st": "Suplente"}, {"seq": "96", "n": "55000", "vap": "15", "pvap": "   0,09", "e": "N", "st": "Suplente"}, {"seq": "97", "n": "55123", "vap": "15", "pvap": "   0,09", "e": "N", "st": "Suplente"}, {"seq": "102", "n": "55100", "vap": "13", "pvap": "   0,08", "e": "N", "st": "Suplente"}, {"seq": "116", "n": "55234", "vap": "7", "pvap": "   0,04", "e": "N", "st": "Suplente"}, {"seq": "124", "n": "55777", "vap": "4", "pvap": "   0,02", "e": "N", "st": "Suplente"}, {"seq": "138", "n": "13100", "vap": "1", "pvap": "   0,01", "e": "N", "st": "Suplente"}, {"seq": "3", "n": "13555", "vap": "647", "pvap": "   3,83", "e": "S", "st": "Eleito"}, {"seq": "14", "n": "13000", "vap": "336", "pvap": "   1,99", "e": "N", "st": "Suplente"}, {"seq": "37", "n": "13777", "vap": "150", "pvap": "   0,89", "e": "N", "st": "Suplente"}, {"seq": "40", "n": "13111", "vap": "121", "pvap": "   0,72", "e": "N", "st": "Suplente"}, {"seq": "56", "n": "13222", "vap": "67", "pvap": "   0,40", "e": "N", "st": "Suplente"}, {"seq": "74", "n": "13733", "vap": "29", "pvap": "   0,17", "e": "N", "st": "Suplente"}, {"seq": "79", "n": "13444", "vap": "27", "pvap": "   0,16", "e": "N", "st": "Suplente"}, {"seq": "85", "n": "13680", "vap": "22", "pvap": "   0,13", "e": "N", "st": "Suplente"}, {"seq": "103", "n": "13333", "vap": "13", "pvap": "   0,08", "e": "N", "st": "Suplente"}, {"seq": "139", "n": "20020", "vap": "1", "pvap": "   0,01", "e": "N", "st": "Suplente"}, {"seq": "10", "n": "20111", "vap": "298", "pvap": "   1,77", "e": "S", "st": "Eleito"}, {"seq": "26", "n": "20222", "vap": "209", "pvap": "   1,24", "e": "N", "st": "Suplente"}, {"seq": "41", "n": "20123", "vap": "119", "pvap": "   0,71", "e": "N", "st": "Suplente"}, {"seq": "45", "n": "20555", "vap": "106", "pvap": "   0,63", "e": "N", "st": "Suplente"}, {"seq": "49", "n": "20789", "vap": "93", "pvap": "   0,55", "e": "N", "st": "Suplente"}, {"seq": "57", "n": "20456", "vap": "64", "pvap": "   0,38", "e": "N", "st": "Suplente"}, {"seq": "58", "n": "20144", "vap": "64", "pvap": "   0,38", "e": "N", "st": "Suplente"}, {"seq": "68", "n": "20444", "vap": "39", "pvap": "   0,23", "e": "N", "st": "Suplente"}, {"seq": "69", "n": "20200", "vap": "37", "pvap": "   0,22", "e": "N", "st": "Suplente"}, {"seq": "75", "n": "20888", "vap": "28", "pvap": "   0,17", "e": "N", "st": "Suplente"}, {"seq": "86", "n": "20000", "vap": "21", "pvap": "   0,12", "e": "N", "st": "Suplente"}, {"seq": "90", "n": "20150", "vap": "18", "pvap": "   0,11", "e": "N", "st": "Suplente"}, {"seq": "100", "n": "20777", "vap": "14", "pvap": "   0,08", "e": "N", "st": "Suplente"}, {"seq": "109", "n": "20333", "vap": "9", "pvap": "   0,05", "e": "N", "st": "Suplente"}, {"seq": "115", "n": "20022", "vap": "7", "pvap": "   0,04", "e": "N", "st": "Suplente"}, {"seq": "129", "n": "10113", "vap": "3", "pvap": "   0,02", "e": "N", "st": "Suplente"}, {"seq": "132", "n": "10112", "vap": "2", "pvap": "   0,01", "e": "N", "st": "Suplente"}, {"seq": "140", "n": "10110", "vap": "1", "pvap": "   0,01", "e": "N", "st": "Suplente"}, {"seq": "13", "n": "10000", "vap": "213", "pvap": "   1,26", "e": "S", "st": "Eleito"}, {"seq": "28", "n": "10999", "vap": "208", "pvap": "   1,23", "e": "N", "st": "Suplente"}, {"seq": "32", "n": "10101", "vap": "179", "pvap": "   1,06", "e": "N", "st": "Suplente"}, {"seq": "50", "n": "10222", "vap": "90", "pvap": "   0,53", "e": "N", "st": "Suplente"}, {"seq": "53", "n": "10111", "vap": "80", "pvap": "   0,47", "e": "N", "st": "Suplente"}, {"seq": "54", "n": "10345", "vap": "73", "pvap": "   0,43", "e": "N", "st": "Suplente"}, {"seq": "67", "n": "10555", "vap": "39", "pvap": "   0,23", "e": "N", "st": "Suplente"}, {"seq": "73", "n": "10123", "vap": "32", "pvap": "   0,19", "e": "N", "st": "Suplente"}, {"seq": "76", "n": "10888", "vap": "28", "pvap": "   0,17", "e": "N", "st": "Suplente"}, {"seq": "80", "n": "10777", "vap": "26", "pvap": "   0,15", "e": "N", "st": "Suplente"}, {"seq": "87", "n": "10333", "vap": "21", "pvap": "   0,12", "e": "N", "st": "Suplente"}, {"seq": "94", "n": "10800", "vap": "15", "pvap": "   0,09", "e": "N", "st": "Suplente"}, {"seq": "107", "n": "10100", "vap": "9", "pvap": "   0,05", "e": "N", "st": "Suplente"}, {"seq": "130", "n": "19995", "vap": "3", "pvap": "   0,02", "e": "N", "st": "Suplente"}, {"seq": "135", "n": "19456", "vap": "2", "pvap": "   0,01", "e": "N", "st": "Suplente"}, {"seq": "136", "n": "19800", "vap": "2", "pvap": "   0,01", "e": "N", "st": "Suplente"}, {"seq": "141", "n": "19110", "vap": "1", "pvap": "   0,01", "e": "N", "st": "Suplente"}, {"seq": "142", "n": "19567", "vap": "1", "pvap": "   0,01", "e": "N", "st": "Suplente"}, {"seq": "9", "n": "19123", "vap": "308", "pvap": "   1,82", "e": "S", "st": "Eleito"}, {"seq": "21", "n": "19888", "vap": "245", "pvap": "   1,45", "e": "N", "st": "Suplente"}, {"seq": "24", "n": "19777", "vap": "220", "pvap": "   1,30", "e": "N", "st": "Suplente"}, {"seq": "34", "n": "19000", "vap": "172", "pvap": "   1,02", "e": "N", "st": "Suplente"}, {"seq": "36", "n": "19998", "vap": "167", "pvap": "   0,99", "e": "N", "st": "Suplente"}, {"seq": "59", "n": "19333", "vap": "62", "pvap": "   0,37", "e": "N", "st": "Suplente"}, {"seq": "63", "n": "19999", "vap": "47", "pvap": "   0,28", "e": "N", "st": "Suplente"}, {"seq": "66", "n": "19222", "vap": "40", "pvap": "   0,24", "e": "N", "st": "Suplente"}, {"seq": "72", "n": "19244", "vap": "35", "pvap": "   0,21", "e": "N", "st": "Suplente"}, {"seq": "77", "n": "19444", "vap": "28", "pvap": "   0,17", "e": "N", "st": "Suplente"}, {"seq": "78", "n": "19555", "vap": "28", "pvap": "   0,17", "e": "N", "st": "Suplente"}, {"seq": "82", "n": "19666", "vap": "24", "pvap": "   0,14", "e": "N", "st": "Suplente"}, {"seq": "99", "n": "19010", "vap": "14", "pvap": "   0,08", "e": "N", "st": "Suplente"}, {"seq": "112", "n": "19111", "vap": "8", "pvap": "   0,05", "e": "N", "st": "Suplente"}, {"seq": "113", "n": "19001", "vap": "8", "pvap": "   0,05", "e": "N", "st": "Suplente"}, {"seq": "155", "n": "33333", "vap": "23", "pvap": "   0,14", "e": "N", "st": "N\u00e3o eleito"}, {"seq": "172", "n": "33777", "vap": "1", "pvap": "   0,01", "e": "N", "st": "N\u00e3o eleito"}, {"seq": "125", "n": "15666", "vap": "4", "pvap": "   0,02", "e": "N", "st": "Suplente"}, {"seq": "133", "n": "15600", "vap": "2", "pvap": "   0,01", "e": "N", "st": "Suplente"}, {"seq": "8", "n": "15444", "vap": "364", "pvap": "   2,16", "e": "S", "st": "Eleito"}, {"seq": "17", "n": "15551", "vap": "279", "pvap": "   1,65", "e": "N", "st": "Suplente"}, {"seq": "20", "n": "15777", "vap": "253", "pvap": "   1,50", "e": "N", "st": "Suplente"}, {"seq": "23", "n": "15123", "vap": "229", "pvap": "   1,36", "e": "N", "st": "Suplente"}, {"seq": "31", "n": "15555", "vap": "188", "pvap": "   1,11", "e": "N", "st": "Suplente"}, {"seq": "43", "n": "15133", "vap": "114", "pvap": "   0,68", "e": "N", "st": "Suplente"}, {"seq": "51", "n": "15415", "vap": "88", "pvap": "   0,52", "e": "N", "st": "Suplente"}, {"seq": "61", "n": "15115", "vap": "57", "pvap": "   0,34", "e": "N", "st": "Suplente"}, {"seq": "64", "n": "15000", "vap": "44", "pvap": "   0,26", "e": "N", "st": "Suplente"}, {"seq": "65", "n": "15888", "vap": "42", "pvap": "   0,25", "e": "N", "st": "Suplente"}, {"seq": "83", "n": "15222", "vap": "23", "pvap": "   0,14", "e": "N", "st": "Suplente"}, {"seq": "98", "n": "15377", "vap": "14", "pvap": "   0,08", "e": "N", "st": "Suplente"}, {"seq": "101", "n": "15321", "vap": "13", "pvap": "   0,08", "e": "N", "st": "Suplente"}, {"seq": "106", "n": "15999", "vap": "10", "pvap": "   0,06", "e": "N", "st": "Suplente"}, {"seq": "114", "n": "15333", "vap": "7", "pvap": "   0,04", "e": "N", "st": "Suplente"}, {"seq": "118", "n": "15852", "vap": "6", "pvap": "   0,04", "e": "N", "st": "Suplente"}, {"seq": "120", "n": "15147", "vap": "6", "pvap": "   0,04", "e": "N", "st": "Suplente"}, {"seq": "148", "n": "17111", "vap": "149", "pvap": "   0,88", "e": "N", "st": "N\u00e3o eleito"}, {"seq": "149", "n": "17000", "vap": "131", "pvap": "   0,78", "e": "N", "st": "N\u00e3o eleito"}, {"seq": "150", "n": "17123", "vap": "105", "pvap": "   0,62", "e": "N", "st": "N\u00e3o eleito"}, {"seq": "151", "n": "17222", "vap": "63", "pvap": "   0,37", "e": "N", "st": "N\u00e3o eleito"}, {"seq": "152", "n": "17777", "vap": "51", "pvap": "   0,30", "e": "N", "st": "N\u00e3o eleito"}, {"seq": "153", "n": "17555", "vap": "32", "pvap": "   0,19", "e": "N", "st": "N\u00e3o eleito"}, {"seq": "156", "n": "17666", "vap": "19", "pvap": "   0,11", "e": "N", "st": "N\u00e3o eleito"}, {"seq": "160", "n": "17333", "vap": "10", "pvap": "   0,06", "e": "N", "st": "N\u00e3o eleito"}, {"seq": "163", "n": "17772", "vap": "7", "pvap": "   0,04", "e": "N", "st": "N\u00e3o eleito"}, {"seq": "164", "n": "17773", "vap": "6", "pvap": "   0,04", "e": "N", "st": "N\u00e3o eleito"}, {"seq": "169", "n": "17456", "vap": "2", "pvap": "   0,01", "e": "N", "st": "N\u00e3o eleito"}, {"seq": "170", "n": "17999", "vap": "2", "pvap": "   0,01", "e": "N", "st": "N\u00e3o eleito"}, {"seq": "175", "n": "17710", "vap": "0", "pvap": "00.00", "e": "N", "st": "N\u00e3o eleito"}, {"seq": "1", "n": "22555", "vap": "927", "pvap": "   5,49", "e": "S", "st": "Eleito"}, {"seq": "2", "n": "22333", "vap": "727", "pvap": "   4,31", "e": "S", "st": "Eleito"}, {"seq": "5", "n": "22222", "vap": "611", "pvap": "   3,62", "e": "S", "st": "Eleito"}, {"seq": "6", "n": "22888", "vap": "425", "pvap": "   2,52", "e": "S", "st": "Eleito"}, {"seq": "15", "n": "22580", "vap": "318", "pvap": "   1,88", "e": "N", "st": "Suplente"}, {"seq": "18", "n": "22000", "vap": "277", "pvap": "   1,64", "e": "N", "st": "Suplente"}, {"seq": "25", "n": "22444", "vap": "210", "pvap": "   1,24", "e": "N", "st": "Suplente"}, {"seq": "35", "n": "22123", "vap": "171", "pvap": "   1,01", "e": "N", "st": "Suplente"}, {"seq": "42", "n": "22666", "vap": "118", "pvap": "   0,70", "e": "N", "st": "Suplente"}, {"seq": "47", "n": "22111", "vap": "101", "pvap": "   0,60", "e": "N", "st": "Suplente"}, {"seq": "70", "n": "22777", "vap": "36", "pvap": "   0,21", "e": "N", "st": "Suplente"}, {"seq": "84", "n": "22999", "vap": "22", "pvap": "   0,13", "e": "N", "st": "Suplente"}, {"seq": "92", "n": "22369", "vap": "17", "pvap": "   0,10", "e": "N", "st": "Suplente"}, {"seq": "119", "n": "22190", "vap": "6", "pvap": "   0,04", "e": "N", "st": "Suplente"}, {"seq": "121", "n": "22789", "vap": "6", "pvap": "   0,04", "e": "N", "st": "Suplente"}, {"seq": "123", "n": "22357", "vap": "4", "pvap": "   0,02", "e": "N", "st": "Suplente"}, {"seq": "127", "n": "70777", "vap": "3", "pvap": "   0,02", "e": "N", "st": "Suplente"}, {"seq": "12", "n": "70123", "vap": "253", "pvap": "   1,50", "e": "S", "st": "Eleito"}, {"seq": "29", "n": "70345", "vap": "205", "pvap": "   1,21", "e": "N", "st": "Suplente"}, {"seq": "38", "n": "70000", "vap": "143", "pvap": "   0,85", "e": "N", "st": "Suplente"}, {"seq": "44", "n": "70222", "vap": "112", "pvap": "   0,66", "e": "N", "st": "Suplente"}, {"seq": "48", "n": "70888", "vap": "96", "pvap": "   0,57", "e": "N", "st": "Suplente"}, {"seq": "60", "n": "70667", "vap": "58", "pvap": "   0,34", "e": "N", "st": "Suplente"}, {"seq": "71", "n": "70333", "vap": "35", "pvap": "   0,21", "e": "N", "st": "Suplente"}, {"seq": "89", "n": "70111", "vap": "19", "pvap": "   0,11", "e": "N", "st": "Suplente"}, {"seq": "91", "n": "70567", "vap": "18", "pvap": "   0,11", "e": "N", "st": "Suplente"}, {"seq": "110", "n": "70331", "vap": "9", "pvap": "   0,05", "e": "N", "st": "Suplente"}, {"seq": "111", "n": "70223", "vap": "8", "pvap": "   0,05", "e": "N", "st": "Suplente"}, {"seq": "117", "n": "70007", "vap": "7", "pvap": "   0,04", "e": "N", "st": "Suplente"}, {"seq": "122", "n": "70555", "vap": "4", "pvap": "   0,02", "e": "N", "st": "Suplente"}, {"seq": "146", "n": "90000", "vap": "221", "pvap": "   1,31", "e": "N", "st": "N\u00e3o eleito"}, {"seq": "147", "n": "90123", "vap": "212", "pvap": "   1,26", "e": "N", "st": "N\u00e3o eleito"}, {"seq": "154", "n": "90193", "vap": "31", "pvap": "   0,18", "e": "N", "st": "N\u00e3o eleito"}, {"seq": "157", "n": "90777", "vap": "14", "pvap": "   0,08", "e": "N", "st": "N\u00e3o eleito"}, {"seq": "158", "n": "90789", "vap": "11", "pvap": "   0,07", "e": "N", "st": "N\u00e3o eleito"}, {"seq": "161", "n": "90555", "vap": "10", "pvap": "   0,06", "e": "N", "st": "N\u00e3o eleito"}, {"seq": "166", "n": "90888", "vap": "4", "pvap": "   0,02", "e": "N", "st": "N\u00e3o eleito"}, {"seq": "167", "n": "90999", "vap": "4", "pvap": "   0,02", "e": "N", "st": "N\u00e3o eleito"}, {"seq": "171", "n": "90444", "vap": "1", "pvap": "   0,01", "e": "N", "st": "N\u00e3o eleito"}, {"seq": "173", "n": "90111", "vap": "0", "pvap": "00.00", "e": "N", "st": "N\u00e3o eleito"}, {"seq": "159", "n": "65111", "vap": "11", "pvap": "   0,07", "e": "N", "st": "N\u00e3o eleito"}, {"seq": "162", "n": "65333", "vap": "8", "pvap": "   0,05", "e": "N", "st": "N\u00e3o eleito"}, {"seq": "165", "n": "65123", "vap": "5", "pvap": "   0,03", "e": "N", "st": "N\u00e3o eleito"}, {"seq": "168", "n": "65888", "vap": "2", "pvap": "   0,01", "e": "N", "st": "N\u00e3o eleito"}, {"seq": "174", "n": "65444", "vap": "0", "pvap": "00.00", "e": "N", "st": "N\u00e3o eleito"}]}]}