{"ele": "426", "carper": "13", "t": "1", "f": "O", "esae": "N", "mnae": " ", "dg": "15/11/2020", "hg": "22:38:56", "dv": "S", "nadf": "am02992-c0013-e000426-002-f", "abr": [{"dt": "15/11/2020", "ht": "21:16:14", "tf": "S", "and": "F", "tpabr": "MU", "cdabr": "02992", "s": "24", "st": "24", "snt": "0", "si": "24", "sni": "0", "sa": "24", "sna": "0", "pst": " 100,00", "psnt": "   0,00", "psi": " 100,00", "psni": "   0,00", "psa": " 100,00", "psna": "   0,00", "e": "8966", "ea": "8966", "ena": "0", "esi": "8966", "esni": "0", "c": "7473", "a": "1493", "pea": " 100,00", "pena": "   0,00", "pesi": " 100,00", "pesni": "   0,00", "pa": "  16,65", "pc": "  83,35", "vscv": "0", "vnom": "7093", "vl": "222", "tv": "7473", "vvc": "7315", "vb": "26", "tvn": "132", "vn": "132", "vnt": "0", "vp": "0", "vv": "7315", "van": "0", "vansj": "0", "pvnom": "  96,97", "pvl": "   3,03", "pvvc": "  97,89", "pvb": "   0,34", "ptvn": "   1,77", "pvn": " 100,00", "pvnt": "   0,00", "pvp": "   0,00", "pvv": " 100,00", "pvan": "   0,00", "pvansj": "   0,00", "colig": [{"n": "40000128785", "tvtn": "1649", "tvan": "1649", "vag": "2", "tvtl": "22", "tval": "22"}, {"n": "40000088774", "tvtn": "567", "tvan": "567", "vag": "1", "tvtl": "10", "tval": "10"}, {"n": "40000125467", "tvtn": "2069", "tvan": "2069", "vag": "3", "tvtl": "101", "tval": "101"}, {"n": "40000129038", "tvtn": "1273", "tvan": "1273", "vag": "2", "tvtl": "15", "tval": "15"}, {"n": "40000130101", "tvtn": "441", "tvan": "441", "vag": "0", "tvtl": "6", "tval": "6"}, {"n": "40000088240", "tvtn": "555", "tvan": "555", "vag": "1", "tvtl": "61", "tval": "61"}, {"n": "40000095014", "tvtn": "539", "tvan": "539", "vag": "0", "tvtl": "7", "tval": "7"}], "part": [{"n": "90", "tvtn": "1649", "tvan": "1649", "tvtl": "22", "tval": "22"}, {"n": "55", "tvtn": "567", "tvan": "567", "tvtl": "10", "tval": "10"}, {"n": "20", "tvtn": "2069", "tvan": "2069", "tvtl": "101", "tval": "101"}, {"n": "14", "tvtn": "1273", "tvan": "1273", "tvtl": "15", "tval": "15"}, {"n": "15", "tvtn": "441", "tvan": "441", "tvtl": "6", "tval": "6"}, {"n": "11", "tvtn": "555", "tvan": "555", "tvtl": "61", "tval": "61"}, {"n": "10", "tvtn": "539", "tvan": "539", "tvtl": "7", "tval": "7"}], "cand": [{"seq": "15", "n": "90321", "vap": "162", "pvap": "   2,21", "e": "N", "st": "Suplente"}, {"seq": "31", "n": "90789", "vap": "72", "pvap": "   0,98", "e": "N", "st": "Suplente"}, {"seq": "10", "n": "90147", "vap": "234", "pvap": "   3,20", "e": "N", "st": "Suplente"}, {"seq": "16", "n": "90999", "vap": "157", "pvap": "   2,15", "e": "N", "st": "Suplente"}, {"seq": "39", "n": "90666", "vap": "48", "pvap": "   0,66", "e": "N", "st": "Suplente"}, {"seq": "3", "n": "90123", "vap": "335", "pvap": "   4,58", "e": "S", "st": "Eleito"}, {"seq": "1", "n": "90555", "vap": "384", "pvap": "   5,25", "e": "S", "st": "Eleito"}, {"seq": "41", "n": "90222", "vap": "42", "pvap": "   0,57", "e": "N", "st": "Suplente"}, {"seq": "38", "n": "90567", "vap": "50", "pvap": "   0,68", "e": "N", "st": "Suplente"}, {"seq": "34", "n": "90122", "vap": "63", "pvap": "   0,86", "e": "N", "st": "Suplente"}, {"seq": "47", "n": "90363", "vap": "23", "pvap": "   0,31", "e": "N", "st": "Suplente"}, {"seq": "35", "n": "90456", "vap": "61", "pvap": "   0,83", "e": "N", "st": "Suplente"}, {"seq": "51", "n": "90234", "vap": "18", "pvap": "   0,25", "e": "N", "st": "Suplente"}, {"seq": "40", "n": "55149", "vap": "44", "pvap": "   0,60", "e": "N", "st": "Suplente"}, {"seq": "57", "n": "55000", "vap": "5", "pvap": "   0,07", "e": "N", "st": "Suplente"}, {"seq": "20", "n": "55555", "vap": "113", "pvap": "   1,54", "e": "N", "st": "Suplente"}, {"seq": "8", "n": "55223", "vap": "185", "pvap": "   2,53", "e": "S", "st": "Eleito"}, {"seq": "23", "n": "55234", "vap": "108", "pvap": "   1,48", "e": "N", "st": "Suplente"}, {"seq": "55", "n": "55455", "vap": "9", "pvap": "   0,12", "e": "N", "st": "Suplente"}, {"seq": "63", "n": "55456", "vap": "1", "pvap": "   0,01", "e": "N", "st": "Suplente"}, {"seq": "26", "n": "55123", "vap": "79", "pvap": "   1,08", "e": "N", "st": "Suplente"}, {"seq": "62", "n": "55333", "vap": "1", "pvap": "   0,01", "e": "N", "st": "Suplente"}, {"seq": "64", "n": "55011", "vap": "0", "pvap": "00.00", "e": "N", "st": "Suplente"}, {"seq": "61", "n": "55222", "vap": "2", "pvap": "   0,03", "e": "N", "st": "Suplente"}, {"seq": "49", "n": "55567", "vap": "20", "pvap": "   0,27", "e": "N", "st": "Suplente"}, {"seq": "44", "n": "20201", "vap": "26", "pvap": "   0,36", "e": "N", "st": "Suplente"}, {"seq": "21", "n": "20006", "vap": "109", "pvap": "   1,49", "e": "N", "st": "Suplente"}, {"seq": "25", "n": "20222", "vap": "91", "pvap": "   1,24", "e": "N", "st": "Suplente"}, {"seq": "2", "n": "20333", "vap": "345", "pvap": "   4,72", "e": "S", "st": "Eleito"}, {"seq": "58", "n": "20020", "vap": "4", "pvap": "   0,05", "e": "N", "st": "Suplente"}, {"seq": "33", "n": "20777", "vap": "68", "pvap": "   0,93", "e": "N", "st": "Suplente"}, {"seq": "11", "n": "20234", "vap": "231", "pvap": "   3,16", "e": "N", "st": "Suplente"}, {"seq": "12", "n": "20236", "vap": "213", "pvap": "   2,91", "e": "N", "st": "Suplente"}, {"seq": "14", "n": "20346", "vap": "197", "pvap": "   2,69", "e": "N", "st": "Suplente"}, {"seq": "24", "n": "20345", "vap": "102", "pvap": "   1,39", "e": "N", "st": "Suplente"}, {"seq": "22", "n": "20456", "vap": "108", "pvap": "   1,48", "e": "N", "st": "Suplente"}, {"seq": "5", "n": "20123", "vap": "268", "pvap": "   3,66", "e": "S", "st": "Eleito"}, {"seq": "65", "n": "20678", "vap": "0", "pvap": "00.00", "e": "N", "st": "Suplente"}, {"seq": "4", "n": "20789", "vap": "307", "pvap": "   4,20", "e": "S", "st": "Eleito"}, {"seq": "27", "n": "14120", "vap": "79", "pvap": "   1,08", "e": "N", "st": "Suplente"}, {"seq": "6", "n": "14123", "vap": "204", "pvap": "   2,79", "e": "S", "st": "Eleito"}, {"seq": "37", "n": "14789", "vap": "51", "pvap": "   0,70", "e": "N", "st": "Suplente"}, {"seq": "43", "n": "14777", "vap": "27", "pvap": "   0,37", "e": "N", "st": "Suplente"}, {"seq": "50", "n": "14322", "vap": "19", "pvap": "   0,26", "e": "N", "st": "Suplente"}, {"seq": "29", "n": "14678", "vap": "76", "pvap": "   1,04", "e": "N", "st": "Suplente"}, {"seq": "7", "n": "14234", "vap": "203", "pvap": "   2,78", "e": "S", "st": "Eleito"}, {"seq": "36", "n": "14555", "vap": "58", "pvap": "   0,79", "e": "N", "st": "Suplente"}, {"seq": "28", "n": "14666", "vap": "78", "pvap": "   1,07", "e": "N", "st": "Suplente"}, {"seq": "19", "n": "14222", "vap": "118", "pvap": "   1,61", "e": "N", "st": "Suplente"}, {"seq": "13", "n": "14610", "vap": "199", "pvap": "   2,72", "e": "N", "st": "Suplente"}, {"seq": "45", "n": "14567", "vap": "24", "pvap": "   0,33", "e": "N", "st": "Suplente"}, {"seq": "18", "n": "14333", "vap": "137", "pvap": "   1,87", "e": "N", "st": "Suplente"}, {"seq": "84", "n": "15197", "vap": "0", "pvap": "00.00", "e": "N", "st": "N\u00e3o eleito"}, {"seq": "75", "n": "15789", "vap": "32", "pvap": "   0,44", "e": "N", "st": "N\u00e3o eleito"}, {"seq": "79", "n": "15610", "vap": "8", "pvap": "   0,11", "e": "N", "st": "N\u00e3o eleito"}, {"seq": "66", "n": "15222", "vap": "184", "pvap": "   2,52", "e": "N", "st": "N\u00e3o eleito"}, {"seq": "77", "n": "15651", "vap": "19", "pvap": "   0,26", "e": "N", "st": "N\u00e3o eleito"}, {"seq": "76", "n": "15555", "vap": "32", "pvap": "   0,44", "e": "N", "st": "N\u00e3o eleito"}, {"seq": "83", "n": "15111", "vap": "0", "pvap": "00.00", "e": "N", "st": "N\u00e3o eleito"}, {"seq": "67", "n": "15666", "vap": "134", "pvap": "   1,83", "e": "N", "st": "N\u00e3o eleito"}, {"seq": "74", "n": "15123", "vap": "32", "pvap": "   0,44", "e": "N", "st": "N\u00e3o eleito"}, {"seq": "46", "n": "11777", "vap": "24", "pvap": "   0,33", "e": "N", "st": "Suplente"}, {"seq": "30", "n": "11000", "vap": "73", "pvap": "   1,00", "e": "N", "st": "Suplente"}, {"seq": "52", "n": "11225", "vap": "14", "pvap": "   0,19", "e": "N", "st": "Suplente"}, {"seq": "60", "n": "11722", "vap": "2", "pvap": "   0,03", "e": "N", "st": "Suplente"}, {"seq": "54", "n": "11333", "vap": "10", "pvap": "   0,14", "e": "N", "st": "Suplente"}, {"seq": "9", "n": "11555", "vap": "148", "pvap": "   2,02", "e": "S", "st": "Eleito"}, {"seq": "59", "n": "11444", "vap": "3", "pvap": "   0,04", "e": "N", "st": "Suplente"}, {"seq": "42", "n": "11111", "vap": "31", "pvap": "   0,42", "e": "N", "st": "Suplente"}, {"seq": "56", "n": "11222", "vap": "5", "pvap": "   0,07", "e": "N", "st": "Suplente"}, {"seq": "53", "n": "11711", "vap": "11", "pvap": "   0,15", "e": "N", "st": "Suplente"}, {"seq": "17", "n": "11666", "vap": "144", "pvap": "   1,97", "e": "N", "st": "Suplente"}, {"seq": "48", "n": "11678", "vap": "21", "pvap": "   0,29", "e": "N", "st": "Suplente"}, {"seq": "32", "n": "11123", "vap": "69", "pvap": "   0,94", "e": "N", "st": "Suplente"}, {"seq": "80", "n": "10201", "vap": "6", "pvap": "   0,08", "e": "N", "st": "N\u00e3o eleito"}, {"seq": "72", "n": "10333", "vap": "64", "pvap": "   0,87", "e": "N", "st": "N\u00e3o eleito"}, {"seq": "68", "n": "10123", "vap": "115", "pvap": "   1,57", "e": "N", "st": "N\u00e3o eleito"}, {"seq": "71", "n": "10111", "vap": "79", "pvap": "   1,08", "e": "N", "st": "N\u00e3o eleito"}, {"seq": "78", "n": "10124", "vap": "12", "pvap": "   0,16", "e": "N", "st": "N\u00e3o eleito"}, {"seq": "81", "n": "10411", "vap": "6", "pvap": "   0,08", "e": "N", "st": "N\u00e3o eleito"}, {"seq": "73", "n": "10456", "vap": "49", "pvap": "   0,67", "e": "N", "st": "N\u00e3o eleito"}, {"seq": "70", "n": "10222", "vap": "101", "pvap": "   1,38", "e": "N", "st": "N\u00e3o eleito"}, {"seq": "69", "n": "10234", "vap": "105", "pvap": "   1,44", "e": "N", "st": "N\u00e3o eleito"}, {"seq": "82", "n": "10110", "vap": "2", "pvap": "   0,03", "e": "N", "st": "N\u00e3o eleito"}]}, {"dt": "15/11/2020", "ht": "21:16:14", "tf": "S", "and": "F", "tpabr": "ZONA", "cdabr": "6", "s": "24", "st": "24", "snt": "0", "si": "24", "sni": "0", "sa": "24", "sna": "0", "pst": " 100,00", "psnt": "   0,00", "psi": " 100,00", "psni": "   0,00", "psa": " 100,00", "psna": "   0,00", "e": "8966", "ea": "8966", "ena": "0", "esi": "8966", "esni": "0", "a": "1493", "c": "7473", "pea": " 100,00", "pena": "   0,00", "pesi": " 100,00", "pesni": "   0,00", "pa": "  16,65", "pc": "  83,35", "vnom": "7093", "vscv": "0", "vl": "222", "tv": "7473", "vvc": "7315", "vb": "26", "tvn": "132", "vn": "132", "vnt": "0", "vp": "0", "vv": "7315", "van": "0", "vansj": "0", "pvnom": "  96,97", "pvl": "   3,03", "pvvc": "  97,89", "pvb": "   0,34", "ptvn": "   1,77", "pvn": " 100,00", "pvnt": "   0,00", "pvp": "   0,00", "pvv": " 100,00", "pvan": "   0,00", "pvansj": "   0,00", "cand": [{"seq": "6", "n": "14123", "vap": "204", "pvap": "   2,79", "e": "S", "st": "Eleito"}, {"seq": "7", "n": "14234", "vap": "203", "pvap": "   2,78", "e": "S", "st": "Eleito"}, {"seq": "13", "n": "14610", "vap": "199", "pvap": "   2,72", "e": "N", "st": "Suplente"}, {"seq": "18", "n": "14333", "vap": "137", "pvap": "   1,87", "e": "N", "st": "Suplente"}, {"seq": "19", "n": "14222", "vap": "118", "pvap": "   1,61", "e": "N", "st": "Suplente"}, {"seq": "27", "n": "14120", "vap": "79", "pvap": "   1,08", "e": "N", "st": "Suplente"}, {"seq": "28", "n": "14666", "vap": "78", "pvap": "   1,07", "e": "N", "st": "Suplente"}, {"seq": "29", "n": "14678", "vap": "76", "pvap": "   1,04", "e": "N", "st": "Suplente"}, {"seq": "36", "n": "14555", "vap": "58", "pvap": "   0,79", "e": "N", "st": "Suplente"}, {"seq": "37", "n": "14789", "vap": "51", "pvap": "   0,70", "e": "N", "st": "Suplente"}, {"seq": "43", "n": "14777", "vap": "27", "pvap": "   0,37", "e": "N", "st": "Suplente"}, {"seq": "45", "n": "14567", "vap": "24", "pvap": "   0,33", "e": "N", "st": "Suplente"}, {"seq": "50", "n": "14322", "vap": "19", "pvap": "   0,26", "e": "N", "st": "Suplente"}, {"seq": "1", "n": "90555", "vap": "384", "pvap": "   5,25", "e": "S", "st": "Eleito"}, {"seq": "3", "n": "90123", "vap": "335", "pvap": "   4,58", "e": "S", "st": "Eleito"}, {"seq": "10", "n": "90147", "vap": "234", "pvap": "   3,20", "e": "N", "st": "Suplente"}, {"seq": "15", "n": "90321", "vap": "162", "pvap": "   2,21", "e": "N", "st": "Suplente"}, {"seq": "16", "n": "90999", "vap": "157", "pvap": "   2,15", "e": "N", "st": "Suplente"}, {"seq": "31", "n": "90789", "vap": "72", "pvap": "   0,98", "e": "N", "st": "Suplente"}, {"seq": "34", "n": "90122", "vap": "63", "pvap": "   0,86", "e": "N", "st": "Suplente"}, {"seq": "35", "n": "90456", "vap": "61", "pvap": "   0,83", "e": "N", "st": "Suplente"}, {"seq": "38", "n": "90567", "vap": "50", "pvap": "   0,68", "e": "N", "st": "Suplente"}, {"seq": "39", "n": "90666", "vap": "48", "pvap": "   0,66", "e": "N", "st": "Suplente"}, {"seq": "41", "n": "90222", "vap": "42", "pvap": "   0,57", "e": "N", "st": "Suplente"}, {"seq": "47", "n": "90363", "vap": "23", "pvap": "   0,31", "e": "N", "st": "Suplente"}, {"seq": "51", "n": "90234", "vap": "18", "pvap": "   0,25", "e": "N", "st": "Suplente"}, {"seq": "66", "n": "15222", "vap": "184", "pvap": "   2,52", "e": "N", "st": "N\u00e3o eleito"}, {"seq": "67", "n": "15666", "vap": "134", "pvap": "   1,83", "e": "N", "st": "N\u00e3o eleito"}, {"seq": "74", "n": "15123", "vap": "32", "pvap": "   0,44", "e": "N", "st": "N\u00e3o eleito"}, {"seq": "75", "n": "15789", "vap": "32", "pvap": "   0,44", "e": "N", "st": "N\u00e3o eleito"}, {"seq": "76", "n": "15555", "vap": "32", "pvap": "   0,44", "e": "N", "st": "N\u00e3o eleito"}, {"seq": "77", "n": "15651", "vap": "19", "pvap": "   0,26", "e": "N", "st": "N\u00e3o eleito"}, {"seq": "79", "n": "15610", "vap": "8", "pvap": "   0,11", "e": "N", "st": "N\u00e3o eleito"}, {"seq": "83", "n": "15111", "vap": "0", "pvap": "00.00", "e": "N", "st": "N\u00e3o eleito"}, {"seq": "84", "n": "15197", "vap": "0", "pvap": "00.00", "e": "N", "st": "N\u00e3o eleito"}, {"seq": "9", "n": "11555", "vap": "148", "pvap": "   2,02", "e": "S", "st": "Eleito"}, {"seq": "17", "n": "11666", "vap": "144", "pvap": "   1,97", "e": "N", "st": "Suplente"}, {"seq": "30", "n": "11000", "vap": "73", "pvap": "   1,00", "e": "N", "st": "Suplente"}, {"seq": "32", "n": "11123", "vap": "69", "pvap": "   0,94", "e": "N", "st": "Suplente"}, {"seq": "42", "n": "11111", "vap": "31", "pvap": "   0,42", "e": "N", "st": "Suplente"}, {"seq": "46", "n": "11777", "vap": "24", "pvap": "   0,33", "e": "N", "st": "Suplente"}, {"seq": "48", "n": "11678", "vap": "21", "pvap": "   0,29", "e": "N", "st": "Suplente"}, {"seq": "52", "n": "11225", "vap": "14", "pvap": "   0,19", "e": "N", "st": "Suplente"}, {"seq": "53", "n": "11711", "vap": "11", "pvap": "   0,15", "e": "N", "st": "Suplente"}, {"seq": "54", "n": "11333", "vap": "10", "pvap": "   0,14", "e": "N", "st": "Suplente"}, {"seq": "56", "n": "11222", "vap": "5", "pvap": "   0,07", "e": "N", "st": "Suplente"}, {"seq": "59", "n": "11444", "vap": "3", "pvap": "   0,04", "e": "N", "st": "Suplente"}, {"seq": "60", "n": "11722", "vap": "2", "pvap": "   0,03", "e": "N", "st": "Suplente"}, {"seq": "8", "n": "55223", "vap": "185", "pvap": "   2,53", "e": "S", "st": "Eleito"}, {"seq": "20", "n": "55555", "vap": "113", "pvap": "   1,54", "e": "N", "st": "Suplente"}, {"seq": "23", "n": "55234", "vap": "108", "pvap": "   1,48", "e": "N", "st": "Suplente"}, {"seq": "26", "n": "55123", "vap": "79", "pvap": "   1,08", "e": "N", "st": "Suplente"}, {"seq": "40", "n": "55149", "vap": "44", "pvap": "   0,60", "e": "N", "st": "Suplente"}, {"seq": "49", "n": "55567", "vap": "20", "pvap": "   0,27", "e": "N", "st": "Suplente"}, {"seq": "55", "n": "55455", "vap": "9", "pvap": "   0,12", "e": "N", "st": "Suplente"}, {"seq": "57", "n": "55000", "vap": "5", "pvap": "   0,07", "e": "N", "st": "Suplente"}, {"seq": "61", "n": "55222", "vap": "2", "pvap": "   0,03", "e": "N", "st": "Suplente"}, {"seq": "62", "n": "55333", "vap": "1", "pvap": "   0,01", "e": "N", "st": "Suplente"}, {"seq": "63", "n": "55456", "vap": "1", "pvap": "   0,01", "e": "N", "st": "Suplente"}, {"seq": "64", "n": "55011", "vap": "0", "pvap": "00.00", "e": "N", "st": "Suplente"}, {"seq": "68", "n": "10123", "vap": "115", "pvap": "   1,57", "e": "N", "st": "N\u00e3o eleito"}, {"seq": "69", "n": "10234", "vap": "105", "pvap": "   1,44", "e": "N", "st": "N\u00e3o eleito"}, {"seq": "70", "n": "10222", "vap": "101", "pvap": "   1,38", "e": "N", "st": "N\u00e3o eleito"}, {"seq": "71", "n": "10111", "vap": "79", "pvap": "   1,08", "e": "N", "st": "N\u00e3o eleito"}, {"seq": "72", "n": "10333", "vap": "64", "pvap": "   0,87", "e": "N", "st": "N\u00e3o eleito"}, {"seq": "73", "n": "10456", "vap": "49", "pvap": "   0,67", "e": "N", "st": "N\u00e3o eleito"}, {"seq": "78", "n": "10124", "vap": "12", "pvap": "   0,16", "e": "N", "st": "N\u00e3o eleito"}, {"seq": "80", "n": "10201", "vap": "6", "pvap": "   0,08", "e": "N", "st": "N\u00e3o eleito"}, {"seq": "81", "n": "10411", "vap": "6", "pvap": "   0,08", "e": "N", "st": "N\u00e3o eleito"}, {"seq": "82", "n": "10110", "vap": "2", "pvap": "   0,03", "e": "N", "st": "N\u00e3o eleito"}, {"seq": "2", "n": "20333", "vap": "345", "pvap": "   4,72", "e": "S", "st": "Eleito"}, {"seq": "4", "n": "20789", "vap": "307", "pvap": "   4,20", "e": "S", "st": "Eleito"}, {"seq": "5", "n": "20123", "vap": "268", "pvap": "   3,66", "e": "S", "st": "Eleito"}, {"seq": "11", "n": "20234", "vap": "231", "pvap": "   3,16", "e": "N", "st": "Suplente"}, {"seq": "12", "n": "20236", "vap": "213", "pvap": "   2,91", "e": "N", "st": "Suplente"}, {"seq": "14", "n": "20346", "vap": "197", "pvap": "   2,69", "e": "N", "st": "Suplente"}, {"seq": "21", "n": "20006", "vap": "109", "pvap": "   1,49", "e": "N", "st": "Suplente"}, {"seq": "22", "n": "20456", "vap": "108", "pvap": "   1,48", "e": "N", "st": "Suplente"}, {"seq": "24", "n": "20345", "vap": "102", "pvap": "   1,39", "e": "N", "st": "Suplente"}, {"seq": "25", "n": "20222", "vap": "91", "pvap": "   1,24", "e": "N", "st": "Suplente"}, {"seq": "33", "n": "20777", "vap": "68", "pvap": "   0,93", "e": "N", "st": "Suplente"}, {"seq": "44", "n": "20201", "vap": "26", "pvap": "   0,36", "e": "N", "st": "Suplente"}, {"seq": "58", "n": "20020", "vap": "4", "pvap": "   0,05", "e": "N", "st": "Suplente"}, {"seq": "65", "n": "20678", "vap": "0", "pvap": "00.00", "e": "N", "st": "Suplente"}]}]}