{"ele": "426", "carper": "13", "t": "1", "f": "O", "esae": "N", "mnae": " ", "dg": "15/11/2020", "hg": "22:13:56", "dv": "S", "nadf": "am02291-c0013-e000426-003-f", "abr": [{"dt": "15/11/2020", "ht": "21:05:54", "tf": "S", "and": "F", "tpabr": "MU", "cdabr": "02291", "s": "57", "st": "57", "snt": "0", "si": "57", "sni": "0", "sa": "57", "sna": "0", "pst": " 100,00", "psnt": "   0,00", "psi": " 100,00", "psni": "   0,00", "psa": " 100,00", "psna": "   0,00", "e": "22381", "ea": "22381", "ena": "0", "esi": "22381", "esni": "0", "c": "16453", "a": "5928", "pea": " 100,00", "pena": "   0,00", "pesi": " 100,00", "pesni": "   0,00", "pa": "  26,49", "pc": "  73,51", "vscv": "0", "vnom": "14692", "vl": "860", "tv": "16453", "vvc": "15702", "vb": "110", "tvn": "641", "vn": "641", "vnt": "0", "vp": "0", "vv": "15552", "van": "0", "vansj": "150", "pvnom": "  94,47", "pvl": "   5,53", "pvvc": "  95,44", "pvb": "   0,66", "ptvn": "   3,90", "pvn": " 100,00", "pvnt": "   0,00", "pvp": "   0,00", "pvv": "  99,04", "pvan": "   0,00", "pvansj": "   0,96", "colig": [{"n": "40000155079", "tvtn": "912", "tvan": "953", "vag": "1", "tvtl": "23", "tval": "23"}, {"n": "40000130577", "tvtn": "150", "tvan": "150", "vag": "0", "tvtl": "6", "tval": "6"}, {"n": "40000063449", "tvtn": "4041", "tvan": "4041", "vag": "4", "tvtl": "166", "tval": "166"}, {"n": "40000063573", "tvtn": "3751", "tvan": "3751", "vag": "4", "tvtl": "297", "tval": "297"}, {"n": "40000130304", "tvtn": "454", "tvan": "454", "vag": "0", "tvtl": "24", "tval": "24"}, {"n": "40000059081", "tvtn": "3057", "tvan": "3057", "vag": "3", "tvtl": "103", "tval": "103"}, {"n": "40000063584", "tvtn": "932", "tvan": "932", "vag": "0", "tvtl": "28", "tval": "28"}, {"n": "40000154790", "tvtn": "1114", "tvan": "1209", "vag": "1", "tvtl": "171", "tval": "171"}, {"n": "40000129961", "tvtn": "281", "tvan": "295", "vag": "0", "tvtl": "42", "tval": "42"}], "part": [{"n": "15", "tvtn": "912", "tvan": "953", "tvtl": "23", "tval": "23"}, {"n": "90", "tvtn": "150", "tvan": "150", "tvtl": "6", "tval": "6"}, {"n": "22", "tvtn": "4041", "tvan": "4041", "tvtl": "166", "tval": "166"}, {"n": "25", "tvtn": "3751", "tvan": "3751", "tvtl": "297", "tval": "297"}, {"n": "70", "tvtn": "454", "tvan": "454", "tvtl": "24", "tval": "24"}, {"n": "23", "tvtn": "3057", "tvan": "3057", "tvtl": "103", "tval": "103"}, {"n": "43", "tvtn": "932", "tvan": "932", "tvtl": "28", "tval": "28"}, {"n": "20", "tvtn": "1114", "tvan": "1209", "tvtl": "171", "tval": "171"}, {"n": "10", "tvtn": "281", "tvan": "295", "tvtl": "42", "tval": "42"}], "cand": [{"seq": "68", "n": "15000", "vap": "9", "pvap": "   0,06", "e": "N", "st": "Suplente"}, {"seq": "76", "n": "15234", "vap": "3", "pvap": "   0,02", "e": "N", "st": "Suplente"}, {"seq": "81", "n": "15722", "vap": "1", "pvap": "   0,01", "e": "N", "st": "Suplente"}, {"seq": "49", "n": "15777", "vap": "43", "pvap": "   0,27", "e": "N", "st": "Suplente"}, {"seq": "63", "n": "15333", "vap": "15", "pvap": "   0,10", "e": "N", "st": "Suplente"}, {"seq": "89", "n": "15444", "vap": "0", "pvap": "00.00", "e": "N", "st": "Suplente"}, {"seq": "88", "n": "15115", "vap": "0", "pvap": "00.00", "e": "N", "st": "Suplente"}, {"seq": "67", "n": "15678", "vap": "12", "pvap": "   0,08", "e": "N", "st": "Suplente"}, {"seq": "75", "n": "15222", "vap": "5", "pvap": "   0,03", "e": "N", "st": "Suplente"}, {"seq": "74", "n": "15330", "vap": "5", "pvap": "   0,03", "e": "N", "st": "Suplente"}, {"seq": "9", "n": "15666", "vap": "398", "pvap": "   2,53", "e": "S", "st": "Eleito"}, {"seq": "48", "n": "15999", "vap": "44", "pvap": "   0,28", "e": "N", "st": "Suplente"}, {"seq": "70", "n": "15220", "vap": "8", "pvap": "   0,05", "e": "N", "st": "Suplente"}, {"seq": "90", "n": "15445", "vap": "0", "pvap": "00.00", "e": "N", "st": "Suplente"}, {"seq": "87", "n": "15855", "vap": "0", "pvap": "00.00", "e": "N", "st": "Suplente"}, {"seq": "109", "n": "15111", "vap": "41", "pvap": "   0,26", "e": "N", "st": "N\u00e3o eleito"}, {"seq": "91", "n": "15124", "vap": "0", "pvap": "00.00", "e": "N", "st": "Suplente"}, {"seq": "92", "n": "15123", "vap": "0", "pvap": "00.00", "e": "N", "st": "Suplente"}, {"seq": "16", "n": "15555", "vap": "351", "pvap": "   2,24", "e": "N", "st": "Suplente"}, {"seq": "58", "n": "15888", "vap": "18", "pvap": "   0,11", "e": "N", "st": "Suplente"}, {"seq": "110", "n": "90123", "vap": "40", "pvap": "   0,25", "e": "N", "st": "N\u00e3o eleito"}, {"seq": "120", "n": "90777", "vap": "17", "pvap": "   0,11", "e": "N", "st": "N\u00e3o eleito"}, {"seq": "104", "n": "90000", "vap": "78", "pvap": "   0,50", "e": "N", "st": "N\u00e3o eleito"}, {"seq": "121", "n": "90111", "vap": "15", "pvap": "   0,10", "e": "N", "st": "N\u00e3o eleito"}, {"seq": "42", "n": "22123", "vap": "63", "pvap": "   0,40", "e": "N", "st": "Suplente"}, {"seq": "56", "n": "22122", "vap": "24", "pvap": "   0,15", "e": "N", "st": "Suplente"}, {"seq": "21", "n": "22044", "vap": "243", "pvap": "   1,55", "e": "N", "st": "Suplente"}, {"seq": "27", "n": "22555", "vap": "184", "pvap": "   1,17", "e": "N", "st": "Suplente"}, {"seq": "72", "n": "22330", "vap": "7", "pvap": "   0,04", "e": "N", "st": "Suplente"}, {"seq": "44", "n": "22888", "vap": "49", "pvap": "   0,31", "e": "N", "st": "Suplente"}, {"seq": "73", "n": "22022", "vap": "5", "pvap": "   0,03", "e": "N", "st": "Suplente"}, {"seq": "1", "n": "22111", "vap": "828", "pvap": "   5,27", "e": "S", "st": "Eleito"}, {"seq": "54", "n": "22225", "vap": "29", "pvap": "   0,18", "e": "N", "st": "Suplente"}, {"seq": "6", "n": "22444", "vap": "537", "pvap": "   3,42", "e": "S", "st": "Eleito"}, {"seq": "3", "n": "22222", "vap": "579", "pvap": "   3,69", "e": "S", "st": "Eleito"}, {"seq": "30", "n": "22999", "vap": "142", "pvap": "   0,90", "e": "N", "st": "Suplente"}, {"seq": "79", "n": "22000", "vap": "2", "pvap": "   0,01", "e": "N", "st": "Suplente"}, {"seq": "50", "n": "22777", "vap": "38", "pvap": "   0,24", "e": "N", "st": "Suplente"}, {"seq": "17", "n": "22223", "vap": "324", "pvap": "   2,06", "e": "N", "st": "Suplente"}, {"seq": "40", "n": "22355", "vap": "69", "pvap": "   0,44", "e": "N", "st": "Suplente"}, {"seq": "43", "n": "22991", "vap": "51", "pvap": "   0,32", "e": "N", "st": "Suplente"}, {"seq": "14", "n": "22522", "vap": "361", "pvap": "   2,30", "e": "N", "st": "Suplente"}, {"seq": "7", "n": "22333", "vap": "506", "pvap": "   3,22", "e": "S", "st": "Eleito"}, {"seq": "15", "n": "25888", "vap": "354", "pvap": "   2,25", "e": "N", "st": "Suplente"}, {"seq": "45", "n": "25223", "vap": "47", "pvap": "   0,30", "e": "N", "st": "Suplente"}, {"seq": "20", "n": "25555", "vap": "282", "pvap": "   1,80", "e": "N", "st": "Suplente"}, {"seq": "18", "n": "25800", "vap": "323", "pvap": "   2,06", "e": "N", "st": "Suplente"}, {"seq": "71", "n": "25500", "vap": "7", "pvap": "   0,04", "e": "N", "st": "Suplente"}, {"seq": "10", "n": "25777", "vap": "394", "pvap": "   2,51", "e": "S", "st": "Eleito"}, {"seq": "8", "n": "25666", "vap": "480", "pvap": "   3,06", "e": "S", "st": "Eleito"}, {"seq": "85", "n": "25005", "vap": "0", "pvap": "00.00", "e": "N", "st": "Suplente"}, {"seq": "53", "n": "25222", "vap": "31", "pvap": "   0,20", "e": "N", "st": "Suplente"}, {"seq": "66", "n": "25678", "vap": "13", "pvap": "   0,08", "e": "N", "st": "Suplente"}, {"seq": "78", "n": "25000", "vap": "3", "pvap": "   0,02", "e": "N", "st": "Suplente"}, {"seq": "11", "n": "25999", "vap": "369", "pvap": "   2,35", "e": "S", "st": "Eleito"}, {"seq": "37", "n": "25522", "vap": "84", "pvap": "   0,53", "e": "N", "st": "Suplente"}, {"seq": "39", "n": "25900", "vap": "81", "pvap": "   0,52", "e": "N", "st": "Suplente"}, {"seq": "31", "n": "25444", "vap": "141", "pvap": "   0,90", "e": "N", "st": "Suplente"}, {"seq": "34", "n": "25333", "vap": "125", "pvap": "   0,80", "e": "N", "st": "Suplente"}, {"seq": "2", "n": "25255", "vap": "787", "pvap": "   5,01", "e": "S", "st": "Eleito"}, {"seq": "23", "n": "25123", "vap": "227", "pvap": "   1,45", "e": "N", "st": "Suplente"}, {"seq": "77", "n": "25111", "vap": "3", "pvap": "   0,02", "e": "N", "st": "Suplente"}, {"seq": "116", "n": "70111", "vap": "24", "pvap": "   0,15", "e": "N", "st": "N\u00e3o eleito"}, {"seq": "134", "n": "70444", "vap": "3", "pvap": "   0,02", "e": "N", "st": "N\u00e3o eleito"}, {"seq": "93", "n": "70666", "vap": "200", "pvap": "   1,27", "e": "N", "st": "N\u00e3o eleito"}, {"seq": "95", "n": "70000", "vap": "106", "pvap": "   0,68", "e": "N", "st": "N\u00e3o eleito"}, {"seq": "130", "n": "70555", "vap": "9", "pvap": "   0,06", "e": "N", "st": "N\u00e3o eleito"}, {"seq": "131", "n": "70222", "vap": "5", "pvap": "   0,03", "e": "N", "st": "N\u00e3o eleito"}, {"seq": "118", "n": "70888", "vap": "21", "pvap": "   0,13", "e": "N", "st": "N\u00e3o eleito"}, {"seq": "119", "n": "70999", "vap": "18", "pvap": "   0,11", "e": "N", "st": "N\u00e3o eleito"}, {"seq": "136", "n": "70234", "vap": "3", "pvap": "   0,02", "e": "N", "st": "N\u00e3o eleito"}, {"seq": "139", "n": "70007", "vap": "0", "pvap": "00.00", "e": "N", "st": "N\u00e3o eleito"}, {"seq": "123", "n": "70777", "vap": "15", "pvap": "   0,10", "e": "N", "st": "N\u00e3o eleito"}, {"seq": "125", "n": "70123", "vap": "11", "pvap": "   0,07", "e": "N", "st": "N\u00e3o eleito"}, {"seq": "112", "n": "70333", "vap": "39", "pvap": "   0,25", "e": "N", "st": "N\u00e3o eleito"}, {"seq": "33", "n": "23456", "vap": "126", "pvap": "   0,80", "e": "N", "st": "Suplente"}, {"seq": "64", "n": "23555", "vap": "14", "pvap": "   0,09", "e": "N", "st": "Suplente"}, {"seq": "25", "n": "23666", "vap": "199", "pvap": "   1,27", "e": "N", "st": "Suplente"}, {"seq": "28", "n": "23123", "vap": "160", "pvap": "   1,02", "e": "N", "st": "Suplente"}, {"seq": "59", "n": "23600", "vap": "17", "pvap": "   0,11", "e": "N", "st": "Suplente"}, {"seq": "36", "n": "23900", "vap": "98", "pvap": "   0,62", "e": "N", "st": "Suplente"}, {"seq": "83", "n": "23349", "vap": "1", "pvap": "   0,01", "e": "N", "st": "Suplente"}, {"seq": "5", "n": "23888", "vap": "541", "pvap": "   3,45", "e": "S", "st": "Eleito"}, {"seq": "69", "n": "23222", "vap": "8", "pvap": "   0,05", "e": "N", "st": "Suplente"}, {"seq": "62", "n": "23111", "vap": "16", "pvap": "   0,10", "e": "N", "st": "Suplente"}, {"seq": "47", "n": "23444", "vap": "45", "pvap": "   0,29", "e": "N", "st": "Suplente"}, {"seq": "22", "n": "23777", "vap": "233", "pvap": "   1,48", "e": "N", "st": "Suplente"}, {"seq": "84", "n": "23700", "vap": "1", "pvap": "   0,01", "e": "N", "st": "Suplente"}, {"seq": "41", "n": "23999", "vap": "65", "pvap": "   0,41", "e": "N", "st": "Suplente"}, {"seq": "19", "n": "23000", "vap": "294", "pvap": "   1,87", "e": "N", "st": "Suplente"}, {"seq": "35", "n": "23023", "vap": "123", "pvap": "   0,78", "e": "N", "st": "Suplente"}, {"seq": "4", "n": "23333", "vap": "562", "pvap": "   3,58", "e": "S", "st": "Eleito"}, {"seq": "12", "n": "23344", "vap": "344", "pvap": "   2,19", "e": "S", "st": "Eleito"}, {"seq": "24", "n": "23550", "vap": "210", "pvap": "   1,34", "e": "N", "st": "Suplente"}, {"seq": "115", "n": "43123", "vap": "24", "pvap": "   0,15", "e": "N", "st": "N\u00e3o eleito"}, {"seq": "100", "n": "43555", "vap": "94", "pvap": "   0,60", "e": "N", "st": "N\u00e3o eleito"}, {"seq": "106", "n": "43444", "vap": "55", "pvap": "   0,35", "e": "N", "st": "N\u00e3o eleito"}, {"seq": "127", "n": "43222", "vap": "10", "pvap": "   0,06", "e": "N", "st": "N\u00e3o eleito"}, {"seq": "113", "n": "43777", "vap": "35", "pvap": "   0,22", "e": "N", "st": "N\u00e3o eleito"}, {"seq": "102", "n": "43900", "vap": "91", "pvap": "   0,58", "e": "N", "st": "N\u00e3o eleito"}, {"seq": "97", "n": "43999", "vap": "99", "pvap": "   0,63", "e": "N", "st": "N\u00e3o eleito"}, {"seq": "108", "n": "43333", "vap": "47", "pvap": "   0,30", "e": "N", "st": "N\u00e3o eleito"}, {"seq": "133", "n": "43400", "vap": "3", "pvap": "   0,02", "e": "N", "st": "N\u00e3o eleito"}, {"seq": "124", "n": "43666", "vap": "11", "pvap": "   0,07", "e": "N", "st": "N\u00e3o eleito"}, {"seq": "105", "n": "43000", "vap": "73", "pvap": "   0,46", "e": "N", "st": "N\u00e3o eleito"}, {"seq": "137", "n": "43033", "vap": "3", "pvap": "   0,02", "e": "N", "st": "N\u00e3o eleito"}, {"seq": "114", "n": "43155", "vap": "34", "pvap": "   0,22", "e": "N", "st": "N\u00e3o eleito"}, {"seq": "135", "n": "43455", "vap": "3", "pvap": "   0,02", "e": "N", "st": "N\u00e3o eleito"}, {"seq": "98", "n": "43111", "vap": "98", "pvap": "   0,62", "e": "N", "st": "N\u00e3o eleito"}, {"seq": "96", "n": "43433", "vap": "101", "pvap": "   0,64", "e": "N", "st": "N\u00e3o eleito"}, {"seq": "99", "n": "43043", "vap": "96", "pvap": "   0,61", "e": "N", "st": "N\u00e3o eleito"}, {"seq": "107", "n": "43422", "vap": "55", "pvap": "   0,35", "e": "N", "st": "N\u00e3o eleito"}, {"seq": "61", "n": "20288", "vap": "16", "pvap": "   0,10", "e": "N", "st": "Suplente"}, {"seq": "138", "n": "20345", "vap": "0", "pvap": "00.00", "e": "N", "st": "N\u00e3o eleito"}, {"seq": "65", "n": "20999", "vap": "14", "pvap": "   0,09", "e": "N", "st": "Suplente"}, {"seq": "122", "n": "20666", "vap": "15", "pvap": "   0,10", "e": "N", "st": "N\u00e3o eleito"}, {"seq": "86", "n": "20120", "vap": "0", "pvap": "00.00", "e": "N", "st": "Suplente"}, {"seq": "60", "n": "20777", "vap": "17", "pvap": "   0,11", "e": "N", "st": "Suplente"}, {"seq": "103", "n": "20888", "vap": "80", "pvap": "   0,51", "e": "N", "st": "N\u00e3o eleito"}, {"seq": "29", "n": "20111", "vap": "160", "pvap": "   1,02", "e": "N", "st": "Suplente"}, {"seq": "13", "n": "20000", "vap": "332", "pvap": "   2,11", "e": "S", "st": "Eleito"}, {"seq": "55", "n": "20678", "vap": "24", "pvap": "   0,15", "e": "N", "st": "Suplente"}, {"seq": "82", "n": "20778", "vap": "1", "pvap": "   0,01", "e": "N", "st": "Suplente"}, {"seq": "80", "n": "20667", "vap": "2", "pvap": "   0,01", "e": "N", "st": "Suplente"}, {"seq": "52", "n": "20991", "vap": "31", "pvap": "   0,20", "e": "N", "st": "Suplente"}, {"seq": "57", "n": "20555", "vap": "21", "pvap": "   0,13", "e": "N", "st": "Suplente"}, {"seq": "51", "n": "20123", "vap": "32", "pvap": "   0,20", "e": "N", "st": "Suplente"}, {"seq": "26", "n": "20222", "vap": "196", "pvap": "   1,25", "e": "N", "st": "Suplente"}, {"seq": "32", "n": "20333", "vap": "140", "pvap": "   0,89", "e": "N", "st": "Suplente"}, {"seq": "46", "n": "20550", "vap": "46", "pvap": "   0,29", "e": "N", "st": "Suplente"}, {"seq": "38", "n": "20444", "vap": "82", "pvap": "   0,52", "e": "N", "st": "Suplente"}, {"seq": "126", "n": "10222", "vap": "10", "pvap": "   0,06", "e": "N", "st": "N\u00e3o eleito"}, {"seq": "111", "n": "10123", "vap": "39", "pvap": "   0,25", "e": "N", "st": "N\u00e3o eleito"}, {"seq": "128", "n": "10111", "vap": "10", "pvap": "   0,06", "e": "N", "st": "N\u00e3o eleito"}, {"seq": "141", "n": "10777", "vap": "0", "pvap": "00.00", "e": "N", "st": "N\u00e3o eleito"}, {"seq": "117", "n": "10888", "vap": "22", "pvap": "   0,14", "e": "N", "st": "N\u00e3o eleito"}, {"seq": "94", "n": "10555", "vap": "108", "pvap": "   0,69", "e": "N", "st": "N\u00e3o eleito"}, {"seq": "129", "n": "10333", "vap": "10", "pvap": "   0,06", "e": "N", "st": "N\u00e3o eleito"}, {"seq": "101", "n": "10000", "vap": "92", "pvap": "   0,59", "e": "N", "st": "N\u00e3o eleito"}, {"seq": "132", "n": "10444", "vap": "4", "pvap": "   0,03", "e": "N", "st": "N\u00e3o eleito"}, {"seq": "140", "n": "10999", "vap": "0", "pvap": "00.00", "e": "N", "st": "N\u00e3o eleito"}]}, {"dt": "15/11/2020", "ht": "21:05:54", "tf": "S", "and": "F", "tpabr": "ZONA", "cdabr": "11", "s": "57", "st": "57", "snt": "0", "si": "57", "sni": "0", "sa": "57", "sna": "0", "pst": " 100,00", "psnt": "   0,00", "psi": " 100,00", "psni": "   0,00", "psa": " 100,00", "psna": "   0,00", "e": "22381", "ea": "22381", "ena": "0", "esi": "22381", "esni": "0", "a": "5928", "c": "16453", "pea": " 100,00", "pena": "   0,00", "pesi": " 100,00", "pesni": "   0,00", "pa": "  26,49", "pc": "  73,51", "vnom": "14692", "vscv": "0", "vl": "860", "tv": "16453", "vvc": "15702", "vb": "110", "tvn": "641", "vn": "641", "vnt": "0", "vp": "0", "vv": "15552", "van": "0", "vansj": "150", "pvnom": "  94,47", "pvl": "   5,53", "pvvc": "  95,44", "pvb": "   0,66", "ptvn": "   3,90", "pvn": " 100,00", "pvnt": "   0,00", "pvp": "   0,00", "pvv": "  99,04", "pvan": "   0,00", "pvansj": "   0,96", "cand": [{"seq": "94", "n": "10555", "vap": "108", "pvap": "   0,69", "e": "N", "st": "N\u00e3o eleito"}, {"seq": "126", "n": "10222", "vap": "10", "pvap": "   0,06", "e": "N", "st": "N\u00e3o eleito"}, {"seq": "132", "n": "10444", "vap": "4", "pvap": "   0,03", "e": "N", "st": "N\u00e3o eleito"}, {"seq": "101", "n": "10000", "vap": "92", "pvap": "   0,59", "e": "N", "st": "N\u00e3o eleito"}, {"seq": "117", "n": "10888", "vap": "22", "pvap": "   0,14", "e": "N", "st": "N\u00e3o eleito"}, {"seq": "140", "n": "10999", "vap": "0", "pvap": "00.00", "e": "N", "st": "N\u00e3o eleito"}, {"seq": "128", "n": "10111", "vap": "10", "pvap": "   0,06", "e": "N", "st": "N\u00e3o eleito"}, {"seq": "111", "n": "10123", "vap": "39", "pvap": "   0,25", "e": "N", "st": "N\u00e3o eleito"}, {"seq": "129", "n": "10333", "vap": "10", "pvap": "   0,06", "e": "N", "st": "N\u00e3o eleito"}, {"seq": "141", "n": "10777", "vap": "0", "pvap": "00.00", "e": "N", "st": "N\u00e3o eleito"}, {"seq": "95", "n": "70000", "vap": "106", "pvap": "   0,68", "e": "N", "st": "N\u00e3o eleito"}, {"seq": "134", "n": "70444", "vap": "3", "pvap": "   0,02", "e": "N", "st": "N\u00e3o eleito"}, {"seq": "118", "n": "70888", "vap": "21", "pvap": "   0,13", "e": "N", "st": "N\u00e3o eleito"}, {"seq": "93", "n": "70666", "vap": "200", "pvap": "   1,27", "e": "N", "st": "N\u00e3o eleito"}, {"seq": "139", "n": "70007", "vap": "0", "pvap": "00.00", "e": "N", "st": "N\u00e3o eleito"}, {"seq": "116", "n": "70111", "vap": "24", "pvap": "   0,15", "e": "N", "st": "N\u00e3o eleito"}, {"seq": "130", "n": "70555", "vap": "9", "pvap": "   0,06", "e": "N", "st": "N\u00e3o eleito"}, {"seq": "112", "n": "70333", "vap": "39", "pvap": "   0,25", "e": "N", "st": "N\u00e3o eleito"}, {"seq": "136", "n": "70234", "vap": "3", "pvap": "   0,02", "e": "N", "st": "N\u00e3o eleito"}, {"seq": "131", "n": "70222", "vap": "5", "pvap": "   0,03", "e": "N", "st": "N\u00e3o eleito"}, {"seq": "119", "n": "70999", "vap": "18", "pvap": "   0,11", "e": "N", "st": "N\u00e3o eleito"}, {"seq": "123", "n": "70777", "vap": "15", "pvap": "   0,10", "e": "N", "st": "N\u00e3o eleito"}, {"seq": "125", "n": "70123", "vap": "11", "pvap": "   0,07", "e": "N", "st": "N\u00e3o eleito"}, {"seq": "98", "n": "43111", "vap": "98", "pvap": "   0,62", "e": "N", "st": "N\u00e3o eleito"}, {"seq": "135", "n": "43455", "vap": "3", "pvap": "   0,02", "e": "N", "st": "N\u00e3o eleito"}, {"seq": "114", "n": "43155", "vap": "34", "pvap": "   0,22", "e": "N", "st": "N\u00e3o eleito"}, {"seq": "102", "n": "43900", "vap": "91", "pvap": "   0,58", "e": "N", "st": "N\u00e3o eleito"}, {"seq": "106", "n": "43444", "vap": "55", "pvap": "   0,35", "e": "N", "st": "N\u00e3o eleito"}, {"seq": "115", "n": "43123", "vap": "24", "pvap": "   0,15", "e": "N", "st": "N\u00e3o eleito"}, {"seq": "105", "n": "43000", "vap": "73", "pvap": "   0,46", "e": "N", "st": "N\u00e3o eleito"}, {"seq": "100", "n": "43555", "vap": "94", "pvap": "   0,60", "e": "N", "st": "N\u00e3o eleito"}, {"seq": "96", "n": "43433", "vap": "101", "pvap": "   0,64", "e": "N", "st": "N\u00e3o eleito"}, {"seq": "107", "n": "43422", "vap": "55", "pvap": "   0,35", "e": "N", "st": "N\u00e3o eleito"}, {"seq": "137", "n": "43033", "vap": "3", "pvap": "   0,02", "e": "N", "st": "N\u00e3o eleito"}, {"seq": "127", "n": "43222", "vap": "10", "pvap": "   0,06", "e": "N", "st": "N\u00e3o eleito"}, {"seq": "113", "n": "43777", "vap": "35", "pvap": "   0,22", "e": "N", "st": "N\u00e3o eleito"}, {"seq": "99", "n": "43043", "vap": "96", "pvap": "   0,61", "e": "N", "st": "N\u00e3o eleito"}, {"seq": "97", "n": "43999", "vap": "99", "pvap": "   0,63", "e": "N", "st": "N\u00e3o eleito"}, {"seq": "133", "n": "43400", "vap": "3", "pvap": "   0,02", "e": "N", "st": "N\u00e3o eleito"}, {"seq": "124", "n": "43666", "vap": "11", "pvap": "   0,07", "e": "N", "st": "N\u00e3o eleito"}, {"seq": "108", "n": "43333", "vap": "47", "pvap": "   0,30", "e": "N", "st": "N\u00e3o eleito"}, {"seq": "8", "n": "25666", "vap": "480", "pvap": "   3,06", "e": "S", "st": "Eleito"}, {"seq": "66", "n": "25678", "vap": "13", "pvap": "   0,08", "e": "N", "st": "Suplente"}, {"seq": "77", "n": "25111", "vap": "3", "pvap": "   0,02", "e": "N", "st": "Suplente"}, {"seq": "2", "n": "25255", "vap": "787", "pvap": "   5,01", "e": "S", "st": "Eleito"}, {"seq": "34", "n": "25333", "vap": "125", "pvap": "   0,80", "e": "N", "st": "Suplente"}, {"seq": "31", "n": "25444", "vap": "141", "pvap": "   0,90", "e": "N", "st": "Suplente"}, {"seq": "10", "n": "25777", "vap": "394", "pvap": "   2,51", "e": "S", "st": "Eleito"}, {"seq": "15", "n": "25888", "vap": "354", "pvap": "   2,25", "e": "N", "st": "Suplente"}, {"seq": "71", "n": "25500", "vap": "7", "pvap": "   0,04", "e": "N", "st": "Suplente"}, {"seq": "18", "n": "25800", "vap": "323", "pvap": "   2,06", "e": "N", "st": "Suplente"}, {"seq": "11", "n": "25999", "vap": "369", "pvap": "   2,35", "e": "S", "st": "Eleito"}, {"seq": "78", "n": "25000", "vap": "3", "pvap": "   0,02", "e": "N", "st": "Suplente"}, {"seq": "37", "n": "25522", "vap": "84", "pvap": "   0,53", "e": "N", "st": "Suplente"}, {"seq": "23", "n": "25123", "vap": "227", "pvap": "   1,45", "e": "N", "st": "Suplente"}, {"seq": "39", "n": "25900", "vap": "81", "pvap": "   0,52", "e": "N", "st": "Suplente"}, {"seq": "85", "n": "25005", "vap": "0", "pvap": "00.00", "e": "N", "st": "Suplente"}, {"seq": "53", "n": "25222", "vap": "31", "pvap": "   0,20", "e": "N", "st": "Suplente"}, {"seq": "45", "n": "25223", "vap": "47", "pvap": "   0,30", "e": "N", "st": "Suplente"}, {"seq": "20", "n": "25555", "vap": "282", "pvap": "   1,80", "e": "N", "st": "Suplente"}, {"seq": "21", "n": "22044", "vap": "243", "pvap": "   1,55", "e": "N", "st": "Suplente"}, {"seq": "17", "n": "22223", "vap": "324", "pvap": "   2,06", "e": "N", "st": "Suplente"}, {"seq": "54", "n": "22225", "vap": "29", "pvap": "   0,18", "e": "N", "st": "Suplente"}, {"seq": "72", "n": "22330", "vap": "7", "pvap": "   0,04", "e": "N", "st": "Suplente"}, {"seq": "42", "n": "22123", "vap": "63", "pvap": "   0,40", "e": "N", "st": "Suplente"}, {"seq": "14", "n": "22522", "vap": "361", "pvap": "   2,30", "e": "N", "st": "Suplente"}, {"seq": "44", "n": "22888", "vap": "49", "pvap": "   0,31", "e": "N", "st": "Suplente"}, {"seq": "56", "n": "22122", "vap": "24", "pvap": "   0,15", "e": "N", "st": "Suplente"}, {"seq": "73", "n": "22022", "vap": "5", "pvap": "   0,03", "e": "N", "st": "Suplente"}, {"seq": "1", "n": "22111", "vap": "828", "pvap": "   5,27", "e": "S", "st": "Eleito"}, {"seq": "3", "n": "22222", "vap": "579", "pvap": "   3,69", "e": "S", "st": "Eleito"}, {"seq": "43", "n": "22991", "vap": "51", "pvap": "   0,32", "e": "N", "st": "Suplente"}, {"seq": "7", "n": "22333", "vap": "506", "pvap": "   3,22", "e": "S", "st": "Eleito"}, {"seq": "40", "n": "22355", "vap": "69", "pvap": "   0,44", "e": "N", "st": "Suplente"}, {"seq": "6", "n": "22444", "vap": "537", "pvap": "   3,42", "e": "S", "st": "Eleito"}, {"seq": "79", "n": "22000", "vap": "2", "pvap": "   0,01", "e": "N", "st": "Suplente"}, {"seq": "27", "n": "22555", "vap": "184", "pvap": "   1,17", "e": "N", "st": "Suplente"}, {"seq": "50", "n": "22777", "vap": "38", "pvap": "   0,24", "e": "N", "st": "Suplente"}, {"seq": "30", "n": "22999", "vap": "142", "pvap": "   0,90", "e": "N", "st": "Suplente"}, {"seq": "62", "n": "23111", "vap": "16", "pvap": "   0,10", "e": "N", "st": "Suplente"}, {"seq": "4", "n": "23333", "vap": "562", "pvap": "   3,58", "e": "S", "st": "Eleito"}, {"seq": "35", "n": "23023", "vap": "123", "pvap": "   0,78", "e": "N", "st": "Suplente"}, {"seq": "59", "n": "23600", "vap": "17", "pvap": "   0,11", "e": "N", "st": "Suplente"}, {"seq": "22", "n": "23777", "vap": "233", "pvap": "   1,48", "e": "N", "st": "Suplente"}, {"seq": "24", "n": "23550", "vap": "210", "pvap": "   1,34", "e": "N", "st": "Suplente"}, {"seq": "64", "n": "23555", "vap": "14", "pvap": "   0,09", "e": "N", "st": "Suplente"}, {"seq": "36", "n": "23900", "vap": "98", "pvap": "   0,62", "e": "N", "st": "Suplente"}, {"seq": "41", "n": "23999", "vap": "65", "pvap": "   0,41", "e": "N", "st": "Suplente"}, {"seq": "12", "n": "23344", "vap": "344", "pvap": "   2,19", "e": "S", "st": "Eleito"}, {"seq": "83", "n": "23349", "vap": "1", "pvap": "   0,01", "e": "N", "st": "Suplente"}, {"seq": "33", "n": "23456", "vap": "126", "pvap": "   0,80", "e": "N", "st": "Suplente"}, {"seq": "25", "n": "23666", "vap": "199", "pvap": "   1,27", "e": "N", "st": "Suplente"}, {"seq": "84", "n": "23700", "vap": "1", "pvap": "   0,01", "e": "N", "st": "Suplente"}, {"seq": "28", "n": "23123", "vap": "160", "pvap": "   1,02", "e": "N", "st": "Suplente"}, {"seq": "5", "n": "23888", "vap": "541", "pvap": "   3,45", "e": "S", "st": "Eleito"}, {"seq": "19", "n": "23000", "vap": "294", "pvap": "   1,87", "e": "N", "st": "Suplente"}, {"seq": "69", "n": "23222", "vap": "8", "pvap": "   0,05", "e": "N", "st": "Suplente"}, {"seq": "47", "n": "23444", "vap": "45", "pvap": "   0,29", "e": "N", "st": "Suplente"}, {"seq": "120", "n": "90777", "vap": "17", "pvap": "   0,11", "e": "N", "st": "N\u00e3o eleito"}, {"seq": "110", "n": "90123", "vap": "40", "pvap": "   0,25", "e": "N", "st": "N\u00e3o eleito"}, {"seq": "121", "n": "90111", "vap": "15", "pvap": "   0,10", "e": "N", "st": "N\u00e3o eleito"}, {"seq": "104", "n": "90000", "vap": "78", "pvap": "   0,50", "e": "N", "st": "N\u00e3o eleito"}, {"seq": "52", "n": "20991", "vap": "31", "pvap": "   0,20", "e": "N", "st": "Suplente"}, {"seq": "138", "n": "20345", "vap": "0", "pvap": "00.00", "e": "N", "st": "N\u00e3o eleito"}, {"seq": "51", "n": "20123", "vap": "32", "pvap": "   0,20", "e": "N", "st": "Suplente"}, {"seq": "65", "n": "20999", "vap": "14", "pvap": "   0,09", "e": "N", "st": "Suplente"}, {"seq": "103", "n": "20888", "vap": "80", "pvap": "   0,51", "e": "N", "st": "N\u00e3o eleito"}, {"seq": "82", "n": "20778", "vap": "1", "pvap": "   0,01", "e": "N", "st": "Suplente"}, {"seq": "61", "n": "20288", "vap": "16", "pvap": "   0,10", "e": "N", "st": "Suplente"}, {"seq": "86", "n": "20120", "vap": "0", "pvap": "00.00", "e": "N", "st": "Suplente"}, {"seq": "29", "n": "20111", "vap": "160", "pvap": "   1,02", "e": "N", "st": "Suplente"}, {"seq": "80", "n": "20667", "vap": "2", "pvap": "   0,01", "e": "N", "st": "Suplente"}, {"seq": "122", "n": "20666", "vap": "15", "pvap": "   0,10", "e": "N", "st": "N\u00e3o eleito"}, {"seq": "38", "n": "20444", "vap": "82", "pvap": "   0,52", "e": "N", "st": "Suplente"}, {"seq": "32", "n": "20333", "vap": "140", "pvap": "   0,89", "e": "N", "st": "Suplente"}, {"seq": "13", "n": "20000", "vap": "332", "pvap": "   2,11", "e": "S", "st": "Eleito"}, {"seq": "60", "n": "20777", "vap": "17", "pvap": "   0,11", "e": "N", "st": "Suplente"}, {"seq": "26", "n": "20222", "vap": "196", "pvap": "   1,25", "e": "N", "st": "Suplente"}, {"seq": "55", "n": "20678", "vap": "24", "pvap": "   0,15", "e": "N", "st": "Suplente"}, {"seq": "46", "n": "20550", "vap": "46", "pvap": "   0,29", "e": "N", "st": "Suplente"}, {"seq": "57", "n": "20555", "vap": "21", "pvap": "   0,13", "e": "N", "st": "Suplente"}, {"seq": "63", "n": "15333", "vap": "15", "pvap": "   0,10", "e": "N", "st": "Suplente"}, {"seq": "92", "n": "15123", "vap": "0", "pvap": "00.00", "e": "N", "st": "Suplente"}, {"seq": "81", "n": "15722", "vap": "1", "pvap": "   0,01", "e": "N", "st": "Suplente"}, {"seq": "68", "n": "15000", "vap": "9", "pvap": "   0,06", "e": "N", "st": "Suplente"}, {"seq": "91", "n": "15124", "vap": "0", "pvap": "00.00", "e": "N", "st": "Suplente"}, {"seq": "48", "n": "15999", "vap": "44", "pvap": "   0,28", "e": "N", "st": "Suplente"}, {"seq": "88", "n": "15115", "vap": "0", "pvap": "00.00", "e": "N", "st": "Suplente"}, {"seq": "75", "n": "15222", "vap": "5", "pvap": "   0,03", "e": "N", "st": "Suplente"}, {"seq": "89", "n": "15444", "vap": "0", "pvap": "00.00", "e": "N", "st": "Suplente"}, {"seq": "90", "n": "15445", "vap": "0", "pvap": "00.00", "e": "N", "st": "Suplente"}, {"seq": "87", "n": "15855", "vap": "0", "pvap": "00.00", "e": "N", "st": "Suplente"}, {"seq": "58", "n": "15888", "vap": "18", "pvap": "   0,11", "e": "N", "st": "Suplente"}, {"seq": "70", "n": "15220", "vap": "8", "pvap": "   0,05", "e": "N", "st": "Suplente"}, {"seq": "49", "n": "15777", "vap": "43", "pvap": "   0,27", "e": "N", "st": "Suplente"}, {"seq": "74", "n": "15330", "vap": "5", "pvap": "   0,03", "e": "N", "st": "Suplente"}, {"seq": "9", "n": "15666", "vap": "398", "pvap": "   2,53", "e": "S", "st": "Eleito"}, {"seq": "76", "n": "15234", "vap": "3", "pvap": "   0,02", "e": "N", "st": "Suplente"}, {"seq": "109", "n": "15111", "vap": "41", "pvap": "   0,26", "e": "N", "st": "N\u00e3o eleito"}, {"seq": "67", "n": "15678", "vap": "12", "pvap": "   0,08", "e": "N", "st": "Suplente"}, {"seq": "16", "n": "15555", "vap": "351", "pvap": "   2,24", "e": "N", "st": "Suplente"}]}]}