{"ele": "426", "carper": "13", "t": "1", "f": "O", "esae": "N", "mnae": " ", "dg": "15/11/2020", "hg": "23:02:16", "dv": "S", "nadf": "am98418-c0013-e000426-002-f", "abr": [{"dt": "15/11/2020", "ht": "21:46:11", "tf": "S", "and": "F", "tpabr": "MU", "cdabr": "98418", "s": "63", "st": "63", "snt": "0", "si": "63", "sni": "0", "sa": "63", "sna": "0", "pst": " 100,00", "psnt": "   0,00", "psi": " 100,00", "psni": "   0,00", "psa": " 100,00", "psna": "   0,00", "e": "23650", "ea": "23650", "ena": "0", "esi": "23650", "esni": "0", "c": "18903", "a": "4747", "pea": " 100,00", "pena": "   0,00", "pesi": " 100,00", "pesni": "   0,00", "pa": "  20,07", "pc": "  79,93", "vscv": "0", "vnom": "17597", "vl": "877", "tv": "18903", "vvc": "18542", "vb": "128", "tvn": "233", "vn": "233", "vnt": "0", "vp": "0", "vv": "18474", "van": "0", "vansj": "68", "pvnom": "  95,25", "pvl": "   4,75", "pvvc": "  98,09", "pvb": "   0,68", "ptvn": "   1,23", "pvn": " 100,00", "pvnt": "   0,00", "pvp": "   0,00", "pvv": "  99,63", "pvan": "   0,00", "pvansj": "   0,37", "colig": [{"n": "40000119836", "tvtn": "33", "tvan": "33", "vag": "0", "tvtl": "11", "tval": "11"}, {"n": "40000119309", "tvtn": "449", "tvan": "449", "vag": "0", "tvtl": "13", "tval": "13"}, {"n": "40000155291", "tvtn": "1057", "tvan": "1057", "vag": "1", "tvtl": "10", "tval": "10"}, {"n": "40000118247", "tvtn": "1760", "tvan": "1760", "vag": "2", "tvtl": "146", "tval": "146"}, {"n": "40000136263", "tvtn": "162", "tvan": "162", "vag": "0", "tvtl": "12", "tval": "12"}, {"n": "40000137581", "tvtn": "1373", "tvan": "1373", "vag": "1", "tvtl": "17", "tval": "17"}, {"n": "40000081659", "tvtn": "392", "tvan": "392", "vag": "0", "tvtl": "2", "tval": "2"}, {"n": "40000155548", "tvtn": "0", "tvan": "53", "vag": "0", "tvtl": "0", "tval": "0"}, {"n": "40000155579", "tvtn": "259", "tvan": "259", "vag": "0", "tvtl": "17", "tval": "17"}, {"n": "40000075673", "tvtn": "458", "tvan": "458", "vag": "0", "tvtl": "18", "tval": "18"}, {"n": "40000081568", "tvtn": "1849", "tvan": "1849", "vag": "2", "tvtl": "27", "tval": "27"}, {"n": "40000081698", "tvtn": "1136", "tvan": "1136", "vag": "1", "tvtl": "15", "tval": "15"}, {"n": "40000154564", "tvtn": "1285", "tvan": "1285", "vag": "1", "tvtl": "137", "tval": "137"}, {"n": "40000155350", "tvtn": "156", "tvan": "156", "vag": "0", "tvtl": "10", "tval": "10"}, {"n": "40000070298", "tvtn": "1532", "tvan": "1532", "vag": "1", "tvtl": "71", "tval": "71"}, {"n": "40000081413", "tvtn": "1310", "tvan": "1310", "vag": "1", "tvtl": "175", "tval": "175"}, {"n": "40000136036", "tvtn": "1594", "tvan": "1594", "vag": "2", "tvtl": "106", "tval": "106"}, {"n": "40000070464", "tvtn": "446", "tvan": "446", "vag": "0", "tvtl": "17", "tval": "17"}, {"n": "40000154434", "tvtn": "216", "tvan": "216", "vag": "0", "tvtl": "7", "tval": "7"}, {"n": "40000075131", "tvtn": "391", "tvan": "391", "vag": "0", "tvtl": "13", "tval": "13"}, {"n": "40000081527", "tvtn": "1577", "tvan": "1577", "vag": "1", "tvtl": "36", "tval": "36"}, {"n": "40000081729", "tvtn": "162", "tvan": "162", "vag": "0", "tvtl": "17", "tval": "17"}], "part": [{"n": "23", "tvtn": "33", "tvan": "33", "tvtl": "11", "tval": "11"}, {"n": "25", "tvtn": "449", "tvan": "449", "tvtl": "13", "tval": "13"}, {"n": "70", "tvtn": "1057", "tvan": "1057", "tvtl": "10", "tval": "10"}, {"n": "20", "tvtn": "1760", "tvan": "1760", "tvtl": "146", "tval": "146"}, {"n": "17", "tvtn": "162", "tvan": "162", "tvtl": "12", "tval": "12"}, {"n": "40", "tvtn": "1373", "tvan": "1373", "tvtl": "17", "tval": "17"}, {"n": "43", "tvtn": "392", "tvan": "392", "tvtl": "2", "tval": "2"}, {"n": "33", "tvtn": "0", "tvan": "53", "tvtl": "0", "tval": "0"}, {"n": "35", "tvtn": "259", "tvan": "259", "tvtl": "17", "tval": "17"}, {"n": "14", "tvtn": "458", "tvan": "458", "tvtl": "18", "tval": "18"}, {"n": "36", "tvtn": "1849", "tvan": "1849", "tvtl": "27", "tval": "27"}, {"n": "45", "tvtn": "1136", "tvan": "1136", "tvtl": "15", "tval": "15"}, {"n": "22", "tvtn": "1285", "tvan": "1285", "tvtl": "137", "tval": "137"}, {"n": "90", "tvtn": "156", "tvan": "156", "tvtl": "10", "tval": "10"}, {"n": "12", "tvtn": "1532", "tvan": "1532", "tvtl": "71", "tval": "71"}, {"n": "15", "tvtn": "1310", "tvan": "1310", "tvtl": "175", "tval": "175"}, {"n": "11", "tvtn": "1594", "tvan": "1594", "tvtl": "106", "tval": "106"}, {"n": "51", "tvtn": "446", "tvan": "446", "tvtl": "17", "tval": "17"}, {"n": "10", "tvtn": "216", "tvan": "216", "tvtl": "7", "tval": "7"}, {"n": "13", "tvtn": "391", "tvan": "391", "tvtl": "13", "tval": "13"}, {"n": "19", "tvtn": "1577", "tvan": "1577", "tvtl": "36", "tval": "36"}, {"n": "77", "tvtn": "162", "tvan": "162", "tvtl": "17", "tval": "17"}], "cand": [{"seq": "234", "n": "23023", "vap": "13", "pvap": "   0,07", "e": "N", "st": "N\u00e3o eleito"}, {"seq": "233", "n": "23123", "vap": "13", "pvap": "   0,07", "e": "N", "st": "N\u00e3o eleito"}, {"seq": "272", "n": "23190", "vap": "4", "pvap": "   0,02", "e": "N", "st": "N\u00e3o eleito"}, {"seq": "299", "n": "23900", "vap": "0", "pvap": "00.00", "e": "N", "st": "N\u00e3o eleito"}, {"seq": "277", "n": "23444", "vap": "3", "pvap": "   0,02", "e": "N", "st": "N\u00e3o eleito"}, {"seq": "238", "n": "25007", "vap": "12", "pvap": "   0,06", "e": "N", "st": "N\u00e3o eleito"}, {"seq": "201", "n": "25555", "vap": "25", "pvap": "   0,13", "e": "N", "st": "N\u00e3o eleito"}, {"seq": "179", "n": "25000", "vap": "46", "pvap": "   0,25", "e": "N", "st": "N\u00e3o eleito"}, {"seq": "164", "n": "25123", "vap": "95", "pvap": "   0,51", "e": "N", "st": "N\u00e3o eleito"}, {"seq": "176", "n": "25789", "vap": "51", "pvap": "   0,28", "e": "N", "st": "N\u00e3o eleito"}, {"seq": "232", "n": "25025", "vap": "13", "pvap": "   0,07", "e": "N", "st": "N\u00e3o eleito"}, {"seq": "235", "n": "25677", "vap": "13", "pvap": "   0,07", "e": "N", "st": "N\u00e3o eleito"}, {"seq": "300", "n": "25240", "vap": "0", "pvap": "00.00", "e": "N", "st": "N\u00e3o eleito"}, {"seq": "273", "n": "25179", "vap": "4", "pvap": "   0,02", "e": "N", "st": "N\u00e3o eleito"}, {"seq": "178", "n": "25456", "vap": "46", "pvap": "   0,25", "e": "N", "st": "N\u00e3o eleito"}, {"seq": "223", "n": "25222", "vap": "15", "pvap": "   0,08", "e": "N", "st": "N\u00e3o eleito"}, {"seq": "216", "n": "25174", "vap": "18", "pvap": "   0,10", "e": "N", "st": "N\u00e3o eleito"}, {"seq": "302", "n": "25126", "vap": "0", "pvap": "00.00", "e": "N", "st": "N\u00e3o eleito"}, {"seq": "240", "n": "25125", "vap": "11", "pvap": "   0,06", "e": "N", "st": "N\u00e3o eleito"}, {"seq": "274", "n": "25888", "vap": "4", "pvap": "   0,02", "e": "N", "st": "N\u00e3o eleito"}, {"seq": "165", "n": "25013", "vap": "94", "pvap": "   0,51", "e": "N", "st": "N\u00e3o eleito"}, {"seq": "281", "n": "25777", "vap": "2", "pvap": "   0,01", "e": "N", "st": "N\u00e3o eleito"}, {"seq": "102", "n": "70177", "vap": "35", "pvap": "   0,19", "e": "N", "st": "Suplente"}, {"seq": "87", "n": "70174", "vap": "50", "pvap": "   0,27", "e": "N", "st": "Suplente"}, {"seq": "28", "n": "70123", "vap": "168", "pvap": "   0,91", "e": "N", "st": "Suplente"}, {"seq": "149", "n": "70222", "vap": "3", "pvap": "   0,02", "e": "N", "st": "Suplente"}, {"seq": "93", "n": "70000", "vap": "40", "pvap": "   0,22", "e": "N", "st": "Suplente"}, {"seq": "103", "n": "70111", "vap": "34", "pvap": "   0,18", "e": "N", "st": "Suplente"}, {"seq": "49", "n": "70555", "vap": "105", "pvap": "   0,57", "e": "N", "st": "Suplente"}, {"seq": "18", "n": "70070", "vap": "227", "pvap": "   1,22", "e": "N", "st": "Suplente"}, {"seq": "118", "n": "70647", "vap": "26", "pvap": "   0,14", "e": "N", "st": "Suplente"}, {"seq": "143", "n": "70077", "vap": "7", "pvap": "   0,04", "e": "N", "st": "Suplente"}, {"seq": "4", "n": "70777", "vap": "360", "pvap": "   1,94", "e": "S", "st": "Eleito"}, {"seq": "151", "n": "70220", "vap": "2", "pvap": "   0,01", "e": "N", "st": "Suplente"}, {"seq": "6", "n": "20013", "vap": "323", "pvap": "   1,74", "e": "S", "st": "Eleito"}, {"seq": "71", "n": "20222", "vap": "69", "pvap": "   0,37", "e": "N", "st": "Suplente"}, {"seq": "159", "n": "20321", "vap": "0", "pvap": "00.00", "e": "N", "st": "Suplente"}, {"seq": "34", "n": "20010", "vap": "154", "pvap": "   0,83", "e": "N", "st": "Suplente"}, {"seq": "141", "n": "20024", "vap": "8", "pvap": "   0,04", "e": "N", "st": "Suplente"}, {"seq": "157", "n": "20126", "vap": "0", "pvap": "00.00", "e": "N", "st": "Suplente"}, {"seq": "79", "n": "20120", "vap": "63", "pvap": "   0,34", "e": "N", "st": "Suplente"}, {"seq": "78", "n": "20456", "vap": "65", "pvap": "   0,35", "e": "N", "st": "Suplente"}, {"seq": "40", "n": "20000", "vap": "139", "pvap": "   0,75", "e": "N", "st": "Suplente"}, {"seq": "43", "n": "20007", "vap": "129", "pvap": "   0,70", "e": "N", "st": "Suplente"}, {"seq": "110", "n": "20025", "vap": "30", "pvap": "   0,16", "e": "N", "st": "Suplente"}, {"seq": "60", "n": "20147", "vap": "87", "pvap": "   0,47", "e": "N", "st": "Suplente"}, {"seq": "19", "n": "20020", "vap": "207", "pvap": "   1,12", "e": "N", "st": "Suplente"}, {"seq": "9", "n": "20123", "vap": "249", "pvap": "   1,34", "e": "S", "st": "Eleito"}, {"seq": "98", "n": "20777", "vap": "37", "pvap": "   0,20", "e": "N", "st": "Suplente"}, {"seq": "81", "n": "20789", "vap": "59", "pvap": "   0,32", "e": "N", "st": "Suplente"}, {"seq": "156", "n": "20888", "vap": "0", "pvap": "00.00", "e": "N", "st": "Suplente"}, {"seq": "45", "n": "20174", "vap": "121", "pvap": "   0,65", "e": "N", "st": "Suplente"}, {"seq": "131", "n": "20333", "vap": "17", "pvap": "   0,09", "e": "N", "st": "Suplente"}, {"seq": "148", "n": "20999", "vap": "3", "pvap": "   0,02", "e": "N", "st": "Suplente"}, {"seq": "259", "n": "17555", "vap": "6", "pvap": "   0,03", "e": "N", "st": "N\u00e3o eleito"}, {"seq": "284", "n": "17777", "vap": "1", "pvap": "   0,01", "e": "N", "st": "N\u00e3o eleito"}, {"seq": "192", "n": "17222", "vap": "31", "pvap": "   0,17", "e": "N", "st": "N\u00e3o eleito"}, {"seq": "267", "n": "17333", "vap": "5", "pvap": "   0,03", "e": "N", "st": "N\u00e3o eleito"}, {"seq": "209", "n": "17017", "vap": "21", "pvap": "   0,11", "e": "N", "st": "N\u00e3o eleito"}, {"seq": "207", "n": "17000", "vap": "22", "pvap": "   0,12", "e": "N", "st": "N\u00e3o eleito"}, {"seq": "193", "n": "17444", "vap": "30", "pvap": "   0,16", "e": "N", "st": "N\u00e3o eleito"}, {"seq": "191", "n": "17200", "vap": "32", "pvap": "   0,17", "e": "N", "st": "N\u00e3o eleito"}, {"seq": "246", "n": "17225", "vap": "10", "pvap": "   0,05", "e": "N", "st": "N\u00e3o eleito"}, {"seq": "269", "n": "17123", "vap": "4", "pvap": "   0,02", "e": "N", "st": "N\u00e3o eleito"}, {"seq": "77", "n": "40123", "vap": "65", "pvap": "   0,35", "e": "N", "st": "Suplente"}, {"seq": "83", "n": "40667", "vap": "54", "pvap": "   0,29", "e": "N", "st": "Suplente"}, {"seq": "136", "n": "40032", "vap": "12", "pvap": "   0,06", "e": "N", "st": "Suplente"}, {"seq": "147", "n": "40777", "vap": "3", "pvap": "   0,02", "e": "N", "st": "Suplente"}, {"seq": "126", "n": "40000", "vap": "20", "pvap": "   0,11", "e": "N", "st": "Suplente"}, {"seq": "155", "n": "40444", "vap": "0", "pvap": "00.00", "e": "N", "st": "Suplente"}, {"seq": "144", "n": "40222", "vap": "6", "pvap": "   0,03", "e": "N", "st": "Suplente"}, {"seq": "158", "n": "40556", "vap": "0", "pvap": "00.00", "e": "N", "st": "Suplente"}, {"seq": "135", "n": "40040", "vap": "12", "pvap": "   0,06", "e": "N", "st": "Suplente"}, {"seq": "1", "n": "40174", "vap": "520", "pvap": "   2,80", "e": "S", "st": "Eleito"}, {"seq": "111", "n": "40120", "vap": "29", "pvap": "   0,16", "e": "N", "st": "Suplente"}, {"seq": "48", "n": "40555", "vap": "109", "pvap": "   0,59", "e": "N", "st": "Suplente"}, {"seq": "120", "n": "40165", "vap": "24", "pvap": "   0,13", "e": "N", "st": "Suplente"}, {"seq": "42", "n": "40111", "vap": "135", "pvap": "   0,73", "e": "N", "st": "Suplente"}, {"seq": "23", "n": "40234", "vap": "192", "pvap": "   1,04", "e": "N", "st": "Suplente"}, {"seq": "24", "n": "40400", "vap": "192", "pvap": "   1,04", "e": "N", "st": "Suplente"}, {"seq": "245", "n": "43098", "vap": "11", "pvap": "   0,06", "e": "N", "st": "N\u00e3o eleito"}, {"seq": "180", "n": "43777", "vap": "45", "pvap": "   0,24", "e": "N", "st": "N\u00e3o eleito"}, {"seq": "217", "n": "43357", "vap": "17", "pvap": "   0,09", "e": "N", "st": "N\u00e3o eleito"}, {"seq": "285", "n": "43111", "vap": "1", "pvap": "   0,01", "e": "N", "st": "N\u00e3o eleito"}, {"seq": "163", "n": "43123", "vap": "96", "pvap": "   0,52", "e": "N", "st": "N\u00e3o eleito"}, {"seq": "206", "n": "43439", "vap": "22", "pvap": "   0,12", "e": "N", "st": "N\u00e3o eleito"}, {"seq": "266", "n": "43020", "vap": "5", "pvap": "   0,03", "e": "N", "st": "N\u00e3o eleito"}, {"seq": "189", "n": "43147", "vap": "33", "pvap": "   0,18", "e": "N", "st": "N\u00e3o eleito"}, {"seq": "244", "n": "43170", "vap": "11", "pvap": "   0,06", "e": "N", "st": "N\u00e3o eleito"}, {"seq": "253", "n": "43112", "vap": "9", "pvap": "   0,05", "e": "N", "st": "N\u00e3o eleito"}, {"seq": "186", "n": "43120", "vap": "38", "pvap": "   0,20", "e": "N", "st": "N\u00e3o eleito"}, {"seq": "190", "n": "43456", "vap": "33", "pvap": "   0,18", "e": "N", "st": "N\u00e3o eleito"}, {"seq": "252", "n": "43130", "vap": "9", "pvap": "   0,05", "e": "N", "st": "N\u00e3o eleito"}, {"seq": "297", "n": "43007", "vap": "0", "pvap": "00.00", "e": "N", "st": "N\u00e3o eleito"}, {"seq": "199", "n": "43333", "vap": "27", "pvap": "   0,15", "e": "N", "st": "N\u00e3o eleito"}, {"seq": "219", "n": "43789", "vap": "16", "pvap": "   0,09", "e": "N", "st": "N\u00e3o eleito"}, {"seq": "211", "n": "43222", "vap": "19", "pvap": "   0,10", "e": "N", "st": "N\u00e3o eleito"}, {"seq": "229", "n": "33033", "vap": "13", "pvap": "   0,07", "e": "N", "st": "N\u00e3o eleito"}, {"seq": "271", "n": "33155", "vap": "4", "pvap": "   0,02", "e": "N", "st": "N\u00e3o eleito"}, {"seq": "298", "n": "33456", "vap": "0", "pvap": "00.00", "e": "N", "st": "N\u00e3o eleito"}, {"seq": "224", "n": "33333", "vap": "15", "pvap": "   0,08", "e": "N", "st": "N\u00e3o eleito"}, {"seq": "292", "n": "33030", "vap": "0", "pvap": "00.00", "e": "N", "st": "N\u00e3o eleito"}, {"seq": "280", "n": "33016", "vap": "3", "pvap": "   0,02", "e": "N", "st": "N\u00e3o eleito"}, {"seq": "294", "n": "33123", "vap": "0", "pvap": "00.00", "e": "N", "st": "N\u00e3o eleito"}, {"seq": "293", "n": "33000", "vap": "0", "pvap": "00.00", "e": "N", "st": "N\u00e3o eleito"}, {"seq": "230", "n": "33222", "vap": "13", "pvap": "   0,07", "e": "N", "st": "N\u00e3o eleito"}, {"seq": "282", "n": "33127", "vap": "1", "pvap": "   0,01", "e": "N", "st": "N\u00e3o eleito"}, {"seq": "270", "n": "33233", "vap": "4", "pvap": "   0,02", "e": "N", "st": "N\u00e3o eleito"}, {"seq": "290", "n": "33028", "vap": "0", "pvap": "00.00", "e": "N", "st": "N\u00e3o eleito"}, {"seq": "296", "n": "33174", "vap": "0", "pvap": "00.00", "e": "N", "st": "N\u00e3o eleito"}, {"seq": "227", "n": "35355", "vap": "14", "pvap": "   0,08", "e": "N", "st": "N\u00e3o eleito"}, {"seq": "248", "n": "35035", "vap": "10", "pvap": "   0,05", "e": "N", "st": "N\u00e3o eleito"}, {"seq": "203", "n": "35711", "vap": "24", "pvap": "   0,13", "e": "N", "st": "N\u00e3o eleito"}, {"seq": "249", "n": "35174", "vap": "10", "pvap": "   0,05", "e": "N", "st": "N\u00e3o eleito"}, {"seq": "187", "n": "35105", "vap": "35", "pvap": "   0,19", "e": "N", "st": "N\u00e3o eleito"}, {"seq": "260", "n": "35555", "vap": "6", "pvap": "   0,03", "e": "N", "st": "N\u00e3o eleito"}, {"seq": "275", "n": "35000", "vap": "3", "pvap": "   0,02", "e": "N", "st": "N\u00e3o eleito"}, {"seq": "214", "n": "35001", "vap": "18", "pvap": "   0,10", "e": "N", "st": "N\u00e3o eleito"}, {"seq": "225", "n": "35456", "vap": "15", "pvap": "   0,08", "e": "N", "st": "N\u00e3o eleito"}, {"seq": "162", "n": "35123", "vap": "100", "pvap": "   0,54", "e": "N", "st": "N\u00e3o eleito"}, {"seq": "283", "n": "35644", "vap": "1", "pvap": "   0,01", "e": "N", "st": "N\u00e3o eleito"}, {"seq": "205", "n": "35134", "vap": "23", "pvap": "   0,12", "e": "N", "st": "N\u00e3o eleito"}, {"seq": "174", "n": "14174", "vap": "62", "pvap": "   0,33", "e": "N", "st": "N\u00e3o eleito"}, {"seq": "241", "n": "14000", "vap": "11", "pvap": "   0,06", "e": "N", "st": "N\u00e3o eleito"}, {"seq": "181", "n": "14888", "vap": "43", "pvap": "   0,23", "e": "N", "st": "N\u00e3o eleito"}, {"seq": "175", "n": "14190", "vap": "53", "pvap": "   0,29", "e": "N", "st": "N\u00e3o eleito"}, {"seq": "167", "n": "14123", "vap": "73", "pvap": "   0,39", "e": "N", "st": "N\u00e3o eleito"}, {"seq": "197", "n": "14444", "vap": "28", "pvap": "   0,15", "e": "N", "st": "N\u00e3o eleito"}, {"seq": "250", "n": "14777", "vap": "9", "pvap": "   0,05", "e": "N", "st": "N\u00e3o eleito"}, {"seq": "183", "n": "14147", "vap": "40", "pvap": "   0,22", "e": "N", "st": "N\u00e3o eleito"}, {"seq": "222", "n": "14111", "vap": "15", "pvap": "   0,08", "e": "N", "st": "N\u00e3o eleito"}, {"seq": "168", "n": "14333", "vap": "73", "pvap": "   0,39", "e": "N", "st": "N\u00e3o eleito"}, {"seq": "231", "n": "14577", "vap": "13", "pvap": "   0,07", "e": "N", "st": "N\u00e3o eleito"}, {"seq": "202", "n": "14456", "vap": "24", "pvap": "   0,13", "e": "N", "st": "N\u00e3o eleito"}, {"seq": "226", "n": "14555", "vap": "14", "pvap": "   0,08", "e": "N", "st": "N\u00e3o eleito"}, {"seq": "89", "n": "36007", "vap": "48", "pvap": "   0,26", "e": "N", "st": "Suplente"}, {"seq": "13", "n": "36111", "vap": "196", "pvap": "   1,06", "e": "S", "st": "Eleito"}, {"seq": "153", "n": "36316", "vap": "1", "pvap": "   0,01", "e": "N", "st": "Suplente"}, {"seq": "33", "n": "36000", "vap": "155", "pvap": "   0,84", "e": "N", "st": "Suplente"}, {"seq": "68", "n": "36333", "vap": "71", "pvap": "   0,38", "e": "N", "st": "Suplente"}, {"seq": "51", "n": "36456", "vap": "105", "pvap": "   0,57", "e": "N", "st": "Suplente"}, {"seq": "82", "n": "36789", "vap": "55", "pvap": "   0,30", "e": "N", "st": "Suplente"}, {"seq": "84", "n": "36020", "vap": "53", "pvap": "   0,29", "e": "N", "st": "Suplente"}, {"seq": "22", "n": "36636", "vap": "195", "pvap": "   1,05", "e": "N", "st": "Suplente"}, {"seq": "31", "n": "36174", "vap": "160", "pvap": "   0,86", "e": "N", "st": "Suplente"}, {"seq": "85", "n": "36777", "vap": "52", "pvap": "   0,28", "e": "N", "st": "Suplente"}, {"seq": "69", "n": "36555", "vap": "70", "pvap": "   0,38", "e": "N", "st": "Suplente"}, {"seq": "108", "n": "36018", "vap": "32", "pvap": "   0,17", "e": "N", "st": "Suplente"}, {"seq": "11", "n": "36663", "vap": "205", "pvap": "   1,11", "e": "S", "st": "Eleito"}, {"seq": "32", "n": "36006", "vap": "159", "pvap": "   0,86", "e": "N", "st": "Suplente"}, {"seq": "46", "n": "36222", "vap": "116", "pvap": "   0,63", "e": "N", "st": "Suplente"}, {"seq": "47", "n": "36888", "vap": "114", "pvap": "   0,61", "e": "N", "st": "Suplente"}, {"seq": "80", "n": "36123", "vap": "62", "pvap": "   0,33", "e": "N", "st": "Suplente"}, {"seq": "150", "n": "45002", "vap": "2", "pvap": "   0,01", "e": "N", "st": "Suplente"}, {"seq": "154", "n": "45369", "vap": "0", "pvap": "00.00", "e": "N", "st": "Suplente"}, {"seq": "92", "n": "45777", "vap": "43", "pvap": "   0,23", "e": "N", "st": "Suplente"}, {"seq": "106", "n": "45007", "vap": "32", "pvap": "   0,17", "e": "N", "st": "Suplente"}, {"seq": "100", "n": "45045", "vap": "36", "pvap": "   0,19", "e": "N", "st": "Suplente"}, {"seq": "10", "n": "45456", "vap": "218", "pvap": "   1,18", "e": "S", "st": "Eleito"}, {"seq": "54", "n": "45123", "vap": "95", "pvap": "   0,51", "e": "N", "st": "Suplente"}, {"seq": "101", "n": "45333", "vap": "35", "pvap": "   0,19", "e": "N", "st": "Suplente"}, {"seq": "119", "n": "45001", "vap": "25", "pvap": "   0,13", "e": "N", "st": "Suplente"}, {"seq": "52", "n": "45222", "vap": "103", "pvap": "   0,56", "e": "N", "st": "Suplente"}, {"seq": "152", "n": "45155", "vap": "1", "pvap": "   0,01", "e": "N", "st": "Suplente"}, {"seq": "62", "n": "45789", "vap": "81", "pvap": "   0,44", "e": "N", "st": "Suplente"}, {"seq": "121", "n": "45000", "vap": "22", "pvap": "   0,12", "e": "N", "st": "Suplente"}, {"seq": "127", "n": "45100", "vap": "19", "pvap": "   0,10", "e": "N", "st": "Suplente"}, {"seq": "75", "n": "45165", "vap": "68", "pvap": "   0,37", "e": "N", "st": "Suplente"}, {"seq": "138", "n": "45200", "vap": "9", "pvap": "   0,05", "e": "N", "st": "Suplente"}, {"seq": "21", "n": "45555", "vap": "198", "pvap": "   1,07", "e": "N", "st": "Suplente"}, {"seq": "41", "n": "45678", "vap": "135", "pvap": "   0,73", "e": "N", "st": "Suplente"}, {"seq": "134", "n": "45147", "vap": "14", "pvap": "   0,08", "e": "N", "st": "Suplente"}, {"seq": "146", "n": "22111", "vap": "4", "pvap": "   0,02", "e": "N", "st": "Suplente"}, {"seq": "16", "n": "22522", "vap": "243", "pvap": "   1,31", "e": "N", "st": "Suplente"}, {"seq": "36", "n": "22999", "vap": "149", "pvap": "   0,80", "e": "N", "st": "Suplente"}, {"seq": "65", "n": "22333", "vap": "74", "pvap": "   0,40", "e": "N", "st": "Suplente"}, {"seq": "104", "n": "22174", "vap": "33", "pvap": "   0,18", "e": "N", "st": "Suplente"}, {"seq": "29", "n": "22222", "vap": "162", "pvap": "   0,87", "e": "N", "st": "Suplente"}, {"seq": "124", "n": "22000", "vap": "21", "pvap": "   0,11", "e": "N", "st": "Suplente"}, {"seq": "8", "n": "22022", "vap": "259", "pvap": "   1,40", "e": "S", "st": "Eleito"}, {"seq": "116", "n": "22123", "vap": "27", "pvap": "   0,15", "e": "N", "st": "Suplente"}, {"seq": "26", "n": "22120", "vap": "185", "pvap": "   1,00", "e": "N", "st": "Suplente"}, {"seq": "61", "n": "22050", "vap": "82", "pvap": "   0,44", "e": "N", "st": "Suplente"}, {"seq": "90", "n": "22151", "vap": "46", "pvap": "   0,25", "e": "N", "st": "Suplente"}, {"seq": "256", "n": "90120", "vap": "7", "pvap": "   0,04", "e": "N", "st": "N\u00e3o eleito"}, {"seq": "279", "n": "90126", "vap": "3", "pvap": "   0,02", "e": "N", "st": "N\u00e3o eleito"}, {"seq": "173", "n": "90050", "vap": "65", "pvap": "   0,35", "e": "N", "st": "N\u00e3o eleito"}, {"seq": "242", "n": "90024", "vap": "11", "pvap": "   0,06", "e": "N", "st": "N\u00e3o eleito"}, {"seq": "301", "n": "90014", "vap": "0", "pvap": "00.00", "e": "N", "st": "N\u00e3o eleito"}, {"seq": "264", "n": "90138", "vap": "5", "pvap": "   0,03", "e": "N", "st": "N\u00e3o eleito"}, {"seq": "261", "n": "90028", "vap": "6", "pvap": "   0,03", "e": "N", "st": "N\u00e3o eleito"}, {"seq": "303", "n": "90013", "vap": "0", "pvap": "00.00", "e": "N", "st": "N\u00e3o eleito"}, {"seq": "236", "n": "90090", "vap": "12", "pvap": "   0,06", "e": "N", "st": "N\u00e3o eleito"}, {"seq": "177", "n": "90123", "vap": "47", "pvap": "   0,25", "e": "N", "st": "N\u00e3o eleito"}, {"seq": "91", "n": "12555", "vap": "45", "pvap": "   0,24", "e": "N", "st": "Suplente"}, {"seq": "38", "n": "12345", "vap": "145", "pvap": "   0,78", "e": "N", "st": "Suplente"}, {"seq": "15", "n": "12174", "vap": "258", "pvap": "   1,39", "e": "N", "st": "Suplente"}, {"seq": "58", "n": "12789", "vap": "92", "pvap": "   0,50", "e": "N", "st": "Suplente"}, {"seq": "95", "n": "12012", "vap": "38", "pvap": "   0,20", "e": "N", "st": "Suplente"}, {"seq": "44", "n": "12456", "vap": "127", "pvap": "   0,68", "e": "N", "st": "Suplente"}, {"seq": "145", "n": "12165", "vap": "5", "pvap": "   0,03", "e": "N", "st": "Suplente"}, {"seq": "14", "n": "12333", "vap": "294", "pvap": "   1,59", "e": "N", "st": "Suplente"}, {"seq": "113", "n": "12000", "vap": "29", "pvap": "   0,16", "e": "N", "st": "Suplente"}, {"seq": "117", "n": "12222", "vap": "27", "pvap": "   0,15", "e": "N", "st": "Suplente"}, {"seq": "2", "n": "12123", "vap": "472", "pvap": "   2,55", "e": "S", "st": "Eleito"}, {"seq": "53", "n": "15038", "vap": "101", "pvap": "   0,54", "e": "N", "st": "Suplente"}, {"seq": "76", "n": "15190", "vap": "66", "pvap": "   0,36", "e": "N", "st": "Suplente"}, {"seq": "142", "n": "15007", "vap": "8", "pvap": "   0,04", "e": "N", "st": "Suplente"}, {"seq": "70", "n": "15015", "vap": "69", "pvap": "   0,37", "e": "N", "st": "Suplente"}, {"seq": "132", "n": "15150", "vap": "17", "pvap": "   0,09", "e": "N", "st": "Suplente"}, {"seq": "94", "n": "15888", "vap": "40", "pvap": "   0,22", "e": "N", "st": "Suplente"}, {"seq": "122", "n": "15240", "vap": "22", "pvap": "   0,12", "e": "N", "st": "Suplente"}, {"seq": "99", "n": "15500", "vap": "36", "pvap": "   0,19", "e": "N", "st": "Suplente"}, {"seq": "112", "n": "15121", "vap": "29", "pvap": "   0,16", "e": "N", "st": "Suplente"}, {"seq": "128", "n": "15200", "vap": "19", "pvap": "   0,10", "e": "N", "st": "Suplente"}, {"seq": "55", "n": "15456", "vap": "94", "pvap": "   0,51", "e": "N", "st": "Suplente"}, {"seq": "25", "n": "15555", "vap": "186", "pvap": "   1,00", "e": "N", "st": "Suplente"}, {"seq": "12", "n": "15123", "vap": "202", "pvap": "   1,09", "e": "S", "st": "Eleito"}, {"seq": "139", "n": "15111", "vap": "9", "pvap": "   0,05", "e": "N", "st": "Suplente"}, {"seq": "107", "n": "15655", "vap": "32", "pvap": "   0,17", "e": "N", "st": "Suplente"}, {"seq": "27", "n": "15000", "vap": "179", "pvap": "   0,97", "e": "N", "st": "Suplente"}, {"seq": "20", "n": "15777", "vap": "201", "pvap": "   1,08", "e": "N", "st": "Suplente"}, {"seq": "3", "n": "11190", "vap": "428", "pvap": "   2,31", "e": "S", "st": "Eleito"}, {"seq": "133", "n": "11555", "vap": "16", "pvap": "   0,09", "e": "N", "st": "Suplente"}, {"seq": "88", "n": "11011", "vap": "50", "pvap": "   0,27", "e": "N", "st": "Suplente"}, {"seq": "5", "n": "11123", "vap": "341", "pvap": "   1,84", "e": "S", "st": "Eleito"}, {"seq": "64", "n": "11111", "vap": "76", "pvap": "   0,41", "e": "N", "st": "Suplente"}, {"seq": "115", "n": "11000", "vap": "28", "pvap": "   0,15", "e": "N", "st": "Suplente"}, {"seq": "105", "n": "11133", "vap": "33", "pvap": "   0,18", "e": "N", "st": "Suplente"}, {"seq": "109", "n": "11113", "vap": "32", "pvap": "   0,17", "e": "N", "st": "Suplente"}, {"seq": "57", "n": "11567", "vap": "93", "pvap": "   0,50", "e": "N", "st": "Suplente"}, {"seq": "123", "n": "11222", "vap": "22", "pvap": "   0,12", "e": "N", "st": "Suplente"}, {"seq": "17", "n": "11234", "vap": "234", "pvap": "   1,26", "e": "N", "st": "Suplente"}, {"seq": "125", "n": "11456", "vap": "21", "pvap": "   0,11", "e": "N", "st": "Suplente"}, {"seq": "37", "n": "11174", "vap": "147", "pvap": "   0,79", "e": "N", "st": "Suplente"}, {"seq": "66", "n": "11777", "vap": "73", "pvap": "   0,39", "e": "N", "st": "Suplente"}, {"seq": "237", "n": "51088", "vap": "12", "pvap": "   0,06", "e": "N", "st": "N\u00e3o eleito"}, {"seq": "265", "n": "51028", "vap": "5", "pvap": "   0,03", "e": "N", "st": "N\u00e3o eleito"}, {"seq": "213", "n": "51038", "vap": "19", "pvap": "   0,10", "e": "N", "st": "N\u00e3o eleito"}, {"seq": "295", "n": "51888", "vap": "0", "pvap": "00.00", "e": "N", "st": "N\u00e3o eleito"}, {"seq": "188", "n": "51010", "vap": "34", "pvap": "   0,18", "e": "N", "st": "N\u00e3o eleito"}, {"seq": "218", "n": "51050", "vap": "16", "pvap": "   0,09", "e": "N", "st": "N\u00e3o eleito"}, {"seq": "196", "n": "51777", "vap": "29", "pvap": "   0,16", "e": "N", "st": "N\u00e3o eleito"}, {"seq": "208", "n": "51051", "vap": "21", "pvap": "   0,11", "e": "N", "st": "N\u00e3o eleito"}, {"seq": "169", "n": "51234", "vap": "72", "pvap": "   0,39", "e": "N", "st": "N\u00e3o eleito"}, {"seq": "172", "n": "51111", "vap": "67", "pvap": "   0,36", "e": "N", "st": "N\u00e3o eleito"}, {"seq": "286", "n": "51333", "vap": "1", "pvap": "   0,01", "e": "N", "st": "N\u00e3o eleito"}, {"seq": "243", "n": "51107", "vap": "11", "pvap": "   0,06", "e": "N", "st": "N\u00e3o eleito"}, {"seq": "268", "n": "51151", "vap": "4", "pvap": "   0,02", "e": "N", "st": "N\u00e3o eleito"}, {"seq": "212", "n": "51000", "vap": "19", "pvap": "   0,10", "e": "N", "st": "N\u00e3o eleito"}, {"seq": "198", "n": "51123", "vap": "28", "pvap": "   0,15", "e": "N", "st": "N\u00e3o eleito"}, {"seq": "194", "n": "51174", "vap": "30", "pvap": "   0,16", "e": "N", "st": "N\u00e3o eleito"}, {"seq": "166", "n": "51212", "vap": "78", "pvap": "   0,42", "e": "N", "st": "N\u00e3o eleito"}, {"seq": "195", "n": "10222", "vap": "29", "pvap": "   0,16", "e": "N", "st": "N\u00e3o eleito"}, {"seq": "161", "n": "10111", "vap": "105", "pvap": "   0,57", "e": "N", "st": "N\u00e3o eleito"}, {"seq": "278", "n": "10001", "vap": "3", "pvap": "   0,02", "e": "N", "st": "N\u00e3o eleito"}, {"seq": "171", "n": "10123", "vap": "68", "pvap": "   0,37", "e": "N", "st": "N\u00e3o eleito"}, {"seq": "239", "n": "10777", "vap": "11", "pvap": "   0,06", "e": "N", "st": "N\u00e3o eleito"}, {"seq": "160", "n": "13333", "vap": "161", "pvap": "   0,87", "e": "N", "st": "N\u00e3o eleito"}, {"seq": "258", "n": "13013", "vap": "7", "pvap": "   0,04", "e": "N", "st": "N\u00e3o eleito"}, {"seq": "276", "n": "13174", "vap": "3", "pvap": "   0,02", "e": "N", "st": "N\u00e3o eleito"}, {"seq": "228", "n": "13180", "vap": "13", "pvap": "   0,07", "e": "N", "st": "N\u00e3o eleito"}, {"seq": "200", "n": "13139", "vap": "25", "pvap": "   0,13", "e": "N", "st": "N\u00e3o eleito"}, {"seq": "257", "n": "13999", "vap": "7", "pvap": "   0,04", "e": "N", "st": "N\u00e3o eleito"}, {"seq": "288", "n": "13018", "vap": "1", "pvap": "   0,01", "e": "N", "st": "N\u00e3o eleito"}, {"seq": "185", "n": "13444", "vap": "40", "pvap": "   0,22", "e": "N", "st": "N\u00e3o eleito"}, {"seq": "170", "n": "13000", "vap": "71", "pvap": "   0,38", "e": "N", "st": "N\u00e3o eleito"}, {"seq": "182", "n": "13696", "vap": "41", "pvap": "   0,22", "e": "N", "st": "N\u00e3o eleito"}, {"seq": "289", "n": "13222", "vap": "1", "pvap": "   0,01", "e": "N", "st": "N\u00e3o eleito"}, {"seq": "210", "n": "13123", "vap": "21", "pvap": "   0,11", "e": "N", "st": "N\u00e3o eleito"}, {"seq": "56", "n": "19190", "vap": "93", "pvap": "   0,50", "e": "N", "st": "Suplente"}, {"seq": "67", "n": "19999", "vap": "71", "pvap": "   0,38", "e": "N", "st": "Suplente"}, {"seq": "96", "n": "19037", "vap": "38", "pvap": "   0,20", "e": "N", "st": "Suplente"}, {"seq": "35", "n": "19120", "vap": "149", "pvap": "   0,80", "e": "N", "st": "Suplente"}, {"seq": "59", "n": "19333", "vap": "91", "pvap": "   0,49", "e": "N", "st": "Suplente"}, {"seq": "97", "n": "19888", "vap": "37", "pvap": "   0,20", "e": "N", "st": "Suplente"}, {"seq": "114", "n": "19001", "vap": "28", "pvap": "   0,15", "e": "N", "st": "Suplente"}, {"seq": "63", "n": "19556", "vap": "78", "pvap": "   0,42", "e": "N", "st": "Suplente"}, {"seq": "137", "n": "19111", "vap": "10", "pvap": "   0,05", "e": "N", "st": "Suplente"}, {"seq": "39", "n": "19777", "vap": "142", "pvap": "   0,77", "e": "N", "st": "Suplente"}, {"seq": "130", "n": "19253", "vap": "17", "pvap": "   0,09", "e": "N", "st": "Suplente"}, {"seq": "74", "n": "19007", "vap": "68", "pvap": "   0,37", "e": "N", "st": "Suplente"}, {"seq": "30", "n": "19000", "vap": "162", "pvap": "   0,87", "e": "N", "st": "Suplente"}, {"seq": "50", "n": "19119", "vap": "105", "pvap": "   0,57", "e": "N", "st": "Suplente"}, {"seq": "129", "n": "19181", "vap": "18", "pvap": "   0,10", "e": "N", "st": "Suplente"}, {"seq": "73", "n": "19555", "vap": "69", "pvap": "   0,37", "e": "N", "st": "Suplente"}, {"seq": "7", "n": "19123", "vap": "272", "pvap": "   1,47", "e": "S", "st": "Eleito"}, {"seq": "86", "n": "19525", "vap": "51", "pvap": "   0,28", "e": "N", "st": "Suplente"}, {"seq": "72", "n": "19139", "vap": "69", "pvap": "   0,37", "e": "N", "st": "Suplente"}, {"seq": "140", "n": "19019", "vap": "9", "pvap": "   0,05", "e": "N", "st": "Suplente"}, {"seq": "215", "n": "77123", "vap": "18", "pvap": "   0,10", "e": "N", "st": "N\u00e3o eleito"}, {"seq": "255", "n": "77000", "vap": "8", "pvap": "   0,04", "e": "N", "st": "N\u00e3o eleito"}, {"seq": "291", "n": "77024", "vap": "0", "pvap": "00.00", "e": "N", "st": "N\u00e3o eleito"}, {"seq": "287", "n": "77120", "vap": "1", "pvap": "   0,01", "e": "N", "st": "N\u00e3o eleito"}, {"seq": "247", "n": "77165", "vap": "10", "pvap": "   0,05", "e": "N", "st": "N\u00e3o eleito"}, {"seq": "262", "n": "77098", "vap": "6", "pvap": "   0,03", "e": "N", "st": "N\u00e3o eleito"}, {"seq": "254", "n": "77777", "vap": "8", "pvap": "   0,04", "e": "N", "st": "N\u00e3o eleito"}, {"seq": "251", "n": "77076", "vap": "9", "pvap": "   0,05", "e": "N", "st": "N\u00e3o eleito"}, {"seq": "263", "n": "77026", "vap": "6", "pvap": "   0,03", "e": "N", "st": "N\u00e3o eleito"}, {"seq": "221", "n": "77013", "vap": "16", "pvap": "   0,09", "e": "N", "st": "N\u00e3o eleito"}, {"seq": "184", "n": "77077", "vap": "40", "pvap": "   0,22", "e": "N", "st": "N\u00e3o eleito"}, {"seq": "204", "n": "77767", "vap": "24", "pvap": "   0,13", "e": "N", "st": "N\u00e3o eleito"}, {"seq": "220", "n": "77174", "vap": "16", "pvap": "   0,09", "e": "N", "st": "N\u00e3o eleito"}]}, {"dt": "15/11/2020", "ht": "21:46:11", "tf": "S", "and": "F", "tpabr": "ZONA", "cdabr": "51", "s": "63", "st": "63", "snt": "0", "si": "63", "sni": "0", "sa": "63", "sna": "0", "pst": " 100,00", "psnt": "   0,00", "psi": " 100,00", "psni": "   0,00", "psa": " 100,00", "psna": "   0,00", "e": "23650", "ea": "23650", "ena": "0", "esi": "23650", "esni": "0", "a": "4747", "c": "18903", "pea": " 100,00", "pena": "   0,00", "pesi": " 100,00", "pesni": "   0,00", "pa": "  20,07", "pc": "  79,93", "vnom": "17597", "vscv": "0", "vl": "877", "tv": "18903", "vvc": "18542", "vb": "128", "tvn": "233", "vn": "233", "vnt": "0", "vp": "0", "vv": "18474", "van": "0", "vansj": "68", "pvnom": "  95,25", "pvl": "   4,75", "pvvc": "  98,09", "pvb": "   0,68", "ptvn": "   1,23", "pvn": " 100,00", "pvnt": "   0,00", "pvp": "   0,00", "pvv": "  99,63", "pvan": "   0,00", "pvansj": "   0,37", "cand": [{"seq": "93", "n": "70000", "vap": "40", "pvap": "   0,22", "e": "N", "st": "Suplente"}, {"seq": "28", "n": "70123", "vap": "168", "pvap": "   0,91", "e": "N", "st": "Suplente"}, {"seq": "151", "n": "70220", "vap": "2", "pvap": "   0,01", "e": "N", "st": "Suplente"}, {"seq": "18", "n": "70070", "vap": "227", "pvap": "   1,22", "e": "N", "st": "Suplente"}, {"seq": "143", "n": "70077", "vap": "7", "pvap": "   0,04", "e": "N", "st": "Suplente"}, {"seq": "49", "n": "70555", "vap": "105", "pvap": "   0,57", "e": "N", "st": "Suplente"}, {"seq": "87", "n": "70174", "vap": "50", "pvap": "   0,27", "e": "N", "st": "Suplente"}, {"seq": "118", "n": "70647", "vap": "26", "pvap": "   0,14", "e": "N", "st": "Suplente"}, {"seq": "4", "n": "70777", "vap": "360", "pvap": "   1,94", "e": "S", "st": "Eleito"}, {"seq": "103", "n": "70111", "vap": "34", "pvap": "   0,18", "e": "N", "st": "Suplente"}, {"seq": "102", "n": "70177", "vap": "35", "pvap": "   0,19", "e": "N", "st": "Suplente"}, {"seq": "149", "n": "70222", "vap": "3", "pvap": "   0,02", "e": "N", "st": "Suplente"}, {"seq": "83", "n": "40667", "vap": "54", "pvap": "   0,29", "e": "N", "st": "Suplente"}, {"seq": "144", "n": "40222", "vap": "6", "pvap": "   0,03", "e": "N", "st": "Suplente"}, {"seq": "136", "n": "40032", "vap": "12", "pvap": "   0,06", "e": "N", "st": "Suplente"}, {"seq": "120", "n": "40165", "vap": "24", "pvap": "   0,13", "e": "N", "st": "Suplente"}, {"seq": "42", "n": "40111", "vap": "135", "pvap": "   0,73", "e": "N", "st": "Suplente"}, {"seq": "111", "n": "40120", "vap": "29", "pvap": "   0,16", "e": "N", "st": "Suplente"}, {"seq": "77", "n": "40123", "vap": "65", "pvap": "   0,35", "e": "N", "st": "Suplente"}, {"seq": "24", "n": "40400", "vap": "192", "pvap": "   1,04", "e": "N", "st": "Suplente"}, {"seq": "155", "n": "40444", "vap": "0", "pvap": "00.00", "e": "N", "st": "Suplente"}, {"seq": "48", "n": "40555", "vap": "109", "pvap": "   0,59", "e": "N", "st": "Suplente"}, {"seq": "1", "n": "40174", "vap": "520", "pvap": "   2,80", "e": "S", "st": "Eleito"}, {"seq": "23", "n": "40234", "vap": "192", "pvap": "   1,04", "e": "N", "st": "Suplente"}, {"seq": "135", "n": "40040", "vap": "12", "pvap": "   0,06", "e": "N", "st": "Suplente"}, {"seq": "158", "n": "40556", "vap": "0", "pvap": "00.00", "e": "N", "st": "Suplente"}, {"seq": "147", "n": "40777", "vap": "3", "pvap": "   0,02", "e": "N", "st": "Suplente"}, {"seq": "126", "n": "40000", "vap": "20", "pvap": "   0,11", "e": "N", "st": "Suplente"}, {"seq": "108", "n": "36018", "vap": "32", "pvap": "   0,17", "e": "N", "st": "Suplente"}, {"seq": "47", "n": "36888", "vap": "114", "pvap": "   0,61", "e": "N", "st": "Suplente"}, {"seq": "89", "n": "36007", "vap": "48", "pvap": "   0,26", "e": "N", "st": "Suplente"}, {"seq": "85", "n": "36777", "vap": "52", "pvap": "   0,28", "e": "N", "st": "Suplente"}, {"seq": "33", "n": "36000", "vap": "155", "pvap": "   0,84", "e": "N", "st": "Suplente"}, {"seq": "51", "n": "36456", "vap": "105", "pvap": "   0,57", "e": "N", "st": "Suplente"}, {"seq": "82", "n": "36789", "vap": "55", "pvap": "   0,30", "e": "N", "st": "Suplente"}, {"seq": "69", "n": "36555", "vap": "70", "pvap": "   0,38", "e": "N", "st": "Suplente"}, {"seq": "11", "n": "36663", "vap": "205", "pvap": "   1,11", "e": "S", "st": "Eleito"}, {"seq": "32", "n": "36006", "vap": "159", "pvap": "   0,86", "e": "N", "st": "Suplente"}, {"seq": "80", "n": "36123", "vap": "62", "pvap": "   0,33", "e": "N", "st": "Suplente"}, {"seq": "22", "n": "36636", "vap": "195", "pvap": "   1,05", "e": "N", "st": "Suplente"}, {"seq": "84", "n": "36020", "vap": "53", "pvap": "   0,29", "e": "N", "st": "Suplente"}, {"seq": "13", "n": "36111", "vap": "196", "pvap": "   1,06", "e": "S", "st": "Eleito"}, {"seq": "31", "n": "36174", "vap": "160", "pvap": "   0,86", "e": "N", "st": "Suplente"}, {"seq": "46", "n": "36222", "vap": "116", "pvap": "   0,63", "e": "N", "st": "Suplente"}, {"seq": "153", "n": "36316", "vap": "1", "pvap": "   0,01", "e": "N", "st": "Suplente"}, {"seq": "68", "n": "36333", "vap": "71", "pvap": "   0,38", "e": "N", "st": "Suplente"}, {"seq": "114", "n": "19001", "vap": "28", "pvap": "   0,15", "e": "N", "st": "Suplente"}, {"seq": "74", "n": "19007", "vap": "68", "pvap": "   0,37", "e": "N", "st": "Suplente"}, {"seq": "140", "n": "19019", "vap": "9", "pvap": "   0,05", "e": "N", "st": "Suplente"}, {"seq": "96", "n": "19037", "vap": "38", "pvap": "   0,20", "e": "N", "st": "Suplente"}, {"seq": "35", "n": "19120", "vap": "149", "pvap": "   0,80", "e": "N", "st": "Suplente"}, {"seq": "129", "n": "19181", "vap": "18", "pvap": "   0,10", "e": "N", "st": "Suplente"}, {"seq": "130", "n": "19253", "vap": "17", "pvap": "   0,09", "e": "N", "st": "Suplente"}, {"seq": "39", "n": "19777", "vap": "142", "pvap": "   0,77", "e": "N", "st": "Suplente"}, {"seq": "137", "n": "19111", "vap": "10", "pvap": "   0,05", "e": "N", "st": "Suplente"}, {"seq": "7", "n": "19123", "vap": "272", "pvap": "   1,47", "e": "S", "st": "Eleito"}, {"seq": "67", "n": "19999", "vap": "71", "pvap": "   0,38", "e": "N", "st": "Suplente"}, {"seq": "50", "n": "19119", "vap": "105", "pvap": "   0,57", "e": "N", "st": "Suplente"}, {"seq": "72", "n": "19139", "vap": "69", "pvap": "   0,37", "e": "N", "st": "Suplente"}, {"seq": "86", "n": "19525", "vap": "51", "pvap": "   0,28", "e": "N", "st": "Suplente"}, {"seq": "63", "n": "19556", "vap": "78", "pvap": "   0,42", "e": "N", "st": "Suplente"}, {"seq": "97", "n": "19888", "vap": "37", "pvap": "   0,20", "e": "N", "st": "Suplente"}, {"seq": "30", "n": "19000", "vap": "162", "pvap": "   0,87", "e": "N", "st": "Suplente"}, {"seq": "73", "n": "19555", "vap": "69", "pvap": "   0,37", "e": "N", "st": "Suplente"}, {"seq": "56", "n": "19190", "vap": "93", "pvap": "   0,50", "e": "N", "st": "Suplente"}, {"seq": "59", "n": "19333", "vap": "91", "pvap": "   0,49", "e": "N", "st": "Suplente"}, {"seq": "26", "n": "22120", "vap": "185", "pvap": "   1,00", "e": "N", "st": "Suplente"}, {"seq": "29", "n": "22222", "vap": "162", "pvap": "   0,87", "e": "N", "st": "Suplente"}, {"seq": "8", "n": "22022", "vap": "259", "pvap": "   1,40", "e": "S", "st": "Eleito"}, {"seq": "61", "n": "22050", "vap": "82", "pvap": "   0,44", "e": "N", "st": "Suplente"}, {"seq": "116", "n": "22123", "vap": "27", "pvap": "   0,15", "e": "N", "st": "Suplente"}, {"seq": "124", "n": "22000", "vap": "21", "pvap": "   0,11", "e": "N", "st": "Suplente"}, {"seq": "65", "n": "22333", "vap": "74", "pvap": "   0,40", "e": "N", "st": "Suplente"}, {"seq": "16", "n": "22522", "vap": "243", "pvap": "   1,31", "e": "N", "st": "Suplente"}, {"seq": "90", "n": "22151", "vap": "46", "pvap": "   0,25", "e": "N", "st": "Suplente"}, {"seq": "104", "n": "22174", "vap": "33", "pvap": "   0,18", "e": "N", "st": "Suplente"}, {"seq": "36", "n": "22999", "vap": "149", "pvap": "   0,80", "e": "N", "st": "Suplente"}, {"seq": "146", "n": "22111", "vap": "4", "pvap": "   0,02", "e": "N", "st": "Suplente"}, {"seq": "220", "n": "77174", "vap": "16", "pvap": "   0,09", "e": "N", "st": "N\u00e3o eleito"}, {"seq": "291", "n": "77024", "vap": "0", "pvap": "00.00", "e": "N", "st": "N\u00e3o eleito"}, {"seq": "204", "n": "77767", "vap": "24", "pvap": "   0,13", "e": "N", "st": "N\u00e3o eleito"}, {"seq": "255", "n": "77000", "vap": "8", "pvap": "   0,04", "e": "N", "st": "N\u00e3o eleito"}, {"seq": "184", "n": "77077", "vap": "40", "pvap": "   0,22", "e": "N", "st": "N\u00e3o eleito"}, {"seq": "287", "n": "77120", "vap": "1", "pvap": "   0,01", "e": "N", "st": "N\u00e3o eleito"}, {"seq": "251", "n": "77076", "vap": "9", "pvap": "   0,05", "e": "N", "st": "N\u00e3o eleito"}, {"seq": "215", "n": "77123", "vap": "18", "pvap": "   0,10", "e": "N", "st": "N\u00e3o eleito"}, {"seq": "254", "n": "77777", "vap": "8", "pvap": "   0,04", "e": "N", "st": "N\u00e3o eleito"}, {"seq": "263", "n": "77026", "vap": "6", "pvap": "   0,03", "e": "N", "st": "N\u00e3o eleito"}, {"seq": "221", "n": "77013", "vap": "16", "pvap": "   0,09", "e": "N", "st": "N\u00e3o eleito"}, {"seq": "262", "n": "77098", "vap": "6", "pvap": "   0,03", "e": "N", "st": "N\u00e3o eleito"}, {"seq": "247", "n": "77165", "vap": "10", "pvap": "   0,05", "e": "N", "st": "N\u00e3o eleito"}, {"seq": "10", "n": "45456", "vap": "218", "pvap": "   1,18", "e": "S", "st": "Eleito"}, {"seq": "62", "n": "45789", "vap": "81", "pvap": "   0,44", "e": "N", "st": "Suplente"}, {"seq": "121", "n": "45000", "vap": "22", "pvap": "   0,12", "e": "N", "st": "Suplente"}, {"seq": "150", "n": "45002", "vap": "2", "pvap": "   0,01", "e": "N", "st": "Suplente"}, {"seq": "134", "n": "45147", "vap": "14", "pvap": "   0,08", "e": "N", "st": "Suplente"}, {"seq": "52", "n": "45222", "vap": "103", "pvap": "   0,56", "e": "N", "st": "Suplente"}, {"seq": "21", "n": "45555", "vap": "198", "pvap": "   1,07", "e": "N", "st": "Suplente"}, {"seq": "106", "n": "45007", "vap": "32", "pvap": "   0,17", "e": "N", "st": "Suplente"}, {"seq": "100", "n": "45045", "vap": "36", "pvap": "   0,19", "e": "N", "st": "Suplente"}, {"seq": "152", "n": "45155", "vap": "1", "pvap": "   0,01", "e": "N", "st": "Suplente"}, {"seq": "101", "n": "45333", "vap": "35", "pvap": "   0,19", "e": "N", "st": "Suplente"}, {"seq": "138", "n": "45200", "vap": "9", "pvap": "   0,05", "e": "N", "st": "Suplente"}, {"seq": "119", "n": "45001", "vap": "25", "pvap": "   0,13", "e": "N", "st": "Suplente"}, {"seq": "154", "n": "45369", "vap": "0", "pvap": "00.00", "e": "N", "st": "Suplente"}, {"seq": "41", "n": "45678", "vap": "135", "pvap": "   0,73", "e": "N", "st": "Suplente"}, {"seq": "92", "n": "45777", "vap": "43", "pvap": "   0,23", "e": "N", "st": "Suplente"}, {"seq": "127", "n": "45100", "vap": "19", "pvap": "   0,10", "e": "N", "st": "Suplente"}, {"seq": "75", "n": "45165", "vap": "68", "pvap": "   0,37", "e": "N", "st": "Suplente"}, {"seq": "54", "n": "45123", "vap": "95", "pvap": "   0,51", "e": "N", "st": "Suplente"}, {"seq": "214", "n": "35001", "vap": "18", "pvap": "   0,10", "e": "N", "st": "N\u00e3o eleito"}, {"seq": "227", "n": "35355", "vap": "14", "pvap": "   0,08", "e": "N", "st": "N\u00e3o eleito"}, {"seq": "203", "n": "35711", "vap": "24", "pvap": "   0,13", "e": "N", "st": "N\u00e3o eleito"}, {"seq": "275", "n": "35000", "vap": "3", "pvap": "   0,02", "e": "N", "st": "N\u00e3o eleito"}, {"seq": "249", "n": "35174", "vap": "10", "pvap": "   0,05", "e": "N", "st": "N\u00e3o eleito"}, {"seq": "187", "n": "35105", "vap": "35", "pvap": "   0,19", "e": "N", "st": "N\u00e3o eleito"}, {"seq": "283", "n": "35644", "vap": "1", "pvap": "   0,01", "e": "N", "st": "N\u00e3o eleito"}, {"seq": "205", "n": "35134", "vap": "23", "pvap": "   0,12", "e": "N", "st": "N\u00e3o eleito"}, {"seq": "225", "n": "35456", "vap": "15", "pvap": "   0,08", "e": "N", "st": "N\u00e3o eleito"}, {"seq": "260", "n": "35555", "vap": "6", "pvap": "   0,03", "e": "N", "st": "N\u00e3o eleito"}, {"seq": "248", "n": "35035", "vap": "10", "pvap": "   0,05", "e": "N", "st": "N\u00e3o eleito"}, {"seq": "162", "n": "35123", "vap": "100", "pvap": "   0,54", "e": "N", "st": "N\u00e3o eleito"}, {"seq": "81", "n": "20789", "vap": "59", "pvap": "   0,32", "e": "N", "st": "Suplente"}, {"seq": "157", "n": "20126", "vap": "0", "pvap": "00.00", "e": "N", "st": "Suplente"}, {"seq": "78", "n": "20456", "vap": "65", "pvap": "   0,35", "e": "N", "st": "Suplente"}, {"seq": "43", "n": "20007", "vap": "129", "pvap": "   0,70", "e": "N", "st": "Suplente"}, {"seq": "110", "n": "20025", "vap": "30", "pvap": "   0,16", "e": "N", "st": "Suplente"}, {"seq": "9", "n": "20123", "vap": "249", "pvap": "   1,34", "e": "S", "st": "Eleito"}, {"seq": "159", "n": "20321", "vap": "0", "pvap": "00.00", "e": "N", "st": "Suplente"}, {"seq": "131", "n": "20333", "vap": "17", "pvap": "   0,09", "e": "N", "st": "Suplente"}, {"seq": "34", "n": "20010", "vap": "154", "pvap": "   0,83", "e": "N", "st": "Suplente"}, {"seq": "6", "n": "20013", "vap": "323", "pvap": "   1,74", "e": "S", "st": "Eleito"}, {"seq": "19", "n": "20020", "vap": "207", "pvap": "   1,12", "e": "N", "st": "Suplente"}, {"seq": "79", "n": "20120", "vap": "63", "pvap": "   0,34", "e": "N", "st": "Suplente"}, {"seq": "45", "n": "20174", "vap": "121", "pvap": "   0,65", "e": "N", "st": "Suplente"}, {"seq": "40", "n": "20000", "vap": "139", "pvap": "   0,75", "e": "N", "st": "Suplente"}, {"seq": "141", "n": "20024", "vap": "8", "pvap": "   0,04", "e": "N", "st": "Suplente"}, {"seq": "60", "n": "20147", "vap": "87", "pvap": "   0,47", "e": "N", "st": "Suplente"}, {"seq": "71", "n": "20222", "vap": "69", "pvap": "   0,37", "e": "N", "st": "Suplente"}, {"seq": "98", "n": "20777", "vap": "37", "pvap": "   0,20", "e": "N", "st": "Suplente"}, {"seq": "156", "n": "20888", "vap": "0", "pvap": "00.00", "e": "N", "st": "Suplente"}, {"seq": "148", "n": "20999", "vap": "3", "pvap": "   0,02", "e": "N", "st": "Suplente"}, {"seq": "278", "n": "10001", "vap": "3", "pvap": "   0,02", "e": "N", "st": "N\u00e3o eleito"}, {"seq": "239", "n": "10777", "vap": "11", "pvap": "   0,06", "e": "N", "st": "N\u00e3o eleito"}, {"seq": "161", "n": "10111", "vap": "105", "pvap": "   0,57", "e": "N", "st": "N\u00e3o eleito"}, {"seq": "195", "n": "10222", "vap": "29", "pvap": "   0,16", "e": "N", "st": "N\u00e3o eleito"}, {"seq": "171", "n": "10123", "vap": "68", "pvap": "   0,37", "e": "N", "st": "N\u00e3o eleito"}, {"seq": "37", "n": "11174", "vap": "147", "pvap": "   0,79", "e": "N", "st": "Suplente"}, {"seq": "66", "n": "11777", "vap": "73", "pvap": "   0,39", "e": "N", "st": "Suplente"}, {"seq": "88", "n": "11011", "vap": "50", "pvap": "   0,27", "e": "N", "st": "Suplente"}, {"seq": "123", "n": "11222", "vap": "22", "pvap": "   0,12", "e": "N", "st": "Suplente"}, {"seq": "3", "n": "11190", "vap": "428", "pvap": "   2,31", "e": "S", "st": "Eleito"}, {"seq": "17", "n": "11234", "vap": "234", "pvap": "   1,26", "e": "N", "st": "Suplente"}, {"seq": "64", "n": "11111", "vap": "76", "pvap": "   0,41", "e": "N", "st": "Suplente"}, {"seq": "105", "n": "11133", "vap": "33", "pvap": "   0,18", "e": "N", "st": "Suplente"}, {"seq": "115", "n": "11000", "vap": "28", "pvap": "   0,15", "e": "N", "st": "Suplente"}, {"seq": "57", "n": "11567", "vap": "93", "pvap": "   0,50", "e": "N", "st": "Suplente"}, {"seq": "133", "n": "11555", "vap": "16", "pvap": "   0,09", "e": "N", "st": "Suplente"}, {"seq": "5", "n": "11123", "vap": "341", "pvap": "   1,84", "e": "S", "st": "Eleito"}, {"seq": "109", "n": "11113", "vap": "32", "pvap": "   0,17", "e": "N", "st": "Suplente"}, {"seq": "125", "n": "11456", "vap": "21", "pvap": "   0,11", "e": "N", "st": "Suplente"}, {"seq": "14", "n": "12333", "vap": "294", "pvap": "   1,59", "e": "N", "st": "Suplente"}, {"seq": "44", "n": "12456", "vap": "127", "pvap": "   0,68", "e": "N", "st": "Suplente"}, {"seq": "38", "n": "12345", "vap": "145", "pvap": "   0,78", "e": "N", "st": "Suplente"}, {"seq": "117", "n": "12222", "vap": "27", "pvap": "   0,15", "e": "N", "st": "Suplente"}, {"seq": "58", "n": "12789", "vap": "92", "pvap": "   0,50", "e": "N", "st": "Suplente"}, {"seq": "91", "n": "12555", "vap": "45", "pvap": "   0,24", "e": "N", "st": "Suplente"}, {"seq": "95", "n": "12012", "vap": "38", "pvap": "   0,20", "e": "N", "st": "Suplente"}, {"seq": "2", "n": "12123", "vap": "472", "pvap": "   2,55", "e": "S", "st": "Eleito"}, {"seq": "15", "n": "12174", "vap": "258", "pvap": "   1,39", "e": "N", "st": "Suplente"}, {"seq": "113", "n": "12000", "vap": "29", "pvap": "   0,16", "e": "N", "st": "Suplente"}, {"seq": "145", "n": "12165", "vap": "5", "pvap": "   0,03", "e": "N", "st": "Suplente"}, {"seq": "210", "n": "13123", "vap": "21", "pvap": "   0,11", "e": "N", "st": "N\u00e3o eleito"}, {"seq": "200", "n": "13139", "vap": "25", "pvap": "   0,13", "e": "N", "st": "N\u00e3o eleito"}, {"seq": "258", "n": "13013", "vap": "7", "pvap": "   0,04", "e": "N", "st": "N\u00e3o eleito"}, {"seq": "276", "n": "13174", "vap": "3", "pvap": "   0,02", "e": "N", "st": "N\u00e3o eleito"}, {"seq": "185", "n": "13444", "vap": "40", "pvap": "   0,22", "e": "N", "st": "N\u00e3o eleito"}, {"seq": "228", "n": "13180", "vap": "13", "pvap": "   0,07", "e": "N", "st": "N\u00e3o eleito"}, {"seq": "288", "n": "13018", "vap": "1", "pvap": "   0,01", "e": "N", "st": "N\u00e3o eleito"}, {"seq": "170", "n": "13000", "vap": "71", "pvap": "   0,38", "e": "N", "st": "N\u00e3o eleito"}, {"seq": "182", "n": "13696", "vap": "41", "pvap": "   0,22", "e": "N", "st": "N\u00e3o eleito"}, {"seq": "289", "n": "13222", "vap": "1", "pvap": "   0,01", "e": "N", "st": "N\u00e3o eleito"}, {"seq": "160", "n": "13333", "vap": "161", "pvap": "   0,87", "e": "N", "st": "N\u00e3o eleito"}, {"seq": "257", "n": "13999", "vap": "7", "pvap": "   0,04", "e": "N", "st": "N\u00e3o eleito"}, {"seq": "256", "n": "90120", "vap": "7", "pvap": "   0,04", "e": "N", "st": "N\u00e3o eleito"}, {"seq": "264", "n": "90138", "vap": "5", "pvap": "   0,03", "e": "N", "st": "N\u00e3o eleito"}, {"seq": "303", "n": "90013", "vap": "0", "pvap": "00.00", "e": "N", "st": "N\u00e3o eleito"}, {"seq": "242", "n": "90024", "vap": "11", "pvap": "   0,06", "e": "N", "st": "N\u00e3o eleito"}, {"seq": "173", "n": "90050", "vap": "65", "pvap": "   0,35", "e": "N", "st": "N\u00e3o eleito"}, {"seq": "279", "n": "90126", "vap": "3", "pvap": "   0,02", "e": "N", "st": "N\u00e3o eleito"}, {"seq": "261", "n": "90028", "vap": "6", "pvap": "   0,03", "e": "N", "st": "N\u00e3o eleito"}, {"seq": "301", "n": "90014", "vap": "0", "pvap": "00.00", "e": "N", "st": "N\u00e3o eleito"}, {"seq": "236", "n": "90090", "vap": "12", "pvap": "   0,06", "e": "N", "st": "N\u00e3o eleito"}, {"seq": "177", "n": "90123", "vap": "47", "pvap": "   0,25", "e": "N", "st": "N\u00e3o eleito"}, {"seq": "233", "n": "23123", "vap": "13", "pvap": "   0,07", "e": "N", "st": "N\u00e3o eleito"}, {"seq": "299", "n": "23900", "vap": "0", "pvap": "00.00", "e": "N", "st": "N\u00e3o eleito"}, {"seq": "277", "n": "23444", "vap": "3", "pvap": "   0,02", "e": "N", "st": "N\u00e3o eleito"}, {"seq": "234", "n": "23023", "vap": "13", "pvap": "   0,07", "e": "N", "st": "N\u00e3o eleito"}, {"seq": "272", "n": "23190", "vap": "4", "pvap": "   0,02", "e": "N", "st": "N\u00e3o eleito"}, {"seq": "207", "n": "17000", "vap": "22", "pvap": "   0,12", "e": "N", "st": "N\u00e3o eleito"}, {"seq": "192", "n": "17222", "vap": "31", "pvap": "   0,17", "e": "N", "st": "N\u00e3o eleito"}, {"seq": "246", "n": "17225", "vap": "10", "pvap": "   0,05", "e": "N", "st": "N\u00e3o eleito"}, {"seq": "259", "n": "17555", "vap": "6", "pvap": "   0,03", "e": "N", "st": "N\u00e3o eleito"}, {"seq": "193", "n": "17444", "vap": "30", "pvap": "   0,16", "e": "N", "st": "N\u00e3o eleito"}, {"seq": "209", "n": "17017", "vap": "21", "pvap": "   0,11", "e": "N", "st": "N\u00e3o eleito"}, {"seq": "191", "n": "17200", "vap": "32", "pvap": "   0,17", "e": "N", "st": "N\u00e3o eleito"}, {"seq": "284", "n": "17777", "vap": "1", "pvap": "   0,01", "e": "N", "st": "N\u00e3o eleito"}, {"seq": "267", "n": "17333", "vap": "5", "pvap": "   0,03", "e": "N", "st": "N\u00e3o eleito"}, {"seq": "269", "n": "17123", "vap": "4", "pvap": "   0,02", "e": "N", "st": "N\u00e3o eleito"}, {"seq": "179", "n": "25000", "vap": "46", "pvap": "   0,25", "e": "N", "st": "N\u00e3o eleito"}, {"seq": "216", "n": "25174", "vap": "18", "pvap": "   0,10", "e": "N", "st": "N\u00e3o eleito"}, {"seq": "235", "n": "25677", "vap": "13", "pvap": "   0,07", "e": "N", "st": "N\u00e3o eleito"}, {"seq": "281", "n": "25777", "vap": "2", "pvap": "   0,01", "e": "N", "st": "N\u00e3o eleito"}, {"seq": "302", "n": "25126", "vap": "0", "pvap": "00.00", "e": "N", "st": "N\u00e3o eleito"}, {"seq": "274", "n": "25888", "vap": "4", "pvap": "   0,02", "e": "N", "st": "N\u00e3o eleito"}, {"seq": "164", "n": "25123", "vap": "95", "pvap": "   0,51", "e": "N", "st": "N\u00e3o eleito"}, {"seq": "273", "n": "25179", "vap": "4", "pvap": "   0,02", "e": "N", "st": "N\u00e3o eleito"}, {"seq": "223", "n": "25222", "vap": "15", "pvap": "   0,08", "e": "N", "st": "N\u00e3o eleito"}, {"seq": "178", "n": "25456", "vap": "46", "pvap": "   0,25", "e": "N", "st": "N\u00e3o eleito"}, {"seq": "238", "n": "25007", "vap": "12", "pvap": "   0,06", "e": "N", "st": "N\u00e3o eleito"}, {"seq": "165", "n": "25013", "vap": "94", "pvap": "   0,51", "e": "N", "st": "N\u00e3o eleito"}, {"seq": "232", "n": "25025", "vap": "13", "pvap": "   0,07", "e": "N", "st": "N\u00e3o eleito"}, {"seq": "240", "n": "25125", "vap": "11", "pvap": "   0,06", "e": "N", "st": "N\u00e3o eleito"}, {"seq": "300", "n": "25240", "vap": "0", "pvap": "00.00", "e": "N", "st": "N\u00e3o eleito"}, {"seq": "201", "n": "25555", "vap": "25", "pvap": "   0,13", "e": "N", "st": "N\u00e3o eleito"}, {"seq": "176", "n": "25789", "vap": "51", "pvap": "   0,28", "e": "N", "st": "N\u00e3o eleito"}, {"seq": "293", "n": "33000", "vap": "0", "pvap": "00.00", "e": "N", "st": "N\u00e3o eleito"}, {"seq": "292", "n": "33030", "vap": "0", "pvap": "00.00", "e": "N", "st": "N\u00e3o eleito"}, {"seq": "296", "n": "33174", "vap": "0", "pvap": "00.00", "e": "N", "st": "N\u00e3o eleito"}, {"seq": "270", "n": "33233", "vap": "4", "pvap": "   0,02", "e": "N", "st": "N\u00e3o eleito"}, {"seq": "298", "n": "33456", "vap": "0", "pvap": "00.00", "e": "N", "st": "N\u00e3o eleito"}, {"seq": "294", "n": "33123", "vap": "0", "pvap": "00.00", "e": "N", "st": "N\u00e3o eleito"}, {"seq": "271", "n": "33155", "vap": "4", "pvap": "   0,02", "e": "N", "st": "N\u00e3o eleito"}, {"seq": "280", "n": "33016", "vap": "3", "pvap": "   0,02", "e": "N", "st": "N\u00e3o eleito"}, {"seq": "290", "n": "33028", "vap": "0", "pvap": "00.00", "e": "N", "st": "N\u00e3o eleito"}, {"seq": "229", "n": "33033", "vap": "13", "pvap": "   0,07", "e": "N", "st": "N\u00e3o eleito"}, {"seq": "224", "n": "33333", "vap": "15", "pvap": "   0,08", "e": "N", "st": "N\u00e3o eleito"}, {"seq": "230", "n": "33222", "vap": "13", "pvap": "   0,07", "e": "N", "st": "N\u00e3o eleito"}, {"seq": "282", "n": "33127", "vap": "1", "pvap": "   0,01", "e": "N", "st": "N\u00e3o eleito"}, {"seq": "250", "n": "14777", "vap": "9", "pvap": "   0,05", "e": "N", "st": "N\u00e3o eleito"}, {"seq": "202", "n": "14456", "vap": "24", "pvap": "   0,13", "e": "N", "st": "N\u00e3o eleito"}, {"seq": "168", "n": "14333", "vap": "73", "pvap": "   0,39", "e": "N", "st": "N\u00e3o eleito"}, {"seq": "175", "n": "14190", "vap": "53", "pvap": "   0,29", "e": "N", "st": "N\u00e3o eleito"}, {"seq": "183", "n": "14147", "vap": "40", "pvap": "   0,22", "e": "N", "st": "N\u00e3o eleito"}, {"seq": "174", "n": "14174", "vap": "62", "pvap": "   0,33", "e": "N", "st": "N\u00e3o eleito"}, {"seq": "222", "n": "14111", "vap": "15", "pvap": "   0,08", "e": "N", "st": "N\u00e3o eleito"}, {"seq": "241", "n": "14000", "vap": "11", "pvap": "   0,06", "e": "N", "st": "N\u00e3o eleito"}, {"seq": "231", "n": "14577", "vap": "13", "pvap": "   0,07", "e": "N", "st": "N\u00e3o eleito"}, {"seq": "167", "n": "14123", "vap": "73", "pvap": "   0,39", "e": "N", "st": "N\u00e3o eleito"}, {"seq": "181", "n": "14888", "vap": "43", "pvap": "   0,23", "e": "N", "st": "N\u00e3o eleito"}, {"seq": "226", "n": "14555", "vap": "14", "pvap": "   0,08", "e": "N", "st": "N\u00e3o eleito"}, {"seq": "197", "n": "14444", "vap": "28", "pvap": "   0,15", "e": "N", "st": "N\u00e3o eleito"}, {"seq": "243", "n": "51107", "vap": "11", "pvap": "   0,06", "e": "N", "st": "N\u00e3o eleito"}, {"seq": "172", "n": "51111", "vap": "67", "pvap": "   0,36", "e": "N", "st": "N\u00e3o eleito"}, {"seq": "198", "n": "51123", "vap": "28", "pvap": "   0,15", "e": "N", "st": "N\u00e3o eleito"}, {"seq": "194", "n": "51174", "vap": "30", "pvap": "   0,16", "e": "N", "st": "N\u00e3o eleito"}, {"seq": "166", "n": "51212", "vap": "78", "pvap": "   0,42", "e": "N", "st": "N\u00e3o eleito"}, {"seq": "218", "n": "51050", "vap": "16", "pvap": "   0,09", "e": "N", "st": "N\u00e3o eleito"}, {"seq": "208", "n": "51051", "vap": "21", "pvap": "   0,11", "e": "N", "st": "N\u00e3o eleito"}, {"seq": "169", "n": "51234", "vap": "72", "pvap": "   0,39", "e": "N", "st": "N\u00e3o eleito"}, {"seq": "295", "n": "51888", "vap": "0", "pvap": "00.00", "e": "N", "st": "N\u00e3o eleito"}, {"seq": "188", "n": "51010", "vap": "34", "pvap": "   0,18", "e": "N", "st": "N\u00e3o eleito"}, {"seq": "286", "n": "51333", "vap": "1", "pvap": "   0,01", "e": "N", "st": "N\u00e3o eleito"}, {"seq": "196", "n": "51777", "vap": "29", "pvap": "   0,16", "e": "N", "st": "N\u00e3o eleito"}, {"seq": "212", "n": "51000", "vap": "19", "pvap": "   0,10", "e": "N", "st": "N\u00e3o eleito"}, {"seq": "265", "n": "51028", "vap": "5", "pvap": "   0,03", "e": "N", "st": "N\u00e3o eleito"}, {"seq": "237", "n": "51088", "vap": "12", "pvap": "   0,06", "e": "N", "st": "N\u00e3o eleito"}, {"seq": "268", "n": "51151", "vap": "4", "pvap": "   0,02", "e": "N", "st": "N\u00e3o eleito"}, {"seq": "213", "n": "51038", "vap": "19", "pvap": "   0,10", "e": "N", "st": "N\u00e3o eleito"}, {"seq": "245", "n": "43098", "vap": "11", "pvap": "   0,06", "e": "N", "st": "N\u00e3o eleito"}, {"seq": "186", "n": "43120", "vap": "38", "pvap": "   0,20", "e": "N", "st": "N\u00e3o eleito"}, {"seq": "163", "n": "43123", "vap": "96", "pvap": "   0,52", "e": "N", "st": "N\u00e3o eleito"}, {"seq": "266", "n": "43020", "vap": "5", "pvap": "   0,03", "e": "N", "st": "N\u00e3o eleito"}, {"seq": "206", "n": "43439", "vap": "22", "pvap": "   0,12", "e": "N", "st": "N\u00e3o eleito"}, {"seq": "190", "n": "43456", "vap": "33", "pvap": "   0,18", "e": "N", "st": "N\u00e3o eleito"}, {"seq": "253", "n": "43112", "vap": "9", "pvap": "   0,05", "e": "N", "st": "N\u00e3o eleito"}, {"seq": "244", "n": "43170", "vap": "11", "pvap": "   0,06", "e": "N", "st": "N\u00e3o eleito"}, {"seq": "211", "n": "43222", "vap": "19", "pvap": "   0,10", "e": "N", "st": "N\u00e3o eleito"}, {"seq": "219", "n": "43789", "vap": "16", "pvap": "   0,09", "e": "N", "st": "N\u00e3o eleito"}, {"seq": "217", "n": "43357", "vap": "17", "pvap": "   0,09", "e": "N", "st": "N\u00e3o eleito"}, {"seq": "285", "n": "43111", "vap": "1", "pvap": "   0,01", "e": "N", "st": "N\u00e3o eleito"}, {"seq": "252", "n": "43130", "vap": "9", "pvap": "   0,05", "e": "N", "st": "N\u00e3o eleito"}, {"seq": "297", "n": "43007", "vap": "0", "pvap": "00.00", "e": "N", "st": "N\u00e3o eleito"}, {"seq": "199", "n": "43333", "vap": "27", "pvap": "   0,15", "e": "N", "st": "N\u00e3o eleito"}, {"seq": "180", "n": "43777", "vap": "45", "pvap": "   0,24", "e": "N", "st": "N\u00e3o eleito"}, {"seq": "189", "n": "43147", "vap": "33", "pvap": "   0,18", "e": "N", "st": "N\u00e3o eleito"}, {"seq": "142", "n": "15007", "vap": "8", "pvap": "   0,04", "e": "N", "st": "Suplente"}, {"seq": "132", "n": "15150", "vap": "17", "pvap": "   0,09", "e": "N", "st": "Suplente"}, {"seq": "55", "n": "15456", "vap": "94", "pvap": "   0,51", "e": "N", "st": "Suplente"}, {"seq": "107", "n": "15655", "vap": "32", "pvap": "   0,17", "e": "N", "st": "Suplente"}, {"seq": "12", "n": "15123", "vap": "202", "pvap": "   1,09", "e": "S", "st": "Eleito"}, {"seq": "122", "n": "15240", "vap": "22", "pvap": "   0,12", "e": "N", "st": "Suplente"}, {"seq": "99", "n": "15500", "vap": "36", "pvap": "   0,19", "e": "N", "st": "Suplente"}, {"seq": "20", "n": "15777", "vap": "201", "pvap": "   1,08", "e": "N", "st": "Suplente"}, {"seq": "76", "n": "15190", "vap": "66", "pvap": "   0,36", "e": "N", "st": "Suplente"}, {"seq": "128", "n": "15200", "vap": "19", "pvap": "   0,10", "e": "N", "st": "Suplente"}, {"seq": "25", "n": "15555", "vap": "186", "pvap": "   1,00", "e": "N", "st": "Suplente"}, {"seq": "94", "n": "15888", "vap": "40", "pvap": "   0,22", "e": "N", "st": "Suplente"}, {"seq": "53", "n": "15038", "vap": "101", "pvap": "   0,54", "e": "N", "st": "Suplente"}, {"seq": "70", "n": "15015", "vap": "69", "pvap": "   0,37", "e": "N", "st": "Suplente"}, {"seq": "139", "n": "15111", "vap": "9", "pvap": "   0,05", "e": "N", "st": "Suplente"}, {"seq": "112", "n": "15121", "vap": "29", "pvap": "   0,16", "e": "N", "st": "Suplente"}, {"seq": "27", "n": "15000", "vap": "179", "pvap": "   0,97", "e": "N", "st": "Suplente"}]}]}