{"ele": "426", "carper": "13", "t": "1", "f": "O", "esae": "N", "mnae": " ", "dg": "15/11/2020", "hg": "22:39:09", "dv": "S", "nadf": "am02631-c0013-e000426-002-f", "abr": [{"dt": "15/11/2020", "ht": "21:22:19", "tf": "S", "and": "F", "tpabr": "MU", "cdabr": "02631", "s": "42", "st": "42", "snt": "0", "si": "42", "sni": "0", "sa": "42", "sna": "0", "pst": " 100,00", "psnt": "   0,00", "psi": " 100,00", "psni": "   0,00", "psa": " 100,00", "psna": "   0,00", "e": "13843", "ea": "13843", "ena": "0", "esi": "13843", "esni": "0", "c": "11927", "a": "1916", "pea": " 100,00", "pena": "   0,00", "pesi": " 100,00", "pesni": "   0,00", "pa": "  13,84", "pc": "  86,16", "vscv": "0", "vnom": "11255", "vl": "441", "tv": "11927", "vvc": "11696", "vb": "45", "tvn": "186", "vn": "186", "vnt": "0", "vp": "0", "vv": "11696", "van": "0", "vansj": "0", "pvnom": "  96,23", "pvl": "   3,77", "pvvc": "  98,06", "pvb": "   0,38", "ptvn": "   1,56", "pvn": " 100,00", "pvnt": "   0,00", "pvp": "   0,00", "pvv": " 100,00", "pvan": "   0,00", "pvansj": "   0,00", "colig": [{"n": "40000127692", "tvtn": "1535", "tvan": "1535", "vag": "2", "tvtl": "145", "tval": "145"}, {"n": "40000071461", "tvtn": "751", "tvan": "751", "vag": "0", "tvtl": "9", "tval": "9"}, {"n": "40000152873", "tvtn": "70", "tvan": "70", "vag": "0", "tvtl": "9", "tval": "9"}, {"n": "40000071196", "tvtn": "1860", "tvan": "1860", "vag": "2", "tvtl": "28", "tval": "28"}, {"n": "40000127690", "tvtn": "1029", "tvan": "1029", "vag": "1", "tvtl": "19", "tval": "19"}, {"n": "40000068137", "tvtn": "1731", "tvan": "1731", "vag": "2", "tvtl": "161", "tval": "161"}, {"n": "40000068053", "tvtn": "1052", "tvan": "1052", "vag": "1", "tvtl": "14", "tval": "14"}, {"n": "40000068157", "tvtn": "1175", "tvan": "1175", "vag": "1", "tvtl": "20", "tval": "20"}, {"n": "40000127511", "tvtn": "2052", "tvan": "2052", "vag": "2", "tvtl": "36", "tval": "36"}], "part": [{"n": "55", "tvtn": "1535", "tvan": "1535", "tvtl": "145", "tval": "145"}, {"n": "20", "tvtn": "751", "tvan": "751", "tvtl": "9", "tval": "9"}, {"n": "40", "tvtn": "70", "tvan": "70", "tvtl": "9", "tval": "9"}, {"n": "14", "tvtn": "1860", "tvan": "1860", "tvtl": "28", "tval": "28"}, {"n": "25", "tvtn": "1029", "tvan": "1029", "tvtl": "19", "tval": "19"}, {"n": "15", "tvtn": "1731", "tvan": "1731", "tvtl": "161", "tval": "161"}, {"n": "13", "tvtn": "1052", "tvan": "1052", "tvtl": "14", "tval": "14"}, {"n": "45", "tvtn": "1175", "tvan": "1175", "tvtl": "20", "tval": "20"}, {"n": "10", "tvtn": "2052", "tvan": "2052", "tvtl": "36", "tval": "36"}], "cand": [{"seq": "70", "n": "55557", "vap": "11", "pvap": "   0,09", "e": "N", "st": "Suplente"}, {"seq": "43", "n": "55555", "vap": "81", "pvap": "   0,69", "e": "N", "st": "Suplente"}, {"seq": "67", "n": "55000", "vap": "22", "pvap": "   0,19", "e": "N", "st": "Suplente"}, {"seq": "38", "n": "55666", "vap": "99", "pvap": "   0,85", "e": "N", "st": "Suplente"}, {"seq": "32", "n": "55999", "vap": "118", "pvap": "   1,01", "e": "N", "st": "Suplente"}, {"seq": "5", "n": "55580", "vap": "360", "pvap": "   3,08", "e": "S", "st": "Eleito"}, {"seq": "9", "n": "55123", "vap": "302", "pvap": "   2,58", "e": "S", "st": "Eleito"}, {"seq": "21", "n": "55222", "vap": "202", "pvap": "   1,73", "e": "N", "st": "Suplente"}, {"seq": "61", "n": "55510", "vap": "41", "pvap": "   0,35", "e": "N", "st": "Suplente"}, {"seq": "57", "n": "55661", "vap": "44", "pvap": "   0,38", "e": "N", "st": "Suplente"}, {"seq": "19", "n": "55369", "vap": "213", "pvap": "   1,82", "e": "N", "st": "Suplente"}, {"seq": "63", "n": "55541", "vap": "35", "pvap": "   0,30", "e": "N", "st": "Suplente"}, {"seq": "76", "n": "55444", "vap": "7", "pvap": "   0,06", "e": "N", "st": "Suplente"}, {"seq": "88", "n": "20888", "vap": "10", "pvap": "   0,09", "e": "N", "st": "N\u00e3o eleito"}, {"seq": "79", "n": "20000", "vap": "383", "pvap": "   3,27", "e": "N", "st": "N\u00e3o eleito"}, {"seq": "80", "n": "20123", "vap": "213", "pvap": "   1,82", "e": "N", "st": "N\u00e3o eleito"}, {"seq": "86", "n": "20777", "vap": "12", "pvap": "   0,10", "e": "N", "st": "N\u00e3o eleito"}, {"seq": "81", "n": "20333", "vap": "76", "pvap": "   0,65", "e": "N", "st": "N\u00e3o eleito"}, {"seq": "82", "n": "20222", "vap": "57", "pvap": "   0,49", "e": "N", "st": "N\u00e3o eleito"}, {"seq": "84", "n": "40789", "vap": "17", "pvap": "   0,15", "e": "N", "st": "N\u00e3o eleito"}, {"seq": "83", "n": "40456", "vap": "24", "pvap": "   0,21", "e": "N", "st": "N\u00e3o eleito"}, {"seq": "90", "n": "40321", "vap": "0", "pvap": "00.00", "e": "N", "st": "N\u00e3o eleito"}, {"seq": "85", "n": "40123", "vap": "13", "pvap": "   0,11", "e": "N", "st": "N\u00e3o eleito"}, {"seq": "87", "n": "40987", "vap": "11", "pvap": "   0,09", "e": "N", "st": "N\u00e3o eleito"}, {"seq": "89", "n": "40040", "vap": "5", "pvap": "   0,04", "e": "N", "st": "N\u00e3o eleito"}, {"seq": "59", "n": "14234", "vap": "43", "pvap": "   0,37", "e": "N", "st": "Suplente"}, {"seq": "13", "n": "14777", "vap": "266", "pvap": "   2,27", "e": "N", "st": "Suplente"}, {"seq": "10", "n": "14611", "vap": "284", "pvap": "   2,43", "e": "S", "st": "Eleito"}, {"seq": "23", "n": "14555", "vap": "187", "pvap": "   1,60", "e": "N", "st": "Suplente"}, {"seq": "1", "n": "14789", "vap": "575", "pvap": "   4,92", "e": "S", "st": "Eleito"}, {"seq": "68", "n": "14258", "vap": "14", "pvap": "   0,12", "e": "N", "st": "Suplente"}, {"seq": "48", "n": "14123", "vap": "64", "pvap": "   0,55", "e": "N", "st": "Suplente"}, {"seq": "31", "n": "14000", "vap": "120", "pvap": "   1,03", "e": "N", "st": "Suplente"}, {"seq": "52", "n": "14227", "vap": "59", "pvap": "   0,50", "e": "N", "st": "Suplente"}, {"seq": "35", "n": "14333", "vap": "111", "pvap": "   0,95", "e": "N", "st": "Suplente"}, {"seq": "47", "n": "14007", "vap": "66", "pvap": "   0,56", "e": "N", "st": "Suplente"}, {"seq": "45", "n": "14444", "vap": "71", "pvap": "   0,61", "e": "N", "st": "Suplente"}, {"seq": "75", "n": "25333", "vap": "7", "pvap": "   0,06", "e": "N", "st": "Suplente"}, {"seq": "30", "n": "25555", "vap": "124", "pvap": "   1,06", "e": "N", "st": "Suplente"}, {"seq": "11", "n": "25000", "vap": "227", "pvap": "   1,94", "e": "S", "st": "Eleito"}, {"seq": "33", "n": "25666", "vap": "118", "pvap": "   1,01", "e": "N", "st": "Suplente"}, {"seq": "71", "n": "25777", "vap": "11", "pvap": "   0,09", "e": "N", "st": "Suplente"}, {"seq": "25", "n": "25123", "vap": "169", "pvap": "   1,44", "e": "N", "st": "Suplente"}, {"seq": "53", "n": "25222", "vap": "59", "pvap": "   0,50", "e": "N", "st": "Suplente"}, {"seq": "24", "n": "25678", "vap": "184", "pvap": "   1,57", "e": "N", "st": "Suplente"}, {"seq": "58", "n": "25999", "vap": "43", "pvap": "   0,37", "e": "N", "st": "Suplente"}, {"seq": "39", "n": "25122", "vap": "87", "pvap": "   0,74", "e": "N", "st": "Suplente"}, {"seq": "26", "n": "15500", "vap": "155", "pvap": "   1,33", "e": "N", "st": "Suplente"}, {"seq": "60", "n": "15127", "vap": "42", "pvap": "   0,36", "e": "N", "st": "Suplente"}, {"seq": "37", "n": "15789", "vap": "105", "pvap": "   0,90", "e": "N", "st": "Suplente"}, {"seq": "2", "n": "15234", "vap": "452", "pvap": "   3,86", "e": "S", "st": "Eleito"}, {"seq": "74", "n": "15000", "vap": "8", "pvap": "   0,07", "e": "N", "st": "Suplente"}, {"seq": "42", "n": "15222", "vap": "82", "pvap": "   0,70", "e": "N", "st": "Suplente"}, {"seq": "14", "n": "15666", "vap": "265", "pvap": "   2,27", "e": "N", "st": "Suplente"}, {"seq": "4", "n": "15555", "vap": "364", "pvap": "   3,11", "e": "S", "st": "Eleito"}, {"seq": "78", "n": "15100", "vap": "2", "pvap": "   0,02", "e": "N", "st": "Suplente"}, {"seq": "16", "n": "15123", "vap": "256", "pvap": "   2,19", "e": "N", "st": "Suplente"}, {"seq": "27", "n": "13333", "vap": "152", "pvap": "   1,30", "e": "N", "st": "Suplente"}, {"seq": "72", "n": "13111", "vap": "10", "pvap": "   0,09", "e": "N", "st": "Suplente"}, {"seq": "29", "n": "13444", "vap": "128", "pvap": "   1,09", "e": "N", "st": "Suplente"}, {"seq": "28", "n": "13555", "vap": "130", "pvap": "   1,11", "e": "N", "st": "Suplente"}, {"seq": "69", "n": "13123", "vap": "13", "pvap": "   0,11", "e": "N", "st": "Suplente"}, {"seq": "50", "n": "13777", "vap": "64", "pvap": "   0,55", "e": "N", "st": "Suplente"}, {"seq": "56", "n": "13222", "vap": "46", "pvap": "   0,39", "e": "N", "st": "Suplente"}, {"seq": "34", "n": "13000", "vap": "115", "pvap": "   0,98", "e": "N", "st": "Suplente"}, {"seq": "3", "n": "13456", "vap": "394", "pvap": "   3,37", "e": "S", "st": "Eleito"}, {"seq": "6", "n": "45678", "vap": "338", "pvap": "   2,89", "e": "S", "st": "Eleito"}, {"seq": "73", "n": "45789", "vap": "10", "pvap": "   0,09", "e": "N", "st": "Suplente"}, {"seq": "77", "n": "45111", "vap": "6", "pvap": "   0,05", "e": "N", "st": "Suplente"}, {"seq": "66", "n": "45444", "vap": "22", "pvap": "   0,19", "e": "N", "st": "Suplente"}, {"seq": "15", "n": "45555", "vap": "258", "pvap": "   2,21", "e": "N", "st": "Suplente"}, {"seq": "22", "n": "45123", "vap": "190", "pvap": "   1,62", "e": "N", "st": "Suplente"}, {"seq": "20", "n": "45000", "vap": "209", "pvap": "   1,79", "e": "N", "st": "Suplente"}, {"seq": "55", "n": "45333", "vap": "57", "pvap": "   0,49", "e": "N", "st": "Suplente"}, {"seq": "41", "n": "45045", "vap": "85", "pvap": "   0,73", "e": "N", "st": "Suplente"}, {"seq": "64", "n": "10100", "vap": "30", "pvap": "   0,26", "e": "N", "st": "Suplente"}, {"seq": "46", "n": "10145", "vap": "68", "pvap": "   0,58", "e": "N", "st": "Suplente"}, {"seq": "8", "n": "10777", "vap": "325", "pvap": "   2,78", "e": "S", "st": "Eleito"}, {"seq": "49", "n": "10111", "vap": "64", "pvap": "   0,55", "e": "N", "st": "Suplente"}, {"seq": "12", "n": "10000", "vap": "302", "pvap": "   2,58", "e": "N", "st": "Suplente"}, {"seq": "36", "n": "10123", "vap": "109", "pvap": "   0,93", "e": "N", "st": "Suplente"}, {"seq": "18", "n": "10999", "vap": "231", "pvap": "   1,98", "e": "N", "st": "Suplente"}, {"seq": "7", "n": "10678", "vap": "335", "pvap": "   2,86", "e": "S", "st": "Eleito"}, {"seq": "40", "n": "10456", "vap": "86", "pvap": "   0,74", "e": "N", "st": "Suplente"}, {"seq": "17", "n": "10444", "vap": "240", "pvap": "   2,05", "e": "N", "st": "Suplente"}, {"seq": "51", "n": "10555", "vap": "63", "pvap": "   0,54", "e": "N", "st": "Suplente"}, {"seq": "65", "n": "10852", "vap": "26", "pvap": "   0,22", "e": "N", "st": "Suplente"}, {"seq": "62", "n": "10013", "vap": "39", "pvap": "   0,33", "e": "N", "st": "Suplente"}, {"seq": "44", "n": "10258", "vap": "76", "pvap": "   0,65", "e": "N", "st": "Suplente"}, {"seq": "54", "n": "10222", "vap": "58", "pvap": "   0,50", "e": "N", "st": "Suplente"}]}, {"dt": "15/11/2020", "ht": "21:22:19", "tf": "S", "and": "F", "tpabr": "ZONA", "cdabr": "43", "s": "42", "st": "42", "snt": "0", "si": "42", "sni": "0", "sa": "42", "sna": "0", "pst": " 100,00", "psnt": "   0,00", "psi": " 100,00", "psni": "   0,00", "psa": " 100,00", "psna": "   0,00", "e": "13843", "ea": "13843", "ena": "0", "esi": "13843", "esni": "0", "a": "1916", "c": "11927", "pea": " 100,00", "pena": "   0,00", "pesi": " 100,00", "pesni": "   0,00", "pa": "  13,84", "pc": "  86,16", "vnom": "11255", "vscv": "0", "vl": "441", "tv": "11927", "vvc": "11696", "vb": "45", "tvn": "186", "vn": "186", "vnt": "0", "vp": "0", "vv": "11696", "van": "0", "vansj": "0", "pvnom": "  96,23", "pvl": "   3,77", "pvvc": "  98,06", "pvb": "   0,38", "ptvn": "   1,56", "pvn": " 100,00", "pvnt": "   0,00", "pvp": "   0,00", "pvv": " 100,00", "pvan": "   0,00", "pvansj": "   0,00", "cand": [{"seq": "3", "n": "13456", "vap": "394", "pvap": "   3,37", "e": "S", "st": "Eleito"}, {"seq": "27", "n": "13333", "vap": "152", "pvap": "   1,30", "e": "N", "st": "Suplente"}, {"seq": "28", "n": "13555", "vap": "130", "pvap": "   1,11", "e": "N", "st": "Suplente"}, {"seq": "29", "n": "13444", "vap": "128", "pvap": "   1,09", "e": "N", "st": "Suplente"}, {"seq": "34", "n": "13000", "vap": "115", "pvap": "   0,98", "e": "N", "st": "Suplente"}, {"seq": "50", "n": "13777", "vap": "64", "pvap": "   0,55", "e": "N", "st": "Suplente"}, {"seq": "56", "n": "13222", "vap": "46", "pvap": "   0,39", "e": "N", "st": "Suplente"}, {"seq": "69", "n": "13123", "vap": "13", "pvap": "   0,11", "e": "N", "st": "Suplente"}, {"seq": "72", "n": "13111", "vap": "10", "pvap": "   0,09", "e": "N", "st": "Suplente"}, {"seq": "11", "n": "25000", "vap": "227", "pvap": "   1,94", "e": "S", "st": "Eleito"}, {"seq": "24", "n": "25678", "vap": "184", "pvap": "   1,57", "e": "N", "st": "Suplente"}, {"seq": "25", "n": "25123", "vap": "169", "pvap": "   1,44", "e": "N", "st": "Suplente"}, {"seq": "30", "n": "25555", "vap": "124", "pvap": "   1,06", "e": "N", "st": "Suplente"}, {"seq": "33", "n": "25666", "vap": "118", "pvap": "   1,01", "e": "N", "st": "Suplente"}, {"seq": "39", "n": "25122", "vap": "87", "pvap": "   0,74", "e": "N", "st": "Suplente"}, {"seq": "53", "n": "25222", "vap": "59", "pvap": "   0,50", "e": "N", "st": "Suplente"}, {"seq": "58", "n": "25999", "vap": "43", "pvap": "   0,37", "e": "N", "st": "Suplente"}, {"seq": "71", "n": "25777", "vap": "11", "pvap": "   0,09", "e": "N", "st": "Suplente"}, {"seq": "75", "n": "25333", "vap": "7", "pvap": "   0,06", "e": "N", "st": "Suplente"}, {"seq": "5", "n": "55580", "vap": "360", "pvap": "   3,08", "e": "S", "st": "Eleito"}, {"seq": "9", "n": "55123", "vap": "302", "pvap": "   2,58", "e": "S", "st": "Eleito"}, {"seq": "19", "n": "55369", "vap": "213", "pvap": "   1,82", "e": "N", "st": "Suplente"}, {"seq": "21", "n": "55222", "vap": "202", "pvap": "   1,73", "e": "N", "st": "Suplente"}, {"seq": "32", "n": "55999", "vap": "118", "pvap": "   1,01", "e": "N", "st": "Suplente"}, {"seq": "38", "n": "55666", "vap": "99", "pvap": "   0,85", "e": "N", "st": "Suplente"}, {"seq": "43", "n": "55555", "vap": "81", "pvap": "   0,69", "e": "N", "st": "Suplente"}, {"seq": "57", "n": "55661", "vap": "44", "pvap": "   0,38", "e": "N", "st": "Suplente"}, {"seq": "61", "n": "55510", "vap": "41", "pvap": "   0,35", "e": "N", "st": "Suplente"}, {"seq": "63", "n": "55541", "vap": "35", "pvap": "   0,30", "e": "N", "st": "Suplente"}, {"seq": "67", "n": "55000", "vap": "22", "pvap": "   0,19", "e": "N", "st": "Suplente"}, {"seq": "70", "n": "55557", "vap": "11", "pvap": "   0,09", "e": "N", "st": "Suplente"}, {"seq": "76", "n": "55444", "vap": "7", "pvap": "   0,06", "e": "N", "st": "Suplente"}, {"seq": "83", "n": "40456", "vap": "24", "pvap": "   0,21", "e": "N", "st": "N\u00e3o eleito"}, {"seq": "84", "n": "40789", "vap": "17", "pvap": "   0,15", "e": "N", "st": "N\u00e3o eleito"}, {"seq": "85", "n": "40123", "vap": "13", "pvap": "   0,11", "e": "N", "st": "N\u00e3o eleito"}, {"seq": "87", "n": "40987", "vap": "11", "pvap": "   0,09", "e": "N", "st": "N\u00e3o eleito"}, {"seq": "89", "n": "40040", "vap": "5", "pvap": "   0,04", "e": "N", "st": "N\u00e3o eleito"}, {"seq": "90", "n": "40321", "vap": "0", "pvap": "00.00", "e": "N", "st": "N\u00e3o eleito"}, {"seq": "79", "n": "20000", "vap": "383", "pvap": "   3,27", "e": "N", "st": "N\u00e3o eleito"}, {"seq": "80", "n": "20123", "vap": "213", "pvap": "   1,82", "e": "N", "st": "N\u00e3o eleito"}, {"seq": "81", "n": "20333", "vap": "76", "pvap": "   0,65", "e": "N", "st": "N\u00e3o eleito"}, {"seq": "82", "n": "20222", "vap": "57", "pvap": "   0,49", "e": "N", "st": "N\u00e3o eleito"}, {"seq": "86", "n": "20777", "vap": "12", "pvap": "   0,10", "e": "N", "st": "N\u00e3o eleito"}, {"seq": "88", "n": "20888", "vap": "10", "pvap": "   0,09", "e": "N", "st": "N\u00e3o eleito"}, {"seq": "7", "n": "10678", "vap": "335", "pvap": "   2,86", "e": "S", "st": "Eleito"}, {"seq": "8", "n": "10777", "vap": "325", "pvap": "   2,78", "e": "S", "st": "Eleito"}, {"seq": "12", "n": "10000", "vap": "302", "pvap": "   2,58", "e": "N", "st": "Suplente"}, {"seq": "17", "n": "10444", "vap": "240", "pvap": "   2,05", "e": "N", "st": "Suplente"}, {"seq": "18", "n": "10999", "vap": "231", "pvap": "   1,98", "e": "N", "st": "Suplente"}, {"seq": "36", "n": "10123", "vap": "109", "pvap": "   0,93", "e": "N", "st": "Suplente"}, {"seq": "40", "n": "10456", "vap": "86", "pvap": "   0,74", "e": "N", "st": "Suplente"}, {"seq": "44", "n": "10258", "vap": "76", "pvap": "   0,65", "e": "N", "st": "Suplente"}, {"seq": "46", "n": "10145", "vap": "68", "pvap": "   0,58", "e": "N", "st": "Suplente"}, {"seq": "49", "n": "10111", "vap": "64", "pvap": "   0,55", "e": "N", "st": "Suplente"}, {"seq": "51", "n": "10555", "vap": "63", "pvap": "   0,54", "e": "N", "st": "Suplente"}, {"seq": "54", "n": "10222", "vap": "58", "pvap": "   0,50", "e": "N", "st": "Suplente"}, {"seq": "62", "n": "10013", "vap": "39", "pvap": "   0,33", "e": "N", "st": "Suplente"}, {"seq": "64", "n": "10100", "vap": "30", "pvap": "   0,26", "e": "N", "st": "Suplente"}, {"seq": "65", "n": "10852", "vap": "26", "pvap": "   0,22", "e": "N", "st": "Suplente"}, {"seq": "2", "n": "15234", "vap": "452", "pvap": "   3,86", "e": "S", "st": "Eleito"}, {"seq": "4", "n": "15555", "vap": "364", "pvap": "   3,11", "e": "S", "st": "Eleito"}, {"seq": "14", "n": "15666", "vap": "265", "pvap": "   2,27", "e": "N", "st": "Suplente"}, {"seq": "16", "n": "15123", "vap": "256", "pvap": "   2,19", "e": "N", "st": "Suplente"}, {"seq": "26", "n": "15500", "vap": "155", "pvap": "   1,33", "e": "N", "st": "Suplente"}, {"seq": "37", "n": "15789", "vap": "105", "pvap": "   0,90", "e": "N", "st": "Suplente"}, {"seq": "42", "n": "15222", "vap": "82", "pvap": "   0,70", "e": "N", "st": "Suplente"}, {"seq": "60", "n": "15127", "vap": "42", "pvap": "   0,36", "e": "N", "st": "Suplente"}, {"seq": "74", "n": "15000", "vap": "8", "pvap": "   0,07", "e": "N", "st": "Suplente"}, {"seq": "78", "n": "15100", "vap": "2", "pvap": "   0,02", "e": "N", "st": "Suplente"}, {"seq": "6", "n": "45678", "vap": "338", "pvap": "   2,89", "e": "S", "st": "Eleito"}, {"seq": "15", "n": "45555", "vap": "258", "pvap": "   2,21", "e": "N", "st": "Suplente"}, {"seq": "20", "n": "45000", "vap": "209", "pvap": "   1,79", "e": "N", "st": "Suplente"}, {"seq": "22", "n": "45123", "vap": "190", "pvap": "   1,62", "e": "N", "st": "Suplente"}, {"seq": "41", "n": "45045", "vap": "85", "pvap": "   0,73", "e": "N", "st": "Suplente"}, {"seq": "55", "n": "45333", "vap": "57", "pvap": "   0,49", "e": "N", "st": "Suplente"}, {"seq": "66", "n": "45444", "vap": "22", "pvap": "   0,19", "e": "N", "st": "Suplente"}, {"seq": "73", "n": "45789", "vap": "10", "pvap": "   0,09", "e": "N", "st": "Suplente"}, {"seq": "77", "n": "45111", "vap": "6", "pvap": "   0,05", "e": "N", "st": "Suplente"}, {"seq": "1", "n": "14789", "vap": "575", "pvap": "   4,92", "e": "S", "st": "Eleito"}, {"seq": "10", "n": "14611", "vap": "284", "pvap": "   2,43", "e": "S", "st": "Eleito"}, {"seq": "13", "n": "14777", "vap": "266", "pvap": "   2,27", "e": "N", "st": "Suplente"}, {"seq": "23", "n": "14555", "vap": "187", "pvap": "   1,60", "e": "N", "st": "Suplente"}, {"seq": "31", "n": "14000", "vap": "120", "pvap": "   1,03", "e": "N", "st": "Suplente"}, {"seq": "35", "n": "14333", "vap": "111", "pvap": "   0,95", "e": "N", "st": "Suplente"}, {"seq": "45", "n": "14444", "vap": "71", "pvap": "   0,61", "e": "N", "st": "Suplente"}, {"seq": "47", "n": "14007", "vap": "66", "pvap": "   0,56", "e": "N", "st": "Suplente"}, {"seq": "48", "n": "14123", "vap": "64", "pvap": "   0,55", "e": "N", "st": "Suplente"}, {"seq": "52", "n": "14227", "vap": "59", "pvap": "   0,50", "e": "N", "st": "Suplente"}, {"seq": "59", "n": "14234", "vap": "43", "pvap": "   0,37", "e": "N", "st": "Suplente"}, {"seq": "68", "n": "14258", "vap": "14", "pvap": "   0,12", "e": "N", "st": "Suplente"}]}]}