{"ele": "426", "carper": "13", "t": "1", "f": "O", "esae": "N", "mnae": " ", "dg": "15/11/2020", "hg": "23:02:17", "dv": "S", "nadf": "am98434-c0013-e000426-002-f", "abr": [{"dt": "15/11/2020", "ht": "21:44:24", "tf": "S", "and": "F", "tpabr": "MU", "cdabr": "98434", "s": "44", "st": "44", "snt": "0", "si": "44", "sni": "0", "sa": "44", "sna": "0", "pst": " 100,00", "psnt": "   0,00", "psi": " 100,00", "psni": "   0,00", "psa": " 100,00", "psna": "   0,00", "e": "16698", "ea": "16698", "ena": "0", "esi": "16698", "esni": "0", "c": "13699", "a": "2999", "pea": " 100,00", "pena": "   0,00", "pesi": " 100,00", "pesni": "   0,00", "pa": "  17,96", "pc": "  82,04", "vscv": "0", "vnom": "13035", "vl": "306", "tv": "13699", "vvc": "13341", "vb": "92", "tvn": "266", "vn": "266", "vnt": "0", "vp": "0", "vv": "13341", "van": "0", "vansj": "0", "pvnom": "  97,71", "pvl": "   2,29", "pvvc": "  97,39", "pvb": "   0,67", "ptvn": "   1,94", "pvn": " 100,00", "pvnt": "   0,00", "pvp": "   0,00", "pvv": " 100,00", "pvan": "   0,00", "pvansj": "   0,00", "colig": [{"n": "40000105165", "tvtn": "448", "tvan": "448", "vag": "0", "tvtl": "7", "tval": "7"}, {"n": "40000105144", "tvtn": "2398", "tvan": "2398", "vag": "2", "tvtl": "31", "tval": "31"}, {"n": "40000063488", "tvtn": "1653", "tvan": "1653", "vag": "2", "tvtl": "21", "tval": "21"}, {"n": "40000068341", "tvtn": "2116", "tvan": "2116", "vag": "2", "tvtl": "20", "tval": "20"}, {"n": "40000085824", "tvtn": "3065", "tvan": "3065", "vag": "4", "tvtl": "179", "tval": "179"}, {"n": "40000068342", "tvtn": "2477", "tvan": "2477", "vag": "3", "tvtl": "33", "tval": "33"}, {"n": "40000123426", "tvtn": "769", "tvan": "769", "vag": "0", "tvtl": "9", "tval": "9"}, {"n": "40000063491", "tvtn": "109", "tvan": "109", "vag": "0", "tvtl": "6", "tval": "6"}], "part": [{"n": "20", "tvtn": "448", "tvan": "448", "tvtl": "7", "tval": "7"}, {"n": "55", "tvtn": "2398", "tvan": "2398", "tvtl": "31", "tval": "31"}, {"n": "90", "tvtn": "1653", "tvan": "1653", "tvtl": "21", "tval": "21"}, {"n": "15", "tvtn": "2116", "tvan": "2116", "tvtl": "20", "tval": "20"}, {"n": "11", "tvtn": "3065", "tvan": "3065", "tvtl": "179", "tval": "179"}, {"n": "10", "tvtn": "2477", "tvan": "2477", "tvtl": "33", "tval": "33"}, {"n": "13", "tvtn": "769", "tvan": "769", "tvtl": "9", "tval": "9"}, {"n": "77", "tvtn": "109", "tvan": "109", "tvtl": "6", "tval": "6"}], "cand": [{"seq": "104", "n": "20000", "vap": "63", "pvap": "   0,47", "e": "N", "st": "N\u00e3o eleito"}, {"seq": "129", "n": "20456", "vap": "6", "pvap": "   0,04", "e": "N", "st": "N\u00e3o eleito"}, {"seq": "136", "n": "20333", "vap": "0", "pvap": "00.00", "e": "N", "st": "N\u00e3o eleito"}, {"seq": "137", "n": "20123", "vap": "0", "pvap": "00.00", "e": "N", "st": "N\u00e3o eleito"}, {"seq": "113", "n": "20789", "vap": "28", "pvap": "   0,21", "e": "N", "st": "N\u00e3o eleito"}, {"seq": "117", "n": "20222", "vap": "20", "pvap": "   0,15", "e": "N", "st": "N\u00e3o eleito"}, {"seq": "108", "n": "20777", "vap": "36", "pvap": "   0,27", "e": "N", "st": "N\u00e3o eleito"}, {"seq": "115", "n": "20988", "vap": "22", "pvap": "   0,16", "e": "N", "st": "N\u00e3o eleito"}, {"seq": "105", "n": "20100", "vap": "48", "pvap": "   0,36", "e": "N", "st": "N\u00e3o eleito"}, {"seq": "132", "n": "20111", "vap": "3", "pvap": "   0,02", "e": "N", "st": "N\u00e3o eleito"}, {"seq": "124", "n": "20224", "vap": "11", "pvap": "   0,08", "e": "N", "st": "N\u00e3o eleito"}, {"seq": "102", "n": "20888", "vap": "100", "pvap": "   0,75", "e": "N", "st": "N\u00e3o eleito"}, {"seq": "106", "n": "20200", "vap": "46", "pvap": "   0,34", "e": "N", "st": "N\u00e3o eleito"}, {"seq": "110", "n": "20555", "vap": "32", "pvap": "   0,24", "e": "N", "st": "N\u00e3o eleito"}, {"seq": "130", "n": "20677", "vap": "6", "pvap": "   0,04", "e": "N", "st": "N\u00e3o eleito"}, {"seq": "114", "n": "20020", "vap": "27", "pvap": "   0,20", "e": "N", "st": "N\u00e3o eleito"}, {"seq": "72", "n": "55456", "vap": "20", "pvap": "   0,15", "e": "N", "st": "Suplente"}, {"seq": "57", "n": "55293", "vap": "39", "pvap": "   0,29", "e": "N", "st": "Suplente"}, {"seq": "76", "n": "55355", "vap": "17", "pvap": "   0,13", "e": "N", "st": "Suplente"}, {"seq": "49", "n": "55005", "vap": "55", "pvap": "   0,41", "e": "N", "st": "Suplente"}, {"seq": "32", "n": "55111", "vap": "120", "pvap": "   0,90", "e": "N", "st": "Suplente"}, {"seq": "88", "n": "55777", "vap": "7", "pvap": "   0,05", "e": "N", "st": "Suplente"}, {"seq": "89", "n": "55999", "vap": "6", "pvap": "   0,04", "e": "N", "st": "Suplente"}, {"seq": "7", "n": "55222", "vap": "405", "pvap": "   3,04", "e": "S", "st": "Eleito"}, {"seq": "50", "n": "55678", "vap": "55", "pvap": "   0,41", "e": "N", "st": "Suplente"}, {"seq": "16", "n": "55555", "vap": "258", "pvap": "   1,93", "e": "N", "st": "Suplente"}, {"seq": "38", "n": "55114", "vap": "97", "pvap": "   0,73", "e": "N", "st": "Suplente"}, {"seq": "2", "n": "55000", "vap": "621", "pvap": "   4,65", "e": "S", "st": "Eleito"}, {"seq": "79", "n": "55888", "vap": "12", "pvap": "   0,09", "e": "N", "st": "Suplente"}, {"seq": "28", "n": "55235", "vap": "151", "pvap": "   1,13", "e": "N", "st": "Suplente"}, {"seq": "43", "n": "55333", "vap": "72", "pvap": "   0,54", "e": "N", "st": "Suplente"}, {"seq": "15", "n": "55444", "vap": "277", "pvap": "   2,08", "e": "N", "st": "Suplente"}, {"seq": "46", "n": "55123", "vap": "65", "pvap": "   0,49", "e": "N", "st": "Suplente"}, {"seq": "92", "n": "55556", "vap": "4", "pvap": "   0,03", "e": "N", "st": "Suplente"}, {"seq": "33", "n": "55321", "vap": "117", "pvap": "   0,88", "e": "N", "st": "Suplente"}, {"seq": "68", "n": "90456", "vap": "23", "pvap": "   0,17", "e": "N", "st": "Suplente"}, {"seq": "51", "n": "90633", "vap": "54", "pvap": "   0,40", "e": "N", "st": "Suplente"}, {"seq": "37", "n": "90777", "vap": "110", "pvap": "   0,82", "e": "N", "st": "Suplente"}, {"seq": "78", "n": "90454", "vap": "13", "pvap": "   0,10", "e": "N", "st": "Suplente"}, {"seq": "64", "n": "90333", "vap": "25", "pvap": "   0,19", "e": "N", "st": "Suplente"}, {"seq": "97", "n": "90258", "vap": "0", "pvap": "00.00", "e": "N", "st": "Suplente"}, {"seq": "65", "n": "90656", "vap": "25", "pvap": "   0,19", "e": "N", "st": "Suplente"}, {"seq": "83", "n": "90494", "vap": "11", "pvap": "   0,08", "e": "N", "st": "Suplente"}, {"seq": "34", "n": "90567", "vap": "116", "pvap": "   0,87", "e": "N", "st": "Suplente"}, {"seq": "36", "n": "90012", "vap": "112", "pvap": "   0,84", "e": "N", "st": "Suplente"}, {"seq": "13", "n": "90888", "vap": "209", "pvap": "   1,57", "e": "S", "st": "Eleito"}, {"seq": "26", "n": "90999", "vap": "157", "pvap": "   1,18", "e": "N", "st": "Suplente"}, {"seq": "70", "n": "90789", "vap": "21", "pvap": "   0,16", "e": "N", "st": "Suplente"}, {"seq": "69", "n": "90234", "vap": "22", "pvap": "   0,16", "e": "N", "st": "Suplente"}, {"seq": "12", "n": "90555", "vap": "234", "pvap": "   1,75", "e": "S", "st": "Eleito"}, {"seq": "54", "n": "90016", "vap": "47", "pvap": "   0,35", "e": "N", "st": "Suplente"}, {"seq": "53", "n": "90455", "vap": "48", "pvap": "   0,36", "e": "N", "st": "Suplente"}, {"seq": "29", "n": "90000", "vap": "150", "pvap": "   1,12", "e": "N", "st": "Suplente"}, {"seq": "25", "n": "90123", "vap": "162", "pvap": "   1,21", "e": "N", "st": "Suplente"}, {"seq": "35", "n": "90111", "vap": "114", "pvap": "   0,85", "e": "N", "st": "Suplente"}, {"seq": "66", "n": "15684", "vap": "24", "pvap": "   0,18", "e": "N", "st": "Suplente"}, {"seq": "8", "n": "15444", "vap": "387", "pvap": "   2,90", "e": "S", "st": "Eleito"}, {"seq": "85", "n": "15678", "vap": "10", "pvap": "   0,07", "e": "N", "st": "Suplente"}, {"seq": "86", "n": "15234", "vap": "8", "pvap": "   0,06", "e": "N", "st": "Suplente"}, {"seq": "55", "n": "15222", "vap": "45", "pvap": "   0,34", "e": "N", "st": "Suplente"}, {"seq": "31", "n": "15111", "vap": "123", "pvap": "   0,92", "e": "N", "st": "Suplente"}, {"seq": "48", "n": "15648", "vap": "58", "pvap": "   0,43", "e": "N", "st": "Suplente"}, {"seq": "62", "n": "15112", "vap": "29", "pvap": "   0,22", "e": "N", "st": "Suplente"}, {"seq": "80", "n": "15333", "vap": "12", "pvap": "   0,09", "e": "N", "st": "Suplente"}, {"seq": "22", "n": "15611", "vap": "205", "pvap": "   1,54", "e": "N", "st": "Suplente"}, {"seq": "42", "n": "15789", "vap": "78", "pvap": "   0,58", "e": "N", "st": "Suplente"}, {"seq": "40", "n": "15777", "vap": "80", "pvap": "   0,60", "e": "N", "st": "Suplente"}, {"seq": "56", "n": "15000", "vap": "39", "pvap": "   0,29", "e": "N", "st": "Suplente"}, {"seq": "14", "n": "15123", "vap": "296", "pvap": "   2,22", "e": "N", "st": "Suplente"}, {"seq": "90", "n": "15115", "vap": "5", "pvap": "   0,04", "e": "N", "st": "Suplente"}, {"seq": "96", "n": "15888", "vap": "3", "pvap": "   0,02", "e": "N", "st": "Suplente"}, {"seq": "30", "n": "15666", "vap": "135", "pvap": "   1,01", "e": "N", "st": "Suplente"}, {"seq": "4", "n": "15555", "vap": "569", "pvap": "   4,27", "e": "S", "st": "Eleito"}, {"seq": "84", "n": "15100", "vap": "10", "pvap": "   0,07", "e": "N", "st": "Suplente"}, {"seq": "93", "n": "11456", "vap": "4", "pvap": "   0,03", "e": "N", "st": "Suplente"}, {"seq": "44", "n": "11233", "vap": "69", "pvap": "   0,52", "e": "N", "st": "Suplente"}, {"seq": "19", "n": "11128", "vap": "220", "pvap": "   1,65", "e": "N", "st": "Suplente"}, {"seq": "91", "n": "11999", "vap": "5", "pvap": "   0,04", "e": "N", "st": "Suplente"}, {"seq": "18", "n": "11123", "vap": "220", "pvap": "   1,65", "e": "N", "st": "Suplente"}, {"seq": "11", "n": "11011", "vap": "238", "pvap": "   1,78", "e": "S", "st": "Eleito"}, {"seq": "1", "n": "11555", "vap": "707", "pvap": "   5,30", "e": "S", "st": "Eleito"}, {"seq": "60", "n": "11321", "vap": "31", "pvap": "   0,23", "e": "N", "st": "Suplente"}, {"seq": "24", "n": "11789", "vap": "169", "pvap": "   1,27", "e": "N", "st": "Suplente"}, {"seq": "87", "n": "11007", "vap": "8", "pvap": "   0,06", "e": "N", "st": "Suplente"}, {"seq": "3", "n": "11888", "vap": "616", "pvap": "   4,62", "e": "S", "st": "Eleito"}, {"seq": "47", "n": "11444", "vap": "60", "pvap": "   0,45", "e": "N", "st": "Suplente"}, {"seq": "20", "n": "11101", "vap": "219", "pvap": "   1,64", "e": "N", "st": "Suplente"}, {"seq": "58", "n": "11346", "vap": "38", "pvap": "   0,28", "e": "N", "st": "Suplente"}, {"seq": "71", "n": "11111", "vap": "21", "pvap": "   0,16", "e": "N", "st": "Suplente"}, {"seq": "75", "n": "11155", "vap": "17", "pvap": "   0,13", "e": "N", "st": "Suplente"}, {"seq": "45", "n": "11000", "vap": "65", "pvap": "   0,49", "e": "N", "st": "Suplente"}, {"seq": "10", "n": "11234", "vap": "308", "pvap": "   2,31", "e": "S", "st": "Eleito"}, {"seq": "67", "n": "11222", "vap": "24", "pvap": "   0,18", "e": "N", "st": "Suplente"}, {"seq": "63", "n": "11777", "vap": "26", "pvap": "   0,19", "e": "N", "st": "Suplente"}, {"seq": "94", "n": "10468", "vap": "4", "pvap": "   0,03", "e": "N", "st": "Suplente"}, {"seq": "52", "n": "10333", "vap": "51", "pvap": "   0,38", "e": "N", "st": "Suplente"}, {"seq": "74", "n": "10222", "vap": "20", "pvap": "   0,15", "e": "N", "st": "Suplente"}, {"seq": "41", "n": "10444", "vap": "79", "pvap": "   0,59", "e": "N", "st": "Suplente"}, {"seq": "81", "n": "10715", "vap": "12", "pvap": "   0,09", "e": "N", "st": "Suplente"}, {"seq": "39", "n": "10007", "vap": "89", "pvap": "   0,67", "e": "N", "st": "Suplente"}, {"seq": "5", "n": "10456", "vap": "558", "pvap": "   4,18", "e": "S", "st": "Eleito"}, {"seq": "77", "n": "10010", "vap": "16", "pvap": "   0,12", "e": "N", "st": "Suplente"}, {"seq": "17", "n": "10100", "vap": "235", "pvap": "   1,76", "e": "N", "st": "Suplente"}, {"seq": "73", "n": "10555", "vap": "20", "pvap": "   0,15", "e": "N", "st": "Suplente"}, {"seq": "82", "n": "10000", "vap": "12", "pvap": "   0,09", "e": "N", "st": "Suplente"}, {"seq": "21", "n": "10567", "vap": "212", "pvap": "   1,59", "e": "N", "st": "Suplente"}, {"seq": "23", "n": "10777", "vap": "189", "pvap": "   1,42", "e": "N", "st": "Suplente"}, {"seq": "9", "n": "10852", "vap": "341", "pvap": "   2,56", "e": "S", "st": "Eleito"}, {"seq": "6", "n": "10123", "vap": "419", "pvap": "   3,14", "e": "S", "st": "Eleito"}, {"seq": "95", "n": "10999", "vap": "4", "pvap": "   0,03", "e": "N", "st": "Suplente"}, {"seq": "61", "n": "10789", "vap": "29", "pvap": "   0,22", "e": "N", "st": "Suplente"}, {"seq": "27", "n": "10111", "vap": "155", "pvap": "   1,16", "e": "N", "st": "Suplente"}, {"seq": "59", "n": "10888", "vap": "32", "pvap": "   0,24", "e": "N", "st": "Suplente"}, {"seq": "112", "n": "13150", "vap": "31", "pvap": "   0,23", "e": "N", "st": "N\u00e3o eleito"}, {"seq": "121", "n": "13013", "vap": "17", "pvap": "   0,13", "e": "N", "st": "N\u00e3o eleito"}, {"seq": "120", "n": "13810", "vap": "18", "pvap": "   0,13", "e": "N", "st": "N\u00e3o eleito"}, {"seq": "133", "n": "13518", "vap": "3", "pvap": "   0,02", "e": "N", "st": "N\u00e3o eleito"}, {"seq": "119", "n": "13213", "vap": "18", "pvap": "   0,13", "e": "N", "st": "N\u00e3o eleito"}, {"seq": "127", "n": "13513", "vap": "7", "pvap": "   0,05", "e": "N", "st": "N\u00e3o eleito"}, {"seq": "103", "n": "13633", "vap": "88", "pvap": "   0,66", "e": "N", "st": "N\u00e3o eleito"}, {"seq": "99", "n": "13123", "vap": "133", "pvap": "   1,00", "e": "N", "st": "N\u00e3o eleito"}, {"seq": "101", "n": "13222", "vap": "101", "pvap": "   0,76", "e": "N", "st": "N\u00e3o eleito"}, {"seq": "100", "n": "13713", "vap": "124", "pvap": "   0,93", "e": "N", "st": "N\u00e3o eleito"}, {"seq": "98", "n": "13111", "vap": "142", "pvap": "   1,06", "e": "N", "st": "N\u00e3o eleito"}, {"seq": "125", "n": "13000", "vap": "9", "pvap": "   0,07", "e": "N", "st": "N\u00e3o eleito"}, {"seq": "109", "n": "13456", "vap": "33", "pvap": "   0,25", "e": "N", "st": "N\u00e3o eleito"}, {"seq": "111", "n": "13333", "vap": "31", "pvap": "   0,23", "e": "N", "st": "N\u00e3o eleito"}, {"seq": "123", "n": "13568", "vap": "14", "pvap": "   0,10", "e": "N", "st": "N\u00e3o eleito"}, {"seq": "122", "n": "77333", "vap": "15", "pvap": "   0,11", "e": "N", "st": "N\u00e3o eleito"}, {"seq": "131", "n": "77555", "vap": "4", "pvap": "   0,03", "e": "N", "st": "N\u00e3o eleito"}, {"seq": "118", "n": "77777", "vap": "19", "pvap": "   0,14", "e": "N", "st": "N\u00e3o eleito"}, {"seq": "107", "n": "77222", "vap": "36", "pvap": "   0,27", "e": "N", "st": "N\u00e3o eleito"}, {"seq": "128", "n": "77000", "vap": "6", "pvap": "   0,04", "e": "N", "st": "N\u00e3o eleito"}, {"seq": "126", "n": "77233", "vap": "7", "pvap": "   0,05", "e": "N", "st": "N\u00e3o eleito"}, {"seq": "134", "n": "77122", "vap": "2", "pvap": "   0,01", "e": "N", "st": "N\u00e3o eleito"}, {"seq": "135", "n": "77614", "vap": "0", "pvap": "00.00", "e": "N", "st": "N\u00e3o eleito"}, {"seq": "116", "n": "77123", "vap": "20", "pvap": "   0,15", "e": "N", "st": "N\u00e3o eleito"}]}, {"dt": "15/11/2020", "ht": "21:44:24", "tf": "S", "and": "F", "tpabr": "ZONA", "cdabr": "68", "s": "44", "st": "44", "snt": "0", "si": "44", "sni": "0", "sa": "44", "sna": "0", "pst": " 100,00", "psnt": "   0,00", "psi": " 100,00", "psni": "   0,00", "psa": " 100,00", "psna": "   0,00", "e": "16698", "ea": "16698", "ena": "0", "esi": "16698", "esni": "0", "a": "2999", "c": "13699", "pea": " 100,00", "pena": "   0,00", "pesi": " 100,00", "pesni": "   0,00", "pa": "  17,96", "pc": "  82,04", "vnom": "13035", "vscv": "0", "vl": "306", "tv": "13699", "vvc": "13341", "vb": "92", "tvn": "266", "vn": "266", "vnt": "0", "vp": "0", "vv": "13341", "van": "0", "vansj": "0", "pvnom": "  97,71", "pvl": "   2,29", "pvvc": "  97,39", "pvb": "   0,67", "ptvn": "   1,94", "pvn": " 100,00", "pvnt": "   0,00", "pvp": "   0,00", "pvv": " 100,00", "pvan": "   0,00", "pvansj": "   0,00", "cand": [{"seq": "27", "n": "10111", "vap": "155", "pvap": "   1,16", "e": "N", "st": "Suplente"}, {"seq": "73", "n": "10555", "vap": "20", "pvap": "   0,15", "e": "N", "st": "Suplente"}, {"seq": "61", "n": "10789", "vap": "29", "pvap": "   0,22", "e": "N", "st": "Suplente"}, {"seq": "9", "n": "10852", "vap": "341", "pvap": "   2,56", "e": "S", "st": "Eleito"}, {"seq": "52", "n": "10333", "vap": "51", "pvap": "   0,38", "e": "N", "st": "Suplente"}, {"seq": "6", "n": "10123", "vap": "419", "pvap": "   3,14", "e": "S", "st": "Eleito"}, {"seq": "41", "n": "10444", "vap": "79", "pvap": "   0,59", "e": "N", "st": "Suplente"}, {"seq": "94", "n": "10468", "vap": "4", "pvap": "   0,03", "e": "N", "st": "Suplente"}, {"seq": "95", "n": "10999", "vap": "4", "pvap": "   0,03", "e": "N", "st": "Suplente"}, {"seq": "81", "n": "10715", "vap": "12", "pvap": "   0,09", "e": "N", "st": "Suplente"}, {"seq": "74", "n": "10222", "vap": "20", "pvap": "   0,15", "e": "N", "st": "Suplente"}, {"seq": "77", "n": "10010", "vap": "16", "pvap": "   0,12", "e": "N", "st": "Suplente"}, {"seq": "17", "n": "10100", "vap": "235", "pvap": "   1,76", "e": "N", "st": "Suplente"}, {"seq": "23", "n": "10777", "vap": "189", "pvap": "   1,42", "e": "N", "st": "Suplente"}, {"seq": "21", "n": "10567", "vap": "212", "pvap": "   1,59", "e": "N", "st": "Suplente"}, {"seq": "59", "n": "10888", "vap": "32", "pvap": "   0,24", "e": "N", "st": "Suplente"}, {"seq": "5", "n": "10456", "vap": "558", "pvap": "   4,18", "e": "S", "st": "Eleito"}, {"seq": "82", "n": "10000", "vap": "12", "pvap": "   0,09", "e": "N", "st": "Suplente"}, {"seq": "39", "n": "10007", "vap": "89", "pvap": "   0,67", "e": "N", "st": "Suplente"}, {"seq": "93", "n": "11456", "vap": "4", "pvap": "   0,03", "e": "N", "st": "Suplente"}, {"seq": "67", "n": "11222", "vap": "24", "pvap": "   0,18", "e": "N", "st": "Suplente"}, {"seq": "24", "n": "11789", "vap": "169", "pvap": "   1,27", "e": "N", "st": "Suplente"}, {"seq": "58", "n": "11346", "vap": "38", "pvap": "   0,28", "e": "N", "st": "Suplente"}, {"seq": "63", "n": "11777", "vap": "26", "pvap": "   0,19", "e": "N", "st": "Suplente"}, {"seq": "10", "n": "11234", "vap": "308", "pvap": "   2,31", "e": "S", "st": "Eleito"}, {"seq": "87", "n": "11007", "vap": "8", "pvap": "   0,06", "e": "N", "st": "Suplente"}, {"seq": "18", "n": "11123", "vap": "220", "pvap": "   1,65", "e": "N", "st": "Suplente"}, {"seq": "45", "n": "11000", "vap": "65", "pvap": "   0,49", "e": "N", "st": "Suplente"}, {"seq": "20", "n": "11101", "vap": "219", "pvap": "   1,64", "e": "N", "st": "Suplente"}, {"seq": "91", "n": "11999", "vap": "5", "pvap": "   0,04", "e": "N", "st": "Suplente"}, {"seq": "44", "n": "11233", "vap": "69", "pvap": "   0,52", "e": "N", "st": "Suplente"}, {"seq": "11", "n": "11011", "vap": "238", "pvap": "   1,78", "e": "S", "st": "Eleito"}, {"seq": "60", "n": "11321", "vap": "31", "pvap": "   0,23", "e": "N", "st": "Suplente"}, {"seq": "71", "n": "11111", "vap": "21", "pvap": "   0,16", "e": "N", "st": "Suplente"}, {"seq": "3", "n": "11888", "vap": "616", "pvap": "   4,62", "e": "S", "st": "Eleito"}, {"seq": "1", "n": "11555", "vap": "707", "pvap": "   5,30", "e": "S", "st": "Eleito"}, {"seq": "75", "n": "11155", "vap": "17", "pvap": "   0,13", "e": "N", "st": "Suplente"}, {"seq": "19", "n": "11128", "vap": "220", "pvap": "   1,65", "e": "N", "st": "Suplente"}, {"seq": "47", "n": "11444", "vap": "60", "pvap": "   0,45", "e": "N", "st": "Suplente"}, {"seq": "122", "n": "77333", "vap": "15", "pvap": "   0,11", "e": "N", "st": "N\u00e3o eleito"}, {"seq": "135", "n": "77614", "vap": "0", "pvap": "00.00", "e": "N", "st": "N\u00e3o eleito"}, {"seq": "118", "n": "77777", "vap": "19", "pvap": "   0,14", "e": "N", "st": "N\u00e3o eleito"}, {"seq": "134", "n": "77122", "vap": "2", "pvap": "   0,01", "e": "N", "st": "N\u00e3o eleito"}, {"seq": "128", "n": "77000", "vap": "6", "pvap": "   0,04", "e": "N", "st": "N\u00e3o eleito"}, {"seq": "116", "n": "77123", "vap": "20", "pvap": "   0,15", "e": "N", "st": "N\u00e3o eleito"}, {"seq": "107", "n": "77222", "vap": "36", "pvap": "   0,27", "e": "N", "st": "N\u00e3o eleito"}, {"seq": "126", "n": "77233", "vap": "7", "pvap": "   0,05", "e": "N", "st": "N\u00e3o eleito"}, {"seq": "131", "n": "77555", "vap": "4", "pvap": "   0,03", "e": "N", "st": "N\u00e3o eleito"}, {"seq": "104", "n": "20000", "vap": "63", "pvap": "   0,47", "e": "N", "st": "N\u00e3o eleito"}, {"seq": "132", "n": "20111", "vap": "3", "pvap": "   0,02", "e": "N", "st": "N\u00e3o eleito"}, {"seq": "108", "n": "20777", "vap": "36", "pvap": "   0,27", "e": "N", "st": "N\u00e3o eleito"}, {"seq": "113", "n": "20789", "vap": "28", "pvap": "   0,21", "e": "N", "st": "N\u00e3o eleito"}, {"seq": "124", "n": "20224", "vap": "11", "pvap": "   0,08", "e": "N", "st": "N\u00e3o eleito"}, {"seq": "137", "n": "20123", "vap": "0", "pvap": "00.00", "e": "N", "st": "N\u00e3o eleito"}, {"seq": "129", "n": "20456", "vap": "6", "pvap": "   0,04", "e": "N", "st": "N\u00e3o eleito"}, {"seq": "110", "n": "20555", "vap": "32", "pvap": "   0,24", "e": "N", "st": "N\u00e3o eleito"}, {"seq": "115", "n": "20988", "vap": "22", "pvap": "   0,16", "e": "N", "st": "N\u00e3o eleito"}, {"seq": "136", "n": "20333", "vap": "0", "pvap": "00.00", "e": "N", "st": "N\u00e3o eleito"}, {"seq": "130", "n": "20677", "vap": "6", "pvap": "   0,04", "e": "N", "st": "N\u00e3o eleito"}, {"seq": "102", "n": "20888", "vap": "100", "pvap": "   0,75", "e": "N", "st": "N\u00e3o eleito"}, {"seq": "106", "n": "20200", "vap": "46", "pvap": "   0,34", "e": "N", "st": "N\u00e3o eleito"}, {"seq": "117", "n": "20222", "vap": "20", "pvap": "   0,15", "e": "N", "st": "N\u00e3o eleito"}, {"seq": "114", "n": "20020", "vap": "27", "pvap": "   0,20", "e": "N", "st": "N\u00e3o eleito"}, {"seq": "105", "n": "20100", "vap": "48", "pvap": "   0,36", "e": "N", "st": "N\u00e3o eleito"}, {"seq": "43", "n": "55333", "vap": "72", "pvap": "   0,54", "e": "N", "st": "Suplente"}, {"seq": "88", "n": "55777", "vap": "7", "pvap": "   0,05", "e": "N", "st": "Suplente"}, {"seq": "7", "n": "55222", "vap": "405", "pvap": "   3,04", "e": "S", "st": "Eleito"}, {"seq": "32", "n": "55111", "vap": "120", "pvap": "   0,90", "e": "N", "st": "Suplente"}, {"seq": "2", "n": "55000", "vap": "621", "pvap": "   4,65", "e": "S", "st": "Eleito"}, {"seq": "50", "n": "55678", "vap": "55", "pvap": "   0,41", "e": "N", "st": "Suplente"}, {"seq": "72", "n": "55456", "vap": "20", "pvap": "   0,15", "e": "N", "st": "Suplente"}, {"seq": "89", "n": "55999", "vap": "6", "pvap": "   0,04", "e": "N", "st": "Suplente"}, {"seq": "92", "n": "55556", "vap": "4", "pvap": "   0,03", "e": "N", "st": "Suplente"}, {"seq": "57", "n": "55293", "vap": "39", "pvap": "   0,29", "e": "N", "st": "Suplente"}, {"seq": "46", "n": "55123", "vap": "65", "pvap": "   0,49", "e": "N", "st": "Suplente"}, {"seq": "16", "n": "55555", "vap": "258", "pvap": "   1,93", "e": "N", "st": "Suplente"}, {"seq": "38", "n": "55114", "vap": "97", "pvap": "   0,73", "e": "N", "st": "Suplente"}, {"seq": "79", "n": "55888", "vap": "12", "pvap": "   0,09", "e": "N", "st": "Suplente"}, {"seq": "15", "n": "55444", "vap": "277", "pvap": "   2,08", "e": "N", "st": "Suplente"}, {"seq": "33", "n": "55321", "vap": "117", "pvap": "   0,88", "e": "N", "st": "Suplente"}, {"seq": "76", "n": "55355", "vap": "17", "pvap": "   0,13", "e": "N", "st": "Suplente"}, {"seq": "28", "n": "55235", "vap": "151", "pvap": "   1,13", "e": "N", "st": "Suplente"}, {"seq": "49", "n": "55005", "vap": "55", "pvap": "   0,41", "e": "N", "st": "Suplente"}, {"seq": "35", "n": "90111", "vap": "114", "pvap": "   0,85", "e": "N", "st": "Suplente"}, {"seq": "13", "n": "90888", "vap": "209", "pvap": "   1,57", "e": "S", "st": "Eleito"}, {"seq": "53", "n": "90455", "vap": "48", "pvap": "   0,36", "e": "N", "st": "Suplente"}, {"seq": "26", "n": "90999", "vap": "157", "pvap": "   1,18", "e": "N", "st": "Suplente"}, {"seq": "83", "n": "90494", "vap": "11", "pvap": "   0,08", "e": "N", "st": "Suplente"}, {"seq": "68", "n": "90456", "vap": "23", "pvap": "   0,17", "e": "N", "st": "Suplente"}, {"seq": "64", "n": "90333", "vap": "25", "pvap": "   0,19", "e": "N", "st": "Suplente"}, {"seq": "36", "n": "90012", "vap": "112", "pvap": "   0,84", "e": "N", "st": "Suplente"}, {"seq": "78", "n": "90454", "vap": "13", "pvap": "   0,10", "e": "N", "st": "Suplente"}, {"seq": "69", "n": "90234", "vap": "22", "pvap": "   0,16", "e": "N", "st": "Suplente"}, {"seq": "34", "n": "90567", "vap": "116", "pvap": "   0,87", "e": "N", "st": "Suplente"}, {"seq": "97", "n": "90258", "vap": "0", "pvap": "00.00", "e": "N", "st": "Suplente"}, {"seq": "37", "n": "90777", "vap": "110", "pvap": "   0,82", "e": "N", "st": "Suplente"}, {"seq": "25", "n": "90123", "vap": "162", "pvap": "   1,21", "e": "N", "st": "Suplente"}, {"seq": "70", "n": "90789", "vap": "21", "pvap": "   0,16", "e": "N", "st": "Suplente"}, {"seq": "54", "n": "90016", "vap": "47", "pvap": "   0,35", "e": "N", "st": "Suplente"}, {"seq": "29", "n": "90000", "vap": "150", "pvap": "   1,12", "e": "N", "st": "Suplente"}, {"seq": "65", "n": "90656", "vap": "25", "pvap": "   0,19", "e": "N", "st": "Suplente"}, {"seq": "51", "n": "90633", "vap": "54", "pvap": "   0,40", "e": "N", "st": "Suplente"}, {"seq": "12", "n": "90555", "vap": "234", "pvap": "   1,75", "e": "S", "st": "Eleito"}, {"seq": "119", "n": "13213", "vap": "18", "pvap": "   0,13", "e": "N", "st": "N\u00e3o eleito"}, {"seq": "120", "n": "13810", "vap": "18", "pvap": "   0,13", "e": "N", "st": "N\u00e3o eleito"}, {"seq": "99", "n": "13123", "vap": "133", "pvap": "   1,00", "e": "N", "st": "N\u00e3o eleito"}, {"seq": "101", "n": "13222", "vap": "101", "pvap": "   0,76", "e": "N", "st": "N\u00e3o eleito"}, {"seq": "112", "n": "13150", "vap": "31", "pvap": "   0,23", "e": "N", "st": "N\u00e3o eleito"}, {"seq": "103", "n": "13633", "vap": "88", "pvap": "   0,66", "e": "N", "st": "N\u00e3o eleito"}, {"seq": "98", "n": "13111", "vap": "142", "pvap": "   1,06", "e": "N", "st": "N\u00e3o eleito"}, {"seq": "125", "n": "13000", "vap": "9", "pvap": "   0,07", "e": "N", "st": "N\u00e3o eleito"}, {"seq": "109", "n": "13456", "vap": "33", "pvap": "   0,25", "e": "N", "st": "N\u00e3o eleito"}, {"seq": "100", "n": "13713", "vap": "124", "pvap": "   0,93", "e": "N", "st": "N\u00e3o eleito"}, {"seq": "123", "n": "13568", "vap": "14", "pvap": "   0,10", "e": "N", "st": "N\u00e3o eleito"}, {"seq": "121", "n": "13013", "vap": "17", "pvap": "   0,13", "e": "N", "st": "N\u00e3o eleito"}, {"seq": "133", "n": "13518", "vap": "3", "pvap": "   0,02", "e": "N", "st": "N\u00e3o eleito"}, {"seq": "127", "n": "13513", "vap": "7", "pvap": "   0,05", "e": "N", "st": "N\u00e3o eleito"}, {"seq": "111", "n": "13333", "vap": "31", "pvap": "   0,23", "e": "N", "st": "N\u00e3o eleito"}, {"seq": "84", "n": "15100", "vap": "10", "pvap": "   0,07", "e": "N", "st": "Suplente"}, {"seq": "14", "n": "15123", "vap": "296", "pvap": "   2,22", "e": "N", "st": "Suplente"}, {"seq": "80", "n": "15333", "vap": "12", "pvap": "   0,09", "e": "N", "st": "Suplente"}, {"seq": "48", "n": "15648", "vap": "58", "pvap": "   0,43", "e": "N", "st": "Suplente"}, {"seq": "85", "n": "15678", "vap": "10", "pvap": "   0,07", "e": "N", "st": "Suplente"}, {"seq": "90", "n": "15115", "vap": "5", "pvap": "   0,04", "e": "N", "st": "Suplente"}, {"seq": "40", "n": "15777", "vap": "80", "pvap": "   0,60", "e": "N", "st": "Suplente"}, {"seq": "66", "n": "15684", "vap": "24", "pvap": "   0,18", "e": "N", "st": "Suplente"}, {"seq": "31", "n": "15111", "vap": "123", "pvap": "   0,92", "e": "N", "st": "Suplente"}, {"seq": "62", "n": "15112", "vap": "29", "pvap": "   0,22", "e": "N", "st": "Suplente"}, {"seq": "4", "n": "15555", "vap": "569", "pvap": "   4,27", "e": "S", "st": "Eleito"}, {"seq": "96", "n": "15888", "vap": "3", "pvap": "   0,02", "e": "N", "st": "Suplente"}, {"seq": "86", "n": "15234", "vap": "8", "pvap": "   0,06", "e": "N", "st": "Suplente"}, {"seq": "8", "n": "15444", "vap": "387", "pvap": "   2,90", "e": "S", "st": "Eleito"}, {"seq": "55", "n": "15222", "vap": "45", "pvap": "   0,34", "e": "N", "st": "Suplente"}, {"seq": "30", "n": "15666", "vap": "135", "pvap": "   1,01", "e": "N", "st": "Suplente"}, {"seq": "56", "n": "15000", "vap": "39", "pvap": "   0,29", "e": "N", "st": "Suplente"}, {"seq": "42", "n": "15789", "vap": "78", "pvap": "   0,58", "e": "N", "st": "Suplente"}, {"seq": "22", "n": "15611", "vap": "205", "pvap": "   1,54", "e": "N", "st": "Suplente"}]}]}