{"ele": "426", "carper": "13", "t": "1", "f": "O", "esae": "N", "mnae": " ", "dg": "15/11/2020", "hg": "22:13:38", "dv": "S", "nadf": "am02810-c0013-e000426-003-f", "abr": [{"dt": "15/11/2020", "ht": "21:11:51", "tf": "S", "and": "F", "tpabr": "MU", "cdabr": "02810", "s": "118", "st": "118", "snt": "0", "si": "118", "sni": "0", "sa": "118", "sna": "0", "pst": " 100,00", "psnt": "   0,00", "psi": " 100,00", "psni": "   0,00", "psa": " 100,00", "psna": "   0,00", "e": "44504", "ea": "44504", "ena": "0", "esi": "44504", "esni": "0", "c": "35075", "a": "9429", "pea": " 100,00", "pena": "   0,00", "pesi": " 100,00", "pesni": "   0,00", "pa": "  21,19", "pc": "  78,81", "vscv": "0", "vnom": "32092", "vl": "1551", "tv": "35075", "vvc": "34232", "vb": "243", "tvn": "600", "vn": "600", "vnt": "0", "vp": "0", "vv": "33643", "van": "0", "vansj": "589", "pvnom": "  95,39", "pvl": "   4,61", "pvvc": "  97,60", "pvb": "   0,69", "ptvn": "   1,71", "pvn": " 100,00", "pvnt": "   0,00", "pvp": "   0,00", "pvv": "  98,28", "pvan": "   0,00", "pvansj": "   1,72", "colig": [{"n": "40000132564", "tvtn": "2920", "tvan": "3270", "vag": "1", "tvtl": "65", "tval": "65"}, {"n": "40000099062", "tvtn": "5500", "tvan": "5500", "vag": "3", "tvtl": "410", "tval": "410"}, {"n": "40000133044", "tvtn": "1129", "tvan": "1129", "vag": "0", "tvtl": "22", "tval": "22"}, {"n": "40000119180", "tvtn": "457", "tvan": "497", "vag": "0", "tvtl": "65", "tval": "65"}, {"n": "40000129876", "tvtn": "6183", "tvan": "6183", "vag": "4", "tvtl": "137", "tval": "137"}, {"n": "40000118776", "tvtn": "3162", "tvan": "3361", "vag": "2", "tvtl": "57", "tval": "57"}, {"n": "40000113764", "tvtn": "475", "tvan": "475", "vag": "0", "tvtl": "444", "tval": "444"}, {"n": "40000115493", "tvtn": "228", "tvan": "228", "vag": "0", "tvtl": "10", "tval": "10"}, {"n": "40000110878", "tvtn": "1242", "tvan": "1242", "vag": "0", "tvtl": "52", "tval": "52"}, {"n": "40000092648", "tvtn": "5455", "tvan": "5455", "vag": "3", "tvtl": "119", "tval": "119"}, {"n": "40000118617", "tvtn": "730", "tvan": "730", "vag": "0", "tvtl": "18", "tval": "18"}, {"n": "40000155405", "tvtn": "185", "tvan": "185", "vag": "0", "tvtl": "33", "tval": "33"}, {"n": "40000110221", "tvtn": "3153", "tvan": "3153", "vag": "2", "tvtl": "61", "tval": "61"}, {"n": "40000095932", "tvtn": "861", "tvan": "861", "vag": "0", "tvtl": "24", "tval": "24"}, {"n": "40000148642", "tvtn": "412", "tvan": "412", "vag": "0", "tvtl": "34", "tval": "34"}], "part": [{"n": "15", "tvtn": "2920", "tvan": "3270", "tvtl": "65", "tval": "65"}, {"n": "11", "tvtn": "5500", "tvan": "5500", "tvtl": "410", "tval": "410"}, {"n": "65", "tvtn": "1129", "tvan": "1129", "tvtl": "22", "tval": "22"}, {"n": "12", "tvtn": "457", "tvan": "497", "tvtl": "65", "tval": "65"}, {"n": "25", "tvtn": "6183", "tvan": "6183", "tvtl": "137", "tval": "137"}, {"n": "70", "tvtn": "3162", "tvan": "3361", "tvtl": "57", "tval": "57"}, {"n": "14", "tvtn": "475", "tvan": "475", "tvtl": "444", "tval": "444"}, {"n": "50", "tvtn": "228", "tvan": "228", "tvtl": "10", "tval": "10"}, {"n": "17", "tvtn": "1242", "tvan": "1242", "tvtl": "52", "tval": "52"}, {"n": "55", "tvtn": "5455", "tvan": "5455", "tvtl": "119", "tval": "119"}, {"n": "20", "tvtn": "730", "tvan": "730", "tvtl": "18", "tval": "18"}, {"n": "51", "tvtn": "185", "tvan": "185", "tvtl": "33", "tval": "33"}, {"n": "10", "tvtn": "3153", "tvan": "3153", "tvtl": "61", "tval": "61"}, {"n": "13", "tvtn": "861", "tvan": "861", "tvtl": "24", "tval": "24"}, {"n": "77", "tvtn": "412", "tvan": "412", "tvtl": "34", "tval": "34"}], "cand": [{"seq": "101", "n": "15550", "vap": "18", "pvap": "   0,05", "e": "N", "st": "Suplente"}, {"seq": "54", "n": "15015", "vap": "169", "pvap": "   0,49", "e": "N", "st": "Suplente"}, {"seq": "87", "n": "15333", "vap": "48", "pvap": "   0,14", "e": "N", "st": "Suplente"}, {"seq": "74", "n": "15444", "vap": "75", "pvap": "   0,22", "e": "N", "st": "Suplente"}, {"seq": "116", "n": "15040", "vap": "350", "pvap": "   1,02", "e": "N", "st": "N\u00e3o eleito"}, {"seq": "90", "n": "15222", "vap": "34", "pvap": "   0,10", "e": "N", "st": "Suplente"}, {"seq": "95", "n": "15111", "vap": "26", "pvap": "   0,08", "e": "N", "st": "Suplente"}, {"seq": "76", "n": "15277", "vap": "68", "pvap": "   0,20", "e": "N", "st": "Suplente"}, {"seq": "45", "n": "15777", "vap": "191", "pvap": "   0,56", "e": "N", "st": "Suplente"}, {"seq": "53", "n": "15456", "vap": "170", "pvap": "   0,50", "e": "N", "st": "Suplente"}, {"seq": "108", "n": "15343", "vap": "12", "pvap": "   0,04", "e": "N", "st": "Suplente"}, {"seq": "3", "n": "15678", "vap": "891", "pvap": "   2,60", "e": "S", "st": "Eleito"}, {"seq": "102", "n": "15324", "vap": "17", "pvap": "   0,05", "e": "N", "st": "Suplente"}, {"seq": "35", "n": "15555", "vap": "303", "pvap": "   0,89", "e": "N", "st": "Suplente"}, {"seq": "93", "n": "15631", "vap": "30", "pvap": "   0,09", "e": "N", "st": "Suplente"}, {"seq": "86", "n": "15115", "vap": "54", "pvap": "   0,16", "e": "N", "st": "Suplente"}, {"seq": "61", "n": "15666", "vap": "128", "pvap": "   0,37", "e": "N", "st": "Suplente"}, {"seq": "79", "n": "15345", "vap": "64", "pvap": "   0,19", "e": "N", "st": "Suplente"}, {"seq": "71", "n": "15322", "vap": "87", "pvap": "   0,25", "e": "N", "st": "Suplente"}, {"seq": "94", "n": "15112", "vap": "28", "pvap": "   0,08", "e": "N", "st": "Suplente"}, {"seq": "18", "n": "15123", "vap": "494", "pvap": "   1,44", "e": "N", "st": "Suplente"}, {"seq": "105", "n": "15731", "vap": "13", "pvap": "   0,04", "e": "N", "st": "Suplente"}, {"seq": "72", "n": "11444", "vap": "84", "pvap": "   0,25", "e": "N", "st": "Suplente"}, {"seq": "19", "n": "11222", "vap": "458", "pvap": "   1,34", "e": "N", "st": "Suplente"}, {"seq": "26", "n": "11211", "vap": "423", "pvap": "   1,24", "e": "N", "st": "Suplente"}, {"seq": "75", "n": "11777", "vap": "73", "pvap": "   0,21", "e": "N", "st": "Suplente"}, {"seq": "11", "n": "11011", "vap": "594", "pvap": "   1,74", "e": "S", "st": "Eleito"}, {"seq": "64", "n": "11234", "vap": "119", "pvap": "   0,35", "e": "N", "st": "Suplente"}, {"seq": "16", "n": "11111", "vap": "552", "pvap": "   1,61", "e": "N", "st": "Suplente"}, {"seq": "24", "n": "11000", "vap": "428", "pvap": "   1,25", "e": "N", "st": "Suplente"}, {"seq": "5", "n": "11123", "vap": "874", "pvap": "   2,55", "e": "S", "st": "Eleito"}, {"seq": "40", "n": "11555", "vap": "231", "pvap": "   0,67", "e": "N", "st": "Suplente"}, {"seq": "9", "n": "11433", "vap": "657", "pvap": "   1,92", "e": "S", "st": "Eleito"}, {"seq": "73", "n": "11654", "vap": "77", "pvap": "   0,22", "e": "N", "st": "Suplente"}, {"seq": "81", "n": "11223", "vap": "62", "pvap": "   0,18", "e": "N", "st": "Suplente"}, {"seq": "48", "n": "11345", "vap": "185", "pvap": "   0,54", "e": "N", "st": "Suplente"}, {"seq": "104", "n": "11263", "vap": "16", "pvap": "   0,05", "e": "N", "st": "Suplente"}, {"seq": "43", "n": "11333", "vap": "206", "pvap": "   0,60", "e": "N", "st": "Suplente"}, {"seq": "49", "n": "11033", "vap": "185", "pvap": "   0,54", "e": "N", "st": "Suplente"}, {"seq": "41", "n": "11456", "vap": "219", "pvap": "   0,64", "e": "N", "st": "Suplente"}, {"seq": "83", "n": "11112", "vap": "57", "pvap": "   0,17", "e": "N", "st": "Suplente"}, {"seq": "219", "n": "65981", "vap": "0", "pvap": "00.00", "e": "N", "st": "N\u00e3o eleito"}, {"seq": "217", "n": "65622", "vap": "2", "pvap": "   0,01", "e": "N", "st": "N\u00e3o eleito"}, {"seq": "201", "n": "65001", "vap": "8", "pvap": "   0,02", "e": "N", "st": "N\u00e3o eleito"}, {"seq": "124", "n": "65065", "vap": "150", "pvap": "   0,44", "e": "N", "st": "N\u00e3o eleito"}, {"seq": "157", "n": "65007", "vap": "38", "pvap": "   0,11", "e": "N", "st": "N\u00e3o eleito"}, {"seq": "133", "n": "65222", "vap": "104", "pvap": "   0,30", "e": "N", "st": "N\u00e3o eleito"}, {"seq": "171", "n": "65177", "vap": "26", "pvap": "   0,08", "e": "N", "st": "N\u00e3o eleito"}, {"seq": "163", "n": "65456", "vap": "30", "pvap": "   0,09", "e": "N", "st": "N\u00e3o eleito"}, {"seq": "170", "n": "65777", "vap": "26", "pvap": "   0,08", "e": "N", "st": "N\u00e3o eleito"}, {"seq": "175", "n": "65333", "vap": "24", "pvap": "   0,07", "e": "N", "st": "N\u00e3o eleito"}, {"seq": "176", "n": "65789", "vap": "24", "pvap": "   0,07", "e": "N", "st": "N\u00e3o eleito"}, {"seq": "120", "n": "65000", "vap": "200", "pvap": "   0,58", "e": "N", "st": "N\u00e3o eleito"}, {"seq": "118", "n": "65123", "vap": "332", "pvap": "   0,97", "e": "N", "st": "N\u00e3o eleito"}, {"seq": "130", "n": "65555", "vap": "123", "pvap": "   0,36", "e": "N", "st": "N\u00e3o eleito"}, {"seq": "154", "n": "65444", "vap": "42", "pvap": "   0,12", "e": "N", "st": "N\u00e3o eleito"}, {"seq": "126", "n": "12789", "vap": "140", "pvap": "   0,41", "e": "N", "st": "N\u00e3o eleito"}, {"seq": "149", "n": "12555", "vap": "47", "pvap": "   0,14", "e": "N", "st": "N\u00e3o eleito"}, {"seq": "156", "n": "12151", "vap": "40", "pvap": "   0,12", "e": "N", "st": "N\u00e3o eleito"}, {"seq": "125", "n": "12369", "vap": "142", "pvap": "   0,41", "e": "N", "st": "N\u00e3o eleito"}, {"seq": "147", "n": "12000", "vap": "49", "pvap": "   0,14", "e": "N", "st": "N\u00e3o eleito"}, {"seq": "179", "n": "12333", "vap": "21", "pvap": "   0,06", "e": "N", "st": "N\u00e3o eleito"}, {"seq": "164", "n": "12777", "vap": "30", "pvap": "   0,09", "e": "N", "st": "N\u00e3o eleito"}, {"seq": "197", "n": "12345", "vap": "10", "pvap": "   0,03", "e": "N", "st": "N\u00e3o eleito"}, {"seq": "185", "n": "12444", "vap": "18", "pvap": "   0,05", "e": "N", "st": "N\u00e3o eleito"}, {"seq": "67", "n": "25125", "vap": "103", "pvap": "   0,30", "e": "N", "st": "Suplente"}, {"seq": "1", "n": "25111", "vap": "975", "pvap": "   2,85", "e": "S", "st": "Eleito"}, {"seq": "38", "n": "25452", "vap": "242", "pvap": "   0,71", "e": "N", "st": "Suplente"}, {"seq": "69", "n": "25777", "vap": "93", "pvap": "   0,27", "e": "N", "st": "Suplente"}, {"seq": "56", "n": "25511", "vap": "143", "pvap": "   0,42", "e": "N", "st": "Suplente"}, {"seq": "65", "n": "25456", "vap": "109", "pvap": "   0,32", "e": "N", "st": "Suplente"}, {"seq": "20", "n": "25000", "vap": "451", "pvap": "   1,32", "e": "N", "st": "Suplente"}, {"seq": "84", "n": "25552", "vap": "56", "pvap": "   0,16", "e": "N", "st": "Suplente"}, {"seq": "25", "n": "25666", "vap": "428", "pvap": "   1,25", "e": "N", "st": "Suplente"}, {"seq": "27", "n": "25678", "vap": "405", "pvap": "   1,18", "e": "N", "st": "Suplente"}, {"seq": "29", "n": "25455", "vap": "379", "pvap": "   1,11", "e": "N", "st": "Suplente"}, {"seq": "99", "n": "25608", "vap": "20", "pvap": "   0,06", "e": "N", "st": "Suplente"}, {"seq": "8", "n": "25444", "vap": "723", "pvap": "   2,11", "e": "S", "st": "Eleito"}, {"seq": "70", "n": "25555", "vap": "93", "pvap": "   0,27", "e": "N", "st": "Suplente"}, {"seq": "13", "n": "25123", "vap": "515", "pvap": "   1,50", "e": "S", "st": "Eleito"}, {"seq": "4", "n": "25610", "vap": "883", "pvap": "   2,58", "e": "S", "st": "Eleito"}, {"seq": "22", "n": "25522", "vap": "443", "pvap": "   1,29", "e": "N", "st": "Suplente"}, {"seq": "62", "n": "25333", "vap": "122", "pvap": "   0,36", "e": "N", "st": "Suplente"}, {"seq": "122", "n": "70190", "vap": "162", "pvap": "   0,47", "e": "N", "st": "N\u00e3o eleito"}, {"seq": "78", "n": "70444", "vap": "64", "pvap": "   0,19", "e": "N", "st": "Suplente"}, {"seq": "89", "n": "70177", "vap": "40", "pvap": "   0,12", "e": "N", "st": "Suplente"}, {"seq": "15", "n": "70123", "vap": "373", "pvap": "   1,09", "e": "S", "st": "Eleito"}, {"seq": "88", "n": "70888", "vap": "45", "pvap": "   0,13", "e": "N", "st": "Suplente"}, {"seq": "110", "n": "70296", "vap": "7", "pvap": "   0,02", "e": "N", "st": "Suplente"}, {"seq": "37", "n": "70333", "vap": "281", "pvap": "   0,82", "e": "N", "st": "Suplente"}, {"seq": "44", "n": "70555", "vap": "201", "pvap": "   0,59", "e": "N", "st": "Suplente"}, {"seq": "111", "n": "70899", "vap": "3", "pvap": "   0,01", "e": "N", "st": "Suplente"}, {"seq": "60", "n": "70170", "vap": "135", "pvap": "   0,39", "e": "N", "st": "Suplente"}, {"seq": "46", "n": "70789", "vap": "186", "pvap": "   0,54", "e": "N", "st": "Suplente"}, {"seq": "85", "n": "70192", "vap": "55", "pvap": "   0,16", "e": "N", "st": "Suplente"}, {"seq": "32", "n": "70070", "vap": "331", "pvap": "   0,97", "e": "N", "st": "Suplente"}, {"seq": "107", "n": "70978", "vap": "13", "pvap": "   0,04", "e": "N", "st": "Suplente"}, {"seq": "106", "n": "70601", "vap": "13", "pvap": "   0,04", "e": "N", "st": "Suplente"}, {"seq": "36", "n": "70999", "vap": "300", "pvap": "   0,88", "e": "N", "st": "Suplente"}, {"seq": "50", "n": "70007", "vap": "181", "pvap": "   0,53", "e": "N", "st": "Suplente"}, {"seq": "114", "n": "70343", "vap": "0", "pvap": "00.00", "e": "N", "st": "Suplente"}, {"seq": "14", "n": "70000", "vap": "401", "pvap": "   1,17", "e": "S", "st": "Eleito"}, {"seq": "158", "n": "70222", "vap": "37", "pvap": "   0,11", "e": "N", "st": "N\u00e3o eleito"}, {"seq": "47", "n": "70700", "vap": "185", "pvap": "   0,54", "e": "N", "st": "Suplente"}, {"seq": "98", "n": "70111", "vap": "21", "pvap": "   0,06", "e": "N", "st": "Suplente"}, {"seq": "33", "n": "70777", "vap": "327", "pvap": "   0,96", "e": "N", "st": "Suplente"}, {"seq": "148", "n": "14888", "vap": "49", "pvap": "   0,14", "e": "N", "st": "N\u00e3o eleito"}, {"seq": "192", "n": "14222", "vap": "16", "pvap": "   0,05", "e": "N", "st": "N\u00e3o eleito"}, {"seq": "220", "n": "14668", "vap": "0", "pvap": "00.00", "e": "N", "st": "N\u00e3o eleito"}, {"seq": "200", "n": "14333", "vap": "8", "pvap": "   0,02", "e": "N", "st": "N\u00e3o eleito"}, {"seq": "168", "n": "14777", "vap": "28", "pvap": "   0,08", "e": "N", "st": "N\u00e3o eleito"}, {"seq": "136", "n": "14111", "vap": "99", "pvap": "   0,29", "e": "N", "st": "N\u00e3o eleito"}, {"seq": "169", "n": "14456", "vap": "26", "pvap": "   0,08", "e": "N", "st": "N\u00e3o eleito"}, {"seq": "213", "n": "14000", "vap": "3", "pvap": "   0,01", "e": "N", "st": "N\u00e3o eleito"}, {"seq": "165", "n": "14123", "vap": "30", "pvap": "   0,09", "e": "N", "st": "N\u00e3o eleito"}, {"seq": "129", "n": "14444", "vap": "129", "pvap": "   0,38", "e": "N", "st": "N\u00e3o eleito"}, {"seq": "215", "n": "14999", "vap": "2", "pvap": "   0,01", "e": "N", "st": "N\u00e3o eleito"}, {"seq": "143", "n": "14434", "vap": "69", "pvap": "   0,20", "e": "N", "st": "N\u00e3o eleito"}, {"seq": "191", "n": "14555", "vap": "16", "pvap": "   0,05", "e": "N", "st": "N\u00e3o eleito"}, {"seq": "178", "n": "50999", "vap": "22", "pvap": "   0,06", "e": "N", "st": "N\u00e3o eleito"}, {"seq": "182", "n": "50123", "vap": "20", "pvap": "   0,06", "e": "N", "st": "N\u00e3o eleito"}, {"seq": "151", "n": "50444", "vap": "45", "pvap": "   0,13", "e": "N", "st": "N\u00e3o eleito"}, {"seq": "181", "n": "50011", "vap": "20", "pvap": "   0,06", "e": "N", "st": "N\u00e3o eleito"}, {"seq": "199", "n": "50222", "vap": "9", "pvap": "   0,03", "e": "N", "st": "N\u00e3o eleito"}, {"seq": "183", "n": "50624", "vap": "19", "pvap": "   0,06", "e": "N", "st": "N\u00e3o eleito"}, {"seq": "209", "n": "50111", "vap": "4", "pvap": "   0,01", "e": "N", "st": "N\u00e3o eleito"}, {"seq": "214", "n": "50556", "vap": "2", "pvap": "   0,01", "e": "N", "st": "N\u00e3o eleito"}, {"seq": "186", "n": "50113", "vap": "17", "pvap": "   0,05", "e": "N", "st": "N\u00e3o eleito"}, {"seq": "167", "n": "50555", "vap": "28", "pvap": "   0,08", "e": "N", "st": "N\u00e3o eleito"}, {"seq": "204", "n": "50125", "vap": "6", "pvap": "   0,02", "e": "N", "st": "N\u00e3o eleito"}, {"seq": "173", "n": "50400", "vap": "24", "pvap": "   0,07", "e": "N", "st": "N\u00e3o eleito"}, {"seq": "196", "n": "50333", "vap": "12", "pvap": "   0,04", "e": "N", "st": "N\u00e3o eleito"}, {"seq": "134", "n": "17000", "vap": "103", "pvap": "   0,30", "e": "N", "st": "N\u00e3o eleito"}, {"seq": "202", "n": "17347", "vap": "8", "pvap": "   0,02", "e": "N", "st": "N\u00e3o eleito"}, {"seq": "222", "n": "17553", "vap": "0", "pvap": "00.00", "e": "N", "st": "N\u00e3o eleito"}, {"seq": "195", "n": "17007", "vap": "12", "pvap": "   0,04", "e": "N", "st": "N\u00e3o eleito"}, {"seq": "119", "n": "17777", "vap": "250", "pvap": "   0,73", "e": "N", "st": "N\u00e3o eleito"}, {"seq": "194", "n": "17001", "vap": "15", "pvap": "   0,04", "e": "N", "st": "N\u00e3o eleito"}, {"seq": "160", "n": "17222", "vap": "37", "pvap": "   0,11", "e": "N", "st": "N\u00e3o eleito"}, {"seq": "144", "n": "17100", "vap": "57", "pvap": "   0,17", "e": "N", "st": "N\u00e3o eleito"}, {"seq": "161", "n": "17999", "vap": "35", "pvap": "   0,10", "e": "N", "st": "N\u00e3o eleito"}, {"seq": "150", "n": "17770", "vap": "46", "pvap": "   0,13", "e": "N", "st": "N\u00e3o eleito"}, {"seq": "152", "n": "17177", "vap": "45", "pvap": "   0,13", "e": "N", "st": "N\u00e3o eleito"}, {"seq": "198", "n": "17111", "vap": "10", "pvap": "   0,03", "e": "N", "st": "N\u00e3o eleito"}, {"seq": "153", "n": "17123", "vap": "44", "pvap": "   0,13", "e": "N", "st": "N\u00e3o eleito"}, {"seq": "221", "n": "17003", "vap": "0", "pvap": "00.00", "e": "N", "st": "N\u00e3o eleito"}, {"seq": "142", "n": "17789", "vap": "72", "pvap": "   0,21", "e": "N", "st": "N\u00e3o eleito"}, {"seq": "127", "n": "17444", "vap": "137", "pvap": "   0,40", "e": "N", "st": "N\u00e3o eleito"}, {"seq": "211", "n": "17456", "vap": "4", "pvap": "   0,01", "e": "N", "st": "N\u00e3o eleito"}, {"seq": "140", "n": "17888", "vap": "83", "pvap": "   0,24", "e": "N", "st": "N\u00e3o eleito"}, {"seq": "128", "n": "17017", "vap": "132", "pvap": "   0,39", "e": "N", "st": "N\u00e3o eleito"}, {"seq": "177", "n": "17040", "vap": "23", "pvap": "   0,07", "e": "N", "st": "N\u00e3o eleito"}, {"seq": "159", "n": "17555", "vap": "37", "pvap": "   0,11", "e": "N", "st": "N\u00e3o eleito"}, {"seq": "210", "n": "17345", "vap": "4", "pvap": "   0,01", "e": "N", "st": "N\u00e3o eleito"}, {"seq": "139", "n": "17323", "vap": "88", "pvap": "   0,26", "e": "N", "st": "N\u00e3o eleito"}, {"seq": "91", "n": "55100", "vap": "33", "pvap": "   0,10", "e": "N", "st": "Suplente"}, {"seq": "113", "n": "55007", "vap": "0", "pvap": "00.00", "e": "N", "st": "Suplente"}, {"seq": "82", "n": "55777", "vap": "60", "pvap": "   0,18", "e": "N", "st": "Suplente"}, {"seq": "51", "n": "55222", "vap": "179", "pvap": "   0,52", "e": "N", "st": "Suplente"}, {"seq": "42", "n": "55111", "vap": "214", "pvap": "   0,63", "e": "N", "st": "Suplente"}, {"seq": "34", "n": "55444", "vap": "309", "pvap": "   0,90", "e": "N", "st": "Suplente"}, {"seq": "30", "n": "55000", "vap": "342", "pvap": "   1,00", "e": "N", "st": "Suplente"}, {"seq": "10", "n": "55123", "vap": "649", "pvap": "   1,90", "e": "S", "st": "Eleito"}, {"seq": "7", "n": "55223", "vap": "764", "pvap": "   2,23", "e": "S", "st": "Eleito"}, {"seq": "23", "n": "55555", "vap": "434", "pvap": "   1,27", "e": "N", "st": "Suplente"}, {"seq": "68", "n": "55221", "vap": "97", "pvap": "   0,28", "e": "N", "st": "Suplente"}, {"seq": "52", "n": "55333", "vap": "173", "pvap": "   0,51", "e": "N", "st": "Suplente"}, {"seq": "55", "n": "55455", "vap": "157", "pvap": "   0,46", "e": "N", "st": "Suplente"}, {"seq": "28", "n": "55666", "vap": "402", "pvap": "   1,17", "e": "N", "st": "Suplente"}, {"seq": "2", "n": "55789", "vap": "946", "pvap": "   2,76", "e": "S", "st": "Eleito"}, {"seq": "17", "n": "55888", "vap": "537", "pvap": "   1,57", "e": "N", "st": "Suplente"}, {"seq": "59", "n": "55454", "vap": "140", "pvap": "   0,41", "e": "N", "st": "Suplente"}, {"seq": "112", "n": "55234", "vap": "1", "pvap": "   0,00", "e": "N", "st": "Suplente"}, {"seq": "100", "n": "55556", "vap": "18", "pvap": "   0,05", "e": "N", "st": "Suplente"}, {"seq": "155", "n": "20000", "vap": "41", "pvap": "   0,12", "e": "N", "st": "N\u00e3o eleito"}, {"seq": "216", "n": "20111", "vap": "2", "pvap": "   0,01", "e": "N", "st": "N\u00e3o eleito"}, {"seq": "135", "n": "20333", "vap": "100", "pvap": "   0,29", "e": "N", "st": "N\u00e3o eleito"}, {"seq": "131", "n": "20444", "vap": "107", "pvap": "   0,31", "e": "N", "st": "N\u00e3o eleito"}, {"seq": "123", "n": "20451", "vap": "158", "pvap": "   0,46", "e": "N", "st": "N\u00e3o eleito"}, {"seq": "145", "n": "20222", "vap": "56", "pvap": "   0,16", "e": "N", "st": "N\u00e3o eleito"}, {"seq": "146", "n": "20454", "vap": "55", "pvap": "   0,16", "e": "N", "st": "N\u00e3o eleito"}, {"seq": "138", "n": "20123", "vap": "89", "pvap": "   0,26", "e": "N", "st": "N\u00e3o eleito"}, {"seq": "187", "n": "20334", "vap": "17", "pvap": "   0,05", "e": "N", "st": "N\u00e3o eleito"}, {"seq": "132", "n": "20321", "vap": "105", "pvap": "   0,31", "e": "N", "st": "N\u00e3o eleito"}, {"seq": "193", "n": "51111", "vap": "15", "pvap": "   0,04", "e": "N", "st": "N\u00e3o eleito"}, {"seq": "208", "n": "51456", "vap": "4", "pvap": "   0,01", "e": "N", "st": "N\u00e3o eleito"}, {"seq": "174", "n": "51789", "vap": "24", "pvap": "   0,07", "e": "N", "st": "N\u00e3o eleito"}, {"seq": "203", "n": "51888", "vap": "7", "pvap": "   0,02", "e": "N", "st": "N\u00e3o eleito"}, {"seq": "141", "n": "51123", "vap": "79", "pvap": "   0,23", "e": "N", "st": "N\u00e3o eleito"}, {"seq": "205", "n": "51999", "vap": "6", "pvap": "   0,02", "e": "N", "st": "N\u00e3o eleito"}, {"seq": "184", "n": "51051", "vap": "19", "pvap": "   0,06", "e": "N", "st": "N\u00e3o eleito"}, {"seq": "162", "n": "51333", "vap": "31", "pvap": "   0,09", "e": "N", "st": "N\u00e3o eleito"}, {"seq": "58", "n": "10010", "vap": "142", "pvap": "   0,41", "e": "N", "st": "Suplente"}, {"seq": "109", "n": "10115", "vap": "8", "pvap": "   0,02", "e": "N", "st": "Suplente"}, {"seq": "66", "n": "10666", "vap": "105", "pvap": "   0,31", "e": "N", "st": "Suplente"}, {"seq": "77", "n": "10444", "vap": "65", "pvap": "   0,19", "e": "N", "st": "Suplente"}, {"seq": "21", "n": "10777", "vap": "449", "pvap": "   1,31", "e": "N", "st": "Suplente"}, {"seq": "12", "n": "10111", "vap": "547", "pvap": "   1,60", "e": "S", "st": "Eleito"}, {"seq": "63", "n": "10345", "vap": "120", "pvap": "   0,35", "e": "N", "st": "Suplente"}, {"seq": "103", "n": "10789", "vap": "17", "pvap": "   0,05", "e": "N", "st": "Suplente"}, {"seq": "57", "n": "10839", "vap": "142", "pvap": "   0,41", "e": "N", "st": "Suplente"}, {"seq": "97", "n": "10333", "vap": "25", "pvap": "   0,07", "e": "N", "st": "Suplente"}, {"seq": "92", "n": "10999", "vap": "32", "pvap": "   0,09", "e": "N", "st": "Suplente"}, {"seq": "31", "n": "10000", "vap": "337", "pvap": "   0,98", "e": "N", "st": "Suplente"}, {"seq": "6", "n": "10123", "vap": "839", "pvap": "   2,45", "e": "S", "st": "Eleito"}, {"seq": "39", "n": "10456", "vap": "237", "pvap": "   0,69", "e": "N", "st": "Suplente"}, {"seq": "80", "n": "10555", "vap": "63", "pvap": "   0,18", "e": "N", "st": "Suplente"}, {"seq": "96", "n": "10222", "vap": "25", "pvap": "   0,07", "e": "N", "st": "Suplente"}, {"seq": "137", "n": "13113", "vap": "92", "pvap": "   0,27", "e": "N", "st": "N\u00e3o eleito"}, {"seq": "172", "n": "13119", "vap": "25", "pvap": "   0,07", "e": "N", "st": "N\u00e3o eleito"}, {"seq": "121", "n": "13013", "vap": "193", "pvap": "   0,56", "e": "N", "st": "N\u00e3o eleito"}, {"seq": "115", "n": "13130", "vap": "516", "pvap": "   1,51", "e": "N", "st": "N\u00e3o eleito"}, {"seq": "189", "n": "13111", "vap": "16", "pvap": "   0,05", "e": "N", "st": "N\u00e3o eleito"}, {"seq": "218", "n": "13311", "vap": "2", "pvap": "   0,01", "e": "N", "st": "N\u00e3o eleito"}, {"seq": "188", "n": "13313", "vap": "17", "pvap": "   0,05", "e": "N", "st": "N\u00e3o eleito"}, {"seq": "117", "n": "77777", "vap": "332", "pvap": "   0,97", "e": "N", "st": "N\u00e3o eleito"}, {"seq": "206", "n": "77000", "vap": "6", "pvap": "   0,02", "e": "N", "st": "N\u00e3o eleito"}, {"seq": "207", "n": "77222", "vap": "6", "pvap": "   0,02", "e": "N", "st": "N\u00e3o eleito"}, {"seq": "180", "n": "77999", "vap": "20", "pvap": "   0,06", "e": "N", "st": "N\u00e3o eleito"}, {"seq": "190", "n": "77224", "vap": "16", "pvap": "   0,05", "e": "N", "st": "N\u00e3o eleito"}, {"seq": "166", "n": "77555", "vap": "29", "pvap": "   0,08", "e": "N", "st": "N\u00e3o eleito"}, {"seq": "212", "n": "77444", "vap": "3", "pvap": "   0,01", "e": "N", "st": "N\u00e3o eleito"}]}, {"dt": "15/11/2020", "ht": "21:11:51", "tf": "S", "and": "F", "tpabr": "ZONA", "cdabr": "9", "s": "118", "st": "118", "snt": "0", "si": "118", "sni": "0", "sa": "118", "sna": "0", "pst": " 100,00", "psnt": "   0,00", "psi": " 100,00", "psni": "   0,00", "psa": " 100,00", "psna": "   0,00", "e": "44504", "ea": "44504", "ena": "0", "esi": "44504", "esni": "0", "a": "9429", "c": "35075", "pea": " 100,00", "pena": "   0,00", "pesi": " 100,00", "pesni": "   0,00", "pa": "  21,19", "pc": "  78,81", "vnom": "32092", "vscv": "0", "vl": "1551", "tv": "35075", "vvc": "34232", "vb": "243", "tvn": "600", "vn": "600", "vnt": "0", "vp": "0", "vv": "33643", "van": "0", "vansj": "589", "pvnom": "  95,39", "pvl": "   4,61", "pvvc": "  97,60", "pvb": "   0,69", "ptvn": "   1,71", "pvn": " 100,00", "pvnt": "   0,00", "pvp": "   0,00", "pvv": "  98,28", "pvan": "   0,00", "pvansj": "   1,72", "cand": [{"seq": "147", "n": "12000", "vap": "49", "pvap": "   0,14", "e": "N", "st": "N\u00e3o eleito"}, {"seq": "149", "n": "12555", "vap": "47", "pvap": "   0,14", "e": "N", "st": "N\u00e3o eleito"}, {"seq": "156", "n": "12151", "vap": "40", "pvap": "   0,12", "e": "N", "st": "N\u00e3o eleito"}, {"seq": "164", "n": "12777", "vap": "30", "pvap": "   0,09", "e": "N", "st": "N\u00e3o eleito"}, {"seq": "179", "n": "12333", "vap": "21", "pvap": "   0,06", "e": "N", "st": "N\u00e3o eleito"}, {"seq": "197", "n": "12345", "vap": "10", "pvap": "   0,03", "e": "N", "st": "N\u00e3o eleito"}, {"seq": "125", "n": "12369", "vap": "142", "pvap": "   0,41", "e": "N", "st": "N\u00e3o eleito"}, {"seq": "185", "n": "12444", "vap": "18", "pvap": "   0,05", "e": "N", "st": "N\u00e3o eleito"}, {"seq": "126", "n": "12789", "vap": "140", "pvap": "   0,41", "e": "N", "st": "N\u00e3o eleito"}, {"seq": "87", "n": "15333", "vap": "48", "pvap": "   0,14", "e": "N", "st": "Suplente"}, {"seq": "53", "n": "15456", "vap": "170", "pvap": "   0,50", "e": "N", "st": "Suplente"}, {"seq": "93", "n": "15631", "vap": "30", "pvap": "   0,09", "e": "N", "st": "Suplente"}, {"seq": "61", "n": "15666", "vap": "128", "pvap": "   0,37", "e": "N", "st": "Suplente"}, {"seq": "102", "n": "15324", "vap": "17", "pvap": "   0,05", "e": "N", "st": "Suplente"}, {"seq": "74", "n": "15444", "vap": "75", "pvap": "   0,22", "e": "N", "st": "Suplente"}, {"seq": "45", "n": "15777", "vap": "191", "pvap": "   0,56", "e": "N", "st": "Suplente"}, {"seq": "116", "n": "15040", "vap": "350", "pvap": "   1,02", "e": "N", "st": "N\u00e3o eleito"}, {"seq": "79", "n": "15345", "vap": "64", "pvap": "   0,19", "e": "N", "st": "Suplente"}, {"seq": "86", "n": "15115", "vap": "54", "pvap": "   0,16", "e": "N", "st": "Suplente"}, {"seq": "71", "n": "15322", "vap": "87", "pvap": "   0,25", "e": "N", "st": "Suplente"}, {"seq": "108", "n": "15343", "vap": "12", "pvap": "   0,04", "e": "N", "st": "Suplente"}, {"seq": "54", "n": "15015", "vap": "169", "pvap": "   0,49", "e": "N", "st": "Suplente"}, {"seq": "94", "n": "15112", "vap": "28", "pvap": "   0,08", "e": "N", "st": "Suplente"}, {"seq": "90", "n": "15222", "vap": "34", "pvap": "   0,10", "e": "N", "st": "Suplente"}, {"seq": "35", "n": "15555", "vap": "303", "pvap": "   0,89", "e": "N", "st": "Suplente"}, {"seq": "95", "n": "15111", "vap": "26", "pvap": "   0,08", "e": "N", "st": "Suplente"}, {"seq": "76", "n": "15277", "vap": "68", "pvap": "   0,20", "e": "N", "st": "Suplente"}, {"seq": "18", "n": "15123", "vap": "494", "pvap": "   1,44", "e": "N", "st": "Suplente"}, {"seq": "101", "n": "15550", "vap": "18", "pvap": "   0,05", "e": "N", "st": "Suplente"}, {"seq": "3", "n": "15678", "vap": "891", "pvap": "   2,60", "e": "S", "st": "Eleito"}, {"seq": "105", "n": "15731", "vap": "13", "pvap": "   0,04", "e": "N", "st": "Suplente"}, {"seq": "200", "n": "14333", "vap": "8", "pvap": "   0,02", "e": "N", "st": "N\u00e3o eleito"}, {"seq": "220", "n": "14668", "vap": "0", "pvap": "00.00", "e": "N", "st": "N\u00e3o eleito"}, {"seq": "169", "n": "14456", "vap": "26", "pvap": "   0,08", "e": "N", "st": "N\u00e3o eleito"}, {"seq": "191", "n": "14555", "vap": "16", "pvap": "   0,05", "e": "N", "st": "N\u00e3o eleito"}, {"seq": "148", "n": "14888", "vap": "49", "pvap": "   0,14", "e": "N", "st": "N\u00e3o eleito"}, {"seq": "165", "n": "14123", "vap": "30", "pvap": "   0,09", "e": "N", "st": "N\u00e3o eleito"}, {"seq": "192", "n": "14222", "vap": "16", "pvap": "   0,05", "e": "N", "st": "N\u00e3o eleito"}, {"seq": "129", "n": "14444", "vap": "129", "pvap": "   0,38", "e": "N", "st": "N\u00e3o eleito"}, {"seq": "215", "n": "14999", "vap": "2", "pvap": "   0,01", "e": "N", "st": "N\u00e3o eleito"}, {"seq": "143", "n": "14434", "vap": "69", "pvap": "   0,20", "e": "N", "st": "N\u00e3o eleito"}, {"seq": "168", "n": "14777", "vap": "28", "pvap": "   0,08", "e": "N", "st": "N\u00e3o eleito"}, {"seq": "213", "n": "14000", "vap": "3", "pvap": "   0,01", "e": "N", "st": "N\u00e3o eleito"}, {"seq": "136", "n": "14111", "vap": "99", "pvap": "   0,29", "e": "N", "st": "N\u00e3o eleito"}, {"seq": "205", "n": "51999", "vap": "6", "pvap": "   0,02", "e": "N", "st": "N\u00e3o eleito"}, {"seq": "174", "n": "51789", "vap": "24", "pvap": "   0,07", "e": "N", "st": "N\u00e3o eleito"}, {"seq": "193", "n": "51111", "vap": "15", "pvap": "   0,04", "e": "N", "st": "N\u00e3o eleito"}, {"seq": "184", "n": "51051", "vap": "19", "pvap": "   0,06", "e": "N", "st": "N\u00e3o eleito"}, {"seq": "141", "n": "51123", "vap": "79", "pvap": "   0,23", "e": "N", "st": "N\u00e3o eleito"}, {"seq": "162", "n": "51333", "vap": "31", "pvap": "   0,09", "e": "N", "st": "N\u00e3o eleito"}, {"seq": "203", "n": "51888", "vap": "7", "pvap": "   0,02", "e": "N", "st": "N\u00e3o eleito"}, {"seq": "208", "n": "51456", "vap": "4", "pvap": "   0,01", "e": "N", "st": "N\u00e3o eleito"}, {"seq": "11", "n": "11011", "vap": "594", "pvap": "   1,74", "e": "S", "st": "Eleito"}, {"seq": "49", "n": "11033", "vap": "185", "pvap": "   0,54", "e": "N", "st": "Suplente"}, {"seq": "24", "n": "11000", "vap": "428", "pvap": "   1,25", "e": "N", "st": "Suplente"}, {"seq": "16", "n": "11111", "vap": "552", "pvap": "   1,61", "e": "N", "st": "Suplente"}, {"seq": "81", "n": "11223", "vap": "62", "pvap": "   0,18", "e": "N", "st": "Suplente"}, {"seq": "43", "n": "11333", "vap": "206", "pvap": "   0,60", "e": "N", "st": "Suplente"}, {"seq": "48", "n": "11345", "vap": "185", "pvap": "   0,54", "e": "N", "st": "Suplente"}, {"seq": "41", "n": "11456", "vap": "219", "pvap": "   0,64", "e": "N", "st": "Suplente"}, {"seq": "73", "n": "11654", "vap": "77", "pvap": "   0,22", "e": "N", "st": "Suplente"}, {"seq": "26", "n": "11211", "vap": "423", "pvap": "   1,24", "e": "N", "st": "Suplente"}, {"seq": "104", "n": "11263", "vap": "16", "pvap": "   0,05", "e": "N", "st": "Suplente"}, {"seq": "75", "n": "11777", "vap": "73", "pvap": "   0,21", "e": "N", "st": "Suplente"}, {"seq": "83", "n": "11112", "vap": "57", "pvap": "   0,17", "e": "N", "st": "Suplente"}, {"seq": "72", "n": "11444", "vap": "84", "pvap": "   0,25", "e": "N", "st": "Suplente"}, {"seq": "19", "n": "11222", "vap": "458", "pvap": "   1,34", "e": "N", "st": "Suplente"}, {"seq": "9", "n": "11433", "vap": "657", "pvap": "   1,92", "e": "S", "st": "Eleito"}, {"seq": "5", "n": "11123", "vap": "874", "pvap": "   2,55", "e": "S", "st": "Eleito"}, {"seq": "64", "n": "11234", "vap": "119", "pvap": "   0,35", "e": "N", "st": "Suplente"}, {"seq": "40", "n": "11555", "vap": "231", "pvap": "   0,67", "e": "N", "st": "Suplente"}, {"seq": "88", "n": "70888", "vap": "45", "pvap": "   0,13", "e": "N", "st": "Suplente"}, {"seq": "89", "n": "70177", "vap": "40", "pvap": "   0,12", "e": "N", "st": "Suplente"}, {"seq": "44", "n": "70555", "vap": "201", "pvap": "   0,59", "e": "N", "st": "Suplente"}, {"seq": "33", "n": "70777", "vap": "327", "pvap": "   0,96", "e": "N", "st": "Suplente"}, {"seq": "36", "n": "70999", "vap": "300", "pvap": "   0,88", "e": "N", "st": "Suplente"}, {"seq": "32", "n": "70070", "vap": "331", "pvap": "   0,97", "e": "N", "st": "Suplente"}, {"seq": "98", "n": "70111", "vap": "21", "pvap": "   0,06", "e": "N", "st": "Suplente"}, {"seq": "46", "n": "70789", "vap": "186", "pvap": "   0,54", "e": "N", "st": "Suplente"}, {"seq": "110", "n": "70296", "vap": "7", "pvap": "   0,02", "e": "N", "st": "Suplente"}, {"seq": "122", "n": "70190", "vap": "162", "pvap": "   0,47", "e": "N", "st": "N\u00e3o eleito"}, {"seq": "37", "n": "70333", "vap": "281", "pvap": "   0,82", "e": "N", "st": "Suplente"}, {"seq": "78", "n": "70444", "vap": "64", "pvap": "   0,19", "e": "N", "st": "Suplente"}, {"seq": "106", "n": "70601", "vap": "13", "pvap": "   0,04", "e": "N", "st": "Suplente"}, {"seq": "47", "n": "70700", "vap": "185", "pvap": "   0,54", "e": "N", "st": "Suplente"}, {"seq": "50", "n": "70007", "vap": "181", "pvap": "   0,53", "e": "N", "st": "Suplente"}, {"seq": "85", "n": "70192", "vap": "55", "pvap": "   0,16", "e": "N", "st": "Suplente"}, {"seq": "158", "n": "70222", "vap": "37", "pvap": "   0,11", "e": "N", "st": "N\u00e3o eleito"}, {"seq": "111", "n": "70899", "vap": "3", "pvap": "   0,01", "e": "N", "st": "Suplente"}, {"seq": "60", "n": "70170", "vap": "135", "pvap": "   0,39", "e": "N", "st": "Suplente"}, {"seq": "114", "n": "70343", "vap": "0", "pvap": "00.00", "e": "N", "st": "Suplente"}, {"seq": "14", "n": "70000", "vap": "401", "pvap": "   1,17", "e": "S", "st": "Eleito"}, {"seq": "107", "n": "70978", "vap": "13", "pvap": "   0,04", "e": "N", "st": "Suplente"}, {"seq": "15", "n": "70123", "vap": "373", "pvap": "   1,09", "e": "S", "st": "Eleito"}, {"seq": "217", "n": "65622", "vap": "2", "pvap": "   0,01", "e": "N", "st": "N\u00e3o eleito"}, {"seq": "170", "n": "65777", "vap": "26", "pvap": "   0,08", "e": "N", "st": "N\u00e3o eleito"}, {"seq": "118", "n": "65123", "vap": "332", "pvap": "   0,97", "e": "N", "st": "N\u00e3o eleito"}, {"seq": "175", "n": "65333", "vap": "24", "pvap": "   0,07", "e": "N", "st": "N\u00e3o eleito"}, {"seq": "163", "n": "65456", "vap": "30", "pvap": "   0,09", "e": "N", "st": "N\u00e3o eleito"}, {"seq": "124", "n": "65065", "vap": "150", "pvap": "   0,44", "e": "N", "st": "N\u00e3o eleito"}, {"seq": "171", "n": "65177", "vap": "26", "pvap": "   0,08", "e": "N", "st": "N\u00e3o eleito"}, {"seq": "219", "n": "65981", "vap": "0", "pvap": "00.00", "e": "N", "st": "N\u00e3o eleito"}, {"seq": "120", "n": "65000", "vap": "200", "pvap": "   0,58", "e": "N", "st": "N\u00e3o eleito"}, {"seq": "133", "n": "65222", "vap": "104", "pvap": "   0,30", "e": "N", "st": "N\u00e3o eleito"}, {"seq": "130", "n": "65555", "vap": "123", "pvap": "   0,36", "e": "N", "st": "N\u00e3o eleito"}, {"seq": "176", "n": "65789", "vap": "24", "pvap": "   0,07", "e": "N", "st": "N\u00e3o eleito"}, {"seq": "201", "n": "65001", "vap": "8", "pvap": "   0,02", "e": "N", "st": "N\u00e3o eleito"}, {"seq": "154", "n": "65444", "vap": "42", "pvap": "   0,12", "e": "N", "st": "N\u00e3o eleito"}, {"seq": "157", "n": "65007", "vap": "38", "pvap": "   0,11", "e": "N", "st": "N\u00e3o eleito"}, {"seq": "186", "n": "50113", "vap": "17", "pvap": "   0,05", "e": "N", "st": "N\u00e3o eleito"}, {"seq": "183", "n": "50624", "vap": "19", "pvap": "   0,06", "e": "N", "st": "N\u00e3o eleito"}, {"seq": "196", "n": "50333", "vap": "12", "pvap": "   0,04", "e": "N", "st": "N\u00e3o eleito"}, {"seq": "204", "n": "50125", "vap": "6", "pvap": "   0,02", "e": "N", "st": "N\u00e3o eleito"}, {"seq": "181", "n": "50011", "vap": "20", "pvap": "   0,06", "e": "N", "st": "N\u00e3o eleito"}, {"seq": "167", "n": "50555", "vap": "28", "pvap": "   0,08", "e": "N", "st": "N\u00e3o eleito"}, {"seq": "182", "n": "50123", "vap": "20", "pvap": "   0,06", "e": "N", "st": "N\u00e3o eleito"}, {"seq": "178", "n": "50999", "vap": "22", "pvap": "   0,06", "e": "N", "st": "N\u00e3o eleito"}, {"seq": "173", "n": "50400", "vap": "24", "pvap": "   0,07", "e": "N", "st": "N\u00e3o eleito"}, {"seq": "209", "n": "50111", "vap": "4", "pvap": "   0,01", "e": "N", "st": "N\u00e3o eleito"}, {"seq": "214", "n": "50556", "vap": "2", "pvap": "   0,01", "e": "N", "st": "N\u00e3o eleito"}, {"seq": "151", "n": "50444", "vap": "45", "pvap": "   0,13", "e": "N", "st": "N\u00e3o eleito"}, {"seq": "199", "n": "50222", "vap": "9", "pvap": "   0,03", "e": "N", "st": "N\u00e3o eleito"}, {"seq": "56", "n": "25511", "vap": "143", "pvap": "   0,42", "e": "N", "st": "Suplente"}, {"seq": "38", "n": "25452", "vap": "242", "pvap": "   0,71", "e": "N", "st": "Suplente"}, {"seq": "67", "n": "25125", "vap": "103", "pvap": "   0,30", "e": "N", "st": "Suplente"}, {"seq": "1", "n": "25111", "vap": "975", "pvap": "   2,85", "e": "S", "st": "Eleito"}, {"seq": "27", "n": "25678", "vap": "405", "pvap": "   1,18", "e": "N", "st": "Suplente"}, {"seq": "25", "n": "25666", "vap": "428", "pvap": "   1,25", "e": "N", "st": "Suplente"}, {"seq": "4", "n": "25610", "vap": "883", "pvap": "   2,58", "e": "S", "st": "Eleito"}, {"seq": "8", "n": "25444", "vap": "723", "pvap": "   2,11", "e": "S", "st": "Eleito"}, {"seq": "62", "n": "25333", "vap": "122", "pvap": "   0,36", "e": "N", "st": "Suplente"}, {"seq": "69", "n": "25777", "vap": "93", "pvap": "   0,27", "e": "N", "st": "Suplente"}, {"seq": "84", "n": "25552", "vap": "56", "pvap": "   0,16", "e": "N", "st": "Suplente"}, {"seq": "13", "n": "25123", "vap": "515", "pvap": "   1,50", "e": "S", "st": "Eleito"}, {"seq": "65", "n": "25456", "vap": "109", "pvap": "   0,32", "e": "N", "st": "Suplente"}, {"seq": "70", "n": "25555", "vap": "93", "pvap": "   0,27", "e": "N", "st": "Suplente"}, {"seq": "29", "n": "25455", "vap": "379", "pvap": "   1,11", "e": "N", "st": "Suplente"}, {"seq": "20", "n": "25000", "vap": "451", "pvap": "   1,32", "e": "N", "st": "Suplente"}, {"seq": "99", "n": "25608", "vap": "20", "pvap": "   0,06", "e": "N", "st": "Suplente"}, {"seq": "22", "n": "25522", "vap": "443", "pvap": "   1,29", "e": "N", "st": "Suplente"}, {"seq": "207", "n": "77222", "vap": "6", "pvap": "   0,02", "e": "N", "st": "N\u00e3o eleito"}, {"seq": "117", "n": "77777", "vap": "332", "pvap": "   0,97", "e": "N", "st": "N\u00e3o eleito"}, {"seq": "190", "n": "77224", "vap": "16", "pvap": "   0,05", "e": "N", "st": "N\u00e3o eleito"}, {"seq": "180", "n": "77999", "vap": "20", "pvap": "   0,06", "e": "N", "st": "N\u00e3o eleito"}, {"seq": "212", "n": "77444", "vap": "3", "pvap": "   0,01", "e": "N", "st": "N\u00e3o eleito"}, {"seq": "206", "n": "77000", "vap": "6", "pvap": "   0,02", "e": "N", "st": "N\u00e3o eleito"}, {"seq": "166", "n": "77555", "vap": "29", "pvap": "   0,08", "e": "N", "st": "N\u00e3o eleito"}, {"seq": "189", "n": "13111", "vap": "16", "pvap": "   0,05", "e": "N", "st": "N\u00e3o eleito"}, {"seq": "218", "n": "13311", "vap": "2", "pvap": "   0,01", "e": "N", "st": "N\u00e3o eleito"}, {"seq": "188", "n": "13313", "vap": "17", "pvap": "   0,05", "e": "N", "st": "N\u00e3o eleito"}, {"seq": "121", "n": "13013", "vap": "193", "pvap": "   0,56", "e": "N", "st": "N\u00e3o eleito"}, {"seq": "137", "n": "13113", "vap": "92", "pvap": "   0,27", "e": "N", "st": "N\u00e3o eleito"}, {"seq": "172", "n": "13119", "vap": "25", "pvap": "   0,07", "e": "N", "st": "N\u00e3o eleito"}, {"seq": "115", "n": "13130", "vap": "516", "pvap": "   1,51", "e": "N", "st": "N\u00e3o eleito"}, {"seq": "23", "n": "55555", "vap": "434", "pvap": "   1,27", "e": "N", "st": "Suplente"}, {"seq": "34", "n": "55444", "vap": "309", "pvap": "   0,90", "e": "N", "st": "Suplente"}, {"seq": "68", "n": "55221", "vap": "97", "pvap": "   0,28", "e": "N", "st": "Suplente"}, {"seq": "91", "n": "55100", "vap": "33", "pvap": "   0,10", "e": "N", "st": "Suplente"}, {"seq": "55", "n": "55455", "vap": "157", "pvap": "   0,46", "e": "N", "st": "Suplente"}, {"seq": "59", "n": "55454", "vap": "140", "pvap": "   0,41", "e": "N", "st": "Suplente"}, {"seq": "52", "n": "55333", "vap": "173", "pvap": "   0,51", "e": "N", "st": "Suplente"}, {"seq": "17", "n": "55888", "vap": "537", "pvap": "   1,57", "e": "N", "st": "Suplente"}, {"seq": "51", "n": "55222", "vap": "179", "pvap": "   0,52", "e": "N", "st": "Suplente"}, {"seq": "82", "n": "55777", "vap": "60", "pvap": "   0,18", "e": "N", "st": "Suplente"}, {"seq": "100", "n": "55556", "vap": "18", "pvap": "   0,05", "e": "N", "st": "Suplente"}, {"seq": "7", "n": "55223", "vap": "764", "pvap": "   2,23", "e": "S", "st": "Eleito"}, {"seq": "10", "n": "55123", "vap": "649", "pvap": "   1,90", "e": "S", "st": "Eleito"}, {"seq": "113", "n": "55007", "vap": "0", "pvap": "00.00", "e": "N", "st": "Suplente"}, {"seq": "2", "n": "55789", "vap": "946", "pvap": "   2,76", "e": "S", "st": "Eleito"}, {"seq": "28", "n": "55666", "vap": "402", "pvap": "   1,17", "e": "N", "st": "Suplente"}, {"seq": "112", "n": "55234", "vap": "1", "pvap": "   0,00", "e": "N", "st": "Suplente"}, {"seq": "42", "n": "55111", "vap": "214", "pvap": "   0,63", "e": "N", "st": "Suplente"}, {"seq": "30", "n": "55000", "vap": "342", "pvap": "   1,00", "e": "N", "st": "Suplente"}, {"seq": "12", "n": "10111", "vap": "547", "pvap": "   1,60", "e": "S", "st": "Eleito"}, {"seq": "109", "n": "10115", "vap": "8", "pvap": "   0,02", "e": "N", "st": "Suplente"}, {"seq": "6", "n": "10123", "vap": "839", "pvap": "   2,45", "e": "S", "st": "Eleito"}, {"seq": "63", "n": "10345", "vap": "120", "pvap": "   0,35", "e": "N", "st": "Suplente"}, {"seq": "57", "n": "10839", "vap": "142", "pvap": "   0,41", "e": "N", "st": "Suplente"}, {"seq": "92", "n": "10999", "vap": "32", "pvap": "   0,09", "e": "N", "st": "Suplente"}, {"seq": "77", "n": "10444", "vap": "65", "pvap": "   0,19", "e": "N", "st": "Suplente"}, {"seq": "97", "n": "10333", "vap": "25", "pvap": "   0,07", "e": "N", "st": "Suplente"}, {"seq": "39", "n": "10456", "vap": "237", "pvap": "   0,69", "e": "N", "st": "Suplente"}, {"seq": "103", "n": "10789", "vap": "17", "pvap": "   0,05", "e": "N", "st": "Suplente"}, {"seq": "31", "n": "10000", "vap": "337", "pvap": "   0,98", "e": "N", "st": "Suplente"}, {"seq": "58", "n": "10010", "vap": "142", "pvap": "   0,41", "e": "N", "st": "Suplente"}, {"seq": "66", "n": "10666", "vap": "105", "pvap": "   0,31", "e": "N", "st": "Suplente"}, {"seq": "80", "n": "10555", "vap": "63", "pvap": "   0,18", "e": "N", "st": "Suplente"}, {"seq": "96", "n": "10222", "vap": "25", "pvap": "   0,07", "e": "N", "st": "Suplente"}, {"seq": "21", "n": "10777", "vap": "449", "pvap": "   1,31", "e": "N", "st": "Suplente"}, {"seq": "221", "n": "17003", "vap": "0", "pvap": "00.00", "e": "N", "st": "N\u00e3o eleito"}, {"seq": "222", "n": "17553", "vap": "0", "pvap": "00.00", "e": "N", "st": "N\u00e3o eleito"}, {"seq": "159", "n": "17555", "vap": "37", "pvap": "   0,11", "e": "N", "st": "N\u00e3o eleito"}, {"seq": "119", "n": "17777", "vap": "250", "pvap": "   0,73", "e": "N", "st": "N\u00e3o eleito"}, {"seq": "142", "n": "17789", "vap": "72", "pvap": "   0,21", "e": "N", "st": "N\u00e3o eleito"}, {"seq": "127", "n": "17444", "vap": "137", "pvap": "   0,40", "e": "N", "st": "N\u00e3o eleito"}, {"seq": "134", "n": "17000", "vap": "103", "pvap": "   0,30", "e": "N", "st": "N\u00e3o eleito"}, {"seq": "140", "n": "17888", "vap": "83", "pvap": "   0,24", "e": "N", "st": "N\u00e3o eleito"}, {"seq": "210", "n": "17345", "vap": "4", "pvap": "   0,01", "e": "N", "st": "N\u00e3o eleito"}, {"seq": "128", "n": "17017", "vap": "132", "pvap": "   0,39", "e": "N", "st": "N\u00e3o eleito"}, {"seq": "152", "n": "17177", "vap": "45", "pvap": "   0,13", "e": "N", "st": "N\u00e3o eleito"}, {"seq": "160", "n": "17222", "vap": "37", "pvap": "   0,11", "e": "N", "st": "N\u00e3o eleito"}, {"seq": "177", "n": "17040", "vap": "23", "pvap": "   0,07", "e": "N", "st": "N\u00e3o eleito"}, {"seq": "144", "n": "17100", "vap": "57", "pvap": "   0,17", "e": "N", "st": "N\u00e3o eleito"}, {"seq": "150", "n": "17770", "vap": "46", "pvap": "   0,13", "e": "N", "st": "N\u00e3o eleito"}, {"seq": "153", "n": "17123", "vap": "44", "pvap": "   0,13", "e": "N", "st": "N\u00e3o eleito"}, {"seq": "139", "n": "17323", "vap": "88", "pvap": "   0,26", "e": "N", "st": "N\u00e3o eleito"}, {"seq": "195", "n": "17007", "vap": "12", "pvap": "   0,04", "e": "N", "st": "N\u00e3o eleito"}, {"seq": "161", "n": "17999", "vap": "35", "pvap": "   0,10", "e": "N", "st": "N\u00e3o eleito"}, {"seq": "198", "n": "17111", "vap": "10", "pvap": "   0,03", "e": "N", "st": "N\u00e3o eleito"}, {"seq": "194", "n": "17001", "vap": "15", "pvap": "   0,04", "e": "N", "st": "N\u00e3o eleito"}, {"seq": "202", "n": "17347", "vap": "8", "pvap": "   0,02", "e": "N", "st": "N\u00e3o eleito"}, {"seq": "211", "n": "17456", "vap": "4", "pvap": "   0,01", "e": "N", "st": "N\u00e3o eleito"}, {"seq": "155", "n": "20000", "vap": "41", "pvap": "   0,12", "e": "N", "st": "N\u00e3o eleito"}, {"seq": "145", "n": "20222", "vap": "56", "pvap": "   0,16", "e": "N", "st": "N\u00e3o eleito"}, {"seq": "135", "n": "20333", "vap": "100", "pvap": "   0,29", "e": "N", "st": "N\u00e3o eleito"}, {"seq": "187", "n": "20334", "vap": "17", "pvap": "   0,05", "e": "N", "st": "N\u00e3o eleito"}, {"seq": "138", "n": "20123", "vap": "89", "pvap": "   0,26", "e": "N", "st": "N\u00e3o eleito"}, {"seq": "131", "n": "20444", "vap": "107", "pvap": "   0,31", "e": "N", "st": "N\u00e3o eleito"}, {"seq": "123", "n": "20451", "vap": "158", "pvap": "   0,46", "e": "N", "st": "N\u00e3o eleito"}, {"seq": "216", "n": "20111", "vap": "2", "pvap": "   0,01", "e": "N", "st": "N\u00e3o eleito"}, {"seq": "146", "n": "20454", "vap": "55", "pvap": "   0,16", "e": "N", "st": "N\u00e3o eleito"}, {"seq": "132", "n": "20321", "vap": "105", "pvap": "   0,31", "e": "N", "st": "N\u00e3o eleito"}]}]}