{"ele": "426", "carper": "13", "t": "1", "f": "O", "esae": "N", "mnae": " ", "dg": "15/11/2020", "hg": "22:12:03", "dv": "S", "nadf": "ap06076-c0013-e000426-003-f", "abr": [{"dt": "15/11/2020", "ht": "20:22:31", "tf": "S", "and": "F", "tpabr": "MU", "cdabr": "06076", "s": "58", "st": "58", "snt": "0", "si": "58", "sni": "0", "sa": "58", "sna": "0", "pst": " 100,00", "psnt": "   0,00", "psi": " 100,00", "psni": "   0,00", "psa": " 100,00", "psna": "   0,00", "e": "16178", "ea": "16178", "ena": "0", "esi": "16178", "esni": "0", "c": "13662", "a": "2516", "pea": " 100,00", "pena": "   0,00", "pesi": " 100,00", "pesni": "   0,00", "pa": "  15,55", "pc": "  84,45", "vscv": "0", "vnom": "12509", "vl": "457", "tv": "13662", "vvc": "13412", "vb": "68", "tvn": "182", "vn": "177", "vnt": "5", "vp": "0", "vv": "12966", "van": "0", "vansj": "446", "pvnom": "  96,48", "pvl": "   3,52", "pvvc": "  98,17", "pvb": "   0,50", "ptvn": "   1,33", "pvn": "  97,25", "pvnt": "   2,75", "pvp": "   0,00", "pvv": "  96,67", "pvan": "   0,00", "pvansj": "   3,33", "colig": [{"n": "30000067475", "tvtn": "30", "tvan": "30", "vag": "0", "tvtl": "6", "tval": "6"}, {"n": "30000098280", "tvtn": "1661", "tvan": "1661", "vag": "1", "tvtl": "27", "tval": "27"}, {"n": "30000058581", "tvtn": "1341", "tvan": "1341", "vag": "1", "tvtl": "32", "tval": "32"}, {"n": "30000075418", "tvtn": "2079", "tvan": "2079", "vag": "2", "tvtl": "16", "tval": "16"}, {"n": "30000111644", "tvtn": "1976", "tvan": "1976", "vag": "2", "tvtl": "42", "tval": "42"}, {"n": "30000068628", "tvtn": "1756", "tvan": "1756", "vag": "2", "tvtl": "113", "tval": "113"}, {"n": "30000085345", "tvtn": "1157", "tvan": "1157", "vag": "1", "tvtl": "58", "tval": "58"}, {"n": "30000132027", "tvtn": "728", "tvan": "1016", "vag": "1", "tvtl": "131", "tval": "131"}, {"n": "30000075729", "tvtn": "175", "tvan": "306", "vag": "0", "tvtl": "8", "tval": "8"}, {"n": "30000154483", "tvtn": "159", "tvan": "160", "vag": "0", "tvtl": "3", "tval": "3"}, {"n": "30000147490", "tvtn": "307", "tvan": "307", "vag": "0", "tvtl": "6", "tval": "6"}, {"n": "30000053648", "tvtn": "1140", "tvan": "1171", "vag": "1", "tvtl": "15", "tval": "15"}], "part": [{"n": "70", "tvtn": "30", "tvan": "30", "tvtl": "6", "tval": "6"}, {"n": "25", "tvtn": "1661", "tvan": "1661", "tvtl": "27", "tval": "27"}, {"n": "11", "tvtn": "1341", "tvan": "1341", "tvtl": "32", "tval": "32"}, {"n": "90", "tvtn": "2079", "tvan": "2079", "tvtl": "16", "tval": "16"}, {"n": "22", "tvtn": "1976", "tvan": "1976", "tvtl": "42", "tval": "42"}, {"n": "55", "tvtn": "1756", "tvan": "1756", "tvtl": "113", "tval": "113"}, {"n": "20", "tvtn": "1157", "tvan": "1157", "tvtl": "58", "tval": "58"}, {"n": "17", "tvtn": "728", "tvan": "1016", "tvtl": "131", "tval": "131"}, {"n": "13", "tvtn": "175", "tvan": "301", "tvtl": "8", "tval": "8"}, {"n": "19", "tvtn": "159", "tvan": "160", "tvtl": "3", "tval": "3"}, {"n": "10", "tvtn": "307", "tvan": "307", "tvtl": "6", "tval": "6"}, {"n": "18", "tvtn": "1140", "tvan": "1171", "tvtl": "15", "tval": "15"}], "cand": [{"seq": "107", "n": "70124", "vap": "6", "pvap": "   0,04", "e": "N", "st": "N\u00e3o eleito"}, {"seq": "94", "n": "70123", "vap": "24", "pvap": "   0,18", "e": "N", "st": "N\u00e3o eleito"}, {"seq": "114", "n": "70122", "vap": "0", "pvap": "00.00", "e": "N", "st": "N\u00e3o eleito"}, {"seq": "59", "n": "25369", "vap": "24", "pvap": "   0,18", "e": "N", "st": "Suplente"}, {"seq": "1", "n": "25123", "vap": "603", "pvap": "   4,50", "e": "S", "st": "Eleito"}, {"seq": "67", "n": "25122", "vap": "15", "pvap": "   0,11", "e": "N", "st": "Suplente"}, {"seq": "51", "n": "25190", "vap": "57", "pvap": "   0,42", "e": "N", "st": "Suplente"}, {"seq": "63", "n": "25654", "vap": "22", "pvap": "   0,16", "e": "N", "st": "Suplente"}, {"seq": "12", "n": "25222", "vap": "396", "pvap": "   2,95", "e": "N", "st": "Suplente"}, {"seq": "54", "n": "25112", "vap": "43", "pvap": "   0,32", "e": "N", "st": "Suplente"}, {"seq": "23", "n": "25125", "vap": "197", "pvap": "   1,47", "e": "N", "st": "Suplente"}, {"seq": "35", "n": "25111", "vap": "131", "pvap": "   0,98", "e": "N", "st": "Suplente"}, {"seq": "53", "n": "25000", "vap": "46", "pvap": "   0,34", "e": "N", "st": "Suplente"}, {"seq": "60", "n": "25800", "vap": "24", "pvap": "   0,18", "e": "N", "st": "Suplente"}, {"seq": "76", "n": "25555", "vap": "7", "pvap": "   0,05", "e": "N", "st": "Suplente"}, {"seq": "45", "n": "25789", "vap": "83", "pvap": "   0,62", "e": "N", "st": "Suplente"}, {"seq": "69", "n": "25113", "vap": "13", "pvap": "   0,10", "e": "N", "st": "Suplente"}, {"seq": "56", "n": "11800", "vap": "34", "pvap": "   0,25", "e": "N", "st": "Suplente"}, {"seq": "50", "n": "11011", "vap": "68", "pvap": "   0,51", "e": "N", "st": "Suplente"}, {"seq": "62", "n": "11456", "vap": "22", "pvap": "   0,16", "e": "N", "st": "Suplente"}, {"seq": "40", "n": "11221", "vap": "107", "pvap": "   0,80", "e": "N", "st": "Suplente"}, {"seq": "4", "n": "11123", "vap": "447", "pvap": "   3,33", "e": "S", "st": "Eleito"}, {"seq": "29", "n": "11333", "vap": "153", "pvap": "   1,14", "e": "N", "st": "Suplente"}, {"seq": "66", "n": "11116", "vap": "17", "pvap": "   0,13", "e": "N", "st": "Suplente"}, {"seq": "13", "n": "11111", "vap": "361", "pvap": "   2,69", "e": "N", "st": "Suplente"}, {"seq": "34", "n": "11222", "vap": "132", "pvap": "   0,98", "e": "N", "st": "Suplente"}, {"seq": "55", "n": "90888", "vap": "34", "pvap": "   0,25", "e": "N", "st": "Suplente"}, {"seq": "10", "n": "90555", "vap": "294", "pvap": "   2,19", "e": "S", "st": "Eleito"}, {"seq": "17", "n": "90222", "vap": "261", "pvap": "   1,95", "e": "N", "st": "Suplente"}, {"seq": "58", "n": "90666", "vap": "26", "pvap": "   0,19", "e": "N", "st": "Suplente"}, {"seq": "27", "n": "90123", "vap": "175", "pvap": "   1,30", "e": "N", "st": "Suplente"}, {"seq": "24", "n": "90789", "vap": "190", "pvap": "   1,42", "e": "N", "st": "Suplente"}, {"seq": "6", "n": "90000", "vap": "411", "pvap": "   3,06", "e": "S", "st": "Eleito"}, {"seq": "21", "n": "90456", "vap": "204", "pvap": "   1,52", "e": "N", "st": "Suplente"}, {"seq": "68", "n": "90777", "vap": "14", "pvap": "   0,10", "e": "N", "st": "Suplente"}, {"seq": "20", "n": "90333", "vap": "210", "pvap": "   1,57", "e": "N", "st": "Suplente"}, {"seq": "36", "n": "90111", "vap": "123", "pvap": "   0,92", "e": "N", "st": "Suplente"}, {"seq": "32", "n": "90999", "vap": "137", "pvap": "   1,02", "e": "N", "st": "Suplente"}, {"seq": "43", "n": "22369", "vap": "102", "pvap": "   0,76", "e": "N", "st": "Suplente"}, {"seq": "75", "n": "22143", "vap": "9", "pvap": "   0,07", "e": "N", "st": "Suplente"}, {"seq": "3", "n": "22123", "vap": "489", "pvap": "   3,65", "e": "S", "st": "Eleito"}, {"seq": "47", "n": "22555", "vap": "78", "pvap": "   0,58", "e": "N", "st": "Suplente"}, {"seq": "30", "n": "22111", "vap": "147", "pvap": "   1,10", "e": "N", "st": "Suplente"}, {"seq": "41", "n": "22122", "vap": "104", "pvap": "   0,78", "e": "N", "st": "Suplente"}, {"seq": "7", "n": "22789", "vap": "397", "pvap": "   2,96", "e": "S", "st": "Eleito"}, {"seq": "15", "n": "22456", "vap": "295", "pvap": "   2,20", "e": "N", "st": "Suplente"}, {"seq": "57", "n": "22188", "vap": "32", "pvap": "   0,24", "e": "N", "st": "Suplente"}, {"seq": "14", "n": "22580", "vap": "323", "pvap": "   2,41", "e": "N", "st": "Suplente"}, {"seq": "26", "n": "55147", "vap": "176", "pvap": "   1,31", "e": "N", "st": "Suplente"}, {"seq": "78", "n": "55456", "vap": "2", "pvap": "   0,01", "e": "N", "st": "Suplente"}, {"seq": "46", "n": "55555", "vap": "81", "pvap": "   0,60", "e": "N", "st": "Suplente"}, {"seq": "11", "n": "55222", "vap": "271", "pvap": "   2,02", "e": "S", "st": "Eleito"}, {"seq": "2", "n": "55123", "vap": "549", "pvap": "   4,09", "e": "S", "st": "Eleito"}, {"seq": "65", "n": "55000", "vap": "18", "pvap": "   0,13", "e": "N", "st": "Suplente"}, {"seq": "18", "n": "55789", "vap": "257", "pvap": "   1,92", "e": "N", "st": "Suplente"}, {"seq": "19", "n": "55111", "vap": "244", "pvap": "   1,82", "e": "N", "st": "Suplente"}, {"seq": "72", "n": "55225", "vap": "11", "pvap": "   0,08", "e": "N", "st": "Suplente"}, {"seq": "33", "n": "55678", "vap": "135", "pvap": "   1,01", "e": "N", "st": "Suplente"}, {"seq": "71", "n": "55446", "vap": "12", "pvap": "   0,09", "e": "N", "st": "Suplente"}, {"seq": "64", "n": "20111", "vap": "20", "pvap": "   0,15", "e": "N", "st": "Suplente"}, {"seq": "79", "n": "20100", "vap": "2", "pvap": "   0,01", "e": "N", "st": "Suplente"}, {"seq": "16", "n": "20000", "vap": "264", "pvap": "   1,97", "e": "N", "st": "Suplente"}, {"seq": "22", "n": "20222", "vap": "200", "pvap": "   1,49", "e": "N", "st": "Suplente"}, {"seq": "37", "n": "20200", "vap": "122", "pvap": "   0,91", "e": "N", "st": "Suplente"}, {"seq": "39", "n": "20123", "vap": "119", "pvap": "   0,89", "e": "N", "st": "Suplente"}, {"seq": "52", "n": "20300", "vap": "54", "pvap": "   0,40", "e": "N", "st": "Suplente"}, {"seq": "9", "n": "20007", "vap": "376", "pvap": "   2,80", "e": "S", "st": "Eleito"}, {"seq": "83", "n": "17888", "vap": "0", "pvap": "00.00", "e": "N", "st": "Suplente"}, {"seq": "84", "n": "17111", "vap": "287", "pvap": "   2,14", "e": "N", "st": "N\u00e3o eleito"}, {"seq": "74", "n": "17222", "vap": "10", "pvap": "   0,07", "e": "N", "st": "Suplente"}, {"seq": "73", "n": "17007", "vap": "11", "pvap": "   0,08", "e": "N", "st": "Suplente"}, {"seq": "28", "n": "17038", "vap": "175", "pvap": "   1,30", "e": "N", "st": "Suplente"}, {"seq": "81", "n": "17123", "vap": "2", "pvap": "   0,01", "e": "N", "st": "Suplente"}, {"seq": "82", "n": "17233", "vap": "1", "pvap": "   0,01", "e": "N", "st": "Suplente"}, {"seq": "113", "n": "17650", "vap": "1", "pvap": "   0,01", "e": "N", "st": "N\u00e3o eleito"}, {"seq": "70", "n": "17555", "vap": "13", "pvap": "   0,10", "e": "N", "st": "Suplente"}, {"seq": "5", "n": "17000", "vap": "443", "pvap": "   3,30", "e": "S", "st": "Eleito"}, {"seq": "80", "n": "17333", "vap": "2", "pvap": "   0,01", "e": "N", "st": "Suplente"}, {"seq": "49", "n": "17777", "vap": "71", "pvap": "   0,53", "e": "N", "st": "Suplente"}, {"seq": "85", "n": "13222", "vap": "126", "pvap": "   0,94", "e": "N", "st": "N\u00e3o eleito"}, {"seq": "110", "n": "13789", "vap": "3", "pvap": "   0,02", "e": "N", "st": "N\u00e3o eleito"}, {"seq": "97", "n": "13130", "vap": "15", "pvap": "   0,11", "e": "N", "st": "N\u00e3o eleito"}, {"seq": "91", "n": "13123", "vap": "39", "pvap": "   0,29", "e": "N", "st": "N\u00e3o eleito"}, {"seq": "104", "n": "13000", "vap": "7", "pvap": "   0,05", "e": "N", "st": "N\u00e3o eleito"}, {"seq": "106", "n": "13153", "vap": "6", "pvap": "   0,04", "e": "N", "st": "N\u00e3o eleito"}, {"seq": "109", "n": "13456", "vap": "3", "pvap": "   0,02", "e": "N", "st": "N\u00e3o eleito"}, {"seq": "105", "n": "13580", "vap": "7", "pvap": "   0,05", "e": "N", "st": "N\u00e3o eleito"}, {"seq": "88", "n": "13333", "vap": "95", "pvap": "   0,71", "e": "N", "st": "N\u00e3o eleito"}, {"seq": "111", "n": "19999", "vap": "1", "pvap": "   0,01", "e": "N", "st": "N\u00e3o eleito"}, {"seq": "115", "n": "19321", "vap": "0", "pvap": "00.00", "e": "N", "st": "N\u00e3o eleito"}, {"seq": "101", "n": "19333", "vap": "11", "pvap": "   0,08", "e": "N", "st": "N\u00e3o eleito"}, {"seq": "102", "n": "19115", "vap": "11", "pvap": "   0,08", "e": "N", "st": "N\u00e3o eleito"}, {"seq": "96", "n": "19000", "vap": "16", "pvap": "   0,12", "e": "N", "st": "N\u00e3o eleito"}, {"seq": "89", "n": "19147", "vap": "74", "pvap": "   0,55", "e": "N", "st": "N\u00e3o eleito"}, {"seq": "90", "n": "19123", "vap": "46", "pvap": "   0,34", "e": "N", "st": "N\u00e3o eleito"}, {"seq": "112", "n": "19112", "vap": "1", "pvap": "   0,01", "e": "N", "st": "N\u00e3o eleito"}, {"seq": "108", "n": "10028", "vap": "5", "pvap": "   0,04", "e": "N", "st": "N\u00e3o eleito"}, {"seq": "103", "n": "10013", "vap": "7", "pvap": "   0,05", "e": "N", "st": "N\u00e3o eleito"}, {"seq": "99", "n": "10113", "vap": "14", "pvap": "   0,10", "e": "N", "st": "N\u00e3o eleito"}, {"seq": "98", "n": "10111", "vap": "15", "pvap": "   0,11", "e": "N", "st": "N\u00e3o eleito"}, {"seq": "86", "n": "10147", "vap": "106", "pvap": "   0,79", "e": "N", "st": "N\u00e3o eleito"}, {"seq": "92", "n": "10000", "vap": "33", "pvap": "   0,25", "e": "N", "st": "N\u00e3o eleito"}, {"seq": "87", "n": "10123", "vap": "98", "pvap": "   0,73", "e": "N", "st": "N\u00e3o eleito"}, {"seq": "100", "n": "10115", "vap": "11", "pvap": "   0,08", "e": "N", "st": "N\u00e3o eleito"}, {"seq": "95", "n": "10122", "vap": "18", "pvap": "   0,13", "e": "N", "st": "N\u00e3o eleito"}, {"seq": "93", "n": "18555", "vap": "31", "pvap": "   0,23", "e": "N", "st": "N\u00e3o eleito"}, {"seq": "8", "n": "18123", "vap": "397", "pvap": "   2,96", "e": "S", "st": "Eleito"}, {"seq": "44", "n": "18000", "vap": "86", "pvap": "   0,64", "e": "N", "st": "Suplente"}, {"seq": "61", "n": "18007", "vap": "22", "pvap": "   0,16", "e": "N", "st": "Suplente"}, {"seq": "42", "n": "18222", "vap": "104", "pvap": "   0,78", "e": "N", "st": "Suplente"}, {"seq": "48", "n": "18111", "vap": "73", "pvap": "   0,54", "e": "N", "st": "Suplente"}, {"seq": "77", "n": "18333", "vap": "6", "pvap": "   0,04", "e": "N", "st": "Suplente"}, {"seq": "31", "n": "18456", "vap": "145", "pvap": "   1,08", "e": "N", "st": "Suplente"}, {"seq": "38", "n": "18789", "vap": "121", "pvap": "   0,90", "e": "N", "st": "Suplente"}, {"seq": "25", "n": "18888", "vap": "186", "pvap": "   1,39", "e": "N", "st": "Suplente"}]}, {"dt": "15/11/2020", "ht": "20:22:31", "tf": "S", "and": "F", "tpabr": "ZONA", "cdabr": "5", "s": "58", "st": "58", "snt": "0", "si": "58", "sni": "0", "sa": "58", "sna": "0", "pst": " 100,00", "psnt": "   0,00", "psi": " 100,00", "psni": "   0,00", "psa": " 100,00", "psna": "   0,00", "e": "16178", "ea": "16178", "ena": "0", "esi": "16178", "esni": "0", "a": "2516", "c": "13662", "pea": " 100,00", "pena": "   0,00", "pesi": " 100,00", "pesni": "   0,00", "pa": "  15,55", "pc": "  84,45", "vnom": "12509", "vscv": "0", "vl": "457", "tv": "13662", "vvc": "13412", "vb": "68", "tvn": "182", "vn": "177", "vnt": "5", "vp": "0", "vv": "12966", "van": "0", "vansj": "446", "pvnom": "  96,48", "pvl": "   3,52", "pvvc": "  98,17", "pvb": "   0,50", "ptvn": "   1,33", "pvn": "  97,25", "pvnt": "   2,75", "pvp": "   0,00", "pvv": "  96,67", "pvan": "   0,00", "pvansj": "   3,33", "cand": [{"seq": "1", "n": "25123", "vap": "603", "pvap": "   4,50", "e": "S", "st": "Eleito"}, {"seq": "12", "n": "25222", "vap": "396", "pvap": "   2,95", "e": "N", "st": "Suplente"}, {"seq": "23", "n": "25125", "vap": "197", "pvap": "   1,47", "e": "N", "st": "Suplente"}, {"seq": "35", "n": "25111", "vap": "131", "pvap": "   0,98", "e": "N", "st": "Suplente"}, {"seq": "45", "n": "25789", "vap": "83", "pvap": "   0,62", "e": "N", "st": "Suplente"}, {"seq": "51", "n": "25190", "vap": "57", "pvap": "   0,42", "e": "N", "st": "Suplente"}, {"seq": "53", "n": "25000", "vap": "46", "pvap": "   0,34", "e": "N", "st": "Suplente"}, {"seq": "54", "n": "25112", "vap": "43", "pvap": "   0,32", "e": "N", "st": "Suplente"}, {"seq": "59", "n": "25369", "vap": "24", "pvap": "   0,18", "e": "N", "st": "Suplente"}, {"seq": "60", "n": "25800", "vap": "24", "pvap": "   0,18", "e": "N", "st": "Suplente"}, {"seq": "63", "n": "25654", "vap": "22", "pvap": "   0,16", "e": "N", "st": "Suplente"}, {"seq": "67", "n": "25122", "vap": "15", "pvap": "   0,11", "e": "N", "st": "Suplente"}, {"seq": "69", "n": "25113", "vap": "13", "pvap": "   0,10", "e": "N", "st": "Suplente"}, {"seq": "76", "n": "25555", "vap": "7", "pvap": "   0,05", "e": "N", "st": "Suplente"}, {"seq": "94", "n": "70123", "vap": "24", "pvap": "   0,18", "e": "N", "st": "N\u00e3o eleito"}, {"seq": "107", "n": "70124", "vap": "6", "pvap": "   0,04", "e": "N", "st": "N\u00e3o eleito"}, {"seq": "114", "n": "70122", "vap": "0", "pvap": "00.00", "e": "N", "st": "N\u00e3o eleito"}, {"seq": "4", "n": "11123", "vap": "447", "pvap": "   3,33", "e": "S", "st": "Eleito"}, {"seq": "13", "n": "11111", "vap": "361", "pvap": "   2,69", "e": "N", "st": "Suplente"}, {"seq": "29", "n": "11333", "vap": "153", "pvap": "   1,14", "e": "N", "st": "Suplente"}, {"seq": "34", "n": "11222", "vap": "132", "pvap": "   0,98", "e": "N", "st": "Suplente"}, {"seq": "40", "n": "11221", "vap": "107", "pvap": "   0,80", "e": "N", "st": "Suplente"}, {"seq": "50", "n": "11011", "vap": "68", "pvap": "   0,51", "e": "N", "st": "Suplente"}, {"seq": "56", "n": "11800", "vap": "34", "pvap": "   0,25", "e": "N", "st": "Suplente"}, {"seq": "62", "n": "11456", "vap": "22", "pvap": "   0,16", "e": "N", "st": "Suplente"}, {"seq": "66", "n": "11116", "vap": "17", "pvap": "   0,13", "e": "N", "st": "Suplente"}, {"seq": "89", "n": "19147", "vap": "74", "pvap": "   0,55", "e": "N", "st": "N\u00e3o eleito"}, {"seq": "90", "n": "19123", "vap": "46", "pvap": "   0,34", "e": "N", "st": "N\u00e3o eleito"}, {"seq": "96", "n": "19000", "vap": "16", "pvap": "   0,12", "e": "N", "st": "N\u00e3o eleito"}, {"seq": "101", "n": "19333", "vap": "11", "pvap": "   0,08", "e": "N", "st": "N\u00e3o eleito"}, {"seq": "102", "n": "19115", "vap": "11", "pvap": "   0,08", "e": "N", "st": "N\u00e3o eleito"}, {"seq": "111", "n": "19999", "vap": "1", "pvap": "   0,01", "e": "N", "st": "N\u00e3o eleito"}, {"seq": "112", "n": "19112", "vap": "1", "pvap": "   0,01", "e": "N", "st": "N\u00e3o eleito"}, {"seq": "115", "n": "19321", "vap": "0", "pvap": "00.00", "e": "N", "st": "N\u00e3o eleito"}, {"seq": "85", "n": "13222", "vap": "126", "pvap": "   0,94", "e": "N", "st": "N\u00e3o eleito"}, {"seq": "88", "n": "13333", "vap": "95", "pvap": "   0,71", "e": "N", "st": "N\u00e3o eleito"}, {"seq": "91", "n": "13123", "vap": "39", "pvap": "   0,29", "e": "N", "st": "N\u00e3o eleito"}, {"seq": "97", "n": "13130", "vap": "15", "pvap": "   0,11", "e": "N", "st": "N\u00e3o eleito"}, {"seq": "104", "n": "13000", "vap": "7", "pvap": "   0,05", "e": "N", "st": "N\u00e3o eleito"}, {"seq": "105", "n": "13580", "vap": "7", "pvap": "   0,05", "e": "N", "st": "N\u00e3o eleito"}, {"seq": "106", "n": "13153", "vap": "6", "pvap": "   0,04", "e": "N", "st": "N\u00e3o eleito"}, {"seq": "109", "n": "13456", "vap": "3", "pvap": "   0,02", "e": "N", "st": "N\u00e3o eleito"}, {"seq": "110", "n": "13789", "vap": "3", "pvap": "   0,02", "e": "N", "st": "N\u00e3o eleito"}, {"seq": "3", "n": "22123", "vap": "489", "pvap": "   3,65", "e": "S", "st": "Eleito"}, {"seq": "7", "n": "22789", "vap": "397", "pvap": "   2,96", "e": "S", "st": "Eleito"}, {"seq": "14", "n": "22580", "vap": "323", "pvap": "   2,41", "e": "N", "st": "Suplente"}, {"seq": "15", "n": "22456", "vap": "295", "pvap": "   2,20", "e": "N", "st": "Suplente"}, {"seq": "30", "n": "22111", "vap": "147", "pvap": "   1,10", "e": "N", "st": "Suplente"}, {"seq": "41", "n": "22122", "vap": "104", "pvap": "   0,78", "e": "N", "st": "Suplente"}, {"seq": "43", "n": "22369", "vap": "102", "pvap": "   0,76", "e": "N", "st": "Suplente"}, {"seq": "47", "n": "22555", "vap": "78", "pvap": "   0,58", "e": "N", "st": "Suplente"}, {"seq": "57", "n": "22188", "vap": "32", "pvap": "   0,24", "e": "N", "st": "Suplente"}, {"seq": "75", "n": "22143", "vap": "9", "pvap": "   0,07", "e": "N", "st": "Suplente"}, {"seq": "8", "n": "18123", "vap": "397", "pvap": "   2,96", "e": "S", "st": "Eleito"}, {"seq": "25", "n": "18888", "vap": "186", "pvap": "   1,39", "e": "N", "st": "Suplente"}, {"seq": "31", "n": "18456", "vap": "145", "pvap": "   1,08", "e": "N", "st": "Suplente"}, {"seq": "38", "n": "18789", "vap": "121", "pvap": "   0,90", "e": "N", "st": "Suplente"}, {"seq": "42", "n": "18222", "vap": "104", "pvap": "   0,78", "e": "N", "st": "Suplente"}, {"seq": "44", "n": "18000", "vap": "86", "pvap": "   0,64", "e": "N", "st": "Suplente"}, {"seq": "48", "n": "18111", "vap": "73", "pvap": "   0,54", "e": "N", "st": "Suplente"}, {"seq": "61", "n": "18007", "vap": "22", "pvap": "   0,16", "e": "N", "st": "Suplente"}, {"seq": "77", "n": "18333", "vap": "6", "pvap": "   0,04", "e": "N", "st": "Suplente"}, {"seq": "93", "n": "18555", "vap": "31", "pvap": "   0,23", "e": "N", "st": "N\u00e3o eleito"}, {"seq": "9", "n": "20007", "vap": "376", "pvap": "   2,80", "e": "S", "st": "Eleito"}, {"seq": "16", "n": "20000", "vap": "264", "pvap": "   1,97", "e": "N", "st": "Suplente"}, {"seq": "22", "n": "20222", "vap": "200", "pvap": "   1,49", "e": "N", "st": "Suplente"}, {"seq": "37", "n": "20200", "vap": "122", "pvap": "   0,91", "e": "N", "st": "Suplente"}, {"seq": "39", "n": "20123", "vap": "119", "pvap": "   0,89", "e": "N", "st": "Suplente"}, {"seq": "52", "n": "20300", "vap": "54", "pvap": "   0,40", "e": "N", "st": "Suplente"}, {"seq": "64", "n": "20111", "vap": "20", "pvap": "   0,15", "e": "N", "st": "Suplente"}, {"seq": "79", "n": "20100", "vap": "2", "pvap": "   0,01", "e": "N", "st": "Suplente"}, {"seq": "86", "n": "10147", "vap": "106", "pvap": "   0,79", "e": "N", "st": "N\u00e3o eleito"}, {"seq": "87", "n": "10123", "vap": "98", "pvap": "   0,73", "e": "N", "st": "N\u00e3o eleito"}, {"seq": "92", "n": "10000", "vap": "33", "pvap": "   0,25", "e": "N", "st": "N\u00e3o eleito"}, {"seq": "95", "n": "10122", "vap": "18", "pvap": "   0,13", "e": "N", "st": "N\u00e3o eleito"}, {"seq": "98", "n": "10111", "vap": "15", "pvap": "   0,11", "e": "N", "st": "N\u00e3o eleito"}, {"seq": "99", "n": "10113", "vap": "14", "pvap": "   0,10", "e": "N", "st": "N\u00e3o eleito"}, {"seq": "100", "n": "10115", "vap": "11", "pvap": "   0,08", "e": "N", "st": "N\u00e3o eleito"}, {"seq": "103", "n": "10013", "vap": "7", "pvap": "   0,05", "e": "N", "st": "N\u00e3o eleito"}, {"seq": "108", "n": "10028", "vap": "5", "pvap": "   0,04", "e": "N", "st": "N\u00e3o eleito"}, {"seq": "6", "n": "90000", "vap": "411", "pvap": "   3,06", "e": "S", "st": "Eleito"}, {"seq": "10", "n": "90555", "vap": "294", "pvap": "   2,19", "e": "S", "st": "Eleito"}, {"seq": "17", "n": "90222", "vap": "261", "pvap": "   1,95", "e": "N", "st": "Suplente"}, {"seq": "20", "n": "90333", "vap": "210", "pvap": "   1,57", "e": "N", "st": "Suplente"}, {"seq": "21", "n": "90456", "vap": "204", "pvap": "   1,52", "e": "N", "st": "Suplente"}, {"seq": "24", "n": "90789", "vap": "190", "pvap": "   1,42", "e": "N", "st": "Suplente"}, {"seq": "27", "n": "90123", "vap": "175", "pvap": "   1,30", "e": "N", "st": "Suplente"}, {"seq": "32", "n": "90999", "vap": "137", "pvap": "   1,02", "e": "N", "st": "Suplente"}, {"seq": "36", "n": "90111", "vap": "123", "pvap": "   0,92", "e": "N", "st": "Suplente"}, {"seq": "55", "n": "90888", "vap": "34", "pvap": "   0,25", "e": "N", "st": "Suplente"}, {"seq": "58", "n": "90666", "vap": "26", "pvap": "   0,19", "e": "N", "st": "Suplente"}, {"seq": "68", "n": "90777", "vap": "14", "pvap": "   0,10", "e": "N", "st": "Suplente"}, {"seq": "5", "n": "17000", "vap": "443", "pvap": "   3,30", "e": "S", "st": "Eleito"}, {"seq": "28", "n": "17038", "vap": "175", "pvap": "   1,30", "e": "N", "st": "Suplente"}, {"seq": "49", "n": "17777", "vap": "71", "pvap": "   0,53", "e": "N", "st": "Suplente"}, {"seq": "70", "n": "17555", "vap": "13", "pvap": "   0,10", "e": "N", "st": "Suplente"}, {"seq": "73", "n": "17007", "vap": "11", "pvap": "   0,08", "e": "N", "st": "Suplente"}, {"seq": "74", "n": "17222", "vap": "10", "pvap": "   0,07", "e": "N", "st": "Suplente"}, {"seq": "80", "n": "17333", "vap": "2", "pvap": "   0,01", "e": "N", "st": "Suplente"}, {"seq": "81", "n": "17123", "vap": "2", "pvap": "   0,01", "e": "N", "st": "Suplente"}, {"seq": "82", "n": "17233", "vap": "1", "pvap": "   0,01", "e": "N", "st": "Suplente"}, {"seq": "83", "n": "17888", "vap": "0", "pvap": "00.00", "e": "N", "st": "Suplente"}, {"seq": "84", "n": "17111", "vap": "287", "pvap": "   2,14", "e": "N", "st": "N\u00e3o eleito"}, {"seq": "113", "n": "17650", "vap": "1", "pvap": "   0,01", "e": "N", "st": "N\u00e3o eleito"}, {"seq": "2", "n": "55123", "vap": "549", "pvap": "   4,09", "e": "S", "st": "Eleito"}, {"seq": "11", "n": "55222", "vap": "271", "pvap": "   2,02", "e": "S", "st": "Eleito"}, {"seq": "18", "n": "55789", "vap": "257", "pvap": "   1,92", "e": "N", "st": "Suplente"}, {"seq": "19", "n": "55111", "vap": "244", "pvap": "   1,82", "e": "N", "st": "Suplente"}, {"seq": "26", "n": "55147", "vap": "176", "pvap": "   1,31", "e": "N", "st": "Suplente"}, {"seq": "33", "n": "55678", "vap": "135", "pvap": "   1,01", "e": "N", "st": "Suplente"}, {"seq": "46", "n": "55555", "vap": "81", "pvap": "   0,60", "e": "N", "st": "Suplente"}, {"seq": "65", "n": "55000", "vap": "18", "pvap": "   0,13", "e": "N", "st": "Suplente"}, {"seq": "71", "n": "55446", "vap": "12", "pvap": "   0,09", "e": "N", "st": "Suplente"}, {"seq": "72", "n": "55225", "vap": "11", "pvap": "   0,08", "e": "N", "st": "Suplente"}, {"seq": "78", "n": "55456", "vap": "2", "pvap": "   0,01", "e": "N", "st": "Suplente"}]}]}