{"ele": "426", "carper": "13", "t": "1", "f": "O", "esae": "N", "mnae": " ", "dg": "15/11/2020", "hg": "22:12:04", "dv": "S", "nadf": "ap06173-c0013-e000426-003-f", "abr": [{"dt": "15/11/2020", "ht": "22:05:46", "tf": "S", "and": "F", "tpabr": "MU", "cdabr": "06173", "s": "41", "st": "41", "snt": "0", "si": "41", "sni": "0", "sa": "41", "sna": "0", "pst": " 100,00", "psnt": "   0,00", "psi": " 100,00", "psni": "   0,00", "psa": " 100,00", "psna": "   0,00", "e": "9727", "ea": "9727", "ena": "0", "esi": "9727", "esni": "0", "c": "8021", "a": "1706", "pea": " 100,00", "pena": "   0,00", "pesi": " 100,00", "pesni": "   0,00", "pa": "  17,54", "pc": "  82,46", "vscv": "0", "vnom": "7549", "vl": "357", "tv": "8021", "vvc": "7906", "vb": "32", "tvn": "83", "vn": "83", "vnt": "0", "vp": "0", "vv": "7906", "van": "0", "vansj": "0", "pvnom": "  95,48", "pvl": "   4,52", "pvvc": "  98,57", "pvb": "   0,40", "ptvn": "   1,03", "pvn": " 100,00", "pvnt": "   0,00", "pvp": "   0,00", "pvv": " 100,00", "pvan": "   0,00", "pvansj": "   0,00", "colig": [{"n": "30000111820", "tvtn": "913", "tvan": "913", "vag": "1", "tvtl": "145", "tval": "145"}, {"n": "30000116129", "tvtn": "147", "tvan": "147", "vag": "0", "tvtl": "4", "tval": "4"}, {"n": "30000085380", "tvtn": "1226", "tvan": "1226", "vag": "2", "tvtl": "84", "tval": "84"}, {"n": "30000053435", "tvtn": "1535", "tvan": "1535", "vag": "2", "tvtl": "27", "tval": "27"}, {"n": "30000064747", "tvtn": "1000", "tvan": "1000", "vag": "1", "tvtl": "32", "tval": "32"}, {"n": "30000056224", "tvtn": "1127", "tvan": "1127", "vag": "1", "tvtl": "26", "tval": "26"}, {"n": "30000147834", "tvtn": "32", "tvan": "32", "vag": "0", "tvtl": "9", "tval": "9"}, {"n": "30000061023", "tvtn": "693", "tvan": "693", "vag": "1", "tvtl": "22", "tval": "22"}, {"n": "30000137570", "tvtn": "876", "tvan": "876", "vag": "1", "tvtl": "8", "tval": "8"}], "part": [{"n": "25", "tvtn": "913", "tvan": "913", "tvtl": "145", "tval": "145"}, {"n": "23", "tvtn": "147", "tvan": "147", "tvtl": "4", "tval": "4"}, {"n": "15", "tvtn": "1226", "tvan": "1226", "tvtl": "84", "tval": "84"}, {"n": "11", "tvtn": "1535", "tvan": "1535", "tvtl": "27", "tval": "27"}, {"n": "12", "tvtn": "1000", "tvan": "1000", "tvtl": "32", "tval": "32"}, {"n": "22", "tvtn": "1127", "tvan": "1127", "tvtl": "26", "tval": "26"}, {"n": "28", "tvtn": "32", "tvan": "32", "tvtl": "9", "tval": "9"}, {"n": "55", "tvtn": "693", "tvan": "693", "tvtl": "22", "tval": "22"}, {"n": "10", "tvtn": "876", "tvan": "876", "tvtl": "8", "tval": "8"}], "cand": [{"seq": "35", "n": "25000", "vap": "97", "pvap": "   1,23", "e": "N", "st": "Suplente"}, {"seq": "58", "n": "25456", "vap": "23", "pvap": "   0,29", "e": "N", "st": "Suplente"}, {"seq": "37", "n": "25222", "vap": "90", "pvap": "   1,14", "e": "N", "st": "Suplente"}, {"seq": "26", "n": "25321", "vap": "115", "pvap": "   1,45", "e": "N", "st": "Suplente"}, {"seq": "39", "n": "25789", "vap": "86", "pvap": "   1,09", "e": "N", "st": "Suplente"}, {"seq": "22", "n": "25111", "vap": "142", "pvap": "   1,80", "e": "N", "st": "Suplente"}, {"seq": "61", "n": "25333", "vap": "17", "pvap": "   0,22", "e": "N", "st": "Suplente"}, {"seq": "34", "n": "25123", "vap": "98", "pvap": "   1,24", "e": "N", "st": "Suplente"}, {"seq": "5", "n": "25369", "vap": "241", "pvap": "   3,05", "e": "S", "st": "Eleito"}, {"seq": "72", "n": "25444", "vap": "4", "pvap": "   0,05", "e": "N", "st": "Suplente"}, {"seq": "84", "n": "23007", "vap": "6", "pvap": "   0,08", "e": "N", "st": "N\u00e3o eleito"}, {"seq": "85", "n": "23456", "vap": "5", "pvap": "   0,06", "e": "N", "st": "N\u00e3o eleito"}, {"seq": "82", "n": "23111", "vap": "9", "pvap": "   0,11", "e": "N", "st": "N\u00e3o eleito"}, {"seq": "78", "n": "23222", "vap": "73", "pvap": "   0,92", "e": "N", "st": "N\u00e3o eleito"}, {"seq": "86", "n": "23006", "vap": "4", "pvap": "   0,05", "e": "N", "st": "N\u00e3o eleito"}, {"seq": "79", "n": "23169", "vap": "28", "pvap": "   0,35", "e": "N", "st": "N\u00e3o eleito"}, {"seq": "81", "n": "23123", "vap": "22", "pvap": "   0,28", "e": "N", "st": "N\u00e3o eleito"}, {"seq": "2", "n": "15000", "vap": "336", "pvap": "   4,25", "e": "S", "st": "Eleito"}, {"seq": "20", "n": "15120", "vap": "154", "pvap": "   1,95", "e": "N", "st": "Suplente"}, {"seq": "51", "n": "15825", "vap": "36", "pvap": "   0,46", "e": "N", "st": "Suplente"}, {"seq": "65", "n": "15234", "vap": "12", "pvap": "   0,15", "e": "N", "st": "Suplente"}, {"seq": "74", "n": "15015", "vap": "3", "pvap": "   0,04", "e": "N", "st": "Suplente"}, {"seq": "6", "n": "15555", "vap": "206", "pvap": "   2,61", "e": "S", "st": "Eleito"}, {"seq": "52", "n": "15580", "vap": "34", "pvap": "   0,43", "e": "N", "st": "Suplente"}, {"seq": "36", "n": "15231", "vap": "94", "pvap": "   1,19", "e": "N", "st": "Suplente"}, {"seq": "75", "n": "15666", "vap": "0", "pvap": "00.00", "e": "N", "st": "Suplente"}, {"seq": "12", "n": "15111", "vap": "194", "pvap": "   2,45", "e": "N", "st": "Suplente"}, {"seq": "18", "n": "15999", "vap": "157", "pvap": "   1,99", "e": "N", "st": "Suplente"}, {"seq": "25", "n": "11222", "vap": "121", "pvap": "   1,53", "e": "N", "st": "Suplente"}, {"seq": "17", "n": "11123", "vap": "165", "pvap": "   2,09", "e": "N", "st": "Suplente"}, {"seq": "13", "n": "11000", "vap": "192", "pvap": "   2,43", "e": "N", "st": "Suplente"}, {"seq": "55", "n": "11015", "vap": "26", "pvap": "   0,33", "e": "N", "st": "Suplente"}, {"seq": "7", "n": "11011", "vap": "200", "pvap": "   2,53", "e": "S", "st": "Eleito"}, {"seq": "29", "n": "11234", "vap": "107", "pvap": "   1,35", "e": "N", "st": "Suplente"}, {"seq": "14", "n": "11333", "vap": "188", "pvap": "   2,38", "e": "N", "st": "Suplente"}, {"seq": "15", "n": "11456", "vap": "169", "pvap": "   2,14", "e": "N", "st": "Suplente"}, {"seq": "4", "n": "11111", "vap": "269", "pvap": "   3,40", "e": "S", "st": "Eleito"}, {"seq": "32", "n": "11555", "vap": "98", "pvap": "   1,24", "e": "N", "st": "Suplente"}, {"seq": "44", "n": "12777", "vap": "55", "pvap": "   0,70", "e": "N", "st": "Suplente"}, {"seq": "54", "n": "12000", "vap": "30", "pvap": "   0,38", "e": "N", "st": "Suplente"}, {"seq": "70", "n": "12199", "vap": "5", "pvap": "   0,06", "e": "N", "st": "Suplente"}, {"seq": "31", "n": "12123", "vap": "101", "pvap": "   1,28", "e": "N", "st": "Suplente"}, {"seq": "16", "n": "12125", "vap": "165", "pvap": "   2,09", "e": "N", "st": "Suplente"}, {"seq": "50", "n": "12222", "vap": "40", "pvap": "   0,51", "e": "N", "st": "Suplente"}, {"seq": "40", "n": "12580", "vap": "77", "pvap": "   0,97", "e": "N", "st": "Suplente"}, {"seq": "3", "n": "12333", "vap": "332", "pvap": "   4,20", "e": "S", "st": "Eleito"}, {"seq": "11", "n": "12369", "vap": "195", "pvap": "   2,47", "e": "N", "st": "Suplente"}, {"seq": "69", "n": "22000", "vap": "6", "pvap": "   0,08", "e": "N", "st": "Suplente"}, {"seq": "19", "n": "22115", "vap": "155", "pvap": "   1,96", "e": "N", "st": "Suplente"}, {"seq": "1", "n": "22123", "vap": "410", "pvap": "   5,19", "e": "S", "st": "Eleito"}, {"seq": "71", "n": "22177", "vap": "5", "pvap": "   0,06", "e": "N", "st": "Suplente"}, {"seq": "76", "n": "22112", "vap": "0", "pvap": "00.00", "e": "N", "st": "Suplente"}, {"seq": "41", "n": "22007", "vap": "76", "pvap": "   0,96", "e": "N", "st": "Suplente"}, {"seq": "53", "n": "22369", "vap": "32", "pvap": "   0,40", "e": "N", "st": "Suplente"}, {"seq": "10", "n": "22222", "vap": "267", "pvap": "   3,38", "e": "N", "st": "Suplente"}, {"seq": "68", "n": "22126", "vap": "8", "pvap": "   0,10", "e": "N", "st": "Suplente"}, {"seq": "30", "n": "22300", "vap": "101", "pvap": "   1,28", "e": "N", "st": "Suplente"}, {"seq": "42", "n": "22111", "vap": "67", "pvap": "   0,85", "e": "N", "st": "Suplente"}, {"seq": "83", "n": "28123", "vap": "7", "pvap": "   0,09", "e": "N", "st": "N\u00e3o eleito"}, {"seq": "80", "n": "28000", "vap": "25", "pvap": "   0,32", "e": "N", "st": "N\u00e3o eleito"}, {"seq": "27", "n": "55555", "vap": "113", "pvap": "   1,43", "e": "N", "st": "Suplente"}, {"seq": "62", "n": "55222", "vap": "17", "pvap": "   0,22", "e": "N", "st": "Suplente"}, {"seq": "77", "n": "55369", "vap": "0", "pvap": "00.00", "e": "N", "st": "Suplente"}, {"seq": "45", "n": "55333", "vap": "54", "pvap": "   0,68", "e": "N", "st": "Suplente"}, {"seq": "63", "n": "55000", "vap": "17", "pvap": "   0,22", "e": "N", "st": "Suplente"}, {"seq": "28", "n": "55122", "vap": "113", "pvap": "   1,43", "e": "N", "st": "Suplente"}, {"seq": "38", "n": "55133", "vap": "88", "pvap": "   1,11", "e": "N", "st": "Suplente"}, {"seq": "67", "n": "55789", "vap": "8", "pvap": "   0,10", "e": "N", "st": "Suplente"}, {"seq": "66", "n": "55666", "vap": "12", "pvap": "   0,15", "e": "N", "st": "Suplente"}, {"seq": "59", "n": "55182", "vap": "22", "pvap": "   0,28", "e": "N", "st": "Suplente"}, {"seq": "47", "n": "55123", "vap": "48", "pvap": "   0,61", "e": "N", "st": "Suplente"}, {"seq": "9", "n": "55111", "vap": "138", "pvap": "   1,75", "e": "S", "st": "Eleito"}, {"seq": "43", "n": "55299", "vap": "63", "pvap": "   0,80", "e": "N", "st": "Suplente"}, {"seq": "33", "n": "10456", "vap": "98", "pvap": "   1,24", "e": "N", "st": "Suplente"}, {"seq": "73", "n": "10258", "vap": "3", "pvap": "   0,04", "e": "N", "st": "Suplente"}, {"seq": "48", "n": "10222", "vap": "47", "pvap": "   0,59", "e": "N", "st": "Suplente"}, {"seq": "64", "n": "10101", "vap": "14", "pvap": "   0,18", "e": "N", "st": "Suplente"}, {"seq": "57", "n": "10007", "vap": "24", "pvap": "   0,30", "e": "N", "st": "Suplente"}, {"seq": "24", "n": "10000", "vap": "122", "pvap": "   1,54", "e": "N", "st": "Suplente"}, {"seq": "8", "n": "10111", "vap": "150", "pvap": "   1,90", "e": "S", "st": "Eleito"}, {"seq": "21", "n": "10147", "vap": "147", "pvap": "   1,86", "e": "N", "st": "Suplente"}, {"seq": "23", "n": "10369", "vap": "129", "pvap": "   1,63", "e": "N", "st": "Suplente"}, {"seq": "56", "n": "10123", "vap": "24", "pvap": "   0,30", "e": "N", "st": "Suplente"}, {"seq": "46", "n": "10234", "vap": "51", "pvap": "   0,65", "e": "N", "st": "Suplente"}, {"seq": "60", "n": "10567", "vap": "22", "pvap": "   0,28", "e": "N", "st": "Suplente"}, {"seq": "49", "n": "10380", "vap": "45", "pvap": "   0,57", "e": "N", "st": "Suplente"}]}, {"dt": "15/11/2020", "ht": "22:05:46", "tf": "S", "and": "F", "tpabr": "ZONA", "cdabr": "8", "s": "41", "st": "41", "snt": "0", "si": "41", "sni": "0", "sa": "41", "sna": "0", "pst": " 100,00", "psnt": "   0,00", "psi": " 100,00", "psni": "   0,00", "psa": " 100,00", "psna": "   0,00", "e": "9727", "ea": "9727", "ena": "0", "esi": "9727", "esni": "0", "a": "1706", "c": "8021", "pea": " 100,00", "pena": "   0,00", "pesi": " 100,00", "pesni": "   0,00", "pa": "  17,54", "pc": "  82,46", "vnom": "7549", "vscv": "0", "vl": "357", "tv": "8021", "vvc": "7906", "vb": "32", "tvn": "83", "vn": "83", "vnt": "0", "vp": "0", "vv": "7906", "van": "0", "vansj": "0", "pvnom": "  95,48", "pvl": "   4,52", "pvvc": "  98,57", "pvb": "   0,40", "ptvn": "   1,03", "pvn": " 100,00", "pvnt": "   0,00", "pvp": "   0,00", "pvv": " 100,00", "pvan": "   0,00", "pvansj": "   0,00", "cand": [{"seq": "26", "n": "25321", "vap": "115", "pvap": "   1,45", "e": "N", "st": "Suplente"}, {"seq": "34", "n": "25123", "vap": "98", "pvap": "   1,24", "e": "N", "st": "Suplente"}, {"seq": "35", "n": "25000", "vap": "97", "pvap": "   1,23", "e": "N", "st": "Suplente"}, {"seq": "37", "n": "25222", "vap": "90", "pvap": "   1,14", "e": "N", "st": "Suplente"}, {"seq": "39", "n": "25789", "vap": "86", "pvap": "   1,09", "e": "N", "st": "Suplente"}, {"seq": "58", "n": "25456", "vap": "23", "pvap": "   0,29", "e": "N", "st": "Suplente"}, {"seq": "61", "n": "25333", "vap": "17", "pvap": "   0,22", "e": "N", "st": "Suplente"}, {"seq": "72", "n": "25444", "vap": "4", "pvap": "   0,05", "e": "N", "st": "Suplente"}, {"seq": "5", "n": "25369", "vap": "241", "pvap": "   3,05", "e": "S", "st": "Eleito"}, {"seq": "22", "n": "25111", "vap": "142", "pvap": "   1,80", "e": "N", "st": "Suplente"}, {"seq": "80", "n": "28000", "vap": "25", "pvap": "   0,32", "e": "N", "st": "N\u00e3o eleito"}, {"seq": "83", "n": "28123", "vap": "7", "pvap": "   0,09", "e": "N", "st": "N\u00e3o eleito"}, {"seq": "24", "n": "10000", "vap": "122", "pvap": "   1,54", "e": "N", "st": "Suplente"}, {"seq": "33", "n": "10456", "vap": "98", "pvap": "   1,24", "e": "N", "st": "Suplente"}, {"seq": "46", "n": "10234", "vap": "51", "pvap": "   0,65", "e": "N", "st": "Suplente"}, {"seq": "48", "n": "10222", "vap": "47", "pvap": "   0,59", "e": "N", "st": "Suplente"}, {"seq": "49", "n": "10380", "vap": "45", "pvap": "   0,57", "e": "N", "st": "Suplente"}, {"seq": "56", "n": "10123", "vap": "24", "pvap": "   0,30", "e": "N", "st": "Suplente"}, {"seq": "57", "n": "10007", "vap": "24", "pvap": "   0,30", "e": "N", "st": "Suplente"}, {"seq": "60", "n": "10567", "vap": "22", "pvap": "   0,28", "e": "N", "st": "Suplente"}, {"seq": "64", "n": "10101", "vap": "14", "pvap": "   0,18", "e": "N", "st": "Suplente"}, {"seq": "73", "n": "10258", "vap": "3", "pvap": "   0,04", "e": "N", "st": "Suplente"}, {"seq": "8", "n": "10111", "vap": "150", "pvap": "   1,90", "e": "S", "st": "Eleito"}, {"seq": "21", "n": "10147", "vap": "147", "pvap": "   1,86", "e": "N", "st": "Suplente"}, {"seq": "23", "n": "10369", "vap": "129", "pvap": "   1,63", "e": "N", "st": "Suplente"}, {"seq": "25", "n": "11222", "vap": "121", "pvap": "   1,53", "e": "N", "st": "Suplente"}, {"seq": "29", "n": "11234", "vap": "107", "pvap": "   1,35", "e": "N", "st": "Suplente"}, {"seq": "32", "n": "11555", "vap": "98", "pvap": "   1,24", "e": "N", "st": "Suplente"}, {"seq": "55", "n": "11015", "vap": "26", "pvap": "   0,33", "e": "N", "st": "Suplente"}, {"seq": "4", "n": "11111", "vap": "269", "pvap": "   3,40", "e": "S", "st": "Eleito"}, {"seq": "7", "n": "11011", "vap": "200", "pvap": "   2,53", "e": "S", "st": "Eleito"}, {"seq": "13", "n": "11000", "vap": "192", "pvap": "   2,43", "e": "N", "st": "Suplente"}, {"seq": "14", "n": "11333", "vap": "188", "pvap": "   2,38", "e": "N", "st": "Suplente"}, {"seq": "15", "n": "11456", "vap": "169", "pvap": "   2,14", "e": "N", "st": "Suplente"}, {"seq": "17", "n": "11123", "vap": "165", "pvap": "   2,09", "e": "N", "st": "Suplente"}, {"seq": "30", "n": "22300", "vap": "101", "pvap": "   1,28", "e": "N", "st": "Suplente"}, {"seq": "41", "n": "22007", "vap": "76", "pvap": "   0,96", "e": "N", "st": "Suplente"}, {"seq": "42", "n": "22111", "vap": "67", "pvap": "   0,85", "e": "N", "st": "Suplente"}, {"seq": "53", "n": "22369", "vap": "32", "pvap": "   0,40", "e": "N", "st": "Suplente"}, {"seq": "68", "n": "22126", "vap": "8", "pvap": "   0,10", "e": "N", "st": "Suplente"}, {"seq": "69", "n": "22000", "vap": "6", "pvap": "   0,08", "e": "N", "st": "Suplente"}, {"seq": "71", "n": "22177", "vap": "5", "pvap": "   0,06", "e": "N", "st": "Suplente"}, {"seq": "76", "n": "22112", "vap": "0", "pvap": "00.00", "e": "N", "st": "Suplente"}, {"seq": "1", "n": "22123", "vap": "410", "pvap": "   5,19", "e": "S", "st": "Eleito"}, {"seq": "10", "n": "22222", "vap": "267", "pvap": "   3,38", "e": "N", "st": "Suplente"}, {"seq": "19", "n": "22115", "vap": "155", "pvap": "   1,96", "e": "N", "st": "Suplente"}, {"seq": "27", "n": "55555", "vap": "113", "pvap": "   1,43", "e": "N", "st": "Suplente"}, {"seq": "28", "n": "55122", "vap": "113", "pvap": "   1,43", "e": "N", "st": "Suplente"}, {"seq": "38", "n": "55133", "vap": "88", "pvap": "   1,11", "e": "N", "st": "Suplente"}, {"seq": "43", "n": "55299", "vap": "63", "pvap": "   0,80", "e": "N", "st": "Suplente"}, {"seq": "45", "n": "55333", "vap": "54", "pvap": "   0,68", "e": "N", "st": "Suplente"}, {"seq": "47", "n": "55123", "vap": "48", "pvap": "   0,61", "e": "N", "st": "Suplente"}, {"seq": "59", "n": "55182", "vap": "22", "pvap": "   0,28", "e": "N", "st": "Suplente"}, {"seq": "62", "n": "55222", "vap": "17", "pvap": "   0,22", "e": "N", "st": "Suplente"}, {"seq": "63", "n": "55000", "vap": "17", "pvap": "   0,22", "e": "N", "st": "Suplente"}, {"seq": "66", "n": "55666", "vap": "12", "pvap": "   0,15", "e": "N", "st": "Suplente"}, {"seq": "67", "n": "55789", "vap": "8", "pvap": "   0,10", "e": "N", "st": "Suplente"}, {"seq": "77", "n": "55369", "vap": "0", "pvap": "00.00", "e": "N", "st": "Suplente"}, {"seq": "9", "n": "55111", "vap": "138", "pvap": "   1,75", "e": "S", "st": "Eleito"}, {"seq": "31", "n": "12123", "vap": "101", "pvap": "   1,28", "e": "N", "st": "Suplente"}, {"seq": "40", "n": "12580", "vap": "77", "pvap": "   0,97", "e": "N", "st": "Suplente"}, {"seq": "44", "n": "12777", "vap": "55", "pvap": "   0,70", "e": "N", "st": "Suplente"}, {"seq": "50", "n": "12222", "vap": "40", "pvap": "   0,51", "e": "N", "st": "Suplente"}, {"seq": "54", "n": "12000", "vap": "30", "pvap": "   0,38", "e": "N", "st": "Suplente"}, {"seq": "70", "n": "12199", "vap": "5", "pvap": "   0,06", "e": "N", "st": "Suplente"}, {"seq": "3", "n": "12333", "vap": "332", "pvap": "   4,20", "e": "S", "st": "Eleito"}, {"seq": "11", "n": "12369", "vap": "195", "pvap": "   2,47", "e": "N", "st": "Suplente"}, {"seq": "16", "n": "12125", "vap": "165", "pvap": "   2,09", "e": "N", "st": "Suplente"}, {"seq": "36", "n": "15231", "vap": "94", "pvap": "   1,19", "e": "N", "st": "Suplente"}, {"seq": "51", "n": "15825", "vap": "36", "pvap": "   0,46", "e": "N", "st": "Suplente"}, {"seq": "52", "n": "15580", "vap": "34", "pvap": "   0,43", "e": "N", "st": "Suplente"}, {"seq": "65", "n": "15234", "vap": "12", "pvap": "   0,15", "e": "N", "st": "Suplente"}, {"seq": "74", "n": "15015", "vap": "3", "pvap": "   0,04", "e": "N", "st": "Suplente"}, {"seq": "75", "n": "15666", "vap": "0", "pvap": "00.00", "e": "N", "st": "Suplente"}, {"seq": "2", "n": "15000", "vap": "336", "pvap": "   4,25", "e": "S", "st": "Eleito"}, {"seq": "6", "n": "15555", "vap": "206", "pvap": "   2,61", "e": "S", "st": "Eleito"}, {"seq": "12", "n": "15111", "vap": "194", "pvap": "   2,45", "e": "N", "st": "Suplente"}, {"seq": "18", "n": "15999", "vap": "157", "pvap": "   1,99", "e": "N", "st": "Suplente"}, {"seq": "20", "n": "15120", "vap": "154", "pvap": "   1,95", "e": "N", "st": "Suplente"}, {"seq": "78", "n": "23222", "vap": "73", "pvap": "   0,92", "e": "N", "st": "N\u00e3o eleito"}, {"seq": "79", "n": "23169", "vap": "28", "pvap": "   0,35", "e": "N", "st": "N\u00e3o eleito"}, {"seq": "81", "n": "23123", "vap": "22", "pvap": "   0,28", "e": "N", "st": "N\u00e3o eleito"}, {"seq": "82", "n": "23111", "vap": "9", "pvap": "   0,11", "e": "N", "st": "N\u00e3o eleito"}, {"seq": "84", "n": "23007", "vap": "6", "pvap": "   0,08", "e": "N", "st": "N\u00e3o eleito"}, {"seq": "85", "n": "23456", "vap": "5", "pvap": "   0,06", "e": "N", "st": "N\u00e3o eleito"}, {"seq": "86", "n": "23006", "vap": "4", "pvap": "   0,05", "e": "N", "st": "N\u00e3o eleito"}]}]}