{"ele": "426", "carper": "13", "t": "1", "f": "O", "esae": "N", "mnae": " ", "dg": "15/11/2020", "hg": "22:12:02", "dv": "S", "nadf": "ap06041-c0013-e000426-003-f", "abr": [{"dt": "15/11/2020", "ht": "20:27:21", "tf": "S", "and": "F", "tpabr": "MU", "cdabr": "06041", "s": "22", "st": "22", "snt": "0", "si": "22", "sni": "0", "sa": "22", "sna": "0", "pst": " 100,00", "psnt": "   0,00", "psi": " 100,00", "psni": "   0,00", "psa": " 100,00", "psna": "   0,00", "e": "7365", "ea": "7365", "ena": "0", "esi": "7365", "esni": "0", "c": "6271", "a": "1094", "pea": " 100,00", "pena": "   0,00", "pesi": " 100,00", "pesni": "   0,00", "pa": "  14,85", "pc": "  85,15", "vscv": "0", "vnom": "6001", "vl": "166", "tv": "6271", "vvc": "6167", "vb": "18", "tvn": "86", "vn": "86", "vnt": "0", "vp": "0", "vv": "6167", "van": "0", "vansj": "0", "pvnom": "  97,31", "pvl": "   2,69", "pvvc": "  98,34", "pvb": "   0,29", "ptvn": "   1,37", "pvn": " 100,00", "pvnt": "   0,00", "pvp": "   0,00", "pvv": " 100,00", "pvan": "   0,00", "pvansj": "   0,00", "colig": [{"n": "30000111887", "tvtn": "717", "tvan": "717", "vag": "1", "tvtl": "10", "tval": "10"}, {"n": "30000056435", "tvtn": "900", "tvan": "900", "vag": "2", "tvtl": "23", "tval": "23"}, {"n": "30000068617", "tvtn": "704", "tvan": "704", "vag": "1", "tvtl": "14", "tval": "14"}, {"n": "30000071045", "tvtn": "563", "tvan": "563", "vag": "1", "tvtl": "18", "tval": "18"}, {"n": "30000092962", "tvtn": "198", "tvan": "198", "vag": "0", "tvtl": "3", "tval": "3"}, {"n": "30000070985", "tvtn": "740", "tvan": "740", "vag": "1", "tvtl": "45", "tval": "45"}, {"n": "30000092987", "tvtn": "387", "tvan": "387", "vag": "0", "tvtl": "4", "tval": "4"}, {"n": "30000127961", "tvtn": "436", "tvan": "436", "vag": "1", "tvtl": "27", "tval": "27"}, {"n": "30000058647", "tvtn": "754", "tvan": "754", "vag": "1", "tvtl": "14", "tval": "14"}, {"n": "30000061509", "tvtn": "602", "tvan": "602", "vag": "1", "tvtl": "8", "tval": "8"}], "part": [{"n": "25", "tvtn": "717", "tvan": "717", "tvtl": "10", "tval": "10"}, {"n": "11", "tvtn": "900", "tvan": "900", "tvtl": "23", "tval": "23"}, {"n": "12", "tvtn": "704", "tvan": "704", "tvtl": "14", "tval": "14"}, {"n": "65", "tvtn": "563", "tvan": "563", "tvtl": "18", "tval": "18"}, {"n": "40", "tvtn": "198", "tvan": "198", "tvtl": "3", "tval": "3"}, {"n": "55", "tvtn": "740", "tvan": "740", "tvtl": "45", "tval": "45"}, {"n": "50", "tvtn": "387", "tvan": "387", "tvtl": "4", "tval": "4"}, {"n": "17", "tvtn": "436", "tvan": "436", "tvtl": "27", "tval": "27"}, {"n": "10", "tvtn": "754", "tvan": "754", "tvtl": "14", "tval": "14"}, {"n": "18", "tvtn": "602", "tvan": "602", "tvtl": "8", "tval": "8"}], "cand": [{"seq": "92", "n": "25555", "vap": "0", "pvap": "00.00", "e": "N", "st": "N\u00e3o eleito"}, {"seq": "59", "n": "25115", "vap": "8", "pvap": "   0,13", "e": "N", "st": "Suplente"}, {"seq": "2", "n": "25123", "vap": "276", "pvap": "   4,48", "e": "S", "st": "Eleito"}, {"seq": "66", "n": "25789", "vap": "4", "pvap": "   0,06", "e": "N", "st": "Suplente"}, {"seq": "51", "n": "25369", "vap": "17", "pvap": "   0,28", "e": "N", "st": "Suplente"}, {"seq": "14", "n": "25620", "vap": "161", "pvap": "   2,61", "e": "N", "st": "Suplente"}, {"seq": "68", "n": "25000", "vap": "1", "pvap": "   0,02", "e": "N", "st": "Suplente"}, {"seq": "69", "n": "25888", "vap": "0", "pvap": "00.00", "e": "N", "st": "Suplente"}, {"seq": "11", "n": "25111", "vap": "250", "pvap": "   4,05", "e": "N", "st": "Suplente"}, {"seq": "1", "n": "11333", "vap": "282", "pvap": "   4,57", "e": "S", "st": "Eleito"}, {"seq": "47", "n": "11777", "vap": "24", "pvap": "   0,39", "e": "N", "st": "Suplente"}, {"seq": "28", "n": "11234", "vap": "68", "pvap": "   1,10", "e": "N", "st": "Suplente"}, {"seq": "60", "n": "11112", "vap": "5", "pvap": "   0,08", "e": "N", "st": "Suplente"}, {"seq": "6", "n": "11222", "vap": "181", "pvap": "   2,93", "e": "S", "st": "Eleito"}, {"seq": "50", "n": "11110", "vap": "19", "pvap": "   0,31", "e": "N", "st": "Suplente"}, {"seq": "13", "n": "11123", "vap": "171", "pvap": "   2,77", "e": "N", "st": "Suplente"}, {"seq": "21", "n": "11111", "vap": "97", "pvap": "   1,57", "e": "N", "st": "Suplente"}, {"seq": "34", "n": "11103", "vap": "53", "pvap": "   0,86", "e": "N", "st": "Suplente"}, {"seq": "5", "n": "12222", "vap": "226", "pvap": "   3,66", "e": "S", "st": "Eleito"}, {"seq": "35", "n": "12345", "vap": "50", "pvap": "   0,81", "e": "N", "st": "Suplente"}, {"seq": "16", "n": "12123", "vap": "141", "pvap": "   2,29", "e": "N", "st": "Suplente"}, {"seq": "27", "n": "12500", "vap": "74", "pvap": "   1,20", "e": "N", "st": "Suplente"}, {"seq": "23", "n": "12300", "vap": "85", "pvap": "   1,38", "e": "N", "st": "Suplente"}, {"seq": "17", "n": "12456", "vap": "128", "pvap": "   2,08", "e": "N", "st": "Suplente"}, {"seq": "57", "n": "65555", "vap": "11", "pvap": "   0,18", "e": "N", "st": "Suplente"}, {"seq": "65", "n": "65666", "vap": "4", "pvap": "   0,06", "e": "N", "st": "Suplente"}, {"seq": "49", "n": "65222", "vap": "21", "pvap": "   0,34", "e": "N", "st": "Suplente"}, {"seq": "67", "n": "65777", "vap": "2", "pvap": "   0,03", "e": "N", "st": "Suplente"}, {"seq": "55", "n": "65983", "vap": "13", "pvap": "   0,21", "e": "N", "st": "Suplente"}, {"seq": "43", "n": "65000", "vap": "26", "pvap": "   0,42", "e": "N", "st": "Suplente"}, {"seq": "56", "n": "65333", "vap": "12", "pvap": "   0,19", "e": "N", "st": "Suplente"}, {"seq": "38", "n": "65965", "vap": "31", "pvap": "   0,50", "e": "N", "st": "Suplente"}, {"seq": "8", "n": "65432", "vap": "171", "pvap": "   2,77", "e": "S", "st": "Eleito"}, {"seq": "32", "n": "65444", "vap": "55", "pvap": "   0,89", "e": "N", "st": "Suplente"}, {"seq": "36", "n": "65456", "vap": "47", "pvap": "   0,76", "e": "N", "st": "Suplente"}, {"seq": "29", "n": "65111", "vap": "64", "pvap": "   1,04", "e": "N", "st": "Suplente"}, {"seq": "20", "n": "65123", "vap": "106", "pvap": "   1,72", "e": "N", "st": "Suplente"}, {"seq": "84", "n": "40789", "vap": "15", "pvap": "   0,24", "e": "N", "st": "N\u00e3o eleito"}, {"seq": "76", "n": "40222", "vap": "80", "pvap": "   1,30", "e": "N", "st": "N\u00e3o eleito"}, {"seq": "87", "n": "40499", "vap": "10", "pvap": "   0,16", "e": "N", "st": "N\u00e3o eleito"}, {"seq": "91", "n": "40240", "vap": "2", "pvap": "   0,03", "e": "N", "st": "N\u00e3o eleito"}, {"seq": "94", "n": "40555", "vap": "0", "pvap": "00.00", "e": "N", "st": "N\u00e3o eleito"}, {"seq": "96", "n": "40111", "vap": "0", "pvap": "00.00", "e": "N", "st": "N\u00e3o eleito"}, {"seq": "89", "n": "40444", "vap": "5", "pvap": "   0,08", "e": "N", "st": "N\u00e3o eleito"}, {"seq": "82", "n": "40000", "vap": "16", "pvap": "   0,26", "e": "N", "st": "N\u00e3o eleito"}, {"seq": "88", "n": "40140", "vap": "7", "pvap": "   0,11", "e": "N", "st": "N\u00e3o eleito"}, {"seq": "93", "n": "40369", "vap": "0", "pvap": "00.00", "e": "N", "st": "N\u00e3o eleito"}, {"seq": "80", "n": "40123", "vap": "25", "pvap": "   0,41", "e": "N", "st": "N\u00e3o eleito"}, {"seq": "95", "n": "40456", "vap": "0", "pvap": "00.00", "e": "N", "st": "N\u00e3o eleito"}, {"seq": "78", "n": "40440", "vap": "38", "pvap": "   0,62", "e": "N", "st": "N\u00e3o eleito"}, {"seq": "41", "n": "55000", "vap": "30", "pvap": "   0,49", "e": "N", "st": "Suplente"}, {"seq": "26", "n": "55222", "vap": "77", "pvap": "   1,25", "e": "N", "st": "Suplente"}, {"seq": "22", "n": "55221", "vap": "90", "pvap": "   1,46", "e": "N", "st": "Suplente"}, {"seq": "9", "n": "55123", "vap": "157", "pvap": "   2,55", "e": "S", "st": "Eleito"}, {"seq": "30", "n": "55321", "vap": "58", "pvap": "   0,94", "e": "N", "st": "Suplente"}, {"seq": "42", "n": "55777", "vap": "26", "pvap": "   0,42", "e": "N", "st": "Suplente"}, {"seq": "46", "n": "55345", "vap": "25", "pvap": "   0,41", "e": "N", "st": "Suplente"}, {"seq": "24", "n": "55131", "vap": "84", "pvap": "   1,36", "e": "N", "st": "Suplente"}, {"seq": "19", "n": "55111", "vap": "110", "pvap": "   1,78", "e": "N", "st": "Suplente"}, {"seq": "25", "n": "55555", "vap": "83", "pvap": "   1,35", "e": "N", "st": "Suplente"}, {"seq": "90", "n": "50369", "vap": "2", "pvap": "   0,03", "e": "N", "st": "N\u00e3o eleito"}, {"seq": "75", "n": "50150", "vap": "108", "pvap": "   1,75", "e": "N", "st": "N\u00e3o eleito"}, {"seq": "85", "n": "50465", "vap": "13", "pvap": "   0,21", "e": "N", "st": "N\u00e3o eleito"}, {"seq": "83", "n": "50237", "vap": "16", "pvap": "   0,26", "e": "N", "st": "N\u00e3o eleito"}, {"seq": "74", "n": "50123", "vap": "122", "pvap": "   1,98", "e": "N", "st": "N\u00e3o eleito"}, {"seq": "86", "n": "50151", "vap": "13", "pvap": "   0,21", "e": "N", "st": "N\u00e3o eleito"}, {"seq": "81", "n": "50111", "vap": "24", "pvap": "   0,39", "e": "N", "st": "N\u00e3o eleito"}, {"seq": "77", "n": "50222", "vap": "59", "pvap": "   0,96", "e": "N", "st": "N\u00e3o eleito"}, {"seq": "79", "n": "50000", "vap": "30", "pvap": "   0,49", "e": "N", "st": "N\u00e3o eleito"}, {"seq": "44", "n": "17000", "vap": "26", "pvap": "   0,42", "e": "N", "st": "Suplente"}, {"seq": "40", "n": "17555", "vap": "31", "pvap": "   0,50", "e": "N", "st": "Suplente"}, {"seq": "58", "n": "17111", "vap": "9", "pvap": "   0,15", "e": "N", "st": "Suplente"}, {"seq": "31", "n": "17123", "vap": "57", "pvap": "   0,92", "e": "N", "st": "Suplente"}, {"seq": "48", "n": "17444", "vap": "24", "pvap": "   0,39", "e": "N", "st": "Suplente"}, {"seq": "39", "n": "17333", "vap": "31", "pvap": "   0,50", "e": "N", "st": "Suplente"}, {"seq": "52", "n": "17180", "vap": "16", "pvap": "   0,26", "e": "N", "st": "Suplente"}, {"seq": "61", "n": "17800", "vap": "5", "pvap": "   0,08", "e": "N", "st": "Suplente"}, {"seq": "37", "n": "17147", "vap": "35", "pvap": "   0,57", "e": "N", "st": "Suplente"}, {"seq": "45", "n": "17222", "vap": "26", "pvap": "   0,42", "e": "N", "st": "Suplente"}, {"seq": "7", "n": "17100", "vap": "176", "pvap": "   2,85", "e": "S", "st": "Eleito"}, {"seq": "18", "n": "10678", "vap": "125", "pvap": "   2,03", "e": "N", "st": "Suplente"}, {"seq": "12", "n": "10456", "vap": "219", "pvap": "   3,55", "e": "N", "st": "Suplente"}, {"seq": "72", "n": "10100", "vap": "0", "pvap": "00.00", "e": "N", "st": "Suplente"}, {"seq": "4", "n": "10123", "vap": "254", "pvap": "   4,12", "e": "S", "st": "Eleito"}, {"seq": "73", "n": "10111", "vap": "0", "pvap": "00.00", "e": "N", "st": "Suplente"}, {"seq": "71", "n": "10222", "vap": "0", "pvap": "00.00", "e": "N", "st": "Suplente"}, {"seq": "62", "n": "10131", "vap": "5", "pvap": "   0,08", "e": "N", "st": "Suplente"}, {"seq": "15", "n": "10000", "vap": "151", "pvap": "   2,45", "e": "N", "st": "Suplente"}, {"seq": "70", "n": "10122", "vap": "0", "pvap": "00.00", "e": "N", "st": "Suplente"}, {"seq": "10", "n": "18123", "vap": "255", "pvap": "   4,13", "e": "N", "st": "Suplente"}, {"seq": "3", "n": "18369", "vap": "256", "pvap": "   4,15", "e": "S", "st": "Eleito"}, {"seq": "54", "n": "18121", "vap": "13", "pvap": "   0,21", "e": "N", "st": "Suplente"}, {"seq": "63", "n": "18000", "vap": "5", "pvap": "   0,08", "e": "N", "st": "Suplente"}, {"seq": "53", "n": "18111", "vap": "15", "pvap": "   0,24", "e": "N", "st": "Suplente"}, {"seq": "64", "n": "18456", "vap": "5", "pvap": "   0,08", "e": "N", "st": "Suplente"}, {"seq": "33", "n": "18888", "vap": "53", "pvap": "   0,86", "e": "N", "st": "Suplente"}]}, {"dt": "15/11/2020", "ht": "20:27:21", "tf": "S", "and": "F", "tpabr": "ZONA", "cdabr": "10", "s": "22", "st": "22", "snt": "0", "si": "22", "sni": "0", "sa": "22", "sna": "0", "pst": " 100,00", "psnt": "   0,00", "psi": " 100,00", "psni": "   0,00", "psa": " 100,00", "psna": "   0,00", "e": "7365", "ea": "7365", "ena": "0", "esi": "7365", "esni": "0", "a": "1094", "c": "6271", "pea": " 100,00", "pena": "   0,00", "pesi": " 100,00", "pesni": "   0,00", "pa": "  14,85", "pc": "  85,15", "vnom": "6001", "vscv": "0", "vl": "166", "tv": "6271", "vvc": "6167", "vb": "18", "tvn": "86", "vn": "86", "vnt": "0", "vp": "0", "vv": "6167", "van": "0", "vansj": "0", "pvnom": "  97,31", "pvl": "   2,69", "pvvc": "  98,34", "pvb": "   0,29", "ptvn": "   1,37", "pvn": " 100,00", "pvnt": "   0,00", "pvp": "   0,00", "pvv": " 100,00", "pvan": "   0,00", "pvansj": "   0,00", "cand": [{"seq": "7", "n": "17100", "vap": "176", "pvap": "   2,85", "e": "S", "st": "Eleito"}, {"seq": "31", "n": "17123", "vap": "57", "pvap": "   0,92", "e": "N", "st": "Suplente"}, {"seq": "37", "n": "17147", "vap": "35", "pvap": "   0,57", "e": "N", "st": "Suplente"}, {"seq": "39", "n": "17333", "vap": "31", "pvap": "   0,50", "e": "N", "st": "Suplente"}, {"seq": "40", "n": "17555", "vap": "31", "pvap": "   0,50", "e": "N", "st": "Suplente"}, {"seq": "44", "n": "17000", "vap": "26", "pvap": "   0,42", "e": "N", "st": "Suplente"}, {"seq": "45", "n": "17222", "vap": "26", "pvap": "   0,42", "e": "N", "st": "Suplente"}, {"seq": "48", "n": "17444", "vap": "24", "pvap": "   0,39", "e": "N", "st": "Suplente"}, {"seq": "52", "n": "17180", "vap": "16", "pvap": "   0,26", "e": "N", "st": "Suplente"}, {"seq": "58", "n": "17111", "vap": "9", "pvap": "   0,15", "e": "N", "st": "Suplente"}, {"seq": "61", "n": "17800", "vap": "5", "pvap": "   0,08", "e": "N", "st": "Suplente"}, {"seq": "2", "n": "25123", "vap": "276", "pvap": "   4,48", "e": "S", "st": "Eleito"}, {"seq": "11", "n": "25111", "vap": "250", "pvap": "   4,05", "e": "N", "st": "Suplente"}, {"seq": "14", "n": "25620", "vap": "161", "pvap": "   2,61", "e": "N", "st": "Suplente"}, {"seq": "51", "n": "25369", "vap": "17", "pvap": "   0,28", "e": "N", "st": "Suplente"}, {"seq": "59", "n": "25115", "vap": "8", "pvap": "   0,13", "e": "N", "st": "Suplente"}, {"seq": "66", "n": "25789", "vap": "4", "pvap": "   0,06", "e": "N", "st": "Suplente"}, {"seq": "68", "n": "25000", "vap": "1", "pvap": "   0,02", "e": "N", "st": "Suplente"}, {"seq": "69", "n": "25888", "vap": "0", "pvap": "00.00", "e": "N", "st": "Suplente"}, {"seq": "92", "n": "25555", "vap": "0", "pvap": "00.00", "e": "N", "st": "N\u00e3o eleito"}, {"seq": "9", "n": "55123", "vap": "157", "pvap": "   2,55", "e": "S", "st": "Eleito"}, {"seq": "19", "n": "55111", "vap": "110", "pvap": "   1,78", "e": "N", "st": "Suplente"}, {"seq": "22", "n": "55221", "vap": "90", "pvap": "   1,46", "e": "N", "st": "Suplente"}, {"seq": "24", "n": "55131", "vap": "84", "pvap": "   1,36", "e": "N", "st": "Suplente"}, {"seq": "25", "n": "55555", "vap": "83", "pvap": "   1,35", "e": "N", "st": "Suplente"}, {"seq": "26", "n": "55222", "vap": "77", "pvap": "   1,25", "e": "N", "st": "Suplente"}, {"seq": "30", "n": "55321", "vap": "58", "pvap": "   0,94", "e": "N", "st": "Suplente"}, {"seq": "41", "n": "55000", "vap": "30", "pvap": "   0,49", "e": "N", "st": "Suplente"}, {"seq": "42", "n": "55777", "vap": "26", "pvap": "   0,42", "e": "N", "st": "Suplente"}, {"seq": "46", "n": "55345", "vap": "25", "pvap": "   0,41", "e": "N", "st": "Suplente"}, {"seq": "4", "n": "10123", "vap": "254", "pvap": "   4,12", "e": "S", "st": "Eleito"}, {"seq": "12", "n": "10456", "vap": "219", "pvap": "   3,55", "e": "N", "st": "Suplente"}, {"seq": "15", "n": "10000", "vap": "151", "pvap": "   2,45", "e": "N", "st": "Suplente"}, {"seq": "18", "n": "10678", "vap": "125", "pvap": "   2,03", "e": "N", "st": "Suplente"}, {"seq": "62", "n": "10131", "vap": "5", "pvap": "   0,08", "e": "N", "st": "Suplente"}, {"seq": "70", "n": "10122", "vap": "0", "pvap": "00.00", "e": "N", "st": "Suplente"}, {"seq": "71", "n": "10222", "vap": "0", "pvap": "00.00", "e": "N", "st": "Suplente"}, {"seq": "72", "n": "10100", "vap": "0", "pvap": "00.00", "e": "N", "st": "Suplente"}, {"seq": "73", "n": "10111", "vap": "0", "pvap": "00.00", "e": "N", "st": "Suplente"}, {"seq": "1", "n": "11333", "vap": "282", "pvap": "   4,57", "e": "S", "st": "Eleito"}, {"seq": "6", "n": "11222", "vap": "181", "pvap": "   2,93", "e": "S", "st": "Eleito"}, {"seq": "13", "n": "11123", "vap": "171", "pvap": "   2,77", "e": "N", "st": "Suplente"}, {"seq": "21", "n": "11111", "vap": "97", "pvap": "   1,57", "e": "N", "st": "Suplente"}, {"seq": "28", "n": "11234", "vap": "68", "pvap": "   1,10", "e": "N", "st": "Suplente"}, {"seq": "34", "n": "11103", "vap": "53", "pvap": "   0,86", "e": "N", "st": "Suplente"}, {"seq": "47", "n": "11777", "vap": "24", "pvap": "   0,39", "e": "N", "st": "Suplente"}, {"seq": "50", "n": "11110", "vap": "19", "pvap": "   0,31", "e": "N", "st": "Suplente"}, {"seq": "60", "n": "11112", "vap": "5", "pvap": "   0,08", "e": "N", "st": "Suplente"}, {"seq": "74", "n": "50123", "vap": "122", "pvap": "   1,98", "e": "N", "st": "N\u00e3o eleito"}, {"seq": "75", "n": "50150", "vap": "108", "pvap": "   1,75", "e": "N", "st": "N\u00e3o eleito"}, {"seq": "77", "n": "50222", "vap": "59", "pvap": "   0,96", "e": "N", "st": "N\u00e3o eleito"}, {"seq": "79", "n": "50000", "vap": "30", "pvap": "   0,49", "e": "N", "st": "N\u00e3o eleito"}, {"seq": "81", "n": "50111", "vap": "24", "pvap": "   0,39", "e": "N", "st": "N\u00e3o eleito"}, {"seq": "83", "n": "50237", "vap": "16", "pvap": "   0,26", "e": "N", "st": "N\u00e3o eleito"}, {"seq": "85", "n": "50465", "vap": "13", "pvap": "   0,21", "e": "N", "st": "N\u00e3o eleito"}, {"seq": "86", "n": "50151", "vap": "13", "pvap": "   0,21", "e": "N", "st": "N\u00e3o eleito"}, {"seq": "90", "n": "50369", "vap": "2", "pvap": "   0,03", "e": "N", "st": "N\u00e3o eleito"}, {"seq": "5", "n": "12222", "vap": "226", "pvap": "   3,66", "e": "S", "st": "Eleito"}, {"seq": "16", "n": "12123", "vap": "141", "pvap": "   2,29", "e": "N", "st": "Suplente"}, {"seq": "17", "n": "12456", "vap": "128", "pvap": "   2,08", "e": "N", "st": "Suplente"}, {"seq": "23", "n": "12300", "vap": "85", "pvap": "   1,38", "e": "N", "st": "Suplente"}, {"seq": "27", "n": "12500", "vap": "74", "pvap": "   1,20", "e": "N", "st": "Suplente"}, {"seq": "35", "n": "12345", "vap": "50", "pvap": "   0,81", "e": "N", "st": "Suplente"}, {"seq": "8", "n": "65432", "vap": "171", "pvap": "   2,77", "e": "S", "st": "Eleito"}, {"seq": "20", "n": "65123", "vap": "106", "pvap": "   1,72", "e": "N", "st": "Suplente"}, {"seq": "29", "n": "65111", "vap": "64", "pvap": "   1,04", "e": "N", "st": "Suplente"}, {"seq": "32", "n": "65444", "vap": "55", "pvap": "   0,89", "e": "N", "st": "Suplente"}, {"seq": "36", "n": "65456", "vap": "47", "pvap": "   0,76", "e": "N", "st": "Suplente"}, {"seq": "38", "n": "65965", "vap": "31", "pvap": "   0,50", "e": "N", "st": "Suplente"}, {"seq": "43", "n": "65000", "vap": "26", "pvap": "   0,42", "e": "N", "st": "Suplente"}, {"seq": "49", "n": "65222", "vap": "21", "pvap": "   0,34", "e": "N", "st": "Suplente"}, {"seq": "55", "n": "65983", "vap": "13", "pvap": "   0,21", "e": "N", "st": "Suplente"}, {"seq": "56", "n": "65333", "vap": "12", "pvap": "   0,19", "e": "N", "st": "Suplente"}, {"seq": "57", "n": "65555", "vap": "11", "pvap": "   0,18", "e": "N", "st": "Suplente"}, {"seq": "65", "n": "65666", "vap": "4", "pvap": "   0,06", "e": "N", "st": "Suplente"}, {"seq": "67", "n": "65777", "vap": "2", "pvap": "   0,03", "e": "N", "st": "Suplente"}, {"seq": "3", "n": "18369", "vap": "256", "pvap": "   4,15", "e": "S", "st": "Eleito"}, {"seq": "10", "n": "18123", "vap": "255", "pvap": "   4,13", "e": "N", "st": "Suplente"}, {"seq": "33", "n": "18888", "vap": "53", "pvap": "   0,86", "e": "N", "st": "Suplente"}, {"seq": "53", "n": "18111", "vap": "15", "pvap": "   0,24", "e": "N", "st": "Suplente"}, {"seq": "54", "n": "18121", "vap": "13", "pvap": "   0,21", "e": "N", "st": "Suplente"}, {"seq": "63", "n": "18000", "vap": "5", "pvap": "   0,08", "e": "N", "st": "Suplente"}, {"seq": "64", "n": "18456", "vap": "5", "pvap": "   0,08", "e": "N", "st": "Suplente"}, {"seq": "76", "n": "40222", "vap": "80", "pvap": "   1,30", "e": "N", "st": "N\u00e3o eleito"}, {"seq": "78", "n": "40440", "vap": "38", "pvap": "   0,62", "e": "N", "st": "N\u00e3o eleito"}, {"seq": "80", "n": "40123", "vap": "25", "pvap": "   0,41", "e": "N", "st": "N\u00e3o eleito"}, {"seq": "82", "n": "40000", "vap": "16", "pvap": "   0,26", "e": "N", "st": "N\u00e3o eleito"}, {"seq": "84", "n": "40789", "vap": "15", "pvap": "   0,24", "e": "N", "st": "N\u00e3o eleito"}, {"seq": "87", "n": "40499", "vap": "10", "pvap": "   0,16", "e": "N", "st": "N\u00e3o eleito"}, {"seq": "88", "n": "40140", "vap": "7", "pvap": "   0,11", "e": "N", "st": "N\u00e3o eleito"}, {"seq": "89", "n": "40444", "vap": "5", "pvap": "   0,08", "e": "N", "st": "N\u00e3o eleito"}, {"seq": "91", "n": "40240", "vap": "2", "pvap": "   0,03", "e": "N", "st": "N\u00e3o eleito"}, {"seq": "93", "n": "40369", "vap": "0", "pvap": "00.00", "e": "N", "st": "N\u00e3o eleito"}, {"seq": "94", "n": "40555", "vap": "0", "pvap": "00.00", "e": "N", "st": "N\u00e3o eleito"}, {"seq": "95", "n": "40456", "vap": "0", "pvap": "00.00", "e": "N", "st": "N\u00e3o eleito"}, {"seq": "96", "n": "40111", "vap": "0", "pvap": "00.00", "e": "N", "st": "N\u00e3o eleito"}]}]}