{"ele": "426", "carper": "13", "t": "1", "f": "O", "esae": "N", "mnae": " ", "dg": "15/11/2020", "hg": "22:36:38", "dv": "S", "nadf": "ap06122-c0013-e000426-002-f", "abr": [{"dt": "15/11/2020", "ht": "22:12:22", "tf": "S", "and": "F", "tpabr": "MU", "cdabr": "06122", "s": "34", "st": "34", "snt": "0", "si": "34", "sni": "0", "sa": "34", "sna": "0", "pst": " 100,00", "psnt": "   0,00", "psi": " 100,00", "psni": "   0,00", "psa": " 100,00", "psna": "   0,00", "e": "9916", "ea": "9916", "ena": "0", "esi": "9916", "esni": "0", "c": "7816", "a": "2100", "pea": " 100,00", "pena": "   0,00", "pesi": " 100,00", "pesni": "   0,00", "pa": "  21,18", "pc": "  78,82", "vscv": "0", "vnom": "7329", "vl": "342", "tv": "7816", "vvc": "7671", "vb": "26", "tvn": "119", "vn": "119", "vnt": "0", "vp": "0", "vv": "7671", "van": "0", "vansj": "0", "pvnom": "  95,54", "pvl": "   4,46", "pvvc": "  98,14", "pvb": "   0,34", "ptvn": "   1,52", "pvn": " 100,00", "pvnt": "   0,00", "pvp": "   0,00", "pvv": " 100,00", "pvan": "   0,00", "pvansj": "   0,00", "colig": [{"n": "30000055946", "tvtn": "1034", "tvan": "1034", "vag": "2", "tvtl": "21", "tval": "21"}, {"n": "30000053473", "tvtn": "54", "tvan": "54", "vag": "0", "tvtl": "26", "tval": "26"}, {"n": "30000137496", "tvtn": "598", "tvan": "598", "vag": "1", "tvtl": "13", "tval": "13"}, {"n": "30000147722", "tvtn": "287", "tvan": "287", "vag": "0", "tvtl": "6", "tval": "6"}, {"n": "30000058573", "tvtn": "330", "tvan": "330", "vag": "0", "tvtl": "4", "tval": "4"}, {"n": "30000071416", "tvtn": "192", "tvan": "192", "vag": "0", "tvtl": "1", "tval": "1"}, {"n": "30000124393", "tvtn": "1349", "tvan": "1349", "vag": "2", "tvtl": "80", "tval": "80"}, {"n": "30000137515", "tvtn": "705", "tvan": "705", "vag": "1", "tvtl": "58", "tval": "58"}, {"n": "30000056924", "tvtn": "964", "tvan": "964", "vag": "1", "tvtl": "70", "tval": "70"}, {"n": "30000124411", "tvtn": "312", "tvan": "312", "vag": "0", "tvtl": "31", "tval": "31"}, {"n": "30000137503", "tvtn": "527", "tvan": "527", "vag": "1", "tvtl": "22", "tval": "22"}, {"n": "30000059986", "tvtn": "977", "tvan": "977", "vag": "1", "tvtl": "10", "tval": "10"}], "part": [{"n": "15", "tvtn": "1034", "tvan": "1034", "tvtl": "21", "tval": "21"}, {"n": "11", "tvtn": "54", "tvan": "54", "tvtl": "26", "tval": "26"}, {"n": "55", "tvtn": "598", "tvan": "598", "tvtl": "13", "tval": "13"}, {"n": "17", "tvtn": "287", "tvan": "287", "tvtl": "6", "tval": "6"}, {"n": "45", "tvtn": "330", "tvan": "330", "tvtl": "4", "tval": "4"}, {"n": "43", "tvtn": "192", "tvan": "192", "tvtl": "1", "tval": "1"}, {"n": "25", "tvtn": "1349", "tvan": "1349", "tvtl": "80", "tval": "80"}, {"n": "10", "tvtn": "705", "tvan": "705", "tvtl": "58", "tval": "58"}, {"n": "90", "tvtn": "964", "tvan": "964", "tvtl": "70", "tval": "70"}, {"n": "12", "tvtn": "312", "tvan": "312", "tvtl": "31", "tval": "31"}, {"n": "22", "tvtn": "527", "tvan": "527", "tvtl": "22", "tval": "22"}, {"n": "18", "tvtn": "977", "tvan": "977", "tvtl": "10", "tval": "10"}], "cand": [{"seq": "81", "n": "15120", "vap": "0", "pvap": "00.00", "e": "N", "st": "Suplente"}, {"seq": "54", "n": "15225", "vap": "25", "pvap": "   0,33", "e": "N", "st": "Suplente"}, {"seq": "48", "n": "15150", "vap": "34", "pvap": "   0,44", "e": "N", "st": "Suplente"}, {"seq": "20", "n": "15678", "vap": "136", "pvap": "   1,77", "e": "N", "st": "Suplente"}, {"seq": "59", "n": "15777", "vap": "19", "pvap": "   0,25", "e": "N", "st": "Suplente"}, {"seq": "22", "n": "15789", "vap": "130", "pvap": "   1,69", "e": "N", "st": "Suplente"}, {"seq": "69", "n": "15000", "vap": "11", "pvap": "   0,14", "e": "N", "st": "Suplente"}, {"seq": "5", "n": "15456", "vap": "201", "pvap": "   2,62", "e": "S", "st": "Eleito"}, {"seq": "25", "n": "15555", "vap": "113", "pvap": "   1,47", "e": "N", "st": "Suplente"}, {"seq": "62", "n": "15615", "vap": "16", "pvap": "   0,21", "e": "N", "st": "Suplente"}, {"seq": "60", "n": "15333", "vap": "19", "pvap": "   0,25", "e": "N", "st": "Suplente"}, {"seq": "8", "n": "15115", "vap": "177", "pvap": "   2,31", "e": "S", "st": "Eleito"}, {"seq": "16", "n": "15123", "vap": "153", "pvap": "   1,99", "e": "N", "st": "Suplente"}, {"seq": "127", "n": "11223", "vap": "0", "pvap": "00.00", "e": "N", "st": "N\u00e3o eleito"}, {"seq": "106", "n": "11123", "vap": "10", "pvap": "   0,13", "e": "N", "st": "N\u00e3o eleito"}, {"seq": "112", "n": "11222", "vap": "6", "pvap": "   0,08", "e": "N", "st": "N\u00e3o eleito"}, {"seq": "107", "n": "11373", "vap": "10", "pvap": "   0,13", "e": "N", "st": "N\u00e3o eleito"}, {"seq": "125", "n": "11111", "vap": "1", "pvap": "   0,01", "e": "N", "st": "N\u00e3o eleito"}, {"seq": "129", "n": "11888", "vap": "0", "pvap": "00.00", "e": "N", "st": "N\u00e3o eleito"}, {"seq": "124", "n": "11746", "vap": "1", "pvap": "   0,01", "e": "N", "st": "N\u00e3o eleito"}, {"seq": "94", "n": "11000", "vap": "26", "pvap": "   0,34", "e": "N", "st": "N\u00e3o eleito"}, {"seq": "53", "n": "55139", "vap": "26", "pvap": "   0,34", "e": "N", "st": "Suplente"}, {"seq": "7", "n": "55123", "vap": "182", "pvap": "   2,37", "e": "S", "st": "Eleito"}, {"seq": "31", "n": "55369", "vap": "83", "pvap": "   1,08", "e": "N", "st": "Suplente"}, {"seq": "28", "n": "55555", "vap": "90", "pvap": "   1,17", "e": "N", "st": "Suplente"}, {"seq": "44", "n": "55678", "vap": "43", "pvap": "   0,56", "e": "N", "st": "Suplente"}, {"seq": "73", "n": "55789", "vap": "9", "pvap": "   0,12", "e": "N", "st": "Suplente"}, {"seq": "51", "n": "55610", "vap": "31", "pvap": "   0,40", "e": "N", "st": "Suplente"}, {"seq": "21", "n": "55456", "vap": "134", "pvap": "   1,75", "e": "N", "st": "Suplente"}, {"seq": "104", "n": "17234", "vap": "12", "pvap": "   0,16", "e": "N", "st": "N\u00e3o eleito"}, {"seq": "128", "n": "17000", "vap": "0", "pvap": "00.00", "e": "N", "st": "N\u00e3o eleito"}, {"seq": "86", "n": "17456", "vap": "75", "pvap": "   0,98", "e": "N", "st": "N\u00e3o eleito"}, {"seq": "83", "n": "17222", "vap": "95", "pvap": "   1,24", "e": "N", "st": "N\u00e3o eleito"}, {"seq": "102", "n": "17212", "vap": "19", "pvap": "   0,25", "e": "N", "st": "N\u00e3o eleito"}, {"seq": "118", "n": "17999", "vap": "5", "pvap": "   0,07", "e": "N", "st": "N\u00e3o eleito"}, {"seq": "108", "n": "17333", "vap": "9", "pvap": "   0,12", "e": "N", "st": "N\u00e3o eleito"}, {"seq": "91", "n": "17224", "vap": "31", "pvap": "   0,40", "e": "N", "st": "N\u00e3o eleito"}, {"seq": "117", "n": "17567", "vap": "5", "pvap": "   0,07", "e": "N", "st": "N\u00e3o eleito"}, {"seq": "119", "n": "17369", "vap": "5", "pvap": "   0,07", "e": "N", "st": "N\u00e3o eleito"}, {"seq": "111", "n": "17789", "vap": "6", "pvap": "   0,08", "e": "N", "st": "N\u00e3o eleito"}, {"seq": "96", "n": "17700", "vap": "25", "pvap": "   0,33", "e": "N", "st": "N\u00e3o eleito"}, {"seq": "126", "n": "17345", "vap": "0", "pvap": "00.00", "e": "N", "st": "N\u00e3o eleito"}, {"seq": "95", "n": "45321", "vap": "25", "pvap": "   0,33", "e": "N", "st": "N\u00e3o eleito"}, {"seq": "93", "n": "45444", "vap": "27", "pvap": "   0,35", "e": "N", "st": "N\u00e3o eleito"}, {"seq": "88", "n": "45001", "vap": "55", "pvap": "   0,72", "e": "N", "st": "N\u00e3o eleito"}, {"seq": "87", "n": "45111", "vap": "55", "pvap": "   0,72", "e": "N", "st": "N\u00e3o eleito"}, {"seq": "84", "n": "45000", "vap": "86", "pvap": "   1,12", "e": "N", "st": "N\u00e3o eleito"}, {"seq": "101", "n": "45789", "vap": "21", "pvap": "   0,27", "e": "N", "st": "N\u00e3o eleito"}, {"seq": "99", "n": "45045", "vap": "23", "pvap": "   0,30", "e": "N", "st": "N\u00e3o eleito"}, {"seq": "98", "n": "45678", "vap": "23", "pvap": "   0,30", "e": "N", "st": "N\u00e3o eleito"}, {"seq": "103", "n": "45234", "vap": "15", "pvap": "   0,20", "e": "N", "st": "N\u00e3o eleito"}, {"seq": "85", "n": "43007", "vap": "80", "pvap": "   1,04", "e": "N", "st": "N\u00e3o eleito"}, {"seq": "120", "n": "43789", "vap": "4", "pvap": "   0,05", "e": "N", "st": "N\u00e3o eleito"}, {"seq": "123", "n": "43456", "vap": "3", "pvap": "   0,04", "e": "N", "st": "N\u00e3o eleito"}, {"seq": "110", "n": "43169", "vap": "7", "pvap": "   0,09", "e": "N", "st": "N\u00e3o eleito"}, {"seq": "115", "n": "43000", "vap": "5", "pvap": "   0,07", "e": "N", "st": "N\u00e3o eleito"}, {"seq": "90", "n": "43222", "vap": "41", "pvap": "   0,53", "e": "N", "st": "N\u00e3o eleito"}, {"seq": "97", "n": "43234", "vap": "24", "pvap": "   0,31", "e": "N", "st": "N\u00e3o eleito"}, {"seq": "113", "n": "43210", "vap": "6", "pvap": "   0,08", "e": "N", "st": "N\u00e3o eleito"}, {"seq": "105", "n": "43369", "vap": "12", "pvap": "   0,16", "e": "N", "st": "N\u00e3o eleito"}, {"seq": "114", "n": "43777", "vap": "6", "pvap": "   0,08", "e": "N", "st": "N\u00e3o eleito"}, {"seq": "121", "n": "43567", "vap": "4", "pvap": "   0,05", "e": "N", "st": "N\u00e3o eleito"}, {"seq": "70", "n": "25222", "vap": "11", "pvap": "   0,14", "e": "N", "st": "Suplente"}, {"seq": "17", "n": "25580", "vap": "151", "pvap": "   1,97", "e": "N", "st": "Suplente"}, {"seq": "27", "n": "25555", "vap": "105", "pvap": "   1,37", "e": "N", "st": "Suplente"}, {"seq": "13", "n": "25000", "vap": "164", "pvap": "   2,14", "e": "N", "st": "Suplente"}, {"seq": "34", "n": "25678", "vap": "64", "pvap": "   0,83", "e": "N", "st": "Suplente"}, {"seq": "1", "n": "25369", "vap": "309", "pvap": "   4,03", "e": "S", "st": "Eleito"}, {"seq": "14", "n": "25234", "vap": "162", "pvap": "   2,11", "e": "N", "st": "Suplente"}, {"seq": "4", "n": "25789", "vap": "206", "pvap": "   2,69", "e": "S", "st": "Eleito"}, {"seq": "79", "n": "25135", "vap": "1", "pvap": "   0,01", "e": "N", "st": "Suplente"}, {"seq": "15", "n": "25123", "vap": "159", "pvap": "   2,07", "e": "N", "st": "Suplente"}, {"seq": "74", "n": "25777", "vap": "8", "pvap": "   0,10", "e": "N", "st": "Suplente"}, {"seq": "72", "n": "25888", "vap": "9", "pvap": "   0,12", "e": "N", "st": "Suplente"}, {"seq": "58", "n": "10111", "vap": "19", "pvap": "   0,25", "e": "N", "st": "Suplente"}, {"seq": "39", "n": "10100", "vap": "52", "pvap": "   0,68", "e": "N", "st": "Suplente"}, {"seq": "52", "n": "10789", "vap": "30", "pvap": "   0,39", "e": "N", "st": "Suplente"}, {"seq": "26", "n": "10234", "vap": "106", "pvap": "   1,38", "e": "N", "st": "Suplente"}, {"seq": "37", "n": "10110", "vap": "54", "pvap": "   0,70", "e": "N", "st": "Suplente"}, {"seq": "71", "n": "10121", "vap": "10", "pvap": "   0,13", "e": "N", "st": "Suplente"}, {"seq": "49", "n": "10321", "vap": "33", "pvap": "   0,43", "e": "N", "st": "Suplente"}, {"seq": "57", "n": "10369", "vap": "20", "pvap": "   0,26", "e": "N", "st": "Suplente"}, {"seq": "50", "n": "10222", "vap": "32", "pvap": "   0,42", "e": "N", "st": "Suplente"}, {"seq": "65", "n": "10001", "vap": "12", "pvap": "   0,16", "e": "N", "st": "Suplente"}, {"seq": "19", "n": "10123", "vap": "144", "pvap": "   1,88", "e": "N", "st": "Suplente"}, {"seq": "6", "n": "10000", "vap": "193", "pvap": "   2,52", "e": "S", "st": "Eleito"}, {"seq": "11", "n": "90999", "vap": "198", "pvap": "   2,58", "e": "N", "st": "Suplente"}, {"seq": "18", "n": "90333", "vap": "149", "pvap": "   1,94", "e": "N", "st": "Suplente"}, {"seq": "24", "n": "90000", "vap": "116", "pvap": "   1,51", "e": "N", "st": "Suplente"}, {"seq": "55", "n": "90222", "vap": "24", "pvap": "   0,31", "e": "N", "st": "Suplente"}, {"seq": "3", "n": "90123", "vap": "218", "pvap": "   2,84", "e": "S", "st": "Eleito"}, {"seq": "68", "n": "90125", "vap": "11", "pvap": "   0,14", "e": "N", "st": "Suplente"}, {"seq": "64", "n": "90314", "vap": "14", "pvap": "   0,18", "e": "N", "st": "Suplente"}, {"seq": "67", "n": "90133", "vap": "12", "pvap": "   0,16", "e": "N", "st": "Suplente"}, {"seq": "66", "n": "90900", "vap": "12", "pvap": "   0,16", "e": "N", "st": "Suplente"}, {"seq": "30", "n": "90789", "vap": "85", "pvap": "   1,11", "e": "N", "st": "Suplente"}, {"seq": "45", "n": "90456", "vap": "40", "pvap": "   0,52", "e": "N", "st": "Suplente"}, {"seq": "56", "n": "90100", "vap": "23", "pvap": "   0,30", "e": "N", "st": "Suplente"}, {"seq": "35", "n": "90111", "vap": "62", "pvap": "   0,81", "e": "N", "st": "Suplente"}, {"seq": "109", "n": "12121", "vap": "7", "pvap": "   0,09", "e": "N", "st": "N\u00e3o eleito"}, {"seq": "82", "n": "12000", "vap": "197", "pvap": "   2,57", "e": "N", "st": "N\u00e3o eleito"}, {"seq": "100", "n": "12125", "vap": "22", "pvap": "   0,29", "e": "N", "st": "N\u00e3o eleito"}, {"seq": "116", "n": "12369", "vap": "5", "pvap": "   0,07", "e": "N", "st": "N\u00e3o eleito"}, {"seq": "89", "n": "12345", "vap": "51", "pvap": "   0,66", "e": "N", "st": "N\u00e3o eleito"}, {"seq": "92", "n": "12123", "vap": "27", "pvap": "   0,35", "e": "N", "st": "N\u00e3o eleito"}, {"seq": "122", "n": "12122", "vap": "3", "pvap": "   0,04", "e": "N", "st": "N\u00e3o eleito"}, {"seq": "43", "n": "22369", "vap": "44", "pvap": "   0,57", "e": "N", "st": "Suplente"}, {"seq": "38", "n": "22222", "vap": "53", "pvap": "   0,69", "e": "N", "st": "Suplente"}, {"seq": "80", "n": "22171", "vap": "0", "pvap": "00.00", "e": "N", "st": "Suplente"}, {"seq": "63", "n": "22777", "vap": "14", "pvap": "   0,18", "e": "N", "st": "Suplente"}, {"seq": "29", "n": "22678", "vap": "88", "pvap": "   1,15", "e": "N", "st": "Suplente"}, {"seq": "76", "n": "22345", "vap": "8", "pvap": "   0,10", "e": "N", "st": "Suplente"}, {"seq": "33", "n": "22123", "vap": "75", "pvap": "   0,98", "e": "N", "st": "Suplente"}, {"seq": "46", "n": "22444", "vap": "35", "pvap": "   0,46", "e": "N", "st": "Suplente"}, {"seq": "9", "n": "22456", "vap": "92", "pvap": "   1,20", "e": "S", "st": "Eleito"}, {"seq": "77", "n": "22333", "vap": "8", "pvap": "   0,10", "e": "N", "st": "Suplente"}, {"seq": "32", "n": "22789", "vap": "79", "pvap": "   1,03", "e": "N", "st": "Suplente"}, {"seq": "61", "n": "22555", "vap": "18", "pvap": "   0,23", "e": "N", "st": "Suplente"}, {"seq": "75", "n": "22567", "vap": "8", "pvap": "   0,10", "e": "N", "st": "Suplente"}, {"seq": "78", "n": "22122", "vap": "5", "pvap": "   0,07", "e": "N", "st": "Suplente"}, {"seq": "2", "n": "18456", "vap": "250", "pvap": "   3,26", "e": "S", "st": "Eleito"}, {"seq": "12", "n": "18900", "vap": "175", "pvap": "   2,28", "e": "N", "st": "Suplente"}, {"seq": "47", "n": "18777", "vap": "34", "pvap": "   0,44", "e": "N", "st": "Suplente"}, {"seq": "40", "n": "18000", "vap": "49", "pvap": "   0,64", "e": "N", "st": "Suplente"}, {"seq": "10", "n": "18123", "vap": "198", "pvap": "   2,58", "e": "N", "st": "Suplente"}, {"seq": "23", "n": "18183", "vap": "120", "pvap": "   1,56", "e": "N", "st": "Suplente"}, {"seq": "36", "n": "18122", "vap": "57", "pvap": "   0,74", "e": "N", "st": "Suplente"}, {"seq": "42", "n": "18234", "vap": "46", "pvap": "   0,60", "e": "N", "st": "Suplente"}, {"seq": "41", "n": "18888", "vap": "48", "pvap": "   0,63", "e": "N", "st": "Suplente"}]}, {"dt": "15/11/2020", "ht": "22:12:22", "tf": "S", "and": "F", "tpabr": "ZONA", "cdabr": "7", "s": "34", "st": "34", "snt": "0", "si": "34", "sni": "0", "sa": "34", "sna": "0", "pst": " 100,00", "psnt": "   0,00", "psi": " 100,00", "psni": "   0,00", "psa": " 100,00", "psna": "   0,00", "e": "9916", "ea": "9916", "ena": "0", "esi": "9916", "esni": "0", "a": "2100", "c": "7816", "pea": " 100,00", "pena": "   0,00", "pesi": " 100,00", "pesni": "   0,00", "pa": "  21,18", "pc": "  78,82", "vnom": "7329", "vscv": "0", "vl": "342", "tv": "7816", "vvc": "7671", "vb": "26", "tvn": "119", "vn": "119", "vnt": "0", "vp": "0", "vv": "7671", "van": "0", "vansj": "0", "pvnom": "  95,54", "pvl": "   4,46", "pvvc": "  98,14", "pvb": "   0,34", "ptvn": "   1,52", "pvn": " 100,00", "pvnt": "   0,00", "pvp": "   0,00", "pvv": " 100,00", "pvan": "   0,00", "pvansj": "   0,00", "cand": [{"seq": "7", "n": "55123", "vap": "182", "pvap": "   2,37", "e": "S", "st": "Eleito"}, {"seq": "21", "n": "55456", "vap": "134", "pvap": "   1,75", "e": "N", "st": "Suplente"}, {"seq": "28", "n": "55555", "vap": "90", "pvap": "   1,17", "e": "N", "st": "Suplente"}, {"seq": "31", "n": "55369", "vap": "83", "pvap": "   1,08", "e": "N", "st": "Suplente"}, {"seq": "44", "n": "55678", "vap": "43", "pvap": "   0,56", "e": "N", "st": "Suplente"}, {"seq": "51", "n": "55610", "vap": "31", "pvap": "   0,40", "e": "N", "st": "Suplente"}, {"seq": "53", "n": "55139", "vap": "26", "pvap": "   0,34", "e": "N", "st": "Suplente"}, {"seq": "73", "n": "55789", "vap": "9", "pvap": "   0,12", "e": "N", "st": "Suplente"}, {"seq": "5", "n": "15456", "vap": "201", "pvap": "   2,62", "e": "S", "st": "Eleito"}, {"seq": "8", "n": "15115", "vap": "177", "pvap": "   2,31", "e": "S", "st": "Eleito"}, {"seq": "16", "n": "15123", "vap": "153", "pvap": "   1,99", "e": "N", "st": "Suplente"}, {"seq": "20", "n": "15678", "vap": "136", "pvap": "   1,77", "e": "N", "st": "Suplente"}, {"seq": "22", "n": "15789", "vap": "130", "pvap": "   1,69", "e": "N", "st": "Suplente"}, {"seq": "25", "n": "15555", "vap": "113", "pvap": "   1,47", "e": "N", "st": "Suplente"}, {"seq": "48", "n": "15150", "vap": "34", "pvap": "   0,44", "e": "N", "st": "Suplente"}, {"seq": "54", "n": "15225", "vap": "25", "pvap": "   0,33", "e": "N", "st": "Suplente"}, {"seq": "59", "n": "15777", "vap": "19", "pvap": "   0,25", "e": "N", "st": "Suplente"}, {"seq": "60", "n": "15333", "vap": "19", "pvap": "   0,25", "e": "N", "st": "Suplente"}, {"seq": "62", "n": "15615", "vap": "16", "pvap": "   0,21", "e": "N", "st": "Suplente"}, {"seq": "69", "n": "15000", "vap": "11", "pvap": "   0,14", "e": "N", "st": "Suplente"}, {"seq": "81", "n": "15120", "vap": "0", "pvap": "00.00", "e": "N", "st": "Suplente"}, {"seq": "1", "n": "25369", "vap": "309", "pvap": "   4,03", "e": "S", "st": "Eleito"}, {"seq": "4", "n": "25789", "vap": "206", "pvap": "   2,69", "e": "S", "st": "Eleito"}, {"seq": "13", "n": "25000", "vap": "164", "pvap": "   2,14", "e": "N", "st": "Suplente"}, {"seq": "14", "n": "25234", "vap": "162", "pvap": "   2,11", "e": "N", "st": "Suplente"}, {"seq": "15", "n": "25123", "vap": "159", "pvap": "   2,07", "e": "N", "st": "Suplente"}, {"seq": "17", "n": "25580", "vap": "151", "pvap": "   1,97", "e": "N", "st": "Suplente"}, {"seq": "27", "n": "25555", "vap": "105", "pvap": "   1,37", "e": "N", "st": "Suplente"}, {"seq": "34", "n": "25678", "vap": "64", "pvap": "   0,83", "e": "N", "st": "Suplente"}, {"seq": "70", "n": "25222", "vap": "11", "pvap": "   0,14", "e": "N", "st": "Suplente"}, {"seq": "72", "n": "25888", "vap": "9", "pvap": "   0,12", "e": "N", "st": "Suplente"}, {"seq": "74", "n": "25777", "vap": "8", "pvap": "   0,10", "e": "N", "st": "Suplente"}, {"seq": "79", "n": "25135", "vap": "1", "pvap": "   0,01", "e": "N", "st": "Suplente"}, {"seq": "6", "n": "10000", "vap": "193", "pvap": "   2,52", "e": "S", "st": "Eleito"}, {"seq": "19", "n": "10123", "vap": "144", "pvap": "   1,88", "e": "N", "st": "Suplente"}, {"seq": "26", "n": "10234", "vap": "106", "pvap": "   1,38", "e": "N", "st": "Suplente"}, {"seq": "37", "n": "10110", "vap": "54", "pvap": "   0,70", "e": "N", "st": "Suplente"}, {"seq": "39", "n": "10100", "vap": "52", "pvap": "   0,68", "e": "N", "st": "Suplente"}, {"seq": "49", "n": "10321", "vap": "33", "pvap": "   0,43", "e": "N", "st": "Suplente"}, {"seq": "50", "n": "10222", "vap": "32", "pvap": "   0,42", "e": "N", "st": "Suplente"}, {"seq": "52", "n": "10789", "vap": "30", "pvap": "   0,39", "e": "N", "st": "Suplente"}, {"seq": "57", "n": "10369", "vap": "20", "pvap": "   0,26", "e": "N", "st": "Suplente"}, {"seq": "58", "n": "10111", "vap": "19", "pvap": "   0,25", "e": "N", "st": "Suplente"}, {"seq": "65", "n": "10001", "vap": "12", "pvap": "   0,16", "e": "N", "st": "Suplente"}, {"seq": "71", "n": "10121", "vap": "10", "pvap": "   0,13", "e": "N", "st": "Suplente"}, {"seq": "94", "n": "11000", "vap": "26", "pvap": "   0,34", "e": "N", "st": "N\u00e3o eleito"}, {"seq": "106", "n": "11123", "vap": "10", "pvap": "   0,13", "e": "N", "st": "N\u00e3o eleito"}, {"seq": "107", "n": "11373", "vap": "10", "pvap": "   0,13", "e": "N", "st": "N\u00e3o eleito"}, {"seq": "112", "n": "11222", "vap": "6", "pvap": "   0,08", "e": "N", "st": "N\u00e3o eleito"}, {"seq": "124", "n": "11746", "vap": "1", "pvap": "   0,01", "e": "N", "st": "N\u00e3o eleito"}, {"seq": "125", "n": "11111", "vap": "1", "pvap": "   0,01", "e": "N", "st": "N\u00e3o eleito"}, {"seq": "127", "n": "11223", "vap": "0", "pvap": "00.00", "e": "N", "st": "N\u00e3o eleito"}, {"seq": "129", "n": "11888", "vap": "0", "pvap": "00.00", "e": "N", "st": "N\u00e3o eleito"}, {"seq": "82", "n": "12000", "vap": "197", "pvap": "   2,57", "e": "N", "st": "N\u00e3o eleito"}, {"seq": "89", "n": "12345", "vap": "51", "pvap": "   0,66", "e": "N", "st": "N\u00e3o eleito"}, {"seq": "92", "n": "12123", "vap": "27", "pvap": "   0,35", "e": "N", "st": "N\u00e3o eleito"}, {"seq": "100", "n": "12125", "vap": "22", "pvap": "   0,29", "e": "N", "st": "N\u00e3o eleito"}, {"seq": "109", "n": "12121", "vap": "7", "pvap": "   0,09", "e": "N", "st": "N\u00e3o eleito"}, {"seq": "116", "n": "12369", "vap": "5", "pvap": "   0,07", "e": "N", "st": "N\u00e3o eleito"}, {"seq": "122", "n": "12122", "vap": "3", "pvap": "   0,04", "e": "N", "st": "N\u00e3o eleito"}, {"seq": "3", "n": "90123", "vap": "218", "pvap": "   2,84", "e": "S", "st": "Eleito"}, {"seq": "11", "n": "90999", "vap": "198", "pvap": "   2,58", "e": "N", "st": "Suplente"}, {"seq": "18", "n": "90333", "vap": "149", "pvap": "   1,94", "e": "N", "st": "Suplente"}, {"seq": "24", "n": "90000", "vap": "116", "pvap": "   1,51", "e": "N", "st": "Suplente"}, {"seq": "30", "n": "90789", "vap": "85", "pvap": "   1,11", "e": "N", "st": "Suplente"}, {"seq": "35", "n": "90111", "vap": "62", "pvap": "   0,81", "e": "N", "st": "Suplente"}, {"seq": "45", "n": "90456", "vap": "40", "pvap": "   0,52", "e": "N", "st": "Suplente"}, {"seq": "55", "n": "90222", "vap": "24", "pvap": "   0,31", "e": "N", "st": "Suplente"}, {"seq": "56", "n": "90100", "vap": "23", "pvap": "   0,30", "e": "N", "st": "Suplente"}, {"seq": "64", "n": "90314", "vap": "14", "pvap": "   0,18", "e": "N", "st": "Suplente"}, {"seq": "66", "n": "90900", "vap": "12", "pvap": "   0,16", "e": "N", "st": "Suplente"}, {"seq": "67", "n": "90133", "vap": "12", "pvap": "   0,16", "e": "N", "st": "Suplente"}, {"seq": "68", "n": "90125", "vap": "11", "pvap": "   0,14", "e": "N", "st": "Suplente"}, {"seq": "83", "n": "17222", "vap": "95", "pvap": "   1,24", "e": "N", "st": "N\u00e3o eleito"}, {"seq": "86", "n": "17456", "vap": "75", "pvap": "   0,98", "e": "N", "st": "N\u00e3o eleito"}, {"seq": "91", "n": "17224", "vap": "31", "pvap": "   0,40", "e": "N", "st": "N\u00e3o eleito"}, {"seq": "96", "n": "17700", "vap": "25", "pvap": "   0,33", "e": "N", "st": "N\u00e3o eleito"}, {"seq": "102", "n": "17212", "vap": "19", "pvap": "   0,25", "e": "N", "st": "N\u00e3o eleito"}, {"seq": "104", "n": "17234", "vap": "12", "pvap": "   0,16", "e": "N", "st": "N\u00e3o eleito"}, {"seq": "108", "n": "17333", "vap": "9", "pvap": "   0,12", "e": "N", "st": "N\u00e3o eleito"}, {"seq": "111", "n": "17789", "vap": "6", "pvap": "   0,08", "e": "N", "st": "N\u00e3o eleito"}, {"seq": "117", "n": "17567", "vap": "5", "pvap": "   0,07", "e": "N", "st": "N\u00e3o eleito"}, {"seq": "118", "n": "17999", "vap": "5", "pvap": "   0,07", "e": "N", "st": "N\u00e3o eleito"}, {"seq": "119", "n": "17369", "vap": "5", "pvap": "   0,07", "e": "N", "st": "N\u00e3o eleito"}, {"seq": "126", "n": "17345", "vap": "0", "pvap": "00.00", "e": "N", "st": "N\u00e3o eleito"}, {"seq": "128", "n": "17000", "vap": "0", "pvap": "00.00", "e": "N", "st": "N\u00e3o eleito"}, {"seq": "85", "n": "43007", "vap": "80", "pvap": "   1,04", "e": "N", "st": "N\u00e3o eleito"}, {"seq": "90", "n": "43222", "vap": "41", "pvap": "   0,53", "e": "N", "st": "N\u00e3o eleito"}, {"seq": "97", "n": "43234", "vap": "24", "pvap": "   0,31", "e": "N", "st": "N\u00e3o eleito"}, {"seq": "105", "n": "43369", "vap": "12", "pvap": "   0,16", "e": "N", "st": "N\u00e3o eleito"}, {"seq": "110", "n": "43169", "vap": "7", "pvap": "   0,09", "e": "N", "st": "N\u00e3o eleito"}, {"seq": "113", "n": "43210", "vap": "6", "pvap": "   0,08", "e": "N", "st": "N\u00e3o eleito"}, {"seq": "114", "n": "43777", "vap": "6", "pvap": "   0,08", "e": "N", "st": "N\u00e3o eleito"}, {"seq": "115", "n": "43000", "vap": "5", "pvap": "   0,07", "e": "N", "st": "N\u00e3o eleito"}, {"seq": "120", "n": "43789", "vap": "4", "pvap": "   0,05", "e": "N", "st": "N\u00e3o eleito"}, {"seq": "121", "n": "43567", "vap": "4", "pvap": "   0,05", "e": "N", "st": "N\u00e3o eleito"}, {"seq": "123", "n": "43456", "vap": "3", "pvap": "   0,04", "e": "N", "st": "N\u00e3o eleito"}, {"seq": "9", "n": "22456", "vap": "92", "pvap": "   1,20", "e": "S", "st": "Eleito"}, {"seq": "29", "n": "22678", "vap": "88", "pvap": "   1,15", "e": "N", "st": "Suplente"}, {"seq": "32", "n": "22789", "vap": "79", "pvap": "   1,03", "e": "N", "st": "Suplente"}, {"seq": "33", "n": "22123", "vap": "75", "pvap": "   0,98", "e": "N", "st": "Suplente"}, {"seq": "38", "n": "22222", "vap": "53", "pvap": "   0,69", "e": "N", "st": "Suplente"}, {"seq": "43", "n": "22369", "vap": "44", "pvap": "   0,57", "e": "N", "st": "Suplente"}, {"seq": "46", "n": "22444", "vap": "35", "pvap": "   0,46", "e": "N", "st": "Suplente"}, {"seq": "61", "n": "22555", "vap": "18", "pvap": "   0,23", "e": "N", "st": "Suplente"}, {"seq": "63", "n": "22777", "vap": "14", "pvap": "   0,18", "e": "N", "st": "Suplente"}, {"seq": "75", "n": "22567", "vap": "8", "pvap": "   0,10", "e": "N", "st": "Suplente"}, {"seq": "76", "n": "22345", "vap": "8", "pvap": "   0,10", "e": "N", "st": "Suplente"}, {"seq": "77", "n": "22333", "vap": "8", "pvap": "   0,10", "e": "N", "st": "Suplente"}, {"seq": "78", "n": "22122", "vap": "5", "pvap": "   0,07", "e": "N", "st": "Suplente"}, {"seq": "80", "n": "22171", "vap": "0", "pvap": "00.00", "e": "N", "st": "Suplente"}, {"seq": "2", "n": "18456", "vap": "250", "pvap": "   3,26", "e": "S", "st": "Eleito"}, {"seq": "10", "n": "18123", "vap": "198", "pvap": "   2,58", "e": "N", "st": "Suplente"}, {"seq": "12", "n": "18900", "vap": "175", "pvap": "   2,28", "e": "N", "st": "Suplente"}, {"seq": "23", "n": "18183", "vap": "120", "pvap": "   1,56", "e": "N", "st": "Suplente"}, {"seq": "36", "n": "18122", "vap": "57", "pvap": "   0,74", "e": "N", "st": "Suplente"}, {"seq": "40", "n": "18000", "vap": "49", "pvap": "   0,64", "e": "N", "st": "Suplente"}, {"seq": "41", "n": "18888", "vap": "48", "pvap": "   0,63", "e": "N", "st": "Suplente"}, {"seq": "42", "n": "18234", "vap": "46", "pvap": "   0,60", "e": "N", "st": "Suplente"}, {"seq": "47", "n": "18777", "vap": "34", "pvap": "   0,44", "e": "N", "st": "Suplente"}, {"seq": "84", "n": "45000", "vap": "86", "pvap": "   1,12", "e": "N", "st": "N\u00e3o eleito"}, {"seq": "87", "n": "45111", "vap": "55", "pvap": "   0,72", "e": "N", "st": "N\u00e3o eleito"}, {"seq": "88", "n": "45001", "vap": "55", "pvap": "   0,72", "e": "N", "st": "N\u00e3o eleito"}, {"seq": "93", "n": "45444", "vap": "27", "pvap": "   0,35", "e": "N", "st": "N\u00e3o eleito"}, {"seq": "95", "n": "45321", "vap": "25", "pvap": "   0,33", "e": "N", "st": "N\u00e3o eleito"}, {"seq": "98", "n": "45678", "vap": "23", "pvap": "   0,30", "e": "N", "st": "N\u00e3o eleito"}, {"seq": "99", "n": "45045", "vap": "23", "pvap": "   0,30", "e": "N", "st": "N\u00e3o eleito"}, {"seq": "101", "n": "45789", "vap": "21", "pvap": "   0,27", "e": "N", "st": "N\u00e3o eleito"}, {"seq": "103", "n": "45234", "vap": "15", "pvap": "   0,20", "e": "N", "st": "N\u00e3o eleito"}]}]}