{"ele": "426", "carper": "13", "t": "1", "f": "O", "esae": "N", "mnae": " ", "dg": "15/11/2020", "hg": "23:02:29", "dv": "S", "nadf": "ba35912-c0013-e000426-002-f", "abr": [{"dt": "15/11/2020", "ht": "22:53:37", "tf": "S", "and": "F", "tpabr": "MU", "cdabr": "35912", "s": "66", "st": "66", "snt": "0", "si": "66", "sni": "0", "sa": "66", "sna": "0", "pst": " 100,00", "psnt": "   0,00", "psi": " 100,00", "psni": "   0,00", "psa": " 100,00", "psna": "   0,00", "e": "24601", "ea": "24601", "ena": "0", "esi": "24601", "esni": "0", "c": "19481", "a": "5120", "pea": " 100,00", "pena": "   0,00", "pesi": " 100,00", "pesni": "   0,00", "pa": "  20,81", "pc": "  79,19", "vscv": "0", "vnom": "17305", "vl": "1339", "tv": "19481", "vvc": "18644", "vb": "247", "tvn": "590", "vn": "590", "vnt": "0", "vp": "0", "vv": "18644", "van": "0", "vansj": "0", "pvnom": "  92,82", "pvl": "   7,18", "pvvc": "  95,70", "pvb": "   1,27", "ptvn": "   3,03", "pvn": " 100,00", "pvnt": "   0,00", "pvp": "   0,00", "pvv": " 100,00", "pvan": "   0,00", "pvansj": "   0,00", "colig": [{"n": "50000138324", "tvtn": "506", "tvan": "506", "vag": "0", "tvtl": "29", "tval": "29"}, {"n": "50000148905", "tvtn": "2804", "tvan": "2804", "vag": "2", "tvtl": "413", "tval": "413"}, {"n": "50000149279", "tvtn": "1905", "tvan": "1905", "vag": "1", "tvtl": "44", "tval": "44"}, {"n": "50000144914", "tvtn": "2511", "tvan": "2511", "vag": "2", "tvtl": "83", "tval": "83"}, {"n": "50000149439", "tvtn": "2477", "tvan": "2477", "vag": "2", "tvtl": "43", "tval": "43"}, {"n": "50000137462", "tvtn": "65", "tvan": "65", "vag": "0", "tvtl": "38", "tval": "38"}, {"n": "50000141109", "tvtn": "670", "tvan": "670", "vag": "0", "tvtl": "36", "tval": "36"}, {"n": "50000148200", "tvtn": "1347", "tvan": "1347", "vag": "1", "tvtl": "37", "tval": "37"}, {"n": "50000148289", "tvtn": "1765", "tvan": "1765", "vag": "1", "tvtl": "49", "tval": "49"}, {"n": "50000137557", "tvtn": "46", "tvan": "46", "vag": "0", "tvtl": "6", "tval": "6"}, {"n": "50000149637", "tvtn": "914", "tvan": "914", "vag": "0", "tvtl": "39", "tval": "39"}, {"n": "50000149114", "tvtn": "2295", "tvan": "2295", "vag": "2", "tvtl": "522", "tval": "522"}], "part": [{"n": "23", "tvtn": "506", "tvan": "506", "tvtl": "29", "tval": "29"}, {"n": "25", "tvtn": "2804", "tvan": "2804", "tvtl": "413", "tval": "413"}, {"n": "15", "tvtn": "1905", "tvan": "1905", "tvtl": "44", "tval": "44"}, {"n": "11", "tvtn": "2511", "tvan": "2511", "tvtl": "83", "tval": "83"}, {"n": "90", "tvtn": "2477", "tvan": "2477", "tvtl": "43", "tval": "43"}, {"n": "12", "tvtn": "65", "tvan": "65", "tvtl": "38", "tval": "38"}, {"n": "22", "tvtn": "670", "tvan": "670", "tvtl": "36", "tval": "36"}, {"n": "40", "tvtn": "1347", "tvan": "1347", "tvtl": "37", "tval": "37"}, {"n": "55", "tvtn": "1765", "tvan": "1765", "tvtl": "49", "tval": "49"}, {"n": "20", "tvtn": "46", "tvan": "46", "tvtl": "6", "tval": "6"}, {"n": "10", "tvtn": "914", "tvan": "914", "tvtl": "39", "tval": "39"}, {"n": "13", "tvtn": "2295", "tvan": "2295", "tvtl": "522", "tval": "522"}], "cand": [{"seq": "113", "n": "23456", "vap": "22", "pvap": "   0,12", "e": "N", "st": "N\u00e3o eleito"}, {"seq": "124", "n": "23999", "vap": "1", "pvap": "   0,01", "e": "N", "st": "N\u00e3o eleito"}, {"seq": "106", "n": "23123", "vap": "58", "pvap": "   0,31", "e": "N", "st": "N\u00e3o eleito"}, {"seq": "110", "n": "23000", "vap": "30", "pvap": "   0,16", "e": "N", "st": "N\u00e3o eleito"}, {"seq": "107", "n": "23444", "vap": "57", "pvap": "   0,31", "e": "N", "st": "N\u00e3o eleito"}, {"seq": "101", "n": "23333", "vap": "338", "pvap": "   1,81", "e": "N", "st": "N\u00e3o eleito"}, {"seq": "37", "n": "25444", "vap": "138", "pvap": "   0,74", "e": "N", "st": "Suplente"}, {"seq": "49", "n": "25678", "vap": "89", "pvap": "   0,48", "e": "N", "st": "Suplente"}, {"seq": "27", "n": "25333", "vap": "233", "pvap": "   1,25", "e": "N", "st": "Suplente"}, {"seq": "91", "n": "25111", "vap": "4", "pvap": "   0,02", "e": "N", "st": "Suplente"}, {"seq": "40", "n": "25125", "vap": "125", "pvap": "   0,67", "e": "N", "st": "Suplente"}, {"seq": "30", "n": "25123", "vap": "182", "pvap": "   0,98", "e": "N", "st": "Suplente"}, {"seq": "20", "n": "25345", "vap": "297", "pvap": "   1,59", "e": "N", "st": "Suplente"}, {"seq": "78", "n": "25789", "vap": "23", "pvap": "   0,12", "e": "N", "st": "Suplente"}, {"seq": "2", "n": "25000", "vap": "594", "pvap": "   3,19", "e": "S", "st": "Eleito"}, {"seq": "45", "n": "25225", "vap": "100", "pvap": "   0,54", "e": "N", "st": "Suplente"}, {"seq": "6", "n": "25133", "vap": "494", "pvap": "   2,65", "e": "S", "st": "Eleito"}, {"seq": "90", "n": "25222", "vap": "7", "pvap": "   0,04", "e": "N", "st": "Suplente"}, {"seq": "87", "n": "25525", "vap": "9", "pvap": "   0,05", "e": "N", "st": "Suplente"}, {"seq": "50", "n": "25234", "vap": "89", "pvap": "   0,48", "e": "N", "st": "Suplente"}, {"seq": "94", "n": "25117", "vap": "2", "pvap": "   0,01", "e": "N", "st": "Suplente"}, {"seq": "13", "n": "25555", "vap": "418", "pvap": "   2,24", "e": "N", "st": "Suplente"}, {"seq": "23", "n": "15111", "vap": "276", "pvap": "   1,48", "e": "N", "st": "Suplente"}, {"seq": "88", "n": "15456", "vap": "9", "pvap": "   0,05", "e": "N", "st": "Suplente"}, {"seq": "46", "n": "15222", "vap": "98", "pvap": "   0,53", "e": "N", "st": "Suplente"}, {"seq": "44", "n": "15122", "vap": "101", "pvap": "   0,54", "e": "N", "st": "Suplente"}, {"seq": "61", "n": "15000", "vap": "60", "pvap": "   0,32", "e": "N", "st": "Suplente"}, {"seq": "17", "n": "15123", "vap": "319", "pvap": "   1,71", "e": "N", "st": "Suplente"}, {"seq": "57", "n": "15612", "vap": "64", "pvap": "   0,34", "e": "N", "st": "Suplente"}, {"seq": "32", "n": "15133", "vap": "170", "pvap": "   0,91", "e": "N", "st": "Suplente"}, {"seq": "64", "n": "15888", "vap": "45", "pvap": "   0,24", "e": "N", "st": "Suplente"}, {"seq": "72", "n": "15444", "vap": "30", "pvap": "   0,16", "e": "N", "st": "Suplente"}, {"seq": "7", "n": "15333", "vap": "446", "pvap": "   2,39", "e": "S", "st": "Eleito"}, {"seq": "22", "n": "15777", "vap": "277", "pvap": "   1,49", "e": "N", "st": "Suplente"}, {"seq": "86", "n": "15321", "vap": "10", "pvap": "   0,05", "e": "N", "st": "Suplente"}, {"seq": "65", "n": "11234", "vap": "41", "pvap": "   0,22", "e": "N", "st": "Suplente"}, {"seq": "38", "n": "11013", "vap": "136", "pvap": "   0,73", "e": "N", "st": "Suplente"}, {"seq": "48", "n": "11324", "vap": "94", "pvap": "   0,50", "e": "N", "st": "Suplente"}, {"seq": "24", "n": "11000", "vap": "252", "pvap": "   1,35", "e": "N", "st": "Suplente"}, {"seq": "41", "n": "11123", "vap": "114", "pvap": "   0,61", "e": "N", "st": "Suplente"}, {"seq": "1", "n": "11111", "vap": "635", "pvap": "   3,41", "e": "S", "st": "Eleito"}, {"seq": "31", "n": "11100", "vap": "170", "pvap": "   0,91", "e": "N", "st": "Suplente"}, {"seq": "67", "n": "11311", "vap": "38", "pvap": "   0,20", "e": "N", "st": "Suplente"}, {"seq": "43", "n": "11087", "vap": "102", "pvap": "   0,55", "e": "N", "st": "Suplente"}, {"seq": "42", "n": "11555", "vap": "113", "pvap": "   0,61", "e": "N", "st": "Suplente"}, {"seq": "18", "n": "11113", "vap": "317", "pvap": "   1,70", "e": "N", "st": "Suplente"}, {"seq": "9", "n": "11333", "vap": "436", "pvap": "   2,34", "e": "S", "st": "Eleito"}, {"seq": "58", "n": "11222", "vap": "63", "pvap": "   0,34", "e": "N", "st": "Suplente"}, {"seq": "21", "n": "90999", "vap": "293", "pvap": "   1,57", "e": "N", "st": "Suplente"}, {"seq": "74", "n": "90120", "vap": "28", "pvap": "   0,15", "e": "N", "st": "Suplente"}, {"seq": "36", "n": "90123", "vap": "139", "pvap": "   0,75", "e": "N", "st": "Suplente"}, {"seq": "77", "n": "90700", "vap": "24", "pvap": "   0,13", "e": "N", "st": "Suplente"}, {"seq": "4", "n": "90333", "vap": "537", "pvap": "   2,88", "e": "S", "st": "Eleito"}, {"seq": "85", "n": "90024", "vap": "11", "pvap": "   0,06", "e": "N", "st": "Suplente"}, {"seq": "12", "n": "90000", "vap": "471", "pvap": "   2,53", "e": "N", "st": "Suplente"}, {"seq": "93", "n": "90005", "vap": "3", "pvap": "   0,02", "e": "N", "st": "Suplente"}, {"seq": "19", "n": "90456", "vap": "308", "pvap": "   1,65", "e": "N", "st": "Suplente"}, {"seq": "76", "n": "90090", "vap": "26", "pvap": "   0,14", "e": "N", "st": "Suplente"}, {"seq": "69", "n": "90013", "vap": "34", "pvap": "   0,18", "e": "N", "st": "Suplente"}, {"seq": "3", "n": "90666", "vap": "551", "pvap": "   2,96", "e": "S", "st": "Eleito"}, {"seq": "62", "n": "90444", "vap": "52", "pvap": "   0,28", "e": "N", "st": "Suplente"}, {"seq": "122", "n": "12225", "vap": "2", "pvap": "   0,01", "e": "N", "st": "N\u00e3o eleito"}, {"seq": "119", "n": "12222", "vap": "5", "pvap": "   0,03", "e": "N", "st": "N\u00e3o eleito"}, {"seq": "105", "n": "12345", "vap": "58", "pvap": "   0,31", "e": "N", "st": "N\u00e3o eleito"}, {"seq": "108", "n": "22000", "vap": "54", "pvap": "   0,29", "e": "N", "st": "N\u00e3o eleito"}, {"seq": "100", "n": "22222", "vap": "407", "pvap": "   2,18", "e": "N", "st": "N\u00e3o eleito"}, {"seq": "103", "n": "22333", "vap": "209", "pvap": "   1,12", "e": "N", "st": "N\u00e3o eleito"}, {"seq": "80", "n": "40235", "vap": "19", "pvap": "   0,10", "e": "N", "st": "Suplente"}, {"seq": "83", "n": "40333", "vap": "13", "pvap": "   0,07", "e": "N", "st": "Suplente"}, {"seq": "35", "n": "40013", "vap": "143", "pvap": "   0,77", "e": "N", "st": "Suplente"}, {"seq": "5", "n": "40000", "vap": "499", "pvap": "   2,68", "e": "S", "st": "Eleito"}, {"seq": "56", "n": "40123", "vap": "66", "pvap": "   0,35", "e": "N", "st": "Suplente"}, {"seq": "75", "n": "40456", "vap": "27", "pvap": "   0,14", "e": "N", "st": "Suplente"}, {"seq": "66", "n": "40111", "vap": "41", "pvap": "   0,22", "e": "N", "st": "Suplente"}, {"seq": "63", "n": "40222", "vap": "49", "pvap": "   0,26", "e": "N", "st": "Suplente"}, {"seq": "79", "n": "40324", "vap": "21", "pvap": "   0,11", "e": "N", "st": "Suplente"}, {"seq": "52", "n": "40444", "vap": "82", "pvap": "   0,44", "e": "N", "st": "Suplente"}, {"seq": "68", "n": "40030", "vap": "37", "pvap": "   0,20", "e": "N", "st": "Suplente"}, {"seq": "16", "n": "40100", "vap": "331", "pvap": "   1,78", "e": "N", "st": "Suplente"}, {"seq": "81", "n": "40024", "vap": "19", "pvap": "   0,10", "e": "N", "st": "Suplente"}, {"seq": "33", "n": "55555", "vap": "158", "pvap": "   0,85", "e": "N", "st": "Suplente"}, {"seq": "95", "n": "55444", "vap": "0", "pvap": "00.00", "e": "N", "st": "Suplente"}, {"seq": "11", "n": "55000", "vap": "402", "pvap": "   2,16", "e": "S", "st": "Eleito"}, {"seq": "92", "n": "55500", "vap": "4", "pvap": "   0,02", "e": "N", "st": "Suplente"}, {"seq": "96", "n": "55120", "vap": "0", "pvap": "00.00", "e": "N", "st": "Suplente"}, {"seq": "53", "n": "55111", "vap": "82", "pvap": "   0,44", "e": "N", "st": "Suplente"}, {"seq": "47", "n": "55333", "vap": "96", "pvap": "   0,51", "e": "N", "st": "Suplente"}, {"seq": "59", "n": "55222", "vap": "62", "pvap": "   0,33", "e": "N", "st": "Suplente"}, {"seq": "98", "n": "55321", "vap": "0", "pvap": "00.00", "e": "N", "st": "Suplente"}, {"seq": "34", "n": "55678", "vap": "147", "pvap": "   0,79", "e": "N", "st": "Suplente"}, {"seq": "73", "n": "55456", "vap": "29", "pvap": "   0,16", "e": "N", "st": "Suplente"}, {"seq": "71", "n": "55888", "vap": "32", "pvap": "   0,17", "e": "N", "st": "Suplente"}, {"seq": "97", "n": "55005", "vap": "0", "pvap": "00.00", "e": "N", "st": "Suplente"}, {"seq": "15", "n": "55777", "vap": "375", "pvap": "   2,01", "e": "N", "st": "Suplente"}, {"seq": "39", "n": "55123", "vap": "130", "pvap": "   0,70", "e": "N", "st": "Suplente"}, {"seq": "25", "n": "55999", "vap": "248", "pvap": "   1,33", "e": "N", "st": "Suplente"}, {"seq": "123", "n": "20555", "vap": "1", "pvap": "   0,01", "e": "N", "st": "N\u00e3o eleito"}, {"seq": "120", "n": "20020", "vap": "2", "pvap": "   0,01", "e": "N", "st": "N\u00e3o eleito"}, {"seq": "114", "n": "20123", "vap": "18", "pvap": "   0,10", "e": "N", "st": "N\u00e3o eleito"}, {"seq": "115", "n": "20000", "vap": "17", "pvap": "   0,09", "e": "N", "st": "N\u00e3o eleito"}, {"seq": "117", "n": "20444", "vap": "8", "pvap": "   0,04", "e": "N", "st": "N\u00e3o eleito"}, {"seq": "111", "n": "10987", "vap": "29", "pvap": "   0,16", "e": "N", "st": "N\u00e3o eleito"}, {"seq": "112", "n": "10222", "vap": "28", "pvap": "   0,15", "e": "N", "st": "N\u00e3o eleito"}, {"seq": "121", "n": "10777", "vap": "2", "pvap": "   0,01", "e": "N", "st": "N\u00e3o eleito"}, {"seq": "99", "n": "10000", "vap": "452", "pvap": "   2,42", "e": "N", "st": "N\u00e3o eleito"}, {"seq": "118", "n": "10112", "vap": "6", "pvap": "   0,03", "e": "N", "st": "N\u00e3o eleito"}, {"seq": "116", "n": "10303", "vap": "15", "pvap": "   0,08", "e": "N", "st": "N\u00e3o eleito"}, {"seq": "104", "n": "10456", "vap": "113", "pvap": "   0,61", "e": "N", "st": "N\u00e3o eleito"}, {"seq": "102", "n": "10111", "vap": "225", "pvap": "   1,21", "e": "N", "st": "N\u00e3o eleito"}, {"seq": "109", "n": "10001", "vap": "44", "pvap": "   0,24", "e": "N", "st": "N\u00e3o eleito"}, {"seq": "26", "n": "13456", "vap": "241", "pvap": "   1,29", "e": "N", "st": "Suplente"}, {"seq": "89", "n": "13313", "vap": "8", "pvap": "   0,04", "e": "N", "st": "Suplente"}, {"seq": "29", "n": "13000", "vap": "201", "pvap": "   1,08", "e": "N", "st": "Suplente"}, {"seq": "10", "n": "13013", "vap": "429", "pvap": "   2,30", "e": "S", "st": "Eleito"}, {"seq": "82", "n": "13222", "vap": "16", "pvap": "   0,09", "e": "N", "st": "Suplente"}, {"seq": "28", "n": "13333", "vap": "208", "pvap": "   1,12", "e": "N", "st": "Suplente"}, {"seq": "14", "n": "13113", "vap": "415", "pvap": "   2,23", "e": "N", "st": "Suplente"}, {"seq": "55", "n": "13213", "vap": "67", "pvap": "   0,36", "e": "N", "st": "Suplente"}, {"seq": "54", "n": "13010", "vap": "74", "pvap": "   0,40", "e": "N", "st": "Suplente"}, {"seq": "84", "n": "13444", "vap": "11", "pvap": "   0,06", "e": "N", "st": "Suplente"}, {"seq": "8", "n": "13111", "vap": "444", "pvap": "   2,38", "e": "S", "st": "Eleito"}, {"seq": "60", "n": "13133", "vap": "60", "pvap": "   0,32", "e": "N", "st": "Suplente"}, {"seq": "70", "n": "13134", "vap": "33", "pvap": "   0,18", "e": "N", "st": "Suplente"}, {"seq": "51", "n": "13123", "vap": "88", "pvap": "   0,47", "e": "N", "st": "Suplente"}]}, {"dt": "15/11/2020", "ht": "22:53:37", "tf": "S", "and": "F", "tpabr": "ZONA", "cdabr": "74", "s": "66", "st": "66", "snt": "0", "si": "66", "sni": "0", "sa": "66", "sna": "0", "pst": " 100,00", "psnt": "   0,00", "psi": " 100,00", "psni": "   0,00", "psa": " 100,00", "psna": "   0,00", "e": "24601", "ea": "24601", "ena": "0", "esi": "24601", "esni": "0", "a": "5120", "c": "19481", "pea": " 100,00", "pena": "   0,00", "pesi": " 100,00", "pesni": "   0,00", "pa": "  20,81", "pc": "  79,19", "vnom": "17305", "vscv": "0", "vl": "1339", "tv": "19481", "vvc": "18644", "vb": "247", "tvn": "590", "vn": "590", "vnt": "0", "vp": "0", "vv": "18644", "van": "0", "vansj": "0", "pvnom": "  92,82", "pvl": "   7,18", "pvvc": "  95,70", "pvb": "   1,27", "ptvn": "   3,03", "pvn": " 100,00", "pvnt": "   0,00", "pvp": "   0,00", "pvv": " 100,00", "pvan": "   0,00", "pvansj": "   0,00", "cand": [{"seq": "114", "n": "20123", "vap": "18", "pvap": "   0,10", "e": "N", "st": "N\u00e3o eleito"}, {"seq": "115", "n": "20000", "vap": "17", "pvap": "   0,09", "e": "N", "st": "N\u00e3o eleito"}, {"seq": "117", "n": "20444", "vap": "8", "pvap": "   0,04", "e": "N", "st": "N\u00e3o eleito"}, {"seq": "120", "n": "20020", "vap": "2", "pvap": "   0,01", "e": "N", "st": "N\u00e3o eleito"}, {"seq": "123", "n": "20555", "vap": "1", "pvap": "   0,01", "e": "N", "st": "N\u00e3o eleito"}, {"seq": "105", "n": "12345", "vap": "58", "pvap": "   0,31", "e": "N", "st": "N\u00e3o eleito"}, {"seq": "119", "n": "12222", "vap": "5", "pvap": "   0,03", "e": "N", "st": "N\u00e3o eleito"}, {"seq": "122", "n": "12225", "vap": "2", "pvap": "   0,01", "e": "N", "st": "N\u00e3o eleito"}, {"seq": "7", "n": "15333", "vap": "446", "pvap": "   2,39", "e": "S", "st": "Eleito"}, {"seq": "17", "n": "15123", "vap": "319", "pvap": "   1,71", "e": "N", "st": "Suplente"}, {"seq": "22", "n": "15777", "vap": "277", "pvap": "   1,49", "e": "N", "st": "Suplente"}, {"seq": "23", "n": "15111", "vap": "276", "pvap": "   1,48", "e": "N", "st": "Suplente"}, {"seq": "32", "n": "15133", "vap": "170", "pvap": "   0,91", "e": "N", "st": "Suplente"}, {"seq": "44", "n": "15122", "vap": "101", "pvap": "   0,54", "e": "N", "st": "Suplente"}, {"seq": "46", "n": "15222", "vap": "98", "pvap": "   0,53", "e": "N", "st": "Suplente"}, {"seq": "57", "n": "15612", "vap": "64", "pvap": "   0,34", "e": "N", "st": "Suplente"}, {"seq": "61", "n": "15000", "vap": "60", "pvap": "   0,32", "e": "N", "st": "Suplente"}, {"seq": "64", "n": "15888", "vap": "45", "pvap": "   0,24", "e": "N", "st": "Suplente"}, {"seq": "72", "n": "15444", "vap": "30", "pvap": "   0,16", "e": "N", "st": "Suplente"}, {"seq": "86", "n": "15321", "vap": "10", "pvap": "   0,05", "e": "N", "st": "Suplente"}, {"seq": "88", "n": "15456", "vap": "9", "pvap": "   0,05", "e": "N", "st": "Suplente"}, {"seq": "100", "n": "22222", "vap": "407", "pvap": "   2,18", "e": "N", "st": "N\u00e3o eleito"}, {"seq": "103", "n": "22333", "vap": "209", "pvap": "   1,12", "e": "N", "st": "N\u00e3o eleito"}, {"seq": "108", "n": "22000", "vap": "54", "pvap": "   0,29", "e": "N", "st": "N\u00e3o eleito"}, {"seq": "11", "n": "55000", "vap": "402", "pvap": "   2,16", "e": "S", "st": "Eleito"}, {"seq": "15", "n": "55777", "vap": "375", "pvap": "   2,01", "e": "N", "st": "Suplente"}, {"seq": "25", "n": "55999", "vap": "248", "pvap": "   1,33", "e": "N", "st": "Suplente"}, {"seq": "33", "n": "55555", "vap": "158", "pvap": "   0,85", "e": "N", "st": "Suplente"}, {"seq": "34", "n": "55678", "vap": "147", "pvap": "   0,79", "e": "N", "st": "Suplente"}, {"seq": "39", "n": "55123", "vap": "130", "pvap": "   0,70", "e": "N", "st": "Suplente"}, {"seq": "47", "n": "55333", "vap": "96", "pvap": "   0,51", "e": "N", "st": "Suplente"}, {"seq": "53", "n": "55111", "vap": "82", "pvap": "   0,44", "e": "N", "st": "Suplente"}, {"seq": "59", "n": "55222", "vap": "62", "pvap": "   0,33", "e": "N", "st": "Suplente"}, {"seq": "71", "n": "55888", "vap": "32", "pvap": "   0,17", "e": "N", "st": "Suplente"}, {"seq": "73", "n": "55456", "vap": "29", "pvap": "   0,16", "e": "N", "st": "Suplente"}, {"seq": "92", "n": "55500", "vap": "4", "pvap": "   0,02", "e": "N", "st": "Suplente"}, {"seq": "95", "n": "55444", "vap": "0", "pvap": "00.00", "e": "N", "st": "Suplente"}, {"seq": "96", "n": "55120", "vap": "0", "pvap": "00.00", "e": "N", "st": "Suplente"}, {"seq": "97", "n": "55005", "vap": "0", "pvap": "00.00", "e": "N", "st": "Suplente"}, {"seq": "98", "n": "55321", "vap": "0", "pvap": "00.00", "e": "N", "st": "Suplente"}, {"seq": "99", "n": "10000", "vap": "452", "pvap": "   2,42", "e": "N", "st": "N\u00e3o eleito"}, {"seq": "102", "n": "10111", "vap": "225", "pvap": "   1,21", "e": "N", "st": "N\u00e3o eleito"}, {"seq": "104", "n": "10456", "vap": "113", "pvap": "   0,61", "e": "N", "st": "N\u00e3o eleito"}, {"seq": "109", "n": "10001", "vap": "44", "pvap": "   0,24", "e": "N", "st": "N\u00e3o eleito"}, {"seq": "111", "n": "10987", "vap": "29", "pvap": "   0,16", "e": "N", "st": "N\u00e3o eleito"}, {"seq": "112", "n": "10222", "vap": "28", "pvap": "   0,15", "e": "N", "st": "N\u00e3o eleito"}, {"seq": "116", "n": "10303", "vap": "15", "pvap": "   0,08", "e": "N", "st": "N\u00e3o eleito"}, {"seq": "118", "n": "10112", "vap": "6", "pvap": "   0,03", "e": "N", "st": "N\u00e3o eleito"}, {"seq": "121", "n": "10777", "vap": "2", "pvap": "   0,01", "e": "N", "st": "N\u00e3o eleito"}, {"seq": "8", "n": "13111", "vap": "444", "pvap": "   2,38", "e": "S", "st": "Eleito"}, {"seq": "10", "n": "13013", "vap": "429", "pvap": "   2,30", "e": "S", "st": "Eleito"}, {"seq": "14", "n": "13113", "vap": "415", "pvap": "   2,23", "e": "N", "st": "Suplente"}, {"seq": "26", "n": "13456", "vap": "241", "pvap": "   1,29", "e": "N", "st": "Suplente"}, {"seq": "28", "n": "13333", "vap": "208", "pvap": "   1,12", "e": "N", "st": "Suplente"}, {"seq": "29", "n": "13000", "vap": "201", "pvap": "   1,08", "e": "N", "st": "Suplente"}, {"seq": "51", "n": "13123", "vap": "88", "pvap": "   0,47", "e": "N", "st": "Suplente"}, {"seq": "54", "n": "13010", "vap": "74", "pvap": "   0,40", "e": "N", "st": "Suplente"}, {"seq": "55", "n": "13213", "vap": "67", "pvap": "   0,36", "e": "N", "st": "Suplente"}, {"seq": "60", "n": "13133", "vap": "60", "pvap": "   0,32", "e": "N", "st": "Suplente"}, {"seq": "70", "n": "13134", "vap": "33", "pvap": "   0,18", "e": "N", "st": "Suplente"}, {"seq": "82", "n": "13222", "vap": "16", "pvap": "   0,09", "e": "N", "st": "Suplente"}, {"seq": "84", "n": "13444", "vap": "11", "pvap": "   0,06", "e": "N", "st": "Suplente"}, {"seq": "89", "n": "13313", "vap": "8", "pvap": "   0,04", "e": "N", "st": "Suplente"}, {"seq": "101", "n": "23333", "vap": "338", "pvap": "   1,81", "e": "N", "st": "N\u00e3o eleito"}, {"seq": "106", "n": "23123", "vap": "58", "pvap": "   0,31", "e": "N", "st": "N\u00e3o eleito"}, {"seq": "107", "n": "23444", "vap": "57", "pvap": "   0,31", "e": "N", "st": "N\u00e3o eleito"}, {"seq": "110", "n": "23000", "vap": "30", "pvap": "   0,16", "e": "N", "st": "N\u00e3o eleito"}, {"seq": "113", "n": "23456", "vap": "22", "pvap": "   0,12", "e": "N", "st": "N\u00e3o eleito"}, {"seq": "124", "n": "23999", "vap": "1", "pvap": "   0,01", "e": "N", "st": "N\u00e3o eleito"}, {"seq": "2", "n": "25000", "vap": "594", "pvap": "   3,19", "e": "S", "st": "Eleito"}, {"seq": "6", "n": "25133", "vap": "494", "pvap": "   2,65", "e": "S", "st": "Eleito"}, {"seq": "13", "n": "25555", "vap": "418", "pvap": "   2,24", "e": "N", "st": "Suplente"}, {"seq": "20", "n": "25345", "vap": "297", "pvap": "   1,59", "e": "N", "st": "Suplente"}, {"seq": "27", "n": "25333", "vap": "233", "pvap": "   1,25", "e": "N", "st": "Suplente"}, {"seq": "30", "n": "25123", "vap": "182", "pvap": "   0,98", "e": "N", "st": "Suplente"}, {"seq": "37", "n": "25444", "vap": "138", "pvap": "   0,74", "e": "N", "st": "Suplente"}, {"seq": "40", "n": "25125", "vap": "125", "pvap": "   0,67", "e": "N", "st": "Suplente"}, {"seq": "45", "n": "25225", "vap": "100", "pvap": "   0,54", "e": "N", "st": "Suplente"}, {"seq": "49", "n": "25678", "vap": "89", "pvap": "   0,48", "e": "N", "st": "Suplente"}, {"seq": "50", "n": "25234", "vap": "89", "pvap": "   0,48", "e": "N", "st": "Suplente"}, {"seq": "78", "n": "25789", "vap": "23", "pvap": "   0,12", "e": "N", "st": "Suplente"}, {"seq": "87", "n": "25525", "vap": "9", "pvap": "   0,05", "e": "N", "st": "Suplente"}, {"seq": "90", "n": "25222", "vap": "7", "pvap": "   0,04", "e": "N", "st": "Suplente"}, {"seq": "91", "n": "25111", "vap": "4", "pvap": "   0,02", "e": "N", "st": "Suplente"}, {"seq": "94", "n": "25117", "vap": "2", "pvap": "   0,01", "e": "N", "st": "Suplente"}, {"seq": "3", "n": "90666", "vap": "551", "pvap": "   2,96", "e": "S", "st": "Eleito"}, {"seq": "4", "n": "90333", "vap": "537", "pvap": "   2,88", "e": "S", "st": "Eleito"}, {"seq": "12", "n": "90000", "vap": "471", "pvap": "   2,53", "e": "N", "st": "Suplente"}, {"seq": "19", "n": "90456", "vap": "308", "pvap": "   1,65", "e": "N", "st": "Suplente"}, {"seq": "21", "n": "90999", "vap": "293", "pvap": "   1,57", "e": "N", "st": "Suplente"}, {"seq": "36", "n": "90123", "vap": "139", "pvap": "   0,75", "e": "N", "st": "Suplente"}, {"seq": "62", "n": "90444", "vap": "52", "pvap": "   0,28", "e": "N", "st": "Suplente"}, {"seq": "69", "n": "90013", "vap": "34", "pvap": "   0,18", "e": "N", "st": "Suplente"}, {"seq": "74", "n": "90120", "vap": "28", "pvap": "   0,15", "e": "N", "st": "Suplente"}, {"seq": "76", "n": "90090", "vap": "26", "pvap": "   0,14", "e": "N", "st": "Suplente"}, {"seq": "77", "n": "90700", "vap": "24", "pvap": "   0,13", "e": "N", "st": "Suplente"}, {"seq": "85", "n": "90024", "vap": "11", "pvap": "   0,06", "e": "N", "st": "Suplente"}, {"seq": "93", "n": "90005", "vap": "3", "pvap": "   0,02", "e": "N", "st": "Suplente"}, {"seq": "5", "n": "40000", "vap": "499", "pvap": "   2,68", "e": "S", "st": "Eleito"}, {"seq": "16", "n": "40100", "vap": "331", "pvap": "   1,78", "e": "N", "st": "Suplente"}, {"seq": "35", "n": "40013", "vap": "143", "pvap": "   0,77", "e": "N", "st": "Suplente"}, {"seq": "52", "n": "40444", "vap": "82", "pvap": "   0,44", "e": "N", "st": "Suplente"}, {"seq": "56", "n": "40123", "vap": "66", "pvap": "   0,35", "e": "N", "st": "Suplente"}, {"seq": "63", "n": "40222", "vap": "49", "pvap": "   0,26", "e": "N", "st": "Suplente"}, {"seq": "66", "n": "40111", "vap": "41", "pvap": "   0,22", "e": "N", "st": "Suplente"}, {"seq": "68", "n": "40030", "vap": "37", "pvap": "   0,20", "e": "N", "st": "Suplente"}, {"seq": "75", "n": "40456", "vap": "27", "pvap": "   0,14", "e": "N", "st": "Suplente"}, {"seq": "79", "n": "40324", "vap": "21", "pvap": "   0,11", "e": "N", "st": "Suplente"}, {"seq": "80", "n": "40235", "vap": "19", "pvap": "   0,10", "e": "N", "st": "Suplente"}, {"seq": "81", "n": "40024", "vap": "19", "pvap": "   0,10", "e": "N", "st": "Suplente"}, {"seq": "83", "n": "40333", "vap": "13", "pvap": "   0,07", "e": "N", "st": "Suplente"}, {"seq": "1", "n": "11111", "vap": "635", "pvap": "   3,41", "e": "S", "st": "Eleito"}, {"seq": "9", "n": "11333", "vap": "436", "pvap": "   2,34", "e": "S", "st": "Eleito"}, {"seq": "18", "n": "11113", "vap": "317", "pvap": "   1,70", "e": "N", "st": "Suplente"}, {"seq": "24", "n": "11000", "vap": "252", "pvap": "   1,35", "e": "N", "st": "Suplente"}, {"seq": "31", "n": "11100", "vap": "170", "pvap": "   0,91", "e": "N", "st": "Suplente"}, {"seq": "38", "n": "11013", "vap": "136", "pvap": "   0,73", "e": "N", "st": "Suplente"}, {"seq": "41", "n": "11123", "vap": "114", "pvap": "   0,61", "e": "N", "st": "Suplente"}, {"seq": "42", "n": "11555", "vap": "113", "pvap": "   0,61", "e": "N", "st": "Suplente"}, {"seq": "43", "n": "11087", "vap": "102", "pvap": "   0,55", "e": "N", "st": "Suplente"}, {"seq": "48", "n": "11324", "vap": "94", "pvap": "   0,50", "e": "N", "st": "Suplente"}, {"seq": "58", "n": "11222", "vap": "63", "pvap": "   0,34", "e": "N", "st": "Suplente"}, {"seq": "65", "n": "11234", "vap": "41", "pvap": "   0,22", "e": "N", "st": "Suplente"}, {"seq": "67", "n": "11311", "vap": "38", "pvap": "   0,20", "e": "N", "st": "Suplente"}]}]}