{"ele": "426", "carper": "13", "t": "1", "f": "O", "esae": "N", "mnae": " ", "dg": "15/11/2020", "hg": "22:39:42", "dv": "S", "nadf": "ba34339-c0013-e000426-002-f", "abr": [{"dt": "15/11/2020", "ht": "22:33:52", "tf": "S", "and": "F", "tpabr": "MU", "cdabr": "34339", "s": "54", "st": "54", "snt": "0", "si": "54", "sni": "0", "sa": "54", "sna": "0", "pst": " 100,00", "psnt": "   0,00", "psi": " 100,00", "psni": "   0,00", "psa": " 100,00", "psna": "   0,00", "e": "19117", "ea": "19117", "ena": "0", "esi": "19117", "esni": "0", "c": "15638", "a": "3479", "pea": " 100,00", "pena": "   0,00", "pesi": " 100,00", "pesni": "   0,00", "pa": "  18,20", "pc": "  81,80", "vscv": "0", "vnom": "14176", "vl": "633", "tv": "15638", "vvc": "14809", "vb": "125", "tvn": "704", "vn": "704", "vnt": "0", "vp": "0", "vv": "14809", "van": "0", "vansj": "0", "pvnom": "  95,73", "pvl": "   4,27", "pvvc": "  94,70", "pvb": "   0,80", "ptvn": "   4,50", "pvn": " 100,00", "pvnt": "   0,00", "pvp": "   0,00", "pvv": " 100,00", "pvan": "   0,00", "pvansj": "   0,00", "colig": [{"n": "50000148712", "tvtn": "1305", "tvan": "1305", "vag": "1", "tvtl": "98", "tval": "98"}, {"n": "50000107888", "tvtn": "129", "tvan": "129", "vag": "0", "tvtl": "9", "tval": "9"}, {"n": "50000106038", "tvtn": "701", "tvan": "701", "vag": "0", "tvtl": "21", "tval": "21"}, {"n": "50000146300", "tvtn": "6033", "tvan": "6033", "vag": "6", "tvtl": "340", "tval": "340"}, {"n": "50000149070", "tvtn": "2908", "tvan": "2908", "vag": "2", "tvtl": "87", "tval": "87"}, {"n": "50000148979", "tvtn": "2651", "tvan": "2651", "vag": "2", "tvtl": "48", "tval": "48"}, {"n": "50000129563", "tvtn": "310", "tvan": "310", "vag": "0", "tvtl": "8", "tval": "8"}, {"n": "50000111485", "tvtn": "139", "tvan": "139", "vag": "0", "tvtl": "22", "tval": "22"}], "part": [{"n": "13", "tvtn": "1305", "tvan": "1305", "tvtl": "98", "tval": "98"}, {"n": "70", "tvtn": "129", "tvan": "129", "tvtl": "9", "tval": "9"}, {"n": "10", "tvtn": "701", "tvan": "701", "tvtl": "21", "tval": "21"}, {"n": "11", "tvtn": "6033", "tvan": "6033", "tvtl": "340", "tval": "340"}, {"n": "22", "tvtn": "2908", "tvan": "2908", "tvtl": "87", "tval": "87"}, {"n": "40", "tvtn": "2651", "tvan": "2651", "tvtl": "48", "tval": "48"}, {"n": "50", "tvtn": "310", "tvan": "310", "tvtl": "8", "tval": "8"}, {"n": "14", "tvtn": "139", "tvan": "139", "tvtl": "22", "tval": "22"}], "cand": [{"seq": "20", "n": "13333", "vap": "223", "pvap": "   1,51", "e": "N", "st": "Suplente"}, {"seq": "44", "n": "13332", "vap": "42", "pvap": "   0,28", "e": "N", "st": "Suplente"}, {"seq": "57", "n": "13456", "vap": "2", "pvap": "   0,01", "e": "N", "st": "Suplente"}, {"seq": "11", "n": "13000", "vap": "264", "pvap": "   1,78", "e": "S", "st": "Eleito"}, {"seq": "18", "n": "13445", "vap": "263", "pvap": "   1,78", "e": "N", "st": "Suplente"}, {"seq": "54", "n": "13666", "vap": "11", "pvap": "   0,07", "e": "N", "st": "Suplente"}, {"seq": "25", "n": "13222", "vap": "126", "pvap": "   0,85", "e": "N", "st": "Suplente"}, {"seq": "41", "n": "13013", "vap": "51", "pvap": "   0,34", "e": "N", "st": "Suplente"}, {"seq": "48", "n": "13555", "vap": "19", "pvap": "   0,13", "e": "N", "st": "Suplente"}, {"seq": "30", "n": "13111", "vap": "103", "pvap": "   0,70", "e": "N", "st": "Suplente"}, {"seq": "49", "n": "13131", "vap": "18", "pvap": "   0,12", "e": "N", "st": "Suplente"}, {"seq": "50", "n": "13123", "vap": "18", "pvap": "   0,12", "e": "N", "st": "Suplente"}, {"seq": "53", "n": "13133", "vap": "11", "pvap": "   0,07", "e": "N", "st": "Suplente"}, {"seq": "39", "n": "13888", "vap": "53", "pvap": "   0,36", "e": "N", "st": "Suplente"}, {"seq": "47", "n": "13777", "vap": "28", "pvap": "   0,19", "e": "N", "st": "Suplente"}, {"seq": "35", "n": "13444", "vap": "73", "pvap": "   0,49", "e": "N", "st": "Suplente"}, {"seq": "72", "n": "70123", "vap": "11", "pvap": "   0,07", "e": "N", "st": "N\u00e3o eleito"}, {"seq": "61", "n": "70777", "vap": "97", "pvap": "   0,66", "e": "N", "st": "N\u00e3o eleito"}, {"seq": "70", "n": "70000", "vap": "21", "pvap": "   0,14", "e": "N", "st": "N\u00e3o eleito"}, {"seq": "60", "n": "10000", "vap": "122", "pvap": "   0,82", "e": "N", "st": "N\u00e3o eleito"}, {"seq": "67", "n": "10222", "vap": "47", "pvap": "   0,32", "e": "N", "st": "N\u00e3o eleito"}, {"seq": "59", "n": "10111", "vap": "186", "pvap": "   1,26", "e": "N", "st": "N\u00e3o eleito"}, {"seq": "73", "n": "10444", "vap": "7", "pvap": "   0,05", "e": "N", "st": "N\u00e3o eleito"}, {"seq": "58", "n": "10333", "vap": "339", "pvap": "   2,29", "e": "N", "st": "N\u00e3o eleito"}, {"seq": "4", "n": "11222", "vap": "750", "pvap": "   5,06", "e": "S", "st": "Eleito"}, {"seq": "3", "n": "11999", "vap": "764", "pvap": "   5,16", "e": "S", "st": "Eleito"}, {"seq": "19", "n": "11333", "vap": "225", "pvap": "   1,52", "e": "N", "st": "Suplente"}, {"seq": "15", "n": "11111", "vap": "363", "pvap": "   2,45", "e": "N", "st": "Suplente"}, {"seq": "55", "n": "11300", "vap": "5", "pvap": "   0,03", "e": "N", "st": "Suplente"}, {"seq": "5", "n": "11123", "vap": "712", "pvap": "   4,81", "e": "S", "st": "Eleito"}, {"seq": "23", "n": "11456", "vap": "146", "pvap": "   0,99", "e": "N", "st": "Suplente"}, {"seq": "1", "n": "11888", "vap": "1251", "pvap": "   8,45", "e": "S", "st": "Eleito"}, {"seq": "51", "n": "11700", "vap": "16", "pvap": "   0,11", "e": "N", "st": "Suplente"}, {"seq": "42", "n": "11789", "vap": "47", "pvap": "   0,32", "e": "N", "st": "Suplente"}, {"seq": "56", "n": "11500", "vap": "4", "pvap": "   0,03", "e": "N", "st": "Suplente"}, {"seq": "17", "n": "11000", "vap": "316", "pvap": "   2,13", "e": "N", "st": "Suplente"}, {"seq": "10", "n": "11555", "vap": "423", "pvap": "   2,86", "e": "S", "st": "Eleito"}, {"seq": "52", "n": "11444", "vap": "13", "pvap": "   0,09", "e": "N", "st": "Suplente"}, {"seq": "2", "n": "11777", "vap": "891", "pvap": "   6,02", "e": "S", "st": "Eleito"}, {"seq": "29", "n": "11666", "vap": "107", "pvap": "   0,72", "e": "N", "st": "Suplente"}, {"seq": "37", "n": "22777", "vap": "58", "pvap": "   0,39", "e": "N", "st": "Suplente"}, {"seq": "43", "n": "22007", "vap": "43", "pvap": "   0,29", "e": "N", "st": "Suplente"}, {"seq": "32", "n": "22123", "vap": "92", "pvap": "   0,62", "e": "N", "st": "Suplente"}, {"seq": "34", "n": "22888", "vap": "75", "pvap": "   0,51", "e": "N", "st": "Suplente"}, {"seq": "13", "n": "22666", "vap": "403", "pvap": "   2,72", "e": "N", "st": "Suplente"}, {"seq": "26", "n": "22333", "vap": "120", "pvap": "   0,81", "e": "N", "st": "Suplente"}, {"seq": "22", "n": "22122", "vap": "168", "pvap": "   1,13", "e": "N", "st": "Suplente"}, {"seq": "9", "n": "22444", "vap": "437", "pvap": "   2,95", "e": "S", "st": "Eleito"}, {"seq": "33", "n": "22555", "vap": "86", "pvap": "   0,58", "e": "N", "st": "Suplente"}, {"seq": "14", "n": "22456", "vap": "366", "pvap": "   2,47", "e": "N", "st": "Suplente"}, {"seq": "46", "n": "22000", "vap": "30", "pvap": "   0,20", "e": "N", "st": "Suplente"}, {"seq": "45", "n": "22111", "vap": "40", "pvap": "   0,27", "e": "N", "st": "Suplente"}, {"seq": "7", "n": "22999", "vap": "647", "pvap": "   4,37", "e": "S", "st": "Eleito"}, {"seq": "36", "n": "22255", "vap": "61", "pvap": "   0,41", "e": "N", "st": "Suplente"}, {"seq": "28", "n": "22236", "vap": "113", "pvap": "   0,76", "e": "N", "st": "Suplente"}, {"seq": "21", "n": "22222", "vap": "169", "pvap": "   1,14", "e": "N", "st": "Suplente"}, {"seq": "6", "n": "40666", "vap": "651", "pvap": "   4,40", "e": "S", "st": "Eleito"}, {"seq": "16", "n": "40777", "vap": "350", "pvap": "   2,36", "e": "N", "st": "Suplente"}, {"seq": "27", "n": "40789", "vap": "114", "pvap": "   0,77", "e": "N", "st": "Suplente"}, {"seq": "24", "n": "40888", "vap": "139", "pvap": "   0,94", "e": "N", "st": "Suplente"}, {"seq": "40", "n": "40222", "vap": "51", "pvap": "   0,34", "e": "N", "st": "Suplente"}, {"seq": "12", "n": "40000", "vap": "584", "pvap": "   3,94", "e": "N", "st": "Suplente"}, {"seq": "31", "n": "40999", "vap": "100", "pvap": "   0,68", "e": "N", "st": "Suplente"}, {"seq": "8", "n": "40123", "vap": "607", "pvap": "   4,10", "e": "S", "st": "Eleito"}, {"seq": "38", "n": "40555", "vap": "55", "pvap": "   0,37", "e": "N", "st": "Suplente"}, {"seq": "69", "n": "50777", "vap": "25", "pvap": "   0,17", "e": "N", "st": "N\u00e3o eleito"}, {"seq": "64", "n": "50555", "vap": "74", "pvap": "   0,50", "e": "N", "st": "N\u00e3o eleito"}, {"seq": "66", "n": "50000", "vap": "64", "pvap": "   0,43", "e": "N", "st": "N\u00e3o eleito"}, {"seq": "65", "n": "50024", "vap": "66", "pvap": "   0,45", "e": "N", "st": "N\u00e3o eleito"}, {"seq": "62", "n": "50123", "vap": "81", "pvap": "   0,55", "e": "N", "st": "N\u00e3o eleito"}, {"seq": "76", "n": "50333", "vap": "0", "pvap": "00.00", "e": "N", "st": "N\u00e3o eleito"}, {"seq": "75", "n": "14777", "vap": "0", "pvap": "00.00", "e": "N", "st": "N\u00e3o eleito"}, {"seq": "74", "n": "14999", "vap": "5", "pvap": "   0,03", "e": "N", "st": "N\u00e3o eleito"}, {"seq": "63", "n": "14444", "vap": "77", "pvap": "   0,52", "e": "N", "st": "N\u00e3o eleito"}, {"seq": "71", "n": "14111", "vap": "18", "pvap": "   0,12", "e": "N", "st": "N\u00e3o eleito"}, {"seq": "68", "n": "14333", "vap": "39", "pvap": "   0,26", "e": "N", "st": "N\u00e3o eleito"}]}, {"dt": "15/11/2020", "ht": "22:33:52", "tf": "S", "and": "F", "tpabr": "ZONA", "cdabr": "40", "s": "54", "st": "54", "snt": "0", "si": "54", "sni": "0", "sa": "54", "sna": "0", "pst": " 100,00", "psnt": "   0,00", "psi": " 100,00", "psni": "   0,00", "psa": " 100,00", "psna": "   0,00", "e": "19117", "ea": "19117", "ena": "0", "esi": "19117", "esni": "0", "a": "3479", "c": "15638", "pea": " 100,00", "pena": "   0,00", "pesi": " 100,00", "pesni": "   0,00", "pa": "  18,20", "pc": "  81,80", "vnom": "14176", "vscv": "0", "vl": "633", "tv": "15638", "vvc": "14809", "vb": "125", "tvn": "704", "vn": "704", "vnt": "0", "vp": "0", "vv": "14809", "van": "0", "vansj": "0", "pvnom": "  95,73", "pvl": "   4,27", "pvvc": "  94,70", "pvb": "   0,80", "ptvn": "   4,50", "pvn": " 100,00", "pvnt": "   0,00", "pvp": "   0,00", "pvv": " 100,00", "pvan": "   0,00", "pvansj": "   0,00", "cand": [{"seq": "63", "n": "14444", "vap": "77", "pvap": "   0,52", "e": "N", "st": "N\u00e3o eleito"}, {"seq": "68", "n": "14333", "vap": "39", "pvap": "   0,26", "e": "N", "st": "N\u00e3o eleito"}, {"seq": "71", "n": "14111", "vap": "18", "pvap": "   0,12", "e": "N", "st": "N\u00e3o eleito"}, {"seq": "74", "n": "14999", "vap": "5", "pvap": "   0,03", "e": "N", "st": "N\u00e3o eleito"}, {"seq": "75", "n": "14777", "vap": "0", "pvap": "00.00", "e": "N", "st": "N\u00e3o eleito"}, {"seq": "7", "n": "22999", "vap": "647", "pvap": "   4,37", "e": "S", "st": "Eleito"}, {"seq": "9", "n": "22444", "vap": "437", "pvap": "   2,95", "e": "S", "st": "Eleito"}, {"seq": "13", "n": "22666", "vap": "403", "pvap": "   2,72", "e": "N", "st": "Suplente"}, {"seq": "14", "n": "22456", "vap": "366", "pvap": "   2,47", "e": "N", "st": "Suplente"}, {"seq": "21", "n": "22222", "vap": "169", "pvap": "   1,14", "e": "N", "st": "Suplente"}, {"seq": "22", "n": "22122", "vap": "168", "pvap": "   1,13", "e": "N", "st": "Suplente"}, {"seq": "26", "n": "22333", "vap": "120", "pvap": "   0,81", "e": "N", "st": "Suplente"}, {"seq": "28", "n": "22236", "vap": "113", "pvap": "   0,76", "e": "N", "st": "Suplente"}, {"seq": "32", "n": "22123", "vap": "92", "pvap": "   0,62", "e": "N", "st": "Suplente"}, {"seq": "33", "n": "22555", "vap": "86", "pvap": "   0,58", "e": "N", "st": "Suplente"}, {"seq": "34", "n": "22888", "vap": "75", "pvap": "   0,51", "e": "N", "st": "Suplente"}, {"seq": "36", "n": "22255", "vap": "61", "pvap": "   0,41", "e": "N", "st": "Suplente"}, {"seq": "37", "n": "22777", "vap": "58", "pvap": "   0,39", "e": "N", "st": "Suplente"}, {"seq": "43", "n": "22007", "vap": "43", "pvap": "   0,29", "e": "N", "st": "Suplente"}, {"seq": "45", "n": "22111", "vap": "40", "pvap": "   0,27", "e": "N", "st": "Suplente"}, {"seq": "46", "n": "22000", "vap": "30", "pvap": "   0,20", "e": "N", "st": "Suplente"}, {"seq": "58", "n": "10333", "vap": "339", "pvap": "   2,29", "e": "N", "st": "N\u00e3o eleito"}, {"seq": "59", "n": "10111", "vap": "186", "pvap": "   1,26", "e": "N", "st": "N\u00e3o eleito"}, {"seq": "60", "n": "10000", "vap": "122", "pvap": "   0,82", "e": "N", "st": "N\u00e3o eleito"}, {"seq": "67", "n": "10222", "vap": "47", "pvap": "   0,32", "e": "N", "st": "N\u00e3o eleito"}, {"seq": "73", "n": "10444", "vap": "7", "pvap": "   0,05", "e": "N", "st": "N\u00e3o eleito"}, {"seq": "61", "n": "70777", "vap": "97", "pvap": "   0,66", "e": "N", "st": "N\u00e3o eleito"}, {"seq": "70", "n": "70000", "vap": "21", "pvap": "   0,14", "e": "N", "st": "N\u00e3o eleito"}, {"seq": "72", "n": "70123", "vap": "11", "pvap": "   0,07", "e": "N", "st": "N\u00e3o eleito"}, {"seq": "11", "n": "13000", "vap": "264", "pvap": "   1,78", "e": "S", "st": "Eleito"}, {"seq": "18", "n": "13445", "vap": "263", "pvap": "   1,78", "e": "N", "st": "Suplente"}, {"seq": "20", "n": "13333", "vap": "223", "pvap": "   1,51", "e": "N", "st": "Suplente"}, {"seq": "25", "n": "13222", "vap": "126", "pvap": "   0,85", "e": "N", "st": "Suplente"}, {"seq": "30", "n": "13111", "vap": "103", "pvap": "   0,70", "e": "N", "st": "Suplente"}, {"seq": "35", "n": "13444", "vap": "73", "pvap": "   0,49", "e": "N", "st": "Suplente"}, {"seq": "39", "n": "13888", "vap": "53", "pvap": "   0,36", "e": "N", "st": "Suplente"}, {"seq": "41", "n": "13013", "vap": "51", "pvap": "   0,34", "e": "N", "st": "Suplente"}, {"seq": "44", "n": "13332", "vap": "42", "pvap": "   0,28", "e": "N", "st": "Suplente"}, {"seq": "47", "n": "13777", "vap": "28", "pvap": "   0,19", "e": "N", "st": "Suplente"}, {"seq": "48", "n": "13555", "vap": "19", "pvap": "   0,13", "e": "N", "st": "Suplente"}, {"seq": "49", "n": "13131", "vap": "18", "pvap": "   0,12", "e": "N", "st": "Suplente"}, {"seq": "50", "n": "13123", "vap": "18", "pvap": "   0,12", "e": "N", "st": "Suplente"}, {"seq": "53", "n": "13133", "vap": "11", "pvap": "   0,07", "e": "N", "st": "Suplente"}, {"seq": "54", "n": "13666", "vap": "11", "pvap": "   0,07", "e": "N", "st": "Suplente"}, {"seq": "57", "n": "13456", "vap": "2", "pvap": "   0,01", "e": "N", "st": "Suplente"}, {"seq": "62", "n": "50123", "vap": "81", "pvap": "   0,55", "e": "N", "st": "N\u00e3o eleito"}, {"seq": "64", "n": "50555", "vap": "74", "pvap": "   0,50", "e": "N", "st": "N\u00e3o eleito"}, {"seq": "65", "n": "50024", "vap": "66", "pvap": "   0,45", "e": "N", "st": "N\u00e3o eleito"}, {"seq": "66", "n": "50000", "vap": "64", "pvap": "   0,43", "e": "N", "st": "N\u00e3o eleito"}, {"seq": "69", "n": "50777", "vap": "25", "pvap": "   0,17", "e": "N", "st": "N\u00e3o eleito"}, {"seq": "76", "n": "50333", "vap": "0", "pvap": "00.00", "e": "N", "st": "N\u00e3o eleito"}, {"seq": "1", "n": "11888", "vap": "1251", "pvap": "   8,45", "e": "S", "st": "Eleito"}, {"seq": "2", "n": "11777", "vap": "891", "pvap": "   6,02", "e": "S", "st": "Eleito"}, {"seq": "3", "n": "11999", "vap": "764", "pvap": "   5,16", "e": "S", "st": "Eleito"}, {"seq": "4", "n": "11222", "vap": "750", "pvap": "   5,06", "e": "S", "st": "Eleito"}, {"seq": "5", "n": "11123", "vap": "712", "pvap": "   4,81", "e": "S", "st": "Eleito"}, {"seq": "10", "n": "11555", "vap": "423", "pvap": "   2,86", "e": "S", "st": "Eleito"}, {"seq": "15", "n": "11111", "vap": "363", "pvap": "   2,45", "e": "N", "st": "Suplente"}, {"seq": "17", "n": "11000", "vap": "316", "pvap": "   2,13", "e": "N", "st": "Suplente"}, {"seq": "19", "n": "11333", "vap": "225", "pvap": "   1,52", "e": "N", "st": "Suplente"}, {"seq": "23", "n": "11456", "vap": "146", "pvap": "   0,99", "e": "N", "st": "Suplente"}, {"seq": "29", "n": "11666", "vap": "107", "pvap": "   0,72", "e": "N", "st": "Suplente"}, {"seq": "42", "n": "11789", "vap": "47", "pvap": "   0,32", "e": "N", "st": "Suplente"}, {"seq": "51", "n": "11700", "vap": "16", "pvap": "   0,11", "e": "N", "st": "Suplente"}, {"seq": "52", "n": "11444", "vap": "13", "pvap": "   0,09", "e": "N", "st": "Suplente"}, {"seq": "55", "n": "11300", "vap": "5", "pvap": "   0,03", "e": "N", "st": "Suplente"}, {"seq": "56", "n": "11500", "vap": "4", "pvap": "   0,03", "e": "N", "st": "Suplente"}, {"seq": "6", "n": "40666", "vap": "651", "pvap": "   4,40", "e": "S", "st": "Eleito"}, {"seq": "8", "n": "40123", "vap": "607", "pvap": "   4,10", "e": "S", "st": "Eleito"}, {"seq": "12", "n": "40000", "vap": "584", "pvap": "   3,94", "e": "N", "st": "Suplente"}, {"seq": "16", "n": "40777", "vap": "350", "pvap": "   2,36", "e": "N", "st": "Suplente"}, {"seq": "24", "n": "40888", "vap": "139", "pvap": "   0,94", "e": "N", "st": "Suplente"}, {"seq": "27", "n": "40789", "vap": "114", "pvap": "   0,77", "e": "N", "st": "Suplente"}, {"seq": "31", "n": "40999", "vap": "100", "pvap": "   0,68", "e": "N", "st": "Suplente"}, {"seq": "38", "n": "40555", "vap": "55", "pvap": "   0,37", "e": "N", "st": "Suplente"}, {"seq": "40", "n": "40222", "vap": "51", "pvap": "   0,34", "e": "N", "st": "Suplente"}]}]}