{"ele": "426", "carper": "13", "t": "1", "f": "O", "esae": "N", "mnae": " ", "dg": "15/11/2020", "hg": "23:02:01", "dv": "S", "nadf": "ba36706-c0013-e000426-003-f", "abr": [{"dt": "15/11/2020", "ht": "22:51:54", "tf": "S", "and": "F", "tpabr": "MU", "cdabr": "36706", "s": "22", "st": "22", "snt": "0", "si": "22", "sni": "0", "sa": "22", "sna": "0", "pst": " 100,00", "psnt": "   0,00", "psi": " 100,00", "psni": "   0,00", "psa": " 100,00", "psna": "   0,00", "e": "8646", "ea": "8646", "ena": "0", "esi": "8646", "esni": "0", "c": "7136", "a": "1510", "pea": " 100,00", "pena": "   0,00", "pesi": " 100,00", "pesni": "   0,00", "pa": "  17,46", "pc": "  82,54", "vscv": "0", "vnom": "6225", "vl": "474", "tv": "7136", "vvc": "6699", "vb": "58", "tvn": "379", "vn": "379", "vnt": "0", "vp": "0", "vv": "6699", "van": "0", "vansj": "0", "pvnom": "  92,92", "pvl": "   7,08", "pvvc": "  93,88", "pvb": "   0,81", "ptvn": "   5,31", "pvn": " 100,00", "pvnt": "   0,00", "pvp": "   0,00", "pvv": " 100,00", "pvan": "   0,00", "pvansj": "   0,00", "colig": [{"n": "50000113582", "tvtn": "2058", "tvan": "2058", "vag": "3", "tvtl": "87", "tval": "87"}, {"n": "50000107510", "tvtn": "375", "tvan": "375", "vag": "0", "tvtl": "6", "tval": "6"}, {"n": "50000147210", "tvtn": "1537", "tvan": "1537", "vag": "2", "tvtl": "182", "tval": "182"}, {"n": "50000109520", "tvtn": "2255", "tvan": "2255", "vag": "4", "tvtl": "199", "tval": "199"}], "part": [{"n": "11", "tvtn": "2058", "tvan": "2058", "tvtl": "87", "tval": "87"}, {"n": "90", "tvtn": "375", "tvan": "375", "tvtl": "6", "tval": "6"}, {"n": "55", "tvtn": "1537", "tvan": "1537", "tvtl": "182", "tval": "182"}, {"n": "45", "tvtn": "2255", "tvan": "2255", "tvtl": "199", "tval": "199"}], "cand": [{"seq": "11", "n": "11222", "vap": "300", "pvap": "   4,48", "e": "N", "st": "Suplente"}, {"seq": "18", "n": "11000", "vap": "102", "pvap": "   1,52", "e": "N", "st": "Suplente"}, {"seq": "10", "n": "11123", "vap": "314", "pvap": "   4,69", "e": "N", "st": "Suplente"}, {"seq": "28", "n": "11211", "vap": "43", "pvap": "   0,64", "e": "N", "st": "Suplente"}, {"seq": "4", "n": "11555", "vap": "397", "pvap": "   5,93", "e": "S", "st": "Eleito"}, {"seq": "6", "n": "11444", "vap": "324", "pvap": "   4,84", "e": "S", "st": "Eleito"}, {"seq": "2", "n": "11111", "vap": "483", "pvap": "   7,21", "e": "S", "st": "Eleito"}, {"seq": "19", "n": "11621", "vap": "95", "pvap": "   1,42", "e": "N", "st": "Suplente"}, {"seq": "31", "n": "11333", "vap": "0", "pvap": "00.00", "e": "N", "st": "Suplente"}, {"seq": "32", "n": "90111", "vap": "108", "pvap": "   1,61", "e": "N", "st": "N\u00e3o eleito"}, {"seq": "35", "n": "90555", "vap": "46", "pvap": "   0,69", "e": "N", "st": "N\u00e3o eleito"}, {"seq": "34", "n": "90000", "vap": "93", "pvap": "   1,39", "e": "N", "st": "N\u00e3o eleito"}, {"seq": "33", "n": "90777", "vap": "102", "pvap": "   1,52", "e": "N", "st": "N\u00e3o eleito"}, {"seq": "36", "n": "90013", "vap": "26", "pvap": "   0,39", "e": "N", "st": "N\u00e3o eleito"}, {"seq": "17", "n": "55556", "vap": "114", "pvap": "   1,70", "e": "N", "st": "Suplente"}, {"seq": "20", "n": "55000", "vap": "84", "pvap": "   1,25", "e": "N", "st": "Suplente"}, {"seq": "7", "n": "55123", "vap": "291", "pvap": "   4,34", "e": "S", "st": "Eleito"}, {"seq": "25", "n": "55678", "vap": "67", "pvap": "   1,00", "e": "N", "st": "Suplente"}, {"seq": "8", "n": "55222", "vap": "281", "pvap": "   4,19", "e": "S", "st": "Eleito"}, {"seq": "23", "n": "55666", "vap": "69", "pvap": "   1,03", "e": "N", "st": "Suplente"}, {"seq": "24", "n": "55613", "vap": "68", "pvap": "   1,02", "e": "N", "st": "Suplente"}, {"seq": "15", "n": "55888", "vap": "167", "pvap": "   2,49", "e": "N", "st": "Suplente"}, {"seq": "29", "n": "55111", "vap": "35", "pvap": "   0,52", "e": "N", "st": "Suplente"}, {"seq": "16", "n": "55777", "vap": "138", "pvap": "   2,06", "e": "N", "st": "Suplente"}, {"seq": "13", "n": "55444", "vap": "223", "pvap": "   3,33", "e": "N", "st": "Suplente"}, {"seq": "9", "n": "45613", "vap": "257", "pvap": "   3,84", "e": "S", "st": "Eleito"}, {"seq": "21", "n": "45222", "vap": "83", "pvap": "   1,24", "e": "N", "st": "Suplente"}, {"seq": "22", "n": "45333", "vap": "76", "pvap": "   1,13", "e": "N", "st": "Suplente"}, {"seq": "26", "n": "45111", "vap": "45", "pvap": "   0,67", "e": "N", "st": "Suplente"}, {"seq": "27", "n": "45000", "vap": "45", "pvap": "   0,67", "e": "N", "st": "Suplente"}, {"seq": "1", "n": "45444", "vap": "541", "pvap": "   8,08", "e": "S", "st": "Eleito"}, {"seq": "30", "n": "45888", "vap": "34", "pvap": "   0,51", "e": "N", "st": "Suplente"}, {"seq": "3", "n": "45666", "vap": "422", "pvap": "   6,30", "e": "S", "st": "Eleito"}, {"seq": "5", "n": "45678", "vap": "343", "pvap": "   5,12", "e": "S", "st": "Eleito"}, {"seq": "12", "n": "45555", "vap": "231", "pvap": "   3,45", "e": "N", "st": "Suplente"}, {"seq": "14", "n": "45777", "vap": "178", "pvap": "   2,66", "e": "N", "st": "Suplente"}]}, {"dt": "15/11/2020", "ht": "22:51:54", "tf": "S", "and": "F", "tpabr": "ZONA", "cdabr": "172", "s": "22", "st": "22", "snt": "0", "si": "22", "sni": "0", "sa": "22", "sna": "0", "pst": " 100,00", "psnt": "   0,00", "psi": " 100,00", "psni": "   0,00", "psa": " 100,00", "psna": "   0,00", "e": "8646", "ea": "8646", "ena": "0", "esi": "8646", "esni": "0", "a": "1510", "c": "7136", "pea": " 100,00", "pena": "   0,00", "pesi": " 100,00", "pesni": "   0,00", "pa": "  17,46", "pc": "  82,54", "vnom": "6225", "vscv": "0", "vl": "474", "tv": "7136", "vvc": "6699", "vb": "58", "tvn": "379", "vn": "379", "vnt": "0", "vp": "0", "vv": "6699", "van": "0", "vansj": "0", "pvnom": "  92,92", "pvl": "   7,08", "pvvc": "  93,88", "pvb": "   0,81", "ptvn": "   5,31", "pvn": " 100,00", "pvnt": "   0,00", "pvp": "   0,00", "pvv": " 100,00", "pvan": "   0,00", "pvansj": "   0,00", "cand": [{"seq": "2", "n": "11111", "vap": "483", "pvap": "   7,21", "e": "S", "st": "Eleito"}, {"seq": "4", "n": "11555", "vap": "397", "pvap": "   5,93", "e": "S", "st": "Eleito"}, {"seq": "6", "n": "11444", "vap": "324", "pvap": "   4,84", "e": "S", "st": "Eleito"}, {"seq": "10", "n": "11123", "vap": "314", "pvap": "   4,69", "e": "N", "st": "Suplente"}, {"seq": "11", "n": "11222", "vap": "300", "pvap": "   4,48", "e": "N", "st": "Suplente"}, {"seq": "18", "n": "11000", "vap": "102", "pvap": "   1,52", "e": "N", "st": "Suplente"}, {"seq": "19", "n": "11621", "vap": "95", "pvap": "   1,42", "e": "N", "st": "Suplente"}, {"seq": "28", "n": "11211", "vap": "43", "pvap": "   0,64", "e": "N", "st": "Suplente"}, {"seq": "31", "n": "11333", "vap": "0", "pvap": "00.00", "e": "N", "st": "Suplente"}, {"seq": "1", "n": "45444", "vap": "541", "pvap": "   8,08", "e": "S", "st": "Eleito"}, {"seq": "3", "n": "45666", "vap": "422", "pvap": "   6,30", "e": "S", "st": "Eleito"}, {"seq": "5", "n": "45678", "vap": "343", "pvap": "   5,12", "e": "S", "st": "Eleito"}, {"seq": "9", "n": "45613", "vap": "257", "pvap": "   3,84", "e": "S", "st": "Eleito"}, {"seq": "12", "n": "45555", "vap": "231", "pvap": "   3,45", "e": "N", "st": "Suplente"}, {"seq": "14", "n": "45777", "vap": "178", "pvap": "   2,66", "e": "N", "st": "Suplente"}, {"seq": "21", "n": "45222", "vap": "83", "pvap": "   1,24", "e": "N", "st": "Suplente"}, {"seq": "22", "n": "45333", "vap": "76", "pvap": "   1,13", "e": "N", "st": "Suplente"}, {"seq": "26", "n": "45111", "vap": "45", "pvap": "   0,67", "e": "N", "st": "Suplente"}, {"seq": "27", "n": "45000", "vap": "45", "pvap": "   0,67", "e": "N", "st": "Suplente"}, {"seq": "30", "n": "45888", "vap": "34", "pvap": "   0,51", "e": "N", "st": "Suplente"}, {"seq": "7", "n": "55123", "vap": "291", "pvap": "   4,34", "e": "S", "st": "Eleito"}, {"seq": "8", "n": "55222", "vap": "281", "pvap": "   4,19", "e": "S", "st": "Eleito"}, {"seq": "13", "n": "55444", "vap": "223", "pvap": "   3,33", "e": "N", "st": "Suplente"}, {"seq": "15", "n": "55888", "vap": "167", "pvap": "   2,49", "e": "N", "st": "Suplente"}, {"seq": "16", "n": "55777", "vap": "138", "pvap": "   2,06", "e": "N", "st": "Suplente"}, {"seq": "17", "n": "55556", "vap": "114", "pvap": "   1,70", "e": "N", "st": "Suplente"}, {"seq": "20", "n": "55000", "vap": "84", "pvap": "   1,25", "e": "N", "st": "Suplente"}, {"seq": "23", "n": "55666", "vap": "69", "pvap": "   1,03", "e": "N", "st": "Suplente"}, {"seq": "24", "n": "55613", "vap": "68", "pvap": "   1,02", "e": "N", "st": "Suplente"}, {"seq": "25", "n": "55678", "vap": "67", "pvap": "   1,00", "e": "N", "st": "Suplente"}, {"seq": "29", "n": "55111", "vap": "35", "pvap": "   0,52", "e": "N", "st": "Suplente"}, {"seq": "32", "n": "90111", "vap": "108", "pvap": "   1,61", "e": "N", "st": "N\u00e3o eleito"}, {"seq": "33", "n": "90777", "vap": "102", "pvap": "   1,52", "e": "N", "st": "N\u00e3o eleito"}, {"seq": "34", "n": "90000", "vap": "93", "pvap": "   1,39", "e": "N", "st": "N\u00e3o eleito"}, {"seq": "35", "n": "90555", "vap": "46", "pvap": "   0,69", "e": "N", "st": "N\u00e3o eleito"}, {"seq": "36", "n": "90013", "vap": "26", "pvap": "   0,39", "e": "N", "st": "N\u00e3o eleito"}]}]}