{"ele": "426", "carper": "13", "t": "1", "f": "O", "esae": "N", "mnae": " ", "dg": "15/11/2020", "hg": "23:48:36", "dv": "S", "nadf": "ba34991-c0013-e000426-002-f", "abr": [{"dt": "15/11/2020", "ht": "23:29:22", "tf": "S", "and": "F", "tpabr": "MU", "cdabr": "34991", "s": "23", "st": "23", "snt": "0", "si": "23", "sni": "0", "sa": "23", "sna": "0", "pst": " 100,00", "psnt": "   0,00", "psi": " 100,00", "psni": "   0,00", "psa": " 100,00", "psna": "   0,00", "e": "7764", "ea": "7764", "ena": "0", "esi": "7764", "esni": "0", "c": "6344", "a": "1420", "pea": " 100,00", "pena": "   0,00", "pesi": " 100,00", "pesni": "   0,00", "pa": "  18,29", "pc": "  81,71", "vscv": "0", "vnom": "5603", "vl": "420", "tv": "6344", "vvc": "6023", "vb": "64", "tvn": "257", "vn": "254", "vnt": "3", "vp": "0", "vv": "6023", "van": "0", "vansj": "0", "pvnom": "  93,03", "pvl": "   6,97", "pvvc": "  94,94", "pvb": "   1,01", "ptvn": "   4,05", "pvn": "  98,83", "pvnt": "   1,17", "pvp": "   0,00", "pvv": " 100,00", "pvan": "   0,00", "pvansj": "   0,00", "colig": [{"n": "50000138874", "tvtn": "1237", "tvan": "1240", "vag": "2", "tvtl": "165", "tval": "165"}, {"n": "50000138877", "tvtn": "1031", "tvan": "1031", "vag": "2", "tvtl": "95", "tval": "95"}, {"n": "50000147721", "tvtn": "1410", "tvan": "1410", "vag": "2", "tvtl": "22", "tval": "22"}, {"n": "50000147719", "tvtn": "1103", "tvan": "1103", "vag": "2", "tvtl": "34", "tval": "34"}, {"n": "50000137128", "tvtn": "519", "tvan": "519", "vag": "1", "tvtl": "11", "tval": "11"}, {"n": "50000109766", "tvtn": "138", "tvan": "138", "vag": "0", "tvtl": "14", "tval": "14"}, {"n": "50000153590", "tvtn": "165", "tvan": "165", "vag": "0", "tvtl": "79", "tval": "79"}], "part": [{"n": "11", "tvtn": "1237", "tvan": "1237", "tvtl": "165", "tval": "165"}, {"n": "12", "tvtn": "1031", "tvan": "1031", "tvtl": "95", "tval": "95"}, {"n": "20", "tvtn": "1410", "tvan": "1410", "tvtl": "22", "tval": "22"}, {"n": "45", "tvtn": "1103", "tvan": "1103", "tvtl": "34", "tval": "34"}, {"n": "10", "tvtn": "519", "tvan": "519", "tvtl": "11", "tval": "11"}, {"n": "19", "tvtn": "138", "tvan": "138", "tvtl": "14", "tval": "14"}, {"n": "70", "tvtn": "165", "tvan": "165", "tvtl": "79", "tval": "79"}], "cand": [{"seq": "43", "n": "11555", "vap": "5", "pvap": "   0,08", "e": "N", "st": "Suplente"}, {"seq": "10", "n": "11000", "vap": "227", "pvap": "   3,77", "e": "N", "st": "Suplente"}, {"seq": "1", "n": "11111", "vap": "455", "pvap": "   7,55", "e": "S", "st": "Eleito"}, {"seq": "50", "n": "11666", "vap": "0", "pvap": "00.00", "e": "N", "st": "Suplente"}, {"seq": "19", "n": "11444", "vap": "109", "pvap": "   1,81", "e": "N", "st": "Suplente"}, {"seq": "2", "n": "11333", "vap": "406", "pvap": "   6,74", "e": "S", "st": "Eleito"}, {"seq": "36", "n": "11999", "vap": "21", "pvap": "   0,35", "e": "N", "st": "Suplente"}, {"seq": "38", "n": "11222", "vap": "14", "pvap": "   0,23", "e": "N", "st": "Suplente"}, {"seq": "13", "n": "12345", "vap": "192", "pvap": "   3,19", "e": "N", "st": "Suplente"}, {"seq": "15", "n": "12222", "vap": "157", "pvap": "   2,61", "e": "N", "st": "Suplente"}, {"seq": "37", "n": "12111", "vap": "20", "pvap": "   0,33", "e": "N", "st": "Suplente"}, {"seq": "44", "n": "12444", "vap": "4", "pvap": "   0,07", "e": "N", "st": "Suplente"}, {"seq": "22", "n": "12000", "vap": "91", "pvap": "   1,51", "e": "N", "st": "Suplente"}, {"seq": "3", "n": "12333", "vap": "342", "pvap": "   5,68", "e": "S", "st": "Eleito"}, {"seq": "39", "n": "12777", "vap": "14", "pvap": "   0,23", "e": "N", "st": "Suplente"}, {"seq": "42", "n": "12666", "vap": "5", "pvap": "   0,08", "e": "N", "st": "Suplente"}, {"seq": "8", "n": "12555", "vap": "206", "pvap": "   3,42", "e": "S", "st": "Eleito"}, {"seq": "5", "n": "20999", "vap": "279", "pvap": "   4,63", "e": "S", "st": "Eleito"}, {"seq": "40", "n": "20220", "vap": "9", "pvap": "   0,15", "e": "N", "st": "Suplente"}, {"seq": "26", "n": "20000", "vap": "53", "pvap": "   0,88", "e": "N", "st": "Suplente"}, {"seq": "12", "n": "20555", "vap": "204", "pvap": "   3,39", "e": "N", "st": "Suplente"}, {"seq": "6", "n": "20444", "vap": "243", "pvap": "   4,03", "e": "S", "st": "Eleito"}, {"seq": "29", "n": "20111", "vap": "47", "pvap": "   0,78", "e": "N", "st": "Suplente"}, {"seq": "14", "n": "20777", "vap": "174", "pvap": "   2,89", "e": "N", "st": "Suplente"}, {"seq": "49", "n": "20230", "vap": "1", "pvap": "   0,02", "e": "N", "st": "Suplente"}, {"seq": "20", "n": "20888", "vap": "103", "pvap": "   1,71", "e": "N", "st": "Suplente"}, {"seq": "51", "n": "20123", "vap": "0", "pvap": "00.00", "e": "N", "st": "Suplente"}, {"seq": "17", "n": "20666", "vap": "139", "pvap": "   2,31", "e": "N", "st": "Suplente"}, {"seq": "32", "n": "20222", "vap": "35", "pvap": "   0,58", "e": "N", "st": "Suplente"}, {"seq": "18", "n": "20333", "vap": "123", "pvap": "   2,04", "e": "N", "st": "Suplente"}, {"seq": "25", "n": "45444", "vap": "56", "pvap": "   0,93", "e": "N", "st": "Suplente"}, {"seq": "4", "n": "45000", "vap": "334", "pvap": "   5,55", "e": "S", "st": "Eleito"}, {"seq": "21", "n": "45222", "vap": "95", "pvap": "   1,58", "e": "N", "st": "Suplente"}, {"seq": "45", "n": "45123", "vap": "4", "pvap": "   0,07", "e": "N", "st": "Suplente"}, {"seq": "41", "n": "45111", "vap": "7", "pvap": "   0,12", "e": "N", "st": "Suplente"}, {"seq": "11", "n": "45555", "vap": "215", "pvap": "   3,57", "e": "N", "st": "Suplente"}, {"seq": "16", "n": "45666", "vap": "152", "pvap": "   2,52", "e": "N", "st": "Suplente"}, {"seq": "7", "n": "45333", "vap": "239", "pvap": "   3,97", "e": "S", "st": "Eleito"}, {"seq": "48", "n": "45777", "vap": "1", "pvap": "   0,02", "e": "N", "st": "Suplente"}, {"seq": "34", "n": "10789", "vap": "31", "pvap": "   0,51", "e": "N", "st": "Suplente"}, {"seq": "33", "n": "10222", "vap": "33", "pvap": "   0,55", "e": "N", "st": "Suplente"}, {"seq": "52", "n": "10699", "vap": "0", "pvap": "00.00", "e": "N", "st": "Suplente"}, {"seq": "53", "n": "10000", "vap": "0", "pvap": "00.00", "e": "N", "st": "Suplente"}, {"seq": "28", "n": "10111", "vap": "53", "pvap": "   0,88", "e": "N", "st": "Suplente"}, {"seq": "31", "n": "10666", "vap": "40", "pvap": "   0,66", "e": "N", "st": "Suplente"}, {"seq": "24", "n": "10888", "vap": "58", "pvap": "   0,96", "e": "N", "st": "Suplente"}, {"seq": "47", "n": "10444", "vap": "1", "pvap": "   0,02", "e": "N", "st": "Suplente"}, {"seq": "27", "n": "10555", "vap": "53", "pvap": "   0,88", "e": "N", "st": "Suplente"}, {"seq": "23", "n": "10777", "vap": "77", "pvap": "   1,28", "e": "N", "st": "Suplente"}, {"seq": "35", "n": "10123", "vap": "24", "pvap": "   0,40", "e": "N", "st": "Suplente"}, {"seq": "46", "n": "10312", "vap": "2", "pvap": "   0,03", "e": "N", "st": "Suplente"}, {"seq": "30", "n": "10999", "vap": "44", "pvap": "   0,73", "e": "N", "st": "Suplente"}, {"seq": "9", "n": "10333", "vap": "103", "pvap": "   1,71", "e": "S", "st": "Eleito"}, {"seq": "56", "n": "19555", "vap": "33", "pvap": "   0,55", "e": "N", "st": "N\u00e3o eleito"}, {"seq": "54", "n": "19999", "vap": "83", "pvap": "   1,38", "e": "N", "st": "N\u00e3o eleito"}, {"seq": "61", "n": "19000", "vap": "7", "pvap": "   0,12", "e": "N", "st": "N\u00e3o eleito"}, {"seq": "60", "n": "19888", "vap": "9", "pvap": "   0,15", "e": "N", "st": "N\u00e3o eleito"}, {"seq": "63", "n": "19111", "vap": "6", "pvap": "   0,10", "e": "N", "st": "N\u00e3o eleito"}, {"seq": "59", "n": "70000", "vap": "14", "pvap": "   0,23", "e": "N", "st": "N\u00e3o eleito"}, {"seq": "64", "n": "70007", "vap": "6", "pvap": "   0,10", "e": "N", "st": "N\u00e3o eleito"}, {"seq": "67", "n": "70555", "vap": "4", "pvap": "   0,07", "e": "N", "st": "N\u00e3o eleito"}, {"seq": "57", "n": "70111", "vap": "30", "pvap": "   0,50", "e": "N", "st": "N\u00e3o eleito"}, {"seq": "62", "n": "70024", "vap": "7", "pvap": "   0,12", "e": "N", "st": "N\u00e3o eleito"}, {"seq": "65", "n": "70777", "vap": "6", "pvap": "   0,10", "e": "N", "st": "N\u00e3o eleito"}, {"seq": "58", "n": "70123", "vap": "26", "pvap": "   0,43", "e": "N", "st": "N\u00e3o eleito"}, {"seq": "55", "n": "70444", "vap": "66", "pvap": "   1,10", "e": "N", "st": "N\u00e3o eleito"}, {"seq": "66", "n": "70222", "vap": "6", "pvap": "   0,10", "e": "N", "st": "N\u00e3o eleito"}]}, {"dt": "15/11/2020", "ht": "23:29:22", "tf": "S", "and": "F", "tpabr": "ZONA", "cdabr": "147", "s": "23", "st": "23", "snt": "0", "si": "23", "sni": "0", "sa": "23", "sna": "0", "pst": " 100,00", "psnt": "   0,00", "psi": " 100,00", "psni": "   0,00", "psa": " 100,00", "psna": "   0,00", "e": "7764", "ea": "7764", "ena": "0", "esi": "7764", "esni": "0", "a": "1420", "c": "6344", "pea": " 100,00", "pena": "   0,00", "pesi": " 100,00", "pesni": "   0,00", "pa": "  18,29", "pc": "  81,71", "vnom": "5603", "vscv": "0", "vl": "420", "tv": "6344", "vvc": "6023", "vb": "64", "tvn": "257", "vn": "254", "vnt": "3", "vp": "0", "vv": "6023", "van": "0", "vansj": "0", "pvnom": "  93,03", "pvl": "   6,97", "pvvc": "  94,94", "pvb": "   1,01", "ptvn": "   4,05", "pvn": "  98,83", "pvnt": "   1,17", "pvp": "   0,00", "pvv": " 100,00", "pvan": "   0,00", "pvansj": "   0,00", "cand": [{"seq": "64", "n": "70007", "vap": "6", "pvap": "   0,10", "e": "N", "st": "N\u00e3o eleito"}, {"seq": "55", "n": "70444", "vap": "66", "pvap": "   1,10", "e": "N", "st": "N\u00e3o eleito"}, {"seq": "67", "n": "70555", "vap": "4", "pvap": "   0,07", "e": "N", "st": "N\u00e3o eleito"}, {"seq": "62", "n": "70024", "vap": "7", "pvap": "   0,12", "e": "N", "st": "N\u00e3o eleito"}, {"seq": "65", "n": "70777", "vap": "6", "pvap": "   0,10", "e": "N", "st": "N\u00e3o eleito"}, {"seq": "59", "n": "70000", "vap": "14", "pvap": "   0,23", "e": "N", "st": "N\u00e3o eleito"}, {"seq": "58", "n": "70123", "vap": "26", "pvap": "   0,43", "e": "N", "st": "N\u00e3o eleito"}, {"seq": "57", "n": "70111", "vap": "30", "pvap": "   0,50", "e": "N", "st": "N\u00e3o eleito"}, {"seq": "66", "n": "70222", "vap": "6", "pvap": "   0,10", "e": "N", "st": "N\u00e3o eleito"}, {"seq": "1", "n": "11111", "vap": "455", "pvap": "   7,55", "e": "S", "st": "Eleito"}, {"seq": "10", "n": "11000", "vap": "227", "pvap": "   3,77", "e": "N", "st": "Suplente"}, {"seq": "50", "n": "11666", "vap": "0", "pvap": "00.00", "e": "N", "st": "Suplente"}, {"seq": "38", "n": "11222", "vap": "14", "pvap": "   0,23", "e": "N", "st": "Suplente"}, {"seq": "36", "n": "11999", "vap": "21", "pvap": "   0,35", "e": "N", "st": "Suplente"}, {"seq": "2", "n": "11333", "vap": "406", "pvap": "   6,74", "e": "S", "st": "Eleito"}, {"seq": "19", "n": "11444", "vap": "109", "pvap": "   1,81", "e": "N", "st": "Suplente"}, {"seq": "43", "n": "11555", "vap": "5", "pvap": "   0,08", "e": "N", "st": "Suplente"}, {"seq": "61", "n": "19000", "vap": "7", "pvap": "   0,12", "e": "N", "st": "N\u00e3o eleito"}, {"seq": "56", "n": "19555", "vap": "33", "pvap": "   0,55", "e": "N", "st": "N\u00e3o eleito"}, {"seq": "63", "n": "19111", "vap": "6", "pvap": "   0,10", "e": "N", "st": "N\u00e3o eleito"}, {"seq": "54", "n": "19999", "vap": "83", "pvap": "   1,38", "e": "N", "st": "N\u00e3o eleito"}, {"seq": "60", "n": "19888", "vap": "9", "pvap": "   0,15", "e": "N", "st": "N\u00e3o eleito"}, {"seq": "49", "n": "20230", "vap": "1", "pvap": "   0,02", "e": "N", "st": "Suplente"}, {"seq": "51", "n": "20123", "vap": "0", "pvap": "00.00", "e": "N", "st": "Suplente"}, {"seq": "32", "n": "20222", "vap": "35", "pvap": "   0,58", "e": "N", "st": "Suplente"}, {"seq": "14", "n": "20777", "vap": "174", "pvap": "   2,89", "e": "N", "st": "Suplente"}, {"seq": "20", "n": "20888", "vap": "103", "pvap": "   1,71", "e": "N", "st": "Suplente"}, {"seq": "6", "n": "20444", "vap": "243", "pvap": "   4,03", "e": "S", "st": "Eleito"}, {"seq": "12", "n": "20555", "vap": "204", "pvap": "   3,39", "e": "N", "st": "Suplente"}, {"seq": "5", "n": "20999", "vap": "279", "pvap": "   4,63", "e": "S", "st": "Eleito"}, {"seq": "18", "n": "20333", "vap": "123", "pvap": "   2,04", "e": "N", "st": "Suplente"}, {"seq": "17", "n": "20666", "vap": "139", "pvap": "   2,31", "e": "N", "st": "Suplente"}, {"seq": "29", "n": "20111", "vap": "47", "pvap": "   0,78", "e": "N", "st": "Suplente"}, {"seq": "26", "n": "20000", "vap": "53", "pvap": "   0,88", "e": "N", "st": "Suplente"}, {"seq": "40", "n": "20220", "vap": "9", "pvap": "   0,15", "e": "N", "st": "Suplente"}, {"seq": "13", "n": "12345", "vap": "192", "pvap": "   3,19", "e": "N", "st": "Suplente"}, {"seq": "3", "n": "12333", "vap": "342", "pvap": "   5,68", "e": "S", "st": "Eleito"}, {"seq": "39", "n": "12777", "vap": "14", "pvap": "   0,23", "e": "N", "st": "Suplente"}, {"seq": "8", "n": "12555", "vap": "206", "pvap": "   3,42", "e": "S", "st": "Eleito"}, {"seq": "44", "n": "12444", "vap": "4", "pvap": "   0,07", "e": "N", "st": "Suplente"}, {"seq": "42", "n": "12666", "vap": "5", "pvap": "   0,08", "e": "N", "st": "Suplente"}, {"seq": "37", "n": "12111", "vap": "20", "pvap": "   0,33", "e": "N", "st": "Suplente"}, {"seq": "15", "n": "12222", "vap": "157", "pvap": "   2,61", "e": "N", "st": "Suplente"}, {"seq": "22", "n": "12000", "vap": "91", "pvap": "   1,51", "e": "N", "st": "Suplente"}, {"seq": "9", "n": "10333", "vap": "103", "pvap": "   1,71", "e": "S", "st": "Eleito"}, {"seq": "23", "n": "10777", "vap": "77", "pvap": "   1,28", "e": "N", "st": "Suplente"}, {"seq": "27", "n": "10555", "vap": "53", "pvap": "   0,88", "e": "N", "st": "Suplente"}, {"seq": "31", "n": "10666", "vap": "40", "pvap": "   0,66", "e": "N", "st": "Suplente"}, {"seq": "53", "n": "10000", "vap": "0", "pvap": "00.00", "e": "N", "st": "Suplente"}, {"seq": "46", "n": "10312", "vap": "2", "pvap": "   0,03", "e": "N", "st": "Suplente"}, {"seq": "52", "n": "10699", "vap": "0", "pvap": "00.00", "e": "N", "st": "Suplente"}, {"seq": "47", "n": "10444", "vap": "1", "pvap": "   0,02", "e": "N", "st": "Suplente"}, {"seq": "24", "n": "10888", "vap": "58", "pvap": "   0,96", "e": "N", "st": "Suplente"}, {"seq": "34", "n": "10789", "vap": "31", "pvap": "   0,51", "e": "N", "st": "Suplente"}, {"seq": "28", "n": "10111", "vap": "53", "pvap": "   0,88", "e": "N", "st": "Suplente"}, {"seq": "35", "n": "10123", "vap": "24", "pvap": "   0,40", "e": "N", "st": "Suplente"}, {"seq": "33", "n": "10222", "vap": "33", "pvap": "   0,55", "e": "N", "st": "Suplente"}, {"seq": "30", "n": "10999", "vap": "44", "pvap": "   0,73", "e": "N", "st": "Suplente"}, {"seq": "4", "n": "45000", "vap": "334", "pvap": "   5,55", "e": "S", "st": "Eleito"}, {"seq": "16", "n": "45666", "vap": "152", "pvap": "   2,52", "e": "N", "st": "Suplente"}, {"seq": "45", "n": "45123", "vap": "4", "pvap": "   0,07", "e": "N", "st": "Suplente"}, {"seq": "25", "n": "45444", "vap": "56", "pvap": "   0,93", "e": "N", "st": "Suplente"}, {"seq": "11", "n": "45555", "vap": "215", "pvap": "   3,57", "e": "N", "st": "Suplente"}, {"seq": "21", "n": "45222", "vap": "95", "pvap": "   1,58", "e": "N", "st": "Suplente"}, {"seq": "41", "n": "45111", "vap": "7", "pvap": "   0,12", "e": "N", "st": "Suplente"}, {"seq": "48", "n": "45777", "vap": "1", "pvap": "   0,02", "e": "N", "st": "Suplente"}, {"seq": "7", "n": "45333", "vap": "239", "pvap": "   3,97", "e": "S", "st": "Eleito"}]}]}