{"ele": "426", "carper": "13", "t": "1", "f": "O", "esae": "N", "mnae": " ", "dg": "15/11/2020", "hg": "23:31:48", "dv": "S", "nadf": "ba37192-c0013-e000426-002-f", "abr": [{"dt": "15/11/2020", "ht": "23:09:52", "tf": "S", "and": "F", "tpabr": "MU", "cdabr": "37192", "s": "26", "st": "26", "snt": "0", "si": "26", "sni": "0", "sa": "26", "sna": "0", "pst": " 100,00", "psnt": "   0,00", "psi": " 100,00", "psni": "   0,00", "psa": " 100,00", "psna": "   0,00", "e": "9981", "ea": "9981", "ena": "0", "esi": "9981", "esni": "0", "c": "7713", "a": "2268", "pea": " 100,00", "pena": "   0,00", "pesi": " 100,00", "pesni": "   0,00", "pa": "  22,72", "pc": "  77,28", "vscv": "0", "vnom": "6854", "vl": "422", "tv": "7713", "vvc": "7276", "vb": "55", "tvn": "382", "vn": "382", "vnt": "0", "vp": "0", "vv": "7276", "van": "0", "vansj": "0", "pvnom": "  94,20", "pvl": "   5,80", "pvvc": "  94,33", "pvb": "   0,72", "ptvn": "   4,95", "pvn": " 100,00", "pvnt": "   0,00", "pvp": "   0,00", "pvv": " 100,00", "pvan": "   0,00", "pvansj": "   0,00", "colig": [{"n": "50000105972", "tvtn": "638", "tvan": "638", "vag": "1", "tvtl": "101", "tval": "101"}, {"n": "50000072879", "tvtn": "1945", "tvan": "1945", "vag": "2", "tvtl": "61", "tval": "61"}, {"n": "50000131273", "tvtn": "102", "tvan": "102", "vag": "0", "tvtl": "3", "tval": "3"}, {"n": "50000056403", "tvtn": "3992", "tvan": "3992", "vag": "6", "tvtl": "239", "tval": "239"}, {"n": "50000057498", "tvtn": "177", "tvan": "177", "vag": "0", "tvtl": "18", "tval": "18"}], "part": [{"n": "22", "tvtn": "638", "tvan": "638", "tvtl": "101", "tval": "101"}, {"n": "55", "tvtn": "1945", "tvan": "1945", "tvtl": "61", "tval": "61"}, {"n": "36", "tvtn": "102", "tvan": "102", "tvtl": "3", "tval": "3"}, {"n": "10", "tvtn": "3992", "tvan": "3992", "tvtl": "239", "tval": "239"}, {"n": "77", "tvtn": "177", "tvan": "177", "tvtl": "18", "tval": "18"}], "cand": [{"seq": "22", "n": "22777", "vap": "76", "pvap": "   1,04", "e": "N", "st": "Suplente"}, {"seq": "28", "n": "22233", "vap": "63", "pvap": "   0,87", "e": "N", "st": "Suplente"}, {"seq": "24", "n": "22211", "vap": "73", "pvap": "   1,00", "e": "N", "st": "Suplente"}, {"seq": "40", "n": "22000", "vap": "2", "pvap": "   0,03", "e": "N", "st": "Suplente"}, {"seq": "36", "n": "22555", "vap": "9", "pvap": "   0,12", "e": "N", "st": "Suplente"}, {"seq": "19", "n": "22222", "vap": "114", "pvap": "   1,57", "e": "N", "st": "Suplente"}, {"seq": "9", "n": "22333", "vap": "200", "pvap": "   2,75", "e": "S", "st": "Eleito"}, {"seq": "39", "n": "22444", "vap": "3", "pvap": "   0,04", "e": "N", "st": "Suplente"}, {"seq": "31", "n": "22111", "vap": "29", "pvap": "   0,40", "e": "N", "st": "Suplente"}, {"seq": "33", "n": "22888", "vap": "13", "pvap": "   0,18", "e": "N", "st": "Suplente"}, {"seq": "34", "n": "22123", "vap": "12", "pvap": "   0,16", "e": "N", "st": "Suplente"}, {"seq": "30", "n": "22666", "vap": "37", "pvap": "   0,51", "e": "N", "st": "Suplente"}, {"seq": "37", "n": "22999", "vap": "7", "pvap": "   0,10", "e": "N", "st": "Suplente"}, {"seq": "13", "n": "55999", "vap": "191", "pvap": "   2,63", "e": "N", "st": "Suplente"}, {"seq": "27", "n": "55880", "vap": "67", "pvap": "   0,92", "e": "N", "st": "Suplente"}, {"seq": "26", "n": "55678", "vap": "69", "pvap": "   0,95", "e": "N", "st": "Suplente"}, {"seq": "21", "n": "55888", "vap": "79", "pvap": "   1,09", "e": "N", "st": "Suplente"}, {"seq": "18", "n": "55789", "vap": "118", "pvap": "   1,62", "e": "N", "st": "Suplente"}, {"seq": "25", "n": "55111", "vap": "73", "pvap": "   1,00", "e": "N", "st": "Suplente"}, {"seq": "17", "n": "55123", "vap": "127", "pvap": "   1,75", "e": "N", "st": "Suplente"}, {"seq": "23", "n": "55222", "vap": "74", "pvap": "   1,02", "e": "N", "st": "Suplente"}, {"seq": "11", "n": "55234", "vap": "213", "pvap": "   2,93", "e": "N", "st": "Suplente"}, {"seq": "29", "n": "55444", "vap": "55", "pvap": "   0,76", "e": "N", "st": "Suplente"}, {"seq": "4", "n": "55555", "vap": "465", "pvap": "   6,39", "e": "S", "st": "Eleito"}, {"seq": "14", "n": "55000", "vap": "188", "pvap": "   2,58", "e": "N", "st": "Suplente"}, {"seq": "8", "n": "55777", "vap": "226", "pvap": "   3,11", "e": "S", "st": "Eleito"}, {"seq": "50", "n": "36123", "vap": "7", "pvap": "   0,10", "e": "N", "st": "N\u00e3o eleito"}, {"seq": "49", "n": "36222", "vap": "8", "pvap": "   0,11", "e": "N", "st": "N\u00e3o eleito"}, {"seq": "48", "n": "36999", "vap": "10", "pvap": "   0,14", "e": "N", "st": "N\u00e3o eleito"}, {"seq": "46", "n": "36789", "vap": "18", "pvap": "   0,25", "e": "N", "st": "N\u00e3o eleito"}, {"seq": "54", "n": "36333", "vap": "2", "pvap": "   0,03", "e": "N", "st": "N\u00e3o eleito"}, {"seq": "45", "n": "36666", "vap": "19", "pvap": "   0,26", "e": "N", "st": "N\u00e3o eleito"}, {"seq": "43", "n": "36111", "vap": "38", "pvap": "   0,52", "e": "N", "st": "N\u00e3o eleito"}, {"seq": "3", "n": "10222", "vap": "478", "pvap": "   6,57", "e": "S", "st": "Eleito"}, {"seq": "20", "n": "10777", "vap": "102", "pvap": "   1,40", "e": "N", "st": "Suplente"}, {"seq": "10", "n": "10000", "vap": "342", "pvap": "   4,70", "e": "N", "st": "Suplente"}, {"seq": "32", "n": "10666", "vap": "17", "pvap": "   0,23", "e": "N", "st": "Suplente"}, {"seq": "5", "n": "10456", "vap": "459", "pvap": "   6,31", "e": "S", "st": "Eleito"}, {"seq": "1", "n": "10123", "vap": "665", "pvap": "   9,14", "e": "S", "st": "Eleito"}, {"seq": "6", "n": "10111", "vap": "424", "pvap": "   5,83", "e": "S", "st": "Eleito"}, {"seq": "38", "n": "10733", "vap": "4", "pvap": "   0,05", "e": "N", "st": "Suplente"}, {"seq": "7", "n": "10555", "vap": "409", "pvap": "   5,62", "e": "S", "st": "Eleito"}, {"seq": "15", "n": "10333", "vap": "179", "pvap": "   2,46", "e": "N", "st": "Suplente"}, {"seq": "12", "n": "10999", "vap": "193", "pvap": "   2,65", "e": "N", "st": "Suplente"}, {"seq": "2", "n": "10888", "vap": "558", "pvap": "   7,67", "e": "S", "st": "Eleito"}, {"seq": "16", "n": "10234", "vap": "151", "pvap": "   2,08", "e": "N", "st": "Suplente"}, {"seq": "35", "n": "10444", "vap": "11", "pvap": "   0,15", "e": "N", "st": "Suplente"}, {"seq": "51", "n": "77444", "vap": "6", "pvap": "   0,08", "e": "N", "st": "N\u00e3o eleito"}, {"seq": "42", "n": "77123", "vap": "50", "pvap": "   0,69", "e": "N", "st": "N\u00e3o eleito"}, {"seq": "44", "n": "77777", "vap": "30", "pvap": "   0,41", "e": "N", "st": "N\u00e3o eleito"}, {"seq": "41", "n": "77000", "vap": "63", "pvap": "   0,87", "e": "N", "st": "N\u00e3o eleito"}, {"seq": "47", "n": "77177", "vap": "16", "pvap": "   0,22", "e": "N", "st": "N\u00e3o eleito"}, {"seq": "53", "n": "77111", "vap": "4", "pvap": "   0,05", "e": "N", "st": "N\u00e3o eleito"}, {"seq": "55", "n": "77195", "vap": "2", "pvap": "   0,03", "e": "N", "st": "N\u00e3o eleito"}, {"seq": "52", "n": "77222", "vap": "6", "pvap": "   0,08", "e": "N", "st": "N\u00e3o eleito"}]}, {"dt": "15/11/2020", "ht": "23:09:52", "tf": "S", "and": "F", "tpabr": "ZONA", "cdabr": "133", "s": "26", "st": "26", "snt": "0", "si": "26", "sni": "0", "sa": "26", "sna": "0", "pst": " 100,00", "psnt": "   0,00", "psi": " 100,00", "psni": "   0,00", "psa": " 100,00", "psna": "   0,00", "e": "9981", "ea": "9981", "ena": "0", "esi": "9981", "esni": "0", "a": "2268", "c": "7713", "pea": " 100,00", "pena": "   0,00", "pesi": " 100,00", "pesni": "   0,00", "pa": "  22,72", "pc": "  77,28", "vnom": "6854", "vscv": "0", "vl": "422", "tv": "7713", "vvc": "7276", "vb": "55", "tvn": "382", "vn": "382", "vnt": "0", "vp": "0", "vv": "7276", "van": "0", "vansj": "0", "pvnom": "  94,20", "pvl": "   5,80", "pvvc": "  94,33", "pvb": "   0,72", "ptvn": "   4,95", "pvn": " 100,00", "pvnt": "   0,00", "pvp": "   0,00", "pvv": " 100,00", "pvan": "   0,00", "pvansj": "   0,00", "cand": [{"seq": "5", "n": "10456", "vap": "459", "pvap": "   6,31", "e": "S", "st": "Eleito"}, {"seq": "6", "n": "10111", "vap": "424", "pvap": "   5,83", "e": "S", "st": "Eleito"}, {"seq": "3", "n": "10222", "vap": "478", "pvap": "   6,57", "e": "S", "st": "Eleito"}, {"seq": "1", "n": "10123", "vap": "665", "pvap": "   9,14", "e": "S", "st": "Eleito"}, {"seq": "12", "n": "10999", "vap": "193", "pvap": "   2,65", "e": "N", "st": "Suplente"}, {"seq": "10", "n": "10000", "vap": "342", "pvap": "   4,70", "e": "N", "st": "Suplente"}, {"seq": "7", "n": "10555", "vap": "409", "pvap": "   5,62", "e": "S", "st": "Eleito"}, {"seq": "2", "n": "10888", "vap": "558", "pvap": "   7,67", "e": "S", "st": "Eleito"}, {"seq": "35", "n": "10444", "vap": "11", "pvap": "   0,15", "e": "N", "st": "Suplente"}, {"seq": "20", "n": "10777", "vap": "102", "pvap": "   1,40", "e": "N", "st": "Suplente"}, {"seq": "15", "n": "10333", "vap": "179", "pvap": "   2,46", "e": "N", "st": "Suplente"}, {"seq": "38", "n": "10733", "vap": "4", "pvap": "   0,05", "e": "N", "st": "Suplente"}, {"seq": "16", "n": "10234", "vap": "151", "pvap": "   2,08", "e": "N", "st": "Suplente"}, {"seq": "32", "n": "10666", "vap": "17", "pvap": "   0,23", "e": "N", "st": "Suplente"}, {"seq": "51", "n": "77444", "vap": "6", "pvap": "   0,08", "e": "N", "st": "N\u00e3o eleito"}, {"seq": "41", "n": "77000", "vap": "63", "pvap": "   0,87", "e": "N", "st": "N\u00e3o eleito"}, {"seq": "52", "n": "77222", "vap": "6", "pvap": "   0,08", "e": "N", "st": "N\u00e3o eleito"}, {"seq": "44", "n": "77777", "vap": "30", "pvap": "   0,41", "e": "N", "st": "N\u00e3o eleito"}, {"seq": "42", "n": "77123", "vap": "50", "pvap": "   0,69", "e": "N", "st": "N\u00e3o eleito"}, {"seq": "47", "n": "77177", "vap": "16", "pvap": "   0,22", "e": "N", "st": "N\u00e3o eleito"}, {"seq": "55", "n": "77195", "vap": "2", "pvap": "   0,03", "e": "N", "st": "N\u00e3o eleito"}, {"seq": "53", "n": "77111", "vap": "4", "pvap": "   0,05", "e": "N", "st": "N\u00e3o eleito"}, {"seq": "43", "n": "36111", "vap": "38", "pvap": "   0,52", "e": "N", "st": "N\u00e3o eleito"}, {"seq": "49", "n": "36222", "vap": "8", "pvap": "   0,11", "e": "N", "st": "N\u00e3o eleito"}, {"seq": "54", "n": "36333", "vap": "2", "pvap": "   0,03", "e": "N", "st": "N\u00e3o eleito"}, {"seq": "50", "n": "36123", "vap": "7", "pvap": "   0,10", "e": "N", "st": "N\u00e3o eleito"}, {"seq": "45", "n": "36666", "vap": "19", "pvap": "   0,26", "e": "N", "st": "N\u00e3o eleito"}, {"seq": "46", "n": "36789", "vap": "18", "pvap": "   0,25", "e": "N", "st": "N\u00e3o eleito"}, {"seq": "48", "n": "36999", "vap": "10", "pvap": "   0,14", "e": "N", "st": "N\u00e3o eleito"}, {"seq": "26", "n": "55678", "vap": "69", "pvap": "   0,95", "e": "N", "st": "Suplente"}, {"seq": "17", "n": "55123", "vap": "127", "pvap": "   1,75", "e": "N", "st": "Suplente"}, {"seq": "14", "n": "55000", "vap": "188", "pvap": "   2,58", "e": "N", "st": "Suplente"}, {"seq": "4", "n": "55555", "vap": "465", "pvap": "   6,39", "e": "S", "st": "Eleito"}, {"seq": "21", "n": "55888", "vap": "79", "pvap": "   1,09", "e": "N", "st": "Suplente"}, {"seq": "23", "n": "55222", "vap": "74", "pvap": "   1,02", "e": "N", "st": "Suplente"}, {"seq": "8", "n": "55777", "vap": "226", "pvap": "   3,11", "e": "S", "st": "Eleito"}, {"seq": "29", "n": "55444", "vap": "55", "pvap": "   0,76", "e": "N", "st": "Suplente"}, {"seq": "11", "n": "55234", "vap": "213", "pvap": "   2,93", "e": "N", "st": "Suplente"}, {"seq": "27", "n": "55880", "vap": "67", "pvap": "   0,92", "e": "N", "st": "Suplente"}, {"seq": "18", "n": "55789", "vap": "118", "pvap": "   1,62", "e": "N", "st": "Suplente"}, {"seq": "25", "n": "55111", "vap": "73", "pvap": "   1,00", "e": "N", "st": "Suplente"}, {"seq": "13", "n": "55999", "vap": "191", "pvap": "   2,63", "e": "N", "st": "Suplente"}, {"seq": "34", "n": "22123", "vap": "12", "pvap": "   0,16", "e": "N", "st": "Suplente"}, {"seq": "31", "n": "22111", "vap": "29", "pvap": "   0,40", "e": "N", "st": "Suplente"}, {"seq": "40", "n": "22000", "vap": "2", "pvap": "   0,03", "e": "N", "st": "Suplente"}, {"seq": "28", "n": "22233", "vap": "63", "pvap": "   0,87", "e": "N", "st": "Suplente"}, {"seq": "9", "n": "22333", "vap": "200", "pvap": "   2,75", "e": "S", "st": "Eleito"}, {"seq": "24", "n": "22211", "vap": "73", "pvap": "   1,00", "e": "N", "st": "Suplente"}, {"seq": "33", "n": "22888", "vap": "13", "pvap": "   0,18", "e": "N", "st": "Suplente"}, {"seq": "22", "n": "22777", "vap": "76", "pvap": "   1,04", "e": "N", "st": "Suplente"}, {"seq": "36", "n": "22555", "vap": "9", "pvap": "   0,12", "e": "N", "st": "Suplente"}, {"seq": "39", "n": "22444", "vap": "3", "pvap": "   0,04", "e": "N", "st": "Suplente"}, {"seq": "37", "n": "22999", "vap": "7", "pvap": "   0,10", "e": "N", "st": "Suplente"}, {"seq": "30", "n": "22666", "vap": "37", "pvap": "   0,51", "e": "N", "st": "Suplente"}, {"seq": "19", "n": "22222", "vap": "114", "pvap": "   1,57", "e": "N", "st": "Suplente"}]}]}