{"ele": "426", "carper": "13", "t": "1", "f": "O", "esae": "N", "mnae": " ", "dg": "15/11/2020", "hg": "23:02:02", "dv": "S", "nadf": "ba33839-c0013-e000426-002-f", "abr": [{"dt": "15/11/2020", "ht": "22:45:28", "tf": "S", "and": "F", "tpabr": "MU", "cdabr": "33839", "s": "32", "st": "32", "snt": "0", "si": "32", "sni": "0", "sa": "32", "sna": "0", "pst": " 100,00", "psnt": "   0,00", "psi": " 100,00", "psni": "   0,00", "psa": " 100,00", "psna": "   0,00", "e": "9888", "ea": "9888", "ena": "0", "esi": "9888", "esni": "0", "c": "8306", "a": "1582", "pea": " 100,00", "pena": "   0,00", "pesi": " 100,00", "pesni": "   0,00", "pa": "  16,00", "pc": "  84,00", "vscv": "0", "vnom": "7441", "vl": "459", "tv": "8306", "vvc": "7900", "vb": "59", "tvn": "347", "vn": "347", "vnt": "0", "vp": "0", "vv": "7900", "van": "0", "vansj": "0", "pvnom": "  94,19", "pvl": "   5,81", "pvvc": "  95,11", "pvb": "   0,71", "ptvn": "   4,18", "pvn": " 100,00", "pvnt": "   0,00", "pvp": "   0,00", "pvv": " 100,00", "pvan": "   0,00", "pvansj": "   0,00", "colig": [{"n": "50000109412", "tvtn": "2894", "tvan": "2894", "vag": "4", "tvtl": "192", "tval": "192"}, {"n": "50000076009", "tvtn": "3003", "tvan": "3003", "vag": "4", "tvtl": "219", "tval": "219"}, {"n": "50000114104", "tvtn": "1300", "tvan": "1300", "vag": "1", "tvtl": "36", "tval": "36"}, {"n": "50000108777", "tvtn": "244", "tvan": "244", "vag": "0", "tvtl": "12", "tval": "12"}], "part": [{"n": "70", "tvtn": "2894", "tvan": "2894", "tvtl": "192", "tval": "192"}, {"n": "11", "tvtn": "3003", "tvan": "3003", "tvtl": "219", "tval": "219"}, {"n": "55", "tvtn": "1300", "tvan": "1300", "tvtl": "36", "tval": "36"}, {"n": "50", "tvtn": "244", "tvan": "244", "tvtl": "12", "tval": "12"}], "cand": [{"seq": "20", "n": "70777", "vap": "118", "pvap": "   1,49", "e": "N", "st": "Suplente"}, {"seq": "22", "n": "70666", "vap": "87", "pvap": "   1,10", "e": "N", "st": "Suplente"}, {"seq": "5", "n": "70456", "vap": "489", "pvap": "   6,19", "e": "S", "st": "Eleito"}, {"seq": "9", "n": "70888", "vap": "253", "pvap": "   3,20", "e": "S", "st": "Eleito"}, {"seq": "19", "n": "70789", "vap": "130", "pvap": "   1,65", "e": "N", "st": "Suplente"}, {"seq": "29", "n": "70333", "vap": "50", "pvap": "   0,63", "e": "N", "st": "Suplente"}, {"seq": "15", "n": "70222", "vap": "222", "pvap": "   2,81", "e": "N", "st": "Suplente"}, {"seq": "27", "n": "70999", "vap": "56", "pvap": "   0,71", "e": "N", "st": "Suplente"}, {"seq": "26", "n": "70123", "vap": "61", "pvap": "   0,77", "e": "N", "st": "Suplente"}, {"seq": "34", "n": "70444", "vap": "21", "pvap": "   0,27", "e": "N", "st": "Suplente"}, {"seq": "1", "n": "70580", "vap": "620", "pvap": "   7,85", "e": "S", "st": "Eleito"}, {"seq": "16", "n": "70555", "vap": "176", "pvap": "   2,23", "e": "N", "st": "Suplente"}, {"seq": "2", "n": "70000", "vap": "611", "pvap": "   7,73", "e": "S", "st": "Eleito"}, {"seq": "25", "n": "11678", "vap": "66", "pvap": "   0,84", "e": "N", "st": "Suplente"}, {"seq": "21", "n": "11100", "vap": "94", "pvap": "   1,19", "e": "N", "st": "Suplente"}, {"seq": "4", "n": "11222", "vap": "574", "pvap": "   7,27", "e": "S", "st": "Eleito"}, {"seq": "12", "n": "11777", "vap": "266", "pvap": "   3,37", "e": "N", "st": "Suplente"}, {"seq": "10", "n": "11000", "vap": "316", "pvap": "   4,00", "e": "N", "st": "Suplente"}, {"seq": "8", "n": "11345", "vap": "322", "pvap": "   4,08", "e": "S", "st": "Eleito"}, {"seq": "33", "n": "11456", "vap": "30", "pvap": "   0,38", "e": "N", "st": "Suplente"}, {"seq": "3", "n": "11111", "vap": "589", "pvap": "   7,46", "e": "S", "st": "Eleito"}, {"seq": "30", "n": "11123", "vap": "49", "pvap": "   0,62", "e": "N", "st": "Suplente"}, {"seq": "6", "n": "11258", "vap": "351", "pvap": "   4,44", "e": "S", "st": "Eleito"}, {"seq": "31", "n": "11478", "vap": "46", "pvap": "   0,58", "e": "N", "st": "Suplente"}, {"seq": "14", "n": "11333", "vap": "222", "pvap": "   2,81", "e": "N", "st": "Suplente"}, {"seq": "23", "n": "11444", "vap": "73", "pvap": "   0,92", "e": "N", "st": "Suplente"}, {"seq": "36", "n": "11580", "vap": "5", "pvap": "   0,06", "e": "N", "st": "Suplente"}, {"seq": "32", "n": "55234", "vap": "33", "pvap": "   0,42", "e": "N", "st": "Suplente"}, {"seq": "13", "n": "55222", "vap": "251", "pvap": "   3,18", "e": "N", "st": "Suplente"}, {"seq": "18", "n": "55123", "vap": "132", "pvap": "   1,67", "e": "N", "st": "Suplente"}, {"seq": "11", "n": "55555", "vap": "279", "pvap": "   3,53", "e": "N", "st": "Suplente"}, {"seq": "28", "n": "55567", "vap": "51", "pvap": "   0,65", "e": "N", "st": "Suplente"}, {"seq": "7", "n": "55666", "vap": "332", "pvap": "   4,20", "e": "S", "st": "Eleito"}, {"seq": "17", "n": "55113", "vap": "140", "pvap": "   1,77", "e": "N", "st": "Suplente"}, {"seq": "35", "n": "55580", "vap": "9", "pvap": "   0,11", "e": "N", "st": "Suplente"}, {"seq": "24", "n": "55789", "vap": "73", "pvap": "   0,92", "e": "N", "st": "Suplente"}, {"seq": "39", "n": "50555", "vap": "4", "pvap": "   0,05", "e": "N", "st": "N\u00e3o eleito"}, {"seq": "37", "n": "50000", "vap": "179", "pvap": "   2,27", "e": "N", "st": "N\u00e3o eleito"}, {"seq": "38", "n": "50123", "vap": "61", "pvap": "   0,77", "e": "N", "st": "N\u00e3o eleito"}]}, {"dt": "15/11/2020", "ht": "22:45:28", "tf": "S", "and": "F", "tpabr": "ZONA", "cdabr": "168", "s": "32", "st": "32", "snt": "0", "si": "32", "sni": "0", "sa": "32", "sna": "0", "pst": " 100,00", "psnt": "   0,00", "psi": " 100,00", "psni": "   0,00", "psa": " 100,00", "psna": "   0,00", "e": "9888", "ea": "9888", "ena": "0", "esi": "9888", "esni": "0", "a": "1582", "c": "8306", "pea": " 100,00", "pena": "   0,00", "pesi": " 100,00", "pesni": "   0,00", "pa": "  16,00", "pc": "  84,00", "vnom": "7441", "vscv": "0", "vl": "459", "tv": "8306", "vvc": "7900", "vb": "59", "tvn": "347", "vn": "347", "vnt": "0", "vp": "0", "vv": "7900", "van": "0", "vansj": "0", "pvnom": "  94,19", "pvl": "   5,81", "pvvc": "  95,11", "pvb": "   0,71", "ptvn": "   4,18", "pvn": " 100,00", "pvnt": "   0,00", "pvp": "   0,00", "pvv": " 100,00", "pvan": "   0,00", "pvansj": "   0,00", "cand": [{"seq": "1", "n": "70580", "vap": "620", "pvap": "   7,85", "e": "S", "st": "Eleito"}, {"seq": "2", "n": "70000", "vap": "611", "pvap": "   7,73", "e": "S", "st": "Eleito"}, {"seq": "5", "n": "70456", "vap": "489", "pvap": "   6,19", "e": "S", "st": "Eleito"}, {"seq": "9", "n": "70888", "vap": "253", "pvap": "   3,20", "e": "S", "st": "Eleito"}, {"seq": "15", "n": "70222", "vap": "222", "pvap": "   2,81", "e": "N", "st": "Suplente"}, {"seq": "16", "n": "70555", "vap": "176", "pvap": "   2,23", "e": "N", "st": "Suplente"}, {"seq": "19", "n": "70789", "vap": "130", "pvap": "   1,65", "e": "N", "st": "Suplente"}, {"seq": "20", "n": "70777", "vap": "118", "pvap": "   1,49", "e": "N", "st": "Suplente"}, {"seq": "22", "n": "70666", "vap": "87", "pvap": "   1,10", "e": "N", "st": "Suplente"}, {"seq": "26", "n": "70123", "vap": "61", "pvap": "   0,77", "e": "N", "st": "Suplente"}, {"seq": "27", "n": "70999", "vap": "56", "pvap": "   0,71", "e": "N", "st": "Suplente"}, {"seq": "29", "n": "70333", "vap": "50", "pvap": "   0,63", "e": "N", "st": "Suplente"}, {"seq": "34", "n": "70444", "vap": "21", "pvap": "   0,27", "e": "N", "st": "Suplente"}, {"seq": "7", "n": "55666", "vap": "332", "pvap": "   4,20", "e": "S", "st": "Eleito"}, {"seq": "11", "n": "55555", "vap": "279", "pvap": "   3,53", "e": "N", "st": "Suplente"}, {"seq": "13", "n": "55222", "vap": "251", "pvap": "   3,18", "e": "N", "st": "Suplente"}, {"seq": "17", "n": "55113", "vap": "140", "pvap": "   1,77", "e": "N", "st": "Suplente"}, {"seq": "18", "n": "55123", "vap": "132", "pvap": "   1,67", "e": "N", "st": "Suplente"}, {"seq": "24", "n": "55789", "vap": "73", "pvap": "   0,92", "e": "N", "st": "Suplente"}, {"seq": "28", "n": "55567", "vap": "51", "pvap": "   0,65", "e": "N", "st": "Suplente"}, {"seq": "32", "n": "55234", "vap": "33", "pvap": "   0,42", "e": "N", "st": "Suplente"}, {"seq": "35", "n": "55580", "vap": "9", "pvap": "   0,11", "e": "N", "st": "Suplente"}, {"seq": "37", "n": "50000", "vap": "179", "pvap": "   2,27", "e": "N", "st": "N\u00e3o eleito"}, {"seq": "38", "n": "50123", "vap": "61", "pvap": "   0,77", "e": "N", "st": "N\u00e3o eleito"}, {"seq": "39", "n": "50555", "vap": "4", "pvap": "   0,05", "e": "N", "st": "N\u00e3o eleito"}, {"seq": "3", "n": "11111", "vap": "589", "pvap": "   7,46", "e": "S", "st": "Eleito"}, {"seq": "4", "n": "11222", "vap": "574", "pvap": "   7,27", "e": "S", "st": "Eleito"}, {"seq": "6", "n": "11258", "vap": "351", "pvap": "   4,44", "e": "S", "st": "Eleito"}, {"seq": "8", "n": "11345", "vap": "322", "pvap": "   4,08", "e": "S", "st": "Eleito"}, {"seq": "10", "n": "11000", "vap": "316", "pvap": "   4,00", "e": "N", "st": "Suplente"}, {"seq": "12", "n": "11777", "vap": "266", "pvap": "   3,37", "e": "N", "st": "Suplente"}, {"seq": "14", "n": "11333", "vap": "222", "pvap": "   2,81", "e": "N", "st": "Suplente"}, {"seq": "21", "n": "11100", "vap": "94", "pvap": "   1,19", "e": "N", "st": "Suplente"}, {"seq": "23", "n": "11444", "vap": "73", "pvap": "   0,92", "e": "N", "st": "Suplente"}, {"seq": "25", "n": "11678", "vap": "66", "pvap": "   0,84", "e": "N", "st": "Suplente"}, {"seq": "30", "n": "11123", "vap": "49", "pvap": "   0,62", "e": "N", "st": "Suplente"}, {"seq": "31", "n": "11478", "vap": "46", "pvap": "   0,58", "e": "N", "st": "Suplente"}, {"seq": "33", "n": "11456", "vap": "30", "pvap": "   0,38", "e": "N", "st": "Suplente"}, {"seq": "36", "n": "11580", "vap": "5", "pvap": "   0,06", "e": "N", "st": "Suplente"}]}]}