{"ele": "426", "carper": "13", "t": "1", "f": "O", "esae": "N", "mnae": " ", "dg": "15/11/2020", "hg": "22:39:35", "dv": "S", "nadf": "ba37940-c0013-e000426-002-f", "abr": [{"dt": "15/11/2020", "ht": "22:12:29", "tf": "S", "and": "F", "tpabr": "MU", "cdabr": "37940", "s": "18", "st": "18", "snt": "0", "si": "18", "sni": "0", "sa": "18", "sna": "0", "pst": " 100,00", "psnt": "   0,00", "psi": " 100,00", "psni": "   0,00", "psa": " 100,00", "psna": "   0,00", "e": "6800", "ea": "6800", "ena": "0", "esi": "6800", "esni": "0", "c": "5823", "a": "977", "pea": " 100,00", "pena": "   0,00", "pesi": " 100,00", "pesni": "   0,00", "pa": "  14,37", "pc": "  85,63", "vscv": "0", "vnom": "5142", "vl": "297", "tv": "5823", "vvc": "5439", "vb": "64", "tvn": "320", "vn": "320", "vnt": "0", "vp": "0", "vv": "5439", "van": "0", "vansj": "0", "pvnom": "  94,54", "pvl": "   5,46", "pvvc": "  93,41", "pvb": "   1,09", "ptvn": "   5,50", "pvn": " 100,00", "pvnt": "   0,00", "pvp": "   0,00", "pvv": " 100,00", "pvan": "   0,00", "pvansj": "   0,00", "colig": [{"n": "50000069540", "tvtn": "1982", "tvan": "1982", "vag": "3", "tvtl": "38", "tval": "38"}, {"n": "50000069400", "tvtn": "1398", "tvan": "1398", "vag": "3", "tvtl": "211", "tval": "211"}, {"n": "50000069581", "tvtn": "1762", "tvan": "1762", "vag": "3", "tvtl": "48", "tval": "48"}], "part": [{"n": "19", "tvtn": "1982", "tvan": "1982", "tvtl": "38", "tval": "38"}, {"n": "11", "tvtn": "1398", "tvan": "1398", "tvtl": "211", "tval": "211"}, {"n": "45", "tvtn": "1762", "tvan": "1762", "tvtl": "48", "tval": "48"}], "cand": [{"seq": "23", "n": "19777", "vap": "103", "pvap": "   1,89", "e": "N", "st": "Suplente"}, {"seq": "32", "n": "19444", "vap": "8", "pvap": "   0,15", "e": "N", "st": "Suplente"}, {"seq": "2", "n": "19333", "vap": "359", "pvap": "   6,60", "e": "S", "st": "Eleito"}, {"seq": "12", "n": "19222", "vap": "202", "pvap": "   3,71", "e": "N", "st": "Suplente"}, {"seq": "17", "n": "19888", "vap": "155", "pvap": "   2,85", "e": "N", "st": "Suplente"}, {"seq": "31", "n": "19789", "vap": "8", "pvap": "   0,15", "e": "N", "st": "Suplente"}, {"seq": "3", "n": "19000", "vap": "345", "pvap": "   6,34", "e": "S", "st": "Eleito"}, {"seq": "19", "n": "19666", "vap": "128", "pvap": "   2,35", "e": "N", "st": "Suplente"}, {"seq": "10", "n": "19999", "vap": "305", "pvap": "   5,61", "e": "N", "st": "Suplente"}, {"seq": "37", "n": "19123", "vap": "3", "pvap": "   0,06", "e": "N", "st": "Suplente"}, {"seq": "36", "n": "19456", "vap": "3", "pvap": "   0,06", "e": "N", "st": "Suplente"}, {"seq": "1", "n": "19111", "vap": "363", "pvap": "   6,67", "e": "S", "st": "Eleito"}, {"seq": "15", "n": "11777", "vap": "157", "pvap": "   2,89", "e": "N", "st": "Suplente"}, {"seq": "25", "n": "11555", "vap": "76", "pvap": "   1,40", "e": "N", "st": "Suplente"}, {"seq": "29", "n": "11220", "vap": "18", "pvap": "   0,33", "e": "N", "st": "Suplente"}, {"seq": "9", "n": "11200", "vap": "178", "pvap": "   3,27", "e": "S", "st": "Eleito"}, {"seq": "24", "n": "11110", "vap": "89", "pvap": "   1,64", "e": "N", "st": "Suplente"}, {"seq": "18", "n": "11222", "vap": "153", "pvap": "   2,81", "e": "N", "st": "Suplente"}, {"seq": "7", "n": "11111", "vap": "207", "pvap": "   3,81", "e": "S", "st": "Eleito"}, {"seq": "35", "n": "11130", "vap": "3", "pvap": "   0,06", "e": "N", "st": "Suplente"}, {"seq": "16", "n": "11333", "vap": "156", "pvap": "   2,87", "e": "N", "st": "Suplente"}, {"seq": "20", "n": "11211", "vap": "123", "pvap": "   2,26", "e": "N", "st": "Suplente"}, {"seq": "27", "n": "11000", "vap": "33", "pvap": "   0,61", "e": "N", "st": "Suplente"}, {"seq": "8", "n": "11444", "vap": "205", "pvap": "   3,77", "e": "S", "st": "Eleito"}, {"seq": "22", "n": "45345", "vap": "115", "pvap": "   2,11", "e": "N", "st": "Suplente"}, {"seq": "33", "n": "45214", "vap": "6", "pvap": "   0,11", "e": "N", "st": "Suplente"}, {"seq": "21", "n": "45111", "vap": "120", "pvap": "   2,21", "e": "N", "st": "Suplente"}, {"seq": "11", "n": "45000", "vap": "238", "pvap": "   4,38", "e": "N", "st": "Suplente"}, {"seq": "6", "n": "45555", "vap": "258", "pvap": "   4,74", "e": "S", "st": "Eleito"}, {"seq": "5", "n": "45333", "vap": "259", "pvap": "   4,76", "e": "S", "st": "Eleito"}, {"seq": "28", "n": "45222", "vap": "25", "pvap": "   0,46", "e": "N", "st": "Suplente"}, {"seq": "4", "n": "45666", "vap": "301", "pvap": "   5,53", "e": "S", "st": "Eleito"}, {"seq": "26", "n": "45888", "vap": "57", "pvap": "   1,05", "e": "N", "st": "Suplente"}, {"seq": "13", "n": "45777", "vap": "189", "pvap": "   3,47", "e": "N", "st": "Suplente"}, {"seq": "30", "n": "45644", "vap": "12", "pvap": "   0,22", "e": "N", "st": "Suplente"}, {"seq": "34", "n": "45500", "vap": "5", "pvap": "   0,09", "e": "N", "st": "Suplente"}, {"seq": "14", "n": "45444", "vap": "177", "pvap": "   3,25", "e": "N", "st": "Suplente"}]}, {"dt": "15/11/2020", "ht": "22:12:29", "tf": "S", "and": "F", "tpabr": "ZONA", "cdabr": "151", "s": "18", "st": "18", "snt": "0", "si": "18", "sni": "0", "sa": "18", "sna": "0", "pst": " 100,00", "psnt": "   0,00", "psi": " 100,00", "psni": "   0,00", "psa": " 100,00", "psna": "   0,00", "e": "6800", "ea": "6800", "ena": "0", "esi": "6800", "esni": "0", "a": "977", "c": "5823", "pea": " 100,00", "pena": "   0,00", "pesi": " 100,00", "pesni": "   0,00", "pa": "  14,37", "pc": "  85,63", "vnom": "5142", "vscv": "0", "vl": "297", "tv": "5823", "vvc": "5439", "vb": "64", "tvn": "320", "vn": "320", "vnt": "0", "vp": "0", "vv": "5439", "van": "0", "vansj": "0", "pvnom": "  94,54", "pvl": "   5,46", "pvvc": "  93,41", "pvb": "   1,09", "ptvn": "   5,50", "pvn": " 100,00", "pvnt": "   0,00", "pvp": "   0,00", "pvv": " 100,00", "pvan": "   0,00", "pvansj": "   0,00", "cand": [{"seq": "1", "n": "19111", "vap": "363", "pvap": "   6,67", "e": "S", "st": "Eleito"}, {"seq": "2", "n": "19333", "vap": "359", "pvap": "   6,60", "e": "S", "st": "Eleito"}, {"seq": "3", "n": "19000", "vap": "345", "pvap": "   6,34", "e": "S", "st": "Eleito"}, {"seq": "10", "n": "19999", "vap": "305", "pvap": "   5,61", "e": "N", "st": "Suplente"}, {"seq": "12", "n": "19222", "vap": "202", "pvap": "   3,71", "e": "N", "st": "Suplente"}, {"seq": "17", "n": "19888", "vap": "155", "pvap": "   2,85", "e": "N", "st": "Suplente"}, {"seq": "19", "n": "19666", "vap": "128", "pvap": "   2,35", "e": "N", "st": "Suplente"}, {"seq": "23", "n": "19777", "vap": "103", "pvap": "   1,89", "e": "N", "st": "Suplente"}, {"seq": "31", "n": "19789", "vap": "8", "pvap": "   0,15", "e": "N", "st": "Suplente"}, {"seq": "32", "n": "19444", "vap": "8", "pvap": "   0,15", "e": "N", "st": "Suplente"}, {"seq": "36", "n": "19456", "vap": "3", "pvap": "   0,06", "e": "N", "st": "Suplente"}, {"seq": "37", "n": "19123", "vap": "3", "pvap": "   0,06", "e": "N", "st": "Suplente"}, {"seq": "4", "n": "45666", "vap": "301", "pvap": "   5,53", "e": "S", "st": "Eleito"}, {"seq": "5", "n": "45333", "vap": "259", "pvap": "   4,76", "e": "S", "st": "Eleito"}, {"seq": "6", "n": "45555", "vap": "258", "pvap": "   4,74", "e": "S", "st": "Eleito"}, {"seq": "11", "n": "45000", "vap": "238", "pvap": "   4,38", "e": "N", "st": "Suplente"}, {"seq": "13", "n": "45777", "vap": "189", "pvap": "   3,47", "e": "N", "st": "Suplente"}, {"seq": "14", "n": "45444", "vap": "177", "pvap": "   3,25", "e": "N", "st": "Suplente"}, {"seq": "21", "n": "45111", "vap": "120", "pvap": "   2,21", "e": "N", "st": "Suplente"}, {"seq": "22", "n": "45345", "vap": "115", "pvap": "   2,11", "e": "N", "st": "Suplente"}, {"seq": "26", "n": "45888", "vap": "57", "pvap": "   1,05", "e": "N", "st": "Suplente"}, {"seq": "28", "n": "45222", "vap": "25", "pvap": "   0,46", "e": "N", "st": "Suplente"}, {"seq": "30", "n": "45644", "vap": "12", "pvap": "   0,22", "e": "N", "st": "Suplente"}, {"seq": "33", "n": "45214", "vap": "6", "pvap": "   0,11", "e": "N", "st": "Suplente"}, {"seq": "34", "n": "45500", "vap": "5", "pvap": "   0,09", "e": "N", "st": "Suplente"}, {"seq": "7", "n": "11111", "vap": "207", "pvap": "   3,81", "e": "S", "st": "Eleito"}, {"seq": "8", "n": "11444", "vap": "205", "pvap": "   3,77", "e": "S", "st": "Eleito"}, {"seq": "9", "n": "11200", "vap": "178", "pvap": "   3,27", "e": "S", "st": "Eleito"}, {"seq": "15", "n": "11777", "vap": "157", "pvap": "   2,89", "e": "N", "st": "Suplente"}, {"seq": "16", "n": "11333", "vap": "156", "pvap": "   2,87", "e": "N", "st": "Suplente"}, {"seq": "18", "n": "11222", "vap": "153", "pvap": "   2,81", "e": "N", "st": "Suplente"}, {"seq": "20", "n": "11211", "vap": "123", "pvap": "   2,26", "e": "N", "st": "Suplente"}, {"seq": "24", "n": "11110", "vap": "89", "pvap": "   1,64", "e": "N", "st": "Suplente"}, {"seq": "25", "n": "11555", "vap": "76", "pvap": "   1,40", "e": "N", "st": "Suplente"}, {"seq": "27", "n": "11000", "vap": "33", "pvap": "   0,61", "e": "N", "st": "Suplente"}, {"seq": "29", "n": "11220", "vap": "18", "pvap": "   0,33", "e": "N", "st": "Suplente"}, {"seq": "35", "n": "11130", "vap": "3", "pvap": "   0,06", "e": "N", "st": "Suplente"}]}]}