{"ele": "426", "carper": "13", "t": "1", "f": "O", "esae": "N", "mnae": " ", "dg": "15/11/2020", "hg": "22:39:48", "dv": "S", "nadf": "ba35092-c0013-e000426-002-f", "abr": [{"dt": "15/11/2020", "ht": "22:34:00", "tf": "S", "and": "F", "tpabr": "MU", "cdabr": "35092", "s": "75", "st": "75", "snt": "0", "si": "75", "sni": "0", "sa": "75", "sna": "0", "pst": " 100,00", "psnt": "   0,00", "psi": " 100,00", "psni": "   0,00", "psa": " 100,00", "psna": "   0,00", "e": "32516", "ea": "32516", "ena": "0", "esi": "32516", "esni": "0", "c": "24013", "a": "8503", "pea": " 100,00", "pena": "   0,00", "pesi": " 100,00", "pesni": "   0,00", "pa": "  26,15", "pc": "  73,85", "vscv": "0", "vnom": "21025", "vl": "1602", "tv": "24013", "vvc": "22627", "vb": "448", "tvn": "938", "vn": "938", "vnt": "0", "vp": "0", "vv": "22627", "van": "0", "vansj": "0", "pvnom": "  92,92", "pvl": "   7,08", "pvvc": "  94,23", "pvb": "   1,86", "ptvn": "   3,91", "pvn": " 100,00", "pvnt": "   0,00", "pvp": "   0,00", "pvv": " 100,00", "pvan": "   0,00", "pvansj": "   0,00", "colig": [{"n": "50000061745", "tvtn": "888", "tvan": "888", "vag": "0", "tvtl": "25", "tval": "25"}, {"n": "50000085107", "tvtn": "95", "tvan": "95", "vag": "0", "tvtl": "21", "tval": "21"}, {"n": "50000092257", "tvtn": "303", "tvan": "303", "vag": "0", "tvtl": "8", "tval": "8"}, {"n": "50000114517", "tvtn": "1172", "tvan": "1172", "vag": "0", "tvtl": "38", "tval": "38"}, {"n": "50000142130", "tvtn": "3303", "tvan": "3303", "vag": "3", "tvtl": "474", "tval": "474"}, {"n": "50000093839", "tvtn": "2799", "tvan": "2799", "vag": "2", "tvtl": "237", "tval": "237"}, {"n": "50000142101", "tvtn": "2681", "tvan": "2681", "vag": "2", "tvtl": "86", "tval": "86"}, {"n": "50000061718", "tvtn": "4323", "tvan": "4323", "vag": "3", "tvtl": "480", "tval": "480"}, {"n": "50000090368", "tvtn": "250", "tvan": "250", "vag": "0", "tvtl": "33", "tval": "33"}, {"n": "50000105444", "tvtn": "253", "tvan": "253", "vag": "0", "tvtl": "6", "tval": "6"}, {"n": "50000061747", "tvtn": "3368", "tvan": "3368", "vag": "2", "tvtl": "105", "tval": "105"}, {"n": "50000085077", "tvtn": "1352", "tvan": "1352", "vag": "1", "tvtl": "70", "tval": "70"}, {"n": "50000134414", "tvtn": "238", "tvan": "238", "vag": "0", "tvtl": "19", "tval": "19"}], "part": [{"n": "13", "tvtn": "888", "tvan": "888", "tvtl": "25", "tval": "25"}, {"n": "23", "tvtn": "95", "tvan": "95", "tvtl": "21", "tval": "21"}, {"n": "18", "tvtn": "303", "tvan": "303", "tvtl": "8", "tval": "8"}, {"n": "10", "tvtn": "1172", "tvan": "1172", "tvtl": "38", "tval": "38"}, {"n": "77", "tvtn": "3303", "tvan": "3303", "tvtl": "474", "tval": "474"}, {"n": "25", "tvtn": "2799", "tvan": "2799", "tvtl": "237", "tval": "237"}, {"n": "11", "tvtn": "2681", "tvan": "2681", "tvtl": "86", "tval": "86"}, {"n": "12", "tvtn": "4323", "tvan": "4323", "tvtl": "480", "tval": "480"}, {"n": "22", "tvtn": "250", "tvan": "250", "tvtl": "33", "tval": "33"}, {"n": "90", "tvtn": "253", "tvan": "253", "tvtl": "6", "tval": "6"}, {"n": "55", "tvtn": "3368", "tvan": "3368", "tvtl": "105", "tval": "105"}, {"n": "20", "tvtn": "1352", "tvan": "1352", "tvtl": "70", "tval": "70"}, {"n": "50", "tvtn": "238", "tvan": "238", "tvtl": "19", "tval": "19"}], "cand": [{"seq": "114", "n": "13013", "vap": "157", "pvap": "   0,69", "e": "N", "st": "N\u00e3o eleito"}, {"seq": "133", "n": "13555", "vap": "46", "pvap": "   0,20", "e": "N", "st": "N\u00e3o eleito"}, {"seq": "126", "n": "13136", "vap": "61", "pvap": "   0,27", "e": "N", "st": "N\u00e3o eleito"}, {"seq": "155", "n": "13444", "vap": "24", "pvap": "   0,11", "e": "N", "st": "N\u00e3o eleito"}, {"seq": "134", "n": "13113", "vap": "46", "pvap": "   0,20", "e": "N", "st": "N\u00e3o eleito"}, {"seq": "122", "n": "13777", "vap": "96", "pvap": "   0,42", "e": "N", "st": "N\u00e3o eleito"}, {"seq": "180", "n": "13200", "vap": "5", "pvap": "   0,02", "e": "N", "st": "N\u00e3o eleito"}, {"seq": "168", "n": "13300", "vap": "14", "pvap": "   0,06", "e": "N", "st": "N\u00e3o eleito"}, {"seq": "117", "n": "13222", "vap": "110", "pvap": "   0,49", "e": "N", "st": "N\u00e3o eleito"}, {"seq": "121", "n": "13333", "vap": "100", "pvap": "   0,44", "e": "N", "st": "N\u00e3o eleito"}, {"seq": "129", "n": "13000", "vap": "49", "pvap": "   0,22", "e": "N", "st": "N\u00e3o eleito"}, {"seq": "119", "n": "13111", "vap": "105", "pvap": "   0,46", "e": "N", "st": "N\u00e3o eleito"}, {"seq": "124", "n": "13123", "vap": "75", "pvap": "   0,33", "e": "N", "st": "N\u00e3o eleito"}, {"seq": "184", "n": "23000", "vap": "0", "pvap": "00.00", "e": "N", "st": "N\u00e3o eleito"}, {"seq": "158", "n": "23444", "vap": "22", "pvap": "   0,10", "e": "N", "st": "N\u00e3o eleito"}, {"seq": "137", "n": "23555", "vap": "41", "pvap": "   0,18", "e": "N", "st": "N\u00e3o eleito"}, {"seq": "182", "n": "23111", "vap": "3", "pvap": "   0,01", "e": "N", "st": "N\u00e3o eleito"}, {"seq": "174", "n": "23333", "vap": "9", "pvap": "   0,04", "e": "N", "st": "N\u00e3o eleito"}, {"seq": "163", "n": "23456", "vap": "20", "pvap": "   0,09", "e": "N", "st": "N\u00e3o eleito"}, {"seq": "171", "n": "18333", "vap": "12", "pvap": "   0,05", "e": "N", "st": "N\u00e3o eleito"}, {"seq": "183", "n": "18777", "vap": "3", "pvap": "   0,01", "e": "N", "st": "N\u00e3o eleito"}, {"seq": "150", "n": "18551", "vap": "29", "pvap": "   0,13", "e": "N", "st": "N\u00e3o eleito"}, {"seq": "167", "n": "18999", "vap": "14", "pvap": "   0,06", "e": "N", "st": "N\u00e3o eleito"}, {"seq": "144", "n": "18233", "vap": "32", "pvap": "   0,14", "e": "N", "st": "N\u00e3o eleito"}, {"seq": "169", "n": "18018", "vap": "13", "pvap": "   0,06", "e": "N", "st": "N\u00e3o eleito"}, {"seq": "142", "n": "18888", "vap": "33", "pvap": "   0,15", "e": "N", "st": "N\u00e3o eleito"}, {"seq": "148", "n": "18444", "vap": "31", "pvap": "   0,14", "e": "N", "st": "N\u00e3o eleito"}, {"seq": "156", "n": "18222", "vap": "24", "pvap": "   0,11", "e": "N", "st": "N\u00e3o eleito"}, {"seq": "138", "n": "18111", "vap": "40", "pvap": "   0,18", "e": "N", "st": "N\u00e3o eleito"}, {"seq": "136", "n": "18123", "vap": "41", "pvap": "   0,18", "e": "N", "st": "N\u00e3o eleito"}, {"seq": "147", "n": "18000", "vap": "31", "pvap": "   0,14", "e": "N", "st": "N\u00e3o eleito"}, {"seq": "179", "n": "10800", "vap": "6", "pvap": "   0,03", "e": "N", "st": "N\u00e3o eleito"}, {"seq": "159", "n": "10333", "vap": "21", "pvap": "   0,09", "e": "N", "st": "N\u00e3o eleito"}, {"seq": "131", "n": "10999", "vap": "47", "pvap": "   0,21", "e": "N", "st": "N\u00e3o eleito"}, {"seq": "130", "n": "10222", "vap": "48", "pvap": "   0,21", "e": "N", "st": "N\u00e3o eleito"}, {"seq": "128", "n": "10144", "vap": "60", "pvap": "   0,27", "e": "N", "st": "N\u00e3o eleito"}, {"seq": "113", "n": "10000", "vap": "168", "pvap": "   0,74", "e": "N", "st": "N\u00e3o eleito"}, {"seq": "172", "n": "10429", "vap": "10", "pvap": "   0,04", "e": "N", "st": "N\u00e3o eleito"}, {"seq": "112", "n": "10123", "vap": "254", "pvap": "   1,12", "e": "N", "st": "N\u00e3o eleito"}, {"seq": "123", "n": "10888", "vap": "87", "pvap": "   0,38", "e": "N", "st": "N\u00e3o eleito"}, {"seq": "116", "n": "10456", "vap": "121", "pvap": "   0,53", "e": "N", "st": "N\u00e3o eleito"}, {"seq": "120", "n": "10900", "vap": "101", "pvap": "   0,45", "e": "N", "st": "N\u00e3o eleito"}, {"seq": "118", "n": "10789", "vap": "109", "pvap": "   0,48", "e": "N", "st": "N\u00e3o eleito"}, {"seq": "162", "n": "10987", "vap": "20", "pvap": "   0,09", "e": "N", "st": "N\u00e3o eleito"}, {"seq": "143", "n": "10113", "vap": "32", "pvap": "   0,14", "e": "N", "st": "N\u00e3o eleito"}, {"seq": "175", "n": "10100", "vap": "9", "pvap": "   0,04", "e": "N", "st": "N\u00e3o eleito"}, {"seq": "177", "n": "10156", "vap": "7", "pvap": "   0,03", "e": "N", "st": "N\u00e3o eleito"}, {"seq": "153", "n": "10555", "vap": "26", "pvap": "   0,11", "e": "N", "st": "N\u00e3o eleito"}, {"seq": "132", "n": "10678", "vap": "46", "pvap": "   0,20", "e": "N", "st": "N\u00e3o eleito"}, {"seq": "80", "n": "77444", "vap": "44", "pvap": "   0,19", "e": "N", "st": "Suplente"}, {"seq": "16", "n": "77777", "vap": "386", "pvap": "   1,71", "e": "N", "st": "Suplente"}, {"seq": "76", "n": "77221", "vap": "52", "pvap": "   0,23", "e": "N", "st": "Suplente"}, {"seq": "74", "n": "77999", "vap": "54", "pvap": "   0,24", "e": "N", "st": "Suplente"}, {"seq": "29", "n": "77572", "vap": "219", "pvap": "   0,97", "e": "N", "st": "Suplente"}, {"seq": "91", "n": "77077", "vap": "27", "pvap": "   0,12", "e": "N", "st": "Suplente"}, {"seq": "99", "n": "77456", "vap": "11", "pvap": "   0,05", "e": "N", "st": "Suplente"}, {"seq": "84", "n": "77543", "vap": "37", "pvap": "   0,16", "e": "N", "st": "Suplente"}, {"seq": "32", "n": "77222", "vap": "180", "pvap": "   0,80", "e": "N", "st": "Suplente"}, {"seq": "82", "n": "77120", "vap": "39", "pvap": "   0,17", "e": "N", "st": "Suplente"}, {"seq": "77", "n": "77727", "vap": "50", "pvap": "   0,22", "e": "N", "st": "Suplente"}, {"seq": "12", "n": "77555", "vap": "404", "pvap": "   1,79", "e": "S", "st": "Eleito"}, {"seq": "65", "n": "77111", "vap": "73", "pvap": "   0,32", "e": "N", "st": "Suplente"}, {"seq": "6", "n": "77333", "vap": "578", "pvap": "   2,55", "e": "S", "st": "Eleito"}, {"seq": "15", "n": "77888", "vap": "400", "pvap": "   1,77", "e": "N", "st": "Suplente"}, {"seq": "8", "n": "77123", "vap": "515", "pvap": "   2,28", "e": "S", "st": "Eleito"}, {"seq": "61", "n": "77788", "vap": "86", "pvap": "   0,38", "e": "N", "st": "Suplente"}, {"seq": "85", "n": "77700", "vap": "33", "pvap": "   0,15", "e": "N", "st": "Suplente"}, {"seq": "51", "n": "77000", "vap": "114", "pvap": "   0,50", "e": "N", "st": "Suplente"}, {"seq": "109", "n": "77022", "vap": "1", "pvap": "   0,00", "e": "N", "st": "Suplente"}, {"seq": "90", "n": "25255", "vap": "27", "pvap": "   0,12", "e": "N", "st": "Suplente"}, {"seq": "96", "n": "25258", "vap": "15", "pvap": "   0,07", "e": "N", "st": "Suplente"}, {"seq": "22", "n": "25155", "vap": "277", "pvap": "   1,22", "e": "N", "st": "Suplente"}, {"seq": "20", "n": "25666", "vap": "298", "pvap": "   1,32", "e": "N", "st": "Suplente"}, {"seq": "11", "n": "25555", "vap": "407", "pvap": "   1,80", "e": "S", "st": "Eleito"}, {"seq": "40", "n": "25100", "vap": "144", "pvap": "   0,64", "e": "N", "st": "Suplente"}, {"seq": "93", "n": "25031", "vap": "24", "pvap": "   0,11", "e": "N", "st": "Suplente"}, {"seq": "67", "n": "25222", "vap": "69", "pvap": "   0,30", "e": "N", "st": "Suplente"}, {"seq": "37", "n": "25123", "vap": "155", "pvap": "   0,69", "e": "N", "st": "Suplente"}, {"seq": "92", "n": "25000", "vap": "25", "pvap": "   0,11", "e": "N", "st": "Suplente"}, {"seq": "71", "n": "25133", "vap": "61", "pvap": "   0,27", "e": "N", "st": "Suplente"}, {"seq": "2", "n": "25111", "vap": "773", "pvap": "   3,42", "e": "S", "st": "Eleito"}, {"seq": "68", "n": "25888", "vap": "69", "pvap": "   0,30", "e": "N", "st": "Suplente"}, {"seq": "86", "n": "25266", "vap": "31", "pvap": "   0,14", "e": "N", "st": "Suplente"}, {"seq": "97", "n": "25456", "vap": "15", "pvap": "   0,07", "e": "N", "st": "Suplente"}, {"seq": "100", "n": "25333", "vap": "11", "pvap": "   0,05", "e": "N", "st": "Suplente"}, {"seq": "107", "n": "25444", "vap": "3", "pvap": "   0,01", "e": "N", "st": "Suplente"}, {"seq": "28", "n": "25999", "vap": "220", "pvap": "   0,97", "e": "N", "st": "Suplente"}, {"seq": "58", "n": "25369", "vap": "89", "pvap": "   0,39", "e": "N", "st": "Suplente"}, {"seq": "60", "n": "25777", "vap": "86", "pvap": "   0,38", "e": "N", "st": "Suplente"}, {"seq": "31", "n": "11666", "vap": "192", "pvap": "   0,85", "e": "N", "st": "Suplente"}, {"seq": "81", "n": "11000", "vap": "41", "pvap": "   0,18", "e": "N", "st": "Suplente"}, {"seq": "88", "n": "11011", "vap": "30", "pvap": "   0,13", "e": "N", "st": "Suplente"}, {"seq": "62", "n": "11444", "vap": "84", "pvap": "   0,37", "e": "N", "st": "Suplente"}, {"seq": "108", "n": "11888", "vap": "2", "pvap": "   0,01", "e": "N", "st": "Suplente"}, {"seq": "69", "n": "11007", "vap": "67", "pvap": "   0,30", "e": "N", "st": "Suplente"}, {"seq": "111", "n": "11608", "vap": "0", "pvap": "00.00", "e": "N", "st": "Suplente"}, {"seq": "103", "n": "11177", "vap": "8", "pvap": "   0,04", "e": "N", "st": "Suplente"}, {"seq": "47", "n": "11123", "vap": "126", "pvap": "   0,56", "e": "N", "st": "Suplente"}, {"seq": "72", "n": "11223", "vap": "60", "pvap": "   0,27", "e": "N", "st": "Suplente"}, {"seq": "1", "n": "11111", "vap": "791", "pvap": "   3,50", "e": "S", "st": "Eleito"}, {"seq": "43", "n": "11600", "vap": "137", "pvap": "   0,61", "e": "N", "st": "Suplente"}, {"seq": "52", "n": "11620", "vap": "114", "pvap": "   0,50", "e": "N", "st": "Suplente"}, {"seq": "73", "n": "11333", "vap": "57", "pvap": "   0,25", "e": "N", "st": "Suplente"}, {"seq": "7", "n": "11222", "vap": "557", "pvap": "   2,46", "e": "S", "st": "Eleito"}, {"seq": "14", "n": "11777", "vap": "415", "pvap": "   1,83", "e": "N", "st": "Suplente"}, {"seq": "23", "n": "12012", "vap": "273", "pvap": "   1,21", "e": "N", "st": "Suplente"}, {"seq": "5", "n": "12344", "vap": "578", "pvap": "   2,55", "e": "S", "st": "Eleito"}, {"seq": "30", "n": "12300", "vap": "202", "pvap": "   0,89", "e": "N", "st": "Suplente"}, {"seq": "27", "n": "12555", "vap": "229", "pvap": "   1,01", "e": "N", "st": "Suplente"}, {"seq": "4", "n": "12666", "vap": "631", "pvap": "   2,79", "e": "S", "st": "Eleito"}, {"seq": "34", "n": "12333", "vap": "168", "pvap": "   0,74", "e": "N", "st": "Suplente"}, {"seq": "19", "n": "12123", "vap": "333", "pvap": "   1,47", "e": "N", "st": "Suplente"}, {"seq": "95", "n": "12200", "vap": "15", "pvap": "   0,07", "e": "N", "st": "Suplente"}, {"seq": "54", "n": "12777", "vap": "105", "pvap": "   0,46", "e": "N", "st": "Suplente"}, {"seq": "9", "n": "12101", "vap": "437", "pvap": "   1,93", "e": "S", "st": "Eleito"}, {"seq": "64", "n": "12111", "vap": "83", "pvap": "   0,37", "e": "N", "st": "Suplente"}, {"seq": "101", "n": "12369", "vap": "8", "pvap": "   0,04", "e": "N", "st": "Suplente"}, {"seq": "21", "n": "12000", "vap": "281", "pvap": "   1,24", "e": "N", "st": "Suplente"}, {"seq": "83", "n": "12122", "vap": "38", "pvap": "   0,17", "e": "N", "st": "Suplente"}, {"seq": "106", "n": "12999", "vap": "4", "pvap": "   0,02", "e": "N", "st": "Suplente"}, {"seq": "24", "n": "12120", "vap": "273", "pvap": "   1,21", "e": "N", "st": "Suplente"}, {"seq": "18", "n": "12444", "vap": "337", "pvap": "   1,49", "e": "N", "st": "Suplente"}, {"seq": "53", "n": "12621", "vap": "113", "pvap": "   0,50", "e": "N", "st": "Suplente"}, {"seq": "33", "n": "12345", "vap": "170", "pvap": "   0,75", "e": "N", "st": "Suplente"}, {"seq": "79", "n": "12222", "vap": "45", "pvap": "   0,20", "e": "N", "st": "Suplente"}, {"seq": "149", "n": "22123", "vap": "30", "pvap": "   0,13", "e": "N", "st": "N\u00e3o eleito"}, {"seq": "165", "n": "22777", "vap": "16", "pvap": "   0,07", "e": "N", "st": "N\u00e3o eleito"}, {"seq": "181", "n": "22789", "vap": "5", "pvap": "   0,02", "e": "N", "st": "N\u00e3o eleito"}, {"seq": "141", "n": "22333", "vap": "33", "pvap": "   0,15", "e": "N", "st": "N\u00e3o eleito"}, {"seq": "151", "n": "22345", "vap": "28", "pvap": "   0,12", "e": "N", "st": "N\u00e3o eleito"}, {"seq": "139", "n": "22222", "vap": "37", "pvap": "   0,16", "e": "N", "st": "N\u00e3o eleito"}, {"seq": "145", "n": "22555", "vap": "32", "pvap": "   0,14", "e": "N", "st": "N\u00e3o eleito"}, {"seq": "176", "n": "22022", "vap": "8", "pvap": "   0,04", "e": "N", "st": "N\u00e3o eleito"}, {"seq": "127", "n": "22520", "vap": "61", "pvap": "   0,27", "e": "N", "st": "N\u00e3o eleito"}, {"seq": "164", "n": "90333", "vap": "18", "pvap": "   0,08", "e": "N", "st": "N\u00e3o eleito"}, {"seq": "135", "n": "90123", "vap": "42", "pvap": "   0,19", "e": "N", "st": "N\u00e3o eleito"}, {"seq": "152", "n": "90555", "vap": "28", "pvap": "   0,12", "e": "N", "st": "N\u00e3o eleito"}, {"seq": "161", "n": "90444", "vap": "21", "pvap": "   0,09", "e": "N", "st": "N\u00e3o eleito"}, {"seq": "157", "n": "90000", "vap": "22", "pvap": "   0,10", "e": "N", "st": "N\u00e3o eleito"}, {"seq": "187", "n": "90258", "vap": "0", "pvap": "00.00", "e": "N", "st": "N\u00e3o eleito"}, {"seq": "188", "n": "90789", "vap": "0", "pvap": "00.00", "e": "N", "st": "N\u00e3o eleito"}, {"seq": "154", "n": "90999", "vap": "25", "pvap": "   0,11", "e": "N", "st": "N\u00e3o eleito"}, {"seq": "186", "n": "90093", "vap": "0", "pvap": "00.00", "e": "N", "st": "N\u00e3o eleito"}, {"seq": "125", "n": "90380", "vap": "66", "pvap": "   0,29", "e": "N", "st": "N\u00e3o eleito"}, {"seq": "173", "n": "90222", "vap": "10", "pvap": "   0,04", "e": "N", "st": "N\u00e3o eleito"}, {"seq": "185", "n": "90456", "vap": "0", "pvap": "00.00", "e": "N", "st": "N\u00e3o eleito"}, {"seq": "160", "n": "90777", "vap": "21", "pvap": "   0,09", "e": "N", "st": "N\u00e3o eleito"}, {"seq": "110", "n": "55999", "vap": "1", "pvap": "   0,00", "e": "N", "st": "Suplente"}, {"seq": "89", "n": "55888", "vap": "29", "pvap": "   0,13", "e": "N", "st": "Suplente"}, {"seq": "63", "n": "55612", "vap": "84", "pvap": "   0,37", "e": "N", "st": "Suplente"}, {"seq": "26", "n": "55777", "vap": "241", "pvap": "   1,07", "e": "N", "st": "Suplente"}, {"seq": "3", "n": "55620", "vap": "739", "pvap": "   3,27", "e": "S", "st": "Eleito"}, {"seq": "10", "n": "55555", "vap": "423", "pvap": "   1,87", "e": "S", "st": "Eleito"}, {"seq": "17", "n": "55456", "vap": "356", "pvap": "   1,57", "e": "N", "st": "Suplente"}, {"seq": "45", "n": "55789", "vap": "132", "pvap": "   0,58", "e": "N", "st": "Suplente"}, {"seq": "102", "n": "55678", "vap": "8", "pvap": "   0,04", "e": "N", "st": "Suplente"}, {"seq": "46", "n": "55111", "vap": "130", "pvap": "   0,57", "e": "N", "st": "Suplente"}, {"seq": "25", "n": "55123", "vap": "246", "pvap": "   1,09", "e": "N", "st": "Suplente"}, {"seq": "55", "n": "55345", "vap": "93", "pvap": "   0,41", "e": "N", "st": "Suplente"}, {"seq": "75", "n": "55533", "vap": "52", "pvap": "   0,23", "e": "N", "st": "Suplente"}, {"seq": "44", "n": "55333", "vap": "132", "pvap": "   0,58", "e": "N", "st": "Suplente"}, {"seq": "70", "n": "55055", "vap": "63", "pvap": "   0,28", "e": "N", "st": "Suplente"}, {"seq": "41", "n": "55511", "vap": "142", "pvap": "   0,63", "e": "N", "st": "Suplente"}, {"seq": "59", "n": "55444", "vap": "88", "pvap": "   0,39", "e": "N", "st": "Suplente"}, {"seq": "49", "n": "55222", "vap": "121", "pvap": "   0,53", "e": "N", "st": "Suplente"}, {"seq": "38", "n": "55500", "vap": "150", "pvap": "   0,66", "e": "N", "st": "Suplente"}, {"seq": "42", "n": "55699", "vap": "138", "pvap": "   0,61", "e": "N", "st": "Suplente"}, {"seq": "56", "n": "20111", "vap": "92", "pvap": "   0,41", "e": "N", "st": "Suplente"}, {"seq": "104", "n": "20676", "vap": "7", "pvap": "   0,03", "e": "N", "st": "Suplente"}, {"seq": "35", "n": "20555", "vap": "167", "pvap": "   0,74", "e": "N", "st": "Suplente"}, {"seq": "57", "n": "20222", "vap": "92", "pvap": "   0,41", "e": "N", "st": "Suplente"}, {"seq": "39", "n": "20999", "vap": "148", "pvap": "   0,65", "e": "N", "st": "Suplente"}, {"seq": "36", "n": "20333", "vap": "157", "pvap": "   0,69", "e": "N", "st": "Suplente"}, {"seq": "48", "n": "20123", "vap": "124", "pvap": "   0,55", "e": "N", "st": "Suplente"}, {"seq": "87", "n": "20720", "vap": "30", "pvap": "   0,13", "e": "N", "st": "Suplente"}, {"seq": "13", "n": "20000", "vap": "261", "pvap": "   1,15", "e": "S", "st": "Eleito"}, {"seq": "105", "n": "20789", "vap": "6", "pvap": "   0,03", "e": "N", "st": "Suplente"}, {"seq": "98", "n": "20030", "vap": "12", "pvap": "   0,05", "e": "N", "st": "Suplente"}, {"seq": "94", "n": "20020", "vap": "19", "pvap": "   0,08", "e": "N", "st": "Suplente"}, {"seq": "66", "n": "20444", "vap": "69", "pvap": "   0,30", "e": "N", "st": "Suplente"}, {"seq": "50", "n": "20777", "vap": "121", "pvap": "   0,53", "e": "N", "st": "Suplente"}, {"seq": "78", "n": "20888", "vap": "47", "pvap": "   0,21", "e": "N", "st": "Suplente"}, {"seq": "178", "n": "50222", "vap": "6", "pvap": "   0,03", "e": "N", "st": "N\u00e3o eleito"}, {"seq": "166", "n": "50777", "vap": "16", "pvap": "   0,07", "e": "N", "st": "N\u00e3o eleito"}, {"seq": "115", "n": "50555", "vap": "137", "pvap": "   0,61", "e": "N", "st": "N\u00e3o eleito"}, {"seq": "140", "n": "50100", "vap": "34", "pvap": "   0,15", "e": "N", "st": "N\u00e3o eleito"}, {"seq": "146", "n": "50888", "vap": "32", "pvap": "   0,14", "e": "N", "st": "N\u00e3o eleito"}, {"seq": "170", "n": "50000", "vap": "13", "pvap": "   0,06", "e": "N", "st": "N\u00e3o eleito"}]}, {"dt": "15/11/2020", "ht": "22:34:00", "tf": "S", "and": "F", "tpabr": "ZONA", "cdabr": "144", "s": "75", "st": "75", "snt": "0", "si": "75", "sni": "0", "sa": "75", "sna": "0", "pst": " 100,00", "psnt": "   0,00", "psi": " 100,00", "psni": "   0,00", "psa": " 100,00", "psna": "   0,00", "e": "32516", "ea": "32516", "ena": "0", "esi": "32516", "esni": "0", "a": "8503", "c": "24013", "pea": " 100,00", "pena": "   0,00", "pesi": " 100,00", "pesni": "   0,00", "pa": "  26,15", "pc": "  73,85", "vnom": "21025", "vscv": "0", "vl": "1602", "tv": "24013", "vvc": "22627", "vb": "448", "tvn": "938", "vn": "938", "vnt": "0", "vp": "0", "vv": "22627", "van": "0", "vansj": "0", "pvnom": "  92,92", "pvl": "   7,08", "pvvc": "  94,23", "pvb": "   1,86", "ptvn": "   3,91", "pvn": " 100,00", "pvnt": "   0,00", "pvp": "   0,00", "pvv": " 100,00", "pvan": "   0,00", "pvansj": "   0,00", "cand": [{"seq": "112", "n": "10123", "vap": "254", "pvap": "   1,12", "e": "N", "st": "N\u00e3o eleito"}, {"seq": "113", "n": "10000", "vap": "168", "pvap": "   0,74", "e": "N", "st": "N\u00e3o eleito"}, {"seq": "116", "n": "10456", "vap": "121", "pvap": "   0,53", "e": "N", "st": "N\u00e3o eleito"}, {"seq": "118", "n": "10789", "vap": "109", "pvap": "   0,48", "e": "N", "st": "N\u00e3o eleito"}, {"seq": "120", "n": "10900", "vap": "101", "pvap": "   0,45", "e": "N", "st": "N\u00e3o eleito"}, {"seq": "123", "n": "10888", "vap": "87", "pvap": "   0,38", "e": "N", "st": "N\u00e3o eleito"}, {"seq": "128", "n": "10144", "vap": "60", "pvap": "   0,27", "e": "N", "st": "N\u00e3o eleito"}, {"seq": "130", "n": "10222", "vap": "48", "pvap": "   0,21", "e": "N", "st": "N\u00e3o eleito"}, {"seq": "131", "n": "10999", "vap": "47", "pvap": "   0,21", "e": "N", "st": "N\u00e3o eleito"}, {"seq": "132", "n": "10678", "vap": "46", "pvap": "   0,20", "e": "N", "st": "N\u00e3o eleito"}, {"seq": "143", "n": "10113", "vap": "32", "pvap": "   0,14", "e": "N", "st": "N\u00e3o eleito"}, {"seq": "153", "n": "10555", "vap": "26", "pvap": "   0,11", "e": "N", "st": "N\u00e3o eleito"}, {"seq": "159", "n": "10333", "vap": "21", "pvap": "   0,09", "e": "N", "st": "N\u00e3o eleito"}, {"seq": "162", "n": "10987", "vap": "20", "pvap": "   0,09", "e": "N", "st": "N\u00e3o eleito"}, {"seq": "172", "n": "10429", "vap": "10", "pvap": "   0,04", "e": "N", "st": "N\u00e3o eleito"}, {"seq": "175", "n": "10100", "vap": "9", "pvap": "   0,04", "e": "N", "st": "N\u00e3o eleito"}, {"seq": "177", "n": "10156", "vap": "7", "pvap": "   0,03", "e": "N", "st": "N\u00e3o eleito"}, {"seq": "179", "n": "10800", "vap": "6", "pvap": "   0,03", "e": "N", "st": "N\u00e3o eleito"}, {"seq": "136", "n": "18123", "vap": "41", "pvap": "   0,18", "e": "N", "st": "N\u00e3o eleito"}, {"seq": "138", "n": "18111", "vap": "40", "pvap": "   0,18", "e": "N", "st": "N\u00e3o eleito"}, {"seq": "142", "n": "18888", "vap": "33", "pvap": "   0,15", "e": "N", "st": "N\u00e3o eleito"}, {"seq": "144", "n": "18233", "vap": "32", "pvap": "   0,14", "e": "N", "st": "N\u00e3o eleito"}, {"seq": "147", "n": "18000", "vap": "31", "pvap": "   0,14", "e": "N", "st": "N\u00e3o eleito"}, {"seq": "148", "n": "18444", "vap": "31", "pvap": "   0,14", "e": "N", "st": "N\u00e3o eleito"}, {"seq": "150", "n": "18551", "vap": "29", "pvap": "   0,13", "e": "N", "st": "N\u00e3o eleito"}, {"seq": "156", "n": "18222", "vap": "24", "pvap": "   0,11", "e": "N", "st": "N\u00e3o eleito"}, {"seq": "167", "n": "18999", "vap": "14", "pvap": "   0,06", "e": "N", "st": "N\u00e3o eleito"}, {"seq": "169", "n": "18018", "vap": "13", "pvap": "   0,06", "e": "N", "st": "N\u00e3o eleito"}, {"seq": "171", "n": "18333", "vap": "12", "pvap": "   0,05", "e": "N", "st": "N\u00e3o eleito"}, {"seq": "183", "n": "18777", "vap": "3", "pvap": "   0,01", "e": "N", "st": "N\u00e3o eleito"}, {"seq": "13", "n": "20000", "vap": "261", "pvap": "   1,15", "e": "S", "st": "Eleito"}, {"seq": "35", "n": "20555", "vap": "167", "pvap": "   0,74", "e": "N", "st": "Suplente"}, {"seq": "36", "n": "20333", "vap": "157", "pvap": "   0,69", "e": "N", "st": "Suplente"}, {"seq": "39", "n": "20999", "vap": "148", "pvap": "   0,65", "e": "N", "st": "Suplente"}, {"seq": "48", "n": "20123", "vap": "124", "pvap": "   0,55", "e": "N", "st": "Suplente"}, {"seq": "50", "n": "20777", "vap": "121", "pvap": "   0,53", "e": "N", "st": "Suplente"}, {"seq": "56", "n": "20111", "vap": "92", "pvap": "   0,41", "e": "N", "st": "Suplente"}, {"seq": "57", "n": "20222", "vap": "92", "pvap": "   0,41", "e": "N", "st": "Suplente"}, {"seq": "66", "n": "20444", "vap": "69", "pvap": "   0,30", "e": "N", "st": "Suplente"}, {"seq": "78", "n": "20888", "vap": "47", "pvap": "   0,21", "e": "N", "st": "Suplente"}, {"seq": "87", "n": "20720", "vap": "30", "pvap": "   0,13", "e": "N", "st": "Suplente"}, {"seq": "94", "n": "20020", "vap": "19", "pvap": "   0,08", "e": "N", "st": "Suplente"}, {"seq": "98", "n": "20030", "vap": "12", "pvap": "   0,05", "e": "N", "st": "Suplente"}, {"seq": "104", "n": "20676", "vap": "7", "pvap": "   0,03", "e": "N", "st": "Suplente"}, {"seq": "105", "n": "20789", "vap": "6", "pvap": "   0,03", "e": "N", "st": "Suplente"}, {"seq": "115", "n": "50555", "vap": "137", "pvap": "   0,61", "e": "N", "st": "N\u00e3o eleito"}, {"seq": "140", "n": "50100", "vap": "34", "pvap": "   0,15", "e": "N", "st": "N\u00e3o eleito"}, {"seq": "146", "n": "50888", "vap": "32", "pvap": "   0,14", "e": "N", "st": "N\u00e3o eleito"}, {"seq": "166", "n": "50777", "vap": "16", "pvap": "   0,07", "e": "N", "st": "N\u00e3o eleito"}, {"seq": "170", "n": "50000", "vap": "13", "pvap": "   0,06", "e": "N", "st": "N\u00e3o eleito"}, {"seq": "178", "n": "50222", "vap": "6", "pvap": "   0,03", "e": "N", "st": "N\u00e3o eleito"}, {"seq": "3", "n": "55620", "vap": "739", "pvap": "   3,27", "e": "S", "st": "Eleito"}, {"seq": "10", "n": "55555", "vap": "423", "pvap": "   1,87", "e": "S", "st": "Eleito"}, {"seq": "17", "n": "55456", "vap": "356", "pvap": "   1,57", "e": "N", "st": "Suplente"}, {"seq": "25", "n": "55123", "vap": "246", "pvap": "   1,09", "e": "N", "st": "Suplente"}, {"seq": "26", "n": "55777", "vap": "241", "pvap": "   1,07", "e": "N", "st": "Suplente"}, {"seq": "38", "n": "55500", "vap": "150", "pvap": "   0,66", "e": "N", "st": "Suplente"}, {"seq": "41", "n": "55511", "vap": "142", "pvap": "   0,63", "e": "N", "st": "Suplente"}, {"seq": "42", "n": "55699", "vap": "138", "pvap": "   0,61", "e": "N", "st": "Suplente"}, {"seq": "44", "n": "55333", "vap": "132", "pvap": "   0,58", "e": "N", "st": "Suplente"}, {"seq": "45", "n": "55789", "vap": "132", "pvap": "   0,58", "e": "N", "st": "Suplente"}, {"seq": "46", "n": "55111", "vap": "130", "pvap": "   0,57", "e": "N", "st": "Suplente"}, {"seq": "49", "n": "55222", "vap": "121", "pvap": "   0,53", "e": "N", "st": "Suplente"}, {"seq": "55", "n": "55345", "vap": "93", "pvap": "   0,41", "e": "N", "st": "Suplente"}, {"seq": "59", "n": "55444", "vap": "88", "pvap": "   0,39", "e": "N", "st": "Suplente"}, {"seq": "63", "n": "55612", "vap": "84", "pvap": "   0,37", "e": "N", "st": "Suplente"}, {"seq": "70", "n": "55055", "vap": "63", "pvap": "   0,28", "e": "N", "st": "Suplente"}, {"seq": "75", "n": "55533", "vap": "52", "pvap": "   0,23", "e": "N", "st": "Suplente"}, {"seq": "89", "n": "55888", "vap": "29", "pvap": "   0,13", "e": "N", "st": "Suplente"}, {"seq": "102", "n": "55678", "vap": "8", "pvap": "   0,04", "e": "N", "st": "Suplente"}, {"seq": "110", "n": "55999", "vap": "1", "pvap": "   0,00", "e": "N", "st": "Suplente"}, {"seq": "4", "n": "12666", "vap": "631", "pvap": "   2,79", "e": "S", "st": "Eleito"}, {"seq": "5", "n": "12344", "vap": "578", "pvap": "   2,55", "e": "S", "st": "Eleito"}, {"seq": "9", "n": "12101", "vap": "437", "pvap": "   1,93", "e": "S", "st": "Eleito"}, {"seq": "18", "n": "12444", "vap": "337", "pvap": "   1,49", "e": "N", "st": "Suplente"}, {"seq": "19", "n": "12123", "vap": "333", "pvap": "   1,47", "e": "N", "st": "Suplente"}, {"seq": "21", "n": "12000", "vap": "281", "pvap": "   1,24", "e": "N", "st": "Suplente"}, {"seq": "23", "n": "12012", "vap": "273", "pvap": "   1,21", "e": "N", "st": "Suplente"}, {"seq": "24", "n": "12120", "vap": "273", "pvap": "   1,21", "e": "N", "st": "Suplente"}, {"seq": "27", "n": "12555", "vap": "229", "pvap": "   1,01", "e": "N", "st": "Suplente"}, {"seq": "30", "n": "12300", "vap": "202", "pvap": "   0,89", "e": "N", "st": "Suplente"}, {"seq": "33", "n": "12345", "vap": "170", "pvap": "   0,75", "e": "N", "st": "Suplente"}, {"seq": "34", "n": "12333", "vap": "168", "pvap": "   0,74", "e": "N", "st": "Suplente"}, {"seq": "53", "n": "12621", "vap": "113", "pvap": "   0,50", "e": "N", "st": "Suplente"}, {"seq": "54", "n": "12777", "vap": "105", "pvap": "   0,46", "e": "N", "st": "Suplente"}, {"seq": "64", "n": "12111", "vap": "83", "pvap": "   0,37", "e": "N", "st": "Suplente"}, {"seq": "79", "n": "12222", "vap": "45", "pvap": "   0,20", "e": "N", "st": "Suplente"}, {"seq": "83", "n": "12122", "vap": "38", "pvap": "   0,17", "e": "N", "st": "Suplente"}, {"seq": "95", "n": "12200", "vap": "15", "pvap": "   0,07", "e": "N", "st": "Suplente"}, {"seq": "101", "n": "12369", "vap": "8", "pvap": "   0,04", "e": "N", "st": "Suplente"}, {"seq": "106", "n": "12999", "vap": "4", "pvap": "   0,02", "e": "N", "st": "Suplente"}, {"seq": "114", "n": "13013", "vap": "157", "pvap": "   0,69", "e": "N", "st": "N\u00e3o eleito"}, {"seq": "117", "n": "13222", "vap": "110", "pvap": "   0,49", "e": "N", "st": "N\u00e3o eleito"}, {"seq": "119", "n": "13111", "vap": "105", "pvap": "   0,46", "e": "N", "st": "N\u00e3o eleito"}, {"seq": "121", "n": "13333", "vap": "100", "pvap": "   0,44", "e": "N", "st": "N\u00e3o eleito"}, {"seq": "122", "n": "13777", "vap": "96", "pvap": "   0,42", "e": "N", "st": "N\u00e3o eleito"}, {"seq": "124", "n": "13123", "vap": "75", "pvap": "   0,33", "e": "N", "st": "N\u00e3o eleito"}, {"seq": "126", "n": "13136", "vap": "61", "pvap": "   0,27", "e": "N", "st": "N\u00e3o eleito"}, {"seq": "129", "n": "13000", "vap": "49", "pvap": "   0,22", "e": "N", "st": "N\u00e3o eleito"}, {"seq": "133", "n": "13555", "vap": "46", "pvap": "   0,20", "e": "N", "st": "N\u00e3o eleito"}, {"seq": "134", "n": "13113", "vap": "46", "pvap": "   0,20", "e": "N", "st": "N\u00e3o eleito"}, {"seq": "155", "n": "13444", "vap": "24", "pvap": "   0,11", "e": "N", "st": "N\u00e3o eleito"}, {"seq": "168", "n": "13300", "vap": "14", "pvap": "   0,06", "e": "N", "st": "N\u00e3o eleito"}, {"seq": "180", "n": "13200", "vap": "5", "pvap": "   0,02", "e": "N", "st": "N\u00e3o eleito"}, {"seq": "2", "n": "25111", "vap": "773", "pvap": "   3,42", "e": "S", "st": "Eleito"}, {"seq": "11", "n": "25555", "vap": "407", "pvap": "   1,80", "e": "S", "st": "Eleito"}, {"seq": "20", "n": "25666", "vap": "298", "pvap": "   1,32", "e": "N", "st": "Suplente"}, {"seq": "22", "n": "25155", "vap": "277", "pvap": "   1,22", "e": "N", "st": "Suplente"}, {"seq": "28", "n": "25999", "vap": "220", "pvap": "   0,97", "e": "N", "st": "Suplente"}, {"seq": "37", "n": "25123", "vap": "155", "pvap": "   0,69", "e": "N", "st": "Suplente"}, {"seq": "40", "n": "25100", "vap": "144", "pvap": "   0,64", "e": "N", "st": "Suplente"}, {"seq": "58", "n": "25369", "vap": "89", "pvap": "   0,39", "e": "N", "st": "Suplente"}, {"seq": "60", "n": "25777", "vap": "86", "pvap": "   0,38", "e": "N", "st": "Suplente"}, {"seq": "67", "n": "25222", "vap": "69", "pvap": "   0,30", "e": "N", "st": "Suplente"}, {"seq": "68", "n": "25888", "vap": "69", "pvap": "   0,30", "e": "N", "st": "Suplente"}, {"seq": "71", "n": "25133", "vap": "61", "pvap": "   0,27", "e": "N", "st": "Suplente"}, {"seq": "86", "n": "25266", "vap": "31", "pvap": "   0,14", "e": "N", "st": "Suplente"}, {"seq": "90", "n": "25255", "vap": "27", "pvap": "   0,12", "e": "N", "st": "Suplente"}, {"seq": "92", "n": "25000", "vap": "25", "pvap": "   0,11", "e": "N", "st": "Suplente"}, {"seq": "93", "n": "25031", "vap": "24", "pvap": "   0,11", "e": "N", "st": "Suplente"}, {"seq": "96", "n": "25258", "vap": "15", "pvap": "   0,07", "e": "N", "st": "Suplente"}, {"seq": "97", "n": "25456", "vap": "15", "pvap": "   0,07", "e": "N", "st": "Suplente"}, {"seq": "100", "n": "25333", "vap": "11", "pvap": "   0,05", "e": "N", "st": "Suplente"}, {"seq": "107", "n": "25444", "vap": "3", "pvap": "   0,01", "e": "N", "st": "Suplente"}, {"seq": "6", "n": "77333", "vap": "578", "pvap": "   2,55", "e": "S", "st": "Eleito"}, {"seq": "8", "n": "77123", "vap": "515", "pvap": "   2,28", "e": "S", "st": "Eleito"}, {"seq": "12", "n": "77555", "vap": "404", "pvap": "   1,79", "e": "S", "st": "Eleito"}, {"seq": "15", "n": "77888", "vap": "400", "pvap": "   1,77", "e": "N", "st": "Suplente"}, {"seq": "16", "n": "77777", "vap": "386", "pvap": "   1,71", "e": "N", "st": "Suplente"}, {"seq": "29", "n": "77572", "vap": "219", "pvap": "   0,97", "e": "N", "st": "Suplente"}, {"seq": "32", "n": "77222", "vap": "180", "pvap": "   0,80", "e": "N", "st": "Suplente"}, {"seq": "51", "n": "77000", "vap": "114", "pvap": "   0,50", "e": "N", "st": "Suplente"}, {"seq": "61", "n": "77788", "vap": "86", "pvap": "   0,38", "e": "N", "st": "Suplente"}, {"seq": "65", "n": "77111", "vap": "73", "pvap": "   0,32", "e": "N", "st": "Suplente"}, {"seq": "74", "n": "77999", "vap": "54", "pvap": "   0,24", "e": "N", "st": "Suplente"}, {"seq": "76", "n": "77221", "vap": "52", "pvap": "   0,23", "e": "N", "st": "Suplente"}, {"seq": "77", "n": "77727", "vap": "50", "pvap": "   0,22", "e": "N", "st": "Suplente"}, {"seq": "80", "n": "77444", "vap": "44", "pvap": "   0,19", "e": "N", "st": "Suplente"}, {"seq": "82", "n": "77120", "vap": "39", "pvap": "   0,17", "e": "N", "st": "Suplente"}, {"seq": "84", "n": "77543", "vap": "37", "pvap": "   0,16", "e": "N", "st": "Suplente"}, {"seq": "85", "n": "77700", "vap": "33", "pvap": "   0,15", "e": "N", "st": "Suplente"}, {"seq": "91", "n": "77077", "vap": "27", "pvap": "   0,12", "e": "N", "st": "Suplente"}, {"seq": "99", "n": "77456", "vap": "11", "pvap": "   0,05", "e": "N", "st": "Suplente"}, {"seq": "109", "n": "77022", "vap": "1", "pvap": "   0,00", "e": "N", "st": "Suplente"}, {"seq": "127", "n": "22520", "vap": "61", "pvap": "   0,27", "e": "N", "st": "N\u00e3o eleito"}, {"seq": "139", "n": "22222", "vap": "37", "pvap": "   0,16", "e": "N", "st": "N\u00e3o eleito"}, {"seq": "141", "n": "22333", "vap": "33", "pvap": "   0,15", "e": "N", "st": "N\u00e3o eleito"}, {"seq": "145", "n": "22555", "vap": "32", "pvap": "   0,14", "e": "N", "st": "N\u00e3o eleito"}, {"seq": "149", "n": "22123", "vap": "30", "pvap": "   0,13", "e": "N", "st": "N\u00e3o eleito"}, {"seq": "151", "n": "22345", "vap": "28", "pvap": "   0,12", "e": "N", "st": "N\u00e3o eleito"}, {"seq": "165", "n": "22777", "vap": "16", "pvap": "   0,07", "e": "N", "st": "N\u00e3o eleito"}, {"seq": "176", "n": "22022", "vap": "8", "pvap": "   0,04", "e": "N", "st": "N\u00e3o eleito"}, {"seq": "181", "n": "22789", "vap": "5", "pvap": "   0,02", "e": "N", "st": "N\u00e3o eleito"}, {"seq": "125", "n": "90380", "vap": "66", "pvap": "   0,29", "e": "N", "st": "N\u00e3o eleito"}, {"seq": "135", "n": "90123", "vap": "42", "pvap": "   0,19", "e": "N", "st": "N\u00e3o eleito"}, {"seq": "152", "n": "90555", "vap": "28", "pvap": "   0,12", "e": "N", "st": "N\u00e3o eleito"}, {"seq": "154", "n": "90999", "vap": "25", "pvap": "   0,11", "e": "N", "st": "N\u00e3o eleito"}, {"seq": "157", "n": "90000", "vap": "22", "pvap": "   0,10", "e": "N", "st": "N\u00e3o eleito"}, {"seq": "160", "n": "90777", "vap": "21", "pvap": "   0,09", "e": "N", "st": "N\u00e3o eleito"}, {"seq": "161", "n": "90444", "vap": "21", "pvap": "   0,09", "e": "N", "st": "N\u00e3o eleito"}, {"seq": "164", "n": "90333", "vap": "18", "pvap": "   0,08", "e": "N", "st": "N\u00e3o eleito"}, {"seq": "173", "n": "90222", "vap": "10", "pvap": "   0,04", "e": "N", "st": "N\u00e3o eleito"}, {"seq": "185", "n": "90456", "vap": "0", "pvap": "00.00", "e": "N", "st": "N\u00e3o eleito"}, {"seq": "186", "n": "90093", "vap": "0", "pvap": "00.00", "e": "N", "st": "N\u00e3o eleito"}, {"seq": "187", "n": "90258", "vap": "0", "pvap": "00.00", "e": "N", "st": "N\u00e3o eleito"}, {"seq": "188", "n": "90789", "vap": "0", "pvap": "00.00", "e": "N", "st": "N\u00e3o eleito"}, {"seq": "137", "n": "23555", "vap": "41", "pvap": "   0,18", "e": "N", "st": "N\u00e3o eleito"}, {"seq": "158", "n": "23444", "vap": "22", "pvap": "   0,10", "e": "N", "st": "N\u00e3o eleito"}, {"seq": "163", "n": "23456", "vap": "20", "pvap": "   0,09", "e": "N", "st": "N\u00e3o eleito"}, {"seq": "174", "n": "23333", "vap": "9", "pvap": "   0,04", "e": "N", "st": "N\u00e3o eleito"}, {"seq": "182", "n": "23111", "vap": "3", "pvap": "   0,01", "e": "N", "st": "N\u00e3o eleito"}, {"seq": "184", "n": "23000", "vap": "0", "pvap": "00.00", "e": "N", "st": "N\u00e3o eleito"}, {"seq": "1", "n": "11111", "vap": "791", "pvap": "   3,50", "e": "S", "st": "Eleito"}, {"seq": "7", "n": "11222", "vap": "557", "pvap": "   2,46", "e": "S", "st": "Eleito"}, {"seq": "14", "n": "11777", "vap": "415", "pvap": "   1,83", "e": "N", "st": "Suplente"}, {"seq": "31", "n": "11666", "vap": "192", "pvap": "   0,85", "e": "N", "st": "Suplente"}, {"seq": "43", "n": "11600", "vap": "137", "pvap": "   0,61", "e": "N", "st": "Suplente"}, {"seq": "47", "n": "11123", "vap": "126", "pvap": "   0,56", "e": "N", "st": "Suplente"}, {"seq": "52", "n": "11620", "vap": "114", "pvap": "   0,50", "e": "N", "st": "Suplente"}, {"seq": "62", "n": "11444", "vap": "84", "pvap": "   0,37", "e": "N", "st": "Suplente"}, {"seq": "69", "n": "11007", "vap": "67", "pvap": "   0,30", "e": "N", "st": "Suplente"}, {"seq": "72", "n": "11223", "vap": "60", "pvap": "   0,27", "e": "N", "st": "Suplente"}, {"seq": "73", "n": "11333", "vap": "57", "pvap": "   0,25", "e": "N", "st": "Suplente"}, {"seq": "81", "n": "11000", "vap": "41", "pvap": "   0,18", "e": "N", "st": "Suplente"}, {"seq": "88", "n": "11011", "vap": "30", "pvap": "   0,13", "e": "N", "st": "Suplente"}, {"seq": "103", "n": "11177", "vap": "8", "pvap": "   0,04", "e": "N", "st": "Suplente"}, {"seq": "108", "n": "11888", "vap": "2", "pvap": "   0,01", "e": "N", "st": "Suplente"}, {"seq": "111", "n": "11608", "vap": "0", "pvap": "00.00", "e": "N", "st": "Suplente"}]}]}