{"ele": "426", "carper": "13", "t": "1", "f": "O", "esae": "N", "mnae": " ", "dg": "15/11/2020", "hg": "22:40:04", "dv": "S", "nadf": "ba34819-c0013-e000426-002-f", "abr": [{"dt": "15/11/2020", "ht": "22:33:38", "tf": "S", "and": "F", "tpabr": "MU", "cdabr": "34819", "s": "34", "st": "34", "snt": "0", "si": "34", "sni": "0", "sa": "34", "sna": "0", "pst": " 100,00", "psnt": "   0,00", "psi": " 100,00", "psni": "   0,00", "psa": " 100,00", "psna": "   0,00", "e": "12185", "ea": "12185", "ena": "0", "esi": "12185", "esni": "0", "c": "10205", "a": "1980", "pea": " 100,00", "pena": "   0,00", "pesi": " 100,00", "pesni": "   0,00", "pa": "  16,25", "pc": "  83,75", "vscv": "0", "vnom": "9065", "vl": "712", "tv": "10205", "vvc": "9821", "vb": "93", "tvn": "291", "vn": "291", "vnt": "0", "vp": "0", "vv": "9777", "van": "0", "vansj": "44", "pvnom": "  92,72", "pvl": "   7,28", "pvvc": "  96,24", "pvb": "   0,91", "ptvn": "   2,85", "pvn": " 100,00", "pvnt": "   0,00", "pvp": "   0,00", "pvv": "  99,55", "pvan": "   0,00", "pvansj": "   0,45", "colig": [{"n": "50000154216", "tvtn": "1048", "tvan": "1048", "vag": "1", "tvtl": "187", "tval": "187"}, {"n": "50000110206", "tvtn": "976", "tvan": "976", "vag": "1", "tvtl": "39", "tval": "39"}, {"n": "50000154213", "tvtn": "503", "tvan": "547", "vag": "0", "tvtl": "40", "tval": "40"}, {"n": "50000106306", "tvtn": "4233", "tvan": "4233", "vag": "5", "tvtl": "374", "tval": "374"}, {"n": "50000154250", "tvtn": "2305", "tvan": "2305", "vag": "2", "tvtl": "72", "tval": "72"}], "part": [{"n": "13", "tvtn": "1048", "tvan": "1048", "tvtl": "187", "tval": "187"}, {"n": "19", "tvtn": "976", "tvan": "976", "tvtl": "39", "tval": "39"}, {"n": "11", "tvtn": "503", "tvan": "547", "tvtl": "40", "tval": "40"}, {"n": "22", "tvtn": "4233", "tvan": "4233", "tvtl": "374", "tval": "374"}, {"n": "55", "tvtn": "2305", "tvan": "2305", "tvtl": "72", "tval": "72"}], "cand": [{"seq": "35", "n": "13555", "vap": "4", "pvap": "   0,04", "e": "N", "st": "Suplente"}, {"seq": "25", "n": "13444", "vap": "70", "pvap": "   0,71", "e": "N", "st": "Suplente"}, {"seq": "13", "n": "13000", "vap": "337", "pvap": "   3,43", "e": "N", "st": "Suplente"}, {"seq": "21", "n": "13456", "vap": "148", "pvap": "   1,51", "e": "N", "st": "Suplente"}, {"seq": "6", "n": "13333", "vap": "489", "pvap": "   4,98", "e": "S", "st": "Eleito"}, {"seq": "38", "n": "19555", "vap": "2", "pvap": "   0,02", "e": "N", "st": "Suplente"}, {"seq": "16", "n": "19234", "vap": "283", "pvap": "   2,88", "e": "N", "st": "Suplente"}, {"seq": "27", "n": "19999", "vap": "57", "pvap": "   0,58", "e": "N", "st": "Suplente"}, {"seq": "30", "n": "19111", "vap": "30", "pvap": "   0,31", "e": "N", "st": "Suplente"}, {"seq": "32", "n": "19000", "vap": "14", "pvap": "   0,14", "e": "N", "st": "Suplente"}, {"seq": "5", "n": "19123", "vap": "509", "pvap": "   5,18", "e": "S", "st": "Eleito"}, {"seq": "37", "n": "19456", "vap": "2", "pvap": "   0,02", "e": "N", "st": "Suplente"}, {"seq": "24", "n": "19222", "vap": "73", "pvap": "   0,74", "e": "N", "st": "Suplente"}, {"seq": "33", "n": "19333", "vap": "6", "pvap": "   0,06", "e": "N", "st": "Suplente"}, {"seq": "39", "n": "11333", "vap": "153", "pvap": "   1,56", "e": "N", "st": "N\u00e3o eleito"}, {"seq": "41", "n": "11110", "vap": "83", "pvap": "   0,85", "e": "N", "st": "N\u00e3o eleito"}, {"seq": "43", "n": "11113", "vap": "54", "pvap": "   0,55", "e": "N", "st": "N\u00e3o eleito"}, {"seq": "40", "n": "11111", "vap": "123", "pvap": "   1,25", "e": "N", "st": "N\u00e3o eleito"}, {"seq": "45", "n": "11222", "vap": "21", "pvap": "   0,21", "e": "N", "st": "N\u00e3o eleito"}, {"seq": "46", "n": "11987", "vap": "0", "pvap": "00.00", "e": "N", "st": "N\u00e3o eleito"}, {"seq": "42", "n": "11555", "vap": "69", "pvap": "   0,70", "e": "N", "st": "N\u00e3o eleito"}, {"seq": "44", "n": "11604", "vap": "44", "pvap": "   0,45", "e": "N", "st": "N\u00e3o eleito"}, {"seq": "3", "n": "22888", "vap": "566", "pvap": "   5,76", "e": "S", "st": "Eleito"}, {"seq": "31", "n": "22202", "vap": "21", "pvap": "   0,21", "e": "N", "st": "Suplente"}, {"seq": "11", "n": "22000", "vap": "392", "pvap": "   3,99", "e": "N", "st": "Suplente"}, {"seq": "26", "n": "22123", "vap": "66", "pvap": "   0,67", "e": "N", "st": "Suplente"}, {"seq": "4", "n": "22222", "vap": "562", "pvap": "   5,72", "e": "S", "st": "Eleito"}, {"seq": "28", "n": "22255", "vap": "46", "pvap": "   0,47", "e": "N", "st": "Suplente"}, {"seq": "12", "n": "22111", "vap": "381", "pvap": "   3,88", "e": "N", "st": "Suplente"}, {"seq": "10", "n": "22122", "vap": "419", "pvap": "   4,27", "e": "N", "st": "Suplente"}, {"seq": "1", "n": "22555", "vap": "611", "pvap": "   6,22", "e": "S", "st": "Eleito"}, {"seq": "20", "n": "22444", "vap": "156", "pvap": "   1,59", "e": "N", "st": "Suplente"}, {"seq": "7", "n": "22602", "vap": "440", "pvap": "   4,48", "e": "S", "st": "Eleito"}, {"seq": "2", "n": "22333", "vap": "573", "pvap": "   5,83", "e": "S", "st": "Eleito"}, {"seq": "22", "n": "55123", "vap": "102", "pvap": "   1,04", "e": "N", "st": "Suplente"}, {"seq": "18", "n": "55999", "vap": "236", "pvap": "   2,40", "e": "N", "st": "Suplente"}, {"seq": "17", "n": "55333", "vap": "247", "pvap": "   2,52", "e": "N", "st": "Suplente"}, {"seq": "15", "n": "55222", "vap": "288", "pvap": "   2,93", "e": "N", "st": "Suplente"}, {"seq": "9", "n": "55888", "vap": "347", "pvap": "   3,53", "e": "S", "st": "Eleito"}, {"seq": "14", "n": "55666", "vap": "315", "pvap": "   3,21", "e": "N", "st": "Suplente"}, {"seq": "36", "n": "55777", "vap": "4", "pvap": "   0,04", "e": "N", "st": "Suplente"}, {"seq": "23", "n": "55000", "vap": "96", "pvap": "   0,98", "e": "N", "st": "Suplente"}, {"seq": "19", "n": "55111", "vap": "186", "pvap": "   1,89", "e": "N", "st": "Suplente"}, {"seq": "8", "n": "55555", "vap": "439", "pvap": "   4,47", "e": "S", "st": "Eleito"}, {"seq": "29", "n": "55444", "vap": "39", "pvap": "   0,40", "e": "N", "st": "Suplente"}, {"seq": "34", "n": "55456", "vap": "6", "pvap": "   0,06", "e": "N", "st": "Suplente"}]}, {"dt": "15/11/2020", "ht": "22:33:38", "tf": "S", "and": "F", "tpabr": "ZONA", "cdabr": "61", "s": "34", "st": "34", "snt": "0", "si": "34", "sni": "0", "sa": "34", "sna": "0", "pst": " 100,00", "psnt": "   0,00", "psi": " 100,00", "psni": "   0,00", "psa": " 100,00", "psna": "   0,00", "e": "12185", "ea": "12185", "ena": "0", "esi": "12185", "esni": "0", "a": "1980", "c": "10205", "pea": " 100,00", "pena": "   0,00", "pesi": " 100,00", "pesni": "   0,00", "pa": "  16,25", "pc": "  83,75", "vnom": "9065", "vscv": "0", "vl": "712", "tv": "10205", "vvc": "9821", "vb": "93", "tvn": "291", "vn": "291", "vnt": "0", "vp": "0", "vv": "9777", "van": "0", "vansj": "44", "pvnom": "  92,72", "pvl": "   7,28", "pvvc": "  96,24", "pvb": "   0,91", "ptvn": "   2,85", "pvn": " 100,00", "pvnt": "   0,00", "pvp": "   0,00", "pvv": "  99,55", "pvan": "   0,00", "pvansj": "   0,45", "cand": [{"seq": "6", "n": "13333", "vap": "489", "pvap": "   4,98", "e": "S", "st": "Eleito"}, {"seq": "13", "n": "13000", "vap": "337", "pvap": "   3,43", "e": "N", "st": "Suplente"}, {"seq": "21", "n": "13456", "vap": "148", "pvap": "   1,51", "e": "N", "st": "Suplente"}, {"seq": "25", "n": "13444", "vap": "70", "pvap": "   0,71", "e": "N", "st": "Suplente"}, {"seq": "35", "n": "13555", "vap": "4", "pvap": "   0,04", "e": "N", "st": "Suplente"}, {"seq": "1", "n": "22555", "vap": "611", "pvap": "   6,22", "e": "S", "st": "Eleito"}, {"seq": "2", "n": "22333", "vap": "573", "pvap": "   5,83", "e": "S", "st": "Eleito"}, {"seq": "3", "n": "22888", "vap": "566", "pvap": "   5,76", "e": "S", "st": "Eleito"}, {"seq": "4", "n": "22222", "vap": "562", "pvap": "   5,72", "e": "S", "st": "Eleito"}, {"seq": "7", "n": "22602", "vap": "440", "pvap": "   4,48", "e": "S", "st": "Eleito"}, {"seq": "10", "n": "22122", "vap": "419", "pvap": "   4,27", "e": "N", "st": "Suplente"}, {"seq": "11", "n": "22000", "vap": "392", "pvap": "   3,99", "e": "N", "st": "Suplente"}, {"seq": "12", "n": "22111", "vap": "381", "pvap": "   3,88", "e": "N", "st": "Suplente"}, {"seq": "20", "n": "22444", "vap": "156", "pvap": "   1,59", "e": "N", "st": "Suplente"}, {"seq": "26", "n": "22123", "vap": "66", "pvap": "   0,67", "e": "N", "st": "Suplente"}, {"seq": "28", "n": "22255", "vap": "46", "pvap": "   0,47", "e": "N", "st": "Suplente"}, {"seq": "31", "n": "22202", "vap": "21", "pvap": "   0,21", "e": "N", "st": "Suplente"}, {"seq": "5", "n": "19123", "vap": "509", "pvap": "   5,18", "e": "S", "st": "Eleito"}, {"seq": "16", "n": "19234", "vap": "283", "pvap": "   2,88", "e": "N", "st": "Suplente"}, {"seq": "24", "n": "19222", "vap": "73", "pvap": "   0,74", "e": "N", "st": "Suplente"}, {"seq": "27", "n": "19999", "vap": "57", "pvap": "   0,58", "e": "N", "st": "Suplente"}, {"seq": "30", "n": "19111", "vap": "30", "pvap": "   0,31", "e": "N", "st": "Suplente"}, {"seq": "32", "n": "19000", "vap": "14", "pvap": "   0,14", "e": "N", "st": "Suplente"}, {"seq": "33", "n": "19333", "vap": "6", "pvap": "   0,06", "e": "N", "st": "Suplente"}, {"seq": "37", "n": "19456", "vap": "2", "pvap": "   0,02", "e": "N", "st": "Suplente"}, {"seq": "38", "n": "19555", "vap": "2", "pvap": "   0,02", "e": "N", "st": "Suplente"}, {"seq": "8", "n": "55555", "vap": "439", "pvap": "   4,47", "e": "S", "st": "Eleito"}, {"seq": "9", "n": "55888", "vap": "347", "pvap": "   3,53", "e": "S", "st": "Eleito"}, {"seq": "14", "n": "55666", "vap": "315", "pvap": "   3,21", "e": "N", "st": "Suplente"}, {"seq": "15", "n": "55222", "vap": "288", "pvap": "   2,93", "e": "N", "st": "Suplente"}, {"seq": "17", "n": "55333", "vap": "247", "pvap": "   2,52", "e": "N", "st": "Suplente"}, {"seq": "18", "n": "55999", "vap": "236", "pvap": "   2,40", "e": "N", "st": "Suplente"}, {"seq": "19", "n": "55111", "vap": "186", "pvap": "   1,89", "e": "N", "st": "Suplente"}, {"seq": "22", "n": "55123", "vap": "102", "pvap": "   1,04", "e": "N", "st": "Suplente"}, {"seq": "23", "n": "55000", "vap": "96", "pvap": "   0,98", "e": "N", "st": "Suplente"}, {"seq": "29", "n": "55444", "vap": "39", "pvap": "   0,40", "e": "N", "st": "Suplente"}, {"seq": "34", "n": "55456", "vap": "6", "pvap": "   0,06", "e": "N", "st": "Suplente"}, {"seq": "36", "n": "55777", "vap": "4", "pvap": "   0,04", "e": "N", "st": "Suplente"}, {"seq": "39", "n": "11333", "vap": "153", "pvap": "   1,56", "e": "N", "st": "N\u00e3o eleito"}, {"seq": "40", "n": "11111", "vap": "123", "pvap": "   1,25", "e": "N", "st": "N\u00e3o eleito"}, {"seq": "41", "n": "11110", "vap": "83", "pvap": "   0,85", "e": "N", "st": "N\u00e3o eleito"}, {"seq": "42", "n": "11555", "vap": "69", "pvap": "   0,70", "e": "N", "st": "N\u00e3o eleito"}, {"seq": "43", "n": "11113", "vap": "54", "pvap": "   0,55", "e": "N", "st": "N\u00e3o eleito"}, {"seq": "44", "n": "11604", "vap": "44", "pvap": "   0,45", "e": "N", "st": "N\u00e3o eleito"}, {"seq": "45", "n": "11222", "vap": "21", "pvap": "   0,21", "e": "N", "st": "N\u00e3o eleito"}, {"seq": "46", "n": "11987", "vap": "0", "pvap": "00.00", "e": "N", "st": "N\u00e3o eleito"}]}]}