{"ele": "426", "carper": "13", "t": "1", "f": "O", "esae": "N", "mnae": " ", "dg": "15/11/2020", "hg": "23:31:47", "dv": "S", "nadf": "ba36170-c0013-e000426-003-f", "abr": [{"dt": "15/11/2020", "ht": "23:12:18", "tf": "S", "and": "F", "tpabr": "MU", "cdabr": "36170", "s": "54", "st": "54", "snt": "0", "si": "54", "sni": "0", "sa": "54", "sna": "0", "pst": " 100,00", "psnt": "   0,00", "psi": " 100,00", "psni": "   0,00", "psa": " 100,00", "psna": "   0,00", "e": "20074", "ea": "20074", "ena": "0", "esi": "20074", "esni": "0", "c": "15289", "a": "4785", "pea": " 100,00", "pena": "   0,00", "pesi": " 100,00", "pesni": "   0,00", "pa": "  23,84", "pc": "  76,16", "vscv": "0", "vnom": "13746", "vl": "931", "tv": "15289", "vvc": "14677", "vb": "129", "tvn": "483", "vn": "483", "vnt": "0", "vp": "0", "vv": "14677", "van": "0", "vansj": "0", "pvnom": "  93,66", "pvl": "   6,34", "pvvc": "  96,00", "pvb": "   0,84", "ptvn": "   3,16", "pvn": " 100,00", "pvnt": "   0,00", "pvp": "   0,00", "pvv": " 100,00", "pvan": "   0,00", "pvansj": "   0,00", "colig": [{"n": "50000144262", "tvtn": "25", "tvan": "25", "vag": "0", "tvtl": "4", "tval": "4"}, {"n": "50000056677", "tvtn": "1592", "tvan": "1592", "vag": "1", "tvtl": "35", "tval": "35"}, {"n": "50000148381", "tvtn": "1245", "tvan": "1245", "vag": "1", "tvtl": "30", "tval": "30"}, {"n": "50000148128", "tvtn": "1017", "tvan": "1017", "vag": "1", "tvtl": "109", "tval": "109"}, {"n": "50000148687", "tvtn": "2385", "tvan": "2385", "vag": "2", "tvtl": "269", "tval": "269"}, {"n": "50000144644", "tvtn": "9", "tvan": "9", "vag": "0", "tvtl": "0", "tval": "0"}, {"n": "50000148456", "tvtn": "1348", "tvan": "1348", "vag": "1", "tvtl": "25", "tval": "25"}, {"n": "50000051616", "tvtn": "1798", "tvan": "1798", "vag": "2", "tvtl": "296", "tval": "296"}, {"n": "50000148604", "tvtn": "264", "tvan": "264", "vag": "0", "tvtl": "11", "tval": "11"}, {"n": "50000148204", "tvtn": "2027", "tvan": "2027", "vag": "2", "tvtl": "95", "tval": "95"}, {"n": "50000059695", "tvtn": "2009", "tvan": "2009", "vag": "1", "tvtl": "46", "tval": "46"}, {"n": "50000144093", "tvtn": "27", "tvan": "27", "vag": "0", "tvtl": "11", "tval": "11"}], "part": [{"n": "27", "tvtn": "25", "tvan": "25", "tvtl": "4", "tval": "4"}, {"n": "23", "tvtn": "1592", "tvan": "1592", "tvtl": "35", "tval": "35"}, {"n": "15", "tvtn": "1245", "tvan": "1245", "tvtl": "30", "tval": "30"}, {"n": "12", "tvtn": "1017", "tvan": "1017", "tvtl": "109", "tval": "109"}, {"n": "22", "tvtn": "2385", "tvan": "2385", "tvtl": "269", "tval": "269"}, {"n": "65", "tvtn": "9", "tvan": "9", "tvtl": "0", "tval": "0"}, {"n": "40", "tvtn": "1348", "tvan": "1348", "tvtl": "25", "tval": "25"}, {"n": "55", "tvtn": "1798", "tvan": "1798", "tvtl": "296", "tval": "296"}, {"n": "43", "tvtn": "264", "tvan": "264", "tvtl": "11", "tval": "11"}, {"n": "13", "tvtn": "2027", "tvan": "2027", "tvtl": "95", "tval": "95"}, {"n": "10", "tvtn": "2009", "tvan": "2009", "tvtl": "46", "tval": "46"}, {"n": "18", "tvtn": "27", "tvan": "27", "tvtl": "11", "tval": "11"}], "cand": [{"seq": "104", "n": "27777", "vap": "18", "pvap": "   0,12", "e": "N", "st": "N\u00e3o eleito"}, {"seq": "114", "n": "27999", "vap": "2", "pvap": "   0,01", "e": "N", "st": "N\u00e3o eleito"}, {"seq": "112", "n": "27222", "vap": "5", "pvap": "   0,03", "e": "N", "st": "N\u00e3o eleito"}, {"seq": "21", "n": "23333", "vap": "274", "pvap": "   1,87", "e": "N", "st": "Suplente"}, {"seq": "91", "n": "23888", "vap": "5", "pvap": "   0,03", "e": "N", "st": "Suplente"}, {"seq": "89", "n": "23777", "vap": "6", "pvap": "   0,04", "e": "N", "st": "Suplente"}, {"seq": "64", "n": "23111", "vap": "28", "pvap": "   0,19", "e": "N", "st": "Suplente"}, {"seq": "37", "n": "23444", "vap": "157", "pvap": "   1,07", "e": "N", "st": "Suplente"}, {"seq": "39", "n": "23456", "vap": "144", "pvap": "   0,98", "e": "N", "st": "Suplente"}, {"seq": "7", "n": "23123", "vap": "425", "pvap": "   2,90", "e": "S", "st": "Eleito"}, {"seq": "61", "n": "23999", "vap": "37", "pvap": "   0,25", "e": "N", "st": "Suplente"}, {"seq": "12", "n": "23222", "vap": "372", "pvap": "   2,53", "e": "N", "st": "Suplente"}, {"seq": "60", "n": "23223", "vap": "39", "pvap": "   0,27", "e": "N", "st": "Suplente"}, {"seq": "62", "n": "23666", "vap": "31", "pvap": "   0,21", "e": "N", "st": "Suplente"}, {"seq": "70", "n": "23555", "vap": "17", "pvap": "   0,12", "e": "N", "st": "Suplente"}, {"seq": "53", "n": "23000", "vap": "57", "pvap": "   0,39", "e": "N", "st": "Suplente"}, {"seq": "88", "n": "15223", "vap": "6", "pvap": "   0,04", "e": "N", "st": "Suplente"}, {"seq": "54", "n": "15111", "vap": "57", "pvap": "   0,39", "e": "N", "st": "Suplente"}, {"seq": "46", "n": "15000", "vap": "81", "pvap": "   0,55", "e": "N", "st": "Suplente"}, {"seq": "80", "n": "15100", "vap": "10", "pvap": "   0,07", "e": "N", "st": "Suplente"}, {"seq": "10", "n": "15555", "vap": "256", "pvap": "   1,74", "e": "S", "st": "Eleito"}, {"seq": "44", "n": "15222", "vap": "113", "pvap": "   0,77", "e": "N", "st": "Suplente"}, {"seq": "38", "n": "15888", "vap": "155", "pvap": "   1,06", "e": "N", "st": "Suplente"}, {"seq": "75", "n": "15678", "vap": "12", "pvap": "   0,08", "e": "N", "st": "Suplente"}, {"seq": "78", "n": "15333", "vap": "11", "pvap": "   0,07", "e": "N", "st": "Suplente"}, {"seq": "35", "n": "15777", "vap": "167", "pvap": "   1,14", "e": "N", "st": "Suplente"}, {"seq": "28", "n": "15123", "vap": "190", "pvap": "   1,29", "e": "N", "st": "Suplente"}, {"seq": "69", "n": "15115", "vap": "17", "pvap": "   0,12", "e": "N", "st": "Suplente"}, {"seq": "34", "n": "15147", "vap": "170", "pvap": "   1,16", "e": "N", "st": "Suplente"}, {"seq": "77", "n": "12555", "vap": "11", "pvap": "   0,07", "e": "N", "st": "Suplente"}, {"seq": "49", "n": "12345", "vap": "68", "pvap": "   0,46", "e": "N", "st": "Suplente"}, {"seq": "71", "n": "12199", "vap": "16", "pvap": "   0,11", "e": "N", "st": "Suplente"}, {"seq": "30", "n": "12456", "vap": "178", "pvap": "   1,21", "e": "N", "st": "Suplente"}, {"seq": "84", "n": "12000", "vap": "8", "pvap": "   0,05", "e": "N", "st": "Suplente"}, {"seq": "48", "n": "12733", "vap": "70", "pvap": "   0,48", "e": "N", "st": "Suplente"}, {"seq": "66", "n": "12888", "vap": "25", "pvap": "   0,17", "e": "N", "st": "Suplente"}, {"seq": "86", "n": "12111", "vap": "7", "pvap": "   0,05", "e": "N", "st": "Suplente"}, {"seq": "56", "n": "12444", "vap": "53", "pvap": "   0,36", "e": "N", "st": "Suplente"}, {"seq": "73", "n": "12194", "vap": "13", "pvap": "   0,09", "e": "N", "st": "Suplente"}, {"seq": "63", "n": "12222", "vap": "30", "pvap": "   0,20", "e": "N", "st": "Suplente"}, {"seq": "26", "n": "12123", "vap": "195", "pvap": "   1,33", "e": "N", "st": "Suplente"}, {"seq": "11", "n": "12333", "vap": "217", "pvap": "   1,48", "e": "S", "st": "Eleito"}, {"seq": "52", "n": "12112", "vap": "60", "pvap": "   0,41", "e": "N", "st": "Suplente"}, {"seq": "51", "n": "12777", "vap": "66", "pvap": "   0,45", "e": "N", "st": "Suplente"}, {"seq": "47", "n": "22123", "vap": "70", "pvap": "   0,48", "e": "N", "st": "Suplente"}, {"seq": "1", "n": "22000", "vap": "603", "pvap": "   4,11", "e": "S", "st": "Eleito"}, {"seq": "45", "n": "22222", "vap": "84", "pvap": "   0,57", "e": "N", "st": "Suplente"}, {"seq": "40", "n": "22333", "vap": "140", "pvap": "   0,95", "e": "N", "st": "Suplente"}, {"seq": "59", "n": "22111", "vap": "39", "pvap": "   0,27", "e": "N", "st": "Suplente"}, {"seq": "29", "n": "22200", "vap": "189", "pvap": "   1,29", "e": "N", "st": "Suplente"}, {"seq": "5", "n": "22555", "vap": "443", "pvap": "   3,02", "e": "S", "st": "Eleito"}, {"seq": "81", "n": "22999", "vap": "10", "pvap": "   0,07", "e": "N", "st": "Suplente"}, {"seq": "17", "n": "22777", "vap": "325", "pvap": "   2,21", "e": "N", "st": "Suplente"}, {"seq": "22", "n": "22444", "vap": "244", "pvap": "   1,66", "e": "N", "st": "Suplente"}, {"seq": "23", "n": "22888", "vap": "238", "pvap": "   1,62", "e": "N", "st": "Suplente"}, {"seq": "118", "n": "65111", "vap": "0", "pvap": "00.00", "e": "N", "st": "N\u00e3o eleito"}, {"seq": "115", "n": "65888", "vap": "1", "pvap": "   0,01", "e": "N", "st": "N\u00e3o eleito"}, {"seq": "108", "n": "65666", "vap": "8", "pvap": "   0,05", "e": "N", "st": "N\u00e3o eleito"}, {"seq": "117", "n": "65333", "vap": "0", "pvap": "00.00", "e": "N", "st": "N\u00e3o eleito"}, {"seq": "116", "n": "65222", "vap": "0", "pvap": "00.00", "e": "N", "st": "N\u00e3o eleito"}, {"seq": "83", "n": "40333", "vap": "10", "pvap": "   0,07", "e": "N", "st": "Suplente"}, {"seq": "67", "n": "40999", "vap": "22", "pvap": "   0,15", "e": "N", "st": "Suplente"}, {"seq": "19", "n": "40123", "vap": "285", "pvap": "   1,94", "e": "N", "st": "Suplente"}, {"seq": "57", "n": "40666", "vap": "52", "pvap": "   0,35", "e": "N", "st": "Suplente"}, {"seq": "15", "n": "40444", "vap": "357", "pvap": "   2,43", "e": "N", "st": "Suplente"}, {"seq": "82", "n": "40777", "vap": "10", "pvap": "   0,07", "e": "N", "st": "Suplente"}, {"seq": "9", "n": "40000", "vap": "397", "pvap": "   2,70", "e": "S", "st": "Eleito"}, {"seq": "43", "n": "40111", "vap": "122", "pvap": "   0,83", "e": "N", "st": "Suplente"}, {"seq": "74", "n": "40789", "vap": "12", "pvap": "   0,08", "e": "N", "st": "Suplente"}, {"seq": "68", "n": "40222", "vap": "20", "pvap": "   0,14", "e": "N", "st": "Suplente"}, {"seq": "87", "n": "40555", "vap": "6", "pvap": "   0,04", "e": "N", "st": "Suplente"}, {"seq": "55", "n": "40456", "vap": "55", "pvap": "   0,37", "e": "N", "st": "Suplente"}, {"seq": "13", "n": "55222", "vap": "363", "pvap": "   2,47", "e": "N", "st": "Suplente"}, {"seq": "93", "n": "55666", "vap": "3", "pvap": "   0,02", "e": "N", "st": "Suplente"}, {"seq": "20", "n": "55444", "vap": "281", "pvap": "   1,91", "e": "N", "st": "Suplente"}, {"seq": "32", "n": "55777", "vap": "175", "pvap": "   1,19", "e": "N", "st": "Suplente"}, {"seq": "90", "n": "55111", "vap": "5", "pvap": "   0,03", "e": "N", "st": "Suplente"}, {"seq": "85", "n": "55122", "vap": "7", "pvap": "   0,05", "e": "N", "st": "Suplente"}, {"seq": "3", "n": "55888", "vap": "544", "pvap": "   3,71", "e": "S", "st": "Eleito"}, {"seq": "8", "n": "55000", "vap": "420", "pvap": "   2,86", "e": "S", "st": "Eleito"}, {"seq": "110", "n": "43121", "vap": "6", "pvap": "   0,04", "e": "N", "st": "N\u00e3o eleito"}, {"seq": "101", "n": "43456", "vap": "23", "pvap": "   0,16", "e": "N", "st": "N\u00e3o eleito"}, {"seq": "99", "n": "43555", "vap": "94", "pvap": "   0,64", "e": "N", "st": "N\u00e3o eleito"}, {"seq": "111", "n": "43000", "vap": "6", "pvap": "   0,04", "e": "N", "st": "N\u00e3o eleito"}, {"seq": "106", "n": "43444", "vap": "18", "pvap": "   0,12", "e": "N", "st": "N\u00e3o eleito"}, {"seq": "102", "n": "43171", "vap": "22", "pvap": "   0,15", "e": "N", "st": "N\u00e3o eleito"}, {"seq": "105", "n": "43111", "vap": "18", "pvap": "   0,12", "e": "N", "st": "N\u00e3o eleito"}, {"seq": "107", "n": "43222", "vap": "11", "pvap": "   0,07", "e": "N", "st": "N\u00e3o eleito"}, {"seq": "113", "n": "43789", "vap": "2", "pvap": "   0,01", "e": "N", "st": "N\u00e3o eleito"}, {"seq": "100", "n": "43333", "vap": "64", "pvap": "   0,44", "e": "N", "st": "N\u00e3o eleito"}, {"seq": "65", "n": "13555", "vap": "27", "pvap": "   0,18", "e": "N", "st": "Suplente"}, {"seq": "14", "n": "13333", "vap": "358", "pvap": "   2,44", "e": "N", "st": "Suplente"}, {"seq": "6", "n": "13123", "vap": "431", "pvap": "   2,94", "e": "S", "st": "Eleito"}, {"seq": "16", "n": "13444", "vap": "327", "pvap": "   2,23", "e": "N", "st": "Suplente"}, {"seq": "97", "n": "13999", "vap": "1", "pvap": "   0,01", "e": "N", "st": "Suplente"}, {"seq": "95", "n": "13666", "vap": "1", "pvap": "   0,01", "e": "N", "st": "Suplente"}, {"seq": "96", "n": "13321", "vap": "1", "pvap": "   0,01", "e": "N", "st": "Suplente"}, {"seq": "25", "n": "13111", "vap": "210", "pvap": "   1,43", "e": "N", "st": "Suplente"}, {"seq": "4", "n": "13000", "vap": "470", "pvap": "   3,20", "e": "S", "st": "Eleito"}, {"seq": "27", "n": "13777", "vap": "191", "pvap": "   1,30", "e": "N", "st": "Suplente"}, {"seq": "79", "n": "13888", "vap": "10", "pvap": "   0,07", "e": "N", "st": "Suplente"}, {"seq": "2", "n": "10222", "vap": "553", "pvap": "   3,77", "e": "S", "st": "Eleito"}, {"seq": "33", "n": "10444", "vap": "172", "pvap": "   1,17", "e": "N", "st": "Suplente"}, {"seq": "94", "n": "10001", "vap": "1", "pvap": "   0,01", "e": "N", "st": "Suplente"}, {"seq": "18", "n": "10888", "vap": "304", "pvap": "   2,07", "e": "N", "st": "Suplente"}, {"seq": "31", "n": "10123", "vap": "177", "pvap": "   1,21", "e": "N", "st": "Suplente"}, {"seq": "58", "n": "10999", "vap": "49", "pvap": "   0,33", "e": "N", "st": "Suplente"}, {"seq": "24", "n": "10111", "vap": "229", "pvap": "   1,56", "e": "N", "st": "Suplente"}, {"seq": "41", "n": "10000", "vap": "135", "pvap": "   0,92", "e": "N", "st": "Suplente"}, {"seq": "72", "n": "10555", "vap": "15", "pvap": "   0,10", "e": "N", "st": "Suplente"}, {"seq": "42", "n": "10333", "vap": "134", "pvap": "   0,91", "e": "N", "st": "Suplente"}, {"seq": "50", "n": "10880", "vap": "67", "pvap": "   0,46", "e": "N", "st": "Suplente"}, {"seq": "98", "n": "10789", "vap": "0", "pvap": "00.00", "e": "N", "st": "Suplente"}, {"seq": "92", "n": "10100", "vap": "4", "pvap": "   0,03", "e": "N", "st": "Suplente"}, {"seq": "36", "n": "10777", "vap": "158", "pvap": "   1,08", "e": "N", "st": "Suplente"}, {"seq": "76", "n": "10456", "vap": "11", "pvap": "   0,07", "e": "N", "st": "Suplente"}, {"seq": "103", "n": "18555", "vap": "21", "pvap": "   0,14", "e": "N", "st": "N\u00e3o eleito"}, {"seq": "109", "n": "18123", "vap": "6", "pvap": "   0,04", "e": "N", "st": "N\u00e3o eleito"}]}, {"dt": "15/11/2020", "ht": "23:12:18", "tf": "S", "and": "F", "tpabr": "ZONA", "cdabr": "201", "s": "54", "st": "54", "snt": "0", "si": "54", "sni": "0", "sa": "54", "sna": "0", "pst": " 100,00", "psnt": "   0,00", "psi": " 100,00", "psni": "   0,00", "psa": " 100,00", "psna": "   0,00", "e": "20074", "ea": "20074", "ena": "0", "esi": "20074", "esni": "0", "a": "4785", "c": "15289", "pea": " 100,00", "pena": "   0,00", "pesi": " 100,00", "pesni": "   0,00", "pa": "  23,84", "pc": "  76,16", "vnom": "13746", "vscv": "0", "vl": "931", "tv": "15289", "vvc": "14677", "vb": "129", "tvn": "483", "vn": "483", "vnt": "0", "vp": "0", "vv": "14677", "van": "0", "vansj": "0", "pvnom": "  93,66", "pvl": "   6,34", "pvvc": "  96,00", "pvb": "   0,84", "ptvn": "   3,16", "pvn": " 100,00", "pvnt": "   0,00", "pvp": "   0,00", "pvv": " 100,00", "pvan": "   0,00", "pvansj": "   0,00", "cand": [{"seq": "98", "n": "10789", "vap": "0", "pvap": "00.00", "e": "N", "st": "Suplente"}, {"seq": "50", "n": "10880", "vap": "67", "pvap": "   0,46", "e": "N", "st": "Suplente"}, {"seq": "24", "n": "10111", "vap": "229", "pvap": "   1,56", "e": "N", "st": "Suplente"}, {"seq": "31", "n": "10123", "vap": "177", "pvap": "   1,21", "e": "N", "st": "Suplente"}, {"seq": "2", "n": "10222", "vap": "553", "pvap": "   3,77", "e": "S", "st": "Eleito"}, {"seq": "92", "n": "10100", "vap": "4", "pvap": "   0,03", "e": "N", "st": "Suplente"}, {"seq": "76", "n": "10456", "vap": "11", "pvap": "   0,07", "e": "N", "st": "Suplente"}, {"seq": "72", "n": "10555", "vap": "15", "pvap": "   0,10", "e": "N", "st": "Suplente"}, {"seq": "58", "n": "10999", "vap": "49", "pvap": "   0,33", "e": "N", "st": "Suplente"}, {"seq": "94", "n": "10001", "vap": "1", "pvap": "   0,01", "e": "N", "st": "Suplente"}, {"seq": "42", "n": "10333", "vap": "134", "pvap": "   0,91", "e": "N", "st": "Suplente"}, {"seq": "33", "n": "10444", "vap": "172", "pvap": "   1,17", "e": "N", "st": "Suplente"}, {"seq": "36", "n": "10777", "vap": "158", "pvap": "   1,08", "e": "N", "st": "Suplente"}, {"seq": "41", "n": "10000", "vap": "135", "pvap": "   0,92", "e": "N", "st": "Suplente"}, {"seq": "18", "n": "10888", "vap": "304", "pvap": "   2,07", "e": "N", "st": "Suplente"}, {"seq": "109", "n": "18123", "vap": "6", "pvap": "   0,04", "e": "N", "st": "N\u00e3o eleito"}, {"seq": "103", "n": "18555", "vap": "21", "pvap": "   0,14", "e": "N", "st": "N\u00e3o eleito"}, {"seq": "10", "n": "15555", "vap": "256", "pvap": "   1,74", "e": "S", "st": "Eleito"}, {"seq": "46", "n": "15000", "vap": "81", "pvap": "   0,55", "e": "N", "st": "Suplente"}, {"seq": "80", "n": "15100", "vap": "10", "pvap": "   0,07", "e": "N", "st": "Suplente"}, {"seq": "44", "n": "15222", "vap": "113", "pvap": "   0,77", "e": "N", "st": "Suplente"}, {"seq": "35", "n": "15777", "vap": "167", "pvap": "   1,14", "e": "N", "st": "Suplente"}, {"seq": "38", "n": "15888", "vap": "155", "pvap": "   1,06", "e": "N", "st": "Suplente"}, {"seq": "78", "n": "15333", "vap": "11", "pvap": "   0,07", "e": "N", "st": "Suplente"}, {"seq": "28", "n": "15123", "vap": "190", "pvap": "   1,29", "e": "N", "st": "Suplente"}, {"seq": "75", "n": "15678", "vap": "12", "pvap": "   0,08", "e": "N", "st": "Suplente"}, {"seq": "54", "n": "15111", "vap": "57", "pvap": "   0,39", "e": "N", "st": "Suplente"}, {"seq": "69", "n": "15115", "vap": "17", "pvap": "   0,12", "e": "N", "st": "Suplente"}, {"seq": "88", "n": "15223", "vap": "6", "pvap": "   0,04", "e": "N", "st": "Suplente"}, {"seq": "34", "n": "15147", "vap": "170", "pvap": "   1,16", "e": "N", "st": "Suplente"}, {"seq": "59", "n": "22111", "vap": "39", "pvap": "   0,27", "e": "N", "st": "Suplente"}, {"seq": "22", "n": "22444", "vap": "244", "pvap": "   1,66", "e": "N", "st": "Suplente"}, {"seq": "29", "n": "22200", "vap": "189", "pvap": "   1,29", "e": "N", "st": "Suplente"}, {"seq": "47", "n": "22123", "vap": "70", "pvap": "   0,48", "e": "N", "st": "Suplente"}, {"seq": "40", "n": "22333", "vap": "140", "pvap": "   0,95", "e": "N", "st": "Suplente"}, {"seq": "1", "n": "22000", "vap": "603", "pvap": "   4,11", "e": "S", "st": "Eleito"}, {"seq": "45", "n": "22222", "vap": "84", "pvap": "   0,57", "e": "N", "st": "Suplente"}, {"seq": "23", "n": "22888", "vap": "238", "pvap": "   1,62", "e": "N", "st": "Suplente"}, {"seq": "81", "n": "22999", "vap": "10", "pvap": "   0,07", "e": "N", "st": "Suplente"}, {"seq": "5", "n": "22555", "vap": "443", "pvap": "   3,02", "e": "S", "st": "Eleito"}, {"seq": "17", "n": "22777", "vap": "325", "pvap": "   2,21", "e": "N", "st": "Suplente"}, {"seq": "105", "n": "43111", "vap": "18", "pvap": "   0,12", "e": "N", "st": "N\u00e3o eleito"}, {"seq": "110", "n": "43121", "vap": "6", "pvap": "   0,04", "e": "N", "st": "N\u00e3o eleito"}, {"seq": "100", "n": "43333", "vap": "64", "pvap": "   0,44", "e": "N", "st": "N\u00e3o eleito"}, {"seq": "107", "n": "43222", "vap": "11", "pvap": "   0,07", "e": "N", "st": "N\u00e3o eleito"}, {"seq": "111", "n": "43000", "vap": "6", "pvap": "   0,04", "e": "N", "st": "N\u00e3o eleito"}, {"seq": "113", "n": "43789", "vap": "2", "pvap": "   0,01", "e": "N", "st": "N\u00e3o eleito"}, {"seq": "106", "n": "43444", "vap": "18", "pvap": "   0,12", "e": "N", "st": "N\u00e3o eleito"}, {"seq": "102", "n": "43171", "vap": "22", "pvap": "   0,15", "e": "N", "st": "N\u00e3o eleito"}, {"seq": "101", "n": "43456", "vap": "23", "pvap": "   0,16", "e": "N", "st": "N\u00e3o eleito"}, {"seq": "99", "n": "43555", "vap": "94", "pvap": "   0,64", "e": "N", "st": "N\u00e3o eleito"}, {"seq": "118", "n": "65111", "vap": "0", "pvap": "00.00", "e": "N", "st": "N\u00e3o eleito"}, {"seq": "117", "n": "65333", "vap": "0", "pvap": "00.00", "e": "N", "st": "N\u00e3o eleito"}, {"seq": "108", "n": "65666", "vap": "8", "pvap": "   0,05", "e": "N", "st": "N\u00e3o eleito"}, {"seq": "116", "n": "65222", "vap": "0", "pvap": "00.00", "e": "N", "st": "N\u00e3o eleito"}, {"seq": "115", "n": "65888", "vap": "1", "pvap": "   0,01", "e": "N", "st": "N\u00e3o eleito"}, {"seq": "60", "n": "23223", "vap": "39", "pvap": "   0,27", "e": "N", "st": "Suplente"}, {"seq": "21", "n": "23333", "vap": "274", "pvap": "   1,87", "e": "N", "st": "Suplente"}, {"seq": "61", "n": "23999", "vap": "37", "pvap": "   0,25", "e": "N", "st": "Suplente"}, {"seq": "39", "n": "23456", "vap": "144", "pvap": "   0,98", "e": "N", "st": "Suplente"}, {"seq": "12", "n": "23222", "vap": "372", "pvap": "   2,53", "e": "N", "st": "Suplente"}, {"seq": "37", "n": "23444", "vap": "157", "pvap": "   1,07", "e": "N", "st": "Suplente"}, {"seq": "91", "n": "23888", "vap": "5", "pvap": "   0,03", "e": "N", "st": "Suplente"}, {"seq": "62", "n": "23666", "vap": "31", "pvap": "   0,21", "e": "N", "st": "Suplente"}, {"seq": "64", "n": "23111", "vap": "28", "pvap": "   0,19", "e": "N", "st": "Suplente"}, {"seq": "89", "n": "23777", "vap": "6", "pvap": "   0,04", "e": "N", "st": "Suplente"}, {"seq": "53", "n": "23000", "vap": "57", "pvap": "   0,39", "e": "N", "st": "Suplente"}, {"seq": "7", "n": "23123", "vap": "425", "pvap": "   2,90", "e": "S", "st": "Eleito"}, {"seq": "70", "n": "23555", "vap": "17", "pvap": "   0,12", "e": "N", "st": "Suplente"}, {"seq": "51", "n": "12777", "vap": "66", "pvap": "   0,45", "e": "N", "st": "Suplente"}, {"seq": "86", "n": "12111", "vap": "7", "pvap": "   0,05", "e": "N", "st": "Suplente"}, {"seq": "49", "n": "12345", "vap": "68", "pvap": "   0,46", "e": "N", "st": "Suplente"}, {"seq": "77", "n": "12555", "vap": "11", "pvap": "   0,07", "e": "N", "st": "Suplente"}, {"seq": "84", "n": "12000", "vap": "8", "pvap": "   0,05", "e": "N", "st": "Suplente"}, {"seq": "26", "n": "12123", "vap": "195", "pvap": "   1,33", "e": "N", "st": "Suplente"}, {"seq": "73", "n": "12194", "vap": "13", "pvap": "   0,09", "e": "N", "st": "Suplente"}, {"seq": "71", "n": "12199", "vap": "16", "pvap": "   0,11", "e": "N", "st": "Suplente"}, {"seq": "63", "n": "12222", "vap": "30", "pvap": "   0,20", "e": "N", "st": "Suplente"}, {"seq": "66", "n": "12888", "vap": "25", "pvap": "   0,17", "e": "N", "st": "Suplente"}, {"seq": "52", "n": "12112", "vap": "60", "pvap": "   0,41", "e": "N", "st": "Suplente"}, {"seq": "11", "n": "12333", "vap": "217", "pvap": "   1,48", "e": "S", "st": "Eleito"}, {"seq": "56", "n": "12444", "vap": "53", "pvap": "   0,36", "e": "N", "st": "Suplente"}, {"seq": "48", "n": "12733", "vap": "70", "pvap": "   0,48", "e": "N", "st": "Suplente"}, {"seq": "30", "n": "12456", "vap": "178", "pvap": "   1,21", "e": "N", "st": "Suplente"}, {"seq": "9", "n": "40000", "vap": "397", "pvap": "   2,70", "e": "S", "st": "Eleito"}, {"seq": "74", "n": "40789", "vap": "12", "pvap": "   0,08", "e": "N", "st": "Suplente"}, {"seq": "19", "n": "40123", "vap": "285", "pvap": "   1,94", "e": "N", "st": "Suplente"}, {"seq": "83", "n": "40333", "vap": "10", "pvap": "   0,07", "e": "N", "st": "Suplente"}, {"seq": "82", "n": "40777", "vap": "10", "pvap": "   0,07", "e": "N", "st": "Suplente"}, {"seq": "67", "n": "40999", "vap": "22", "pvap": "   0,15", "e": "N", "st": "Suplente"}, {"seq": "15", "n": "40444", "vap": "357", "pvap": "   2,43", "e": "N", "st": "Suplente"}, {"seq": "43", "n": "40111", "vap": "122", "pvap": "   0,83", "e": "N", "st": "Suplente"}, {"seq": "68", "n": "40222", "vap": "20", "pvap": "   0,14", "e": "N", "st": "Suplente"}, {"seq": "57", "n": "40666", "vap": "52", "pvap": "   0,35", "e": "N", "st": "Suplente"}, {"seq": "55", "n": "40456", "vap": "55", "pvap": "   0,37", "e": "N", "st": "Suplente"}, {"seq": "87", "n": "40555", "vap": "6", "pvap": "   0,04", "e": "N", "st": "Suplente"}, {"seq": "65", "n": "13555", "vap": "27", "pvap": "   0,18", "e": "N", "st": "Suplente"}, {"seq": "27", "n": "13777", "vap": "191", "pvap": "   1,30", "e": "N", "st": "Suplente"}, {"seq": "97", "n": "13999", "vap": "1", "pvap": "   0,01", "e": "N", "st": "Suplente"}, {"seq": "96", "n": "13321", "vap": "1", "pvap": "   0,01", "e": "N", "st": "Suplente"}, {"seq": "4", "n": "13000", "vap": "470", "pvap": "   3,20", "e": "S", "st": "Eleito"}, {"seq": "25", "n": "13111", "vap": "210", "pvap": "   1,43", "e": "N", "st": "Suplente"}, {"seq": "79", "n": "13888", "vap": "10", "pvap": "   0,07", "e": "N", "st": "Suplente"}, {"seq": "14", "n": "13333", "vap": "358", "pvap": "   2,44", "e": "N", "st": "Suplente"}, {"seq": "6", "n": "13123", "vap": "431", "pvap": "   2,94", "e": "S", "st": "Eleito"}, {"seq": "16", "n": "13444", "vap": "327", "pvap": "   2,23", "e": "N", "st": "Suplente"}, {"seq": "95", "n": "13666", "vap": "1", "pvap": "   0,01", "e": "N", "st": "Suplente"}, {"seq": "13", "n": "55222", "vap": "363", "pvap": "   2,47", "e": "N", "st": "Suplente"}, {"seq": "20", "n": "55444", "vap": "281", "pvap": "   1,91", "e": "N", "st": "Suplente"}, {"seq": "3", "n": "55888", "vap": "544", "pvap": "   3,71", "e": "S", "st": "Eleito"}, {"seq": "93", "n": "55666", "vap": "3", "pvap": "   0,02", "e": "N", "st": "Suplente"}, {"seq": "85", "n": "55122", "vap": "7", "pvap": "   0,05", "e": "N", "st": "Suplente"}, {"seq": "90", "n": "55111", "vap": "5", "pvap": "   0,03", "e": "N", "st": "Suplente"}, {"seq": "8", "n": "55000", "vap": "420", "pvap": "   2,86", "e": "S", "st": "Eleito"}, {"seq": "32", "n": "55777", "vap": "175", "pvap": "   1,19", "e": "N", "st": "Suplente"}, {"seq": "112", "n": "27222", "vap": "5", "pvap": "   0,03", "e": "N", "st": "N\u00e3o eleito"}, {"seq": "104", "n": "27777", "vap": "18", "pvap": "   0,12", "e": "N", "st": "N\u00e3o eleito"}, {"seq": "114", "n": "27999", "vap": "2", "pvap": "   0,01", "e": "N", "st": "N\u00e3o eleito"}]}]}