{"ele": "426", "carper": "13", "t": "1", "f": "O", "esae": "N", "mnae": " ", "dg": "15/11/2020", "hg": "22:39:37", "dv": "S", "nadf": "ba34274-c0013-e000426-002-f", "abr": [{"dt": "15/11/2020", "ht": "22:23:25", "tf": "S", "and": "F", "tpabr": "MU", "cdabr": "34274", "s": "21", "st": "21", "snt": "0", "si": "21", "sni": "0", "sa": "21", "sna": "0", "pst": " 100,00", "psnt": "   0,00", "psi": " 100,00", "psni": "   0,00", "psa": " 100,00", "psna": "   0,00", "e": "7594", "ea": "7594", "ena": "0", "esi": "7594", "esni": "0", "c": "6584", "a": "1010", "pea": " 100,00", "pena": "   0,00", "pesi": " 100,00", "pesni": "   0,00", "pa": "  13,30", "pc": "  86,70", "vscv": "0", "vnom": "5856", "vl": "367", "tv": "6584", "vvc": "6223", "vb": "52", "tvn": "309", "vn": "309", "vnt": "0", "vp": "0", "vv": "6223", "van": "0", "vansj": "0", "pvnom": "  94,10", "pvl": "   5,90", "pvvc": "  94,52", "pvb": "   0,79", "ptvn": "   4,69", "pvn": " 100,00", "pvnt": "   0,00", "pvp": "   0,00", "pvv": " 100,00", "pvan": "   0,00", "pvansj": "   0,00", "colig": [{"n": "50000069666", "tvtn": "736", "tvan": "736", "vag": "1", "tvtl": "27", "tval": "27"}, {"n": "50000059303", "tvtn": "1487", "tvan": "1487", "vag": "2", "tvtl": "48", "tval": "48"}, {"n": "50000057616", "tvtn": "1025", "tvan": "1025", "vag": "2", "tvtl": "24", "tval": "24"}, {"n": "50000055431", "tvtn": "1406", "tvan": "1406", "vag": "2", "tvtl": "136", "tval": "136"}, {"n": "50000059298", "tvtn": "1202", "tvan": "1202", "vag": "2", "tvtl": "132", "tval": "132"}], "part": [{"n": "13", "tvtn": "736", "tvan": "736", "tvtl": "27", "tval": "27"}, {"n": "19", "tvtn": "1487", "tvan": "1487", "tvtl": "48", "tval": "48"}, {"n": "10", "tvtn": "1025", "tvan": "1025", "tvtl": "24", "tval": "24"}, {"n": "77", "tvtn": "1406", "tvan": "1406", "tvtl": "136", "tval": "136"}, {"n": "25", "tvtn": "1202", "tvan": "1202", "tvtl": "132", "tval": "132"}], "cand": [{"seq": "9", "n": "13444", "vap": "148", "pvap": "   2,38", "e": "S", "st": "Eleito"}, {"seq": "41", "n": "13777", "vap": "30", "pvap": "   0,48", "e": "N", "st": "Suplente"}, {"seq": "21", "n": "13111", "vap": "134", "pvap": "   2,15", "e": "N", "st": "Suplente"}, {"seq": "52", "n": "13567", "vap": "2", "pvap": "   0,03", "e": "N", "st": "Suplente"}, {"seq": "20", "n": "13222", "vap": "136", "pvap": "   2,19", "e": "N", "st": "Suplente"}, {"seq": "50", "n": "13456", "vap": "6", "pvap": "   0,10", "e": "N", "st": "Suplente"}, {"seq": "37", "n": "13000", "vap": "46", "pvap": "   0,74", "e": "N", "st": "Suplente"}, {"seq": "25", "n": "13666", "vap": "112", "pvap": "   1,80", "e": "N", "st": "Suplente"}, {"seq": "42", "n": "13555", "vap": "28", "pvap": "   0,45", "e": "N", "st": "Suplente"}, {"seq": "29", "n": "13333", "vap": "94", "pvap": "   1,51", "e": "N", "st": "Suplente"}, {"seq": "14", "n": "19123", "vap": "171", "pvap": "   2,75", "e": "N", "st": "Suplente"}, {"seq": "13", "n": "19789", "vap": "176", "pvap": "   2,83", "e": "N", "st": "Suplente"}, {"seq": "30", "n": "19999", "vap": "93", "pvap": "   1,49", "e": "N", "st": "Suplente"}, {"seq": "19", "n": "19444", "vap": "143", "pvap": "   2,30", "e": "N", "st": "Suplente"}, {"seq": "3", "n": "19222", "vap": "282", "pvap": "   4,53", "e": "S", "st": "Eleito"}, {"seq": "49", "n": "19000", "vap": "8", "pvap": "   0,13", "e": "N", "st": "Suplente"}, {"seq": "12", "n": "19567", "vap": "180", "pvap": "   2,89", "e": "N", "st": "Suplente"}, {"seq": "1", "n": "19111", "vap": "373", "pvap": "   5,99", "e": "S", "st": "Eleito"}, {"seq": "36", "n": "19220", "vap": "50", "pvap": "   0,80", "e": "N", "st": "Suplente"}, {"seq": "46", "n": "19456", "vap": "11", "pvap": "   0,18", "e": "N", "st": "Suplente"}, {"seq": "15", "n": "10555", "vap": "168", "pvap": "   2,70", "e": "N", "st": "Suplente"}, {"seq": "27", "n": "10456", "vap": "103", "pvap": "   1,66", "e": "N", "st": "Suplente"}, {"seq": "40", "n": "10556", "vap": "30", "pvap": "   0,48", "e": "N", "st": "Suplente"}, {"seq": "18", "n": "10444", "vap": "155", "pvap": "   2,49", "e": "N", "st": "Suplente"}, {"seq": "43", "n": "10123", "vap": "27", "pvap": "   0,43", "e": "N", "st": "Suplente"}, {"seq": "38", "n": "10430", "vap": "35", "pvap": "   0,56", "e": "N", "st": "Suplente"}, {"seq": "23", "n": "10888", "vap": "120", "pvap": "   1,93", "e": "N", "st": "Suplente"}, {"seq": "8", "n": "10000", "vap": "182", "pvap": "   2,92", "e": "S", "st": "Eleito"}, {"seq": "48", "n": "10333", "vap": "10", "pvap": "   0,16", "e": "N", "st": "Suplente"}, {"seq": "6", "n": "10789", "vap": "195", "pvap": "   3,13", "e": "S", "st": "Eleito"}, {"seq": "22", "n": "77555", "vap": "123", "pvap": "   1,98", "e": "N", "st": "Suplente"}, {"seq": "17", "n": "77888", "vap": "159", "pvap": "   2,56", "e": "N", "st": "Suplente"}, {"seq": "35", "n": "77778", "vap": "52", "pvap": "   0,84", "e": "N", "st": "Suplente"}, {"seq": "34", "n": "77666", "vap": "61", "pvap": "   0,98", "e": "N", "st": "Suplente"}, {"seq": "26", "n": "77123", "vap": "109", "pvap": "   1,75", "e": "N", "st": "Suplente"}, {"seq": "16", "n": "77000", "vap": "166", "pvap": "   2,67", "e": "N", "st": "Suplente"}, {"seq": "2", "n": "77999", "vap": "297", "pvap": "   4,77", "e": "S", "st": "Eleito"}, {"seq": "7", "n": "77777", "vap": "192", "pvap": "   3,09", "e": "S", "st": "Eleito"}, {"seq": "24", "n": "77222", "vap": "120", "pvap": "   1,93", "e": "N", "st": "Suplente"}, {"seq": "44", "n": "77333", "vap": "16", "pvap": "   0,26", "e": "N", "st": "Suplente"}, {"seq": "47", "n": "77890", "vap": "10", "pvap": "   0,16", "e": "N", "st": "Suplente"}, {"seq": "28", "n": "77111", "vap": "101", "pvap": "   1,62", "e": "N", "st": "Suplente"}, {"seq": "33", "n": "25333", "vap": "80", "pvap": "   1,29", "e": "N", "st": "Suplente"}, {"seq": "39", "n": "25123", "vap": "35", "pvap": "   0,56", "e": "N", "st": "Suplente"}, {"seq": "11", "n": "25222", "vap": "204", "pvap": "   3,28", "e": "N", "st": "Suplente"}, {"seq": "51", "n": "25111", "vap": "5", "pvap": "   0,08", "e": "N", "st": "Suplente"}, {"seq": "31", "n": "25125", "vap": "84", "pvap": "   1,35", "e": "N", "st": "Suplente"}, {"seq": "32", "n": "25606", "vap": "83", "pvap": "   1,33", "e": "N", "st": "Suplente"}, {"seq": "45", "n": "25225", "vap": "15", "pvap": "   0,24", "e": "N", "st": "Suplente"}, {"seq": "5", "n": "25456", "vap": "234", "pvap": "   3,76", "e": "S", "st": "Eleito"}, {"seq": "4", "n": "25444", "vap": "254", "pvap": "   4,08", "e": "S", "st": "Eleito"}, {"seq": "10", "n": "25555", "vap": "208", "pvap": "   3,34", "e": "N", "st": "Suplente"}]}, {"dt": "15/11/2020", "ht": "22:23:25", "tf": "S", "and": "F", "tpabr": "ZONA", "cdabr": "114", "s": "21", "st": "21", "snt": "0", "si": "21", "sni": "0", "sa": "21", "sna": "0", "pst": " 100,00", "psnt": "   0,00", "psi": " 100,00", "psni": "   0,00", "psa": " 100,00", "psna": "   0,00", "e": "7594", "ea": "7594", "ena": "0", "esi": "7594", "esni": "0", "a": "1010", "c": "6584", "pea": " 100,00", "pena": "   0,00", "pesi": " 100,00", "pesni": "   0,00", "pa": "  13,30", "pc": "  86,70", "vnom": "5856", "vscv": "0", "vl": "367", "tv": "6584", "vvc": "6223", "vb": "52", "tvn": "309", "vn": "309", "vnt": "0", "vp": "0", "vv": "6223", "van": "0", "vansj": "0", "pvnom": "  94,10", "pvl": "   5,90", "pvvc": "  94,52", "pvb": "   0,79", "ptvn": "   4,69", "pvn": " 100,00", "pvnt": "   0,00", "pvp": "   0,00", "pvv": " 100,00", "pvan": "   0,00", "pvansj": "   0,00", "cand": [{"seq": "6", "n": "10789", "vap": "195", "pvap": "   3,13", "e": "S", "st": "Eleito"}, {"seq": "8", "n": "10000", "vap": "182", "pvap": "   2,92", "e": "S", "st": "Eleito"}, {"seq": "15", "n": "10555", "vap": "168", "pvap": "   2,70", "e": "N", "st": "Suplente"}, {"seq": "18", "n": "10444", "vap": "155", "pvap": "   2,49", "e": "N", "st": "Suplente"}, {"seq": "23", "n": "10888", "vap": "120", "pvap": "   1,93", "e": "N", "st": "Suplente"}, {"seq": "27", "n": "10456", "vap": "103", "pvap": "   1,66", "e": "N", "st": "Suplente"}, {"seq": "38", "n": "10430", "vap": "35", "pvap": "   0,56", "e": "N", "st": "Suplente"}, {"seq": "40", "n": "10556", "vap": "30", "pvap": "   0,48", "e": "N", "st": "Suplente"}, {"seq": "43", "n": "10123", "vap": "27", "pvap": "   0,43", "e": "N", "st": "Suplente"}, {"seq": "48", "n": "10333", "vap": "10", "pvap": "   0,16", "e": "N", "st": "Suplente"}, {"seq": "2", "n": "77999", "vap": "297", "pvap": "   4,77", "e": "S", "st": "Eleito"}, {"seq": "7", "n": "77777", "vap": "192", "pvap": "   3,09", "e": "S", "st": "Eleito"}, {"seq": "16", "n": "77000", "vap": "166", "pvap": "   2,67", "e": "N", "st": "Suplente"}, {"seq": "17", "n": "77888", "vap": "159", "pvap": "   2,56", "e": "N", "st": "Suplente"}, {"seq": "22", "n": "77555", "vap": "123", "pvap": "   1,98", "e": "N", "st": "Suplente"}, {"seq": "24", "n": "77222", "vap": "120", "pvap": "   1,93", "e": "N", "st": "Suplente"}, {"seq": "26", "n": "77123", "vap": "109", "pvap": "   1,75", "e": "N", "st": "Suplente"}, {"seq": "28", "n": "77111", "vap": "101", "pvap": "   1,62", "e": "N", "st": "Suplente"}, {"seq": "34", "n": "77666", "vap": "61", "pvap": "   0,98", "e": "N", "st": "Suplente"}, {"seq": "35", "n": "77778", "vap": "52", "pvap": "   0,84", "e": "N", "st": "Suplente"}, {"seq": "44", "n": "77333", "vap": "16", "pvap": "   0,26", "e": "N", "st": "Suplente"}, {"seq": "47", "n": "77890", "vap": "10", "pvap": "   0,16", "e": "N", "st": "Suplente"}, {"seq": "9", "n": "13444", "vap": "148", "pvap": "   2,38", "e": "S", "st": "Eleito"}, {"seq": "20", "n": "13222", "vap": "136", "pvap": "   2,19", "e": "N", "st": "Suplente"}, {"seq": "21", "n": "13111", "vap": "134", "pvap": "   2,15", "e": "N", "st": "Suplente"}, {"seq": "25", "n": "13666", "vap": "112", "pvap": "   1,80", "e": "N", "st": "Suplente"}, {"seq": "29", "n": "13333", "vap": "94", "pvap": "   1,51", "e": "N", "st": "Suplente"}, {"seq": "37", "n": "13000", "vap": "46", "pvap": "   0,74", "e": "N", "st": "Suplente"}, {"seq": "41", "n": "13777", "vap": "30", "pvap": "   0,48", "e": "N", "st": "Suplente"}, {"seq": "42", "n": "13555", "vap": "28", "pvap": "   0,45", "e": "N", "st": "Suplente"}, {"seq": "50", "n": "13456", "vap": "6", "pvap": "   0,10", "e": "N", "st": "Suplente"}, {"seq": "52", "n": "13567", "vap": "2", "pvap": "   0,03", "e": "N", "st": "Suplente"}, {"seq": "1", "n": "19111", "vap": "373", "pvap": "   5,99", "e": "S", "st": "Eleito"}, {"seq": "3", "n": "19222", "vap": "282", "pvap": "   4,53", "e": "S", "st": "Eleito"}, {"seq": "12", "n": "19567", "vap": "180", "pvap": "   2,89", "e": "N", "st": "Suplente"}, {"seq": "13", "n": "19789", "vap": "176", "pvap": "   2,83", "e": "N", "st": "Suplente"}, {"seq": "14", "n": "19123", "vap": "171", "pvap": "   2,75", "e": "N", "st": "Suplente"}, {"seq": "19", "n": "19444", "vap": "143", "pvap": "   2,30", "e": "N", "st": "Suplente"}, {"seq": "30", "n": "19999", "vap": "93", "pvap": "   1,49", "e": "N", "st": "Suplente"}, {"seq": "36", "n": "19220", "vap": "50", "pvap": "   0,80", "e": "N", "st": "Suplente"}, {"seq": "46", "n": "19456", "vap": "11", "pvap": "   0,18", "e": "N", "st": "Suplente"}, {"seq": "49", "n": "19000", "vap": "8", "pvap": "   0,13", "e": "N", "st": "Suplente"}, {"seq": "4", "n": "25444", "vap": "254", "pvap": "   4,08", "e": "S", "st": "Eleito"}, {"seq": "5", "n": "25456", "vap": "234", "pvap": "   3,76", "e": "S", "st": "Eleito"}, {"seq": "10", "n": "25555", "vap": "208", "pvap": "   3,34", "e": "N", "st": "Suplente"}, {"seq": "11", "n": "25222", "vap": "204", "pvap": "   3,28", "e": "N", "st": "Suplente"}, {"seq": "31", "n": "25125", "vap": "84", "pvap": "   1,35", "e": "N", "st": "Suplente"}, {"seq": "32", "n": "25606", "vap": "83", "pvap": "   1,33", "e": "N", "st": "Suplente"}, {"seq": "33", "n": "25333", "vap": "80", "pvap": "   1,29", "e": "N", "st": "Suplente"}, {"seq": "39", "n": "25123", "vap": "35", "pvap": "   0,56", "e": "N", "st": "Suplente"}, {"seq": "45", "n": "25225", "vap": "15", "pvap": "   0,24", "e": "N", "st": "Suplente"}, {"seq": "51", "n": "25111", "vap": "5", "pvap": "   0,08", "e": "N", "st": "Suplente"}]}]}