{"ele": "426", "carper": "13", "t": "1", "f": "O", "esae": "N", "mnae": " ", "dg": "15/11/2020", "hg": "22:39:54", "dv": "S", "nadf": "ba36315-c0013-e000426-002-f", "abr": [{"dt": "15/11/2020", "ht": "22:35:03", "tf": "S", "and": "F", "tpabr": "MU", "cdabr": "36315", "s": "59", "st": "59", "snt": "0", "si": "59", "sni": "0", "sa": "59", "sna": "0", "pst": " 100,00", "psnt": "   0,00", "psi": " 100,00", "psni": "   0,00", "psa": " 100,00", "psna": "   0,00", "e": "24339", "ea": "24339", "ena": "0", "esi": "24339", "esni": "0", "c": "18199", "a": "6140", "pea": " 100,00", "pena": "   0,00", "pesi": " 100,00", "pesni": "   0,00", "pa": "  25,23", "pc": "  74,77", "vscv": "0", "vnom": "16130", "vl": "1185", "tv": "18199", "vvc": "17315", "vb": "180", "tvn": "704", "vn": "704", "vnt": "0", "vp": "0", "vv": "17315", "van": "0", "vansj": "0", "pvnom": "  93,16", "pvl": "   6,84", "pvvc": "  95,14", "pvb": "   0,99", "ptvn": "   3,87", "pvn": " 100,00", "pvnt": "   0,00", "pvp": "   0,00", "pvv": " 100,00", "pvan": "   0,00", "pvansj": "   0,00", "colig": [{"n": "50000146386", "tvtn": "548", "tvan": "548", "vag": "0", "tvtl": "19", "tval": "19"}, {"n": "50000134231", "tvtn": "3410", "tvan": "3410", "vag": "3", "tvtl": "110", "tval": "110"}, {"n": "50000145898", "tvtn": "2696", "tvan": "2696", "vag": "2", "tvtl": "109", "tval": "109"}, {"n": "50000154699", "tvtn": "3944", "tvan": "3944", "vag": "4", "tvtl": "293", "tval": "293"}, {"n": "50000134079", "tvtn": "1459", "tvan": "1459", "vag": "1", "tvtl": "103", "tval": "103"}, {"n": "50000153466", "tvtn": "887", "tvan": "887", "vag": "0", "tvtl": "33", "tval": "33"}, {"n": "50000134613", "tvtn": "3186", "tvan": "3186", "vag": "3", "tvtl": "518", "tval": "518"}], "part": [{"n": "51", "tvtn": "548", "tvan": "548", "tvtl": "19", "tval": "19"}, {"n": "13", "tvtn": "3410", "tvan": "3410", "tvtl": "110", "tval": "110"}, {"n": "25", "tvtn": "2696", "tvan": "2696", "tvtl": "109", "tval": "109"}, {"n": "11", "tvtn": "3944", "tvan": "3944", "tvtl": "293", "tval": "293"}, {"n": "12", "tvtn": "1459", "tvan": "1459", "tvtl": "103", "tval": "103"}, {"n": "65", "tvtn": "887", "tvan": "887", "tvtl": "33", "tval": "33"}, {"n": "55", "tvtn": "3186", "tvan": "3186", "tvtl": "518", "tval": "518"}], "cand": [{"seq": "92", "n": "51444", "vap": "12", "pvap": "   0,07", "e": "N", "st": "N\u00e3o eleito"}, {"seq": "95", "n": "51777", "vap": "7", "pvap": "   0,04", "e": "N", "st": "N\u00e3o eleito"}, {"seq": "85", "n": "51888", "vap": "76", "pvap": "   0,44", "e": "N", "st": "N\u00e3o eleito"}, {"seq": "97", "n": "51555", "vap": "6", "pvap": "   0,03", "e": "N", "st": "N\u00e3o eleito"}, {"seq": "93", "n": "51333", "vap": "10", "pvap": "   0,06", "e": "N", "st": "N\u00e3o eleito"}, {"seq": "80", "n": "51123", "vap": "146", "pvap": "   0,84", "e": "N", "st": "N\u00e3o eleito"}, {"seq": "88", "n": "51234", "vap": "38", "pvap": "   0,22", "e": "N", "st": "N\u00e3o eleito"}, {"seq": "91", "n": "51000", "vap": "22", "pvap": "   0,13", "e": "N", "st": "N\u00e3o eleito"}, {"seq": "82", "n": "51222", "vap": "116", "pvap": "   0,67", "e": "N", "st": "N\u00e3o eleito"}, {"seq": "98", "n": "51111", "vap": "5", "pvap": "   0,03", "e": "N", "st": "N\u00e3o eleito"}, {"seq": "83", "n": "51999", "vap": "103", "pvap": "   0,59", "e": "N", "st": "N\u00e3o eleito"}, {"seq": "96", "n": "51666", "vap": "7", "pvap": "   0,04", "e": "N", "st": "N\u00e3o eleito"}, {"seq": "76", "n": "13999", "vap": "0", "pvap": "00.00", "e": "N", "st": "Suplente"}, {"seq": "65", "n": "13300", "vap": "9", "pvap": "   0,05", "e": "N", "st": "Suplente"}, {"seq": "18", "n": "13555", "vap": "323", "pvap": "   1,87", "e": "N", "st": "Suplente"}, {"seq": "26", "n": "13333", "vap": "119", "pvap": "   0,69", "e": "N", "st": "Suplente"}, {"seq": "57", "n": "13456", "vap": "21", "pvap": "   0,12", "e": "N", "st": "Suplente"}, {"seq": "5", "n": "13444", "vap": "684", "pvap": "   3,95", "e": "S", "st": "Eleito"}, {"seq": "58", "n": "13567", "vap": "21", "pvap": "   0,12", "e": "N", "st": "Suplente"}, {"seq": "70", "n": "13311", "vap": "2", "pvap": "   0,01", "e": "N", "st": "Suplente"}, {"seq": "1", "n": "13000", "vap": "1273", "pvap": "   7,35", "e": "S", "st": "Eleito"}, {"seq": "74", "n": "13123", "vap": "1", "pvap": "   0,01", "e": "N", "st": "Suplente"}, {"seq": "13", "n": "13222", "vap": "527", "pvap": "   3,04", "e": "S", "st": "Eleito"}, {"seq": "45", "n": "13111", "vap": "38", "pvap": "   0,22", "e": "N", "st": "Suplente"}, {"seq": "30", "n": "13666", "vap": "82", "pvap": "   0,47", "e": "N", "st": "Suplente"}, {"seq": "20", "n": "13777", "vap": "309", "pvap": "   1,78", "e": "N", "st": "Suplente"}, {"seq": "73", "n": "13789", "vap": "1", "pvap": "   0,01", "e": "N", "st": "Suplente"}, {"seq": "33", "n": "25666", "vap": "73", "pvap": "   0,42", "e": "N", "st": "Suplente"}, {"seq": "50", "n": "25777", "vap": "27", "pvap": "   0,16", "e": "N", "st": "Suplente"}, {"seq": "55", "n": "25222", "vap": "25", "pvap": "   0,14", "e": "N", "st": "Suplente"}, {"seq": "39", "n": "25123", "vap": "47", "pvap": "   0,27", "e": "N", "st": "Suplente"}, {"seq": "9", "n": "25555", "vap": "658", "pvap": "   3,80", "e": "S", "st": "Eleito"}, {"seq": "67", "n": "25122", "vap": "7", "pvap": "   0,04", "e": "N", "st": "Suplente"}, {"seq": "40", "n": "25333", "vap": "46", "pvap": "   0,27", "e": "N", "st": "Suplente"}, {"seq": "19", "n": "25888", "vap": "316", "pvap": "   1,83", "e": "N", "st": "Suplente"}, {"seq": "53", "n": "25255", "vap": "26", "pvap": "   0,15", "e": "N", "st": "Suplente"}, {"seq": "24", "n": "25444", "vap": "161", "pvap": "   0,93", "e": "N", "st": "Suplente"}, {"seq": "27", "n": "25600", "vap": "113", "pvap": "   0,65", "e": "N", "st": "Suplente"}, {"seq": "52", "n": "25111", "vap": "26", "pvap": "   0,15", "e": "N", "st": "Suplente"}, {"seq": "15", "n": "25500", "vap": "369", "pvap": "   2,13", "e": "N", "st": "Suplente"}, {"seq": "34", "n": "25133", "vap": "69", "pvap": "   0,40", "e": "N", "st": "Suplente"}, {"seq": "4", "n": "25000", "vap": "707", "pvap": "   4,08", "e": "S", "st": "Eleito"}, {"seq": "51", "n": "25999", "vap": "26", "pvap": "   0,15", "e": "N", "st": "Suplente"}, {"seq": "66", "n": "11110", "vap": "8", "pvap": "   0,05", "e": "N", "st": "Suplente"}, {"seq": "46", "n": "11888", "vap": "32", "pvap": "   0,18", "e": "N", "st": "Suplente"}, {"seq": "6", "n": "11333", "vap": "683", "pvap": "   3,94", "e": "S", "st": "Eleito"}, {"seq": "42", "n": "11567", "vap": "44", "pvap": "   0,25", "e": "N", "st": "Suplente"}, {"seq": "16", "n": "11234", "vap": "349", "pvap": "   2,02", "e": "N", "st": "Suplente"}, {"seq": "75", "n": "11789", "vap": "0", "pvap": "00.00", "e": "N", "st": "Suplente"}, {"seq": "63", "n": "11000", "vap": "12", "pvap": "   0,07", "e": "N", "st": "Suplente"}, {"seq": "64", "n": "11999", "vap": "12", "pvap": "   0,07", "e": "N", "st": "Suplente"}, {"seq": "23", "n": "11456", "vap": "202", "pvap": "   1,17", "e": "N", "st": "Suplente"}, {"seq": "7", "n": "11111", "vap": "675", "pvap": "   3,90", "e": "S", "st": "Eleito"}, {"seq": "38", "n": "11231", "vap": "51", "pvap": "   0,29", "e": "N", "st": "Suplente"}, {"seq": "12", "n": "11222", "vap": "547", "pvap": "   3,16", "e": "S", "st": "Eleito"}, {"seq": "21", "n": "11666", "vap": "300", "pvap": "   1,73", "e": "N", "st": "Suplente"}, {"seq": "10", "n": "11123", "vap": "624", "pvap": "   3,60", "e": "S", "st": "Eleito"}, {"seq": "31", "n": "11777", "vap": "78", "pvap": "   0,45", "e": "N", "st": "Suplente"}, {"seq": "17", "n": "11555", "vap": "327", "pvap": "   1,89", "e": "N", "st": "Suplente"}, {"seq": "56", "n": "12888", "vap": "24", "pvap": "   0,14", "e": "N", "st": "Suplente"}, {"seq": "62", "n": "12777", "vap": "16", "pvap": "   0,09", "e": "N", "st": "Suplente"}, {"seq": "29", "n": "12999", "vap": "96", "pvap": "   0,55", "e": "N", "st": "Suplente"}, {"seq": "35", "n": "12333", "vap": "63", "pvap": "   0,36", "e": "N", "st": "Suplente"}, {"seq": "32", "n": "12345", "vap": "77", "pvap": "   0,44", "e": "N", "st": "Suplente"}, {"seq": "22", "n": "12555", "vap": "279", "pvap": "   1,61", "e": "N", "st": "Suplente"}, {"seq": "41", "n": "12123", "vap": "44", "pvap": "   0,25", "e": "N", "st": "Suplente"}, {"seq": "72", "n": "12567", "vap": "1", "pvap": "   0,01", "e": "N", "st": "Suplente"}, {"seq": "47", "n": "12111", "vap": "31", "pvap": "   0,18", "e": "N", "st": "Suplente"}, {"seq": "37", "n": "12222", "vap": "58", "pvap": "   0,33", "e": "N", "st": "Suplente"}, {"seq": "25", "n": "12444", "vap": "124", "pvap": "   0,72", "e": "N", "st": "Suplente"}, {"seq": "11", "n": "12000", "vap": "593", "pvap": "   3,42", "e": "S", "st": "Eleito"}, {"seq": "71", "n": "12789", "vap": "2", "pvap": "   0,01", "e": "N", "st": "Suplente"}, {"seq": "54", "n": "12112", "vap": "25", "pvap": "   0,14", "e": "N", "st": "Suplente"}, {"seq": "68", "n": "12233", "vap": "6", "pvap": "   0,03", "e": "N", "st": "Suplente"}, {"seq": "59", "n": "12666", "vap": "20", "pvap": "   0,12", "e": "N", "st": "Suplente"}, {"seq": "89", "n": "65111", "vap": "36", "pvap": "   0,21", "e": "N", "st": "N\u00e3o eleito"}, {"seq": "90", "n": "65999", "vap": "33", "pvap": "   0,19", "e": "N", "st": "N\u00e3o eleito"}, {"seq": "87", "n": "65888", "vap": "38", "pvap": "   0,22", "e": "N", "st": "N\u00e3o eleito"}, {"seq": "81", "n": "65222", "vap": "124", "pvap": "   0,72", "e": "N", "st": "N\u00e3o eleito"}, {"seq": "94", "n": "65333", "vap": "8", "pvap": "   0,05", "e": "N", "st": "N\u00e3o eleito"}, {"seq": "78", "n": "65444", "vap": "171", "pvap": "   0,99", "e": "N", "st": "N\u00e3o eleito"}, {"seq": "77", "n": "65432", "vap": "194", "pvap": "   1,12", "e": "N", "st": "N\u00e3o eleito"}, {"seq": "86", "n": "65000", "vap": "39", "pvap": "   0,23", "e": "N", "st": "N\u00e3o eleito"}, {"seq": "79", "n": "65555", "vap": "162", "pvap": "   0,94", "e": "N", "st": "N\u00e3o eleito"}, {"seq": "84", "n": "65321", "vap": "82", "pvap": "   0,47", "e": "N", "st": "N\u00e3o eleito"}, {"seq": "3", "n": "55666", "vap": "768", "pvap": "   4,44", "e": "S", "st": "Eleito"}, {"seq": "43", "n": "55678", "vap": "41", "pvap": "   0,24", "e": "N", "st": "Suplente"}, {"seq": "28", "n": "55500", "vap": "100", "pvap": "   0,58", "e": "N", "st": "Suplente"}, {"seq": "2", "n": "55555", "vap": "799", "pvap": "   4,61", "e": "S", "st": "Eleito"}, {"seq": "49", "n": "55778", "vap": "28", "pvap": "   0,16", "e": "N", "st": "Suplente"}, {"seq": "14", "n": "55888", "vap": "609", "pvap": "   3,52", "e": "N", "st": "Suplente"}, {"seq": "44", "n": "55333", "vap": "40", "pvap": "   0,23", "e": "N", "st": "Suplente"}, {"seq": "69", "n": "55999", "vap": "4", "pvap": "   0,02", "e": "N", "st": "Suplente"}, {"seq": "36", "n": "55111", "vap": "62", "pvap": "   0,36", "e": "N", "st": "Suplente"}, {"seq": "60", "n": "55505", "vap": "19", "pvap": "   0,11", "e": "N", "st": "Suplente"}, {"seq": "48", "n": "55123", "vap": "30", "pvap": "   0,17", "e": "N", "st": "Suplente"}, {"seq": "8", "n": "55777", "vap": "667", "pvap": "   3,85", "e": "S", "st": "Eleito"}, {"seq": "61", "n": "55000", "vap": "19", "pvap": "   0,11", "e": "N", "st": "Suplente"}]}, {"dt": "15/11/2020", "ht": "22:35:03", "tf": "S", "and": "F", "tpabr": "ZONA", "cdabr": "81", "s": "59", "st": "59", "snt": "0", "si": "59", "sni": "0", "sa": "59", "sna": "0", "pst": " 100,00", "psnt": "   0,00", "psi": " 100,00", "psni": "   0,00", "psa": " 100,00", "psna": "   0,00", "e": "24339", "ea": "24339", "ena": "0", "esi": "24339", "esni": "0", "a": "6140", "c": "18199", "pea": " 100,00", "pena": "   0,00", "pesi": " 100,00", "pesni": "   0,00", "pa": "  25,23", "pc": "  74,77", "vnom": "16130", "vscv": "0", "vl": "1185", "tv": "18199", "vvc": "17315", "vb": "180", "tvn": "704", "vn": "704", "vnt": "0", "vp": "0", "vv": "17315", "van": "0", "vansj": "0", "pvnom": "  93,16", "pvl": "   6,84", "pvvc": "  95,14", "pvb": "   0,99", "ptvn": "   3,87", "pvn": " 100,00", "pvnt": "   0,00", "pvp": "   0,00", "pvv": " 100,00", "pvan": "   0,00", "pvansj": "   0,00", "cand": [{"seq": "80", "n": "51123", "vap": "146", "pvap": "   0,84", "e": "N", "st": "N\u00e3o eleito"}, {"seq": "82", "n": "51222", "vap": "116", "pvap": "   0,67", "e": "N", "st": "N\u00e3o eleito"}, {"seq": "83", "n": "51999", "vap": "103", "pvap": "   0,59", "e": "N", "st": "N\u00e3o eleito"}, {"seq": "85", "n": "51888", "vap": "76", "pvap": "   0,44", "e": "N", "st": "N\u00e3o eleito"}, {"seq": "88", "n": "51234", "vap": "38", "pvap": "   0,22", "e": "N", "st": "N\u00e3o eleito"}, {"seq": "91", "n": "51000", "vap": "22", "pvap": "   0,13", "e": "N", "st": "N\u00e3o eleito"}, {"seq": "92", "n": "51444", "vap": "12", "pvap": "   0,07", "e": "N", "st": "N\u00e3o eleito"}, {"seq": "93", "n": "51333", "vap": "10", "pvap": "   0,06", "e": "N", "st": "N\u00e3o eleito"}, {"seq": "95", "n": "51777", "vap": "7", "pvap": "   0,04", "e": "N", "st": "N\u00e3o eleito"}, {"seq": "96", "n": "51666", "vap": "7", "pvap": "   0,04", "e": "N", "st": "N\u00e3o eleito"}, {"seq": "97", "n": "51555", "vap": "6", "pvap": "   0,03", "e": "N", "st": "N\u00e3o eleito"}, {"seq": "98", "n": "51111", "vap": "5", "pvap": "   0,03", "e": "N", "st": "N\u00e3o eleito"}, {"seq": "11", "n": "12000", "vap": "593", "pvap": "   3,42", "e": "S", "st": "Eleito"}, {"seq": "22", "n": "12555", "vap": "279", "pvap": "   1,61", "e": "N", "st": "Suplente"}, {"seq": "25", "n": "12444", "vap": "124", "pvap": "   0,72", "e": "N", "st": "Suplente"}, {"seq": "29", "n": "12999", "vap": "96", "pvap": "   0,55", "e": "N", "st": "Suplente"}, {"seq": "32", "n": "12345", "vap": "77", "pvap": "   0,44", "e": "N", "st": "Suplente"}, {"seq": "35", "n": "12333", "vap": "63", "pvap": "   0,36", "e": "N", "st": "Suplente"}, {"seq": "37", "n": "12222", "vap": "58", "pvap": "   0,33", "e": "N", "st": "Suplente"}, {"seq": "41", "n": "12123", "vap": "44", "pvap": "   0,25", "e": "N", "st": "Suplente"}, {"seq": "47", "n": "12111", "vap": "31", "pvap": "   0,18", "e": "N", "st": "Suplente"}, {"seq": "54", "n": "12112", "vap": "25", "pvap": "   0,14", "e": "N", "st": "Suplente"}, {"seq": "56", "n": "12888", "vap": "24", "pvap": "   0,14", "e": "N", "st": "Suplente"}, {"seq": "59", "n": "12666", "vap": "20", "pvap": "   0,12", "e": "N", "st": "Suplente"}, {"seq": "62", "n": "12777", "vap": "16", "pvap": "   0,09", "e": "N", "st": "Suplente"}, {"seq": "68", "n": "12233", "vap": "6", "pvap": "   0,03", "e": "N", "st": "Suplente"}, {"seq": "71", "n": "12789", "vap": "2", "pvap": "   0,01", "e": "N", "st": "Suplente"}, {"seq": "72", "n": "12567", "vap": "1", "pvap": "   0,01", "e": "N", "st": "Suplente"}, {"seq": "4", "n": "25000", "vap": "707", "pvap": "   4,08", "e": "S", "st": "Eleito"}, {"seq": "9", "n": "25555", "vap": "658", "pvap": "   3,80", "e": "S", "st": "Eleito"}, {"seq": "15", "n": "25500", "vap": "369", "pvap": "   2,13", "e": "N", "st": "Suplente"}, {"seq": "19", "n": "25888", "vap": "316", "pvap": "   1,83", "e": "N", "st": "Suplente"}, {"seq": "24", "n": "25444", "vap": "161", "pvap": "   0,93", "e": "N", "st": "Suplente"}, {"seq": "27", "n": "25600", "vap": "113", "pvap": "   0,65", "e": "N", "st": "Suplente"}, {"seq": "33", "n": "25666", "vap": "73", "pvap": "   0,42", "e": "N", "st": "Suplente"}, {"seq": "34", "n": "25133", "vap": "69", "pvap": "   0,40", "e": "N", "st": "Suplente"}, {"seq": "39", "n": "25123", "vap": "47", "pvap": "   0,27", "e": "N", "st": "Suplente"}, {"seq": "40", "n": "25333", "vap": "46", "pvap": "   0,27", "e": "N", "st": "Suplente"}, {"seq": "50", "n": "25777", "vap": "27", "pvap": "   0,16", "e": "N", "st": "Suplente"}, {"seq": "51", "n": "25999", "vap": "26", "pvap": "   0,15", "e": "N", "st": "Suplente"}, {"seq": "52", "n": "25111", "vap": "26", "pvap": "   0,15", "e": "N", "st": "Suplente"}, {"seq": "53", "n": "25255", "vap": "26", "pvap": "   0,15", "e": "N", "st": "Suplente"}, {"seq": "55", "n": "25222", "vap": "25", "pvap": "   0,14", "e": "N", "st": "Suplente"}, {"seq": "67", "n": "25122", "vap": "7", "pvap": "   0,04", "e": "N", "st": "Suplente"}, {"seq": "6", "n": "11333", "vap": "683", "pvap": "   3,94", "e": "S", "st": "Eleito"}, {"seq": "7", "n": "11111", "vap": "675", "pvap": "   3,90", "e": "S", "st": "Eleito"}, {"seq": "10", "n": "11123", "vap": "624", "pvap": "   3,60", "e": "S", "st": "Eleito"}, {"seq": "12", "n": "11222", "vap": "547", "pvap": "   3,16", "e": "S", "st": "Eleito"}, {"seq": "16", "n": "11234", "vap": "349", "pvap": "   2,02", "e": "N", "st": "Suplente"}, {"seq": "17", "n": "11555", "vap": "327", "pvap": "   1,89", "e": "N", "st": "Suplente"}, {"seq": "21", "n": "11666", "vap": "300", "pvap": "   1,73", "e": "N", "st": "Suplente"}, {"seq": "23", "n": "11456", "vap": "202", "pvap": "   1,17", "e": "N", "st": "Suplente"}, {"seq": "31", "n": "11777", "vap": "78", "pvap": "   0,45", "e": "N", "st": "Suplente"}, {"seq": "38", "n": "11231", "vap": "51", "pvap": "   0,29", "e": "N", "st": "Suplente"}, {"seq": "42", "n": "11567", "vap": "44", "pvap": "   0,25", "e": "N", "st": "Suplente"}, {"seq": "46", "n": "11888", "vap": "32", "pvap": "   0,18", "e": "N", "st": "Suplente"}, {"seq": "63", "n": "11000", "vap": "12", "pvap": "   0,07", "e": "N", "st": "Suplente"}, {"seq": "64", "n": "11999", "vap": "12", "pvap": "   0,07", "e": "N", "st": "Suplente"}, {"seq": "66", "n": "11110", "vap": "8", "pvap": "   0,05", "e": "N", "st": "Suplente"}, {"seq": "75", "n": "11789", "vap": "0", "pvap": "00.00", "e": "N", "st": "Suplente"}, {"seq": "1", "n": "13000", "vap": "1273", "pvap": "   7,35", "e": "S", "st": "Eleito"}, {"seq": "5", "n": "13444", "vap": "684", "pvap": "   3,95", "e": "S", "st": "Eleito"}, {"seq": "13", "n": "13222", "vap": "527", "pvap": "   3,04", "e": "S", "st": "Eleito"}, {"seq": "18", "n": "13555", "vap": "323", "pvap": "   1,87", "e": "N", "st": "Suplente"}, {"seq": "20", "n": "13777", "vap": "309", "pvap": "   1,78", "e": "N", "st": "Suplente"}, {"seq": "26", "n": "13333", "vap": "119", "pvap": "   0,69", "e": "N", "st": "Suplente"}, {"seq": "30", "n": "13666", "vap": "82", "pvap": "   0,47", "e": "N", "st": "Suplente"}, {"seq": "45", "n": "13111", "vap": "38", "pvap": "   0,22", "e": "N", "st": "Suplente"}, {"seq": "57", "n": "13456", "vap": "21", "pvap": "   0,12", "e": "N", "st": "Suplente"}, {"seq": "58", "n": "13567", "vap": "21", "pvap": "   0,12", "e": "N", "st": "Suplente"}, {"seq": "65", "n": "13300", "vap": "9", "pvap": "   0,05", "e": "N", "st": "Suplente"}, {"seq": "70", "n": "13311", "vap": "2", "pvap": "   0,01", "e": "N", "st": "Suplente"}, {"seq": "73", "n": "13789", "vap": "1", "pvap": "   0,01", "e": "N", "st": "Suplente"}, {"seq": "74", "n": "13123", "vap": "1", "pvap": "   0,01", "e": "N", "st": "Suplente"}, {"seq": "76", "n": "13999", "vap": "0", "pvap": "00.00", "e": "N", "st": "Suplente"}, {"seq": "2", "n": "55555", "vap": "799", "pvap": "   4,61", "e": "S", "st": "Eleito"}, {"seq": "3", "n": "55666", "vap": "768", "pvap": "   4,44", "e": "S", "st": "Eleito"}, {"seq": "8", "n": "55777", "vap": "667", "pvap": "   3,85", "e": "S", "st": "Eleito"}, {"seq": "14", "n": "55888", "vap": "609", "pvap": "   3,52", "e": "N", "st": "Suplente"}, {"seq": "28", "n": "55500", "vap": "100", "pvap": "   0,58", "e": "N", "st": "Suplente"}, {"seq": "36", "n": "55111", "vap": "62", "pvap": "   0,36", "e": "N", "st": "Suplente"}, {"seq": "43", "n": "55678", "vap": "41", "pvap": "   0,24", "e": "N", "st": "Suplente"}, {"seq": "44", "n": "55333", "vap": "40", "pvap": "   0,23", "e": "N", "st": "Suplente"}, {"seq": "48", "n": "55123", "vap": "30", "pvap": "   0,17", "e": "N", "st": "Suplente"}, {"seq": "49", "n": "55778", "vap": "28", "pvap": "   0,16", "e": "N", "st": "Suplente"}, {"seq": "60", "n": "55505", "vap": "19", "pvap": "   0,11", "e": "N", "st": "Suplente"}, {"seq": "61", "n": "55000", "vap": "19", "pvap": "   0,11", "e": "N", "st": "Suplente"}, {"seq": "69", "n": "55999", "vap": "4", "pvap": "   0,02", "e": "N", "st": "Suplente"}, {"seq": "77", "n": "65432", "vap": "194", "pvap": "   1,12", "e": "N", "st": "N\u00e3o eleito"}, {"seq": "78", "n": "65444", "vap": "171", "pvap": "   0,99", "e": "N", "st": "N\u00e3o eleito"}, {"seq": "79", "n": "65555", "vap": "162", "pvap": "   0,94", "e": "N", "st": "N\u00e3o eleito"}, {"seq": "81", "n": "65222", "vap": "124", "pvap": "   0,72", "e": "N", "st": "N\u00e3o eleito"}, {"seq": "84", "n": "65321", "vap": "82", "pvap": "   0,47", "e": "N", "st": "N\u00e3o eleito"}, {"seq": "86", "n": "65000", "vap": "39", "pvap": "   0,23", "e": "N", "st": "N\u00e3o eleito"}, {"seq": "87", "n": "65888", "vap": "38", "pvap": "   0,22", "e": "N", "st": "N\u00e3o eleito"}, {"seq": "89", "n": "65111", "vap": "36", "pvap": "   0,21", "e": "N", "st": "N\u00e3o eleito"}, {"seq": "90", "n": "65999", "vap": "33", "pvap": "   0,19", "e": "N", "st": "N\u00e3o eleito"}, {"seq": "94", "n": "65333", "vap": "8", "pvap": "   0,05", "e": "N", "st": "N\u00e3o eleito"}]}]}