{"ele": "426", "carper": "13", "t": "1", "f": "O", "esae": "N", "mnae": " ", "dg": "15/11/2020", "hg": "23:02:09", "dv": "S", "nadf": "ba35955-c0013-e000426-004-f", "abr": [{"dt": "15/11/2020", "ht": "22:40:19", "tf": "S", "and": "F", "tpabr": "MU", "cdabr": "35955", "s": "117", "st": "117", "snt": "0", "si": "117", "sni": "0", "sa": "117", "sna": "0", "pst": " 100,00", "psnt": "   0,00", "psi": " 100,00", "psni": "   0,00", "psa": " 100,00", "psna": "   0,00", "e": "47246", "ea": "47246", "ena": "0", "esi": "47246", "esni": "0", "c": "38849", "a": "8397", "pea": " 100,00", "pena": "   0,00", "pesi": " 100,00", "pesni": "   0,00", "pa": "  17,77", "pc": "  82,23", "vscv": "0", "vnom": "34254", "vl": "2398", "tv": "38849", "vvc": "36652", "vb": "645", "tvn": "1552", "vn": "1550", "vnt": "2", "vp": "0", "vv": "36652", "van": "0", "vansj": "0", "pvnom": "  93,46", "pvl": "   6,54", "pvvc": "  94,34", "pvb": "   1,67", "ptvn": "   3,99", "pvn": "  99,87", "pvnt": "   0,13", "pvp": "   0,00", "pvv": " 100,00", "pvan": "   0,00", "pvansj": "   0,00", "colig": [{"n": "50000096676", "tvtn": "125", "tvan": "127", "vag": "0", "tvtl": "4", "tval": "4"}, {"n": "50000148535", "tvtn": "2317", "tvan": "2317", "vag": "1", "tvtl": "64", "tval": "64"}, {"n": "50000150713", "tvtn": "114", "tvan": "114", "vag": "0", "tvtl": "33", "tval": "33"}, {"n": "50000088517", "tvtn": "10433", "tvan": "10433", "vag": "5", "tvtl": "793", "tval": "793"}, {"n": "50000148284", "tvtn": "1701", "tvan": "1701", "vag": "0", "tvtl": "128", "tval": "128"}, {"n": "50000148379", "tvtn": "3716", "tvan": "3716", "vag": "2", "tvtl": "780", "tval": "780"}, {"n": "50000063385", "tvtn": "4341", "tvan": "4341", "vag": "2", "tvtl": "62", "tval": "62"}, {"n": "50000148202", "tvtn": "7654", "tvan": "7654", "vag": "4", "tvtl": "142", "tval": "142"}, {"n": "50000154465", "tvtn": "1426", "tvan": "1426", "vag": "0", "tvtl": "31", "tval": "31"}, {"n": "50000148591", "tvtn": "2156", "tvan": "2156", "vag": "1", "tvtl": "328", "tval": "328"}, {"n": "50000148471", "tvtn": "271", "tvan": "271", "vag": "0", "tvtl": "33", "tval": "33"}], "part": [{"n": "27", "tvtn": "125", "tvan": "125", "tvtl": "4", "tval": "4"}, {"n": "25", "tvtn": "2317", "tvan": "2317", "tvtl": "64", "tval": "64"}, {"n": "15", "tvtn": "114", "tvan": "114", "tvtl": "33", "tval": "33"}, {"n": "11", "tvtn": "10433", "tvan": "10433", "tvtl": "793", "tval": "793"}, {"n": "12", "tvtn": "1701", "tvan": "1701", "tvtl": "128", "tval": "128"}, {"n": "22", "tvtn": "3716", "tvan": "3716", "tvtl": "780", "tval": "780"}, {"n": "65", "tvtn": "4341", "tvan": "4341", "tvtl": "62", "tval": "62"}, {"n": "55", "tvtn": "7654", "tvan": "7654", "tvtl": "142", "tval": "142"}, {"n": "20", "tvtn": "1426", "tvan": "1426", "tvtl": "31", "tval": "31"}, {"n": "45", "tvtn": "2156", "tvan": "2156", "tvtl": "328", "tval": "328"}, {"n": "13", "tvtn": "271", "tvan": "271", "tvtl": "33", "tval": "33"}], "cand": [{"seq": "142", "n": "27007", "vap": "26", "pvap": "   0,07", "e": "N", "st": "N\u00e3o eleito"}, {"seq": "146", "n": "27444", "vap": "21", "pvap": "   0,06", "e": "N", "st": "N\u00e3o eleito"}, {"seq": "147", "n": "27897", "vap": "16", "pvap": "   0,04", "e": "N", "st": "N\u00e3o eleito"}, {"seq": "150", "n": "27123", "vap": "12", "pvap": "   0,03", "e": "N", "st": "N\u00e3o eleito"}, {"seq": "137", "n": "27270", "vap": "30", "pvap": "   0,08", "e": "N", "st": "N\u00e3o eleito"}, {"seq": "153", "n": "27222", "vap": "8", "pvap": "   0,02", "e": "N", "st": "N\u00e3o eleito"}, {"seq": "155", "n": "27777", "vap": "4", "pvap": "   0,01", "e": "N", "st": "N\u00e3o eleito"}, {"seq": "152", "n": "27807", "vap": "8", "pvap": "   0,02", "e": "N", "st": "N\u00e3o eleito"}, {"seq": "160", "n": "27077", "vap": "0", "pvap": "00.00", "e": "N", "st": "N\u00e3o eleito"}, {"seq": "66", "n": "25333", "vap": "77", "pvap": "   0,21", "e": "N", "st": "Suplente"}, {"seq": "83", "n": "25069", "vap": "31", "pvap": "   0,08", "e": "N", "st": "Suplente"}, {"seq": "69", "n": "25100", "vap": "72", "pvap": "   0,20", "e": "N", "st": "Suplente"}, {"seq": "111", "n": "25345", "vap": "0", "pvap": "00.00", "e": "N", "st": "Suplente"}, {"seq": "85", "n": "25777", "vap": "28", "pvap": "   0,08", "e": "N", "st": "Suplente"}, {"seq": "21", "n": "25555", "vap": "474", "pvap": "   1,29", "e": "N", "st": "Suplente"}, {"seq": "98", "n": "25789", "vap": "8", "pvap": "   0,02", "e": "N", "st": "Suplente"}, {"seq": "86", "n": "25456", "vap": "25", "pvap": "   0,07", "e": "N", "st": "Suplente"}, {"seq": "13", "n": "25123", "vap": "613", "pvap": "   1,67", "e": "S", "st": "Eleito"}, {"seq": "60", "n": "25510", "vap": "92", "pvap": "   0,25", "e": "N", "st": "Suplente"}, {"seq": "47", "n": "25444", "vap": "199", "pvap": "   0,54", "e": "N", "st": "Suplente"}, {"seq": "95", "n": "25222", "vap": "15", "pvap": "   0,04", "e": "N", "st": "Suplente"}, {"seq": "51", "n": "25500", "vap": "153", "pvap": "   0,42", "e": "N", "st": "Suplente"}, {"seq": "53", "n": "25000", "vap": "142", "pvap": "   0,39", "e": "N", "st": "Suplente"}, {"seq": "89", "n": "25678", "vap": "23", "pvap": "   0,06", "e": "N", "st": "Suplente"}, {"seq": "81", "n": "25999", "vap": "34", "pvap": "   0,09", "e": "N", "st": "Suplente"}, {"seq": "39", "n": "25111", "vap": "243", "pvap": "   0,66", "e": "N", "st": "Suplente"}, {"seq": "62", "n": "25888", "vap": "88", "pvap": "   0,24", "e": "N", "st": "Suplente"}, {"seq": "128", "n": "15678", "vap": "86", "pvap": "   0,23", "e": "N", "st": "N\u00e3o eleito"}, {"seq": "148", "n": "15000", "vap": "15", "pvap": "   0,04", "e": "N", "st": "N\u00e3o eleito"}, {"seq": "149", "n": "15111", "vap": "13", "pvap": "   0,04", "e": "N", "st": "N\u00e3o eleito"}, {"seq": "159", "n": "15123", "vap": "0", "pvap": "00.00", "e": "N", "st": "N\u00e3o eleito"}, {"seq": "18", "n": "11122", "vap": "908", "pvap": "   2,48", "e": "N", "st": "Suplente"}, {"seq": "52", "n": "11888", "vap": "147", "pvap": "   0,40", "e": "N", "st": "Suplente"}, {"seq": "56", "n": "11555", "vap": "134", "pvap": "   0,37", "e": "N", "st": "Suplente"}, {"seq": "5", "n": "11456", "vap": "1103", "pvap": "   3,01", "e": "S", "st": "Eleito"}, {"seq": "63", "n": "11110", "vap": "82", "pvap": "   0,22", "e": "N", "st": "Suplente"}, {"seq": "16", "n": "11111", "vap": "934", "pvap": "   2,55", "e": "N", "st": "Suplente"}, {"seq": "4", "n": "11333", "vap": "1290", "pvap": "   3,52", "e": "S", "st": "Eleito"}, {"seq": "9", "n": "11444", "vap": "952", "pvap": "   2,60", "e": "S", "st": "Eleito"}, {"seq": "55", "n": "11533", "vap": "135", "pvap": "   0,37", "e": "N", "st": "Suplente"}, {"seq": "103", "n": "11211", "vap": "5", "pvap": "   0,01", "e": "N", "st": "Suplente"}, {"seq": "91", "n": "11911", "vap": "18", "pvap": "   0,05", "e": "N", "st": "Suplente"}, {"seq": "25", "n": "11100", "vap": "399", "pvap": "   1,09", "e": "N", "st": "Suplente"}, {"seq": "17", "n": "11000", "vap": "916", "pvap": "   2,50", "e": "N", "st": "Suplente"}, {"seq": "20", "n": "11999", "vap": "548", "pvap": "   1,50", "e": "N", "st": "Suplente"}, {"seq": "8", "n": "11222", "vap": "993", "pvap": "   2,71", "e": "S", "st": "Eleito"}, {"seq": "104", "n": "11234", "vap": "4", "pvap": "   0,01", "e": "N", "st": "Suplente"}, {"seq": "54", "n": "11113", "vap": "142", "pvap": "   0,39", "e": "N", "st": "Suplente"}, {"seq": "106", "n": "11777", "vap": "3", "pvap": "   0,01", "e": "N", "st": "Suplente"}, {"seq": "49", "n": "11543", "vap": "185", "pvap": "   0,50", "e": "N", "st": "Suplente"}, {"seq": "2", "n": "11123", "vap": "1535", "pvap": "   4,19", "e": "S", "st": "Eleito"}, {"seq": "115", "n": "12222", "vap": "275", "pvap": "   0,75", "e": "N", "st": "N\u00e3o eleito"}, {"seq": "140", "n": "12999", "vap": "28", "pvap": "   0,08", "e": "N", "st": "N\u00e3o eleito"}, {"seq": "123", "n": "12134", "vap": "98", "pvap": "   0,27", "e": "N", "st": "N\u00e3o eleito"}, {"seq": "120", "n": "12123", "vap": "130", "pvap": "   0,35", "e": "N", "st": "N\u00e3o eleito"}, {"seq": "156", "n": "12444", "vap": "4", "pvap": "   0,01", "e": "N", "st": "N\u00e3o eleito"}, {"seq": "136", "n": "12233", "vap": "37", "pvap": "   0,10", "e": "N", "st": "N\u00e3o eleito"}, {"seq": "141", "n": "12600", "vap": "27", "pvap": "   0,07", "e": "N", "st": "N\u00e3o eleito"}, {"seq": "118", "n": "12000", "vap": "168", "pvap": "   0,46", "e": "N", "st": "N\u00e3o eleito"}, {"seq": "117", "n": "12100", "vap": "221", "pvap": "   0,60", "e": "N", "st": "N\u00e3o eleito"}, {"seq": "134", "n": "12121", "vap": "48", "pvap": "   0,13", "e": "N", "st": "N\u00e3o eleito"}, {"seq": "119", "n": "12345", "vap": "153", "pvap": "   0,42", "e": "N", "st": "N\u00e3o eleito"}, {"seq": "139", "n": "12133", "vap": "28", "pvap": "   0,08", "e": "N", "st": "N\u00e3o eleito"}, {"seq": "151", "n": "12333", "vap": "11", "pvap": "   0,03", "e": "N", "st": "N\u00e3o eleito"}, {"seq": "138", "n": "12200", "vap": "30", "pvap": "   0,08", "e": "N", "st": "N\u00e3o eleito"}, {"seq": "143", "n": "12555", "vap": "25", "pvap": "   0,07", "e": "N", "st": "N\u00e3o eleito"}, {"seq": "145", "n": "12888", "vap": "25", "pvap": "   0,07", "e": "N", "st": "N\u00e3o eleito"}, {"seq": "131", "n": "12777", "vap": "73", "pvap": "   0,20", "e": "N", "st": "N\u00e3o eleito"}, {"seq": "135", "n": "12300", "vap": "42", "pvap": "   0,11", "e": "N", "st": "N\u00e3o eleito"}, {"seq": "144", "n": "12344", "vap": "25", "pvap": "   0,07", "e": "N", "st": "N\u00e3o eleito"}, {"seq": "116", "n": "12111", "vap": "253", "pvap": "   0,69", "e": "N", "st": "N\u00e3o eleito"}, {"seq": "74", "n": "22123", "vap": "63", "pvap": "   0,17", "e": "N", "st": "Suplente"}, {"seq": "64", "n": "22999", "vap": "78", "pvap": "   0,21", "e": "N", "st": "Suplente"}, {"seq": "15", "n": "22000", "vap": "412", "pvap": "   1,12", "e": "S", "st": "Eleito"}, {"seq": "31", "n": "22444", "vap": "357", "pvap": "   0,97", "e": "N", "st": "Suplente"}, {"seq": "100", "n": "22169", "vap": "6", "pvap": "   0,02", "e": "N", "st": "Suplente"}, {"seq": "12", "n": "22222", "vap": "627", "pvap": "   1,71", "e": "S", "st": "Eleito"}, {"seq": "29", "n": "22456", "vap": "363", "pvap": "   0,99", "e": "N", "st": "Suplente"}, {"seq": "35", "n": "22580", "vap": "306", "pvap": "   0,83", "e": "N", "st": "Suplente"}, {"seq": "61", "n": "22300", "vap": "89", "pvap": "   0,24", "e": "N", "st": "Suplente"}, {"seq": "92", "n": "22789", "vap": "17", "pvap": "   0,05", "e": "N", "st": "Suplente"}, {"seq": "77", "n": "22111", "vap": "53", "pvap": "   0,14", "e": "N", "st": "Suplente"}, {"seq": "68", "n": "22133", "vap": "73", "pvap": "   0,20", "e": "N", "st": "Suplente"}, {"seq": "24", "n": "22888", "vap": "403", "pvap": "   1,10", "e": "N", "st": "Suplente"}, {"seq": "34", "n": "22333", "vap": "312", "pvap": "   0,85", "e": "N", "st": "Suplente"}, {"seq": "30", "n": "22555", "vap": "357", "pvap": "   0,97", "e": "N", "st": "Suplente"}, {"seq": "84", "n": "22458", "vap": "29", "pvap": "   0,08", "e": "N", "st": "Suplente"}, {"seq": "59", "n": "22777", "vap": "100", "pvap": "   0,27", "e": "N", "st": "Suplente"}, {"seq": "70", "n": "22345", "vap": "71", "pvap": "   0,19", "e": "N", "st": "Suplente"}, {"seq": "14", "n": "65200", "vap": "495", "pvap": "   1,35", "e": "S", "st": "Eleito"}, {"seq": "11", "n": "65400", "vap": "742", "pvap": "   2,02", "e": "S", "st": "Eleito"}, {"seq": "40", "n": "65888", "vap": "239", "pvap": "   0,65", "e": "N", "st": "Suplente"}, {"seq": "90", "n": "65500", "vap": "19", "pvap": "   0,05", "e": "N", "st": "Suplente"}, {"seq": "42", "n": "65777", "vap": "235", "pvap": "   0,64", "e": "N", "st": "Suplente"}, {"seq": "109", "n": "65700", "vap": "1", "pvap": "   0,00", "e": "N", "st": "Suplente"}, {"seq": "71", "n": "65333", "vap": "67", "pvap": "   0,18", "e": "N", "st": "Suplente"}, {"seq": "28", "n": "65222", "vap": "369", "pvap": "   1,01", "e": "N", "st": "Suplente"}, {"seq": "32", "n": "65112", "vap": "343", "pvap": "   0,94", "e": "N", "st": "Suplente"}, {"seq": "26", "n": "65000", "vap": "385", "pvap": "   1,05", "e": "N", "st": "Suplente"}, {"seq": "45", "n": "65555", "vap": "204", "pvap": "   0,56", "e": "N", "st": "Suplente"}, {"seq": "75", "n": "65100", "vap": "62", "pvap": "   0,17", "e": "N", "st": "Suplente"}, {"seq": "57", "n": "65999", "vap": "113", "pvap": "   0,31", "e": "N", "st": "Suplente"}, {"seq": "27", "n": "65133", "vap": "381", "pvap": "   1,04", "e": "N", "st": "Suplente"}, {"seq": "67", "n": "65444", "vap": "76", "pvap": "   0,21", "e": "N", "st": "Suplente"}, {"seq": "97", "n": "65800", "vap": "10", "pvap": "   0,03", "e": "N", "st": "Suplente"}, {"seq": "41", "n": "65111", "vap": "235", "pvap": "   0,64", "e": "N", "st": "Suplente"}, {"seq": "73", "n": "65650", "vap": "63", "pvap": "   0,17", "e": "N", "st": "Suplente"}, {"seq": "112", "n": "65656", "vap": "0", "pvap": "00.00", "e": "N", "st": "Suplente"}, {"seq": "36", "n": "65123", "vap": "296", "pvap": "   0,81", "e": "N", "st": "Suplente"}, {"seq": "108", "n": "65900", "vap": "1", "pvap": "   0,00", "e": "N", "st": "Suplente"}, {"seq": "101", "n": "65666", "vap": "5", "pvap": "   0,01", "e": "N", "st": "Suplente"}, {"seq": "43", "n": "55122", "vap": "220", "pvap": "   0,60", "e": "N", "st": "Suplente"}, {"seq": "37", "n": "55222", "vap": "265", "pvap": "   0,72", "e": "N", "st": "Suplente"}, {"seq": "7", "n": "55111", "vap": "1054", "pvap": "   2,88", "e": "S", "st": "Eleito"}, {"seq": "78", "n": "55678", "vap": "45", "pvap": "   0,12", "e": "N", "st": "Suplente"}, {"seq": "33", "n": "55555", "vap": "340", "pvap": "   0,93", "e": "N", "st": "Suplente"}, {"seq": "65", "n": "55666", "vap": "77", "pvap": "   0,21", "e": "N", "st": "Suplente"}, {"seq": "76", "n": "55333", "vap": "54", "pvap": "   0,15", "e": "N", "st": "Suplente"}, {"seq": "79", "n": "55255", "vap": "37", "pvap": "   0,10", "e": "N", "st": "Suplente"}, {"seq": "82", "n": "55789", "vap": "32", "pvap": "   0,09", "e": "N", "st": "Suplente"}, {"seq": "22", "n": "55777", "vap": "425", "pvap": "   1,16", "e": "N", "st": "Suplente"}, {"seq": "19", "n": "55444", "vap": "615", "pvap": "   1,68", "e": "N", "st": "Suplente"}, {"seq": "1", "n": "55999", "vap": "1574", "pvap": "   4,29", "e": "S", "st": "Eleito"}, {"seq": "23", "n": "55000", "vap": "410", "pvap": "   1,12", "e": "N", "st": "Suplente"}, {"seq": "6", "n": "55888", "vap": "1077", "pvap": "   2,94", "e": "S", "st": "Eleito"}, {"seq": "3", "n": "55123", "vap": "1422", "pvap": "   3,88", "e": "S", "st": "Eleito"}, {"seq": "99", "n": "55599", "vap": "7", "pvap": "   0,02", "e": "N", "st": "Suplente"}, {"seq": "132", "n": "20231", "vap": "65", "pvap": "   0,18", "e": "N", "st": "N\u00e3o eleito"}, {"seq": "162", "n": "20400", "vap": "0", "pvap": "00.00", "e": "N", "st": "N\u00e3o eleito"}, {"seq": "114", "n": "20000", "vap": "287", "pvap": "   0,78", "e": "N", "st": "N\u00e3o eleito"}, {"seq": "113", "n": "20222", "vap": "521", "pvap": "   1,42", "e": "N", "st": "N\u00e3o eleito"}, {"seq": "130", "n": "20369", "vap": "75", "pvap": "   0,20", "e": "N", "st": "N\u00e3o eleito"}, {"seq": "158", "n": "20250", "vap": "1", "pvap": "   0,00", "e": "N", "st": "N\u00e3o eleito"}, {"seq": "125", "n": "20345", "vap": "93", "pvap": "   0,25", "e": "N", "st": "N\u00e3o eleito"}, {"seq": "157", "n": "20380", "vap": "2", "pvap": "   0,01", "e": "N", "st": "N\u00e3o eleito"}, {"seq": "129", "n": "20129", "vap": "80", "pvap": "   0,22", "e": "N", "st": "N\u00e3o eleito"}, {"seq": "127", "n": "20123", "vap": "90", "pvap": "   0,25", "e": "N", "st": "N\u00e3o eleito"}, {"seq": "154", "n": "20900", "vap": "5", "pvap": "   0,01", "e": "N", "st": "N\u00e3o eleito"}, {"seq": "161", "n": "20888", "vap": "0", "pvap": "00.00", "e": "N", "st": "N\u00e3o eleito"}, {"seq": "122", "n": "20020", "vap": "113", "pvap": "   0,31", "e": "N", "st": "N\u00e3o eleito"}, {"seq": "124", "n": "20456", "vap": "94", "pvap": "   0,26", "e": "N", "st": "N\u00e3o eleito"}, {"seq": "94", "n": "45338", "vap": "16", "pvap": "   0,04", "e": "N", "st": "Suplente"}, {"seq": "93", "n": "45100", "vap": "17", "pvap": "   0,05", "e": "N", "st": "Suplente"}, {"seq": "105", "n": "45118", "vap": "3", "pvap": "   0,01", "e": "N", "st": "Suplente"}, {"seq": "110", "n": "45069", "vap": "0", "pvap": "00.00", "e": "N", "st": "Suplente"}, {"seq": "72", "n": "45111", "vap": "66", "pvap": "   0,18", "e": "N", "st": "Suplente"}, {"seq": "38", "n": "45321", "vap": "255", "pvap": "   0,70", "e": "N", "st": "Suplente"}, {"seq": "50", "n": "45678", "vap": "155", "pvap": "   0,42", "e": "N", "st": "Suplente"}, {"seq": "10", "n": "45333", "vap": "831", "pvap": "   2,27", "e": "S", "st": "Eleito"}, {"seq": "58", "n": "45000", "vap": "107", "pvap": "   0,29", "e": "N", "st": "Suplente"}, {"seq": "46", "n": "45444", "vap": "201", "pvap": "   0,55", "e": "N", "st": "Suplente"}, {"seq": "80", "n": "45876", "vap": "35", "pvap": "   0,10", "e": "N", "st": "Suplente"}, {"seq": "96", "n": "45666", "vap": "13", "pvap": "   0,04", "e": "N", "st": "Suplente"}, {"seq": "88", "n": "45300", "vap": "24", "pvap": "   0,07", "e": "N", "st": "Suplente"}, {"seq": "87", "n": "45789", "vap": "25", "pvap": "   0,07", "e": "N", "st": "Suplente"}, {"seq": "102", "n": "45654", "vap": "5", "pvap": "   0,01", "e": "N", "st": "Suplente"}, {"seq": "107", "n": "45888", "vap": "2", "pvap": "   0,01", "e": "N", "st": "Suplente"}, {"seq": "44", "n": "45123", "vap": "213", "pvap": "   0,58", "e": "N", "st": "Suplente"}, {"seq": "48", "n": "45555", "vap": "188", "pvap": "   0,51", "e": "N", "st": "Suplente"}, {"seq": "121", "n": "13456", "vap": "116", "pvap": "   0,32", "e": "N", "st": "N\u00e3o eleito"}, {"seq": "126", "n": "13134", "vap": "92", "pvap": "   0,25", "e": "N", "st": "N\u00e3o eleito"}, {"seq": "133", "n": "13444", "vap": "63", "pvap": "   0,17", "e": "N", "st": "N\u00e3o eleito"}]}, {"dt": "15/11/2020", "ht": "22:40:19", "tf": "S", "and": "F", "tpabr": "ZONA", "cdabr": "42", "s": "117", "st": "117", "snt": "0", "si": "117", "sni": "0", "sa": "117", "sna": "0", "pst": " 100,00", "psnt": "   0,00", "psi": " 100,00", "psni": "   0,00", "psa": " 100,00", "psna": "   0,00", "e": "47246", "ea": "47246", "ena": "0", "esi": "47246", "esni": "0", "a": "8397", "c": "38849", "pea": " 100,00", "pena": "   0,00", "pesi": " 100,00", "pesni": "   0,00", "pa": "  17,77", "pc": "  82,23", "vnom": "34254", "vscv": "0", "vl": "2398", "tv": "38849", "vvc": "36652", "vb": "645", "tvn": "1552", "vn": "1550", "vnt": "2", "vp": "0", "vv": "36652", "van": "0", "vansj": "0", "pvnom": "  93,46", "pvl": "   6,54", "pvvc": "  94,34", "pvb": "   1,67", "ptvn": "   3,99", "pvn": "  99,87", "pvnt": "   0,13", "pvp": "   0,00", "pvv": " 100,00", "pvan": "   0,00", "pvansj": "   0,00", "cand": [{"seq": "13", "n": "25123", "vap": "613", "pvap": "   1,67", "e": "S", "st": "Eleito"}, {"seq": "21", "n": "25555", "vap": "474", "pvap": "   1,29", "e": "N", "st": "Suplente"}, {"seq": "39", "n": "25111", "vap": "243", "pvap": "   0,66", "e": "N", "st": "Suplente"}, {"seq": "47", "n": "25444", "vap": "199", "pvap": "   0,54", "e": "N", "st": "Suplente"}, {"seq": "51", "n": "25500", "vap": "153", "pvap": "   0,42", "e": "N", "st": "Suplente"}, {"seq": "53", "n": "25000", "vap": "142", "pvap": "   0,39", "e": "N", "st": "Suplente"}, {"seq": "60", "n": "25510", "vap": "92", "pvap": "   0,25", "e": "N", "st": "Suplente"}, {"seq": "62", "n": "25888", "vap": "88", "pvap": "   0,24", "e": "N", "st": "Suplente"}, {"seq": "66", "n": "25333", "vap": "77", "pvap": "   0,21", "e": "N", "st": "Suplente"}, {"seq": "69", "n": "25100", "vap": "72", "pvap": "   0,20", "e": "N", "st": "Suplente"}, {"seq": "81", "n": "25999", "vap": "34", "pvap": "   0,09", "e": "N", "st": "Suplente"}, {"seq": "83", "n": "25069", "vap": "31", "pvap": "   0,08", "e": "N", "st": "Suplente"}, {"seq": "85", "n": "25777", "vap": "28", "pvap": "   0,08", "e": "N", "st": "Suplente"}, {"seq": "86", "n": "25456", "vap": "25", "pvap": "   0,07", "e": "N", "st": "Suplente"}, {"seq": "89", "n": "25678", "vap": "23", "pvap": "   0,06", "e": "N", "st": "Suplente"}, {"seq": "95", "n": "25222", "vap": "15", "pvap": "   0,04", "e": "N", "st": "Suplente"}, {"seq": "98", "n": "25789", "vap": "8", "pvap": "   0,02", "e": "N", "st": "Suplente"}, {"seq": "111", "n": "25345", "vap": "0", "pvap": "00.00", "e": "N", "st": "Suplente"}, {"seq": "1", "n": "55999", "vap": "1574", "pvap": "   4,29", "e": "S", "st": "Eleito"}, {"seq": "3", "n": "55123", "vap": "1422", "pvap": "   3,88", "e": "S", "st": "Eleito"}, {"seq": "6", "n": "55888", "vap": "1077", "pvap": "   2,94", "e": "S", "st": "Eleito"}, {"seq": "7", "n": "55111", "vap": "1054", "pvap": "   2,88", "e": "S", "st": "Eleito"}, {"seq": "19", "n": "55444", "vap": "615", "pvap": "   1,68", "e": "N", "st": "Suplente"}, {"seq": "22", "n": "55777", "vap": "425", "pvap": "   1,16", "e": "N", "st": "Suplente"}, {"seq": "23", "n": "55000", "vap": "410", "pvap": "   1,12", "e": "N", "st": "Suplente"}, {"seq": "33", "n": "55555", "vap": "340", "pvap": "   0,93", "e": "N", "st": "Suplente"}, {"seq": "37", "n": "55222", "vap": "265", "pvap": "   0,72", "e": "N", "st": "Suplente"}, {"seq": "43", "n": "55122", "vap": "220", "pvap": "   0,60", "e": "N", "st": "Suplente"}, {"seq": "65", "n": "55666", "vap": "77", "pvap": "   0,21", "e": "N", "st": "Suplente"}, {"seq": "76", "n": "55333", "vap": "54", "pvap": "   0,15", "e": "N", "st": "Suplente"}, {"seq": "78", "n": "55678", "vap": "45", "pvap": "   0,12", "e": "N", "st": "Suplente"}, {"seq": "79", "n": "55255", "vap": "37", "pvap": "   0,10", "e": "N", "st": "Suplente"}, {"seq": "82", "n": "55789", "vap": "32", "pvap": "   0,09", "e": "N", "st": "Suplente"}, {"seq": "99", "n": "55599", "vap": "7", "pvap": "   0,02", "e": "N", "st": "Suplente"}, {"seq": "12", "n": "22222", "vap": "627", "pvap": "   1,71", "e": "S", "st": "Eleito"}, {"seq": "15", "n": "22000", "vap": "412", "pvap": "   1,12", "e": "S", "st": "Eleito"}, {"seq": "24", "n": "22888", "vap": "403", "pvap": "   1,10", "e": "N", "st": "Suplente"}, {"seq": "29", "n": "22456", "vap": "363", "pvap": "   0,99", "e": "N", "st": "Suplente"}, {"seq": "30", "n": "22555", "vap": "357", "pvap": "   0,97", "e": "N", "st": "Suplente"}, {"seq": "31", "n": "22444", "vap": "357", "pvap": "   0,97", "e": "N", "st": "Suplente"}, {"seq": "34", "n": "22333", "vap": "312", "pvap": "   0,85", "e": "N", "st": "Suplente"}, {"seq": "35", "n": "22580", "vap": "306", "pvap": "   0,83", "e": "N", "st": "Suplente"}, {"seq": "59", "n": "22777", "vap": "100", "pvap": "   0,27", "e": "N", "st": "Suplente"}, {"seq": "61", "n": "22300", "vap": "89", "pvap": "   0,24", "e": "N", "st": "Suplente"}, {"seq": "64", "n": "22999", "vap": "78", "pvap": "   0,21", "e": "N", "st": "Suplente"}, {"seq": "68", "n": "22133", "vap": "73", "pvap": "   0,20", "e": "N", "st": "Suplente"}, {"seq": "70", "n": "22345", "vap": "71", "pvap": "   0,19", "e": "N", "st": "Suplente"}, {"seq": "74", "n": "22123", "vap": "63", "pvap": "   0,17", "e": "N", "st": "Suplente"}, {"seq": "77", "n": "22111", "vap": "53", "pvap": "   0,14", "e": "N", "st": "Suplente"}, {"seq": "84", "n": "22458", "vap": "29", "pvap": "   0,08", "e": "N", "st": "Suplente"}, {"seq": "92", "n": "22789", "vap": "17", "pvap": "   0,05", "e": "N", "st": "Suplente"}, {"seq": "100", "n": "22169", "vap": "6", "pvap": "   0,02", "e": "N", "st": "Suplente"}, {"seq": "2", "n": "11123", "vap": "1535", "pvap": "   4,19", "e": "S", "st": "Eleito"}, {"seq": "4", "n": "11333", "vap": "1290", "pvap": "   3,52", "e": "S", "st": "Eleito"}, {"seq": "5", "n": "11456", "vap": "1103", "pvap": "   3,01", "e": "S", "st": "Eleito"}, {"seq": "8", "n": "11222", "vap": "993", "pvap": "   2,71", "e": "S", "st": "Eleito"}, {"seq": "9", "n": "11444", "vap": "952", "pvap": "   2,60", "e": "S", "st": "Eleito"}, {"seq": "16", "n": "11111", "vap": "934", "pvap": "   2,55", "e": "N", "st": "Suplente"}, {"seq": "17", "n": "11000", "vap": "916", "pvap": "   2,50", "e": "N", "st": "Suplente"}, {"seq": "18", "n": "11122", "vap": "908", "pvap": "   2,48", "e": "N", "st": "Suplente"}, {"seq": "20", "n": "11999", "vap": "548", "pvap": "   1,50", "e": "N", "st": "Suplente"}, {"seq": "25", "n": "11100", "vap": "399", "pvap": "   1,09", "e": "N", "st": "Suplente"}, {"seq": "49", "n": "11543", "vap": "185", "pvap": "   0,50", "e": "N", "st": "Suplente"}, {"seq": "52", "n": "11888", "vap": "147", "pvap": "   0,40", "e": "N", "st": "Suplente"}, {"seq": "54", "n": "11113", "vap": "142", "pvap": "   0,39", "e": "N", "st": "Suplente"}, {"seq": "55", "n": "11533", "vap": "135", "pvap": "   0,37", "e": "N", "st": "Suplente"}, {"seq": "56", "n": "11555", "vap": "134", "pvap": "   0,37", "e": "N", "st": "Suplente"}, {"seq": "63", "n": "11110", "vap": "82", "pvap": "   0,22", "e": "N", "st": "Suplente"}, {"seq": "91", "n": "11911", "vap": "18", "pvap": "   0,05", "e": "N", "st": "Suplente"}, {"seq": "103", "n": "11211", "vap": "5", "pvap": "   0,01", "e": "N", "st": "Suplente"}, {"seq": "104", "n": "11234", "vap": "4", "pvap": "   0,01", "e": "N", "st": "Suplente"}, {"seq": "106", "n": "11777", "vap": "3", "pvap": "   0,01", "e": "N", "st": "Suplente"}, {"seq": "115", "n": "12222", "vap": "275", "pvap": "   0,75", "e": "N", "st": "N\u00e3o eleito"}, {"seq": "116", "n": "12111", "vap": "253", "pvap": "   0,69", "e": "N", "st": "N\u00e3o eleito"}, {"seq": "117", "n": "12100", "vap": "221", "pvap": "   0,60", "e": "N", "st": "N\u00e3o eleito"}, {"seq": "118", "n": "12000", "vap": "168", "pvap": "   0,46", "e": "N", "st": "N\u00e3o eleito"}, {"seq": "119", "n": "12345", "vap": "153", "pvap": "   0,42", "e": "N", "st": "N\u00e3o eleito"}, {"seq": "120", "n": "12123", "vap": "130", "pvap": "   0,35", "e": "N", "st": "N\u00e3o eleito"}, {"seq": "123", "n": "12134", "vap": "98", "pvap": "   0,27", "e": "N", "st": "N\u00e3o eleito"}, {"seq": "131", "n": "12777", "vap": "73", "pvap": "   0,20", "e": "N", "st": "N\u00e3o eleito"}, {"seq": "134", "n": "12121", "vap": "48", "pvap": "   0,13", "e": "N", "st": "N\u00e3o eleito"}, {"seq": "135", "n": "12300", "vap": "42", "pvap": "   0,11", "e": "N", "st": "N\u00e3o eleito"}, {"seq": "136", "n": "12233", "vap": "37", "pvap": "   0,10", "e": "N", "st": "N\u00e3o eleito"}, {"seq": "138", "n": "12200", "vap": "30", "pvap": "   0,08", "e": "N", "st": "N\u00e3o eleito"}, {"seq": "139", "n": "12133", "vap": "28", "pvap": "   0,08", "e": "N", "st": "N\u00e3o eleito"}, {"seq": "140", "n": "12999", "vap": "28", "pvap": "   0,08", "e": "N", "st": "N\u00e3o eleito"}, {"seq": "141", "n": "12600", "vap": "27", "pvap": "   0,07", "e": "N", "st": "N\u00e3o eleito"}, {"seq": "143", "n": "12555", "vap": "25", "pvap": "   0,07", "e": "N", "st": "N\u00e3o eleito"}, {"seq": "144", "n": "12344", "vap": "25", "pvap": "   0,07", "e": "N", "st": "N\u00e3o eleito"}, {"seq": "145", "n": "12888", "vap": "25", "pvap": "   0,07", "e": "N", "st": "N\u00e3o eleito"}, {"seq": "151", "n": "12333", "vap": "11", "pvap": "   0,03", "e": "N", "st": "N\u00e3o eleito"}, {"seq": "156", "n": "12444", "vap": "4", "pvap": "   0,01", "e": "N", "st": "N\u00e3o eleito"}, {"seq": "113", "n": "20222", "vap": "521", "pvap": "   1,42", "e": "N", "st": "N\u00e3o eleito"}, {"seq": "114", "n": "20000", "vap": "287", "pvap": "   0,78", "e": "N", "st": "N\u00e3o eleito"}, {"seq": "122", "n": "20020", "vap": "113", "pvap": "   0,31", "e": "N", "st": "N\u00e3o eleito"}, {"seq": "124", "n": "20456", "vap": "94", "pvap": "   0,26", "e": "N", "st": "N\u00e3o eleito"}, {"seq": "125", "n": "20345", "vap": "93", "pvap": "   0,25", "e": "N", "st": "N\u00e3o eleito"}, {"seq": "127", "n": "20123", "vap": "90", "pvap": "   0,25", "e": "N", "st": "N\u00e3o eleito"}, {"seq": "129", "n": "20129", "vap": "80", "pvap": "   0,22", "e": "N", "st": "N\u00e3o eleito"}, {"seq": "130", "n": "20369", "vap": "75", "pvap": "   0,20", "e": "N", "st": "N\u00e3o eleito"}, {"seq": "132", "n": "20231", "vap": "65", "pvap": "   0,18", "e": "N", "st": "N\u00e3o eleito"}, {"seq": "154", "n": "20900", "vap": "5", "pvap": "   0,01", "e": "N", "st": "N\u00e3o eleito"}, {"seq": "157", "n": "20380", "vap": "2", "pvap": "   0,01", "e": "N", "st": "N\u00e3o eleito"}, {"seq": "158", "n": "20250", "vap": "1", "pvap": "   0,00", "e": "N", "st": "N\u00e3o eleito"}, {"seq": "161", "n": "20888", "vap": "0", "pvap": "00.00", "e": "N", "st": "N\u00e3o eleito"}, {"seq": "162", "n": "20400", "vap": "0", "pvap": "00.00", "e": "N", "st": "N\u00e3o eleito"}, {"seq": "137", "n": "27270", "vap": "30", "pvap": "   0,08", "e": "N", "st": "N\u00e3o eleito"}, {"seq": "142", "n": "27007", "vap": "26", "pvap": "   0,07", "e": "N", "st": "N\u00e3o eleito"}, {"seq": "146", "n": "27444", "vap": "21", "pvap": "   0,06", "e": "N", "st": "N\u00e3o eleito"}, {"seq": "147", "n": "27897", "vap": "16", "pvap": "   0,04", "e": "N", "st": "N\u00e3o eleito"}, {"seq": "150", "n": "27123", "vap": "12", "pvap": "   0,03", "e": "N", "st": "N\u00e3o eleito"}, {"seq": "152", "n": "27807", "vap": "8", "pvap": "   0,02", "e": "N", "st": "N\u00e3o eleito"}, {"seq": "153", "n": "27222", "vap": "8", "pvap": "   0,02", "e": "N", "st": "N\u00e3o eleito"}, {"seq": "155", "n": "27777", "vap": "4", "pvap": "   0,01", "e": "N", "st": "N\u00e3o eleito"}, {"seq": "160", "n": "27077", "vap": "0", "pvap": "00.00", "e": "N", "st": "N\u00e3o eleito"}, {"seq": "121", "n": "13456", "vap": "116", "pvap": "   0,32", "e": "N", "st": "N\u00e3o eleito"}, {"seq": "126", "n": "13134", "vap": "92", "pvap": "   0,25", "e": "N", "st": "N\u00e3o eleito"}, {"seq": "133", "n": "13444", "vap": "63", "pvap": "   0,17", "e": "N", "st": "N\u00e3o eleito"}, {"seq": "10", "n": "45333", "vap": "831", "pvap": "   2,27", "e": "S", "st": "Eleito"}, {"seq": "38", "n": "45321", "vap": "255", "pvap": "   0,70", "e": "N", "st": "Suplente"}, {"seq": "44", "n": "45123", "vap": "213", "pvap": "   0,58", "e": "N", "st": "Suplente"}, {"seq": "46", "n": "45444", "vap": "201", "pvap": "   0,55", "e": "N", "st": "Suplente"}, {"seq": "48", "n": "45555", "vap": "188", "pvap": "   0,51", "e": "N", "st": "Suplente"}, {"seq": "50", "n": "45678", "vap": "155", "pvap": "   0,42", "e": "N", "st": "Suplente"}, {"seq": "58", "n": "45000", "vap": "107", "pvap": "   0,29", "e": "N", "st": "Suplente"}, {"seq": "72", "n": "45111", "vap": "66", "pvap": "   0,18", "e": "N", "st": "Suplente"}, {"seq": "80", "n": "45876", "vap": "35", "pvap": "   0,10", "e": "N", "st": "Suplente"}, {"seq": "87", "n": "45789", "vap": "25", "pvap": "   0,07", "e": "N", "st": "Suplente"}, {"seq": "88", "n": "45300", "vap": "24", "pvap": "   0,07", "e": "N", "st": "Suplente"}, {"seq": "93", "n": "45100", "vap": "17", "pvap": "   0,05", "e": "N", "st": "Suplente"}, {"seq": "94", "n": "45338", "vap": "16", "pvap": "   0,04", "e": "N", "st": "Suplente"}, {"seq": "96", "n": "45666", "vap": "13", "pvap": "   0,04", "e": "N", "st": "Suplente"}, {"seq": "102", "n": "45654", "vap": "5", "pvap": "   0,01", "e": "N", "st": "Suplente"}, {"seq": "105", "n": "45118", "vap": "3", "pvap": "   0,01", "e": "N", "st": "Suplente"}, {"seq": "107", "n": "45888", "vap": "2", "pvap": "   0,01", "e": "N", "st": "Suplente"}, {"seq": "110", "n": "45069", "vap": "0", "pvap": "00.00", "e": "N", "st": "Suplente"}, {"seq": "11", "n": "65400", "vap": "742", "pvap": "   2,02", "e": "S", "st": "Eleito"}, {"seq": "14", "n": "65200", "vap": "495", "pvap": "   1,35", "e": "S", "st": "Eleito"}, {"seq": "26", "n": "65000", "vap": "385", "pvap": "   1,05", "e": "N", "st": "Suplente"}, {"seq": "27", "n": "65133", "vap": "381", "pvap": "   1,04", "e": "N", "st": "Suplente"}, {"seq": "28", "n": "65222", "vap": "369", "pvap": "   1,01", "e": "N", "st": "Suplente"}, {"seq": "32", "n": "65112", "vap": "343", "pvap": "   0,94", "e": "N", "st": "Suplente"}, {"seq": "36", "n": "65123", "vap": "296", "pvap": "   0,81", "e": "N", "st": "Suplente"}, {"seq": "40", "n": "65888", "vap": "239", "pvap": "   0,65", "e": "N", "st": "Suplente"}, {"seq": "41", "n": "65111", "vap": "235", "pvap": "   0,64", "e": "N", "st": "Suplente"}, {"seq": "42", "n": "65777", "vap": "235", "pvap": "   0,64", "e": "N", "st": "Suplente"}, {"seq": "45", "n": "65555", "vap": "204", "pvap": "   0,56", "e": "N", "st": "Suplente"}, {"seq": "57", "n": "65999", "vap": "113", "pvap": "   0,31", "e": "N", "st": "Suplente"}, {"seq": "67", "n": "65444", "vap": "76", "pvap": "   0,21", "e": "N", "st": "Suplente"}, {"seq": "71", "n": "65333", "vap": "67", "pvap": "   0,18", "e": "N", "st": "Suplente"}, {"seq": "73", "n": "65650", "vap": "63", "pvap": "   0,17", "e": "N", "st": "Suplente"}, {"seq": "75", "n": "65100", "vap": "62", "pvap": "   0,17", "e": "N", "st": "Suplente"}, {"seq": "90", "n": "65500", "vap": "19", "pvap": "   0,05", "e": "N", "st": "Suplente"}, {"seq": "97", "n": "65800", "vap": "10", "pvap": "   0,03", "e": "N", "st": "Suplente"}, {"seq": "101", "n": "65666", "vap": "5", "pvap": "   0,01", "e": "N", "st": "Suplente"}, {"seq": "108", "n": "65900", "vap": "1", "pvap": "   0,00", "e": "N", "st": "Suplente"}, {"seq": "109", "n": "65700", "vap": "1", "pvap": "   0,00", "e": "N", "st": "Suplente"}, {"seq": "112", "n": "65656", "vap": "0", "pvap": "00.00", "e": "N", "st": "Suplente"}, {"seq": "128", "n": "15678", "vap": "86", "pvap": "   0,23", "e": "N", "st": "N\u00e3o eleito"}, {"seq": "148", "n": "15000", "vap": "15", "pvap": "   0,04", "e": "N", "st": "N\u00e3o eleito"}, {"seq": "149", "n": "15111", "vap": "13", "pvap": "   0,04", "e": "N", "st": "N\u00e3o eleito"}, {"seq": "159", "n": "15123", "vap": "0", "pvap": "00.00", "e": "N", "st": "N\u00e3o eleito"}]}]}