{"ele": "426", "carper": "13", "t": "1", "f": "O", "esae": "N", "mnae": " ", "dg": "15/11/2020", "hg": "23:31:18", "dv": "S", "nadf": "ba36994-c0013-e000426-002-f", "abr": [{"dt": "15/11/2020", "ht": "23:05:55", "tf": "S", "and": "F", "tpabr": "MU", "cdabr": "36994", "s": "18", "st": "18", "snt": "0", "si": "18", "sni": "0", "sa": "18", "sna": "0", "pst": " 100,00", "psnt": "   0,00", "psi": " 100,00", "psni": "   0,00", "psa": " 100,00", "psna": "   0,00", "e": "6649", "ea": "6649", "ena": "0", "esi": "6649", "esni": "0", "c": "5407", "a": "1242", "pea": " 100,00", "pena": "   0,00", "pesi": " 100,00", "pesni": "   0,00", "pa": "  18,68", "pc": "  81,32", "vscv": "0", "vnom": "4878", "vl": "211", "tv": "5407", "vvc": "5089", "vb": "29", "tvn": "289", "vn": "289", "vnt": "0", "vp": "0", "vv": "5089", "van": "0", "vansj": "0", "pvnom": "  95,85", "pvl": "   4,15", "pvvc": "  94,12", "pvb": "   0,54", "ptvn": "   5,34", "pvn": " 100,00", "pvnt": "   0,00", "pvp": "   0,00", "pvv": " 100,00", "pvan": "   0,00", "pvansj": "   0,00", "colig": [{"n": "50000131190", "tvtn": "899", "tvan": "899", "vag": "1", "tvtl": "51", "tval": "51"}, {"n": "50000139814", "tvtn": "2363", "tvan": "2363", "vag": "5", "tvtl": "69", "tval": "69"}, {"n": "50000139778", "tvtn": "1616", "tvan": "1616", "vag": "3", "tvtl": "91", "tval": "91"}], "part": [{"n": "12", "tvtn": "899", "tvan": "899", "tvtl": "51", "tval": "51"}, {"n": "45", "tvtn": "2363", "tvan": "2363", "tvtl": "69", "tval": "69"}, {"n": "13", "tvtn": "1616", "tvan": "1616", "tvtl": "91", "tval": "91"}], "cand": [{"seq": "31", "n": "12999", "vap": "0", "pvap": "00.00", "e": "N", "st": "Suplente"}, {"seq": "3", "n": "12444", "vap": "352", "pvap": "   6,92", "e": "S", "st": "Eleito"}, {"seq": "11", "n": "12222", "vap": "245", "pvap": "   4,81", "e": "N", "st": "Suplente"}, {"seq": "14", "n": "12000", "vap": "171", "pvap": "   3,36", "e": "N", "st": "Suplente"}, {"seq": "32", "n": "12777", "vap": "0", "pvap": "00.00", "e": "N", "st": "Suplente"}, {"seq": "20", "n": "12333", "vap": "64", "pvap": "   1,26", "e": "N", "st": "Suplente"}, {"seq": "30", "n": "12888", "vap": "1", "pvap": "   0,02", "e": "N", "st": "Suplente"}, {"seq": "19", "n": "12555", "vap": "66", "pvap": "   1,30", "e": "N", "st": "Suplente"}, {"seq": "12", "n": "45888", "vap": "189", "pvap": "   3,71", "e": "N", "st": "Suplente"}, {"seq": "24", "n": "45999", "vap": "40", "pvap": "   0,79", "e": "N", "st": "Suplente"}, {"seq": "4", "n": "45333", "vap": "334", "pvap": "   6,56", "e": "S", "st": "Eleito"}, {"seq": "13", "n": "45123", "vap": "180", "pvap": "   3,54", "e": "N", "st": "Suplente"}, {"seq": "10", "n": "45777", "vap": "258", "pvap": "   5,07", "e": "N", "st": "Suplente"}, {"seq": "2", "n": "45000", "vap": "407", "pvap": "   8,00", "e": "S", "st": "Eleito"}, {"seq": "6", "n": "45555", "vap": "287", "pvap": "   5,64", "e": "S", "st": "Eleito"}, {"seq": "7", "n": "45666", "vap": "265", "pvap": "   5,21", "e": "S", "st": "Eleito"}, {"seq": "23", "n": "45678", "vap": "41", "pvap": "   0,81", "e": "N", "st": "Suplente"}, {"seq": "29", "n": "45111", "vap": "7", "pvap": "   0,14", "e": "N", "st": "Suplente"}, {"seq": "26", "n": "45150", "vap": "9", "pvap": "   0,18", "e": "N", "st": "Suplente"}, {"seq": "27", "n": "45011", "vap": "9", "pvap": "   0,18", "e": "N", "st": "Suplente"}, {"seq": "5", "n": "45444", "vap": "327", "pvap": "   6,43", "e": "S", "st": "Eleito"}, {"seq": "25", "n": "45321", "vap": "10", "pvap": "   0,20", "e": "N", "st": "Suplente"}, {"seq": "28", "n": "13777", "vap": "7", "pvap": "   0,14", "e": "N", "st": "Suplente"}, {"seq": "18", "n": "13999", "vap": "72", "pvap": "   1,41", "e": "N", "st": "Suplente"}, {"seq": "16", "n": "13333", "vap": "125", "pvap": "   2,46", "e": "N", "st": "Suplente"}, {"seq": "1", "n": "13456", "vap": "654", "pvap": "  12,85", "e": "S", "st": "Eleito"}, {"seq": "8", "n": "13666", "vap": "239", "pvap": "   4,70", "e": "S", "st": "Eleito"}, {"seq": "22", "n": "13111", "vap": "44", "pvap": "   0,86", "e": "N", "st": "Suplente"}, {"seq": "15", "n": "13123", "vap": "132", "pvap": "   2,59", "e": "N", "st": "Suplente"}, {"seq": "9", "n": "13555", "vap": "214", "pvap": "   4,21", "e": "S", "st": "Eleito"}, {"seq": "17", "n": "13000", "vap": "78", "pvap": "   1,53", "e": "N", "st": "Suplente"}, {"seq": "21", "n": "13222", "vap": "51", "pvap": "   1,00", "e": "N", "st": "Suplente"}]}, {"dt": "15/11/2020", "ht": "23:05:55", "tf": "S", "and": "F", "tpabr": "ZONA", "cdabr": "158", "s": "18", "st": "18", "snt": "0", "si": "18", "sni": "0", "sa": "18", "sna": "0", "pst": " 100,00", "psnt": "   0,00", "psi": " 100,00", "psni": "   0,00", "psa": " 100,00", "psna": "   0,00", "e": "6649", "ea": "6649", "ena": "0", "esi": "6649", "esni": "0", "a": "1242", "c": "5407", "pea": " 100,00", "pena": "   0,00", "pesi": " 100,00", "pesni": "   0,00", "pa": "  18,68", "pc": "  81,32", "vnom": "4878", "vscv": "0", "vl": "211", "tv": "5407", "vvc": "5089", "vb": "29", "tvn": "289", "vn": "289", "vnt": "0", "vp": "0", "vv": "5089", "van": "0", "vansj": "0", "pvnom": "  95,85", "pvl": "   4,15", "pvvc": "  94,12", "pvb": "   0,54", "ptvn": "   5,34", "pvn": " 100,00", "pvnt": "   0,00", "pvp": "   0,00", "pvv": " 100,00", "pvan": "   0,00", "pvansj": "   0,00", "cand": [{"seq": "30", "n": "12888", "vap": "1", "pvap": "   0,02", "e": "N", "st": "Suplente"}, {"seq": "3", "n": "12444", "vap": "352", "pvap": "   6,92", "e": "S", "st": "Eleito"}, {"seq": "11", "n": "12222", "vap": "245", "pvap": "   4,81", "e": "N", "st": "Suplente"}, {"seq": "32", "n": "12777", "vap": "0", "pvap": "00.00", "e": "N", "st": "Suplente"}, {"seq": "19", "n": "12555", "vap": "66", "pvap": "   1,30", "e": "N", "st": "Suplente"}, {"seq": "14", "n": "12000", "vap": "171", "pvap": "   3,36", "e": "N", "st": "Suplente"}, {"seq": "31", "n": "12999", "vap": "0", "pvap": "00.00", "e": "N", "st": "Suplente"}, {"seq": "20", "n": "12333", "vap": "64", "pvap": "   1,26", "e": "N", "st": "Suplente"}, {"seq": "10", "n": "45777", "vap": "258", "pvap": "   5,07", "e": "N", "st": "Suplente"}, {"seq": "23", "n": "45678", "vap": "41", "pvap": "   0,81", "e": "N", "st": "Suplente"}, {"seq": "29", "n": "45111", "vap": "7", "pvap": "   0,14", "e": "N", "st": "Suplente"}, {"seq": "27", "n": "45011", "vap": "9", "pvap": "   0,18", "e": "N", "st": "Suplente"}, {"seq": "6", "n": "45555", "vap": "287", "pvap": "   5,64", "e": "S", "st": "Eleito"}, {"seq": "25", "n": "45321", "vap": "10", "pvap": "   0,20", "e": "N", "st": "Suplente"}, {"seq": "13", "n": "45123", "vap": "180", "pvap": "   3,54", "e": "N", "st": "Suplente"}, {"seq": "2", "n": "45000", "vap": "407", "pvap": "   8,00", "e": "S", "st": "Eleito"}, {"seq": "24", "n": "45999", "vap": "40", "pvap": "   0,79", "e": "N", "st": "Suplente"}, {"seq": "5", "n": "45444", "vap": "327", "pvap": "   6,43", "e": "S", "st": "Eleito"}, {"seq": "26", "n": "45150", "vap": "9", "pvap": "   0,18", "e": "N", "st": "Suplente"}, {"seq": "12", "n": "45888", "vap": "189", "pvap": "   3,71", "e": "N", "st": "Suplente"}, {"seq": "7", "n": "45666", "vap": "265", "pvap": "   5,21", "e": "S", "st": "Eleito"}, {"seq": "4", "n": "45333", "vap": "334", "pvap": "   6,56", "e": "S", "st": "Eleito"}, {"seq": "17", "n": "13000", "vap": "78", "pvap": "   1,53", "e": "N", "st": "Suplente"}, {"seq": "1", "n": "13456", "vap": "654", "pvap": "  12,85", "e": "S", "st": "Eleito"}, {"seq": "21", "n": "13222", "vap": "51", "pvap": "   1,00", "e": "N", "st": "Suplente"}, {"seq": "15", "n": "13123", "vap": "132", "pvap": "   2,59", "e": "N", "st": "Suplente"}, {"seq": "28", "n": "13777", "vap": "7", "pvap": "   0,14", "e": "N", "st": "Suplente"}, {"seq": "8", "n": "13666", "vap": "239", "pvap": "   4,70", "e": "S", "st": "Eleito"}, {"seq": "9", "n": "13555", "vap": "214", "pvap": "   4,21", "e": "S", "st": "Eleito"}, {"seq": "18", "n": "13999", "vap": "72", "pvap": "   1,41", "e": "N", "st": "Suplente"}, {"seq": "16", "n": "13333", "vap": "125", "pvap": "   2,46", "e": "N", "st": "Suplente"}, {"seq": "22", "n": "13111", "vap": "44", "pvap": "   0,86", "e": "N", "st": "Suplente"}]}]}