{"ele": "426", "carper": "13", "t": "1", "f": "O", "esae": "N", "mnae": " ", "dg": "15/11/2020", "hg": "22:40:00", "dv": "S", "nadf": "ba35378-c0013-e000426-004-f", "abr": [{"dt": "15/11/2020", "ht": "22:21:19", "tf": "S", "and": "F", "tpabr": "MU", "cdabr": "35378", "s": "58", "st": "58", "snt": "0", "si": "58", "sni": "0", "sa": "58", "sna": "0", "pst": " 100,00", "psnt": "   0,00", "psi": " 100,00", "psni": "   0,00", "psa": " 100,00", "psna": "   0,00", "e": "21923", "ea": "21923", "ena": "0", "esi": "21923", "esni": "0", "c": "15496", "a": "6427", "pea": " 100,00", "pena": "   0,00", "pesi": " 100,00", "pesni": "   0,00", "pa": "  29,32", "pc": "  70,68", "vscv": "0", "vnom": "13804", "vl": "961", "tv": "15496", "vvc": "14765", "vb": "186", "tvn": "545", "vn": "545", "vnt": "0", "vp": "0", "vv": "14765", "van": "0", "vansj": "0", "pvnom": "  93,49", "pvl": "   6,51", "pvvc": "  95,28", "pvb": "   1,20", "ptvn": "   3,52", "pvn": " 100,00", "pvnt": "   0,00", "pvp": "   0,00", "pvv": " 100,00", "pvan": "   0,00", "pvansj": "   0,00", "colig": [{"n": "50000152560", "tvtn": "2751", "tvan": "2751", "vag": "3", "tvtl": "91", "tval": "91"}, {"n": "50000152327", "tvtn": "1635", "tvan": "1635", "vag": "1", "tvtl": "58", "tval": "58"}, {"n": "50000150961", "tvtn": "2133", "tvan": "2133", "vag": "2", "tvtl": "290", "tval": "290"}, {"n": "50000150998", "tvtn": "2603", "tvan": "2603", "vag": "2", "tvtl": "116", "tval": "116"}, {"n": "50000169072", "tvtn": "407", "tvan": "407", "vag": "0", "tvtl": "30", "tval": "30"}, {"n": "50000152454", "tvtn": "3364", "tvan": "3364", "vag": "3", "tvtl": "350", "tval": "350"}, {"n": "50000152601", "tvtn": "911", "tvan": "911", "vag": "0", "tvtl": "26", "tval": "26"}], "part": [{"n": "25", "tvtn": "2751", "tvan": "2751", "tvtl": "91", "tval": "91"}, {"n": "15", "tvtn": "1635", "tvan": "1635", "tvtl": "58", "tval": "58"}, {"n": "11", "tvtn": "2133", "tvan": "2133", "tvtl": "290", "tval": "290"}, {"n": "12", "tvtn": "2603", "tvan": "2603", "tvtl": "116", "tval": "116"}, {"n": "22", "tvtn": "407", "tvan": "407", "tvtl": "30", "tval": "30"}, {"n": "55", "tvtn": "3364", "tvan": "3364", "tvtl": "350", "tval": "350"}, {"n": "43", "tvtn": "911", "tvan": "911", "tvtl": "26", "tval": "26"}], "cand": [{"seq": "54", "n": "25625", "vap": "25", "pvap": "   0,17", "e": "N", "st": "Suplente"}, {"seq": "39", "n": "25999", "vap": "100", "pvap": "   0,68", "e": "N", "st": "Suplente"}, {"seq": "38", "n": "25777", "vap": "104", "pvap": "   0,70", "e": "N", "st": "Suplente"}, {"seq": "23", "n": "25222", "vap": "205", "pvap": "   1,39", "e": "N", "st": "Suplente"}, {"seq": "43", "n": "25678", "vap": "88", "pvap": "   0,60", "e": "N", "st": "Suplente"}, {"seq": "46", "n": "25234", "vap": "62", "pvap": "   0,42", "e": "N", "st": "Suplente"}, {"seq": "65", "n": "25666", "vap": "9", "pvap": "   0,06", "e": "N", "st": "Suplente"}, {"seq": "19", "n": "25111", "vap": "274", "pvap": "   1,86", "e": "N", "st": "Suplente"}, {"seq": "52", "n": "25131", "vap": "30", "pvap": "   0,20", "e": "N", "st": "Suplente"}, {"seq": "33", "n": "25444", "vap": "126", "pvap": "   0,85", "e": "N", "st": "Suplente"}, {"seq": "61", "n": "25888", "vap": "18", "pvap": "   0,12", "e": "N", "st": "Suplente"}, {"seq": "71", "n": "25916", "vap": "0", "pvap": "00.00", "e": "N", "st": "Suplente"}, {"seq": "5", "n": "25000", "vap": "495", "pvap": "   3,35", "e": "S", "st": "Eleito"}, {"seq": "11", "n": "25123", "vap": "317", "pvap": "   2,15", "e": "S", "st": "Eleito"}, {"seq": "25", "n": "25110", "vap": "177", "pvap": "   1,20", "e": "N", "st": "Suplente"}, {"seq": "2", "n": "25555", "vap": "721", "pvap": "   4,88", "e": "S", "st": "Eleito"}, {"seq": "72", "n": "15800", "vap": "0", "pvap": "00.00", "e": "N", "st": "Suplente"}, {"seq": "66", "n": "15666", "vap": "8", "pvap": "   0,05", "e": "N", "st": "Suplente"}, {"seq": "70", "n": "15369", "vap": "1", "pvap": "   0,01", "e": "N", "st": "Suplente"}, {"seq": "18", "n": "15444", "vap": "289", "pvap": "   1,96", "e": "N", "st": "Suplente"}, {"seq": "41", "n": "15555", "vap": "98", "pvap": "   0,66", "e": "N", "st": "Suplente"}, {"seq": "17", "n": "15190", "vap": "290", "pvap": "   1,96", "e": "N", "st": "Suplente"}, {"seq": "73", "n": "15700", "vap": "0", "pvap": "00.00", "e": "N", "st": "Suplente"}, {"seq": "74", "n": "15900", "vap": "0", "pvap": "00.00", "e": "N", "st": "Suplente"}, {"seq": "56", "n": "15150", "vap": "25", "pvap": "   0,17", "e": "N", "st": "Suplente"}, {"seq": "24", "n": "15558", "vap": "198", "pvap": "   1,34", "e": "N", "st": "Suplente"}, {"seq": "40", "n": "15789", "vap": "98", "pvap": "   0,66", "e": "N", "st": "Suplente"}, {"seq": "10", "n": "15678", "vap": "362", "pvap": "   2,45", "e": "S", "st": "Eleito"}, {"seq": "29", "n": "15123", "vap": "141", "pvap": "   0,95", "e": "N", "st": "Suplente"}, {"seq": "42", "n": "15333", "vap": "90", "pvap": "   0,61", "e": "N", "st": "Suplente"}, {"seq": "64", "n": "15000", "vap": "10", "pvap": "   0,07", "e": "N", "st": "Suplente"}, {"seq": "57", "n": "15999", "vap": "25", "pvap": "   0,17", "e": "N", "st": "Suplente"}, {"seq": "6", "n": "11456", "vap": "493", "pvap": "   3,34", "e": "S", "st": "Eleito"}, {"seq": "55", "n": "11222", "vap": "25", "pvap": "   0,17", "e": "N", "st": "Suplente"}, {"seq": "48", "n": "11000", "vap": "46", "pvap": "   0,31", "e": "N", "st": "Suplente"}, {"seq": "12", "n": "11900", "vap": "428", "pvap": "   2,90", "e": "N", "st": "Suplente"}, {"seq": "69", "n": "11888", "vap": "4", "pvap": "   0,03", "e": "N", "st": "Suplente"}, {"seq": "30", "n": "11234", "vap": "136", "pvap": "   0,92", "e": "N", "st": "Suplente"}, {"seq": "28", "n": "11123", "vap": "144", "pvap": "   0,98", "e": "N", "st": "Suplente"}, {"seq": "14", "n": "11333", "vap": "352", "pvap": "   2,38", "e": "N", "st": "Suplente"}, {"seq": "4", "n": "11111", "vap": "505", "pvap": "   3,42", "e": "S", "st": "Eleito"}, {"seq": "59", "n": "12222", "vap": "21", "pvap": "   0,14", "e": "N", "st": "Suplente"}, {"seq": "68", "n": "12456", "vap": "4", "pvap": "   0,03", "e": "N", "st": "Suplente"}, {"seq": "63", "n": "12111", "vap": "11", "pvap": "   0,07", "e": "N", "st": "Suplente"}, {"seq": "36", "n": "12999", "vap": "113", "pvap": "   0,77", "e": "N", "st": "Suplente"}, {"seq": "44", "n": "12123", "vap": "70", "pvap": "   0,47", "e": "N", "st": "Suplente"}, {"seq": "32", "n": "12000", "vap": "128", "pvap": "   0,87", "e": "N", "st": "Suplente"}, {"seq": "37", "n": "12333", "vap": "106", "pvap": "   0,72", "e": "N", "st": "Suplente"}, {"seq": "22", "n": "12345", "vap": "227", "pvap": "   1,54", "e": "N", "st": "Suplente"}, {"seq": "58", "n": "12002", "vap": "22", "pvap": "   0,15", "e": "N", "st": "Suplente"}, {"seq": "34", "n": "12312", "vap": "125", "pvap": "   0,85", "e": "N", "st": "Suplente"}, {"seq": "15", "n": "12555", "vap": "313", "pvap": "   2,12", "e": "N", "st": "Suplente"}, {"seq": "31", "n": "12789", "vap": "134", "pvap": "   0,91", "e": "N", "st": "Suplente"}, {"seq": "35", "n": "12009", "vap": "125", "pvap": "   0,85", "e": "N", "st": "Suplente"}, {"seq": "8", "n": "12369", "vap": "467", "pvap": "   3,16", "e": "S", "st": "Eleito"}, {"seq": "9", "n": "12444", "vap": "400", "pvap": "   2,71", "e": "S", "st": "Eleito"}, {"seq": "26", "n": "12666", "vap": "175", "pvap": "   1,19", "e": "N", "st": "Suplente"}, {"seq": "27", "n": "12777", "vap": "162", "pvap": "   1,10", "e": "N", "st": "Suplente"}, {"seq": "98", "n": "22321", "vap": "0", "pvap": "00.00", "e": "N", "st": "N\u00e3o eleito"}, {"seq": "81", "n": "22123", "vap": "76", "pvap": "   0,51", "e": "N", "st": "N\u00e3o eleito"}, {"seq": "90", "n": "22111", "vap": "19", "pvap": "   0,13", "e": "N", "st": "N\u00e3o eleito"}, {"seq": "83", "n": "22222", "vap": "49", "pvap": "   0,33", "e": "N", "st": "N\u00e3o eleito"}, {"seq": "96", "n": "22322", "vap": "5", "pvap": "   0,03", "e": "N", "st": "N\u00e3o eleito"}, {"seq": "87", "n": "22333", "vap": "24", "pvap": "   0,16", "e": "N", "st": "N\u00e3o eleito"}, {"seq": "88", "n": "22112", "vap": "22", "pvap": "   0,15", "e": "N", "st": "N\u00e3o eleito"}, {"seq": "85", "n": "22555", "vap": "36", "pvap": "   0,24", "e": "N", "st": "N\u00e3o eleito"}, {"seq": "82", "n": "22000", "vap": "60", "pvap": "   0,41", "e": "N", "st": "N\u00e3o eleito"}, {"seq": "79", "n": "22444", "vap": "116", "pvap": "   0,79", "e": "N", "st": "N\u00e3o eleito"}, {"seq": "47", "n": "55789", "vap": "50", "pvap": "   0,34", "e": "N", "st": "Suplente"}, {"seq": "67", "n": "55566", "vap": "4", "pvap": "   0,03", "e": "N", "st": "Suplente"}, {"seq": "60", "n": "55222", "vap": "19", "pvap": "   0,13", "e": "N", "st": "Suplente"}, {"seq": "53", "n": "55666", "vap": "29", "pvap": "   0,20", "e": "N", "st": "Suplente"}, {"seq": "16", "n": "55600", "vap": "297", "pvap": "   2,01", "e": "N", "st": "Suplente"}, {"seq": "45", "n": "55678", "vap": "68", "pvap": "   0,46", "e": "N", "st": "Suplente"}, {"seq": "1", "n": "55444", "vap": "858", "pvap": "   5,81", "e": "S", "st": "Eleito"}, {"seq": "20", "n": "55777", "vap": "238", "pvap": "   1,61", "e": "N", "st": "Suplente"}, {"seq": "3", "n": "55555", "vap": "595", "pvap": "   4,03", "e": "S", "st": "Eleito"}, {"seq": "21", "n": "55123", "vap": "228", "pvap": "   1,54", "e": "N", "st": "Suplente"}, {"seq": "62", "n": "55111", "vap": "11", "pvap": "   0,07", "e": "N", "st": "Suplente"}, {"seq": "7", "n": "55800", "vap": "486", "pvap": "   3,29", "e": "S", "st": "Eleito"}, {"seq": "50", "n": "55888", "vap": "39", "pvap": "   0,26", "e": "N", "st": "Suplente"}, {"seq": "13", "n": "55000", "vap": "368", "pvap": "   2,49", "e": "N", "st": "Suplente"}, {"seq": "49", "n": "55602", "vap": "42", "pvap": "   0,28", "e": "N", "st": "Suplente"}, {"seq": "51", "n": "55200", "vap": "32", "pvap": "   0,22", "e": "N", "st": "Suplente"}, {"seq": "86", "n": "43123", "vap": "29", "pvap": "   0,20", "e": "N", "st": "N\u00e3o eleito"}, {"seq": "80", "n": "43555", "vap": "102", "pvap": "   0,69", "e": "N", "st": "N\u00e3o eleito"}, {"seq": "100", "n": "43693", "vap": "0", "pvap": "00.00", "e": "N", "st": "N\u00e3o eleito"}, {"seq": "78", "n": "43543", "vap": "125", "pvap": "   0,85", "e": "N", "st": "N\u00e3o eleito"}, {"seq": "84", "n": "43777", "vap": "41", "pvap": "   0,28", "e": "N", "st": "N\u00e3o eleito"}, {"seq": "93", "n": "43434", "vap": "16", "pvap": "   0,11", "e": "N", "st": "N\u00e3o eleito"}, {"seq": "92", "n": "43789", "vap": "17", "pvap": "   0,12", "e": "N", "st": "N\u00e3o eleito"}, {"seq": "94", "n": "43111", "vap": "6", "pvap": "   0,04", "e": "N", "st": "N\u00e3o eleito"}, {"seq": "89", "n": "43246", "vap": "21", "pvap": "   0,14", "e": "N", "st": "N\u00e3o eleito"}, {"seq": "91", "n": "43444", "vap": "17", "pvap": "   0,12", "e": "N", "st": "N\u00e3o eleito"}, {"seq": "76", "n": "43333", "vap": "181", "pvap": "   1,23", "e": "N", "st": "N\u00e3o eleito"}, {"seq": "97", "n": "43696", "vap": "3", "pvap": "   0,02", "e": "N", "st": "N\u00e3o eleito"}, {"seq": "95", "n": "43190", "vap": "5", "pvap": "   0,03", "e": "N", "st": "N\u00e3o eleito"}, {"seq": "75", "n": "43000", "vap": "198", "pvap": "   1,34", "e": "N", "st": "N\u00e3o eleito"}, {"seq": "77", "n": "43222", "vap": "150", "pvap": "   1,02", "e": "N", "st": "N\u00e3o eleito"}, {"seq": "99", "n": "43456", "vap": "0", "pvap": "00.00", "e": "N", "st": "N\u00e3o eleito"}]}, {"dt": "15/11/2020", "ht": "22:21:19", "tf": "S", "and": "F", "tpabr": "ZONA", "cdabr": "193", "s": "58", "st": "58", "snt": "0", "si": "58", "sni": "0", "sa": "58", "sna": "0", "pst": " 100,00", "psnt": "   0,00", "psi": " 100,00", "psni": "   0,00", "psa": " 100,00", "psna": "   0,00", "e": "21923", "ea": "21923", "ena": "0", "esi": "21923", "esni": "0", "a": "6427", "c": "15496", "pea": " 100,00", "pena": "   0,00", "pesi": " 100,00", "pesni": "   0,00", "pa": "  29,32", "pc": "  70,68", "vnom": "13804", "vscv": "0", "vl": "961", "tv": "15496", "vvc": "14765", "vb": "186", "tvn": "545", "vn": "545", "vnt": "0", "vp": "0", "vv": "14765", "van": "0", "vansj": "0", "pvnom": "  93,49", "pvl": "   6,51", "pvvc": "  95,28", "pvb": "   1,20", "ptvn": "   3,52", "pvn": " 100,00", "pvnt": "   0,00", "pvp": "   0,00", "pvv": " 100,00", "pvan": "   0,00", "pvansj": "   0,00", "cand": [{"seq": "1", "n": "55444", "vap": "858", "pvap": "   5,81", "e": "S", "st": "Eleito"}, {"seq": "3", "n": "55555", "vap": "595", "pvap": "   4,03", "e": "S", "st": "Eleito"}, {"seq": "7", "n": "55800", "vap": "486", "pvap": "   3,29", "e": "S", "st": "Eleito"}, {"seq": "13", "n": "55000", "vap": "368", "pvap": "   2,49", "e": "N", "st": "Suplente"}, {"seq": "16", "n": "55600", "vap": "297", "pvap": "   2,01", "e": "N", "st": "Suplente"}, {"seq": "20", "n": "55777", "vap": "238", "pvap": "   1,61", "e": "N", "st": "Suplente"}, {"seq": "21", "n": "55123", "vap": "228", "pvap": "   1,54", "e": "N", "st": "Suplente"}, {"seq": "45", "n": "55678", "vap": "68", "pvap": "   0,46", "e": "N", "st": "Suplente"}, {"seq": "47", "n": "55789", "vap": "50", "pvap": "   0,34", "e": "N", "st": "Suplente"}, {"seq": "49", "n": "55602", "vap": "42", "pvap": "   0,28", "e": "N", "st": "Suplente"}, {"seq": "50", "n": "55888", "vap": "39", "pvap": "   0,26", "e": "N", "st": "Suplente"}, {"seq": "51", "n": "55200", "vap": "32", "pvap": "   0,22", "e": "N", "st": "Suplente"}, {"seq": "53", "n": "55666", "vap": "29", "pvap": "   0,20", "e": "N", "st": "Suplente"}, {"seq": "60", "n": "55222", "vap": "19", "pvap": "   0,13", "e": "N", "st": "Suplente"}, {"seq": "62", "n": "55111", "vap": "11", "pvap": "   0,07", "e": "N", "st": "Suplente"}, {"seq": "67", "n": "55566", "vap": "4", "pvap": "   0,03", "e": "N", "st": "Suplente"}, {"seq": "2", "n": "25555", "vap": "721", "pvap": "   4,88", "e": "S", "st": "Eleito"}, {"seq": "5", "n": "25000", "vap": "495", "pvap": "   3,35", "e": "S", "st": "Eleito"}, {"seq": "11", "n": "25123", "vap": "317", "pvap": "   2,15", "e": "S", "st": "Eleito"}, {"seq": "19", "n": "25111", "vap": "274", "pvap": "   1,86", "e": "N", "st": "Suplente"}, {"seq": "23", "n": "25222", "vap": "205", "pvap": "   1,39", "e": "N", "st": "Suplente"}, {"seq": "25", "n": "25110", "vap": "177", "pvap": "   1,20", "e": "N", "st": "Suplente"}, {"seq": "33", "n": "25444", "vap": "126", "pvap": "   0,85", "e": "N", "st": "Suplente"}, {"seq": "38", "n": "25777", "vap": "104", "pvap": "   0,70", "e": "N", "st": "Suplente"}, {"seq": "39", "n": "25999", "vap": "100", "pvap": "   0,68", "e": "N", "st": "Suplente"}, {"seq": "43", "n": "25678", "vap": "88", "pvap": "   0,60", "e": "N", "st": "Suplente"}, {"seq": "46", "n": "25234", "vap": "62", "pvap": "   0,42", "e": "N", "st": "Suplente"}, {"seq": "52", "n": "25131", "vap": "30", "pvap": "   0,20", "e": "N", "st": "Suplente"}, {"seq": "54", "n": "25625", "vap": "25", "pvap": "   0,17", "e": "N", "st": "Suplente"}, {"seq": "61", "n": "25888", "vap": "18", "pvap": "   0,12", "e": "N", "st": "Suplente"}, {"seq": "65", "n": "25666", "vap": "9", "pvap": "   0,06", "e": "N", "st": "Suplente"}, {"seq": "71", "n": "25916", "vap": "0", "pvap": "00.00", "e": "N", "st": "Suplente"}, {"seq": "75", "n": "43000", "vap": "198", "pvap": "   1,34", "e": "N", "st": "N\u00e3o eleito"}, {"seq": "76", "n": "43333", "vap": "181", "pvap": "   1,23", "e": "N", "st": "N\u00e3o eleito"}, {"seq": "77", "n": "43222", "vap": "150", "pvap": "   1,02", "e": "N", "st": "N\u00e3o eleito"}, {"seq": "78", "n": "43543", "vap": "125", "pvap": "   0,85", "e": "N", "st": "N\u00e3o eleito"}, {"seq": "80", "n": "43555", "vap": "102", "pvap": "   0,69", "e": "N", "st": "N\u00e3o eleito"}, {"seq": "84", "n": "43777", "vap": "41", "pvap": "   0,28", "e": "N", "st": "N\u00e3o eleito"}, {"seq": "86", "n": "43123", "vap": "29", "pvap": "   0,20", "e": "N", "st": "N\u00e3o eleito"}, {"seq": "89", "n": "43246", "vap": "21", "pvap": "   0,14", "e": "N", "st": "N\u00e3o eleito"}, {"seq": "91", "n": "43444", "vap": "17", "pvap": "   0,12", "e": "N", "st": "N\u00e3o eleito"}, {"seq": "92", "n": "43789", "vap": "17", "pvap": "   0,12", "e": "N", "st": "N\u00e3o eleito"}, {"seq": "93", "n": "43434", "vap": "16", "pvap": "   0,11", "e": "N", "st": "N\u00e3o eleito"}, {"seq": "94", "n": "43111", "vap": "6", "pvap": "   0,04", "e": "N", "st": "N\u00e3o eleito"}, {"seq": "95", "n": "43190", "vap": "5", "pvap": "   0,03", "e": "N", "st": "N\u00e3o eleito"}, {"seq": "97", "n": "43696", "vap": "3", "pvap": "   0,02", "e": "N", "st": "N\u00e3o eleito"}, {"seq": "99", "n": "43456", "vap": "0", "pvap": "00.00", "e": "N", "st": "N\u00e3o eleito"}, {"seq": "100", "n": "43693", "vap": "0", "pvap": "00.00", "e": "N", "st": "N\u00e3o eleito"}, {"seq": "4", "n": "11111", "vap": "505", "pvap": "   3,42", "e": "S", "st": "Eleito"}, {"seq": "6", "n": "11456", "vap": "493", "pvap": "   3,34", "e": "S", "st": "Eleito"}, {"seq": "12", "n": "11900", "vap": "428", "pvap": "   2,90", "e": "N", "st": "Suplente"}, {"seq": "14", "n": "11333", "vap": "352", "pvap": "   2,38", "e": "N", "st": "Suplente"}, {"seq": "28", "n": "11123", "vap": "144", "pvap": "   0,98", "e": "N", "st": "Suplente"}, {"seq": "30", "n": "11234", "vap": "136", "pvap": "   0,92", "e": "N", "st": "Suplente"}, {"seq": "48", "n": "11000", "vap": "46", "pvap": "   0,31", "e": "N", "st": "Suplente"}, {"seq": "55", "n": "11222", "vap": "25", "pvap": "   0,17", "e": "N", "st": "Suplente"}, {"seq": "69", "n": "11888", "vap": "4", "pvap": "   0,03", "e": "N", "st": "Suplente"}, {"seq": "8", "n": "12369", "vap": "467", "pvap": "   3,16", "e": "S", "st": "Eleito"}, {"seq": "9", "n": "12444", "vap": "400", "pvap": "   2,71", "e": "S", "st": "Eleito"}, {"seq": "15", "n": "12555", "vap": "313", "pvap": "   2,12", "e": "N", "st": "Suplente"}, {"seq": "22", "n": "12345", "vap": "227", "pvap": "   1,54", "e": "N", "st": "Suplente"}, {"seq": "26", "n": "12666", "vap": "175", "pvap": "   1,19", "e": "N", "st": "Suplente"}, {"seq": "27", "n": "12777", "vap": "162", "pvap": "   1,10", "e": "N", "st": "Suplente"}, {"seq": "31", "n": "12789", "vap": "134", "pvap": "   0,91", "e": "N", "st": "Suplente"}, {"seq": "32", "n": "12000", "vap": "128", "pvap": "   0,87", "e": "N", "st": "Suplente"}, {"seq": "34", "n": "12312", "vap": "125", "pvap": "   0,85", "e": "N", "st": "Suplente"}, {"seq": "35", "n": "12009", "vap": "125", "pvap": "   0,85", "e": "N", "st": "Suplente"}, {"seq": "36", "n": "12999", "vap": "113", "pvap": "   0,77", "e": "N", "st": "Suplente"}, {"seq": "37", "n": "12333", "vap": "106", "pvap": "   0,72", "e": "N", "st": "Suplente"}, {"seq": "44", "n": "12123", "vap": "70", "pvap": "   0,47", "e": "N", "st": "Suplente"}, {"seq": "58", "n": "12002", "vap": "22", "pvap": "   0,15", "e": "N", "st": "Suplente"}, {"seq": "59", "n": "12222", "vap": "21", "pvap": "   0,14", "e": "N", "st": "Suplente"}, {"seq": "63", "n": "12111", "vap": "11", "pvap": "   0,07", "e": "N", "st": "Suplente"}, {"seq": "68", "n": "12456", "vap": "4", "pvap": "   0,03", "e": "N", "st": "Suplente"}, {"seq": "10", "n": "15678", "vap": "362", "pvap": "   2,45", "e": "S", "st": "Eleito"}, {"seq": "17", "n": "15190", "vap": "290", "pvap": "   1,96", "e": "N", "st": "Suplente"}, {"seq": "18", "n": "15444", "vap": "289", "pvap": "   1,96", "e": "N", "st": "Suplente"}, {"seq": "24", "n": "15558", "vap": "198", "pvap": "   1,34", "e": "N", "st": "Suplente"}, {"seq": "29", "n": "15123", "vap": "141", "pvap": "   0,95", "e": "N", "st": "Suplente"}, {"seq": "40", "n": "15789", "vap": "98", "pvap": "   0,66", "e": "N", "st": "Suplente"}, {"seq": "41", "n": "15555", "vap": "98", "pvap": "   0,66", "e": "N", "st": "Suplente"}, {"seq": "42", "n": "15333", "vap": "90", "pvap": "   0,61", "e": "N", "st": "Suplente"}, {"seq": "56", "n": "15150", "vap": "25", "pvap": "   0,17", "e": "N", "st": "Suplente"}, {"seq": "57", "n": "15999", "vap": "25", "pvap": "   0,17", "e": "N", "st": "Suplente"}, {"seq": "64", "n": "15000", "vap": "10", "pvap": "   0,07", "e": "N", "st": "Suplente"}, {"seq": "66", "n": "15666", "vap": "8", "pvap": "   0,05", "e": "N", "st": "Suplente"}, {"seq": "70", "n": "15369", "vap": "1", "pvap": "   0,01", "e": "N", "st": "Suplente"}, {"seq": "72", "n": "15800", "vap": "0", "pvap": "00.00", "e": "N", "st": "Suplente"}, {"seq": "73", "n": "15700", "vap": "0", "pvap": "00.00", "e": "N", "st": "Suplente"}, {"seq": "74", "n": "15900", "vap": "0", "pvap": "00.00", "e": "N", "st": "Suplente"}, {"seq": "79", "n": "22444", "vap": "116", "pvap": "   0,79", "e": "N", "st": "N\u00e3o eleito"}, {"seq": "81", "n": "22123", "vap": "76", "pvap": "   0,51", "e": "N", "st": "N\u00e3o eleito"}, {"seq": "82", "n": "22000", "vap": "60", "pvap": "   0,41", "e": "N", "st": "N\u00e3o eleito"}, {"seq": "83", "n": "22222", "vap": "49", "pvap": "   0,33", "e": "N", "st": "N\u00e3o eleito"}, {"seq": "85", "n": "22555", "vap": "36", "pvap": "   0,24", "e": "N", "st": "N\u00e3o eleito"}, {"seq": "87", "n": "22333", "vap": "24", "pvap": "   0,16", "e": "N", "st": "N\u00e3o eleito"}, {"seq": "88", "n": "22112", "vap": "22", "pvap": "   0,15", "e": "N", "st": "N\u00e3o eleito"}, {"seq": "90", "n": "22111", "vap": "19", "pvap": "   0,13", "e": "N", "st": "N\u00e3o eleito"}, {"seq": "96", "n": "22322", "vap": "5", "pvap": "   0,03", "e": "N", "st": "N\u00e3o eleito"}, {"seq": "98", "n": "22321", "vap": "0", "pvap": "00.00", "e": "N", "st": "N\u00e3o eleito"}]}]}