{"ele": "426", "carper": "13", "t": "1", "f": "O", "esae": "N", "mnae": " ", "dg": "15/11/2020", "hg": "23:02:20", "dv": "S", "nadf": "ba37591-c0013-e000426-004-f", "abr": [{"dt": "15/11/2020", "ht": "22:43:29", "tf": "S", "and": "F", "tpabr": "MU", "cdabr": "37591", "s": "58", "st": "58", "snt": "0", "si": "58", "sni": "0", "sa": "58", "sna": "0", "pst": " 100,00", "psnt": "   0,00", "psi": " 100,00", "psni": "   0,00", "psa": " 100,00", "psna": "   0,00", "e": "21299", "ea": "21299", "ena": "0", "esi": "21299", "esni": "0", "c": "16476", "a": "4823", "pea": " 100,00", "pena": "   0,00", "pesi": " 100,00", "pesni": "   0,00", "pa": "  22,64", "pc": "  77,36", "vscv": "0", "vnom": "14192", "vl": "1198", "tv": "16476", "vvc": "15390", "vb": "166", "tvn": "920", "vn": "904", "vnt": "16", "vp": "0", "vv": "15390", "van": "0", "vansj": "0", "pvnom": "  92,22", "pvl": "   7,78", "pvvc": "  93,41", "pvb": "   1,01", "ptvn": "   5,58", "pvn": "  98,26", "pvnt": "   1,74", "pvp": "   0,00", "pvv": " 100,00", "pvan": "   0,00", "pvansj": "   0,00", "colig": [{"n": "50000146002", "tvtn": "866", "tvan": "866", "vag": "0", "tvtl": "170", "tval": "170"}, {"n": "50000153760", "tvtn": "4589", "tvan": "4589", "vag": "4", "tvtl": "362", "tval": "362"}, {"n": "50000130498", "tvtn": "6377", "tvan": "6378", "vag": "6", "tvtl": "487", "tval": "487"}, {"n": "50000130547", "tvtn": "886", "tvan": "886", "vag": "0", "tvtl": "30", "tval": "30"}, {"n": "50000128360", "tvtn": "398", "tvan": "398", "vag": "0", "tvtl": "9", "tval": "9"}, {"n": "50000135174", "tvtn": "1076", "tvan": "1091", "vag": "1", "tvtl": "140", "tval": "140"}], "part": [{"n": "12", "tvtn": "866", "tvan": "866", "tvtl": "170", "tval": "170"}, {"n": "40", "tvtn": "4589", "tvan": "4589", "tvtl": "362", "tval": "362"}, {"n": "55", "tvtn": "6377", "tvan": "6377", "tvtl": "487", "tval": "487"}, {"n": "10", "tvtn": "886", "tvan": "886", "tvtl": "30", "tval": "30"}, {"n": "19", "tvtn": "398", "tvan": "398", "tvtl": "9", "tval": "9"}, {"n": "13", "tvtn": "1076", "tvan": "1076", "tvtl": "140", "tval": "140"}], "cand": [{"seq": "64", "n": "12725", "vap": "17", "pvap": "   0,11", "e": "N", "st": "N\u00e3o eleito"}, {"seq": "51", "n": "12000", "vap": "77", "pvap": "   0,50", "e": "N", "st": "N\u00e3o eleito"}, {"seq": "63", "n": "12555", "vap": "19", "pvap": "   0,12", "e": "N", "st": "N\u00e3o eleito"}, {"seq": "47", "n": "12224", "vap": "127", "pvap": "   0,83", "e": "N", "st": "N\u00e3o eleito"}, {"seq": "50", "n": "12012", "vap": "93", "pvap": "   0,60", "e": "N", "st": "N\u00e3o eleito"}, {"seq": "48", "n": "12589", "vap": "123", "pvap": "   0,80", "e": "N", "st": "N\u00e3o eleito"}, {"seq": "68", "n": "12340", "vap": "10", "pvap": "   0,06", "e": "N", "st": "N\u00e3o eleito"}, {"seq": "65", "n": "12333", "vap": "11", "pvap": "   0,07", "e": "N", "st": "N\u00e3o eleito"}, {"seq": "75", "n": "12444", "vap": "3", "pvap": "   0,02", "e": "N", "st": "N\u00e3o eleito"}, {"seq": "77", "n": "12678", "vap": "1", "pvap": "   0,01", "e": "N", "st": "N\u00e3o eleito"}, {"seq": "74", "n": "12780", "vap": "6", "pvap": "   0,04", "e": "N", "st": "N\u00e3o eleito"}, {"seq": "57", "n": "12123", "vap": "46", "pvap": "   0,30", "e": "N", "st": "N\u00e3o eleito"}, {"seq": "53", "n": "12789", "vap": "66", "pvap": "   0,43", "e": "N", "st": "N\u00e3o eleito"}, {"seq": "55", "n": "12222", "vap": "52", "pvap": "   0,34", "e": "N", "st": "N\u00e3o eleito"}, {"seq": "54", "n": "12345", "vap": "56", "pvap": "   0,36", "e": "N", "st": "N\u00e3o eleito"}, {"seq": "46", "n": "12111", "vap": "159", "pvap": "   1,03", "e": "N", "st": "N\u00e3o eleito"}, {"seq": "34", "n": "40440", "vap": "15", "pvap": "   0,10", "e": "N", "st": "Suplente"}, {"seq": "31", "n": "40456", "vap": "19", "pvap": "   0,12", "e": "N", "st": "Suplente"}, {"seq": "14", "n": "40444", "vap": "430", "pvap": "   2,79", "e": "N", "st": "Suplente"}, {"seq": "23", "n": "40555", "vap": "162", "pvap": "   1,05", "e": "N", "st": "Suplente"}, {"seq": "9", "n": "40000", "vap": "533", "pvap": "   3,46", "e": "S", "st": "Eleito"}, {"seq": "27", "n": "40777", "vap": "39", "pvap": "   0,25", "e": "N", "st": "Suplente"}, {"seq": "16", "n": "40140", "vap": "378", "pvap": "   2,46", "e": "N", "st": "Suplente"}, {"seq": "12", "n": "40123", "vap": "529", "pvap": "   3,44", "e": "N", "st": "Suplente"}, {"seq": "6", "n": "40333", "vap": "627", "pvap": "   4,07", "e": "S", "st": "Eleito"}, {"seq": "24", "n": "40888", "vap": "155", "pvap": "   1,01", "e": "N", "st": "Suplente"}, {"seq": "4", "n": "40111", "vap": "708", "pvap": "   4,60", "e": "S", "st": "Eleito"}, {"seq": "19", "n": "40222", "vap": "281", "pvap": "   1,83", "e": "N", "st": "Suplente"}, {"seq": "7", "n": "40999", "vap": "614", "pvap": "   3,99", "e": "S", "st": "Eleito"}, {"seq": "26", "n": "40033", "vap": "58", "pvap": "   0,38", "e": "N", "st": "Suplente"}, {"seq": "28", "n": "40500", "vap": "39", "pvap": "   0,25", "e": "N", "st": "Suplente"}, {"seq": "41", "n": "40040", "vap": "2", "pvap": "   0,01", "e": "N", "st": "Suplente"}, {"seq": "2", "n": "55555", "vap": "942", "pvap": "   6,12", "e": "S", "st": "Eleito"}, {"seq": "8", "n": "55666", "vap": "570", "pvap": "   3,70", "e": "S", "st": "Eleito"}, {"seq": "17", "n": "55789", "vap": "325", "pvap": "   2,11", "e": "N", "st": "Suplente"}, {"seq": "40", "n": "55321", "vap": "6", "pvap": "   0,04", "e": "N", "st": "Suplente"}, {"seq": "10", "n": "55888", "vap": "494", "pvap": "   3,21", "e": "S", "st": "Eleito"}, {"seq": "33", "n": "55777", "vap": "16", "pvap": "   0,10", "e": "N", "st": "Suplente"}, {"seq": "5", "n": "55222", "vap": "630", "pvap": "   4,09", "e": "S", "st": "Eleito"}, {"seq": "18", "n": "55333", "vap": "298", "pvap": "   1,94", "e": "N", "st": "Suplente"}, {"seq": "36", "n": "55800", "vap": "13", "pvap": "   0,08", "e": "N", "st": "Suplente"}, {"seq": "15", "n": "55000", "vap": "379", "pvap": "   2,46", "e": "N", "st": "Suplente"}, {"seq": "20", "n": "55999", "vap": "272", "pvap": "   1,77", "e": "N", "st": "Suplente"}, {"seq": "3", "n": "55123", "vap": "906", "pvap": "   5,89", "e": "S", "st": "Eleito"}, {"seq": "1", "n": "55111", "vap": "1064", "pvap": "   6,91", "e": "S", "st": "Eleito"}, {"seq": "38", "n": "55678", "vap": "7", "pvap": "   0,05", "e": "N", "st": "Suplente"}, {"seq": "13", "n": "55444", "vap": "455", "pvap": "   2,96", "e": "N", "st": "Suplente"}, {"seq": "73", "n": "10125", "vap": "6", "pvap": "   0,04", "e": "N", "st": "N\u00e3o eleito"}, {"seq": "66", "n": "10456", "vap": "11", "pvap": "   0,07", "e": "N", "st": "N\u00e3o eleito"}, {"seq": "56", "n": "10123", "vap": "51", "pvap": "   0,33", "e": "N", "st": "N\u00e3o eleito"}, {"seq": "43", "n": "10000", "vap": "387", "pvap": "   2,51", "e": "N", "st": "N\u00e3o eleito"}, {"seq": "61", "n": "10888", "vap": "22", "pvap": "   0,14", "e": "N", "st": "N\u00e3o eleito"}, {"seq": "44", "n": "10444", "vap": "243", "pvap": "   1,58", "e": "N", "st": "N\u00e3o eleito"}, {"seq": "72", "n": "10210", "vap": "7", "pvap": "   0,05", "e": "N", "st": "N\u00e3o eleito"}, {"seq": "71", "n": "10150", "vap": "8", "pvap": "   0,05", "e": "N", "st": "N\u00e3o eleito"}, {"seq": "67", "n": "10410", "vap": "11", "pvap": "   0,07", "e": "N", "st": "N\u00e3o eleito"}, {"seq": "69", "n": "10126", "vap": "10", "pvap": "   0,06", "e": "N", "st": "N\u00e3o eleito"}, {"seq": "52", "n": "10222", "vap": "74", "pvap": "   0,48", "e": "N", "st": "N\u00e3o eleito"}, {"seq": "58", "n": "10777", "vap": "34", "pvap": "   0,22", "e": "N", "st": "N\u00e3o eleito"}, {"seq": "62", "n": "10250", "vap": "22", "pvap": "   0,14", "e": "N", "st": "N\u00e3o eleito"}, {"seq": "76", "n": "19111", "vap": "3", "pvap": "   0,02", "e": "N", "st": "N\u00e3o eleito"}, {"seq": "45", "n": "19456", "vap": "229", "pvap": "   1,49", "e": "N", "st": "N\u00e3o eleito"}, {"seq": "70", "n": "19222", "vap": "8", "pvap": "   0,05", "e": "N", "st": "N\u00e3o eleito"}, {"seq": "60", "n": "19123", "vap": "26", "pvap": "   0,17", "e": "N", "st": "N\u00e3o eleito"}, {"seq": "49", "n": "19999", "vap": "105", "pvap": "   0,68", "e": "N", "st": "N\u00e3o eleito"}, {"seq": "59", "n": "19000", "vap": "27", "pvap": "   0,18", "e": "N", "st": "N\u00e3o eleito"}, {"seq": "11", "n": "13567", "vap": "467", "pvap": "   3,03", "e": "S", "st": "Eleito"}, {"seq": "29", "n": "13777", "vap": "23", "pvap": "   0,15", "e": "N", "st": "Suplente"}, {"seq": "21", "n": "13888", "vap": "255", "pvap": "   1,66", "e": "N", "st": "Suplente"}, {"seq": "22", "n": "13333", "vap": "176", "pvap": "   1,14", "e": "N", "st": "Suplente"}, {"seq": "30", "n": "13456", "vap": "21", "pvap": "   0,14", "e": "N", "st": "Suplente"}, {"seq": "39", "n": "13999", "vap": "6", "pvap": "   0,04", "e": "N", "st": "Suplente"}, {"seq": "37", "n": "13123", "vap": "11", "pvap": "   0,07", "e": "N", "st": "Suplente"}, {"seq": "25", "n": "13234", "vap": "86", "pvap": "   0,56", "e": "N", "st": "Suplente"}, {"seq": "42", "n": "13555", "vap": "0", "pvap": "00.00", "e": "N", "st": "Suplente"}, {"seq": "35", "n": "13946", "vap": "13", "pvap": "   0,08", "e": "N", "st": "Suplente"}, {"seq": "32", "n": "13222", "vap": "18", "pvap": "   0,12", "e": "N", "st": "Suplente"}]}, {"dt": "15/11/2020", "ht": "22:43:29", "tf": "S", "and": "F", "tpabr": "ZONA", "cdabr": "79", "s": "58", "st": "58", "snt": "0", "si": "58", "sni": "0", "sa": "58", "sna": "0", "pst": " 100,00", "psnt": "   0,00", "psi": " 100,00", "psni": "   0,00", "psa": " 100,00", "psna": "   0,00", "e": "21299", "ea": "21299", "ena": "0", "esi": "21299", "esni": "0", "a": "4823", "c": "16476", "pea": " 100,00", "pena": "   0,00", "pesi": " 100,00", "pesni": "   0,00", "pa": "  22,64", "pc": "  77,36", "vnom": "14192", "vscv": "0", "vl": "1198", "tv": "16476", "vvc": "15390", "vb": "166", "tvn": "920", "vn": "904", "vnt": "16", "vp": "0", "vv": "15390", "van": "0", "vansj": "0", "pvnom": "  92,22", "pvl": "   7,78", "pvvc": "  93,41", "pvb": "   1,01", "ptvn": "   5,58", "pvn": "  98,26", "pvnt": "   1,74", "pvp": "   0,00", "pvv": " 100,00", "pvan": "   0,00", "pvansj": "   0,00", "cand": [{"seq": "52", "n": "10222", "vap": "74", "pvap": "   0,48", "e": "N", "st": "N\u00e3o eleito"}, {"seq": "56", "n": "10123", "vap": "51", "pvap": "   0,33", "e": "N", "st": "N\u00e3o eleito"}, {"seq": "58", "n": "10777", "vap": "34", "pvap": "   0,22", "e": "N", "st": "N\u00e3o eleito"}, {"seq": "61", "n": "10888", "vap": "22", "pvap": "   0,14", "e": "N", "st": "N\u00e3o eleito"}, {"seq": "62", "n": "10250", "vap": "22", "pvap": "   0,14", "e": "N", "st": "N\u00e3o eleito"}, {"seq": "66", "n": "10456", "vap": "11", "pvap": "   0,07", "e": "N", "st": "N\u00e3o eleito"}, {"seq": "67", "n": "10410", "vap": "11", "pvap": "   0,07", "e": "N", "st": "N\u00e3o eleito"}, {"seq": "69", "n": "10126", "vap": "10", "pvap": "   0,06", "e": "N", "st": "N\u00e3o eleito"}, {"seq": "71", "n": "10150", "vap": "8", "pvap": "   0,05", "e": "N", "st": "N\u00e3o eleito"}, {"seq": "72", "n": "10210", "vap": "7", "pvap": "   0,05", "e": "N", "st": "N\u00e3o eleito"}, {"seq": "73", "n": "10125", "vap": "6", "pvap": "   0,04", "e": "N", "st": "N\u00e3o eleito"}, {"seq": "43", "n": "10000", "vap": "387", "pvap": "   2,51", "e": "N", "st": "N\u00e3o eleito"}, {"seq": "44", "n": "10444", "vap": "243", "pvap": "   1,58", "e": "N", "st": "N\u00e3o eleito"}, {"seq": "47", "n": "12224", "vap": "127", "pvap": "   0,83", "e": "N", "st": "N\u00e3o eleito"}, {"seq": "48", "n": "12589", "vap": "123", "pvap": "   0,80", "e": "N", "st": "N\u00e3o eleito"}, {"seq": "50", "n": "12012", "vap": "93", "pvap": "   0,60", "e": "N", "st": "N\u00e3o eleito"}, {"seq": "51", "n": "12000", "vap": "77", "pvap": "   0,50", "e": "N", "st": "N\u00e3o eleito"}, {"seq": "53", "n": "12789", "vap": "66", "pvap": "   0,43", "e": "N", "st": "N\u00e3o eleito"}, {"seq": "54", "n": "12345", "vap": "56", "pvap": "   0,36", "e": "N", "st": "N\u00e3o eleito"}, {"seq": "55", "n": "12222", "vap": "52", "pvap": "   0,34", "e": "N", "st": "N\u00e3o eleito"}, {"seq": "57", "n": "12123", "vap": "46", "pvap": "   0,30", "e": "N", "st": "N\u00e3o eleito"}, {"seq": "63", "n": "12555", "vap": "19", "pvap": "   0,12", "e": "N", "st": "N\u00e3o eleito"}, {"seq": "64", "n": "12725", "vap": "17", "pvap": "   0,11", "e": "N", "st": "N\u00e3o eleito"}, {"seq": "65", "n": "12333", "vap": "11", "pvap": "   0,07", "e": "N", "st": "N\u00e3o eleito"}, {"seq": "68", "n": "12340", "vap": "10", "pvap": "   0,06", "e": "N", "st": "N\u00e3o eleito"}, {"seq": "74", "n": "12780", "vap": "6", "pvap": "   0,04", "e": "N", "st": "N\u00e3o eleito"}, {"seq": "75", "n": "12444", "vap": "3", "pvap": "   0,02", "e": "N", "st": "N\u00e3o eleito"}, {"seq": "77", "n": "12678", "vap": "1", "pvap": "   0,01", "e": "N", "st": "N\u00e3o eleito"}, {"seq": "46", "n": "12111", "vap": "159", "pvap": "   1,03", "e": "N", "st": "N\u00e3o eleito"}, {"seq": "4", "n": "40111", "vap": "708", "pvap": "   4,60", "e": "S", "st": "Eleito"}, {"seq": "6", "n": "40333", "vap": "627", "pvap": "   4,07", "e": "S", "st": "Eleito"}, {"seq": "7", "n": "40999", "vap": "614", "pvap": "   3,99", "e": "S", "st": "Eleito"}, {"seq": "9", "n": "40000", "vap": "533", "pvap": "   3,46", "e": "S", "st": "Eleito"}, {"seq": "12", "n": "40123", "vap": "529", "pvap": "   3,44", "e": "N", "st": "Suplente"}, {"seq": "14", "n": "40444", "vap": "430", "pvap": "   2,79", "e": "N", "st": "Suplente"}, {"seq": "16", "n": "40140", "vap": "378", "pvap": "   2,46", "e": "N", "st": "Suplente"}, {"seq": "19", "n": "40222", "vap": "281", "pvap": "   1,83", "e": "N", "st": "Suplente"}, {"seq": "23", "n": "40555", "vap": "162", "pvap": "   1,05", "e": "N", "st": "Suplente"}, {"seq": "24", "n": "40888", "vap": "155", "pvap": "   1,01", "e": "N", "st": "Suplente"}, {"seq": "26", "n": "40033", "vap": "58", "pvap": "   0,38", "e": "N", "st": "Suplente"}, {"seq": "27", "n": "40777", "vap": "39", "pvap": "   0,25", "e": "N", "st": "Suplente"}, {"seq": "28", "n": "40500", "vap": "39", "pvap": "   0,25", "e": "N", "st": "Suplente"}, {"seq": "31", "n": "40456", "vap": "19", "pvap": "   0,12", "e": "N", "st": "Suplente"}, {"seq": "34", "n": "40440", "vap": "15", "pvap": "   0,10", "e": "N", "st": "Suplente"}, {"seq": "41", "n": "40040", "vap": "2", "pvap": "   0,01", "e": "N", "st": "Suplente"}, {"seq": "1", "n": "55111", "vap": "1064", "pvap": "   6,91", "e": "S", "st": "Eleito"}, {"seq": "2", "n": "55555", "vap": "942", "pvap": "   6,12", "e": "S", "st": "Eleito"}, {"seq": "3", "n": "55123", "vap": "906", "pvap": "   5,89", "e": "S", "st": "Eleito"}, {"seq": "5", "n": "55222", "vap": "630", "pvap": "   4,09", "e": "S", "st": "Eleito"}, {"seq": "8", "n": "55666", "vap": "570", "pvap": "   3,70", "e": "S", "st": "Eleito"}, {"seq": "10", "n": "55888", "vap": "494", "pvap": "   3,21", "e": "S", "st": "Eleito"}, {"seq": "13", "n": "55444", "vap": "455", "pvap": "   2,96", "e": "N", "st": "Suplente"}, {"seq": "15", "n": "55000", "vap": "379", "pvap": "   2,46", "e": "N", "st": "Suplente"}, {"seq": "17", "n": "55789", "vap": "325", "pvap": "   2,11", "e": "N", "st": "Suplente"}, {"seq": "18", "n": "55333", "vap": "298", "pvap": "   1,94", "e": "N", "st": "Suplente"}, {"seq": "20", "n": "55999", "vap": "272", "pvap": "   1,77", "e": "N", "st": "Suplente"}, {"seq": "33", "n": "55777", "vap": "16", "pvap": "   0,10", "e": "N", "st": "Suplente"}, {"seq": "36", "n": "55800", "vap": "13", "pvap": "   0,08", "e": "N", "st": "Suplente"}, {"seq": "38", "n": "55678", "vap": "7", "pvap": "   0,05", "e": "N", "st": "Suplente"}, {"seq": "40", "n": "55321", "vap": "6", "pvap": "   0,04", "e": "N", "st": "Suplente"}, {"seq": "11", "n": "13567", "vap": "467", "pvap": "   3,03", "e": "S", "st": "Eleito"}, {"seq": "21", "n": "13888", "vap": "255", "pvap": "   1,66", "e": "N", "st": "Suplente"}, {"seq": "22", "n": "13333", "vap": "176", "pvap": "   1,14", "e": "N", "st": "Suplente"}, {"seq": "25", "n": "13234", "vap": "86", "pvap": "   0,56", "e": "N", "st": "Suplente"}, {"seq": "29", "n": "13777", "vap": "23", "pvap": "   0,15", "e": "N", "st": "Suplente"}, {"seq": "30", "n": "13456", "vap": "21", "pvap": "   0,14", "e": "N", "st": "Suplente"}, {"seq": "32", "n": "13222", "vap": "18", "pvap": "   0,12", "e": "N", "st": "Suplente"}, {"seq": "35", "n": "13946", "vap": "13", "pvap": "   0,08", "e": "N", "st": "Suplente"}, {"seq": "37", "n": "13123", "vap": "11", "pvap": "   0,07", "e": "N", "st": "Suplente"}, {"seq": "39", "n": "13999", "vap": "6", "pvap": "   0,04", "e": "N", "st": "Suplente"}, {"seq": "42", "n": "13555", "vap": "0", "pvap": "00.00", "e": "N", "st": "Suplente"}, {"seq": "49", "n": "19999", "vap": "105", "pvap": "   0,68", "e": "N", "st": "N\u00e3o eleito"}, {"seq": "59", "n": "19000", "vap": "27", "pvap": "   0,18", "e": "N", "st": "N\u00e3o eleito"}, {"seq": "60", "n": "19123", "vap": "26", "pvap": "   0,17", "e": "N", "st": "N\u00e3o eleito"}, {"seq": "70", "n": "19222", "vap": "8", "pvap": "   0,05", "e": "N", "st": "N\u00e3o eleito"}, {"seq": "76", "n": "19111", "vap": "3", "pvap": "   0,02", "e": "N", "st": "N\u00e3o eleito"}, {"seq": "45", "n": "19456", "vap": "229", "pvap": "   1,49", "e": "N", "st": "N\u00e3o eleito"}]}]}