{"ele": "426", "carper": "13", "t": "1", "f": "O", "esae": "N", "mnae": " ", "dg": "15/11/2020", "hg": "23:31:49", "dv": "S", "nadf": "ba33030-c0013-e000426-003-f", "abr": [{"dt": "15/11/2020", "ht": "23:04:38", "tf": "S", "and": "F", "tpabr": "MU", "cdabr": "33030", "s": "35", "st": "35", "snt": "0", "si": "35", "sni": "0", "sa": "35", "sna": "0", "pst": " 100,00", "psnt": "   0,00", "psi": " 100,00", "psni": "   0,00", "psa": " 100,00", "psna": "   0,00", "e": "14246", "ea": "14246", "ena": "0", "esi": "14246", "esni": "0", "c": "12488", "a": "1758", "pea": " 100,00", "pena": "   0,00", "pesi": " 100,00", "pesni": "   0,00", "pa": "  12,34", "pc": "  87,66", "vscv": "0", "vnom": "11422", "vl": "601", "tv": "12488", "vvc": "12025", "vb": "61", "tvn": "402", "vn": "401", "vnt": "1", "vp": "0", "vv": "12023", "van": "0", "vansj": "2", "pvnom": "  95,00", "pvl": "   5,00", "pvvc": "  96,29", "pvb": "   0,49", "ptvn": "   3,22", "pvn": "  99,75", "pvnt": "   0,25", "pvp": "   0,00", "pvv": "  99,98", "pvan": "   0,00", "pvansj": "   0,02", "colig": [{"n": "50000059639", "tvtn": "3100", "tvan": "3100", "vag": "3", "tvtl": "180", "tval": "180"}, {"n": "50000153279", "tvtn": "4160", "tvan": "4162", "vag": "4", "tvtl": "133", "tval": "133"}, {"n": "50000073909", "tvtn": "544", "tvan": "544", "vag": "0", "tvtl": "25", "tval": "25"}, {"n": "50000153412", "tvtn": "3618", "tvan": "3619", "vag": "4", "tvtl": "263", "tval": "263"}], "part": [{"n": "25", "tvtn": "3100", "tvan": "3100", "tvtl": "180", "tval": "180"}, {"n": "11", "tvtn": "4160", "tvan": "4162", "tvtl": "133", "tval": "133"}, {"n": "55", "tvtn": "544", "tvan": "544", "tvtl": "25", "tval": "25"}, {"n": "13", "tvtn": "3618", "tvan": "3618", "tvtl": "263", "tval": "263"}], "cand": [{"seq": "11", "n": "25555", "vap": "396", "pvap": "   3,29", "e": "S", "st": "Eleito"}, {"seq": "28", "n": "25333", "vap": "31", "pvap": "   0,26", "e": "N", "st": "Suplente"}, {"seq": "8", "n": "25800", "vap": "508", "pvap": "   4,22", "e": "S", "st": "Eleito"}, {"seq": "18", "n": "25000", "vap": "243", "pvap": "   2,02", "e": "N", "st": "Suplente"}, {"seq": "10", "n": "25111", "vap": "433", "pvap": "   3,60", "e": "S", "st": "Eleito"}, {"seq": "27", "n": "25222", "vap": "72", "pvap": "   0,60", "e": "N", "st": "Suplente"}, {"seq": "14", "n": "25678", "vap": "395", "pvap": "   3,28", "e": "N", "st": "Suplente"}, {"seq": "23", "n": "25888", "vap": "166", "pvap": "   1,38", "e": "N", "st": "Suplente"}, {"seq": "25", "n": "25456", "vap": "101", "pvap": "   0,84", "e": "N", "st": "Suplente"}, {"seq": "17", "n": "25123", "vap": "297", "pvap": "   2,47", "e": "N", "st": "Suplente"}, {"seq": "19", "n": "25777", "vap": "234", "pvap": "   1,95", "e": "N", "st": "Suplente"}, {"seq": "21", "n": "25999", "vap": "224", "pvap": "   1,86", "e": "N", "st": "Suplente"}, {"seq": "34", "n": "11123", "vap": "2", "pvap": "   0,02", "e": "N", "st": "N\u00e3o eleito"}, {"seq": "4", "n": "11333", "vap": "758", "pvap": "   6,30", "e": "S", "st": "Eleito"}, {"seq": "22", "n": "11777", "vap": "171", "pvap": "   1,42", "e": "N", "st": "Suplente"}, {"seq": "15", "n": "11000", "vap": "381", "pvap": "   3,17", "e": "N", "st": "Suplente"}, {"seq": "12", "n": "11456", "vap": "463", "pvap": "   3,85", "e": "N", "st": "Suplente"}, {"seq": "24", "n": "11888", "vap": "117", "pvap": "   0,97", "e": "N", "st": "Suplente"}, {"seq": "6", "n": "11555", "vap": "589", "pvap": "   4,90", "e": "S", "st": "Eleito"}, {"seq": "16", "n": "11999", "vap": "340", "pvap": "   2,83", "e": "N", "st": "Suplente"}, {"seq": "1", "n": "11222", "vap": "845", "pvap": "   7,03", "e": "S", "st": "Eleito"}, {"seq": "9", "n": "11111", "vap": "496", "pvap": "   4,12", "e": "S", "st": "Eleito"}, {"seq": "30", "n": "55123", "vap": "116", "pvap": "   0,96", "e": "N", "st": "N\u00e3o eleito"}, {"seq": "29", "n": "55555", "vap": "291", "pvap": "   2,42", "e": "N", "st": "N\u00e3o eleito"}, {"seq": "33", "n": "55789", "vap": "30", "pvap": "   0,25", "e": "N", "st": "N\u00e3o eleito"}, {"seq": "32", "n": "55456", "vap": "33", "pvap": "   0,27", "e": "N", "st": "N\u00e3o eleito"}, {"seq": "31", "n": "55222", "vap": "74", "pvap": "   0,62", "e": "N", "st": "N\u00e3o eleito"}, {"seq": "5", "n": "13333", "vap": "655", "pvap": "   5,45", "e": "S", "st": "Eleito"}, {"seq": "7", "n": "13000", "vap": "584", "pvap": "   4,86", "e": "S", "st": "Eleito"}, {"seq": "20", "n": "13111", "vap": "229", "pvap": "   1,90", "e": "N", "st": "Suplente"}, {"seq": "26", "n": "13444", "vap": "79", "pvap": "   0,66", "e": "N", "st": "Suplente"}, {"seq": "13", "n": "13123", "vap": "414", "pvap": "   3,44", "e": "N", "st": "Suplente"}, {"seq": "3", "n": "13222", "vap": "816", "pvap": "   6,79", "e": "S", "st": "Eleito"}, {"seq": "2", "n": "13777", "vap": "841", "pvap": "   6,99", "e": "S", "st": "Eleito"}]}, {"dt": "15/11/2020", "ht": "23:04:38", "tf": "S", "and": "F", "tpabr": "ZONA", "cdabr": "158", "s": "35", "st": "35", "snt": "0", "si": "35", "sni": "0", "sa": "35", "sna": "0", "pst": " 100,00", "psnt": "   0,00", "psi": " 100,00", "psni": "   0,00", "psa": " 100,00", "psna": "   0,00", "e": "14246", "ea": "14246", "ena": "0", "esi": "14246", "esni": "0", "a": "1758", "c": "12488", "pea": " 100,00", "pena": "   0,00", "pesi": " 100,00", "pesni": "   0,00", "pa": "  12,34", "pc": "  87,66", "vnom": "11422", "vscv": "0", "vl": "601", "tv": "12488", "vvc": "12025", "vb": "61", "tvn": "402", "vn": "401", "vnt": "1", "vp": "0", "vv": "12023", "van": "0", "vansj": "2", "pvnom": "  95,00", "pvl": "   5,00", "pvvc": "  96,29", "pvb": "   0,49", "ptvn": "   3,22", "pvn": "  99,75", "pvnt": "   0,25", "pvp": "   0,00", "pvv": "  99,98", "pvan": "   0,00", "pvansj": "   0,02", "cand": [{"seq": "2", "n": "13777", "vap": "841", "pvap": "   6,99", "e": "S", "st": "Eleito"}, {"seq": "13", "n": "13123", "vap": "414", "pvap": "   3,44", "e": "N", "st": "Suplente"}, {"seq": "3", "n": "13222", "vap": "816", "pvap": "   6,79", "e": "S", "st": "Eleito"}, {"seq": "26", "n": "13444", "vap": "79", "pvap": "   0,66", "e": "N", "st": "Suplente"}, {"seq": "20", "n": "13111", "vap": "229", "pvap": "   1,90", "e": "N", "st": "Suplente"}, {"seq": "7", "n": "13000", "vap": "584", "pvap": "   4,86", "e": "S", "st": "Eleito"}, {"seq": "5", "n": "13333", "vap": "655", "pvap": "   5,45", "e": "S", "st": "Eleito"}, {"seq": "4", "n": "11333", "vap": "758", "pvap": "   6,30", "e": "S", "st": "Eleito"}, {"seq": "9", "n": "11111", "vap": "496", "pvap": "   4,12", "e": "S", "st": "Eleito"}, {"seq": "12", "n": "11456", "vap": "463", "pvap": "   3,85", "e": "N", "st": "Suplente"}, {"seq": "16", "n": "11999", "vap": "340", "pvap": "   2,83", "e": "N", "st": "Suplente"}, {"seq": "34", "n": "11123", "vap": "2", "pvap": "   0,02", "e": "N", "st": "N\u00e3o eleito"}, {"seq": "24", "n": "11888", "vap": "117", "pvap": "   0,97", "e": "N", "st": "Suplente"}, {"seq": "22", "n": "11777", "vap": "171", "pvap": "   1,42", "e": "N", "st": "Suplente"}, {"seq": "1", "n": "11222", "vap": "845", "pvap": "   7,03", "e": "S", "st": "Eleito"}, {"seq": "15", "n": "11000", "vap": "381", "pvap": "   3,17", "e": "N", "st": "Suplente"}, {"seq": "6", "n": "11555", "vap": "589", "pvap": "   4,90", "e": "S", "st": "Eleito"}, {"seq": "8", "n": "25800", "vap": "508", "pvap": "   4,22", "e": "S", "st": "Eleito"}, {"seq": "14", "n": "25678", "vap": "395", "pvap": "   3,28", "e": "N", "st": "Suplente"}, {"seq": "17", "n": "25123", "vap": "297", "pvap": "   2,47", "e": "N", "st": "Suplente"}, {"seq": "25", "n": "25456", "vap": "101", "pvap": "   0,84", "e": "N", "st": "Suplente"}, {"seq": "23", "n": "25888", "vap": "166", "pvap": "   1,38", "e": "N", "st": "Suplente"}, {"seq": "21", "n": "25999", "vap": "224", "pvap": "   1,86", "e": "N", "st": "Suplente"}, {"seq": "28", "n": "25333", "vap": "31", "pvap": "   0,26", "e": "N", "st": "Suplente"}, {"seq": "19", "n": "25777", "vap": "234", "pvap": "   1,95", "e": "N", "st": "Suplente"}, {"seq": "10", "n": "25111", "vap": "433", "pvap": "   3,60", "e": "S", "st": "Eleito"}, {"seq": "27", "n": "25222", "vap": "72", "pvap": "   0,60", "e": "N", "st": "Suplente"}, {"seq": "18", "n": "25000", "vap": "243", "pvap": "   2,02", "e": "N", "st": "Suplente"}, {"seq": "11", "n": "25555", "vap": "396", "pvap": "   3,29", "e": "S", "st": "Eleito"}, {"seq": "30", "n": "55123", "vap": "116", "pvap": "   0,96", "e": "N", "st": "N\u00e3o eleito"}, {"seq": "32", "n": "55456", "vap": "33", "pvap": "   0,27", "e": "N", "st": "N\u00e3o eleito"}, {"seq": "29", "n": "55555", "vap": "291", "pvap": "   2,42", "e": "N", "st": "N\u00e3o eleito"}, {"seq": "31", "n": "55222", "vap": "74", "pvap": "   0,62", "e": "N", "st": "N\u00e3o eleito"}, {"seq": "33", "n": "55789", "vap": "30", "pvap": "   0,25", "e": "N", "st": "N\u00e3o eleito"}]}]}