{"ele": "426", "carper": "13", "t": "1", "f": "O", "esae": "N", "mnae": " ", "dg": "16/11/2020", "hg": "00:32:58", "dv": "S", "nadf": "ba36030-c0013-e000426-002-f", "abr": [{"dt": "16/11/2020", "ht": "00:15:33", "tf": "S", "and": "F", "tpabr": "MU", "cdabr": "36030", "s": "25", "st": "25", "snt": "0", "si": "25", "sni": "0", "sa": "25", "sna": "0", "pst": " 100,00", "psnt": "   0,00", "psi": " 100,00", "psni": "   0,00", "psa": " 100,00", "psna": "   0,00", "e": "9927", "ea": "9927", "ena": "0", "esi": "9927", "esni": "0", "c": "7966", "a": "1961", "pea": " 100,00", "pena": "   0,00", "pesi": " 100,00", "pesni": "   0,00", "pa": "  19,75", "pc": "  80,25", "vscv": "0", "vnom": "6797", "vl": "518", "tv": "7966", "vvc": "7315", "vb": "91", "tvn": "560", "vn": "560", "vnt": "0", "vp": "0", "vv": "7315", "van": "0", "vansj": "0", "pvnom": "  92,92", "pvl": "   7,08", "pvvc": "  91,83", "pvb": "   1,14", "ptvn": "   7,03", "pvn": " 100,00", "pvnt": "   0,00", "pvp": "   0,00", "pvv": " 100,00", "pvan": "   0,00", "pvansj": "   0,00", "colig": [{"n": "50000109632", "tvtn": "4155", "tvan": "4155", "vag": "6", "tvtl": "278", "tval": "278"}, {"n": "50000147755", "tvtn": "859", "tvan": "859", "vag": "1", "tvtl": "56", "tval": "56"}, {"n": "50000109638", "tvtn": "1611", "tvan": "1611", "vag": "2", "tvtl": "181", "tval": "181"}, {"n": "50000065146", "tvtn": "172", "tvan": "172", "vag": "0", "tvtl": "3", "tval": "3"}], "part": [{"n": "25", "tvtn": "4155", "tvan": "4155", "tvtl": "278", "tval": "278"}, {"n": "55", "tvtn": "859", "tvan": "859", "tvtl": "56", "tval": "56"}, {"n": "13", "tvtn": "1611", "tvan": "1611", "tvtl": "181", "tval": "181"}, {"n": "18", "tvtn": "172", "tvan": "172", "tvtl": "3", "tval": "3"}], "cand": [{"seq": "6", "n": "25555", "vap": "450", "pvap": "   6,15", "e": "S", "st": "Eleito"}, {"seq": "3", "n": "25111", "vap": "489", "pvap": "   6,68", "e": "S", "st": "Eleito"}, {"seq": "16", "n": "25444", "vap": "146", "pvap": "   2,00", "e": "N", "st": "Suplente"}, {"seq": "11", "n": "25222", "vap": "218", "pvap": "   2,98", "e": "N", "st": "Suplente"}, {"seq": "26", "n": "25000", "vap": "61", "pvap": "   0,83", "e": "N", "st": "Suplente"}, {"seq": "20", "n": "25888", "vap": "101", "pvap": "   1,38", "e": "N", "st": "Suplente"}, {"seq": "10", "n": "25678", "vap": "291", "pvap": "   3,98", "e": "N", "st": "Suplente"}, {"seq": "17", "n": "25777", "vap": "141", "pvap": "   1,93", "e": "N", "st": "Suplente"}, {"seq": "4", "n": "25123", "vap": "462", "pvap": "   6,32", "e": "S", "st": "Eleito"}, {"seq": "1", "n": "25789", "vap": "670", "pvap": "   9,16", "e": "S", "st": "Eleito"}, {"seq": "25", "n": "25126", "vap": "69", "pvap": "   0,94", "e": "N", "st": "Suplente"}, {"seq": "15", "n": "25999", "vap": "152", "pvap": "   2,08", "e": "N", "st": "Suplente"}, {"seq": "2", "n": "25607", "vap": "591", "pvap": "   8,08", "e": "S", "st": "Eleito"}, {"seq": "8", "n": "25333", "vap": "314", "pvap": "   4,29", "e": "S", "st": "Eleito"}, {"seq": "29", "n": "55333", "vap": "45", "pvap": "   0,62", "e": "N", "st": "Suplente"}, {"seq": "32", "n": "55999", "vap": "19", "pvap": "   0,26", "e": "N", "st": "Suplente"}, {"seq": "14", "n": "55555", "vap": "152", "pvap": "   2,08", "e": "N", "st": "Suplente"}, {"seq": "9", "n": "55123", "vap": "313", "pvap": "   4,28", "e": "S", "st": "Eleito"}, {"seq": "21", "n": "55777", "vap": "84", "pvap": "   1,15", "e": "N", "st": "Suplente"}, {"seq": "28", "n": "55789", "vap": "57", "pvap": "   0,78", "e": "N", "st": "Suplente"}, {"seq": "13", "n": "55000", "vap": "163", "pvap": "   2,23", "e": "N", "st": "Suplente"}, {"seq": "31", "n": "55155", "vap": "26", "pvap": "   0,36", "e": "N", "st": "Suplente"}, {"seq": "22", "n": "13123", "vap": "81", "pvap": "   1,11", "e": "N", "st": "Suplente"}, {"seq": "18", "n": "13333", "vap": "119", "pvap": "   1,63", "e": "N", "st": "Suplente"}, {"seq": "23", "n": "13777", "vap": "73", "pvap": "   1,00", "e": "N", "st": "Suplente"}, {"seq": "30", "n": "13400", "vap": "28", "pvap": "   0,38", "e": "N", "st": "Suplente"}, {"seq": "24", "n": "13111", "vap": "70", "pvap": "   0,96", "e": "N", "st": "Suplente"}, {"seq": "33", "n": "13555", "vap": "11", "pvap": "   0,15", "e": "N", "st": "Suplente"}, {"seq": "7", "n": "13789", "vap": "420", "pvap": "   5,74", "e": "S", "st": "Eleito"}, {"seq": "12", "n": "13456", "vap": "178", "pvap": "   2,43", "e": "N", "st": "Suplente"}, {"seq": "27", "n": "13713", "vap": "59", "pvap": "   0,81", "e": "N", "st": "Suplente"}, {"seq": "19", "n": "13222", "vap": "112", "pvap": "   1,53", "e": "N", "st": "Suplente"}, {"seq": "5", "n": "13000", "vap": "460", "pvap": "   6,29", "e": "S", "st": "Eleito"}, {"seq": "35", "n": "18000", "vap": "27", "pvap": "   0,37", "e": "N", "st": "N\u00e3o eleito"}, {"seq": "34", "n": "18888", "vap": "145", "pvap": "   1,98", "e": "N", "st": "N\u00e3o eleito"}]}, {"dt": "16/11/2020", "ht": "00:15:33", "tf": "S", "and": "F", "tpabr": "ZONA", "cdabr": "147", "s": "25", "st": "25", "snt": "0", "si": "25", "sni": "0", "sa": "25", "sna": "0", "pst": " 100,00", "psnt": "   0,00", "psi": " 100,00", "psni": "   0,00", "psa": " 100,00", "psna": "   0,00", "e": "9927", "ea": "9927", "ena": "0", "esi": "9927", "esni": "0", "a": "1961", "c": "7966", "pea": " 100,00", "pena": "   0,00", "pesi": " 100,00", "pesni": "   0,00", "pa": "  19,75", "pc": "  80,25", "vnom": "6797", "vscv": "0", "vl": "518", "tv": "7966", "vvc": "7315", "vb": "91", "tvn": "560", "vn": "560", "vnt": "0", "vp": "0", "vv": "7315", "van": "0", "vansj": "0", "pvnom": "  92,92", "pvl": "   7,08", "pvvc": "  91,83", "pvb": "   1,14", "ptvn": "   7,03", "pvn": " 100,00", "pvnt": "   0,00", "pvp": "   0,00", "pvv": " 100,00", "pvan": "   0,00", "pvansj": "   0,00", "cand": [{"seq": "10", "n": "25678", "vap": "291", "pvap": "   3,98", "e": "N", "st": "Suplente"}, {"seq": "16", "n": "25444", "vap": "146", "pvap": "   2,00", "e": "N", "st": "Suplente"}, {"seq": "26", "n": "25000", "vap": "61", "pvap": "   0,83", "e": "N", "st": "Suplente"}, {"seq": "4", "n": "25123", "vap": "462", "pvap": "   6,32", "e": "S", "st": "Eleito"}, {"seq": "2", "n": "25607", "vap": "591", "pvap": "   8,08", "e": "S", "st": "Eleito"}, {"seq": "1", "n": "25789", "vap": "670", "pvap": "   9,16", "e": "S", "st": "Eleito"}, {"seq": "11", "n": "25222", "vap": "218", "pvap": "   2,98", "e": "N", "st": "Suplente"}, {"seq": "20", "n": "25888", "vap": "101", "pvap": "   1,38", "e": "N", "st": "Suplente"}, {"seq": "25", "n": "25126", "vap": "69", "pvap": "   0,94", "e": "N", "st": "Suplente"}, {"seq": "3", "n": "25111", "vap": "489", "pvap": "   6,68", "e": "S", "st": "Eleito"}, {"seq": "15", "n": "25999", "vap": "152", "pvap": "   2,08", "e": "N", "st": "Suplente"}, {"seq": "17", "n": "25777", "vap": "141", "pvap": "   1,93", "e": "N", "st": "Suplente"}, {"seq": "8", "n": "25333", "vap": "314", "pvap": "   4,29", "e": "S", "st": "Eleito"}, {"seq": "6", "n": "25555", "vap": "450", "pvap": "   6,15", "e": "S", "st": "Eleito"}, {"seq": "27", "n": "13713", "vap": "59", "pvap": "   0,81", "e": "N", "st": "Suplente"}, {"seq": "18", "n": "13333", "vap": "119", "pvap": "   1,63", "e": "N", "st": "Suplente"}, {"seq": "22", "n": "13123", "vap": "81", "pvap": "   1,11", "e": "N", "st": "Suplente"}, {"seq": "23", "n": "13777", "vap": "73", "pvap": "   1,00", "e": "N", "st": "Suplente"}, {"seq": "19", "n": "13222", "vap": "112", "pvap": "   1,53", "e": "N", "st": "Suplente"}, {"seq": "7", "n": "13789", "vap": "420", "pvap": "   5,74", "e": "S", "st": "Eleito"}, {"seq": "5", "n": "13000", "vap": "460", "pvap": "   6,29", "e": "S", "st": "Eleito"}, {"seq": "24", "n": "13111", "vap": "70", "pvap": "   0,96", "e": "N", "st": "Suplente"}, {"seq": "33", "n": "13555", "vap": "11", "pvap": "   0,15", "e": "N", "st": "Suplente"}, {"seq": "12", "n": "13456", "vap": "178", "pvap": "   2,43", "e": "N", "st": "Suplente"}, {"seq": "30", "n": "13400", "vap": "28", "pvap": "   0,38", "e": "N", "st": "Suplente"}, {"seq": "34", "n": "18888", "vap": "145", "pvap": "   1,98", "e": "N", "st": "N\u00e3o eleito"}, {"seq": "35", "n": "18000", "vap": "27", "pvap": "   0,37", "e": "N", "st": "N\u00e3o eleito"}, {"seq": "13", "n": "55000", "vap": "163", "pvap": "   2,23", "e": "N", "st": "Suplente"}, {"seq": "14", "n": "55555", "vap": "152", "pvap": "   2,08", "e": "N", "st": "Suplente"}, {"seq": "32", "n": "55999", "vap": "19", "pvap": "   0,26", "e": "N", "st": "Suplente"}, {"seq": "9", "n": "55123", "vap": "313", "pvap": "   4,28", "e": "S", "st": "Eleito"}, {"seq": "28", "n": "55789", "vap": "57", "pvap": "   0,78", "e": "N", "st": "Suplente"}, {"seq": "31", "n": "55155", "vap": "26", "pvap": "   0,36", "e": "N", "st": "Suplente"}, {"seq": "21", "n": "55777", "vap": "84", "pvap": "   1,15", "e": "N", "st": "Suplente"}, {"seq": "29", "n": "55333", "vap": "45", "pvap": "   0,62", "e": "N", "st": "Suplente"}]}]}