{"ele": "426", "carper": "13", "t": "1", "f": "O", "esae": "N", "mnae": " ", "dg": "15/11/2020", "hg": "23:02:22", "dv": "S", "nadf": "ba33138-c0013-e000426-002-f", "abr": [{"dt": "15/11/2020", "ht": "22:49:07", "tf": "S", "and": "F", "tpabr": "MU", "cdabr": "33138", "s": "243", "st": "243", "snt": "0", "si": "243", "sni": "0", "sa": "243", "sna": "0", "pst": " 100,00", "psnt": "   0,00", "psi": " 100,00", "psni": "   0,00", "psa": " 100,00", "psna": "   0,00", "e": "106935", "ea": "106935", "ena": "0", "esi": "106935", "esni": "0", "c": "82869", "a": "24066", "pea": " 100,00", "pena": "   0,00", "pesi": " 100,00", "pesni": "   0,00", "pa": "  22,51", "pc": "  77,49", "vscv": "0", "vnom": "71997", "vl": "5067", "tv": "82869", "vvc": "77064", "vb": "2136", "tvn": "3669", "vn": "3669", "vnt": "0", "vp": "0", "vv": "77064", "van": "0", "vansj": "0", "pvnom": "  93,42", "pvl": "   6,58", "pvvc": "  92,99", "pvb": "   2,58", "ptvn": "   4,43", "pvn": " 100,00", "pvnt": "   0,00", "pvp": "   0,00", "pvv": " 100,00", "pvan": "   0,00", "pvansj": "   0,00", "colig": [{"n": "50000128780", "tvtn": "1323", "tvan": "1323", "vag": "0", "tvtl": "15", "tval": "15"}, {"n": "50000075676", "tvtn": "5080", "tvan": "5080", "vag": "1", "tvtl": "58", "tval": "58"}, {"n": "50000129002", "tvtn": "211", "tvan": "211", "vag": "0", "tvtl": "44", "tval": "44"}, {"n": "50000058043", "tvtn": "11758", "tvan": "11758", "vag": "4", "tvtl": "1778", "tval": "1778"}, {"n": "50000057251", "tvtn": "5233", "tvan": "5233", "vag": "1", "tvtl": "119", "tval": "119"}, {"n": "50000075349", "tvtn": "3238", "tvan": "3238", "vag": "1", "tvtl": "140", "tval": "140"}, {"n": "50000069279", "tvtn": "5303", "tvan": "5303", "vag": "1", "tvtl": "176", "tval": "176"}, {"n": "50000158692", "tvtn": "1504", "tvan": "1504", "vag": "0", "tvtl": "153", "tval": "153"}, {"n": "50000076950", "tvtn": "5522", "tvan": "5522", "vag": "2", "tvtl": "118", "tval": "118"}, {"n": "50000112554", "tvtn": "3398", "tvan": "3398", "vag": "1", "tvtl": "61", "tval": "61"}, {"n": "50000148415", "tvtn": "59", "tvan": "59", "vag": "0", "tvtl": "15", "tval": "15"}, {"n": "50000075159", "tvtn": "5164", "tvan": "5164", "vag": "2", "tvtl": "1045", "tval": "1045"}, {"n": "50000152805", "tvtn": "1062", "tvan": "1062", "vag": "0", "tvtl": "68", "tval": "68"}, {"n": "50000064737", "tvtn": "35", "tvan": "35", "vag": "0", "tvtl": "18", "tval": "18"}, {"n": "50000128807", "tvtn": "2704", "tvan": "2704", "vag": "0", "tvtl": "60", "tval": "60"}, {"n": "50000059591", "tvtn": "70", "tvan": "70", "vag": "0", "tvtl": "24", "tval": "24"}, {"n": "50000076990", "tvtn": "1258", "tvan": "1258", "vag": "0", "tvtl": "26", "tval": "26"}, {"n": "50000060992", "tvtn": "2621", "tvan": "2621", "vag": "0", "tvtl": "70", "tval": "70"}, {"n": "50000128577", "tvtn": "401", "tvan": "401", "vag": "0", "tvtl": "7", "tval": "7"}, {"n": "50000112284", "tvtn": "921", "tvan": "921", "vag": "0", "tvtl": "64", "tval": "64"}, {"n": "50000128824", "tvtn": "9062", "tvan": "9062", "vag": "3", "tvtl": "160", "tval": "160"}, {"n": "50000148239", "tvtn": "3891", "tvan": "3891", "vag": "1", "tvtl": "785", "tval": "785"}, {"n": "50000148217", "tvtn": "1815", "tvan": "1815", "vag": "0", "tvtl": "48", "tval": "48"}, {"n": "50000069246", "tvtn": "364", "tvan": "364", "vag": "0", "tvtl": "15", "tval": "15"}], "part": [{"n": "27", "tvtn": "1323", "tvan": "1323", "tvtl": "15", "tval": "15"}, {"n": "70", "tvtn": "5080", "tvan": "5080", "tvtl": "58", "tval": "58"}, {"n": "23", "tvtn": "211", "tvan": "211", "tvtl": "44", "tval": "44"}, {"n": "25", "tvtn": "11758", "tvan": "11758", "tvtl": "1778", "tval": "1778"}, {"n": "15", "tvtn": "5233", "tvan": "5233", "tvtl": "119", "tval": "119"}, {"n": "11", "tvtn": "3238", "tvan": "3238", "tvtl": "140", "tval": "140"}, {"n": "90", "tvtn": "5303", "tvan": "5303", "tvtl": "176", "tval": "176"}, {"n": "12", "tvtn": "1504", "tvan": "1504", "tvtl": "153", "tval": "153"}, {"n": "22", "tvtn": "5522", "tvan": "5522", "tvtl": "118", "tval": "118"}, {"n": "65", "tvtn": "3398", "tvan": "3398", "tvtl": "61", "tval": "61"}, {"n": "40", "tvtn": "59", "tvan": "59", "tvtl": "15", "tval": "15"}, {"n": "55", "tvtn": "5164", "tvan": "5164", "tvtl": "1045", "tval": "1045"}, {"n": "20", "tvtn": "1062", "tvan": "1062", "tvtl": "68", "tval": "68"}, {"n": "50", "tvtn": "35", "tvan": "35", "tvtl": "18", "tval": "18"}, {"n": "33", "tvtn": "2704", "tvan": "2704", "tvtl": "60", "tval": "60"}, {"n": "16", "tvtn": "70", "tvan": "70", "tvtl": "24", "tval": "24"}, {"n": "35", "tvtn": "1258", "tvan": "1258", "tvtl": "26", "tval": "26"}, {"n": "36", "tvtn": "2621", "tvan": "2621", "tvtl": "70", "tval": "70"}, {"n": "43", "tvtn": "401", "tvan": "401", "tvtl": "7", "tval": "7"}, {"n": "51", "tvtn": "921", "tvan": "921", "tvtl": "64", "tval": "64"}, {"n": "10", "tvtn": "9062", "tvan": "9062", "tvtl": "160", "tval": "160"}, {"n": "13", "tvtn": "3891", "tvan": "3891", "tvtl": "785", "tval": "785"}, {"n": "19", "tvtn": "1815", "tvan": "1815", "tvtl": "48", "tval": "48"}, {"n": "18", "tvtn": "364", "tvan": "364", "tvtl": "15", "tval": "15"}], "cand": [{"seq": "230", "n": "27123", "vap": "214", "pvap": "   0,28", "e": "N", "st": "N\u00e3o eleito"}, {"seq": "405", "n": "27765", "vap": "0", "pvap": "00.00", "e": "N", "st": "N\u00e3o eleito"}, {"seq": "366", "n": "27027", "vap": "15", "pvap": "   0,02", "e": "N", "st": "N\u00e3o eleito"}, {"seq": "258", "n": "27444", "vap": "105", "pvap": "   0,14", "e": "N", "st": "N\u00e3o eleito"}, {"seq": "262", "n": "27000", "vap": "94", "pvap": "   0,12", "e": "N", "st": "N\u00e3o eleito"}, {"seq": "287", "n": "27700", "vap": "65", "pvap": "   0,08", "e": "N", "st": "N\u00e3o eleito"}, {"seq": "350", "n": "27555", "vap": "22", "pvap": "   0,03", "e": "N", "st": "N\u00e3o eleito"}, {"seq": "224", "n": "27777", "vap": "290", "pvap": "   0,38", "e": "N", "st": "N\u00e3o eleito"}, {"seq": "383", "n": "27270", "vap": "7", "pvap": "   0,01", "e": "N", "st": "N\u00e3o eleito"}, {"seq": "337", "n": "27888", "vap": "25", "pvap": "   0,03", "e": "N", "st": "N\u00e3o eleito"}, {"seq": "392", "n": "27143", "vap": "4", "pvap": "   0,01", "e": "N", "st": "N\u00e3o eleito"}, {"seq": "314", "n": "27111", "vap": "40", "pvap": "   0,05", "e": "N", "st": "N\u00e3o eleito"}, {"seq": "292", "n": "27789", "vap": "60", "pvap": "   0,08", "e": "N", "st": "N\u00e3o eleito"}, {"seq": "358", "n": "27234", "vap": "18", "pvap": "   0,02", "e": "N", "st": "N\u00e3o eleito"}, {"seq": "310", "n": "27999", "vap": "45", "pvap": "   0,06", "e": "N", "st": "N\u00e3o eleito"}, {"seq": "369", "n": "27222", "vap": "14", "pvap": "   0,02", "e": "N", "st": "N\u00e3o eleito"}, {"seq": "251", "n": "27333", "vap": "119", "pvap": "   0,15", "e": "N", "st": "N\u00e3o eleito"}, {"seq": "254", "n": "27970", "vap": "114", "pvap": "   0,15", "e": "N", "st": "N\u00e3o eleito"}, {"seq": "324", "n": "27500", "vap": "32", "pvap": "   0,04", "e": "N", "st": "N\u00e3o eleito"}, {"seq": "407", "n": "27007", "vap": "0", "pvap": "00.00", "e": "N", "st": "N\u00e3o eleito"}, {"seq": "316", "n": "27321", "vap": "38", "pvap": "   0,05", "e": "N", "st": "N\u00e3o eleito"}, {"seq": "408", "n": "27246", "vap": "0", "pvap": "00.00", "e": "N", "st": "N\u00e3o eleito"}, {"seq": "398", "n": "27772", "vap": "2", "pvap": "   0,00", "e": "N", "st": "N\u00e3o eleito"}, {"seq": "80", "n": "70777", "vap": "233", "pvap": "   0,30", "e": "N", "st": "Suplente"}, {"seq": "22", "n": "70999", "vap": "798", "pvap": "   1,04", "e": "N", "st": "Suplente"}, {"seq": "153", "n": "70500", "vap": "42", "pvap": "   0,05", "e": "N", "st": "Suplente"}, {"seq": "170", "n": "70007", "vap": "29", "pvap": "   0,04", "e": "N", "st": "Suplente"}, {"seq": "209", "n": "70122", "vap": "11", "pvap": "   0,01", "e": "N", "st": "Suplente"}, {"seq": "46", "n": "70800", "vap": "376", "pvap": "   0,49", "e": "N", "st": "Suplente"}, {"seq": "129", "n": "70888", "vap": "69", "pvap": "   0,09", "e": "N", "st": "Suplente"}, {"seq": "10", "n": "70000", "vap": "1049", "pvap": "   1,36", "e": "S", "st": "Eleito"}, {"seq": "39", "n": "70444", "vap": "435", "pvap": "   0,56", "e": "N", "st": "Suplente"}, {"seq": "26", "n": "70200", "vap": "674", "pvap": "   0,87", "e": "N", "st": "Suplente"}, {"seq": "69", "n": "70555", "vap": "259", "pvap": "   0,34", "e": "N", "st": "Suplente"}, {"seq": "135", "n": "70666", "vap": "60", "pvap": "   0,08", "e": "N", "st": "Suplente"}, {"seq": "52", "n": "70100", "vap": "354", "pvap": "   0,46", "e": "N", "st": "Suplente"}, {"seq": "73", "n": "70111", "vap": "248", "pvap": "   0,32", "e": "N", "st": "Suplente"}, {"seq": "200", "n": "70023", "vap": "14", "pvap": "   0,02", "e": "N", "st": "Suplente"}, {"seq": "191", "n": "70001", "vap": "19", "pvap": "   0,02", "e": "N", "st": "Suplente"}, {"seq": "141", "n": "70838", "vap": "51", "pvap": "   0,07", "e": "N", "st": "Suplente"}, {"seq": "78", "n": "70789", "vap": "238", "pvap": "   0,31", "e": "N", "st": "Suplente"}, {"seq": "133", "n": "70123", "vap": "63", "pvap": "   0,08", "e": "N", "st": "Suplente"}, {"seq": "136", "n": "70456", "vap": "58", "pvap": "   0,08", "e": "N", "st": "Suplente"}, {"seq": "232", "n": "23456", "vap": "208", "pvap": "   0,27", "e": "N", "st": "N\u00e3o eleito"}, {"seq": "396", "n": "23123", "vap": "3", "pvap": "   0,00", "e": "N", "st": "N\u00e3o eleito"}, {"seq": "30", "n": "25555", "vap": "620", "pvap": "   0,80", "e": "N", "st": "Suplente"}, {"seq": "61", "n": "25222", "vap": "303", "pvap": "   0,39", "e": "N", "st": "Suplente"}, {"seq": "169", "n": "25567", "vap": "29", "pvap": "   0,04", "e": "N", "st": "Suplente"}, {"seq": "20", "n": "25000", "vap": "887", "pvap": "   1,15", "e": "N", "st": "Suplente"}, {"seq": "131", "n": "25111", "vap": "66", "pvap": "   0,09", "e": "N", "st": "Suplente"}, {"seq": "208", "n": "25474", "vap": "11", "pvap": "   0,01", "e": "N", "st": "Suplente"}, {"seq": "11", "n": "25888", "vap": "1030", "pvap": "   1,34", "e": "S", "st": "Eleito"}, {"seq": "59", "n": "25500", "vap": "321", "pvap": "   0,42", "e": "N", "st": "Suplente"}, {"seq": "3", "n": "25777", "vap": "1526", "pvap": "   1,98", "e": "S", "st": "Eleito"}, {"seq": "7", "n": "25123", "vap": "1359", "pvap": "   1,76", "e": "S", "st": "Eleito"}, {"seq": "98", "n": "25333", "vap": "153", "pvap": "   0,20", "e": "N", "st": "Suplente"}, {"seq": "117", "n": "25999", "vap": "90", "pvap": "   0,12", "e": "N", "st": "Suplente"}, {"seq": "83", "n": "25110", "vap": "222", "pvap": "   0,29", "e": "N", "st": "Suplente"}, {"seq": "77", "n": "25142", "vap": "239", "pvap": "   0,31", "e": "N", "st": "Suplente"}, {"seq": "23", "n": "25800", "vap": "758", "pvap": "   0,98", "e": "N", "st": "Suplente"}, {"seq": "36", "n": "25456", "vap": "501", "pvap": "   0,65", "e": "N", "st": "Suplente"}, {"seq": "32", "n": "25678", "vap": "571", "pvap": "   0,74", "e": "N", "st": "Suplente"}, {"seq": "34", "n": "25190", "vap": "553", "pvap": "   0,72", "e": "N", "st": "Suplente"}, {"seq": "19", "n": "25444", "vap": "904", "pvap": "   1,17", "e": "N", "st": "Suplente"}, {"seq": "68", "n": "25251", "vap": "259", "pvap": "   0,34", "e": "N", "st": "Suplente"}, {"seq": "13", "n": "25025", "vap": "953", "pvap": "   1,24", "e": "S", "st": "Eleito"}, {"seq": "167", "n": "25666", "vap": "30", "pvap": "   0,04", "e": "N", "st": "Suplente"}, {"seq": "121", "n": "25125", "vap": "80", "pvap": "   0,10", "e": "N", "st": "Suplente"}, {"seq": "194", "n": "25200", "vap": "18", "pvap": "   0,02", "e": "N", "st": "Suplente"}, {"seq": "79", "n": "25150", "vap": "238", "pvap": "   0,31", "e": "N", "st": "Suplente"}, {"seq": "163", "n": "25180", "vap": "37", "pvap": "   0,05", "e": "N", "st": "Suplente"}, {"seq": "137", "n": "15888", "vap": "58", "pvap": "   0,08", "e": "N", "st": "Suplente"}, {"seq": "14", "n": "15555", "vap": "941", "pvap": "   1,22", "e": "S", "st": "Eleito"}, {"seq": "51", "n": "15666", "vap": "361", "pvap": "   0,47", "e": "N", "st": "Suplente"}, {"seq": "75", "n": "15151", "vap": "248", "pvap": "   0,32", "e": "N", "st": "Suplente"}, {"seq": "115", "n": "15222", "vap": "97", "pvap": "   0,13", "e": "N", "st": "Suplente"}, {"seq": "58", "n": "15678", "vap": "328", "pvap": "   0,43", "e": "N", "st": "Suplente"}, {"seq": "128", "n": "15777", "vap": "71", "pvap": "   0,09", "e": "N", "st": "Suplente"}, {"seq": "134", "n": "15999", "vap": "61", "pvap": "   0,08", "e": "N", "st": "Suplente"}, {"seq": "150", "n": "15158", "vap": "43", "pvap": "   0,06", "e": "N", "st": "Suplente"}, {"seq": "49", "n": "15200", "vap": "369", "pvap": "   0,48", "e": "N", "st": "Suplente"}, {"seq": "114", "n": "15677", "vap": "99", "pvap": "   0,13", "e": "N", "st": "Suplente"}, {"seq": "146", "n": "15111", "vap": "45", "pvap": "   0,06", "e": "N", "st": "Suplente"}, {"seq": "102", "n": "15333", "vap": "131", "pvap": "   0,17", "e": "N", "st": "Suplente"}, {"seq": "193", "n": "15550", "vap": "18", "pvap": "   0,02", "e": "N", "st": "Suplente"}, {"seq": "122", "n": "15342", "vap": "79", "pvap": "   0,10", "e": "N", "st": "Suplente"}, {"seq": "65", "n": "15321", "vap": "278", "pvap": "   0,36", "e": "N", "st": "Suplente"}, {"seq": "173", "n": "15644", "vap": "27", "pvap": "   0,04", "e": "N", "st": "Suplente"}, {"seq": "60", "n": "15789", "vap": "316", "pvap": "   0,41", "e": "N", "st": "Suplente"}, {"seq": "43", "n": "15123", "vap": "405", "pvap": "   0,53", "e": "N", "st": "Suplente"}, {"seq": "127", "n": "15380", "vap": "73", "pvap": "   0,09", "e": "N", "st": "Suplente"}, {"seq": "63", "n": "15444", "vap": "284", "pvap": "   0,37", "e": "N", "st": "Suplente"}, {"seq": "164", "n": "15015", "vap": "34", "pvap": "   0,04", "e": "N", "st": "Suplente"}, {"seq": "88", "n": "15500", "vap": "213", "pvap": "   0,28", "e": "N", "st": "Suplente"}, {"seq": "99", "n": "15159", "vap": "146", "pvap": "   0,19", "e": "N", "st": "Suplente"}, {"seq": "177", "n": "15680", "vap": "25", "pvap": "   0,03", "e": "N", "st": "Suplente"}, {"seq": "38", "n": "15000", "vap": "483", "pvap": "   0,63", "e": "N", "st": "Suplente"}, {"seq": "159", "n": "11038", "vap": "38", "pvap": "   0,05", "e": "N", "st": "Suplente"}, {"seq": "56", "n": "11444", "vap": "337", "pvap": "   0,44", "e": "N", "st": "Suplente"}, {"seq": "86", "n": "11500", "vap": "217", "pvap": "   0,28", "e": "N", "st": "Suplente"}, {"seq": "82", "n": "11122", "vap": "224", "pvap": "   0,29", "e": "N", "st": "Suplente"}, {"seq": "185", "n": "11123", "vap": "21", "pvap": "   0,03", "e": "N", "st": "Suplente"}, {"seq": "28", "n": "11111", "vap": "644", "pvap": "   0,84", "e": "N", "st": "Suplente"}, {"seq": "110", "n": "11031", "vap": "110", "pvap": "   0,14", "e": "N", "st": "Suplente"}, {"seq": "100", "n": "11800", "vap": "138", "pvap": "   0,18", "e": "N", "st": "Suplente"}, {"seq": "15", "n": "11234", "vap": "850", "pvap": "   1,10", "e": "S", "st": "Eleito"}, {"seq": "91", "n": "11333", "vap": "192", "pvap": "   0,25", "e": "N", "st": "Suplente"}, {"seq": "192", "n": "11153", "vap": "19", "pvap": "   0,02", "e": "N", "st": "Suplente"}, {"seq": "187", "n": "11900", "vap": "20", "pvap": "   0,03", "e": "N", "st": "Suplente"}, {"seq": "182", "n": "11190", "vap": "22", "pvap": "   0,03", "e": "N", "st": "Suplente"}, {"seq": "103", "n": "11300", "vap": "129", "pvap": "   0,17", "e": "N", "st": "Suplente"}, {"seq": "93", "n": "11033", "vap": "184", "pvap": "   0,24", "e": "N", "st": "Suplente"}, {"seq": "172", "n": "11222", "vap": "28", "pvap": "   0,04", "e": "N", "st": "Suplente"}, {"seq": "158", "n": "11000", "vap": "38", "pvap": "   0,05", "e": "N", "st": "Suplente"}, {"seq": "174", "n": "11777", "vap": "27", "pvap": "   0,04", "e": "N", "st": "Suplente"}, {"seq": "148", "n": "90888", "vap": "45", "pvap": "   0,06", "e": "N", "st": "Suplente"}, {"seq": "1", "n": "90190", "vap": "2068", "pvap": "   2,68", "e": "S", "st": "Eleito"}, {"seq": "112", "n": "90170", "vap": "102", "pvap": "   0,13", "e": "N", "st": "Suplente"}, {"seq": "101", "n": "90111", "vap": "136", "pvap": "   0,18", "e": "N", "st": "Suplente"}, {"seq": "67", "n": "90123", "vap": "269", "pvap": "   0,35", "e": "N", "st": "Suplente"}, {"seq": "210", "n": "90568", "vap": "10", "pvap": "   0,01", "e": "N", "st": "Suplente"}, {"seq": "37", "n": "90007", "vap": "487", "pvap": "   0,63", "e": "N", "st": "Suplente"}, {"seq": "45", "n": "90333", "vap": "389", "pvap": "   0,50", "e": "N", "st": "Suplente"}, {"seq": "176", "n": "90222", "vap": "26", "pvap": "   0,03", "e": "N", "st": "Suplente"}, {"seq": "50", "n": "90456", "vap": "365", "pvap": "   0,47", "e": "N", "st": "Suplente"}, {"seq": "70", "n": "90777", "vap": "258", "pvap": "   0,33", "e": "N", "st": "Suplente"}, {"seq": "95", "n": "90128", "vap": "172", "pvap": "   0,22", "e": "N", "st": "Suplente"}, {"seq": "113", "n": "90090", "vap": "100", "pvap": "   0,13", "e": "N", "st": "Suplente"}, {"seq": "40", "n": "90907", "vap": "416", "pvap": "   0,54", "e": "N", "st": "Suplente"}, {"seq": "47", "n": "90000", "vap": "376", "pvap": "   0,49", "e": "N", "st": "Suplente"}, {"seq": "149", "n": "90180", "vap": "45", "pvap": "   0,06", "e": "N", "st": "Suplente"}, {"seq": "154", "n": "90321", "vap": "39", "pvap": "   0,05", "e": "N", "st": "Suplente"}, {"seq": "228", "n": "12111", "vap": "233", "pvap": "   0,30", "e": "N", "st": "N\u00e3o eleito"}, {"seq": "226", "n": "12345", "vap": "257", "pvap": "   0,33", "e": "N", "st": "N\u00e3o eleito"}, {"seq": "281", "n": "12127", "vap": "70", "pvap": "   0,09", "e": "N", "st": "N\u00e3o eleito"}, {"seq": "402", "n": "12400", "vap": "0", "pvap": "00.00", "e": "N", "st": "N\u00e3o eleito"}, {"seq": "344", "n": "12500", "vap": "23", "pvap": "   0,03", "e": "N", "st": "N\u00e3o eleito"}, {"seq": "245", "n": "12053", "vap": "144", "pvap": "   0,19", "e": "N", "st": "N\u00e3o eleito"}, {"seq": "334", "n": "12333", "vap": "27", "pvap": "   0,04", "e": "N", "st": "N\u00e3o eleito"}, {"seq": "282", "n": "12777", "vap": "69", "pvap": "   0,09", "e": "N", "st": "N\u00e3o eleito"}, {"seq": "293", "n": "12911", "vap": "60", "pvap": "   0,08", "e": "N", "st": "N\u00e3o eleito"}, {"seq": "385", "n": "12013", "vap": "7", "pvap": "   0,01", "e": "N", "st": "N\u00e3o eleito"}, {"seq": "234", "n": "12012", "vap": "199", "pvap": "   0,26", "e": "N", "st": "N\u00e3o eleito"}, {"seq": "236", "n": "12123", "vap": "181", "pvap": "   0,23", "e": "N", "st": "N\u00e3o eleito"}, {"seq": "244", "n": "12223", "vap": "146", "pvap": "   0,19", "e": "N", "st": "N\u00e3o eleito"}, {"seq": "299", "n": "12001", "vap": "54", "pvap": "   0,07", "e": "N", "st": "N\u00e3o eleito"}, {"seq": "320", "n": "12666", "vap": "34", "pvap": "   0,04", "e": "N", "st": "N\u00e3o eleito"}, {"seq": "104", "n": "22113", "vap": "128", "pvap": "   0,17", "e": "N", "st": "Suplente"}, {"seq": "203", "n": "22500", "vap": "13", "pvap": "   0,02", "e": "N", "st": "Suplente"}, {"seq": "72", "n": "22666", "vap": "251", "pvap": "   0,33", "e": "N", "st": "Suplente"}, {"seq": "217", "n": "22700", "vap": "1", "pvap": "   0,00", "e": "N", "st": "Suplente"}, {"seq": "144", "n": "22922", "vap": "47", "pvap": "   0,06", "e": "N", "st": "Suplente"}, {"seq": "218", "n": "22100", "vap": "0", "pvap": "00.00", "e": "N", "st": "Suplente"}, {"seq": "85", "n": "22333", "vap": "220", "pvap": "   0,29", "e": "N", "st": "Suplente"}, {"seq": "17", "n": "22999", "vap": "782", "pvap": "   1,01", "e": "S", "st": "Eleito"}, {"seq": "62", "n": "22123", "vap": "285", "pvap": "   0,37", "e": "N", "st": "Suplente"}, {"seq": "31", "n": "22222", "vap": "584", "pvap": "   0,76", "e": "N", "st": "Suplente"}, {"seq": "66", "n": "22111", "vap": "274", "pvap": "   0,36", "e": "N", "st": "Suplente"}, {"seq": "171", "n": "22051", "vap": "28", "pvap": "   0,04", "e": "N", "st": "Suplente"}, {"seq": "120", "n": "22133", "vap": "80", "pvap": "   0,10", "e": "N", "st": "Suplente"}, {"seq": "142", "n": "22612", "vap": "49", "pvap": "   0,06", "e": "N", "st": "Suplente"}, {"seq": "27", "n": "22345", "vap": "648", "pvap": "   0,84", "e": "N", "st": "Suplente"}, {"seq": "138", "n": "22219", "vap": "57", "pvap": "   0,07", "e": "N", "st": "Suplente"}, {"seq": "87", "n": "22800", "vap": "215", "pvap": "   0,28", "e": "N", "st": "Suplente"}, {"seq": "168", "n": "22789", "vap": "29", "pvap": "   0,04", "e": "N", "st": "Suplente"}, {"seq": "107", "n": "22555", "vap": "119", "pvap": "   0,15", "e": "N", "st": "Suplente"}, {"seq": "207", "n": "22233", "vap": "12", "pvap": "   0,02", "e": "N", "st": "Suplente"}, {"seq": "71", "n": "22000", "vap": "254", "pvap": "   0,33", "e": "N", "st": "Suplente"}, {"seq": "94", "n": "22777", "vap": "178", "pvap": "   0,23", "e": "N", "st": "Suplente"}, {"seq": "8", "n": "22369", "vap": "1225", "pvap": "   1,59", "e": "S", "st": "Eleito"}, {"seq": "151", "n": "22444", "vap": "43", "pvap": "   0,06", "e": "N", "st": "Suplente"}, {"seq": "183", "n": "65111", "vap": "21", "pvap": "   0,03", "e": "N", "st": "Suplente"}, {"seq": "180", "n": "65147", "vap": "23", "pvap": "   0,03", "e": "N", "st": "Suplente"}, {"seq": "199", "n": "65777", "vap": "16", "pvap": "   0,02", "e": "N", "st": "Suplente"}, {"seq": "57", "n": "65654", "vap": "333", "pvap": "   0,43", "e": "N", "st": "Suplente"}, {"seq": "89", "n": "65137", "vap": "195", "pvap": "   0,25", "e": "N", "st": "Suplente"}, {"seq": "125", "n": "65065", "vap": "75", "pvap": "   0,10", "e": "N", "st": "Suplente"}, {"seq": "41", "n": "65333", "vap": "411", "pvap": "   0,53", "e": "N", "st": "Suplente"}, {"seq": "126", "n": "65789", "vap": "75", "pvap": "   0,10", "e": "N", "st": "Suplente"}, {"seq": "35", "n": "65555", "vap": "513", "pvap": "   0,67", "e": "N", "st": "Suplente"}, {"seq": "205", "n": "65612", "vap": "13", "pvap": "   0,02", "e": "N", "st": "Suplente"}, {"seq": "12", "n": "65050", "vap": "1025", "pvap": "   1,33", "e": "S", "st": "Eleito"}, {"seq": "147", "n": "65244", "vap": "45", "pvap": "   0,06", "e": "N", "st": "Suplente"}, {"seq": "178", "n": "65190", "vap": "24", "pvap": "   0,03", "e": "N", "st": "Suplente"}, {"seq": "204", "n": "65291", "vap": "13", "pvap": "   0,02", "e": "N", "st": "Suplente"}, {"seq": "48", "n": "65611", "vap": "373", "pvap": "   0,48", "e": "N", "st": "Suplente"}, {"seq": "108", "n": "65500", "vap": "118", "pvap": "   0,15", "e": "N", "st": "Suplente"}, {"seq": "132", "n": "65123", "vap": "64", "pvap": "   0,08", "e": "N", "st": "Suplente"}, {"seq": "152", "n": "65222", "vap": "43", "pvap": "   0,06", "e": "N", "st": "Suplente"}, {"seq": "195", "n": "65029", "vap": "18", "pvap": "   0,02", "e": "N", "st": "Suplente"}, {"seq": "393", "n": "40123", "vap": "3", "pvap": "   0,00", "e": "N", "st": "N\u00e3o eleito"}, {"seq": "295", "n": "40000", "vap": "56", "pvap": "   0,07", "e": "N", "st": "N\u00e3o eleito"}, {"seq": "2", "n": "55555", "vap": "2056", "pvap": "   2,67", "e": "S", "st": "Eleito"}, {"seq": "165", "n": "55444", "vap": "30", "pvap": "   0,04", "e": "N", "st": "Suplente"}, {"seq": "189", "n": "55129", "vap": "19", "pvap": "   0,02", "e": "N", "st": "Suplente"}, {"seq": "184", "n": "55135", "vap": "21", "pvap": "   0,03", "e": "N", "st": "Suplente"}, {"seq": "44", "n": "55222", "vap": "394", "pvap": "   0,51", "e": "N", "st": "Suplente"}, {"seq": "143", "n": "55421", "vap": "49", "pvap": "   0,06", "e": "N", "st": "Suplente"}, {"seq": "196", "n": "55003", "vap": "17", "pvap": "   0,02", "e": "N", "st": "Suplente"}, {"seq": "160", "n": "55456", "vap": "37", "pvap": "   0,05", "e": "N", "st": "Suplente"}, {"seq": "5", "n": "55777", "vap": "1406", "pvap": "   1,82", "e": "S", "st": "Eleito"}, {"seq": "97", "n": "55123", "vap": "167", "pvap": "   0,22", "e": "N", "st": "Suplente"}, {"seq": "214", "n": "55037", "vap": "5", "pvap": "   0,01", "e": "N", "st": "Suplente"}, {"seq": "186", "n": "55130", "vap": "20", "pvap": "   0,03", "e": "N", "st": "Suplente"}, {"seq": "64", "n": "55333", "vap": "282", "pvap": "   0,37", "e": "N", "st": "Suplente"}, {"seq": "90", "n": "55800", "vap": "195", "pvap": "   0,25", "e": "N", "st": "Suplente"}, {"seq": "54", "n": "55192", "vap": "351", "pvap": "   0,46", "e": "N", "st": "Suplente"}, {"seq": "109", "n": "55888", "vap": "115", "pvap": "   0,15", "e": "N", "st": "Suplente"}, {"seq": "354", "n": "20888", "vap": "21", "pvap": "   0,03", "e": "N", "st": "N\u00e3o eleito"}, {"seq": "303", "n": "20456", "vap": "51", "pvap": "   0,07", "e": "N", "st": "N\u00e3o eleito"}, {"seq": "306", "n": "20221", "vap": "48", "pvap": "   0,06", "e": "N", "st": "N\u00e3o eleito"}, {"seq": "238", "n": "20123", "vap": "174", "pvap": "   0,23", "e": "N", "st": "N\u00e3o eleito"}, {"seq": "313", "n": "20200", "vap": "42", "pvap": "   0,05", "e": "N", "st": "N\u00e3o eleito"}, {"seq": "263", "n": "20999", "vap": "92", "pvap": "   0,12", "e": "N", "st": "N\u00e3o eleito"}, {"seq": "374", "n": "20800", "vap": "10", "pvap": "   0,01", "e": "N", "st": "N\u00e3o eleito"}, {"seq": "289", "n": "20120", "vap": "62", "pvap": "   0,08", "e": "N", "st": "N\u00e3o eleito"}, {"seq": "249", "n": "20300", "vap": "122", "pvap": "   0,16", "e": "N", "st": "N\u00e3o eleito"}, {"seq": "338", "n": "20333", "vap": "25", "pvap": "   0,03", "e": "N", "st": "N\u00e3o eleito"}, {"seq": "268", "n": "20222", "vap": "86", "pvap": "   0,11", "e": "N", "st": "N\u00e3o eleito"}, {"seq": "333", "n": "20007", "vap": "27", "pvap": "   0,04", "e": "N", "st": "N\u00e3o eleito"}, {"seq": "257", "n": "20020", "vap": "106", "pvap": "   0,14", "e": "N", "st": "N\u00e3o eleito"}, {"seq": "304", "n": "20600", "vap": "50", "pvap": "   0,06", "e": "N", "st": "N\u00e3o eleito"}, {"seq": "246", "n": "20133", "vap": "139", "pvap": "   0,18", "e": "N", "st": "N\u00e3o eleito"}, {"seq": "382", "n": "20555", "vap": "7", "pvap": "   0,01", "e": "N", "st": "N\u00e3o eleito"}, {"seq": "329", "n": "50555", "vap": "29", "pvap": "   0,04", "e": "N", "st": "N\u00e3o eleito"}, {"seq": "388", "n": "50123", "vap": "6", "pvap": "   0,01", "e": "N", "st": "N\u00e3o eleito"}, {"seq": "227", "n": "33777", "vap": "242", "pvap": "   0,31", "e": "N", "st": "N\u00e3o eleito"}, {"seq": "220", "n": "33123", "vap": "807", "pvap": "   1,05", "e": "N", "st": "N\u00e3o eleito"}, {"seq": "389", "n": "33001", "vap": "5", "pvap": "   0,01", "e": "N", "st": "N\u00e3o eleito"}, {"seq": "243", "n": "33555", "vap": "146", "pvap": "   0,19", "e": "N", "st": "N\u00e3o eleito"}, {"seq": "284", "n": "33999", "vap": "68", "pvap": "   0,09", "e": "N", "st": "N\u00e3o eleito"}, {"seq": "247", "n": "33444", "vap": "131", "pvap": "   0,17", "e": "N", "st": "N\u00e3o eleito"}, {"seq": "222", "n": "33000", "vap": "312", "pvap": "   0,40", "e": "N", "st": "N\u00e3o eleito"}, {"seq": "359", "n": "33993", "vap": "17", "pvap": "   0,02", "e": "N", "st": "N\u00e3o eleito"}, {"seq": "326", "n": "33100", "vap": "31", "pvap": "   0,04", "e": "N", "st": "N\u00e3o eleito"}, {"seq": "240", "n": "33333", "vap": "162", "pvap": "   0,21", "e": "N", "st": "N\u00e3o eleito"}, {"seq": "250", "n": "33456", "vap": "120", "pvap": "   0,16", "e": "N", "st": "N\u00e3o eleito"}, {"seq": "297", "n": "33253", "vap": "55", "pvap": "   0,07", "e": "N", "st": "N\u00e3o eleito"}, {"seq": "229", "n": "33234", "vap": "222", "pvap": "   0,29", "e": "N", "st": "N\u00e3o eleito"}, {"seq": "308", "n": "33313", "vap": "47", "pvap": "   0,06", "e": "N", "st": "N\u00e3o eleito"}, {"seq": "322", "n": "33323", "vap": "34", "pvap": "   0,04", "e": "N", "st": "N\u00e3o eleito"}, {"seq": "381", "n": "33033", "vap": "9", "pvap": "   0,01", "e": "N", "st": "N\u00e3o eleito"}, {"seq": "312", "n": "33645", "vap": "42", "pvap": "   0,05", "e": "N", "st": "N\u00e3o eleito"}, {"seq": "335", "n": "33888", "vap": "27", "pvap": "   0,04", "e": "N", "st": "N\u00e3o eleito"}, {"seq": "253", "n": "33111", "vap": "115", "pvap": "   0,15", "e": "N", "st": "N\u00e3o eleito"}, {"seq": "270", "n": "33338", "vap": "81", "pvap": "   0,11", "e": "N", "st": "N\u00e3o eleito"}, {"seq": "380", "n": "33222", "vap": "9", "pvap": "   0,01", "e": "N", "st": "N\u00e3o eleito"}, {"seq": "351", "n": "33122", "vap": "22", "pvap": "   0,03", "e": "N", "st": "N\u00e3o eleito"}, {"seq": "280", "n": "16000", "vap": "70", "pvap": "   0,09", "e": "N", "st": "N\u00e3o eleito"}, {"seq": "237", "n": "35777", "vap": "178", "pvap": "   0,23", "e": "N", "st": "N\u00e3o eleito"}, {"seq": "223", "n": "35100", "vap": "306", "pvap": "   0,40", "e": "N", "st": "N\u00e3o eleito"}, {"seq": "371", "n": "35101", "vap": "14", "pvap": "   0,02", "e": "N", "st": "N\u00e3o eleito"}, {"seq": "307", "n": "35456", "vap": "47", "pvap": "   0,06", "e": "N", "st": "N\u00e3o eleito"}, {"seq": "300", "n": "35222", "vap": "53", "pvap": "   0,07", "e": "N", "st": "N\u00e3o eleito"}, {"seq": "332", "n": "35800", "vap": "28", "pvap": "   0,04", "e": "N", "st": "N\u00e3o eleito"}, {"seq": "348", "n": "35111", "vap": "23", "pvap": "   0,03", "e": "N", "st": "N\u00e3o eleito"}, {"seq": "341", "n": "35001", "vap": "24", "pvap": "   0,03", "e": "N", "st": "N\u00e3o eleito"}, {"seq": "349", "n": "35345", "vap": "22", "pvap": "   0,03", "e": "N", "st": "N\u00e3o eleito"}, {"seq": "283", "n": "35999", "vap": "68", "pvap": "   0,09", "e": "N", "st": "N\u00e3o eleito"}, {"seq": "347", "n": "35333", "vap": "23", "pvap": "   0,03", "e": "N", "st": "N\u00e3o eleito"}, {"seq": "276", "n": "35501", "vap": "72", "pvap": "   0,09", "e": "N", "st": "N\u00e3o eleito"}, {"seq": "372", "n": "35444", "vap": "14", "pvap": "   0,02", "e": "N", "st": "N\u00e3o eleito"}, {"seq": "315", "n": "35000", "vap": "40", "pvap": "   0,05", "e": "N", "st": "N\u00e3o eleito"}, {"seq": "256", "n": "35888", "vap": "110", "pvap": "   0,14", "e": "N", "st": "N\u00e3o eleito"}, {"seq": "274", "n": "35300", "vap": "78", "pvap": "   0,10", "e": "N", "st": "N\u00e3o eleito"}, {"seq": "363", "n": "35140", "vap": "17", "pvap": "   0,02", "e": "N", "st": "N\u00e3o eleito"}, {"seq": "288", "n": "35007", "vap": "64", "pvap": "   0,08", "e": "N", "st": "N\u00e3o eleito"}, {"seq": "391", "n": "35555", "vap": "4", "pvap": "   0,01", "e": "N", "st": "N\u00e3o eleito"}, {"seq": "296", "n": "35123", "vap": "56", "pvap": "   0,07", "e": "N", "st": "N\u00e3o eleito"}, {"seq": "361", "n": "35500", "vap": "17", "pvap": "   0,02", "e": "N", "st": "N\u00e3o eleito"}, {"seq": "394", "n": "36999", "vap": "3", "pvap": "   0,00", "e": "N", "st": "N\u00e3o eleito"}, {"seq": "252", "n": "36777", "vap": "116", "pvap": "   0,15", "e": "N", "st": "N\u00e3o eleito"}, {"seq": "309", "n": "36036", "vap": "46", "pvap": "   0,06", "e": "N", "st": "N\u00e3o eleito"}, {"seq": "219", "n": "36234", "vap": "1291", "pvap": "   1,68", "e": "N", "st": "N\u00e3o eleito"}, {"seq": "231", "n": "36321", "vap": "211", "pvap": "   0,27", "e": "N", "st": "N\u00e3o eleito"}, {"seq": "397", "n": "36543", "vap": "2", "pvap": "   0,00", "e": "N", "st": "N\u00e3o eleito"}, {"seq": "318", "n": "36477", "vap": "35", "pvap": "   0,05", "e": "N", "st": "N\u00e3o eleito"}, {"seq": "248", "n": "36133", "vap": "128", "pvap": "   0,17", "e": "N", "st": "N\u00e3o eleito"}, {"seq": "271", "n": "36333", "vap": "80", "pvap": "   0,10", "e": "N", "st": "N\u00e3o eleito"}, {"seq": "278", "n": "36789", "vap": "72", "pvap": "   0,09", "e": "N", "st": "N\u00e3o eleito"}, {"seq": "336", "n": "36369", "vap": "26", "pvap": "   0,03", "e": "N", "st": "N\u00e3o eleito"}, {"seq": "379", "n": "36888", "vap": "9", "pvap": "   0,01", "e": "N", "st": "N\u00e3o eleito"}, {"seq": "302", "n": "36123", "vap": "51", "pvap": "   0,07", "e": "N", "st": "N\u00e3o eleito"}, {"seq": "301", "n": "36222", "vap": "52", "pvap": "   0,07", "e": "N", "st": "N\u00e3o eleito"}, {"seq": "403", "n": "36654", "vap": "0", "pvap": "00.00", "e": "N", "st": "N\u00e3o eleito"}, {"seq": "367", "n": "36765", "vap": "15", "pvap": "   0,02", "e": "N", "st": "N\u00e3o eleito"}, {"seq": "233", "n": "36456", "vap": "205", "pvap": "   0,27", "e": "N", "st": "N\u00e3o eleito"}, {"seq": "357", "n": "36190", "vap": "19", "pvap": "   0,02", "e": "N", "st": "N\u00e3o eleito"}, {"seq": "255", "n": "36100", "vap": "114", "pvap": "   0,15", "e": "N", "st": "N\u00e3o eleito"}, {"seq": "340", "n": "36111", "vap": "25", "pvap": "   0,03", "e": "N", "st": "N\u00e3o eleito"}, {"seq": "390", "n": "36557", "vap": "5", "pvap": "   0,01", "e": "N", "st": "N\u00e3o eleito"}, {"seq": "339", "n": "36146", "vap": "25", "pvap": "   0,03", "e": "N", "st": "N\u00e3o eleito"}, {"seq": "265", "n": "36444", "vap": "91", "pvap": "   0,12", "e": "N", "st": "N\u00e3o eleito"}, {"seq": "330", "n": "43456", "vap": "29", "pvap": "   0,04", "e": "N", "st": "N\u00e3o eleito"}, {"seq": "353", "n": "43019", "vap": "22", "pvap": "   0,03", "e": "N", "st": "N\u00e3o eleito"}, {"seq": "355", "n": "43123", "vap": "21", "pvap": "   0,03", "e": "N", "st": "N\u00e3o eleito"}, {"seq": "279", "n": "43125", "vap": "71", "pvap": "   0,09", "e": "N", "st": "N\u00e3o eleito"}, {"seq": "378", "n": "43111", "vap": "9", "pvap": "   0,01", "e": "N", "st": "N\u00e3o eleito"}, {"seq": "384", "n": "43444", "vap": "7", "pvap": "   0,01", "e": "N", "st": "N\u00e3o eleito"}, {"seq": "266", "n": "43000", "vap": "90", "pvap": "   0,12", "e": "N", "st": "N\u00e3o eleito"}, {"seq": "290", "n": "43199", "vap": "61", "pvap": "   0,08", "e": "N", "st": "N\u00e3o eleito"}, {"seq": "401", "n": "43399", "vap": "1", "pvap": "   0,00", "e": "N", "st": "N\u00e3o eleito"}, {"seq": "311", "n": "43130", "vap": "45", "pvap": "   0,06", "e": "N", "st": "N\u00e3o eleito"}, {"seq": "352", "n": "43234", "vap": "22", "pvap": "   0,03", "e": "N", "st": "N\u00e3o eleito"}, {"seq": "346", "n": "43333", "vap": "23", "pvap": "   0,03", "e": "N", "st": "N\u00e3o eleito"}, {"seq": "286", "n": "51222", "vap": "66", "pvap": "   0,09", "e": "N", "st": "N\u00e3o eleito"}, {"seq": "406", "n": "51999", "vap": "0", "pvap": "00.00", "e": "N", "st": "N\u00e3o eleito"}, {"seq": "291", "n": "51051", "vap": "60", "pvap": "   0,08", "e": "N", "st": "N\u00e3o eleito"}, {"seq": "386", "n": "51010", "vap": "7", "pvap": "   0,01", "e": "N", "st": "N\u00e3o eleito"}, {"seq": "241", "n": "51111", "vap": "161", "pvap": "   0,21", "e": "N", "st": "N\u00e3o eleito"}, {"seq": "375", "n": "51555", "vap": "10", "pvap": "   0,01", "e": "N", "st": "N\u00e3o eleito"}, {"seq": "343", "n": "51100", "vap": "24", "pvap": "   0,03", "e": "N", "st": "N\u00e3o eleito"}, {"seq": "323", "n": "51333", "vap": "33", "pvap": "   0,04", "e": "N", "st": "N\u00e3o eleito"}, {"seq": "259", "n": "51456", "vap": "102", "pvap": "   0,13", "e": "N", "st": "N\u00e3o eleito"}, {"seq": "400", "n": "51235", "vap": "1", "pvap": "   0,00", "e": "N", "st": "N\u00e3o eleito"}, {"seq": "285", "n": "51510", "vap": "67", "pvap": "   0,09", "e": "N", "st": "N\u00e3o eleito"}, {"seq": "404", "n": "51888", "vap": "0", "pvap": "00.00", "e": "N", "st": "N\u00e3o eleito"}, {"seq": "273", "n": "51226", "vap": "78", "pvap": "   0,10", "e": "N", "st": "N\u00e3o eleito"}, {"seq": "368", "n": "51515", "vap": "14", "pvap": "   0,02", "e": "N", "st": "N\u00e3o eleito"}, {"seq": "261", "n": "51000", "vap": "95", "pvap": "   0,12", "e": "N", "st": "N\u00e3o eleito"}, {"seq": "395", "n": "51223", "vap": "3", "pvap": "   0,00", "e": "N", "st": "N\u00e3o eleito"}, {"seq": "235", "n": "51300", "vap": "190", "pvap": "   0,25", "e": "N", "st": "N\u00e3o eleito"}, {"seq": "376", "n": "51233", "vap": "10", "pvap": "   0,01", "e": "N", "st": "N\u00e3o eleito"}, {"seq": "111", "n": "10093", "vap": "107", "pvap": "   0,14", "e": "N", "st": "Suplente"}, {"seq": "216", "n": "10223", "vap": "2", "pvap": "   0,00", "e": "N", "st": "Suplente"}, {"seq": "25", "n": "10333", "vap": "729", "pvap": "   0,95", "e": "N", "st": "Suplente"}, {"seq": "181", "n": "10077", "vap": "22", "pvap": "   0,03", "e": "N", "st": "Suplente"}, {"seq": "119", "n": "10122", "vap": "82", "pvap": "   0,11", "e": "N", "st": "Suplente"}, {"seq": "96", "n": "10789", "vap": "169", "pvap": "   0,22", "e": "N", "st": "Suplente"}, {"seq": "21", "n": "10110", "vap": "845", "pvap": "   1,10", "e": "N", "st": "Suplente"}, {"seq": "9", "n": "10044", "vap": "1106", "pvap": "   1,44", "e": "S", "st": "Eleito"}, {"seq": "24", "n": "10111", "vap": "738", "pvap": "   0,96", "e": "N", "st": "Suplente"}, {"seq": "42", "n": "10000", "vap": "409", "pvap": "   0,53", "e": "N", "st": "Suplente"}, {"seq": "53", "n": "10620", "vap": "352", "pvap": "   0,46", "e": "N", "st": "Suplente"}, {"seq": "155", "n": "10331", "vap": "39", "pvap": "   0,05", "e": "N", "st": "Suplente"}, {"seq": "145", "n": "10011", "vap": "46", "pvap": "   0,06", "e": "N", "st": "Suplente"}, {"seq": "92", "n": "10030", "vap": "185", "pvap": "   0,24", "e": "N", "st": "Suplente"}, {"seq": "201", "n": "10023", "vap": "14", "pvap": "   0,02", "e": "N", "st": "Suplente"}, {"seq": "123", "n": "10830", "vap": "78", "pvap": "   0,10", "e": "N", "st": "Suplente"}, {"seq": "213", "n": "10133", "vap": "6", "pvap": "   0,01", "e": "N", "st": "Suplente"}, {"seq": "4", "n": "10777", "vap": "1423", "pvap": "   1,85", "e": "S", "st": "Eleito"}, {"seq": "198", "n": "10002", "vap": "16", "pvap": "   0,02", "e": "N", "st": "Suplente"}, {"seq": "179", "n": "10020", "vap": "24", "pvap": "   0,03", "e": "N", "st": "Suplente"}, {"seq": "162", "n": "10999", "vap": "37", "pvap": "   0,05", "e": "N", "st": "Suplente"}, {"seq": "215", "n": "10365", "vap": "2", "pvap": "   0,00", "e": "N", "st": "Suplente"}, {"seq": "188", "n": "10888", "vap": "20", "pvap": "   0,03", "e": "N", "st": "Suplente"}, {"seq": "55", "n": "10555", "vap": "337", "pvap": "   0,44", "e": "N", "st": "Suplente"}, {"seq": "6", "n": "10123", "vap": "1362", "pvap": "   1,77", "e": "S", "st": "Eleito"}, {"seq": "18", "n": "10010", "vap": "912", "pvap": "   1,18", "e": "N", "st": "Suplente"}, {"seq": "161", "n": "13444", "vap": "37", "pvap": "   0,05", "e": "N", "st": "Suplente"}, {"seq": "74", "n": "13678", "vap": "248", "pvap": "   0,32", "e": "N", "st": "Suplente"}, {"seq": "140", "n": "13313", "vap": "53", "pvap": "   0,07", "e": "N", "st": "Suplente"}, {"seq": "156", "n": "13777", "vap": "39", "pvap": "   0,05", "e": "N", "st": "Suplente"}, {"seq": "118", "n": "13000", "vap": "84", "pvap": "   0,11", "e": "N", "st": "Suplente"}, {"seq": "33", "n": "13139", "vap": "570", "pvap": "   0,74", "e": "N", "st": "Suplente"}, {"seq": "116", "n": "13633", "vap": "93", "pvap": "   0,12", "e": "N", "st": "Suplente"}, {"seq": "202", "n": "13929", "vap": "13", "pvap": "   0,02", "e": "N", "st": "Suplente"}, {"seq": "190", "n": "13258", "vap": "19", "pvap": "   0,02", "e": "N", "st": "Suplente"}, {"seq": "81", "n": "13033", "vap": "227", "pvap": "   0,29", "e": "N", "st": "Suplente"}, {"seq": "16", "n": "13222", "vap": "831", "pvap": "   1,08", "e": "S", "st": "Eleito"}, {"seq": "206", "n": "13266", "vap": "12", "pvap": "   0,02", "e": "N", "st": "Suplente"}, {"seq": "211", "n": "13611", "vap": "9", "pvap": "   0,01", "e": "N", "st": "Suplente"}, {"seq": "175", "n": "13177", "vap": "26", "pvap": "   0,03", "e": "N", "st": "Suplente"}, {"seq": "84", "n": "13131", "vap": "221", "pvap": "   0,29", "e": "N", "st": "Suplente"}, {"seq": "106", "n": "13952", "vap": "122", "pvap": "   0,16", "e": "N", "st": "Suplente"}, {"seq": "124", "n": "13031", "vap": "77", "pvap": "   0,10", "e": "N", "st": "Suplente"}, {"seq": "139", "n": "13555", "vap": "54", "pvap": "   0,07", "e": "N", "st": "Suplente"}, {"seq": "166", "n": "13013", "vap": "30", "pvap": "   0,04", "e": "N", "st": "Suplente"}, {"seq": "76", "n": "13126", "vap": "241", "pvap": "   0,31", "e": "N", "st": "Suplente"}, {"seq": "29", "n": "13654", "vap": "628", "pvap": "   0,81", "e": "N", "st": "Suplente"}, {"seq": "130", "n": "13333", "vap": "68", "pvap": "   0,09", "e": "N", "st": "Suplente"}, {"seq": "197", "n": "13050", "vap": "16", "pvap": "   0,02", "e": "N", "st": "Suplente"}, {"seq": "105", "n": "13024", "vap": "127", "pvap": "   0,16", "e": "N", "st": "Suplente"}, {"seq": "212", "n": "13123", "vap": "8", "pvap": "   0,01", "e": "N", "st": "Suplente"}, {"seq": "157", "n": "13213", "vap": "38", "pvap": "   0,05", "e": "N", "st": "Suplente"}, {"seq": "242", "n": "19000", "vap": "150", "pvap": "   0,19", "e": "N", "st": "N\u00e3o eleito"}, {"seq": "264", "n": "19111", "vap": "92", "pvap": "   0,12", "e": "N", "st": "N\u00e3o eleito"}, {"seq": "345", "n": "19957", "vap": "23", "pvap": "   0,03", "e": "N", "st": "N\u00e3o eleito"}, {"seq": "225", "n": "19456", "vap": "265", "pvap": "   0,34", "e": "N", "st": "N\u00e3o eleito"}, {"seq": "325", "n": "19888", "vap": "32", "pvap": "   0,04", "e": "N", "st": "N\u00e3o eleito"}, {"seq": "356", "n": "19020", "vap": "20", "pvap": "   0,03", "e": "N", "st": "N\u00e3o eleito"}, {"seq": "277", "n": "19444", "vap": "72", "pvap": "   0,09", "e": "N", "st": "N\u00e3o eleito"}, {"seq": "239", "n": "19789", "vap": "170", "pvap": "   0,22", "e": "N", "st": "N\u00e3o eleito"}, {"seq": "360", "n": "19321", "vap": "17", "pvap": "   0,02", "e": "N", "st": "N\u00e3o eleito"}, {"seq": "317", "n": "19100", "vap": "36", "pvap": "   0,05", "e": "N", "st": "N\u00e3o eleito"}, {"seq": "319", "n": "19013", "vap": "35", "pvap": "   0,05", "e": "N", "st": "N\u00e3o eleito"}, {"seq": "260", "n": "19190", "vap": "98", "pvap": "   0,13", "e": "N", "st": "N\u00e3o eleito"}, {"seq": "377", "n": "19572", "vap": "9", "pvap": "   0,01", "e": "N", "st": "N\u00e3o eleito"}, {"seq": "269", "n": "19029", "vap": "85", "pvap": "   0,11", "e": "N", "st": "N\u00e3o eleito"}, {"seq": "342", "n": "19122", "vap": "24", "pvap": "   0,03", "e": "N", "st": "N\u00e3o eleito"}, {"seq": "331", "n": "19333", "vap": "28", "pvap": "   0,04", "e": "N", "st": "N\u00e3o eleito"}, {"seq": "275", "n": "19777", "vap": "76", "pvap": "   0,10", "e": "N", "st": "N\u00e3o eleito"}, {"seq": "362", "n": "19188", "vap": "17", "pvap": "   0,02", "e": "N", "st": "N\u00e3o eleito"}, {"seq": "221", "n": "19123", "vap": "444", "pvap": "   0,58", "e": "N", "st": "N\u00e3o eleito"}, {"seq": "294", "n": "19019", "vap": "57", "pvap": "   0,07", "e": "N", "st": "N\u00e3o eleito"}, {"seq": "305", "n": "19133", "vap": "48", "pvap": "   0,06", "e": "N", "st": "N\u00e3o eleito"}, {"seq": "399", "n": "19110", "vap": "1", "pvap": "   0,00", "e": "N", "st": "N\u00e3o eleito"}, {"seq": "364", "n": "19999", "vap": "16", "pvap": "   0,02", "e": "N", "st": "N\u00e3o eleito"}, {"seq": "272", "n": "18123", "vap": "79", "pvap": "   0,10", "e": "N", "st": "N\u00e3o eleito"}, {"seq": "328", "n": "18200", "vap": "31", "pvap": "   0,04", "e": "N", "st": "N\u00e3o eleito"}, {"seq": "267", "n": "18192", "vap": "87", "pvap": "   0,11", "e": "N", "st": "N\u00e3o eleito"}, {"seq": "387", "n": "18324", "vap": "6", "pvap": "   0,01", "e": "N", "st": "N\u00e3o eleito"}, {"seq": "321", "n": "18345", "vap": "34", "pvap": "   0,04", "e": "N", "st": "N\u00e3o eleito"}, {"seq": "298", "n": "18241", "vap": "55", "pvap": "   0,07", "e": "N", "st": "N\u00e3o eleito"}, {"seq": "327", "n": "18133", "vap": "31", "pvap": "   0,04", "e": "N", "st": "N\u00e3o eleito"}, {"seq": "370", "n": "18019", "vap": "14", "pvap": "   0,02", "e": "N", "st": "N\u00e3o eleito"}, {"seq": "373", "n": "18765", "vap": "12", "pvap": "   0,02", "e": "N", "st": "N\u00e3o eleito"}, {"seq": "365", "n": "18222", "vap": "15", "pvap": "   0,02", "e": "N", "st": "N\u00e3o eleito"}]}, {"dt": "15/11/2020", "ht": "22:49:07", "tf": "S", "and": "F", "tpabr": "ZONA", "cdabr": "163", "s": "243", "st": "243", "snt": "0", "si": "243", "sni": "0", "sa": "243", "sna": "0", "pst": " 100,00", "psnt": "   0,00", "psi": " 100,00", "psni": "   0,00", "psa": " 100,00", "psna": "   0,00", "e": "106935", "ea": "106935", "ena": "0", "esi": "106935", "esni": "0", "a": "24066", "c": "82869", "pea": " 100,00", "pena": "   0,00", "pesi": " 100,00", "pesni": "   0,00", "pa": "  22,51", "pc": "  77,49", "vnom": "71997", "vscv": "0", "vl": "5067", "tv": "82869", "vvc": "77064", "vb": "2136", "tvn": "3669", "vn": "3669", "vnt": "0", "vp": "0", "vv": "77064", "van": "0", "vansj": "0", "pvnom": "  93,42", "pvl": "   6,58", "pvvc": "  92,99", "pvb": "   2,58", "ptvn": "   4,43", "pvn": " 100,00", "pvnt": "   0,00", "pvp": "   0,00", "pvv": " 100,00", "pvan": "   0,00", "pvansj": "   0,00", "cand": [{"seq": "14", "n": "15555", "vap": "941", "pvap": "   1,22", "e": "S", "st": "Eleito"}, {"seq": "38", "n": "15000", "vap": "483", "pvap": "   0,63", "e": "N", "st": "Suplente"}, {"seq": "43", "n": "15123", "vap": "405", "pvap": "   0,53", "e": "N", "st": "Suplente"}, {"seq": "49", "n": "15200", "vap": "369", "pvap": "   0,48", "e": "N", "st": "Suplente"}, {"seq": "51", "n": "15666", "vap": "361", "pvap": "   0,47", "e": "N", "st": "Suplente"}, {"seq": "58", "n": "15678", "vap": "328", "pvap": "   0,43", "e": "N", "st": "Suplente"}, {"seq": "60", "n": "15789", "vap": "316", "pvap": "   0,41", "e": "N", "st": "Suplente"}, {"seq": "63", "n": "15444", "vap": "284", "pvap": "   0,37", "e": "N", "st": "Suplente"}, {"seq": "65", "n": "15321", "vap": "278", "pvap": "   0,36", "e": "N", "st": "Suplente"}, {"seq": "75", "n": "15151", "vap": "248", "pvap": "   0,32", "e": "N", "st": "Suplente"}, {"seq": "88", "n": "15500", "vap": "213", "pvap": "   0,28", "e": "N", "st": "Suplente"}, {"seq": "99", "n": "15159", "vap": "146", "pvap": "   0,19", "e": "N", "st": "Suplente"}, {"seq": "102", "n": "15333", "vap": "131", "pvap": "   0,17", "e": "N", "st": "Suplente"}, {"seq": "114", "n": "15677", "vap": "99", "pvap": "   0,13", "e": "N", "st": "Suplente"}, {"seq": "115", "n": "15222", "vap": "97", "pvap": "   0,13", "e": "N", "st": "Suplente"}, {"seq": "122", "n": "15342", "vap": "79", "pvap": "   0,10", "e": "N", "st": "Suplente"}, {"seq": "127", "n": "15380", "vap": "73", "pvap": "   0,09", "e": "N", "st": "Suplente"}, {"seq": "128", "n": "15777", "vap": "71", "pvap": "   0,09", "e": "N", "st": "Suplente"}, {"seq": "134", "n": "15999", "vap": "61", "pvap": "   0,08", "e": "N", "st": "Suplente"}, {"seq": "137", "n": "15888", "vap": "58", "pvap": "   0,08", "e": "N", "st": "Suplente"}, {"seq": "146", "n": "15111", "vap": "45", "pvap": "   0,06", "e": "N", "st": "Suplente"}, {"seq": "150", "n": "15158", "vap": "43", "pvap": "   0,06", "e": "N", "st": "Suplente"}, {"seq": "164", "n": "15015", "vap": "34", "pvap": "   0,04", "e": "N", "st": "Suplente"}, {"seq": "173", "n": "15644", "vap": "27", "pvap": "   0,04", "e": "N", "st": "Suplente"}, {"seq": "177", "n": "15680", "vap": "25", "pvap": "   0,03", "e": "N", "st": "Suplente"}, {"seq": "193", "n": "15550", "vap": "18", "pvap": "   0,02", "e": "N", "st": "Suplente"}, {"seq": "235", "n": "51300", "vap": "190", "pvap": "   0,25", "e": "N", "st": "N\u00e3o eleito"}, {"seq": "241", "n": "51111", "vap": "161", "pvap": "   0,21", "e": "N", "st": "N\u00e3o eleito"}, {"seq": "259", "n": "51456", "vap": "102", "pvap": "   0,13", "e": "N", "st": "N\u00e3o eleito"}, {"seq": "261", "n": "51000", "vap": "95", "pvap": "   0,12", "e": "N", "st": "N\u00e3o eleito"}, {"seq": "273", "n": "51226", "vap": "78", "pvap": "   0,10", "e": "N", "st": "N\u00e3o eleito"}, {"seq": "285", "n": "51510", "vap": "67", "pvap": "   0,09", "e": "N", "st": "N\u00e3o eleito"}, {"seq": "286", "n": "51222", "vap": "66", "pvap": "   0,09", "e": "N", "st": "N\u00e3o eleito"}, {"seq": "291", "n": "51051", "vap": "60", "pvap": "   0,08", "e": "N", "st": "N\u00e3o eleito"}, {"seq": "323", "n": "51333", "vap": "33", "pvap": "   0,04", "e": "N", "st": "N\u00e3o eleito"}, {"seq": "343", "n": "51100", "vap": "24", "pvap": "   0,03", "e": "N", "st": "N\u00e3o eleito"}, {"seq": "368", "n": "51515", "vap": "14", "pvap": "   0,02", "e": "N", "st": "N\u00e3o eleito"}, {"seq": "375", "n": "51555", "vap": "10", "pvap": "   0,01", "e": "N", "st": "N\u00e3o eleito"}, {"seq": "376", "n": "51233", "vap": "10", "pvap": "   0,01", "e": "N", "st": "N\u00e3o eleito"}, {"seq": "386", "n": "51010", "vap": "7", "pvap": "   0,01", "e": "N", "st": "N\u00e3o eleito"}, {"seq": "395", "n": "51223", "vap": "3", "pvap": "   0,00", "e": "N", "st": "N\u00e3o eleito"}, {"seq": "400", "n": "51235", "vap": "1", "pvap": "   0,00", "e": "N", "st": "N\u00e3o eleito"}, {"seq": "404", "n": "51888", "vap": "0", "pvap": "00.00", "e": "N", "st": "N\u00e3o eleito"}, {"seq": "406", "n": "51999", "vap": "0", "pvap": "00.00", "e": "N", "st": "N\u00e3o eleito"}, {"seq": "10", "n": "70000", "vap": "1049", "pvap": "   1,36", "e": "S", "st": "Eleito"}, {"seq": "22", "n": "70999", "vap": "798", "pvap": "   1,04", "e": "N", "st": "Suplente"}, {"seq": "26", "n": "70200", "vap": "674", "pvap": "   0,87", "e": "N", "st": "Suplente"}, {"seq": "39", "n": "70444", "vap": "435", "pvap": "   0,56", "e": "N", "st": "Suplente"}, {"seq": "46", "n": "70800", "vap": "376", "pvap": "   0,49", "e": "N", "st": "Suplente"}, {"seq": "52", "n": "70100", "vap": "354", "pvap": "   0,46", "e": "N", "st": "Suplente"}, {"seq": "69", "n": "70555", "vap": "259", "pvap": "   0,34", "e": "N", "st": "Suplente"}, {"seq": "73", "n": "70111", "vap": "248", "pvap": "   0,32", "e": "N", "st": "Suplente"}, {"seq": "78", "n": "70789", "vap": "238", "pvap": "   0,31", "e": "N", "st": "Suplente"}, {"seq": "80", "n": "70777", "vap": "233", "pvap": "   0,30", "e": "N", "st": "Suplente"}, {"seq": "129", "n": "70888", "vap": "69", "pvap": "   0,09", "e": "N", "st": "Suplente"}, {"seq": "133", "n": "70123", "vap": "63", "pvap": "   0,08", "e": "N", "st": "Suplente"}, {"seq": "135", "n": "70666", "vap": "60", "pvap": "   0,08", "e": "N", "st": "Suplente"}, {"seq": "136", "n": "70456", "vap": "58", "pvap": "   0,08", "e": "N", "st": "Suplente"}, {"seq": "141", "n": "70838", "vap": "51", "pvap": "   0,07", "e": "N", "st": "Suplente"}, {"seq": "153", "n": "70500", "vap": "42", "pvap": "   0,05", "e": "N", "st": "Suplente"}, {"seq": "170", "n": "70007", "vap": "29", "pvap": "   0,04", "e": "N", "st": "Suplente"}, {"seq": "191", "n": "70001", "vap": "19", "pvap": "   0,02", "e": "N", "st": "Suplente"}, {"seq": "200", "n": "70023", "vap": "14", "pvap": "   0,02", "e": "N", "st": "Suplente"}, {"seq": "209", "n": "70122", "vap": "11", "pvap": "   0,01", "e": "N", "st": "Suplente"}, {"seq": "3", "n": "25777", "vap": "1526", "pvap": "   1,98", "e": "S", "st": "Eleito"}, {"seq": "7", "n": "25123", "vap": "1359", "pvap": "   1,76", "e": "S", "st": "Eleito"}, {"seq": "11", "n": "25888", "vap": "1030", "pvap": "   1,34", "e": "S", "st": "Eleito"}, {"seq": "13", "n": "25025", "vap": "953", "pvap": "   1,24", "e": "S", "st": "Eleito"}, {"seq": "19", "n": "25444", "vap": "904", "pvap": "   1,17", "e": "N", "st": "Suplente"}, {"seq": "20", "n": "25000", "vap": "887", "pvap": "   1,15", "e": "N", "st": "Suplente"}, {"seq": "23", "n": "25800", "vap": "758", "pvap": "   0,98", "e": "N", "st": "Suplente"}, {"seq": "30", "n": "25555", "vap": "620", "pvap": "   0,80", "e": "N", "st": "Suplente"}, {"seq": "32", "n": "25678", "vap": "571", "pvap": "   0,74", "e": "N", "st": "Suplente"}, {"seq": "34", "n": "25190", "vap": "553", "pvap": "   0,72", "e": "N", "st": "Suplente"}, {"seq": "36", "n": "25456", "vap": "501", "pvap": "   0,65", "e": "N", "st": "Suplente"}, {"seq": "59", "n": "25500", "vap": "321", "pvap": "   0,42", "e": "N", "st": "Suplente"}, {"seq": "61", "n": "25222", "vap": "303", "pvap": "   0,39", "e": "N", "st": "Suplente"}, {"seq": "68", "n": "25251", "vap": "259", "pvap": "   0,34", "e": "N", "st": "Suplente"}, {"seq": "77", "n": "25142", "vap": "239", "pvap": "   0,31", "e": "N", "st": "Suplente"}, {"seq": "79", "n": "25150", "vap": "238", "pvap": "   0,31", "e": "N", "st": "Suplente"}, {"seq": "83", "n": "25110", "vap": "222", "pvap": "   0,29", "e": "N", "st": "Suplente"}, {"seq": "98", "n": "25333", "vap": "153", "pvap": "   0,20", "e": "N", "st": "Suplente"}, {"seq": "117", "n": "25999", "vap": "90", "pvap": "   0,12", "e": "N", "st": "Suplente"}, {"seq": "121", "n": "25125", "vap": "80", "pvap": "   0,10", "e": "N", "st": "Suplente"}, {"seq": "131", "n": "25111", "vap": "66", "pvap": "   0,09", "e": "N", "st": "Suplente"}, {"seq": "163", "n": "25180", "vap": "37", "pvap": "   0,05", "e": "N", "st": "Suplente"}, {"seq": "167", "n": "25666", "vap": "30", "pvap": "   0,04", "e": "N", "st": "Suplente"}, {"seq": "169", "n": "25567", "vap": "29", "pvap": "   0,04", "e": "N", "st": "Suplente"}, {"seq": "194", "n": "25200", "vap": "18", "pvap": "   0,02", "e": "N", "st": "Suplente"}, {"seq": "208", "n": "25474", "vap": "11", "pvap": "   0,01", "e": "N", "st": "Suplente"}, {"seq": "224", "n": "27777", "vap": "290", "pvap": "   0,38", "e": "N", "st": "N\u00e3o eleito"}, {"seq": "230", "n": "27123", "vap": "214", "pvap": "   0,28", "e": "N", "st": "N\u00e3o eleito"}, {"seq": "251", "n": "27333", "vap": "119", "pvap": "   0,15", "e": "N", "st": "N\u00e3o eleito"}, {"seq": "254", "n": "27970", "vap": "114", "pvap": "   0,15", "e": "N", "st": "N\u00e3o eleito"}, {"seq": "258", "n": "27444", "vap": "105", "pvap": "   0,14", "e": "N", "st": "N\u00e3o eleito"}, {"seq": "262", "n": "27000", "vap": "94", "pvap": "   0,12", "e": "N", "st": "N\u00e3o eleito"}, {"seq": "287", "n": "27700", "vap": "65", "pvap": "   0,08", "e": "N", "st": "N\u00e3o eleito"}, {"seq": "292", "n": "27789", "vap": "60", "pvap": "   0,08", "e": "N", "st": "N\u00e3o eleito"}, {"seq": "310", "n": "27999", "vap": "45", "pvap": "   0,06", "e": "N", "st": "N\u00e3o eleito"}, {"seq": "314", "n": "27111", "vap": "40", "pvap": "   0,05", "e": "N", "st": "N\u00e3o eleito"}, {"seq": "316", "n": "27321", "vap": "38", "pvap": "   0,05", "e": "N", "st": "N\u00e3o eleito"}, {"seq": "324", "n": "27500", "vap": "32", "pvap": "   0,04", "e": "N", "st": "N\u00e3o eleito"}, {"seq": "337", "n": "27888", "vap": "25", "pvap": "   0,03", "e": "N", "st": "N\u00e3o eleito"}, {"seq": "350", "n": "27555", "vap": "22", "pvap": "   0,03", "e": "N", "st": "N\u00e3o eleito"}, {"seq": "358", "n": "27234", "vap": "18", "pvap": "   0,02", "e": "N", "st": "N\u00e3o eleito"}, {"seq": "366", "n": "27027", "vap": "15", "pvap": "   0,02", "e": "N", "st": "N\u00e3o eleito"}, {"seq": "369", "n": "27222", "vap": "14", "pvap": "   0,02", "e": "N", "st": "N\u00e3o eleito"}, {"seq": "383", "n": "27270", "vap": "7", "pvap": "   0,01", "e": "N", "st": "N\u00e3o eleito"}, {"seq": "392", "n": "27143", "vap": "4", "pvap": "   0,01", "e": "N", "st": "N\u00e3o eleito"}, {"seq": "398", "n": "27772", "vap": "2", "pvap": "   0,00", "e": "N", "st": "N\u00e3o eleito"}, {"seq": "405", "n": "27765", "vap": "0", "pvap": "00.00", "e": "N", "st": "N\u00e3o eleito"}, {"seq": "407", "n": "27007", "vap": "0", "pvap": "00.00", "e": "N", "st": "N\u00e3o eleito"}, {"seq": "408", "n": "27246", "vap": "0", "pvap": "00.00", "e": "N", "st": "N\u00e3o eleito"}, {"seq": "220", "n": "33123", "vap": "807", "pvap": "   1,05", "e": "N", "st": "N\u00e3o eleito"}, {"seq": "222", "n": "33000", "vap": "312", "pvap": "   0,40", "e": "N", "st": "N\u00e3o eleito"}, {"seq": "227", "n": "33777", "vap": "242", "pvap": "   0,31", "e": "N", "st": "N\u00e3o eleito"}, {"seq": "229", "n": "33234", "vap": "222", "pvap": "   0,29", "e": "N", "st": "N\u00e3o eleito"}, {"seq": "240", "n": "33333", "vap": "162", "pvap": "   0,21", "e": "N", "st": "N\u00e3o eleito"}, {"seq": "243", "n": "33555", "vap": "146", "pvap": "   0,19", "e": "N", "st": "N\u00e3o eleito"}, {"seq": "247", "n": "33444", "vap": "131", "pvap": "   0,17", "e": "N", "st": "N\u00e3o eleito"}, {"seq": "250", "n": "33456", "vap": "120", "pvap": "   0,16", "e": "N", "st": "N\u00e3o eleito"}, {"seq": "253", "n": "33111", "vap": "115", "pvap": "   0,15", "e": "N", "st": "N\u00e3o eleito"}, {"seq": "270", "n": "33338", "vap": "81", "pvap": "   0,11", "e": "N", "st": "N\u00e3o eleito"}, {"seq": "284", "n": "33999", "vap": "68", "pvap": "   0,09", "e": "N", "st": "N\u00e3o eleito"}, {"seq": "297", "n": "33253", "vap": "55", "pvap": "   0,07", "e": "N", "st": "N\u00e3o eleito"}, {"seq": "308", "n": "33313", "vap": "47", "pvap": "   0,06", "e": "N", "st": "N\u00e3o eleito"}, {"seq": "312", "n": "33645", "vap": "42", "pvap": "   0,05", "e": "N", "st": "N\u00e3o eleito"}, {"seq": "322", "n": "33323", "vap": "34", "pvap": "   0,04", "e": "N", "st": "N\u00e3o eleito"}, {"seq": "326", "n": "33100", "vap": "31", "pvap": "   0,04", "e": "N", "st": "N\u00e3o eleito"}, {"seq": "335", "n": "33888", "vap": "27", "pvap": "   0,04", "e": "N", "st": "N\u00e3o eleito"}, {"seq": "351", "n": "33122", "vap": "22", "pvap": "   0,03", "e": "N", "st": "N\u00e3o eleito"}, {"seq": "359", "n": "33993", "vap": "17", "pvap": "   0,02", "e": "N", "st": "N\u00e3o eleito"}, {"seq": "380", "n": "33222", "vap": "9", "pvap": "   0,01", "e": "N", "st": "N\u00e3o eleito"}, {"seq": "381", "n": "33033", "vap": "9", "pvap": "   0,01", "e": "N", "st": "N\u00e3o eleito"}, {"seq": "389", "n": "33001", "vap": "5", "pvap": "   0,01", "e": "N", "st": "N\u00e3o eleito"}, {"seq": "219", "n": "36234", "vap": "1291", "pvap": "   1,68", "e": "N", "st": "N\u00e3o eleito"}, {"seq": "231", "n": "36321", "vap": "211", "pvap": "   0,27", "e": "N", "st": "N\u00e3o eleito"}, {"seq": "233", "n": "36456", "vap": "205", "pvap": "   0,27", "e": "N", "st": "N\u00e3o eleito"}, {"seq": "248", "n": "36133", "vap": "128", "pvap": "   0,17", "e": "N", "st": "N\u00e3o eleito"}, {"seq": "252", "n": "36777", "vap": "116", "pvap": "   0,15", "e": "N", "st": "N\u00e3o eleito"}, {"seq": "255", "n": "36100", "vap": "114", "pvap": "   0,15", "e": "N", "st": "N\u00e3o eleito"}, {"seq": "265", "n": "36444", "vap": "91", "pvap": "   0,12", "e": "N", "st": "N\u00e3o eleito"}, {"seq": "271", "n": "36333", "vap": "80", "pvap": "   0,10", "e": "N", "st": "N\u00e3o eleito"}, {"seq": "278", "n": "36789", "vap": "72", "pvap": "   0,09", "e": "N", "st": "N\u00e3o eleito"}, {"seq": "301", "n": "36222", "vap": "52", "pvap": "   0,07", "e": "N", "st": "N\u00e3o eleito"}, {"seq": "302", "n": "36123", "vap": "51", "pvap": "   0,07", "e": "N", "st": "N\u00e3o eleito"}, {"seq": "309", "n": "36036", "vap": "46", "pvap": "   0,06", "e": "N", "st": "N\u00e3o eleito"}, {"seq": "318", "n": "36477", "vap": "35", "pvap": "   0,05", "e": "N", "st": "N\u00e3o eleito"}, {"seq": "336", "n": "36369", "vap": "26", "pvap": "   0,03", "e": "N", "st": "N\u00e3o eleito"}, {"seq": "339", "n": "36146", "vap": "25", "pvap": "   0,03", "e": "N", "st": "N\u00e3o eleito"}, {"seq": "340", "n": "36111", "vap": "25", "pvap": "   0,03", "e": "N", "st": "N\u00e3o eleito"}, {"seq": "357", "n": "36190", "vap": "19", "pvap": "   0,02", "e": "N", "st": "N\u00e3o eleito"}, {"seq": "367", "n": "36765", "vap": "15", "pvap": "   0,02", "e": "N", "st": "N\u00e3o eleito"}, {"seq": "379", "n": "36888", "vap": "9", "pvap": "   0,01", "e": "N", "st": "N\u00e3o eleito"}, {"seq": "390", "n": "36557", "vap": "5", "pvap": "   0,01", "e": "N", "st": "N\u00e3o eleito"}, {"seq": "394", "n": "36999", "vap": "3", "pvap": "   0,00", "e": "N", "st": "N\u00e3o eleito"}, {"seq": "397", "n": "36543", "vap": "2", "pvap": "   0,00", "e": "N", "st": "N\u00e3o eleito"}, {"seq": "403", "n": "36654", "vap": "0", "pvap": "00.00", "e": "N", "st": "N\u00e3o eleito"}, {"seq": "238", "n": "20123", "vap": "174", "pvap": "   0,23", "e": "N", "st": "N\u00e3o eleito"}, {"seq": "246", "n": "20133", "vap": "139", "pvap": "   0,18", "e": "N", "st": "N\u00e3o eleito"}, {"seq": "249", "n": "20300", "vap": "122", "pvap": "   0,16", "e": "N", "st": "N\u00e3o eleito"}, {"seq": "257", "n": "20020", "vap": "106", "pvap": "   0,14", "e": "N", "st": "N\u00e3o eleito"}, {"seq": "263", "n": "20999", "vap": "92", "pvap": "   0,12", "e": "N", "st": "N\u00e3o eleito"}, {"seq": "268", "n": "20222", "vap": "86", "pvap": "   0,11", "e": "N", "st": "N\u00e3o eleito"}, {"seq": "289", "n": "20120", "vap": "62", "pvap": "   0,08", "e": "N", "st": "N\u00e3o eleito"}, {"seq": "303", "n": "20456", "vap": "51", "pvap": "   0,07", "e": "N", "st": "N\u00e3o eleito"}, {"seq": "304", "n": "20600", "vap": "50", "pvap": "   0,06", "e": "N", "st": "N\u00e3o eleito"}, {"seq": "306", "n": "20221", "vap": "48", "pvap": "   0,06", "e": "N", "st": "N\u00e3o eleito"}, {"seq": "313", "n": "20200", "vap": "42", "pvap": "   0,05", "e": "N", "st": "N\u00e3o eleito"}, {"seq": "333", "n": "20007", "vap": "27", "pvap": "   0,04", "e": "N", "st": "N\u00e3o eleito"}, {"seq": "338", "n": "20333", "vap": "25", "pvap": "   0,03", "e": "N", "st": "N\u00e3o eleito"}, {"seq": "354", "n": "20888", "vap": "21", "pvap": "   0,03", "e": "N", "st": "N\u00e3o eleito"}, {"seq": "374", "n": "20800", "vap": "10", "pvap": "   0,01", "e": "N", "st": "N\u00e3o eleito"}, {"seq": "382", "n": "20555", "vap": "7", "pvap": "   0,01", "e": "N", "st": "N\u00e3o eleito"}, {"seq": "329", "n": "50555", "vap": "29", "pvap": "   0,04", "e": "N", "st": "N\u00e3o eleito"}, {"seq": "388", "n": "50123", "vap": "6", "pvap": "   0,01", "e": "N", "st": "N\u00e3o eleito"}, {"seq": "226", "n": "12345", "vap": "257", "pvap": "   0,33", "e": "N", "st": "N\u00e3o eleito"}, {"seq": "228", "n": "12111", "vap": "233", "pvap": "   0,30", "e": "N", "st": "N\u00e3o eleito"}, {"seq": "234", "n": "12012", "vap": "199", "pvap": "   0,26", "e": "N", "st": "N\u00e3o eleito"}, {"seq": "236", "n": "12123", "vap": "181", "pvap": "   0,23", "e": "N", "st": "N\u00e3o eleito"}, {"seq": "244", "n": "12223", "vap": "146", "pvap": "   0,19", "e": "N", "st": "N\u00e3o eleito"}, {"seq": "245", "n": "12053", "vap": "144", "pvap": "   0,19", "e": "N", "st": "N\u00e3o eleito"}, {"seq": "281", "n": "12127", "vap": "70", "pvap": "   0,09", "e": "N", "st": "N\u00e3o eleito"}, {"seq": "282", "n": "12777", "vap": "69", "pvap": "   0,09", "e": "N", "st": "N\u00e3o eleito"}, {"seq": "293", "n": "12911", "vap": "60", "pvap": "   0,08", "e": "N", "st": "N\u00e3o eleito"}, {"seq": "299", "n": "12001", "vap": "54", "pvap": "   0,07", "e": "N", "st": "N\u00e3o eleito"}, {"seq": "320", "n": "12666", "vap": "34", "pvap": "   0,04", "e": "N", "st": "N\u00e3o eleito"}, {"seq": "334", "n": "12333", "vap": "27", "pvap": "   0,04", "e": "N", "st": "N\u00e3o eleito"}, {"seq": "344", "n": "12500", "vap": "23", "pvap": "   0,03", "e": "N", "st": "N\u00e3o eleito"}, {"seq": "385", "n": "12013", "vap": "7", "pvap": "   0,01", "e": "N", "st": "N\u00e3o eleito"}, {"seq": "402", "n": "12400", "vap": "0", "pvap": "00.00", "e": "N", "st": "N\u00e3o eleito"}, {"seq": "267", "n": "18192", "vap": "87", "pvap": "   0,11", "e": "N", "st": "N\u00e3o eleito"}, {"seq": "272", "n": "18123", "vap": "79", "pvap": "   0,10", "e": "N", "st": "N\u00e3o eleito"}, {"seq": "298", "n": "18241", "vap": "55", "pvap": "   0,07", "e": "N", "st": "N\u00e3o eleito"}, {"seq": "321", "n": "18345", "vap": "34", "pvap": "   0,04", "e": "N", "st": "N\u00e3o eleito"}, {"seq": "327", "n": "18133", "vap": "31", "pvap": "   0,04", "e": "N", "st": "N\u00e3o eleito"}, {"seq": "328", "n": "18200", "vap": "31", "pvap": "   0,04", "e": "N", "st": "N\u00e3o eleito"}, {"seq": "365", "n": "18222", "vap": "15", "pvap": "   0,02", "e": "N", "st": "N\u00e3o eleito"}, {"seq": "370", "n": "18019", "vap": "14", "pvap": "   0,02", "e": "N", "st": "N\u00e3o eleito"}, {"seq": "373", "n": "18765", "vap": "12", "pvap": "   0,02", "e": "N", "st": "N\u00e3o eleito"}, {"seq": "387", "n": "18324", "vap": "6", "pvap": "   0,01", "e": "N", "st": "N\u00e3o eleito"}, {"seq": "221", "n": "19123", "vap": "444", "pvap": "   0,58", "e": "N", "st": "N\u00e3o eleito"}, {"seq": "225", "n": "19456", "vap": "265", "pvap": "   0,34", "e": "N", "st": "N\u00e3o eleito"}, {"seq": "239", "n": "19789", "vap": "170", "pvap": "   0,22", "e": "N", "st": "N\u00e3o eleito"}, {"seq": "242", "n": "19000", "vap": "150", "pvap": "   0,19", "e": "N", "st": "N\u00e3o eleito"}, {"seq": "260", "n": "19190", "vap": "98", "pvap": "   0,13", "e": "N", "st": "N\u00e3o eleito"}, {"seq": "264", "n": "19111", "vap": "92", "pvap": "   0,12", "e": "N", "st": "N\u00e3o eleito"}, {"seq": "269", "n": "19029", "vap": "85", "pvap": "   0,11", "e": "N", "st": "N\u00e3o eleito"}, {"seq": "275", "n": "19777", "vap": "76", "pvap": "   0,10", "e": "N", "st": "N\u00e3o eleito"}, {"seq": "277", "n": "19444", "vap": "72", "pvap": "   0,09", "e": "N", "st": "N\u00e3o eleito"}, {"seq": "294", "n": "19019", "vap": "57", "pvap": "   0,07", "e": "N", "st": "N\u00e3o eleito"}, {"seq": "305", "n": "19133", "vap": "48", "pvap": "   0,06", "e": "N", "st": "N\u00e3o eleito"}, {"seq": "317", "n": "19100", "vap": "36", "pvap": "   0,05", "e": "N", "st": "N\u00e3o eleito"}, {"seq": "319", "n": "19013", "vap": "35", "pvap": "   0,05", "e": "N", "st": "N\u00e3o eleito"}, {"seq": "325", "n": "19888", "vap": "32", "pvap": "   0,04", "e": "N", "st": "N\u00e3o eleito"}, {"seq": "331", "n": "19333", "vap": "28", "pvap": "   0,04", "e": "N", "st": "N\u00e3o eleito"}, {"seq": "342", "n": "19122", "vap": "24", "pvap": "   0,03", "e": "N", "st": "N\u00e3o eleito"}, {"seq": "345", "n": "19957", "vap": "23", "pvap": "   0,03", "e": "N", "st": "N\u00e3o eleito"}, {"seq": "356", "n": "19020", "vap": "20", "pvap": "   0,03", "e": "N", "st": "N\u00e3o eleito"}, {"seq": "360", "n": "19321", "vap": "17", "pvap": "   0,02", "e": "N", "st": "N\u00e3o eleito"}, {"seq": "362", "n": "19188", "vap": "17", "pvap": "   0,02", "e": "N", "st": "N\u00e3o eleito"}, {"seq": "364", "n": "19999", "vap": "16", "pvap": "   0,02", "e": "N", "st": "N\u00e3o eleito"}, {"seq": "377", "n": "19572", "vap": "9", "pvap": "   0,01", "e": "N", "st": "N\u00e3o eleito"}, {"seq": "399", "n": "19110", "vap": "1", "pvap": "   0,00", "e": "N", "st": "N\u00e3o eleito"}, {"seq": "15", "n": "11234", "vap": "850", "pvap": "   1,10", "e": "S", "st": "Eleito"}, {"seq": "28", "n": "11111", "vap": "644", "pvap": "   0,84", "e": "N", "st": "Suplente"}, {"seq": "56", "n": "11444", "vap": "337", "pvap": "   0,44", "e": "N", "st": "Suplente"}, {"seq": "82", "n": "11122", "vap": "224", "pvap": "   0,29", "e": "N", "st": "Suplente"}, {"seq": "86", "n": "11500", "vap": "217", "pvap": "   0,28", "e": "N", "st": "Suplente"}, {"seq": "91", "n": "11333", "vap": "192", "pvap": "   0,25", "e": "N", "st": "Suplente"}, {"seq": "93", "n": "11033", "vap": "184", "pvap": "   0,24", "e": "N", "st": "Suplente"}, {"seq": "100", "n": "11800", "vap": "138", "pvap": "   0,18", "e": "N", "st": "Suplente"}, {"seq": "103", "n": "11300", "vap": "129", "pvap": "   0,17", "e": "N", "st": "Suplente"}, {"seq": "110", "n": "11031", "vap": "110", "pvap": "   0,14", "e": "N", "st": "Suplente"}, {"seq": "158", "n": "11000", "vap": "38", "pvap": "   0,05", "e": "N", "st": "Suplente"}, {"seq": "159", "n": "11038", "vap": "38", "pvap": "   0,05", "e": "N", "st": "Suplente"}, {"seq": "172", "n": "11222", "vap": "28", "pvap": "   0,04", "e": "N", "st": "Suplente"}, {"seq": "174", "n": "11777", "vap": "27", "pvap": "   0,04", "e": "N", "st": "Suplente"}, {"seq": "182", "n": "11190", "vap": "22", "pvap": "   0,03", "e": "N", "st": "Suplente"}, {"seq": "185", "n": "11123", "vap": "21", "pvap": "   0,03", "e": "N", "st": "Suplente"}, {"seq": "187", "n": "11900", "vap": "20", "pvap": "   0,03", "e": "N", "st": "Suplente"}, {"seq": "192", "n": "11153", "vap": "19", "pvap": "   0,02", "e": "N", "st": "Suplente"}, {"seq": "1", "n": "90190", "vap": "2068", "pvap": "   2,68", "e": "S", "st": "Eleito"}, {"seq": "37", "n": "90007", "vap": "487", "pvap": "   0,63", "e": "N", "st": "Suplente"}, {"seq": "40", "n": "90907", "vap": "416", "pvap": "   0,54", "e": "N", "st": "Suplente"}, {"seq": "45", "n": "90333", "vap": "389", "pvap": "   0,50", "e": "N", "st": "Suplente"}, {"seq": "47", "n": "90000", "vap": "376", "pvap": "   0,49", "e": "N", "st": "Suplente"}, {"seq": "50", "n": "90456", "vap": "365", "pvap": "   0,47", "e": "N", "st": "Suplente"}, {"seq": "67", "n": "90123", "vap": "269", "pvap": "   0,35", "e": "N", "st": "Suplente"}, {"seq": "70", "n": "90777", "vap": "258", "pvap": "   0,33", "e": "N", "st": "Suplente"}, {"seq": "95", "n": "90128", "vap": "172", "pvap": "   0,22", "e": "N", "st": "Suplente"}, {"seq": "101", "n": "90111", "vap": "136", "pvap": "   0,18", "e": "N", "st": "Suplente"}, {"seq": "112", "n": "90170", "vap": "102", "pvap": "   0,13", "e": "N", "st": "Suplente"}, {"seq": "113", "n": "90090", "vap": "100", "pvap": "   0,13", "e": "N", "st": "Suplente"}, {"seq": "148", "n": "90888", "vap": "45", "pvap": "   0,06", "e": "N", "st": "Suplente"}, {"seq": "149", "n": "90180", "vap": "45", "pvap": "   0,06", "e": "N", "st": "Suplente"}, {"seq": "154", "n": "90321", "vap": "39", "pvap": "   0,05", "e": "N", "st": "Suplente"}, {"seq": "176", "n": "90222", "vap": "26", "pvap": "   0,03", "e": "N", "st": "Suplente"}, {"seq": "210", "n": "90568", "vap": "10", "pvap": "   0,01", "e": "N", "st": "Suplente"}, {"seq": "4", "n": "10777", "vap": "1423", "pvap": "   1,85", "e": "S", "st": "Eleito"}, {"seq": "6", "n": "10123", "vap": "1362", "pvap": "   1,77", "e": "S", "st": "Eleito"}, {"seq": "9", "n": "10044", "vap": "1106", "pvap": "   1,44", "e": "S", "st": "Eleito"}, {"seq": "18", "n": "10010", "vap": "912", "pvap": "   1,18", "e": "N", "st": "Suplente"}, {"seq": "21", "n": "10110", "vap": "845", "pvap": "   1,10", "e": "N", "st": "Suplente"}, {"seq": "24", "n": "10111", "vap": "738", "pvap": "   0,96", "e": "N", "st": "Suplente"}, {"seq": "25", "n": "10333", "vap": "729", "pvap": "   0,95", "e": "N", "st": "Suplente"}, {"seq": "42", "n": "10000", "vap": "409", "pvap": "   0,53", "e": "N", "st": "Suplente"}, {"seq": "53", "n": "10620", "vap": "352", "pvap": "   0,46", "e": "N", "st": "Suplente"}, {"seq": "55", "n": "10555", "vap": "337", "pvap": "   0,44", "e": "N", "st": "Suplente"}, {"seq": "92", "n": "10030", "vap": "185", "pvap": "   0,24", "e": "N", "st": "Suplente"}, {"seq": "96", "n": "10789", "vap": "169", "pvap": "   0,22", "e": "N", "st": "Suplente"}, {"seq": "111", "n": "10093", "vap": "107", "pvap": "   0,14", "e": "N", "st": "Suplente"}, {"seq": "119", "n": "10122", "vap": "82", "pvap": "   0,11", "e": "N", "st": "Suplente"}, {"seq": "123", "n": "10830", "vap": "78", "pvap": "   0,10", "e": "N", "st": "Suplente"}, {"seq": "145", "n": "10011", "vap": "46", "pvap": "   0,06", "e": "N", "st": "Suplente"}, {"seq": "155", "n": "10331", "vap": "39", "pvap": "   0,05", "e": "N", "st": "Suplente"}, {"seq": "162", "n": "10999", "vap": "37", "pvap": "   0,05", "e": "N", "st": "Suplente"}, {"seq": "179", "n": "10020", "vap": "24", "pvap": "   0,03", "e": "N", "st": "Suplente"}, {"seq": "181", "n": "10077", "vap": "22", "pvap": "   0,03", "e": "N", "st": "Suplente"}, {"seq": "188", "n": "10888", "vap": "20", "pvap": "   0,03", "e": "N", "st": "Suplente"}, {"seq": "198", "n": "10002", "vap": "16", "pvap": "   0,02", "e": "N", "st": "Suplente"}, {"seq": "201", "n": "10023", "vap": "14", "pvap": "   0,02", "e": "N", "st": "Suplente"}, {"seq": "213", "n": "10133", "vap": "6", "pvap": "   0,01", "e": "N", "st": "Suplente"}, {"seq": "215", "n": "10365", "vap": "2", "pvap": "   0,00", "e": "N", "st": "Suplente"}, {"seq": "216", "n": "10223", "vap": "2", "pvap": "   0,00", "e": "N", "st": "Suplente"}, {"seq": "16", "n": "13222", "vap": "831", "pvap": "   1,08", "e": "S", "st": "Eleito"}, {"seq": "29", "n": "13654", "vap": "628", "pvap": "   0,81", "e": "N", "st": "Suplente"}, {"seq": "33", "n": "13139", "vap": "570", "pvap": "   0,74", "e": "N", "st": "Suplente"}, {"seq": "74", "n": "13678", "vap": "248", "pvap": "   0,32", "e": "N", "st": "Suplente"}, {"seq": "76", "n": "13126", "vap": "241", "pvap": "   0,31", "e": "N", "st": "Suplente"}, {"seq": "81", "n": "13033", "vap": "227", "pvap": "   0,29", "e": "N", "st": "Suplente"}, {"seq": "84", "n": "13131", "vap": "221", "pvap": "   0,29", "e": "N", "st": "Suplente"}, {"seq": "105", "n": "13024", "vap": "127", "pvap": "   0,16", "e": "N", "st": "Suplente"}, {"seq": "106", "n": "13952", "vap": "122", "pvap": "   0,16", "e": "N", "st": "Suplente"}, {"seq": "116", "n": "13633", "vap": "93", "pvap": "   0,12", "e": "N", "st": "Suplente"}, {"seq": "118", "n": "13000", "vap": "84", "pvap": "   0,11", "e": "N", "st": "Suplente"}, {"seq": "124", "n": "13031", "vap": "77", "pvap": "   0,10", "e": "N", "st": "Suplente"}, {"seq": "130", "n": "13333", "vap": "68", "pvap": "   0,09", "e": "N", "st": "Suplente"}, {"seq": "139", "n": "13555", "vap": "54", "pvap": "   0,07", "e": "N", "st": "Suplente"}, {"seq": "140", "n": "13313", "vap": "53", "pvap": "   0,07", "e": "N", "st": "Suplente"}, {"seq": "156", "n": "13777", "vap": "39", "pvap": "   0,05", "e": "N", "st": "Suplente"}, {"seq": "157", "n": "13213", "vap": "38", "pvap": "   0,05", "e": "N", "st": "Suplente"}, {"seq": "161", "n": "13444", "vap": "37", "pvap": "   0,05", "e": "N", "st": "Suplente"}, {"seq": "166", "n": "13013", "vap": "30", "pvap": "   0,04", "e": "N", "st": "Suplente"}, {"seq": "175", "n": "13177", "vap": "26", "pvap": "   0,03", "e": "N", "st": "Suplente"}, {"seq": "190", "n": "13258", "vap": "19", "pvap": "   0,02", "e": "N", "st": "Suplente"}, {"seq": "197", "n": "13050", "vap": "16", "pvap": "   0,02", "e": "N", "st": "Suplente"}, {"seq": "202", "n": "13929", "vap": "13", "pvap": "   0,02", "e": "N", "st": "Suplente"}, {"seq": "206", "n": "13266", "vap": "12", "pvap": "   0,02", "e": "N", "st": "Suplente"}, {"seq": "211", "n": "13611", "vap": "9", "pvap": "   0,01", "e": "N", "st": "Suplente"}, {"seq": "212", "n": "13123", "vap": "8", "pvap": "   0,01", "e": "N", "st": "Suplente"}, {"seq": "232", "n": "23456", "vap": "208", "pvap": "   0,27", "e": "N", "st": "N\u00e3o eleito"}, {"seq": "396", "n": "23123", "vap": "3", "pvap": "   0,00", "e": "N", "st": "N\u00e3o eleito"}, {"seq": "223", "n": "35100", "vap": "306", "pvap": "   0,40", "e": "N", "st": "N\u00e3o eleito"}, {"seq": "237", "n": "35777", "vap": "178", "pvap": "   0,23", "e": "N", "st": "N\u00e3o eleito"}, {"seq": "256", "n": "35888", "vap": "110", "pvap": "   0,14", "e": "N", "st": "N\u00e3o eleito"}, {"seq": "274", "n": "35300", "vap": "78", "pvap": "   0,10", "e": "N", "st": "N\u00e3o eleito"}, {"seq": "276", "n": "35501", "vap": "72", "pvap": "   0,09", "e": "N", "st": "N\u00e3o eleito"}, {"seq": "283", "n": "35999", "vap": "68", "pvap": "   0,09", "e": "N", "st": "N\u00e3o eleito"}, {"seq": "288", "n": "35007", "vap": "64", "pvap": "   0,08", "e": "N", "st": "N\u00e3o eleito"}, {"seq": "296", "n": "35123", "vap": "56", "pvap": "   0,07", "e": "N", "st": "N\u00e3o eleito"}, {"seq": "300", "n": "35222", "vap": "53", "pvap": "   0,07", "e": "N", "st": "N\u00e3o eleito"}, {"seq": "307", "n": "35456", "vap": "47", "pvap": "   0,06", "e": "N", "st": "N\u00e3o eleito"}, {"seq": "315", "n": "35000", "vap": "40", "pvap": "   0,05", "e": "N", "st": "N\u00e3o eleito"}, {"seq": "332", "n": "35800", "vap": "28", "pvap": "   0,04", "e": "N", "st": "N\u00e3o eleito"}, {"seq": "341", "n": "35001", "vap": "24", "pvap": "   0,03", "e": "N", "st": "N\u00e3o eleito"}, {"seq": "347", "n": "35333", "vap": "23", "pvap": "   0,03", "e": "N", "st": "N\u00e3o eleito"}, {"seq": "348", "n": "35111", "vap": "23", "pvap": "   0,03", "e": "N", "st": "N\u00e3o eleito"}, {"seq": "349", "n": "35345", "vap": "22", "pvap": "   0,03", "e": "N", "st": "N\u00e3o eleito"}, {"seq": "361", "n": "35500", "vap": "17", "pvap": "   0,02", "e": "N", "st": "N\u00e3o eleito"}, {"seq": "363", "n": "35140", "vap": "17", "pvap": "   0,02", "e": "N", "st": "N\u00e3o eleito"}, {"seq": "371", "n": "35101", "vap": "14", "pvap": "   0,02", "e": "N", "st": "N\u00e3o eleito"}, {"seq": "372", "n": "35444", "vap": "14", "pvap": "   0,02", "e": "N", "st": "N\u00e3o eleito"}, {"seq": "391", "n": "35555", "vap": "4", "pvap": "   0,01", "e": "N", "st": "N\u00e3o eleito"}, {"seq": "295", "n": "40000", "vap": "56", "pvap": "   0,07", "e": "N", "st": "N\u00e3o eleito"}, {"seq": "393", "n": "40123", "vap": "3", "pvap": "   0,00", "e": "N", "st": "N\u00e3o eleito"}, {"seq": "266", "n": "43000", "vap": "90", "pvap": "   0,12", "e": "N", "st": "N\u00e3o eleito"}, {"seq": "279", "n": "43125", "vap": "71", "pvap": "   0,09", "e": "N", "st": "N\u00e3o eleito"}, {"seq": "290", "n": "43199", "vap": "61", "pvap": "   0,08", "e": "N", "st": "N\u00e3o eleito"}, {"seq": "311", "n": "43130", "vap": "45", "pvap": "   0,06", "e": "N", "st": "N\u00e3o eleito"}, {"seq": "330", "n": "43456", "vap": "29", "pvap": "   0,04", "e": "N", "st": "N\u00e3o eleito"}, {"seq": "346", "n": "43333", "vap": "23", "pvap": "   0,03", "e": "N", "st": "N\u00e3o eleito"}, {"seq": "352", "n": "43234", "vap": "22", "pvap": "   0,03", "e": "N", "st": "N\u00e3o eleito"}, {"seq": "353", "n": "43019", "vap": "22", "pvap": "   0,03", "e": "N", "st": "N\u00e3o eleito"}, {"seq": "355", "n": "43123", "vap": "21", "pvap": "   0,03", "e": "N", "st": "N\u00e3o eleito"}, {"seq": "378", "n": "43111", "vap": "9", "pvap": "   0,01", "e": "N", "st": "N\u00e3o eleito"}, {"seq": "384", "n": "43444", "vap": "7", "pvap": "   0,01", "e": "N", "st": "N\u00e3o eleito"}, {"seq": "401", "n": "43399", "vap": "1", "pvap": "   0,00", "e": "N", "st": "N\u00e3o eleito"}, {"seq": "12", "n": "65050", "vap": "1025", "pvap": "   1,33", "e": "S", "st": "Eleito"}, {"seq": "35", "n": "65555", "vap": "513", "pvap": "   0,67", "e": "N", "st": "Suplente"}, {"seq": "41", "n": "65333", "vap": "411", "pvap": "   0,53", "e": "N", "st": "Suplente"}, {"seq": "48", "n": "65611", "vap": "373", "pvap": "   0,48", "e": "N", "st": "Suplente"}, {"seq": "57", "n": "65654", "vap": "333", "pvap": "   0,43", "e": "N", "st": "Suplente"}, {"seq": "89", "n": "65137", "vap": "195", "pvap": "   0,25", "e": "N", "st": "Suplente"}, {"seq": "108", "n": "65500", "vap": "118", "pvap": "   0,15", "e": "N", "st": "Suplente"}, {"seq": "125", "n": "65065", "vap": "75", "pvap": "   0,10", "e": "N", "st": "Suplente"}, {"seq": "126", "n": "65789", "vap": "75", "pvap": "   0,10", "e": "N", "st": "Suplente"}, {"seq": "132", "n": "65123", "vap": "64", "pvap": "   0,08", "e": "N", "st": "Suplente"}, {"seq": "147", "n": "65244", "vap": "45", "pvap": "   0,06", "e": "N", "st": "Suplente"}, {"seq": "152", "n": "65222", "vap": "43", "pvap": "   0,06", "e": "N", "st": "Suplente"}, {"seq": "178", "n": "65190", "vap": "24", "pvap": "   0,03", "e": "N", "st": "Suplente"}, {"seq": "180", "n": "65147", "vap": "23", "pvap": "   0,03", "e": "N", "st": "Suplente"}, {"seq": "183", "n": "65111", "vap": "21", "pvap": "   0,03", "e": "N", "st": "Suplente"}, {"seq": "195", "n": "65029", "vap": "18", "pvap": "   0,02", "e": "N", "st": "Suplente"}, {"seq": "199", "n": "65777", "vap": "16", "pvap": "   0,02", "e": "N", "st": "Suplente"}, {"seq": "204", "n": "65291", "vap": "13", "pvap": "   0,02", "e": "N", "st": "Suplente"}, {"seq": "205", "n": "65612", "vap": "13", "pvap": "   0,02", "e": "N", "st": "Suplente"}, {"seq": "8", "n": "22369", "vap": "1225", "pvap": "   1,59", "e": "S", "st": "Eleito"}, {"seq": "17", "n": "22999", "vap": "782", "pvap": "   1,01", "e": "S", "st": "Eleito"}, {"seq": "27", "n": "22345", "vap": "648", "pvap": "   0,84", "e": "N", "st": "Suplente"}, {"seq": "31", "n": "22222", "vap": "584", "pvap": "   0,76", "e": "N", "st": "Suplente"}, {"seq": "62", "n": "22123", "vap": "285", "pvap": "   0,37", "e": "N", "st": "Suplente"}, {"seq": "66", "n": "22111", "vap": "274", "pvap": "   0,36", "e": "N", "st": "Suplente"}, {"seq": "71", "n": "22000", "vap": "254", "pvap": "   0,33", "e": "N", "st": "Suplente"}, {"seq": "72", "n": "22666", "vap": "251", "pvap": "   0,33", "e": "N", "st": "Suplente"}, {"seq": "85", "n": "22333", "vap": "220", "pvap": "   0,29", "e": "N", "st": "Suplente"}, {"seq": "87", "n": "22800", "vap": "215", "pvap": "   0,28", "e": "N", "st": "Suplente"}, {"seq": "94", "n": "22777", "vap": "178", "pvap": "   0,23", "e": "N", "st": "Suplente"}, {"seq": "104", "n": "22113", "vap": "128", "pvap": "   0,17", "e": "N", "st": "Suplente"}, {"seq": "107", "n": "22555", "vap": "119", "pvap": "   0,15", "e": "N", "st": "Suplente"}, {"seq": "120", "n": "22133", "vap": "80", "pvap": "   0,10", "e": "N", "st": "Suplente"}, {"seq": "138", "n": "22219", "vap": "57", "pvap": "   0,07", "e": "N", "st": "Suplente"}, {"seq": "142", "n": "22612", "vap": "49", "pvap": "   0,06", "e": "N", "st": "Suplente"}, {"seq": "144", "n": "22922", "vap": "47", "pvap": "   0,06", "e": "N", "st": "Suplente"}, {"seq": "151", "n": "22444", "vap": "43", "pvap": "   0,06", "e": "N", "st": "Suplente"}, {"seq": "168", "n": "22789", "vap": "29", "pvap": "   0,04", "e": "N", "st": "Suplente"}, {"seq": "171", "n": "22051", "vap": "28", "pvap": "   0,04", "e": "N", "st": "Suplente"}, {"seq": "203", "n": "22500", "vap": "13", "pvap": "   0,02", "e": "N", "st": "Suplente"}, {"seq": "207", "n": "22233", "vap": "12", "pvap": "   0,02", "e": "N", "st": "Suplente"}, {"seq": "217", "n": "22700", "vap": "1", "pvap": "   0,00", "e": "N", "st": "Suplente"}, {"seq": "218", "n": "22100", "vap": "0", "pvap": "00.00", "e": "N", "st": "Suplente"}, {"seq": "2", "n": "55555", "vap": "2056", "pvap": "   2,67", "e": "S", "st": "Eleito"}, {"seq": "5", "n": "55777", "vap": "1406", "pvap": "   1,82", "e": "S", "st": "Eleito"}, {"seq": "44", "n": "55222", "vap": "394", "pvap": "   0,51", "e": "N", "st": "Suplente"}, {"seq": "54", "n": "55192", "vap": "351", "pvap": "   0,46", "e": "N", "st": "Suplente"}, {"seq": "64", "n": "55333", "vap": "282", "pvap": "   0,37", "e": "N", "st": "Suplente"}, {"seq": "90", "n": "55800", "vap": "195", "pvap": "   0,25", "e": "N", "st": "Suplente"}, {"seq": "97", "n": "55123", "vap": "167", "pvap": "   0,22", "e": "N", "st": "Suplente"}, {"seq": "109", "n": "55888", "vap": "115", "pvap": "   0,15", "e": "N", "st": "Suplente"}, {"seq": "143", "n": "55421", "vap": "49", "pvap": "   0,06", "e": "N", "st": "Suplente"}, {"seq": "160", "n": "55456", "vap": "37", "pvap": "   0,05", "e": "N", "st": "Suplente"}, {"seq": "165", "n": "55444", "vap": "30", "pvap": "   0,04", "e": "N", "st": "Suplente"}, {"seq": "184", "n": "55135", "vap": "21", "pvap": "   0,03", "e": "N", "st": "Suplente"}, {"seq": "186", "n": "55130", "vap": "20", "pvap": "   0,03", "e": "N", "st": "Suplente"}, {"seq": "189", "n": "55129", "vap": "19", "pvap": "   0,02", "e": "N", "st": "Suplente"}, {"seq": "196", "n": "55003", "vap": "17", "pvap": "   0,02", "e": "N", "st": "Suplente"}, {"seq": "214", "n": "55037", "vap": "5", "pvap": "   0,01", "e": "N", "st": "Suplente"}, {"seq": "280", "n": "16000", "vap": "70", "pvap": "   0,09", "e": "N", "st": "N\u00e3o eleito"}]}]}