{"ele": "426", "carper": "13", "t": "1", "f": "O", "esae": "N", "mnae": " ", "dg": "15/11/2020", "hg": "23:31:47", "dv": "S", "nadf": "ba33391-c0013-e000426-002-f", "abr": [{"dt": "15/11/2020", "ht": "23:05:30", "tf": "S", "and": "F", "tpabr": "MU", "cdabr": "33391", "s": "32", "st": "32", "snt": "0", "si": "32", "sni": "0", "sa": "32", "sna": "0", "pst": " 100,00", "psnt": "   0,00", "psi": " 100,00", "psni": "   0,00", "psa": " 100,00", "psna": "   0,00", "e": "11409", "ea": "11409", "ena": "0", "esi": "11409", "esni": "0", "c": "10543", "a": "866", "pea": " 100,00", "pena": "   0,00", "pesi": " 100,00", "pesni": "   0,00", "pa": "   7,59", "pc": "  92,41", "vscv": "0", "vnom": "9750", "vl": "357", "tv": "10543", "vvc": "10107", "vb": "63", "tvn": "373", "vn": "373", "vnt": "0", "vp": "0", "vv": "10107", "van": "0", "vansj": "0", "pvnom": "  96,47", "pvl": "   3,53", "pvvc": "  95,86", "pvb": "   0,60", "ptvn": "   3,54", "pvn": " 100,00", "pvnt": "   0,00", "pvp": "   0,00", "pvv": " 100,00", "pvan": "   0,00", "pvansj": "   0,00", "colig": [{"n": "50000064892", "tvtn": "5654", "tvan": "5654", "vag": "5", "tvtl": "138", "tval": "138"}, {"n": "50000071841", "tvtn": "4096", "tvan": "4096", "vag": "4", "tvtl": "219", "tval": "219"}], "part": [{"n": "11", "tvtn": "5654", "tvan": "5654", "tvtl": "138", "tval": "138"}, {"n": "55", "tvtn": "4096", "tvan": "4096", "tvtl": "219", "tval": "219"}], "cand": [{"seq": "19", "n": "11888", "vap": "68", "pvap": "   0,67", "e": "N", "st": "Suplente"}, {"seq": "21", "n": "11123", "vap": "60", "pvap": "   0,59", "e": "N", "st": "Suplente"}, {"seq": "17", "n": "11122", "vap": "121", "pvap": "   1,20", "e": "N", "st": "Suplente"}, {"seq": "13", "n": "11000", "vap": "390", "pvap": "   3,86", "e": "N", "st": "Suplente"}, {"seq": "20", "n": "11555", "vap": "60", "pvap": "   0,59", "e": "N", "st": "Suplente"}, {"seq": "1", "n": "11111", "vap": "966", "pvap": "   9,56", "e": "S", "st": "Eleito"}, {"seq": "10", "n": "11999", "vap": "532", "pvap": "   5,26", "e": "N", "st": "Suplente"}, {"seq": "16", "n": "11333", "vap": "128", "pvap": "   1,27", "e": "N", "st": "Suplente"}, {"seq": "8", "n": "11222", "vap": "624", "pvap": "   6,17", "e": "S", "st": "Eleito"}, {"seq": "6", "n": "11155", "vap": "701", "pvap": "   6,94", "e": "S", "st": "Eleito"}, {"seq": "12", "n": "11444", "vap": "418", "pvap": "   4,14", "e": "N", "st": "Suplente"}, {"seq": "2", "n": "11777", "vap": "832", "pvap": "   8,23", "e": "S", "st": "Eleito"}, {"seq": "5", "n": "11666", "vap": "754", "pvap": "   7,46", "e": "S", "st": "Eleito"}, {"seq": "7", "n": "55555", "vap": "630", "pvap": "   6,23", "e": "S", "st": "Eleito"}, {"seq": "11", "n": "55888", "vap": "470", "pvap": "   4,65", "e": "N", "st": "Suplente"}, {"seq": "18", "n": "55666", "vap": "97", "pvap": "   0,96", "e": "N", "st": "Suplente"}, {"seq": "9", "n": "55222", "vap": "585", "pvap": "   5,79", "e": "S", "st": "Eleito"}, {"seq": "4", "n": "55123", "vap": "781", "pvap": "   7,73", "e": "S", "st": "Eleito"}, {"seq": "3", "n": "55000", "vap": "804", "pvap": "   7,95", "e": "S", "st": "Eleito"}, {"seq": "22", "n": "55111", "vap": "30", "pvap": "   0,30", "e": "N", "st": "Suplente"}, {"seq": "14", "n": "55777", "vap": "385", "pvap": "   3,81", "e": "N", "st": "Suplente"}, {"seq": "15", "n": "55444", "vap": "314", "pvap": "   3,11", "e": "N", "st": "Suplente"}]}, {"dt": "15/11/2020", "ht": "23:05:30", "tf": "S", "and": "F", "tpabr": "ZONA", "cdabr": "90", "s": "32", "st": "32", "snt": "0", "si": "32", "sni": "0", "sa": "32", "sna": "0", "pst": " 100,00", "psnt": "   0,00", "psi": " 100,00", "psni": "   0,00", "psa": " 100,00", "psna": "   0,00", "e": "11409", "ea": "11409", "ena": "0", "esi": "11409", "esni": "0", "a": "866", "c": "10543", "pea": " 100,00", "pena": "   0,00", "pesi": " 100,00", "pesni": "   0,00", "pa": "   7,59", "pc": "  92,41", "vnom": "9750", "vscv": "0", "vl": "357", "tv": "10543", "vvc": "10107", "vb": "63", "tvn": "373", "vn": "373", "vnt": "0", "vp": "0", "vv": "10107", "van": "0", "vansj": "0", "pvnom": "  96,47", "pvl": "   3,53", "pvvc": "  95,86", "pvb": "   0,60", "ptvn": "   3,54", "pvn": " 100,00", "pvnt": "   0,00", "pvp": "   0,00", "pvv": " 100,00", "pvan": "   0,00", "pvansj": "   0,00", "cand": [{"seq": "21", "n": "11123", "vap": "60", "pvap": "   0,59", "e": "N", "st": "Suplente"}, {"seq": "17", "n": "11122", "vap": "121", "pvap": "   1,20", "e": "N", "st": "Suplente"}, {"seq": "2", "n": "11777", "vap": "832", "pvap": "   8,23", "e": "S", "st": "Eleito"}, {"seq": "13", "n": "11000", "vap": "390", "pvap": "   3,86", "e": "N", "st": "Suplente"}, {"seq": "19", "n": "11888", "vap": "68", "pvap": "   0,67", "e": "N", "st": "Suplente"}, {"seq": "8", "n": "11222", "vap": "624", "pvap": "   6,17", "e": "S", "st": "Eleito"}, {"seq": "1", "n": "11111", "vap": "966", "pvap": "   9,56", "e": "S", "st": "Eleito"}, {"seq": "20", "n": "11555", "vap": "60", "pvap": "   0,59", "e": "N", "st": "Suplente"}, {"seq": "5", "n": "11666", "vap": "754", "pvap": "   7,46", "e": "S", "st": "Eleito"}, {"seq": "16", "n": "11333", "vap": "128", "pvap": "   1,27", "e": "N", "st": "Suplente"}, {"seq": "10", "n": "11999", "vap": "532", "pvap": "   5,26", "e": "N", "st": "Suplente"}, {"seq": "6", "n": "11155", "vap": "701", "pvap": "   6,94", "e": "S", "st": "Eleito"}, {"seq": "12", "n": "11444", "vap": "418", "pvap": "   4,14", "e": "N", "st": "Suplente"}, {"seq": "22", "n": "55111", "vap": "30", "pvap": "   0,30", "e": "N", "st": "Suplente"}, {"seq": "11", "n": "55888", "vap": "470", "pvap": "   4,65", "e": "N", "st": "Suplente"}, {"seq": "15", "n": "55444", "vap": "314", "pvap": "   3,11", "e": "N", "st": "Suplente"}, {"seq": "7", "n": "55555", "vap": "630", "pvap": "   6,23", "e": "S", "st": "Eleito"}, {"seq": "3", "n": "55000", "vap": "804", "pvap": "   7,95", "e": "S", "st": "Eleito"}, {"seq": "9", "n": "55222", "vap": "585", "pvap": "   5,79", "e": "S", "st": "Eleito"}, {"seq": "4", "n": "55123", "vap": "781", "pvap": "   7,73", "e": "S", "st": "Eleito"}, {"seq": "18", "n": "55666", "vap": "97", "pvap": "   0,96", "e": "N", "st": "Suplente"}, {"seq": "14", "n": "55777", "vap": "385", "pvap": "   3,81", "e": "N", "st": "Suplente"}]}]}