{"ele": "426", "carper": "13", "t": "1", "f": "O", "esae": "N", "mnae": " ", "dg": "15/11/2020", "hg": "22:14:44", "dv": "S", "nadf": "ba33715-c0013-e000426-002-f", "abr": [{"dt": "15/11/2020", "ht": "22:10:32", "tf": "S", "and": "F", "tpabr": "MU", "cdabr": "33715", "s": "32", "st": "32", "snt": "0", "si": "32", "sni": "0", "sa": "32", "sna": "0", "pst": " 100,00", "psnt": "   0,00", "psi": " 100,00", "psni": "   0,00", "psa": " 100,00", "psna": "   0,00", "e": "12096", "ea": "12096", "ena": "0", "esi": "12096", "esni": "0", "c": "10348", "a": "1748", "pea": " 100,00", "pena": "   0,00", "pesi": " 100,00", "pesni": "   0,00", "pa": "  14,45", "pc": "  85,55", "vscv": "0", "vnom": "8737", "vl": "909", "tv": "10348", "vvc": "9646", "vb": "136", "tvn": "566", "vn": "566", "vnt": "0", "vp": "0", "vv": "9646", "van": "0", "vansj": "0", "pvnom": "  90,58", "pvl": "   9,42", "pvvc": "  93,22", "pvb": "   1,31", "ptvn": "   5,47", "pvn": " 100,00", "pvnt": "   0,00", "pvp": "   0,00", "pvv": " 100,00", "pvan": "   0,00", "pvansj": "   0,00", "colig": [{"n": "50000086974", "tvtn": "1821", "tvan": "1821", "vag": "2", "tvtl": "214", "tval": "214"}, {"n": "50000087632", "tvtn": "1031", "tvan": "1031", "vag": "1", "tvtl": "209", "tval": "209"}, {"n": "50000055647", "tvtn": "38", "tvan": "38", "vag": "0", "tvtl": "8", "tval": "8"}, {"n": "50000087379", "tvtn": "2500", "tvan": "2500", "vag": "4", "tvtl": "322", "tval": "322"}, {"n": "50000124697", "tvtn": "656", "tvan": "656", "vag": "1", "tvtl": "34", "tval": "34"}, {"n": "50000087229", "tvtn": "1608", "tvan": "1608", "vag": "2", "tvtl": "52", "tval": "52"}, {"n": "50000087102", "tvtn": "38", "tvan": "38", "vag": "0", "tvtl": "14", "tval": "14"}, {"n": "50000087459", "tvtn": "5", "tvan": "5", "vag": "0", "tvtl": "27", "tval": "27"}, {"n": "50000087060", "tvtn": "1010", "tvan": "1010", "vag": "1", "tvtl": "24", "tval": "24"}, {"n": "50000109898", "tvtn": "30", "tvan": "30", "vag": "0", "tvtl": "5", "tval": "5"}], "part": [{"n": "12", "tvtn": "1821", "tvan": "1821", "tvtl": "214", "tval": "214"}, {"n": "65", "tvtn": "1031", "tvan": "1031", "tvtl": "209", "tval": "209"}, {"n": "90", "tvtn": "38", "tvan": "38", "tvtl": "8", "tval": "8"}, {"n": "40", "tvtn": "2500", "tvan": "2500", "tvtl": "322", "tval": "322"}, {"n": "55", "tvtn": "656", "tvan": "656", "tvtl": "34", "tval": "34"}, {"n": "20", "tvtn": "1608", "tvan": "1608", "tvtl": "52", "tval": "52"}, {"n": "14", "tvtn": "38", "tvan": "38", "tvtl": "14", "tval": "14"}, {"n": "45", "tvtn": "5", "tvan": "5", "tvtl": "27", "tval": "27"}, {"n": "13", "tvtn": "1010", "tvan": "1010", "tvtl": "24", "tval": "24"}, {"n": "51", "tvtn": "30", "tvan": "30", "tvtl": "5", "tval": "5"}], "cand": [{"seq": "62", "n": "12123", "vap": "14", "pvap": "   0,15", "e": "N", "st": "Suplente"}, {"seq": "57", "n": "12000", "vap": "17", "pvap": "   0,18", "e": "N", "st": "Suplente"}, {"seq": "13", "n": "12333", "vap": "289", "pvap": "   3,00", "e": "N", "st": "Suplente"}, {"seq": "58", "n": "12612", "vap": "16", "pvap": "   0,17", "e": "N", "st": "Suplente"}, {"seq": "37", "n": "12456", "vap": "41", "pvap": "   0,43", "e": "N", "st": "Suplente"}, {"seq": "25", "n": "12555", "vap": "131", "pvap": "   1,36", "e": "N", "st": "Suplente"}, {"seq": "4", "n": "12611", "vap": "463", "pvap": "   4,80", "e": "S", "st": "Eleito"}, {"seq": "12", "n": "12222", "vap": "318", "pvap": "   3,30", "e": "N", "st": "Suplente"}, {"seq": "3", "n": "12012", "vap": "503", "pvap": "   5,21", "e": "S", "st": "Eleito"}, {"seq": "47", "n": "12311", "vap": "29", "pvap": "   0,30", "e": "N", "st": "Suplente"}, {"seq": "38", "n": "65555", "vap": "41", "pvap": "   0,43", "e": "N", "st": "Suplente"}, {"seq": "53", "n": "65153", "vap": "22", "pvap": "   0,23", "e": "N", "st": "Suplente"}, {"seq": "44", "n": "65888", "vap": "35", "pvap": "   0,36", "e": "N", "st": "Suplente"}, {"seq": "68", "n": "65000", "vap": "4", "pvap": "   0,04", "e": "N", "st": "Suplente"}, {"seq": "54", "n": "65222", "vap": "19", "pvap": "   0,20", "e": "N", "st": "Suplente"}, {"seq": "60", "n": "65112", "vap": "14", "pvap": "   0,15", "e": "N", "st": "Suplente"}, {"seq": "40", "n": "65777", "vap": "39", "pvap": "   0,40", "e": "N", "st": "Suplente"}, {"seq": "55", "n": "65678", "vap": "19", "pvap": "   0,20", "e": "N", "st": "Suplente"}, {"seq": "59", "n": "65122", "vap": "15", "pvap": "   0,16", "e": "N", "st": "Suplente"}, {"seq": "30", "n": "65065", "vap": "75", "pvap": "   0,78", "e": "N", "st": "Suplente"}, {"seq": "5", "n": "65456", "vap": "399", "pvap": "   4,14", "e": "S", "st": "Eleito"}, {"seq": "48", "n": "65333", "vap": "27", "pvap": "   0,28", "e": "N", "st": "Suplente"}, {"seq": "45", "n": "65789", "vap": "34", "pvap": "   0,35", "e": "N", "st": "Suplente"}, {"seq": "18", "n": "65123", "vap": "196", "pvap": "   2,03", "e": "N", "st": "Suplente"}, {"seq": "29", "n": "65111", "vap": "92", "pvap": "   0,95", "e": "N", "st": "Suplente"}, {"seq": "76", "n": "90007", "vap": "2", "pvap": "   0,02", "e": "N", "st": "N\u00e3o eleito"}, {"seq": "75", "n": "90999", "vap": "4", "pvap": "   0,04", "e": "N", "st": "N\u00e3o eleito"}, {"seq": "70", "n": "90123", "vap": "32", "pvap": "   0,33", "e": "N", "st": "N\u00e3o eleito"}, {"seq": "50", "n": "40888", "vap": "25", "pvap": "   0,26", "e": "N", "st": "Suplente"}, {"seq": "7", "n": "40123", "vap": "339", "pvap": "   3,51", "e": "S", "st": "Eleito"}, {"seq": "9", "n": "40555", "vap": "298", "pvap": "   3,09", "e": "S", "st": "Eleito"}, {"seq": "21", "n": "40456", "vap": "150", "pvap": "   1,56", "e": "N", "st": "Suplente"}, {"seq": "31", "n": "40122", "vap": "74", "pvap": "   0,77", "e": "N", "st": "Suplente"}, {"seq": "26", "n": "40611", "vap": "109", "pvap": "   1,13", "e": "N", "st": "Suplente"}, {"seq": "15", "n": "40222", "vap": "209", "pvap": "   2,17", "e": "N", "st": "Suplente"}, {"seq": "10", "n": "40620", "vap": "284", "pvap": "   2,94", "e": "S", "st": "Eleito"}, {"seq": "66", "n": "40333", "vap": "9", "pvap": "   0,09", "e": "N", "st": "Suplente"}, {"seq": "16", "n": "40111", "vap": "202", "pvap": "   2,09", "e": "N", "st": "Suplente"}, {"seq": "14", "n": "40345", "vap": "224", "pvap": "   2,32", "e": "N", "st": "Suplente"}, {"seq": "6", "n": "40000", "vap": "352", "pvap": "   3,65", "e": "S", "st": "Eleito"}, {"seq": "41", "n": "40789", "vap": "38", "pvap": "   0,39", "e": "N", "st": "Suplente"}, {"seq": "64", "n": "40196", "vap": "11", "pvap": "   0,11", "e": "N", "st": "Suplente"}, {"seq": "24", "n": "40444", "vap": "135", "pvap": "   1,40", "e": "N", "st": "Suplente"}, {"seq": "36", "n": "40777", "vap": "41", "pvap": "   0,43", "e": "N", "st": "Suplente"}, {"seq": "22", "n": "55123", "vap": "143", "pvap": "   1,48", "e": "N", "st": "Suplente"}, {"seq": "8", "n": "55610", "vap": "303", "pvap": "   3,14", "e": "S", "st": "Eleito"}, {"seq": "46", "n": "55110", "vap": "31", "pvap": "   0,32", "e": "N", "st": "Suplente"}, {"seq": "23", "n": "55333", "vap": "141", "pvap": "   1,46", "e": "N", "st": "Suplente"}, {"seq": "42", "n": "55555", "vap": "38", "pvap": "   0,39", "e": "N", "st": "Suplente"}, {"seq": "19", "n": "20000", "vap": "170", "pvap": "   1,76", "e": "N", "st": "Suplente"}, {"seq": "63", "n": "20025", "vap": "12", "pvap": "   0,12", "e": "N", "st": "Suplente"}, {"seq": "11", "n": "20022", "vap": "252", "pvap": "   2,61", "e": "S", "st": "Eleito"}, {"seq": "39", "n": "20201", "vap": "40", "pvap": "   0,41", "e": "N", "st": "Suplente"}, {"seq": "67", "n": "20005", "vap": "7", "pvap": "   0,07", "e": "N", "st": "Suplente"}, {"seq": "1", "n": "20123", "vap": "637", "pvap": "   6,60", "e": "S", "st": "Eleito"}, {"seq": "56", "n": "20620", "vap": "17", "pvap": "   0,18", "e": "N", "st": "Suplente"}, {"seq": "35", "n": "20333", "vap": "44", "pvap": "   0,46", "e": "N", "st": "Suplente"}, {"seq": "33", "n": "20027", "vap": "51", "pvap": "   0,53", "e": "N", "st": "Suplente"}, {"seq": "20", "n": "20020", "vap": "162", "pvap": "   1,68", "e": "N", "st": "Suplente"}, {"seq": "61", "n": "20222", "vap": "14", "pvap": "   0,15", "e": "N", "st": "Suplente"}, {"seq": "17", "n": "20666", "vap": "202", "pvap": "   2,09", "e": "N", "st": "Suplente"}, {"seq": "69", "n": "14444", "vap": "38", "pvap": "   0,39", "e": "N", "st": "N\u00e3o eleito"}, {"seq": "74", "n": "45000", "vap": "5", "pvap": "   0,05", "e": "N", "st": "N\u00e3o eleito"}, {"seq": "34", "n": "13123", "vap": "47", "pvap": "   0,49", "e": "N", "st": "Suplente"}, {"seq": "51", "n": "13000", "vap": "24", "pvap": "   0,25", "e": "N", "st": "Suplente"}, {"seq": "52", "n": "13222", "vap": "24", "pvap": "   0,25", "e": "N", "st": "Suplente"}, {"seq": "65", "n": "13131", "vap": "10", "pvap": "   0,10", "e": "N", "st": "Suplente"}, {"seq": "2", "n": "13444", "vap": "582", "pvap": "   6,03", "e": "S", "st": "Eleito"}, {"seq": "28", "n": "13555", "vap": "101", "pvap": "   1,05", "e": "N", "st": "Suplente"}, {"seq": "43", "n": "13456", "vap": "36", "pvap": "   0,37", "e": "N", "st": "Suplente"}, {"seq": "27", "n": "13111", "vap": "107", "pvap": "   1,11", "e": "N", "st": "Suplente"}, {"seq": "49", "n": "13777", "vap": "27", "pvap": "   0,28", "e": "N", "st": "Suplente"}, {"seq": "32", "n": "13013", "vap": "52", "pvap": "   0,54", "e": "N", "st": "Suplente"}, {"seq": "73", "n": "51123", "vap": "9", "pvap": "   0,09", "e": "N", "st": "N\u00e3o eleito"}, {"seq": "72", "n": "51555", "vap": "9", "pvap": "   0,09", "e": "N", "st": "N\u00e3o eleito"}, {"seq": "71", "n": "51111", "vap": "12", "pvap": "   0,12", "e": "N", "st": "N\u00e3o eleito"}]}, {"dt": "15/11/2020", "ht": "22:10:32", "tf": "S", "and": "F", "tpabr": "ZONA", "cdabr": "150", "s": "32", "st": "32", "snt": "0", "si": "32", "sni": "0", "sa": "32", "sna": "0", "pst": " 100,00", "psnt": "   0,00", "psi": " 100,00", "psni": "   0,00", "psa": " 100,00", "psna": "   0,00", "e": "12096", "ea": "12096", "ena": "0", "esi": "12096", "esni": "0", "a": "1748", "c": "10348", "pea": " 100,00", "pena": "   0,00", "pesi": " 100,00", "pesni": "   0,00", "pa": "  14,45", "pc": "  85,55", "vnom": "8737", "vscv": "0", "vl": "909", "tv": "10348", "vvc": "9646", "vb": "136", "tvn": "566", "vn": "566", "vnt": "0", "vp": "0", "vv": "9646", "van": "0", "vansj": "0", "pvnom": "  90,58", "pvl": "   9,42", "pvvc": "  93,22", "pvb": "   1,31", "ptvn": "   5,47", "pvn": " 100,00", "pvnt": "   0,00", "pvp": "   0,00", "pvv": " 100,00", "pvan": "   0,00", "pvansj": "   0,00", "cand": [{"seq": "41", "n": "40789", "vap": "38", "pvap": "   0,39", "e": "N", "st": "Suplente"}, {"seq": "50", "n": "40888", "vap": "25", "pvap": "   0,26", "e": "N", "st": "Suplente"}, {"seq": "66", "n": "40333", "vap": "9", "pvap": "   0,09", "e": "N", "st": "Suplente"}, {"seq": "10", "n": "40620", "vap": "284", "pvap": "   2,94", "e": "S", "st": "Eleito"}, {"seq": "26", "n": "40611", "vap": "109", "pvap": "   1,13", "e": "N", "st": "Suplente"}, {"seq": "7", "n": "40123", "vap": "339", "pvap": "   3,51", "e": "S", "st": "Eleito"}, {"seq": "36", "n": "40777", "vap": "41", "pvap": "   0,43", "e": "N", "st": "Suplente"}, {"seq": "6", "n": "40000", "vap": "352", "pvap": "   3,65", "e": "S", "st": "Eleito"}, {"seq": "31", "n": "40122", "vap": "74", "pvap": "   0,77", "e": "N", "st": "Suplente"}, {"seq": "15", "n": "40222", "vap": "209", "pvap": "   2,17", "e": "N", "st": "Suplente"}, {"seq": "21", "n": "40456", "vap": "150", "pvap": "   1,56", "e": "N", "st": "Suplente"}, {"seq": "16", "n": "40111", "vap": "202", "pvap": "   2,09", "e": "N", "st": "Suplente"}, {"seq": "14", "n": "40345", "vap": "224", "pvap": "   2,32", "e": "N", "st": "Suplente"}, {"seq": "64", "n": "40196", "vap": "11", "pvap": "   0,11", "e": "N", "st": "Suplente"}, {"seq": "24", "n": "40444", "vap": "135", "pvap": "   1,40", "e": "N", "st": "Suplente"}, {"seq": "9", "n": "40555", "vap": "298", "pvap": "   3,09", "e": "S", "st": "Eleito"}, {"seq": "22", "n": "55123", "vap": "143", "pvap": "   1,48", "e": "N", "st": "Suplente"}, {"seq": "8", "n": "55610", "vap": "303", "pvap": "   3,14", "e": "S", "st": "Eleito"}, {"seq": "23", "n": "55333", "vap": "141", "pvap": "   1,46", "e": "N", "st": "Suplente"}, {"seq": "46", "n": "55110", "vap": "31", "pvap": "   0,32", "e": "N", "st": "Suplente"}, {"seq": "42", "n": "55555", "vap": "38", "pvap": "   0,39", "e": "N", "st": "Suplente"}, {"seq": "70", "n": "90123", "vap": "32", "pvap": "   0,33", "e": "N", "st": "N\u00e3o eleito"}, {"seq": "76", "n": "90007", "vap": "2", "pvap": "   0,02", "e": "N", "st": "N\u00e3o eleito"}, {"seq": "75", "n": "90999", "vap": "4", "pvap": "   0,04", "e": "N", "st": "N\u00e3o eleito"}, {"seq": "49", "n": "13777", "vap": "27", "pvap": "   0,28", "e": "N", "st": "Suplente"}, {"seq": "52", "n": "13222", "vap": "24", "pvap": "   0,25", "e": "N", "st": "Suplente"}, {"seq": "32", "n": "13013", "vap": "52", "pvap": "   0,54", "e": "N", "st": "Suplente"}, {"seq": "65", "n": "13131", "vap": "10", "pvap": "   0,10", "e": "N", "st": "Suplente"}, {"seq": "34", "n": "13123", "vap": "47", "pvap": "   0,49", "e": "N", "st": "Suplente"}, {"seq": "28", "n": "13555", "vap": "101", "pvap": "   1,05", "e": "N", "st": "Suplente"}, {"seq": "43", "n": "13456", "vap": "36", "pvap": "   0,37", "e": "N", "st": "Suplente"}, {"seq": "51", "n": "13000", "vap": "24", "pvap": "   0,25", "e": "N", "st": "Suplente"}, {"seq": "2", "n": "13444", "vap": "582", "pvap": "   6,03", "e": "S", "st": "Eleito"}, {"seq": "27", "n": "13111", "vap": "107", "pvap": "   1,11", "e": "N", "st": "Suplente"}, {"seq": "71", "n": "51111", "vap": "12", "pvap": "   0,12", "e": "N", "st": "N\u00e3o eleito"}, {"seq": "73", "n": "51123", "vap": "9", "pvap": "   0,09", "e": "N", "st": "N\u00e3o eleito"}, {"seq": "72", "n": "51555", "vap": "9", "pvap": "   0,09", "e": "N", "st": "N\u00e3o eleito"}, {"seq": "39", "n": "20201", "vap": "40", "pvap": "   0,41", "e": "N", "st": "Suplente"}, {"seq": "17", "n": "20666", "vap": "202", "pvap": "   2,09", "e": "N", "st": "Suplente"}, {"seq": "35", "n": "20333", "vap": "44", "pvap": "   0,46", "e": "N", "st": "Suplente"}, {"seq": "20", "n": "20020", "vap": "162", "pvap": "   1,68", "e": "N", "st": "Suplente"}, {"seq": "11", "n": "20022", "vap": "252", "pvap": "   2,61", "e": "S", "st": "Eleito"}, {"seq": "33", "n": "20027", "vap": "51", "pvap": "   0,53", "e": "N", "st": "Suplente"}, {"seq": "61", "n": "20222", "vap": "14", "pvap": "   0,15", "e": "N", "st": "Suplente"}, {"seq": "19", "n": "20000", "vap": "170", "pvap": "   1,76", "e": "N", "st": "Suplente"}, {"seq": "67", "n": "20005", "vap": "7", "pvap": "   0,07", "e": "N", "st": "Suplente"}, {"seq": "1", "n": "20123", "vap": "637", "pvap": "   6,60", "e": "S", "st": "Eleito"}, {"seq": "56", "n": "20620", "vap": "17", "pvap": "   0,18", "e": "N", "st": "Suplente"}, {"seq": "63", "n": "20025", "vap": "12", "pvap": "   0,12", "e": "N", "st": "Suplente"}, {"seq": "58", "n": "12612", "vap": "16", "pvap": "   0,17", "e": "N", "st": "Suplente"}, {"seq": "25", "n": "12555", "vap": "131", "pvap": "   1,36", "e": "N", "st": "Suplente"}, {"seq": "3", "n": "12012", "vap": "503", "pvap": "   5,21", "e": "S", "st": "Eleito"}, {"seq": "62", "n": "12123", "vap": "14", "pvap": "   0,15", "e": "N", "st": "Suplente"}, {"seq": "37", "n": "12456", "vap": "41", "pvap": "   0,43", "e": "N", "st": "Suplente"}, {"seq": "13", "n": "12333", "vap": "289", "pvap": "   3,00", "e": "N", "st": "Suplente"}, {"seq": "4", "n": "12611", "vap": "463", "pvap": "   4,80", "e": "S", "st": "Eleito"}, {"seq": "47", "n": "12311", "vap": "29", "pvap": "   0,30", "e": "N", "st": "Suplente"}, {"seq": "12", "n": "12222", "vap": "318", "pvap": "   3,30", "e": "N", "st": "Suplente"}, {"seq": "57", "n": "12000", "vap": "17", "pvap": "   0,18", "e": "N", "st": "Suplente"}, {"seq": "74", "n": "45000", "vap": "5", "pvap": "   0,05", "e": "N", "st": "N\u00e3o eleito"}, {"seq": "40", "n": "65777", "vap": "39", "pvap": "   0,40", "e": "N", "st": "Suplente"}, {"seq": "5", "n": "65456", "vap": "399", "pvap": "   4,14", "e": "S", "st": "Eleito"}, {"seq": "54", "n": "65222", "vap": "19", "pvap": "   0,20", "e": "N", "st": "Suplente"}, {"seq": "44", "n": "65888", "vap": "35", "pvap": "   0,36", "e": "N", "st": "Suplente"}, {"seq": "68", "n": "65000", "vap": "4", "pvap": "   0,04", "e": "N", "st": "Suplente"}, {"seq": "45", "n": "65789", "vap": "34", "pvap": "   0,35", "e": "N", "st": "Suplente"}, {"seq": "48", "n": "65333", "vap": "27", "pvap": "   0,28", "e": "N", "st": "Suplente"}, {"seq": "53", "n": "65153", "vap": "22", "pvap": "   0,23", "e": "N", "st": "Suplente"}, {"seq": "18", "n": "65123", "vap": "196", "pvap": "   2,03", "e": "N", "st": "Suplente"}, {"seq": "59", "n": "65122", "vap": "15", "pvap": "   0,16", "e": "N", "st": "Suplente"}, {"seq": "60", "n": "65112", "vap": "14", "pvap": "   0,15", "e": "N", "st": "Suplente"}, {"seq": "55", "n": "65678", "vap": "19", "pvap": "   0,20", "e": "N", "st": "Suplente"}, {"seq": "29", "n": "65111", "vap": "92", "pvap": "   0,95", "e": "N", "st": "Suplente"}, {"seq": "30", "n": "65065", "vap": "75", "pvap": "   0,78", "e": "N", "st": "Suplente"}, {"seq": "38", "n": "65555", "vap": "41", "pvap": "   0,43", "e": "N", "st": "Suplente"}, {"seq": "69", "n": "14444", "vap": "38", "pvap": "   0,39", "e": "N", "st": "N\u00e3o eleito"}]}]}