{"ele": "426", "carper": "13", "t": "1", "f": "O", "esae": "N", "mnae": " ", "dg": "15/11/2020", "hg": "22:39:35", "dv": "S", "nadf": "ba37974-c0013-e000426-003-f", "abr": [{"dt": "15/11/2020", "ht": "22:26:53", "tf": "S", "and": "F", "tpabr": "MU", "cdabr": "37974", "s": "36", "st": "36", "snt": "0", "si": "36", "sni": "0", "sa": "36", "sna": "0", "pst": " 100,00", "psnt": "   0,00", "psi": " 100,00", "psni": "   0,00", "psa": " 100,00", "psna": "   0,00", "e": "14436", "ea": "14436", "ena": "0", "esi": "14436", "esni": "0", "c": "11711", "a": "2725", "pea": " 100,00", "pena": "   0,00", "pesi": " 100,00", "pesni": "   0,00", "pa": "  18,88", "pc": "  81,12", "vscv": "0", "vnom": "10179", "vl": "818", "tv": "11711", "vvc": "11022", "vb": "109", "tvn": "580", "vn": "580", "vnt": "0", "vp": "0", "vv": "10997", "van": "0", "vansj": "25", "pvnom": "  92,56", "pvl": "   7,44", "pvvc": "  94,12", "pvb": "   0,93", "ptvn": "   4,95", "pvn": " 100,00", "pvnt": "   0,00", "pvp": "   0,00", "pvv": "  99,77", "pvan": "   0,00", "pvansj": "   0,23", "colig": [{"n": "50000093353", "tvtn": "424", "tvan": "424", "vag": "0", "tvtl": "27", "tval": "27"}, {"n": "50000093355", "tvtn": "368", "tvan": "368", "vag": "0", "tvtl": "25", "tval": "25"}, {"n": "50000130419", "tvtn": "3748", "tvan": "3748", "vag": "5", "tvtl": "314", "tval": "314"}, {"n": "50000130385", "tvtn": "953", "tvan": "953", "vag": "1", "tvtl": "35", "tval": "35"}, {"n": "50000093351", "tvtn": "3576", "tvan": "3576", "vag": "4", "tvtl": "400", "tval": "400"}, {"n": "50000093362", "tvtn": "321", "tvan": "321", "vag": "0", "tvtl": "6", "tval": "6"}, {"n": "50000130493", "tvtn": "789", "tvan": "814", "vag": "1", "tvtl": "11", "tval": "11"}], "part": [{"n": "13", "tvtn": "424", "tvan": "424", "tvtl": "27", "tval": "27"}, {"n": "23", "tvtn": "368", "tvan": "368", "tvtl": "25", "tval": "25"}, {"n": "25", "tvtn": "3748", "tvan": "3748", "tvtl": "314", "tval": "314"}, {"n": "15", "tvtn": "953", "tvan": "953", "tvtl": "35", "tval": "35"}, {"n": "11", "tvtn": "3576", "tvan": "3576", "tvtl": "400", "tval": "400"}, {"n": "65", "tvtn": "321", "tvan": "321", "tvtl": "6", "tval": "6"}, {"n": "40", "tvtn": "789", "tvan": "814", "tvtl": "11", "tval": "11"}], "cand": [{"seq": "50", "n": "13100", "vap": "266", "pvap": "   2,41", "e": "N", "st": "N\u00e3o eleito"}, {"seq": "56", "n": "13999", "vap": "29", "pvap": "   0,26", "e": "N", "st": "N\u00e3o eleito"}, {"seq": "57", "n": "13131", "vap": "26", "pvap": "   0,24", "e": "N", "st": "N\u00e3o eleito"}, {"seq": "55", "n": "13456", "vap": "93", "pvap": "   0,84", "e": "N", "st": "N\u00e3o eleito"}, {"seq": "62", "n": "13013", "vap": "10", "pvap": "   0,09", "e": "N", "st": "N\u00e3o eleito"}, {"seq": "53", "n": "23333", "vap": "112", "pvap": "   1,02", "e": "N", "st": "N\u00e3o eleito"}, {"seq": "51", "n": "23123", "vap": "239", "pvap": "   2,17", "e": "N", "st": "N\u00e3o eleito"}, {"seq": "59", "n": "23456", "vap": "17", "pvap": "   0,15", "e": "N", "st": "N\u00e3o eleito"}, {"seq": "37", "n": "25444", "vap": "34", "pvap": "   0,31", "e": "N", "st": "Suplente"}, {"seq": "23", "n": "25112", "vap": "137", "pvap": "   1,24", "e": "N", "st": "Suplente"}, {"seq": "40", "n": "25125", "vap": "14", "pvap": "   0,13", "e": "N", "st": "Suplente"}, {"seq": "9", "n": "25222", "vap": "320", "pvap": "   2,90", "e": "S", "st": "Eleito"}, {"seq": "30", "n": "25888", "vap": "53", "pvap": "   0,48", "e": "N", "st": "Suplente"}, {"seq": "14", "n": "25111", "vap": "276", "pvap": "   2,50", "e": "N", "st": "Suplente"}, {"seq": "22", "n": "25123", "vap": "177", "pvap": "   1,61", "e": "N", "st": "Suplente"}, {"seq": "3", "n": "25456", "vap": "632", "pvap": "   5,73", "e": "S", "st": "Eleito"}, {"seq": "45", "n": "25698", "vap": "11", "pvap": "   0,10", "e": "N", "st": "Suplente"}, {"seq": "1", "n": "25333", "vap": "714", "pvap": "   6,48", "e": "S", "st": "Eleito"}, {"seq": "8", "n": "25000", "vap": "344", "pvap": "   3,12", "e": "S", "st": "Eleito"}, {"seq": "18", "n": "25115", "vap": "226", "pvap": "   2,05", "e": "N", "st": "Suplente"}, {"seq": "34", "n": "25555", "vap": "42", "pvap": "   0,38", "e": "N", "st": "Suplente"}, {"seq": "13", "n": "25789", "vap": "299", "pvap": "   2,71", "e": "N", "st": "Suplente"}, {"seq": "7", "n": "25678", "vap": "455", "pvap": "   4,13", "e": "S", "st": "Eleito"}, {"seq": "41", "n": "25655", "vap": "14", "pvap": "   0,13", "e": "N", "st": "Suplente"}, {"seq": "36", "n": "15333", "vap": "39", "pvap": "   0,35", "e": "N", "st": "Suplente"}, {"seq": "44", "n": "15000", "vap": "11", "pvap": "   0,10", "e": "N", "st": "Suplente"}, {"seq": "21", "n": "15015", "vap": "200", "pvap": "   1,81", "e": "N", "st": "Suplente"}, {"seq": "11", "n": "15555", "vap": "279", "pvap": "   2,53", "e": "S", "st": "Eleito"}, {"seq": "49", "n": "15678", "vap": "1", "pvap": "   0,01", "e": "N", "st": "Suplente"}, {"seq": "47", "n": "15123", "vap": "5", "pvap": "   0,05", "e": "N", "st": "Suplente"}, {"seq": "25", "n": "15456", "vap": "126", "pvap": "   1,14", "e": "N", "st": "Suplente"}, {"seq": "16", "n": "15222", "vap": "233", "pvap": "   2,11", "e": "N", "st": "Suplente"}, {"seq": "28", "n": "15111", "vap": "59", "pvap": "   0,54", "e": "N", "st": "Suplente"}, {"seq": "26", "n": "11333", "vap": "106", "pvap": "   0,96", "e": "N", "st": "Suplente"}, {"seq": "17", "n": "11611", "vap": "232", "pvap": "   2,10", "e": "N", "st": "Suplente"}, {"seq": "4", "n": "11456", "vap": "499", "pvap": "   4,53", "e": "S", "st": "Eleito"}, {"seq": "2", "n": "11222", "vap": "656", "pvap": "   5,95", "e": "S", "st": "Eleito"}, {"seq": "29", "n": "11777", "vap": "57", "pvap": "   0,52", "e": "N", "st": "Suplente"}, {"seq": "12", "n": "11111", "vap": "421", "pvap": "   3,82", "e": "N", "st": "Suplente"}, {"seq": "5", "n": "11123", "vap": "492", "pvap": "   4,46", "e": "S", "st": "Eleito"}, {"seq": "20", "n": "11444", "vap": "217", "pvap": "   1,97", "e": "N", "st": "Suplente"}, {"seq": "6", "n": "11789", "vap": "471", "pvap": "   4,27", "e": "S", "st": "Eleito"}, {"seq": "39", "n": "11555", "vap": "14", "pvap": "   0,13", "e": "N", "st": "Suplente"}, {"seq": "31", "n": "11999", "vap": "46", "pvap": "   0,42", "e": "N", "st": "Suplente"}, {"seq": "15", "n": "11000", "vap": "235", "pvap": "   2,13", "e": "N", "st": "Suplente"}, {"seq": "24", "n": "11345", "vap": "130", "pvap": "   1,18", "e": "N", "st": "Suplente"}, {"seq": "63", "n": "65555", "vap": "4", "pvap": "   0,04", "e": "N", "st": "N\u00e3o eleito"}, {"seq": "52", "n": "65123", "vap": "191", "pvap": "   1,73", "e": "N", "st": "N\u00e3o eleito"}, {"seq": "60", "n": "65789", "vap": "15", "pvap": "   0,14", "e": "N", "st": "N\u00e3o eleito"}, {"seq": "54", "n": "65345", "vap": "96", "pvap": "   0,87", "e": "N", "st": "N\u00e3o eleito"}, {"seq": "61", "n": "65777", "vap": "15", "pvap": "   0,14", "e": "N", "st": "N\u00e3o eleito"}, {"seq": "35", "n": "40111", "vap": "39", "pvap": "   0,35", "e": "N", "st": "Suplente"}, {"seq": "58", "n": "40666", "vap": "21", "pvap": "   0,19", "e": "N", "st": "N\u00e3o eleito"}, {"seq": "64", "n": "40777", "vap": "4", "pvap": "   0,04", "e": "N", "st": "N\u00e3o eleito"}, {"seq": "38", "n": "40333", "vap": "17", "pvap": "   0,15", "e": "N", "st": "Suplente"}, {"seq": "46", "n": "40555", "vap": "5", "pvap": "   0,05", "e": "N", "st": "Suplente"}, {"seq": "43", "n": "40999", "vap": "12", "pvap": "   0,11", "e": "N", "st": "Suplente"}, {"seq": "42", "n": "40444", "vap": "13", "pvap": "   0,12", "e": "N", "st": "Suplente"}, {"seq": "48", "n": "40256", "vap": "4", "pvap": "   0,04", "e": "N", "st": "Suplente"}, {"seq": "33", "n": "40122", "vap": "46", "pvap": "   0,42", "e": "N", "st": "Suplente"}, {"seq": "10", "n": "40123", "vap": "305", "pvap": "   2,77", "e": "S", "st": "Eleito"}, {"seq": "32", "n": "40456", "vap": "46", "pvap": "   0,42", "e": "N", "st": "Suplente"}, {"seq": "19", "n": "40000", "vap": "223", "pvap": "   2,02", "e": "N", "st": "Suplente"}, {"seq": "27", "n": "40222", "vap": "79", "pvap": "   0,72", "e": "N", "st": "Suplente"}]}, {"dt": "15/11/2020", "ht": "22:26:53", "tf": "S", "and": "F", "tpabr": "ZONA", "cdabr": "54", "s": "36", "st": "36", "snt": "0", "si": "36", "sni": "0", "sa": "36", "sna": "0", "pst": " 100,00", "psnt": "   0,00", "psi": " 100,00", "psni": "   0,00", "psa": " 100,00", "psna": "   0,00", "e": "14436", "ea": "14436", "ena": "0", "esi": "14436", "esni": "0", "a": "2725", "c": "11711", "pea": " 100,00", "pena": "   0,00", "pesi": " 100,00", "pesni": "   0,00", "pa": "  18,88", "pc": "  81,12", "vnom": "10179", "vscv": "0", "vl": "818", "tv": "11711", "vvc": "11022", "vb": "109", "tvn": "580", "vn": "580", "vnt": "0", "vp": "0", "vv": "10997", "van": "0", "vansj": "25", "pvnom": "  92,56", "pvl": "   7,44", "pvvc": "  94,12", "pvb": "   0,93", "ptvn": "   4,95", "pvn": " 100,00", "pvnt": "   0,00", "pvp": "   0,00", "pvv": "  99,77", "pvan": "   0,00", "pvansj": "   0,23", "cand": [{"seq": "50", "n": "13100", "vap": "266", "pvap": "   2,41", "e": "N", "st": "N\u00e3o eleito"}, {"seq": "55", "n": "13456", "vap": "93", "pvap": "   0,84", "e": "N", "st": "N\u00e3o eleito"}, {"seq": "56", "n": "13999", "vap": "29", "pvap": "   0,26", "e": "N", "st": "N\u00e3o eleito"}, {"seq": "57", "n": "13131", "vap": "26", "pvap": "   0,24", "e": "N", "st": "N\u00e3o eleito"}, {"seq": "62", "n": "13013", "vap": "10", "pvap": "   0,09", "e": "N", "st": "N\u00e3o eleito"}, {"seq": "2", "n": "11222", "vap": "656", "pvap": "   5,95", "e": "S", "st": "Eleito"}, {"seq": "4", "n": "11456", "vap": "499", "pvap": "   4,53", "e": "S", "st": "Eleito"}, {"seq": "5", "n": "11123", "vap": "492", "pvap": "   4,46", "e": "S", "st": "Eleito"}, {"seq": "6", "n": "11789", "vap": "471", "pvap": "   4,27", "e": "S", "st": "Eleito"}, {"seq": "12", "n": "11111", "vap": "421", "pvap": "   3,82", "e": "N", "st": "Suplente"}, {"seq": "15", "n": "11000", "vap": "235", "pvap": "   2,13", "e": "N", "st": "Suplente"}, {"seq": "17", "n": "11611", "vap": "232", "pvap": "   2,10", "e": "N", "st": "Suplente"}, {"seq": "20", "n": "11444", "vap": "217", "pvap": "   1,97", "e": "N", "st": "Suplente"}, {"seq": "24", "n": "11345", "vap": "130", "pvap": "   1,18", "e": "N", "st": "Suplente"}, {"seq": "26", "n": "11333", "vap": "106", "pvap": "   0,96", "e": "N", "st": "Suplente"}, {"seq": "29", "n": "11777", "vap": "57", "pvap": "   0,52", "e": "N", "st": "Suplente"}, {"seq": "31", "n": "11999", "vap": "46", "pvap": "   0,42", "e": "N", "st": "Suplente"}, {"seq": "39", "n": "11555", "vap": "14", "pvap": "   0,13", "e": "N", "st": "Suplente"}, {"seq": "51", "n": "23123", "vap": "239", "pvap": "   2,17", "e": "N", "st": "N\u00e3o eleito"}, {"seq": "53", "n": "23333", "vap": "112", "pvap": "   1,02", "e": "N", "st": "N\u00e3o eleito"}, {"seq": "59", "n": "23456", "vap": "17", "pvap": "   0,15", "e": "N", "st": "N\u00e3o eleito"}, {"seq": "10", "n": "40123", "vap": "305", "pvap": "   2,77", "e": "S", "st": "Eleito"}, {"seq": "19", "n": "40000", "vap": "223", "pvap": "   2,02", "e": "N", "st": "Suplente"}, {"seq": "27", "n": "40222", "vap": "79", "pvap": "   0,72", "e": "N", "st": "Suplente"}, {"seq": "32", "n": "40456", "vap": "46", "pvap": "   0,42", "e": "N", "st": "Suplente"}, {"seq": "33", "n": "40122", "vap": "46", "pvap": "   0,42", "e": "N", "st": "Suplente"}, {"seq": "35", "n": "40111", "vap": "39", "pvap": "   0,35", "e": "N", "st": "Suplente"}, {"seq": "38", "n": "40333", "vap": "17", "pvap": "   0,15", "e": "N", "st": "Suplente"}, {"seq": "42", "n": "40444", "vap": "13", "pvap": "   0,12", "e": "N", "st": "Suplente"}, {"seq": "43", "n": "40999", "vap": "12", "pvap": "   0,11", "e": "N", "st": "Suplente"}, {"seq": "46", "n": "40555", "vap": "5", "pvap": "   0,05", "e": "N", "st": "Suplente"}, {"seq": "48", "n": "40256", "vap": "4", "pvap": "   0,04", "e": "N", "st": "Suplente"}, {"seq": "58", "n": "40666", "vap": "21", "pvap": "   0,19", "e": "N", "st": "N\u00e3o eleito"}, {"seq": "64", "n": "40777", "vap": "4", "pvap": "   0,04", "e": "N", "st": "N\u00e3o eleito"}, {"seq": "52", "n": "65123", "vap": "191", "pvap": "   1,73", "e": "N", "st": "N\u00e3o eleito"}, {"seq": "54", "n": "65345", "vap": "96", "pvap": "   0,87", "e": "N", "st": "N\u00e3o eleito"}, {"seq": "60", "n": "65789", "vap": "15", "pvap": "   0,14", "e": "N", "st": "N\u00e3o eleito"}, {"seq": "61", "n": "65777", "vap": "15", "pvap": "   0,14", "e": "N", "st": "N\u00e3o eleito"}, {"seq": "63", "n": "65555", "vap": "4", "pvap": "   0,04", "e": "N", "st": "N\u00e3o eleito"}, {"seq": "1", "n": "25333", "vap": "714", "pvap": "   6,48", "e": "S", "st": "Eleito"}, {"seq": "3", "n": "25456", "vap": "632", "pvap": "   5,73", "e": "S", "st": "Eleito"}, {"seq": "7", "n": "25678", "vap": "455", "pvap": "   4,13", "e": "S", "st": "Eleito"}, {"seq": "8", "n": "25000", "vap": "344", "pvap": "   3,12", "e": "S", "st": "Eleito"}, {"seq": "9", "n": "25222", "vap": "320", "pvap": "   2,90", "e": "S", "st": "Eleito"}, {"seq": "13", "n": "25789", "vap": "299", "pvap": "   2,71", "e": "N", "st": "Suplente"}, {"seq": "14", "n": "25111", "vap": "276", "pvap": "   2,50", "e": "N", "st": "Suplente"}, {"seq": "18", "n": "25115", "vap": "226", "pvap": "   2,05", "e": "N", "st": "Suplente"}, {"seq": "22", "n": "25123", "vap": "177", "pvap": "   1,61", "e": "N", "st": "Suplente"}, {"seq": "23", "n": "25112", "vap": "137", "pvap": "   1,24", "e": "N", "st": "Suplente"}, {"seq": "30", "n": "25888", "vap": "53", "pvap": "   0,48", "e": "N", "st": "Suplente"}, {"seq": "34", "n": "25555", "vap": "42", "pvap": "   0,38", "e": "N", "st": "Suplente"}, {"seq": "37", "n": "25444", "vap": "34", "pvap": "   0,31", "e": "N", "st": "Suplente"}, {"seq": "40", "n": "25125", "vap": "14", "pvap": "   0,13", "e": "N", "st": "Suplente"}, {"seq": "41", "n": "25655", "vap": "14", "pvap": "   0,13", "e": "N", "st": "Suplente"}, {"seq": "45", "n": "25698", "vap": "11", "pvap": "   0,10", "e": "N", "st": "Suplente"}, {"seq": "11", "n": "15555", "vap": "279", "pvap": "   2,53", "e": "S", "st": "Eleito"}, {"seq": "16", "n": "15222", "vap": "233", "pvap": "   2,11", "e": "N", "st": "Suplente"}, {"seq": "21", "n": "15015", "vap": "200", "pvap": "   1,81", "e": "N", "st": "Suplente"}, {"seq": "25", "n": "15456", "vap": "126", "pvap": "   1,14", "e": "N", "st": "Suplente"}, {"seq": "28", "n": "15111", "vap": "59", "pvap": "   0,54", "e": "N", "st": "Suplente"}, {"seq": "36", "n": "15333", "vap": "39", "pvap": "   0,35", "e": "N", "st": "Suplente"}, {"seq": "44", "n": "15000", "vap": "11", "pvap": "   0,10", "e": "N", "st": "Suplente"}, {"seq": "47", "n": "15123", "vap": "5", "pvap": "   0,05", "e": "N", "st": "Suplente"}, {"seq": "49", "n": "15678", "vap": "1", "pvap": "   0,01", "e": "N", "st": "Suplente"}]}]}