{"ele": "426", "carper": "13", "t": "1", "f": "O", "esae": "N", "mnae": " ", "dg": "16/11/2020", "hg": "10:41:48", "dv": "S", "nadf": "ba35939-c0013-e000426-003-f", "abr": [{"dt": "16/11/2020", "ht": "00:44:12", "tf": "S", "and": "F", "tpabr": "MU", "cdabr": "35939", "s": "112", "st": "112", "snt": "0", "si": "112", "sni": "0", "sa": "112", "sna": "0", "pst": " 100,00", "psnt": "   0,00", "psi": " 100,00", "psni": "   0,00", "psa": " 100,00", "psna": "   0,00", "e": "45822", "ea": "45822", "ena": "0", "esi": "45822", "esni": "0", "c": "38814", "a": "7008", "pea": " 100,00", "pena": "   0,00", "pesi": " 100,00", "pesni": "   0,00", "pa": "  15,29", "pc": "  84,71", "vscv": "0", "vnom": "34969", "vl": "1739", "tv": "38814", "vvc": "36708", "vb": "627", "tvn": "1479", "vn": "1479", "vnt": "0", "vp": "0", "vv": "36708", "van": "0", "vansj": "0", "pvnom": "  95,26", "pvl": "   4,74", "pvvc": "  94,57", "pvb": "   1,62", "ptvn": "   3,81", "pvn": " 100,00", "pvnt": "   0,00", "pvp": "   0,00", "pvv": " 100,00", "pvan": "   0,00", "pvansj": "   0,00", "colig": [{"n": "50000137685", "tvtn": "3128", "tvan": "3128", "vag": "1", "tvtl": "34", "tval": "34"}, {"n": "50000147990", "tvtn": "171", "tvan": "171", "vag": "0", "tvtl": "62", "tval": "62"}, {"n": "50000149061", "tvtn": "1790", "tvan": "1790", "vag": "1", "tvtl": "22", "tval": "22"}, {"n": "50000147999", "tvtn": "1098", "tvan": "1098", "vag": "0", "tvtl": "54", "tval": "54"}, {"n": "50000138434", "tvtn": "4156", "tvan": "4156", "vag": "2", "tvtl": "79", "tval": "79"}, {"n": "50000138269", "tvtn": "3128", "tvan": "3128", "vag": "1", "tvtl": "69", "tval": "69"}, {"n": "50000135621", "tvtn": "3817", "tvan": "3817", "vag": "2", "tvtl": "75", "tval": "75"}, {"n": "50000137559", "tvtn": "1169", "tvan": "1169", "vag": "0", "tvtl": "22", "tval": "22"}, {"n": "50000138628", "tvtn": "5937", "tvan": "5937", "vag": "3", "tvtl": "571", "tval": "571"}, {"n": "50000109784", "tvtn": "3504", "tvan": "3504", "vag": "2", "tvtl": "67", "tval": "67"}, {"n": "50000138060", "tvtn": "35", "tvan": "35", "vag": "0", "tvtl": "7", "tval": "7"}, {"n": "50000138112", "tvtn": "634", "tvan": "634", "vag": "0", "tvtl": "563", "tval": "563"}, {"n": "50000149519", "tvtn": "2115", "tvan": "2115", "vag": "1", "tvtl": "23", "tval": "23"}, {"n": "50000138513", "tvtn": "4287", "tvan": "4287", "vag": "2", "tvtl": "91", "tval": "91"}], "part": [{"n": "65", "tvtn": "3128", "tvan": "3128", "tvtl": "34", "tval": "34"}, {"n": "11", "tvtn": "171", "tvan": "171", "tvtl": "62", "tval": "62"}, {"n": "70", "tvtn": "1790", "tvan": "1790", "tvtl": "22", "tval": "22"}, {"n": "25", "tvtn": "1098", "tvan": "1098", "tvtl": "54", "tval": "54"}, {"n": "13", "tvtn": "4156", "tvan": "4156", "tvtl": "79", "tval": "79"}, {"n": "55", "tvtn": "3128", "tvan": "3128", "tvtl": "69", "tval": "69"}, {"n": "22", "tvtn": "3817", "tvan": "3817", "tvtl": "75", "tval": "75"}, {"n": "90", "tvtn": "1169", "tvan": "1169", "tvtl": "22", "tval": "22"}, {"n": "40", "tvtn": "5937", "tvan": "5937", "tvtl": "571", "tval": "571"}, {"n": "14", "tvtn": "3504", "tvan": "3504", "tvtl": "67", "tval": "67"}, {"n": "50", "tvtn": "35", "tvan": "35", "tvtl": "7", "tval": "7"}, {"n": "19", "tvtn": "634", "tvan": "634", "tvtl": "563", "tval": "563"}, {"n": "18", "tvtn": "2115", "tvan": "2115", "tvtl": "23", "tval": "23"}, {"n": "10", "tvtn": "4287", "tvan": "4287", "tvtl": "91", "tval": "91"}], "cand": [{"seq": "84", "n": "65005", "vap": "76", "pvap": "   0,21", "e": "N", "st": "Suplente"}, {"seq": "21", "n": "65456", "vap": "525", "pvap": "   1,43", "e": "N", "st": "Suplente"}, {"seq": "162", "n": "65400", "vap": "9", "pvap": "   0,02", "e": "N", "st": "Suplente"}, {"seq": "23", "n": "65777", "vap": "503", "pvap": "   1,37", "e": "N", "st": "Suplente"}, {"seq": "43", "n": "65074", "vap": "228", "pvap": "   0,62", "e": "N", "st": "Suplente"}, {"seq": "50", "n": "65555", "vap": "160", "pvap": "   0,44", "e": "N", "st": "Suplente"}, {"seq": "119", "n": "65123", "vap": "38", "pvap": "   0,10", "e": "N", "st": "Suplente"}, {"seq": "100", "n": "65432", "vap": "50", "pvap": "   0,14", "e": "N", "st": "Suplente"}, {"seq": "38", "n": "65656", "vap": "280", "pvap": "   0,76", "e": "N", "st": "Suplente"}, {"seq": "22", "n": "65999", "vap": "521", "pvap": "   1,42", "e": "N", "st": "Suplente"}, {"seq": "12", "n": "65222", "vap": "562", "pvap": "   1,53", "e": "S", "st": "Eleito"}, {"seq": "87", "n": "65444", "vap": "67", "pvap": "   0,18", "e": "N", "st": "Suplente"}, {"seq": "85", "n": "65333", "vap": "72", "pvap": "   0,20", "e": "N", "st": "Suplente"}, {"seq": "125", "n": "65000", "vap": "37", "pvap": "   0,10", "e": "N", "st": "Suplente"}, {"seq": "230", "n": "11444", "vap": "4", "pvap": "   0,01", "e": "N", "st": "N\u00e3o eleito"}, {"seq": "233", "n": "11555", "vap": "1", "pvap": "   0,00", "e": "N", "st": "N\u00e3o eleito"}, {"seq": "205", "n": "11222", "vap": "23", "pvap": "   0,06", "e": "N", "st": "N\u00e3o eleito"}, {"seq": "210", "n": "11333", "vap": "19", "pvap": "   0,05", "e": "N", "st": "N\u00e3o eleito"}, {"seq": "214", "n": "11125", "vap": "17", "pvap": "   0,05", "e": "N", "st": "N\u00e3o eleito"}, {"seq": "197", "n": "11000", "vap": "36", "pvap": "   0,10", "e": "N", "st": "N\u00e3o eleito"}, {"seq": "224", "n": "11123", "vap": "6", "pvap": "   0,02", "e": "N", "st": "N\u00e3o eleito"}, {"seq": "232", "n": "11234", "vap": "2", "pvap": "   0,01", "e": "N", "st": "N\u00e3o eleito"}, {"seq": "186", "n": "11111", "vap": "63", "pvap": "   0,17", "e": "N", "st": "N\u00e3o eleito"}, {"seq": "33", "n": "70999", "vap": "318", "pvap": "   0,87", "e": "N", "st": "Suplente"}, {"seq": "89", "n": "70555", "vap": "66", "pvap": "   0,18", "e": "N", "st": "Suplente"}, {"seq": "94", "n": "70233", "vap": "60", "pvap": "   0,16", "e": "N", "st": "Suplente"}, {"seq": "170", "n": "70225", "vap": "3", "pvap": "   0,01", "e": "N", "st": "Suplente"}, {"seq": "77", "n": "70789", "vap": "93", "pvap": "   0,25", "e": "N", "st": "Suplente"}, {"seq": "166", "n": "70700", "vap": "6", "pvap": "   0,02", "e": "N", "st": "Suplente"}, {"seq": "138", "n": "70444", "vap": "30", "pvap": "   0,08", "e": "N", "st": "Suplente"}, {"seq": "58", "n": "70000", "vap": "138", "pvap": "   0,38", "e": "N", "st": "Suplente"}, {"seq": "91", "n": "70197", "vap": "62", "pvap": "   0,17", "e": "N", "st": "Suplente"}, {"seq": "113", "n": "70914", "vap": "42", "pvap": "   0,11", "e": "N", "st": "Suplente"}, {"seq": "15", "n": "70111", "vap": "400", "pvap": "   1,09", "e": "S", "st": "Eleito"}, {"seq": "147", "n": "70070", "vap": "22", "pvap": "   0,06", "e": "N", "st": "Suplente"}, {"seq": "74", "n": "70900", "vap": "95", "pvap": "   0,26", "e": "N", "st": "Suplente"}, {"seq": "65", "n": "70888", "vap": "118", "pvap": "   0,32", "e": "N", "st": "Suplente"}, {"seq": "48", "n": "70456", "vap": "191", "pvap": "   0,52", "e": "N", "st": "Suplente"}, {"seq": "132", "n": "70123", "vap": "32", "pvap": "   0,09", "e": "N", "st": "Suplente"}, {"seq": "173", "n": "70222", "vap": "1", "pvap": "   0,00", "e": "N", "st": "Suplente"}, {"seq": "160", "n": "70175", "vap": "11", "pvap": "   0,03", "e": "N", "st": "Suplente"}, {"seq": "174", "n": "70333", "vap": "1", "pvap": "   0,00", "e": "N", "st": "Suplente"}, {"seq": "81", "n": "70777", "vap": "91", "pvap": "   0,25", "e": "N", "st": "Suplente"}, {"seq": "161", "n": "70101", "vap": "10", "pvap": "   0,03", "e": "N", "st": "Suplente"}, {"seq": "223", "n": "25017", "vap": "6", "pvap": "   0,02", "e": "N", "st": "N\u00e3o eleito"}, {"seq": "200", "n": "25222", "vap": "29", "pvap": "   0,08", "e": "N", "st": "N\u00e3o eleito"}, {"seq": "188", "n": "25545", "vap": "59", "pvap": "   0,16", "e": "N", "st": "N\u00e3o eleito"}, {"seq": "183", "n": "25333", "vap": "102", "pvap": "   0,28", "e": "N", "st": "N\u00e3o eleito"}, {"seq": "215", "n": "25777", "vap": "16", "pvap": "   0,04", "e": "N", "st": "N\u00e3o eleito"}, {"seq": "179", "n": "25555", "vap": "180", "pvap": "   0,49", "e": "N", "st": "N\u00e3o eleito"}, {"seq": "207", "n": "25111", "vap": "20", "pvap": "   0,05", "e": "N", "st": "N\u00e3o eleito"}, {"seq": "178", "n": "25025", "vap": "188", "pvap": "   0,51", "e": "N", "st": "N\u00e3o eleito"}, {"seq": "217", "n": "25321", "vap": "14", "pvap": "   0,04", "e": "N", "st": "N\u00e3o eleito"}, {"seq": "193", "n": "25755", "vap": "38", "pvap": "   0,10", "e": "N", "st": "N\u00e3o eleito"}, {"seq": "180", "n": "25444", "vap": "132", "pvap": "   0,36", "e": "N", "st": "N\u00e3o eleito"}, {"seq": "181", "n": "25123", "vap": "118", "pvap": "   0,32", "e": "N", "st": "N\u00e3o eleito"}, {"seq": "235", "n": "25234", "vap": "1", "pvap": "   0,00", "e": "N", "st": "N\u00e3o eleito"}, {"seq": "187", "n": "25888", "vap": "61", "pvap": "   0,17", "e": "N", "st": "N\u00e3o eleito"}, {"seq": "236", "n": "25525", "vap": "1", "pvap": "   0,00", "e": "N", "st": "N\u00e3o eleito"}, {"seq": "206", "n": "25800", "vap": "22", "pvap": "   0,06", "e": "N", "st": "N\u00e3o eleito"}, {"seq": "182", "n": "25000", "vap": "111", "pvap": "   0,30", "e": "N", "st": "N\u00e3o eleito"}, {"seq": "45", "n": "13000", "vap": "205", "pvap": "   0,56", "e": "N", "st": "Suplente"}, {"seq": "107", "n": "13613", "vap": "48", "pvap": "   0,13", "e": "N", "st": "Suplente"}, {"seq": "5", "n": "13999", "vap": "967", "pvap": "   2,63", "e": "S", "st": "Eleito"}, {"seq": "62", "n": "13456", "vap": "128", "pvap": "   0,35", "e": "N", "st": "Suplente"}, {"seq": "78", "n": "13766", "vap": "93", "pvap": "   0,25", "e": "N", "st": "Suplente"}, {"seq": "57", "n": "13110", "vap": "141", "pvap": "   0,38", "e": "N", "st": "Suplente"}, {"seq": "54", "n": "13123", "vap": "148", "pvap": "   0,40", "e": "N", "st": "Suplente"}, {"seq": "137", "n": "13111", "vap": "30", "pvap": "   0,08", "e": "N", "st": "Suplente"}, {"seq": "61", "n": "13333", "vap": "131", "pvap": "   0,36", "e": "N", "st": "Suplente"}, {"seq": "63", "n": "13555", "vap": "127", "pvap": "   0,35", "e": "N", "st": "Suplente"}, {"seq": "150", "n": "13133", "vap": "20", "pvap": "   0,05", "e": "N", "st": "Suplente"}, {"seq": "19", "n": "13400", "vap": "576", "pvap": "   1,57", "e": "N", "st": "Suplente"}, {"seq": "153", "n": "13113", "vap": "19", "pvap": "   0,05", "e": "N", "st": "Suplente"}, {"seq": "109", "n": "13222", "vap": "47", "pvap": "   0,13", "e": "N", "st": "Suplente"}, {"seq": "136", "n": "13888", "vap": "31", "pvap": "   0,08", "e": "N", "st": "Suplente"}, {"seq": "51", "n": "13199", "vap": "153", "pvap": "   0,42", "e": "N", "st": "Suplente"}, {"seq": "4", "n": "13321", "vap": "1013", "pvap": "   2,76", "e": "S", "st": "Eleito"}, {"seq": "117", "n": "13013", "vap": "40", "pvap": "   0,11", "e": "N", "st": "Suplente"}, {"seq": "126", "n": "13220", "vap": "36", "pvap": "   0,10", "e": "N", "st": "Suplente"}, {"seq": "47", "n": "13777", "vap": "203", "pvap": "   0,55", "e": "N", "st": "Suplente"}, {"seq": "24", "n": "55123", "vap": "493", "pvap": "   1,34", "e": "N", "st": "Suplente"}, {"seq": "144", "n": "55019", "vap": "25", "pvap": "   0,07", "e": "N", "st": "Suplente"}, {"seq": "110", "n": "55001", "vap": "46", "pvap": "   0,13", "e": "N", "st": "Suplente"}, {"seq": "31", "n": "55111", "vap": "364", "pvap": "   0,99", "e": "N", "st": "Suplente"}, {"seq": "60", "n": "55131", "vap": "133", "pvap": "   0,36", "e": "N", "st": "Suplente"}, {"seq": "115", "n": "55456", "vap": "42", "pvap": "   0,11", "e": "N", "st": "Suplente"}, {"seq": "159", "n": "55789", "vap": "13", "pvap": "   0,04", "e": "N", "st": "Suplente"}, {"seq": "75", "n": "55444", "vap": "95", "pvap": "   0,26", "e": "N", "st": "Suplente"}, {"seq": "156", "n": "55510", "vap": "16", "pvap": "   0,04", "e": "N", "st": "Suplente"}, {"seq": "8", "n": "55234", "vap": "702", "pvap": "   1,91", "e": "S", "st": "Eleito"}, {"seq": "72", "n": "55666", "vap": "97", "pvap": "   0,26", "e": "N", "st": "Suplente"}, {"seq": "149", "n": "55556", "vap": "20", "pvap": "   0,05", "e": "N", "st": "Suplente"}, {"seq": "154", "n": "55000", "vap": "17", "pvap": "   0,05", "e": "N", "st": "Suplente"}, {"seq": "164", "n": "55521", "vap": "7", "pvap": "   0,02", "e": "N", "st": "Suplente"}, {"seq": "56", "n": "55190", "vap": "144", "pvap": "   0,39", "e": "N", "st": "Suplente"}, {"seq": "52", "n": "55333", "vap": "153", "pvap": "   0,42", "e": "N", "st": "Suplente"}, {"seq": "17", "n": "55888", "vap": "621", "pvap": "   1,69", "e": "N", "st": "Suplente"}, {"seq": "143", "n": "55999", "vap": "25", "pvap": "   0,07", "e": "N", "st": "Suplente"}, {"seq": "133", "n": "55555", "vap": "32", "pvap": "   0,09", "e": "N", "st": "Suplente"}, {"seq": "129", "n": "55192", "vap": "34", "pvap": "   0,09", "e": "N", "st": "Suplente"}, {"seq": "103", "n": "55191", "vap": "49", "pvap": "   0,13", "e": "N", "st": "Suplente"}, {"seq": "86", "n": "22140", "vap": "70", "pvap": "   0,19", "e": "N", "st": "Suplente"}, {"seq": "10", "n": "22999", "vap": "628", "pvap": "   1,71", "e": "S", "st": "Eleito"}, {"seq": "32", "n": "22123", "vap": "347", "pvap": "   0,95", "e": "N", "st": "Suplente"}, {"seq": "18", "n": "22111", "vap": "592", "pvap": "   1,61", "e": "N", "st": "Suplente"}, {"seq": "99", "n": "22888", "vap": "52", "pvap": "   0,14", "e": "N", "st": "Suplente"}, {"seq": "155", "n": "22555", "vap": "16", "pvap": "   0,04", "e": "N", "st": "Suplente"}, {"seq": "53", "n": "22022", "vap": "150", "pvap": "   0,41", "e": "N", "st": "Suplente"}, {"seq": "26", "n": "22222", "vap": "456", "pvap": "   1,24", "e": "N", "st": "Suplente"}, {"seq": "82", "n": "22641", "vap": "84", "pvap": "   0,23", "e": "N", "st": "Suplente"}, {"seq": "163", "n": "22444", "vap": "9", "pvap": "   0,02", "e": "N", "st": "Suplente"}, {"seq": "46", "n": "22622", "vap": "203", "pvap": "   0,55", "e": "N", "st": "Suplente"}, {"seq": "79", "n": "22133", "vap": "91", "pvap": "   0,25", "e": "N", "st": "Suplente"}, {"seq": "152", "n": "22199", "vap": "19", "pvap": "   0,05", "e": "N", "st": "Suplente"}, {"seq": "6", "n": "22580", "vap": "891", "pvap": "   2,43", "e": "S", "st": "Eleito"}, {"seq": "165", "n": "22333", "vap": "6", "pvap": "   0,02", "e": "N", "st": "Suplente"}, {"seq": "97", "n": "22345", "vap": "56", "pvap": "   0,15", "e": "N", "st": "Suplente"}, {"seq": "106", "n": "22145", "vap": "49", "pvap": "   0,13", "e": "N", "st": "Suplente"}, {"seq": "105", "n": "22777", "vap": "49", "pvap": "   0,13", "e": "N", "st": "Suplente"}, {"seq": "104", "n": "22000", "vap": "49", "pvap": "   0,13", "e": "N", "st": "Suplente"}, {"seq": "177", "n": "90555", "vap": "211", "pvap": "   0,57", "e": "N", "st": "N\u00e3o eleito"}, {"seq": "199", "n": "90123", "vap": "33", "pvap": "   0,09", "e": "N", "st": "N\u00e3o eleito"}, {"seq": "175", "n": "90000", "vap": "454", "pvap": "   1,24", "e": "N", "st": "N\u00e3o eleito"}, {"seq": "212", "n": "90741", "vap": "18", "pvap": "   0,05", "e": "N", "st": "N\u00e3o eleito"}, {"seq": "229", "n": "90666", "vap": "4", "pvap": "   0,01", "e": "N", "st": "N\u00e3o eleito"}, {"seq": "184", "n": "90888", "vap": "101", "pvap": "   0,28", "e": "N", "st": "N\u00e3o eleito"}, {"seq": "227", "n": "90444", "vap": "6", "pvap": "   0,02", "e": "N", "st": "N\u00e3o eleito"}, {"seq": "219", "n": "90335", "vap": "11", "pvap": "   0,03", "e": "N", "st": "N\u00e3o eleito"}, {"seq": "198", "n": "90234", "vap": "34", "pvap": "   0,09", "e": "N", "st": "N\u00e3o eleito"}, {"seq": "213", "n": "90777", "vap": "18", "pvap": "   0,05", "e": "N", "st": "N\u00e3o eleito"}, {"seq": "226", "n": "90900", "vap": "6", "pvap": "   0,02", "e": "N", "st": "N\u00e3o eleito"}, {"seq": "220", "n": "90111", "vap": "10", "pvap": "   0,03", "e": "N", "st": "N\u00e3o eleito"}, {"seq": "194", "n": "90423", "vap": "38", "pvap": "   0,10", "e": "N", "st": "N\u00e3o eleito"}, {"seq": "209", "n": "90789", "vap": "19", "pvap": "   0,05", "e": "N", "st": "N\u00e3o eleito"}, {"seq": "228", "n": "90222", "vap": "6", "pvap": "   0,02", "e": "N", "st": "N\u00e3o eleito"}, {"seq": "216", "n": "90999", "vap": "15", "pvap": "   0,04", "e": "N", "st": "N\u00e3o eleito"}, {"seq": "203", "n": "90567", "vap": "26", "pvap": "   0,07", "e": "N", "st": "N\u00e3o eleito"}, {"seq": "237", "n": "90456", "vap": "0", "pvap": "00.00", "e": "N", "st": "N\u00e3o eleito"}, {"seq": "190", "n": "90333", "vap": "50", "pvap": "   0,14", "e": "N", "st": "N\u00e3o eleito"}, {"seq": "204", "n": "90147", "vap": "23", "pvap": "   0,06", "e": "N", "st": "N\u00e3o eleito"}, {"seq": "189", "n": "90100", "vap": "50", "pvap": "   0,14", "e": "N", "st": "N\u00e3o eleito"}, {"seq": "195", "n": "90321", "vap": "36", "pvap": "   0,10", "e": "N", "st": "N\u00e3o eleito"}, {"seq": "90", "n": "40222", "vap": "65", "pvap": "   0,18", "e": "N", "st": "Suplente"}, {"seq": "68", "n": "40678", "vap": "109", "pvap": "   0,30", "e": "N", "st": "Suplente"}, {"seq": "64", "n": "40777", "vap": "121", "pvap": "   0,33", "e": "N", "st": "Suplente"}, {"seq": "1", "n": "40999", "vap": "1522", "pvap": "   4,15", "e": "S", "st": "Eleito"}, {"seq": "141", "n": "40500", "vap": "26", "pvap": "   0,07", "e": "N", "st": "Suplente"}, {"seq": "169", "n": "40621", "vap": "3", "pvap": "   0,01", "e": "N", "st": "Suplente"}, {"seq": "98", "n": "40001", "vap": "53", "pvap": "   0,14", "e": "N", "st": "Suplente"}, {"seq": "80", "n": "40888", "vap": "91", "pvap": "   0,25", "e": "N", "st": "Suplente"}, {"seq": "157", "n": "40400", "vap": "14", "pvap": "   0,04", "e": "N", "st": "Suplente"}, {"seq": "25", "n": "40123", "vap": "492", "pvap": "   1,34", "e": "N", "st": "Suplente"}, {"seq": "2", "n": "40333", "vap": "1435", "pvap": "   3,91", "e": "S", "st": "Eleito"}, {"seq": "114", "n": "40555", "vap": "42", "pvap": "   0,11", "e": "N", "st": "Suplente"}, {"seq": "66", "n": "40444", "vap": "115", "pvap": "   0,31", "e": "N", "st": "Suplente"}, {"seq": "3", "n": "40000", "vap": "1120", "pvap": "   3,05", "e": "S", "st": "Eleito"}, {"seq": "16", "n": "40100", "vap": "691", "pvap": "   1,88", "e": "N", "st": "Suplente"}, {"seq": "118", "n": "40321", "vap": "38", "pvap": "   0,10", "e": "N", "st": "Suplente"}, {"seq": "139", "n": "14108", "vap": "30", "pvap": "   0,08", "e": "N", "st": "Suplente"}, {"seq": "127", "n": "14641", "vap": "35", "pvap": "   0,10", "e": "N", "st": "Suplente"}, {"seq": "95", "n": "14333", "vap": "58", "pvap": "   0,16", "e": "N", "st": "Suplente"}, {"seq": "73", "n": "14234", "vap": "97", "pvap": "   0,26", "e": "N", "st": "Suplente"}, {"seq": "37", "n": "14666", "vap": "287", "pvap": "   0,78", "e": "N", "st": "Suplente"}, {"seq": "121", "n": "14014", "vap": "38", "pvap": "   0,10", "e": "N", "st": "Suplente"}, {"seq": "135", "n": "14999", "vap": "31", "pvap": "   0,08", "e": "N", "st": "Suplente"}, {"seq": "146", "n": "14888", "vap": "22", "pvap": "   0,06", "e": "N", "st": "Suplente"}, {"seq": "14", "n": "14000", "vap": "439", "pvap": "   1,20", "e": "S", "st": "Eleito"}, {"seq": "30", "n": "14777", "vap": "379", "pvap": "   1,03", "e": "N", "st": "Suplente"}, {"seq": "44", "n": "14444", "vap": "216", "pvap": "   0,59", "e": "N", "st": "Suplente"}, {"seq": "122", "n": "14110", "vap": "38", "pvap": "   0,10", "e": "N", "st": "Suplente"}, {"seq": "71", "n": "14555", "vap": "100", "pvap": "   0,27", "e": "N", "st": "Suplente"}, {"seq": "28", "n": "14111", "vap": "412", "pvap": "   1,12", "e": "N", "st": "Suplente"}, {"seq": "42", "n": "14789", "vap": "233", "pvap": "   0,63", "e": "N", "st": "Suplente"}, {"seq": "158", "n": "14222", "vap": "13", "pvap": "   0,04", "e": "N", "st": "Suplente"}, {"seq": "59", "n": "14115", "vap": "137", "pvap": "   0,37", "e": "N", "st": "Suplente"}, {"seq": "11", "n": "14123", "vap": "565", "pvap": "   1,54", "e": "S", "st": "Eleito"}, {"seq": "93", "n": "14040", "vap": "61", "pvap": "   0,17", "e": "N", "st": "Suplente"}, {"seq": "34", "n": "14121", "vap": "313", "pvap": "   0,85", "e": "N", "st": "Suplente"}, {"seq": "234", "n": "50000", "vap": "1", "pvap": "   0,00", "e": "N", "st": "N\u00e3o eleito"}, {"seq": "225", "n": "50666", "vap": "6", "pvap": "   0,02", "e": "N", "st": "N\u00e3o eleito"}, {"seq": "201", "n": "50123", "vap": "28", "pvap": "   0,08", "e": "N", "st": "N\u00e3o eleito"}, {"seq": "208", "n": "19115", "vap": "19", "pvap": "   0,05", "e": "N", "st": "N\u00e3o eleito"}, {"seq": "231", "n": "19258", "vap": "3", "pvap": "   0,01", "e": "N", "st": "N\u00e3o eleito"}, {"seq": "185", "n": "19234", "vap": "99", "pvap": "   0,27", "e": "N", "st": "N\u00e3o eleito"}, {"seq": "222", "n": "19200", "vap": "9", "pvap": "   0,02", "e": "N", "st": "N\u00e3o eleito"}, {"seq": "176", "n": "19123", "vap": "310", "pvap": "   0,84", "e": "N", "st": "N\u00e3o eleito"}, {"seq": "211", "n": "19190", "vap": "18", "pvap": "   0,05", "e": "N", "st": "N\u00e3o eleito"}, {"seq": "192", "n": "19000", "vap": "41", "pvap": "   0,11", "e": "N", "st": "N\u00e3o eleito"}, {"seq": "196", "n": "19999", "vap": "36", "pvap": "   0,10", "e": "N", "st": "N\u00e3o eleito"}, {"seq": "202", "n": "19119", "vap": "27", "pvap": "   0,07", "e": "N", "st": "N\u00e3o eleito"}, {"seq": "221", "n": "19147", "vap": "10", "pvap": "   0,03", "e": "N", "st": "N\u00e3o eleito"}, {"seq": "218", "n": "19444", "vap": "13", "pvap": "   0,04", "e": "N", "st": "N\u00e3o eleito"}, {"seq": "191", "n": "19222", "vap": "49", "pvap": "   0,13", "e": "N", "st": "N\u00e3o eleito"}, {"seq": "83", "n": "18555", "vap": "77", "pvap": "   0,21", "e": "N", "st": "Suplente"}, {"seq": "101", "n": "18002", "vap": "49", "pvap": "   0,13", "e": "N", "st": "Suplente"}, {"seq": "172", "n": "18654", "vap": "2", "pvap": "   0,01", "e": "N", "st": "Suplente"}, {"seq": "108", "n": "18007", "vap": "48", "pvap": "   0,13", "e": "N", "st": "Suplente"}, {"seq": "130", "n": "18400", "vap": "33", "pvap": "   0,09", "e": "N", "st": "Suplente"}, {"seq": "167", "n": "18026", "vap": "5", "pvap": "   0,01", "e": "N", "st": "Suplente"}, {"seq": "111", "n": "18333", "vap": "44", "pvap": "   0,12", "e": "N", "st": "Suplente"}, {"seq": "49", "n": "18040", "vap": "169", "pvap": "   0,46", "e": "N", "st": "Suplente"}, {"seq": "123", "n": "18666", "vap": "37", "pvap": "   0,10", "e": "N", "st": "Suplente"}, {"seq": "88", "n": "18111", "vap": "66", "pvap": "   0,18", "e": "N", "st": "Suplente"}, {"seq": "76", "n": "18444", "vap": "94", "pvap": "   0,26", "e": "N", "st": "Suplente"}, {"seq": "36", "n": "18999", "vap": "288", "pvap": "   0,78", "e": "N", "st": "Suplente"}, {"seq": "67", "n": "18222", "vap": "111", "pvap": "   0,30", "e": "N", "st": "Suplente"}, {"seq": "96", "n": "18777", "vap": "57", "pvap": "   0,16", "e": "N", "st": "Suplente"}, {"seq": "120", "n": "18012", "vap": "38", "pvap": "   0,10", "e": "N", "st": "Suplente"}, {"seq": "168", "n": "18152", "vap": "5", "pvap": "   0,01", "e": "N", "st": "Suplente"}, {"seq": "171", "n": "18321", "vap": "2", "pvap": "   0,01", "e": "N", "st": "Suplente"}, {"seq": "27", "n": "18000", "vap": "421", "pvap": "   1,15", "e": "N", "st": "Suplente"}, {"seq": "13", "n": "18888", "vap": "538", "pvap": "   1,47", "e": "S", "st": "Eleito"}, {"seq": "134", "n": "18123", "vap": "31", "pvap": "   0,08", "e": "N", "st": "Suplente"}, {"seq": "102", "n": "10183", "vap": "49", "pvap": "   0,13", "e": "N", "st": "Suplente"}, {"seq": "9", "n": "10369", "vap": "694", "pvap": "   1,89", "e": "S", "st": "Eleito"}, {"seq": "124", "n": "10120", "vap": "37", "pvap": "   0,10", "e": "N", "st": "Suplente"}, {"seq": "55", "n": "10101", "vap": "146", "pvap": "   0,40", "e": "N", "st": "Suplente"}, {"seq": "40", "n": "10000", "vap": "272", "pvap": "   0,74", "e": "N", "st": "Suplente"}, {"seq": "112", "n": "10100", "vap": "42", "pvap": "   0,11", "e": "N", "st": "Suplente"}, {"seq": "7", "n": "10123", "vap": "774", "pvap": "   2,11", "e": "S", "st": "Eleito"}, {"seq": "142", "n": "10789", "vap": "25", "pvap": "   0,07", "e": "N", "st": "Suplente"}, {"seq": "20", "n": "10777", "vap": "546", "pvap": "   1,49", "e": "N", "st": "Suplente"}, {"seq": "35", "n": "10888", "vap": "289", "pvap": "   0,79", "e": "N", "st": "Suplente"}, {"seq": "151", "n": "10444", "vap": "20", "pvap": "   0,05", "e": "N", "st": "Suplente"}, {"seq": "69", "n": "10963", "vap": "104", "pvap": "   0,28", "e": "N", "st": "Suplente"}, {"seq": "41", "n": "10999", "vap": "268", "pvap": "   0,73", "e": "N", "st": "Suplente"}, {"seq": "131", "n": "10017", "vap": "33", "pvap": "   0,09", "e": "N", "st": "Suplente"}, {"seq": "145", "n": "10192", "vap": "23", "pvap": "   0,06", "e": "N", "st": "Suplente"}, {"seq": "92", "n": "10333", "vap": "62", "pvap": "   0,17", "e": "N", "st": "Suplente"}, {"seq": "116", "n": "10110", "vap": "41", "pvap": "   0,11", "e": "N", "st": "Suplente"}, {"seq": "140", "n": "10335", "vap": "27", "pvap": "   0,07", "e": "N", "st": "Suplente"}, {"seq": "70", "n": "10111", "vap": "103", "pvap": "   0,28", "e": "N", "st": "Suplente"}, {"seq": "148", "n": "10001", "vap": "21", "pvap": "   0,06", "e": "N", "st": "Suplente"}, {"seq": "29", "n": "10555", "vap": "397", "pvap": "   1,08", "e": "N", "st": "Suplente"}, {"seq": "128", "n": "10222", "vap": "35", "pvap": "   0,10", "e": "N", "st": "Suplente"}, {"seq": "39", "n": "10456", "vap": "279", "pvap": "   0,76", "e": "N", "st": "Suplente"}]}, {"dt": "16/11/2020", "ht": "00:44:12", "tf": "S", "and": "F", "tpabr": "ZONA", "cdabr": "95", "s": "112", "st": "112", "snt": "0", "si": "112", "sni": "0", "sa": "112", "sna": "0", "pst": " 100,00", "psnt": "   0,00", "psi": " 100,00", "psni": "   0,00", "psa": " 100,00", "psna": "   0,00", "e": "45822", "ea": "45822", "ena": "0", "esi": "45822", "esni": "0", "a": "7008", "c": "38814", "pea": " 100,00", "pena": "   0,00", "pesi": " 100,00", "pesni": "   0,00", "pa": "  15,29", "pc": "  84,71", "vnom": "34969", "vscv": "0", "vl": "1739", "tv": "38814", "vvc": "36708", "vb": "627", "tvn": "1479", "vn": "1479", "vnt": "0", "vp": "0", "vv": "36708", "van": "0", "vansj": "0", "pvnom": "  95,26", "pvl": "   4,74", "pvvc": "  94,57", "pvb": "   1,62", "ptvn": "   3,81", "pvn": " 100,00", "pvnt": "   0,00", "pvp": "   0,00", "pvv": " 100,00", "pvan": "   0,00", "pvansj": "   0,00", "cand": [{"seq": "23", "n": "65777", "vap": "503", "pvap": "   1,37", "e": "N", "st": "Suplente"}, {"seq": "119", "n": "65123", "vap": "38", "pvap": "   0,10", "e": "N", "st": "Suplente"}, {"seq": "84", "n": "65005", "vap": "76", "pvap": "   0,21", "e": "N", "st": "Suplente"}, {"seq": "22", "n": "65999", "vap": "521", "pvap": "   1,42", "e": "N", "st": "Suplente"}, {"seq": "12", "n": "65222", "vap": "562", "pvap": "   1,53", "e": "S", "st": "Eleito"}, {"seq": "43", "n": "65074", "vap": "228", "pvap": "   0,62", "e": "N", "st": "Suplente"}, {"seq": "87", "n": "65444", "vap": "67", "pvap": "   0,18", "e": "N", "st": "Suplente"}, {"seq": "125", "n": "65000", "vap": "37", "pvap": "   0,10", "e": "N", "st": "Suplente"}, {"seq": "100", "n": "65432", "vap": "50", "pvap": "   0,14", "e": "N", "st": "Suplente"}, {"seq": "21", "n": "65456", "vap": "525", "pvap": "   1,43", "e": "N", "st": "Suplente"}, {"seq": "50", "n": "65555", "vap": "160", "pvap": "   0,44", "e": "N", "st": "Suplente"}, {"seq": "85", "n": "65333", "vap": "72", "pvap": "   0,20", "e": "N", "st": "Suplente"}, {"seq": "162", "n": "65400", "vap": "9", "pvap": "   0,02", "e": "N", "st": "Suplente"}, {"seq": "38", "n": "65656", "vap": "280", "pvap": "   0,76", "e": "N", "st": "Suplente"}, {"seq": "138", "n": "70444", "vap": "30", "pvap": "   0,08", "e": "N", "st": "Suplente"}, {"seq": "48", "n": "70456", "vap": "191", "pvap": "   0,52", "e": "N", "st": "Suplente"}, {"seq": "89", "n": "70555", "vap": "66", "pvap": "   0,18", "e": "N", "st": "Suplente"}, {"seq": "81", "n": "70777", "vap": "91", "pvap": "   0,25", "e": "N", "st": "Suplente"}, {"seq": "113", "n": "70914", "vap": "42", "pvap": "   0,11", "e": "N", "st": "Suplente"}, {"seq": "132", "n": "70123", "vap": "32", "pvap": "   0,09", "e": "N", "st": "Suplente"}, {"seq": "160", "n": "70175", "vap": "11", "pvap": "   0,03", "e": "N", "st": "Suplente"}, {"seq": "91", "n": "70197", "vap": "62", "pvap": "   0,17", "e": "N", "st": "Suplente"}, {"seq": "94", "n": "70233", "vap": "60", "pvap": "   0,16", "e": "N", "st": "Suplente"}, {"seq": "74", "n": "70900", "vap": "95", "pvap": "   0,26", "e": "N", "st": "Suplente"}, {"seq": "33", "n": "70999", "vap": "318", "pvap": "   0,87", "e": "N", "st": "Suplente"}, {"seq": "173", "n": "70222", "vap": "1", "pvap": "   0,00", "e": "N", "st": "Suplente"}, {"seq": "170", "n": "70225", "vap": "3", "pvap": "   0,01", "e": "N", "st": "Suplente"}, {"seq": "65", "n": "70888", "vap": "118", "pvap": "   0,32", "e": "N", "st": "Suplente"}, {"seq": "161", "n": "70101", "vap": "10", "pvap": "   0,03", "e": "N", "st": "Suplente"}, {"seq": "77", "n": "70789", "vap": "93", "pvap": "   0,25", "e": "N", "st": "Suplente"}, {"seq": "147", "n": "70070", "vap": "22", "pvap": "   0,06", "e": "N", "st": "Suplente"}, {"seq": "15", "n": "70111", "vap": "400", "pvap": "   1,09", "e": "S", "st": "Eleito"}, {"seq": "174", "n": "70333", "vap": "1", "pvap": "   0,00", "e": "N", "st": "Suplente"}, {"seq": "166", "n": "70700", "vap": "6", "pvap": "   0,02", "e": "N", "st": "Suplente"}, {"seq": "58", "n": "70000", "vap": "138", "pvap": "   0,38", "e": "N", "st": "Suplente"}, {"seq": "226", "n": "90900", "vap": "6", "pvap": "   0,02", "e": "N", "st": "N\u00e3o eleito"}, {"seq": "184", "n": "90888", "vap": "101", "pvap": "   0,28", "e": "N", "st": "N\u00e3o eleito"}, {"seq": "175", "n": "90000", "vap": "454", "pvap": "   1,24", "e": "N", "st": "N\u00e3o eleito"}, {"seq": "204", "n": "90147", "vap": "23", "pvap": "   0,06", "e": "N", "st": "N\u00e3o eleito"}, {"seq": "228", "n": "90222", "vap": "6", "pvap": "   0,02", "e": "N", "st": "N\u00e3o eleito"}, {"seq": "194", "n": "90423", "vap": "38", "pvap": "   0,10", "e": "N", "st": "N\u00e3o eleito"}, {"seq": "229", "n": "90666", "vap": "4", "pvap": "   0,01", "e": "N", "st": "N\u00e3o eleito"}, {"seq": "219", "n": "90335", "vap": "11", "pvap": "   0,03", "e": "N", "st": "N\u00e3o eleito"}, {"seq": "203", "n": "90567", "vap": "26", "pvap": "   0,07", "e": "N", "st": "N\u00e3o eleito"}, {"seq": "209", "n": "90789", "vap": "19", "pvap": "   0,05", "e": "N", "st": "N\u00e3o eleito"}, {"seq": "199", "n": "90123", "vap": "33", "pvap": "   0,09", "e": "N", "st": "N\u00e3o eleito"}, {"seq": "195", "n": "90321", "vap": "36", "pvap": "   0,10", "e": "N", "st": "N\u00e3o eleito"}, {"seq": "190", "n": "90333", "vap": "50", "pvap": "   0,14", "e": "N", "st": "N\u00e3o eleito"}, {"seq": "189", "n": "90100", "vap": "50", "pvap": "   0,14", "e": "N", "st": "N\u00e3o eleito"}, {"seq": "220", "n": "90111", "vap": "10", "pvap": "   0,03", "e": "N", "st": "N\u00e3o eleito"}, {"seq": "237", "n": "90456", "vap": "0", "pvap": "00.00", "e": "N", "st": "N\u00e3o eleito"}, {"seq": "212", "n": "90741", "vap": "18", "pvap": "   0,05", "e": "N", "st": "N\u00e3o eleito"}, {"seq": "198", "n": "90234", "vap": "34", "pvap": "   0,09", "e": "N", "st": "N\u00e3o eleito"}, {"seq": "227", "n": "90444", "vap": "6", "pvap": "   0,02", "e": "N", "st": "N\u00e3o eleito"}, {"seq": "213", "n": "90777", "vap": "18", "pvap": "   0,05", "e": "N", "st": "N\u00e3o eleito"}, {"seq": "216", "n": "90999", "vap": "15", "pvap": "   0,04", "e": "N", "st": "N\u00e3o eleito"}, {"seq": "177", "n": "90555", "vap": "211", "pvap": "   0,57", "e": "N", "st": "N\u00e3o eleito"}, {"seq": "54", "n": "13123", "vap": "148", "pvap": "   0,40", "e": "N", "st": "Suplente"}, {"seq": "62", "n": "13456", "vap": "128", "pvap": "   0,35", "e": "N", "st": "Suplente"}, {"seq": "4", "n": "13321", "vap": "1013", "pvap": "   2,76", "e": "S", "st": "Eleito"}, {"seq": "126", "n": "13220", "vap": "36", "pvap": "   0,10", "e": "N", "st": "Suplente"}, {"seq": "136", "n": "13888", "vap": "31", "pvap": "   0,08", "e": "N", "st": "Suplente"}, {"seq": "5", "n": "13999", "vap": "967", "pvap": "   2,63", "e": "S", "st": "Eleito"}, {"seq": "107", "n": "13613", "vap": "48", "pvap": "   0,13", "e": "N", "st": "Suplente"}, {"seq": "153", "n": "13113", "vap": "19", "pvap": "   0,05", "e": "N", "st": "Suplente"}, {"seq": "19", "n": "13400", "vap": "576", "pvap": "   1,57", "e": "N", "st": "Suplente"}, {"seq": "63", "n": "13555", "vap": "127", "pvap": "   0,35", "e": "N", "st": "Suplente"}, {"seq": "117", "n": "13013", "vap": "40", "pvap": "   0,11", "e": "N", "st": "Suplente"}, {"seq": "47", "n": "13777", "vap": "203", "pvap": "   0,55", "e": "N", "st": "Suplente"}, {"seq": "137", "n": "13111", "vap": "30", "pvap": "   0,08", "e": "N", "st": "Suplente"}, {"seq": "51", "n": "13199", "vap": "153", "pvap": "   0,42", "e": "N", "st": "Suplente"}, {"seq": "109", "n": "13222", "vap": "47", "pvap": "   0,13", "e": "N", "st": "Suplente"}, {"seq": "45", "n": "13000", "vap": "205", "pvap": "   0,56", "e": "N", "st": "Suplente"}, {"seq": "61", "n": "13333", "vap": "131", "pvap": "   0,36", "e": "N", "st": "Suplente"}, {"seq": "57", "n": "13110", "vap": "141", "pvap": "   0,38", "e": "N", "st": "Suplente"}, {"seq": "78", "n": "13766", "vap": "93", "pvap": "   0,25", "e": "N", "st": "Suplente"}, {"seq": "150", "n": "13133", "vap": "20", "pvap": "   0,05", "e": "N", "st": "Suplente"}, {"seq": "221", "n": "19147", "vap": "10", "pvap": "   0,03", "e": "N", "st": "N\u00e3o eleito"}, {"seq": "196", "n": "19999", "vap": "36", "pvap": "   0,10", "e": "N", "st": "N\u00e3o eleito"}, {"seq": "211", "n": "19190", "vap": "18", "pvap": "   0,05", "e": "N", "st": "N\u00e3o eleito"}, {"seq": "191", "n": "19222", "vap": "49", "pvap": "   0,13", "e": "N", "st": "N\u00e3o eleito"}, {"seq": "208", "n": "19115", "vap": "19", "pvap": "   0,05", "e": "N", "st": "N\u00e3o eleito"}, {"seq": "231", "n": "19258", "vap": "3", "pvap": "   0,01", "e": "N", "st": "N\u00e3o eleito"}, {"seq": "222", "n": "19200", "vap": "9", "pvap": "   0,02", "e": "N", "st": "N\u00e3o eleito"}, {"seq": "192", "n": "19000", "vap": "41", "pvap": "   0,11", "e": "N", "st": "N\u00e3o eleito"}, {"seq": "185", "n": "19234", "vap": "99", "pvap": "   0,27", "e": "N", "st": "N\u00e3o eleito"}, {"seq": "176", "n": "19123", "vap": "310", "pvap": "   0,84", "e": "N", "st": "N\u00e3o eleito"}, {"seq": "218", "n": "19444", "vap": "13", "pvap": "   0,04", "e": "N", "st": "N\u00e3o eleito"}, {"seq": "202", "n": "19119", "vap": "27", "pvap": "   0,07", "e": "N", "st": "N\u00e3o eleito"}, {"seq": "149", "n": "55556", "vap": "20", "pvap": "   0,05", "e": "N", "st": "Suplente"}, {"seq": "75", "n": "55444", "vap": "95", "pvap": "   0,26", "e": "N", "st": "Suplente"}, {"seq": "72", "n": "55666", "vap": "97", "pvap": "   0,26", "e": "N", "st": "Suplente"}, {"seq": "143", "n": "55999", "vap": "25", "pvap": "   0,07", "e": "N", "st": "Suplente"}, {"seq": "24", "n": "55123", "vap": "493", "pvap": "   1,34", "e": "N", "st": "Suplente"}, {"seq": "164", "n": "55521", "vap": "7", "pvap": "   0,02", "e": "N", "st": "Suplente"}, {"seq": "159", "n": "55789", "vap": "13", "pvap": "   0,04", "e": "N", "st": "Suplente"}, {"seq": "56", "n": "55190", "vap": "144", "pvap": "   0,39", "e": "N", "st": "Suplente"}, {"seq": "154", "n": "55000", "vap": "17", "pvap": "   0,05", "e": "N", "st": "Suplente"}, {"seq": "110", "n": "55001", "vap": "46", "pvap": "   0,13", "e": "N", "st": "Suplente"}, {"seq": "8", "n": "55234", "vap": "702", "pvap": "   1,91", "e": "S", "st": "Eleito"}, {"seq": "156", "n": "55510", "vap": "16", "pvap": "   0,04", "e": "N", "st": "Suplente"}, {"seq": "133", "n": "55555", "vap": "32", "pvap": "   0,09", "e": "N", "st": "Suplente"}, {"seq": "115", "n": "55456", "vap": "42", "pvap": "   0,11", "e": "N", "st": "Suplente"}, {"seq": "17", "n": "55888", "vap": "621", "pvap": "   1,69", "e": "N", "st": "Suplente"}, {"seq": "103", "n": "55191", "vap": "49", "pvap": "   0,13", "e": "N", "st": "Suplente"}, {"seq": "129", "n": "55192", "vap": "34", "pvap": "   0,09", "e": "N", "st": "Suplente"}, {"seq": "52", "n": "55333", "vap": "153", "pvap": "   0,42", "e": "N", "st": "Suplente"}, {"seq": "144", "n": "55019", "vap": "25", "pvap": "   0,07", "e": "N", "st": "Suplente"}, {"seq": "31", "n": "55111", "vap": "364", "pvap": "   0,99", "e": "N", "st": "Suplente"}, {"seq": "60", "n": "55131", "vap": "133", "pvap": "   0,36", "e": "N", "st": "Suplente"}, {"seq": "233", "n": "11555", "vap": "1", "pvap": "   0,00", "e": "N", "st": "N\u00e3o eleito"}, {"seq": "224", "n": "11123", "vap": "6", "pvap": "   0,02", "e": "N", "st": "N\u00e3o eleito"}, {"seq": "214", "n": "11125", "vap": "17", "pvap": "   0,05", "e": "N", "st": "N\u00e3o eleito"}, {"seq": "232", "n": "11234", "vap": "2", "pvap": "   0,01", "e": "N", "st": "N\u00e3o eleito"}, {"seq": "230", "n": "11444", "vap": "4", "pvap": "   0,01", "e": "N", "st": "N\u00e3o eleito"}, {"seq": "210", "n": "11333", "vap": "19", "pvap": "   0,05", "e": "N", "st": "N\u00e3o eleito"}, {"seq": "205", "n": "11222", "vap": "23", "pvap": "   0,06", "e": "N", "st": "N\u00e3o eleito"}, {"seq": "186", "n": "11111", "vap": "63", "pvap": "   0,17", "e": "N", "st": "N\u00e3o eleito"}, {"seq": "197", "n": "11000", "vap": "36", "pvap": "   0,10", "e": "N", "st": "N\u00e3o eleito"}, {"seq": "171", "n": "18321", "vap": "2", "pvap": "   0,01", "e": "N", "st": "Suplente"}, {"seq": "130", "n": "18400", "vap": "33", "pvap": "   0,09", "e": "N", "st": "Suplente"}, {"seq": "134", "n": "18123", "vap": "31", "pvap": "   0,08", "e": "N", "st": "Suplente"}, {"seq": "49", "n": "18040", "vap": "169", "pvap": "   0,46", "e": "N", "st": "Suplente"}, {"seq": "172", "n": "18654", "vap": "2", "pvap": "   0,01", "e": "N", "st": "Suplente"}, {"seq": "111", "n": "18333", "vap": "44", "pvap": "   0,12", "e": "N", "st": "Suplente"}, {"seq": "88", "n": "18111", "vap": "66", "pvap": "   0,18", "e": "N", "st": "Suplente"}, {"seq": "123", "n": "18666", "vap": "37", "pvap": "   0,10", "e": "N", "st": "Suplente"}, {"seq": "83", "n": "18555", "vap": "77", "pvap": "   0,21", "e": "N", "st": "Suplente"}, {"seq": "76", "n": "18444", "vap": "94", "pvap": "   0,26", "e": "N", "st": "Suplente"}, {"seq": "67", "n": "18222", "vap": "111", "pvap": "   0,30", "e": "N", "st": "Suplente"}, {"seq": "167", "n": "18026", "vap": "5", "pvap": "   0,01", "e": "N", "st": "Suplente"}, {"seq": "101", "n": "18002", "vap": "49", "pvap": "   0,13", "e": "N", "st": "Suplente"}, {"seq": "108", "n": "18007", "vap": "48", "pvap": "   0,13", "e": "N", "st": "Suplente"}, {"seq": "27", "n": "18000", "vap": "421", "pvap": "   1,15", "e": "N", "st": "Suplente"}, {"seq": "168", "n": "18152", "vap": "5", "pvap": "   0,01", "e": "N", "st": "Suplente"}, {"seq": "36", "n": "18999", "vap": "288", "pvap": "   0,78", "e": "N", "st": "Suplente"}, {"seq": "13", "n": "18888", "vap": "538", "pvap": "   1,47", "e": "S", "st": "Eleito"}, {"seq": "96", "n": "18777", "vap": "57", "pvap": "   0,16", "e": "N", "st": "Suplente"}, {"seq": "120", "n": "18012", "vap": "38", "pvap": "   0,10", "e": "N", "st": "Suplente"}, {"seq": "225", "n": "50666", "vap": "6", "pvap": "   0,02", "e": "N", "st": "N\u00e3o eleito"}, {"seq": "234", "n": "50000", "vap": "1", "pvap": "   0,00", "e": "N", "st": "N\u00e3o eleito"}, {"seq": "201", "n": "50123", "vap": "28", "pvap": "   0,08", "e": "N", "st": "N\u00e3o eleito"}, {"seq": "20", "n": "10777", "vap": "546", "pvap": "   1,49", "e": "N", "st": "Suplente"}, {"seq": "116", "n": "10110", "vap": "41", "pvap": "   0,11", "e": "N", "st": "Suplente"}, {"seq": "102", "n": "10183", "vap": "49", "pvap": "   0,13", "e": "N", "st": "Suplente"}, {"seq": "69", "n": "10963", "vap": "104", "pvap": "   0,28", "e": "N", "st": "Suplente"}, {"seq": "124", "n": "10120", "vap": "37", "pvap": "   0,10", "e": "N", "st": "Suplente"}, {"seq": "128", "n": "10222", "vap": "35", "pvap": "   0,10", "e": "N", "st": "Suplente"}, {"seq": "9", "n": "10369", "vap": "694", "pvap": "   1,89", "e": "S", "st": "Eleito"}, {"seq": "39", "n": "10456", "vap": "279", "pvap": "   0,76", "e": "N", "st": "Suplente"}, {"seq": "29", "n": "10555", "vap": "397", "pvap": "   1,08", "e": "N", "st": "Suplente"}, {"seq": "142", "n": "10789", "vap": "25", "pvap": "   0,07", "e": "N", "st": "Suplente"}, {"seq": "70", "n": "10111", "vap": "103", "pvap": "   0,28", "e": "N", "st": "Suplente"}, {"seq": "7", "n": "10123", "vap": "774", "pvap": "   2,11", "e": "S", "st": "Eleito"}, {"seq": "112", "n": "10100", "vap": "42", "pvap": "   0,11", "e": "N", "st": "Suplente"}, {"seq": "151", "n": "10444", "vap": "20", "pvap": "   0,05", "e": "N", "st": "Suplente"}, {"seq": "55", "n": "10101", "vap": "146", "pvap": "   0,40", "e": "N", "st": "Suplente"}, {"seq": "40", "n": "10000", "vap": "272", "pvap": "   0,74", "e": "N", "st": "Suplente"}, {"seq": "148", "n": "10001", "vap": "21", "pvap": "   0,06", "e": "N", "st": "Suplente"}, {"seq": "92", "n": "10333", "vap": "62", "pvap": "   0,17", "e": "N", "st": "Suplente"}, {"seq": "35", "n": "10888", "vap": "289", "pvap": "   0,79", "e": "N", "st": "Suplente"}, {"seq": "145", "n": "10192", "vap": "23", "pvap": "   0,06", "e": "N", "st": "Suplente"}, {"seq": "131", "n": "10017", "vap": "33", "pvap": "   0,09", "e": "N", "st": "Suplente"}, {"seq": "140", "n": "10335", "vap": "27", "pvap": "   0,07", "e": "N", "st": "Suplente"}, {"seq": "41", "n": "10999", "vap": "268", "pvap": "   0,73", "e": "N", "st": "Suplente"}, {"seq": "182", "n": "25000", "vap": "111", "pvap": "   0,30", "e": "N", "st": "N\u00e3o eleito"}, {"seq": "207", "n": "25111", "vap": "20", "pvap": "   0,05", "e": "N", "st": "N\u00e3o eleito"}, {"seq": "181", "n": "25123", "vap": "118", "pvap": "   0,32", "e": "N", "st": "N\u00e3o eleito"}, {"seq": "188", "n": "25545", "vap": "59", "pvap": "   0,16", "e": "N", "st": "N\u00e3o eleito"}, {"seq": "193", "n": "25755", "vap": "38", "pvap": "   0,10", "e": "N", "st": "N\u00e3o eleito"}, {"seq": "223", "n": "25017", "vap": "6", "pvap": "   0,02", "e": "N", "st": "N\u00e3o eleito"}, {"seq": "235", "n": "25234", "vap": "1", "pvap": "   0,00", "e": "N", "st": "N\u00e3o eleito"}, {"seq": "179", "n": "25555", "vap": "180", "pvap": "   0,49", "e": "N", "st": "N\u00e3o eleito"}, {"seq": "187", "n": "25888", "vap": "61", "pvap": "   0,17", "e": "N", "st": "N\u00e3o eleito"}, {"seq": "217", "n": "25321", "vap": "14", "pvap": "   0,04", "e": "N", "st": "N\u00e3o eleito"}, {"seq": "200", "n": "25222", "vap": "29", "pvap": "   0,08", "e": "N", "st": "N\u00e3o eleito"}, {"seq": "178", "n": "25025", "vap": "188", "pvap": "   0,51", "e": "N", "st": "N\u00e3o eleito"}, {"seq": "183", "n": "25333", "vap": "102", "pvap": "   0,28", "e": "N", "st": "N\u00e3o eleito"}, {"seq": "180", "n": "25444", "vap": "132", "pvap": "   0,36", "e": "N", "st": "N\u00e3o eleito"}, {"seq": "215", "n": "25777", "vap": "16", "pvap": "   0,04", "e": "N", "st": "N\u00e3o eleito"}, {"seq": "236", "n": "25525", "vap": "1", "pvap": "   0,00", "e": "N", "st": "N\u00e3o eleito"}, {"seq": "206", "n": "25800", "vap": "22", "pvap": "   0,06", "e": "N", "st": "N\u00e3o eleito"}, {"seq": "30", "n": "14777", "vap": "379", "pvap": "   1,03", "e": "N", "st": "Suplente"}, {"seq": "11", "n": "14123", "vap": "565", "pvap": "   1,54", "e": "S", "st": "Eleito"}, {"seq": "71", "n": "14555", "vap": "100", "pvap": "   0,27", "e": "N", "st": "Suplente"}, {"seq": "37", "n": "14666", "vap": "287", "pvap": "   0,78", "e": "N", "st": "Suplente"}, {"seq": "146", "n": "14888", "vap": "22", "pvap": "   0,06", "e": "N", "st": "Suplente"}, {"seq": "14", "n": "14000", "vap": "439", "pvap": "   1,20", "e": "S", "st": "Eleito"}, {"seq": "59", "n": "14115", "vap": "137", "pvap": "   0,37", "e": "N", "st": "Suplente"}, {"seq": "44", "n": "14444", "vap": "216", "pvap": "   0,59", "e": "N", "st": "Suplente"}, {"seq": "121", "n": "14014", "vap": "38", "pvap": "   0,10", "e": "N", "st": "Suplente"}, {"seq": "34", "n": "14121", "vap": "313", "pvap": "   0,85", "e": "N", "st": "Suplente"}, {"seq": "95", "n": "14333", "vap": "58", "pvap": "   0,16", "e": "N", "st": "Suplente"}, {"seq": "42", "n": "14789", "vap": "233", "pvap": "   0,63", "e": "N", "st": "Suplente"}, {"seq": "93", "n": "14040", "vap": "61", "pvap": "   0,17", "e": "N", "st": "Suplente"}, {"seq": "28", "n": "14111", "vap": "412", "pvap": "   1,12", "e": "N", "st": "Suplente"}, {"seq": "135", "n": "14999", "vap": "31", "pvap": "   0,08", "e": "N", "st": "Suplente"}, {"seq": "139", "n": "14108", "vap": "30", "pvap": "   0,08", "e": "N", "st": "Suplente"}, {"seq": "122", "n": "14110", "vap": "38", "pvap": "   0,10", "e": "N", "st": "Suplente"}, {"seq": "158", "n": "14222", "vap": "13", "pvap": "   0,04", "e": "N", "st": "Suplente"}, {"seq": "73", "n": "14234", "vap": "97", "pvap": "   0,26", "e": "N", "st": "Suplente"}, {"seq": "127", "n": "14641", "vap": "35", "pvap": "   0,10", "e": "N", "st": "Suplente"}, {"seq": "165", "n": "22333", "vap": "6", "pvap": "   0,02", "e": "N", "st": "Suplente"}, {"seq": "104", "n": "22000", "vap": "49", "pvap": "   0,13", "e": "N", "st": "Suplente"}, {"seq": "86", "n": "22140", "vap": "70", "pvap": "   0,19", "e": "N", "st": "Suplente"}, {"seq": "155", "n": "22555", "vap": "16", "pvap": "   0,04", "e": "N", "st": "Suplente"}, {"seq": "105", "n": "22777", "vap": "49", "pvap": "   0,13", "e": "N", "st": "Suplente"}, {"seq": "152", "n": "22199", "vap": "19", "pvap": "   0,05", "e": "N", "st": "Suplente"}, {"seq": "106", "n": "22145", "vap": "49", "pvap": "   0,13", "e": "N", "st": "Suplente"}, {"seq": "82", "n": "22641", "vap": "84", "pvap": "   0,23", "e": "N", "st": "Suplente"}, {"seq": "32", "n": "22123", "vap": "347", "pvap": "   0,95", "e": "N", "st": "Suplente"}, {"seq": "10", "n": "22999", "vap": "628", "pvap": "   1,71", "e": "S", "st": "Eleito"}, {"seq": "18", "n": "22111", "vap": "592", "pvap": "   1,61", "e": "N", "st": "Suplente"}, {"seq": "26", "n": "22222", "vap": "456", "pvap": "   1,24", "e": "N", "st": "Suplente"}, {"seq": "97", "n": "22345", "vap": "56", "pvap": "   0,15", "e": "N", "st": "Suplente"}, {"seq": "6", "n": "22580", "vap": "891", "pvap": "   2,43", "e": "S", "st": "Eleito"}, {"seq": "99", "n": "22888", "vap": "52", "pvap": "   0,14", "e": "N", "st": "Suplente"}, {"seq": "79", "n": "22133", "vap": "91", "pvap": "   0,25", "e": "N", "st": "Suplente"}, {"seq": "163", "n": "22444", "vap": "9", "pvap": "   0,02", "e": "N", "st": "Suplente"}, {"seq": "46", "n": "22622", "vap": "203", "pvap": "   0,55", "e": "N", "st": "Suplente"}, {"seq": "53", "n": "22022", "vap": "150", "pvap": "   0,41", "e": "N", "st": "Suplente"}, {"seq": "98", "n": "40001", "vap": "53", "pvap": "   0,14", "e": "N", "st": "Suplente"}, {"seq": "25", "n": "40123", "vap": "492", "pvap": "   1,34", "e": "N", "st": "Suplente"}, {"seq": "114", "n": "40555", "vap": "42", "pvap": "   0,11", "e": "N", "st": "Suplente"}, {"seq": "141", "n": "40500", "vap": "26", "pvap": "   0,07", "e": "N", "st": "Suplente"}, {"seq": "1", "n": "40999", "vap": "1522", "pvap": "   4,15", "e": "S", "st": "Eleito"}, {"seq": "3", "n": "40000", "vap": "1120", "pvap": "   3,05", "e": "S", "st": "Eleito"}, {"seq": "118", "n": "40321", "vap": "38", "pvap": "   0,10", "e": "N", "st": "Suplente"}, {"seq": "2", "n": "40333", "vap": "1435", "pvap": "   3,91", "e": "S", "st": "Eleito"}, {"seq": "169", "n": "40621", "vap": "3", "pvap": "   0,01", "e": "N", "st": "Suplente"}, {"seq": "90", "n": "40222", "vap": "65", "pvap": "   0,18", "e": "N", "st": "Suplente"}, {"seq": "68", "n": "40678", "vap": "109", "pvap": "   0,30", "e": "N", "st": "Suplente"}, {"seq": "64", "n": "40777", "vap": "121", "pvap": "   0,33", "e": "N", "st": "Suplente"}, {"seq": "66", "n": "40444", "vap": "115", "pvap": "   0,31", "e": "N", "st": "Suplente"}, {"seq": "80", "n": "40888", "vap": "91", "pvap": "   0,25", "e": "N", "st": "Suplente"}, {"seq": "16", "n": "40100", "vap": "691", "pvap": "   1,88", "e": "N", "st": "Suplente"}, {"seq": "157", "n": "40400", "vap": "14", "pvap": "   0,04", "e": "N", "st": "Suplente"}]}]}