{"ele": "426", "carper": "13", "t": "1", "f": "O", "esae": "N", "mnae": " ", "dg": "15/11/2020", "hg": "22:39:33", "dv": "S", "nadf": "ba30660-c0013-e000426-002-f", "abr": [{"dt": "15/11/2020", "ht": "22:30:12", "tf": "S", "and": "F", "tpabr": "MU", "cdabr": "30660", "s": "21", "st": "21", "snt": "0", "si": "21", "sni": "0", "sa": "21", "sna": "0", "pst": " 100,00", "psnt": "   0,00", "psi": " 100,00", "psni": "   0,00", "psa": " 100,00", "psna": "   0,00", "e": "8787", "ea": "8787", "ena": "0", "esi": "8787", "esni": "0", "c": "7114", "a": "1673", "pea": " 100,00", "pena": "   0,00", "pesi": " 100,00", "pesni": "   0,00", "pa": "  19,04", "pc": "  80,96", "vscv": "0", "vnom": "6351", "vl": "437", "tv": "7114", "vvc": "6788", "vb": "48", "tvn": "278", "vn": "278", "vnt": "0", "vp": "0", "vv": "6788", "van": "0", "vansj": "0", "pvnom": "  93,56", "pvl": "   6,44", "pvvc": "  95,42", "pvb": "   0,67", "ptvn": "   3,91", "pvn": " 100,00", "pvnt": "   0,00", "pvp": "   0,00", "pvv": " 100,00", "pvan": "   0,00", "pvansj": "   0,00", "colig": [{"n": "50000073422", "tvtn": "1734", "tvan": "1734", "vag": "2", "tvtl": "178", "tval": "178"}, {"n": "50000132807", "tvtn": "4617", "tvan": "4617", "vag": "7", "tvtl": "259", "tval": "259"}], "part": [{"n": "13", "tvtn": "1734", "tvan": "1734", "tvtl": "178", "tval": "178"}, {"n": "55", "tvtn": "4617", "tvan": "4617", "tvtl": "259", "tval": "259"}], "cand": [{"seq": "13", "n": "13456", "vap": "224", "pvap": "   3,30", "e": "N", "st": "Suplente"}, {"seq": "19", "n": "13123", "vap": "37", "pvap": "   0,55", "e": "N", "st": "Suplente"}, {"seq": "9", "n": "13600", "vap": "360", "pvap": "   5,30", "e": "S", "st": "Eleito"}, {"seq": "15", "n": "13444", "vap": "151", "pvap": "   2,22", "e": "N", "st": "Suplente"}, {"seq": "23", "n": "13500", "vap": "0", "pvap": "00.00", "e": "N", "st": "Suplente"}, {"seq": "16", "n": "13789", "vap": "104", "pvap": "   1,53", "e": "N", "st": "Suplente"}, {"seq": "22", "n": "13115", "vap": "4", "pvap": "   0,06", "e": "N", "st": "Suplente"}, {"seq": "14", "n": "13222", "vap": "208", "pvap": "   3,06", "e": "N", "st": "Suplente"}, {"seq": "17", "n": "13333", "vap": "69", "pvap": "   1,02", "e": "N", "st": "Suplente"}, {"seq": "21", "n": "13130", "vap": "22", "pvap": "   0,32", "e": "N", "st": "Suplente"}, {"seq": "20", "n": "13700", "vap": "28", "pvap": "   0,41", "e": "N", "st": "Suplente"}, {"seq": "4", "n": "13000", "vap": "527", "pvap": "   7,76", "e": "S", "st": "Eleito"}, {"seq": "3", "n": "55620", "vap": "531", "pvap": "   7,82", "e": "S", "st": "Eleito"}, {"seq": "1", "n": "55666", "vap": "612", "pvap": "   9,02", "e": "S", "st": "Eleito"}, {"seq": "6", "n": "55111", "vap": "476", "pvap": "   7,01", "e": "S", "st": "Eleito"}, {"seq": "11", "n": "55800", "vap": "355", "pvap": "   5,23", "e": "N", "st": "Suplente"}, {"seq": "2", "n": "55123", "vap": "559", "pvap": "   8,24", "e": "S", "st": "Eleito"}, {"seq": "7", "n": "55000", "vap": "444", "pvap": "   6,54", "e": "S", "st": "Eleito"}, {"seq": "5", "n": "55777", "vap": "508", "pvap": "   7,48", "e": "S", "st": "Eleito"}, {"seq": "12", "n": "55456", "vap": "351", "pvap": "   5,17", "e": "N", "st": "Suplente"}, {"seq": "8", "n": "55555", "vap": "372", "pvap": "   5,48", "e": "S", "st": "Eleito"}, {"seq": "18", "n": "55888", "vap": "50", "pvap": "   0,74", "e": "N", "st": "Suplente"}, {"seq": "10", "n": "55222", "vap": "359", "pvap": "   5,29", "e": "N", "st": "Suplente"}]}, {"dt": "15/11/2020", "ht": "22:30:12", "tf": "S", "and": "F", "tpabr": "ZONA", "cdabr": "175", "s": "21", "st": "21", "snt": "0", "si": "21", "sni": "0", "sa": "21", "sna": "0", "pst": " 100,00", "psnt": "   0,00", "psi": " 100,00", "psni": "   0,00", "psa": " 100,00", "psna": "   0,00", "e": "8787", "ea": "8787", "ena": "0", "esi": "8787", "esni": "0", "a": "1673", "c": "7114", "pea": " 100,00", "pena": "   0,00", "pesi": " 100,00", "pesni": "   0,00", "pa": "  19,04", "pc": "  80,96", "vnom": "6351", "vscv": "0", "vl": "437", "tv": "7114", "vvc": "6788", "vb": "48", "tvn": "278", "vn": "278", "vnt": "0", "vp": "0", "vv": "6788", "van": "0", "vansj": "0", "pvnom": "  93,56", "pvl": "   6,44", "pvvc": "  95,42", "pvb": "   0,67", "ptvn": "   3,91", "pvn": " 100,00", "pvnt": "   0,00", "pvp": "   0,00", "pvv": " 100,00", "pvan": "   0,00", "pvansj": "   0,00", "cand": [{"seq": "1", "n": "55666", "vap": "612", "pvap": "   9,02", "e": "S", "st": "Eleito"}, {"seq": "2", "n": "55123", "vap": "559", "pvap": "   8,24", "e": "S", "st": "Eleito"}, {"seq": "3", "n": "55620", "vap": "531", "pvap": "   7,82", "e": "S", "st": "Eleito"}, {"seq": "5", "n": "55777", "vap": "508", "pvap": "   7,48", "e": "S", "st": "Eleito"}, {"seq": "6", "n": "55111", "vap": "476", "pvap": "   7,01", "e": "S", "st": "Eleito"}, {"seq": "7", "n": "55000", "vap": "444", "pvap": "   6,54", "e": "S", "st": "Eleito"}, {"seq": "8", "n": "55555", "vap": "372", "pvap": "   5,48", "e": "S", "st": "Eleito"}, {"seq": "10", "n": "55222", "vap": "359", "pvap": "   5,29", "e": "N", "st": "Suplente"}, {"seq": "11", "n": "55800", "vap": "355", "pvap": "   5,23", "e": "N", "st": "Suplente"}, {"seq": "12", "n": "55456", "vap": "351", "pvap": "   5,17", "e": "N", "st": "Suplente"}, {"seq": "18", "n": "55888", "vap": "50", "pvap": "   0,74", "e": "N", "st": "Suplente"}, {"seq": "4", "n": "13000", "vap": "527", "pvap": "   7,76", "e": "S", "st": "Eleito"}, {"seq": "9", "n": "13600", "vap": "360", "pvap": "   5,30", "e": "S", "st": "Eleito"}, {"seq": "13", "n": "13456", "vap": "224", "pvap": "   3,30", "e": "N", "st": "Suplente"}, {"seq": "14", "n": "13222", "vap": "208", "pvap": "   3,06", "e": "N", "st": "Suplente"}, {"seq": "15", "n": "13444", "vap": "151", "pvap": "   2,22", "e": "N", "st": "Suplente"}, {"seq": "16", "n": "13789", "vap": "104", "pvap": "   1,53", "e": "N", "st": "Suplente"}, {"seq": "17", "n": "13333", "vap": "69", "pvap": "   1,02", "e": "N", "st": "Suplente"}, {"seq": "19", "n": "13123", "vap": "37", "pvap": "   0,55", "e": "N", "st": "Suplente"}, {"seq": "20", "n": "13700", "vap": "28", "pvap": "   0,41", "e": "N", "st": "Suplente"}, {"seq": "21", "n": "13130", "vap": "22", "pvap": "   0,32", "e": "N", "st": "Suplente"}, {"seq": "22", "n": "13115", "vap": "4", "pvap": "   0,06", "e": "N", "st": "Suplente"}, {"seq": "23", "n": "13500", "vap": "0", "pvap": "00.00", "e": "N", "st": "Suplente"}]}]}