{"ele": "426", "carper": "13", "t": "1", "f": "O", "esae": "N", "mnae": " ", "dg": "15/11/2020", "hg": "23:02:27", "dv": "S", "nadf": "ba36358-c0013-e000426-003-f", "abr": [{"dt": "15/11/2020", "ht": "22:41:46", "tf": "S", "and": "F", "tpabr": "MU", "cdabr": "36358", "s": "16", "st": "16", "snt": "0", "si": "16", "sni": "0", "sa": "16", "sna": "0", "pst": " 100,00", "psnt": "   0,00", "psi": " 100,00", "psni": "   0,00", "psa": " 100,00", "psna": "   0,00", "e": "6410", "ea": "6410", "ena": "0", "esi": "6410", "esni": "0", "c": "5531", "a": "879", "pea": " 100,00", "pena": "   0,00", "pesi": " 100,00", "pesni": "   0,00", "pa": "  13,71", "pc": "  86,29", "vscv": "0", "vnom": "4956", "vl": "290", "tv": "5531", "vvc": "5246", "vb": "48", "tvn": "237", "vn": "237", "vnt": "0", "vp": "0", "vv": "5246", "van": "0", "vansj": "0", "pvnom": "  94,47", "pvl": "   5,53", "pvvc": "  94,85", "pvb": "   0,87", "ptvn": "   4,28", "pvn": " 100,00", "pvnt": "   0,00", "pvp": "   0,00", "pvv": " 100,00", "pvan": "   0,00", "pvansj": "   0,00", "colig": [{"n": "50000099587", "tvtn": "754", "tvan": "754", "vag": "1", "tvtl": "94", "tval": "94"}, {"n": "50000062702", "tvtn": "1020", "tvan": "1020", "vag": "2", "tvtl": "38", "tval": "38"}, {"n": "50000078077", "tvtn": "2074", "tvan": "2074", "vag": "4", "tvtl": "120", "tval": "120"}, {"n": "50000099637", "tvtn": "488", "tvan": "488", "vag": "1", "tvtl": "27", "tval": "27"}, {"n": "50000077535", "tvtn": "620", "tvan": "620", "vag": "1", "tvtl": "11", "tval": "11"}], "part": [{"n": "11", "tvtn": "754", "tvan": "754", "tvtl": "94", "tval": "94"}, {"n": "12", "tvtn": "1020", "tvan": "1020", "tvtl": "38", "tval": "38"}, {"n": "40", "tvtn": "2074", "tvan": "2074", "tvtl": "120", "tval": "120"}, {"n": "55", "tvtn": "488", "tvan": "488", "tvtl": "27", "tval": "27"}, {"n": "50", "tvtn": "620", "tvan": "620", "tvtl": "11", "tval": "11"}], "cand": [{"seq": "31", "n": "11122", "vap": "48", "pvap": "   0,91", "e": "N", "st": "Suplente"}, {"seq": "38", "n": "11333", "vap": "29", "pvap": "   0,55", "e": "N", "st": "Suplente"}, {"seq": "43", "n": "11888", "vap": "14", "pvap": "   0,27", "e": "N", "st": "Suplente"}, {"seq": "17", "n": "11222", "vap": "141", "pvap": "   2,69", "e": "N", "st": "Suplente"}, {"seq": "37", "n": "11234", "vap": "29", "pvap": "   0,55", "e": "N", "st": "Suplente"}, {"seq": "3", "n": "11111", "vap": "255", "pvap": "   4,86", "e": "S", "st": "Eleito"}, {"seq": "12", "n": "11444", "vap": "180", "pvap": "   3,43", "e": "N", "st": "Suplente"}, {"seq": "42", "n": "11555", "vap": "15", "pvap": "   0,29", "e": "N", "st": "Suplente"}, {"seq": "45", "n": "11777", "vap": "11", "pvap": "   0,21", "e": "N", "st": "Suplente"}, {"seq": "36", "n": "11123", "vap": "32", "pvap": "   0,61", "e": "N", "st": "Suplente"}, {"seq": "40", "n": "12444", "vap": "21", "pvap": "   0,40", "e": "N", "st": "Suplente"}, {"seq": "50", "n": "12543", "vap": "4", "pvap": "   0,08", "e": "N", "st": "Suplente"}, {"seq": "7", "n": "12333", "vap": "202", "pvap": "   3,85", "e": "S", "st": "Eleito"}, {"seq": "32", "n": "12000", "vap": "46", "pvap": "   0,88", "e": "N", "st": "Suplente"}, {"seq": "47", "n": "12999", "vap": "6", "pvap": "   0,11", "e": "N", "st": "Suplente"}, {"seq": "49", "n": "12321", "vap": "5", "pvap": "   0,10", "e": "N", "st": "Suplente"}, {"seq": "6", "n": "12345", "vap": "205", "pvap": "   3,91", "e": "S", "st": "Eleito"}, {"seq": "28", "n": "12222", "vap": "54", "pvap": "   1,03", "e": "N", "st": "Suplente"}, {"seq": "18", "n": "12555", "vap": "127", "pvap": "   2,42", "e": "N", "st": "Suplente"}, {"seq": "13", "n": "12777", "vap": "175", "pvap": "   3,34", "e": "N", "st": "Suplente"}, {"seq": "48", "n": "12888", "vap": "6", "pvap": "   0,11", "e": "N", "st": "Suplente"}, {"seq": "14", "n": "12123", "vap": "169", "pvap": "   3,22", "e": "N", "st": "Suplente"}, {"seq": "5", "n": "40777", "vap": "220", "pvap": "   4,19", "e": "S", "st": "Eleito"}, {"seq": "30", "n": "40123", "vap": "49", "pvap": "   0,93", "e": "N", "st": "Suplente"}, {"seq": "10", "n": "40222", "vap": "213", "pvap": "   4,06", "e": "N", "st": "Suplente"}, {"seq": "15", "n": "40111", "vap": "165", "pvap": "   3,15", "e": "N", "st": "Suplente"}, {"seq": "1", "n": "40888", "vap": "426", "pvap": "   8,12", "e": "S", "st": "Eleito"}, {"seq": "57", "n": "40400", "vap": "0", "pvap": "00.00", "e": "N", "st": "Suplente"}, {"seq": "19", "n": "40456", "vap": "102", "pvap": "   1,94", "e": "N", "st": "Suplente"}, {"seq": "11", "n": "40333", "vap": "194", "pvap": "   3,70", "e": "N", "st": "Suplente"}, {"seq": "2", "n": "40555", "vap": "312", "pvap": "   5,95", "e": "S", "st": "Eleito"}, {"seq": "16", "n": "40444", "vap": "152", "pvap": "   2,90", "e": "N", "st": "Suplente"}, {"seq": "4", "n": "40000", "vap": "239", "pvap": "   4,56", "e": "S", "st": "Eleito"}, {"seq": "56", "n": "40100", "vap": "0", "pvap": "00.00", "e": "N", "st": "Suplente"}, {"seq": "53", "n": "40040", "vap": "2", "pvap": "   0,04", "e": "N", "st": "Suplente"}, {"seq": "33", "n": "55555", "vap": "39", "pvap": "   0,74", "e": "N", "st": "Suplente"}, {"seq": "9", "n": "55333", "vap": "110", "pvap": "   2,10", "e": "S", "st": "Eleito"}, {"seq": "22", "n": "55666", "vap": "89", "pvap": "   1,70", "e": "N", "st": "Suplente"}, {"seq": "20", "n": "55000", "vap": "102", "pvap": "   1,94", "e": "N", "st": "Suplente"}, {"seq": "41", "n": "55553", "vap": "17", "pvap": "   0,32", "e": "N", "st": "Suplente"}, {"seq": "24", "n": "55222", "vap": "80", "pvap": "   1,52", "e": "N", "st": "Suplente"}, {"seq": "55", "n": "55550", "vap": "0", "pvap": "00.00", "e": "N", "st": "Suplente"}, {"seq": "29", "n": "55888", "vap": "51", "pvap": "   0,97", "e": "N", "st": "Suplente"}, {"seq": "44", "n": "50050", "vap": "12", "pvap": "   0,23", "e": "N", "st": "Suplente"}, {"seq": "39", "n": "50150", "vap": "22", "pvap": "   0,42", "e": "N", "st": "Suplente"}, {"seq": "26", "n": "50123", "vap": "72", "pvap": "   1,37", "e": "N", "st": "Suplente"}, {"seq": "21", "n": "50777", "vap": "97", "pvap": "   1,85", "e": "N", "st": "Suplente"}, {"seq": "34", "n": "50555", "vap": "36", "pvap": "   0,69", "e": "N", "st": "Suplente"}, {"seq": "35", "n": "50666", "vap": "34", "pvap": "   0,65", "e": "N", "st": "Suplente"}, {"seq": "23", "n": "50333", "vap": "84", "pvap": "   1,60", "e": "N", "st": "Suplente"}, {"seq": "8", "n": "50000", "vap": "116", "pvap": "   2,21", "e": "S", "st": "Eleito"}, {"seq": "46", "n": "50222", "vap": "9", "pvap": "   0,17", "e": "N", "st": "Suplente"}, {"seq": "54", "n": "50550", "vap": "2", "pvap": "   0,04", "e": "N", "st": "Suplente"}, {"seq": "27", "n": "50888", "vap": "55", "pvap": "   1,05", "e": "N", "st": "Suplente"}, {"seq": "52", "n": "50999", "vap": "3", "pvap": "   0,06", "e": "N", "st": "Suplente"}, {"seq": "25", "n": "50444", "vap": "75", "pvap": "   1,43", "e": "N", "st": "Suplente"}, {"seq": "51", "n": "50030", "vap": "3", "pvap": "   0,06", "e": "N", "st": "Suplente"}]}, {"dt": "15/11/2020", "ht": "22:41:46", "tf": "S", "and": "F", "tpabr": "ZONA", "cdabr": "76", "s": "16", "st": "16", "snt": "0", "si": "16", "sni": "0", "sa": "16", "sna": "0", "pst": " 100,00", "psnt": "   0,00", "psi": " 100,00", "psni": "   0,00", "psa": " 100,00", "psna": "   0,00", "e": "6410", "ea": "6410", "ena": "0", "esi": "6410", "esni": "0", "a": "879", "c": "5531", "pea": " 100,00", "pena": "   0,00", "pesi": " 100,00", "pesni": "   0,00", "pa": "  13,71", "pc": "  86,29", "vnom": "4956", "vscv": "0", "vl": "290", "tv": "5531", "vvc": "5246", "vb": "48", "tvn": "237", "vn": "237", "vnt": "0", "vp": "0", "vv": "5246", "van": "0", "vansj": "0", "pvnom": "  94,47", "pvl": "   5,53", "pvvc": "  94,85", "pvb": "   0,87", "ptvn": "   4,28", "pvn": " 100,00", "pvnt": "   0,00", "pvp": "   0,00", "pvv": " 100,00", "pvan": "   0,00", "pvansj": "   0,00", "cand": [{"seq": "3", "n": "11111", "vap": "255", "pvap": "   4,86", "e": "S", "st": "Eleito"}, {"seq": "12", "n": "11444", "vap": "180", "pvap": "   3,43", "e": "N", "st": "Suplente"}, {"seq": "17", "n": "11222", "vap": "141", "pvap": "   2,69", "e": "N", "st": "Suplente"}, {"seq": "31", "n": "11122", "vap": "48", "pvap": "   0,91", "e": "N", "st": "Suplente"}, {"seq": "36", "n": "11123", "vap": "32", "pvap": "   0,61", "e": "N", "st": "Suplente"}, {"seq": "37", "n": "11234", "vap": "29", "pvap": "   0,55", "e": "N", "st": "Suplente"}, {"seq": "38", "n": "11333", "vap": "29", "pvap": "   0,55", "e": "N", "st": "Suplente"}, {"seq": "42", "n": "11555", "vap": "15", "pvap": "   0,29", "e": "N", "st": "Suplente"}, {"seq": "43", "n": "11888", "vap": "14", "pvap": "   0,27", "e": "N", "st": "Suplente"}, {"seq": "45", "n": "11777", "vap": "11", "pvap": "   0,21", "e": "N", "st": "Suplente"}, {"seq": "1", "n": "40888", "vap": "426", "pvap": "   8,12", "e": "S", "st": "Eleito"}, {"seq": "2", "n": "40555", "vap": "312", "pvap": "   5,95", "e": "S", "st": "Eleito"}, {"seq": "4", "n": "40000", "vap": "239", "pvap": "   4,56", "e": "S", "st": "Eleito"}, {"seq": "5", "n": "40777", "vap": "220", "pvap": "   4,19", "e": "S", "st": "Eleito"}, {"seq": "10", "n": "40222", "vap": "213", "pvap": "   4,06", "e": "N", "st": "Suplente"}, {"seq": "11", "n": "40333", "vap": "194", "pvap": "   3,70", "e": "N", "st": "Suplente"}, {"seq": "15", "n": "40111", "vap": "165", "pvap": "   3,15", "e": "N", "st": "Suplente"}, {"seq": "16", "n": "40444", "vap": "152", "pvap": "   2,90", "e": "N", "st": "Suplente"}, {"seq": "19", "n": "40456", "vap": "102", "pvap": "   1,94", "e": "N", "st": "Suplente"}, {"seq": "30", "n": "40123", "vap": "49", "pvap": "   0,93", "e": "N", "st": "Suplente"}, {"seq": "53", "n": "40040", "vap": "2", "pvap": "   0,04", "e": "N", "st": "Suplente"}, {"seq": "56", "n": "40100", "vap": "0", "pvap": "00.00", "e": "N", "st": "Suplente"}, {"seq": "57", "n": "40400", "vap": "0", "pvap": "00.00", "e": "N", "st": "Suplente"}, {"seq": "8", "n": "50000", "vap": "116", "pvap": "   2,21", "e": "S", "st": "Eleito"}, {"seq": "21", "n": "50777", "vap": "97", "pvap": "   1,85", "e": "N", "st": "Suplente"}, {"seq": "23", "n": "50333", "vap": "84", "pvap": "   1,60", "e": "N", "st": "Suplente"}, {"seq": "25", "n": "50444", "vap": "75", "pvap": "   1,43", "e": "N", "st": "Suplente"}, {"seq": "26", "n": "50123", "vap": "72", "pvap": "   1,37", "e": "N", "st": "Suplente"}, {"seq": "27", "n": "50888", "vap": "55", "pvap": "   1,05", "e": "N", "st": "Suplente"}, {"seq": "34", "n": "50555", "vap": "36", "pvap": "   0,69", "e": "N", "st": "Suplente"}, {"seq": "35", "n": "50666", "vap": "34", "pvap": "   0,65", "e": "N", "st": "Suplente"}, {"seq": "39", "n": "50150", "vap": "22", "pvap": "   0,42", "e": "N", "st": "Suplente"}, {"seq": "44", "n": "50050", "vap": "12", "pvap": "   0,23", "e": "N", "st": "Suplente"}, {"seq": "46", "n": "50222", "vap": "9", "pvap": "   0,17", "e": "N", "st": "Suplente"}, {"seq": "51", "n": "50030", "vap": "3", "pvap": "   0,06", "e": "N", "st": "Suplente"}, {"seq": "52", "n": "50999", "vap": "3", "pvap": "   0,06", "e": "N", "st": "Suplente"}, {"seq": "54", "n": "50550", "vap": "2", "pvap": "   0,04", "e": "N", "st": "Suplente"}, {"seq": "6", "n": "12345", "vap": "205", "pvap": "   3,91", "e": "S", "st": "Eleito"}, {"seq": "7", "n": "12333", "vap": "202", "pvap": "   3,85", "e": "S", "st": "Eleito"}, {"seq": "13", "n": "12777", "vap": "175", "pvap": "   3,34", "e": "N", "st": "Suplente"}, {"seq": "14", "n": "12123", "vap": "169", "pvap": "   3,22", "e": "N", "st": "Suplente"}, {"seq": "18", "n": "12555", "vap": "127", "pvap": "   2,42", "e": "N", "st": "Suplente"}, {"seq": "28", "n": "12222", "vap": "54", "pvap": "   1,03", "e": "N", "st": "Suplente"}, {"seq": "32", "n": "12000", "vap": "46", "pvap": "   0,88", "e": "N", "st": "Suplente"}, {"seq": "40", "n": "12444", "vap": "21", "pvap": "   0,40", "e": "N", "st": "Suplente"}, {"seq": "47", "n": "12999", "vap": "6", "pvap": "   0,11", "e": "N", "st": "Suplente"}, {"seq": "48", "n": "12888", "vap": "6", "pvap": "   0,11", "e": "N", "st": "Suplente"}, {"seq": "49", "n": "12321", "vap": "5", "pvap": "   0,10", "e": "N", "st": "Suplente"}, {"seq": "50", "n": "12543", "vap": "4", "pvap": "   0,08", "e": "N", "st": "Suplente"}, {"seq": "9", "n": "55333", "vap": "110", "pvap": "   2,10", "e": "S", "st": "Eleito"}, {"seq": "20", "n": "55000", "vap": "102", "pvap": "   1,94", "e": "N", "st": "Suplente"}, {"seq": "22", "n": "55666", "vap": "89", "pvap": "   1,70", "e": "N", "st": "Suplente"}, {"seq": "24", "n": "55222", "vap": "80", "pvap": "   1,52", "e": "N", "st": "Suplente"}, {"seq": "29", "n": "55888", "vap": "51", "pvap": "   0,97", "e": "N", "st": "Suplente"}, {"seq": "33", "n": "55555", "vap": "39", "pvap": "   0,74", "e": "N", "st": "Suplente"}, {"seq": "41", "n": "55553", "vap": "17", "pvap": "   0,32", "e": "N", "st": "Suplente"}, {"seq": "55", "n": "55550", "vap": "0", "pvap": "00.00", "e": "N", "st": "Suplente"}]}]}