{"ele": "426", "carper": "13", "t": "1", "f": "O", "esae": "N", "mnae": " ", "dg": "16/11/2020", "hg": "10:41:49", "dv": "S", "nadf": "ba33898-c0013-e000426-002-f", "abr": [{"dt": "16/11/2020", "ht": "00:28:02", "tf": "S", "and": "F", "tpabr": "MU", "cdabr": "33898", "s": "36", "st": "36", "snt": "0", "si": "36", "sni": "0", "sa": "36", "sna": "0", "pst": " 100,00", "psnt": "   0,00", "psi": " 100,00", "psni": "   0,00", "psa": " 100,00", "psna": "   0,00", "e": "9371", "ea": "9371", "ena": "0", "esi": "9371", "esni": "0", "c": "7682", "a": "1689", "pea": " 100,00", "pena": "   0,00", "pesi": " 100,00", "pesni": "   0,00", "pa": "  18,02", "pc": "  81,98", "vscv": "0", "vnom": "6804", "vl": "437", "tv": "7682", "vvc": "7241", "vb": "70", "tvn": "371", "vn": "371", "vnt": "0", "vp": "0", "vv": "7241", "van": "0", "vansj": "0", "pvnom": "  93,96", "pvl": "   6,04", "pvvc": "  94,26", "pvb": "   0,91", "ptvn": "   4,83", "pvn": " 100,00", "pvnt": "   0,00", "pvp": "   0,00", "pvv": " 100,00", "pvan": "   0,00", "pvansj": "   0,00", "colig": [{"n": "50000076120", "tvtn": "578", "tvan": "578", "vag": "0", "tvtl": "14", "tval": "14"}, {"n": "50000065031", "tvtn": "1083", "tvan": "1083", "vag": "2", "tvtl": "117", "tval": "117"}, {"n": "50000132652", "tvtn": "3198", "tvan": "3198", "vag": "5", "tvtl": "117", "tval": "117"}, {"n": "50000060241", "tvtn": "1421", "tvan": "1421", "vag": "2", "tvtl": "177", "tval": "177"}, {"n": "50000060196", "tvtn": "524", "tvan": "524", "vag": "0", "tvtl": "12", "tval": "12"}], "part": [{"n": "65", "tvtn": "578", "tvan": "578", "tvtl": "14", "tval": "14"}, {"n": "12", "tvtn": "1083", "tvan": "1083", "tvtl": "117", "tval": "117"}, {"n": "11", "tvtn": "3198", "tvan": "3198", "tvtl": "117", "tval": "117"}, {"n": "13", "tvtn": "1421", "tvan": "1421", "tvtl": "177", "tval": "177"}, {"n": "40", "tvtn": "524", "tvan": "524", "tvtl": "12", "tval": "12"}], "cand": [{"seq": "37", "n": "65000", "vap": "140", "pvap": "   1,93", "e": "N", "st": "N\u00e3o eleito"}, {"seq": "35", "n": "65333", "vap": "323", "pvap": "   4,46", "e": "N", "st": "N\u00e3o eleito"}, {"seq": "45", "n": "65444", "vap": "6", "pvap": "   0,08", "e": "N", "st": "N\u00e3o eleito"}, {"seq": "39", "n": "65555", "vap": "78", "pvap": "   1,08", "e": "N", "st": "N\u00e3o eleito"}, {"seq": "41", "n": "65123", "vap": "31", "pvap": "   0,43", "e": "N", "st": "N\u00e3o eleito"}, {"seq": "30", "n": "12789", "vap": "25", "pvap": "   0,35", "e": "N", "st": "Suplente"}, {"seq": "26", "n": "12000", "vap": "36", "pvap": "   0,50", "e": "N", "st": "Suplente"}, {"seq": "29", "n": "12888", "vap": "27", "pvap": "   0,37", "e": "N", "st": "Suplente"}, {"seq": "7", "n": "12777", "vap": "315", "pvap": "   4,35", "e": "S", "st": "Eleito"}, {"seq": "32", "n": "12456", "vap": "11", "pvap": "   0,15", "e": "N", "st": "Suplente"}, {"seq": "9", "n": "12122", "vap": "148", "pvap": "   2,04", "e": "S", "st": "Eleito"}, {"seq": "27", "n": "12212", "vap": "36", "pvap": "   0,50", "e": "N", "st": "Suplente"}, {"seq": "16", "n": "12555", "vap": "127", "pvap": "   1,75", "e": "N", "st": "Suplente"}, {"seq": "33", "n": "12550", "vap": "8", "pvap": "   0,11", "e": "N", "st": "Suplente"}, {"seq": "23", "n": "12444", "vap": "72", "pvap": "   0,99", "e": "N", "st": "Suplente"}, {"seq": "18", "n": "12333", "vap": "117", "pvap": "   1,62", "e": "N", "st": "Suplente"}, {"seq": "22", "n": "12222", "vap": "78", "pvap": "   1,08", "e": "N", "st": "Suplente"}, {"seq": "31", "n": "12345", "vap": "21", "pvap": "   0,29", "e": "N", "st": "Suplente"}, {"seq": "25", "n": "12111", "vap": "62", "pvap": "   0,86", "e": "N", "st": "Suplente"}, {"seq": "17", "n": "11123", "vap": "124", "pvap": "   1,71", "e": "N", "st": "Suplente"}, {"seq": "34", "n": "11173", "vap": "4", "pvap": "   0,06", "e": "N", "st": "Suplente"}, {"seq": "19", "n": "11177", "vap": "114", "pvap": "   1,57", "e": "N", "st": "Suplente"}, {"seq": "24", "n": "11193", "vap": "69", "pvap": "   0,95", "e": "N", "st": "Suplente"}, {"seq": "8", "n": "11111", "vap": "281", "pvap": "   3,88", "e": "S", "st": "Eleito"}, {"seq": "28", "n": "11345", "vap": "32", "pvap": "   0,44", "e": "N", "st": "Suplente"}, {"seq": "12", "n": "11222", "vap": "200", "pvap": "   2,76", "e": "N", "st": "Suplente"}, {"seq": "6", "n": "11000", "vap": "392", "pvap": "   5,41", "e": "S", "st": "Eleito"}, {"seq": "10", "n": "11500", "vap": "271", "pvap": "   3,74", "e": "N", "st": "Suplente"}, {"seq": "3", "n": "11333", "vap": "432", "pvap": "   5,97", "e": "S", "st": "Eleito"}, {"seq": "11", "n": "11555", "vap": "241", "pvap": "   3,33", "e": "N", "st": "Suplente"}, {"seq": "4", "n": "11236", "vap": "417", "pvap": "   5,76", "e": "S", "st": "Eleito"}, {"seq": "2", "n": "11456", "vap": "484", "pvap": "   6,68", "e": "S", "st": "Eleito"}, {"seq": "14", "n": "11777", "vap": "137", "pvap": "   1,89", "e": "N", "st": "Suplente"}, {"seq": "21", "n": "13113", "vap": "103", "pvap": "   1,42", "e": "N", "st": "Suplente"}, {"seq": "13", "n": "13333", "vap": "142", "pvap": "   1,96", "e": "N", "st": "Suplente"}, {"seq": "15", "n": "13123", "vap": "136", "pvap": "   1,88", "e": "N", "st": "Suplente"}, {"seq": "1", "n": "13698", "vap": "521", "pvap": "   7,20", "e": "S", "st": "Eleito"}, {"seq": "20", "n": "13278", "vap": "104", "pvap": "   1,44", "e": "N", "st": "Suplente"}, {"seq": "5", "n": "13131", "vap": "415", "pvap": "   5,73", "e": "S", "st": "Eleito"}, {"seq": "42", "n": "40333", "vap": "25", "pvap": "   0,35", "e": "N", "st": "N\u00e3o eleito"}, {"seq": "38", "n": "40444", "vap": "105", "pvap": "   1,45", "e": "N", "st": "N\u00e3o eleito"}, {"seq": "43", "n": "40001", "vap": "10", "pvap": "   0,14", "e": "N", "st": "N\u00e3o eleito"}, {"seq": "36", "n": "40000", "vap": "309", "pvap": "   4,27", "e": "N", "st": "N\u00e3o eleito"}, {"seq": "40", "n": "40123", "vap": "67", "pvap": "   0,93", "e": "N", "st": "N\u00e3o eleito"}, {"seq": "44", "n": "40188", "vap": "8", "pvap": "   0,11", "e": "N", "st": "N\u00e3o eleito"}]}, {"dt": "16/11/2020", "ht": "00:28:02", "tf": "S", "and": "F", "tpabr": "ZONA", "cdabr": "94", "s": "36", "st": "36", "snt": "0", "si": "36", "sni": "0", "sa": "36", "sna": "0", "pst": " 100,00", "psnt": "   0,00", "psi": " 100,00", "psni": "   0,00", "psa": " 100,00", "psna": "   0,00", "e": "9371", "ea": "9371", "ena": "0", "esi": "9371", "esni": "0", "a": "1689", "c": "7682", "pea": " 100,00", "pena": "   0,00", "pesi": " 100,00", "pesni": "   0,00", "pa": "  18,02", "pc": "  81,98", "vnom": "6804", "vscv": "0", "vl": "437", "tv": "7682", "vvc": "7241", "vb": "70", "tvn": "371", "vn": "371", "vnt": "0", "vp": "0", "vv": "7241", "van": "0", "vansj": "0", "pvnom": "  93,96", "pvl": "   6,04", "pvvc": "  94,26", "pvb": "   0,91", "ptvn": "   4,83", "pvn": " 100,00", "pvnt": "   0,00", "pvp": "   0,00", "pvv": " 100,00", "pvan": "   0,00", "pvansj": "   0,00", "cand": [{"seq": "31", "n": "12345", "vap": "21", "pvap": "   0,29", "e": "N", "st": "Suplente"}, {"seq": "16", "n": "12555", "vap": "127", "pvap": "   1,75", "e": "N", "st": "Suplente"}, {"seq": "26", "n": "12000", "vap": "36", "pvap": "   0,50", "e": "N", "st": "Suplente"}, {"seq": "32", "n": "12456", "vap": "11", "pvap": "   0,15", "e": "N", "st": "Suplente"}, {"seq": "22", "n": "12222", "vap": "78", "pvap": "   1,08", "e": "N", "st": "Suplente"}, {"seq": "29", "n": "12888", "vap": "27", "pvap": "   0,37", "e": "N", "st": "Suplente"}, {"seq": "33", "n": "12550", "vap": "8", "pvap": "   0,11", "e": "N", "st": "Suplente"}, {"seq": "23", "n": "12444", "vap": "72", "pvap": "   0,99", "e": "N", "st": "Suplente"}, {"seq": "30", "n": "12789", "vap": "25", "pvap": "   0,35", "e": "N", "st": "Suplente"}, {"seq": "18", "n": "12333", "vap": "117", "pvap": "   1,62", "e": "N", "st": "Suplente"}, {"seq": "7", "n": "12777", "vap": "315", "pvap": "   4,35", "e": "S", "st": "Eleito"}, {"seq": "27", "n": "12212", "vap": "36", "pvap": "   0,50", "e": "N", "st": "Suplente"}, {"seq": "9", "n": "12122", "vap": "148", "pvap": "   2,04", "e": "S", "st": "Eleito"}, {"seq": "25", "n": "12111", "vap": "62", "pvap": "   0,86", "e": "N", "st": "Suplente"}, {"seq": "17", "n": "11123", "vap": "124", "pvap": "   1,71", "e": "N", "st": "Suplente"}, {"seq": "19", "n": "11177", "vap": "114", "pvap": "   1,57", "e": "N", "st": "Suplente"}, {"seq": "12", "n": "11222", "vap": "200", "pvap": "   2,76", "e": "N", "st": "Suplente"}, {"seq": "10", "n": "11500", "vap": "271", "pvap": "   3,74", "e": "N", "st": "Suplente"}, {"seq": "34", "n": "11173", "vap": "4", "pvap": "   0,06", "e": "N", "st": "Suplente"}, {"seq": "24", "n": "11193", "vap": "69", "pvap": "   0,95", "e": "N", "st": "Suplente"}, {"seq": "2", "n": "11456", "vap": "484", "pvap": "   6,68", "e": "S", "st": "Eleito"}, {"seq": "6", "n": "11000", "vap": "392", "pvap": "   5,41", "e": "S", "st": "Eleito"}, {"seq": "14", "n": "11777", "vap": "137", "pvap": "   1,89", "e": "N", "st": "Suplente"}, {"seq": "8", "n": "11111", "vap": "281", "pvap": "   3,88", "e": "S", "st": "Eleito"}, {"seq": "28", "n": "11345", "vap": "32", "pvap": "   0,44", "e": "N", "st": "Suplente"}, {"seq": "3", "n": "11333", "vap": "432", "pvap": "   5,97", "e": "S", "st": "Eleito"}, {"seq": "4", "n": "11236", "vap": "417", "pvap": "   5,76", "e": "S", "st": "Eleito"}, {"seq": "11", "n": "11555", "vap": "241", "pvap": "   3,33", "e": "N", "st": "Suplente"}, {"seq": "40", "n": "40123", "vap": "67", "pvap": "   0,93", "e": "N", "st": "N\u00e3o eleito"}, {"seq": "42", "n": "40333", "vap": "25", "pvap": "   0,35", "e": "N", "st": "N\u00e3o eleito"}, {"seq": "44", "n": "40188", "vap": "8", "pvap": "   0,11", "e": "N", "st": "N\u00e3o eleito"}, {"seq": "36", "n": "40000", "vap": "309", "pvap": "   4,27", "e": "N", "st": "N\u00e3o eleito"}, {"seq": "38", "n": "40444", "vap": "105", "pvap": "   1,45", "e": "N", "st": "N\u00e3o eleito"}, {"seq": "43", "n": "40001", "vap": "10", "pvap": "   0,14", "e": "N", "st": "N\u00e3o eleito"}, {"seq": "15", "n": "13123", "vap": "136", "pvap": "   1,88", "e": "N", "st": "Suplente"}, {"seq": "13", "n": "13333", "vap": "142", "pvap": "   1,96", "e": "N", "st": "Suplente"}, {"seq": "20", "n": "13278", "vap": "104", "pvap": "   1,44", "e": "N", "st": "Suplente"}, {"seq": "1", "n": "13698", "vap": "521", "pvap": "   7,20", "e": "S", "st": "Eleito"}, {"seq": "5", "n": "13131", "vap": "415", "pvap": "   5,73", "e": "S", "st": "Eleito"}, {"seq": "21", "n": "13113", "vap": "103", "pvap": "   1,42", "e": "N", "st": "Suplente"}, {"seq": "37", "n": "65000", "vap": "140", "pvap": "   1,93", "e": "N", "st": "N\u00e3o eleito"}, {"seq": "39", "n": "65555", "vap": "78", "pvap": "   1,08", "e": "N", "st": "N\u00e3o eleito"}, {"seq": "45", "n": "65444", "vap": "6", "pvap": "   0,08", "e": "N", "st": "N\u00e3o eleito"}, {"seq": "41", "n": "65123", "vap": "31", "pvap": "   0,43", "e": "N", "st": "N\u00e3o eleito"}, {"seq": "35", "n": "65333", "vap": "323", "pvap": "   4,46", "e": "N", "st": "N\u00e3o eleito"}]}]}