{"ele": "426", "carper": "13", "t": "1", "f": "O", "esae": "N", "mnae": " ", "dg": "15/11/2020", "hg": "22:39:30", "dv": "S", "nadf": "ba35033-c0013-e000426-002-f", "abr": [{"dt": "15/11/2020", "ht": "22:31:27", "tf": "S", "and": "F", "tpabr": "MU", "cdabr": "35033", "s": "12", "st": "12", "snt": "0", "si": "12", "sni": "0", "sa": "12", "sna": "0", "pst": " 100,00", "psnt": "   0,00", "psi": " 100,00", "psni": "   0,00", "psa": " 100,00", "psna": "   0,00", "e": "4132", "ea": "4132", "ena": "0", "esi": "4132", "esni": "0", "c": "3709", "a": "423", "pea": " 100,00", "pena": "   0,00", "pesi": " 100,00", "pesni": "   0,00", "pa": "  10,24", "pc": "  89,76", "vscv": "0", "vnom": "3296", "vl": "201", "tv": "3709", "vvc": "3497", "vb": "42", "tvn": "170", "vn": "170", "vnt": "0", "vp": "0", "vv": "3497", "van": "0", "vansj": "0", "pvnom": "  94,25", "pvl": "   5,75", "pvvc": "  94,28", "pvb": "   1,14", "ptvn": "   4,58", "pvn": " 100,00", "pvnt": "   0,00", "pvp": "   0,00", "pvv": " 100,00", "pvan": "   0,00", "pvansj": "   0,00", "colig": [{"n": "50000134182", "tvtn": "1814", "tvan": "1814", "vag": "5", "tvtl": "102", "tval": "102"}, {"n": "50000135064", "tvtn": "1482", "tvan": "1482", "vag": "4", "tvtl": "99", "tval": "99"}], "part": [{"n": "13", "tvtn": "1814", "tvan": "1814", "tvtl": "102", "tval": "102"}, {"n": "55", "tvtn": "1482", "tvan": "1482", "tvtl": "99", "tval": "99"}], "cand": [{"seq": "14", "n": "13333", "vap": "160", "pvap": "   4,58", "e": "N", "st": "Suplente"}, {"seq": "10", "n": "13123", "vap": "194", "pvap": "   5,55", "e": "N", "st": "Suplente"}, {"seq": "11", "n": "13456", "vap": "179", "pvap": "   5,12", "e": "N", "st": "Suplente"}, {"seq": "5", "n": "13222", "vap": "231", "pvap": "   6,61", "e": "S", "st": "Eleito"}, {"seq": "21", "n": "13113", "vap": "19", "pvap": "   0,54", "e": "N", "st": "Suplente"}, {"seq": "23", "n": "13555", "vap": "7", "pvap": "   0,20", "e": "N", "st": "Suplente"}, {"seq": "17", "n": "13888", "vap": "68", "pvap": "   1,94", "e": "N", "st": "Suplente"}, {"seq": "1", "n": "13213", "vap": "269", "pvap": "   7,69", "e": "S", "st": "Eleito"}, {"seq": "7", "n": "13444", "vap": "203", "pvap": "   5,80", "e": "S", "st": "Eleito"}, {"seq": "3", "n": "13000", "vap": "247", "pvap": "   7,06", "e": "S", "st": "Eleito"}, {"seq": "6", "n": "13111", "vap": "207", "pvap": "   5,92", "e": "S", "st": "Eleito"}, {"seq": "19", "n": "13013", "vap": "30", "pvap": "   0,86", "e": "N", "st": "Suplente"}, {"seq": "9", "n": "55333", "vap": "189", "pvap": "   5,40", "e": "S", "st": "Eleito"}, {"seq": "13", "n": "55666", "vap": "170", "pvap": "   4,86", "e": "N", "st": "Suplente"}, {"seq": "22", "n": "55055", "vap": "10", "pvap": "   0,29", "e": "N", "st": "Suplente"}, {"seq": "18", "n": "55555", "vap": "50", "pvap": "   1,43", "e": "N", "st": "Suplente"}, {"seq": "12", "n": "55890", "vap": "175", "pvap": "   5,00", "e": "N", "st": "Suplente"}, {"seq": "8", "n": "55607", "vap": "190", "pvap": "   5,43", "e": "S", "st": "Eleito"}, {"seq": "4", "n": "55888", "vap": "234", "pvap": "   6,69", "e": "S", "st": "Eleito"}, {"seq": "20", "n": "55444", "vap": "26", "pvap": "   0,74", "e": "N", "st": "Suplente"}, {"seq": "15", "n": "55123", "vap": "97", "pvap": "   2,77", "e": "N", "st": "Suplente"}, {"seq": "2", "n": "55000", "vap": "255", "pvap": "   7,29", "e": "S", "st": "Eleito"}, {"seq": "24", "n": "55678", "vap": "7", "pvap": "   0,20", "e": "N", "st": "Suplente"}, {"seq": "16", "n": "55777", "vap": "79", "pvap": "   2,26", "e": "N", "st": "Suplente"}]}, {"dt": "15/11/2020", "ht": "22:31:27", "tf": "S", "and": "F", "tpabr": "ZONA", "cdabr": "202", "s": "12", "st": "12", "snt": "0", "si": "12", "sni": "0", "sa": "12", "sna": "0", "pst": " 100,00", "psnt": "   0,00", "psi": " 100,00", "psni": "   0,00", "psa": " 100,00", "psna": "   0,00", "e": "4132", "ea": "4132", "ena": "0", "esi": "4132", "esni": "0", "a": "423", "c": "3709", "pea": " 100,00", "pena": "   0,00", "pesi": " 100,00", "pesni": "   0,00", "pa": "  10,24", "pc": "  89,76", "vnom": "3296", "vscv": "0", "vl": "201", "tv": "3709", "vvc": "3497", "vb": "42", "tvn": "170", "vn": "170", "vnt": "0", "vp": "0", "vv": "3497", "van": "0", "vansj": "0", "pvnom": "  94,25", "pvl": "   5,75", "pvvc": "  94,28", "pvb": "   1,14", "ptvn": "   4,58", "pvn": " 100,00", "pvnt": "   0,00", "pvp": "   0,00", "pvv": " 100,00", "pvan": "   0,00", "pvansj": "   0,00", "cand": [{"seq": "1", "n": "13213", "vap": "269", "pvap": "   7,69", "e": "S", "st": "Eleito"}, {"seq": "3", "n": "13000", "vap": "247", "pvap": "   7,06", "e": "S", "st": "Eleito"}, {"seq": "5", "n": "13222", "vap": "231", "pvap": "   6,61", "e": "S", "st": "Eleito"}, {"seq": "6", "n": "13111", "vap": "207", "pvap": "   5,92", "e": "S", "st": "Eleito"}, {"seq": "7", "n": "13444", "vap": "203", "pvap": "   5,80", "e": "S", "st": "Eleito"}, {"seq": "10", "n": "13123", "vap": "194", "pvap": "   5,55", "e": "N", "st": "Suplente"}, {"seq": "11", "n": "13456", "vap": "179", "pvap": "   5,12", "e": "N", "st": "Suplente"}, {"seq": "14", "n": "13333", "vap": "160", "pvap": "   4,58", "e": "N", "st": "Suplente"}, {"seq": "17", "n": "13888", "vap": "68", "pvap": "   1,94", "e": "N", "st": "Suplente"}, {"seq": "19", "n": "13013", "vap": "30", "pvap": "   0,86", "e": "N", "st": "Suplente"}, {"seq": "21", "n": "13113", "vap": "19", "pvap": "   0,54", "e": "N", "st": "Suplente"}, {"seq": "23", "n": "13555", "vap": "7", "pvap": "   0,20", "e": "N", "st": "Suplente"}, {"seq": "2", "n": "55000", "vap": "255", "pvap": "   7,29", "e": "S", "st": "Eleito"}, {"seq": "4", "n": "55888", "vap": "234", "pvap": "   6,69", "e": "S", "st": "Eleito"}, {"seq": "8", "n": "55607", "vap": "190", "pvap": "   5,43", "e": "S", "st": "Eleito"}, {"seq": "9", "n": "55333", "vap": "189", "pvap": "   5,40", "e": "S", "st": "Eleito"}, {"seq": "12", "n": "55890", "vap": "175", "pvap": "   5,00", "e": "N", "st": "Suplente"}, {"seq": "13", "n": "55666", "vap": "170", "pvap": "   4,86", "e": "N", "st": "Suplente"}, {"seq": "15", "n": "55123", "vap": "97", "pvap": "   2,77", "e": "N", "st": "Suplente"}, {"seq": "16", "n": "55777", "vap": "79", "pvap": "   2,26", "e": "N", "st": "Suplente"}, {"seq": "18", "n": "55555", "vap": "50", "pvap": "   1,43", "e": "N", "st": "Suplente"}, {"seq": "20", "n": "55444", "vap": "26", "pvap": "   0,74", "e": "N", "st": "Suplente"}, {"seq": "22", "n": "55055", "vap": "10", "pvap": "   0,29", "e": "N", "st": "Suplente"}, {"seq": "24", "n": "55678", "vap": "7", "pvap": "   0,20", "e": "N", "st": "Suplente"}]}]}