{"ele": "426", "carper": "13", "t": "1", "f": "O", "esae": "N", "mnae": " ", "dg": "15/11/2020", "hg": "22:39:25", "dv": "S", "nadf": "ba37214-c0013-e000426-004-f", "abr": [{"dt": "15/11/2020", "ht": "22:25:26", "tf": "S", "and": "F", "tpabr": "MU", "cdabr": "37214", "s": "96", "st": "96", "snt": "0", "si": "96", "sni": "0", "sa": "96", "sna": "0", "pst": " 100,00", "psnt": "   0,00", "psi": " 100,00", "psni": "   0,00", "psa": " 100,00", "psna": "   0,00", "e": "40945", "ea": "40945", "ena": "0", "esi": "40945", "esni": "0", "c": "32344", "a": "8601", "pea": " 100,00", "pena": "   0,00", "pesi": " 100,00", "pesni": "   0,00", "pa": "  21,01", "pc": "  78,99", "vscv": "0", "vnom": "28846", "vl": "1678", "tv": "32344", "vvc": "30524", "vb": "617", "tvn": "1203", "vn": "1202", "vnt": "1", "vp": "0", "vv": "30524", "van": "0", "vansj": "0", "pvnom": "  94,50", "pvl": "   5,50", "pvvc": "  94,37", "pvb": "   1,91", "ptvn": "   3,72", "pvn": "  99,92", "pvnt": "   0,08", "pvp": "   0,00", "pvv": " 100,00", "pvan": "   0,00", "pvansj": "   0,00", "colig": [{"n": "50000107158", "tvtn": "3401", "tvan": "3401", "vag": "2", "tvtl": "275", "tval": "275"}, {"n": "50000085719", "tvtn": "1462", "tvan": "1462", "vag": "0", "tvtl": "28", "tval": "28"}, {"n": "50000074965", "tvtn": "1605", "tvan": "1605", "vag": "0", "tvtl": "32", "tval": "32"}, {"n": "50000085831", "tvtn": "7791", "tvan": "7792", "vag": "4", "tvtl": "124", "tval": "124"}, {"n": "50000130578", "tvtn": "3043", "tvan": "3043", "vag": "1", "tvtl": "83", "tval": "83"}, {"n": "50000131204", "tvtn": "138", "tvan": "138", "vag": "0", "tvtl": "22", "tval": "22"}, {"n": "50000145784", "tvtn": "3491", "tvan": "3491", "vag": "2", "tvtl": "491", "tval": "491"}, {"n": "50000148928", "tvtn": "64", "tvan": "64", "vag": "0", "tvtl": "8", "tval": "8"}, {"n": "50000087614", "tvtn": "7851", "tvan": "7851", "vag": "4", "tvtl": "615", "tval": "615"}], "part": [{"n": "13", "tvtn": "3401", "tvan": "3401", "tvtl": "275", "tval": "275"}, {"n": "23", "tvtn": "1462", "tvan": "1462", "tvtl": "28", "tval": "28"}, {"n": "10", "tvtn": "1605", "tvan": "1605", "tvtl": "32", "tval": "32"}, {"n": "25", "tvtn": "7791", "tvan": "7791", "tvtl": "124", "tval": "124"}, {"n": "11", "tvtn": "3043", "tvan": "3043", "tvtl": "83", "tval": "83"}, {"n": "22", "tvtn": "138", "tvan": "138", "tvtl": "22", "tval": "22"}, {"n": "55", "tvtn": "3491", "tvan": "3491", "tvtl": "491", "tval": "491"}, {"n": "20", "tvtn": "64", "tvan": "64", "tvtl": "8", "tval": "8"}, {"n": "45", "tvtn": "7851", "tvan": "7851", "tvtl": "615", "tval": "615"}], "cand": [{"seq": "53", "n": "13222", "vap": "59", "pvap": "   0,19", "e": "N", "st": "Suplente"}, {"seq": "32", "n": "13133", "vap": "307", "pvap": "   1,01", "e": "N", "st": "Suplente"}, {"seq": "38", "n": "13639", "vap": "187", "pvap": "   0,61", "e": "N", "st": "Suplente"}, {"seq": "69", "n": "13127", "vap": "27", "pvap": "   0,09", "e": "N", "st": "Suplente"}, {"seq": "45", "n": "13123", "vap": "113", "pvap": "   0,37", "e": "N", "st": "Suplente"}, {"seq": "13", "n": "13678", "vap": "507", "pvap": "   1,66", "e": "S", "st": "Eleito"}, {"seq": "30", "n": "13555", "vap": "339", "pvap": "   1,11", "e": "N", "st": "Suplente"}, {"seq": "33", "n": "13789", "vap": "264", "pvap": "   0,86", "e": "N", "st": "Suplente"}, {"seq": "11", "n": "13321", "vap": "631", "pvap": "   2,07", "e": "S", "st": "Eleito"}, {"seq": "78", "n": "13456", "vap": "16", "pvap": "   0,05", "e": "N", "st": "Suplente"}, {"seq": "39", "n": "13111", "vap": "181", "pvap": "   0,59", "e": "N", "st": "Suplente"}, {"seq": "50", "n": "13000", "vap": "65", "pvap": "   0,21", "e": "N", "st": "Suplente"}, {"seq": "44", "n": "13777", "vap": "116", "pvap": "   0,38", "e": "N", "st": "Suplente"}, {"seq": "51", "n": "13165", "vap": "63", "pvap": "   0,21", "e": "N", "st": "Suplente"}, {"seq": "54", "n": "13444", "vap": "58", "pvap": "   0,19", "e": "N", "st": "Suplente"}, {"seq": "59", "n": "13150", "vap": "44", "pvap": "   0,14", "e": "N", "st": "Suplente"}, {"seq": "62", "n": "13667", "vap": "37", "pvap": "   0,12", "e": "N", "st": "Suplente"}, {"seq": "86", "n": "13999", "vap": "7", "pvap": "   0,02", "e": "N", "st": "Suplente"}, {"seq": "63", "n": "13013", "vap": "36", "pvap": "   0,12", "e": "N", "st": "Suplente"}, {"seq": "29", "n": "13333", "vap": "344", "pvap": "   1,13", "e": "N", "st": "Suplente"}, {"seq": "126", "n": "23234", "vap": "16", "pvap": "   0,05", "e": "N", "st": "N\u00e3o eleito"}, {"seq": "95", "n": "23999", "vap": "148", "pvap": "   0,48", "e": "N", "st": "N\u00e3o eleito"}, {"seq": "96", "n": "23100", "vap": "133", "pvap": "   0,44", "e": "N", "st": "N\u00e3o eleito"}, {"seq": "108", "n": "23888", "vap": "80", "pvap": "   0,26", "e": "N", "st": "N\u00e3o eleito"}, {"seq": "100", "n": "23013", "vap": "101", "pvap": "   0,33", "e": "N", "st": "N\u00e3o eleito"}, {"seq": "109", "n": "23777", "vap": "74", "pvap": "   0,24", "e": "N", "st": "N\u00e3o eleito"}, {"seq": "104", "n": "23222", "vap": "81", "pvap": "   0,27", "e": "N", "st": "N\u00e3o eleito"}, {"seq": "111", "n": "23123", "vap": "56", "pvap": "   0,18", "e": "N", "st": "N\u00e3o eleito"}, {"seq": "98", "n": "23789", "vap": "109", "pvap": "   0,36", "e": "N", "st": "N\u00e3o eleito"}, {"seq": "129", "n": "23005", "vap": "12", "pvap": "   0,04", "e": "N", "st": "N\u00e3o eleito"}, {"seq": "141", "n": "23555", "vap": "0", "pvap": "00.00", "e": "N", "st": "N\u00e3o eleito"}, {"seq": "93", "n": "23111", "vap": "275", "pvap": "   0,90", "e": "N", "st": "N\u00e3o eleito"}, {"seq": "139", "n": "23233", "vap": "1", "pvap": "   0,00", "e": "N", "st": "N\u00e3o eleito"}, {"seq": "101", "n": "23456", "vap": "95", "pvap": "   0,31", "e": "N", "st": "N\u00e3o eleito"}, {"seq": "103", "n": "23444", "vap": "86", "pvap": "   0,28", "e": "N", "st": "N\u00e3o eleito"}, {"seq": "99", "n": "23000", "vap": "103", "pvap": "   0,34", "e": "N", "st": "N\u00e3o eleito"}, {"seq": "105", "n": "23333", "vap": "81", "pvap": "   0,27", "e": "N", "st": "N\u00e3o eleito"}, {"seq": "131", "n": "23321", "vap": "11", "pvap": "   0,04", "e": "N", "st": "N\u00e3o eleito"}, {"seq": "94", "n": "10147", "vap": "173", "pvap": "   0,57", "e": "N", "st": "N\u00e3o eleito"}, {"seq": "124", "n": "10007", "vap": "17", "pvap": "   0,06", "e": "N", "st": "N\u00e3o eleito"}, {"seq": "120", "n": "10151", "vap": "27", "pvap": "   0,09", "e": "N", "st": "N\u00e3o eleito"}, {"seq": "92", "n": "10123", "vap": "690", "pvap": "   2,26", "e": "N", "st": "N\u00e3o eleito"}, {"seq": "119", "n": "10678", "vap": "30", "pvap": "   0,10", "e": "N", "st": "N\u00e3o eleito"}, {"seq": "127", "n": "10777", "vap": "13", "pvap": "   0,04", "e": "N", "st": "N\u00e3o eleito"}, {"seq": "123", "n": "10234", "vap": "17", "pvap": "   0,06", "e": "N", "st": "N\u00e3o eleito"}, {"seq": "118", "n": "10567", "vap": "30", "pvap": "   0,10", "e": "N", "st": "N\u00e3o eleito"}, {"seq": "106", "n": "10111", "vap": "80", "pvap": "   0,26", "e": "N", "st": "N\u00e3o eleito"}, {"seq": "97", "n": "10000", "vap": "111", "pvap": "   0,36", "e": "N", "st": "N\u00e3o eleito"}, {"seq": "116", "n": "10122", "vap": "36", "pvap": "   0,12", "e": "N", "st": "N\u00e3o eleito"}, {"seq": "128", "n": "10555", "vap": "13", "pvap": "   0,04", "e": "N", "st": "N\u00e3o eleito"}, {"seq": "121", "n": "10190", "vap": "26", "pvap": "   0,09", "e": "N", "st": "N\u00e3o eleito"}, {"seq": "110", "n": "10888", "vap": "65", "pvap": "   0,21", "e": "N", "st": "N\u00e3o eleito"}, {"seq": "112", "n": "10456", "vap": "51", "pvap": "   0,17", "e": "N", "st": "N\u00e3o eleito"}, {"seq": "114", "n": "10444", "vap": "45", "pvap": "   0,15", "e": "N", "st": "N\u00e3o eleito"}, {"seq": "115", "n": "10110", "vap": "38", "pvap": "   0,12", "e": "N", "st": "N\u00e3o eleito"}, {"seq": "132", "n": "10789", "vap": "11", "pvap": "   0,04", "e": "N", "st": "N\u00e3o eleito"}, {"seq": "102", "n": "10333", "vap": "86", "pvap": "   0,28", "e": "N", "st": "N\u00e3o eleito"}, {"seq": "113", "n": "10222", "vap": "46", "pvap": "   0,15", "e": "N", "st": "N\u00e3o eleito"}, {"seq": "27", "n": "25555", "vap": "359", "pvap": "   1,18", "e": "N", "st": "Suplente"}, {"seq": "26", "n": "25999", "vap": "373", "pvap": "   1,22", "e": "N", "st": "Suplente"}, {"seq": "88", "n": "25147", "vap": "5", "pvap": "   0,02", "e": "N", "st": "Suplente"}, {"seq": "4", "n": "25888", "vap": "1092", "pvap": "   3,58", "e": "S", "st": "Eleito"}, {"seq": "37", "n": "25444", "vap": "191", "pvap": "   0,63", "e": "N", "st": "Suplente"}, {"seq": "14", "n": "25111", "vap": "661", "pvap": "   2,17", "e": "N", "st": "Suplente"}, {"seq": "66", "n": "25678", "vap": "29", "pvap": "   0,10", "e": "N", "st": "Suplente"}, {"seq": "1", "n": "25333", "vap": "1629", "pvap": "   5,34", "e": "S", "st": "Eleito"}, {"seq": "58", "n": "25100", "vap": "49", "pvap": "   0,16", "e": "N", "st": "Suplente"}, {"seq": "85", "n": "25123", "vap": "9", "pvap": "   0,03", "e": "N", "st": "Suplente"}, {"seq": "8", "n": "25000", "vap": "999", "pvap": "   3,27", "e": "S", "st": "Eleito"}, {"seq": "17", "n": "25777", "vap": "622", "pvap": "   2,04", "e": "N", "st": "Suplente"}, {"seq": "9", "n": "25789", "vap": "944", "pvap": "   3,09", "e": "S", "st": "Eleito"}, {"seq": "24", "n": "25222", "vap": "468", "pvap": "   1,53", "e": "N", "st": "Suplente"}, {"seq": "79", "n": "25456", "vap": "16", "pvap": "   0,05", "e": "N", "st": "Suplente"}, {"seq": "91", "n": "25321", "vap": "0", "pvap": "00.00", "e": "N", "st": "Suplente"}, {"seq": "28", "n": "25800", "vap": "345", "pvap": "   1,13", "e": "N", "st": "Suplente"}, {"seq": "43", "n": "11999", "vap": "122", "pvap": "   0,40", "e": "N", "st": "Suplente"}, {"seq": "36", "n": "11122", "vap": "210", "pvap": "   0,69", "e": "N", "st": "Suplente"}, {"seq": "89", "n": "11600", "vap": "4", "pvap": "   0,01", "e": "N", "st": "Suplente"}, {"seq": "52", "n": "11666", "vap": "62", "pvap": "   0,20", "e": "N", "st": "Suplente"}, {"seq": "74", "n": "11222", "vap": "21", "pvap": "   0,07", "e": "N", "st": "Suplente"}, {"seq": "83", "n": "11200", "vap": "10", "pvap": "   0,03", "e": "N", "st": "Suplente"}, {"seq": "90", "n": "11456", "vap": "4", "pvap": "   0,01", "e": "N", "st": "Suplente"}, {"seq": "87", "n": "11110", "vap": "6", "pvap": "   0,02", "e": "N", "st": "Suplente"}, {"seq": "71", "n": "11444", "vap": "27", "pvap": "   0,09", "e": "N", "st": "Suplente"}, {"seq": "16", "n": "11777", "vap": "632", "pvap": "   2,07", "e": "N", "st": "Suplente"}, {"seq": "61", "n": "11123", "vap": "37", "pvap": "   0,12", "e": "N", "st": "Suplente"}, {"seq": "73", "n": "11443", "vap": "26", "pvap": "   0,09", "e": "N", "st": "Suplente"}, {"seq": "15", "n": "11000", "vap": "647", "pvap": "   2,12", "e": "N", "st": "Suplente"}, {"seq": "77", "n": "11500", "vap": "16", "pvap": "   0,05", "e": "N", "st": "Suplente"}, {"seq": "40", "n": "11111", "vap": "134", "pvap": "   0,44", "e": "N", "st": "Suplente"}, {"seq": "72", "n": "11333", "vap": "27", "pvap": "   0,09", "e": "N", "st": "Suplente"}, {"seq": "10", "n": "11234", "vap": "935", "pvap": "   3,06", "e": "S", "st": "Eleito"}, {"seq": "42", "n": "11555", "vap": "123", "pvap": "   0,40", "e": "N", "st": "Suplente"}, {"seq": "140", "n": "22416", "vap": "0", "pvap": "00.00", "e": "N", "st": "N\u00e3o eleito"}, {"seq": "117", "n": "22333", "vap": "36", "pvap": "   0,12", "e": "N", "st": "N\u00e3o eleito"}, {"seq": "133", "n": "22678", "vap": "11", "pvap": "   0,04", "e": "N", "st": "N\u00e3o eleito"}, {"seq": "107", "n": "22222", "vap": "80", "pvap": "   0,26", "e": "N", "st": "N\u00e3o eleito"}, {"seq": "135", "n": "22555", "vap": "8", "pvap": "   0,03", "e": "N", "st": "N\u00e3o eleito"}, {"seq": "137", "n": "22008", "vap": "3", "pvap": "   0,01", "e": "N", "st": "N\u00e3o eleito"}, {"seq": "67", "n": "55234", "vap": "29", "pvap": "   0,10", "e": "N", "st": "Suplente"}, {"seq": "22", "n": "55123", "vap": "474", "pvap": "   1,55", "e": "N", "st": "Suplente"}, {"seq": "19", "n": "55670", "vap": "592", "pvap": "   1,94", "e": "N", "st": "Suplente"}, {"seq": "46", "n": "55789", "vap": "99", "pvap": "   0,32", "e": "N", "st": "Suplente"}, {"seq": "70", "n": "55000", "vap": "27", "pvap": "   0,09", "e": "N", "st": "Suplente"}, {"seq": "64", "n": "55444", "vap": "32", "pvap": "   0,10", "e": "N", "st": "Suplente"}, {"seq": "35", "n": "55554", "vap": "215", "pvap": "   0,70", "e": "N", "st": "Suplente"}, {"seq": "48", "n": "55666", "vap": "88", "pvap": "   0,29", "e": "N", "st": "Suplente"}, {"seq": "82", "n": "55198", "vap": "11", "pvap": "   0,04", "e": "N", "st": "Suplente"}, {"seq": "49", "n": "55777", "vap": "80", "pvap": "   0,26", "e": "N", "st": "Suplente"}, {"seq": "76", "n": "55888", "vap": "19", "pvap": "   0,06", "e": "N", "st": "Suplente"}, {"seq": "60", "n": "55333", "vap": "39", "pvap": "   0,13", "e": "N", "st": "Suplente"}, {"seq": "6", "n": "55555", "vap": "1036", "pvap": "   3,39", "e": "S", "st": "Eleito"}, {"seq": "84", "n": "55255", "vap": "10", "pvap": "   0,03", "e": "N", "st": "Suplente"}, {"seq": "68", "n": "55999", "vap": "29", "pvap": "   0,10", "e": "N", "st": "Suplente"}, {"seq": "55", "n": "55678", "vap": "55", "pvap": "   0,18", "e": "N", "st": "Suplente"}, {"seq": "12", "n": "55456", "vap": "601", "pvap": "   1,97", "e": "S", "st": "Eleito"}, {"seq": "56", "n": "55455", "vap": "55", "pvap": "   0,18", "e": "N", "st": "Suplente"}, {"seq": "122", "n": "20111", "vap": "19", "pvap": "   0,06", "e": "N", "st": "N\u00e3o eleito"}, {"seq": "136", "n": "20777", "vap": "6", "pvap": "   0,02", "e": "N", "st": "N\u00e3o eleito"}, {"seq": "134", "n": "20507", "vap": "10", "pvap": "   0,03", "e": "N", "st": "N\u00e3o eleito"}, {"seq": "125", "n": "20102", "vap": "16", "pvap": "   0,05", "e": "N", "st": "N\u00e3o eleito"}, {"seq": "138", "n": "20104", "vap": "1", "pvap": "   0,00", "e": "N", "st": "N\u00e3o eleito"}, {"seq": "130", "n": "20101", "vap": "12", "pvap": "   0,04", "e": "N", "st": "N\u00e3o eleito"}, {"seq": "18", "n": "45111", "vap": "611", "pvap": "   2,00", "e": "N", "st": "Suplente"}, {"seq": "57", "n": "45225", "vap": "54", "pvap": "   0,18", "e": "N", "st": "Suplente"}, {"seq": "47", "n": "45888", "vap": "89", "pvap": "   0,29", "e": "N", "st": "Suplente"}, {"seq": "21", "n": "45345", "vap": "524", "pvap": "   1,72", "e": "N", "st": "Suplente"}, {"seq": "65", "n": "45222", "vap": "31", "pvap": "   0,10", "e": "N", "st": "Suplente"}, {"seq": "23", "n": "45045", "vap": "471", "pvap": "   1,54", "e": "N", "st": "Suplente"}, {"seq": "41", "n": "45777", "vap": "132", "pvap": "   0,43", "e": "N", "st": "Suplente"}, {"seq": "5", "n": "45444", "vap": "1064", "pvap": "   3,49", "e": "S", "st": "Eleito"}, {"seq": "80", "n": "45321", "vap": "15", "pvap": "   0,05", "e": "N", "st": "Suplente"}, {"seq": "31", "n": "45123", "vap": "311", "pvap": "   1,02", "e": "N", "st": "Suplente"}, {"seq": "3", "n": "45789", "vap": "1098", "pvap": "   3,60", "e": "S", "st": "Eleito"}, {"seq": "81", "n": "45100", "vap": "13", "pvap": "   0,04", "e": "N", "st": "Suplente"}, {"seq": "34", "n": "45000", "vap": "233", "pvap": "   0,76", "e": "N", "st": "Suplente"}, {"seq": "20", "n": "45678", "vap": "562", "pvap": "   1,84", "e": "N", "st": "Suplente"}, {"seq": "2", "n": "45555", "vap": "1158", "pvap": "   3,79", "e": "S", "st": "Eleito"}, {"seq": "25", "n": "45333", "vap": "458", "pvap": "   1,50", "e": "N", "st": "Suplente"}, {"seq": "75", "n": "45455", "vap": "20", "pvap": "   0,07", "e": "N", "st": "Suplente"}, {"seq": "7", "n": "45456", "vap": "1007", "pvap": "   3,30", "e": "S", "st": "Eleito"}]}, {"dt": "15/11/2020", "ht": "22:25:26", "tf": "S", "and": "F", "tpabr": "ZONA", "cdabr": "185", "s": "96", "st": "96", "snt": "0", "si": "96", "sni": "0", "sa": "96", "sna": "0", "pst": " 100,00", "psnt": "   0,00", "psi": " 100,00", "psni": "   0,00", "psa": " 100,00", "psna": "   0,00", "e": "40945", "ea": "40945", "ena": "0", "esi": "40945", "esni": "0", "a": "8601", "c": "32344", "pea": " 100,00", "pena": "   0,00", "pesi": " 100,00", "pesni": "   0,00", "pa": "  21,01", "pc": "  78,99", "vnom": "28846", "vscv": "0", "vl": "1678", "tv": "32344", "vvc": "30524", "vb": "617", "tvn": "1203", "vn": "1202", "vnt": "1", "vp": "0", "vv": "30524", "van": "0", "vansj": "0", "pvnom": "  94,50", "pvl": "   5,50", "pvvc": "  94,37", "pvb": "   1,91", "ptvn": "   3,72", "pvn": "  99,92", "pvnt": "   0,08", "pvp": "   0,00", "pvv": " 100,00", "pvan": "   0,00", "pvansj": "   0,00", "cand": [{"seq": "92", "n": "10123", "vap": "690", "pvap": "   2,26", "e": "N", "st": "N\u00e3o eleito"}, {"seq": "94", "n": "10147", "vap": "173", "pvap": "   0,57", "e": "N", "st": "N\u00e3o eleito"}, {"seq": "97", "n": "10000", "vap": "111", "pvap": "   0,36", "e": "N", "st": "N\u00e3o eleito"}, {"seq": "102", "n": "10333", "vap": "86", "pvap": "   0,28", "e": "N", "st": "N\u00e3o eleito"}, {"seq": "106", "n": "10111", "vap": "80", "pvap": "   0,26", "e": "N", "st": "N\u00e3o eleito"}, {"seq": "110", "n": "10888", "vap": "65", "pvap": "   0,21", "e": "N", "st": "N\u00e3o eleito"}, {"seq": "112", "n": "10456", "vap": "51", "pvap": "   0,17", "e": "N", "st": "N\u00e3o eleito"}, {"seq": "113", "n": "10222", "vap": "46", "pvap": "   0,15", "e": "N", "st": "N\u00e3o eleito"}, {"seq": "114", "n": "10444", "vap": "45", "pvap": "   0,15", "e": "N", "st": "N\u00e3o eleito"}, {"seq": "115", "n": "10110", "vap": "38", "pvap": "   0,12", "e": "N", "st": "N\u00e3o eleito"}, {"seq": "116", "n": "10122", "vap": "36", "pvap": "   0,12", "e": "N", "st": "N\u00e3o eleito"}, {"seq": "118", "n": "10567", "vap": "30", "pvap": "   0,10", "e": "N", "st": "N\u00e3o eleito"}, {"seq": "119", "n": "10678", "vap": "30", "pvap": "   0,10", "e": "N", "st": "N\u00e3o eleito"}, {"seq": "120", "n": "10151", "vap": "27", "pvap": "   0,09", "e": "N", "st": "N\u00e3o eleito"}, {"seq": "121", "n": "10190", "vap": "26", "pvap": "   0,09", "e": "N", "st": "N\u00e3o eleito"}, {"seq": "123", "n": "10234", "vap": "17", "pvap": "   0,06", "e": "N", "st": "N\u00e3o eleito"}, {"seq": "124", "n": "10007", "vap": "17", "pvap": "   0,06", "e": "N", "st": "N\u00e3o eleito"}, {"seq": "127", "n": "10777", "vap": "13", "pvap": "   0,04", "e": "N", "st": "N\u00e3o eleito"}, {"seq": "128", "n": "10555", "vap": "13", "pvap": "   0,04", "e": "N", "st": "N\u00e3o eleito"}, {"seq": "132", "n": "10789", "vap": "11", "pvap": "   0,04", "e": "N", "st": "N\u00e3o eleito"}, {"seq": "122", "n": "20111", "vap": "19", "pvap": "   0,06", "e": "N", "st": "N\u00e3o eleito"}, {"seq": "125", "n": "20102", "vap": "16", "pvap": "   0,05", "e": "N", "st": "N\u00e3o eleito"}, {"seq": "130", "n": "20101", "vap": "12", "pvap": "   0,04", "e": "N", "st": "N\u00e3o eleito"}, {"seq": "134", "n": "20507", "vap": "10", "pvap": "   0,03", "e": "N", "st": "N\u00e3o eleito"}, {"seq": "136", "n": "20777", "vap": "6", "pvap": "   0,02", "e": "N", "st": "N\u00e3o eleito"}, {"seq": "138", "n": "20104", "vap": "1", "pvap": "   0,00", "e": "N", "st": "N\u00e3o eleito"}, {"seq": "107", "n": "22222", "vap": "80", "pvap": "   0,26", "e": "N", "st": "N\u00e3o eleito"}, {"seq": "117", "n": "22333", "vap": "36", "pvap": "   0,12", "e": "N", "st": "N\u00e3o eleito"}, {"seq": "133", "n": "22678", "vap": "11", "pvap": "   0,04", "e": "N", "st": "N\u00e3o eleito"}, {"seq": "135", "n": "22555", "vap": "8", "pvap": "   0,03", "e": "N", "st": "N\u00e3o eleito"}, {"seq": "137", "n": "22008", "vap": "3", "pvap": "   0,01", "e": "N", "st": "N\u00e3o eleito"}, {"seq": "140", "n": "22416", "vap": "0", "pvap": "00.00", "e": "N", "st": "N\u00e3o eleito"}, {"seq": "1", "n": "25333", "vap": "1629", "pvap": "   5,34", "e": "S", "st": "Eleito"}, {"seq": "4", "n": "25888", "vap": "1092", "pvap": "   3,58", "e": "S", "st": "Eleito"}, {"seq": "8", "n": "25000", "vap": "999", "pvap": "   3,27", "e": "S", "st": "Eleito"}, {"seq": "9", "n": "25789", "vap": "944", "pvap": "   3,09", "e": "S", "st": "Eleito"}, {"seq": "14", "n": "25111", "vap": "661", "pvap": "   2,17", "e": "N", "st": "Suplente"}, {"seq": "17", "n": "25777", "vap": "622", "pvap": "   2,04", "e": "N", "st": "Suplente"}, {"seq": "24", "n": "25222", "vap": "468", "pvap": "   1,53", "e": "N", "st": "Suplente"}, {"seq": "26", "n": "25999", "vap": "373", "pvap": "   1,22", "e": "N", "st": "Suplente"}, {"seq": "27", "n": "25555", "vap": "359", "pvap": "   1,18", "e": "N", "st": "Suplente"}, {"seq": "28", "n": "25800", "vap": "345", "pvap": "   1,13", "e": "N", "st": "Suplente"}, {"seq": "37", "n": "25444", "vap": "191", "pvap": "   0,63", "e": "N", "st": "Suplente"}, {"seq": "58", "n": "25100", "vap": "49", "pvap": "   0,16", "e": "N", "st": "Suplente"}, {"seq": "66", "n": "25678", "vap": "29", "pvap": "   0,10", "e": "N", "st": "Suplente"}, {"seq": "79", "n": "25456", "vap": "16", "pvap": "   0,05", "e": "N", "st": "Suplente"}, {"seq": "85", "n": "25123", "vap": "9", "pvap": "   0,03", "e": "N", "st": "Suplente"}, {"seq": "88", "n": "25147", "vap": "5", "pvap": "   0,02", "e": "N", "st": "Suplente"}, {"seq": "91", "n": "25321", "vap": "0", "pvap": "00.00", "e": "N", "st": "Suplente"}, {"seq": "2", "n": "45555", "vap": "1158", "pvap": "   3,79", "e": "S", "st": "Eleito"}, {"seq": "3", "n": "45789", "vap": "1098", "pvap": "   3,60", "e": "S", "st": "Eleito"}, {"seq": "5", "n": "45444", "vap": "1064", "pvap": "   3,49", "e": "S", "st": "Eleito"}, {"seq": "7", "n": "45456", "vap": "1007", "pvap": "   3,30", "e": "S", "st": "Eleito"}, {"seq": "18", "n": "45111", "vap": "611", "pvap": "   2,00", "e": "N", "st": "Suplente"}, {"seq": "20", "n": "45678", "vap": "562", "pvap": "   1,84", "e": "N", "st": "Suplente"}, {"seq": "21", "n": "45345", "vap": "524", "pvap": "   1,72", "e": "N", "st": "Suplente"}, {"seq": "23", "n": "45045", "vap": "471", "pvap": "   1,54", "e": "N", "st": "Suplente"}, {"seq": "25", "n": "45333", "vap": "458", "pvap": "   1,50", "e": "N", "st": "Suplente"}, {"seq": "31", "n": "45123", "vap": "311", "pvap": "   1,02", "e": "N", "st": "Suplente"}, {"seq": "34", "n": "45000", "vap": "233", "pvap": "   0,76", "e": "N", "st": "Suplente"}, {"seq": "41", "n": "45777", "vap": "132", "pvap": "   0,43", "e": "N", "st": "Suplente"}, {"seq": "47", "n": "45888", "vap": "89", "pvap": "   0,29", "e": "N", "st": "Suplente"}, {"seq": "57", "n": "45225", "vap": "54", "pvap": "   0,18", "e": "N", "st": "Suplente"}, {"seq": "65", "n": "45222", "vap": "31", "pvap": "   0,10", "e": "N", "st": "Suplente"}, {"seq": "75", "n": "45455", "vap": "20", "pvap": "   0,07", "e": "N", "st": "Suplente"}, {"seq": "80", "n": "45321", "vap": "15", "pvap": "   0,05", "e": "N", "st": "Suplente"}, {"seq": "81", "n": "45100", "vap": "13", "pvap": "   0,04", "e": "N", "st": "Suplente"}, {"seq": "10", "n": "11234", "vap": "935", "pvap": "   3,06", "e": "S", "st": "Eleito"}, {"seq": "15", "n": "11000", "vap": "647", "pvap": "   2,12", "e": "N", "st": "Suplente"}, {"seq": "16", "n": "11777", "vap": "632", "pvap": "   2,07", "e": "N", "st": "Suplente"}, {"seq": "36", "n": "11122", "vap": "210", "pvap": "   0,69", "e": "N", "st": "Suplente"}, {"seq": "40", "n": "11111", "vap": "134", "pvap": "   0,44", "e": "N", "st": "Suplente"}, {"seq": "42", "n": "11555", "vap": "123", "pvap": "   0,40", "e": "N", "st": "Suplente"}, {"seq": "43", "n": "11999", "vap": "122", "pvap": "   0,40", "e": "N", "st": "Suplente"}, {"seq": "52", "n": "11666", "vap": "62", "pvap": "   0,20", "e": "N", "st": "Suplente"}, {"seq": "61", "n": "11123", "vap": "37", "pvap": "   0,12", "e": "N", "st": "Suplente"}, {"seq": "71", "n": "11444", "vap": "27", "pvap": "   0,09", "e": "N", "st": "Suplente"}, {"seq": "72", "n": "11333", "vap": "27", "pvap": "   0,09", "e": "N", "st": "Suplente"}, {"seq": "73", "n": "11443", "vap": "26", "pvap": "   0,09", "e": "N", "st": "Suplente"}, {"seq": "74", "n": "11222", "vap": "21", "pvap": "   0,07", "e": "N", "st": "Suplente"}, {"seq": "77", "n": "11500", "vap": "16", "pvap": "   0,05", "e": "N", "st": "Suplente"}, {"seq": "83", "n": "11200", "vap": "10", "pvap": "   0,03", "e": "N", "st": "Suplente"}, {"seq": "87", "n": "11110", "vap": "6", "pvap": "   0,02", "e": "N", "st": "Suplente"}, {"seq": "89", "n": "11600", "vap": "4", "pvap": "   0,01", "e": "N", "st": "Suplente"}, {"seq": "90", "n": "11456", "vap": "4", "pvap": "   0,01", "e": "N", "st": "Suplente"}, {"seq": "11", "n": "13321", "vap": "631", "pvap": "   2,07", "e": "S", "st": "Eleito"}, {"seq": "13", "n": "13678", "vap": "507", "pvap": "   1,66", "e": "S", "st": "Eleito"}, {"seq": "29", "n": "13333", "vap": "344", "pvap": "   1,13", "e": "N", "st": "Suplente"}, {"seq": "30", "n": "13555", "vap": "339", "pvap": "   1,11", "e": "N", "st": "Suplente"}, {"seq": "32", "n": "13133", "vap": "307", "pvap": "   1,01", "e": "N", "st": "Suplente"}, {"seq": "33", "n": "13789", "vap": "264", "pvap": "   0,86", "e": "N", "st": "Suplente"}, {"seq": "38", "n": "13639", "vap": "187", "pvap": "   0,61", "e": "N", "st": "Suplente"}, {"seq": "39", "n": "13111", "vap": "181", "pvap": "   0,59", "e": "N", "st": "Suplente"}, {"seq": "44", "n": "13777", "vap": "116", "pvap": "   0,38", "e": "N", "st": "Suplente"}, {"seq": "45", "n": "13123", "vap": "113", "pvap": "   0,37", "e": "N", "st": "Suplente"}, {"seq": "50", "n": "13000", "vap": "65", "pvap": "   0,21", "e": "N", "st": "Suplente"}, {"seq": "51", "n": "13165", "vap": "63", "pvap": "   0,21", "e": "N", "st": "Suplente"}, {"seq": "53", "n": "13222", "vap": "59", "pvap": "   0,19", "e": "N", "st": "Suplente"}, {"seq": "54", "n": "13444", "vap": "58", "pvap": "   0,19", "e": "N", "st": "Suplente"}, {"seq": "59", "n": "13150", "vap": "44", "pvap": "   0,14", "e": "N", "st": "Suplente"}, {"seq": "62", "n": "13667", "vap": "37", "pvap": "   0,12", "e": "N", "st": "Suplente"}, {"seq": "63", "n": "13013", "vap": "36", "pvap": "   0,12", "e": "N", "st": "Suplente"}, {"seq": "69", "n": "13127", "vap": "27", "pvap": "   0,09", "e": "N", "st": "Suplente"}, {"seq": "78", "n": "13456", "vap": "16", "pvap": "   0,05", "e": "N", "st": "Suplente"}, {"seq": "86", "n": "13999", "vap": "7", "pvap": "   0,02", "e": "N", "st": "Suplente"}, {"seq": "93", "n": "23111", "vap": "275", "pvap": "   0,90", "e": "N", "st": "N\u00e3o eleito"}, {"seq": "95", "n": "23999", "vap": "148", "pvap": "   0,48", "e": "N", "st": "N\u00e3o eleito"}, {"seq": "96", "n": "23100", "vap": "133", "pvap": "   0,44", "e": "N", "st": "N\u00e3o eleito"}, {"seq": "98", "n": "23789", "vap": "109", "pvap": "   0,36", "e": "N", "st": "N\u00e3o eleito"}, {"seq": "99", "n": "23000", "vap": "103", "pvap": "   0,34", "e": "N", "st": "N\u00e3o eleito"}, {"seq": "100", "n": "23013", "vap": "101", "pvap": "   0,33", "e": "N", "st": "N\u00e3o eleito"}, {"seq": "101", "n": "23456", "vap": "95", "pvap": "   0,31", "e": "N", "st": "N\u00e3o eleito"}, {"seq": "103", "n": "23444", "vap": "86", "pvap": "   0,28", "e": "N", "st": "N\u00e3o eleito"}, {"seq": "104", "n": "23222", "vap": "81", "pvap": "   0,27", "e": "N", "st": "N\u00e3o eleito"}, {"seq": "105", "n": "23333", "vap": "81", "pvap": "   0,27", "e": "N", "st": "N\u00e3o eleito"}, {"seq": "108", "n": "23888", "vap": "80", "pvap": "   0,26", "e": "N", "st": "N\u00e3o eleito"}, {"seq": "109", "n": "23777", "vap": "74", "pvap": "   0,24", "e": "N", "st": "N\u00e3o eleito"}, {"seq": "111", "n": "23123", "vap": "56", "pvap": "   0,18", "e": "N", "st": "N\u00e3o eleito"}, {"seq": "126", "n": "23234", "vap": "16", "pvap": "   0,05", "e": "N", "st": "N\u00e3o eleito"}, {"seq": "129", "n": "23005", "vap": "12", "pvap": "   0,04", "e": "N", "st": "N\u00e3o eleito"}, {"seq": "131", "n": "23321", "vap": "11", "pvap": "   0,04", "e": "N", "st": "N\u00e3o eleito"}, {"seq": "139", "n": "23233", "vap": "1", "pvap": "   0,00", "e": "N", "st": "N\u00e3o eleito"}, {"seq": "141", "n": "23555", "vap": "0", "pvap": "00.00", "e": "N", "st": "N\u00e3o eleito"}, {"seq": "6", "n": "55555", "vap": "1036", "pvap": "   3,39", "e": "S", "st": "Eleito"}, {"seq": "12", "n": "55456", "vap": "601", "pvap": "   1,97", "e": "S", "st": "Eleito"}, {"seq": "19", "n": "55670", "vap": "592", "pvap": "   1,94", "e": "N", "st": "Suplente"}, {"seq": "22", "n": "55123", "vap": "474", "pvap": "   1,55", "e": "N", "st": "Suplente"}, {"seq": "35", "n": "55554", "vap": "215", "pvap": "   0,70", "e": "N", "st": "Suplente"}, {"seq": "46", "n": "55789", "vap": "99", "pvap": "   0,32", "e": "N", "st": "Suplente"}, {"seq": "48", "n": "55666", "vap": "88", "pvap": "   0,29", "e": "N", "st": "Suplente"}, {"seq": "49", "n": "55777", "vap": "80", "pvap": "   0,26", "e": "N", "st": "Suplente"}, {"seq": "55", "n": "55678", "vap": "55", "pvap": "   0,18", "e": "N", "st": "Suplente"}, {"seq": "56", "n": "55455", "vap": "55", "pvap": "   0,18", "e": "N", "st": "Suplente"}, {"seq": "60", "n": "55333", "vap": "39", "pvap": "   0,13", "e": "N", "st": "Suplente"}, {"seq": "64", "n": "55444", "vap": "32", "pvap": "   0,10", "e": "N", "st": "Suplente"}, {"seq": "67", "n": "55234", "vap": "29", "pvap": "   0,10", "e": "N", "st": "Suplente"}, {"seq": "68", "n": "55999", "vap": "29", "pvap": "   0,10", "e": "N", "st": "Suplente"}, {"seq": "70", "n": "55000", "vap": "27", "pvap": "   0,09", "e": "N", "st": "Suplente"}, {"seq": "76", "n": "55888", "vap": "19", "pvap": "   0,06", "e": "N", "st": "Suplente"}, {"seq": "82", "n": "55198", "vap": "11", "pvap": "   0,04", "e": "N", "st": "Suplente"}, {"seq": "84", "n": "55255", "vap": "10", "pvap": "   0,03", "e": "N", "st": "Suplente"}]}]}