{"ele": "426", "carper": "13", "t": "1", "f": "O", "esae": "N", "mnae": " ", "dg": "15/11/2020", "hg": "23:01:58", "dv": "S", "nadf": "ba37990-c0013-e000426-003-f", "abr": [{"dt": "15/11/2020", "ht": "22:56:35", "tf": "S", "and": "F", "tpabr": "MU", "cdabr": "37990", "s": "21", "st": "21", "snt": "0", "si": "21", "sni": "0", "sa": "21", "sna": "0", "pst": " 100,00", "psnt": "   0,00", "psi": " 100,00", "psni": "   0,00", "psa": " 100,00", "psna": "   0,00", "e": "6751", "ea": "6751", "ena": "0", "esi": "6751", "esni": "0", "c": "5778", "a": "973", "pea": " 100,00", "pena": "   0,00", "pesi": " 100,00", "pesni": "   0,00", "pa": "  14,41", "pc": "  85,59", "vscv": "0", "vnom": "4872", "vl": "294", "tv": "5778", "vvc": "5559", "vb": "47", "tvn": "172", "vn": "172", "vnt": "0", "vp": "0", "vv": "5166", "van": "0", "vansj": "393", "pvnom": "  94,31", "pvl": "   5,69", "pvvc": "  96,21", "pvb": "   0,81", "ptvn": "   2,98", "pvn": " 100,00", "pvnt": "   0,00", "pvp": "   0,00", "pvv": "  92,93", "pvan": "   0,00", "pvansj": "   7,07", "colig": [{"n": "50000131693", "tvtn": "2665", "tvan": "2665", "vag": "5", "tvtl": "178", "tval": "178"}, {"n": "50000075380", "tvtn": "2207", "tvan": "2600", "vag": "4", "tvtl": "116", "tval": "116"}], "part": [{"n": "22", "tvtn": "2665", "tvan": "2665", "tvtl": "178", "tval": "178"}, {"n": "55", "tvtn": "2207", "tvan": "2600", "tvtl": "116", "tval": "116"}], "cand": [{"seq": "7", "n": "22222", "vap": "336", "pvap": "   6,04", "e": "S", "st": "Eleito"}, {"seq": "16", "n": "22600", "vap": "115", "pvap": "   2,07", "e": "N", "st": "Suplente"}, {"seq": "18", "n": "22013", "vap": "33", "pvap": "   0,59", "e": "N", "st": "Suplente"}, {"seq": "17", "n": "22000", "vap": "77", "pvap": "   1,39", "e": "N", "st": "Suplente"}, {"seq": "5", "n": "22555", "vap": "372", "pvap": "   6,69", "e": "S", "st": "Eleito"}, {"seq": "11", "n": "22123", "vap": "254", "pvap": "   4,57", "e": "N", "st": "Suplente"}, {"seq": "3", "n": "22333", "vap": "390", "pvap": "   7,02", "e": "S", "st": "Eleito"}, {"seq": "19", "n": "22800", "vap": "13", "pvap": "   0,23", "e": "N", "st": "Suplente"}, {"seq": "15", "n": "22111", "vap": "141", "pvap": "   2,54", "e": "N", "st": "Suplente"}, {"seq": "4", "n": "22580", "vap": "389", "pvap": "   7,00", "e": "S", "st": "Eleito"}, {"seq": "8", "n": "22345", "vap": "332", "pvap": "   5,97", "e": "S", "st": "Eleito"}, {"seq": "20", "n": "22500", "vap": "5", "pvap": "   0,09", "e": "N", "st": "Suplente"}, {"seq": "13", "n": "22444", "vap": "208", "pvap": "   3,74", "e": "N", "st": "Suplente"}, {"seq": "1", "n": "55000", "vap": "440", "pvap": "   7,92", "e": "S", "st": "Eleito"}, {"seq": "2", "n": "55555", "vap": "411", "pvap": "   7,39", "e": "S", "st": "Eleito"}, {"seq": "12", "n": "55444", "vap": "216", "pvap": "   3,89", "e": "N", "st": "Suplente"}, {"seq": "14", "n": "55222", "vap": "196", "pvap": "   3,53", "e": "N", "st": "Suplente"}, {"seq": "22", "n": "55055", "vap": "4", "pvap": "   0,07", "e": "N", "st": "Suplente"}, {"seq": "25", "n": "55111", "vap": "181", "pvap": "   3,26", "e": "N", "st": "N\u00e3o eleito"}, {"seq": "24", "n": "55333", "vap": "212", "pvap": "   3,81", "e": "N", "st": "N\u00e3o eleito"}, {"seq": "21", "n": "55999", "vap": "5", "pvap": "   0,09", "e": "N", "st": "Suplente"}, {"seq": "10", "n": "55777", "vap": "291", "pvap": "   5,23", "e": "N", "st": "Suplente"}, {"seq": "9", "n": "55666", "vap": "294", "pvap": "   5,29", "e": "S", "st": "Eleito"}, {"seq": "6", "n": "55888", "vap": "347", "pvap": "   6,24", "e": "S", "st": "Eleito"}, {"seq": "23", "n": "55456", "vap": "3", "pvap": "   0,05", "e": "N", "st": "Suplente"}]}, {"dt": "15/11/2020", "ht": "22:56:35", "tf": "S", "and": "F", "tpabr": "ZONA", "cdabr": "37", "s": "21", "st": "21", "snt": "0", "si": "21", "sni": "0", "sa": "21", "sna": "0", "pst": " 100,00", "psnt": "   0,00", "psi": " 100,00", "psni": "   0,00", "psa": " 100,00", "psna": "   0,00", "e": "6751", "ea": "6751", "ena": "0", "esi": "6751", "esni": "0", "a": "973", "c": "5778", "pea": " 100,00", "pena": "   0,00", "pesi": " 100,00", "pesni": "   0,00", "pa": "  14,41", "pc": "  85,59", "vnom": "4872", "vscv": "0", "vl": "294", "tv": "5778", "vvc": "5559", "vb": "47", "tvn": "172", "vn": "172", "vnt": "0", "vp": "0", "vv": "5166", "van": "0", "vansj": "393", "pvnom": "  94,31", "pvl": "   5,69", "pvvc": "  96,21", "pvb": "   0,81", "ptvn": "   2,98", "pvn": " 100,00", "pvnt": "   0,00", "pvp": "   0,00", "pvv": "  92,93", "pvan": "   0,00", "pvansj": "   7,07", "cand": [{"seq": "1", "n": "55000", "vap": "440", "pvap": "   7,92", "e": "S", "st": "Eleito"}, {"seq": "2", "n": "55555", "vap": "411", "pvap": "   7,39", "e": "S", "st": "Eleito"}, {"seq": "6", "n": "55888", "vap": "347", "pvap": "   6,24", "e": "S", "st": "Eleito"}, {"seq": "9", "n": "55666", "vap": "294", "pvap": "   5,29", "e": "S", "st": "Eleito"}, {"seq": "10", "n": "55777", "vap": "291", "pvap": "   5,23", "e": "N", "st": "Suplente"}, {"seq": "12", "n": "55444", "vap": "216", "pvap": "   3,89", "e": "N", "st": "Suplente"}, {"seq": "14", "n": "55222", "vap": "196", "pvap": "   3,53", "e": "N", "st": "Suplente"}, {"seq": "21", "n": "55999", "vap": "5", "pvap": "   0,09", "e": "N", "st": "Suplente"}, {"seq": "22", "n": "55055", "vap": "4", "pvap": "   0,07", "e": "N", "st": "Suplente"}, {"seq": "23", "n": "55456", "vap": "3", "pvap": "   0,05", "e": "N", "st": "Suplente"}, {"seq": "24", "n": "55333", "vap": "212", "pvap": "   3,81", "e": "N", "st": "N\u00e3o eleito"}, {"seq": "25", "n": "55111", "vap": "181", "pvap": "   3,26", "e": "N", "st": "N\u00e3o eleito"}, {"seq": "3", "n": "22333", "vap": "390", "pvap": "   7,02", "e": "S", "st": "Eleito"}, {"seq": "4", "n": "22580", "vap": "389", "pvap": "   7,00", "e": "S", "st": "Eleito"}, {"seq": "5", "n": "22555", "vap": "372", "pvap": "   6,69", "e": "S", "st": "Eleito"}, {"seq": "7", "n": "22222", "vap": "336", "pvap": "   6,04", "e": "S", "st": "Eleito"}, {"seq": "8", "n": "22345", "vap": "332", "pvap": "   5,97", "e": "S", "st": "Eleito"}, {"seq": "11", "n": "22123", "vap": "254", "pvap": "   4,57", "e": "N", "st": "Suplente"}, {"seq": "13", "n": "22444", "vap": "208", "pvap": "   3,74", "e": "N", "st": "Suplente"}, {"seq": "15", "n": "22111", "vap": "141", "pvap": "   2,54", "e": "N", "st": "Suplente"}, {"seq": "16", "n": "22600", "vap": "115", "pvap": "   2,07", "e": "N", "st": "Suplente"}, {"seq": "17", "n": "22000", "vap": "77", "pvap": "   1,39", "e": "N", "st": "Suplente"}, {"seq": "18", "n": "22013", "vap": "33", "pvap": "   0,59", "e": "N", "st": "Suplente"}, {"seq": "19", "n": "22800", "vap": "13", "pvap": "   0,23", "e": "N", "st": "Suplente"}, {"seq": "20", "n": "22500", "vap": "5", "pvap": "   0,09", "e": "N", "st": "Suplente"}]}]}