{"ele": "426", "carper": "13", "t": "1", "f": "O", "esae": "N", "mnae": " ", "dg": "15/11/2020", "hg": "22:39:28", "dv": "S", "nadf": "ba33413-c0013-e000426-002-f", "abr": [{"dt": "15/11/2020", "ht": "22:24:46", "tf": "S", "and": "F", "tpabr": "MU", "cdabr": "33413", "s": "105", "st": "105", "snt": "0", "si": "105", "sni": "0", "sa": "105", "sna": "0", "pst": " 100,00", "psnt": "   0,00", "psi": " 100,00", "psni": "   0,00", "psa": " 100,00", "psna": "   0,00", "e": "41475", "ea": "41475", "ena": "0", "esi": "41475", "esni": "0", "c": "31001", "a": "10474", "pea": " 100,00", "pena": "   0,00", "pesi": " 100,00", "pesni": "   0,00", "pa": "  25,25", "pc": "  74,75", "vscv": "0", "vnom": "27403", "vl": "2037", "tv": "31001", "vvc": "29440", "vb": "333", "tvn": "1228", "vn": "1228", "vnt": "0", "vp": "0", "vv": "29440", "van": "0", "vansj": "0", "pvnom": "  93,08", "pvl": "   6,92", "pvvc": "  94,96", "pvb": "   1,08", "ptvn": "   3,96", "pvn": " 100,00", "pvnt": "   0,00", "pvp": "   0,00", "pvv": " 100,00", "pvan": "   0,00", "pvansj": "   0,00", "colig": [{"n": "50000067422", "tvtn": "2664", "tvan": "2664", "vag": "1", "tvtl": "116", "tval": "116"}, {"n": "50000067575", "tvtn": "3619", "tvan": "3619", "vag": "2", "tvtl": "575", "tval": "575"}, {"n": "50000059764", "tvtn": "11833", "tvan": "11833", "vag": "8", "tvtl": "1104", "tval": "1104"}, {"n": "50000067894", "tvtn": "3057", "tvan": "3057", "vag": "1", "tvtl": "53", "tval": "53"}, {"n": "50000059774", "tvtn": "6079", "tvan": "6079", "vag": "3", "tvtl": "184", "tval": "184"}, {"n": "50000064771", "tvtn": "151", "tvan": "151", "vag": "0", "tvtl": "5", "tval": "5"}], "part": [{"n": "13", "tvtn": "2664", "tvan": "2664", "tvtl": "116", "tval": "116"}, {"n": "19", "tvtn": "3619", "tvan": "3619", "tvtl": "575", "tval": "575"}, {"n": "12", "tvtn": "11833", "tvan": "11833", "tvtl": "1104", "tval": "1104"}, {"n": "90", "tvtn": "3057", "tvan": "3057", "tvtl": "53", "tval": "53"}, {"n": "55", "tvtn": "6079", "tvan": "6079", "tvtl": "184", "tval": "184"}, {"n": "17", "tvtn": "151", "tvan": "151", "tvtl": "5", "tval": "5"}], "cand": [{"seq": "51", "n": "13000", "vap": "72", "pvap": "   0,24", "e": "N", "st": "Suplente"}, {"seq": "68", "n": "13111", "vap": "12", "pvap": "   0,04", "e": "N", "st": "Suplente"}, {"seq": "15", "n": "13123", "vap": "747", "pvap": "   2,54", "e": "S", "st": "Eleito"}, {"seq": "33", "n": "13444", "vap": "271", "pvap": "   0,92", "e": "N", "st": "Suplente"}, {"seq": "59", "n": "13222", "vap": "42", "pvap": "   0,14", "e": "N", "st": "Suplente"}, {"seq": "60", "n": "13233", "vap": "42", "pvap": "   0,14", "e": "N", "st": "Suplente"}, {"seq": "23", "n": "13333", "vap": "557", "pvap": "   1,89", "e": "N", "st": "Suplente"}, {"seq": "50", "n": "13213", "vap": "83", "pvap": "   0,28", "e": "N", "st": "Suplente"}, {"seq": "26", "n": "13666", "vap": "520", "pvap": "   1,77", "e": "N", "st": "Suplente"}, {"seq": "66", "n": "13888", "vap": "16", "pvap": "   0,05", "e": "N", "st": "Suplente"}, {"seq": "46", "n": "13555", "vap": "92", "pvap": "   0,31", "e": "N", "st": "Suplente"}, {"seq": "58", "n": "13013", "vap": "44", "pvap": "   0,15", "e": "N", "st": "Suplente"}, {"seq": "41", "n": "13999", "vap": "123", "pvap": "   0,42", "e": "N", "st": "Suplente"}, {"seq": "72", "n": "13456", "vap": "9", "pvap": "   0,03", "e": "N", "st": "Suplente"}, {"seq": "61", "n": "13777", "vap": "34", "pvap": "   0,12", "e": "N", "st": "Suplente"}, {"seq": "49", "n": "19234", "vap": "84", "pvap": "   0,29", "e": "N", "st": "Suplente"}, {"seq": "45", "n": "19111", "vap": "107", "pvap": "   0,36", "e": "N", "st": "Suplente"}, {"seq": "55", "n": "19888", "vap": "51", "pvap": "   0,17", "e": "N", "st": "Suplente"}, {"seq": "7", "n": "19999", "vap": "1063", "pvap": "   3,61", "e": "S", "st": "Eleito"}, {"seq": "17", "n": "19000", "vap": "752", "pvap": "   2,55", "e": "N", "st": "Suplente"}, {"seq": "56", "n": "19222", "vap": "48", "pvap": "   0,16", "e": "N", "st": "Suplente"}, {"seq": "71", "n": "19333", "vap": "10", "pvap": "   0,03", "e": "N", "st": "Suplente"}, {"seq": "24", "n": "19123", "vap": "557", "pvap": "   1,89", "e": "N", "st": "Suplente"}, {"seq": "53", "n": "19777", "vap": "62", "pvap": "   0,21", "e": "N", "st": "Suplente"}, {"seq": "57", "n": "19444", "vap": "44", "pvap": "   0,15", "e": "N", "st": "Suplente"}, {"seq": "62", "n": "19100", "vap": "33", "pvap": "   0,11", "e": "N", "st": "Suplente"}, {"seq": "13", "n": "19555", "vap": "798", "pvap": "   2,71", "e": "S", "st": "Eleito"}, {"seq": "70", "n": "19211", "vap": "10", "pvap": "   0,03", "e": "N", "st": "Suplente"}, {"seq": "43", "n": "12500", "vap": "114", "pvap": "   0,39", "e": "N", "st": "Suplente"}, {"seq": "16", "n": "12777", "vap": "758", "pvap": "   2,57", "e": "N", "st": "Suplente"}, {"seq": "12", "n": "12111", "vap": "800", "pvap": "   2,72", "e": "S", "st": "Eleito"}, {"seq": "47", "n": "12230", "vap": "89", "pvap": "   0,30", "e": "N", "st": "Suplente"}, {"seq": "10", "n": "12123", "vap": "839", "pvap": "   2,85", "e": "S", "st": "Eleito"}, {"seq": "76", "n": "12789", "vap": "4", "pvap": "   0,01", "e": "N", "st": "Suplente"}, {"seq": "73", "n": "12100", "vap": "6", "pvap": "   0,02", "e": "N", "st": "Suplente"}, {"seq": "35", "n": "12580", "vap": "217", "pvap": "   0,74", "e": "N", "st": "Suplente"}, {"seq": "34", "n": "12369", "vap": "241", "pvap": "   0,82", "e": "N", "st": "Suplente"}, {"seq": "77", "n": "12201", "vap": "3", "pvap": "   0,01", "e": "N", "st": "Suplente"}, {"seq": "21", "n": "12444", "vap": "564", "pvap": "   1,92", "e": "N", "st": "Suplente"}, {"seq": "14", "n": "12000", "vap": "777", "pvap": "   2,64", "e": "S", "st": "Eleito"}, {"seq": "2", "n": "12360", "vap": "1186", "pvap": "   4,03", "e": "S", "st": "Eleito"}, {"seq": "20", "n": "12555", "vap": "658", "pvap": "   2,24", "e": "N", "st": "Suplente"}, {"seq": "9", "n": "12345", "vap": "905", "pvap": "   3,07", "e": "S", "st": "Eleito"}, {"seq": "29", "n": "12433", "vap": "479", "pvap": "   1,63", "e": "N", "st": "Suplente"}, {"seq": "3", "n": "12344", "vap": "1178", "pvap": "   4,00", "e": "S", "st": "Eleito"}, {"seq": "5", "n": "12333", "vap": "1101", "pvap": "   3,74", "e": "S", "st": "Eleito"}, {"seq": "11", "n": "12456", "vap": "829", "pvap": "   2,82", "e": "S", "st": "Eleito"}, {"seq": "22", "n": "12222", "vap": "558", "pvap": "   1,90", "e": "N", "st": "Suplente"}, {"seq": "75", "n": "12368", "vap": "5", "pvap": "   0,02", "e": "N", "st": "Suplente"}, {"seq": "25", "n": "12347", "vap": "521", "pvap": "   1,77", "e": "N", "st": "Suplente"}, {"seq": "79", "n": "12112", "vap": "1", "pvap": "   0,00", "e": "N", "st": "Suplente"}, {"seq": "78", "n": "90100", "vap": "3", "pvap": "   0,01", "e": "N", "st": "Suplente"}, {"seq": "28", "n": "90999", "vap": "493", "pvap": "   1,67", "e": "N", "st": "Suplente"}, {"seq": "63", "n": "90600", "vap": "25", "pvap": "   0,08", "e": "N", "st": "Suplente"}, {"seq": "74", "n": "90456", "vap": "5", "pvap": "   0,02", "e": "N", "st": "Suplente"}, {"seq": "40", "n": "90200", "vap": "130", "pvap": "   0,44", "e": "N", "st": "Suplente"}, {"seq": "37", "n": "90123", "vap": "163", "pvap": "   0,55", "e": "N", "st": "Suplente"}, {"seq": "36", "n": "90666", "vap": "170", "pvap": "   0,58", "e": "N", "st": "Suplente"}, {"seq": "6", "n": "90000", "vap": "1092", "pvap": "   3,71", "e": "S", "st": "Eleito"}, {"seq": "69", "n": "90700", "vap": "12", "pvap": "   0,04", "e": "N", "st": "Suplente"}, {"seq": "31", "n": "90111", "vap": "358", "pvap": "   1,22", "e": "N", "st": "Suplente"}, {"seq": "30", "n": "90888", "vap": "428", "pvap": "   1,45", "e": "N", "st": "Suplente"}, {"seq": "65", "n": "90900", "vap": "16", "pvap": "   0,05", "e": "N", "st": "Suplente"}, {"seq": "54", "n": "90852", "vap": "52", "pvap": "   0,18", "e": "N", "st": "Suplente"}, {"seq": "44", "n": "90555", "vap": "110", "pvap": "   0,37", "e": "N", "st": "Suplente"}, {"seq": "52", "n": "55777", "vap": "69", "pvap": "   0,23", "e": "N", "st": "Suplente"}, {"seq": "4", "n": "55999", "vap": "1125", "pvap": "   3,82", "e": "S", "st": "Eleito"}, {"seq": "64", "n": "55566", "vap": "20", "pvap": "   0,07", "e": "N", "st": "Suplente"}, {"seq": "27", "n": "55000", "vap": "512", "pvap": "   1,74", "e": "N", "st": "Suplente"}, {"seq": "32", "n": "55552", "vap": "328", "pvap": "   1,11", "e": "N", "st": "Suplente"}, {"seq": "38", "n": "55333", "vap": "157", "pvap": "   0,53", "e": "N", "st": "Suplente"}, {"seq": "48", "n": "55678", "vap": "85", "pvap": "   0,29", "e": "N", "st": "Suplente"}, {"seq": "8", "n": "55555", "vap": "912", "pvap": "   3,10", "e": "S", "st": "Eleito"}, {"seq": "18", "n": "55888", "vap": "692", "pvap": "   2,35", "e": "N", "st": "Suplente"}, {"seq": "67", "n": "55444", "vap": "14", "pvap": "   0,05", "e": "N", "st": "Suplente"}, {"seq": "42", "n": "55666", "vap": "118", "pvap": "   0,40", "e": "N", "st": "Suplente"}, {"seq": "19", "n": "55111", "vap": "683", "pvap": "   2,32", "e": "N", "st": "Suplente"}, {"seq": "1", "n": "55222", "vap": "1218", "pvap": "   4,14", "e": "S", "st": "Eleito"}, {"seq": "39", "n": "55123", "vap": "146", "pvap": "   0,50", "e": "N", "st": "Suplente"}, {"seq": "81", "n": "17019", "vap": "20", "pvap": "   0,07", "e": "N", "st": "N\u00e3o eleito"}, {"seq": "80", "n": "17123", "vap": "122", "pvap": "   0,41", "e": "N", "st": "N\u00e3o eleito"}, {"seq": "82", "n": "17777", "vap": "9", "pvap": "   0,03", "e": "N", "st": "N\u00e3o eleito"}]}, {"dt": "15/11/2020", "ht": "22:24:46", "tf": "S", "and": "F", "tpabr": "ZONA", "cdabr": "123", "s": "105", "st": "105", "snt": "0", "si": "105", "sni": "0", "sa": "105", "sna": "0", "pst": " 100,00", "psnt": "   0,00", "psi": " 100,00", "psni": "   0,00", "psa": " 100,00", "psna": "   0,00", "e": "41475", "ea": "41475", "ena": "0", "esi": "41475", "esni": "0", "a": "10474", "c": "31001", "pea": " 100,00", "pena": "   0,00", "pesi": " 100,00", "pesni": "   0,00", "pa": "  25,25", "pc": "  74,75", "vnom": "27403", "vscv": "0", "vl": "2037", "tv": "31001", "vvc": "29440", "vb": "333", "tvn": "1228", "vn": "1228", "vnt": "0", "vp": "0", "vv": "29440", "van": "0", "vansj": "0", "pvnom": "  93,08", "pvl": "   6,92", "pvvc": "  94,96", "pvb": "   1,08", "ptvn": "   3,96", "pvn": " 100,00", "pvnt": "   0,00", "pvp": "   0,00", "pvv": " 100,00", "pvan": "   0,00", "pvansj": "   0,00", "cand": [{"seq": "6", "n": "90000", "vap": "1092", "pvap": "   3,71", "e": "S", "st": "Eleito"}, {"seq": "28", "n": "90999", "vap": "493", "pvap": "   1,67", "e": "N", "st": "Suplente"}, {"seq": "30", "n": "90888", "vap": "428", "pvap": "   1,45", "e": "N", "st": "Suplente"}, {"seq": "31", "n": "90111", "vap": "358", "pvap": "   1,22", "e": "N", "st": "Suplente"}, {"seq": "36", "n": "90666", "vap": "170", "pvap": "   0,58", "e": "N", "st": "Suplente"}, {"seq": "37", "n": "90123", "vap": "163", "pvap": "   0,55", "e": "N", "st": "Suplente"}, {"seq": "40", "n": "90200", "vap": "130", "pvap": "   0,44", "e": "N", "st": "Suplente"}, {"seq": "44", "n": "90555", "vap": "110", "pvap": "   0,37", "e": "N", "st": "Suplente"}, {"seq": "54", "n": "90852", "vap": "52", "pvap": "   0,18", "e": "N", "st": "Suplente"}, {"seq": "63", "n": "90600", "vap": "25", "pvap": "   0,08", "e": "N", "st": "Suplente"}, {"seq": "65", "n": "90900", "vap": "16", "pvap": "   0,05", "e": "N", "st": "Suplente"}, {"seq": "69", "n": "90700", "vap": "12", "pvap": "   0,04", "e": "N", "st": "Suplente"}, {"seq": "74", "n": "90456", "vap": "5", "pvap": "   0,02", "e": "N", "st": "Suplente"}, {"seq": "78", "n": "90100", "vap": "3", "pvap": "   0,01", "e": "N", "st": "Suplente"}, {"seq": "2", "n": "12360", "vap": "1186", "pvap": "   4,03", "e": "S", "st": "Eleito"}, {"seq": "3", "n": "12344", "vap": "1178", "pvap": "   4,00", "e": "S", "st": "Eleito"}, {"seq": "5", "n": "12333", "vap": "1101", "pvap": "   3,74", "e": "S", "st": "Eleito"}, {"seq": "9", "n": "12345", "vap": "905", "pvap": "   3,07", "e": "S", "st": "Eleito"}, {"seq": "10", "n": "12123", "vap": "839", "pvap": "   2,85", "e": "S", "st": "Eleito"}, {"seq": "11", "n": "12456", "vap": "829", "pvap": "   2,82", "e": "S", "st": "Eleito"}, {"seq": "12", "n": "12111", "vap": "800", "pvap": "   2,72", "e": "S", "st": "Eleito"}, {"seq": "14", "n": "12000", "vap": "777", "pvap": "   2,64", "e": "S", "st": "Eleito"}, {"seq": "16", "n": "12777", "vap": "758", "pvap": "   2,57", "e": "N", "st": "Suplente"}, {"seq": "20", "n": "12555", "vap": "658", "pvap": "   2,24", "e": "N", "st": "Suplente"}, {"seq": "21", "n": "12444", "vap": "564", "pvap": "   1,92", "e": "N", "st": "Suplente"}, {"seq": "22", "n": "12222", "vap": "558", "pvap": "   1,90", "e": "N", "st": "Suplente"}, {"seq": "25", "n": "12347", "vap": "521", "pvap": "   1,77", "e": "N", "st": "Suplente"}, {"seq": "29", "n": "12433", "vap": "479", "pvap": "   1,63", "e": "N", "st": "Suplente"}, {"seq": "34", "n": "12369", "vap": "241", "pvap": "   0,82", "e": "N", "st": "Suplente"}, {"seq": "35", "n": "12580", "vap": "217", "pvap": "   0,74", "e": "N", "st": "Suplente"}, {"seq": "43", "n": "12500", "vap": "114", "pvap": "   0,39", "e": "N", "st": "Suplente"}, {"seq": "47", "n": "12230", "vap": "89", "pvap": "   0,30", "e": "N", "st": "Suplente"}, {"seq": "73", "n": "12100", "vap": "6", "pvap": "   0,02", "e": "N", "st": "Suplente"}, {"seq": "75", "n": "12368", "vap": "5", "pvap": "   0,02", "e": "N", "st": "Suplente"}, {"seq": "76", "n": "12789", "vap": "4", "pvap": "   0,01", "e": "N", "st": "Suplente"}, {"seq": "77", "n": "12201", "vap": "3", "pvap": "   0,01", "e": "N", "st": "Suplente"}, {"seq": "79", "n": "12112", "vap": "1", "pvap": "   0,00", "e": "N", "st": "Suplente"}, {"seq": "1", "n": "55222", "vap": "1218", "pvap": "   4,14", "e": "S", "st": "Eleito"}, {"seq": "4", "n": "55999", "vap": "1125", "pvap": "   3,82", "e": "S", "st": "Eleito"}, {"seq": "8", "n": "55555", "vap": "912", "pvap": "   3,10", "e": "S", "st": "Eleito"}, {"seq": "18", "n": "55888", "vap": "692", "pvap": "   2,35", "e": "N", "st": "Suplente"}, {"seq": "19", "n": "55111", "vap": "683", "pvap": "   2,32", "e": "N", "st": "Suplente"}, {"seq": "27", "n": "55000", "vap": "512", "pvap": "   1,74", "e": "N", "st": "Suplente"}, {"seq": "32", "n": "55552", "vap": "328", "pvap": "   1,11", "e": "N", "st": "Suplente"}, {"seq": "38", "n": "55333", "vap": "157", "pvap": "   0,53", "e": "N", "st": "Suplente"}, {"seq": "39", "n": "55123", "vap": "146", "pvap": "   0,50", "e": "N", "st": "Suplente"}, {"seq": "42", "n": "55666", "vap": "118", "pvap": "   0,40", "e": "N", "st": "Suplente"}, {"seq": "48", "n": "55678", "vap": "85", "pvap": "   0,29", "e": "N", "st": "Suplente"}, {"seq": "52", "n": "55777", "vap": "69", "pvap": "   0,23", "e": "N", "st": "Suplente"}, {"seq": "64", "n": "55566", "vap": "20", "pvap": "   0,07", "e": "N", "st": "Suplente"}, {"seq": "67", "n": "55444", "vap": "14", "pvap": "   0,05", "e": "N", "st": "Suplente"}, {"seq": "15", "n": "13123", "vap": "747", "pvap": "   2,54", "e": "S", "st": "Eleito"}, {"seq": "23", "n": "13333", "vap": "557", "pvap": "   1,89", "e": "N", "st": "Suplente"}, {"seq": "26", "n": "13666", "vap": "520", "pvap": "   1,77", "e": "N", "st": "Suplente"}, {"seq": "33", "n": "13444", "vap": "271", "pvap": "   0,92", "e": "N", "st": "Suplente"}, {"seq": "41", "n": "13999", "vap": "123", "pvap": "   0,42", "e": "N", "st": "Suplente"}, {"seq": "46", "n": "13555", "vap": "92", "pvap": "   0,31", "e": "N", "st": "Suplente"}, {"seq": "50", "n": "13213", "vap": "83", "pvap": "   0,28", "e": "N", "st": "Suplente"}, {"seq": "51", "n": "13000", "vap": "72", "pvap": "   0,24", "e": "N", "st": "Suplente"}, {"seq": "58", "n": "13013", "vap": "44", "pvap": "   0,15", "e": "N", "st": "Suplente"}, {"seq": "59", "n": "13222", "vap": "42", "pvap": "   0,14", "e": "N", "st": "Suplente"}, {"seq": "60", "n": "13233", "vap": "42", "pvap": "   0,14", "e": "N", "st": "Suplente"}, {"seq": "61", "n": "13777", "vap": "34", "pvap": "   0,12", "e": "N", "st": "Suplente"}, {"seq": "66", "n": "13888", "vap": "16", "pvap": "   0,05", "e": "N", "st": "Suplente"}, {"seq": "68", "n": "13111", "vap": "12", "pvap": "   0,04", "e": "N", "st": "Suplente"}, {"seq": "72", "n": "13456", "vap": "9", "pvap": "   0,03", "e": "N", "st": "Suplente"}, {"seq": "7", "n": "19999", "vap": "1063", "pvap": "   3,61", "e": "S", "st": "Eleito"}, {"seq": "13", "n": "19555", "vap": "798", "pvap": "   2,71", "e": "S", "st": "Eleito"}, {"seq": "17", "n": "19000", "vap": "752", "pvap": "   2,55", "e": "N", "st": "Suplente"}, {"seq": "24", "n": "19123", "vap": "557", "pvap": "   1,89", "e": "N", "st": "Suplente"}, {"seq": "45", "n": "19111", "vap": "107", "pvap": "   0,36", "e": "N", "st": "Suplente"}, {"seq": "49", "n": "19234", "vap": "84", "pvap": "   0,29", "e": "N", "st": "Suplente"}, {"seq": "53", "n": "19777", "vap": "62", "pvap": "   0,21", "e": "N", "st": "Suplente"}, {"seq": "55", "n": "19888", "vap": "51", "pvap": "   0,17", "e": "N", "st": "Suplente"}, {"seq": "56", "n": "19222", "vap": "48", "pvap": "   0,16", "e": "N", "st": "Suplente"}, {"seq": "57", "n": "19444", "vap": "44", "pvap": "   0,15", "e": "N", "st": "Suplente"}, {"seq": "62", "n": "19100", "vap": "33", "pvap": "   0,11", "e": "N", "st": "Suplente"}, {"seq": "70", "n": "19211", "vap": "10", "pvap": "   0,03", "e": "N", "st": "Suplente"}, {"seq": "71", "n": "19333", "vap": "10", "pvap": "   0,03", "e": "N", "st": "Suplente"}, {"seq": "80", "n": "17123", "vap": "122", "pvap": "   0,41", "e": "N", "st": "N\u00e3o eleito"}, {"seq": "81", "n": "17019", "vap": "20", "pvap": "   0,07", "e": "N", "st": "N\u00e3o eleito"}, {"seq": "82", "n": "17777", "vap": "9", "pvap": "   0,03", "e": "N", "st": "N\u00e3o eleito"}]}]}