{"ele": "426", "carper": "13", "t": "1", "f": "O", "esae": "N", "mnae": " ", "dg": "15/11/2020", "hg": "22:39:26", "dv": "S", "nadf": "ba30830-c0013-e000426-003-f", "abr": [{"dt": "15/11/2020", "ht": "22:29:24", "tf": "S", "and": "F", "tpabr": "MU", "cdabr": "30830", "s": "53", "st": "53", "snt": "0", "si": "53", "sni": "0", "sa": "53", "sna": "0", "pst": " 100,00", "psnt": "   0,00", "psi": " 100,00", "psni": "   0,00", "psa": " 100,00", "psna": "   0,00", "e": "24053", "ea": "24053", "ena": "0", "esi": "24053", "esni": "0", "c": "19079", "a": "4974", "pea": " 100,00", "pena": "   0,00", "pesi": " 100,00", "pesni": "   0,00", "pa": "  20,68", "pc": "  79,32", "vscv": "0", "vnom": "16781", "vl": "898", "tv": "19079", "vvc": "17679", "vb": "342", "tvn": "1058", "vn": "1057", "vnt": "1", "vp": "0", "vv": "17679", "van": "0", "vansj": "0", "pvnom": "  94,92", "pvl": "   5,08", "pvvc": "  92,66", "pvb": "   1,79", "ptvn": "   5,55", "pvn": "  99,91", "pvnt": "   0,09", "pvp": "   0,00", "pvv": " 100,00", "pvan": "   0,00", "pvansj": "   0,00", "colig": [{"n": "50000145877", "tvtn": "1921", "tvan": "1922", "vag": "1", "tvtl": "110", "tval": "110"}, {"n": "50000059875", "tvtn": "5034", "tvan": "5034", "vag": "4", "tvtl": "102", "tval": "102"}, {"n": "50000059868", "tvtn": "5810", "tvan": "5810", "vag": "5", "tvtl": "396", "tval": "396"}, {"n": "50000132134", "tvtn": "3442", "tvan": "3442", "vag": "3", "tvtl": "279", "tval": "279"}, {"n": "50000101384", "tvtn": "574", "tvan": "574", "vag": "0", "tvtl": "11", "tval": "11"}], "part": [{"n": "25", "tvtn": "1921", "tvan": "1921", "tvtl": "110", "tval": "110"}, {"n": "65", "tvtn": "5034", "tvan": "5034", "tvtl": "102", "tval": "102"}, {"n": "55", "tvtn": "5810", "tvan": "5810", "tvtl": "396", "tval": "396"}, {"n": "45", "tvtn": "3442", "tvan": "3442", "tvtl": "279", "tval": "279"}, {"n": "43", "tvtn": "574", "tvan": "574", "tvtl": "11", "tval": "11"}], "cand": [{"seq": "53", "n": "25333", "vap": "32", "pvap": "   0,18", "e": "N", "st": "Suplente"}, {"seq": "39", "n": "25911", "vap": "70", "pvap": "   0,40", "e": "N", "st": "Suplente"}, {"seq": "8", "n": "25411", "vap": "645", "pvap": "   3,65", "e": "S", "st": "Eleito"}, {"seq": "69", "n": "25521", "vap": "1", "pvap": "   0,01", "e": "N", "st": "Suplente"}, {"seq": "48", "n": "25511", "vap": "43", "pvap": "   0,24", "e": "N", "st": "Suplente"}, {"seq": "49", "n": "25211", "vap": "39", "pvap": "   0,22", "e": "N", "st": "Suplente"}, {"seq": "25", "n": "25555", "vap": "204", "pvap": "   1,15", "e": "N", "st": "Suplente"}, {"seq": "64", "n": "25711", "vap": "11", "pvap": "   0,06", "e": "N", "st": "Suplente"}, {"seq": "47", "n": "25340", "vap": "46", "pvap": "   0,26", "e": "N", "st": "Suplente"}, {"seq": "54", "n": "25311", "vap": "26", "pvap": "   0,15", "e": "N", "st": "Suplente"}, {"seq": "58", "n": "25001", "vap": "18", "pvap": "   0,10", "e": "N", "st": "Suplente"}, {"seq": "66", "n": "25123", "vap": "7", "pvap": "   0,04", "e": "N", "st": "Suplente"}, {"seq": "24", "n": "25011", "vap": "217", "pvap": "   1,23", "e": "N", "st": "Suplente"}, {"seq": "18", "n": "25611", "vap": "387", "pvap": "   2,19", "e": "N", "st": "Suplente"}, {"seq": "32", "n": "25111", "vap": "120", "pvap": "   0,68", "e": "N", "st": "Suplente"}, {"seq": "51", "n": "25811", "vap": "33", "pvap": "   0,19", "e": "N", "st": "Suplente"}, {"seq": "55", "n": "25244", "vap": "22", "pvap": "   0,12", "e": "N", "st": "Suplente"}, {"seq": "67", "n": "65300", "vap": "5", "pvap": "   0,03", "e": "N", "st": "Suplente"}, {"seq": "14", "n": "65100", "vap": "550", "pvap": "   3,11", "e": "N", "st": "Suplente"}, {"seq": "34", "n": "65222", "vap": "100", "pvap": "   0,57", "e": "N", "st": "Suplente"}, {"seq": "4", "n": "65000", "vap": "846", "pvap": "   4,79", "e": "S", "st": "Eleito"}, {"seq": "11", "n": "65777", "vap": "596", "pvap": "   3,37", "e": "S", "st": "Eleito"}, {"seq": "29", "n": "65234", "vap": "137", "pvap": "   0,77", "e": "N", "st": "Suplente"}, {"seq": "42", "n": "65444", "vap": "63", "pvap": "   0,36", "e": "N", "st": "Suplente"}, {"seq": "68", "n": "65999", "vap": "2", "pvap": "   0,01", "e": "N", "st": "Suplente"}, {"seq": "50", "n": "65437", "vap": "34", "pvap": "   0,19", "e": "N", "st": "Suplente"}, {"seq": "45", "n": "65112", "vap": "54", "pvap": "   0,31", "e": "N", "st": "Suplente"}, {"seq": "15", "n": "65111", "vap": "522", "pvap": "   2,95", "e": "N", "st": "Suplente"}, {"seq": "22", "n": "65666", "vap": "230", "pvap": "   1,30", "e": "N", "st": "Suplente"}, {"seq": "10", "n": "65555", "vap": "600", "pvap": "   3,39", "e": "S", "st": "Eleito"}, {"seq": "12", "n": "65678", "vap": "562", "pvap": "   3,18", "e": "S", "st": "Eleito"}, {"seq": "17", "n": "65888", "vap": "497", "pvap": "   2,81", "e": "N", "st": "Suplente"}, {"seq": "40", "n": "65333", "vap": "70", "pvap": "   0,40", "e": "N", "st": "Suplente"}, {"seq": "33", "n": "65400", "vap": "107", "pvap": "   0,61", "e": "N", "st": "Suplente"}, {"seq": "44", "n": "65789", "vap": "59", "pvap": "   0,33", "e": "N", "st": "Suplente"}, {"seq": "43", "n": "55222", "vap": "63", "pvap": "   0,36", "e": "N", "st": "Suplente"}, {"seq": "6", "n": "55444", "vap": "690", "pvap": "   3,90", "e": "S", "st": "Eleito"}, {"seq": "2", "n": "55678", "vap": "1011", "pvap": "   5,72", "e": "S", "st": "Eleito"}, {"seq": "63", "n": "55543", "vap": "12", "pvap": "   0,07", "e": "N", "st": "Suplente"}, {"seq": "5", "n": "55123", "vap": "762", "pvap": "   4,31", "e": "S", "st": "Eleito"}, {"seq": "57", "n": "55666", "vap": "18", "pvap": "   0,10", "e": "N", "st": "Suplente"}, {"seq": "62", "n": "55888", "vap": "15", "pvap": "   0,08", "e": "N", "st": "Suplente"}, {"seq": "3", "n": "55000", "vap": "1005", "pvap": "   5,68", "e": "S", "st": "Eleito"}, {"seq": "16", "n": "55333", "vap": "501", "pvap": "   2,83", "e": "N", "st": "Suplente"}, {"seq": "28", "n": "55777", "vap": "148", "pvap": "   0,84", "e": "N", "st": "Suplente"}, {"seq": "36", "n": "55456", "vap": "84", "pvap": "   0,48", "e": "N", "st": "Suplente"}, {"seq": "1", "n": "55555", "vap": "1022", "pvap": "   5,78", "e": "S", "st": "Eleito"}, {"seq": "35", "n": "55345", "vap": "91", "pvap": "   0,51", "e": "N", "st": "Suplente"}, {"seq": "19", "n": "55111", "vap": "352", "pvap": "   1,99", "e": "N", "st": "Suplente"}, {"seq": "60", "n": "55055", "vap": "17", "pvap": "   0,10", "e": "N", "st": "Suplente"}, {"seq": "56", "n": "55321", "vap": "19", "pvap": "   0,11", "e": "N", "st": "Suplente"}, {"seq": "21", "n": "45615", "vap": "306", "pvap": "   1,73", "e": "N", "st": "Suplente"}, {"seq": "9", "n": "45555", "vap": "603", "pvap": "   3,41", "e": "S", "st": "Eleito"}, {"seq": "38", "n": "45321", "vap": "78", "pvap": "   0,44", "e": "N", "st": "Suplente"}, {"seq": "59", "n": "45888", "vap": "17", "pvap": "   0,10", "e": "N", "st": "Suplente"}, {"seq": "23", "n": "45000", "vap": "224", "pvap": "   1,27", "e": "N", "st": "Suplente"}, {"seq": "27", "n": "45225", "vap": "170", "pvap": "   0,96", "e": "N", "st": "Suplente"}, {"seq": "46", "n": "45234", "vap": "49", "pvap": "   0,28", "e": "N", "st": "Suplente"}, {"seq": "7", "n": "45222", "vap": "661", "pvap": "   3,74", "e": "S", "st": "Eleito"}, {"seq": "37", "n": "45619", "vap": "81", "pvap": "   0,46", "e": "N", "st": "Suplente"}, {"seq": "26", "n": "45678", "vap": "173", "pvap": "   0,98", "e": "N", "st": "Suplente"}, {"seq": "31", "n": "45777", "vap": "123", "pvap": "   0,70", "e": "N", "st": "Suplente"}, {"seq": "20", "n": "45123", "vap": "340", "pvap": "   1,92", "e": "N", "st": "Suplente"}, {"seq": "41", "n": "45202", "vap": "68", "pvap": "   0,38", "e": "N", "st": "Suplente"}, {"seq": "65", "n": "45444", "vap": "11", "pvap": "   0,06", "e": "N", "st": "Suplente"}, {"seq": "52", "n": "45333", "vap": "32", "pvap": "   0,18", "e": "N", "st": "Suplente"}, {"seq": "30", "n": "45450", "vap": "128", "pvap": "   0,72", "e": "N", "st": "Suplente"}, {"seq": "13", "n": "45111", "vap": "362", "pvap": "   2,05", "e": "S", "st": "Eleito"}, {"seq": "61", "n": "45255", "vap": "16", "pvap": "   0,09", "e": "N", "st": "Suplente"}, {"seq": "74", "n": "43678", "vap": "36", "pvap": "   0,20", "e": "N", "st": "N\u00e3o eleito"}, {"seq": "77", "n": "43444", "vap": "3", "pvap": "   0,02", "e": "N", "st": "N\u00e3o eleito"}, {"seq": "73", "n": "43555", "vap": "61", "pvap": "   0,35", "e": "N", "st": "N\u00e3o eleito"}, {"seq": "76", "n": "43333", "vap": "9", "pvap": "   0,05", "e": "N", "st": "N\u00e3o eleito"}, {"seq": "72", "n": "43999", "vap": "74", "pvap": "   0,42", "e": "N", "st": "N\u00e3o eleito"}, {"seq": "75", "n": "43222", "vap": "34", "pvap": "   0,19", "e": "N", "st": "N\u00e3o eleito"}, {"seq": "70", "n": "43123", "vap": "199", "pvap": "   1,13", "e": "N", "st": "N\u00e3o eleito"}, {"seq": "71", "n": "43111", "vap": "158", "pvap": "   0,89", "e": "N", "st": "N\u00e3o eleito"}]}, {"dt": "15/11/2020", "ht": "22:29:24", "tf": "S", "and": "F", "tpabr": "ZONA", "cdabr": "191", "s": "53", "st": "53", "snt": "0", "si": "53", "sni": "0", "sa": "53", "sna": "0", "pst": " 100,00", "psnt": "   0,00", "psi": " 100,00", "psni": "   0,00", "psa": " 100,00", "psna": "   0,00", "e": "24053", "ea": "24053", "ena": "0", "esi": "24053", "esni": "0", "a": "4974", "c": "19079", "pea": " 100,00", "pena": "   0,00", "pesi": " 100,00", "pesni": "   0,00", "pa": "  20,68", "pc": "  79,32", "vnom": "16781", "vscv": "0", "vl": "898", "tv": "19079", "vvc": "17679", "vb": "342", "tvn": "1058", "vn": "1057", "vnt": "1", "vp": "0", "vv": "17679", "van": "0", "vansj": "0", "pvnom": "  94,92", "pvl": "   5,08", "pvvc": "  92,66", "pvb": "   1,79", "ptvn": "   5,55", "pvn": "  99,91", "pvnt": "   0,09", "pvp": "   0,00", "pvv": " 100,00", "pvan": "   0,00", "pvansj": "   0,00", "cand": [{"seq": "70", "n": "43123", "vap": "199", "pvap": "   1,13", "e": "N", "st": "N\u00e3o eleito"}, {"seq": "71", "n": "43111", "vap": "158", "pvap": "   0,89", "e": "N", "st": "N\u00e3o eleito"}, {"seq": "72", "n": "43999", "vap": "74", "pvap": "   0,42", "e": "N", "st": "N\u00e3o eleito"}, {"seq": "73", "n": "43555", "vap": "61", "pvap": "   0,35", "e": "N", "st": "N\u00e3o eleito"}, {"seq": "74", "n": "43678", "vap": "36", "pvap": "   0,20", "e": "N", "st": "N\u00e3o eleito"}, {"seq": "75", "n": "43222", "vap": "34", "pvap": "   0,19", "e": "N", "st": "N\u00e3o eleito"}, {"seq": "76", "n": "43333", "vap": "9", "pvap": "   0,05", "e": "N", "st": "N\u00e3o eleito"}, {"seq": "77", "n": "43444", "vap": "3", "pvap": "   0,02", "e": "N", "st": "N\u00e3o eleito"}, {"seq": "1", "n": "55555", "vap": "1022", "pvap": "   5,78", "e": "S", "st": "Eleito"}, {"seq": "2", "n": "55678", "vap": "1011", "pvap": "   5,72", "e": "S", "st": "Eleito"}, {"seq": "3", "n": "55000", "vap": "1005", "pvap": "   5,68", "e": "S", "st": "Eleito"}, {"seq": "5", "n": "55123", "vap": "762", "pvap": "   4,31", "e": "S", "st": "Eleito"}, {"seq": "6", "n": "55444", "vap": "690", "pvap": "   3,90", "e": "S", "st": "Eleito"}, {"seq": "16", "n": "55333", "vap": "501", "pvap": "   2,83", "e": "N", "st": "Suplente"}, {"seq": "19", "n": "55111", "vap": "352", "pvap": "   1,99", "e": "N", "st": "Suplente"}, {"seq": "28", "n": "55777", "vap": "148", "pvap": "   0,84", "e": "N", "st": "Suplente"}, {"seq": "35", "n": "55345", "vap": "91", "pvap": "   0,51", "e": "N", "st": "Suplente"}, {"seq": "36", "n": "55456", "vap": "84", "pvap": "   0,48", "e": "N", "st": "Suplente"}, {"seq": "43", "n": "55222", "vap": "63", "pvap": "   0,36", "e": "N", "st": "Suplente"}, {"seq": "56", "n": "55321", "vap": "19", "pvap": "   0,11", "e": "N", "st": "Suplente"}, {"seq": "57", "n": "55666", "vap": "18", "pvap": "   0,10", "e": "N", "st": "Suplente"}, {"seq": "60", "n": "55055", "vap": "17", "pvap": "   0,10", "e": "N", "st": "Suplente"}, {"seq": "62", "n": "55888", "vap": "15", "pvap": "   0,08", "e": "N", "st": "Suplente"}, {"seq": "63", "n": "55543", "vap": "12", "pvap": "   0,07", "e": "N", "st": "Suplente"}, {"seq": "7", "n": "45222", "vap": "661", "pvap": "   3,74", "e": "S", "st": "Eleito"}, {"seq": "9", "n": "45555", "vap": "603", "pvap": "   3,41", "e": "S", "st": "Eleito"}, {"seq": "13", "n": "45111", "vap": "362", "pvap": "   2,05", "e": "S", "st": "Eleito"}, {"seq": "20", "n": "45123", "vap": "340", "pvap": "   1,92", "e": "N", "st": "Suplente"}, {"seq": "21", "n": "45615", "vap": "306", "pvap": "   1,73", "e": "N", "st": "Suplente"}, {"seq": "23", "n": "45000", "vap": "224", "pvap": "   1,27", "e": "N", "st": "Suplente"}, {"seq": "26", "n": "45678", "vap": "173", "pvap": "   0,98", "e": "N", "st": "Suplente"}, {"seq": "27", "n": "45225", "vap": "170", "pvap": "   0,96", "e": "N", "st": "Suplente"}, {"seq": "30", "n": "45450", "vap": "128", "pvap": "   0,72", "e": "N", "st": "Suplente"}, {"seq": "31", "n": "45777", "vap": "123", "pvap": "   0,70", "e": "N", "st": "Suplente"}, {"seq": "37", "n": "45619", "vap": "81", "pvap": "   0,46", "e": "N", "st": "Suplente"}, {"seq": "38", "n": "45321", "vap": "78", "pvap": "   0,44", "e": "N", "st": "Suplente"}, {"seq": "41", "n": "45202", "vap": "68", "pvap": "   0,38", "e": "N", "st": "Suplente"}, {"seq": "46", "n": "45234", "vap": "49", "pvap": "   0,28", "e": "N", "st": "Suplente"}, {"seq": "52", "n": "45333", "vap": "32", "pvap": "   0,18", "e": "N", "st": "Suplente"}, {"seq": "59", "n": "45888", "vap": "17", "pvap": "   0,10", "e": "N", "st": "Suplente"}, {"seq": "61", "n": "45255", "vap": "16", "pvap": "   0,09", "e": "N", "st": "Suplente"}, {"seq": "65", "n": "45444", "vap": "11", "pvap": "   0,06", "e": "N", "st": "Suplente"}, {"seq": "4", "n": "65000", "vap": "846", "pvap": "   4,79", "e": "S", "st": "Eleito"}, {"seq": "10", "n": "65555", "vap": "600", "pvap": "   3,39", "e": "S", "st": "Eleito"}, {"seq": "11", "n": "65777", "vap": "596", "pvap": "   3,37", "e": "S", "st": "Eleito"}, {"seq": "12", "n": "65678", "vap": "562", "pvap": "   3,18", "e": "S", "st": "Eleito"}, {"seq": "14", "n": "65100", "vap": "550", "pvap": "   3,11", "e": "N", "st": "Suplente"}, {"seq": "15", "n": "65111", "vap": "522", "pvap": "   2,95", "e": "N", "st": "Suplente"}, {"seq": "17", "n": "65888", "vap": "497", "pvap": "   2,81", "e": "N", "st": "Suplente"}, {"seq": "22", "n": "65666", "vap": "230", "pvap": "   1,30", "e": "N", "st": "Suplente"}, {"seq": "29", "n": "65234", "vap": "137", "pvap": "   0,77", "e": "N", "st": "Suplente"}, {"seq": "33", "n": "65400", "vap": "107", "pvap": "   0,61", "e": "N", "st": "Suplente"}, {"seq": "34", "n": "65222", "vap": "100", "pvap": "   0,57", "e": "N", "st": "Suplente"}, {"seq": "40", "n": "65333", "vap": "70", "pvap": "   0,40", "e": "N", "st": "Suplente"}, {"seq": "42", "n": "65444", "vap": "63", "pvap": "   0,36", "e": "N", "st": "Suplente"}, {"seq": "44", "n": "65789", "vap": "59", "pvap": "   0,33", "e": "N", "st": "Suplente"}, {"seq": "45", "n": "65112", "vap": "54", "pvap": "   0,31", "e": "N", "st": "Suplente"}, {"seq": "50", "n": "65437", "vap": "34", "pvap": "   0,19", "e": "N", "st": "Suplente"}, {"seq": "67", "n": "65300", "vap": "5", "pvap": "   0,03", "e": "N", "st": "Suplente"}, {"seq": "68", "n": "65999", "vap": "2", "pvap": "   0,01", "e": "N", "st": "Suplente"}, {"seq": "8", "n": "25411", "vap": "645", "pvap": "   3,65", "e": "S", "st": "Eleito"}, {"seq": "18", "n": "25611", "vap": "387", "pvap": "   2,19", "e": "N", "st": "Suplente"}, {"seq": "24", "n": "25011", "vap": "217", "pvap": "   1,23", "e": "N", "st": "Suplente"}, {"seq": "25", "n": "25555", "vap": "204", "pvap": "   1,15", "e": "N", "st": "Suplente"}, {"seq": "32", "n": "25111", "vap": "120", "pvap": "   0,68", "e": "N", "st": "Suplente"}, {"seq": "39", "n": "25911", "vap": "70", "pvap": "   0,40", "e": "N", "st": "Suplente"}, {"seq": "47", "n": "25340", "vap": "46", "pvap": "   0,26", "e": "N", "st": "Suplente"}, {"seq": "48", "n": "25511", "vap": "43", "pvap": "   0,24", "e": "N", "st": "Suplente"}, {"seq": "49", "n": "25211", "vap": "39", "pvap": "   0,22", "e": "N", "st": "Suplente"}, {"seq": "51", "n": "25811", "vap": "33", "pvap": "   0,19", "e": "N", "st": "Suplente"}, {"seq": "53", "n": "25333", "vap": "32", "pvap": "   0,18", "e": "N", "st": "Suplente"}, {"seq": "54", "n": "25311", "vap": "26", "pvap": "   0,15", "e": "N", "st": "Suplente"}, {"seq": "55", "n": "25244", "vap": "22", "pvap": "   0,12", "e": "N", "st": "Suplente"}, {"seq": "58", "n": "25001", "vap": "18", "pvap": "   0,10", "e": "N", "st": "Suplente"}, {"seq": "64", "n": "25711", "vap": "11", "pvap": "   0,06", "e": "N", "st": "Suplente"}, {"seq": "66", "n": "25123", "vap": "7", "pvap": "   0,04", "e": "N", "st": "Suplente"}, {"seq": "69", "n": "25521", "vap": "1", "pvap": "   0,01", "e": "N", "st": "Suplente"}]}]}