{"ele": "426", "carper": "13", "t": "1", "f": "O", "esae": "N", "mnae": " ", "dg": "15/11/2020", "hg": "22:39:27", "dv": "S", "nadf": "ba33014-c0013-e000426-002-f", "abr": [{"dt": "15/11/2020", "ht": "22:13:21", "tf": "S", "and": "F", "tpabr": "MU", "cdabr": "33014", "s": "27", "st": "27", "snt": "0", "si": "27", "sni": "0", "sa": "27", "sna": "0", "pst": " 100,00", "psnt": "   0,00", "psi": " 100,00", "psni": "   0,00", "psa": " 100,00", "psna": "   0,00", "e": "7118", "ea": "7118", "ena": "0", "esi": "7118", "esni": "0", "c": "5724", "a": "1394", "pea": " 100,00", "pena": "   0,00", "pesi": " 100,00", "pesni": "   0,00", "pa": "  19,58", "pc": "  80,42", "vscv": "0", "vnom": "4884", "vl": "348", "tv": "5724", "vvc": "5318", "vb": "49", "tvn": "357", "vn": "357", "vnt": "0", "vp": "0", "vv": "5232", "van": "0", "vansj": "86", "pvnom": "  93,35", "pvl": "   6,65", "pvvc": "  92,91", "pvb": "   0,85", "ptvn": "   6,24", "pvn": " 100,00", "pvnt": "   0,00", "pvp": "   0,00", "pvv": "  98,38", "pvan": "   0,00", "pvansj": "   1,62", "colig": [{"n": "50000085971", "tvtn": "2994", "tvan": "2994", "vag": "6", "tvtl": "213", "tval": "213"}, {"n": "50000064835", "tvtn": "1890", "tvan": "1976", "vag": "3", "tvtl": "135", "tval": "135"}], "part": [{"n": "25", "tvtn": "2994", "tvan": "2994", "tvtl": "213", "tval": "213"}, {"n": "40", "tvtn": "1890", "tvan": "1976", "tvtl": "135", "tval": "135"}], "cand": [{"seq": "8", "n": "25777", "vap": "259", "pvap": "   4,87", "e": "S", "st": "Eleito"}, {"seq": "19", "n": "25666", "vap": "20", "pvap": "   0,38", "e": "N", "st": "Suplente"}, {"seq": "18", "n": "25999", "vap": "37", "pvap": "   0,70", "e": "N", "st": "Suplente"}, {"seq": "3", "n": "25111", "vap": "447", "pvap": "   8,41", "e": "S", "st": "Eleito"}, {"seq": "17", "n": "25222", "vap": "41", "pvap": "   0,77", "e": "N", "st": "Suplente"}, {"seq": "10", "n": "25444", "vap": "256", "pvap": "   4,81", "e": "N", "st": "Suplente"}, {"seq": "12", "n": "25123", "vap": "200", "pvap": "   3,76", "e": "N", "st": "Suplente"}, {"seq": "1", "n": "25555", "vap": "727", "pvap": "  13,67", "e": "S", "st": "Eleito"}, {"seq": "15", "n": "25000", "vap": "106", "pvap": "   1,99", "e": "N", "st": "Suplente"}, {"seq": "7", "n": "25888", "vap": "260", "pvap": "   4,89", "e": "S", "st": "Eleito"}, {"seq": "6", "n": "25789", "vap": "296", "pvap": "   5,57", "e": "S", "st": "Eleito"}, {"seq": "5", "n": "25369", "vap": "345", "pvap": "   6,49", "e": "S", "st": "Eleito"}, {"seq": "20", "n": "40400", "vap": "6", "pvap": "   0,11", "e": "N", "st": "Suplente"}, {"seq": "14", "n": "40444", "vap": "191", "pvap": "   3,59", "e": "N", "st": "Suplente"}, {"seq": "9", "n": "40999", "vap": "254", "pvap": "   4,78", "e": "S", "st": "Eleito"}, {"seq": "2", "n": "40000", "vap": "558", "pvap": "  10,49", "e": "S", "st": "Eleito"}, {"seq": "21", "n": "40222", "vap": "86", "pvap": "   1,62", "e": "N", "st": "N\u00e3o eleito"}, {"seq": "11", "n": "40555", "vap": "227", "pvap": "   4,27", "e": "N", "st": "Suplente"}, {"seq": "4", "n": "40111", "vap": "394", "pvap": "   7,41", "e": "S", "st": "Eleito"}, {"seq": "13", "n": "40123", "vap": "199", "pvap": "   3,74", "e": "N", "st": "Suplente"}, {"seq": "16", "n": "40333", "vap": "61", "pvap": "   1,15", "e": "N", "st": "Suplente"}]}, {"dt": "15/11/2020", "ht": "22:13:21", "tf": "S", "and": "F", "tpabr": "ZONA", "cdabr": "105", "s": "27", "st": "27", "snt": "0", "si": "27", "sni": "0", "sa": "27", "sna": "0", "pst": " 100,00", "psnt": "   0,00", "psi": " 100,00", "psni": "   0,00", "psa": " 100,00", "psna": "   0,00", "e": "7118", "ea": "7118", "ena": "0", "esi": "7118", "esni": "0", "a": "1394", "c": "5724", "pea": " 100,00", "pena": "   0,00", "pesi": " 100,00", "pesni": "   0,00", "pa": "  19,58", "pc": "  80,42", "vnom": "4884", "vscv": "0", "vl": "348", "tv": "5724", "vvc": "5318", "vb": "49", "tvn": "357", "vn": "357", "vnt": "0", "vp": "0", "vv": "5232", "van": "0", "vansj": "86", "pvnom": "  93,35", "pvl": "   6,65", "pvvc": "  92,91", "pvb": "   0,85", "ptvn": "   6,24", "pvn": " 100,00", "pvnt": "   0,00", "pvp": "   0,00", "pvv": "  98,38", "pvan": "   0,00", "pvansj": "   1,62", "cand": [{"seq": "1", "n": "25555", "vap": "727", "pvap": "  13,67", "e": "S", "st": "Eleito"}, {"seq": "3", "n": "25111", "vap": "447", "pvap": "   8,41", "e": "S", "st": "Eleito"}, {"seq": "5", "n": "25369", "vap": "345", "pvap": "   6,49", "e": "S", "st": "Eleito"}, {"seq": "6", "n": "25789", "vap": "296", "pvap": "   5,57", "e": "S", "st": "Eleito"}, {"seq": "7", "n": "25888", "vap": "260", "pvap": "   4,89", "e": "S", "st": "Eleito"}, {"seq": "8", "n": "25777", "vap": "259", "pvap": "   4,87", "e": "S", "st": "Eleito"}, {"seq": "10", "n": "25444", "vap": "256", "pvap": "   4,81", "e": "N", "st": "Suplente"}, {"seq": "12", "n": "25123", "vap": "200", "pvap": "   3,76", "e": "N", "st": "Suplente"}, {"seq": "15", "n": "25000", "vap": "106", "pvap": "   1,99", "e": "N", "st": "Suplente"}, {"seq": "17", "n": "25222", "vap": "41", "pvap": "   0,77", "e": "N", "st": "Suplente"}, {"seq": "18", "n": "25999", "vap": "37", "pvap": "   0,70", "e": "N", "st": "Suplente"}, {"seq": "19", "n": "25666", "vap": "20", "pvap": "   0,38", "e": "N", "st": "Suplente"}, {"seq": "2", "n": "40000", "vap": "558", "pvap": "  10,49", "e": "S", "st": "Eleito"}, {"seq": "4", "n": "40111", "vap": "394", "pvap": "   7,41", "e": "S", "st": "Eleito"}, {"seq": "9", "n": "40999", "vap": "254", "pvap": "   4,78", "e": "S", "st": "Eleito"}, {"seq": "11", "n": "40555", "vap": "227", "pvap": "   4,27", "e": "N", "st": "Suplente"}, {"seq": "13", "n": "40123", "vap": "199", "pvap": "   3,74", "e": "N", "st": "Suplente"}, {"seq": "14", "n": "40444", "vap": "191", "pvap": "   3,59", "e": "N", "st": "Suplente"}, {"seq": "16", "n": "40333", "vap": "61", "pvap": "   1,15", "e": "N", "st": "Suplente"}, {"seq": "20", "n": "40400", "vap": "6", "pvap": "   0,11", "e": "N", "st": "Suplente"}, {"seq": "21", "n": "40222", "vap": "86", "pvap": "   1,62", "e": "N", "st": "N\u00e3o eleito"}]}]}