{"ele": "426", "carper": "13", "t": "1", "f": "O", "esae": "N", "mnae": " ", "dg": "15/11/2020", "hg": "22:39:42", "dv": "S", "nadf": "ba36374-c0013-e000426-002-f", "abr": [{"dt": "15/11/2020", "ht": "22:21:30", "tf": "S", "and": "F", "tpabr": "MU", "cdabr": "36374", "s": "36", "st": "36", "snt": "0", "si": "36", "sni": "0", "sa": "36", "sna": "0", "pst": " 100,00", "psnt": "   0,00", "psi": " 100,00", "psni": "   0,00", "psa": " 100,00", "psna": "   0,00", "e": "14150", "ea": "14150", "ena": "0", "esi": "14150", "esni": "0", "c": "11189", "a": "2961", "pea": " 100,00", "pena": "   0,00", "pesi": " 100,00", "pesni": "   0,00", "pa": "  20,93", "pc": "  79,07", "vscv": "0", "vnom": "10052", "vl": "711", "tv": "11189", "vvc": "10763", "vb": "110", "tvn": "316", "vn": "316", "vnt": "0", "vp": "0", "vv": "10763", "van": "0", "vansj": "0", "pvnom": "  93,39", "pvl": "   6,61", "pvvc": "  96,19", "pvb": "   0,99", "ptvn": "   2,82", "pvn": " 100,00", "pvnt": "   0,00", "pvp": "   0,00", "pvv": " 100,00", "pvan": "   0,00", "pvansj": "   0,00", "colig": [{"n": "50000153750", "tvtn": "746", "tvan": "746", "vag": "1", "tvtl": "31", "tval": "31"}, {"n": "50000132918", "tvtn": "535", "tvan": "535", "vag": "0", "tvtl": "13", "tval": "13"}, {"n": "50000132619", "tvtn": "547", "tvan": "547", "vag": "0", "tvtl": "9", "tval": "9"}, {"n": "50000148492", "tvtn": "1161", "tvan": "1161", "vag": "2", "tvtl": "191", "tval": "191"}, {"n": "50000148499", "tvtn": "2277", "tvan": "2277", "vag": "3", "tvtl": "55", "tval": "55"}, {"n": "50000132776", "tvtn": "1902", "tvan": "1902", "vag": "2", "tvtl": "124", "tval": "124"}, {"n": "50000055685", "tvtn": "1157", "tvan": "1157", "vag": "1", "tvtl": "59", "tval": "59"}, {"n": "50000055695", "tvtn": "1727", "tvan": "1727", "vag": "2", "tvtl": "229", "tval": "229"}], "part": [{"n": "13", "tvtn": "746", "tvan": "746", "tvtl": "31", "tval": "31"}, {"n": "70", "tvtn": "535", "tvan": "535", "tvtl": "13", "tval": "13"}, {"n": "10", "tvtn": "547", "tvan": "547", "tvtl": "9", "tval": "9"}, {"n": "25", "tvtn": "1161", "tvan": "1161", "tvtl": "191", "tval": "191"}, {"n": "15", "tvtn": "2277", "tvan": "2277", "tvtl": "55", "tval": "55"}, {"n": "11", "tvtn": "1902", "tvan": "1902", "tvtl": "124", "tval": "124"}, {"n": "22", "tvtn": "1157", "tvan": "1157", "tvtl": "59", "tval": "59"}, {"n": "55", "tvtn": "1727", "tvan": "1727", "tvtl": "229", "tval": "229"}], "cand": [{"seq": "38", "n": "13888", "vap": "66", "pvap": "   0,61", "e": "N", "st": "Suplente"}, {"seq": "77", "n": "13123", "vap": "12", "pvap": "   0,11", "e": "N", "st": "Suplente"}, {"seq": "63", "n": "13999", "vap": "26", "pvap": "   0,24", "e": "N", "st": "Suplente"}, {"seq": "88", "n": "13753", "vap": "1", "pvap": "   0,01", "e": "N", "st": "Suplente"}, {"seq": "57", "n": "13234", "vap": "31", "pvap": "   0,29", "e": "N", "st": "Suplente"}, {"seq": "81", "n": "13777", "vap": "9", "pvap": "   0,08", "e": "N", "st": "Suplente"}, {"seq": "44", "n": "13555", "vap": "47", "pvap": "   0,44", "e": "N", "st": "Suplente"}, {"seq": "55", "n": "13333", "vap": "32", "pvap": "   0,30", "e": "N", "st": "Suplente"}, {"seq": "29", "n": "13666", "vap": "118", "pvap": "   1,10", "e": "N", "st": "Suplente"}, {"seq": "32", "n": "13444", "vap": "100", "pvap": "   0,93", "e": "N", "st": "Suplente"}, {"seq": "11", "n": "13222", "vap": "198", "pvap": "   1,84", "e": "S", "st": "Eleito"}, {"seq": "59", "n": "13456", "vap": "27", "pvap": "   0,25", "e": "N", "st": "Suplente"}, {"seq": "86", "n": "13678", "vap": "2", "pvap": "   0,02", "e": "N", "st": "Suplente"}, {"seq": "68", "n": "13000", "vap": "17", "pvap": "   0,16", "e": "N", "st": "Suplente"}, {"seq": "40", "n": "13111", "vap": "60", "pvap": "   0,56", "e": "N", "st": "Suplente"}, {"seq": "90", "n": "13741", "vap": "0", "pvap": "00.00", "e": "N", "st": "Suplente"}, {"seq": "97", "n": "70123", "vap": "48", "pvap": "   0,45", "e": "N", "st": "N\u00e3o eleito"}, {"seq": "92", "n": "70852", "vap": "108", "pvap": "   1,00", "e": "N", "st": "N\u00e3o eleito"}, {"seq": "103", "n": "70111", "vap": "19", "pvap": "   0,18", "e": "N", "st": "N\u00e3o eleito"}, {"seq": "104", "n": "70777", "vap": "17", "pvap": "   0,16", "e": "N", "st": "N\u00e3o eleito"}, {"seq": "113", "n": "70456", "vap": "6", "pvap": "   0,06", "e": "N", "st": "N\u00e3o eleito"}, {"seq": "101", "n": "70222", "vap": "30", "pvap": "   0,28", "e": "N", "st": "N\u00e3o eleito"}, {"seq": "96", "n": "70788", "vap": "50", "pvap": "   0,46", "e": "N", "st": "N\u00e3o eleito"}, {"seq": "102", "n": "70444", "vap": "22", "pvap": "   0,20", "e": "N", "st": "N\u00e3o eleito"}, {"seq": "107", "n": "70555", "vap": "15", "pvap": "   0,14", "e": "N", "st": "N\u00e3o eleito"}, {"seq": "100", "n": "70888", "vap": "31", "pvap": "   0,29", "e": "N", "st": "N\u00e3o eleito"}, {"seq": "117", "n": "70333", "vap": "2", "pvap": "   0,02", "e": "N", "st": "N\u00e3o eleito"}, {"seq": "121", "n": "70678", "vap": "0", "pvap": "00.00", "e": "N", "st": "N\u00e3o eleito"}, {"seq": "112", "n": "70800", "vap": "9", "pvap": "   0,08", "e": "N", "st": "N\u00e3o eleito"}, {"seq": "93", "n": "70000", "vap": "97", "pvap": "   0,90", "e": "N", "st": "N\u00e3o eleito"}, {"seq": "94", "n": "70999", "vap": "81", "pvap": "   0,75", "e": "N", "st": "N\u00e3o eleito"}, {"seq": "120", "n": "70321", "vap": "0", "pvap": "00.00", "e": "N", "st": "N\u00e3o eleito"}, {"seq": "108", "n": "10233", "vap": "14", "pvap": "   0,13", "e": "N", "st": "N\u00e3o eleito"}, {"seq": "95", "n": "10555", "vap": "65", "pvap": "   0,60", "e": "N", "st": "N\u00e3o eleito"}, {"seq": "98", "n": "10123", "vap": "44", "pvap": "   0,41", "e": "N", "st": "N\u00e3o eleito"}, {"seq": "115", "n": "10333", "vap": "6", "pvap": "   0,06", "e": "N", "st": "N\u00e3o eleito"}, {"seq": "106", "n": "10111", "vap": "15", "pvap": "   0,14", "e": "N", "st": "N\u00e3o eleito"}, {"seq": "109", "n": "10800", "vap": "14", "pvap": "   0,13", "e": "N", "st": "N\u00e3o eleito"}, {"seq": "110", "n": "10888", "vap": "12", "pvap": "   0,11", "e": "N", "st": "N\u00e3o eleito"}, {"seq": "119", "n": "10567", "vap": "1", "pvap": "   0,01", "e": "N", "st": "N\u00e3o eleito"}, {"seq": "111", "n": "10777", "vap": "11", "pvap": "   0,10", "e": "N", "st": "N\u00e3o eleito"}, {"seq": "114", "n": "10222", "vap": "6", "pvap": "   0,06", "e": "N", "st": "N\u00e3o eleito"}, {"seq": "118", "n": "10999", "vap": "2", "pvap": "   0,02", "e": "N", "st": "N\u00e3o eleito"}, {"seq": "105", "n": "10444", "vap": "17", "pvap": "   0,16", "e": "N", "st": "N\u00e3o eleito"}, {"seq": "116", "n": "10234", "vap": "4", "pvap": "   0,04", "e": "N", "st": "N\u00e3o eleito"}, {"seq": "91", "n": "10000", "vap": "303", "pvap": "   2,82", "e": "N", "st": "N\u00e3o eleito"}, {"seq": "99", "n": "10789", "vap": "33", "pvap": "   0,31", "e": "N", "st": "N\u00e3o eleito"}, {"seq": "61", "n": "25777", "vap": "27", "pvap": "   0,25", "e": "N", "st": "Suplente"}, {"seq": "28", "n": "25888", "vap": "123", "pvap": "   1,14", "e": "N", "st": "Suplente"}, {"seq": "47", "n": "25123", "vap": "44", "pvap": "   0,41", "e": "N", "st": "Suplente"}, {"seq": "66", "n": "25111", "vap": "22", "pvap": "   0,20", "e": "N", "st": "Suplente"}, {"seq": "85", "n": "25234", "vap": "2", "pvap": "   0,02", "e": "N", "st": "Suplente"}, {"seq": "64", "n": "25333", "vap": "24", "pvap": "   0,22", "e": "N", "st": "Suplente"}, {"seq": "9", "n": "25222", "vap": "293", "pvap": "   2,72", "e": "S", "st": "Eleito"}, {"seq": "46", "n": "25000", "vap": "45", "pvap": "   0,42", "e": "N", "st": "Suplente"}, {"seq": "37", "n": "25999", "vap": "74", "pvap": "   0,69", "e": "N", "st": "Suplente"}, {"seq": "76", "n": "25255", "vap": "12", "pvap": "   0,11", "e": "N", "st": "Suplente"}, {"seq": "22", "n": "25666", "vap": "157", "pvap": "   1,46", "e": "N", "st": "Suplente"}, {"seq": "62", "n": "25252", "vap": "27", "pvap": "   0,25", "e": "N", "st": "Suplente"}, {"seq": "7", "n": "25555", "vap": "311", "pvap": "   2,89", "e": "S", "st": "Eleito"}, {"seq": "87", "n": "15155", "vap": "2", "pvap": "   0,02", "e": "N", "st": "Suplente"}, {"seq": "89", "n": "15151", "vap": "1", "pvap": "   0,01", "e": "N", "st": "Suplente"}, {"seq": "2", "n": "15888", "vap": "480", "pvap": "   4,46", "e": "S", "st": "Eleito"}, {"seq": "54", "n": "15154", "vap": "33", "pvap": "   0,31", "e": "N", "st": "Suplente"}, {"seq": "12", "n": "15333", "vap": "285", "pvap": "   2,65", "e": "N", "st": "Suplente"}, {"seq": "35", "n": "15999", "vap": "86", "pvap": "   0,80", "e": "N", "st": "Suplente"}, {"seq": "34", "n": "15444", "vap": "94", "pvap": "   0,87", "e": "N", "st": "Suplente"}, {"seq": "17", "n": "15000", "vap": "196", "pvap": "   1,82", "e": "N", "st": "Suplente"}, {"seq": "26", "n": "15123", "vap": "124", "pvap": "   1,15", "e": "N", "st": "Suplente"}, {"seq": "80", "n": "15222", "vap": "9", "pvap": "   0,08", "e": "N", "st": "Suplente"}, {"seq": "4", "n": "15555", "vap": "367", "pvap": "   3,41", "e": "S", "st": "Eleito"}, {"seq": "5", "n": "15111", "vap": "360", "pvap": "   3,34", "e": "S", "st": "Eleito"}, {"seq": "13", "n": "15777", "vap": "240", "pvap": "   2,23", "e": "N", "st": "Suplente"}, {"seq": "30", "n": "11333", "vap": "106", "pvap": "   0,98", "e": "N", "st": "Suplente"}, {"seq": "83", "n": "11963", "vap": "7", "pvap": "   0,07", "e": "N", "st": "Suplente"}, {"seq": "18", "n": "11111", "vap": "192", "pvap": "   1,78", "e": "N", "st": "Suplente"}, {"seq": "14", "n": "11222", "vap": "213", "pvap": "   1,98", "e": "N", "st": "Suplente"}, {"seq": "75", "n": "11888", "vap": "14", "pvap": "   0,13", "e": "N", "st": "Suplente"}, {"seq": "67", "n": "11580", "vap": "22", "pvap": "   0,20", "e": "N", "st": "Suplente"}, {"seq": "31", "n": "11555", "vap": "102", "pvap": "   0,95", "e": "N", "st": "Suplente"}, {"seq": "25", "n": "11777", "vap": "128", "pvap": "   1,19", "e": "N", "st": "Suplente"}, {"seq": "3", "n": "11114", "vap": "398", "pvap": "   3,70", "e": "S", "st": "Eleito"}, {"seq": "84", "n": "11789", "vap": "6", "pvap": "   0,06", "e": "N", "st": "Suplente"}, {"seq": "51", "n": "11999", "vap": "37", "pvap": "   0,34", "e": "N", "st": "Suplente"}, {"seq": "42", "n": "11456", "vap": "53", "pvap": "   0,49", "e": "N", "st": "Suplente"}, {"seq": "27", "n": "11444", "vap": "124", "pvap": "   1,15", "e": "N", "st": "Suplente"}, {"seq": "69", "n": "11567", "vap": "17", "pvap": "   0,16", "e": "N", "st": "Suplente"}, {"seq": "33", "n": "11255", "vap": "95", "pvap": "   0,88", "e": "N", "st": "Suplente"}, {"seq": "10", "n": "11234", "vap": "241", "pvap": "   2,24", "e": "S", "st": "Eleito"}, {"seq": "23", "n": "11000", "vap": "147", "pvap": "   1,37", "e": "N", "st": "Suplente"}, {"seq": "79", "n": "22500", "vap": "10", "pvap": "   0,09", "e": "N", "st": "Suplente"}, {"seq": "41", "n": "22888", "vap": "58", "pvap": "   0,54", "e": "N", "st": "Suplente"}, {"seq": "50", "n": "22022", "vap": "37", "pvap": "   0,34", "e": "N", "st": "Suplente"}, {"seq": "48", "n": "22999", "vap": "40", "pvap": "   0,37", "e": "N", "st": "Suplente"}, {"seq": "74", "n": "22777", "vap": "14", "pvap": "   0,13", "e": "N", "st": "Suplente"}, {"seq": "60", "n": "22555", "vap": "27", "pvap": "   0,25", "e": "N", "st": "Suplente"}, {"seq": "71", "n": "22444", "vap": "17", "pvap": "   0,16", "e": "N", "st": "Suplente"}, {"seq": "65", "n": "22200", "vap": "23", "pvap": "   0,21", "e": "N", "st": "Suplente"}, {"seq": "82", "n": "22456", "vap": "9", "pvap": "   0,08", "e": "N", "st": "Suplente"}, {"seq": "70", "n": "22666", "vap": "17", "pvap": "   0,16", "e": "N", "st": "Suplente"}, {"seq": "24", "n": "22123", "vap": "135", "pvap": "   1,25", "e": "N", "st": "Suplente"}, {"seq": "43", "n": "22000", "vap": "51", "pvap": "   0,47", "e": "N", "st": "Suplente"}, {"seq": "1", "n": "22222", "vap": "517", "pvap": "   4,80", "e": "S", "st": "Eleito"}, {"seq": "20", "n": "22111", "vap": "162", "pvap": "   1,51", "e": "N", "st": "Suplente"}, {"seq": "78", "n": "22333", "vap": "10", "pvap": "   0,09", "e": "N", "st": "Suplente"}, {"seq": "58", "n": "22221", "vap": "30", "pvap": "   0,28", "e": "N", "st": "Suplente"}, {"seq": "72", "n": "55456", "vap": "16", "pvap": "   0,15", "e": "N", "st": "Suplente"}, {"seq": "49", "n": "55444", "vap": "37", "pvap": "   0,34", "e": "N", "st": "Suplente"}, {"seq": "52", "n": "55123", "vap": "36", "pvap": "   0,33", "e": "N", "st": "Suplente"}, {"seq": "45", "n": "55111", "vap": "46", "pvap": "   0,43", "e": "N", "st": "Suplente"}, {"seq": "19", "n": "55888", "vap": "177", "pvap": "   1,64", "e": "N", "st": "Suplente"}, {"seq": "6", "n": "55678", "vap": "325", "pvap": "   3,02", "e": "S", "st": "Eleito"}, {"seq": "39", "n": "55000", "vap": "66", "pvap": "   0,61", "e": "N", "st": "Suplente"}, {"seq": "73", "n": "55666", "vap": "15", "pvap": "   0,14", "e": "N", "st": "Suplente"}, {"seq": "8", "n": "55222", "vap": "295", "pvap": "   2,74", "e": "S", "st": "Eleito"}, {"seq": "36", "n": "55555", "vap": "74", "pvap": "   0,69", "e": "N", "st": "Suplente"}, {"seq": "21", "n": "55777", "vap": "162", "pvap": "   1,51", "e": "N", "st": "Suplente"}, {"seq": "16", "n": "55333", "vap": "204", "pvap": "   1,90", "e": "N", "st": "Suplente"}, {"seq": "15", "n": "55789", "vap": "209", "pvap": "   1,94", "e": "N", "st": "Suplente"}, {"seq": "53", "n": "55999", "vap": "33", "pvap": "   0,31", "e": "N", "st": "Suplente"}, {"seq": "56", "n": "55125", "vap": "32", "pvap": "   0,30", "e": "N", "st": "Suplente"}]}, {"dt": "15/11/2020", "ht": "22:21:30", "tf": "S", "and": "F", "tpabr": "ZONA", "cdabr": "138", "s": "36", "st": "36", "snt": "0", "si": "36", "sni": "0", "sa": "36", "sna": "0", "pst": " 100,00", "psnt": "   0,00", "psi": " 100,00", "psni": "   0,00", "psa": " 100,00", "psna": "   0,00", "e": "14150", "ea": "14150", "ena": "0", "esi": "14150", "esni": "0", "a": "2961", "c": "11189", "pea": " 100,00", "pena": "   0,00", "pesi": " 100,00", "pesni": "   0,00", "pa": "  20,93", "pc": "  79,07", "vnom": "10052", "vscv": "0", "vl": "711", "tv": "11189", "vvc": "10763", "vb": "110", "tvn": "316", "vn": "316", "vnt": "0", "vp": "0", "vv": "10763", "van": "0", "vansj": "0", "pvnom": "  93,39", "pvl": "   6,61", "pvvc": "  96,19", "pvb": "   0,99", "ptvn": "   2,82", "pvn": " 100,00", "pvnt": "   0,00", "pvp": "   0,00", "pvv": " 100,00", "pvan": "   0,00", "pvansj": "   0,00", "cand": [{"seq": "11", "n": "13222", "vap": "198", "pvap": "   1,84", "e": "S", "st": "Eleito"}, {"seq": "29", "n": "13666", "vap": "118", "pvap": "   1,10", "e": "N", "st": "Suplente"}, {"seq": "32", "n": "13444", "vap": "100", "pvap": "   0,93", "e": "N", "st": "Suplente"}, {"seq": "38", "n": "13888", "vap": "66", "pvap": "   0,61", "e": "N", "st": "Suplente"}, {"seq": "40", "n": "13111", "vap": "60", "pvap": "   0,56", "e": "N", "st": "Suplente"}, {"seq": "44", "n": "13555", "vap": "47", "pvap": "   0,44", "e": "N", "st": "Suplente"}, {"seq": "55", "n": "13333", "vap": "32", "pvap": "   0,30", "e": "N", "st": "Suplente"}, {"seq": "57", "n": "13234", "vap": "31", "pvap": "   0,29", "e": "N", "st": "Suplente"}, {"seq": "59", "n": "13456", "vap": "27", "pvap": "   0,25", "e": "N", "st": "Suplente"}, {"seq": "63", "n": "13999", "vap": "26", "pvap": "   0,24", "e": "N", "st": "Suplente"}, {"seq": "68", "n": "13000", "vap": "17", "pvap": "   0,16", "e": "N", "st": "Suplente"}, {"seq": "77", "n": "13123", "vap": "12", "pvap": "   0,11", "e": "N", "st": "Suplente"}, {"seq": "81", "n": "13777", "vap": "9", "pvap": "   0,08", "e": "N", "st": "Suplente"}, {"seq": "86", "n": "13678", "vap": "2", "pvap": "   0,02", "e": "N", "st": "Suplente"}, {"seq": "88", "n": "13753", "vap": "1", "pvap": "   0,01", "e": "N", "st": "Suplente"}, {"seq": "90", "n": "13741", "vap": "0", "pvap": "00.00", "e": "N", "st": "Suplente"}, {"seq": "91", "n": "10000", "vap": "303", "pvap": "   2,82", "e": "N", "st": "N\u00e3o eleito"}, {"seq": "95", "n": "10555", "vap": "65", "pvap": "   0,60", "e": "N", "st": "N\u00e3o eleito"}, {"seq": "98", "n": "10123", "vap": "44", "pvap": "   0,41", "e": "N", "st": "N\u00e3o eleito"}, {"seq": "99", "n": "10789", "vap": "33", "pvap": "   0,31", "e": "N", "st": "N\u00e3o eleito"}, {"seq": "105", "n": "10444", "vap": "17", "pvap": "   0,16", "e": "N", "st": "N\u00e3o eleito"}, {"seq": "106", "n": "10111", "vap": "15", "pvap": "   0,14", "e": "N", "st": "N\u00e3o eleito"}, {"seq": "108", "n": "10233", "vap": "14", "pvap": "   0,13", "e": "N", "st": "N\u00e3o eleito"}, {"seq": "109", "n": "10800", "vap": "14", "pvap": "   0,13", "e": "N", "st": "N\u00e3o eleito"}, {"seq": "110", "n": "10888", "vap": "12", "pvap": "   0,11", "e": "N", "st": "N\u00e3o eleito"}, {"seq": "111", "n": "10777", "vap": "11", "pvap": "   0,10", "e": "N", "st": "N\u00e3o eleito"}, {"seq": "114", "n": "10222", "vap": "6", "pvap": "   0,06", "e": "N", "st": "N\u00e3o eleito"}, {"seq": "115", "n": "10333", "vap": "6", "pvap": "   0,06", "e": "N", "st": "N\u00e3o eleito"}, {"seq": "116", "n": "10234", "vap": "4", "pvap": "   0,04", "e": "N", "st": "N\u00e3o eleito"}, {"seq": "118", "n": "10999", "vap": "2", "pvap": "   0,02", "e": "N", "st": "N\u00e3o eleito"}, {"seq": "119", "n": "10567", "vap": "1", "pvap": "   0,01", "e": "N", "st": "N\u00e3o eleito"}, {"seq": "1", "n": "22222", "vap": "517", "pvap": "   4,80", "e": "S", "st": "Eleito"}, {"seq": "20", "n": "22111", "vap": "162", "pvap": "   1,51", "e": "N", "st": "Suplente"}, {"seq": "24", "n": "22123", "vap": "135", "pvap": "   1,25", "e": "N", "st": "Suplente"}, {"seq": "41", "n": "22888", "vap": "58", "pvap": "   0,54", "e": "N", "st": "Suplente"}, {"seq": "43", "n": "22000", "vap": "51", "pvap": "   0,47", "e": "N", "st": "Suplente"}, {"seq": "48", "n": "22999", "vap": "40", "pvap": "   0,37", "e": "N", "st": "Suplente"}, {"seq": "50", "n": "22022", "vap": "37", "pvap": "   0,34", "e": "N", "st": "Suplente"}, {"seq": "58", "n": "22221", "vap": "30", "pvap": "   0,28", "e": "N", "st": "Suplente"}, {"seq": "60", "n": "22555", "vap": "27", "pvap": "   0,25", "e": "N", "st": "Suplente"}, {"seq": "65", "n": "22200", "vap": "23", "pvap": "   0,21", "e": "N", "st": "Suplente"}, {"seq": "70", "n": "22666", "vap": "17", "pvap": "   0,16", "e": "N", "st": "Suplente"}, {"seq": "71", "n": "22444", "vap": "17", "pvap": "   0,16", "e": "N", "st": "Suplente"}, {"seq": "74", "n": "22777", "vap": "14", "pvap": "   0,13", "e": "N", "st": "Suplente"}, {"seq": "78", "n": "22333", "vap": "10", "pvap": "   0,09", "e": "N", "st": "Suplente"}, {"seq": "79", "n": "22500", "vap": "10", "pvap": "   0,09", "e": "N", "st": "Suplente"}, {"seq": "82", "n": "22456", "vap": "9", "pvap": "   0,08", "e": "N", "st": "Suplente"}, {"seq": "2", "n": "15888", "vap": "480", "pvap": "   4,46", "e": "S", "st": "Eleito"}, {"seq": "4", "n": "15555", "vap": "367", "pvap": "   3,41", "e": "S", "st": "Eleito"}, {"seq": "5", "n": "15111", "vap": "360", "pvap": "   3,34", "e": "S", "st": "Eleito"}, {"seq": "12", "n": "15333", "vap": "285", "pvap": "   2,65", "e": "N", "st": "Suplente"}, {"seq": "13", "n": "15777", "vap": "240", "pvap": "   2,23", "e": "N", "st": "Suplente"}, {"seq": "17", "n": "15000", "vap": "196", "pvap": "   1,82", "e": "N", "st": "Suplente"}, {"seq": "26", "n": "15123", "vap": "124", "pvap": "   1,15", "e": "N", "st": "Suplente"}, {"seq": "34", "n": "15444", "vap": "94", "pvap": "   0,87", "e": "N", "st": "Suplente"}, {"seq": "35", "n": "15999", "vap": "86", "pvap": "   0,80", "e": "N", "st": "Suplente"}, {"seq": "54", "n": "15154", "vap": "33", "pvap": "   0,31", "e": "N", "st": "Suplente"}, {"seq": "80", "n": "15222", "vap": "9", "pvap": "   0,08", "e": "N", "st": "Suplente"}, {"seq": "87", "n": "15155", "vap": "2", "pvap": "   0,02", "e": "N", "st": "Suplente"}, {"seq": "89", "n": "15151", "vap": "1", "pvap": "   0,01", "e": "N", "st": "Suplente"}, {"seq": "3", "n": "11114", "vap": "398", "pvap": "   3,70", "e": "S", "st": "Eleito"}, {"seq": "10", "n": "11234", "vap": "241", "pvap": "   2,24", "e": "S", "st": "Eleito"}, {"seq": "14", "n": "11222", "vap": "213", "pvap": "   1,98", "e": "N", "st": "Suplente"}, {"seq": "18", "n": "11111", "vap": "192", "pvap": "   1,78", "e": "N", "st": "Suplente"}, {"seq": "23", "n": "11000", "vap": "147", "pvap": "   1,37", "e": "N", "st": "Suplente"}, {"seq": "25", "n": "11777", "vap": "128", "pvap": "   1,19", "e": "N", "st": "Suplente"}, {"seq": "27", "n": "11444", "vap": "124", "pvap": "   1,15", "e": "N", "st": "Suplente"}, {"seq": "30", "n": "11333", "vap": "106", "pvap": "   0,98", "e": "N", "st": "Suplente"}, {"seq": "31", "n": "11555", "vap": "102", "pvap": "   0,95", "e": "N", "st": "Suplente"}, {"seq": "33", "n": "11255", "vap": "95", "pvap": "   0,88", "e": "N", "st": "Suplente"}, {"seq": "42", "n": "11456", "vap": "53", "pvap": "   0,49", "e": "N", "st": "Suplente"}, {"seq": "51", "n": "11999", "vap": "37", "pvap": "   0,34", "e": "N", "st": "Suplente"}, {"seq": "67", "n": "11580", "vap": "22", "pvap": "   0,20", "e": "N", "st": "Suplente"}, {"seq": "69", "n": "11567", "vap": "17", "pvap": "   0,16", "e": "N", "st": "Suplente"}, {"seq": "75", "n": "11888", "vap": "14", "pvap": "   0,13", "e": "N", "st": "Suplente"}, {"seq": "83", "n": "11963", "vap": "7", "pvap": "   0,07", "e": "N", "st": "Suplente"}, {"seq": "84", "n": "11789", "vap": "6", "pvap": "   0,06", "e": "N", "st": "Suplente"}, {"seq": "92", "n": "70852", "vap": "108", "pvap": "   1,00", "e": "N", "st": "N\u00e3o eleito"}, {"seq": "93", "n": "70000", "vap": "97", "pvap": "   0,90", "e": "N", "st": "N\u00e3o eleito"}, {"seq": "94", "n": "70999", "vap": "81", "pvap": "   0,75", "e": "N", "st": "N\u00e3o eleito"}, {"seq": "96", "n": "70788", "vap": "50", "pvap": "   0,46", "e": "N", "st": "N\u00e3o eleito"}, {"seq": "97", "n": "70123", "vap": "48", "pvap": "   0,45", "e": "N", "st": "N\u00e3o eleito"}, {"seq": "100", "n": "70888", "vap": "31", "pvap": "   0,29", "e": "N", "st": "N\u00e3o eleito"}, {"seq": "101", "n": "70222", "vap": "30", "pvap": "   0,28", "e": "N", "st": "N\u00e3o eleito"}, {"seq": "102", "n": "70444", "vap": "22", "pvap": "   0,20", "e": "N", "st": "N\u00e3o eleito"}, {"seq": "103", "n": "70111", "vap": "19", "pvap": "   0,18", "e": "N", "st": "N\u00e3o eleito"}, {"seq": "104", "n": "70777", "vap": "17", "pvap": "   0,16", "e": "N", "st": "N\u00e3o eleito"}, {"seq": "107", "n": "70555", "vap": "15", "pvap": "   0,14", "e": "N", "st": "N\u00e3o eleito"}, {"seq": "112", "n": "70800", "vap": "9", "pvap": "   0,08", "e": "N", "st": "N\u00e3o eleito"}, {"seq": "113", "n": "70456", "vap": "6", "pvap": "   0,06", "e": "N", "st": "N\u00e3o eleito"}, {"seq": "117", "n": "70333", "vap": "2", "pvap": "   0,02", "e": "N", "st": "N\u00e3o eleito"}, {"seq": "120", "n": "70321", "vap": "0", "pvap": "00.00", "e": "N", "st": "N\u00e3o eleito"}, {"seq": "121", "n": "70678", "vap": "0", "pvap": "00.00", "e": "N", "st": "N\u00e3o eleito"}, {"seq": "6", "n": "55678", "vap": "325", "pvap": "   3,02", "e": "S", "st": "Eleito"}, {"seq": "8", "n": "55222", "vap": "295", "pvap": "   2,74", "e": "S", "st": "Eleito"}, {"seq": "15", "n": "55789", "vap": "209", "pvap": "   1,94", "e": "N", "st": "Suplente"}, {"seq": "16", "n": "55333", "vap": "204", "pvap": "   1,90", "e": "N", "st": "Suplente"}, {"seq": "19", "n": "55888", "vap": "177", "pvap": "   1,64", "e": "N", "st": "Suplente"}, {"seq": "21", "n": "55777", "vap": "162", "pvap": "   1,51", "e": "N", "st": "Suplente"}, {"seq": "36", "n": "55555", "vap": "74", "pvap": "   0,69", "e": "N", "st": "Suplente"}, {"seq": "39", "n": "55000", "vap": "66", "pvap": "   0,61", "e": "N", "st": "Suplente"}, {"seq": "45", "n": "55111", "vap": "46", "pvap": "   0,43", "e": "N", "st": "Suplente"}, {"seq": "49", "n": "55444", "vap": "37", "pvap": "   0,34", "e": "N", "st": "Suplente"}, {"seq": "52", "n": "55123", "vap": "36", "pvap": "   0,33", "e": "N", "st": "Suplente"}, {"seq": "53", "n": "55999", "vap": "33", "pvap": "   0,31", "e": "N", "st": "Suplente"}, {"seq": "56", "n": "55125", "vap": "32", "pvap": "   0,30", "e": "N", "st": "Suplente"}, {"seq": "72", "n": "55456", "vap": "16", "pvap": "   0,15", "e": "N", "st": "Suplente"}, {"seq": "73", "n": "55666", "vap": "15", "pvap": "   0,14", "e": "N", "st": "Suplente"}, {"seq": "7", "n": "25555", "vap": "311", "pvap": "   2,89", "e": "S", "st": "Eleito"}, {"seq": "9", "n": "25222", "vap": "293", "pvap": "   2,72", "e": "S", "st": "Eleito"}, {"seq": "22", "n": "25666", "vap": "157", "pvap": "   1,46", "e": "N", "st": "Suplente"}, {"seq": "28", "n": "25888", "vap": "123", "pvap": "   1,14", "e": "N", "st": "Suplente"}, {"seq": "37", "n": "25999", "vap": "74", "pvap": "   0,69", "e": "N", "st": "Suplente"}, {"seq": "46", "n": "25000", "vap": "45", "pvap": "   0,42", "e": "N", "st": "Suplente"}, {"seq": "47", "n": "25123", "vap": "44", "pvap": "   0,41", "e": "N", "st": "Suplente"}, {"seq": "61", "n": "25777", "vap": "27", "pvap": "   0,25", "e": "N", "st": "Suplente"}, {"seq": "62", "n": "25252", "vap": "27", "pvap": "   0,25", "e": "N", "st": "Suplente"}, {"seq": "64", "n": "25333", "vap": "24", "pvap": "   0,22", "e": "N", "st": "Suplente"}, {"seq": "66", "n": "25111", "vap": "22", "pvap": "   0,20", "e": "N", "st": "Suplente"}, {"seq": "76", "n": "25255", "vap": "12", "pvap": "   0,11", "e": "N", "st": "Suplente"}, {"seq": "85", "n": "25234", "vap": "2", "pvap": "   0,02", "e": "N", "st": "Suplente"}]}]}