{"ele": "426", "carper": "13", "t": "1", "f": "O", "esae": "N", "mnae": " ", "dg": "15/11/2020", "hg": "22:39:57", "dv": "S", "nadf": "ba33375-c0013-e000426-004-f", "abr": [{"dt": "15/11/2020", "ht": "22:24:43", "tf": "S", "and": "F", "tpabr": "MU", "cdabr": "33375", "s": "32", "st": "32", "snt": "0", "si": "32", "sni": "0", "sa": "32", "sna": "0", "pst": " 100,00", "psnt": "   0,00", "psi": " 100,00", "psni": "   0,00", "psa": " 100,00", "psna": "   0,00", "e": "14058", "ea": "14058", "ena": "0", "esi": "14058", "esni": "0", "c": "10884", "a": "3174", "pea": " 100,00", "pena": "   0,00", "pesi": " 100,00", "pesni": "   0,00", "pa": "  22,58", "pc": "  77,42", "vscv": "0", "vnom": "9497", "vl": "849", "tv": "10884", "vvc": "10346", "vb": "137", "tvn": "401", "vn": "396", "vnt": "5", "vp": "0", "vv": "10346", "van": "0", "vansj": "0", "pvnom": "  91,79", "pvl": "   8,21", "pvvc": "  95,06", "pvb": "   1,26", "ptvn": "   3,68", "pvn": "  98,75", "pvnt": "   1,25", "pvp": "   0,00", "pvv": " 100,00", "pvan": "   0,00", "pvansj": "   0,00", "colig": [{"n": "50000074915", "tvtn": "2900", "tvan": "2900", "vag": "4", "tvtl": "289", "tval": "289"}, {"n": "50000153744", "tvtn": "77", "tvan": "77", "vag": "0", "tvtl": "15", "tval": "15"}, {"n": "50000075153", "tvtn": "2039", "tvan": "2039", "vag": "2", "tvtl": "78", "tval": "78"}, {"n": "50000075227", "tvtn": "94", "tvan": "94", "vag": "0", "tvtl": "15", "tval": "15"}, {"n": "50000074980", "tvtn": "2947", "tvan": "2952", "vag": "4", "tvtl": "354", "tval": "354"}, {"n": "50000146089", "tvtn": "7", "tvan": "7", "vag": "0", "tvtl": "0", "tval": "0"}, {"n": "50000055534", "tvtn": "1433", "tvan": "1433", "vag": "1", "tvtl": "98", "tval": "98"}], "part": [{"n": "13", "tvtn": "2900", "tvan": "2900", "tvtl": "289", "tval": "289"}, {"n": "10", "tvtn": "77", "tvan": "77", "tvtl": "15", "tval": "15"}, {"n": "25", "tvtn": "2039", "tvan": "2039", "tvtl": "78", "tval": "78"}, {"n": "15", "tvtn": "94", "tvan": "94", "tvtl": "15", "tval": "15"}, {"n": "11", "tvtn": "2947", "tvan": "2947", "tvtl": "354", "tval": "354"}, {"n": "28", "tvtn": "7", "tvan": "7", "tvtl": "0", "tval": "0"}, {"n": "55", "tvtn": "1433", "tvan": "1433", "tvtl": "98", "tval": "98"}], "cand": [{"seq": "4", "n": "13333", "vap": "556", "pvap": "   5,37", "e": "S", "st": "Eleito"}, {"seq": "6", "n": "13123", "vap": "517", "pvap": "   5,00", "e": "S", "st": "Eleito"}, {"seq": "26", "n": "13222", "vap": "50", "pvap": "   0,48", "e": "N", "st": "Suplente"}, {"seq": "33", "n": "13444", "vap": "18", "pvap": "   0,17", "e": "N", "st": "Suplente"}, {"seq": "38", "n": "13130", "vap": "11", "pvap": "   0,11", "e": "N", "st": "Suplente"}, {"seq": "28", "n": "13666", "vap": "39", "pvap": "   0,38", "e": "N", "st": "Suplente"}, {"seq": "20", "n": "13567", "vap": "149", "pvap": "   1,44", "e": "N", "st": "Suplente"}, {"seq": "8", "n": "13111", "vap": "483", "pvap": "   4,67", "e": "S", "st": "Eleito"}, {"seq": "31", "n": "13000", "vap": "23", "pvap": "   0,22", "e": "N", "st": "Suplente"}, {"seq": "44", "n": "13777", "vap": "6", "pvap": "   0,06", "e": "N", "st": "Suplente"}, {"seq": "45", "n": "13129", "vap": "5", "pvap": "   0,05", "e": "N", "st": "Suplente"}, {"seq": "34", "n": "13555", "vap": "16", "pvap": "   0,15", "e": "N", "st": "Suplente"}, {"seq": "14", "n": "13131", "vap": "303", "pvap": "   2,93", "e": "N", "st": "Suplente"}, {"seq": "5", "n": "13456", "vap": "550", "pvap": "   5,32", "e": "S", "st": "Eleito"}, {"seq": "17", "n": "13789", "vap": "174", "pvap": "   1,68", "e": "N", "st": "Suplente"}, {"seq": "49", "n": "10000", "vap": "34", "pvap": "   0,33", "e": "N", "st": "N\u00e3o eleito"}, {"seq": "52", "n": "10111", "vap": "13", "pvap": "   0,13", "e": "N", "st": "N\u00e3o eleito"}, {"seq": "50", "n": "10123", "vap": "30", "pvap": "   0,29", "e": "N", "st": "N\u00e3o eleito"}, {"seq": "37", "n": "25202", "vap": "11", "pvap": "   0,11", "e": "N", "st": "Suplente"}, {"seq": "40", "n": "25234", "vap": "8", "pvap": "   0,08", "e": "N", "st": "Suplente"}, {"seq": "13", "n": "25605", "vap": "386", "pvap": "   3,73", "e": "N", "st": "Suplente"}, {"seq": "10", "n": "25670", "vap": "444", "pvap": "   4,29", "e": "S", "st": "Eleito"}, {"seq": "22", "n": "25000", "vap": "87", "pvap": "   0,84", "e": "N", "st": "Suplente"}, {"seq": "30", "n": "25333", "vap": "24", "pvap": "   0,23", "e": "N", "st": "Suplente"}, {"seq": "15", "n": "25123", "vap": "206", "pvap": "   1,99", "e": "N", "st": "Suplente"}, {"seq": "25", "n": "25678", "vap": "63", "pvap": "   0,61", "e": "N", "st": "Suplente"}, {"seq": "32", "n": "25111", "vap": "19", "pvap": "   0,18", "e": "N", "st": "Suplente"}, {"seq": "2", "n": "25555", "vap": "791", "pvap": "   7,65", "e": "S", "st": "Eleito"}, {"seq": "48", "n": "15158", "vap": "45", "pvap": "   0,43", "e": "N", "st": "N\u00e3o eleito"}, {"seq": "55", "n": "15000", "vap": "7", "pvap": "   0,07", "e": "N", "st": "N\u00e3o eleito"}, {"seq": "54", "n": "15555", "vap": "9", "pvap": "   0,09", "e": "N", "st": "N\u00e3o eleito"}, {"seq": "57", "n": "15777", "vap": "6", "pvap": "   0,06", "e": "N", "st": "N\u00e3o eleito"}, {"seq": "51", "n": "15111", "vap": "17", "pvap": "   0,16", "e": "N", "st": "N\u00e3o eleito"}, {"seq": "53", "n": "15123", "vap": "10", "pvap": "   0,10", "e": "N", "st": "N\u00e3o eleito"}, {"seq": "11", "n": "11011", "vap": "304", "pvap": "   2,94", "e": "S", "st": "Eleito"}, {"seq": "7", "n": "11123", "vap": "485", "pvap": "   4,69", "e": "S", "st": "Eleito"}, {"seq": "1", "n": "11555", "vap": "1043", "pvap": "  10,08", "e": "S", "st": "Eleito"}, {"seq": "19", "n": "11605", "vap": "167", "pvap": "   1,61", "e": "N", "st": "Suplente"}, {"seq": "47", "n": "11200", "vap": "0", "pvap": "00.00", "e": "N", "st": "Suplente"}, {"seq": "18", "n": "11115", "vap": "169", "pvap": "   1,63", "e": "N", "st": "Suplente"}, {"seq": "21", "n": "11456", "vap": "106", "pvap": "   1,02", "e": "N", "st": "Suplente"}, {"seq": "39", "n": "11666", "vap": "10", "pvap": "   0,10", "e": "N", "st": "Suplente"}, {"seq": "16", "n": "11000", "vap": "188", "pvap": "   1,82", "e": "N", "st": "Suplente"}, {"seq": "42", "n": "11222", "vap": "7", "pvap": "   0,07", "e": "N", "st": "Suplente"}, {"seq": "9", "n": "11111", "vap": "468", "pvap": "   4,52", "e": "S", "st": "Eleito"}, {"seq": "56", "n": "28671", "vap": "7", "pvap": "   0,07", "e": "N", "st": "N\u00e3o eleito"}, {"seq": "43", "n": "55222", "vap": "6", "pvap": "   0,06", "e": "N", "st": "Suplente"}, {"seq": "24", "n": "55123", "vap": "71", "pvap": "   0,69", "e": "N", "st": "Suplente"}, {"seq": "12", "n": "55666", "vap": "567", "pvap": "   5,48", "e": "N", "st": "Suplente"}, {"seq": "41", "n": "55111", "vap": "8", "pvap": "   0,08", "e": "N", "st": "Suplente"}, {"seq": "36", "n": "55999", "vap": "15", "pvap": "   0,14", "e": "N", "st": "Suplente"}, {"seq": "35", "n": "55777", "vap": "16", "pvap": "   0,15", "e": "N", "st": "Suplente"}, {"seq": "29", "n": "55888", "vap": "37", "pvap": "   0,36", "e": "N", "st": "Suplente"}, {"seq": "3", "n": "55555", "vap": "592", "pvap": "   5,72", "e": "S", "st": "Eleito"}, {"seq": "23", "n": "55000", "vap": "74", "pvap": "   0,72", "e": "N", "st": "Suplente"}, {"seq": "46", "n": "55333", "vap": "1", "pvap": "   0,01", "e": "N", "st": "Suplente"}, {"seq": "27", "n": "55013", "vap": "46", "pvap": "   0,44", "e": "N", "st": "Suplente"}]}, {"dt": "15/11/2020", "ht": "22:24:43", "tf": "S", "and": "F", "tpabr": "ZONA", "cdabr": "44", "s": "32", "st": "32", "snt": "0", "si": "32", "sni": "0", "sa": "32", "sna": "0", "pst": " 100,00", "psnt": "   0,00", "psi": " 100,00", "psni": "   0,00", "psa": " 100,00", "psna": "   0,00", "e": "14058", "ea": "14058", "ena": "0", "esi": "14058", "esni": "0", "a": "3174", "c": "10884", "pea": " 100,00", "pena": "   0,00", "pesi": " 100,00", "pesni": "   0,00", "pa": "  22,58", "pc": "  77,42", "vnom": "9497", "vscv": "0", "vl": "849", "tv": "10884", "vvc": "10346", "vb": "137", "tvn": "401", "vn": "396", "vnt": "5", "vp": "0", "vv": "10346", "van": "0", "vansj": "0", "pvnom": "  91,79", "pvl": "   8,21", "pvvc": "  95,06", "pvb": "   1,26", "ptvn": "   3,68", "pvn": "  98,75", "pvnt": "   1,25", "pvp": "   0,00", "pvv": " 100,00", "pvan": "   0,00", "pvansj": "   0,00", "cand": [{"seq": "2", "n": "25555", "vap": "791", "pvap": "   7,65", "e": "S", "st": "Eleito"}, {"seq": "10", "n": "25670", "vap": "444", "pvap": "   4,29", "e": "S", "st": "Eleito"}, {"seq": "13", "n": "25605", "vap": "386", "pvap": "   3,73", "e": "N", "st": "Suplente"}, {"seq": "15", "n": "25123", "vap": "206", "pvap": "   1,99", "e": "N", "st": "Suplente"}, {"seq": "22", "n": "25000", "vap": "87", "pvap": "   0,84", "e": "N", "st": "Suplente"}, {"seq": "25", "n": "25678", "vap": "63", "pvap": "   0,61", "e": "N", "st": "Suplente"}, {"seq": "30", "n": "25333", "vap": "24", "pvap": "   0,23", "e": "N", "st": "Suplente"}, {"seq": "32", "n": "25111", "vap": "19", "pvap": "   0,18", "e": "N", "st": "Suplente"}, {"seq": "37", "n": "25202", "vap": "11", "pvap": "   0,11", "e": "N", "st": "Suplente"}, {"seq": "40", "n": "25234", "vap": "8", "pvap": "   0,08", "e": "N", "st": "Suplente"}, {"seq": "49", "n": "10000", "vap": "34", "pvap": "   0,33", "e": "N", "st": "N\u00e3o eleito"}, {"seq": "50", "n": "10123", "vap": "30", "pvap": "   0,29", "e": "N", "st": "N\u00e3o eleito"}, {"seq": "52", "n": "10111", "vap": "13", "pvap": "   0,13", "e": "N", "st": "N\u00e3o eleito"}, {"seq": "48", "n": "15158", "vap": "45", "pvap": "   0,43", "e": "N", "st": "N\u00e3o eleito"}, {"seq": "51", "n": "15111", "vap": "17", "pvap": "   0,16", "e": "N", "st": "N\u00e3o eleito"}, {"seq": "53", "n": "15123", "vap": "10", "pvap": "   0,10", "e": "N", "st": "N\u00e3o eleito"}, {"seq": "54", "n": "15555", "vap": "9", "pvap": "   0,09", "e": "N", "st": "N\u00e3o eleito"}, {"seq": "55", "n": "15000", "vap": "7", "pvap": "   0,07", "e": "N", "st": "N\u00e3o eleito"}, {"seq": "57", "n": "15777", "vap": "6", "pvap": "   0,06", "e": "N", "st": "N\u00e3o eleito"}, {"seq": "56", "n": "28671", "vap": "7", "pvap": "   0,07", "e": "N", "st": "N\u00e3o eleito"}, {"seq": "1", "n": "11555", "vap": "1043", "pvap": "  10,08", "e": "S", "st": "Eleito"}, {"seq": "7", "n": "11123", "vap": "485", "pvap": "   4,69", "e": "S", "st": "Eleito"}, {"seq": "9", "n": "11111", "vap": "468", "pvap": "   4,52", "e": "S", "st": "Eleito"}, {"seq": "11", "n": "11011", "vap": "304", "pvap": "   2,94", "e": "S", "st": "Eleito"}, {"seq": "16", "n": "11000", "vap": "188", "pvap": "   1,82", "e": "N", "st": "Suplente"}, {"seq": "18", "n": "11115", "vap": "169", "pvap": "   1,63", "e": "N", "st": "Suplente"}, {"seq": "19", "n": "11605", "vap": "167", "pvap": "   1,61", "e": "N", "st": "Suplente"}, {"seq": "21", "n": "11456", "vap": "106", "pvap": "   1,02", "e": "N", "st": "Suplente"}, {"seq": "39", "n": "11666", "vap": "10", "pvap": "   0,10", "e": "N", "st": "Suplente"}, {"seq": "42", "n": "11222", "vap": "7", "pvap": "   0,07", "e": "N", "st": "Suplente"}, {"seq": "47", "n": "11200", "vap": "0", "pvap": "00.00", "e": "N", "st": "Suplente"}, {"seq": "4", "n": "13333", "vap": "556", "pvap": "   5,37", "e": "S", "st": "Eleito"}, {"seq": "5", "n": "13456", "vap": "550", "pvap": "   5,32", "e": "S", "st": "Eleito"}, {"seq": "6", "n": "13123", "vap": "517", "pvap": "   5,00", "e": "S", "st": "Eleito"}, {"seq": "8", "n": "13111", "vap": "483", "pvap": "   4,67", "e": "S", "st": "Eleito"}, {"seq": "14", "n": "13131", "vap": "303", "pvap": "   2,93", "e": "N", "st": "Suplente"}, {"seq": "17", "n": "13789", "vap": "174", "pvap": "   1,68", "e": "N", "st": "Suplente"}, {"seq": "20", "n": "13567", "vap": "149", "pvap": "   1,44", "e": "N", "st": "Suplente"}, {"seq": "26", "n": "13222", "vap": "50", "pvap": "   0,48", "e": "N", "st": "Suplente"}, {"seq": "28", "n": "13666", "vap": "39", "pvap": "   0,38", "e": "N", "st": "Suplente"}, {"seq": "31", "n": "13000", "vap": "23", "pvap": "   0,22", "e": "N", "st": "Suplente"}, {"seq": "33", "n": "13444", "vap": "18", "pvap": "   0,17", "e": "N", "st": "Suplente"}, {"seq": "34", "n": "13555", "vap": "16", "pvap": "   0,15", "e": "N", "st": "Suplente"}, {"seq": "38", "n": "13130", "vap": "11", "pvap": "   0,11", "e": "N", "st": "Suplente"}, {"seq": "44", "n": "13777", "vap": "6", "pvap": "   0,06", "e": "N", "st": "Suplente"}, {"seq": "45", "n": "13129", "vap": "5", "pvap": "   0,05", "e": "N", "st": "Suplente"}, {"seq": "3", "n": "55555", "vap": "592", "pvap": "   5,72", "e": "S", "st": "Eleito"}, {"seq": "12", "n": "55666", "vap": "567", "pvap": "   5,48", "e": "N", "st": "Suplente"}, {"seq": "23", "n": "55000", "vap": "74", "pvap": "   0,72", "e": "N", "st": "Suplente"}, {"seq": "24", "n": "55123", "vap": "71", "pvap": "   0,69", "e": "N", "st": "Suplente"}, {"seq": "27", "n": "55013", "vap": "46", "pvap": "   0,44", "e": "N", "st": "Suplente"}, {"seq": "29", "n": "55888", "vap": "37", "pvap": "   0,36", "e": "N", "st": "Suplente"}, {"seq": "35", "n": "55777", "vap": "16", "pvap": "   0,15", "e": "N", "st": "Suplente"}, {"seq": "36", "n": "55999", "vap": "15", "pvap": "   0,14", "e": "N", "st": "Suplente"}, {"seq": "41", "n": "55111", "vap": "8", "pvap": "   0,08", "e": "N", "st": "Suplente"}, {"seq": "43", "n": "55222", "vap": "6", "pvap": "   0,06", "e": "N", "st": "Suplente"}, {"seq": "46", "n": "55333", "vap": "1", "pvap": "   0,01", "e": "N", "st": "Suplente"}]}]}