{"ele": "426", "carper": "13", "t": "1", "f": "O", "esae": "N", "mnae": " ", "dg": "15/11/2020", "hg": "22:15:02", "dv": "S", "nadf": "ba34096-c0013-e000426-002-f", "abr": [{"dt": "15/11/2020", "ht": "22:08:14", "tf": "S", "and": "F", "tpabr": "MU", "cdabr": "34096", "s": "25", "st": "25", "snt": "0", "si": "25", "sni": "0", "sa": "25", "sna": "0", "pst": " 100,00", "psnt": "   0,00", "psi": " 100,00", "psni": "   0,00", "psa": " 100,00", "psna": "   0,00", "e": "10538", "ea": "10538", "ena": "0", "esi": "10538", "esni": "0", "c": "8592", "a": "1946", "pea": " 100,00", "pena": "   0,00", "pesi": " 100,00", "pesni": "   0,00", "pa": "  18,47", "pc": "  81,53", "vscv": "0", "vnom": "7659", "vl": "532", "tv": "8592", "vvc": "8191", "vb": "70", "tvn": "331", "vn": "331", "vnt": "0", "vp": "0", "vv": "8191", "van": "0", "vansj": "0", "pvnom": "  93,51", "pvl": "   6,49", "pvvc": "  95,33", "pvb": "   0,82", "ptvn": "   3,85", "pvn": " 100,00", "pvnt": "   0,00", "pvp": "   0,00", "pvv": " 100,00", "pvan": "   0,00", "pvansj": "   0,00", "colig": [{"n": "50000065612", "tvtn": "1610", "tvan": "1610", "vag": "2", "tvtl": "34", "tval": "34"}, {"n": "50000065600", "tvtn": "2712", "tvan": "2712", "vag": "3", "tvtl": "251", "tval": "251"}, {"n": "50000065707", "tvtn": "1635", "tvan": "1635", "vag": "2", "tvtl": "45", "tval": "45"}, {"n": "50000133599", "tvtn": "1702", "tvan": "1702", "vag": "2", "tvtl": "202", "tval": "202"}], "part": [{"n": "25", "tvtn": "1610", "tvan": "1610", "tvtl": "34", "tval": "34"}, {"n": "11", "tvtn": "2712", "tvan": "2712", "tvtl": "251", "tval": "251"}, {"n": "55", "tvtn": "1635", "tvan": "1635", "tvtl": "45", "tval": "45"}, {"n": "13", "tvtn": "1702", "tvan": "1702", "tvtl": "202", "tval": "202"}], "cand": [{"seq": "1", "n": "25345", "vap": "551", "pvap": "   6,73", "e": "S", "st": "Eleito"}, {"seq": "35", "n": "25666", "vap": "7", "pvap": "   0,09", "e": "N", "st": "Suplente"}, {"seq": "14", "n": "25123", "vap": "274", "pvap": "   3,35", "e": "N", "st": "Suplente"}, {"seq": "37", "n": "25111", "vap": "4", "pvap": "   0,05", "e": "N", "st": "Suplente"}, {"seq": "22", "n": "25555", "vap": "144", "pvap": "   1,76", "e": "N", "st": "Suplente"}, {"seq": "32", "n": "25424", "vap": "11", "pvap": "   0,13", "e": "N", "st": "Suplente"}, {"seq": "2", "n": "25000", "vap": "456", "pvap": "   5,57", "e": "S", "st": "Eleito"}, {"seq": "23", "n": "25444", "vap": "140", "pvap": "   1,71", "e": "N", "st": "Suplente"}, {"seq": "29", "n": "25777", "vap": "21", "pvap": "   0,26", "e": "N", "st": "Suplente"}, {"seq": "39", "n": "25333", "vap": "2", "pvap": "   0,02", "e": "N", "st": "Suplente"}, {"seq": "11", "n": "11444", "vap": "286", "pvap": "   3,49", "e": "N", "st": "Suplente"}, {"seq": "17", "n": "11345", "vap": "239", "pvap": "   2,92", "e": "N", "st": "Suplente"}, {"seq": "20", "n": "11456", "vap": "227", "pvap": "   2,77", "e": "N", "st": "Suplente"}, {"seq": "8", "n": "11777", "vap": "360", "pvap": "   4,40", "e": "S", "st": "Eleito"}, {"seq": "31", "n": "11999", "vap": "12", "pvap": "   0,15", "e": "N", "st": "Suplente"}, {"seq": "7", "n": "11000", "vap": "402", "pvap": "   4,91", "e": "S", "st": "Eleito"}, {"seq": "24", "n": "11123", "vap": "123", "pvap": "   1,50", "e": "N", "st": "Suplente"}, {"seq": "34", "n": "11666", "vap": "8", "pvap": "   0,10", "e": "N", "st": "Suplente"}, {"seq": "3", "n": "11333", "vap": "447", "pvap": "   5,46", "e": "S", "st": "Eleito"}, {"seq": "30", "n": "11555", "vap": "16", "pvap": "   0,20", "e": "N", "st": "Suplente"}, {"seq": "38", "n": "11125", "vap": "3", "pvap": "   0,04", "e": "N", "st": "Suplente"}, {"seq": "10", "n": "11111", "vap": "311", "pvap": "   3,80", "e": "N", "st": "Suplente"}, {"seq": "13", "n": "11222", "vap": "278", "pvap": "   3,39", "e": "N", "st": "Suplente"}, {"seq": "12", "n": "55000", "vap": "285", "pvap": "   3,48", "e": "N", "st": "Suplente"}, {"seq": "4", "n": "55888", "vap": "411", "pvap": "   5,02", "e": "S", "st": "Eleito"}, {"seq": "19", "n": "55555", "vap": "230", "pvap": "   2,81", "e": "N", "st": "Suplente"}, {"seq": "27", "n": "55222", "vap": "86", "pvap": "   1,05", "e": "N", "st": "Suplente"}, {"seq": "42", "n": "55002", "vap": "0", "pvap": "00.00", "e": "N", "st": "Suplente"}, {"seq": "9", "n": "55666", "vap": "355", "pvap": "   4,33", "e": "S", "st": "Eleito"}, {"seq": "43", "n": "55123", "vap": "0", "pvap": "00.00", "e": "N", "st": "Suplente"}, {"seq": "40", "n": "55003", "vap": "1", "pvap": "   0,01", "e": "N", "st": "Suplente"}, {"seq": "15", "n": "55444", "vap": "262", "pvap": "   3,20", "e": "N", "st": "Suplente"}, {"seq": "36", "n": "55001", "vap": "5", "pvap": "   0,06", "e": "N", "st": "Suplente"}, {"seq": "33", "n": "13666", "vap": "9", "pvap": "   0,11", "e": "N", "st": "Suplente"}, {"seq": "28", "n": "13611", "vap": "27", "pvap": "   0,33", "e": "N", "st": "Suplente"}, {"seq": "16", "n": "13456", "vap": "257", "pvap": "   3,14", "e": "N", "st": "Suplente"}, {"seq": "25", "n": "13123", "vap": "99", "pvap": "   1,21", "e": "N", "st": "Suplente"}, {"seq": "41", "n": "13444", "vap": "1", "pvap": "   0,01", "e": "N", "st": "Suplente"}, {"seq": "6", "n": "13333", "vap": "404", "pvap": "   4,93", "e": "S", "st": "Eleito"}, {"seq": "5", "n": "13555", "vap": "406", "pvap": "   4,96", "e": "S", "st": "Eleito"}, {"seq": "21", "n": "13192", "vap": "170", "pvap": "   2,08", "e": "N", "st": "Suplente"}, {"seq": "18", "n": "13222", "vap": "231", "pvap": "   2,82", "e": "N", "st": "Suplente"}, {"seq": "26", "n": "13000", "vap": "98", "pvap": "   1,20", "e": "N", "st": "Suplente"}]}, {"dt": "15/11/2020", "ht": "22:08:14", "tf": "S", "and": "F", "tpabr": "ZONA", "cdabr": "115", "s": "25", "st": "25", "snt": "0", "si": "25", "sni": "0", "sa": "25", "sna": "0", "pst": " 100,00", "psnt": "   0,00", "psi": " 100,00", "psni": "   0,00", "psa": " 100,00", "psna": "   0,00", "e": "10538", "ea": "10538", "ena": "0", "esi": "10538", "esni": "0", "a": "1946", "c": "8592", "pea": " 100,00", "pena": "   0,00", "pesi": " 100,00", "pesni": "   0,00", "pa": "  18,47", "pc": "  81,53", "vnom": "7659", "vscv": "0", "vl": "532", "tv": "8592", "vvc": "8191", "vb": "70", "tvn": "331", "vn": "331", "vnt": "0", "vp": "0", "vv": "8191", "van": "0", "vansj": "0", "pvnom": "  93,51", "pvl": "   6,49", "pvvc": "  95,33", "pvb": "   0,82", "ptvn": "   3,85", "pvn": " 100,00", "pvnt": "   0,00", "pvp": "   0,00", "pvv": " 100,00", "pvan": "   0,00", "pvansj": "   0,00", "cand": [{"seq": "4", "n": "55888", "vap": "411", "pvap": "   5,02", "e": "S", "st": "Eleito"}, {"seq": "9", "n": "55666", "vap": "355", "pvap": "   4,33", "e": "S", "st": "Eleito"}, {"seq": "12", "n": "55000", "vap": "285", "pvap": "   3,48", "e": "N", "st": "Suplente"}, {"seq": "15", "n": "55444", "vap": "262", "pvap": "   3,20", "e": "N", "st": "Suplente"}, {"seq": "19", "n": "55555", "vap": "230", "pvap": "   2,81", "e": "N", "st": "Suplente"}, {"seq": "27", "n": "55222", "vap": "86", "pvap": "   1,05", "e": "N", "st": "Suplente"}, {"seq": "36", "n": "55001", "vap": "5", "pvap": "   0,06", "e": "N", "st": "Suplente"}, {"seq": "40", "n": "55003", "vap": "1", "pvap": "   0,01", "e": "N", "st": "Suplente"}, {"seq": "42", "n": "55002", "vap": "0", "pvap": "00.00", "e": "N", "st": "Suplente"}, {"seq": "43", "n": "55123", "vap": "0", "pvap": "00.00", "e": "N", "st": "Suplente"}, {"seq": "3", "n": "11333", "vap": "447", "pvap": "   5,46", "e": "S", "st": "Eleito"}, {"seq": "7", "n": "11000", "vap": "402", "pvap": "   4,91", "e": "S", "st": "Eleito"}, {"seq": "8", "n": "11777", "vap": "360", "pvap": "   4,40", "e": "S", "st": "Eleito"}, {"seq": "10", "n": "11111", "vap": "311", "pvap": "   3,80", "e": "N", "st": "Suplente"}, {"seq": "11", "n": "11444", "vap": "286", "pvap": "   3,49", "e": "N", "st": "Suplente"}, {"seq": "13", "n": "11222", "vap": "278", "pvap": "   3,39", "e": "N", "st": "Suplente"}, {"seq": "17", "n": "11345", "vap": "239", "pvap": "   2,92", "e": "N", "st": "Suplente"}, {"seq": "20", "n": "11456", "vap": "227", "pvap": "   2,77", "e": "N", "st": "Suplente"}, {"seq": "24", "n": "11123", "vap": "123", "pvap": "   1,50", "e": "N", "st": "Suplente"}, {"seq": "30", "n": "11555", "vap": "16", "pvap": "   0,20", "e": "N", "st": "Suplente"}, {"seq": "31", "n": "11999", "vap": "12", "pvap": "   0,15", "e": "N", "st": "Suplente"}, {"seq": "34", "n": "11666", "vap": "8", "pvap": "   0,10", "e": "N", "st": "Suplente"}, {"seq": "38", "n": "11125", "vap": "3", "pvap": "   0,04", "e": "N", "st": "Suplente"}, {"seq": "5", "n": "13555", "vap": "406", "pvap": "   4,96", "e": "S", "st": "Eleito"}, {"seq": "6", "n": "13333", "vap": "404", "pvap": "   4,93", "e": "S", "st": "Eleito"}, {"seq": "16", "n": "13456", "vap": "257", "pvap": "   3,14", "e": "N", "st": "Suplente"}, {"seq": "18", "n": "13222", "vap": "231", "pvap": "   2,82", "e": "N", "st": "Suplente"}, {"seq": "21", "n": "13192", "vap": "170", "pvap": "   2,08", "e": "N", "st": "Suplente"}, {"seq": "25", "n": "13123", "vap": "99", "pvap": "   1,21", "e": "N", "st": "Suplente"}, {"seq": "26", "n": "13000", "vap": "98", "pvap": "   1,20", "e": "N", "st": "Suplente"}, {"seq": "28", "n": "13611", "vap": "27", "pvap": "   0,33", "e": "N", "st": "Suplente"}, {"seq": "33", "n": "13666", "vap": "9", "pvap": "   0,11", "e": "N", "st": "Suplente"}, {"seq": "41", "n": "13444", "vap": "1", "pvap": "   0,01", "e": "N", "st": "Suplente"}, {"seq": "1", "n": "25345", "vap": "551", "pvap": "   6,73", "e": "S", "st": "Eleito"}, {"seq": "2", "n": "25000", "vap": "456", "pvap": "   5,57", "e": "S", "st": "Eleito"}, {"seq": "14", "n": "25123", "vap": "274", "pvap": "   3,35", "e": "N", "st": "Suplente"}, {"seq": "22", "n": "25555", "vap": "144", "pvap": "   1,76", "e": "N", "st": "Suplente"}, {"seq": "23", "n": "25444", "vap": "140", "pvap": "   1,71", "e": "N", "st": "Suplente"}, {"seq": "29", "n": "25777", "vap": "21", "pvap": "   0,26", "e": "N", "st": "Suplente"}, {"seq": "32", "n": "25424", "vap": "11", "pvap": "   0,13", "e": "N", "st": "Suplente"}, {"seq": "35", "n": "25666", "vap": "7", "pvap": "   0,09", "e": "N", "st": "Suplente"}, {"seq": "37", "n": "25111", "vap": "4", "pvap": "   0,05", "e": "N", "st": "Suplente"}, {"seq": "39", "n": "25333", "vap": "2", "pvap": "   0,02", "e": "N", "st": "Suplente"}]}]}