{"ele": "426", "carper": "13", "t": "1", "f": "O", "esae": "N", "mnae": " ", "dg": "15/11/2020", "hg": "23:02:28", "dv": "S", "nadf": "ba34363-c0013-e000426-002-f", "abr": [{"dt": "15/11/2020", "ht": "22:48:52", "tf": "S", "and": "F", "tpabr": "MU", "cdabr": "34363", "s": "21", "st": "21", "snt": "0", "si": "21", "sni": "0", "sa": "21", "sna": "0", "pst": " 100,00", "psnt": "   0,00", "psi": " 100,00", "psni": "   0,00", "psa": " 100,00", "psna": "   0,00", "e": "8896", "ea": "8896", "ena": "0", "esi": "8896", "esni": "0", "c": "7202", "a": "1694", "pea": " 100,00", "pena": "   0,00", "pesi": " 100,00", "pesni": "   0,00", "pa": "  19,04", "pc": "  80,96", "vscv": "0", "vnom": "6402", "vl": "410", "tv": "7202", "vvc": "6812", "vb": "49", "tvn": "341", "vn": "341", "vnt": "0", "vp": "0", "vv": "6812", "van": "0", "vansj": "0", "pvnom": "  93,98", "pvl": "   6,02", "pvvc": "  94,58", "pvb": "   0,69", "ptvn": "   4,73", "pvn": " 100,00", "pvnt": "   0,00", "pvp": "   0,00", "pvv": " 100,00", "pvan": "   0,00", "pvansj": "   0,00", "colig": [{"n": "50000153132", "tvtn": "4037", "tvan": "4037", "vag": "6", "tvtl": "195", "tval": "195"}, {"n": "50000085684", "tvtn": "49", "tvan": "49", "vag": "0", "tvtl": "9", "tval": "9"}, {"n": "50000148765", "tvtn": "2316", "tvan": "2316", "vag": "3", "tvtl": "206", "tval": "206"}], "part": [{"n": "55", "tvtn": "4037", "tvan": "4037", "tvtl": "195", "tval": "195"}, {"n": "10", "tvtn": "49", "tvan": "49", "tvtl": "9", "tval": "9"}, {"n": "13", "tvtn": "2316", "tvan": "2316", "tvtl": "206", "tval": "206"}], "cand": [{"seq": "8", "n": "55666", "vap": "348", "pvap": "   5,11", "e": "S", "st": "Eleito"}, {"seq": "16", "n": "55222", "vap": "178", "pvap": "   2,61", "e": "N", "st": "Suplente"}, {"seq": "19", "n": "55333", "vap": "114", "pvap": "   1,67", "e": "N", "st": "Suplente"}, {"seq": "4", "n": "55111", "vap": "431", "pvap": "   6,33", "e": "S", "st": "Eleito"}, {"seq": "10", "n": "55888", "vap": "332", "pvap": "   4,87", "e": "N", "st": "Suplente"}, {"seq": "6", "n": "55000", "vap": "384", "pvap": "   5,64", "e": "S", "st": "Eleito"}, {"seq": "20", "n": "55550", "vap": "89", "pvap": "   1,31", "e": "N", "st": "Suplente"}, {"seq": "1", "n": "55555", "vap": "567", "pvap": "   8,32", "e": "S", "st": "Eleito"}, {"seq": "12", "n": "55123", "vap": "299", "pvap": "   4,39", "e": "N", "st": "Suplente"}, {"seq": "5", "n": "55999", "vap": "390", "pvap": "   5,73", "e": "S", "st": "Eleito"}, {"seq": "13", "n": "55777", "vap": "252", "pvap": "   3,70", "e": "N", "st": "Suplente"}, {"seq": "23", "n": "55678", "vap": "64", "pvap": "   0,94", "e": "N", "st": "Suplente"}, {"seq": "2", "n": "55444", "vap": "525", "pvap": "   7,71", "e": "S", "st": "Eleito"}, {"seq": "22", "n": "55552", "vap": "64", "pvap": "   0,94", "e": "N", "st": "Suplente"}, {"seq": "29", "n": "10999", "vap": "1", "pvap": "   0,01", "e": "N", "st": "N\u00e3o eleito"}, {"seq": "28", "n": "10000", "vap": "13", "pvap": "   0,19", "e": "N", "st": "N\u00e3o eleito"}, {"seq": "27", "n": "10123", "vap": "35", "pvap": "   0,51", "e": "N", "st": "N\u00e3o eleito"}, {"seq": "17", "n": "13999", "vap": "166", "pvap": "   2,44", "e": "N", "st": "Suplente"}, {"seq": "7", "n": "13222", "vap": "365", "pvap": "   5,36", "e": "S", "st": "Eleito"}, {"seq": "15", "n": "13333", "vap": "218", "pvap": "   3,20", "e": "N", "st": "Suplente"}, {"seq": "26", "n": "13888", "vap": "3", "pvap": "   0,04", "e": "N", "st": "Suplente"}, {"seq": "3", "n": "13000", "vap": "441", "pvap": "   6,47", "e": "S", "st": "Eleito"}, {"seq": "14", "n": "13777", "vap": "245", "pvap": "   3,60", "e": "N", "st": "Suplente"}, {"seq": "11", "n": "13666", "vap": "311", "pvap": "   4,57", "e": "N", "st": "Suplente"}, {"seq": "9", "n": "13456", "vap": "314", "pvap": "   4,61", "e": "S", "st": "Eleito"}, {"seq": "21", "n": "13444", "vap": "64", "pvap": "   0,94", "e": "N", "st": "Suplente"}, {"seq": "18", "n": "13111", "vap": "143", "pvap": "   2,10", "e": "N", "st": "Suplente"}, {"seq": "25", "n": "13744", "vap": "19", "pvap": "   0,28", "e": "N", "st": "Suplente"}, {"seq": "24", "n": "13123", "vap": "27", "pvap": "   0,40", "e": "N", "st": "Suplente"}]}, {"dt": "15/11/2020", "ht": "22:48:52", "tf": "S", "and": "F", "tpabr": "ZONA", "cdabr": "161", "s": "21", "st": "21", "snt": "0", "si": "21", "sni": "0", "sa": "21", "sna": "0", "pst": " 100,00", "psnt": "   0,00", "psi": " 100,00", "psni": "   0,00", "psa": " 100,00", "psna": "   0,00", "e": "8896", "ea": "8896", "ena": "0", "esi": "8896", "esni": "0", "a": "1694", "c": "7202", "pea": " 100,00", "pena": "   0,00", "pesi": " 100,00", "pesni": "   0,00", "pa": "  19,04", "pc": "  80,96", "vnom": "6402", "vscv": "0", "vl": "410", "tv": "7202", "vvc": "6812", "vb": "49", "tvn": "341", "vn": "341", "vnt": "0", "vp": "0", "vv": "6812", "van": "0", "vansj": "0", "pvnom": "  93,98", "pvl": "   6,02", "pvvc": "  94,58", "pvb": "   0,69", "ptvn": "   4,73", "pvn": " 100,00", "pvnt": "   0,00", "pvp": "   0,00", "pvv": " 100,00", "pvan": "   0,00", "pvansj": "   0,00", "cand": [{"seq": "3", "n": "13000", "vap": "441", "pvap": "   6,47", "e": "S", "st": "Eleito"}, {"seq": "7", "n": "13222", "vap": "365", "pvap": "   5,36", "e": "S", "st": "Eleito"}, {"seq": "9", "n": "13456", "vap": "314", "pvap": "   4,61", "e": "S", "st": "Eleito"}, {"seq": "11", "n": "13666", "vap": "311", "pvap": "   4,57", "e": "N", "st": "Suplente"}, {"seq": "14", "n": "13777", "vap": "245", "pvap": "   3,60", "e": "N", "st": "Suplente"}, {"seq": "15", "n": "13333", "vap": "218", "pvap": "   3,20", "e": "N", "st": "Suplente"}, {"seq": "17", "n": "13999", "vap": "166", "pvap": "   2,44", "e": "N", "st": "Suplente"}, {"seq": "18", "n": "13111", "vap": "143", "pvap": "   2,10", "e": "N", "st": "Suplente"}, {"seq": "21", "n": "13444", "vap": "64", "pvap": "   0,94", "e": "N", "st": "Suplente"}, {"seq": "24", "n": "13123", "vap": "27", "pvap": "   0,40", "e": "N", "st": "Suplente"}, {"seq": "25", "n": "13744", "vap": "19", "pvap": "   0,28", "e": "N", "st": "Suplente"}, {"seq": "26", "n": "13888", "vap": "3", "pvap": "   0,04", "e": "N", "st": "Suplente"}, {"seq": "27", "n": "10123", "vap": "35", "pvap": "   0,51", "e": "N", "st": "N\u00e3o eleito"}, {"seq": "28", "n": "10000", "vap": "13", "pvap": "   0,19", "e": "N", "st": "N\u00e3o eleito"}, {"seq": "29", "n": "10999", "vap": "1", "pvap": "   0,01", "e": "N", "st": "N\u00e3o eleito"}, {"seq": "1", "n": "55555", "vap": "567", "pvap": "   8,32", "e": "S", "st": "Eleito"}, {"seq": "2", "n": "55444", "vap": "525", "pvap": "   7,71", "e": "S", "st": "Eleito"}, {"seq": "4", "n": "55111", "vap": "431", "pvap": "   6,33", "e": "S", "st": "Eleito"}, {"seq": "5", "n": "55999", "vap": "390", "pvap": "   5,73", "e": "S", "st": "Eleito"}, {"seq": "6", "n": "55000", "vap": "384", "pvap": "   5,64", "e": "S", "st": "Eleito"}, {"seq": "8", "n": "55666", "vap": "348", "pvap": "   5,11", "e": "S", "st": "Eleito"}, {"seq": "10", "n": "55888", "vap": "332", "pvap": "   4,87", "e": "N", "st": "Suplente"}, {"seq": "12", "n": "55123", "vap": "299", "pvap": "   4,39", "e": "N", "st": "Suplente"}, {"seq": "13", "n": "55777", "vap": "252", "pvap": "   3,70", "e": "N", "st": "Suplente"}, {"seq": "16", "n": "55222", "vap": "178", "pvap": "   2,61", "e": "N", "st": "Suplente"}, {"seq": "19", "n": "55333", "vap": "114", "pvap": "   1,67", "e": "N", "st": "Suplente"}, {"seq": "20", "n": "55550", "vap": "89", "pvap": "   1,31", "e": "N", "st": "Suplente"}, {"seq": "22", "n": "55552", "vap": "64", "pvap": "   0,94", "e": "N", "st": "Suplente"}, {"seq": "23", "n": "55678", "vap": "64", "pvap": "   0,94", "e": "N", "st": "Suplente"}]}]}