{"ele": "426", "carper": "13", "t": "1", "f": "O", "esae": "N", "mnae": " ", "dg": "15/11/2020", "hg": "22:39:34", "dv": "S", "nadf": "ba37370-c0013-e000426-003-f", "abr": [{"dt": "15/11/2020", "ht": "22:26:20", "tf": "S", "and": "F", "tpabr": "MU", "cdabr": "37370", "s": "22", "st": "22", "snt": "0", "si": "22", "sni": "0", "sa": "22", "sna": "0", "pst": " 100,00", "psnt": "   0,00", "psi": " 100,00", "psni": "   0,00", "psa": " 100,00", "psna": "   0,00", "e": "9644", "ea": "9644", "ena": "0", "esi": "9644", "esni": "0", "c": "7481", "a": "2163", "pea": " 100,00", "pena": "   0,00", "pesi": " 100,00", "pesni": "   0,00", "pa": "  22,43", "pc": "  77,57", "vscv": "0", "vnom": "6656", "vl": "501", "tv": "7481", "vvc": "7157", "vb": "75", "tvn": "249", "vn": "249", "vnt": "0", "vp": "0", "vv": "7157", "van": "0", "vansj": "0", "pvnom": "  93,00", "pvl": "   7,00", "pvvc": "  95,67", "pvb": "   1,00", "ptvn": "   3,33", "pvn": " 100,00", "pvnt": "   0,00", "pvp": "   0,00", "pvv": " 100,00", "pvan": "   0,00", "pvansj": "   0,00", "colig": [{"n": "50000112692", "tvtn": "1776", "tvan": "1776", "vag": "3", "tvtl": "230", "tval": "230"}, {"n": "50000105760", "tvtn": "447", "tvan": "447", "vag": "0", "tvtl": "23", "tval": "23"}, {"n": "50000106412", "tvtn": "1040", "tvan": "1040", "vag": "1", "tvtl": "41", "tval": "41"}, {"n": "50000113263", "tvtn": "698", "tvan": "698", "vag": "1", "tvtl": "52", "tval": "52"}, {"n": "50000105573", "tvtn": "2695", "tvan": "2695", "vag": "4", "tvtl": "155", "tval": "155"}], "part": [{"n": "13", "tvtn": "1776", "tvan": "1776", "tvtl": "230", "tval": "230"}, {"n": "25", "tvtn": "447", "tvan": "447", "tvtl": "23", "tval": "23"}, {"n": "15", "tvtn": "1040", "tvan": "1040", "tvtl": "41", "tval": "41"}, {"n": "11", "tvtn": "698", "tvan": "698", "tvtl": "52", "tval": "52"}, {"n": "55", "tvtn": "2695", "tvan": "2695", "tvtl": "155", "tval": "155"}], "cand": [{"seq": "40", "n": "13666", "vap": "2", "pvap": "   0,03", "e": "N", "st": "Suplente"}, {"seq": "1", "n": "13456", "vap": "636", "pvap": "   8,89", "e": "S", "st": "Eleito"}, {"seq": "32", "n": "13454", "vap": "32", "pvap": "   0,45", "e": "N", "st": "Suplente"}, {"seq": "31", "n": "13222", "vap": "37", "pvap": "   0,52", "e": "N", "st": "Suplente"}, {"seq": "7", "n": "13123", "vap": "301", "pvap": "   4,21", "e": "S", "st": "Eleito"}, {"seq": "28", "n": "13112", "vap": "50", "pvap": "   0,70", "e": "N", "st": "Suplente"}, {"seq": "10", "n": "13000", "vap": "241", "pvap": "   3,37", "e": "N", "st": "Suplente"}, {"seq": "5", "n": "13654", "vap": "409", "pvap": "   5,71", "e": "S", "st": "Eleito"}, {"seq": "25", "n": "13888", "vap": "56", "pvap": "   0,78", "e": "N", "st": "Suplente"}, {"seq": "38", "n": "13333", "vap": "12", "pvap": "   0,17", "e": "N", "st": "Suplente"}, {"seq": "41", "n": "25555", "vap": "184", "pvap": "   2,57", "e": "N", "st": "N\u00e3o eleito"}, {"seq": "44", "n": "25000", "vap": "16", "pvap": "   0,22", "e": "N", "st": "N\u00e3o eleito"}, {"seq": "43", "n": "25129", "vap": "108", "pvap": "   1,51", "e": "N", "st": "N\u00e3o eleito"}, {"seq": "42", "n": "25613", "vap": "139", "pvap": "   1,94", "e": "N", "st": "N\u00e3o eleito"}, {"seq": "15", "n": "15777", "vap": "148", "pvap": "   2,07", "e": "N", "st": "Suplente"}, {"seq": "27", "n": "15222", "vap": "53", "pvap": "   0,74", "e": "N", "st": "Suplente"}, {"seq": "33", "n": "15123", "vap": "32", "pvap": "   0,45", "e": "N", "st": "Suplente"}, {"seq": "35", "n": "15999", "vap": "25", "pvap": "   0,35", "e": "N", "st": "Suplente"}, {"seq": "29", "n": "15333", "vap": "42", "pvap": "   0,59", "e": "N", "st": "Suplente"}, {"seq": "22", "n": "15678", "vap": "68", "pvap": "   0,95", "e": "N", "st": "Suplente"}, {"seq": "39", "n": "15888", "vap": "9", "pvap": "   0,13", "e": "N", "st": "Suplente"}, {"seq": "20", "n": "15000", "vap": "100", "pvap": "   1,40", "e": "N", "st": "Suplente"}, {"seq": "24", "n": "15789", "vap": "63", "pvap": "   0,88", "e": "N", "st": "Suplente"}, {"seq": "3", "n": "15555", "vap": "500", "pvap": "   6,99", "e": "S", "st": "Eleito"}, {"seq": "21", "n": "11411", "vap": "81", "pvap": "   1,13", "e": "N", "st": "Suplente"}, {"seq": "37", "n": "11114", "vap": "19", "pvap": "   0,27", "e": "N", "st": "Suplente"}, {"seq": "30", "n": "11456", "vap": "40", "pvap": "   0,56", "e": "N", "st": "Suplente"}, {"seq": "6", "n": "11222", "vap": "348", "pvap": "   4,86", "e": "S", "st": "Eleito"}, {"seq": "14", "n": "11111", "vap": "155", "pvap": "   2,17", "e": "N", "st": "Suplente"}, {"seq": "26", "n": "11112", "vap": "55", "pvap": "   0,77", "e": "N", "st": "Suplente"}, {"seq": "17", "n": "55333", "vap": "127", "pvap": "   1,77", "e": "N", "st": "Suplente"}, {"seq": "4", "n": "55345", "vap": "420", "pvap": "   5,87", "e": "S", "st": "Eleito"}, {"seq": "2", "n": "55699", "vap": "585", "pvap": "   8,17", "e": "S", "st": "Eleito"}, {"seq": "8", "n": "55111", "vap": "267", "pvap": "   3,73", "e": "S", "st": "Eleito"}, {"seq": "18", "n": "55222", "vap": "124", "pvap": "   1,73", "e": "N", "st": "Suplente"}, {"seq": "9", "n": "55555", "vap": "260", "pvap": "   3,63", "e": "S", "st": "Eleito"}, {"seq": "13", "n": "55888", "vap": "158", "pvap": "   2,21", "e": "N", "st": "Suplente"}, {"seq": "34", "n": "55558", "vap": "30", "pvap": "   0,42", "e": "N", "st": "Suplente"}, {"seq": "11", "n": "55777", "vap": "205", "pvap": "   2,86", "e": "N", "st": "Suplente"}, {"seq": "23", "n": "55999", "vap": "66", "pvap": "   0,92", "e": "N", "st": "Suplente"}, {"seq": "16", "n": "55688", "vap": "145", "pvap": "   2,03", "e": "N", "st": "Suplente"}, {"seq": "19", "n": "55666", "vap": "114", "pvap": "   1,59", "e": "N", "st": "Suplente"}, {"seq": "36", "n": "55444", "vap": "23", "pvap": "   0,32", "e": "N", "st": "Suplente"}, {"seq": "12", "n": "55556", "vap": "171", "pvap": "   2,39", "e": "N", "st": "Suplente"}]}, {"dt": "15/11/2020", "ht": "22:26:20", "tf": "S", "and": "F", "tpabr": "ZONA", "cdabr": "92", "s": "22", "st": "22", "snt": "0", "si": "22", "sni": "0", "sa": "22", "sna": "0", "pst": " 100,00", "psnt": "   0,00", "psi": " 100,00", "psni": "   0,00", "psa": " 100,00", "psna": "   0,00", "e": "9644", "ea": "9644", "ena": "0", "esi": "9644", "esni": "0", "a": "2163", "c": "7481", "pea": " 100,00", "pena": "   0,00", "pesi": " 100,00", "pesni": "   0,00", "pa": "  22,43", "pc": "  77,57", "vnom": "6656", "vscv": "0", "vl": "501", "tv": "7481", "vvc": "7157", "vb": "75", "tvn": "249", "vn": "249", "vnt": "0", "vp": "0", "vv": "7157", "van": "0", "vansj": "0", "pvnom": "  93,00", "pvl": "   7,00", "pvvc": "  95,67", "pvb": "   1,00", "ptvn": "   3,33", "pvn": " 100,00", "pvnt": "   0,00", "pvp": "   0,00", "pvv": " 100,00", "pvan": "   0,00", "pvansj": "   0,00", "cand": [{"seq": "1", "n": "13456", "vap": "636", "pvap": "   8,89", "e": "S", "st": "Eleito"}, {"seq": "5", "n": "13654", "vap": "409", "pvap": "   5,71", "e": "S", "st": "Eleito"}, {"seq": "7", "n": "13123", "vap": "301", "pvap": "   4,21", "e": "S", "st": "Eleito"}, {"seq": "10", "n": "13000", "vap": "241", "pvap": "   3,37", "e": "N", "st": "Suplente"}, {"seq": "25", "n": "13888", "vap": "56", "pvap": "   0,78", "e": "N", "st": "Suplente"}, {"seq": "28", "n": "13112", "vap": "50", "pvap": "   0,70", "e": "N", "st": "Suplente"}, {"seq": "31", "n": "13222", "vap": "37", "pvap": "   0,52", "e": "N", "st": "Suplente"}, {"seq": "32", "n": "13454", "vap": "32", "pvap": "   0,45", "e": "N", "st": "Suplente"}, {"seq": "38", "n": "13333", "vap": "12", "pvap": "   0,17", "e": "N", "st": "Suplente"}, {"seq": "40", "n": "13666", "vap": "2", "pvap": "   0,03", "e": "N", "st": "Suplente"}, {"seq": "3", "n": "15555", "vap": "500", "pvap": "   6,99", "e": "S", "st": "Eleito"}, {"seq": "15", "n": "15777", "vap": "148", "pvap": "   2,07", "e": "N", "st": "Suplente"}, {"seq": "20", "n": "15000", "vap": "100", "pvap": "   1,40", "e": "N", "st": "Suplente"}, {"seq": "22", "n": "15678", "vap": "68", "pvap": "   0,95", "e": "N", "st": "Suplente"}, {"seq": "24", "n": "15789", "vap": "63", "pvap": "   0,88", "e": "N", "st": "Suplente"}, {"seq": "27", "n": "15222", "vap": "53", "pvap": "   0,74", "e": "N", "st": "Suplente"}, {"seq": "29", "n": "15333", "vap": "42", "pvap": "   0,59", "e": "N", "st": "Suplente"}, {"seq": "33", "n": "15123", "vap": "32", "pvap": "   0,45", "e": "N", "st": "Suplente"}, {"seq": "35", "n": "15999", "vap": "25", "pvap": "   0,35", "e": "N", "st": "Suplente"}, {"seq": "39", "n": "15888", "vap": "9", "pvap": "   0,13", "e": "N", "st": "Suplente"}, {"seq": "6", "n": "11222", "vap": "348", "pvap": "   4,86", "e": "S", "st": "Eleito"}, {"seq": "14", "n": "11111", "vap": "155", "pvap": "   2,17", "e": "N", "st": "Suplente"}, {"seq": "21", "n": "11411", "vap": "81", "pvap": "   1,13", "e": "N", "st": "Suplente"}, {"seq": "26", "n": "11112", "vap": "55", "pvap": "   0,77", "e": "N", "st": "Suplente"}, {"seq": "30", "n": "11456", "vap": "40", "pvap": "   0,56", "e": "N", "st": "Suplente"}, {"seq": "37", "n": "11114", "vap": "19", "pvap": "   0,27", "e": "N", "st": "Suplente"}, {"seq": "2", "n": "55699", "vap": "585", "pvap": "   8,17", "e": "S", "st": "Eleito"}, {"seq": "4", "n": "55345", "vap": "420", "pvap": "   5,87", "e": "S", "st": "Eleito"}, {"seq": "8", "n": "55111", "vap": "267", "pvap": "   3,73", "e": "S", "st": "Eleito"}, {"seq": "9", "n": "55555", "vap": "260", "pvap": "   3,63", "e": "S", "st": "Eleito"}, {"seq": "11", "n": "55777", "vap": "205", "pvap": "   2,86", "e": "N", "st": "Suplente"}, {"seq": "12", "n": "55556", "vap": "171", "pvap": "   2,39", "e": "N", "st": "Suplente"}, {"seq": "13", "n": "55888", "vap": "158", "pvap": "   2,21", "e": "N", "st": "Suplente"}, {"seq": "16", "n": "55688", "vap": "145", "pvap": "   2,03", "e": "N", "st": "Suplente"}, {"seq": "17", "n": "55333", "vap": "127", "pvap": "   1,77", "e": "N", "st": "Suplente"}, {"seq": "18", "n": "55222", "vap": "124", "pvap": "   1,73", "e": "N", "st": "Suplente"}, {"seq": "19", "n": "55666", "vap": "114", "pvap": "   1,59", "e": "N", "st": "Suplente"}, {"seq": "23", "n": "55999", "vap": "66", "pvap": "   0,92", "e": "N", "st": "Suplente"}, {"seq": "34", "n": "55558", "vap": "30", "pvap": "   0,42", "e": "N", "st": "Suplente"}, {"seq": "36", "n": "55444", "vap": "23", "pvap": "   0,32", "e": "N", "st": "Suplente"}, {"seq": "41", "n": "25555", "vap": "184", "pvap": "   2,57", "e": "N", "st": "N\u00e3o eleito"}, {"seq": "42", "n": "25613", "vap": "139", "pvap": "   1,94", "e": "N", "st": "N\u00e3o eleito"}, {"seq": "43", "n": "25129", "vap": "108", "pvap": "   1,51", "e": "N", "st": "N\u00e3o eleito"}, {"seq": "44", "n": "25000", "vap": "16", "pvap": "   0,22", "e": "N", "st": "N\u00e3o eleito"}]}]}