{"ele": "426", "carper": "13", "t": "1", "f": "O", "esae": "N", "mnae": " ", "dg": "15/11/2020", "hg": "22:14:28", "dv": "S", "nadf": "ba35572-c0013-e000426-002-f", "abr": [{"dt": "15/11/2020", "ht": "22:10:14", "tf": "S", "and": "F", "tpabr": "MU", "cdabr": "35572", "s": "20", "st": "20", "snt": "0", "si": "20", "sni": "0", "sa": "20", "sna": "0", "pst": " 100,00", "psnt": "   0,00", "psi": " 100,00", "psni": "   0,00", "psa": " 100,00", "psna": "   0,00", "e": "7284", "ea": "7284", "ena": "0", "esi": "7284", "esni": "0", "c": "5993", "a": "1291", "pea": " 100,00", "pena": "   0,00", "pesi": " 100,00", "pesni": "   0,00", "pa": "  17,72", "pc": "  82,28", "vscv": "0", "vnom": "5277", "vl": "379", "tv": "5993", "vvc": "5656", "vb": "63", "tvn": "274", "vn": "274", "vnt": "0", "vp": "0", "vv": "5656", "van": "0", "vansj": "0", "pvnom": "  93,30", "pvl": "   6,70", "pvvc": "  94,38", "pvb": "   1,05", "ptvn": "   4,57", "pvn": " 100,00", "pvnt": "   0,00", "pvp": "   0,00", "pvv": " 100,00", "pvan": "   0,00", "pvansj": "   0,00", "colig": [{"n": "50000058040", "tvtn": "2545", "tvan": "2545", "vag": "5", "tvtl": "204", "tval": "204"}, {"n": "50000051536", "tvtn": "1081", "tvan": "1081", "vag": "2", "tvtl": "24", "tval": "24"}, {"n": "50000051532", "tvtn": "446", "tvan": "446", "vag": "0", "tvtl": "19", "tval": "19"}, {"n": "50000057602", "tvtn": "11", "tvan": "11", "vag": "0", "tvtl": "5", "tval": "5"}, {"n": "50000051608", "tvtn": "1194", "tvan": "1194", "vag": "2", "tvtl": "127", "tval": "127"}], "part": [{"n": "11", "tvtn": "2545", "tvan": "2545", "tvtl": "204", "tval": "204"}, {"n": "36", "tvtn": "1081", "tvan": "1081", "tvtl": "24", "tval": "24"}, {"n": "13", "tvtn": "446", "tvan": "446", "tvtl": "19", "tval": "19"}, {"n": "19", "tvtn": "11", "tvan": "11", "tvtl": "5", "tval": "5"}, {"n": "51", "tvtn": "1194", "tvan": "1194", "tvtl": "127", "tval": "127"}], "cand": [{"seq": "4", "n": "11222", "vap": "354", "pvap": "   6,26", "e": "S", "st": "Eleito"}, {"seq": "24", "n": "11333", "vap": "35", "pvap": "   0,62", "e": "N", "st": "Suplente"}, {"seq": "10", "n": "11555", "vap": "225", "pvap": "   3,98", "e": "N", "st": "Suplente"}, {"seq": "5", "n": "11444", "vap": "293", "pvap": "   5,18", "e": "S", "st": "Eleito"}, {"seq": "3", "n": "11111", "vap": "387", "pvap": "   6,84", "e": "S", "st": "Eleito"}, {"seq": "1", "n": "11888", "vap": "495", "pvap": "   8,75", "e": "S", "st": "Eleito"}, {"seq": "18", "n": "11477", "vap": "112", "pvap": "   1,98", "e": "N", "st": "Suplente"}, {"seq": "14", "n": "11000", "vap": "126", "pvap": "   2,23", "e": "N", "st": "Suplente"}, {"seq": "36", "n": "11537", "vap": "9", "pvap": "   0,16", "e": "N", "st": "Suplente"}, {"seq": "33", "n": "11123", "vap": "16", "pvap": "   0,28", "e": "N", "st": "Suplente"}, {"seq": "29", "n": "11110", "vap": "23", "pvap": "   0,41", "e": "N", "st": "Suplente"}, {"seq": "2", "n": "11777", "vap": "470", "pvap": "   8,31", "e": "S", "st": "Eleito"}, {"seq": "39", "n": "36555", "vap": "0", "pvap": "00.00", "e": "N", "st": "Suplente"}, {"seq": "27", "n": "36550", "vap": "27", "pvap": "   0,48", "e": "N", "st": "Suplente"}, {"seq": "16", "n": "36999", "vap": "117", "pvap": "   2,07", "e": "N", "st": "Suplente"}, {"seq": "9", "n": "36222", "vap": "185", "pvap": "   3,27", "e": "S", "st": "Eleito"}, {"seq": "17", "n": "36777", "vap": "115", "pvap": "   2,03", "e": "N", "st": "Suplente"}, {"seq": "23", "n": "36333", "vap": "38", "pvap": "   0,67", "e": "N", "st": "Suplente"}, {"seq": "38", "n": "36900", "vap": "5", "pvap": "   0,09", "e": "N", "st": "Suplente"}, {"seq": "30", "n": "36660", "vap": "22", "pvap": "   0,39", "e": "N", "st": "Suplente"}, {"seq": "31", "n": "36123", "vap": "18", "pvap": "   0,32", "e": "N", "st": "Suplente"}, {"seq": "15", "n": "36000", "vap": "118", "pvap": "   2,09", "e": "N", "st": "Suplente"}, {"seq": "11", "n": "36111", "vap": "172", "pvap": "   3,04", "e": "N", "st": "Suplente"}, {"seq": "35", "n": "36667", "vap": "11", "pvap": "   0,19", "e": "N", "st": "Suplente"}, {"seq": "7", "n": "36666", "vap": "247", "pvap": "   4,37", "e": "S", "st": "Eleito"}, {"seq": "37", "n": "36888", "vap": "6", "pvap": "   0,11", "e": "N", "st": "Suplente"}, {"seq": "42", "n": "13141", "vap": "40", "pvap": "   0,71", "e": "N", "st": "N\u00e3o eleito"}, {"seq": "44", "n": "13123", "vap": "22", "pvap": "   0,39", "e": "N", "st": "N\u00e3o eleito"}, {"seq": "45", "n": "13222", "vap": "19", "pvap": "   0,34", "e": "N", "st": "N\u00e3o eleito"}, {"seq": "47", "n": "13456", "vap": "14", "pvap": "   0,25", "e": "N", "st": "N\u00e3o eleito"}, {"seq": "49", "n": "13444", "vap": "10", "pvap": "   0,18", "e": "N", "st": "N\u00e3o eleito"}, {"seq": "48", "n": "13777", "vap": "11", "pvap": "   0,19", "e": "N", "st": "N\u00e3o eleito"}, {"seq": "43", "n": "13000", "vap": "34", "pvap": "   0,60", "e": "N", "st": "N\u00e3o eleito"}, {"seq": "41", "n": "13111", "vap": "42", "pvap": "   0,74", "e": "N", "st": "N\u00e3o eleito"}, {"seq": "46", "n": "13555", "vap": "16", "pvap": "   0,28", "e": "N", "st": "N\u00e3o eleito"}, {"seq": "40", "n": "13333", "vap": "238", "pvap": "   4,21", "e": "N", "st": "N\u00e3o eleito"}, {"seq": "51", "n": "19145", "vap": "3", "pvap": "   0,05", "e": "N", "st": "N\u00e3o eleito"}, {"seq": "50", "n": "19133", "vap": "8", "pvap": "   0,14", "e": "N", "st": "N\u00e3o eleito"}, {"seq": "12", "n": "51101", "vap": "141", "pvap": "   2,49", "e": "N", "st": "Suplente"}, {"seq": "34", "n": "51456", "vap": "12", "pvap": "   0,21", "e": "N", "st": "Suplente"}, {"seq": "13", "n": "51000", "vap": "134", "pvap": "   2,37", "e": "N", "st": "Suplente"}, {"seq": "21", "n": "51777", "vap": "79", "pvap": "   1,40", "e": "N", "st": "Suplente"}, {"seq": "28", "n": "51333", "vap": "26", "pvap": "   0,46", "e": "N", "st": "Suplente"}, {"seq": "19", "n": "51444", "vap": "105", "pvap": "   1,86", "e": "N", "st": "Suplente"}, {"seq": "6", "n": "51999", "vap": "254", "pvap": "   4,49", "e": "S", "st": "Eleito"}, {"seq": "22", "n": "51555", "vap": "78", "pvap": "   1,38", "e": "N", "st": "Suplente"}, {"seq": "26", "n": "51222", "vap": "29", "pvap": "   0,51", "e": "N", "st": "Suplente"}, {"seq": "20", "n": "51666", "vap": "85", "pvap": "   1,50", "e": "N", "st": "Suplente"}, {"seq": "8", "n": "51888", "vap": "204", "pvap": "   3,61", "e": "S", "st": "Eleito"}, {"seq": "32", "n": "51234", "vap": "17", "pvap": "   0,30", "e": "N", "st": "Suplente"}, {"seq": "25", "n": "51789", "vap": "30", "pvap": "   0,53", "e": "N", "st": "Suplente"}]}, {"dt": "15/11/2020", "ht": "22:10:14", "tf": "S", "and": "F", "tpabr": "ZONA", "cdabr": "153", "s": "20", "st": "20", "snt": "0", "si": "20", "sni": "0", "sa": "20", "sna": "0", "pst": " 100,00", "psnt": "   0,00", "psi": " 100,00", "psni": "   0,00", "psa": " 100,00", "psna": "   0,00", "e": "7284", "ea": "7284", "ena": "0", "esi": "7284", "esni": "0", "a": "1291", "c": "5993", "pea": " 100,00", "pena": "   0,00", "pesi": " 100,00", "pesni": "   0,00", "pa": "  17,72", "pc": "  82,28", "vnom": "5277", "vscv": "0", "vl": "379", "tv": "5993", "vvc": "5656", "vb": "63", "tvn": "274", "vn": "274", "vnt": "0", "vp": "0", "vv": "5656", "van": "0", "vansj": "0", "pvnom": "  93,30", "pvl": "   6,70", "pvvc": "  94,38", "pvb": "   1,05", "ptvn": "   4,57", "pvn": " 100,00", "pvnt": "   0,00", "pvp": "   0,00", "pvv": " 100,00", "pvan": "   0,00", "pvansj": "   0,00", "cand": [{"seq": "50", "n": "19133", "vap": "8", "pvap": "   0,14", "e": "N", "st": "N\u00e3o eleito"}, {"seq": "51", "n": "19145", "vap": "3", "pvap": "   0,05", "e": "N", "st": "N\u00e3o eleito"}, {"seq": "6", "n": "51999", "vap": "254", "pvap": "   4,49", "e": "S", "st": "Eleito"}, {"seq": "8", "n": "51888", "vap": "204", "pvap": "   3,61", "e": "S", "st": "Eleito"}, {"seq": "12", "n": "51101", "vap": "141", "pvap": "   2,49", "e": "N", "st": "Suplente"}, {"seq": "13", "n": "51000", "vap": "134", "pvap": "   2,37", "e": "N", "st": "Suplente"}, {"seq": "19", "n": "51444", "vap": "105", "pvap": "   1,86", "e": "N", "st": "Suplente"}, {"seq": "20", "n": "51666", "vap": "85", "pvap": "   1,50", "e": "N", "st": "Suplente"}, {"seq": "21", "n": "51777", "vap": "79", "pvap": "   1,40", "e": "N", "st": "Suplente"}, {"seq": "22", "n": "51555", "vap": "78", "pvap": "   1,38", "e": "N", "st": "Suplente"}, {"seq": "25", "n": "51789", "vap": "30", "pvap": "   0,53", "e": "N", "st": "Suplente"}, {"seq": "26", "n": "51222", "vap": "29", "pvap": "   0,51", "e": "N", "st": "Suplente"}, {"seq": "28", "n": "51333", "vap": "26", "pvap": "   0,46", "e": "N", "st": "Suplente"}, {"seq": "32", "n": "51234", "vap": "17", "pvap": "   0,30", "e": "N", "st": "Suplente"}, {"seq": "34", "n": "51456", "vap": "12", "pvap": "   0,21", "e": "N", "st": "Suplente"}, {"seq": "40", "n": "13333", "vap": "238", "pvap": "   4,21", "e": "N", "st": "N\u00e3o eleito"}, {"seq": "41", "n": "13111", "vap": "42", "pvap": "   0,74", "e": "N", "st": "N\u00e3o eleito"}, {"seq": "42", "n": "13141", "vap": "40", "pvap": "   0,71", "e": "N", "st": "N\u00e3o eleito"}, {"seq": "43", "n": "13000", "vap": "34", "pvap": "   0,60", "e": "N", "st": "N\u00e3o eleito"}, {"seq": "44", "n": "13123", "vap": "22", "pvap": "   0,39", "e": "N", "st": "N\u00e3o eleito"}, {"seq": "45", "n": "13222", "vap": "19", "pvap": "   0,34", "e": "N", "st": "N\u00e3o eleito"}, {"seq": "46", "n": "13555", "vap": "16", "pvap": "   0,28", "e": "N", "st": "N\u00e3o eleito"}, {"seq": "47", "n": "13456", "vap": "14", "pvap": "   0,25", "e": "N", "st": "N\u00e3o eleito"}, {"seq": "48", "n": "13777", "vap": "11", "pvap": "   0,19", "e": "N", "st": "N\u00e3o eleito"}, {"seq": "49", "n": "13444", "vap": "10", "pvap": "   0,18", "e": "N", "st": "N\u00e3o eleito"}, {"seq": "7", "n": "36666", "vap": "247", "pvap": "   4,37", "e": "S", "st": "Eleito"}, {"seq": "9", "n": "36222", "vap": "185", "pvap": "   3,27", "e": "S", "st": "Eleito"}, {"seq": "11", "n": "36111", "vap": "172", "pvap": "   3,04", "e": "N", "st": "Suplente"}, {"seq": "15", "n": "36000", "vap": "118", "pvap": "   2,09", "e": "N", "st": "Suplente"}, {"seq": "16", "n": "36999", "vap": "117", "pvap": "   2,07", "e": "N", "st": "Suplente"}, {"seq": "17", "n": "36777", "vap": "115", "pvap": "   2,03", "e": "N", "st": "Suplente"}, {"seq": "23", "n": "36333", "vap": "38", "pvap": "   0,67", "e": "N", "st": "Suplente"}, {"seq": "27", "n": "36550", "vap": "27", "pvap": "   0,48", "e": "N", "st": "Suplente"}, {"seq": "30", "n": "36660", "vap": "22", "pvap": "   0,39", "e": "N", "st": "Suplente"}, {"seq": "31", "n": "36123", "vap": "18", "pvap": "   0,32", "e": "N", "st": "Suplente"}, {"seq": "35", "n": "36667", "vap": "11", "pvap": "   0,19", "e": "N", "st": "Suplente"}, {"seq": "37", "n": "36888", "vap": "6", "pvap": "   0,11", "e": "N", "st": "Suplente"}, {"seq": "38", "n": "36900", "vap": "5", "pvap": "   0,09", "e": "N", "st": "Suplente"}, {"seq": "39", "n": "36555", "vap": "0", "pvap": "00.00", "e": "N", "st": "Suplente"}, {"seq": "1", "n": "11888", "vap": "495", "pvap": "   8,75", "e": "S", "st": "Eleito"}, {"seq": "2", "n": "11777", "vap": "470", "pvap": "   8,31", "e": "S", "st": "Eleito"}, {"seq": "3", "n": "11111", "vap": "387", "pvap": "   6,84", "e": "S", "st": "Eleito"}, {"seq": "4", "n": "11222", "vap": "354", "pvap": "   6,26", "e": "S", "st": "Eleito"}, {"seq": "5", "n": "11444", "vap": "293", "pvap": "   5,18", "e": "S", "st": "Eleito"}, {"seq": "10", "n": "11555", "vap": "225", "pvap": "   3,98", "e": "N", "st": "Suplente"}, {"seq": "14", "n": "11000", "vap": "126", "pvap": "   2,23", "e": "N", "st": "Suplente"}, {"seq": "18", "n": "11477", "vap": "112", "pvap": "   1,98", "e": "N", "st": "Suplente"}, {"seq": "24", "n": "11333", "vap": "35", "pvap": "   0,62", "e": "N", "st": "Suplente"}, {"seq": "29", "n": "11110", "vap": "23", "pvap": "   0,41", "e": "N", "st": "Suplente"}, {"seq": "33", "n": "11123", "vap": "16", "pvap": "   0,28", "e": "N", "st": "Suplente"}, {"seq": "36", "n": "11537", "vap": "9", "pvap": "   0,16", "e": "N", "st": "Suplente"}]}]}