{"ele": "426", "carper": "13", "t": "1", "f": "O", "esae": "N", "mnae": " ", "dg": "15/11/2020", "hg": "23:31:49", "dv": "S", "nadf": "ba34371-c0013-e000426-003-f", "abr": [{"dt": "15/11/2020", "ht": "23:02:14", "tf": "S", "and": "F", "tpabr": "MU", "cdabr": "34371", "s": "39", "st": "39", "snt": "0", "si": "39", "sni": "0", "sa": "39", "sna": "0", "pst": " 100,00", "psnt": "   0,00", "psi": " 100,00", "psni": "   0,00", "psa": " 100,00", "psna": "   0,00", "e": "15938", "ea": "15938", "ena": "0", "esi": "15938", "esni": "0", "c": "12893", "a": "3045", "pea": " 100,00", "pena": "   0,00", "pesi": " 100,00", "pesni": "   0,00", "pa": "  19,11", "pc": "  80,89", "vscv": "0", "vnom": "11427", "vl": "743", "tv": "12893", "vvc": "12170", "vb": "135", "tvn": "588", "vn": "588", "vnt": "0", "vp": "0", "vv": "12170", "van": "0", "vansj": "0", "pvnom": "  93,89", "pvl": "   6,11", "pvvc": "  94,39", "pvb": "   1,05", "ptvn": "   4,56", "pvn": " 100,00", "pvnt": "   0,00", "pvp": "   0,00", "pvv": " 100,00", "pvan": "   0,00", "pvansj": "   0,00", "colig": [{"n": "50000151958", "tvtn": "2719", "tvan": "2719", "vag": "3", "tvtl": "54", "tval": "54"}, {"n": "50000140534", "tvtn": "2497", "tvan": "2497", "vag": "2", "tvtl": "46", "tval": "46"}, {"n": "50000150150", "tvtn": "2032", "tvan": "2032", "vag": "2", "tvtl": "358", "tval": "358"}, {"n": "50000152175", "tvtn": "1950", "tvan": "1950", "vag": "2", "tvtl": "194", "tval": "194"}, {"n": "50000140130", "tvtn": "1714", "tvan": "1714", "vag": "2", "tvtl": "70", "tval": "70"}, {"n": "50000151862", "tvtn": "515", "tvan": "515", "vag": "0", "tvtl": "21", "tval": "21"}], "part": [{"n": "27", "tvtn": "2719", "tvan": "2719", "tvtl": "54", "tval": "54"}, {"n": "25", "tvtn": "2497", "tvan": "2497", "tvtl": "46", "tval": "46"}, {"n": "11", "tvtn": "2032", "tvan": "2032", "tvtl": "358", "tval": "358"}, {"n": "90", "tvtn": "1950", "tvan": "1950", "tvtl": "194", "tval": "194"}, {"n": "12", "tvtn": "1714", "tvan": "1714", "tvtl": "70", "tval": "70"}, {"n": "13", "tvtn": "515", "tvan": "515", "tvtl": "21", "tval": "21"}], "cand": [{"seq": "34", "n": "27000", "vap": "123", "pvap": "   1,01", "e": "N", "st": "Suplente"}, {"seq": "12", "n": "27222", "vap": "285", "pvap": "   2,34", "e": "N", "st": "Suplente"}, {"seq": "72", "n": "27111", "vap": "25", "pvap": "   0,21", "e": "N", "st": "Suplente"}, {"seq": "80", "n": "27456", "vap": "7", "pvap": "   0,06", "e": "N", "st": "Suplente"}, {"seq": "57", "n": "27333", "vap": "51", "pvap": "   0,42", "e": "N", "st": "Suplente"}, {"seq": "21", "n": "27612", "vap": "174", "pvap": "   1,43", "e": "N", "st": "Suplente"}, {"seq": "68", "n": "27666", "vap": "31", "pvap": "   0,25", "e": "N", "st": "Suplente"}, {"seq": "16", "n": "27890", "vap": "251", "pvap": "   2,06", "e": "N", "st": "Suplente"}, {"seq": "5", "n": "27777", "vap": "367", "pvap": "   3,02", "e": "S", "st": "Eleito"}, {"seq": "58", "n": "27772", "vap": "50", "pvap": "   0,41", "e": "N", "st": "Suplente"}, {"seq": "2", "n": "27888", "vap": "443", "pvap": "   3,64", "e": "S", "st": "Eleito"}, {"seq": "74", "n": "27277", "vap": "24", "pvap": "   0,20", "e": "N", "st": "Suplente"}, {"seq": "43", "n": "27555", "vap": "96", "pvap": "   0,79", "e": "N", "st": "Suplente"}, {"seq": "79", "n": "27999", "vap": "8", "pvap": "   0,07", "e": "N", "st": "Suplente"}, {"seq": "18", "n": "27123", "vap": "233", "pvap": "   1,91", "e": "N", "st": "Suplente"}, {"seq": "48", "n": "27789", "vap": "83", "pvap": "   0,68", "e": "N", "st": "Suplente"}, {"seq": "1", "n": "27444", "vap": "468", "pvap": "   3,85", "e": "S", "st": "Eleito"}, {"seq": "47", "n": "25005", "vap": "86", "pvap": "   0,71", "e": "N", "st": "Suplente"}, {"seq": "60", "n": "25678", "vap": "47", "pvap": "   0,39", "e": "N", "st": "Suplente"}, {"seq": "4", "n": "25888", "vap": "401", "pvap": "   3,29", "e": "S", "st": "Eleito"}, {"seq": "29", "n": "25123", "vap": "155", "pvap": "   1,27", "e": "N", "st": "Suplente"}, {"seq": "14", "n": "25111", "vap": "263", "pvap": "   2,16", "e": "N", "st": "Suplente"}, {"seq": "38", "n": "25444", "vap": "106", "pvap": "   0,87", "e": "N", "st": "Suplente"}, {"seq": "36", "n": "25333", "vap": "112", "pvap": "   0,92", "e": "N", "st": "Suplente"}, {"seq": "13", "n": "25222", "vap": "282", "pvap": "   2,32", "e": "N", "st": "Suplente"}, {"seq": "67", "n": "25321", "vap": "32", "pvap": "   0,26", "e": "N", "st": "Suplente"}, {"seq": "17", "n": "25777", "vap": "243", "pvap": "   2,00", "e": "N", "st": "Suplente"}, {"seq": "50", "n": "25255", "vap": "77", "pvap": "   0,63", "e": "N", "st": "Suplente"}, {"seq": "49", "n": "25789", "vap": "79", "pvap": "   0,65", "e": "N", "st": "Suplente"}, {"seq": "75", "n": "25000", "vap": "24", "pvap": "   0,20", "e": "N", "st": "Suplente"}, {"seq": "8", "n": "25999", "vap": "291", "pvap": "   2,39", "e": "S", "st": "Eleito"}, {"seq": "69", "n": "25666", "vap": "29", "pvap": "   0,24", "e": "N", "st": "Suplente"}, {"seq": "77", "n": "25880", "vap": "15", "pvap": "   0,12", "e": "N", "st": "Suplente"}, {"seq": "15", "n": "25555", "vap": "255", "pvap": "   2,10", "e": "N", "st": "Suplente"}, {"seq": "52", "n": "11999", "vap": "76", "pvap": "   0,62", "e": "N", "st": "Suplente"}, {"seq": "70", "n": "11888", "vap": "27", "pvap": "   0,22", "e": "N", "st": "Suplente"}, {"seq": "39", "n": "11233", "vap": "106", "pvap": "   0,87", "e": "N", "st": "Suplente"}, {"seq": "40", "n": "11666", "vap": "106", "pvap": "   0,87", "e": "N", "st": "Suplente"}, {"seq": "23", "n": "11555", "vap": "169", "pvap": "   1,39", "e": "N", "st": "Suplente"}, {"seq": "32", "n": "11333", "vap": "148", "pvap": "   1,22", "e": "N", "st": "Suplente"}, {"seq": "7", "n": "11111", "vap": "316", "pvap": "   2,60", "e": "S", "st": "Eleito"}, {"seq": "42", "n": "11789", "vap": "103", "pvap": "   0,85", "e": "N", "st": "Suplente"}, {"seq": "78", "n": "11113", "vap": "9", "pvap": "   0,07", "e": "N", "st": "Suplente"}, {"seq": "54", "n": "11123", "vap": "58", "pvap": "   0,48", "e": "N", "st": "Suplente"}, {"seq": "37", "n": "11234", "vap": "109", "pvap": "   0,90", "e": "N", "st": "Suplente"}, {"seq": "30", "n": "11444", "vap": "153", "pvap": "   1,26", "e": "N", "st": "Suplente"}, {"seq": "22", "n": "11222", "vap": "171", "pvap": "   1,41", "e": "N", "st": "Suplente"}, {"seq": "64", "n": "11331", "vap": "34", "pvap": "   0,28", "e": "N", "st": "Suplente"}, {"seq": "10", "n": "11456", "vap": "243", "pvap": "   2,00", "e": "S", "st": "Eleito"}, {"seq": "20", "n": "11000", "vap": "204", "pvap": "   1,68", "e": "N", "st": "Suplente"}, {"seq": "84", "n": "90909", "vap": "2", "pvap": "   0,02", "e": "N", "st": "Suplente"}, {"seq": "33", "n": "90999", "vap": "142", "pvap": "   1,17", "e": "N", "st": "Suplente"}, {"seq": "6", "n": "90222", "vap": "363", "pvap": "   2,98", "e": "S", "st": "Eleito"}, {"seq": "45", "n": "90111", "vap": "91", "pvap": "   0,75", "e": "N", "st": "Suplente"}, {"seq": "3", "n": "90000", "vap": "435", "pvap": "   3,57", "e": "S", "st": "Eleito"}, {"seq": "59", "n": "90888", "vap": "48", "pvap": "   0,39", "e": "N", "st": "Suplente"}, {"seq": "51", "n": "90141", "vap": "76", "pvap": "   0,62", "e": "N", "st": "Suplente"}, {"seq": "53", "n": "90777", "vap": "70", "pvap": "   0,58", "e": "N", "st": "Suplente"}, {"seq": "73", "n": "90369", "vap": "24", "pvap": "   0,20", "e": "N", "st": "Suplente"}, {"seq": "27", "n": "90001", "vap": "158", "pvap": "   1,30", "e": "N", "st": "Suplente"}, {"seq": "31", "n": "90123", "vap": "152", "pvap": "   1,25", "e": "N", "st": "Suplente"}, {"seq": "41", "n": "90666", "vap": "105", "pvap": "   0,86", "e": "N", "st": "Suplente"}, {"seq": "66", "n": "90147", "vap": "33", "pvap": "   0,27", "e": "N", "st": "Suplente"}, {"seq": "61", "n": "90800", "vap": "44", "pvap": "   0,36", "e": "N", "st": "Suplente"}, {"seq": "44", "n": "90555", "vap": "95", "pvap": "   0,78", "e": "N", "st": "Suplente"}, {"seq": "46", "n": "90333", "vap": "87", "pvap": "   0,71", "e": "N", "st": "Suplente"}, {"seq": "71", "n": "90444", "vap": "25", "pvap": "   0,21", "e": "N", "st": "Suplente"}, {"seq": "26", "n": "12000", "vap": "159", "pvap": "   1,31", "e": "N", "st": "Suplente"}, {"seq": "65", "n": "12666", "vap": "33", "pvap": "   0,27", "e": "N", "st": "Suplente"}, {"seq": "63", "n": "12111", "vap": "38", "pvap": "   0,31", "e": "N", "st": "Suplente"}, {"seq": "25", "n": "12012", "vap": "163", "pvap": "   1,34", "e": "N", "st": "Suplente"}, {"seq": "82", "n": "12445", "vap": "3", "pvap": "   0,02", "e": "N", "st": "Suplente"}, {"seq": "76", "n": "12888", "vap": "21", "pvap": "   0,17", "e": "N", "st": "Suplente"}, {"seq": "62", "n": "12227", "vap": "38", "pvap": "   0,31", "e": "N", "st": "Suplente"}, {"seq": "28", "n": "12222", "vap": "157", "pvap": "   1,29", "e": "N", "st": "Suplente"}, {"seq": "83", "n": "12224", "vap": "3", "pvap": "   0,02", "e": "N", "st": "Suplente"}, {"seq": "56", "n": "12444", "vap": "55", "pvap": "   0,45", "e": "N", "st": "Suplente"}, {"seq": "9", "n": "12345", "vap": "276", "pvap": "   2,27", "e": "S", "st": "Eleito"}, {"seq": "35", "n": "12999", "vap": "115", "pvap": "   0,94", "e": "N", "st": "Suplente"}, {"seq": "24", "n": "12777", "vap": "165", "pvap": "   1,36", "e": "N", "st": "Suplente"}, {"seq": "55", "n": "12330", "vap": "56", "pvap": "   0,46", "e": "N", "st": "Suplente"}, {"seq": "81", "n": "12221", "vap": "4", "pvap": "   0,03", "e": "N", "st": "Suplente"}, {"seq": "19", "n": "12555", "vap": "210", "pvap": "   1,73", "e": "N", "st": "Suplente"}, {"seq": "11", "n": "12333", "vap": "218", "pvap": "   1,79", "e": "S", "st": "Eleito"}, {"seq": "85", "n": "13222", "vap": "167", "pvap": "   1,37", "e": "N", "st": "N\u00e3o eleito"}, {"seq": "93", "n": "13777", "vap": "4", "pvap": "   0,03", "e": "N", "st": "N\u00e3o eleito"}, {"seq": "86", "n": "13333", "vap": "152", "pvap": "   1,25", "e": "N", "st": "N\u00e3o eleito"}, {"seq": "90", "n": "13143", "vap": "24", "pvap": "   0,20", "e": "N", "st": "N\u00e3o eleito"}, {"seq": "89", "n": "13000", "vap": "24", "pvap": "   0,20", "e": "N", "st": "N\u00e3o eleito"}, {"seq": "91", "n": "13456", "vap": "14", "pvap": "   0,12", "e": "N", "st": "N\u00e3o eleito"}, {"seq": "92", "n": "13234", "vap": "6", "pvap": "   0,05", "e": "N", "st": "N\u00e3o eleito"}, {"seq": "87", "n": "13229", "vap": "78", "pvap": "   0,64", "e": "N", "st": "N\u00e3o eleito"}, {"seq": "88", "n": "13123", "vap": "46", "pvap": "   0,38", "e": "N", "st": "N\u00e3o eleito"}]}, {"dt": "15/11/2020", "ht": "23:02:14", "tf": "S", "and": "F", "tpabr": "ZONA", "cdabr": "112", "s": "39", "st": "39", "snt": "0", "si": "39", "sni": "0", "sa": "39", "sna": "0", "pst": " 100,00", "psnt": "   0,00", "psi": " 100,00", "psni": "   0,00", "psa": " 100,00", "psna": "   0,00", "e": "15938", "ea": "15938", "ena": "0", "esi": "15938", "esni": "0", "a": "3045", "c": "12893", "pea": " 100,00", "pena": "   0,00", "pesi": " 100,00", "pesni": "   0,00", "pa": "  19,11", "pc": "  80,89", "vnom": "11427", "vscv": "0", "vl": "743", "tv": "12893", "vvc": "12170", "vb": "135", "tvn": "588", "vn": "588", "vnt": "0", "vp": "0", "vv": "12170", "van": "0", "vansj": "0", "pvnom": "  93,89", "pvl": "   6,11", "pvvc": "  94,39", "pvb": "   1,05", "ptvn": "   4,56", "pvn": " 100,00", "pvnt": "   0,00", "pvp": "   0,00", "pvv": " 100,00", "pvan": "   0,00", "pvansj": "   0,00", "cand": [{"seq": "79", "n": "27999", "vap": "8", "pvap": "   0,07", "e": "N", "st": "Suplente"}, {"seq": "18", "n": "27123", "vap": "233", "pvap": "   1,91", "e": "N", "st": "Suplente"}, {"seq": "58", "n": "27772", "vap": "50", "pvap": "   0,41", "e": "N", "st": "Suplente"}, {"seq": "48", "n": "27789", "vap": "83", "pvap": "   0,68", "e": "N", "st": "Suplente"}, {"seq": "72", "n": "27111", "vap": "25", "pvap": "   0,21", "e": "N", "st": "Suplente"}, {"seq": "68", "n": "27666", "vap": "31", "pvap": "   0,25", "e": "N", "st": "Suplente"}, {"seq": "2", "n": "27888", "vap": "443", "pvap": "   3,64", "e": "S", "st": "Eleito"}, {"seq": "16", "n": "27890", "vap": "251", "pvap": "   2,06", "e": "N", "st": "Suplente"}, {"seq": "34", "n": "27000", "vap": "123", "pvap": "   1,01", "e": "N", "st": "Suplente"}, {"seq": "74", "n": "27277", "vap": "24", "pvap": "   0,20", "e": "N", "st": "Suplente"}, {"seq": "1", "n": "27444", "vap": "468", "pvap": "   3,85", "e": "S", "st": "Eleito"}, {"seq": "80", "n": "27456", "vap": "7", "pvap": "   0,06", "e": "N", "st": "Suplente"}, {"seq": "43", "n": "27555", "vap": "96", "pvap": "   0,79", "e": "N", "st": "Suplente"}, {"seq": "12", "n": "27222", "vap": "285", "pvap": "   2,34", "e": "N", "st": "Suplente"}, {"seq": "57", "n": "27333", "vap": "51", "pvap": "   0,42", "e": "N", "st": "Suplente"}, {"seq": "21", "n": "27612", "vap": "174", "pvap": "   1,43", "e": "N", "st": "Suplente"}, {"seq": "5", "n": "27777", "vap": "367", "pvap": "   3,02", "e": "S", "st": "Eleito"}, {"seq": "40", "n": "11666", "vap": "106", "pvap": "   0,87", "e": "N", "st": "Suplente"}, {"seq": "30", "n": "11444", "vap": "153", "pvap": "   1,26", "e": "N", "st": "Suplente"}, {"seq": "32", "n": "11333", "vap": "148", "pvap": "   1,22", "e": "N", "st": "Suplente"}, {"seq": "78", "n": "11113", "vap": "9", "pvap": "   0,07", "e": "N", "st": "Suplente"}, {"seq": "10", "n": "11456", "vap": "243", "pvap": "   2,00", "e": "S", "st": "Eleito"}, {"seq": "64", "n": "11331", "vap": "34", "pvap": "   0,28", "e": "N", "st": "Suplente"}, {"seq": "22", "n": "11222", "vap": "171", "pvap": "   1,41", "e": "N", "st": "Suplente"}, {"seq": "37", "n": "11234", "vap": "109", "pvap": "   0,90", "e": "N", "st": "Suplente"}, {"seq": "54", "n": "11123", "vap": "58", "pvap": "   0,48", "e": "N", "st": "Suplente"}, {"seq": "7", "n": "11111", "vap": "316", "pvap": "   2,60", "e": "S", "st": "Eleito"}, {"seq": "20", "n": "11000", "vap": "204", "pvap": "   1,68", "e": "N", "st": "Suplente"}, {"seq": "52", "n": "11999", "vap": "76", "pvap": "   0,62", "e": "N", "st": "Suplente"}, {"seq": "70", "n": "11888", "vap": "27", "pvap": "   0,22", "e": "N", "st": "Suplente"}, {"seq": "42", "n": "11789", "vap": "103", "pvap": "   0,85", "e": "N", "st": "Suplente"}, {"seq": "23", "n": "11555", "vap": "169", "pvap": "   1,39", "e": "N", "st": "Suplente"}, {"seq": "39", "n": "11233", "vap": "106", "pvap": "   0,87", "e": "N", "st": "Suplente"}, {"seq": "29", "n": "25123", "vap": "155", "pvap": "   1,27", "e": "N", "st": "Suplente"}, {"seq": "17", "n": "25777", "vap": "243", "pvap": "   2,00", "e": "N", "st": "Suplente"}, {"seq": "75", "n": "25000", "vap": "24", "pvap": "   0,20", "e": "N", "st": "Suplente"}, {"seq": "8", "n": "25999", "vap": "291", "pvap": "   2,39", "e": "S", "st": "Eleito"}, {"seq": "14", "n": "25111", "vap": "263", "pvap": "   2,16", "e": "N", "st": "Suplente"}, {"seq": "67", "n": "25321", "vap": "32", "pvap": "   0,26", "e": "N", "st": "Suplente"}, {"seq": "36", "n": "25333", "vap": "112", "pvap": "   0,92", "e": "N", "st": "Suplente"}, {"seq": "77", "n": "25880", "vap": "15", "pvap": "   0,12", "e": "N", "st": "Suplente"}, {"seq": "13", "n": "25222", "vap": "282", "pvap": "   2,32", "e": "N", "st": "Suplente"}, {"seq": "69", "n": "25666", "vap": "29", "pvap": "   0,24", "e": "N", "st": "Suplente"}, {"seq": "60", "n": "25678", "vap": "47", "pvap": "   0,39", "e": "N", "st": "Suplente"}, {"seq": "38", "n": "25444", "vap": "106", "pvap": "   0,87", "e": "N", "st": "Suplente"}, {"seq": "47", "n": "25005", "vap": "86", "pvap": "   0,71", "e": "N", "st": "Suplente"}, {"seq": "50", "n": "25255", "vap": "77", "pvap": "   0,63", "e": "N", "st": "Suplente"}, {"seq": "49", "n": "25789", "vap": "79", "pvap": "   0,65", "e": "N", "st": "Suplente"}, {"seq": "4", "n": "25888", "vap": "401", "pvap": "   3,29", "e": "S", "st": "Eleito"}, {"seq": "15", "n": "25555", "vap": "255", "pvap": "   2,10", "e": "N", "st": "Suplente"}, {"seq": "27", "n": "90001", "vap": "158", "pvap": "   1,30", "e": "N", "st": "Suplente"}, {"seq": "6", "n": "90222", "vap": "363", "pvap": "   2,98", "e": "S", "st": "Eleito"}, {"seq": "51", "n": "90141", "vap": "76", "pvap": "   0,62", "e": "N", "st": "Suplente"}, {"seq": "66", "n": "90147", "vap": "33", "pvap": "   0,27", "e": "N", "st": "Suplente"}, {"seq": "61", "n": "90800", "vap": "44", "pvap": "   0,36", "e": "N", "st": "Suplente"}, {"seq": "84", "n": "90909", "vap": "2", "pvap": "   0,02", "e": "N", "st": "Suplente"}, {"seq": "73", "n": "90369", "vap": "24", "pvap": "   0,20", "e": "N", "st": "Suplente"}, {"seq": "71", "n": "90444", "vap": "25", "pvap": "   0,21", "e": "N", "st": "Suplente"}, {"seq": "33", "n": "90999", "vap": "142", "pvap": "   1,17", "e": "N", "st": "Suplente"}, {"seq": "45", "n": "90111", "vap": "91", "pvap": "   0,75", "e": "N", "st": "Suplente"}, {"seq": "46", "n": "90333", "vap": "87", "pvap": "   0,71", "e": "N", "st": "Suplente"}, {"seq": "44", "n": "90555", "vap": "95", "pvap": "   0,78", "e": "N", "st": "Suplente"}, {"seq": "59", "n": "90888", "vap": "48", "pvap": "   0,39", "e": "N", "st": "Suplente"}, {"seq": "3", "n": "90000", "vap": "435", "pvap": "   3,57", "e": "S", "st": "Eleito"}, {"seq": "31", "n": "90123", "vap": "152", "pvap": "   1,25", "e": "N", "st": "Suplente"}, {"seq": "41", "n": "90666", "vap": "105", "pvap": "   0,86", "e": "N", "st": "Suplente"}, {"seq": "53", "n": "90777", "vap": "70", "pvap": "   0,58", "e": "N", "st": "Suplente"}, {"seq": "76", "n": "12888", "vap": "21", "pvap": "   0,17", "e": "N", "st": "Suplente"}, {"seq": "11", "n": "12333", "vap": "218", "pvap": "   1,79", "e": "S", "st": "Eleito"}, {"seq": "25", "n": "12012", "vap": "163", "pvap": "   1,34", "e": "N", "st": "Suplente"}, {"seq": "63", "n": "12111", "vap": "38", "pvap": "   0,31", "e": "N", "st": "Suplente"}, {"seq": "19", "n": "12555", "vap": "210", "pvap": "   1,73", "e": "N", "st": "Suplente"}, {"seq": "35", "n": "12999", "vap": "115", "pvap": "   0,94", "e": "N", "st": "Suplente"}, {"seq": "56", "n": "12444", "vap": "55", "pvap": "   0,45", "e": "N", "st": "Suplente"}, {"seq": "26", "n": "12000", "vap": "159", "pvap": "   1,31", "e": "N", "st": "Suplente"}, {"seq": "65", "n": "12666", "vap": "33", "pvap": "   0,27", "e": "N", "st": "Suplente"}, {"seq": "81", "n": "12221", "vap": "4", "pvap": "   0,03", "e": "N", "st": "Suplente"}, {"seq": "55", "n": "12330", "vap": "56", "pvap": "   0,46", "e": "N", "st": "Suplente"}, {"seq": "28", "n": "12222", "vap": "157", "pvap": "   1,29", "e": "N", "st": "Suplente"}, {"seq": "24", "n": "12777", "vap": "165", "pvap": "   1,36", "e": "N", "st": "Suplente"}, {"seq": "62", "n": "12227", "vap": "38", "pvap": "   0,31", "e": "N", "st": "Suplente"}, {"seq": "9", "n": "12345", "vap": "276", "pvap": "   2,27", "e": "S", "st": "Eleito"}, {"seq": "83", "n": "12224", "vap": "3", "pvap": "   0,02", "e": "N", "st": "Suplente"}, {"seq": "82", "n": "12445", "vap": "3", "pvap": "   0,02", "e": "N", "st": "Suplente"}, {"seq": "87", "n": "13229", "vap": "78", "pvap": "   0,64", "e": "N", "st": "N\u00e3o eleito"}, {"seq": "91", "n": "13456", "vap": "14", "pvap": "   0,12", "e": "N", "st": "N\u00e3o eleito"}, {"seq": "86", "n": "13333", "vap": "152", "pvap": "   1,25", "e": "N", "st": "N\u00e3o eleito"}, {"seq": "85", "n": "13222", "vap": "167", "pvap": "   1,37", "e": "N", "st": "N\u00e3o eleito"}, {"seq": "89", "n": "13000", "vap": "24", "pvap": "   0,20", "e": "N", "st": "N\u00e3o eleito"}, {"seq": "90", "n": "13143", "vap": "24", "pvap": "   0,20", "e": "N", "st": "N\u00e3o eleito"}, {"seq": "88", "n": "13123", "vap": "46", "pvap": "   0,38", "e": "N", "st": "N\u00e3o eleito"}, {"seq": "93", "n": "13777", "vap": "4", "pvap": "   0,03", "e": "N", "st": "N\u00e3o eleito"}, {"seq": "92", "n": "13234", "vap": "6", "pvap": "   0,05", "e": "N", "st": "N\u00e3o eleito"}]}]}