{"ele": "426", "carper": "13", "t": "1", "f": "O", "esae": "N", "mnae": " ", "dg": "15/11/2020", "hg": "22:40:02", "dv": "S", "nadf": "ba34231-c0013-e000426-002-f", "abr": [{"dt": "15/11/2020", "ht": "22:29:52", "tf": "S", "and": "F", "tpabr": "MU", "cdabr": "34231", "s": "55", "st": "55", "snt": "0", "si": "55", "sni": "0", "sa": "55", "sna": "0", "pst": " 100,00", "psnt": "   0,00", "psi": " 100,00", "psni": "   0,00", "psa": " 100,00", "psna": "   0,00", "e": "19664", "ea": "19664", "ena": "0", "esi": "19664", "esni": "0", "c": "16316", "a": "3348", "pea": " 100,00", "pena": "   0,00", "pesi": " 100,00", "pesni": "   0,00", "pa": "  17,03", "pc": "  82,97", "vscv": "0", "vnom": "14812", "vl": "723", "tv": "16316", "vvc": "15535", "vb": "138", "tvn": "643", "vn": "643", "vnt": "0", "vp": "0", "vv": "15535", "van": "0", "vansj": "0", "pvnom": "  95,35", "pvl": "   4,65", "pvvc": "  95,21", "pvb": "   0,85", "ptvn": "   3,94", "pvn": " 100,00", "pvnt": "   0,00", "pvp": "   0,00", "pvv": " 100,00", "pvan": "   0,00", "pvansj": "   0,00", "colig": [{"n": "50000155029", "tvtn": "1116", "tvan": "1116", "vag": "1", "tvtl": "33", "tval": "33"}, {"n": "50000153838", "tvtn": "856", "tvan": "856", "vag": "0", "tvtl": "10", "tval": "10"}, {"n": "50000065704", "tvtn": "598", "tvan": "598", "vag": "0", "tvtl": "20", "tval": "20"}, {"n": "50000134495", "tvtn": "3442", "tvan": "3442", "vag": "3", "tvtl": "70", "tval": "70"}, {"n": "50000067469", "tvtn": "683", "tvan": "683", "vag": "0", "tvtl": "171", "tval": "171"}, {"n": "50000152275", "tvtn": "2244", "tvan": "2244", "vag": "2", "tvtl": "290", "tval": "290"}, {"n": "50000134596", "tvtn": "5873", "tvan": "5873", "vag": "5", "tvtl": "129", "tval": "129"}], "part": [{"n": "13", "tvtn": "1116", "tvan": "1116", "tvtl": "33", "tval": "33"}, {"n": "19", "tvtn": "856", "tvan": "856", "tvtl": "10", "tval": "10"}, {"n": "25", "tvtn": "598", "tvan": "598", "tvtl": "20", "tval": "20"}, {"n": "11", "tvtn": "3442", "tvan": "3442", "tvtl": "70", "tval": "70"}, {"n": "40", "tvtn": "683", "tvan": "683", "tvtl": "171", "tval": "171"}, {"n": "55", "tvtn": "2244", "tvan": "2244", "tvtl": "290", "tval": "290"}, {"n": "45", "tvtn": "5873", "tvan": "5873", "tvtl": "129", "tval": "129"}], "cand": [{"seq": "32", "n": "13333", "vap": "88", "pvap": "   0,57", "e": "N", "st": "Suplente"}, {"seq": "38", "n": "13000", "vap": "53", "pvap": "   0,34", "e": "N", "st": "Suplente"}, {"seq": "11", "n": "13111", "vap": "337", "pvap": "   2,17", "e": "S", "st": "Eleito"}, {"seq": "43", "n": "13184", "vap": "31", "pvap": "   0,20", "e": "N", "st": "Suplente"}, {"seq": "49", "n": "13613", "vap": "6", "pvap": "   0,04", "e": "N", "st": "Suplente"}, {"seq": "50", "n": "13678", "vap": "0", "pvap": "00.00", "e": "N", "st": "Suplente"}, {"seq": "24", "n": "13199", "vap": "135", "pvap": "   0,87", "e": "N", "st": "Suplente"}, {"seq": "21", "n": "13444", "vap": "197", "pvap": "   1,27", "e": "N", "st": "Suplente"}, {"seq": "18", "n": "13123", "vap": "269", "pvap": "   1,73", "e": "N", "st": "Suplente"}, {"seq": "51", "n": "19999", "vap": "589", "pvap": "   3,79", "e": "N", "st": "N\u00e3o eleito"}, {"seq": "54", "n": "19555", "vap": "193", "pvap": "   1,24", "e": "N", "st": "N\u00e3o eleito"}, {"seq": "60", "n": "19111", "vap": "74", "pvap": "   0,48", "e": "N", "st": "N\u00e3o eleito"}, {"seq": "58", "n": "25123", "vap": "109", "pvap": "   0,70", "e": "N", "st": "N\u00e3o eleito"}, {"seq": "53", "n": "25111", "vap": "196", "pvap": "   1,26", "e": "N", "st": "N\u00e3o eleito"}, {"seq": "64", "n": "25155", "vap": "21", "pvap": "   0,14", "e": "N", "st": "N\u00e3o eleito"}, {"seq": "68", "n": "25444", "vap": "5", "pvap": "   0,03", "e": "N", "st": "N\u00e3o eleito"}, {"seq": "66", "n": "25000", "vap": "9", "pvap": "   0,06", "e": "N", "st": "N\u00e3o eleito"}, {"seq": "62", "n": "25555", "vap": "41", "pvap": "   0,26", "e": "N", "st": "N\u00e3o eleito"}, {"seq": "67", "n": "25999", "vap": "8", "pvap": "   0,05", "e": "N", "st": "N\u00e3o eleito"}, {"seq": "55", "n": "25333", "vap": "188", "pvap": "   1,21", "e": "N", "st": "N\u00e3o eleito"}, {"seq": "65", "n": "25222", "vap": "21", "pvap": "   0,14", "e": "N", "st": "N\u00e3o eleito"}, {"seq": "3", "n": "11555", "vap": "875", "pvap": "   5,63", "e": "S", "st": "Eleito"}, {"seq": "35", "n": "11322", "vap": "64", "pvap": "   0,41", "e": "N", "st": "Suplente"}, {"seq": "7", "n": "11123", "vap": "599", "pvap": "   3,86", "e": "S", "st": "Eleito"}, {"seq": "42", "n": "11456", "vap": "32", "pvap": "   0,21", "e": "N", "st": "Suplente"}, {"seq": "45", "n": "11333", "vap": "27", "pvap": "   0,17", "e": "N", "st": "Suplente"}, {"seq": "33", "n": "11444", "vap": "86", "pvap": "   0,55", "e": "N", "st": "Suplente"}, {"seq": "16", "n": "11666", "vap": "350", "pvap": "   2,25", "e": "N", "st": "Suplente"}, {"seq": "4", "n": "11111", "vap": "810", "pvap": "   5,21", "e": "S", "st": "Eleito"}, {"seq": "31", "n": "11000", "vap": "101", "pvap": "   0,65", "e": "N", "st": "Suplente"}, {"seq": "13", "n": "11222", "vap": "498", "pvap": "   3,21", "e": "N", "st": "Suplente"}, {"seq": "57", "n": "40111", "vap": "111", "pvap": "   0,71", "e": "N", "st": "N\u00e3o eleito"}, {"seq": "52", "n": "40000", "vap": "209", "pvap": "   1,35", "e": "N", "st": "N\u00e3o eleito"}, {"seq": "63", "n": "40151", "vap": "40", "pvap": "   0,26", "e": "N", "st": "N\u00e3o eleito"}, {"seq": "59", "n": "40444", "vap": "100", "pvap": "   0,64", "e": "N", "st": "N\u00e3o eleito"}, {"seq": "56", "n": "40222", "vap": "164", "pvap": "   1,06", "e": "N", "st": "N\u00e3o eleito"}, {"seq": "61", "n": "40123", "vap": "54", "pvap": "   0,35", "e": "N", "st": "N\u00e3o eleito"}, {"seq": "69", "n": "40333", "vap": "5", "pvap": "   0,03", "e": "N", "st": "N\u00e3o eleito"}, {"seq": "9", "n": "55444", "vap": "359", "pvap": "   2,31", "e": "S", "st": "Eleito"}, {"seq": "40", "n": "55255", "vap": "39", "pvap": "   0,25", "e": "N", "st": "Suplente"}, {"seq": "29", "n": "55000", "vap": "108", "pvap": "   0,70", "e": "N", "st": "Suplente"}, {"seq": "30", "n": "55222", "vap": "103", "pvap": "   0,66", "e": "N", "st": "Suplente"}, {"seq": "27", "n": "55554", "vap": "114", "pvap": "   0,73", "e": "N", "st": "Suplente"}, {"seq": "10", "n": "55888", "vap": "353", "pvap": "   2,27", "e": "S", "st": "Eleito"}, {"seq": "34", "n": "55755", "vap": "74", "pvap": "   0,48", "e": "N", "st": "Suplente"}, {"seq": "23", "n": "55333", "vap": "169", "pvap": "   1,09", "e": "N", "st": "Suplente"}, {"seq": "22", "n": "55555", "vap": "188", "pvap": "   1,21", "e": "N", "st": "Suplente"}, {"seq": "19", "n": "55415", "vap": "252", "pvap": "   1,62", "e": "N", "st": "Suplente"}, {"seq": "37", "n": "55155", "vap": "55", "pvap": "   0,35", "e": "N", "st": "Suplente"}, {"seq": "39", "n": "55445", "vap": "42", "pvap": "   0,27", "e": "N", "st": "Suplente"}, {"seq": "36", "n": "55606", "vap": "60", "pvap": "   0,39", "e": "N", "st": "Suplente"}, {"seq": "48", "n": "55010", "vap": "7", "pvap": "   0,05", "e": "N", "st": "Suplente"}, {"seq": "28", "n": "55123", "vap": "111", "pvap": "   0,71", "e": "N", "st": "Suplente"}, {"seq": "47", "n": "55345", "vap": "12", "pvap": "   0,08", "e": "N", "st": "Suplente"}, {"seq": "20", "n": "55111", "vap": "198", "pvap": "   1,27", "e": "N", "st": "Suplente"}, {"seq": "5", "n": "45555", "vap": "688", "pvap": "   4,43", "e": "S", "st": "Eleito"}, {"seq": "46", "n": "45045", "vap": "14", "pvap": "   0,09", "e": "N", "st": "Suplente"}, {"seq": "15", "n": "45777", "vap": "403", "pvap": "   2,59", "e": "N", "st": "Suplente"}, {"seq": "6", "n": "45444", "vap": "671", "pvap": "   4,32", "e": "S", "st": "Eleito"}, {"seq": "12", "n": "45222", "vap": "501", "pvap": "   3,22", "e": "N", "st": "Suplente"}, {"seq": "2", "n": "45333", "vap": "967", "pvap": "   6,22", "e": "S", "st": "Eleito"}, {"seq": "17", "n": "45234", "vap": "316", "pvap": "   2,03", "e": "N", "st": "Suplente"}, {"seq": "25", "n": "45678", "vap": "120", "pvap": "   0,77", "e": "N", "st": "Suplente"}, {"seq": "1", "n": "45123", "vap": "968", "pvap": "   6,23", "e": "S", "st": "Eleito"}, {"seq": "26", "n": "45666", "vap": "116", "pvap": "   0,75", "e": "N", "st": "Suplente"}, {"seq": "41", "n": "45000", "vap": "33", "pvap": "   0,21", "e": "N", "st": "Suplente"}, {"seq": "8", "n": "45888", "vap": "582", "pvap": "   3,75", "e": "S", "st": "Eleito"}, {"seq": "44", "n": "45111", "vap": "30", "pvap": "   0,19", "e": "N", "st": "Suplente"}, {"seq": "14", "n": "45999", "vap": "464", "pvap": "   2,99", "e": "N", "st": "Suplente"}]}, {"dt": "15/11/2020", "ht": "22:29:52", "tf": "S", "and": "F", "tpabr": "ZONA", "cdabr": "174", "s": "55", "st": "55", "snt": "0", "si": "55", "sni": "0", "sa": "55", "sna": "0", "pst": " 100,00", "psnt": "   0,00", "psi": " 100,00", "psni": "   0,00", "psa": " 100,00", "psna": "   0,00", "e": "19664", "ea": "19664", "ena": "0", "esi": "19664", "esni": "0", "a": "3348", "c": "16316", "pea": " 100,00", "pena": "   0,00", "pesi": " 100,00", "pesni": "   0,00", "pa": "  17,03", "pc": "  82,97", "vnom": "14812", "vscv": "0", "vl": "723", "tv": "16316", "vvc": "15535", "vb": "138", "tvn": "643", "vn": "643", "vnt": "0", "vp": "0", "vv": "15535", "van": "0", "vansj": "0", "pvnom": "  95,35", "pvl": "   4,65", "pvvc": "  95,21", "pvb": "   0,85", "ptvn": "   3,94", "pvn": " 100,00", "pvnt": "   0,00", "pvp": "   0,00", "pvv": " 100,00", "pvan": "   0,00", "pvansj": "   0,00", "cand": [{"seq": "1", "n": "45123", "vap": "968", "pvap": "   6,23", "e": "S", "st": "Eleito"}, {"seq": "2", "n": "45333", "vap": "967", "pvap": "   6,22", "e": "S", "st": "Eleito"}, {"seq": "5", "n": "45555", "vap": "688", "pvap": "   4,43", "e": "S", "st": "Eleito"}, {"seq": "6", "n": "45444", "vap": "671", "pvap": "   4,32", "e": "S", "st": "Eleito"}, {"seq": "8", "n": "45888", "vap": "582", "pvap": "   3,75", "e": "S", "st": "Eleito"}, {"seq": "12", "n": "45222", "vap": "501", "pvap": "   3,22", "e": "N", "st": "Suplente"}, {"seq": "14", "n": "45999", "vap": "464", "pvap": "   2,99", "e": "N", "st": "Suplente"}, {"seq": "15", "n": "45777", "vap": "403", "pvap": "   2,59", "e": "N", "st": "Suplente"}, {"seq": "17", "n": "45234", "vap": "316", "pvap": "   2,03", "e": "N", "st": "Suplente"}, {"seq": "25", "n": "45678", "vap": "120", "pvap": "   0,77", "e": "N", "st": "Suplente"}, {"seq": "26", "n": "45666", "vap": "116", "pvap": "   0,75", "e": "N", "st": "Suplente"}, {"seq": "41", "n": "45000", "vap": "33", "pvap": "   0,21", "e": "N", "st": "Suplente"}, {"seq": "44", "n": "45111", "vap": "30", "pvap": "   0,19", "e": "N", "st": "Suplente"}, {"seq": "46", "n": "45045", "vap": "14", "pvap": "   0,09", "e": "N", "st": "Suplente"}, {"seq": "52", "n": "40000", "vap": "209", "pvap": "   1,35", "e": "N", "st": "N\u00e3o eleito"}, {"seq": "56", "n": "40222", "vap": "164", "pvap": "   1,06", "e": "N", "st": "N\u00e3o eleito"}, {"seq": "57", "n": "40111", "vap": "111", "pvap": "   0,71", "e": "N", "st": "N\u00e3o eleito"}, {"seq": "59", "n": "40444", "vap": "100", "pvap": "   0,64", "e": "N", "st": "N\u00e3o eleito"}, {"seq": "61", "n": "40123", "vap": "54", "pvap": "   0,35", "e": "N", "st": "N\u00e3o eleito"}, {"seq": "63", "n": "40151", "vap": "40", "pvap": "   0,26", "e": "N", "st": "N\u00e3o eleito"}, {"seq": "69", "n": "40333", "vap": "5", "pvap": "   0,03", "e": "N", "st": "N\u00e3o eleito"}, {"seq": "9", "n": "55444", "vap": "359", "pvap": "   2,31", "e": "S", "st": "Eleito"}, {"seq": "10", "n": "55888", "vap": "353", "pvap": "   2,27", "e": "S", "st": "Eleito"}, {"seq": "19", "n": "55415", "vap": "252", "pvap": "   1,62", "e": "N", "st": "Suplente"}, {"seq": "20", "n": "55111", "vap": "198", "pvap": "   1,27", "e": "N", "st": "Suplente"}, {"seq": "22", "n": "55555", "vap": "188", "pvap": "   1,21", "e": "N", "st": "Suplente"}, {"seq": "23", "n": "55333", "vap": "169", "pvap": "   1,09", "e": "N", "st": "Suplente"}, {"seq": "27", "n": "55554", "vap": "114", "pvap": "   0,73", "e": "N", "st": "Suplente"}, {"seq": "28", "n": "55123", "vap": "111", "pvap": "   0,71", "e": "N", "st": "Suplente"}, {"seq": "29", "n": "55000", "vap": "108", "pvap": "   0,70", "e": "N", "st": "Suplente"}, {"seq": "30", "n": "55222", "vap": "103", "pvap": "   0,66", "e": "N", "st": "Suplente"}, {"seq": "34", "n": "55755", "vap": "74", "pvap": "   0,48", "e": "N", "st": "Suplente"}, {"seq": "36", "n": "55606", "vap": "60", "pvap": "   0,39", "e": "N", "st": "Suplente"}, {"seq": "37", "n": "55155", "vap": "55", "pvap": "   0,35", "e": "N", "st": "Suplente"}, {"seq": "39", "n": "55445", "vap": "42", "pvap": "   0,27", "e": "N", "st": "Suplente"}, {"seq": "40", "n": "55255", "vap": "39", "pvap": "   0,25", "e": "N", "st": "Suplente"}, {"seq": "47", "n": "55345", "vap": "12", "pvap": "   0,08", "e": "N", "st": "Suplente"}, {"seq": "48", "n": "55010", "vap": "7", "pvap": "   0,05", "e": "N", "st": "Suplente"}, {"seq": "51", "n": "19999", "vap": "589", "pvap": "   3,79", "e": "N", "st": "N\u00e3o eleito"}, {"seq": "54", "n": "19555", "vap": "193", "pvap": "   1,24", "e": "N", "st": "N\u00e3o eleito"}, {"seq": "60", "n": "19111", "vap": "74", "pvap": "   0,48", "e": "N", "st": "N\u00e3o eleito"}, {"seq": "53", "n": "25111", "vap": "196", "pvap": "   1,26", "e": "N", "st": "N\u00e3o eleito"}, {"seq": "55", "n": "25333", "vap": "188", "pvap": "   1,21", "e": "N", "st": "N\u00e3o eleito"}, {"seq": "58", "n": "25123", "vap": "109", "pvap": "   0,70", "e": "N", "st": "N\u00e3o eleito"}, {"seq": "62", "n": "25555", "vap": "41", "pvap": "   0,26", "e": "N", "st": "N\u00e3o eleito"}, {"seq": "64", "n": "25155", "vap": "21", "pvap": "   0,14", "e": "N", "st": "N\u00e3o eleito"}, {"seq": "65", "n": "25222", "vap": "21", "pvap": "   0,14", "e": "N", "st": "N\u00e3o eleito"}, {"seq": "66", "n": "25000", "vap": "9", "pvap": "   0,06", "e": "N", "st": "N\u00e3o eleito"}, {"seq": "67", "n": "25999", "vap": "8", "pvap": "   0,05", "e": "N", "st": "N\u00e3o eleito"}, {"seq": "68", "n": "25444", "vap": "5", "pvap": "   0,03", "e": "N", "st": "N\u00e3o eleito"}, {"seq": "11", "n": "13111", "vap": "337", "pvap": "   2,17", "e": "S", "st": "Eleito"}, {"seq": "18", "n": "13123", "vap": "269", "pvap": "   1,73", "e": "N", "st": "Suplente"}, {"seq": "21", "n": "13444", "vap": "197", "pvap": "   1,27", "e": "N", "st": "Suplente"}, {"seq": "24", "n": "13199", "vap": "135", "pvap": "   0,87", "e": "N", "st": "Suplente"}, {"seq": "32", "n": "13333", "vap": "88", "pvap": "   0,57", "e": "N", "st": "Suplente"}, {"seq": "38", "n": "13000", "vap": "53", "pvap": "   0,34", "e": "N", "st": "Suplente"}, {"seq": "43", "n": "13184", "vap": "31", "pvap": "   0,20", "e": "N", "st": "Suplente"}, {"seq": "49", "n": "13613", "vap": "6", "pvap": "   0,04", "e": "N", "st": "Suplente"}, {"seq": "50", "n": "13678", "vap": "0", "pvap": "00.00", "e": "N", "st": "Suplente"}, {"seq": "3", "n": "11555", "vap": "875", "pvap": "   5,63", "e": "S", "st": "Eleito"}, {"seq": "4", "n": "11111", "vap": "810", "pvap": "   5,21", "e": "S", "st": "Eleito"}, {"seq": "7", "n": "11123", "vap": "599", "pvap": "   3,86", "e": "S", "st": "Eleito"}, {"seq": "13", "n": "11222", "vap": "498", "pvap": "   3,21", "e": "N", "st": "Suplente"}, {"seq": "16", "n": "11666", "vap": "350", "pvap": "   2,25", "e": "N", "st": "Suplente"}, {"seq": "31", "n": "11000", "vap": "101", "pvap": "   0,65", "e": "N", "st": "Suplente"}, {"seq": "33", "n": "11444", "vap": "86", "pvap": "   0,55", "e": "N", "st": "Suplente"}, {"seq": "35", "n": "11322", "vap": "64", "pvap": "   0,41", "e": "N", "st": "Suplente"}, {"seq": "42", "n": "11456", "vap": "32", "pvap": "   0,21", "e": "N", "st": "Suplente"}, {"seq": "45", "n": "11333", "vap": "27", "pvap": "   0,17", "e": "N", "st": "Suplente"}]}]}