{"ele": "426", "carper": "13", "t": "1", "f": "O", "esae": "N", "mnae": " ", "dg": "15/11/2020", "hg": "22:40:01", "dv": "S", "nadf": "ba33618-c0013-e000426-002-f", "abr": [{"dt": "15/11/2020", "ht": "22:21:46", "tf": "S", "and": "F", "tpabr": "MU", "cdabr": "33618", "s": "10", "st": "10", "snt": "0", "si": "10", "sni": "0", "sa": "10", "sna": "0", "pst": " 100,00", "psnt": "   0,00", "psi": " 100,00", "psni": "   0,00", "psa": " 100,00", "psna": "   0,00", "e": "4181", "ea": "4181", "ena": "0", "esi": "4181", "esni": "0", "c": "3468", "a": "713", "pea": " 100,00", "pena": "   0,00", "pesi": " 100,00", "pesni": "   0,00", "pa": "  17,05", "pc": "  82,95", "vscv": "0", "vnom": "3116", "vl": "163", "tv": "3468", "vvc": "3279", "vb": "26", "tvn": "163", "vn": "163", "vnt": "0", "vp": "0", "vv": "3279", "van": "0", "vansj": "0", "pvnom": "  95,03", "pvl": "   4,97", "pvvc": "  94,55", "pvb": "   0,75", "ptvn": "   4,70", "pvn": " 100,00", "pvnt": "   0,00", "pvp": "   0,00", "pvv": " 100,00", "pvan": "   0,00", "pvansj": "   0,00", "colig": [{"n": "50000115935", "tvtn": "765", "tvan": "765", "vag": "2", "tvtl": "24", "tval": "24"}, {"n": "50000136181", "tvtn": "1160", "tvan": "1160", "vag": "4", "tvtl": "75", "tval": "75"}, {"n": "50000136314", "tvtn": "70", "tvan": "70", "vag": "0", "tvtl": "1", "tval": "1"}, {"n": "50000058153", "tvtn": "1121", "tvan": "1121", "vag": "3", "tvtl": "63", "tval": "63"}], "part": [{"n": "15", "tvtn": "765", "tvan": "765", "tvtl": "24", "tval": "24"}, {"n": "12", "tvtn": "1160", "tvan": "1160", "tvtl": "75", "tval": "75"}, {"n": "55", "tvtn": "70", "tvan": "70", "tvtl": "1", "tval": "1"}, {"n": "40", "tvtn": "1121", "tvan": "1121", "tvtl": "63", "tval": "63"}], "cand": [{"seq": "8", "n": "15000", "vap": "141", "pvap": "   4,30", "e": "S", "st": "Eleito"}, {"seq": "22", "n": "15123", "vap": "43", "pvap": "   1,31", "e": "N", "st": "Suplente"}, {"seq": "34", "n": "15999", "vap": "0", "pvap": "00.00", "e": "N", "st": "Suplente"}, {"seq": "10", "n": "15333", "vap": "137", "pvap": "   4,18", "e": "N", "st": "Suplente"}, {"seq": "6", "n": "15555", "vap": "180", "pvap": "   5,49", "e": "S", "st": "Eleito"}, {"seq": "21", "n": "15675", "vap": "47", "pvap": "   1,43", "e": "N", "st": "Suplente"}, {"seq": "30", "n": "15671", "vap": "2", "pvap": "   0,06", "e": "N", "st": "Suplente"}, {"seq": "29", "n": "15444", "vap": "4", "pvap": "   0,12", "e": "N", "st": "Suplente"}, {"seq": "14", "n": "15777", "vap": "101", "pvap": "   3,08", "e": "N", "st": "Suplente"}, {"seq": "12", "n": "15111", "vap": "110", "pvap": "   3,35", "e": "N", "st": "Suplente"}, {"seq": "2", "n": "12000", "vap": "282", "pvap": "   8,60", "e": "S", "st": "Eleito"}, {"seq": "4", "n": "12345", "vap": "217", "pvap": "   6,62", "e": "S", "st": "Eleito"}, {"seq": "24", "n": "12333", "vap": "22", "pvap": "   0,67", "e": "N", "st": "Suplente"}, {"seq": "20", "n": "12111", "vap": "52", "pvap": "   1,59", "e": "N", "st": "Suplente"}, {"seq": "17", "n": "12888", "vap": "78", "pvap": "   2,38", "e": "N", "st": "Suplente"}, {"seq": "15", "n": "12123", "vap": "92", "pvap": "   2,81", "e": "N", "st": "Suplente"}, {"seq": "9", "n": "12222", "vap": "105", "pvap": "   3,20", "e": "S", "st": "Eleito"}, {"seq": "28", "n": "12987", "vap": "4", "pvap": "   0,12", "e": "N", "st": "Suplente"}, {"seq": "27", "n": "12999", "vap": "6", "pvap": "   0,18", "e": "N", "st": "Suplente"}, {"seq": "5", "n": "12444", "vap": "213", "pvap": "   6,50", "e": "S", "st": "Eleito"}, {"seq": "26", "n": "12456", "vap": "9", "pvap": "   0,27", "e": "N", "st": "Suplente"}, {"seq": "33", "n": "12389", "vap": "1", "pvap": "   0,03", "e": "N", "st": "Suplente"}, {"seq": "25", "n": "12777", "vap": "21", "pvap": "   0,64", "e": "N", "st": "Suplente"}, {"seq": "19", "n": "12555", "vap": "58", "pvap": "   1,77", "e": "N", "st": "Suplente"}, {"seq": "36", "n": "55000", "vap": "23", "pvap": "   0,70", "e": "N", "st": "N\u00e3o eleito"}, {"seq": "35", "n": "55555", "vap": "38", "pvap": "   1,16", "e": "N", "st": "N\u00e3o eleito"}, {"seq": "37", "n": "55012", "vap": "9", "pvap": "   0,27", "e": "N", "st": "N\u00e3o eleito"}, {"seq": "18", "n": "40123", "vap": "78", "pvap": "   2,38", "e": "N", "st": "Suplente"}, {"seq": "1", "n": "40999", "vap": "290", "pvap": "   8,84", "e": "S", "st": "Eleito"}, {"seq": "32", "n": "40333", "vap": "2", "pvap": "   0,06", "e": "N", "st": "Suplente"}, {"seq": "23", "n": "40555", "vap": "35", "pvap": "   1,07", "e": "N", "st": "Suplente"}, {"seq": "31", "n": "40888", "vap": "2", "pvap": "   0,06", "e": "N", "st": "Suplente"}, {"seq": "3", "n": "40456", "vap": "245", "pvap": "   7,47", "e": "S", "st": "Eleito"}, {"seq": "7", "n": "40567", "vap": "165", "pvap": "   5,03", "e": "S", "st": "Eleito"}, {"seq": "11", "n": "40444", "vap": "119", "pvap": "   3,63", "e": "N", "st": "Suplente"}, {"seq": "13", "n": "40222", "vap": "105", "pvap": "   3,20", "e": "N", "st": "Suplente"}, {"seq": "16", "n": "40000", "vap": "80", "pvap": "   2,44", "e": "N", "st": "Suplente"}]}, {"dt": "15/11/2020", "ht": "22:21:46", "tf": "S", "and": "F", "tpabr": "ZONA", "cdabr": "134", "s": "10", "st": "10", "snt": "0", "si": "10", "sni": "0", "sa": "10", "sna": "0", "pst": " 100,00", "psnt": "   0,00", "psi": " 100,00", "psni": "   0,00", "psa": " 100,00", "psna": "   0,00", "e": "4181", "ea": "4181", "ena": "0", "esi": "4181", "esni": "0", "a": "713", "c": "3468", "pea": " 100,00", "pena": "   0,00", "pesi": " 100,00", "pesni": "   0,00", "pa": "  17,05", "pc": "  82,95", "vnom": "3116", "vscv": "0", "vl": "163", "tv": "3468", "vvc": "3279", "vb": "26", "tvn": "163", "vn": "163", "vnt": "0", "vp": "0", "vv": "3279", "van": "0", "vansj": "0", "pvnom": "  95,03", "pvl": "   4,97", "pvvc": "  94,55", "pvb": "   0,75", "ptvn": "   4,70", "pvn": " 100,00", "pvnt": "   0,00", "pvp": "   0,00", "pvv": " 100,00", "pvan": "   0,00", "pvansj": "   0,00", "cand": [{"seq": "6", "n": "15555", "vap": "180", "pvap": "   5,49", "e": "S", "st": "Eleito"}, {"seq": "8", "n": "15000", "vap": "141", "pvap": "   4,30", "e": "S", "st": "Eleito"}, {"seq": "10", "n": "15333", "vap": "137", "pvap": "   4,18", "e": "N", "st": "Suplente"}, {"seq": "12", "n": "15111", "vap": "110", "pvap": "   3,35", "e": "N", "st": "Suplente"}, {"seq": "14", "n": "15777", "vap": "101", "pvap": "   3,08", "e": "N", "st": "Suplente"}, {"seq": "21", "n": "15675", "vap": "47", "pvap": "   1,43", "e": "N", "st": "Suplente"}, {"seq": "22", "n": "15123", "vap": "43", "pvap": "   1,31", "e": "N", "st": "Suplente"}, {"seq": "29", "n": "15444", "vap": "4", "pvap": "   0,12", "e": "N", "st": "Suplente"}, {"seq": "30", "n": "15671", "vap": "2", "pvap": "   0,06", "e": "N", "st": "Suplente"}, {"seq": "34", "n": "15999", "vap": "0", "pvap": "00.00", "e": "N", "st": "Suplente"}, {"seq": "1", "n": "40999", "vap": "290", "pvap": "   8,84", "e": "S", "st": "Eleito"}, {"seq": "3", "n": "40456", "vap": "245", "pvap": "   7,47", "e": "S", "st": "Eleito"}, {"seq": "7", "n": "40567", "vap": "165", "pvap": "   5,03", "e": "S", "st": "Eleito"}, {"seq": "11", "n": "40444", "vap": "119", "pvap": "   3,63", "e": "N", "st": "Suplente"}, {"seq": "13", "n": "40222", "vap": "105", "pvap": "   3,20", "e": "N", "st": "Suplente"}, {"seq": "16", "n": "40000", "vap": "80", "pvap": "   2,44", "e": "N", "st": "Suplente"}, {"seq": "18", "n": "40123", "vap": "78", "pvap": "   2,38", "e": "N", "st": "Suplente"}, {"seq": "23", "n": "40555", "vap": "35", "pvap": "   1,07", "e": "N", "st": "Suplente"}, {"seq": "31", "n": "40888", "vap": "2", "pvap": "   0,06", "e": "N", "st": "Suplente"}, {"seq": "32", "n": "40333", "vap": "2", "pvap": "   0,06", "e": "N", "st": "Suplente"}, {"seq": "2", "n": "12000", "vap": "282", "pvap": "   8,60", "e": "S", "st": "Eleito"}, {"seq": "4", "n": "12345", "vap": "217", "pvap": "   6,62", "e": "S", "st": "Eleito"}, {"seq": "5", "n": "12444", "vap": "213", "pvap": "   6,50", "e": "S", "st": "Eleito"}, {"seq": "9", "n": "12222", "vap": "105", "pvap": "   3,20", "e": "S", "st": "Eleito"}, {"seq": "15", "n": "12123", "vap": "92", "pvap": "   2,81", "e": "N", "st": "Suplente"}, {"seq": "17", "n": "12888", "vap": "78", "pvap": "   2,38", "e": "N", "st": "Suplente"}, {"seq": "19", "n": "12555", "vap": "58", "pvap": "   1,77", "e": "N", "st": "Suplente"}, {"seq": "20", "n": "12111", "vap": "52", "pvap": "   1,59", "e": "N", "st": "Suplente"}, {"seq": "24", "n": "12333", "vap": "22", "pvap": "   0,67", "e": "N", "st": "Suplente"}, {"seq": "25", "n": "12777", "vap": "21", "pvap": "   0,64", "e": "N", "st": "Suplente"}, {"seq": "26", "n": "12456", "vap": "9", "pvap": "   0,27", "e": "N", "st": "Suplente"}, {"seq": "27", "n": "12999", "vap": "6", "pvap": "   0,18", "e": "N", "st": "Suplente"}, {"seq": "28", "n": "12987", "vap": "4", "pvap": "   0,12", "e": "N", "st": "Suplente"}, {"seq": "33", "n": "12389", "vap": "1", "pvap": "   0,03", "e": "N", "st": "Suplente"}, {"seq": "35", "n": "55555", "vap": "38", "pvap": "   1,16", "e": "N", "st": "N\u00e3o eleito"}, {"seq": "36", "n": "55000", "vap": "23", "pvap": "   0,70", "e": "N", "st": "N\u00e3o eleito"}, {"seq": "37", "n": "55012", "vap": "9", "pvap": "   0,27", "e": "N", "st": "N\u00e3o eleito"}]}]}