{"ele": "426", "carper": "13", "t": "1", "f": "O", "esae": "N", "mnae": " ", "dg": "15/11/2020", "hg": "23:02:14", "dv": "S", "nadf": "ba33995-c0013-e000426-002-f", "abr": [{"dt": "15/11/2020", "ht": "22:57:25", "tf": "S", "and": "F", "tpabr": "MU", "cdabr": "33995", "s": "49", "st": "49", "snt": "0", "si": "49", "sni": "0", "sa": "49", "sna": "0", "pst": " 100,00", "psnt": "   0,00", "psi": " 100,00", "psni": "   0,00", "psa": " 100,00", "psna": "   0,00", "e": "17667", "ea": "17667", "ena": "0", "esi": "17667", "esni": "0", "c": "15075", "a": "2592", "pea": " 100,00", "pena": "   0,00", "pesi": " 100,00", "pesni": "   0,00", "pa": "  14,67", "pc": "  85,33", "vscv": "0", "vnom": "13307", "vl": "848", "tv": "15075", "vvc": "14155", "vb": "197", "tvn": "723", "vn": "723", "vnt": "0", "vp": "0", "vv": "14155", "van": "0", "vansj": "0", "pvnom": "  94,01", "pvl": "   5,99", "pvvc": "  93,90", "pvb": "   1,30", "ptvn": "   4,80", "pvn": " 100,00", "pvnt": "   0,00", "pvp": "   0,00", "pvv": " 100,00", "pvan": "   0,00", "pvansj": "   0,00", "colig": [{"n": "50000125272", "tvtn": "6026", "tvan": "6026", "vag": "5", "tvtl": "433", "tval": "433"}, {"n": "50000125551", "tvtn": "6884", "tvan": "6884", "vag": "6", "tvtl": "411", "tval": "411"}, {"n": "50000128826", "tvtn": "397", "tvan": "397", "vag": "0", "tvtl": "4", "tval": "4"}], "part": [{"n": "25", "tvtn": "6026", "tvan": "6026", "tvtl": "433", "tval": "433"}, {"n": "40", "tvtn": "6884", "tvan": "6884", "tvtl": "411", "tval": "411"}, {"n": "10", "tvtn": "397", "tvan": "397", "tvtl": "4", "tval": "4"}], "cand": [{"seq": "28", "n": "25258", "vap": "39", "pvap": "   0,28", "e": "N", "st": "Suplente"}, {"seq": "29", "n": "25225", "vap": "38", "pvap": "   0,27", "e": "N", "st": "Suplente"}, {"seq": "21", "n": "25144", "vap": "181", "pvap": "   1,28", "e": "N", "st": "Suplente"}, {"seq": "5", "n": "25025", "vap": "847", "pvap": "   5,98", "e": "S", "st": "Eleito"}, {"seq": "6", "n": "25555", "vap": "778", "pvap": "   5,50", "e": "S", "st": "Eleito"}, {"seq": "22", "n": "25635", "vap": "161", "pvap": "   1,14", "e": "N", "st": "Suplente"}, {"seq": "9", "n": "25369", "vap": "649", "pvap": "   4,58", "e": "S", "st": "Eleito"}, {"seq": "4", "n": "25625", "vap": "851", "pvap": "   6,01", "e": "S", "st": "Eleito"}, {"seq": "15", "n": "25789", "vap": "476", "pvap": "   3,36", "e": "N", "st": "Suplente"}, {"seq": "31", "n": "25366", "vap": "2", "pvap": "   0,01", "e": "N", "st": "Suplente"}, {"seq": "20", "n": "25123", "vap": "200", "pvap": "   1,41", "e": "N", "st": "Suplente"}, {"seq": "12", "n": "25222", "vap": "633", "pvap": "   4,47", "e": "N", "st": "Suplente"}, {"seq": "10", "n": "25125", "vap": "637", "pvap": "   4,50", "e": "S", "st": "Eleito"}, {"seq": "30", "n": "25777", "vap": "24", "pvap": "   0,17", "e": "N", "st": "Suplente"}, {"seq": "13", "n": "25640", "vap": "510", "pvap": "   3,60", "e": "N", "st": "Suplente"}, {"seq": "27", "n": "40234", "vap": "57", "pvap": "   0,40", "e": "N", "st": "Suplente"}, {"seq": "8", "n": "40888", "vap": "670", "pvap": "   4,73", "e": "S", "st": "Eleito"}, {"seq": "24", "n": "40222", "vap": "99", "pvap": "   0,70", "e": "N", "st": "Suplente"}, {"seq": "17", "n": "40999", "vap": "354", "pvap": "   2,50", "e": "N", "st": "Suplente"}, {"seq": "18", "n": "40040", "vap": "259", "pvap": "   1,83", "e": "N", "st": "Suplente"}, {"seq": "11", "n": "40654", "vap": "494", "pvap": "   3,49", "e": "S", "st": "Eleito"}, {"seq": "19", "n": "40028", "vap": "214", "pvap": "   1,51", "e": "N", "st": "Suplente"}, {"seq": "25", "n": "40140", "vap": "85", "pvap": "   0,60", "e": "N", "st": "Suplente"}, {"seq": "14", "n": "40555", "vap": "493", "pvap": "   3,48", "e": "N", "st": "Suplente"}, {"seq": "16", "n": "40111", "vap": "366", "pvap": "   2,59", "e": "N", "st": "Suplente"}, {"seq": "3", "n": "40123", "vap": "912", "pvap": "   6,44", "e": "S", "st": "Eleito"}, {"seq": "7", "n": "40000", "vap": "685", "pvap": "   4,84", "e": "S", "st": "Eleito"}, {"seq": "1", "n": "40333", "vap": "1077", "pvap": "   7,61", "e": "S", "st": "Eleito"}, {"seq": "23", "n": "40444", "vap": "141", "pvap": "   1,00", "e": "N", "st": "Suplente"}, {"seq": "2", "n": "40777", "vap": "920", "pvap": "   6,50", "e": "S", "st": "Eleito"}, {"seq": "26", "n": "40020", "vap": "58", "pvap": "   0,41", "e": "N", "st": "Suplente"}, {"seq": "32", "n": "10123", "vap": "137", "pvap": "   0,97", "e": "N", "st": "N\u00e3o eleito"}, {"seq": "35", "n": "10010", "vap": "51", "pvap": "   0,36", "e": "N", "st": "N\u00e3o eleito"}, {"seq": "36", "n": "10444", "vap": "30", "pvap": "   0,21", "e": "N", "st": "N\u00e3o eleito"}, {"seq": "38", "n": "10024", "vap": "14", "pvap": "   0,10", "e": "N", "st": "N\u00e3o eleito"}, {"seq": "40", "n": "10999", "vap": "11", "pvap": "   0,08", "e": "N", "st": "N\u00e3o eleito"}, {"seq": "33", "n": "10025", "vap": "61", "pvap": "   0,43", "e": "N", "st": "N\u00e3o eleito"}, {"seq": "39", "n": "10789", "vap": "12", "pvap": "   0,08", "e": "N", "st": "N\u00e3o eleito"}, {"seq": "34", "n": "10000", "vap": "59", "pvap": "   0,42", "e": "N", "st": "N\u00e3o eleito"}, {"seq": "37", "n": "10888", "vap": "22", "pvap": "   0,16", "e": "N", "st": "N\u00e3o eleito"}]}, {"dt": "15/11/2020", "ht": "22:57:25", "tf": "S", "and": "F", "tpabr": "ZONA", "cdabr": "93", "s": "49", "st": "49", "snt": "0", "si": "49", "sni": "0", "sa": "49", "sna": "0", "pst": " 100,00", "psnt": "   0,00", "psi": " 100,00", "psni": "   0,00", "psa": " 100,00", "psna": "   0,00", "e": "17667", "ea": "17667", "ena": "0", "esi": "17667", "esni": "0", "a": "2592", "c": "15075", "pea": " 100,00", "pena": "   0,00", "pesi": " 100,00", "pesni": "   0,00", "pa": "  14,67", "pc": "  85,33", "vnom": "13307", "vscv": "0", "vl": "848", "tv": "15075", "vvc": "14155", "vb": "197", "tvn": "723", "vn": "723", "vnt": "0", "vp": "0", "vv": "14155", "van": "0", "vansj": "0", "pvnom": "  94,01", "pvl": "   5,99", "pvvc": "  93,90", "pvb": "   1,30", "ptvn": "   4,80", "pvn": " 100,00", "pvnt": "   0,00", "pvp": "   0,00", "pvv": " 100,00", "pvan": "   0,00", "pvansj": "   0,00", "cand": [{"seq": "4", "n": "25625", "vap": "851", "pvap": "   6,01", "e": "S", "st": "Eleito"}, {"seq": "5", "n": "25025", "vap": "847", "pvap": "   5,98", "e": "S", "st": "Eleito"}, {"seq": "6", "n": "25555", "vap": "778", "pvap": "   5,50", "e": "S", "st": "Eleito"}, {"seq": "9", "n": "25369", "vap": "649", "pvap": "   4,58", "e": "S", "st": "Eleito"}, {"seq": "10", "n": "25125", "vap": "637", "pvap": "   4,50", "e": "S", "st": "Eleito"}, {"seq": "12", "n": "25222", "vap": "633", "pvap": "   4,47", "e": "N", "st": "Suplente"}, {"seq": "13", "n": "25640", "vap": "510", "pvap": "   3,60", "e": "N", "st": "Suplente"}, {"seq": "15", "n": "25789", "vap": "476", "pvap": "   3,36", "e": "N", "st": "Suplente"}, {"seq": "20", "n": "25123", "vap": "200", "pvap": "   1,41", "e": "N", "st": "Suplente"}, {"seq": "21", "n": "25144", "vap": "181", "pvap": "   1,28", "e": "N", "st": "Suplente"}, {"seq": "22", "n": "25635", "vap": "161", "pvap": "   1,14", "e": "N", "st": "Suplente"}, {"seq": "28", "n": "25258", "vap": "39", "pvap": "   0,28", "e": "N", "st": "Suplente"}, {"seq": "29", "n": "25225", "vap": "38", "pvap": "   0,27", "e": "N", "st": "Suplente"}, {"seq": "30", "n": "25777", "vap": "24", "pvap": "   0,17", "e": "N", "st": "Suplente"}, {"seq": "31", "n": "25366", "vap": "2", "pvap": "   0,01", "e": "N", "st": "Suplente"}, {"seq": "32", "n": "10123", "vap": "137", "pvap": "   0,97", "e": "N", "st": "N\u00e3o eleito"}, {"seq": "33", "n": "10025", "vap": "61", "pvap": "   0,43", "e": "N", "st": "N\u00e3o eleito"}, {"seq": "34", "n": "10000", "vap": "59", "pvap": "   0,42", "e": "N", "st": "N\u00e3o eleito"}, {"seq": "35", "n": "10010", "vap": "51", "pvap": "   0,36", "e": "N", "st": "N\u00e3o eleito"}, {"seq": "36", "n": "10444", "vap": "30", "pvap": "   0,21", "e": "N", "st": "N\u00e3o eleito"}, {"seq": "37", "n": "10888", "vap": "22", "pvap": "   0,16", "e": "N", "st": "N\u00e3o eleito"}, {"seq": "38", "n": "10024", "vap": "14", "pvap": "   0,10", "e": "N", "st": "N\u00e3o eleito"}, {"seq": "39", "n": "10789", "vap": "12", "pvap": "   0,08", "e": "N", "st": "N\u00e3o eleito"}, {"seq": "40", "n": "10999", "vap": "11", "pvap": "   0,08", "e": "N", "st": "N\u00e3o eleito"}, {"seq": "1", "n": "40333", "vap": "1077", "pvap": "   7,61", "e": "S", "st": "Eleito"}, {"seq": "2", "n": "40777", "vap": "920", "pvap": "   6,50", "e": "S", "st": "Eleito"}, {"seq": "3", "n": "40123", "vap": "912", "pvap": "   6,44", "e": "S", "st": "Eleito"}, {"seq": "7", "n": "40000", "vap": "685", "pvap": "   4,84", "e": "S", "st": "Eleito"}, {"seq": "8", "n": "40888", "vap": "670", "pvap": "   4,73", "e": "S", "st": "Eleito"}, {"seq": "11", "n": "40654", "vap": "494", "pvap": "   3,49", "e": "S", "st": "Eleito"}, {"seq": "14", "n": "40555", "vap": "493", "pvap": "   3,48", "e": "N", "st": "Suplente"}, {"seq": "16", "n": "40111", "vap": "366", "pvap": "   2,59", "e": "N", "st": "Suplente"}, {"seq": "17", "n": "40999", "vap": "354", "pvap": "   2,50", "e": "N", "st": "Suplente"}, {"seq": "18", "n": "40040", "vap": "259", "pvap": "   1,83", "e": "N", "st": "Suplente"}, {"seq": "19", "n": "40028", "vap": "214", "pvap": "   1,51", "e": "N", "st": "Suplente"}, {"seq": "23", "n": "40444", "vap": "141", "pvap": "   1,00", "e": "N", "st": "Suplente"}, {"seq": "24", "n": "40222", "vap": "99", "pvap": "   0,70", "e": "N", "st": "Suplente"}, {"seq": "25", "n": "40140", "vap": "85", "pvap": "   0,60", "e": "N", "st": "Suplente"}, {"seq": "26", "n": "40020", "vap": "58", "pvap": "   0,41", "e": "N", "st": "Suplente"}, {"seq": "27", "n": "40234", "vap": "57", "pvap": "   0,40", "e": "N", "st": "Suplente"}]}]}