{"ele": "426", "carper": "13", "t": "1", "f": "O", "esae": "N", "mnae": " ", "dg": "15/11/2020", "hg": "23:02:25", "dv": "S", "nadf": "ba37575-c0013-e000426-002-f", "abr": [{"dt": "15/11/2020", "ht": "22:42:58", "tf": "S", "and": "F", "tpabr": "MU", "cdabr": "37575", "s": "15", "st": "15", "snt": "0", "si": "15", "sni": "0", "sa": "15", "sna": "0", "pst": " 100,00", "psnt": "   0,00", "psi": " 100,00", "psni": "   0,00", "psa": " 100,00", "psna": "   0,00", "e": "6429", "ea": "6429", "ena": "0", "esi": "6429", "esni": "0", "c": "5183", "a": "1246", "pea": " 100,00", "pena": "   0,00", "pesi": " 100,00", "pesni": "   0,00", "pa": "  19,38", "pc": "  80,62", "vscv": "0", "vnom": "4546", "vl": "322", "tv": "5183", "vvc": "4868", "vb": "97", "tvn": "218", "vn": "218", "vnt": "0", "vp": "0", "vv": "4868", "van": "0", "vansj": "0", "pvnom": "  93,39", "pvl": "   6,61", "pvvc": "  93,92", "pvb": "   1,87", "ptvn": "   4,21", "pvn": " 100,00", "pvnt": "   0,00", "pvp": "   0,00", "pvv": " 100,00", "pvan": "   0,00", "pvansj": "   0,00", "colig": [{"n": "50000116405", "tvtn": "636", "tvan": "636", "vag": "1", "tvtl": "43", "tval": "43"}, {"n": "50000068430", "tvtn": "1567", "tvan": "1567", "vag": "3", "tvtl": "41", "tval": "41"}, {"n": "50000068485", "tvtn": "2343", "tvan": "2343", "vag": "5", "tvtl": "238", "tval": "238"}], "part": [{"n": "25", "tvtn": "636", "tvan": "636", "tvtl": "43", "tval": "43"}, {"n": "11", "tvtn": "1567", "tvan": "1567", "tvtl": "41", "tval": "41"}, {"n": "55", "tvtn": "2343", "tvan": "2343", "tvtl": "238", "tval": "238"}], "cand": [{"seq": "25", "n": "25111", "vap": "3", "pvap": "   0,06", "e": "N", "st": "Suplente"}, {"seq": "20", "n": "25123", "vap": "31", "pvap": "   0,64", "e": "N", "st": "Suplente"}, {"seq": "21", "n": "25100", "vap": "27", "pvap": "   0,55", "e": "N", "st": "Suplente"}, {"seq": "23", "n": "25333", "vap": "7", "pvap": "   0,14", "e": "N", "st": "Suplente"}, {"seq": "24", "n": "25444", "vap": "4", "pvap": "   0,08", "e": "N", "st": "Suplente"}, {"seq": "26", "n": "25456", "vap": "0", "pvap": "00.00", "e": "N", "st": "Suplente"}, {"seq": "11", "n": "25625", "vap": "203", "pvap": "   4,17", "e": "N", "st": "Suplente"}, {"seq": "8", "n": "25555", "vap": "235", "pvap": "   4,83", "e": "S", "st": "Eleito"}, {"seq": "17", "n": "25000", "vap": "126", "pvap": "   2,59", "e": "N", "st": "Suplente"}, {"seq": "7", "n": "11789", "vap": "265", "pvap": "   5,44", "e": "S", "st": "Eleito"}, {"seq": "9", "n": "11444", "vap": "215", "pvap": "   4,42", "e": "S", "st": "Eleito"}, {"seq": "12", "n": "11555", "vap": "201", "pvap": "   4,13", "e": "N", "st": "Suplente"}, {"seq": "22", "n": "11234", "vap": "14", "pvap": "   0,29", "e": "N", "st": "Suplente"}, {"seq": "15", "n": "11222", "vap": "167", "pvap": "   3,43", "e": "N", "st": "Suplente"}, {"seq": "16", "n": "11333", "vap": "156", "pvap": "   3,20", "e": "N", "st": "Suplente"}, {"seq": "13", "n": "11011", "vap": "196", "pvap": "   4,03", "e": "N", "st": "Suplente"}, {"seq": "19", "n": "11777", "vap": "35", "pvap": "   0,72", "e": "N", "st": "Suplente"}, {"seq": "4", "n": "11111", "vap": "318", "pvap": "   6,53", "e": "S", "st": "Eleito"}, {"seq": "10", "n": "55655", "vap": "241", "pvap": "   4,95", "e": "N", "st": "Suplente"}, {"seq": "2", "n": "55555", "vap": "405", "pvap": "   8,32", "e": "S", "st": "Eleito"}, {"seq": "3", "n": "55678", "vap": "393", "pvap": "   8,07", "e": "S", "st": "Eleito"}, {"seq": "1", "n": "55613", "vap": "443", "pvap": "   9,10", "e": "S", "st": "Eleito"}, {"seq": "5", "n": "55222", "vap": "293", "pvap": "   6,02", "e": "S", "st": "Eleito"}, {"seq": "18", "n": "55444", "vap": "99", "pvap": "   2,03", "e": "N", "st": "Suplente"}, {"seq": "6", "n": "55000", "vap": "282", "pvap": "   5,79", "e": "S", "st": "Eleito"}, {"seq": "14", "n": "55123", "vap": "187", "pvap": "   3,84", "e": "N", "st": "Suplente"}]}, {"dt": "15/11/2020", "ht": "22:42:58", "tf": "S", "and": "F", "tpabr": "ZONA", "cdabr": "36", "s": "15", "st": "15", "snt": "0", "si": "15", "sni": "0", "sa": "15", "sna": "0", "pst": " 100,00", "psnt": "   0,00", "psi": " 100,00", "psni": "   0,00", "psa": " 100,00", "psna": "   0,00", "e": "6429", "ea": "6429", "ena": "0", "esi": "6429", "esni": "0", "a": "1246", "c": "5183", "pea": " 100,00", "pena": "   0,00", "pesi": " 100,00", "pesni": "   0,00", "pa": "  19,38", "pc": "  80,62", "vnom": "4546", "vscv": "0", "vl": "322", "tv": "5183", "vvc": "4868", "vb": "97", "tvn": "218", "vn": "218", "vnt": "0", "vp": "0", "vv": "4868", "van": "0", "vansj": "0", "pvnom": "  93,39", "pvl": "   6,61", "pvvc": "  93,92", "pvb": "   1,87", "ptvn": "   4,21", "pvn": " 100,00", "pvnt": "   0,00", "pvp": "   0,00", "pvv": " 100,00", "pvan": "   0,00", "pvansj": "   0,00", "cand": [{"seq": "1", "n": "55613", "vap": "443", "pvap": "   9,10", "e": "S", "st": "Eleito"}, {"seq": "2", "n": "55555", "vap": "405", "pvap": "   8,32", "e": "S", "st": "Eleito"}, {"seq": "3", "n": "55678", "vap": "393", "pvap": "   8,07", "e": "S", "st": "Eleito"}, {"seq": "5", "n": "55222", "vap": "293", "pvap": "   6,02", "e": "S", "st": "Eleito"}, {"seq": "6", "n": "55000", "vap": "282", "pvap": "   5,79", "e": "S", "st": "Eleito"}, {"seq": "10", "n": "55655", "vap": "241", "pvap": "   4,95", "e": "N", "st": "Suplente"}, {"seq": "14", "n": "55123", "vap": "187", "pvap": "   3,84", "e": "N", "st": "Suplente"}, {"seq": "18", "n": "55444", "vap": "99", "pvap": "   2,03", "e": "N", "st": "Suplente"}, {"seq": "8", "n": "25555", "vap": "235", "pvap": "   4,83", "e": "S", "st": "Eleito"}, {"seq": "11", "n": "25625", "vap": "203", "pvap": "   4,17", "e": "N", "st": "Suplente"}, {"seq": "17", "n": "25000", "vap": "126", "pvap": "   2,59", "e": "N", "st": "Suplente"}, {"seq": "20", "n": "25123", "vap": "31", "pvap": "   0,64", "e": "N", "st": "Suplente"}, {"seq": "21", "n": "25100", "vap": "27", "pvap": "   0,55", "e": "N", "st": "Suplente"}, {"seq": "23", "n": "25333", "vap": "7", "pvap": "   0,14", "e": "N", "st": "Suplente"}, {"seq": "24", "n": "25444", "vap": "4", "pvap": "   0,08", "e": "N", "st": "Suplente"}, {"seq": "25", "n": "25111", "vap": "3", "pvap": "   0,06", "e": "N", "st": "Suplente"}, {"seq": "26", "n": "25456", "vap": "0", "pvap": "00.00", "e": "N", "st": "Suplente"}, {"seq": "4", "n": "11111", "vap": "318", "pvap": "   6,53", "e": "S", "st": "Eleito"}, {"seq": "7", "n": "11789", "vap": "265", "pvap": "   5,44", "e": "S", "st": "Eleito"}, {"seq": "9", "n": "11444", "vap": "215", "pvap": "   4,42", "e": "S", "st": "Eleito"}, {"seq": "12", "n": "11555", "vap": "201", "pvap": "   4,13", "e": "N", "st": "Suplente"}, {"seq": "13", "n": "11011", "vap": "196", "pvap": "   4,03", "e": "N", "st": "Suplente"}, {"seq": "15", "n": "11222", "vap": "167", "pvap": "   3,43", "e": "N", "st": "Suplente"}, {"seq": "16", "n": "11333", "vap": "156", "pvap": "   3,20", "e": "N", "st": "Suplente"}, {"seq": "19", "n": "11777", "vap": "35", "pvap": "   0,72", "e": "N", "st": "Suplente"}, {"seq": "22", "n": "11234", "vap": "14", "pvap": "   0,29", "e": "N", "st": "Suplente"}]}]}