{"ele": "426", "carper": "13", "t": "1", "f": "O", "esae": "N", "mnae": " ", "dg": "15/11/2020", "hg": "22:39:38", "dv": "S", "nadf": "ba34630-c0013-e000426-003-f", "abr": [{"dt": "15/11/2020", "ht": "22:17:20", "tf": "S", "and": "F", "tpabr": "MU", "cdabr": "34630", "s": "44", "st": "44", "snt": "0", "si": "44", "sni": "0", "sa": "44", "sna": "0", "pst": " 100,00", "psnt": "   0,00", "psi": " 100,00", "psni": "   0,00", "psa": " 100,00", "psna": "   0,00", "e": "16890", "ea": "16890", "ena": "0", "esi": "16890", "esni": "0", "c": "14235", "a": "2655", "pea": " 100,00", "pena": "   0,00", "pesi": " 100,00", "pesni": "   0,00", "pa": "  15,72", "pc": "  84,28", "vscv": "0", "vnom": "12662", "vl": "768", "tv": "14235", "vvc": "13430", "vb": "268", "tvn": "537", "vn": "537", "vnt": "0", "vp": "0", "vv": "13430", "van": "0", "vansj": "0", "pvnom": "  94,28", "pvl": "   5,72", "pvvc": "  94,34", "pvb": "   1,89", "ptvn": "   3,77", "pvn": " 100,00", "pvnt": "   0,00", "pvp": "   0,00", "pvv": " 100,00", "pvan": "   0,00", "pvansj": "   0,00", "colig": [{"n": "50000149425", "tvtn": "1006", "tvan": "1006", "vag": "1", "tvtl": "26", "tval": "26"}, {"n": "50000151721", "tvtn": "1325", "tvan": "1325", "vag": "1", "tvtl": "29", "tval": "29"}, {"n": "50000149597", "tvtn": "1306", "tvan": "1306", "vag": "1", "tvtl": "21", "tval": "21"}, {"n": "50000149485", "tvtn": "2213", "tvan": "2213", "vag": "2", "tvtl": "37", "tval": "37"}, {"n": "50000151933", "tvtn": "34", "tvan": "34", "vag": "0", "tvtl": "38", "tval": "38"}, {"n": "50000149370", "tvtn": "1132", "tvan": "1132", "vag": "1", "tvtl": "46", "tval": "46"}, {"n": "50000150166", "tvtn": "1665", "tvan": "1665", "vag": "2", "tvtl": "323", "tval": "323"}, {"n": "50000076270", "tvtn": "2773", "tvan": "2773", "vag": "3", "tvtl": "221", "tval": "221"}, {"n": "50000149669", "tvtn": "298", "tvan": "298", "vag": "0", "tvtl": "8", "tval": "8"}, {"n": "50000151191", "tvtn": "194", "tvan": "194", "vag": "0", "tvtl": "6", "tval": "6"}, {"n": "50000149785", "tvtn": "716", "tvan": "716", "vag": "0", "tvtl": "13", "tval": "13"}], "part": [{"n": "13", "tvtn": "1006", "tvan": "1006", "tvtl": "26", "tval": "26"}, {"n": "70", "tvtn": "1325", "tvan": "1325", "tvtl": "29", "tval": "29"}, {"n": "19", "tvtn": "1306", "tvan": "1306", "tvtl": "21", "tval": "21"}, {"n": "18", "tvtn": "2213", "tvan": "2213", "tvtl": "37", "tval": "37"}, {"n": "77", "tvtn": "34", "tvan": "34", "tvtl": "38", "tval": "38"}, {"n": "11", "tvtn": "1132", "tvan": "1132", "tvtl": "46", "tval": "46"}, {"n": "40", "tvtn": "1665", "tvan": "1665", "tvtl": "323", "tval": "323"}, {"n": "55", "tvtn": "2773", "tvan": "2773", "tvtl": "221", "tval": "221"}, {"n": "20", "tvtn": "298", "tvan": "298", "tvtl": "8", "tval": "8"}, {"n": "50", "tvtn": "194", "tvan": "194", "tvtl": "6", "tval": "6"}, {"n": "36", "tvtn": "716", "tvan": "716", "tvtl": "13", "tval": "13"}], "cand": [{"seq": "73", "n": "13101", "vap": "30", "pvap": "   0,22", "e": "N", "st": "Suplente"}, {"seq": "93", "n": "13123", "vap": "8", "pvap": "   0,06", "e": "N", "st": "Suplente"}, {"seq": "78", "n": "13302", "vap": "21", "pvap": "   0,16", "e": "N", "st": "Suplente"}, {"seq": "72", "n": "13011", "vap": "30", "pvap": "   0,22", "e": "N", "st": "Suplente"}, {"seq": "74", "n": "13444", "vap": "29", "pvap": "   0,22", "e": "N", "st": "Suplente"}, {"seq": "45", "n": "13013", "vap": "86", "pvap": "   0,64", "e": "N", "st": "Suplente"}, {"seq": "12", "n": "13888", "vap": "257", "pvap": "   1,91", "e": "N", "st": "Suplente"}, {"seq": "31", "n": "13321", "vap": "126", "pvap": "   0,94", "e": "N", "st": "Suplente"}, {"seq": "6", "n": "13333", "vap": "349", "pvap": "   2,60", "e": "S", "st": "Eleito"}, {"seq": "65", "n": "13222", "vap": "45", "pvap": "   0,34", "e": "N", "st": "Suplente"}, {"seq": "77", "n": "13456", "vap": "25", "pvap": "   0,19", "e": "N", "st": "Suplente"}, {"seq": "16", "n": "70145", "vap": "222", "pvap": "   1,65", "e": "N", "st": "Suplente"}, {"seq": "10", "n": "70000", "vap": "279", "pvap": "   2,08", "e": "S", "st": "Eleito"}, {"seq": "61", "n": "70777", "vap": "53", "pvap": "   0,39", "e": "N", "st": "Suplente"}, {"seq": "90", "n": "70101", "vap": "10", "pvap": "   0,07", "e": "N", "st": "Suplente"}, {"seq": "33", "n": "70100", "vap": "120", "pvap": "   0,89", "e": "N", "st": "Suplente"}, {"seq": "58", "n": "70015", "vap": "59", "pvap": "   0,44", "e": "N", "st": "Suplente"}, {"seq": "82", "n": "70110", "vap": "19", "pvap": "   0,14", "e": "N", "st": "Suplente"}, {"seq": "37", "n": "70222", "vap": "99", "pvap": "   0,74", "e": "N", "st": "Suplente"}, {"seq": "44", "n": "70200", "vap": "86", "pvap": "   0,64", "e": "N", "st": "Suplente"}, {"seq": "91", "n": "70700", "vap": "9", "pvap": "   0,07", "e": "N", "st": "Suplente"}, {"seq": "30", "n": "70555", "vap": "127", "pvap": "   0,95", "e": "N", "st": "Suplente"}, {"seq": "81", "n": "70233", "vap": "20", "pvap": "   0,15", "e": "N", "st": "Suplente"}, {"seq": "60", "n": "70111", "vap": "55", "pvap": "   0,41", "e": "N", "st": "Suplente"}, {"seq": "87", "n": "70477", "vap": "12", "pvap": "   0,09", "e": "N", "st": "Suplente"}, {"seq": "24", "n": "70123", "vap": "155", "pvap": "   1,15", "e": "N", "st": "Suplente"}, {"seq": "85", "n": "19444", "vap": "16", "pvap": "   0,12", "e": "N", "st": "Suplente"}, {"seq": "23", "n": "19888", "vap": "177", "pvap": "   1,32", "e": "N", "st": "Suplente"}, {"seq": "55", "n": "19555", "vap": "65", "pvap": "   0,48", "e": "N", "st": "Suplente"}, {"seq": "34", "n": "19020", "vap": "115", "pvap": "   0,86", "e": "N", "st": "Suplente"}, {"seq": "136", "n": "19200", "vap": "0", "pvap": "00.00", "e": "N", "st": "N\u00e3o eleito"}, {"seq": "96", "n": "19222", "vap": "0", "pvap": "00.00", "e": "N", "st": "Suplente"}, {"seq": "97", "n": "19040", "vap": "0", "pvap": "00.00", "e": "N", "st": "Suplente"}, {"seq": "26", "n": "19999", "vap": "144", "pvap": "   1,07", "e": "N", "st": "Suplente"}, {"seq": "42", "n": "19333", "vap": "89", "pvap": "   0,66", "e": "N", "st": "Suplente"}, {"seq": "36", "n": "19123", "vap": "103", "pvap": "   0,77", "e": "N", "st": "Suplente"}, {"seq": "7", "n": "19111", "vap": "331", "pvap": "   2,46", "e": "S", "st": "Eleito"}, {"seq": "64", "n": "19000", "vap": "50", "pvap": "   0,37", "e": "N", "st": "Suplente"}, {"seq": "76", "n": "19455", "vap": "27", "pvap": "   0,20", "e": "N", "st": "Suplente"}, {"seq": "21", "n": "19125", "vap": "189", "pvap": "   1,41", "e": "N", "st": "Suplente"}, {"seq": "19", "n": "18000", "vap": "210", "pvap": "   1,56", "e": "N", "st": "Suplente"}, {"seq": "28", "n": "18130", "vap": "136", "pvap": "   1,01", "e": "N", "st": "Suplente"}, {"seq": "86", "n": "18811", "vap": "16", "pvap": "   0,12", "e": "N", "st": "Suplente"}, {"seq": "29", "n": "18777", "vap": "130", "pvap": "   0,97", "e": "N", "st": "Suplente"}, {"seq": "20", "n": "18555", "vap": "197", "pvap": "   1,47", "e": "N", "st": "Suplente"}, {"seq": "9", "n": "18123", "vap": "312", "pvap": "   2,32", "e": "S", "st": "Eleito"}, {"seq": "50", "n": "18220", "vap": "78", "pvap": "   0,58", "e": "N", "st": "Suplente"}, {"seq": "18", "n": "18999", "vap": "214", "pvap": "   1,59", "e": "N", "st": "Suplente"}, {"seq": "70", "n": "18100", "vap": "39", "pvap": "   0,29", "e": "N", "st": "Suplente"}, {"seq": "66", "n": "18111", "vap": "45", "pvap": "   0,34", "e": "N", "st": "Suplente"}, {"seq": "25", "n": "18333", "vap": "153", "pvap": "   1,14", "e": "N", "st": "Suplente"}, {"seq": "5", "n": "18888", "vap": "391", "pvap": "   2,91", "e": "S", "st": "Eleito"}, {"seq": "35", "n": "18456", "vap": "111", "pvap": "   0,83", "e": "N", "st": "Suplente"}, {"seq": "43", "n": "18444", "vap": "87", "pvap": "   0,65", "e": "N", "st": "Suplente"}, {"seq": "94", "n": "18971", "vap": "5", "pvap": "   0,04", "e": "N", "st": "Suplente"}, {"seq": "41", "n": "18222", "vap": "89", "pvap": "   0,66", "e": "N", "st": "Suplente"}, {"seq": "125", "n": "77123", "vap": "9", "pvap": "   0,07", "e": "N", "st": "N\u00e3o eleito"}, {"seq": "133", "n": "77789", "vap": "1", "pvap": "   0,01", "e": "N", "st": "N\u00e3o eleito"}, {"seq": "131", "n": "77777", "vap": "3", "pvap": "   0,02", "e": "N", "st": "N\u00e3o eleito"}, {"seq": "135", "n": "77177", "vap": "0", "pvap": "00.00", "e": "N", "st": "N\u00e3o eleito"}, {"seq": "113", "n": "77788", "vap": "21", "pvap": "   0,16", "e": "N", "st": "N\u00e3o eleito"}, {"seq": "4", "n": "11000", "vap": "424", "pvap": "   3,16", "e": "S", "st": "Eleito"}, {"seq": "79", "n": "11666", "vap": "21", "pvap": "   0,16", "e": "N", "st": "Suplente"}, {"seq": "32", "n": "11222", "vap": "124", "pvap": "   0,92", "e": "N", "st": "Suplente"}, {"seq": "67", "n": "11555", "vap": "45", "pvap": "   0,34", "e": "N", "st": "Suplente"}, {"seq": "63", "n": "11007", "vap": "51", "pvap": "   0,38", "e": "N", "st": "Suplente"}, {"seq": "75", "n": "11123", "vap": "28", "pvap": "   0,21", "e": "N", "st": "Suplente"}, {"seq": "40", "n": "11111", "vap": "95", "pvap": "   0,71", "e": "N", "st": "Suplente"}, {"seq": "92", "n": "11361", "vap": "9", "pvap": "   0,07", "e": "N", "st": "Suplente"}, {"seq": "15", "n": "11456", "vap": "236", "pvap": "   1,76", "e": "N", "st": "Suplente"}, {"seq": "48", "n": "11333", "vap": "82", "pvap": "   0,61", "e": "N", "st": "Suplente"}, {"seq": "84", "n": "11011", "vap": "17", "pvap": "   0,13", "e": "N", "st": "Suplente"}, {"seq": "69", "n": "40456", "vap": "43", "pvap": "   0,32", "e": "N", "st": "Suplente"}, {"seq": "88", "n": "40777", "vap": "11", "pvap": "   0,08", "e": "N", "st": "Suplente"}, {"seq": "47", "n": "40111", "vap": "82", "pvap": "   0,61", "e": "N", "st": "Suplente"}, {"seq": "59", "n": "40333", "vap": "56", "pvap": "   0,42", "e": "N", "st": "Suplente"}, {"seq": "71", "n": "40789", "vap": "34", "pvap": "   0,25", "e": "N", "st": "Suplente"}, {"seq": "1", "n": "40123", "vap": "814", "pvap": "   6,06", "e": "S", "st": "Eleito"}, {"seq": "11", "n": "40222", "vap": "130", "pvap": "   0,97", "e": "S", "st": "Eleito"}, {"seq": "62", "n": "40234", "vap": "52", "pvap": "   0,39", "e": "N", "st": "Suplente"}, {"seq": "46", "n": "40555", "vap": "83", "pvap": "   0,62", "e": "N", "st": "Suplente"}, {"seq": "68", "n": "40444", "vap": "44", "pvap": "   0,33", "e": "N", "st": "Suplente"}, {"seq": "39", "n": "40000", "vap": "96", "pvap": "   0,71", "e": "N", "st": "Suplente"}, {"seq": "54", "n": "40125", "vap": "67", "pvap": "   0,50", "e": "N", "st": "Suplente"}, {"seq": "95", "n": "40887", "vap": "2", "pvap": "   0,01", "e": "N", "st": "Suplente"}, {"seq": "49", "n": "40128", "vap": "79", "pvap": "   0,59", "e": "N", "st": "Suplente"}, {"seq": "52", "n": "40024", "vap": "72", "pvap": "   0,54", "e": "N", "st": "Suplente"}, {"seq": "14", "n": "55200", "vap": "250", "pvap": "   1,86", "e": "N", "st": "Suplente"}, {"seq": "17", "n": "55555", "vap": "215", "pvap": "   1,60", "e": "N", "st": "Suplente"}, {"seq": "89", "n": "55123", "vap": "11", "pvap": "   0,08", "e": "N", "st": "Suplente"}, {"seq": "57", "n": "55222", "vap": "60", "pvap": "   0,45", "e": "N", "st": "Suplente"}, {"seq": "27", "n": "55000", "vap": "143", "pvap": "   1,06", "e": "N", "st": "Suplente"}, {"seq": "3", "n": "55810", "vap": "448", "pvap": "   3,34", "e": "S", "st": "Eleito"}, {"seq": "2", "n": "55166", "vap": "538", "pvap": "   4,01", "e": "S", "st": "Eleito"}, {"seq": "38", "n": "55111", "vap": "98", "pvap": "   0,73", "e": "N", "st": "Suplente"}, {"seq": "8", "n": "55234", "vap": "328", "pvap": "   2,44", "e": "S", "st": "Eleito"}, {"seq": "53", "n": "55333", "vap": "69", "pvap": "   0,51", "e": "N", "st": "Suplente"}, {"seq": "51", "n": "55444", "vap": "74", "pvap": "   0,55", "e": "N", "st": "Suplente"}, {"seq": "80", "n": "55231", "vap": "20", "pvap": "   0,15", "e": "N", "st": "Suplente"}, {"seq": "13", "n": "55888", "vap": "254", "pvap": "   1,89", "e": "N", "st": "Suplente"}, {"seq": "56", "n": "55245", "vap": "60", "pvap": "   0,45", "e": "N", "st": "Suplente"}, {"seq": "83", "n": "55456", "vap": "19", "pvap": "   0,14", "e": "N", "st": "Suplente"}, {"seq": "22", "n": "55525", "vap": "186", "pvap": "   1,38", "e": "N", "st": "Suplente"}, {"seq": "102", "n": "20111", "vap": "59", "pvap": "   0,44", "e": "N", "st": "N\u00e3o eleito"}, {"seq": "132", "n": "20888", "vap": "3", "pvap": "   0,02", "e": "N", "st": "N\u00e3o eleito"}, {"seq": "106", "n": "20777", "vap": "36", "pvap": "   0,27", "e": "N", "st": "N\u00e3o eleito"}, {"seq": "108", "n": "20616", "vap": "30", "pvap": "   0,22", "e": "N", "st": "N\u00e3o eleito"}, {"seq": "103", "n": "20222", "vap": "40", "pvap": "   0,30", "e": "N", "st": "N\u00e3o eleito"}, {"seq": "116", "n": "20789", "vap": "18", "pvap": "   0,13", "e": "N", "st": "N\u00e3o eleito"}, {"seq": "115", "n": "20125", "vap": "20", "pvap": "   0,15", "e": "N", "st": "N\u00e3o eleito"}, {"seq": "124", "n": "20123", "vap": "11", "pvap": "   0,08", "e": "N", "st": "N\u00e3o eleito"}, {"seq": "117", "n": "20156", "vap": "18", "pvap": "   0,13", "e": "N", "st": "N\u00e3o eleito"}, {"seq": "121", "n": "20525", "vap": "13", "pvap": "   0,10", "e": "N", "st": "N\u00e3o eleito"}, {"seq": "107", "n": "20120", "vap": "33", "pvap": "   0,25", "e": "N", "st": "N\u00e3o eleito"}, {"seq": "130", "n": "20345", "vap": "4", "pvap": "   0,03", "e": "N", "st": "N\u00e3o eleito"}, {"seq": "120", "n": "20894", "vap": "13", "pvap": "   0,10", "e": "N", "st": "N\u00e3o eleito"}, {"seq": "119", "n": "50050", "vap": "16", "pvap": "   0,12", "e": "N", "st": "N\u00e3o eleito"}, {"seq": "123", "n": "50777", "vap": "11", "pvap": "   0,08", "e": "N", "st": "N\u00e3o eleito"}, {"seq": "118", "n": "50123", "vap": "17", "pvap": "   0,13", "e": "N", "st": "N\u00e3o eleito"}, {"seq": "122", "n": "50333", "vap": "12", "pvap": "   0,09", "e": "N", "st": "N\u00e3o eleito"}, {"seq": "129", "n": "50100", "vap": "8", "pvap": "   0,06", "e": "N", "st": "N\u00e3o eleito"}, {"seq": "114", "n": "50456", "vap": "21", "pvap": "   0,16", "e": "N", "st": "N\u00e3o eleito"}, {"seq": "127", "n": "50500", "vap": "9", "pvap": "   0,07", "e": "N", "st": "N\u00e3o eleito"}, {"seq": "100", "n": "50000", "vap": "91", "pvap": "   0,68", "e": "N", "st": "N\u00e3o eleito"}, {"seq": "128", "n": "50525", "vap": "9", "pvap": "   0,07", "e": "N", "st": "N\u00e3o eleito"}, {"seq": "110", "n": "36411", "vap": "24", "pvap": "   0,18", "e": "N", "st": "N\u00e3o eleito"}, {"seq": "109", "n": "36122", "vap": "29", "pvap": "   0,22", "e": "N", "st": "N\u00e3o eleito"}, {"seq": "104", "n": "36000", "vap": "40", "pvap": "   0,30", "e": "N", "st": "N\u00e3o eleito"}, {"seq": "111", "n": "36888", "vap": "22", "pvap": "   0,16", "e": "N", "st": "N\u00e3o eleito"}, {"seq": "112", "n": "36500", "vap": "22", "pvap": "   0,16", "e": "N", "st": "N\u00e3o eleito"}, {"seq": "99", "n": "36222", "vap": "169", "pvap": "   1,26", "e": "N", "st": "N\u00e3o eleito"}, {"seq": "98", "n": "36555", "vap": "273", "pvap": "   2,03", "e": "N", "st": "N\u00e3o eleito"}, {"seq": "101", "n": "36111", "vap": "89", "pvap": "   0,66", "e": "N", "st": "N\u00e3o eleito"}, {"seq": "134", "n": "36444", "vap": "0", "pvap": "00.00", "e": "N", "st": "N\u00e3o eleito"}, {"seq": "105", "n": "36123", "vap": "39", "pvap": "   0,29", "e": "N", "st": "N\u00e3o eleito"}, {"seq": "126", "n": "36333", "vap": "9", "pvap": "   0,07", "e": "N", "st": "N\u00e3o eleito"}]}, {"dt": "15/11/2020", "ht": "22:17:20", "tf": "S", "and": "F", "tpabr": "ZONA", "cdabr": "108", "s": "44", "st": "44", "snt": "0", "si": "44", "sni": "0", "sa": "44", "sna": "0", "pst": " 100,00", "psnt": "   0,00", "psi": " 100,00", "psni": "   0,00", "psa": " 100,00", "psna": "   0,00", "e": "16890", "ea": "16890", "ena": "0", "esi": "16890", "esni": "0", "a": "2655", "c": "14235", "pea": " 100,00", "pena": "   0,00", "pesi": " 100,00", "pesni": "   0,00", "pa": "  15,72", "pc": "  84,28", "vnom": "12662", "vscv": "0", "vl": "768", "tv": "14235", "vvc": "13430", "vb": "268", "tvn": "537", "vn": "537", "vnt": "0", "vp": "0", "vv": "13430", "van": "0", "vansj": "0", "pvnom": "  94,28", "pvl": "   5,72", "pvvc": "  94,34", "pvb": "   1,89", "ptvn": "   3,77", "pvn": " 100,00", "pvnt": "   0,00", "pvp": "   0,00", "pvv": " 100,00", "pvan": "   0,00", "pvansj": "   0,00", "cand": [{"seq": "102", "n": "20111", "vap": "59", "pvap": "   0,44", "e": "N", "st": "N\u00e3o eleito"}, {"seq": "103", "n": "20222", "vap": "40", "pvap": "   0,30", "e": "N", "st": "N\u00e3o eleito"}, {"seq": "106", "n": "20777", "vap": "36", "pvap": "   0,27", "e": "N", "st": "N\u00e3o eleito"}, {"seq": "107", "n": "20120", "vap": "33", "pvap": "   0,25", "e": "N", "st": "N\u00e3o eleito"}, {"seq": "108", "n": "20616", "vap": "30", "pvap": "   0,22", "e": "N", "st": "N\u00e3o eleito"}, {"seq": "115", "n": "20125", "vap": "20", "pvap": "   0,15", "e": "N", "st": "N\u00e3o eleito"}, {"seq": "116", "n": "20789", "vap": "18", "pvap": "   0,13", "e": "N", "st": "N\u00e3o eleito"}, {"seq": "117", "n": "20156", "vap": "18", "pvap": "   0,13", "e": "N", "st": "N\u00e3o eleito"}, {"seq": "120", "n": "20894", "vap": "13", "pvap": "   0,10", "e": "N", "st": "N\u00e3o eleito"}, {"seq": "121", "n": "20525", "vap": "13", "pvap": "   0,10", "e": "N", "st": "N\u00e3o eleito"}, {"seq": "124", "n": "20123", "vap": "11", "pvap": "   0,08", "e": "N", "st": "N\u00e3o eleito"}, {"seq": "130", "n": "20345", "vap": "4", "pvap": "   0,03", "e": "N", "st": "N\u00e3o eleito"}, {"seq": "132", "n": "20888", "vap": "3", "pvap": "   0,02", "e": "N", "st": "N\u00e3o eleito"}, {"seq": "7", "n": "19111", "vap": "331", "pvap": "   2,46", "e": "S", "st": "Eleito"}, {"seq": "21", "n": "19125", "vap": "189", "pvap": "   1,41", "e": "N", "st": "Suplente"}, {"seq": "23", "n": "19888", "vap": "177", "pvap": "   1,32", "e": "N", "st": "Suplente"}, {"seq": "26", "n": "19999", "vap": "144", "pvap": "   1,07", "e": "N", "st": "Suplente"}, {"seq": "34", "n": "19020", "vap": "115", "pvap": "   0,86", "e": "N", "st": "Suplente"}, {"seq": "36", "n": "19123", "vap": "103", "pvap": "   0,77", "e": "N", "st": "Suplente"}, {"seq": "42", "n": "19333", "vap": "89", "pvap": "   0,66", "e": "N", "st": "Suplente"}, {"seq": "55", "n": "19555", "vap": "65", "pvap": "   0,48", "e": "N", "st": "Suplente"}, {"seq": "64", "n": "19000", "vap": "50", "pvap": "   0,37", "e": "N", "st": "Suplente"}, {"seq": "76", "n": "19455", "vap": "27", "pvap": "   0,20", "e": "N", "st": "Suplente"}, {"seq": "85", "n": "19444", "vap": "16", "pvap": "   0,12", "e": "N", "st": "Suplente"}, {"seq": "96", "n": "19222", "vap": "0", "pvap": "00.00", "e": "N", "st": "Suplente"}, {"seq": "97", "n": "19040", "vap": "0", "pvap": "00.00", "e": "N", "st": "Suplente"}, {"seq": "136", "n": "19200", "vap": "0", "pvap": "00.00", "e": "N", "st": "N\u00e3o eleito"}, {"seq": "6", "n": "13333", "vap": "349", "pvap": "   2,60", "e": "S", "st": "Eleito"}, {"seq": "12", "n": "13888", "vap": "257", "pvap": "   1,91", "e": "N", "st": "Suplente"}, {"seq": "31", "n": "13321", "vap": "126", "pvap": "   0,94", "e": "N", "st": "Suplente"}, {"seq": "45", "n": "13013", "vap": "86", "pvap": "   0,64", "e": "N", "st": "Suplente"}, {"seq": "65", "n": "13222", "vap": "45", "pvap": "   0,34", "e": "N", "st": "Suplente"}, {"seq": "72", "n": "13011", "vap": "30", "pvap": "   0,22", "e": "N", "st": "Suplente"}, {"seq": "73", "n": "13101", "vap": "30", "pvap": "   0,22", "e": "N", "st": "Suplente"}, {"seq": "74", "n": "13444", "vap": "29", "pvap": "   0,22", "e": "N", "st": "Suplente"}, {"seq": "77", "n": "13456", "vap": "25", "pvap": "   0,19", "e": "N", "st": "Suplente"}, {"seq": "78", "n": "13302", "vap": "21", "pvap": "   0,16", "e": "N", "st": "Suplente"}, {"seq": "93", "n": "13123", "vap": "8", "pvap": "   0,06", "e": "N", "st": "Suplente"}, {"seq": "98", "n": "36555", "vap": "273", "pvap": "   2,03", "e": "N", "st": "N\u00e3o eleito"}, {"seq": "99", "n": "36222", "vap": "169", "pvap": "   1,26", "e": "N", "st": "N\u00e3o eleito"}, {"seq": "101", "n": "36111", "vap": "89", "pvap": "   0,66", "e": "N", "st": "N\u00e3o eleito"}, {"seq": "104", "n": "36000", "vap": "40", "pvap": "   0,30", "e": "N", "st": "N\u00e3o eleito"}, {"seq": "105", "n": "36123", "vap": "39", "pvap": "   0,29", "e": "N", "st": "N\u00e3o eleito"}, {"seq": "109", "n": "36122", "vap": "29", "pvap": "   0,22", "e": "N", "st": "N\u00e3o eleito"}, {"seq": "110", "n": "36411", "vap": "24", "pvap": "   0,18", "e": "N", "st": "N\u00e3o eleito"}, {"seq": "111", "n": "36888", "vap": "22", "pvap": "   0,16", "e": "N", "st": "N\u00e3o eleito"}, {"seq": "112", "n": "36500", "vap": "22", "pvap": "   0,16", "e": "N", "st": "N\u00e3o eleito"}, {"seq": "126", "n": "36333", "vap": "9", "pvap": "   0,07", "e": "N", "st": "N\u00e3o eleito"}, {"seq": "134", "n": "36444", "vap": "0", "pvap": "00.00", "e": "N", "st": "N\u00e3o eleito"}, {"seq": "4", "n": "11000", "vap": "424", "pvap": "   3,16", "e": "S", "st": "Eleito"}, {"seq": "15", "n": "11456", "vap": "236", "pvap": "   1,76", "e": "N", "st": "Suplente"}, {"seq": "32", "n": "11222", "vap": "124", "pvap": "   0,92", "e": "N", "st": "Suplente"}, {"seq": "40", "n": "11111", "vap": "95", "pvap": "   0,71", "e": "N", "st": "Suplente"}, {"seq": "48", "n": "11333", "vap": "82", "pvap": "   0,61", "e": "N", "st": "Suplente"}, {"seq": "63", "n": "11007", "vap": "51", "pvap": "   0,38", "e": "N", "st": "Suplente"}, {"seq": "67", "n": "11555", "vap": "45", "pvap": "   0,34", "e": "N", "st": "Suplente"}, {"seq": "75", "n": "11123", "vap": "28", "pvap": "   0,21", "e": "N", "st": "Suplente"}, {"seq": "79", "n": "11666", "vap": "21", "pvap": "   0,16", "e": "N", "st": "Suplente"}, {"seq": "84", "n": "11011", "vap": "17", "pvap": "   0,13", "e": "N", "st": "Suplente"}, {"seq": "92", "n": "11361", "vap": "9", "pvap": "   0,07", "e": "N", "st": "Suplente"}, {"seq": "2", "n": "55166", "vap": "538", "pvap": "   4,01", "e": "S", "st": "Eleito"}, {"seq": "3", "n": "55810", "vap": "448", "pvap": "   3,34", "e": "S", "st": "Eleito"}, {"seq": "8", "n": "55234", "vap": "328", "pvap": "   2,44", "e": "S", "st": "Eleito"}, {"seq": "13", "n": "55888", "vap": "254", "pvap": "   1,89", "e": "N", "st": "Suplente"}, {"seq": "14", "n": "55200", "vap": "250", "pvap": "   1,86", "e": "N", "st": "Suplente"}, {"seq": "17", "n": "55555", "vap": "215", "pvap": "   1,60", "e": "N", "st": "Suplente"}, {"seq": "22", "n": "55525", "vap": "186", "pvap": "   1,38", "e": "N", "st": "Suplente"}, {"seq": "27", "n": "55000", "vap": "143", "pvap": "   1,06", "e": "N", "st": "Suplente"}, {"seq": "38", "n": "55111", "vap": "98", "pvap": "   0,73", "e": "N", "st": "Suplente"}, {"seq": "51", "n": "55444", "vap": "74", "pvap": "   0,55", "e": "N", "st": "Suplente"}, {"seq": "53", "n": "55333", "vap": "69", "pvap": "   0,51", "e": "N", "st": "Suplente"}, {"seq": "56", "n": "55245", "vap": "60", "pvap": "   0,45", "e": "N", "st": "Suplente"}, {"seq": "57", "n": "55222", "vap": "60", "pvap": "   0,45", "e": "N", "st": "Suplente"}, {"seq": "80", "n": "55231", "vap": "20", "pvap": "   0,15", "e": "N", "st": "Suplente"}, {"seq": "83", "n": "55456", "vap": "19", "pvap": "   0,14", "e": "N", "st": "Suplente"}, {"seq": "89", "n": "55123", "vap": "11", "pvap": "   0,08", "e": "N", "st": "Suplente"}, {"seq": "1", "n": "40123", "vap": "814", "pvap": "   6,06", "e": "S", "st": "Eleito"}, {"seq": "11", "n": "40222", "vap": "130", "pvap": "   0,97", "e": "S", "st": "Eleito"}, {"seq": "39", "n": "40000", "vap": "96", "pvap": "   0,71", "e": "N", "st": "Suplente"}, {"seq": "46", "n": "40555", "vap": "83", "pvap": "   0,62", "e": "N", "st": "Suplente"}, {"seq": "47", "n": "40111", "vap": "82", "pvap": "   0,61", "e": "N", "st": "Suplente"}, {"seq": "49", "n": "40128", "vap": "79", "pvap": "   0,59", "e": "N", "st": "Suplente"}, {"seq": "52", "n": "40024", "vap": "72", "pvap": "   0,54", "e": "N", "st": "Suplente"}, {"seq": "54", "n": "40125", "vap": "67", "pvap": "   0,50", "e": "N", "st": "Suplente"}, {"seq": "59", "n": "40333", "vap": "56", "pvap": "   0,42", "e": "N", "st": "Suplente"}, {"seq": "62", "n": "40234", "vap": "52", "pvap": "   0,39", "e": "N", "st": "Suplente"}, {"seq": "68", "n": "40444", "vap": "44", "pvap": "   0,33", "e": "N", "st": "Suplente"}, {"seq": "69", "n": "40456", "vap": "43", "pvap": "   0,32", "e": "N", "st": "Suplente"}, {"seq": "71", "n": "40789", "vap": "34", "pvap": "   0,25", "e": "N", "st": "Suplente"}, {"seq": "88", "n": "40777", "vap": "11", "pvap": "   0,08", "e": "N", "st": "Suplente"}, {"seq": "95", "n": "40887", "vap": "2", "pvap": "   0,01", "e": "N", "st": "Suplente"}, {"seq": "5", "n": "18888", "vap": "391", "pvap": "   2,91", "e": "S", "st": "Eleito"}, {"seq": "9", "n": "18123", "vap": "312", "pvap": "   2,32", "e": "S", "st": "Eleito"}, {"seq": "18", "n": "18999", "vap": "214", "pvap": "   1,59", "e": "N", "st": "Suplente"}, {"seq": "19", "n": "18000", "vap": "210", "pvap": "   1,56", "e": "N", "st": "Suplente"}, {"seq": "20", "n": "18555", "vap": "197", "pvap": "   1,47", "e": "N", "st": "Suplente"}, {"seq": "25", "n": "18333", "vap": "153", "pvap": "   1,14", "e": "N", "st": "Suplente"}, {"seq": "28", "n": "18130", "vap": "136", "pvap": "   1,01", "e": "N", "st": "Suplente"}, {"seq": "29", "n": "18777", "vap": "130", "pvap": "   0,97", "e": "N", "st": "Suplente"}, {"seq": "35", "n": "18456", "vap": "111", "pvap": "   0,83", "e": "N", "st": "Suplente"}, {"seq": "41", "n": "18222", "vap": "89", "pvap": "   0,66", "e": "N", "st": "Suplente"}, {"seq": "43", "n": "18444", "vap": "87", "pvap": "   0,65", "e": "N", "st": "Suplente"}, {"seq": "50", "n": "18220", "vap": "78", "pvap": "   0,58", "e": "N", "st": "Suplente"}, {"seq": "66", "n": "18111", "vap": "45", "pvap": "   0,34", "e": "N", "st": "Suplente"}, {"seq": "70", "n": "18100", "vap": "39", "pvap": "   0,29", "e": "N", "st": "Suplente"}, {"seq": "86", "n": "18811", "vap": "16", "pvap": "   0,12", "e": "N", "st": "Suplente"}, {"seq": "94", "n": "18971", "vap": "5", "pvap": "   0,04", "e": "N", "st": "Suplente"}, {"seq": "100", "n": "50000", "vap": "91", "pvap": "   0,68", "e": "N", "st": "N\u00e3o eleito"}, {"seq": "114", "n": "50456", "vap": "21", "pvap": "   0,16", "e": "N", "st": "N\u00e3o eleito"}, {"seq": "118", "n": "50123", "vap": "17", "pvap": "   0,13", "e": "N", "st": "N\u00e3o eleito"}, {"seq": "119", "n": "50050", "vap": "16", "pvap": "   0,12", "e": "N", "st": "N\u00e3o eleito"}, {"seq": "122", "n": "50333", "vap": "12", "pvap": "   0,09", "e": "N", "st": "N\u00e3o eleito"}, {"seq": "123", "n": "50777", "vap": "11", "pvap": "   0,08", "e": "N", "st": "N\u00e3o eleito"}, {"seq": "127", "n": "50500", "vap": "9", "pvap": "   0,07", "e": "N", "st": "N\u00e3o eleito"}, {"seq": "128", "n": "50525", "vap": "9", "pvap": "   0,07", "e": "N", "st": "N\u00e3o eleito"}, {"seq": "129", "n": "50100", "vap": "8", "pvap": "   0,06", "e": "N", "st": "N\u00e3o eleito"}, {"seq": "10", "n": "70000", "vap": "279", "pvap": "   2,08", "e": "S", "st": "Eleito"}, {"seq": "16", "n": "70145", "vap": "222", "pvap": "   1,65", "e": "N", "st": "Suplente"}, {"seq": "24", "n": "70123", "vap": "155", "pvap": "   1,15", "e": "N", "st": "Suplente"}, {"seq": "30", "n": "70555", "vap": "127", "pvap": "   0,95", "e": "N", "st": "Suplente"}, {"seq": "33", "n": "70100", "vap": "120", "pvap": "   0,89", "e": "N", "st": "Suplente"}, {"seq": "37", "n": "70222", "vap": "99", "pvap": "   0,74", "e": "N", "st": "Suplente"}, {"seq": "44", "n": "70200", "vap": "86", "pvap": "   0,64", "e": "N", "st": "Suplente"}, {"seq": "58", "n": "70015", "vap": "59", "pvap": "   0,44", "e": "N", "st": "Suplente"}, {"seq": "60", "n": "70111", "vap": "55", "pvap": "   0,41", "e": "N", "st": "Suplente"}, {"seq": "61", "n": "70777", "vap": "53", "pvap": "   0,39", "e": "N", "st": "Suplente"}, {"seq": "81", "n": "70233", "vap": "20", "pvap": "   0,15", "e": "N", "st": "Suplente"}, {"seq": "82", "n": "70110", "vap": "19", "pvap": "   0,14", "e": "N", "st": "Suplente"}, {"seq": "87", "n": "70477", "vap": "12", "pvap": "   0,09", "e": "N", "st": "Suplente"}, {"seq": "90", "n": "70101", "vap": "10", "pvap": "   0,07", "e": "N", "st": "Suplente"}, {"seq": "91", "n": "70700", "vap": "9", "pvap": "   0,07", "e": "N", "st": "Suplente"}, {"seq": "113", "n": "77788", "vap": "21", "pvap": "   0,16", "e": "N", "st": "N\u00e3o eleito"}, {"seq": "125", "n": "77123", "vap": "9", "pvap": "   0,07", "e": "N", "st": "N\u00e3o eleito"}, {"seq": "131", "n": "77777", "vap": "3", "pvap": "   0,02", "e": "N", "st": "N\u00e3o eleito"}, {"seq": "133", "n": "77789", "vap": "1", "pvap": "   0,01", "e": "N", "st": "N\u00e3o eleito"}, {"seq": "135", "n": "77177", "vap": "0", "pvap": "00.00", "e": "N", "st": "N\u00e3o eleito"}]}]}