{"ele": "426", "carper": "13", "t": "1", "f": "O", "esae": "N", "mnae": " ", "dg": "15/11/2020", "hg": "22:39:46", "dv": "S", "nadf": "ba33596-c0013-e000426-003-f", "abr": [{"dt": "15/11/2020", "ht": "22:14:43", "tf": "S", "and": "F", "tpabr": "MU", "cdabr": "33596", "s": "47", "st": "47", "snt": "0", "si": "47", "sni": "0", "sa": "47", "sna": "0", "pst": " 100,00", "psnt": "   0,00", "psi": " 100,00", "psni": "   0,00", "psa": " 100,00", "psna": "   0,00", "e": "12410", "ea": "12410", "ena": "0", "esi": "12410", "esni": "0", "c": "9968", "a": "2442", "pea": " 100,00", "pena": "   0,00", "pesi": " 100,00", "pesni": "   0,00", "pa": "  19,68", "pc": "  80,32", "vscv": "0", "vnom": "9037", "vl": "540", "tv": "9968", "vvc": "9577", "vb": "95", "tvn": "296", "vn": "295", "vnt": "1", "vp": "0", "vv": "9577", "van": "0", "vansj": "0", "pvnom": "  94,36", "pvl": "   5,64", "pvvc": "  96,08", "pvb": "   0,95", "ptvn": "   2,97", "pvn": "  99,66", "pvnt": "   0,34", "pvp": "   0,00", "pvv": " 100,00", "pvan": "   0,00", "pvansj": "   0,00", "colig": [{"n": "50000066031", "tvtn": "264", "tvan": "264", "vag": "0", "tvtl": "10", "tval": "10"}, {"n": "50000069526", "tvtn": "1351", "tvan": "1351", "vag": "1", "tvtl": "25", "tval": "25"}, {"n": "50000066025", "tvtn": "1160", "tvan": "1160", "vag": "1", "tvtl": "262", "tval": "262"}, {"n": "50000060049", "tvtn": "1832", "tvan": "1833", "vag": "2", "tvtl": "46", "tval": "46"}, {"n": "50000066041", "tvtn": "1542", "tvan": "1542", "vag": "2", "tvtl": "17", "tval": "17"}, {"n": "50000060039", "tvtn": "2850", "tvan": "2850", "vag": "3", "tvtl": "178", "tval": "178"}, {"n": "50000060059", "tvtn": "38", "tvan": "38", "vag": "0", "tvtl": "2", "tval": "2"}], "part": [{"n": "13", "tvtn": "264", "tvan": "264", "tvtl": "10", "tval": "10"}, {"n": "19", "tvtn": "1351", "tvan": "1351", "tvtl": "25", "tval": "25"}, {"n": "12", "tvtn": "1160", "tvan": "1160", "tvtl": "262", "tval": "262"}, {"n": "22", "tvtn": "1832", "tvan": "1832", "tvtl": "46", "tval": "46"}, {"n": "40", "tvtn": "1542", "tvan": "1542", "tvtl": "17", "tval": "17"}, {"n": "55", "tvtn": "2850", "tvan": "2850", "tvtl": "178", "tval": "178"}, {"n": "50", "tvtn": "38", "tvan": "38", "tvtl": "2", "tval": "2"}], "cand": [{"seq": "47", "n": "13123", "vap": "68", "pvap": "   0,71", "e": "N", "st": "N\u00e3o eleito"}, {"seq": "46", "n": "13333", "vap": "88", "pvap": "   0,92", "e": "N", "st": "N\u00e3o eleito"}, {"seq": "45", "n": "13444", "vap": "90", "pvap": "   0,94", "e": "N", "st": "N\u00e3o eleito"}, {"seq": "49", "n": "13222", "vap": "14", "pvap": "   0,15", "e": "N", "st": "N\u00e3o eleito"}, {"seq": "50", "n": "13111", "vap": "4", "pvap": "   0,04", "e": "N", "st": "N\u00e3o eleito"}, {"seq": "18", "n": "19333", "vap": "151", "pvap": "   1,58", "e": "N", "st": "Suplente"}, {"seq": "36", "n": "19400", "vap": "21", "pvap": "   0,22", "e": "N", "st": "Suplente"}, {"seq": "6", "n": "19111", "vap": "491", "pvap": "   5,13", "e": "S", "st": "Eleito"}, {"seq": "30", "n": "19222", "vap": "31", "pvap": "   0,32", "e": "N", "st": "Suplente"}, {"seq": "44", "n": "19444", "vap": "2", "pvap": "   0,02", "e": "N", "st": "Suplente"}, {"seq": "34", "n": "19555", "vap": "27", "pvap": "   0,28", "e": "N", "st": "Suplente"}, {"seq": "17", "n": "19999", "vap": "152", "pvap": "   1,59", "e": "N", "st": "Suplente"}, {"seq": "35", "n": "19000", "vap": "25", "pvap": "   0,26", "e": "N", "st": "Suplente"}, {"seq": "10", "n": "19888", "vap": "451", "pvap": "   4,71", "e": "N", "st": "Suplente"}, {"seq": "13", "n": "12123", "vap": "337", "pvap": "   3,52", "e": "N", "st": "Suplente"}, {"seq": "32", "n": "12000", "vap": "30", "pvap": "   0,31", "e": "N", "st": "Suplente"}, {"seq": "15", "n": "12222", "vap": "263", "pvap": "   2,75", "e": "N", "st": "Suplente"}, {"seq": "41", "n": "12121", "vap": "9", "pvap": "   0,09", "e": "N", "st": "Suplente"}, {"seq": "28", "n": "12333", "vap": "32", "pvap": "   0,33", "e": "N", "st": "Suplente"}, {"seq": "40", "n": "12247", "vap": "10", "pvap": "   0,10", "e": "N", "st": "Suplente"}, {"seq": "9", "n": "12111", "vap": "417", "pvap": "   4,35", "e": "S", "st": "Eleito"}, {"seq": "23", "n": "12444", "vap": "62", "pvap": "   0,65", "e": "N", "st": "Suplente"}, {"seq": "16", "n": "22000", "vap": "226", "pvap": "   2,36", "e": "N", "st": "Suplente"}, {"seq": "43", "n": "22133", "vap": "3", "pvap": "   0,03", "e": "N", "st": "Suplente"}, {"seq": "12", "n": "22444", "vap": "379", "pvap": "   3,96", "e": "N", "st": "Suplente"}, {"seq": "33", "n": "22111", "vap": "29", "pvap": "   0,30", "e": "N", "st": "Suplente"}, {"seq": "19", "n": "22333", "vap": "119", "pvap": "   1,24", "e": "N", "st": "Suplente"}, {"seq": "7", "n": "22999", "vap": "482", "pvap": "   5,03", "e": "S", "st": "Eleito"}, {"seq": "24", "n": "22888", "vap": "56", "pvap": "   0,58", "e": "N", "st": "Suplente"}, {"seq": "8", "n": "22222", "vap": "454", "pvap": "   4,74", "e": "S", "st": "Eleito"}, {"seq": "29", "n": "22777", "vap": "32", "pvap": "   0,33", "e": "N", "st": "Suplente"}, {"seq": "38", "n": "22122", "vap": "15", "pvap": "   0,16", "e": "N", "st": "Suplente"}, {"seq": "26", "n": "22555", "vap": "37", "pvap": "   0,39", "e": "N", "st": "Suplente"}, {"seq": "1", "n": "40000", "vap": "746", "pvap": "   7,79", "e": "S", "st": "Eleito"}, {"seq": "31", "n": "40123", "vap": "31", "pvap": "   0,32", "e": "N", "st": "Suplente"}, {"seq": "21", "n": "40333", "vap": "80", "pvap": "   0,84", "e": "N", "st": "Suplente"}, {"seq": "37", "n": "40555", "vap": "15", "pvap": "   0,16", "e": "N", "st": "Suplente"}, {"seq": "3", "n": "40222", "vap": "632", "pvap": "   6,60", "e": "S", "st": "Eleito"}, {"seq": "25", "n": "40444", "vap": "38", "pvap": "   0,40", "e": "N", "st": "Suplente"}, {"seq": "14", "n": "55222", "vap": "305", "pvap": "   3,18", "e": "N", "st": "Suplente"}, {"seq": "11", "n": "55333", "vap": "442", "pvap": "   4,62", "e": "N", "st": "Suplente"}, {"seq": "22", "n": "55777", "vap": "64", "pvap": "   0,67", "e": "N", "st": "Suplente"}, {"seq": "20", "n": "55444", "vap": "90", "pvap": "   0,94", "e": "N", "st": "Suplente"}, {"seq": "27", "n": "55888", "vap": "34", "pvap": "   0,36", "e": "N", "st": "Suplente"}, {"seq": "5", "n": "55110", "vap": "542", "pvap": "   5,66", "e": "S", "st": "Eleito"}, {"seq": "39", "n": "55666", "vap": "13", "pvap": "   0,14", "e": "N", "st": "Suplente"}, {"seq": "42", "n": "55999", "vap": "5", "pvap": "   0,05", "e": "N", "st": "Suplente"}, {"seq": "2", "n": "55111", "vap": "739", "pvap": "   7,72", "e": "S", "st": "Eleito"}, {"seq": "4", "n": "55555", "vap": "616", "pvap": "   6,43", "e": "S", "st": "Eleito"}, {"seq": "48", "n": "50000", "vap": "38", "pvap": "   0,40", "e": "N", "st": "N\u00e3o eleito"}]}, {"dt": "15/11/2020", "ht": "22:14:43", "tf": "S", "and": "F", "tpabr": "ZONA", "cdabr": "176", "s": "47", "st": "47", "snt": "0", "si": "47", "sni": "0", "sa": "47", "sna": "0", "pst": " 100,00", "psnt": "   0,00", "psi": " 100,00", "psni": "   0,00", "psa": " 100,00", "psna": "   0,00", "e": "12410", "ea": "12410", "ena": "0", "esi": "12410", "esni": "0", "a": "2442", "c": "9968", "pea": " 100,00", "pena": "   0,00", "pesi": " 100,00", "pesni": "   0,00", "pa": "  19,68", "pc": "  80,32", "vnom": "9037", "vscv": "0", "vl": "540", "tv": "9968", "vvc": "9577", "vb": "95", "tvn": "296", "vn": "295", "vnt": "1", "vp": "0", "vv": "9577", "van": "0", "vansj": "0", "pvnom": "  94,36", "pvl": "   5,64", "pvvc": "  96,08", "pvb": "   0,95", "ptvn": "   2,97", "pvn": "  99,66", "pvnt": "   0,34", "pvp": "   0,00", "pvv": " 100,00", "pvan": "   0,00", "pvansj": "   0,00", "cand": [{"seq": "6", "n": "19111", "vap": "491", "pvap": "   5,13", "e": "S", "st": "Eleito"}, {"seq": "10", "n": "19888", "vap": "451", "pvap": "   4,71", "e": "N", "st": "Suplente"}, {"seq": "17", "n": "19999", "vap": "152", "pvap": "   1,59", "e": "N", "st": "Suplente"}, {"seq": "18", "n": "19333", "vap": "151", "pvap": "   1,58", "e": "N", "st": "Suplente"}, {"seq": "30", "n": "19222", "vap": "31", "pvap": "   0,32", "e": "N", "st": "Suplente"}, {"seq": "34", "n": "19555", "vap": "27", "pvap": "   0,28", "e": "N", "st": "Suplente"}, {"seq": "35", "n": "19000", "vap": "25", "pvap": "   0,26", "e": "N", "st": "Suplente"}, {"seq": "36", "n": "19400", "vap": "21", "pvap": "   0,22", "e": "N", "st": "Suplente"}, {"seq": "44", "n": "19444", "vap": "2", "pvap": "   0,02", "e": "N", "st": "Suplente"}, {"seq": "1", "n": "40000", "vap": "746", "pvap": "   7,79", "e": "S", "st": "Eleito"}, {"seq": "3", "n": "40222", "vap": "632", "pvap": "   6,60", "e": "S", "st": "Eleito"}, {"seq": "21", "n": "40333", "vap": "80", "pvap": "   0,84", "e": "N", "st": "Suplente"}, {"seq": "25", "n": "40444", "vap": "38", "pvap": "   0,40", "e": "N", "st": "Suplente"}, {"seq": "31", "n": "40123", "vap": "31", "pvap": "   0,32", "e": "N", "st": "Suplente"}, {"seq": "37", "n": "40555", "vap": "15", "pvap": "   0,16", "e": "N", "st": "Suplente"}, {"seq": "9", "n": "12111", "vap": "417", "pvap": "   4,35", "e": "S", "st": "Eleito"}, {"seq": "13", "n": "12123", "vap": "337", "pvap": "   3,52", "e": "N", "st": "Suplente"}, {"seq": "15", "n": "12222", "vap": "263", "pvap": "   2,75", "e": "N", "st": "Suplente"}, {"seq": "23", "n": "12444", "vap": "62", "pvap": "   0,65", "e": "N", "st": "Suplente"}, {"seq": "28", "n": "12333", "vap": "32", "pvap": "   0,33", "e": "N", "st": "Suplente"}, {"seq": "32", "n": "12000", "vap": "30", "pvap": "   0,31", "e": "N", "st": "Suplente"}, {"seq": "40", "n": "12247", "vap": "10", "pvap": "   0,10", "e": "N", "st": "Suplente"}, {"seq": "41", "n": "12121", "vap": "9", "pvap": "   0,09", "e": "N", "st": "Suplente"}, {"seq": "2", "n": "55111", "vap": "739", "pvap": "   7,72", "e": "S", "st": "Eleito"}, {"seq": "4", "n": "55555", "vap": "616", "pvap": "   6,43", "e": "S", "st": "Eleito"}, {"seq": "5", "n": "55110", "vap": "542", "pvap": "   5,66", "e": "S", "st": "Eleito"}, {"seq": "11", "n": "55333", "vap": "442", "pvap": "   4,62", "e": "N", "st": "Suplente"}, {"seq": "14", "n": "55222", "vap": "305", "pvap": "   3,18", "e": "N", "st": "Suplente"}, {"seq": "20", "n": "55444", "vap": "90", "pvap": "   0,94", "e": "N", "st": "Suplente"}, {"seq": "22", "n": "55777", "vap": "64", "pvap": "   0,67", "e": "N", "st": "Suplente"}, {"seq": "27", "n": "55888", "vap": "34", "pvap": "   0,36", "e": "N", "st": "Suplente"}, {"seq": "39", "n": "55666", "vap": "13", "pvap": "   0,14", "e": "N", "st": "Suplente"}, {"seq": "42", "n": "55999", "vap": "5", "pvap": "   0,05", "e": "N", "st": "Suplente"}, {"seq": "48", "n": "50000", "vap": "38", "pvap": "   0,40", "e": "N", "st": "N\u00e3o eleito"}, {"seq": "45", "n": "13444", "vap": "90", "pvap": "   0,94", "e": "N", "st": "N\u00e3o eleito"}, {"seq": "46", "n": "13333", "vap": "88", "pvap": "   0,92", "e": "N", "st": "N\u00e3o eleito"}, {"seq": "47", "n": "13123", "vap": "68", "pvap": "   0,71", "e": "N", "st": "N\u00e3o eleito"}, {"seq": "49", "n": "13222", "vap": "14", "pvap": "   0,15", "e": "N", "st": "N\u00e3o eleito"}, {"seq": "50", "n": "13111", "vap": "4", "pvap": "   0,04", "e": "N", "st": "N\u00e3o eleito"}, {"seq": "7", "n": "22999", "vap": "482", "pvap": "   5,03", "e": "S", "st": "Eleito"}, {"seq": "8", "n": "22222", "vap": "454", "pvap": "   4,74", "e": "S", "st": "Eleito"}, {"seq": "12", "n": "22444", "vap": "379", "pvap": "   3,96", "e": "N", "st": "Suplente"}, {"seq": "16", "n": "22000", "vap": "226", "pvap": "   2,36", "e": "N", "st": "Suplente"}, {"seq": "19", "n": "22333", "vap": "119", "pvap": "   1,24", "e": "N", "st": "Suplente"}, {"seq": "24", "n": "22888", "vap": "56", "pvap": "   0,58", "e": "N", "st": "Suplente"}, {"seq": "26", "n": "22555", "vap": "37", "pvap": "   0,39", "e": "N", "st": "Suplente"}, {"seq": "29", "n": "22777", "vap": "32", "pvap": "   0,33", "e": "N", "st": "Suplente"}, {"seq": "33", "n": "22111", "vap": "29", "pvap": "   0,30", "e": "N", "st": "Suplente"}, {"seq": "38", "n": "22122", "vap": "15", "pvap": "   0,16", "e": "N", "st": "Suplente"}, {"seq": "43", "n": "22133", "vap": "3", "pvap": "   0,03", "e": "N", "st": "Suplente"}]}]}