{"ele": "426", "carper": "13", "t": "1", "f": "O", "esae": "N", "mnae": " ", "dg": "15/11/2020", "hg": "23:02:31", "dv": "S", "nadf": "ba34690-c0013-e000426-002-f", "abr": [{"dt": "15/11/2020", "ht": "22:57:31", "tf": "S", "and": "F", "tpabr": "MU", "cdabr": "34690", "s": "59", "st": "59", "snt": "0", "si": "59", "sni": "0", "sa": "59", "sna": "0", "pst": " 100,00", "psnt": "   0,00", "psi": " 100,00", "psni": "   0,00", "psa": " 100,00", "psna": "   0,00", "e": "25509", "ea": "25509", "ena": "0", "esi": "25509", "esni": "0", "c": "21022", "a": "4487", "pea": " 100,00", "pena": "   0,00", "pesi": " 100,00", "pesni": "   0,00", "pa": "  17,59", "pc": "  82,41", "vscv": "0", "vnom": "18635", "vl": "1272", "tv": "21022", "vvc": "19907", "vb": "405", "tvn": "710", "vn": "710", "vnt": "0", "vp": "0", "vv": "19907", "van": "0", "vansj": "0", "pvnom": "  93,61", "pvl": "   6,39", "pvvc": "  94,70", "pvb": "   1,92", "ptvn": "   3,38", "pvn": " 100,00", "pvnt": "   0,00", "pvp": "   0,00", "pvv": " 100,00", "pvan": "   0,00", "pvansj": "   0,00", "colig": [{"n": "50000134494", "tvtn": "753", "tvan": "753", "vag": "0", "tvtl": "22", "tval": "22"}, {"n": "50000088193", "tvtn": "1066", "tvan": "1066", "vag": "1", "tvtl": "53", "tval": "53"}, {"n": "50000133086", "tvtn": "780", "tvan": "780", "vag": "0", "tvtl": "98", "tval": "98"}, {"n": "50000112694", "tvtn": "1599", "tvan": "1599", "vag": "1", "tvtl": "35", "tval": "35"}, {"n": "50000114419", "tvtn": "1071", "tvan": "1071", "vag": "1", "tvtl": "8", "tval": "8"}, {"n": "50000126369", "tvtn": "4177", "tvan": "4177", "vag": "4", "tvtl": "520", "tval": "520"}, {"n": "50000131688", "tvtn": "1514", "tvan": "1514", "vag": "1", "tvtl": "22", "tval": "22"}, {"n": "50000127809", "tvtn": "1920", "tvan": "1920", "vag": "1", "tvtl": "33", "tval": "33"}, {"n": "50000105984", "tvtn": "3552", "tvan": "3552", "vag": "3", "tvtl": "386", "tval": "386"}, {"n": "50000105933", "tvtn": "386", "tvan": "386", "vag": "0", "tvtl": "34", "tval": "34"}, {"n": "50000114340", "tvtn": "1817", "tvan": "1817", "vag": "1", "tvtl": "61", "tval": "61"}], "part": [{"n": "15", "tvtn": "753", "tvan": "753", "tvtl": "22", "tval": "22"}, {"n": "11", "tvtn": "1066", "tvan": "1066", "tvtl": "53", "tval": "53"}, {"n": "12", "tvtn": "780", "tvan": "780", "tvtl": "98", "tval": "98"}, {"n": "22", "tvtn": "1599", "tvan": "1599", "tvtl": "35", "tval": "35"}, {"n": "65", "tvtn": "1071", "tvan": "1071", "tvtl": "8", "tval": "8"}, {"n": "55", "tvtn": "4177", "tvan": "4177", "tvtl": "520", "tval": "520"}, {"n": "20", "tvtn": "1514", "tvan": "1514", "tvtl": "22", "tval": "22"}, {"n": "45", "tvtn": "1920", "tvan": "1920", "tvtl": "33", "tval": "33"}, {"n": "10", "tvtn": "3552", "tvan": "3552", "tvtl": "386", "tval": "386"}, {"n": "13", "tvtn": "386", "tvan": "386", "tvtl": "34", "tval": "34"}, {"n": "18", "tvtn": "1817", "tvan": "1817", "tvtl": "61", "tval": "61"}], "cand": [{"seq": "146", "n": "15000", "vap": "22", "pvap": "   0,11", "e": "N", "st": "N\u00e3o eleito"}, {"seq": "149", "n": "15003", "vap": "19", "pvap": "   0,10", "e": "N", "st": "N\u00e3o eleito"}, {"seq": "122", "n": "15604", "vap": "197", "pvap": "   0,99", "e": "N", "st": "N\u00e3o eleito"}, {"seq": "133", "n": "15333", "vap": "49", "pvap": "   0,25", "e": "N", "st": "N\u00e3o eleito"}, {"seq": "135", "n": "15151", "vap": "44", "pvap": "   0,22", "e": "N", "st": "N\u00e3o eleito"}, {"seq": "145", "n": "15678", "vap": "23", "pvap": "   0,12", "e": "N", "st": "N\u00e3o eleito"}, {"seq": "151", "n": "15253", "vap": "17", "pvap": "   0,09", "e": "N", "st": "N\u00e3o eleito"}, {"seq": "161", "n": "15394", "vap": "2", "pvap": "   0,01", "e": "N", "st": "N\u00e3o eleito"}, {"seq": "128", "n": "15606", "vap": "75", "pvap": "   0,38", "e": "N", "st": "N\u00e3o eleito"}, {"seq": "123", "n": "15123", "vap": "115", "pvap": "   0,58", "e": "N", "st": "N\u00e3o eleito"}, {"seq": "139", "n": "15025", "vap": "30", "pvap": "   0,15", "e": "N", "st": "N\u00e3o eleito"}, {"seq": "130", "n": "15222", "vap": "55", "pvap": "   0,28", "e": "N", "st": "N\u00e3o eleito"}, {"seq": "163", "n": "15221", "vap": "0", "pvap": "00.00", "e": "N", "st": "N\u00e3o eleito"}, {"seq": "152", "n": "15015", "vap": "16", "pvap": "   0,08", "e": "N", "st": "N\u00e3o eleito"}, {"seq": "158", "n": "15030", "vap": "9", "pvap": "   0,05", "e": "N", "st": "N\u00e3o eleito"}, {"seq": "127", "n": "15777", "vap": "80", "pvap": "   0,40", "e": "N", "st": "N\u00e3o eleito"}, {"seq": "103", "n": "11435", "vap": "12", "pvap": "   0,06", "e": "N", "st": "Suplente"}, {"seq": "94", "n": "11143", "vap": "21", "pvap": "   0,11", "e": "N", "st": "Suplente"}, {"seq": "63", "n": "11333", "vap": "64", "pvap": "   0,32", "e": "N", "st": "Suplente"}, {"seq": "70", "n": "11555", "vap": "52", "pvap": "   0,26", "e": "N", "st": "Suplente"}, {"seq": "78", "n": "11003", "vap": "37", "pvap": "   0,19", "e": "N", "st": "Suplente"}, {"seq": "101", "n": "11777", "vap": "13", "pvap": "   0,07", "e": "N", "st": "Suplente"}, {"seq": "114", "n": "11775", "vap": "4", "pvap": "   0,02", "e": "N", "st": "Suplente"}, {"seq": "109", "n": "11222", "vap": "10", "pvap": "   0,05", "e": "N", "st": "Suplente"}, {"seq": "7", "n": "11888", "vap": "533", "pvap": "   2,68", "e": "S", "st": "Eleito"}, {"seq": "76", "n": "11111", "vap": "38", "pvap": "   0,19", "e": "N", "st": "Suplente"}, {"seq": "45", "n": "11321", "vap": "103", "pvap": "   0,52", "e": "N", "st": "Suplente"}, {"seq": "80", "n": "11234", "vap": "34", "pvap": "   0,17", "e": "N", "st": "Suplente"}, {"seq": "100", "n": "11444", "vap": "14", "pvap": "   0,07", "e": "N", "st": "Suplente"}, {"seq": "66", "n": "11123", "vap": "62", "pvap": "   0,31", "e": "N", "st": "Suplente"}, {"seq": "60", "n": "11000", "vap": "69", "pvap": "   0,35", "e": "N", "st": "Suplente"}, {"seq": "160", "n": "12666", "vap": "5", "pvap": "   0,03", "e": "N", "st": "N\u00e3o eleito"}, {"seq": "121", "n": "12777", "vap": "258", "pvap": "   1,30", "e": "N", "st": "N\u00e3o eleito"}, {"seq": "154", "n": "12500", "vap": "15", "pvap": "   0,08", "e": "N", "st": "N\u00e3o eleito"}, {"seq": "136", "n": "12123", "vap": "40", "pvap": "   0,20", "e": "N", "st": "N\u00e3o eleito"}, {"seq": "137", "n": "12700", "vap": "39", "pvap": "   0,20", "e": "N", "st": "N\u00e3o eleito"}, {"seq": "129", "n": "12000", "vap": "74", "pvap": "   0,37", "e": "N", "st": "N\u00e3o eleito"}, {"seq": "142", "n": "12345", "vap": "25", "pvap": "   0,13", "e": "N", "st": "N\u00e3o eleito"}, {"seq": "143", "n": "12333", "vap": "23", "pvap": "   0,12", "e": "N", "st": "N\u00e3o eleito"}, {"seq": "138", "n": "12111", "vap": "38", "pvap": "   0,19", "e": "N", "st": "N\u00e3o eleito"}, {"seq": "125", "n": "12555", "vap": "105", "pvap": "   0,53", "e": "N", "st": "N\u00e3o eleito"}, {"seq": "150", "n": "12789", "vap": "17", "pvap": "   0,09", "e": "N", "st": "N\u00e3o eleito"}, {"seq": "126", "n": "12444", "vap": "93", "pvap": "   0,47", "e": "N", "st": "N\u00e3o eleito"}, {"seq": "148", "n": "12220", "vap": "19", "pvap": "   0,10", "e": "N", "st": "N\u00e3o eleito"}, {"seq": "140", "n": "12323", "vap": "29", "pvap": "   0,15", "e": "N", "st": "N\u00e3o eleito"}, {"seq": "119", "n": "22456", "vap": "1", "pvap": "   0,01", "e": "N", "st": "Suplente"}, {"seq": "6", "n": "22222", "vap": "539", "pvap": "   2,71", "e": "S", "st": "Eleito"}, {"seq": "16", "n": "22000", "vap": "396", "pvap": "   1,99", "e": "N", "st": "Suplente"}, {"seq": "110", "n": "22232", "vap": "10", "pvap": "   0,05", "e": "N", "st": "Suplente"}, {"seq": "24", "n": "22322", "vap": "229", "pvap": "   1,15", "e": "N", "st": "Suplente"}, {"seq": "116", "n": "22101", "vap": "2", "pvap": "   0,01", "e": "N", "st": "Suplente"}, {"seq": "29", "n": "22777", "vap": "159", "pvap": "   0,80", "e": "N", "st": "Suplente"}, {"seq": "99", "n": "22114", "vap": "16", "pvap": "   0,08", "e": "N", "st": "Suplente"}, {"seq": "95", "n": "22123", "vap": "20", "pvap": "   0,10", "e": "N", "st": "Suplente"}, {"seq": "62", "n": "22173", "vap": "67", "pvap": "   0,34", "e": "N", "st": "Suplente"}, {"seq": "28", "n": "22345", "vap": "160", "pvap": "   0,80", "e": "N", "st": "Suplente"}, {"seq": "104", "n": "65359", "vap": "11", "pvap": "   0,06", "e": "N", "st": "Suplente"}, {"seq": "34", "n": "65222", "vap": "133", "pvap": "   0,67", "e": "N", "st": "Suplente"}, {"seq": "111", "n": "65678", "vap": "8", "pvap": "   0,04", "e": "N", "st": "Suplente"}, {"seq": "64", "n": "65777", "vap": "64", "pvap": "   0,32", "e": "N", "st": "Suplente"}, {"seq": "40", "n": "65555", "vap": "112", "pvap": "   0,56", "e": "N", "st": "Suplente"}, {"seq": "42", "n": "65444", "vap": "110", "pvap": "   0,55", "e": "N", "st": "Suplente"}, {"seq": "75", "n": "65456", "vap": "39", "pvap": "   0,20", "e": "N", "st": "Suplente"}, {"seq": "85", "n": "65000", "vap": "30", "pvap": "   0,15", "e": "N", "st": "Suplente"}, {"seq": "47", "n": "65123", "vap": "96", "pvap": "   0,48", "e": "N", "st": "Suplente"}, {"seq": "26", "n": "65888", "vap": "178", "pvap": "   0,89", "e": "N", "st": "Suplente"}, {"seq": "112", "n": "65321", "vap": "8", "pvap": "   0,04", "e": "N", "st": "Suplente"}, {"seq": "13", "n": "65333", "vap": "244", "pvap": "   1,23", "e": "S", "st": "Eleito"}, {"seq": "77", "n": "65999", "vap": "38", "pvap": "   0,19", "e": "N", "st": "Suplente"}, {"seq": "53", "n": "55222", "vap": "83", "pvap": "   0,42", "e": "N", "st": "Suplente"}, {"seq": "1", "n": "55125", "vap": "1250", "pvap": "   6,28", "e": "S", "st": "Eleito"}, {"seq": "52", "n": "55000", "vap": "84", "pvap": "   0,42", "e": "N", "st": "Suplente"}, {"seq": "30", "n": "55055", "vap": "153", "pvap": "   0,77", "e": "N", "st": "Suplente"}, {"seq": "46", "n": "55456", "vap": "100", "pvap": "   0,50", "e": "N", "st": "Suplente"}, {"seq": "61", "n": "55888", "vap": "67", "pvap": "   0,34", "e": "N", "st": "Suplente"}, {"seq": "32", "n": "55550", "vap": "143", "pvap": "   0,72", "e": "N", "st": "Suplente"}, {"seq": "36", "n": "55345", "vap": "123", "pvap": "   0,62", "e": "N", "st": "Suplente"}, {"seq": "73", "n": "55169", "vap": "46", "pvap": "   0,23", "e": "N", "st": "Suplente"}, {"seq": "37", "n": "55455", "vap": "118", "pvap": "   0,59", "e": "N", "st": "Suplente"}, {"seq": "81", "n": "55525", "vap": "34", "pvap": "   0,17", "e": "N", "st": "Suplente"}, {"seq": "68", "n": "55572", "vap": "59", "pvap": "   0,30", "e": "N", "st": "Suplente"}, {"seq": "54", "n": "55110", "vap": "80", "pvap": "   0,40", "e": "N", "st": "Suplente"}, {"seq": "10", "n": "55604", "vap": "465", "pvap": "   2,34", "e": "S", "st": "Eleito"}, {"seq": "11", "n": "55777", "vap": "421", "pvap": "   2,11", "e": "S", "st": "Eleito"}, {"seq": "67", "n": "55444", "vap": "61", "pvap": "   0,31", "e": "N", "st": "Suplente"}, {"seq": "23", "n": "55678", "vap": "285", "pvap": "   1,43", "e": "N", "st": "Suplente"}, {"seq": "27", "n": "55333", "vap": "163", "pvap": "   0,82", "e": "N", "st": "Suplente"}, {"seq": "44", "n": "55999", "vap": "103", "pvap": "   0,52", "e": "N", "st": "Suplente"}, {"seq": "12", "n": "55251", "vap": "339", "pvap": "   1,70", "e": "S", "st": "Eleito"}, {"seq": "5", "n": "20000", "vap": "553", "pvap": "   2,78", "e": "S", "st": "Eleito"}, {"seq": "56", "n": "20522", "vap": "75", "pvap": "   0,38", "e": "N", "st": "Suplente"}, {"seq": "86", "n": "20333", "vap": "29", "pvap": "   0,15", "e": "N", "st": "Suplente"}, {"seq": "58", "n": "20789", "vap": "70", "pvap": "   0,35", "e": "N", "st": "Suplente"}, {"seq": "91", "n": "20150", "vap": "23", "pvap": "   0,12", "e": "N", "st": "Suplente"}, {"seq": "59", "n": "20222", "vap": "70", "pvap": "   0,35", "e": "N", "st": "Suplente"}, {"seq": "83", "n": "20615", "vap": "32", "pvap": "   0,16", "e": "N", "st": "Suplente"}, {"seq": "105", "n": "20510", "vap": "11", "pvap": "   0,06", "e": "N", "st": "Suplente"}, {"seq": "82", "n": "20123", "vap": "32", "pvap": "   0,16", "e": "N", "st": "Suplente"}, {"seq": "38", "n": "20777", "vap": "116", "pvap": "   0,58", "e": "N", "st": "Suplente"}, {"seq": "22", "n": "20220", "vap": "295", "pvap": "   1,48", "e": "N", "st": "Suplente"}, {"seq": "55", "n": "20020", "vap": "77", "pvap": "   0,39", "e": "N", "st": "Suplente"}, {"seq": "50", "n": "20223", "vap": "85", "pvap": "   0,43", "e": "N", "st": "Suplente"}, {"seq": "96", "n": "20430", "vap": "18", "pvap": "   0,09", "e": "N", "st": "Suplente"}, {"seq": "88", "n": "20555", "vap": "28", "pvap": "   0,14", "e": "N", "st": "Suplente"}, {"seq": "117", "n": "45351", "vap": "2", "pvap": "   0,01", "e": "N", "st": "Suplente"}, {"seq": "48", "n": "45444", "vap": "90", "pvap": "   0,45", "e": "N", "st": "Suplente"}, {"seq": "35", "n": "45101", "vap": "125", "pvap": "   0,63", "e": "N", "st": "Suplente"}, {"seq": "120", "n": "45632", "vap": "1", "pvap": "   0,01", "e": "N", "st": "Suplente"}, {"seq": "113", "n": "45666", "vap": "5", "pvap": "   0,03", "e": "N", "st": "Suplente"}, {"seq": "92", "n": "45456", "vap": "21", "pvap": "   0,11", "e": "N", "st": "Suplente"}, {"seq": "87", "n": "45455", "vap": "29", "pvap": "   0,15", "e": "N", "st": "Suplente"}, {"seq": "98", "n": "45113", "vap": "17", "pvap": "   0,09", "e": "N", "st": "Suplente"}, {"seq": "14", "n": "45123", "vap": "558", "pvap": "   2,80", "e": "N", "st": "Suplente"}, {"seq": "118", "n": "45225", "vap": "2", "pvap": "   0,01", "e": "N", "st": "Suplente"}, {"seq": "39", "n": "45333", "vap": "114", "pvap": "   0,57", "e": "N", "st": "Suplente"}, {"seq": "84", "n": "45111", "vap": "31", "pvap": "   0,16", "e": "N", "st": "Suplente"}, {"seq": "65", "n": "45789", "vap": "63", "pvap": "   0,32", "e": "N", "st": "Suplente"}, {"seq": "21", "n": "45555", "vap": "296", "pvap": "   1,49", "e": "N", "st": "Suplente"}, {"seq": "4", "n": "45222", "vap": "566", "pvap": "   2,84", "e": "S", "st": "Eleito"}, {"seq": "15", "n": "10123", "vap": "397", "pvap": "   1,99", "e": "N", "st": "Suplente"}, {"seq": "25", "n": "10444", "vap": "213", "pvap": "   1,07", "e": "N", "st": "Suplente"}, {"seq": "108", "n": "10015", "vap": "10", "pvap": "   0,05", "e": "N", "st": "Suplente"}, {"seq": "33", "n": "10888", "vap": "134", "pvap": "   0,67", "e": "N", "st": "Suplente"}, {"seq": "41", "n": "10456", "vap": "111", "pvap": "   0,56", "e": "N", "st": "Suplente"}, {"seq": "79", "n": "10010", "vap": "34", "pvap": "   0,17", "e": "N", "st": "Suplente"}, {"seq": "3", "n": "10101", "vap": "590", "pvap": "   2,96", "e": "S", "st": "Eleito"}, {"seq": "17", "n": "10789", "vap": "369", "pvap": "   1,85", "e": "N", "st": "Suplente"}, {"seq": "18", "n": "10322", "vap": "362", "pvap": "   1,82", "e": "N", "st": "Suplente"}, {"seq": "74", "n": "10678", "vap": "42", "pvap": "   0,21", "e": "N", "st": "Suplente"}, {"seq": "9", "n": "10222", "vap": "521", "pvap": "   2,62", "e": "S", "st": "Eleito"}, {"seq": "31", "n": "10106", "vap": "145", "pvap": "   0,73", "e": "N", "st": "Suplente"}, {"seq": "49", "n": "10356", "vap": "85", "pvap": "   0,43", "e": "N", "st": "Suplente"}, {"seq": "8", "n": "10000", "vap": "526", "pvap": "   2,64", "e": "S", "st": "Eleito"}, {"seq": "102", "n": "10333", "vap": "13", "pvap": "   0,07", "e": "N", "st": "Suplente"}, {"seq": "124", "n": "13315", "vap": "106", "pvap": "   0,53", "e": "N", "st": "N\u00e3o eleito"}, {"seq": "153", "n": "13000", "vap": "15", "pvap": "   0,08", "e": "N", "st": "N\u00e3o eleito"}, {"seq": "156", "n": "13244", "vap": "13", "pvap": "   0,07", "e": "N", "st": "N\u00e3o eleito"}, {"seq": "159", "n": "13318", "vap": "6", "pvap": "   0,03", "e": "N", "st": "N\u00e3o eleito"}, {"seq": "132", "n": "13134", "vap": "51", "pvap": "   0,26", "e": "N", "st": "N\u00e3o eleito"}, {"seq": "144", "n": "13100", "vap": "23", "pvap": "   0,12", "e": "N", "st": "N\u00e3o eleito"}, {"seq": "134", "n": "13013", "vap": "47", "pvap": "   0,24", "e": "N", "st": "N\u00e3o eleito"}, {"seq": "162", "n": "13981", "vap": "1", "pvap": "   0,01", "e": "N", "st": "N\u00e3o eleito"}, {"seq": "147", "n": "13456", "vap": "21", "pvap": "   0,11", "e": "N", "st": "N\u00e3o eleito"}, {"seq": "155", "n": "13713", "vap": "13", "pvap": "   0,07", "e": "N", "st": "N\u00e3o eleito"}, {"seq": "141", "n": "13123", "vap": "25", "pvap": "   0,13", "e": "N", "st": "N\u00e3o eleito"}, {"seq": "131", "n": "13111", "vap": "53", "pvap": "   0,27", "e": "N", "st": "N\u00e3o eleito"}, {"seq": "157", "n": "13999", "vap": "12", "pvap": "   0,06", "e": "N", "st": "N\u00e3o eleito"}, {"seq": "69", "n": "18120", "vap": "58", "pvap": "   0,29", "e": "N", "st": "Suplente"}, {"seq": "97", "n": "18192", "vap": "18", "pvap": "   0,09", "e": "N", "st": "Suplente"}, {"seq": "20", "n": "18234", "vap": "306", "pvap": "   1,54", "e": "N", "st": "Suplente"}, {"seq": "90", "n": "18180", "vap": "26", "pvap": "   0,13", "e": "N", "st": "Suplente"}, {"seq": "89", "n": "18123", "vap": "27", "pvap": "   0,14", "e": "N", "st": "Suplente"}, {"seq": "93", "n": "18310", "vap": "21", "pvap": "   0,11", "e": "N", "st": "Suplente"}, {"seq": "51", "n": "18800", "vap": "85", "pvap": "   0,43", "e": "N", "st": "Suplente"}, {"seq": "71", "n": "18018", "vap": "51", "pvap": "   0,26", "e": "N", "st": "Suplente"}, {"seq": "57", "n": "18555", "vap": "74", "pvap": "   0,37", "e": "N", "st": "Suplente"}, {"seq": "2", "n": "18888", "vap": "638", "pvap": "   3,20", "e": "S", "st": "Eleito"}, {"seq": "115", "n": "18333", "vap": "3", "pvap": "   0,02", "e": "N", "st": "Suplente"}, {"seq": "107", "n": "18315", "vap": "11", "pvap": "   0,06", "e": "N", "st": "Suplente"}, {"seq": "43", "n": "18000", "vap": "108", "pvap": "   0,54", "e": "N", "st": "Suplente"}, {"seq": "106", "n": "18777", "vap": "11", "pvap": "   0,06", "e": "N", "st": "Suplente"}, {"seq": "19", "n": "18456", "vap": "331", "pvap": "   1,66", "e": "N", "st": "Suplente"}, {"seq": "72", "n": "18111", "vap": "49", "pvap": "   0,25", "e": "N", "st": "Suplente"}]}, {"dt": "15/11/2020", "ht": "22:57:31", "tf": "S", "and": "F", "tpabr": "ZONA", "cdabr": "192", "s": "59", "st": "59", "snt": "0", "si": "59", "sni": "0", "sa": "59", "sna": "0", "pst": " 100,00", "psnt": "   0,00", "psi": " 100,00", "psni": "   0,00", "psa": " 100,00", "psna": "   0,00", "e": "25509", "ea": "25509", "ena": "0", "esi": "25509", "esni": "0", "a": "4487", "c": "21022", "pea": " 100,00", "pena": "   0,00", "pesi": " 100,00", "pesni": "   0,00", "pa": "  17,59", "pc": "  82,41", "vnom": "18635", "vscv": "0", "vl": "1272", "tv": "21022", "vvc": "19907", "vb": "405", "tvn": "710", "vn": "710", "vnt": "0", "vp": "0", "vv": "19907", "van": "0", "vansj": "0", "pvnom": "  93,61", "pvl": "   6,39", "pvvc": "  94,70", "pvb": "   1,92", "ptvn": "   3,38", "pvn": " 100,00", "pvnt": "   0,00", "pvp": "   0,00", "pvv": " 100,00", "pvan": "   0,00", "pvansj": "   0,00", "cand": [{"seq": "121", "n": "12777", "vap": "258", "pvap": "   1,30", "e": "N", "st": "N\u00e3o eleito"}, {"seq": "125", "n": "12555", "vap": "105", "pvap": "   0,53", "e": "N", "st": "N\u00e3o eleito"}, {"seq": "126", "n": "12444", "vap": "93", "pvap": "   0,47", "e": "N", "st": "N\u00e3o eleito"}, {"seq": "129", "n": "12000", "vap": "74", "pvap": "   0,37", "e": "N", "st": "N\u00e3o eleito"}, {"seq": "136", "n": "12123", "vap": "40", "pvap": "   0,20", "e": "N", "st": "N\u00e3o eleito"}, {"seq": "137", "n": "12700", "vap": "39", "pvap": "   0,20", "e": "N", "st": "N\u00e3o eleito"}, {"seq": "138", "n": "12111", "vap": "38", "pvap": "   0,19", "e": "N", "st": "N\u00e3o eleito"}, {"seq": "140", "n": "12323", "vap": "29", "pvap": "   0,15", "e": "N", "st": "N\u00e3o eleito"}, {"seq": "142", "n": "12345", "vap": "25", "pvap": "   0,13", "e": "N", "st": "N\u00e3o eleito"}, {"seq": "143", "n": "12333", "vap": "23", "pvap": "   0,12", "e": "N", "st": "N\u00e3o eleito"}, {"seq": "148", "n": "12220", "vap": "19", "pvap": "   0,10", "e": "N", "st": "N\u00e3o eleito"}, {"seq": "150", "n": "12789", "vap": "17", "pvap": "   0,09", "e": "N", "st": "N\u00e3o eleito"}, {"seq": "154", "n": "12500", "vap": "15", "pvap": "   0,08", "e": "N", "st": "N\u00e3o eleito"}, {"seq": "160", "n": "12666", "vap": "5", "pvap": "   0,03", "e": "N", "st": "N\u00e3o eleito"}, {"seq": "1", "n": "55125", "vap": "1250", "pvap": "   6,28", "e": "S", "st": "Eleito"}, {"seq": "10", "n": "55604", "vap": "465", "pvap": "   2,34", "e": "S", "st": "Eleito"}, {"seq": "11", "n": "55777", "vap": "421", "pvap": "   2,11", "e": "S", "st": "Eleito"}, {"seq": "12", "n": "55251", "vap": "339", "pvap": "   1,70", "e": "S", "st": "Eleito"}, {"seq": "23", "n": "55678", "vap": "285", "pvap": "   1,43", "e": "N", "st": "Suplente"}, {"seq": "27", "n": "55333", "vap": "163", "pvap": "   0,82", "e": "N", "st": "Suplente"}, {"seq": "30", "n": "55055", "vap": "153", "pvap": "   0,77", "e": "N", "st": "Suplente"}, {"seq": "32", "n": "55550", "vap": "143", "pvap": "   0,72", "e": "N", "st": "Suplente"}, {"seq": "36", "n": "55345", "vap": "123", "pvap": "   0,62", "e": "N", "st": "Suplente"}, {"seq": "37", "n": "55455", "vap": "118", "pvap": "   0,59", "e": "N", "st": "Suplente"}, {"seq": "44", "n": "55999", "vap": "103", "pvap": "   0,52", "e": "N", "st": "Suplente"}, {"seq": "46", "n": "55456", "vap": "100", "pvap": "   0,50", "e": "N", "st": "Suplente"}, {"seq": "52", "n": "55000", "vap": "84", "pvap": "   0,42", "e": "N", "st": "Suplente"}, {"seq": "53", "n": "55222", "vap": "83", "pvap": "   0,42", "e": "N", "st": "Suplente"}, {"seq": "54", "n": "55110", "vap": "80", "pvap": "   0,40", "e": "N", "st": "Suplente"}, {"seq": "61", "n": "55888", "vap": "67", "pvap": "   0,34", "e": "N", "st": "Suplente"}, {"seq": "67", "n": "55444", "vap": "61", "pvap": "   0,31", "e": "N", "st": "Suplente"}, {"seq": "68", "n": "55572", "vap": "59", "pvap": "   0,30", "e": "N", "st": "Suplente"}, {"seq": "73", "n": "55169", "vap": "46", "pvap": "   0,23", "e": "N", "st": "Suplente"}, {"seq": "81", "n": "55525", "vap": "34", "pvap": "   0,17", "e": "N", "st": "Suplente"}, {"seq": "3", "n": "10101", "vap": "590", "pvap": "   2,96", "e": "S", "st": "Eleito"}, {"seq": "8", "n": "10000", "vap": "526", "pvap": "   2,64", "e": "S", "st": "Eleito"}, {"seq": "9", "n": "10222", "vap": "521", "pvap": "   2,62", "e": "S", "st": "Eleito"}, {"seq": "15", "n": "10123", "vap": "397", "pvap": "   1,99", "e": "N", "st": "Suplente"}, {"seq": "17", "n": "10789", "vap": "369", "pvap": "   1,85", "e": "N", "st": "Suplente"}, {"seq": "18", "n": "10322", "vap": "362", "pvap": "   1,82", "e": "N", "st": "Suplente"}, {"seq": "25", "n": "10444", "vap": "213", "pvap": "   1,07", "e": "N", "st": "Suplente"}, {"seq": "31", "n": "10106", "vap": "145", "pvap": "   0,73", "e": "N", "st": "Suplente"}, {"seq": "33", "n": "10888", "vap": "134", "pvap": "   0,67", "e": "N", "st": "Suplente"}, {"seq": "41", "n": "10456", "vap": "111", "pvap": "   0,56", "e": "N", "st": "Suplente"}, {"seq": "49", "n": "10356", "vap": "85", "pvap": "   0,43", "e": "N", "st": "Suplente"}, {"seq": "74", "n": "10678", "vap": "42", "pvap": "   0,21", "e": "N", "st": "Suplente"}, {"seq": "79", "n": "10010", "vap": "34", "pvap": "   0,17", "e": "N", "st": "Suplente"}, {"seq": "102", "n": "10333", "vap": "13", "pvap": "   0,07", "e": "N", "st": "Suplente"}, {"seq": "108", "n": "10015", "vap": "10", "pvap": "   0,05", "e": "N", "st": "Suplente"}, {"seq": "6", "n": "22222", "vap": "539", "pvap": "   2,71", "e": "S", "st": "Eleito"}, {"seq": "16", "n": "22000", "vap": "396", "pvap": "   1,99", "e": "N", "st": "Suplente"}, {"seq": "24", "n": "22322", "vap": "229", "pvap": "   1,15", "e": "N", "st": "Suplente"}, {"seq": "28", "n": "22345", "vap": "160", "pvap": "   0,80", "e": "N", "st": "Suplente"}, {"seq": "29", "n": "22777", "vap": "159", "pvap": "   0,80", "e": "N", "st": "Suplente"}, {"seq": "62", "n": "22173", "vap": "67", "pvap": "   0,34", "e": "N", "st": "Suplente"}, {"seq": "95", "n": "22123", "vap": "20", "pvap": "   0,10", "e": "N", "st": "Suplente"}, {"seq": "99", "n": "22114", "vap": "16", "pvap": "   0,08", "e": "N", "st": "Suplente"}, {"seq": "110", "n": "22232", "vap": "10", "pvap": "   0,05", "e": "N", "st": "Suplente"}, {"seq": "116", "n": "22101", "vap": "2", "pvap": "   0,01", "e": "N", "st": "Suplente"}, {"seq": "119", "n": "22456", "vap": "1", "pvap": "   0,01", "e": "N", "st": "Suplente"}, {"seq": "7", "n": "11888", "vap": "533", "pvap": "   2,68", "e": "S", "st": "Eleito"}, {"seq": "45", "n": "11321", "vap": "103", "pvap": "   0,52", "e": "N", "st": "Suplente"}, {"seq": "60", "n": "11000", "vap": "69", "pvap": "   0,35", "e": "N", "st": "Suplente"}, {"seq": "63", "n": "11333", "vap": "64", "pvap": "   0,32", "e": "N", "st": "Suplente"}, {"seq": "66", "n": "11123", "vap": "62", "pvap": "   0,31", "e": "N", "st": "Suplente"}, {"seq": "70", "n": "11555", "vap": "52", "pvap": "   0,26", "e": "N", "st": "Suplente"}, {"seq": "76", "n": "11111", "vap": "38", "pvap": "   0,19", "e": "N", "st": "Suplente"}, {"seq": "78", "n": "11003", "vap": "37", "pvap": "   0,19", "e": "N", "st": "Suplente"}, {"seq": "80", "n": "11234", "vap": "34", "pvap": "   0,17", "e": "N", "st": "Suplente"}, {"seq": "94", "n": "11143", "vap": "21", "pvap": "   0,11", "e": "N", "st": "Suplente"}, {"seq": "100", "n": "11444", "vap": "14", "pvap": "   0,07", "e": "N", "st": "Suplente"}, {"seq": "101", "n": "11777", "vap": "13", "pvap": "   0,07", "e": "N", "st": "Suplente"}, {"seq": "103", "n": "11435", "vap": "12", "pvap": "   0,06", "e": "N", "st": "Suplente"}, {"seq": "109", "n": "11222", "vap": "10", "pvap": "   0,05", "e": "N", "st": "Suplente"}, {"seq": "114", "n": "11775", "vap": "4", "pvap": "   0,02", "e": "N", "st": "Suplente"}, {"seq": "5", "n": "20000", "vap": "553", "pvap": "   2,78", "e": "S", "st": "Eleito"}, {"seq": "22", "n": "20220", "vap": "295", "pvap": "   1,48", "e": "N", "st": "Suplente"}, {"seq": "38", "n": "20777", "vap": "116", "pvap": "   0,58", "e": "N", "st": "Suplente"}, {"seq": "50", "n": "20223", "vap": "85", "pvap": "   0,43", "e": "N", "st": "Suplente"}, {"seq": "55", "n": "20020", "vap": "77", "pvap": "   0,39", "e": "N", "st": "Suplente"}, {"seq": "56", "n": "20522", "vap": "75", "pvap": "   0,38", "e": "N", "st": "Suplente"}, {"seq": "58", "n": "20789", "vap": "70", "pvap": "   0,35", "e": "N", "st": "Suplente"}, {"seq": "59", "n": "20222", "vap": "70", "pvap": "   0,35", "e": "N", "st": "Suplente"}, {"seq": "82", "n": "20123", "vap": "32", "pvap": "   0,16", "e": "N", "st": "Suplente"}, {"seq": "83", "n": "20615", "vap": "32", "pvap": "   0,16", "e": "N", "st": "Suplente"}, {"seq": "86", "n": "20333", "vap": "29", "pvap": "   0,15", "e": "N", "st": "Suplente"}, {"seq": "88", "n": "20555", "vap": "28", "pvap": "   0,14", "e": "N", "st": "Suplente"}, {"seq": "91", "n": "20150", "vap": "23", "pvap": "   0,12", "e": "N", "st": "Suplente"}, {"seq": "96", "n": "20430", "vap": "18", "pvap": "   0,09", "e": "N", "st": "Suplente"}, {"seq": "105", "n": "20510", "vap": "11", "pvap": "   0,06", "e": "N", "st": "Suplente"}, {"seq": "4", "n": "45222", "vap": "566", "pvap": "   2,84", "e": "S", "st": "Eleito"}, {"seq": "14", "n": "45123", "vap": "558", "pvap": "   2,80", "e": "N", "st": "Suplente"}, {"seq": "21", "n": "45555", "vap": "296", "pvap": "   1,49", "e": "N", "st": "Suplente"}, {"seq": "35", "n": "45101", "vap": "125", "pvap": "   0,63", "e": "N", "st": "Suplente"}, {"seq": "39", "n": "45333", "vap": "114", "pvap": "   0,57", "e": "N", "st": "Suplente"}, {"seq": "48", "n": "45444", "vap": "90", "pvap": "   0,45", "e": "N", "st": "Suplente"}, {"seq": "65", "n": "45789", "vap": "63", "pvap": "   0,32", "e": "N", "st": "Suplente"}, {"seq": "84", "n": "45111", "vap": "31", "pvap": "   0,16", "e": "N", "st": "Suplente"}, {"seq": "87", "n": "45455", "vap": "29", "pvap": "   0,15", "e": "N", "st": "Suplente"}, {"seq": "92", "n": "45456", "vap": "21", "pvap": "   0,11", "e": "N", "st": "Suplente"}, {"seq": "98", "n": "45113", "vap": "17", "pvap": "   0,09", "e": "N", "st": "Suplente"}, {"seq": "113", "n": "45666", "vap": "5", "pvap": "   0,03", "e": "N", "st": "Suplente"}, {"seq": "117", "n": "45351", "vap": "2", "pvap": "   0,01", "e": "N", "st": "Suplente"}, {"seq": "118", "n": "45225", "vap": "2", "pvap": "   0,01", "e": "N", "st": "Suplente"}, {"seq": "120", "n": "45632", "vap": "1", "pvap": "   0,01", "e": "N", "st": "Suplente"}, {"seq": "122", "n": "15604", "vap": "197", "pvap": "   0,99", "e": "N", "st": "N\u00e3o eleito"}, {"seq": "123", "n": "15123", "vap": "115", "pvap": "   0,58", "e": "N", "st": "N\u00e3o eleito"}, {"seq": "127", "n": "15777", "vap": "80", "pvap": "   0,40", "e": "N", "st": "N\u00e3o eleito"}, {"seq": "128", "n": "15606", "vap": "75", "pvap": "   0,38", "e": "N", "st": "N\u00e3o eleito"}, {"seq": "130", "n": "15222", "vap": "55", "pvap": "   0,28", "e": "N", "st": "N\u00e3o eleito"}, {"seq": "133", "n": "15333", "vap": "49", "pvap": "   0,25", "e": "N", "st": "N\u00e3o eleito"}, {"seq": "135", "n": "15151", "vap": "44", "pvap": "   0,22", "e": "N", "st": "N\u00e3o eleito"}, {"seq": "139", "n": "15025", "vap": "30", "pvap": "   0,15", "e": "N", "st": "N\u00e3o eleito"}, {"seq": "145", "n": "15678", "vap": "23", "pvap": "   0,12", "e": "N", "st": "N\u00e3o eleito"}, {"seq": "146", "n": "15000", "vap": "22", "pvap": "   0,11", "e": "N", "st": "N\u00e3o eleito"}, {"seq": "149", "n": "15003", "vap": "19", "pvap": "   0,10", "e": "N", "st": "N\u00e3o eleito"}, {"seq": "151", "n": "15253", "vap": "17", "pvap": "   0,09", "e": "N", "st": "N\u00e3o eleito"}, {"seq": "152", "n": "15015", "vap": "16", "pvap": "   0,08", "e": "N", "st": "N\u00e3o eleito"}, {"seq": "158", "n": "15030", "vap": "9", "pvap": "   0,05", "e": "N", "st": "N\u00e3o eleito"}, {"seq": "161", "n": "15394", "vap": "2", "pvap": "   0,01", "e": "N", "st": "N\u00e3o eleito"}, {"seq": "163", "n": "15221", "vap": "0", "pvap": "00.00", "e": "N", "st": "N\u00e3o eleito"}, {"seq": "2", "n": "18888", "vap": "638", "pvap": "   3,20", "e": "S", "st": "Eleito"}, {"seq": "19", "n": "18456", "vap": "331", "pvap": "   1,66", "e": "N", "st": "Suplente"}, {"seq": "20", "n": "18234", "vap": "306", "pvap": "   1,54", "e": "N", "st": "Suplente"}, {"seq": "43", "n": "18000", "vap": "108", "pvap": "   0,54", "e": "N", "st": "Suplente"}, {"seq": "51", "n": "18800", "vap": "85", "pvap": "   0,43", "e": "N", "st": "Suplente"}, {"seq": "57", "n": "18555", "vap": "74", "pvap": "   0,37", "e": "N", "st": "Suplente"}, {"seq": "69", "n": "18120", "vap": "58", "pvap": "   0,29", "e": "N", "st": "Suplente"}, {"seq": "71", "n": "18018", "vap": "51", "pvap": "   0,26", "e": "N", "st": "Suplente"}, {"seq": "72", "n": "18111", "vap": "49", "pvap": "   0,25", "e": "N", "st": "Suplente"}, {"seq": "89", "n": "18123", "vap": "27", "pvap": "   0,14", "e": "N", "st": "Suplente"}, {"seq": "90", "n": "18180", "vap": "26", "pvap": "   0,13", "e": "N", "st": "Suplente"}, {"seq": "93", "n": "18310", "vap": "21", "pvap": "   0,11", "e": "N", "st": "Suplente"}, {"seq": "97", "n": "18192", "vap": "18", "pvap": "   0,09", "e": "N", "st": "Suplente"}, {"seq": "106", "n": "18777", "vap": "11", "pvap": "   0,06", "e": "N", "st": "Suplente"}, {"seq": "107", "n": "18315", "vap": "11", "pvap": "   0,06", "e": "N", "st": "Suplente"}, {"seq": "115", "n": "18333", "vap": "3", "pvap": "   0,02", "e": "N", "st": "Suplente"}, {"seq": "13", "n": "65333", "vap": "244", "pvap": "   1,23", "e": "S", "st": "Eleito"}, {"seq": "26", "n": "65888", "vap": "178", "pvap": "   0,89", "e": "N", "st": "Suplente"}, {"seq": "34", "n": "65222", "vap": "133", "pvap": "   0,67", "e": "N", "st": "Suplente"}, {"seq": "40", "n": "65555", "vap": "112", "pvap": "   0,56", "e": "N", "st": "Suplente"}, {"seq": "42", "n": "65444", "vap": "110", "pvap": "   0,55", "e": "N", "st": "Suplente"}, {"seq": "47", "n": "65123", "vap": "96", "pvap": "   0,48", "e": "N", "st": "Suplente"}, {"seq": "64", "n": "65777", "vap": "64", "pvap": "   0,32", "e": "N", "st": "Suplente"}, {"seq": "75", "n": "65456", "vap": "39", "pvap": "   0,20", "e": "N", "st": "Suplente"}, {"seq": "77", "n": "65999", "vap": "38", "pvap": "   0,19", "e": "N", "st": "Suplente"}, {"seq": "85", "n": "65000", "vap": "30", "pvap": "   0,15", "e": "N", "st": "Suplente"}, {"seq": "104", "n": "65359", "vap": "11", "pvap": "   0,06", "e": "N", "st": "Suplente"}, {"seq": "111", "n": "65678", "vap": "8", "pvap": "   0,04", "e": "N", "st": "Suplente"}, {"seq": "112", "n": "65321", "vap": "8", "pvap": "   0,04", "e": "N", "st": "Suplente"}, {"seq": "124", "n": "13315", "vap": "106", "pvap": "   0,53", "e": "N", "st": "N\u00e3o eleito"}, {"seq": "131", "n": "13111", "vap": "53", "pvap": "   0,27", "e": "N", "st": "N\u00e3o eleito"}, {"seq": "132", "n": "13134", "vap": "51", "pvap": "   0,26", "e": "N", "st": "N\u00e3o eleito"}, {"seq": "134", "n": "13013", "vap": "47", "pvap": "   0,24", "e": "N", "st": "N\u00e3o eleito"}, {"seq": "141", "n": "13123", "vap": "25", "pvap": "   0,13", "e": "N", "st": "N\u00e3o eleito"}, {"seq": "144", "n": "13100", "vap": "23", "pvap": "   0,12", "e": "N", "st": "N\u00e3o eleito"}, {"seq": "147", "n": "13456", "vap": "21", "pvap": "   0,11", "e": "N", "st": "N\u00e3o eleito"}, {"seq": "153", "n": "13000", "vap": "15", "pvap": "   0,08", "e": "N", "st": "N\u00e3o eleito"}, {"seq": "155", "n": "13713", "vap": "13", "pvap": "   0,07", "e": "N", "st": "N\u00e3o eleito"}, {"seq": "156", "n": "13244", "vap": "13", "pvap": "   0,07", "e": "N", "st": "N\u00e3o eleito"}, {"seq": "157", "n": "13999", "vap": "12", "pvap": "   0,06", "e": "N", "st": "N\u00e3o eleito"}, {"seq": "159", "n": "13318", "vap": "6", "pvap": "   0,03", "e": "N", "st": "N\u00e3o eleito"}, {"seq": "162", "n": "13981", "vap": "1", "pvap": "   0,01", "e": "N", "st": "N\u00e3o eleito"}]}]}