{"ele": "426", "carper": "13", "t": "1", "f": "O", "esae": "N", "mnae": " ", "dg": "16/11/2020", "hg": "00:32:55", "dv": "S", "nadf": "ba37613-c0013-e000426-005-f", "abr": [{"dt": "15/11/2020", "ht": "23:41:20", "tf": "S", "and": "F", "tpabr": "MU", "cdabr": "37613", "s": "78", "st": "78", "snt": "0", "si": "78", "sni": "0", "sa": "78", "sna": "0", "pst": " 100,00", "psnt": "   0,00", "psi": " 100,00", "psni": "   0,00", "psa": " 100,00", "psna": "   0,00", "e": "31982", "ea": "31982", "ena": "0", "esi": "31982", "esni": "0", "c": "24348", "a": "7634", "pea": " 100,00", "pena": "   0,00", "pesi": " 100,00", "pesni": "   0,00", "pa": "  23,87", "pc": "  76,13", "vscv": "0", "vnom": "21728", "vl": "1456", "tv": "24348", "vvc": "23212", "vb": "349", "tvn": "787", "vn": "786", "vnt": "1", "vp": "0", "vv": "23184", "van": "0", "vansj": "28", "pvnom": "  93,72", "pvl": "   6,28", "pvvc": "  95,33", "pvb": "   1,44", "ptvn": "   3,23", "pvn": "  99,87", "pvnt": "   0,13", "pvp": "   0,00", "pvv": "  99,88", "pvan": "   0,00", "pvansj": "   0,12", "colig": [{"n": "50000151414", "tvtn": "1554", "tvan": "1554", "vag": "1", "tvtl": "53", "tval": "53"}, {"n": "50000085271", "tvtn": "3229", "tvan": "3229", "vag": "2", "tvtl": "518", "tval": "518"}, {"n": "50000085340", "tvtn": "3784", "tvan": "3784", "vag": "3", "tvtl": "94", "tval": "94"}, {"n": "50000085326", "tvtn": "3324", "tvan": "3324", "vag": "2", "tvtl": "109", "tval": "109"}, {"n": "50000117744", "tvtn": "1395", "tvan": "1395", "vag": "1", "tvtl": "25", "tval": "25"}, {"n": "50000104806", "tvtn": "582", "tvan": "582", "vag": "0", "tvtl": "17", "tval": "17"}, {"n": "50000092512", "tvtn": "2088", "tvan": "2088", "vag": "1", "tvtl": "35", "tval": "35"}, {"n": "50000093514", "tvtn": "106", "tvan": "109", "vag": "0", "tvtl": "5", "tval": "5"}, {"n": "50000117861", "tvtn": "1009", "tvan": "1009", "vag": "1", "tvtl": "365", "tval": "365"}, {"n": "50000071389", "tvtn": "189", "tvan": "189", "vag": "0", "tvtl": "99", "tval": "99"}, {"n": "50000085386", "tvtn": "1869", "tvan": "1870", "vag": "1", "tvtl": "37", "tval": "37"}, {"n": "50000057013", "tvtn": "146", "tvan": "146", "vag": "0", "tvtl": "40", "tval": "40"}, {"n": "50000151189", "tvtn": "135", "tvan": "160", "vag": "0", "tvtl": "25", "tval": "25"}, {"n": "50000085333", "tvtn": "2318", "tvan": "2318", "vag": "1", "tvtl": "34", "tval": "34"}], "part": [{"n": "23", "tvtn": "1554", "tvan": "1554", "tvtl": "53", "tval": "53"}, {"n": "11", "tvtn": "3229", "tvan": "3229", "tvtl": "518", "tval": "518"}, {"n": "25", "tvtn": "3784", "tvan": "3784", "tvtl": "94", "tval": "94"}, {"n": "22", "tvtn": "3324", "tvan": "3324", "tvtl": "109", "tval": "109"}, {"n": "20", "tvtn": "1395", "tvan": "1395", "tvtl": "25", "tval": "25"}, {"n": "17", "tvtn": "582", "tvan": "582", "tvtl": "17", "tval": "17"}, {"n": "40", "tvtn": "2088", "tvan": "2088", "tvtl": "35", "tval": "35"}, {"n": "50", "tvtn": "106", "tvan": "109", "tvtl": "5", "tval": "5"}, {"n": "55", "tvtn": "1009", "tvan": "1009", "tvtl": "365", "tval": "365"}, {"n": "14", "tvtn": "189", "tvan": "189", "tvtl": "99", "tval": "99"}, {"n": "36", "tvtn": "1869", "tvan": "1869", "tvtl": "37", "tval": "37"}, {"n": "33", "tvtn": "146", "tvan": "146", "tvtl": "40", "tval": "40"}, {"n": "13", "tvtn": "135", "tvan": "160", "tvtl": "25", "tval": "25"}, {"n": "19", "tvtn": "2318", "tvan": "2318", "tvtl": "34", "tval": "34"}], "cand": [{"seq": "54", "n": "23455", "vap": "113", "pvap": "   0,49", "e": "N", "st": "Suplente"}, {"seq": "11", "n": "23200", "vap": "400", "pvap": "   1,72", "e": "S", "st": "Eleito"}, {"seq": "68", "n": "23321", "vap": "90", "pvap": "   0,39", "e": "N", "st": "Suplente"}, {"seq": "115", "n": "23333", "vap": "18", "pvap": "   0,08", "e": "N", "st": "Suplente"}, {"seq": "94", "n": "23123", "vap": "41", "pvap": "   0,18", "e": "N", "st": "Suplente"}, {"seq": "44", "n": "23456", "vap": "146", "pvap": "   0,63", "e": "N", "st": "Suplente"}, {"seq": "52", "n": "23444", "vap": "123", "pvap": "   0,53", "e": "N", "st": "Suplente"}, {"seq": "97", "n": "23555", "vap": "35", "pvap": "   0,15", "e": "N", "st": "Suplente"}, {"seq": "142", "n": "23676", "vap": "0", "pvap": "00.00", "e": "N", "st": "Suplente"}, {"seq": "140", "n": "23777", "vap": "1", "pvap": "   0,00", "e": "N", "st": "Suplente"}, {"seq": "113", "n": "23900", "vap": "21", "pvap": "   0,09", "e": "N", "st": "Suplente"}, {"seq": "69", "n": "23888", "vap": "89", "pvap": "   0,38", "e": "N", "st": "Suplente"}, {"seq": "73", "n": "23111", "vap": "71", "pvap": "   0,31", "e": "N", "st": "Suplente"}, {"seq": "22", "n": "23000", "vap": "359", "pvap": "   1,55", "e": "N", "st": "Suplente"}, {"seq": "87", "n": "23222", "vap": "47", "pvap": "   0,20", "e": "N", "st": "Suplente"}, {"seq": "143", "n": "23201", "vap": "0", "pvap": "00.00", "e": "N", "st": "Suplente"}, {"seq": "5", "n": "11555", "vap": "528", "pvap": "   2,27", "e": "S", "st": "Eleito"}, {"seq": "75", "n": "11500", "vap": "67", "pvap": "   0,29", "e": "N", "st": "Suplente"}, {"seq": "114", "n": "11888", "vap": "19", "pvap": "   0,08", "e": "N", "st": "Suplente"}, {"seq": "48", "n": "11000", "vap": "138", "pvap": "   0,59", "e": "N", "st": "Suplente"}, {"seq": "99", "n": "11678", "vap": "33", "pvap": "   0,14", "e": "N", "st": "Suplente"}, {"seq": "40", "n": "11777", "vap": "157", "pvap": "   0,68", "e": "N", "st": "Suplente"}, {"seq": "132", "n": "11477", "vap": "10", "pvap": "   0,04", "e": "N", "st": "Suplente"}, {"seq": "86", "n": "11999", "vap": "48", "pvap": "   0,21", "e": "N", "st": "Suplente"}, {"seq": "120", "n": "11233", "vap": "16", "pvap": "   0,07", "e": "N", "st": "Suplente"}, {"seq": "17", "n": "11444", "vap": "451", "pvap": "   1,94", "e": "N", "st": "Suplente"}, {"seq": "100", "n": "11011", "vap": "33", "pvap": "   0,14", "e": "N", "st": "Suplente"}, {"seq": "34", "n": "11123", "vap": "209", "pvap": "   0,90", "e": "N", "st": "Suplente"}, {"seq": "32", "n": "11234", "vap": "245", "pvap": "   1,06", "e": "N", "st": "Suplente"}, {"seq": "74", "n": "11789", "vap": "68", "pvap": "   0,29", "e": "N", "st": "Suplente"}, {"seq": "137", "n": "11222", "vap": "5", "pvap": "   0,02", "e": "N", "st": "Suplente"}, {"seq": "27", "n": "11666", "vap": "311", "pvap": "   1,34", "e": "N", "st": "Suplente"}, {"seq": "9", "n": "11111", "vap": "467", "pvap": "   2,01", "e": "S", "st": "Eleito"}, {"seq": "26", "n": "11456", "vap": "321", "pvap": "   1,38", "e": "N", "st": "Suplente"}, {"seq": "62", "n": "11333", "vap": "103", "pvap": "   0,44", "e": "N", "st": "Suplente"}, {"seq": "18", "n": "25555", "vap": "424", "pvap": "   1,83", "e": "N", "st": "Suplente"}, {"seq": "41", "n": "25000", "vap": "155", "pvap": "   0,67", "e": "N", "st": "Suplente"}, {"seq": "7", "n": "25234", "vap": "490", "pvap": "   2,11", "e": "S", "st": "Eleito"}, {"seq": "23", "n": "25666", "vap": "358", "pvap": "   1,54", "e": "N", "st": "Suplente"}, {"seq": "8", "n": "25800", "vap": "471", "pvap": "   2,03", "e": "S", "st": "Eleito"}, {"seq": "112", "n": "25444", "vap": "21", "pvap": "   0,09", "e": "N", "st": "Suplente"}, {"seq": "6", "n": "25125", "vap": "516", "pvap": "   2,22", "e": "S", "st": "Eleito"}, {"seq": "24", "n": "25999", "vap": "357", "pvap": "   1,54", "e": "N", "st": "Suplente"}, {"seq": "28", "n": "25789", "vap": "304", "pvap": "   1,31", "e": "N", "st": "Suplente"}, {"seq": "93", "n": "25678", "vap": "41", "pvap": "   0,18", "e": "N", "st": "Suplente"}, {"seq": "141", "n": "25300", "vap": "0", "pvap": "00.00", "e": "N", "st": "Suplente"}, {"seq": "19", "n": "25123", "vap": "421", "pvap": "   1,81", "e": "N", "st": "Suplente"}, {"seq": "64", "n": "25222", "vap": "96", "pvap": "   0,41", "e": "N", "st": "Suplente"}, {"seq": "50", "n": "25888", "vap": "130", "pvap": "   0,56", "e": "N", "st": "Suplente"}, {"seq": "2", "n": "22777", "vap": "594", "pvap": "   2,56", "e": "S", "st": "Eleito"}, {"seq": "96", "n": "22111", "vap": "40", "pvap": "   0,17", "e": "N", "st": "Suplente"}, {"seq": "38", "n": "22580", "vap": "174", "pvap": "   0,75", "e": "N", "st": "Suplente"}, {"seq": "53", "n": "22345", "vap": "122", "pvap": "   0,53", "e": "N", "st": "Suplente"}, {"seq": "61", "n": "22789", "vap": "105", "pvap": "   0,45", "e": "N", "st": "Suplente"}, {"seq": "1", "n": "22999", "vap": "634", "pvap": "   2,73", "e": "S", "st": "Eleito"}, {"seq": "29", "n": "22555", "vap": "292", "pvap": "   1,26", "e": "N", "st": "Suplente"}, {"seq": "65", "n": "22333", "vap": "96", "pvap": "   0,41", "e": "N", "st": "Suplente"}, {"seq": "119", "n": "22122", "vap": "16", "pvap": "   0,07", "e": "N", "st": "Suplente"}, {"seq": "16", "n": "22444", "vap": "510", "pvap": "   2,20", "e": "N", "st": "Suplente"}, {"seq": "103", "n": "22369", "vap": "26", "pvap": "   0,11", "e": "N", "st": "Suplente"}, {"seq": "105", "n": "22678", "vap": "25", "pvap": "   0,11", "e": "N", "st": "Suplente"}, {"seq": "21", "n": "22222", "vap": "397", "pvap": "   1,71", "e": "N", "st": "Suplente"}, {"seq": "85", "n": "22000", "vap": "50", "pvap": "   0,22", "e": "N", "st": "Suplente"}, {"seq": "128", "n": "22400", "vap": "11", "pvap": "   0,05", "e": "N", "st": "Suplente"}, {"seq": "55", "n": "22500", "vap": "109", "pvap": "   0,47", "e": "N", "st": "Suplente"}, {"seq": "138", "n": "22155", "vap": "4", "pvap": "   0,02", "e": "N", "st": "Suplente"}, {"seq": "57", "n": "22123", "vap": "107", "pvap": "   0,46", "e": "N", "st": "Suplente"}, {"seq": "125", "n": "22733", "vap": "12", "pvap": "   0,05", "e": "N", "st": "Suplente"}, {"seq": "126", "n": "20599", "vap": "12", "pvap": "   0,05", "e": "N", "st": "Suplente"}, {"seq": "127", "n": "20111", "vap": "12", "pvap": "   0,05", "e": "N", "st": "Suplente"}, {"seq": "36", "n": "20300", "vap": "189", "pvap": "   0,81", "e": "N", "st": "Suplente"}, {"seq": "13", "n": "20222", "vap": "271", "pvap": "   1,17", "e": "S", "st": "Eleito"}, {"seq": "80", "n": "20000", "vap": "58", "pvap": "   0,25", "e": "N", "st": "Suplente"}, {"seq": "135", "n": "20789", "vap": "7", "pvap": "   0,03", "e": "N", "st": "Suplente"}, {"seq": "91", "n": "20611", "vap": "46", "pvap": "   0,20", "e": "N", "st": "Suplente"}, {"seq": "79", "n": "20555", "vap": "59", "pvap": "   0,25", "e": "N", "st": "Suplente"}, {"seq": "39", "n": "20200", "vap": "172", "pvap": "   0,74", "e": "N", "st": "Suplente"}, {"seq": "51", "n": "20444", "vap": "124", "pvap": "   0,53", "e": "N", "st": "Suplente"}, {"seq": "77", "n": "20123", "vap": "63", "pvap": "   0,27", "e": "N", "st": "Suplente"}, {"seq": "58", "n": "20777", "vap": "107", "pvap": "   0,46", "e": "N", "st": "Suplente"}, {"seq": "121", "n": "20190", "vap": "16", "pvap": "   0,07", "e": "N", "st": "Suplente"}, {"seq": "89", "n": "20333", "vap": "47", "pvap": "   0,20", "e": "N", "st": "Suplente"}, {"seq": "59", "n": "20245", "vap": "106", "pvap": "   0,46", "e": "N", "st": "Suplente"}, {"seq": "60", "n": "20999", "vap": "106", "pvap": "   0,46", "e": "N", "st": "Suplente"}, {"seq": "165", "n": "17100", "vap": "22", "pvap": "   0,09", "e": "N", "st": "N\u00e3o eleito"}, {"seq": "150", "n": "17789", "vap": "46", "pvap": "   0,20", "e": "N", "st": "N\u00e3o eleito"}, {"seq": "148", "n": "17777", "vap": "51", "pvap": "   0,22", "e": "N", "st": "N\u00e3o eleito"}, {"seq": "189", "n": "17177", "vap": "0", "pvap": "00.00", "e": "N", "st": "N\u00e3o eleito"}, {"seq": "171", "n": "17017", "vap": "18", "pvap": "   0,08", "e": "N", "st": "N\u00e3o eleito"}, {"seq": "161", "n": "17171", "vap": "25", "pvap": "   0,11", "e": "N", "st": "N\u00e3o eleito"}, {"seq": "163", "n": "17899", "vap": "24", "pvap": "   0,10", "e": "N", "st": "N\u00e3o eleito"}, {"seq": "160", "n": "17555", "vap": "25", "pvap": "   0,11", "e": "N", "st": "N\u00e3o eleito"}, {"seq": "154", "n": "17333", "vap": "33", "pvap": "   0,14", "e": "N", "st": "N\u00e3o eleito"}, {"seq": "157", "n": "17123", "vap": "29", "pvap": "   0,12", "e": "N", "st": "N\u00e3o eleito"}, {"seq": "187", "n": "17517", "vap": "1", "pvap": "   0,00", "e": "N", "st": "N\u00e3o eleito"}, {"seq": "146", "n": "17678", "vap": "72", "pvap": "   0,31", "e": "N", "st": "N\u00e3o eleito"}, {"seq": "153", "n": "17034", "vap": "40", "pvap": "   0,17", "e": "N", "st": "N\u00e3o eleito"}, {"seq": "145", "n": "17000", "vap": "103", "pvap": "   0,44", "e": "N", "st": "N\u00e3o eleito"}, {"seq": "147", "n": "17910", "vap": "61", "pvap": "   0,26", "e": "N", "st": "N\u00e3o eleito"}, {"seq": "162", "n": "17999", "vap": "24", "pvap": "   0,10", "e": "N", "st": "N\u00e3o eleito"}, {"seq": "177", "n": "17222", "vap": "8", "pvap": "   0,03", "e": "N", "st": "N\u00e3o eleito"}, {"seq": "33", "n": "40123", "vap": "244", "pvap": "   1,05", "e": "N", "st": "Suplente"}, {"seq": "118", "n": "40777", "vap": "17", "pvap": "   0,07", "e": "N", "st": "Suplente"}, {"seq": "31", "n": "40456", "vap": "253", "pvap": "   1,09", "e": "N", "st": "Suplente"}, {"seq": "92", "n": "40511", "vap": "46", "pvap": "   0,20", "e": "N", "st": "Suplente"}, {"seq": "102", "n": "40333", "vap": "30", "pvap": "   0,13", "e": "N", "st": "Suplente"}, {"seq": "10", "n": "40789", "vap": "402", "pvap": "   1,73", "e": "S", "st": "Eleito"}, {"seq": "139", "n": "40234", "vap": "1", "pvap": "   0,00", "e": "N", "st": "Suplente"}, {"seq": "20", "n": "40888", "vap": "399", "pvap": "   1,72", "e": "N", "st": "Suplente"}, {"seq": "111", "n": "40222", "vap": "22", "pvap": "   0,09", "e": "N", "st": "Suplente"}, {"seq": "49", "n": "40444", "vap": "135", "pvap": "   0,58", "e": "N", "st": "Suplente"}, {"seq": "71", "n": "40555", "vap": "83", "pvap": "   0,36", "e": "N", "st": "Suplente"}, {"seq": "63", "n": "40111", "vap": "99", "pvap": "   0,43", "e": "N", "st": "Suplente"}, {"seq": "35", "n": "40000", "vap": "209", "pvap": "   0,90", "e": "N", "st": "Suplente"}, {"seq": "136", "n": "40700", "vap": "7", "pvap": "   0,03", "e": "N", "st": "Suplente"}, {"seq": "47", "n": "40567", "vap": "141", "pvap": "   0,61", "e": "N", "st": "Suplente"}, {"seq": "151", "n": "50555", "vap": "44", "pvap": "   0,19", "e": "N", "st": "N\u00e3o eleito"}, {"seq": "181", "n": "50222", "vap": "5", "pvap": "   0,02", "e": "N", "st": "N\u00e3o eleito"}, {"seq": "173", "n": "50444", "vap": "16", "pvap": "   0,07", "e": "N", "st": "N\u00e3o eleito"}, {"seq": "182", "n": "50000", "vap": "3", "pvap": "   0,01", "e": "N", "st": "N\u00e3o eleito"}, {"seq": "164", "n": "50112", "vap": "23", "pvap": "   0,10", "e": "N", "st": "N\u00e3o eleito"}, {"seq": "179", "n": "50123", "vap": "6", "pvap": "   0,03", "e": "N", "st": "N\u00e3o eleito"}, {"seq": "175", "n": "50852", "vap": "9", "pvap": "   0,04", "e": "N", "st": "N\u00e3o eleito"}, {"seq": "184", "n": "50789", "vap": "3", "pvap": "   0,01", "e": "N", "st": "N\u00e3o eleito"}, {"seq": "117", "n": "55444", "vap": "17", "pvap": "   0,07", "e": "N", "st": "Suplente"}, {"seq": "12", "n": "55111", "vap": "317", "pvap": "   1,37", "e": "S", "st": "Eleito"}, {"seq": "130", "n": "55550", "vap": "11", "pvap": "   0,05", "e": "N", "st": "Suplente"}, {"seq": "188", "n": "55432", "vap": "0", "pvap": "00.00", "e": "N", "st": "N\u00e3o eleito"}, {"seq": "110", "n": "55666", "vap": "22", "pvap": "   0,09", "e": "N", "st": "Suplente"}, {"seq": "129", "n": "55123", "vap": "11", "pvap": "   0,05", "e": "N", "st": "Suplente"}, {"seq": "131", "n": "55000", "vap": "11", "pvap": "   0,05", "e": "N", "st": "Suplente"}, {"seq": "45", "n": "55888", "vap": "145", "pvap": "   0,62", "e": "N", "st": "Suplente"}, {"seq": "88", "n": "55999", "vap": "47", "pvap": "   0,20", "e": "N", "st": "Suplente"}, {"seq": "109", "n": "55777", "vap": "23", "pvap": "   0,10", "e": "N", "st": "Suplente"}, {"seq": "106", "n": "55678", "vap": "25", "pvap": "   0,11", "e": "N", "st": "Suplente"}, {"seq": "67", "n": "55555", "vap": "93", "pvap": "   0,40", "e": "N", "st": "Suplente"}, {"seq": "134", "n": "55222", "vap": "9", "pvap": "   0,04", "e": "N", "st": "Suplente"}, {"seq": "43", "n": "55333", "vap": "151", "pvap": "   0,65", "e": "N", "st": "Suplente"}, {"seq": "101", "n": "55510", "vap": "31", "pvap": "   0,13", "e": "N", "st": "Suplente"}, {"seq": "66", "n": "55789", "vap": "96", "pvap": "   0,41", "e": "N", "st": "Suplente"}, {"seq": "174", "n": "14111", "vap": "15", "pvap": "   0,06", "e": "N", "st": "N\u00e3o eleito"}, {"seq": "186", "n": "14777", "vap": "2", "pvap": "   0,01", "e": "N", "st": "N\u00e3o eleito"}, {"seq": "170", "n": "14222", "vap": "18", "pvap": "   0,08", "e": "N", "st": "N\u00e3o eleito"}, {"seq": "166", "n": "14123", "vap": "22", "pvap": "   0,09", "e": "N", "st": "N\u00e3o eleito"}, {"seq": "144", "n": "14000", "vap": "129", "pvap": "   0,56", "e": "N", "st": "N\u00e3o eleito"}, {"seq": "183", "n": "14333", "vap": "3", "pvap": "   0,01", "e": "N", "st": "N\u00e3o eleito"}, {"seq": "25", "n": "36888", "vap": "340", "pvap": "   1,46", "e": "N", "st": "Suplente"}, {"seq": "81", "n": "36777", "vap": "55", "pvap": "   0,24", "e": "N", "st": "Suplente"}, {"seq": "98", "n": "36133", "vap": "34", "pvap": "   0,15", "e": "N", "st": "Suplente"}, {"seq": "104", "n": "36444", "vap": "25", "pvap": "   0,11", "e": "N", "st": "Suplente"}, {"seq": "37", "n": "36000", "vap": "175", "pvap": "   0,75", "e": "N", "st": "Suplente"}, {"seq": "84", "n": "36999", "vap": "50", "pvap": "   0,22", "e": "N", "st": "Suplente"}, {"seq": "15", "n": "36333", "vap": "527", "pvap": "   2,27", "e": "N", "st": "Suplente"}, {"seq": "3", "n": "36123", "vap": "587", "pvap": "   2,53", "e": "S", "st": "Eleito"}, {"seq": "76", "n": "36789", "vap": "66", "pvap": "   0,28", "e": "N", "st": "Suplente"}, {"seq": "133", "n": "36200", "vap": "10", "pvap": "   0,04", "e": "N", "st": "Suplente"}, {"seq": "158", "n": "33456", "vap": "27", "pvap": "   0,12", "e": "N", "st": "N\u00e3o eleito"}, {"seq": "168", "n": "33444", "vap": "21", "pvap": "   0,09", "e": "N", "st": "N\u00e3o eleito"}, {"seq": "152", "n": "33111", "vap": "41", "pvap": "   0,18", "e": "N", "st": "N\u00e3o eleito"}, {"seq": "169", "n": "33789", "vap": "20", "pvap": "   0,09", "e": "N", "st": "N\u00e3o eleito"}, {"seq": "156", "n": "33666", "vap": "30", "pvap": "   0,13", "e": "N", "st": "N\u00e3o eleito"}, {"seq": "178", "n": "33333", "vap": "7", "pvap": "   0,03", "e": "N", "st": "N\u00e3o eleito"}, {"seq": "149", "n": "13000", "vap": "49", "pvap": "   0,21", "e": "N", "st": "N\u00e3o eleito"}, {"seq": "172", "n": "13140", "vap": "17", "pvap": "   0,07", "e": "N", "st": "N\u00e3o eleito"}, {"seq": "159", "n": "13155", "vap": "25", "pvap": "   0,11", "e": "N", "st": "N\u00e3o eleito"}, {"seq": "155", "n": "13777", "vap": "32", "pvap": "   0,14", "e": "N", "st": "N\u00e3o eleito"}, {"seq": "167", "n": "13123", "vap": "21", "pvap": "   0,09", "e": "N", "st": "N\u00e3o eleito"}, {"seq": "180", "n": "13001", "vap": "6", "pvap": "   0,03", "e": "N", "st": "N\u00e3o eleito"}, {"seq": "185", "n": "13111", "vap": "2", "pvap": "   0,01", "e": "N", "st": "N\u00e3o eleito"}, {"seq": "176", "n": "13333", "vap": "8", "pvap": "   0,03", "e": "N", "st": "N\u00e3o eleito"}, {"seq": "116", "n": "19151", "vap": "17", "pvap": "   0,07", "e": "N", "st": "Suplente"}, {"seq": "4", "n": "19999", "vap": "559", "pvap": "   2,41", "e": "S", "st": "Eleito"}, {"seq": "95", "n": "19121", "vap": "41", "pvap": "   0,18", "e": "N", "st": "Suplente"}, {"seq": "14", "n": "19123", "vap": "556", "pvap": "   2,40", "e": "N", "st": "Suplente"}, {"seq": "108", "n": "19333", "vap": "24", "pvap": "   0,10", "e": "N", "st": "Suplente"}, {"seq": "72", "n": "19456", "vap": "80", "pvap": "   0,34", "e": "N", "st": "Suplente"}, {"seq": "90", "n": "19444", "vap": "46", "pvap": "   0,20", "e": "N", "st": "Suplente"}, {"seq": "30", "n": "19111", "vap": "272", "pvap": "   1,17", "e": "N", "st": "Suplente"}, {"seq": "107", "n": "19222", "vap": "24", "pvap": "   0,10", "e": "N", "st": "Suplente"}, {"seq": "46", "n": "19000", "vap": "142", "pvap": "   0,61", "e": "N", "st": "Suplente"}, {"seq": "83", "n": "19255", "vap": "50", "pvap": "   0,22", "e": "N", "st": "Suplente"}, {"seq": "124", "n": "19234", "vap": "15", "pvap": "   0,06", "e": "N", "st": "Suplente"}, {"seq": "70", "n": "19666", "vap": "86", "pvap": "   0,37", "e": "N", "st": "Suplente"}, {"seq": "123", "n": "19678", "vap": "15", "pvap": "   0,06", "e": "N", "st": "Suplente"}, {"seq": "82", "n": "19500", "vap": "54", "pvap": "   0,23", "e": "N", "st": "Suplente"}, {"seq": "78", "n": "19888", "vap": "59", "pvap": "   0,25", "e": "N", "st": "Suplente"}, {"seq": "56", "n": "19777", "vap": "108", "pvap": "   0,47", "e": "N", "st": "Suplente"}, {"seq": "122", "n": "19231", "vap": "16", "pvap": "   0,07", "e": "N", "st": "Suplente"}, {"seq": "42", "n": "19555", "vap": "154", "pvap": "   0,66", "e": "N", "st": "Suplente"}]}, {"dt": "15/11/2020", "ht": "23:41:20", "tf": "S", "and": "F", "tpabr": "ZONA", "cdabr": "35", "s": "78", "st": "78", "snt": "0", "si": "78", "sni": "0", "sa": "78", "sna": "0", "pst": " 100,00", "psnt": "   0,00", "psi": " 100,00", "psni": "   0,00", "psa": " 100,00", "psna": "   0,00", "e": "31982", "ea": "31982", "ena": "0", "esi": "31982", "esni": "0", "a": "7634", "c": "24348", "pea": " 100,00", "pena": "   0,00", "pesi": " 100,00", "pesni": "   0,00", "pa": "  23,87", "pc": "  76,13", "vnom": "21728", "vscv": "0", "vl": "1456", "tv": "24348", "vvc": "23212", "vb": "349", "tvn": "787", "vn": "786", "vnt": "1", "vp": "0", "vv": "23184", "van": "0", "vansj": "28", "pvnom": "  93,72", "pvl": "   6,28", "pvvc": "  95,33", "pvb": "   1,44", "ptvn": "   3,23", "pvn": "  99,87", "pvnt": "   0,13", "pvp": "   0,00", "pvv": "  99,88", "pvan": "   0,00", "pvansj": "   0,12", "cand": [{"seq": "124", "n": "19234", "vap": "15", "pvap": "   0,06", "e": "N", "st": "Suplente"}, {"seq": "70", "n": "19666", "vap": "86", "pvap": "   0,37", "e": "N", "st": "Suplente"}, {"seq": "42", "n": "19555", "vap": "154", "pvap": "   0,66", "e": "N", "st": "Suplente"}, {"seq": "4", "n": "19999", "vap": "559", "pvap": "   2,41", "e": "S", "st": "Eleito"}, {"seq": "56", "n": "19777", "vap": "108", "pvap": "   0,47", "e": "N", "st": "Suplente"}, {"seq": "14", "n": "19123", "vap": "556", "pvap": "   2,40", "e": "N", "st": "Suplente"}, {"seq": "46", "n": "19000", "vap": "142", "pvap": "   0,61", "e": "N", "st": "Suplente"}, {"seq": "108", "n": "19333", "vap": "24", "pvap": "   0,10", "e": "N", "st": "Suplente"}, {"seq": "83", "n": "19255", "vap": "50", "pvap": "   0,22", "e": "N", "st": "Suplente"}, {"seq": "30", "n": "19111", "vap": "272", "pvap": "   1,17", "e": "N", "st": "Suplente"}, {"seq": "107", "n": "19222", "vap": "24", "pvap": "   0,10", "e": "N", "st": "Suplente"}, {"seq": "122", "n": "19231", "vap": "16", "pvap": "   0,07", "e": "N", "st": "Suplente"}, {"seq": "72", "n": "19456", "vap": "80", "pvap": "   0,34", "e": "N", "st": "Suplente"}, {"seq": "123", "n": "19678", "vap": "15", "pvap": "   0,06", "e": "N", "st": "Suplente"}, {"seq": "116", "n": "19151", "vap": "17", "pvap": "   0,07", "e": "N", "st": "Suplente"}, {"seq": "90", "n": "19444", "vap": "46", "pvap": "   0,20", "e": "N", "st": "Suplente"}, {"seq": "82", "n": "19500", "vap": "54", "pvap": "   0,23", "e": "N", "st": "Suplente"}, {"seq": "78", "n": "19888", "vap": "59", "pvap": "   0,25", "e": "N", "st": "Suplente"}, {"seq": "95", "n": "19121", "vap": "41", "pvap": "   0,18", "e": "N", "st": "Suplente"}, {"seq": "85", "n": "22000", "vap": "50", "pvap": "   0,22", "e": "N", "st": "Suplente"}, {"seq": "128", "n": "22400", "vap": "11", "pvap": "   0,05", "e": "N", "st": "Suplente"}, {"seq": "16", "n": "22444", "vap": "510", "pvap": "   2,20", "e": "N", "st": "Suplente"}, {"seq": "55", "n": "22500", "vap": "109", "pvap": "   0,47", "e": "N", "st": "Suplente"}, {"seq": "103", "n": "22369", "vap": "26", "pvap": "   0,11", "e": "N", "st": "Suplente"}, {"seq": "29", "n": "22555", "vap": "292", "pvap": "   1,26", "e": "N", "st": "Suplente"}, {"seq": "38", "n": "22580", "vap": "174", "pvap": "   0,75", "e": "N", "st": "Suplente"}, {"seq": "105", "n": "22678", "vap": "25", "pvap": "   0,11", "e": "N", "st": "Suplente"}, {"seq": "125", "n": "22733", "vap": "12", "pvap": "   0,05", "e": "N", "st": "Suplente"}, {"seq": "1", "n": "22999", "vap": "634", "pvap": "   2,73", "e": "S", "st": "Eleito"}, {"seq": "65", "n": "22333", "vap": "96", "pvap": "   0,41", "e": "N", "st": "Suplente"}, {"seq": "53", "n": "22345", "vap": "122", "pvap": "   0,53", "e": "N", "st": "Suplente"}, {"seq": "61", "n": "22789", "vap": "105", "pvap": "   0,45", "e": "N", "st": "Suplente"}, {"seq": "96", "n": "22111", "vap": "40", "pvap": "   0,17", "e": "N", "st": "Suplente"}, {"seq": "57", "n": "22123", "vap": "107", "pvap": "   0,46", "e": "N", "st": "Suplente"}, {"seq": "138", "n": "22155", "vap": "4", "pvap": "   0,02", "e": "N", "st": "Suplente"}, {"seq": "21", "n": "22222", "vap": "397", "pvap": "   1,71", "e": "N", "st": "Suplente"}, {"seq": "119", "n": "22122", "vap": "16", "pvap": "   0,07", "e": "N", "st": "Suplente"}, {"seq": "2", "n": "22777", "vap": "594", "pvap": "   2,56", "e": "S", "st": "Eleito"}, {"seq": "166", "n": "14123", "vap": "22", "pvap": "   0,09", "e": "N", "st": "N\u00e3o eleito"}, {"seq": "174", "n": "14111", "vap": "15", "pvap": "   0,06", "e": "N", "st": "N\u00e3o eleito"}, {"seq": "186", "n": "14777", "vap": "2", "pvap": "   0,01", "e": "N", "st": "N\u00e3o eleito"}, {"seq": "144", "n": "14000", "vap": "129", "pvap": "   0,56", "e": "N", "st": "N\u00e3o eleito"}, {"seq": "170", "n": "14222", "vap": "18", "pvap": "   0,08", "e": "N", "st": "N\u00e3o eleito"}, {"seq": "183", "n": "14333", "vap": "3", "pvap": "   0,01", "e": "N", "st": "N\u00e3o eleito"}, {"seq": "12", "n": "55111", "vap": "317", "pvap": "   1,37", "e": "S", "st": "Eleito"}, {"seq": "131", "n": "55000", "vap": "11", "pvap": "   0,05", "e": "N", "st": "Suplente"}, {"seq": "129", "n": "55123", "vap": "11", "pvap": "   0,05", "e": "N", "st": "Suplente"}, {"seq": "101", "n": "55510", "vap": "31", "pvap": "   0,13", "e": "N", "st": "Suplente"}, {"seq": "43", "n": "55333", "vap": "151", "pvap": "   0,65", "e": "N", "st": "Suplente"}, {"seq": "110", "n": "55666", "vap": "22", "pvap": "   0,09", "e": "N", "st": "Suplente"}, {"seq": "67", "n": "55555", "vap": "93", "pvap": "   0,40", "e": "N", "st": "Suplente"}, {"seq": "66", "n": "55789", "vap": "96", "pvap": "   0,41", "e": "N", "st": "Suplente"}, {"seq": "188", "n": "55432", "vap": "0", "pvap": "00.00", "e": "N", "st": "N\u00e3o eleito"}, {"seq": "45", "n": "55888", "vap": "145", "pvap": "   0,62", "e": "N", "st": "Suplente"}, {"seq": "106", "n": "55678", "vap": "25", "pvap": "   0,11", "e": "N", "st": "Suplente"}, {"seq": "134", "n": "55222", "vap": "9", "pvap": "   0,04", "e": "N", "st": "Suplente"}, {"seq": "117", "n": "55444", "vap": "17", "pvap": "   0,07", "e": "N", "st": "Suplente"}, {"seq": "130", "n": "55550", "vap": "11", "pvap": "   0,05", "e": "N", "st": "Suplente"}, {"seq": "88", "n": "55999", "vap": "47", "pvap": "   0,20", "e": "N", "st": "Suplente"}, {"seq": "109", "n": "55777", "vap": "23", "pvap": "   0,10", "e": "N", "st": "Suplente"}, {"seq": "97", "n": "23555", "vap": "35", "pvap": "   0,15", "e": "N", "st": "Suplente"}, {"seq": "11", "n": "23200", "vap": "400", "pvap": "   1,72", "e": "S", "st": "Eleito"}, {"seq": "143", "n": "23201", "vap": "0", "pvap": "00.00", "e": "N", "st": "Suplente"}, {"seq": "52", "n": "23444", "vap": "123", "pvap": "   0,53", "e": "N", "st": "Suplente"}, {"seq": "140", "n": "23777", "vap": "1", "pvap": "   0,00", "e": "N", "st": "Suplente"}, {"seq": "73", "n": "23111", "vap": "71", "pvap": "   0,31", "e": "N", "st": "Suplente"}, {"seq": "94", "n": "23123", "vap": "41", "pvap": "   0,18", "e": "N", "st": "Suplente"}, {"seq": "87", "n": "23222", "vap": "47", "pvap": "   0,20", "e": "N", "st": "Suplente"}, {"seq": "22", "n": "23000", "vap": "359", "pvap": "   1,55", "e": "N", "st": "Suplente"}, {"seq": "68", "n": "23321", "vap": "90", "pvap": "   0,39", "e": "N", "st": "Suplente"}, {"seq": "113", "n": "23900", "vap": "21", "pvap": "   0,09", "e": "N", "st": "Suplente"}, {"seq": "115", "n": "23333", "vap": "18", "pvap": "   0,08", "e": "N", "st": "Suplente"}, {"seq": "54", "n": "23455", "vap": "113", "pvap": "   0,49", "e": "N", "st": "Suplente"}, {"seq": "44", "n": "23456", "vap": "146", "pvap": "   0,63", "e": "N", "st": "Suplente"}, {"seq": "142", "n": "23676", "vap": "0", "pvap": "00.00", "e": "N", "st": "Suplente"}, {"seq": "69", "n": "23888", "vap": "89", "pvap": "   0,38", "e": "N", "st": "Suplente"}, {"seq": "152", "n": "33111", "vap": "41", "pvap": "   0,18", "e": "N", "st": "N\u00e3o eleito"}, {"seq": "156", "n": "33666", "vap": "30", "pvap": "   0,13", "e": "N", "st": "N\u00e3o eleito"}, {"seq": "168", "n": "33444", "vap": "21", "pvap": "   0,09", "e": "N", "st": "N\u00e3o eleito"}, {"seq": "178", "n": "33333", "vap": "7", "pvap": "   0,03", "e": "N", "st": "N\u00e3o eleito"}, {"seq": "169", "n": "33789", "vap": "20", "pvap": "   0,09", "e": "N", "st": "N\u00e3o eleito"}, {"seq": "158", "n": "33456", "vap": "27", "pvap": "   0,12", "e": "N", "st": "N\u00e3o eleito"}, {"seq": "91", "n": "20611", "vap": "46", "pvap": "   0,20", "e": "N", "st": "Suplente"}, {"seq": "80", "n": "20000", "vap": "58", "pvap": "   0,25", "e": "N", "st": "Suplente"}, {"seq": "39", "n": "20200", "vap": "172", "pvap": "   0,74", "e": "N", "st": "Suplente"}, {"seq": "51", "n": "20444", "vap": "124", "pvap": "   0,53", "e": "N", "st": "Suplente"}, {"seq": "60", "n": "20999", "vap": "106", "pvap": "   0,46", "e": "N", "st": "Suplente"}, {"seq": "127", "n": "20111", "vap": "12", "pvap": "   0,05", "e": "N", "st": "Suplente"}, {"seq": "13", "n": "20222", "vap": "271", "pvap": "   1,17", "e": "S", "st": "Eleito"}, {"seq": "126", "n": "20599", "vap": "12", "pvap": "   0,05", "e": "N", "st": "Suplente"}, {"seq": "135", "n": "20789", "vap": "7", "pvap": "   0,03", "e": "N", "st": "Suplente"}, {"seq": "121", "n": "20190", "vap": "16", "pvap": "   0,07", "e": "N", "st": "Suplente"}, {"seq": "59", "n": "20245", "vap": "106", "pvap": "   0,46", "e": "N", "st": "Suplente"}, {"seq": "36", "n": "20300", "vap": "189", "pvap": "   0,81", "e": "N", "st": "Suplente"}, {"seq": "79", "n": "20555", "vap": "59", "pvap": "   0,25", "e": "N", "st": "Suplente"}, {"seq": "77", "n": "20123", "vap": "63", "pvap": "   0,27", "e": "N", "st": "Suplente"}, {"seq": "58", "n": "20777", "vap": "107", "pvap": "   0,46", "e": "N", "st": "Suplente"}, {"seq": "89", "n": "20333", "vap": "47", "pvap": "   0,20", "e": "N", "st": "Suplente"}, {"seq": "177", "n": "17222", "vap": "8", "pvap": "   0,03", "e": "N", "st": "N\u00e3o eleito"}, {"seq": "154", "n": "17333", "vap": "33", "pvap": "   0,14", "e": "N", "st": "N\u00e3o eleito"}, {"seq": "150", "n": "17789", "vap": "46", "pvap": "   0,20", "e": "N", "st": "N\u00e3o eleito"}, {"seq": "162", "n": "17999", "vap": "24", "pvap": "   0,10", "e": "N", "st": "N\u00e3o eleito"}, {"seq": "145", "n": "17000", "vap": "103", "pvap": "   0,44", "e": "N", "st": "N\u00e3o eleito"}, {"seq": "153", "n": "17034", "vap": "40", "pvap": "   0,17", "e": "N", "st": "N\u00e3o eleito"}, {"seq": "187", "n": "17517", "vap": "1", "pvap": "   0,00", "e": "N", "st": "N\u00e3o eleito"}, {"seq": "165", "n": "17100", "vap": "22", "pvap": "   0,09", "e": "N", "st": "N\u00e3o eleito"}, {"seq": "160", "n": "17555", "vap": "25", "pvap": "   0,11", "e": "N", "st": "N\u00e3o eleito"}, {"seq": "163", "n": "17899", "vap": "24", "pvap": "   0,10", "e": "N", "st": "N\u00e3o eleito"}, {"seq": "147", "n": "17910", "vap": "61", "pvap": "   0,26", "e": "N", "st": "N\u00e3o eleito"}, {"seq": "171", "n": "17017", "vap": "18", "pvap": "   0,08", "e": "N", "st": "N\u00e3o eleito"}, {"seq": "161", "n": "17171", "vap": "25", "pvap": "   0,11", "e": "N", "st": "N\u00e3o eleito"}, {"seq": "146", "n": "17678", "vap": "72", "pvap": "   0,31", "e": "N", "st": "N\u00e3o eleito"}, {"seq": "157", "n": "17123", "vap": "29", "pvap": "   0,12", "e": "N", "st": "N\u00e3o eleito"}, {"seq": "189", "n": "17177", "vap": "0", "pvap": "00.00", "e": "N", "st": "N\u00e3o eleito"}, {"seq": "148", "n": "17777", "vap": "51", "pvap": "   0,22", "e": "N", "st": "N\u00e3o eleito"}, {"seq": "9", "n": "11111", "vap": "467", "pvap": "   2,01", "e": "S", "st": "Eleito"}, {"seq": "75", "n": "11500", "vap": "67", "pvap": "   0,29", "e": "N", "st": "Suplente"}, {"seq": "5", "n": "11555", "vap": "528", "pvap": "   2,27", "e": "S", "st": "Eleito"}, {"seq": "27", "n": "11666", "vap": "311", "pvap": "   1,34", "e": "N", "st": "Suplente"}, {"seq": "32", "n": "11234", "vap": "245", "pvap": "   1,06", "e": "N", "st": "Suplente"}, {"seq": "26", "n": "11456", "vap": "321", "pvap": "   1,38", "e": "N", "st": "Suplente"}, {"seq": "74", "n": "11789", "vap": "68", "pvap": "   0,29", "e": "N", "st": "Suplente"}, {"seq": "48", "n": "11000", "vap": "138", "pvap": "   0,59", "e": "N", "st": "Suplente"}, {"seq": "99", "n": "11678", "vap": "33", "pvap": "   0,14", "e": "N", "st": "Suplente"}, {"seq": "132", "n": "11477", "vap": "10", "pvap": "   0,04", "e": "N", "st": "Suplente"}, {"seq": "86", "n": "11999", "vap": "48", "pvap": "   0,21", "e": "N", "st": "Suplente"}, {"seq": "100", "n": "11011", "vap": "33", "pvap": "   0,14", "e": "N", "st": "Suplente"}, {"seq": "17", "n": "11444", "vap": "451", "pvap": "   1,94", "e": "N", "st": "Suplente"}, {"seq": "40", "n": "11777", "vap": "157", "pvap": "   0,68", "e": "N", "st": "Suplente"}, {"seq": "114", "n": "11888", "vap": "19", "pvap": "   0,08", "e": "N", "st": "Suplente"}, {"seq": "34", "n": "11123", "vap": "209", "pvap": "   0,90", "e": "N", "st": "Suplente"}, {"seq": "137", "n": "11222", "vap": "5", "pvap": "   0,02", "e": "N", "st": "Suplente"}, {"seq": "120", "n": "11233", "vap": "16", "pvap": "   0,07", "e": "N", "st": "Suplente"}, {"seq": "62", "n": "11333", "vap": "103", "pvap": "   0,44", "e": "N", "st": "Suplente"}, {"seq": "155", "n": "13777", "vap": "32", "pvap": "   0,14", "e": "N", "st": "N\u00e3o eleito"}, {"seq": "149", "n": "13000", "vap": "49", "pvap": "   0,21", "e": "N", "st": "N\u00e3o eleito"}, {"seq": "172", "n": "13140", "vap": "17", "pvap": "   0,07", "e": "N", "st": "N\u00e3o eleito"}, {"seq": "180", "n": "13001", "vap": "6", "pvap": "   0,03", "e": "N", "st": "N\u00e3o eleito"}, {"seq": "185", "n": "13111", "vap": "2", "pvap": "   0,01", "e": "N", "st": "N\u00e3o eleito"}, {"seq": "167", "n": "13123", "vap": "21", "pvap": "   0,09", "e": "N", "st": "N\u00e3o eleito"}, {"seq": "159", "n": "13155", "vap": "25", "pvap": "   0,11", "e": "N", "st": "N\u00e3o eleito"}, {"seq": "176", "n": "13333", "vap": "8", "pvap": "   0,03", "e": "N", "st": "N\u00e3o eleito"}, {"seq": "64", "n": "25222", "vap": "96", "pvap": "   0,41", "e": "N", "st": "Suplente"}, {"seq": "93", "n": "25678", "vap": "41", "pvap": "   0,18", "e": "N", "st": "Suplente"}, {"seq": "8", "n": "25800", "vap": "471", "pvap": "   2,03", "e": "S", "st": "Eleito"}, {"seq": "19", "n": "25123", "vap": "421", "pvap": "   1,81", "e": "N", "st": "Suplente"}, {"seq": "112", "n": "25444", "vap": "21", "pvap": "   0,09", "e": "N", "st": "Suplente"}, {"seq": "141", "n": "25300", "vap": "0", "pvap": "00.00", "e": "N", "st": "Suplente"}, {"seq": "18", "n": "25555", "vap": "424", "pvap": "   1,83", "e": "N", "st": "Suplente"}, {"seq": "28", "n": "25789", "vap": "304", "pvap": "   1,31", "e": "N", "st": "Suplente"}, {"seq": "23", "n": "25666", "vap": "358", "pvap": "   1,54", "e": "N", "st": "Suplente"}, {"seq": "6", "n": "25125", "vap": "516", "pvap": "   2,22", "e": "S", "st": "Eleito"}, {"seq": "50", "n": "25888", "vap": "130", "pvap": "   0,56", "e": "N", "st": "Suplente"}, {"seq": "41", "n": "25000", "vap": "155", "pvap": "   0,67", "e": "N", "st": "Suplente"}, {"seq": "7", "n": "25234", "vap": "490", "pvap": "   2,11", "e": "S", "st": "Eleito"}, {"seq": "24", "n": "25999", "vap": "357", "pvap": "   1,54", "e": "N", "st": "Suplente"}, {"seq": "63", "n": "40111", "vap": "99", "pvap": "   0,43", "e": "N", "st": "Suplente"}, {"seq": "139", "n": "40234", "vap": "1", "pvap": "   0,00", "e": "N", "st": "Suplente"}, {"seq": "136", "n": "40700", "vap": "7", "pvap": "   0,03", "e": "N", "st": "Suplente"}, {"seq": "118", "n": "40777", "vap": "17", "pvap": "   0,07", "e": "N", "st": "Suplente"}, {"seq": "20", "n": "40888", "vap": "399", "pvap": "   1,72", "e": "N", "st": "Suplente"}, {"seq": "31", "n": "40456", "vap": "253", "pvap": "   1,09", "e": "N", "st": "Suplente"}, {"seq": "10", "n": "40789", "vap": "402", "pvap": "   1,73", "e": "S", "st": "Eleito"}, {"seq": "35", "n": "40000", "vap": "209", "pvap": "   0,90", "e": "N", "st": "Suplente"}, {"seq": "33", "n": "40123", "vap": "244", "pvap": "   1,05", "e": "N", "st": "Suplente"}, {"seq": "102", "n": "40333", "vap": "30", "pvap": "   0,13", "e": "N", "st": "Suplente"}, {"seq": "92", "n": "40511", "vap": "46", "pvap": "   0,20", "e": "N", "st": "Suplente"}, {"seq": "47", "n": "40567", "vap": "141", "pvap": "   0,61", "e": "N", "st": "Suplente"}, {"seq": "111", "n": "40222", "vap": "22", "pvap": "   0,09", "e": "N", "st": "Suplente"}, {"seq": "49", "n": "40444", "vap": "135", "pvap": "   0,58", "e": "N", "st": "Suplente"}, {"seq": "71", "n": "40555", "vap": "83", "pvap": "   0,36", "e": "N", "st": "Suplente"}, {"seq": "3", "n": "36123", "vap": "587", "pvap": "   2,53", "e": "S", "st": "Eleito"}, {"seq": "133", "n": "36200", "vap": "10", "pvap": "   0,04", "e": "N", "st": "Suplente"}, {"seq": "76", "n": "36789", "vap": "66", "pvap": "   0,28", "e": "N", "st": "Suplente"}, {"seq": "84", "n": "36999", "vap": "50", "pvap": "   0,22", "e": "N", "st": "Suplente"}, {"seq": "98", "n": "36133", "vap": "34", "pvap": "   0,15", "e": "N", "st": "Suplente"}, {"seq": "104", "n": "36444", "vap": "25", "pvap": "   0,11", "e": "N", "st": "Suplente"}, {"seq": "25", "n": "36888", "vap": "340", "pvap": "   1,46", "e": "N", "st": "Suplente"}, {"seq": "15", "n": "36333", "vap": "527", "pvap": "   2,27", "e": "N", "st": "Suplente"}, {"seq": "37", "n": "36000", "vap": "175", "pvap": "   0,75", "e": "N", "st": "Suplente"}, {"seq": "81", "n": "36777", "vap": "55", "pvap": "   0,24", "e": "N", "st": "Suplente"}, {"seq": "184", "n": "50789", "vap": "3", "pvap": "   0,01", "e": "N", "st": "N\u00e3o eleito"}, {"seq": "181", "n": "50222", "vap": "5", "pvap": "   0,02", "e": "N", "st": "N\u00e3o eleito"}, {"seq": "179", "n": "50123", "vap": "6", "pvap": "   0,03", "e": "N", "st": "N\u00e3o eleito"}, {"seq": "182", "n": "50000", "vap": "3", "pvap": "   0,01", "e": "N", "st": "N\u00e3o eleito"}, {"seq": "173", "n": "50444", "vap": "16", "pvap": "   0,07", "e": "N", "st": "N\u00e3o eleito"}, {"seq": "175", "n": "50852", "vap": "9", "pvap": "   0,04", "e": "N", "st": "N\u00e3o eleito"}, {"seq": "164", "n": "50112", "vap": "23", "pvap": "   0,10", "e": "N", "st": "N\u00e3o eleito"}, {"seq": "151", "n": "50555", "vap": "44", "pvap": "   0,19", "e": "N", "st": "N\u00e3o eleito"}]}]}