{"ele": "426", "carper": "13", "t": "1", "f": "O", "esae": "N", "mnae": " ", "dg": "15/11/2020", "hg": "23:02:08", "dv": "S", "nadf": "ba30970-c0013-e000426-002-f", "abr": [{"dt": "15/11/2020", "ht": "22:40:47", "tf": "S", "and": "F", "tpabr": "MU", "cdabr": "30970", "s": "30", "st": "30", "snt": "0", "si": "30", "sni": "0", "sa": "30", "sna": "0", "pst": " 100,00", "psnt": "   0,00", "psi": " 100,00", "psni": "   0,00", "psa": " 100,00", "psna": "   0,00", "e": "11456", "ea": "11456", "ena": "0", "esi": "11456", "esni": "0", "c": "10181", "a": "1275", "pea": " 100,00", "pena": "   0,00", "pesi": " 100,00", "pesni": "   0,00", "pa": "  11,13", "pc": "  88,87", "vscv": "0", "vnom": "9351", "vl": "443", "tv": "10181", "vvc": "9794", "vb": "69", "tvn": "318", "vn": "318", "vnt": "0", "vp": "0", "vv": "9794", "van": "0", "vansj": "0", "pvnom": "  95,48", "pvl": "   4,52", "pvvc": "  96,20", "pvb": "   0,68", "ptvn": "   3,12", "pvn": " 100,00", "pvnt": "   0,00", "pvp": "   0,00", "pvv": " 100,00", "pvan": "   0,00", "pvansj": "   0,00", "colig": [{"n": "50000129113", "tvtn": "1117", "tvan": "1117", "vag": "1", "tvtl": "33", "tval": "33"}, {"n": "50000090441", "tvtn": "3819", "tvan": "3819", "vag": "4", "tvtl": "220", "tval": "220"}, {"n": "50000130913", "tvtn": "4415", "tvan": "4415", "vag": "4", "tvtl": "190", "tval": "190"}], "part": [{"n": "15", "tvtn": "1117", "tvan": "1117", "tvtl": "33", "tval": "33"}, {"n": "22", "tvtn": "3819", "tvan": "3819", "tvtl": "220", "tval": "220"}, {"n": "55", "tvtn": "4415", "tvan": "4415", "tvtl": "190", "tval": "190"}], "cand": [{"seq": "2", "n": "15888", "vap": "943", "pvap": "   9,63", "e": "S", "st": "Eleito"}, {"seq": "16", "n": "15369", "vap": "134", "pvap": "   1,37", "e": "N", "st": "Suplente"}, {"seq": "20", "n": "15333", "vap": "26", "pvap": "   0,27", "e": "N", "st": "Suplente"}, {"seq": "23", "n": "15123", "vap": "9", "pvap": "   0,09", "e": "N", "st": "Suplente"}, {"seq": "24", "n": "15147", "vap": "5", "pvap": "   0,05", "e": "N", "st": "Suplente"}, {"seq": "3", "n": "22111", "vap": "882", "pvap": "   9,01", "e": "S", "st": "Eleito"}, {"seq": "6", "n": "22456", "vap": "625", "pvap": "   6,38", "e": "S", "st": "Eleito"}, {"seq": "12", "n": "22444", "vap": "415", "pvap": "   4,24", "e": "N", "st": "Suplente"}, {"seq": "1", "n": "22333", "vap": "1153", "pvap": "  11,77", "e": "S", "st": "Eleito"}, {"seq": "21", "n": "22888", "vap": "19", "pvap": "   0,19", "e": "N", "st": "Suplente"}, {"seq": "15", "n": "22222", "vap": "144", "pvap": "   1,47", "e": "N", "st": "Suplente"}, {"seq": "22", "n": "22999", "vap": "11", "pvap": "   0,11", "e": "N", "st": "Suplente"}, {"seq": "8", "n": "22123", "vap": "570", "pvap": "   5,82", "e": "S", "st": "Eleito"}, {"seq": "7", "n": "55777", "vap": "600", "pvap": "   6,13", "e": "S", "st": "Eleito"}, {"seq": "13", "n": "55999", "vap": "326", "pvap": "   3,33", "e": "N", "st": "Suplente"}, {"seq": "19", "n": "55333", "vap": "28", "pvap": "   0,29", "e": "N", "st": "Suplente"}, {"seq": "17", "n": "55222", "vap": "120", "pvap": "   1,23", "e": "N", "st": "Suplente"}, {"seq": "14", "n": "55555", "vap": "306", "pvap": "   3,12", "e": "N", "st": "Suplente"}, {"seq": "10", "n": "55666", "vap": "511", "pvap": "   5,22", "e": "N", "st": "Suplente"}, {"seq": "18", "n": "55123", "vap": "57", "pvap": "   0,58", "e": "N", "st": "Suplente"}, {"seq": "11", "n": "55444", "vap": "493", "pvap": "   5,03", "e": "N", "st": "Suplente"}, {"seq": "5", "n": "55888", "vap": "665", "pvap": "   6,79", "e": "S", "st": "Eleito"}, {"seq": "4", "n": "55000", "vap": "796", "pvap": "   8,13", "e": "S", "st": "Eleito"}, {"seq": "9", "n": "55111", "vap": "513", "pvap": "   5,24", "e": "S", "st": "Eleito"}]}, {"dt": "15/11/2020", "ht": "22:40:47", "tf": "S", "and": "F", "tpabr": "ZONA", "cdabr": "110", "s": "30", "st": "30", "snt": "0", "si": "30", "sni": "0", "sa": "30", "sna": "0", "pst": " 100,00", "psnt": "   0,00", "psi": " 100,00", "psni": "   0,00", "psa": " 100,00", "psna": "   0,00", "e": "11456", "ea": "11456", "ena": "0", "esi": "11456", "esni": "0", "a": "1275", "c": "10181", "pea": " 100,00", "pena": "   0,00", "pesi": " 100,00", "pesni": "   0,00", "pa": "  11,13", "pc": "  88,87", "vnom": "9351", "vscv": "0", "vl": "443", "tv": "10181", "vvc": "9794", "vb": "69", "tvn": "318", "vn": "318", "vnt": "0", "vp": "0", "vv": "9794", "van": "0", "vansj": "0", "pvnom": "  95,48", "pvl": "   4,52", "pvvc": "  96,20", "pvb": "   0,68", "ptvn": "   3,12", "pvn": " 100,00", "pvnt": "   0,00", "pvp": "   0,00", "pvv": " 100,00", "pvan": "   0,00", "pvansj": "   0,00", "cand": [{"seq": "2", "n": "15888", "vap": "943", "pvap": "   9,63", "e": "S", "st": "Eleito"}, {"seq": "16", "n": "15369", "vap": "134", "pvap": "   1,37", "e": "N", "st": "Suplente"}, {"seq": "20", "n": "15333", "vap": "26", "pvap": "   0,27", "e": "N", "st": "Suplente"}, {"seq": "23", "n": "15123", "vap": "9", "pvap": "   0,09", "e": "N", "st": "Suplente"}, {"seq": "24", "n": "15147", "vap": "5", "pvap": "   0,05", "e": "N", "st": "Suplente"}, {"seq": "4", "n": "55000", "vap": "796", "pvap": "   8,13", "e": "S", "st": "Eleito"}, {"seq": "5", "n": "55888", "vap": "665", "pvap": "   6,79", "e": "S", "st": "Eleito"}, {"seq": "7", "n": "55777", "vap": "600", "pvap": "   6,13", "e": "S", "st": "Eleito"}, {"seq": "9", "n": "55111", "vap": "513", "pvap": "   5,24", "e": "S", "st": "Eleito"}, {"seq": "10", "n": "55666", "vap": "511", "pvap": "   5,22", "e": "N", "st": "Suplente"}, {"seq": "11", "n": "55444", "vap": "493", "pvap": "   5,03", "e": "N", "st": "Suplente"}, {"seq": "13", "n": "55999", "vap": "326", "pvap": "   3,33", "e": "N", "st": "Suplente"}, {"seq": "14", "n": "55555", "vap": "306", "pvap": "   3,12", "e": "N", "st": "Suplente"}, {"seq": "17", "n": "55222", "vap": "120", "pvap": "   1,23", "e": "N", "st": "Suplente"}, {"seq": "18", "n": "55123", "vap": "57", "pvap": "   0,58", "e": "N", "st": "Suplente"}, {"seq": "19", "n": "55333", "vap": "28", "pvap": "   0,29", "e": "N", "st": "Suplente"}, {"seq": "1", "n": "22333", "vap": "1153", "pvap": "  11,77", "e": "S", "st": "Eleito"}, {"seq": "3", "n": "22111", "vap": "882", "pvap": "   9,01", "e": "S", "st": "Eleito"}, {"seq": "6", "n": "22456", "vap": "625", "pvap": "   6,38", "e": "S", "st": "Eleito"}, {"seq": "8", "n": "22123", "vap": "570", "pvap": "   5,82", "e": "S", "st": "Eleito"}, {"seq": "12", "n": "22444", "vap": "415", "pvap": "   4,24", "e": "N", "st": "Suplente"}, {"seq": "15", "n": "22222", "vap": "144", "pvap": "   1,47", "e": "N", "st": "Suplente"}, {"seq": "21", "n": "22888", "vap": "19", "pvap": "   0,19", "e": "N", "st": "Suplente"}, {"seq": "22", "n": "22999", "vap": "11", "pvap": "   0,11", "e": "N", "st": "Suplente"}]}]}