{"ele": "426", "carper": "13", "t": "1", "f": "O", "esae": "N", "mnae": " ", "dg": "15/11/2020", "hg": "22:39:29", "dv": "S", "nadf": "ba36293-c0013-e000426-002-f", "abr": [{"dt": "15/11/2020", "ht": "22:23:05", "tf": "S", "and": "F", "tpabr": "MU", "cdabr": "36293", "s": "113", "st": "113", "snt": "0", "si": "113", "sni": "0", "sa": "113", "sna": "0", "pst": " 100,00", "psnt": "   0,00", "psi": " 100,00", "psni": "   0,00", "psa": " 100,00", "psna": "   0,00", "e": "48438", "ea": "48438", "ena": "0", "esi": "48438", "esni": "0", "c": "37404", "a": "11034", "pea": " 100,00", "pena": "   0,00", "pesi": " 100,00", "pesni": "   0,00", "pa": "  22,78", "pc": "  77,22", "vscv": "0", "vnom": "33448", "vl": "2189", "tv": "37404", "vvc": "35638", "vb": "695", "tvn": "1071", "vn": "1071", "vnt": "0", "vp": "0", "vv": "35637", "van": "0", "vansj": "1", "pvnom": "  93,86", "pvl": "   6,14", "pvvc": "  95,28", "pvb": "   1,86", "ptvn": "   2,86", "pvn": " 100,00", "pvnt": "   0,00", "pvp": "   0,00", "pvv": " 100,00", "pvan": "   0,00", "pvansj": "   0,00", "colig": [{"n": "50000130944", "tvtn": "2573", "tvan": "2573", "vag": "1", "tvtl": "346", "tval": "346"}, {"n": "50000112901", "tvtn": "2219", "tvan": "2219", "vag": "1", "tvtl": "50", "tval": "50"}, {"n": "50000151281", "tvtn": "2812", "tvan": "2812", "vag": "1", "tvtl": "45", "tval": "45"}, {"n": "50000112760", "tvtn": "8853", "tvan": "8854", "vag": "5", "tvtl": "1190", "tval": "1190"}, {"n": "50000130845", "tvtn": "647", "tvan": "647", "vag": "0", "tvtl": "115", "tval": "115"}, {"n": "50000112785", "tvtn": "3957", "tvan": "3957", "vag": "2", "tvtl": "250", "tval": "250"}, {"n": "50000151260", "tvtn": "1128", "tvan": "1128", "vag": "0", "tvtl": "55", "tval": "55"}, {"n": "50000112866", "tvtn": "2001", "tvan": "2001", "vag": "1", "tvtl": "19", "tval": "19"}, {"n": "50000065604", "tvtn": "4371", "tvan": "4371", "vag": "2", "tvtl": "66", "tval": "66"}, {"n": "50000065606", "tvtn": "4887", "tvan": "4887", "vag": "2", "tvtl": "53", "tval": "53"}], "part": [{"n": "13", "tvtn": "2573", "tvan": "2573", "tvtl": "346", "tval": "346"}, {"n": "10", "tvtn": "2219", "tvan": "2219", "tvtl": "50", "tval": "50"}, {"n": "25", "tvtn": "2812", "tvan": "2812", "tvtl": "45", "tval": "45"}, {"n": "15", "tvtn": "8853", "tvan": "8854", "tvtl": "1190", "tval": "1190"}, {"n": "11", "tvtn": "647", "tvan": "647", "tvtl": "115", "tval": "115"}, {"n": "12", "tvtn": "3957", "tvan": "3957", "tvtl": "250", "tval": "250"}, {"n": "65", "tvtn": "1128", "tvan": "1128", "tvtl": "55", "tval": "55"}, {"n": "40", "tvtn": "2001", "tvan": "2001", "tvtl": "19", "tval": "19"}, {"n": "55", "tvtn": "4371", "tvan": "4371", "tvtl": "66", "tval": "66"}, {"n": "20", "tvtn": "4887", "tvan": "4887", "tvtl": "53", "tval": "53"}], "cand": [{"seq": "27", "n": "13000", "vap": "392", "pvap": "   1,10", "e": "N", "st": "Suplente"}, {"seq": "18", "n": "13333", "vap": "632", "pvap": "   1,77", "e": "N", "st": "Suplente"}, {"seq": "17", "n": "13444", "vap": "644", "pvap": "   1,81", "e": "N", "st": "Suplente"}, {"seq": "132", "n": "13888", "vap": "20", "pvap": "   0,06", "e": "N", "st": "Suplente"}, {"seq": "134", "n": "13023", "vap": "19", "pvap": "   0,05", "e": "N", "st": "Suplente"}, {"seq": "11", "n": "13100", "vap": "691", "pvap": "   1,94", "e": "S", "st": "Eleito"}, {"seq": "153", "n": "13456", "vap": "5", "pvap": "   0,01", "e": "N", "st": "Suplente"}, {"seq": "107", "n": "13123", "vap": "43", "pvap": "   0,12", "e": "N", "st": "Suplente"}, {"seq": "101", "n": "13222", "vap": "47", "pvap": "   0,13", "e": "N", "st": "Suplente"}, {"seq": "124", "n": "13999", "vap": "27", "pvap": "   0,08", "e": "N", "st": "Suplente"}, {"seq": "120", "n": "13777", "vap": "32", "pvap": "   0,09", "e": "N", "st": "Suplente"}, {"seq": "157", "n": "13454", "vap": "3", "pvap": "   0,01", "e": "N", "st": "Suplente"}, {"seq": "135", "n": "13613", "vap": "18", "pvap": "   0,05", "e": "N", "st": "Suplente"}, {"seq": "45", "n": "10321", "vap": "231", "pvap": "   0,65", "e": "N", "st": "Suplente"}, {"seq": "69", "n": "10444", "vap": "125", "pvap": "   0,35", "e": "N", "st": "Suplente"}, {"seq": "31", "n": "10111", "vap": "364", "pvap": "   1,02", "e": "N", "st": "Suplente"}, {"seq": "82", "n": "10999", "vap": "74", "pvap": "   0,21", "e": "N", "st": "Suplente"}, {"seq": "148", "n": "10789", "vap": "7", "pvap": "   0,02", "e": "N", "st": "Suplente"}, {"seq": "122", "n": "10400", "vap": "29", "pvap": "   0,08", "e": "N", "st": "Suplente"}, {"seq": "102", "n": "10300", "vap": "46", "pvap": "   0,13", "e": "N", "st": "Suplente"}, {"seq": "14", "n": "10000", "vap": "446", "pvap": "   1,25", "e": "S", "st": "Eleito"}, {"seq": "62", "n": "10333", "vap": "156", "pvap": "   0,44", "e": "N", "st": "Suplente"}, {"seq": "109", "n": "10888", "vap": "43", "pvap": "   0,12", "e": "N", "st": "Suplente"}, {"seq": "96", "n": "10800", "vap": "56", "pvap": "   0,16", "e": "N", "st": "Suplente"}, {"seq": "129", "n": "10737", "vap": "23", "pvap": "   0,06", "e": "N", "st": "Suplente"}, {"seq": "83", "n": "10123", "vap": "72", "pvap": "   0,20", "e": "N", "st": "Suplente"}, {"seq": "130", "n": "10600", "vap": "22", "pvap": "   0,06", "e": "N", "st": "Suplente"}, {"seq": "117", "n": "10222", "vap": "33", "pvap": "   0,09", "e": "N", "st": "Suplente"}, {"seq": "146", "n": "10100", "vap": "8", "pvap": "   0,02", "e": "N", "st": "Suplente"}, {"seq": "114", "n": "10500", "vap": "36", "pvap": "   0,10", "e": "N", "st": "Suplente"}, {"seq": "28", "n": "10777", "vap": "382", "pvap": "   1,07", "e": "N", "st": "Suplente"}, {"seq": "131", "n": "10555", "vap": "21", "pvap": "   0,06", "e": "N", "st": "Suplente"}, {"seq": "103", "n": "10345", "vap": "45", "pvap": "   0,13", "e": "N", "st": "Suplente"}, {"seq": "111", "n": "25100", "vap": "41", "pvap": "   0,12", "e": "N", "st": "Suplente"}, {"seq": "145", "n": "25666", "vap": "9", "pvap": "   0,03", "e": "N", "st": "Suplente"}, {"seq": "106", "n": "25125", "vap": "44", "pvap": "   0,12", "e": "N", "st": "Suplente"}, {"seq": "52", "n": "25777", "vap": "187", "pvap": "   0,52", "e": "N", "st": "Suplente"}, {"seq": "95", "n": "25150", "vap": "60", "pvap": "   0,17", "e": "N", "st": "Suplente"}, {"seq": "98", "n": "25610", "vap": "49", "pvap": "   0,14", "e": "N", "st": "Suplente"}, {"seq": "13", "n": "25555", "vap": "570", "pvap": "   1,60", "e": "S", "st": "Eleito"}, {"seq": "41", "n": "25444", "vap": "254", "pvap": "   0,71", "e": "N", "st": "Suplente"}, {"seq": "35", "n": "25888", "vap": "318", "pvap": "   0,89", "e": "N", "st": "Suplente"}, {"seq": "51", "n": "25333", "vap": "188", "pvap": "   0,53", "e": "N", "st": "Suplente"}, {"seq": "116", "n": "25222", "vap": "35", "pvap": "   0,10", "e": "N", "st": "Suplente"}, {"seq": "43", "n": "25611", "vap": "232", "pvap": "   0,65", "e": "N", "st": "Suplente"}, {"seq": "55", "n": "25111", "vap": "169", "pvap": "   0,47", "e": "N", "st": "Suplente"}, {"seq": "123", "n": "25000", "vap": "27", "pvap": "   0,08", "e": "N", "st": "Suplente"}, {"seq": "23", "n": "25123", "vap": "449", "pvap": "   1,26", "e": "N", "st": "Suplente"}, {"seq": "54", "n": "25999", "vap": "180", "pvap": "   0,51", "e": "N", "st": "Suplente"}, {"seq": "5", "n": "15000", "vap": "941", "pvap": "   2,64", "e": "S", "st": "Eleito"}, {"seq": "141", "n": "15321", "vap": "10", "pvap": "   0,03", "e": "N", "st": "Suplente"}, {"seq": "6", "n": "15111", "vap": "894", "pvap": "   2,51", "e": "S", "st": "Eleito"}, {"seq": "112", "n": "15999", "vap": "41", "pvap": "   0,12", "e": "N", "st": "Suplente"}, {"seq": "22", "n": "15154", "vap": "486", "pvap": "   1,36", "e": "N", "st": "Suplente"}, {"seq": "2", "n": "15156", "vap": "1145", "pvap": "   3,21", "e": "S", "st": "Eleito"}, {"seq": "1", "n": "15015", "vap": "1182", "pvap": "   3,32", "e": "S", "st": "Eleito"}, {"seq": "19", "n": "15222", "vap": "630", "pvap": "   1,77", "e": "N", "st": "Suplente"}, {"seq": "75", "n": "15888", "vap": "102", "pvap": "   0,29", "e": "N", "st": "Suplente"}, {"seq": "48", "n": "15150", "vap": "211", "pvap": "   0,59", "e": "N", "st": "Suplente"}, {"seq": "185", "n": "15012", "vap": "1", "pvap": "   0,00", "e": "N", "st": "N\u00e3o eleito"}, {"seq": "57", "n": "15123", "vap": "166", "pvap": "   0,47", "e": "N", "st": "Suplente"}, {"seq": "3", "n": "15333", "vap": "1087", "pvap": "   3,05", "e": "S", "st": "Eleito"}, {"seq": "113", "n": "15772", "vap": "37", "pvap": "   0,10", "e": "N", "st": "Suplente"}, {"seq": "16", "n": "15555", "vap": "862", "pvap": "   2,42", "e": "N", "st": "Suplente"}, {"seq": "34", "n": "15155", "vap": "329", "pvap": "   0,92", "e": "N", "st": "Suplente"}, {"seq": "149", "n": "15232", "vap": "6", "pvap": "   0,02", "e": "N", "st": "Suplente"}, {"seq": "158", "n": "15410", "vap": "2", "pvap": "   0,01", "e": "N", "st": "Suplente"}, {"seq": "33", "n": "15158", "vap": "335", "pvap": "   0,94", "e": "N", "st": "Suplente"}, {"seq": "126", "n": "15777", "vap": "26", "pvap": "   0,07", "e": "N", "st": "Suplente"}, {"seq": "32", "n": "15157", "vap": "361", "pvap": "   1,01", "e": "N", "st": "Suplente"}, {"seq": "167", "n": "11000", "vap": "87", "pvap": "   0,24", "e": "N", "st": "N\u00e3o eleito"}, {"seq": "164", "n": "11789", "vap": "131", "pvap": "   0,37", "e": "N", "st": "N\u00e3o eleito"}, {"seq": "172", "n": "11234", "vap": "54", "pvap": "   0,15", "e": "N", "st": "N\u00e3o eleito"}, {"seq": "179", "n": "11444", "vap": "22", "pvap": "   0,06", "e": "N", "st": "N\u00e3o eleito"}, {"seq": "170", "n": "11777", "vap": "59", "pvap": "   0,17", "e": "N", "st": "N\u00e3o eleito"}, {"seq": "162", "n": "11111", "vap": "151", "pvap": "   0,42", "e": "N", "st": "N\u00e3o eleito"}, {"seq": "176", "n": "11222", "vap": "29", "pvap": "   0,08", "e": "N", "st": "N\u00e3o eleito"}, {"seq": "180", "n": "11456", "vap": "16", "pvap": "   0,04", "e": "N", "st": "N\u00e3o eleito"}, {"seq": "184", "n": "11288", "vap": "4", "pvap": "   0,01", "e": "N", "st": "N\u00e3o eleito"}, {"seq": "183", "n": "11123", "vap": "4", "pvap": "   0,01", "e": "N", "st": "N\u00e3o eleito"}, {"seq": "178", "n": "11225", "vap": "22", "pvap": "   0,06", "e": "N", "st": "N\u00e3o eleito"}, {"seq": "169", "n": "11042", "vap": "68", "pvap": "   0,19", "e": "N", "st": "N\u00e3o eleito"}, {"seq": "137", "n": "12451", "vap": "15", "pvap": "   0,04", "e": "N", "st": "Suplente"}, {"seq": "93", "n": "12888", "vap": "64", "pvap": "   0,18", "e": "N", "st": "Suplente"}, {"seq": "56", "n": "12312", "vap": "168", "pvap": "   0,47", "e": "N", "st": "Suplente"}, {"seq": "152", "n": "12028", "vap": "6", "pvap": "   0,02", "e": "N", "st": "Suplente"}, {"seq": "71", "n": "12456", "vap": "116", "pvap": "   0,33", "e": "N", "st": "Suplente"}, {"seq": "151", "n": "12112", "vap": "6", "pvap": "   0,02", "e": "N", "st": "Suplente"}, {"seq": "8", "n": "12111", "vap": "782", "pvap": "   2,19", "e": "S", "st": "Eleito"}, {"seq": "37", "n": "12666", "vap": "301", "pvap": "   0,84", "e": "N", "st": "Suplente"}, {"seq": "125", "n": "12555", "vap": "27", "pvap": "   0,08", "e": "N", "st": "Suplente"}, {"seq": "40", "n": "12777", "vap": "259", "pvap": "   0,73", "e": "N", "st": "Suplente"}, {"seq": "79", "n": "12330", "vap": "80", "pvap": "   0,22", "e": "N", "st": "Suplente"}, {"seq": "140", "n": "12999", "vap": "10", "pvap": "   0,03", "e": "N", "st": "Suplente"}, {"seq": "12", "n": "12444", "vap": "592", "pvap": "   1,66", "e": "S", "st": "Eleito"}, {"seq": "42", "n": "12345", "vap": "233", "pvap": "   0,65", "e": "N", "st": "Suplente"}, {"seq": "25", "n": "12000", "vap": "422", "pvap": "   1,18", "e": "N", "st": "Suplente"}, {"seq": "24", "n": "12100", "vap": "441", "pvap": "   1,24", "e": "N", "st": "Suplente"}, {"seq": "61", "n": "12222", "vap": "159", "pvap": "   0,45", "e": "N", "st": "Suplente"}, {"seq": "128", "n": "12122", "vap": "24", "pvap": "   0,07", "e": "N", "st": "Suplente"}, {"seq": "76", "n": "12012", "vap": "99", "pvap": "   0,28", "e": "N", "st": "Suplente"}, {"seq": "70", "n": "12123", "vap": "122", "pvap": "   0,34", "e": "N", "st": "Suplente"}, {"seq": "121", "n": "12220", "vap": "31", "pvap": "   0,09", "e": "N", "st": "Suplente"}, {"seq": "168", "n": "65222", "vap": "77", "pvap": "   0,22", "e": "N", "st": "N\u00e3o eleito"}, {"seq": "163", "n": "65000", "vap": "139", "pvap": "   0,39", "e": "N", "st": "N\u00e3o eleito"}, {"seq": "160", "n": "65611", "vap": "236", "pvap": "   0,66", "e": "N", "st": "N\u00e3o eleito"}, {"seq": "182", "n": "65444", "vap": "5", "pvap": "   0,01", "e": "N", "st": "N\u00e3o eleito"}, {"seq": "181", "n": "65100", "vap": "10", "pvap": "   0,03", "e": "N", "st": "N\u00e3o eleito"}, {"seq": "161", "n": "65123", "vap": "222", "pvap": "   0,62", "e": "N", "st": "N\u00e3o eleito"}, {"seq": "175", "n": "65655", "vap": "32", "pvap": "   0,09", "e": "N", "st": "N\u00e3o eleito"}, {"seq": "171", "n": "65211", "vap": "59", "pvap": "   0,17", "e": "N", "st": "N\u00e3o eleito"}, {"seq": "165", "n": "65369", "vap": "120", "pvap": "   0,34", "e": "N", "st": "N\u00e3o eleito"}, {"seq": "177", "n": "65111", "vap": "27", "pvap": "   0,08", "e": "N", "st": "N\u00e3o eleito"}, {"seq": "174", "n": "65555", "vap": "41", "pvap": "   0,12", "e": "N", "st": "N\u00e3o eleito"}, {"seq": "173", "n": "65777", "vap": "52", "pvap": "   0,15", "e": "N", "st": "N\u00e3o eleito"}, {"seq": "166", "n": "65261", "vap": "108", "pvap": "   0,30", "e": "N", "st": "N\u00e3o eleito"}, {"seq": "64", "n": "40333", "vap": "145", "pvap": "   0,41", "e": "N", "st": "Suplente"}, {"seq": "147", "n": "40600", "vap": "8", "pvap": "   0,02", "e": "N", "st": "Suplente"}, {"seq": "39", "n": "40555", "vap": "274", "pvap": "   0,77", "e": "N", "st": "Suplente"}, {"seq": "92", "n": "40194", "vap": "64", "pvap": "   0,18", "e": "N", "st": "Suplente"}, {"seq": "159", "n": "40321", "vap": "1", "pvap": "   0,00", "e": "N", "st": "Suplente"}, {"seq": "90", "n": "40456", "vap": "66", "pvap": "   0,19", "e": "N", "st": "Suplente"}, {"seq": "46", "n": "40888", "vap": "222", "pvap": "   0,62", "e": "N", "st": "Suplente"}, {"seq": "142", "n": "40400", "vap": "10", "pvap": "   0,03", "e": "N", "st": "Suplente"}, {"seq": "50", "n": "40123", "vap": "195", "pvap": "   0,55", "e": "N", "st": "Suplente"}, {"seq": "150", "n": "40666", "vap": "6", "pvap": "   0,02", "e": "N", "st": "Suplente"}, {"seq": "15", "n": "40000", "vap": "283", "pvap": "   0,79", "e": "S", "st": "Eleito"}, {"seq": "100", "n": "40111", "vap": "48", "pvap": "   0,13", "e": "N", "st": "Suplente"}, {"seq": "65", "n": "40777", "vap": "138", "pvap": "   0,39", "e": "N", "st": "Suplente"}, {"seq": "72", "n": "40522", "vap": "115", "pvap": "   0,32", "e": "N", "st": "Suplente"}, {"seq": "118", "n": "40234", "vap": "33", "pvap": "   0,09", "e": "N", "st": "Suplente"}, {"seq": "60", "n": "40004", "vap": "160", "pvap": "   0,45", "e": "N", "st": "Suplente"}, {"seq": "139", "n": "40040", "vap": "14", "pvap": "   0,04", "e": "N", "st": "Suplente"}, {"seq": "108", "n": "40001", "vap": "43", "pvap": "   0,12", "e": "N", "st": "Suplente"}, {"seq": "88", "n": "40222", "vap": "69", "pvap": "   0,19", "e": "N", "st": "Suplente"}, {"seq": "104", "n": "40444", "vap": "45", "pvap": "   0,13", "e": "N", "st": "Suplente"}, {"seq": "156", "n": "40500", "vap": "4", "pvap": "   0,01", "e": "N", "st": "Suplente"}, {"seq": "119", "n": "40122", "vap": "33", "pvap": "   0,09", "e": "N", "st": "Suplente"}, {"seq": "127", "n": "40153", "vap": "25", "pvap": "   0,07", "e": "N", "st": "Suplente"}, {"seq": "99", "n": "55202", "vap": "49", "pvap": "   0,14", "e": "N", "st": "Suplente"}, {"seq": "144", "n": "55272", "vap": "9", "pvap": "   0,03", "e": "N", "st": "Suplente"}, {"seq": "110", "n": "55002", "vap": "42", "pvap": "   0,12", "e": "N", "st": "Suplente"}, {"seq": "7", "n": "55100", "vap": "890", "pvap": "   2,50", "e": "S", "st": "Eleito"}, {"seq": "67", "n": "55010", "vap": "127", "pvap": "   0,36", "e": "N", "st": "Suplente"}, {"seq": "53", "n": "55550", "vap": "182", "pvap": "   0,51", "e": "N", "st": "Suplente"}, {"seq": "30", "n": "55666", "vap": "369", "pvap": "   1,04", "e": "N", "st": "Suplente"}, {"seq": "58", "n": "55555", "vap": "165", "pvap": "   0,46", "e": "N", "st": "Suplente"}, {"seq": "68", "n": "55800", "vap": "126", "pvap": "   0,35", "e": "N", "st": "Suplente"}, {"seq": "47", "n": "55161", "vap": "212", "pvap": "   0,59", "e": "N", "st": "Suplente"}, {"seq": "115", "n": "55055", "vap": "35", "pvap": "   0,10", "e": "N", "st": "Suplente"}, {"seq": "10", "n": "55123", "vap": "706", "pvap": "   1,98", "e": "S", "st": "Eleito"}, {"seq": "73", "n": "55999", "vap": "114", "pvap": "   0,32", "e": "N", "st": "Suplente"}, {"seq": "63", "n": "55111", "vap": "148", "pvap": "   0,42", "e": "N", "st": "Suplente"}, {"seq": "49", "n": "55223", "vap": "196", "pvap": "   0,55", "e": "N", "st": "Suplente"}, {"seq": "133", "n": "55678", "vap": "20", "pvap": "   0,06", "e": "N", "st": "Suplente"}, {"seq": "59", "n": "55444", "vap": "160", "pvap": "   0,45", "e": "N", "st": "Suplente"}, {"seq": "89", "n": "55333", "vap": "68", "pvap": "   0,19", "e": "N", "st": "Suplente"}, {"seq": "138", "n": "55777", "vap": "15", "pvap": "   0,04", "e": "N", "st": "Suplente"}, {"seq": "74", "n": "55222", "vap": "112", "pvap": "   0,31", "e": "N", "st": "Suplente"}, {"seq": "97", "n": "55225", "vap": "51", "pvap": "   0,14", "e": "N", "st": "Suplente"}, {"seq": "21", "n": "55522", "vap": "530", "pvap": "   1,49", "e": "N", "st": "Suplente"}, {"seq": "105", "n": "55155", "vap": "45", "pvap": "   0,13", "e": "N", "st": "Suplente"}, {"seq": "84", "n": "20777", "vap": "72", "pvap": "   0,20", "e": "N", "st": "Suplente"}, {"seq": "85", "n": "20300", "vap": "72", "pvap": "   0,20", "e": "N", "st": "Suplente"}, {"seq": "77", "n": "20190", "vap": "93", "pvap": "   0,26", "e": "N", "st": "Suplente"}, {"seq": "143", "n": "20009", "vap": "9", "pvap": "   0,03", "e": "N", "st": "Suplente"}, {"seq": "154", "n": "20820", "vap": "5", "pvap": "   0,01", "e": "N", "st": "Suplente"}, {"seq": "86", "n": "20200", "vap": "72", "pvap": "   0,20", "e": "N", "st": "Suplente"}, {"seq": "26", "n": "20555", "vap": "409", "pvap": "   1,15", "e": "N", "st": "Suplente"}, {"seq": "9", "n": "20000", "vap": "762", "pvap": "   2,14", "e": "S", "st": "Eleito"}, {"seq": "44", "n": "20888", "vap": "231", "pvap": "   0,65", "e": "N", "st": "Suplente"}, {"seq": "38", "n": "20611", "vap": "282", "pvap": "   0,79", "e": "N", "st": "Suplente"}, {"seq": "81", "n": "20020", "vap": "75", "pvap": "   0,21", "e": "N", "st": "Suplente"}, {"seq": "94", "n": "20123", "vap": "62", "pvap": "   0,17", "e": "N", "st": "Suplente"}, {"seq": "136", "n": "20001", "vap": "18", "pvap": "   0,05", "e": "N", "st": "Suplente"}, {"seq": "78", "n": "20002", "vap": "86", "pvap": "   0,24", "e": "N", "st": "Suplente"}, {"seq": "87", "n": "20225", "vap": "72", "pvap": "   0,20", "e": "N", "st": "Suplente"}, {"seq": "66", "n": "20111", "vap": "130", "pvap": "   0,36", "e": "N", "st": "Suplente"}, {"seq": "29", "n": "20999", "vap": "382", "pvap": "   1,07", "e": "N", "st": "Suplente"}, {"seq": "20", "n": "20100", "vap": "617", "pvap": "   1,73", "e": "N", "st": "Suplente"}, {"seq": "36", "n": "20444", "vap": "306", "pvap": "   0,86", "e": "N", "st": "Suplente"}, {"seq": "4", "n": "20222", "vap": "984", "pvap": "   2,76", "e": "S", "st": "Eleito"}, {"seq": "91", "n": "20077", "vap": "65", "pvap": "   0,18", "e": "N", "st": "Suplente"}, {"seq": "80", "n": "20050", "vap": "79", "pvap": "   0,22", "e": "N", "st": "Suplente"}, {"seq": "155", "n": "20340", "vap": "4", "pvap": "   0,01", "e": "N", "st": "Suplente"}]}, {"dt": "15/11/2020", "ht": "22:23:05", "tf": "S", "and": "F", "tpabr": "ZONA", "cdabr": "140", "s": "113", "st": "113", "snt": "0", "si": "113", "sni": "0", "sa": "113", "sna": "0", "pst": " 100,00", "psnt": "   0,00", "psi": " 100,00", "psni": "   0,00", "psa": " 100,00", "psna": "   0,00", "e": "48438", "ea": "48438", "ena": "0", "esi": "48438", "esni": "0", "a": "11034", "c": "37404", "pea": " 100,00", "pena": "   0,00", "pesi": " 100,00", "pesni": "   0,00", "pa": "  22,78", "pc": "  77,22", "vnom": "33448", "vscv": "0", "vl": "2189", "tv": "37404", "vvc": "35638", "vb": "695", "tvn": "1071", "vn": "1071", "vnt": "0", "vp": "0", "vv": "35637", "van": "0", "vansj": "1", "pvnom": "  93,86", "pvl": "   6,14", "pvvc": "  95,28", "pvb": "   1,86", "ptvn": "   2,86", "pvn": " 100,00", "pvnt": "   0,00", "pvp": "   0,00", "pvv": " 100,00", "pvan": "   0,00", "pvansj": "   0,00", "cand": [{"seq": "4", "n": "20222", "vap": "984", "pvap": "   2,76", "e": "S", "st": "Eleito"}, {"seq": "9", "n": "20000", "vap": "762", "pvap": "   2,14", "e": "S", "st": "Eleito"}, {"seq": "20", "n": "20100", "vap": "617", "pvap": "   1,73", "e": "N", "st": "Suplente"}, {"seq": "26", "n": "20555", "vap": "409", "pvap": "   1,15", "e": "N", "st": "Suplente"}, {"seq": "29", "n": "20999", "vap": "382", "pvap": "   1,07", "e": "N", "st": "Suplente"}, {"seq": "36", "n": "20444", "vap": "306", "pvap": "   0,86", "e": "N", "st": "Suplente"}, {"seq": "38", "n": "20611", "vap": "282", "pvap": "   0,79", "e": "N", "st": "Suplente"}, {"seq": "44", "n": "20888", "vap": "231", "pvap": "   0,65", "e": "N", "st": "Suplente"}, {"seq": "66", "n": "20111", "vap": "130", "pvap": "   0,36", "e": "N", "st": "Suplente"}, {"seq": "77", "n": "20190", "vap": "93", "pvap": "   0,26", "e": "N", "st": "Suplente"}, {"seq": "78", "n": "20002", "vap": "86", "pvap": "   0,24", "e": "N", "st": "Suplente"}, {"seq": "80", "n": "20050", "vap": "79", "pvap": "   0,22", "e": "N", "st": "Suplente"}, {"seq": "81", "n": "20020", "vap": "75", "pvap": "   0,21", "e": "N", "st": "Suplente"}, {"seq": "84", "n": "20777", "vap": "72", "pvap": "   0,20", "e": "N", "st": "Suplente"}, {"seq": "85", "n": "20300", "vap": "72", "pvap": "   0,20", "e": "N", "st": "Suplente"}, {"seq": "86", "n": "20200", "vap": "72", "pvap": "   0,20", "e": "N", "st": "Suplente"}, {"seq": "87", "n": "20225", "vap": "72", "pvap": "   0,20", "e": "N", "st": "Suplente"}, {"seq": "91", "n": "20077", "vap": "65", "pvap": "   0,18", "e": "N", "st": "Suplente"}, {"seq": "94", "n": "20123", "vap": "62", "pvap": "   0,17", "e": "N", "st": "Suplente"}, {"seq": "136", "n": "20001", "vap": "18", "pvap": "   0,05", "e": "N", "st": "Suplente"}, {"seq": "143", "n": "20009", "vap": "9", "pvap": "   0,03", "e": "N", "st": "Suplente"}, {"seq": "154", "n": "20820", "vap": "5", "pvap": "   0,01", "e": "N", "st": "Suplente"}, {"seq": "155", "n": "20340", "vap": "4", "pvap": "   0,01", "e": "N", "st": "Suplente"}, {"seq": "7", "n": "55100", "vap": "890", "pvap": "   2,50", "e": "S", "st": "Eleito"}, {"seq": "10", "n": "55123", "vap": "706", "pvap": "   1,98", "e": "S", "st": "Eleito"}, {"seq": "21", "n": "55522", "vap": "530", "pvap": "   1,49", "e": "N", "st": "Suplente"}, {"seq": "30", "n": "55666", "vap": "369", "pvap": "   1,04", "e": "N", "st": "Suplente"}, {"seq": "47", "n": "55161", "vap": "212", "pvap": "   0,59", "e": "N", "st": "Suplente"}, {"seq": "49", "n": "55223", "vap": "196", "pvap": "   0,55", "e": "N", "st": "Suplente"}, {"seq": "53", "n": "55550", "vap": "182", "pvap": "   0,51", "e": "N", "st": "Suplente"}, {"seq": "58", "n": "55555", "vap": "165", "pvap": "   0,46", "e": "N", "st": "Suplente"}, {"seq": "59", "n": "55444", "vap": "160", "pvap": "   0,45", "e": "N", "st": "Suplente"}, {"seq": "63", "n": "55111", "vap": "148", "pvap": "   0,42", "e": "N", "st": "Suplente"}, {"seq": "67", "n": "55010", "vap": "127", "pvap": "   0,36", "e": "N", "st": "Suplente"}, {"seq": "68", "n": "55800", "vap": "126", "pvap": "   0,35", "e": "N", "st": "Suplente"}, {"seq": "73", "n": "55999", "vap": "114", "pvap": "   0,32", "e": "N", "st": "Suplente"}, {"seq": "74", "n": "55222", "vap": "112", "pvap": "   0,31", "e": "N", "st": "Suplente"}, {"seq": "89", "n": "55333", "vap": "68", "pvap": "   0,19", "e": "N", "st": "Suplente"}, {"seq": "97", "n": "55225", "vap": "51", "pvap": "   0,14", "e": "N", "st": "Suplente"}, {"seq": "99", "n": "55202", "vap": "49", "pvap": "   0,14", "e": "N", "st": "Suplente"}, {"seq": "105", "n": "55155", "vap": "45", "pvap": "   0,13", "e": "N", "st": "Suplente"}, {"seq": "110", "n": "55002", "vap": "42", "pvap": "   0,12", "e": "N", "st": "Suplente"}, {"seq": "115", "n": "55055", "vap": "35", "pvap": "   0,10", "e": "N", "st": "Suplente"}, {"seq": "133", "n": "55678", "vap": "20", "pvap": "   0,06", "e": "N", "st": "Suplente"}, {"seq": "138", "n": "55777", "vap": "15", "pvap": "   0,04", "e": "N", "st": "Suplente"}, {"seq": "144", "n": "55272", "vap": "9", "pvap": "   0,03", "e": "N", "st": "Suplente"}, {"seq": "8", "n": "12111", "vap": "782", "pvap": "   2,19", "e": "S", "st": "Eleito"}, {"seq": "12", "n": "12444", "vap": "592", "pvap": "   1,66", "e": "S", "st": "Eleito"}, {"seq": "24", "n": "12100", "vap": "441", "pvap": "   1,24", "e": "N", "st": "Suplente"}, {"seq": "25", "n": "12000", "vap": "422", "pvap": "   1,18", "e": "N", "st": "Suplente"}, {"seq": "37", "n": "12666", "vap": "301", "pvap": "   0,84", "e": "N", "st": "Suplente"}, {"seq": "40", "n": "12777", "vap": "259", "pvap": "   0,73", "e": "N", "st": "Suplente"}, {"seq": "42", "n": "12345", "vap": "233", "pvap": "   0,65", "e": "N", "st": "Suplente"}, {"seq": "56", "n": "12312", "vap": "168", "pvap": "   0,47", "e": "N", "st": "Suplente"}, {"seq": "61", "n": "12222", "vap": "159", "pvap": "   0,45", "e": "N", "st": "Suplente"}, {"seq": "70", "n": "12123", "vap": "122", "pvap": "   0,34", "e": "N", "st": "Suplente"}, {"seq": "71", "n": "12456", "vap": "116", "pvap": "   0,33", "e": "N", "st": "Suplente"}, {"seq": "76", "n": "12012", "vap": "99", "pvap": "   0,28", "e": "N", "st": "Suplente"}, {"seq": "79", "n": "12330", "vap": "80", "pvap": "   0,22", "e": "N", "st": "Suplente"}, {"seq": "93", "n": "12888", "vap": "64", "pvap": "   0,18", "e": "N", "st": "Suplente"}, {"seq": "121", "n": "12220", "vap": "31", "pvap": "   0,09", "e": "N", "st": "Suplente"}, {"seq": "125", "n": "12555", "vap": "27", "pvap": "   0,08", "e": "N", "st": "Suplente"}, {"seq": "128", "n": "12122", "vap": "24", "pvap": "   0,07", "e": "N", "st": "Suplente"}, {"seq": "137", "n": "12451", "vap": "15", "pvap": "   0,04", "e": "N", "st": "Suplente"}, {"seq": "140", "n": "12999", "vap": "10", "pvap": "   0,03", "e": "N", "st": "Suplente"}, {"seq": "151", "n": "12112", "vap": "6", "pvap": "   0,02", "e": "N", "st": "Suplente"}, {"seq": "152", "n": "12028", "vap": "6", "pvap": "   0,02", "e": "N", "st": "Suplente"}, {"seq": "13", "n": "25555", "vap": "570", "pvap": "   1,60", "e": "S", "st": "Eleito"}, {"seq": "23", "n": "25123", "vap": "449", "pvap": "   1,26", "e": "N", "st": "Suplente"}, {"seq": "35", "n": "25888", "vap": "318", "pvap": "   0,89", "e": "N", "st": "Suplente"}, {"seq": "41", "n": "25444", "vap": "254", "pvap": "   0,71", "e": "N", "st": "Suplente"}, {"seq": "43", "n": "25611", "vap": "232", "pvap": "   0,65", "e": "N", "st": "Suplente"}, {"seq": "51", "n": "25333", "vap": "188", "pvap": "   0,53", "e": "N", "st": "Suplente"}, {"seq": "52", "n": "25777", "vap": "187", "pvap": "   0,52", "e": "N", "st": "Suplente"}, {"seq": "54", "n": "25999", "vap": "180", "pvap": "   0,51", "e": "N", "st": "Suplente"}, {"seq": "55", "n": "25111", "vap": "169", "pvap": "   0,47", "e": "N", "st": "Suplente"}, {"seq": "95", "n": "25150", "vap": "60", "pvap": "   0,17", "e": "N", "st": "Suplente"}, {"seq": "98", "n": "25610", "vap": "49", "pvap": "   0,14", "e": "N", "st": "Suplente"}, {"seq": "106", "n": "25125", "vap": "44", "pvap": "   0,12", "e": "N", "st": "Suplente"}, {"seq": "111", "n": "25100", "vap": "41", "pvap": "   0,12", "e": "N", "st": "Suplente"}, {"seq": "116", "n": "25222", "vap": "35", "pvap": "   0,10", "e": "N", "st": "Suplente"}, {"seq": "123", "n": "25000", "vap": "27", "pvap": "   0,08", "e": "N", "st": "Suplente"}, {"seq": "145", "n": "25666", "vap": "9", "pvap": "   0,03", "e": "N", "st": "Suplente"}, {"seq": "14", "n": "10000", "vap": "446", "pvap": "   1,25", "e": "S", "st": "Eleito"}, {"seq": "28", "n": "10777", "vap": "382", "pvap": "   1,07", "e": "N", "st": "Suplente"}, {"seq": "31", "n": "10111", "vap": "364", "pvap": "   1,02", "e": "N", "st": "Suplente"}, {"seq": "45", "n": "10321", "vap": "231", "pvap": "   0,65", "e": "N", "st": "Suplente"}, {"seq": "62", "n": "10333", "vap": "156", "pvap": "   0,44", "e": "N", "st": "Suplente"}, {"seq": "69", "n": "10444", "vap": "125", "pvap": "   0,35", "e": "N", "st": "Suplente"}, {"seq": "82", "n": "10999", "vap": "74", "pvap": "   0,21", "e": "N", "st": "Suplente"}, {"seq": "83", "n": "10123", "vap": "72", "pvap": "   0,20", "e": "N", "st": "Suplente"}, {"seq": "96", "n": "10800", "vap": "56", "pvap": "   0,16", "e": "N", "st": "Suplente"}, {"seq": "102", "n": "10300", "vap": "46", "pvap": "   0,13", "e": "N", "st": "Suplente"}, {"seq": "103", "n": "10345", "vap": "45", "pvap": "   0,13", "e": "N", "st": "Suplente"}, {"seq": "109", "n": "10888", "vap": "43", "pvap": "   0,12", "e": "N", "st": "Suplente"}, {"seq": "114", "n": "10500", "vap": "36", "pvap": "   0,10", "e": "N", "st": "Suplente"}, {"seq": "117", "n": "10222", "vap": "33", "pvap": "   0,09", "e": "N", "st": "Suplente"}, {"seq": "122", "n": "10400", "vap": "29", "pvap": "   0,08", "e": "N", "st": "Suplente"}, {"seq": "129", "n": "10737", "vap": "23", "pvap": "   0,06", "e": "N", "st": "Suplente"}, {"seq": "130", "n": "10600", "vap": "22", "pvap": "   0,06", "e": "N", "st": "Suplente"}, {"seq": "131", "n": "10555", "vap": "21", "pvap": "   0,06", "e": "N", "st": "Suplente"}, {"seq": "146", "n": "10100", "vap": "8", "pvap": "   0,02", "e": "N", "st": "Suplente"}, {"seq": "148", "n": "10789", "vap": "7", "pvap": "   0,02", "e": "N", "st": "Suplente"}, {"seq": "15", "n": "40000", "vap": "283", "pvap": "   0,79", "e": "S", "st": "Eleito"}, {"seq": "39", "n": "40555", "vap": "274", "pvap": "   0,77", "e": "N", "st": "Suplente"}, {"seq": "46", "n": "40888", "vap": "222", "pvap": "   0,62", "e": "N", "st": "Suplente"}, {"seq": "50", "n": "40123", "vap": "195", "pvap": "   0,55", "e": "N", "st": "Suplente"}, {"seq": "60", "n": "40004", "vap": "160", "pvap": "   0,45", "e": "N", "st": "Suplente"}, {"seq": "64", "n": "40333", "vap": "145", "pvap": "   0,41", "e": "N", "st": "Suplente"}, {"seq": "65", "n": "40777", "vap": "138", "pvap": "   0,39", "e": "N", "st": "Suplente"}, {"seq": "72", "n": "40522", "vap": "115", "pvap": "   0,32", "e": "N", "st": "Suplente"}, {"seq": "88", "n": "40222", "vap": "69", "pvap": "   0,19", "e": "N", "st": "Suplente"}, {"seq": "90", "n": "40456", "vap": "66", "pvap": "   0,19", "e": "N", "st": "Suplente"}, {"seq": "92", "n": "40194", "vap": "64", "pvap": "   0,18", "e": "N", "st": "Suplente"}, {"seq": "100", "n": "40111", "vap": "48", "pvap": "   0,13", "e": "N", "st": "Suplente"}, {"seq": "104", "n": "40444", "vap": "45", "pvap": "   0,13", "e": "N", "st": "Suplente"}, {"seq": "108", "n": "40001", "vap": "43", "pvap": "   0,12", "e": "N", "st": "Suplente"}, {"seq": "118", "n": "40234", "vap": "33", "pvap": "   0,09", "e": "N", "st": "Suplente"}, {"seq": "119", "n": "40122", "vap": "33", "pvap": "   0,09", "e": "N", "st": "Suplente"}, {"seq": "127", "n": "40153", "vap": "25", "pvap": "   0,07", "e": "N", "st": "Suplente"}, {"seq": "139", "n": "40040", "vap": "14", "pvap": "   0,04", "e": "N", "st": "Suplente"}, {"seq": "142", "n": "40400", "vap": "10", "pvap": "   0,03", "e": "N", "st": "Suplente"}, {"seq": "147", "n": "40600", "vap": "8", "pvap": "   0,02", "e": "N", "st": "Suplente"}, {"seq": "150", "n": "40666", "vap": "6", "pvap": "   0,02", "e": "N", "st": "Suplente"}, {"seq": "156", "n": "40500", "vap": "4", "pvap": "   0,01", "e": "N", "st": "Suplente"}, {"seq": "159", "n": "40321", "vap": "1", "pvap": "   0,00", "e": "N", "st": "Suplente"}, {"seq": "162", "n": "11111", "vap": "151", "pvap": "   0,42", "e": "N", "st": "N\u00e3o eleito"}, {"seq": "164", "n": "11789", "vap": "131", "pvap": "   0,37", "e": "N", "st": "N\u00e3o eleito"}, {"seq": "167", "n": "11000", "vap": "87", "pvap": "   0,24", "e": "N", "st": "N\u00e3o eleito"}, {"seq": "169", "n": "11042", "vap": "68", "pvap": "   0,19", "e": "N", "st": "N\u00e3o eleito"}, {"seq": "170", "n": "11777", "vap": "59", "pvap": "   0,17", "e": "N", "st": "N\u00e3o eleito"}, {"seq": "172", "n": "11234", "vap": "54", "pvap": "   0,15", "e": "N", "st": "N\u00e3o eleito"}, {"seq": "176", "n": "11222", "vap": "29", "pvap": "   0,08", "e": "N", "st": "N\u00e3o eleito"}, {"seq": "178", "n": "11225", "vap": "22", "pvap": "   0,06", "e": "N", "st": "N\u00e3o eleito"}, {"seq": "179", "n": "11444", "vap": "22", "pvap": "   0,06", "e": "N", "st": "N\u00e3o eleito"}, {"seq": "180", "n": "11456", "vap": "16", "pvap": "   0,04", "e": "N", "st": "N\u00e3o eleito"}, {"seq": "183", "n": "11123", "vap": "4", "pvap": "   0,01", "e": "N", "st": "N\u00e3o eleito"}, {"seq": "184", "n": "11288", "vap": "4", "pvap": "   0,01", "e": "N", "st": "N\u00e3o eleito"}, {"seq": "11", "n": "13100", "vap": "691", "pvap": "   1,94", "e": "S", "st": "Eleito"}, {"seq": "17", "n": "13444", "vap": "644", "pvap": "   1,81", "e": "N", "st": "Suplente"}, {"seq": "18", "n": "13333", "vap": "632", "pvap": "   1,77", "e": "N", "st": "Suplente"}, {"seq": "27", "n": "13000", "vap": "392", "pvap": "   1,10", "e": "N", "st": "Suplente"}, {"seq": "101", "n": "13222", "vap": "47", "pvap": "   0,13", "e": "N", "st": "Suplente"}, {"seq": "107", "n": "13123", "vap": "43", "pvap": "   0,12", "e": "N", "st": "Suplente"}, {"seq": "120", "n": "13777", "vap": "32", "pvap": "   0,09", "e": "N", "st": "Suplente"}, {"seq": "124", "n": "13999", "vap": "27", "pvap": "   0,08", "e": "N", "st": "Suplente"}, {"seq": "132", "n": "13888", "vap": "20", "pvap": "   0,06", "e": "N", "st": "Suplente"}, {"seq": "134", "n": "13023", "vap": "19", "pvap": "   0,05", "e": "N", "st": "Suplente"}, {"seq": "135", "n": "13613", "vap": "18", "pvap": "   0,05", "e": "N", "st": "Suplente"}, {"seq": "153", "n": "13456", "vap": "5", "pvap": "   0,01", "e": "N", "st": "Suplente"}, {"seq": "157", "n": "13454", "vap": "3", "pvap": "   0,01", "e": "N", "st": "Suplente"}, {"seq": "1", "n": "15015", "vap": "1182", "pvap": "   3,32", "e": "S", "st": "Eleito"}, {"seq": "2", "n": "15156", "vap": "1145", "pvap": "   3,21", "e": "S", "st": "Eleito"}, {"seq": "3", "n": "15333", "vap": "1087", "pvap": "   3,05", "e": "S", "st": "Eleito"}, {"seq": "5", "n": "15000", "vap": "941", "pvap": "   2,64", "e": "S", "st": "Eleito"}, {"seq": "6", "n": "15111", "vap": "894", "pvap": "   2,51", "e": "S", "st": "Eleito"}, {"seq": "16", "n": "15555", "vap": "862", "pvap": "   2,42", "e": "N", "st": "Suplente"}, {"seq": "19", "n": "15222", "vap": "630", "pvap": "   1,77", "e": "N", "st": "Suplente"}, {"seq": "22", "n": "15154", "vap": "486", "pvap": "   1,36", "e": "N", "st": "Suplente"}, {"seq": "32", "n": "15157", "vap": "361", "pvap": "   1,01", "e": "N", "st": "Suplente"}, {"seq": "33", "n": "15158", "vap": "335", "pvap": "   0,94", "e": "N", "st": "Suplente"}, {"seq": "34", "n": "15155", "vap": "329", "pvap": "   0,92", "e": "N", "st": "Suplente"}, {"seq": "48", "n": "15150", "vap": "211", "pvap": "   0,59", "e": "N", "st": "Suplente"}, {"seq": "57", "n": "15123", "vap": "166", "pvap": "   0,47", "e": "N", "st": "Suplente"}, {"seq": "75", "n": "15888", "vap": "102", "pvap": "   0,29", "e": "N", "st": "Suplente"}, {"seq": "112", "n": "15999", "vap": "41", "pvap": "   0,12", "e": "N", "st": "Suplente"}, {"seq": "113", "n": "15772", "vap": "37", "pvap": "   0,10", "e": "N", "st": "Suplente"}, {"seq": "126", "n": "15777", "vap": "26", "pvap": "   0,07", "e": "N", "st": "Suplente"}, {"seq": "141", "n": "15321", "vap": "10", "pvap": "   0,03", "e": "N", "st": "Suplente"}, {"seq": "149", "n": "15232", "vap": "6", "pvap": "   0,02", "e": "N", "st": "Suplente"}, {"seq": "158", "n": "15410", "vap": "2", "pvap": "   0,01", "e": "N", "st": "Suplente"}, {"seq": "185", "n": "15012", "vap": "1", "pvap": "   0,00", "e": "N", "st": "N\u00e3o eleito"}, {"seq": "160", "n": "65611", "vap": "236", "pvap": "   0,66", "e": "N", "st": "N\u00e3o eleito"}, {"seq": "161", "n": "65123", "vap": "222", "pvap": "   0,62", "e": "N", "st": "N\u00e3o eleito"}, {"seq": "163", "n": "65000", "vap": "139", "pvap": "   0,39", "e": "N", "st": "N\u00e3o eleito"}, {"seq": "165", "n": "65369", "vap": "120", "pvap": "   0,34", "e": "N", "st": "N\u00e3o eleito"}, {"seq": "166", "n": "65261", "vap": "108", "pvap": "   0,30", "e": "N", "st": "N\u00e3o eleito"}, {"seq": "168", "n": "65222", "vap": "77", "pvap": "   0,22", "e": "N", "st": "N\u00e3o eleito"}, {"seq": "171", "n": "65211", "vap": "59", "pvap": "   0,17", "e": "N", "st": "N\u00e3o eleito"}, {"seq": "173", "n": "65777", "vap": "52", "pvap": "   0,15", "e": "N", "st": "N\u00e3o eleito"}, {"seq": "174", "n": "65555", "vap": "41", "pvap": "   0,12", "e": "N", "st": "N\u00e3o eleito"}, {"seq": "175", "n": "65655", "vap": "32", "pvap": "   0,09", "e": "N", "st": "N\u00e3o eleito"}, {"seq": "177", "n": "65111", "vap": "27", "pvap": "   0,08", "e": "N", "st": "N\u00e3o eleito"}, {"seq": "181", "n": "65100", "vap": "10", "pvap": "   0,03", "e": "N", "st": "N\u00e3o eleito"}, {"seq": "182", "n": "65444", "vap": "5", "pvap": "   0,01", "e": "N", "st": "N\u00e3o eleito"}]}]}