{"ele": "426", "carper": "13", "t": "1", "f": "O", "esae": "N", "mnae": " ", "dg": "15/11/2020", "hg": "23:02:15", "dv": "S", "nadf": "ba35297-c0013-e000426-002-f", "abr": [{"dt": "15/11/2020", "ht": "22:56:12", "tf": "S", "and": "F", "tpabr": "MU", "cdabr": "35297", "s": "14", "st": "14", "snt": "0", "si": "14", "sni": "0", "sa": "14", "sna": "0", "pst": " 100,00", "psnt": "   0,00", "psi": " 100,00", "psni": "   0,00", "psa": " 100,00", "psna": "   0,00", "e": "5168", "ea": "5168", "ena": "0", "esi": "5168", "esni": "0", "c": "4023", "a": "1145", "pea": " 100,00", "pena": "   0,00", "pesi": " 100,00", "pesni": "   0,00", "pa": "  22,16", "pc": "  77,84", "vscv": "0", "vnom": "3609", "vl": "170", "tv": "4023", "vvc": "3780", "vb": "37", "tvn": "206", "vn": "206", "vnt": "0", "vp": "0", "vv": "3779", "van": "0", "vansj": "1", "pvnom": "  95,50", "pvl": "   4,50", "pvvc": "  93,96", "pvb": "   0,92", "ptvn": "   5,12", "pvn": " 100,00", "pvnt": "   0,00", "pvp": "   0,00", "pvv": "  99,97", "pvan": "   0,00", "pvansj": "   0,03", "colig": [{"n": "50000104653", "tvtn": "1267", "tvan": "1268", "vag": "3", "tvtl": "33", "tval": "33"}, {"n": "50000059574", "tvtn": "974", "tvan": "974", "vag": "3", "tvtl": "96", "tval": "96"}, {"n": "50000155141", "tvtn": "0", "tvan": "0", "vag": "0", "tvtl": "1", "tval": "1"}, {"n": "50000059567", "tvtn": "807", "tvan": "807", "vag": "2", "tvtl": "10", "tval": "10"}, {"n": "50000073741", "tvtn": "561", "tvan": "561", "vag": "1", "tvtl": "30", "tval": "30"}], "part": [{"n": "65", "tvtn": "1267", "tvan": "1268", "tvtl": "33", "tval": "33"}, {"n": "55", "tvtn": "974", "tvan": "974", "tvtl": "96", "tval": "96"}, {"n": "14", "tvtn": "0", "tvan": "0", "tvtl": "1", "tval": "1"}, {"n": "10", "tvtn": "807", "tvan": "807", "tvtl": "10", "tval": "10"}, {"n": "13", "tvtn": "561", "tvan": "561", "tvtl": "30", "tval": "30"}], "cand": [{"seq": "18", "n": "65999", "vap": "78", "pvap": "   2,06", "e": "N", "st": "Suplente"}, {"seq": "3", "n": "65123", "vap": "208", "pvap": "   5,50", "e": "S", "st": "Eleito"}, {"seq": "12", "n": "65555", "vap": "137", "pvap": "   3,62", "e": "N", "st": "Suplente"}, {"seq": "46", "n": "65333", "vap": "1", "pvap": "   0,03", "e": "N", "st": "N\u00e3o eleito"}, {"seq": "23", "n": "65444", "vap": "49", "pvap": "   1,30", "e": "N", "st": "Suplente"}, {"seq": "22", "n": "65678", "vap": "54", "pvap": "   1,43", "e": "N", "st": "Suplente"}, {"seq": "14", "n": "65000", "vap": "104", "pvap": "   2,75", "e": "N", "st": "Suplente"}, {"seq": "11", "n": "65222", "vap": "141", "pvap": "   3,73", "e": "N", "st": "Suplente"}, {"seq": "17", "n": "65777", "vap": "80", "pvap": "   2,12", "e": "N", "st": "Suplente"}, {"seq": "45", "n": "65100", "vap": "0", "pvap": "00.00", "e": "N", "st": "Suplente"}, {"seq": "4", "n": "65456", "vap": "206", "pvap": "   5,45", "e": "S", "st": "Eleito"}, {"seq": "30", "n": "65111", "vap": "29", "pvap": "   0,77", "e": "N", "st": "Suplente"}, {"seq": "7", "n": "65888", "vap": "181", "pvap": "   4,79", "e": "S", "st": "Eleito"}, {"seq": "31", "n": "55444", "vap": "27", "pvap": "   0,71", "e": "N", "st": "Suplente"}, {"seq": "41", "n": "55000", "vap": "5", "pvap": "   0,13", "e": "N", "st": "Suplente"}, {"seq": "9", "n": "55222", "vap": "152", "pvap": "   4,02", "e": "S", "st": "Eleito"}, {"seq": "24", "n": "55567", "vap": "49", "pvap": "   1,30", "e": "N", "st": "Suplente"}, {"seq": "32", "n": "55345", "vap": "27", "pvap": "   0,71", "e": "N", "st": "Suplente"}, {"seq": "16", "n": "55333", "vap": "93", "pvap": "   2,46", "e": "N", "st": "Suplente"}, {"seq": "21", "n": "55123", "vap": "64", "pvap": "   1,69", "e": "N", "st": "Suplente"}, {"seq": "36", "n": "55777", "vap": "13", "pvap": "   0,34", "e": "N", "st": "Suplente"}, {"seq": "1", "n": "55555", "vap": "338", "pvap": "   8,94", "e": "S", "st": "Eleito"}, {"seq": "44", "n": "55880", "vap": "1", "pvap": "   0,03", "e": "N", "st": "Suplente"}, {"seq": "5", "n": "55999", "vap": "196", "pvap": "   5,19", "e": "S", "st": "Eleito"}, {"seq": "38", "n": "55678", "vap": "9", "pvap": "   0,24", "e": "N", "st": "Suplente"}, {"seq": "47", "n": "14111", "vap": "0", "pvap": "00.00", "e": "N", "st": "N\u00e3o eleito"}, {"seq": "43", "n": "10333", "vap": "5", "pvap": "   0,13", "e": "N", "st": "Suplente"}, {"seq": "19", "n": "10444", "vap": "75", "pvap": "   1,98", "e": "N", "st": "Suplente"}, {"seq": "10", "n": "10555", "vap": "155", "pvap": "   4,10", "e": "N", "st": "Suplente"}, {"seq": "6", "n": "10111", "vap": "185", "pvap": "   4,89", "e": "S", "st": "Eleito"}, {"seq": "2", "n": "10888", "vap": "220", "pvap": "   5,82", "e": "S", "st": "Eleito"}, {"seq": "15", "n": "10000", "vap": "99", "pvap": "   2,62", "e": "N", "st": "Suplente"}, {"seq": "27", "n": "10777", "vap": "37", "pvap": "   0,98", "e": "N", "st": "Suplente"}, {"seq": "33", "n": "10296", "vap": "26", "pvap": "   0,69", "e": "N", "st": "Suplente"}, {"seq": "42", "n": "10999", "vap": "5", "pvap": "   0,13", "e": "N", "st": "Suplente"}, {"seq": "35", "n": "13111", "vap": "20", "pvap": "   0,53", "e": "N", "st": "Suplente"}, {"seq": "25", "n": "13000", "vap": "43", "pvap": "   1,14", "e": "N", "st": "Suplente"}, {"seq": "26", "n": "13444", "vap": "43", "pvap": "   1,14", "e": "N", "st": "Suplente"}, {"seq": "28", "n": "13333", "vap": "34", "pvap": "   0,90", "e": "N", "st": "Suplente"}, {"seq": "20", "n": "13123", "vap": "74", "pvap": "   1,96", "e": "N", "st": "Suplente"}, {"seq": "29", "n": "13330", "vap": "32", "pvap": "   0,85", "e": "N", "st": "Suplente"}, {"seq": "39", "n": "13200", "vap": "7", "pvap": "   0,19", "e": "N", "st": "Suplente"}, {"seq": "34", "n": "13555", "vap": "25", "pvap": "   0,66", "e": "N", "st": "Suplente"}, {"seq": "40", "n": "13138", "vap": "6", "pvap": "   0,16", "e": "N", "st": "Suplente"}, {"seq": "37", "n": "13456", "vap": "12", "pvap": "   0,32", "e": "N", "st": "Suplente"}, {"seq": "8", "n": "13300", "vap": "160", "pvap": "   4,23", "e": "S", "st": "Eleito"}, {"seq": "13", "n": "13222", "vap": "105", "pvap": "   2,78", "e": "N", "st": "Suplente"}]}, {"dt": "15/11/2020", "ht": "22:56:12", "tf": "S", "and": "F", "tpabr": "ZONA", "cdabr": "73", "s": "14", "st": "14", "snt": "0", "si": "14", "sni": "0", "sa": "14", "sna": "0", "pst": " 100,00", "psnt": "   0,00", "psi": " 100,00", "psni": "   0,00", "psa": " 100,00", "psna": "   0,00", "e": "5168", "ea": "5168", "ena": "0", "esi": "5168", "esni": "0", "a": "1145", "c": "4023", "pea": " 100,00", "pena": "   0,00", "pesi": " 100,00", "pesni": "   0,00", "pa": "  22,16", "pc": "  77,84", "vnom": "3609", "vscv": "0", "vl": "170", "tv": "4023", "vvc": "3780", "vb": "37", "tvn": "206", "vn": "206", "vnt": "0", "vp": "0", "vv": "3779", "van": "0", "vansj": "1", "pvnom": "  95,50", "pvl": "   4,50", "pvvc": "  93,96", "pvb": "   0,92", "ptvn": "   5,12", "pvn": " 100,00", "pvnt": "   0,00", "pvp": "   0,00", "pvv": "  99,97", "pvan": "   0,00", "pvansj": "   0,03", "cand": [{"seq": "1", "n": "55555", "vap": "338", "pvap": "   8,94", "e": "S", "st": "Eleito"}, {"seq": "5", "n": "55999", "vap": "196", "pvap": "   5,19", "e": "S", "st": "Eleito"}, {"seq": "9", "n": "55222", "vap": "152", "pvap": "   4,02", "e": "S", "st": "Eleito"}, {"seq": "16", "n": "55333", "vap": "93", "pvap": "   2,46", "e": "N", "st": "Suplente"}, {"seq": "21", "n": "55123", "vap": "64", "pvap": "   1,69", "e": "N", "st": "Suplente"}, {"seq": "24", "n": "55567", "vap": "49", "pvap": "   1,30", "e": "N", "st": "Suplente"}, {"seq": "31", "n": "55444", "vap": "27", "pvap": "   0,71", "e": "N", "st": "Suplente"}, {"seq": "32", "n": "55345", "vap": "27", "pvap": "   0,71", "e": "N", "st": "Suplente"}, {"seq": "36", "n": "55777", "vap": "13", "pvap": "   0,34", "e": "N", "st": "Suplente"}, {"seq": "38", "n": "55678", "vap": "9", "pvap": "   0,24", "e": "N", "st": "Suplente"}, {"seq": "41", "n": "55000", "vap": "5", "pvap": "   0,13", "e": "N", "st": "Suplente"}, {"seq": "44", "n": "55880", "vap": "1", "pvap": "   0,03", "e": "N", "st": "Suplente"}, {"seq": "3", "n": "65123", "vap": "208", "pvap": "   5,50", "e": "S", "st": "Eleito"}, {"seq": "4", "n": "65456", "vap": "206", "pvap": "   5,45", "e": "S", "st": "Eleito"}, {"seq": "7", "n": "65888", "vap": "181", "pvap": "   4,79", "e": "S", "st": "Eleito"}, {"seq": "11", "n": "65222", "vap": "141", "pvap": "   3,73", "e": "N", "st": "Suplente"}, {"seq": "12", "n": "65555", "vap": "137", "pvap": "   3,62", "e": "N", "st": "Suplente"}, {"seq": "14", "n": "65000", "vap": "104", "pvap": "   2,75", "e": "N", "st": "Suplente"}, {"seq": "17", "n": "65777", "vap": "80", "pvap": "   2,12", "e": "N", "st": "Suplente"}, {"seq": "18", "n": "65999", "vap": "78", "pvap": "   2,06", "e": "N", "st": "Suplente"}, {"seq": "22", "n": "65678", "vap": "54", "pvap": "   1,43", "e": "N", "st": "Suplente"}, {"seq": "23", "n": "65444", "vap": "49", "pvap": "   1,30", "e": "N", "st": "Suplente"}, {"seq": "30", "n": "65111", "vap": "29", "pvap": "   0,77", "e": "N", "st": "Suplente"}, {"seq": "45", "n": "65100", "vap": "0", "pvap": "00.00", "e": "N", "st": "Suplente"}, {"seq": "46", "n": "65333", "vap": "1", "pvap": "   0,03", "e": "N", "st": "N\u00e3o eleito"}, {"seq": "8", "n": "13300", "vap": "160", "pvap": "   4,23", "e": "S", "st": "Eleito"}, {"seq": "13", "n": "13222", "vap": "105", "pvap": "   2,78", "e": "N", "st": "Suplente"}, {"seq": "20", "n": "13123", "vap": "74", "pvap": "   1,96", "e": "N", "st": "Suplente"}, {"seq": "25", "n": "13000", "vap": "43", "pvap": "   1,14", "e": "N", "st": "Suplente"}, {"seq": "26", "n": "13444", "vap": "43", "pvap": "   1,14", "e": "N", "st": "Suplente"}, {"seq": "28", "n": "13333", "vap": "34", "pvap": "   0,90", "e": "N", "st": "Suplente"}, {"seq": "29", "n": "13330", "vap": "32", "pvap": "   0,85", "e": "N", "st": "Suplente"}, {"seq": "34", "n": "13555", "vap": "25", "pvap": "   0,66", "e": "N", "st": "Suplente"}, {"seq": "35", "n": "13111", "vap": "20", "pvap": "   0,53", "e": "N", "st": "Suplente"}, {"seq": "37", "n": "13456", "vap": "12", "pvap": "   0,32", "e": "N", "st": "Suplente"}, {"seq": "39", "n": "13200", "vap": "7", "pvap": "   0,19", "e": "N", "st": "Suplente"}, {"seq": "40", "n": "13138", "vap": "6", "pvap": "   0,16", "e": "N", "st": "Suplente"}, {"seq": "47", "n": "14111", "vap": "0", "pvap": "00.00", "e": "N", "st": "N\u00e3o eleito"}, {"seq": "2", "n": "10888", "vap": "220", "pvap": "   5,82", "e": "S", "st": "Eleito"}, {"seq": "6", "n": "10111", "vap": "185", "pvap": "   4,89", "e": "S", "st": "Eleito"}, {"seq": "10", "n": "10555", "vap": "155", "pvap": "   4,10", "e": "N", "st": "Suplente"}, {"seq": "15", "n": "10000", "vap": "99", "pvap": "   2,62", "e": "N", "st": "Suplente"}, {"seq": "19", "n": "10444", "vap": "75", "pvap": "   1,98", "e": "N", "st": "Suplente"}, {"seq": "27", "n": "10777", "vap": "37", "pvap": "   0,98", "e": "N", "st": "Suplente"}, {"seq": "33", "n": "10296", "vap": "26", "pvap": "   0,69", "e": "N", "st": "Suplente"}, {"seq": "42", "n": "10999", "vap": "5", "pvap": "   0,13", "e": "N", "st": "Suplente"}, {"seq": "43", "n": "10333", "vap": "5", "pvap": "   0,13", "e": "N", "st": "Suplente"}]}]}