{"ele": "426", "carper": "13", "t": "1", "f": "O", "esae": "N", "mnae": " ", "dg": "16/11/2020", "hg": "00:32:55", "dv": "S", "nadf": "ba36820-c0013-e000426-002-f", "abr": [{"dt": "15/11/2020", "ht": "23:40:57", "tf": "S", "and": "F", "tpabr": "MU", "cdabr": "36820", "s": "18", "st": "18", "snt": "0", "si": "18", "sni": "0", "sa": "18", "sna": "0", "pst": " 100,00", "psnt": "   0,00", "psi": " 100,00", "psni": "   0,00", "psa": " 100,00", "psna": "   0,00", "e": "6480", "ea": "6480", "ena": "0", "esi": "6480", "esni": "0", "c": "5125", "a": "1355", "pea": " 100,00", "pena": "   0,00", "pesi": " 100,00", "pesni": "   0,00", "pa": "  20,91", "pc": "  79,09", "vscv": "0", "vnom": "4495", "vl": "298", "tv": "5125", "vvc": "4793", "vb": "93", "tvn": "239", "vn": "238", "vnt": "1", "vp": "0", "vv": "4793", "van": "0", "vansj": "0", "pvnom": "  93,78", "pvl": "   6,22", "pvvc": "  93,52", "pvb": "   1,82", "ptvn": "   4,66", "pvn": "  99,58", "pvnt": "   0,42", "pvp": "   0,00", "pvv": " 100,00", "pvan": "   0,00", "pvansj": "   0,00", "colig": [{"n": "50000106231", "tvtn": "1266", "tvan": "1267", "vag": "3", "tvtl": "147", "tval": "147"}, {"n": "50000106342", "tvtn": "1074", "tvan": "1074", "vag": "2", "tvtl": "40", "tval": "40"}, {"n": "50000075063", "tvtn": "1702", "tvan": "1702", "vag": "3", "tvtl": "66", "tval": "66"}, {"n": "50000075328", "tvtn": "453", "tvan": "453", "vag": "1", "tvtl": "45", "tval": "45"}], "part": [{"n": "11", "tvtn": "1266", "tvan": "1266", "tvtl": "147", "tval": "147"}, {"n": "25", "tvtn": "1074", "tvan": "1074", "tvtl": "40", "tval": "40"}, {"n": "12", "tvtn": "1702", "tvan": "1702", "tvtl": "66", "tval": "66"}, {"n": "40", "tvtn": "453", "tvan": "453", "tvtl": "45", "tval": "45"}], "cand": [{"seq": "36", "n": "11100", "vap": "10", "pvap": "   0,21", "e": "N", "st": "Suplente"}, {"seq": "12", "n": "11222", "vap": "145", "pvap": "   3,03", "e": "N", "st": "Suplente"}, {"seq": "40", "n": "11333", "vap": "3", "pvap": "   0,06", "e": "N", "st": "Suplente"}, {"seq": "2", "n": "11111", "vap": "388", "pvap": "   8,10", "e": "S", "st": "Eleito"}, {"seq": "19", "n": "11321", "vap": "111", "pvap": "   2,32", "e": "N", "st": "Suplente"}, {"seq": "7", "n": "11234", "vap": "206", "pvap": "   4,30", "e": "S", "st": "Eleito"}, {"seq": "1", "n": "11000", "vap": "396", "pvap": "   8,26", "e": "S", "st": "Eleito"}, {"seq": "38", "n": "11456", "vap": "7", "pvap": "   0,15", "e": "N", "st": "Suplente"}, {"seq": "24", "n": "25641", "vap": "51", "pvap": "   1,06", "e": "N", "st": "Suplente"}, {"seq": "18", "n": "25456", "vap": "123", "pvap": "   2,57", "e": "N", "st": "Suplente"}, {"seq": "34", "n": "25711", "vap": "14", "pvap": "   0,29", "e": "N", "st": "Suplente"}, {"seq": "26", "n": "25678", "vap": "39", "pvap": "   0,81", "e": "N", "st": "Suplente"}, {"seq": "4", "n": "25555", "vap": "293", "pvap": "   6,11", "e": "S", "st": "Eleito"}, {"seq": "25", "n": "25333", "vap": "45", "pvap": "   0,94", "e": "N", "st": "Suplente"}, {"seq": "33", "n": "25444", "vap": "14", "pvap": "   0,29", "e": "N", "st": "Suplente"}, {"seq": "8", "n": "25123", "vap": "205", "pvap": "   4,28", "e": "S", "st": "Eleito"}, {"seq": "16", "n": "25000", "vap": "127", "pvap": "   2,65", "e": "N", "st": "Suplente"}, {"seq": "13", "n": "25625", "vap": "143", "pvap": "   2,98", "e": "N", "st": "Suplente"}, {"seq": "39", "n": "25110", "vap": "6", "pvap": "   0,13", "e": "N", "st": "Suplente"}, {"seq": "32", "n": "25345", "vap": "14", "pvap": "   0,29", "e": "N", "st": "Suplente"}, {"seq": "17", "n": "12344", "vap": "125", "pvap": "   2,61", "e": "N", "st": "Suplente"}, {"seq": "15", "n": "12345", "vap": "134", "pvap": "   2,80", "e": "N", "st": "Suplente"}, {"seq": "28", "n": "12222", "vap": "29", "pvap": "   0,61", "e": "N", "st": "Suplente"}, {"seq": "14", "n": "12000", "vap": "135", "pvap": "   2,82", "e": "N", "st": "Suplente"}, {"seq": "3", "n": "12555", "vap": "336", "pvap": "   7,01", "e": "S", "st": "Eleito"}, {"seq": "11", "n": "12012", "vap": "175", "pvap": "   3,65", "e": "N", "st": "Suplente"}, {"seq": "21", "n": "12220", "vap": "71", "pvap": "   1,48", "e": "N", "st": "Suplente"}, {"seq": "5", "n": "12333", "vap": "287", "pvap": "   5,99", "e": "S", "st": "Eleito"}, {"seq": "6", "n": "12777", "vap": "211", "pvap": "   4,40", "e": "S", "st": "Eleito"}, {"seq": "10", "n": "12625", "vap": "199", "pvap": "   4,15", "e": "N", "st": "Suplente"}, {"seq": "9", "n": "40222", "vap": "125", "pvap": "   2,61", "e": "S", "st": "Eleito"}, {"seq": "30", "n": "40123", "vap": "25", "pvap": "   0,52", "e": "N", "st": "Suplente"}, {"seq": "22", "n": "40567", "vap": "63", "pvap": "   1,31", "e": "N", "st": "Suplente"}, {"seq": "35", "n": "40400", "vap": "13", "pvap": "   0,27", "e": "N", "st": "Suplente"}, {"seq": "31", "n": "40456", "vap": "14", "pvap": "   0,29", "e": "N", "st": "Suplente"}, {"seq": "27", "n": "40444", "vap": "34", "pvap": "   0,71", "e": "N", "st": "Suplente"}, {"seq": "23", "n": "40000", "vap": "54", "pvap": "   1,13", "e": "N", "st": "Suplente"}, {"seq": "37", "n": "40040", "vap": "9", "pvap": "   0,19", "e": "N", "st": "Suplente"}, {"seq": "29", "n": "40555", "vap": "26", "pvap": "   0,54", "e": "N", "st": "Suplente"}, {"seq": "20", "n": "40777", "vap": "90", "pvap": "   1,88", "e": "N", "st": "Suplente"}]}, {"dt": "15/11/2020", "ht": "23:40:57", "tf": "S", "and": "F", "tpabr": "ZONA", "cdabr": "37", "s": "18", "st": "18", "snt": "0", "si": "18", "sni": "0", "sa": "18", "sna": "0", "pst": " 100,00", "psnt": "   0,00", "psi": " 100,00", "psni": "   0,00", "psa": " 100,00", "psna": "   0,00", "e": "6480", "ea": "6480", "ena": "0", "esi": "6480", "esni": "0", "a": "1355", "c": "5125", "pea": " 100,00", "pena": "   0,00", "pesi": " 100,00", "pesni": "   0,00", "pa": "  20,91", "pc": "  79,09", "vnom": "4495", "vscv": "0", "vl": "298", "tv": "5125", "vvc": "4793", "vb": "93", "tvn": "239", "vn": "238", "vnt": "1", "vp": "0", "vv": "4793", "van": "0", "vansj": "0", "pvnom": "  93,78", "pvl": "   6,22", "pvvc": "  93,52", "pvb": "   1,82", "ptvn": "   4,66", "pvn": "  99,58", "pvnt": "   0,42", "pvp": "   0,00", "pvv": " 100,00", "pvan": "   0,00", "pvansj": "   0,00", "cand": [{"seq": "23", "n": "40000", "vap": "54", "pvap": "   1,13", "e": "N", "st": "Suplente"}, {"seq": "29", "n": "40555", "vap": "26", "pvap": "   0,54", "e": "N", "st": "Suplente"}, {"seq": "9", "n": "40222", "vap": "125", "pvap": "   2,61", "e": "S", "st": "Eleito"}, {"seq": "35", "n": "40400", "vap": "13", "pvap": "   0,27", "e": "N", "st": "Suplente"}, {"seq": "31", "n": "40456", "vap": "14", "pvap": "   0,29", "e": "N", "st": "Suplente"}, {"seq": "37", "n": "40040", "vap": "9", "pvap": "   0,19", "e": "N", "st": "Suplente"}, {"seq": "27", "n": "40444", "vap": "34", "pvap": "   0,71", "e": "N", "st": "Suplente"}, {"seq": "30", "n": "40123", "vap": "25", "pvap": "   0,52", "e": "N", "st": "Suplente"}, {"seq": "20", "n": "40777", "vap": "90", "pvap": "   1,88", "e": "N", "st": "Suplente"}, {"seq": "22", "n": "40567", "vap": "63", "pvap": "   1,31", "e": "N", "st": "Suplente"}, {"seq": "40", "n": "11333", "vap": "3", "pvap": "   0,06", "e": "N", "st": "Suplente"}, {"seq": "19", "n": "11321", "vap": "111", "pvap": "   2,32", "e": "N", "st": "Suplente"}, {"seq": "36", "n": "11100", "vap": "10", "pvap": "   0,21", "e": "N", "st": "Suplente"}, {"seq": "38", "n": "11456", "vap": "7", "pvap": "   0,15", "e": "N", "st": "Suplente"}, {"seq": "2", "n": "11111", "vap": "388", "pvap": "   8,10", "e": "S", "st": "Eleito"}, {"seq": "12", "n": "11222", "vap": "145", "pvap": "   3,03", "e": "N", "st": "Suplente"}, {"seq": "7", "n": "11234", "vap": "206", "pvap": "   4,30", "e": "S", "st": "Eleito"}, {"seq": "1", "n": "11000", "vap": "396", "pvap": "   8,26", "e": "S", "st": "Eleito"}, {"seq": "4", "n": "25555", "vap": "293", "pvap": "   6,11", "e": "S", "st": "Eleito"}, {"seq": "18", "n": "25456", "vap": "123", "pvap": "   2,57", "e": "N", "st": "Suplente"}, {"seq": "34", "n": "25711", "vap": "14", "pvap": "   0,29", "e": "N", "st": "Suplente"}, {"seq": "24", "n": "25641", "vap": "51", "pvap": "   1,06", "e": "N", "st": "Suplente"}, {"seq": "32", "n": "25345", "vap": "14", "pvap": "   0,29", "e": "N", "st": "Suplente"}, {"seq": "8", "n": "25123", "vap": "205", "pvap": "   4,28", "e": "S", "st": "Eleito"}, {"seq": "39", "n": "25110", "vap": "6", "pvap": "   0,13", "e": "N", "st": "Suplente"}, {"seq": "26", "n": "25678", "vap": "39", "pvap": "   0,81", "e": "N", "st": "Suplente"}, {"seq": "13", "n": "25625", "vap": "143", "pvap": "   2,98", "e": "N", "st": "Suplente"}, {"seq": "33", "n": "25444", "vap": "14", "pvap": "   0,29", "e": "N", "st": "Suplente"}, {"seq": "16", "n": "25000", "vap": "127", "pvap": "   2,65", "e": "N", "st": "Suplente"}, {"seq": "25", "n": "25333", "vap": "45", "pvap": "   0,94", "e": "N", "st": "Suplente"}, {"seq": "28", "n": "12222", "vap": "29", "pvap": "   0,61", "e": "N", "st": "Suplente"}, {"seq": "10", "n": "12625", "vap": "199", "pvap": "   4,15", "e": "N", "st": "Suplente"}, {"seq": "11", "n": "12012", "vap": "175", "pvap": "   3,65", "e": "N", "st": "Suplente"}, {"seq": "14", "n": "12000", "vap": "135", "pvap": "   2,82", "e": "N", "st": "Suplente"}, {"seq": "21", "n": "12220", "vap": "71", "pvap": "   1,48", "e": "N", "st": "Suplente"}, {"seq": "5", "n": "12333", "vap": "287", "pvap": "   5,99", "e": "S", "st": "Eleito"}, {"seq": "3", "n": "12555", "vap": "336", "pvap": "   7,01", "e": "S", "st": "Eleito"}, {"seq": "15", "n": "12345", "vap": "134", "pvap": "   2,80", "e": "N", "st": "Suplente"}, {"seq": "6", "n": "12777", "vap": "211", "pvap": "   4,40", "e": "S", "st": "Eleito"}, {"seq": "17", "n": "12344", "vap": "125", "pvap": "   2,61", "e": "N", "st": "Suplente"}]}]}