{"ele": "426", "carper": "13", "t": "1", "f": "O", "esae": "N", "mnae": " ", "dg": "15/11/2020", "hg": "23:02:21", "dv": "S", "nadf": "ba35718-c0013-e000426-003-f", "abr": [{"dt": "15/11/2020", "ht": "22:58:47", "tf": "S", "and": "F", "tpabr": "MU", "cdabr": "35718", "s": "55", "st": "55", "snt": "0", "si": "55", "sni": "0", "sa": "55", "sna": "0", "pst": " 100,00", "psnt": "   0,00", "psi": " 100,00", "psni": "   0,00", "psa": " 100,00", "psna": "   0,00", "e": "20406", "ea": "20406", "ena": "0", "esi": "20406", "esni": "0", "c": "15077", "a": "5329", "pea": " 100,00", "pena": "   0,00", "pesi": " 100,00", "pesni": "   0,00", "pa": "  26,11", "pc": "  73,89", "vscv": "0", "vnom": "13127", "vl": "933", "tv": "15077", "vvc": "14060", "vb": "203", "tvn": "814", "vn": "810", "vnt": "4", "vp": "0", "vv": "14060", "van": "0", "vansj": "0", "pvnom": "  93,36", "pvl": "   6,64", "pvvc": "  93,25", "pvb": "   1,35", "ptvn": "   5,40", "pvn": "  99,51", "pvnt": "   0,49", "pvp": "   0,00", "pvv": " 100,00", "pvan": "   0,00", "pvansj": "   0,00", "colig": [{"n": "50000064926", "tvtn": "1773", "tvan": "1773", "vag": "1", "tvtl": "45", "tval": "45"}, {"n": "50000149208", "tvtn": "14", "tvan": "14", "vag": "0", "tvtl": "8", "tval": "8"}, {"n": "50000149141", "tvtn": "3930", "tvan": "3930", "vag": "4", "tvtl": "359", "tval": "359"}, {"n": "50000111984", "tvtn": "1090", "tvan": "1090", "vag": "1", "tvtl": "35", "tval": "35"}, {"n": "50000138521", "tvtn": "3684", "tvan": "3684", "vag": "3", "tvtl": "374", "tval": "374"}, {"n": "50000098853", "tvtn": "1209", "tvan": "1209", "vag": "1", "tvtl": "43", "tval": "43"}, {"n": "50000138260", "tvtn": "1427", "tvan": "1431", "vag": "1", "tvtl": "69", "tval": "69"}], "part": [{"n": "27", "tvtn": "1773", "tvan": "1773", "tvtl": "45", "tval": "45"}, {"n": "70", "tvtn": "14", "tvan": "14", "tvtl": "8", "tval": "8"}, {"n": "11", "tvtn": "3930", "tvan": "3930", "tvtl": "359", "tval": "359"}, {"n": "40", "tvtn": "1090", "tvan": "1090", "tvtl": "35", "tval": "35"}, {"n": "55", "tvtn": "3684", "tvan": "3684", "tvtl": "374", "tval": "374"}, {"n": "10", "tvtn": "1209", "tvan": "1209", "tvtl": "43", "tval": "43"}, {"n": "13", "tvtn": "1427", "tvan": "1427", "tvtl": "69", "tval": "69"}], "cand": [{"seq": "26", "n": "27123", "vap": "217", "pvap": "   1,54", "e": "N", "st": "Suplente"}, {"seq": "57", "n": "27111", "vap": "19", "pvap": "   0,14", "e": "N", "st": "Suplente"}, {"seq": "20", "n": "27333", "vap": "292", "pvap": "   2,08", "e": "N", "st": "Suplente"}, {"seq": "17", "n": "27777", "vap": "357", "pvap": "   2,54", "e": "N", "st": "Suplente"}, {"seq": "22", "n": "27444", "vap": "257", "pvap": "   1,83", "e": "N", "st": "Suplente"}, {"seq": "8", "n": "27888", "vap": "443", "pvap": "   3,15", "e": "S", "st": "Eleito"}, {"seq": "44", "n": "27222", "vap": "57", "pvap": "   0,41", "e": "N", "st": "Suplente"}, {"seq": "48", "n": "27555", "vap": "42", "pvap": "   0,30", "e": "N", "st": "Suplente"}, {"seq": "49", "n": "27000", "vap": "38", "pvap": "   0,27", "e": "N", "st": "Suplente"}, {"seq": "46", "n": "27999", "vap": "51", "pvap": "   0,36", "e": "N", "st": "Suplente"}, {"seq": "72", "n": "70123", "vap": "4", "pvap": "   0,03", "e": "N", "st": "N\u00e3o eleito"}, {"seq": "71", "n": "70000", "vap": "8", "pvap": "   0,06", "e": "N", "st": "N\u00e3o eleito"}, {"seq": "73", "n": "70111", "vap": "2", "pvap": "   0,01", "e": "N", "st": "N\u00e3o eleito"}, {"seq": "6", "n": "11123", "vap": "463", "pvap": "   3,29", "e": "S", "st": "Eleito"}, {"seq": "1", "n": "11333", "vap": "791", "pvap": "   5,63", "e": "S", "st": "Eleito"}, {"seq": "32", "n": "11999", "vap": "148", "pvap": "   1,05", "e": "N", "st": "Suplente"}, {"seq": "33", "n": "11222", "vap": "131", "pvap": "   0,93", "e": "N", "st": "Suplente"}, {"seq": "43", "n": "11777", "vap": "67", "pvap": "   0,48", "e": "N", "st": "Suplente"}, {"seq": "38", "n": "11133", "vap": "99", "pvap": "   0,70", "e": "N", "st": "Suplente"}, {"seq": "7", "n": "11888", "vap": "450", "pvap": "   3,20", "e": "S", "st": "Eleito"}, {"seq": "47", "n": "11122", "vap": "49", "pvap": "   0,35", "e": "N", "st": "Suplente"}, {"seq": "64", "n": "11002", "vap": "5", "pvap": "   0,04", "e": "N", "st": "Suplente"}, {"seq": "19", "n": "11111", "vap": "305", "pvap": "   2,17", "e": "N", "st": "Suplente"}, {"seq": "65", "n": "11004", "vap": "5", "pvap": "   0,04", "e": "N", "st": "Suplente"}, {"seq": "60", "n": "11003", "vap": "9", "pvap": "   0,06", "e": "N", "st": "Suplente"}, {"seq": "14", "n": "11000", "vap": "396", "pvap": "   2,82", "e": "N", "st": "Suplente"}, {"seq": "23", "n": "11444", "vap": "256", "pvap": "   1,82", "e": "N", "st": "Suplente"}, {"seq": "68", "n": "11001", "vap": "4", "pvap": "   0,03", "e": "N", "st": "Suplente"}, {"seq": "3", "n": "11112", "vap": "635", "pvap": "   4,52", "e": "S", "st": "Eleito"}, {"seq": "36", "n": "11666", "vap": "117", "pvap": "   0,83", "e": "N", "st": "Suplente"}, {"seq": "39", "n": "40333", "vap": "77", "pvap": "   0,55", "e": "N", "st": "Suplente"}, {"seq": "56", "n": "40222", "vap": "20", "pvap": "   0,14", "e": "N", "st": "Suplente"}, {"seq": "27", "n": "40444", "vap": "209", "pvap": "   1,49", "e": "N", "st": "Suplente"}, {"seq": "69", "n": "40400", "vap": "4", "pvap": "   0,03", "e": "N", "st": "Suplente"}, {"seq": "51", "n": "40040", "vap": "34", "pvap": "   0,24", "e": "N", "st": "Suplente"}, {"seq": "11", "n": "40123", "vap": "266", "pvap": "   1,89", "e": "S", "st": "Eleito"}, {"seq": "42", "n": "40789", "vap": "67", "pvap": "   0,48", "e": "N", "st": "Suplente"}, {"seq": "25", "n": "40777", "vap": "225", "pvap": "   1,60", "e": "N", "st": "Suplente"}, {"seq": "31", "n": "40000", "vap": "160", "pvap": "   1,14", "e": "N", "st": "Suplente"}, {"seq": "52", "n": "40111", "vap": "28", "pvap": "   0,20", "e": "N", "st": "Suplente"}, {"seq": "66", "n": "55550", "vap": "4", "pvap": "   0,03", "e": "N", "st": "Suplente"}, {"seq": "13", "n": "55678", "vap": "420", "pvap": "   2,99", "e": "N", "st": "Suplente"}, {"seq": "4", "n": "55888", "vap": "597", "pvap": "   4,25", "e": "S", "st": "Eleito"}, {"seq": "5", "n": "55123", "vap": "535", "pvap": "   3,81", "e": "S", "st": "Eleito"}, {"seq": "55", "n": "55220", "vap": "22", "pvap": "   0,16", "e": "N", "st": "Suplente"}, {"seq": "53", "n": "55333", "vap": "23", "pvap": "   0,16", "e": "N", "st": "Suplente"}, {"seq": "12", "n": "55222", "vap": "514", "pvap": "   3,66", "e": "N", "st": "Suplente"}, {"seq": "16", "n": "55777", "vap": "362", "pvap": "   2,57", "e": "N", "st": "Suplente"}, {"seq": "15", "n": "55555", "vap": "382", "pvap": "   2,72", "e": "N", "st": "Suplente"}, {"seq": "54", "n": "55121", "vap": "23", "pvap": "   0,16", "e": "N", "st": "Suplente"}, {"seq": "37", "n": "55000", "vap": "114", "pvap": "   0,81", "e": "N", "st": "Suplente"}, {"seq": "2", "n": "55444", "vap": "688", "pvap": "   4,89", "e": "S", "st": "Eleito"}, {"seq": "40", "n": "10444", "vap": "74", "pvap": "   0,53", "e": "N", "st": "Suplente"}, {"seq": "61", "n": "10777", "vap": "8", "pvap": "   0,06", "e": "N", "st": "Suplente"}, {"seq": "62", "n": "10555", "vap": "6", "pvap": "   0,04", "e": "N", "st": "Suplente"}, {"seq": "41", "n": "10456", "vap": "71", "pvap": "   0,50", "e": "N", "st": "Suplente"}, {"seq": "67", "n": "10789", "vap": "4", "pvap": "   0,03", "e": "N", "st": "Suplente"}, {"seq": "24", "n": "10000", "vap": "239", "pvap": "   1,70", "e": "N", "st": "Suplente"}, {"seq": "29", "n": "10123", "vap": "183", "pvap": "   1,30", "e": "N", "st": "Suplente"}, {"seq": "34", "n": "10111", "vap": "131", "pvap": "   0,93", "e": "N", "st": "Suplente"}, {"seq": "9", "n": "10333", "vap": "368", "pvap": "   2,62", "e": "S", "st": "Eleito"}, {"seq": "35", "n": "10222", "vap": "125", "pvap": "   0,89", "e": "N", "st": "Suplente"}, {"seq": "59", "n": "13888", "vap": "10", "pvap": "   0,07", "e": "N", "st": "Suplente"}, {"seq": "45", "n": "13000", "vap": "55", "pvap": "   0,39", "e": "N", "st": "Suplente"}, {"seq": "21", "n": "13456", "vap": "290", "pvap": "   2,06", "e": "N", "st": "Suplente"}, {"seq": "28", "n": "13123", "vap": "194", "pvap": "   1,38", "e": "N", "st": "Suplente"}, {"seq": "63", "n": "13321", "vap": "5", "pvap": "   0,04", "e": "N", "st": "Suplente"}, {"seq": "10", "n": "13333", "vap": "327", "pvap": "   2,33", "e": "S", "st": "Eleito"}, {"seq": "30", "n": "13555", "vap": "174", "pvap": "   1,24", "e": "N", "st": "Suplente"}, {"seq": "50", "n": "13777", "vap": "35", "pvap": "   0,25", "e": "N", "st": "Suplente"}, {"seq": "58", "n": "13666", "vap": "16", "pvap": "   0,11", "e": "N", "st": "Suplente"}, {"seq": "70", "n": "13111", "vap": "2", "pvap": "   0,01", "e": "N", "st": "Suplente"}, {"seq": "18", "n": "13222", "vap": "319", "pvap": "   2,27", "e": "N", "st": "Suplente"}]}, {"dt": "15/11/2020", "ht": "22:58:47", "tf": "S", "and": "F", "tpabr": "ZONA", "cdabr": "146", "s": "55", "st": "55", "snt": "0", "si": "55", "sni": "0", "sa": "55", "sna": "0", "pst": " 100,00", "psnt": "   0,00", "psi": " 100,00", "psni": "   0,00", "psa": " 100,00", "psna": "   0,00", "e": "20406", "ea": "20406", "ena": "0", "esi": "20406", "esni": "0", "a": "5329", "c": "15077", "pea": " 100,00", "pena": "   0,00", "pesi": " 100,00", "pesni": "   0,00", "pa": "  26,11", "pc": "  73,89", "vnom": "13127", "vscv": "0", "vl": "933", "tv": "15077", "vvc": "14060", "vb": "203", "tvn": "814", "vn": "810", "vnt": "4", "vp": "0", "vv": "14060", "van": "0", "vansj": "0", "pvnom": "  93,36", "pvl": "   6,64", "pvvc": "  93,25", "pvb": "   1,35", "ptvn": "   5,40", "pvn": "  99,51", "pvnt": "   0,49", "pvp": "   0,00", "pvv": " 100,00", "pvan": "   0,00", "pvansj": "   0,00", "cand": [{"seq": "71", "n": "70000", "vap": "8", "pvap": "   0,06", "e": "N", "st": "N\u00e3o eleito"}, {"seq": "72", "n": "70123", "vap": "4", "pvap": "   0,03", "e": "N", "st": "N\u00e3o eleito"}, {"seq": "73", "n": "70111", "vap": "2", "pvap": "   0,01", "e": "N", "st": "N\u00e3o eleito"}, {"seq": "10", "n": "13333", "vap": "327", "pvap": "   2,33", "e": "S", "st": "Eleito"}, {"seq": "18", "n": "13222", "vap": "319", "pvap": "   2,27", "e": "N", "st": "Suplente"}, {"seq": "21", "n": "13456", "vap": "290", "pvap": "   2,06", "e": "N", "st": "Suplente"}, {"seq": "28", "n": "13123", "vap": "194", "pvap": "   1,38", "e": "N", "st": "Suplente"}, {"seq": "30", "n": "13555", "vap": "174", "pvap": "   1,24", "e": "N", "st": "Suplente"}, {"seq": "45", "n": "13000", "vap": "55", "pvap": "   0,39", "e": "N", "st": "Suplente"}, {"seq": "50", "n": "13777", "vap": "35", "pvap": "   0,25", "e": "N", "st": "Suplente"}, {"seq": "58", "n": "13666", "vap": "16", "pvap": "   0,11", "e": "N", "st": "Suplente"}, {"seq": "59", "n": "13888", "vap": "10", "pvap": "   0,07", "e": "N", "st": "Suplente"}, {"seq": "63", "n": "13321", "vap": "5", "pvap": "   0,04", "e": "N", "st": "Suplente"}, {"seq": "70", "n": "13111", "vap": "2", "pvap": "   0,01", "e": "N", "st": "Suplente"}, {"seq": "1", "n": "11333", "vap": "791", "pvap": "   5,63", "e": "S", "st": "Eleito"}, {"seq": "3", "n": "11112", "vap": "635", "pvap": "   4,52", "e": "S", "st": "Eleito"}, {"seq": "6", "n": "11123", "vap": "463", "pvap": "   3,29", "e": "S", "st": "Eleito"}, {"seq": "7", "n": "11888", "vap": "450", "pvap": "   3,20", "e": "S", "st": "Eleito"}, {"seq": "14", "n": "11000", "vap": "396", "pvap": "   2,82", "e": "N", "st": "Suplente"}, {"seq": "19", "n": "11111", "vap": "305", "pvap": "   2,17", "e": "N", "st": "Suplente"}, {"seq": "23", "n": "11444", "vap": "256", "pvap": "   1,82", "e": "N", "st": "Suplente"}, {"seq": "32", "n": "11999", "vap": "148", "pvap": "   1,05", "e": "N", "st": "Suplente"}, {"seq": "33", "n": "11222", "vap": "131", "pvap": "   0,93", "e": "N", "st": "Suplente"}, {"seq": "36", "n": "11666", "vap": "117", "pvap": "   0,83", "e": "N", "st": "Suplente"}, {"seq": "38", "n": "11133", "vap": "99", "pvap": "   0,70", "e": "N", "st": "Suplente"}, {"seq": "43", "n": "11777", "vap": "67", "pvap": "   0,48", "e": "N", "st": "Suplente"}, {"seq": "47", "n": "11122", "vap": "49", "pvap": "   0,35", "e": "N", "st": "Suplente"}, {"seq": "60", "n": "11003", "vap": "9", "pvap": "   0,06", "e": "N", "st": "Suplente"}, {"seq": "64", "n": "11002", "vap": "5", "pvap": "   0,04", "e": "N", "st": "Suplente"}, {"seq": "65", "n": "11004", "vap": "5", "pvap": "   0,04", "e": "N", "st": "Suplente"}, {"seq": "68", "n": "11001", "vap": "4", "pvap": "   0,03", "e": "N", "st": "Suplente"}, {"seq": "8", "n": "27888", "vap": "443", "pvap": "   3,15", "e": "S", "st": "Eleito"}, {"seq": "17", "n": "27777", "vap": "357", "pvap": "   2,54", "e": "N", "st": "Suplente"}, {"seq": "20", "n": "27333", "vap": "292", "pvap": "   2,08", "e": "N", "st": "Suplente"}, {"seq": "22", "n": "27444", "vap": "257", "pvap": "   1,83", "e": "N", "st": "Suplente"}, {"seq": "26", "n": "27123", "vap": "217", "pvap": "   1,54", "e": "N", "st": "Suplente"}, {"seq": "44", "n": "27222", "vap": "57", "pvap": "   0,41", "e": "N", "st": "Suplente"}, {"seq": "46", "n": "27999", "vap": "51", "pvap": "   0,36", "e": "N", "st": "Suplente"}, {"seq": "48", "n": "27555", "vap": "42", "pvap": "   0,30", "e": "N", "st": "Suplente"}, {"seq": "49", "n": "27000", "vap": "38", "pvap": "   0,27", "e": "N", "st": "Suplente"}, {"seq": "57", "n": "27111", "vap": "19", "pvap": "   0,14", "e": "N", "st": "Suplente"}, {"seq": "2", "n": "55444", "vap": "688", "pvap": "   4,89", "e": "S", "st": "Eleito"}, {"seq": "4", "n": "55888", "vap": "597", "pvap": "   4,25", "e": "S", "st": "Eleito"}, {"seq": "5", "n": "55123", "vap": "535", "pvap": "   3,81", "e": "S", "st": "Eleito"}, {"seq": "12", "n": "55222", "vap": "514", "pvap": "   3,66", "e": "N", "st": "Suplente"}, {"seq": "13", "n": "55678", "vap": "420", "pvap": "   2,99", "e": "N", "st": "Suplente"}, {"seq": "15", "n": "55555", "vap": "382", "pvap": "   2,72", "e": "N", "st": "Suplente"}, {"seq": "16", "n": "55777", "vap": "362", "pvap": "   2,57", "e": "N", "st": "Suplente"}, {"seq": "37", "n": "55000", "vap": "114", "pvap": "   0,81", "e": "N", "st": "Suplente"}, {"seq": "53", "n": "55333", "vap": "23", "pvap": "   0,16", "e": "N", "st": "Suplente"}, {"seq": "54", "n": "55121", "vap": "23", "pvap": "   0,16", "e": "N", "st": "Suplente"}, {"seq": "55", "n": "55220", "vap": "22", "pvap": "   0,16", "e": "N", "st": "Suplente"}, {"seq": "66", "n": "55550", "vap": "4", "pvap": "   0,03", "e": "N", "st": "Suplente"}, {"seq": "11", "n": "40123", "vap": "266", "pvap": "   1,89", "e": "S", "st": "Eleito"}, {"seq": "25", "n": "40777", "vap": "225", "pvap": "   1,60", "e": "N", "st": "Suplente"}, {"seq": "27", "n": "40444", "vap": "209", "pvap": "   1,49", "e": "N", "st": "Suplente"}, {"seq": "31", "n": "40000", "vap": "160", "pvap": "   1,14", "e": "N", "st": "Suplente"}, {"seq": "39", "n": "40333", "vap": "77", "pvap": "   0,55", "e": "N", "st": "Suplente"}, {"seq": "42", "n": "40789", "vap": "67", "pvap": "   0,48", "e": "N", "st": "Suplente"}, {"seq": "51", "n": "40040", "vap": "34", "pvap": "   0,24", "e": "N", "st": "Suplente"}, {"seq": "52", "n": "40111", "vap": "28", "pvap": "   0,20", "e": "N", "st": "Suplente"}, {"seq": "56", "n": "40222", "vap": "20", "pvap": "   0,14", "e": "N", "st": "Suplente"}, {"seq": "69", "n": "40400", "vap": "4", "pvap": "   0,03", "e": "N", "st": "Suplente"}, {"seq": "9", "n": "10333", "vap": "368", "pvap": "   2,62", "e": "S", "st": "Eleito"}, {"seq": "24", "n": "10000", "vap": "239", "pvap": "   1,70", "e": "N", "st": "Suplente"}, {"seq": "29", "n": "10123", "vap": "183", "pvap": "   1,30", "e": "N", "st": "Suplente"}, {"seq": "34", "n": "10111", "vap": "131", "pvap": "   0,93", "e": "N", "st": "Suplente"}, {"seq": "35", "n": "10222", "vap": "125", "pvap": "   0,89", "e": "N", "st": "Suplente"}, {"seq": "40", "n": "10444", "vap": "74", "pvap": "   0,53", "e": "N", "st": "Suplente"}, {"seq": "41", "n": "10456", "vap": "71", "pvap": "   0,50", "e": "N", "st": "Suplente"}, {"seq": "61", "n": "10777", "vap": "8", "pvap": "   0,06", "e": "N", "st": "Suplente"}, {"seq": "62", "n": "10555", "vap": "6", "pvap": "   0,04", "e": "N", "st": "Suplente"}, {"seq": "67", "n": "10789", "vap": "4", "pvap": "   0,03", "e": "N", "st": "Suplente"}]}]}