{"ele": "426", "carper": "13", "t": "1", "f": "O", "esae": "N", "mnae": " ", "dg": "15/11/2020", "hg": "22:14:47", "dv": "S", "nadf": "ba35076-c0013-e000426-002-f", "abr": [{"dt": "15/11/2020", "ht": "20:53:03", "tf": "S", "and": "F", "tpabr": "MU", "cdabr": "35076", "s": "40", "st": "40", "snt": "0", "si": "40", "sni": "0", "sa": "40", "sna": "0", "pst": " 100,00", "psnt": "   0,00", "psi": " 100,00", "psni": "   0,00", "psa": " 100,00", "psna": "   0,00", "e": "15199", "ea": "15199", "ena": "0", "esi": "15199", "esni": "0", "c": "12507", "a": "2692", "pea": " 100,00", "pena": "   0,00", "pesi": " 100,00", "pesni": "   0,00", "pa": "  17,71", "pc": "  82,29", "vscv": "0", "vnom": "10806", "vl": "991", "tv": "12507", "vvc": "11797", "vb": "122", "tvn": "588", "vn": "588", "vnt": "0", "vp": "0", "vv": "11797", "van": "0", "vansj": "0", "pvnom": "  91,60", "pvl": "   8,40", "pvvc": "  94,32", "pvb": "   0,98", "ptvn": "   4,70", "pvn": " 100,00", "pvnt": "   0,00", "pvp": "   0,00", "pvv": " 100,00", "pvan": "   0,00", "pvansj": "   0,00", "colig": [{"n": "50000141080", "tvtn": "197", "tvan": "197", "vag": "0", "tvtl": "0", "tval": "0"}, {"n": "50000094363", "tvtn": "2013", "tvan": "2013", "vag": "2", "tvtl": "104", "tval": "104"}, {"n": "50000143971", "tvtn": "830", "tvan": "830", "vag": "1", "tvtl": "106", "tval": "106"}, {"n": "50000115474", "tvtn": "4236", "tvan": "4236", "vag": "5", "tvtl": "398", "tval": "398"}, {"n": "50000094549", "tvtn": "2880", "tvan": "2880", "vag": "3", "tvtl": "351", "tval": "351"}, {"n": "50000114819", "tvtn": "650", "tvan": "650", "vag": "0", "tvtl": "32", "tval": "32"}], "part": [{"n": "70", "tvtn": "197", "tvan": "197", "tvtl": "0", "tval": "0"}, {"n": "11", "tvtn": "2013", "tvan": "2013", "tvtl": "104", "tval": "104"}, {"n": "12", "tvtn": "830", "tvan": "830", "tvtl": "106", "tval": "106"}, {"n": "65", "tvtn": "4236", "tvan": "4236", "tvtl": "398", "tval": "398"}, {"n": "55", "tvtn": "2880", "tvan": "2880", "tvtl": "351", "tval": "351"}, {"n": "13", "tvtn": "650", "tvan": "650", "tvtl": "32", "tval": "32"}], "cand": [{"seq": "53", "n": "70777", "vap": "79", "pvap": "   0,67", "e": "N", "st": "N\u00e3o eleito"}, {"seq": "60", "n": "70444", "vap": "40", "pvap": "   0,34", "e": "N", "st": "N\u00e3o eleito"}, {"seq": "70", "n": "70789", "vap": "7", "pvap": "   0,06", "e": "N", "st": "N\u00e3o eleito"}, {"seq": "64", "n": "70123", "vap": "29", "pvap": "   0,25", "e": "N", "st": "N\u00e3o eleito"}, {"seq": "61", "n": "70000", "vap": "38", "pvap": "   0,32", "e": "N", "st": "N\u00e3o eleito"}, {"seq": "71", "n": "70888", "vap": "4", "pvap": "   0,03", "e": "N", "st": "N\u00e3o eleito"}, {"seq": "40", "n": "11123", "vap": "44", "pvap": "   0,37", "e": "N", "st": "Suplente"}, {"seq": "38", "n": "11567", "vap": "46", "pvap": "   0,39", "e": "N", "st": "Suplente"}, {"seq": "23", "n": "11555", "vap": "202", "pvap": "   1,71", "e": "N", "st": "Suplente"}, {"seq": "17", "n": "11777", "vap": "292", "pvap": "   2,48", "e": "N", "st": "Suplente"}, {"seq": "11", "n": "11333", "vap": "327", "pvap": "   2,77", "e": "S", "st": "Eleito"}, {"seq": "34", "n": "11234", "vap": "53", "pvap": "   0,45", "e": "N", "st": "Suplente"}, {"seq": "20", "n": "11222", "vap": "238", "pvap": "   2,02", "e": "N", "st": "Suplente"}, {"seq": "37", "n": "11223", "vap": "47", "pvap": "   0,40", "e": "N", "st": "Suplente"}, {"seq": "9", "n": "11000", "vap": "330", "pvap": "   2,80", "e": "S", "st": "Eleito"}, {"seq": "15", "n": "11456", "vap": "315", "pvap": "   2,67", "e": "N", "st": "Suplente"}, {"seq": "26", "n": "11444", "vap": "119", "pvap": "   1,01", "e": "N", "st": "Suplente"}, {"seq": "4", "n": "12111", "vap": "500", "pvap": "   4,24", "e": "S", "st": "Eleito"}, {"seq": "48", "n": "12444", "vap": "14", "pvap": "   0,12", "e": "N", "st": "Suplente"}, {"seq": "39", "n": "12500", "vap": "45", "pvap": "   0,38", "e": "N", "st": "Suplente"}, {"seq": "44", "n": "12555", "vap": "24", "pvap": "   0,20", "e": "N", "st": "Suplente"}, {"seq": "46", "n": "12000", "vap": "21", "pvap": "   0,18", "e": "N", "st": "Suplente"}, {"seq": "35", "n": "12456", "vap": "53", "pvap": "   0,45", "e": "N", "st": "Suplente"}, {"seq": "45", "n": "12333", "vap": "22", "pvap": "   0,19", "e": "N", "st": "Suplente"}, {"seq": "33", "n": "12222", "vap": "82", "pvap": "   0,70", "e": "N", "st": "Suplente"}, {"seq": "43", "n": "12345", "vap": "32", "pvap": "   0,27", "e": "N", "st": "Suplente"}, {"seq": "41", "n": "12112", "vap": "37", "pvap": "   0,31", "e": "N", "st": "Suplente"}, {"seq": "6", "n": "65444", "vap": "440", "pvap": "   3,73", "e": "S", "st": "Eleito"}, {"seq": "28", "n": "65411", "vap": "108", "pvap": "   0,92", "e": "N", "st": "Suplente"}, {"seq": "22", "n": "65000", "vap": "215", "pvap": "   1,82", "e": "N", "st": "Suplente"}, {"seq": "50", "n": "65852", "vap": "7", "pvap": "   0,06", "e": "N", "st": "Suplente"}, {"seq": "13", "n": "65456", "vap": "322", "pvap": "   2,73", "e": "N", "st": "Suplente"}, {"seq": "8", "n": "65800", "vap": "408", "pvap": "   3,46", "e": "S", "st": "Eleito"}, {"seq": "10", "n": "65222", "vap": "328", "pvap": "   2,78", "e": "S", "st": "Eleito"}, {"seq": "14", "n": "65789", "vap": "319", "pvap": "   2,70", "e": "N", "st": "Suplente"}, {"seq": "24", "n": "65500", "vap": "139", "pvap": "   1,18", "e": "N", "st": "Suplente"}, {"seq": "19", "n": "65666", "vap": "262", "pvap": "   2,22", "e": "N", "st": "Suplente"}, {"seq": "3", "n": "65111", "vap": "528", "pvap": "   4,48", "e": "S", "st": "Eleito"}, {"seq": "21", "n": "65123", "vap": "236", "pvap": "   2,00", "e": "N", "st": "Suplente"}, {"seq": "32", "n": "65999", "vap": "83", "pvap": "   0,70", "e": "N", "st": "Suplente"}, {"seq": "18", "n": "65555", "vap": "290", "pvap": "   2,46", "e": "N", "st": "Suplente"}, {"seq": "42", "n": "65122", "vap": "37", "pvap": "   0,31", "e": "N", "st": "Suplente"}, {"seq": "7", "n": "65888", "vap": "428", "pvap": "   3,63", "e": "S", "st": "Eleito"}, {"seq": "31", "n": "65777", "vap": "86", "pvap": "   0,73", "e": "N", "st": "Suplente"}, {"seq": "2", "n": "55222", "vap": "540", "pvap": "   4,58", "e": "S", "st": "Eleito"}, {"seq": "25", "n": "55525", "vap": "132", "pvap": "   1,12", "e": "N", "st": "Suplente"}, {"seq": "5", "n": "55333", "vap": "483", "pvap": "   4,09", "e": "S", "st": "Eleito"}, {"seq": "47", "n": "55666", "vap": "18", "pvap": "   0,15", "e": "N", "st": "Suplente"}, {"seq": "30", "n": "55444", "vap": "88", "pvap": "   0,75", "e": "N", "st": "Suplente"}, {"seq": "16", "n": "55880", "vap": "302", "pvap": "   2,56", "e": "N", "st": "Suplente"}, {"seq": "27", "n": "55111", "vap": "115", "pvap": "   0,97", "e": "N", "st": "Suplente"}, {"seq": "49", "n": "55777", "vap": "12", "pvap": "   0,10", "e": "N", "st": "Suplente"}, {"seq": "12", "n": "55888", "vap": "467", "pvap": "   3,96", "e": "N", "st": "Suplente"}, {"seq": "1", "n": "55555", "vap": "571", "pvap": "   4,84", "e": "S", "st": "Eleito"}, {"seq": "29", "n": "55123", "vap": "103", "pvap": "   0,87", "e": "N", "st": "Suplente"}, {"seq": "36", "n": "55336", "vap": "49", "pvap": "   0,42", "e": "N", "st": "Suplente"}, {"seq": "57", "n": "13678", "vap": "53", "pvap": "   0,45", "e": "N", "st": "N\u00e3o eleito"}, {"seq": "69", "n": "13567", "vap": "7", "pvap": "   0,06", "e": "N", "st": "N\u00e3o eleito"}, {"seq": "54", "n": "13000", "vap": "71", "pvap": "   0,60", "e": "N", "st": "N\u00e3o eleito"}, {"seq": "65", "n": "13300", "vap": "24", "pvap": "   0,20", "e": "N", "st": "N\u00e3o eleito"}, {"seq": "52", "n": "13111", "vap": "80", "pvap": "   0,68", "e": "N", "st": "N\u00e3o eleito"}, {"seq": "58", "n": "13333", "vap": "43", "pvap": "   0,36", "e": "N", "st": "N\u00e3o eleito"}, {"seq": "56", "n": "13555", "vap": "58", "pvap": "   0,49", "e": "N", "st": "N\u00e3o eleito"}, {"seq": "51", "n": "13444", "vap": "98", "pvap": "   0,83", "e": "N", "st": "N\u00e3o eleito"}, {"seq": "68", "n": "13222", "vap": "13", "pvap": "   0,11", "e": "N", "st": "N\u00e3o eleito"}, {"seq": "67", "n": "13131", "vap": "16", "pvap": "   0,14", "e": "N", "st": "N\u00e3o eleito"}, {"seq": "55", "n": "13234", "vap": "60", "pvap": "   0,51", "e": "N", "st": "N\u00e3o eleito"}, {"seq": "63", "n": "13123", "vap": "32", "pvap": "   0,27", "e": "N", "st": "N\u00e3o eleito"}, {"seq": "59", "n": "13456", "vap": "43", "pvap": "   0,36", "e": "N", "st": "N\u00e3o eleito"}, {"seq": "66", "n": "13888", "vap": "17", "pvap": "   0,14", "e": "N", "st": "N\u00e3o eleito"}, {"seq": "62", "n": "13777", "vap": "35", "pvap": "   0,30", "e": "N", "st": "N\u00e3o eleito"}]}, {"dt": "15/11/2020", "ht": "20:53:03", "tf": "S", "and": "F", "tpabr": "ZONA", "cdabr": "152", "s": "40", "st": "40", "snt": "0", "si": "40", "sni": "0", "sa": "40", "sna": "0", "pst": " 100,00", "psnt": "   0,00", "psi": " 100,00", "psni": "   0,00", "psa": " 100,00", "psna": "   0,00", "e": "15199", "ea": "15199", "ena": "0", "esi": "15199", "esni": "0", "a": "2692", "c": "12507", "pea": " 100,00", "pena": "   0,00", "pesi": " 100,00", "pesni": "   0,00", "pa": "  17,71", "pc": "  82,29", "vnom": "10806", "vscv": "0", "vl": "991", "tv": "12507", "vvc": "11797", "vb": "122", "tvn": "588", "vn": "588", "vnt": "0", "vp": "0", "vv": "11797", "van": "0", "vansj": "0", "pvnom": "  91,60", "pvl": "   8,40", "pvvc": "  94,32", "pvb": "   0,98", "ptvn": "   4,70", "pvn": " 100,00", "pvnt": "   0,00", "pvp": "   0,00", "pvv": " 100,00", "pvan": "   0,00", "pvansj": "   0,00", "cand": [{"seq": "64", "n": "70123", "vap": "29", "pvap": "   0,25", "e": "N", "st": "N\u00e3o eleito"}, {"seq": "60", "n": "70444", "vap": "40", "pvap": "   0,34", "e": "N", "st": "N\u00e3o eleito"}, {"seq": "70", "n": "70789", "vap": "7", "pvap": "   0,06", "e": "N", "st": "N\u00e3o eleito"}, {"seq": "71", "n": "70888", "vap": "4", "pvap": "   0,03", "e": "N", "st": "N\u00e3o eleito"}, {"seq": "61", "n": "70000", "vap": "38", "pvap": "   0,32", "e": "N", "st": "N\u00e3o eleito"}, {"seq": "53", "n": "70777", "vap": "79", "pvap": "   0,67", "e": "N", "st": "N\u00e3o eleito"}, {"seq": "20", "n": "11222", "vap": "238", "pvap": "   2,02", "e": "N", "st": "Suplente"}, {"seq": "40", "n": "11123", "vap": "44", "pvap": "   0,37", "e": "N", "st": "Suplente"}, {"seq": "9", "n": "11000", "vap": "330", "pvap": "   2,80", "e": "S", "st": "Eleito"}, {"seq": "37", "n": "11223", "vap": "47", "pvap": "   0,40", "e": "N", "st": "Suplente"}, {"seq": "26", "n": "11444", "vap": "119", "pvap": "   1,01", "e": "N", "st": "Suplente"}, {"seq": "38", "n": "11567", "vap": "46", "pvap": "   0,39", "e": "N", "st": "Suplente"}, {"seq": "15", "n": "11456", "vap": "315", "pvap": "   2,67", "e": "N", "st": "Suplente"}, {"seq": "23", "n": "11555", "vap": "202", "pvap": "   1,71", "e": "N", "st": "Suplente"}, {"seq": "17", "n": "11777", "vap": "292", "pvap": "   2,48", "e": "N", "st": "Suplente"}, {"seq": "11", "n": "11333", "vap": "327", "pvap": "   2,77", "e": "S", "st": "Eleito"}, {"seq": "34", "n": "11234", "vap": "53", "pvap": "   0,45", "e": "N", "st": "Suplente"}, {"seq": "32", "n": "65999", "vap": "83", "pvap": "   0,70", "e": "N", "st": "Suplente"}, {"seq": "42", "n": "65122", "vap": "37", "pvap": "   0,31", "e": "N", "st": "Suplente"}, {"seq": "21", "n": "65123", "vap": "236", "pvap": "   2,00", "e": "N", "st": "Suplente"}, {"seq": "19", "n": "65666", "vap": "262", "pvap": "   2,22", "e": "N", "st": "Suplente"}, {"seq": "31", "n": "65777", "vap": "86", "pvap": "   0,73", "e": "N", "st": "Suplente"}, {"seq": "50", "n": "65852", "vap": "7", "pvap": "   0,06", "e": "N", "st": "Suplente"}, {"seq": "8", "n": "65800", "vap": "408", "pvap": "   3,46", "e": "S", "st": "Eleito"}, {"seq": "10", "n": "65222", "vap": "328", "pvap": "   2,78", "e": "S", "st": "Eleito"}, {"seq": "24", "n": "65500", "vap": "139", "pvap": "   1,18", "e": "N", "st": "Suplente"}, {"seq": "18", "n": "65555", "vap": "290", "pvap": "   2,46", "e": "N", "st": "Suplente"}, {"seq": "14", "n": "65789", "vap": "319", "pvap": "   2,70", "e": "N", "st": "Suplente"}, {"seq": "3", "n": "65111", "vap": "528", "pvap": "   4,48", "e": "S", "st": "Eleito"}, {"seq": "13", "n": "65456", "vap": "322", "pvap": "   2,73", "e": "N", "st": "Suplente"}, {"seq": "7", "n": "65888", "vap": "428", "pvap": "   3,63", "e": "S", "st": "Eleito"}, {"seq": "6", "n": "65444", "vap": "440", "pvap": "   3,73", "e": "S", "st": "Eleito"}, {"seq": "22", "n": "65000", "vap": "215", "pvap": "   1,82", "e": "N", "st": "Suplente"}, {"seq": "28", "n": "65411", "vap": "108", "pvap": "   0,92", "e": "N", "st": "Suplente"}, {"seq": "41", "n": "12112", "vap": "37", "pvap": "   0,31", "e": "N", "st": "Suplente"}, {"seq": "44", "n": "12555", "vap": "24", "pvap": "   0,20", "e": "N", "st": "Suplente"}, {"seq": "35", "n": "12456", "vap": "53", "pvap": "   0,45", "e": "N", "st": "Suplente"}, {"seq": "43", "n": "12345", "vap": "32", "pvap": "   0,27", "e": "N", "st": "Suplente"}, {"seq": "39", "n": "12500", "vap": "45", "pvap": "   0,38", "e": "N", "st": "Suplente"}, {"seq": "48", "n": "12444", "vap": "14", "pvap": "   0,12", "e": "N", "st": "Suplente"}, {"seq": "33", "n": "12222", "vap": "82", "pvap": "   0,70", "e": "N", "st": "Suplente"}, {"seq": "4", "n": "12111", "vap": "500", "pvap": "   4,24", "e": "S", "st": "Eleito"}, {"seq": "46", "n": "12000", "vap": "21", "pvap": "   0,18", "e": "N", "st": "Suplente"}, {"seq": "45", "n": "12333", "vap": "22", "pvap": "   0,19", "e": "N", "st": "Suplente"}, {"seq": "69", "n": "13567", "vap": "7", "pvap": "   0,06", "e": "N", "st": "N\u00e3o eleito"}, {"seq": "58", "n": "13333", "vap": "43", "pvap": "   0,36", "e": "N", "st": "N\u00e3o eleito"}, {"seq": "62", "n": "13777", "vap": "35", "pvap": "   0,30", "e": "N", "st": "N\u00e3o eleito"}, {"seq": "57", "n": "13678", "vap": "53", "pvap": "   0,45", "e": "N", "st": "N\u00e3o eleito"}, {"seq": "56", "n": "13555", "vap": "58", "pvap": "   0,49", "e": "N", "st": "N\u00e3o eleito"}, {"seq": "59", "n": "13456", "vap": "43", "pvap": "   0,36", "e": "N", "st": "N\u00e3o eleito"}, {"seq": "68", "n": "13222", "vap": "13", "pvap": "   0,11", "e": "N", "st": "N\u00e3o eleito"}, {"seq": "51", "n": "13444", "vap": "98", "pvap": "   0,83", "e": "N", "st": "N\u00e3o eleito"}, {"seq": "55", "n": "13234", "vap": "60", "pvap": "   0,51", "e": "N", "st": "N\u00e3o eleito"}, {"seq": "67", "n": "13131", "vap": "16", "pvap": "   0,14", "e": "N", "st": "N\u00e3o eleito"}, {"seq": "63", "n": "13123", "vap": "32", "pvap": "   0,27", "e": "N", "st": "N\u00e3o eleito"}, {"seq": "54", "n": "13000", "vap": "71", "pvap": "   0,60", "e": "N", "st": "N\u00e3o eleito"}, {"seq": "66", "n": "13888", "vap": "17", "pvap": "   0,14", "e": "N", "st": "N\u00e3o eleito"}, {"seq": "52", "n": "13111", "vap": "80", "pvap": "   0,68", "e": "N", "st": "N\u00e3o eleito"}, {"seq": "65", "n": "13300", "vap": "24", "pvap": "   0,20", "e": "N", "st": "N\u00e3o eleito"}, {"seq": "30", "n": "55444", "vap": "88", "pvap": "   0,75", "e": "N", "st": "Suplente"}, {"seq": "2", "n": "55222", "vap": "540", "pvap": "   4,58", "e": "S", "st": "Eleito"}, {"seq": "27", "n": "55111", "vap": "115", "pvap": "   0,97", "e": "N", "st": "Suplente"}, {"seq": "12", "n": "55888", "vap": "467", "pvap": "   3,96", "e": "N", "st": "Suplente"}, {"seq": "29", "n": "55123", "vap": "103", "pvap": "   0,87", "e": "N", "st": "Suplente"}, {"seq": "49", "n": "55777", "vap": "12", "pvap": "   0,10", "e": "N", "st": "Suplente"}, {"seq": "47", "n": "55666", "vap": "18", "pvap": "   0,15", "e": "N", "st": "Suplente"}, {"seq": "1", "n": "55555", "vap": "571", "pvap": "   4,84", "e": "S", "st": "Eleito"}, {"seq": "16", "n": "55880", "vap": "302", "pvap": "   2,56", "e": "N", "st": "Suplente"}, {"seq": "36", "n": "55336", "vap": "49", "pvap": "   0,42", "e": "N", "st": "Suplente"}, {"seq": "5", "n": "55333", "vap": "483", "pvap": "   4,09", "e": "S", "st": "Eleito"}, {"seq": "25", "n": "55525", "vap": "132", "pvap": "   1,12", "e": "N", "st": "Suplente"}]}]}