{"ele": "426", "carper": "13", "t": "1", "f": "O", "esae": "N", "mnae": " ", "dg": "15/11/2020", "hg": "23:31:29", "dv": "S", "nadf": "ba37770-c0013-e000426-002-f", "abr": [{"dt": "15/11/2020", "ht": "23:05:37", "tf": "S", "and": "F", "tpabr": "MU", "cdabr": "37770", "s": "52", "st": "52", "snt": "0", "si": "52", "sni": "0", "sa": "52", "sna": "0", "pst": " 100,00", "psnt": "   0,00", "psi": " 100,00", "psni": "   0,00", "psa": " 100,00", "psna": "   0,00", "e": "22114", "ea": "22114", "ena": "0", "esi": "22114", "esni": "0", "c": "17985", "a": "4129", "pea": " 100,00", "pena": "   0,00", "pesi": " 100,00", "pesni": "   0,00", "pa": "  18,67", "pc": "  81,33", "vscv": "0", "vnom": "15703", "vl": "1148", "tv": "17985", "vvc": "16851", "vb": "254", "tvn": "880", "vn": "880", "vnt": "0", "vp": "0", "vv": "16851", "van": "0", "vansj": "0", "pvnom": "  93,19", "pvl": "   6,81", "pvvc": "  93,69", "pvb": "   1,42", "ptvn": "   4,89", "pvn": " 100,00", "pvnt": "   0,00", "pvp": "   0,00", "pvv": " 100,00", "pvan": "   0,00", "pvansj": "   0,00", "colig": [{"n": "50000151271", "tvtn": "311", "tvan": "311", "vag": "0", "tvtl": "55", "tval": "55"}, {"n": "50000136073", "tvtn": "6192", "tvan": "6192", "vag": "5", "tvtl": "541", "tval": "541"}, {"n": "50000151225", "tvtn": "7137", "tvan": "7137", "vag": "5", "tvtl": "464", "tval": "464"}, {"n": "50000135790", "tvtn": "2063", "tvan": "2063", "vag": "1", "tvtl": "88", "tval": "88"}], "part": [{"n": "25", "tvtn": "311", "tvan": "311", "tvtl": "55", "tval": "55"}, {"n": "90", "tvtn": "6192", "tvan": "6192", "tvtl": "541", "tval": "541"}, {"n": "55", "tvtn": "7137", "tvan": "7137", "tvtl": "464", "tval": "464"}, {"n": "13", "tvtn": "2063", "tvan": "2063", "tvtl": "88", "tval": "88"}], "cand": [{"seq": "43", "n": "25111", "vap": "87", "pvap": "   0,52", "e": "N", "st": "N\u00e3o eleito"}, {"seq": "48", "n": "25678", "vap": "15", "pvap": "   0,09", "e": "N", "st": "N\u00e3o eleito"}, {"seq": "50", "n": "25000", "vap": "11", "pvap": "   0,07", "e": "N", "st": "N\u00e3o eleito"}, {"seq": "44", "n": "25777", "vap": "74", "pvap": "   0,44", "e": "N", "st": "N\u00e3o eleito"}, {"seq": "47", "n": "25100", "vap": "31", "pvap": "   0,18", "e": "N", "st": "N\u00e3o eleito"}, {"seq": "45", "n": "25700", "vap": "44", "pvap": "   0,26", "e": "N", "st": "N\u00e3o eleito"}, {"seq": "49", "n": "25123", "vap": "13", "pvap": "   0,08", "e": "N", "st": "N\u00e3o eleito"}, {"seq": "46", "n": "25555", "vap": "36", "pvap": "   0,21", "e": "N", "st": "N\u00e3o eleito"}, {"seq": "10", "n": "90555", "vap": "562", "pvap": "   3,34", "e": "S", "st": "Eleito"}, {"seq": "15", "n": "90444", "vap": "389", "pvap": "   2,31", "e": "N", "st": "Suplente"}, {"seq": "36", "n": "90789", "vap": "45", "pvap": "   0,27", "e": "N", "st": "Suplente"}, {"seq": "7", "n": "90777", "vap": "731", "pvap": "   4,34", "e": "S", "st": "Eleito"}, {"seq": "24", "n": "90633", "vap": "146", "pvap": "   0,87", "e": "N", "st": "Suplente"}, {"seq": "16", "n": "90456", "vap": "381", "pvap": "   2,26", "e": "N", "st": "Suplente"}, {"seq": "2", "n": "90000", "vap": "1110", "pvap": "   6,59", "e": "S", "st": "Eleito"}, {"seq": "25", "n": "90999", "vap": "145", "pvap": "   0,86", "e": "N", "st": "Suplente"}, {"seq": "39", "n": "90567", "vap": "24", "pvap": "   0,14", "e": "N", "st": "Suplente"}, {"seq": "22", "n": "90900", "vap": "241", "pvap": "   1,43", "e": "N", "st": "Suplente"}, {"seq": "3", "n": "90111", "vap": "938", "pvap": "   5,57", "e": "S", "st": "Eleito"}, {"seq": "29", "n": "90369", "vap": "133", "pvap": "   0,79", "e": "N", "st": "Suplente"}, {"seq": "33", "n": "90222", "vap": "121", "pvap": "   0,72", "e": "N", "st": "Suplente"}, {"seq": "19", "n": "90321", "vap": "269", "pvap": "   1,60", "e": "N", "st": "Suplente"}, {"seq": "11", "n": "90333", "vap": "511", "pvap": "   3,03", "e": "S", "st": "Eleito"}, {"seq": "14", "n": "90123", "vap": "446", "pvap": "   2,65", "e": "N", "st": "Suplente"}, {"seq": "35", "n": "55666", "vap": "56", "pvap": "   0,33", "e": "N", "st": "Suplente"}, {"seq": "18", "n": "55455", "vap": "342", "pvap": "   2,03", "e": "N", "st": "Suplente"}, {"seq": "34", "n": "55999", "vap": "69", "pvap": "   0,41", "e": "N", "st": "Suplente"}, {"seq": "20", "n": "55000", "vap": "255", "pvap": "   1,51", "e": "N", "st": "Suplente"}, {"seq": "5", "n": "55255", "vap": "749", "pvap": "   4,44", "e": "S", "st": "Eleito"}, {"seq": "13", "n": "55123", "vap": "611", "pvap": "   3,63", "e": "N", "st": "Suplente"}, {"seq": "17", "n": "55444", "vap": "343", "pvap": "   2,04", "e": "N", "st": "Suplente"}, {"seq": "9", "n": "55789", "vap": "662", "pvap": "   3,93", "e": "S", "st": "Eleito"}, {"seq": "27", "n": "55777", "vap": "141", "pvap": "   0,84", "e": "N", "st": "Suplente"}, {"seq": "40", "n": "55055", "vap": "21", "pvap": "   0,12", "e": "N", "st": "Suplente"}, {"seq": "26", "n": "55111", "vap": "143", "pvap": "   0,85", "e": "N", "st": "Suplente"}, {"seq": "37", "n": "55888", "vap": "34", "pvap": "   0,20", "e": "N", "st": "Suplente"}, {"seq": "30", "n": "55456", "vap": "130", "pvap": "   0,77", "e": "N", "st": "Suplente"}, {"seq": "6", "n": "55555", "vap": "736", "pvap": "   4,37", "e": "S", "st": "Eleito"}, {"seq": "4", "n": "55333", "vap": "823", "pvap": "   4,88", "e": "S", "st": "Eleito"}, {"seq": "1", "n": "55222", "vap": "1893", "pvap": "  11,23", "e": "S", "st": "Eleito"}, {"seq": "31", "n": "55855", "vap": "129", "pvap": "   0,77", "e": "N", "st": "Suplente"}, {"seq": "38", "n": "13000", "vap": "31", "pvap": "   0,18", "e": "N", "st": "Suplente"}, {"seq": "28", "n": "13123", "vap": "136", "pvap": "   0,81", "e": "N", "st": "Suplente"}, {"seq": "32", "n": "13456", "vap": "121", "pvap": "   0,72", "e": "N", "st": "Suplente"}, {"seq": "8", "n": "13690", "vap": "672", "pvap": "   3,99", "e": "S", "st": "Eleito"}, {"seq": "21", "n": "13190", "vap": "242", "pvap": "   1,44", "e": "N", "st": "Suplente"}, {"seq": "12", "n": "13567", "vap": "657", "pvap": "   3,90", "e": "N", "st": "Suplente"}, {"seq": "23", "n": "13677", "vap": "174", "pvap": "   1,03", "e": "N", "st": "Suplente"}, {"seq": "42", "n": "13444", "vap": "14", "pvap": "   0,08", "e": "N", "st": "Suplente"}, {"seq": "41", "n": "13542", "vap": "16", "pvap": "   0,09", "e": "N", "st": "Suplente"}]}, {"dt": "15/11/2020", "ht": "23:05:37", "tf": "S", "and": "F", "tpabr": "ZONA", "cdabr": "52", "s": "52", "st": "52", "snt": "0", "si": "52", "sni": "0", "sa": "52", "sna": "0", "pst": " 100,00", "psnt": "   0,00", "psi": " 100,00", "psni": "   0,00", "psa": " 100,00", "psna": "   0,00", "e": "22114", "ea": "22114", "ena": "0", "esi": "22114", "esni": "0", "a": "4129", "c": "17985", "pea": " 100,00", "pena": "   0,00", "pesi": " 100,00", "pesni": "   0,00", "pa": "  18,67", "pc": "  81,33", "vnom": "15703", "vscv": "0", "vl": "1148", "tv": "17985", "vvc": "16851", "vb": "254", "tvn": "880", "vn": "880", "vnt": "0", "vp": "0", "vv": "16851", "van": "0", "vansj": "0", "pvnom": "  93,19", "pvl": "   6,81", "pvvc": "  93,69", "pvb": "   1,42", "ptvn": "   4,89", "pvn": " 100,00", "pvnt": "   0,00", "pvp": "   0,00", "pvv": " 100,00", "pvan": "   0,00", "pvansj": "   0,00", "cand": [{"seq": "43", "n": "25111", "vap": "87", "pvap": "   0,52", "e": "N", "st": "N\u00e3o eleito"}, {"seq": "47", "n": "25100", "vap": "31", "pvap": "   0,18", "e": "N", "st": "N\u00e3o eleito"}, {"seq": "45", "n": "25700", "vap": "44", "pvap": "   0,26", "e": "N", "st": "N\u00e3o eleito"}, {"seq": "49", "n": "25123", "vap": "13", "pvap": "   0,08", "e": "N", "st": "N\u00e3o eleito"}, {"seq": "44", "n": "25777", "vap": "74", "pvap": "   0,44", "e": "N", "st": "N\u00e3o eleito"}, {"seq": "48", "n": "25678", "vap": "15", "pvap": "   0,09", "e": "N", "st": "N\u00e3o eleito"}, {"seq": "50", "n": "25000", "vap": "11", "pvap": "   0,07", "e": "N", "st": "N\u00e3o eleito"}, {"seq": "46", "n": "25555", "vap": "36", "pvap": "   0,21", "e": "N", "st": "N\u00e3o eleito"}, {"seq": "38", "n": "13000", "vap": "31", "pvap": "   0,18", "e": "N", "st": "Suplente"}, {"seq": "8", "n": "13690", "vap": "672", "pvap": "   3,99", "e": "S", "st": "Eleito"}, {"seq": "41", "n": "13542", "vap": "16", "pvap": "   0,09", "e": "N", "st": "Suplente"}, {"seq": "12", "n": "13567", "vap": "657", "pvap": "   3,90", "e": "N", "st": "Suplente"}, {"seq": "23", "n": "13677", "vap": "174", "pvap": "   1,03", "e": "N", "st": "Suplente"}, {"seq": "42", "n": "13444", "vap": "14", "pvap": "   0,08", "e": "N", "st": "Suplente"}, {"seq": "21", "n": "13190", "vap": "242", "pvap": "   1,44", "e": "N", "st": "Suplente"}, {"seq": "28", "n": "13123", "vap": "136", "pvap": "   0,81", "e": "N", "st": "Suplente"}, {"seq": "32", "n": "13456", "vap": "121", "pvap": "   0,72", "e": "N", "st": "Suplente"}, {"seq": "1", "n": "55222", "vap": "1893", "pvap": "  11,23", "e": "S", "st": "Eleito"}, {"seq": "5", "n": "55255", "vap": "749", "pvap": "   4,44", "e": "S", "st": "Eleito"}, {"seq": "17", "n": "55444", "vap": "343", "pvap": "   2,04", "e": "N", "st": "Suplente"}, {"seq": "30", "n": "55456", "vap": "130", "pvap": "   0,77", "e": "N", "st": "Suplente"}, {"seq": "6", "n": "55555", "vap": "736", "pvap": "   4,37", "e": "S", "st": "Eleito"}, {"seq": "9", "n": "55789", "vap": "662", "pvap": "   3,93", "e": "S", "st": "Eleito"}, {"seq": "40", "n": "55055", "vap": "21", "pvap": "   0,12", "e": "N", "st": "Suplente"}, {"seq": "20", "n": "55000", "vap": "255", "pvap": "   1,51", "e": "N", "st": "Suplente"}, {"seq": "35", "n": "55666", "vap": "56", "pvap": "   0,33", "e": "N", "st": "Suplente"}, {"seq": "26", "n": "55111", "vap": "143", "pvap": "   0,85", "e": "N", "st": "Suplente"}, {"seq": "37", "n": "55888", "vap": "34", "pvap": "   0,20", "e": "N", "st": "Suplente"}, {"seq": "34", "n": "55999", "vap": "69", "pvap": "   0,41", "e": "N", "st": "Suplente"}, {"seq": "4", "n": "55333", "vap": "823", "pvap": "   4,88", "e": "S", "st": "Eleito"}, {"seq": "13", "n": "55123", "vap": "611", "pvap": "   3,63", "e": "N", "st": "Suplente"}, {"seq": "27", "n": "55777", "vap": "141", "pvap": "   0,84", "e": "N", "st": "Suplente"}, {"seq": "31", "n": "55855", "vap": "129", "pvap": "   0,77", "e": "N", "st": "Suplente"}, {"seq": "18", "n": "55455", "vap": "342", "pvap": "   2,03", "e": "N", "st": "Suplente"}, {"seq": "36", "n": "90789", "vap": "45", "pvap": "   0,27", "e": "N", "st": "Suplente"}, {"seq": "15", "n": "90444", "vap": "389", "pvap": "   2,31", "e": "N", "st": "Suplente"}, {"seq": "33", "n": "90222", "vap": "121", "pvap": "   0,72", "e": "N", "st": "Suplente"}, {"seq": "2", "n": "90000", "vap": "1110", "pvap": "   6,59", "e": "S", "st": "Eleito"}, {"seq": "7", "n": "90777", "vap": "731", "pvap": "   4,34", "e": "S", "st": "Eleito"}, {"seq": "16", "n": "90456", "vap": "381", "pvap": "   2,26", "e": "N", "st": "Suplente"}, {"seq": "29", "n": "90369", "vap": "133", "pvap": "   0,79", "e": "N", "st": "Suplente"}, {"seq": "19", "n": "90321", "vap": "269", "pvap": "   1,60", "e": "N", "st": "Suplente"}, {"seq": "25", "n": "90999", "vap": "145", "pvap": "   0,86", "e": "N", "st": "Suplente"}, {"seq": "14", "n": "90123", "vap": "446", "pvap": "   2,65", "e": "N", "st": "Suplente"}, {"seq": "24", "n": "90633", "vap": "146", "pvap": "   0,87", "e": "N", "st": "Suplente"}, {"seq": "22", "n": "90900", "vap": "241", "pvap": "   1,43", "e": "N", "st": "Suplente"}, {"seq": "39", "n": "90567", "vap": "24", "pvap": "   0,14", "e": "N", "st": "Suplente"}, {"seq": "10", "n": "90555", "vap": "562", "pvap": "   3,34", "e": "S", "st": "Eleito"}, {"seq": "3", "n": "90111", "vap": "938", "pvap": "   5,57", "e": "S", "st": "Eleito"}, {"seq": "11", "n": "90333", "vap": "511", "pvap": "   3,03", "e": "S", "st": "Eleito"}]}]}