{"ele": "426", "carper": "13", "t": "1", "f": "O", "esae": "N", "mnae": " ", "dg": "15/11/2020", "hg": "22:39:43", "dv": "S", "nadf": "ba35211-c0013-e000426-002-f", "abr": [{"dt": "15/11/2020", "ht": "22:13:33", "tf": "S", "and": "F", "tpabr": "MU", "cdabr": "35211", "s": "54", "st": "54", "snt": "0", "si": "54", "sni": "0", "sa": "54", "sna": "0", "pst": " 100,00", "psnt": "   0,00", "psi": " 100,00", "psni": "   0,00", "psa": " 100,00", "psna": "   0,00", "e": "19549", "ea": "19549", "ena": "0", "esi": "19549", "esni": "0", "c": "16677", "a": "2872", "pea": " 100,00", "pena": "   0,00", "pesi": " 100,00", "pesni": "   0,00", "pa": "  14,69", "pc": "  85,31", "vscv": "0", "vnom": "15102", "vl": "971", "tv": "16677", "vvc": "16073", "vb": "128", "tvn": "476", "vn": "476", "vnt": "0", "vp": "0", "vv": "16073", "van": "0", "vansj": "0", "pvnom": "  93,96", "pvl": "   6,04", "pvvc": "  96,38", "pvb": "   0,77", "ptvn": "   2,85", "pvn": " 100,00", "pvnt": "   0,00", "pvp": "   0,00", "pvv": " 100,00", "pvan": "   0,00", "pvansj": "   0,00", "colig": [{"n": "50000150862", "tvtn": "1644", "tvan": "1644", "vag": "1", "tvtl": "50", "tval": "50"}, {"n": "50000139574", "tvtn": "1690", "tvan": "1690", "vag": "1", "tvtl": "46", "tval": "46"}, {"n": "50000139662", "tvtn": "1989", "tvan": "1989", "vag": "1", "tvtl": "55", "tval": "55"}, {"n": "50000139568", "tvtn": "2440", "tvan": "2440", "vag": "2", "tvtl": "310", "tval": "310"}, {"n": "50000114295", "tvtn": "4227", "tvan": "4227", "vag": "4", "tvtl": "433", "tval": "433"}, {"n": "50000150905", "tvtn": "975", "tvan": "975", "vag": "0", "tvtl": "18", "tval": "18"}, {"n": "50000113419", "tvtn": "2137", "tvan": "2137", "vag": "2", "tvtl": "59", "tval": "59"}], "part": [{"n": "70", "tvtn": "1644", "tvan": "1644", "tvtl": "50", "tval": "50"}, {"n": "10", "tvtn": "1690", "tvan": "1690", "tvtl": "46", "tval": "46"}, {"n": "25", "tvtn": "1989", "tvan": "1989", "tvtl": "55", "tval": "55"}, {"n": "11", "tvtn": "2440", "tvan": "2440", "tvtl": "310", "tval": "310"}, {"n": "55", "tvtn": "4227", "tvan": "4227", "tvtl": "433", "tval": "433"}, {"n": "20", "tvtn": "975", "tvan": "975", "tvtl": "18", "tval": "18"}, {"n": "35", "tvtn": "2137", "tvan": "2137", "tvtl": "59", "tval": "59"}], "cand": [{"seq": "64", "n": "70555", "vap": "37", "pvap": "   0,23", "e": "N", "st": "Suplente"}, {"seq": "17", "n": "70888", "vap": "339", "pvap": "   2,11", "e": "N", "st": "Suplente"}, {"seq": "87", "n": "70123", "vap": "0", "pvap": "00.00", "e": "N", "st": "Suplente"}, {"seq": "76", "n": "70456", "vap": "17", "pvap": "   0,11", "e": "N", "st": "Suplente"}, {"seq": "66", "n": "70124", "vap": "34", "pvap": "   0,21", "e": "N", "st": "Suplente"}, {"seq": "67", "n": "70111", "vap": "30", "pvap": "   0,19", "e": "N", "st": "Suplente"}, {"seq": "39", "n": "70999", "vap": "107", "pvap": "   0,67", "e": "N", "st": "Suplente"}, {"seq": "59", "n": "70100", "vap": "50", "pvap": "   0,31", "e": "N", "st": "Suplente"}, {"seq": "74", "n": "70220", "vap": "22", "pvap": "   0,14", "e": "N", "st": "Suplente"}, {"seq": "41", "n": "70222", "vap": "102", "pvap": "   0,63", "e": "N", "st": "Suplente"}, {"seq": "11", "n": "70000", "vap": "370", "pvap": "   2,30", "e": "S", "st": "Eleito"}, {"seq": "48", "n": "70126", "vap": "73", "pvap": "   0,45", "e": "N", "st": "Suplente"}, {"seq": "71", "n": "70070", "vap": "25", "pvap": "   0,16", "e": "N", "st": "Suplente"}, {"seq": "27", "n": "70777", "vap": "211", "pvap": "   1,31", "e": "N", "st": "Suplente"}, {"seq": "65", "n": "70444", "vap": "35", "pvap": "   0,22", "e": "N", "st": "Suplente"}, {"seq": "40", "n": "70333", "vap": "105", "pvap": "   0,65", "e": "N", "st": "Suplente"}, {"seq": "43", "n": "70789", "vap": "87", "pvap": "   0,54", "e": "N", "st": "Suplente"}, {"seq": "75", "n": "10777", "vap": "17", "pvap": "   0,11", "e": "N", "st": "Suplente"}, {"seq": "55", "n": "10222", "vap": "62", "pvap": "   0,39", "e": "N", "st": "Suplente"}, {"seq": "79", "n": "10400", "vap": "5", "pvap": "   0,03", "e": "N", "st": "Suplente"}, {"seq": "52", "n": "10333", "vap": "68", "pvap": "   0,42", "e": "N", "st": "Suplente"}, {"seq": "56", "n": "10321", "vap": "62", "pvap": "   0,39", "e": "N", "st": "Suplente"}, {"seq": "7", "n": "10123", "vap": "445", "pvap": "   2,77", "e": "S", "st": "Eleito"}, {"seq": "22", "n": "10111", "vap": "279", "pvap": "   1,74", "e": "N", "st": "Suplente"}, {"seq": "29", "n": "10888", "vap": "161", "pvap": "   1,00", "e": "N", "st": "Suplente"}, {"seq": "26", "n": "10999", "vap": "214", "pvap": "   1,33", "e": "N", "st": "Suplente"}, {"seq": "84", "n": "10300", "vap": "2", "pvap": "   0,01", "e": "N", "st": "Suplente"}, {"seq": "13", "n": "10000", "vap": "373", "pvap": "   2,32", "e": "N", "st": "Suplente"}, {"seq": "85", "n": "10200", "vap": "2", "pvap": "   0,01", "e": "N", "st": "Suplente"}, {"seq": "81", "n": "25777", "vap": "4", "pvap": "   0,02", "e": "N", "st": "Suplente"}, {"seq": "49", "n": "25222", "vap": "73", "pvap": "   0,45", "e": "N", "st": "Suplente"}, {"seq": "28", "n": "25888", "vap": "192", "pvap": "   1,19", "e": "N", "st": "Suplente"}, {"seq": "50", "n": "25000", "vap": "73", "pvap": "   0,45", "e": "N", "st": "Suplente"}, {"seq": "80", "n": "25783", "vap": "5", "pvap": "   0,03", "e": "N", "st": "Suplente"}, {"seq": "20", "n": "25111", "vap": "320", "pvap": "   1,99", "e": "N", "st": "Suplente"}, {"seq": "88", "n": "25334", "vap": "0", "pvap": "00.00", "e": "N", "st": "Suplente"}, {"seq": "54", "n": "25345", "vap": "63", "pvap": "   0,39", "e": "N", "st": "Suplente"}, {"seq": "19", "n": "25444", "vap": "324", "pvap": "   2,02", "e": "N", "st": "Suplente"}, {"seq": "63", "n": "25666", "vap": "39", "pvap": "   0,24", "e": "N", "st": "Suplente"}, {"seq": "83", "n": "25889", "vap": "3", "pvap": "   0,02", "e": "N", "st": "Suplente"}, {"seq": "3", "n": "25555", "vap": "537", "pvap": "   3,34", "e": "S", "st": "Eleito"}, {"seq": "44", "n": "25333", "vap": "84", "pvap": "   0,52", "e": "N", "st": "Suplente"}, {"seq": "89", "n": "25778", "vap": "0", "pvap": "00.00", "e": "N", "st": "Suplente"}, {"seq": "23", "n": "25123", "vap": "272", "pvap": "   1,69", "e": "N", "st": "Suplente"}, {"seq": "86", "n": "11789", "vap": "1", "pvap": "   0,01", "e": "N", "st": "Suplente"}, {"seq": "70", "n": "11777", "vap": "26", "pvap": "   0,16", "e": "N", "st": "Suplente"}, {"seq": "62", "n": "11122", "vap": "42", "pvap": "   0,26", "e": "N", "st": "Suplente"}, {"seq": "34", "n": "11233", "vap": "135", "pvap": "   0,84", "e": "N", "st": "Suplente"}, {"seq": "35", "n": "11123", "vap": "133", "pvap": "   0,83", "e": "N", "st": "Suplente"}, {"seq": "10", "n": "11222", "vap": "376", "pvap": "   2,34", "e": "S", "st": "Eleito"}, {"seq": "58", "n": "11321", "vap": "53", "pvap": "   0,33", "e": "N", "st": "Suplente"}, {"seq": "82", "n": "11456", "vap": "4", "pvap": "   0,02", "e": "N", "st": "Suplente"}, {"seq": "14", "n": "11999", "vap": "366", "pvap": "   2,28", "e": "N", "st": "Suplente"}, {"seq": "6", "n": "11111", "vap": "498", "pvap": "   3,10", "e": "S", "st": "Eleito"}, {"seq": "61", "n": "11555", "vap": "45", "pvap": "   0,28", "e": "N", "st": "Suplente"}, {"seq": "21", "n": "11333", "vap": "297", "pvap": "   1,85", "e": "N", "st": "Suplente"}, {"seq": "68", "n": "11888", "vap": "27", "pvap": "   0,17", "e": "N", "st": "Suplente"}, {"seq": "57", "n": "11234", "vap": "57", "pvap": "   0,35", "e": "N", "st": "Suplente"}, {"seq": "31", "n": "11000", "vap": "153", "pvap": "   0,95", "e": "N", "st": "Suplente"}, {"seq": "24", "n": "11444", "vap": "227", "pvap": "   1,41", "e": "N", "st": "Suplente"}, {"seq": "72", "n": "55456", "vap": "25", "pvap": "   0,16", "e": "N", "st": "Suplente"}, {"seq": "5", "n": "55333", "vap": "522", "pvap": "   3,25", "e": "S", "st": "Eleito"}, {"seq": "47", "n": "55777", "vap": "75", "pvap": "   0,47", "e": "N", "st": "Suplente"}, {"seq": "9", "n": "55000", "vap": "439", "pvap": "   2,73", "e": "S", "st": "Eleito"}, {"seq": "60", "n": "55551", "vap": "46", "pvap": "   0,29", "e": "N", "st": "Suplente"}, {"seq": "15", "n": "55700", "vap": "356", "pvap": "   2,21", "e": "N", "st": "Suplente"}, {"seq": "42", "n": "55567", "vap": "98", "pvap": "   0,61", "e": "N", "st": "Suplente"}, {"seq": "2", "n": "55666", "vap": "651", "pvap": "   4,05", "e": "S", "st": "Eleito"}, {"seq": "45", "n": "55444", "vap": "83", "pvap": "   0,52", "e": "N", "st": "Suplente"}, {"seq": "25", "n": "55123", "vap": "215", "pvap": "   1,34", "e": "N", "st": "Suplente"}, {"seq": "16", "n": "55111", "vap": "349", "pvap": "   2,17", "e": "N", "st": "Suplente"}, {"seq": "37", "n": "55789", "vap": "117", "pvap": "   0,73", "e": "N", "st": "Suplente"}, {"seq": "1", "n": "55555", "vap": "730", "pvap": "   4,54", "e": "S", "st": "Eleito"}, {"seq": "12", "n": "55222", "vap": "391", "pvap": "   2,43", "e": "N", "st": "Suplente"}, {"seq": "36", "n": "55888", "vap": "130", "pvap": "   0,81", "e": "N", "st": "Suplente"}, {"seq": "106", "n": "20369", "vap": "3", "pvap": "   0,02", "e": "N", "st": "N\u00e3o eleito"}, {"seq": "94", "n": "20020", "vap": "80", "pvap": "   0,50", "e": "N", "st": "N\u00e3o eleito"}, {"seq": "99", "n": "20777", "vap": "52", "pvap": "   0,32", "e": "N", "st": "N\u00e3o eleito"}, {"seq": "105", "n": "20999", "vap": "9", "pvap": "   0,06", "e": "N", "st": "N\u00e3o eleito"}, {"seq": "101", "n": "20200", "vap": "36", "pvap": "   0,22", "e": "N", "st": "N\u00e3o eleito"}, {"seq": "102", "n": "20123", "vap": "23", "pvap": "   0,14", "e": "N", "st": "N\u00e3o eleito"}, {"seq": "103", "n": "20888", "vap": "14", "pvap": "   0,09", "e": "N", "st": "N\u00e3o eleito"}, {"seq": "97", "n": "20125", "vap": "68", "pvap": "   0,42", "e": "N", "st": "N\u00e3o eleito"}, {"seq": "92", "n": "20000", "vap": "102", "pvap": "   0,63", "e": "N", "st": "N\u00e3o eleito"}, {"seq": "100", "n": "20030", "vap": "36", "pvap": "   0,22", "e": "N", "st": "N\u00e3o eleito"}, {"seq": "95", "n": "20555", "vap": "73", "pvap": "   0,45", "e": "N", "st": "N\u00e3o eleito"}, {"seq": "90", "n": "20207", "vap": "139", "pvap": "   0,86", "e": "N", "st": "N\u00e3o eleito"}, {"seq": "91", "n": "20111", "vap": "121", "pvap": "   0,75", "e": "N", "st": "N\u00e3o eleito"}, {"seq": "104", "n": "20222", "vap": "12", "pvap": "   0,07", "e": "N", "st": "N\u00e3o eleito"}, {"seq": "98", "n": "20345", "vap": "57", "pvap": "   0,35", "e": "N", "st": "N\u00e3o eleito"}, {"seq": "96", "n": "20333", "vap": "69", "pvap": "   0,43", "e": "N", "st": "N\u00e3o eleito"}, {"seq": "93", "n": "20444", "vap": "81", "pvap": "   0,50", "e": "N", "st": "N\u00e3o eleito"}, {"seq": "18", "n": "35333", "vap": "325", "pvap": "   2,02", "e": "N", "st": "Suplente"}, {"seq": "8", "n": "35555", "vap": "442", "pvap": "   2,75", "e": "S", "st": "Eleito"}, {"seq": "73", "n": "35999", "vap": "24", "pvap": "   0,15", "e": "N", "st": "Suplente"}, {"seq": "78", "n": "35233", "vap": "5", "pvap": "   0,03", "e": "N", "st": "Suplente"}, {"seq": "77", "n": "35444", "vap": "12", "pvap": "   0,07", "e": "N", "st": "Suplente"}, {"seq": "30", "n": "35222", "vap": "158", "pvap": "   0,98", "e": "N", "st": "Suplente"}, {"seq": "4", "n": "35000", "vap": "531", "pvap": "   3,30", "e": "S", "st": "Eleito"}, {"seq": "46", "n": "35133", "vap": "79", "pvap": "   0,49", "e": "N", "st": "Suplente"}, {"seq": "38", "n": "35666", "vap": "111", "pvap": "   0,69", "e": "N", "st": "Suplente"}, {"seq": "32", "n": "35123", "vap": "151", "pvap": "   0,94", "e": "N", "st": "Suplente"}, {"seq": "69", "n": "35111", "vap": "26", "pvap": "   0,16", "e": "N", "st": "Suplente"}, {"seq": "53", "n": "35888", "vap": "63", "pvap": "   0,39", "e": "N", "st": "Suplente"}, {"seq": "33", "n": "35777", "vap": "142", "pvap": "   0,88", "e": "N", "st": "Suplente"}, {"seq": "51", "n": "35355", "vap": "68", "pvap": "   0,42", "e": "N", "st": "Suplente"}]}, {"dt": "15/11/2020", "ht": "22:13:33", "tf": "S", "and": "F", "tpabr": "ZONA", "cdabr": "187", "s": "54", "st": "54", "snt": "0", "si": "54", "sni": "0", "sa": "54", "sna": "0", "pst": " 100,00", "psnt": "   0,00", "psi": " 100,00", "psni": "   0,00", "psa": " 100,00", "psna": "   0,00", "e": "19549", "ea": "19549", "ena": "0", "esi": "19549", "esni": "0", "a": "2872", "c": "16677", "pea": " 100,00", "pena": "   0,00", "pesi": " 100,00", "pesni": "   0,00", "pa": "  14,69", "pc": "  85,31", "vnom": "15102", "vscv": "0", "vl": "971", "tv": "16677", "vvc": "16073", "vb": "128", "tvn": "476", "vn": "476", "vnt": "0", "vp": "0", "vv": "16073", "van": "0", "vansj": "0", "pvnom": "  93,96", "pvl": "   6,04", "pvvc": "  96,38", "pvb": "   0,77", "ptvn": "   2,85", "pvn": " 100,00", "pvnt": "   0,00", "pvp": "   0,00", "pvv": " 100,00", "pvan": "   0,00", "pvansj": "   0,00", "cand": [{"seq": "19", "n": "25444", "vap": "324", "pvap": "   2,02", "e": "N", "st": "Suplente"}, {"seq": "20", "n": "25111", "vap": "320", "pvap": "   1,99", "e": "N", "st": "Suplente"}, {"seq": "23", "n": "25123", "vap": "272", "pvap": "   1,69", "e": "N", "st": "Suplente"}, {"seq": "28", "n": "25888", "vap": "192", "pvap": "   1,19", "e": "N", "st": "Suplente"}, {"seq": "44", "n": "25333", "vap": "84", "pvap": "   0,52", "e": "N", "st": "Suplente"}, {"seq": "49", "n": "25222", "vap": "73", "pvap": "   0,45", "e": "N", "st": "Suplente"}, {"seq": "50", "n": "25000", "vap": "73", "pvap": "   0,45", "e": "N", "st": "Suplente"}, {"seq": "54", "n": "25345", "vap": "63", "pvap": "   0,39", "e": "N", "st": "Suplente"}, {"seq": "63", "n": "25666", "vap": "39", "pvap": "   0,24", "e": "N", "st": "Suplente"}, {"seq": "80", "n": "25783", "vap": "5", "pvap": "   0,03", "e": "N", "st": "Suplente"}, {"seq": "81", "n": "25777", "vap": "4", "pvap": "   0,02", "e": "N", "st": "Suplente"}, {"seq": "83", "n": "25889", "vap": "3", "pvap": "   0,02", "e": "N", "st": "Suplente"}, {"seq": "88", "n": "25334", "vap": "0", "pvap": "00.00", "e": "N", "st": "Suplente"}, {"seq": "89", "n": "25778", "vap": "0", "pvap": "00.00", "e": "N", "st": "Suplente"}, {"seq": "3", "n": "25555", "vap": "537", "pvap": "   3,34", "e": "S", "st": "Eleito"}, {"seq": "21", "n": "11333", "vap": "297", "pvap": "   1,85", "e": "N", "st": "Suplente"}, {"seq": "24", "n": "11444", "vap": "227", "pvap": "   1,41", "e": "N", "st": "Suplente"}, {"seq": "31", "n": "11000", "vap": "153", "pvap": "   0,95", "e": "N", "st": "Suplente"}, {"seq": "34", "n": "11233", "vap": "135", "pvap": "   0,84", "e": "N", "st": "Suplente"}, {"seq": "35", "n": "11123", "vap": "133", "pvap": "   0,83", "e": "N", "st": "Suplente"}, {"seq": "57", "n": "11234", "vap": "57", "pvap": "   0,35", "e": "N", "st": "Suplente"}, {"seq": "58", "n": "11321", "vap": "53", "pvap": "   0,33", "e": "N", "st": "Suplente"}, {"seq": "61", "n": "11555", "vap": "45", "pvap": "   0,28", "e": "N", "st": "Suplente"}, {"seq": "62", "n": "11122", "vap": "42", "pvap": "   0,26", "e": "N", "st": "Suplente"}, {"seq": "68", "n": "11888", "vap": "27", "pvap": "   0,17", "e": "N", "st": "Suplente"}, {"seq": "70", "n": "11777", "vap": "26", "pvap": "   0,16", "e": "N", "st": "Suplente"}, {"seq": "82", "n": "11456", "vap": "4", "pvap": "   0,02", "e": "N", "st": "Suplente"}, {"seq": "86", "n": "11789", "vap": "1", "pvap": "   0,01", "e": "N", "st": "Suplente"}, {"seq": "6", "n": "11111", "vap": "498", "pvap": "   3,10", "e": "S", "st": "Eleito"}, {"seq": "10", "n": "11222", "vap": "376", "pvap": "   2,34", "e": "S", "st": "Eleito"}, {"seq": "14", "n": "11999", "vap": "366", "pvap": "   2,28", "e": "N", "st": "Suplente"}, {"seq": "15", "n": "55700", "vap": "356", "pvap": "   2,21", "e": "N", "st": "Suplente"}, {"seq": "16", "n": "55111", "vap": "349", "pvap": "   2,17", "e": "N", "st": "Suplente"}, {"seq": "25", "n": "55123", "vap": "215", "pvap": "   1,34", "e": "N", "st": "Suplente"}, {"seq": "36", "n": "55888", "vap": "130", "pvap": "   0,81", "e": "N", "st": "Suplente"}, {"seq": "37", "n": "55789", "vap": "117", "pvap": "   0,73", "e": "N", "st": "Suplente"}, {"seq": "42", "n": "55567", "vap": "98", "pvap": "   0,61", "e": "N", "st": "Suplente"}, {"seq": "45", "n": "55444", "vap": "83", "pvap": "   0,52", "e": "N", "st": "Suplente"}, {"seq": "47", "n": "55777", "vap": "75", "pvap": "   0,47", "e": "N", "st": "Suplente"}, {"seq": "60", "n": "55551", "vap": "46", "pvap": "   0,29", "e": "N", "st": "Suplente"}, {"seq": "72", "n": "55456", "vap": "25", "pvap": "   0,16", "e": "N", "st": "Suplente"}, {"seq": "1", "n": "55555", "vap": "730", "pvap": "   4,54", "e": "S", "st": "Eleito"}, {"seq": "2", "n": "55666", "vap": "651", "pvap": "   4,05", "e": "S", "st": "Eleito"}, {"seq": "5", "n": "55333", "vap": "522", "pvap": "   3,25", "e": "S", "st": "Eleito"}, {"seq": "9", "n": "55000", "vap": "439", "pvap": "   2,73", "e": "S", "st": "Eleito"}, {"seq": "12", "n": "55222", "vap": "391", "pvap": "   2,43", "e": "N", "st": "Suplente"}, {"seq": "22", "n": "10111", "vap": "279", "pvap": "   1,74", "e": "N", "st": "Suplente"}, {"seq": "26", "n": "10999", "vap": "214", "pvap": "   1,33", "e": "N", "st": "Suplente"}, {"seq": "29", "n": "10888", "vap": "161", "pvap": "   1,00", "e": "N", "st": "Suplente"}, {"seq": "52", "n": "10333", "vap": "68", "pvap": "   0,42", "e": "N", "st": "Suplente"}, {"seq": "55", "n": "10222", "vap": "62", "pvap": "   0,39", "e": "N", "st": "Suplente"}, {"seq": "56", "n": "10321", "vap": "62", "pvap": "   0,39", "e": "N", "st": "Suplente"}, {"seq": "75", "n": "10777", "vap": "17", "pvap": "   0,11", "e": "N", "st": "Suplente"}, {"seq": "79", "n": "10400", "vap": "5", "pvap": "   0,03", "e": "N", "st": "Suplente"}, {"seq": "84", "n": "10300", "vap": "2", "pvap": "   0,01", "e": "N", "st": "Suplente"}, {"seq": "85", "n": "10200", "vap": "2", "pvap": "   0,01", "e": "N", "st": "Suplente"}, {"seq": "7", "n": "10123", "vap": "445", "pvap": "   2,77", "e": "S", "st": "Eleito"}, {"seq": "13", "n": "10000", "vap": "373", "pvap": "   2,32", "e": "N", "st": "Suplente"}, {"seq": "17", "n": "70888", "vap": "339", "pvap": "   2,11", "e": "N", "st": "Suplente"}, {"seq": "27", "n": "70777", "vap": "211", "pvap": "   1,31", "e": "N", "st": "Suplente"}, {"seq": "39", "n": "70999", "vap": "107", "pvap": "   0,67", "e": "N", "st": "Suplente"}, {"seq": "40", "n": "70333", "vap": "105", "pvap": "   0,65", "e": "N", "st": "Suplente"}, {"seq": "41", "n": "70222", "vap": "102", "pvap": "   0,63", "e": "N", "st": "Suplente"}, {"seq": "43", "n": "70789", "vap": "87", "pvap": "   0,54", "e": "N", "st": "Suplente"}, {"seq": "48", "n": "70126", "vap": "73", "pvap": "   0,45", "e": "N", "st": "Suplente"}, {"seq": "59", "n": "70100", "vap": "50", "pvap": "   0,31", "e": "N", "st": "Suplente"}, {"seq": "64", "n": "70555", "vap": "37", "pvap": "   0,23", "e": "N", "st": "Suplente"}, {"seq": "65", "n": "70444", "vap": "35", "pvap": "   0,22", "e": "N", "st": "Suplente"}, {"seq": "66", "n": "70124", "vap": "34", "pvap": "   0,21", "e": "N", "st": "Suplente"}, {"seq": "67", "n": "70111", "vap": "30", "pvap": "   0,19", "e": "N", "st": "Suplente"}, {"seq": "71", "n": "70070", "vap": "25", "pvap": "   0,16", "e": "N", "st": "Suplente"}, {"seq": "74", "n": "70220", "vap": "22", "pvap": "   0,14", "e": "N", "st": "Suplente"}, {"seq": "76", "n": "70456", "vap": "17", "pvap": "   0,11", "e": "N", "st": "Suplente"}, {"seq": "87", "n": "70123", "vap": "0", "pvap": "00.00", "e": "N", "st": "Suplente"}, {"seq": "11", "n": "70000", "vap": "370", "pvap": "   2,30", "e": "S", "st": "Eleito"}, {"seq": "90", "n": "20207", "vap": "139", "pvap": "   0,86", "e": "N", "st": "N\u00e3o eleito"}, {"seq": "91", "n": "20111", "vap": "121", "pvap": "   0,75", "e": "N", "st": "N\u00e3o eleito"}, {"seq": "92", "n": "20000", "vap": "102", "pvap": "   0,63", "e": "N", "st": "N\u00e3o eleito"}, {"seq": "93", "n": "20444", "vap": "81", "pvap": "   0,50", "e": "N", "st": "N\u00e3o eleito"}, {"seq": "94", "n": "20020", "vap": "80", "pvap": "   0,50", "e": "N", "st": "N\u00e3o eleito"}, {"seq": "95", "n": "20555", "vap": "73", "pvap": "   0,45", "e": "N", "st": "N\u00e3o eleito"}, {"seq": "96", "n": "20333", "vap": "69", "pvap": "   0,43", "e": "N", "st": "N\u00e3o eleito"}, {"seq": "97", "n": "20125", "vap": "68", "pvap": "   0,42", "e": "N", "st": "N\u00e3o eleito"}, {"seq": "98", "n": "20345", "vap": "57", "pvap": "   0,35", "e": "N", "st": "N\u00e3o eleito"}, {"seq": "99", "n": "20777", "vap": "52", "pvap": "   0,32", "e": "N", "st": "N\u00e3o eleito"}, {"seq": "100", "n": "20030", "vap": "36", "pvap": "   0,22", "e": "N", "st": "N\u00e3o eleito"}, {"seq": "101", "n": "20200", "vap": "36", "pvap": "   0,22", "e": "N", "st": "N\u00e3o eleito"}, {"seq": "102", "n": "20123", "vap": "23", "pvap": "   0,14", "e": "N", "st": "N\u00e3o eleito"}, {"seq": "103", "n": "20888", "vap": "14", "pvap": "   0,09", "e": "N", "st": "N\u00e3o eleito"}, {"seq": "104", "n": "20222", "vap": "12", "pvap": "   0,07", "e": "N", "st": "N\u00e3o eleito"}, {"seq": "105", "n": "20999", "vap": "9", "pvap": "   0,06", "e": "N", "st": "N\u00e3o eleito"}, {"seq": "106", "n": "20369", "vap": "3", "pvap": "   0,02", "e": "N", "st": "N\u00e3o eleito"}, {"seq": "18", "n": "35333", "vap": "325", "pvap": "   2,02", "e": "N", "st": "Suplente"}, {"seq": "30", "n": "35222", "vap": "158", "pvap": "   0,98", "e": "N", "st": "Suplente"}, {"seq": "32", "n": "35123", "vap": "151", "pvap": "   0,94", "e": "N", "st": "Suplente"}, {"seq": "33", "n": "35777", "vap": "142", "pvap": "   0,88", "e": "N", "st": "Suplente"}, {"seq": "38", "n": "35666", "vap": "111", "pvap": "   0,69", "e": "N", "st": "Suplente"}, {"seq": "46", "n": "35133", "vap": "79", "pvap": "   0,49", "e": "N", "st": "Suplente"}, {"seq": "51", "n": "35355", "vap": "68", "pvap": "   0,42", "e": "N", "st": "Suplente"}, {"seq": "53", "n": "35888", "vap": "63", "pvap": "   0,39", "e": "N", "st": "Suplente"}, {"seq": "69", "n": "35111", "vap": "26", "pvap": "   0,16", "e": "N", "st": "Suplente"}, {"seq": "73", "n": "35999", "vap": "24", "pvap": "   0,15", "e": "N", "st": "Suplente"}, {"seq": "77", "n": "35444", "vap": "12", "pvap": "   0,07", "e": "N", "st": "Suplente"}, {"seq": "78", "n": "35233", "vap": "5", "pvap": "   0,03", "e": "N", "st": "Suplente"}, {"seq": "4", "n": "35000", "vap": "531", "pvap": "   3,30", "e": "S", "st": "Eleito"}, {"seq": "8", "n": "35555", "vap": "442", "pvap": "   2,75", "e": "S", "st": "Eleito"}]}]}