{"ele": "426", "carper": "13", "t": "1", "f": "O", "esae": "N", "mnae": " ", "dg": "15/11/2020", "hg": "23:31:20", "dv": "S", "nadf": "ba33731-c0013-e000426-003-f", "abr": [{"dt": "15/11/2020", "ht": "23:03:32", "tf": "S", "and": "F", "tpabr": "MU", "cdabr": "33731", "s": "36", "st": "36", "snt": "0", "si": "36", "sni": "0", "sa": "36", "sna": "0", "pst": " 100,00", "psnt": "   0,00", "psi": " 100,00", "psni": "   0,00", "psa": " 100,00", "psna": "   0,00", "e": "13861", "ea": "13861", "ena": "0", "esi": "13861", "esni": "0", "c": "9799", "a": "4062", "pea": " 100,00", "pena": "   0,00", "pesi": " 100,00", "pesni": "   0,00", "pa": "  29,31", "pc": "  70,69", "vscv": "0", "vnom": "8432", "vl": "758", "tv": "9799", "vvc": "9190", "vb": "121", "tvn": "488", "vn": "488", "vnt": "0", "vp": "0", "vv": "9190", "van": "0", "vansj": "0", "pvnom": "  91,75", "pvl": "   8,25", "pvvc": "  93,79", "pvb": "   1,23", "ptvn": "   4,98", "pvn": " 100,00", "pvnt": "   0,00", "pvp": "   0,00", "pvv": " 100,00", "pvan": "   0,00", "pvansj": "   0,00", "colig": [{"n": "50000073134", "tvtn": "2973", "tvan": "2973", "vag": "4", "tvtl": "325", "tval": "325"}, {"n": "50000135966", "tvtn": "183", "tvan": "183", "vag": "0", "tvtl": "12", "tval": "12"}, {"n": "50000073170", "tvtn": "878", "tvan": "878", "vag": "1", "tvtl": "82", "tval": "82"}, {"n": "50000085942", "tvtn": "2061", "tvan": "2061", "vag": "3", "tvtl": "56", "tval": "56"}, {"n": "50000085478", "tvtn": "2202", "tvan": "2202", "vag": "3", "tvtl": "273", "tval": "273"}, {"n": "50000073213", "tvtn": "78", "tvan": "78", "vag": "0", "tvtl": "4", "tval": "4"}, {"n": "50000078182", "tvtn": "57", "tvan": "57", "vag": "0", "tvtl": "6", "tval": "6"}], "part": [{"n": "11", "tvtn": "2973", "tvan": "2973", "tvtl": "325", "tval": "325"}, {"n": "90", "tvtn": "183", "tvan": "183", "tvtl": "12", "tval": "12"}, {"n": "12", "tvtn": "878", "tvan": "878", "tvtl": "82", "tval": "82"}, {"n": "65", "tvtn": "2061", "tvan": "2061", "tvtl": "56", "tval": "56"}, {"n": "55", "tvtn": "2202", "tvan": "2202", "tvtl": "273", "tval": "273"}, {"n": "13", "tvtn": "78", "tvan": "78", "tvtl": "4", "tval": "4"}, {"n": "19", "tvtn": "57", "tvan": "57", "tvtl": "6", "tval": "6"}], "cand": [{"seq": "5", "n": "11222", "vap": "372", "pvap": "   4,05", "e": "S", "st": "Eleito"}, {"seq": "33", "n": "11601", "vap": "41", "pvap": "   0,45", "e": "N", "st": "Suplente"}, {"seq": "8", "n": "11333", "vap": "350", "pvap": "   3,81", "e": "S", "st": "Eleito"}, {"seq": "6", "n": "11456", "vap": "372", "pvap": "   4,05", "e": "S", "st": "Eleito"}, {"seq": "20", "n": "11112", "vap": "207", "pvap": "   2,25", "e": "N", "st": "Suplente"}, {"seq": "30", "n": "11777", "vap": "49", "pvap": "   0,53", "e": "N", "st": "Suplente"}, {"seq": "11", "n": "11111", "vap": "312", "pvap": "   3,39", "e": "S", "st": "Eleito"}, {"seq": "28", "n": "11555", "vap": "73", "pvap": "   0,79", "e": "N", "st": "Suplente"}, {"seq": "13", "n": "11444", "vap": "276", "pvap": "   3,00", "e": "N", "st": "Suplente"}, {"seq": "14", "n": "11234", "vap": "264", "pvap": "   2,87", "e": "N", "st": "Suplente"}, {"seq": "17", "n": "11000", "vap": "242", "pvap": "   2,63", "e": "N", "st": "Suplente"}, {"seq": "21", "n": "11666", "vap": "204", "pvap": "   2,22", "e": "N", "st": "Suplente"}, {"seq": "40", "n": "11223", "vap": "15", "pvap": "   0,16", "e": "N", "st": "Suplente"}, {"seq": "22", "n": "11999", "vap": "191", "pvap": "   2,08", "e": "N", "st": "Suplente"}, {"seq": "45", "n": "11011", "vap": "5", "pvap": "   0,05", "e": "N", "st": "Suplente"}, {"seq": "55", "n": "90999", "vap": "11", "pvap": "   0,12", "e": "N", "st": "N\u00e3o eleito"}, {"seq": "47", "n": "90000", "vap": "79", "pvap": "   0,86", "e": "N", "st": "N\u00e3o eleito"}, {"seq": "49", "n": "90444", "vap": "40", "pvap": "   0,44", "e": "N", "st": "N\u00e3o eleito"}, {"seq": "54", "n": "90222", "vap": "13", "pvap": "   0,14", "e": "N", "st": "N\u00e3o eleito"}, {"seq": "50", "n": "90333", "vap": "40", "pvap": "   0,44", "e": "N", "st": "N\u00e3o eleito"}, {"seq": "44", "n": "12245", "vap": "8", "pvap": "   0,09", "e": "N", "st": "Suplente"}, {"seq": "42", "n": "12111", "vap": "13", "pvap": "   0,14", "e": "N", "st": "Suplente"}, {"seq": "46", "n": "12212", "vap": "5", "pvap": "   0,05", "e": "N", "st": "Suplente"}, {"seq": "34", "n": "12345", "vap": "29", "pvap": "   0,32", "e": "N", "st": "Suplente"}, {"seq": "9", "n": "12222", "vap": "341", "pvap": "   3,71", "e": "S", "st": "Eleito"}, {"seq": "15", "n": "12000", "vap": "253", "pvap": "   2,75", "e": "N", "st": "Suplente"}, {"seq": "36", "n": "12333", "vap": "27", "pvap": "   0,29", "e": "N", "st": "Suplente"}, {"seq": "37", "n": "12015", "vap": "27", "pvap": "   0,29", "e": "N", "st": "Suplente"}, {"seq": "26", "n": "12456", "vap": "79", "pvap": "   0,86", "e": "N", "st": "Suplente"}, {"seq": "39", "n": "12102", "vap": "26", "pvap": "   0,28", "e": "N", "st": "Suplente"}, {"seq": "38", "n": "12580", "vap": "26", "pvap": "   0,28", "e": "N", "st": "Suplente"}, {"seq": "32", "n": "12544", "vap": "44", "pvap": "   0,48", "e": "N", "st": "Suplente"}, {"seq": "19", "n": "65444", "vap": "220", "pvap": "   2,39", "e": "N", "st": "Suplente"}, {"seq": "3", "n": "65123", "vap": "432", "pvap": "   4,70", "e": "S", "st": "Eleito"}, {"seq": "29", "n": "65666", "vap": "72", "pvap": "   0,78", "e": "N", "st": "Suplente"}, {"seq": "2", "n": "65000", "vap": "547", "pvap": "   5,95", "e": "S", "st": "Eleito"}, {"seq": "27", "n": "65222", "vap": "79", "pvap": "   0,86", "e": "N", "st": "Suplente"}, {"seq": "31", "n": "65111", "vap": "46", "pvap": "   0,50", "e": "N", "st": "Suplente"}, {"seq": "25", "n": "65321", "vap": "80", "pvap": "   0,87", "e": "N", "st": "Suplente"}, {"seq": "18", "n": "65555", "vap": "232", "pvap": "   2,52", "e": "N", "st": "Suplente"}, {"seq": "7", "n": "65333", "vap": "353", "pvap": "   3,84", "e": "S", "st": "Eleito"}, {"seq": "1", "n": "55000", "vap": "638", "pvap": "   6,94", "e": "S", "st": "Eleito"}, {"seq": "10", "n": "55555", "vap": "331", "pvap": "   3,60", "e": "S", "st": "Eleito"}, {"seq": "24", "n": "55111", "vap": "111", "pvap": "   1,21", "e": "N", "st": "Suplente"}, {"seq": "41", "n": "55655", "vap": "14", "pvap": "   0,15", "e": "N", "st": "Suplente"}, {"seq": "16", "n": "55666", "vap": "245", "pvap": "   2,67", "e": "N", "st": "Suplente"}, {"seq": "43", "n": "55999", "vap": "10", "pvap": "   0,11", "e": "N", "st": "Suplente"}, {"seq": "23", "n": "55541", "vap": "171", "pvap": "   1,86", "e": "N", "st": "Suplente"}, {"seq": "12", "n": "55123", "vap": "281", "pvap": "   3,06", "e": "N", "st": "Suplente"}, {"seq": "4", "n": "55333", "vap": "374", "pvap": "   4,07", "e": "S", "st": "Eleito"}, {"seq": "35", "n": "55222", "vap": "27", "pvap": "   0,29", "e": "N", "st": "Suplente"}, {"seq": "51", "n": "13111", "vap": "18", "pvap": "   0,20", "e": "N", "st": "N\u00e3o eleito"}, {"seq": "57", "n": "13123", "vap": "11", "pvap": "   0,12", "e": "N", "st": "N\u00e3o eleito"}, {"seq": "53", "n": "13333", "vap": "13", "pvap": "   0,14", "e": "N", "st": "N\u00e3o eleito"}, {"seq": "56", "n": "13222", "vap": "11", "pvap": "   0,12", "e": "N", "st": "N\u00e3o eleito"}, {"seq": "52", "n": "13777", "vap": "16", "pvap": "   0,17", "e": "N", "st": "N\u00e3o eleito"}, {"seq": "58", "n": "13300", "vap": "9", "pvap": "   0,10", "e": "N", "st": "N\u00e3o eleito"}, {"seq": "48", "n": "19123", "vap": "57", "pvap": "   0,62", "e": "N", "st": "N\u00e3o eleito"}]}, {"dt": "15/11/2020", "ht": "23:03:32", "tf": "S", "and": "F", "tpabr": "ZONA", "cdabr": "59", "s": "36", "st": "36", "snt": "0", "si": "36", "sni": "0", "sa": "36", "sna": "0", "pst": " 100,00", "psnt": "   0,00", "psi": " 100,00", "psni": "   0,00", "psa": " 100,00", "psna": "   0,00", "e": "13861", "ea": "13861", "ena": "0", "esi": "13861", "esni": "0", "a": "4062", "c": "9799", "pea": " 100,00", "pena": "   0,00", "pesi": " 100,00", "pesni": "   0,00", "pa": "  29,31", "pc": "  70,69", "vnom": "8432", "vscv": "0", "vl": "758", "tv": "9799", "vvc": "9190", "vb": "121", "tvn": "488", "vn": "488", "vnt": "0", "vp": "0", "vv": "9190", "van": "0", "vansj": "0", "pvnom": "  91,75", "pvl": "   8,25", "pvvc": "  93,79", "pvb": "   1,23", "ptvn": "   4,98", "pvn": " 100,00", "pvnt": "   0,00", "pvp": "   0,00", "pvv": " 100,00", "pvan": "   0,00", "pvansj": "   0,00", "cand": [{"seq": "14", "n": "11234", "vap": "264", "pvap": "   2,87", "e": "N", "st": "Suplente"}, {"seq": "8", "n": "11333", "vap": "350", "pvap": "   3,81", "e": "S", "st": "Eleito"}, {"seq": "6", "n": "11456", "vap": "372", "pvap": "   4,05", "e": "S", "st": "Eleito"}, {"seq": "13", "n": "11444", "vap": "276", "pvap": "   3,00", "e": "N", "st": "Suplente"}, {"seq": "33", "n": "11601", "vap": "41", "pvap": "   0,45", "e": "N", "st": "Suplente"}, {"seq": "11", "n": "11111", "vap": "312", "pvap": "   3,39", "e": "S", "st": "Eleito"}, {"seq": "20", "n": "11112", "vap": "207", "pvap": "   2,25", "e": "N", "st": "Suplente"}, {"seq": "21", "n": "11666", "vap": "204", "pvap": "   2,22", "e": "N", "st": "Suplente"}, {"seq": "45", "n": "11011", "vap": "5", "pvap": "   0,05", "e": "N", "st": "Suplente"}, {"seq": "40", "n": "11223", "vap": "15", "pvap": "   0,16", "e": "N", "st": "Suplente"}, {"seq": "30", "n": "11777", "vap": "49", "pvap": "   0,53", "e": "N", "st": "Suplente"}, {"seq": "17", "n": "11000", "vap": "242", "pvap": "   2,63", "e": "N", "st": "Suplente"}, {"seq": "5", "n": "11222", "vap": "372", "pvap": "   4,05", "e": "S", "st": "Eleito"}, {"seq": "22", "n": "11999", "vap": "191", "pvap": "   2,08", "e": "N", "st": "Suplente"}, {"seq": "28", "n": "11555", "vap": "73", "pvap": "   0,79", "e": "N", "st": "Suplente"}, {"seq": "48", "n": "19123", "vap": "57", "pvap": "   0,62", "e": "N", "st": "N\u00e3o eleito"}, {"seq": "19", "n": "65444", "vap": "220", "pvap": "   2,39", "e": "N", "st": "Suplente"}, {"seq": "27", "n": "65222", "vap": "79", "pvap": "   0,86", "e": "N", "st": "Suplente"}, {"seq": "7", "n": "65333", "vap": "353", "pvap": "   3,84", "e": "S", "st": "Eleito"}, {"seq": "2", "n": "65000", "vap": "547", "pvap": "   5,95", "e": "S", "st": "Eleito"}, {"seq": "25", "n": "65321", "vap": "80", "pvap": "   0,87", "e": "N", "st": "Suplente"}, {"seq": "18", "n": "65555", "vap": "232", "pvap": "   2,52", "e": "N", "st": "Suplente"}, {"seq": "3", "n": "65123", "vap": "432", "pvap": "   4,70", "e": "S", "st": "Eleito"}, {"seq": "29", "n": "65666", "vap": "72", "pvap": "   0,78", "e": "N", "st": "Suplente"}, {"seq": "31", "n": "65111", "vap": "46", "pvap": "   0,50", "e": "N", "st": "Suplente"}, {"seq": "34", "n": "12345", "vap": "29", "pvap": "   0,32", "e": "N", "st": "Suplente"}, {"seq": "36", "n": "12333", "vap": "27", "pvap": "   0,29", "e": "N", "st": "Suplente"}, {"seq": "44", "n": "12245", "vap": "8", "pvap": "   0,09", "e": "N", "st": "Suplente"}, {"seq": "9", "n": "12222", "vap": "341", "pvap": "   3,71", "e": "S", "st": "Eleito"}, {"seq": "42", "n": "12111", "vap": "13", "pvap": "   0,14", "e": "N", "st": "Suplente"}, {"seq": "37", "n": "12015", "vap": "27", "pvap": "   0,29", "e": "N", "st": "Suplente"}, {"seq": "38", "n": "12580", "vap": "26", "pvap": "   0,28", "e": "N", "st": "Suplente"}, {"seq": "26", "n": "12456", "vap": "79", "pvap": "   0,86", "e": "N", "st": "Suplente"}, {"seq": "15", "n": "12000", "vap": "253", "pvap": "   2,75", "e": "N", "st": "Suplente"}, {"seq": "32", "n": "12544", "vap": "44", "pvap": "   0,48", "e": "N", "st": "Suplente"}, {"seq": "39", "n": "12102", "vap": "26", "pvap": "   0,28", "e": "N", "st": "Suplente"}, {"seq": "46", "n": "12212", "vap": "5", "pvap": "   0,05", "e": "N", "st": "Suplente"}, {"seq": "55", "n": "90999", "vap": "11", "pvap": "   0,12", "e": "N", "st": "N\u00e3o eleito"}, {"seq": "54", "n": "90222", "vap": "13", "pvap": "   0,14", "e": "N", "st": "N\u00e3o eleito"}, {"seq": "50", "n": "90333", "vap": "40", "pvap": "   0,44", "e": "N", "st": "N\u00e3o eleito"}, {"seq": "47", "n": "90000", "vap": "79", "pvap": "   0,86", "e": "N", "st": "N\u00e3o eleito"}, {"seq": "49", "n": "90444", "vap": "40", "pvap": "   0,44", "e": "N", "st": "N\u00e3o eleito"}, {"seq": "57", "n": "13123", "vap": "11", "pvap": "   0,12", "e": "N", "st": "N\u00e3o eleito"}, {"seq": "56", "n": "13222", "vap": "11", "pvap": "   0,12", "e": "N", "st": "N\u00e3o eleito"}, {"seq": "52", "n": "13777", "vap": "16", "pvap": "   0,17", "e": "N", "st": "N\u00e3o eleito"}, {"seq": "51", "n": "13111", "vap": "18", "pvap": "   0,20", "e": "N", "st": "N\u00e3o eleito"}, {"seq": "53", "n": "13333", "vap": "13", "pvap": "   0,14", "e": "N", "st": "N\u00e3o eleito"}, {"seq": "58", "n": "13300", "vap": "9", "pvap": "   0,10", "e": "N", "st": "N\u00e3o eleito"}, {"seq": "4", "n": "55333", "vap": "374", "pvap": "   4,07", "e": "S", "st": "Eleito"}, {"seq": "23", "n": "55541", "vap": "171", "pvap": "   1,86", "e": "N", "st": "Suplente"}, {"seq": "1", "n": "55000", "vap": "638", "pvap": "   6,94", "e": "S", "st": "Eleito"}, {"seq": "12", "n": "55123", "vap": "281", "pvap": "   3,06", "e": "N", "st": "Suplente"}, {"seq": "35", "n": "55222", "vap": "27", "pvap": "   0,29", "e": "N", "st": "Suplente"}, {"seq": "10", "n": "55555", "vap": "331", "pvap": "   3,60", "e": "S", "st": "Eleito"}, {"seq": "43", "n": "55999", "vap": "10", "pvap": "   0,11", "e": "N", "st": "Suplente"}, {"seq": "16", "n": "55666", "vap": "245", "pvap": "   2,67", "e": "N", "st": "Suplente"}, {"seq": "41", "n": "55655", "vap": "14", "pvap": "   0,15", "e": "N", "st": "Suplente"}, {"seq": "24", "n": "55111", "vap": "111", "pvap": "   1,21", "e": "N", "st": "Suplente"}]}]}