{"ele": "426", "carper": "13", "t": "1", "f": "O", "esae": "N", "mnae": " ", "dg": "15/11/2020", "hg": "23:31:29", "dv": "S", "nadf": "ba36137-c0013-e000426-004-f", "abr": [{"dt": "15/11/2020", "ht": "23:06:47", "tf": "S", "and": "F", "tpabr": "MU", "cdabr": "36137", "s": "106", "st": "106", "snt": "0", "si": "106", "sni": "0", "sa": "106", "sna": "0", "pst": " 100,00", "psnt": "   0,00", "psi": " 100,00", "psni": "   0,00", "psa": " 100,00", "psna": "   0,00", "e": "46954", "ea": "46954", "ena": "0", "esi": "46954", "esni": "0", "c": "36665", "a": "10289", "pea": " 100,00", "pena": "   0,00", "pesi": " 100,00", "pesni": "   0,00", "pa": "  21,91", "pc": "  78,09", "vscv": "0", "vnom": "32591", "vl": "2455", "tv": "36665", "vvc": "35046", "vb": "466", "tvn": "1153", "vn": "1150", "vnt": "3", "vp": "0", "vv": "35046", "van": "0", "vansj": "0", "pvnom": "  92,99", "pvl": "   7,01", "pvvc": "  95,58", "pvb": "   1,28", "ptvn": "   3,14", "pvn": "  99,74", "pvnt": "   0,26", "pvp": "   0,00", "pvv": " 100,00", "pvan": "   0,00", "pvansj": "   0,00", "colig": [{"n": "50000158680", "tvtn": "4023", "tvan": "4023", "vag": "2", "tvtl": "62", "tval": "62"}, {"n": "50000154395", "tvtn": "4472", "tvan": "4472", "vag": "2", "tvtl": "144", "tval": "144"}, {"n": "50000110928", "tvtn": "608", "tvan": "608", "vag": "0", "tvtl": "12", "tval": "12"}, {"n": "50000149110", "tvtn": "1471", "tvan": "1471", "vag": "0", "tvtl": "130", "tval": "130"}, {"n": "50000149040", "tvtn": "2264", "tvan": "2264", "vag": "1", "tvtl": "33", "tval": "33"}, {"n": "50000148644", "tvtn": "3459", "tvan": "3459", "vag": "2", "tvtl": "817", "tval": "817"}, {"n": "50000078461", "tvtn": "262", "tvan": "262", "vag": "0", "tvtl": "21", "tval": "21"}, {"n": "50000154417", "tvtn": "5105", "tvan": "5105", "vag": "3", "tvtl": "928", "tval": "928"}, {"n": "50000154396", "tvtn": "4443", "tvan": "4443", "vag": "2", "tvtl": "134", "tval": "134"}, {"n": "50000149959", "tvtn": "555", "tvan": "558", "vag": "0", "tvtl": "13", "tval": "13"}, {"n": "50000152795", "tvtn": "4928", "tvan": "4928", "vag": "3", "tvtl": "98", "tval": "98"}, {"n": "50000092775", "tvtn": "972", "tvan": "972", "vag": "0", "tvtl": "33", "tval": "33"}, {"n": "50000075961", "tvtn": "29", "tvan": "29", "vag": "0", "tvtl": "30", "tval": "30"}], "part": [{"n": "90", "tvtn": "4023", "tvan": "4023", "tvtl": "62", "tval": "62"}, {"n": "12", "tvtn": "4472", "tvan": "4472", "tvtl": "144", "tval": "144"}, {"n": "28", "tvtn": "608", "tvan": "608", "tvtl": "12", "tval": "12"}, {"n": "22", "tvtn": "1471", "tvan": "1471", "tvtl": "130", "tval": "130"}, {"n": "65", "tvtn": "2264", "tvan": "2264", "tvtl": "33", "tval": "33"}, {"n": "55", "tvtn": "3459", "tvan": "3459", "tvtl": "817", "tval": "817"}, {"n": "50", "tvtn": "262", "tvan": "262", "tvtl": "21", "tval": "21"}, {"n": "45", "tvtn": "5105", "tvan": "5105", "tvtl": "928", "tval": "928"}, {"n": "13", "tvtn": "4443", "tvan": "4443", "tvtl": "134", "tval": "134"}, {"n": "77", "tvtn": "555", "tvan": "555", "tvtl": "13", "tval": "13"}, {"n": "10", "tvtn": "4928", "tvan": "4928", "tvtl": "98", "tval": "98"}, {"n": "19", "tvtn": "972", "tvan": "972", "tvtl": "33", "tval": "33"}, {"n": "18", "tvtn": "29", "tvan": "29", "tvtl": "30", "tval": "30"}], "cand": [{"seq": "28", "n": "90100", "vap": "393", "pvap": "   1,12", "e": "N", "st": "Suplente"}, {"seq": "16", "n": "90888", "vap": "655", "pvap": "   1,87", "e": "N", "st": "Suplente"}, {"seq": "118", "n": "90111", "vap": "24", "pvap": "   0,07", "e": "N", "st": "Suplente"}, {"seq": "44", "n": "90500", "vap": "257", "pvap": "   0,73", "e": "N", "st": "Suplente"}, {"seq": "120", "n": "90452", "vap": "22", "pvap": "   0,06", "e": "N", "st": "Suplente"}, {"seq": "9", "n": "90000", "vap": "683", "pvap": "   1,95", "e": "S", "st": "Eleito"}, {"seq": "7", "n": "90999", "vap": "729", "pvap": "   2,08", "e": "S", "st": "Eleito"}, {"seq": "106", "n": "90777", "vap": "35", "pvap": "   0,10", "e": "N", "st": "Suplente"}, {"seq": "102", "n": "90903", "vap": "37", "pvap": "   0,11", "e": "N", "st": "Suplente"}, {"seq": "130", "n": "90456", "vap": "7", "pvap": "   0,02", "e": "N", "st": "Suplente"}, {"seq": "127", "n": "90590", "vap": "9", "pvap": "   0,03", "e": "N", "st": "Suplente"}, {"seq": "87", "n": "90555", "vap": "50", "pvap": "   0,14", "e": "N", "st": "Suplente"}, {"seq": "104", "n": "90222", "vap": "36", "pvap": "   0,10", "e": "N", "st": "Suplente"}, {"seq": "96", "n": "90333", "vap": "40", "pvap": "   0,11", "e": "N", "st": "Suplente"}, {"seq": "33", "n": "90987", "vap": "319", "pvap": "   0,91", "e": "N", "st": "Suplente"}, {"seq": "121", "n": "90852", "vap": "20", "pvap": "   0,06", "e": "N", "st": "Suplente"}, {"seq": "27", "n": "90345", "vap": "398", "pvap": "   1,14", "e": "N", "st": "Suplente"}, {"seq": "105", "n": "90991", "vap": "36", "pvap": "   0,10", "e": "N", "st": "Suplente"}, {"seq": "88", "n": "90123", "vap": "48", "pvap": "   0,14", "e": "N", "st": "Suplente"}, {"seq": "58", "n": "90234", "vap": "130", "pvap": "   0,37", "e": "N", "st": "Suplente"}, {"seq": "68", "n": "90444", "vap": "95", "pvap": "   0,27", "e": "N", "st": "Suplente"}, {"seq": "49", "n": "12456", "vap": "188", "pvap": "   0,54", "e": "N", "st": "Suplente"}, {"seq": "19", "n": "12789", "vap": "528", "pvap": "   1,51", "e": "N", "st": "Suplente"}, {"seq": "3", "n": "12345", "vap": "988", "pvap": "   2,82", "e": "S", "st": "Eleito"}, {"seq": "78", "n": "12222", "vap": "76", "pvap": "   0,22", "e": "N", "st": "Suplente"}, {"seq": "92", "n": "12444", "vap": "44", "pvap": "   0,13", "e": "N", "st": "Suplente"}, {"seq": "70", "n": "12300", "vap": "90", "pvap": "   0,26", "e": "N", "st": "Suplente"}, {"seq": "31", "n": "12355", "vap": "334", "pvap": "   0,95", "e": "N", "st": "Suplente"}, {"seq": "65", "n": "12888", "vap": "101", "pvap": "   0,29", "e": "N", "st": "Suplente"}, {"seq": "34", "n": "12500", "vap": "317", "pvap": "   0,90", "e": "N", "st": "Suplente"}, {"seq": "111", "n": "12045", "vap": "33", "pvap": "   0,09", "e": "N", "st": "Suplente"}, {"seq": "13", "n": "12333", "vap": "571", "pvap": "   1,63", "e": "S", "st": "Eleito"}, {"seq": "63", "n": "12555", "vap": "106", "pvap": "   0,30", "e": "N", "st": "Suplente"}, {"seq": "98", "n": "12999", "vap": "40", "pvap": "   0,11", "e": "N", "st": "Suplente"}, {"seq": "93", "n": "12344", "vap": "42", "pvap": "   0,12", "e": "N", "st": "Suplente"}, {"seq": "132", "n": "12233", "vap": "5", "pvap": "   0,01", "e": "N", "st": "Suplente"}, {"seq": "21", "n": "12000", "vap": "500", "pvap": "   1,43", "e": "N", "st": "Suplente"}, {"seq": "62", "n": "12012", "vap": "107", "pvap": "   0,31", "e": "N", "st": "Suplente"}, {"seq": "32", "n": "12123", "vap": "329", "pvap": "   0,94", "e": "N", "st": "Suplente"}, {"seq": "79", "n": "12111", "vap": "73", "pvap": "   0,21", "e": "N", "st": "Suplente"}, {"seq": "153", "n": "28000", "vap": "69", "pvap": "   0,20", "e": "N", "st": "N\u00e3o eleito"}, {"seq": "184", "n": "28355", "vap": "16", "pvap": "   0,05", "e": "N", "st": "N\u00e3o eleito"}, {"seq": "142", "n": "28444", "vap": "141", "pvap": "   0,40", "e": "N", "st": "N\u00e3o eleito"}, {"seq": "139", "n": "28888", "vap": "293", "pvap": "   0,84", "e": "N", "st": "N\u00e3o eleito"}, {"seq": "147", "n": "28123", "vap": "89", "pvap": "   0,25", "e": "N", "st": "N\u00e3o eleito"}, {"seq": "173", "n": "22322", "vap": "34", "pvap": "   0,10", "e": "N", "st": "N\u00e3o eleito"}, {"seq": "137", "n": "22222", "vap": "427", "pvap": "   1,22", "e": "N", "st": "N\u00e3o eleito"}, {"seq": "152", "n": "22666", "vap": "70", "pvap": "   0,20", "e": "N", "st": "N\u00e3o eleito"}, {"seq": "210", "n": "22777", "vap": "0", "pvap": "00.00", "e": "N", "st": "N\u00e3o eleito"}, {"seq": "143", "n": "22444", "vap": "117", "pvap": "   0,33", "e": "N", "st": "N\u00e3o eleito"}, {"seq": "181", "n": "22221", "vap": "17", "pvap": "   0,05", "e": "N", "st": "N\u00e3o eleito"}, {"seq": "141", "n": "22123", "vap": "198", "pvap": "   0,56", "e": "N", "st": "N\u00e3o eleito"}, {"seq": "205", "n": "22190", "vap": "1", "pvap": "   0,00", "e": "N", "st": "N\u00e3o eleito"}, {"seq": "166", "n": "22555", "vap": "44", "pvap": "   0,13", "e": "N", "st": "N\u00e3o eleito"}, {"seq": "154", "n": "22300", "vap": "63", "pvap": "   0,18", "e": "N", "st": "N\u00e3o eleito"}, {"seq": "151", "n": "22345", "vap": "70", "pvap": "   0,20", "e": "N", "st": "N\u00e3o eleito"}, {"seq": "170", "n": "22999", "vap": "36", "pvap": "   0,10", "e": "N", "st": "N\u00e3o eleito"}, {"seq": "163", "n": "22200", "vap": "47", "pvap": "   0,13", "e": "N", "st": "N\u00e3o eleito"}, {"seq": "175", "n": "22333", "vap": "32", "pvap": "   0,09", "e": "N", "st": "N\u00e3o eleito"}, {"seq": "146", "n": "22243", "vap": "92", "pvap": "   0,26", "e": "N", "st": "N\u00e3o eleito"}, {"seq": "157", "n": "22000", "vap": "56", "pvap": "   0,16", "e": "N", "st": "N\u00e3o eleito"}, {"seq": "164", "n": "22122", "vap": "47", "pvap": "   0,13", "e": "N", "st": "N\u00e3o eleito"}, {"seq": "189", "n": "22613", "vap": "12", "pvap": "   0,03", "e": "N", "st": "N\u00e3o eleito"}, {"seq": "150", "n": "22111", "vap": "71", "pvap": "   0,20", "e": "N", "st": "N\u00e3o eleito"}, {"seq": "168", "n": "22622", "vap": "37", "pvap": "   0,11", "e": "N", "st": "N\u00e3o eleito"}, {"seq": "119", "n": "65888", "vap": "24", "pvap": "   0,07", "e": "N", "st": "Suplente"}, {"seq": "126", "n": "65456", "vap": "9", "pvap": "   0,03", "e": "N", "st": "Suplente"}, {"seq": "82", "n": "65654", "vap": "70", "pvap": "   0,20", "e": "N", "st": "Suplente"}, {"seq": "69", "n": "65777", "vap": "92", "pvap": "   0,26", "e": "N", "st": "Suplente"}, {"seq": "52", "n": "65333", "vap": "168", "pvap": "   0,48", "e": "N", "st": "Suplente"}, {"seq": "60", "n": "65666", "vap": "113", "pvap": "   0,32", "e": "N", "st": "Suplente"}, {"seq": "101", "n": "65432", "vap": "37", "pvap": "   0,11", "e": "N", "st": "Suplente"}, {"seq": "64", "n": "65111", "vap": "102", "pvap": "   0,29", "e": "N", "st": "Suplente"}, {"seq": "51", "n": "65236", "vap": "171", "pvap": "   0,49", "e": "N", "st": "Suplente"}, {"seq": "15", "n": "65555", "vap": "550", "pvap": "   1,57", "e": "S", "st": "Eleito"}, {"seq": "47", "n": "65000", "vap": "196", "pvap": "   0,56", "e": "N", "st": "Suplente"}, {"seq": "129", "n": "65233", "vap": "8", "pvap": "   0,02", "e": "N", "st": "Suplente"}, {"seq": "36", "n": "65123", "vap": "309", "pvap": "   0,88", "e": "N", "st": "Suplente"}, {"seq": "84", "n": "65100", "vap": "60", "pvap": "   0,17", "e": "N", "st": "Suplente"}, {"seq": "40", "n": "65444", "vap": "298", "pvap": "   0,85", "e": "N", "st": "Suplente"}, {"seq": "85", "n": "65222", "vap": "57", "pvap": "   0,16", "e": "N", "st": "Suplente"}, {"seq": "99", "n": "55012", "vap": "40", "pvap": "   0,11", "e": "N", "st": "Suplente"}, {"seq": "83", "n": "55543", "vap": "60", "pvap": "   0,17", "e": "N", "st": "Suplente"}, {"seq": "77", "n": "55123", "vap": "77", "pvap": "   0,22", "e": "N", "st": "Suplente"}, {"seq": "17", "n": "55555", "vap": "568", "pvap": "   1,62", "e": "N", "st": "Suplente"}, {"seq": "81", "n": "55111", "vap": "70", "pvap": "   0,20", "e": "N", "st": "Suplente"}, {"seq": "73", "n": "55789", "vap": "84", "pvap": "   0,24", "e": "N", "st": "Suplente"}, {"seq": "100", "n": "55567", "vap": "39", "pvap": "   0,11", "e": "N", "st": "Suplente"}, {"seq": "125", "n": "55293", "vap": "10", "pvap": "   0,03", "e": "N", "st": "Suplente"}, {"seq": "107", "n": "55125", "vap": "35", "pvap": "   0,10", "e": "N", "st": "Suplente"}, {"seq": "11", "n": "55444", "vap": "590", "pvap": "   1,68", "e": "S", "st": "Eleito"}, {"seq": "91", "n": "55501", "vap": "44", "pvap": "   0,13", "e": "N", "st": "Suplente"}, {"seq": "56", "n": "55222", "vap": "135", "pvap": "   0,39", "e": "N", "st": "Suplente"}, {"seq": "37", "n": "55456", "vap": "308", "pvap": "   0,88", "e": "N", "st": "Suplente"}, {"seq": "24", "n": "55000", "vap": "472", "pvap": "   1,35", "e": "N", "st": "Suplente"}, {"seq": "117", "n": "55147", "vap": "27", "pvap": "   0,08", "e": "N", "st": "Suplente"}, {"seq": "66", "n": "55345", "vap": "96", "pvap": "   0,27", "e": "N", "st": "Suplente"}, {"seq": "8", "n": "55500", "vap": "717", "pvap": "   2,05", "e": "S", "st": "Eleito"}, {"seq": "122", "n": "55160", "vap": "16", "pvap": "   0,05", "e": "N", "st": "Suplente"}, {"seq": "80", "n": "55660", "vap": "71", "pvap": "   0,20", "e": "N", "st": "Suplente"}, {"seq": "186", "n": "50500", "vap": "14", "pvap": "   0,04", "e": "N", "st": "N\u00e3o eleito"}, {"seq": "187", "n": "50555", "vap": "13", "pvap": "   0,04", "e": "N", "st": "N\u00e3o eleito"}, {"seq": "183", "n": "50550", "vap": "17", "pvap": "   0,05", "e": "N", "st": "N\u00e3o eleito"}, {"seq": "200", "n": "50001", "vap": "4", "pvap": "   0,01", "e": "N", "st": "N\u00e3o eleito"}, {"seq": "203", "n": "50104", "vap": "2", "pvap": "   0,01", "e": "N", "st": "N\u00e3o eleito"}, {"seq": "211", "n": "50291", "vap": "0", "pvap": "00.00", "e": "N", "st": "N\u00e3o eleito"}, {"seq": "145", "n": "50123", "vap": "95", "pvap": "   0,27", "e": "N", "st": "N\u00e3o eleito"}, {"seq": "161", "n": "50000", "vap": "49", "pvap": "   0,14", "e": "N", "st": "N\u00e3o eleito"}, {"seq": "193", "n": "50789", "vap": "10", "pvap": "   0,03", "e": "N", "st": "N\u00e3o eleito"}, {"seq": "182", "n": "50222", "vap": "17", "pvap": "   0,05", "e": "N", "st": "N\u00e3o eleito"}, {"seq": "204", "n": "50777", "vap": "2", "pvap": "   0,01", "e": "N", "st": "N\u00e3o eleito"}, {"seq": "177", "n": "50255", "vap": "27", "pvap": "   0,08", "e": "N", "st": "N\u00e3o eleito"}, {"seq": "206", "n": "50050", "vap": "1", "pvap": "   0,00", "e": "N", "st": "N\u00e3o eleito"}, {"seq": "201", "n": "50333", "vap": "4", "pvap": "   0,01", "e": "N", "st": "N\u00e3o eleito"}, {"seq": "199", "n": "50432", "vap": "7", "pvap": "   0,02", "e": "N", "st": "N\u00e3o eleito"}, {"seq": "116", "n": "45002", "vap": "28", "pvap": "   0,08", "e": "N", "st": "Suplente"}, {"seq": "112", "n": "45067", "vap": "32", "pvap": "   0,09", "e": "N", "st": "Suplente"}, {"seq": "41", "n": "45222", "vap": "282", "pvap": "   0,80", "e": "N", "st": "Suplente"}, {"seq": "86", "n": "45836", "vap": "56", "pvap": "   0,16", "e": "N", "st": "Suplente"}, {"seq": "76", "n": "45045", "vap": "79", "pvap": "   0,23", "e": "N", "st": "Suplente"}, {"seq": "67", "n": "45011", "vap": "95", "pvap": "   0,27", "e": "N", "st": "Suplente"}, {"seq": "55", "n": "45444", "vap": "135", "pvap": "   0,39", "e": "N", "st": "Suplente"}, {"seq": "45", "n": "45755", "vap": "208", "pvap": "   0,59", "e": "N", "st": "Suplente"}, {"seq": "97", "n": "45999", "vap": "40", "pvap": "   0,11", "e": "N", "st": "Suplente"}, {"seq": "2", "n": "45000", "vap": "1007", "pvap": "   2,87", "e": "S", "st": "Eleito"}, {"seq": "89", "n": "45150", "vap": "46", "pvap": "   0,13", "e": "N", "st": "Suplente"}, {"seq": "30", "n": "45123", "vap": "347", "pvap": "   0,99", "e": "N", "st": "Suplente"}, {"seq": "103", "n": "45111", "vap": "36", "pvap": "   0,10", "e": "N", "st": "Suplente"}, {"seq": "115", "n": "45888", "vap": "28", "pvap": "   0,08", "e": "N", "st": "Suplente"}, {"seq": "53", "n": "45450", "vap": "158", "pvap": "   0,45", "e": "N", "st": "Suplente"}, {"seq": "1", "n": "45555", "vap": "1292", "pvap": "   3,69", "e": "S", "st": "Eleito"}, {"seq": "61", "n": "45645", "vap": "111", "pvap": "   0,32", "e": "N", "st": "Suplente"}, {"seq": "108", "n": "45500", "vap": "34", "pvap": "   0,10", "e": "N", "st": "Suplente"}, {"seq": "39", "n": "45333", "vap": "298", "pvap": "   0,85", "e": "N", "st": "Suplente"}, {"seq": "48", "n": "45777", "vap": "190", "pvap": "   0,54", "e": "N", "st": "Suplente"}, {"seq": "114", "n": "45454", "vap": "29", "pvap": "   0,08", "e": "N", "st": "Suplente"}, {"seq": "12", "n": "45678", "vap": "574", "pvap": "   1,64", "e": "S", "st": "Eleito"}, {"seq": "59", "n": "13555", "vap": "119", "pvap": "   0,34", "e": "N", "st": "Suplente"}, {"seq": "6", "n": "13640", "vap": "775", "pvap": "   2,21", "e": "S", "st": "Eleito"}, {"seq": "29", "n": "13456", "vap": "384", "pvap": "   1,10", "e": "N", "st": "Suplente"}, {"seq": "135", "n": "13130", "vap": "1", "pvap": "   0,00", "e": "N", "st": "Suplente"}, {"seq": "43", "n": "13000", "vap": "259", "pvap": "   0,74", "e": "N", "st": "Suplente"}, {"seq": "72", "n": "13333", "vap": "84", "pvap": "   0,24", "e": "N", "st": "Suplente"}, {"seq": "18", "n": "13680", "vap": "554", "pvap": "   1,58", "e": "N", "st": "Suplente"}, {"seq": "10", "n": "13613", "vap": "655", "pvap": "   1,87", "e": "S", "st": "Eleito"}, {"seq": "46", "n": "13131", "vap": "206", "pvap": "   0,59", "e": "N", "st": "Suplente"}, {"seq": "123", "n": "13124", "vap": "14", "pvap": "   0,04", "e": "N", "st": "Suplente"}, {"seq": "23", "n": "13111", "vap": "482", "pvap": "   1,38", "e": "N", "st": "Suplente"}, {"seq": "20", "n": "13690", "vap": "512", "pvap": "   1,46", "e": "N", "st": "Suplente"}, {"seq": "133", "n": "13123", "vap": "3", "pvap": "   0,01", "e": "N", "st": "Suplente"}, {"seq": "35", "n": "13789", "vap": "317", "pvap": "   0,90", "e": "N", "st": "Suplente"}, {"seq": "90", "n": "13199", "vap": "45", "pvap": "   0,13", "e": "N", "st": "Suplente"}, {"seq": "110", "n": "13699", "vap": "33", "pvap": "   0,09", "e": "N", "st": "Suplente"}, {"seq": "197", "n": "77200", "vap": "7", "pvap": "   0,02", "e": "N", "st": "N\u00e3o eleito"}, {"seq": "171", "n": "77500", "vap": "36", "pvap": "   0,10", "e": "N", "st": "N\u00e3o eleito"}, {"seq": "162", "n": "77100", "vap": "48", "pvap": "   0,14", "e": "N", "st": "N\u00e3o eleito"}, {"seq": "196", "n": "77888", "vap": "8", "pvap": "   0,02", "e": "N", "st": "N\u00e3o eleito"}, {"seq": "178", "n": "77999", "vap": "25", "pvap": "   0,07", "e": "N", "st": "N\u00e3o eleito"}, {"seq": "202", "n": "77266", "vap": "2", "pvap": "   0,01", "e": "N", "st": "N\u00e3o eleito"}, {"seq": "159", "n": "77555", "vap": "50", "pvap": "   0,14", "e": "N", "st": "N\u00e3o eleito"}, {"seq": "194", "n": "77800", "vap": "9", "pvap": "   0,03", "e": "N", "st": "N\u00e3o eleito"}, {"seq": "191", "n": "77123", "vap": "11", "pvap": "   0,03", "e": "N", "st": "N\u00e3o eleito"}, {"seq": "140", "n": "77777", "vap": "238", "pvap": "   0,68", "e": "N", "st": "N\u00e3o eleito"}, {"seq": "188", "n": "77700", "vap": "12", "pvap": "   0,03", "e": "N", "st": "N\u00e3o eleito"}, {"seq": "172", "n": "77778", "vap": "35", "pvap": "   0,10", "e": "N", "st": "N\u00e3o eleito"}, {"seq": "192", "n": "77077", "vap": "11", "pvap": "   0,03", "e": "N", "st": "N\u00e3o eleito"}, {"seq": "155", "n": "77000", "vap": "63", "pvap": "   0,18", "e": "N", "st": "N\u00e3o eleito"}, {"seq": "136", "n": "10045", "vap": "1", "pvap": "   0,00", "e": "N", "st": "Suplente"}, {"seq": "14", "n": "10444", "vap": "560", "pvap": "   1,60", "e": "S", "st": "Eleito"}, {"seq": "113", "n": "10345", "vap": "30", "pvap": "   0,09", "e": "N", "st": "Suplente"}, {"seq": "74", "n": "10888", "vap": "84", "pvap": "   0,24", "e": "N", "st": "Suplente"}, {"seq": "75", "n": "10777", "vap": "84", "pvap": "   0,24", "e": "N", "st": "Suplente"}, {"seq": "94", "n": "10666", "vap": "42", "pvap": "   0,12", "e": "N", "st": "Suplente"}, {"seq": "4", "n": "10123", "vap": "796", "pvap": "   2,27", "e": "S", "st": "Eleito"}, {"seq": "54", "n": "10250", "vap": "136", "pvap": "   0,39", "e": "N", "st": "Suplente"}, {"seq": "26", "n": "10456", "vap": "401", "pvap": "   1,14", "e": "N", "st": "Suplente"}, {"seq": "124", "n": "10999", "vap": "13", "pvap": "   0,04", "e": "N", "st": "Suplente"}, {"seq": "131", "n": "10470", "vap": "6", "pvap": "   0,02", "e": "N", "st": "Suplente"}, {"seq": "22", "n": "10000", "vap": "497", "pvap": "   1,42", "e": "N", "st": "Suplente"}, {"seq": "128", "n": "10678", "vap": "9", "pvap": "   0,03", "e": "N", "st": "Suplente"}, {"seq": "95", "n": "10234", "vap": "41", "pvap": "   0,12", "e": "N", "st": "Suplente"}, {"seq": "57", "n": "10222", "vap": "133", "pvap": "   0,38", "e": "N", "st": "Suplente"}, {"seq": "71", "n": "10555", "vap": "87", "pvap": "   0,25", "e": "N", "st": "Suplente"}, {"seq": "5", "n": "10111", "vap": "794", "pvap": "   2,27", "e": "S", "st": "Eleito"}, {"seq": "50", "n": "10910", "vap": "182", "pvap": "   0,52", "e": "N", "st": "Suplente"}, {"seq": "25", "n": "10789", "vap": "415", "pvap": "   1,18", "e": "N", "st": "Suplente"}, {"seq": "134", "n": "10567", "vap": "3", "pvap": "   0,01", "e": "N", "st": "Suplente"}, {"seq": "38", "n": "10333", "vap": "302", "pvap": "   0,86", "e": "N", "st": "Suplente"}, {"seq": "42", "n": "10100", "vap": "278", "pvap": "   0,79", "e": "N", "st": "Suplente"}, {"seq": "109", "n": "10224", "vap": "34", "pvap": "   0,10", "e": "N", "st": "Suplente"}, {"seq": "160", "n": "19200", "vap": "49", "pvap": "   0,14", "e": "N", "st": "N\u00e3o eleito"}, {"seq": "169", "n": "19658", "vap": "36", "pvap": "   0,10", "e": "N", "st": "N\u00e3o eleito"}, {"seq": "156", "n": "19456", "vap": "58", "pvap": "   0,17", "e": "N", "st": "N\u00e3o eleito"}, {"seq": "195", "n": "19180", "vap": "8", "pvap": "   0,02", "e": "N", "st": "N\u00e3o eleito"}, {"seq": "148", "n": "19999", "vap": "86", "pvap": "   0,25", "e": "N", "st": "N\u00e3o eleito"}, {"seq": "180", "n": "19137", "vap": "17", "pvap": "   0,05", "e": "N", "st": "N\u00e3o eleito"}, {"seq": "185", "n": "19133", "vap": "15", "pvap": "   0,04", "e": "N", "st": "N\u00e3o eleito"}, {"seq": "165", "n": "19190", "vap": "46", "pvap": "   0,13", "e": "N", "st": "N\u00e3o eleito"}, {"seq": "144", "n": "19019", "vap": "97", "pvap": "   0,28", "e": "N", "st": "N\u00e3o eleito"}, {"seq": "149", "n": "19222", "vap": "84", "pvap": "   0,24", "e": "N", "st": "N\u00e3o eleito"}, {"seq": "167", "n": "19000", "vap": "42", "pvap": "   0,12", "e": "N", "st": "N\u00e3o eleito"}, {"seq": "176", "n": "19789", "vap": "32", "pvap": "   0,09", "e": "N", "st": "N\u00e3o eleito"}, {"seq": "138", "n": "19123", "vap": "304", "pvap": "   0,87", "e": "N", "st": "N\u00e3o eleito"}, {"seq": "190", "n": "19444", "vap": "12", "pvap": "   0,03", "e": "N", "st": "N\u00e3o eleito"}, {"seq": "158", "n": "19678", "vap": "52", "pvap": "   0,15", "e": "N", "st": "N\u00e3o eleito"}, {"seq": "174", "n": "19111", "vap": "34", "pvap": "   0,10", "e": "N", "st": "N\u00e3o eleito"}, {"seq": "207", "n": "18777", "vap": "1", "pvap": "   0,00", "e": "N", "st": "N\u00e3o eleito"}, {"seq": "179", "n": "18123", "vap": "19", "pvap": "   0,05", "e": "N", "st": "N\u00e3o eleito"}, {"seq": "198", "n": "18000", "vap": "7", "pvap": "   0,02", "e": "N", "st": "N\u00e3o eleito"}, {"seq": "209", "n": "18189", "vap": "1", "pvap": "   0,00", "e": "N", "st": "N\u00e3o eleito"}, {"seq": "208", "n": "18456", "vap": "1", "pvap": "   0,00", "e": "N", "st": "N\u00e3o eleito"}]}, {"dt": "15/11/2020", "ht": "23:06:47", "tf": "S", "and": "F", "tpabr": "ZONA", "cdabr": "172", "s": "106", "st": "106", "snt": "0", "si": "106", "sni": "0", "sa": "106", "sna": "0", "pst": " 100,00", "psnt": "   0,00", "psi": " 100,00", "psni": "   0,00", "psa": " 100,00", "psna": "   0,00", "e": "46954", "ea": "46954", "ena": "0", "esi": "46954", "esni": "0", "a": "10289", "c": "36665", "pea": " 100,00", "pena": "   0,00", "pesi": " 100,00", "pesni": "   0,00", "pa": "  21,91", "pc": "  78,09", "vnom": "32591", "vscv": "0", "vl": "2455", "tv": "36665", "vvc": "35046", "vb": "466", "tvn": "1153", "vn": "1150", "vnt": "3", "vp": "0", "vv": "35046", "van": "0", "vansj": "0", "pvnom": "  92,99", "pvl": "   7,01", "pvvc": "  95,58", "pvb": "   1,28", "ptvn": "   3,14", "pvn": "  99,74", "pvnt": "   0,26", "pvp": "   0,00", "pvv": " 100,00", "pvan": "   0,00", "pvansj": "   0,00", "cand": [{"seq": "16", "n": "90888", "vap": "655", "pvap": "   1,87", "e": "N", "st": "Suplente"}, {"seq": "9", "n": "90000", "vap": "683", "pvap": "   1,95", "e": "S", "st": "Eleito"}, {"seq": "96", "n": "90333", "vap": "40", "pvap": "   0,11", "e": "N", "st": "Suplente"}, {"seq": "105", "n": "90991", "vap": "36", "pvap": "   0,10", "e": "N", "st": "Suplente"}, {"seq": "87", "n": "90555", "vap": "50", "pvap": "   0,14", "e": "N", "st": "Suplente"}, {"seq": "127", "n": "90590", "vap": "9", "pvap": "   0,03", "e": "N", "st": "Suplente"}, {"seq": "28", "n": "90100", "vap": "393", "pvap": "   1,12", "e": "N", "st": "Suplente"}, {"seq": "68", "n": "90444", "vap": "95", "pvap": "   0,27", "e": "N", "st": "Suplente"}, {"seq": "120", "n": "90452", "vap": "22", "pvap": "   0,06", "e": "N", "st": "Suplente"}, {"seq": "130", "n": "90456", "vap": "7", "pvap": "   0,02", "e": "N", "st": "Suplente"}, {"seq": "121", "n": "90852", "vap": "20", "pvap": "   0,06", "e": "N", "st": "Suplente"}, {"seq": "102", "n": "90903", "vap": "37", "pvap": "   0,11", "e": "N", "st": "Suplente"}, {"seq": "7", "n": "90999", "vap": "729", "pvap": "   2,08", "e": "S", "st": "Eleito"}, {"seq": "118", "n": "90111", "vap": "24", "pvap": "   0,07", "e": "N", "st": "Suplente"}, {"seq": "104", "n": "90222", "vap": "36", "pvap": "   0,10", "e": "N", "st": "Suplente"}, {"seq": "44", "n": "90500", "vap": "257", "pvap": "   0,73", "e": "N", "st": "Suplente"}, {"seq": "106", "n": "90777", "vap": "35", "pvap": "   0,10", "e": "N", "st": "Suplente"}, {"seq": "27", "n": "90345", "vap": "398", "pvap": "   1,14", "e": "N", "st": "Suplente"}, {"seq": "33", "n": "90987", "vap": "319", "pvap": "   0,91", "e": "N", "st": "Suplente"}, {"seq": "88", "n": "90123", "vap": "48", "pvap": "   0,14", "e": "N", "st": "Suplente"}, {"seq": "58", "n": "90234", "vap": "130", "pvap": "   0,37", "e": "N", "st": "Suplente"}, {"seq": "79", "n": "12111", "vap": "73", "pvap": "   0,21", "e": "N", "st": "Suplente"}, {"seq": "78", "n": "12222", "vap": "76", "pvap": "   0,22", "e": "N", "st": "Suplente"}, {"seq": "93", "n": "12344", "vap": "42", "pvap": "   0,12", "e": "N", "st": "Suplente"}, {"seq": "49", "n": "12456", "vap": "188", "pvap": "   0,54", "e": "N", "st": "Suplente"}, {"seq": "19", "n": "12789", "vap": "528", "pvap": "   1,51", "e": "N", "st": "Suplente"}, {"seq": "21", "n": "12000", "vap": "500", "pvap": "   1,43", "e": "N", "st": "Suplente"}, {"seq": "111", "n": "12045", "vap": "33", "pvap": "   0,09", "e": "N", "st": "Suplente"}, {"seq": "70", "n": "12300", "vap": "90", "pvap": "   0,26", "e": "N", "st": "Suplente"}, {"seq": "13", "n": "12333", "vap": "571", "pvap": "   1,63", "e": "S", "st": "Eleito"}, {"seq": "3", "n": "12345", "vap": "988", "pvap": "   2,82", "e": "S", "st": "Eleito"}, {"seq": "63", "n": "12555", "vap": "106", "pvap": "   0,30", "e": "N", "st": "Suplente"}, {"seq": "65", "n": "12888", "vap": "101", "pvap": "   0,29", "e": "N", "st": "Suplente"}, {"seq": "31", "n": "12355", "vap": "334", "pvap": "   0,95", "e": "N", "st": "Suplente"}, {"seq": "92", "n": "12444", "vap": "44", "pvap": "   0,13", "e": "N", "st": "Suplente"}, {"seq": "32", "n": "12123", "vap": "329", "pvap": "   0,94", "e": "N", "st": "Suplente"}, {"seq": "98", "n": "12999", "vap": "40", "pvap": "   0,11", "e": "N", "st": "Suplente"}, {"seq": "132", "n": "12233", "vap": "5", "pvap": "   0,01", "e": "N", "st": "Suplente"}, {"seq": "62", "n": "12012", "vap": "107", "pvap": "   0,31", "e": "N", "st": "Suplente"}, {"seq": "34", "n": "12500", "vap": "317", "pvap": "   0,90", "e": "N", "st": "Suplente"}, {"seq": "116", "n": "45002", "vap": "28", "pvap": "   0,08", "e": "N", "st": "Suplente"}, {"seq": "103", "n": "45111", "vap": "36", "pvap": "   0,10", "e": "N", "st": "Suplente"}, {"seq": "89", "n": "45150", "vap": "46", "pvap": "   0,13", "e": "N", "st": "Suplente"}, {"seq": "41", "n": "45222", "vap": "282", "pvap": "   0,80", "e": "N", "st": "Suplente"}, {"seq": "12", "n": "45678", "vap": "574", "pvap": "   1,64", "e": "S", "st": "Eleito"}, {"seq": "1", "n": "45555", "vap": "1292", "pvap": "   3,69", "e": "S", "st": "Eleito"}, {"seq": "76", "n": "45045", "vap": "79", "pvap": "   0,23", "e": "N", "st": "Suplente"}, {"seq": "39", "n": "45333", "vap": "298", "pvap": "   0,85", "e": "N", "st": "Suplente"}, {"seq": "48", "n": "45777", "vap": "190", "pvap": "   0,54", "e": "N", "st": "Suplente"}, {"seq": "67", "n": "45011", "vap": "95", "pvap": "   0,27", "e": "N", "st": "Suplente"}, {"seq": "114", "n": "45454", "vap": "29", "pvap": "   0,08", "e": "N", "st": "Suplente"}, {"seq": "115", "n": "45888", "vap": "28", "pvap": "   0,08", "e": "N", "st": "Suplente"}, {"seq": "108", "n": "45500", "vap": "34", "pvap": "   0,10", "e": "N", "st": "Suplente"}, {"seq": "2", "n": "45000", "vap": "1007", "pvap": "   2,87", "e": "S", "st": "Eleito"}, {"seq": "30", "n": "45123", "vap": "347", "pvap": "   0,99", "e": "N", "st": "Suplente"}, {"seq": "45", "n": "45755", "vap": "208", "pvap": "   0,59", "e": "N", "st": "Suplente"}, {"seq": "53", "n": "45450", "vap": "158", "pvap": "   0,45", "e": "N", "st": "Suplente"}, {"seq": "97", "n": "45999", "vap": "40", "pvap": "   0,11", "e": "N", "st": "Suplente"}, {"seq": "55", "n": "45444", "vap": "135", "pvap": "   0,39", "e": "N", "st": "Suplente"}, {"seq": "86", "n": "45836", "vap": "56", "pvap": "   0,16", "e": "N", "st": "Suplente"}, {"seq": "61", "n": "45645", "vap": "111", "pvap": "   0,32", "e": "N", "st": "Suplente"}, {"seq": "112", "n": "45067", "vap": "32", "pvap": "   0,09", "e": "N", "st": "Suplente"}, {"seq": "183", "n": "50550", "vap": "17", "pvap": "   0,05", "e": "N", "st": "N\u00e3o eleito"}, {"seq": "187", "n": "50555", "vap": "13", "pvap": "   0,04", "e": "N", "st": "N\u00e3o eleito"}, {"seq": "204", "n": "50777", "vap": "2", "pvap": "   0,01", "e": "N", "st": "N\u00e3o eleito"}, {"seq": "193", "n": "50789", "vap": "10", "pvap": "   0,03", "e": "N", "st": "N\u00e3o eleito"}, {"seq": "203", "n": "50104", "vap": "2", "pvap": "   0,01", "e": "N", "st": "N\u00e3o eleito"}, {"seq": "177", "n": "50255", "vap": "27", "pvap": "   0,08", "e": "N", "st": "N\u00e3o eleito"}, {"seq": "211", "n": "50291", "vap": "0", "pvap": "00.00", "e": "N", "st": "N\u00e3o eleito"}, {"seq": "161", "n": "50000", "vap": "49", "pvap": "   0,14", "e": "N", "st": "N\u00e3o eleito"}, {"seq": "199", "n": "50432", "vap": "7", "pvap": "   0,02", "e": "N", "st": "N\u00e3o eleito"}, {"seq": "145", "n": "50123", "vap": "95", "pvap": "   0,27", "e": "N", "st": "N\u00e3o eleito"}, {"seq": "186", "n": "50500", "vap": "14", "pvap": "   0,04", "e": "N", "st": "N\u00e3o eleito"}, {"seq": "182", "n": "50222", "vap": "17", "pvap": "   0,05", "e": "N", "st": "N\u00e3o eleito"}, {"seq": "200", "n": "50001", "vap": "4", "pvap": "   0,01", "e": "N", "st": "N\u00e3o eleito"}, {"seq": "206", "n": "50050", "vap": "1", "pvap": "   0,00", "e": "N", "st": "N\u00e3o eleito"}, {"seq": "201", "n": "50333", "vap": "4", "pvap": "   0,01", "e": "N", "st": "N\u00e3o eleito"}, {"seq": "184", "n": "28355", "vap": "16", "pvap": "   0,05", "e": "N", "st": "N\u00e3o eleito"}, {"seq": "147", "n": "28123", "vap": "89", "pvap": "   0,25", "e": "N", "st": "N\u00e3o eleito"}, {"seq": "139", "n": "28888", "vap": "293", "pvap": "   0,84", "e": "N", "st": "N\u00e3o eleito"}, {"seq": "142", "n": "28444", "vap": "141", "pvap": "   0,40", "e": "N", "st": "N\u00e3o eleito"}, {"seq": "153", "n": "28000", "vap": "69", "pvap": "   0,20", "e": "N", "st": "N\u00e3o eleito"}, {"seq": "209", "n": "18189", "vap": "1", "pvap": "   0,00", "e": "N", "st": "N\u00e3o eleito"}, {"seq": "198", "n": "18000", "vap": "7", "pvap": "   0,02", "e": "N", "st": "N\u00e3o eleito"}, {"seq": "208", "n": "18456", "vap": "1", "pvap": "   0,00", "e": "N", "st": "N\u00e3o eleito"}, {"seq": "179", "n": "18123", "vap": "19", "pvap": "   0,05", "e": "N", "st": "N\u00e3o eleito"}, {"seq": "207", "n": "18777", "vap": "1", "pvap": "   0,00", "e": "N", "st": "N\u00e3o eleito"}, {"seq": "194", "n": "77800", "vap": "9", "pvap": "   0,03", "e": "N", "st": "N\u00e3o eleito"}, {"seq": "191", "n": "77123", "vap": "11", "pvap": "   0,03", "e": "N", "st": "N\u00e3o eleito"}, {"seq": "159", "n": "77555", "vap": "50", "pvap": "   0,14", "e": "N", "st": "N\u00e3o eleito"}, {"seq": "162", "n": "77100", "vap": "48", "pvap": "   0,14", "e": "N", "st": "N\u00e3o eleito"}, {"seq": "192", "n": "77077", "vap": "11", "pvap": "   0,03", "e": "N", "st": "N\u00e3o eleito"}, {"seq": "155", "n": "77000", "vap": "63", "pvap": "   0,18", "e": "N", "st": "N\u00e3o eleito"}, {"seq": "202", "n": "77266", "vap": "2", "pvap": "   0,01", "e": "N", "st": "N\u00e3o eleito"}, {"seq": "196", "n": "77888", "vap": "8", "pvap": "   0,02", "e": "N", "st": "N\u00e3o eleito"}, {"seq": "178", "n": "77999", "vap": "25", "pvap": "   0,07", "e": "N", "st": "N\u00e3o eleito"}, {"seq": "188", "n": "77700", "vap": "12", "pvap": "   0,03", "e": "N", "st": "N\u00e3o eleito"}, {"seq": "172", "n": "77778", "vap": "35", "pvap": "   0,10", "e": "N", "st": "N\u00e3o eleito"}, {"seq": "197", "n": "77200", "vap": "7", "pvap": "   0,02", "e": "N", "st": "N\u00e3o eleito"}, {"seq": "171", "n": "77500", "vap": "36", "pvap": "   0,10", "e": "N", "st": "N\u00e3o eleito"}, {"seq": "140", "n": "77777", "vap": "238", "pvap": "   0,68", "e": "N", "st": "N\u00e3o eleito"}, {"seq": "175", "n": "22333", "vap": "32", "pvap": "   0,09", "e": "N", "st": "N\u00e3o eleito"}, {"seq": "152", "n": "22666", "vap": "70", "pvap": "   0,20", "e": "N", "st": "N\u00e3o eleito"}, {"seq": "170", "n": "22999", "vap": "36", "pvap": "   0,10", "e": "N", "st": "N\u00e3o eleito"}, {"seq": "166", "n": "22555", "vap": "44", "pvap": "   0,13", "e": "N", "st": "N\u00e3o eleito"}, {"seq": "189", "n": "22613", "vap": "12", "pvap": "   0,03", "e": "N", "st": "N\u00e3o eleito"}, {"seq": "157", "n": "22000", "vap": "56", "pvap": "   0,16", "e": "N", "st": "N\u00e3o eleito"}, {"seq": "173", "n": "22322", "vap": "34", "pvap": "   0,10", "e": "N", "st": "N\u00e3o eleito"}, {"seq": "143", "n": "22444", "vap": "117", "pvap": "   0,33", "e": "N", "st": "N\u00e3o eleito"}, {"seq": "141", "n": "22123", "vap": "198", "pvap": "   0,56", "e": "N", "st": "N\u00e3o eleito"}, {"seq": "163", "n": "22200", "vap": "47", "pvap": "   0,13", "e": "N", "st": "N\u00e3o eleito"}, {"seq": "210", "n": "22777", "vap": "0", "pvap": "00.00", "e": "N", "st": "N\u00e3o eleito"}, {"seq": "154", "n": "22300", "vap": "63", "pvap": "   0,18", "e": "N", "st": "N\u00e3o eleito"}, {"seq": "164", "n": "22122", "vap": "47", "pvap": "   0,13", "e": "N", "st": "N\u00e3o eleito"}, {"seq": "205", "n": "22190", "vap": "1", "pvap": "   0,00", "e": "N", "st": "N\u00e3o eleito"}, {"seq": "137", "n": "22222", "vap": "427", "pvap": "   1,22", "e": "N", "st": "N\u00e3o eleito"}, {"seq": "151", "n": "22345", "vap": "70", "pvap": "   0,20", "e": "N", "st": "N\u00e3o eleito"}, {"seq": "168", "n": "22622", "vap": "37", "pvap": "   0,11", "e": "N", "st": "N\u00e3o eleito"}, {"seq": "150", "n": "22111", "vap": "71", "pvap": "   0,20", "e": "N", "st": "N\u00e3o eleito"}, {"seq": "181", "n": "22221", "vap": "17", "pvap": "   0,05", "e": "N", "st": "N\u00e3o eleito"}, {"seq": "146", "n": "22243", "vap": "92", "pvap": "   0,26", "e": "N", "st": "N\u00e3o eleito"}, {"seq": "101", "n": "65432", "vap": "37", "pvap": "   0,11", "e": "N", "st": "Suplente"}, {"seq": "36", "n": "65123", "vap": "309", "pvap": "   0,88", "e": "N", "st": "Suplente"}, {"seq": "82", "n": "65654", "vap": "70", "pvap": "   0,20", "e": "N", "st": "Suplente"}, {"seq": "84", "n": "65100", "vap": "60", "pvap": "   0,17", "e": "N", "st": "Suplente"}, {"seq": "69", "n": "65777", "vap": "92", "pvap": "   0,26", "e": "N", "st": "Suplente"}, {"seq": "40", "n": "65444", "vap": "298", "pvap": "   0,85", "e": "N", "st": "Suplente"}, {"seq": "52", "n": "65333", "vap": "168", "pvap": "   0,48", "e": "N", "st": "Suplente"}, {"seq": "129", "n": "65233", "vap": "8", "pvap": "   0,02", "e": "N", "st": "Suplente"}, {"seq": "119", "n": "65888", "vap": "24", "pvap": "   0,07", "e": "N", "st": "Suplente"}, {"seq": "15", "n": "65555", "vap": "550", "pvap": "   1,57", "e": "S", "st": "Eleito"}, {"seq": "51", "n": "65236", "vap": "171", "pvap": "   0,49", "e": "N", "st": "Suplente"}, {"seq": "85", "n": "65222", "vap": "57", "pvap": "   0,16", "e": "N", "st": "Suplente"}, {"seq": "126", "n": "65456", "vap": "9", "pvap": "   0,03", "e": "N", "st": "Suplente"}, {"seq": "64", "n": "65111", "vap": "102", "pvap": "   0,29", "e": "N", "st": "Suplente"}, {"seq": "60", "n": "65666", "vap": "113", "pvap": "   0,32", "e": "N", "st": "Suplente"}, {"seq": "47", "n": "65000", "vap": "196", "pvap": "   0,56", "e": "N", "st": "Suplente"}, {"seq": "131", "n": "10470", "vap": "6", "pvap": "   0,02", "e": "N", "st": "Suplente"}, {"seq": "22", "n": "10000", "vap": "497", "pvap": "   1,42", "e": "N", "st": "Suplente"}, {"seq": "71", "n": "10555", "vap": "87", "pvap": "   0,25", "e": "N", "st": "Suplente"}, {"seq": "134", "n": "10567", "vap": "3", "pvap": "   0,01", "e": "N", "st": "Suplente"}, {"seq": "75", "n": "10777", "vap": "84", "pvap": "   0,24", "e": "N", "st": "Suplente"}, {"seq": "95", "n": "10234", "vap": "41", "pvap": "   0,12", "e": "N", "st": "Suplente"}, {"seq": "14", "n": "10444", "vap": "560", "pvap": "   1,60", "e": "S", "st": "Eleito"}, {"seq": "109", "n": "10224", "vap": "34", "pvap": "   0,10", "e": "N", "st": "Suplente"}, {"seq": "54", "n": "10250", "vap": "136", "pvap": "   0,39", "e": "N", "st": "Suplente"}, {"seq": "38", "n": "10333", "vap": "302", "pvap": "   0,86", "e": "N", "st": "Suplente"}, {"seq": "26", "n": "10456", "vap": "401", "pvap": "   1,14", "e": "N", "st": "Suplente"}, {"seq": "50", "n": "10910", "vap": "182", "pvap": "   0,52", "e": "N", "st": "Suplente"}, {"seq": "42", "n": "10100", "vap": "278", "pvap": "   0,79", "e": "N", "st": "Suplente"}, {"seq": "128", "n": "10678", "vap": "9", "pvap": "   0,03", "e": "N", "st": "Suplente"}, {"seq": "25", "n": "10789", "vap": "415", "pvap": "   1,18", "e": "N", "st": "Suplente"}, {"seq": "74", "n": "10888", "vap": "84", "pvap": "   0,24", "e": "N", "st": "Suplente"}, {"seq": "124", "n": "10999", "vap": "13", "pvap": "   0,04", "e": "N", "st": "Suplente"}, {"seq": "57", "n": "10222", "vap": "133", "pvap": "   0,38", "e": "N", "st": "Suplente"}, {"seq": "113", "n": "10345", "vap": "30", "pvap": "   0,09", "e": "N", "st": "Suplente"}, {"seq": "94", "n": "10666", "vap": "42", "pvap": "   0,12", "e": "N", "st": "Suplente"}, {"seq": "136", "n": "10045", "vap": "1", "pvap": "   0,00", "e": "N", "st": "Suplente"}, {"seq": "5", "n": "10111", "vap": "794", "pvap": "   2,27", "e": "S", "st": "Eleito"}, {"seq": "4", "n": "10123", "vap": "796", "pvap": "   2,27", "e": "S", "st": "Eleito"}, {"seq": "35", "n": "13789", "vap": "317", "pvap": "   0,90", "e": "N", "st": "Suplente"}, {"seq": "123", "n": "13124", "vap": "14", "pvap": "   0,04", "e": "N", "st": "Suplente"}, {"seq": "135", "n": "13130", "vap": "1", "pvap": "   0,00", "e": "N", "st": "Suplente"}, {"seq": "10", "n": "13613", "vap": "655", "pvap": "   1,87", "e": "S", "st": "Eleito"}, {"seq": "133", "n": "13123", "vap": "3", "pvap": "   0,01", "e": "N", "st": "Suplente"}, {"seq": "6", "n": "13640", "vap": "775", "pvap": "   2,21", "e": "S", "st": "Eleito"}, {"seq": "46", "n": "13131", "vap": "206", "pvap": "   0,59", "e": "N", "st": "Suplente"}, {"seq": "59", "n": "13555", "vap": "119", "pvap": "   0,34", "e": "N", "st": "Suplente"}, {"seq": "20", "n": "13690", "vap": "512", "pvap": "   1,46", "e": "N", "st": "Suplente"}, {"seq": "90", "n": "13199", "vap": "45", "pvap": "   0,13", "e": "N", "st": "Suplente"}, {"seq": "43", "n": "13000", "vap": "259", "pvap": "   0,74", "e": "N", "st": "Suplente"}, {"seq": "23", "n": "13111", "vap": "482", "pvap": "   1,38", "e": "N", "st": "Suplente"}, {"seq": "72", "n": "13333", "vap": "84", "pvap": "   0,24", "e": "N", "st": "Suplente"}, {"seq": "110", "n": "13699", "vap": "33", "pvap": "   0,09", "e": "N", "st": "Suplente"}, {"seq": "18", "n": "13680", "vap": "554", "pvap": "   1,58", "e": "N", "st": "Suplente"}, {"seq": "29", "n": "13456", "vap": "384", "pvap": "   1,10", "e": "N", "st": "Suplente"}, {"seq": "144", "n": "19019", "vap": "97", "pvap": "   0,28", "e": "N", "st": "N\u00e3o eleito"}, {"seq": "195", "n": "19180", "vap": "8", "pvap": "   0,02", "e": "N", "st": "N\u00e3o eleito"}, {"seq": "160", "n": "19200", "vap": "49", "pvap": "   0,14", "e": "N", "st": "N\u00e3o eleito"}, {"seq": "167", "n": "19000", "vap": "42", "pvap": "   0,12", "e": "N", "st": "N\u00e3o eleito"}, {"seq": "156", "n": "19456", "vap": "58", "pvap": "   0,17", "e": "N", "st": "N\u00e3o eleito"}, {"seq": "185", "n": "19133", "vap": "15", "pvap": "   0,04", "e": "N", "st": "N\u00e3o eleito"}, {"seq": "149", "n": "19222", "vap": "84", "pvap": "   0,24", "e": "N", "st": "N\u00e3o eleito"}, {"seq": "190", "n": "19444", "vap": "12", "pvap": "   0,03", "e": "N", "st": "N\u00e3o eleito"}, {"seq": "158", "n": "19678", "vap": "52", "pvap": "   0,15", "e": "N", "st": "N\u00e3o eleito"}, {"seq": "165", "n": "19190", "vap": "46", "pvap": "   0,13", "e": "N", "st": "N\u00e3o eleito"}, {"seq": "180", "n": "19137", "vap": "17", "pvap": "   0,05", "e": "N", "st": "N\u00e3o eleito"}, {"seq": "169", "n": "19658", "vap": "36", "pvap": "   0,10", "e": "N", "st": "N\u00e3o eleito"}, {"seq": "148", "n": "19999", "vap": "86", "pvap": "   0,25", "e": "N", "st": "N\u00e3o eleito"}, {"seq": "174", "n": "19111", "vap": "34", "pvap": "   0,10", "e": "N", "st": "N\u00e3o eleito"}, {"seq": "138", "n": "19123", "vap": "304", "pvap": "   0,87", "e": "N", "st": "N\u00e3o eleito"}, {"seq": "176", "n": "19789", "vap": "32", "pvap": "   0,09", "e": "N", "st": "N\u00e3o eleito"}, {"seq": "11", "n": "55444", "vap": "590", "pvap": "   1,68", "e": "S", "st": "Eleito"}, {"seq": "122", "n": "55160", "vap": "16", "pvap": "   0,05", "e": "N", "st": "Suplente"}, {"seq": "107", "n": "55125", "vap": "35", "pvap": "   0,10", "e": "N", "st": "Suplente"}, {"seq": "37", "n": "55456", "vap": "308", "pvap": "   0,88", "e": "N", "st": "Suplente"}, {"seq": "91", "n": "55501", "vap": "44", "pvap": "   0,13", "e": "N", "st": "Suplente"}, {"seq": "83", "n": "55543", "vap": "60", "pvap": "   0,17", "e": "N", "st": "Suplente"}, {"seq": "73", "n": "55789", "vap": "84", "pvap": "   0,24", "e": "N", "st": "Suplente"}, {"seq": "125", "n": "55293", "vap": "10", "pvap": "   0,03", "e": "N", "st": "Suplente"}, {"seq": "100", "n": "55567", "vap": "39", "pvap": "   0,11", "e": "N", "st": "Suplente"}, {"seq": "56", "n": "55222", "vap": "135", "pvap": "   0,39", "e": "N", "st": "Suplente"}, {"seq": "81", "n": "55111", "vap": "70", "pvap": "   0,20", "e": "N", "st": "Suplente"}, {"seq": "24", "n": "55000", "vap": "472", "pvap": "   1,35", "e": "N", "st": "Suplente"}, {"seq": "17", "n": "55555", "vap": "568", "pvap": "   1,62", "e": "N", "st": "Suplente"}, {"seq": "80", "n": "55660", "vap": "71", "pvap": "   0,20", "e": "N", "st": "Suplente"}, {"seq": "117", "n": "55147", "vap": "27", "pvap": "   0,08", "e": "N", "st": "Suplente"}, {"seq": "8", "n": "55500", "vap": "717", "pvap": "   2,05", "e": "S", "st": "Eleito"}, {"seq": "66", "n": "55345", "vap": "96", "pvap": "   0,27", "e": "N", "st": "Suplente"}, {"seq": "77", "n": "55123", "vap": "77", "pvap": "   0,22", "e": "N", "st": "Suplente"}, {"seq": "99", "n": "55012", "vap": "40", "pvap": "   0,11", "e": "N", "st": "Suplente"}]}]}