{"ele": "426", "carper": "13", "t": "1", "f": "O", "esae": "N", "mnae": " ", "dg": "15/11/2020", "hg": "23:02:14", "dv": "S", "nadf": "ba34517-c0013-e000426-002-f", "abr": [{"dt": "15/11/2020", "ht": "22:41:49", "tf": "S", "and": "F", "tpabr": "MU", "cdabr": "34517", "s": "46", "st": "46", "snt": "0", "si": "46", "sni": "0", "sa": "46", "sna": "0", "pst": " 100,00", "psnt": "   0,00", "psi": " 100,00", "psni": "   0,00", "psa": " 100,00", "psna": "   0,00", "e": "13459", "ea": "13459", "ena": "0", "esi": "13459", "esni": "0", "c": "11137", "a": "2322", "pea": " 100,00", "pena": "   0,00", "pesi": " 100,00", "pesni": "   0,00", "pa": "  17,25", "pc": "  82,75", "vscv": "0", "vnom": "9976", "vl": "606", "tv": "11137", "vvc": "10582", "vb": "105", "tvn": "450", "vn": "450", "vnt": "0", "vp": "0", "vv": "10582", "van": "0", "vansj": "0", "pvnom": "  94,27", "pvl": "   5,73", "pvvc": "  95,02", "pvb": "   0,94", "ptvn": "   4,04", "pvn": " 100,00", "pvnt": "   0,00", "pvp": "   0,00", "pvv": " 100,00", "pvan": "   0,00", "pvansj": "   0,00", "colig": [{"n": "50000108950", "tvtn": "42", "tvan": "42", "vag": "0", "tvtl": "2", "tval": "2"}, {"n": "50000150340", "tvtn": "330", "tvan": "330", "vag": "0", "tvtl": "8", "tval": "8"}, {"n": "50000149129", "tvtn": "2461", "tvan": "2461", "vag": "3", "tvtl": "142", "tval": "142"}, {"n": "50000125169", "tvtn": "1993", "tvan": "1993", "vag": "2", "tvtl": "211", "tval": "211"}, {"n": "50000108640", "tvtn": "4941", "tvan": "4941", "vag": "6", "tvtl": "239", "tval": "239"}, {"n": "50000111028", "tvtn": "209", "tvan": "209", "vag": "0", "tvtl": "4", "tval": "4"}], "part": [{"n": "27", "tvtn": "42", "tvan": "42", "tvtl": "2", "tval": "2"}, {"n": "70", "tvtn": "330", "tvan": "330", "tvtl": "8", "tval": "8"}, {"n": "25", "tvtn": "2461", "tvan": "2461", "tvtl": "142", "tval": "142"}, {"n": "40", "tvtn": "1993", "tvan": "1993", "tvtl": "211", "tval": "211"}, {"n": "55", "tvtn": "4941", "tvan": "4941", "tvtl": "239", "tval": "239"}, {"n": "20", "tvtn": "209", "tvan": "209", "tvtl": "4", "tval": "4"}], "cand": [{"seq": "50", "n": "27777", "vap": "42", "pvap": "   0,40", "e": "N", "st": "N\u00e3o eleito"}, {"seq": "47", "n": "70000", "vap": "160", "pvap": "   1,51", "e": "N", "st": "N\u00e3o eleito"}, {"seq": "52", "n": "70147", "vap": "27", "pvap": "   0,26", "e": "N", "st": "N\u00e3o eleito"}, {"seq": "61", "n": "70777", "vap": "12", "pvap": "   0,11", "e": "N", "st": "N\u00e3o eleito"}, {"seq": "65", "n": "70222", "vap": "1", "pvap": "   0,01", "e": "N", "st": "N\u00e3o eleito"}, {"seq": "63", "n": "70125", "vap": "2", "pvap": "   0,02", "e": "N", "st": "N\u00e3o eleito"}, {"seq": "51", "n": "70123", "vap": "27", "pvap": "   0,26", "e": "N", "st": "N\u00e3o eleito"}, {"seq": "66", "n": "70204", "vap": "0", "pvap": "00.00", "e": "N", "st": "N\u00e3o eleito"}, {"seq": "48", "n": "70111", "vap": "101", "pvap": "   0,95", "e": "N", "st": "N\u00e3o eleito"}, {"seq": "36", "n": "25222", "vap": "51", "pvap": "   0,48", "e": "N", "st": "Suplente"}, {"seq": "7", "n": "25111", "vap": "416", "pvap": "   3,93", "e": "S", "st": "Eleito"}, {"seq": "38", "n": "25777", "vap": "43", "pvap": "   0,41", "e": "N", "st": "Suplente"}, {"seq": "35", "n": "25789", "vap": "54", "pvap": "   0,51", "e": "N", "st": "Suplente"}, {"seq": "13", "n": "25000", "vap": "366", "pvap": "   3,46", "e": "N", "st": "Suplente"}, {"seq": "5", "n": "25123", "vap": "459", "pvap": "   4,34", "e": "S", "st": "Eleito"}, {"seq": "33", "n": "25999", "vap": "61", "pvap": "   0,58", "e": "N", "st": "Suplente"}, {"seq": "21", "n": "25888", "vap": "162", "pvap": "   1,53", "e": "N", "st": "Suplente"}, {"seq": "29", "n": "25666", "vap": "94", "pvap": "   0,89", "e": "N", "st": "Suplente"}, {"seq": "37", "n": "25369", "vap": "49", "pvap": "   0,46", "e": "N", "st": "Suplente"}, {"seq": "39", "n": "25333", "vap": "41", "pvap": "   0,39", "e": "N", "st": "Suplente"}, {"seq": "46", "n": "25444", "vap": "1", "pvap": "   0,01", "e": "N", "st": "Suplente"}, {"seq": "8", "n": "25555", "vap": "416", "pvap": "   3,93", "e": "S", "st": "Eleito"}, {"seq": "17", "n": "25800", "vap": "248", "pvap": "   2,34", "e": "N", "st": "Suplente"}, {"seq": "45", "n": "40777", "vap": "16", "pvap": "   0,15", "e": "N", "st": "Suplente"}, {"seq": "30", "n": "40165", "vap": "76", "pvap": "   0,72", "e": "N", "st": "Suplente"}, {"seq": "10", "n": "40666", "vap": "388", "pvap": "   3,67", "e": "S", "st": "Eleito"}, {"seq": "27", "n": "40444", "vap": "97", "pvap": "   0,92", "e": "N", "st": "Suplente"}, {"seq": "26", "n": "40789", "vap": "113", "pvap": "   1,07", "e": "N", "st": "Suplente"}, {"seq": "44", "n": "40333", "vap": "17", "pvap": "   0,16", "e": "N", "st": "Suplente"}, {"seq": "24", "n": "40123", "vap": "126", "pvap": "   1,19", "e": "N", "st": "Suplente"}, {"seq": "23", "n": "40678", "vap": "127", "pvap": "   1,20", "e": "N", "st": "Suplente"}, {"seq": "16", "n": "40147", "vap": "255", "pvap": "   2,41", "e": "N", "st": "Suplente"}, {"seq": "34", "n": "40999", "vap": "58", "pvap": "   0,55", "e": "N", "st": "Suplente"}, {"seq": "20", "n": "40000", "vap": "177", "pvap": "   1,67", "e": "N", "st": "Suplente"}, {"seq": "43", "n": "40111", "vap": "19", "pvap": "   0,18", "e": "N", "st": "Suplente"}, {"seq": "28", "n": "40222", "vap": "95", "pvap": "   0,90", "e": "N", "st": "Suplente"}, {"seq": "42", "n": "40369", "vap": "20", "pvap": "   0,19", "e": "N", "st": "Suplente"}, {"seq": "40", "n": "40888", "vap": "29", "pvap": "   0,27", "e": "N", "st": "Suplente"}, {"seq": "11", "n": "40456", "vap": "307", "pvap": "   2,90", "e": "S", "st": "Eleito"}, {"seq": "31", "n": "40154", "vap": "73", "pvap": "   0,69", "e": "N", "st": "Suplente"}, {"seq": "2", "n": "55555", "vap": "618", "pvap": "   5,84", "e": "S", "st": "Eleito"}, {"seq": "1", "n": "55888", "vap": "703", "pvap": "   6,64", "e": "S", "st": "Eleito"}, {"seq": "32", "n": "55013", "vap": "70", "pvap": "   0,66", "e": "N", "st": "Suplente"}, {"seq": "9", "n": "55222", "vap": "392", "pvap": "   3,70", "e": "S", "st": "Eleito"}, {"seq": "41", "n": "55999", "vap": "29", "pvap": "   0,27", "e": "N", "st": "Suplente"}, {"seq": "4", "n": "55444", "vap": "517", "pvap": "   4,89", "e": "S", "st": "Eleito"}, {"seq": "18", "n": "55432", "vap": "221", "pvap": "   2,09", "e": "N", "st": "Suplente"}, {"seq": "6", "n": "55255", "vap": "447", "pvap": "   4,22", "e": "S", "st": "Eleito"}, {"seq": "25", "n": "55111", "vap": "116", "pvap": "   1,10", "e": "N", "st": "Suplente"}, {"seq": "14", "n": "55666", "vap": "290", "pvap": "   2,74", "e": "N", "st": "Suplente"}, {"seq": "15", "n": "55147", "vap": "264", "pvap": "   2,49", "e": "N", "st": "Suplente"}, {"seq": "3", "n": "55333", "vap": "558", "pvap": "   5,27", "e": "S", "st": "Eleito"}, {"seq": "22", "n": "55000", "vap": "137", "pvap": "   1,29", "e": "N", "st": "Suplente"}, {"seq": "12", "n": "55123", "vap": "385", "pvap": "   3,64", "e": "N", "st": "Suplente"}, {"seq": "19", "n": "55777", "vap": "194", "pvap": "   1,83", "e": "N", "st": "Suplente"}, {"seq": "62", "n": "20999", "vap": "4", "pvap": "   0,04", "e": "N", "st": "N\u00e3o eleito"}, {"seq": "58", "n": "20555", "vap": "17", "pvap": "   0,16", "e": "N", "st": "N\u00e3o eleito"}, {"seq": "68", "n": "20333", "vap": "0", "pvap": "00.00", "e": "N", "st": "N\u00e3o eleito"}, {"seq": "67", "n": "20765", "vap": "0", "pvap": "00.00", "e": "N", "st": "N\u00e3o eleito"}, {"seq": "49", "n": "20777", "vap": "54", "pvap": "   0,51", "e": "N", "st": "N\u00e3o eleito"}, {"seq": "54", "n": "20444", "vap": "21", "pvap": "   0,20", "e": "N", "st": "N\u00e3o eleito"}, {"seq": "64", "n": "20111", "vap": "1", "pvap": "   0,01", "e": "N", "st": "N\u00e3o eleito"}, {"seq": "55", "n": "20888", "vap": "20", "pvap": "   0,19", "e": "N", "st": "N\u00e3o eleito"}, {"seq": "60", "n": "20000", "vap": "15", "pvap": "   0,14", "e": "N", "st": "N\u00e3o eleito"}, {"seq": "56", "n": "20123", "vap": "20", "pvap": "   0,19", "e": "N", "st": "N\u00e3o eleito"}, {"seq": "59", "n": "20345", "vap": "16", "pvap": "   0,15", "e": "N", "st": "N\u00e3o eleito"}, {"seq": "57", "n": "20121", "vap": "19", "pvap": "   0,18", "e": "N", "st": "N\u00e3o eleito"}, {"seq": "53", "n": "20222", "vap": "22", "pvap": "   0,21", "e": "N", "st": "N\u00e3o eleito"}]}, {"dt": "15/11/2020", "ht": "22:41:49", "tf": "S", "and": "F", "tpabr": "ZONA", "cdabr": "159", "s": "46", "st": "46", "snt": "0", "si": "46", "sni": "0", "sa": "46", "sna": "0", "pst": " 100,00", "psnt": "   0,00", "psi": " 100,00", "psni": "   0,00", "psa": " 100,00", "psna": "   0,00", "e": "13459", "ea": "13459", "ena": "0", "esi": "13459", "esni": "0", "a": "2322", "c": "11137", "pea": " 100,00", "pena": "   0,00", "pesi": " 100,00", "pesni": "   0,00", "pa": "  17,25", "pc": "  82,75", "vnom": "9976", "vscv": "0", "vl": "606", "tv": "11137", "vvc": "10582", "vb": "105", "tvn": "450", "vn": "450", "vnt": "0", "vp": "0", "vv": "10582", "van": "0", "vansj": "0", "pvnom": "  94,27", "pvl": "   5,73", "pvvc": "  95,02", "pvb": "   0,94", "ptvn": "   4,04", "pvn": " 100,00", "pvnt": "   0,00", "pvp": "   0,00", "pvv": " 100,00", "pvan": "   0,00", "pvansj": "   0,00", "cand": [{"seq": "50", "n": "27777", "vap": "42", "pvap": "   0,40", "e": "N", "st": "N\u00e3o eleito"}, {"seq": "1", "n": "55888", "vap": "703", "pvap": "   6,64", "e": "S", "st": "Eleito"}, {"seq": "2", "n": "55555", "vap": "618", "pvap": "   5,84", "e": "S", "st": "Eleito"}, {"seq": "3", "n": "55333", "vap": "558", "pvap": "   5,27", "e": "S", "st": "Eleito"}, {"seq": "4", "n": "55444", "vap": "517", "pvap": "   4,89", "e": "S", "st": "Eleito"}, {"seq": "6", "n": "55255", "vap": "447", "pvap": "   4,22", "e": "S", "st": "Eleito"}, {"seq": "9", "n": "55222", "vap": "392", "pvap": "   3,70", "e": "S", "st": "Eleito"}, {"seq": "12", "n": "55123", "vap": "385", "pvap": "   3,64", "e": "N", "st": "Suplente"}, {"seq": "14", "n": "55666", "vap": "290", "pvap": "   2,74", "e": "N", "st": "Suplente"}, {"seq": "15", "n": "55147", "vap": "264", "pvap": "   2,49", "e": "N", "st": "Suplente"}, {"seq": "18", "n": "55432", "vap": "221", "pvap": "   2,09", "e": "N", "st": "Suplente"}, {"seq": "19", "n": "55777", "vap": "194", "pvap": "   1,83", "e": "N", "st": "Suplente"}, {"seq": "22", "n": "55000", "vap": "137", "pvap": "   1,29", "e": "N", "st": "Suplente"}, {"seq": "25", "n": "55111", "vap": "116", "pvap": "   1,10", "e": "N", "st": "Suplente"}, {"seq": "32", "n": "55013", "vap": "70", "pvap": "   0,66", "e": "N", "st": "Suplente"}, {"seq": "41", "n": "55999", "vap": "29", "pvap": "   0,27", "e": "N", "st": "Suplente"}, {"seq": "5", "n": "25123", "vap": "459", "pvap": "   4,34", "e": "S", "st": "Eleito"}, {"seq": "7", "n": "25111", "vap": "416", "pvap": "   3,93", "e": "S", "st": "Eleito"}, {"seq": "8", "n": "25555", "vap": "416", "pvap": "   3,93", "e": "S", "st": "Eleito"}, {"seq": "13", "n": "25000", "vap": "366", "pvap": "   3,46", "e": "N", "st": "Suplente"}, {"seq": "17", "n": "25800", "vap": "248", "pvap": "   2,34", "e": "N", "st": "Suplente"}, {"seq": "21", "n": "25888", "vap": "162", "pvap": "   1,53", "e": "N", "st": "Suplente"}, {"seq": "29", "n": "25666", "vap": "94", "pvap": "   0,89", "e": "N", "st": "Suplente"}, {"seq": "33", "n": "25999", "vap": "61", "pvap": "   0,58", "e": "N", "st": "Suplente"}, {"seq": "35", "n": "25789", "vap": "54", "pvap": "   0,51", "e": "N", "st": "Suplente"}, {"seq": "36", "n": "25222", "vap": "51", "pvap": "   0,48", "e": "N", "st": "Suplente"}, {"seq": "37", "n": "25369", "vap": "49", "pvap": "   0,46", "e": "N", "st": "Suplente"}, {"seq": "38", "n": "25777", "vap": "43", "pvap": "   0,41", "e": "N", "st": "Suplente"}, {"seq": "39", "n": "25333", "vap": "41", "pvap": "   0,39", "e": "N", "st": "Suplente"}, {"seq": "46", "n": "25444", "vap": "1", "pvap": "   0,01", "e": "N", "st": "Suplente"}, {"seq": "10", "n": "40666", "vap": "388", "pvap": "   3,67", "e": "S", "st": "Eleito"}, {"seq": "11", "n": "40456", "vap": "307", "pvap": "   2,90", "e": "S", "st": "Eleito"}, {"seq": "16", "n": "40147", "vap": "255", "pvap": "   2,41", "e": "N", "st": "Suplente"}, {"seq": "20", "n": "40000", "vap": "177", "pvap": "   1,67", "e": "N", "st": "Suplente"}, {"seq": "23", "n": "40678", "vap": "127", "pvap": "   1,20", "e": "N", "st": "Suplente"}, {"seq": "24", "n": "40123", "vap": "126", "pvap": "   1,19", "e": "N", "st": "Suplente"}, {"seq": "26", "n": "40789", "vap": "113", "pvap": "   1,07", "e": "N", "st": "Suplente"}, {"seq": "27", "n": "40444", "vap": "97", "pvap": "   0,92", "e": "N", "st": "Suplente"}, {"seq": "28", "n": "40222", "vap": "95", "pvap": "   0,90", "e": "N", "st": "Suplente"}, {"seq": "30", "n": "40165", "vap": "76", "pvap": "   0,72", "e": "N", "st": "Suplente"}, {"seq": "31", "n": "40154", "vap": "73", "pvap": "   0,69", "e": "N", "st": "Suplente"}, {"seq": "34", "n": "40999", "vap": "58", "pvap": "   0,55", "e": "N", "st": "Suplente"}, {"seq": "40", "n": "40888", "vap": "29", "pvap": "   0,27", "e": "N", "st": "Suplente"}, {"seq": "42", "n": "40369", "vap": "20", "pvap": "   0,19", "e": "N", "st": "Suplente"}, {"seq": "43", "n": "40111", "vap": "19", "pvap": "   0,18", "e": "N", "st": "Suplente"}, {"seq": "44", "n": "40333", "vap": "17", "pvap": "   0,16", "e": "N", "st": "Suplente"}, {"seq": "45", "n": "40777", "vap": "16", "pvap": "   0,15", "e": "N", "st": "Suplente"}, {"seq": "47", "n": "70000", "vap": "160", "pvap": "   1,51", "e": "N", "st": "N\u00e3o eleito"}, {"seq": "48", "n": "70111", "vap": "101", "pvap": "   0,95", "e": "N", "st": "N\u00e3o eleito"}, {"seq": "51", "n": "70123", "vap": "27", "pvap": "   0,26", "e": "N", "st": "N\u00e3o eleito"}, {"seq": "52", "n": "70147", "vap": "27", "pvap": "   0,26", "e": "N", "st": "N\u00e3o eleito"}, {"seq": "61", "n": "70777", "vap": "12", "pvap": "   0,11", "e": "N", "st": "N\u00e3o eleito"}, {"seq": "63", "n": "70125", "vap": "2", "pvap": "   0,02", "e": "N", "st": "N\u00e3o eleito"}, {"seq": "65", "n": "70222", "vap": "1", "pvap": "   0,01", "e": "N", "st": "N\u00e3o eleito"}, {"seq": "66", "n": "70204", "vap": "0", "pvap": "00.00", "e": "N", "st": "N\u00e3o eleito"}, {"seq": "49", "n": "20777", "vap": "54", "pvap": "   0,51", "e": "N", "st": "N\u00e3o eleito"}, {"seq": "53", "n": "20222", "vap": "22", "pvap": "   0,21", "e": "N", "st": "N\u00e3o eleito"}, {"seq": "54", "n": "20444", "vap": "21", "pvap": "   0,20", "e": "N", "st": "N\u00e3o eleito"}, {"seq": "55", "n": "20888", "vap": "20", "pvap": "   0,19", "e": "N", "st": "N\u00e3o eleito"}, {"seq": "56", "n": "20123", "vap": "20", "pvap": "   0,19", "e": "N", "st": "N\u00e3o eleito"}, {"seq": "57", "n": "20121", "vap": "19", "pvap": "   0,18", "e": "N", "st": "N\u00e3o eleito"}, {"seq": "58", "n": "20555", "vap": "17", "pvap": "   0,16", "e": "N", "st": "N\u00e3o eleito"}, {"seq": "59", "n": "20345", "vap": "16", "pvap": "   0,15", "e": "N", "st": "N\u00e3o eleito"}, {"seq": "60", "n": "20000", "vap": "15", "pvap": "   0,14", "e": "N", "st": "N\u00e3o eleito"}, {"seq": "62", "n": "20999", "vap": "4", "pvap": "   0,04", "e": "N", "st": "N\u00e3o eleito"}, {"seq": "64", "n": "20111", "vap": "1", "pvap": "   0,01", "e": "N", "st": "N\u00e3o eleito"}, {"seq": "67", "n": "20765", "vap": "0", "pvap": "00.00", "e": "N", "st": "N\u00e3o eleito"}, {"seq": "68", "n": "20333", "vap": "0", "pvap": "00.00", "e": "N", "st": "N\u00e3o eleito"}]}]}