{"ele": "426", "carper": "13", "t": "1", "f": "O", "esae": "N", "mnae": " ", "dg": "15/11/2020", "hg": "22:39:44", "dv": "S", "nadf": "ba35653-c0013-e000426-002-f", "abr": [{"dt": "15/11/2020", "ht": "22:32:34", "tf": "S", "and": "F", "tpabr": "MU", "cdabr": "35653", "s": "56", "st": "56", "snt": "0", "si": "56", "sni": "0", "sa": "56", "sna": "0", "pst": " 100,00", "psnt": "   0,00", "psi": " 100,00", "psni": "   0,00", "psa": " 100,00", "psna": "   0,00", "e": "20511", "ea": "20511", "ena": "0", "esi": "20511", "esni": "0", "c": "16756", "a": "3755", "pea": " 100,00", "pena": "   0,00", "pesi": " 100,00", "pesni": "   0,00", "pa": "  18,31", "pc": "  81,69", "vscv": "0", "vnom": "14953", "vl": "1055", "tv": "16756", "vvc": "16012", "vb": "146", "tvn": "598", "vn": "598", "vnt": "0", "vp": "0", "vv": "16008", "van": "0", "vansj": "4", "pvnom": "  93,41", "pvl": "   6,59", "pvvc": "  95,56", "pvb": "   0,87", "ptvn": "   3,57", "pvn": " 100,00", "pvnt": "   0,00", "pvp": "   0,00", "pvv": "  99,98", "pvan": "   0,00", "pvansj": "   0,02", "colig": [{"n": "50000075579", "tvtn": "3599", "tvan": "3599", "vag": "3", "tvtl": "148", "tval": "148"}, {"n": "50000144993", "tvtn": "1580", "tvan": "1580", "vag": "1", "tvtl": "33", "tval": "33"}, {"n": "50000133615", "tvtn": "223", "tvan": "223", "vag": "0", "tvtl": "29", "tval": "29"}, {"n": "50000144975", "tvtn": "151", "tvan": "151", "vag": "0", "tvtl": "9", "tval": "9"}, {"n": "50000148316", "tvtn": "3451", "tvan": "3451", "vag": "3", "tvtl": "414", "tval": "414"}, {"n": "50000104808", "tvtn": "894", "tvan": "898", "vag": "0", "tvtl": "16", "tval": "16"}, {"n": "50000086745", "tvtn": "4333", "tvan": "4333", "vag": "4", "tvtl": "373", "tval": "373"}, {"n": "50000144940", "tvtn": "722", "tvan": "722", "vag": "0", "tvtl": "33", "tval": "33"}], "part": [{"n": "13", "tvtn": "3599", "tvan": "3599", "tvtl": "148", "tval": "148"}, {"n": "70", "tvtn": "1580", "tvan": "1580", "tvtl": "33", "tval": "33"}, {"n": "10", "tvtn": "223", "tvan": "223", "tvtl": "29", "tval": "29"}, {"n": "25", "tvtn": "151", "tvan": "151", "tvtl": "9", "tval": "9"}, {"n": "11", "tvtn": "3451", "tvan": "3451", "tvtl": "414", "tval": "414"}, {"n": "90", "tvtn": "894", "tvan": "898", "tvtl": "16", "tval": "16"}, {"n": "40", "tvtn": "4333", "tvan": "4333", "tvtl": "373", "tval": "373"}, {"n": "17", "tvtn": "722", "tvan": "722", "tvtl": "33", "tval": "33"}], "cand": [{"seq": "14", "n": "13678", "vap": "421", "pvap": "   2,63", "e": "N", "st": "Suplente"}, {"seq": "31", "n": "13256", "vap": "67", "pvap": "   0,42", "e": "N", "st": "Suplente"}, {"seq": "45", "n": "13999", "vap": "0", "pvap": "00.00", "e": "N", "st": "Suplente"}, {"seq": "41", "n": "13666", "vap": "5", "pvap": "   0,03", "e": "N", "st": "Suplente"}, {"seq": "6", "n": "13123", "vap": "710", "pvap": "   4,43", "e": "S", "st": "Eleito"}, {"seq": "22", "n": "13222", "vap": "143", "pvap": "   0,89", "e": "N", "st": "Suplente"}, {"seq": "8", "n": "13013", "vap": "693", "pvap": "   4,33", "e": "S", "st": "Eleito"}, {"seq": "38", "n": "13120", "vap": "13", "pvap": "   0,08", "e": "N", "st": "Suplente"}, {"seq": "13", "n": "13111", "vap": "530", "pvap": "   3,31", "e": "N", "st": "Suplente"}, {"seq": "3", "n": "13456", "vap": "890", "pvap": "   5,56", "e": "S", "st": "Eleito"}, {"seq": "26", "n": "13000", "vap": "127", "pvap": "   0,79", "e": "N", "st": "Suplente"}, {"seq": "34", "n": "70526", "vap": "19", "pvap": "   0,12", "e": "N", "st": "Suplente"}, {"seq": "21", "n": "70111", "vap": "170", "pvap": "   1,06", "e": "N", "st": "Suplente"}, {"seq": "23", "n": "70555", "vap": "142", "pvap": "   0,89", "e": "N", "st": "Suplente"}, {"seq": "11", "n": "70444", "vap": "469", "pvap": "   2,93", "e": "S", "st": "Eleito"}, {"seq": "25", "n": "70333", "vap": "135", "pvap": "   0,84", "e": "N", "st": "Suplente"}, {"seq": "36", "n": "70123", "vap": "17", "pvap": "   0,11", "e": "N", "st": "Suplente"}, {"seq": "28", "n": "70222", "vap": "97", "pvap": "   0,61", "e": "N", "st": "Suplente"}, {"seq": "19", "n": "70999", "vap": "190", "pvap": "   1,19", "e": "N", "st": "Suplente"}, {"seq": "16", "n": "70000", "vap": "304", "pvap": "   1,90", "e": "N", "st": "Suplente"}, {"seq": "33", "n": "70777", "vap": "37", "pvap": "   0,23", "e": "N", "st": "Suplente"}, {"seq": "64", "n": "10150", "vap": "6", "pvap": "   0,04", "e": "N", "st": "N\u00e3o eleito"}, {"seq": "49", "n": "10456", "vap": "200", "pvap": "   1,25", "e": "N", "st": "N\u00e3o eleito"}, {"seq": "61", "n": "10222", "vap": "10", "pvap": "   0,06", "e": "N", "st": "N\u00e3o eleito"}, {"seq": "62", "n": "10123", "vap": "7", "pvap": "   0,04", "e": "N", "st": "N\u00e3o eleito"}, {"seq": "66", "n": "25688", "vap": "4", "pvap": "   0,02", "e": "N", "st": "N\u00e3o eleito"}, {"seq": "54", "n": "25555", "vap": "49", "pvap": "   0,31", "e": "N", "st": "N\u00e3o eleito"}, {"seq": "63", "n": "25625", "vap": "7", "pvap": "   0,04", "e": "N", "st": "N\u00e3o eleito"}, {"seq": "53", "n": "25123", "vap": "71", "pvap": "   0,44", "e": "N", "st": "N\u00e3o eleito"}, {"seq": "67", "n": "25125", "vap": "4", "pvap": "   0,02", "e": "N", "st": "N\u00e3o eleito"}, {"seq": "60", "n": "25222", "vap": "16", "pvap": "   0,10", "e": "N", "st": "N\u00e3o eleito"}, {"seq": "43", "n": "11122", "vap": "2", "pvap": "   0,01", "e": "N", "st": "Suplente"}, {"seq": "4", "n": "11000", "vap": "837", "pvap": "   5,23", "e": "S", "st": "Eleito"}, {"seq": "29", "n": "11222", "vap": "81", "pvap": "   0,51", "e": "N", "st": "Suplente"}, {"seq": "7", "n": "11789", "vap": "706", "pvap": "   4,41", "e": "S", "st": "Eleito"}, {"seq": "39", "n": "11333", "vap": "13", "pvap": "   0,08", "e": "N", "st": "Suplente"}, {"seq": "17", "n": "11500", "vap": "225", "pvap": "   1,41", "e": "N", "st": "Suplente"}, {"seq": "35", "n": "11102", "vap": "17", "pvap": "   0,11", "e": "N", "st": "Suplente"}, {"seq": "12", "n": "11111", "vap": "555", "pvap": "   3,47", "e": "N", "st": "Suplente"}, {"seq": "30", "n": "11888", "vap": "76", "pvap": "   0,47", "e": "N", "st": "Suplente"}, {"seq": "9", "n": "11777", "vap": "566", "pvap": "   3,53", "e": "S", "st": "Eleito"}, {"seq": "44", "n": "11666", "vap": "1", "pvap": "   0,01", "e": "N", "st": "Suplente"}, {"seq": "40", "n": "11765", "vap": "13", "pvap": "   0,08", "e": "N", "st": "Suplente"}, {"seq": "18", "n": "11555", "vap": "223", "pvap": "   1,39", "e": "N", "st": "Suplente"}, {"seq": "24", "n": "11345", "vap": "136", "pvap": "   0,85", "e": "N", "st": "Suplente"}, {"seq": "48", "n": "90123", "vap": "214", "pvap": "   1,34", "e": "N", "st": "N\u00e3o eleito"}, {"seq": "52", "n": "90555", "vap": "124", "pvap": "   0,77", "e": "N", "st": "N\u00e3o eleito"}, {"seq": "50", "n": "90222", "vap": "187", "pvap": "   1,17", "e": "N", "st": "N\u00e3o eleito"}, {"seq": "69", "n": "90999", "vap": "2", "pvap": "   0,01", "e": "N", "st": "N\u00e3o eleito"}, {"seq": "56", "n": "90444", "vap": "38", "pvap": "   0,24", "e": "N", "st": "N\u00e3o eleito"}, {"seq": "59", "n": "90789", "vap": "17", "pvap": "   0,11", "e": "N", "st": "N\u00e3o eleito"}, {"seq": "57", "n": "90111", "vap": "37", "pvap": "   0,23", "e": "N", "st": "N\u00e3o eleito"}, {"seq": "47", "n": "90000", "vap": "275", "pvap": "   1,72", "e": "N", "st": "N\u00e3o eleito"}, {"seq": "65", "n": "90777", "vap": "4", "pvap": "   0,02", "e": "N", "st": "N\u00e3o eleito"}, {"seq": "20", "n": "40010", "vap": "170", "pvap": "   1,06", "e": "N", "st": "Suplente"}, {"seq": "37", "n": "40124", "vap": "16", "pvap": "   0,10", "e": "N", "st": "Suplente"}, {"seq": "27", "n": "40400", "vap": "101", "pvap": "   0,63", "e": "N", "st": "Suplente"}, {"seq": "2", "n": "40655", "vap": "966", "pvap": "   6,03", "e": "S", "st": "Eleito"}, {"seq": "5", "n": "40555", "vap": "774", "pvap": "   4,83", "e": "S", "st": "Eleito"}, {"seq": "1", "n": "40123", "vap": "1377", "pvap": "   8,60", "e": "S", "st": "Eleito"}, {"seq": "42", "n": "40444", "vap": "3", "pvap": "   0,02", "e": "N", "st": "Suplente"}, {"seq": "15", "n": "40040", "vap": "382", "pvap": "   2,39", "e": "N", "st": "Suplente"}, {"seq": "32", "n": "40789", "vap": "41", "pvap": "   0,26", "e": "N", "st": "Suplente"}, {"seq": "10", "n": "40000", "vap": "503", "pvap": "   3,14", "e": "S", "st": "Eleito"}, {"seq": "58", "n": "17000", "vap": "21", "pvap": "   0,13", "e": "N", "st": "N\u00e3o eleito"}, {"seq": "68", "n": "17777", "vap": "3", "pvap": "   0,02", "e": "N", "st": "N\u00e3o eleito"}, {"seq": "46", "n": "17123", "vap": "485", "pvap": "   3,03", "e": "N", "st": "N\u00e3o eleito"}, {"seq": "51", "n": "17333", "vap": "166", "pvap": "   1,04", "e": "N", "st": "N\u00e3o eleito"}, {"seq": "55", "n": "17700", "vap": "47", "pvap": "   0,29", "e": "N", "st": "N\u00e3o eleito"}]}, {"dt": "15/11/2020", "ht": "22:32:34", "tf": "S", "and": "F", "tpabr": "ZONA", "cdabr": "173", "s": "56", "st": "56", "snt": "0", "si": "56", "sni": "0", "sa": "56", "sna": "0", "pst": " 100,00", "psnt": "   0,00", "psi": " 100,00", "psni": "   0,00", "psa": " 100,00", "psna": "   0,00", "e": "20511", "ea": "20511", "ena": "0", "esi": "20511", "esni": "0", "a": "3755", "c": "16756", "pea": " 100,00", "pena": "   0,00", "pesi": " 100,00", "pesni": "   0,00", "pa": "  18,31", "pc": "  81,69", "vnom": "14953", "vscv": "0", "vl": "1055", "tv": "16756", "vvc": "16012", "vb": "146", "tvn": "598", "vn": "598", "vnt": "0", "vp": "0", "vv": "16008", "van": "0", "vansj": "4", "pvnom": "  93,41", "pvl": "   6,59", "pvvc": "  95,56", "pvb": "   0,87", "ptvn": "   3,57", "pvn": " 100,00", "pvnt": "   0,00", "pvp": "   0,00", "pvv": "  99,98", "pvan": "   0,00", "pvansj": "   0,02", "cand": [{"seq": "46", "n": "17123", "vap": "485", "pvap": "   3,03", "e": "N", "st": "N\u00e3o eleito"}, {"seq": "51", "n": "17333", "vap": "166", "pvap": "   1,04", "e": "N", "st": "N\u00e3o eleito"}, {"seq": "55", "n": "17700", "vap": "47", "pvap": "   0,29", "e": "N", "st": "N\u00e3o eleito"}, {"seq": "58", "n": "17000", "vap": "21", "pvap": "   0,13", "e": "N", "st": "N\u00e3o eleito"}, {"seq": "68", "n": "17777", "vap": "3", "pvap": "   0,02", "e": "N", "st": "N\u00e3o eleito"}, {"seq": "47", "n": "90000", "vap": "275", "pvap": "   1,72", "e": "N", "st": "N\u00e3o eleito"}, {"seq": "48", "n": "90123", "vap": "214", "pvap": "   1,34", "e": "N", "st": "N\u00e3o eleito"}, {"seq": "50", "n": "90222", "vap": "187", "pvap": "   1,17", "e": "N", "st": "N\u00e3o eleito"}, {"seq": "52", "n": "90555", "vap": "124", "pvap": "   0,77", "e": "N", "st": "N\u00e3o eleito"}, {"seq": "56", "n": "90444", "vap": "38", "pvap": "   0,24", "e": "N", "st": "N\u00e3o eleito"}, {"seq": "57", "n": "90111", "vap": "37", "pvap": "   0,23", "e": "N", "st": "N\u00e3o eleito"}, {"seq": "59", "n": "90789", "vap": "17", "pvap": "   0,11", "e": "N", "st": "N\u00e3o eleito"}, {"seq": "65", "n": "90777", "vap": "4", "pvap": "   0,02", "e": "N", "st": "N\u00e3o eleito"}, {"seq": "69", "n": "90999", "vap": "2", "pvap": "   0,01", "e": "N", "st": "N\u00e3o eleito"}, {"seq": "49", "n": "10456", "vap": "200", "pvap": "   1,25", "e": "N", "st": "N\u00e3o eleito"}, {"seq": "61", "n": "10222", "vap": "10", "pvap": "   0,06", "e": "N", "st": "N\u00e3o eleito"}, {"seq": "62", "n": "10123", "vap": "7", "pvap": "   0,04", "e": "N", "st": "N\u00e3o eleito"}, {"seq": "64", "n": "10150", "vap": "6", "pvap": "   0,04", "e": "N", "st": "N\u00e3o eleito"}, {"seq": "4", "n": "11000", "vap": "837", "pvap": "   5,23", "e": "S", "st": "Eleito"}, {"seq": "7", "n": "11789", "vap": "706", "pvap": "   4,41", "e": "S", "st": "Eleito"}, {"seq": "9", "n": "11777", "vap": "566", "pvap": "   3,53", "e": "S", "st": "Eleito"}, {"seq": "12", "n": "11111", "vap": "555", "pvap": "   3,47", "e": "N", "st": "Suplente"}, {"seq": "17", "n": "11500", "vap": "225", "pvap": "   1,41", "e": "N", "st": "Suplente"}, {"seq": "18", "n": "11555", "vap": "223", "pvap": "   1,39", "e": "N", "st": "Suplente"}, {"seq": "24", "n": "11345", "vap": "136", "pvap": "   0,85", "e": "N", "st": "Suplente"}, {"seq": "29", "n": "11222", "vap": "81", "pvap": "   0,51", "e": "N", "st": "Suplente"}, {"seq": "30", "n": "11888", "vap": "76", "pvap": "   0,47", "e": "N", "st": "Suplente"}, {"seq": "35", "n": "11102", "vap": "17", "pvap": "   0,11", "e": "N", "st": "Suplente"}, {"seq": "39", "n": "11333", "vap": "13", "pvap": "   0,08", "e": "N", "st": "Suplente"}, {"seq": "40", "n": "11765", "vap": "13", "pvap": "   0,08", "e": "N", "st": "Suplente"}, {"seq": "43", "n": "11122", "vap": "2", "pvap": "   0,01", "e": "N", "st": "Suplente"}, {"seq": "44", "n": "11666", "vap": "1", "pvap": "   0,01", "e": "N", "st": "Suplente"}, {"seq": "3", "n": "13456", "vap": "890", "pvap": "   5,56", "e": "S", "st": "Eleito"}, {"seq": "6", "n": "13123", "vap": "710", "pvap": "   4,43", "e": "S", "st": "Eleito"}, {"seq": "8", "n": "13013", "vap": "693", "pvap": "   4,33", "e": "S", "st": "Eleito"}, {"seq": "13", "n": "13111", "vap": "530", "pvap": "   3,31", "e": "N", "st": "Suplente"}, {"seq": "14", "n": "13678", "vap": "421", "pvap": "   2,63", "e": "N", "st": "Suplente"}, {"seq": "22", "n": "13222", "vap": "143", "pvap": "   0,89", "e": "N", "st": "Suplente"}, {"seq": "26", "n": "13000", "vap": "127", "pvap": "   0,79", "e": "N", "st": "Suplente"}, {"seq": "31", "n": "13256", "vap": "67", "pvap": "   0,42", "e": "N", "st": "Suplente"}, {"seq": "38", "n": "13120", "vap": "13", "pvap": "   0,08", "e": "N", "st": "Suplente"}, {"seq": "41", "n": "13666", "vap": "5", "pvap": "   0,03", "e": "N", "st": "Suplente"}, {"seq": "45", "n": "13999", "vap": "0", "pvap": "00.00", "e": "N", "st": "Suplente"}, {"seq": "53", "n": "25123", "vap": "71", "pvap": "   0,44", "e": "N", "st": "N\u00e3o eleito"}, {"seq": "54", "n": "25555", "vap": "49", "pvap": "   0,31", "e": "N", "st": "N\u00e3o eleito"}, {"seq": "60", "n": "25222", "vap": "16", "pvap": "   0,10", "e": "N", "st": "N\u00e3o eleito"}, {"seq": "63", "n": "25625", "vap": "7", "pvap": "   0,04", "e": "N", "st": "N\u00e3o eleito"}, {"seq": "66", "n": "25688", "vap": "4", "pvap": "   0,02", "e": "N", "st": "N\u00e3o eleito"}, {"seq": "67", "n": "25125", "vap": "4", "pvap": "   0,02", "e": "N", "st": "N\u00e3o eleito"}, {"seq": "1", "n": "40123", "vap": "1377", "pvap": "   8,60", "e": "S", "st": "Eleito"}, {"seq": "2", "n": "40655", "vap": "966", "pvap": "   6,03", "e": "S", "st": "Eleito"}, {"seq": "5", "n": "40555", "vap": "774", "pvap": "   4,83", "e": "S", "st": "Eleito"}, {"seq": "10", "n": "40000", "vap": "503", "pvap": "   3,14", "e": "S", "st": "Eleito"}, {"seq": "15", "n": "40040", "vap": "382", "pvap": "   2,39", "e": "N", "st": "Suplente"}, {"seq": "20", "n": "40010", "vap": "170", "pvap": "   1,06", "e": "N", "st": "Suplente"}, {"seq": "27", "n": "40400", "vap": "101", "pvap": "   0,63", "e": "N", "st": "Suplente"}, {"seq": "32", "n": "40789", "vap": "41", "pvap": "   0,26", "e": "N", "st": "Suplente"}, {"seq": "37", "n": "40124", "vap": "16", "pvap": "   0,10", "e": "N", "st": "Suplente"}, {"seq": "42", "n": "40444", "vap": "3", "pvap": "   0,02", "e": "N", "st": "Suplente"}, {"seq": "11", "n": "70444", "vap": "469", "pvap": "   2,93", "e": "S", "st": "Eleito"}, {"seq": "16", "n": "70000", "vap": "304", "pvap": "   1,90", "e": "N", "st": "Suplente"}, {"seq": "19", "n": "70999", "vap": "190", "pvap": "   1,19", "e": "N", "st": "Suplente"}, {"seq": "21", "n": "70111", "vap": "170", "pvap": "   1,06", "e": "N", "st": "Suplente"}, {"seq": "23", "n": "70555", "vap": "142", "pvap": "   0,89", "e": "N", "st": "Suplente"}, {"seq": "25", "n": "70333", "vap": "135", "pvap": "   0,84", "e": "N", "st": "Suplente"}, {"seq": "28", "n": "70222", "vap": "97", "pvap": "   0,61", "e": "N", "st": "Suplente"}, {"seq": "33", "n": "70777", "vap": "37", "pvap": "   0,23", "e": "N", "st": "Suplente"}, {"seq": "34", "n": "70526", "vap": "19", "pvap": "   0,12", "e": "N", "st": "Suplente"}, {"seq": "36", "n": "70123", "vap": "17", "pvap": "   0,11", "e": "N", "st": "Suplente"}]}]}