{"ele": "426", "carper": "13", "t": "1", "f": "O", "esae": "N", "mnae": " ", "dg": "15/11/2020", "hg": "22:14:37", "dv": "S", "nadf": "ba35777-c0013-e000426-002-f", "abr": [{"dt": "15/11/2020", "ht": "22:07:30", "tf": "S", "and": "F", "tpabr": "MU", "cdabr": "35777", "s": "36", "st": "36", "snt": "0", "si": "36", "sni": "0", "sa": "36", "sna": "0", "pst": " 100,00", "psnt": "   0,00", "psi": " 100,00", "psni": "   0,00", "psa": " 100,00", "psna": "   0,00", "e": "13790", "ea": "13790", "ena": "0", "esi": "13790", "esni": "0", "c": "11732", "a": "2058", "pea": " 100,00", "pena": "   0,00", "pesi": " 100,00", "pesni": "   0,00", "pa": "  14,92", "pc": "  85,08", "vscv": "0", "vnom": "10398", "vl": "768", "tv": "11732", "vvc": "11166", "vb": "143", "tvn": "423", "vn": "423", "vnt": "0", "vp": "0", "vv": "11166", "van": "0", "vansj": "0", "pvnom": "  93,12", "pvl": "   6,88", "pvvc": "  95,18", "pvb": "   1,21", "ptvn": "   3,61", "pvn": " 100,00", "pvnt": "   0,00", "pvp": "   0,00", "pvv": " 100,00", "pvan": "   0,00", "pvansj": "   0,00", "colig": [{"n": "50000144822", "tvtn": "2327", "tvan": "2327", "vag": "2", "tvtl": "90", "tval": "90"}, {"n": "50000153730", "tvtn": "901", "tvan": "901", "vag": "1", "tvtl": "33", "tval": "33"}, {"n": "50000144994", "tvtn": "3158", "tvan": "3158", "vag": "4", "tvtl": "324", "tval": "324"}, {"n": "50000154704", "tvtn": "4012", "tvan": "4012", "vag": "4", "tvtl": "321", "tval": "321"}], "part": [{"n": "11", "tvtn": "2327", "tvan": "2327", "tvtl": "90", "tval": "90"}, {"n": "22", "tvtn": "901", "tvan": "901", "tvtl": "33", "tval": "33"}, {"n": "55", "tvtn": "3158", "tvan": "3158", "tvtl": "324", "tval": "324"}, {"n": "13", "tvtn": "4012", "tvan": "4012", "tvtl": "321", "tval": "321"}], "cand": [{"seq": "31", "n": "11666", "vap": "65", "pvap": "   0,58", "e": "N", "st": "Suplente"}, {"seq": "51", "n": "11246", "vap": "5", "pvap": "   0,04", "e": "N", "st": "Suplente"}, {"seq": "53", "n": "11115", "vap": "3", "pvap": "   0,03", "e": "N", "st": "Suplente"}, {"seq": "38", "n": "11123", "vap": "22", "pvap": "   0,20", "e": "N", "st": "Suplente"}, {"seq": "34", "n": "11444", "vap": "45", "pvap": "   0,40", "e": "N", "st": "Suplente"}, {"seq": "24", "n": "11888", "vap": "150", "pvap": "   1,34", "e": "N", "st": "Suplente"}, {"seq": "27", "n": "11222", "vap": "115", "pvap": "   1,03", "e": "N", "st": "Suplente"}, {"seq": "1", "n": "11111", "vap": "832", "pvap": "   7,45", "e": "S", "st": "Eleito"}, {"seq": "50", "n": "11155", "vap": "5", "pvap": "   0,04", "e": "N", "st": "Suplente"}, {"seq": "40", "n": "11999", "vap": "21", "pvap": "   0,19", "e": "N", "st": "Suplente"}, {"seq": "36", "n": "11125", "vap": "34", "pvap": "   0,30", "e": "N", "st": "Suplente"}, {"seq": "2", "n": "11333", "vap": "791", "pvap": "   7,08", "e": "S", "st": "Eleito"}, {"seq": "33", "n": "11555", "vap": "46", "pvap": "   0,41", "e": "N", "st": "Suplente"}, {"seq": "57", "n": "11234", "vap": "1", "pvap": "   0,01", "e": "N", "st": "Suplente"}, {"seq": "35", "n": "11621", "vap": "37", "pvap": "   0,33", "e": "N", "st": "Suplente"}, {"seq": "23", "n": "11000", "vap": "155", "pvap": "   1,39", "e": "N", "st": "Suplente"}, {"seq": "30", "n": "22322", "vap": "70", "pvap": "   0,63", "e": "N", "st": "Suplente"}, {"seq": "45", "n": "22444", "vap": "12", "pvap": "   0,11", "e": "N", "st": "Suplente"}, {"seq": "42", "n": "22000", "vap": "18", "pvap": "   0,16", "e": "N", "st": "Suplente"}, {"seq": "19", "n": "22222", "vap": "196", "pvap": "   1,76", "e": "N", "st": "Suplente"}, {"seq": "25", "n": "22655", "vap": "119", "pvap": "   1,07", "e": "N", "st": "Suplente"}, {"seq": "47", "n": "22220", "vap": "11", "pvap": "   0,10", "e": "N", "st": "Suplente"}, {"seq": "44", "n": "22333", "vap": "13", "pvap": "   0,12", "e": "N", "st": "Suplente"}, {"seq": "54", "n": "22213", "vap": "3", "pvap": "   0,03", "e": "N", "st": "Suplente"}, {"seq": "49", "n": "22123", "vap": "5", "pvap": "   0,04", "e": "N", "st": "Suplente"}, {"seq": "43", "n": "22113", "vap": "16", "pvap": "   0,14", "e": "N", "st": "Suplente"}, {"seq": "21", "n": "22111", "vap": "175", "pvap": "   1,57", "e": "N", "st": "Suplente"}, {"seq": "11", "n": "22611", "vap": "263", "pvap": "   2,36", "e": "S", "st": "Eleito"}, {"seq": "26", "n": "55777", "vap": "116", "pvap": "   1,04", "e": "N", "st": "Suplente"}, {"seq": "8", "n": "55666", "vap": "460", "pvap": "   4,12", "e": "S", "st": "Eleito"}, {"seq": "41", "n": "55999", "vap": "18", "pvap": "   0,16", "e": "N", "st": "Suplente"}, {"seq": "10", "n": "55155", "vap": "360", "pvap": "   3,22", "e": "S", "st": "Eleito"}, {"seq": "15", "n": "55234", "vap": "323", "pvap": "   2,89", "e": "N", "st": "Suplente"}, {"seq": "56", "n": "55888", "vap": "1", "pvap": "   0,01", "e": "N", "st": "Suplente"}, {"seq": "39", "n": "55112", "vap": "21", "pvap": "   0,19", "e": "N", "st": "Suplente"}, {"seq": "60", "n": "55333", "vap": "0", "pvap": "00.00", "e": "N", "st": "Suplente"}, {"seq": "4", "n": "55123", "vap": "603", "pvap": "   5,40", "e": "S", "st": "Eleito"}, {"seq": "20", "n": "55678", "vap": "196", "pvap": "   1,76", "e": "N", "st": "Suplente"}, {"seq": "3", "n": "55555", "vap": "646", "pvap": "   5,79", "e": "S", "st": "Eleito"}, {"seq": "29", "n": "55111", "vap": "95", "pvap": "   0,85", "e": "N", "st": "Suplente"}, {"seq": "37", "n": "55444", "vap": "32", "pvap": "   0,29", "e": "N", "st": "Suplente"}, {"seq": "16", "n": "55000", "vap": "273", "pvap": "   2,44", "e": "N", "st": "Suplente"}, {"seq": "46", "n": "55222", "vap": "12", "pvap": "   0,11", "e": "N", "st": "Suplente"}, {"seq": "55", "n": "55101", "vap": "2", "pvap": "   0,02", "e": "N", "st": "Suplente"}, {"seq": "22", "n": "13777", "vap": "174", "pvap": "   1,56", "e": "N", "st": "Suplente"}, {"seq": "5", "n": "13333", "vap": "583", "pvap": "   5,22", "e": "S", "st": "Eleito"}, {"seq": "28", "n": "13444", "vap": "101", "pvap": "   0,90", "e": "N", "st": "Suplente"}, {"seq": "9", "n": "13666", "vap": "443", "pvap": "   3,97", "e": "S", "st": "Eleito"}, {"seq": "59", "n": "13111", "vap": "0", "pvap": "00.00", "e": "N", "st": "Suplente"}, {"seq": "6", "n": "13678", "vap": "572", "pvap": "   5,12", "e": "S", "st": "Eleito"}, {"seq": "32", "n": "13166", "vap": "63", "pvap": "   0,56", "e": "N", "st": "Suplente"}, {"seq": "48", "n": "13888", "vap": "11", "pvap": "   0,10", "e": "N", "st": "Suplente"}, {"seq": "14", "n": "13222", "vap": "331", "pvap": "   2,96", "e": "N", "st": "Suplente"}, {"seq": "13", "n": "13123", "vap": "366", "pvap": "   3,28", "e": "N", "st": "Suplente"}, {"seq": "58", "n": "13555", "vap": "1", "pvap": "   0,01", "e": "N", "st": "Suplente"}, {"seq": "18", "n": "13000", "vap": "200", "pvap": "   1,79", "e": "N", "st": "Suplente"}, {"seq": "17", "n": "13613", "vap": "238", "pvap": "   2,13", "e": "N", "st": "Suplente"}, {"seq": "52", "n": "13713", "vap": "4", "pvap": "   0,04", "e": "N", "st": "Suplente"}, {"seq": "12", "n": "13999", "vap": "397", "pvap": "   3,56", "e": "N", "st": "Suplente"}, {"seq": "7", "n": "13456", "vap": "528", "pvap": "   4,73", "e": "S", "st": "Eleito"}]}, {"dt": "15/11/2020", "ht": "22:07:30", "tf": "S", "and": "F", "tpabr": "ZONA", "cdabr": "143", "s": "36", "st": "36", "snt": "0", "si": "36", "sni": "0", "sa": "36", "sna": "0", "pst": " 100,00", "psnt": "   0,00", "psi": " 100,00", "psni": "   0,00", "psa": " 100,00", "psna": "   0,00", "e": "13790", "ea": "13790", "ena": "0", "esi": "13790", "esni": "0", "a": "2058", "c": "11732", "pea": " 100,00", "pena": "   0,00", "pesi": " 100,00", "pesni": "   0,00", "pa": "  14,92", "pc": "  85,08", "vnom": "10398", "vscv": "0", "vl": "768", "tv": "11732", "vvc": "11166", "vb": "143", "tvn": "423", "vn": "423", "vnt": "0", "vp": "0", "vv": "11166", "van": "0", "vansj": "0", "pvnom": "  93,12", "pvl": "   6,88", "pvvc": "  95,18", "pvb": "   1,21", "ptvn": "   3,61", "pvn": " 100,00", "pvnt": "   0,00", "pvp": "   0,00", "pvv": " 100,00", "pvan": "   0,00", "pvansj": "   0,00", "cand": [{"seq": "3", "n": "55555", "vap": "646", "pvap": "   5,79", "e": "S", "st": "Eleito"}, {"seq": "4", "n": "55123", "vap": "603", "pvap": "   5,40", "e": "S", "st": "Eleito"}, {"seq": "8", "n": "55666", "vap": "460", "pvap": "   4,12", "e": "S", "st": "Eleito"}, {"seq": "10", "n": "55155", "vap": "360", "pvap": "   3,22", "e": "S", "st": "Eleito"}, {"seq": "15", "n": "55234", "vap": "323", "pvap": "   2,89", "e": "N", "st": "Suplente"}, {"seq": "16", "n": "55000", "vap": "273", "pvap": "   2,44", "e": "N", "st": "Suplente"}, {"seq": "20", "n": "55678", "vap": "196", "pvap": "   1,76", "e": "N", "st": "Suplente"}, {"seq": "26", "n": "55777", "vap": "116", "pvap": "   1,04", "e": "N", "st": "Suplente"}, {"seq": "29", "n": "55111", "vap": "95", "pvap": "   0,85", "e": "N", "st": "Suplente"}, {"seq": "37", "n": "55444", "vap": "32", "pvap": "   0,29", "e": "N", "st": "Suplente"}, {"seq": "39", "n": "55112", "vap": "21", "pvap": "   0,19", "e": "N", "st": "Suplente"}, {"seq": "41", "n": "55999", "vap": "18", "pvap": "   0,16", "e": "N", "st": "Suplente"}, {"seq": "46", "n": "55222", "vap": "12", "pvap": "   0,11", "e": "N", "st": "Suplente"}, {"seq": "55", "n": "55101", "vap": "2", "pvap": "   0,02", "e": "N", "st": "Suplente"}, {"seq": "56", "n": "55888", "vap": "1", "pvap": "   0,01", "e": "N", "st": "Suplente"}, {"seq": "60", "n": "55333", "vap": "0", "pvap": "00.00", "e": "N", "st": "Suplente"}, {"seq": "5", "n": "13333", "vap": "583", "pvap": "   5,22", "e": "S", "st": "Eleito"}, {"seq": "6", "n": "13678", "vap": "572", "pvap": "   5,12", "e": "S", "st": "Eleito"}, {"seq": "7", "n": "13456", "vap": "528", "pvap": "   4,73", "e": "S", "st": "Eleito"}, {"seq": "9", "n": "13666", "vap": "443", "pvap": "   3,97", "e": "S", "st": "Eleito"}, {"seq": "12", "n": "13999", "vap": "397", "pvap": "   3,56", "e": "N", "st": "Suplente"}, {"seq": "13", "n": "13123", "vap": "366", "pvap": "   3,28", "e": "N", "st": "Suplente"}, {"seq": "14", "n": "13222", "vap": "331", "pvap": "   2,96", "e": "N", "st": "Suplente"}, {"seq": "17", "n": "13613", "vap": "238", "pvap": "   2,13", "e": "N", "st": "Suplente"}, {"seq": "18", "n": "13000", "vap": "200", "pvap": "   1,79", "e": "N", "st": "Suplente"}, {"seq": "22", "n": "13777", "vap": "174", "pvap": "   1,56", "e": "N", "st": "Suplente"}, {"seq": "28", "n": "13444", "vap": "101", "pvap": "   0,90", "e": "N", "st": "Suplente"}, {"seq": "32", "n": "13166", "vap": "63", "pvap": "   0,56", "e": "N", "st": "Suplente"}, {"seq": "48", "n": "13888", "vap": "11", "pvap": "   0,10", "e": "N", "st": "Suplente"}, {"seq": "52", "n": "13713", "vap": "4", "pvap": "   0,04", "e": "N", "st": "Suplente"}, {"seq": "58", "n": "13555", "vap": "1", "pvap": "   0,01", "e": "N", "st": "Suplente"}, {"seq": "59", "n": "13111", "vap": "0", "pvap": "00.00", "e": "N", "st": "Suplente"}, {"seq": "1", "n": "11111", "vap": "832", "pvap": "   7,45", "e": "S", "st": "Eleito"}, {"seq": "2", "n": "11333", "vap": "791", "pvap": "   7,08", "e": "S", "st": "Eleito"}, {"seq": "23", "n": "11000", "vap": "155", "pvap": "   1,39", "e": "N", "st": "Suplente"}, {"seq": "24", "n": "11888", "vap": "150", "pvap": "   1,34", "e": "N", "st": "Suplente"}, {"seq": "27", "n": "11222", "vap": "115", "pvap": "   1,03", "e": "N", "st": "Suplente"}, {"seq": "31", "n": "11666", "vap": "65", "pvap": "   0,58", "e": "N", "st": "Suplente"}, {"seq": "33", "n": "11555", "vap": "46", "pvap": "   0,41", "e": "N", "st": "Suplente"}, {"seq": "34", "n": "11444", "vap": "45", "pvap": "   0,40", "e": "N", "st": "Suplente"}, {"seq": "35", "n": "11621", "vap": "37", "pvap": "   0,33", "e": "N", "st": "Suplente"}, {"seq": "36", "n": "11125", "vap": "34", "pvap": "   0,30", "e": "N", "st": "Suplente"}, {"seq": "38", "n": "11123", "vap": "22", "pvap": "   0,20", "e": "N", "st": "Suplente"}, {"seq": "40", "n": "11999", "vap": "21", "pvap": "   0,19", "e": "N", "st": "Suplente"}, {"seq": "50", "n": "11155", "vap": "5", "pvap": "   0,04", "e": "N", "st": "Suplente"}, {"seq": "51", "n": "11246", "vap": "5", "pvap": "   0,04", "e": "N", "st": "Suplente"}, {"seq": "53", "n": "11115", "vap": "3", "pvap": "   0,03", "e": "N", "st": "Suplente"}, {"seq": "57", "n": "11234", "vap": "1", "pvap": "   0,01", "e": "N", "st": "Suplente"}, {"seq": "11", "n": "22611", "vap": "263", "pvap": "   2,36", "e": "S", "st": "Eleito"}, {"seq": "19", "n": "22222", "vap": "196", "pvap": "   1,76", "e": "N", "st": "Suplente"}, {"seq": "21", "n": "22111", "vap": "175", "pvap": "   1,57", "e": "N", "st": "Suplente"}, {"seq": "25", "n": "22655", "vap": "119", "pvap": "   1,07", "e": "N", "st": "Suplente"}, {"seq": "30", "n": "22322", "vap": "70", "pvap": "   0,63", "e": "N", "st": "Suplente"}, {"seq": "42", "n": "22000", "vap": "18", "pvap": "   0,16", "e": "N", "st": "Suplente"}, {"seq": "43", "n": "22113", "vap": "16", "pvap": "   0,14", "e": "N", "st": "Suplente"}, {"seq": "44", "n": "22333", "vap": "13", "pvap": "   0,12", "e": "N", "st": "Suplente"}, {"seq": "45", "n": "22444", "vap": "12", "pvap": "   0,11", "e": "N", "st": "Suplente"}, {"seq": "47", "n": "22220", "vap": "11", "pvap": "   0,10", "e": "N", "st": "Suplente"}, {"seq": "49", "n": "22123", "vap": "5", "pvap": "   0,04", "e": "N", "st": "Suplente"}, {"seq": "54", "n": "22213", "vap": "3", "pvap": "   0,03", "e": "N", "st": "Suplente"}]}]}