{"ele": "426", "carper": "13", "t": "1", "f": "O", "esae": "N", "mnae": " ", "dg": "15/11/2020", "hg": "23:02:06", "dv": "S", "nadf": "ba37478-c0013-e000426-003-f", "abr": [{"dt": "15/11/2020", "ht": "22:56:14", "tf": "S", "and": "F", "tpabr": "MU", "cdabr": "37478", "s": "52", "st": "52", "snt": "0", "si": "52", "sni": "0", "sa": "52", "sna": "0", "pst": " 100,00", "psnt": "   0,00", "psi": " 100,00", "psni": "   0,00", "psa": " 100,00", "psna": "   0,00", "e": "22356", "ea": "22356", "ena": "0", "esi": "22356", "esni": "0", "c": "17916", "a": "4440", "pea": " 100,00", "pena": "   0,00", "pesi": " 100,00", "pesni": "   0,00", "pa": "  19,86", "pc": "  80,14", "vscv": "0", "vnom": "15797", "vl": "1043", "tv": "17916", "vvc": "16840", "vb": "357", "tvn": "719", "vn": "719", "vnt": "0", "vp": "0", "vv": "16840", "van": "0", "vansj": "0", "pvnom": "  93,81", "pvl": "   6,19", "pvvc": "  93,99", "pvb": "   2,00", "ptvn": "   4,01", "pvn": " 100,00", "pvnt": "   0,00", "pvp": "   0,00", "pvv": " 100,00", "pvan": "   0,00", "pvansj": "   0,00", "colig": [{"n": "50000060651", "tvtn": "179", "tvan": "179", "vag": "0", "tvtl": "0", "tval": "0"}, {"n": "50000060665", "tvtn": "1040", "tvan": "1040", "vag": "1", "tvtl": "29", "tval": "29"}, {"n": "50000060652", "tvtn": "898", "tvan": "898", "vag": "0", "tvtl": "33", "tval": "33"}, {"n": "50000060653", "tvtn": "764", "tvan": "764", "vag": "0", "tvtl": "42", "tval": "42"}, {"n": "50000149866", "tvtn": "144", "tvan": "144", "vag": "0", "tvtl": "8", "tval": "8"}, {"n": "50000064842", "tvtn": "1709", "tvan": "1709", "vag": "1", "tvtl": "246", "tval": "246"}, {"n": "50000060666", "tvtn": "4488", "tvan": "4488", "vag": "4", "tvtl": "518", "tval": "518"}, {"n": "50000060668", "tvtn": "3252", "tvan": "3252", "vag": "3", "tvtl": "63", "tval": "63"}, {"n": "50000060654", "tvtn": "3062", "tvan": "3062", "vag": "2", "tvtl": "59", "tval": "59"}, {"n": "50000111599", "tvtn": "119", "tvan": "119", "vag": "0", "tvtl": "33", "tval": "33"}, {"n": "50000055505", "tvtn": "142", "tvan": "142", "vag": "0", "tvtl": "12", "tval": "12"}], "part": [{"n": "27", "tvtn": "179", "tvan": "179", "tvtl": "0", "tval": "0"}, {"n": "70", "tvtn": "1040", "tvan": "1040", "tvtl": "29", "tval": "29"}, {"n": "11", "tvtn": "898", "tvan": "898", "tvtl": "33", "tval": "33"}, {"n": "12", "tvtn": "764", "tvan": "764", "tvtl": "42", "tval": "42"}, {"n": "17", "tvtn": "144", "tvan": "144", "tvtl": "8", "tval": "8"}, {"n": "40", "tvtn": "1709", "tvan": "1709", "tvtl": "246", "tval": "246"}, {"n": "55", "tvtn": "4488", "tvan": "4488", "tvtl": "518", "tval": "518"}, {"n": "45", "tvtn": "3252", "tvan": "3252", "tvtl": "63", "tval": "63"}, {"n": "10", "tvtn": "3062", "tvan": "3062", "tvtl": "59", "tval": "59"}, {"n": "13", "tvtn": "119", "tvan": "119", "tvtl": "33", "tval": "33"}, {"n": "19", "tvtn": "142", "tvan": "142", "tvtl": "12", "tval": "12"}], "cand": [{"seq": "95", "n": "27000", "vap": "43", "pvap": "   0,26", "e": "N", "st": "N\u00e3o eleito"}, {"seq": "133", "n": "27888", "vap": "1", "pvap": "   0,01", "e": "N", "st": "N\u00e3o eleito"}, {"seq": "104", "n": "27555", "vap": "27", "pvap": "   0,16", "e": "N", "st": "N\u00e3o eleito"}, {"seq": "114", "n": "27123", "vap": "13", "pvap": "   0,08", "e": "N", "st": "N\u00e3o eleito"}, {"seq": "93", "n": "27222", "vap": "44", "pvap": "   0,26", "e": "N", "st": "N\u00e3o eleito"}, {"seq": "116", "n": "27777", "vap": "11", "pvap": "   0,07", "e": "N", "st": "N\u00e3o eleito"}, {"seq": "129", "n": "27999", "vap": "4", "pvap": "   0,02", "e": "N", "st": "N\u00e3o eleito"}, {"seq": "119", "n": "27112", "vap": "9", "pvap": "   0,05", "e": "N", "st": "N\u00e3o eleito"}, {"seq": "106", "n": "27444", "vap": "25", "pvap": "   0,15", "e": "N", "st": "N\u00e3o eleito"}, {"seq": "130", "n": "27333", "vap": "2", "pvap": "   0,01", "e": "N", "st": "N\u00e3o eleito"}, {"seq": "61", "n": "70999", "vap": "26", "pvap": "   0,15", "e": "N", "st": "Suplente"}, {"seq": "62", "n": "70333", "vap": "25", "pvap": "   0,15", "e": "N", "st": "Suplente"}, {"seq": "74", "n": "70278", "vap": "8", "pvap": "   0,05", "e": "N", "st": "Suplente"}, {"seq": "54", "n": "70444", "vap": "38", "pvap": "   0,23", "e": "N", "st": "Suplente"}, {"seq": "78", "n": "70111", "vap": "3", "pvap": "   0,02", "e": "N", "st": "Suplente"}, {"seq": "3", "n": "70555", "vap": "551", "pvap": "   3,27", "e": "S", "st": "Eleito"}, {"seq": "41", "n": "70123", "vap": "110", "pvap": "   0,65", "e": "N", "st": "Suplente"}, {"seq": "35", "n": "70000", "vap": "134", "pvap": "   0,80", "e": "N", "st": "Suplente"}, {"seq": "53", "n": "70888", "vap": "48", "pvap": "   0,29", "e": "N", "st": "Suplente"}, {"seq": "70", "n": "70007", "vap": "13", "pvap": "   0,08", "e": "N", "st": "Suplente"}, {"seq": "46", "n": "70001", "vap": "84", "pvap": "   0,50", "e": "N", "st": "Suplente"}, {"seq": "86", "n": "11112", "vap": "113", "pvap": "   0,67", "e": "N", "st": "N\u00e3o eleito"}, {"seq": "125", "n": "11555", "vap": "7", "pvap": "   0,04", "e": "N", "st": "N\u00e3o eleito"}, {"seq": "84", "n": "11222", "vap": "132", "pvap": "   0,78", "e": "N", "st": "N\u00e3o eleito"}, {"seq": "94", "n": "11200", "vap": "44", "pvap": "   0,26", "e": "N", "st": "N\u00e3o eleito"}, {"seq": "103", "n": "11000", "vap": "37", "pvap": "   0,22", "e": "N", "st": "N\u00e3o eleito"}, {"seq": "80", "n": "11777", "vap": "172", "pvap": "   1,02", "e": "N", "st": "N\u00e3o eleito"}, {"seq": "91", "n": "11312", "vap": "66", "pvap": "   0,39", "e": "N", "st": "N\u00e3o eleito"}, {"seq": "118", "n": "11444", "vap": "11", "pvap": "   0,07", "e": "N", "st": "N\u00e3o eleito"}, {"seq": "88", "n": "11111", "vap": "89", "pvap": "   0,53", "e": "N", "st": "N\u00e3o eleito"}, {"seq": "82", "n": "11345", "vap": "164", "pvap": "   0,97", "e": "N", "st": "N\u00e3o eleito"}, {"seq": "101", "n": "11340", "vap": "39", "pvap": "   0,23", "e": "N", "st": "N\u00e3o eleito"}, {"seq": "107", "n": "11123", "vap": "24", "pvap": "   0,14", "e": "N", "st": "N\u00e3o eleito"}, {"seq": "134", "n": "12333", "vap": "0", "pvap": "00.00", "e": "N", "st": "N\u00e3o eleito"}, {"seq": "89", "n": "12157", "vap": "76", "pvap": "   0,45", "e": "N", "st": "N\u00e3o eleito"}, {"seq": "128", "n": "12122", "vap": "4", "pvap": "   0,02", "e": "N", "st": "N\u00e3o eleito"}, {"seq": "87", "n": "12111", "vap": "93", "pvap": "   0,55", "e": "N", "st": "N\u00e3o eleito"}, {"seq": "121", "n": "12900", "vap": "9", "pvap": "   0,05", "e": "N", "st": "N\u00e3o eleito"}, {"seq": "85", "n": "12222", "vap": "121", "pvap": "   0,72", "e": "N", "st": "N\u00e3o eleito"}, {"seq": "105", "n": "12345", "vap": "27", "pvap": "   0,16", "e": "N", "st": "N\u00e3o eleito"}, {"seq": "112", "n": "12888", "vap": "14", "pvap": "   0,08", "e": "N", "st": "N\u00e3o eleito"}, {"seq": "115", "n": "12444", "vap": "13", "pvap": "   0,08", "e": "N", "st": "N\u00e3o eleito"}, {"seq": "100", "n": "12000", "vap": "39", "pvap": "   0,23", "e": "N", "st": "N\u00e3o eleito"}, {"seq": "81", "n": "12666", "vap": "170", "pvap": "   1,01", "e": "N", "st": "N\u00e3o eleito"}, {"seq": "102", "n": "12123", "vap": "38", "pvap": "   0,23", "e": "N", "st": "N\u00e3o eleito"}, {"seq": "120", "n": "12555", "vap": "9", "pvap": "   0,05", "e": "N", "st": "N\u00e3o eleito"}, {"seq": "83", "n": "12456", "vap": "134", "pvap": "   0,80", "e": "N", "st": "N\u00e3o eleito"}, {"seq": "109", "n": "12623", "vap": "17", "pvap": "   0,10", "e": "N", "st": "N\u00e3o eleito"}, {"seq": "99", "n": "17333", "vap": "39", "pvap": "   0,23", "e": "N", "st": "N\u00e3o eleito"}, {"seq": "113", "n": "17234", "vap": "14", "pvap": "   0,08", "e": "N", "st": "N\u00e3o eleito"}, {"seq": "135", "n": "17444", "vap": "0", "pvap": "00.00", "e": "N", "st": "N\u00e3o eleito"}, {"seq": "117", "n": "17888", "vap": "11", "pvap": "   0,07", "e": "N", "st": "N\u00e3o eleito"}, {"seq": "92", "n": "17123", "vap": "50", "pvap": "   0,30", "e": "N", "st": "N\u00e3o eleito"}, {"seq": "110", "n": "17777", "vap": "15", "pvap": "   0,09", "e": "N", "st": "N\u00e3o eleito"}, {"seq": "136", "n": "17899", "vap": "0", "pvap": "00.00", "e": "N", "st": "N\u00e3o eleito"}, {"seq": "122", "n": "17222", "vap": "8", "pvap": "   0,05", "e": "N", "st": "N\u00e3o eleito"}, {"seq": "124", "n": "17567", "vap": "7", "pvap": "   0,04", "e": "N", "st": "N\u00e3o eleito"}, {"seq": "33", "n": "40217", "vap": "149", "pvap": "   0,88", "e": "N", "st": "Suplente"}, {"seq": "60", "n": "40110", "vap": "26", "pvap": "   0,15", "e": "N", "st": "Suplente"}, {"seq": "22", "n": "40456", "vap": "227", "pvap": "   1,35", "e": "N", "st": "Suplente"}, {"seq": "63", "n": "40100", "vap": "24", "pvap": "   0,14", "e": "N", "st": "Suplente"}, {"seq": "77", "n": "40015", "vap": "4", "pvap": "   0,02", "e": "N", "st": "Suplente"}, {"seq": "76", "n": "40050", "vap": "6", "pvap": "   0,04", "e": "N", "st": "Suplente"}, {"seq": "58", "n": "40999", "vap": "30", "pvap": "   0,18", "e": "N", "st": "Suplente"}, {"seq": "56", "n": "40111", "vap": "34", "pvap": "   0,20", "e": "N", "st": "Suplente"}, {"seq": "45", "n": "40555", "vap": "85", "pvap": "   0,50", "e": "N", "st": "Suplente"}, {"seq": "75", "n": "40235", "vap": "6", "pvap": "   0,04", "e": "N", "st": "Suplente"}, {"seq": "13", "n": "40123", "vap": "368", "pvap": "   2,19", "e": "N", "st": "Suplente"}, {"seq": "49", "n": "40140", "vap": "59", "pvap": "   0,35", "e": "N", "st": "Suplente"}, {"seq": "68", "n": "40444", "vap": "16", "pvap": "   0,10", "e": "N", "st": "Suplente"}, {"seq": "43", "n": "40190", "vap": "89", "pvap": "   0,53", "e": "N", "st": "Suplente"}, {"seq": "42", "n": "40222", "vap": "90", "pvap": "   0,53", "e": "N", "st": "Suplente"}, {"seq": "47", "n": "40115", "vap": "79", "pvap": "   0,47", "e": "N", "st": "Suplente"}, {"seq": "10", "n": "40000", "vap": "417", "pvap": "   2,48", "e": "S", "st": "Eleito"}, {"seq": "44", "n": "55888", "vap": "85", "pvap": "   0,50", "e": "N", "st": "Suplente"}, {"seq": "28", "n": "55999", "vap": "202", "pvap": "   1,20", "e": "N", "st": "Suplente"}, {"seq": "1", "n": "55123", "vap": "742", "pvap": "   4,41", "e": "S", "st": "Eleito"}, {"seq": "25", "n": "55070", "vap": "216", "pvap": "   1,28", "e": "N", "st": "Suplente"}, {"seq": "59", "n": "55024", "vap": "28", "pvap": "   0,17", "e": "N", "st": "Suplente"}, {"seq": "21", "n": "55444", "vap": "240", "pvap": "   1,43", "e": "N", "st": "Suplente"}, {"seq": "2", "n": "55700", "vap": "729", "pvap": "   4,33", "e": "S", "st": "Eleito"}, {"seq": "55", "n": "55789", "vap": "36", "pvap": "   0,21", "e": "N", "st": "Suplente"}, {"seq": "40", "n": "55222", "vap": "112", "pvap": "   0,67", "e": "N", "st": "Suplente"}, {"seq": "32", "n": "55555", "vap": "177", "pvap": "   1,05", "e": "N", "st": "Suplente"}, {"seq": "16", "n": "55800", "vap": "335", "pvap": "   1,99", "e": "N", "st": "Suplente"}, {"seq": "52", "n": "55333", "vap": "54", "pvap": "   0,32", "e": "N", "st": "Suplente"}, {"seq": "7", "n": "55000", "vap": "485", "pvap": "   2,88", "e": "S", "st": "Eleito"}, {"seq": "73", "n": "55678", "vap": "10", "pvap": "   0,06", "e": "N", "st": "Suplente"}, {"seq": "5", "n": "55777", "vap": "528", "pvap": "   3,14", "e": "S", "st": "Eleito"}, {"seq": "14", "n": "55666", "vap": "364", "pvap": "   2,16", "e": "N", "st": "Suplente"}, {"seq": "34", "n": "55456", "vap": "145", "pvap": "   0,86", "e": "N", "st": "Suplente"}, {"seq": "24", "n": "45444", "vap": "221", "pvap": "   1,31", "e": "N", "st": "Suplente"}, {"seq": "37", "n": "45111", "vap": "127", "pvap": "   0,75", "e": "N", "st": "Suplente"}, {"seq": "23", "n": "45333", "vap": "223", "pvap": "   1,32", "e": "N", "st": "Suplente"}, {"seq": "20", "n": "45321", "vap": "251", "pvap": "   1,49", "e": "N", "st": "Suplente"}, {"seq": "29", "n": "45000", "vap": "196", "pvap": "   1,16", "e": "N", "st": "Suplente"}, {"seq": "38", "n": "45425", "vap": "118", "pvap": "   0,70", "e": "N", "st": "Suplente"}, {"seq": "64", "n": "45450", "vap": "23", "pvap": "   0,14", "e": "N", "st": "Suplente"}, {"seq": "66", "n": "45789", "vap": "17", "pvap": "   0,10", "e": "N", "st": "Suplente"}, {"seq": "9", "n": "45345", "vap": "444", "pvap": "   2,64", "e": "S", "st": "Eleito"}, {"seq": "26", "n": "45235", "vap": "215", "pvap": "   1,28", "e": "N", "st": "Suplente"}, {"seq": "39", "n": "45555", "vap": "114", "pvap": "   0,68", "e": "N", "st": "Suplente"}, {"seq": "57", "n": "45654", "vap": "33", "pvap": "   0,20", "e": "N", "st": "Suplente"}, {"seq": "11", "n": "45123", "vap": "343", "pvap": "   2,04", "e": "S", "st": "Eleito"}, {"seq": "31", "n": "45222", "vap": "185", "pvap": "   1,10", "e": "N", "st": "Suplente"}, {"seq": "30", "n": "45678", "vap": "186", "pvap": "   1,10", "e": "N", "st": "Suplente"}, {"seq": "67", "n": "45234", "vap": "16", "pvap": "   0,10", "e": "N", "st": "Suplente"}, {"seq": "4", "n": "45155", "vap": "540", "pvap": "   3,21", "e": "S", "st": "Eleito"}, {"seq": "36", "n": "10555", "vap": "131", "pvap": "   0,78", "e": "N", "st": "Suplente"}, {"seq": "17", "n": "10180", "vap": "271", "pvap": "   1,61", "e": "N", "st": "Suplente"}, {"seq": "51", "n": "10777", "vap": "54", "pvap": "   0,32", "e": "N", "st": "Suplente"}, {"seq": "65", "n": "10340", "vap": "17", "pvap": "   0,10", "e": "N", "st": "Suplente"}, {"seq": "27", "n": "10413", "vap": "212", "pvap": "   1,26", "e": "N", "st": "Suplente"}, {"seq": "18", "n": "10222", "vap": "265", "pvap": "   1,57", "e": "N", "st": "Suplente"}, {"seq": "19", "n": "10333", "vap": "256", "pvap": "   1,52", "e": "N", "st": "Suplente"}, {"seq": "48", "n": "10111", "vap": "63", "pvap": "   0,37", "e": "N", "st": "Suplente"}, {"seq": "71", "n": "10234", "vap": "12", "pvap": "   0,07", "e": "N", "st": "Suplente"}, {"seq": "8", "n": "10610", "vap": "467", "pvap": "   2,77", "e": "S", "st": "Eleito"}, {"seq": "69", "n": "10456", "vap": "14", "pvap": "   0,08", "e": "N", "st": "Suplente"}, {"seq": "12", "n": "10444", "vap": "394", "pvap": "   2,34", "e": "N", "st": "Suplente"}, {"seq": "72", "n": "10134", "vap": "11", "pvap": "   0,07", "e": "N", "st": "Suplente"}, {"seq": "50", "n": "10666", "vap": "55", "pvap": "   0,33", "e": "N", "st": "Suplente"}, {"seq": "79", "n": "10223", "vap": "2", "pvap": "   0,01", "e": "N", "st": "Suplente"}, {"seq": "6", "n": "10123", "vap": "494", "pvap": "   2,93", "e": "S", "st": "Eleito"}, {"seq": "15", "n": "10000", "vap": "344", "pvap": "   2,04", "e": "N", "st": "Suplente"}, {"seq": "96", "n": "13333", "vap": "43", "pvap": "   0,26", "e": "N", "st": "N\u00e3o eleito"}, {"seq": "132", "n": "13013", "vap": "2", "pvap": "   0,01", "e": "N", "st": "N\u00e3o eleito"}, {"seq": "90", "n": "13123", "vap": "74", "pvap": "   0,44", "e": "N", "st": "N\u00e3o eleito"}, {"seq": "123", "n": "19333", "vap": "8", "pvap": "   0,05", "e": "N", "st": "N\u00e3o eleito"}, {"seq": "97", "n": "19444", "vap": "42", "pvap": "   0,25", "e": "N", "st": "N\u00e3o eleito"}, {"seq": "111", "n": "19777", "vap": "14", "pvap": "   0,08", "e": "N", "st": "N\u00e3o eleito"}, {"seq": "127", "n": "19727", "vap": "6", "pvap": "   0,04", "e": "N", "st": "N\u00e3o eleito"}, {"seq": "126", "n": "19000", "vap": "7", "pvap": "   0,04", "e": "N", "st": "N\u00e3o eleito"}, {"seq": "131", "n": "19555", "vap": "2", "pvap": "   0,01", "e": "N", "st": "N\u00e3o eleito"}, {"seq": "98", "n": "19123", "vap": "40", "pvap": "   0,24", "e": "N", "st": "N\u00e3o eleito"}, {"seq": "108", "n": "19999", "vap": "23", "pvap": "   0,14", "e": "N", "st": "N\u00e3o eleito"}]}, {"dt": "15/11/2020", "ht": "22:56:14", "tf": "S", "and": "F", "tpabr": "ZONA", "cdabr": "131", "s": "52", "st": "52", "snt": "0", "si": "52", "sni": "0", "sa": "52", "sna": "0", "pst": " 100,00", "psnt": "   0,00", "psi": " 100,00", "psni": "   0,00", "psa": " 100,00", "psna": "   0,00", "e": "22356", "ea": "22356", "ena": "0", "esi": "22356", "esni": "0", "a": "4440", "c": "17916", "pea": " 100,00", "pena": "   0,00", "pesi": " 100,00", "pesni": "   0,00", "pa": "  19,86", "pc": "  80,14", "vnom": "15797", "vscv": "0", "vl": "1043", "tv": "17916", "vvc": "16840", "vb": "357", "tvn": "719", "vn": "719", "vnt": "0", "vp": "0", "vv": "16840", "van": "0", "vansj": "0", "pvnom": "  93,81", "pvl": "   6,19", "pvvc": "  93,99", "pvb": "   2,00", "ptvn": "   4,01", "pvn": " 100,00", "pvnt": "   0,00", "pvp": "   0,00", "pvv": " 100,00", "pvan": "   0,00", "pvansj": "   0,00", "cand": [{"seq": "6", "n": "10123", "vap": "494", "pvap": "   2,93", "e": "S", "st": "Eleito"}, {"seq": "8", "n": "10610", "vap": "467", "pvap": "   2,77", "e": "S", "st": "Eleito"}, {"seq": "12", "n": "10444", "vap": "394", "pvap": "   2,34", "e": "N", "st": "Suplente"}, {"seq": "15", "n": "10000", "vap": "344", "pvap": "   2,04", "e": "N", "st": "Suplente"}, {"seq": "17", "n": "10180", "vap": "271", "pvap": "   1,61", "e": "N", "st": "Suplente"}, {"seq": "18", "n": "10222", "vap": "265", "pvap": "   1,57", "e": "N", "st": "Suplente"}, {"seq": "19", "n": "10333", "vap": "256", "pvap": "   1,52", "e": "N", "st": "Suplente"}, {"seq": "27", "n": "10413", "vap": "212", "pvap": "   1,26", "e": "N", "st": "Suplente"}, {"seq": "36", "n": "10555", "vap": "131", "pvap": "   0,78", "e": "N", "st": "Suplente"}, {"seq": "48", "n": "10111", "vap": "63", "pvap": "   0,37", "e": "N", "st": "Suplente"}, {"seq": "50", "n": "10666", "vap": "55", "pvap": "   0,33", "e": "N", "st": "Suplente"}, {"seq": "51", "n": "10777", "vap": "54", "pvap": "   0,32", "e": "N", "st": "Suplente"}, {"seq": "65", "n": "10340", "vap": "17", "pvap": "   0,10", "e": "N", "st": "Suplente"}, {"seq": "69", "n": "10456", "vap": "14", "pvap": "   0,08", "e": "N", "st": "Suplente"}, {"seq": "71", "n": "10234", "vap": "12", "pvap": "   0,07", "e": "N", "st": "Suplente"}, {"seq": "72", "n": "10134", "vap": "11", "pvap": "   0,07", "e": "N", "st": "Suplente"}, {"seq": "79", "n": "10223", "vap": "2", "pvap": "   0,01", "e": "N", "st": "Suplente"}, {"seq": "90", "n": "13123", "vap": "74", "pvap": "   0,44", "e": "N", "st": "N\u00e3o eleito"}, {"seq": "96", "n": "13333", "vap": "43", "pvap": "   0,26", "e": "N", "st": "N\u00e3o eleito"}, {"seq": "132", "n": "13013", "vap": "2", "pvap": "   0,01", "e": "N", "st": "N\u00e3o eleito"}, {"seq": "81", "n": "12666", "vap": "170", "pvap": "   1,01", "e": "N", "st": "N\u00e3o eleito"}, {"seq": "83", "n": "12456", "vap": "134", "pvap": "   0,80", "e": "N", "st": "N\u00e3o eleito"}, {"seq": "85", "n": "12222", "vap": "121", "pvap": "   0,72", "e": "N", "st": "N\u00e3o eleito"}, {"seq": "87", "n": "12111", "vap": "93", "pvap": "   0,55", "e": "N", "st": "N\u00e3o eleito"}, {"seq": "89", "n": "12157", "vap": "76", "pvap": "   0,45", "e": "N", "st": "N\u00e3o eleito"}, {"seq": "100", "n": "12000", "vap": "39", "pvap": "   0,23", "e": "N", "st": "N\u00e3o eleito"}, {"seq": "102", "n": "12123", "vap": "38", "pvap": "   0,23", "e": "N", "st": "N\u00e3o eleito"}, {"seq": "105", "n": "12345", "vap": "27", "pvap": "   0,16", "e": "N", "st": "N\u00e3o eleito"}, {"seq": "109", "n": "12623", "vap": "17", "pvap": "   0,10", "e": "N", "st": "N\u00e3o eleito"}, {"seq": "112", "n": "12888", "vap": "14", "pvap": "   0,08", "e": "N", "st": "N\u00e3o eleito"}, {"seq": "115", "n": "12444", "vap": "13", "pvap": "   0,08", "e": "N", "st": "N\u00e3o eleito"}, {"seq": "120", "n": "12555", "vap": "9", "pvap": "   0,05", "e": "N", "st": "N\u00e3o eleito"}, {"seq": "121", "n": "12900", "vap": "9", "pvap": "   0,05", "e": "N", "st": "N\u00e3o eleito"}, {"seq": "128", "n": "12122", "vap": "4", "pvap": "   0,02", "e": "N", "st": "N\u00e3o eleito"}, {"seq": "134", "n": "12333", "vap": "0", "pvap": "00.00", "e": "N", "st": "N\u00e3o eleito"}, {"seq": "4", "n": "45155", "vap": "540", "pvap": "   3,21", "e": "S", "st": "Eleito"}, {"seq": "9", "n": "45345", "vap": "444", "pvap": "   2,64", "e": "S", "st": "Eleito"}, {"seq": "11", "n": "45123", "vap": "343", "pvap": "   2,04", "e": "S", "st": "Eleito"}, {"seq": "20", "n": "45321", "vap": "251", "pvap": "   1,49", "e": "N", "st": "Suplente"}, {"seq": "23", "n": "45333", "vap": "223", "pvap": "   1,32", "e": "N", "st": "Suplente"}, {"seq": "24", "n": "45444", "vap": "221", "pvap": "   1,31", "e": "N", "st": "Suplente"}, {"seq": "26", "n": "45235", "vap": "215", "pvap": "   1,28", "e": "N", "st": "Suplente"}, {"seq": "29", "n": "45000", "vap": "196", "pvap": "   1,16", "e": "N", "st": "Suplente"}, {"seq": "30", "n": "45678", "vap": "186", "pvap": "   1,10", "e": "N", "st": "Suplente"}, {"seq": "31", "n": "45222", "vap": "185", "pvap": "   1,10", "e": "N", "st": "Suplente"}, {"seq": "37", "n": "45111", "vap": "127", "pvap": "   0,75", "e": "N", "st": "Suplente"}, {"seq": "38", "n": "45425", "vap": "118", "pvap": "   0,70", "e": "N", "st": "Suplente"}, {"seq": "39", "n": "45555", "vap": "114", "pvap": "   0,68", "e": "N", "st": "Suplente"}, {"seq": "57", "n": "45654", "vap": "33", "pvap": "   0,20", "e": "N", "st": "Suplente"}, {"seq": "64", "n": "45450", "vap": "23", "pvap": "   0,14", "e": "N", "st": "Suplente"}, {"seq": "66", "n": "45789", "vap": "17", "pvap": "   0,10", "e": "N", "st": "Suplente"}, {"seq": "67", "n": "45234", "vap": "16", "pvap": "   0,10", "e": "N", "st": "Suplente"}, {"seq": "1", "n": "55123", "vap": "742", "pvap": "   4,41", "e": "S", "st": "Eleito"}, {"seq": "2", "n": "55700", "vap": "729", "pvap": "   4,33", "e": "S", "st": "Eleito"}, {"seq": "5", "n": "55777", "vap": "528", "pvap": "   3,14", "e": "S", "st": "Eleito"}, {"seq": "7", "n": "55000", "vap": "485", "pvap": "   2,88", "e": "S", "st": "Eleito"}, {"seq": "14", "n": "55666", "vap": "364", "pvap": "   2,16", "e": "N", "st": "Suplente"}, {"seq": "16", "n": "55800", "vap": "335", "pvap": "   1,99", "e": "N", "st": "Suplente"}, {"seq": "21", "n": "55444", "vap": "240", "pvap": "   1,43", "e": "N", "st": "Suplente"}, {"seq": "25", "n": "55070", "vap": "216", "pvap": "   1,28", "e": "N", "st": "Suplente"}, {"seq": "28", "n": "55999", "vap": "202", "pvap": "   1,20", "e": "N", "st": "Suplente"}, {"seq": "32", "n": "55555", "vap": "177", "pvap": "   1,05", "e": "N", "st": "Suplente"}, {"seq": "34", "n": "55456", "vap": "145", "pvap": "   0,86", "e": "N", "st": "Suplente"}, {"seq": "40", "n": "55222", "vap": "112", "pvap": "   0,67", "e": "N", "st": "Suplente"}, {"seq": "44", "n": "55888", "vap": "85", "pvap": "   0,50", "e": "N", "st": "Suplente"}, {"seq": "52", "n": "55333", "vap": "54", "pvap": "   0,32", "e": "N", "st": "Suplente"}, {"seq": "55", "n": "55789", "vap": "36", "pvap": "   0,21", "e": "N", "st": "Suplente"}, {"seq": "59", "n": "55024", "vap": "28", "pvap": "   0,17", "e": "N", "st": "Suplente"}, {"seq": "73", "n": "55678", "vap": "10", "pvap": "   0,06", "e": "N", "st": "Suplente"}, {"seq": "10", "n": "40000", "vap": "417", "pvap": "   2,48", "e": "S", "st": "Eleito"}, {"seq": "13", "n": "40123", "vap": "368", "pvap": "   2,19", "e": "N", "st": "Suplente"}, {"seq": "22", "n": "40456", "vap": "227", "pvap": "   1,35", "e": "N", "st": "Suplente"}, {"seq": "33", "n": "40217", "vap": "149", "pvap": "   0,88", "e": "N", "st": "Suplente"}, {"seq": "42", "n": "40222", "vap": "90", "pvap": "   0,53", "e": "N", "st": "Suplente"}, {"seq": "43", "n": "40190", "vap": "89", "pvap": "   0,53", "e": "N", "st": "Suplente"}, {"seq": "45", "n": "40555", "vap": "85", "pvap": "   0,50", "e": "N", "st": "Suplente"}, {"seq": "47", "n": "40115", "vap": "79", "pvap": "   0,47", "e": "N", "st": "Suplente"}, {"seq": "49", "n": "40140", "vap": "59", "pvap": "   0,35", "e": "N", "st": "Suplente"}, {"seq": "56", "n": "40111", "vap": "34", "pvap": "   0,20", "e": "N", "st": "Suplente"}, {"seq": "58", "n": "40999", "vap": "30", "pvap": "   0,18", "e": "N", "st": "Suplente"}, {"seq": "60", "n": "40110", "vap": "26", "pvap": "   0,15", "e": "N", "st": "Suplente"}, {"seq": "63", "n": "40100", "vap": "24", "pvap": "   0,14", "e": "N", "st": "Suplente"}, {"seq": "68", "n": "40444", "vap": "16", "pvap": "   0,10", "e": "N", "st": "Suplente"}, {"seq": "75", "n": "40235", "vap": "6", "pvap": "   0,04", "e": "N", "st": "Suplente"}, {"seq": "76", "n": "40050", "vap": "6", "pvap": "   0,04", "e": "N", "st": "Suplente"}, {"seq": "77", "n": "40015", "vap": "4", "pvap": "   0,02", "e": "N", "st": "Suplente"}, {"seq": "3", "n": "70555", "vap": "551", "pvap": "   3,27", "e": "S", "st": "Eleito"}, {"seq": "35", "n": "70000", "vap": "134", "pvap": "   0,80", "e": "N", "st": "Suplente"}, {"seq": "41", "n": "70123", "vap": "110", "pvap": "   0,65", "e": "N", "st": "Suplente"}, {"seq": "46", "n": "70001", "vap": "84", "pvap": "   0,50", "e": "N", "st": "Suplente"}, {"seq": "53", "n": "70888", "vap": "48", "pvap": "   0,29", "e": "N", "st": "Suplente"}, {"seq": "54", "n": "70444", "vap": "38", "pvap": "   0,23", "e": "N", "st": "Suplente"}, {"seq": "61", "n": "70999", "vap": "26", "pvap": "   0,15", "e": "N", "st": "Suplente"}, {"seq": "62", "n": "70333", "vap": "25", "pvap": "   0,15", "e": "N", "st": "Suplente"}, {"seq": "70", "n": "70007", "vap": "13", "pvap": "   0,08", "e": "N", "st": "Suplente"}, {"seq": "74", "n": "70278", "vap": "8", "pvap": "   0,05", "e": "N", "st": "Suplente"}, {"seq": "78", "n": "70111", "vap": "3", "pvap": "   0,02", "e": "N", "st": "Suplente"}, {"seq": "80", "n": "11777", "vap": "172", "pvap": "   1,02", "e": "N", "st": "N\u00e3o eleito"}, {"seq": "82", "n": "11345", "vap": "164", "pvap": "   0,97", "e": "N", "st": "N\u00e3o eleito"}, {"seq": "84", "n": "11222", "vap": "132", "pvap": "   0,78", "e": "N", "st": "N\u00e3o eleito"}, {"seq": "86", "n": "11112", "vap": "113", "pvap": "   0,67", "e": "N", "st": "N\u00e3o eleito"}, {"seq": "88", "n": "11111", "vap": "89", "pvap": "   0,53", "e": "N", "st": "N\u00e3o eleito"}, {"seq": "91", "n": "11312", "vap": "66", "pvap": "   0,39", "e": "N", "st": "N\u00e3o eleito"}, {"seq": "94", "n": "11200", "vap": "44", "pvap": "   0,26", "e": "N", "st": "N\u00e3o eleito"}, {"seq": "101", "n": "11340", "vap": "39", "pvap": "   0,23", "e": "N", "st": "N\u00e3o eleito"}, {"seq": "103", "n": "11000", "vap": "37", "pvap": "   0,22", "e": "N", "st": "N\u00e3o eleito"}, {"seq": "107", "n": "11123", "vap": "24", "pvap": "   0,14", "e": "N", "st": "N\u00e3o eleito"}, {"seq": "118", "n": "11444", "vap": "11", "pvap": "   0,07", "e": "N", "st": "N\u00e3o eleito"}, {"seq": "125", "n": "11555", "vap": "7", "pvap": "   0,04", "e": "N", "st": "N\u00e3o eleito"}, {"seq": "92", "n": "17123", "vap": "50", "pvap": "   0,30", "e": "N", "st": "N\u00e3o eleito"}, {"seq": "99", "n": "17333", "vap": "39", "pvap": "   0,23", "e": "N", "st": "N\u00e3o eleito"}, {"seq": "110", "n": "17777", "vap": "15", "pvap": "   0,09", "e": "N", "st": "N\u00e3o eleito"}, {"seq": "113", "n": "17234", "vap": "14", "pvap": "   0,08", "e": "N", "st": "N\u00e3o eleito"}, {"seq": "117", "n": "17888", "vap": "11", "pvap": "   0,07", "e": "N", "st": "N\u00e3o eleito"}, {"seq": "122", "n": "17222", "vap": "8", "pvap": "   0,05", "e": "N", "st": "N\u00e3o eleito"}, {"seq": "124", "n": "17567", "vap": "7", "pvap": "   0,04", "e": "N", "st": "N\u00e3o eleito"}, {"seq": "135", "n": "17444", "vap": "0", "pvap": "00.00", "e": "N", "st": "N\u00e3o eleito"}, {"seq": "136", "n": "17899", "vap": "0", "pvap": "00.00", "e": "N", "st": "N\u00e3o eleito"}, {"seq": "97", "n": "19444", "vap": "42", "pvap": "   0,25", "e": "N", "st": "N\u00e3o eleito"}, {"seq": "98", "n": "19123", "vap": "40", "pvap": "   0,24", "e": "N", "st": "N\u00e3o eleito"}, {"seq": "108", "n": "19999", "vap": "23", "pvap": "   0,14", "e": "N", "st": "N\u00e3o eleito"}, {"seq": "111", "n": "19777", "vap": "14", "pvap": "   0,08", "e": "N", "st": "N\u00e3o eleito"}, {"seq": "123", "n": "19333", "vap": "8", "pvap": "   0,05", "e": "N", "st": "N\u00e3o eleito"}, {"seq": "126", "n": "19000", "vap": "7", "pvap": "   0,04", "e": "N", "st": "N\u00e3o eleito"}, {"seq": "127", "n": "19727", "vap": "6", "pvap": "   0,04", "e": "N", "st": "N\u00e3o eleito"}, {"seq": "131", "n": "19555", "vap": "2", "pvap": "   0,01", "e": "N", "st": "N\u00e3o eleito"}, {"seq": "93", "n": "27222", "vap": "44", "pvap": "   0,26", "e": "N", "st": "N\u00e3o eleito"}, {"seq": "95", "n": "27000", "vap": "43", "pvap": "   0,26", "e": "N", "st": "N\u00e3o eleito"}, {"seq": "104", "n": "27555", "vap": "27", "pvap": "   0,16", "e": "N", "st": "N\u00e3o eleito"}, {"seq": "106", "n": "27444", "vap": "25", "pvap": "   0,15", "e": "N", "st": "N\u00e3o eleito"}, {"seq": "114", "n": "27123", "vap": "13", "pvap": "   0,08", "e": "N", "st": "N\u00e3o eleito"}, {"seq": "116", "n": "27777", "vap": "11", "pvap": "   0,07", "e": "N", "st": "N\u00e3o eleito"}, {"seq": "119", "n": "27112", "vap": "9", "pvap": "   0,05", "e": "N", "st": "N\u00e3o eleito"}, {"seq": "129", "n": "27999", "vap": "4", "pvap": "   0,02", "e": "N", "st": "N\u00e3o eleito"}, {"seq": "130", "n": "27333", "vap": "2", "pvap": "   0,01", "e": "N", "st": "N\u00e3o eleito"}, {"seq": "133", "n": "27888", "vap": "1", "pvap": "   0,01", "e": "N", "st": "N\u00e3o eleito"}]}]}