{"ele": "426", "carper": "13", "t": "1", "f": "O", "esae": "N", "mnae": " ", "dg": "15/11/2020", "hg": "23:48:38", "dv": "S", "nadf": "ba37567-c0013-e000426-002-f", "abr": [{"dt": "15/11/2020", "ht": "23:33:30", "tf": "S", "and": "F", "tpabr": "MU", "cdabr": "37567", "s": "23", "st": "23", "snt": "0", "si": "23", "sni": "0", "sa": "23", "sna": "0", "pst": " 100,00", "psnt": "   0,00", "psi": " 100,00", "psni": "   0,00", "psa": " 100,00", "psna": "   0,00", "e": "7625", "ea": "7625", "ena": "0", "esi": "7625", "esni": "0", "c": "6659", "a": "966", "pea": " 100,00", "pena": "   0,00", "pesi": " 100,00", "pesni": "   0,00", "pa": "  12,67", "pc": "  87,33", "vscv": "0", "vnom": "5933", "vl": "353", "tv": "6659", "vvc": "6286", "vb": "76", "tvn": "297", "vn": "297", "vnt": "0", "vp": "0", "vv": "6286", "van": "0", "vansj": "0", "pvnom": "  94,38", "pvl": "   5,62", "pvvc": "  94,40", "pvb": "   1,14", "ptvn": "   4,46", "pvn": " 100,00", "pvnt": "   0,00", "pvp": "   0,00", "pvv": " 100,00", "pvan": "   0,00", "pvansj": "   0,00", "colig": [{"n": "50000092644", "tvtn": "726", "tvan": "726", "vag": "1", "tvtl": "24", "tval": "24"}, {"n": "50000108688", "tvtn": "2836", "tvan": "2836", "vag": "5", "tvtl": "179", "tval": "179"}, {"n": "50000076858", "tvtn": "1011", "tvan": "1011", "vag": "1", "tvtl": "31", "tval": "31"}, {"n": "50000067626", "tvtn": "1360", "tvan": "1360", "vag": "2", "tvtl": "119", "tval": "119"}], "part": [{"n": "65", "tvtn": "726", "tvan": "726", "tvtl": "24", "tval": "24"}, {"n": "11", "tvtn": "2836", "tvan": "2836", "tvtl": "179", "tval": "179"}, {"n": "40", "tvtn": "1011", "tvan": "1011", "tvtl": "31", "tval": "31"}, {"n": "77", "tvtn": "1360", "tvan": "1360", "tvtl": "119", "tval": "119"}], "cand": [{"seq": "16", "n": "65444", "vap": "90", "pvap": "   1,43", "e": "N", "st": "Suplente"}, {"seq": "44", "n": "65888", "vap": "0", "pvap": "00.00", "e": "N", "st": "Suplente"}, {"seq": "1", "n": "65000", "vap": "532", "pvap": "   8,46", "e": "S", "st": "Eleito"}, {"seq": "30", "n": "65555", "vap": "25", "pvap": "   0,40", "e": "N", "st": "Suplente"}, {"seq": "31", "n": "65655", "vap": "24", "pvap": "   0,38", "e": "N", "st": "Suplente"}, {"seq": "29", "n": "65111", "vap": "27", "pvap": "   0,43", "e": "N", "st": "Suplente"}, {"seq": "32", "n": "65666", "vap": "22", "pvap": "   0,35", "e": "N", "st": "Suplente"}, {"seq": "42", "n": "65222", "vap": "6", "pvap": "   0,10", "e": "N", "st": "Suplente"}, {"seq": "8", "n": "11555", "vap": "364", "pvap": "   5,79", "e": "S", "st": "Eleito"}, {"seq": "2", "n": "11690", "vap": "521", "pvap": "   8,29", "e": "S", "st": "Eleito"}, {"seq": "9", "n": "11888", "vap": "318", "pvap": "   5,06", "e": "S", "st": "Eleito"}, {"seq": "11", "n": "11111", "vap": "226", "pvap": "   3,60", "e": "N", "st": "Suplente"}, {"seq": "25", "n": "11110", "vap": "32", "pvap": "   0,51", "e": "N", "st": "Suplente"}, {"seq": "7", "n": "11444", "vap": "402", "pvap": "   6,40", "e": "S", "st": "Eleito"}, {"seq": "5", "n": "11123", "vap": "413", "pvap": "   6,57", "e": "S", "st": "Eleito"}, {"seq": "35", "n": "11234", "vap": "12", "pvap": "   0,19", "e": "N", "st": "Suplente"}, {"seq": "24", "n": "11135", "vap": "39", "pvap": "   0,62", "e": "N", "st": "Suplente"}, {"seq": "20", "n": "11000", "vap": "63", "pvap": "   1,00", "e": "N", "st": "Suplente"}, {"seq": "12", "n": "11333", "vap": "208", "pvap": "   3,31", "e": "N", "st": "Suplente"}, {"seq": "23", "n": "11223", "vap": "48", "pvap": "   0,76", "e": "N", "st": "Suplente"}, {"seq": "13", "n": "11222", "vap": "190", "pvap": "   3,02", "e": "N", "st": "Suplente"}, {"seq": "26", "n": "40333", "vap": "29", "pvap": "   0,46", "e": "N", "st": "Suplente"}, {"seq": "6", "n": "40100", "vap": "407", "pvap": "   6,47", "e": "S", "st": "Eleito"}, {"seq": "41", "n": "40123", "vap": "9", "pvap": "   0,14", "e": "N", "st": "Suplente"}, {"seq": "22", "n": "40222", "vap": "50", "pvap": "   0,80", "e": "N", "st": "Suplente"}, {"seq": "10", "n": "40555", "vap": "305", "pvap": "   4,85", "e": "N", "st": "Suplente"}, {"seq": "21", "n": "40000", "vap": "60", "pvap": "   0,95", "e": "N", "st": "Suplente"}, {"seq": "38", "n": "40444", "vap": "11", "pvap": "   0,17", "e": "N", "st": "Suplente"}, {"seq": "28", "n": "40777", "vap": "28", "pvap": "   0,45", "e": "N", "st": "Suplente"}, {"seq": "43", "n": "40999", "vap": "5", "pvap": "   0,08", "e": "N", "st": "Suplente"}, {"seq": "15", "n": "40888", "vap": "107", "pvap": "   1,70", "e": "N", "st": "Suplente"}, {"seq": "14", "n": "77123", "vap": "144", "pvap": "   2,29", "e": "N", "st": "Suplente"}, {"seq": "39", "n": "77666", "vap": "10", "pvap": "   0,16", "e": "N", "st": "Suplente"}, {"seq": "27", "n": "77555", "vap": "29", "pvap": "   0,46", "e": "N", "st": "Suplente"}, {"seq": "34", "n": "77333", "vap": "16", "pvap": "   0,25", "e": "N", "st": "Suplente"}, {"seq": "37", "n": "77222", "vap": "11", "pvap": "   0,17", "e": "N", "st": "Suplente"}, {"seq": "36", "n": "77100", "vap": "12", "pvap": "   0,19", "e": "N", "st": "Suplente"}, {"seq": "19", "n": "77456", "vap": "64", "pvap": "   1,02", "e": "N", "st": "Suplente"}, {"seq": "3", "n": "77777", "vap": "450", "pvap": "   7,16", "e": "S", "st": "Eleito"}, {"seq": "33", "n": "77888", "vap": "17", "pvap": "   0,27", "e": "N", "st": "Suplente"}, {"seq": "4", "n": "77000", "vap": "438", "pvap": "   6,97", "e": "S", "st": "Eleito"}, {"seq": "18", "n": "77890", "vap": "71", "pvap": "   1,13", "e": "N", "st": "Suplente"}, {"seq": "17", "n": "77999", "vap": "89", "pvap": "   1,42", "e": "N", "st": "Suplente"}, {"seq": "40", "n": "77444", "vap": "9", "pvap": "   0,14", "e": "N", "st": "Suplente"}]}, {"dt": "15/11/2020", "ht": "23:33:30", "tf": "S", "and": "F", "tpabr": "ZONA", "cdabr": "196", "s": "23", "st": "23", "snt": "0", "si": "23", "sni": "0", "sa": "23", "sna": "0", "pst": " 100,00", "psnt": "   0,00", "psi": " 100,00", "psni": "   0,00", "psa": " 100,00", "psna": "   0,00", "e": "7625", "ea": "7625", "ena": "0", "esi": "7625", "esni": "0", "a": "966", "c": "6659", "pea": " 100,00", "pena": "   0,00", "pesi": " 100,00", "pesni": "   0,00", "pa": "  12,67", "pc": "  87,33", "vnom": "5933", "vscv": "0", "vl": "353", "tv": "6659", "vvc": "6286", "vb": "76", "tvn": "297", "vn": "297", "vnt": "0", "vp": "0", "vv": "6286", "van": "0", "vansj": "0", "pvnom": "  94,38", "pvl": "   5,62", "pvvc": "  94,40", "pvb": "   1,14", "ptvn": "   4,46", "pvn": " 100,00", "pvnt": "   0,00", "pvp": "   0,00", "pvv": " 100,00", "pvan": "   0,00", "pvansj": "   0,00", "cand": [{"seq": "7", "n": "11444", "vap": "402", "pvap": "   6,40", "e": "S", "st": "Eleito"}, {"seq": "20", "n": "11000", "vap": "63", "pvap": "   1,00", "e": "N", "st": "Suplente"}, {"seq": "25", "n": "11110", "vap": "32", "pvap": "   0,51", "e": "N", "st": "Suplente"}, {"seq": "35", "n": "11234", "vap": "12", "pvap": "   0,19", "e": "N", "st": "Suplente"}, {"seq": "12", "n": "11333", "vap": "208", "pvap": "   3,31", "e": "N", "st": "Suplente"}, {"seq": "23", "n": "11223", "vap": "48", "pvap": "   0,76", "e": "N", "st": "Suplente"}, {"seq": "11", "n": "11111", "vap": "226", "pvap": "   3,60", "e": "N", "st": "Suplente"}, {"seq": "5", "n": "11123", "vap": "413", "pvap": "   6,57", "e": "S", "st": "Eleito"}, {"seq": "24", "n": "11135", "vap": "39", "pvap": "   0,62", "e": "N", "st": "Suplente"}, {"seq": "2", "n": "11690", "vap": "521", "pvap": "   8,29", "e": "S", "st": "Eleito"}, {"seq": "8", "n": "11555", "vap": "364", "pvap": "   5,79", "e": "S", "st": "Eleito"}, {"seq": "9", "n": "11888", "vap": "318", "pvap": "   5,06", "e": "S", "st": "Eleito"}, {"seq": "13", "n": "11222", "vap": "190", "pvap": "   3,02", "e": "N", "st": "Suplente"}, {"seq": "21", "n": "40000", "vap": "60", "pvap": "   0,95", "e": "N", "st": "Suplente"}, {"seq": "28", "n": "40777", "vap": "28", "pvap": "   0,45", "e": "N", "st": "Suplente"}, {"seq": "6", "n": "40100", "vap": "407", "pvap": "   6,47", "e": "S", "st": "Eleito"}, {"seq": "41", "n": "40123", "vap": "9", "pvap": "   0,14", "e": "N", "st": "Suplente"}, {"seq": "15", "n": "40888", "vap": "107", "pvap": "   1,70", "e": "N", "st": "Suplente"}, {"seq": "43", "n": "40999", "vap": "5", "pvap": "   0,08", "e": "N", "st": "Suplente"}, {"seq": "22", "n": "40222", "vap": "50", "pvap": "   0,80", "e": "N", "st": "Suplente"}, {"seq": "26", "n": "40333", "vap": "29", "pvap": "   0,46", "e": "N", "st": "Suplente"}, {"seq": "10", "n": "40555", "vap": "305", "pvap": "   4,85", "e": "N", "st": "Suplente"}, {"seq": "38", "n": "40444", "vap": "11", "pvap": "   0,17", "e": "N", "st": "Suplente"}, {"seq": "42", "n": "65222", "vap": "6", "pvap": "   0,10", "e": "N", "st": "Suplente"}, {"seq": "31", "n": "65655", "vap": "24", "pvap": "   0,38", "e": "N", "st": "Suplente"}, {"seq": "29", "n": "65111", "vap": "27", "pvap": "   0,43", "e": "N", "st": "Suplente"}, {"seq": "1", "n": "65000", "vap": "532", "pvap": "   8,46", "e": "S", "st": "Eleito"}, {"seq": "30", "n": "65555", "vap": "25", "pvap": "   0,40", "e": "N", "st": "Suplente"}, {"seq": "44", "n": "65888", "vap": "0", "pvap": "00.00", "e": "N", "st": "Suplente"}, {"seq": "32", "n": "65666", "vap": "22", "pvap": "   0,35", "e": "N", "st": "Suplente"}, {"seq": "16", "n": "65444", "vap": "90", "pvap": "   1,43", "e": "N", "st": "Suplente"}, {"seq": "33", "n": "77888", "vap": "17", "pvap": "   0,27", "e": "N", "st": "Suplente"}, {"seq": "39", "n": "77666", "vap": "10", "pvap": "   0,16", "e": "N", "st": "Suplente"}, {"seq": "19", "n": "77456", "vap": "64", "pvap": "   1,02", "e": "N", "st": "Suplente"}, {"seq": "34", "n": "77333", "vap": "16", "pvap": "   0,25", "e": "N", "st": "Suplente"}, {"seq": "14", "n": "77123", "vap": "144", "pvap": "   2,29", "e": "N", "st": "Suplente"}, {"seq": "36", "n": "77100", "vap": "12", "pvap": "   0,19", "e": "N", "st": "Suplente"}, {"seq": "3", "n": "77777", "vap": "450", "pvap": "   7,16", "e": "S", "st": "Eleito"}, {"seq": "18", "n": "77890", "vap": "71", "pvap": "   1,13", "e": "N", "st": "Suplente"}, {"seq": "27", "n": "77555", "vap": "29", "pvap": "   0,46", "e": "N", "st": "Suplente"}, {"seq": "17", "n": "77999", "vap": "89", "pvap": "   1,42", "e": "N", "st": "Suplente"}, {"seq": "40", "n": "77444", "vap": "9", "pvap": "   0,14", "e": "N", "st": "Suplente"}, {"seq": "37", "n": "77222", "vap": "11", "pvap": "   0,17", "e": "N", "st": "Suplente"}, {"seq": "4", "n": "77000", "vap": "438", "pvap": "   6,97", "e": "S", "st": "Eleito"}]}]}