{"ele": "426", "carper": "13", "t": "1", "f": "O", "esae": "N", "mnae": " ", "dg": "15/11/2020", "hg": "23:02:28", "dv": "S", "nadf": "ba36455-c0013-e000426-003-f", "abr": [{"dt": "15/11/2020", "ht": "22:42:49", "tf": "S", "and": "F", "tpabr": "MU", "cdabr": "36455", "s": "44", "st": "44", "snt": "0", "si": "44", "sni": "0", "sa": "44", "sna": "0", "pst": " 100,00", "psnt": "   0,00", "psi": " 100,00", "psni": "   0,00", "psa": " 100,00", "psna": "   0,00", "e": "15194", "ea": "15194", "ena": "0", "esi": "15194", "esni": "0", "c": "12837", "a": "2357", "pea": " 100,00", "pena": "   0,00", "pesi": " 100,00", "pesni": "   0,00", "pa": "  15,51", "pc": "  84,49", "vscv": "0", "vnom": "11585", "vl": "714", "tv": "12837", "vvc": "12299", "vb": "133", "tvn": "405", "vn": "405", "vnt": "0", "vp": "0", "vv": "12299", "van": "0", "vansj": "0", "pvnom": "  94,19", "pvl": "   5,81", "pvvc": "  95,81", "pvb": "   1,04", "ptvn": "   3,15", "pvn": " 100,00", "pvnt": "   0,00", "pvp": "   0,00", "pvv": " 100,00", "pvan": "   0,00", "pvansj": "   0,00", "colig": [{"n": "50000131220", "tvtn": "3343", "tvan": "3343", "vag": "4", "tvtl": "254", "tval": "254"}, {"n": "50000144006", "tvtn": "813", "tvan": "813", "vag": "0", "tvtl": "34", "tval": "34"}, {"n": "50000110521", "tvtn": "1904", "tvan": "1904", "vag": "2", "tvtl": "50", "tval": "50"}, {"n": "50000052516", "tvtn": "338", "tvan": "338", "vag": "0", "tvtl": "21", "tval": "21"}, {"n": "50000144042", "tvtn": "2728", "tvan": "2728", "vag": "3", "tvtl": "51", "tval": "51"}, {"n": "50000144575", "tvtn": "1925", "tvan": "1925", "vag": "2", "tvtl": "265", "tval": "265"}, {"n": "50000108365", "tvtn": "435", "tvan": "435", "vag": "0", "tvtl": "30", "tval": "30"}, {"n": "50000110441", "tvtn": "99", "tvan": "99", "vag": "0", "tvtl": "9", "tval": "9"}], "part": [{"n": "11", "tvtn": "3343", "tvan": "3343", "tvtl": "254", "tval": "254"}, {"n": "12", "tvtn": "813", "tvan": "813", "tvtl": "34", "tval": "34"}, {"n": "22", "tvtn": "1904", "tvan": "1904", "tvtl": "50", "tval": "50"}, {"n": "17", "tvtn": "338", "tvan": "338", "tvtl": "21", "tval": "21"}, {"n": "40", "tvtn": "2728", "tvan": "2728", "tvtl": "51", "tval": "51"}, {"n": "55", "tvtn": "1925", "tvan": "1925", "tvtl": "265", "tval": "265"}, {"n": "45", "tvtn": "435", "tvan": "435", "tvtl": "30", "tval": "30"}, {"n": "13", "tvtn": "99", "tvan": "99", "tvtl": "9", "tval": "9"}], "cand": [{"seq": "45", "n": "11133", "vap": "13", "pvap": "   0,11", "e": "N", "st": "Suplente"}, {"seq": "38", "n": "11777", "vap": "28", "pvap": "   0,23", "e": "N", "st": "Suplente"}, {"seq": "40", "n": "11144", "vap": "25", "pvap": "   0,20", "e": "N", "st": "Suplente"}, {"seq": "15", "n": "11111", "vap": "268", "pvap": "   2,18", "e": "N", "st": "Suplente"}, {"seq": "12", "n": "11222", "vap": "331", "pvap": "   2,69", "e": "N", "st": "Suplente"}, {"seq": "35", "n": "11100", "vap": "46", "pvap": "   0,37", "e": "N", "st": "Suplente"}, {"seq": "18", "n": "11888", "vap": "245", "pvap": "   1,99", "e": "N", "st": "Suplente"}, {"seq": "28", "n": "11190", "vap": "78", "pvap": "   0,63", "e": "N", "st": "Suplente"}, {"seq": "16", "n": "11999", "vap": "258", "pvap": "   2,10", "e": "N", "st": "Suplente"}, {"seq": "44", "n": "11200", "vap": "15", "pvap": "   0,12", "e": "N", "st": "Suplente"}, {"seq": "27", "n": "11666", "vap": "93", "pvap": "   0,76", "e": "N", "st": "Suplente"}, {"seq": "46", "n": "11122", "vap": "12", "pvap": "   0,10", "e": "N", "st": "Suplente"}, {"seq": "41", "n": "11192", "vap": "19", "pvap": "   0,15", "e": "N", "st": "Suplente"}, {"seq": "7", "n": "11555", "vap": "457", "pvap": "   3,72", "e": "S", "st": "Eleito"}, {"seq": "8", "n": "11444", "vap": "432", "pvap": "   3,51", "e": "S", "st": "Eleito"}, {"seq": "3", "n": "11000", "vap": "660", "pvap": "   5,37", "e": "S", "st": "Eleito"}, {"seq": "9", "n": "11333", "vap": "363", "pvap": "   2,95", "e": "S", "st": "Eleito"}, {"seq": "59", "n": "12555", "vap": "265", "pvap": "   2,15", "e": "N", "st": "N\u00e3o eleito"}, {"seq": "79", "n": "12123", "vap": "11", "pvap": "   0,09", "e": "N", "st": "N\u00e3o eleito"}, {"seq": "78", "n": "12777", "vap": "17", "pvap": "   0,14", "e": "N", "st": "N\u00e3o eleito"}, {"seq": "85", "n": "12277", "vap": "3", "pvap": "   0,02", "e": "N", "st": "N\u00e3o eleito"}, {"seq": "65", "n": "12000", "vap": "58", "pvap": "   0,47", "e": "N", "st": "N\u00e3o eleito"}, {"seq": "72", "n": "12444", "vap": "30", "pvap": "   0,24", "e": "N", "st": "N\u00e3o eleito"}, {"seq": "60", "n": "12333", "vap": "167", "pvap": "   1,36", "e": "N", "st": "N\u00e3o eleito"}, {"seq": "84", "n": "12577", "vap": "5", "pvap": "   0,04", "e": "N", "st": "N\u00e3o eleito"}, {"seq": "70", "n": "12111", "vap": "32", "pvap": "   0,26", "e": "N", "st": "N\u00e3o eleito"}, {"seq": "75", "n": "12888", "vap": "27", "pvap": "   0,22", "e": "N", "st": "N\u00e3o eleito"}, {"seq": "61", "n": "12345", "vap": "164", "pvap": "   1,33", "e": "N", "st": "N\u00e3o eleito"}, {"seq": "68", "n": "12222", "vap": "34", "pvap": "   0,28", "e": "N", "st": "N\u00e3o eleito"}, {"seq": "6", "n": "22222", "vap": "471", "pvap": "   3,83", "e": "S", "st": "Eleito"}, {"seq": "49", "n": "22111", "vap": "7", "pvap": "   0,06", "e": "N", "st": "Suplente"}, {"seq": "36", "n": "22666", "vap": "35", "pvap": "   0,28", "e": "N", "st": "Suplente"}, {"seq": "21", "n": "22000", "vap": "186", "pvap": "   1,51", "e": "N", "st": "Suplente"}, {"seq": "29", "n": "22555", "vap": "77", "pvap": "   0,63", "e": "N", "st": "Suplente"}, {"seq": "50", "n": "22888", "vap": "6", "pvap": "   0,05", "e": "N", "st": "Suplente"}, {"seq": "53", "n": "22999", "vap": "4", "pvap": "   0,03", "e": "N", "st": "Suplente"}, {"seq": "23", "n": "22333", "vap": "143", "pvap": "   1,16", "e": "N", "st": "Suplente"}, {"seq": "1", "n": "22444", "vap": "975", "pvap": "   7,93", "e": "S", "st": "Eleito"}, {"seq": "74", "n": "17555", "vap": "29", "pvap": "   0,24", "e": "N", "st": "N\u00e3o eleito"}, {"seq": "67", "n": "17777", "vap": "41", "pvap": "   0,33", "e": "N", "st": "N\u00e3o eleito"}, {"seq": "69", "n": "17999", "vap": "34", "pvap": "   0,28", "e": "N", "st": "N\u00e3o eleito"}, {"seq": "66", "n": "17333", "vap": "54", "pvap": "   0,44", "e": "N", "st": "N\u00e3o eleito"}, {"seq": "87", "n": "17111", "vap": "1", "pvap": "   0,01", "e": "N", "st": "N\u00e3o eleito"}, {"seq": "83", "n": "17010", "vap": "6", "pvap": "   0,05", "e": "N", "st": "N\u00e3o eleito"}, {"seq": "62", "n": "17888", "vap": "84", "pvap": "   0,68", "e": "N", "st": "N\u00e3o eleito"}, {"seq": "73", "n": "17222", "vap": "30", "pvap": "   0,24", "e": "N", "st": "N\u00e3o eleito"}, {"seq": "64", "n": "17444", "vap": "58", "pvap": "   0,47", "e": "N", "st": "N\u00e3o eleito"}, {"seq": "88", "n": "17000", "vap": "1", "pvap": "   0,01", "e": "N", "st": "N\u00e3o eleito"}, {"seq": "24", "n": "40999", "vap": "121", "pvap": "   0,98", "e": "N", "st": "Suplente"}, {"seq": "26", "n": "40666", "vap": "94", "pvap": "   0,76", "e": "N", "st": "Suplente"}, {"seq": "37", "n": "40005", "vap": "35", "pvap": "   0,28", "e": "N", "st": "Suplente"}, {"seq": "11", "n": "40000", "vap": "331", "pvap": "   2,69", "e": "S", "st": "Eleito"}, {"seq": "42", "n": "40004", "vap": "17", "pvap": "   0,14", "e": "N", "st": "Suplente"}, {"seq": "39", "n": "40001", "vap": "28", "pvap": "   0,23", "e": "N", "st": "Suplente"}, {"seq": "25", "n": "40777", "vap": "106", "pvap": "   0,86", "e": "N", "st": "Suplente"}, {"seq": "20", "n": "40111", "vap": "188", "pvap": "   1,53", "e": "N", "st": "Suplente"}, {"seq": "48", "n": "40008", "vap": "8", "pvap": "   0,07", "e": "N", "st": "Suplente"}, {"seq": "4", "n": "40555", "vap": "617", "pvap": "   5,02", "e": "S", "st": "Eleito"}, {"seq": "13", "n": "40333", "vap": "295", "pvap": "   2,40", "e": "N", "st": "Suplente"}, {"seq": "19", "n": "40444", "vap": "220", "pvap": "   1,79", "e": "N", "st": "Suplente"}, {"seq": "32", "n": "40007", "vap": "55", "pvap": "   0,45", "e": "N", "st": "Suplente"}, {"seq": "10", "n": "40888", "vap": "337", "pvap": "   2,74", "e": "S", "st": "Eleito"}, {"seq": "14", "n": "40222", "vap": "276", "pvap": "   2,24", "e": "N", "st": "Suplente"}, {"seq": "43", "n": "55222", "vap": "16", "pvap": "   0,13", "e": "N", "st": "Suplente"}, {"seq": "2", "n": "55555", "vap": "720", "pvap": "   5,85", "e": "S", "st": "Eleito"}, {"seq": "17", "n": "55000", "vap": "252", "pvap": "   2,05", "e": "N", "st": "Suplente"}, {"seq": "52", "n": "55666", "vap": "5", "pvap": "   0,04", "e": "N", "st": "Suplente"}, {"seq": "34", "n": "55444", "vap": "50", "pvap": "   0,41", "e": "N", "st": "Suplente"}, {"seq": "57", "n": "55001", "vap": "0", "pvap": "00.00", "e": "N", "st": "Suplente"}, {"seq": "30", "n": "55777", "vap": "64", "pvap": "   0,52", "e": "N", "st": "Suplente"}, {"seq": "33", "n": "55111", "vap": "53", "pvap": "   0,43", "e": "N", "st": "Suplente"}, {"seq": "55", "n": "55123", "vap": "1", "pvap": "   0,01", "e": "N", "st": "Suplente"}, {"seq": "22", "n": "55333", "vap": "153", "pvap": "   1,24", "e": "N", "st": "Suplente"}, {"seq": "31", "n": "55999", "vap": "63", "pvap": "   0,51", "e": "N", "st": "Suplente"}, {"seq": "51", "n": "55432", "vap": "6", "pvap": "   0,05", "e": "N", "st": "Suplente"}, {"seq": "47", "n": "55678", "vap": "8", "pvap": "   0,07", "e": "N", "st": "Suplente"}, {"seq": "5", "n": "55888", "vap": "530", "pvap": "   4,31", "e": "S", "st": "Eleito"}, {"seq": "54", "n": "55550", "vap": "3", "pvap": "   0,02", "e": "N", "st": "Suplente"}, {"seq": "56", "n": "55557", "vap": "1", "pvap": "   0,01", "e": "N", "st": "Suplente"}, {"seq": "80", "n": "45222", "vap": "9", "pvap": "   0,07", "e": "N", "st": "N\u00e3o eleito"}, {"seq": "58", "n": "45555", "vap": "368", "pvap": "   2,99", "e": "N", "st": "N\u00e3o eleito"}, {"seq": "86", "n": "45244", "vap": "1", "pvap": "   0,01", "e": "N", "st": "N\u00e3o eleito"}, {"seq": "71", "n": "45111", "vap": "30", "pvap": "   0,24", "e": "N", "st": "N\u00e3o eleito"}, {"seq": "76", "n": "45333", "vap": "21", "pvap": "   0,17", "e": "N", "st": "N\u00e3o eleito"}, {"seq": "82", "n": "45888", "vap": "6", "pvap": "   0,05", "e": "N", "st": "N\u00e3o eleito"}, {"seq": "81", "n": "13111", "vap": "8", "pvap": "   0,07", "e": "N", "st": "N\u00e3o eleito"}, {"seq": "63", "n": "13333", "vap": "74", "pvap": "   0,60", "e": "N", "st": "N\u00e3o eleito"}, {"seq": "77", "n": "13222", "vap": "17", "pvap": "   0,14", "e": "N", "st": "N\u00e3o eleito"}]}, {"dt": "15/11/2020", "ht": "22:42:49", "tf": "S", "and": "F", "tpabr": "ZONA", "cdabr": "58", "s": "44", "st": "44", "snt": "0", "si": "44", "sni": "0", "sa": "44", "sna": "0", "pst": " 100,00", "psnt": "   0,00", "psi": " 100,00", "psni": "   0,00", "psa": " 100,00", "psna": "   0,00", "e": "15194", "ea": "15194", "ena": "0", "esi": "15194", "esni": "0", "a": "2357", "c": "12837", "pea": " 100,00", "pena": "   0,00", "pesi": " 100,00", "pesni": "   0,00", "pa": "  15,51", "pc": "  84,49", "vnom": "11585", "vscv": "0", "vl": "714", "tv": "12837", "vvc": "12299", "vb": "133", "tvn": "405", "vn": "405", "vnt": "0", "vp": "0", "vv": "12299", "van": "0", "vansj": "0", "pvnom": "  94,19", "pvl": "   5,81", "pvvc": "  95,81", "pvb": "   1,04", "ptvn": "   3,15", "pvn": " 100,00", "pvnt": "   0,00", "pvp": "   0,00", "pvv": " 100,00", "pvan": "   0,00", "pvansj": "   0,00", "cand": [{"seq": "63", "n": "13333", "vap": "74", "pvap": "   0,60", "e": "N", "st": "N\u00e3o eleito"}, {"seq": "77", "n": "13222", "vap": "17", "pvap": "   0,14", "e": "N", "st": "N\u00e3o eleito"}, {"seq": "81", "n": "13111", "vap": "8", "pvap": "   0,07", "e": "N", "st": "N\u00e3o eleito"}, {"seq": "58", "n": "45555", "vap": "368", "pvap": "   2,99", "e": "N", "st": "N\u00e3o eleito"}, {"seq": "71", "n": "45111", "vap": "30", "pvap": "   0,24", "e": "N", "st": "N\u00e3o eleito"}, {"seq": "76", "n": "45333", "vap": "21", "pvap": "   0,17", "e": "N", "st": "N\u00e3o eleito"}, {"seq": "80", "n": "45222", "vap": "9", "pvap": "   0,07", "e": "N", "st": "N\u00e3o eleito"}, {"seq": "82", "n": "45888", "vap": "6", "pvap": "   0,05", "e": "N", "st": "N\u00e3o eleito"}, {"seq": "86", "n": "45244", "vap": "1", "pvap": "   0,01", "e": "N", "st": "N\u00e3o eleito"}, {"seq": "62", "n": "17888", "vap": "84", "pvap": "   0,68", "e": "N", "st": "N\u00e3o eleito"}, {"seq": "64", "n": "17444", "vap": "58", "pvap": "   0,47", "e": "N", "st": "N\u00e3o eleito"}, {"seq": "66", "n": "17333", "vap": "54", "pvap": "   0,44", "e": "N", "st": "N\u00e3o eleito"}, {"seq": "67", "n": "17777", "vap": "41", "pvap": "   0,33", "e": "N", "st": "N\u00e3o eleito"}, {"seq": "69", "n": "17999", "vap": "34", "pvap": "   0,28", "e": "N", "st": "N\u00e3o eleito"}, {"seq": "73", "n": "17222", "vap": "30", "pvap": "   0,24", "e": "N", "st": "N\u00e3o eleito"}, {"seq": "74", "n": "17555", "vap": "29", "pvap": "   0,24", "e": "N", "st": "N\u00e3o eleito"}, {"seq": "83", "n": "17010", "vap": "6", "pvap": "   0,05", "e": "N", "st": "N\u00e3o eleito"}, {"seq": "87", "n": "17111", "vap": "1", "pvap": "   0,01", "e": "N", "st": "N\u00e3o eleito"}, {"seq": "88", "n": "17000", "vap": "1", "pvap": "   0,01", "e": "N", "st": "N\u00e3o eleito"}, {"seq": "4", "n": "40555", "vap": "617", "pvap": "   5,02", "e": "S", "st": "Eleito"}, {"seq": "10", "n": "40888", "vap": "337", "pvap": "   2,74", "e": "S", "st": "Eleito"}, {"seq": "11", "n": "40000", "vap": "331", "pvap": "   2,69", "e": "S", "st": "Eleito"}, {"seq": "13", "n": "40333", "vap": "295", "pvap": "   2,40", "e": "N", "st": "Suplente"}, {"seq": "14", "n": "40222", "vap": "276", "pvap": "   2,24", "e": "N", "st": "Suplente"}, {"seq": "19", "n": "40444", "vap": "220", "pvap": "   1,79", "e": "N", "st": "Suplente"}, {"seq": "20", "n": "40111", "vap": "188", "pvap": "   1,53", "e": "N", "st": "Suplente"}, {"seq": "24", "n": "40999", "vap": "121", "pvap": "   0,98", "e": "N", "st": "Suplente"}, {"seq": "25", "n": "40777", "vap": "106", "pvap": "   0,86", "e": "N", "st": "Suplente"}, {"seq": "26", "n": "40666", "vap": "94", "pvap": "   0,76", "e": "N", "st": "Suplente"}, {"seq": "32", "n": "40007", "vap": "55", "pvap": "   0,45", "e": "N", "st": "Suplente"}, {"seq": "37", "n": "40005", "vap": "35", "pvap": "   0,28", "e": "N", "st": "Suplente"}, {"seq": "39", "n": "40001", "vap": "28", "pvap": "   0,23", "e": "N", "st": "Suplente"}, {"seq": "42", "n": "40004", "vap": "17", "pvap": "   0,14", "e": "N", "st": "Suplente"}, {"seq": "48", "n": "40008", "vap": "8", "pvap": "   0,07", "e": "N", "st": "Suplente"}, {"seq": "3", "n": "11000", "vap": "660", "pvap": "   5,37", "e": "S", "st": "Eleito"}, {"seq": "7", "n": "11555", "vap": "457", "pvap": "   3,72", "e": "S", "st": "Eleito"}, {"seq": "8", "n": "11444", "vap": "432", "pvap": "   3,51", "e": "S", "st": "Eleito"}, {"seq": "9", "n": "11333", "vap": "363", "pvap": "   2,95", "e": "S", "st": "Eleito"}, {"seq": "12", "n": "11222", "vap": "331", "pvap": "   2,69", "e": "N", "st": "Suplente"}, {"seq": "15", "n": "11111", "vap": "268", "pvap": "   2,18", "e": "N", "st": "Suplente"}, {"seq": "16", "n": "11999", "vap": "258", "pvap": "   2,10", "e": "N", "st": "Suplente"}, {"seq": "18", "n": "11888", "vap": "245", "pvap": "   1,99", "e": "N", "st": "Suplente"}, {"seq": "27", "n": "11666", "vap": "93", "pvap": "   0,76", "e": "N", "st": "Suplente"}, {"seq": "28", "n": "11190", "vap": "78", "pvap": "   0,63", "e": "N", "st": "Suplente"}, {"seq": "35", "n": "11100", "vap": "46", "pvap": "   0,37", "e": "N", "st": "Suplente"}, {"seq": "38", "n": "11777", "vap": "28", "pvap": "   0,23", "e": "N", "st": "Suplente"}, {"seq": "40", "n": "11144", "vap": "25", "pvap": "   0,20", "e": "N", "st": "Suplente"}, {"seq": "41", "n": "11192", "vap": "19", "pvap": "   0,15", "e": "N", "st": "Suplente"}, {"seq": "44", "n": "11200", "vap": "15", "pvap": "   0,12", "e": "N", "st": "Suplente"}, {"seq": "45", "n": "11133", "vap": "13", "pvap": "   0,11", "e": "N", "st": "Suplente"}, {"seq": "46", "n": "11122", "vap": "12", "pvap": "   0,10", "e": "N", "st": "Suplente"}, {"seq": "59", "n": "12555", "vap": "265", "pvap": "   2,15", "e": "N", "st": "N\u00e3o eleito"}, {"seq": "60", "n": "12333", "vap": "167", "pvap": "   1,36", "e": "N", "st": "N\u00e3o eleito"}, {"seq": "61", "n": "12345", "vap": "164", "pvap": "   1,33", "e": "N", "st": "N\u00e3o eleito"}, {"seq": "65", "n": "12000", "vap": "58", "pvap": "   0,47", "e": "N", "st": "N\u00e3o eleito"}, {"seq": "68", "n": "12222", "vap": "34", "pvap": "   0,28", "e": "N", "st": "N\u00e3o eleito"}, {"seq": "70", "n": "12111", "vap": "32", "pvap": "   0,26", "e": "N", "st": "N\u00e3o eleito"}, {"seq": "72", "n": "12444", "vap": "30", "pvap": "   0,24", "e": "N", "st": "N\u00e3o eleito"}, {"seq": "75", "n": "12888", "vap": "27", "pvap": "   0,22", "e": "N", "st": "N\u00e3o eleito"}, {"seq": "78", "n": "12777", "vap": "17", "pvap": "   0,14", "e": "N", "st": "N\u00e3o eleito"}, {"seq": "79", "n": "12123", "vap": "11", "pvap": "   0,09", "e": "N", "st": "N\u00e3o eleito"}, {"seq": "84", "n": "12577", "vap": "5", "pvap": "   0,04", "e": "N", "st": "N\u00e3o eleito"}, {"seq": "85", "n": "12277", "vap": "3", "pvap": "   0,02", "e": "N", "st": "N\u00e3o eleito"}, {"seq": "1", "n": "22444", "vap": "975", "pvap": "   7,93", "e": "S", "st": "Eleito"}, {"seq": "6", "n": "22222", "vap": "471", "pvap": "   3,83", "e": "S", "st": "Eleito"}, {"seq": "21", "n": "22000", "vap": "186", "pvap": "   1,51", "e": "N", "st": "Suplente"}, {"seq": "23", "n": "22333", "vap": "143", "pvap": "   1,16", "e": "N", "st": "Suplente"}, {"seq": "29", "n": "22555", "vap": "77", "pvap": "   0,63", "e": "N", "st": "Suplente"}, {"seq": "36", "n": "22666", "vap": "35", "pvap": "   0,28", "e": "N", "st": "Suplente"}, {"seq": "49", "n": "22111", "vap": "7", "pvap": "   0,06", "e": "N", "st": "Suplente"}, {"seq": "50", "n": "22888", "vap": "6", "pvap": "   0,05", "e": "N", "st": "Suplente"}, {"seq": "53", "n": "22999", "vap": "4", "pvap": "   0,03", "e": "N", "st": "Suplente"}, {"seq": "2", "n": "55555", "vap": "720", "pvap": "   5,85", "e": "S", "st": "Eleito"}, {"seq": "5", "n": "55888", "vap": "530", "pvap": "   4,31", "e": "S", "st": "Eleito"}, {"seq": "17", "n": "55000", "vap": "252", "pvap": "   2,05", "e": "N", "st": "Suplente"}, {"seq": "22", "n": "55333", "vap": "153", "pvap": "   1,24", "e": "N", "st": "Suplente"}, {"seq": "30", "n": "55777", "vap": "64", "pvap": "   0,52", "e": "N", "st": "Suplente"}, {"seq": "31", "n": "55999", "vap": "63", "pvap": "   0,51", "e": "N", "st": "Suplente"}, {"seq": "33", "n": "55111", "vap": "53", "pvap": "   0,43", "e": "N", "st": "Suplente"}, {"seq": "34", "n": "55444", "vap": "50", "pvap": "   0,41", "e": "N", "st": "Suplente"}, {"seq": "43", "n": "55222", "vap": "16", "pvap": "   0,13", "e": "N", "st": "Suplente"}, {"seq": "47", "n": "55678", "vap": "8", "pvap": "   0,07", "e": "N", "st": "Suplente"}, {"seq": "51", "n": "55432", "vap": "6", "pvap": "   0,05", "e": "N", "st": "Suplente"}, {"seq": "52", "n": "55666", "vap": "5", "pvap": "   0,04", "e": "N", "st": "Suplente"}, {"seq": "54", "n": "55550", "vap": "3", "pvap": "   0,02", "e": "N", "st": "Suplente"}, {"seq": "55", "n": "55123", "vap": "1", "pvap": "   0,01", "e": "N", "st": "Suplente"}, {"seq": "56", "n": "55557", "vap": "1", "pvap": "   0,01", "e": "N", "st": "Suplente"}, {"seq": "57", "n": "55001", "vap": "0", "pvap": "00.00", "e": "N", "st": "Suplente"}]}]}