{"ele": "426", "carper": "13", "t": "1", "f": "O", "esae": "N", "mnae": " ", "dg": "16/11/2020", "hg": "00:32:50", "dv": "S", "nadf": "ba36390-c0013-e000426-002-f", "abr": [{"dt": "15/11/2020", "ht": "23:41:21", "tf": "S", "and": "F", "tpabr": "MU", "cdabr": "36390", "s": "26", "st": "26", "snt": "0", "si": "26", "sni": "0", "sa": "26", "sna": "0", "pst": " 100,00", "psnt": "   0,00", "psi": " 100,00", "psni": "   0,00", "psa": " 100,00", "psna": "   0,00", "e": "9458", "ea": "9458", "ena": "0", "esi": "9458", "esni": "0", "c": "7281", "a": "2177", "pea": " 100,00", "pena": "   0,00", "pesi": " 100,00", "pesni": "   0,00", "pa": "  23,02", "pc": "  76,98", "vscv": "0", "vnom": "6384", "vl": "457", "tv": "7281", "vvc": "6841", "vb": "121", "tvn": "319", "vn": "319", "vnt": "0", "vp": "0", "vv": "6841", "van": "0", "vansj": "0", "pvnom": "  93,32", "pvl": "   6,68", "pvvc": "  93,96", "pvb": "   1,66", "ptvn": "   4,38", "pvn": " 100,00", "pvnt": "   0,00", "pvp": "   0,00", "pvv": " 100,00", "pvan": "   0,00", "pvansj": "   0,00", "colig": [{"n": "50000131514", "tvtn": "1161", "tvan": "1161", "vag": "1", "tvtl": "45", "tval": "45"}, {"n": "50000074371", "tvtn": "1211", "tvan": "1211", "vag": "2", "tvtl": "45", "tval": "45"}, {"n": "50000093260", "tvtn": "789", "tvan": "789", "vag": "1", "tvtl": "135", "tval": "135"}, {"n": "50000075067", "tvtn": "3223", "tvan": "3223", "vag": "5", "tvtl": "232", "tval": "232"}], "part": [{"n": "11", "tvtn": "1161", "tvan": "1161", "tvtl": "45", "tval": "45"}, {"n": "12", "tvtn": "1211", "tvan": "1211", "tvtl": "45", "tval": "45"}, {"n": "40", "tvtn": "789", "tvan": "789", "tvtl": "135", "tval": "135"}, {"n": "55", "tvtn": "3223", "tvan": "3223", "tvtl": "232", "tval": "232"}], "cand": [{"seq": "38", "n": "11777", "vap": "18", "pvap": "   0,26", "e": "N", "st": "Suplente"}, {"seq": "21", "n": "11222", "vap": "94", "pvap": "   1,37", "e": "N", "st": "Suplente"}, {"seq": "42", "n": "11333", "vap": "10", "pvap": "   0,15", "e": "N", "st": "Suplente"}, {"seq": "44", "n": "11400", "vap": "3", "pvap": "   0,04", "e": "N", "st": "Suplente"}, {"seq": "5", "n": "11111", "vap": "338", "pvap": "   4,94", "e": "S", "st": "Eleito"}, {"seq": "32", "n": "11000", "vap": "39", "pvap": "   0,57", "e": "N", "st": "Suplente"}, {"seq": "20", "n": "11122", "vap": "105", "pvap": "   1,53", "e": "N", "st": "Suplente"}, {"seq": "29", "n": "11011", "vap": "57", "pvap": "   0,83", "e": "N", "st": "Suplente"}, {"seq": "13", "n": "11123", "vap": "182", "pvap": "   2,66", "e": "N", "st": "Suplente"}, {"seq": "10", "n": "11456", "vap": "315", "pvap": "   4,60", "e": "N", "st": "Suplente"}, {"seq": "30", "n": "12222", "vap": "53", "pvap": "   0,77", "e": "N", "st": "Suplente"}, {"seq": "36", "n": "12122", "vap": "26", "pvap": "   0,38", "e": "N", "st": "Suplente"}, {"seq": "39", "n": "12355", "vap": "14", "pvap": "   0,20", "e": "N", "st": "Suplente"}, {"seq": "7", "n": "12123", "vap": "319", "pvap": "   4,66", "e": "S", "st": "Eleito"}, {"seq": "37", "n": "12666", "vap": "21", "pvap": "   0,31", "e": "N", "st": "Suplente"}, {"seq": "15", "n": "12333", "vap": "164", "pvap": "   2,40", "e": "N", "st": "Suplente"}, {"seq": "8", "n": "12345", "vap": "304", "pvap": "   4,44", "e": "S", "st": "Eleito"}, {"seq": "23", "n": "12456", "vap": "89", "pvap": "   1,30", "e": "N", "st": "Suplente"}, {"seq": "40", "n": "12678", "vap": "13", "pvap": "   0,19", "e": "N", "st": "Suplente"}, {"seq": "12", "n": "12012", "vap": "208", "pvap": "   3,04", "e": "N", "st": "Suplente"}, {"seq": "27", "n": "40123", "vap": "79", "pvap": "   1,15", "e": "N", "st": "Suplente"}, {"seq": "33", "n": "40444", "vap": "38", "pvap": "   0,56", "e": "N", "st": "Suplente"}, {"seq": "43", "n": "40400", "vap": "8", "pvap": "   0,12", "e": "N", "st": "Suplente"}, {"seq": "34", "n": "40222", "vap": "32", "pvap": "   0,47", "e": "N", "st": "Suplente"}, {"seq": "9", "n": "40000", "vap": "216", "pvap": "   3,16", "e": "S", "st": "Eleito"}, {"seq": "28", "n": "40777", "vap": "60", "pvap": "   0,88", "e": "N", "st": "Suplente"}, {"seq": "25", "n": "40415", "vap": "82", "pvap": "   1,20", "e": "N", "st": "Suplente"}, {"seq": "17", "n": "40888", "vap": "131", "pvap": "   1,91", "e": "N", "st": "Suplente"}, {"seq": "41", "n": "40111", "vap": "13", "pvap": "   0,19", "e": "N", "st": "Suplente"}, {"seq": "24", "n": "40333", "vap": "83", "pvap": "   1,21", "e": "N", "st": "Suplente"}, {"seq": "45", "n": "40999", "vap": "3", "pvap": "   0,04", "e": "N", "st": "Suplente"}, {"seq": "31", "n": "40134", "vap": "44", "pvap": "   0,64", "e": "N", "st": "Suplente"}, {"seq": "11", "n": "55147", "vap": "212", "pvap": "   3,10", "e": "N", "st": "Suplente"}, {"seq": "26", "n": "55888", "vap": "80", "pvap": "   1,17", "e": "N", "st": "Suplente"}, {"seq": "3", "n": "55789", "vap": "443", "pvap": "   6,48", "e": "S", "st": "Eleito"}, {"seq": "2", "n": "55123", "vap": "488", "pvap": "   7,13", "e": "S", "st": "Eleito"}, {"seq": "19", "n": "55234", "vap": "112", "pvap": "   1,64", "e": "N", "st": "Suplente"}, {"seq": "16", "n": "55666", "vap": "162", "pvap": "   2,37", "e": "N", "st": "Suplente"}, {"seq": "1", "n": "55555", "vap": "570", "pvap": "   8,33", "e": "S", "st": "Eleito"}, {"seq": "6", "n": "55258", "vap": "323", "pvap": "   4,72", "e": "S", "st": "Eleito"}, {"seq": "18", "n": "55955", "vap": "122", "pvap": "   1,78", "e": "N", "st": "Suplente"}, {"seq": "14", "n": "55678", "vap": "171", "pvap": "   2,50", "e": "N", "st": "Suplente"}, {"seq": "22", "n": "55456", "vap": "93", "pvap": "   1,36", "e": "N", "st": "Suplente"}, {"seq": "35", "n": "55222", "vap": "29", "pvap": "   0,42", "e": "N", "st": "Suplente"}, {"seq": "4", "n": "55000", "vap": "418", "pvap": "   6,11", "e": "S", "st": "Eleito"}]}, {"dt": "15/11/2020", "ht": "23:41:21", "tf": "S", "and": "F", "tpabr": "ZONA", "cdabr": "37", "s": "26", "st": "26", "snt": "0", "si": "26", "sni": "0", "sa": "26", "sna": "0", "pst": " 100,00", "psnt": "   0,00", "psi": " 100,00", "psni": "   0,00", "psa": " 100,00", "psna": "   0,00", "e": "9458", "ea": "9458", "ena": "0", "esi": "9458", "esni": "0", "a": "2177", "c": "7281", "pea": " 100,00", "pena": "   0,00", "pesi": " 100,00", "pesni": "   0,00", "pa": "  23,02", "pc": "  76,98", "vnom": "6384", "vscv": "0", "vl": "457", "tv": "7281", "vvc": "6841", "vb": "121", "tvn": "319", "vn": "319", "vnt": "0", "vp": "0", "vv": "6841", "van": "0", "vansj": "0", "pvnom": "  93,32", "pvl": "   6,68", "pvvc": "  93,96", "pvb": "   1,66", "ptvn": "   4,38", "pvn": " 100,00", "pvnt": "   0,00", "pvp": "   0,00", "pvv": " 100,00", "pvan": "   0,00", "pvansj": "   0,00", "cand": [{"seq": "14", "n": "55678", "vap": "171", "pvap": "   2,50", "e": "N", "st": "Suplente"}, {"seq": "19", "n": "55234", "vap": "112", "pvap": "   1,64", "e": "N", "st": "Suplente"}, {"seq": "1", "n": "55555", "vap": "570", "pvap": "   8,33", "e": "S", "st": "Eleito"}, {"seq": "11", "n": "55147", "vap": "212", "pvap": "   3,10", "e": "N", "st": "Suplente"}, {"seq": "26", "n": "55888", "vap": "80", "pvap": "   1,17", "e": "N", "st": "Suplente"}, {"seq": "3", "n": "55789", "vap": "443", "pvap": "   6,48", "e": "S", "st": "Eleito"}, {"seq": "18", "n": "55955", "vap": "122", "pvap": "   1,78", "e": "N", "st": "Suplente"}, {"seq": "35", "n": "55222", "vap": "29", "pvap": "   0,42", "e": "N", "st": "Suplente"}, {"seq": "2", "n": "55123", "vap": "488", "pvap": "   7,13", "e": "S", "st": "Eleito"}, {"seq": "4", "n": "55000", "vap": "418", "pvap": "   6,11", "e": "S", "st": "Eleito"}, {"seq": "16", "n": "55666", "vap": "162", "pvap": "   2,37", "e": "N", "st": "Suplente"}, {"seq": "22", "n": "55456", "vap": "93", "pvap": "   1,36", "e": "N", "st": "Suplente"}, {"seq": "6", "n": "55258", "vap": "323", "pvap": "   4,72", "e": "S", "st": "Eleito"}, {"seq": "5", "n": "11111", "vap": "338", "pvap": "   4,94", "e": "S", "st": "Eleito"}, {"seq": "44", "n": "11400", "vap": "3", "pvap": "   0,04", "e": "N", "st": "Suplente"}, {"seq": "42", "n": "11333", "vap": "10", "pvap": "   0,15", "e": "N", "st": "Suplente"}, {"seq": "13", "n": "11123", "vap": "182", "pvap": "   2,66", "e": "N", "st": "Suplente"}, {"seq": "21", "n": "11222", "vap": "94", "pvap": "   1,37", "e": "N", "st": "Suplente"}, {"seq": "32", "n": "11000", "vap": "39", "pvap": "   0,57", "e": "N", "st": "Suplente"}, {"seq": "29", "n": "11011", "vap": "57", "pvap": "   0,83", "e": "N", "st": "Suplente"}, {"seq": "38", "n": "11777", "vap": "18", "pvap": "   0,26", "e": "N", "st": "Suplente"}, {"seq": "20", "n": "11122", "vap": "105", "pvap": "   1,53", "e": "N", "st": "Suplente"}, {"seq": "10", "n": "11456", "vap": "315", "pvap": "   4,60", "e": "N", "st": "Suplente"}, {"seq": "12", "n": "12012", "vap": "208", "pvap": "   3,04", "e": "N", "st": "Suplente"}, {"seq": "8", "n": "12345", "vap": "304", "pvap": "   4,44", "e": "S", "st": "Eleito"}, {"seq": "15", "n": "12333", "vap": "164", "pvap": "   2,40", "e": "N", "st": "Suplente"}, {"seq": "7", "n": "12123", "vap": "319", "pvap": "   4,66", "e": "S", "st": "Eleito"}, {"seq": "36", "n": "12122", "vap": "26", "pvap": "   0,38", "e": "N", "st": "Suplente"}, {"seq": "37", "n": "12666", "vap": "21", "pvap": "   0,31", "e": "N", "st": "Suplente"}, {"seq": "39", "n": "12355", "vap": "14", "pvap": "   0,20", "e": "N", "st": "Suplente"}, {"seq": "30", "n": "12222", "vap": "53", "pvap": "   0,77", "e": "N", "st": "Suplente"}, {"seq": "23", "n": "12456", "vap": "89", "pvap": "   1,30", "e": "N", "st": "Suplente"}, {"seq": "40", "n": "12678", "vap": "13", "pvap": "   0,19", "e": "N", "st": "Suplente"}, {"seq": "17", "n": "40888", "vap": "131", "pvap": "   1,91", "e": "N", "st": "Suplente"}, {"seq": "43", "n": "40400", "vap": "8", "pvap": "   0,12", "e": "N", "st": "Suplente"}, {"seq": "34", "n": "40222", "vap": "32", "pvap": "   0,47", "e": "N", "st": "Suplente"}, {"seq": "45", "n": "40999", "vap": "3", "pvap": "   0,04", "e": "N", "st": "Suplente"}, {"seq": "41", "n": "40111", "vap": "13", "pvap": "   0,19", "e": "N", "st": "Suplente"}, {"seq": "9", "n": "40000", "vap": "216", "pvap": "   3,16", "e": "S", "st": "Eleito"}, {"seq": "33", "n": "40444", "vap": "38", "pvap": "   0,56", "e": "N", "st": "Suplente"}, {"seq": "27", "n": "40123", "vap": "79", "pvap": "   1,15", "e": "N", "st": "Suplente"}, {"seq": "28", "n": "40777", "vap": "60", "pvap": "   0,88", "e": "N", "st": "Suplente"}, {"seq": "25", "n": "40415", "vap": "82", "pvap": "   1,20", "e": "N", "st": "Suplente"}, {"seq": "24", "n": "40333", "vap": "83", "pvap": "   1,21", "e": "N", "st": "Suplente"}, {"seq": "31", "n": "40134", "vap": "44", "pvap": "   0,64", "e": "N", "st": "Suplente"}]}]}