{"ele": "426", "carper": "13", "t": "1", "f": "O", "esae": "N", "mnae": " ", "dg": "15/11/2020", "hg": "22:14:41", "dv": "S", "nadf": "ba36153-c0013-e000426-003-f", "abr": [{"dt": "15/11/2020", "ht": "22:04:55", "tf": "S", "and": "F", "tpabr": "MU", "cdabr": "36153", "s": "18", "st": "18", "snt": "0", "si": "18", "sni": "0", "sa": "18", "sna": "0", "pst": " 100,00", "psnt": "   0,00", "psi": " 100,00", "psni": "   0,00", "psa": " 100,00", "psna": "   0,00", "e": "6587", "ea": "6587", "ena": "0", "esi": "6587", "esni": "0", "c": "5099", "a": "1488", "pea": " 100,00", "pena": "   0,00", "pesi": " 100,00", "pesni": "   0,00", "pa": "  22,59", "pc": "  77,41", "vscv": "0", "vnom": "4551", "vl": "306", "tv": "5099", "vvc": "4867", "vb": "41", "tvn": "191", "vn": "190", "vnt": "1", "vp": "0", "vv": "4857", "van": "0", "vansj": "10", "pvnom": "  93,70", "pvl": "   6,30", "pvvc": "  95,45", "pvb": "   0,80", "ptvn": "   3,75", "pvn": "  99,48", "pvnt": "   0,52", "pvp": "   0,00", "pvv": "  99,79", "pvan": "   0,00", "pvansj": "   0,21", "colig": [{"n": "50000136918", "tvtn": "2760", "tvan": "2760", "vag": "6", "tvtl": "203", "tval": "203"}, {"n": "50000095600", "tvtn": "1791", "tvan": "1791", "vag": "3", "tvtl": "103", "tval": "103"}, {"n": "50000093093", "tvtn": "0", "tvan": "1", "vag": "0", "tvtl": "0", "tval": "0"}], "part": [{"n": "11", "tvtn": "2760", "tvan": "2760", "tvtl": "203", "tval": "203"}, {"n": "12", "tvtn": "1791", "tvan": "1791", "tvtl": "103", "tval": "103"}, {"n": "13", "tvtn": "0", "tvan": "0", "tvtl": "0", "tval": "0"}], "cand": [{"seq": "4", "n": "11222", "vap": "344", "pvap": "   7,07", "e": "S", "st": "Eleito"}, {"seq": "15", "n": "11777", "vap": "124", "pvap": "   2,55", "e": "N", "st": "Suplente"}, {"seq": "14", "n": "11789", "vap": "145", "pvap": "   2,98", "e": "N", "st": "Suplente"}, {"seq": "1", "n": "11234", "vap": "416", "pvap": "   8,55", "e": "S", "st": "Eleito"}, {"seq": "7", "n": "11444", "vap": "312", "pvap": "   6,41", "e": "S", "st": "Eleito"}, {"seq": "21", "n": "11911", "vap": "3", "pvap": "   0,06", "e": "N", "st": "Suplente"}, {"seq": "26", "n": "11800", "vap": "0", "pvap": "00.00", "e": "N", "st": "Suplente"}, {"seq": "20", "n": "11511", "vap": "3", "pvap": "   0,06", "e": "N", "st": "Suplente"}, {"seq": "11", "n": "11999", "vap": "239", "pvap": "   4,91", "e": "N", "st": "Suplente"}, {"seq": "6", "n": "11111", "vap": "333", "pvap": "   6,84", "e": "S", "st": "Eleito"}, {"seq": "13", "n": "11555", "vap": "196", "pvap": "   4,03", "e": "N", "st": "Suplente"}, {"seq": "19", "n": "11311", "vap": "12", "pvap": "   0,25", "e": "N", "st": "Suplente"}, {"seq": "3", "n": "11000", "vap": "355", "pvap": "   7,29", "e": "S", "st": "Eleito"}, {"seq": "9", "n": "11333", "vap": "278", "pvap": "   5,71", "e": "S", "st": "Eleito"}, {"seq": "22", "n": "12444", "vap": "2", "pvap": "   0,04", "e": "N", "st": "Suplente"}, {"seq": "5", "n": "12222", "vap": "339", "pvap": "   6,97", "e": "S", "st": "Eleito"}, {"seq": "23", "n": "12122", "vap": "1", "pvap": "   0,02", "e": "N", "st": "Suplente"}, {"seq": "17", "n": "12123", "vap": "104", "pvap": "   2,14", "e": "N", "st": "Suplente"}, {"seq": "12", "n": "12111", "vap": "223", "pvap": "   4,58", "e": "N", "st": "Suplente"}, {"seq": "18", "n": "12000", "vap": "43", "pvap": "   0,88", "e": "N", "st": "Suplente"}, {"seq": "10", "n": "12345", "vap": "277", "pvap": "   5,69", "e": "N", "st": "Suplente"}, {"seq": "25", "n": "12888", "vap": "1", "pvap": "   0,02", "e": "N", "st": "Suplente"}, {"seq": "8", "n": "12333", "vap": "286", "pvap": "   5,88", "e": "S", "st": "Eleito"}, {"seq": "2", "n": "12555", "vap": "405", "pvap": "   8,32", "e": "S", "st": "Eleito"}, {"seq": "24", "n": "12789", "vap": "1", "pvap": "   0,02", "e": "N", "st": "Suplente"}, {"seq": "16", "n": "12999", "vap": "109", "pvap": "   2,24", "e": "N", "st": "Suplente"}]}, {"dt": "15/11/2020", "ht": "22:04:55", "tf": "S", "and": "F", "tpabr": "ZONA", "cdabr": "151", "s": "18", "st": "18", "snt": "0", "si": "18", "sni": "0", "sa": "18", "sna": "0", "pst": " 100,00", "psnt": "   0,00", "psi": " 100,00", "psni": "   0,00", "psa": " 100,00", "psna": "   0,00", "e": "6587", "ea": "6587", "ena": "0", "esi": "6587", "esni": "0", "a": "1488", "c": "5099", "pea": " 100,00", "pena": "   0,00", "pesi": " 100,00", "pesni": "   0,00", "pa": "  22,59", "pc": "  77,41", "vnom": "4551", "vscv": "0", "vl": "306", "tv": "5099", "vvc": "4867", "vb": "41", "tvn": "191", "vn": "190", "vnt": "1", "vp": "0", "vv": "4857", "van": "0", "vansj": "10", "pvnom": "  93,70", "pvl": "   6,30", "pvvc": "  95,45", "pvb": "   0,80", "ptvn": "   3,75", "pvn": "  99,48", "pvnt": "   0,52", "pvp": "   0,00", "pvv": "  99,79", "pvan": "   0,00", "pvansj": "   0,21", "cand": [{"seq": "2", "n": "12555", "vap": "405", "pvap": "   8,32", "e": "S", "st": "Eleito"}, {"seq": "5", "n": "12222", "vap": "339", "pvap": "   6,97", "e": "S", "st": "Eleito"}, {"seq": "8", "n": "12333", "vap": "286", "pvap": "   5,88", "e": "S", "st": "Eleito"}, {"seq": "10", "n": "12345", "vap": "277", "pvap": "   5,69", "e": "N", "st": "Suplente"}, {"seq": "12", "n": "12111", "vap": "223", "pvap": "   4,58", "e": "N", "st": "Suplente"}, {"seq": "16", "n": "12999", "vap": "109", "pvap": "   2,24", "e": "N", "st": "Suplente"}, {"seq": "17", "n": "12123", "vap": "104", "pvap": "   2,14", "e": "N", "st": "Suplente"}, {"seq": "18", "n": "12000", "vap": "43", "pvap": "   0,88", "e": "N", "st": "Suplente"}, {"seq": "22", "n": "12444", "vap": "2", "pvap": "   0,04", "e": "N", "st": "Suplente"}, {"seq": "23", "n": "12122", "vap": "1", "pvap": "   0,02", "e": "N", "st": "Suplente"}, {"seq": "24", "n": "12789", "vap": "1", "pvap": "   0,02", "e": "N", "st": "Suplente"}, {"seq": "25", "n": "12888", "vap": "1", "pvap": "   0,02", "e": "N", "st": "Suplente"}, {"seq": "1", "n": "11234", "vap": "416", "pvap": "   8,55", "e": "S", "st": "Eleito"}, {"seq": "3", "n": "11000", "vap": "355", "pvap": "   7,29", "e": "S", "st": "Eleito"}, {"seq": "4", "n": "11222", "vap": "344", "pvap": "   7,07", "e": "S", "st": "Eleito"}, {"seq": "6", "n": "11111", "vap": "333", "pvap": "   6,84", "e": "S", "st": "Eleito"}, {"seq": "7", "n": "11444", "vap": "312", "pvap": "   6,41", "e": "S", "st": "Eleito"}, {"seq": "9", "n": "11333", "vap": "278", "pvap": "   5,71", "e": "S", "st": "Eleito"}, {"seq": "11", "n": "11999", "vap": "239", "pvap": "   4,91", "e": "N", "st": "Suplente"}, {"seq": "13", "n": "11555", "vap": "196", "pvap": "   4,03", "e": "N", "st": "Suplente"}, {"seq": "14", "n": "11789", "vap": "145", "pvap": "   2,98", "e": "N", "st": "Suplente"}, {"seq": "15", "n": "11777", "vap": "124", "pvap": "   2,55", "e": "N", "st": "Suplente"}, {"seq": "19", "n": "11311", "vap": "12", "pvap": "   0,25", "e": "N", "st": "Suplente"}, {"seq": "20", "n": "11511", "vap": "3", "pvap": "   0,06", "e": "N", "st": "Suplente"}, {"seq": "21", "n": "11911", "vap": "3", "pvap": "   0,06", "e": "N", "st": "Suplente"}, {"seq": "26", "n": "11800", "vap": "0", "pvap": "00.00", "e": "N", "st": "Suplente"}]}]}