{"ele": "426", "carper": "13", "t": "1", "f": "O", "esae": "N", "mnae": " ", "dg": "15/11/2020", "hg": "22:14:49", "dv": "S", "nadf": "ba35270-c0013-e000426-003-f", "abr": [{"dt": "15/11/2020", "ht": "21:09:46", "tf": "S", "and": "F", "tpabr": "MU", "cdabr": "35270", "s": "42", "st": "42", "snt": "0", "si": "42", "sni": "0", "sa": "42", "sna": "0", "pst": " 100,00", "psnt": "   0,00", "psi": " 100,00", "psni": "   0,00", "psa": " 100,00", "psna": "   0,00", "e": "13319", "ea": "13319", "ena": "0", "esi": "13319", "esni": "0", "c": "10579", "a": "2740", "pea": " 100,00", "pena": "   0,00", "pesi": " 100,00", "pesni": "   0,00", "pa": "  20,57", "pc": "  79,43", "vscv": "0", "vnom": "9341", "vl": "638", "tv": "10579", "vvc": "9979", "vb": "116", "tvn": "484", "vn": "363", "vnt": "121", "vp": "0", "vv": "9979", "van": "0", "vansj": "0", "pvnom": "  93,61", "pvl": "   6,39", "pvvc": "  94,33", "pvb": "   1,09", "ptvn": "   4,58", "pvn": "  75,00", "pvnt": "  25,00", "pvp": "   0,00", "pvv": " 100,00", "pvan": "   0,00", "pvansj": "   0,00", "colig": [{"n": "50000115872", "tvtn": "6320", "tvan": "6320", "vag": "8", "tvtl": "395", "tval": "395"}, {"n": "50000115819", "tvtn": "1166", "tvan": "1166", "vag": "1", "tvtl": "36", "tval": "36"}, {"n": "50000115932", "tvtn": "989", "tvan": "989", "vag": "1", "tvtl": "91", "tval": "91"}, {"n": "50000153595", "tvtn": "866", "tvan": "987", "vag": "1", "tvtl": "116", "tval": "116"}], "part": [{"n": "11", "tvtn": "6320", "tvan": "6320", "tvtl": "395", "tval": "395"}, {"n": "55", "tvtn": "1166", "tvan": "1166", "tvtl": "36", "tval": "36"}, {"n": "13", "tvtn": "989", "tvan": "989", "tvtl": "91", "tval": "91"}, {"n": "19", "tvtn": "866", "tvan": "866", "tvtl": "116", "tval": "116"}], "cand": [{"seq": "17", "n": "11321", "vap": "179", "pvap": "   1,79", "e": "N", "st": "Suplente"}, {"seq": "4", "n": "11000", "vap": "624", "pvap": "   6,25", "e": "S", "st": "Eleito"}, {"seq": "38", "n": "11777", "vap": "20", "pvap": "   0,20", "e": "N", "st": "Suplente"}, {"seq": "40", "n": "11789", "vap": "16", "pvap": "   0,16", "e": "N", "st": "Suplente"}, {"seq": "42", "n": "11567", "vap": "9", "pvap": "   0,09", "e": "N", "st": "Suplente"}, {"seq": "1", "n": "11123", "vap": "1126", "pvap": "  11,28", "e": "S", "st": "Eleito"}, {"seq": "44", "n": "11888", "vap": "4", "pvap": "   0,04", "e": "N", "st": "Suplente"}, {"seq": "9", "n": "11234", "vap": "375", "pvap": "   3,76", "e": "S", "st": "Eleito"}, {"seq": "13", "n": "11444", "vap": "352", "pvap": "   3,53", "e": "N", "st": "Suplente"}, {"seq": "3", "n": "11111", "vap": "676", "pvap": "   6,77", "e": "S", "st": "Eleito"}, {"seq": "10", "n": "11222", "vap": "360", "pvap": "   3,61", "e": "S", "st": "Eleito"}, {"seq": "12", "n": "11456", "vap": "352", "pvap": "   3,53", "e": "N", "st": "Suplente"}, {"seq": "14", "n": "11999", "vap": "229", "pvap": "   2,29", "e": "N", "st": "Suplente"}, {"seq": "2", "n": "11113", "vap": "795", "pvap": "   7,97", "e": "S", "st": "Eleito"}, {"seq": "24", "n": "11555", "vap": "97", "pvap": "   0,97", "e": "N", "st": "Suplente"}, {"seq": "7", "n": "11333", "vap": "490", "pvap": "   4,91", "e": "S", "st": "Eleito"}, {"seq": "5", "n": "11625", "vap": "616", "pvap": "   6,17", "e": "S", "st": "Eleito"}, {"seq": "47", "n": "55999", "vap": "0", "pvap": "00.00", "e": "N", "st": "Suplente"}, {"seq": "11", "n": "55789", "vap": "340", "pvap": "   3,41", "e": "S", "st": "Eleito"}, {"seq": "41", "n": "55555", "vap": "10", "pvap": "   0,10", "e": "N", "st": "Suplente"}, {"seq": "33", "n": "55455", "vap": "32", "pvap": "   0,32", "e": "N", "st": "Suplente"}, {"seq": "18", "n": "55111", "vap": "170", "pvap": "   1,70", "e": "N", "st": "Suplente"}, {"seq": "35", "n": "55777", "vap": "22", "pvap": "   0,22", "e": "N", "st": "Suplente"}, {"seq": "15", "n": "55666", "vap": "225", "pvap": "   2,25", "e": "N", "st": "Suplente"}, {"seq": "20", "n": "55222", "vap": "137", "pvap": "   1,37", "e": "N", "st": "Suplente"}, {"seq": "16", "n": "55000", "vap": "193", "pvap": "   1,93", "e": "N", "st": "Suplente"}, {"seq": "29", "n": "55123", "vap": "37", "pvap": "   0,37", "e": "N", "st": "Suplente"}, {"seq": "28", "n": "13000", "vap": "39", "pvap": "   0,39", "e": "N", "st": "Suplente"}, {"seq": "26", "n": "13789", "vap": "59", "pvap": "   0,59", "e": "N", "st": "Suplente"}, {"seq": "34", "n": "13123", "vap": "27", "pvap": "   0,27", "e": "N", "st": "Suplente"}, {"seq": "36", "n": "13163", "vap": "22", "pvap": "   0,22", "e": "N", "st": "Suplente"}, {"seq": "23", "n": "13555", "vap": "98", "pvap": "   0,98", "e": "N", "st": "Suplente"}, {"seq": "6", "n": "13456", "vap": "508", "pvap": "   5,09", "e": "S", "st": "Eleito"}, {"seq": "45", "n": "13333", "vap": "2", "pvap": "   0,02", "e": "N", "st": "Suplente"}, {"seq": "31", "n": "13777", "vap": "33", "pvap": "   0,33", "e": "N", "st": "Suplente"}, {"seq": "30", "n": "13655", "vap": "35", "pvap": "   0,35", "e": "N", "st": "Suplente"}, {"seq": "19", "n": "13222", "vap": "166", "pvap": "   1,66", "e": "N", "st": "Suplente"}, {"seq": "46", "n": "19444", "vap": "1", "pvap": "   0,01", "e": "N", "st": "Suplente"}, {"seq": "8", "n": "19999", "vap": "421", "pvap": "   4,22", "e": "S", "st": "Eleito"}, {"seq": "39", "n": "19522", "vap": "18", "pvap": "   0,18", "e": "N", "st": "Suplente"}, {"seq": "22", "n": "19555", "vap": "119", "pvap": "   1,19", "e": "N", "st": "Suplente"}, {"seq": "43", "n": "19888", "vap": "9", "pvap": "   0,09", "e": "N", "st": "Suplente"}, {"seq": "25", "n": "19000", "vap": "79", "pvap": "   0,79", "e": "N", "st": "Suplente"}, {"seq": "27", "n": "19321", "vap": "40", "pvap": "   0,40", "e": "N", "st": "Suplente"}, {"seq": "32", "n": "19333", "vap": "32", "pvap": "   0,32", "e": "N", "st": "Suplente"}, {"seq": "37", "n": "19123", "vap": "20", "pvap": "   0,20", "e": "N", "st": "Suplente"}, {"seq": "21", "n": "19777", "vap": "127", "pvap": "   1,27", "e": "N", "st": "Suplente"}]}, {"dt": "15/11/2020", "ht": "21:09:46", "tf": "S", "and": "F", "tpabr": "ZONA", "cdabr": "84", "s": "42", "st": "42", "snt": "0", "si": "42", "sni": "0", "sa": "42", "sna": "0", "pst": " 100,00", "psnt": "   0,00", "psi": " 100,00", "psni": "   0,00", "psa": " 100,00", "psna": "   0,00", "e": "13319", "ea": "13319", "ena": "0", "esi": "13319", "esni": "0", "a": "2740", "c": "10579", "pea": " 100,00", "pena": "   0,00", "pesi": " 100,00", "pesni": "   0,00", "pa": "  20,57", "pc": "  79,43", "vnom": "9341", "vscv": "0", "vl": "638", "tv": "10579", "vvc": "9979", "vb": "116", "tvn": "484", "vn": "363", "vnt": "121", "vp": "0", "vv": "9979", "van": "0", "vansj": "0", "pvnom": "  93,61", "pvl": "   6,39", "pvvc": "  94,33", "pvb": "   1,09", "ptvn": "   4,58", "pvn": "  75,00", "pvnt": "  25,00", "pvp": "   0,00", "pvv": " 100,00", "pvan": "   0,00", "pvansj": "   0,00", "cand": [{"seq": "25", "n": "19000", "vap": "79", "pvap": "   0,79", "e": "N", "st": "Suplente"}, {"seq": "8", "n": "19999", "vap": "421", "pvap": "   4,22", "e": "S", "st": "Eleito"}, {"seq": "21", "n": "19777", "vap": "127", "pvap": "   1,27", "e": "N", "st": "Suplente"}, {"seq": "22", "n": "19555", "vap": "119", "pvap": "   1,19", "e": "N", "st": "Suplente"}, {"seq": "32", "n": "19333", "vap": "32", "pvap": "   0,32", "e": "N", "st": "Suplente"}, {"seq": "27", "n": "19321", "vap": "40", "pvap": "   0,40", "e": "N", "st": "Suplente"}, {"seq": "37", "n": "19123", "vap": "20", "pvap": "   0,20", "e": "N", "st": "Suplente"}, {"seq": "46", "n": "19444", "vap": "1", "pvap": "   0,01", "e": "N", "st": "Suplente"}, {"seq": "39", "n": "19522", "vap": "18", "pvap": "   0,18", "e": "N", "st": "Suplente"}, {"seq": "43", "n": "19888", "vap": "9", "pvap": "   0,09", "e": "N", "st": "Suplente"}, {"seq": "47", "n": "55999", "vap": "0", "pvap": "00.00", "e": "N", "st": "Suplente"}, {"seq": "20", "n": "55222", "vap": "137", "pvap": "   1,37", "e": "N", "st": "Suplente"}, {"seq": "16", "n": "55000", "vap": "193", "pvap": "   1,93", "e": "N", "st": "Suplente"}, {"seq": "15", "n": "55666", "vap": "225", "pvap": "   2,25", "e": "N", "st": "Suplente"}, {"seq": "33", "n": "55455", "vap": "32", "pvap": "   0,32", "e": "N", "st": "Suplente"}, {"seq": "35", "n": "55777", "vap": "22", "pvap": "   0,22", "e": "N", "st": "Suplente"}, {"seq": "18", "n": "55111", "vap": "170", "pvap": "   1,70", "e": "N", "st": "Suplente"}, {"seq": "11", "n": "55789", "vap": "340", "pvap": "   3,41", "e": "S", "st": "Eleito"}, {"seq": "29", "n": "55123", "vap": "37", "pvap": "   0,37", "e": "N", "st": "Suplente"}, {"seq": "41", "n": "55555", "vap": "10", "pvap": "   0,10", "e": "N", "st": "Suplente"}, {"seq": "28", "n": "13000", "vap": "39", "pvap": "   0,39", "e": "N", "st": "Suplente"}, {"seq": "6", "n": "13456", "vap": "508", "pvap": "   5,09", "e": "S", "st": "Eleito"}, {"seq": "34", "n": "13123", "vap": "27", "pvap": "   0,27", "e": "N", "st": "Suplente"}, {"seq": "30", "n": "13655", "vap": "35", "pvap": "   0,35", "e": "N", "st": "Suplente"}, {"seq": "26", "n": "13789", "vap": "59", "pvap": "   0,59", "e": "N", "st": "Suplente"}, {"seq": "31", "n": "13777", "vap": "33", "pvap": "   0,33", "e": "N", "st": "Suplente"}, {"seq": "19", "n": "13222", "vap": "166", "pvap": "   1,66", "e": "N", "st": "Suplente"}, {"seq": "36", "n": "13163", "vap": "22", "pvap": "   0,22", "e": "N", "st": "Suplente"}, {"seq": "23", "n": "13555", "vap": "98", "pvap": "   0,98", "e": "N", "st": "Suplente"}, {"seq": "45", "n": "13333", "vap": "2", "pvap": "   0,02", "e": "N", "st": "Suplente"}, {"seq": "42", "n": "11567", "vap": "9", "pvap": "   0,09", "e": "N", "st": "Suplente"}, {"seq": "1", "n": "11123", "vap": "1126", "pvap": "  11,28", "e": "S", "st": "Eleito"}, {"seq": "10", "n": "11222", "vap": "360", "pvap": "   3,61", "e": "S", "st": "Eleito"}, {"seq": "7", "n": "11333", "vap": "490", "pvap": "   4,91", "e": "S", "st": "Eleito"}, {"seq": "13", "n": "11444", "vap": "352", "pvap": "   3,53", "e": "N", "st": "Suplente"}, {"seq": "4", "n": "11000", "vap": "624", "pvap": "   6,25", "e": "S", "st": "Eleito"}, {"seq": "17", "n": "11321", "vap": "179", "pvap": "   1,79", "e": "N", "st": "Suplente"}, {"seq": "2", "n": "11113", "vap": "795", "pvap": "   7,97", "e": "S", "st": "Eleito"}, {"seq": "3", "n": "11111", "vap": "676", "pvap": "   6,77", "e": "S", "st": "Eleito"}, {"seq": "24", "n": "11555", "vap": "97", "pvap": "   0,97", "e": "N", "st": "Suplente"}, {"seq": "38", "n": "11777", "vap": "20", "pvap": "   0,20", "e": "N", "st": "Suplente"}, {"seq": "40", "n": "11789", "vap": "16", "pvap": "   0,16", "e": "N", "st": "Suplente"}, {"seq": "44", "n": "11888", "vap": "4", "pvap": "   0,04", "e": "N", "st": "Suplente"}, {"seq": "14", "n": "11999", "vap": "229", "pvap": "   2,29", "e": "N", "st": "Suplente"}, {"seq": "9", "n": "11234", "vap": "375", "pvap": "   3,76", "e": "S", "st": "Eleito"}, {"seq": "12", "n": "11456", "vap": "352", "pvap": "   3,53", "e": "N", "st": "Suplente"}, {"seq": "5", "n": "11625", "vap": "616", "pvap": "   6,17", "e": "S", "st": "Eleito"}]}]}