{"ele": "426", "carper": "13", "t": "1", "f": "O", "esae": "N", "mnae": " ", "dg": "15/11/2020", "hg": "22:14:35", "dv": "S", "nadf": "ba35050-c0013-e000426-002-f", "abr": [{"dt": "15/11/2020", "ht": "22:10:30", "tf": "S", "and": "F", "tpabr": "MU", "cdabr": "35050", "s": "19", "st": "19", "snt": "0", "si": "19", "sni": "0", "sa": "19", "sna": "0", "pst": " 100,00", "psnt": "   0,00", "psi": " 100,00", "psni": "   0,00", "psa": " 100,00", "psna": "   0,00", "e": "7782", "ea": "7782", "ena": "0", "esi": "7782", "esni": "0", "c": "6329", "a": "1453", "pea": " 100,00", "pena": "   0,00", "pesi": " 100,00", "pesni": "   0,00", "pa": "  18,67", "pc": "  81,33", "vscv": "0", "vnom": "5501", "vl": "411", "tv": "6329", "vvc": "5994", "vb": "74", "tvn": "261", "vn": "261", "vnt": "0", "vp": "0", "vv": "5912", "van": "0", "vansj": "82", "pvnom": "  93,05", "pvl": "   6,95", "pvvc": "  94,71", "pvb": "   1,17", "ptvn": "   4,12", "pvn": " 100,00", "pvnt": "   0,00", "pvp": "   0,00", "pvv": "  98,63", "pvan": "   0,00", "pvansj": "   1,37", "colig": [{"n": "50000145292", "tvtn": "858", "tvan": "858", "vag": "1", "tvtl": "31", "tval": "31"}, {"n": "50000075035", "tvtn": "1328", "tvan": "1328", "vag": "3", "tvtl": "164", "tval": "164"}, {"n": "50000074903", "tvtn": "1907", "tvan": "1907", "vag": "3", "tvtl": "43", "tval": "43"}, {"n": "50000145262", "tvtn": "539", "tvan": "539", "vag": "1", "tvtl": "149", "tval": "149"}, {"n": "50000157963", "tvtn": "869", "tvan": "951", "vag": "1", "tvtl": "24", "tval": "24"}], "part": [{"n": "11", "tvtn": "858", "tvan": "858", "tvtl": "31", "tval": "31"}, {"n": "55", "tvtn": "1328", "tvan": "1328", "tvtl": "164", "tval": "164"}, {"n": "36", "tvtn": "1907", "tvan": "1907", "tvtl": "43", "tval": "43"}, {"n": "13", "tvtn": "539", "tvan": "539", "tvtl": "149", "tval": "149"}, {"n": "10", "tvtn": "869", "tvan": "951", "tvtl": "24", "tval": "24"}], "cand": [{"seq": "11", "n": "11111", "vap": "240", "pvap": "   4,00", "e": "N", "st": "Suplente"}, {"seq": "20", "n": "11100", "vap": "95", "pvap": "   1,58", "e": "N", "st": "Suplente"}, {"seq": "33", "n": "11456", "vap": "0", "pvap": "00.00", "e": "N", "st": "Suplente"}, {"seq": "1", "n": "11222", "vap": "471", "pvap": "   7,86", "e": "S", "st": "Eleito"}, {"seq": "23", "n": "11000", "vap": "52", "pvap": "   0,87", "e": "N", "st": "Suplente"}, {"seq": "12", "n": "55444", "vap": "215", "pvap": "   3,59", "e": "N", "st": "Suplente"}, {"seq": "5", "n": "55123", "vap": "332", "pvap": "   5,54", "e": "S", "st": "Eleito"}, {"seq": "30", "n": "55111", "vap": "5", "pvap": "   0,08", "e": "N", "st": "Suplente"}, {"seq": "7", "n": "55222", "vap": "316", "pvap": "   5,27", "e": "S", "st": "Eleito"}, {"seq": "6", "n": "55000", "vap": "329", "pvap": "   5,49", "e": "S", "st": "Eleito"}, {"seq": "16", "n": "55777", "vap": "131", "pvap": "   2,19", "e": "N", "st": "Suplente"}, {"seq": "2", "n": "36999", "vap": "442", "pvap": "   7,37", "e": "S", "st": "Eleito"}, {"seq": "3", "n": "36333", "vap": "425", "pvap": "   7,09", "e": "S", "st": "Eleito"}, {"seq": "27", "n": "36666", "vap": "37", "pvap": "   0,62", "e": "N", "st": "Suplente"}, {"seq": "17", "n": "36222", "vap": "127", "pvap": "   2,12", "e": "N", "st": "Suplente"}, {"seq": "10", "n": "36444", "vap": "323", "pvap": "   5,39", "e": "N", "st": "Suplente"}, {"seq": "24", "n": "36888", "vap": "49", "pvap": "   0,82", "e": "N", "st": "Suplente"}, {"seq": "4", "n": "36000", "vap": "414", "pvap": "   6,91", "e": "S", "st": "Eleito"}, {"seq": "21", "n": "36555", "vap": "90", "pvap": "   1,50", "e": "N", "st": "Suplente"}, {"seq": "34", "n": "13123", "vap": "0", "pvap": "00.00", "e": "N", "st": "Suplente"}, {"seq": "31", "n": "13111", "vap": "1", "pvap": "   0,02", "e": "N", "st": "Suplente"}, {"seq": "28", "n": "13555", "vap": "31", "pvap": "   0,52", "e": "N", "st": "Suplente"}, {"seq": "18", "n": "13000", "vap": "115", "pvap": "   1,92", "e": "N", "st": "Suplente"}, {"seq": "13", "n": "13444", "vap": "176", "pvap": "   2,94", "e": "N", "st": "Suplente"}, {"seq": "9", "n": "13333", "vap": "204", "pvap": "   3,40", "e": "S", "st": "Eleito"}, {"seq": "29", "n": "13222", "vap": "12", "pvap": "   0,20", "e": "N", "st": "Suplente"}, {"seq": "8", "n": "10333", "vap": "288", "pvap": "   4,80", "e": "S", "st": "Eleito"}, {"seq": "26", "n": "10222", "vap": "38", "pvap": "   0,63", "e": "N", "st": "Suplente"}, {"seq": "15", "n": "10999", "vap": "155", "pvap": "   2,59", "e": "N", "st": "Suplente"}, {"seq": "19", "n": "10888", "vap": "110", "pvap": "   1,84", "e": "N", "st": "Suplente"}, {"seq": "36", "n": "10444", "vap": "82", "pvap": "   1,37", "e": "N", "st": "N\u00e3o eleito"}, {"seq": "25", "n": "10456", "vap": "46", "pvap": "   0,77", "e": "N", "st": "Suplente"}, {"seq": "32", "n": "10111", "vap": "1", "pvap": "   0,02", "e": "N", "st": "Suplente"}, {"seq": "35", "n": "10321", "vap": "0", "pvap": "00.00", "e": "N", "st": "Suplente"}, {"seq": "14", "n": "10000", "vap": "161", "pvap": "   2,69", "e": "N", "st": "Suplente"}, {"seq": "22", "n": "10777", "vap": "70", "pvap": "   1,17", "e": "N", "st": "Suplente"}]}, {"dt": "15/11/2020", "ht": "22:10:30", "tf": "S", "and": "F", "tpabr": "ZONA", "cdabr": "107", "s": "19", "st": "19", "snt": "0", "si": "19", "sni": "0", "sa": "19", "sna": "0", "pst": " 100,00", "psnt": "   0,00", "psi": " 100,00", "psni": "   0,00", "psa": " 100,00", "psna": "   0,00", "e": "7782", "ea": "7782", "ena": "0", "esi": "7782", "esni": "0", "a": "1453", "c": "6329", "pea": " 100,00", "pena": "   0,00", "pesi": " 100,00", "pesni": "   0,00", "pa": "  18,67", "pc": "  81,33", "vnom": "5501", "vscv": "0", "vl": "411", "tv": "6329", "vvc": "5994", "vb": "74", "tvn": "261", "vn": "261", "vnt": "0", "vp": "0", "vv": "5912", "van": "0", "vansj": "82", "pvnom": "  93,05", "pvl": "   6,95", "pvvc": "  94,71", "pvb": "   1,17", "ptvn": "   4,12", "pvn": " 100,00", "pvnt": "   0,00", "pvp": "   0,00", "pvv": "  98,63", "pvan": "   0,00", "pvansj": "   1,37", "cand": [{"seq": "1", "n": "11222", "vap": "471", "pvap": "   7,86", "e": "S", "st": "Eleito"}, {"seq": "33", "n": "11456", "vap": "0", "pvap": "00.00", "e": "N", "st": "Suplente"}, {"seq": "20", "n": "11100", "vap": "95", "pvap": "   1,58", "e": "N", "st": "Suplente"}, {"seq": "11", "n": "11111", "vap": "240", "pvap": "   4,00", "e": "N", "st": "Suplente"}, {"seq": "23", "n": "11000", "vap": "52", "pvap": "   0,87", "e": "N", "st": "Suplente"}, {"seq": "9", "n": "13333", "vap": "204", "pvap": "   3,40", "e": "S", "st": "Eleito"}, {"seq": "29", "n": "13222", "vap": "12", "pvap": "   0,20", "e": "N", "st": "Suplente"}, {"seq": "34", "n": "13123", "vap": "0", "pvap": "00.00", "e": "N", "st": "Suplente"}, {"seq": "28", "n": "13555", "vap": "31", "pvap": "   0,52", "e": "N", "st": "Suplente"}, {"seq": "13", "n": "13444", "vap": "176", "pvap": "   2,94", "e": "N", "st": "Suplente"}, {"seq": "31", "n": "13111", "vap": "1", "pvap": "   0,02", "e": "N", "st": "Suplente"}, {"seq": "18", "n": "13000", "vap": "115", "pvap": "   1,92", "e": "N", "st": "Suplente"}, {"seq": "3", "n": "36333", "vap": "425", "pvap": "   7,09", "e": "S", "st": "Eleito"}, {"seq": "4", "n": "36000", "vap": "414", "pvap": "   6,91", "e": "S", "st": "Eleito"}, {"seq": "2", "n": "36999", "vap": "442", "pvap": "   7,37", "e": "S", "st": "Eleito"}, {"seq": "21", "n": "36555", "vap": "90", "pvap": "   1,50", "e": "N", "st": "Suplente"}, {"seq": "27", "n": "36666", "vap": "37", "pvap": "   0,62", "e": "N", "st": "Suplente"}, {"seq": "24", "n": "36888", "vap": "49", "pvap": "   0,82", "e": "N", "st": "Suplente"}, {"seq": "17", "n": "36222", "vap": "127", "pvap": "   2,12", "e": "N", "st": "Suplente"}, {"seq": "10", "n": "36444", "vap": "323", "pvap": "   5,39", "e": "N", "st": "Suplente"}, {"seq": "35", "n": "10321", "vap": "0", "pvap": "00.00", "e": "N", "st": "Suplente"}, {"seq": "15", "n": "10999", "vap": "155", "pvap": "   2,59", "e": "N", "st": "Suplente"}, {"seq": "22", "n": "10777", "vap": "70", "pvap": "   1,17", "e": "N", "st": "Suplente"}, {"seq": "8", "n": "10333", "vap": "288", "pvap": "   4,80", "e": "S", "st": "Eleito"}, {"seq": "19", "n": "10888", "vap": "110", "pvap": "   1,84", "e": "N", "st": "Suplente"}, {"seq": "25", "n": "10456", "vap": "46", "pvap": "   0,77", "e": "N", "st": "Suplente"}, {"seq": "26", "n": "10222", "vap": "38", "pvap": "   0,63", "e": "N", "st": "Suplente"}, {"seq": "14", "n": "10000", "vap": "161", "pvap": "   2,69", "e": "N", "st": "Suplente"}, {"seq": "32", "n": "10111", "vap": "1", "pvap": "   0,02", "e": "N", "st": "Suplente"}, {"seq": "36", "n": "10444", "vap": "82", "pvap": "   1,37", "e": "N", "st": "N\u00e3o eleito"}, {"seq": "7", "n": "55222", "vap": "316", "pvap": "   5,27", "e": "S", "st": "Eleito"}, {"seq": "5", "n": "55123", "vap": "332", "pvap": "   5,54", "e": "S", "st": "Eleito"}, {"seq": "12", "n": "55444", "vap": "215", "pvap": "   3,59", "e": "N", "st": "Suplente"}, {"seq": "6", "n": "55000", "vap": "329", "pvap": "   5,49", "e": "S", "st": "Eleito"}, {"seq": "30", "n": "55111", "vap": "5", "pvap": "   0,08", "e": "N", "st": "Suplente"}, {"seq": "16", "n": "55777", "vap": "131", "pvap": "   2,19", "e": "N", "st": "Suplente"}]}]}