{"ele": "426", "carper": "13", "t": "1", "f": "O", "esae": "N", "mnae": " ", "dg": "15/11/2020", "hg": "22:39:33", "dv": "S", "nadf": "ba37630-c0013-e000426-002-f", "abr": [{"dt": "15/11/2020", "ht": "22:35:30", "tf": "S", "and": "F", "tpabr": "MU", "cdabr": "37630", "s": "50", "st": "50", "snt": "0", "si": "50", "sni": "0", "sa": "50", "sna": "0", "pst": " 100,00", "psnt": "   0,00", "psi": " 100,00", "psni": "   0,00", "psa": " 100,00", "psna": "   0,00", "e": "20573", "ea": "20573", "ena": "0", "esi": "20573", "esni": "0", "c": "15155", "a": "5418", "pea": " 100,00", "pena": "   0,00", "pesi": " 100,00", "pesni": "   0,00", "pa": "  26,34", "pc": "  73,66", "vscv": "0", "vnom": "13103", "vl": "1197", "tv": "15155", "vvc": "14339", "vb": "193", "tvn": "623", "vn": "623", "vnt": "0", "vp": "0", "vv": "14300", "van": "0", "vansj": "39", "pvnom": "  91,63", "pvl": "   8,37", "pvvc": "  94,62", "pvb": "   1,27", "ptvn": "   4,11", "pvn": " 100,00", "pvnt": "   0,00", "pvp": "   0,00", "pvv": "  99,73", "pvan": "   0,00", "pvansj": "   0,27", "colig": [{"n": "50000109186", "tvtn": "747", "tvan": "786", "vag": "0", "tvtl": "17", "tval": "17"}, {"n": "50000105050", "tvtn": "218", "tvan": "218", "vag": "0", "tvtl": "15", "tval": "15"}, {"n": "50000105002", "tvtn": "2601", "tvan": "2601", "vag": "2", "tvtl": "343", "tval": "343"}, {"n": "50000131449", "tvtn": "2231", "tvan": "2231", "vag": "2", "tvtl": "255", "tval": "255"}, {"n": "50000133333", "tvtn": "1893", "tvan": "1893", "vag": "1", "tvtl": "26", "tval": "26"}, {"n": "50000108250", "tvtn": "5413", "tvan": "5413", "vag": "6", "tvtl": "541", "tval": "541"}], "part": [{"n": "19", "tvtn": "747", "tvan": "786", "tvtl": "17", "tval": "17"}, {"n": "25", "tvtn": "218", "tvan": "218", "tvtl": "15", "tval": "15"}, {"n": "15", "tvtn": "2601", "tvan": "2601", "tvtl": "343", "tval": "343"}, {"n": "11", "tvtn": "2231", "tvan": "2231", "tvtl": "255", "tval": "255"}, {"n": "40", "tvtn": "1893", "tvan": "1893", "tvtl": "26", "tval": "26"}, {"n": "55", "tvtn": "5413", "tvan": "5413", "tvtl": "541", "tval": "541"}], "cand": [{"seq": "63", "n": "19123", "vap": "96", "pvap": "   0,67", "e": "N", "st": "N\u00e3o eleito"}, {"seq": "72", "n": "19456", "vap": "18", "pvap": "   0,13", "e": "N", "st": "N\u00e3o eleito"}, {"seq": "66", "n": "19777", "vap": "39", "pvap": "   0,27", "e": "N", "st": "N\u00e3o eleito"}, {"seq": "61", "n": "19000", "vap": "116", "pvap": "   0,81", "e": "N", "st": "N\u00e3o eleito"}, {"seq": "65", "n": "19555", "vap": "39", "pvap": "   0,27", "e": "N", "st": "N\u00e3o eleito"}, {"seq": "69", "n": "19444", "vap": "24", "pvap": "   0,17", "e": "N", "st": "N\u00e3o eleito"}, {"seq": "67", "n": "19222", "vap": "33", "pvap": "   0,23", "e": "N", "st": "N\u00e3o eleito"}, {"seq": "85", "n": "19019", "vap": "0", "pvap": "00.00", "e": "N", "st": "N\u00e3o eleito"}, {"seq": "84", "n": "19989", "vap": "0", "pvap": "00.00", "e": "N", "st": "N\u00e3o eleito"}, {"seq": "79", "n": "19321", "vap": "2", "pvap": "   0,01", "e": "N", "st": "N\u00e3o eleito"}, {"seq": "80", "n": "19987", "vap": "2", "pvap": "   0,01", "e": "N", "st": "N\u00e3o eleito"}, {"seq": "60", "n": "19999", "vap": "171", "pvap": "   1,19", "e": "N", "st": "N\u00e3o eleito"}, {"seq": "71", "n": "19111", "vap": "21", "pvap": "   0,15", "e": "N", "st": "N\u00e3o eleito"}, {"seq": "68", "n": "19888", "vap": "31", "pvap": "   0,22", "e": "N", "st": "N\u00e3o eleito"}, {"seq": "59", "n": "19333", "vap": "191", "pvap": "   1,33", "e": "N", "st": "N\u00e3o eleito"}, {"seq": "82", "n": "19990", "vap": "1", "pvap": "   0,01", "e": "N", "st": "N\u00e3o eleito"}, {"seq": "78", "n": "19666", "vap": "2", "pvap": "   0,01", "e": "N", "st": "N\u00e3o eleito"}, {"seq": "81", "n": "25025", "vap": "1", "pvap": "   0,01", "e": "N", "st": "N\u00e3o eleito"}, {"seq": "77", "n": "25123", "vap": "5", "pvap": "   0,03", "e": "N", "st": "N\u00e3o eleito"}, {"seq": "62", "n": "25000", "vap": "104", "pvap": "   0,73", "e": "N", "st": "N\u00e3o eleito"}, {"seq": "73", "n": "25015", "vap": "14", "pvap": "   0,10", "e": "N", "st": "N\u00e3o eleito"}, {"seq": "83", "n": "25789", "vap": "0", "pvap": "00.00", "e": "N", "st": "N\u00e3o eleito"}, {"seq": "75", "n": "25250", "vap": "8", "pvap": "   0,06", "e": "N", "st": "N\u00e3o eleito"}, {"seq": "64", "n": "25133", "vap": "46", "pvap": "   0,32", "e": "N", "st": "N\u00e3o eleito"}, {"seq": "70", "n": "25333", "vap": "24", "pvap": "   0,17", "e": "N", "st": "N\u00e3o eleito"}, {"seq": "76", "n": "25444", "vap": "6", "pvap": "   0,04", "e": "N", "st": "N\u00e3o eleito"}, {"seq": "74", "n": "25222", "vap": "10", "pvap": "   0,07", "e": "N", "st": "N\u00e3o eleito"}, {"seq": "40", "n": "15222", "vap": "57", "pvap": "   0,40", "e": "N", "st": "Suplente"}, {"seq": "31", "n": "15456", "vap": "150", "pvap": "   1,05", "e": "N", "st": "Suplente"}, {"seq": "5", "n": "15000", "vap": "539", "pvap": "   3,76", "e": "S", "st": "Eleito"}, {"seq": "48", "n": "15690", "vap": "29", "pvap": "   0,20", "e": "N", "st": "Suplente"}, {"seq": "39", "n": "15789", "vap": "58", "pvap": "   0,40", "e": "N", "st": "Suplente"}, {"seq": "37", "n": "15678", "vap": "74", "pvap": "   0,52", "e": "N", "st": "Suplente"}, {"seq": "36", "n": "15888", "vap": "80", "pvap": "   0,56", "e": "N", "st": "Suplente"}, {"seq": "3", "n": "15111", "vap": "546", "pvap": "   3,81", "e": "S", "st": "Eleito"}, {"seq": "46", "n": "15666", "vap": "38", "pvap": "   0,27", "e": "N", "st": "Suplente"}, {"seq": "41", "n": "15777", "vap": "54", "pvap": "   0,38", "e": "N", "st": "Suplente"}, {"seq": "28", "n": "15444", "vap": "173", "pvap": "   1,21", "e": "N", "st": "Suplente"}, {"seq": "21", "n": "15123", "vap": "232", "pvap": "   1,62", "e": "N", "st": "Suplente"}, {"seq": "35", "n": "15157", "vap": "82", "pvap": "   0,57", "e": "N", "st": "Suplente"}, {"seq": "45", "n": "15577", "vap": "38", "pvap": "   0,27", "e": "N", "st": "Suplente"}, {"seq": "43", "n": "15333", "vap": "44", "pvap": "   0,31", "e": "N", "st": "Suplente"}, {"seq": "33", "n": "15233", "vap": "108", "pvap": "   0,75", "e": "N", "st": "Suplente"}, {"seq": "18", "n": "15999", "vap": "299", "pvap": "   2,09", "e": "N", "st": "Suplente"}, {"seq": "19", "n": "11000", "vap": "296", "pvap": "   2,06", "e": "N", "st": "Suplente"}, {"seq": "4", "n": "11456", "vap": "543", "pvap": "   3,79", "e": "S", "st": "Eleito"}, {"seq": "50", "n": "11789", "vap": "15", "pvap": "   0,10", "e": "N", "st": "Suplente"}, {"seq": "1", "n": "11111", "vap": "705", "pvap": "   4,92", "e": "S", "st": "Eleito"}, {"seq": "49", "n": "11444", "vap": "25", "pvap": "   0,17", "e": "N", "st": "Suplente"}, {"seq": "52", "n": "11333", "vap": "12", "pvap": "   0,08", "e": "N", "st": "Suplente"}, {"seq": "34", "n": "11666", "vap": "91", "pvap": "   0,63", "e": "N", "st": "Suplente"}, {"seq": "22", "n": "11222", "vap": "230", "pvap": "   1,60", "e": "N", "st": "Suplente"}, {"seq": "32", "n": "11555", "vap": "125", "pvap": "   0,87", "e": "N", "st": "Suplente"}, {"seq": "26", "n": "11777", "vap": "189", "pvap": "   1,32", "e": "N", "st": "Suplente"}, {"seq": "54", "n": "40222", "vap": "6", "pvap": "   0,04", "e": "N", "st": "Suplente"}, {"seq": "44", "n": "40777", "vap": "41", "pvap": "   0,29", "e": "N", "st": "Suplente"}, {"seq": "29", "n": "40888", "vap": "166", "pvap": "   1,16", "e": "N", "st": "Suplente"}, {"seq": "47", "n": "40123", "vap": "37", "pvap": "   0,26", "e": "N", "st": "Suplente"}, {"seq": "51", "n": "40555", "vap": "13", "pvap": "   0,09", "e": "N", "st": "Suplente"}, {"seq": "17", "n": "40000", "vap": "332", "pvap": "   2,32", "e": "N", "st": "Suplente"}, {"seq": "11", "n": "40999", "vap": "412", "pvap": "   2,87", "e": "S", "st": "Eleito"}, {"seq": "16", "n": "40666", "vap": "358", "pvap": "   2,50", "e": "N", "st": "Suplente"}, {"seq": "20", "n": "40111", "vap": "290", "pvap": "   2,02", "e": "N", "st": "Suplente"}, {"seq": "57", "n": "40125", "vap": "0", "pvap": "00.00", "e": "N", "st": "Suplente"}, {"seq": "58", "n": "40124", "vap": "0", "pvap": "00.00", "e": "N", "st": "Suplente"}, {"seq": "42", "n": "40444", "vap": "49", "pvap": "   0,34", "e": "N", "st": "Suplente"}, {"seq": "56", "n": "40789", "vap": "0", "pvap": "00.00", "e": "N", "st": "Suplente"}, {"seq": "25", "n": "40333", "vap": "189", "pvap": "   1,32", "e": "N", "st": "Suplente"}, {"seq": "23", "n": "55444", "vap": "225", "pvap": "   1,57", "e": "N", "st": "Suplente"}, {"seq": "30", "n": "55558", "vap": "160", "pvap": "   1,12", "e": "N", "st": "Suplente"}, {"seq": "9", "n": "55333", "vap": "485", "pvap": "   3,38", "e": "S", "st": "Eleito"}, {"seq": "7", "n": "55555", "vap": "507", "pvap": "   3,54", "e": "S", "st": "Eleito"}, {"seq": "55", "n": "55456", "vap": "0", "pvap": "00.00", "e": "N", "st": "Suplente"}, {"seq": "24", "n": "55999", "vap": "198", "pvap": "   1,38", "e": "N", "st": "Suplente"}, {"seq": "15", "n": "55640", "vap": "366", "pvap": "   2,55", "e": "N", "st": "Suplente"}, {"seq": "38", "n": "55554", "vap": "73", "pvap": "   0,51", "e": "N", "st": "Suplente"}, {"seq": "12", "n": "55789", "vap": "386", "pvap": "   2,69", "e": "N", "st": "Suplente"}, {"seq": "10", "n": "55222", "vap": "438", "pvap": "   3,05", "e": "S", "st": "Eleito"}, {"seq": "27", "n": "55666", "vap": "189", "pvap": "   1,32", "e": "N", "st": "Suplente"}, {"seq": "6", "n": "55888", "vap": "507", "pvap": "   3,54", "e": "S", "st": "Eleito"}, {"seq": "53", "n": "55987", "vap": "7", "pvap": "   0,05", "e": "N", "st": "Suplente"}, {"seq": "13", "n": "55777", "vap": "379", "pvap": "   2,64", "e": "N", "st": "Suplente"}, {"seq": "14", "n": "55123", "vap": "375", "pvap": "   2,62", "e": "N", "st": "Suplente"}, {"seq": "8", "n": "55000", "vap": "488", "pvap": "   3,40", "e": "S", "st": "Eleito"}, {"seq": "2", "n": "55111", "vap": "630", "pvap": "   4,39", "e": "S", "st": "Eleito"}]}, {"dt": "15/11/2020", "ht": "22:35:30", "tf": "S", "and": "F", "tpabr": "ZONA", "cdabr": "81", "s": "50", "st": "50", "snt": "0", "si": "50", "sni": "0", "sa": "50", "sna": "0", "pst": " 100,00", "psnt": "   0,00", "psi": " 100,00", "psni": "   0,00", "psa": " 100,00", "psna": "   0,00", "e": "20573", "ea": "20573", "ena": "0", "esi": "20573", "esni": "0", "a": "5418", "c": "15155", "pea": " 100,00", "pena": "   0,00", "pesi": " 100,00", "pesni": "   0,00", "pa": "  26,34", "pc": "  73,66", "vnom": "13103", "vscv": "0", "vl": "1197", "tv": "15155", "vvc": "14339", "vb": "193", "tvn": "623", "vn": "623", "vnt": "0", "vp": "0", "vv": "14300", "van": "0", "vansj": "39", "pvnom": "  91,63", "pvl": "   8,37", "pvvc": "  94,62", "pvb": "   1,27", "ptvn": "   4,11", "pvn": " 100,00", "pvnt": "   0,00", "pvp": "   0,00", "pvv": "  99,73", "pvan": "   0,00", "pvansj": "   0,27", "cand": [{"seq": "1", "n": "11111", "vap": "705", "pvap": "   4,92", "e": "S", "st": "Eleito"}, {"seq": "4", "n": "11456", "vap": "543", "pvap": "   3,79", "e": "S", "st": "Eleito"}, {"seq": "19", "n": "11000", "vap": "296", "pvap": "   2,06", "e": "N", "st": "Suplente"}, {"seq": "22", "n": "11222", "vap": "230", "pvap": "   1,60", "e": "N", "st": "Suplente"}, {"seq": "26", "n": "11777", "vap": "189", "pvap": "   1,32", "e": "N", "st": "Suplente"}, {"seq": "32", "n": "11555", "vap": "125", "pvap": "   0,87", "e": "N", "st": "Suplente"}, {"seq": "34", "n": "11666", "vap": "91", "pvap": "   0,63", "e": "N", "st": "Suplente"}, {"seq": "49", "n": "11444", "vap": "25", "pvap": "   0,17", "e": "N", "st": "Suplente"}, {"seq": "50", "n": "11789", "vap": "15", "pvap": "   0,10", "e": "N", "st": "Suplente"}, {"seq": "52", "n": "11333", "vap": "12", "pvap": "   0,08", "e": "N", "st": "Suplente"}, {"seq": "3", "n": "15111", "vap": "546", "pvap": "   3,81", "e": "S", "st": "Eleito"}, {"seq": "5", "n": "15000", "vap": "539", "pvap": "   3,76", "e": "S", "st": "Eleito"}, {"seq": "18", "n": "15999", "vap": "299", "pvap": "   2,09", "e": "N", "st": "Suplente"}, {"seq": "21", "n": "15123", "vap": "232", "pvap": "   1,62", "e": "N", "st": "Suplente"}, {"seq": "28", "n": "15444", "vap": "173", "pvap": "   1,21", "e": "N", "st": "Suplente"}, {"seq": "31", "n": "15456", "vap": "150", "pvap": "   1,05", "e": "N", "st": "Suplente"}, {"seq": "33", "n": "15233", "vap": "108", "pvap": "   0,75", "e": "N", "st": "Suplente"}, {"seq": "35", "n": "15157", "vap": "82", "pvap": "   0,57", "e": "N", "st": "Suplente"}, {"seq": "36", "n": "15888", "vap": "80", "pvap": "   0,56", "e": "N", "st": "Suplente"}, {"seq": "37", "n": "15678", "vap": "74", "pvap": "   0,52", "e": "N", "st": "Suplente"}, {"seq": "39", "n": "15789", "vap": "58", "pvap": "   0,40", "e": "N", "st": "Suplente"}, {"seq": "40", "n": "15222", "vap": "57", "pvap": "   0,40", "e": "N", "st": "Suplente"}, {"seq": "41", "n": "15777", "vap": "54", "pvap": "   0,38", "e": "N", "st": "Suplente"}, {"seq": "43", "n": "15333", "vap": "44", "pvap": "   0,31", "e": "N", "st": "Suplente"}, {"seq": "45", "n": "15577", "vap": "38", "pvap": "   0,27", "e": "N", "st": "Suplente"}, {"seq": "46", "n": "15666", "vap": "38", "pvap": "   0,27", "e": "N", "st": "Suplente"}, {"seq": "48", "n": "15690", "vap": "29", "pvap": "   0,20", "e": "N", "st": "Suplente"}, {"seq": "62", "n": "25000", "vap": "104", "pvap": "   0,73", "e": "N", "st": "N\u00e3o eleito"}, {"seq": "64", "n": "25133", "vap": "46", "pvap": "   0,32", "e": "N", "st": "N\u00e3o eleito"}, {"seq": "70", "n": "25333", "vap": "24", "pvap": "   0,17", "e": "N", "st": "N\u00e3o eleito"}, {"seq": "73", "n": "25015", "vap": "14", "pvap": "   0,10", "e": "N", "st": "N\u00e3o eleito"}, {"seq": "74", "n": "25222", "vap": "10", "pvap": "   0,07", "e": "N", "st": "N\u00e3o eleito"}, {"seq": "75", "n": "25250", "vap": "8", "pvap": "   0,06", "e": "N", "st": "N\u00e3o eleito"}, {"seq": "76", "n": "25444", "vap": "6", "pvap": "   0,04", "e": "N", "st": "N\u00e3o eleito"}, {"seq": "77", "n": "25123", "vap": "5", "pvap": "   0,03", "e": "N", "st": "N\u00e3o eleito"}, {"seq": "81", "n": "25025", "vap": "1", "pvap": "   0,01", "e": "N", "st": "N\u00e3o eleito"}, {"seq": "83", "n": "25789", "vap": "0", "pvap": "00.00", "e": "N", "st": "N\u00e3o eleito"}, {"seq": "59", "n": "19333", "vap": "191", "pvap": "   1,33", "e": "N", "st": "N\u00e3o eleito"}, {"seq": "60", "n": "19999", "vap": "171", "pvap": "   1,19", "e": "N", "st": "N\u00e3o eleito"}, {"seq": "61", "n": "19000", "vap": "116", "pvap": "   0,81", "e": "N", "st": "N\u00e3o eleito"}, {"seq": "63", "n": "19123", "vap": "96", "pvap": "   0,67", "e": "N", "st": "N\u00e3o eleito"}, {"seq": "65", "n": "19555", "vap": "39", "pvap": "   0,27", "e": "N", "st": "N\u00e3o eleito"}, {"seq": "66", "n": "19777", "vap": "39", "pvap": "   0,27", "e": "N", "st": "N\u00e3o eleito"}, {"seq": "67", "n": "19222", "vap": "33", "pvap": "   0,23", "e": "N", "st": "N\u00e3o eleito"}, {"seq": "68", "n": "19888", "vap": "31", "pvap": "   0,22", "e": "N", "st": "N\u00e3o eleito"}, {"seq": "69", "n": "19444", "vap": "24", "pvap": "   0,17", "e": "N", "st": "N\u00e3o eleito"}, {"seq": "71", "n": "19111", "vap": "21", "pvap": "   0,15", "e": "N", "st": "N\u00e3o eleito"}, {"seq": "72", "n": "19456", "vap": "18", "pvap": "   0,13", "e": "N", "st": "N\u00e3o eleito"}, {"seq": "78", "n": "19666", "vap": "2", "pvap": "   0,01", "e": "N", "st": "N\u00e3o eleito"}, {"seq": "79", "n": "19321", "vap": "2", "pvap": "   0,01", "e": "N", "st": "N\u00e3o eleito"}, {"seq": "80", "n": "19987", "vap": "2", "pvap": "   0,01", "e": "N", "st": "N\u00e3o eleito"}, {"seq": "82", "n": "19990", "vap": "1", "pvap": "   0,01", "e": "N", "st": "N\u00e3o eleito"}, {"seq": "84", "n": "19989", "vap": "0", "pvap": "00.00", "e": "N", "st": "N\u00e3o eleito"}, {"seq": "85", "n": "19019", "vap": "0", "pvap": "00.00", "e": "N", "st": "N\u00e3o eleito"}, {"seq": "11", "n": "40999", "vap": "412", "pvap": "   2,87", "e": "S", "st": "Eleito"}, {"seq": "16", "n": "40666", "vap": "358", "pvap": "   2,50", "e": "N", "st": "Suplente"}, {"seq": "17", "n": "40000", "vap": "332", "pvap": "   2,32", "e": "N", "st": "Suplente"}, {"seq": "20", "n": "40111", "vap": "290", "pvap": "   2,02", "e": "N", "st": "Suplente"}, {"seq": "25", "n": "40333", "vap": "189", "pvap": "   1,32", "e": "N", "st": "Suplente"}, {"seq": "29", "n": "40888", "vap": "166", "pvap": "   1,16", "e": "N", "st": "Suplente"}, {"seq": "42", "n": "40444", "vap": "49", "pvap": "   0,34", "e": "N", "st": "Suplente"}, {"seq": "44", "n": "40777", "vap": "41", "pvap": "   0,29", "e": "N", "st": "Suplente"}, {"seq": "47", "n": "40123", "vap": "37", "pvap": "   0,26", "e": "N", "st": "Suplente"}, {"seq": "51", "n": "40555", "vap": "13", "pvap": "   0,09", "e": "N", "st": "Suplente"}, {"seq": "54", "n": "40222", "vap": "6", "pvap": "   0,04", "e": "N", "st": "Suplente"}, {"seq": "56", "n": "40789", "vap": "0", "pvap": "00.00", "e": "N", "st": "Suplente"}, {"seq": "57", "n": "40125", "vap": "0", "pvap": "00.00", "e": "N", "st": "Suplente"}, {"seq": "58", "n": "40124", "vap": "0", "pvap": "00.00", "e": "N", "st": "Suplente"}, {"seq": "2", "n": "55111", "vap": "630", "pvap": "   4,39", "e": "S", "st": "Eleito"}, {"seq": "6", "n": "55888", "vap": "507", "pvap": "   3,54", "e": "S", "st": "Eleito"}, {"seq": "7", "n": "55555", "vap": "507", "pvap": "   3,54", "e": "S", "st": "Eleito"}, {"seq": "8", "n": "55000", "vap": "488", "pvap": "   3,40", "e": "S", "st": "Eleito"}, {"seq": "9", "n": "55333", "vap": "485", "pvap": "   3,38", "e": "S", "st": "Eleito"}, {"seq": "10", "n": "55222", "vap": "438", "pvap": "   3,05", "e": "S", "st": "Eleito"}, {"seq": "12", "n": "55789", "vap": "386", "pvap": "   2,69", "e": "N", "st": "Suplente"}, {"seq": "13", "n": "55777", "vap": "379", "pvap": "   2,64", "e": "N", "st": "Suplente"}, {"seq": "14", "n": "55123", "vap": "375", "pvap": "   2,62", "e": "N", "st": "Suplente"}, {"seq": "15", "n": "55640", "vap": "366", "pvap": "   2,55", "e": "N", "st": "Suplente"}, {"seq": "23", "n": "55444", "vap": "225", "pvap": "   1,57", "e": "N", "st": "Suplente"}, {"seq": "24", "n": "55999", "vap": "198", "pvap": "   1,38", "e": "N", "st": "Suplente"}, {"seq": "27", "n": "55666", "vap": "189", "pvap": "   1,32", "e": "N", "st": "Suplente"}, {"seq": "30", "n": "55558", "vap": "160", "pvap": "   1,12", "e": "N", "st": "Suplente"}, {"seq": "38", "n": "55554", "vap": "73", "pvap": "   0,51", "e": "N", "st": "Suplente"}, {"seq": "53", "n": "55987", "vap": "7", "pvap": "   0,05", "e": "N", "st": "Suplente"}, {"seq": "55", "n": "55456", "vap": "0", "pvap": "00.00", "e": "N", "st": "Suplente"}]}]}