{"ele": "426", "carper": "13", "t": "1", "f": "O", "esae": "N", "mnae": " ", "dg": "15/11/2020", "hg": "22:39:35", "dv": "S", "nadf": "ba33405-c0013-e000426-002-f", "abr": [{"dt": "15/11/2020", "ht": "22:27:04", "tf": "S", "and": "F", "tpabr": "MU", "cdabr": "33405", "s": "15", "st": "15", "snt": "0", "si": "15", "sni": "0", "sa": "15", "sna": "0", "pst": " 100,00", "psnt": "   0,00", "psi": " 100,00", "psni": "   0,00", "psa": " 100,00", "psna": "   0,00", "e": "5690", "ea": "5690", "ena": "0", "esi": "5690", "esni": "0", "c": "4894", "a": "796", "pea": " 100,00", "pena": "   0,00", "pesi": " 100,00", "pesni": "   0,00", "pa": "  13,99", "pc": "  86,01", "vscv": "0", "vnom": "4274", "vl": "370", "tv": "4894", "vvc": "4644", "vb": "47", "tvn": "203", "vn": "203", "vnt": "0", "vp": "0", "vv": "4644", "van": "0", "vansj": "0", "pvnom": "  92,03", "pvl": "   7,97", "pvvc": "  94,89", "pvb": "   0,96", "ptvn": "   4,15", "pvn": " 100,00", "pvnt": "   0,00", "pvp": "   0,00", "pvv": " 100,00", "pvan": "   0,00", "pvansj": "   0,00", "colig": [{"n": "50000073364", "tvtn": "516", "tvan": "516", "vag": "1", "tvtl": "145", "tval": "145"}, {"n": "50000065634", "tvtn": "2933", "tvan": "2933", "vag": "7", "tvtl": "197", "tval": "197"}, {"n": "50000073401", "tvtn": "825", "tvan": "825", "vag": "1", "tvtl": "28", "tval": "28"}], "part": [{"n": "13", "tvtn": "516", "tvan": "516", "tvtl": "145", "tval": "145"}, {"n": "11", "tvtn": "2933", "tvan": "2933", "tvtl": "197", "tval": "197"}, {"n": "55", "tvtn": "825", "tvan": "825", "tvtl": "28", "tval": "28"}], "cand": [{"seq": "16", "n": "13300", "vap": "108", "pvap": "   2,33", "e": "N", "st": "Suplente"}, {"seq": "3", "n": "13333", "vap": "364", "pvap": "   7,84", "e": "S", "st": "Eleito"}, {"seq": "19", "n": "13456", "vap": "44", "pvap": "   0,95", "e": "N", "st": "Suplente"}, {"seq": "9", "n": "11888", "vap": "210", "pvap": "   4,52", "e": "S", "st": "Eleito"}, {"seq": "5", "n": "11222", "vap": "330", "pvap": "   7,11", "e": "S", "st": "Eleito"}, {"seq": "8", "n": "11777", "vap": "267", "pvap": "   5,75", "e": "S", "st": "Eleito"}, {"seq": "7", "n": "11000", "vap": "296", "pvap": "   6,37", "e": "S", "st": "Eleito"}, {"seq": "6", "n": "11555", "vap": "303", "pvap": "   6,52", "e": "S", "st": "Eleito"}, {"seq": "13", "n": "11789", "vap": "159", "pvap": "   3,42", "e": "N", "st": "Suplente"}, {"seq": "18", "n": "11601", "vap": "47", "pvap": "   1,01", "e": "N", "st": "Suplente"}, {"seq": "17", "n": "11999", "vap": "85", "pvap": "   1,83", "e": "N", "st": "Suplente"}, {"seq": "1", "n": "11111", "vap": "401", "pvap": "   8,63", "e": "S", "st": "Eleito"}, {"seq": "14", "n": "11123", "vap": "157", "pvap": "   3,38", "e": "N", "st": "Suplente"}, {"seq": "4", "n": "11444", "vap": "347", "pvap": "   7,47", "e": "S", "st": "Eleito"}, {"seq": "11", "n": "11333", "vap": "204", "pvap": "   4,39", "e": "N", "st": "Suplente"}, {"seq": "15", "n": "11456", "vap": "127", "pvap": "   2,73", "e": "N", "st": "Suplente"}, {"seq": "2", "n": "55555", "vap": "371", "pvap": "   7,99", "e": "S", "st": "Eleito"}, {"seq": "12", "n": "55000", "vap": "188", "pvap": "   4,05", "e": "N", "st": "Suplente"}, {"seq": "10", "n": "55222", "vap": "266", "pvap": "   5,73", "e": "N", "st": "Suplente"}]}, {"dt": "15/11/2020", "ht": "22:27:04", "tf": "S", "and": "F", "tpabr": "ZONA", "cdabr": "23", "s": "15", "st": "15", "snt": "0", "si": "15", "sni": "0", "sa": "15", "sna": "0", "pst": " 100,00", "psnt": "   0,00", "psi": " 100,00", "psni": "   0,00", "psa": " 100,00", "psna": "   0,00", "e": "5690", "ea": "5690", "ena": "0", "esi": "5690", "esni": "0", "a": "796", "c": "4894", "pea": " 100,00", "pena": "   0,00", "pesi": " 100,00", "pesni": "   0,00", "pa": "  13,99", "pc": "  86,01", "vnom": "4274", "vscv": "0", "vl": "370", "tv": "4894", "vvc": "4644", "vb": "47", "tvn": "203", "vn": "203", "vnt": "0", "vp": "0", "vv": "4644", "van": "0", "vansj": "0", "pvnom": "  92,03", "pvl": "   7,97", "pvvc": "  94,89", "pvb": "   0,96", "ptvn": "   4,15", "pvn": " 100,00", "pvnt": "   0,00", "pvp": "   0,00", "pvv": " 100,00", "pvan": "   0,00", "pvansj": "   0,00", "cand": [{"seq": "2", "n": "55555", "vap": "371", "pvap": "   7,99", "e": "S", "st": "Eleito"}, {"seq": "10", "n": "55222", "vap": "266", "pvap": "   5,73", "e": "N", "st": "Suplente"}, {"seq": "12", "n": "55000", "vap": "188", "pvap": "   4,05", "e": "N", "st": "Suplente"}, {"seq": "1", "n": "11111", "vap": "401", "pvap": "   8,63", "e": "S", "st": "Eleito"}, {"seq": "4", "n": "11444", "vap": "347", "pvap": "   7,47", "e": "S", "st": "Eleito"}, {"seq": "5", "n": "11222", "vap": "330", "pvap": "   7,11", "e": "S", "st": "Eleito"}, {"seq": "6", "n": "11555", "vap": "303", "pvap": "   6,52", "e": "S", "st": "Eleito"}, {"seq": "7", "n": "11000", "vap": "296", "pvap": "   6,37", "e": "S", "st": "Eleito"}, {"seq": "8", "n": "11777", "vap": "267", "pvap": "   5,75", "e": "S", "st": "Eleito"}, {"seq": "9", "n": "11888", "vap": "210", "pvap": "   4,52", "e": "S", "st": "Eleito"}, {"seq": "11", "n": "11333", "vap": "204", "pvap": "   4,39", "e": "N", "st": "Suplente"}, {"seq": "13", "n": "11789", "vap": "159", "pvap": "   3,42", "e": "N", "st": "Suplente"}, {"seq": "14", "n": "11123", "vap": "157", "pvap": "   3,38", "e": "N", "st": "Suplente"}, {"seq": "15", "n": "11456", "vap": "127", "pvap": "   2,73", "e": "N", "st": "Suplente"}, {"seq": "17", "n": "11999", "vap": "85", "pvap": "   1,83", "e": "N", "st": "Suplente"}, {"seq": "18", "n": "11601", "vap": "47", "pvap": "   1,01", "e": "N", "st": "Suplente"}, {"seq": "3", "n": "13333", "vap": "364", "pvap": "   7,84", "e": "S", "st": "Eleito"}, {"seq": "16", "n": "13300", "vap": "108", "pvap": "   2,33", "e": "N", "st": "Suplente"}, {"seq": "19", "n": "13456", "vap": "44", "pvap": "   0,95", "e": "N", "st": "Suplente"}]}]}