{"ele": "426", "carper": "13", "t": "1", "f": "O", "esae": "N", "mnae": " ", "dg": "15/11/2020", "hg": "22:14:34", "dv": "S", "nadf": "ba30732-c0013-e000426-002-f", "abr": [{"dt": "15/11/2020", "ht": "21:16:49", "tf": "S", "and": "F", "tpabr": "MU", "cdabr": "30732", "s": "21", "st": "21", "snt": "0", "si": "21", "sni": "0", "sa": "21", "sna": "0", "pst": " 100,00", "psnt": "   0,00", "psi": " 100,00", "psni": "   0,00", "psa": " 100,00", "psna": "   0,00", "e": "6299", "ea": "6299", "ena": "0", "esi": "6299", "esni": "0", "c": "5143", "a": "1156", "pea": " 100,00", "pena": "   0,00", "pesi": " 100,00", "pesni": "   0,00", "pa": "  18,35", "pc": "  81,65", "vscv": "0", "vnom": "4632", "vl": "301", "tv": "5143", "vvc": "4933", "vb": "39", "tvn": "171", "vn": "171", "vnt": "0", "vp": "0", "vv": "4933", "van": "0", "vansj": "0", "pvnom": "  93,90", "pvl": "   6,10", "pvvc": "  95,92", "pvb": "   0,76", "ptvn": "   3,32", "pvn": " 100,00", "pvnt": "   0,00", "pvp": "   0,00", "pvv": " 100,00", "pvan": "   0,00", "pvansj": "   0,00", "colig": [{"n": "50000125715", "tvtn": "2068", "tvan": "2068", "vag": "5", "tvtl": "114", "tval": "114"}, {"n": "50000144339", "tvtn": "13", "tvan": "13", "vag": "0", "tvtl": "25", "tval": "25"}, {"n": "50000097089", "tvtn": "109", "tvan": "109", "vag": "0", "tvtl": "24", "tval": "24"}, {"n": "50000144110", "tvtn": "1173", "tvan": "1173", "vag": "2", "tvtl": "113", "tval": "113"}, {"n": "50000097174", "tvtn": "1269", "tvan": "1269", "vag": "2", "tvtl": "25", "tval": "25"}], "part": [{"n": "11", "tvtn": "2068", "tvan": "2068", "tvtl": "114", "tval": "114"}, {"n": "12", "tvtn": "13", "tvan": "13", "tvtl": "25", "tval": "25"}, {"n": "22", "tvtn": "109", "tvan": "109", "tvtl": "24", "tval": "24"}, {"n": "55", "tvtn": "1173", "tvan": "1173", "tvtl": "113", "tval": "113"}, {"n": "36", "tvtn": "1269", "tvan": "1269", "tvtl": "25", "tval": "25"}], "cand": [{"seq": "2", "n": "11444", "vap": "381", "pvap": "   7,72", "e": "S", "st": "Eleito"}, {"seq": "3", "n": "11456", "vap": "378", "pvap": "   7,66", "e": "S", "st": "Eleito"}, {"seq": "7", "n": "11333", "vap": "236", "pvap": "   4,78", "e": "S", "st": "Eleito"}, {"seq": "19", "n": "11777", "vap": "69", "pvap": "   1,40", "e": "N", "st": "Suplente"}, {"seq": "13", "n": "11222", "vap": "172", "pvap": "   3,49", "e": "N", "st": "Suplente"}, {"seq": "4", "n": "11111", "vap": "357", "pvap": "   7,24", "e": "S", "st": "Eleito"}, {"seq": "1", "n": "11999", "vap": "475", "pvap": "   9,63", "e": "S", "st": "Eleito"}, {"seq": "34", "n": "12123", "vap": "7", "pvap": "   0,14", "e": "N", "st": "N\u00e3o eleito"}, {"seq": "36", "n": "12678", "vap": "3", "pvap": "   0,06", "e": "N", "st": "N\u00e3o eleito"}, {"seq": "37", "n": "12345", "vap": "3", "pvap": "   0,06", "e": "N", "st": "N\u00e3o eleito"}, {"seq": "35", "n": "22345", "vap": "5", "pvap": "   0,10", "e": "N", "st": "N\u00e3o eleito"}, {"seq": "30", "n": "22222", "vap": "31", "pvap": "   0,63", "e": "N", "st": "N\u00e3o eleito"}, {"seq": "31", "n": "22999", "vap": "16", "pvap": "   0,32", "e": "N", "st": "N\u00e3o eleito"}, {"seq": "29", "n": "22223", "vap": "34", "pvap": "   0,69", "e": "N", "st": "N\u00e3o eleito"}, {"seq": "33", "n": "22344", "vap": "9", "pvap": "   0,18", "e": "N", "st": "N\u00e3o eleito"}, {"seq": "32", "n": "22123", "vap": "12", "pvap": "   0,24", "e": "N", "st": "N\u00e3o eleito"}, {"seq": "38", "n": "22333", "vap": "2", "pvap": "   0,04", "e": "N", "st": "N\u00e3o eleito"}, {"seq": "17", "n": "55222", "vap": "102", "pvap": "   2,07", "e": "N", "st": "Suplente"}, {"seq": "26", "n": "55789", "vap": "17", "pvap": "   0,34", "e": "N", "st": "Suplente"}, {"seq": "11", "n": "55111", "vap": "228", "pvap": "   4,62", "e": "N", "st": "Suplente"}, {"seq": "25", "n": "55333", "vap": "18", "pvap": "   0,36", "e": "N", "st": "Suplente"}, {"seq": "22", "n": "55555", "vap": "26", "pvap": "   0,53", "e": "N", "st": "Suplente"}, {"seq": "5", "n": "55456", "vap": "296", "pvap": "   6,00", "e": "S", "st": "Eleito"}, {"seq": "6", "n": "55000", "vap": "255", "pvap": "   5,17", "e": "S", "st": "Eleito"}, {"seq": "10", "n": "55123", "vap": "231", "pvap": "   4,68", "e": "N", "st": "Suplente"}, {"seq": "18", "n": "36147", "vap": "86", "pvap": "   1,74", "e": "N", "st": "Suplente"}, {"seq": "23", "n": "36110", "vap": "22", "pvap": "   0,45", "e": "N", "st": "Suplente"}, {"seq": "28", "n": "36987", "vap": "2", "pvap": "   0,04", "e": "N", "st": "Suplente"}, {"seq": "8", "n": "36666", "vap": "208", "pvap": "   4,22", "e": "S", "st": "Eleito"}, {"seq": "15", "n": "36321", "vap": "146", "pvap": "   2,96", "e": "N", "st": "Suplente"}, {"seq": "21", "n": "36789", "vap": "66", "pvap": "   1,34", "e": "N", "st": "Suplente"}, {"seq": "14", "n": "36222", "vap": "161", "pvap": "   3,26", "e": "N", "st": "Suplente"}, {"seq": "27", "n": "36123", "vap": "11", "pvap": "   0,22", "e": "N", "st": "Suplente"}, {"seq": "16", "n": "36555", "vap": "109", "pvap": "   2,21", "e": "N", "st": "Suplente"}, {"seq": "24", "n": "36000", "vap": "22", "pvap": "   0,45", "e": "N", "st": "Suplente"}, {"seq": "9", "n": "36111", "vap": "189", "pvap": "   3,83", "e": "S", "st": "Eleito"}, {"seq": "12", "n": "36999", "vap": "179", "pvap": "   3,63", "e": "N", "st": "Suplente"}, {"seq": "20", "n": "36456", "vap": "68", "pvap": "   1,38", "e": "N", "st": "Suplente"}]}, {"dt": "15/11/2020", "ht": "21:16:49", "tf": "S", "and": "F", "tpabr": "ZONA", "cdabr": "166", "s": "21", "st": "21", "snt": "0", "si": "21", "sni": "0", "sa": "21", "sna": "0", "pst": " 100,00", "psnt": "   0,00", "psi": " 100,00", "psni": "   0,00", "psa": " 100,00", "psna": "   0,00", "e": "6299", "ea": "6299", "ena": "0", "esi": "6299", "esni": "0", "a": "1156", "c": "5143", "pea": " 100,00", "pena": "   0,00", "pesi": " 100,00", "pesni": "   0,00", "pa": "  18,35", "pc": "  81,65", "vnom": "4632", "vscv": "0", "vl": "301", "tv": "5143", "vvc": "4933", "vb": "39", "tvn": "171", "vn": "171", "vnt": "0", "vp": "0", "vv": "4933", "van": "0", "vansj": "0", "pvnom": "  93,90", "pvl": "   6,10", "pvvc": "  95,92", "pvb": "   0,76", "ptvn": "   3,32", "pvn": " 100,00", "pvnt": "   0,00", "pvp": "   0,00", "pvv": " 100,00", "pvan": "   0,00", "pvansj": "   0,00", "cand": [{"seq": "38", "n": "22333", "vap": "2", "pvap": "   0,04", "e": "N", "st": "N\u00e3o eleito"}, {"seq": "31", "n": "22999", "vap": "16", "pvap": "   0,32", "e": "N", "st": "N\u00e3o eleito"}, {"seq": "33", "n": "22344", "vap": "9", "pvap": "   0,18", "e": "N", "st": "N\u00e3o eleito"}, {"seq": "32", "n": "22123", "vap": "12", "pvap": "   0,24", "e": "N", "st": "N\u00e3o eleito"}, {"seq": "35", "n": "22345", "vap": "5", "pvap": "   0,10", "e": "N", "st": "N\u00e3o eleito"}, {"seq": "30", "n": "22222", "vap": "31", "pvap": "   0,63", "e": "N", "st": "N\u00e3o eleito"}, {"seq": "29", "n": "22223", "vap": "34", "pvap": "   0,69", "e": "N", "st": "N\u00e3o eleito"}, {"seq": "36", "n": "12678", "vap": "3", "pvap": "   0,06", "e": "N", "st": "N\u00e3o eleito"}, {"seq": "37", "n": "12345", "vap": "3", "pvap": "   0,06", "e": "N", "st": "N\u00e3o eleito"}, {"seq": "34", "n": "12123", "vap": "7", "pvap": "   0,14", "e": "N", "st": "N\u00e3o eleito"}, {"seq": "7", "n": "11333", "vap": "236", "pvap": "   4,78", "e": "S", "st": "Eleito"}, {"seq": "3", "n": "11456", "vap": "378", "pvap": "   7,66", "e": "S", "st": "Eleito"}, {"seq": "4", "n": "11111", "vap": "357", "pvap": "   7,24", "e": "S", "st": "Eleito"}, {"seq": "2", "n": "11444", "vap": "381", "pvap": "   7,72", "e": "S", "st": "Eleito"}, {"seq": "1", "n": "11999", "vap": "475", "pvap": "   9,63", "e": "S", "st": "Eleito"}, {"seq": "13", "n": "11222", "vap": "172", "pvap": "   3,49", "e": "N", "st": "Suplente"}, {"seq": "19", "n": "11777", "vap": "69", "pvap": "   1,40", "e": "N", "st": "Suplente"}, {"seq": "8", "n": "36666", "vap": "208", "pvap": "   4,22", "e": "S", "st": "Eleito"}, {"seq": "18", "n": "36147", "vap": "86", "pvap": "   1,74", "e": "N", "st": "Suplente"}, {"seq": "9", "n": "36111", "vap": "189", "pvap": "   3,83", "e": "S", "st": "Eleito"}, {"seq": "16", "n": "36555", "vap": "109", "pvap": "   2,21", "e": "N", "st": "Suplente"}, {"seq": "15", "n": "36321", "vap": "146", "pvap": "   2,96", "e": "N", "st": "Suplente"}, {"seq": "24", "n": "36000", "vap": "22", "pvap": "   0,45", "e": "N", "st": "Suplente"}, {"seq": "21", "n": "36789", "vap": "66", "pvap": "   1,34", "e": "N", "st": "Suplente"}, {"seq": "14", "n": "36222", "vap": "161", "pvap": "   3,26", "e": "N", "st": "Suplente"}, {"seq": "12", "n": "36999", "vap": "179", "pvap": "   3,63", "e": "N", "st": "Suplente"}, {"seq": "20", "n": "36456", "vap": "68", "pvap": "   1,38", "e": "N", "st": "Suplente"}, {"seq": "23", "n": "36110", "vap": "22", "pvap": "   0,45", "e": "N", "st": "Suplente"}, {"seq": "28", "n": "36987", "vap": "2", "pvap": "   0,04", "e": "N", "st": "Suplente"}, {"seq": "27", "n": "36123", "vap": "11", "pvap": "   0,22", "e": "N", "st": "Suplente"}, {"seq": "6", "n": "55000", "vap": "255", "pvap": "   5,17", "e": "S", "st": "Eleito"}, {"seq": "11", "n": "55111", "vap": "228", "pvap": "   4,62", "e": "N", "st": "Suplente"}, {"seq": "22", "n": "55555", "vap": "26", "pvap": "   0,53", "e": "N", "st": "Suplente"}, {"seq": "25", "n": "55333", "vap": "18", "pvap": "   0,36", "e": "N", "st": "Suplente"}, {"seq": "17", "n": "55222", "vap": "102", "pvap": "   2,07", "e": "N", "st": "Suplente"}, {"seq": "5", "n": "55456", "vap": "296", "pvap": "   6,00", "e": "S", "st": "Eleito"}, {"seq": "26", "n": "55789", "vap": "17", "pvap": "   0,34", "e": "N", "st": "Suplente"}, {"seq": "10", "n": "55123", "vap": "231", "pvap": "   4,68", "e": "N", "st": "Suplente"}]}]}