{"ele": "426", "carper": "13", "t": "1", "f": "O", "esae": "N", "mnae": " ", "dg": "15/11/2020", "hg": "23:01:59", "dv": "S", "nadf": "ba37095-c0013-e000426-002-f", "abr": [{"dt": "15/11/2020", "ht": "22:57:20", "tf": "S", "and": "F", "tpabr": "MU", "cdabr": "37095", "s": "31", "st": "31", "snt": "0", "si": "31", "sni": "0", "sa": "31", "sna": "0", "pst": " 100,00", "psnt": "   0,00", "psi": " 100,00", "psni": "   0,00", "psa": " 100,00", "psna": "   0,00", "e": "12276", "ea": "12276", "ena": "0", "esi": "12276", "esni": "0", "c": "10197", "a": "2079", "pea": " 100,00", "pena": "   0,00", "pesi": " 100,00", "pesni": "   0,00", "pa": "  16,94", "pc": "  83,06", "vscv": "0", "vnom": "9148", "vl": "661", "tv": "10197", "vvc": "9809", "vb": "89", "tvn": "299", "vn": "299", "vnt": "0", "vp": "0", "vv": "9809", "van": "0", "vansj": "0", "pvnom": "  93,26", "pvl": "   6,74", "pvvc": "  96,19", "pvb": "   0,88", "ptvn": "   2,93", "pvn": " 100,00", "pvnt": "   0,00", "pvp": "   0,00", "pvv": " 100,00", "pvan": "   0,00", "pvansj": "   0,00", "colig": [{"n": "50000127842", "tvtn": "2269", "tvan": "2269", "vag": "2", "tvtl": "78", "tval": "78"}, {"n": "50000127843", "tvtn": "2625", "tvan": "2625", "vag": "3", "tvtl": "271", "tval": "271"}, {"n": "50000075292", "tvtn": "4254", "tvan": "4254", "vag": "4", "tvtl": "312", "tval": "312"}], "part": [{"n": "11", "tvtn": "2269", "tvan": "2269", "tvtl": "78", "tval": "78"}, {"n": "12", "tvtn": "2625", "tvan": "2625", "tvtl": "271", "tval": "271"}, {"n": "55", "tvtn": "4254", "tvan": "4254", "tvtl": "312", "tval": "312"}], "cand": [{"seq": "18", "n": "11333", "vap": "112", "pvap": "   1,14", "e": "N", "st": "Suplente"}, {"seq": "1", "n": "11122", "vap": "837", "pvap": "   8,53", "e": "S", "st": "Eleito"}, {"seq": "19", "n": "11555", "vap": "77", "pvap": "   0,78", "e": "N", "st": "Suplente"}, {"seq": "15", "n": "11222", "vap": "315", "pvap": "   3,21", "e": "N", "st": "Suplente"}, {"seq": "29", "n": "11234", "vap": "8", "pvap": "   0,08", "e": "N", "st": "Suplente"}, {"seq": "24", "n": "11123", "vap": "32", "pvap": "   0,33", "e": "N", "st": "Suplente"}, {"seq": "31", "n": "11211", "vap": "6", "pvap": "   0,06", "e": "N", "st": "Suplente"}, {"seq": "12", "n": "11000", "vap": "412", "pvap": "   4,20", "e": "N", "st": "Suplente"}, {"seq": "9", "n": "11111", "vap": "470", "pvap": "   4,79", "e": "S", "st": "Eleito"}, {"seq": "17", "n": "12123", "vap": "271", "pvap": "   2,76", "e": "N", "st": "Suplente"}, {"seq": "28", "n": "12777", "vap": "15", "pvap": "   0,15", "e": "N", "st": "Suplente"}, {"seq": "3", "n": "12444", "vap": "648", "pvap": "   6,61", "e": "S", "st": "Eleito"}, {"seq": "32", "n": "12012", "vap": "1", "pvap": "   0,01", "e": "N", "st": "Suplente"}, {"seq": "30", "n": "12015", "vap": "8", "pvap": "   0,08", "e": "N", "st": "Suplente"}, {"seq": "4", "n": "12333", "vap": "605", "pvap": "   6,17", "e": "S", "st": "Eleito"}, {"seq": "26", "n": "12345", "vap": "17", "pvap": "   0,17", "e": "N", "st": "Suplente"}, {"seq": "11", "n": "12000", "vap": "464", "pvap": "   4,73", "e": "N", "st": "Suplente"}, {"seq": "7", "n": "12222", "vap": "577", "pvap": "   5,88", "e": "S", "st": "Eleito"}, {"seq": "25", "n": "12100", "vap": "19", "pvap": "   0,19", "e": "N", "st": "Suplente"}, {"seq": "13", "n": "55333", "vap": "401", "pvap": "   4,09", "e": "N", "st": "Suplente"}, {"seq": "2", "n": "55888", "vap": "830", "pvap": "   8,46", "e": "S", "st": "Eleito"}, {"seq": "8", "n": "55666", "vap": "498", "pvap": "   5,08", "e": "S", "st": "Eleito"}, {"seq": "5", "n": "55123", "vap": "588", "pvap": "   5,99", "e": "S", "st": "Eleito"}, {"seq": "27", "n": "55550", "vap": "17", "pvap": "   0,17", "e": "N", "st": "Suplente"}, {"seq": "23", "n": "55777", "vap": "47", "pvap": "   0,48", "e": "N", "st": "Suplente"}, {"seq": "21", "n": "55966", "vap": "57", "pvap": "   0,58", "e": "N", "st": "Suplente"}, {"seq": "6", "n": "55555", "vap": "586", "pvap": "   5,97", "e": "S", "st": "Eleito"}, {"seq": "22", "n": "55444", "vap": "47", "pvap": "   0,48", "e": "N", "st": "Suplente"}, {"seq": "16", "n": "55000", "vap": "289", "pvap": "   2,95", "e": "N", "st": "Suplente"}, {"seq": "20", "n": "55999", "vap": "59", "pvap": "   0,60", "e": "N", "st": "Suplente"}, {"seq": "14", "n": "55111", "vap": "366", "pvap": "   3,73", "e": "N", "st": "Suplente"}, {"seq": "10", "n": "55222", "vap": "469", "pvap": "   4,78", "e": "N", "st": "Suplente"}]}, {"dt": "15/11/2020", "ht": "22:57:20", "tf": "S", "and": "F", "tpabr": "ZONA", "cdabr": "22", "s": "31", "st": "31", "snt": "0", "si": "31", "sni": "0", "sa": "31", "sna": "0", "pst": " 100,00", "psnt": "   0,00", "psi": " 100,00", "psni": "   0,00", "psa": " 100,00", "psna": "   0,00", "e": "12276", "ea": "12276", "ena": "0", "esi": "12276", "esni": "0", "a": "2079", "c": "10197", "pea": " 100,00", "pena": "   0,00", "pesi": " 100,00", "pesni": "   0,00", "pa": "  16,94", "pc": "  83,06", "vnom": "9148", "vscv": "0", "vl": "661", "tv": "10197", "vvc": "9809", "vb": "89", "tvn": "299", "vn": "299", "vnt": "0", "vp": "0", "vv": "9809", "van": "0", "vansj": "0", "pvnom": "  93,26", "pvl": "   6,74", "pvvc": "  96,19", "pvb": "   0,88", "ptvn": "   2,93", "pvn": " 100,00", "pvnt": "   0,00", "pvp": "   0,00", "pvv": " 100,00", "pvan": "   0,00", "pvansj": "   0,00", "cand": [{"seq": "1", "n": "11122", "vap": "837", "pvap": "   8,53", "e": "S", "st": "Eleito"}, {"seq": "9", "n": "11111", "vap": "470", "pvap": "   4,79", "e": "S", "st": "Eleito"}, {"seq": "12", "n": "11000", "vap": "412", "pvap": "   4,20", "e": "N", "st": "Suplente"}, {"seq": "15", "n": "11222", "vap": "315", "pvap": "   3,21", "e": "N", "st": "Suplente"}, {"seq": "18", "n": "11333", "vap": "112", "pvap": "   1,14", "e": "N", "st": "Suplente"}, {"seq": "19", "n": "11555", "vap": "77", "pvap": "   0,78", "e": "N", "st": "Suplente"}, {"seq": "24", "n": "11123", "vap": "32", "pvap": "   0,33", "e": "N", "st": "Suplente"}, {"seq": "29", "n": "11234", "vap": "8", "pvap": "   0,08", "e": "N", "st": "Suplente"}, {"seq": "31", "n": "11211", "vap": "6", "pvap": "   0,06", "e": "N", "st": "Suplente"}, {"seq": "3", "n": "12444", "vap": "648", "pvap": "   6,61", "e": "S", "st": "Eleito"}, {"seq": "4", "n": "12333", "vap": "605", "pvap": "   6,17", "e": "S", "st": "Eleito"}, {"seq": "7", "n": "12222", "vap": "577", "pvap": "   5,88", "e": "S", "st": "Eleito"}, {"seq": "11", "n": "12000", "vap": "464", "pvap": "   4,73", "e": "N", "st": "Suplente"}, {"seq": "17", "n": "12123", "vap": "271", "pvap": "   2,76", "e": "N", "st": "Suplente"}, {"seq": "25", "n": "12100", "vap": "19", "pvap": "   0,19", "e": "N", "st": "Suplente"}, {"seq": "26", "n": "12345", "vap": "17", "pvap": "   0,17", "e": "N", "st": "Suplente"}, {"seq": "28", "n": "12777", "vap": "15", "pvap": "   0,15", "e": "N", "st": "Suplente"}, {"seq": "30", "n": "12015", "vap": "8", "pvap": "   0,08", "e": "N", "st": "Suplente"}, {"seq": "32", "n": "12012", "vap": "1", "pvap": "   0,01", "e": "N", "st": "Suplente"}, {"seq": "2", "n": "55888", "vap": "830", "pvap": "   8,46", "e": "S", "st": "Eleito"}, {"seq": "5", "n": "55123", "vap": "588", "pvap": "   5,99", "e": "S", "st": "Eleito"}, {"seq": "6", "n": "55555", "vap": "586", "pvap": "   5,97", "e": "S", "st": "Eleito"}, {"seq": "8", "n": "55666", "vap": "498", "pvap": "   5,08", "e": "S", "st": "Eleito"}, {"seq": "10", "n": "55222", "vap": "469", "pvap": "   4,78", "e": "N", "st": "Suplente"}, {"seq": "13", "n": "55333", "vap": "401", "pvap": "   4,09", "e": "N", "st": "Suplente"}, {"seq": "14", "n": "55111", "vap": "366", "pvap": "   3,73", "e": "N", "st": "Suplente"}, {"seq": "16", "n": "55000", "vap": "289", "pvap": "   2,95", "e": "N", "st": "Suplente"}, {"seq": "20", "n": "55999", "vap": "59", "pvap": "   0,60", "e": "N", "st": "Suplente"}, {"seq": "21", "n": "55966", "vap": "57", "pvap": "   0,58", "e": "N", "st": "Suplente"}, {"seq": "22", "n": "55444", "vap": "47", "pvap": "   0,48", "e": "N", "st": "Suplente"}, {"seq": "23", "n": "55777", "vap": "47", "pvap": "   0,48", "e": "N", "st": "Suplente"}, {"seq": "27", "n": "55550", "vap": "17", "pvap": "   0,17", "e": "N", "st": "Suplente"}]}]}