{"ele":"426","tpabr":"mu","cdabr":"00019","carper":"13","t":"1","f":"o","dt":"15/11/2020","ht":"21:45:11","dv":"s","tf":"s","v":"13","esae":"n","mnae":"","s":"74","st":"74","pst":" 100,00","snt":"0","psnt":"   0,00","si":"74","psi":" 100,00","sni":"0","psni":"   0,00","sa":"74","psa":" 100,00","sna":"0","psna":"   0,00","e":"27740","ea":"27740","pea":" 100,00","ena":"0","pena":"   0,00","esi":"27740","pesi":" 100,00","esni":"0","pesni":"   0,00","c":"19986","pc":"  72,05","a":"7754","pa":"  27,95","vscv":"0","vnom":"18227","vl":"935","pvnom":"  95,12","pvl":"   4,88","vvc":"19162","pvvc":"  95,88","vb":"376","pvb":"   1,88","tvn":"448","ptvn":"   2,24","vn":"448","pvn":" 100,00","vnt":"0","pvnt":"   0,00","vp":"0","pvp":"   0,00","vv":"19162","pvv":" 100,00","van":"0","pvan":"   0,00","vansj":"0","pvansj":"   0,00","tv":"19986","cand":[{"seq":"82","sqcand":"220000849639","n":"70777","nm":"KATIA DANIELE","cc":"AVANTE","nv":" ","e":"n","st":"Suplente","dvt":"V\u00e1lido","vap":"76","pvap":"   0,40"},{"seq":"197","sqcand":"220001252013","n":"22333","nm":"JANETE VIANA","cc":"PL","nv":" ","e":"n","st":"N\u00e3o eleito","dvt":"V\u00e1lido","vap":"16","pvap":"   0,08"},{"seq":"157","sqcand":"220000977565","n":"43010","nm":"LORO MOTOT\u00c1XI","cc":"PV","nv":" ","e":"n","st":"Suplente","dvt":"V\u00e1lido","vap":"6","pvap":"   0,03"},{"seq":"141","sqcand":"220000977062","n":"12999","nm":"JOSE TARQUILIO DE CASTRO","cc":"PDT","nv":" ","e":"n","st":"Suplente","dvt":"V\u00e1lido","vap":"13","pvap":"   0,07"},{"seq":"86","sqcand":"220000754311","n":"10020","nm":"CLARA DIAS","cc":"REPUBLICANOS","nv":" ","e":"n","st":"Suplente","dvt":"V\u00e1lido","vap":"65","pvap":"   0,34"},{"seq":"17","sqcand":"220001252026","n":"40456","nm":"ENFERMEIRO RONALDO","cc":"PSB","nv":" ","e":"n","st":"Suplente","dvt":"V\u00e1lido","vap":"261","pvap":"   1,36"},{"seq":"85","sqcand":"220000977055","n":"12333","nm":"IRMA SECY QUINTAO","cc":"PDT","nv":" ","e":"n","st":"Suplente","dvt":"V\u00e1lido","vap":"66","pvap":"   0,34"},{"seq":"201","sqcand":"220001264896","n":"17009","nm":"TATIANA PAZ","cc":"PSL","nv":" ","e":"n","st":"N\u00e3o eleito","dvt":"V\u00e1lido","vap":"7","pvap":"   0,04"},{"seq":"20","sqcand":"220000754296","n":"10123","nm":"J MARTINS","cc":"REPUBLICANOS","nv":" ","e":"n","st":"Suplente","dvt":"V\u00e1lido","vap":"244","pvap":"   1,27"},{"seq":"42","sqcand":"220001196668","n":"15169","nm":"LUDO CABE\u00c7\u00c3O","cc":"MDB","nv":" ","e":"n","st":"Suplente","dvt":"V\u00e1lido","vap":"132","pvap":"   0,69"},{"seq":"150","sqcand":"220001196672","n":"15222","nm":"NILZENE","cc":"MDB","nv":" ","e":"n","st":"Suplente","dvt":"V\u00e1lido","vap":"8","pvap":"   0,04"},{"seq":"51","sqcand":"220001252033","n":"40984","nm":"DOMICIANO CAVALCANTE","cc":"PSB","nv":" ","e":"n","st":"Suplente","dvt":"V\u00e1lido","vap":"117","pvap":"   0,61"},{"seq":"109","sqcand":"220000754304","n":"10102","nm":"FRANCINEIA","cc":"REPUBLICANOS","nv":" ","e":"n","st":"Suplente","dvt":"V\u00e1lido","vap":"39","pvap":"   0,20"},{"seq":"126","sqcand":"220000839041","n":"51222","nm":"FABIO RIBEIRO","cc":"PATRIOTA","nv":" ","e":"n","st":"Suplente","dvt":"V\u00e1lido","vap":"22","pvap":"   0,11"},{"seq":"14","sqcand":"220000754306","n":"10425","nm":"PROF LUCILA DA SER MULHER","cc":"REPUBLICANOS","nv":" ","e":"n","st":"Suplente","dvt":"V\u00e1lido","vap":"290","pvap":"   1,51"},{"seq":"73","sqcand":"220000839026","n":"51900","nm":"GERALDO","cc":"PATRIOTA","nv":" ","e":"n","st":"Suplente","dvt":"V\u00e1lido","vap":"88","pvap":"   0,46"},{"seq":"145","sqcand":"220001029927","n":"45700","nm":"FANNY TUYE VELACA","cc":"PSDB","nv":" ","e":"n","st":"Suplente","dvt":"V\u00e1lido","vap":"11","pvap":"   0,06"},{"seq":"176","sqcand":"220001157759","n":"17777","nm":"HEBER GOMES","cc":"PSL","nv":" ","e":"n","st":"N\u00e3o eleito","dvt":"V\u00e1lido","vap":"87","pvap":"   0,45"},{"seq":"28","sqcand":"220001082591","n":"19222","nm":"EDINHO SANTOS","cc":"PODE","nv":" ","e":"n","st":"Suplente","dvt":"V\u00e1lido","vap":"194","pvap":"   1,01"},{"seq":"36","sqcand":"220000977052","n":"12130","nm":"SEBASTIAO JUNIOR TIAO","cc":"PDT","nv":" ","e":"n","st":"Suplente","dvt":"V\u00e1lido","vap":"158","pvap":"   0,82"},{"seq":"184","sqcand":"220001140310","n":"13123","nm":"ANG\u00c9LICA SANTOS","cc":"PT","nv":" ","e":"n","st":"N\u00e3o eleito","dvt":"V\u00e1lido","vap":"46","pvap":"   0,24"},{"seq":"29","sqcand":"220000839032","n":"51190","nm":"GILSON TELES","cc":"PATRIOTA","nv":" ","e":"n","st":"Suplente","dvt":"V\u00e1lido","vap":"192","pvap":"   1,00"},{"seq":"198","sqcand":"220001140312","n":"13131","nm":"KLIVISON","cc":"PT","nv":" ","e":"n","st":"N\u00e3o eleito","dvt":"V\u00e1lido","vap":"14","pvap":"   0,07"},{"seq":"162","sqcand":"220001196658","n":"15333","nm":"FRANCISCO ALVES FOTOGR\u00c1FO","cc":"MDB","nv":" ","e":"n","st":"Suplente","dvt":"V\u00e1lido","vap":"4","pvap":"   0,02"},{"seq":"88","sqcand":"220000849651","n":"70147","nm":"LEILA","cc":"AVANTE","nv":" ","e":"n","st":"Suplente","dvt":"V\u00e1lido","vap":"62","pvap":"   0,32"},{"seq":"117","sqcand":"220001029931","n":"45777","nm":"RAFAEL LANCHES","cc":"PSDB","nv":" ","e":"n","st":"Suplente","dvt":"V\u00e1lido","vap":"29","pvap":"   0,15"},{"seq":"112","sqcand":"220001082596","n":"19007","nm":"DJ MASKARA","cc":"PODE","nv":" ","e":"n","st":"Suplente","dvt":"V\u00e1lido","vap":"35","pvap":"   0,18"},{"seq":"1","sqcand":"220001082581","n":"19777","nm":"PASTOR JO\u00c3O","cc":"PODE","nv":" ","e":"s","st":"Eleito","dvt":"V\u00e1lido","vap":"421","pvap":"   2,20"},{"seq":"81","sqcand":"220001082580","n":"19888","nm":"PROFESSORA SILVANA","cc":"PODE","nv":" ","e":"n","st":"Suplente","dvt":"V\u00e1lido","vap":"76","pvap":"   0,40"},{"seq":"100","sqcand":"220000849646","n":"70676","nm":"FRANCICARLOS","cc":"AVANTE","nv":" ","e":"n","st":"Suplente","dvt":"V\u00e1lido","vap":"45","pvap":"   0,23"},{"seq":"11","sqcand":"220000849648","n":"70222","nm":"DJ ALEXANDRO SANTOS","cc":"AVANTE","nv":" ","e":"s","st":"Eleito","dvt":"V\u00e1lido","vap":"231","pvap":"   1,21"},{"seq":"153","sqcand":"220000839025","n":"51333","nm":"KLEIDI","cc":"PATRIOTA","nv":" ","e":"n","st":"Suplente","dvt":"V\u00e1lido","vap":"7","pvap":"   0,04"},{"seq":"104","sqcand":"220001196677","n":"15900","nm":"RONALDO TORTO","cc":"MDB","nv":" ","e":"n","st":"Suplente","dvt":"V\u00e1lido","vap":"43","pvap":"   0,22"},{"seq":"192","sqcand":"220001252007","n":"22777","nm":"ELLEN DA ACADEMIA","cc":"PL","nv":" ","e":"n","st":"N\u00e3o eleito","dvt":"V\u00e1lido","vap":"24","pvap":"   0,13"},{"seq":"172","sqcand":"220001140577","n":"25555","nm":"ORLANDO PENHA","cc":"DEM","nv":" ","e":"n","st":"N\u00e3o eleito","dvt":"V\u00e1lido","vap":"216","pvap":"   1,13"},{"seq":"123","sqcand":"220000849642","n":"70425","nm":"GABRIEL PORUBOR\u00c1","cc":"AVANTE","nv":" ","e":"n","st":"Suplente","dvt":"V\u00e1lido","vap":"23","pvap":"   0,12"},{"seq":"79","sqcand":"220000849645","n":"70070","nm":"MARCELO VIGILANTE","cc":"AVANTE","nv":" ","e":"n","st":"Suplente","dvt":"V\u00e1lido","vap":"79","pvap":"   0,41"},{"seq":"3","sqcand":"220001252030","n":"40126","nm":"FRANCISCO ORO WARAM","cc":"PSB","nv":" ","e":"s","st":"Eleito","dvt":"V\u00e1lido","vap":"397","pvap":"   2,07"},{"seq":"186","sqcand":"220001157770","n":"17444","nm":"REGINALDO SOLDADOR","cc":"PSL","nv":" ","e":"n","st":"N\u00e3o eleito","dvt":"V\u00e1lido","vap":"36","pvap":"   0,19"},{"seq":"169","sqcand":"220001271970","n":"40425","nm":"LULU  MORAIS ","cc":"PSB","nv":" ","e":"n","st":"Suplente","dvt":"V\u00e1lido","vap":"0","pvap":"00.00"},{"seq":"187","sqcand":"220001157764","n":"17125","nm":"ALDELINA ORO NAO","cc":"PSL","nv":" ","e":"n","st":"N\u00e3o eleito","dvt":"V\u00e1lido","vap":"36","pvap":"   0,19"},{"seq":"129","sqcand":"220001261781","n":"45888","nm":"SANDRIANE","cc":"PSDB","nv":" ","e":"n","st":"Suplente","dvt":"V\u00e1lido","vap":"20","pvap":"   0,10"},{"seq":"27","sqcand":"220001196675","n":"15170","nm":"JOSIAS","cc":"MDB","nv":" ","e":"n","st":"Suplente","dvt":"V\u00e1lido","vap":"198","pvap":"   1,03"},{"seq":"164","sqcand":"220000839027","n":"51456","nm":"JOCILENE PINHEIRO","cc":"PATRIOTA","nv":" ","e":"n","st":"Suplente","dvt":"V\u00e1lido","vap":"3","pvap":"   0,02"},{"seq":"113","sqcand":"220000977070","n":"12222","nm":"MARIA ZINELSA","cc":"PDT","nv":" ","e":"n","st":"Suplente","dvt":"V\u00e1lido","vap":"35","pvap":"   0,18"},{"seq":"18","sqcand":"220001196665","n":"15111","nm":"SICS\u00da","cc":"MDB","nv":" ","e":"n","st":"Suplente","dvt":"V\u00e1lido","vap":"259","pvap":"   1,35"},{"seq":"52","sqcand":"220001196662","n":"15123","nm":"JOVITO CANDURY","cc":"MDB","nv":" ","e":"n","st":"Suplente","dvt":"V\u00e1lido","vap":"117","pvap":"   0,61"},{"seq":"2","sqcand":"220001252029","n":"40123","nm":"AUGUSTINHO FIGUEIREDO","cc":"PSB","nv":" ","e":"s","st":"Eleito","dvt":"V\u00e1lido","vap":"407","pvap":"   2,12"},{"seq":"78","sqcand":"220001252024","n":"40000","nm":"ANDRE NOBRE","cc":"PSB","nv":" ","e":"n","st":"Suplente","dvt":"V\u00e1lido","vap":"80","pvap":"   0,42"},{"seq":"122","sqcand":"220000839037","n":"51264","nm":"ANDRE ALVES","cc":"PATRIOTA","nv":" ","e":"n","st":"Suplente","dvt":"V\u00e1lido","vap":"23","pvap":"   0,12"},{"seq":"200","sqcand":"220001252009","n":"22222","nm":"PR ADALBERTO FERREIRA","cc":"PL","nv":" ","e":"n","st":"N\u00e3o eleito","dvt":"V\u00e1lido","vap":"10","pvap":"   0,05"},{"seq":"58","sqcand":"220000839042","n":"51123","nm":"MARCELO BENTES","cc":"PATRIOTA","nv":" ","e":"n","st":"Suplente","dvt":"V\u00e1lido","vap":"109","pvap":"   0,57"},{"seq":"101","sqcand":"220000977056","n":"12113","nm":"NIMON OROEU","cc":"PDT","nv":" ","e":"n","st":"Suplente","dvt":"V\u00e1lido","vap":"44","pvap":"   0,23"},{"seq":"10","sqcand":"220000839039","n":"51000","nm":"ELIAS CRISPIM","cc":"PATRIOTA","nv":" ","e":"s","st":"Eleito","dvt":"V\u00e1lido","vap":"254","pvap":"   1,33"},{"seq":"13","sqcand":"220000977559","n":"43444","nm":"RIVAN EGUEZ","cc":"PV","nv":" ","e":"s","st":"Eleito","dvt":"V\u00e1lido","vap":"195","pvap":"   1,02"},{"seq":"161","sqcand":"220000977066","n":"12000","nm":"ROSIANE TAMO SALAZAR","cc":"PDT","nv":" ","e":"n","st":"Suplente","dvt":"V\u00e1lido","vap":"5","pvap":"   0,03"},{"seq":"33","sqcand":"220001252023","n":"40444","nm":"PEREIRINHA DA DROGARIA","cc":"PSB","nv":" ","e":"n","st":"Suplente","dvt":"V\u00e1lido","vap":"172","pvap":"   0,90"},{"seq":"183","sqcand":"220001252010","n":"22444","nm":"DERY NUNES","cc":"PL","nv":" ","e":"n","st":"N\u00e3o eleito","dvt":"V\u00e1lido","vap":"51","pvap":"   0,27"},{"seq":"66","sqcand":"220001082585","n":"19900","nm":"LUCIMAR FERNANDES","cc":"PODE","nv":" ","e":"n","st":"Suplente","dvt":"V\u00e1lido","vap":"102","pvap":"   0,53"},{"seq":"57","sqcand":"220001082592","n":"19123","nm":"EDSON ORO MON","cc":"PODE","nv":" ","e":"n","st":"Suplente","dvt":"V\u00e1lido","vap":"112","pvap":"   0,58"},{"seq":"40","sqcand":"220001082594","n":"19999","nm":"DAVINO SERRATH","cc":"PODE","nv":" ","e":"n","st":"Suplente","dvt":"V\u00e1lido","vap":"147","pvap":"   0,77"},{"seq":"121","sqcand":"220000754297","n":"10223","nm":"ADRIANO CABELUDO DO JARDIM","cc":"REPUBLICANOS","nv":" ","e":"n","st":"Suplente","dvt":"V\u00e1lido","vap":"24","pvap":"   0,13"},{"seq":"21","sqcand":"220001252032","n":"40040","nm":"EDUARDO DA ASEJUR","cc":"PSB","nv":" ","e":"n","st":"Suplente","dvt":"V\u00e1lido","vap":"238","pvap":"   1,24"},{"seq":"99","sqcand":"220000977061","n":"12888","nm":"OSMARILDO PALIT\u00d3","cc":"PDT","nv":" ","e":"n","st":"Suplente","dvt":"V\u00e1lido","vap":"46","pvap":"   0,24"},{"seq":"54","sqcand":"220000977551","n":"43111","nm":"PR SEBASTI\u00c3O TELMO","cc":"PV","nv":" ","e":"n","st":"Suplente","dvt":"V\u00e1lido","vap":"116","pvap":"   0,61"},{"seq":"179","sqcand":"220001140311","n":"13113","nm":"JORGE OLIVEIRA","cc":"PT","nv":" ","e":"n","st":"N\u00e3o eleito","dvt":"V\u00e1lido","vap":"65","pvap":"   0,34"},{"seq":"25","sqcand":"220000839035","n":"51233","nm":"REINALDO  MENDEZ","cc":"PATRIOTA","nv":" ","e":"n","st":"Suplente","dvt":"V\u00e1lido","vap":"208","pvap":"   1,09"},{"seq":"107","sqcand":"220000754293","n":"10002","nm":"RAIMUNDO NONATO","cc":"REPUBLICANOS","nv":" ","e":"n","st":"Suplente","dvt":"V\u00e1lido","vap":"41","pvap":"   0,21"},{"seq":"6","sqcand":"220000754310","n":"10888","nm":"ROMERITO PEREIRA","cc":"REPUBLICANOS","nv":" ","e":"s","st":"Eleito","dvt":"V\u00e1lido","vap":"367","pvap":"   1,92"},{"seq":"105","sqcand":"220000977562","n":"43500","nm":"CLEILSON SALES","cc":"PV","nv":" ","e":"n","st":"Suplente","dvt":"V\u00e1lido","vap":"43","pvap":"   0,22"},{"seq":"8","sqcand":"220001005962","n":"20200","nm":"ROBERTINHO","cc":"PSC","nv":" ","e":"s","st":"Eleito","dvt":"V\u00e1lido","vap":"311","pvap":"   1,62"},{"seq":"77","sqcand":"220001265825","n":"70123","nm":"SANDRO MARTINZ\u00c3O","cc":"AVANTE","nv":" ","e":"n","st":"Suplente","dvt":"V\u00e1lido","vap":"80","pvap":"   0,42"},{"seq":"89","sqcand":"220000977563","n":"43333","nm":"CRISTIANO MARTINS","cc":"PV","nv":" ","e":"n","st":"Suplente","dvt":"V\u00e1lido","vap":"60","pvap":"   0,31"},{"seq":"67","sqcand":"220001082589","n":"19111","nm":"PIMENTEL","cc":"PODE","nv":" ","e":"n","st":"Suplente","dvt":"V\u00e1lido","vap":"102","pvap":"   0,53"},{"seq":"76","sqcand":"220001252034","n":"40789","nm":"LOHANNA KAWAZAKI","cc":"PSB","nv":" ","e":"n","st":"Suplente","dvt":"V\u00e1lido","vap":"84","pvap":"   0,44"},{"seq":"196","sqcand":"220001252012","n":"22000","nm":"WILFREDO","cc":"PL","nv":" ","e":"n","st":"N\u00e3o eleito","dvt":"V\u00e1lido","vap":"17","pvap":"   0,09"},{"seq":"30","sqcand":"220000977053","n":"12345","nm":"ANDR\u00c9","cc":"PDT","nv":" ","e":"n","st":"Suplente","dvt":"V\u00e1lido","vap":"187","pvap":"   0,98"},{"seq":"16","sqcand":"220001082583","n":"19000","nm":"TANI MELHEM","cc":"PODE","nv":" ","e":"n","st":"Suplente","dvt":"V\u00e1lido","vap":"262","pvap":"   1,37"},{"seq":"111","sqcand":"220000839028","n":"51555","nm":"NEGAO DA LIMPEZA","cc":"PATRIOTA","nv":" ","e":"n","st":"Suplente","dvt":"V\u00e1lido","vap":"35","pvap":"   0,18"},{"seq":"22","sqcand":"220001005967","n":"20300","nm":"IRMAO SERGIO","cc":"PSC","nv":" ","e":"n","st":"Suplente","dvt":"V\u00e1lido","vap":"237","pvap":"   1,24"},{"seq":"31","sqcand":"220000754298","n":"10333","nm":"DURLE SERRATE","cc":"REPUBLICANOS","nv":" ","e":"n","st":"Suplente","dvt":"V\u00e1lido","vap":"177","pvap":"   0,92"},{"seq":"146","sqcand":"220000849641","n":"70789","nm":"ANDR\u00c9IA SILVA","cc":"AVANTE","nv":" ","e":"n","st":"Suplente","dvt":"V\u00e1lido","vap":"10","pvap":"   0,05"},{"seq":"19","sqcand":"220000754295","n":"10000","nm":"CAPIXABA DA ACRIVALE","cc":"REPUBLICANOS","nv":" ","e":"n","st":"Suplente","dvt":"V\u00e1lido","vap":"247","pvap":"   1,29"},{"seq":"53","sqcand":"220001029934","n":"45345","nm":"NELSON ORO WARAM","cc":"PSDB","nv":" ","e":"n","st":"Suplente","dvt":"V\u00e1lido","vap":"117","pvap":"   0,61"},{"seq":"151","sqcand":"220000839033","n":"51001","nm":"GLORIA  ROCA","cc":"PATRIOTA","nv":" ","e":"n","st":"Suplente","dvt":"V\u00e1lido","vap":"8","pvap":"   0,04"},{"seq":"15","sqcand":"220001005960","n":"20111","nm":"AD\u00c3O LAIA","cc":"PSC","nv":" ","e":"n","st":"Suplente","dvt":"V\u00e1lido","vap":"275","pvap":"   1,44"},{"seq":"170","sqcand":"220001252036","n":"40333","nm":"ANNE CAROLINE","cc":"PSB","nv":" ","e":"n","st":"Suplente","dvt":"V\u00e1lido","vap":"0","pvap":"00.00"},{"seq":"41","sqcand":"220001082588","n":"19444","nm":"RICARDINHO","cc":"PODE","nv":" ","e":"n","st":"Suplente","dvt":"V\u00e1lido","vap":"138","pvap":"   0,72"},{"seq":"103","sqcand":"220000839034","n":"51422","nm":"VALTER BATISTA","cc":"PATRIOTA","nv":" ","e":"n","st":"Suplente","dvt":"V\u00e1lido","vap":"43","pvap":"   0,22"},{"seq":"23","sqcand":"220000839036","n":"51234","nm":"BARROSAO","cc":"PATRIOTA","nv":" ","e":"n","st":"Suplente","dvt":"V\u00e1lido","vap":"220","pvap":"   1,15"},{"seq":"106","sqcand":"220001029928","n":"45600","nm":"EDILEUZA DO BOI","cc":"PSDB","nv":" ","e":"n","st":"Suplente","dvt":"V\u00e1lido","vap":"42","pvap":"   0,22"},{"seq":"94","sqcand":"220001196671","n":"15800","nm":"MANOEL ROLEIRO","cc":"MDB","nv":" ","e":"n","st":"Suplente","dvt":"V\u00e1lido","vap":"54","pvap":"   0,28"},{"seq":"148","sqcand":"220000977557","n":"43443","nm":"COWBOY APAIXONADO","cc":"PV","nv":" ","e":"n","st":"Suplente","dvt":"V\u00e1lido","vap":"9","pvap":"   0,05"},{"seq":"63","sqcand":"220000849650","n":"70000","nm":"EDER MARREIROS","cc":"AVANTE","nv":" ","e":"n","st":"Suplente","dvt":"V\u00e1lido","vap":"107","pvap":"   0,56"},{"seq":"65","sqcand":"220001005964","n":"20456","nm":"IRMAO ROBERTO DE SA","cc":"PSC","nv":" ","e":"n","st":"Suplente","dvt":"V\u00e1lido","vap":"102","pvap":"   0,53"},{"seq":"173","sqcand":"220001157760","n":"17177","nm":"ANGEL ANDRADE","cc":"PSL","nv":" ","e":"n","st":"N\u00e3o eleito","dvt":"V\u00e1lido","vap":"135","pvap":"   0,70"},{"seq":"43","sqcand":"220000977556","n":"43888","nm":"ODAIR CARNEIRO","cc":"PV","nv":" ","e":"n","st":"Suplente","dvt":"V\u00e1lido","vap":"131","pvap":"   0,68"},{"seq":"24","sqcand":"220001029935","n":"45400","nm":"ABRAO ORO NAO","cc":"PSDB","nv":" ","e":"n","st":"Suplente","dvt":"V\u00e1lido","vap":"211","pvap":"   1,10"},{"seq":"147","sqcand":"220000849644","n":"70888","nm":"HELENA DO SANTA LUZIA","cc":"AVANTE","nv":" ","e":"n","st":"Suplente","dvt":"V\u00e1lido","vap":"9","pvap":"   0,05"},{"seq":"12","sqcand":"220000977060","n":"12369","nm":"KERLING BRITO","cc":"PDT","nv":" ","e":"s","st":"Eleito","dvt":"V\u00e1lido","vap":"208","pvap":"   1,09"},{"seq":"160","sqcand":"220000977564","n":"43414","nm":"MIRIAN","cc":"PV","nv":" ","e":"n","st":"Suplente","dvt":"V\u00e1lido","vap":"5","pvap":"   0,03"},{"seq":"47","sqcand":"220001196659","n":"15000","nm":"ALDIR","cc":"MDB","nv":" ","e":"n","st":"Suplente","dvt":"V\u00e1lido","vap":"123","pvap":"   0,64"},{"seq":"69","sqcand":"220000839044","n":"51369","nm":"ROGERIO CHAPA","cc":"PATRIOTA","nv":" ","e":"n","st":"Suplente","dvt":"V\u00e1lido","vap":"95","pvap":"   0,50"},{"seq":"163","sqcand":"220001271430","n":"15999","nm":"ALESSANDRA DURAN","cc":"MDB","nv":" ","e":"n","st":"Suplente","dvt":"V\u00e1lido","vap":"4","pvap":"   0,02"},{"seq":"44","sqcand":"220001005963","n":"20234","nm":"AGEU FERNANDES  DELLIS","cc":"PSC","nv":" ","e":"n","st":"Suplente","dvt":"V\u00e1lido","vap":"130","pvap":"   0,68"},{"seq":"68","sqcand":"220000839030","n":"51777","nm":"XERXES ANDRADE O REI DA PERSIA","cc":"PATRIOTA","nv":" ","e":"n","st":"Suplente","dvt":"V\u00e1lido","vap":"97","pvap":"   0,51"},{"seq":"154","sqcand":"220001005961","n":"20777","nm":"OLIVIA DUARTE","cc":"PSC","nv":" ","e":"n","st":"Suplente","dvt":"V\u00e1lido","vap":"7","pvap":"   0,04"},{"seq":"72","sqcand":"220000977064","n":"12678","nm":"EDMILSON GOMES MOTOBOY","cc":"PDT","nv":" ","e":"n","st":"Suplente","dvt":"V\u00e1lido","vap":"89","pvap":"   0,46"},{"seq":"32","sqcand":"220000849653","n":"70111","nm":"SALOM\u00c3O","cc":"AVANTE","nv":" ","e":"n","st":"Suplente","dvt":"V\u00e1lido","vap":"173","pvap":"   0,90"},{"seq":"182","sqcand":"220001157768","n":"17555","nm":"PROF JO\u00c3O MONTEIRO","cc":"PSL","nv":" ","e":"n","st":"N\u00e3o eleito","dvt":"V\u00e1lido","vap":"51","pvap":"   0,27"},{"seq":"56","sqcand":"220000839040","n":"51111","nm":"ALBETISA","cc":"PATRIOTA","nv":" ","e":"n","st":"Suplente","dvt":"V\u00e1lido","vap":"113","pvap":"   0,59"},{"seq":"191","sqcand":"220001157761","n":"17190","nm":"E PENHA JR","cc":"PSL","nv":" ","e":"n","st":"N\u00e3o eleito","dvt":"V\u00e1lido","vap":"29","pvap":"   0,15"},{"seq":"133","sqcand":"220001082595","n":"19555","nm":"BAIXINHO DAS MANILHAS","cc":"PODE","nv":" ","e":"n","st":"Suplente","dvt":"V\u00e1lido","vap":"16","pvap":"   0,08"},{"seq":"166","sqcand":"220001196663","n":"15678","nm":"TATIANA","cc":"MDB","nv":" ","e":"n","st":"Suplente","dvt":"V\u00e1lido","vap":"3","pvap":"   0,02"},{"seq":"114","sqcand":"220000977560","n":"43666","nm":"MILENE PAES","cc":"PV","nv":" ","e":"n","st":"Suplente","dvt":"V\u00e1lido","vap":"35","pvap":"   0,18"},{"seq":"158","sqcand":"220001261779","n":"45555","nm":"JORGE SKAU","cc":"PSDB","nv":" ","e":"n","st":"Suplente","dvt":"V\u00e1lido","vap":"5","pvap":"   0,03"},{"seq":"185","sqcand":"220001140582","n":"25456","nm":"NEIA ARAUJO","cc":"DEM","nv":" ","e":"n","st":"N\u00e3o eleito","dvt":"V\u00e1lido","vap":"40","pvap":"   0,21"},{"seq":"174","sqcand":"220001157763","n":"17111","nm":"MARCIA DO TEKILA","cc":"PSL","nv":" ","e":"n","st":"N\u00e3o eleito","dvt":"V\u00e1lido","vap":"95","pvap":"   0,50"},{"seq":"87","sqcand":"220001005966","n":"20123","nm":"JOSUE BOCAO","cc":"PSC","nv":" ","e":"n","st":"Suplente","dvt":"V\u00e1lido","vap":"62","pvap":"   0,32"},{"seq":"75","sqcand":"220001005958","n":"20222","nm":"IRMAO FABIO MENDES","cc":"PSC","nv":" ","e":"n","st":"Suplente","dvt":"V\u00e1lido","vap":"84","pvap":"   0,44"},{"seq":"110","sqcand":"220001005957","n":"20888","nm":"FRANCISCA","cc":"PSC","nv":" ","e":"n","st":"Suplente","dvt":"V\u00e1lido","vap":"37","pvap":"   0,19"},{"seq":"90","sqcand":"220001029936","n":"45500","nm":"SALOMAO ORO NAO","cc":"PSDB","nv":" ","e":"n","st":"Suplente","dvt":"V\u00e1lido","vap":"59","pvap":"   0,31"},{"seq":"144","sqcand":"220001196661","n":"15600","nm":"DOUTOR JORGE MONTEIRO","cc":"MDB","nv":" ","e":"n","st":"Suplente","dvt":"V\u00e1lido","vap":"11","pvap":"   0,06"},{"seq":"55","sqcand":"220000754301","n":"10222","nm":"JO\u00c3O TEIXEIRA","cc":"REPUBLICANOS","nv":" ","e":"n","st":"Suplente","dvt":"V\u00e1lido","vap":"115","pvap":"   0,60"},{"seq":"96","sqcand":"220000977063","n":"12007","nm":"LAURO","cc":"PDT","nv":" ","e":"n","st":"Suplente","dvt":"V\u00e1lido","vap":"50","pvap":"   0,26"},{"seq":"138","sqcand":"220000977069","n":"12456","nm":"GIGLIENE","cc":"PDT","nv":" ","e":"n","st":"Suplente","dvt":"V\u00e1lido","vap":"14","pvap":"   0,07"},{"seq":"83","sqcand":"220000754302","n":"10999","nm":"PAUL\u00c3O DA AMBUL\u00c2NCIA","cc":"REPUBLICANOS","nv":" ","e":"n","st":"Suplente","dvt":"V\u00e1lido","vap":"73","pvap":"   0,38"},{"seq":"193","sqcand":"220001252011","n":"22122","nm":"GIGLIANE","cc":"PL","nv":" ","e":"n","st":"N\u00e3o eleito","dvt":"V\u00e1lido","vap":"24","pvap":"   0,13"},{"seq":"189","sqcand":"220001157766","n":"17000","nm":"F\u00c1BIO DA S\u00c3O GABRIEL","cc":"PSL","nv":" ","e":"n","st":"N\u00e3o eleito","dvt":"V\u00e1lido","vap":"32","pvap":"   0,17"},{"seq":"165","sqcand":"220001196670","n":"15400","nm":"JOELMA","cc":"MDB","nv":" ","e":"n","st":"Suplente","dvt":"V\u00e1lido","vap":"3","pvap":"   0,02"},{"seq":"188","sqcand":"220001157767","n":"17222","nm":"FLAVIANO DO PORTAL GUAJAR\u00c1","cc":"PSL","nv":" ","e":"n","st":"N\u00e3o eleito","dvt":"V\u00e1lido","vap":"34","pvap":"   0,18"},{"seq":"64","sqcand":"220001082582","n":"19456","nm":"ROSIANE MOURA","cc":"PODE","nv":" ","e":"n","st":"Suplente","dvt":"V\u00e1lido","vap":"104","pvap":"   0,54"},{"seq":"74","sqcand":"220000754305","n":"10460","nm":"HERB\u00c3O","cc":"REPUBLICANOS","nv":" ","e":"n","st":"Suplente","dvt":"V\u00e1lido","vap":"88","pvap":"   0,46"},{"seq":"156","sqcand":"220001252028","n":"40222","nm":"DIANA JABUTI","cc":"PSB","nv":" ","e":"n","st":"Suplente","dvt":"V\u00e1lido","vap":"7","pvap":"   0,04"},{"seq":"60","sqcand":"220001082586","n":"19666","nm":"MOROTIN CANO\u00c9","cc":"PODE","nv":" ","e":"n","st":"Suplente","dvt":"V\u00e1lido","vap":"109","pvap":"   0,57"},{"seq":"84","sqcand":"220001005965","n":"20555","nm":"SGT CLEB","cc":"PSC","nv":" ","e":"n","st":"Suplente","dvt":"V\u00e1lido","vap":"67","pvap":"   0,35"},{"seq":"38","sqcand":"220000977552","n":"43033","nm":"SGT C\u00cdCERO","cc":"PV","nv":" ","e":"n","st":"Suplente","dvt":"V\u00e1lido","vap":"153","pvap":"   0,80"},{"seq":"159","sqcand":"220000839043","n":"51789","nm":"MARIA  JACYRLANE","cc":"PATRIOTA","nv":" ","e":"n","st":"Suplente","dvt":"V\u00e1lido","vap":"5","pvap":"   0,03"},{"seq":"118","sqcand":"220000977068","n":"12012","nm":"LETRINHA","cc":"PDT","nv":" ","e":"n","st":"Suplente","dvt":"V\u00e1lido","vap":"29","pvap":"   0,15"},{"seq":"48","sqcand":"220000977054","n":"12121","nm":"ALEXANDRE CARVAJAL PACHANGA","cc":"PDT","nv":" ","e":"n","st":"Suplente","dvt":"V\u00e1lido","vap":"120","pvap":"   0,63"},{"seq":"26","sqcand":"220000754300","n":"10012","nm":"PASTORA INGLISMARA","cc":"REPUBLICANOS","nv":" ","e":"n","st":"Suplente","dvt":"V\u00e1lido","vap":"205","pvap":"   1,07"},{"seq":"119","sqcand":"220000977058","n":"12100","nm":"SILMARA PIMENTEL","cc":"PDT","nv":" ","e":"n","st":"Suplente","dvt":"V\u00e1lido","vap":"29","pvap":"   0,15"},{"seq":"175","sqcand":"220001157762","n":"17333","nm":"EDSON DOR\u00d3","cc":"PSL","nv":" ","e":"n","st":"N\u00e3o eleito","dvt":"V\u00e1lido","vap":"94","pvap":"   0,49"},{"seq":"167","sqcand":"220001029926","n":"45900","nm":"SANDRA LUCIA COELHO","cc":"PSDB","nv":" ","e":"n","st":"Suplente","dvt":"V\u00e1lido","vap":"1","pvap":"   0,01"},{"seq":"134","sqcand":"220000754303","n":"10456","nm":"FRANCISCO GUTIERREZ","cc":"REPUBLICANOS","nv":" ","e":"n","st":"Suplente","dvt":"V\u00e1lido","vap":"15","pvap":"   0,08"},{"seq":"50","sqcand":"220000977059","n":"12235","nm":"BENJAMIN ORO NAO","cc":"PDT","nv":" ","e":"n","st":"Suplente","dvt":"V\u00e1lido","vap":"118","pvap":"   0,62"},{"seq":"181","sqcand":"220001157758","n":"17007","nm":"JOK","cc":"PSL","nv":" ","e":"n","st":"N\u00e3o eleito","dvt":"V\u00e1lido","vap":"56","pvap":"   0,29"},{"seq":"92","sqcand":"220001082584","n":"19789","nm":"LUDO","cc":"PODE","nv":" ","e":"n","st":"Suplente","dvt":"V\u00e1lido","vap":"56","pvap":"   0,29"},{"seq":"61","sqcand":"220000977067","n":"12123","nm":"VALDO FREIRE","cc":"PDT","nv":" ","e":"n","st":"Suplente","dvt":"V\u00e1lido","vap":"108","pvap":"   0,56"},{"seq":"93","sqcand":"220001082590","n":"19191","nm":"ROSANE SILVA","cc":"PODE","nv":" ","e":"n","st":"Suplente","dvt":"V\u00e1lido","vap":"56","pvap":"   0,29"},{"seq":"4","sqcand":"220001082597","n":"19121","nm":"ALEXANDRE  MELO","cc":"PODE","nv":" ","e":"s","st":"Eleito","dvt":"V\u00e1lido","vap":"395","pvap":"   2,06"},{"seq":"177","sqcand":"220001140576","n":"25800","nm":"DAGOBERTO","cc":"DEM","nv":" ","e":"n","st":"N\u00e3o eleito","dvt":"V\u00e1lido","vap":"79","pvap":"   0,41"},{"seq":"97","sqcand":"220000977566","n":"43222","nm":"VALNETE FERNANDES","cc":"PV","nv":" ","e":"n","st":"Suplente","dvt":"V\u00e1lido","vap":"50","pvap":"   0,26"},{"seq":"46","sqcand":"220000754307","n":"10121","nm":"MAURIC\u00c9LIO CORR\u00caA","cc":"REPUBLICANOS","nv":" ","e":"n","st":"Suplente","dvt":"V\u00e1lido","vap":"124","pvap":"   0,65"},{"seq":"139","sqcand":"220001005955","n":"20333","nm":"MAGNOLIA","cc":"PSC","nv":" ","e":"n","st":"Suplente","dvt":"V\u00e1lido","vap":"13","pvap":"   0,07"},{"seq":"155","sqcand":"220001252027","n":"40999","nm":"MAKLIN MESQUISTA","cc":"PSB","nv":" ","e":"n","st":"Suplente","dvt":"V\u00e1lido","vap":"7","pvap":"   0,04"},{"seq":"203","sqcand":"220001265693","n":"22800","nm":"RA\u00cd","cc":"PL","nv":" ","e":"n","st":"N\u00e3o eleito","dvt":"V\u00e1lido","vap":"2","pvap":"   0,01"},{"seq":"125","sqcand":"220001029937","n":"45234","nm":"CL\u00c1UDIO PAES","cc":"PSDB","nv":" ","e":"n","st":"Suplente","dvt":"V\u00e1lido","vap":"22","pvap":"   0,11"},{"seq":"199","sqcand":"220001140313","n":"13613","nm":"RAIMUNDO CHAVE DE OURO","cc":"PT","nv":" ","e":"n","st":"N\u00e3o eleito","dvt":"V\u00e1lido","vap":"12","pvap":"   0,06"},{"seq":"171","sqcand":"220001140575","n":"25222","nm":"CORDELIA SANTANA","cc":"DEM","nv":" ","e":"n","st":"N\u00e3o eleito","dvt":"V\u00e1lido","vap":"240","pvap":"   1,25"},{"seq":"80","sqcand":"220000754294","n":"10133","nm":"LUCINEIDE VIRIATO","cc":"REPUBLICANOS","nv":" ","e":"n","st":"Suplente","dvt":"V\u00e1lido","vap":"78","pvap":"   0,41"},{"seq":"124","sqcand":"220000977554","n":"43123","nm":"GERALDINA BONECA","cc":"PV","nv":" ","e":"n","st":"Suplente","dvt":"V\u00e1lido","vap":"22","pvap":"   0,11"},{"seq":"62","sqcand":"220001082593","n":"19333","nm":"MARMIT\u00c3O","cc":"PODE","nv":" ","e":"n","st":"Suplente","dvt":"V\u00e1lido","vap":"107","pvap":"   0,56"},{"seq":"135","sqcand":"220001029929","n":"45666","nm":"ROM\u00c1RIO DO F\u00c1TIMA","cc":"PSDB","nv":" ","e":"n","st":"Suplente","dvt":"V\u00e1lido","vap":"15","pvap":"   0,08"},{"seq":"132","sqcand":"220001267888","n":"12777","nm":"PR. FRANCISCO","cc":"PDT","nv":" ","e":"n","st":"Suplente","dvt":"V\u00e1lido","vap":"17","pvap":"   0,09"},{"seq":"120","sqcand":"220001005959","n":"20700","nm":"IVANE MENDES","cc":"PSC","nv":" ","e":"n","st":"Suplente","dvt":"V\u00e1lido","vap":"24","pvap":"   0,13"},{"seq":"136","sqcand":"220000977567","n":"43473","nm":"MAUR\u00c3O DA EMPADA","cc":"PV","nv":" ","e":"n","st":"Suplente","dvt":"V\u00e1lido","vap":"15","pvap":"   0,08"},{"seq":"180","sqcand":"220001157765","n":"17456","nm":"MAIONES","cc":"PSL","nv":" ","e":"n","st":"N\u00e3o eleito","dvt":"V\u00e1lido","vap":"63","pvap":"   0,33"},{"seq":"168","sqcand":"220000839038","n":"51444","nm":"DORA VARGAS","cc":"PATRIOTA","nv":" ","e":"n","st":"Suplente","dvt":"V\u00e1lido","vap":"0","pvap":"00.00"},{"seq":"91","sqcand":"220001196674","n":"15055","nm":"ROBINSON NEG\u00c3O","cc":"MDB","nv":" ","e":"n","st":"Suplente","dvt":"V\u00e1lido","vap":"56","pvap":"   0,29"},{"seq":"137","sqcand":"220000849643","n":"70444","nm":"JONSON BARBOSA","cc":"AVANTE","nv":" ","e":"n","st":"Suplente","dvt":"V\u00e1lido","vap":"14","pvap":"   0,07"},{"seq":"102","sqcand":"220000977051","n":"12444","nm":"RAIMUNDO","cc":"PDT","nv":" ","e":"n","st":"Suplente","dvt":"V\u00e1lido","vap":"43","pvap":"   0,22"},{"seq":"190","sqcand":"220001140583","n":"25255","nm":"ILDAIR","cc":"DEM","nv":" ","e":"n","st":"N\u00e3o eleito","dvt":"V\u00e1lido","vap":"32","pvap":"   0,17"},{"seq":"7","sqcand":"220001196673","n":"15151","nm":"MARIO CESAR","cc":"MDB","nv":" ","e":"s","st":"Eleito","dvt":"V\u00e1lido","vap":"335","pvap":"   1,75"},{"seq":"140","sqcand":"220001252025","n":"40111","nm":"WALNIR FONTINELE","cc":"PSB","nv":" ","e":"n","st":"Suplente","dvt":"V\u00e1lido","vap":"13","pvap":"   0,07"},{"seq":"5","sqcand":"220000754309","n":"10111","nm":"RAIMUNDO BARROSO","cc":"REPUBLICANOS","nv":" ","e":"s","st":"Eleito","dvt":"V\u00e1lido","vap":"371","pvap":"   1,94"},{"seq":"149","sqcand":"220000977555","n":"43555","nm":"DAIANE MENDES","cc":"PV","nv":" ","e":"n","st":"Suplente","dvt":"V\u00e1lido","vap":"9","pvap":"   0,05"},{"seq":"195","sqcand":"220001140581","n":"25777","nm":"ANDREIA MUGRAVE","cc":"DEM","nv":" ","e":"n","st":"N\u00e3o eleito","dvt":"V\u00e1lido","vap":"18","pvap":"   0,09"},{"seq":"39","sqcand":"220000839029","n":"51051","nm":"DELEGADO MILTON SANTANA","cc":"PATRIOTA","nv":" ","e":"n","st":"Suplente","dvt":"V\u00e1lido","vap":"150","pvap":"   0,78"},{"seq":"34","sqcand":"220001196667","n":"15115","nm":"GILMAR ORO NAO","cc":"MDB","nv":" ","e":"n","st":"Suplente","dvt":"V\u00e1lido","vap":"169","pvap":"   0,88"},{"seq":"130","sqcand":"220000977558","n":"43007","nm":"JO\u00c3O GUINHO","cc":"PV","nv":" ","e":"n","st":"Suplente","dvt":"V\u00e1lido","vap":"19","pvap":"   0,10"},{"seq":"9","sqcand":"220001029930","n":"45200","nm":"WEM CACAMI CAO OROWAJE ","cc":"PSDB","nv":" ","e":"s","st":"Eleito","dvt":"V\u00e1lido","vap":"294","pvap":"   1,53"},{"seq":"95","sqcand":"220001196664","n":"15555","nm":"GABY","cc":"MDB","nv":" ","e":"n","st":"Suplente","dvt":"V\u00e1lido","vap":"54","pvap":"   0,28"},{"seq":"59","sqcand":"220000849647","n":"70456","nm":"PROFESSORA ROSILENE CASARA","cc":"AVANTE","nv":" ","e":"n","st":"Suplente","dvt":"V\u00e1lido","vap":"109","pvap":"   0,57"},{"seq":"70","sqcand":"220001029938","n":"45455","nm":"JOS\u00c9 DEIR","cc":"PSDB","nv":" ","e":"n","st":"Suplente","dvt":"V\u00e1lido","vap":"91","pvap":"   0,47"},{"seq":"71","sqcand":"220001082587","n":"19190","nm":"ASSUNTA CASTEDO","cc":"PODE","nv":" ","e":"n","st":"Suplente","dvt":"V\u00e1lido","vap":"90","pvap":"   0,47"},{"seq":"116","sqcand":"220001196669","n":"15700","nm":"SADI ORO WARAM","cc":"MDB","nv":" ","e":"n","st":"Suplente","dvt":"V\u00e1lido","vap":"33","pvap":"   0,17"},{"seq":"115","sqcand":"220000839031","n":"51003","nm":"ADJACI NOGUEIRA","cc":"PATRIOTA","nv":" ","e":"n","st":"Suplente","dvt":"V\u00e1lido","vap":"34","pvap":"   0,18"},{"seq":"202","sqcand":"220001140580","n":"25111","nm":"EDILENE GOMES","cc":"DEM","nv":" ","e":"n","st":"N\u00e3o eleito","dvt":"V\u00e1lido","vap":"6","pvap":"   0,03"},{"seq":"128","sqcand":"220000849649","n":"70007","nm":"HEITE BRASIL","cc":"AVANTE","nv":" ","e":"n","st":"Suplente","dvt":"V\u00e1lido","vap":"20","pvap":"   0,10"},{"seq":"142","sqcand":"220000977561","n":"43999","nm":"SANDRA","cc":"PV","nv":" ","e":"n","st":"Suplente","dvt":"V\u00e1lido","vap":"13","pvap":"   0,07"},{"seq":"131","sqcand":"220001196666","n":"15100","nm":"INGRID","cc":"MDB","nv":" ","e":"n","st":"Suplente","dvt":"V\u00e1lido","vap":"19","pvap":"   0,10"},{"seq":"194","sqcand":"220001140314","n":"13444","nm":"PROFA F\u00c1TIMA FRAZ\u00c3O","cc":"PT","nv":" ","e":"n","st":"N\u00e3o eleito","dvt":"V\u00e1lido","vap":"22","pvap":"   0,11"},{"seq":"35","sqcand":"220000977568","n":"43000","nm":"WILLYAMS PHD","cc":"PV","nv":" ","e":"n","st":"Suplente","dvt":"V\u00e1lido","vap":"168","pvap":"   0,88"},{"seq":"45","sqcand":"220000977553","n":"43456","nm":"FELIPINHO","cc":"PV","nv":" ","e":"n","st":"Suplente","dvt":"V\u00e1lido","vap":"127","pvap":"   0,66"},{"seq":"127","sqcand":"220000754299","n":"10103","nm":"FRANCISCA DA PAZ","cc":"REPUBLICANOS","nv":" ","e":"n","st":"Suplente","dvt":"V\u00e1lido","vap":"20","pvap":"   0,10"},{"seq":"108","sqcand":"220000977057","n":"12366","nm":"LEIDIANE CORREA","cc":"PDT","nv":" ","e":"n","st":"Suplente","dvt":"V\u00e1lido","vap":"40","pvap":"   0,21"},{"seq":"37","sqcand":"220000849640","n":"70555","nm":"EDIVALDO DO JARDIM","cc":"AVANTE","nv":" ","e":"n","st":"Suplente","dvt":"V\u00e1lido","vap":"155","pvap":"   0,81"},{"seq":"49","sqcand":"220001261780","n":"45222","nm":"TIAO CONTADOR","cc":"PSDB","nv":" ","e":"n","st":"Suplente","dvt":"V\u00e1lido","vap":"118","pvap":"   0,62"},{"seq":"98","sqcand":"220001005956","n":"20789","nm":"RONALDO RIBEIRO","cc":"PSC","nv":" ","e":"n","st":"Suplente","dvt":"V\u00e1lido","vap":"49","pvap":"   0,26"},{"seq":"152","sqcand":"220000977550","n":"43332","nm":"EDMILSON CARA DE JACA","cc":"PV","nv":" ","e":"n","st":"Suplente","dvt":"V\u00e1lido","vap":"7","pvap":"   0,04"},{"seq":"178","sqcand":"220001140574","n":"25123","nm":"ISAAC CARRERINHA","cc":"DEM","nv":" ","e":"n","st":"N\u00e3o eleito","dvt":"V\u00e1lido","vap":"78","pvap":"   0,41"},{"seq":"143","sqcand":"220001029932","n":"45100","nm":"ESTEFANY RIBEIRO ROSSEL","cc":"PSDB","nv":" ","e":"n","st":"Suplente","dvt":"V\u00e1lido","vap":"13","pvap":"   0,07"}]}
