{"ele":"426","tpabr":"mu","cdabr":"00116","carper":"13","t":"1","f":"o","dt":"15/11/2020","ht":"21:07:34","dv":"s","tf":"s","v":"10","esae":"n","mnae":"","s":"71","st":"71","pst":" 100,00","snt":"0","psnt":"   0,00","si":"71","psi":" 100,00","sni":"0","psni":"   0,00","sa":"71","psa":" 100,00","sna":"0","psna":"   0,00","e":"25416","ea":"25416","pea":" 100,00","ena":"0","pena":"   0,00","esi":"25416","pesi":" 100,00","esni":"0","pesni":"   0,00","c":"18219","pc":"  71,68","a":"7197","pa":"  28,32","vscv":"0","vnom":"15963","vl":"741","pvnom":"  95,56","pvl":"   4,44","vvc":"16704","pvvc":"  91,68","vb":"741","pvb":"   4,07","tvn":"774","ptvn":"   4,25","vn":"774","pvn":" 100,00","vnt":"0","pvnt":"   0,00","vp":"0","pvp":"   0,00","vv":"16704","pvv":" 100,00","van":"0","pvan":"   0,00","vansj":"0","pvansj":"   0,00","tv":"18219","cand":[{"seq":"71","sqcand":"220000927471","n":"40400","nm":"LUANA SAVIA","cc":"PSB","nv":" ","e":"n","st":"Suplente","dvt":"V\u00e1lido","vap":"24","pvap":"   0,14"},{"seq":"37","sqcand":"220000851209","n":"12555","nm":"MANO DA LOJA ANA JULIA","cc":"PDT","nv":" ","e":"n","st":"Suplente","dvt":"V\u00e1lido","vap":"151","pvap":"   0,90"},{"seq":"4","sqcand":"220000771652","n":"25999","nm":"SERGIO TOBIAS SERJAO","cc":"DEM","nv":" ","e":"s","st":"Eleito","dvt":"V\u00e1lido","vap":"532","pvap":"   3,18"},{"seq":"35","sqcand":"220000653189","n":"11500","nm":"ISMAEL ALVES","cc":"PP","nv":" ","e":"n","st":"Suplente","dvt":"V\u00e1lido","vap":"167","pvap":"   1,00"},{"seq":"82","sqcand":"220000685344","n":"13133","nm":"TI\u00c3O A\u00c7OUGUEIRO","cc":"PT","nv":" ","e":"n","st":"N\u00e3o eleito","dvt":"V\u00e1lido","vap":"77","pvap":"   0,46"},{"seq":"84","sqcand":"220000685350","n":"13733","nm":"ANALICE DO SINDICATO","cc":"PT","nv":" ","e":"n","st":"N\u00e3o eleito","dvt":"V\u00e1lido","vap":"42","pvap":"   0,25"},{"seq":"85","sqcand":"220000685343","n":"13111","nm":"JO\u00c3O DO SINDICATO","cc":"PT","nv":" ","e":"n","st":"N\u00e3o eleito","dvt":"V\u00e1lido","vap":"38","pvap":"   0,23"},{"seq":"30","sqcand":"220000851420","n":"33140","nm":"JONAS DA AMERICA","cc":"PMN","nv":" ","e":"n","st":"Suplente","dvt":"V\u00e1lido","vap":"194","pvap":"   1,16"},{"seq":"34","sqcand":"220000851426","n":"33111","nm":"JO\u00c3O DO AR","cc":"PMN","nv":" ","e":"n","st":"Suplente","dvt":"V\u00e1lido","vap":"177","pvap":"   1,06"},{"seq":"83","sqcand":"220000927248","n":"10333","nm":"EMERSON PASTEL","cc":"REPUBLICANOS","nv":" ","e":"n","st":"N\u00e3o eleito","dvt":"V\u00e1lido","vap":"77","pvap":"   0,46"},{"seq":"68","sqcand":"220000986320","n":"14800","nm":"LENI MUNIZ","cc":"PTB","nv":" ","e":"n","st":"Suplente","dvt":"V\u00e1lido","vap":"34","pvap":"   0,20"},{"seq":"90","sqcand":"220000927245","n":"10110","nm":"REGINA CRUZ","cc":"REPUBLICANOS","nv":" ","e":"n","st":"N\u00e3o eleito","dvt":"V\u00e1lido","vap":"8","pvap":"   0,05"},{"seq":"63","sqcand":"220000653187","n":"11000","nm":"RODRIGO TAKAHASHI","cc":"PP","nv":" ","e":"n","st":"Suplente","dvt":"V\u00e1lido","vap":"42","pvap":"   0,25"},{"seq":"50","sqcand":"220000986322","n":"14555","nm":"GENINHO","cc":"PTB","nv":" ","e":"n","st":"Suplente","dvt":"V\u00e1lido","vap":"97","pvap":"   0,58"},{"seq":"59","sqcand":"220000927475","n":"40100","nm":"FABIO GOMES","cc":"PSB","nv":" ","e":"n","st":"Suplente","dvt":"V\u00e1lido","vap":"55","pvap":"   0,33"},{"seq":"40","sqcand":"220000851427","n":"33190","nm":"COYOTE","cc":"PMN","nv":" ","e":"n","st":"Suplente","dvt":"V\u00e1lido","vap":"145","pvap":"   0,87"},{"seq":"54","sqcand":"220000653193","n":"11123","nm":"MARISA SOARES WENDT","cc":"PP","nv":" ","e":"n","st":"Suplente","dvt":"V\u00e1lido","vap":"70","pvap":"   0,42"},{"seq":"65","sqcand":"220000851210","n":"12444","nm":"LOCUTOR ANTONIO SIMOES","cc":"PDT","nv":" ","e":"n","st":"Suplente","dvt":"V\u00e1lido","vap":"38","pvap":"   0,23"},{"seq":"8","sqcand":"220000851468","n":"51000","nm":"OZIEL ALMEIDA","cc":"PATRIOTA","nv":" ","e":"s","st":"Eleito","dvt":"V\u00e1lido","vap":"361","pvap":"   2,16"},{"seq":"52","sqcand":"220000927466","n":"40333","nm":"PEDRA","cc":"PSB","nv":" ","e":"n","st":"Suplente","dvt":"V\u00e1lido","vap":"84","pvap":"   0,50"},{"seq":"79","sqcand":"220000927247","n":"10222","nm":"PARDAL DA SAUDE","cc":"REPUBLICANOS","nv":" ","e":"n","st":"N\u00e3o eleito","dvt":"V\u00e1lido","vap":"110","pvap":"   0,66"},{"seq":"69","sqcand":"220000851422","n":"33144","nm":"PROFESSORA ELIZA","cc":"PMN","nv":" ","e":"n","st":"Suplente","dvt":"V\u00e1lido","vap":"28","pvap":"   0,17"},{"seq":"77","sqcand":"220000927246","n":"10123","nm":"ANDR\u00c9IA DA FARM\u00c1CIA KAMOMILA","cc":"REPUBLICANOS","nv":" ","e":"n","st":"N\u00e3o eleito","dvt":"V\u00e1lido","vap":"638","pvap":"   3,82"},{"seq":"53","sqcand":"220000851423","n":"33300","nm":"AMANDA BRANCO","cc":"PMN","nv":" ","e":"n","st":"Suplente","dvt":"V\u00e1lido","vap":"73","pvap":"   0,44"},{"seq":"48","sqcand":"220000771645","n":"25300","nm":"PROFESSOR ADAO ADRIANO","cc":"DEM","nv":" ","e":"n","st":"Suplente","dvt":"V\u00e1lido","vap":"100","pvap":"   0,60"},{"seq":"56","sqcand":"220000851215","n":"12101","nm":"SIMONE DO SANTOS","cc":"PDT","nv":" ","e":"n","st":"Suplente","dvt":"V\u00e1lido","vap":"64","pvap":"   0,38"},{"seq":"20","sqcand":"220000851428","n":"33000","nm":"POMBINHO","cc":"PMN","nv":" ","e":"n","st":"Suplente","dvt":"V\u00e1lido","vap":"268","pvap":"   1,60"},{"seq":"70","sqcand":"220000653190","n":"11011","nm":"ADRIANA DO BELA VISTA","cc":"PP","nv":" ","e":"n","st":"Suplente","dvt":"V\u00e1lido","vap":"24","pvap":"   0,14"},{"seq":"11","sqcand":"220000927477","n":"40000","nm":"SANDRO TUCA","cc":"PSB","nv":" ","e":"n","st":"Suplente","dvt":"V\u00e1lido","vap":"461","pvap":"   2,76"},{"seq":"17","sqcand":"220000653192","n":"11125","nm":"DINA DA MADERON","cc":"PP","nv":" ","e":"n","st":"Suplente","dvt":"V\u00e1lido","vap":"309","pvap":"   1,85"},{"seq":"67","sqcand":"220000851208","n":"12111","nm":"ANA MENDES","cc":"PDT","nv":" ","e":"n","st":"Suplente","dvt":"V\u00e1lido","vap":"35","pvap":"   0,21"},{"seq":"21","sqcand":"220000851421","n":"33500","nm":"PAULINHO DO FERRO VELHO","cc":"PMN","nv":" ","e":"n","st":"Suplente","dvt":"V\u00e1lido","vap":"247","pvap":"   1,48"},{"seq":"2","sqcand":"220000986323","n":"14000","nm":"MARCELO STOCCO","cc":"PTB","nv":" ","e":"s","st":"Eleito","dvt":"V\u00e1lido","vap":"592","pvap":"   3,54"},{"seq":"81","sqcand":"220000927243","n":"10122","nm":"SIMONE LEMES","cc":"REPUBLICANOS","nv":" ","e":"n","st":"N\u00e3o eleito","dvt":"V\u00e1lido","vap":"88","pvap":"   0,53"},{"seq":"60","sqcand":"220000771649","n":"25222","nm":"EVA MOTO TAXI","cc":"DEM","nv":" ","e":"n","st":"Suplente","dvt":"V\u00e1lido","vap":"48","pvap":"   0,29"},{"seq":"1","sqcand":"220000851467","n":"51123","nm":"RAFAEL DE PAULA","cc":"PATRIOTA","nv":" ","e":"s","st":"Eleito","dvt":"V\u00e1lido","vap":"729","pvap":"   4,36"},{"seq":"27","sqcand":"220000771656","n":"25193","nm":"ANDERSON AFONSO","cc":"DEM","nv":" ","e":"n","st":"Suplente","dvt":"V\u00e1lido","vap":"212","pvap":"   1,27"},{"seq":"28","sqcand":"220000927474","n":"40555","nm":"JORDANA FERREIRA","cc":"PSB","nv":" ","e":"n","st":"Suplente","dvt":"V\u00e1lido","vap":"211","pvap":"   1,26"},{"seq":"6","sqcand":"220000653188","n":"11111","nm":"S\u00d3STENES SILVA","cc":"PP","nv":" ","e":"s","st":"Eleito","dvt":"V\u00e1lido","vap":"463","pvap":"   2,77"},{"seq":"10","sqcand":"220000851424","n":"33333","nm":"JUNINHO COELHO","cc":"PMN","nv":" ","e":"s","st":"Eleito","dvt":"V\u00e1lido","vap":"276","pvap":"   1,65"},{"seq":"23","sqcand":"220000851464","n":"51222","nm":"ROSANGELA OLIVEIRA","cc":"PATRIOTA","nv":" ","e":"n","st":"Suplente","dvt":"V\u00e1lido","vap":"237","pvap":"   1,42"},{"seq":"39","sqcand":"220000771657","n":"25333","nm":"PROFESSOR FABIO","cc":"DEM","nv":" ","e":"n","st":"Suplente","dvt":"V\u00e1lido","vap":"145","pvap":"   0,87"},{"seq":"32","sqcand":"220000927476","n":"40140","nm":"CLAUDIO ROCHA","cc":"PSB","nv":" ","e":"n","st":"Suplente","dvt":"V\u00e1lido","vap":"187","pvap":"   1,12"},{"seq":"36","sqcand":"220000851425","n":"33123","nm":"ORLANDO BIF\u00c3O","cc":"PMN","nv":" ","e":"n","st":"Suplente","dvt":"V\u00e1lido","vap":"153","pvap":"   0,92"},{"seq":"44","sqcand":"220000986326","n":"14114","nm":"ROGERIO ALMEIDA","cc":"PTB","nv":" ","e":"n","st":"Suplente","dvt":"V\u00e1lido","vap":"118","pvap":"   0,71"},{"seq":"26","sqcand":"220000851431","n":"33451","nm":"ELIVELTON DUTRA","cc":"PMN","nv":" ","e":"n","st":"Suplente","dvt":"V\u00e1lido","vap":"224","pvap":"   1,34"},{"seq":"18","sqcand":"220000771648","n":"25444","nm":"MARCOS BUENO","cc":"DEM","nv":" ","e":"n","st":"Suplente","dvt":"V\u00e1lido","vap":"303","pvap":"   1,81"},{"seq":"24","sqcand":"220000927470","n":"40123","nm":"JOSE DO EGITO","cc":"PSB","nv":" ","e":"n","st":"Suplente","dvt":"V\u00e1lido","vap":"233","pvap":"   1,39"},{"seq":"9","sqcand":"220000851429","n":"33912","nm":"SIDNEI NEG\u00c3O","cc":"PMN","nv":" ","e":"s","st":"Eleito","dvt":"V\u00e1lido","vap":"289","pvap":"   1,73"},{"seq":"3","sqcand":"220000927472","n":"40222","nm":"ALVARO DEBONI","cc":"PSB","nv":" ","e":"s","st":"Eleito","dvt":"V\u00e1lido","vap":"580","pvap":"   3,47"},{"seq":"29","sqcand":"220000851430","n":"33555","nm":"LIDIANE","cc":"PMN","nv":" ","e":"n","st":"Suplente","dvt":"V\u00e1lido","vap":"206","pvap":"   1,23"},{"seq":"22","sqcand":"220000851465","n":"51111","nm":"TIZIU","cc":"PATRIOTA","nv":" ","e":"n","st":"Suplente","dvt":"V\u00e1lido","vap":"237","pvap":"   1,42"},{"seq":"66","sqcand":"220000986324","n":"14145","nm":"ANTONIO SALITO","cc":"PTB","nv":" ","e":"n","st":"Suplente","dvt":"V\u00e1lido","vap":"38","pvap":"   0,23"},{"seq":"7","sqcand":"220000851206","n":"12125","nm":"VICENTE PINHEIRO","cc":"PDT","nv":" ","e":"s","st":"Eleito","dvt":"V\u00e1lido","vap":"457","pvap":"   2,74"},{"seq":"13","sqcand":"220000851211","n":"12123","nm":"JOSIEL LE\u00c3O","cc":"PDT","nv":" ","e":"n","st":"Suplente","dvt":"V\u00e1lido","vap":"369","pvap":"   2,21"},{"seq":"15","sqcand":"220000851469","n":"51051","nm":"PROFESSORA ANA PAULA","cc":"PATRIOTA","nv":" ","e":"n","st":"Suplente","dvt":"V\u00e1lido","vap":"326","pvap":"   1,95"},{"seq":"12","sqcand":"220000986318","n":"14123","nm":"SIDNEI DA PLANALTO","cc":"PTB","nv":" ","e":"n","st":"Suplente","dvt":"V\u00e1lido","vap":"435","pvap":"   2,60"},{"seq":"88","sqcand":"220000927242","n":"10234","nm":"AMARILDO DA CA\u00c7AMBA","cc":"REPUBLICANOS","nv":" ","e":"n","st":"N\u00e3o eleito","dvt":"V\u00e1lido","vap":"23","pvap":"   0,14"},{"seq":"19","sqcand":"220000986319","n":"14140","nm":"PAULO DANONE","cc":"PTB","nv":" ","e":"n","st":"Suplente","dvt":"V\u00e1lido","vap":"280","pvap":"   1,68"},{"seq":"46","sqcand":"220000653186","n":"11110","nm":"RICARDO DA DIS\u00c1GUA","cc":"PP","nv":" ","e":"n","st":"Suplente","dvt":"V\u00e1lido","vap":"105","pvap":"   0,63"},{"seq":"72","sqcand":"220000771644","n":"25000","nm":"PROFESSORA ELIZETI","cc":"DEM","nv":" ","e":"n","st":"Suplente","dvt":"V\u00e1lido","vap":"18","pvap":"   0,11"},{"seq":"74","sqcand":"220000927469","n":"40789","nm":"IVONE SILVA","cc":"PSB","nv":" ","e":"n","st":"Suplente","dvt":"V\u00e1lido","vap":"14","pvap":"   0,08"},{"seq":"16","sqcand":"220000771655","n":"25555","nm":"SIMONI BATISTA","cc":"DEM","nv":" ","e":"n","st":"Suplente","dvt":"V\u00e1lido","vap":"316","pvap":"   1,89"},{"seq":"45","sqcand":"220000851207","n":"12100","nm":"GOIABINHA BOIADEIRO","cc":"PDT","nv":" ","e":"n","st":"Suplente","dvt":"V\u00e1lido","vap":"117","pvap":"   0,70"},{"seq":"42","sqcand":"220000771658","n":"25123","nm":"ENFERMEIRA ANTONIA","cc":"DEM","nv":" ","e":"n","st":"Suplente","dvt":"V\u00e1lido","vap":"140","pvap":"   0,84"},{"seq":"43","sqcand":"220000851214","n":"12222","nm":"LUCAS GALV\u00c3O","cc":"PDT","nv":" ","e":"n","st":"Suplente","dvt":"V\u00e1lido","vap":"125","pvap":"   0,75"},{"seq":"33","sqcand":"220000771651","n":"25110","nm":"CARLAO DO CAIPIRAO","cc":"DEM","nv":" ","e":"n","st":"Suplente","dvt":"V\u00e1lido","vap":"181","pvap":"   1,08"},{"seq":"49","sqcand":"220000771647","n":"25140","nm":"CIDAO PEDREIRO","cc":"DEM","nv":" ","e":"n","st":"Suplente","dvt":"V\u00e1lido","vap":"99","pvap":"   0,59"},{"seq":"25","sqcand":"220000851471","n":"51010","nm":"INES NERY","cc":"PATRIOTA","nv":" ","e":"n","st":"Suplente","dvt":"V\u00e1lido","vap":"232","pvap":"   1,39"},{"seq":"80","sqcand":"220000685348","n":"13451","nm":"PROF  ILDO BENCK","cc":"PT","nv":" ","e":"n","st":"N\u00e3o eleito","dvt":"V\u00e1lido","vap":"110","pvap":"   0,66"},{"seq":"55","sqcand":"220000927467","n":"40444","nm":"MARCOS MOTO TAXI","cc":"PSB","nv":" ","e":"n","st":"Suplente","dvt":"V\u00e1lido","vap":"66","pvap":"   0,40"},{"seq":"64","sqcand":"220000851472","n":"51127","nm":"ASSISTENTE SOCIAL VALDETE","cc":"PATRIOTA","nv":" ","e":"n","st":"Suplente","dvt":"V\u00e1lido","vap":"39","pvap":"   0,23"},{"seq":"62","sqcand":"220001269608","n":"12140","nm":"LUCINEI ANDREATO PEREIRA","cc":"PDT","nv":" ","e":"n","st":"Suplente","dvt":"V\u00e1lido","vap":"44","pvap":"   0,26"},{"seq":"76","sqcand":"220000986327","n":"14900","nm":"LILI DO SALAO","cc":"PTB","nv":" ","e":"n","st":"Suplente","dvt":"V\u00e1lido","vap":"4","pvap":"   0,02"},{"seq":"31","sqcand":"220000851466","n":"51555","nm":"MARCELO PORTELLA","cc":"PATRIOTA","nv":" ","e":"n","st":"Suplente","dvt":"V\u00e1lido","vap":"194","pvap":"   1,16"},{"seq":"78","sqcand":"220000685347","n":"13700","nm":"CIDA DO PT","cc":"PT","nv":" ","e":"n","st":"N\u00e3o eleito","dvt":"V\u00e1lido","vap":"365","pvap":"   2,19"},{"seq":"47","sqcand":"220000771646","n":"25111","nm":"NILTON MONTEIRO","cc":"DEM","nv":" ","e":"n","st":"Suplente","dvt":"V\u00e1lido","vap":"101","pvap":"   0,60"},{"seq":"5","sqcand":"220000771653","n":"25888","nm":"CASSIO RIBEIRO","cc":"DEM","nv":" ","e":"s","st":"Eleito","dvt":"V\u00e1lido","vap":"476","pvap":"   2,85"},{"seq":"61","sqcand":"220001270091","n":"14444","nm":"LUCAS NUNES","cc":"PTB","nv":" ","e":"n","st":"Suplente","dvt":"V\u00e1lido","vap":"45","pvap":"   0,27"},{"seq":"89","sqcand":"220000685346","n":"13113","nm":"MARCOS SILVA","cc":"PT","nv":" ","e":"n","st":"N\u00e3o eleito","dvt":"V\u00e1lido","vap":"14","pvap":"   0,08"},{"seq":"73","sqcand":"220000986325","n":"14122","nm":"EUNICE VITOR","cc":"PTB","nv":" ","e":"n","st":"Suplente","dvt":"V\u00e1lido","vap":"18","pvap":"   0,11"},{"seq":"86","sqcand":"220000685345","n":"13222","nm":"BETH","cc":"PT","nv":" ","e":"n","st":"N\u00e3o eleito","dvt":"V\u00e1lido","vap":"31","pvap":"   0,19"},{"seq":"75","sqcand":"220000851212","n":"12112","nm":"SAMELLA RAMALHO","cc":"PDT","nv":" ","e":"n","st":"Suplente","dvt":"V\u00e1lido","vap":"14","pvap":"   0,08"},{"seq":"41","sqcand":"220000851473","n":"51234","nm":"DIEGO BOCAGE","cc":"PATRIOTA","nv":" ","e":"n","st":"Suplente","dvt":"V\u00e1lido","vap":"141","pvap":"   0,84"},{"seq":"57","sqcand":"220000653191","n":"11222","nm":"PASTOR AMARILDO","cc":"PP","nv":" ","e":"n","st":"Suplente","dvt":"V\u00e1lido","vap":"62","pvap":"   0,37"},{"seq":"58","sqcand":"220000927473","n":"40111","nm":"DENILSON MARCILIO","cc":"PSB","nv":" ","e":"n","st":"Suplente","dvt":"V\u00e1lido","vap":"56","pvap":"   0,34"},{"seq":"51","sqcand":"220000771650","n":"25190","nm":"EDILEUSA BELMIRO","cc":"DEM","nv":" ","e":"n","st":"Suplente","dvt":"V\u00e1lido","vap":"88","pvap":"   0,53"},{"seq":"87","sqcand":"220000927244","n":"10111","nm":"JHONE DA JR UNIFORMES","cc":"REPUBLICANOS","nv":" ","e":"n","st":"N\u00e3o eleito","dvt":"V\u00e1lido","vap":"24","pvap":"   0,14"},{"seq":"14","sqcand":"220000771654","n":"25500","nm":"FABIO TIZIU","cc":"DEM","nv":" ","e":"n","st":"Suplente","dvt":"V\u00e1lido","vap":"347","pvap":"   2,08"},{"seq":"38","sqcand":"220000851470","n":"51020","nm":"NILZOMBERTO LEITE","cc":"PATRIOTA","nv":" ","e":"n","st":"Suplente","dvt":"V\u00e1lido","vap":"148","pvap":"   0,89"}]}
