{"ele":"426","tpabr":"mu","cdabr":"00191","carper":"13","t":"1","f":"o","dt":"15/11/2020","ht":"21:13:09","dv":"s","tf":"s","v":"9","esae":"n","mnae":"","s":"41","st":"41","pst":" 100,00","snt":"0","psnt":"   0,00","si":"41","psi":" 100,00","sni":"0","psni":"   0,00","sa":"41","psa":" 100,00","sna":"0","psna":"   0,00","e":"15389","ea":"15389","pea":" 100,00","ena":"0","pena":"   0,00","esi":"15389","pesi":" 100,00","esni":"0","pesni":"   0,00","c":"11257","pc":"  73,15","a":"4132","pa":"  26,85","vscv":"0","vnom":"10067","vl":"613","pvnom":"  94,26","pvl":"   5,74","vvc":"10680","pvvc":"  94,87","vb":"276","pvb":"   2,46","tvn":"301","ptvn":"   2,67","vn":"301","pvn":" 100,00","vnt":"0","pvnt":"   0,00","vp":"0","pvp":"   0,00","vv":"10680","pvv":" 100,00","van":"0","pvan":"   0,00","vansj":"0","pvansj":"   0,00","tv":"11257","cand":[{"seq":"74","sqcand":"220001110483","n":"19789","nm":"MARCIANO VANNUCCHI","cc":"PODE","nv":" ","e":"n","st":"N\u00e3o eleito","dvt":"V\u00e1lido","vap":"54","pvap":"   0,51"},{"seq":"2","sqcand":"220001056558","n":"13000","nm":"MATILDE DO ASSENTAMENTO","cc":"PT","nv":" ","e":"s","st":"Eleito","dvt":"V\u00e1lido","vap":"481","pvap":"   4,50"},{"seq":"14","sqcand":"220000861476","n":"15000","nm":"ZEZINHO DO ESTRELA","cc":"MDB","nv":" ","e":"n","st":"Suplente","dvt":"V\u00e1lido","vap":"223","pvap":"   2,09"},{"seq":"3","sqcand":"220001057826","n":"45678","nm":"BIA DO ASSENTAMENTO","cc":"PSDB","nv":" ","e":"s","st":"Eleito","dvt":"V\u00e1lido","vap":"413","pvap":"   3,87"},{"seq":"35","sqcand":"220001057825","n":"45555","nm":"SANDRA MANETTI","cc":"PSDB","nv":" ","e":"n","st":"Suplente","dvt":"V\u00e1lido","vap":"58","pvap":"   0,54"},{"seq":"31","sqcand":"220001138093","n":"55369","nm":"PETEZINHO DA VILA CAMARGO","cc":"PSD","nv":" ","e":"n","st":"Suplente","dvt":"V\u00e1lido","vap":"63","pvap":"   0,59"},{"seq":"48","sqcand":"220000927214","n":"17177","nm":"PROFESSOR WALTER PEREIRA","cc":"PSL","nv":" ","e":"n","st":"Suplente","dvt":"V\u00e1lido","vap":"28","pvap":"   0,26"},{"seq":"66","sqcand":"220001110486","n":"19999","nm":"WEVERTON BUIU","cc":"PODE","nv":" ","e":"n","st":"N\u00e3o eleito","dvt":"V\u00e1lido","vap":"96","pvap":"   0,90"},{"seq":"6","sqcand":"220001057832","n":"45364","nm":"MARLON VICENTE","cc":"PSDB","nv":" ","e":"s","st":"Eleito","dvt":"V\u00e1lido","vap":"325","pvap":"   3,04"},{"seq":"62","sqcand":"220001056835","n":"90123","nm":"MOIS\u00c9S LIBERATO","cc":"PROS","nv":" ","e":"n","st":"N\u00e3o eleito","dvt":"V\u00e1lido","vap":"148","pvap":"   1,39"},{"seq":"8","sqcand":"220000927202","n":"17000","nm":"JURACI DA CENTO E QUATORZE","cc":"PSL","nv":" ","e":"s","st":"Eleito","dvt":"V\u00e1lido","vap":"289","pvap":"   2,71"},{"seq":"77","sqcand":"220001110482","n":"19456","nm":"GISELE ALVES","cc":"PODE","nv":" ","e":"n","st":"N\u00e3o eleito","dvt":"V\u00e1lido","vap":"34","pvap":"   0,32"},{"seq":"83","sqcand":"220000801450","n":"40444","nm":"JAIR CORREIA","cc":"PSB","nv":" ","e":"n","st":"N\u00e3o eleito","dvt":"V\u00e1lido","vap":"12","pvap":"   0,11"},{"seq":"11","sqcand":"220000861475","n":"15123","nm":"Z\u00c9 PRETIN","cc":"MDB","nv":" ","e":"n","st":"Suplente","dvt":"V\u00e1lido","vap":"283","pvap":"   2,65"},{"seq":"13","sqcand":"220001057823","n":"45136","nm":"Z\u00c9 DO TOM\u00c9","cc":"PSDB","nv":" ","e":"n","st":"Suplente","dvt":"V\u00e1lido","vap":"272","pvap":"   2,55"},{"seq":"25","sqcand":"220000861469","n":"15555","nm":"IRM\u00c3 DEIR","cc":"MDB","nv":" ","e":"n","st":"Suplente","dvt":"V\u00e1lido","vap":"112","pvap":"   1,05"},{"seq":"28","sqcand":"220001056555","n":"13444","nm":"AMAURILIO DE JESUS","cc":"PT","nv":" ","e":"n","st":"Suplente","dvt":"V\u00e1lido","vap":"79","pvap":"   0,74"},{"seq":"42","sqcand":"220000861473","n":"15321","nm":"PROFESSOR WALDIR","cc":"MDB","nv":" ","e":"n","st":"Suplente","dvt":"V\u00e1lido","vap":"40","pvap":"   0,37"},{"seq":"80","sqcand":"220000801455","n":"40222","nm":"DONA EVA","cc":"PSB","nv":" ","e":"n","st":"N\u00e3o eleito","dvt":"V\u00e1lido","vap":"30","pvap":"   0,28"},{"seq":"27","sqcand":"220001138102","n":"55190","nm":"ANTONIO PARAIBOY","cc":"PSD","nv":" ","e":"n","st":"Suplente","dvt":"V\u00e1lido","vap":"103","pvap":"   0,96"},{"seq":"43","sqcand":"220001138099","n":"55111","nm":"DENES CLEIT","cc":"PSD","nv":" ","e":"n","st":"Suplente","dvt":"V\u00e1lido","vap":"39","pvap":"   0,37"},{"seq":"54","sqcand":"220000927205","n":"17160","nm":"LUCY RODRIGUES","cc":"PSL","nv":" ","e":"n","st":"Suplente","dvt":"V\u00e1lido","vap":"19","pvap":"   0,18"},{"seq":"84","sqcand":"220001110479","n":"19333","nm":"MARIA DO SOCORRO","cc":"PODE","nv":" ","e":"n","st":"N\u00e3o eleito","dvt":"V\u00e1lido","vap":"8","pvap":"   0,07"},{"seq":"32","sqcand":"220001138098","n":"55566","nm":"NEIVA LIMA","cc":"PSD","nv":" ","e":"n","st":"Suplente","dvt":"V\u00e1lido","vap":"62","pvap":"   0,58"},{"seq":"61","sqcand":"220000801453","n":"40111","nm":"EURANDI DO POSTO","cc":"PSB","nv":" ","e":"n","st":"N\u00e3o eleito","dvt":"V\u00e1lido","vap":"158","pvap":"   1,48"},{"seq":"75","sqcand":"220001056838","n":"90364","nm":"PAULO ANDRE","cc":"PROS","nv":" ","e":"n","st":"N\u00e3o eleito","dvt":"V\u00e1lido","vap":"51","pvap":"   0,48"},{"seq":"53","sqcand":"220001138097","n":"55000","nm":"ELIAS MARQUES","cc":"PSD","nv":" ","e":"n","st":"Suplente","dvt":"V\u00e1lido","vap":"20","pvap":"   0,19"},{"seq":"71","sqcand":"220001110484","n":"19222","nm":"SOLANGE DOS SANTOS","cc":"PODE","nv":" ","e":"n","st":"N\u00e3o eleito","dvt":"V\u00e1lido","vap":"70","pvap":"   0,66"},{"seq":"44","sqcand":"220001138101","n":"55123","nm":"MAYRA BARROS","cc":"PSD","nv":" ","e":"n","st":"Suplente","dvt":"V\u00e1lido","vap":"39","pvap":"   0,37"},{"seq":"79","sqcand":"220001056834","n":"90151","nm":"DANILA","cc":"PROS","nv":" ","e":"n","st":"N\u00e3o eleito","dvt":"V\u00e1lido","vap":"32","pvap":"   0,30"},{"seq":"5","sqcand":"220000861478","n":"15999","nm":"ALESSANDRO MARTINS","cc":"MDB","nv":" ","e":"s","st":"Eleito","dvt":"V\u00e1lido","vap":"351","pvap":"   3,29"},{"seq":"45","sqcand":"220000861470","n":"15222","nm":"MARIA DO SONINHO DO RIACHUELO","cc":"MDB","nv":" ","e":"n","st":"Suplente","dvt":"V\u00e1lido","vap":"38","pvap":"   0,36"},{"seq":"65","sqcand":"220001226717","n":"12224","nm":"VALTINHO MAZINI","cc":"PDT","nv":" ","e":"n","st":"N\u00e3o eleito","dvt":"V\u00e1lido","vap":"97","pvap":"   0,91"},{"seq":"47","sqcand":"220001138090","n":"55456","nm":"LUCINHA","cc":"PSD","nv":" ","e":"n","st":"Suplente","dvt":"V\u00e1lido","vap":"28","pvap":"   0,26"},{"seq":"24","sqcand":"220000927203","n":"17123","nm":"SERGINHO DAR\u00d3S","cc":"PSL","nv":" ","e":"n","st":"Suplente","dvt":"V\u00e1lido","vap":"115","pvap":"   1,08"},{"seq":"30","sqcand":"220000861481","n":"15234","nm":"TERRA SECA","cc":"MDB","nv":" ","e":"n","st":"Suplente","dvt":"V\u00e1lido","vap":"75","pvap":"   0,70"},{"seq":"58","sqcand":"220001226711","n":"12000","nm":"GILMAR ANTUNES","cc":"PDT","nv":" ","e":"n","st":"N\u00e3o eleito","dvt":"V\u00e1lido","vap":"269","pvap":"   2,52"},{"seq":"69","sqcand":"220001226714","n":"12345","nm":"VIVI DO PET SHOP","cc":"PDT","nv":" ","e":"n","st":"N\u00e3o eleito","dvt":"V\u00e1lido","vap":"82","pvap":"   0,77"},{"seq":"49","sqcand":"220000927207","n":"17222","nm":"CELIANE PAULA","cc":"PSL","nv":" ","e":"n","st":"Suplente","dvt":"V\u00e1lido","vap":"28","pvap":"   0,26"},{"seq":"15","sqcand":"220001056556","n":"13111","nm":"LOURIVAL","cc":"PT","nv":" ","e":"n","st":"Suplente","dvt":"V\u00e1lido","vap":"217","pvap":"   2,03"},{"seq":"85","sqcand":"220001056837","n":"90111","nm":"TATIANE OLIVEIRA","cc":"PROS","nv":" ","e":"n","st":"N\u00e3o eleito","dvt":"V\u00e1lido","vap":"7","pvap":"   0,07"},{"seq":"41","sqcand":"220001266541","n":"15111","nm":"CLEBER ANTUNES","cc":"MDB","nv":" ","e":"n","st":"Suplente","dvt":"V\u00e1lido","vap":"41","pvap":"   0,38"},{"seq":"26","sqcand":"220000927211","n":"17023","nm":"JAIR PARAB\u00d3LICAS","cc":"PSL","nv":" ","e":"n","st":"Suplente","dvt":"V\u00e1lido","vap":"106","pvap":"   0,99"},{"seq":"4","sqcand":"220001057829","n":"45200","nm":"BENITO DO ESTRELA","cc":"PSDB","nv":" ","e":"s","st":"Eleito","dvt":"V\u00e1lido","vap":"386","pvap":"   3,61"},{"seq":"9","sqcand":"220001138094","n":"55789","nm":"CARRARA","cc":"PSD","nv":" ","e":"s","st":"Eleito","dvt":"V\u00e1lido","vap":"210","pvap":"   1,97"},{"seq":"63","sqcand":"220001226715","n":"12123","nm":"ANDERSON PANTOJA","cc":"PDT","nv":" ","e":"n","st":"N\u00e3o eleito","dvt":"V\u00e1lido","vap":"124","pvap":"   1,16"},{"seq":"33","sqcand":"220000927204","n":"17128","nm":"NELSON DA ELETR\u00d4NICA","cc":"PSL","nv":" ","e":"n","st":"Suplente","dvt":"V\u00e1lido","vap":"61","pvap":"   0,57"},{"seq":"38","sqcand":"220001138089","n":"55555","nm":"DONIZETE DA CA\u00c7A E PESCA","cc":"PSD","nv":" ","e":"n","st":"Suplente","dvt":"V\u00e1lido","vap":"49","pvap":"   0,46"},{"seq":"46","sqcand":"220000927213","n":"17111","nm":"GIBA DA INFORM\u00c1TICA","cc":"PSL","nv":" ","e":"n","st":"Suplente","dvt":"V\u00e1lido","vap":"35","pvap":"   0,33"},{"seq":"29","sqcand":"220001057828","n":"45045","nm":"IVONE SANT ANNA","cc":"PSDB","nv":" ","e":"n","st":"Suplente","dvt":"V\u00e1lido","vap":"76","pvap":"   0,71"},{"seq":"57","sqcand":"220000861471","n":"15333","nm":"ZEZA","cc":"MDB","nv":" ","e":"n","st":"Suplente","dvt":"V\u00e1lido","vap":"8","pvap":"   0,07"},{"seq":"64","sqcand":"220001110480","n":"19019","nm":"CARLINHOS DE JESUS","cc":"PODE","nv":" ","e":"n","st":"N\u00e3o eleito","dvt":"V\u00e1lido","vap":"106","pvap":"   0,99"},{"seq":"60","sqcand":"220000801452","n":"40555","nm":"MARQUIANO VIZONE","cc":"PSB","nv":" ","e":"n","st":"N\u00e3o eleito","dvt":"V\u00e1lido","vap":"189","pvap":"   1,77"},{"seq":"17","sqcand":"220001138092","n":"55222","nm":"PROFESSOR OSVALDO","cc":"PSD","nv":" ","e":"n","st":"Suplente","dvt":"V\u00e1lido","vap":"183","pvap":"   1,71"},{"seq":"68","sqcand":"220001056831","n":"90222","nm":"ROSENILDO     O ROSA","cc":"PROS","nv":" ","e":"n","st":"N\u00e3o eleito","dvt":"V\u00e1lido","vap":"94","pvap":"   0,88"},{"seq":"23","sqcand":"220000861474","n":"15678","nm":"OLIVAN DA QUARTA LINHA","cc":"MDB","nv":" ","e":"n","st":"Suplente","dvt":"V\u00e1lido","vap":"118","pvap":"   1,10"},{"seq":"50","sqcand":"220001057822","n":"45345","nm":"ROBERTO COSTA","cc":"PSDB","nv":" ","e":"n","st":"Suplente","dvt":"V\u00e1lido","vap":"27","pvap":"   0,25"},{"seq":"72","sqcand":"220001110485","n":"19123","nm":"GEORGE TAYLOR","cc":"PODE","nv":" ","e":"n","st":"N\u00e3o eleito","dvt":"V\u00e1lido","vap":"68","pvap":"   0,64"},{"seq":"55","sqcand":"220001057835","n":"45000","nm":"TIC\u00c3O","cc":"PSDB","nv":" ","e":"n","st":"Suplente","dvt":"V\u00e1lido","vap":"19","pvap":"   0,18"},{"seq":"16","sqcand":"220000927208","n":"17777","nm":"NETY DO BNH","cc":"PSL","nv":" ","e":"n","st":"Suplente","dvt":"V\u00e1lido","vap":"206","pvap":"   1,93"},{"seq":"1","sqcand":"220001057830","n":"45789","nm":"LEI DO RIACHUELO","cc":"PSDB","nv":" ","e":"s","st":"Eleito","dvt":"V\u00e1lido","vap":"548","pvap":"   5,13"},{"seq":"56","sqcand":"220000861468","n":"15777","nm":"PASTORA HELENA","cc":"MDB","nv":" ","e":"n","st":"Suplente","dvt":"V\u00e1lido","vap":"17","pvap":"   0,16"},{"seq":"51","sqcand":"220001138100","n":"55333","nm":"MARCIA CORVELLO","cc":"PSD","nv":" ","e":"n","st":"Suplente","dvt":"V\u00e1lido","vap":"25","pvap":"   0,23"},{"seq":"37","sqcand":"220000927212","n":"17456","nm":"MARCOS DA CENTO E QUATORZE","cc":"PSL","nv":" ","e":"n","st":"Suplente","dvt":"V\u00e1lido","vap":"57","pvap":"   0,53"},{"seq":"86","sqcand":"220001242379","n":"28123","nm":"DJ KLAUDHER","cc":"PRTB","nv":" ","e":"n","st":"N\u00e3o eleito","dvt":"V\u00e1lido","vap":"1","pvap":"   0,01"},{"seq":"52","sqcand":"220000927206","n":"17125","nm":"MAYARA SANTOS","cc":"PSL","nv":" ","e":"n","st":"Suplente","dvt":"V\u00e1lido","vap":"24","pvap":"   0,22"},{"seq":"70","sqcand":"220001056833","n":"90118","nm":"REGINALDO SATELIS","cc":"PROS","nv":" ","e":"n","st":"N\u00e3o eleito","dvt":"V\u00e1lido","vap":"79","pvap":"   0,74"},{"seq":"76","sqcand":"220001110481","n":"19190","nm":"DIVINO BENTO","cc":"PODE","nv":" ","e":"n","st":"N\u00e3o eleito","dvt":"V\u00e1lido","vap":"48","pvap":"   0,45"},{"seq":"36","sqcand":"220001138091","n":"55145","nm":"RENO DO ESPORTE","cc":"PSD","nv":" ","e":"n","st":"Suplente","dvt":"V\u00e1lido","vap":"58","pvap":"   0,54"},{"seq":"7","sqcand":"220000861480","n":"15789","nm":"PROFESSOR AILTON","cc":"MDB","nv":" ","e":"s","st":"Eleito","dvt":"V\u00e1lido","vap":"314","pvap":"   2,94"},{"seq":"21","sqcand":"220000927209","n":"17444","nm":"Z\u00c9 CARLOS PIPOQUEIRO","cc":"PSL","nv":" ","e":"n","st":"Suplente","dvt":"V\u00e1lido","vap":"126","pvap":"   1,18"},{"seq":"73","sqcand":"220001056832","n":"90333","nm":"MARCONDES RAMALHO","cc":"PROS","nv":" ","e":"n","st":"N\u00e3o eleito","dvt":"V\u00e1lido","vap":"67","pvap":"   0,63"},{"seq":"18","sqcand":"220001057831","n":"45145","nm":"DIANA ALENCAR","cc":"PSDB","nv":" ","e":"n","st":"Suplente","dvt":"V\u00e1lido","vap":"161","pvap":"   1,51"},{"seq":"78","sqcand":"220000801451","n":"40333","nm":"TATA DO SAL\u00c3O","cc":"PSB","nv":" ","e":"n","st":"N\u00e3o eleito","dvt":"V\u00e1lido","vap":"33","pvap":"   0,31"},{"seq":"82","sqcand":"220001056836","n":"90215","nm":"EDILEUZA CABRAL","cc":"PROS","nv":" ","e":"n","st":"N\u00e3o eleito","dvt":"V\u00e1lido","vap":"13","pvap":"   0,12"},{"seq":"19","sqcand":"220001057833","n":"45456","nm":"CAMILA LUANA","cc":"PSDB","nv":" ","e":"n","st":"Suplente","dvt":"V\u00e1lido","vap":"148","pvap":"   1,39"},{"seq":"39","sqcand":"220000861479","n":"15220","nm":"LEILA KRAUZE DA TERCEIRA LINHA","cc":"MDB","nv":" ","e":"n","st":"Suplente","dvt":"V\u00e1lido","vap":"47","pvap":"   0,44"},{"seq":"10","sqcand":"220001057834","n":"45369","nm":"HAILTON ARTIAGA","cc":"PSDB","nv":" ","e":"n","st":"Suplente","dvt":"V\u00e1lido","vap":"311","pvap":"   2,91"},{"seq":"67","sqcand":"220001226712","n":"12444","nm":"PROFESSOR LUIZ CARLOS","cc":"PDT","nv":" ","e":"n","st":"N\u00e3o eleito","dvt":"V\u00e1lido","vap":"95","pvap":"   0,89"},{"seq":"87","sqcand":"220001242378","n":"28000","nm":"JO\u00c3O GUILHERME","cc":"PRTB","nv":" ","e":"n","st":"N\u00e3o eleito","dvt":"V\u00e1lido","vap":"0","pvap":"00.00"},{"seq":"22","sqcand":"220001057827","n":"45234","nm":"TOIN DA M\u00c1QUINA","cc":"PSDB","nv":" ","e":"n","st":"Suplente","dvt":"V\u00e1lido","vap":"124","pvap":"   1,16"},{"seq":"40","sqcand":"220001138095","n":"55444","nm":"DA COSTA","cc":"PSD","nv":" ","e":"n","st":"Suplente","dvt":"V\u00e1lido","vap":"44","pvap":"   0,41"},{"seq":"20","sqcand":"220000861472","n":"15456","nm":"ORESTES DO ESTRELA","cc":"MDB","nv":" ","e":"n","st":"Suplente","dvt":"V\u00e1lido","vap":"127","pvap":"   1,19"},{"seq":"34","sqcand":"220000927210","n":"17190","nm":"MARQUINHOS MOTOS","cc":"PSL","nv":" ","e":"n","st":"Suplente","dvt":"V\u00e1lido","vap":"60","pvap":"   0,56"},{"seq":"12","sqcand":"220001057824","n":"45123","nm":"JO\u00c3O MOURA","cc":"PSDB","nv":" ","e":"n","st":"Suplente","dvt":"V\u00e1lido","vap":"275","pvap":"   2,57"},{"seq":"59","sqcand":"220000801454","n":"40000","nm":"DR LUCIANO","cc":"PSB","nv":" ","e":"n","st":"N\u00e3o eleito","dvt":"V\u00e1lido","vap":"193","pvap":"   1,81"},{"seq":"81","sqcand":"220001226713","n":"12304","nm":"JUCELIA DO MERCADO CA\u00c7ULA","cc":"PDT","nv":" ","e":"n","st":"N\u00e3o eleito","dvt":"V\u00e1lido","vap":"18","pvap":"   0,17"}]}
