{"ele":"426","tpabr":"mu","cdabr":"00256","carper":"13","t":"1","f":"o","dt":"15/11/2020","ht":"21:51:42","dv":"s","tf":"s","v":"11","esae":"n","mnae":"","s":"66","st":"66","pst":" 100,00","snt":"0","psnt":"   0,00","si":"66","psi":" 100,00","sni":"0","psni":"   0,00","sa":"66","psa":" 100,00","sna":"0","psna":"   0,00","e":"23496","ea":"23496","pea":" 100,00","ena":"0","pena":"   0,00","esi":"23496","pesi":" 100,00","esni":"0","pesni":"   0,00","c":"17121","pc":"  72,87","a":"6375","pa":"  27,13","vscv":"0","vnom":"15386","vl":"867","pvnom":"  94,67","pvl":"   5,33","vvc":"16253","pvvc":"  94,93","vb":"468","pvb":"   2,73","tvn":"400","ptvn":"   2,34","vn":"400","pvn":" 100,00","vnt":"0","pvnt":"   0,00","vp":"0","pvp":"   0,00","vv":"16253","pvv":" 100,00","van":"0","pvan":"   0,00","vansj":"0","pvansj":"   0,00","tv":"17121","cand":[{"seq":"17","sqcand":"220001222082","n":"10500","nm":"WELT DA DUBAI","cc":"REPUBLICANOS","nv":" ","e":"n","st":"Suplente","dvt":"V\u00e1lido","vap":"220","pvap":"   1,35"},{"seq":"4","sqcand":"220001247637","n":"25123","nm":"COCO","cc":"DEM","nv":" ","e":"s","st":"Eleito","dvt":"V\u00e1lido","vap":"556","pvap":"   3,42"},{"seq":"72","sqcand":"220000955805","n":"40321","nm":"QUEICIA DORING SCHULTZ","cc":"PSB","nv":" ","e":"n","st":"Suplente","dvt":"V\u00e1lido","vap":"15","pvap":"   0,09"},{"seq":"79","sqcand":"220001222085","n":"10444","nm":"CIDA","cc":"REPUBLICANOS","nv":" ","e":"n","st":"Suplente","dvt":"V\u00e1lido","vap":"7","pvap":"   0,04"},{"seq":"90","sqcand":"220001215476","n":"13111","nm":"ERONI MENDON\u00c7A","cc":"PT","nv":" ","e":"n","st":"N\u00e3o eleito","dvt":"V\u00e1lido","vap":"75","pvap":"   0,46"},{"seq":"21","sqcand":"220000636827","n":"90333","nm":"GUSTAVO DA CADEIRA DE RODAS","cc":"PROS","nv":" ","e":"n","st":"Suplente","dvt":"V\u00e1lido","vap":"208","pvap":"   1,28"},{"seq":"49","sqcand":"220001247640","n":"25725","nm":"POLI BEDONE","cc":"DEM","nv":" ","e":"n","st":"Suplente","dvt":"V\u00e1lido","vap":"65","pvap":"   0,40"},{"seq":"85","sqcand":"220000881395","n":"14555","nm":"TIAO LEITEIRO","cc":"PTB","nv":" ","e":"n","st":"N\u00e3o eleito","dvt":"V\u00e1lido","vap":"190","pvap":"   1,17"},{"seq":"59","sqcand":"220001222083","n":"10333","nm":"D\u00c9 SOMBRA","cc":"REPUBLICANOS","nv":" ","e":"n","st":"Suplente","dvt":"V\u00e1lido","vap":"36","pvap":"   0,22"},{"seq":"28","sqcand":"220000868999","n":"12345","nm":"CARL\u00c3O PROCHNOW ","cc":"PDT","nv":" ","e":"n","st":"Suplente","dvt":"V\u00e1lido","vap":"166","pvap":"   1,02"},{"seq":"104","sqcand":"220000881396","n":"14222","nm":"ELIENE","cc":"PTB","nv":" ","e":"n","st":"N\u00e3o eleito","dvt":"V\u00e1lido","vap":"6","pvap":"   0,04"},{"seq":"93","sqcand":"220000881397","n":"14111","nm":"ERLY","cc":"PTB","nv":" ","e":"n","st":"N\u00e3o eleito","dvt":"V\u00e1lido","vap":"40","pvap":"   0,25"},{"seq":"102","sqcand":"220000987633","n":"11000","nm":"WALISSON MARTINS","cc":"PP","nv":" ","e":"n","st":"N\u00e3o eleito","dvt":"V\u00e1lido","vap":"9","pvap":"   0,06"},{"seq":"91","sqcand":"220000776859","n":"45123","nm":"EDINHO PERES","cc":"PSDB","nv":" ","e":"n","st":"N\u00e3o eleito","dvt":"V\u00e1lido","vap":"61","pvap":"   0,38"},{"seq":"97","sqcand":"220000987631","n":"11111","nm":"YURI CASTILHO","cc":"PP","nv":" ","e":"n","st":"N\u00e3o eleito","dvt":"V\u00e1lido","vap":"27","pvap":"   0,17"},{"seq":"37","sqcand":"220000955803","n":"40111","nm":"EVERTON BINOW MILKE","cc":"PSB","nv":" ","e":"n","st":"Suplente","dvt":"V\u00e1lido","vap":"124","pvap":"   0,76"},{"seq":"98","sqcand":"220001215473","n":"13222","nm":"OSVALDO CAXIXA","cc":"PT","nv":" ","e":"n","st":"N\u00e3o eleito","dvt":"V\u00e1lido","vap":"25","pvap":"   0,15"},{"seq":"76","sqcand":"220000868996","n":"12777","nm":"PROFESSORA VANUSA","cc":"PDT","nv":" ","e":"n","st":"Suplente","dvt":"V\u00e1lido","vap":"11","pvap":"   0,07"},{"seq":"89","sqcand":"220000776861","n":"45145","nm":"MARTINS LITTIG","cc":"PSDB","nv":" ","e":"n","st":"N\u00e3o eleito","dvt":"V\u00e1lido","vap":"91","pvap":"   0,56"},{"seq":"1","sqcand":"220000765235","n":"19000","nm":"ANTONIO JOSE  NASCIMENTO","cc":"PODE","nv":" ","e":"s","st":"Eleito","dvt":"V\u00e1lido","vap":"814","pvap":"   5,01"},{"seq":"88","sqcand":"220001215472","n":"13000","nm":"PROFESSOR JOEL","cc":"PT","nv":" ","e":"n","st":"N\u00e3o eleito","dvt":"V\u00e1lido","vap":"92","pvap":"   0,57"},{"seq":"51","sqcand":"220001247635","n":"25532","nm":"TITICA","cc":"DEM","nv":" ","e":"n","st":"Suplente","dvt":"V\u00e1lido","vap":"62","pvap":"   0,38"},{"seq":"65","sqcand":"220001222093","n":"10111","nm":"SOLANGE MILLER","cc":"REPUBLICANOS","nv":" ","e":"n","st":"Suplente","dvt":"V\u00e1lido","vap":"24","pvap":"   0,15"},{"seq":"100","sqcand":"220000776858","n":"45321","nm":"SANDRA IN\u00c1CIO","cc":"PSDB","nv":" ","e":"n","st":"N\u00e3o eleito","dvt":"V\u00e1lido","vap":"20","pvap":"   0,12"},{"seq":"7","sqcand":"220000636816","n":"90456","nm":"ADRIANO DA AMBULANCIA","cc":"PROS","nv":" ","e":"s","st":"Eleito","dvt":"V\u00e1lido","vap":"443","pvap":"   2,73"},{"seq":"52","sqcand":"220000955799","n":"40789","nm":"CHAPOLIM","cc":"PSB","nv":" ","e":"n","st":"Suplente","dvt":"V\u00e1lido","vap":"54","pvap":"   0,33"},{"seq":"24","sqcand":"220001242088","n":"15123","nm":"DR MARCELO ARAUJO","cc":"MDB","nv":" ","e":"n","st":"Suplente","dvt":"V\u00e1lido","vap":"181","pvap":"   1,11"},{"seq":"48","sqcand":"220000955798","n":"40222","nm":"EVALDINO KELLER","cc":"PSB","nv":" ","e":"n","st":"Suplente","dvt":"V\u00e1lido","vap":"69","pvap":"   0,42"},{"seq":"42","sqcand":"220000955797","n":"40888","nm":"ELIS REGINA","cc":"PSB","nv":" ","e":"n","st":"Suplente","dvt":"V\u00e1lido","vap":"93","pvap":"   0,57"},{"seq":"39","sqcand":"220000868989","n":"12444","nm":"GALV\u00c3O DA MANDIOCA","cc":"PDT","nv":" ","e":"n","st":"Suplente","dvt":"V\u00e1lido","vap":"119","pvap":"   0,73"},{"seq":"94","sqcand":"220000881398","n":"14100","nm":"MAYCON ARAUJO","cc":"PTB","nv":" ","e":"n","st":"N\u00e3o eleito","dvt":"V\u00e1lido","vap":"38","pvap":"   0,23"},{"seq":"23","sqcand":"220001242093","n":"15678","nm":"VALDINEI FRANCISCO","cc":"MDB","nv":" ","e":"n","st":"Suplente","dvt":"V\u00e1lido","vap":"200","pvap":"   1,23"},{"seq":"35","sqcand":"220000765231","n":"19222","nm":"GENESINHO MARTINS","cc":"PODE","nv":" ","e":"n","st":"Suplente","dvt":"V\u00e1lido","vap":"141","pvap":"   0,87"},{"seq":"105","sqcand":"220000675303","n":"55555","nm":"JOCI COSTA","cc":"PSD","nv":" ","e":"n","st":"N\u00e3o eleito","dvt":"V\u00e1lido","vap":"6","pvap":"   0,04"},{"seq":"57","sqcand":"220000955801","n":"40444","nm":"JOSE CARLOS DA PAMONHA","cc":"PSB","nv":" ","e":"n","st":"Suplente","dvt":"V\u00e1lido","vap":"40","pvap":"   0,25"},{"seq":"84","sqcand":"220000987632","n":"11123","nm":"LIRVANI STORCH","cc":"PP","nv":" ","e":"n","st":"N\u00e3o eleito","dvt":"V\u00e1lido","vap":"248","pvap":"   1,53"},{"seq":"75","sqcand":"220000955796","n":"40555","nm":"RENILDA ANACLETO","cc":"PSB","nv":" ","e":"n","st":"Suplente","dvt":"V\u00e1lido","vap":"12","pvap":"   0,07"},{"seq":"74","sqcand":"220001242091","n":"15456","nm":"ROBERTO ABREU","cc":"MDB","nv":" ","e":"n","st":"Suplente","dvt":"V\u00e1lido","vap":"14","pvap":"   0,09"},{"seq":"2","sqcand":"220000765234","n":"19777","nm":"PROFESSOR LUIZ ANTONIO","cc":"PODE","nv":" ","e":"s","st":"Eleito","dvt":"V\u00e1lido","vap":"633","pvap":"   3,89"},{"seq":"60","sqcand":"220000636820","n":"90321","nm":"PROFESSORA MARIA HELENA","cc":"PROS","nv":" ","e":"n","st":"Suplente","dvt":"V\u00e1lido","vap":"34","pvap":"   0,21"},{"seq":"83","sqcand":"220000776857","n":"45678","nm":"JOVECI DO PACARANA","cc":"PSDB","nv":" ","e":"n","st":"N\u00e3o eleito","dvt":"V\u00e1lido","vap":"279","pvap":"   1,72"},{"seq":"46","sqcand":"220000868995","n":"12123","nm":"PROFESSOR EDMILSON BANDEIRA","cc":"PDT","nv":" ","e":"n","st":"Suplente","dvt":"V\u00e1lido","vap":"79","pvap":"   0,49"},{"seq":"22","sqcand":"220000868992","n":"12888","nm":"COWBOY DA SAO JOSE","cc":"PDT","nv":" ","e":"n","st":"Suplente","dvt":"V\u00e1lido","vap":"206","pvap":"   1,27"},{"seq":"47","sqcand":"220000868998","n":"12333","nm":"WILIAN SILVA","cc":"PDT","nv":" ","e":"n","st":"Suplente","dvt":"V\u00e1lido","vap":"76","pvap":"   0,47"},{"seq":"68","sqcand":"220000868993","n":"12112","nm":"NEUSA LIMA","cc":"PDT","nv":" ","e":"n","st":"Suplente","dvt":"V\u00e1lido","vap":"21","pvap":"   0,13"},{"seq":"18","sqcand":"220001222094","n":"10000","nm":"LUCIMAR PANFLETEIRA","cc":"REPUBLICANOS","nv":" ","e":"n","st":"Suplente","dvt":"V\u00e1lido","vap":"216","pvap":"   1,33"},{"seq":"86","sqcand":"220000776860","n":"45555","nm":"SAIARA TOLEDO","cc":"PSDB","nv":" ","e":"n","st":"N\u00e3o eleito","dvt":"V\u00e1lido","vap":"182","pvap":"   1,12"},{"seq":"67","sqcand":"220000636815","n":"90090","nm":"VERA LUCIA","cc":"PROS","nv":" ","e":"n","st":"Suplente","dvt":"V\u00e1lido","vap":"22","pvap":"   0,14"},{"seq":"77","sqcand":"220001247634","n":"25745","nm":"MARCOS STIVE","cc":"DEM","nv":" ","e":"n","st":"Suplente","dvt":"V\u00e1lido","vap":"11","pvap":"   0,07"},{"seq":"14","sqcand":"220000636826","n":"90000","nm":"AMILTON ALVES","cc":"PROS","nv":" ","e":"n","st":"Suplente","dvt":"V\u00e1lido","vap":"376","pvap":"   2,31"},{"seq":"64","sqcand":"220001242087","n":"15777","nm":"ALESSANDRA MARTINS","cc":"MDB","nv":" ","e":"n","st":"Suplente","dvt":"V\u00e1lido","vap":"25","pvap":"   0,15"},{"seq":"27","sqcand":"220000869002","n":"12100","nm":"CLAUDETI BASSAN","cc":"PDT","nv":" ","e":"n","st":"Suplente","dvt":"V\u00e1lido","vap":"171","pvap":"   1,05"},{"seq":"16","sqcand":"220000636825","n":"90100","nm":"LULA","cc":"PROS","nv":" ","e":"n","st":"Suplente","dvt":"V\u00e1lido","vap":"339","pvap":"   2,09"},{"seq":"92","sqcand":"220000881401","n":"14123","nm":"TIA VAL","cc":"PTB","nv":" ","e":"n","st":"N\u00e3o eleito","dvt":"V\u00e1lido","vap":"57","pvap":"   0,35"},{"seq":"63","sqcand":"220001222091","n":"10130","nm":"MUCUTINHA","cc":"REPUBLICANOS","nv":" ","e":"n","st":"Suplente","dvt":"V\u00e1lido","vap":"26","pvap":"   0,16"},{"seq":"15","sqcand":"220001222084","n":"10789","nm":"SEVERINO SCHULZ","cc":"REPUBLICANOS","nv":" ","e":"n","st":"Suplente","dvt":"V\u00e1lido","vap":"342","pvap":"   2,10"},{"seq":"12","sqcand":"220001247638","n":"25678","nm":"GENEZIO MATEUS","cc":"DEM","nv":" ","e":"n","st":"Suplente","dvt":"V\u00e1lido","vap":"495","pvap":"   3,05"},{"seq":"30","sqcand":"220000636824","n":"90789","nm":"AUGUSTINHO SHULTZ","cc":"PROS","nv":" ","e":"n","st":"Suplente","dvt":"V\u00e1lido","vap":"158","pvap":"   0,97"},{"seq":"44","sqcand":"220000868994","n":"12000","nm":"LUIARA MEIRELES","cc":"PDT","nv":" ","e":"n","st":"Suplente","dvt":"V\u00e1lido","vap":"90","pvap":"   0,55"},{"seq":"25","sqcand":"220001222087","n":"10190","nm":"SENSEI MOIS\u00c9S","cc":"REPUBLICANOS","nv":" ","e":"n","st":"Suplente","dvt":"V\u00e1lido","vap":"180","pvap":"   1,11"},{"seq":"80","sqcand":"220000636822","n":"90999","nm":"NARA","cc":"PROS","nv":" ","e":"n","st":"Suplente","dvt":"V\u00e1lido","vap":"5","pvap":"   0,03"},{"seq":"6","sqcand":"220000636823","n":"90222","nm":"BAHIA","cc":"PROS","nv":" ","e":"s","st":"Eleito","dvt":"V\u00e1lido","vap":"501","pvap":"   3,08"},{"seq":"96","sqcand":"220000881402","n":"14999","nm":"FROES","cc":"PTB","nv":" ","e":"n","st":"N\u00e3o eleito","dvt":"V\u00e1lido","vap":"29","pvap":"   0,18"},{"seq":"31","sqcand":"220001242090","n":"15876","nm":"ROSA DO PACARANA","cc":"MDB","nv":" ","e":"n","st":"Suplente","dvt":"V\u00e1lido","vap":"154","pvap":"   0,95"},{"seq":"32","sqcand":"220000765230","n":"19555","nm":"WIL ENFERMEIRO","cc":"PODE","nv":" ","e":"n","st":"Suplente","dvt":"V\u00e1lido","vap":"148","pvap":"   0,91"},{"seq":"82","sqcand":"220000881399","n":"14444","nm":"ALUIZIO LARA","cc":"PTB","nv":" ","e":"n","st":"N\u00e3o eleito","dvt":"V\u00e1lido","vap":"338","pvap":"   2,08"},{"seq":"103","sqcand":"220000881400","n":"14333","nm":"LUCIA","cc":"PTB","nv":" ","e":"n","st":"N\u00e3o eleito","dvt":"V\u00e1lido","vap":"8","pvap":"   0,05"},{"seq":"3","sqcand":"220001222095","n":"10100","nm":"DELKER","cc":"REPUBLICANOS","nv":" ","e":"s","st":"Eleito","dvt":"V\u00e1lido","vap":"559","pvap":"   3,44"},{"seq":"62","sqcand":"220000955808","n":"40567","nm":"LENI DO SALAO","cc":"PSB","nv":" ","e":"n","st":"Suplente","dvt":"V\u00e1lido","vap":"27","pvap":"   0,17"},{"seq":"13","sqcand":"220000765229","n":"19123","nm":"VERE \u00c1VILA","cc":"PODE","nv":" ","e":"n","st":"Suplente","dvt":"V\u00e1lido","vap":"459","pvap":"   2,82"},{"seq":"26","sqcand":"220000869003","n":"12222","nm":"PROFESSOR MARCEL","cc":"PDT","nv":" ","e":"n","st":"Suplente","dvt":"V\u00e1lido","vap":"176","pvap":"   1,08"},{"seq":"40","sqcand":"220000636818","n":"90111","nm":"N\u00c9IA DA REI DAVI","cc":"PROS","nv":" ","e":"n","st":"Suplente","dvt":"V\u00e1lido","vap":"107","pvap":"   0,66"},{"seq":"53","sqcand":"220001222089","n":"10158","nm":"AFONSINHO FISCAL","cc":"REPUBLICANOS","nv":" ","e":"n","st":"Suplente","dvt":"V\u00e1lido","vap":"47","pvap":"   0,29"},{"seq":"71","sqcand":"220001247636","n":"25789","nm":"MEIRE JK","cc":"DEM","nv":" ","e":"n","st":"Suplente","dvt":"V\u00e1lido","vap":"18","pvap":"   0,11"},{"seq":"61","sqcand":"220001242089","n":"15555","nm":"MIGUEL SURUI","cc":"MDB","nv":" ","e":"n","st":"Suplente","dvt":"V\u00e1lido","vap":"29","pvap":"   0,18"},{"seq":"81","sqcand":"220000675305","n":"55123","nm":"R\u00c9GA","cc":"PSD","nv":" ","e":"n","st":"N\u00e3o eleito","dvt":"V\u00e1lido","vap":"652","pvap":"   4,01"},{"seq":"54","sqcand":"220001247639","n":"25111","nm":"LUCIANA GON\u00c7ALVES","cc":"DEM","nv":" ","e":"n","st":"Suplente","dvt":"V\u00e1lido","vap":"46","pvap":"   0,28"},{"seq":"41","sqcand":"220000955800","n":"40234","nm":"VITORINO BINOW","cc":"PSB","nv":" ","e":"n","st":"Suplente","dvt":"V\u00e1lido","vap":"96","pvap":"   0,59"},{"seq":"9","sqcand":"220000869000","n":"12456","nm":"SIRINEU","cc":"PDT","nv":" ","e":"s","st":"Eleito","dvt":"V\u00e1lido","vap":"262","pvap":"   1,61"},{"seq":"87","sqcand":"220000881403","n":"14777","nm":"DJALMINHA","cc":"PTB","nv":" ","e":"n","st":"N\u00e3o eleito","dvt":"V\u00e1lido","vap":"94","pvap":"   0,58"},{"seq":"29","sqcand":"220000868988","n":"12300","nm":"BATISTA DA RADIO","cc":"PDT","nv":" ","e":"n","st":"Suplente","dvt":"V\u00e1lido","vap":"165","pvap":"   1,02"},{"seq":"66","sqcand":"220000765232","n":"19444","nm":"CIDA PISCINEIRA","cc":"PODE","nv":" ","e":"n","st":"Suplente","dvt":"V\u00e1lido","vap":"23","pvap":"   0,14"},{"seq":"5","sqcand":"220000636817","n":"90888","nm":"PROFESSOR HERMES","cc":"PROS","nv":" ","e":"s","st":"Eleito","dvt":"V\u00e1lido","vap":"531","pvap":"   3,27"},{"seq":"50","sqcand":"220000868997","n":"12555","nm":"VALMIR A\u00c7OUGUEIRO","cc":"PDT","nv":" ","e":"n","st":"Suplente","dvt":"V\u00e1lido","vap":"63","pvap":"   0,39"},{"seq":"56","sqcand":"220001222090","n":"10777","nm":"CLENILDA DA SA\u00daDE","cc":"REPUBLICANOS","nv":" ","e":"n","st":"Suplente","dvt":"V\u00e1lido","vap":"43","pvap":"   0,26"},{"seq":"10","sqcand":"220001242086","n":"15222","nm":"GILMAR LOOSE","cc":"MDB","nv":" ","e":"s","st":"Eleito","dvt":"V\u00e1lido","vap":"226","pvap":"   1,39"},{"seq":"20","sqcand":"220001222092","n":"10555","nm":"KEL\u00c9","cc":"REPUBLICANOS","nv":" ","e":"n","st":"Suplente","dvt":"V\u00e1lido","vap":"208","pvap":"   1,28"},{"seq":"38","sqcand":"220000955802","n":"40000","nm":"BIZUNGA","cc":"PSB","nv":" ","e":"n","st":"Suplente","dvt":"V\u00e1lido","vap":"122","pvap":"   0,75"},{"seq":"45","sqcand":"220001222086","n":"10222","nm":"GA\u00daCHO","cc":"REPUBLICANOS","nv":" ","e":"n","st":"Suplente","dvt":"V\u00e1lido","vap":"85","pvap":"   0,52"},{"seq":"8","sqcand":"220001222088","n":"10123","nm":"AD\u00c3O","cc":"REPUBLICANOS","nv":" ","e":"s","st":"Eleito","dvt":"V\u00e1lido","vap":"394","pvap":"   2,42"},{"seq":"33","sqcand":"220000868990","n":"12789","nm":"LUIZ DA REIVAX","cc":"PDT","nv":" ","e":"n","st":"Suplente","dvt":"V\u00e1lido","vap":"146","pvap":"   0,90"},{"seq":"69","sqcand":"220000765233","n":"19247","nm":"JANINHA DO SANTA ROSA","cc":"PODE","nv":" ","e":"n","st":"Suplente","dvt":"V\u00e1lido","vap":"19","pvap":"   0,12"},{"seq":"36","sqcand":"220000636819","n":"90190","nm":"DENGA","cc":"PROS","nv":" ","e":"n","st":"Suplente","dvt":"V\u00e1lido","vap":"134","pvap":"   0,82"},{"seq":"101","sqcand":"220000675304","n":"55000","nm":"TATI GARCIA","cc":"PSD","nv":" ","e":"n","st":"N\u00e3o eleito","dvt":"V\u00e1lido","vap":"9","pvap":"   0,06"},{"seq":"11","sqcand":"220000955807","n":"40123","nm":"ZONGA","cc":"PSB","nv":" ","e":"s","st":"Eleito","dvt":"V\u00e1lido","vap":"223","pvap":"   1,37"},{"seq":"70","sqcand":"220000869001","n":"12200","nm":"NEINHA","cc":"PDT","nv":" ","e":"n","st":"Suplente","dvt":"V\u00e1lido","vap":"19","pvap":"   0,12"},{"seq":"55","sqcand":"220000868991","n":"12111","nm":"Z\u00c9 CARTEIRO","cc":"PDT","nv":" ","e":"n","st":"Suplente","dvt":"V\u00e1lido","vap":"44","pvap":"   0,27"},{"seq":"58","sqcand":"220001247633","n":"25816","nm":"VANTUIL DA CARROCERIA","cc":"DEM","nv":" ","e":"n","st":"Suplente","dvt":"V\u00e1lido","vap":"37","pvap":"   0,23"},{"seq":"99","sqcand":"220001215475","n":"13123","nm":"MARCOS BARRETO","cc":"PT","nv":" ","e":"n","st":"N\u00e3o eleito","dvt":"V\u00e1lido","vap":"22","pvap":"   0,14"},{"seq":"19","sqcand":"220001222096","n":"10200","nm":"VAL CABELEIREIRO","cc":"REPUBLICANOS","nv":" ","e":"n","st":"Suplente","dvt":"V\u00e1lido","vap":"209","pvap":"   1,29"},{"seq":"78","sqcand":"220001242092","n":"15111","nm":"LIDAIZE LIMA","cc":"MDB","nv":" ","e":"n","st":"Suplente","dvt":"V\u00e1lido","vap":"8","pvap":"   0,05"},{"seq":"43","sqcand":"220000636821","n":"90123","nm":"BIKESOM","cc":"PROS","nv":" ","e":"n","st":"Suplente","dvt":"V\u00e1lido","vap":"91","pvap":"   0,56"},{"seq":"34","sqcand":"220000955804","n":"40333","nm":"FAROFA","cc":"PSB","nv":" ","e":"n","st":"Suplente","dvt":"V\u00e1lido","vap":"144","pvap":"   0,89"},{"seq":"73","sqcand":"220000955806","n":"40345","nm":"ANGELA BETSSEL","cc":"PSB","nv":" ","e":"n","st":"Suplente","dvt":"V\u00e1lido","vap":"14","pvap":"   0,09"},{"seq":"95","sqcand":"220001215471","n":"13456","nm":"ADELIA  DE SOUZA","cc":"PT","nv":" ","e":"n","st":"N\u00e3o eleito","dvt":"V\u00e1lido","vap":"32","pvap":"   0,20"}]}
