{"ele":"426","tpabr":"mu","cdabr":"00310","carper":"13","t":"1","f":"o","dt":"15/11/2020","ht":"21:12:29","dv":"s","tf":"s","v":"10","esae":"n","mnae":"","s":"54","st":"54","pst":" 100,00","snt":"0","psnt":"   0,00","si":"54","psi":" 100,00","sni":"0","psni":"   0,00","sa":"54","psa":" 100,00","sna":"0","psna":"   0,00","e":"19478","ea":"19478","pea":" 100,00","ena":"0","pena":"   0,00","esi":"19478","pesi":" 100,00","esni":"0","pesni":"   0,00","c":"14015","pc":"  71,95","a":"5463","pa":"  28,05","vscv":"0","vnom":"12715","vl":"511","pvnom":"  96,14","pvl":"   3,86","vvc":"13226","pvvc":"  94,37","vb":"294","pvb":"   2,10","tvn":"495","ptvn":"   3,53","vn":"495","pvn":" 100,00","vnt":"0","pvnt":"   0,00","vp":"0","pvp":"   0,00","vv":"13226","pvv":" 100,00","van":"0","pvan":"   0,00","vansj":"0","pvansj":"   0,00","tv":"14015","cand":[{"seq":"20","sqcand":"220000728771","n":"14444","nm":"ALISSON DE PAULA","cc":"PTB","nv":" ","e":"n","st":"Suplente","dvt":"V\u00e1lido","vap":"257","pvap":"   1,94"},{"seq":"53","sqcand":"220000865719","n":"55113","nm":"LAGOA","cc":"PSD","nv":" ","e":"n","st":"Suplente","dvt":"V\u00e1lido","vap":"27","pvap":"   0,20"},{"seq":"61","sqcand":"220000865729","n":"55111","nm":"VANESSA POLIANI","cc":"PSD","nv":" ","e":"n","st":"Suplente","dvt":"V\u00e1lido","vap":"17","pvap":"   0,13"},{"seq":"75","sqcand":"220000860814","n":"13580","nm":"EDVALDO DO PT","cc":"PT","nv":" ","e":"n","st":"N\u00e3o eleito","dvt":"V\u00e1lido","vap":"42","pvap":"   0,32"},{"seq":"68","sqcand":"220000860816","n":"13156","nm":"CRISTIANO GOMES","cc":"PT","nv":" ","e":"n","st":"N\u00e3o eleito","dvt":"V\u00e1lido","vap":"236","pvap":"   1,78"},{"seq":"4","sqcand":"220000728763","n":"14140","nm":"JEREMIAS","cc":"PTB","nv":" ","e":"s","st":"Eleito","dvt":"V\u00e1lido","vap":"494","pvap":"   3,74"},{"seq":"76","sqcand":"220000860815","n":"13222","nm":"MARIA SATIMO","cc":"PT","nv":" ","e":"n","st":"N\u00e3o eleito","dvt":"V\u00e1lido","vap":"29","pvap":"   0,22"},{"seq":"30","sqcand":"220000865732","n":"55380","nm":"RICARDO FREZZE","cc":"PSD","nv":" ","e":"n","st":"Suplente","dvt":"V\u00e1lido","vap":"143","pvap":"   1,08"},{"seq":"59","sqcand":"220000728774","n":"14000","nm":"ELSA ARAUJO","cc":"PTB","nv":" ","e":"n","st":"Suplente","dvt":"V\u00e1lido","vap":"17","pvap":"   0,13"},{"seq":"49","sqcand":"220000964090","n":"40444","nm":"JO\u00c3O BATISTA BERON","cc":"PSB","nv":" ","e":"n","st":"Suplente","dvt":"V\u00e1lido","vap":"33","pvap":"   0,25"},{"seq":"29","sqcand":"220000986037","n":"11123","nm":"PEDRINHO DA FARM\u00c1CIA","cc":"PP","nv":" ","e":"n","st":"Suplente","dvt":"V\u00e1lido","vap":"150","pvap":"   1,13"},{"seq":"66","sqcand":"220000865731","n":"55147","nm":"FERNANDA RODRIGUES","cc":"PSD","nv":" ","e":"n","st":"Suplente","dvt":"V\u00e1lido","vap":"5","pvap":"   0,04"},{"seq":"52","sqcand":"220000728770","n":"14100","nm":"ANA PAULA","cc":"PTB","nv":" ","e":"n","st":"Suplente","dvt":"V\u00e1lido","vap":"28","pvap":"   0,21"},{"seq":"57","sqcand":"220000865724","n":"55155","nm":"APARECIDA","cc":"PSD","nv":" ","e":"n","st":"Suplente","dvt":"V\u00e1lido","vap":"18","pvap":"   0,14"},{"seq":"46","sqcand":"220000728765","n":"14144","nm":"ELIANE VIEIRA","cc":"PTB","nv":" ","e":"n","st":"Suplente","dvt":"V\u00e1lido","vap":"40","pvap":"   0,30"},{"seq":"35","sqcand":"220000861869","n":"25000","nm":"ZAQUEU DO TERER\u00c9","cc":"DEM","nv":" ","e":"n","st":"Suplente","dvt":"V\u00e1lido","vap":"87","pvap":"   0,66"},{"seq":"62","sqcand":"220001214958","n":"15145","nm":"CARLOS ANTONIO RODRIGUES","cc":"MDB","nv":" ","e":"n","st":"Suplente","dvt":"V\u00e1lido","vap":"13","pvap":"   0,10"},{"seq":"8","sqcand":"220000861872","n":"25223","nm":"NEN\u00c3O","cc":"DEM","nv":" ","e":"s","st":"Eleito","dvt":"V\u00e1lido","vap":"405","pvap":"   3,06"},{"seq":"2","sqcand":"220000861864","n":"25140","nm":"JACY OLIVEIRA","cc":"DEM","nv":" ","e":"s","st":"Eleito","dvt":"V\u00e1lido","vap":"596","pvap":"   4,51"},{"seq":"43","sqcand":"220000986035","n":"11120","nm":"LINDALVA DO POSTO","cc":"PP","nv":" ","e":"n","st":"Suplente","dvt":"V\u00e1lido","vap":"41","pvap":"   0,31"},{"seq":"27","sqcand":"220000861870","n":"25678","nm":"ANTONIO BARBOSA","cc":"DEM","nv":" ","e":"n","st":"Suplente","dvt":"V\u00e1lido","vap":"157","pvap":"   1,19"},{"seq":"24","sqcand":"220000964092","n":"40777","nm":"ADENILSON ANACLETO","cc":"PSB","nv":" ","e":"n","st":"Suplente","dvt":"V\u00e1lido","vap":"192","pvap":"   1,45"},{"seq":"37","sqcand":"220001214960","n":"15147","nm":"ENIS FERREIRA DE NORONHA","cc":"MDB","nv":" ","e":"n","st":"Suplente","dvt":"V\u00e1lido","vap":"74","pvap":"   0,56"},{"seq":"54","sqcand":"220000964095","n":"40140","nm":"MARILENE","cc":"PSB","nv":" ","e":"n","st":"Suplente","dvt":"V\u00e1lido","vap":"27","pvap":"   0,20"},{"seq":"6","sqcand":"220000865722","n":"55222","nm":"PROFESSOR ROMEU","cc":"PSD","nv":" ","e":"s","st":"Eleito","dvt":"V\u00e1lido","vap":"476","pvap":"   3,60"},{"seq":"13","sqcand":"220000865723","n":"55333","nm":"CARLOS DA IZIDOL\u00c2NDIA","cc":"PSD","nv":" ","e":"n","st":"Suplente","dvt":"V\u00e1lido","vap":"363","pvap":"   2,74"},{"seq":"26","sqcand":"220000728766","n":"14789","nm":"CARLINHOS PANELEIRO","cc":"PTB","nv":" ","e":"n","st":"Suplente","dvt":"V\u00e1lido","vap":"170","pvap":"   1,29"},{"seq":"38","sqcand":"220000865725","n":"55225","nm":"DAMASCENO","cc":"PSD","nv":" ","e":"n","st":"Suplente","dvt":"V\u00e1lido","vap":"73","pvap":"   0,55"},{"seq":"65","sqcand":"220000986036","n":"11124","nm":"ADEMILSON DA PADARIA DA VOV\u00d3","cc":"PP","nv":" ","e":"n","st":"Suplente","dvt":"V\u00e1lido","vap":"8","pvap":"   0,06"},{"seq":"51","sqcand":"220001214962","n":"15252","nm":"JULIANA MORAIS DO NASCIMENTO","cc":"MDB","nv":" ","e":"n","st":"Suplente","dvt":"V\u00e1lido","vap":"29","pvap":"   0,22"},{"seq":"25","sqcand":"220001214956","n":"15615","nm":"DJALMA AUTO ESCOLA","cc":"MDB","nv":" ","e":"n","st":"Suplente","dvt":"V\u00e1lido","vap":"177","pvap":"   1,34"},{"seq":"1","sqcand":"220000986034","n":"11111","nm":"MARILZA DA REVIL M\u00d3VEIS","cc":"PP","nv":" ","e":"s","st":"Eleito","dvt":"V\u00e1lido","vap":"709","pvap":"   5,36"},{"seq":"11","sqcand":"220000986033","n":"11190","nm":"D\u00c1RIO MOREIRA","cc":"PP","nv":" ","e":"n","st":"Suplente","dvt":"V\u00e1lido","vap":"654","pvap":"   4,94"},{"seq":"50","sqcand":"220001214964","n":"15223","nm":"TATIANA SANTOS DA SILVA","cc":"MDB","nv":" ","e":"n","st":"Suplente","dvt":"V\u00e1lido","vap":"31","pvap":"   0,23"},{"seq":"73","sqcand":"220001268487","n":"19000","nm":"LUCAS XIBIU","cc":"PODE","nv":" ","e":"n","st":"N\u00e3o eleito","dvt":"V\u00e1lido","vap":"58","pvap":"   0,44"},{"seq":"32","sqcand":"220000861865","n":"25007","nm":"SALETE DA MORENINHA","cc":"DEM","nv":" ","e":"n","st":"Suplente","dvt":"V\u00e1lido","vap":"137","pvap":"   1,04"},{"seq":"36","sqcand":"220000964088","n":"40104","nm":"P\u00c9 DE BOI DA R\u00c1DIO","cc":"PSB","nv":" ","e":"n","st":"Suplente","dvt":"V\u00e1lido","vap":"74","pvap":"   0,56"},{"seq":"33","sqcand":"220001214954","n":"15150","nm":"IVONETE DE FATIMA CHIELI","cc":"MDB","nv":" ","e":"n","st":"Suplente","dvt":"V\u00e1lido","vap":"117","pvap":"   0,88"},{"seq":"60","sqcand":"220000865726","n":"55999","nm":"GILVANI ROSA VIEIRA","cc":"PSD","nv":" ","e":"n","st":"Suplente","dvt":"V\u00e1lido","vap":"17","pvap":"   0,13"},{"seq":"17","sqcand":"220000728769","n":"14425","nm":"NEGAO MONTEIRO","cc":"PTB","nv":" ","e":"n","st":"Suplente","dvt":"V\u00e1lido","vap":"280","pvap":"   2,12"},{"seq":"16","sqcand":"220000728762","n":"14123","nm":"JARLEI BATISTA","cc":"PTB","nv":" ","e":"n","st":"Suplente","dvt":"V\u00e1lido","vap":"282","pvap":"   2,13"},{"seq":"40","sqcand":"220000964098","n":"40789","nm":"PROFESSOR DERLI","cc":"PSB","nv":" ","e":"n","st":"Suplente","dvt":"V\u00e1lido","vap":"70","pvap":"   0,53"},{"seq":"45","sqcand":"220000861871","n":"25707","nm":"ISRAEL FERREIRA","cc":"DEM","nv":" ","e":"n","st":"Suplente","dvt":"V\u00e1lido","vap":"40","pvap":"   0,30"},{"seq":"58","sqcand":"220000865728","n":"55696","nm":"LINDINALVA SOBREIRA","cc":"PSD","nv":" ","e":"n","st":"Suplente","dvt":"V\u00e1lido","vap":"18","pvap":"   0,14"},{"seq":"28","sqcand":"220000861868","n":"25111","nm":"DIVONCI CORREIA","cc":"DEM","nv":" ","e":"n","st":"Suplente","dvt":"V\u00e1lido","vap":"154","pvap":"   1,16"},{"seq":"74","sqcand":"220000860812","n":"13111","nm":"IVANILDO CEAR\u00c1","cc":"PT","nv":" ","e":"n","st":"N\u00e3o eleito","dvt":"V\u00e1lido","vap":"55","pvap":"   0,42"},{"seq":"34","sqcand":"220001214959","n":"15240","nm":"FL\u00c1VIO CASTANHA MARTINS","cc":"MDB","nv":" ","e":"n","st":"Suplente","dvt":"V\u00e1lido","vap":"95","pvap":"   0,72"},{"seq":"71","sqcand":"220000860813","n":"13456","nm":"PROFESSORA MARINALVA","cc":"PT","nv":" ","e":"n","st":"N\u00e3o eleito","dvt":"V\u00e1lido","vap":"97","pvap":"   0,73"},{"seq":"19","sqcand":"220000964091","n":"40111","nm":"ARILTA ASSUN\u00c7\u00c3O","cc":"PSB","nv":" ","e":"n","st":"Suplente","dvt":"V\u00e1lido","vap":"265","pvap":"   2,00"},{"seq":"5","sqcand":"220000865721","n":"55777","nm":"JUNIOR MELO","cc":"PSD","nv":" ","e":"s","st":"Eleito","dvt":"V\u00e1lido","vap":"493","pvap":"   3,73"},{"seq":"22","sqcand":"220000865727","n":"55555","nm":"MAUR\u00c3O DO GEASE","cc":"PSD","nv":" ","e":"n","st":"Suplente","dvt":"V\u00e1lido","vap":"204","pvap":"   1,54"},{"seq":"72","sqcand":"220001188263","n":"19123","nm":"SUELI","cc":"PODE","nv":" ","e":"n","st":"N\u00e3o eleito","dvt":"V\u00e1lido","vap":"82","pvap":"   0,62"},{"seq":"9","sqcand":"220000728772","n":"14114","nm":"DALTON TUPARI","cc":"PTB","nv":" ","e":"s","st":"Eleito","dvt":"V\u00e1lido","vap":"382","pvap":"   2,89"},{"seq":"12","sqcand":"220000964089","n":"40123","nm":"REINALDO PARREIRA","cc":"PSB","nv":" ","e":"n","st":"Suplente","dvt":"V\u00e1lido","vap":"423","pvap":"   3,20"},{"seq":"7","sqcand":"220000728767","n":"14111","nm":"INDIOMARCIO PEDROSO","cc":"PTB","nv":" ","e":"s","st":"Eleito","dvt":"V\u00e1lido","vap":"432","pvap":"   3,27"},{"seq":"39","sqcand":"220000865733","n":"55678","nm":"TONINHO","cc":"PSD","nv":" ","e":"n","st":"Suplente","dvt":"V\u00e1lido","vap":"71","pvap":"   0,54"},{"seq":"47","sqcand":"220001214953","n":"15000","nm":"JOEL CARRIEL VIEIRA","cc":"MDB","nv":" ","e":"n","st":"Suplente","dvt":"V\u00e1lido","vap":"37","pvap":"   0,28"},{"seq":"64","sqcand":"220000728764","n":"14134","nm":"ROSA DO RESTAURANTE POPULAR","cc":"PTB","nv":" ","e":"n","st":"Suplente","dvt":"V\u00e1lido","vap":"8","pvap":"   0,06"},{"seq":"67","sqcand":"220000964096","n":"40108","nm":"LETICIA MOREIRA","cc":"PSB","nv":" ","e":"n","st":"Suplente","dvt":"V\u00e1lido","vap":"5","pvap":"   0,04"},{"seq":"21","sqcand":"220001214965","n":"15142","nm":"ALEX DA P-42","cc":"MDB","nv":" ","e":"n","st":"Suplente","dvt":"V\u00e1lido","vap":"254","pvap":"   1,92"},{"seq":"15","sqcand":"220000865720","n":"55444","nm":"ADELINO DORRIGUETTI","cc":"PSD","nv":" ","e":"n","st":"Suplente","dvt":"V\u00e1lido","vap":"339","pvap":"   2,56"},{"seq":"3","sqcand":"220000964097","n":"40190","nm":"NAT\u00c3 SOARES","cc":"PSB","nv":" ","e":"s","st":"Eleito","dvt":"V\u00e1lido","vap":"574","pvap":"   4,34"},{"seq":"55","sqcand":"220000964099","n":"40000","nm":"FERNANDA CAMPOS","cc":"PSB","nv":" ","e":"n","st":"Suplente","dvt":"V\u00e1lido","vap":"18","pvap":"   0,14"},{"seq":"41","sqcand":"220000964094","n":"40222","nm":"ADEMIR MATANA","cc":"PSB","nv":" ","e":"n","st":"Suplente","dvt":"V\u00e1lido","vap":"69","pvap":"   0,52"},{"seq":"18","sqcand":"220001214957","n":"15133","nm":"LUIZ MAURO","cc":"MDB","nv":" ","e":"n","st":"Suplente","dvt":"V\u00e1lido","vap":"269","pvap":"   2,03"},{"seq":"48","sqcand":"220001214955","n":"15613","nm":"ANTONIO RIBEIRO RAMOS","cc":"MDB","nv":" ","e":"n","st":"Suplente","dvt":"V\u00e1lido","vap":"34","pvap":"   0,26"},{"seq":"69","sqcand":"220001188262","n":"19999","nm":"GE\u00c2NIO CORTEZ","cc":"PODE","nv":" ","e":"n","st":"N\u00e3o eleito","dvt":"V\u00e1lido","vap":"190","pvap":"   1,44"},{"seq":"23","sqcand":"220000728768","n":"14555","nm":"OSVALDINHO","cc":"PTB","nv":" ","e":"n","st":"Suplente","dvt":"V\u00e1lido","vap":"199","pvap":"   1,50"},{"seq":"44","sqcand":"220000964093","n":"40456","nm":"ANTONIO DE ASSIS","cc":"PSB","nv":" ","e":"n","st":"Suplente","dvt":"V\u00e1lido","vap":"41","pvap":"   0,31"},{"seq":"70","sqcand":"220000860817","n":"13061","nm":"ALFREDO DA REGUET MUDAS","cc":"PT","nv":" ","e":"n","st":"N\u00e3o eleito","dvt":"V\u00e1lido","vap":"138","pvap":"   1,04"},{"seq":"14","sqcand":"220000861863","n":"25123","nm":"CELSO MOTORISTA","cc":"DEM","nv":" ","e":"n","st":"Suplente","dvt":"V\u00e1lido","vap":"361","pvap":"   2,73"},{"seq":"10","sqcand":"220001214961","n":"15140","nm":"ABEL WILLIAM RIBEIRO SILVA","cc":"MDB","nv":" ","e":"s","st":"Eleito","dvt":"V\u00e1lido","vap":"301","pvap":"   2,28"},{"seq":"63","sqcand":"220001214963","n":"15188","nm":"ELIANE MACENA DA SILVA","cc":"MDB","nv":" ","e":"n","st":"Suplente","dvt":"V\u00e1lido","vap":"13","pvap":"   0,10"},{"seq":"42","sqcand":"220000861867","n":"25777","nm":"PROFESSORA MIRNA","cc":"DEM","nv":" ","e":"n","st":"Suplente","dvt":"V\u00e1lido","vap":"42","pvap":"   0,32"},{"seq":"56","sqcand":"220000861866","n":"25444","nm":"MARCIA MOREIRA","cc":"DEM","nv":" ","e":"n","st":"Suplente","dvt":"V\u00e1lido","vap":"18","pvap":"   0,14"},{"seq":"31","sqcand":"220000728773","n":"14190","nm":"PRETO CHAPA","cc":"PTB","nv":" ","e":"n","st":"Suplente","dvt":"V\u00e1lido","vap":"141","pvap":"   1,07"}]}
