{"ele":"426","tpabr":"mu","cdabr":"00353","carper":"13","t":"1","f":"o","dt":"15/11/2020","ht":"21:23:45","dv":"s","tf":"s","v":"9","esae":"n","mnae":"","s":"19","st":"19","pst":" 100,00","snt":"0","psnt":"   0,00","si":"19","psi":" 100,00","sni":"0","psni":"   0,00","sa":"19","psa":" 100,00","sna":"0","psna":"   0,00","e":"6757","ea":"6757","pea":" 100,00","ena":"0","pena":"   0,00","esi":"6757","pesi":" 100,00","esni":"0","pesni":"   0,00","c":"5320","pc":"  78,73","a":"1437","pa":"  21,27","vscv":"0","vnom":"4763","vl":"207","pvnom":"  95,84","pvl":"   4,16","vvc":"5110","pvvc":"  96,05","vb":"66","pvb":"   1,24","tvn":"144","ptvn":"   2,71","vn":"144","pvn":" 100,00","vnt":"0","pvnt":"   0,00","vp":"0","pvp":"   0,00","vv":"4970","pvv":"  97,26","van":"0","pvan":"   0,00","vansj":"140","pvansj":"   2,74","tv":"5320","cand":[{"seq":"54","sqcand":"220000933113","n":"13210","nm":"PEDRO BRAZ","cc":"PT","nv":" ","e":"n","st":"N\u00e3o eleito","dvt":"V\u00e1lido","vap":"53","pvap":"   1,04"},{"seq":"39","sqcand":"220001066638","n":"10000","nm":"NEIA DA GOIABA","cc":"REPUBLICANOS","nv":" ","e":"n","st":"Suplente","dvt":"V\u00e1lido","vap":"14","pvap":"   0,27"},{"seq":"8","sqcand":"220000987520","n":"55444","nm":"PIRULITO","cc":"PSD","nv":" ","e":"s","st":"Eleito","dvt":"V\u00e1lido","vap":"180","pvap":"   3,52"},{"seq":"23","sqcand":"220001066642","n":"10100","nm":"JANIO BOSSOLONI","cc":"REPUBLICANOS","nv":" ","e":"n","st":"Suplente","dvt":"V\u00e1lido","vap":"68","pvap":"   1,33"},{"seq":"58","sqcand":"220000988271","n":"19888","nm":"JANE CABELEIREIRA","cc":"PODE","nv":" ","e":"n","st":"N\u00e3o eleito","dvt":"V\u00e1lido","vap":"8","pvap":"   0,16"},{"seq":"16","sqcand":"220000933186","n":"25333","nm":"MAZINHO","cc":"DEM","nv":" ","e":"n","st":"Suplente","dvt":"V\u00e1lido","vap":"135","pvap":"   2,64"},{"seq":"46","sqcand":"220001066641","n":"10184","nm":"DINHA CIQUEIRA","cc":"REPUBLICANOS","nv":" ","e":"n","st":"Suplente","dvt":"V\u00e1lido","vap":"6","pvap":"   0,12"},{"seq":"6","sqcand":"220001065572","n":"12111","nm":"ALDAIR LEITE","cc":"PDT","nv":" ","e":"s","st":"Eleito","dvt":"V\u00e1lido","vap":"218","pvap":"   4,27"},{"seq":"13","sqcand":"220000987528","n":"55100","nm":"PASTOR JAMIRO","cc":"PSD","nv":" ","e":"n","st":"Suplente","dvt":"V\u00e1lido","vap":"158","pvap":"   3,09"},{"seq":"14","sqcand":"220000933192","n":"25555","nm":"PAUL\u00c3O P DEZOITO","cc":"DEM","nv":" ","e":"n","st":"Suplente","dvt":"V\u00e1lido","vap":"151","pvap":"   2,95"},{"seq":"7","sqcand":"220000933188","n":"25444","nm":"SERLI MATT","cc":"DEM","nv":" ","e":"s","st":"Eleito","dvt":"V\u00e1lido","vap":"197","pvap":"   3,86"},{"seq":"3","sqcand":"220001065574","n":"12555","nm":"SIVAIR DA SAUDE","cc":"PDT","nv":" ","e":"s","st":"Eleito","dvt":"V\u00e1lido","vap":"249","pvap":"   4,87"},{"seq":"25","sqcand":"220000988178","n":"15151","nm":"NEIA MINERINHA","cc":"MDB","nv":" ","e":"n","st":"Suplente","dvt":"V\u00e1lido","vap":"49","pvap":"   0,96"},{"seq":"22","sqcand":"220000933187","n":"25123","nm":"BAIANO PROC\u00d3PIO","cc":"DEM","nv":" ","e":"n","st":"Suplente","dvt":"V\u00e1lido","vap":"87","pvap":"   1,70"},{"seq":"55","sqcand":"220000988268","n":"19117","nm":"REI DA CENTO E OITENTA","cc":"PODE","nv":" ","e":"n","st":"N\u00e3o eleito","dvt":"V\u00e1lido","vap":"28","pvap":"   0,55"},{"seq":"51","sqcand":"220000933114","n":"13456","nm":"PROFESSORA M\u00c1RCIA","cc":"PT","nv":" ","e":"n","st":"N\u00e3o eleito","dvt":"V\u00e1lido","vap":"147","pvap":"   2,88"},{"seq":"11","sqcand":"220000988180","n":"15140","nm":"THIAGO DO ZEZITO","cc":"MDB","nv":" ","e":"n","st":"Suplente","dvt":"V\u00e1lido","vap":"180","pvap":"   3,52"},{"seq":"48","sqcand":"220001065571","n":"12999","nm":"NITA REIS","cc":"PDT","nv":" ","e":"n","st":"Suplente","dvt":"V\u00e1lido","vap":"2","pvap":"   0,04"},{"seq":"44","sqcand":"220000987521","n":"55145","nm":"F\u00c1TIMA","cc":"PSD","nv":" ","e":"n","st":"Suplente","dvt":"V\u00e1lido","vap":"6","pvap":"   0,12"},{"seq":"40","sqcand":"220001065573","n":"12176","nm":"SILVANA DO NANDE","cc":"PDT","nv":" ","e":"n","st":"Suplente","dvt":"V\u00e1lido","vap":"11","pvap":"   0,22"},{"seq":"29","sqcand":"220000988181","n":"15123","nm":"MONICA PAVAN","cc":"MDB","nv":" ","e":"n","st":"Suplente","dvt":"V\u00e1lido","vap":"32","pvap":"   0,63"},{"seq":"27","sqcand":"220000988175","n":"15222","nm":"ELIAS DO ONIBUS","cc":"MDB","nv":" ","e":"n","st":"Suplente","dvt":"V\u00e1lido","vap":"46","pvap":"   0,90"},{"seq":"41","sqcand":"220001142610","n":"12100","nm":"ANGELA EVANGELISTA","cc":"PDT","nv":" ","e":"n","st":"Suplente","dvt":"V\u00e1lido","vap":"10","pvap":"   0,20"},{"seq":"20","sqcand":"220001066636","n":"10172","nm":"J\u00d3 DA CENTO E SETENTA E DOIS","cc":"REPUBLICANOS","nv":" ","e":"n","st":"Suplente","dvt":"V\u00e1lido","vap":"98","pvap":"   1,92"},{"seq":"38","sqcand":"220001066639","n":"10222","nm":"EVANETE","cc":"REPUBLICANOS","nv":" ","e":"n","st":"Suplente","dvt":"V\u00e1lido","vap":"15","pvap":"   0,29"},{"seq":"57","sqcand":"220000988269","n":"19123","nm":"ELIETE VICENTE","cc":"PODE","nv":" ","e":"n","st":"N\u00e3o eleito","dvt":"V\u00e1lido","vap":"11","pvap":"   0,22"},{"seq":"56","sqcand":"220000988272","n":"19000","nm":"RODRIGO SOBRINHO DO OSVALDO","cc":"PODE","nv":" ","e":"n","st":"N\u00e3o eleito","dvt":"V\u00e1lido","vap":"25","pvap":"   0,49"},{"seq":"42","sqcand":"220000987525","n":"55222","nm":"PANELA","cc":"PSD","nv":" ","e":"n","st":"Suplente","dvt":"V\u00e1lido","vap":"9","pvap":"   0,18"},{"seq":"37","sqcand":"220001065579","n":"12345","nm":"SIMONE FERNANDES","cc":"PDT","nv":" ","e":"n","st":"Suplente","dvt":"V\u00e1lido","vap":"17","pvap":"   0,33"},{"seq":"30","sqcand":"220000933190","n":"25222","nm":"MANOEL MOTORISTA","cc":"DEM","nv":" ","e":"n","st":"Suplente","dvt":"V\u00e1lido","vap":"31","pvap":"   0,61"},{"seq":"35","sqcand":"220001066644","n":"10510","nm":"IRIS DE OLIVEIRA","cc":"REPUBLICANOS","nv":" ","e":"n","st":"Suplente","dvt":"V\u00e1lido","vap":"21","pvap":"   0,41"},{"seq":"33","sqcand":"220000933195","n":"25190","nm":"SUELEM ANSCHAU","cc":"DEM","nv":" ","e":"n","st":"Suplente","dvt":"V\u00e1lido","vap":"27","pvap":"   0,53"},{"seq":"45","sqcand":"220000933191","n":"25999","nm":"MARIA IMACULADA","cc":"DEM","nv":" ","e":"n","st":"Suplente","dvt":"V\u00e1lido","vap":"6","pvap":"   0,12"},{"seq":"31","sqcand":"220001066640","n":"10012","nm":"ROSIVALDO POPULAR TRISTEZA","cc":"REPUBLICANOS","nv":" ","e":"n","st":"Suplente","dvt":"V\u00e1lido","vap":"30","pvap":"   0,59"},{"seq":"49","sqcand":"220000987526","n":"55123","nm":"ANDR\u00c9 HENRIQUE","cc":"PSD","nv":" ","e":"n","st":"Suplente","dvt":"V\u00e1lido","vap":"2","pvap":"   0,04"},{"seq":"53","sqcand":"220000988270","n":"19999","nm":"NEGO DO T\u00c1XI","cc":"PODE","nv":" ","e":"n","st":"N\u00e3o eleito","dvt":"V\u00e1lido","vap":"76","pvap":"   1,49"},{"seq":"18","sqcand":"220001065576","n":"12456","nm":"CARLINHOS DA PATROL","cc":"PDT","nv":" ","e":"n","st":"Suplente","dvt":"V\u00e1lido","vap":"130","pvap":"   2,54"},{"seq":"28","sqcand":"220000988182","n":"15200","nm":"CARLINHOS DA DUZENTOS","cc":"MDB","nv":" ","e":"n","st":"Suplente","dvt":"V\u00e1lido","vap":"36","pvap":"   0,70"},{"seq":"32","sqcand":"220000987522","n":"55550","nm":"JUDY SOUZA","cc":"PSD","nv":" ","e":"n","st":"Suplente","dvt":"V\u00e1lido","vap":"27","pvap":"   0,53"},{"seq":"36","sqcand":"220001066645","n":"10123","nm":"CIDA RACKI","cc":"REPUBLICANOS","nv":" ","e":"n","st":"Suplente","dvt":"V\u00e1lido","vap":"17","pvap":"   0,33"},{"seq":"15","sqcand":"220001065578","n":"12222","nm":"RAFAEL VIEIRA","cc":"PDT","nv":" ","e":"n","st":"Suplente","dvt":"V\u00e1lido","vap":"145","pvap":"   2,84"},{"seq":"9","sqcand":"220001066637","n":"10444","nm":"NETO DA AGRICULTURA","cc":"REPUBLICANOS","nv":" ","e":"s","st":"Eleito","dvt":"V\u00e1lido","vap":"145","pvap":"   2,84"},{"seq":"52","sqcand":"220000987527","n":"55555","nm":"CARRIOLA","cc":"PSD","nv":" ","e":"n","st":"N\u00e3o eleito","dvt":"Anulado sub judice","vap":"140","pvap":"   2,74"},{"seq":"12","sqcand":"220001065575","n":"12333","nm":"MAURO CESAR","cc":"PDT","nv":" ","e":"n","st":"Suplente","dvt":"V\u00e1lido","vap":"170","pvap":"   3,33"},{"seq":"19","sqcand":"220001066643","n":"10555","nm":"MARCELO FELBERG","cc":"REPUBLICANOS","nv":" ","e":"n","st":"Suplente","dvt":"V\u00e1lido","vap":"115","pvap":"   2,25"},{"seq":"2","sqcand":"220000933194","n":"25000","nm":"PROFESSOR REGINALDO","cc":"DEM","nv":" ","e":"s","st":"Eleito","dvt":"V\u00e1lido","vap":"266","pvap":"   5,21"},{"seq":"34","sqcand":"220000987524","n":"55512","nm":"ROSE","cc":"PSD","nv":" ","e":"n","st":"Suplente","dvt":"V\u00e1lido","vap":"22","pvap":"   0,43"},{"seq":"1","sqcand":"220001066646","n":"10777","nm":"TICO DO POSTO","cc":"REPUBLICANOS","nv":" ","e":"s","st":"Eleito","dvt":"V\u00e1lido","vap":"271","pvap":"   5,30"},{"seq":"21","sqcand":"220001065570","n":"12123","nm":"ZELINDO","cc":"PDT","nv":" ","e":"n","st":"Suplente","dvt":"V\u00e1lido","vap":"96","pvap":"   1,88"},{"seq":"50","sqcand":"220000988176","n":"15333","nm":"FATIMA CORDEIRO","cc":"MDB","nv":" ","e":"n","st":"Suplente","dvt":"V\u00e1lido","vap":"1","pvap":"   0,02"},{"seq":"10","sqcand":"220000988179","n":"15555","nm":"GILDESIO DA SAUDE","cc":"MDB","nv":" ","e":"n","st":"Suplente","dvt":"V\u00e1lido","vap":"199","pvap":"   3,89"},{"seq":"17","sqcand":"220001065581","n":"12888","nm":"DEVAIR DO MERCADO","cc":"PDT","nv":" ","e":"n","st":"Suplente","dvt":"V\u00e1lido","vap":"134","pvap":"   2,62"},{"seq":"26","sqcand":"220000933189","n":"25111","nm":"NUBIA NAMORATO","cc":"DEM","nv":" ","e":"n","st":"Suplente","dvt":"V\u00e1lido","vap":"46","pvap":"   0,90"},{"seq":"47","sqcand":"220000933193","n":"25800","nm":"LAURA DA VILA PARAN\u00c1","cc":"DEM","nv":" ","e":"n","st":"Suplente","dvt":"V\u00e1lido","vap":"3","pvap":"   0,06"},{"seq":"4","sqcand":"220001065580","n":"12789","nm":"LAERCIO","cc":"PDT","nv":" ","e":"s","st":"Eleito","dvt":"V\u00e1lido","vap":"237","pvap":"   4,64"},{"seq":"5","sqcand":"220000988177","n":"15444","nm":"JOSE WILSON","cc":"MDB","nv":" ","e":"s","st":"Eleito","dvt":"V\u00e1lido","vap":"227","pvap":"   4,44"},{"seq":"24","sqcand":"220000987523","n":"55000","nm":"EDONIAS PIRES","cc":"PSD","nv":" ","e":"n","st":"Suplente","dvt":"V\u00e1lido","vap":"66","pvap":"   1,29"},{"seq":"43","sqcand":"220000987519","n":"55111","nm":"SIRLEI DO PICOL\u00c9","cc":"PSD","nv":" ","e":"n","st":"Suplente","dvt":"V\u00e1lido","vap":"7","pvap":"   0,14"}]}
