{"ele":"426","tpabr":"mu","cdabr":"00396","carper":"13","t":"1","f":"o","dt":"15/11/2020","ht":"21:30:02","dv":"s","tf":"s","v":"11","esae":"n","mnae":"","s":"62","st":"62","pst":" 100,00","snt":"0","psnt":"   0,00","si":"62","psi":" 100,00","sni":"0","psni":"   0,00","sa":"62","psa":" 100,00","sna":"0","psna":"   0,00","e":"22666","ea":"22666","pea":" 100,00","ena":"0","pena":"   0,00","esi":"22666","pesi":" 100,00","esni":"0","pesni":"   0,00","c":"15559","pc":"  68,64","a":"7107","pa":"  31,36","vscv":"0","vnom":"14148","vl":"826","pvnom":"  94,48","pvl":"   5,52","vvc":"14974","pvvc":"  96,24","vb":"232","pvb":"   1,49","tvn":"353","ptvn":"   2,27","vn":"353","pvn":" 100,00","vnt":"0","pvnt":"   0,00","vp":"0","pvp":"   0,00","vv":"14974","pvv":" 100,00","van":"0","pvan":"   0,00","vansj":"0","pvansj":"   0,00","tv":"15559","cand":[{"seq":"140","sqcand":"220001045919","n":"70234","nm":"WILSON CAPIXABA P\u00c9 DE CACHORRO","cc":"AVANTE","nv":" ","e":"n","st":"N\u00e3o eleito","dvt":"V\u00e1lido","vap":"24","pvap":"   0,16"},{"seq":"139","sqcand":"220000693499","n":"40364","nm":"ROSE RIBEIRO","cc":"PSB","nv":" ","e":"n","st":"N\u00e3o eleito","dvt":"V\u00e1lido","vap":"26","pvap":"   0,17"},{"seq":"4","sqcand":"220000744493","n":"45000","nm":"DANIEL VETERINARIO","cc":"PSDB","nv":" ","e":"s","st":"Eleito","dvt":"V\u00e1lido","vap":"377","pvap":"   2,52"},{"seq":"144","sqcand":"220001152915","n":"90456","nm":"LUZIA FELIX","cc":"PROS","nv":" ","e":"n","st":"N\u00e3o eleito","dvt":"V\u00e1lido","vap":"19","pvap":"   0,13"},{"seq":"109","sqcand":"220001045922","n":"70123","nm":"DEUVEKS","cc":"AVANTE","nv":" ","e":"n","st":"N\u00e3o eleito","dvt":"V\u00e1lido","vap":"143","pvap":"   0,95"},{"seq":"1","sqcand":"220000752752","n":"12500","nm":"GILMAR MEGA MODAS","cc":"PDT","nv":" ","e":"s","st":"Eleito","dvt":"V\u00e1lido","vap":"953","pvap":"   6,36"},{"seq":"82","sqcand":"220000793333","n":"14111","nm":"GOVEIA DO PESQUE E PAGUE","cc":"PTB","nv":" ","e":"n","st":"Suplente","dvt":"V\u00e1lido","vap":"30","pvap":"   0,20"},{"seq":"50","sqcand":"220000661403","n":"25333","nm":"D\u00c9IA DO BOM FUTURO","cc":"DEM","nv":" ","e":"n","st":"Suplente","dvt":"V\u00e1lido","vap":"81","pvap":"   0,54"},{"seq":"138","sqcand":"220000790035","n":"11123","nm":"NANI SILVA","cc":"PP","nv":" ","e":"n","st":"N\u00e3o eleito","dvt":"V\u00e1lido","vap":"27","pvap":"   0,18"},{"seq":"12","sqcand":"220000793325","n":"14222","nm":"CRISTINA DO PTB","cc":"PTB","nv":" ","e":"n","st":"Suplente","dvt":"V\u00e1lido","vap":"263","pvap":"   1,76"},{"seq":"113","sqcand":"220000693508","n":"40000","nm":"EDSON CASAR\u00c3O","cc":"PSB","nv":" ","e":"n","st":"N\u00e3o eleito","dvt":"V\u00e1lido","vap":"112","pvap":"   0,75"},{"seq":"55","sqcand":"220000744494","n":"45145","nm":"VANESSA DA C-02","cc":"PSDB","nv":" ","e":"n","st":"Suplente","dvt":"V\u00e1lido","vap":"61","pvap":"   0,41"},{"seq":"9","sqcand":"220000824014","n":"15200","nm":"ABRAHAOZINHO DA 16","cc":"MDB","nv":" ","e":"s","st":"Eleito","dvt":"V\u00e1lido","vap":"262","pvap":"   1,75"},{"seq":"97","sqcand":"220000849664","n":"77190","nm":"BETH HARDTH","cc":"SOLIDARIEDADE","nv":" ","e":"n","st":"Suplente","dvt":"V\u00e1lido","vap":"16","pvap":"   0,11"},{"seq":"8","sqcand":"220000752753","n":"12000","nm":"Z\u00c9 FERREIRA","cc":"PDT","nv":" ","e":"s","st":"Eleito","dvt":"V\u00e1lido","vap":"281","pvap":"   1,88"},{"seq":"81","sqcand":"220000661411","n":"25222","nm":"S\u00c9RGIO TOPOGR\u00c1FO","cc":"DEM","nv":" ","e":"n","st":"Suplente","dvt":"V\u00e1lido","vap":"31","pvap":"   0,21"},{"seq":"42","sqcand":"220000752758","n":"12123","nm":"SHELL DA FARM\u00c1CIA","cc":"PDT","nv":" ","e":"n","st":"Suplente","dvt":"V\u00e1lido","vap":"97","pvap":"   0,65"},{"seq":"130","sqcand":"220000693497","n":"40333","nm":"EDINHO OPERADOR","cc":"PSB","nv":" ","e":"n","st":"N\u00e3o eleito","dvt":"V\u00e1lido","vap":"39","pvap":"   0,26"},{"seq":"98","sqcand":"220000744486","n":"45105","nm":"VITIM","cc":"PSDB","nv":" ","e":"n","st":"Suplente","dvt":"V\u00e1lido","vap":"15","pvap":"   0,10"},{"seq":"53","sqcand":"220000790019","n":"10100","nm":"JEAN GALEAZZI","cc":"REPUBLICANOS","nv":" ","e":"n","st":"Suplente","dvt":"V\u00e1lido","vap":"65","pvap":"   0,43"},{"seq":"131","sqcand":"220001152917","n":"90111","nm":"AILTON DO BELO HORIZONTE","cc":"PROS","nv":" ","e":"n","st":"N\u00e3o eleito","dvt":"V\u00e1lido","vap":"36","pvap":"   0,24"},{"seq":"124","sqcand":"220001152919","n":"90123","nm":"MILLA LANA","cc":"PROS","nv":" ","e":"n","st":"N\u00e3o eleito","dvt":"V\u00e1lido","vap":"56","pvap":"   0,37"},{"seq":"120","sqcand":"220000790030","n":"11111","nm":"FABIO PENSO","cc":"PP","nv":" ","e":"n","st":"N\u00e3o eleito","dvt":"V\u00e1lido","vap":"66","pvap":"   0,44"},{"seq":"71","sqcand":"220000752756","n":"12112","nm":"EZEQUIEL FR.","cc":"PDT","nv":" ","e":"n","st":"Suplente","dvt":"V\u00e1lido","vap":"36","pvap":"   0,24"},{"seq":"146","sqcand":"220000790034","n":"11300","nm":"ROBSON COWBOY","cc":"PP","nv":" ","e":"n","st":"N\u00e3o eleito","dvt":"V\u00e1lido","vap":"17","pvap":"   0,11"},{"seq":"34","sqcand":"220000790016","n":"10123","nm":"ALFREDO FRAN\u00c7A","cc":"REPUBLICANOS","nv":" ","e":"n","st":"Suplente","dvt":"V\u00e1lido","vap":"111","pvap":"   0,74"},{"seq":"110","sqcand":"220000790032","n":"11456","nm":"MARCOS MERENDA","cc":"PP","nv":" ","e":"n","st":"N\u00e3o eleito","dvt":"V\u00e1lido","vap":"130","pvap":"   0,87"},{"seq":"128","sqcand":"220000693505","n":"40234","nm":"REGINALDO PEDREIRO","cc":"PSB","nv":" ","e":"n","st":"N\u00e3o eleito","dvt":"V\u00e1lido","vap":"41","pvap":"   0,27"},{"seq":"88","sqcand":"220000752765","n":"12203","nm":"CARLA DO MATERIAL UNI\u00c3O","cc":"PDT","nv":" ","e":"n","st":"Suplente","dvt":"V\u00e1lido","vap":"25","pvap":"   0,17"},{"seq":"48","sqcand":"220000752760","n":"12300","nm":"BIANO DO ESPORTE","cc":"PDT","nv":" ","e":"n","st":"Suplente","dvt":"V\u00e1lido","vap":"86","pvap":"   0,57"},{"seq":"70","sqcand":"220000867929","n":"13111","nm":"MARLUCIA MEDEIROS","cc":"PT","nv":" ","e":"n","st":"Suplente","dvt":"V\u00e1lido","vap":"38","pvap":"   0,25"},{"seq":"75","sqcand":"220000752757","n":"12212","nm":"ANDREIA VENDEDORA","cc":"PDT","nv":" ","e":"n","st":"Suplente","dvt":"V\u00e1lido","vap":"35","pvap":"   0,23"},{"seq":"14","sqcand":"220000867930","n":"13333","nm":"IRMAOZ\u00c3O DO AMIGOS DO CAMPO","cc":"PT","nv":" ","e":"n","st":"Suplente","dvt":"V\u00e1lido","vap":"233","pvap":"   1,56"},{"seq":"44","sqcand":"220000849670","n":"77222","nm":"MARIVALDO ELETRICISTA","cc":"SOLIDARIEDADE","nv":" ","e":"n","st":"Suplente","dvt":"V\u00e1lido","vap":"92","pvap":"   0,61"},{"seq":"76","sqcand":"220000824015","n":"15300","nm":"ROBERTAO DO 5&#186; BEC","cc":"MDB","nv":" ","e":"n","st":"Suplente","dvt":"V\u00e1lido","vap":"34","pvap":"   0,23"},{"seq":"148","sqcand":"220001045924","n":"70852","nm":"LEOMAR PAIVA","cc":"AVANTE","nv":" ","e":"n","st":"N\u00e3o eleito","dvt":"V\u00e1lido","vap":"13","pvap":"   0,09"},{"seq":"16","sqcand":"220000661406","n":"25555","nm":"MESSIAS FERNANDES","cc":"DEM","nv":" ","e":"n","st":"Suplente","dvt":"V\u00e1lido","vap":"214","pvap":"   1,43"},{"seq":"64","sqcand":"220000824018","n":"15000","nm":"AURELIANO LECA ","cc":"MDB","nv":" ","e":"n","st":"Suplente","dvt":"V\u00e1lido","vap":"48","pvap":"   0,32"},{"seq":"54","sqcand":"220000790007","n":"10255","nm":"MIRENE DIAS","cc":"REPUBLICANOS","nv":" ","e":"n","st":"Suplente","dvt":"V\u00e1lido","vap":"62","pvap":"   0,41"},{"seq":"73","sqcand":"220000867936","n":"13555","nm":"JOSELITO","cc":"PT","nv":" ","e":"n","st":"Suplente","dvt":"V\u00e1lido","vap":"35","pvap":"   0,23"},{"seq":"2","sqcand":"220000849660","n":"77622","nm":"NEGO TOLEDO","cc":"SOLIDARIEDADE","nv":" ","e":"s","st":"Eleito","dvt":"V\u00e1lido","vap":"595","pvap":"   3,97"},{"seq":"80","sqcand":"220000790010","n":"10500","nm":"RAIMUNDO FERREIRA DA GLEBA IV","cc":"REPUBLICANOS","nv":" ","e":"n","st":"Suplente","dvt":"V\u00e1lido","vap":"31","pvap":"   0,21"},{"seq":"46","sqcand":"220000867931","n":"13000","nm":"AN\u00c9SIO MOTA","cc":"PT","nv":" ","e":"n","st":"Suplente","dvt":"V\u00e1lido","vap":"91","pvap":"   0,61"},{"seq":"43","sqcand":"220000752754","n":"12369","nm":"LU MARTINS A LOIRA VENDEDORA","cc":"PDT","nv":" ","e":"n","st":"Suplente","dvt":"V\u00e1lido","vap":"95","pvap":"   0,63"},{"seq":"150","sqcand":"220000693500","n":"40444","nm":"MARTINHA DA LJ","cc":"PSB","nv":" ","e":"n","st":"N\u00e3o eleito","dvt":"V\u00e1lido","vap":"10","pvap":"   0,07"},{"seq":"49","sqcand":"220000790006","n":"10700","nm":"ROGERIO DO ORIENTE","cc":"REPUBLICANOS","nv":" ","e":"n","st":"Suplente","dvt":"V\u00e1lido","vap":"82","pvap":"   0,55"},{"seq":"117","sqcand":"220001045926","n":"70333","nm":"SANDRA PIMENTEL DO 5&#186; BEC","cc":"AVANTE","nv":" ","e":"n","st":"N\u00e3o eleito","dvt":"V\u00e1lido","vap":"74","pvap":"   0,49"},{"seq":"22","sqcand":"220001265755","n":"45111","nm":"RICARDO FREITAS","cc":"PSDB","nv":" ","e":"n","st":"Suplente","dvt":"V\u00e1lido","vap":"161","pvap":"   1,08"},{"seq":"27","sqcand":"220000849662","n":"77177","nm":"PROFESSORA ANDREIA NOBRE","cc":"SOLIDARIEDADE","nv":" ","e":"n","st":"Suplente","dvt":"V\u00e1lido","vap":"147","pvap":"   0,98"},{"seq":"106","sqcand":"220001065880","n":"45345","nm":"MONICA CHARIFE","cc":"PSDB","nv":" ","e":"n","st":"Suplente","dvt":"V\u00e1lido","vap":"4","pvap":"   0,03"},{"seq":"154","sqcand":"220001211845","n":"90444","nm":"EDIMAR BRAZIL EXTRATIVISTA","cc":"PROS","nv":" ","e":"n","st":"N\u00e3o eleito","dvt":"V\u00e1lido","vap":"4","pvap":"   0,03"},{"seq":"121","sqcand":"220000790029","n":"11000","nm":"ROSILENE FERREIRA","cc":"PP","nv":" ","e":"n","st":"N\u00e3o eleito","dvt":"V\u00e1lido","vap":"66","pvap":"   0,44"},{"seq":"25","sqcand":"220000661402","n":"25456","nm":"NALVA MAIA","cc":"DEM","nv":" ","e":"n","st":"Suplente","dvt":"V\u00e1lido","vap":"155","pvap":"   1,04"},{"seq":"24","sqcand":"220000661412","n":"25777","nm":"MARCOS BORTOLOTTI","cc":"DEM","nv":" ","e":"n","st":"Suplente","dvt":"V\u00e1lido","vap":"158","pvap":"   1,06"},{"seq":"68","sqcand":"220000790009","n":"10200","nm":"CHITA DO BEC","cc":"REPUBLICANOS","nv":" ","e":"n","st":"Suplente","dvt":"V\u00e1lido","vap":"41","pvap":"   0,27"},{"seq":"7","sqcand":"220000790014","n":"10118","nm":"AMAURI VALLE","cc":"REPUBLICANOS","nv":" ","e":"s","st":"Eleito","dvt":"V\u00e1lido","vap":"292","pvap":"   1,95"},{"seq":"69","sqcand":"220000744489","n":"45313","nm":"VANDERLEI DA 608 VERMELHA","cc":"PSDB","nv":" ","e":"n","st":"Suplente","dvt":"V\u00e1lido","vap":"40","pvap":"   0,27"},{"seq":"116","sqcand":"220001045928","n":"70555","nm":"CLEITON DA MA 28","cc":"AVANTE","nv":" ","e":"n","st":"N\u00e3o eleito","dvt":"V\u00e1lido","vap":"79","pvap":"   0,53"},{"seq":"156","sqcand":"220001045927","n":"70100","nm":"ANGELICA","cc":"AVANTE","nv":" ","e":"n","st":"N\u00e3o eleito","dvt":"V\u00e1lido","vap":"1","pvap":"   0,01"},{"seq":"136","sqcand":"220001045929","n":"70777","nm":"BAIANO BIGODE DE OURO","cc":"AVANTE","nv":" ","e":"n","st":"N\u00e3o eleito","dvt":"V\u00e1lido","vap":"28","pvap":"   0,19"},{"seq":"30","sqcand":"220000752761","n":"12200","nm":"ANDR\u00c9IA DO ESTRELA AZUL","cc":"PDT","nv":" ","e":"n","st":"Suplente","dvt":"V\u00e1lido","vap":"126","pvap":"   0,84"},{"seq":"137","sqcand":"220000693507","n":"40283","nm":"JACK SALLES","cc":"PSB","nv":" ","e":"n","st":"N\u00e3o eleito","dvt":"V\u00e1lido","vap":"27","pvap":"   0,18"},{"seq":"126","sqcand":"220000790033","n":"11211","nm":"Z\u00c9 10","cc":"PP","nv":" ","e":"n","st":"N\u00e3o eleito","dvt":"V\u00e1lido","vap":"53","pvap":"   0,35"},{"seq":"72","sqcand":"220000824019","n":"15123","nm":"DHIENIFER SOUZA","cc":"MDB","nv":" ","e":"n","st":"Suplente","dvt":"V\u00e1lido","vap":"36","pvap":"   0,24"},{"seq":"127","sqcand":"220000693501","n":"40123","nm":"X\u00c9","cc":"PSB","nv":" ","e":"n","st":"N\u00e3o eleito","dvt":"V\u00e1lido","vap":"42","pvap":"   0,28"},{"seq":"78","sqcand":"220000744488","n":"45678","nm":"GAGO DO ESTRELA AZUL","cc":"PSDB","nv":" ","e":"n","st":"Suplente","dvt":"V\u00e1lido","vap":"32","pvap":"   0,21"},{"seq":"92","sqcand":"220000790013","n":"10456","nm":"ZINHO DO BOM FUTURO","cc":"REPUBLICANOS","nv":" ","e":"n","st":"Suplente","dvt":"V\u00e1lido","vap":"21","pvap":"   0,14"},{"seq":"77","sqcand":"220000790017","n":"10300","nm":"ANA PAULA ROSSI","cc":"REPUBLICANOS","nv":" ","e":"n","st":"Suplente","dvt":"V\u00e1lido","vap":"33","pvap":"   0,22"},{"seq":"18","sqcand":"220000849663","n":"77333","nm":"GINA","cc":"SOLIDARIEDADE","nv":" ","e":"n","st":"Suplente","dvt":"V\u00e1lido","vap":"202","pvap":"   1,35"},{"seq":"11","sqcand":"220000849661","n":"77777","nm":"LOURIVAL O ENFERMEIRO","cc":"SOLIDARIEDADE","nv":" ","e":"s","st":"Eleito","dvt":"V\u00e1lido","vap":"225","pvap":"   1,50"},{"seq":"104","sqcand":"220000793330","n":"14333","nm":"DORA DO BAIRRO ALIAN\u00c7A","cc":"PTB","nv":" ","e":"n","st":"Suplente","dvt":"V\u00e1lido","vap":"7","pvap":"   0,05"},{"seq":"28","sqcand":"220000824013","n":"15500","nm":"PROF. SERGIO COELHO","cc":"MDB","nv":" ","e":"n","st":"Suplente","dvt":"V\u00e1lido","vap":"142","pvap":"   0,95"},{"seq":"32","sqcand":"220000661404","n":"25007","nm":"ADEMIR DO DPVAT","cc":"DEM","nv":" ","e":"n","st":"Suplente","dvt":"V\u00e1lido","vap":"117","pvap":"   0,78"},{"seq":"10","sqcand":"220000661405","n":"25115","nm":"CICERO MARTINS","cc":"DEM","nv":" ","e":"s","st":"Eleito","dvt":"V\u00e1lido","vap":"230","pvap":"   1,54"},{"seq":"122","sqcand":"220001152921","n":"90000","nm":"L\u00c1ZARO PARDINHO","cc":"PROS","nv":" ","e":"n","st":"N\u00e3o eleito","dvt":"V\u00e1lido","vap":"65","pvap":"   0,43"},{"seq":"79","sqcand":"220000793332","n":"14200","nm":"IZABEL DO BOM FUTURO","cc":"PTB","nv":" ","e":"n","st":"Suplente","dvt":"V\u00e1lido","vap":"32","pvap":"   0,21"},{"seq":"23","sqcand":"220000824012","n":"15222","nm":"PROF. CEZAR","cc":"MDB","nv":" ","e":"n","st":"Suplente","dvt":"V\u00e1lido","vap":"159","pvap":"   1,06"},{"seq":"58","sqcand":"220000752763","n":"12333","nm":"EDIVANIA DO ESTRELA AZUL","cc":"PDT","nv":" ","e":"n","st":"Suplente","dvt":"V\u00e1lido","vap":"58","pvap":"   0,39"},{"seq":"51","sqcand":"220000849668","n":"77300","nm":"BIZANTE DO \u00d4NIBUS","cc":"SOLIDARIEDADE","nv":" ","e":"n","st":"Suplente","dvt":"V\u00e1lido","vap":"76","pvap":"   0,51"},{"seq":"60","sqcand":"220000752755","n":"12999","nm":"SIMONE MANICURE","cc":"PDT","nv":" ","e":"n","st":"Suplente","dvt":"V\u00e1lido","vap":"56","pvap":"   0,37"},{"seq":"96","sqcand":"220000824022","n":"15777","nm":"EDNA DO PRIMAVERA","cc":"MDB","nv":" ","e":"n","st":"Suplente","dvt":"V\u00e1lido","vap":"17","pvap":"   0,11"},{"seq":"153","sqcand":"220001045921","n":"70277","nm":"REINALDO SALES","cc":"AVANTE","nv":" ","e":"n","st":"N\u00e3o eleito","dvt":"V\u00e1lido","vap":"5","pvap":"   0,03"},{"seq":"94","sqcand":"220000793329","n":"14000","nm":"VERIDIANO ARAUJO ","cc":"PTB","nv":" ","e":"n","st":"Suplente","dvt":"V\u00e1lido","vap":"20","pvap":"   0,13"},{"seq":"101","sqcand":"220000661407","n":"25321","nm":"AUGUSTINHO CARRARA","cc":"DEM","nv":" ","e":"n","st":"Suplente","dvt":"V\u00e1lido","vap":"12","pvap":"   0,08"},{"seq":"143","sqcand":"220001152920","n":"90999","nm":"SANDR\u00c3O DO PROS","cc":"PROS","nv":" ","e":"n","st":"N\u00e3o eleito","dvt":"V\u00e1lido","vap":"20","pvap":"   0,13"},{"seq":"66","sqcand":"220000744491","n":"45333","nm":"JOEL MOTOSSERRA","cc":"PSDB","nv":" ","e":"n","st":"Suplente","dvt":"V\u00e1lido","vap":"44","pvap":"   0,29"},{"seq":"107","sqcand":"220000867932","n":"13615","nm":"VALTO DO ORIENTE NOVO","cc":"PT","nv":" ","e":"n","st":"Suplente","dvt":"V\u00e1lido","vap":"2","pvap":"   0,01"},{"seq":"103","sqcand":"220000793328","n":"14500","nm":"DELZIRA DO 5&#186; BEC","cc":"PTB","nv":" ","e":"n","st":"Suplente","dvt":"V\u00e1lido","vap":"8","pvap":"   0,05"},{"seq":"52","sqcand":"220000752764","n":"12222","nm":"MARIA DE FATIMA","cc":"PDT","nv":" ","e":"n","st":"Suplente","dvt":"V\u00e1lido","vap":"68","pvap":"   0,45"},{"seq":"21","sqcand":"220000661400","n":"25444","nm":"PROF. IAANE","cc":"DEM","nv":" ","e":"n","st":"Suplente","dvt":"V\u00e1lido","vap":"168","pvap":"   1,12"},{"seq":"35","sqcand":"220000790015","n":"10000","nm":"POLACO MOTORISTA","cc":"REPUBLICANOS","nv":" ","e":"n","st":"Suplente","dvt":"V\u00e1lido","vap":"109","pvap":"   0,73"},{"seq":"93","sqcand":"220000752766","n":"12800","nm":"BRUNO FREIRE","cc":"PDT","nv":" ","e":"n","st":"Suplente","dvt":"V\u00e1lido","vap":"21","pvap":"   0,14"},{"seq":"89","sqcand":"220000867938","n":"13004","nm":"ANGELICA ADLA","cc":"PT","nv":" ","e":"n","st":"Suplente","dvt":"V\u00e1lido","vap":"25","pvap":"   0,17"},{"seq":"86","sqcand":"220000867933","n":"13444","nm":"JANE DO BOM FUTURO","cc":"PT","nv":" ","e":"n","st":"Suplente","dvt":"V\u00e1lido","vap":"28","pvap":"   0,19"},{"seq":"74","sqcand":"220000849665","n":"77110","nm":"VANDELEY AMADO BATISTA DE RO","cc":"SOLIDARIEDADE","nv":" ","e":"n","st":"Suplente","dvt":"V\u00e1lido","vap":"35","pvap":"   0,23"},{"seq":"119","sqcand":"220000693498","n":"40022","nm":"CELSO BARBOSA","cc":"PSB","nv":" ","e":"n","st":"N\u00e3o eleito","dvt":"V\u00e1lido","vap":"67","pvap":"   0,45"},{"seq":"145","sqcand":"220001045920","n":"70000","nm":"SILVANA DA LJ 29","cc":"AVANTE","nv":" ","e":"n","st":"N\u00e3o eleito","dvt":"V\u00e1lido","vap":"18","pvap":"   0,12"},{"seq":"142","sqcand":"220000693503","n":"40040","nm":"MARCIANA GON\u00c7ALVES","cc":"PSB","nv":" ","e":"n","st":"N\u00e3o eleito","dvt":"V\u00e1lido","vap":"21","pvap":"   0,14"},{"seq":"108","sqcand":"220001045925","n":"70456","nm":"MAXSUEL QUEIROZ","cc":"AVANTE","nv":" ","e":"n","st":"N\u00e3o eleito","dvt":"V\u00e1lido","vap":"170","pvap":"   1,14"},{"seq":"15","sqcand":"220000849667","n":"77123","nm":"PROFESSOR CARL\u00c3O","cc":"SOLIDARIEDADE","nv":" ","e":"n","st":"Suplente","dvt":"V\u00e1lido","vap":"214","pvap":"   1,43"},{"seq":"19","sqcand":"220000752762","n":"12700","nm":"WELLITON FRANCISCO","cc":"PDT","nv":" ","e":"n","st":"Suplente","dvt":"V\u00e1lido","vap":"186","pvap":"   1,24"},{"seq":"31","sqcand":"220000661401","n":"25000","nm":"WAGNER PASSOS","cc":"DEM","nv":" ","e":"n","st":"Suplente","dvt":"V\u00e1lido","vap":"123","pvap":"   0,82"},{"seq":"105","sqcand":"220000744485","n":"45700","nm":"JOAO SORRISAO","cc":"PSDB","nv":" ","e":"n","st":"Suplente","dvt":"V\u00e1lido","vap":"6","pvap":"   0,04"},{"seq":"125","sqcand":"220000693504","n":"40888","nm":"ROBSON SANTOS","cc":"PSB","nv":" ","e":"n","st":"N\u00e3o eleito","dvt":"V\u00e1lido","vap":"54","pvap":"   0,36"},{"seq":"17","sqcand":"220000752751","n":"12345","nm":"JO\u00c3O CARLOS","cc":"PDT","nv":" ","e":"n","st":"Suplente","dvt":"V\u00e1lido","vap":"208","pvap":"   1,39"},{"seq":"65","sqcand":"220000661408","n":"25111","nm":"PROF. RENATA MOTA","cc":"DEM","nv":" ","e":"n","st":"Suplente","dvt":"V\u00e1lido","vap":"48","pvap":"   0,32"},{"seq":"6","sqcand":"220000661413","n":"25238","nm":"BAIANO CAMINH\u00c3O TRINTA E OITO","cc":"DEM","nv":" ","e":"s","st":"Eleito","dvt":"V\u00e1lido","vap":"325","pvap":"   2,17"},{"seq":"41","sqcand":"220000849666","n":"77555","nm":"AD\u00c3O","cc":"SOLIDARIEDADE","nv":" ","e":"n","st":"Suplente","dvt":"V\u00e1lido","vap":"97","pvap":"   0,65"},{"seq":"114","sqcand":"220000790027","n":"11100","nm":"NILVAN DA 8","cc":"PP","nv":" ","e":"n","st":"N\u00e3o eleito","dvt":"V\u00e1lido","vap":"109","pvap":"   0,73"},{"seq":"62","sqcand":"220000790018","n":"10900","nm":"JAIR CAMATA","cc":"REPUBLICANOS","nv":" ","e":"n","st":"Suplente","dvt":"V\u00e1lido","vap":"52","pvap":"   0,35"},{"seq":"152","sqcand":"220000790036","n":"11500","nm":"PATRICIA FERNANDES","cc":"PP","nv":" ","e":"n","st":"N\u00e3o eleito","dvt":"V\u00e1lido","vap":"7","pvap":"   0,05"},{"seq":"59","sqcand":"220000752759","n":"12312","nm":"SINICA DA POLPA DE FRUTA","cc":"PDT","nv":" ","e":"n","st":"Suplente","dvt":"V\u00e1lido","vap":"57","pvap":"   0,38"},{"seq":"63","sqcand":"220000790012","n":"10111","nm":"ADRIANO DENT\u00c3O","cc":"REPUBLICANOS","nv":" ","e":"n","st":"Suplente","dvt":"V\u00e1lido","vap":"49","pvap":"   0,33"},{"seq":"33","sqcand":"220000824011","n":"15100","nm":"MARANH\u00c3O DA SUCAM","cc":"MDB","nv":" ","e":"n","st":"Suplente","dvt":"V\u00e1lido","vap":"116","pvap":"   0,77"},{"seq":"38","sqcand":"220000867937","n":"13123","nm":"VAGUINHO","cc":"PT","nv":" ","e":"n","st":"Suplente","dvt":"V\u00e1lido","vap":"103","pvap":"   0,69"},{"seq":"3","sqcand":"220000793327","n":"14444","nm":"REGINALDO DO ESPORTE","cc":"PTB","nv":" ","e":"s","st":"Eleito","dvt":"V\u00e1lido","vap":"567","pvap":"   3,79"},{"seq":"91","sqcand":"220000793322","n":"14123","nm":"CELIA DO BRINAT","cc":"PTB","nv":" ","e":"n","st":"Suplente","dvt":"V\u00e1lido","vap":"22","pvap":"   0,15"},{"seq":"85","sqcand":"220000790008","n":"10222","nm":"ADRIANA COSTUREIRA","cc":"REPUBLICANOS","nv":" ","e":"n","st":"Suplente","dvt":"V\u00e1lido","vap":"29","pvap":"   0,19"},{"seq":"29","sqcand":"220000661414","n":"25123","nm":"ELENICE DA ENFERMAGEM","cc":"DEM","nv":" ","e":"n","st":"Suplente","dvt":"V\u00e1lido","vap":"138","pvap":"   0,92"},{"seq":"20","sqcand":"220000744490","n":"45555","nm":"KAKI CUNHA","cc":"PSDB","nv":" ","e":"n","st":"Suplente","dvt":"V\u00e1lido","vap":"169","pvap":"   1,13"},{"seq":"151","sqcand":"220001045918","n":"70500","nm":"NAURA DO 5&#186; BEC","cc":"AVANTE","nv":" ","e":"n","st":"N\u00e3o eleito","dvt":"V\u00e1lido","vap":"7","pvap":"   0,05"},{"seq":"26","sqcand":"220000793326","n":"14768","nm":"BAIANO DO RODEIO","cc":"PTB","nv":" ","e":"n","st":"Suplente","dvt":"V\u00e1lido","vap":"150","pvap":"   1,00"},{"seq":"67","sqcand":"220000849672","n":"77710","nm":"DADAU","cc":"SOLIDARIEDADE","nv":" ","e":"n","st":"Suplente","dvt":"V\u00e1lido","vap":"43","pvap":"   0,29"},{"seq":"135","sqcand":"220000693494","n":"40134","nm":"SARGENTO JAIRO","cc":"PSB","nv":" ","e":"n","st":"N\u00e3o eleito","dvt":"V\u00e1lido","vap":"30","pvap":"   0,20"},{"seq":"61","sqcand":"220000849671","n":"77111","nm":"ELIANE PASTER","cc":"SOLIDARIEDADE","nv":" ","e":"n","st":"Suplente","dvt":"V\u00e1lido","vap":"53","pvap":"   0,35"},{"seq":"13","sqcand":"220000824017","n":"15111","nm":"BATISTA DO 5&#186;BEC","cc":"MDB","nv":" ","e":"n","st":"Suplente","dvt":"V\u00e1lido","vap":"235","pvap":"   1,57"},{"seq":"36","sqcand":"220000661409","n":"25500","nm":"ROINE TEIXEIRA","cc":"DEM","nv":" ","e":"n","st":"Suplente","dvt":"V\u00e1lido","vap":"109","pvap":"   0,73"},{"seq":"37","sqcand":"220000824016","n":"15555","nm":"TI\u00c3O CARREIRO","cc":"MDB","nv":" ","e":"n","st":"Suplente","dvt":"V\u00e1lido","vap":"105","pvap":"   0,70"},{"seq":"149","sqcand":"220000790037","n":"11444","nm":"EDNA RODEX","cc":"PP","nv":" ","e":"n","st":"N\u00e3o eleito","dvt":"V\u00e1lido","vap":"13","pvap":"   0,09"},{"seq":"133","sqcand":"220000693502","n":"40962","nm":"AILTON SERGIO","cc":"PSB","nv":" ","e":"n","st":"N\u00e3o eleito","dvt":"V\u00e1lido","vap":"33","pvap":"   0,22"},{"seq":"123","sqcand":"220001211844","n":"90555","nm":"LUIZ DA PAO DE MEL","cc":"PROS","nv":" ","e":"n","st":"N\u00e3o eleito","dvt":"V\u00e1lido","vap":"60","pvap":"   0,40"},{"seq":"100","sqcand":"220000824021","n":"15400","nm":"PROF. VAL","cc":"MDB","nv":" ","e":"n","st":"Suplente","dvt":"V\u00e1lido","vap":"12","pvap":"   0,08"},{"seq":"39","sqcand":"220000867934","n":"13610","nm":"Z\u00c9 RAMOS","cc":"PT","nv":" ","e":"n","st":"Suplente","dvt":"V\u00e1lido","vap":"102","pvap":"   0,68"},{"seq":"5","sqcand":"220000867935","n":"13222","nm":"CLEMENTE","cc":"PT","nv":" ","e":"s","st":"Eleito","dvt":"V\u00e1lido","vap":"334","pvap":"   2,23"},{"seq":"57","sqcand":"220000824020","n":"15678","nm":"FABIANE PIRES","cc":"MDB","nv":" ","e":"n","st":"Suplente","dvt":"V\u00e1lido","vap":"58","pvap":"   0,39"},{"seq":"99","sqcand":"220001065881","n":"45666","nm":"PROFESSORA SIRLEY","cc":"PSDB","nv":" ","e":"n","st":"Suplente","dvt":"V\u00e1lido","vap":"15","pvap":"   0,10"},{"seq":"134","sqcand":"220001045917","n":"70222","nm":"DITINHO DOS TECLADOS","cc":"AVANTE","nv":" ","e":"n","st":"N\u00e3o eleito","dvt":"V\u00e1lido","vap":"32","pvap":"   0,21"},{"seq":"102","sqcand":"220000744487","n":"45567","nm":"SHEILA PEREIRA","cc":"PSDB","nv":" ","e":"n","st":"Suplente","dvt":"V\u00e1lido","vap":"10","pvap":"   0,07"},{"seq":"147","sqcand":"220000693496","n":"40391","nm":"MARIA LUCIA","cc":"PSB","nv":" ","e":"n","st":"N\u00e3o eleito","dvt":"V\u00e1lido","vap":"16","pvap":"   0,11"},{"seq":"84","sqcand":"220000790005","n":"10333","nm":"JOS\u00c9 BARROS","cc":"REPUBLICANOS","nv":" ","e":"n","st":"Suplente","dvt":"V\u00e1lido","vap":"29","pvap":"   0,19"},{"seq":"112","sqcand":"220000790031","n":"11333","nm":"VAL PAIVA DA C 4","cc":"PP","nv":" ","e":"n","st":"N\u00e3o eleito","dvt":"V\u00e1lido","vap":"120","pvap":"   0,80"},{"seq":"83","sqcand":"220000744492","n":"45222","nm":"LUCIANA IZE","cc":"PSDB","nv":" ","e":"n","st":"Suplente","dvt":"V\u00e1lido","vap":"30","pvap":"   0,20"},{"seq":"155","sqcand":"220001152916","n":"90777","nm":"CARL\u00c3O FRETEIRO","cc":"PROS","nv":" ","e":"n","st":"N\u00e3o eleito","dvt":"V\u00e1lido","vap":"1","pvap":"   0,01"},{"seq":"141","sqcand":"220000693495","n":"40500","nm":"ROGERIO BRANCO","cc":"PSB","nv":" ","e":"n","st":"N\u00e3o eleito","dvt":"V\u00e1lido","vap":"21","pvap":"   0,14"},{"seq":"118","sqcand":"220000693506","n":"40100","nm":"ADILSON (DUH)","cc":"PSB","nv":" ","e":"n","st":"N\u00e3o eleito","dvt":"V\u00e1lido","vap":"72","pvap":"   0,48"},{"seq":"95","sqcand":"220000793324","n":"14456","nm":"RAMALIS SOARES ","cc":"PTB","nv":" ","e":"n","st":"Suplente","dvt":"V\u00e1lido","vap":"17","pvap":"   0,11"},{"seq":"56","sqcand":"220000790020","n":"10555","nm":"ELIA BAIANA","cc":"REPUBLICANOS","nv":" ","e":"n","st":"Suplente","dvt":"V\u00e1lido","vap":"59","pvap":"   0,39"},{"seq":"115","sqcand":"220001045923","n":"70700","nm":"Z\u00c9 ELIAS ELETRICISTA","cc":"AVANTE","nv":" ","e":"n","st":"N\u00e3o eleito","dvt":"V\u00e1lido","vap":"95","pvap":"   0,63"},{"seq":"47","sqcand":"220000793323","n":"14133","nm":"JANIO DE AVILA","cc":"PTB","nv":" ","e":"n","st":"Suplente","dvt":"V\u00e1lido","vap":"88","pvap":"   0,59"},{"seq":"90","sqcand":"220000790011","n":"10010","nm":"VERA BOLSONARO","cc":"REPUBLICANOS","nv":" ","e":"n","st":"Suplente","dvt":"V\u00e1lido","vap":"23","pvap":"   0,15"},{"seq":"45","sqcand":"220000744495","n":"45123","nm":"TONINHO TONICO","cc":"PSDB","nv":" ","e":"n","st":"Suplente","dvt":"V\u00e1lido","vap":"92","pvap":"   0,61"},{"seq":"129","sqcand":"220000790028","n":"11222","nm":"RENILDO LUCIANO TERAPELTA","cc":"PP","nv":" ","e":"n","st":"N\u00e3o eleito","dvt":"V\u00e1lido","vap":"40","pvap":"   0,27"},{"seq":"111","sqcand":"220001152914","n":"90789","nm":"RICARDO FERRARI","cc":"PROS","nv":" ","e":"n","st":"N\u00e3o eleito","dvt":"V\u00e1lido","vap":"123","pvap":"   0,82"},{"seq":"87","sqcand":"220000793331","n":"14100","nm":"BRUNO RIZO","cc":"PTB","nv":" ","e":"n","st":"Suplente","dvt":"V\u00e1lido","vap":"26","pvap":"   0,17"},{"seq":"40","sqcand":"220000849669","n":"77100","nm":"ENOCZ DA FARMACIA","cc":"SOLIDARIEDADE","nv":" ","e":"n","st":"Suplente","dvt":"V\u00e1lido","vap":"100","pvap":"   0,67"},{"seq":"132","sqcand":"220001152918","n":"90333","nm":"CHICO PRETO","cc":"PROS","nv":" ","e":"n","st":"N\u00e3o eleito","dvt":"V\u00e1lido","vap":"35","pvap":"   0,23"}]}
