{"ele":"426","tpabr":"mu","cdabr":"00477","carper":"13","t":"1","f":"o","dt":"15/11/2020","ht":"21:37:16","dv":"s","tf":"s","v":"11","esae":"n","mnae":"","s":"47","st":"47","pst":" 100,00","snt":"0","psnt":"   0,00","si":"47","psi":" 100,00","sni":"0","psni":"   0,00","sa":"47","psa":" 100,00","sna":"0","psna":"   0,00","e":"18023","ea":"18023","pea":" 100,00","ena":"0","pena":"   0,00","esi":"18023","pesi":" 100,00","esni":"0","pesni":"   0,00","c":"13288","pc":"  73,73","a":"4735","pa":"  26,27","vscv":"0","vnom":"11963","vl":"611","pvnom":"  95,14","pvl":"   4,86","vvc":"12758","pvvc":"  96,01","vb":"190","pvb":"   1,43","tvn":"340","ptvn":"   2,56","vn":"337","pvn":"  99,12","vnt":"3","pvnt":"   0,88","vp":"0","pvp":"   0,00","vv":"12574","pvv":"  98,56","van":"0","pvan":"   0,00","vansj":"184","pvansj":"   1,44","tv":"13288","cand":[{"seq":"2","sqcand":"220001216714","n":"25250","nm":"ZILMAR DOMINGOS","cc":"DEM","nv":" ","e":"s","st":"Eleito","dvt":"V\u00e1lido","vap":"457","pvap":"   3,58"},{"seq":"55","sqcand":"220000836123","n":"11111","nm":"MARCELO LIMOEIRO","cc":"PP","nv":" ","e":"n","st":"Suplente","dvt":"V\u00e1lido","vap":"53","pvap":"   0,42"},{"seq":"53","sqcand":"220000772136","n":"40330","nm":"ESTEFANY SILVA ","cc":"PSB","nv":" ","e":"n","st":"Suplente","dvt":"V\u00e1lido","vap":"57","pvap":"   0,45"},{"seq":"65","sqcand":"220001216725","n":"25678","nm":"LINDOVAL APA","cc":"DEM","nv":" ","e":"n","st":"Suplente","dvt":"V\u00e1lido","vap":"31","pvap":"   0,24"},{"seq":"54","sqcand":"220000836121","n":"11789","nm":"VIVALDO CORREIA","cc":"PP","nv":" ","e":"n","st":"Suplente","dvt":"V\u00e1lido","vap":"56","pvap":"   0,44"},{"seq":"35","sqcand":"220001074850","n":"10123","nm":"NICE DO OZIEL DA RADIO","cc":"REPUBLICANOS","nv":" ","e":"n","st":"Suplente","dvt":"V\u00e1lido","vap":"141","pvap":"   1,11"},{"seq":"114","sqcand":"220001216715","n":"25123","nm":"BEJIM","cc":"DEM","nv":" ","e":"n","st":"N\u00e3o eleito","dvt":"Anulado sub judice","vap":"0","pvap":"00.00"},{"seq":"89","sqcand":"220000836124","n":"11364","nm":"NADI COBRADORA","cc":"PP","nv":" ","e":"n","st":"Suplente","dvt":"V\u00e1lido","vap":"9","pvap":"   0,07"},{"seq":"63","sqcand":"220001270005","n":"15140","nm":"RUI BARBOSA","cc":"MDB","nv":" ","e":"n","st":"Suplente","dvt":"V\u00e1lido","vap":"34","pvap":"   0,27"},{"seq":"81","sqcand":"220000932332","n":"70555","nm":"ALEX BRASIL","cc":"AVANTE","nv":" ","e":"n","st":"Suplente","dvt":"V\u00e1lido","vap":"18","pvap":"   0,14"},{"seq":"64","sqcand":"220001216722","n":"25777","nm":"AUGUSTO CORREIA","cc":"DEM","nv":" ","e":"n","st":"Suplente","dvt":"V\u00e1lido","vap":"32","pvap":"   0,25"},{"seq":"41","sqcand":"220001074856","n":"10888","nm":"JUNIOR PERNAMBUCO","cc":"REPUBLICANOS","nv":" ","e":"n","st":"Suplente","dvt":"V\u00e1lido","vap":"123","pvap":"   0,96"},{"seq":"85","sqcand":"220001074859","n":"10101","nm":"CECILIA MARINES","cc":"REPUBLICANOS","nv":" ","e":"n","st":"Suplente","dvt":"V\u00e1lido","vap":"12","pvap":"   0,09"},{"seq":"3","sqcand":"220000776080","n":"51333","nm":"SILAS CORDEIRO","cc":"PATRIOTA","nv":" ","e":"s","st":"Eleito","dvt":"V\u00e1lido","vap":"448","pvap":"   3,51"},{"seq":"96","sqcand":"220000836114","n":"11100","nm":"IVANIZA SOUSA NENCA","cc":"PP","nv":" ","e":"n","st":"Suplente","dvt":"V\u00e1lido","vap":"6","pvap":"   0,05"},{"seq":"44","sqcand":"220000836115","n":"11190","nm":"SGT J  OLIVEIRA","cc":"PP","nv":" ","e":"n","st":"Suplente","dvt":"V\u00e1lido","vap":"106","pvap":"   0,83"},{"seq":"62","sqcand":"220000772145","n":"40555","nm":"GENTIL DA AGRICULTURA","cc":"PSB","nv":" ","e":"n","st":"Suplente","dvt":"V\u00e1lido","vap":"36","pvap":"   0,28"},{"seq":"40","sqcand":"220001074849","n":"10456","nm":"LAURA ALVES","cc":"REPUBLICANOS","nv":" ","e":"n","st":"Suplente","dvt":"V\u00e1lido","vap":"128","pvap":"   1,00"},{"seq":"87","sqcand":"220001216723","n":"25244","nm":"VIVIANE","cc":"DEM","nv":" ","e":"n","st":"Suplente","dvt":"V\u00e1lido","vap":"11","pvap":"   0,09"},{"seq":"47","sqcand":"220001216726","n":"25225","nm":"JO\u00c3O DA FARMACIA","cc":"DEM","nv":" ","e":"n","st":"Suplente","dvt":"V\u00e1lido","vap":"98","pvap":"   0,77"},{"seq":"25","sqcand":"220001076088","n":"15100","nm":"GRILO DO \u00d4NIBUS","cc":"MDB","nv":" ","e":"n","st":"Suplente","dvt":"V\u00e1lido","vap":"183","pvap":"   1,43"},{"seq":"39","sqcand":"220000772142","n":"40123","nm":"MAIRON DA SEGURAN\u00c7A ","cc":"PSB","nv":" ","e":"n","st":"Suplente","dvt":"V\u00e1lido","vap":"131","pvap":"   1,03"},{"seq":"42","sqcand":"220001074858","n":"10333","nm":"OSCAR RODRIGUES","cc":"REPUBLICANOS","nv":" ","e":"n","st":"Suplente","dvt":"V\u00e1lido","vap":"116","pvap":"   0,91"},{"seq":"22","sqcand":"220000776085","n":"51789","nm":"NALDO DO B E B","cc":"PATRIOTA","nv":" ","e":"n","st":"Suplente","dvt":"V\u00e1lido","vap":"191","pvap":"   1,50"},{"seq":"92","sqcand":"220000932331","n":"70222","nm":"LUZIANE BER\u00c9","cc":"AVANTE","nv":" ","e":"n","st":"Suplente","dvt":"V\u00e1lido","vap":"7","pvap":"   0,05"},{"seq":"38","sqcand":"220000836125","n":"11222","nm":"ELTON DOUGLAS","cc":"PP","nv":" ","e":"n","st":"Suplente","dvt":"V\u00e1lido","vap":"133","pvap":"   1,04"},{"seq":"72","sqcand":"220000772129","n":"40125","nm":"CONCEI\u00c7\u00c3O DA SA\u00daDE","cc":"PSB","nv":" ","e":"n","st":"Suplente","dvt":"V\u00e1lido","vap":"24","pvap":"   0,19"},{"seq":"113","sqcand":"220000932333","n":"70170","nm":"CHIC\u00c3O DO CANDEIAS","cc":"AVANTE","nv":" ","e":"n","st":"N\u00e3o eleito","dvt":"Anulado sub judice","vap":"1","pvap":"   0,01"},{"seq":"52","sqcand":"220000776088","n":"51999","nm":"SIMONE MAR\u00c7I\u00c3O","cc":"PATRIOTA","nv":" ","e":"n","st":"Suplente","dvt":"V\u00e1lido","vap":"62","pvap":"   0,49"},{"seq":"56","sqcand":"220000776084","n":"51000","nm":"ROSE DO FUTEBOL","cc":"PATRIOTA","nv":" ","e":"n","st":"Suplente","dvt":"V\u00e1lido","vap":"52","pvap":"   0,41"},{"seq":"60","sqcand":"220000836119","n":"11123","nm":"MARCIO BELLETE","cc":"PP","nv":" ","e":"n","st":"Suplente","dvt":"V\u00e1lido","vap":"42","pvap":"   0,33"},{"seq":"90","sqcand":"220001076086","n":"15615","nm":"ROSANA FERMIANO MASSAGISTA","cc":"MDB","nv":" ","e":"n","st":"Suplente","dvt":"V\u00e1lido","vap":"8","pvap":"   0,06"},{"seq":"101","sqcand":"220001074851","n":"10172","nm":"ROSELI LUCINDO","cc":"REPUBLICANOS","nv":" ","e":"n","st":"Suplente","dvt":"V\u00e1lido","vap":"2","pvap":"   0,02"},{"seq":"71","sqcand":"220001216719","n":"25000","nm":"IRACEMA SALLES","cc":"DEM","nv":" ","e":"n","st":"Suplente","dvt":"V\u00e1lido","vap":"25","pvap":"   0,20"},{"seq":"21","sqcand":"220000932328","n":"70789","nm":"MARCIA TEIXEIRA","cc":"AVANTE","nv":" ","e":"n","st":"Suplente","dvt":"V\u00e1lido","vap":"195","pvap":"   1,53"},{"seq":"10","sqcand":"220001074860","n":"10111","nm":"JUCILENE MORAES","cc":"REPUBLICANOS","nv":" ","e":"s","st":"Eleito","dvt":"V\u00e1lido","vap":"205","pvap":"   1,61"},{"seq":"46","sqcand":"220000932330","n":"70221","nm":"HERIVALDO PAPAGAIO","cc":"AVANTE","nv":" ","e":"n","st":"Suplente","dvt":"V\u00e1lido","vap":"98","pvap":"   0,77"},{"seq":"12","sqcand":"220001216721","n":"25555","nm":"MIGUELZINHO SENA","cc":"DEM","nv":" ","e":"n","st":"Suplente","dvt":"V\u00e1lido","vap":"354","pvap":"   2,77"},{"seq":"43","sqcand":"220000772139","n":"40333","nm":"FABIO SCHINAYDER ","cc":"PSB","nv":" ","e":"n","st":"Suplente","dvt":"V\u00e1lido","vap":"114","pvap":"   0,89"},{"seq":"45","sqcand":"220001074861","n":"10222","nm":"ANDERSON SOUZA","cc":"REPUBLICANOS","nv":" ","e":"n","st":"Suplente","dvt":"V\u00e1lido","vap":"105","pvap":"   0,82"},{"seq":"109","sqcand":"220000749562","n":"17170","nm":"ROSA","cc":"PSL","nv":" ","e":"n","st":"N\u00e3o eleito","dvt":"V\u00e1lido","vap":"15","pvap":"   0,12"},{"seq":"73","sqcand":"220000932321","n":"70100","nm":"MARIA DAS GRACAS","cc":"AVANTE","nv":" ","e":"n","st":"Suplente","dvt":"V\u00e1lido","vap":"24","pvap":"   0,19"},{"seq":"8","sqcand":"220000772133","n":"40111","nm":"AUSSEMIR ALMEIDA ","cc":"PSB","nv":" ","e":"s","st":"Eleito","dvt":"V\u00e1lido","vap":"277","pvap":"   2,17"},{"seq":"104","sqcand":"220000749558","n":"17777","nm":"KLEBER TEIXEIRA","cc":"PSL","nv":" ","e":"n","st":"N\u00e3o eleito","dvt":"V\u00e1lido","vap":"89","pvap":"   0,70"},{"seq":"98","sqcand":"220001076082","n":"15300","nm":"ROBERTA MENDES","cc":"MDB","nv":" ","e":"n","st":"Suplente","dvt":"V\u00e1lido","vap":"6","pvap":"   0,05"},{"seq":"78","sqcand":"220000836113","n":"11555","nm":"RIBAMAR DO PAMUS","cc":"PP","nv":" ","e":"n","st":"Suplente","dvt":"V\u00e1lido","vap":"19","pvap":"   0,15"},{"seq":"13","sqcand":"220000932322","n":"70456","nm":"PROFESSOR DE ASSIS","cc":"AVANTE","nv":" ","e":"n","st":"Suplente","dvt":"V\u00e1lido","vap":"303","pvap":"   2,37"},{"seq":"9","sqcand":"220001074853","n":"10444","nm":"HAIA SOUZA","cc":"REPUBLICANOS","nv":" ","e":"s","st":"Eleito","dvt":"V\u00e1lido","vap":"228","pvap":"   1,79"},{"seq":"29","sqcand":"220000932323","n":"70700","nm":"PATRICIA ANDRADE","cc":"AVANTE","nv":" ","e":"n","st":"Suplente","dvt":"V\u00e1lido","vap":"162","pvap":"   1,27"},{"seq":"6","sqcand":"220000836127","n":"11234","nm":"JUNIOR SILVA","cc":"PP","nv":" ","e":"s","st":"Eleito","dvt":"V\u00e1lido","vap":"376","pvap":"   2,95"},{"seq":"79","sqcand":"220000772141","n":"40130","nm":"ESTELITA MANICURE","cc":"PSB","nv":" ","e":"n","st":"Suplente","dvt":"V\u00e1lido","vap":"19","pvap":"   0,15"},{"seq":"36","sqcand":"220001074854","n":"10777","nm":"GERVASIO DUARTE","cc":"REPUBLICANOS","nv":" ","e":"n","st":"Suplente","dvt":"V\u00e1lido","vap":"136","pvap":"   1,07"},{"seq":"68","sqcand":"220001216720","n":"25234","nm":"MO\u00c7A DO PALHEIRAL","cc":"DEM","nv":" ","e":"n","st":"Suplente","dvt":"V\u00e1lido","vap":"27","pvap":"   0,21"},{"seq":"17","sqcand":"220000776082","n":"51123","nm":"WELQUE MARTINS","cc":"PATRIOTA","nv":" ","e":"n","st":"Suplente","dvt":"V\u00e1lido","vap":"255","pvap":"   2,00"},{"seq":"23","sqcand":"220001074857","n":"10789","nm":"CLEITON DA PIZZARIA MAN\u00c1","cc":"REPUBLICANOS","nv":" ","e":"n","st":"Suplente","dvt":"V\u00e1lido","vap":"185","pvap":"   1,45"},{"seq":"106","sqcand":"220000749559","n":"17000","nm":"ELIANE OLIVEIRA","cc":"PSL","nv":" ","e":"n","st":"N\u00e3o eleito","dvt":"V\u00e1lido","vap":"52","pvap":"   0,41"},{"seq":"82","sqcand":"220000836116","n":"11999","nm":"LEONILDA","cc":"PP","nv":" ","e":"n","st":"Suplente","dvt":"V\u00e1lido","vap":"17","pvap":"   0,13"},{"seq":"97","sqcand":"220000932324","n":"70678","nm":"DUCI DA TRIUNFO","cc":"AVANTE","nv":" ","e":"n","st":"Suplente","dvt":"V\u00e1lido","vap":"6","pvap":"   0,05"},{"seq":"107","sqcand":"220000772144","n":"40120","nm":"JAIME MELO","cc":"PSB","nv":" ","e":"n","st":"N\u00e3o eleito","dvt":"Anulado sub judice","vap":"34","pvap":"   0,27"},{"seq":"31","sqcand":"220001216718","n":"25789","nm":"S\u00c2NGELA ALENCAR","cc":"DEM","nv":" ","e":"n","st":"Suplente","dvt":"V\u00e1lido","vap":"149","pvap":"   1,17"},{"seq":"19","sqcand":"220000836126","n":"11333","nm":"MONTESE","cc":"PP","nv":" ","e":"n","st":"Suplente","dvt":"V\u00e1lido","vap":"233","pvap":"   1,83"},{"seq":"15","sqcand":"220000932329","n":"70070","nm":"NEGO DO MARANHAO","cc":"AVANTE","nv":" ","e":"n","st":"Suplente","dvt":"V\u00e1lido","vap":"267","pvap":"   2,09"},{"seq":"69","sqcand":"220001076090","n":"15999","nm":"AMINADAR CALHEIROS","cc":"MDB","nv":" ","e":"n","st":"Suplente","dvt":"V\u00e1lido","vap":"27","pvap":"   0,21"},{"seq":"24","sqcand":"220001076094","n":"15888","nm":"BION","cc":"MDB","nv":" ","e":"n","st":"Suplente","dvt":"V\u00e1lido","vap":"183","pvap":"   1,43"},{"seq":"76","sqcand":"220001076087","n":"15678","nm":"VALDIR BALTAZAR","cc":"MDB","nv":" ","e":"n","st":"Suplente","dvt":"V\u00e1lido","vap":"20","pvap":"   0,16"},{"seq":"91","sqcand":"220000772130","n":"40115","nm":"ALTAMIRA GAMA","cc":"PSB","nv":" ","e":"n","st":"Suplente","dvt":"V\u00e1lido","vap":"7","pvap":"   0,05"},{"seq":"1","sqcand":"220000932325","n":"70123","nm":"MARCOS DA HORA","cc":"AVANTE","nv":" ","e":"s","st":"Eleito","dvt":"V\u00e1lido","vap":"460","pvap":"   3,61"},{"seq":"14","sqcand":"220000776077","n":"51111","nm":"IVANYLDO FOGUETE","cc":"PATRIOTA","nv":" ","e":"n","st":"Suplente","dvt":"V\u00e1lido","vap":"285","pvap":"   2,23"},{"seq":"100","sqcand":"220001216716","n":"25333","nm":"NEGA DO MEDALHA","cc":"DEM","nv":" ","e":"n","st":"Suplente","dvt":"V\u00e1lido","vap":"3","pvap":"   0,02"},{"seq":"7","sqcand":"220000776075","n":"51456","nm":"PAULINHO MEC\u00c2NICO","cc":"PATRIOTA","nv":" ","e":"s","st":"Eleito","dvt":"V\u00e1lido","vap":"292","pvap":"   2,29"},{"seq":"112","sqcand":"220000749565","n":"17490","nm":"EURIAN","cc":"PSL","nv":" ","e":"n","st":"N\u00e3o eleito","dvt":"V\u00e1lido","vap":"10","pvap":"   0,08"},{"seq":"95","sqcand":"220000772134","n":"40567","nm":"ELIAS DE PAULA","cc":"PSB","nv":" ","e":"n","st":"Suplente","dvt":"V\u00e1lido","vap":"6","pvap":"   0,05"},{"seq":"50","sqcand":"220001216713","n":"25444","nm":"CLEITON DA DONA SOFIA","cc":"DEM","nv":" ","e":"n","st":"Suplente","dvt":"V\u00e1lido","vap":"79","pvap":"   0,62"},{"seq":"37","sqcand":"220001074848","n":"10800","nm":"ELIZEU SUPIMPA","cc":"REPUBLICANOS","nv":" ","e":"n","st":"Suplente","dvt":"V\u00e1lido","vap":"134","pvap":"   1,05"},{"seq":"86","sqcand":"220001076096","n":"15000","nm":"L\u00c9O FERNANDES","cc":"MDB","nv":" ","e":"n","st":"Suplente","dvt":"V\u00e1lido","vap":"11","pvap":"   0,09"},{"seq":"94","sqcand":"220000776087","n":"51234","nm":"MARGARETH TOGNI","cc":"PATRIOTA","nv":" ","e":"n","st":"Suplente","dvt":"V\u00e1lido","vap":"7","pvap":"   0,05"},{"seq":"88","sqcand":"220001074855","n":"10210","nm":"PROF\u00aa EURIDES BORGES","cc":"REPUBLICANOS","nv":" ","e":"n","st":"Suplente","dvt":"V\u00e1lido","vap":"10","pvap":"   0,08"},{"seq":"110","sqcand":"220000749556","n":"17211","nm":"JEOVANE BRAGA","cc":"PSL","nv":" ","e":"n","st":"N\u00e3o eleito","dvt":"V\u00e1lido","vap":"13","pvap":"   0,10"},{"seq":"26","sqcand":"220000776086","n":"51555","nm":"SOL SOUZA","cc":"PATRIOTA","nv":" ","e":"n","st":"Suplente","dvt":"V\u00e1lido","vap":"174","pvap":"   1,36"},{"seq":"59","sqcand":"220000776089","n":"51666","nm":"PROFESSOR ASSIS CALDAS","cc":"PATRIOTA","nv":" ","e":"n","st":"Suplente","dvt":"V\u00e1lido","vap":"43","pvap":"   0,34"},{"seq":"30","sqcand":"220001074847","n":"10000","nm":"DENILCE SILVA","cc":"REPUBLICANOS","nv":" ","e":"n","st":"Suplente","dvt":"V\u00e1lido","vap":"156","pvap":"   1,22"},{"seq":"34","sqcand":"220001076095","n":"15115","nm":"EDSON DA AGRICULTURA","cc":"MDB","nv":" ","e":"n","st":"Suplente","dvt":"V\u00e1lido","vap":"142","pvap":"   1,11"},{"seq":"77","sqcand":"220000776083","n":"51888","nm":"LUCENILDO SILVA","cc":"PATRIOTA","nv":" ","e":"n","st":"Suplente","dvt":"V\u00e1lido","vap":"20","pvap":"   0,16"},{"seq":"93","sqcand":"220001076092","n":"15555","nm":"RENATO DA HABITA\u00c7\u00c3O","cc":"MDB","nv":" ","e":"n","st":"Suplente","dvt":"V\u00e1lido","vap":"7","pvap":"   0,05"},{"seq":"20","sqcand":"220000776081","n":"51364","nm":"ELIEL NOBRE","cc":"PATRIOTA","nv":" ","e":"n","st":"Suplente","dvt":"V\u00e1lido","vap":"208","pvap":"   1,63"},{"seq":"103","sqcand":"220000749560","n":"17333","nm":"IRMAO MILTON","cc":"PSL","nv":" ","e":"n","st":"N\u00e3o eleito","dvt":"V\u00e1lido","vap":"117","pvap":"   0,92"},{"seq":"99","sqcand":"220001076084","n":"15434","nm":"BET\u00c3O","cc":"MDB","nv":" ","e":"n","st":"Suplente","dvt":"V\u00e1lido","vap":"3","pvap":"   0,02"},{"seq":"84","sqcand":"220000772138","n":"40170","nm":"EVANDRO LACERDA","cc":"PSB","nv":" ","e":"n","st":"Suplente","dvt":"V\u00e1lido","vap":"15","pvap":"   0,12"},{"seq":"67","sqcand":"220000836117","n":"11444","nm":"TELVANI","cc":"PP","nv":" ","e":"n","st":"Suplente","dvt":"V\u00e1lido","vap":"27","pvap":"   0,21"},{"seq":"27","sqcand":"220001074852","n":"10100","nm":"LAZARO NOGUEIRA","cc":"REPUBLICANOS","nv":" ","e":"n","st":"Suplente","dvt":"V\u00e1lido","vap":"174","pvap":"   1,36"},{"seq":"105","sqcand":"220000749561","n":"17190","nm":"MARCIO LU SENNA","cc":"PSL","nv":" ","e":"n","st":"N\u00e3o eleito","dvt":"V\u00e1lido","vap":"68","pvap":"   0,53"},{"seq":"51","sqcand":"220000932320","n":"70007","nm":"PROFESSORA IVANIA","cc":"AVANTE","nv":" ","e":"n","st":"Suplente","dvt":"V\u00e1lido","vap":"69","pvap":"   0,54"},{"seq":"32","sqcand":"220000776078","n":"51045","nm":"VAL\u00c9RIA DA QUARENTE E CINCO","cc":"PATRIOTA","nv":" ","e":"n","st":"Suplente","dvt":"V\u00e1lido","vap":"149","pvap":"   1,17"},{"seq":"33","sqcand":"220000932334","n":"70145","nm":"RENATO DA 45","cc":"AVANTE","nv":" ","e":"n","st":"Suplente","dvt":"V\u00e1lido","vap":"146","pvap":"   1,14"},{"seq":"74","sqcand":"220000772143","n":"40777","nm":"HILDO ALMEIDA (ARROZ)","cc":"PSB","nv":" ","e":"n","st":"Suplente","dvt":"V\u00e1lido","vap":"22","pvap":"   0,17"},{"seq":"80","sqcand":"220000772140","n":"40222","nm":"DICO PESCADOR","cc":"PSB","nv":" ","e":"n","st":"Suplente","dvt":"V\u00e1lido","vap":"18","pvap":"   0,14"},{"seq":"28","sqcand":"220000776074","n":"51444","nm":"DENILZA DONDONI","cc":"PATRIOTA","nv":" ","e":"n","st":"Suplente","dvt":"V\u00e1lido","vap":"167","pvap":"   1,31"},{"seq":"61","sqcand":"220000776073","n":"51200","nm":"CARLINHOS","cc":"PATRIOTA","nv":" ","e":"n","st":"Suplente","dvt":"V\u00e1lido","vap":"38","pvap":"   0,30"},{"seq":"48","sqcand":"220001216717","n":"25545","nm":"PROFESSORA VAL","cc":"DEM","nv":" ","e":"n","st":"Suplente","dvt":"V\u00e1lido","vap":"91","pvap":"   0,71"},{"seq":"111","sqcand":"220000749564","n":"17567","nm":"DASILVA","cc":"PSL","nv":" ","e":"n","st":"N\u00e3o eleito","dvt":"V\u00e1lido","vap":"12","pvap":"   0,09"},{"seq":"58","sqcand":"220000836120","n":"11217","nm":"ATAIDE SANTOS","cc":"PP","nv":" ","e":"n","st":"Suplente","dvt":"V\u00e1lido","vap":"44","pvap":"   0,34"},{"seq":"57","sqcand":"220000932326","n":"70111","nm":"ANTONIO COCA","cc":"AVANTE","nv":" ","e":"n","st":"Suplente","dvt":"V\u00e1lido","vap":"45","pvap":"   0,35"},{"seq":"18","sqcand":"220000772135","n":"40444","nm":"GERALDO SEM MEDO","cc":"PSB","nv":" ","e":"n","st":"Suplente","dvt":"V\u00e1lido","vap":"244","pvap":"   1,91"},{"seq":"16","sqcand":"220000772132","n":"40133","nm":"NELCI RAMOS","cc":"PSB","nv":" ","e":"n","st":"Suplente","dvt":"V\u00e1lido","vap":"264","pvap":"   2,07"},{"seq":"102","sqcand":"220000749553","n":"17123","nm":"ORLEAN","cc":"PSL","nv":" ","e":"n","st":"N\u00e3o eleito","dvt":"Anulado sub judice","vap":"149","pvap":"   1,17"},{"seq":"4","sqcand":"220000932327","n":"70000","nm":"EDCARLOS DOS SANTOS ","cc":"AVANTE","nv":" ","e":"s","st":"Eleito","dvt":"V\u00e1lido","vap":"413","pvap":"   3,24"},{"seq":"49","sqcand":"220000772131","n":"40400","nm":"GILMAR DE LIMA","cc":"PSB","nv":" ","e":"n","st":"Suplente","dvt":"V\u00e1lido","vap":"89","pvap":"   0,70"},{"seq":"70","sqcand":"220000836118","n":"11000","nm":"BETH DA RODOVIARIA","cc":"PP","nv":" ","e":"n","st":"Suplente","dvt":"V\u00e1lido","vap":"26","pvap":"   0,20"},{"seq":"75","sqcand":"220001074862","n":"10555","nm":"JUNIOR BRASIL","cc":"REPUBLICANOS","nv":" ","e":"n","st":"Suplente","dvt":"V\u00e1lido","vap":"22","pvap":"   0,17"},{"seq":"66","sqcand":"220000836122","n":"11300","nm":"PASTORA REGINA","cc":"PP","nv":" ","e":"n","st":"Suplente","dvt":"V\u00e1lido","vap":"28","pvap":"   0,22"},{"seq":"11","sqcand":"220001076083","n":"15123","nm":"K\u00c1TIA DA SA\u00daDE","cc":"MDB","nv":" ","e":"s","st":"Eleito","dvt":"V\u00e1lido","vap":"184","pvap":"   1,44"},{"seq":"108","sqcand":"220000749555","n":"17888","nm":"CUTIA","cc":"PSL","nv":" ","e":"n","st":"N\u00e3o eleito","dvt":"V\u00e1lido","vap":"23","pvap":"   0,18"},{"seq":"5","sqcand":"220000932335","n":"70777","nm":"JORGE SALDANHA","cc":"AVANTE","nv":" ","e":"s","st":"Eleito","dvt":"V\u00e1lido","vap":"405","pvap":"   3,17"},{"seq":"83","sqcand":"220001076085","n":"15111","nm":"MARINALVA MAGALH\u00c3ES","cc":"MDB","nv":" ","e":"n","st":"Suplente","dvt":"V\u00e1lido","vap":"15","pvap":"   0,12"}]}
