{"ele":"426","tpabr":"mu","cdabr":"00493","carper":"13","t":"1","f":"o","dt":"15/11/2020","ht":"21:13:43","dv":"s","tf":"s","v":"9","esae":"n","mnae":"","s":"18","st":"18","pst":" 100,00","snt":"0","psnt":"   0,00","si":"18","psi":" 100,00","sni":"0","psni":"   0,00","sa":"18","psa":" 100,00","sna":"0","psna":"   0,00","e":"6397","ea":"6397","pea":" 100,00","ena":"0","pena":"   0,00","esi":"6397","pesi":" 100,00","esni":"0","pesni":"   0,00","c":"4564","pc":"  71,35","a":"1833","pa":"  28,65","vscv":"0","vnom":"4136","vl":"224","pvnom":"  94,86","pvl":"   5,14","vvc":"4416","pvvc":"  96,76","vb":"58","pvb":"   1,27","tvn":"90","ptvn":"   1,97","vn":"87","pvn":"  96,67","vnt":"3","pvnt":"   3,33","vp":"0","pvp":"   0,00","vv":"4360","pvv":"  98,73","van":"0","pvan":"   0,00","vansj":"56","pvansj":"   1,27","tv":"4564","cand":[{"seq":"47","sqcand":"220001061290","n":"40777","nm":"VALMIR SALAH","cc":"PSB","nv":" ","e":"n","st":"Suplente","dvt":"V\u00e1lido","vap":"14","pvap":"   0,32"},{"seq":"26","sqcand":"220001081815","n":"45045","nm":"JOS\u00c9 ALVES","cc":"PSDB","nv":" ","e":"n","st":"Suplente","dvt":"V\u00e1lido","vap":"44","pvap":"   1,00"},{"seq":"35","sqcand":"220000787049","n":"33040","nm":"JORDA SALES","cc":"PMN","nv":" ","e":"n","st":"Suplente","dvt":"V\u00e1lido","vap":"25","pvap":"   0,57"},{"seq":"32","sqcand":"220000787057","n":"33400","nm":"ELIAS DAS PANELAS","cc":"PMN","nv":" ","e":"n","st":"Suplente","dvt":"V\u00e1lido","vap":"32","pvap":"   0,72"},{"seq":"3","sqcand":"220001062538","n":"15145","nm":"NEG\u00c3O DO CAMINH\u00c3O","cc":"MDB","nv":" ","e":"s","st":"Eleito","dvt":"V\u00e1lido","vap":"199","pvap":"   4,51"},{"seq":"55","sqcand":"220001243547","n":"43444","nm":"GA\u00daCHO DA AMBULANCIA","cc":"PV","nv":" ","e":"n","st":"N\u00e3o eleito","dvt":"V\u00e1lido","vap":"87","pvap":"   1,97"},{"seq":"44","sqcand":"220001061285","n":"40707","nm":"TUZINHA","cc":"PSB","nv":" ","e":"n","st":"Suplente","dvt":"V\u00e1lido","vap":"15","pvap":"   0,34"},{"seq":"22","sqcand":"220000787053","n":"33123","nm":"BIGODE DO TAXI","cc":"PMN","nv":" ","e":"n","st":"Suplente","dvt":"V\u00e1lido","vap":"67","pvap":"   1,52"},{"seq":"23","sqcand":"220001081808","n":"45678","nm":"MARCO CABELEIREIRO","cc":"PSDB","nv":" ","e":"n","st":"Suplente","dvt":"V\u00e1lido","vap":"66","pvap":"   1,49"},{"seq":"10","sqcand":"220001063343","n":"10010","nm":"AILSON GUERRA","cc":"REPUBLICANOS","nv":" ","e":"n","st":"Suplente","dvt":"V\u00e1lido","vap":"164","pvap":"   3,71"},{"seq":"25","sqcand":"220000787054","n":"33500","nm":"TONINHO","cc":"PMN","nv":" ","e":"n","st":"Suplente","dvt":"V\u00e1lido","vap":"53","pvap":"   1,20"},{"seq":"53","sqcand":"220001081810","n":"45777","nm":"ADRIANA BAR","cc":"PSDB","nv":" ","e":"n","st":"Suplente","dvt":"V\u00e1lido","vap":"5","pvap":"   0,11"},{"seq":"66","sqcand":"220000993494","n":"51235","nm":"TIRIRICA","cc":"PATRIOTA","nv":" ","e":"n","st":"N\u00e3o eleito","dvt":"V\u00e1lido","vap":"6","pvap":"   0,14"},{"seq":"18","sqcand":"220001061293","n":"40444","nm":"DR MARCOS &quot;ADVOGADO&quot;","cc":"PSB","nv":" ","e":"n","st":"Suplente","dvt":"V\u00e1lido","vap":"90","pvap":"   2,04"},{"seq":"50","sqcand":"220000787052","n":"33706","nm":"ALCENIR LOPES","cc":"PMN","nv":" ","e":"n","st":"Suplente","dvt":"V\u00e1lido","vap":"11","pvap":"   0,25"},{"seq":"31","sqcand":"220001061288","n":"40000","nm":"CREUZA","cc":"PSB","nv":" ","e":"n","st":"Suplente","dvt":"V\u00e1lido","vap":"36","pvap":"   0,82"},{"seq":"56","sqcand":"220000993495","n":"51234","nm":"RUTE PACHECO","cc":"PATRIOTA","nv":" ","e":"n","st":"N\u00e3o eleito","dvt":"V\u00e1lido","vap":"56","pvap":"   1,27"},{"seq":"2","sqcand":"220001063339","n":"10100","nm":"ROSE LOPES","cc":"REPUBLICANOS","nv":" ","e":"s","st":"Eleito","dvt":"V\u00e1lido","vap":"207","pvap":"   4,69"},{"seq":"6","sqcand":"220001062534","n":"15234","nm":"LUC\u00c3O","cc":"MDB","nv":" ","e":"s","st":"Eleito","dvt":"V\u00e1lido","vap":"167","pvap":"   3,78"},{"seq":"38","sqcand":"220001061287","n":"40555","nm":"MAURO","cc":"PSB","nv":" ","e":"n","st":"Suplente","dvt":"V\u00e1lido","vap":"21","pvap":"   0,48"},{"seq":"13","sqcand":"220001062529","n":"15000","nm":"PROFESSOR WELLINGTON","cc":"MDB","nv":" ","e":"n","st":"Suplente","dvt":"V\u00e1lido","vap":"129","pvap":"   2,92"},{"seq":"45","sqcand":"220000787058","n":"33555","nm":"LEANDRO","cc":"PMN","nv":" ","e":"n","st":"Suplente","dvt":"V\u00e1lido","vap":"15","pvap":"   0,34"},{"seq":"62","sqcand":"220001243549","n":"43222","nm":"LUCIANE BUENO","cc":"PV","nv":" ","e":"n","st":"N\u00e3o eleito","dvt":"V\u00e1lido","vap":"9","pvap":"   0,20"},{"seq":"40","sqcand":"220001063344","n":"10222","nm":"L\u00da DO BAR","cc":"REPUBLICANOS","nv":" ","e":"n","st":"Suplente","dvt":"V\u00e1lido","vap":"18","pvap":"   0,41"},{"seq":"21","sqcand":"220001062535","n":"15117","nm":"MARCOS AURELIO","cc":"MDB","nv":" ","e":"n","st":"Suplente","dvt":"V\u00e1lido","vap":"71","pvap":"   1,61"},{"seq":"60","sqcand":"220001243546","n":"43111","nm":"MICHEL DO GAVI\u00c3O","cc":"PV","nv":" ","e":"n","st":"N\u00e3o eleito","dvt":"V\u00e1lido","vap":"22","pvap":"   0,50"},{"seq":"48","sqcand":"220001081812","n":"45445","nm":"EDCARLOS","cc":"PSDB","nv":" ","e":"n","st":"Suplente","dvt":"V\u00e1lido","vap":"13","pvap":"   0,29"},{"seq":"14","sqcand":"220001062528","n":"15678","nm":"ELIANE CARDOSO","cc":"MDB","nv":" ","e":"n","st":"Suplente","dvt":"V\u00e1lido","vap":"110","pvap":"   2,49"},{"seq":"65","sqcand":"220001243543","n":"43999","nm":"NAIARA OLIVEIRA","cc":"PV","nv":" ","e":"n","st":"N\u00e3o eleito","dvt":"V\u00e1lido","vap":"7","pvap":"   0,16"},{"seq":"59","sqcand":"220000993497","n":"51123","nm":"MIRIAN SILVA","cc":"PATRIOTA","nv":" ","e":"n","st":"N\u00e3o eleito","dvt":"V\u00e1lido","vap":"47","pvap":"   1,06"},{"seq":"61","sqcand":"220000993499","n":"51051","nm":"ESTER DUR\u00c2ES","cc":"PATRIOTA","nv":" ","e":"n","st":"N\u00e3o eleito","dvt":"V\u00e1lido","vap":"15","pvap":"   0,34"},{"seq":"34","sqcand":"220001063341","n":"10500","nm":"LIDIANE DA NONO MOTOS","cc":"REPUBLICANOS","nv":" ","e":"n","st":"Suplente","dvt":"V\u00e1lido","vap":"29","pvap":"   0,66"},{"seq":"27","sqcand":"220001081809","n":"45123","nm":"MARCIO MECANICO","cc":"PSDB","nv":" ","e":"n","st":"Suplente","dvt":"V\u00e1lido","vap":"43","pvap":"   0,97"},{"seq":"67","sqcand":"220001243544","n":"43555","nm":"MIGUEL VISCARDI","cc":"PV","nv":" ","e":"n","st":"N\u00e3o eleito","dvt":"V\u00e1lido","vap":"4","pvap":"   0,09"},{"seq":"58","sqcand":"220001063335","n":"10345","nm":"MILTINHO DA LINHA","cc":"REPUBLICANOS","nv":" ","e":"n","st":"N\u00e3o eleito","dvt":"Anulado sub judice","vap":"48","pvap":"   1,09"},{"seq":"11","sqcand":"220001062537","n":"15364","nm":"SIMONEY VITALIANO","cc":"MDB","nv":" ","e":"n","st":"Suplente","dvt":"V\u00e1lido","vap":"144","pvap":"   3,26"},{"seq":"64","sqcand":"220001243545","n":"43333","nm":"ALCICLEI SAP\u00c3O","cc":"PV","nv":" ","e":"n","st":"N\u00e3o eleito","dvt":"V\u00e1lido","vap":"7","pvap":"   0,16"},{"seq":"28","sqcand":"220001061286","n":"40001","nm":"ROSE","cc":"PSB","nv":" ","e":"n","st":"Suplente","dvt":"V\u00e1lido","vap":"42","pvap":"   0,95"},{"seq":"33","sqcand":"220001063340","n":"10333","nm":"PROFESSORA SIMONE","cc":"REPUBLICANOS","nv":" ","e":"n","st":"Suplente","dvt":"V\u00e1lido","vap":"30","pvap":"   0,68"},{"seq":"19","sqcand":"220001062532","n":"15015","nm":"REGILANE ZEREGAS","cc":"MDB","nv":" ","e":"n","st":"Suplente","dvt":"V\u00e1lido","vap":"89","pvap":"   2,02"},{"seq":"24","sqcand":"220001063342","n":"10444","nm":"PAULO IZIDORIO","cc":"REPUBLICANOS","nv":" ","e":"n","st":"Suplente","dvt":"V\u00e1lido","vap":"60","pvap":"   1,36"},{"seq":"63","sqcand":"220000787048","n":"33000","nm":"CEARAZINHO","cc":"PMN","nv":" ","e":"n","st":"N\u00e3o eleito","dvt":"Anulado sub judice","vap":"8","pvap":"   0,18"},{"seq":"1","sqcand":"220001062530","n":"15017","nm":"IVAN TENORIO","cc":"MDB","nv":" ","e":"s","st":"Eleito","dvt":"V\u00e1lido","vap":"210","pvap":"   4,76"},{"seq":"51","sqcand":"220001081816","n":"45234","nm":"SAB\u00c1","cc":"PSDB","nv":" ","e":"n","st":"Suplente","dvt":"V\u00e1lido","vap":"6","pvap":"   0,14"},{"seq":"20","sqcand":"220000787055","n":"33111","nm":"MAZINHO","cc":"PMN","nv":" ","e":"n","st":"Suplente","dvt":"V\u00e1lido","vap":"71","pvap":"   1,61"},{"seq":"7","sqcand":"220001081814","n":"45321","nm":"SENA","cc":"PSDB","nv":" ","e":"s","st":"Eleito","dvt":"V\u00e1lido","vap":"166","pvap":"   3,76"},{"seq":"41","sqcand":"220000787056","n":"33420","nm":"ALESSANDRA ESTEV\u00c3O","cc":"PMN","nv":" ","e":"n","st":"Suplente","dvt":"V\u00e1lido","vap":"18","pvap":"   0,41"},{"seq":"46","sqcand":"220001081807","n":"45456","nm":"AUDILENE MORAIS","cc":"PSDB","nv":" ","e":"n","st":"Suplente","dvt":"V\u00e1lido","vap":"15","pvap":"   0,34"},{"seq":"8","sqcand":"220000787051","n":"33333","nm":"F\u00c1BIO JUNIOR","cc":"PMN","nv":" ","e":"s","st":"Eleito","dvt":"V\u00e1lido","vap":"111","pvap":"   2,51"},{"seq":"5","sqcand":"220001062531","n":"15007","nm":"PROFESSORA MINEIA","cc":"MDB","nv":" ","e":"s","st":"Eleito","dvt":"V\u00e1lido","vap":"179","pvap":"   4,05"},{"seq":"49","sqcand":"220001061295","n":"40456","nm":"CARLINHOS","cc":"PSB","nv":" ","e":"n","st":"Suplente","dvt":"V\u00e1lido","vap":"11","pvap":"   0,25"},{"seq":"15","sqcand":"220000787059","n":"33456","nm":"Z\u00c9 CARLOS","cc":"PMN","nv":" ","e":"n","st":"Suplente","dvt":"V\u00e1lido","vap":"98","pvap":"   2,22"},{"seq":"12","sqcand":"220001062533","n":"15123","nm":"DRA MARCIA TEIXEIRA","cc":"MDB","nv":" ","e":"n","st":"Suplente","dvt":"V\u00e1lido","vap":"130","pvap":"   2,94"},{"seq":"68","sqcand":"220000993498","n":"51222","nm":"LEANDRO MATOS","cc":"PATRIOTA","nv":" ","e":"n","st":"N\u00e3o eleito","dvt":"V\u00e1lido","vap":"4","pvap":"   0,09"},{"seq":"57","sqcand":"220001243542","n":"43123","nm":"ZEZINHO","cc":"PV","nv":" ","e":"n","st":"N\u00e3o eleito","dvt":"V\u00e1lido","vap":"51","pvap":"   1,15"},{"seq":"37","sqcand":"220001061284","n":"40222","nm":"TATUZINHO DO AZUL II","cc":"PSB","nv":" ","e":"n","st":"Suplente","dvt":"V\u00e1lido","vap":"22","pvap":"   0,50"},{"seq":"4","sqcand":"220001063336","n":"10000","nm":"BETO","cc":"REPUBLICANOS","nv":" ","e":"s","st":"Eleito","dvt":"V\u00e1lido","vap":"180","pvap":"   4,08"},{"seq":"42","sqcand":"220001061294","n":"40201","nm":"DELHO DE SOUZA","cc":"PSB","nv":" ","e":"n","st":"Suplente","dvt":"V\u00e1lido","vap":"18","pvap":"   0,41"},{"seq":"36","sqcand":"220001061292","n":"40007","nm":"DEOLIMAR NASCIMENTO","cc":"PSB","nv":" ","e":"n","st":"Suplente","dvt":"V\u00e1lido","vap":"25","pvap":"   0,57"},{"seq":"54","sqcand":"220000993496","n":"51111","nm":"ADANS PC","cc":"PATRIOTA","nv":" ","e":"n","st":"N\u00e3o eleito","dvt":"V\u00e1lido","vap":"139","pvap":"   3,15"},{"seq":"16","sqcand":"220001062536","n":"15555","nm":"ITAMAR FELIX","cc":"MDB","nv":" ","e":"n","st":"Suplente","dvt":"V\u00e1lido","vap":"94","pvap":"   2,13"},{"seq":"30","sqcand":"220001063338","n":"10123","nm":"GRILO DA BALSA","cc":"REPUBLICANOS","nv":" ","e":"n","st":"Suplente","dvt":"V\u00e1lido","vap":"37","pvap":"   0,84"},{"seq":"39","sqcand":"220001081811","n":"45000","nm":"DERLEY GON\u00c7ALVES","cc":"PSDB","nv":" ","e":"n","st":"Suplente","dvt":"V\u00e1lido","vap":"18","pvap":"   0,41"},{"seq":"52","sqcand":"220000787050","n":"33222","nm":"MARIA LINA","cc":"PMN","nv":" ","e":"n","st":"Suplente","dvt":"V\u00e1lido","vap":"5","pvap":"   0,11"},{"seq":"69","sqcand":"220000993500","n":"51333","nm":"GILSELY BAIANO","cc":"PATRIOTA","nv":" ","e":"n","st":"N\u00e3o eleito","dvt":"V\u00e1lido","vap":"2","pvap":"   0,05"},{"seq":"43","sqcand":"220001061291","n":"40212","nm":"ALZENIRA COELHO","cc":"PSB","nv":" ","e":"n","st":"Suplente","dvt":"V\u00e1lido","vap":"18","pvap":"   0,41"},{"seq":"29","sqcand":"220001081813","n":"45567","nm":"LIDI OLIVEIRA","cc":"PSDB","nv":" ","e":"n","st":"Suplente","dvt":"V\u00e1lido","vap":"41","pvap":"   0,93"},{"seq":"9","sqcand":"220001061289","n":"40123","nm":"JEFFINHO SHOK","cc":"PSB","nv":" ","e":"s","st":"Eleito","dvt":"V\u00e1lido","vap":"106","pvap":"   2,40"},{"seq":"17","sqcand":"220001063337","n":"10555","nm":"DOUTEL DE OLIVEIRA","cc":"REPUBLICANOS","nv":" ","e":"n","st":"Suplente","dvt":"V\u00e1lido","vap":"92","pvap":"   2,08"}]}
