{"ele":"426","tpabr":"mu","cdabr":"00574","carper":"13","t":"1","f":"o","dt":"15/11/2020","ht":"21:28:54","dv":"s","tf":"s","v":"9","esae":"n","mnae":"","s":"24","st":"24","pst":" 100,00","snt":"0","psnt":"   0,00","si":"24","psi":" 100,00","sni":"0","psni":"   0,00","sa":"24","psa":" 100,00","sna":"0","psna":"   0,00","e":"9156","ea":"9156","pea":" 100,00","ena":"0","pena":"   0,00","esi":"9156","pesi":" 100,00","esni":"0","pesni":"   0,00","c":"6753","pc":"  73,75","a":"2403","pa":"  26,25","vscv":"0","vnom":"6148","vl":"399","pvnom":"  93,91","pvl":"   6,09","vvc":"6547","pvvc":"  96,95","vb":"100","pvb":"   1,48","tvn":"106","ptvn":"   1,57","vn":"106","pvn":" 100,00","vnt":"0","pvnt":"   0,00","vp":"0","pvp":"   0,00","vv":"6547","pvv":" 100,00","van":"0","pvan":"   0,00","vansj":"0","pvansj":"   0,00","tv":"6753","cand":[{"seq":"57","sqcand":"220000738171","n":"11650","nm":"LEANDRO SCUSSEL","cc":"PP","nv":" ","e":"n","st":"Suplente","dvt":"V\u00e1lido","vap":"7","pvap":"   0,11"},{"seq":"1","sqcand":"220000738167","n":"11645","nm":"ADINEUDO DE ANDRADE","cc":"PP","nv":" ","e":"s","st":"Eleito","dvt":"V\u00e1lido","vap":"417","pvap":"   6,37"},{"seq":"23","sqcand":"220000845423","n":"65432","nm":"PT BORRACHEIRO","cc":"PC do B","nv":" ","e":"n","st":"Suplente","dvt":"V\u00e1lido","vap":"82","pvap":"   1,25"},{"seq":"21","sqcand":"220000738655","n":"12333","nm":"POLACO DO GAS","cc":"PDT","nv":" ","e":"n","st":"Suplente","dvt":"V\u00e1lido","vap":"86","pvap":"   1,31"},{"seq":"69","sqcand":"220001119667","n":"51202","nm":"RONNY CABELEIREIRO","cc":"PATRIOTA","nv":" ","e":"n","st":"N\u00e3o eleito","dvt":"V\u00e1lido","vap":"5","pvap":"   0,08"},{"seq":"60","sqcand":"220000845431","n":"65013","nm":"QUELI FERNANDA","cc":"PC do B","nv":" ","e":"n","st":"Suplente","dvt":"V\u00e1lido","vap":"4","pvap":"   0,06"},{"seq":"14","sqcand":"220000739132","n":"15333","nm":"EDER TRINDADE","cc":"MDB","nv":" ","e":"n","st":"Suplente","dvt":"V\u00e1lido","vap":"144","pvap":"   2,20"},{"seq":"67","sqcand":"220001119666","n":"51888","nm":"ELIZABETE GOGLKE HOFFMAN","cc":"PATRIOTA","nv":" ","e":"n","st":"N\u00e3o eleito","dvt":"V\u00e1lido","vap":"27","pvap":"   0,41"},{"seq":"68","sqcand":"220001213995","n":"17444","nm":"MIGUEL DA FUNER\u00c1RIA","cc":"PSL","nv":" ","e":"n","st":"N\u00e3o eleito","dvt":"V\u00e1lido","vap":"9","pvap":"   0,14"},{"seq":"16","sqcand":"220000990164","n":"40234","nm":"ANTONIO ROXO","cc":"PSB","nv":" ","e":"n","st":"Suplente","dvt":"V\u00e1lido","vap":"121","pvap":"   1,85"},{"seq":"58","sqcand":"220000990171","n":"40333","nm":"ERONILDO","cc":"PSB","nv":" ","e":"n","st":"Suplente","dvt":"V\u00e1lido","vap":"6","pvap":"   0,09"},{"seq":"36","sqcand":"220000845428","n":"65111","nm":"TANDY NASCIMENTO","cc":"PC do B","nv":" ","e":"n","st":"Suplente","dvt":"V\u00e1lido","vap":"40","pvap":"   0,61"},{"seq":"9","sqcand":"220000738646","n":"12123","nm":"LUIZ DO DILON","cc":"PDT","nv":" ","e":"s","st":"Eleito","dvt":"V\u00e1lido","vap":"186","pvap":"   2,84"},{"seq":"33","sqcand":"220000739126","n":"15678","nm":"BAIANINHO","cc":"MDB","nv":" ","e":"n","st":"Suplente","dvt":"V\u00e1lido","vap":"43","pvap":"   0,66"},{"seq":"22","sqcand":"220000738650","n":"12555","nm":"CARLINHOS DO GAS","cc":"PDT","nv":" ","e":"n","st":"Suplente","dvt":"V\u00e1lido","vap":"83","pvap":"   1,27"},{"seq":"45","sqcand":"220000738648","n":"12300","nm":"ZILMA CHAVEIRINHO","cc":"PDT","nv":" ","e":"n","st":"Suplente","dvt":"V\u00e1lido","vap":"24","pvap":"   0,37"},{"seq":"53","sqcand":"220000845429","n":"65137","nm":"ANG\u00c9LICA","cc":"PC do B","nv":" ","e":"n","st":"Suplente","dvt":"V\u00e1lido","vap":"10","pvap":"   0,15"},{"seq":"4","sqcand":"220000738656","n":"12100","nm":"WILLIAN PARAFUSO","cc":"PDT","nv":" ","e":"s","st":"Eleito","dvt":"V\u00e1lido","vap":"300","pvap":"   4,58"},{"seq":"46","sqcand":"220000738653","n":"12380","nm":"GLAUCIANO","cc":"PDT","nv":" ","e":"n","st":"Suplente","dvt":"V\u00e1lido","vap":"24","pvap":"   0,37"},{"seq":"48","sqcand":"220000739137","n":"15234","nm":"PICA PAU","cc":"MDB","nv":" ","e":"n","st":"Suplente","dvt":"V\u00e1lido","vap":"22","pvap":"   0,34"},{"seq":"41","sqcand":"220000845424","n":"65321","nm":"TIAOZ\u00c3O PEDREIRO","cc":"PC do B","nv":" ","e":"n","st":"Suplente","dvt":"V\u00e1lido","vap":"34","pvap":"   0,52"},{"seq":"28","sqcand":"220000990166","n":"40222","nm":"EDEMILSON AGRO NUTRI","cc":"PSB","nv":" ","e":"n","st":"Suplente","dvt":"V\u00e1lido","vap":"64","pvap":"   0,98"},{"seq":"11","sqcand":"220000738644","n":"12612","nm":"JO\u00c3OZINHO","cc":"PDT","nv":" ","e":"n","st":"Suplente","dvt":"V\u00e1lido","vap":"182","pvap":"   2,78"},{"seq":"38","sqcand":"220000739128","n":"15555","nm":"AGNALDO DA 56","cc":"MDB","nv":" ","e":"n","st":"Suplente","dvt":"V\u00e1lido","vap":"39","pvap":"   0,60"},{"seq":"54","sqcand":"220000738163","n":"11522","nm":"ROSE BARBOSA","cc":"PP","nv":" ","e":"n","st":"Suplente","dvt":"V\u00e1lido","vap":"10","pvap":"   0,15"},{"seq":"19","sqcand":"220000845421","n":"65123","nm":"IN\u00c1CIA MOREIRA","cc":"PC do B","nv":" ","e":"n","st":"Suplente","dvt":"V\u00e1lido","vap":"112","pvap":"   1,71"},{"seq":"39","sqcand":"220000739134","n":"15360","nm":"ENGENHEIRA CIVIL NILMA TAVARES","cc":"MDB","nv":" ","e":"n","st":"Suplente","dvt":"V\u00e1lido","vap":"38","pvap":"   0,58"},{"seq":"64","sqcand":"220001213998","n":"17111","nm":"ANDERSON MIRAVEL","cc":"PSL","nv":" ","e":"n","st":"N\u00e3o eleito","dvt":"V\u00e1lido","vap":"38","pvap":"   0,58"},{"seq":"70","sqcand":"220001264475","n":"51121","nm":"SANDY SILVA","cc":"PATRIOTA","nv":" ","e":"n","st":"N\u00e3o eleito","dvt":"V\u00e1lido","vap":"3","pvap":"   0,05"},{"seq":"13","sqcand":"220000738649","n":"12345","nm":"NEI","cc":"PDT","nv":" ","e":"n","st":"Suplente","dvt":"V\u00e1lido","vap":"148","pvap":"   2,26"},{"seq":"10","sqcand":"220000990169","n":"40111","nm":"JOSE EDIMILSON","cc":"PSB","nv":" ","e":"n","st":"Suplente","dvt":"V\u00e1lido","vap":"215","pvap":"   3,28"},{"seq":"6","sqcand":"220000990165","n":"40123","nm":"MAZINHO","cc":"PSB","nv":" ","e":"s","st":"Eleito","dvt":"V\u00e1lido","vap":"264","pvap":"   4,03"},{"seq":"29","sqcand":"220000738654","n":"12000","nm":"FERNANDO","cc":"PDT","nv":" ","e":"n","st":"Suplente","dvt":"V\u00e1lido","vap":"59","pvap":"   0,90"},{"seq":"44","sqcand":"220000739136","n":"15789","nm":"ELAINE","cc":"MDB","nv":" ","e":"n","st":"Suplente","dvt":"V\u00e1lido","vap":"28","pvap":"   0,43"},{"seq":"15","sqcand":"220000738174","n":"11789","nm":"DEIVANILDA","cc":"PP","nv":" ","e":"n","st":"Suplente","dvt":"V\u00e1lido","vap":"122","pvap":"   1,86"},{"seq":"5","sqcand":"220000739131","n":"15123","nm":"DANIEL ANDRADE","cc":"MDB","nv":" ","e":"s","st":"Eleito","dvt":"V\u00e1lido","vap":"295","pvap":"   4,51"},{"seq":"24","sqcand":"220000738168","n":"11108","nm":"TAMPINHA","cc":"PP","nv":" ","e":"n","st":"Suplente","dvt":"V\u00e1lido","vap":"81","pvap":"   1,24"},{"seq":"55","sqcand":"220000738169","n":"11234","nm":"DEJAIR DA MOTOSSERRA","cc":"PP","nv":" ","e":"n","st":"Suplente","dvt":"V\u00e1lido","vap":"10","pvap":"   0,15"},{"seq":"31","sqcand":"220000739138","n":"15800","nm":"CLAUDI\u00c3O DA AGROSSERRA","cc":"MDB","nv":" ","e":"n","st":"Suplente","dvt":"V\u00e1lido","vap":"55","pvap":"   0,84"},{"seq":"50","sqcand":"220000738170","n":"11222","nm":"THAIS MANCINE","cc":"PP","nv":" ","e":"n","st":"Suplente","dvt":"V\u00e1lido","vap":"15","pvap":"   0,23"},{"seq":"52","sqcand":"220000990167","n":"40081","nm":"LEIDIANI","cc":"PSB","nv":" ","e":"n","st":"Suplente","dvt":"V\u00e1lido","vap":"11","pvap":"   0,17"},{"seq":"40","sqcand":"220000738164","n":"11333","nm":"ADIR GORDO","cc":"PP","nv":" ","e":"n","st":"Suplente","dvt":"V\u00e1lido","vap":"35","pvap":"   0,53"},{"seq":"56","sqcand":"220000990163","n":"40000","nm":"CEARA","cc":"PSB","nv":" ","e":"n","st":"Suplente","dvt":"V\u00e1lido","vap":"9","pvap":"   0,14"},{"seq":"8","sqcand":"220000845427","n":"65000","nm":"PAULO ROBERTO","cc":"PC do B","nv":" ","e":"s","st":"Eleito","dvt":"V\u00e1lido","vap":"189","pvap":"   2,89"},{"seq":"20","sqcand":"220000845425","n":"65333","nm":"ZICO MADUREIRA","cc":"PC do B","nv":" ","e":"n","st":"Suplente","dvt":"V\u00e1lido","vap":"102","pvap":"   1,56"},{"seq":"30","sqcand":"220000845430","n":"65777","nm":"NILDA DA 68","cc":"PC do B","nv":" ","e":"n","st":"Suplente","dvt":"V\u00e1lido","vap":"58","pvap":"   0,89"},{"seq":"25","sqcand":"220000738645","n":"12222","nm":"ELISANGELA","cc":"PDT","nv":" ","e":"n","st":"Suplente","dvt":"V\u00e1lido","vap":"81","pvap":"   1,24"},{"seq":"26","sqcand":"220000990170","n":"40156","nm":"CLELIA DA 56","cc":"PSB","nv":" ","e":"n","st":"Suplente","dvt":"V\u00e1lido","vap":"77","pvap":"   1,18"},{"seq":"63","sqcand":"220001213997","n":"17777","nm":"SONIA MENDES","cc":"PSL","nv":" ","e":"n","st":"N\u00e3o eleito","dvt":"V\u00e1lido","vap":"62","pvap":"   0,95"},{"seq":"65","sqcand":"220001213996","n":"17123","nm":"NICE","cc":"PSL","nv":" ","e":"n","st":"N\u00e3o eleito","dvt":"V\u00e1lido","vap":"34","pvap":"   0,52"},{"seq":"47","sqcand":"220000738173","n":"11000","nm":"FRANCISCO DE ASSIS","cc":"PP","nv":" ","e":"n","st":"Suplente","dvt":"V\u00e1lido","vap":"23","pvap":"   0,35"},{"seq":"59","sqcand":"220000990168","n":"40164","nm":"ROSANGELA","cc":"PSB","nv":" ","e":"n","st":"Suplente","dvt":"V\u00e1lido","vap":"6","pvap":"   0,09"},{"seq":"7","sqcand":"220000739125","n":"15000","nm":"MARTINS","cc":"MDB","nv":" ","e":"s","st":"Eleito","dvt":"V\u00e1lido","vap":"230","pvap":"   3,51"},{"seq":"42","sqcand":"220000739130","n":"15151","nm":"MARIA ALVERNAZ","cc":"MDB","nv":" ","e":"n","st":"Suplente","dvt":"V\u00e1lido","vap":"33","pvap":"   0,50"},{"seq":"49","sqcand":"220000739135","n":"15550","nm":"SIRLAINE RODRIGUES","cc":"MDB","nv":" ","e":"n","st":"Suplente","dvt":"V\u00e1lido","vap":"16","pvap":"   0,24"},{"seq":"17","sqcand":"220000738647","n":"12400","nm":"ALAN GARCIA","cc":"PDT","nv":" ","e":"n","st":"Suplente","dvt":"V\u00e1lido","vap":"113","pvap":"   1,73"},{"seq":"66","sqcand":"220001119669","n":"51001","nm":"OZIAS RODRIGUES DA SILVA","cc":"PATRIOTA","nv":" ","e":"n","st":"N\u00e3o eleito","dvt":"V\u00e1lido","vap":"27","pvap":"   0,41"},{"seq":"18","sqcand":"220000738172","n":"11141","nm":"MARCAO INSTRUTOR","cc":"PP","nv":" ","e":"n","st":"Suplente","dvt":"V\u00e1lido","vap":"113","pvap":"   1,73"},{"seq":"61","sqcand":"220001119668","n":"51700","nm":"BAIXIN PESCADOR","cc":"PATRIOTA","nv":" ","e":"n","st":"N\u00e3o eleito","dvt":"V\u00e1lido","vap":"248","pvap":"   3,79"},{"seq":"43","sqcand":"220000845422","n":"65660","nm":"L\u00c9CIO DO ASSENTAMENTO","cc":"PC do B","nv":" ","e":"n","st":"Suplente","dvt":"V\u00e1lido","vap":"32","pvap":"   0,49"},{"seq":"32","sqcand":"220000738651","n":"12012","nm":"ZILMA","cc":"PDT","nv":" ","e":"n","st":"Suplente","dvt":"V\u00e1lido","vap":"46","pvap":"   0,70"},{"seq":"51","sqcand":"220000738652","n":"12200","nm":"SIRLETE","cc":"PDT","nv":" ","e":"n","st":"Suplente","dvt":"V\u00e1lido","vap":"11","pvap":"   0,17"},{"seq":"34","sqcand":"220000739127","n":"15900","nm":"MARILDA","cc":"MDB","nv":" ","e":"n","st":"Suplente","dvt":"V\u00e1lido","vap":"43","pvap":"   0,66"},{"seq":"37","sqcand":"220000983370","n":"65455","nm":"EVINHO","cc":"PC do B","nv":" ","e":"n","st":"Suplente","dvt":"V\u00e1lido","vap":"40","pvap":"   0,61"},{"seq":"27","sqcand":"220000845426","n":"65164","nm":"MAR\u00c7\u00c3O SERRALHEIRO","cc":"PC do B","nv":" ","e":"n","st":"Suplente","dvt":"V\u00e1lido","vap":"66","pvap":"   1,01"},{"seq":"3","sqcand":"220000738166","n":"11111","nm":"KITI DO ESPORTE","cc":"PP","nv":" ","e":"s","st":"Eleito","dvt":"V\u00e1lido","vap":"337","pvap":"   5,15"},{"seq":"12","sqcand":"220000739133","n":"15777","nm":"RAEL","cc":"MDB","nv":" ","e":"n","st":"Suplente","dvt":"V\u00e1lido","vap":"152","pvap":"   2,32"},{"seq":"2","sqcand":"220000739129","n":"15650","nm":"CAGADO","cc":"MDB","nv":" ","e":"s","st":"Eleito","dvt":"V\u00e1lido","vap":"378","pvap":"   5,77"},{"seq":"62","sqcand":"220001119665","n":"51120","nm":"CATARINO PATRIOTA","cc":"PATRIOTA","nv":" ","e":"n","st":"N\u00e3o eleito","dvt":"V\u00e1lido","vap":"83","pvap":"   1,27"},{"seq":"35","sqcand":"220000738165","n":"11220","nm":"CIDINHA DO SALAO","cc":"PP","nv":" ","e":"n","st":"Suplente","dvt":"V\u00e1lido","vap":"41","pvap":"   0,63"}]}
