{"ele":"426","tpabr":"mu","cdabr":"00655","carper":"13","t":"1","f":"o","dt":"15/11/2020","ht":"21:20:51","dv":"s","tf":"s","v":"9","esae":"n","mnae":"","s":"16","st":"16","pst":" 100,00","snt":"0","psnt":"   0,00","si":"16","psi":" 100,00","sni":"0","psni":"   0,00","sa":"16","psa":" 100,00","sna":"0","psna":"   0,00","e":"5612","ea":"5612","pea":" 100,00","ena":"0","pena":"   0,00","esi":"5612","pesi":" 100,00","esni":"0","pesni":"   0,00","c":"4516","pc":"  80,47","a":"1096","pa":"  19,53","vscv":"0","vnom":"4072","vl":"220","pvnom":"  94,87","pvl":"   5,13","vvc":"4292","pvvc":"  95,04","vb":"74","pvb":"   1,64","tvn":"150","ptvn":"   3,32","vn":"150","pvn":" 100,00","vnt":"0","pvnt":"   0,00","vp":"0","pvp":"   0,00","vv":"4292","pvv":" 100,00","van":"0","pvan":"   0,00","vansj":"0","pvansj":"   0,00","tv":"4516","cand":[{"seq":"50","sqcand":"220000663226","n":"25711","nm":"LU MANICURE","cc":"DEM","nv":" ","e":"n","st":"N\u00e3o eleito","dvt":"V\u00e1lido","vap":"44","pvap":"   1,03"},{"seq":"7","sqcand":"220000663185","n":"14567","nm":"TUCA","cc":"PTB","nv":" ","e":"s","st":"Eleito","dvt":"V\u00e1lido","vap":"142","pvap":"   3,31"},{"seq":"56","sqcand":"220000663055","n":"11456","nm":"PROFESSOR ADALTO","cc":"PP","nv":" ","e":"n","st":"N\u00e3o eleito","dvt":"V\u00e1lido","vap":"21","pvap":"   0,49"},{"seq":"36","sqcand":"220000663178","n":"14007","nm":"ROBERTO DO LAVA JATO","cc":"PTB","nv":" ","e":"n","st":"Suplente","dvt":"V\u00e1lido","vap":"19","pvap":"   0,44"},{"seq":"26","sqcand":"220001264828","n":"13611","nm":"VALDEMAR SAPO DO SINDICATO","cc":"PT","nv":" ","e":"n","st":"Suplente","dvt":"V\u00e1lido","vap":"41","pvap":"   0,96"},{"seq":"40","sqcand":"220000663261","n":"40723","nm":"AUREA","cc":"PSB","nv":" ","e":"n","st":"Suplente","dvt":"V\u00e1lido","vap":"13","pvap":"   0,30"},{"seq":"25","sqcand":"220000935625","n":"13500","nm":"SIMONE MEDEIROS","cc":"PT","nv":" ","e":"n","st":"Suplente","dvt":"V\u00e1lido","vap":"46","pvap":"   1,07"},{"seq":"46","sqcand":"220000663057","n":"11789","nm":"DANIEL CAMILO NEVES","cc":"PP","nv":" ","e":"n","st":"N\u00e3o eleito","dvt":"V\u00e1lido","vap":"110","pvap":"   2,56"},{"seq":"53","sqcand":"220000737398","n":"45321","nm":"NEGO DO SERINGAL","cc":"PSDB","nv":" ","e":"n","st":"N\u00e3o eleito","dvt":"V\u00e1lido","vap":"27","pvap":"   0,63"},{"seq":"62","sqcand":"220000663224","n":"25100","nm":"ROSANA FREITAS","cc":"DEM","nv":" ","e":"n","st":"N\u00e3o eleito","dvt":"V\u00e1lido","vap":"4","pvap":"   0,09"},{"seq":"34","sqcand":"220000663184","n":"14222","nm":"VILSINHO DO ASSENTAMENTO","cc":"PTB","nv":" ","e":"n","st":"Suplente","dvt":"V\u00e1lido","vap":"23","pvap":"   0,54"},{"seq":"33","sqcand":"220000663268","n":"40140","nm":"NILTON TANGARA","cc":"PSB","nv":" ","e":"n","st":"Suplente","dvt":"V\u00e1lido","vap":"24","pvap":"   0,56"},{"seq":"39","sqcand":"220000663201","n":"19111","nm":"VANA","cc":"PODE","nv":" ","e":"n","st":"Suplente","dvt":"V\u00e1lido","vap":"14","pvap":"   0,33"},{"seq":"54","sqcand":"220000663056","n":"11123","nm":"LENA","cc":"PP","nv":" ","e":"n","st":"N\u00e3o eleito","dvt":"V\u00e1lido","vap":"26","pvap":"   0,61"},{"seq":"18","sqcand":"220000663203","n":"19345","nm":"RAULZINHO","cc":"PODE","nv":" ","e":"n","st":"Suplente","dvt":"V\u00e1lido","vap":"84","pvap":"   1,96"},{"seq":"47","sqcand":"220000737396","n":"45645","nm":"PROFESSOR NATALINO","cc":"PSDB","nv":" ","e":"n","st":"N\u00e3o eleito","dvt":"V\u00e1lido","vap":"82","pvap":"   1,91"},{"seq":"6","sqcand":"220000663206","n":"19000","nm":"NEI MOURA","cc":"PODE","nv":" ","e":"s","st":"Eleito","dvt":"V\u00e1lido","vap":"143","pvap":"   3,33"},{"seq":"52","sqcand":"220000663223","n":"25345","nm":"DECO","cc":"DEM","nv":" ","e":"n","st":"N\u00e3o eleito","dvt":"V\u00e1lido","vap":"28","pvap":"   0,65"},{"seq":"20","sqcand":"220000663270","n":"40343","nm":"JAI M\u00c3OZINHA","cc":"PSB","nv":" ","e":"n","st":"Suplente","dvt":"V\u00e1lido","vap":"68","pvap":"   1,58"},{"seq":"5","sqcand":"220000663265","n":"40000","nm":"BAGUN\u00c7A SHOW","cc":"PSB","nv":" ","e":"s","st":"Eleito","dvt":"V\u00e1lido","vap":"192","pvap":"   4,47"},{"seq":"32","sqcand":"220000935619","n":"13200","nm":"VANDA DO SINDICATO","cc":"PT","nv":" ","e":"n","st":"Suplente","dvt":"V\u00e1lido","vap":"25","pvap":"   0,58"},{"seq":"44","sqcand":"220000663181","n":"14500","nm":"JOELMA VAZ","cc":"PTB","nv":" ","e":"n","st":"Suplente","dvt":"V\u00e1lido","vap":"2","pvap":"   0,05"},{"seq":"23","sqcand":"220000935624","n":"13300","nm":"GERALDINHO DO SERINGAL","cc":"PT","nv":" ","e":"n","st":"Suplente","dvt":"V\u00e1lido","vap":"54","pvap":"   1,26"},{"seq":"31","sqcand":"220000663210","n":"19123","nm":"SANDRA GARCIA","cc":"PODE","nv":" ","e":"n","st":"Suplente","dvt":"V\u00e1lido","vap":"26","pvap":"   0,61"},{"seq":"8","sqcand":"220000663183","n":"14011","nm":"SOLON","cc":"PTB","nv":" ","e":"s","st":"Eleito","dvt":"V\u00e1lido","vap":"138","pvap":"   3,22"},{"seq":"35","sqcand":"220000663272","n":"40344","nm":"DARLY CAMILO","cc":"PSB","nv":" ","e":"n","st":"Suplente","dvt":"V\u00e1lido","vap":"20","pvap":"   0,47"},{"seq":"55","sqcand":"220000663221","n":"25789","nm":"SOM DO GUARAJUS","cc":"DEM","nv":" ","e":"n","st":"N\u00e3o eleito","dvt":"V\u00e1lido","vap":"24","pvap":"   0,56"},{"seq":"30","sqcand":"220000663176","n":"14125","nm":"CELITA","cc":"PTB","nv":" ","e":"n","st":"Suplente","dvt":"V\u00e1lido","vap":"29","pvap":"   0,68"},{"seq":"13","sqcand":"220000663204","n":"19120","nm":"JOSE CARLOS LEITEIRO","cc":"PODE","nv":" ","e":"n","st":"Suplente","dvt":"V\u00e1lido","vap":"123","pvap":"   2,87"},{"seq":"12","sqcand":"220000663177","n":"14123","nm":"ISAURO CERQUEIRA","cc":"PTB","nv":" ","e":"n","st":"Suplente","dvt":"V\u00e1lido","vap":"124","pvap":"   2,89"},{"seq":"1","sqcand":"220000663264","n":"40234","nm":"Z\u00c9 VIOLA","cc":"PSB","nv":" ","e":"s","st":"Eleito","dvt":"V\u00e1lido","vap":"235","pvap":"   5,48"},{"seq":"45","sqcand":"220000663182","n":"14273","nm":"JULIANA SOUZA RAMOS","cc":"PTB","nv":" ","e":"n","st":"Suplente","dvt":"V\u00e1lido","vap":"2","pvap":"   0,05"},{"seq":"48","sqcand":"220000663058","n":"11111","nm":"ERMIN DE PAULA","cc":"PP","nv":" ","e":"n","st":"N\u00e3o eleito","dvt":"V\u00e1lido","vap":"76","pvap":"   1,77"},{"seq":"17","sqcand":"220000663262","n":"40111","nm":"CLAUDIO MARQUES","cc":"PSB","nv":" ","e":"n","st":"Suplente","dvt":"V\u00e1lido","vap":"101","pvap":"   2,35"},{"seq":"42","sqcand":"220000663179","n":"14150","nm":"IVAN KLEY PACHECO","cc":"PTB","nv":" ","e":"n","st":"Suplente","dvt":"V\u00e1lido","vap":"7","pvap":"   0,16"},{"seq":"19","sqcand":"220000663205","n":"19007","nm":"NELH\u00c3O DA VIT\u00d3RIA","cc":"PODE","nv":" ","e":"n","st":"Suplente","dvt":"V\u00e1lido","vap":"76","pvap":"   1,77"},{"seq":"16","sqcand":"220000663180","n":"14000","nm":"KIKO TESOURO","cc":"PTB","nv":" ","e":"n","st":"Suplente","dvt":"V\u00e1lido","vap":"109","pvap":"   2,54"},{"seq":"59","sqcand":"220000737400","n":"45157","nm":"CREUSA MARCON","cc":"PSDB","nv":" ","e":"n","st":"N\u00e3o eleito","dvt":"V\u00e1lido","vap":"14","pvap":"   0,33"},{"seq":"11","sqcand":"220000663199","n":"19135","nm":"ZEZ\u00c9 DO PRIMAVERA","cc":"PODE","nv":" ","e":"n","st":"Suplente","dvt":"V\u00e1lido","vap":"126","pvap":"   2,94"},{"seq":"60","sqcand":"220000663059","n":"11112","nm":"SEBASTIANA DA VIT\u00d3RIA","cc":"PP","nv":" ","e":"n","st":"N\u00e3o eleito","dvt":"V\u00e1lido","vap":"10","pvap":"   0,23"},{"seq":"58","sqcand":"220000663227","n":"25456","nm":"ROSY LIMA","cc":"DEM","nv":" ","e":"n","st":"N\u00e3o eleito","dvt":"V\u00e1lido","vap":"15","pvap":"   0,35"},{"seq":"4","sqcand":"220000663267","n":"40456","nm":"JO\u00c3O VALAD\u00c3O","cc":"PSB","nv":" ","e":"s","st":"Eleito","dvt":"V\u00e1lido","vap":"222","pvap":"   5,17"},{"seq":"41","sqcand":"220000935623","n":"13123","nm":"INACIO DO ASSENTAMENTO","cc":"PT","nv":" ","e":"n","st":"Suplente","dvt":"V\u00e1lido","vap":"11","pvap":"   0,26"},{"seq":"29","sqcand":"220000663271","n":"40177","nm":"NEIDE RODRIGUES","cc":"PSB","nv":" ","e":"n","st":"Suplente","dvt":"V\u00e1lido","vap":"38","pvap":"   0,89"},{"seq":"61","sqcand":"220000737399","n":"45123","nm":"SILVIA DO HOTEL BELA MANHA","cc":"PSDB","nv":" ","e":"n","st":"N\u00e3o eleito","dvt":"V\u00e1lido","vap":"4","pvap":"   0,09"},{"seq":"9","sqcand":"220000935621","n":"13456","nm":"T\u00c2NIA ROSA","cc":"PT","nv":" ","e":"s","st":"Eleito","dvt":"V\u00e1lido","vap":"85","pvap":"   1,98"},{"seq":"10","sqcand":"220000663209","n":"19789","nm":"NARCELIO TAXISTA","cc":"PODE","nv":" ","e":"n","st":"Suplente","dvt":"V\u00e1lido","vap":"137","pvap":"   3,19"},{"seq":"14","sqcand":"220000663266","n":"40789","nm":"DIRIM","cc":"PSB","nv":" ","e":"n","st":"Suplente","dvt":"V\u00e1lido","vap":"120","pvap":"   2,80"},{"seq":"27","sqcand":"220000663200","n":"19100","nm":"MARIA DA RONDOLANDIA","cc":"PODE","nv":" ","e":"n","st":"Suplente","dvt":"V\u00e1lido","vap":"41","pvap":"   0,96"},{"seq":"24","sqcand":"220000935626","n":"13111","nm":"NENZINHO COELHO","cc":"PT","nv":" ","e":"n","st":"Suplente","dvt":"V\u00e1lido","vap":"48","pvap":"   1,12"},{"seq":"37","sqcand":"220000663208","n":"19999","nm":"ANA PAULA","cc":"PODE","nv":" ","e":"n","st":"Suplente","dvt":"V\u00e1lido","vap":"19","pvap":"   0,44"},{"seq":"22","sqcand":"220000663269","n":"40222","nm":"JOELMA DO RESTAURANTE","cc":"PSB","nv":" ","e":"n","st":"Suplente","dvt":"V\u00e1lido","vap":"57","pvap":"   1,33"},{"seq":"49","sqcand":"220000737397","n":"45000","nm":"HENRIQUE DO ASSENTAMENTO","cc":"PSDB","nv":" ","e":"n","st":"N\u00e3o eleito","dvt":"V\u00e1lido","vap":"65","pvap":"   1,51"},{"seq":"21","sqcand":"220000663186","n":"14789","nm":"CARLITO CARIJ\u00d3","cc":"PTB","nv":" ","e":"n","st":"Suplente","dvt":"V\u00e1lido","vap":"57","pvap":"   1,33"},{"seq":"57","sqcand":"220000663222","n":"25222","nm":"Z\u00c9 CARLOS DO ASSENTAMENTO","cc":"DEM","nv":" ","e":"n","st":"N\u00e3o eleito","dvt":"V\u00e1lido","vap":"19","pvap":"   0,44"},{"seq":"28","sqcand":"220000935620","n":"13122","nm":"WANDO DO SINDICATO","cc":"PT","nv":" ","e":"n","st":"Suplente","dvt":"V\u00e1lido","vap":"39","pvap":"   0,91"},{"seq":"3","sqcand":"220000663207","n":"19300","nm":"OSMAR FARINHA","cc":"PODE","nv":" ","e":"s","st":"Eleito","dvt":"V\u00e1lido","vap":"222","pvap":"   5,17"},{"seq":"51","sqcand":"220000663225","n":"25123","nm":"VOLMIR BEATTO","cc":"DEM","nv":" ","e":"n","st":"N\u00e3o eleito","dvt":"V\u00e1lido","vap":"35","pvap":"   0,82"},{"seq":"38","sqcand":"220000935622","n":"13222","nm":"JO\u00c3O RAMALHO","cc":"PT","nv":" ","e":"n","st":"Suplente","dvt":"V\u00e1lido","vap":"16","pvap":"   0,37"},{"seq":"2","sqcand":"220000663202","n":"19555","nm":"CAVERINHA","cc":"PODE","nv":" ","e":"s","st":"Eleito","dvt":"V\u00e1lido","vap":"234","pvap":"   5,45"},{"seq":"43","sqcand":"220000663187","n":"14056","nm":"LENI","cc":"PTB","nv":" ","e":"n","st":"Suplente","dvt":"V\u00e1lido","vap":"6","pvap":"   0,14"},{"seq":"15","sqcand":"220000663263","n":"40123","nm":"CRIS CABELEIREIRA","cc":"PSB","nv":" ","e":"n","st":"Suplente","dvt":"V\u00e1lido","vap":"110","pvap":"   2,56"}]}
