{"ele":"426","tpabr":"mu","cdabr":"00701","carper":"13","t":"1","f":"o","dt":"15/11/2020","ht":"21:24:25","dv":"s","tf":"s","v":"9","esae":"n","mnae":"","s":"11","st":"11","pst":" 100,00","snt":"0","psnt":"   0,00","si":"11","psi":" 100,00","sni":"0","psni":"   0,00","sa":"11","psa":" 100,00","sna":"0","psna":"   0,00","e":"3279","ea":"3279","pea":" 100,00","ena":"0","pena":"   0,00","esi":"3279","pesi":" 100,00","esni":"0","pesni":"   0,00","c":"2687","pc":"  81,95","a":"592","pa":"  18,05","vscv":"0","vnom":"2511","vl":"104","pvnom":"  96,02","pvl":"   3,98","vvc":"2618","pvvc":"  97,43","vb":"15","pvb":"   0,56","tvn":"54","ptvn":"   2,01","vn":"54","pvn":" 100,00","vnt":"0","pvnt":"   0,00","vp":"0","pvp":"   0,00","vv":"2615","pvv":"  99,89","van":"0","pvan":"   0,00","vansj":"3","pvansj":"   0,11","tv":"2687","cand":[{"seq":"25","sqcand":"220001171118","n":"55678","nm":"KARINA OLIVEIRA ","cc":"PSD","nv":" ","e":"n","st":"Suplente","dvt":"V\u00e1lido","vap":"21","pvap":"   0,80"},{"seq":"39","sqcand":"220001168062","n":"15555","nm":"CARECA DA ZELIA","cc":"MDB","nv":" ","e":"n","st":"N\u00e3o eleito","dvt":"V\u00e1lido","vap":"5","pvap":"   0,19"},{"seq":"22","sqcand":"220000658585","n":"12000","nm":"REINALDO DA ASSOCIA\u00c7\u00c3O","cc":"PDT","nv":" ","e":"n","st":"Suplente","dvt":"V\u00e1lido","vap":"28","pvap":"   1,07"},{"seq":"41","sqcand":"220001235327","n":"13133","nm":"CIDINHA","cc":"PT","nv":" ","e":"n","st":"N\u00e3o eleito","dvt":"V\u00e1lido","vap":"2","pvap":"   0,08"},{"seq":"30","sqcand":"220000658584","n":"12122","nm":"ADRIANA DO DOQUINHA","cc":"PDT","nv":" ","e":"n","st":"Suplente","dvt":"V\u00e1lido","vap":"10","pvap":"   0,38"},{"seq":"19","sqcand":"220000658580","n":"12013","nm":"DEUSA DO BANANINHA","cc":"PDT","nv":" ","e":"n","st":"Suplente","dvt":"V\u00e1lido","vap":"34","pvap":"   1,30"},{"seq":"27","sqcand":"220001063744","n":"40333","nm":"JESSICA DO DESPACHANTE","cc":"PSB","nv":" ","e":"n","st":"Suplente","dvt":"V\u00e1lido","vap":"15","pvap":"   0,57"},{"seq":"10","sqcand":"220001171113","n":"55055","nm":"SOLANGE ENFERMEIRA","cc":"PSD","nv":" ","e":"n","st":"Suplente","dvt":"V\u00e1lido","vap":"115","pvap":"   4,39"},{"seq":"6","sqcand":"220001171112","n":"55140","nm":"LUIZ PARAQUEDA","cc":"PSD","nv":" ","e":"s","st":"Eleito","dvt":"V\u00e1lido","vap":"130","pvap":"   4,97"},{"seq":"5","sqcand":"220000771438","n":"17444","nm":"GELSON","cc":"PSL","nv":" ","e":"s","st":"Eleito","dvt":"V\u00e1lido","vap":"148","pvap":"   5,65"},{"seq":"40","sqcand":"220001171115","n":"55555","nm":"ADALBERTO","cc":"PSD","nv":" ","e":"n","st":"N\u00e3o eleito","dvt":"Anulado sub judice","vap":"3","pvap":"   0,11"},{"seq":"36","sqcand":"220001235325","n":"13100","nm":"TONINHO DA CH\u00c1CARA","cc":"PT","nv":" ","e":"n","st":"N\u00e3o eleito","dvt":"V\u00e1lido","vap":"56","pvap":"   2,14"},{"seq":"2","sqcand":"220000658583","n":"12345","nm":"BRUNO DO KARAT\u00ca","cc":"PDT","nv":" ","e":"s","st":"Eleito","dvt":"V\u00e1lido","vap":"205","pvap":"   7,83"},{"seq":"17","sqcand":"220000771432","n":"17222","nm":"MARCOS PARAGUAI","cc":"PSL","nv":" ","e":"n","st":"Suplente","dvt":"V\u00e1lido","vap":"46","pvap":"   1,76"},{"seq":"3","sqcand":"220000658587","n":"12777","nm":"MERRINHO","cc":"PDT","nv":" ","e":"s","st":"Eleito","dvt":"V\u00e1lido","vap":"168","pvap":"   6,42"},{"seq":"11","sqcand":"220001063738","n":"40123","nm":"MARC\u00c3O DE CARVALHO","cc":"PSB","nv":" ","e":"n","st":"Suplente","dvt":"V\u00e1lido","vap":"105","pvap":"   4,01"},{"seq":"35","sqcand":"220001168061","n":"15123","nm":"ADRIANA DO MARCAO DA KAPA ZERO","cc":"MDB","nv":" ","e":"n","st":"N\u00e3o eleito","dvt":"V\u00e1lido","vap":"60","pvap":"   2,29"},{"seq":"1","sqcand":"220001063739","n":"40111","nm":"SERJ\u00c3O","cc":"PSB","nv":" ","e":"s","st":"Eleito","dvt":"V\u00e1lido","vap":"248","pvap":"   9,47"},{"seq":"7","sqcand":"220001063743","n":"40999","nm":"DEGO DO P\u00c9 DE GALINHA","cc":"PSB","nv":" ","e":"s","st":"Eleito","dvt":"V\u00e1lido","vap":"116","pvap":"   4,43"},{"seq":"21","sqcand":"220000658581","n":"12120","nm":"GILDA","cc":"PDT","nv":" ","e":"n","st":"Suplente","dvt":"V\u00e1lido","vap":"29","pvap":"   1,11"},{"seq":"4","sqcand":"220001171114","n":"55111","nm":"FUZIL DA AGRICULTURA","cc":"PSD","nv":" ","e":"s","st":"Eleito","dvt":"V\u00e1lido","vap":"148","pvap":"   5,65"},{"seq":"8","sqcand":"220001063742","n":"40456","nm":"MALAQUIAS","cc":"PSB","nv":" ","e":"s","st":"Eleito","dvt":"V\u00e1lido","vap":"114","pvap":"   4,35"},{"seq":"29","sqcand":"220000658582","n":"12500","nm":"BARDOSO DA M\u00d3VEIS POPULAR","cc":"PDT","nv":" ","e":"n","st":"Suplente","dvt":"V\u00e1lido","vap":"14","pvap":"   0,53"},{"seq":"31","sqcand":"220000771433","n":"17111","nm":"EDELSON COTRIM","cc":"PSL","nv":" ","e":"n","st":"Suplente","dvt":"V\u00e1lido","vap":"9","pvap":"   0,34"},{"seq":"38","sqcand":"220001235326","n":"13300","nm":"Z\u00c9 MARIA","cc":"PT","nv":" ","e":"n","st":"N\u00e3o eleito","dvt":"V\u00e1lido","vap":"19","pvap":"   0,73"},{"seq":"18","sqcand":"220000771436","n":"17123","nm":"LAURINDO DA EQUIPE BOA FORMA","cc":"PSL","nv":" ","e":"n","st":"Suplente","dvt":"V\u00e1lido","vap":"45","pvap":"   1,72"},{"seq":"34","sqcand":"220000771439","n":"17555","nm":"CRISTINA","cc":"PSL","nv":" ","e":"n","st":"Suplente","dvt":"V\u00e1lido","vap":"3","pvap":"   0,11"},{"seq":"42","sqcand":"220001168064","n":"15444","nm":"VALDEMAR DA KAPA 06","cc":"MDB","nv":" ","e":"n","st":"N\u00e3o eleito","dvt":"V\u00e1lido","vap":"0","pvap":"00.00"},{"seq":"13","sqcand":"220001063741","n":"40000","nm":"GUILHERME DO AUTO ESCOLA","cc":"PSB","nv":" ","e":"n","st":"Suplente","dvt":"V\u00e1lido","vap":"95","pvap":"   3,63"},{"seq":"26","sqcand":"220001063736","n":"40222","nm":"JOAO DA CHACARA","cc":"PSB","nv":" ","e":"n","st":"Suplente","dvt":"V\u00e1lido","vap":"16","pvap":"   0,61"},{"seq":"37","sqcand":"220001235328","n":"13123","nm":"ANNY KELY VINHAL CASAGRANDE","cc":"PT","nv":" ","e":"n","st":"N\u00e3o eleito","dvt":"V\u00e1lido","vap":"38","pvap":"   1,45"},{"seq":"23","sqcand":"220001063737","n":"40789","nm":"GENI VIEIRA","cc":"PSB","nv":" ","e":"n","st":"Suplente","dvt":"V\u00e1lido","vap":"25","pvap":"   0,95"},{"seq":"15","sqcand":"220000771430","n":"17333","nm":"ELZI","cc":"PSL","nv":" ","e":"n","st":"Suplente","dvt":"V\u00e1lido","vap":"55","pvap":"   2,10"},{"seq":"24","sqcand":"220000658588","n":"12123","nm":"MARC\u00c3O DA AGRICULTURA","cc":"PDT","nv":" ","e":"n","st":"Suplente","dvt":"V\u00e1lido","vap":"22","pvap":"   0,84"},{"seq":"16","sqcand":"220000658586","n":"12012","nm":"VANIN ","cc":"PDT","nv":" ","e":"n","st":"Suplente","dvt":"V\u00e1lido","vap":"47","pvap":"   1,80"},{"seq":"12","sqcand":"220001063740","n":"40100","nm":"MARTINHA","cc":"PSB","nv":" ","e":"n","st":"Suplente","dvt":"V\u00e1lido","vap":"103","pvap":"   3,93"},{"seq":"32","sqcand":"220000771437","n":"17597","nm":"AIANA SETTE","cc":"PSL","nv":" ","e":"n","st":"Suplente","dvt":"V\u00e1lido","vap":"8","pvap":"   0,31"},{"seq":"28","sqcand":"220000771434","n":"17999","nm":"DEISE KELY","cc":"PSL","nv":" ","e":"n","st":"Suplente","dvt":"V\u00e1lido","vap":"15","pvap":"   0,57"},{"seq":"20","sqcand":"220001171117","n":"55123","nm":"JOAO DO SOM","cc":"PSD","nv":" ","e":"n","st":"Suplente","dvt":"V\u00e1lido","vap":"34","pvap":"   1,30"},{"seq":"9","sqcand":"220000771431","n":"17234","nm":"DONIZETE","cc":"PSL","nv":" ","e":"s","st":"Eleito","dvt":"V\u00e1lido","vap":"90","pvap":"   3,44"},{"seq":"33","sqcand":"220001171116","n":"55100","nm":"LUCIANA BRITO","cc":"PSD","nv":" ","e":"n","st":"Suplente","dvt":"V\u00e1lido","vap":"6","pvap":"   0,23"},{"seq":"14","sqcand":"220000771435","n":"17456","nm":"GUSTAVO MANOEL MOTOS","cc":"PSL","nv":" ","e":"n","st":"Suplente","dvt":"V\u00e1lido","vap":"64","pvap":"   2,44"}]}
