{"ele":"426","tpabr":"mu","cdabr":"00752","carper":"13","t":"1","f":"o","dt":"15/11/2020","ht":"21:17:27","dv":"s","tf":"s","v":"9","esae":"n","mnae":"","s":"10","st":"10","pst":" 100,00","snt":"0","psnt":"   0,00","si":"10","psi":" 100,00","sni":"0","psni":"   0,00","sa":"10","psa":" 100,00","sna":"0","psna":"   0,00","e":"4110","ea":"4110","pea":" 100,00","ena":"0","pena":"   0,00","esi":"4110","pesi":" 100,00","esni":"0","pesni":"   0,00","c":"3192","pc":"  77,66","a":"918","pa":"  22,34","vscv":"0","vnom":"2958","vl":"172","pvnom":"  94,50","pvl":"   5,50","vvc":"3130","pvvc":"  98,06","vb":"31","pvb":"   0,97","tvn":"31","ptvn":"   0,97","vn":"31","pvn":" 100,00","vnt":"0","pvnt":"   0,00","vp":"0","pvp":"   0,00","vv":"3130","pvv":" 100,00","van":"0","pvan":"   0,00","vansj":"0","pvansj":"   0,00","tv":"3192","cand":[{"seq":"10","sqcand":"220001055801","n":"11011","nm":"ITAMAR DA DEZESSEIS","cc":"PP","nv":" ","e":"n","st":"Suplente","dvt":"V\u00e1lido","vap":"109","pvap":"   3,48"},{"seq":"29","sqcand":"220000871292","n":"13026","nm":"QUIT\u00c9RIA DA SILVA","cc":"PT","nv":" ","e":"n","st":"Suplente","dvt":"V\u00e1lido","vap":"31","pvap":"   0,99"},{"seq":"41","sqcand":"220000871289","n":"13035","nm":"RELHA DA FEIRA","cc":"PT","nv":" ","e":"n","st":"Suplente","dvt":"V\u00e1lido","vap":"3","pvap":"   0,10"},{"seq":"9","sqcand":"220000871281","n":"13456","nm":"SALVADOR JOS\u00c9","cc":"PT","nv":" ","e":"s","st":"Eleito","dvt":"V\u00e1lido","vap":"110","pvap":"   3,51"},{"seq":"8","sqcand":"220001055802","n":"11234","nm":"ZE ANIZIO","cc":"PP","nv":" ","e":"s","st":"Eleito","dvt":"V\u00e1lido","vap":"129","pvap":"   4,12"},{"seq":"3","sqcand":"220000871286","n":"13333","nm":"JUMAR NEGRINI","cc":"PT","nv":" ","e":"s","st":"Eleito","dvt":"V\u00e1lido","vap":"203","pvap":"   6,49"},{"seq":"32","sqcand":"220000803186","n":"15400","nm":"MARCIA BORGES","cc":"MDB","nv":" ","e":"n","st":"Suplente","dvt":"V\u00e1lido","vap":"26","pvap":"   0,83"},{"seq":"17","sqcand":"220000871288","n":"13123","nm":"D\u00c3OZINHO","cc":"PT","nv":" ","e":"n","st":"Suplente","dvt":"V\u00e1lido","vap":"70","pvap":"   2,24"},{"seq":"35","sqcand":"220000871290","n":"13108","nm":"GLEICY MATOS","cc":"PT","nv":" ","e":"n","st":"Suplente","dvt":"V\u00e1lido","vap":"19","pvap":"   0,61"},{"seq":"33","sqcand":"220000871284","n":"13131","nm":"ELISANGELA GOMES","cc":"PT","nv":" ","e":"n","st":"Suplente","dvt":"V\u00e1lido","vap":"24","pvap":"   0,77"},{"seq":"22","sqcand":"220000871287","n":"13103","nm":"ANA DO NONA","cc":"PT","nv":" ","e":"n","st":"Suplente","dvt":"V\u00e1lido","vap":"58","pvap":"   1,85"},{"seq":"37","sqcand":"220000803187","n":"15016","nm":"EDIR CUSTODIO DA 16","cc":"MDB","nv":" ","e":"n","st":"Suplente","dvt":"V\u00e1lido","vap":"16","pvap":"   0,51"},{"seq":"5","sqcand":"220000871291","n":"13000","nm":"MARCELO NEGRINI","cc":"PT","nv":" ","e":"s","st":"Eleito","dvt":"V\u00e1lido","vap":"149","pvap":"   4,76"},{"seq":"28","sqcand":"220000871280","n":"13013","nm":"PROFESSORA DULCE","cc":"PT","nv":" ","e":"n","st":"Suplente","dvt":"V\u00e1lido","vap":"32","pvap":"   1,02"},{"seq":"19","sqcand":"220001055797","n":"11100","nm":"JOAQUIM TAVARES","cc":"PP","nv":" ","e":"n","st":"Suplente","dvt":"V\u00e1lido","vap":"66","pvap":"   2,11"},{"seq":"11","sqcand":"220001055804","n":"11000","nm":"MARIZA","cc":"PP","nv":" ","e":"n","st":"Suplente","dvt":"V\u00e1lido","vap":"104","pvap":"   3,32"},{"seq":"15","sqcand":"220000871283","n":"13032","nm":"DELMIR AMANCIO","cc":"PT","nv":" ","e":"n","st":"Suplente","dvt":"V\u00e1lido","vap":"74","pvap":"   2,36"},{"seq":"40","sqcand":"220000871659","n":"55444","nm":"SEVERINO DA RECICLAGEM","cc":"PSD","nv":" ","e":"n","st":"Suplente","dvt":"V\u00e1lido","vap":"4","pvap":"   0,13"},{"seq":"26","sqcand":"220000871664","n":"55234","nm":"ROSANGELA DA DEZESSEIS","cc":"PSD","nv":" ","e":"n","st":"Suplente","dvt":"V\u00e1lido","vap":"37","pvap":"   1,18"},{"seq":"18","sqcand":"220000871282","n":"13444","nm":"ANTONIO EDILSON","cc":"PT","nv":" ","e":"n","st":"Suplente","dvt":"V\u00e1lido","vap":"69","pvap":"   2,20"},{"seq":"24","sqcand":"220000871666","n":"55369","nm":"SILVANO SOARES","cc":"PSD","nv":" ","e":"n","st":"Suplente","dvt":"V\u00e1lido","vap":"45","pvap":"   1,44"},{"seq":"14","sqcand":"220000803194","n":"15700","nm":"BELMIR DA 32","cc":"MDB","nv":" ","e":"n","st":"Suplente","dvt":"V\u00e1lido","vap":"79","pvap":"   2,52"},{"seq":"6","sqcand":"220000871660","n":"55123","nm":"CARLOS KLEBER","cc":"PSD","nv":" ","e":"s","st":"Eleito","dvt":"V\u00e1lido","vap":"146","pvap":"   4,66"},{"seq":"12","sqcand":"220000871661","n":"55678","nm":"MARIQUINHA","cc":"PSD","nv":" ","e":"n","st":"Suplente","dvt":"V\u00e1lido","vap":"98","pvap":"   3,13"},{"seq":"34","sqcand":"220000803193","n":"15015","nm":"ALESSANDRO LACERDA","cc":"MDB","nv":" ","e":"n","st":"Suplente","dvt":"V\u00e1lido","vap":"22","pvap":"   0,70"},{"seq":"38","sqcand":"220001055800","n":"11026","nm":"DANIEL BOC\u00c3O","cc":"PP","nv":" ","e":"n","st":"Suplente","dvt":"V\u00e1lido","vap":"10","pvap":"   0,32"},{"seq":"23","sqcand":"220000871293","n":"13567","nm":"LUCIANO ELETROMASTER","cc":"PT","nv":" ","e":"n","st":"Suplente","dvt":"V\u00e1lido","vap":"52","pvap":"   1,66"},{"seq":"31","sqcand":"220001198659","n":"11432","nm":"ZEZINHO TEIXEIRA","cc":"PP","nv":" ","e":"n","st":"Suplente","dvt":"V\u00e1lido","vap":"27","pvap":"   0,86"},{"seq":"25","sqcand":"220000871665","n":"55555","nm":"OZEIAS GODOI","cc":"PSD","nv":" ","e":"n","st":"Suplente","dvt":"V\u00e1lido","vap":"45","pvap":"   1,44"},{"seq":"42","sqcand":"220000871662","n":"55000","nm":"ZENEIDE MARQUES","cc":"PSD","nv":" ","e":"n","st":"Suplente","dvt":"V\u00e1lido","vap":"3","pvap":"   0,10"},{"seq":"1","sqcand":"220000803191","n":"15800","nm":"DARCY GOMES","cc":"MDB","nv":" ","e":"s","st":"Eleito","dvt":"V\u00e1lido","vap":"224","pvap":"   7,16"},{"seq":"20","sqcand":"220000871667","n":"55345","nm":"GENIVALDO RAVAZINE DA 16","cc":"PSD","nv":" ","e":"n","st":"Suplente","dvt":"V\u00e1lido","vap":"61","pvap":"   1,95"},{"seq":"2","sqcand":"220000803185","n":"15100","nm":"Z\u00c9 VETERIN\u00c1RIO","cc":"MDB","nv":" ","e":"s","st":"Eleito","dvt":"V\u00e1lido","vap":"208","pvap":"   6,65"},{"seq":"13","sqcand":"220000871285","n":"13111","nm":"NEURIZETE MENDES","cc":"PT","nv":" ","e":"n","st":"Suplente","dvt":"V\u00e1lido","vap":"85","pvap":"   2,72"},{"seq":"4","sqcand":"220001055799","n":"11123","nm":"ELIZEU RODRIGUES","cc":"PP","nv":" ","e":"s","st":"Eleito","dvt":"V\u00e1lido","vap":"161","pvap":"   5,14"},{"seq":"27","sqcand":"220001055803","n":"11456","nm":"JACIELE ROSA SCANDOLHERE","cc":"PP","nv":" ","e":"n","st":"Suplente","dvt":"V\u00e1lido","vap":"33","pvap":"   1,05"},{"seq":"16","sqcand":"220000803192","n":"15115","nm":"JAKSON BISPO","cc":"MDB","nv":" ","e":"n","st":"Suplente","dvt":"V\u00e1lido","vap":"72","pvap":"   2,30"},{"seq":"36","sqcand":"220000871663","n":"55188","nm":"ARLON DO LAVADOR","cc":"PSD","nv":" ","e":"n","st":"Suplente","dvt":"V\u00e1lido","vap":"18","pvap":"   0,58"},{"seq":"7","sqcand":"220000803190","n":"15123","nm":"BINHO DA 20","cc":"MDB","nv":" ","e":"s","st":"Eleito","dvt":"V\u00e1lido","vap":"138","pvap":"   4,41"},{"seq":"21","sqcand":"220000803189","n":"15111","nm":"NEGUINHA DA 22","cc":"MDB","nv":" ","e":"n","st":"Suplente","dvt":"V\u00e1lido","vap":"60","pvap":"   1,92"},{"seq":"39","sqcand":"220001055798","n":"11112","nm":"ELAINE","cc":"PP","nv":" ","e":"n","st":"Suplente","dvt":"V\u00e1lido","vap":"7","pvap":"   0,22"},{"seq":"30","sqcand":"220000803188","n":"15678","nm":"BERIA BETANIA","cc":"MDB","nv":" ","e":"n","st":"Suplente","dvt":"V\u00e1lido","vap":"31","pvap":"   0,99"}]}
