{"ele":"426","tpabr":"mu","cdabr":"01040","carper":"13","t":"1","f":"o","dt":"16/11/2020","ht":"08:23:44","dv":"s","tf":"s","v":"9","esae":"n","mnae":"","s":"34","st":"34","pst":" 100,00","snt":"0","psnt":"   0,00","si":"34","psi":" 100,00","sni":"0","psni":"   0,00","sa":"34","psa":" 100,00","sna":"0","psna":"   0,00","e":"10491","ea":"10491","pea":" 100,00","ena":"0","pena":"   0,00","esi":"10491","pesi":" 100,00","esni":"0","pesni":"   0,00","c":"8616","pc":"  82,13","a":"1875","pa":"  17,87","vscv":"0","vnom":"8046","vl":"371","pvnom":"  95,59","pvl":"   4,41","vvc":"8417","pvvc":"  97,69","vb":"25","pvb":"   0,29","tvn":"174","ptvn":"   2,02","vn":"165","pvn":"  94,83","vnt":"9","pvnt":"   5,17","vp":"0","pvp":"   0,00","vv":"8417","pvv":" 100,00","van":"0","pvan":"   0,00","vansj":"0","pvansj":"   0,00","tv":"8616","cand":[{"seq":"53","sqcand":"10000802853","n":"45300","nm":"BEDINA","cc":"PSDB","nv":" ","e":"n","st":"Suplente","dvt":"V\u00e1lido","vap":"22","pvap":"   0,26"},{"seq":"76","sqcand":"10000788218","n":"13999","nm":"PIU SALES","cc":"PT","nv":" ","e":"n","st":"Suplente","dvt":"V\u00e1lido","vap":"7","pvap":"   0,08"},{"seq":"122","sqcand":"10000889506","n":"90123","nm":"RAIMUNDO MARGARIDA","cc":"PROS","nv":" ","e":"n","st":"N\u00e3o eleito","dvt":"V\u00e1lido","vap":"0","pvap":"00.00"},{"seq":"70","sqcand":"10000942102","n":"77333","nm":"ALDENIZA FIRMINO","cc":"SOLIDARIEDADE","nv":" ","e":"n","st":"Suplente","dvt":"V\u00e1lido","vap":"9","pvap":"   0,11"},{"seq":"41","sqcand":"10001211386","n":"11122","nm":"SARNEI GUITARRISTA","cc":"PP","nv":" ","e":"n","st":"Suplente","dvt":"V\u00e1lido","vap":"39","pvap":"   0,46"},{"seq":"33","sqcand":"10000788225","n":"13555","nm":"PROFESSORA LINDALVA","cc":"PT","nv":" ","e":"n","st":"Suplente","dvt":"V\u00e1lido","vap":"64","pvap":"   0,76"},{"seq":"14","sqcand":"10001211397","n":"11456","nm":"TINHA","cc":"PP","nv":" ","e":"n","st":"Suplente","dvt":"V\u00e1lido","vap":"165","pvap":"   1,96"},{"seq":"94","sqcand":"10000890661","n":"20112","nm":"DANIEL CHAMA","cc":"PSC","nv":" ","e":"n","st":"N\u00e3o eleito","dvt":"V\u00e1lido","vap":"39","pvap":"   0,46"},{"seq":"112","sqcand":"10000744666","n":"12700","nm":"MADALENA DO PARAIBA","cc":"PDT","nv":" ","e":"n","st":"N\u00e3o eleito","dvt":"V\u00e1lido","vap":"8","pvap":"   0,10"},{"seq":"89","sqcand":"10000889501","n":"90111","nm":"JOSE AUGUSTO","cc":"PROS","nv":" ","e":"n","st":"N\u00e3o eleito","dvt":"V\u00e1lido","vap":"57","pvap":"   0,68"},{"seq":"19","sqcand":"10000801385","n":"55123","nm":"MARICELSON FIRMINO","cc":"PSD","nv":" ","e":"n","st":"Suplente","dvt":"V\u00e1lido","vap":"134","pvap":"   1,59"},{"seq":"12","sqcand":"10000789790","n":"65123","nm":"JOAO LUCIANO","cc":"PC do B","nv":" ","e":"n","st":"Suplente","dvt":"V\u00e1lido","vap":"169","pvap":"   2,01"},{"seq":"34","sqcand":"10000801388","n":"55555","nm":"LURDES","cc":"PSD","nv":" ","e":"n","st":"Suplente","dvt":"V\u00e1lido","vap":"59","pvap":"   0,70"},{"seq":"90","sqcand":"10000744661","n":"12369","nm":"ANGELEIDE DO LA\u00c9CIO","cc":"PDT","nv":" ","e":"n","st":"N\u00e3o eleito","dvt":"V\u00e1lido","vap":"55","pvap":"   0,65"},{"seq":"15","sqcand":"10000801383","n":"55789","nm":"CLEUDON FRANCA","cc":"PSD","nv":" ","e":"n","st":"Suplente","dvt":"V\u00e1lido","vap":"153","pvap":"   1,82"},{"seq":"100","sqcand":"10000744665","n":"12456","nm":"EVANDRO AZEVEDO","cc":"PDT","nv":" ","e":"n","st":"N\u00e3o eleito","dvt":"V\u00e1lido","vap":"28","pvap":"   0,33"},{"seq":"5","sqcand":"10001211395","n":"11111","nm":"PROF. KIKO","cc":"PP","nv":" ","e":"s","st":"Eleito","dvt":"V\u00e1lido","vap":"232","pvap":"   2,76"},{"seq":"116","sqcand":"10000889499","n":"90000","nm":"BIDI CARPINTEIRO","cc":"PROS","nv":" ","e":"n","st":"N\u00e3o eleito","dvt":"V\u00e1lido","vap":"6","pvap":"   0,07"},{"seq":"32","sqcand":"10000802842","n":"45125","nm":"OURO DO TRIUNFO","cc":"PSDB","nv":" ","e":"n","st":"Suplente","dvt":"V\u00e1lido","vap":"65","pvap":"   0,77"},{"seq":"60","sqcand":"10000789794","n":"65345","nm":"ADAILTON","cc":"PC do B","nv":" ","e":"n","st":"Suplente","dvt":"V\u00e1lido","vap":"16","pvap":"   0,19"},{"seq":"3","sqcand":"10000942100","n":"77123","nm":"OCI\u00c9LIO VALE","cc":"SOLIDARIEDADE","nv":" ","e":"s","st":"Eleito","dvt":"V\u00e1lido","vap":"341","pvap":"   4,05"},{"seq":"22","sqcand":"10000789793","n":"65111","nm":"NALVA","cc":"PC do B","nv":" ","e":"n","st":"Suplente","dvt":"V\u00e1lido","vap":"107","pvap":"   1,27"},{"seq":"80","sqcand":"10000991888","n":"15999","nm":"DIONATA FRAN\u00c7A","cc":"MDB","nv":" ","e":"n","st":"Suplente","dvt":"V\u00e1lido","vap":"4","pvap":"   0,05"},{"seq":"93","sqcand":"10000890666","n":"20123","nm":"PROF GERVANDRO  BEZERRA","cc":"PSC","nv":" ","e":"n","st":"N\u00e3o eleito","dvt":"V\u00e1lido","vap":"39","pvap":"   0,46"},{"seq":"95","sqcand":"10000744664","n":"12222","nm":"CIRLETE","cc":"PDT","nv":" ","e":"n","st":"N\u00e3o eleito","dvt":"V\u00e1lido","vap":"38","pvap":"   0,45"},{"seq":"71","sqcand":"10001211393","n":"11234","nm":"PROF. JAILSON","cc":"PP","nv":" ","e":"n","st":"Suplente","dvt":"V\u00e1lido","vap":"8","pvap":"   0,10"},{"seq":"75","sqcand":"10000789798","n":"65221","nm":"ZENILDE","cc":"PC do B","nv":" ","e":"n","st":"Suplente","dvt":"V\u00e1lido","vap":"7","pvap":"   0,08"},{"seq":"4","sqcand":"10001262984","n":"55120","nm":"RUDSON ROGERIO","cc":"PSD","nv":" ","e":"s","st":"Eleito","dvt":"V\u00e1lido","vap":"290","pvap":"   3,45"},{"seq":"72","sqcand":"10000942099","n":"77555","nm":"JANETE SANTOS","cc":"SOLIDARIEDADE","nv":" ","e":"n","st":"Suplente","dvt":"V\u00e1lido","vap":"8","pvap":"   0,10"},{"seq":"20","sqcand":"10000801394","n":"55222","nm":"RODRIGO OLIVEIRA","cc":"PSD","nv":" ","e":"n","st":"Suplente","dvt":"V\u00e1lido","vap":"133","pvap":"   1,58"},{"seq":"118","sqcand":"10000889498","n":"90444","nm":"TETEU DO BREU","cc":"PROS","nv":" ","e":"n","st":"N\u00e3o eleito","dvt":"V\u00e1lido","vap":"3","pvap":"   0,04"},{"seq":"73","sqcand":"10000802846","n":"45155","nm":"QUEANE ROSA","cc":"PSDB","nv":" ","e":"n","st":"Suplente","dvt":"V\u00e1lido","vap":"8","pvap":"   0,10"},{"seq":"99","sqcand":"10000889497","n":"90222","nm":"ALTEMIR FIRMINO","cc":"PROS","nv":" ","e":"n","st":"N\u00e3o eleito","dvt":"V\u00e1lido","vap":"29","pvap":"   0,34"},{"seq":"47","sqcand":"10000802847","n":"45222","nm":"AURO SOUZA","cc":"PSDB","nv":" ","e":"n","st":"Suplente","dvt":"V\u00e1lido","vap":"33","pvap":"   0,39"},{"seq":"16","sqcand":"10000802845","n":"45122","nm":"MANOEL BEZERRA","cc":"PSDB","nv":" ","e":"n","st":"Suplente","dvt":"V\u00e1lido","vap":"151","pvap":"   1,79"},{"seq":"43","sqcand":"10000789796","n":"65065","nm":"EVINALDO","cc":"PC do B","nv":" ","e":"n","st":"Suplente","dvt":"V\u00e1lido","vap":"36","pvap":"   0,43"},{"seq":"83","sqcand":"10000803346","n":"40100","nm":"NIALLEN","cc":"PSB","nv":" ","e":"n","st":"N\u00e3o eleito","dvt":"V\u00e1lido","vap":"298","pvap":"   3,54"},{"seq":"42","sqcand":"10001211389","n":"11789","nm":"DARITON SILVA","cc":"PP","nv":" ","e":"n","st":"Suplente","dvt":"V\u00e1lido","vap":"38","pvap":"   0,45"},{"seq":"46","sqcand":"10001211387","n":"11555","nm":"PROF\u00aa DAIANE","cc":"PP","nv":" ","e":"n","st":"Suplente","dvt":"V\u00e1lido","vap":"33","pvap":"   0,39"},{"seq":"63","sqcand":"10000789791","n":"65555","nm":"JUNIOR","cc":"PC do B","nv":" ","e":"n","st":"Suplente","dvt":"V\u00e1lido","vap":"14","pvap":"   0,17"},{"seq":"123","sqcand":"10000890662","n":"20234","nm":"MARIA LACI","cc":"PSC","nv":" ","e":"n","st":"N\u00e3o eleito","dvt":"V\u00e1lido","vap":"0","pvap":"00.00"},{"seq":"107","sqcand":"10000803343","n":"40127","nm":"MARIZANGELA","cc":"PSB","nv":" ","e":"n","st":"N\u00e3o eleito","dvt":"V\u00e1lido","vap":"12","pvap":"   0,14"},{"seq":"67","sqcand":"10000788219","n":"13012","nm":"AD\u00c3O DA RESTAURA\u00c7\u00c3O","cc":"PT","nv":" ","e":"n","st":"Suplente","dvt":"V\u00e1lido","vap":"10","pvap":"   0,12"},{"seq":"13","sqcand":"10000801390","n":"55122","nm":"FELIPE SANTOS","cc":"PSD","nv":" ","e":"n","st":"Suplente","dvt":"V\u00e1lido","vap":"169","pvap":"   2,01"},{"seq":"101","sqcand":"10000889504","n":"90888","nm":"LUCIA KAXINAUA","cc":"PROS","nv":" ","e":"n","st":"N\u00e3o eleito","dvt":"V\u00e1lido","vap":"26","pvap":"   0,31"},{"seq":"21","sqcand":"10000942104","n":"77777","nm":"TICO DO TENOR","cc":"SOLIDARIEDADE","nv":" ","e":"n","st":"Suplente","dvt":"V\u00e1lido","vap":"129","pvap":"   1,53"},{"seq":"103","sqcand":"10000889507","n":"90555","nm":"BEBE DA SERRARIA","cc":"PROS","nv":" ","e":"n","st":"N\u00e3o eleito","dvt":"V\u00e1lido","vap":"15","pvap":"   0,18"},{"seq":"2","sqcand":"10000801386","n":"55111","nm":"DAVI ASHANINKA","cc":"PSD","nv":" ","e":"s","st":"Eleito","dvt":"V\u00e1lido","vap":"343","pvap":"   4,08"},{"seq":"8","sqcand":"10000789789","n":"65000","nm":"ERISBERTO","cc":"PC do B","nv":" ","e":"s","st":"Eleito","dvt":"V\u00e1lido","vap":"193","pvap":"   2,29"},{"seq":"50","sqcand":"10000802848","n":"45333","nm":"EROILDA","cc":"PSDB","nv":" ","e":"n","st":"Suplente","dvt":"V\u00e1lido","vap":"27","pvap":"   0,32"},{"seq":"108","sqcand":"10000889505","n":"90333","nm":"DAMARCIA","cc":"PROS","nv":" ","e":"n","st":"N\u00e3o eleito","dvt":"V\u00e1lido","vap":"11","pvap":"   0,13"},{"seq":"66","sqcand":"10000801391","n":"55987","nm":"ADRIELE BARROS","cc":"PSD","nv":" ","e":"n","st":"Suplente","dvt":"V\u00e1lido","vap":"13","pvap":"   0,15"},{"seq":"84","sqcand":"10000744663","n":"12123","nm":"JUNIOR DA RESTAURA\u00c7\u00c3O","cc":"PDT","nv":" ","e":"n","st":"N\u00e3o eleito","dvt":"V\u00e1lido","vap":"209","pvap":"   2,48"},{"seq":"38","sqcand":"10000788216","n":"13789","nm":"JO\u00c3O DOLIRO","cc":"PT","nv":" ","e":"n","st":"Suplente","dvt":"V\u00e1lido","vap":"43","pvap":"   0,51"},{"seq":"23","sqcand":"10000802851","n":"45000","nm":"ORLEIDO LOPES","cc":"PSDB","nv":" ","e":"n","st":"Suplente","dvt":"V\u00e1lido","vap":"106","pvap":"   1,26"},{"seq":"117","sqcand":"10000803339","n":"40102","nm":"DE JESUS MAIA","cc":"PSB","nv":" ","e":"n","st":"N\u00e3o eleito","dvt":"V\u00e1lido","vap":"5","pvap":"   0,06"},{"seq":"88","sqcand":"10000744668","n":"12345","nm":"ORDONES MOTA","cc":"PDT","nv":" ","e":"n","st":"N\u00e3o eleito","dvt":"V\u00e1lido","vap":"71","pvap":"   0,84"},{"seq":"77","sqcand":"10000802850","n":"45253","nm":"MARIVALDO LIMA","cc":"PSDB","nv":" ","e":"n","st":"Suplente","dvt":"V\u00e1lido","vap":"7","pvap":"   0,08"},{"seq":"25","sqcand":"10000788228","n":"13013","nm":"ISAEL FORTUNATO","cc":"PT","nv":" ","e":"n","st":"Suplente","dvt":"V\u00e1lido","vap":"98","pvap":"   1,16"},{"seq":"57","sqcand":"10000802843","n":"45111","nm":"ERISSON BRAND\u00c3O","cc":"PSDB","nv":" ","e":"n","st":"Suplente","dvt":"V\u00e1lido","vap":"16","pvap":"   0,19"},{"seq":"56","sqcand":"10001211391","n":"11444","nm":"PROF\u00aa AUDILANDIA","cc":"PP","nv":" ","e":"n","st":"Suplente","dvt":"V\u00e1lido","vap":"17","pvap":"   0,20"},{"seq":"106","sqcand":"10000803347","n":"40124","nm":"LUCEILDA SILVA","cc":"PSB","nv":" ","e":"n","st":"N\u00e3o eleito","dvt":"V\u00e1lido","vap":"13","pvap":"   0,15"},{"seq":"10","sqcand":"10001211394","n":"11000","nm":"ALDINEIS SALES","cc":"PP","nv":" ","e":"n","st":"Suplente","dvt":"V\u00e1lido","vap":"203","pvap":"   2,41"},{"seq":"24","sqcand":"10001211385","n":"11222","nm":"LEONARDO DO TRIUNFO","cc":"PP","nv":" ","e":"n","st":"Suplente","dvt":"V\u00e1lido","vap":"106","pvap":"   1,26"},{"seq":"105","sqcand":"10000890665","n":"20222","nm":"CATILA BARBOSA","cc":"PSC","nv":" ","e":"n","st":"N\u00e3o eleito","dvt":"V\u00e1lido","vap":"14","pvap":"   0,17"},{"seq":"64","sqcand":"10000788222","n":"13699","nm":"JOICE LOPES","cc":"PT","nv":" ","e":"n","st":"Suplente","dvt":"V\u00e1lido","vap":"13","pvap":"   0,15"},{"seq":"91","sqcand":"10000803335","n":"40123","nm":"LARISSA ALEM\u00c3O","cc":"PSB","nv":" ","e":"n","st":"N\u00e3o eleito","dvt":"V\u00e1lido","vap":"47","pvap":"   0,56"},{"seq":"39","sqcand":"10000991895","n":"15150","nm":"CHIQUIM DA ILDA","cc":"MDB","nv":" ","e":"n","st":"Suplente","dvt":"V\u00e1lido","vap":"40","pvap":"   0,48"},{"seq":"104","sqcand":"10000744662","n":"12457","nm":"ARISON RIBEIRO","cc":"PDT","nv":" ","e":"n","st":"N\u00e3o eleito","dvt":"V\u00e1lido","vap":"15","pvap":"   0,18"},{"seq":"111","sqcand":"10000803341","n":"40125","nm":"NAIZA SOARES","cc":"PSB","nv":" ","e":"n","st":"N\u00e3o eleito","dvt":"V\u00e1lido","vap":"10","pvap":"   0,12"},{"seq":"49","sqcand":"10000802849","n":"45678","nm":"ALIRO SILVA","cc":"PSDB","nv":" ","e":"n","st":"Suplente","dvt":"V\u00e1lido","vap":"29","pvap":"   0,34"},{"seq":"65","sqcand":"10000942098","n":"77222","nm":"CLENICE MELO","cc":"SOLIDARIEDADE","nv":" ","e":"n","st":"Suplente","dvt":"V\u00e1lido","vap":"13","pvap":"   0,15"},{"seq":"85","sqcand":"10000889502","n":"90456","nm":"ATILON PINHEIRO","cc":"PROS","nv":" ","e":"n","st":"N\u00e3o eleito","dvt":"V\u00e1lido","vap":"189","pvap":"   2,25"},{"seq":"48","sqcand":"10000801387","n":"55678","nm":"FRANCISCA SILVA","cc":"PSD","nv":" ","e":"n","st":"Suplente","dvt":"V\u00e1lido","vap":"31","pvap":"   0,37"},{"seq":"17","sqcand":"10000788217","n":"13456","nm":"VALMAR CALIXTO","cc":"PT","nv":" ","e":"n","st":"Suplente","dvt":"V\u00e1lido","vap":"144","pvap":"   1,71"},{"seq":"44","sqcand":"10000788227","n":"13222","nm":"NILDSSON LIMA","cc":"PT","nv":" ","e":"n","st":"Suplente","dvt":"V\u00e1lido","vap":"35","pvap":"   0,42"},{"seq":"82","sqcand":"10001211390","n":"11100","nm":"LENNY CABELEIREIRA ","cc":"PP","nv":" ","e":"n","st":"Suplente","dvt":"V\u00e1lido","vap":"1","pvap":"   0,01"},{"seq":"61","sqcand":"10000942096","n":"77456","nm":"CARLA DO Z\u00c9 CARLOS","cc":"SOLIDARIEDADE","nv":" ","e":"n","st":"Suplente","dvt":"V\u00e1lido","vap":"14","pvap":"   0,17"},{"seq":"97","sqcand":"10000803340","n":"40101","nm":"MARIA DE NAZAR\u00c9","cc":"PSB","nv":" ","e":"n","st":"N\u00e3o eleito","dvt":"V\u00e1lido","vap":"33","pvap":"   0,39"},{"seq":"96","sqcand":"10000803342","n":"40120","nm":"MARQUEU","cc":"PSB","nv":" ","e":"n","st":"N\u00e3o eleito","dvt":"V\u00e1lido","vap":"34","pvap":"   0,40"},{"seq":"26","sqcand":"10000788223","n":"13000","nm":"AMADEUZIM","cc":"PT","nv":" ","e":"n","st":"Suplente","dvt":"V\u00e1lido","vap":"88","pvap":"   1,05"},{"seq":"54","sqcand":"10000801393","n":"55543","nm":"FABIANA COSTA","cc":"PSD","nv":" ","e":"n","st":"Suplente","dvt":"V\u00e1lido","vap":"22","pvap":"   0,26"},{"seq":"81","sqcand":"10000789792","n":"65344","nm":"ANGRA PINHEIRO","cc":"PC do B","nv":" ","e":"n","st":"Suplente","dvt":"V\u00e1lido","vap":"2","pvap":"   0,02"},{"seq":"29","sqcand":"10000942095","n":"77005","nm":"EBISON SANTOS","cc":"SOLIDARIEDADE","nv":" ","e":"n","st":"Suplente","dvt":"V\u00e1lido","vap":"81","pvap":"   0,96"},{"seq":"79","sqcand":"10000991892","n":"15111","nm":"ELIZEU DA R\u00c1DIO","cc":"MDB","nv":" ","e":"n","st":"Suplente","dvt":"V\u00e1lido","vap":"5","pvap":"   0,06"},{"seq":"1","sqcand":"10000991886","n":"15122","nm":"ARLEN LIMA","cc":"MDB","nv":" ","e":"s","st":"Eleito","dvt":"V\u00e1lido","vap":"480","pvap":"   5,70"},{"seq":"86","sqcand":"10000889500","n":"90322","nm":"CARLOS DO VALE","cc":"PROS","nv":" ","e":"n","st":"N\u00e3o eleito","dvt":"V\u00e1lido","vap":"93","pvap":"   1,10"},{"seq":"52","sqcand":"10000991890","n":"15555","nm":"GALEGA AMBROSIO","cc":"MDB","nv":" ","e":"n","st":"Suplente","dvt":"V\u00e1lido","vap":"23","pvap":"   0,27"},{"seq":"58","sqcand":"10000991891","n":"15556","nm":"OZITA DO TANGO","cc":"MDB","nv":" ","e":"n","st":"Suplente","dvt":"V\u00e1lido","vap":"16","pvap":"   0,19"},{"seq":"68","sqcand":"10000991887","n":"15015","nm":"ANTONIO JOSE","cc":"MDB","nv":" ","e":"n","st":"Suplente","dvt":"V\u00e1lido","vap":"10","pvap":"   0,12"},{"seq":"119","sqcand":"10000890664","n":"20111","nm":"JOSE CABRAL","cc":"PSC","nv":" ","e":"n","st":"N\u00e3o eleito","dvt":"V\u00e1lido","vap":"3","pvap":"   0,04"},{"seq":"18","sqcand":"10000788226","n":"13333","nm":"PROFESSOR NAWAIB\u00c3","cc":"PT","nv":" ","e":"n","st":"Suplente","dvt":"V\u00e1lido","vap":"137","pvap":"   1,63"},{"seq":"120","sqcand":"10000803344","n":"40133","nm":"FELIPE PAIVA","cc":"PSB","nv":" ","e":"n","st":"N\u00e3o eleito","dvt":"V\u00e1lido","vap":"3","pvap":"   0,04"},{"seq":"98","sqcand":"10000803345","n":"40111","nm":"DAURICIO","cc":"PSB","nv":" ","e":"n","st":"N\u00e3o eleito","dvt":"V\u00e1lido","vap":"31","pvap":"   0,37"},{"seq":"102","sqcand":"10000744669","n":"12000","nm":"CHICOZINHO","cc":"PDT","nv":" ","e":"n","st":"N\u00e3o eleito","dvt":"V\u00e1lido","vap":"22","pvap":"   0,26"},{"seq":"51","sqcand":"10001211392","n":"11333","nm":"PROF\u00aa MARIA JOS\u00c9","cc":"PP","nv":" ","e":"n","st":"Suplente","dvt":"V\u00e1lido","vap":"23","pvap":"   0,27"},{"seq":"110","sqcand":"10000803334","n":"40126","nm":"PROFESSOR ERENILTON","cc":"PSB","nv":" ","e":"n","st":"N\u00e3o eleito","dvt":"V\u00e1lido","vap":"10","pvap":"   0,12"},{"seq":"115","sqcand":"10000744670","n":"12012","nm":"CRISTIANA PENHA","cc":"PDT","nv":" ","e":"n","st":"N\u00e3o eleito","dvt":"V\u00e1lido","vap":"7","pvap":"   0,08"},{"seq":"121","sqcand":"10001264166","n":"90999","nm":"ELIANA SANTOS","cc":"PROS","nv":" ","e":"n","st":"N\u00e3o eleito","dvt":"V\u00e1lido","vap":"1","pvap":"   0,01"},{"seq":"36","sqcand":"10000942103","n":"77789","nm":"LUIZA DO SARAR\u00c1","cc":"SOLIDARIEDADE","nv":" ","e":"n","st":"Suplente","dvt":"V\u00e1lido","vap":"48","pvap":"   0,57"},{"seq":"6","sqcand":"10000788215","n":"13125","nm":"EDESIO MATOS","cc":"PT","nv":" ","e":"s","st":"Eleito","dvt":"V\u00e1lido","vap":"198","pvap":"   2,35"},{"seq":"11","sqcand":"10000801389","n":"55369","nm":"FRANCISCO DO IRA\u00c7U","cc":"PSD","nv":" ","e":"n","st":"Suplente","dvt":"V\u00e1lido","vap":"185","pvap":"   2,20"},{"seq":"114","sqcand":"10000890663","n":"20124","nm":"MARIA ARAUJO","cc":"PSC","nv":" ","e":"n","st":"N\u00e3o eleito","dvt":"V\u00e1lido","vap":"7","pvap":"   0,08"},{"seq":"59","sqcand":"10000789800","n":"65456","nm":"GILMAR PRAXEDES","cc":"PC do B","nv":" ","e":"n","st":"Suplente","dvt":"V\u00e1lido","vap":"16","pvap":"   0,19"},{"seq":"62","sqcand":"10000789797","n":"65556","nm":"LUCIANE","cc":"PC do B","nv":" ","e":"n","st":"Suplente","dvt":"V\u00e1lido","vap":"14","pvap":"   0,17"},{"seq":"109","sqcand":"10000803336","n":"40122","nm":"ELIANE MAIA","cc":"PSB","nv":" ","e":"n","st":"N\u00e3o eleito","dvt":"V\u00e1lido","vap":"11","pvap":"   0,13"},{"seq":"55","sqcand":"10000942097","n":"77135","nm":"DENILSON SILVA","cc":"SOLIDARIEDADE","nv":" ","e":"n","st":"Suplente","dvt":"V\u00e1lido","vap":"22","pvap":"   0,26"},{"seq":"37","sqcand":"10000942101","n":"77223","nm":"PROF. ANDERSON","cc":"SOLIDARIEDADE","nv":" ","e":"n","st":"Suplente","dvt":"V\u00e1lido","vap":"45","pvap":"   0,53"},{"seq":"69","sqcand":"10000991889","n":"15666","nm":"FATIMA DO ESTEV\u00c3O","cc":"MDB","nv":" ","e":"n","st":"Suplente","dvt":"V\u00e1lido","vap":"10","pvap":"   0,12"},{"seq":"9","sqcand":"10000802852","n":"45123","nm":"PROF. ROSIMEIRE","cc":"PSDB","nv":" ","e":"s","st":"Eleito","dvt":"V\u00e1lido","vap":"193","pvap":"   2,29"},{"seq":"30","sqcand":"10000801381","n":"55125","nm":"ORACI AZEVEDO","cc":"PSD","nv":" ","e":"n","st":"Suplente","dvt":"V\u00e1lido","vap":"78","pvap":"   0,93"},{"seq":"45","sqcand":"10000789799","n":"65334","nm":"RUBIRLENE","cc":"PC do B","nv":" ","e":"n","st":"Suplente","dvt":"V\u00e1lido","vap":"33","pvap":"   0,39"},{"seq":"35","sqcand":"10000801392","n":"55234","nm":"KEKEIDE","cc":"PSD","nv":" ","e":"n","st":"Suplente","dvt":"V\u00e1lido","vap":"57","pvap":"   0,68"},{"seq":"31","sqcand":"10001211388","n":"11011","nm":"LEO RIBEIRO","cc":"PP","nv":" ","e":"n","st":"Suplente","dvt":"V\u00e1lido","vap":"71","pvap":"   0,84"},{"seq":"78","sqcand":"10000802844","n":"45200","nm":"SUELI OLIVEIRA","cc":"PSDB","nv":" ","e":"n","st":"Suplente","dvt":"V\u00e1lido","vap":"6","pvap":"   0,07"},{"seq":"113","sqcand":"10001267960","n":"40121","nm":"EDINEIA SANTOS","cc":"PSB","nv":" ","e":"n","st":"N\u00e3o eleito","dvt":"V\u00e1lido","vap":"8","pvap":"   0,10"},{"seq":"74","sqcand":"10000788220","n":"13150","nm":"ANTONIA MELO","cc":"PT","nv":" ","e":"n","st":"Suplente","dvt":"V\u00e1lido","vap":"8","pvap":"   0,10"},{"seq":"92","sqcand":"10000744667","n":"12111","nm":"JO\u00c3O RIPARDO","cc":"PDT","nv":" ","e":"n","st":"N\u00e3o eleito","dvt":"V\u00e1lido","vap":"44","pvap":"   0,52"},{"seq":"7","sqcand":"10000801384","n":"55000","nm":"ZECA DO ASSIS","cc":"PSD","nv":" ","e":"s","st":"Eleito","dvt":"V\u00e1lido","vap":"195","pvap":"   2,32"},{"seq":"87","sqcand":"10000889503","n":"90777","nm":"JOSE FRANCISCO DA SA\u00daDE","cc":"PROS","nv":" ","e":"n","st":"N\u00e3o eleito","dvt":"V\u00e1lido","vap":"85","pvap":"   1,01"},{"seq":"40","sqcand":"10001211396","n":"11123","nm":"JOCIVANIO VALE","cc":"PP","nv":" ","e":"n","st":"Suplente","dvt":"V\u00e1lido","vap":"39","pvap":"   0,46"},{"seq":"27","sqcand":"10000789795","n":"65789","nm":"\u00c9LITO ALISSANDRO","cc":"PC do B","nv":" ","e":"n","st":"Suplente","dvt":"V\u00e1lido","vap":"85","pvap":"   1,01"},{"seq":"28","sqcand":"10000991894","n":"15000","nm":"ECILENE CAMELI","cc":"MDB","nv":" ","e":"n","st":"Suplente","dvt":"V\u00e1lido","vap":"82","pvap":"   0,97"}]}
