{"ele":"426","tpabr":"mu","cdabr":"01554","carper":"13","t":"1","f":"o","dt":"15/11/2020","ht":"20:21:10","dv":"s","tf":"s","v":"9","esae":"n","mnae":"","s":"23","st":"23","pst":" 100,00","snt":"0","psnt":"   0,00","si":"23","psi":" 100,00","sni":"0","psni":"   0,00","sa":"23","psa":" 100,00","sna":"0","psna":"   0,00","e":"7209","ea":"7209","pea":" 100,00","ena":"0","pena":"   0,00","esi":"7209","pesi":" 100,00","esni":"0","pesni":"   0,00","c":"5716","pc":"  79,29","a":"1493","pa":"  20,71","vscv":"0","vnom":"5142","vl":"357","pvnom":"  93,51","pvl":"   6,49","vvc":"5499","pvvc":"  96,20","vb":"39","pvb":"   0,69","tvn":"178","ptvn":"   3,11","vn":"178","pvn":" 100,00","vnt":"0","pvnt":"   0,00","vp":"0","pvp":"   0,00","vv":"5499","pvv":" 100,00","van":"0","pvan":"   0,00","vansj":"0","pvansj":"   0,00","tv":"5716","cand":[{"seq":"28","sqcand":"10000752555","n":"45444","nm":"L\u00c1ZARO","cc":"PSDB","nv":" ","e":"n","st":"Suplente","dvt":"V\u00e1lido","vap":"37","pvap":"   0,67"},{"seq":"10","sqcand":"10001126927","n":"11111","nm":"TH\u00c9O NOGUEIRA","cc":"PP","nv":" ","e":"n","st":"Suplente","dvt":"V\u00e1lido","vap":"239","pvap":"   4,35"},{"seq":"27","sqcand":"10000808566","n":"25444","nm":"ALCILENE LEVI","cc":"DEM","nv":" ","e":"n","st":"Suplente","dvt":"V\u00e1lido","vap":"43","pvap":"   0,78"},{"seq":"64","sqcand":"10001263873","n":"65789","nm":"IRMA LIMA","cc":"PC do B","nv":" ","e":"n","st":"N\u00e3o eleito","dvt":"V\u00e1lido","vap":"7","pvap":"   0,13"},{"seq":"39","sqcand":"10000747731","n":"25111","nm":"CICERA PERES","cc":"DEM","nv":" ","e":"n","st":"Suplente","dvt":"V\u00e1lido","vap":"16","pvap":"   0,29"},{"seq":"11","sqcand":"10000809044","n":"13555","nm":"V\u00c9I PESCADOR","cc":"PT","nv":" ","e":"n","st":"Suplente","dvt":"V\u00e1lido","vap":"215","pvap":"   3,91"},{"seq":"46","sqcand":"10000747735","n":"25777","nm":"DEUSIMIR","cc":"DEM","nv":" ","e":"n","st":"Suplente","dvt":"V\u00e1lido","vap":"9","pvap":"   0,16"},{"seq":"18","sqcand":"10000754349","n":"55112","nm":"MARTA MELO","cc":"PSD","nv":" ","e":"n","st":"Suplente","dvt":"V\u00e1lido","vap":"103","pvap":"   1,87"},{"seq":"53","sqcand":"10000752942","n":"40555","nm":"MARIA DO JUSTINO","cc":"PSB","nv":" ","e":"n","st":"N\u00e3o eleito","dvt":"V\u00e1lido","vap":"166","pvap":"   3,02"},{"seq":"7","sqcand":"10000747732","n":"25555","nm":"CLEYTON NOGUEIRA","cc":"DEM","nv":" ","e":"s","st":"Eleito","dvt":"V\u00e1lido","vap":"194","pvap":"   3,53"},{"seq":"19","sqcand":"10000747730","n":"25123","nm":"LUIZ CASTRO","cc":"DEM","nv":" ","e":"n","st":"Suplente","dvt":"V\u00e1lido","vap":"95","pvap":"   1,73"},{"seq":"1","sqcand":"10000754342","n":"55555","nm":"CHARLES BRANDAO","cc":"PSD","nv":" ","e":"s","st":"Eleito","dvt":"V\u00e1lido","vap":"434","pvap":"   7,89"},{"seq":"50","sqcand":"10001126930","n":"11555","nm":"DOGA","cc":"PP","nv":" ","e":"n","st":"Suplente","dvt":"V\u00e1lido","vap":"4","pvap":"   0,07"},{"seq":"15","sqcand":"10000650804","n":"15015","nm":"SICO","cc":"MDB","nv":" ","e":"n","st":"Suplente","dvt":"V\u00e1lido","vap":"130","pvap":"   2,36"},{"seq":"32","sqcand":"10000752558","n":"45333","nm":"FRANCISCA MARTINS","cc":"PSDB","nv":" ","e":"n","st":"Suplente","dvt":"V\u00e1lido","vap":"30","pvap":"   0,55"},{"seq":"56","sqcand":"10000752943","n":"40444","nm":"MANOEL DE FREITAS","cc":"PSB","nv":" ","e":"n","st":"N\u00e3o eleito","dvt":"V\u00e1lido","vap":"28","pvap":"   0,51"},{"seq":"47","sqcand":"10001126928","n":"11222","nm":"TOINHA","cc":"PP","nv":" ","e":"n","st":"Suplente","dvt":"V\u00e1lido","vap":"8","pvap":"   0,15"},{"seq":"6","sqcand":"10000650798","n":"15777","nm":"MESSIAS","cc":"MDB","nv":" ","e":"s","st":"Eleito","dvt":"V\u00e1lido","vap":"232","pvap":"   4,22"},{"seq":"52","sqcand":"10001271207","n":"13789","nm":"SILVIA AZEVEDO","cc":"PT","nv":" ","e":"n","st":"Suplente","dvt":"V\u00e1lido","vap":"1","pvap":"   0,02"},{"seq":"48","sqcand":"10000650802","n":"15123","nm":"NOCA","cc":"MDB","nv":" ","e":"n","st":"Suplente","dvt":"V\u00e1lido","vap":"7","pvap":"   0,13"},{"seq":"24","sqcand":"10000747729","n":"25000","nm":"BRANCO","cc":"DEM","nv":" ","e":"n","st":"Suplente","dvt":"V\u00e1lido","vap":"63","pvap":"   1,15"},{"seq":"54","sqcand":"10000752938","n":"40000","nm":"CHICO TELES","cc":"PSB","nv":" ","e":"n","st":"N\u00e3o eleito","dvt":"V\u00e1lido","vap":"77","pvap":"   1,40"},{"seq":"59","sqcand":"10001263872","n":"65777","nm":"LEILA DO CIGANA","cc":"PC do B","nv":" ","e":"n","st":"N\u00e3o eleito","dvt":"V\u00e1lido","vap":"18","pvap":"   0,33"},{"seq":"33","sqcand":"10000650806","n":"15333","nm":"NEGA","cc":"MDB","nv":" ","e":"n","st":"Suplente","dvt":"V\u00e1lido","vap":"28","pvap":"   0,51"},{"seq":"62","sqcand":"10001079284","n":"65555","nm":"DITIMO","cc":"PC do B","nv":" ","e":"n","st":"N\u00e3o eleito","dvt":"V\u00e1lido","vap":"12","pvap":"   0,22"},{"seq":"38","sqcand":"10000650805","n":"15112","nm":"JAMILE","cc":"MDB","nv":" ","e":"n","st":"Suplente","dvt":"V\u00e1lido","vap":"16","pvap":"   0,29"},{"seq":"23","sqcand":"10000650799","n":"15678","nm":"PEDRO LIMA","cc":"MDB","nv":" ","e":"n","st":"Suplente","dvt":"V\u00e1lido","vap":"69","pvap":"   1,25"},{"seq":"60","sqcand":"10000752940","n":"40123","nm":"JANIO VAZ","cc":"PSB","nv":" ","e":"n","st":"N\u00e3o eleito","dvt":"V\u00e1lido","vap":"15","pvap":"   0,27"},{"seq":"8","sqcand":"10000752557","n":"45111","nm":"GILBERTO","cc":"PSDB","nv":" ","e":"s","st":"Eleito","dvt":"V\u00e1lido","vap":"146","pvap":"   2,66"},{"seq":"49","sqcand":"10001048097","n":"13888","nm":"MARIA SOARES","cc":"PT","nv":" ","e":"n","st":"Suplente","dvt":"V\u00e1lido","vap":"4","pvap":"   0,07"},{"seq":"17","sqcand":"10000754350","n":"55333","nm":"ZE DUDA","cc":"PSD","nv":" ","e":"n","st":"Suplente","dvt":"V\u00e1lido","vap":"103","pvap":"   1,87"},{"seq":"55","sqcand":"10000752937","n":"40111","nm":"PROFESSOR ZE MARIA","cc":"PSB","nv":" ","e":"n","st":"N\u00e3o eleito","dvt":"V\u00e1lido","vap":"55","pvap":"   1,00"},{"seq":"43","sqcand":"10000650803","n":"15444","nm":"NEY","cc":"MDB","nv":" ","e":"n","st":"Suplente","dvt":"V\u00e1lido","vap":"12","pvap":"   0,22"},{"seq":"35","sqcand":"10001126931","n":"11333","nm":"RAIMUNDO VELOSO","cc":"PP","nv":" ","e":"n","st":"Suplente","dvt":"V\u00e1lido","vap":"27","pvap":"   0,49"},{"seq":"22","sqcand":"10000752554","n":"45555","nm":"NILDO BASIL","cc":"PSDB","nv":" ","e":"n","st":"Suplente","dvt":"V\u00e1lido","vap":"86","pvap":"   1,56"},{"seq":"20","sqcand":"10000650800","n":"15999","nm":"DAVINA","cc":"MDB","nv":" ","e":"n","st":"Suplente","dvt":"V\u00e1lido","vap":"95","pvap":"   1,73"},{"seq":"4","sqcand":"10000650807","n":"15222","nm":"CARECA","cc":"MDB","nv":" ","e":"s","st":"Eleito","dvt":"V\u00e1lido","vap":"255","pvap":"   4,64"},{"seq":"30","sqcand":"10001126929","n":"11123","nm":"PR PORFIRO","cc":"PP","nv":" ","e":"n","st":"Suplente","dvt":"V\u00e1lido","vap":"31","pvap":"   0,56"},{"seq":"3","sqcand":"10000809042","n":"13000","nm":"C\u00c9LIO VAZ","cc":"PT","nv":" ","e":"s","st":"Eleito","dvt":"V\u00e1lido","vap":"265","pvap":"   4,82"},{"seq":"9","sqcand":"10000754343","n":"55222","nm":"VALDECINO MENEZES","cc":"PSD","nv":" ","e":"s","st":"Eleito","dvt":"V\u00e1lido","vap":"136","pvap":"   2,47"},{"seq":"34","sqcand":"10000754348","n":"55091","nm":"RAQUEL DIAS","cc":"PSD","nv":" ","e":"n","st":"Suplente","dvt":"V\u00e1lido","vap":"28","pvap":"   0,51"},{"seq":"2","sqcand":"10000754347","n":"55123","nm":"CARLINHOS","cc":"PSD","nv":" ","e":"s","st":"Eleito","dvt":"V\u00e1lido","vap":"287","pvap":"   5,22"},{"seq":"51","sqcand":"10000752559","n":"45123","nm":"B\u00caBO","cc":"PSDB","nv":" ","e":"n","st":"Suplente","dvt":"V\u00e1lido","vap":"3","pvap":"   0,05"},{"seq":"42","sqcand":"10001262461","n":"11789","nm":"CEIMA","cc":"PP","nv":" ","e":"n","st":"Suplente","dvt":"V\u00e1lido","vap":"12","pvap":"   0,22"},{"seq":"61","sqcand":"10001079283","n":"65333","nm":"OBADIAS ADRIAO","cc":"PC do B","nv":" ","e":"n","st":"N\u00e3o eleito","dvt":"V\u00e1lido","vap":"12","pvap":"   0,22"},{"seq":"57","sqcand":"10001079285","n":"65123","nm":"ZE DA ROSA","cc":"PC do B","nv":" ","e":"n","st":"N\u00e3o eleito","dvt":"V\u00e1lido","vap":"25","pvap":"   0,45"},{"seq":"12","sqcand":"10000747733","n":"25222","nm":"NENEM MORAIS","cc":"DEM","nv":" ","e":"n","st":"Suplente","dvt":"V\u00e1lido","vap":"190","pvap":"   3,46"},{"seq":"14","sqcand":"10001126925","n":"11444","nm":"VALTINHO","cc":"PP","nv":" ","e":"n","st":"Suplente","dvt":"V\u00e1lido","vap":"154","pvap":"   2,80"},{"seq":"5","sqcand":"10001126926","n":"11777","nm":"COC\u00c3O","cc":"PP","nv":" ","e":"s","st":"Eleito","dvt":"V\u00e1lido","vap":"246","pvap":"   4,47"},{"seq":"40","sqcand":"10000809036","n":"13333","nm":"FRANCISCO COSTA","cc":"PT","nv":" ","e":"n","st":"Suplente","dvt":"V\u00e1lido","vap":"16","pvap":"   0,29"},{"seq":"58","sqcand":"10000752939","n":"40777","nm":"ROSILENE MENDES","cc":"PSB","nv":" ","e":"n","st":"N\u00e3o eleito","dvt":"V\u00e1lido","vap":"19","pvap":"   0,35"},{"seq":"63","sqcand":"10000752941","n":"40567","nm":"KELLY SILVA","cc":"PSB","nv":" ","e":"n","st":"N\u00e3o eleito","dvt":"V\u00e1lido","vap":"10","pvap":"   0,18"},{"seq":"26","sqcand":"10000752553","n":"45222","nm":"BATOR\u00c9","cc":"PSDB","nv":" ","e":"n","st":"Suplente","dvt":"V\u00e1lido","vap":"52","pvap":"   0,95"},{"seq":"45","sqcand":"10000809082","n":"45777","nm":"EDINAR ALVES","cc":"PSDB","nv":" ","e":"n","st":"Suplente","dvt":"V\u00e1lido","vap":"11","pvap":"   0,20"},{"seq":"37","sqcand":"10000809039","n":"13111","nm":"ZENILDA DO PEIXE","cc":"PT","nv":" ","e":"n","st":"Suplente","dvt":"V\u00e1lido","vap":"18","pvap":"   0,33"},{"seq":"36","sqcand":"10000752556","n":"45000","nm":"JESSY BRAND\u00c3O","cc":"PSDB","nv":" ","e":"n","st":"Suplente","dvt":"V\u00e1lido","vap":"26","pvap":"   0,47"},{"seq":"16","sqcand":"10000747736","n":"25333","nm":"ERON LINS","cc":"DEM","nv":" ","e":"n","st":"Suplente","dvt":"V\u00e1lido","vap":"118","pvap":"   2,15"},{"seq":"25","sqcand":"10000650797","n":"15111","nm":"DAISON","cc":"MDB","nv":" ","e":"n","st":"Suplente","dvt":"V\u00e1lido","vap":"60","pvap":"   1,09"},{"seq":"44","sqcand":"10000747734","n":"25888","nm":"ANTONIA AMARO","cc":"DEM","nv":" ","e":"n","st":"Suplente","dvt":"V\u00e1lido","vap":"11","pvap":"   0,20"},{"seq":"21","sqcand":"10000650808","n":"15555","nm":"SEBA","cc":"MDB","nv":" ","e":"n","st":"Suplente","dvt":"V\u00e1lido","vap":"93","pvap":"   1,69"},{"seq":"31","sqcand":"10000754345","n":"55888","nm":"DA SILVA","cc":"PSD","nv":" ","e":"n","st":"Suplente","dvt":"V\u00e1lido","vap":"30","pvap":"   0,55"},{"seq":"29","sqcand":"10000809033","n":"13258","nm":"LEUDO DO GERALDO ","cc":"PT","nv":" ","e":"n","st":"Suplente","dvt":"V\u00e1lido","vap":"33","pvap":"   0,60"},{"seq":"41","sqcand":"10000809040","n":"13255","nm":"ANANIAS  KAXINAW\u00c1","cc":"PT","nv":" ","e":"n","st":"Suplente","dvt":"V\u00e1lido","vap":"16","pvap":"   0,29"},{"seq":"13","sqcand":"10000809034","n":"13123","nm":"S\u00c9RGIO GARCIA","cc":"PT","nv":" ","e":"n","st":"Suplente","dvt":"V\u00e1lido","vap":"161","pvap":"   2,93"}]}
