{"ele":"426","tpabr":"mu","cdabr":"01570","carper":"13","t":"1","f":"o","dt":"15/11/2020","ht":"21:00:59","dv":"s","tf":"s","v":"9","esae":"n","mnae":"","s":"20","st":"20","pst":" 100,00","snt":"0","psnt":"   0,00","si":"20","psi":" 100,00","sni":"0","psni":"   0,00","sa":"20","psa":" 100,00","sna":"0","psna":"   0,00","e":"5913","ea":"5913","pea":" 100,00","ena":"0","pena":"   0,00","esi":"5913","pesi":" 100,00","esni":"0","pesni":"   0,00","c":"4918","pc":"  83,17","a":"995","pa":"  16,83","vscv":"0","vnom":"4364","vl":"371","pvnom":"  92,16","pvl":"   7,84","vvc":"4756","pvvc":"  96,71","vb":"23","pvb":"   0,46","tvn":"139","ptvn":"   2,83","vn":"139","pvn":" 100,00","vnt":"0","pvnt":"   0,00","vp":"0","pvp":"   0,00","vv":"4735","pvv":"  99,56","van":"0","pvan":"   0,00","vansj":"21","pvansj":"   0,44","tv":"4918","cand":[{"seq":"26","sqcand":"10001157719","n":"15000","nm":"NEGO FREITAS","cc":"MDB","nv":" ","e":"n","st":"Suplente","dvt":"V\u00e1lido","vap":"60","pvap":"   1,26"},{"seq":"70","sqcand":"10001043071","n":"40619","nm":"DIANA","cc":"PSB","nv":" ","e":"n","st":"N\u00e3o eleito","dvt":"V\u00e1lido","vap":"12","pvap":"   0,25"},{"seq":"6","sqcand":"10000641358","n":"55555","nm":"GILDA","cc":"PSD","nv":" ","e":"s","st":"Eleito","dvt":"V\u00e1lido","vap":"165","pvap":"   3,47"},{"seq":"48","sqcand":"10000887659","n":"13222","nm":"FRANCICLEIA","cc":"PT","nv":" ","e":"n","st":"Suplente","dvt":"V\u00e1lido","vap":"15","pvap":"   0,32"},{"seq":"71","sqcand":"10001043077","n":"40444","nm":"PASTOR MANOEL","cc":"PSB","nv":" ","e":"n","st":"N\u00e3o eleito","dvt":"V\u00e1lido","vap":"10","pvap":"   0,21"},{"seq":"1","sqcand":"10000641352","n":"55551","nm":"CLAUDIA","cc":"PSD","nv":" ","e":"s","st":"Eleito","dvt":"V\u00e1lido","vap":"358","pvap":"   7,53"},{"seq":"10","sqcand":"10001273663","n":"65065","nm":"SHEYLA ","cc":"PC do B","nv":" ","e":"n","st":"Suplente","dvt":"V\u00e1lido","vap":"115","pvap":"   2,42"},{"seq":"16","sqcand":"10000769699","n":"65321","nm":"AMAURI MANCHINERI","cc":"PC do B","nv":" ","e":"n","st":"Suplente","dvt":"V\u00e1lido","vap":"83","pvap":"   1,75"},{"seq":"28","sqcand":"10000641349","n":"55100","nm":"DE OLIVEIRA","cc":"PSD","nv":" ","e":"n","st":"Suplente","dvt":"V\u00e1lido","vap":"59","pvap":"   1,24"},{"seq":"74","sqcand":"10001157549","n":"11555","nm":"MARIA ANTONIA","cc":"PP","nv":" ","e":"n","st":"N\u00e3o eleito","dvt":"V\u00e1lido","vap":"6","pvap":"   0,13"},{"seq":"38","sqcand":"10000641355","n":"55190","nm":"PAULINHO GOG\u00d3","cc":"PSD","nv":" ","e":"n","st":"Suplente","dvt":"V\u00e1lido","vap":"25","pvap":"   0,53"},{"seq":"77","sqcand":"10001043075","n":"40606","nm":"SAMUEL DO BARROTE","cc":"PSB","nv":" ","e":"n","st":"N\u00e3o eleito","dvt":"V\u00e1lido","vap":"4","pvap":"   0,08"},{"seq":"32","sqcand":"10001158002","n":"45555","nm":"FRANCISCO TAXISTA","cc":"PSDB","nv":" ","e":"n","st":"Suplente","dvt":"V\u00e1lido","vap":"42","pvap":"   0,88"},{"seq":"34","sqcand":"10000769700","n":"65777","nm":"PASTOR JOSAFA","cc":"PC do B","nv":" ","e":"n","st":"Suplente","dvt":"V\u00e1lido","vap":"38","pvap":"   0,80"},{"seq":"18","sqcand":"10001157726","n":"15555","nm":"PIEL","cc":"MDB","nv":" ","e":"n","st":"Suplente","dvt":"V\u00e1lido","vap":"79","pvap":"   1,66"},{"seq":"4","sqcand":"10001157999","n":"45222","nm":"WERMYSON MARTINS","cc":"PSDB","nv":" ","e":"s","st":"Eleito","dvt":"V\u00e1lido","vap":"194","pvap":"   4,08"},{"seq":"21","sqcand":"10000887671","n":"13013","nm":"WALDEMIR SANTOS","cc":"PT","nv":" ","e":"n","st":"Suplente","dvt":"V\u00e1lido","vap":"72","pvap":"   1,51"},{"seq":"11","sqcand":"10000769702","n":"65111","nm":"DURINES JAMINAWA","cc":"PC do B","nv":" ","e":"n","st":"Suplente","dvt":"V\u00e1lido","vap":"105","pvap":"   2,21"},{"seq":"43","sqcand":"10000887669","n":"13548","nm":"PROFESSOR EMILSON BRAGA","cc":"PT","nv":" ","e":"n","st":"Suplente","dvt":"V\u00e1lido","vap":"19","pvap":"   0,40"},{"seq":"64","sqcand":"10001157550","n":"11200","nm":"EVALDO MANCHINERI","cc":"PP","nv":" ","e":"n","st":"N\u00e3o eleito","dvt":"V\u00e1lido","vap":"31","pvap":"   0,65"},{"seq":"37","sqcand":"10001157730","n":"15222","nm":"BAHIANO","cc":"MDB","nv":" ","e":"n","st":"Suplente","dvt":"V\u00e1lido","vap":"25","pvap":"   0,53"},{"seq":"17","sqcand":"10000769694","n":"65156","nm":"VALSO","cc":"PC do B","nv":" ","e":"n","st":"Suplente","dvt":"V\u00e1lido","vap":"82","pvap":"   1,72"},{"seq":"58","sqcand":"10000887662","n":"13333","nm":"JURANDIR FREITAS","cc":"PT","nv":" ","e":"n","st":"Suplente","dvt":"V\u00e1lido","vap":"4","pvap":"   0,08"},{"seq":"9","sqcand":"10001157721","n":"15123","nm":"AROLDO","cc":"MDB","nv":" ","e":"s","st":"Eleito","dvt":"V\u00e1lido","vap":"86","pvap":"   1,81"},{"seq":"79","sqcand":"10001157552","n":"11123","nm":"CLAU PIRES","cc":"PP","nv":" ","e":"n","st":"N\u00e3o eleito","dvt":"V\u00e1lido","vap":"2","pvap":"   0,04"},{"seq":"47","sqcand":"10001157727","n":"15355","nm":"KARLILLA","cc":"MDB","nv":" ","e":"n","st":"Suplente","dvt":"V\u00e1lido","vap":"16","pvap":"   0,34"},{"seq":"68","sqcand":"10000641346","n":"55678","nm":"CHIC\u00c3O","cc":"PSD","nv":" ","e":"n","st":"N\u00e3o eleito","dvt":"Anulado sub judice","vap":"21","pvap":"   0,44"},{"seq":"52","sqcand":"10001157995","n":"45045","nm":"IEI","cc":"PSDB","nv":" ","e":"n","st":"Suplente","dvt":"V\u00e1lido","vap":"10","pvap":"   0,21"},{"seq":"35","sqcand":"10000887663","n":"13456","nm":"PROFESSORA RUTH OLIVEIRA","cc":"PT","nv":" ","e":"n","st":"Suplente","dvt":"V\u00e1lido","vap":"36","pvap":"   0,76"},{"seq":"73","sqcand":"10001157547","n":"11234","nm":"MIGUEL\u00c3O","cc":"PP","nv":" ","e":"n","st":"N\u00e3o eleito","dvt":"V\u00e1lido","vap":"7","pvap":"   0,15"},{"seq":"51","sqcand":"10000641350","n":"55777","nm":"PAULO PEREIRA","cc":"PSD","nv":" ","e":"n","st":"Suplente","dvt":"V\u00e1lido","vap":"11","pvap":"   0,23"},{"seq":"60","sqcand":"10001157546","n":"11111","nm":"MARINHO","cc":"PP","nv":" ","e":"n","st":"N\u00e3o eleito","dvt":"V\u00e1lido","vap":"109","pvap":"   2,29"},{"seq":"36","sqcand":"10000769703","n":"65567","nm":"NEGO","cc":"PC do B","nv":" ","e":"n","st":"Suplente","dvt":"V\u00e1lido","vap":"32","pvap":"   0,67"},{"seq":"27","sqcand":"10001158000","n":"45000","nm":"LUCA DO RONALDO","cc":"PSDB","nv":" ","e":"n","st":"Suplente","dvt":"V\u00e1lido","vap":"60","pvap":"   1,26"},{"seq":"7","sqcand":"10000887665","n":"13130","nm":"PELECO","cc":"PT","nv":" ","e":"s","st":"Eleito","dvt":"V\u00e1lido","vap":"161","pvap":"   3,39"},{"seq":"30","sqcand":"10000641357","n":"55333","nm":"PASTOR RUBENICIO","cc":"PSD","nv":" ","e":"n","st":"Suplente","dvt":"V\u00e1lido","vap":"54","pvap":"   1,14"},{"seq":"65","sqcand":"10001043070","n":"40000","nm":"ZEZIN CASIMIRO","cc":"PSB","nv":" ","e":"n","st":"N\u00e3o eleito","dvt":"V\u00e1lido","vap":"24","pvap":"   0,50"},{"seq":"8","sqcand":"10000769692","n":"65650","nm":"SABI\u00c1 CUNHA ","cc":"PC do B","nv":" ","e":"s","st":"Eleito","dvt":"V\u00e1lido","vap":"116","pvap":"   2,44"},{"seq":"23","sqcand":"10000887666","n":"13000","nm":"IRACI ARAUJO","cc":"PT","nv":" ","e":"n","st":"Suplente","dvt":"V\u00e1lido","vap":"64","pvap":"   1,35"},{"seq":"49","sqcand":"10000769696","n":"65610","nm":"DEANY","cc":"PC do B","nv":" ","e":"n","st":"Suplente","dvt":"V\u00e1lido","vap":"14","pvap":"   0,29"},{"seq":"5","sqcand":"10000887660","n":"13123","nm":"JURA PACHECO","cc":"PT","nv":" ","e":"s","st":"Eleito","dvt":"V\u00e1lido","vap":"188","pvap":"   3,95"},{"seq":"2","sqcand":"10001157994","n":"45111","nm":"THYERO","cc":"PSDB","nv":" ","e":"s","st":"Eleito","dvt":"V\u00e1lido","vap":"251","pvap":"   5,28"},{"seq":"61","sqcand":"10001157544","n":"11222","nm":"VILMAR","cc":"PP","nv":" ","e":"n","st":"N\u00e3o eleito","dvt":"V\u00e1lido","vap":"62","pvap":"   1,30"},{"seq":"76","sqcand":"10001043076","n":"40333","nm":"CLEUMAR","cc":"PSB","nv":" ","e":"n","st":"N\u00e3o eleito","dvt":"V\u00e1lido","vap":"4","pvap":"   0,08"},{"seq":"55","sqcand":"10001157720","n":"15120","nm":"DACILA","cc":"MDB","nv":" ","e":"n","st":"Suplente","dvt":"V\u00e1lido","vap":"9","pvap":"   0,19"},{"seq":"39","sqcand":"10001158001","n":"45225","nm":"VANUSA TEIXEIRA","cc":"PSDB","nv":" ","e":"n","st":"Suplente","dvt":"V\u00e1lido","vap":"24","pvap":"   0,50"},{"seq":"25","sqcand":"10001157997","n":"45123","nm":"TONY DA SAUDE","cc":"PSDB","nv":" ","e":"n","st":"Suplente","dvt":"V\u00e1lido","vap":"62","pvap":"   1,30"},{"seq":"69","sqcand":"10001043072","n":"40111","nm":"CHERO","cc":"PSB","nv":" ","e":"n","st":"N\u00e3o eleito","dvt":"V\u00e1lido","vap":"16","pvap":"   0,34"},{"seq":"33","sqcand":"10001157722","n":"15111","nm":"BOM BOM","cc":"MDB","nv":" ","e":"n","st":"Suplente","dvt":"V\u00e1lido","vap":"42","pvap":"   0,88"},{"seq":"67","sqcand":"10001043073","n":"40555","nm":"ANDRESSA ","cc":"PSB","nv":" ","e":"n","st":"N\u00e3o eleito","dvt":"V\u00e1lido","vap":"22","pvap":"   0,46"},{"seq":"50","sqcand":"10001270634","n":"13444","nm":"EDINES","cc":"PT","nv":" ","e":"n","st":"Suplente","dvt":"V\u00e1lido","vap":"12","pvap":"   0,25"},{"seq":"57","sqcand":"10000769697","n":"65123","nm":"CLECIANE OLIVEIRA","cc":"PC do B","nv":" ","e":"n","st":"Suplente","dvt":"V\u00e1lido","vap":"5","pvap":"   0,11"},{"seq":"53","sqcand":"10000769701","n":"65555","nm":"CLEMER SILVA ","cc":"PC do B","nv":" ","e":"n","st":"Suplente","dvt":"V\u00e1lido","vap":"10","pvap":"   0,21"},{"seq":"19","sqcand":"10001157728","n":"15500","nm":"JOSY PINHEIRO","cc":"MDB","nv":" ","e":"n","st":"Suplente","dvt":"V\u00e1lido","vap":"78","pvap":"   1,64"},{"seq":"66","sqcand":"10001043074","n":"40430","nm":"DAMILA","cc":"PSB","nv":" ","e":"n","st":"N\u00e3o eleito","dvt":"V\u00e1lido","vap":"23","pvap":"   0,48"},{"seq":"63","sqcand":"10001043078","n":"40222","nm":"SALMO LOCUTOR","cc":"PSB","nv":" ","e":"n","st":"N\u00e3o eleito","dvt":"V\u00e1lido","vap":"46","pvap":"   0,97"},{"seq":"40","sqcand":"10000641347","n":"55444","nm":"MANOEL DO TITO","cc":"PSD","nv":" ","e":"n","st":"Suplente","dvt":"V\u00e1lido","vap":"23","pvap":"   0,48"},{"seq":"22","sqcand":"10001157725","n":"15015","nm":"PEDRO MARQUES","cc":"MDB","nv":" ","e":"n","st":"Suplente","dvt":"V\u00e1lido","vap":"68","pvap":"   1,43"},{"seq":"45","sqcand":"10001157724","n":"15255","nm":"MUNDIAL","cc":"MDB","nv":" ","e":"n","st":"Suplente","dvt":"V\u00e1lido","vap":"18","pvap":"   0,38"},{"seq":"75","sqcand":"10001157548","n":"11333","nm":"TUFIC","cc":"PP","nv":" ","e":"n","st":"N\u00e3o eleito","dvt":"V\u00e1lido","vap":"4","pvap":"   0,08"},{"seq":"24","sqcand":"10000641356","n":"55000","nm":"SAMUEL","cc":"PSD","nv":" ","e":"n","st":"Suplente","dvt":"V\u00e1lido","vap":"63","pvap":"   1,32"},{"seq":"44","sqcand":"10000641351","n":"55556","nm":"LUIZ ABEL","cc":"PSD","nv":" ","e":"n","st":"Suplente","dvt":"V\u00e1lido","vap":"19","pvap":"   0,40"},{"seq":"72","sqcand":"10001043069","n":"40123","nm":"PATRICIA TELES ","cc":"PSB","nv":" ","e":"n","st":"N\u00e3o eleito","dvt":"V\u00e1lido","vap":"10","pvap":"   0,21"},{"seq":"59","sqcand":"10001157729","n":"15333","nm":"ROS\u00c2NIA","cc":"MDB","nv":" ","e":"n","st":"Suplente","dvt":"V\u00e1lido","vap":"2","pvap":"   0,04"},{"seq":"62","sqcand":"10001157545","n":"11000","nm":"LEONCIO","cc":"PP","nv":" ","e":"n","st":"N\u00e3o eleito","dvt":"V\u00e1lido","vap":"61","pvap":"   1,28"},{"seq":"78","sqcand":"10001157551","n":"11666","nm":"ELIANE","cc":"PP","nv":" ","e":"n","st":"N\u00e3o eleito","dvt":"V\u00e1lido","vap":"3","pvap":"   0,06"},{"seq":"31","sqcand":"10000641348","n":"55888","nm":"DENISE","cc":"PSD","nv":" ","e":"n","st":"Suplente","dvt":"V\u00e1lido","vap":"43","pvap":"   0,90"},{"seq":"41","sqcand":"10000769693","n":"65444","nm":"PROF.EDINALDO ","cc":"PC do B","nv":" ","e":"n","st":"Suplente","dvt":"V\u00e1lido","vap":"22","pvap":"   0,46"},{"seq":"54","sqcand":"10000769704","n":"65666","nm":"ROSE MOTO TAXI","cc":"PC do B","nv":" ","e":"n","st":"Suplente","dvt":"V\u00e1lido","vap":"10","pvap":"   0,21"},{"seq":"15","sqcand":"10001157723","n":"15551","nm":"PEIXOTO","cc":"MDB","nv":" ","e":"n","st":"Suplente","dvt":"V\u00e1lido","vap":"84","pvap":"   1,77"},{"seq":"20","sqcand":"10000641345","n":"55123","nm":"GILSON BOIADEIRO","cc":"PSD","nv":" ","e":"n","st":"Suplente","dvt":"V\u00e1lido","vap":"77","pvap":"   1,62"},{"seq":"42","sqcand":"10000641353","n":"55222","nm":"IVANEIDE","cc":"PSD","nv":" ","e":"n","st":"Suplente","dvt":"V\u00e1lido","vap":"21","pvap":"   0,44"},{"seq":"12","sqcand":"10000887664","n":"13606","nm":"JURANDIR ARAUJO","cc":"PT","nv":" ","e":"n","st":"Suplente","dvt":"V\u00e1lido","vap":"103","pvap":"   2,17"},{"seq":"29","sqcand":"10000641354","n":"55055","nm":"PAMYLA FARIAS","cc":"PSD","nv":" ","e":"n","st":"Suplente","dvt":"V\u00e1lido","vap":"57","pvap":"   1,20"},{"seq":"56","sqcand":"10001270844","n":"45001","nm":"RAIMUNDO DO TELIM","cc":"PSDB","nv":" ","e":"n","st":"Suplente","dvt":"V\u00e1lido","vap":"5","pvap":"   0,11"},{"seq":"46","sqcand":"10000887667","n":"13012","nm":"MANOEL SABOIA","cc":"PT","nv":" ","e":"n","st":"Suplente","dvt":"V\u00e1lido","vap":"18","pvap":"   0,38"},{"seq":"13","sqcand":"10000769691","n":"65222","nm":"ALDENIRA RIOS","cc":"PC do B","nv":" ","e":"n","st":"Suplente","dvt":"V\u00e1lido","vap":"98","pvap":"   2,06"},{"seq":"3","sqcand":"10000769698","n":"65000","nm":"MOURA","cc":"PC do B","nv":" ","e":"s","st":"Eleito","dvt":"V\u00e1lido","vap":"207","pvap":"   4,35"},{"seq":"14","sqcand":"10000887661","n":"13613","nm":"IZAIAS","cc":"PT","nv":" ","e":"n","st":"Suplente","dvt":"V\u00e1lido","vap":"89","pvap":"   1,87"}]}
