{"ele":"426","tpabr":"mu","cdabr":"02003","carper":"13","t":"1","f":"o","dt":"15/11/2020","ht":"21:31:39","dv":"s","tf":"s","v":"11","esae":"n","mnae":"","s":"29","st":"29","pst":" 100,00","snt":"0","psnt":"   0,00","si":"29","psi":" 100,00","sni":"0","psni":"   0,00","sa":"29","psa":" 100,00","sna":"0","psna":"   0,00","e":"10558","ea":"10558","pea":" 100,00","ena":"0","pena":"   0,00","esi":"10558","pesi":" 100,00","esni":"0","pesni":"   0,00","c":"7702","pc":"  72,95","a":"2856","pa":"  27,05","vscv":"0","vnom":"7004","vl":"387","pvnom":"  94,76","pvl":"   5,24","vvc":"7491","pvvc":"  97,26","vb":"55","pvb":"   0,71","tvn":"156","ptvn":"   2,03","vn":"156","pvn":" 100,00","vnt":"0","pvnt":"   0,00","vp":"0","pvp":"   0,00","vv":"7391","pvv":"  98,67","van":"0","pvan":"   0,00","vansj":"100","pvansj":"   1,33","tv":"7702","cand":[{"seq":"52","sqcand":"40001162822","n":"17123","nm":"NEG\u00c3O MOTO T\u00c1XI","cc":"PSL","nv":" ","e":"n","st":"Suplente","dvt":"V\u00e1lido","vap":"39","pvap":"   0,52"},{"seq":"113","sqcand":"40001162931","n":"13113","nm":"BAIXINHA DO PROJETO ACARI","cc":"PT","nv":" ","e":"n","st":"N\u00e3o eleito","dvt":"V\u00e1lido","vap":"7","pvap":"   0,09"},{"seq":"29","sqcand":"40000953385","n":"45777","nm":"ZE MARIA","cc":"PSDB","nv":" ","e":"n","st":"Suplente","dvt":"V\u00e1lido","vap":"80","pvap":"   1,07"},{"seq":"81","sqcand":"40001253024","n":"10995","nm":"DAMARIS BARBOZA","cc":"REPUBLICANOS","nv":" ","e":"n","st":"Suplente","dvt":"V\u00e1lido","vap":"5","pvap":"   0,07"},{"seq":"9","sqcand":"40001162408","n":"20020","nm":"RENATO DO SUCUNDURI","cc":"PSC","nv":" ","e":"s","st":"Eleito","dvt":"V\u00e1lido","vap":"162","pvap":"   2,16"},{"seq":"34","sqcand":"40001162821","n":"17777","nm":"NETY SOUZA","cc":"PSL","nv":" ","e":"n","st":"Suplente","dvt":"V\u00e1lido","vap":"73","pvap":"   0,97"},{"seq":"73","sqcand":"40001132500","n":"22555","nm":"ALADIM","cc":"PL","nv":" ","e":"n","st":"Suplente","dvt":"V\u00e1lido","vap":"16","pvap":"   0,21"},{"seq":"46","sqcand":"40001162816","n":"17222","nm":"ELIEL TIMM","cc":"PSL","nv":" ","e":"n","st":"Suplente","dvt":"V\u00e1lido","vap":"46","pvap":"   0,61"},{"seq":"103","sqcand":"40001073780","n":"90555","nm":"PROFESSORA CEIA","cc":"PROS","nv":" ","e":"n","st":"N\u00e3o eleito","dvt":"V\u00e1lido","vap":"23","pvap":"   0,31"},{"seq":"5","sqcand":"40000953381","n":"45123","nm":"BRUNO MORAIS","cc":"PSDB","nv":" ","e":"s","st":"Eleito","dvt":"V\u00e1lido","vap":"194","pvap":"   2,59"},{"seq":"67","sqcand":"40001132495","n":"22789","nm":"RAI GOES","cc":"PL","nv":" ","e":"n","st":"Suplente","dvt":"V\u00e1lido","vap":"21","pvap":"   0,28"},{"seq":"41","sqcand":"40001253023","n":"10222","nm":"ALEX LEMOS ANZILIEIRO","cc":"REPUBLICANOS","nv":" ","e":"n","st":"Suplente","dvt":"V\u00e1lido","vap":"59","pvap":"   0,79"},{"seq":"23","sqcand":"40001129130","n":"40777","nm":"MANOEL DA LUZ","cc":"PSB","nv":" ","e":"n","st":"Suplente","dvt":"V\u00e1lido","vap":"98","pvap":"   1,31"},{"seq":"86","sqcand":"40001129139","n":"40888","nm":"KAIO GUERRA","cc":"PSB","nv":" ","e":"n","st":"Suplente","dvt":"V\u00e1lido","vap":"3","pvap":"   0,04"},{"seq":"42","sqcand":"40001262878","n":"10555","nm":"JAELIO","cc":"REPUBLICANOS","nv":" ","e":"n","st":"Suplente","dvt":"V\u00e1lido","vap":"59","pvap":"   0,79"},{"seq":"54","sqcand":"40001129133","n":"40789","nm":"WELITON DA BARBEARIA MAXIMUS","cc":"PSB","nv":" ","e":"n","st":"Suplente","dvt":"V\u00e1lido","vap":"37","pvap":"   0,49"},{"seq":"65","sqcand":"40001162493","n":"11555","nm":"RAQUEL DE ALMEIDA","cc":"PP","nv":" ","e":"n","st":"Suplente","dvt":"V\u00e1lido","vap":"23","pvap":"   0,31"},{"seq":"19","sqcand":"40001162407","n":"20123","nm":"NEGO","cc":"PSC","nv":" ","e":"n","st":"Suplente","dvt":"V\u00e1lido","vap":"121","pvap":"   1,62"},{"seq":"60","sqcand":"40001129132","n":"40000","nm":"VERA","cc":"PSB","nv":" ","e":"n","st":"Suplente","dvt":"V\u00e1lido","vap":"28","pvap":"   0,37"},{"seq":"107","sqcand":"40001073784","n":"90321","nm":"TALITA PRISCILA","cc":"PROS","nv":" ","e":"n","st":"N\u00e3o eleito","dvt":"V\u00e1lido","vap":"12","pvap":"   0,16"},{"seq":"95","sqcand":"40001162936","n":"13456","nm":"ADALBERTO VICENTE","cc":"PT","nv":" ","e":"n","st":"N\u00e3o eleito","dvt":"V\u00e1lido","vap":"69","pvap":"   0,92"},{"seq":"71","sqcand":"40001129138","n":"40234","nm":"BETO RAULINO","cc":"PSB","nv":" ","e":"n","st":"Suplente","dvt":"V\u00e1lido","vap":"16","pvap":"   0,21"},{"seq":"114","sqcand":"40001073778","n":"90444","nm":"ERLI APARECIDA","cc":"PROS","nv":" ","e":"n","st":"N\u00e3o eleito","dvt":"V\u00e1lido","vap":"5","pvap":"   0,07"},{"seq":"111","sqcand":"40001162927","n":"13567","nm":"MARCELAO","cc":"PT","nv":" ","e":"n","st":"N\u00e3o eleito","dvt":"V\u00e1lido","vap":"8","pvap":"   0,11"},{"seq":"37","sqcand":"40000953389","n":"45333","nm":"LAU","cc":"PSDB","nv":" ","e":"n","st":"Suplente","dvt":"V\u00e1lido","vap":"69","pvap":"   0,92"},{"seq":"40","sqcand":"40001162494","n":"11456","nm":"HUGUINHO CARVALHO","cc":"PP","nv":" ","e":"n","st":"Suplente","dvt":"V\u00e1lido","vap":"62","pvap":"   0,83"},{"seq":"18","sqcand":"40001162394","n":"20120","nm":"BERNARDO DO BUBUR\u00c9","cc":"PSC","nv":" ","e":"n","st":"Suplente","dvt":"V\u00e1lido","vap":"126","pvap":"   1,68"},{"seq":"56","sqcand":"40000953386","n":"45444","nm":"ANTONIO FININHO","cc":"PSDB","nv":" ","e":"n","st":"Suplente","dvt":"V\u00e1lido","vap":"36","pvap":"   0,48"},{"seq":"51","sqcand":"40001162497","n":"11230","nm":"MATEUS LITTIG","cc":"PP","nv":" ","e":"n","st":"Suplente","dvt":"V\u00e1lido","vap":"39","pvap":"   0,52"},{"seq":"8","sqcand":"40001253028","n":"10123","nm":"PROFESSOR GEVAN","cc":"REPUBLICANOS","nv":" ","e":"s","st":"Eleito","dvt":"V\u00e1lido","vap":"169","pvap":"   2,26"},{"seq":"92","sqcand":"40001162933","n":"13123","nm":"DISON CAETANO","cc":"PT","nv":" ","e":"n","st":"N\u00e3o eleito","dvt":"V\u00e1lido","vap":"114","pvap":"   1,52"},{"seq":"112","sqcand":"40001162115","n":"15000","nm":"MENEIR\u00c3O","cc":"MDB","nv":" ","e":"n","st":"N\u00e3o eleito","dvt":"V\u00e1lido","vap":"7","pvap":"   0,09"},{"seq":"47","sqcand":"40000953384","n":"45991","nm":"CECILIA DO NEG\u00c3O","cc":"PSDB","nv":" ","e":"n","st":"Suplente","dvt":"V\u00e1lido","vap":"45","pvap":"   0,60"},{"seq":"117","sqcand":"40000869927","n":"77000","nm":"IRIS MEIRA","cc":"SOLIDARIEDADE","nv":" ","e":"n","st":"N\u00e3o eleito","dvt":"V\u00e1lido","vap":"1","pvap":"   0,01"},{"seq":"22","sqcand":"40001162815","n":"17020","nm":"TIO BETO","cc":"PSL","nv":" ","e":"n","st":"Suplente","dvt":"V\u00e1lido","vap":"102","pvap":"   1,36"},{"seq":"69","sqcand":"40000953380","n":"45380","nm":"DEBES LANA (DEBINHO)","cc":"PSDB","nv":" ","e":"n","st":"Suplente","dvt":"V\u00e1lido","vap":"18","pvap":"   0,24"},{"seq":"77","sqcand":"40001253022","n":"10234","nm":"PROFESSOR FRANCISCO","cc":"REPUBLICANOS","nv":" ","e":"n","st":"Suplente","dvt":"V\u00e1lido","vap":"12","pvap":"   0,16"},{"seq":"97","sqcand":"40001162932","n":"13222","nm":"JOSIAS DA VICINAL CUPUA\u00c7U","cc":"PT","nv":" ","e":"n","st":"N\u00e3o eleito","dvt":"V\u00e1lido","vap":"57","pvap":"   0,76"},{"seq":"75","sqcand":"40001132499","n":"22345","nm":"BIA SANTOS","cc":"PL","nv":" ","e":"n","st":"Suplente","dvt":"V\u00e1lido","vap":"16","pvap":"   0,21"},{"seq":"82","sqcand":"40000953392","n":"45544","nm":"ROSANGELA CAVICHIOLI","cc":"PSDB","nv":" ","e":"n","st":"Suplente","dvt":"V\u00e1lido","vap":"4","pvap":"   0,05"},{"seq":"93","sqcand":"40001132497","n":"22243","nm":"S\u00c9RGIO SAB\u00c3O","cc":"PL","nv":" ","e":"n","st":"N\u00e3o eleito","dvt":"Anulado sub judice","vap":"100","pvap":"   1,33"},{"seq":"10","sqcand":"40001162496","n":"11190","nm":"DANIEL PAZ","cc":"PP","nv":" ","e":"s","st":"Eleito","dvt":"V\u00e1lido","vap":"147","pvap":"   1,96"},{"seq":"76","sqcand":"40000953388","n":"45111","nm":"TATI BRANDAO","cc":"PSDB","nv":" ","e":"n","st":"Suplente","dvt":"V\u00e1lido","vap":"14","pvap":"   0,19"},{"seq":"1","sqcand":"40001162395","n":"20789","nm":"BELO DA HORA","cc":"PSC","nv":" ","e":"s","st":"Eleito","dvt":"V\u00e1lido","vap":"343","pvap":"   4,58"},{"seq":"14","sqcand":"40001132502","n":"22222","nm":"ADILIO LIMA","cc":"PL","nv":" ","e":"n","st":"Suplente","dvt":"V\u00e1lido","vap":"150","pvap":"   2,00"},{"seq":"116","sqcand":"40001162937","n":"13233","nm":"ANA CRISTINA ","cc":"PT","nv":" ","e":"n","st":"N\u00e3o eleito","dvt":"V\u00e1lido","vap":"4","pvap":"   0,05"},{"seq":"80","sqcand":"40001162498","n":"11231","nm":"PARAZINHO","cc":"PP","nv":" ","e":"n","st":"Suplente","dvt":"V\u00e1lido","vap":"5","pvap":"   0,07"},{"seq":"28","sqcand":"40001253030","n":"10610","nm":"F\u00caNIX CABELEREIRO","cc":"REPUBLICANOS","nv":" ","e":"n","st":"Suplente","dvt":"V\u00e1lido","vap":"80","pvap":"   1,07"},{"seq":"62","sqcand":"40001162817","n":"17233","nm":"JHONATAN TASCA MOTA","cc":"PSL","nv":" ","e":"n","st":"Suplente","dvt":"V\u00e1lido","vap":"28","pvap":"   0,37"},{"seq":"11","sqcand":"40001129135","n":"40222","nm":"GEISIANE PEREIRA","cc":"PSB","nv":" ","e":"s","st":"Eleito","dvt":"V\u00e1lido","vap":"127","pvap":"   1,70"},{"seq":"101","sqcand":"40001073777","n":"90133","nm":"PROFESSORA MARILENE","cc":"PROS","nv":" ","e":"n","st":"N\u00e3o eleito","dvt":"V\u00e1lido","vap":"34","pvap":"   0,45"},{"seq":"17","sqcand":"40001162403","n":"20222","nm":"ELISEU GUARDA","cc":"PSC","nv":" ","e":"n","st":"Suplente","dvt":"V\u00e1lido","vap":"140","pvap":"   1,87"},{"seq":"58","sqcand":"40001253026","n":"10369","nm":"VANDERLEI DA RADIO","cc":"REPUBLICANOS","nv":" ","e":"n","st":"Suplente","dvt":"V\u00e1lido","vap":"30","pvap":"   0,40"},{"seq":"79","sqcand":"40001162495","n":"11123","nm":"LILI DA FEIRA","cc":"PP","nv":" ","e":"n","st":"Suplente","dvt":"V\u00e1lido","vap":"10","pvap":"   0,13"},{"seq":"36","sqcand":"40001162396","n":"20333","nm":"IRINEU MOTOTAXI","cc":"PSC","nv":" ","e":"n","st":"Suplente","dvt":"V\u00e1lido","vap":"69","pvap":"   0,92"},{"seq":"99","sqcand":"40001073783","n":"90123","nm":"KATATAL","cc":"PROS","nv":" ","e":"n","st":"N\u00e3o eleito","dvt":"V\u00e1lido","vap":"49","pvap":"   0,65"},{"seq":"66","sqcand":"40000953391","n":"45456","nm":"IRMA JERUZA DA BR 230","cc":"PSDB","nv":" ","e":"n","st":"Suplente","dvt":"V\u00e1lido","vap":"22","pvap":"   0,29"},{"seq":"48","sqcand":"40001132493","n":"22000","nm":"KAKA SALES","cc":"PL","nv":" ","e":"n","st":"Suplente","dvt":"V\u00e1lido","vap":"41","pvap":"   0,55"},{"seq":"87","sqcand":"40001129128","n":"40911","nm":"VANIA PADOVANI","cc":"PSB","nv":" ","e":"n","st":"Suplente","dvt":"V\u00e1lido","vap":"2","pvap":"   0,03"},{"seq":"2","sqcand":"40001162401","n":"20888","nm":"ANTONIO CARLOS","cc":"PSC","nv":" ","e":"s","st":"Eleito","dvt":"V\u00e1lido","vap":"266","pvap":"   3,55"},{"seq":"94","sqcand":"40001073779","n":"90000","nm":"RUTHMAR NASCIMENTO","cc":"PROS","nv":" ","e":"n","st":"N\u00e3o eleito","dvt":"V\u00e1lido","vap":"92","pvap":"   1,23"},{"seq":"90","sqcand":"40001262876","n":"10002","nm":"SELMA DE SOUZA","cc":"REPUBLICANOS","nv":" ","e":"n","st":"Suplente","dvt":"V\u00e1lido","vap":"0","pvap":"00.00"},{"seq":"105","sqcand":"40001162930","n":"13151","nm":"JOAO DA BRASIL NOVO","cc":"PT","nv":" ","e":"n","st":"N\u00e3o eleito","dvt":"V\u00e1lido","vap":"17","pvap":"   0,23"},{"seq":"100","sqcand":"40001162934","n":"13131","nm":"ANTONIO CARDOSO (PIAUI)","cc":"PT","nv":" ","e":"n","st":"N\u00e3o eleito","dvt":"V\u00e1lido","vap":"35","pvap":"   0,47"},{"seq":"35","sqcand":"40001129129","n":"40123","nm":"EDIMILSON LEMOS","cc":"PSB","nv":" ","e":"n","st":"Suplente","dvt":"V\u00e1lido","vap":"70","pvap":"   0,93"},{"seq":"4","sqcand":"40001162400","n":"20555","nm":"JONAS CASTRO","cc":"PSC","nv":" ","e":"s","st":"Eleito","dvt":"V\u00e1lido","vap":"206","pvap":"   2,75"},{"seq":"31","sqcand":"40001162406","n":"20999","nm":"AUR\u00c9LIA OLIVEIRA","cc":"PSC","nv":" ","e":"n","st":"Suplente","dvt":"V\u00e1lido","vap":"78","pvap":"   1,04"},{"seq":"74","sqcand":"40000953387","n":"45789","nm":"DAVI MIRANDA","cc":"PSDB","nv":" ","e":"n","st":"Suplente","dvt":"V\u00e1lido","vap":"16","pvap":"   0,21"},{"seq":"45","sqcand":"40000953393","n":"45045","nm":"GUSTAVO DA CRIATIVA","cc":"PSDB","nv":" ","e":"n","st":"Suplente","dvt":"V\u00e1lido","vap":"51","pvap":"   0,68"},{"seq":"38","sqcand":"40000953379","n":"45100","nm":"WALDECY DA TRES ESTADO","cc":"PSDB","nv":" ","e":"n","st":"Suplente","dvt":"V\u00e1lido","vap":"67","pvap":"   0,89"},{"seq":"108","sqcand":"40001073775","n":"90111","nm":"ADAMILTON NOGUEIRA","cc":"PROS","nv":" ","e":"n","st":"N\u00e3o eleito","dvt":"V\u00e1lido","vap":"11","pvap":"   0,15"},{"seq":"44","sqcand":"40000953394","n":"45000","nm":"BARATA","cc":"PSDB","nv":" ","e":"n","st":"Suplente","dvt":"V\u00e1lido","vap":"51","pvap":"   0,68"},{"seq":"70","sqcand":"40001162501","n":"11222","nm":"SEU OSMAR","cc":"PP","nv":" ","e":"n","st":"Suplente","dvt":"V\u00e1lido","vap":"16","pvap":"   0,21"},{"seq":"106","sqcand":"40001161931","n":"51111","nm":"PEDRO SABE TUDO","cc":"PATRIOTA","nv":" ","e":"n","st":"N\u00e3o eleito","dvt":"V\u00e1lido","vap":"12","pvap":"   0,16"},{"seq":"49","sqcand":"40001162402","n":"20111","nm":"DEBORA GAIA","cc":"PSC","nv":" ","e":"n","st":"Suplente","dvt":"V\u00e1lido","vap":"41","pvap":"   0,55"},{"seq":"63","sqcand":"40001262882","n":"10110","nm":"JO\u00c3O NILTON","cc":"REPUBLICANOS","nv":" ","e":"n","st":"Suplente","dvt":"V\u00e1lido","vap":"27","pvap":"   0,36"},{"seq":"98","sqcand":"40001073785","n":"90456","nm":"WANDERLEY TORRES","cc":"PROS","nv":" ","e":"n","st":"N\u00e3o eleito","dvt":"V\u00e1lido","vap":"51","pvap":"   0,68"},{"seq":"33","sqcand":"40001253025","n":"10777","nm":"LOB\u00c3O MOTO TAXI","cc":"REPUBLICANOS","nv":" ","e":"n","st":"Suplente","dvt":"V\u00e1lido","vap":"73","pvap":"   0,97"},{"seq":"21","sqcand":"40001262877","n":"10444","nm":"FLAVIANO CARVALHO","cc":"REPUBLICANOS","nv":" ","e":"n","st":"Suplente","dvt":"V\u00e1lido","vap":"115","pvap":"   1,54"},{"seq":"7","sqcand":"40001132498","n":"22456","nm":"MAXSAEL ARTHUR SUCUNDURI","cc":"PL","nv":" ","e":"s","st":"Eleito","dvt":"V\u00e1lido","vap":"178","pvap":"   2,38"},{"seq":"91","sqcand":"40001132501","n":"22777","nm":"MICAELA MORAIS","cc":"PL","nv":" ","e":"n","st":"Suplente","dvt":"V\u00e1lido","vap":"0","pvap":"00.00"},{"seq":"27","sqcand":"40001162405","n":"20777","nm":"ANGELICA FRAITAG","cc":"PSC","nv":" ","e":"n","st":"Suplente","dvt":"V\u00e1lido","vap":"81","pvap":"   1,08"},{"seq":"3","sqcand":"40001162819","n":"17456","nm":"EBER NEGUINHO","cc":"PSL","nv":" ","e":"s","st":"Eleito","dvt":"V\u00e1lido","vap":"212","pvap":"   2,83"},{"seq":"12","sqcand":"40001253029","n":"10000","nm":"MARCOS LIMA","cc":"REPUBLICANOS","nv":" ","e":"n","st":"Suplente","dvt":"V\u00e1lido","vap":"157","pvap":"   2,10"},{"seq":"72","sqcand":"40000953383","n":"45999","nm":"ASSIS MORAIS","cc":"PSDB","nv":" ","e":"n","st":"Suplente","dvt":"V\u00e1lido","vap":"16","pvap":"   0,21"},{"seq":"43","sqcand":"40001162399","n":"20456","nm":"LUCIANO DO BMG","cc":"PSC","nv":" ","e":"n","st":"Suplente","dvt":"V\u00e1lido","vap":"56","pvap":"   0,75"},{"seq":"110","sqcand":"40001162929","n":"13144","nm":"IRMA PENHA","cc":"PT","nv":" ","e":"n","st":"N\u00e3o eleito","dvt":"V\u00e1lido","vap":"8","pvap":"   0,11"},{"seq":"6","sqcand":"40001162404","n":"20200","nm":"LEONI ROCHA","cc":"PSC","nv":" ","e":"s","st":"Eleito","dvt":"V\u00e1lido","vap":"178","pvap":"   2,38"},{"seq":"53","sqcand":"40001262879","n":"10506","nm":"SAMUEL CORDEIRO","cc":"REPUBLICANOS","nv":" ","e":"n","st":"Suplente","dvt":"V\u00e1lido","vap":"37","pvap":"   0,49"},{"seq":"57","sqcand":"40001129137","n":"40111","nm":"MARITANIA VIANA","cc":"PSB","nv":" ","e":"n","st":"Suplente","dvt":"V\u00e1lido","vap":"34","pvap":"   0,45"},{"seq":"13","sqcand":"40001132494","n":"22123","nm":"MARCIO GOLEIRO","cc":"PL","nv":" ","e":"n","st":"Suplente","dvt":"V\u00e1lido","vap":"155","pvap":"   2,07"},{"seq":"15","sqcand":"40001162818","n":"17000","nm":"CLONILDO DA FARM\u00c1CIA","cc":"PSL","nv":" ","e":"n","st":"Suplente","dvt":"V\u00e1lido","vap":"143","pvap":"   1,91"},{"seq":"84","sqcand":"40001262880","n":"10005","nm":"DANIELA COSTA","cc":"REPUBLICANOS","nv":" ","e":"n","st":"Suplente","dvt":"V\u00e1lido","vap":"4","pvap":"   0,05"},{"seq":"78","sqcand":"40001162398","n":"20620","nm":"ADELAIDE ALVES","cc":"PSC","nv":" ","e":"n","st":"Suplente","dvt":"V\u00e1lido","vap":"11","pvap":"   0,15"},{"seq":"83","sqcand":"40001162820","n":"17778","nm":"ALLINE BARATINHA","cc":"PSL","nv":" ","e":"n","st":"Suplente","dvt":"V\u00e1lido","vap":"4","pvap":"   0,05"},{"seq":"89","sqcand":"40001262881","n":"10001","nm":"ALESSANDRA PERERIA","cc":"REPUBLICANOS","nv":" ","e":"n","st":"Suplente","dvt":"V\u00e1lido","vap":"1","pvap":"   0,01"},{"seq":"109","sqcand":"40001073782","n":"90104","nm":"MARLI MODZINSKI","cc":"PROS","nv":" ","e":"n","st":"N\u00e3o eleito","dvt":"V\u00e1lido","vap":"8","pvap":"   0,11"},{"seq":"20","sqcand":"40001162492","n":"11234","nm":"GOIANO","cc":"PP","nv":" ","e":"n","st":"Suplente","dvt":"V\u00e1lido","vap":"118","pvap":"   1,58"},{"seq":"25","sqcand":"40001162491","n":"11000","nm":"JOAQUIM DO CART\u00d3RIO","cc":"PP","nv":" ","e":"n","st":"Suplente","dvt":"V\u00e1lido","vap":"92","pvap":"   1,23"},{"seq":"55","sqcand":"40001162500","n":"11999","nm":"DONA MAURA","cc":"PP","nv":" ","e":"n","st":"Suplente","dvt":"V\u00e1lido","vap":"36","pvap":"   0,48"},{"seq":"115","sqcand":"40001073781","n":"90567","nm":"CLEITON MAMUTE","cc":"PROS","nv":" ","e":"n","st":"N\u00e3o eleito","dvt":"V\u00e1lido","vap":"5","pvap":"   0,07"},{"seq":"30","sqcand":"40001162490","n":"11611","nm":"PROFESSORA ROSA","cc":"PP","nv":" ","e":"n","st":"Suplente","dvt":"V\u00e1lido","vap":"79","pvap":"   1,05"},{"seq":"68","sqcand":"40000953390","n":"45222","nm":"BEJA","cc":"PSDB","nv":" ","e":"n","st":"Suplente","dvt":"V\u00e1lido","vap":"20","pvap":"   0,27"},{"seq":"16","sqcand":"40001162397","n":"20000","nm":"PELADO DO MATA MATA","cc":"PSC","nv":" ","e":"n","st":"Suplente","dvt":"V\u00e1lido","vap":"142","pvap":"   1,90"},{"seq":"39","sqcand":"40000953382","n":"45555","nm":"ANDRE OLIVEIRA","cc":"PSDB","nv":" ","e":"n","st":"Suplente","dvt":"V\u00e1lido","vap":"63","pvap":"   0,84"},{"seq":"102","sqcand":"40001162928","n":"13000","nm":"GORDO DO PT","cc":"PT","nv":" ","e":"n","st":"N\u00e3o eleito","dvt":"V\u00e1lido","vap":"30","pvap":"   0,40"},{"seq":"64","sqcand":"40001129131","n":"40999","nm":"EVERALDO MOTORISTA DO JAIME","cc":"PSB","nv":" ","e":"n","st":"Suplente","dvt":"V\u00e1lido","vap":"23","pvap":"   0,31"},{"seq":"85","sqcand":"40001129136","n":"40456","nm":"CLAUDIR BRASIGUAIO","cc":"PSB","nv":" ","e":"n","st":"Suplente","dvt":"V\u00e1lido","vap":"3","pvap":"   0,04"},{"seq":"50","sqcand":"40001262891","n":"17111","nm":"DANIELLE RAMOS","cc":"PSL","nv":" ","e":"n","st":"Suplente","dvt":"V\u00e1lido","vap":"40","pvap":"   0,53"},{"seq":"26","sqcand":"40001129140","n":"40122","nm":"EMERSON DO BANCO","cc":"PSB","nv":" ","e":"n","st":"Suplente","dvt":"V\u00e1lido","vap":"89","pvap":"   1,19"},{"seq":"88","sqcand":"40001253027","n":"10999","nm":"SIRLENE VICENTE","cc":"REPUBLICANOS","nv":" ","e":"n","st":"Suplente","dvt":"V\u00e1lido","vap":"2","pvap":"   0,03"},{"seq":"96","sqcand":"40001162935","n":"13333","nm":"AGEU BORGES","cc":"PT","nv":" ","e":"n","st":"N\u00e3o eleito","dvt":"V\u00e1lido","vap":"64","pvap":"   0,85"},{"seq":"61","sqcand":"40001162499","n":"11111","nm":"MAXUEL MELO","cc":"PP","nv":" ","e":"n","st":"Suplente","dvt":"V\u00e1lido","vap":"28","pvap":"   0,37"},{"seq":"32","sqcand":"40001129134","n":"40444","nm":"MAGRAO","cc":"PSB","nv":" ","e":"n","st":"Suplente","dvt":"V\u00e1lido","vap":"74","pvap":"   0,99"},{"seq":"59","sqcand":"40001132496","n":"22333","nm":"FABIANO SCHMITZ","cc":"PL","nv":" ","e":"n","st":"Suplente","dvt":"V\u00e1lido","vap":"30","pvap":"   0,40"},{"seq":"24","sqcand":"40001162393","n":"20345","nm":"RIBINHA","cc":"PSC","nv":" ","e":"n","st":"Suplente","dvt":"V\u00e1lido","vap":"92","pvap":"   1,23"},{"seq":"104","sqcand":"40001073776","n":"90222","nm":"DENE","cc":"PROS","nv":" ","e":"n","st":"N\u00e3o eleito","dvt":"V\u00e1lido","vap":"20","pvap":"   0,27"}]}
