{"ele":"426","tpabr":"mu","cdabr":"02046","carper":"13","t":"1","f":"o","dt":"16/11/2020","ht":"09:13:17","dv":"s","tf":"s","v":"11","esae":"n","mnae":"","s":"50","st":"50","pst":" 100,00","snt":"0","psnt":"   0,00","si":"50","psi":" 100,00","sni":"0","psni":"   0,00","sa":"50","psa":" 100,00","sna":"0","psna":"   0,00","e":"15775","ea":"15775","pea":" 100,00","ena":"0","pena":"   0,00","esi":"15775","pesi":" 100,00","esni":"0","pesni":"   0,00","c":"13308","pc":"  84,36","a":"2467","pa":"  15,64","vscv":"0","vnom":"12305","vl":"691","pvnom":"  94,68","pvl":"   5,32","vvc":"12996","pvvc":"  97,66","vb":"84","pvb":"   0,63","tvn":"228","ptvn":"   1,71","vn":"228","pvn":" 100,00","vnt":"0","pvnt":"   0,00","vp":"0","pvp":"   0,00","vv":"12996","pvv":" 100,00","van":"0","pvan":"   0,00","vansj":"0","pvansj":"   0,00","tv":"13308","cand":[{"seq":"47","sqcand":"40000879958","n":"11700","nm":"EDIMAR","cc":"PP","nv":" ","e":"n","st":"Suplente","dvt":"V\u00e1lido","vap":"69","pvap":"   0,53"},{"seq":"93","sqcand":"40000692965","n":"36777","nm":"IRM\u00c3O FRANCISCO","cc":"PTC","nv":" ","e":"n","st":"N\u00e3o eleito","dvt":"V\u00e1lido","vap":"17","pvap":"   0,13"},{"seq":"48","sqcand":"40000692974","n":"55234","nm":"DELEGADA ANA OLIVEIRA","cc":"PSD","nv":" ","e":"n","st":"Suplente","dvt":"V\u00e1lido","vap":"65","pvap":"   0,50"},{"seq":"85","sqcand":"40000746121","n":"25789","nm":"WASHINGTON","cc":"DEM","nv":" ","e":"n","st":"N\u00e3o eleito","dvt":"V\u00e1lido","vap":"132","pvap":"   1,02"},{"seq":"64","sqcand":"40000879945","n":"11111","nm":"DIEGO ANANIAS","cc":"PP","nv":" ","e":"n","st":"Suplente","dvt":"V\u00e1lido","vap":"23","pvap":"   0,18"},{"seq":"18","sqcand":"40000879957","n":"11100","nm":"NONATO CONDE","cc":"PP","nv":" ","e":"n","st":"Suplente","dvt":"V\u00e1lido","vap":"208","pvap":"   1,60"},{"seq":"89","sqcand":"40000728214","n":"51007","nm":"ELSON CARVALHO","cc":"PATRIOTA","nv":" ","e":"n","st":"N\u00e3o eleito","dvt":"V\u00e1lido","vap":"35","pvap":"   0,27"},{"seq":"27","sqcand":"40000879949","n":"11000","nm":"JAIR ALVES","cc":"PP","nv":" ","e":"n","st":"Suplente","dvt":"V\u00e1lido","vap":"142","pvap":"   1,09"},{"seq":"6","sqcand":"40000692978","n":"55666","nm":"EDILAMAR CORREA","cc":"PSD","nv":" ","e":"s","st":"Eleito","dvt":"V\u00e1lido","vap":"414","pvap":"   3,19"},{"seq":"91","sqcand":"40001230600","n":"14000","nm":"NEI DO ARROCHA","cc":"PTB","nv":" ","e":"n","st":"N\u00e3o eleito","dvt":"V\u00e1lido","vap":"26","pvap":"   0,20"},{"seq":"88","sqcand":"40000728208","n":"51234","nm":"EDSON CARVALHO","cc":"PATRIOTA","nv":" ","e":"n","st":"N\u00e3o eleito","dvt":"V\u00e1lido","vap":"72","pvap":"   0,55"},{"seq":"38","sqcand":"40000692976","n":"55369","nm":"TRINDADE DO CAREIRO","cc":"PSD","nv":" ","e":"n","st":"Suplente","dvt":"V\u00e1lido","vap":"105","pvap":"   0,81"},{"seq":"55","sqcand":"40000879951","n":"11456","nm":"NAZIANE VASCONCELOS","cc":"PP","nv":" ","e":"n","st":"Suplente","dvt":"V\u00e1lido","vap":"41","pvap":"   0,32"},{"seq":"67","sqcand":"40000727945","n":"22333","nm":"VANDERLI","cc":"PL","nv":" ","e":"n","st":"Suplente","dvt":"V\u00e1lido","vap":"18","pvap":"   0,14"},{"seq":"39","sqcand":"40000692971","n":"55111","nm":"ANDR\u00c9","cc":"PSD","nv":" ","e":"n","st":"Suplente","dvt":"V\u00e1lido","vap":"100","pvap":"   0,77"},{"seq":"51","sqcand":"40000879946","n":"11777","nm":"LEO VEIGA","cc":"PP","nv":" ","e":"n","st":"Suplente","dvt":"V\u00e1lido","vap":"52","pvap":"   0,40"},{"seq":"20","sqcand":"40000746188","n":"15789","nm":"JEREMIAS","cc":"MDB","nv":" ","e":"n","st":"Suplente","dvt":"V\u00e1lido","vap":"197","pvap":"   1,52"},{"seq":"16","sqcand":"40000692977","n":"55456","nm":"VAL\u00c9RIO","cc":"PSD","nv":" ","e":"n","st":"Suplente","dvt":"V\u00e1lido","vap":"231","pvap":"   1,78"},{"seq":"97","sqcand":"40000728212","n":"51236","nm":"FATIMA DOS RAMAIS","cc":"PATRIOTA","nv":" ","e":"n","st":"N\u00e3o eleito","dvt":"V\u00e1lido","vap":"9","pvap":"   0,07"},{"seq":"35","sqcand":"40000656767","n":"10999","nm":"CHIC\u00c3O DO AREAL","cc":"REPUBLICANOS","nv":" ","e":"n","st":"Suplente","dvt":"V\u00e1lido","vap":"109","pvap":"   0,84"},{"seq":"54","sqcand":"40000746185","n":"15150","nm":"RAQUEL SOUZA","cc":"MDB","nv":" ","e":"n","st":"Suplente","dvt":"V\u00e1lido","vap":"43","pvap":"   0,33"},{"seq":"19","sqcand":"40000880277","n":"20235","nm":"FRANCISCO BEZERRA","cc":"PSC","nv":" ","e":"n","st":"Suplente","dvt":"V\u00e1lido","vap":"199","pvap":"   1,53"},{"seq":"7","sqcand":"40000746183","n":"15000","nm":"ALMIR PINHEIRO","cc":"MDB","nv":" ","e":"s","st":"Eleito","dvt":"V\u00e1lido","vap":"396","pvap":"   3,05"},{"seq":"33","sqcand":"40000880278","n":"20020","nm":"LUIZA GUEDES","cc":"PSC","nv":" ","e":"n","st":"Suplente","dvt":"V\u00e1lido","vap":"116","pvap":"   0,89"},{"seq":"41","sqcand":"40000880279","n":"20500","nm":"ROSIVAL CARVALHO","cc":"PSC","nv":" ","e":"n","st":"Suplente","dvt":"V\u00e1lido","vap":"91","pvap":"   0,70"},{"seq":"63","sqcand":"40000656762","n":"10010","nm":"ALCY","cc":"REPUBLICANOS","nv":" ","e":"n","st":"Suplente","dvt":"V\u00e1lido","vap":"23","pvap":"   0,18"},{"seq":"46","sqcand":"40000656772","n":"10321","nm":"RAIMUNDO LE\u00c3O","cc":"REPUBLICANOS","nv":" ","e":"n","st":"Suplente","dvt":"V\u00e1lido","vap":"71","pvap":"   0,55"},{"seq":"52","sqcand":"40000879956","n":"11789","nm":"ZENILDO CORREA","cc":"PP","nv":" ","e":"n","st":"Suplente","dvt":"V\u00e1lido","vap":"46","pvap":"   0,35"},{"seq":"42","sqcand":"40000880282","n":"20555","nm":"JANDERSON GUEDES","cc":"PSC","nv":" ","e":"n","st":"Suplente","dvt":"V\u00e1lido","vap":"85","pvap":"   0,65"},{"seq":"40","sqcand":"40000879947","n":"11319","nm":"RAFAEL SALES","cc":"PP","nv":" ","e":"n","st":"Suplente","dvt":"V\u00e1lido","vap":"91","pvap":"   0,70"},{"seq":"86","sqcand":"40000727940","n":"17123","nm":"ANT\u00d4NIO RAIMUNDO","cc":"PSL","nv":" ","e":"n","st":"N\u00e3o eleito","dvt":"V\u00e1lido","vap":"95","pvap":"   0,73"},{"seq":"25","sqcand":"40000746181","n":"15777","nm":"CHEIKE","cc":"MDB","nv":" ","e":"n","st":"Suplente","dvt":"V\u00e1lido","vap":"159","pvap":"   1,22"},{"seq":"8","sqcand":"40000727944","n":"22000","nm":"REGILSON BRITO","cc":"PL","nv":" ","e":"s","st":"Eleito","dvt":"V\u00e1lido","vap":"392","pvap":"   3,02"},{"seq":"71","sqcand":"40000692979","n":"55333","nm":"DIDI","cc":"PSD","nv":" ","e":"n","st":"Suplente","dvt":"V\u00e1lido","vap":"16","pvap":"   0,12"},{"seq":"56","sqcand":"40000879950","n":"11555","nm":"IVANILTON LOPES","cc":"PP","nv":" ","e":"n","st":"Suplente","dvt":"V\u00e1lido","vap":"39","pvap":"   0,30"},{"seq":"34","sqcand":"40000692973","n":"55660","nm":"DANIEL GOMES","cc":"PSD","nv":" ","e":"n","st":"Suplente","dvt":"V\u00e1lido","vap":"111","pvap":"   0,85"},{"seq":"95","sqcand":"40001262568","n":"25600","nm":"NEILA PASSOS","cc":"DEM","nv":" ","e":"n","st":"N\u00e3o eleito","dvt":"V\u00e1lido","vap":"14","pvap":"   0,11"},{"seq":"99","sqcand":"40000692966","n":"36111","nm":"GONZAGA","cc":"PTC","nv":" ","e":"n","st":"N\u00e3o eleito","dvt":"V\u00e1lido","vap":"7","pvap":"   0,05"},{"seq":"10","sqcand":"40000879955","n":"11234","nm":"DINHO","cc":"PP","nv":" ","e":"s","st":"Eleito","dvt":"V\u00e1lido","vap":"322","pvap":"   2,48"},{"seq":"43","sqcand":"40000879944","n":"11123","nm":"JAYT RODRIGUES","cc":"PP","nv":" ","e":"n","st":"Suplente","dvt":"V\u00e1lido","vap":"78","pvap":"   0,60"},{"seq":"26","sqcand":"40000727942","n":"22456","nm":"ORLANDO CORREA","cc":"PL","nv":" ","e":"n","st":"Suplente","dvt":"V\u00e1lido","vap":"145","pvap":"   1,12"},{"seq":"32","sqcand":"40000656770","n":"10577","nm":"ZEZINHO DO VARRE VENTO","cc":"REPUBLICANOS","nv":" ","e":"n","st":"Suplente","dvt":"V\u00e1lido","vap":"122","pvap":"   0,94"},{"seq":"36","sqcand":"40000656766","n":"10556","nm":"PASTORA ABISAGUE","cc":"REPUBLICANOS","nv":" ","e":"n","st":"Suplente","dvt":"V\u00e1lido","vap":"109","pvap":"   0,84"},{"seq":"30","sqcand":"40000880276","n":"20123","nm":"JUNIOR MARINGA","cc":"PSC","nv":" ","e":"n","st":"Suplente","dvt":"V\u00e1lido","vap":"134","pvap":"   1,03"},{"seq":"31","sqcand":"40000692975","n":"55055","nm":"ANGELA CAMPOS","cc":"PSD","nv":" ","e":"n","st":"Suplente","dvt":"V\u00e1lido","vap":"124","pvap":"   0,95"},{"seq":"60","sqcand":"40000880283","n":"20012","nm":"JACO BARBOZA","cc":"PSC","nv":" ","e":"n","st":"Suplente","dvt":"V\u00e1lido","vap":"26","pvap":"   0,20"},{"seq":"94","sqcand":"40001230602","n":"14321","nm":"ZECA","cc":"PTB","nv":" ","e":"n","st":"N\u00e3o eleito","dvt":"V\u00e1lido","vap":"15","pvap":"   0,12"},{"seq":"29","sqcand":"40000879948","n":"11245","nm":"PROF VALDEMIRO BINDA","cc":"PP","nv":" ","e":"n","st":"Suplente","dvt":"V\u00e1lido","vap":"135","pvap":"   1,04"},{"seq":"84","sqcand":"40000746122","n":"25234","nm":"NILDO LIRA","cc":"DEM","nv":" ","e":"n","st":"N\u00e3o eleito","dvt":"V\u00e1lido","vap":"150","pvap":"   1,15"},{"seq":"53","sqcand":"40000880273","n":"20111","nm":"DR BATALHA","cc":"PSC","nv":" ","e":"n","st":"Suplente","dvt":"V\u00e1lido","vap":"43","pvap":"   0,33"},{"seq":"80","sqcand":"40000656765","n":"10277","nm":"MAYRA CORREA","cc":"REPUBLICANOS","nv":" ","e":"n","st":"Suplente","dvt":"V\u00e1lido","vap":"6","pvap":"   0,05"},{"seq":"44","sqcand":"40000692985","n":"55777","nm":"GILCIMAR MONTEIRO","cc":"PSD","nv":" ","e":"n","st":"Suplente","dvt":"V\u00e1lido","vap":"76","pvap":"   0,58"},{"seq":"3","sqcand":"40000692980","n":"55555","nm":"TOTONHO","cc":"PSD","nv":" ","e":"s","st":"Eleito","dvt":"V\u00e1lido","vap":"511","pvap":"   3,93"},{"seq":"74","sqcand":"40000879954","n":"11255","nm":"LARISSA MILENA","cc":"PP","nv":" ","e":"n","st":"Suplente","dvt":"V\u00e1lido","vap":"11","pvap":"   0,08"},{"seq":"11","sqcand":"40000880272","n":"20000","nm":"EDUARDO BARBOSA","cc":"PSC","nv":" ","e":"s","st":"Eleito","dvt":"V\u00e1lido","vap":"302","pvap":"   2,32"},{"seq":"73","sqcand":"40000656776","n":"10333","nm":"J\u00d3IA BRAGA","cc":"REPUBLICANOS","nv":" ","e":"n","st":"Suplente","dvt":"V\u00e1lido","vap":"11","pvap":"   0,08"},{"seq":"5","sqcand":"40000692983","n":"55123","nm":"WALDIMIRO BARROSO","cc":"PSD","nv":" ","e":"s","st":"Eleito","dvt":"V\u00e1lido","vap":"420","pvap":"   3,23"},{"seq":"13","sqcand":"40000692982","n":"55999","nm":"XEXEU","cc":"PSD","nv":" ","e":"n","st":"Suplente","dvt":"V\u00e1lido","vap":"389","pvap":"   2,99"},{"seq":"21","sqcand":"40000727943","n":"22222","nm":"VANDO","cc":"PL","nv":" ","e":"n","st":"Suplente","dvt":"V\u00e1lido","vap":"180","pvap":"   1,39"},{"seq":"66","sqcand":"40000727946","n":"22777","nm":"LIONEL","cc":"PL","nv":" ","e":"n","st":"Suplente","dvt":"V\u00e1lido","vap":"20","pvap":"   0,15"},{"seq":"4","sqcand":"40000692981","n":"55222","nm":"HERNAN","cc":"PSD","nv":" ","e":"s","st":"Eleito","dvt":"V\u00e1lido","vap":"468","pvap":"   3,60"},{"seq":"14","sqcand":"40000656769","n":"10222","nm":"PROFESSOR CHIQUINHO MIGUEIS","cc":"REPUBLICANOS","nv":" ","e":"n","st":"Suplente","dvt":"V\u00e1lido","vap":"298","pvap":"   2,29"},{"seq":"28","sqcand":"40000746187","n":"15123","nm":"SOCORRO MENDON\u00c7A","cc":"MDB","nv":" ","e":"n","st":"Suplente","dvt":"V\u00e1lido","vap":"135","pvap":"   1,04"},{"seq":"101","sqcand":"40000692968","n":"36123","nm":"GABRIELA SANTOS","cc":"PTC","nv":" ","e":"n","st":"N\u00e3o eleito","dvt":"V\u00e1lido","vap":"3","pvap":"   0,02"},{"seq":"98","sqcand":"40000728211","n":"51001","nm":"JEFFERSON FONTES","cc":"PATRIOTA","nv":" ","e":"n","st":"N\u00e3o eleito","dvt":"V\u00e1lido","vap":"9","pvap":"   0,07"},{"seq":"50","sqcand":"40000656764","n":"10000","nm":"JANIO PEDROSA","cc":"REPUBLICANOS","nv":" ","e":"n","st":"Suplente","dvt":"V\u00e1lido","vap":"57","pvap":"   0,44"},{"seq":"78","sqcand":"40000879953","n":"11222","nm":"GABRIELA CUSTODIO","cc":"PP","nv":" ","e":"n","st":"Suplente","dvt":"V\u00e1lido","vap":"6","pvap":"   0,05"},{"seq":"57","sqcand":"40000879952","n":"11345","nm":"MARJORYE MOREIRA","cc":"PP","nv":" ","e":"n","st":"Suplente","dvt":"V\u00e1lido","vap":"39","pvap":"   0,30"},{"seq":"82","sqcand":"40001262567","n":"22888","nm":"LENE","cc":"PL","nv":" ","e":"n","st":"Suplente","dvt":"V\u00e1lido","vap":"1","pvap":"   0,01"},{"seq":"61","sqcand":"40000656768","n":"10122","nm":"CHIQUINHO DO SAMUELLY","cc":"REPUBLICANOS","nv":" ","e":"n","st":"Suplente","dvt":"V\u00e1lido","vap":"25","pvap":"   0,19"},{"seq":"79","sqcand":"40000746186","n":"15007","nm":"JONH","cc":"MDB","nv":" ","e":"n","st":"Suplente","dvt":"V\u00e1lido","vap":"6","pvap":"   0,05"},{"seq":"77","sqcand":"40000880275","n":"20234","nm":"PAULA SALES","cc":"PSC","nv":" ","e":"n","st":"Suplente","dvt":"V\u00e1lido","vap":"6","pvap":"   0,05"},{"seq":"100","sqcand":"40000728209","n":"51996","nm":"RAQUEL","cc":"PATRIOTA","nv":" ","e":"n","st":"N\u00e3o eleito","dvt":"V\u00e1lido","vap":"4","pvap":"   0,03"},{"seq":"9","sqcand":"40000656771","n":"10777","nm":"GRA\u00c7A MARTINS","cc":"REPUBLICANOS","nv":" ","e":"s","st":"Eleito","dvt":"V\u00e1lido","vap":"384","pvap":"   2,95"},{"seq":"24","sqcand":"40000692984","n":"55446","nm":"SILAS BRITO","cc":"PSD","nv":" ","e":"n","st":"Suplente","dvt":"V\u00e1lido","vap":"165","pvap":"   1,27"},{"seq":"12","sqcand":"40000728207","n":"45000","nm":"LUCAS CORREA","cc":"PSDB","nv":" ","e":"n","st":"Suplente","dvt":"V\u00e1lido","vap":"553","pvap":"   4,26"},{"seq":"76","sqcand":"40000727941","n":"22553","nm":"MARCIA REIS","cc":"PL","nv":" ","e":"n","st":"Suplente","dvt":"V\u00e1lido","vap":"6","pvap":"   0,05"},{"seq":"58","sqcand":"40000692970","n":"55331","nm":"IZETE ARA\u00daJO","cc":"PSD","nv":" ","e":"n","st":"Suplente","dvt":"V\u00e1lido","vap":"31","pvap":"   0,24"},{"seq":"65","sqcand":"40000879943","n":"11223","nm":"ANA CLAUDIA","cc":"PP","nv":" ","e":"n","st":"Suplente","dvt":"V\u00e1lido","vap":"21","pvap":"   0,16"},{"seq":"72","sqcand":"40000728206","n":"45222","nm":"SOCORRO CABRAL","cc":"PSDB","nv":" ","e":"n","st":"Suplente","dvt":"V\u00e1lido","vap":"15","pvap":"   0,12"},{"seq":"90","sqcand":"40000746125","n":"25111","nm":"CARMEM","cc":"DEM","nv":" ","e":"n","st":"N\u00e3o eleito","dvt":"V\u00e1lido","vap":"31","pvap":"   0,24"},{"seq":"96","sqcand":"40000727939","n":"17222","nm":"GRAZI","cc":"PSL","nv":" ","e":"n","st":"N\u00e3o eleito","dvt":"V\u00e1lido","vap":"11","pvap":"   0,08"},{"seq":"59","sqcand":"40000692986","n":"55789","nm":"LOIRA DO CAREIRO","cc":"PSD","nv":" ","e":"n","st":"Suplente","dvt":"V\u00e1lido","vap":"28","pvap":"   0,22"},{"seq":"1","sqcand":"40000728205","n":"45123","nm":"VALDEMIRO FALC\u00c3O","cc":"PSDB","nv":" ","e":"s","st":"Eleito","dvt":"V\u00e1lido","vap":"615","pvap":"   4,73"},{"seq":"22","sqcand":"40000692972","n":"55444","nm":"SILAS COSTA","cc":"PSD","nv":" ","e":"n","st":"Suplente","dvt":"V\u00e1lido","vap":"177","pvap":"   1,36"},{"seq":"69","sqcand":"40000880284","n":"20222","nm":"BELINHA","cc":"PSC","nv":" ","e":"n","st":"Suplente","dvt":"V\u00e1lido","vap":"17","pvap":"   0,13"},{"seq":"17","sqcand":"40000746182","n":"15678","nm":"DAYA","cc":"MDB","nv":" ","e":"n","st":"Suplente","dvt":"V\u00e1lido","vap":"212","pvap":"   1,63"},{"seq":"68","sqcand":"40000746184","n":"15244","nm":"GLEICIMARA","cc":"MDB","nv":" ","e":"n","st":"Suplente","dvt":"V\u00e1lido","vap":"17","pvap":"   0,13"},{"seq":"15","sqcand":"40000656773","n":"10555","nm":"UALLACY CORREA","cc":"REPUBLICANOS","nv":" ","e":"n","st":"Suplente","dvt":"V\u00e1lido","vap":"245","pvap":"   1,89"},{"seq":"2","sqcand":"40000656763","n":"10123","nm":"JACOB","cc":"REPUBLICANOS","nv":" ","e":"s","st":"Eleito","dvt":"V\u00e1lido","vap":"521","pvap":"   4,01"},{"seq":"49","sqcand":"40000880274","n":"20654","nm":"MADALENA","cc":"PSC","nv":" ","e":"n","st":"Suplente","dvt":"V\u00e1lido","vap":"57","pvap":"   0,44"},{"seq":"37","sqcand":"40000727947","n":"22007","nm":"MAGUILA","cc":"PL","nv":" ","e":"n","st":"Suplente","dvt":"V\u00e1lido","vap":"107","pvap":"   0,82"},{"seq":"83","sqcand":"40000746119","n":"25000","nm":"JADSON","cc":"DEM","nv":" ","e":"n","st":"N\u00e3o eleito","dvt":"V\u00e1lido","vap":"247","pvap":"   1,90"},{"seq":"87","sqcand":"40000746124","n":"25132","nm":"DANIEL CORREA","cc":"DEM","nv":" ","e":"n","st":"N\u00e3o eleito","dvt":"V\u00e1lido","vap":"81","pvap":"   0,62"},{"seq":"62","sqcand":"40000656774","n":"10234","nm":"PROFESSOR ALTAMIR","cc":"REPUBLICANOS","nv":" ","e":"n","st":"Suplente","dvt":"V\u00e1lido","vap":"24","pvap":"   0,18"},{"seq":"75","sqcand":"40000728204","n":"45223","nm":"GRACIETE","cc":"PSDB","nv":" ","e":"n","st":"Suplente","dvt":"V\u00e1lido","vap":"8","pvap":"   0,06"},{"seq":"23","sqcand":"40000879959","n":"11321","nm":"LEILA FRANCO","cc":"PP","nv":" ","e":"n","st":"Suplente","dvt":"V\u00e1lido","vap":"171","pvap":"   1,32"},{"seq":"70","sqcand":"40000880280","n":"20202","nm":"SAMUEL CORDEIRO","cc":"PSC","nv":" ","e":"n","st":"Suplente","dvt":"V\u00e1lido","vap":"17","pvap":"   0,13"},{"seq":"45","sqcand":"40000880281","n":"20777","nm":"GARCIA","cc":"PSC","nv":" ","e":"n","st":"Suplente","dvt":"V\u00e1lido","vap":"75","pvap":"   0,58"},{"seq":"92","sqcand":"40000728213","n":"51222","nm":"RAIMUNDO BOD\u00d3","cc":"PATRIOTA","nv":" ","e":"n","st":"N\u00e3o eleito","dvt":"V\u00e1lido","vap":"19","pvap":"   0,15"},{"seq":"81","sqcand":"40001266316","n":"10888","nm":"SIMARIA","cc":"REPUBLICANOS","nv":" ","e":"n","st":"Suplente","dvt":"V\u00e1lido","vap":"5","pvap":"   0,04"}]}
