{"ele":"426","tpabr":"mu","cdabr":"02194","carper":"13","t":"1","f":"o","dt":"15/11/2020","ht":"22:06:51","dv":"s","tf":"s","v":"11","esae":"n","mnae":"","s":"28","st":"28","pst":" 100,00","snt":"0","psnt":"   0,00","si":"28","psi":" 100,00","sni":"0","psni":"   0,00","sa":"28","psa":" 100,00","sna":"0","psna":"   0,00","e":"9238","ea":"9238","pea":" 100,00","ena":"0","pena":"   0,00","esi":"9238","pesi":" 100,00","esni":"0","pesni":"   0,00","c":"7441","pc":"  80,55","a":"1797","pa":"  19,45","vscv":"0","vnom":"6892","vl":"248","pvnom":"  96,53","pvl":"   3,47","vvc":"7140","pvvc":"  95,95","vb":"42","pvb":"   0,57","tvn":"259","ptvn":"   3,48","vn":"259","pvn":" 100,00","vnt":"0","pvnt":"   0,00","vp":"0","pvp":"   0,00","vv":"7140","pvv":" 100,00","van":"0","pvan":"   0,00","vansj":"0","pvansj":"   0,00","tv":"7441","cand":[{"seq":"23","sqcand":"40001130358","n":"22000","nm":"JOMISON COSTA","cc":"PL","nv":" ","e":"n","st":"Suplente","dvt":"V\u00e1lido","vap":"121","pvap":"   1,69"},{"seq":"43","sqcand":"40001130353","n":"22300","nm":"JULIANA","cc":"PL","nv":" ","e":"n","st":"Suplente","dvt":"V\u00e1lido","vap":"4","pvap":"   0,06"},{"seq":"15","sqcand":"40001130351","n":"22999","nm":"ANA GREICY","cc":"PL","nv":" ","e":"n","st":"Suplente","dvt":"V\u00e1lido","vap":"208","pvap":"   2,91"},{"seq":"10","sqcand":"40001225684","n":"45555","nm":"ALEX PAIX\u00c3O","cc":"PSDB","nv":" ","e":"s","st":"Eleito","dvt":"V\u00e1lido","vap":"262","pvap":"   3,67"},{"seq":"31","sqcand":"40001225676","n":"45678","nm":"C\u00c9LIO DO NAZAR\u00c9","cc":"PSDB","nv":" ","e":"n","st":"Suplente","dvt":"V\u00e1lido","vap":"30","pvap":"   0,42"},{"seq":"50","sqcand":"40001225683","n":"45145","nm":"JOSE EROILTON","cc":"PSDB","nv":" ","e":"n","st":"Suplente","dvt":"V\u00e1lido","vap":"1","pvap":"   0,01"},{"seq":"16","sqcand":"40001130362","n":"22333","nm":"LEO DA SAUDE","cc":"PL","nv":" ","e":"n","st":"Suplente","dvt":"V\u00e1lido","vap":"179","pvap":"   2,51"},{"seq":"21","sqcand":"40000879942","n":"15222","nm":"MARQUINHOS","cc":"MDB","nv":" ","e":"n","st":"Suplente","dvt":"V\u00e1lido","vap":"139","pvap":"   1,95"},{"seq":"24","sqcand":"40000879287","n":"10999","nm":"IVAN","cc":"REPUBLICANOS","nv":" ","e":"n","st":"Suplente","dvt":"V\u00e1lido","vap":"93","pvap":"   1,30"},{"seq":"33","sqcand":"40001225680","n":"45333","nm":"PELADO","cc":"PSDB","nv":" ","e":"n","st":"Suplente","dvt":"V\u00e1lido","vap":"16","pvap":"   0,22"},{"seq":"26","sqcand":"40000879293","n":"10222","nm":"JANIO QUADROS","cc":"REPUBLICANOS","nv":" ","e":"n","st":"Suplente","dvt":"V\u00e1lido","vap":"81","pvap":"   1,13"},{"seq":"13","sqcand":"40001130361","n":"22369","nm":"MARX GOMES","cc":"PL","nv":" ","e":"n","st":"Suplente","dvt":"V\u00e1lido","vap":"280","pvap":"   3,92"},{"seq":"38","sqcand":"40001225679","n":"45111","nm":"ANA MARTINS","cc":"PSDB","nv":" ","e":"n","st":"Suplente","dvt":"V\u00e1lido","vap":"9","pvap":"   0,13"},{"seq":"14","sqcand":"40001130355","n":"22777","nm":"Z\u00c9 PELADO","cc":"PL","nv":" ","e":"n","st":"Suplente","dvt":"V\u00e1lido","vap":"258","pvap":"   3,61"},{"seq":"29","sqcand":"40001225681","n":"45123","nm":"SADY NOGUEIRA","cc":"PSDB","nv":" ","e":"n","st":"Suplente","dvt":"V\u00e1lido","vap":"34","pvap":"   0,48"},{"seq":"17","sqcand":"40000879937","n":"15000","nm":"FABIO SALDANHA","cc":"MDB","nv":" ","e":"n","st":"Suplente","dvt":"V\u00e1lido","vap":"172","pvap":"   2,41"},{"seq":"52","sqcand":"40000751780","n":"11222","nm":"ELIZEU DO FORTE VENEZA","cc":"PP","nv":" ","e":"n","st":"N\u00e3o eleito","dvt":"V\u00e1lido","vap":"88","pvap":"   1,23"},{"seq":"49","sqcand":"40000879288","n":"10456","nm":"DANIELLE DO ACACIO","cc":"REPUBLICANOS","nv":" ","e":"n","st":"Suplente","dvt":"V\u00e1lido","vap":"2","pvap":"   0,03"},{"seq":"7","sqcand":"40000879294","n":"10333","nm":"LEONARDO ALVES","cc":"REPUBLICANOS","nv":" ","e":"s","st":"Eleito","dvt":"V\u00e1lido","vap":"324","pvap":"   4,54"},{"seq":"54","sqcand":"40000751779","n":"11555","nm":"MARLY DO BELO MONTE","cc":"PP","nv":" ","e":"n","st":"N\u00e3o eleito","dvt":"V\u00e1lido","vap":"60","pvap":"   0,84"},{"seq":"8","sqcand":"40001130357","n":"22222","nm":"JOELIA ALMEIDA","cc":"PL","nv":" ","e":"s","st":"Eleito","dvt":"V\u00e1lido","vap":"321","pvap":"   4,50"},{"seq":"12","sqcand":"40000879282","n":"10000","nm":"VALTEMAR","cc":"REPUBLICANOS","nv":" ","e":"n","st":"Suplente","dvt":"V\u00e1lido","vap":"290","pvap":"   4,06"},{"seq":"35","sqcand":"40000879939","n":"15333","nm":"JOSE RAIMUNDO","cc":"MDB","nv":" ","e":"n","st":"Suplente","dvt":"V\u00e1lido","vap":"12","pvap":"   0,17"},{"seq":"41","sqcand":"40000879933","n":"15444","nm":"NETO PINTOR","cc":"MDB","nv":" ","e":"n","st":"Suplente","dvt":"V\u00e1lido","vap":"6","pvap":"   0,08"},{"seq":"32","sqcand":"40000879286","n":"10444","nm":"MANEUZINHO","cc":"REPUBLICANOS","nv":" ","e":"n","st":"Suplente","dvt":"V\u00e1lido","vap":"22","pvap":"   0,31"},{"seq":"18","sqcand":"40000879291","n":"10111","nm":"PARTOR DANIEL","cc":"REPUBLICANOS","nv":" ","e":"n","st":"Suplente","dvt":"V\u00e1lido","vap":"166","pvap":"   2,32"},{"seq":"11","sqcand":"40000879935","n":"15555","nm":"CHAGAS ABACABA","cc":"MDB","nv":" ","e":"s","st":"Eleito","dvt":"V\u00e1lido","vap":"257","pvap":"   3,60"},{"seq":"22","sqcand":"40000879934","n":"15456","nm":"RAIMUNDINHO AMORIM","cc":"MDB","nv":" ","e":"n","st":"Suplente","dvt":"V\u00e1lido","vap":"122","pvap":"   1,71"},{"seq":"2","sqcand":"40001130359","n":"22123","nm":"MARLETE BRAND\u00c3O","cc":"PL","nv":" ","e":"s","st":"Eleito","dvt":"V\u00e1lido","vap":"423","pvap":"   5,92"},{"seq":"42","sqcand":"40000879284","n":"10101","nm":"GENICE LIMA","cc":"REPUBLICANOS","nv":" ","e":"n","st":"Suplente","dvt":"V\u00e1lido","vap":"5","pvap":"   0,07"},{"seq":"53","sqcand":"40000751781","n":"11111","nm":"LEO DO AVIAO","cc":"PP","nv":" ","e":"n","st":"N\u00e3o eleito","dvt":"V\u00e1lido","vap":"69","pvap":"   0,97"},{"seq":"39","sqcand":"40001225677","n":"45999","nm":"MARINETE SOUSA","cc":"PSDB","nv":" ","e":"n","st":"Suplente","dvt":"V\u00e1lido","vap":"8","pvap":"   0,11"},{"seq":"34","sqcand":"40001225687","n":"45444","nm":"NATALICE","cc":"PSDB","nv":" ","e":"n","st":"Suplente","dvt":"V\u00e1lido","vap":"13","pvap":"   0,18"},{"seq":"5","sqcand":"40000879285","n":"10123","nm":"OZIEL NASCIMENTO","cc":"REPUBLICANOS","nv":" ","e":"s","st":"Eleito","dvt":"V\u00e1lido","vap":"348","pvap":"   4,87"},{"seq":"37","sqcand":"40000879283","n":"10345","nm":"MARIA DO SENNA","cc":"REPUBLICANOS","nv":" ","e":"n","st":"Suplente","dvt":"V\u00e1lido","vap":"10","pvap":"   0,14"},{"seq":"3","sqcand":"40001130360","n":"22555","nm":"SEBASTIAO AMARO","cc":"PL","nv":" ","e":"s","st":"Eleito","dvt":"V\u00e1lido","vap":"394","pvap":"   5,52"},{"seq":"36","sqcand":"40001225686","n":"45666","nm":"MARINETE DA AGRICULTURA","cc":"PSDB","nv":" ","e":"n","st":"Suplente","dvt":"V\u00e1lido","vap":"10","pvap":"   0,14"},{"seq":"25","sqcand":"40001130354","n":"22111","nm":"GEOVANE DO PALIO","cc":"PL","nv":" ","e":"n","st":"Suplente","dvt":"V\u00e1lido","vap":"88","pvap":"   1,23"},{"seq":"4","sqcand":"40000879936","n":"15123","nm":"MARIA DO TEIXEIRINHA","cc":"MDB","nv":" ","e":"s","st":"Eleito","dvt":"V\u00e1lido","vap":"391","pvap":"   5,48"},{"seq":"47","sqcand":"40000879941","n":"15111","nm":"LUCENY","cc":"MDB","nv":" ","e":"n","st":"Suplente","dvt":"V\u00e1lido","vap":"2","pvap":"   0,03"},{"seq":"30","sqcand":"40001225675","n":"45888","nm":"NONATO","cc":"PSDB","nv":" ","e":"n","st":"Suplente","dvt":"V\u00e1lido","vap":"30","pvap":"   0,42"},{"seq":"48","sqcand":"40000879289","n":"10777","nm":"SOCORRINHA INACIO","cc":"REPUBLICANOS","nv":" ","e":"n","st":"Suplente","dvt":"V\u00e1lido","vap":"2","pvap":"   0,03"},{"seq":"1","sqcand":"40000879290","n":"10888","nm":"ZE LUIS","cc":"REPUBLICANOS","nv":" ","e":"s","st":"Eleito","dvt":"V\u00e1lido","vap":"509","pvap":"   7,13"},{"seq":"45","sqcand":"40000879938","n":"15666","nm":"NEGO CASTRO","cc":"MDB","nv":" ","e":"n","st":"Suplente","dvt":"V\u00e1lido","vap":"3","pvap":"   0,04"},{"seq":"28","sqcand":"40000879292","n":"10580","nm":"MARIA RAIMUNDA","cc":"REPUBLICANOS","nv":" ","e":"n","st":"Suplente","dvt":"V\u00e1lido","vap":"39","pvap":"   0,55"},{"seq":"9","sqcand":"40001130356","n":"22345","nm":"MACAXEIRA","cc":"PL","nv":" ","e":"s","st":"Eleito","dvt":"V\u00e1lido","vap":"288","pvap":"   4,03"},{"seq":"6","sqcand":"40001130352","n":"22444","nm":"RAIMUNDO NUNES","cc":"PL","nv":" ","e":"s","st":"Eleito","dvt":"V\u00e1lido","vap":"343","pvap":"   4,80"},{"seq":"44","sqcand":"40001267839","n":"45007","nm":"TAPIOCA","cc":"PSDB","nv":" ","e":"n","st":"Suplente","dvt":"V\u00e1lido","vap":"3","pvap":"   0,04"},{"seq":"40","sqcand":"40001225682","n":"45000","nm":"ALEM\u00c3O","cc":"PSDB","nv":" ","e":"n","st":"Suplente","dvt":"V\u00e1lido","vap":"7","pvap":"   0,10"},{"seq":"27","sqcand":"40001225674","n":"45321","nm":"SEBASTI\u00c3O V\u00cdRGILIO","cc":"PSDB","nv":" ","e":"n","st":"Suplente","dvt":"V\u00e1lido","vap":"41","pvap":"   0,57"},{"seq":"46","sqcand":"40000879940","n":"15777","nm":"JOMARINA","cc":"MDB","nv":" ","e":"n","st":"Suplente","dvt":"V\u00e1lido","vap":"3","pvap":"   0,04"},{"seq":"51","sqcand":"40001225685","n":"45661","nm":"ROMAGNA","cc":"PSDB","nv":" ","e":"n","st":"Suplente","dvt":"V\u00e1lido","vap":"0","pvap":"00.00"},{"seq":"19","sqcand":"40000879281","n":"10555","nm":"NETO CARAPU\u00c7A","cc":"REPUBLICANOS","nv":" ","e":"n","st":"Suplente","dvt":"V\u00e1lido","vap":"156","pvap":"   2,18"},{"seq":"20","sqcand":"40001225678","n":"45319","nm":"GUILHERME PALMEIRO","cc":"PSDB","nv":" ","e":"n","st":"Suplente","dvt":"V\u00e1lido","vap":"150","pvap":"   2,10"}]}
