{"ele":"426","tpabr":"mu","cdabr":"02275","carper":"13","t":"1","f":"o","dt":"15/11/2020","ht":"21:16:02","dv":"s","tf":"s","v":"11","esae":"n","mnae":"","s":"46","st":"46","pst":" 100,00","snt":"0","psnt":"   0,00","si":"46","psi":" 100,00","sni":"0","psni":"   0,00","sa":"46","psa":" 100,00","sna":"0","psna":"   0,00","e":"15680","ea":"15680","pea":" 100,00","ena":"0","pena":"   0,00","esi":"15680","pesi":" 100,00","esni":"0","pesni":"   0,00","c":"12572","pc":"  80,18","a":"3108","pa":"  19,82","vscv":"0","vnom":"11460","vl":"413","pvnom":"  96,52","pvl":"   3,48","vvc":"12185","pvvc":"  96,92","vb":"52","pvb":"   0,42","tvn":"335","ptvn":"   2,66","vn":"335","pvn":" 100,00","vnt":"0","pvnt":"   0,00","vp":"0","pvp":"   0,00","vv":"11873","pvv":"  97,44","van":"0","pvan":"   0,00","vansj":"312","pvansj":"   2,56","tv":"12572","cand":[{"seq":"10","sqcand":"40001137082","n":"11000","nm":"ELINHO","cc":"PP","nv":" ","e":"s","st":"Eleito","dvt":"V\u00e1lido","vap":"370","pvap":"   3,04"},{"seq":"71","sqcand":"40001219983","n":"45123","nm":"DINA OLIVEIRA","cc":"PSDB","nv":" ","e":"n","st":"N\u00e3o eleito","dvt":"V\u00e1lido","vap":"45","pvap":"   0,37"},{"seq":"2","sqcand":"40001110717","n":"10456","nm":"NENEM DA LOTERIA","cc":"REPUBLICANOS","nv":" ","e":"s","st":"Eleito","dvt":"V\u00e1lido","vap":"630","pvap":"   5,17"},{"seq":"65","sqcand":"40001110719","n":"10666","nm":"VANEIA","cc":"REPUBLICANOS","nv":" ","e":"n","st":"Suplente","dvt":"V\u00e1lido","vap":"3","pvap":"   0,02"},{"seq":"63","sqcand":"40000828304","n":"15555","nm":"APRIGINHO","cc":"MDB","nv":" ","e":"n","st":"Suplente","dvt":"V\u00e1lido","vap":"4","pvap":"   0,03"},{"seq":"42","sqcand":"40001139394","n":"27333","nm":"SOCORRO","cc":"DC","nv":" ","e":"n","st":"Suplente","dvt":"V\u00e1lido","vap":"46","pvap":"   0,38"},{"seq":"58","sqcand":"40001137079","n":"11456","nm":"ANDREZA","cc":"PP","nv":" ","e":"n","st":"Suplente","dvt":"V\u00e1lido","vap":"11","pvap":"   0,09"},{"seq":"37","sqcand":"40001117560","n":"70123","nm":"MIRIAM PINHEIRO","cc":"AVANTE","nv":" ","e":"n","st":"Suplente","dvt":"V\u00e1lido","vap":"79","pvap":"   0,65"},{"seq":"20","sqcand":"40001110713","n":"10123","nm":"SISI","cc":"REPUBLICANOS","nv":" ","e":"n","st":"Suplente","dvt":"V\u00e1lido","vap":"243","pvap":"   1,99"},{"seq":"38","sqcand":"40001137076","n":"11888","nm":"DEIDIONE","cc":"PP","nv":" ","e":"n","st":"Suplente","dvt":"V\u00e1lido","vap":"69","pvap":"   0,57"},{"seq":"47","sqcand":"40000828309","n":"15333","nm":"NEIMAR","cc":"MDB","nv":" ","e":"n","st":"Suplente","dvt":"V\u00e1lido","vap":"30","pvap":"   0,25"},{"seq":"67","sqcand":"40001263023","n":"10112","nm":"DORYS","cc":"REPUBLICANOS","nv":" ","e":"n","st":"Suplente","dvt":"V\u00e1lido","vap":"1","pvap":"   0,01"},{"seq":"7","sqcand":"40001110720","n":"10000","nm":"SILVIO MARQUES","cc":"REPUBLICANOS","nv":" ","e":"s","st":"Eleito","dvt":"V\u00e1lido","vap":"435","pvap":"   3,57"},{"seq":"31","sqcand":"40000828302","n":"15999","nm":"PRISCILA BASTOS","cc":"MDB","nv":" ","e":"n","st":"Suplente","dvt":"V\u00e1lido","vap":"129","pvap":"   1,06"},{"seq":"25","sqcand":"40000648817","n":"90333","nm":"CARLINHOS MAIA","cc":"PROS","nv":" ","e":"n","st":"Suplente","dvt":"V\u00e1lido","vap":"200","pvap":"   1,64"},{"seq":"15","sqcand":"40000828305","n":"15444","nm":"NARACI BASTOS","cc":"MDB","nv":" ","e":"n","st":"Suplente","dvt":"V\u00e1lido","vap":"311","pvap":"   2,55"},{"seq":"4","sqcand":"40000648823","n":"90222","nm":"BETINHO","cc":"PROS","nv":" ","e":"s","st":"Eleito","dvt":"V\u00e1lido","vap":"504","pvap":"   4,14"},{"seq":"56","sqcand":"40001117557","n":"70234","nm":"TIA ELI","cc":"AVANTE","nv":" ","e":"n","st":"Suplente","dvt":"V\u00e1lido","vap":"11","pvap":"   0,09"},{"seq":"55","sqcand":"40000648822","n":"90555","nm":"MARIA DINACIR","cc":"PROS","nv":" ","e":"n","st":"Suplente","dvt":"V\u00e1lido","vap":"11","pvap":"   0,09"},{"seq":"49","sqcand":"40001117555","n":"70777","nm":"DAVI DUTRA","cc":"AVANTE","nv":" ","e":"n","st":"Suplente","dvt":"V\u00e1lido","vap":"27","pvap":"   0,22"},{"seq":"16","sqcand":"40001110721","n":"10555","nm":"MARINALDO BARROSO","cc":"REPUBLICANOS","nv":" ","e":"n","st":"Suplente","dvt":"V\u00e1lido","vap":"305","pvap":"   2,50"},{"seq":"6","sqcand":"40001139393","n":"27777","nm":"H\u00c9LITO MACIEL","cc":"DC","nv":" ","e":"s","st":"Eleito","dvt":"V\u00e1lido","vap":"483","pvap":"   3,96"},{"seq":"21","sqcand":"40000828306","n":"15222","nm":"PAULO SILVA","cc":"MDB","nv":" ","e":"n","st":"Suplente","dvt":"V\u00e1lido","vap":"234","pvap":"   1,92"},{"seq":"5","sqcand":"40000828307","n":"15123","nm":"ZENEIDE","cc":"MDB","nv":" ","e":"s","st":"Eleito","dvt":"V\u00e1lido","vap":"488","pvap":"   4,00"},{"seq":"8","sqcand":"40001110715","n":"10234","nm":"VANDERLEY","cc":"REPUBLICANOS","nv":" ","e":"s","st":"Eleito","dvt":"V\u00e1lido","vap":"434","pvap":"   3,56"},{"seq":"19","sqcand":"40000648814","n":"90234","nm":"CHIBA AGUA","cc":"PROS","nv":" ","e":"n","st":"Suplente","dvt":"V\u00e1lido","vap":"248","pvap":"   2,04"},{"seq":"45","sqcand":"40000648824","n":"90144","nm":"FRANCISCO ARAUJO","cc":"PROS","nv":" ","e":"n","st":"Suplente","dvt":"V\u00e1lido","vap":"33","pvap":"   0,27"},{"seq":"62","sqcand":"40001137080","n":"11666","nm":"OZANA","cc":"PP","nv":" ","e":"n","st":"Suplente","dvt":"V\u00e1lido","vap":"4","pvap":"   0,03"},{"seq":"3","sqcand":"40000966608","n":"17000","nm":"ALINE DAIANE","cc":"PSL","nv":" ","e":"s","st":"Eleito","dvt":"V\u00e1lido","vap":"608","pvap":"   4,99"},{"seq":"36","sqcand":"40001137085","n":"11123","nm":"JOEL MOTA","cc":"PP","nv":" ","e":"n","st":"Suplente","dvt":"V\u00e1lido","vap":"91","pvap":"   0,75"},{"seq":"54","sqcand":"40000966614","n":"17321","nm":"IZABELA ARAUJO","cc":"PSL","nv":" ","e":"n","st":"Suplente","dvt":"V\u00e1lido","vap":"14","pvap":"   0,11"},{"seq":"69","sqcand":"40001110716","n":"10777","nm":"JUCINEIDE","cc":"REPUBLICANOS","nv":" ","e":"n","st":"Suplente","dvt":"V\u00e1lido","vap":"0","pvap":"00.00"},{"seq":"22","sqcand":"40000966616","n":"17456","nm":"EDILSON COSTA","cc":"PSL","nv":" ","e":"n","st":"Suplente","dvt":"V\u00e1lido","vap":"215","pvap":"   1,76"},{"seq":"39","sqcand":"40001110712","n":"10222","nm":"BARBARA SOARES","cc":"REPUBLICANOS","nv":" ","e":"n","st":"Suplente","dvt":"V\u00e1lido","vap":"69","pvap":"   0,57"},{"seq":"18","sqcand":"40000966607","n":"17777","nm":"SERGILDO CARVALHO","cc":"PSL","nv":" ","e":"n","st":"Suplente","dvt":"V\u00e1lido","vap":"254","pvap":"   2,08"},{"seq":"9","sqcand":"40001117556","n":"70222","nm":"NICOLE KATLLEN","cc":"AVANTE","nv":" ","e":"s","st":"Eleito","dvt":"V\u00e1lido","vap":"383","pvap":"   3,14"},{"seq":"23","sqcand":"40001117558","n":"70000","nm":"SAMUEL DE MORAIS PEREIRA","cc":"AVANTE","nv":" ","e":"n","st":"Suplente","dvt":"V\u00e1lido","vap":"212","pvap":"   1,74"},{"seq":"52","sqcand":"40001137084","n":"11567","nm":"LUANA BARROSO","cc":"PP","nv":" ","e":"n","st":"Suplente","dvt":"V\u00e1lido","vap":"23","pvap":"   0,19"},{"seq":"24","sqcand":"40001117554","n":"70456","nm":"CHRISTIANO SILVA","cc":"AVANTE","nv":" ","e":"n","st":"Suplente","dvt":"V\u00e1lido","vap":"203","pvap":"   1,67"},{"seq":"53","sqcand":"40000966609","n":"17333","nm":"JESSICA ROCHA","cc":"PSL","nv":" ","e":"n","st":"Suplente","dvt":"V\u00e1lido","vap":"16","pvap":"   0,13"},{"seq":"27","sqcand":"40001110718","n":"10333","nm":"MARIO FERNANDES","cc":"REPUBLICANOS","nv":" ","e":"n","st":"Suplente","dvt":"V\u00e1lido","vap":"137","pvap":"   1,12"},{"seq":"57","sqcand":"40001137081","n":"11444","nm":"BUCHO","cc":"PP","nv":" ","e":"n","st":"Suplente","dvt":"V\u00e1lido","vap":"11","pvap":"   0,09"},{"seq":"60","sqcand":"40000828303","n":"15456","nm":"ELZA PRESTES","cc":"MDB","nv":" ","e":"n","st":"Suplente","dvt":"V\u00e1lido","vap":"6","pvap":"   0,05"},{"seq":"35","sqcand":"40001139392","n":"27555","nm":"LUZIMAURO SOPA","cc":"DC","nv":" ","e":"n","st":"Suplente","dvt":"V\u00e1lido","vap":"99","pvap":"   0,81"},{"seq":"73","sqcand":"40001274934","n":"45678","nm":"ZE MOTOQUEIRO","cc":"PSDB","nv":" ","e":"n","st":"N\u00e3o eleito","dvt":"V\u00e1lido","vap":"0","pvap":"00.00"},{"seq":"11","sqcand":"40000648821","n":"90456","nm":"MARIA CRISPIM","cc":"PROS","nv":" ","e":"s","st":"Eleito","dvt":"V\u00e1lido","vap":"330","pvap":"   2,71"},{"seq":"70","sqcand":"40001137078","n":"11555","nm":"RAUCIELE","cc":"PP","nv":" ","e":"n","st":"N\u00e3o eleito","dvt":"Anulado sub judice","vap":"312","pvap":"   2,56"},{"seq":"68","sqcand":"40001139397","n":"27444","nm":"CARLOS MENDES","cc":"DC","nv":" ","e":"n","st":"Suplente","dvt":"V\u00e1lido","vap":"0","pvap":"00.00"},{"seq":"72","sqcand":"40001219981","n":"45000","nm":"HELLEN CUNHA","cc":"PSDB","nv":" ","e":"n","st":"N\u00e3o eleito","dvt":"V\u00e1lido","vap":"2","pvap":"   0,02"},{"seq":"1","sqcand":"40000648819","n":"90000","nm":"EVANDRO FEITOSA","cc":"PROS","nv":" ","e":"s","st":"Eleito","dvt":"V\u00e1lido","vap":"754","pvap":"   6,19"},{"seq":"28","sqcand":"40000648813","n":"90123","nm":"CARLOS PINHEIRO","cc":"PROS","nv":" ","e":"n","st":"Suplente","dvt":"V\u00e1lido","vap":"136","pvap":"   1,12"},{"seq":"32","sqcand":"40001137086","n":"11333","nm":"JANDERSON","cc":"PP","nv":" ","e":"n","st":"Suplente","dvt":"V\u00e1lido","vap":"129","pvap":"   1,06"},{"seq":"29","sqcand":"40000966610","n":"17123","nm":"NELSON RIBEIRO","cc":"PSL","nv":" ","e":"n","st":"Suplente","dvt":"V\u00e1lido","vap":"133","pvap":"   1,09"},{"seq":"13","sqcand":"40000828308","n":"15234","nm":"VAV\u00c1","cc":"MDB","nv":" ","e":"n","st":"Suplente","dvt":"V\u00e1lido","vap":"351","pvap":"   2,88"},{"seq":"66","sqcand":"40001137077","n":"11345","nm":"HILEIA OLIVEIRA","cc":"PP","nv":" ","e":"n","st":"Suplente","dvt":"V\u00e1lido","vap":"2","pvap":"   0,02"},{"seq":"40","sqcand":"40001137075","n":"11234","nm":"LEANDRO","cc":"PP","nv":" ","e":"n","st":"Suplente","dvt":"V\u00e1lido","vap":"67","pvap":"   0,55"},{"seq":"50","sqcand":"40000966615","n":"17444","nm":"MARCIANA DO MUCHANGA","cc":"PSL","nv":" ","e":"n","st":"Suplente","dvt":"V\u00e1lido","vap":"23","pvap":"   0,19"},{"seq":"26","sqcand":"40000648816","n":"90111","nm":"P\u00c9 DE FERRO","cc":"PROS","nv":" ","e":"n","st":"Suplente","dvt":"V\u00e1lido","vap":"165","pvap":"   1,35"},{"seq":"12","sqcand":"40001110722","n":"10789","nm":"JOEBE ANDRADE","cc":"REPUBLICANOS","nv":" ","e":"n","st":"Suplente","dvt":"V\u00e1lido","vap":"433","pvap":"   3,55"},{"seq":"17","sqcand":"40001137083","n":"11222","nm":"CHIQUINHO","cc":"PP","nv":" ","e":"n","st":"Suplente","dvt":"V\u00e1lido","vap":"288","pvap":"   2,36"},{"seq":"14","sqcand":"40000648820","n":"90444","nm":"PALINHA","cc":"PROS","nv":" ","e":"n","st":"Suplente","dvt":"V\u00e1lido","vap":"321","pvap":"   2,63"},{"seq":"64","sqcand":"40000648818","n":"90090","nm":"EDSANDRA PANTOJA","cc":"PROS","nv":" ","e":"n","st":"Suplente","dvt":"V\u00e1lido","vap":"3","pvap":"   0,02"},{"seq":"59","sqcand":"40000966606","n":"17555","nm":"ADRIANO ALVES","cc":"PSL","nv":" ","e":"n","st":"Suplente","dvt":"V\u00e1lido","vap":"9","pvap":"   0,07"},{"seq":"61","sqcand":"40001117553","n":"70345","nm":"ALBERLY","cc":"AVANTE","nv":" ","e":"n","st":"Suplente","dvt":"V\u00e1lido","vap":"4","pvap":"   0,03"},{"seq":"43","sqcand":"40001139391","n":"27123","nm":"PASTOR IZAQUE","cc":"DC","nv":" ","e":"n","st":"Suplente","dvt":"V\u00e1lido","vap":"45","pvap":"   0,37"},{"seq":"46","sqcand":"40000966611","n":"17111","nm":"FLAVIANO MAGNO","cc":"PSL","nv":" ","e":"n","st":"Suplente","dvt":"V\u00e1lido","vap":"30","pvap":"   0,25"},{"seq":"30","sqcand":"40001139395","n":"27000","nm":"NETE NORONHA","cc":"DC","nv":" ","e":"n","st":"Suplente","dvt":"V\u00e1lido","vap":"130","pvap":"   1,07"},{"seq":"44","sqcand":"40001117559","n":"70111","nm":"ELTON LOPES","cc":"AVANTE","nv":" ","e":"n","st":"Suplente","dvt":"V\u00e1lido","vap":"36","pvap":"   0,30"},{"seq":"34","sqcand":"40001137087","n":"11111","nm":"CAPIT\u00c3O GERSON","cc":"PP","nv":" ","e":"n","st":"Suplente","dvt":"V\u00e1lido","vap":"111","pvap":"   0,91"},{"seq":"51","sqcand":"40001139396","n":"27789","nm":"JESSICA EDWARDS","cc":"DC","nv":" ","e":"n","st":"Suplente","dvt":"V\u00e1lido","vap":"23","pvap":"   0,19"},{"seq":"33","sqcand":"40001137073","n":"11777","nm":"SALIM","cc":"PP","nv":" ","e":"n","st":"Suplente","dvt":"V\u00e1lido","vap":"124","pvap":"   1,02"},{"seq":"48","sqcand":"40001137074","n":"11678","nm":"DANE PERES","cc":"PP","nv":" ","e":"n","st":"Suplente","dvt":"V\u00e1lido","vap":"28","pvap":"   0,23"},{"seq":"41","sqcand":"40000648815","n":"90777","nm":"LUCIMAR","cc":"PROS","nv":" ","e":"n","st":"Suplente","dvt":"V\u00e1lido","vap":"54","pvap":"   0,44"}]}
