{"ele":"426","tpabr":"mu","cdabr":"02356","carper":"13","t":"1","f":"o","dt":"15/11/2020","ht":"22:14:36","dv":"s","tf":"s","v":"15","esae":"n","mnae":"","s":"90","st":"90","pst":" 100,00","snt":"0","psnt":"   0,00","si":"90","psi":" 100,00","sni":"0","psni":"   0,00","sa":"90","psa":" 100,00","sna":"0","psna":"   0,00","e":"31604","ea":"31604","pea":" 100,00","ena":"0","pena":"   0,00","esi":"31604","pesi":" 100,00","esni":"0","pesni":"   0,00","c":"24800","pc":"  78,47","a":"6804","pa":"  21,53","vscv":"0","vnom":"21947","vl":"1125","pvnom":"  95,12","pvl":"   4,88","vvc":"24097","pvvc":"  97,17","vb":"257","pvb":"   1,03","tvn":"446","ptvn":"   1,80","vn":"446","pvn":" 100,00","vnt":"0","pvnt":"   0,00","vp":"0","pvp":"   0,00","vv":"23072","pvv":"  95,75","van":"0","pvan":"   0,00","vansj":"1025","pvansj":"   4,25","tv":"24800","cand":[{"seq":"106","sqcand":"40001250999","n":"51234","nm":"WELTON SOARES","cc":"PATRIOTA","nv":" ","e":"n","st":"N\u00e3o eleito","dvt":"V\u00e1lido","vap":"74","pvap":"   0,31"},{"seq":"3","sqcand":"40001250564","n":"22222","nm":"VALDEIR MALTA","cc":"PL","nv":" ","e":"s","st":"Eleito","dvt":"V\u00e1lido","vap":"907","pvap":"   3,76"},{"seq":"17","sqcand":"40001249516","n":"40222","nm":"RUSSELL LELLO","cc":"PSB","nv":" ","e":"n","st":"Suplente","dvt":"V\u00e1lido","vap":"489","pvap":"   2,03"},{"seq":"76","sqcand":"40001250945","n":"10234","nm":"ROSA BRAGA","cc":"REPUBLICANOS","nv":" ","e":"n","st":"Suplente","dvt":"V\u00e1lido","vap":"23","pvap":"   0,10"},{"seq":"23","sqcand":"40001251162","n":"11122","nm":"SAPO DA PEIXARIA","cc":"PP","nv":" ","e":"n","st":"Suplente","dvt":"V\u00e1lido","vap":"285","pvap":"   1,18"},{"seq":"55","sqcand":"40001249523","n":"40133","nm":"PROFESSORA MARIA LUIZA","cc":"PSB","nv":" ","e":"n","st":"Suplente","dvt":"V\u00e1lido","vap":"68","pvap":"   0,28"},{"seq":"69","sqcand":"40001250936","n":"10120","nm":"NATO LIMA","cc":"REPUBLICANOS","nv":" ","e":"n","st":"Suplente","dvt":"V\u00e1lido","vap":"39","pvap":"   0,16"},{"seq":"119","sqcand":"40001248227","n":"50113","nm":"RIBAMAR DA FUNDA\u00c7\u00c3O","cc":"PSOL","nv":" ","e":"n","st":"N\u00e3o eleito","dvt":"V\u00e1lido","vap":"34","pvap":"   0,14"},{"seq":"80","sqcand":"40001250949","n":"10435","nm":"BENEDITA ROBERTO","cc":"REPUBLICANOS","nv":" ","e":"n","st":"Suplente","dvt":"V\u00e1lido","vap":"18","pvap":"   0,07"},{"seq":"67","sqcand":"40001250940","n":"10100","nm":"IRMA AUXILIADORA","cc":"REPUBLICANOS","nv":" ","e":"n","st":"Suplente","dvt":"V\u00e1lido","vap":"45","pvap":"   0,19"},{"seq":"6","sqcand":"40001249522","n":"40111","nm":"MANOEL DOMINGOS","cc":"PSB","nv":" ","e":"s","st":"Eleito","dvt":"V\u00e1lido","vap":"711","pvap":"   2,95"},{"seq":"112","sqcand":"40001251324","n":"15102","nm":"DOMINGOS PACU","cc":"MDB","nv":" ","e":"n","st":"N\u00e3o eleito","dvt":"V\u00e1lido","vap":"50","pvap":"   0,21"},{"seq":"33","sqcand":"40001249303","n":"20789","nm":"TELMA DO JUCA","cc":"PSC","nv":" ","e":"n","st":"Suplente","dvt":"V\u00e1lido","vap":"201","pvap":"   0,83"},{"seq":"21","sqcand":"40001250569","n":"22456","nm":"RICA JUNIOR","cc":"PL","nv":" ","e":"n","st":"Suplente","dvt":"V\u00e1lido","vap":"352","pvap":"   1,46"},{"seq":"151","sqcand":"40001251305","n":"13111","nm":"AUREO NEVES","cc":"PT","nv":" ","e":"n","st":"N\u00e3o eleito","dvt":"V\u00e1lido","vap":"0","pvap":"00.00"},{"seq":"149","sqcand":"40001250092","n":"36444","nm":"DAURO ARAUJO","cc":"PTC","nv":" ","e":"n","st":"N\u00e3o eleito","dvt":"V\u00e1lido","vap":"1","pvap":"   0,00"},{"seq":"129","sqcand":"40001251323","n":"15556","nm":"DINHO ARTES","cc":"MDB","nv":" ","e":"n","st":"N\u00e3o eleito","dvt":"V\u00e1lido","vap":"17","pvap":"   0,07"},{"seq":"133","sqcand":"40001250096","n":"36777","nm":"CALANGO","cc":"PTC","nv":" ","e":"n","st":"N\u00e3o eleito","dvt":"V\u00e1lido","vap":"15","pvap":"   0,06"},{"seq":"52","sqcand":"40001250943","n":"10444","nm":"JORGE RI\u00c7A","cc":"REPUBLICANOS","nv":" ","e":"n","st":"Suplente","dvt":"V\u00e1lido","vap":"78","pvap":"   0,32"},{"seq":"54","sqcand":"40001249297","n":"20113","nm":"ZALDO SARMENTO","cc":"PSC","nv":" ","e":"n","st":"Suplente","dvt":"V\u00e1lido","vap":"70","pvap":"   0,29"},{"seq":"143","sqcand":"40001248220","n":"50150","nm":"VALDO","cc":"PSOL","nv":" ","e":"n","st":"N\u00e3o eleito","dvt":"V\u00e1lido","vap":"6","pvap":"   0,02"},{"seq":"58","sqcand":"40001249294","n":"20020","nm":"MUTCHATCHU","cc":"PSC","nv":" ","e":"n","st":"Suplente","dvt":"V\u00e1lido","vap":"62","pvap":"   0,26"},{"seq":"56","sqcand":"40001251158","n":"11555","nm":"LOURIVALDO REIS","cc":"PP","nv":" ","e":"n","st":"Suplente","dvt":"V\u00e1lido","vap":"64","pvap":"   0,27"},{"seq":"121","sqcand":"40001248223","n":"50125","nm":"NENE DO PEIXE","cc":"PSOL","nv":" ","e":"n","st":"N\u00e3o eleito","dvt":"V\u00e1lido","vap":"27","pvap":"   0,11"},{"seq":"40","sqcand":"40001251156","n":"11777","nm":"FERNANDO PINTO","cc":"PP","nv":" ","e":"n","st":"Suplente","dvt":"V\u00e1lido","vap":"130","pvap":"   0,54"},{"seq":"96","sqcand":"40001248078","n":"55333","nm":"DANIEL LILSON","cc":"PSD","nv":" ","e":"n","st":"N\u00e3o eleito","dvt":"V\u00e1lido","vap":"313","pvap":"   1,30"},{"seq":"135","sqcand":"40001248226","n":"50112","nm":"ROSAURO LIMA","cc":"PSOL","nv":" ","e":"n","st":"N\u00e3o eleito","dvt":"V\u00e1lido","vap":"14","pvap":"   0,06"},{"seq":"18","sqcand":"40001250561","n":"22111","nm":"LEONI LEMOS","cc":"PL","nv":" ","e":"n","st":"Suplente","dvt":"V\u00e1lido","vap":"466","pvap":"   1,93"},{"seq":"134","sqcand":"40001251333","n":"15555","nm":"EVANILZA","cc":"MDB","nv":" ","e":"n","st":"N\u00e3o eleito","dvt":"V\u00e1lido","vap":"14","pvap":"   0,06"},{"seq":"85","sqcand":"40001250954","n":"10199","nm":"MADRUGA","cc":"REPUBLICANOS","nv":" ","e":"n","st":"Suplente","dvt":"V\u00e1lido","vap":"15","pvap":"   0,06"},{"seq":"103","sqcand":"40001250097","n":"36319","nm":"RAUL BELEZA","cc":"PTC","nv":" ","e":"n","st":"N\u00e3o eleito","dvt":"V\u00e1lido","vap":"110","pvap":"   0,46"},{"seq":"86","sqcand":"40001250948","n":"10177","nm":"PROFESSORA CANDIDA CORREA","cc":"REPUBLICANOS","nv":" ","e":"n","st":"Suplente","dvt":"V\u00e1lido","vap":"13","pvap":"   0,05"},{"seq":"111","sqcand":"40001250098","n":"36222","nm":"ALEF CASTRO","cc":"PTC","nv":" ","e":"n","st":"N\u00e3o eleito","dvt":"V\u00e1lido","vap":"55","pvap":"   0,23"},{"seq":"10","sqcand":"40001250563","n":"22555","nm":"PAIZINHO","cc":"PL","nv":" ","e":"s","st":"Eleito","dvt":"V\u00e1lido","vap":"595","pvap":"   2,47"},{"seq":"145","sqcand":"40001250094","n":"36000","nm":"INDIGENA POLIANA","cc":"PTC","nv":" ","e":"n","st":"N\u00e3o eleito","dvt":"V\u00e1lido","vap":"5","pvap":"   0,02"},{"seq":"90","sqcand":"40001251166","n":"11414","nm":"ELIS REGINA","cc":"PP","nv":" ","e":"n","st":"Suplente","dvt":"V\u00e1lido","vap":"6","pvap":"   0,02"},{"seq":"141","sqcand":"40001250095","n":"36666","nm":"ANGELITA TEIXEIRA","cc":"PTC","nv":" ","e":"n","st":"N\u00e3o eleito","dvt":"V\u00e1lido","vap":"9","pvap":"   0,04"},{"seq":"132","sqcand":"40001251321","n":"15657","nm":"DOMINGOS PARINTINTIN","cc":"MDB","nv":" ","e":"n","st":"N\u00e3o eleito","dvt":"V\u00e1lido","vap":"16","pvap":"   0,07"},{"seq":"22","sqcand":"40001250577","n":"22110","nm":"ARISTEIA GARCIA","cc":"PL","nv":" ","e":"n","st":"Suplente","dvt":"V\u00e1lido","vap":"348","pvap":"   1,44"},{"seq":"13","sqcand":"40001250574","n":"22220","nm":"VANDO MENDONCA","cc":"PL","nv":" ","e":"s","st":"Eleito","dvt":"V\u00e1lido","vap":"468","pvap":"   1,94"},{"seq":"11","sqcand":"40001249310","n":"20147","nm":"SIPA","cc":"PSC","nv":" ","e":"s","st":"Eleito","dvt":"V\u00e1lido","vap":"594","pvap":"   2,47"},{"seq":"117","sqcand":"40001248224","n":"50115","nm":"J\u00daNIOR DO A\u00c7A\u00cd","cc":"PSOL","nv":" ","e":"n","st":"N\u00e3o eleito","dvt":"Anulado sub judice","vap":"39","pvap":"   0,16"},{"seq":"98","sqcand":"40001248070","n":"55555","nm":"ED CARLOS CAHVES","cc":"PSD","nv":" ","e":"n","st":"N\u00e3o eleito","dvt":"V\u00e1lido","vap":"219","pvap":"   0,91"},{"seq":"68","sqcand":"40001249291","n":"20777","nm":"TELMA LIMA","cc":"PSC","nv":" ","e":"n","st":"Suplente","dvt":"V\u00e1lido","vap":"42","pvap":"   0,17"},{"seq":"50","sqcand":"40001250952","n":"10455","nm":"ERENILDO","cc":"REPUBLICANOS","nv":" ","e":"n","st":"Suplente","dvt":"V\u00e1lido","vap":"79","pvap":"   0,33"},{"seq":"61","sqcand":"40001250937","n":"10403","nm":"ANA BRAGA","cc":"REPUBLICANOS","nv":" ","e":"n","st":"Suplente","dvt":"V\u00e1lido","vap":"57","pvap":"   0,24"},{"seq":"47","sqcand":"40001249299","n":"20145","nm":"JANDRESON DO ESCONDIDO","cc":"PSC","nv":" ","e":"n","st":"Suplente","dvt":"V\u00e1lido","vap":"95","pvap":"   0,39"},{"seq":"116","sqcand":"40001251306","n":"13123","nm":"ITA LOBO","cc":"PT","nv":" ","e":"n","st":"N\u00e3o eleito","dvt":"V\u00e1lido","vap":"44","pvap":"   0,18"},{"seq":"29","sqcand":"40001249295","n":"20444","nm":"SIQUEIRA DO \u00d4NIBUS","cc":"PSC","nv":" ","e":"n","st":"Suplente","dvt":"V\u00e1lido","vap":"232","pvap":"   0,96"},{"seq":"9","sqcand":"40001250567","n":"22000","nm":"LEY SIQUEIRA","cc":"PL","nv":" ","e":"s","st":"Eleito","dvt":"V\u00e1lido","vap":"628","pvap":"   2,61"},{"seq":"8","sqcand":"40001249309","n":"20456","nm":"DR JORGE ANDR\u00c9","cc":"PSC","nv":" ","e":"s","st":"Eleito","dvt":"V\u00e1lido","vap":"698","pvap":"   2,90"},{"seq":"120","sqcand":"40001248076","n":"55666","nm":"ELISSANDRA","cc":"PSD","nv":" ","e":"n","st":"N\u00e3o eleito","dvt":"V\u00e1lido","vap":"30","pvap":"   0,12"},{"seq":"126","sqcand":"40001251006","n":"51010","nm":"JUMARA NUNES","cc":"PATRIOTA","nv":" ","e":"n","st":"N\u00e3o eleito","dvt":"V\u00e1lido","vap":"23","pvap":"   0,10"},{"seq":"147","sqcand":"40001278732","n":"15333","nm":"MARIA VANUZA","cc":"MDB","nv":" ","e":"n","st":"N\u00e3o eleito","dvt":"V\u00e1lido","vap":"2","pvap":"   0,01"},{"seq":"92","sqcand":"40001249527","n":"40333","nm":"PALOMA","cc":"PSB","nv":" ","e":"n","st":"Suplente","dvt":"V\u00e1lido","vap":"3","pvap":"   0,01"},{"seq":"5","sqcand":"40001251163","n":"11123","nm":"PACHECO","cc":"PP","nv":" ","e":"s","st":"Eleito","dvt":"V\u00e1lido","vap":"801","pvap":"   3,32"},{"seq":"97","sqcand":"40001249519","n":"40456","nm":"MONTEIRO","cc":"PSB","nv":" ","e":"n","st":"N\u00e3o eleito","dvt":"Anulado sub judice","vap":"286","pvap":"   1,19"},{"seq":"108","sqcand":"40001250950","n":"10087","nm":"VANDERCLEY RODRIGUES","cc":"REPUBLICANOS","nv":" ","e":"n","st":"N\u00e3o eleito","dvt":"Anulado sub judice","vap":"67","pvap":"   0,28"},{"seq":"88","sqcand":"40001249518","n":"40777","nm":"BAIXINHA","cc":"PSB","nv":" ","e":"n","st":"Suplente","dvt":"V\u00e1lido","vap":"7","pvap":"   0,03"},{"seq":"79","sqcand":"40001250956","n":"10111","nm":"PAULO ENPADINHA","cc":"REPUBLICANOS","nv":" ","e":"n","st":"Suplente","dvt":"V\u00e1lido","vap":"18","pvap":"   0,07"},{"seq":"60","sqcand":"40001251164","n":"11456","nm":"AILA CHAVES","cc":"PP","nv":" ","e":"n","st":"Suplente","dvt":"V\u00e1lido","vap":"57","pvap":"   0,24"},{"seq":"14","sqcand":"40001249313","n":"20120","nm":"GAUCHINHO","cc":"PSC","nv":" ","e":"s","st":"Eleito","dvt":"V\u00e1lido","vap":"462","pvap":"   1,92"},{"seq":"63","sqcand":"40001250947","n":"10110","nm":"PINTO","cc":"REPUBLICANOS","nv":" ","e":"n","st":"Suplente","dvt":"V\u00e1lido","vap":"52","pvap":"   0,22"},{"seq":"42","sqcand":"40001251161","n":"11112","nm":"V\u00c1TIO ARA\u00daJO","cc":"PP","nv":" ","e":"n","st":"Suplente","dvt":"V\u00e1lido","vap":"121","pvap":"   0,50"},{"seq":"49","sqcand":"40001251159","n":"11000","nm":"J MENDES","cc":"PP","nv":" ","e":"n","st":"Suplente","dvt":"V\u00e1lido","vap":"87","pvap":"   0,36"},{"seq":"124","sqcand":"40001248071","n":"55444","nm":"RAIMUNDO ALVES JACAR\u00c9","cc":"PSD","nv":" ","e":"n","st":"N\u00e3o eleito","dvt":"V\u00e1lido","vap":"23","pvap":"   0,10"},{"seq":"127","sqcand":"40001250093","n":"36333","nm":"RAIMUNDO LE\u00c3O","cc":"PTC","nv":" ","e":"n","st":"N\u00e3o eleito","dvt":"V\u00e1lido","vap":"19","pvap":"   0,08"},{"seq":"140","sqcand":"40001251001","n":"51123","nm":"DELMO","cc":"PATRIOTA","nv":" ","e":"n","st":"N\u00e3o eleito","dvt":"V\u00e1lido","vap":"10","pvap":"   0,04"},{"seq":"139","sqcand":"40001250101","n":"36555","nm":"JONAS","cc":"PTC","nv":" ","e":"n","st":"N\u00e3o eleito","dvt":"V\u00e1lido","vap":"12","pvap":"   0,05"},{"seq":"1","sqcand":"40001250570","n":"22123","nm":"TOTINHA","cc":"PL","nv":" ","e":"s","st":"Eleito","dvt":"V\u00e1lido","vap":"1062","pvap":"   4,41"},{"seq":"137","sqcand":"40001250090","n":"36123","nm":"RAFAEL SERENITE","cc":"PTC","nv":" ","e":"n","st":"N\u00e3o eleito","dvt":"V\u00e1lido","vap":"13","pvap":"   0,05"},{"seq":"144","sqcand":"40001251331","n":"15777","nm":"JOS\u00c9 CARLOS","cc":"MDB","nv":" ","e":"n","st":"N\u00e3o eleito","dvt":"V\u00e1lido","vap":"6","pvap":"   0,02"},{"seq":"57","sqcand":"40001250568","n":"22230","nm":"SUELY DO CRAS","cc":"PL","nv":" ","e":"n","st":"Suplente","dvt":"V\u00e1lido","vap":"64","pvap":"   0,27"},{"seq":"148","sqcand":"40001248252","n":"19999","nm":"SOCORRO S\u00c1","cc":"PODE","nv":" ","e":"n","st":"N\u00e3o eleito","dvt":"V\u00e1lido","vap":"2","pvap":"   0,01"},{"seq":"2","sqcand":"40001251165","n":"11999","nm":"DR UBIRAT\u00c3","cc":"PP","nv":" ","e":"s","st":"Eleito","dvt":"V\u00e1lido","vap":"923","pvap":"   3,83"},{"seq":"118","sqcand":"40001251332","n":"15345","nm":"CARLOS SILVA","cc":"MDB","nv":" ","e":"n","st":"N\u00e3o eleito","dvt":"V\u00e1lido","vap":"35","pvap":"   0,15"},{"seq":"84","sqcand":"40001249293","n":"20016","nm":"BRUNA OLIVEIRA","cc":"PSC","nv":" ","e":"n","st":"Suplente","dvt":"V\u00e1lido","vap":"16","pvap":"   0,07"},{"seq":"27","sqcand":"40001249312","n":"20555","nm":"PROF DOMINGOS DA REALIDADE","cc":"PSC","nv":" ","e":"n","st":"Suplente","dvt":"V\u00e1lido","vap":"248","pvap":"   1,03"},{"seq":"20","sqcand":"40001249307","n":"20123","nm":"JOHN AULER","cc":"PSC","nv":" ","e":"n","st":"Suplente","dvt":"V\u00e1lido","vap":"365","pvap":"   1,51"},{"seq":"44","sqcand":"40001250941","n":"10223","nm":"NILTON NAVECA","cc":"REPUBLICANOS","nv":" ","e":"n","st":"Suplente","dvt":"V\u00e1lido","vap":"113","pvap":"   0,47"},{"seq":"110","sqcand":"40001251327","n":"15111","nm":"JUNIOR CHAGAS","cc":"MDB","nv":" ","e":"n","st":"N\u00e3o eleito","dvt":"V\u00e1lido","vap":"57","pvap":"   0,24"},{"seq":"150","sqcand":"40001251334","n":"15999","nm":"ROBSON BRAGA","cc":"MDB","nv":" ","e":"n","st":"N\u00e3o eleito","dvt":"V\u00e1lido","vap":"0","pvap":"00.00"},{"seq":"71","sqcand":"40001250578","n":"22113","nm":"JUMARA DO CONJUNTO","cc":"PL","nv":" ","e":"n","st":"Suplente","dvt":"V\u00e1lido","vap":"31","pvap":"   0,13"},{"seq":"62","sqcand":"40001250946","n":"10333","nm":"POLACO MOTO TAXI","cc":"REPUBLICANOS","nv":" ","e":"n","st":"Suplente","dvt":"V\u00e1lido","vap":"53","pvap":"   0,22"},{"seq":"105","sqcand":"40001251000","n":"51222","nm":"GERALDO REALIDADE","cc":"PATRIOTA","nv":" ","e":"n","st":"N\u00e3o eleito","dvt":"V\u00e1lido","vap":"76","pvap":"   0,32"},{"seq":"74","sqcand":"40001249302","n":"20300","nm":"GABRIEL AQUINO","cc":"PSC","nv":" ","e":"n","st":"Suplente","dvt":"V\u00e1lido","vap":"28","pvap":"   0,12"},{"seq":"104","sqcand":"40001251329","n":"15145","nm":"LU BARROSO","cc":"MDB","nv":" ","e":"n","st":"N\u00e3o eleito","dvt":"V\u00e1lido","vap":"88","pvap":"   0,37"},{"seq":"109","sqcand":"40001251328","n":"15222","nm":"JO\u00c3O GOUVEA","cc":"MDB","nv":" ","e":"n","st":"N\u00e3o eleito","dvt":"V\u00e1lido","vap":"61","pvap":"   0,25"},{"seq":"91","sqcand":"40001251153","n":"11313","nm":"CARMEM NUNES","cc":"PP","nv":" ","e":"n","st":"Suplente","dvt":"V\u00e1lido","vap":"5","pvap":"   0,02"},{"seq":"12","sqcand":"40001250944","n":"10123","nm":"RAY SANTOS","cc":"REPUBLICANOS","nv":" ","e":"s","st":"Eleito","dvt":"V\u00e1lido","vap":"472","pvap":"   1,96"},{"seq":"53","sqcand":"40001250955","n":"10193","nm":"TENENTE MAMEDE","cc":"REPUBLICANOS","nv":" ","e":"n","st":"Suplente","dvt":"V\u00e1lido","vap":"73","pvap":"   0,30"},{"seq":"64","sqcand":"40001251157","n":"11444","nm":"OLEG\u00c1RIO MENDON\u00c7A","cc":"PP","nv":" ","e":"n","st":"Suplente","dvt":"V\u00e1lido","vap":"51","pvap":"   0,21"},{"seq":"7","sqcand":"40001251154","n":"11111","nm":"EVANEI MENDON\u00c7A","cc":"PP","nv":" ","e":"s","st":"Eleito","dvt":"V\u00e1lido","vap":"701","pvap":"   2,91"},{"seq":"24","sqcand":"40001249306","n":"20333","nm":"MURILO MACIEL","cc":"PSC","nv":" ","e":"n","st":"Suplente","dvt":"V\u00e1lido","vap":"254","pvap":"   1,05"},{"seq":"102","sqcand":"40001251004","n":"51319","nm":"JOSIMAR","cc":"PATRIOTA","nv":" ","e":"n","st":"N\u00e3o eleito","dvt":"V\u00e1lido","vap":"120","pvap":"   0,50"},{"seq":"138","sqcand":"40001248225","n":"50119","nm":"DOMINGAS","cc":"PSOL","nv":" ","e":"n","st":"N\u00e3o eleito","dvt":"V\u00e1lido","vap":"13","pvap":"   0,05"},{"seq":"113","sqcand":"40001248228","n":"50140","nm":"NEY","cc":"PSOL","nv":" ","e":"n","st":"N\u00e3o eleito","dvt":"V\u00e1lido","vap":"49","pvap":"   0,20"},{"seq":"99","sqcand":"40001251325","n":"15123","nm":"EVANDRO CRUZ","cc":"MDB","nv":" ","e":"n","st":"N\u00e3o eleito","dvt":"V\u00e1lido","vap":"193","pvap":"   0,80"},{"seq":"70","sqcand":"40001249308","n":"20666","nm":"RISOMAR COSTA","cc":"PSC","nv":" ","e":"n","st":"Suplente","dvt":"V\u00e1lido","vap":"32","pvap":"   0,13"},{"seq":"34","sqcand":"40001250958","n":"10999","nm":"OSVALDO DA MATRIX","cc":"REPUBLICANOS","nv":" ","e":"n","st":"Suplente","dvt":"V\u00e1lido","vap":"198","pvap":"   0,82"},{"seq":"146","sqcand":"40001248221","n":"50123","nm":"IARA REIS","cc":"PSOL","nv":" ","e":"n","st":"N\u00e3o eleito","dvt":"V\u00e1lido","vap":"4","pvap":"   0,02"},{"seq":"125","sqcand":"40001248222","n":"50110","nm":"MISAEL DA REFRIGERA\u00c7\u00c3O","cc":"PSOL","nv":" ","e":"n","st":"N\u00e3o eleito","dvt":"V\u00e1lido","vap":"23","pvap":"   0,10"},{"seq":"66","sqcand":"40001250562","n":"22002","nm":"GERALDO SANTIAGO","cc":"PL","nv":" ","e":"n","st":"Suplente","dvt":"V\u00e1lido","vap":"49","pvap":"   0,20"},{"seq":"77","sqcand":"40001250575","n":"22319","nm":"KADMA MARTINS","cc":"PL","nv":" ","e":"n","st":"Suplente","dvt":"V\u00e1lido","vap":"22","pvap":"   0,09"},{"seq":"114","sqcand":"40001248073","n":"55789","nm":"SEBASTI\u00c3O GOMES","cc":"PSD","nv":" ","e":"n","st":"N\u00e3o eleito","dvt":"V\u00e1lido","vap":"47","pvap":"   0,20"},{"seq":"123","sqcand":"40001251330","n":"15133","nm":"MARIALDO MENDON\u00c7A","cc":"MDB","nv":" ","e":"n","st":"N\u00e3o eleito","dvt":"V\u00e1lido","vap":"26","pvap":"   0,11"},{"seq":"46","sqcand":"40001249526","n":"40319","nm":"Z\u00c9 ANT\u00d5NIO","cc":"PSB","nv":" ","e":"n","st":"Suplente","dvt":"V\u00e1lido","vap":"101","pvap":"   0,42"},{"seq":"65","sqcand":"40001249528","n":"40100","nm":"JEAN PAZ","cc":"PSB","nv":" ","e":"n","st":"Suplente","dvt":"V\u00e1lido","vap":"50","pvap":"   0,21"},{"seq":"78","sqcand":"40001251152","n":"11212","nm":"NETE ","cc":"PP","nv":" ","e":"n","st":"Suplente","dvt":"V\u00e1lido","vap":"18","pvap":"   0,07"},{"seq":"45","sqcand":"40001250566","n":"22345","nm":"GRILO MACIEL","cc":"PL","nv":" ","e":"n","st":"Suplente","dvt":"V\u00e1lido","vap":"110","pvap":"   0,46"},{"seq":"142","sqcand":"40001251335","n":"15103","nm":"VANESSA FELIX","cc":"MDB","nv":" ","e":"n","st":"N\u00e3o eleito","dvt":"V\u00e1lido","vap":"7","pvap":"   0,03"},{"seq":"59","sqcand":"40001250576","n":"22225","nm":"NAUDELE MOTOTAXI","cc":"PL","nv":" ","e":"n","st":"Suplente","dvt":"V\u00e1lido","vap":"61","pvap":"   0,25"},{"seq":"115","sqcand":"40001248074","n":"55123","nm":"RONE QUINDER\u00c9","cc":"PSD","nv":" ","e":"n","st":"N\u00e3o eleito","dvt":"V\u00e1lido","vap":"45","pvap":"   0,19"},{"seq":"31","sqcand":"40001249298","n":"20222","nm":"AULINEI MALTA","cc":"PSC","nv":" ","e":"n","st":"Suplente","dvt":"V\u00e1lido","vap":"211","pvap":"   0,88"},{"seq":"95","sqcand":"40001250572","n":"22112","nm":"JOEL GUERRA","cc":"PL","nv":" ","e":"n","st":"N\u00e3o eleito","dvt":"Anulado sub judice","vap":"563","pvap":"   2,34"},{"seq":"94","sqcand":"40001278731","n":"22174","nm":"BEREKA","cc":"PL","nv":" ","e":"n","st":"Suplente","dvt":"V\u00e1lido","vap":"0","pvap":"00.00"},{"seq":"72","sqcand":"40001249300","n":"20345","nm":"VANI LUCIA","cc":"PSC","nv":" ","e":"n","st":"Suplente","dvt":"V\u00e1lido","vap":"30","pvap":"   0,12"},{"seq":"122","sqcand":"40001250102","n":"36999","nm":"TEC. DE ENF. GLACY GUSTMANN","cc":"PTC","nv":" ","e":"n","st":"N\u00e3o eleito","dvt":"V\u00e1lido","vap":"26","pvap":"   0,11"},{"seq":"30","sqcand":"40001249521","n":"40123","nm":"PAULO PORONGUEIRO","cc":"PSB","nv":" ","e":"n","st":"Suplente","dvt":"V\u00e1lido","vap":"218","pvap":"   0,90"},{"seq":"35","sqcand":"40001249296","n":"20888","nm":"REGI TRINDADE","cc":"PSC","nv":" ","e":"n","st":"Suplente","dvt":"V\u00e1lido","vap":"193","pvap":"   0,80"},{"seq":"28","sqcand":"40001249304","n":"20190","nm":"SGT MAGALH\u00c3ES PACKITO","cc":"PSC","nv":" ","e":"n","st":"Suplente","dvt":"V\u00e1lido","vap":"243","pvap":"   1,01"},{"seq":"136","sqcand":"40001251320","n":"15500","nm":"GENELVA","cc":"MDB","nv":" ","e":"n","st":"N\u00e3o eleito","dvt":"V\u00e1lido","vap":"13","pvap":"   0,05"},{"seq":"81","sqcand":"40001249305","n":"20678","nm":"CARLINHOS DO CESP","cc":"PSC","nv":" ","e":"n","st":"Suplente","dvt":"V\u00e1lido","vap":"17","pvap":"   0,07"},{"seq":"100","sqcand":"40001251002","n":"51012","nm":"RONE DO A\u00c7A\u00cd","cc":"PATRIOTA","nv":" ","e":"n","st":"N\u00e3o eleito","dvt":"V\u00e1lido","vap":"135","pvap":"   0,56"},{"seq":"130","sqcand":"40001251322","n":"15223","nm":"SOUSINHA","cc":"MDB","nv":" ","e":"n","st":"N\u00e3o eleito","dvt":"V\u00e1lido","vap":"17","pvap":"   0,07"},{"seq":"4","sqcand":"40001250565","n":"22444","nm":"SAMUEL DA COL\u00d4NIA","cc":"PL","nv":" ","e":"s","st":"Eleito","dvt":"V\u00e1lido","vap":"829","pvap":"   3,44"},{"seq":"41","sqcand":"40001250953","n":"10777","nm":"GILMAR DO IPIXUNA","cc":"REPUBLICANOS","nv":" ","e":"n","st":"Suplente","dvt":"V\u00e1lido","vap":"129","pvap":"   0,54"},{"seq":"93","sqcand":"40001249525","n":"40888","nm":"ADRIANA ZENI","cc":"PSB","nv":" ","e":"n","st":"Suplente","dvt":"V\u00e1lido","vap":"1","pvap":"   0,00"},{"seq":"83","sqcand":"40001249515","n":"40013","nm":"DUD\u00c3O GUIMAR\u00c3ES","cc":"PSB","nv":" ","e":"n","st":"Suplente","dvt":"V\u00e1lido","vap":"16","pvap":"   0,07"},{"seq":"128","sqcand":"40001250100","n":"36111","nm":"GUSTAVO BARBA","cc":"PTC","nv":" ","e":"n","st":"N\u00e3o eleito","dvt":"V\u00e1lido","vap":"17","pvap":"   0,07"},{"seq":"16","sqcand":"40001251160","n":"11789","nm":"BEM TI VI","cc":"PP","nv":" ","e":"n","st":"Suplente","dvt":"V\u00e1lido","vap":"527","pvap":"   2,19"},{"seq":"89","sqcand":"40001249524","n":"40555","nm":"MARCELA","cc":"PSB","nv":" ","e":"n","st":"Suplente","dvt":"V\u00e1lido","vap":"7","pvap":"   0,03"},{"seq":"131","sqcand":"40001251005","n":"51001","nm":"DJANIRA MARINHO","cc":"PATRIOTA","nv":" ","e":"n","st":"N\u00e3o eleito","dvt":"V\u00e1lido","vap":"16","pvap":"   0,07"},{"seq":"26","sqcand":"40001250560","n":"22777","nm":"ANANIAS MACARICO","cc":"PL","nv":" ","e":"n","st":"Suplente","dvt":"V\u00e1lido","vap":"250","pvap":"   1,04"},{"seq":"32","sqcand":"40001249513","n":"40345","nm":"GUERREIRO","cc":"PSB","nv":" ","e":"n","st":"Suplente","dvt":"V\u00e1lido","vap":"202","pvap":"   0,84"},{"seq":"75","sqcand":"40001250579","n":"22115","nm":"TEREZINHA BRITO","cc":"PL","nv":" ","e":"n","st":"Suplente","dvt":"V\u00e1lido","vap":"23","pvap":"   0,10"},{"seq":"38","sqcand":"40001249311","n":"20999","nm":"PROFESSORA NOEMIA","cc":"PSC","nv":" ","e":"n","st":"Suplente","dvt":"V\u00e1lido","vap":"140","pvap":"   0,58"},{"seq":"51","sqcand":"40001250935","n":"10222","nm":"DEUZEIR","cc":"REPUBLICANOS","nv":" ","e":"n","st":"Suplente","dvt":"V\u00e1lido","vap":"78","pvap":"   0,32"},{"seq":"15","sqcand":"40001249301","n":"20111","nm":"JO\u00c3O ARAG\u00c3O","cc":"PSC","nv":" ","e":"s","st":"Eleito","dvt":"V\u00e1lido","vap":"455","pvap":"   1,89"},{"seq":"87","sqcand":"40001251167","n":"11345","nm":"CLECI LAZAROTTO","cc":"PP","nv":" ","e":"n","st":"Suplente","dvt":"V\u00e1lido","vap":"8","pvap":"   0,03"},{"seq":"37","sqcand":"40001250951","n":"10200","nm":"CINEI DE MUANENSE","cc":"REPUBLICANOS","nv":" ","e":"n","st":"Suplente","dvt":"V\u00e1lido","vap":"144","pvap":"   0,60"},{"seq":"73","sqcand":"40001250957","n":"10555","nm":"GCM CAMPOS","cc":"REPUBLICANOS","nv":" ","e":"n","st":"Suplente","dvt":"V\u00e1lido","vap":"29","pvap":"   0,12"},{"seq":"25","sqcand":"40001249292","n":"20000","nm":"DRA ANA HELIA LOBO NEGUINHA","cc":"PSC","nv":" ","e":"n","st":"Suplente","dvt":"V\u00e1lido","vap":"252","pvap":"   1,05"},{"seq":"82","sqcand":"40001251155","n":"11333","nm":"PEDR\u00c3O DA COL\u00d4NIA","cc":"PP","nv":" ","e":"n","st":"Suplente","dvt":"V\u00e1lido","vap":"16","pvap":"   0,07"},{"seq":"39","sqcand":"40001249517","n":"40000","nm":"ARTHUR","cc":"PSB","nv":" ","e":"n","st":"Suplente","dvt":"V\u00e1lido","vap":"138","pvap":"   0,57"},{"seq":"48","sqcand":"40001249514","n":"40999","nm":"DINO DO POSTO ATEM","cc":"PSB","nv":" ","e":"n","st":"Suplente","dvt":"V\u00e1lido","vap":"93","pvap":"   0,39"},{"seq":"36","sqcand":"40001249520","n":"40444","nm":"PROFESSOR IVO DIAS","cc":"PSB","nv":" ","e":"n","st":"Suplente","dvt":"V\u00e1lido","vap":"189","pvap":"   0,78"},{"seq":"19","sqcand":"40001250573","n":"22333","nm":"CRISTOVO DE URUAPIARA","cc":"PL","nv":" ","e":"n","st":"Suplente","dvt":"V\u00e1lido","vap":"448","pvap":"   1,86"},{"seq":"101","sqcand":"40001251003","n":"51007","nm":"ANA CRISTINA GAIC","cc":"PATRIOTA","nv":" ","e":"n","st":"N\u00e3o eleito","dvt":"V\u00e1lido","vap":"127","pvap":"   0,53"},{"seq":"43","sqcand":"40001250942","n":"10000","nm":"TOM BRAGA","cc":"REPUBLICANOS","nv":" ","e":"n","st":"Suplente","dvt":"V\u00e1lido","vap":"117","pvap":"   0,49"},{"seq":"107","sqcand":"40001250939","n":"10456","nm":"SOCORRO FIGUEIREDO","cc":"REPUBLICANOS","nv":" ","e":"n","st":"N\u00e3o eleito","dvt":"Anulado sub judice","vap":"70","pvap":"   0,29"}]}
