{"ele":"426","tpabr":"mu","cdabr":"02518","carper":"13","t":"1","f":"o","dt":"15/11/2020","ht":"21:04:34","dv":"s","tf":"n","v":"13","esae":"n","mnae":"","s":"78","st":"77","pst":"  98,72","snt":"1","psnt":"   1,28","si":"77","psi":"  98,72","sni":"0","psni":"   0,00","sa":"77","psa":" 100,00","sna":"0","psna":"   0,00","e":"25441","ea":"25233","pea":" 100,00","ena":"0","pena":"   0,00","esi":"25233","pesi":"  98,72","esni":"0","pesni":"   0,00","c":"19306","pc":"  76,51","a":"5927","pa":"  23,49","vscv":"0","vnom":"16943","vl":"932","pvnom":"  94,79","pvl":"   5,21","vvc":"18028","pvvc":"  93,38","vb":"98","pvb":"   0,51","tvn":"1180","ptvn":"   6,11","vn":"469","pvn":"  39,75","vnt":"711","pvnt":"  60,25","vp":"0","pvp":"   0,00","vv":"17875","pvv":"  99,15","van":"0","pvan":"   0,00","vansj":"153","pvansj":"   0,85","tv":"19306","cand":[{"seq":"102","sqcand":"40001158487","n":"10789","nm":"DORISMAR","cc":"REPUBLICANOS","nv":" ","e":"n","st":"","dvt":"V\u00e1lido","vap":"20","pvap":"   0,11"},{"seq":"48","sqcand":"40001144488","n":"55111","nm":"TATU","cc":"PSD","nv":" ","e":"n","st":"","dvt":"V\u00e1lido","vap":"90","pvap":"   0,50"},{"seq":"91","sqcand":"40001144500","n":"55444","nm":"EDIMARAES","cc":"PSD","nv":" ","e":"n","st":"","dvt":"V\u00e1lido","vap":"32","pvap":"   0,18"},{"seq":"7","sqcand":"40000878147","n":"15111","nm":"L\u00cdCIA DO CARLOS GALV\u00c3O","cc":"MDB","nv":" ","e":"n","st":"","dvt":"V\u00e1lido","vap":"585","pvap":"   3,24"},{"seq":"47","sqcand":"40001144498","n":"55888","nm":"MANOEL DA SERRARIA","cc":"PSD","nv":" ","e":"n","st":"","dvt":"V\u00e1lido","vap":"93","pvap":"   0,52"},{"seq":"46","sqcand":"40001147365","n":"22123","nm":"LUCIANE DO CHIN\u00caS","cc":"PL","nv":" ","e":"n","st":"","dvt":"V\u00e1lido","vap":"99","pvap":"   0,55"},{"seq":"38","sqcand":"40001144487","n":"55555","nm":"PITOCA","cc":"PSD","nv":" ","e":"n","st":"","dvt":"V\u00e1lido","vap":"127","pvap":"   0,70"},{"seq":"97","sqcand":"40001144499","n":"55165","nm":"DONA LITA","cc":"PSD","nv":" ","e":"n","st":"","dvt":"Anulado sub judice","vap":"24","pvap":"   0,13"},{"seq":"54","sqcand":"40001147358","n":"22111","nm":"CATITU","cc":"PL","nv":" ","e":"n","st":"","dvt":"V\u00e1lido","vap":"76","pvap":"   0,42"},{"seq":"118","sqcand":"40001152183","n":"13113","nm":"SONIA LOPES","cc":"PT","nv":" ","e":"n","st":"","dvt":"V\u00e1lido","vap":"11","pvap":"   0,06"},{"seq":"133","sqcand":"40001144490","n":"55222","nm":"PAULINHO","cc":"PSD","nv":" ","e":"n","st":"","dvt":"V\u00e1lido","vap":"0","pvap":"00.00"},{"seq":"25","sqcand":"40000878142","n":"15222","nm":"MARADONA","cc":"MDB","nv":" ","e":"n","st":"","dvt":"V\u00e1lido","vap":"225","pvap":"   1,25"},{"seq":"22","sqcand":"40000879415","n":"20123","nm":"EDINHO OLIVEIRA","cc":"PSC","nv":" ","e":"n","st":"","dvt":"V\u00e1lido","vap":"237","pvap":"   1,31"},{"seq":"51","sqcand":"40001158488","n":"10222","nm":"ILMAR RAMOS","cc":"REPUBLICANOS","nv":" ","e":"n","st":"","dvt":"V\u00e1lido","vap":"86","pvap":"   0,48"},{"seq":"10","sqcand":"40000879416","n":"20444","nm":"ANDREA ENFERMEIRA","cc":"PSC","nv":" ","e":"n","st":"","dvt":"V\u00e1lido","vap":"433","pvap":"   2,40"},{"seq":"82","sqcand":"40000879413","n":"20221","nm":"PASTORA FRANCINY","cc":"PSC","nv":" ","e":"n","st":"","dvt":"V\u00e1lido","vap":"38","pvap":"   0,21"},{"seq":"76","sqcand":"40000878140","n":"15115","nm":"NETO DO PROJETO","cc":"MDB","nv":" ","e":"n","st":"","dvt":"V\u00e1lido","vap":"41","pvap":"   0,23"},{"seq":"105","sqcand":"40001152181","n":"13345","nm":"MERY","cc":"PT","nv":" ","e":"n","st":"","dvt":"V\u00e1lido","vap":"19","pvap":"   0,11"},{"seq":"19","sqcand":"40000878132","n":"15888","nm":"JORGINHO ALMEIDA","cc":"MDB","nv":" ","e":"n","st":"","dvt":"V\u00e1lido","vap":"266","pvap":"   1,48"},{"seq":"116","sqcand":"40001113046","n":"43123","nm":"GILMAR DO JO\u00c3O IVO","cc":"PV","nv":" ","e":"n","st":"","dvt":"V\u00e1lido","vap":"11","pvap":"   0,06"},{"seq":"34","sqcand":"40000878143","n":"15123","nm":"FRANCISCA DA PESCA","cc":"MDB","nv":" ","e":"n","st":"","dvt":"V\u00e1lido","vap":"156","pvap":"   0,87"},{"seq":"78","sqcand":"40001156593","n":"11222","nm":"TATIANE","cc":"PP","nv":" ","e":"n","st":"","dvt":"V\u00e1lido","vap":"40","pvap":"   0,22"},{"seq":"42","sqcand":"40001247055","n":"45123","nm":"LEYDE BARROS","cc":"PSDB","nv":" ","e":"n","st":"","dvt":"V\u00e1lido","vap":"107","pvap":"   0,59"},{"seq":"31","sqcand":"40001156587","n":"11555","nm":"FERNANDO","cc":"PP","nv":" ","e":"n","st":"","dvt":"V\u00e1lido","vap":"170","pvap":"   0,94"},{"seq":"93","sqcand":"40001152177","n":"13666","nm":"CEARA","cc":"PT","nv":" ","e":"n","st":"","dvt":"V\u00e1lido","vap":"28","pvap":"   0,16"},{"seq":"27","sqcand":"40001152180","n":"13123","nm":"JOEDSON QUINTINO","cc":"PT","nv":" ","e":"n","st":"","dvt":"V\u00e1lido","vap":"217","pvap":"   1,20"},{"seq":"44","sqcand":"40000878149","n":"15456","nm":"EDENIR","cc":"MDB","nv":" ","e":"n","st":"","dvt":"V\u00e1lido","vap":"103","pvap":"   0,57"},{"seq":"62","sqcand":"40001144492","n":"55344","nm":"VALDIZA VIANA","cc":"PSD","nv":" ","e":"n","st":"","dvt":"V\u00e1lido","vap":"62","pvap":"   0,34"},{"seq":"29","sqcand":"40001262201","n":"55000","nm":"JAQUELINE PIRES ","cc":"PSD","nv":" ","e":"n","st":"","dvt":"V\u00e1lido","vap":"187","pvap":"   1,04"},{"seq":"114","sqcand":"40001247056","n":"45999","nm":"RICARDO SANTOS","cc":"PSDB","nv":" ","e":"n","st":"","dvt":"V\u00e1lido","vap":"13","pvap":"   0,07"},{"seq":"108","sqcand":"40001147355","n":"22000","nm":"EDIVANIA","cc":"PL","nv":" ","e":"n","st":"","dvt":"V\u00e1lido","vap":"16","pvap":"   0,09"},{"seq":"68","sqcand":"40001144502","n":"55333","nm":"WELISON ALVES","cc":"PSD","nv":" ","e":"n","st":"","dvt":"V\u00e1lido","vap":"52","pvap":"   0,29"},{"seq":"126","sqcand":"40001247046","n":"45555","nm":"OTACILIO BANDEIRA","cc":"PSDB","nv":" ","e":"n","st":"","dvt":"V\u00e1lido","vap":"4","pvap":"   0,02"},{"seq":"59","sqcand":"40001152192","n":"13222","nm":"HELCIO CIDAD\u00c3O","cc":"PT","nv":" ","e":"n","st":"","dvt":"V\u00e1lido","vap":"70","pvap":"   0,39"},{"seq":"5","sqcand":"40001156592","n":"11777","nm":"LUIZINHO","cc":"PP","nv":" ","e":"n","st":"","dvt":"V\u00e1lido","vap":"610","pvap":"   3,38"},{"seq":"11","sqcand":"40000879409","n":"20777","nm":"BABAU","cc":"PSC","nv":" ","e":"n","st":"","dvt":"V\u00e1lido","vap":"416","pvap":"   2,31"},{"seq":"2","sqcand":"40001156588","n":"11111","nm":"BED NAHIM","cc":"PP","nv":" ","e":"n","st":"","dvt":"V\u00e1lido","vap":"741","pvap":"   4,11"},{"seq":"6","sqcand":"40000879414","n":"20000","nm":"GREICE DAMASCENO","cc":"PSC","nv":" ","e":"n","st":"","dvt":"V\u00e1lido","vap":"591","pvap":"   3,28"},{"seq":"58","sqcand":"40001158489","n":"10333","nm":"ZE CABE\u00c7A BRANCA","cc":"REPUBLICANOS","nv":" ","e":"n","st":"","dvt":"Anulado sub judice","vap":"73","pvap":"   0,40"},{"seq":"70","sqcand":"40001144496","n":"55369","nm":"CUIA","cc":"PSD","nv":" ","e":"n","st":"","dvt":"V\u00e1lido","vap":"45","pvap":"   0,25"},{"seq":"83","sqcand":"40001247049","n":"45275","nm":"JOHN KANYNARY","cc":"PSDB","nv":" ","e":"n","st":"","dvt":"V\u00e1lido","vap":"37","pvap":"   0,21"},{"seq":"86","sqcand":"40001247050","n":"45777","nm":"IRM\u00c3 MARIA ANT\u00d4NIA","cc":"PSDB","nv":" ","e":"n","st":"","dvt":"V\u00e1lido","vap":"33","pvap":"   0,18"},{"seq":"66","sqcand":"40001147367","n":"22444","nm":"JOS\u00c9 AUGUSTO PROFESSOR","cc":"PL","nv":" ","e":"n","st":"","dvt":"V\u00e1lido","vap":"52","pvap":"   0,29"},{"seq":"75","sqcand":"40001158482","n":"10444","nm":"ERIVAN ANJOS","cc":"REPUBLICANOS","nv":" ","e":"n","st":"","dvt":"V\u00e1lido","vap":"42","pvap":"   0,23"},{"seq":"16","sqcand":"40001144495","n":"55123","nm":"DUDA","cc":"PSD","nv":" ","e":"n","st":"","dvt":"V\u00e1lido","vap":"361","pvap":"   2,00"},{"seq":"17","sqcand":"40001158494","n":"10111","nm":"RIZOMAR CESAR","cc":"REPUBLICANOS","nv":" ","e":"n","st":"","dvt":"V\u00e1lido","vap":"336","pvap":"   1,86"},{"seq":"85","sqcand":"40001156583","n":"11666","nm":"ANTONIO GERONIMO","cc":"PP","nv":" ","e":"n","st":"","dvt":"Anulado sub judice","vap":"33","pvap":"   0,18"},{"seq":"57","sqcand":"40001113056","n":"43222","nm":"MESAK MOTO TAXI","cc":"PV","nv":" ","e":"n","st":"","dvt":"V\u00e1lido","vap":"74","pvap":"   0,41"},{"seq":"79","sqcand":"40000878141","n":"15777","nm":"SERGIO SOUZA","cc":"MDB","nv":" ","e":"n","st":"","dvt":"V\u00e1lido","vap":"40","pvap":"   0,22"},{"seq":"8","sqcand":"40000878146","n":"15999","nm":"DAVID DO ELSON","cc":"MDB","nv":" ","e":"n","st":"","dvt":"V\u00e1lido","vap":"525","pvap":"   2,91"},{"seq":"35","sqcand":"40000878139","n":"15000","nm":"KAULA","cc":"MDB","nv":" ","e":"n","st":"","dvt":"V\u00e1lido","vap":"140","pvap":"   0,78"},{"seq":"124","sqcand":"40001113059","n":"43128","nm":"NETE DO CHURRASCO","cc":"PV","nv":" ","e":"n","st":"","dvt":"V\u00e1lido","vap":"6","pvap":"   0,03"},{"seq":"15","sqcand":"40001152185","n":"13333","nm":"ADELSON DO SINDICATO","cc":"PT","nv":" ","e":"n","st":"","dvt":"V\u00e1lido","vap":"376","pvap":"   2,09"},{"seq":"74","sqcand":"40001113062","n":"43043","nm":"DR CLEITON RODRIGUES","cc":"PV","nv":" ","e":"n","st":"","dvt":"V\u00e1lido","vap":"43","pvap":"   0,24"},{"seq":"3","sqcand":"40001158491","n":"10000","nm":"H\u00c9LIO CAMUR\u00c7A","cc":"REPUBLICANOS","nv":" ","e":"n","st":"","dvt":"V\u00e1lido","vap":"655","pvap":"   3,63"},{"seq":"63","sqcand":"40001147357","n":"22999","nm":"MAF\u00da","cc":"PL","nv":" ","e":"n","st":"","dvt":"V\u00e1lido","vap":"60","pvap":"   0,33"},{"seq":"45","sqcand":"40001147360","n":"22555","nm":"IZALMI FREITAS","cc":"PL","nv":" ","e":"n","st":"","dvt":"V\u00e1lido","vap":"101","pvap":"   0,56"},{"seq":"117","sqcand":"40001152188","n":"13888","nm":"DIDA","cc":"PT","nv":" ","e":"n","st":"","dvt":"V\u00e1lido","vap":"11","pvap":"   0,06"},{"seq":"87","sqcand":"40001113060","n":"43553","nm":"MONALIZA ALVES","cc":"PV","nv":" ","e":"n","st":"","dvt":"V\u00e1lido","vap":"33","pvap":"   0,18"},{"seq":"80","sqcand":"40001158484","n":"10555","nm":"GERUZA BATISTA","cc":"REPUBLICANOS","nv":" ","e":"n","st":"","dvt":"V\u00e1lido","vap":"40","pvap":"   0,22"},{"seq":"100","sqcand":"40001144489","n":"55789","nm":"NEIDE","cc":"PSD","nv":" ","e":"n","st":"","dvt":"V\u00e1lido","vap":"22","pvap":"   0,12"},{"seq":"128","sqcand":"40001147369","n":"22888","nm":"ZENILDA DO VINTE E SEIS","cc":"PL","nv":" ","e":"n","st":"","dvt":"V\u00e1lido","vap":"3","pvap":"   0,02"},{"seq":"36","sqcand":"40001144491","n":"55678","nm":"FREDSON CAMPOS","cc":"PSD","nv":" ","e":"n","st":"","dvt":"V\u00e1lido","vap":"131","pvap":"   0,73"},{"seq":"110","sqcand":"40001144493","n":"55999","nm":"MARCIA","cc":"PSD","nv":" ","e":"n","st":"","dvt":"V\u00e1lido","vap":"15","pvap":"   0,08"},{"seq":"119","sqcand":"40001113055","n":"43789","nm":"SEBASTI\u00c3O RODRIGUES","cc":"PV","nv":" ","e":"n","st":"","dvt":"V\u00e1lido","vap":"9","pvap":"   0,05"},{"seq":"103","sqcand":"40001158490","n":"10456","nm":"SABAH RODRIGUES","cc":"REPUBLICANOS","nv":" ","e":"n","st":"","dvt":"V\u00e1lido","vap":"20","pvap":"   0,11"},{"seq":"60","sqcand":"40001158483","n":"10567","nm":"CHAGAS APURIN\u00c3","cc":"REPUBLICANOS","nv":" ","e":"n","st":"","dvt":"V\u00e1lido","vap":"70","pvap":"   0,39"},{"seq":"73","sqcand":"40000878148","n":"15551","nm":"MARIA PANTOJA","cc":"MDB","nv":" ","e":"n","st":"","dvt":"V\u00e1lido","vap":"43","pvap":"   0,24"},{"seq":"26","sqcand":"40001147368","n":"22222","nm":"DIDI","cc":"PL","nv":" ","e":"n","st":"","dvt":"V\u00e1lido","vap":"222","pvap":"   1,23"},{"seq":"115","sqcand":"40001113057","n":"43777","nm":"ROSIMAR BRAGA","cc":"PV","nv":" ","e":"n","st":"","dvt":"V\u00e1lido","vap":"12","pvap":"   0,07"},{"seq":"37","sqcand":"40000878137","n":"15110","nm":"XOLOCA","cc":"MDB","nv":" ","e":"n","st":"","dvt":"V\u00e1lido","vap":"128","pvap":"   0,71"},{"seq":"81","sqcand":"40001158493","n":"10123","nm":"VALDECIR COSTA","cc":"REPUBLICANOS","nv":" ","e":"n","st":"","dvt":"V\u00e1lido","vap":"39","pvap":"   0,22"},{"seq":"94","sqcand":"40001158492","n":"10777","nm":"MESTRE D\u00c3O","cc":"REPUBLICANOS","nv":" ","e":"n","st":"","dvt":"V\u00e1lido","vap":"26","pvap":"   0,14"},{"seq":"24","sqcand":"40000878145","n":"15789","nm":"KAIO","cc":"MDB","nv":" ","e":"n","st":"","dvt":"V\u00e1lido","vap":"230","pvap":"   1,28"},{"seq":"130","sqcand":"40001247048","n":"45789","nm":"FRANCISCO ALVES","cc":"PSDB","nv":" ","e":"n","st":"","dvt":"V\u00e1lido","vap":"1","pvap":"   0,01"},{"seq":"39","sqcand":"40000879405","n":"20133","nm":"BIANCA FISIOTERAPEUTA","cc":"PSC","nv":" ","e":"n","st":"","dvt":"V\u00e1lido","vap":"125","pvap":"   0,69"},{"seq":"30","sqcand":"40000879419","n":"20330","nm":"CELSO ALMEIDA","cc":"PSC","nv":" ","e":"n","st":"","dvt":"V\u00e1lido","vap":"180","pvap":"   1,00"},{"seq":"98","sqcand":"40001144497","n":"55777","nm":"GELSON MORAES","cc":"PSD","nv":" ","e":"n","st":"","dvt":"V\u00e1lido","vap":"24","pvap":"   0,13"},{"seq":"53","sqcand":"40000878144","n":"15444","nm":"JESUS FALC\u00c3O","cc":"MDB","nv":" ","e":"n","st":"","dvt":"V\u00e1lido","vap":"79","pvap":"   0,44"},{"seq":"32","sqcand":"40001113050","n":"43333","nm":"AGUINALDO BRAGA","cc":"PV","nv":" ","e":"n","st":"","dvt":"V\u00e1lido","vap":"162","pvap":"   0,90"},{"seq":"65","sqcand":"40001144494","n":"55515","nm":"CICERO SANTANA","cc":"PSD","nv":" ","e":"n","st":"","dvt":"V\u00e1lido","vap":"53","pvap":"   0,29"},{"seq":"129","sqcand":"40001240383","n":"43620","nm":"ROSINEIDE MORAES","cc":"PV","nv":" ","e":"n","st":"","dvt":"V\u00e1lido","vap":"3","pvap":"   0,02"},{"seq":"4","sqcand":"40000878133","n":"15555","nm":"FANGA","cc":"MDB","nv":" ","e":"n","st":"","dvt":"V\u00e1lido","vap":"621","pvap":"   3,44"},{"seq":"88","sqcand":"40001113047","n":"43258","nm":"PROFESSOR JUCA","cc":"PV","nv":" ","e":"n","st":"","dvt":"V\u00e1lido","vap":"32","pvap":"   0,18"},{"seq":"23","sqcand":"40000878151","n":"15666","nm":"SOCORRO DO DALLAS","cc":"MDB","nv":" ","e":"n","st":"","dvt":"V\u00e1lido","vap":"233","pvap":"   1,29"},{"seq":"20","sqcand":"40000878150","n":"15369","nm":"PRETA DA VILA","cc":"MDB","nv":" ","e":"n","st":"","dvt":"V\u00e1lido","vap":"248","pvap":"   1,38"},{"seq":"123","sqcand":"40001147366","n":"22567","nm":"MARINEIDE","cc":"PL","nv":" ","e":"n","st":"","dvt":"V\u00e1lido","vap":"7","pvap":"   0,04"},{"seq":"113","sqcand":"40001240679","n":"43999","nm":"ANTONIO ROSENO","cc":"PV","nv":" ","e":"n","st":"","dvt":"Anulado sub judice","vap":"13","pvap":"   0,07"},{"seq":"132","sqcand":"40001266131","n":"10210","nm":"MARINES","cc":"REPUBLICANOS","nv":" ","e":"n","st":"","dvt":"V\u00e1lido","vap":"0","pvap":"00.00"},{"seq":"120","sqcand":"40001113049","n":"43117","nm":"CLAUDIA ALMEIDA","cc":"PV","nv":" ","e":"n","st":"","dvt":"V\u00e1lido","vap":"9","pvap":"   0,05"},{"seq":"84","sqcand":"40001156584","n":"11999","nm":"DONA DOLA","cc":"PP","nv":" ","e":"n","st":"","dvt":"V\u00e1lido","vap":"36","pvap":"   0,20"},{"seq":"122","sqcand":"40001247051","n":"45175","nm":"REGINA ALVES","cc":"PSDB","nv":" ","e":"n","st":"","dvt":"V\u00e1lido","vap":"8","pvap":"   0,04"},{"seq":"111","sqcand":"40001158495","n":"10113","nm":"CELENE GOMES","cc":"REPUBLICANOS","nv":" ","e":"n","st":"","dvt":"V\u00e1lido","vap":"15","pvap":"   0,08"},{"seq":"61","sqcand":"40001147361","n":"22333","nm":"Z\u00c9 DA BALSA","cc":"PL","nv":" ","e":"n","st":"","dvt":"V\u00e1lido","vap":"69","pvap":"   0,38"},{"seq":"13","sqcand":"40000879411","n":"20111","nm":"BRIGIDA CAMPOS","cc":"PSC","nv":" ","e":"n","st":"","dvt":"V\u00e1lido","vap":"407","pvap":"   2,26"},{"seq":"106","sqcand":"40001247054","n":"45888","nm":"PASTOR ANTONIO CARLOS","cc":"PSDB","nv":" ","e":"n","st":"","dvt":"V\u00e1lido","vap":"17","pvap":"   0,09"},{"seq":"69","sqcand":"40000879412","n":"20999","nm":"ALMIR CARLOS","cc":"PSC","nv":" ","e":"n","st":"","dvt":"V\u00e1lido","vap":"50","pvap":"   0,28"},{"seq":"71","sqcand":"40000879402","n":"20369","nm":"DR MARLIO","cc":"PSC","nv":" ","e":"n","st":"","dvt":"V\u00e1lido","vap":"44","pvap":"   0,24"},{"seq":"92","sqcand":"40000879410","n":"20333","nm":"PROFESSOR GELD\u00c1SIO","cc":"PSC","nv":" ","e":"n","st":"","dvt":"V\u00e1lido","vap":"29","pvap":"   0,16"},{"seq":"109","sqcand":"40001147362","n":"22345","nm":"OTAVIO RODRIGUES","cc":"PL","nv":" ","e":"n","st":"","dvt":"V\u00e1lido","vap":"15","pvap":"   0,08"},{"seq":"96","sqcand":"40001156589","n":"11120","nm":"PROFESSORA CLARICE","cc":"PP","nv":" ","e":"n","st":"","dvt":"V\u00e1lido","vap":"24","pvap":"   0,13"},{"seq":"90","sqcand":"40000878136","n":"15234","nm":"ELIANO MARTINS","cc":"MDB","nv":" ","e":"n","st":"","dvt":"V\u00e1lido","vap":"32","pvap":"   0,18"},{"seq":"28","sqcand":"40001147356","n":"22456","nm":"FARIAS","cc":"PL","nv":" ","e":"n","st":"","dvt":"V\u00e1lido","vap":"217","pvap":"   1,20"},{"seq":"56","sqcand":"40001147363","n":"22789","nm":"JOAQUIM","cc":"PL","nv":" ","e":"n","st":"","dvt":"V\u00e1lido","vap":"74","pvap":"   0,41"},{"seq":"1","sqcand":"40000878138","n":"15333","nm":"EVERTON MAIA","cc":"MDB","nv":" ","e":"n","st":"","dvt":"V\u00e1lido","vap":"1019","pvap":"   5,65"},{"seq":"112","sqcand":"40001264503","n":"11378","nm":"PAULA DO DOZE","cc":"PP","nv":" ","e":"n","st":"","dvt":"V\u00e1lido","vap":"14","pvap":"   0,08"},{"seq":"18","sqcand":"40001156582","n":"11123","nm":"GERNILSON","cc":"PP","nv":" ","e":"n","st":"","dvt":"V\u00e1lido","vap":"323","pvap":"   1,79"},{"seq":"121","sqcand":"40001158486","n":"10345","nm":"ADRIANA DA BIDA","cc":"REPUBLICANOS","nv":" ","e":"n","st":"","dvt":"V\u00e1lido","vap":"9","pvap":"   0,05"},{"seq":"101","sqcand":"40001152186","n":"13234","nm":"PASTOR VASCONCELOS","cc":"PT","nv":" ","e":"n","st":"","dvt":"V\u00e1lido","vap":"21","pvap":"   0,12"},{"seq":"43","sqcand":"40001156590","n":"11888","nm":"JOSE GOMES","cc":"PP","nv":" ","e":"n","st":"","dvt":"V\u00e1lido","vap":"105","pvap":"   0,58"},{"seq":"9","sqcand":"40000878135","n":"15556","nm":"\u00c1UREA GALV\u00c3O","cc":"MDB","nv":" ","e":"n","st":"","dvt":"V\u00e1lido","vap":"519","pvap":"   2,88"},{"seq":"21","sqcand":"40000879404","n":"20789","nm":"F\u00c1","cc":"PSC","nv":" ","e":"n","st":"","dvt":"V\u00e1lido","vap":"237","pvap":"   1,31"},{"seq":"49","sqcand":"40000878134","n":"15178","nm":"ANTONIO JOSE","cc":"MDB","nv":" ","e":"n","st":"","dvt":"V\u00e1lido","vap":"90","pvap":"   0,50"},{"seq":"67","sqcand":"40001147359","n":"22777","nm":"ERICA AMORIM","cc":"PL","nv":" ","e":"n","st":"","dvt":"V\u00e1lido","vap":"52","pvap":"   0,29"},{"seq":"41","sqcand":"40001144501","n":"55666","nm":"BOL\u00c3O","cc":"PSD","nv":" ","e":"n","st":"","dvt":"V\u00e1lido","vap":"109","pvap":"   0,60"},{"seq":"55","sqcand":"40000879408","n":"20223","nm":"PEDRO TOIOTA","cc":"PSC","nv":" ","e":"n","st":"","dvt":"V\u00e1lido","vap":"75","pvap":"   0,42"},{"seq":"131","sqcand":"40001152191","n":"13456","nm":"GLEICE SILVA","cc":"PT","nv":" ","e":"n","st":"","dvt":"V\u00e1lido","vap":"1","pvap":"   0,01"},{"seq":"77","sqcand":"40001113053","n":"43111","nm":"PROFESSOR EDIVALDO","cc":"PV","nv":" ","e":"n","st":"","dvt":"V\u00e1lido","vap":"40","pvap":"   0,22"},{"seq":"125","sqcand":"40001152190","n":"13567","nm":"BOSO","cc":"PT","nv":" ","e":"n","st":"","dvt":"V\u00e1lido","vap":"5","pvap":"   0,03"},{"seq":"72","sqcand":"40001152182","n":"13000","nm":"BORES RAIDA","cc":"PT","nv":" ","e":"n","st":"","dvt":"V\u00e1lido","vap":"44","pvap":"   0,24"},{"seq":"40","sqcand":"40000879417","n":"20222","nm":"DONA NENA","cc":"PSC","nv":" ","e":"n","st":"","dvt":"V\u00e1lido","vap":"114","pvap":"   0,63"},{"seq":"64","sqcand":"40001247057","n":"45456","nm":"PRETA VIANA","cc":"PSDB","nv":" ","e":"n","st":"","dvt":"V\u00e1lido","vap":"59","pvap":"   0,33"},{"seq":"12","sqcand":"40001156585","n":"11000","nm":"Z\u00c9 HADSON","cc":"PP","nv":" ","e":"n","st":"","dvt":"V\u00e1lido","vap":"411","pvap":"   2,28"},{"seq":"14","sqcand":"40001156591","n":"11333","nm":"BOLINHA","cc":"PP","nv":" ","e":"n","st":"","dvt":"V\u00e1lido","vap":"380","pvap":"   2,11"},{"seq":"52","sqcand":"40001113061","n":"43000","nm":"ZAZ\u00c1 DO INSS","cc":"PV","nv":" ","e":"n","st":"","dvt":"V\u00e1lido","vap":"85","pvap":"   0,47"},{"seq":"99","sqcand":"40000879406","n":"20555","nm":"MALVEIRA ARRUDA","cc":"PSC","nv":" ","e":"n","st":"","dvt":"V\u00e1lido","vap":"22","pvap":"   0,12"},{"seq":"95","sqcand":"40001247053","n":"45111","nm":"SOCORRO ROM\u00c3O","cc":"PSDB","nv":" ","e":"n","st":"","dvt":"V\u00e1lido","vap":"24","pvap":"   0,13"},{"seq":"89","sqcand":"40001152184","n":"13111","nm":"GI","cc":"PT","nv":" ","e":"n","st":"","dvt":"V\u00e1lido","vap":"32","pvap":"   0,18"},{"seq":"107","sqcand":"40001247052","n":"45222","nm":"JOEL SANTOS","cc":"PSDB","nv":" ","e":"n","st":"","dvt":"V\u00e1lido","vap":"16","pvap":"   0,09"},{"seq":"127","sqcand":"40001144503","n":"55456","nm":"VAL","cc":"PSD","nv":" ","e":"n","st":"","dvt":"V\u00e1lido","vap":"4","pvap":"   0,02"},{"seq":"104","sqcand":"40001147364","n":"22234","nm":"SAID","cc":"PL","nv":" ","e":"n","st":"","dvt":"V\u00e1lido","vap":"19","pvap":"   0,11"},{"seq":"33","sqcand":"40001113048","n":"43443","nm":"EDILSON MKK","cc":"PV","nv":" ","e":"n","st":"","dvt":"V\u00e1lido","vap":"159","pvap":"   0,88"},{"seq":"50","sqcand":"40000879418","n":"20456","nm":"RENILSON","cc":"PSC","nv":" ","e":"n","st":"","dvt":"V\u00e1lido","vap":"89","pvap":"   0,49"}]}
