{"ele":"426","tpabr":"mu","cdabr":"02615","carper":"13","t":"1","f":"o","dt":"16/11/2020","ht":"06:47:27","dv":"s","tf":"s","v":"15","esae":"n","mnae":"","s":"96","st":"96","pst":" 100,00","snt":"0","psnt":"   0,00","si":"96","psi":" 100,00","sni":"0","psni":"   0,00","sa":"96","psa":" 100,00","sna":"0","psna":"   0,00","e":"34283","ea":"34283","pea":" 100,00","ena":"0","pena":"   0,00","esi":"34283","pesi":" 100,00","esni":"0","pesni":"   0,00","c":"26936","pc":"  78,57","a":"7347","pa":"  21,43","vscv":"0","vnom":"24919","vl":"1458","pvnom":"  94,47","pvl":"   5,53","vvc":"26380","pvvc":"  97,94","vb":"191","pvb":"   0,70","tvn":"365","ptvn":"   1,36","vn":"365","pvn":" 100,00","vnt":"0","pvnt":"   0,00","vp":"0","pvp":"   0,00","vv":"26377","pvv":"  99,99","van":"0","pvan":"   0,00","vansj":"3","pvansj":"   0,01","tv":"26936","cand":[{"seq":"102","sqcand":"40001040471","n":"13000","nm":"FERNANDINHA DO PT","cc":"PT","nv":" ","e":"n","st":"Suplente","dvt":"V\u00e1lido","vap":"5","pvap":"   0,02"},{"seq":"37","sqcand":"40000840852","n":"20888","nm":"PROFESSOR PAULO ALEGRIA ","cc":"PSC","nv":" ","e":"n","st":"Suplente","dvt":"V\u00e1lido","vap":"172","pvap":"   0,65"},{"seq":"122","sqcand":"40000838845","n":"65222","nm":"SANDRO","cc":"PC do B","nv":" ","e":"n","st":"N\u00e3o eleito","dvt":"V\u00e1lido","vap":"81","pvap":"   0,31"},{"seq":"27","sqcand":"40000840856","n":"20111","nm":"IVANILDO GAST\u00c3O","cc":"PSC","nv":" ","e":"n","st":"Suplente","dvt":"V\u00e1lido","vap":"296","pvap":"   1,12"},{"seq":"26","sqcand":"40000940877","n":"17666","nm":"TELO","cc":"PSL","nv":" ","e":"n","st":"Suplente","dvt":"V\u00e1lido","vap":"316","pvap":"   1,20"},{"seq":"159","sqcand":"40001035237","n":"19111","nm":"PROFESSOR EMERSON","cc":"PODE","nv":" ","e":"n","st":"N\u00e3o eleito","dvt":"V\u00e1lido","vap":"10","pvap":"   0,04"},{"seq":"77","sqcand":"40000841257","n":"13690","nm":"MIGUEL SARACA","cc":"PT","nv":" ","e":"n","st":"Suplente","dvt":"V\u00e1lido","vap":"24","pvap":"   0,09"},{"seq":"67","sqcand":"40000840862","n":"20444","nm":"PROFESSORA SILVIA MUNDURUKU","cc":"PSC","nv":" ","e":"n","st":"Suplente","dvt":"V\u00e1lido","vap":"46","pvap":"   0,17"},{"seq":"20","sqcand":"40000839921","n":"55141","nm":"L\u00c9O MOREIRA","cc":"PSD","nv":" ","e":"n","st":"Suplente","dvt":"V\u00e1lido","vap":"371","pvap":"   1,41"},{"seq":"121","sqcand":"40001156540","n":"11111","nm":"DUCA","cc":"PP","nv":" ","e":"n","st":"N\u00e3o eleito","dvt":"V\u00e1lido","vap":"92","pvap":"   0,35"},{"seq":"135","sqcand":"40001038692","n":"45111","nm":"PAULO COLARES","cc":"PSDB","nv":" ","e":"n","st":"N\u00e3o eleito","dvt":"V\u00e1lido","vap":"33","pvap":"   0,13"},{"seq":"81","sqcand":"40000839402","n":"25026","nm":"SALU","cc":"DEM","nv":" ","e":"n","st":"Suplente","dvt":"V\u00e1lido","vap":"19","pvap":"   0,07"},{"seq":"58","sqcand":"40000939772","n":"10115","nm":"IRM\u00c3O ARUDSON","cc":"REPUBLICANOS","nv":" ","e":"n","st":"Suplente","dvt":"V\u00e1lido","vap":"79","pvap":"   0,30"},{"seq":"54","sqcand":"40001234767","n":"22000","nm":"MARLON BATISTA","cc":"PL","nv":" ","e":"n","st":"Suplente","dvt":"V\u00e1lido","vap":"92","pvap":"   0,35"},{"seq":"45","sqcand":"40000940871","n":"17222","nm":"NEY BARA\u00daNA","cc":"PSL","nv":" ","e":"n","st":"Suplente","dvt":"V\u00e1lido","vap":"120","pvap":"   0,45"},{"seq":"66","sqcand":"40001234773","n":"22111","nm":"DONGA BONIT\u00c3O","cc":"PL","nv":" ","e":"n","st":"Suplente","dvt":"V\u00e1lido","vap":"48","pvap":"   0,18"},{"seq":"89","sqcand":"40001040447","n":"20252","nm":"PROFESSORA CARLA CRISTINA ","cc":"PSC","nv":" ","e":"n","st":"Suplente","dvt":"V\u00e1lido","vap":"14","pvap":"   0,05"},{"seq":"160","sqcand":"40000939054","n":"33313","nm":"COELHO","cc":"PMN","nv":" ","e":"n","st":"N\u00e3o eleito","dvt":"V\u00e1lido","vap":"8","pvap":"   0,03"},{"seq":"164","sqcand":"40001038694","n":"45777","nm":"CASTELO","cc":"PSDB","nv":" ","e":"n","st":"N\u00e3o eleito","dvt":"V\u00e1lido","vap":"7","pvap":"   0,03"},{"seq":"10","sqcand":"40000841252","n":"13633","nm":"LULINHA DE MAUES","cc":"PT","nv":" ","e":"s","st":"Eleito","dvt":"V\u00e1lido","vap":"518","pvap":"   1,96"},{"seq":"148","sqcand":"40001091378","n":"15155","nm":"REGINA DA VERA CRUZ","cc":"MDB","nv":" ","e":"n","st":"N\u00e3o eleito","dvt":"V\u00e1lido","vap":"17","pvap":"   0,06"},{"seq":"98","sqcand":"40000939778","n":"10020","nm":"PROFESSOR EG\u00cdDIO","cc":"REPUBLICANOS","nv":" ","e":"n","st":"Suplente","dvt":"V\u00e1lido","vap":"8","pvap":"   0,03"},{"seq":"126","sqcand":"40001035242","n":"19000","nm":"EGLISON PEREIRA","cc":"PODE","nv":" ","e":"n","st":"N\u00e3o eleito","dvt":"V\u00e1lido","vap":"61","pvap":"   0,23"},{"seq":"4","sqcand":"40000840850","n":"20123","nm":"RODRIGO BENTES","cc":"PSC","nv":" ","e":"s","st":"Eleito","dvt":"V\u00e1lido","vap":"857","pvap":"   3,25"},{"seq":"6","sqcand":"40000840860","n":"20555","nm":"MARTINEIA DINELLI","cc":"PSC","nv":" ","e":"s","st":"Eleito","dvt":"V\u00e1lido","vap":"769","pvap":"   2,92"},{"seq":"104","sqcand":"40000839917","n":"55134","nm":"SINHORINHA","cc":"PSD","nv":" ","e":"n","st":"Suplente","dvt":"V\u00e1lido","vap":"4","pvap":"   0,02"},{"seq":"169","sqcand":"40001091374","n":"15222","nm":"BOSSA","cc":"MDB","nv":" ","e":"n","st":"N\u00e3o eleito","dvt":"V\u00e1lido","vap":"3","pvap":"   0,01"},{"seq":"118","sqcand":"40001065728","n":"40123","nm":"SALVIANO","cc":"PSB","nv":" ","e":"n","st":"N\u00e3o eleito","dvt":"V\u00e1lido","vap":"114","pvap":"   0,43"},{"seq":"65","sqcand":"40001234776","n":"22300","nm":"PROF ODINAEL","cc":"PL","nv":" ","e":"n","st":"Suplente","dvt":"V\u00e1lido","vap":"49","pvap":"   0,19"},{"seq":"116","sqcand":"40000838842","n":"65333","nm":"DILZA PANTOJA","cc":"PC do B","nv":" ","e":"n","st":"N\u00e3o eleito","dvt":"V\u00e1lido","vap":"137","pvap":"   0,52"},{"seq":"34","sqcand":"40001234782","n":"22223","nm":"NETTO","cc":"PL","nv":" ","e":"n","st":"Suplente","dvt":"V\u00e1lido","vap":"209","pvap":"   0,79"},{"seq":"129","sqcand":"40000939048","n":"33456","nm":"SERGIO SARI","cc":"PMN","nv":" ","e":"n","st":"N\u00e3o eleito","dvt":"V\u00e1lido","vap":"51","pvap":"   0,19"},{"seq":"30","sqcand":"40000939781","n":"10456","nm":"J\u00d3 CASTRO","cc":"REPUBLICANOS","nv":" ","e":"n","st":"Suplente","dvt":"V\u00e1lido","vap":"236","pvap":"   0,89"},{"seq":"68","sqcand":"40000840855","n":"20020","nm":"MALHADO","cc":"PSC","nv":" ","e":"n","st":"Suplente","dvt":"V\u00e1lido","vap":"40","pvap":"   0,15"},{"seq":"101","sqcand":"40001234774","n":"22333","nm":"BIBLIANE","cc":"PL","nv":" ","e":"n","st":"Suplente","dvt":"V\u00e1lido","vap":"6","pvap":"   0,02"},{"seq":"152","sqcand":"40001156539","n":"11222","nm":"AFONSO","cc":"PP","nv":" ","e":"n","st":"N\u00e3o eleito","dvt":"V\u00e1lido","vap":"15","pvap":"   0,06"},{"seq":"161","sqcand":"40001065722","n":"40015","nm":"MARAZONA","cc":"PSB","nv":" ","e":"n","st":"N\u00e3o eleito","dvt":"V\u00e1lido","vap":"8","pvap":"   0,03"},{"seq":"112","sqcand":"40001234769","n":"22044","nm":"DONA IVA","cc":"PL","nv":" ","e":"n","st":"Suplente","dvt":"V\u00e1lido","vap":"0","pvap":"00.00"},{"seq":"108","sqcand":"40001234779","n":"22346","nm":"SANDRA CRISTINA","cc":"PL","nv":" ","e":"n","st":"Suplente","dvt":"V\u00e1lido","vap":"2","pvap":"   0,01"},{"seq":"17","sqcand":"40000839916","n":"55123","nm":"CRISTIANO SAID","cc":"PSD","nv":" ","e":"n","st":"Suplente","dvt":"V\u00e1lido","vap":"456","pvap":"   1,73"},{"seq":"110","sqcand":"40000841262","n":"13223","nm":"ANTONIO ALMEIDA ","cc":"PT","nv":" ","e":"n","st":"Suplente","dvt":"V\u00e1lido","vap":"1","pvap":"   0,00"},{"seq":"18","sqcand":"40000939773","n":"10789","nm":"ERC\u00cdLIO OLIVEIRA","cc":"REPUBLICANOS","nv":" ","e":"n","st":"Suplente","dvt":"V\u00e1lido","vap":"446","pvap":"   1,69"},{"seq":"182","sqcand":"40001267792","n":"11369","nm":"DONA RAIMUNDA","cc":"PP","nv":" ","e":"n","st":"N\u00e3o eleito","dvt":"V\u00e1lido","vap":"0","pvap":"00.00"},{"seq":"19","sqcand":"40000940879","n":"17000","nm":"ROBERTA ALVES","cc":"PSL","nv":" ","e":"n","st":"Suplente","dvt":"V\u00e1lido","vap":"444","pvap":"   1,68"},{"seq":"155","sqcand":"40001038688","n":"45999","nm":"GILMARA","cc":"PSDB","nv":" ","e":"n","st":"N\u00e3o eleito","dvt":"V\u00e1lido","vap":"14","pvap":"   0,05"},{"seq":"21","sqcand":"40000839399","n":"25025","nm":"LEONARDO NEGREIROS","cc":"DEM","nv":" ","e":"n","st":"Suplente","dvt":"V\u00e1lido","vap":"358","pvap":"   1,36"},{"seq":"14","sqcand":"40000939771","n":"10000","nm":"WILLIAM JOHNS","cc":"REPUBLICANOS","nv":" ","e":"s","st":"Eleito","dvt":"V\u00e1lido","vap":"450","pvap":"   1,71"},{"seq":"171","sqcand":"40001065725","n":"40333","nm":"ARILDO MENDES","cc":"PSB","nv":" ","e":"n","st":"N\u00e3o eleito","dvt":"V\u00e1lido","vap":"3","pvap":"   0,01"},{"seq":"119","sqcand":"40001035239","n":"19222","nm":"CASSIANO","cc":"PODE","nv":" ","e":"n","st":"N\u00e3o eleito","dvt":"V\u00e1lido","vap":"96","pvap":"   0,36"},{"seq":"168","sqcand":"40001235636","n":"12333","nm":"DELEGADO VAQUERO","cc":"PDT","nv":" ","e":"n","st":"N\u00e3o eleito","dvt":"V\u00e1lido","vap":"3","pvap":"   0,01"},{"seq":"73","sqcand":"40000839401","n":"25800","nm":"DICO LEAO","cc":"DEM","nv":" ","e":"n","st":"Suplente","dvt":"V\u00e1lido","vap":"26","pvap":"   0,10"},{"seq":"31","sqcand":"40000839918","n":"55999","nm":"ALESSON PERRONE","cc":"PSD","nv":" ","e":"n","st":"Suplente","dvt":"V\u00e1lido","vap":"235","pvap":"   0,89"},{"seq":"44","sqcand":"40000939775","n":"10123","nm":"ILSON BENTES","cc":"REPUBLICANOS","nv":" ","e":"n","st":"Suplente","dvt":"V\u00e1lido","vap":"121","pvap":"   0,46"},{"seq":"93","sqcand":"40001234780","n":"22567","nm":"JAIR ALBUQUERQUE","cc":"PL","nv":" ","e":"n","st":"Suplente","dvt":"V\u00e1lido","vap":"11","pvap":"   0,04"},{"seq":"175","sqcand":"40001266078","n":"40840","nm":"ETTI","cc":"PSB","nv":" ","e":"n","st":"N\u00e3o eleito","dvt":"V\u00e1lido","vap":"2","pvap":"   0,01"},{"seq":"38","sqcand":"40001234777","n":"22555","nm":"DANILO DOS SANTOS","cc":"PL","nv":" ","e":"n","st":"Suplente","dvt":"V\u00e1lido","vap":"153","pvap":"   0,58"},{"seq":"176","sqcand":"40001065721","n":"40540","nm":"KELLY","cc":"PSB","nv":" ","e":"n","st":"N\u00e3o eleito","dvt":"V\u00e1lido","vap":"2","pvap":"   0,01"},{"seq":"92","sqcand":"40001040961","n":"17007","nm":"EL\u00d4 MATOS","cc":"PSL","nv":" ","e":"n","st":"Suplente","dvt":"V\u00e1lido","vap":"13","pvap":"   0,05"},{"seq":"75","sqcand":"40000939776","n":"10015","nm":"RONER MACEDO","cc":"REPUBLICANOS","nv":" ","e":"n","st":"Suplente","dvt":"V\u00e1lido","vap":"25","pvap":"   0,09"},{"seq":"11","sqcand":"40001234787","n":"22888","nm":"WILSON SATER\u00ca","cc":"PL","nv":" ","e":"s","st":"Eleito","dvt":"V\u00e1lido","vap":"494","pvap":"   1,87"},{"seq":"100","sqcand":"40001155108","n":"25456","nm":"TELMARA CORREA","cc":"DEM","nv":" ","e":"n","st":"Suplente","dvt":"V\u00e1lido","vap":"7","pvap":"   0,03"},{"seq":"143","sqcand":"40001038691","n":"45525","nm":"LUZIANE","cc":"PSDB","nv":" ","e":"n","st":"N\u00e3o eleito","dvt":"V\u00e1lido","vap":"23","pvap":"   0,09"},{"seq":"157","sqcand":"40001065719","n":"40777","nm":"IVAN DA COOPERATIVA","cc":"PSB","nv":" ","e":"n","st":"N\u00e3o eleito","dvt":"V\u00e1lido","vap":"13","pvap":"   0,05"},{"seq":"141","sqcand":"40001235633","n":"12012","nm":"TIO GATTO","cc":"PDT","nv":" ","e":"n","st":"N\u00e3o eleito","dvt":"V\u00e1lido","vap":"24","pvap":"   0,09"},{"seq":"115","sqcand":"40001035235","n":"19123","nm":"ANTONYS BARBOSA","cc":"PODE","nv":" ","e":"n","st":"N\u00e3o eleito","dvt":"V\u00e1lido","vap":"281","pvap":"   1,07"},{"seq":"177","sqcand":"40001035238","n":"19044","nm":"HIGSON","cc":"PODE","nv":" ","e":"n","st":"N\u00e3o eleito","dvt":"Anulado sub judice","vap":"1","pvap":"   0,00"},{"seq":"25","sqcand":"40000839913","n":"55666","nm":"CLEIA BRASIL","cc":"PSD","nv":" ","e":"n","st":"Suplente","dvt":"V\u00e1lido","vap":"318","pvap":"   1,21"},{"seq":"71","sqcand":"40000940876","n":"17017","nm":"LENY SOUZA","cc":"PSL","nv":" ","e":"n","st":"Suplente","dvt":"V\u00e1lido","vap":"29","pvap":"   0,11"},{"seq":"154","sqcand":"40001038696","n":"45678","nm":"EDMILSON MARQUES","cc":"PSDB","nv":" ","e":"n","st":"N\u00e3o eleito","dvt":"V\u00e1lido","vap":"14","pvap":"   0,05"},{"seq":"146","sqcand":"40001065723","n":"40234","nm":"CARLOS SILVA","cc":"PSB","nv":" ","e":"n","st":"N\u00e3o eleito","dvt":"V\u00e1lido","vap":"20","pvap":"   0,08"},{"seq":"82","sqcand":"40001234783","n":"22444","nm":"AGLESON MOTOTAXI","cc":"PL","nv":" ","e":"n","st":"Suplente","dvt":"V\u00e1lido","vap":"19","pvap":"   0,07"},{"seq":"9","sqcand":"40000840864","n":"20789","nm":"PASTOZINHO","cc":"PSC","nv":" ","e":"s","st":"Eleito","dvt":"V\u00e1lido","vap":"527","pvap":"   2,00"},{"seq":"51","sqcand":"40001234781","n":"22022","nm":"PROFESSOR VALDERLEY","cc":"PL","nv":" ","e":"n","st":"Suplente","dvt":"V\u00e1lido","vap":"99","pvap":"   0,38"},{"seq":"140","sqcand":"40001038697","n":"45122","nm":"ANA BELO","cc":"PSDB","nv":" ","e":"n","st":"N\u00e3o eleito","dvt":"V\u00e1lido","vap":"24","pvap":"   0,09"},{"seq":"153","sqcand":"40001035240","n":"19789","nm":"RAI","cc":"PODE","nv":" ","e":"n","st":"N\u00e3o eleito","dvt":"V\u00e1lido","vap":"14","pvap":"   0,05"},{"seq":"139","sqcand":"40001035243","n":"19333","nm":"SATIRO NETO","cc":"PODE","nv":" ","e":"n","st":"N\u00e3o eleito","dvt":"V\u00e1lido","vap":"27","pvap":"   0,10"},{"seq":"57","sqcand":"40001234784","n":"22369","nm":"ALBERICO SATER\u00ca","cc":"PL","nv":" ","e":"n","st":"Suplente","dvt":"V\u00e1lido","vap":"83","pvap":"   0,31"},{"seq":"42","sqcand":"40000840849","n":"20620","nm":"KLEBER LOURO","cc":"PSC","nv":" ","e":"n","st":"Suplente","dvt":"V\u00e1lido","vap":"123","pvap":"   0,47"},{"seq":"134","sqcand":"40001235634","n":"12123","nm":"ADONIAS BEM-TE-VI","cc":"PDT","nv":" ","e":"n","st":"N\u00e3o eleito","dvt":"V\u00e1lido","vap":"33","pvap":"   0,13"},{"seq":"86","sqcand":"40000839922","n":"55510","nm":"DELMA RITA","cc":"PSD","nv":" ","e":"n","st":"Suplente","dvt":"V\u00e1lido","vap":"15","pvap":"   0,06"},{"seq":"3","sqcand":"40000839398","n":"25000","nm":"PAULO RODRIGO","cc":"DEM","nv":" ","e":"s","st":"Eleito","dvt":"V\u00e1lido","vap":"932","pvap":"   3,53"},{"seq":"64","sqcand":"40000841256","n":"13013","nm":"PAPITO","cc":"PT","nv":" ","e":"n","st":"Suplente","dvt":"V\u00e1lido","vap":"53","pvap":"   0,20"},{"seq":"78","sqcand":"40000839400","n":"25333","nm":"JANE DO XIB\u00c9","cc":"DEM","nv":" ","e":"n","st":"Suplente","dvt":"V\u00e1lido","vap":"23","pvap":"   0,09"},{"seq":"46","sqcand":"40000841253","n":"13113","nm":"EMERSON PITTA","cc":"PT","nv":" ","e":"n","st":"Suplente","dvt":"V\u00e1lido","vap":"116","pvap":"   0,44"},{"seq":"39","sqcand":"40000839914","n":"55888","nm":"OSMAR BRAND\u00c3O","cc":"PSD","nv":" ","e":"n","st":"Suplente","dvt":"V\u00e1lido","vap":"152","pvap":"   0,58"},{"seq":"88","sqcand":"40000840861","n":"20255","nm":"LAELISON CASCAES","cc":"PSC","nv":" ","e":"n","st":"Suplente","dvt":"V\u00e1lido","vap":"15","pvap":"   0,06"},{"seq":"50","sqcand":"40000840857","n":"20456","nm":"NANDO ALMER","cc":"PSC","nv":" ","e":"n","st":"Suplente","dvt":"V\u00e1lido","vap":"106","pvap":"   0,40"},{"seq":"117","sqcand":"40001091380","n":"15015","nm":"MESTRINHO NAVEGADOR","cc":"MDB","nv":" ","e":"n","st":"N\u00e3o eleito","dvt":"V\u00e1lido","vap":"133","pvap":"   0,50"},{"seq":"137","sqcand":"40000838841","n":"65123","nm":"WILSON JUNIOR","cc":"PC do B","nv":" ","e":"n","st":"N\u00e3o eleito","dvt":"V\u00e1lido","vap":"30","pvap":"   0,11"},{"seq":"69","sqcand":"40001234785","n":"22110","nm":"CRISTINA SANTOS","cc":"PL","nv":" ","e":"n","st":"Suplente","dvt":"V\u00e1lido","vap":"39","pvap":"   0,15"},{"seq":"60","sqcand":"40001234778","n":"22244","nm":"TIO TUTU","cc":"PL","nv":" ","e":"n","st":"Suplente","dvt":"V\u00e1lido","vap":"62","pvap":"   0,24"},{"seq":"72","sqcand":"40000841264","n":"13115","nm":"CACIQUE LUIS","cc":"PT","nv":" ","e":"n","st":"Suplente","dvt":"V\u00e1lido","vap":"28","pvap":"   0,11"},{"seq":"53","sqcand":"40001257736","n":"22622","nm":"KERLESON","cc":"PL","nv":" ","e":"n","st":"Suplente","dvt":"V\u00e1lido","vap":"96","pvap":"   0,36"},{"seq":"40","sqcand":"40000839392","n":"25123","nm":"ALCIVAN TAVARES","cc":"DEM","nv":" ","e":"n","st":"Suplente","dvt":"V\u00e1lido","vap":"150","pvap":"   0,57"},{"seq":"36","sqcand":"40000841266","n":"13333","nm":"WESLEY LOPES","cc":"PT","nv":" ","e":"n","st":"Suplente","dvt":"V\u00e1lido","vap":"180","pvap":"   0,68"},{"seq":"125","sqcand":"40001091381","n":"15077","nm":"PASTOR GRACINELSON","cc":"MDB","nv":" ","e":"n","st":"N\u00e3o eleito","dvt":"V\u00e1lido","vap":"69","pvap":"   0,26"},{"seq":"96","sqcand":"40000940874","n":"17480","nm":"PROF\u00aa NILDES","cc":"PSL","nv":" ","e":"n","st":"Suplente","dvt":"V\u00e1lido","vap":"8","pvap":"   0,03"},{"seq":"151","sqcand":"40001156535","n":"11123","nm":"RONI SOLIMOES","cc":"PP","nv":" ","e":"n","st":"N\u00e3o eleito","dvt":"V\u00e1lido","vap":"16","pvap":"   0,06"},{"seq":"56","sqcand":"40000840863","n":"20112","nm":"TEC. AGRICOLA EDIVALDO Z\u00d3ZIMO","cc":"PSC","nv":" ","e":"n","st":"Suplente","dvt":"V\u00e1lido","vap":"84","pvap":"   0,32"},{"seq":"95","sqcand":"40001234786","n":"22234","nm":"CARLOS AUDY","cc":"PL","nv":" ","e":"n","st":"Suplente","dvt":"V\u00e1lido","vap":"9","pvap":"   0,03"},{"seq":"63","sqcand":"40000841254","n":"13433","nm":"ALDENICE OLIVEIRA ","cc":"PT","nv":" ","e":"n","st":"Suplente","dvt":"V\u00e1lido","vap":"53","pvap":"   0,20"},{"seq":"41","sqcand":"40000939779","n":"10233","nm":"PROFESSORA MARCIANA","cc":"REPUBLICANOS","nv":" ","e":"n","st":"Suplente","dvt":"V\u00e1lido","vap":"142","pvap":"   0,54"},{"seq":"128","sqcand":"40001065730","n":"40740","nm":"SIDNEY BARRETO CAPEL\u00c3O","cc":"PSB","nv":" ","e":"n","st":"N\u00e3o eleito","dvt":"V\u00e1lido","vap":"52","pvap":"   0,20"},{"seq":"167","sqcand":"40000939053","n":"33333","nm":"ELIANE","cc":"PMN","nv":" ","e":"n","st":"N\u00e3o eleito","dvt":"V\u00e1lido","vap":"4","pvap":"   0,02"},{"seq":"172","sqcand":"40001065731","n":"40345","nm":"MAGNA ALIPAZ","cc":"PSB","nv":" ","e":"n","st":"N\u00e3o eleito","dvt":"V\u00e1lido","vap":"3","pvap":"   0,01"},{"seq":"84","sqcand":"40000839403","n":"25222","nm":"PROF PAULO MORAES","cc":"DEM","nv":" ","e":"n","st":"Suplente","dvt":"V\u00e1lido","vap":"18","pvap":"   0,07"},{"seq":"179","sqcand":"40001156538","n":"11258","nm":"SILVIA ESTEVES","cc":"PP","nv":" ","e":"n","st":"N\u00e3o eleito","dvt":"Anulado sub judice","vap":"0","pvap":"00.00"},{"seq":"180","sqcand":"40000939050","n":"33777","nm":"MARIO MICHILES","cc":"PMN","nv":" ","e":"n","st":"N\u00e3o eleito","dvt":"Anulado sub judice","vap":"0","pvap":"00.00"},{"seq":"114","sqcand":"40001091377","n":"15123","nm":"CLEY CB","cc":"MDB","nv":" ","e":"n","st":"N\u00e3o eleito","dvt":"V\u00e1lido","vap":"378","pvap":"   1,43"},{"seq":"103","sqcand":"40000841265","n":"13213","nm":"PROFESSOR JO\u00c3O","cc":"PT","nv":" ","e":"n","st":"Suplente","dvt":"V\u00e1lido","vap":"4","pvap":"   0,02"},{"seq":"150","sqcand":"40000939051","n":"33023","nm":"MARIA ANIZIA","cc":"PMN","nv":" ","e":"n","st":"N\u00e3o eleito","dvt":"V\u00e1lido","vap":"16","pvap":"   0,06"},{"seq":"130","sqcand":"40001038693","n":"45123","nm":"BODO","cc":"PSDB","nv":" ","e":"n","st":"N\u00e3o eleito","dvt":"V\u00e1lido","vap":"45","pvap":"   0,17"},{"seq":"48","sqcand":"40000839920","n":"55633","nm":"EDERSON GOMES","cc":"PSD","nv":" ","e":"n","st":"Suplente","dvt":"V\u00e1lido","vap":"110","pvap":"   0,42"},{"seq":"113","sqcand":"40001038690","n":"45822","nm":"ZANA","cc":"PSDB","nv":" ","e":"n","st":"N\u00e3o eleito","dvt":"V\u00e1lido","vap":"679","pvap":"   2,57"},{"seq":"79","sqcand":"40000940873","n":"17700","nm":"JORGE AGUIAR","cc":"PSL","nv":" ","e":"n","st":"Suplente","dvt":"V\u00e1lido","vap":"22","pvap":"   0,08"},{"seq":"99","sqcand":"40001234770","n":"22789","nm":"EVALDO MONTEIRO","cc":"PL","nv":" ","e":"n","st":"Suplente","dvt":"V\u00e1lido","vap":"7","pvap":"   0,03"},{"seq":"80","sqcand":"40001234768","n":"22242","nm":"ENIVALDO MAFRA","cc":"PL","nv":" ","e":"n","st":"Suplente","dvt":"V\u00e1lido","vap":"20","pvap":"   0,08"},{"seq":"109","sqcand":"40001272156","n":"10010","nm":"VAL LIMA","cc":"REPUBLICANOS","nv":" ","e":"n","st":"Suplente","dvt":"V\u00e1lido","vap":"2","pvap":"   0,01"},{"seq":"183","sqcand":"40001267791","n":"11236","nm":"MARIA ODIOGINA","cc":"PP","nv":" ","e":"n","st":"N\u00e3o eleito","dvt":"V\u00e1lido","vap":"0","pvap":"00.00"},{"seq":"87","sqcand":"40000839393","n":"25048","nm":"NEI ALVES","cc":"DEM","nv":" ","e":"n","st":"Suplente","dvt":"V\u00e1lido","vap":"15","pvap":"   0,06"},{"seq":"107","sqcand":"40000841263","n":"13567","nm":"RAIMUNDO DE JESUS","cc":"PT","nv":" ","e":"n","st":"Suplente","dvt":"V\u00e1lido","vap":"2","pvap":"   0,01"},{"seq":"94","sqcand":"40000841251","n":"13125","nm":"JOCA TAXISTA","cc":"PT","nv":" ","e":"n","st":"Suplente","dvt":"V\u00e1lido","vap":"10","pvap":"   0,04"},{"seq":"74","sqcand":"40000940880","n":"17234","nm":"JOS\u00c9 ALBERTO","cc":"PSL","nv":" ","e":"n","st":"Suplente","dvt":"V\u00e1lido","vap":"26","pvap":"   0,10"},{"seq":"29","sqcand":"40000841260","n":"13136","nm":"T\u00c2NIA DO SINDICATO","cc":"PT","nv":" ","e":"n","st":"Suplente","dvt":"V\u00e1lido","vap":"251","pvap":"   0,95"},{"seq":"127","sqcand":"40001235635","n":"12789","nm":"NIDIA HAABY","cc":"PDT","nv":" ","e":"n","st":"N\u00e3o eleito","dvt":"V\u00e1lido","vap":"56","pvap":"   0,21"},{"seq":"28","sqcand":"40000839919","n":"55333","nm":"CABE\u00c7A BERGER","cc":"PSD","nv":" ","e":"n","st":"Suplente","dvt":"V\u00e1lido","vap":"262","pvap":"   0,99"},{"seq":"1","sqcand":"40000839910","n":"55555","nm":"CARLA LEITE","cc":"PSD","nv":" ","e":"s","st":"Eleito","dvt":"V\u00e1lido","vap":"1778","pvap":"   6,74"},{"seq":"24","sqcand":"40000840859","n":"20777","nm":"M\u00c1RCIO SANTOS","cc":"PSC","nv":" ","e":"n","st":"Suplente","dvt":"V\u00e1lido","vap":"328","pvap":"   1,24"},{"seq":"22","sqcand":"40000840858","n":"20200","nm":"ACS MARA MICHILES","cc":"PSC","nv":" ","e":"n","st":"Suplente","dvt":"V\u00e1lido","vap":"354","pvap":"   1,34"},{"seq":"97","sqcand":"40000841261","n":"13123","nm":"ZELI MEDEIROS","cc":"PT","nv":" ","e":"n","st":"Suplente","dvt":"V\u00e1lido","vap":"8","pvap":"   0,03"},{"seq":"59","sqcand":"40000839911","n":"55525","nm":"MARA MICHILES","cc":"PSD","nv":" ","e":"n","st":"Suplente","dvt":"V\u00e1lido","vap":"73","pvap":"   0,28"},{"seq":"13","sqcand":"40000940872","n":"17123","nm":"RONILDO SANTOS","cc":"PSL","nv":" ","e":"s","st":"Eleito","dvt":"V\u00e1lido","vap":"482","pvap":"   1,83"},{"seq":"133","sqcand":"40001038695","n":"45456","nm":"OLGA DINELI","cc":"PSDB","nv":" ","e":"n","st":"N\u00e3o eleito","dvt":"V\u00e1lido","vap":"36","pvap":"   0,14"},{"seq":"16","sqcand":"40000839395","n":"25789","nm":"DENY DORZANE","cc":"DEM","nv":" ","e":"n","st":"Suplente","dvt":"V\u00e1lido","vap":"781","pvap":"   2,96"},{"seq":"70","sqcand":"40001040448","n":"20369","nm":"BETH DA GIM\u00d3","cc":"PSC","nv":" ","e":"n","st":"Suplente","dvt":"V\u00e1lido","vap":"38","pvap":"   0,14"},{"seq":"162","sqcand":"40001065724","n":"40040","nm":"JORGE CALDAS","cc":"PSB","nv":" ","e":"n","st":"N\u00e3o eleito","dvt":"V\u00e1lido","vap":"8","pvap":"   0,03"},{"seq":"12","sqcand":"40000839924","n":"55000","nm":"ADAUTO LOPES","cc":"PSD","nv":" ","e":"s","st":"Eleito","dvt":"V\u00e1lido","vap":"486","pvap":"   1,84"},{"seq":"142","sqcand":"40001091382","n":"15020","nm":"CHIQUINHO FONSECA","cc":"MDB","nv":" ","e":"n","st":"N\u00e3o eleito","dvt":"V\u00e1lido","vap":"24","pvap":"   0,09"},{"seq":"15","sqcand":"40000840851","n":"20222","nm":"ARY MENEZES","cc":"PSC","nv":" ","e":"s","st":"Eleito","dvt":"V\u00e1lido","vap":"432","pvap":"   1,64"},{"seq":"83","sqcand":"40000840865","n":"20333","nm":"MARA PINHEIRO","cc":"PSC","nv":" ","e":"n","st":"Suplente","dvt":"V\u00e1lido","vap":"19","pvap":"   0,07"},{"seq":"170","sqcand":"40000939056","n":"33689","nm":"PARA","cc":"PMN","nv":" ","e":"n","st":"N\u00e3o eleito","dvt":"V\u00e1lido","vap":"3","pvap":"   0,01"},{"seq":"47","sqcand":"40000940875","n":"17980","nm":"FL\u00c1VIO SATAR\u00c9","cc":"PSL","nv":" ","e":"n","st":"Suplente","dvt":"V\u00e1lido","vap":"113","pvap":"   0,43"},{"seq":"156","sqcand":"40001266075","n":"40022","nm":"JEANNA PASSARECO","cc":"PSB","nv":" ","e":"n","st":"N\u00e3o eleito","dvt":"V\u00e1lido","vap":"13","pvap":"   0,05"},{"seq":"105","sqcand":"40001234771","n":"22033","nm":"PROFESSORA ELVINA","cc":"PL","nv":" ","e":"n","st":"Suplente","dvt":"V\u00e1lido","vap":"3","pvap":"   0,01"},{"seq":"52","sqcand":"40000839915","n":"55789","nm":"DEMETRIO FILHO MUNDICO","cc":"PSD","nv":" ","e":"n","st":"Suplente","dvt":"V\u00e1lido","vap":"96","pvap":"   0,36"},{"seq":"43","sqcand":"40001234772","n":"22523","nm":"PROF LUCIMARA LUCIMARA","cc":"PL","nv":" ","e":"n","st":"Suplente","dvt":"V\u00e1lido","vap":"122","pvap":"   0,46"},{"seq":"166","sqcand":"40001035241","n":"19999","nm":"RAINARA CINTRA","cc":"PODE","nv":" ","e":"n","st":"N\u00e3o eleito","dvt":"V\u00e1lido","vap":"5","pvap":"   0,02"},{"seq":"158","sqcand":"40001091379","n":"15115","nm":"IZABEL SALES","cc":"MDB","nv":" ","e":"n","st":"N\u00e3o eleito","dvt":"V\u00e1lido","vap":"11","pvap":"   0,04"},{"seq":"5","sqcand":"40000839912","n":"55111","nm":"LUIZ CARLOS DINELLI","cc":"PSD","nv":" ","e":"s","st":"Eleito","dvt":"V\u00e1lido","vap":"803","pvap":"   3,04"},{"seq":"62","sqcand":"40000841267","n":"13555","nm":"TENENTE CAPUCHO","cc":"PT","nv":" ","e":"n","st":"Suplente","dvt":"V\u00e1lido","vap":"56","pvap":"   0,21"},{"seq":"61","sqcand":"40000839396","n":"25055","nm":"JANA PANTOJA","cc":"DEM","nv":" ","e":"n","st":"Suplente","dvt":"V\u00e1lido","vap":"58","pvap":"   0,22"},{"seq":"138","sqcand":"40001038689","n":"45789","nm":"CLERES","cc":"PSDB","nv":" ","e":"n","st":"N\u00e3o eleito","dvt":"V\u00e1lido","vap":"28","pvap":"   0,11"},{"seq":"33","sqcand":"40000939780","n":"10522","nm":"MISSION\u00c1RIO WANILDO ABUAB","cc":"REPUBLICANOS","nv":" ","e":"n","st":"Suplente","dvt":"V\u00e1lido","vap":"221","pvap":"   0,84"},{"seq":"120","sqcand":"40001065726","n":"40000","nm":"FRANCISCO TAMBAQUI","cc":"PSB","nv":" ","e":"n","st":"N\u00e3o eleito","dvt":"V\u00e1lido","vap":"94","pvap":"   0,36"},{"seq":"163","sqcand":"40001065720","n":"40128","nm":"LIZETE BARROSO","cc":"PSB","nv":" ","e":"n","st":"N\u00e3o eleito","dvt":"V\u00e1lido","vap":"7","pvap":"   0,03"},{"seq":"8","sqcand":"40000839923","n":"55455","nm":"ADRIANA CANIND\u00c9","cc":"PSD","nv":" ","e":"s","st":"Eleito","dvt":"V\u00e1lido","vap":"620","pvap":"   2,35"},{"seq":"35","sqcand":"40000840854","n":"20234","nm":"JACIOMAR NASCIMENTO ","cc":"PSC","nv":" ","e":"n","st":"Suplente","dvt":"V\u00e1lido","vap":"192","pvap":"   0,73"},{"seq":"181","sqcand":"40001265504","n":"19023","nm":"ROSELY PEREIRA","cc":"PODE","nv":" ","e":"n","st":"N\u00e3o eleito","dvt":"Anulado sub judice","vap":"0","pvap":"00.00"},{"seq":"173","sqcand":"40001065729","n":"40112","nm":"XERA TALA","cc":"PSB","nv":" ","e":"n","st":"N\u00e3o eleito","dvt":"Anulado sub judice","vap":"2","pvap":"   0,01"},{"seq":"124","sqcand":"40000838844","n":"65000","nm":"TUNAN","cc":"PC do B","nv":" ","e":"n","st":"N\u00e3o eleito","dvt":"V\u00e1lido","vap":"73","pvap":"   0,28"},{"seq":"55","sqcand":"40001234766","n":"22123","nm":"BENARROZ","cc":"PL","nv":" ","e":"n","st":"Suplente","dvt":"V\u00e1lido","vap":"88","pvap":"   0,33"},{"seq":"131","sqcand":"40001035236","n":"19022","nm":"CRISTINA PINHEIRO","cc":"PODE","nv":" ","e":"n","st":"N\u00e3o eleito","dvt":"V\u00e1lido","vap":"41","pvap":"   0,16"},{"seq":"174","sqcand":"40000939052","n":"33444","nm":"MARIA DAS DORES","cc":"PMN","nv":" ","e":"n","st":"N\u00e3o eleito","dvt":"V\u00e1lido","vap":"2","pvap":"   0,01"},{"seq":"32","sqcand":"40000940870","n":"17777","nm":"EDUARDO BRAGAN\u00c7A","cc":"PSL","nv":" ","e":"n","st":"Suplente","dvt":"V\u00e1lido","vap":"229","pvap":"   0,87"},{"seq":"123","sqcand":"40001065727","n":"40456","nm":"APOLO MAFRA","cc":"PSB","nv":" ","e":"n","st":"N\u00e3o eleito","dvt":"V\u00e1lido","vap":"77","pvap":"   0,29"},{"seq":"165","sqcand":"40001091383","n":"15456","nm":"TANIA MARA","cc":"MDB","nv":" ","e":"n","st":"N\u00e3o eleito","dvt":"V\u00e1lido","vap":"6","pvap":"   0,02"},{"seq":"147","sqcand":"40000838843","n":"65111","nm":"MADALENA COIMBRA","cc":"PC do B","nv":" ","e":"n","st":"N\u00e3o eleito","dvt":"V\u00e1lido","vap":"17","pvap":"   0,06"},{"seq":"149","sqcand":"40000939055","n":"33789","nm":"MARILENE","cc":"PMN","nv":" ","e":"n","st":"N\u00e3o eleito","dvt":"V\u00e1lido","vap":"17","pvap":"   0,06"},{"seq":"111","sqcand":"40001038310","n":"10120","nm":"PROFESSORA RAIMUNDA SILVA","cc":"REPUBLICANOS","nv":" ","e":"n","st":"Suplente","dvt":"V\u00e1lido","vap":"0","pvap":"00.00"},{"seq":"2","sqcand":"40000839394","n":"25555","nm":"SIMOCA","cc":"DEM","nv":" ","e":"s","st":"Eleito","dvt":"V\u00e1lido","vap":"1223","pvap":"   4,64"},{"seq":"144","sqcand":"40001091375","n":"15238","nm":"PEDRO HENRIQUE","cc":"MDB","nv":" ","e":"n","st":"N\u00e3o eleito","dvt":"V\u00e1lido","vap":"21","pvap":"   0,08"},{"seq":"85","sqcand":"40000841259","n":"13133","nm":"ABNOAN ALENCAR ","cc":"PT","nv":" ","e":"n","st":"Suplente","dvt":"V\u00e1lido","vap":"18","pvap":"   0,07"},{"seq":"76","sqcand":"40000841255","n":"13613","nm":"PROFESSORA ROSANGELA","cc":"PT","nv":" ","e":"n","st":"Suplente","dvt":"V\u00e1lido","vap":"24","pvap":"   0,09"},{"seq":"23","sqcand":"40000840853","n":"20000","nm":"ALBERT TRINDADE ","cc":"PSC","nv":" ","e":"n","st":"Suplente","dvt":"V\u00e1lido","vap":"334","pvap":"   1,27"},{"seq":"132","sqcand":"40000939049","n":"33123","nm":"RONEVON","cc":"PMN","nv":" ","e":"n","st":"N\u00e3o eleito","dvt":"V\u00e1lido","vap":"41","pvap":"   0,16"},{"seq":"136","sqcand":"40001156536","n":"11234","nm":"AMADEU BRANDAO","cc":"PP","nv":" ","e":"n","st":"N\u00e3o eleito","dvt":"V\u00e1lido","vap":"32","pvap":"   0,12"},{"seq":"7","sqcand":"40000940878","n":"17456","nm":"PETOC\u00c3O","cc":"PSL","nv":" ","e":"s","st":"Eleito","dvt":"V\u00e1lido","vap":"763","pvap":"   2,89"},{"seq":"106","sqcand":"40000939777","n":"10100","nm":"PATR\u00cdCIA DOURADO","cc":"REPUBLICANOS","nv":" ","e":"n","st":"Suplente","dvt":"V\u00e1lido","vap":"3","pvap":"   0,01"},{"seq":"91","sqcand":"40000841258","n":"13147","nm":"NEIDE DO PT","cc":"PT","nv":" ","e":"n","st":"Suplente","dvt":"V\u00e1lido","vap":"13","pvap":"   0,05"},{"seq":"49","sqcand":"40001234775","n":"22822","nm":"NAYARA QUINTINO","cc":"PL","nv":" ","e":"n","st":"Suplente","dvt":"V\u00e1lido","vap":"109","pvap":"   0,41"},{"seq":"178","sqcand":"40001266076","n":"12999","nm":"PATRICIA","cc":"PDT","nv":" ","e":"n","st":"N\u00e3o eleito","dvt":"V\u00e1lido","vap":"1","pvap":"   0,00"},{"seq":"145","sqcand":"40001091376","n":"15555","nm":"LUIS SATER\u00c9","cc":"MDB","nv":" ","e":"n","st":"N\u00e3o eleito","dvt":"V\u00e1lido","vap":"20","pvap":"   0,08"},{"seq":"90","sqcand":"40000839397","n":"25111","nm":"LAZARO ANTUNES","cc":"DEM","nv":" ","e":"n","st":"Suplente","dvt":"V\u00e1lido","vap":"14","pvap":"   0,05"}]}
