{"ele":"426","tpabr":"mu","cdabr":"02631","carper":"13","t":"1","f":"o","dt":"15/11/2020","ht":"21:22:19","dv":"s","tf":"s","v":"11","esae":"n","mnae":"","s":"42","st":"42","pst":" 100,00","snt":"0","psnt":"   0,00","si":"42","psi":" 100,00","sni":"0","psni":"   0,00","sa":"42","psa":" 100,00","sna":"0","psna":"   0,00","e":"13843","ea":"13843","pea":" 100,00","ena":"0","pena":"   0,00","esi":"13843","pesi":" 100,00","esni":"0","pesni":"   0,00","c":"11927","pc":"  86,16","a":"1916","pa":"  13,84","vscv":"0","vnom":"11255","vl":"441","pvnom":"  96,23","pvl":"   3,77","vvc":"11696","pvvc":"  98,06","vb":"45","pvb":"   0,38","tvn":"186","ptvn":"   1,56","vn":"186","pvn":" 100,00","vnt":"0","pvnt":"   0,00","vp":"0","pvp":"   0,00","vv":"11696","pvv":" 100,00","van":"0","pvan":"   0,00","vansj":"0","pvansj":"   0,00","tv":"11927","cand":[{"seq":"73","sqcand":"40000729302","n":"45789","nm":"ALICE PESCADORA","cc":"PSDB","nv":" ","e":"n","st":"Suplente","dvt":"V\u00e1lido","vap":"10","pvap":"   0,09"},{"seq":"54","sqcand":"40001054157","n":"10222","nm":"MAYN\u00c1 BER\u00c9","cc":"REPUBLICANOS","nv":" ","e":"n","st":"Suplente","dvt":"V\u00e1lido","vap":"58","pvap":"   0,50"},{"seq":"2","sqcand":"40000729151","n":"15234","nm":"ELIJANE FERNADES","cc":"MDB","nv":" ","e":"s","st":"Eleito","dvt":"V\u00e1lido","vap":"452","pvap":"   3,86"},{"seq":"37","sqcand":"40000729146","n":"15789","nm":"MIGUEL HEXKARYANA","cc":"MDB","nv":" ","e":"n","st":"Suplente","dvt":"V\u00e1lido","vap":"105","pvap":"   0,90"},{"seq":"45","sqcand":"40000751233","n":"14444","nm":"PA\u00c7OQUINHA","cc":"PTB","nv":" ","e":"n","st":"Suplente","dvt":"V\u00e1lido","vap":"71","pvap":"   0,61"},{"seq":"48","sqcand":"40000751231","n":"14123","nm":"GOG\u00d3 DE OURO","cc":"PTB","nv":" ","e":"n","st":"Suplente","dvt":"V\u00e1lido","vap":"64","pvap":"   0,55"},{"seq":"85","sqcand":"40001236333","n":"40123","nm":"EDER SARRAFF","cc":"PSB","nv":" ","e":"n","st":"N\u00e3o eleito","dvt":"V\u00e1lido","vap":"13","pvap":"   0,11"},{"seq":"34","sqcand":"40000728475","n":"13000","nm":"BARATA","cc":"PT","nv":" ","e":"n","st":"Suplente","dvt":"V\u00e1lido","vap":"115","pvap":"   0,98"},{"seq":"7","sqcand":"40001054156","n":"10678","nm":"GUILHERME HIXKARYANA","cc":"REPUBLICANOS","nv":" ","e":"s","st":"Eleito","dvt":"V\u00e1lido","vap":"335","pvap":"   2,86"},{"seq":"21","sqcand":"40001055877","n":"55222","nm":"NAYARA OLIVEIRA","cc":"PSD","nv":" ","e":"n","st":"Suplente","dvt":"V\u00e1lido","vap":"202","pvap":"   1,73"},{"seq":"68","sqcand":"40000751235","n":"14258","nm":"IZONILDA NOGUEIRA","cc":"PTB","nv":" ","e":"n","st":"Suplente","dvt":"V\u00e1lido","vap":"14","pvap":"   0,12"},{"seq":"18","sqcand":"40001054168","n":"10999","nm":"OT\u00c1VIO FILHO","cc":"REPUBLICANOS","nv":" ","e":"n","st":"Suplente","dvt":"V\u00e1lido","vap":"231","pvap":"   1,98"},{"seq":"22","sqcand":"40000729307","n":"45123","nm":"NILDO MARCENEIRO","cc":"PSDB","nv":" ","e":"n","st":"Suplente","dvt":"V\u00e1lido","vap":"190","pvap":"   1,62"},{"seq":"53","sqcand":"40001055856","n":"25222","nm":"JULIO MIRANDA","cc":"DEM","nv":" ","e":"n","st":"Suplente","dvt":"V\u00e1lido","vap":"59","pvap":"   0,50"},{"seq":"88","sqcand":"40000753652","n":"20888","nm":"ROS\u00c1RIA CAMAR\u00c3O","cc":"PSC","nv":" ","e":"n","st":"N\u00e3o eleito","dvt":"V\u00e1lido","vap":"10","pvap":"   0,09"},{"seq":"9","sqcand":"40001055878","n":"55123","nm":"NILD\u00c3O BITENCOURT","cc":"PSD","nv":" ","e":"s","st":"Eleito","dvt":"V\u00e1lido","vap":"302","pvap":"   2,58"},{"seq":"38","sqcand":"40001055884","n":"55666","nm":"LEANDRO TAVARES","cc":"PSD","nv":" ","e":"n","st":"Suplente","dvt":"V\u00e1lido","vap":"99","pvap":"   0,85"},{"seq":"39","sqcand":"40001055851","n":"25122","nm":"ALVARO NOGUEIRA","cc":"DEM","nv":" ","e":"n","st":"Suplente","dvt":"V\u00e1lido","vap":"87","pvap":"   0,74"},{"seq":"66","sqcand":"40000729301","n":"45444","nm":"PAI AMADO","cc":"PSDB","nv":" ","e":"n","st":"Suplente","dvt":"V\u00e1lido","vap":"22","pvap":"   0,19"},{"seq":"44","sqcand":"40001054155","n":"10258","nm":"ELHA ALFAIA","cc":"REPUBLICANOS","nv":" ","e":"n","st":"Suplente","dvt":"V\u00e1lido","vap":"76","pvap":"   0,65"},{"seq":"71","sqcand":"40001055848","n":"25777","nm":"DIOGO BARONE","cc":"DEM","nv":" ","e":"n","st":"Suplente","dvt":"V\u00e1lido","vap":"11","pvap":"   0,09"},{"seq":"8","sqcand":"40001054160","n":"10777","nm":"JUNIOR COMATERJ","cc":"REPUBLICANOS","nv":" ","e":"s","st":"Eleito","dvt":"V\u00e1lido","vap":"325","pvap":"   2,78"},{"seq":"32","sqcand":"40001055882","n":"55999","nm":"SERGIO COBRA","cc":"PSD","nv":" ","e":"n","st":"Suplente","dvt":"V\u00e1lido","vap":"118","pvap":"   1,01"},{"seq":"74","sqcand":"40000729143","n":"15000","nm":"BOSCO DA PADARIA","cc":"MDB","nv":" ","e":"n","st":"Suplente","dvt":"V\u00e1lido","vap":"8","pvap":"   0,07"},{"seq":"69","sqcand":"40000728474","n":"13123","nm":"JO\u00c3O DIAS","cc":"PT","nv":" ","e":"n","st":"Suplente","dvt":"V\u00e1lido","vap":"13","pvap":"   0,11"},{"seq":"40","sqcand":"40001054159","n":"10456","nm":"PROFESSOR ESMAEL AZEVEDO","cc":"REPUBLICANOS","nv":" ","e":"n","st":"Suplente","dvt":"V\u00e1lido","vap":"86","pvap":"   0,74"},{"seq":"1","sqcand":"40000751226","n":"14789","nm":"ARTUR PAULAIN","cc":"PTB","nv":" ","e":"s","st":"Eleito","dvt":"V\u00e1lido","vap":"575","pvap":"   4,92"},{"seq":"89","sqcand":"40001236332","n":"40040","nm":"HENRIQUE CABECINHA","cc":"PSB","nv":" ","e":"n","st":"N\u00e3o eleito","dvt":"V\u00e1lido","vap":"5","pvap":"   0,04"},{"seq":"63","sqcand":"40001055880","n":"55541","nm":"J\u00d4 CASTRO","cc":"PSD","nv":" ","e":"n","st":"Suplente","dvt":"V\u00e1lido","vap":"35","pvap":"   0,30"},{"seq":"30","sqcand":"40001055852","n":"25555","nm":"JANDER CARVALHO","cc":"DEM","nv":" ","e":"n","st":"Suplente","dvt":"V\u00e1lido","vap":"124","pvap":"   1,06"},{"seq":"23","sqcand":"40000751232","n":"14555","nm":"PROFESSORA ROSELY RIBEIRO","cc":"PTB","nv":" ","e":"n","st":"Suplente","dvt":"V\u00e1lido","vap":"187","pvap":"   1,60"},{"seq":"13","sqcand":"40000751230","n":"14777","nm":"PROFESSOR NILDO","cc":"PTB","nv":" ","e":"n","st":"Suplente","dvt":"V\u00e1lido","vap":"266","pvap":"   2,27"},{"seq":"65","sqcand":"40001054164","n":"10852","nm":"PROFESSORA DULCE SANTAR\u00c9M","cc":"REPUBLICANOS","nv":" ","e":"n","st":"Suplente","dvt":"V\u00e1lido","vap":"26","pvap":"   0,22"},{"seq":"75","sqcand":"40001055854","n":"25333","nm":"SIRLEY LIMA","cc":"DEM","nv":" ","e":"n","st":"Suplente","dvt":"V\u00e1lido","vap":"7","pvap":"   0,06"},{"seq":"82","sqcand":"40000753653","n":"20222","nm":"ROSIANE SILVA","cc":"PSC","nv":" ","e":"n","st":"N\u00e3o eleito","dvt":"V\u00e1lido","vap":"57","pvap":"   0,49"},{"seq":"11","sqcand":"40001055853","n":"25000","nm":"PEDRO WILSON","cc":"DEM","nv":" ","e":"s","st":"Eleito","dvt":"V\u00e1lido","vap":"227","pvap":"   1,94"},{"seq":"59","sqcand":"40000751227","n":"14234","nm":"MARILANE","cc":"PTB","nv":" ","e":"n","st":"Suplente","dvt":"V\u00e1lido","vap":"43","pvap":"   0,37"},{"seq":"10","sqcand":"40000751236","n":"14611","nm":"LUIZ HOLLYWOOD","cc":"PTB","nv":" ","e":"s","st":"Eleito","dvt":"V\u00e1lido","vap":"284","pvap":"   2,43"},{"seq":"79","sqcand":"40000753649","n":"20000","nm":"EDSON VARIEDADES","cc":"PSC","nv":" ","e":"n","st":"N\u00e3o eleito","dvt":"V\u00e1lido","vap":"383","pvap":"   3,27"},{"seq":"83","sqcand":"40001236331","n":"40456","nm":"Z\u00c9 ALENCAR","cc":"PSB","nv":" ","e":"n","st":"N\u00e3o eleito","dvt":"V\u00e1lido","vap":"24","pvap":"   0,21"},{"seq":"35","sqcand":"40000751228","n":"14333","nm":"PROFESSORA BETH","cc":"PTB","nv":" ","e":"n","st":"Suplente","dvt":"V\u00e1lido","vap":"111","pvap":"   0,95"},{"seq":"90","sqcand":"40001236328","n":"40321","nm":"GIRLANE SERR\u00c3O","cc":"PSB","nv":" ","e":"n","st":"N\u00e3o eleito","dvt":"V\u00e1lido","vap":"0","pvap":"00.00"},{"seq":"80","sqcand":"40000753655","n":"20123","nm":"RODRIGO CANA\u00c3","cc":"PSC","nv":" ","e":"n","st":"N\u00e3o eleito","dvt":"V\u00e1lido","vap":"213","pvap":"   1,82"},{"seq":"6","sqcand":"40000729308","n":"45678","nm":"ZE LUIZ","cc":"PSDB","nv":" ","e":"s","st":"Eleito","dvt":"V\u00e1lido","vap":"338","pvap":"   2,89"},{"seq":"19","sqcand":"40001055883","n":"55369","nm":"TARCISIO ALFAIA","cc":"PSD","nv":" ","e":"n","st":"Suplente","dvt":"V\u00e1lido","vap":"213","pvap":"   1,82"},{"seq":"41","sqcand":"40000729305","n":"45045","nm":"LUIZ CARLOS","cc":"PSDB","nv":" ","e":"n","st":"Suplente","dvt":"V\u00e1lido","vap":"85","pvap":"   0,73"},{"seq":"62","sqcand":"40001054158","n":"10013","nm":"MUGICO","cc":"REPUBLICANOS","nv":" ","e":"n","st":"Suplente","dvt":"V\u00e1lido","vap":"39","pvap":"   0,33"},{"seq":"57","sqcand":"40001055876","n":"55661","nm":"LADIMILSON BATOR\u00c9","cc":"PSD","nv":" ","e":"n","st":"Suplente","dvt":"V\u00e1lido","vap":"44","pvap":"   0,38"},{"seq":"67","sqcand":"40001055881","n":"55000","nm":"HENDRIK GADELHA","cc":"PSD","nv":" ","e":"n","st":"Suplente","dvt":"V\u00e1lido","vap":"22","pvap":"   0,19"},{"seq":"12","sqcand":"40001054163","n":"10000","nm":"BEN\u00c9","cc":"REPUBLICANOS","nv":" ","e":"n","st":"Suplente","dvt":"V\u00e1lido","vap":"302","pvap":"   2,58"},{"seq":"47","sqcand":"40000751234","n":"14007","nm":"BAIXINHO CHAGAS","cc":"PTB","nv":" ","e":"n","st":"Suplente","dvt":"V\u00e1lido","vap":"66","pvap":"   0,56"},{"seq":"49","sqcand":"40001054154","n":"10111","nm":"VALNARA BARROS","cc":"REPUBLICANOS","nv":" ","e":"n","st":"Suplente","dvt":"V\u00e1lido","vap":"64","pvap":"   0,55"},{"seq":"51","sqcand":"40001054167","n":"10555","nm":"ROMILDA MOUSINHO","cc":"REPUBLICANOS","nv":" ","e":"n","st":"Suplente","dvt":"V\u00e1lido","vap":"63","pvap":"   0,54"},{"seq":"4","sqcand":"40000729147","n":"15555","nm":"IVAN PAULAIN","cc":"MDB","nv":" ","e":"s","st":"Eleito","dvt":"V\u00e1lido","vap":"364","pvap":"   3,11"},{"seq":"3","sqcand":"40000728482","n":"13456","nm":"MILIT\u00c3O BER\u00c9","cc":"PT","nv":" ","e":"s","st":"Eleito","dvt":"V\u00e1lido","vap":"394","pvap":"   3,37"},{"seq":"78","sqcand":"40000729152","n":"15100","nm":"KEILA TAVARES","cc":"MDB","nv":" ","e":"n","st":"Suplente","dvt":"V\u00e1lido","vap":"2","pvap":"   0,02"},{"seq":"15","sqcand":"40000729309","n":"45555","nm":"OVERYNO","cc":"PSDB","nv":" ","e":"n","st":"Suplente","dvt":"V\u00e1lido","vap":"258","pvap":"   2,21"},{"seq":"77","sqcand":"40000729306","n":"45111","nm":"MARIA JOSEFINA","cc":"PSDB","nv":" ","e":"n","st":"Suplente","dvt":"V\u00e1lido","vap":"6","pvap":"   0,05"},{"seq":"20","sqcand":"40000729303","n":"45000","nm":"BANANA MOTOTAXI","cc":"PSDB","nv":" ","e":"n","st":"Suplente","dvt":"V\u00e1lido","vap":"209","pvap":"   1,79"},{"seq":"43","sqcand":"40001055879","n":"55555","nm":"DEBORAH GUIMAR\u00c3ES","cc":"PSD","nv":" ","e":"n","st":"Suplente","dvt":"V\u00e1lido","vap":"81","pvap":"   0,69"},{"seq":"72","sqcand":"40000728478","n":"13111","nm":"NILZA SEIXAS","cc":"PT","nv":" ","e":"n","st":"Suplente","dvt":"V\u00e1lido","vap":"10","pvap":"   0,09"},{"seq":"33","sqcand":"40001055850","n":"25666","nm":"SUZY BITENCOURT","cc":"DEM","nv":" ","e":"n","st":"Suplente","dvt":"V\u00e1lido","vap":"118","pvap":"   1,01"},{"seq":"29","sqcand":"40000728477","n":"13444","nm":"JARNECI SALVADOR","cc":"PT","nv":" ","e":"n","st":"Suplente","dvt":"V\u00e1lido","vap":"128","pvap":"   1,09"},{"seq":"58","sqcand":"40001055847","n":"25999","nm":"ZELINDA SIQUEIRA","cc":"DEM","nv":" ","e":"n","st":"Suplente","dvt":"V\u00e1lido","vap":"43","pvap":"   0,37"},{"seq":"24","sqcand":"40001055855","n":"25678","nm":"ARNALDO DO BARCO","cc":"DEM","nv":" ","e":"n","st":"Suplente","dvt":"V\u00e1lido","vap":"184","pvap":"   1,57"},{"seq":"26","sqcand":"40000729144","n":"15500","nm":"ARFRENILDA DO FREE SHOP","cc":"MDB","nv":" ","e":"n","st":"Suplente","dvt":"V\u00e1lido","vap":"155","pvap":"   1,33"},{"seq":"84","sqcand":"40001236330","n":"40789","nm":"RENATO AZEVEDO","cc":"PSB","nv":" ","e":"n","st":"N\u00e3o eleito","dvt":"V\u00e1lido","vap":"17","pvap":"   0,15"},{"seq":"5","sqcand":"40001055885","n":"55580","nm":"PROFESSOR JUCENILDO","cc":"PSD","nv":" ","e":"s","st":"Eleito","dvt":"V\u00e1lido","vap":"360","pvap":"   3,08"},{"seq":"31","sqcand":"40000751225","n":"14000","nm":"MARCOS ROSAS","cc":"PTB","nv":" ","e":"n","st":"Suplente","dvt":"V\u00e1lido","vap":"120","pvap":"   1,03"},{"seq":"27","sqcand":"40000728483","n":"13333","nm":"WALKIRIA MENEZES","cc":"PT","nv":" ","e":"n","st":"Suplente","dvt":"V\u00e1lido","vap":"152","pvap":"   1,30"},{"seq":"36","sqcand":"40001054161","n":"10123","nm":"Z\u00c9 MIRANDA","cc":"REPUBLICANOS","nv":" ","e":"n","st":"Suplente","dvt":"V\u00e1lido","vap":"109","pvap":"   0,93"},{"seq":"17","sqcand":"40001054166","n":"10444","nm":"DIONISIO VIDAL","cc":"REPUBLICANOS","nv":" ","e":"n","st":"Suplente","dvt":"V\u00e1lido","vap":"240","pvap":"   2,05"},{"seq":"25","sqcand":"40001055849","n":"25123","nm":"JEFESSON BRUCE","cc":"DEM","nv":" ","e":"n","st":"Suplente","dvt":"V\u00e1lido","vap":"169","pvap":"   1,44"},{"seq":"76","sqcand":"40001055874","n":"55444","nm":"MARIVANY GOMES","cc":"PSD","nv":" ","e":"n","st":"Suplente","dvt":"V\u00e1lido","vap":"7","pvap":"   0,06"},{"seq":"86","sqcand":"40000753654","n":"20777","nm":"BRANCO TAVARES","cc":"PSC","nv":" ","e":"n","st":"N\u00e3o eleito","dvt":"V\u00e1lido","vap":"12","pvap":"   0,10"},{"seq":"55","sqcand":"40000729304","n":"45333","nm":"DAMARES LEAL","cc":"PSDB","nv":" ","e":"n","st":"Suplente","dvt":"V\u00e1lido","vap":"57","pvap":"   0,49"},{"seq":"28","sqcand":"40000728481","n":"13555","nm":"WESLEY TUCUPY","cc":"PT","nv":" ","e":"n","st":"Suplente","dvt":"V\u00e1lido","vap":"130","pvap":"   1,11"},{"seq":"50","sqcand":"40000728479","n":"13777","nm":"J\u00c9SSICA ARA\u00daJO","cc":"PT","nv":" ","e":"n","st":"Suplente","dvt":"V\u00e1lido","vap":"64","pvap":"   0,55"},{"seq":"61","sqcand":"40001055875","n":"55510","nm":"EUDERLAN SOUZA","cc":"PSD","nv":" ","e":"n","st":"Suplente","dvt":"V\u00e1lido","vap":"41","pvap":"   0,35"},{"seq":"60","sqcand":"40000729148","n":"15127","nm":"PROFESSOR SILAN SARMENTO","cc":"MDB","nv":" ","e":"n","st":"Suplente","dvt":"V\u00e1lido","vap":"42","pvap":"   0,36"},{"seq":"64","sqcand":"40001054165","n":"10100","nm":"JOAQUIM NOGUEIRA","cc":"REPUBLICANOS","nv":" ","e":"n","st":"Suplente","dvt":"V\u00e1lido","vap":"30","pvap":"   0,26"},{"seq":"46","sqcand":"40001054162","n":"10145","nm":"JO\u00c3O PAULAIN","cc":"REPUBLICANOS","nv":" ","e":"n","st":"Suplente","dvt":"V\u00e1lido","vap":"68","pvap":"   0,58"},{"seq":"52","sqcand":"40000751229","n":"14227","nm":"JO\u00c3O VINTE E SETE","cc":"PTB","nv":" ","e":"n","st":"Suplente","dvt":"V\u00e1lido","vap":"59","pvap":"   0,50"},{"seq":"42","sqcand":"40000729149","n":"15222","nm":"GILBERTO HEXKARYANA","cc":"MDB","nv":" ","e":"n","st":"Suplente","dvt":"V\u00e1lido","vap":"82","pvap":"   0,70"},{"seq":"16","sqcand":"40000729150","n":"15123","nm":"VALDINEI VIEIRA","cc":"MDB","nv":" ","e":"n","st":"Suplente","dvt":"V\u00e1lido","vap":"256","pvap":"   2,19"},{"seq":"87","sqcand":"40001236329","n":"40987","nm":"IRIANE PIEDADE","cc":"PSB","nv":" ","e":"n","st":"N\u00e3o eleito","dvt":"V\u00e1lido","vap":"11","pvap":"   0,09"},{"seq":"56","sqcand":"40000728476","n":"13222","nm":"BAGA\u00c7O","cc":"PT","nv":" ","e":"n","st":"Suplente","dvt":"V\u00e1lido","vap":"46","pvap":"   0,39"},{"seq":"81","sqcand":"40000753650","n":"20333","nm":"RAY LIMA","cc":"PSC","nv":" ","e":"n","st":"N\u00e3o eleito","dvt":"V\u00e1lido","vap":"76","pvap":"   0,65"},{"seq":"70","sqcand":"40001055886","n":"55557","nm":"LUCIA DUTRA","cc":"PSD","nv":" ","e":"n","st":"Suplente","dvt":"V\u00e1lido","vap":"11","pvap":"   0,09"},{"seq":"14","sqcand":"40000729145","n":"15666","nm":"TABACO","cc":"MDB","nv":" ","e":"n","st":"Suplente","dvt":"V\u00e1lido","vap":"265","pvap":"   2,27"}]}
