{"ele":"426","tpabr":"mu","cdabr":"02658","carper":"13","t":"1","f":"o","dt":"15/11/2020","ht":"22:00:30","dv":"s","tf":"s","v":"13","esae":"n","mnae":"","s":"47","st":"47","pst":" 100,00","snt":"0","psnt":"   0,00","si":"47","psi":" 100,00","sni":"0","psni":"   0,00","sa":"47","psa":" 100,00","sna":"0","psna":"   0,00","e":"18265","ea":"18265","pea":" 100,00","ena":"0","pena":"   0,00","esi":"18265","pesi":" 100,00","esni":"0","pesni":"   0,00","c":"14619","pc":"  80,04","a":"3646","pa":"  19,96","vscv":"0","vnom":"13387","vl":"691","pvnom":"  95,09","pvl":"   4,91","vvc":"14312","pvvc":"  97,90","vb":"70","pvb":"   0,48","tvn":"237","ptvn":"   1,62","vn":"232","pvn":"  97,89","vnt":"5","pvnt":"   2,11","vp":"0","pvp":"   0,00","vv":"14078","pvv":"  98,37","van":"0","pvan":"   0,00","vansj":"234","pvansj":"   1,63","tv":"14619","cand":[{"seq":"104","sqcand":"40001197901","n":"55555","nm":"CARLINHO LOPES","cc":"PSD","nv":" ","e":"n","st":"N\u00e3o eleito","dvt":"Anulado sub judice","vap":"192","pvap":"   1,34"},{"seq":"133","sqcand":"40000921899","n":"10222","nm":"CMDT PITBULL","cc":"REPUBLICANOS","nv":" ","e":"n","st":"N\u00e3o eleito","dvt":"V\u00e1lido","vap":"13","pvap":"   0,09"},{"seq":"3","sqcand":"40000889869","n":"15456","nm":"LUCIELLEM MARQUES","cc":"MDB","nv":" ","e":"s","st":"Eleito","dvt":"V\u00e1lido","vap":"490","pvap":"   3,42"},{"seq":"91","sqcand":"40000889872","n":"15444","nm":"XUXA","cc":"MDB","nv":" ","e":"n","st":"Suplente","dvt":"V\u00e1lido","vap":"7","pvap":"   0,05"},{"seq":"87","sqcand":"40001054606","n":"45000","nm":"PROFESSOR ERIVANILDO","cc":"PSDB","nv":" ","e":"n","st":"Suplente","dvt":"V\u00e1lido","vap":"10","pvap":"   0,07"},{"seq":"79","sqcand":"40001053554","n":"22123","nm":"SOCORRO CARLOS","cc":"PL","nv":" ","e":"n","st":"Suplente","dvt":"V\u00e1lido","vap":"18","pvap":"   0,13"},{"seq":"122","sqcand":"40000921900","n":"10333","nm":"JOS\u00c9 VENICIUS","cc":"REPUBLICANOS","nv":" ","e":"n","st":"N\u00e3o eleito","dvt":"V\u00e1lido","vap":"22","pvap":"   0,15"},{"seq":"21","sqcand":"40001053552","n":"22345","nm":"AMIGO ANDERSON","cc":"PL","nv":" ","e":"n","st":"Suplente","dvt":"V\u00e1lido","vap":"246","pvap":"   1,72"},{"seq":"119","sqcand":"40001195486","n":"43333","nm":"WALMIR LAGARTO","cc":"PV","nv":" ","e":"n","st":"N\u00e3o eleito","dvt":"V\u00e1lido","vap":"27","pvap":"   0,19"},{"seq":"146","sqcand":"40000776879","n":"70123","nm":"JU DA FENIX","cc":"AVANTE","nv":" ","e":"n","st":"N\u00e3o eleito","dvt":"V\u00e1lido","vap":"3","pvap":"   0,02"},{"seq":"42","sqcand":"40001053555","n":"22456","nm":"DAVID GONDIM","cc":"PL","nv":" ","e":"n","st":"Suplente","dvt":"V\u00e1lido","vap":"81","pvap":"   0,57"},{"seq":"135","sqcand":"40001055813","n":"51669","nm":"JAIRO AUZIER","cc":"PATRIOTA","nv":" ","e":"n","st":"N\u00e3o eleito","dvt":"V\u00e1lido","vap":"12","pvap":"   0,08"},{"seq":"69","sqcand":"40001054616","n":"45444","nm":"GITA","cc":"PSDB","nv":" ","e":"n","st":"Suplente","dvt":"V\u00e1lido","vap":"23","pvap":"   0,16"},{"seq":"1","sqcand":"40001013876","n":"11000","nm":"JORGINHO DO POVO","cc":"PP","nv":" ","e":"s","st":"Eleito","dvt":"V\u00e1lido","vap":"758","pvap":"   5,30"},{"seq":"27","sqcand":"40001054603","n":"45333","nm":"ELTON PIR\u00c3O","cc":"PSDB","nv":" ","e":"n","st":"Suplente","dvt":"V\u00e1lido","vap":"170","pvap":"   1,19"},{"seq":"78","sqcand":"40001197894","n":"55755","nm":"CHIQUINHO DO R7","cc":"PSD","nv":" ","e":"n","st":"Suplente","dvt":"V\u00e1lido","vap":"19","pvap":"   0,13"},{"seq":"76","sqcand":"40001013883","n":"11789","nm":"LEONORA COUTINHO","cc":"PP","nv":" ","e":"n","st":"Suplente","dvt":"V\u00e1lido","vap":"21","pvap":"   0,15"},{"seq":"16","sqcand":"40001053558","n":"22222","nm":"ROBSON NUNES","cc":"PL","nv":" ","e":"n","st":"Suplente","dvt":"V\u00e1lido","vap":"276","pvap":"   1,93"},{"seq":"28","sqcand":"40001197893","n":"55554","nm":"MOIS\u00c9S DO ZECA","cc":"PSD","nv":" ","e":"n","st":"Suplente","dvt":"V\u00e1lido","vap":"159","pvap":"   1,11"},{"seq":"41","sqcand":"40001054610","n":"45137","nm":"JADICI LEVI","cc":"PSDB","nv":" ","e":"n","st":"Suplente","dvt":"V\u00e1lido","vap":"87","pvap":"   0,61"},{"seq":"144","sqcand":"40001052163","n":"12333","nm":"NILSON MELO","cc":"PDT","nv":" ","e":"n","st":"N\u00e3o eleito","dvt":"V\u00e1lido","vap":"6","pvap":"   0,04"},{"seq":"116","sqcand":"40001055818","n":"51100","nm":"PROFESSOR MILTON","cc":"PATRIOTA","nv":" ","e":"n","st":"N\u00e3o eleito","dvt":"V\u00e1lido","vap":"35","pvap":"   0,24"},{"seq":"86","sqcand":"40001013874","n":"11444","nm":"APARECIDA","cc":"PP","nv":" ","e":"n","st":"Suplente","dvt":"V\u00e1lido","vap":"11","pvap":"   0,08"},{"seq":"34","sqcand":"40001197905","n":"55888","nm":"PROFESSORA ELIZ\u00c2NGELA VAZ","cc":"PSD","nv":" ","e":"n","st":"Suplente","dvt":"V\u00e1lido","vap":"115","pvap":"   0,80"},{"seq":"97","sqcand":"40001053565","n":"22021","nm":"MARIA ANTONIA","cc":"PL","nv":" ","e":"n","st":"Suplente","dvt":"V\u00e1lido","vap":"5","pvap":"   0,03"},{"seq":"134","sqcand":"40001052161","n":"12234","nm":"IDARLETE PINHEIRO","cc":"PDT","nv":" ","e":"n","st":"N\u00e3o eleito","dvt":"V\u00e1lido","vap":"13","pvap":"   0,09"},{"seq":"12","sqcand":"40001053566","n":"22333","nm":"ALMIR S\u00c1","cc":"PL","nv":" ","e":"s","st":"Eleito","dvt":"V\u00e1lido","vap":"283","pvap":"   1,98"},{"seq":"64","sqcand":"40001053560","n":"22777","nm":"PROF PARA","cc":"PL","nv":" ","e":"n","st":"Suplente","dvt":"V\u00e1lido","vap":"34","pvap":"   0,24"},{"seq":"75","sqcand":"40001013875","n":"11653","nm":"TITUL\u00c9","cc":"PP","nv":" ","e":"n","st":"Suplente","dvt":"V\u00e1lido","vap":"21","pvap":"   0,15"},{"seq":"5","sqcand":"40001053557","n":"22111","nm":"BELOI","cc":"PL","nv":" ","e":"s","st":"Eleito","dvt":"V\u00e1lido","vap":"450","pvap":"   3,14"},{"seq":"38","sqcand":"40001054608","n":"45134","nm":"LILIAN DO SINDICATO","cc":"PSDB","nv":" ","e":"n","st":"Suplente","dvt":"V\u00e1lido","vap":"104","pvap":"   0,73"},{"seq":"52","sqcand":"40001197898","n":"55444","nm":"DELSON MASCARENHA","cc":"PSD","nv":" ","e":"n","st":"Suplente","dvt":"V\u00e1lido","vap":"53","pvap":"   0,37"},{"seq":"13","sqcand":"40001197892","n":"55123","nm":"VANDER BODE","cc":"PSD","nv":" ","e":"s","st":"Eleito","dvt":"V\u00e1lido","vap":"199","pvap":"   1,39"},{"seq":"142","sqcand":"40001052159","n":"12111","nm":"DIANA DO ESPORTE","cc":"PDT","nv":" ","e":"n","st":"N\u00e3o eleito","dvt":"V\u00e1lido","vap":"7","pvap":"   0,05"},{"seq":"65","sqcand":"40001013885","n":"11456","nm":"MARQUEZ SOUZA","cc":"PP","nv":" ","e":"n","st":"Suplente","dvt":"V\u00e1lido","vap":"32","pvap":"   0,22"},{"seq":"11","sqcand":"40001054599","n":"45045","nm":"FRANN SOUZA","cc":"PSDB","nv":" ","e":"s","st":"Eleito","dvt":"V\u00e1lido","vap":"309","pvap":"   2,16"},{"seq":"88","sqcand":"40000889866","n":"15888","nm":"AIER","cc":"MDB","nv":" ","e":"n","st":"Suplente","dvt":"V\u00e1lido","vap":"9","pvap":"   0,06"},{"seq":"108","sqcand":"40001195479","n":"43043","nm":"NALDO","cc":"PV","nv":" ","e":"n","st":"N\u00e3o eleito","dvt":"V\u00e1lido","vap":"79","pvap":"   0,55"},{"seq":"85","sqcand":"40001054601","n":"45321","nm":"CARLINHO POMPOM","cc":"PSDB","nv":" ","e":"n","st":"Suplente","dvt":"V\u00e1lido","vap":"15","pvap":"   0,10"},{"seq":"138","sqcand":"40000776881","n":"70147","nm":"VANNY CARDOSO","cc":"AVANTE","nv":" ","e":"n","st":"N\u00e3o eleito","dvt":"V\u00e1lido","vap":"9","pvap":"   0,06"},{"seq":"82","sqcand":"40001054604","n":"45666","nm":"LEOMARA NUNES","cc":"PSDB","nv":" ","e":"n","st":"Suplente","dvt":"V\u00e1lido","vap":"18","pvap":"   0,13"},{"seq":"94","sqcand":"40000889871","n":"15777","nm":"ENELSON","cc":"MDB","nv":" ","e":"n","st":"Suplente","dvt":"V\u00e1lido","vap":"6","pvap":"   0,04"},{"seq":"139","sqcand":"40000776883","n":"70777","nm":"JERRY QUEIROZ","cc":"AVANTE","nv":" ","e":"n","st":"N\u00e3o eleito","dvt":"V\u00e1lido","vap":"8","pvap":"   0,06"},{"seq":"96","sqcand":"40001053550","n":"22999","nm":"KLEITON COSTA","cc":"PL","nv":" ","e":"n","st":"Suplente","dvt":"V\u00e1lido","vap":"5","pvap":"   0,03"},{"seq":"99","sqcand":"40001053567","n":"22666","nm":"PRETA","cc":"PL","nv":" ","e":"n","st":"Suplente","dvt":"V\u00e1lido","vap":"4","pvap":"   0,03"},{"seq":"26","sqcand":"40000889868","n":"15111","nm":"ASELMO VIGA","cc":"MDB","nv":" ","e":"n","st":"Suplente","dvt":"V\u00e1lido","vap":"187","pvap":"   1,31"},{"seq":"67","sqcand":"40000890114","n":"23567","nm":"ROBERTO CARLOS","cc":"CIDADANIA","nv":" ","e":"n","st":"Suplente","dvt":"V\u00e1lido","vap":"24","pvap":"   0,17"},{"seq":"2","sqcand":"40000890111","n":"23456","nm":"LEANDRO D`\u00c1VILA","cc":"CIDADANIA","nv":" ","e":"s","st":"Eleito","dvt":"V\u00e1lido","vap":"546","pvap":"   3,81"},{"seq":"29","sqcand":"40001197895","n":"55242","nm":"CEAR\u00c1 DA GELADEIRA","cc":"PSD","nv":" ","e":"n","st":"Suplente","dvt":"V\u00e1lido","vap":"153","pvap":"   1,07"},{"seq":"127","sqcand":"40001055820","n":"51333","nm":"MANO RAY","cc":"PATRIOTA","nv":" ","e":"n","st":"N\u00e3o eleito","dvt":"V\u00e1lido","vap":"17","pvap":"   0,12"},{"seq":"74","sqcand":"40001197903","n":"55125","nm":"DALVA VIANA","cc":"PSD","nv":" ","e":"n","st":"Suplente","dvt":"V\u00e1lido","vap":"21","pvap":"   0,15"},{"seq":"68","sqcand":"40001013881","n":"11222","nm":"IRM\u00c3O J\u00daLIO DO CURUPIRA","cc":"PP","nv":" ","e":"n","st":"Suplente","dvt":"V\u00e1lido","vap":"24","pvap":"   0,17"},{"seq":"149","sqcand":"40001263900","n":"43000","nm":"RAY BRAGA","cc":"PV","nv":" ","e":"n","st":"N\u00e3o eleito","dvt":"V\u00e1lido","vap":"2","pvap":"   0,01"},{"seq":"121","sqcand":"40001195480","n":"43444","nm":"PATRELO","cc":"PV","nv":" ","e":"n","st":"N\u00e3o eleito","dvt":"V\u00e1lido","vap":"23","pvap":"   0,16"},{"seq":"132","sqcand":"40001052157","n":"12789","nm":"MOISES DO LABORATORIO","cc":"PDT","nv":" ","e":"n","st":"N\u00e3o eleito","dvt":"V\u00e1lido","vap":"14","pvap":"   0,10"},{"seq":"103","sqcand":"40001197896","n":"55055","nm":"ALDENIRA MARQUES","cc":"PSD","nv":" ","e":"n","st":"Suplente","dvt":"V\u00e1lido","vap":"1","pvap":"   0,01"},{"seq":"66","sqcand":"40001013889","n":"11451","nm":"PROFESSOR M\u00c1RIO JORGE","cc":"PP","nv":" ","e":"n","st":"Suplente","dvt":"V\u00e1lido","vap":"29","pvap":"   0,20"},{"seq":"102","sqcand":"40000890119","n":"23444","nm":"ROSILENE","cc":"CIDADANIA","nv":" ","e":"n","st":"Suplente","dvt":"V\u00e1lido","vap":"2","pvap":"   0,01"},{"seq":"89","sqcand":"40001054597","n":"45222","nm":"DAIANA MOTOT\u00c1XI","cc":"PSDB","nv":" ","e":"n","st":"Suplente","dvt":"V\u00e1lido","vap":"8","pvap":"   0,06"},{"seq":"93","sqcand":"40000890126","n":"23999","nm":"JORGEANE SANTOS","cc":"CIDADANIA","nv":" ","e":"n","st":"Suplente","dvt":"V\u00e1lido","vap":"7","pvap":"   0,05"},{"seq":"136","sqcand":"40000776878","n":"70701","nm":"JUCIREMA TEIXEIRA","cc":"AVANTE","nv":" ","e":"n","st":"N\u00e3o eleito","dvt":"V\u00e1lido","vap":"11","pvap":"   0,08"},{"seq":"120","sqcand":"40001052160","n":"12345","nm":"VALMIR VINHOTE","cc":"PDT","nv":" ","e":"n","st":"N\u00e3o eleito","dvt":"V\u00e1lido","vap":"25","pvap":"   0,17"},{"seq":"44","sqcand":"40001197904","n":"55777","nm":"GILMAR PALHETA","cc":"PSD","nv":" ","e":"n","st":"Suplente","dvt":"V\u00e1lido","vap":"75","pvap":"   0,52"},{"seq":"9","sqcand":"40001013880","n":"11123","nm":"LINS MENDES","cc":"PP","nv":" ","e":"s","st":"Eleito","dvt":"V\u00e1lido","vap":"347","pvap":"   2,42"},{"seq":"25","sqcand":"40001013887","n":"11999","nm":"PEDRO COSTA","cc":"PP","nv":" ","e":"n","st":"Suplente","dvt":"V\u00e1lido","vap":"187","pvap":"   1,31"},{"seq":"95","sqcand":"40000890122","n":"23022","nm":"DONA ANA","cc":"CIDADANIA","nv":" ","e":"n","st":"Suplente","dvt":"V\u00e1lido","vap":"5","pvap":"   0,03"},{"seq":"24","sqcand":"40000890120","n":"23000","nm":"LAURA SOARES","cc":"CIDADANIA","nv":" ","e":"n","st":"Suplente","dvt":"V\u00e1lido","vap":"192","pvap":"   1,34"},{"seq":"126","sqcand":"40000776884","n":"70222","nm":"ANDREA PINTO","cc":"AVANTE","nv":" ","e":"n","st":"N\u00e3o eleito","dvt":"V\u00e1lido","vap":"18","pvap":"   0,13"},{"seq":"71","sqcand":"40000890123","n":"23451","nm":"CACHORR\u00c3O","cc":"CIDADANIA","nv":" ","e":"n","st":"Suplente","dvt":"V\u00e1lido","vap":"23","pvap":"   0,16"},{"seq":"47","sqcand":"40000890113","n":"23555","nm":"BANHA","cc":"CIDADANIA","nv":" ","e":"n","st":"Suplente","dvt":"V\u00e1lido","vap":"72","pvap":"   0,50"},{"seq":"125","sqcand":"40001055817","n":"51777","nm":"SARGENTO MARCOS","cc":"PATRIOTA","nv":" ","e":"n","st":"N\u00e3o eleito","dvt":"V\u00e1lido","vap":"19","pvap":"   0,13"},{"seq":"70","sqcand":"40001013877","n":"11345","nm":"DONIZETE R\u00c9GIS","cc":"PP","nv":" ","e":"n","st":"Suplente","dvt":"V\u00e1lido","vap":"23","pvap":"   0,16"},{"seq":"113","sqcand":"40001197906","n":"55345","nm":"PAULO S\u00c9RGIO","cc":"PSD","nv":" ","e":"n","st":"N\u00e3o eleito","dvt":"Anulado sub judice","vap":"42","pvap":"   0,29"},{"seq":"84","sqcand":"40001053551","n":"22712","nm":"BISPO EUGIMAR","cc":"PL","nv":" ","e":"n","st":"Suplente","dvt":"V\u00e1lido","vap":"15","pvap":"   0,10"},{"seq":"110","sqcand":"40001055809","n":"51000","nm":"ENFERMEIRA RAQUEL","cc":"PATRIOTA","nv":" ","e":"n","st":"N\u00e3o eleito","dvt":"V\u00e1lido","vap":"58","pvap":"   0,41"},{"seq":"31","sqcand":"40000889862","n":"15222","nm":"PROFESSORA NEILA","cc":"MDB","nv":" ","e":"n","st":"Suplente","dvt":"V\u00e1lido","vap":"147","pvap":"   1,03"},{"seq":"101","sqcand":"40001053564","n":"22888","nm":"SEM TERRA","cc":"PL","nv":" ","e":"n","st":"Suplente","dvt":"V\u00e1lido","vap":"3","pvap":"   0,02"},{"seq":"72","sqcand":"40001053559","n":"22981","nm":"PROF&#186; JONAS","cc":"PL","nv":" ","e":"n","st":"Suplente","dvt":"V\u00e1lido","vap":"22","pvap":"   0,15"},{"seq":"14","sqcand":"40000890117","n":"23111","nm":"PROFESSOR VIANA","cc":"CIDADANIA","nv":" ","e":"n","st":"Suplente","dvt":"V\u00e1lido","vap":"313","pvap":"   2,19"},{"seq":"147","sqcand":"40000776882","n":"70456","nm":"BIA LEMOS","cc":"AVANTE","nv":" ","e":"n","st":"N\u00e3o eleito","dvt":"V\u00e1lido","vap":"3","pvap":"   0,02"},{"seq":"115","sqcand":"40001263901","n":"43222","nm":"MARADONA","cc":"PV","nv":" ","e":"n","st":"N\u00e3o eleito","dvt":"V\u00e1lido","vap":"39","pvap":"   0,27"},{"seq":"107","sqcand":"40001055823","n":"51505","nm":"EDGAR DA DROGARIA","cc":"PATRIOTA","nv":" ","e":"n","st":"N\u00e3o eleito","dvt":"V\u00e1lido","vap":"82","pvap":"   0,57"},{"seq":"45","sqcand":"40001013882","n":"11228","nm":"PROFESSORA L\u00daCIA","cc":"PP","nv":" ","e":"n","st":"Suplente","dvt":"V\u00e1lido","vap":"74","pvap":"   0,52"},{"seq":"46","sqcand":"40000889867","n":"15666","nm":"ALAN PEREIRA","cc":"MDB","nv":" ","e":"n","st":"Suplente","dvt":"V\u00e1lido","vap":"72","pvap":"   0,50"},{"seq":"61","sqcand":"40001013890","n":"11678","nm":"LEY DO CURUPIRA","cc":"PP","nv":" ","e":"n","st":"Suplente","dvt":"V\u00e1lido","vap":"37","pvap":"   0,26"},{"seq":"100","sqcand":"40001053553","n":"22000","nm":"PROF ROSARIA","cc":"PL","nv":" ","e":"n","st":"Suplente","dvt":"V\u00e1lido","vap":"3","pvap":"   0,02"},{"seq":"81","sqcand":"40001054598","n":"45946","nm":"ROBERT\u00c3O","cc":"PSDB","nv":" ","e":"n","st":"Suplente","dvt":"V\u00e1lido","vap":"18","pvap":"   0,13"},{"seq":"18","sqcand":"40000889873","n":"15333","nm":"MARKINHOS SALES","cc":"MDB","nv":" ","e":"n","st":"Suplente","dvt":"V\u00e1lido","vap":"261","pvap":"   1,82"},{"seq":"4","sqcand":"40000890121","n":"23611","nm":"JOSIAS AGUIAR","cc":"CIDADANIA","nv":" ","e":"s","st":"Eleito","dvt":"V\u00e1lido","vap":"454","pvap":"   3,17"},{"seq":"20","sqcand":"40001013884","n":"11555","nm":"GIDE\u00c3O FREITAS","cc":"PP","nv":" ","e":"n","st":"Suplente","dvt":"V\u00e1lido","vap":"249","pvap":"   1,74"},{"seq":"77","sqcand":"40001054607","n":"45777","nm":"SELMA DA PASTORAL","cc":"PSDB","nv":" ","e":"n","st":"Suplente","dvt":"V\u00e1lido","vap":"20","pvap":"   0,14"},{"seq":"150","sqcand":"40001055814","n":"51444","nm":"KAROL","cc":"PATRIOTA","nv":" ","e":"n","st":"N\u00e3o eleito","dvt":"V\u00e1lido","vap":"2","pvap":"   0,01"},{"seq":"36","sqcand":"40001054600","n":"45554","nm":"CALEBE REIS","cc":"PSDB","nv":" ","e":"n","st":"Suplente","dvt":"V\u00e1lido","vap":"107","pvap":"   0,75"},{"seq":"48","sqcand":"40000890118","n":"23777","nm":"FABIANO MARTINS","cc":"CIDADANIA","nv":" ","e":"n","st":"Suplente","dvt":"V\u00e1lido","vap":"70","pvap":"   0,49"},{"seq":"62","sqcand":"40001053561","n":"22115","nm":"PATRICIA","cc":"PL","nv":" ","e":"n","st":"Suplente","dvt":"V\u00e1lido","vap":"36","pvap":"   0,25"},{"seq":"10","sqcand":"40001013891","n":"11111","nm":"DRA GUARACY","cc":"PP","nv":" ","e":"s","st":"Eleito","dvt":"V\u00e1lido","vap":"318","pvap":"   2,22"},{"seq":"35","sqcand":"40000889864","n":"15455","nm":"FRANCISCO DA CAPOEIRA","cc":"MDB","nv":" ","e":"n","st":"Suplente","dvt":"V\u00e1lido","vap":"110","pvap":"   0,77"},{"seq":"80","sqcand":"40001197900","n":"55255","nm":"ABIGAIL","cc":"PSD","nv":" ","e":"n","st":"Suplente","dvt":"V\u00e1lido","vap":"18","pvap":"   0,13"},{"seq":"63","sqcand":"40001197897","n":"55245","nm":"FRANCISCA DA CASA DA VERDURA","cc":"PSD","nv":" ","e":"n","st":"Suplente","dvt":"V\u00e1lido","vap":"34","pvap":"   0,24"},{"seq":"153","sqcand":"40001195478","n":"43243","nm":"ANA MARIA","cc":"PV","nv":" ","e":"n","st":"N\u00e3o eleito","dvt":"V\u00e1lido","vap":"0","pvap":"00.00"},{"seq":"123","sqcand":"40001052154","n":"12666","nm":"ABRAAO PACHECO","cc":"PDT","nv":" ","e":"n","st":"N\u00e3o eleito","dvt":"V\u00e1lido","vap":"21","pvap":"   0,15"},{"seq":"33","sqcand":"40000889875","n":"15155","nm":"ADRINEY GAMA","cc":"MDB","nv":" ","e":"n","st":"Suplente","dvt":"V\u00e1lido","vap":"117","pvap":"   0,82"},{"seq":"90","sqcand":"40000890115","n":"23888","nm":"JANAYRA FREITAS","cc":"CIDADANIA","nv":" ","e":"n","st":"Suplente","dvt":"V\u00e1lido","vap":"8","pvap":"   0,06"},{"seq":"117","sqcand":"40001195484","n":"43238","nm":"PIT\u00da","cc":"PV","nv":" ","e":"n","st":"N\u00e3o eleito","dvt":"V\u00e1lido","vap":"33","pvap":"   0,23"},{"seq":"40","sqcand":"40000889859","n":"15147","nm":"DINHO LEVY","cc":"MDB","nv":" ","e":"n","st":"Suplente","dvt":"V\u00e1lido","vap":"93","pvap":"   0,65"},{"seq":"32","sqcand":"40001013886","n":"11234","nm":"PROFESSORA VALDECI","cc":"PP","nv":" ","e":"n","st":"Suplente","dvt":"V\u00e1lido","vap":"142","pvap":"   0,99"},{"seq":"17","sqcand":"40001013878","n":"11777","nm":"NETO CARVALHO","cc":"PP","nv":" ","e":"n","st":"Suplente","dvt":"V\u00e1lido","vap":"270","pvap":"   1,89"},{"seq":"51","sqcand":"40001054605","n":"45678","nm":"TEODORO DO FRETE","cc":"PSDB","nv":" ","e":"n","st":"Suplente","dvt":"V\u00e1lido","vap":"59","pvap":"   0,41"},{"seq":"129","sqcand":"40001195483","n":"43555","nm":"DIEGO MORAIS","cc":"PV","nv":" ","e":"n","st":"N\u00e3o eleito","dvt":"V\u00e1lido","vap":"17","pvap":"   0,12"},{"seq":"59","sqcand":"40000890116","n":"23300","nm":"JACKSON LIRA","cc":"CIDADANIA","nv":" ","e":"n","st":"Suplente","dvt":"V\u00e1lido","vap":"39","pvap":"   0,27"},{"seq":"145","sqcand":"40001052162","n":"12123","nm":"NAZAREZINHA","cc":"PDT","nv":" ","e":"n","st":"N\u00e3o eleito","dvt":"V\u00e1lido","vap":"4","pvap":"   0,03"},{"seq":"131","sqcand":"40001052153","n":"12661","nm":"RAIMUNDO MARTINS","cc":"PDT","nv":" ","e":"n","st":"N\u00e3o eleito","dvt":"V\u00e1lido","vap":"14","pvap":"   0,10"},{"seq":"118","sqcand":"40001052158","n":"12222","nm":"MARLUCE MIRANDA","cc":"PDT","nv":" ","e":"n","st":"N\u00e3o eleito","dvt":"V\u00e1lido","vap":"27","pvap":"   0,19"},{"seq":"124","sqcand":"40000776885","n":"70700","nm":"ELANDIO BARROTE","cc":"AVANTE","nv":" ","e":"n","st":"N\u00e3o eleito","dvt":"V\u00e1lido","vap":"20","pvap":"   0,14"},{"seq":"111","sqcand":"40001055821","n":"51888","nm":"MISSIONARIO MAIA","cc":"PATRIOTA","nv":" ","e":"n","st":"N\u00e3o eleito","dvt":"V\u00e1lido","vap":"44","pvap":"   0,31"},{"seq":"8","sqcand":"40000889863","n":"15015","nm":"ORANGE","cc":"MDB","nv":" ","e":"s","st":"Eleito","dvt":"V\u00e1lido","vap":"380","pvap":"   2,66"},{"seq":"114","sqcand":"40001055822","n":"51123","nm":"ANTONIO MACIEL","cc":"PATRIOTA","nv":" ","e":"n","st":"N\u00e3o eleito","dvt":"V\u00e1lido","vap":"40","pvap":"   0,28"},{"seq":"39","sqcand":"40001054609","n":"45450","nm":"BOTO","cc":"PSDB","nv":" ","e":"n","st":"Suplente","dvt":"V\u00e1lido","vap":"97","pvap":"   0,68"},{"seq":"141","sqcand":"40001195485","n":"43456","nm":"ANTONIO PANTALE\u00c3O","cc":"PV","nv":" ","e":"n","st":"N\u00e3o eleito","dvt":"V\u00e1lido","vap":"8","pvap":"   0,06"},{"seq":"6","sqcand":"40000889860","n":"15123","nm":"PEDRO FILEMMOM","cc":"MDB","nv":" ","e":"s","st":"Eleito","dvt":"V\u00e1lido","vap":"439","pvap":"   3,07"},{"seq":"112","sqcand":"40001055815","n":"51789","nm":"LENIE","cc":"PATRIOTA","nv":" ","e":"n","st":"N\u00e3o eleito","dvt":"V\u00e1lido","vap":"43","pvap":"   0,30"},{"seq":"148","sqcand":"40000776880","n":"70000","nm":"MARIA DE NAZARE","cc":"AVANTE","nv":" ","e":"n","st":"N\u00e3o eleito","dvt":"V\u00e1lido","vap":"2","pvap":"   0,01"},{"seq":"54","sqcand":"40001054602","n":"45123","nm":"PROFESSOR MIGUEL","cc":"PSDB","nv":" ","e":"n","st":"Suplente","dvt":"V\u00e1lido","vap":"43","pvap":"   0,30"},{"seq":"23","sqcand":"40000889858","n":"15000","nm":"PROFESSORA SHEYLA","cc":"MDB","nv":" ","e":"n","st":"Suplente","dvt":"V\u00e1lido","vap":"198","pvap":"   1,38"},{"seq":"19","sqcand":"40001054614","n":"45001","nm":"EDIMAR DA COPESCA","cc":"PSDB","nv":" ","e":"n","st":"Suplente","dvt":"V\u00e1lido","vap":"252","pvap":"   1,76"},{"seq":"15","sqcand":"40000890125","n":"23123","nm":"SENNA RAMOS","cc":"CIDADANIA","nv":" ","e":"n","st":"Suplente","dvt":"V\u00e1lido","vap":"300","pvap":"   2,10"},{"seq":"98","sqcand":"40001013888","n":"11333","nm":"ANA JAPECA","cc":"PP","nv":" ","e":"n","st":"Suplente","dvt":"V\u00e1lido","vap":"4","pvap":"   0,03"},{"seq":"57","sqcand":"40000889865","n":"15999","nm":"FABRICIO LIMA","cc":"MDB","nv":" ","e":"n","st":"Suplente","dvt":"V\u00e1lido","vap":"40","pvap":"   0,28"},{"seq":"73","sqcand":"40000889870","n":"15656","nm":"ALDRIANY COSTA","cc":"MDB","nv":" ","e":"n","st":"Suplente","dvt":"V\u00e1lido","vap":"22","pvap":"   0,15"},{"seq":"128","sqcand":"40001195487","n":"43123","nm":"ELY","cc":"PV","nv":" ","e":"n","st":"N\u00e3o eleito","dvt":"V\u00e1lido","vap":"17","pvap":"   0,12"},{"seq":"130","sqcand":"40001055810","n":"51555","nm":"JANDERSON CINCO","cc":"PATRIOTA","nv":" ","e":"n","st":"N\u00e3o eleito","dvt":"V\u00e1lido","vap":"16","pvap":"   0,11"},{"seq":"58","sqcand":"40000889874","n":"15678","nm":"GATO","cc":"MDB","nv":" ","e":"n","st":"Suplente","dvt":"V\u00e1lido","vap":"39","pvap":"   0,27"},{"seq":"151","sqcand":"40001055811","n":"51222","nm":"BERNARDETE","cc":"PATRIOTA","nv":" ","e":"n","st":"N\u00e3o eleito","dvt":"V\u00e1lido","vap":"0","pvap":"00.00"},{"seq":"22","sqcand":"40001053568","n":"22444","nm":"MACARR\u00c3O","cc":"PL","nv":" ","e":"n","st":"Suplente","dvt":"V\u00e1lido","vap":"219","pvap":"   1,53"},{"seq":"109","sqcand":"40001055816","n":"51666","nm":"JULINHO DO AMANIUM","cc":"PATRIOTA","nv":" ","e":"n","st":"N\u00e3o eleito","dvt":"V\u00e1lido","vap":"67","pvap":"   0,47"},{"seq":"53","sqcand":"40001197902","n":"55789","nm":"JUVENIL MENDES","cc":"PSD","nv":" ","e":"n","st":"Suplente","dvt":"V\u00e1lido","vap":"51","pvap":"   0,36"},{"seq":"137","sqcand":"40000921901","n":"10111","nm":"EULY CO\u00caLHO","cc":"REPUBLICANOS","nv":" ","e":"n","st":"N\u00e3o eleito","dvt":"V\u00e1lido","vap":"9","pvap":"   0,06"},{"seq":"83","sqcand":"40001013879","n":"11172","nm":"GUGA SILVA","cc":"PP","nv":" ","e":"n","st":"Suplente","dvt":"V\u00e1lido","vap":"17","pvap":"   0,12"},{"seq":"140","sqcand":"40001195481","n":"43777","nm":"LUIZ GL\u00d3RIA","cc":"PV","nv":" ","e":"n","st":"N\u00e3o eleito","dvt":"V\u00e1lido","vap":"8","pvap":"   0,06"},{"seq":"7","sqcand":"40000890124","n":"23333","nm":"FABIO LIRA","cc":"CIDADANIA","nv":" ","e":"s","st":"Eleito","dvt":"V\u00e1lido","vap":"410","pvap":"   2,86"},{"seq":"106","sqcand":"40001055812","n":"51111","nm":"ELIZANGELA NEVES","cc":"PATRIOTA","nv":" ","e":"n","st":"N\u00e3o eleito","dvt":"V\u00e1lido","vap":"123","pvap":"   0,86"},{"seq":"30","sqcand":"40000890112","n":"23023","nm":"PROFESSOR RONILSON","cc":"CIDADANIA","nv":" ","e":"n","st":"Suplente","dvt":"V\u00e1lido","vap":"153","pvap":"   1,07"},{"seq":"143","sqcand":"40001263899","n":"43321","nm":"ADELMO","cc":"PV","nv":" ","e":"n","st":"N\u00e3o eleito","dvt":"V\u00e1lido","vap":"6","pvap":"   0,04"},{"seq":"152","sqcand":"40000776877","n":"70333","nm":"JEAN MACIEL","cc":"AVANTE","nv":" ","e":"n","st":"N\u00e3o eleito","dvt":"V\u00e1lido","vap":"0","pvap":"00.00"},{"seq":"50","sqcand":"40001053563","n":"22234","nm":"GUTO","cc":"PL","nv":" ","e":"n","st":"Suplente","dvt":"V\u00e1lido","vap":"65","pvap":"   0,45"},{"seq":"60","sqcand":"40001054615","n":"45555","nm":"CEAR\u00c1 DO REL\u00d3GIO","cc":"PSDB","nv":" ","e":"n","st":"Suplente","dvt":"V\u00e1lido","vap":"38","pvap":"   0,27"},{"seq":"154","sqcand":"40001195482","n":"43430","nm":"LEONICE BRAGA","cc":"PV","nv":" ","e":"n","st":"N\u00e3o eleito","dvt":"V\u00e1lido","vap":"0","pvap":"00.00"},{"seq":"43","sqcand":"40001197899","n":"55000","nm":"AN\u00cdBAN DA CEAM","cc":"PSD","nv":" ","e":"n","st":"Suplente","dvt":"V\u00e1lido","vap":"77","pvap":"   0,54"},{"seq":"105","sqcand":"40001055819","n":"51051","nm":"JONISON BIASE","cc":"PATRIOTA","nv":" ","e":"n","st":"N\u00e3o eleito","dvt":"V\u00e1lido","vap":"144","pvap":"   1,01"},{"seq":"49","sqcand":"40001053556","n":"22555","nm":"IVANA DA MOTA","cc":"PL","nv":" ","e":"n","st":"Suplente","dvt":"V\u00e1lido","vap":"65","pvap":"   0,45"},{"seq":"37","sqcand":"40001054613","n":"45789","nm":"JOCINEY SILVA","cc":"PSDB","nv":" ","e":"n","st":"Suplente","dvt":"V\u00e1lido","vap":"105","pvap":"   0,73"},{"seq":"56","sqcand":"40000889861","n":"15555","nm":"SILVIA PASSOS","cc":"MDB","nv":" ","e":"n","st":"Suplente","dvt":"V\u00e1lido","vap":"40","pvap":"   0,28"},{"seq":"92","sqcand":"40001054611","n":"45700","nm":"ROSA MOTOT\u00c1XI","cc":"PSDB","nv":" ","e":"n","st":"Suplente","dvt":"V\u00e1lido","vap":"7","pvap":"   0,05"},{"seq":"55","sqcand":"40001054612","n":"45451","nm":"PROFESSOR GLEOMAR","cc":"PSDB","nv":" ","e":"n","st":"Suplente","dvt":"V\u00e1lido","vap":"43","pvap":"   0,30"}]}
