{"ele":"426","tpabr":"mu","cdabr":"02798","carper":"13","t":"1","f":"o","dt":"15/11/2020","ht":"19:31:21","dv":"s","tf":"s","v":"11","esae":"n","mnae":"","s":"35","st":"35","pst":" 100,00","snt":"0","psnt":"   0,00","si":"35","psi":" 100,00","sni":"0","psni":"   0,00","sa":"35","psa":" 100,00","sna":"0","psna":"   0,00","e":"13143","ea":"13143","pea":" 100,00","ena":"0","pena":"   0,00","esi":"13143","pesi":" 100,00","esni":"0","pesni":"   0,00","c":"10689","pc":"  81,33","a":"2454","pa":"  18,67","vscv":"0","vnom":"9737","vl":"439","pvnom":"  95,69","pvl":"   4,31","vvc":"10306","pvvc":"  96,42","vb":"44","pvb":"   0,41","tvn":"339","ptvn":"   3,17","vn":"339","pvn":" 100,00","vnt":"0","pvnt":"   0,00","vp":"0","pvp":"   0,00","vv":"10176","pvv":"  98,74","van":"0","pvan":"   0,00","vansj":"130","pvansj":"   1,26","tv":"10689","cand":[{"seq":"26","sqcand":"40001026499","n":"22777","nm":"VAL ABILIO","cc":"PL","nv":" ","e":"n","st":"Suplente","dvt":"V\u00e1lido","vap":"159","pvap":"   1,54"},{"seq":"44","sqcand":"40001025893","n":"20223","nm":"VALDOMIRO APURIN\u00c3","cc":"PSC","nv":" ","e":"n","st":"Suplente","dvt":"V\u00e1lido","vap":"10","pvap":"   0,10"},{"seq":"71","sqcand":"40000816128","n":"70788","nm":"NENENZAO","cc":"AVANTE","nv":" ","e":"n","st":"N\u00e3o eleito","dvt":"V\u00e1lido","vap":"10","pvap":"   0,10"},{"seq":"27","sqcand":"40001025895","n":"20111","nm":"RAIMUNDO ALMEIDA","cc":"PSC","nv":" ","e":"n","st":"Suplente","dvt":"V\u00e1lido","vap":"131","pvap":"   1,27"},{"seq":"59","sqcand":"40000661306","n":"17234","nm":"JOANA MARTINS","cc":"PSL","nv":" ","e":"n","st":"N\u00e3o eleito","dvt":"V\u00e1lido","vap":"40","pvap":"   0,39"},{"seq":"33","sqcand":"40000913669","n":"11662","nm":"OZIEL SARAIVA","cc":"PP","nv":" ","e":"n","st":"Suplente","dvt":"V\u00e1lido","vap":"59","pvap":"   0,57"},{"seq":"51","sqcand":"40000816127","n":"70234","nm":"ZECA ","cc":"AVANTE","nv":" ","e":"n","st":"N\u00e3o eleito","dvt":"V\u00e1lido","vap":"154","pvap":"   1,49"},{"seq":"5","sqcand":"40001186225","n":"15666","nm":"LAL\u00c1","cc":"MDB","nv":" ","e":"s","st":"Eleito","dvt":"V\u00e1lido","vap":"416","pvap":"   4,04"},{"seq":"53","sqcand":"40000816131","n":"70000","nm":"JERRY ENFERMEIRO","cc":"AVANTE","nv":" ","e":"n","st":"N\u00e3o eleito","dvt":"V\u00e1lido","vap":"82","pvap":"   0,80"},{"seq":"12","sqcand":"40000913668","n":"11444","nm":"CIDINHO","cc":"PP","nv":" ","e":"n","st":"Suplente","dvt":"V\u00e1lido","vap":"314","pvap":"   3,05"},{"seq":"32","sqcand":"40001186234","n":"15456","nm":"GOROROBA","cc":"MDB","nv":" ","e":"n","st":"Suplente","dvt":"V\u00e1lido","vap":"62","pvap":"   0,60"},{"seq":"62","sqcand":"40000816121","n":"70555","nm":"ELIENE","cc":"AVANTE","nv":" ","e":"n","st":"N\u00e3o eleito","dvt":"V\u00e1lido","vap":"29","pvap":"   0,28"},{"seq":"1","sqcand":"40001186224","n":"15777","nm":"NILSON","cc":"MDB","nv":" ","e":"s","st":"Eleito","dvt":"V\u00e1lido","vap":"649","pvap":"   6,30"},{"seq":"50","sqcand":"40001026494","n":"22221","nm":"ELISANA","cc":"PL","nv":" ","e":"n","st":"Suplente","dvt":"V\u00e1lido","vap":"0","pvap":"00.00"},{"seq":"36","sqcand":"40001186222","n":"15333","nm":"PEDRO DA ZOTE","cc":"MDB","nv":" ","e":"n","st":"Suplente","dvt":"V\u00e1lido","vap":"34","pvap":"   0,33"},{"seq":"57","sqcand":"40000816132","n":"70007","nm":"GLAUDSON DIAS","cc":"AVANTE","nv":" ","e":"n","st":"N\u00e3o eleito","dvt":"V\u00e1lido","vap":"42","pvap":"   0,41"},{"seq":"58","sqcand":"40000816125","n":"70677","nm":"SON","cc":"AVANTE","nv":" ","e":"n","st":"N\u00e3o eleito","dvt":"V\u00e1lido","vap":"42","pvap":"   0,41"},{"seq":"64","sqcand":"40000816133","n":"70232","nm":"DRA LACI","cc":"AVANTE","nv":" ","e":"n","st":"N\u00e3o eleito","dvt":"V\u00e1lido","vap":"27","pvap":"   0,26"},{"seq":"20","sqcand":"40001026502","n":"22123","nm":"NILDO DA FOZ","cc":"PL","nv":" ","e":"n","st":"Suplente","dvt":"V\u00e1lido","vap":"214","pvap":"   2,08"},{"seq":"45","sqcand":"40001026501","n":"22223","nm":"SEBASTIANA","cc":"PL","nv":" ","e":"n","st":"Suplente","dvt":"V\u00e1lido","vap":"9","pvap":"   0,09"},{"seq":"4","sqcand":"40000913664","n":"11222","nm":"CANARANA","cc":"PP","nv":" ","e":"s","st":"Eleito","dvt":"V\u00e1lido","vap":"432","pvap":"   4,19"},{"seq":"14","sqcand":"40001025892","n":"20123","nm":"SERJ\u00c3O","cc":"PSC","nv":" ","e":"n","st":"Suplente","dvt":"V\u00e1lido","vap":"302","pvap":"   2,93"},{"seq":"29","sqcand":"40001025889","n":"20789","nm":"DENIVAL","cc":"PSC","nv":" ","e":"n","st":"Suplente","dvt":"V\u00e1lido","vap":"107","pvap":"   1,04"},{"seq":"56","sqcand":"40000661305","n":"17027","nm":"NILDO DO PASTOR ","cc":"PSL","nv":" ","e":"n","st":"N\u00e3o eleito","dvt":"V\u00e1lido","vap":"64","pvap":"   0,62"},{"seq":"3","sqcand":"40000913673","n":"11333","nm":"PROFESSOR JONES EDSON","cc":"PP","nv":" ","e":"s","st":"Eleito","dvt":"V\u00e1lido","vap":"483","pvap":"   4,69"},{"seq":"24","sqcand":"40001026496","n":"22222","nm":"PROFESSOR ALTEVIR","cc":"PL","nv":" ","e":"n","st":"Suplente","dvt":"V\u00e1lido","vap":"163","pvap":"   1,58"},{"seq":"49","sqcand":"40000913671","n":"11999","nm":"VANDERLEIA","cc":"PP","nv":" ","e":"n","st":"Suplente","dvt":"V\u00e1lido","vap":"3","pvap":"   0,03"},{"seq":"63","sqcand":"40000816117","n":"70777","nm":"BENA","cc":"AVANTE","nv":" ","e":"n","st":"N\u00e3o eleito","dvt":"V\u00e1lido","vap":"27","pvap":"   0,26"},{"seq":"70","sqcand":"40000816130","n":"70211","nm":"EVA","cc":"AVANTE","nv":" ","e":"n","st":"N\u00e3o eleito","dvt":"V\u00e1lido","vap":"12","pvap":"   0,12"},{"seq":"6","sqcand":"40001025888","n":"20222","nm":"DIGALEU","cc":"PSC","nv":" ","e":"s","st":"Eleito","dvt":"V\u00e1lido","vap":"398","pvap":"   3,86"},{"seq":"46","sqcand":"40001025899","n":"20456","nm":"REBECA DA FAZENDA","cc":"PSC","nv":" ","e":"n","st":"Suplente","dvt":"V\u00e1lido","vap":"6","pvap":"   0,06"},{"seq":"48","sqcand":"40001186228","n":"15150","nm":"BERECA","cc":"MDB","nv":" ","e":"n","st":"Suplente","dvt":"V\u00e1lido","vap":"4","pvap":"   0,04"},{"seq":"68","sqcand":"40000816129","n":"70022","nm":"JENI","cc":"AVANTE","nv":" ","e":"n","st":"N\u00e3o eleito","dvt":"V\u00e1lido","vap":"17","pvap":"   0,16"},{"seq":"69","sqcand":"40000816122","n":"70123","nm":"CHIQUINHO TECLADISTA","cc":"AVANTE","nv":" ","e":"n","st":"N\u00e3o eleito","dvt":"V\u00e1lido","vap":"17","pvap":"   0,16"},{"seq":"23","sqcand":"40001186233","n":"15111","nm":"BRAND\u00c3O PELA F\u00c9","cc":"MDB","nv":" ","e":"n","st":"Suplente","dvt":"V\u00e1lido","vap":"169","pvap":"   1,64"},{"seq":"35","sqcand":"40001025883","n":"20963","nm":"OZANA MARTINS","cc":"PSC","nv":" ","e":"n","st":"Suplente","dvt":"V\u00e1lido","vap":"42","pvap":"   0,41"},{"seq":"43","sqcand":"40001186229","n":"15888","nm":"CASSIMIRA","cc":"MDB","nv":" ","e":"n","st":"Suplente","dvt":"V\u00e1lido","vap":"15","pvap":"   0,15"},{"seq":"9","sqcand":"40001026495","n":"22555","nm":"METO CASTRO","cc":"PL","nv":" ","e":"s","st":"Eleito","dvt":"V\u00e1lido","vap":"328","pvap":"   3,18"},{"seq":"61","sqcand":"40000816124","n":"70333","nm":"SALECIANO","cc":"AVANTE","nv":" ","e":"n","st":"N\u00e3o eleito","dvt":"V\u00e1lido","vap":"32","pvap":"   0,31"},{"seq":"60","sqcand":"40000661308","n":"17111","nm":"LENY SEABRA","cc":"PSL","nv":" ","e":"n","st":"N\u00e3o eleito","dvt":"V\u00e1lido","vap":"39","pvap":"   0,38"},{"seq":"7","sqcand":"40001186227","n":"15555","nm":"EPAMINONDAS","cc":"MDB","nv":" ","e":"s","st":"Eleito","dvt":"V\u00e1lido","vap":"393","pvap":"   3,81"},{"seq":"16","sqcand":"40001025897","n":"20888","nm":"RAIMUNDO DO HAROLDO","cc":"PSC","nv":" ","e":"n","st":"Suplente","dvt":"V\u00e1lido","vap":"252","pvap":"   2,45"},{"seq":"73","sqcand":"40000816120","n":"70070","nm":"GENARIO","cc":"AVANTE","nv":" ","e":"n","st":"N\u00e3o eleito","dvt":"V\u00e1lido","vap":"0","pvap":"00.00"},{"seq":"17","sqcand":"40001026492","n":"22333","nm":"CARMEM","cc":"PL","nv":" ","e":"n","st":"Suplente","dvt":"V\u00e1lido","vap":"242","pvap":"   2,35"},{"seq":"55","sqcand":"40000661304","n":"17222","nm":"IRM\u00c3O VALDINHO","cc":"PSL","nv":" ","e":"n","st":"N\u00e3o eleito","dvt":"V\u00e1lido","vap":"70","pvap":"   0,68"},{"seq":"28","sqcand":"40001025898","n":"20555","nm":"DINHO","cc":"PSC","nv":" ","e":"n","st":"Suplente","dvt":"V\u00e1lido","vap":"119","pvap":"   1,15"},{"seq":"19","sqcand":"40000913665","n":"11555","nm":"PROFESSOR MANOEL DIOMEDIO","cc":"PP","nv":" ","e":"n","st":"Suplente","dvt":"V\u00e1lido","vap":"221","pvap":"   2,14"},{"seq":"37","sqcand":"40001186230","n":"15000","nm":"GILBERTO APURIN\u00c3","cc":"MDB","nv":" ","e":"n","st":"Suplente","dvt":"V\u00e1lido","vap":"26","pvap":"   0,25"},{"seq":"31","sqcand":"40001025894","n":"20852","nm":"RAIMUNDO GOMES","cc":"PSC","nv":" ","e":"n","st":"Suplente","dvt":"V\u00e1lido","vap":"63","pvap":"   0,61"},{"seq":"72","sqcand":"40000661309","n":"17123","nm":"ANTONIO LIMA","cc":"PSL","nv":" ","e":"n","st":"N\u00e3o eleito","dvt":"V\u00e1lido","vap":"6","pvap":"   0,06"},{"seq":"52","sqcand":"40001025891","n":"20000","nm":"DAVI DA MISMA","cc":"PSC","nv":" ","e":"n","st":"N\u00e3o eleito","dvt":"Anulado sub judice","vap":"130","pvap":"   1,26"},{"seq":"30","sqcand":"40000913672","n":"11611","nm":"RICARDO BRAND\u00c3O","cc":"PP","nv":" ","e":"n","st":"Suplente","dvt":"V\u00e1lido","vap":"102","pvap":"   0,99"},{"seq":"13","sqcand":"40001186226","n":"15222","nm":"ALCIRELE","cc":"MDB","nv":" ","e":"n","st":"Suplente","dvt":"V\u00e1lido","vap":"312","pvap":"   3,03"},{"seq":"39","sqcand":"40001186232","n":"15234","nm":"RONEIDE","cc":"MDB","nv":" ","e":"n","st":"Suplente","dvt":"V\u00e1lido","vap":"20","pvap":"   0,19"},{"seq":"22","sqcand":"40001026500","n":"22345","nm":"VALMIR MARROQUE","cc":"PL","nv":" ","e":"n","st":"Suplente","dvt":"V\u00e1lido","vap":"184","pvap":"   1,79"},{"seq":"47","sqcand":"40001025885","n":"20258","nm":"GEISIANE","cc":"PSC","nv":" ","e":"n","st":"Suplente","dvt":"V\u00e1lido","vap":"5","pvap":"   0,05"},{"seq":"8","sqcand":"40001025890","n":"20444","nm":"JOJOCA TEIXEIRA","cc":"PSC","nv":" ","e":"s","st":"Eleito","dvt":"V\u00e1lido","vap":"340","pvap":"   3,30"},{"seq":"40","sqcand":"40001025887","n":"20147","nm":"JOMARA FREITAS","cc":"PSC","nv":" ","e":"n","st":"Suplente","dvt":"V\u00e1lido","vap":"19","pvap":"   0,18"},{"seq":"34","sqcand":"40001026498","n":"22111","nm":"MARIVALDO","cc":"PL","nv":" ","e":"n","st":"Suplente","dvt":"V\u00e1lido","vap":"48","pvap":"   0,47"},{"seq":"66","sqcand":"40000816118","n":"70124","nm":"TENENTE VALDO","cc":"AVANTE","nv":" ","e":"n","st":"N\u00e3o eleito","dvt":"V\u00e1lido","vap":"22","pvap":"   0,21"},{"seq":"10","sqcand":"40001025884","n":"20777","nm":"FRANCISCA DA PESCA","cc":"PSC","nv":" ","e":"s","st":"Eleito","dvt":"V\u00e1lido","vap":"306","pvap":"   2,97"},{"seq":"41","sqcand":"40000913667","n":"11110","nm":"IVANETE","cc":"PP","nv":" ","e":"n","st":"Suplente","dvt":"V\u00e1lido","vap":"16","pvap":"   0,16"},{"seq":"21","sqcand":"40000913662","n":"11567","nm":"JERRILEI","cc":"PP","nv":" ","e":"n","st":"Suplente","dvt":"V\u00e1lido","vap":"209","pvap":"   2,03"},{"seq":"2","sqcand":"40001186231","n":"15444","nm":"IZAQUE","cc":"MDB","nv":" ","e":"s","st":"Eleito","dvt":"V\u00e1lido","vap":"500","pvap":"   4,85"},{"seq":"67","sqcand":"40000816123","n":"70666","nm":"MARIA DE JESUS","cc":"AVANTE","nv":" ","e":"n","st":"N\u00e3o eleito","dvt":"V\u00e1lido","vap":"22","pvap":"   0,21"},{"seq":"42","sqcand":"40000913661","n":"11234","nm":"DILAMAR","cc":"PP","nv":" ","e":"n","st":"Suplente","dvt":"V\u00e1lido","vap":"15","pvap":"   0,15"},{"seq":"54","sqcand":"40000816126","n":"70456","nm":"AMIGO GE","cc":"AVANTE","nv":" ","e":"n","st":"N\u00e3o eleito","dvt":"V\u00e1lido","vap":"79","pvap":"   0,77"},{"seq":"25","sqcand":"40000913670","n":"11123","nm":"TCHU TCHU","cc":"PP","nv":" ","e":"n","st":"Suplente","dvt":"V\u00e1lido","vap":"160","pvap":"   1,55"},{"seq":"38","sqcand":"40000913666","n":"11777","nm":"LEIA MARTINS","cc":"PP","nv":" ","e":"n","st":"Suplente","dvt":"V\u00e1lido","vap":"24","pvap":"   0,23"},{"seq":"15","sqcand":"40001025886","n":"20333","nm":"HAROLDO ZUZA","cc":"PSC","nv":" ","e":"n","st":"Suplente","dvt":"V\u00e1lido","vap":"295","pvap":"   2,86"},{"seq":"11","sqcand":"40001026493","n":"22000","nm":"BEBETO","cc":"PL","nv":" ","e":"s","st":"Eleito","dvt":"V\u00e1lido","vap":"270","pvap":"   2,62"},{"seq":"18","sqcand":"40001186235","n":"15123","nm":"MARCOS LIMA","cc":"MDB","nv":" ","e":"n","st":"Suplente","dvt":"V\u00e1lido","vap":"231","pvap":"   2,24"},{"seq":"65","sqcand":"40000661307","n":"17000","nm":"ANTONIO MALVEIRA","cc":"PSL","nv":" ","e":"n","st":"N\u00e3o eleito","dvt":"V\u00e1lido","vap":"23","pvap":"   0,22"}]}
