{"ele":"426","tpabr":"mu","cdabr":"02852","carper":"13","t":"1","f":"o","dt":"15/11/2020","ht":"21:08:36","dv":"s","tf":"s","v":"11","esae":"n","mnae":"","s":"32","st":"32","pst":" 100,00","snt":"0","psnt":"   0,00","si":"32","psi":" 100,00","sni":"0","psni":"   0,00","sa":"32","psa":" 100,00","sna":"0","psna":"   0,00","e":"11723","ea":"11723","pea":" 100,00","ena":"0","pena":"   0,00","esi":"11723","pesi":" 100,00","esni":"0","pesni":"   0,00","c":"9779","pc":"  83,42","a":"1944","pa":"  16,58","vscv":"0","vnom":"9211","vl":"353","pvnom":"  96,31","pvl":"   3,69","vvc":"9602","pvvc":"  98,19","vb":"48","pvb":"   0,49","tvn":"129","ptvn":"   1,32","vn":"122","pvn":"  94,57","vnt":"7","pvnt":"   5,43","vp":"0","pvp":"   0,00","vv":"9564","pvv":"  99,60","van":"0","pvan":"   0,00","vansj":"38","pvansj":"   0,40","tv":"9779","cand":[{"seq":"122","sqcand":"40001237399","n":"10123","nm":"J\u00daLIO RAMOS","cc":"REPUBLICANOS","nv":" ","e":"n","st":"N\u00e3o eleito","dvt":"V\u00e1lido","vap":"4","pvap":"   0,04"},{"seq":"23","sqcand":"40001103912","n":"77888","nm":"FERNANDINHO DO PARQUINHO","cc":"SOLIDARIEDADE","nv":" ","e":"n","st":"Suplente","dvt":"V\u00e1lido","vap":"93","pvap":"   0,97"},{"seq":"108","sqcand":"40001100023","n":"19222","nm":"ELY CONTABILIDADE","cc":"PODE","nv":" ","e":"n","st":"N\u00e3o eleito","dvt":"V\u00e1lido","vap":"8","pvap":"   0,08"},{"seq":"49","sqcand":"40000791001","n":"17999","nm":"RILDO LIBORIO","cc":"PSL","nv":" ","e":"n","st":"Suplente","dvt":"V\u00e1lido","vap":"12","pvap":"   0,12"},{"seq":"47","sqcand":"40001237910","n":"20200","nm":"REGIENE SANTOS","cc":"PSC","nv":" ","e":"n","st":"Suplente","dvt":"V\u00e1lido","vap":"17","pvap":"   0,18"},{"seq":"142","sqcand":"40001100030","n":"19444","nm":"ROSILENE BRAGA DOS SANTOS","cc":"PODE","nv":" ","e":"n","st":"N\u00e3o eleito","dvt":"V\u00e1lido","vap":"0","pvap":"00.00"},{"seq":"75","sqcand":"40000997103","n":"51222","nm":"EDSON SAIDES","cc":"PATRIOTA","nv":" ","e":"n","st":"N\u00e3o eleito","dvt":"V\u00e1lido","vap":"65","pvap":"   0,68"},{"seq":"93","sqcand":"40001237402","n":"10222","nm":"AWKONIO","cc":"REPUBLICANOS","nv":" ","e":"n","st":"N\u00e3o eleito","dvt":"V\u00e1lido","vap":"21","pvap":"   0,22"},{"seq":"18","sqcand":"40001103903","n":"77123","nm":"MARCINHO GAMA","cc":"SOLIDARIEDADE","nv":" ","e":"n","st":"Suplente","dvt":"V\u00e1lido","vap":"162","pvap":"   1,69"},{"seq":"127","sqcand":"40001100027","n":"19100","nm":"MARCAO","cc":"PODE","nv":" ","e":"n","st":"N\u00e3o eleito","dvt":"V\u00e1lido","vap":"3","pvap":"   0,03"},{"seq":"86","sqcand":"40000997100","n":"51555","nm":"LUCIANE NEVES","cc":"PATRIOTA","nv":" ","e":"n","st":"N\u00e3o eleito","dvt":"V\u00e1lido","vap":"30","pvap":"   0,31"},{"seq":"7","sqcand":"40001103901","n":"77015","nm":"AVELINO NETO FILHO DO AVELINO","cc":"SOLIDARIEDADE","nv":" ","e":"s","st":"Eleito","dvt":"V\u00e1lido","vap":"376","pvap":"   3,92"},{"seq":"129","sqcand":"40000997106","n":"51777","nm":"ENEIDA MARQUES","cc":"PATRIOTA","nv":" ","e":"n","st":"N\u00e3o eleito","dvt":"V\u00e1lido","vap":"3","pvap":"   0,03"},{"seq":"105","sqcand":"40000997097","n":"51333","nm":"ABIAS INDIGINAS","cc":"PATRIOTA","nv":" ","e":"n","st":"N\u00e3o eleito","dvt":"V\u00e1lido","vap":"12","pvap":"   0,12"},{"seq":"84","sqcand":"40001249423","n":"40234","nm":"C\u00c9LIA CAMPELO","cc":"PSB","nv":" ","e":"n","st":"N\u00e3o eleito","dvt":"V\u00e1lido","vap":"36","pvap":"   0,37"},{"seq":"6","sqcand":"40001001111","n":"15110","nm":"EVANDRO PELADO","cc":"MDB","nv":" ","e":"s","st":"Eleito","dvt":"V\u00e1lido","vap":"391","pvap":"   4,07"},{"seq":"70","sqcand":"40001249418","n":"40789","nm":"LEANDRO SANTOS","cc":"PSB","nv":" ","e":"n","st":"N\u00e3o eleito","dvt":"V\u00e1lido","vap":"175","pvap":"   1,82"},{"seq":"17","sqcand":"40001094061","n":"11122","nm":"NILT\u00c3O RAMOS","cc":"PP","nv":" ","e":"n","st":"Suplente","dvt":"V\u00e1lido","vap":"190","pvap":"   1,98"},{"seq":"121","sqcand":"40000823866","n":"13130","nm":"DILMA SANTOS","cc":"PT","nv":" ","e":"n","st":"N\u00e3o eleito","dvt":"V\u00e1lido","vap":"4","pvap":"   0,04"},{"seq":"104","sqcand":"40001100021","n":"19999","nm":"PROFESSOR EXODO","cc":"PODE","nv":" ","e":"n","st":"N\u00e3o eleito","dvt":"V\u00e1lido","vap":"12","pvap":"   0,12"},{"seq":"81","sqcand":"40001237942","n":"28123","nm":"LUCIANO","cc":"PRTB","nv":" ","e":"n","st":"N\u00e3o eleito","dvt":"V\u00e1lido","vap":"40","pvap":"   0,42"},{"seq":"136","sqcand":"40000997110","n":"51234","nm":"BRAW","cc":"PATRIOTA","nv":" ","e":"n","st":"N\u00e3o eleito","dvt":"V\u00e1lido","vap":"1","pvap":"   0,01"},{"seq":"27","sqcand":"40001237904","n":"20000","nm":"ED\u00cdLIO FERREIRA","cc":"PSC","nv":" ","e":"n","st":"Suplente","dvt":"V\u00e1lido","vap":"50","pvap":"   0,52"},{"seq":"26","sqcand":"40001001109","n":"15456","nm":"ENFERMEIRO AFONSO","cc":"MDB","nv":" ","e":"n","st":"Suplente","dvt":"V\u00e1lido","vap":"75","pvap":"   0,78"},{"seq":"65","sqcand":"40001094059","n":"11163","nm":"MARY MENEZES","cc":"PP","nv":" ","e":"n","st":"Suplente","dvt":"V\u00e1lido","vap":"4","pvap":"   0,04"},{"seq":"42","sqcand":"40001094066","n":"11167","nm":"GRACY ARA\u00daJO","cc":"PP","nv":" ","e":"n","st":"Suplente","dvt":"V\u00e1lido","vap":"23","pvap":"   0,24"},{"seq":"85","sqcand":"40001100026","n":"19123","nm":"PAULO ZUANI","cc":"PODE","nv":" ","e":"n","st":"N\u00e3o eleito","dvt":"V\u00e1lido","vap":"35","pvap":"   0,36"},{"seq":"60","sqcand":"40001237915","n":"20456","nm":"FRANCY DUTRA","cc":"PSC","nv":" ","e":"n","st":"Suplente","dvt":"V\u00e1lido","vap":"5","pvap":"   0,05"},{"seq":"16","sqcand":"40001103908","n":"77456","nm":"MIQUEIAS SOUZA","cc":"SOLIDARIEDADE","nv":" ","e":"n","st":"Suplente","dvt":"V\u00e1lido","vap":"203","pvap":"   2,11"},{"seq":"50","sqcand":"40001237901","n":"20444","nm":"JONISON TYSON","cc":"PSC","nv":" ","e":"n","st":"Suplente","dvt":"V\u00e1lido","vap":"12","pvap":"   0,12"},{"seq":"116","sqcand":"40000823861","n":"13222","nm":"MARILENA PONTES","cc":"PT","nv":" ","e":"n","st":"N\u00e3o eleito","dvt":"V\u00e1lido","vap":"5","pvap":"   0,05"},{"seq":"90","sqcand":"40000856256","n":"14014","nm":"MIDIAN SOARES","cc":"PTB","nv":" ","e":"n","st":"N\u00e3o eleito","dvt":"V\u00e1lido","vap":"26","pvap":"   0,27"},{"seq":"46","sqcand":"40001001103","n":"15222","nm":"BEL ORIENTE","cc":"MDB","nv":" ","e":"n","st":"Suplente","dvt":"V\u00e1lido","vap":"19","pvap":"   0,20"},{"seq":"143","sqcand":"40000997109","n":"51111","nm":"LEO","cc":"PATRIOTA","nv":" ","e":"n","st":"N\u00e3o eleito","dvt":"V\u00e1lido","vap":"0","pvap":"00.00"},{"seq":"34","sqcand":"40000791004","n":"17777","nm":"ANA MARQUES","cc":"PSL","nv":" ","e":"n","st":"Suplente","dvt":"V\u00e1lido","vap":"36","pvap":"   0,37"},{"seq":"13","sqcand":"40000790997","n":"17710","nm":"ENFEMEIRA ELIZANGELA","cc":"PSL","nv":" ","e":"n","st":"Suplente","dvt":"V\u00e1lido","vap":"236","pvap":"   2,46"},{"seq":"28","sqcand":"40001237906","n":"20020","nm":"MARCELO MORENO","cc":"PSC","nv":" ","e":"n","st":"Suplente","dvt":"V\u00e1lido","vap":"50","pvap":"   0,52"},{"seq":"12","sqcand":"40001103900","n":"77777","nm":"THIAGO MENDES","cc":"SOLIDARIEDADE","nv":" ","e":"n","st":"Suplente","dvt":"V\u00e1lido","vap":"251","pvap":"   2,61"},{"seq":"74","sqcand":"40001249420","n":"40123","nm":"AFONSO AOKI","cc":"PSB","nv":" ","e":"n","st":"N\u00e3o eleito","dvt":"V\u00e1lido","vap":"68","pvap":"   0,71"},{"seq":"43","sqcand":"40000791002","n":"17222","nm":"ENGENHEIRO MARCIVALDO","cc":"PSL","nv":" ","e":"n","st":"Suplente","dvt":"V\u00e1lido","vap":"23","pvap":"   0,24"},{"seq":"33","sqcand":"40001237911","n":"20888","nm":"RENAN CORDOVIL","cc":"PSC","nv":" ","e":"n","st":"Suplente","dvt":"V\u00e1lido","vap":"39","pvap":"   0,41"},{"seq":"92","sqcand":"40000823872","n":"13123","nm":"LUCIANO MATOS","cc":"PT","nv":" ","e":"n","st":"N\u00e3o eleito","dvt":"V\u00e1lido","vap":"21","pvap":"   0,22"},{"seq":"36","sqcand":"40001103904","n":"77234","nm":"ZEZINHO CASTRO","cc":"SOLIDARIEDADE","nv":" ","e":"n","st":"Suplente","dvt":"V\u00e1lido","vap":"32","pvap":"   0,33"},{"seq":"8","sqcand":"40001001108","n":"15015","nm":"AURIMAR TER\u00c7O","cc":"MDB","nv":" ","e":"s","st":"Eleito","dvt":"V\u00e1lido","vap":"360","pvap":"   3,75"},{"seq":"25","sqcand":"40001103899","n":"77890","nm":"VAL PANIFICADORA","cc":"SOLIDARIEDADE","nv":" ","e":"n","st":"Suplente","dvt":"V\u00e1lido","vap":"88","pvap":"   0,92"},{"seq":"63","sqcand":"40001001110","n":"15888","nm":"LAIS GOMES","cc":"MDB","nv":" ","e":"n","st":"Suplente","dvt":"V\u00e1lido","vap":"5","pvap":"   0,05"},{"seq":"141","sqcand":"40001264435","n":"10999","nm":"ANDREZA ARA\u00daJO","cc":"REPUBLICANOS","nv":" ","e":"n","st":"N\u00e3o eleito","dvt":"V\u00e1lido","vap":"0","pvap":"00.00"},{"seq":"91","sqcand":"40001237396","n":"10789","nm":"PROFESSOR PAULINHO","cc":"REPUBLICANOS","nv":" ","e":"n","st":"N\u00e3o eleito","dvt":"V\u00e1lido","vap":"23","pvap":"   0,24"},{"seq":"62","sqcand":"40001001117","n":"15333","nm":"MEIRE NASCIMENTO","cc":"MDB","nv":" ","e":"n","st":"Suplente","dvt":"V\u00e1lido","vap":"5","pvap":"   0,05"},{"seq":"21","sqcand":"40000791006","n":"17111","nm":"BALDOMERO JUNIOR","cc":"PSL","nv":" ","e":"n","st":"Suplente","dvt":"V\u00e1lido","vap":"107","pvap":"   1,11"},{"seq":"123","sqcand":"40000856257","n":"14555","nm":"MONICA GOMES","cc":"PTB","nv":" ","e":"n","st":"N\u00e3o eleito","dvt":"V\u00e1lido","vap":"4","pvap":"   0,04"},{"seq":"68","sqcand":"40001001114","n":"15001","nm":"ALMIRO GUERREIRO","cc":"MDB","nv":" ","e":"n","st":"Suplente","dvt":"V\u00e1lido","vap":"1","pvap":"   0,01"},{"seq":"140","sqcand":"40000997101","n":"51024","nm":"JAJAI","cc":"PATRIOTA","nv":" ","e":"n","st":"N\u00e3o eleito","dvt":"V\u00e1lido","vap":"0","pvap":"00.00"},{"seq":"29","sqcand":"40000791005","n":"17131","nm":"PASTOR VALMIR","cc":"PSL","nv":" ","e":"n","st":"Suplente","dvt":"V\u00e1lido","vap":"48","pvap":"   0,50"},{"seq":"44","sqcand":"40000790996","n":"17007","nm":"PASTOR RENALDO","cc":"PSL","nv":" ","e":"n","st":"Suplente","dvt":"V\u00e1lido","vap":"22","pvap":"   0,23"},{"seq":"102","sqcand":"40000823867","n":"13456","nm":"TOMAZIA RAMOS","cc":"PT","nv":" ","e":"n","st":"N\u00e3o eleito","dvt":"V\u00e1lido","vap":"14","pvap":"   0,15"},{"seq":"5","sqcand":"40001103907","n":"77333","nm":"NITH RAMOS","cc":"SOLIDARIEDADE","nv":" ","e":"s","st":"Eleito","dvt":"V\u00e1lido","vap":"405","pvap":"   4,22"},{"seq":"97","sqcand":"40001264437","n":"10888","nm":"JOZIAS MARTINS","cc":"REPUBLICANOS","nv":" ","e":"n","st":"N\u00e3o eleito","dvt":"V\u00e1lido","vap":"17","pvap":"   0,18"},{"seq":"131","sqcand":"40001237391","n":"10555","nm":"RENATA KARLA LIMA","cc":"REPUBLICANOS","nv":" ","e":"n","st":"N\u00e3o eleito","dvt":"V\u00e1lido","vap":"2","pvap":"   0,02"},{"seq":"3","sqcand":"40000791000","n":"17123","nm":"MATEUS GARCIA","cc":"PSL","nv":" ","e":"s","st":"Eleito","dvt":"V\u00e1lido","vap":"519","pvap":"   5,41"},{"seq":"54","sqcand":"40001103902","n":"77115","nm":"VELHA","cc":"SOLIDARIEDADE","nv":" ","e":"n","st":"Suplente","dvt":"V\u00e1lido","vap":"9","pvap":"   0,09"},{"seq":"22","sqcand":"40001001104","n":"15111","nm":"ALDO BARRETO","cc":"MDB","nv":" ","e":"n","st":"Suplente","dvt":"V\u00e1lido","vap":"102","pvap":"   1,06"},{"seq":"134","sqcand":"40001237394","n":"10777","nm":"NEY","cc":"REPUBLICANOS","nv":" ","e":"n","st":"N\u00e3o eleito","dvt":"V\u00e1lido","vap":"1","pvap":"   0,01"},{"seq":"69","sqcand":"40001237903","n":"20100","nm":"DOLORES FERREIRA","cc":"PSC","nv":" ","e":"n","st":"Suplente","dvt":"V\u00e1lido","vap":"0","pvap":"00.00"},{"seq":"137","sqcand":"40000856255","n":"14444","nm":"GISELLE MAGALHAES","cc":"PTB","nv":" ","e":"n","st":"N\u00e3o eleito","dvt":"V\u00e1lido","vap":"1","pvap":"   0,01"},{"seq":"99","sqcand":"40000856247","n":"14222","nm":"DAVIS\u00c3O DO PTB","cc":"PTB","nv":" ","e":"n","st":"N\u00e3o eleito","dvt":"V\u00e1lido","vap":"17","pvap":"   0,18"},{"seq":"138","sqcand":"40001237943","n":"28222","nm":"MARILZA","cc":"PRTB","nv":" ","e":"n","st":"N\u00e3o eleito","dvt":"V\u00e1lido","vap":"0","pvap":"00.00"},{"seq":"87","sqcand":"40001249419","n":"40555","nm":"JONE CAZOLA","cc":"PSB","nv":" ","e":"n","st":"N\u00e3o eleito","dvt":"V\u00e1lido","vap":"28","pvap":"   0,29"},{"seq":"118","sqcand":"40001237401","n":"10020","nm":"ROSILDA ALFAIA","cc":"REPUBLICANOS","nv":" ","e":"n","st":"N\u00e3o eleito","dvt":"V\u00e1lido","vap":"5","pvap":"   0,05"},{"seq":"130","sqcand":"40000856248","n":"14777","nm":"ELOI BATISTA","cc":"PTB","nv":" ","e":"n","st":"N\u00e3o eleito","dvt":"V\u00e1lido","vap":"2","pvap":"   0,02"},{"seq":"31","sqcand":"40001094062","n":"11456","nm":"PATR\u00cdCIA SOUZA","cc":"PP","nv":" ","e":"n","st":"Suplente","dvt":"V\u00e1lido","vap":"43","pvap":"   0,45"},{"seq":"53","sqcand":"40001237909","n":"20012","nm":"GLA\u00cdLSON VIEIRA","cc":"PSC","nv":" ","e":"n","st":"Suplente","dvt":"V\u00e1lido","vap":"9","pvap":"   0,09"},{"seq":"126","sqcand":"40001237393","n":"10121","nm":"DR JOS\u00c9 MARIA","cc":"REPUBLICANOS","nv":" ","e":"n","st":"N\u00e3o eleito","dvt":"V\u00e1lido","vap":"3","pvap":"   0,03"},{"seq":"83","sqcand":"40000997104","n":"51551","nm":"TATI INOMATA","cc":"PATRIOTA","nv":" ","e":"n","st":"N\u00e3o eleito","dvt":"V\u00e1lido","vap":"38","pvap":"   0,40"},{"seq":"78","sqcand":"40000823864","n":"13115","nm":"WANDERLEY ANJOS","cc":"PT","nv":" ","e":"n","st":"N\u00e3o eleito","dvt":"V\u00e1lido","vap":"46","pvap":"   0,48"},{"seq":"80","sqcand":"40001264436","n":"10333","nm":"H\u00c9RICA MARQUES","cc":"REPUBLICANOS","nv":" ","e":"n","st":"N\u00e3o eleito","dvt":"V\u00e1lido","vap":"44","pvap":"   0,46"},{"seq":"88","sqcand":"40001100020","n":"19111","nm":"CLAUDIO LOPES FILHO DO PITIU","cc":"PODE","nv":" ","e":"n","st":"N\u00e3o eleito","dvt":"V\u00e1lido","vap":"28","pvap":"   0,29"},{"seq":"89","sqcand":"40000823862","n":"13151","nm":"Z\u00c9 ANTONIO DO CASTANHAL","cc":"PT","nv":" ","e":"n","st":"N\u00e3o eleito","dvt":"V\u00e1lido","vap":"27","pvap":"   0,28"},{"seq":"106","sqcand":"40000997102","n":"51221","nm":"KAI\u00c1","cc":"PATRIOTA","nv":" ","e":"n","st":"N\u00e3o eleito","dvt":"V\u00e1lido","vap":"11","pvap":"   0,11"},{"seq":"100","sqcand":"40001249421","n":"40777","nm":"PROFESSORA MICA","cc":"PSB","nv":" ","e":"n","st":"N\u00e3o eleito","dvt":"V\u00e1lido","vap":"15","pvap":"   0,16"},{"seq":"39","sqcand":"40001237912","n":"20222","nm":"PROFESSORA CL\u00c1UDIA","cc":"PSC","nv":" ","e":"n","st":"Suplente","dvt":"V\u00e1lido","vap":"26","pvap":"   0,27"},{"seq":"101","sqcand":"40000823863","n":"13154","nm":"ANDREI LIMA","cc":"PT","nv":" ","e":"n","st":"N\u00e3o eleito","dvt":"V\u00e1lido","vap":"15","pvap":"   0,16"},{"seq":"9","sqcand":"40000791003","n":"17000","nm":"MARIA JACI","cc":"PSL","nv":" ","e":"s","st":"Eleito","dvt":"V\u00e1lido","vap":"332","pvap":"   3,46"},{"seq":"103","sqcand":"40000823865","n":"13655","nm":"ZEZINHO DO PT","cc":"PT","nv":" ","e":"n","st":"N\u00e3o eleito","dvt":"V\u00e1lido","vap":"13","pvap":"   0,14"},{"seq":"30","sqcand":"40001237900","n":"20555","nm":"ZILMO ALFAIA","cc":"PSC","nv":" ","e":"n","st":"Suplente","dvt":"V\u00e1lido","vap":"43","pvap":"   0,45"},{"seq":"45","sqcand":"40001103909","n":"77001","nm":"PATRICIA ACS","cc":"SOLIDARIEDADE","nv":" ","e":"n","st":"Suplente","dvt":"V\u00e1lido","vap":"20","pvap":"   0,21"},{"seq":"96","sqcand":"40001100029","n":"19555","nm":"PROFESSOR ADALBETO LUIZ","cc":"PODE","nv":" ","e":"n","st":"N\u00e3o eleito","dvt":"V\u00e1lido","vap":"17","pvap":"   0,18"},{"seq":"132","sqcand":"40000997107","n":"51010","nm":"LUANA DOS SANTOS","cc":"PATRIOTA","nv":" ","e":"n","st":"N\u00e3o eleito","dvt":"V\u00e1lido","vap":"2","pvap":"   0,02"},{"seq":"77","sqcand":"40001249422","n":"40111","nm":"LEANDRO RUI","cc":"PSB","nv":" ","e":"n","st":"N\u00e3o eleito","dvt":"V\u00e1lido","vap":"49","pvap":"   0,51"},{"seq":"14","sqcand":"40001103905","n":"77000","nm":"NARLEN ROCHA","cc":"SOLIDARIEDADE","nv":" ","e":"n","st":"Suplente","dvt":"V\u00e1lido","vap":"234","pvap":"   2,44"},{"seq":"144","sqcand":"40001237397","n":"10456","nm":"REGIANE MATIAS","cc":"REPUBLICANOS","nv":" ","e":"n","st":"N\u00e3o eleito","dvt":"V\u00e1lido","vap":"0","pvap":"00.00"},{"seq":"125","sqcand":"40000856251","n":"14333","nm":"TAYZA GARCIA","cc":"PTB","nv":" ","e":"n","st":"N\u00e3o eleito","dvt":"V\u00e1lido","vap":"4","pvap":"   0,04"},{"seq":"52","sqcand":"40001001115","n":"15789","nm":"DEDEU LORIS","cc":"MDB","nv":" ","e":"n","st":"Suplente","dvt":"V\u00e1lido","vap":"9","pvap":"   0,09"},{"seq":"135","sqcand":"40001100024","n":"19888","nm":"WANDERLEY","cc":"PODE","nv":" ","e":"n","st":"N\u00e3o eleito","dvt":"V\u00e1lido","vap":"1","pvap":"   0,01"},{"seq":"19","sqcand":"40001001107","n":"15555","nm":"RAMONA REZK","cc":"MDB","nv":" ","e":"n","st":"Suplente","dvt":"V\u00e1lido","vap":"135","pvap":"   1,41"},{"seq":"73","sqcand":"40000823871","n":"13333","nm":"BETA DO PT","cc":"PT","nv":" ","e":"n","st":"N\u00e3o eleito","dvt":"V\u00e1lido","vap":"92","pvap":"   0,96"},{"seq":"35","sqcand":"40001001113","n":"15563","nm":"MAX SERR\u00c3O","cc":"MDB","nv":" ","e":"n","st":"Suplente","dvt":"V\u00e1lido","vap":"33","pvap":"   0,34"},{"seq":"56","sqcand":"40000790998","n":"17015","nm":"FAFA","cc":"PSL","nv":" ","e":"n","st":"Suplente","dvt":"V\u00e1lido","vap":"8","pvap":"   0,08"},{"seq":"41","sqcand":"40001103910","n":"77300","nm":"NELCI PINTO","cc":"SOLIDARIEDADE","nv":" ","e":"n","st":"Suplente","dvt":"V\u00e1lido","vap":"23","pvap":"   0,24"},{"seq":"1","sqcand":"40001237914","n":"20777","nm":"J\u00daNIOR KASSER","cc":"PSC","nv":" ","e":"s","st":"Eleito","dvt":"V\u00e1lido","vap":"538","pvap":"   5,60"},{"seq":"115","sqcand":"40000997098","n":"51123","nm":"TEREZINHA","cc":"PATRIOTA","nv":" ","e":"n","st":"N\u00e3o eleito","dvt":"V\u00e1lido","vap":"6","pvap":"   0,06"},{"seq":"72","sqcand":"40001237944","n":"28777","nm":"PROF LAZARO","cc":"PRTB","nv":" ","e":"n","st":"N\u00e3o eleito","dvt":"V\u00e1lido","vap":"100","pvap":"   1,04"},{"seq":"79","sqcand":"40000856252","n":"14123","nm":"JUNIOR MAGALHAES","cc":"PTB","nv":" ","e":"n","st":"N\u00e3o eleito","dvt":"V\u00e1lido","vap":"46","pvap":"   0,48"},{"seq":"15","sqcand":"40001094065","n":"11111","nm":"C\u00c9LIO MARQUES","cc":"PP","nv":" ","e":"n","st":"Suplente","dvt":"V\u00e1lido","vap":"225","pvap":"   2,34"},{"seq":"133","sqcand":"40000997108","n":"51025","nm":"EVA LUIZA ZUANI","cc":"PATRIOTA","nv":" ","e":"n","st":"N\u00e3o eleito","dvt":"V\u00e1lido","vap":"2","pvap":"   0,02"},{"seq":"24","sqcand":"40001237905","n":"20333","nm":"FREDSON SILVA","cc":"PSC","nv":" ","e":"n","st":"Suplente","dvt":"V\u00e1lido","vap":"89","pvap":"   0,93"},{"seq":"61","sqcand":"40001001112","n":"15155","nm":"JESSY MARQUES","cc":"MDB","nv":" ","e":"n","st":"Suplente","dvt":"V\u00e1lido","vap":"5","pvap":"   0,05"},{"seq":"139","sqcand":"40001100028","n":"19777","nm":"ALEGRIA","cc":"PODE","nv":" ","e":"n","st":"N\u00e3o eleito","dvt":"V\u00e1lido","vap":"0","pvap":"00.00"},{"seq":"95","sqcand":"40001100022","n":"19666","nm":"CAMARAO","cc":"PODE","nv":" ","e":"n","st":"N\u00e3o eleito","dvt":"V\u00e1lido","vap":"18","pvap":"   0,19"},{"seq":"55","sqcand":"40001001105","n":"15115","nm":"MUNIK MARQUES","cc":"MDB","nv":" ","e":"n","st":"Suplente","dvt":"V\u00e1lido","vap":"8","pvap":"   0,08"},{"seq":"82","sqcand":"40001237395","n":"10000","nm":"BARATA","cc":"REPUBLICANOS","nv":" ","e":"n","st":"N\u00e3o eleito","dvt":"Anulado sub judice","vap":"38","pvap":"   0,40"},{"seq":"117","sqcand":"40001100025","n":"19333","nm":"NIRIA","cc":"PODE","nv":" ","e":"n","st":"N\u00e3o eleito","dvt":"V\u00e1lido","vap":"5","pvap":"   0,05"},{"seq":"57","sqcand":"40001094064","n":"11789","nm":"PROFESSOR ARTHUR LUIZ","cc":"PP","nv":" ","e":"n","st":"Suplente","dvt":"V\u00e1lido","vap":"7","pvap":"   0,07"},{"seq":"98","sqcand":"40000856253","n":"14455","nm":"ALEX CASTRO","cc":"PTB","nv":" ","e":"n","st":"N\u00e3o eleito","dvt":"V\u00e1lido","vap":"17","pvap":"   0,18"},{"seq":"128","sqcand":"40000856260","n":"14000","nm":"EDER BERERE DO COMPRIDO","cc":"PTB","nv":" ","e":"n","st":"N\u00e3o eleito","dvt":"V\u00e1lido","vap":"3","pvap":"   0,03"},{"seq":"71","sqcand":"40001249424","n":"40456","nm":"ARALDO SERR\u00c3O","cc":"PSB","nv":" ","e":"n","st":"N\u00e3o eleito","dvt":"V\u00e1lido","vap":"118","pvap":"   1,23"},{"seq":"48","sqcand":"40001237902","n":"20999","nm":"ANA C\u00c1SSIA","cc":"PSC","nv":" ","e":"n","st":"Suplente","dvt":"V\u00e1lido","vap":"15","pvap":"   0,16"},{"seq":"37","sqcand":"40001094063","n":"11222","nm":"LEVI TAVARES","cc":"PP","nv":" ","e":"n","st":"Suplente","dvt":"V\u00e1lido","vap":"30","pvap":"   0,31"},{"seq":"40","sqcand":"40001103911","n":"77345","nm":"MARA CARVALHO","cc":"SOLIDARIEDADE","nv":" ","e":"n","st":"Suplente","dvt":"V\u00e1lido","vap":"25","pvap":"   0,26"},{"seq":"2","sqcand":"40000790999","n":"17333","nm":"JUNIOR MARRECA","cc":"PSL","nv":" ","e":"s","st":"Eleito","dvt":"V\u00e1lido","vap":"528","pvap":"   5,50"},{"seq":"110","sqcand":"40000823868","n":"13015","nm":"MIQUEIAS BATISTA","cc":"PT","nv":" ","e":"n","st":"N\u00e3o eleito","dvt":"V\u00e1lido","vap":"8","pvap":"   0,08"},{"seq":"67","sqcand":"40001094067","n":"11234","nm":"MARCELO SILVA","cc":"PP","nv":" ","e":"n","st":"Suplente","dvt":"V\u00e1lido","vap":"2","pvap":"   0,02"},{"seq":"51","sqcand":"40001094060","n":"11123","nm":"ANDR\u00c9 DAS PEDRAS","cc":"PP","nv":" ","e":"n","st":"Suplente","dvt":"V\u00e1lido","vap":"11","pvap":"   0,11"},{"seq":"59","sqcand":"40001001116","n":"15000","nm":"MARCIO DO PONT\u00c3O","cc":"MDB","nv":" ","e":"n","st":"Suplente","dvt":"V\u00e1lido","vap":"7","pvap":"   0,07"},{"seq":"4","sqcand":"40001001102","n":"15123","nm":"ANTONIO MECANICO","cc":"MDB","nv":" ","e":"s","st":"Eleito","dvt":"V\u00e1lido","vap":"474","pvap":"   4,94"},{"seq":"38","sqcand":"40001237908","n":"20123","nm":"BETO LIMA","cc":"PSC","nv":" ","e":"n","st":"Suplente","dvt":"V\u00e1lido","vap":"27","pvap":"   0,28"},{"seq":"58","sqcand":"40001001106","n":"15704","nm":"UCHOA","cc":"MDB","nv":" ","e":"n","st":"Suplente","dvt":"V\u00e1lido","vap":"7","pvap":"   0,07"},{"seq":"66","sqcand":"40001237907","n":"20002","nm":"SHIRLEN SILVA","cc":"PSC","nv":" ","e":"n","st":"Suplente","dvt":"V\u00e1lido","vap":"3","pvap":"   0,03"},{"seq":"120","sqcand":"40001249416","n":"40222","nm":"J C TELES","cc":"PSB","nv":" ","e":"n","st":"N\u00e3o eleito","dvt":"V\u00e1lido","vap":"4","pvap":"   0,04"},{"seq":"111","sqcand":"40000856254","n":"14888","nm":"JONAS PEREIRA","cc":"PTB","nv":" ","e":"n","st":"N\u00e3o eleito","dvt":"V\u00e1lido","vap":"8","pvap":"   0,08"},{"seq":"109","sqcand":"40001237403","n":"10010","nm":"SILMARA","cc":"REPUBLICANOS","nv":" ","e":"n","st":"N\u00e3o eleito","dvt":"V\u00e1lido","vap":"8","pvap":"   0,08"},{"seq":"76","sqcand":"40001100019","n":"19000","nm":"LUIS GUIMARAES","cc":"PODE","nv":" ","e":"n","st":"N\u00e3o eleito","dvt":"V\u00e1lido","vap":"59","pvap":"   0,61"},{"seq":"32","sqcand":"40001237916","n":"20111","nm":"MARIALDO DA PESCA","cc":"PSC","nv":" ","e":"n","st":"Suplente","dvt":"V\u00e1lido","vap":"41","pvap":"   0,43"},{"seq":"94","sqcand":"40001237400","n":"10444","nm":"THOM\u00c9 SERR\u00c3O","cc":"REPUBLICANOS","nv":" ","e":"n","st":"N\u00e3o eleito","dvt":"V\u00e1lido","vap":"19","pvap":"   0,20"},{"seq":"20","sqcand":"40001237913","n":"20789","nm":"DIB NASSER","cc":"PSC","nv":" ","e":"n","st":"Suplente","dvt":"V\u00e1lido","vap":"132","pvap":"   1,37"},{"seq":"119","sqcand":"40000856258","n":"14999","nm":"EDMILSON FILHO","cc":"PTB","nv":" ","e":"n","st":"N\u00e3o eleito","dvt":"V\u00e1lido","vap":"5","pvap":"   0,05"},{"seq":"64","sqcand":"40000791007","n":"17215","nm":"FABIO CEBOLINHA","cc":"PSL","nv":" ","e":"n","st":"Suplente","dvt":"V\u00e1lido","vap":"4","pvap":"   0,04"},{"seq":"10","sqcand":"40001103898","n":"77077","nm":"FAB\u00c3O DO POV\u00c3O","cc":"SOLIDARIEDADE","nv":" ","e":"s","st":"Eleito","dvt":"V\u00e1lido","vap":"307","pvap":"   3,20"},{"seq":"107","sqcand":"40000856250","n":"14003","nm":"EFRAIM MOTO TAXI","cc":"PTB","nv":" ","e":"n","st":"N\u00e3o eleito","dvt":"V\u00e1lido","vap":"10","pvap":"   0,10"},{"seq":"124","sqcand":"40001237390","n":"10111","nm":"NEG\u00c3O","cc":"REPUBLICANOS","nv":" ","e":"n","st":"N\u00e3o eleito","dvt":"V\u00e1lido","vap":"4","pvap":"   0,04"},{"seq":"112","sqcand":"40000997105","n":"51666","nm":"AVILA GONZAGA","cc":"PATRIOTA","nv":" ","e":"n","st":"N\u00e3o eleito","dvt":"V\u00e1lido","vap":"8","pvap":"   0,08"},{"seq":"113","sqcand":"40000823870","n":"13000","nm":"MANDUCA DO BOA ESPERAN\u00c7A","cc":"PT","nv":" ","e":"n","st":"N\u00e3o eleito","dvt":"V\u00e1lido","vap":"7","pvap":"   0,07"},{"seq":"11","sqcand":"40001094058","n":"11000","nm":"GEOVANE SILVA","cc":"PP","nv":" ","e":"s","st":"Eleito","dvt":"V\u00e1lido","vap":"291","pvap":"   3,03"},{"seq":"114","sqcand":"40001249417","n":"40333","nm":"ELIANA BRITO","cc":"PSB","nv":" ","e":"n","st":"N\u00e3o eleito","dvt":"V\u00e1lido","vap":"7","pvap":"   0,07"}]}
