{"ele":"426","tpabr":"mu","cdabr":"03000","carper":"13","t":"1","f":"o","dt":"15/11/2020","ht":"22:06:33","dv":"s","tf":"s","v":"9","esae":"n","mnae":"","s":"18","st":"18","pst":" 100,00","snt":"0","psnt":"   0,00","si":"18","psi":" 100,00","sni":"0","psni":"   0,00","sa":"18","psa":" 100,00","sna":"0","psna":"   0,00","e":"5841","ea":"5841","pea":" 100,00","ena":"0","pena":"   0,00","esi":"5841","pesi":" 100,00","esni":"0","pesni":"   0,00","c":"5051","pc":"  86,47","a":"790","pa":"  13,53","vscv":"0","vnom":"4560","vl":"176","pvnom":"  96,28","pvl":"   3,72","vvc":"4881","pvvc":"  96,63","vb":"36","pvb":"   0,72","tvn":"134","ptvn":"   2,65","vn":"134","pvn":" 100,00","vnt":"0","pvnt":"   0,00","vp":"0","pvp":"   0,00","vv":"4736","pvv":"  97,03","van":"0","pvan":"   0,00","vansj":"145","pvansj":"   2,97","tv":"5051","cand":[{"seq":"10","sqcand":"230000885168","n":"77456","nm":"FIL\u00d3","cc":"SOLIDARIEDADE","nv":" ","e":"n","st":"Suplente","dvt":"V\u00e1lido","vap":"257","pvap":"   5,27"},{"seq":"35","sqcand":"230000790240","n":"55555","nm":"PROF CRISTINA MARTINS","cc":"PSD","nv":" ","e":"n","st":"Suplente","dvt":"V\u00e1lido","vap":"13","pvap":"   0,27"},{"seq":"46","sqcand":"230000799137","n":"23123","nm":"CLAUDETE","cc":"CIDADANIA","nv":" ","e":"n","st":"N\u00e3o eleito","dvt":"V\u00e1lido","vap":"122","pvap":"   2,50"},{"seq":"23","sqcand":"230000929261","n":"15666","nm":"C\u00c9LIO RAMOS","cc":"MDB","nv":" ","e":"n","st":"Suplente","dvt":"V\u00e1lido","vap":"48","pvap":"   0,98"},{"seq":"12","sqcand":"230000929256","n":"15555","nm":"DJA","cc":"MDB","nv":" ","e":"n","st":"Suplente","dvt":"V\u00e1lido","vap":"199","pvap":"   4,08"},{"seq":"5","sqcand":"230000885166","n":"77777","nm":"VALDO","cc":"SOLIDARIEDADE","nv":" ","e":"s","st":"Eleito","dvt":"V\u00e1lido","vap":"279","pvap":"   5,72"},{"seq":"39","sqcand":"230000799116","n":"90444","nm":"TATIANE","cc":"PROS","nv":" ","e":"n","st":"Suplente","dvt":"V\u00e1lido","vap":"7","pvap":"   0,14"},{"seq":"4","sqcand":"230000885167","n":"77789","nm":"EVANDRO BAIA","cc":"SOLIDARIEDADE","nv":" ","e":"s","st":"Eleito","dvt":"V\u00e1lido","vap":"280","pvap":"   5,74"},{"seq":"14","sqcand":"230000885171","n":"77123","nm":"DUDA","cc":"SOLIDARIEDADE","nv":" ","e":"n","st":"Suplente","dvt":"V\u00e1lido","vap":"134","pvap":"   2,75"},{"seq":"30","sqcand":"230000799108","n":"90333","nm":"ANTONIO ALVES","cc":"PROS","nv":" ","e":"n","st":"Suplente","dvt":"V\u00e1lido","vap":"22","pvap":"   0,45"},{"seq":"51","sqcand":"230000799139","n":"23555","nm":"DRYKA MANEL\u00c3O","cc":"CIDADANIA","nv":" ","e":"n","st":"N\u00e3o eleito","dvt":"V\u00e1lido","vap":"5","pvap":"   0,10"},{"seq":"45","sqcand":"230000790244","n":"55454","nm":"IRIS","cc":"PSD","nv":" ","e":"n","st":"Suplente","dvt":"V\u00e1lido","vap":"0","pvap":"00.00"},{"seq":"33","sqcand":"230000790236","n":"55111","nm":"ROMULO DA PC","cc":"PSD","nv":" ","e":"n","st":"Suplente","dvt":"V\u00e1lido","vap":"18","pvap":"   0,37"},{"seq":"32","sqcand":"230000799113","n":"90999","nm":"JURANDIR","cc":"PROS","nv":" ","e":"n","st":"Suplente","dvt":"V\u00e1lido","vap":"18","pvap":"   0,37"},{"seq":"11","sqcand":"230000885170","n":"77617","nm":"EVA","cc":"SOLIDARIEDADE","nv":" ","e":"n","st":"Suplente","dvt":"V\u00e1lido","vap":"200","pvap":"   4,10"},{"seq":"41","sqcand":"230000799110","n":"90777","nm":"FABIANA","cc":"PROS","nv":" ","e":"n","st":"Suplente","dvt":"V\u00e1lido","vap":"5","pvap":"   0,10"},{"seq":"25","sqcand":"230000654972","n":"10111","nm":"JULIO GRIGIO","cc":"REPUBLICANOS","nv":" ","e":"n","st":"Suplente","dvt":"V\u00e1lido","vap":"41","pvap":"   0,84"},{"seq":"19","sqcand":"230000799109","n":"90190","nm":"ADEMILTON SOBRINHO DO CAZUZA","cc":"PROS","nv":" ","e":"n","st":"Suplente","dvt":"V\u00e1lido","vap":"65","pvap":"   1,33"},{"seq":"16","sqcand":"230000790234","n":"55015","nm":"JUCELINO","cc":"PSD","nv":" ","e":"n","st":"Suplente","dvt":"V\u00e1lido","vap":"86","pvap":"   1,76"},{"seq":"38","sqcand":"230000790243","n":"55777","nm":"DAMARIS","cc":"PSD","nv":" ","e":"n","st":"Suplente","dvt":"V\u00e1lido","vap":"9","pvap":"   0,18"},{"seq":"8","sqcand":"230000929258","n":"15123","nm":"PROF Z\u00c9 CARLOS","cc":"MDB","nv":" ","e":"s","st":"Eleito","dvt":"V\u00e1lido","vap":"205","pvap":"   4,20"},{"seq":"47","sqcand":"230000799114","n":"90434","nm":"ISMAEL DA SUCATA","cc":"PROS","nv":" ","e":"n","st":"N\u00e3o eleito","dvt":"Anulado sub judice","vap":"101","pvap":"   2,07"},{"seq":"15","sqcand":"230000654973","n":"10555","nm":"RONALDO DE JESUS","cc":"REPUBLICANOS","nv":" ","e":"n","st":"Suplente","dvt":"V\u00e1lido","vap":"87","pvap":"   1,78"},{"seq":"42","sqcand":"230000929255","n":"15000","nm":"ELUIDES","cc":"MDB","nv":" ","e":"n","st":"Suplente","dvt":"V\u00e1lido","vap":"5","pvap":"   0,10"},{"seq":"50","sqcand":"230000799136","n":"23456","nm":"MAURILIO CAMPOS","cc":"CIDADANIA","nv":" ","e":"n","st":"N\u00e3o eleito","dvt":"V\u00e1lido","vap":"35","pvap":"   0,72"},{"seq":"17","sqcand":"230000929263","n":"15222","nm":"DR JO\u00c3O F\u00c9LIX","cc":"MDB","nv":" ","e":"n","st":"Suplente","dvt":"V\u00e1lido","vap":"73","pvap":"   1,50"},{"seq":"49","sqcand":"230000799138","n":"23444","nm":"CACAU","cc":"CIDADANIA","nv":" ","e":"n","st":"N\u00e3o eleito","dvt":"Anulado sub judice","vap":"44","pvap":"   0,90"},{"seq":"9","sqcand":"230000790242","n":"55678","nm":"PROF JENARIO","cc":"PSD","nv":" ","e":"s","st":"Eleito","dvt":"V\u00e1lido","vap":"193","pvap":"   3,95"},{"seq":"26","sqcand":"230000929259","n":"15111","nm":"DRA ERM\u00cdNIA","cc":"MDB","nv":" ","e":"n","st":"Suplente","dvt":"V\u00e1lido","vap":"38","pvap":"   0,78"},{"seq":"40","sqcand":"230000799111","n":"90234","nm":"FRAN\u00c7A","cc":"PROS","nv":" ","e":"n","st":"Suplente","dvt":"V\u00e1lido","vap":"6","pvap":"   0,12"},{"seq":"37","sqcand":"230000799117","n":"90888","nm":"JOSINEIA","cc":"PROS","nv":" ","e":"n","st":"Suplente","dvt":"V\u00e1lido","vap":"10","pvap":"   0,20"},{"seq":"36","sqcand":"230000654975","n":"10123","nm":"RENIER MINGUENS","cc":"REPUBLICANOS","nv":" ","e":"n","st":"Suplente","dvt":"V\u00e1lido","vap":"11","pvap":"   0,23"},{"seq":"2","sqcand":"230000654977","n":"10789","nm":"REGIANE SCHUMAR","cc":"REPUBLICANOS","nv":" ","e":"s","st":"Eleito","dvt":"V\u00e1lido","vap":"303","pvap":"   6,21"},{"seq":"34","sqcand":"230000790241","n":"55655","nm":"PROF PAULO ROBERTO","cc":"PSD","nv":" ","e":"n","st":"Suplente","dvt":"V\u00e1lido","vap":"16","pvap":"   0,33"},{"seq":"3","sqcand":"230000929260","n":"15112","nm":"LOREMAR","cc":"MDB","nv":" ","e":"s","st":"Eleito","dvt":"V\u00e1lido","vap":"298","pvap":"   6,11"},{"seq":"6","sqcand":"230000885172","n":"77000","nm":"WAGUINHO","cc":"SOLIDARIEDADE","nv":" ","e":"s","st":"Eleito","dvt":"V\u00e1lido","vap":"266","pvap":"   5,45"},{"seq":"43","sqcand":"230000799119","n":"90100","nm":"ELISTHYAN LIRA","cc":"PROS","nv":" ","e":"n","st":"Suplente","dvt":"V\u00e1lido","vap":"4","pvap":"   0,08"},{"seq":"28","sqcand":"230000654974","n":"10222","nm":"ELINETE","cc":"REPUBLICANOS","nv":" ","e":"n","st":"Suplente","dvt":"V\u00e1lido","vap":"25","pvap":"   0,51"},{"seq":"44","sqcand":"230000790237","n":"55444","nm":"JULIO DO GORDO","cc":"PSD","nv":" ","e":"n","st":"Suplente","dvt":"V\u00e1lido","vap":"3","pvap":"   0,06"},{"seq":"22","sqcand":"230000929257","n":"15777","nm":"LEONARDO BELTRAMI","cc":"MDB","nv":" ","e":"n","st":"Suplente","dvt":"V\u00e1lido","vap":"56","pvap":"   1,15"},{"seq":"13","sqcand":"230000885169","n":"77111","nm":"NICODEMIO","cc":"SOLIDARIEDADE","nv":" ","e":"n","st":"Suplente","dvt":"V\u00e1lido","vap":"166","pvap":"   3,40"},{"seq":"31","sqcand":"230000654976","n":"10456","nm":"DALVA","cc":"REPUBLICANOS","nv":" ","e":"n","st":"Suplente","dvt":"V\u00e1lido","vap":"21","pvap":"   0,43"},{"seq":"24","sqcand":"230000799115","n":"90090","nm":"MARCIO DO JOAQUIM","cc":"PROS","nv":" ","e":"n","st":"Suplente","dvt":"V\u00e1lido","vap":"43","pvap":"   0,88"},{"seq":"27","sqcand":"230000654971","n":"10000","nm":"GERVINHO","cc":"REPUBLICANOS","nv":" ","e":"n","st":"Suplente","dvt":"V\u00e1lido","vap":"32","pvap":"   0,66"},{"seq":"1","sqcand":"230000885165","n":"77678","nm":"PEDRO CORIM","cc":"SOLIDARIEDADE","nv":" ","e":"s","st":"Eleito","dvt":"V\u00e1lido","vap":"323","pvap":"   6,62"},{"seq":"48","sqcand":"230000799135","n":"23111","nm":"ANDRADA ELETRICISTA","cc":"CIDADANIA","nv":" ","e":"n","st":"N\u00e3o eleito","dvt":"V\u00e1lido","vap":"92","pvap":"   1,88"},{"seq":"21","sqcand":"230000790235","n":"55345","nm":"IRMA LUZA","cc":"PSD","nv":" ","e":"n","st":"Suplente","dvt":"V\u00e1lido","vap":"58","pvap":"   1,19"},{"seq":"7","sqcand":"230000799118","n":"90123","nm":"TITAN","cc":"PROS","nv":" ","e":"s","st":"Eleito","dvt":"V\u00e1lido","vap":"225","pvap":"   4,61"},{"seq":"18","sqcand":"230000790239","n":"55123","nm":"ISAQUE NASCIMENTO","cc":"PSD","nv":" ","e":"n","st":"Suplente","dvt":"V\u00e1lido","vap":"72","pvap":"   1,48"},{"seq":"29","sqcand":"230000929262","n":"15678","nm":"MICAELLY","cc":"MDB","nv":" ","e":"n","st":"Suplente","dvt":"V\u00e1lido","vap":"24","pvap":"   0,49"},{"seq":"20","sqcand":"230000799112","n":"90222","nm":"WILLAME DO TOIN","cc":"PROS","nv":" ","e":"n","st":"Suplente","dvt":"V\u00e1lido","vap":"62","pvap":"   1,27"}]}
