{"ele":"426","tpabr":"mu","cdabr":"03069","carper":"13","t":"1","f":"o","dt":"15/11/2020","ht":"21:11:45","dv":"s","tf":"s","v":"9","esae":"n","mnae":"","s":"49","st":"49","pst":" 100,00","snt":"0","psnt":"   0,00","si":"49","psi":" 100,00","sni":"0","psni":"   0,00","sa":"49","psa":" 100,00","sna":"0","psna":"   0,00","e":"12894","ea":"12894","pea":" 100,00","ena":"0","pena":"   0,00","esi":"12894","pesi":" 100,00","esni":"0","pesni":"   0,00","c":"10768","pc":"  83,51","a":"2126","pa":"  16,49","vscv":"0","vnom":"9870","vl":"467","pvnom":"  95,48","pvl":"   4,52","vvc":"10521","pvvc":"  97,71","vb":"65","pvb":"   0,60","tvn":"182","ptvn":"   1,69","vn":"182","pvn":" 100,00","vnt":"0","pvnt":"   0,00","vp":"0","pvp":"   0,00","vv":"10337","pvv":"  98,25","van":"0","pvan":"   0,00","vansj":"184","pvansj":"   1,75","tv":"10768","cand":[{"seq":"48","sqcand":"230000765960","n":"51777","nm":"BODO DO POVAO","cc":"PATRIOTA","nv":" ","e":"n","st":"Suplente","dvt":"V\u00e1lido","vap":"42","pvap":"   0,40"},{"seq":"16","sqcand":"230000927119","n":"45777","nm":"GUGU DA ONZE","cc":"PSDB","nv":" ","e":"n","st":"Suplente","dvt":"V\u00e1lido","vap":"204","pvap":"   1,94"},{"seq":"71","sqcand":"230000928201","n":"77444","nm":"CICINHO","cc":"SOLIDARIEDADE","nv":" ","e":"n","st":"Suplente","dvt":"V\u00e1lido","vap":"5","pvap":"   0,05"},{"seq":"120","sqcand":"230000926949","n":"40333","nm":"RAIMUNDO PIPOCA","cc":"PSB","nv":" ","e":"n","st":"N\u00e3o eleito","dvt":"V\u00e1lido","vap":"3","pvap":"   0,03"},{"seq":"40","sqcand":"230000765959","n":"51456","nm":"XAVIER DO CAMINHAO","cc":"PATRIOTA","nv":" ","e":"n","st":"Suplente","dvt":"V\u00e1lido","vap":"55","pvap":"   0,52"},{"seq":"20","sqcand":"230000928207","n":"77777","nm":"JOCIEL","cc":"SOLIDARIEDADE","nv":" ","e":"n","st":"Suplente","dvt":"V\u00e1lido","vap":"145","pvap":"   1,38"},{"seq":"67","sqcand":"230000765953","n":"51250","nm":"REGI","cc":"PATRIOTA","nv":" ","e":"n","st":"Suplente","dvt":"V\u00e1lido","vap":"15","pvap":"   0,14"},{"seq":"83","sqcand":"230001042665","n":"55333","nm":"VERDE","cc":"PSD","nv":" ","e":"n","st":"N\u00e3o eleito","dvt":"V\u00e1lido","vap":"86","pvap":"   0,82"},{"seq":"18","sqcand":"230000928198","n":"77345","nm":"IRM\u00c3 CLA\u00daDIA","cc":"SOLIDARIEDADE","nv":" ","e":"n","st":"Suplente","dvt":"V\u00e1lido","vap":"159","pvap":"   1,51"},{"seq":"33","sqcand":"230000927121","n":"45321","nm":"NICOLLY SALUSTIANO","cc":"PSDB","nv":" ","e":"n","st":"Suplente","dvt":"V\u00e1lido","vap":"88","pvap":"   0,84"},{"seq":"58","sqcand":"230000858404","n":"90456","nm":"JACKELINE BARROS","cc":"PROS","nv":" ","e":"n","st":"Suplente","dvt":"V\u00e1lido","vap":"25","pvap":"   0,24"},{"seq":"7","sqcand":"230000726664","n":"11432","nm":"LUCIVALDO DO CANTA","cc":"PP","nv":" ","e":"s","st":"Eleito","dvt":"V\u00e1lido","vap":"247","pvap":"   2,35"},{"seq":"117","sqcand":"230000926956","n":"40888","nm":"SUELLANE","cc":"PSB","nv":" ","e":"n","st":"N\u00e3o eleito","dvt":"V\u00e1lido","vap":"6","pvap":"   0,06"},{"seq":"23","sqcand":"230000779819","n":"23888","nm":"MARCOS LEITE","cc":"CIDADANIA","nv":" ","e":"n","st":"Suplente","dvt":"V\u00e1lido","vap":"141","pvap":"   1,34"},{"seq":"112","sqcand":"230000926957","n":"40999","nm":"TEILA","cc":"PSB","nv":" ","e":"n","st":"N\u00e3o eleito","dvt":"V\u00e1lido","vap":"7","pvap":"   0,07"},{"seq":"22","sqcand":"230000927113","n":"45789","nm":"JANIO SODR\u00c9","cc":"PSDB","nv":" ","e":"n","st":"Suplente","dvt":"V\u00e1lido","vap":"144","pvap":"   1,37"},{"seq":"91","sqcand":"230000926945","n":"40444","nm":"JARDEL","cc":"PSB","nv":" ","e":"n","st":"N\u00e3o eleito","dvt":"V\u00e1lido","vap":"31","pvap":"   0,29"},{"seq":"36","sqcand":"230000779814","n":"23180","nm":"RAQUEL VIANA","cc":"CIDADANIA","nv":" ","e":"n","st":"Suplente","dvt":"V\u00e1lido","vap":"78","pvap":"   0,74"},{"seq":"13","sqcand":"230000927115","n":"45555","nm":"JESS\u00c9 DA AGRICULTURA","cc":"PSDB","nv":" ","e":"n","st":"Suplente","dvt":"V\u00e1lido","vap":"241","pvap":"   2,29"},{"seq":"47","sqcand":"230000927123","n":"45000","nm":"MAGRELO O TIWEU","cc":"PSDB","nv":" ","e":"n","st":"Suplente","dvt":"V\u00e1lido","vap":"44","pvap":"   0,42"},{"seq":"1","sqcand":"230000858402","n":"90258","nm":"WANESSA MATOS","cc":"PROS","nv":" ","e":"s","st":"Eleito","dvt":"V\u00e1lido","vap":"466","pvap":"   4,43"},{"seq":"26","sqcand":"230000779808","n":"23777","nm":"BOLINHA AMIGO DO CANT\u00c1","cc":"CIDADANIA","nv":" ","e":"n","st":"Suplente","dvt":"V\u00e1lido","vap":"134","pvap":"   1,27"},{"seq":"34","sqcand":"230000765950","n":"51211","nm":"MIZAEL BARROS","cc":"PATRIOTA","nv":" ","e":"n","st":"Suplente","dvt":"V\u00e1lido","vap":"87","pvap":"   0,83"},{"seq":"46","sqcand":"230000779811","n":"23023","nm":"TUXAUA CESAR","cc":"CIDADANIA","nv":" ","e":"n","st":"Suplente","dvt":"V\u00e1lido","vap":"46","pvap":"   0,44"},{"seq":"74","sqcand":"230000928199","n":"77333","nm":"CELIA REGINA","cc":"SOLIDARIEDADE","nv":" ","e":"n","st":"Suplente","dvt":"V\u00e1lido","vap":"1","pvap":"   0,01"},{"seq":"80","sqcand":"230000741653","n":"18181","nm":"PROFESSORA ALDENICIA WAPICHANA","cc":"REDE","nv":" ","e":"n","st":"N\u00e3o eleito","dvt":"V\u00e1lido","vap":"93","pvap":"   0,88"},{"seq":"37","sqcand":"230000928202","n":"77009","nm":"GILSON DA 9","cc":"SOLIDARIEDADE","nv":" ","e":"n","st":"Suplente","dvt":"V\u00e1lido","vap":"74","pvap":"   0,70"},{"seq":"68","sqcand":"230000928204","n":"77555","nm":"ISAURINO DA 13","cc":"SOLIDARIEDADE","nv":" ","e":"n","st":"Suplente","dvt":"V\u00e1lido","vap":"10","pvap":"   0,10"},{"seq":"2","sqcand":"230000927117","n":"45123","nm":"ROBERTA PEIXOTO","cc":"PSDB","nv":" ","e":"s","st":"Eleito","dvt":"V\u00e1lido","vap":"380","pvap":"   3,61"},{"seq":"70","sqcand":"230000849798","n":"15015","nm":"EDGAR DO CANTAZINHO","cc":"MDB","nv":" ","e":"n","st":"Suplente","dvt":"V\u00e1lido","vap":"7","pvap":"   0,07"},{"seq":"60","sqcand":"230000726670","n":"11222","nm":"DIACENIA","cc":"PP","nv":" ","e":"n","st":"Suplente","dvt":"V\u00e1lido","vap":"25","pvap":"   0,24"},{"seq":"90","sqcand":"230000926947","n":"40123","nm":"ANDRECIO LIMA","cc":"PSB","nv":" ","e":"n","st":"N\u00e3o eleito","dvt":"V\u00e1lido","vap":"33","pvap":"   0,31"},{"seq":"29","sqcand":"230000779817","n":"23222","nm":"GLEIDSON NICACIO","cc":"CIDADANIA","nv":" ","e":"n","st":"Suplente","dvt":"V\u00e1lido","vap":"118","pvap":"   1,12"},{"seq":"77","sqcand":"230000926953","n":"40456","nm":"JANEUDO","cc":"PSB","nv":" ","e":"n","st":"N\u00e3o eleito","dvt":"V\u00e1lido","vap":"147","pvap":"   1,40"},{"seq":"61","sqcand":"230000765956","n":"51111","nm":"DENER DA NOVE","cc":"PATRIOTA","nv":" ","e":"n","st":"Suplente","dvt":"V\u00e1lido","vap":"21","pvap":"   0,20"},{"seq":"30","sqcand":"230000726665","n":"11567","nm":"LEILSON","cc":"PP","nv":" ","e":"n","st":"Suplente","dvt":"V\u00e1lido","vap":"96","pvap":"   0,91"},{"seq":"49","sqcand":"230000726663","n":"11011","nm":"EDNA DA SERRA GRANDE I","cc":"PP","nv":" ","e":"n","st":"Suplente","dvt":"V\u00e1lido","vap":"37","pvap":"   0,35"},{"seq":"81","sqcand":"230000766141","n":"14777","nm":"ALUIZIO","cc":"PTB","nv":" ","e":"n","st":"N\u00e3o eleito","dvt":"V\u00e1lido","vap":"91","pvap":"   0,86"},{"seq":"28","sqcand":"230000849801","n":"15456","nm":"ELIZANGELA DA PESCA","cc":"MDB","nv":" ","e":"n","st":"Suplente","dvt":"V\u00e1lido","vap":"125","pvap":"   1,19"},{"seq":"65","sqcand":"230000765954","n":"51444","nm":"EUGENICE FELIX","cc":"PATRIOTA","nv":" ","e":"n","st":"Suplente","dvt":"V\u00e1lido","vap":"18","pvap":"   0,17"},{"seq":"62","sqcand":"230000858406","n":"90000","nm":"ALEXANDRE MARTINS","cc":"PROS","nv":" ","e":"n","st":"Suplente","dvt":"V\u00e1lido","vap":"21","pvap":"   0,20"},{"seq":"14","sqcand":"230000726671","n":"11321","nm":"ITALO VOGEL","cc":"PP","nv":" ","e":"n","st":"Suplente","dvt":"V\u00e1lido","vap":"241","pvap":"   2,29"},{"seq":"108","sqcand":"230000741648","n":"18000","nm":"IRM\u00c3O RONALDO","cc":"REDE","nv":" ","e":"n","st":"N\u00e3o eleito","dvt":"V\u00e1lido","vap":"11","pvap":"   0,10"},{"seq":"113","sqcand":"230001042662","n":"55123","nm":"CELIA GADELHA","cc":"PSD","nv":" ","e":"n","st":"N\u00e3o eleito","dvt":"V\u00e1lido","vap":"6","pvap":"   0,06"},{"seq":"24","sqcand":"230000928203","n":"77234","nm":"BRUNO","cc":"SOLIDARIEDADE","nv":" ","e":"n","st":"Suplente","dvt":"V\u00e1lido","vap":"137","pvap":"   1,30"},{"seq":"101","sqcand":"230000840284","n":"65456","nm":"MARIA ALVES ","cc":"PC do B","nv":" ","e":"n","st":"N\u00e3o eleito","dvt":"V\u00e1lido","vap":"16","pvap":"   0,15"},{"seq":"72","sqcand":"230000765957","n":"51555","nm":"DENIZE FILHA DO NESTOR","cc":"PATRIOTA","nv":" ","e":"n","st":"Suplente","dvt":"V\u00e1lido","vap":"4","pvap":"   0,04"},{"seq":"118","sqcand":"230000766137","n":"14223","nm":"PROFESSORA NECILDA","cc":"PTB","nv":" ","e":"n","st":"N\u00e3o eleito","dvt":"V\u00e1lido","vap":"4","pvap":"   0,04"},{"seq":"55","sqcand":"230000927116","n":"45678","nm":"NEGUINHO DA SA\u00daDE","cc":"PSDB","nv":" ","e":"n","st":"Suplente","dvt":"V\u00e1lido","vap":"31","pvap":"   0,29"},{"seq":"59","sqcand":"230000849802","n":"15123","nm":"PROFA CLEONICE","cc":"MDB","nv":" ","e":"n","st":"Suplente","dvt":"V\u00e1lido","vap":"25","pvap":"   0,24"},{"seq":"109","sqcand":"230000741652","n":"18777","nm":"RAIELLY RIBEIRO","cc":"REDE","nv":" ","e":"n","st":"N\u00e3o eleito","dvt":"V\u00e1lido","vap":"11","pvap":"   0,10"},{"seq":"119","sqcand":"230001042668","n":"55678","nm":"JEANE PINHEIRO","cc":"PSD","nv":" ","e":"n","st":"N\u00e3o eleito","dvt":"V\u00e1lido","vap":"4","pvap":"   0,04"},{"seq":"105","sqcand":"230000926955","n":"40555","nm":"IVETE","cc":"PSB","nv":" ","e":"n","st":"N\u00e3o eleito","dvt":"V\u00e1lido","vap":"13","pvap":"   0,12"},{"seq":"51","sqcand":"230000849800","n":"15555","nm":"RAMARA DA DIJ\u00c9","cc":"MDB","nv":" ","e":"n","st":"Suplente","dvt":"V\u00e1lido","vap":"36","pvap":"   0,34"},{"seq":"8","sqcand":"230000779816","n":"23000","nm":"PARIMA VERAS","cc":"CIDADANIA","nv":" ","e":"s","st":"Eleito","dvt":"V\u00e1lido","vap":"237","pvap":"   2,25"},{"seq":"89","sqcand":"230000741650","n":"18123","nm":"ALCINEIA DO CAMPINHO","cc":"REDE","nv":" ","e":"n","st":"N\u00e3o eleito","dvt":"V\u00e1lido","vap":"42","pvap":"   0,40"},{"seq":"78","sqcand":"230000741656","n":"18555","nm":"ROBERLANDIO DA MALACACHETA","cc":"REDE","nv":" ","e":"n","st":"N\u00e3o eleito","dvt":"V\u00e1lido","vap":"146","pvap":"   1,39"},{"seq":"100","sqcand":"230001042667","n":"55000","nm":"SPANHOL DA PADARIA","cc":"PSD","nv":" ","e":"n","st":"N\u00e3o eleito","dvt":"V\u00e1lido","vap":"18","pvap":"   0,17"},{"seq":"38","sqcand":"230000765947","n":"51567","nm":"DAVI  DA TRES","cc":"PATRIOTA","nv":" ","e":"n","st":"Suplente","dvt":"V\u00e1lido","vap":"67","pvap":"   0,64"},{"seq":"64","sqcand":"230000726667","n":"11456","nm":"PROFA ANGELA ALMEIDA","cc":"PP","nv":" ","e":"n","st":"Suplente","dvt":"V\u00e1lido","vap":"20","pvap":"   0,19"},{"seq":"103","sqcand":"230001042671","n":"55234","nm":"PASTOR MANDUCA","cc":"PSD","nv":" ","e":"n","st":"N\u00e3o eleito","dvt":"V\u00e1lido","vap":"14","pvap":"   0,13"},{"seq":"4","sqcand":"230000849803","n":"15789","nm":"AMIGO TATA","cc":"MDB","nv":" ","e":"s","st":"Eleito","dvt":"V\u00e1lido","vap":"326","pvap":"   3,10"},{"seq":"21","sqcand":"230000726659","n":"11127","nm":"JORNALISTA VANIA COELHO","cc":"PP","nv":" ","e":"n","st":"Suplente","dvt":"V\u00e1lido","vap":"144","pvap":"   1,37"},{"seq":"84","sqcand":"230000766134","n":"14333","nm":"PROFESSORA RUTINETE","cc":"PTB","nv":" ","e":"n","st":"N\u00e3o eleito","dvt":"V\u00e1lido","vap":"68","pvap":"   0,65"},{"seq":"52","sqcand":"230000927118","n":"45222","nm":"RONALDO FERREIRA","cc":"PSDB","nv":" ","e":"n","st":"Suplente","dvt":"V\u00e1lido","vap":"34","pvap":"   0,32"},{"seq":"104","sqcand":"230000840285","n":"65123","nm":"JUNHO DO SINDICATO","cc":"PC do B","nv":" ","e":"n","st":"N\u00e3o eleito","dvt":"V\u00e1lido","vap":"14","pvap":"   0,13"},{"seq":"111","sqcand":"230000766138","n":"14222","nm":"RAFAEL","cc":"PTB","nv":" ","e":"n","st":"N\u00e3o eleito","dvt":"V\u00e1lido","vap":"8","pvap":"   0,08"},{"seq":"3","sqcand":"230000858407","n":"90999","nm":"FERNANDA CURVINA","cc":"PROS","nv":" ","e":"s","st":"Eleito","dvt":"V\u00e1lido","vap":"354","pvap":"   3,36"},{"seq":"19","sqcand":"230000858405","n":"90123","nm":"DELEGADO ALEXANDRE","cc":"PROS","nv":" ","e":"n","st":"Suplente","dvt":"V\u00e1lido","vap":"159","pvap":"   1,51"},{"seq":"75","sqcand":"230000766136","n":"14123","nm":"DANIEL TRINDADE","cc":"PTB","nv":" ","e":"n","st":"N\u00e3o eleito","dvt":"Anulado sub judice","vap":"184","pvap":"   1,75"},{"seq":"66","sqcand":"230000927122","n":"45444","nm":"DONA ALRIA","cc":"PSDB","nv":" ","e":"n","st":"Suplente","dvt":"V\u00e1lido","vap":"15","pvap":"   0,14"},{"seq":"11","sqcand":"230000858403","n":"90220","nm":"SUELY SANTOS","cc":"PROS","nv":" ","e":"n","st":"Suplente","dvt":"V\u00e1lido","vap":"282","pvap":"   2,68"},{"seq":"106","sqcand":"230001042666","n":"55222","nm":"MOURA","cc":"PSD","nv":" ","e":"n","st":"N\u00e3o eleito","dvt":"V\u00e1lido","vap":"12","pvap":"   0,11"},{"seq":"35","sqcand":"230000779809","n":"23190","nm":"NILMAR DA ASSOCIA\u00c7\u00c3O","cc":"CIDADANIA","nv":" ","e":"n","st":"Suplente","dvt":"V\u00e1lido","vap":"78","pvap":"   0,74"},{"seq":"31","sqcand":"230000726668","n":"11111","nm":"GLEISON BARBOSA","cc":"PP","nv":" ","e":"n","st":"Suplente","dvt":"V\u00e1lido","vap":"92","pvap":"   0,87"},{"seq":"87","sqcand":"230000741655","n":"18131","nm":"JOSIEL DA MALACACHETA","cc":"REDE","nv":" ","e":"n","st":"N\u00e3o eleito","dvt":"V\u00e1lido","vap":"53","pvap":"   0,50"},{"seq":"115","sqcand":"230000926950","n":"40127","nm":"IRM\u00c3 LEIA","cc":"PSB","nv":" ","e":"n","st":"N\u00e3o eleito","dvt":"V\u00e1lido","vap":"6","pvap":"   0,06"},{"seq":"43","sqcand":"230000765952","n":"51000","nm":"JUVENAL DA VAN","cc":"PATRIOTA","nv":" ","e":"n","st":"Suplente","dvt":"V\u00e1lido","vap":"50","pvap":"   0,48"},{"seq":"44","sqcand":"230000726662","n":"11234","nm":"PROF EDIVALDO","cc":"PP","nv":" ","e":"n","st":"Suplente","dvt":"V\u00e1lido","vap":"48","pvap":"   0,46"},{"seq":"76","sqcand":"230000926948","n":"40000","nm":"PELICA","cc":"PSB","nv":" ","e":"n","st":"N\u00e3o eleito","dvt":"V\u00e1lido","vap":"168","pvap":"   1,60"},{"seq":"10","sqcand":"230000849796","n":"15000","nm":"JESSYCA DO WELBINHO","cc":"MDB","nv":" ","e":"n","st":"Suplente","dvt":"V\u00e1lido","vap":"298","pvap":"   2,83"},{"seq":"25","sqcand":"230000849799","n":"15666","nm":"WENDELL FEITOSA","cc":"MDB","nv":" ","e":"n","st":"Suplente","dvt":"V\u00e1lido","vap":"135","pvap":"   1,28"},{"seq":"39","sqcand":"230000726661","n":"11789","nm":"VELHO DA DEZ","cc":"PP","nv":" ","e":"n","st":"Suplente","dvt":"V\u00e1lido","vap":"56","pvap":"   0,53"},{"seq":"94","sqcand":"230000766139","n":"14258","nm":"CICERO","cc":"PTB","nv":" ","e":"n","st":"N\u00e3o eleito","dvt":"V\u00e1lido","vap":"27","pvap":"   0,26"},{"seq":"92","sqcand":"230000926958","n":"40321","nm":"FERNANDO","cc":"PSB","nv":" ","e":"n","st":"N\u00e3o eleito","dvt":"V\u00e1lido","vap":"27","pvap":"   0,26"},{"seq":"88","sqcand":"230001042664","n":"55111","nm":"ROZANG\u00caLA SILVEIRA","cc":"PSD","nv":" ","e":"n","st":"N\u00e3o eleito","dvt":"V\u00e1lido","vap":"50","pvap":"   0,48"},{"seq":"99","sqcand":"230001042672","n":"55777","nm":"ERIC LIMA","cc":"PSD","nv":" ","e":"n","st":"N\u00e3o eleito","dvt":"V\u00e1lido","vap":"19","pvap":"   0,18"},{"seq":"96","sqcand":"230001263539","n":"14125","nm":"FRANKLIN","cc":"PTB","nv":" ","e":"n","st":"N\u00e3o eleito","dvt":"V\u00e1lido","vap":"22","pvap":"   0,21"},{"seq":"12","sqcand":"230000765951","n":"51345","nm":"GENIO DA OITO","cc":"PATRIOTA","nv":" ","e":"n","st":"Suplente","dvt":"V\u00e1lido","vap":"249","pvap":"   2,37"},{"seq":"32","sqcand":"230000928205","n":"77890","nm":"PATU\u00c1","cc":"SOLIDARIEDADE","nv":" ","e":"n","st":"Suplente","dvt":"V\u00e1lido","vap":"90","pvap":"   0,86"},{"seq":"85","sqcand":"230000926951","n":"40777","nm":"PROF JUNIOR","cc":"PSB","nv":" ","e":"n","st":"N\u00e3o eleito","dvt":"V\u00e1lido","vap":"63","pvap":"   0,60"},{"seq":"50","sqcand":"230000779815","n":"23789","nm":"PROFESSORA VENITA","cc":"CIDADANIA","nv":" ","e":"n","st":"Suplente","dvt":"V\u00e1lido","vap":"36","pvap":"   0,34"},{"seq":"93","sqcand":"230000766132","n":"14141","nm":"JO\u00c3O MELO","cc":"PTB","nv":" ","e":"n","st":"N\u00e3o eleito","dvt":"V\u00e1lido","vap":"27","pvap":"   0,26"},{"seq":"53","sqcand":"230000927112","n":"45111","nm":"SOBRINHO","cc":"PSDB","nv":" ","e":"n","st":"Suplente","dvt":"V\u00e1lido","vap":"33","pvap":"   0,31"},{"seq":"45","sqcand":"230000779818","n":"23456","nm":"JANAINA ARAUJO","cc":"CIDADANIA","nv":" ","e":"n","st":"Suplente","dvt":"V\u00e1lido","vap":"48","pvap":"   0,46"},{"seq":"107","sqcand":"230001042669","n":"55456","nm":"ZULENEIDE PAIVA","cc":"PSD","nv":" ","e":"n","st":"N\u00e3o eleito","dvt":"V\u00e1lido","vap":"11","pvap":"   0,10"},{"seq":"27","sqcand":"230000726660","n":"11123","nm":"PROF  CLAUDIO LIMA","cc":"PP","nv":" ","e":"n","st":"Suplente","dvt":"V\u00e1lido","vap":"133","pvap":"   1,26"},{"seq":"6","sqcand":"230000765958","n":"51222","nm":"HELIO DO TABOCA","cc":"PATRIOTA","nv":" ","e":"s","st":"Eleito","dvt":"V\u00e1lido","vap":"281","pvap":"   2,67"},{"seq":"69","sqcand":"230000765949","n":"51789","nm":"GORETE BARROS","cc":"PATRIOTA","nv":" ","e":"n","st":"Suplente","dvt":"V\u00e1lido","vap":"7","pvap":"   0,07"},{"seq":"57","sqcand":"230000779812","n":"23333","nm":"PROFESSOR RAILANDER","cc":"CIDADANIA","nv":" ","e":"n","st":"Suplente","dvt":"V\u00e1lido","vap":"28","pvap":"   0,27"},{"seq":"15","sqcand":"230000765955","n":"51234","nm":"MANO FEITOSA","cc":"PATRIOTA","nv":" ","e":"n","st":"Suplente","dvt":"V\u00e1lido","vap":"236","pvap":"   2,24"},{"seq":"56","sqcand":"230000927120","n":"45333","nm":"LORA DO BARRO VERMELHO","cc":"PSDB","nv":" ","e":"n","st":"Suplente","dvt":"V\u00e1lido","vap":"30","pvap":"   0,29"},{"seq":"79","sqcand":"230001042670","n":"55555","nm":"C\u00c9LIO ROBERTO","cc":"PSD","nv":" ","e":"n","st":"N\u00e3o eleito","dvt":"V\u00e1lido","vap":"100","pvap":"   0,95"},{"seq":"121","sqcand":"230001042663","n":"55128","nm":"PASTORA JANE","cc":"PSD","nv":" ","e":"n","st":"N\u00e3o eleito","dvt":"V\u00e1lido","vap":"2","pvap":"   0,02"},{"seq":"73","sqcand":"230000779810","n":"23444","nm":"TATI DO JEPP","cc":"CIDADANIA","nv":" ","e":"n","st":"Suplente","dvt":"V\u00e1lido","vap":"3","pvap":"   0,03"},{"seq":"95","sqcand":"230000741651","n":"18174","nm":"ANDREIA","cc":"REDE","nv":" ","e":"n","st":"N\u00e3o eleito","dvt":"V\u00e1lido","vap":"26","pvap":"   0,25"},{"seq":"116","sqcand":"230000926946","n":"40111","nm":"IRM\u00c3O RAIMUNDO DA VAN","cc":"PSB","nv":" ","e":"n","st":"N\u00e3o eleito","dvt":"V\u00e1lido","vap":"6","pvap":"   0,06"},{"seq":"98","sqcand":"230000741649","n":"18144","nm":"JOSIMAR DO BARRO VERMELHO","cc":"REDE","nv":" ","e":"n","st":"N\u00e3o eleito","dvt":"V\u00e1lido","vap":"20","pvap":"   0,19"},{"seq":"102","sqcand":"230000741654","n":"18133","nm":"NIUCILENE DA LAJE","cc":"REDE","nv":" ","e":"n","st":"N\u00e3o eleito","dvt":"V\u00e1lido","vap":"15","pvap":"   0,14"},{"seq":"54","sqcand":"230000779813","n":"23123","nm":"ODINELDO BRAGA","cc":"CIDADANIA","nv":" ","e":"n","st":"Suplente","dvt":"V\u00e1lido","vap":"33","pvap":"   0,31"},{"seq":"82","sqcand":"230000926952","n":"40789","nm":"LENO","cc":"PSB","nv":" ","e":"n","st":"N\u00e3o eleito","dvt":"V\u00e1lido","vap":"88","pvap":"   0,84"},{"seq":"17","sqcand":"230000765948","n":"51123","nm":"IVAN DA LILI","cc":"PATRIOTA","nv":" ","e":"n","st":"Suplente","dvt":"V\u00e1lido","vap":"184","pvap":"   1,75"},{"seq":"114","sqcand":"230000840286","n":"65000","nm":"ELIZABETH SILVA","cc":"PC do B","nv":" ","e":"n","st":"N\u00e3o eleito","dvt":"V\u00e1lido","vap":"6","pvap":"   0,06"},{"seq":"42","sqcand":"230000849797","n":"15678","nm":"CHAGAS ENFERMEIRO","cc":"MDB","nv":" ","e":"n","st":"Suplente","dvt":"V\u00e1lido","vap":"50","pvap":"   0,48"},{"seq":"41","sqcand":"230000726669","n":"11333","nm":"NETO CRUZ","cc":"PP","nv":" ","e":"n","st":"Suplente","dvt":"V\u00e1lido","vap":"52","pvap":"   0,49"},{"seq":"9","sqcand":"230000928200","n":"77123","nm":"RONALDO DO KIM","cc":"SOLIDARIEDADE","nv":" ","e":"s","st":"Eleito","dvt":"V\u00e1lido","vap":"192","pvap":"   1,82"},{"seq":"63","sqcand":"230000928206","n":"77789","nm":"ALDISLANDIA","cc":"SOLIDARIEDADE","nv":" ","e":"n","st":"Suplente","dvt":"V\u00e1lido","vap":"21","pvap":"   0,20"},{"seq":"97","sqcand":"230000766133","n":"14614","nm":"JULIANA","cc":"PTB","nv":" ","e":"n","st":"N\u00e3o eleito","dvt":"V\u00e1lido","vap":"21","pvap":"   0,20"},{"seq":"110","sqcand":"230000926954","n":"40546","nm":"PROF ADRIANA","cc":"PSB","nv":" ","e":"n","st":"N\u00e3o eleito","dvt":"V\u00e1lido","vap":"10","pvap":"   0,10"},{"seq":"5","sqcand":"230000726666","n":"11258","nm":"ALEX LIMA","cc":"PP","nv":" ","e":"s","st":"Eleito","dvt":"V\u00e1lido","vap":"290","pvap":"   2,76"},{"seq":"86","sqcand":"230000766140","n":"14432","nm":"SOCORRO BRAND\u00c3O","cc":"PTB","nv":" ","e":"n","st":"N\u00e3o eleito","dvt":"V\u00e1lido","vap":"55","pvap":"   0,52"}]}
