{"ele":"426","tpabr":"mu","cdabr":"04014","carper":"13","t":"1","f":"o","dt":"15/11/2020","ht":"22:02:52","dv":"s","tf":"s","v":"15","esae":"n","mnae":"","s":"346","st":"346","pst":" 100,00","snt":"0","psnt":"   0,00","si":"346","psi":" 100,00","sni":"0","psni":"   0,00","sa":"346","psa":" 100,00","sna":"0","psna":"   0,00","e":"113661","ea":"113661","pea":" 100,00","ena":"0","pena":"   0,00","esi":"113661","pesi":" 100,00","esni":"0","pesni":"   0,00","c":"95032","pc":"  83,61","a":"18629","pa":"  16,39","vscv":"0","vnom":"86317","vl":"3962","pvnom":"  95,61","pvl":"   4,39","vvc":"92265","pvvc":"  97,09","vb":"1056","pvb":"   1,11","tvn":"1711","ptvn":"   1,80","vn":"1628","pvn":"  95,15","vnt":"83","pvnt":"   4,85","vp":"0","pvp":"   0,00","vv":"90279","pvv":"  97,85","van":"0","pvan":"   0,00","vansj":"1986","pvansj":"   2,15","tv":"95032","cand":[{"seq":"174","sqcand":"140001254746","n":"40123","nm":"TIO GABA","cc":"PSB","nv":" ","e":"n","st":"N\u00e3o eleito","dvt":"V\u00e1lido","vap":"325","pvap":"   0,35"},{"seq":"130","sqcand":"140000879673","n":"45345","nm":"BOL","cc":"PSDB","nv":" ","e":"n","st":"Suplente","dvt":"V\u00e1lido","vap":"24","pvap":"   0,03"},{"seq":"68","sqcand":"140001142913","n":"15222","nm":"JOAQUIM DA PESCA","cc":"MDB","nv":" ","e":"n","st":"Suplente","dvt":"V\u00e1lido","vap":"252","pvap":"   0,27"},{"seq":"264","sqcand":"140001003846","n":"77145","nm":"NARA RODRIGUES","cc":"SOLIDARIEDADE","nv":" ","e":"n","st":"N\u00e3o eleito","dvt":"V\u00e1lido","vap":"19","pvap":"   0,02"},{"seq":"226","sqcand":"140001254740","n":"40777","nm":"VICTOR","cc":"PSB","nv":" ","e":"n","st":"N\u00e3o eleito","dvt":"V\u00e1lido","vap":"68","pvap":"   0,07"},{"seq":"124","sqcand":"140000861692","n":"22222","nm":"FL\u00c1VIA MARTINS","cc":"PL","nv":" ","e":"n","st":"Suplente","dvt":"V\u00e1lido","vap":"30","pvap":"   0,03"},{"seq":"231","sqcand":"140000999767","n":"25615","nm":"MANUEL","cc":"DEM","nv":" ","e":"n","st":"N\u00e3o eleito","dvt":"V\u00e1lido","vap":"55","pvap":"   0,06"},{"seq":"256","sqcand":"140001254741","n":"40170","nm":"JU MORAES","cc":"PSB","nv":" ","e":"n","st":"N\u00e3o eleito","dvt":"V\u00e1lido","vap":"25","pvap":"   0,03"},{"seq":"150","sqcand":"140001142893","n":"15111","nm":"GIZELE","cc":"MDB","nv":" ","e":"n","st":"Suplente","dvt":"V\u00e1lido","vap":"3","pvap":"   0,00"},{"seq":"271","sqcand":"140000923471","n":"23710","nm":"ELZA FERREIRA","cc":"CIDADANIA","nv":" ","e":"n","st":"N\u00e3o eleito","dvt":"V\u00e1lido","vap":"16","pvap":"   0,02"},{"seq":"38","sqcand":"140001142892","n":"15015","nm":"ADEMICO FERA DA MIDIA","cc":"MDB","nv":" ","e":"n","st":"Suplente","dvt":"V\u00e1lido","vap":"773","pvap":"   0,84"},{"seq":"219","sqcand":"140000923461","n":"23222","nm":"R SOUZA","cc":"CIDADANIA","nv":" ","e":"n","st":"N\u00e3o eleito","dvt":"V\u00e1lido","vap":"84","pvap":"   0,09"},{"seq":"34","sqcand":"140001142900","n":"15888","nm":"DOMINIQUE DO PARRUDO","cc":"MDB","nv":" ","e":"n","st":"Suplente","dvt":"V\u00e1lido","vap":"813","pvap":"   0,88"},{"seq":"69","sqcand":"140000933572","n":"10010","nm":"SUB TENENTE EDIMAR","cc":"REPUBLICANOS","nv":" ","e":"n","st":"Suplente","dvt":"V\u00e1lido","vap":"246","pvap":"   0,27"},{"seq":"250","sqcand":"140000933502","n":"70777","nm":"ANDIR ROCHA","cc":"AVANTE","nv":" ","e":"n","st":"N\u00e3o eleito","dvt":"V\u00e1lido","vap":"32","pvap":"   0,03"},{"seq":"141","sqcand":"140001142907","n":"15106","nm":"CIDA LE\u00c3O","cc":"MDB","nv":" ","e":"n","st":"Suplente","dvt":"V\u00e1lido","vap":"13","pvap":"   0,01"},{"seq":"232","sqcand":"140000933504","n":"70210","nm":"ADILSON","cc":"AVANTE","nv":" ","e":"n","st":"N\u00e3o eleito","dvt":"V\u00e1lido","vap":"53","pvap":"   0,06"},{"seq":"291","sqcand":"140001239029","n":"14020","nm":"MAYARA PAZ","cc":"PTB","nv":" ","e":"n","st":"N\u00e3o eleito","dvt":"V\u00e1lido","vap":"3","pvap":"   0,00"},{"seq":"78","sqcand":"140000861705","n":"22666","nm":"WALDO PINTO","cc":"PL","nv":" ","e":"n","st":"Suplente","dvt":"V\u00e1lido","vap":"200","pvap":"   0,22"},{"seq":"248","sqcand":"140000854800","n":"20777","nm":"BETO MOTOT\u00c1XI","cc":"PSC","nv":" ","e":"n","st":"N\u00e3o eleito","dvt":"V\u00e1lido","vap":"33","pvap":"   0,04"},{"seq":"70","sqcand":"140000861702","n":"22777","nm":"MURILLO BRACALI MACHADO","cc":"PL","nv":" ","e":"n","st":"Suplente","dvt":"V\u00e1lido","vap":"242","pvap":"   0,26"},{"seq":"137","sqcand":"140001142910","n":"15540","nm":"SOCORRO CALANDRINE","cc":"MDB","nv":" ","e":"n","st":"Suplente","dvt":"V\u00e1lido","vap":"16","pvap":"   0,02"},{"seq":"179","sqcand":"140000854799","n":"20100","nm":"PISICA","cc":"PSC","nv":" ","e":"n","st":"N\u00e3o eleito","dvt":"V\u00e1lido","vap":"257","pvap":"   0,28"},{"seq":"236","sqcand":"140000933510","n":"70310","nm":"NASA","cc":"AVANTE","nv":" ","e":"n","st":"N\u00e3o eleito","dvt":"V\u00e1lido","vap":"44","pvap":"   0,05"},{"seq":"240","sqcand":"140001263075","n":"40345","nm":"K\u00c1TIA VASCONCELOS","cc":"PSB","nv":" ","e":"n","st":"N\u00e3o eleito","dvt":"V\u00e1lido","vap":"39","pvap":"   0,04"},{"seq":"50","sqcand":"140001236533","n":"12512","nm":"BATICO QUARESMA","cc":"PDT","nv":" ","e":"n","st":"Suplente","dvt":"V\u00e1lido","vap":"437","pvap":"   0,47"},{"seq":"157","sqcand":"140000999758","n":"25678","nm":"IRM\u00c3O EDIN\u00cdCIO","cc":"DEM","nv":" ","e":"n","st":"N\u00e3o eleito","dvt":"V\u00e1lido","vap":"1557","pvap":"   1,69"},{"seq":"288","sqcand":"140001263080","n":"20321","nm":"M\u00c1RCIA SILVA","cc":"PSC","nv":" ","e":"n","st":"N\u00e3o eleito","dvt":"V\u00e1lido","vap":"6","pvap":"   0,01"},{"seq":"162","sqcand":"140001142905","n":"15600","nm":"OZIEL BAIA","cc":"MDB","nv":" ","e":"n","st":"N\u00e3o eleito","dvt":"Anulado sub judice","vap":"673","pvap":"   0,73"},{"seq":"230","sqcand":"140000999771","n":"25644","nm":"JO\u00c3O LOBO","cc":"DEM","nv":" ","e":"n","st":"N\u00e3o eleito","dvt":"V\u00e1lido","vap":"56","pvap":"   0,06"},{"seq":"209","sqcand":"140000933505","n":"70100","nm":"TORINO","cc":"AVANTE","nv":" ","e":"n","st":"N\u00e3o eleito","dvt":"V\u00e1lido","vap":"114","pvap":"   0,12"},{"seq":"188","sqcand":"140000933516","n":"70789","nm":"PROF ODILENE","cc":"AVANTE","nv":" ","e":"n","st":"N\u00e3o eleito","dvt":"V\u00e1lido","vap":"190","pvap":"   0,21"},{"seq":"278","sqcand":"140000854786","n":"20678","nm":"KELIZANGELA","cc":"PSC","nv":" ","e":"n","st":"N\u00e3o eleito","dvt":"V\u00e1lido","vap":"11","pvap":"   0,01"},{"seq":"132","sqcand":"140001226529","n":"13513","nm":"TIA ERICA","cc":"PT","nv":" ","e":"n","st":"Suplente","dvt":"V\u00e1lido","vap":"23","pvap":"   0,02"},{"seq":"110","sqcand":"140000861708","n":"22500","nm":"MARCOS MONTEIRO","cc":"PL","nv":" ","e":"n","st":"Suplente","dvt":"V\u00e1lido","vap":"62","pvap":"   0,07"},{"seq":"185","sqcand":"140000854785","n":"20500","nm":"DR CL\u00c1UDIO RODRIGUES","cc":"PSC","nv":" ","e":"n","st":"N\u00e3o eleito","dvt":"V\u00e1lido","vap":"196","pvap":"   0,21"},{"seq":"274","sqcand":"140001003852","n":"77277","nm":"TONINHO MOTO TAXI","cc":"SOLIDARIEDADE","nv":" ","e":"n","st":"N\u00e3o eleito","dvt":"V\u00e1lido","vap":"14","pvap":"   0,02"},{"seq":"33","sqcand":"140001037790","n":"55666","nm":"CONCE DA BACABEIRA","cc":"PSD","nv":" ","e":"n","st":"Suplente","dvt":"V\u00e1lido","vap":"819","pvap":"   0,89"},{"seq":"90","sqcand":"140000863767","n":"50180","nm":"PROFESSOR MIGUEL CARIPUNA","cc":"PSOL","nv":" ","e":"n","st":"Suplente","dvt":"V\u00e1lido","vap":"105","pvap":"   0,11"},{"seq":"186","sqcand":"140000854795","n":"20888","nm":"EVERTON ANDR\u00c9","cc":"PSC","nv":" ","e":"n","st":"N\u00e3o eleito","dvt":"V\u00e1lido","vap":"194","pvap":"   0,21"},{"seq":"129","sqcand":"140001135978","n":"43234","nm":"PAIRA","cc":"PV","nv":" ","e":"n","st":"Suplente","dvt":"V\u00e1lido","vap":"26","pvap":"   0,03"},{"seq":"107","sqcand":"140000933581","n":"10109","nm":"MOIS\u00c9S SOUSA","cc":"REPUBLICANOS","nv":" ","e":"n","st":"Suplente","dvt":"V\u00e1lido","vap":"71","pvap":"   0,08"},{"seq":"193","sqcand":"140000933515","n":"70123","nm":"NEGUINHO DO JARUM\u00c3","cc":"AVANTE","nv":" ","e":"n","st":"N\u00e3o eleito","dvt":"V\u00e1lido","vap":"160","pvap":"   0,17"},{"seq":"187","sqcand":"140001236717","n":"70710","nm":"MARIA DO PARTO","cc":"AVANTE","nv":" ","e":"n","st":"N\u00e3o eleito","dvt":"V\u00e1lido","vap":"191","pvap":"   0,21"},{"seq":"62","sqcand":"140001142912","n":"15555","nm":"LEO RODRIGUES","cc":"MDB","nv":" ","e":"n","st":"Suplente","dvt":"V\u00e1lido","vap":"339","pvap":"   0,37"},{"seq":"123","sqcand":"140001135987","n":"43444","nm":"HILMA DIAS","cc":"PV","nv":" ","e":"n","st":"Suplente","dvt":"V\u00e1lido","vap":"35","pvap":"   0,04"},{"seq":"73","sqcand":"140000861690","n":"22345","nm":"DIL TAVARES","cc":"PL","nv":" ","e":"n","st":"Suplente","dvt":"V\u00e1lido","vap":"215","pvap":"   0,23"},{"seq":"54","sqcand":"140000879678","n":"45333","nm":"ODIVALDO BAIA","cc":"PSDB","nv":" ","e":"n","st":"Suplente","dvt":"V\u00e1lido","vap":"406","pvap":"   0,44"},{"seq":"114","sqcand":"140001226530","n":"13613","nm":"SEU LOURO","cc":"PT","nv":" ","e":"n","st":"Suplente","dvt":"V\u00e1lido","vap":"53","pvap":"   0,06"},{"seq":"76","sqcand":"140001142899","n":"15615","nm":"REGIS DA CBA","cc":"MDB","nv":" ","e":"n","st":"Suplente","dvt":"V\u00e1lido","vap":"202","pvap":"   0,22"},{"seq":"146","sqcand":"140001037780","n":"55888","nm":"PATURI","cc":"PSD","nv":" ","e":"n","st":"Suplente","dvt":"V\u00e1lido","vap":"5","pvap":"   0,01"},{"seq":"244","sqcand":"140000923460","n":"23000","nm":"ANGELA BARREIROS","cc":"CIDADANIA","nv":" ","e":"n","st":"N\u00e3o eleito","dvt":"V\u00e1lido","vap":"36","pvap":"   0,04"},{"seq":"173","sqcand":"140000923472","n":"23456","nm":"PASTOR JOAO ELITO","cc":"CIDADANIA","nv":" ","e":"n","st":"N\u00e3o eleito","dvt":"V\u00e1lido","vap":"338","pvap":"   0,37"},{"seq":"281","sqcand":"140000999770","n":"25200","nm":"IZAN SILVA DA COSTA","cc":"DEM","nv":" ","e":"n","st":"N\u00e3o eleito","dvt":"V\u00e1lido","vap":"8","pvap":"   0,01"},{"seq":"160","sqcand":"140000854789","n":"20620","nm":"JHOE FARMAC\u00caUTICO","cc":"PSC","nv":" ","e":"n","st":"N\u00e3o eleito","dvt":"V\u00e1lido","vap":"798","pvap":"   0,86"},{"seq":"15","sqcand":"140000863764","n":"50777","nm":"PROFESSORA MADALENA","cc":"PSOL","nv":" ","e":"s","st":"Eleito","dvt":"V\u00e1lido","vap":"931","pvap":"   1,01"},{"seq":"215","sqcand":"140000999761","n":"25888","nm":"ISANE CARIPUNA","cc":"DEM","nv":" ","e":"n","st":"N\u00e3o eleito","dvt":"V\u00e1lido","vap":"99","pvap":"   0,11"},{"seq":"249","sqcand":"140001003847","n":"77567","nm":"Z\u00c9 DAS GRA\u00c7AS","cc":"SOLIDARIEDADE","nv":" ","e":"n","st":"N\u00e3o eleito","dvt":"V\u00e1lido","vap":"32","pvap":"   0,03"},{"seq":"279","sqcand":"140000923479","n":"23999","nm":"ARIZONA","cc":"CIDADANIA","nv":" ","e":"n","st":"N\u00e3o eleito","dvt":"V\u00e1lido","vap":"10","pvap":"   0,01"},{"seq":"275","sqcand":"140000923477","n":"23910","nm":"MANUEL ROCHA","cc":"CIDADANIA","nv":" ","e":"n","st":"N\u00e3o eleito","dvt":"V\u00e1lido","vap":"13","pvap":"   0,01"},{"seq":"239","sqcand":"140000999759","n":"25789","nm":"GIOVANNI SANTOS","cc":"DEM","nv":" ","e":"n","st":"N\u00e3o eleito","dvt":"V\u00e1lido","vap":"42","pvap":"   0,05"},{"seq":"170","sqcand":"140001254747","n":"40193","nm":"SARGENTO ACLAILTON","cc":"PSB","nv":" ","e":"n","st":"N\u00e3o eleito","dvt":"V\u00e1lido","vap":"394","pvap":"   0,43"},{"seq":"23","sqcand":"140000879661","n":"45321","nm":"DR ARNALDO SERENI","cc":"PSDB","nv":" ","e":"n","st":"Suplente","dvt":"V\u00e1lido","vap":"989","pvap":"   1,07"},{"seq":"11","sqcand":"140000879672","n":"45455","nm":"J\u00d4 DIAS","cc":"PSDB","nv":" ","e":"s","st":"Eleito","dvt":"V\u00e1lido","vap":"1261","pvap":"   1,37"},{"seq":"80","sqcand":"140001236540","n":"12556","nm":"KIKO","cc":"PDT","nv":" ","e":"n","st":"Suplente","dvt":"V\u00e1lido","vap":"176","pvap":"   0,19"},{"seq":"161","sqcand":"140000999755","n":"25765","nm":"CEBOLA","cc":"DEM","nv":" ","e":"n","st":"N\u00e3o eleito","dvt":"V\u00e1lido","vap":"718","pvap":"   0,78"},{"seq":"220","sqcand":"140000923480","n":"23210","nm":"NICEIA LIMA","cc":"CIDADANIA","nv":" ","e":"n","st":"N\u00e3o eleito","dvt":"V\u00e1lido","vap":"81","pvap":"   0,09"},{"seq":"8","sqcand":"140000879681","n":"45555","nm":"ALUISIO CORR\u00caA","cc":"PSDB","nv":" ","e":"s","st":"Eleito","dvt":"V\u00e1lido","vap":"1463","pvap":"   1,59"},{"seq":"198","sqcand":"140001273681","n":"20000","nm":"PROF LEILANE MINEIR\u00c3O","cc":"PSC","nv":" ","e":"n","st":"N\u00e3o eleito","dvt":"V\u00e1lido","vap":"143","pvap":"   0,15"},{"seq":"286","sqcand":"140001226515","n":"13013","nm":"EDILSON DA ARQUIA","cc":"PT","nv":" ","e":"n","st":"N\u00e3o eleito","dvt":"Anulado sub judice","vap":"6","pvap":"   0,01"},{"seq":"178","sqcand":"140000923465","n":"23123","nm":"GELEIRA","cc":"CIDADANIA","nv":" ","e":"n","st":"N\u00e3o eleito","dvt":"V\u00e1lido","vap":"265","pvap":"   0,29"},{"seq":"148","sqcand":"140001135983","n":"43144","nm":"JHENEFER ALMEIDA","cc":"PV","nv":" ","e":"n","st":"Suplente","dvt":"V\u00e1lido","vap":"5","pvap":"   0,01"},{"seq":"61","sqcand":"140000933573","n":"10101","nm":"PROF EDINHO","cc":"REPUBLICANOS","nv":" ","e":"n","st":"Suplente","dvt":"V\u00e1lido","vap":"358","pvap":"   0,39"},{"seq":"265","sqcand":"140000854797","n":"20300","nm":"BOCOI\u00d3","cc":"PSC","nv":" ","e":"n","st":"N\u00e3o eleito","dvt":"V\u00e1lido","vap":"19","pvap":"   0,02"},{"seq":"195","sqcand":"140000864160","n":"35123","nm":"REGINA VILHENA","cc":"PMB","nv":" ","e":"n","st":"N\u00e3o eleito","dvt":"V\u00e1lido","vap":"153","pvap":"   0,17"},{"seq":"6","sqcand":"140001037793","n":"55000","nm":"CRISTIANO LOPES","cc":"PSD","nv":" ","e":"s","st":"Eleito","dvt":"V\u00e1lido","vap":"1806","pvap":"   1,96"},{"seq":"164","sqcand":"140000854788","n":"20222","nm":"CABE\u00c7A DO PARURU","cc":"PSC","nv":" ","e":"n","st":"N\u00e3o eleito","dvt":"V\u00e1lido","vap":"522","pvap":"   0,57"},{"seq":"118","sqcand":"140001226517","n":"13580","nm":"ODILENA FERREIRA","cc":"PT","nv":" ","e":"n","st":"Suplente","dvt":"V\u00e1lido","vap":"47","pvap":"   0,05"},{"seq":"10","sqcand":"140001142904","n":"15123","nm":"EMERSON NEGRAO","cc":"MDB","nv":" ","e":"s","st":"Eleito","dvt":"V\u00e1lido","vap":"1307","pvap":"   1,42"},{"seq":"171","sqcand":"140000854791","n":"20123","nm":"CARLOS PIROCA","cc":"PSC","nv":" ","e":"n","st":"N\u00e3o eleito","dvt":"V\u00e1lido","vap":"392","pvap":"   0,42"},{"seq":"96","sqcand":"140000861694","n":"22258","nm":"IRM\u00c3 BIA","cc":"PL","nv":" ","e":"n","st":"Suplente","dvt":"V\u00e1lido","vap":"87","pvap":"   0,09"},{"seq":"221","sqcand":"140000933513","n":"70770","nm":"ADAIR","cc":"AVANTE","nv":" ","e":"n","st":"N\u00e3o eleito","dvt":"V\u00e1lido","vap":"81","pvap":"   0,09"},{"seq":"108","sqcand":"140001236536","n":"12699","nm":"ANT\u00d4NIO BATELO","cc":"PDT","nv":" ","e":"n","st":"Suplente","dvt":"V\u00e1lido","vap":"67","pvap":"   0,07"},{"seq":"109","sqcand":"140001135973","n":"43321","nm":"DULCE","cc":"PV","nv":" ","e":"n","st":"Suplente","dvt":"V\u00e1lido","vap":"64","pvap":"   0,07"},{"seq":"260","sqcand":"140000923468","n":"23024","nm":"LAIS SANTOS","cc":"CIDADANIA","nv":" ","e":"n","st":"N\u00e3o eleito","dvt":"V\u00e1lido","vap":"24","pvap":"   0,03"},{"seq":"235","sqcand":"140000933501","n":"70999","nm":"FERNANDO PINGO","cc":"AVANTE","nv":" ","e":"n","st":"N\u00e3o eleito","dvt":"V\u00e1lido","vap":"45","pvap":"   0,05"},{"seq":"5","sqcand":"140000861710","n":"22123","nm":"SABI\u00c1","cc":"PL","nv":" ","e":"s","st":"Eleito","dvt":"V\u00e1lido","vap":"1877","pvap":"   2,03"},{"seq":"134","sqcand":"140000863763","n":"50123","nm":"TELMA","cc":"PSOL","nv":" ","e":"n","st":"Suplente","dvt":"V\u00e1lido","vap":"20","pvap":"   0,02"},{"seq":"121","sqcand":"140000863765","n":"50555","nm":"EDIVANE","cc":"PSOL","nv":" ","e":"n","st":"Suplente","dvt":"V\u00e1lido","vap":"39","pvap":"   0,04"},{"seq":"199","sqcand":"140001239019","n":"14155","nm":"MIGUEL MASSAGISTA","cc":"PTB","nv":" ","e":"n","st":"N\u00e3o eleito","dvt":"V\u00e1lido","vap":"139","pvap":"   0,15"},{"seq":"72","sqcand":"140001037787","n":"55700","nm":"ADINAMAR GOMES","cc":"PSD","nv":" ","e":"n","st":"Suplente","dvt":"V\u00e1lido","vap":"228","pvap":"   0,25"},{"seq":"154","sqcand":"140001267891","n":"12912","nm":"CAMILA RODRIGUES","cc":"PDT","nv":" ","e":"n","st":"Suplente","dvt":"V\u00e1lido","vap":"0","pvap":"00.00"},{"seq":"196","sqcand":"140001239031","n":"14111","nm":"HELGA DA RECEITA","cc":"PTB","nv":" ","e":"n","st":"N\u00e3o eleito","dvt":"V\u00e1lido","vap":"152","pvap":"   0,16"},{"seq":"266","sqcand":"140000933498","n":"70201","nm":"BAIXINHO DO ITAMINBUCA","cc":"AVANTE","nv":" ","e":"n","st":"N\u00e3o eleito","dvt":"V\u00e1lido","vap":"18","pvap":"   0,02"},{"seq":"283","sqcand":"140000864162","n":"35777","nm":"ROZYELLY CARDOSO","cc":"PMB","nv":" ","e":"n","st":"N\u00e3o eleito","dvt":"V\u00e1lido","vap":"8","pvap":"   0,01"},{"seq":"175","sqcand":"140001239027","n":"14222","nm":"JOTA CUNHA","cc":"PTB","nv":" ","e":"n","st":"N\u00e3o eleito","dvt":"V\u00e1lido","vap":"312","pvap":"   0,34"},{"seq":"168","sqcand":"140000933503","n":"70000","nm":"ENFERMEIRA TELMA","cc":"AVANTE","nv":" ","e":"n","st":"N\u00e3o eleito","dvt":"V\u00e1lido","vap":"462","pvap":"   0,50"},{"seq":"67","sqcand":"140000879671","n":"45222","nm":"PROFESSORA ELIETE","cc":"PSDB","nv":" ","e":"n","st":"Suplente","dvt":"V\u00e1lido","vap":"263","pvap":"   0,29"},{"seq":"37","sqcand":"140000861689","n":"22456","nm":"JUNIOR DO ARUMANDUBA","cc":"PL","nv":" ","e":"n","st":"Suplente","dvt":"V\u00e1lido","vap":"778","pvap":"   0,84"},{"seq":"86","sqcand":"140000879664","n":"45645","nm":"JOSE DO PARURU","cc":"PSDB","nv":" ","e":"n","st":"Suplente","dvt":"V\u00e1lido","vap":"125","pvap":"   0,14"},{"seq":"247","sqcand":"140000999756","n":"25025","nm":"ROSE DO ALGODOAL","cc":"DEM","nv":" ","e":"n","st":"N\u00e3o eleito","dvt":"V\u00e1lido","vap":"34","pvap":"   0,04"},{"seq":"18","sqcand":"140001226525","n":"13123","nm":"JOSENILDO VILHENA","cc":"PT","nv":" ","e":"n","st":"Suplente","dvt":"V\u00e1lido","vap":"1381","pvap":"   1,50"},{"seq":"40","sqcand":"140001236531","n":"12222","nm":"ANDERSON PAZOLA","cc":"PDT","nv":" ","e":"n","st":"Suplente","dvt":"V\u00e1lido","vap":"757","pvap":"   0,82"},{"seq":"53","sqcand":"140000863769","n":"50000","nm":"H\u00c9LIO MAU\u00c9S ","cc":"PSOL","nv":" ","e":"n","st":"Suplente","dvt":"V\u00e1lido","vap":"411","pvap":"   0,45"},{"seq":"172","sqcand":"140001254745","n":"40010","nm":"PROFESSORA FL\u00c1VIA","cc":"PSB","nv":" ","e":"n","st":"N\u00e3o eleito","dvt":"V\u00e1lido","vap":"372","pvap":"   0,40"},{"seq":"63","sqcand":"140000879677","n":"45444","nm":"JOZILDA DE  BEJA","cc":"PSDB","nv":" ","e":"n","st":"Suplente","dvt":"V\u00e1lido","vap":"337","pvap":"   0,37"},{"seq":"136","sqcand":"140000933574","n":"10777","nm":"KEVEN STONE","cc":"REPUBLICANOS","nv":" ","e":"n","st":"Suplente","dvt":"V\u00e1lido","vap":"17","pvap":"   0,02"},{"seq":"223","sqcand":"140001239025","n":"14456","nm":"TI\u00c3O FERREIRA","cc":"PTB","nv":" ","e":"n","st":"N\u00e3o eleito","dvt":"V\u00e1lido","vap":"71","pvap":"   0,08"},{"seq":"233","sqcand":"140000999762","n":"25017","nm":"ANDERSON PINHEIRO","cc":"DEM","nv":" ","e":"n","st":"N\u00e3o eleito","dvt":"V\u00e1lido","vap":"52","pvap":"   0,06"},{"seq":"32","sqcand":"140001037789","n":"55777","nm":"PIM","cc":"PSD","nv":" ","e":"n","st":"Suplente","dvt":"V\u00e1lido","vap":"844","pvap":"   0,91"},{"seq":"192","sqcand":"140000854796","n":"20200","nm":"SERJ\u00c3O","cc":"PSC","nv":" ","e":"n","st":"N\u00e3o eleito","dvt":"V\u00e1lido","vap":"160","pvap":"   0,17"},{"seq":"95","sqcand":"140000933580","n":"10300","nm":"PASTOR JOS\u00c9 ROBERTO","cc":"REPUBLICANOS","nv":" ","e":"n","st":"Suplente","dvt":"V\u00e1lido","vap":"88","pvap":"   0,10"},{"seq":"12","sqcand":"140001236530","n":"12000","nm":"VAGNER SENA","cc":"PDT","nv":" ","e":"s","st":"Eleito","dvt":"V\u00e1lido","vap":"1247","pvap":"   1,35"},{"seq":"87","sqcand":"140000933583","n":"10125","nm":"DANY PINHEIRO","cc":"REPUBLICANOS","nv":" ","e":"n","st":"Suplente","dvt":"V\u00e1lido","vap":"118","pvap":"   0,13"},{"seq":"26","sqcand":"140000861697","n":"22333","nm":"PIR\u00c1","cc":"PL","nv":" ","e":"n","st":"Suplente","dvt":"V\u00e1lido","vap":"937","pvap":"   1,02"},{"seq":"112","sqcand":"140001037784","n":"55111","nm":"MARCOLINO BACUTA","cc":"PSD","nv":" ","e":"n","st":"Suplente","dvt":"V\u00e1lido","vap":"55","pvap":"   0,06"},{"seq":"74","sqcand":"140000879667","n":"45045","nm":"VISCONDE","cc":"PSDB","nv":" ","e":"n","st":"Suplente","dvt":"V\u00e1lido","vap":"212","pvap":"   0,23"},{"seq":"252","sqcand":"140000999754","n":"25251","nm":"IRENE","cc":"DEM","nv":" ","e":"n","st":"N\u00e3o eleito","dvt":"V\u00e1lido","vap":"30","pvap":"   0,03"},{"seq":"127","sqcand":"140001263078","n":"10025","nm":"ALANA SILVA","cc":"REPUBLICANOS","nv":" ","e":"n","st":"Suplente","dvt":"V\u00e1lido","vap":"28","pvap":"   0,03"},{"seq":"41","sqcand":"140000879665","n":"45789","nm":"Z\u00c9 MARIA DO MARANH\u00c3O","cc":"PSDB","nv":" ","e":"n","st":"Suplente","dvt":"V\u00e1lido","vap":"756","pvap":"   0,82"},{"seq":"79","sqcand":"140000863771","n":"50147","nm":"DIL MAIKO","cc":"PSOL","nv":" ","e":"n","st":"Suplente","dvt":"V\u00e1lido","vap":"188","pvap":"   0,20"},{"seq":"263","sqcand":"140001003848","n":"77120","nm":"ALEX TATUAGEM","cc":"SOLIDARIEDADE","nv":" ","e":"n","st":"N\u00e3o eleito","dvt":"V\u00e1lido","vap":"21","pvap":"   0,02"},{"seq":"227","sqcand":"140001003844","n":"77377","nm":"DINALDO MOTO TAXI","cc":"SOLIDARIEDADE","nv":" ","e":"n","st":"N\u00e3o eleito","dvt":"V\u00e1lido","vap":"63","pvap":"   0,07"},{"seq":"277","sqcand":"140000864161","n":"35124","nm":"CHRISTIANO VINHAS","cc":"PMB","nv":" ","e":"n","st":"N\u00e3o eleito","dvt":"V\u00e1lido","vap":"12","pvap":"   0,01"},{"seq":"253","sqcand":"140000864158","n":"35555","nm":"PROF ODELITA","cc":"PMB","nv":" ","e":"n","st":"N\u00e3o eleito","dvt":"V\u00e1lido","vap":"28","pvap":"   0,03"},{"seq":"120","sqcand":"140001236538","n":"12111","nm":"PAULO CASTRO","cc":"PDT","nv":" ","e":"n","st":"Suplente","dvt":"V\u00e1lido","vap":"42","pvap":"   0,05"},{"seq":"81","sqcand":"140001236529","n":"12333","nm":"EDUARDO BELO","cc":"PDT","nv":" ","e":"n","st":"Suplente","dvt":"V\u00e1lido","vap":"170","pvap":"   0,18"},{"seq":"59","sqcand":"140000879668","n":"45000","nm":"SARGENTO MORAES","cc":"PSDB","nv":" ","e":"n","st":"Suplente","dvt":"V\u00e1lido","vap":"364","pvap":"   0,39"},{"seq":"155","sqcand":"140001135974","n":"43215","nm":"IRAN COSTA","cc":"PV","nv":" ","e":"n","st":"Suplente","dvt":"V\u00e1lido","vap":"0","pvap":"00.00"},{"seq":"177","sqcand":"140000999766","n":"25147","nm":"PASTOR JAIRO","cc":"DEM","nv":" ","e":"n","st":"N\u00e3o eleito","dvt":"Anulado sub judice","vap":"294","pvap":"   0,32"},{"seq":"91","sqcand":"140000879682","n":"45130","nm":"\u00d3 DE ALMEIDA","cc":"PSDB","nv":" ","e":"n","st":"Suplente","dvt":"V\u00e1lido","vap":"102","pvap":"   0,11"},{"seq":"31","sqcand":"140001037792","n":"55444","nm":"DIVALDO NEGR\u00c3O","cc":"PSD","nv":" ","e":"n","st":"Suplente","dvt":"V\u00e1lido","vap":"880","pvap":"   0,95"},{"seq":"169","sqcand":"140001254734","n":"40024","nm":"DELEGADO BECHIR","cc":"PSB","nv":" ","e":"n","st":"N\u00e3o eleito","dvt":"V\u00e1lido","vap":"421","pvap":"   0,46"},{"seq":"103","sqcand":"140001266664","n":"43222","nm":"PROFESSOR ARNALDO","cc":"PV","nv":" ","e":"n","st":"Suplente","dvt":"V\u00e1lido","vap":"77","pvap":"   0,08"},{"seq":"182","sqcand":"140001239026","n":"14000","nm":"MARCELO RODRIGUES","cc":"PTB","nv":" ","e":"n","st":"N\u00e3o eleito","dvt":"V\u00e1lido","vap":"234","pvap":"   0,25"},{"seq":"167","sqcand":"140000923470","n":"23110","nm":"TU\u00cd DUARTE","cc":"CIDADANIA","nv":" ","e":"n","st":"N\u00e3o eleito","dvt":"V\u00e1lido","vap":"486","pvap":"   0,53"},{"seq":"7","sqcand":"140001226524","n":"13222","nm":"EDILEUZA","cc":"PT","nv":" ","e":"s","st":"Eleito","dvt":"V\u00e1lido","vap":"1656","pvap":"   1,79"},{"seq":"55","sqcand":"140001226520","n":"13113","nm":"PROFESSOR DIDI","cc":"PT","nv":" ","e":"n","st":"Suplente","dvt":"V\u00e1lido","vap":"388","pvap":"   0,42"},{"seq":"163","sqcand":"140000933514","n":"70910","nm":"L\u00c9IA PAES","cc":"AVANTE","nv":" ","e":"n","st":"N\u00e3o eleito","dvt":"V\u00e1lido","vap":"560","pvap":"   0,61"},{"seq":"82","sqcand":"140001236537","n":"12126","nm":"PROF. ELEONAI PINHEIRO (BETO)","cc":"PDT","nv":" ","e":"n","st":"Suplente","dvt":"V\u00e1lido","vap":"150","pvap":"   0,16"},{"seq":"22","sqcand":"140000861709","n":"22001","nm":"CABO MENDES","cc":"PL","nv":" ","e":"n","st":"Suplente","dvt":"V\u00e1lido","vap":"1026","pvap":"   1,11"},{"seq":"189","sqcand":"140001254735","n":"40000","nm":"ELIELSON G\u00d3ES","cc":"PSB","nv":" ","e":"n","st":"N\u00e3o eleito","dvt":"V\u00e1lido","vap":"188","pvap":"   0,20"},{"seq":"89","sqcand":"140001236534","n":"12212","nm":"PROFESSORA ROSE BAIA","cc":"PDT","nv":" ","e":"n","st":"Suplente","dvt":"V\u00e1lido","vap":"105","pvap":"   0,11"},{"seq":"133","sqcand":"140001273895","n":"12612","nm":"DARILENE ALMEIDA","cc":"PDT","nv":" ","e":"n","st":"Suplente","dvt":"V\u00e1lido","vap":"22","pvap":"   0,02"},{"seq":"97","sqcand":"140000933584","n":"10789","nm":"MEL FERREIRA","cc":"REPUBLICANOS","nv":" ","e":"n","st":"Suplente","dvt":"V\u00e1lido","vap":"86","pvap":"   0,09"},{"seq":"111","sqcand":"140001235917","n":"50150","nm":"MARIELE","cc":"PSOL","nv":" ","e":"n","st":"Suplente","dvt":"V\u00e1lido","vap":"60","pvap":"   0,07"},{"seq":"225","sqcand":"140000933511","n":"70220","nm":"PAULO S\u00c9RGIO","cc":"AVANTE","nv":" ","e":"n","st":"N\u00e3o eleito","dvt":"V\u00e1lido","vap":"69","pvap":"   0,07"},{"seq":"39","sqcand":"140001135976","n":"43567","nm":"FABIO PINHEIRO","cc":"PV","nv":" ","e":"n","st":"Suplente","dvt":"V\u00e1lido","vap":"769","pvap":"   0,83"},{"seq":"102","sqcand":"140000933582","n":"10123","nm":"FRANCY DO POV\u00c3O","cc":"REPUBLICANOS","nv":" ","e":"n","st":"Suplente","dvt":"V\u00e1lido","vap":"77","pvap":"   0,08"},{"seq":"43","sqcand":"140000879674","n":"45156","nm":"TIA JOSI","cc":"PSDB","nv":" ","e":"n","st":"Suplente","dvt":"V\u00e1lido","vap":"679","pvap":"   0,74"},{"seq":"17","sqcand":"140000861707","n":"22444","nm":"IRACI JR","cc":"PL","nv":" ","e":"n","st":"Suplente","dvt":"V\u00e1lido","vap":"1498","pvap":"   1,62"},{"seq":"100","sqcand":"140001235916","n":"50333","nm":"DOD\u00d3 AMORIM","cc":"PSOL","nv":" ","e":"n","st":"Suplente","dvt":"V\u00e1lido","vap":"83","pvap":"   0,09"},{"seq":"259","sqcand":"140000923462","n":"23510","nm":"SUANI FARIAS","cc":"CIDADANIA","nv":" ","e":"n","st":"N\u00e3o eleito","dvt":"V\u00e1lido","vap":"25","pvap":"   0,03"},{"seq":"3","sqcand":"140001037788","n":"55222","nm":"REGI MOTA","cc":"PSD","nv":" ","e":"s","st":"Eleito","dvt":"V\u00e1lido","vap":"2110","pvap":"   2,29"},{"seq":"197","sqcand":"140001226522","n":"13999","nm":"GRACILIANO","cc":"PT","nv":" ","e":"n","st":"N\u00e3o eleito","dvt":"Anulado sub judice","vap":"146","pvap":"   0,16"},{"seq":"251","sqcand":"140000854792","n":"20234","nm":"F\u00c1TIMA CARDOSO","cc":"PSC","nv":" ","e":"n","st":"N\u00e3o eleito","dvt":"V\u00e1lido","vap":"31","pvap":"   0,03"},{"seq":"140","sqcand":"140001037783","n":"55032","nm":"MARCELA CARDOSO","cc":"PSD","nv":" ","e":"n","st":"Suplente","dvt":"V\u00e1lido","vap":"13","pvap":"   0,01"},{"seq":"56","sqcand":"140001263083","n":"55123","nm":"ARY PROMOTER","cc":"PSD","nv":" ","e":"n","st":"Suplente","dvt":"V\u00e1lido","vap":"388","pvap":"   0,42"},{"seq":"292","sqcand":"140001263074","n":"40567","nm":"RILEY","cc":"PSB","nv":" ","e":"n","st":"N\u00e3o eleito","dvt":"V\u00e1lido","vap":"2","pvap":"   0,00"},{"seq":"241","sqcand":"140000923469","n":"23555","nm":"IGOR SEGURAN\u00c7A","cc":"CIDADANIA","nv":" ","e":"n","st":"N\u00e3o eleito","dvt":"V\u00e1lido","vap":"38","pvap":"   0,04"},{"seq":"207","sqcand":"140000854793","n":"20456","nm":"JUNIOR COSTA","cc":"PSC","nv":" ","e":"n","st":"N\u00e3o eleito","dvt":"V\u00e1lido","vap":"122","pvap":"   0,13"},{"seq":"58","sqcand":"140000933578","n":"10456","nm":"PROF RONALD","cc":"REPUBLICANOS","nv":" ","e":"n","st":"Suplente","dvt":"V\u00e1lido","vap":"375","pvap":"   0,41"},{"seq":"66","sqcand":"140001236532","n":"12123","nm":"MARINEI GOMES GOTA","cc":"PDT","nv":" ","e":"n","st":"Suplente","dvt":"V\u00e1lido","vap":"267","pvap":"   0,29"},{"seq":"71","sqcand":"140001142911","n":"15000","nm":"RAY VENINO","cc":"MDB","nv":" ","e":"n","st":"Suplente","dvt":"V\u00e1lido","vap":"234","pvap":"   0,25"},{"seq":"105","sqcand":"140001226516","n":"13012","nm":"MAGNO SILVA","cc":"PT","nv":" ","e":"n","st":"Suplente","dvt":"V\u00e1lido","vap":"73","pvap":"   0,08"},{"seq":"211","sqcand":"140000923467","n":"23234","nm":"CARLOS CARECA","cc":"CIDADANIA","nv":" ","e":"n","st":"N\u00e3o eleito","dvt":"V\u00e1lido","vap":"105","pvap":"   0,11"},{"seq":"272","sqcand":"140001254742","n":"40171","nm":"SECCO","cc":"PSB","nv":" ","e":"n","st":"N\u00e3o eleito","dvt":"V\u00e1lido","vap":"16","pvap":"   0,02"},{"seq":"270","sqcand":"140000999765","n":"25777","nm":"CICA","cc":"DEM","nv":" ","e":"n","st":"N\u00e3o eleito","dvt":"V\u00e1lido","vap":"17","pvap":"   0,02"},{"seq":"273","sqcand":"140000999768","n":"25122","nm":"IN\u00caS SANTOS","cc":"DEM","nv":" ","e":"n","st":"N\u00e3o eleito","dvt":"V\u00e1lido","vap":"16","pvap":"   0,02"},{"seq":"205","sqcand":"140000864159","n":"35333","nm":"BETO CAMUTIM","cc":"PMB","nv":" ","e":"n","st":"N\u00e3o eleito","dvt":"V\u00e1lido","vap":"126","pvap":"   0,14"},{"seq":"88","sqcand":"140000879676","n":"45118","nm":"JOEL QUARESMA","cc":"PSDB","nv":" ","e":"n","st":"Suplente","dvt":"V\u00e1lido","vap":"117","pvap":"   0,13"},{"seq":"126","sqcand":"140001266666","n":"43143","nm":"RAONI","cc":"PV","nv":" ","e":"n","st":"Suplente","dvt":"V\u00e1lido","vap":"28","pvap":"   0,03"},{"seq":"24","sqcand":"140001236528","n":"12345","nm":"PROF MICHEL BARBOSA","cc":"PDT","nv":" ","e":"n","st":"Suplente","dvt":"V\u00e1lido","vap":"977","pvap":"   1,06"},{"seq":"104","sqcand":"140001142901","n":"15777","nm":"LOURDES RIBEIRO","cc":"MDB","nv":" ","e":"n","st":"Suplente","dvt":"V\u00e1lido","vap":"73","pvap":"   0,08"},{"seq":"296","sqcand":"140000854784","n":"20444","nm":"MERE","cc":"PSC","nv":" ","e":"n","st":"N\u00e3o eleito","dvt":"V\u00e1lido","vap":"0","pvap":"00.00"},{"seq":"268","sqcand":"140001254743","n":"40113","nm":"NEIDE GON\u00c7ALVES","cc":"PSB","nv":" ","e":"n","st":"N\u00e3o eleito","dvt":"V\u00e1lido","vap":"17","pvap":"   0,02"},{"seq":"194","sqcand":"140001239022","n":"14333","nm":"SILVANA SILVA","cc":"PTB","nv":" ","e":"n","st":"N\u00e3o eleito","dvt":"V\u00e1lido","vap":"159","pvap":"   0,17"},{"seq":"210","sqcand":"140000999752","n":"25345","nm":"IRMAO ARNALDO PINHEIRO","cc":"DEM","nv":" ","e":"n","st":"N\u00e3o eleito","dvt":"V\u00e1lido","vap":"111","pvap":"   0,12"},{"seq":"93","sqcand":"140001236543","n":"12012","nm":"\u00c9VERSON PUREZA","cc":"PDT","nv":" ","e":"n","st":"Suplente","dvt":"V\u00e1lido","vap":"96","pvap":"   0,10"},{"seq":"122","sqcand":"140000861706","n":"22311","nm":"ANDR\u00c9A CARIPUNA","cc":"PL","nv":" ","e":"n","st":"Suplente","dvt":"V\u00e1lido","vap":"38","pvap":"   0,04"},{"seq":"135","sqcand":"140001135988","n":"43999","nm":"TESTA","cc":"PV","nv":" ","e":"n","st":"Suplente","dvt":"V\u00e1lido","vap":"18","pvap":"   0,02"},{"seq":"144","sqcand":"140001037794","n":"55077","nm":"NUBIA","cc":"PSD","nv":" ","e":"n","st":"Suplente","dvt":"V\u00e1lido","vap":"8","pvap":"   0,01"},{"seq":"290","sqcand":"140000923466","n":"23023","nm":"WALTER RODRIGUES","cc":"CIDADANIA","nv":" ","e":"n","st":"N\u00e3o eleito","dvt":"V\u00e1lido","vap":"3","pvap":"   0,00"},{"seq":"166","sqcand":"140001226518","n":"13620","nm":"REGI MENDES","cc":"PT","nv":" ","e":"n","st":"N\u00e3o eleito","dvt":"Anulado sub judice","vap":"510","pvap":"   0,55"},{"seq":"242","sqcand":"140000923459","n":"23432","nm":"ALAERSO COSTA","cc":"CIDADANIA","nv":" ","e":"n","st":"N\u00e3o eleito","dvt":"V\u00e1lido","vap":"38","pvap":"   0,04"},{"seq":"64","sqcand":"140000879662","n":"45999","nm":"CARLOS METALURGICO","cc":"PSDB","nv":" ","e":"n","st":"Suplente","dvt":"V\u00e1lido","vap":"298","pvap":"   0,32"},{"seq":"206","sqcand":"140000999751","n":"25456","nm":"TONINHO","cc":"DEM","nv":" ","e":"n","st":"N\u00e3o eleito","dvt":"V\u00e1lido","vap":"125","pvap":"   0,14"},{"seq":"204","sqcand":"140001254738","n":"40555","nm":"ZECA DA SA\u00daDE","cc":"PSB","nv":" ","e":"n","st":"N\u00e3o eleito","dvt":"V\u00e1lido","vap":"127","pvap":"   0,14"},{"seq":"280","sqcand":"140000854783","n":"20333","nm":"PRETA","cc":"PSC","nv":" ","e":"n","st":"N\u00e3o eleito","dvt":"V\u00e1lido","vap":"9","pvap":"   0,01"},{"seq":"152","sqcand":"140001226519","n":"13022","nm":"SUELEM LIC\u00c1","cc":"PT","nv":" ","e":"n","st":"Suplente","dvt":"V\u00e1lido","vap":"0","pvap":"00.00"},{"seq":"119","sqcand":"140000879660","n":"45018","nm":"BRANCA LEITE","cc":"PSDB","nv":" ","e":"n","st":"Suplente","dvt":"V\u00e1lido","vap":"44","pvap":"   0,05"},{"seq":"4","sqcand":"140000861696","n":"22122","nm":"GEL","cc":"PL","nv":" ","e":"s","st":"Eleito","dvt":"V\u00e1lido","vap":"1942","pvap":"   2,10"},{"seq":"145","sqcand":"140001142906","n":"15256","nm":"J\u00d4 SOUZA","cc":"MDB","nv":" ","e":"n","st":"Suplente","dvt":"V\u00e1lido","vap":"6","pvap":"   0,01"},{"seq":"51","sqcand":"140001236526","n":"12777","nm":"DAVI","cc":"PDT","nv":" ","e":"n","st":"Suplente","dvt":"V\u00e1lido","vap":"430","pvap":"   0,47"},{"seq":"287","sqcand":"140000933509","n":"70456","nm":"LUCIANA","cc":"AVANTE","nv":" ","e":"n","st":"N\u00e3o eleito","dvt":"V\u00e1lido","vap":"6","pvap":"   0,01"},{"seq":"20","sqcand":"140001135989","n":"43111","nm":"JAIRO VILHENA","cc":"PV","nv":" ","e":"n","st":"Suplente","dvt":"V\u00e1lido","vap":"1236","pvap":"   1,34"},{"seq":"159","sqcand":"140001239021","n":"14123","nm":"PASTOR EMERSON ALVES","cc":"PTB","nv":" ","e":"n","st":"N\u00e3o eleito","dvt":"V\u00e1lido","vap":"945","pvap":"   1,02"},{"seq":"27","sqcand":"140000933576","n":"10111","nm":"TATIANE COSTA","cc":"REPUBLICANOS","nv":" ","e":"n","st":"Suplente","dvt":"V\u00e1lido","vap":"925","pvap":"   1,00"},{"seq":"297","sqcand":"140000933508","n":"70510","nm":"BIANCA","cc":"AVANTE","nv":" ","e":"n","st":"N\u00e3o eleito","dvt":"V\u00e1lido","vap":"0","pvap":"00.00"},{"seq":"35","sqcand":"140000863766","n":"50456","nm":"PROF ADEMIR","cc":"PSOL","nv":" ","e":"n","st":"Suplente","dvt":"V\u00e1lido","vap":"788","pvap":"   0,85"},{"seq":"285","sqcand":"140000854794","n":"20555","nm":"MARTA","cc":"PSC","nv":" ","e":"n","st":"N\u00e3o eleito","dvt":"V\u00e1lido","vap":"7","pvap":"   0,01"},{"seq":"49","sqcand":"140000863770","n":"50656","nm":"ZAQUEU","cc":"PSOL","nv":" ","e":"n","st":"Suplente","dvt":"V\u00e1lido","vap":"439","pvap":"   0,48"},{"seq":"267","sqcand":"140000923478","n":"23310","nm":"IDALINO CARDOSO","cc":"CIDADANIA","nv":" ","e":"n","st":"N\u00e3o eleito","dvt":"V\u00e1lido","vap":"17","pvap":"   0,02"},{"seq":"142","sqcand":"140001142895","n":"15155","nm":"JAINE DE LUTA","cc":"MDB","nv":" ","e":"n","st":"Suplente","dvt":"V\u00e1lido","vap":"10","pvap":"   0,01"},{"seq":"36","sqcand":"140000879675","n":"45123","nm":"DR MARCOS FIGUEIR\u00d3","cc":"PSDB","nv":" ","e":"n","st":"Suplente","dvt":"V\u00e1lido","vap":"779","pvap":"   0,84"},{"seq":"190","sqcand":"140001003853","n":"77234","nm":"ANDRECY MENEZES","cc":"SOLIDARIEDADE","nv":" ","e":"n","st":"N\u00e3o eleito","dvt":"V\u00e1lido","vap":"187","pvap":"   0,20"},{"seq":"151","sqcand":"140000933575","n":"10155","nm":"MARINALDA SANTOS","cc":"REPUBLICANOS","nv":" ","e":"n","st":"Suplente","dvt":"V\u00e1lido","vap":"0","pvap":"00.00"},{"seq":"48","sqcand":"140000933577","n":"10000","nm":"BETO AMORIM","cc":"REPUBLICANOS","nv":" ","e":"n","st":"Suplente","dvt":"V\u00e1lido","vap":"458","pvap":"   0,50"},{"seq":"147","sqcand":"140000861695","n":"22190","nm":"FL\u00c1VIA LIMA","cc":"PL","nv":" ","e":"n","st":"Suplente","dvt":"V\u00e1lido","vap":"5","pvap":"   0,01"},{"seq":"243","sqcand":"140001003856","n":"77177","nm":"PROFESSOR VENINO","cc":"SOLIDARIEDADE","nv":" ","e":"n","st":"N\u00e3o eleito","dvt":"V\u00e1lido","vap":"36","pvap":"   0,04"},{"seq":"2","sqcand":"140001135980","n":"43555","nm":"EZEQUIEL DAS CAMPANHAS","cc":"PV","nv":" ","e":"s","st":"Eleito","dvt":"V\u00e1lido","vap":"2321","pvap":"   2,52"},{"seq":"212","sqcand":"140000999760","n":"25222","nm":"HUDSON PANTOJA","cc":"DEM","nv":" ","e":"n","st":"N\u00e3o eleito","dvt":"V\u00e1lido","vap":"104","pvap":"   0,11"},{"seq":"237","sqcand":"140000864157","n":"35222","nm":"ELANDIA FREITAS","cc":"PMB","nv":" ","e":"n","st":"N\u00e3o eleito","dvt":"V\u00e1lido","vap":"43","pvap":"   0,05"},{"seq":"255","sqcand":"140000999757","n":"25255","nm":"ERICA NUNES","cc":"DEM","nv":" ","e":"n","st":"N\u00e3o eleito","dvt":"V\u00e1lido","vap":"27","pvap":"   0,03"},{"seq":"19","sqcand":"140001135985","n":"43456","nm":"GILVALDO QUARESMA","cc":"PV","nv":" ","e":"n","st":"Suplente","dvt":"V\u00e1lido","vap":"1353","pvap":"   1,47"},{"seq":"218","sqcand":"140001239023","n":"14147","nm":"JOELSON DO PIROCABA","cc":"PTB","nv":" ","e":"n","st":"N\u00e3o eleito","dvt":"V\u00e1lido","vap":"87","pvap":"   0,09"},{"seq":"238","sqcand":"140001003851","n":"77158","nm":"RAI DA SA\u00daDE","cc":"SOLIDARIEDADE","nv":" ","e":"n","st":"N\u00e3o eleito","dvt":"V\u00e1lido","vap":"42","pvap":"   0,05"},{"seq":"234","sqcand":"140001254744","n":"40111","nm":"EVANDRO ANDR\u00c9","cc":"PSB","nv":" ","e":"n","st":"N\u00e3o eleito","dvt":"V\u00e1lido","vap":"51","pvap":"   0,06"},{"seq":"16","sqcand":"140001226521","n":"13000","nm":"SENA ","cc":"PT","nv":" ","e":"n","st":"Suplente","dvt":"V\u00e1lido","vap":"1568","pvap":"   1,70"},{"seq":"276","sqcand":"140001254748","n":"40321","nm":"BEATRIZ REIS","cc":"PSB","nv":" ","e":"n","st":"N\u00e3o eleito","dvt":"V\u00e1lido","vap":"13","pvap":"   0,01"},{"seq":"9","sqcand":"140001142898","n":"15333","nm":"MAX FERA","cc":"MDB","nv":" ","e":"s","st":"Eleito","dvt":"V\u00e1lido","vap":"1439","pvap":"   1,56"},{"seq":"57","sqcand":"140001142903","n":"15315","nm":"RAY MARTINS","cc":"MDB","nv":" ","e":"n","st":"Suplente","dvt":"V\u00e1lido","vap":"381","pvap":"   0,41"},{"seq":"183","sqcand":"140001003849","n":"77123","nm":"TANIA FONSECA","cc":"SOLIDARIEDADE","nv":" ","e":"n","st":"N\u00e3o eleito","dvt":"Anulado sub judice","vap":"219","pvap":"   0,24"},{"seq":"200","sqcand":"140000933499","n":"70234","nm":"ZETE","cc":"AVANTE","nv":" ","e":"n","st":"N\u00e3o eleito","dvt":"V\u00e1lido","vap":"137","pvap":"   0,15"},{"seq":"216","sqcand":"140000999769","n":"25555","nm":"ANDRE GOMES","cc":"DEM","nv":" ","e":"n","st":"N\u00e3o eleito","dvt":"V\u00e1lido","vap":"97","pvap":"   0,11"},{"seq":"115","sqcand":"140000879669","n":"45112","nm":"M\u00c1RCIA DA SAUDE","cc":"PSDB","nv":" ","e":"n","st":"Suplente","dvt":"V\u00e1lido","vap":"51","pvap":"   0,06"},{"seq":"158","sqcand":"140000923476","n":"23410","nm":"DR MARCELO TRINDADE","cc":"CIDADANIA","nv":" ","e":"n","st":"N\u00e3o eleito","dvt":"V\u00e1lido","vap":"1092","pvap":"   1,18"},{"seq":"257","sqcand":"140000933512","n":"70110","nm":"ALEM\u00c3O","cc":"AVANTE","nv":" ","e":"n","st":"N\u00e3o eleito","dvt":"V\u00e1lido","vap":"25","pvap":"   0,03"},{"seq":"284","sqcand":"140001003854","n":"77789","nm":"HILTON FILHO","cc":"SOLIDARIEDADE","nv":" ","e":"n","st":"N\u00e3o eleito","dvt":"V\u00e1lido","vap":"8","pvap":"   0,01"},{"seq":"98","sqcand":"140000861700","n":"22111","nm":"MARCILENE VILHENA","cc":"PL","nv":" ","e":"n","st":"Suplente","dvt":"V\u00e1lido","vap":"85","pvap":"   0,09"},{"seq":"153","sqcand":"140001135981","n":"43431","nm":"RONALDO NUNES","cc":"PV","nv":" ","e":"n","st":"Suplente","dvt":"V\u00e1lido","vap":"0","pvap":"00.00"},{"seq":"83","sqcand":"140000863768","n":"50111","nm":"DK MORAES ","cc":"PSOL","nv":" ","e":"n","st":"Suplente","dvt":"V\u00e1lido","vap":"139","pvap":"   0,15"},{"seq":"116","sqcand":"140001266663","n":"43789","nm":"VANESSA SANTOS","cc":"PV","nv":" ","e":"n","st":"Suplente","dvt":"V\u00e1lido","vap":"51","pvap":"   0,06"},{"seq":"131","sqcand":"140001236539","n":"12365","nm":"C\u00c9SAR COSTUREIRA","cc":"PDT","nv":" ","e":"n","st":"Suplente","dvt":"V\u00e1lido","vap":"23","pvap":"   0,02"},{"seq":"282","sqcand":"140001239030","n":"14015","nm":"JOSENILDA DA SILVA","cc":"PTB","nv":" ","e":"n","st":"N\u00e3o eleito","dvt":"V\u00e1lido","vap":"8","pvap":"   0,01"},{"seq":"13","sqcand":"140000933586","n":"10147","nm":"PASTOR GILBERTO COSTA","cc":"REPUBLICANOS","nv":" ","e":"s","st":"Eleito","dvt":"V\u00e1lido","vap":"1141","pvap":"   1,24"},{"seq":"246","sqcand":"140001003855","n":"77499","nm":"PROFESSORA ANGELA","cc":"SOLIDARIEDADE","nv":" ","e":"n","st":"N\u00e3o eleito","dvt":"V\u00e1lido","vap":"34","pvap":"   0,04"},{"seq":"156","sqcand":"140001236544","n":"12812","nm":"WANESSA SILVA","cc":"PDT","nv":" ","e":"n","st":"Suplente","dvt":"V\u00e1lido","vap":"0","pvap":"00.00"},{"seq":"45","sqcand":"140001142894","n":"15456","nm":"FANTA","cc":"MDB","nv":" ","e":"n","st":"Suplente","dvt":"V\u00e1lido","vap":"640","pvap":"   0,69"},{"seq":"25","sqcand":"140001142902","n":"15150","nm":"ELTOM MAUES","cc":"MDB","nv":" ","e":"n","st":"Suplente","dvt":"V\u00e1lido","vap":"972","pvap":"   1,05"},{"seq":"29","sqcand":"140000861698","n":"22000","nm":"AFONSO SARGES","cc":"PL","nv":" ","e":"n","st":"Suplente","dvt":"V\u00e1lido","vap":"907","pvap":"   0,98"},{"seq":"30","sqcand":"140001142896","n":"15678","nm":"MARCIO BARRETO","cc":"MDB","nv":" ","e":"n","st":"Suplente","dvt":"V\u00e1lido","vap":"898","pvap":"   0,97"},{"seq":"245","sqcand":"140000933517","n":"70555","nm":"FRANCISCO CHIQUINHO","cc":"AVANTE","nv":" ","e":"n","st":"N\u00e3o eleito","dvt":"V\u00e1lido","vap":"36","pvap":"   0,04"},{"seq":"208","sqcand":"140000999763","n":"25125","nm":"NAZILDO PANTOJA","cc":"DEM","nv":" ","e":"n","st":"N\u00e3o eleito","dvt":"V\u00e1lido","vap":"117","pvap":"   0,13"},{"seq":"138","sqcand":"140000863772","n":"50222","nm":"\u00c9RICA FAGUNDES","cc":"PSOL","nv":" ","e":"n","st":"Suplente","dvt":"V\u00e1lido","vap":"14","pvap":"   0,02"},{"seq":"139","sqcand":"140000861704","n":"22622","nm":"UILSO DIOGO","cc":"PL","nv":" ","e":"n","st":"Suplente","dvt":"V\u00e1lido","vap":"13","pvap":"   0,01"},{"seq":"228","sqcand":"140000933496","n":"70610","nm":"PROF CARITA","cc":"AVANTE","nv":" ","e":"n","st":"N\u00e3o eleito","dvt":"Anulado sub judice","vap":"62","pvap":"   0,07"},{"seq":"113","sqcand":"140000863761","n":"50789","nm":"CARLINHO","cc":"PSOL","nv":" ","e":"n","st":"Suplente","dvt":"V\u00e1lido","vap":"53","pvap":"   0,06"},{"seq":"106","sqcand":"140001037782","n":"55055","nm":"CRISTIANO COELHO","cc":"PSD","nv":" ","e":"n","st":"Suplente","dvt":"V\u00e1lido","vap":"71","pvap":"   0,08"},{"seq":"44","sqcand":"140001263081","n":"55555","nm":"ARA\u00daJO","cc":"PSD","nv":" ","e":"n","st":"Suplente","dvt":"V\u00e1lido","vap":"641","pvap":"   0,69"},{"seq":"46","sqcand":"140001226527","n":"13333","nm":"NALDO","cc":"PT","nv":" ","e":"n","st":"Suplente","dvt":"V\u00e1lido","vap":"592","pvap":"   0,64"},{"seq":"184","sqcand":"140000854790","n":"20244","nm":"RODRIGO NERY","cc":"PSC","nv":" ","e":"n","st":"N\u00e3o eleito","dvt":"V\u00e1lido","vap":"214","pvap":"   0,23"},{"seq":"214","sqcand":"140000999753","n":"25020","nm":"CLAUDIO SANTOS","cc":"DEM","nv":" ","e":"n","st":"N\u00e3o eleito","dvt":"V\u00e1lido","vap":"100","pvap":"   0,11"},{"seq":"222","sqcand":"140001226526","n":"13789","nm":"VALCI MARTINS","cc":"PT","nv":" ","e":"n","st":"N\u00e3o eleito","dvt":"Anulado sub judice","vap":"75","pvap":"   0,08"},{"seq":"269","sqcand":"140000999772","n":"25000","nm":"NENA","cc":"DEM","nv":" ","e":"n","st":"N\u00e3o eleito","dvt":"V\u00e1lido","vap":"17","pvap":"   0,02"},{"seq":"261","sqcand":"140000923463","n":"23777","nm":"FERNANDO SEGURAN\u00c7A","cc":"CIDADANIA","nv":" ","e":"n","st":"N\u00e3o eleito","dvt":"V\u00e1lido","vap":"22","pvap":"   0,02"},{"seq":"213","sqcand":"140000923473","n":"23010","nm":"RAIMUNDA SAGICA","cc":"CIDADANIA","nv":" ","e":"n","st":"N\u00e3o eleito","dvt":"V\u00e1lido","vap":"103","pvap":"   0,11"},{"seq":"201","sqcand":"140001254733","n":"40444","nm":"MANOEL SOARES","cc":"PSB","nv":" ","e":"n","st":"N\u00e3o eleito","dvt":"V\u00e1lido","vap":"132","pvap":"   0,14"},{"seq":"224","sqcand":"140000933506","n":"70023","nm":"MANOEL CHUCHU","cc":"AVANTE","nv":" ","e":"n","st":"N\u00e3o eleito","dvt":"V\u00e1lido","vap":"71","pvap":"   0,08"},{"seq":"75","sqcand":"140001236535","n":"12555","nm":"RAIMUNDO DA ARENA","cc":"PDT","nv":" ","e":"n","st":"Suplente","dvt":"V\u00e1lido","vap":"207","pvap":"   0,22"},{"seq":"203","sqcand":"140000923464","n":"23877","nm":"MESSIAS AMARAL","cc":"CIDADANIA","nv":" ","e":"n","st":"N\u00e3o eleito","dvt":"V\u00e1lido","vap":"128","pvap":"   0,14"},{"seq":"293","sqcand":"140001226528","n":"13813","nm":"PASTOR MAX","cc":"PT","nv":" ","e":"n","st":"N\u00e3o eleito","dvt":"Anulado sub judice","vap":"1","pvap":"   0,00"},{"seq":"85","sqcand":"140001135986","n":"43333","nm":"JAJ\u00c1 CORR\u00caA","cc":"PV","nv":" ","e":"n","st":"Suplente","dvt":"V\u00e1lido","vap":"133","pvap":"   0,14"},{"seq":"65","sqcand":"140000863762","n":"50321","nm":"D\u00caNIS MY FRIEND","cc":"PSOL","nv":" ","e":"n","st":"Suplente","dvt":"V\u00e1lido","vap":"289","pvap":"   0,31"},{"seq":"117","sqcand":"140001236541","n":"12025","nm":"IZIANE DOS TECLADOS \u00b4(PRETA)","cc":"PDT","nv":" ","e":"n","st":"Suplente","dvt":"V\u00e1lido","vap":"48","pvap":"   0,05"},{"seq":"14","sqcand":"140000879666","n":"45120","nm":"SOTERIO FAGUNDES","cc":"PSDB","nv":" ","e":"s","st":"Eleito","dvt":"V\u00e1lido","vap":"1119","pvap":"   1,21"},{"seq":"254","sqcand":"140001254739","n":"40022","nm":"MADALENA","cc":"PSB","nv":" ","e":"n","st":"N\u00e3o eleito","dvt":"V\u00e1lido","vap":"27","pvap":"   0,03"},{"seq":"84","sqcand":"140000861701","n":"22880","nm":"M\u00c1RCIO COSTA","cc":"PL","nv":" ","e":"n","st":"Suplente","dvt":"V\u00e1lido","vap":"133","pvap":"   0,14"},{"seq":"295","sqcand":"140000999764","n":"25239","nm":"PATRICIA MIRANDA","cc":"DEM","nv":" ","e":"n","st":"N\u00e3o eleito","dvt":"V\u00e1lido","vap":"1","pvap":"   0,00"},{"seq":"149","sqcand":"140001037786","n":"55212","nm":"GEOVANA FERREIRA","cc":"PSD","nv":" ","e":"n","st":"Suplente","dvt":"V\u00e1lido","vap":"3","pvap":"   0,00"},{"seq":"294","sqcand":"140001273687","n":"23610","nm":"LIVIA QUEIROZ","cc":"CIDADANIA","nv":" ","e":"n","st":"N\u00e3o eleito","dvt":"V\u00e1lido","vap":"1","pvap":"   0,00"},{"seq":"94","sqcand":"140000879680","n":"45888","nm":"DUDA NEREIDY","cc":"PSDB","nv":" ","e":"n","st":"Suplente","dvt":"V\u00e1lido","vap":"95","pvap":"   0,10"},{"seq":"77","sqcand":"140000863760","n":"50007","nm":"M\u00c1RCIO EM\u00cdLIO ","cc":"PSOL","nv":" ","e":"n","st":"Suplente","dvt":"V\u00e1lido","vap":"201","pvap":"   0,22"},{"seq":"180","sqcand":"140001254737","n":"40365","nm":"N\u00c9IA ABDON","cc":"PSB","nv":" ","e":"n","st":"N\u00e3o eleito","dvt":"V\u00e1lido","vap":"246","pvap":"   0,27"},{"seq":"92","sqcand":"140000861691","n":"22147","nm":"MARCOS BA\u00cdA","cc":"PL","nv":" ","e":"n","st":"Suplente","dvt":"V\u00e1lido","vap":"101","pvap":"   0,11"},{"seq":"21","sqcand":"140000879663","n":"45678","nm":"SILVANO","cc":"PSDB","nv":" ","e":"n","st":"Suplente","dvt":"V\u00e1lido","vap":"1065","pvap":"   1,15"},{"seq":"99","sqcand":"140001135990","n":"43133","nm":"PROFESSOR EDINHO","cc":"PV","nv":" ","e":"n","st":"Suplente","dvt":"V\u00e1lido","vap":"84","pvap":"   0,09"},{"seq":"176","sqcand":"140000933497","n":"70190","nm":"SGT MARCO ANT\u00d4NIO","cc":"AVANTE","nv":" ","e":"n","st":"N\u00e3o eleito","dvt":"V\u00e1lido","vap":"307","pvap":"   0,33"},{"seq":"52","sqcand":"140000879679","n":"45111","nm":"PAULINHO FERREIRA","cc":"PSDB","nv":" ","e":"n","st":"Suplente","dvt":"V\u00e1lido","vap":"415","pvap":"   0,45"},{"seq":"202","sqcand":"140001003850","n":"77777","nm":"PROFESSORA LEIDE","cc":"SOLIDARIEDADE","nv":" ","e":"n","st":"N\u00e3o eleito","dvt":"V\u00e1lido","vap":"132","pvap":"   0,14"},{"seq":"229","sqcand":"140000923481","n":"23105","nm":"ANE FRANCO","cc":"CIDADANIA","nv":" ","e":"n","st":"N\u00e3o eleito","dvt":"V\u00e1lido","vap":"57","pvap":"   0,06"},{"seq":"60","sqcand":"140001135977","n":"43000","nm":"SARGENTO QUARESMA","cc":"PV","nv":" ","e":"n","st":"Suplente","dvt":"V\u00e1lido","vap":"360","pvap":"   0,39"},{"seq":"143","sqcand":"140000861711","n":"22212","nm":"KAROL","cc":"PL","nv":" ","e":"n","st":"Suplente","dvt":"V\u00e1lido","vap":"9","pvap":"   0,01"},{"seq":"28","sqcand":"140001135975","n":"43777","nm":"DIOGO GUIMAR\u00c3ES","cc":"PV","nv":" ","e":"n","st":"Suplente","dvt":"V\u00e1lido","vap":"922","pvap":"   1,00"},{"seq":"47","sqcand":"140001236542","n":"12312","nm":"HELIO NAHUM","cc":"PDT","nv":" ","e":"n","st":"Suplente","dvt":"V\u00e1lido","vap":"485","pvap":"   0,53"},{"seq":"262","sqcand":"140001239024","n":"14007","nm":"MANOEL MINHOCA","cc":"PTB","nv":" ","e":"n","st":"N\u00e3o eleito","dvt":"V\u00e1lido","vap":"22","pvap":"   0,02"},{"seq":"258","sqcand":"140000923474","n":"23111","nm":"IRM\u00c3O MIQUIMBA","cc":"CIDADANIA","nv":" ","e":"n","st":"N\u00e3o eleito","dvt":"V\u00e1lido","vap":"25","pvap":"   0,03"},{"seq":"101","sqcand":"140001142908","n":"15200","nm":"RITA DA SA\u00daDE","cc":"MDB","nv":" ","e":"n","st":"Suplente","dvt":"V\u00e1lido","vap":"82","pvap":"   0,09"},{"seq":"1","sqcand":"140001142897","n":"15215","nm":"EDINHO DO TRANSPORTE","cc":"MDB","nv":" ","e":"s","st":"Eleito","dvt":"V\u00e1lido","vap":"2685","pvap":"   2,91"},{"seq":"181","sqcand":"140000933500","n":"70007","nm":"INVESTIGADOR CHIC\u00c3O","cc":"AVANTE","nv":" ","e":"n","st":"N\u00e3o eleito","dvt":"V\u00e1lido","vap":"237","pvap":"   0,26"},{"seq":"125","sqcand":"140000861703","n":"22555","nm":"IRM\u00c3 ROSANA","cc":"PL","nv":" ","e":"n","st":"Suplente","dvt":"V\u00e1lido","vap":"28","pvap":"   0,03"},{"seq":"289","sqcand":"140000854801","n":"20111","nm":"PASTOR JOS\u00c9 FILHO","cc":"PSC","nv":" ","e":"n","st":"N\u00e3o eleito","dvt":"V\u00e1lido","vap":"5","pvap":"   0,01"},{"seq":"128","sqcand":"140000861699","n":"22007","nm":"MARCIEL FARIAS","cc":"PL","nv":" ","e":"n","st":"Suplente","dvt":"V\u00e1lido","vap":"26","pvap":"   0,03"},{"seq":"165","sqcand":"140001239020","n":"14567","nm":"IRM\u00c3O MANECO","cc":"PTB","nv":" ","e":"n","st":"N\u00e3o eleito","dvt":"V\u00e1lido","vap":"512","pvap":"   0,55"},{"seq":"191","sqcand":"140001003843","n":"77000","nm":"LEONILSON VALENTE","cc":"SOLIDARIEDADE","nv":" ","e":"n","st":"N\u00e3o eleito","dvt":"V\u00e1lido","vap":"162","pvap":"   0,18"},{"seq":"42","sqcand":"140001142909","n":"15115","nm":"TIO MARIO FILHO","cc":"MDB","nv":" ","e":"n","st":"Suplente","dvt":"V\u00e1lido","vap":"722","pvap":"   0,78"},{"seq":"217","sqcand":"140000999750","n":"25123","nm":"VANDER NOBRE","cc":"DEM","nv":" ","e":"n","st":"N\u00e3o eleito","dvt":"V\u00e1lido","vap":"92","pvap":"   0,10"}]}
