{"ele":"426","tpabr":"mu","cdabr":"04065","carper":"13","t":"1","f":"o","dt":"15/11/2020","ht":"23:02:39","dv":"s","tf":"s","v":"11","esae":"n","mnae":"","s":"57","st":"57","pst":" 100,00","snt":"0","psnt":"   0,00","si":"57","psi":" 100,00","sni":"0","psni":"   0,00","sa":"57","psa":" 100,00","sna":"0","psna":"   0,00","e":"16655","ea":"16655","pea":" 100,00","ena":"0","pena":"   0,00","esi":"16655","pesi":" 100,00","esni":"0","pesni":"   0,00","c":"13817","pc":"  82,96","a":"2838","pa":"  17,04","vscv":"0","vnom":"12626","vl":"794","pvnom":"  94,08","pvl":"   5,92","vvc":"13420","pvvc":"  97,13","vb":"92","pvb":"   0,66","tvn":"305","ptvn":"   2,21","vn":"305","pvn":" 100,00","vnt":"0","pvnt":"   0,00","vp":"0","pvp":"   0,00","vv":"13420","pvv":" 100,00","van":"0","pvan":"   0,00","vansj":"0","pvansj":"   0,00","tv":"13817","cand":[{"seq":"127","sqcand":"140001010588","n":"77777","nm":"RAFAEL AIMOR\u00c9S","cc":"SOLIDARIEDADE","nv":" ","e":"n","st":"N\u00e3o eleito","dvt":"V\u00e1lido","vap":"25","pvap":"   0,19"},{"seq":"109","sqcand":"140000881827","n":"13132","nm":"C\u00cdCERO","cc":"PT","nv":" ","e":"n","st":"N\u00e3o eleito","dvt":"V\u00e1lido","vap":"87","pvap":"   0,65"},{"seq":"23","sqcand":"140001010518","n":"25222","nm":"PROFESSORA ANDR\u00c9IA","cc":"DEM","nv":" ","e":"n","st":"Suplente","dvt":"V\u00e1lido","vap":"206","pvap":"   1,54"},{"seq":"95","sqcand":"140000881855","n":"50007","nm":"DESIREE CARVALHO","cc":"PSOL","nv":" ","e":"n","st":"Suplente","dvt":"V\u00e1lido","vap":"1","pvap":"   0,01"},{"seq":"102","sqcand":"140000881869","n":"50889","nm":"TAIANE","cc":"PSOL","nv":" ","e":"n","st":"Suplente","dvt":"V\u00e1lido","vap":"0","pvap":"00.00"},{"seq":"52","sqcand":"140000721841","n":"20242","nm":"LULU DO 42","cc":"PSC","nv":" ","e":"n","st":"Suplente","dvt":"V\u00e1lido","vap":"59","pvap":"   0,44"},{"seq":"93","sqcand":"140001010524","n":"25226","nm":"ANDREA LIMA","cc":"DEM","nv":" ","e":"n","st":"Suplente","dvt":"V\u00e1lido","vap":"2","pvap":"   0,01"},{"seq":"39","sqcand":"140000721847","n":"20456","nm":"EDIELSON CRUZ","cc":"PSC","nv":" ","e":"n","st":"Suplente","dvt":"V\u00e1lido","vap":"87","pvap":"   0,65"},{"seq":"142","sqcand":"140000881837","n":"13123","nm":"PASTORA CONCEI\u00c7\u00c3O","cc":"PT","nv":" ","e":"n","st":"N\u00e3o eleito","dvt":"V\u00e1lido","vap":"7","pvap":"   0,05"},{"seq":"13","sqcand":"140000913593","n":"15777","nm":"ADRIANA COSTA","cc":"MDB","nv":" ","e":"n","st":"Suplente","dvt":"V\u00e1lido","vap":"311","pvap":"   2,32"},{"seq":"105","sqcand":"140001237118","n":"22222","nm":"ADSON REIS","cc":"PL","nv":" ","e":"n","st":"N\u00e3o eleito","dvt":"V\u00e1lido","vap":"198","pvap":"   1,48"},{"seq":"130","sqcand":"140000881836","n":"13111","nm":"MAURO JAPERICA","cc":"PT","nv":" ","e":"n","st":"N\u00e3o eleito","dvt":"V\u00e1lido","vap":"21","pvap":"   0,16"},{"seq":"104","sqcand":"140001237132","n":"22111","nm":"PRETINHO","cc":"PL","nv":" ","e":"n","st":"N\u00e3o eleito","dvt":"V\u00e1lido","vap":"259","pvap":"   1,93"},{"seq":"16","sqcand":"140001094190","n":"12123","nm":"L\u00da DO NEY","cc":"PDT","nv":" ","e":"n","st":"Suplente","dvt":"V\u00e1lido","vap":"257","pvap":"   1,92"},{"seq":"135","sqcand":"140000881823","n":"13555","nm":"PASTOR MONGOL","cc":"PT","nv":" ","e":"n","st":"N\u00e3o eleito","dvt":"V\u00e1lido","vap":"13","pvap":"   0,10"},{"seq":"31","sqcand":"140000913632","n":"40196","nm":"ALACID MAIA","cc":"PSB","nv":" ","e":"n","st":"Suplente","dvt":"V\u00e1lido","vap":"117","pvap":"   0,87"},{"seq":"74","sqcand":"140000913635","n":"40007","nm":"RITA MARIA","cc":"PSB","nv":" ","e":"n","st":"Suplente","dvt":"V\u00e1lido","vap":"20","pvap":"   0,15"},{"seq":"87","sqcand":"140001010516","n":"25333","nm":"LARA RUSSANA","cc":"DEM","nv":" ","e":"n","st":"Suplente","dvt":"V\u00e1lido","vap":"5","pvap":"   0,04"},{"seq":"120","sqcand":"140001237183","n":"22220","nm":"EDINEI SILVA","cc":"PL","nv":" ","e":"n","st":"N\u00e3o eleito","dvt":"V\u00e1lido","vap":"38","pvap":"   0,28"},{"seq":"136","sqcand":"140001236903","n":"22777","nm":"JOELMA","cc":"PL","nv":" ","e":"n","st":"N\u00e3o eleito","dvt":"V\u00e1lido","vap":"12","pvap":"   0,09"},{"seq":"48","sqcand":"140000881862","n":"50456","nm":"MARCOS GUIMAR\u00c3ES","cc":"PSOL","nv":" ","e":"n","st":"Suplente","dvt":"V\u00e1lido","vap":"66","pvap":"   0,49"},{"seq":"85","sqcand":"140000881858","n":"50555","nm":"PROFESSOR TONY","cc":"PSOL","nv":" ","e":"n","st":"Suplente","dvt":"V\u00e1lido","vap":"5","pvap":"   0,04"},{"seq":"26","sqcand":"140001094357","n":"10222","nm":"PEIXE JAPERICA","cc":"REPUBLICANOS","nv":" ","e":"n","st":"Suplente","dvt":"V\u00e1lido","vap":"152","pvap":"   1,13"},{"seq":"65","sqcand":"140000721849","n":"20123","nm":"PROFESSORA BERENICE","cc":"PSC","nv":" ","e":"n","st":"Suplente","dvt":"V\u00e1lido","vap":"32","pvap":"   0,24"},{"seq":"143","sqcand":"140000881738","n":"65432","nm":"JOYCE RENARA","cc":"PC do B","nv":" ","e":"n","st":"N\u00e3o eleito","dvt":"V\u00e1lido","vap":"7","pvap":"   0,05"},{"seq":"121","sqcand":"140001010590","n":"77012","nm":"MARCILIO","cc":"SOLIDARIEDADE","nv":" ","e":"n","st":"N\u00e3o eleito","dvt":"V\u00e1lido","vap":"35","pvap":"   0,26"},{"seq":"149","sqcand":"140000881831","n":"13999","nm":"ROSANA CARAXI\u00d3","cc":"PT","nv":" ","e":"n","st":"N\u00e3o eleito","dvt":"V\u00e1lido","vap":"2","pvap":"   0,01"},{"seq":"68","sqcand":"140000913594","n":"15456","nm":"LUCIA COSTA","cc":"MDB","nv":" ","e":"n","st":"Suplente","dvt":"V\u00e1lido","vap":"26","pvap":"   0,19"},{"seq":"75","sqcand":"140000721844","n":"20345","nm":"VILMA SENA","cc":"PSC","nv":" ","e":"n","st":"Suplente","dvt":"V\u00e1lido","vap":"19","pvap":"   0,14"},{"seq":"86","sqcand":"140000913631","n":"40240","nm":"CHISCHERLE","cc":"PSB","nv":" ","e":"n","st":"Suplente","dvt":"V\u00e1lido","vap":"5","pvap":"   0,04"},{"seq":"70","sqcand":"140000913621","n":"40500","nm":"RAYLSON DIAS","cc":"PSB","nv":" ","e":"n","st":"Suplente","dvt":"V\u00e1lido","vap":"26","pvap":"   0,19"},{"seq":"56","sqcand":"140001094184","n":"12888","nm":"GARRAFA","cc":"PDT","nv":" ","e":"n","st":"Suplente","dvt":"V\u00e1lido","vap":"47","pvap":"   0,35"},{"seq":"43","sqcand":"140001010526","n":"25007","nm":"J\u00daNIOR DA FARM\u00c1CIA","cc":"DEM","nv":" ","e":"n","st":"Suplente","dvt":"V\u00e1lido","vap":"84","pvap":"   0,63"},{"seq":"20","sqcand":"140000913601","n":"15555","nm":"MANOEL JAPERICA","cc":"MDB","nv":" ","e":"n","st":"Suplente","dvt":"V\u00e1lido","vap":"235","pvap":"   1,75"},{"seq":"71","sqcand":"140001010523","n":"25129","nm":"M\u00c3E RITA","cc":"DEM","nv":" ","e":"n","st":"Suplente","dvt":"V\u00e1lido","vap":"26","pvap":"   0,19"},{"seq":"79","sqcand":"140001094181","n":"12321","nm":"FERNANDO DA PARADA","cc":"PDT","nv":" ","e":"n","st":"Suplente","dvt":"V\u00e1lido","vap":"13","pvap":"   0,10"},{"seq":"128","sqcand":"140000881743","n":"65333","nm":"RIBAMAR ACS","cc":"PC do B","nv":" ","e":"n","st":"N\u00e3o eleito","dvt":"V\u00e1lido","vap":"24","pvap":"   0,18"},{"seq":"148","sqcand":"140000881740","n":"65444","nm":"BITECO","cc":"PC do B","nv":" ","e":"n","st":"N\u00e3o eleito","dvt":"V\u00e1lido","vap":"3","pvap":"   0,02"},{"seq":"10","sqcand":"140000721836","n":"20333","nm":"DENIS DO SAMU","cc":"PSC","nv":" ","e":"s","st":"Eleito","dvt":"V\u00e1lido","vap":"243","pvap":"   1,81"},{"seq":"46","sqcand":"140000913620","n":"40444","nm":"SAMARENI","cc":"PSB","nv":" ","e":"n","st":"Suplente","dvt":"V\u00e1lido","vap":"72","pvap":"   0,54"},{"seq":"151","sqcand":"140001266214","n":"65321","nm":"DIANE REIS","cc":"PC do B","nv":" ","e":"n","st":"N\u00e3o eleito","dvt":"V\u00e1lido","vap":"0","pvap":"00.00"},{"seq":"100","sqcand":"140001261732","n":"10912","nm":"MARIA DO CRUZEIRO","cc":"REPUBLICANOS","nv":" ","e":"n","st":"Suplente","dvt":"V\u00e1lido","vap":"0","pvap":"00.00"},{"seq":"80","sqcand":"140000721846","n":"20133","nm":"F\u00c1TIMA DIAS","cc":"PSC","nv":" ","e":"n","st":"Suplente","dvt":"V\u00e1lido","vap":"11","pvap":"   0,08"},{"seq":"72","sqcand":"140000881867","n":"50221","nm":"ALMIR DA FRUTEIRA","cc":"PSOL","nv":" ","e":"n","st":"Suplente","dvt":"V\u00e1lido","vap":"25","pvap":"   0,19"},{"seq":"125","sqcand":"140001267581","n":"77888","nm":"EDSON MOTO TAXI","cc":"SOLIDARIEDADE","nv":" ","e":"n","st":"N\u00e3o eleito","dvt":"V\u00e1lido","vap":"26","pvap":"   0,19"},{"seq":"5","sqcand":"140001010519","n":"25555","nm":"AUGUSTO ABUD","cc":"DEM","nv":" ","e":"s","st":"Eleito","dvt":"V\u00e1lido","vap":"347","pvap":"   2,59"},{"seq":"27","sqcand":"140001010525","n":"25000","nm":"FABIANO DA GASPER","cc":"DEM","nv":" ","e":"n","st":"Suplente","dvt":"V\u00e1lido","vap":"149","pvap":"   1,11"},{"seq":"41","sqcand":"140001094359","n":"10123","nm":"PROFESSOR ARMANDO","cc":"REPUBLICANOS","nv":" ","e":"n","st":"Suplente","dvt":"V\u00e1lido","vap":"85","pvap":"   0,63"},{"seq":"49","sqcand":"140001094189","n":"12444","nm":"MIRIAM","cc":"PDT","nv":" ","e":"n","st":"Suplente","dvt":"V\u00e1lido","vap":"64","pvap":"   0,48"},{"seq":"84","sqcand":"140000721838","n":"20555","nm":"MARTA ACS","cc":"PSC","nv":" ","e":"n","st":"Suplente","dvt":"V\u00e1lido","vap":"6","pvap":"   0,04"},{"seq":"18","sqcand":"140001094360","n":"10000","nm":"IRANILSON DO QUARENTA E DOIS","cc":"REPUBLICANOS","nv":" ","e":"n","st":"Suplente","dvt":"V\u00e1lido","vap":"251","pvap":"   1,87"},{"seq":"42","sqcand":"140001094353","n":"10010","nm":"ARNALDO DA PARADA","cc":"REPUBLICANOS","nv":" ","e":"n","st":"Suplente","dvt":"V\u00e1lido","vap":"85","pvap":"   0,63"},{"seq":"139","sqcand":"140000881739","n":"65666","nm":"AGACIR","cc":"PC do B","nv":" ","e":"n","st":"N\u00e3o eleito","dvt":"V\u00e1lido","vap":"9","pvap":"   0,07"},{"seq":"103","sqcand":"140001261733","n":"10300","nm":"RAQUEL DA PROEVIA","cc":"REPUBLICANOS","nv":" ","e":"n","st":"Suplente","dvt":"V\u00e1lido","vap":"0","pvap":"00.00"},{"seq":"67","sqcand":"140000913604","n":"15333","nm":"ISAIAS DE JESUS","cc":"MDB","nv":" ","e":"n","st":"Suplente","dvt":"V\u00e1lido","vap":"29","pvap":"   0,22"},{"seq":"19","sqcand":"140000913596","n":"15611","nm":"CARLOS NAZAR\u00c9","cc":"MDB","nv":" ","e":"n","st":"Suplente","dvt":"V\u00e1lido","vap":"236","pvap":"   1,76"},{"seq":"69","sqcand":"140000721845","n":"20888","nm":"PROFESSOR ODAIR","cc":"PSC","nv":" ","e":"n","st":"Suplente","dvt":"V\u00e1lido","vap":"26","pvap":"   0,19"},{"seq":"91","sqcand":"140000721840","n":"20222","nm":"PAULO GARCIA BALA","cc":"PSC","nv":" ","e":"n","st":"Suplente","dvt":"V\u00e1lido","vap":"2","pvap":"   0,01"},{"seq":"82","sqcand":"140001094187","n":"12456","nm":"PASTORZINHO","cc":"PDT","nv":" ","e":"n","st":"Suplente","dvt":"V\u00e1lido","vap":"11","pvap":"   0,08"},{"seq":"64","sqcand":"140000913627","n":"40222","nm":"AMARILDO DE JAPERICA","cc":"PSB","nv":" ","e":"n","st":"Suplente","dvt":"V\u00e1lido","vap":"33","pvap":"   0,25"},{"seq":"129","sqcand":"140000881744","n":"65888","nm":"TONARA","cc":"PC do B","nv":" ","e":"n","st":"N\u00e3o eleito","dvt":"V\u00e1lido","vap":"21","pvap":"   0,16"},{"seq":"58","sqcand":"140001094354","n":"10999","nm":"ALFONSO VERDUREIRO","cc":"REPUBLICANOS","nv":" ","e":"n","st":"Suplente","dvt":"V\u00e1lido","vap":"42","pvap":"   0,31"},{"seq":"147","sqcand":"140000881829","n":"13666","nm":"GECA DA BOSCOLANDIA","cc":"PT","nv":" ","e":"n","st":"N\u00e3o eleito","dvt":"V\u00e1lido","vap":"3","pvap":"   0,02"},{"seq":"97","sqcand":"140001266215","n":"10321","nm":"ESTER","cc":"REPUBLICANOS","nv":" ","e":"n","st":"Suplente","dvt":"V\u00e1lido","vap":"0","pvap":"00.00"},{"seq":"124","sqcand":"140001010593","n":"77234","nm":"RUBENS DA COCA COLA","cc":"SOLIDARIEDADE","nv":" ","e":"n","st":"N\u00e3o eleito","dvt":"V\u00e1lido","vap":"31","pvap":"   0,23"},{"seq":"40","sqcand":"140000721842","n":"20111","nm":"PASTOR EDMILSON","cc":"PSC","nv":" ","e":"n","st":"Suplente","dvt":"V\u00e1lido","vap":"85","pvap":"   0,63"},{"seq":"3","sqcand":"140000913599","n":"15000","nm":"DAGA","cc":"MDB","nv":" ","e":"s","st":"Eleito","dvt":"V\u00e1lido","vap":"381","pvap":"   2,84"},{"seq":"113","sqcand":"140000881835","n":"13234","nm":"MONICA DO PATAU\u00c1","cc":"PT","nv":" ","e":"n","st":"N\u00e3o eleito","dvt":"V\u00e1lido","vap":"67","pvap":"   0,50"},{"seq":"62","sqcand":"140001094364","n":"10333","nm":"ROSINHA CONSELHEIRA","cc":"REPUBLICANOS","nv":" ","e":"n","st":"Suplente","dvt":"V\u00e1lido","vap":"36","pvap":"   0,27"},{"seq":"99","sqcand":"140000881863","n":"50501","nm":"NEIDE","cc":"PSOL","nv":" ","e":"n","st":"Suplente","dvt":"V\u00e1lido","vap":"0","pvap":"00.00"},{"seq":"115","sqcand":"140001170728","n":"22190","nm":"SGT WILSON","cc":"PL","nv":" ","e":"n","st":"N\u00e3o eleito","dvt":"V\u00e1lido","vap":"53","pvap":"   0,39"},{"seq":"32","sqcand":"140000913605","n":"15111","nm":"PRETO BEIRAD\u00c3O","cc":"MDB","nv":" ","e":"n","st":"Suplente","dvt":"V\u00e1lido","vap":"116","pvap":"   0,86"},{"seq":"96","sqcand":"140001010514","n":"25801","nm":"J\u00daLIO CESAR","cc":"DEM","nv":" ","e":"n","st":"Suplente","dvt":"V\u00e1lido","vap":"0","pvap":"00.00"},{"seq":"138","sqcand":"140001010589","n":"77555","nm":"NAZA LARANJAL","cc":"SOLIDARIEDADE","nv":" ","e":"n","st":"N\u00e3o eleito","dvt":"V\u00e1lido","vap":"10","pvap":"   0,07"},{"seq":"59","sqcand":"140000913626","n":"40105","nm":"REALENGO","cc":"PSB","nv":" ","e":"n","st":"Suplente","dvt":"V\u00e1lido","vap":"41","pvap":"   0,31"},{"seq":"29","sqcand":"140001094191","n":"12345","nm":"ANA DO NALDO","cc":"PDT","nv":" ","e":"n","st":"Suplente","dvt":"V\u00e1lido","vap":"124","pvap":"   0,92"},{"seq":"45","sqcand":"140000913630","n":"40555","nm":"VALDEMIR HOLANDA","cc":"PSB","nv":" ","e":"n","st":"Suplente","dvt":"V\u00e1lido","vap":"74","pvap":"   0,55"},{"seq":"11","sqcand":"140000881865","n":"50222","nm":"ROBSON DA P\u00c1 MEC\u00c2NICA ","cc":"PSOL","nv":" ","e":"s","st":"Eleito","dvt":"V\u00e1lido","vap":"162","pvap":"   1,21"},{"seq":"117","sqcand":"140000881826","n":"13444","nm":"DI MENOR","cc":"PT","nv":" ","e":"n","st":"N\u00e3o eleito","dvt":"V\u00e1lido","vap":"41","pvap":"   0,31"},{"seq":"90","sqcand":"140001010521","n":"25133","nm":"MICHELE SANTOS","cc":"DEM","nv":" ","e":"n","st":"Suplente","dvt":"V\u00e1lido","vap":"3","pvap":"   0,02"},{"seq":"150","sqcand":"140001237182","n":"22666","nm":"CRIS","cc":"PL","nv":" ","e":"n","st":"N\u00e3o eleito","dvt":"V\u00e1lido","vap":"2","pvap":"   0,01"},{"seq":"7","sqcand":"140001094185","n":"12333","nm":"ELIELSON GUIMAR\u00c3ES","cc":"PDT","nv":" ","e":"s","st":"Eleito","dvt":"V\u00e1lido","vap":"325","pvap":"   2,42"},{"seq":"108","sqcand":"140000881838","n":"13345","nm":"NITA DO CONJUNTO","cc":"PT","nv":" ","e":"n","st":"N\u00e3o eleito","dvt":"V\u00e1lido","vap":"115","pvap":"   0,86"},{"seq":"6","sqcand":"140001010515","n":"25123","nm":"ISAAC TAXISTA","cc":"DEM","nv":" ","e":"s","st":"Eleito","dvt":"V\u00e1lido","vap":"334","pvap":"   2,49"},{"seq":"38","sqcand":"140000913595","n":"15123","nm":"DICO MAIA","cc":"MDB","nv":" ","e":"n","st":"Suplente","dvt":"V\u00e1lido","vap":"94","pvap":"   0,70"},{"seq":"110","sqcand":"140000881825","n":"13222","nm":"WILSON INAJ\u00c1","cc":"PT","nv":" ","e":"n","st":"N\u00e3o eleito","dvt":"V\u00e1lido","vap":"83","pvap":"   0,62"},{"seq":"57","sqcand":"140001094182","n":"12122","nm":"SASA","cc":"PDT","nv":" ","e":"n","st":"Suplente","dvt":"V\u00e1lido","vap":"43","pvap":"   0,32"},{"seq":"60","sqcand":"140001094366","n":"10777","nm":"LUIZ ENFERMEIRO","cc":"REPUBLICANOS","nv":" ","e":"n","st":"Suplente","dvt":"V\u00e1lido","vap":"41","pvap":"   0,31"},{"seq":"50","sqcand":"140000721835","n":"20777","nm":"PROFESSOR NAHILTON","cc":"PSC","nv":" ","e":"n","st":"Suplente","dvt":"V\u00e1lido","vap":"62","pvap":"   0,46"},{"seq":"30","sqcand":"140000881859","n":"50800","nm":"ALAN AMORIM","cc":"PSOL","nv":" ","e":"n","st":"Suplente","dvt":"V\u00e1lido","vap":"124","pvap":"   0,92"},{"seq":"106","sqcand":"140001010592","n":"77321","nm":"NEI DO QUARENTA","cc":"SOLIDARIEDADE","nv":" ","e":"n","st":"N\u00e3o eleito","dvt":"V\u00e1lido","vap":"135","pvap":"   1,01"},{"seq":"66","sqcand":"140000881856","n":"50300","nm":"PROFESSORA PATRICIA FURTADO","cc":"PSOL","nv":" ","e":"n","st":"Suplente","dvt":"V\u00e1lido","vap":"32","pvap":"   0,24"},{"seq":"63","sqcand":"140000913622","n":"40333","nm":"IRM\u00c3 PRISCILA","cc":"PSB","nv":" ","e":"n","st":"Suplente","dvt":"V\u00e1lido","vap":"36","pvap":"   0,27"},{"seq":"126","sqcand":"140000881828","n":"13000","nm":"ROSENDO SANTA LUZIA","cc":"PT","nv":" ","e":"n","st":"N\u00e3o eleito","dvt":"V\u00e1lido","vap":"25","pvap":"   0,19"},{"seq":"8","sqcand":"140000913591","n":"15999","nm":"DR ORLANDO BRITO","cc":"MDB","nv":" ","e":"s","st":"Eleito","dvt":"V\u00e1lido","vap":"316","pvap":"   2,35"},{"seq":"25","sqcand":"140000881861","n":"50100","nm":"PROFESSOR DUDA","cc":"PSOL","nv":" ","e":"n","st":"Suplente","dvt":"V\u00e1lido","vap":"155","pvap":"   1,15"},{"seq":"4","sqcand":"140001094362","n":"10888","nm":"PELADO PIRABAS","cc":"REPUBLICANOS","nv":" ","e":"s","st":"Eleito","dvt":"V\u00e1lido","vap":"363","pvap":"   2,70"},{"seq":"118","sqcand":"140000881737","n":"65777","nm":"TIAGUINHO","cc":"PC do B","nv":" ","e":"n","st":"N\u00e3o eleito","dvt":"V\u00e1lido","vap":"40","pvap":"   0,30"},{"seq":"98","sqcand":"140000913602","n":"15444","nm":"JAIR BOM INTENTO","cc":"MDB","nv":" ","e":"n","st":"Suplente","dvt":"V\u00e1lido","vap":"0","pvap":"00.00"},{"seq":"76","sqcand":"140000913628","n":"40111","nm":"MAMADO DE SANTA LUZIA","cc":"PSB","nv":" ","e":"n","st":"Suplente","dvt":"V\u00e1lido","vap":"17","pvap":"   0,13"},{"seq":"12","sqcand":"140001010512","n":"25025","nm":"ARTUR FERNANDES","cc":"DEM","nv":" ","e":"n","st":"Suplente","dvt":"V\u00e1lido","vap":"328","pvap":"   2,44"},{"seq":"47","sqcand":"140001094363","n":"10666","nm":"LUCIA MAIA","cc":"REPUBLICANOS","nv":" ","e":"n","st":"Suplente","dvt":"V\u00e1lido","vap":"67","pvap":"   0,50"},{"seq":"101","sqcand":"140000913600","n":"15789","nm":"SUZILENE FARIAS","cc":"MDB","nv":" ","e":"n","st":"Suplente","dvt":"V\u00e1lido","vap":"0","pvap":"00.00"},{"seq":"51","sqcand":"140000721839","n":"20999","nm":"IRM\u00c3O MARCOS","cc":"PSC","nv":" ","e":"n","st":"Suplente","dvt":"V\u00e1lido","vap":"61","pvap":"   0,45"},{"seq":"77","sqcand":"140000913625","n":"40122","nm":"PRETA DA DONA IZAURA","cc":"PSB","nv":" ","e":"n","st":"Suplente","dvt":"V\u00e1lido","vap":"16","pvap":"   0,12"},{"seq":"88","sqcand":"140000881866","n":"50234","nm":"BETINHO","cc":"PSOL","nv":" ","e":"n","st":"Suplente","dvt":"V\u00e1lido","vap":"4","pvap":"   0,03"},{"seq":"55","sqcand":"140001094355","n":"10111","nm":"GATO JAPERICA","cc":"REPUBLICANOS","nv":" ","e":"n","st":"Suplente","dvt":"V\u00e1lido","vap":"51","pvap":"   0,38"},{"seq":"131","sqcand":"140000881735","n":"65000","nm":"MIGUEL A\u00c7A\u00cd","cc":"PC do B","nv":" ","e":"n","st":"N\u00e3o eleito","dvt":"V\u00e1lido","vap":"17","pvap":"   0,13"},{"seq":"33","sqcand":"140000721848","n":"20000","nm":"JOELSON DA SKY","cc":"PSC","nv":" ","e":"n","st":"Suplente","dvt":"V\u00e1lido","vap":"111","pvap":"   0,83"},{"seq":"141","sqcand":"140000881732","n":"65222","nm":"ESTRELA","cc":"PC do B","nv":" ","e":"n","st":"N\u00e3o eleito","dvt":"V\u00e1lido","vap":"8","pvap":"   0,06"},{"seq":"54","sqcand":"140001094361","n":"10555","nm":"PEDRO DO ARU","cc":"REPUBLICANOS","nv":" ","e":"n","st":"Suplente","dvt":"V\u00e1lido","vap":"55","pvap":"   0,41"},{"seq":"37","sqcand":"140001010522","n":"25888","nm":"TONIEL PRESS\u00c3O","cc":"DEM","nv":" ","e":"n","st":"Suplente","dvt":"V\u00e1lido","vap":"95","pvap":"   0,71"},{"seq":"140","sqcand":"140001010594","n":"77666","nm":"ALESSANDRA COSTA","cc":"SOLIDARIEDADE","nv":" ","e":"n","st":"N\u00e3o eleito","dvt":"V\u00e1lido","vap":"9","pvap":"   0,07"},{"seq":"94","sqcand":"140001010520","n":"25777","nm":"JUCA SANTOS","cc":"DEM","nv":" ","e":"n","st":"Suplente","dvt":"V\u00e1lido","vap":"1","pvap":"   0,01"},{"seq":"14","sqcand":"140000913597","n":"15888","nm":"BRUNA ENFERMEIRA","cc":"MDB","nv":" ","e":"n","st":"Suplente","dvt":"V\u00e1lido","vap":"273","pvap":"   2,03"},{"seq":"112","sqcand":"140000881741","n":"65111","nm":"AMORIM","cc":"PC do B","nv":" ","e":"n","st":"N\u00e3o eleito","dvt":"V\u00e1lido","vap":"71","pvap":"   0,53"},{"seq":"28","sqcand":"140001010513","n":"25800","nm":"EDSON FONTES","cc":"DEM","nv":" ","e":"n","st":"Suplente","dvt":"V\u00e1lido","vap":"133","pvap":"   0,99"},{"seq":"111","sqcand":"140000881824","n":"13777","nm":"TOM\u00c9 DO PESCADO","cc":"PT","nv":" ","e":"n","st":"N\u00e3o eleito","dvt":"V\u00e1lido","vap":"72","pvap":"   0,54"},{"seq":"114","sqcand":"140000881733","n":"65555","nm":"NETINHO DA VILA","cc":"PC do B","nv":" ","e":"n","st":"N\u00e3o eleito","dvt":"V\u00e1lido","vap":"57","pvap":"   0,42"},{"seq":"21","sqcand":"140001010517","n":"25111","nm":"T\u00c2NIA OLIVEIRA","cc":"DEM","nv":" ","e":"n","st":"Suplente","dvt":"V\u00e1lido","vap":"221","pvap":"   1,65"},{"seq":"145","sqcand":"140001010596","n":"77222","nm":"ANA MELO","cc":"SOLIDARIEDADE","nv":" ","e":"n","st":"N\u00e3o eleito","dvt":"V\u00e1lido","vap":"5","pvap":"   0,04"},{"seq":"123","sqcand":"140000881832","n":"13133","nm":"BATEL\u00c3O","cc":"PT","nv":" ","e":"n","st":"N\u00e3o eleito","dvt":"V\u00e1lido","vap":"34","pvap":"   0,25"},{"seq":"22","sqcand":"140001094365","n":"10620","nm":"RONALDO BELO","cc":"REPUBLICANOS","nv":" ","e":"n","st":"Suplente","dvt":"V\u00e1lido","vap":"213","pvap":"   1,59"},{"seq":"146","sqcand":"140001171177","n":"22888","nm":"EMILIA","cc":"PL","nv":" ","e":"n","st":"N\u00e3o eleito","dvt":"V\u00e1lido","vap":"4","pvap":"   0,03"},{"seq":"17","sqcand":"140000913624","n":"40123","nm":"ELILDE DO SIDI","cc":"PSB","nv":" ","e":"n","st":"Suplente","dvt":"V\u00e1lido","vap":"252","pvap":"   1,88"},{"seq":"119","sqcand":"140000881834","n":"13888","nm":"VERD\u00c3O","cc":"PT","nv":" ","e":"n","st":"N\u00e3o eleito","dvt":"V\u00e1lido","vap":"38","pvap":"   0,28"},{"seq":"133","sqcand":"140001236902","n":"22555","nm":"ARITANA MOTO TAXI","cc":"PL","nv":" ","e":"n","st":"N\u00e3o eleito","dvt":"V\u00e1lido","vap":"15","pvap":"   0,11"},{"seq":"61","sqcand":"140001094186","n":"12000","nm":"L\u00daCIA DO PATAU\u00c1","cc":"PDT","nv":" ","e":"n","st":"Suplente","dvt":"V\u00e1lido","vap":"40","pvap":"   0,30"},{"seq":"36","sqcand":"140001094358","n":"10444","nm":"PROFESSOR EDSON KITA","cc":"REPUBLICANOS","nv":" ","e":"n","st":"Suplente","dvt":"V\u00e1lido","vap":"101","pvap":"   0,75"},{"seq":"122","sqcand":"140001010591","n":"77333","nm":"ALMERINDO TETEL","cc":"SOLIDARIEDADE","nv":" ","e":"n","st":"N\u00e3o eleito","dvt":"V\u00e1lido","vap":"35","pvap":"   0,26"},{"seq":"44","sqcand":"140000881864","n":"50333","nm":"PEDRO DA PARADA","cc":"PSOL","nv":" ","e":"n","st":"Suplente","dvt":"V\u00e1lido","vap":"82","pvap":"   0,61"},{"seq":"107","sqcand":"140001236901","n":"22123","nm":"WILSON CRUZ","cc":"PL","nv":" ","e":"n","st":"N\u00e3o eleito","dvt":"V\u00e1lido","vap":"116","pvap":"   0,86"},{"seq":"116","sqcand":"140001010595","n":"77123","nm":"AROLDO PINTOR","cc":"SOLIDARIEDADE","nv":" ","e":"n","st":"N\u00e3o eleito","dvt":"V\u00e1lido","vap":"45","pvap":"   0,34"},{"seq":"137","sqcand":"140000881742","n":"65123","nm":"EDSON LARANJAL","cc":"PC do B","nv":" ","e":"n","st":"N\u00e3o eleito","dvt":"V\u00e1lido","vap":"11","pvap":"   0,08"},{"seq":"92","sqcand":"140000913592","n":"15678","nm":"FABRICIA ALMEIDA","cc":"MDB","nv":" ","e":"n","st":"Suplente","dvt":"V\u00e1lido","vap":"2","pvap":"   0,01"},{"seq":"1","sqcand":"140001094188","n":"12222","nm":"CELSO JAPERICA","cc":"PDT","nv":" ","e":"s","st":"Eleito","dvt":"V\u00e1lido","vap":"558","pvap":"   4,16"},{"seq":"132","sqcand":"140000881830","n":"13333","nm":"MESSIAS BOA ESPERAN\u00c7A","cc":"PT","nv":" ","e":"n","st":"N\u00e3o eleito","dvt":"V\u00e1lido","vap":"16","pvap":"   0,12"},{"seq":"81","sqcand":"140000913623","n":"40440","nm":"IRM\u00c3 SELMA","cc":"PSB","nv":" ","e":"n","st":"Suplente","dvt":"V\u00e1lido","vap":"11","pvap":"   0,08"},{"seq":"35","sqcand":"140000913634","n":"40777","nm":"CUT\u00da MEC\u00c2NICO","cc":"PSB","nv":" ","e":"n","st":"Suplente","dvt":"V\u00e1lido","vap":"103","pvap":"   0,77"},{"seq":"34","sqcand":"140001262618","n":"40100","nm":"NEN\u00ca DO PATAU\u00c1","cc":"PSB","nv":" ","e":"n","st":"Suplente","dvt":"V\u00e1lido","vap":"107","pvap":"   0,80"},{"seq":"24","sqcand":"140000881857","n":"50000","nm":"DAVI NEG\u00c3O","cc":"PSOL","nv":" ","e":"n","st":"Suplente","dvt":"V\u00e1lido","vap":"156","pvap":"   1,16"},{"seq":"15","sqcand":"140000913633","n":"40888","nm":"WANDO HOLANDA","cc":"PSB","nv":" ","e":"n","st":"Suplente","dvt":"V\u00e1lido","vap":"262","pvap":"   1,95"},{"seq":"134","sqcand":"140000881833","n":"13456","nm":"PROFESSORA NADIR","cc":"PT","nv":" ","e":"n","st":"N\u00e3o eleito","dvt":"V\u00e1lido","vap":"15","pvap":"   0,11"},{"seq":"78","sqcand":"140000721837","n":"20444","nm":"KAROL","cc":"PSC","nv":" ","e":"n","st":"Suplente","dvt":"V\u00e1lido","vap":"15","pvap":"   0,11"},{"seq":"53","sqcand":"140000721843","n":"20166","nm":"BELO","cc":"PSC","nv":" ","e":"n","st":"Suplente","dvt":"V\u00e1lido","vap":"57","pvap":"   0,42"},{"seq":"73","sqcand":"140000881860","n":"50500","nm":"IRM\u00c3 SOCORRO","cc":"PSOL","nv":" ","e":"n","st":"Suplente","dvt":"V\u00e1lido","vap":"20","pvap":"   0,15"},{"seq":"83","sqcand":"140001094183","n":"12999","nm":"ABRAHAM LINCONL","cc":"PDT","nv":" ","e":"n","st":"Suplente","dvt":"V\u00e1lido","vap":"11","pvap":"   0,08"},{"seq":"144","sqcand":"140000881734","n":"65456","nm":"LIBERAL","cc":"PC do B","nv":" ","e":"n","st":"N\u00e3o eleito","dvt":"V\u00e1lido","vap":"5","pvap":"   0,04"},{"seq":"9","sqcand":"140000913629","n":"40000","nm":"MARCOS DO CORREIO","cc":"PSB","nv":" ","e":"s","st":"Eleito","dvt":"V\u00e1lido","vap":"300","pvap":"   2,24"},{"seq":"2","sqcand":"140000913603","n":"15222","nm":"FRANCI DA ARENA BOSCO MOIS\u00c9S","cc":"MDB","nv":" ","e":"s","st":"Eleito","dvt":"V\u00e1lido","vap":"470","pvap":"   3,50"},{"seq":"89","sqcand":"140000881868","n":"50123","nm":"CIVAL DO ABEIRO","cc":"PSOL","nv":" ","e":"n","st":"Suplente","dvt":"V\u00e1lido","vap":"3","pvap":"   0,02"}]}
