{"ele":"426","tpabr":"mu","cdabr":"04073","carper":"13","t":"1","f":"o","dt":"15/11/2020","ht":"22:55:16","dv":"s","tf":"s","v":"15","esae":"n","mnae":"","s":"145","st":"145","pst":" 100,00","snt":"0","psnt":"   0,00","si":"145","psi":" 100,00","sni":"0","psni":"   0,00","sa":"145","psa":" 100,00","sna":"0","psna":"   0,00","e":"37528","ea":"37528","pea":" 100,00","ena":"0","pena":"   0,00","esi":"37528","pesi":" 100,00","esni":"0","pesni":"   0,00","c":"31527","pc":"  84,01","a":"6001","pa":"  15,99","vscv":"0","vnom":"29264","vl":"1572","pvnom":"  94,90","pvl":"   5,10","vvc":"30836","pvvc":"  97,81","vb":"201","pvb":"   0,64","tvn":"490","ptvn":"   1,55","vn":"478","pvn":"  97,55","vnt":"12","pvnt":"   2,45","vp":"0","pvp":"   0,00","vv":"30836","pvv":" 100,00","van":"0","pvan":"   0,00","vansj":"0","pvansj":"   0,00","tv":"31527","cand":[{"seq":"150","sqcand":"140001184138","n":"14222","nm":"NETO DO URUCURITUBA","cc":"PTB","nv":" ","e":"n","st":"N\u00e3o eleito","dvt":"V\u00e1lido","vap":"72","pvap":"   0,23"},{"seq":"22","sqcand":"140000798304","n":"25789","nm":"MARCELO LEIT\u00c3O","cc":"DEM","nv":" ","e":"n","st":"Suplente","dvt":"V\u00e1lido","vap":"427","pvap":"   1,38"},{"seq":"59","sqcand":"140000661622","n":"12222","nm":"VAM MENEZES","cc":"PDT","nv":" ","e":"n","st":"Suplente","dvt":"V\u00e1lido","vap":"134","pvap":"   0,43"},{"seq":"147","sqcand":"140001196729","n":"40622","nm":"MARJEANY MONTE","cc":"PSB","nv":" ","e":"n","st":"N\u00e3o eleito","dvt":"V\u00e1lido","vap":"90","pvap":"   0,29"},{"seq":"95","sqcand":"140000657235","n":"11444","nm":"BETHANIA","cc":"PP","nv":" ","e":"n","st":"Suplente","dvt":"V\u00e1lido","vap":"33","pvap":"   0,11"},{"seq":"205","sqcand":"140001184133","n":"14789","nm":"IEVETE NASCIMENTO","cc":"PTB","nv":" ","e":"n","st":"N\u00e3o eleito","dvt":"V\u00e1lido","vap":"0","pvap":"00.00"},{"seq":"54","sqcand":"140000675979","n":"20500","nm":"IRMAO EZEQUIEL","cc":"PSC","nv":" ","e":"n","st":"Suplente","dvt":"V\u00e1lido","vap":"146","pvap":"   0,47"},{"seq":"104","sqcand":"140001124975","n":"15021","nm":"PROF\u00aa DINAH","cc":"MDB","nv":" ","e":"n","st":"Suplente","dvt":"V\u00e1lido","vap":"25","pvap":"   0,08"},{"seq":"159","sqcand":"140001174308","n":"13513","nm":"TIANE CARDOSO","cc":"PT","nv":" ","e":"n","st":"N\u00e3o eleito","dvt":"V\u00e1lido","vap":"45","pvap":"   0,15"},{"seq":"89","sqcand":"140001246858","n":"22345","nm":"PROFESSORA VALDA","cc":"PL","nv":" ","e":"n","st":"Suplente","dvt":"V\u00e1lido","vap":"38","pvap":"   0,12"},{"seq":"184","sqcand":"140000857544","n":"43007","nm":"PROF WILTON OEDSON","cc":"PV","nv":" ","e":"n","st":"N\u00e3o eleito","dvt":"V\u00e1lido","vap":"16","pvap":"   0,05"},{"seq":"134","sqcand":"140000857538","n":"43500","nm":"J\u00daLIO CORR\u00caA","cc":"PV","nv":" ","e":"n","st":"N\u00e3o eleito","dvt":"V\u00e1lido","vap":"145","pvap":"   0,47"},{"seq":"63","sqcand":"140001246869","n":"22666","nm":"PROFESSOR DENILSON","cc":"PL","nv":" ","e":"n","st":"Suplente","dvt":"V\u00e1lido","vap":"123","pvap":"   0,40"},{"seq":"157","sqcand":"140001174309","n":"13111","nm":"MAIA","cc":"PT","nv":" ","e":"n","st":"N\u00e3o eleito","dvt":"V\u00e1lido","vap":"50","pvap":"   0,16"},{"seq":"188","sqcand":"140001174310","n":"13013","nm":"IVANA CASTRO","cc":"PT","nv":" ","e":"n","st":"N\u00e3o eleito","dvt":"V\u00e1lido","vap":"13","pvap":"   0,04"},{"seq":"206","sqcand":"140000700303","n":"10230","nm":"RUTE","cc":"REPUBLICANOS","nv":" ","e":"n","st":"N\u00e3o eleito","dvt":"V\u00e1lido","vap":"0","pvap":"00.00"},{"seq":"140","sqcand":"140000700300","n":"10123","nm":"PROFESSORA LEO","cc":"REPUBLICANOS","nv":" ","e":"n","st":"N\u00e3o eleito","dvt":"V\u00e1lido","vap":"120","pvap":"   0,39"},{"seq":"41","sqcand":"140001124959","n":"15100","nm":"JOEL ALBUQUERQUE","cc":"MDB","nv":" ","e":"n","st":"Suplente","dvt":"V\u00e1lido","vap":"248","pvap":"   0,80"},{"seq":"40","sqcand":"140000657226","n":"11000","nm":"IVAN MONTEIRO","cc":"PP","nv":" ","e":"n","st":"Suplente","dvt":"V\u00e1lido","vap":"251","pvap":"   0,81"},{"seq":"82","sqcand":"140001246856","n":"22300","nm":"DR JOGLI LEIT\u00c3O","cc":"PL","nv":" ","e":"n","st":"Suplente","dvt":"V\u00e1lido","vap":"48","pvap":"   0,16"},{"seq":"90","sqcand":"140000701315","n":"18900","nm":"RUBENS DO ESCONDIDO","cc":"REDE","nv":" ","e":"n","st":"Suplente","dvt":"V\u00e1lido","vap":"38","pvap":"   0,12"},{"seq":"123","sqcand":"140000853209","n":"25777","nm":"SIMONE","cc":"DEM","nv":" ","e":"n","st":"Suplente","dvt":"V\u00e1lido","vap":"8","pvap":"   0,03"},{"seq":"175","sqcand":"140000700297","n":"10250","nm":"GEORLANDO","cc":"REPUBLICANOS","nv":" ","e":"n","st":"N\u00e3o eleito","dvt":"V\u00e1lido","vap":"24","pvap":"   0,08"},{"seq":"9","sqcand":"140000661627","n":"12345","nm":"XIQUITO","cc":"PDT","nv":" ","e":"s","st":"Eleito","dvt":"V\u00e1lido","vap":"557","pvap":"   1,81"},{"seq":"4","sqcand":"140000675963","n":"20123","nm":"JO\u00c3O CAMBRAIA","cc":"PSC","nv":" ","e":"s","st":"Eleito","dvt":"V\u00e1lido","vap":"700","pvap":"   2,27"},{"seq":"181","sqcand":"140000928600","n":"19011","nm":"NATANAEL AMORIM","cc":"PODE","nv":" ","e":"n","st":"N\u00e3o eleito","dvt":"V\u00e1lido","vap":"18","pvap":"   0,06"},{"seq":"106","sqcand":"140001124966","n":"15444","nm":"PROF\u00aa DO C\u00c9U VALENTE","cc":"MDB","nv":" ","e":"n","st":"Suplente","dvt":"V\u00e1lido","vap":"23","pvap":"   0,07"},{"seq":"164","sqcand":"140000928591","n":"19100","nm":"ROSE CORREA","cc":"PODE","nv":" ","e":"n","st":"N\u00e3o eleito","dvt":"V\u00e1lido","vap":"31","pvap":"   0,10"},{"seq":"198","sqcand":"140000700299","n":"10013","nm":"BONITONA DA JOCA","cc":"REPUBLICANOS","nv":" ","e":"n","st":"N\u00e3o eleito","dvt":"V\u00e1lido","vap":"4","pvap":"   0,01"},{"seq":"197","sqcand":"140001184132","n":"14900","nm":"TOM\u00c9","cc":"PTB","nv":" ","e":"n","st":"N\u00e3o eleito","dvt":"V\u00e1lido","vap":"4","pvap":"   0,01"},{"seq":"200","sqcand":"140001174303","n":"13321","nm":"MISSION\u00c1RIA ROSITA","cc":"PT","nv":" ","e":"n","st":"N\u00e3o eleito","dvt":"V\u00e1lido","vap":"4","pvap":"   0,01"},{"seq":"101","sqcand":"140000701320","n":"18055","nm":"PEDRO DA PADARIA","cc":"REDE","nv":" ","e":"n","st":"Suplente","dvt":"V\u00e1lido","vap":"28","pvap":"   0,09"},{"seq":"5","sqcand":"140000798313","n":"25555","nm":"NETO PILOTO","cc":"DEM","nv":" ","e":"s","st":"Eleito","dvt":"V\u00e1lido","vap":"659","pvap":"   2,14"},{"seq":"97","sqcand":"140000661630","n":"12777","nm":"PINDUCA MEGA SHOW","cc":"PDT","nv":" ","e":"n","st":"Suplente","dvt":"V\u00e1lido","vap":"32","pvap":"   0,10"},{"seq":"6","sqcand":"140001124973","n":"15123","nm":"LA\u00c9RCIO CALDERARO","cc":"MDB","nv":" ","e":"s","st":"Eleito","dvt":"V\u00e1lido","vap":"641","pvap":"   2,08"},{"seq":"108","sqcand":"140000701313","n":"18202","nm":"OS\u00c9IAS BARROSO","cc":"REDE","nv":" ","e":"n","st":"Suplente","dvt":"V\u00e1lido","vap":"23","pvap":"   0,07"},{"seq":"179","sqcand":"140000854554","n":"65111","nm":"JACKSON FERREIRA","cc":"PC do B","nv":" ","e":"n","st":"N\u00e3o eleito","dvt":"V\u00e1lido","vap":"19","pvap":"   0,06"},{"seq":"56","sqcand":"140000675977","n":"20444","nm":"EDILSON COUTINHO","cc":"PSC","nv":" ","e":"n","st":"Suplente","dvt":"V\u00e1lido","vap":"144","pvap":"   0,47"},{"seq":"190","sqcand":"140001196725","n":"40999","nm":"CARECA","cc":"PSB","nv":" ","e":"n","st":"N\u00e3o eleito","dvt":"V\u00e1lido","vap":"9","pvap":"   0,03"},{"seq":"117","sqcand":"140000661619","n":"12999","nm":"MARIA HELENA","cc":"PDT","nv":" ","e":"n","st":"Suplente","dvt":"V\u00e1lido","vap":"14","pvap":"   0,05"},{"seq":"27","sqcand":"140001124962","n":"15500","nm":"JOVELINO","cc":"MDB","nv":" ","e":"n","st":"Suplente","dvt":"V\u00e1lido","vap":"328","pvap":"   1,06"},{"seq":"107","sqcand":"140001246870","n":"22888","nm":"BRENNO PRODUCOES","cc":"PL","nv":" ","e":"n","st":"Suplente","dvt":"V\u00e1lido","vap":"23","pvap":"   0,07"},{"seq":"187","sqcand":"140001196723","n":"40010","nm":"JUNIOR QUEIROZ","cc":"PSB","nv":" ","e":"n","st":"N\u00e3o eleito","dvt":"V\u00e1lido","vap":"14","pvap":"   0,05"},{"seq":"148","sqcand":"140000857539","n":"43106","nm":"JORGINHO","cc":"PV","nv":" ","e":"n","st":"N\u00e3o eleito","dvt":"V\u00e1lido","vap":"86","pvap":"   0,28"},{"seq":"194","sqcand":"140001184142","n":"14254","nm":"MANOEL GALV\u00c3O","cc":"PTB","nv":" ","e":"n","st":"N\u00e3o eleito","dvt":"V\u00e1lido","vap":"7","pvap":"   0,02"},{"seq":"137","sqcand":"140001184135","n":"14020","nm":"CARLINHO DA FARM\u00c1CIA","cc":"PTB","nv":" ","e":"n","st":"N\u00e3o eleito","dvt":"V\u00e1lido","vap":"127","pvap":"   0,41"},{"seq":"83","sqcand":"140000657242","n":"11333","nm":"PROF LUCIA HELENA","cc":"PP","nv":" ","e":"n","st":"Suplente","dvt":"V\u00e1lido","vap":"47","pvap":"   0,15"},{"seq":"46","sqcand":"140000798317","n":"25345","nm":"CLAUDIO REGO","cc":"DEM","nv":" ","e":"n","st":"Suplente","dvt":"V\u00e1lido","vap":"192","pvap":"   0,62"},{"seq":"131","sqcand":"140000928592","n":"19999","nm":"JOS\u00c9 EWERTON MOTA","cc":"PODE","nv":" ","e":"n","st":"N\u00e3o eleito","dvt":"V\u00e1lido","vap":"176","pvap":"   0,57"},{"seq":"151","sqcand":"140001184143","n":"14500","nm":"GORDO DA BARRAGEM","cc":"PTB","nv":" ","e":"n","st":"N\u00e3o eleito","dvt":"V\u00e1lido","vap":"72","pvap":"   0,23"},{"seq":"114","sqcand":"140000661629","n":"12500","nm":"ROSE COSTA","cc":"PDT","nv":" ","e":"n","st":"Suplente","dvt":"V\u00e1lido","vap":"17","pvap":"   0,06"},{"seq":"29","sqcand":"140000798311","n":"25007","nm":"PROF FRANCELIA","cc":"DEM","nv":" ","e":"n","st":"Suplente","dvt":"V\u00e1lido","vap":"309","pvap":"   1,00"},{"seq":"172","sqcand":"140000700305","n":"10111","nm":"GENILSON","cc":"REPUBLICANOS","nv":" ","e":"n","st":"N\u00e3o eleito","dvt":"V\u00e1lido","vap":"26","pvap":"   0,08"},{"seq":"141","sqcand":"140001196730","n":"40123","nm":"PROF. ADIVANILDO","cc":"PSB","nv":" ","e":"n","st":"N\u00e3o eleito","dvt":"V\u00e1lido","vap":"119","pvap":"   0,39"},{"seq":"167","sqcand":"140001196718","n":"40100","nm":"BRENO SANTIAGO","cc":"PSB","nv":" ","e":"n","st":"N\u00e3o eleito","dvt":"V\u00e1lido","vap":"27","pvap":"   0,09"},{"seq":"132","sqcand":"140000700301","n":"10120","nm":"RAIMUNDO PINTO","cc":"REPUBLICANOS","nv":" ","e":"n","st":"N\u00e3o eleito","dvt":"V\u00e1lido","vap":"156","pvap":"   0,51"},{"seq":"178","sqcand":"140001174301","n":"13017","nm":"KLEYDINHO","cc":"PT","nv":" ","e":"n","st":"N\u00e3o eleito","dvt":"V\u00e1lido","vap":"21","pvap":"   0,07"},{"seq":"28","sqcand":"140001124974","n":"15555","nm":"NELSON DOS PESCADORES","cc":"MDB","nv":" ","e":"n","st":"Suplente","dvt":"V\u00e1lido","vap":"319","pvap":"   1,03"},{"seq":"65","sqcand":"140000661616","n":"12123","nm":"JO\u00c3O PAULO MENEZES","cc":"PDT","nv":" ","e":"n","st":"Suplente","dvt":"V\u00e1lido","vap":"116","pvap":"   0,38"},{"seq":"126","sqcand":"140000928596","n":"19123","nm":"PROFESSOR RAIMUNDO","cc":"PODE","nv":" ","e":"n","st":"N\u00e3o eleito","dvt":"V\u00e1lido","vap":"297","pvap":"   0,96"},{"seq":"201","sqcand":"140001174312","n":"13200","nm":"DIOC\u00c9LIO MARLON","cc":"PT","nv":" ","e":"n","st":"N\u00e3o eleito","dvt":"V\u00e1lido","vap":"4","pvap":"   0,01"},{"seq":"109","sqcand":"140000657244","n":"11400","nm":"RAFAEL MAGALHAES","cc":"PP","nv":" ","e":"n","st":"Suplente","dvt":"V\u00e1lido","vap":"22","pvap":"   0,07"},{"seq":"73","sqcand":"140000657229","n":"11900","nm":"TAIARA SOUSA","cc":"PP","nv":" ","e":"n","st":"Suplente","dvt":"V\u00e1lido","vap":"85","pvap":"   0,28"},{"seq":"8","sqcand":"140000675970","n":"20222","nm":"NEGUINHO","cc":"PSC","nv":" ","e":"s","st":"Eleito","dvt":"V\u00e1lido","vap":"604","pvap":"   1,96"},{"seq":"53","sqcand":"140000675968","n":"20800","nm":"LEANDRO","cc":"PSC","nv":" ","e":"n","st":"Suplente","dvt":"V\u00e1lido","vap":"151","pvap":"   0,49"},{"seq":"10","sqcand":"140001124967","n":"15200","nm":"KABICERA","cc":"MDB","nv":" ","e":"s","st":"Eleito","dvt":"V\u00e1lido","vap":"542","pvap":"   1,76"},{"seq":"87","sqcand":"140000798303","n":"25333","nm":"AUZENIR GAZEL","cc":"DEM","nv":" ","e":"n","st":"Suplente","dvt":"V\u00e1lido","vap":"43","pvap":"   0,14"},{"seq":"48","sqcand":"140000701311","n":"18000","nm":"ENFERMEIRA ALDA","cc":"REDE","nv":" ","e":"n","st":"Suplente","dvt":"V\u00e1lido","vap":"166","pvap":"   0,54"},{"seq":"58","sqcand":"140001246868","n":"22555","nm":"PROFESSOR JORGE","cc":"PL","nv":" ","e":"n","st":"Suplente","dvt":"V\u00e1lido","vap":"134","pvap":"   0,43"},{"seq":"18","sqcand":"140000798308","n":"25456","nm":"ARNALDO","cc":"DEM","nv":" ","e":"n","st":"Suplente","dvt":"V\u00e1lido","vap":"501","pvap":"   1,62"},{"seq":"146","sqcand":"140001184139","n":"14115","nm":"M\u00c1RCIA DA BEB\u00c9","cc":"PTB","nv":" ","e":"n","st":"N\u00e3o eleito","dvt":"V\u00e1lido","vap":"94","pvap":"   0,30"},{"seq":"36","sqcand":"140000657230","n":"11100","nm":"MAROLA","cc":"PP","nv":" ","e":"n","st":"Suplente","dvt":"V\u00e1lido","vap":"270","pvap":"   0,88"},{"seq":"162","sqcand":"140000928595","n":"19660","nm":"ALDECY FERREIRA","cc":"PODE","nv":" ","e":"n","st":"N\u00e3o eleito","dvt":"V\u00e1lido","vap":"35","pvap":"   0,11"},{"seq":"189","sqcand":"140000857537","n":"43143","nm":"PROF GILVANNI PATRICIO","cc":"PV","nv":" ","e":"n","st":"N\u00e3o eleito","dvt":"V\u00e1lido","vap":"11","pvap":"   0,04"},{"seq":"80","sqcand":"140000657225","n":"11115","nm":"MONTEIRO","cc":"PP","nv":" ","e":"n","st":"Suplente","dvt":"V\u00e1lido","vap":"53","pvap":"   0,17"},{"seq":"68","sqcand":"140001246854","n":"22456","nm":"CAREQUINHA","cc":"PL","nv":" ","e":"n","st":"Suplente","dvt":"V\u00e1lido","vap":"99","pvap":"   0,32"},{"seq":"100","sqcand":"140000701318","n":"18088","nm":"MARCIA MARTINS","cc":"REDE","nv":" ","e":"n","st":"Suplente","dvt":"V\u00e1lido","vap":"29","pvap":"   0,09"},{"seq":"103","sqcand":"140000661633","n":"12789","nm":"WILDER","cc":"PDT","nv":" ","e":"n","st":"Suplente","dvt":"V\u00e1lido","vap":"28","pvap":"   0,09"},{"seq":"52","sqcand":"140000657243","n":"11007","nm":"PROF OZEIAS","cc":"PP","nv":" ","e":"n","st":"Suplente","dvt":"V\u00e1lido","vap":"152","pvap":"   0,49"},{"seq":"113","sqcand":"140000661625","n":"12013","nm":"ROLIANA DO PACOVAL","cc":"PDT","nv":" ","e":"n","st":"Suplente","dvt":"V\u00e1lido","vap":"18","pvap":"   0,06"},{"seq":"96","sqcand":"140000661618","n":"12444","nm":"MARQUINHO DO HOSPITAL","cc":"PDT","nv":" ","e":"n","st":"Suplente","dvt":"V\u00e1lido","vap":"32","pvap":"   0,10"},{"seq":"105","sqcand":"140001246860","n":"22444","nm":"PROFESSORA PAULA MENEZES","cc":"PL","nv":" ","e":"n","st":"Suplente","dvt":"V\u00e1lido","vap":"24","pvap":"   0,08"},{"seq":"20","sqcand":"140000657238","n":"11800","nm":"MIRO FERREIRA","cc":"PP","nv":" ","e":"n","st":"Suplente","dvt":"V\u00e1lido","vap":"465","pvap":"   1,51"},{"seq":"168","sqcand":"140000928601","n":"19022","nm":"ANTONIO DO BOM VENTO","cc":"PODE","nv":" ","e":"n","st":"N\u00e3o eleito","dvt":"V\u00e1lido","vap":"27","pvap":"   0,09"},{"seq":"94","sqcand":"140000657232","n":"11500","nm":"CLEO MARTINS","cc":"PP","nv":" ","e":"n","st":"Suplente","dvt":"V\u00e1lido","vap":"34","pvap":"   0,11"},{"seq":"7","sqcand":"140001124956","n":"15456","nm":"LISBOA","cc":"MDB","nv":" ","e":"s","st":"Eleito","dvt":"V\u00e1lido","vap":"624","pvap":"   2,02"},{"seq":"93","sqcand":"140000657233","n":"11122","nm":"CRISTIANE ARAUJO","cc":"PP","nv":" ","e":"n","st":"Suplente","dvt":"V\u00e1lido","vap":"35","pvap":"   0,11"},{"seq":"88","sqcand":"140000661631","n":"12125","nm":"NEGO LIMA","cc":"PDT","nv":" ","e":"n","st":"Suplente","dvt":"V\u00e1lido","vap":"43","pvap":"   0,14"},{"seq":"25","sqcand":"140001124969","n":"15000","nm":"PEDRO BERENGO","cc":"MDB","nv":" ","e":"n","st":"Suplente","dvt":"V\u00e1lido","vap":"346","pvap":"   1,12"},{"seq":"152","sqcand":"140000928594","n":"19027","nm":"JESS\u00c9 MESQUITA","cc":"PODE","nv":" ","e":"n","st":"N\u00e3o eleito","dvt":"V\u00e1lido","vap":"71","pvap":"   0,23"},{"seq":"204","sqcand":"140000854553","n":"65211","nm":"BOLERO","cc":"PC do B","nv":" ","e":"n","st":"N\u00e3o eleito","dvt":"V\u00e1lido","vap":"1","pvap":"   0,00"},{"seq":"15","sqcand":"140001246855","n":"22326","nm":"DENIS ARAGAO","cc":"PL","nv":" ","e":"s","st":"Eleito","dvt":"V\u00e1lido","vap":"275","pvap":"   0,89"},{"seq":"14","sqcand":"140000701317","n":"18678","nm":"ZEZINHO DO ATUM\u00c3","cc":"REDE","nv":" ","e":"s","st":"Eleito","dvt":"V\u00e1lido","vap":"394","pvap":"   1,28"},{"seq":"42","sqcand":"140000701316","n":"18333","nm":"GERSON DO BEZERRA","cc":"REDE","nv":" ","e":"n","st":"Suplente","dvt":"V\u00e1lido","vap":"235","pvap":"   0,76"},{"seq":"171","sqcand":"140001196724","n":"40222","nm":"EDILEUZA DA PESCA","cc":"PSB","nv":" ","e":"n","st":"N\u00e3o eleito","dvt":"V\u00e1lido","vap":"26","pvap":"   0,08"},{"seq":"161","sqcand":"140001196728","n":"40456","nm":"ROSINALDO","cc":"PSB","nv":" ","e":"n","st":"N\u00e3o eleito","dvt":"V\u00e1lido","vap":"36","pvap":"   0,12"},{"seq":"49","sqcand":"140000701314","n":"18123","nm":"CLORISVALDO BASTOS BAL","cc":"REDE","nv":" ","e":"n","st":"Suplente","dvt":"V\u00e1lido","vap":"163","pvap":"   0,53"},{"seq":"122","sqcand":"140000661621","n":"12000","nm":"ARODIMAR BALACOBACO","cc":"PDT","nv":" ","e":"n","st":"Suplente","dvt":"V\u00e1lido","vap":"8","pvap":"   0,03"},{"seq":"160","sqcand":"140001174307","n":"13333","nm":"IRONEIDE","cc":"PT","nv":" ","e":"n","st":"N\u00e3o eleito","dvt":"V\u00e1lido","vap":"38","pvap":"   0,12"},{"seq":"19","sqcand":"140000657241","n":"11234","nm":"ZEZINHO VALENTE","cc":"PP","nv":" ","e":"n","st":"Suplente","dvt":"V\u00e1lido","vap":"476","pvap":"   1,54"},{"seq":"125","sqcand":"140001246867","n":"22789","nm":"ANA S","cc":"PL","nv":" ","e":"n","st":"Suplente","dvt":"V\u00e1lido","vap":"0","pvap":"00.00"},{"seq":"129","sqcand":"140000700298","n":"10222","nm":"PROFESSORA FIRMA","cc":"REPUBLICANOS","nv":" ","e":"n","st":"N\u00e3o eleito","dvt":"V\u00e1lido","vap":"191","pvap":"   0,62"},{"seq":"127","sqcand":"140001174306","n":"13123","nm":"PROFESSOR HAILTON","cc":"PT","nv":" ","e":"n","st":"N\u00e3o eleito","dvt":"V\u00e1lido","vap":"198","pvap":"   0,64"},{"seq":"55","sqcand":"140000675976","n":"20654","nm":"PASTOR MIQUEIAS","cc":"PSC","nv":" ","e":"n","st":"Suplente","dvt":"V\u00e1lido","vap":"146","pvap":"   0,47"},{"seq":"69","sqcand":"140000701319","n":"18555","nm":"VERA DO CURUMU","cc":"REDE","nv":" ","e":"n","st":"Suplente","dvt":"V\u00e1lido","vap":"97","pvap":"   0,31"},{"seq":"195","sqcand":"140000700304","n":"10150","nm":"LUDINEY","cc":"REPUBLICANOS","nv":" ","e":"n","st":"N\u00e3o eleito","dvt":"V\u00e1lido","vap":"6","pvap":"   0,02"},{"seq":"24","sqcand":"140000657240","n":"11111","nm":"JANIO CARIPUNA","cc":"PP","nv":" ","e":"n","st":"Suplente","dvt":"V\u00e1lido","vap":"347","pvap":"   1,13"},{"seq":"50","sqcand":"140001246866","n":"22222","nm":"PROF.  ODAIR","cc":"PL","nv":" ","e":"n","st":"Suplente","dvt":"V\u00e1lido","vap":"160","pvap":"   0,52"},{"seq":"112","sqcand":"140001246857","n":"22900","nm":"CIANE FREIRES","cc":"PL","nv":" ","e":"n","st":"Suplente","dvt":"V\u00e1lido","vap":"21","pvap":"   0,07"},{"seq":"76","sqcand":"140000675964","n":"20111","nm":"SILVANE SAMPAIO","cc":"PSC","nv":" ","e":"n","st":"Suplente","dvt":"V\u00e1lido","vap":"74","pvap":"   0,24"},{"seq":"138","sqcand":"140000700295","n":"10345","nm":"MIGUEL DANTAS","cc":"REPUBLICANOS","nv":" ","e":"n","st":"N\u00e3o eleito","dvt":"V\u00e1lido","vap":"126","pvap":"   0,41"},{"seq":"2","sqcand":"140000675966","n":"20200","nm":"ANANIAS ARRUDA","cc":"PSC","nv":" ","e":"s","st":"Eleito","dvt":"V\u00e1lido","vap":"805","pvap":"   2,61"},{"seq":"153","sqcand":"140000700296","n":"10125","nm":"ACIONE","cc":"REPUBLICANOS","nv":" ","e":"n","st":"N\u00e3o eleito","dvt":"V\u00e1lido","vap":"68","pvap":"   0,22"},{"seq":"66","sqcand":"140000675971","n":"20456","nm":"EIDE","cc":"PSC","nv":" ","e":"n","st":"Suplente","dvt":"V\u00e1lido","vap":"112","pvap":"   0,36"},{"seq":"30","sqcand":"140000675972","n":"20300","nm":"MANOEL DO \u00d4NIBUS","cc":"PSC","nv":" ","e":"n","st":"Suplente","dvt":"V\u00e1lido","vap":"309","pvap":"   1,00"},{"seq":"44","sqcand":"140000657231","n":"11456","nm":"ZE PEBA","cc":"PP","nv":" ","e":"n","st":"Suplente","dvt":"V\u00e1lido","vap":"232","pvap":"   0,75"},{"seq":"37","sqcand":"140001246863","n":"22111","nm":"CLAUDIO VIDAL","cc":"PL","nv":" ","e":"n","st":"Suplente","dvt":"V\u00e1lido","vap":"270","pvap":"   0,88"},{"seq":"79","sqcand":"140000675973","n":"20777","nm":"AUGUSTO ABREU","cc":"PSC","nv":" ","e":"n","st":"Suplente","dvt":"V\u00e1lido","vap":"54","pvap":"   0,18"},{"seq":"121","sqcand":"140000675965","n":"20202","nm":"LICA","cc":"PSC","nv":" ","e":"n","st":"Suplente","dvt":"V\u00e1lido","vap":"13","pvap":"   0,04"},{"seq":"183","sqcand":"140000857541","n":"43155","nm":"RAIMUNDO DA JULIA","cc":"PV","nv":" ","e":"n","st":"N\u00e3o eleito","dvt":"V\u00e1lido","vap":"16","pvap":"   0,05"},{"seq":"111","sqcand":"140001246853","n":"22100","nm":"NEY SIMOES","cc":"PL","nv":" ","e":"n","st":"Suplente","dvt":"V\u00e1lido","vap":"21","pvap":"   0,07"},{"seq":"110","sqcand":"140000661617","n":"12300","nm":"JUCA VIEIRA","cc":"PDT","nv":" ","e":"n","st":"Suplente","dvt":"V\u00e1lido","vap":"22","pvap":"   0,07"},{"seq":"174","sqcand":"140000854551","n":"65123","nm":"PAULA MIRANDA","cc":"PC do B","nv":" ","e":"n","st":"N\u00e3o eleito","dvt":"V\u00e1lido","vap":"25","pvap":"   0,08"},{"seq":"78","sqcand":"140001246861","n":"22333","nm":"ADEMIR BENTES","cc":"PL","nv":" ","e":"n","st":"Suplente","dvt":"V\u00e1lido","vap":"55","pvap":"   0,18"},{"seq":"85","sqcand":"140000675969","n":"20555","nm":"PROFESSORA ELIETE","cc":"PSC","nv":" ","e":"n","st":"Suplente","dvt":"V\u00e1lido","vap":"45","pvap":"   0,15"},{"seq":"35","sqcand":"140000675961","n":"20852","nm":"DINA DIAS","cc":"PSC","nv":" ","e":"n","st":"Suplente","dvt":"V\u00e1lido","vap":"287","pvap":"   0,93"},{"seq":"142","sqcand":"140001196726","n":"40333","nm":"CARLINHO GUITARRISTA","cc":"PSB","nv":" ","e":"n","st":"N\u00e3o eleito","dvt":"V\u00e1lido","vap":"116","pvap":"   0,38"},{"seq":"70","sqcand":"140001124970","n":"15222","nm":"S\u00c9RGIO LEMOS","cc":"MDB","nv":" ","e":"n","st":"Suplente","dvt":"V\u00e1lido","vap":"97","pvap":"   0,31"},{"seq":"145","sqcand":"140000928599","n":"19555","nm":"FRANCELY","cc":"PODE","nv":" ","e":"n","st":"N\u00e3o eleito","dvt":"V\u00e1lido","vap":"106","pvap":"   0,34"},{"seq":"67","sqcand":"140000798312","n":"25625","nm":"EDITE AQUINO","cc":"DEM","nv":" ","e":"n","st":"Suplente","dvt":"V\u00e1lido","vap":"104","pvap":"   0,34"},{"seq":"118","sqcand":"140000701321","n":"18888","nm":"ALEM\u00c3O DO CUIP\u00c9UA","cc":"REDE","nv":" ","e":"n","st":"Suplente","dvt":"V\u00e1lido","vap":"14","pvap":"   0,05"},{"seq":"34","sqcand":"140000798309","n":"25100","nm":"EDINALDO MARTINS","cc":"DEM","nv":" ","e":"n","st":"Suplente","dvt":"V\u00e1lido","vap":"294","pvap":"   0,95"},{"seq":"156","sqcand":"140000928597","n":"19019","nm":"RIVAIL LIMA","cc":"PODE","nv":" ","e":"n","st":"N\u00e3o eleito","dvt":"V\u00e1lido","vap":"53","pvap":"   0,17"},{"seq":"116","sqcand":"140000798314","n":"25551","nm":"BACU DA PAZ","cc":"DEM","nv":" ","e":"n","st":"Suplente","dvt":"V\u00e1lido","vap":"16","pvap":"   0,05"},{"seq":"98","sqcand":"140001124968","n":"15321","nm":"ETTY LANNE","cc":"MDB","nv":" ","e":"n","st":"Suplente","dvt":"V\u00e1lido","vap":"31","pvap":"   0,10"},{"seq":"64","sqcand":"140000701312","n":"18999","nm":"VANDO RIBEIRO","cc":"REDE","nv":" ","e":"n","st":"Suplente","dvt":"V\u00e1lido","vap":"118","pvap":"   0,38"},{"seq":"166","sqcand":"140000928602","n":"19500","nm":"NIRA SOUSA","cc":"PODE","nv":" ","e":"n","st":"N\u00e3o eleito","dvt":"V\u00e1lido","vap":"29","pvap":"   0,09"},{"seq":"102","sqcand":"140000661632","n":"12667","nm":"WAL","cc":"PDT","nv":" ","e":"n","st":"Suplente","dvt":"V\u00e1lido","vap":"28","pvap":"   0,09"},{"seq":"192","sqcand":"140000857536","n":"43000","nm":"ROZANA ARA\u00daJO","cc":"PV","nv":" ","e":"n","st":"N\u00e3o eleito","dvt":"V\u00e1lido","vap":"9","pvap":"   0,03"},{"seq":"81","sqcand":"140001124963","n":"15015","nm":"IRM\u00c3 IRENE","cc":"MDB","nv":" ","e":"n","st":"Suplente","dvt":"V\u00e1lido","vap":"50","pvap":"   0,16"},{"seq":"43","sqcand":"140000661626","n":"12111","nm":"BINUCA DO CAMPO GRANDE","cc":"PDT","nv":" ","e":"n","st":"Suplente","dvt":"V\u00e1lido","vap":"233","pvap":"   0,76"},{"seq":"163","sqcand":"140000857545","n":"43123","nm":"EUGENIO ROCHA","cc":"PV","nv":" ","e":"n","st":"N\u00e3o eleito","dvt":"V\u00e1lido","vap":"31","pvap":"   0,10"},{"seq":"154","sqcand":"140000700306","n":"10300","nm":"HELIO MELO","cc":"REPUBLICANOS","nv":" ","e":"n","st":"N\u00e3o eleito","dvt":"V\u00e1lido","vap":"64","pvap":"   0,21"},{"seq":"60","sqcand":"140000798316","n":"25157","nm":"ANDR\u00c9IA DIAS","cc":"DEM","nv":" ","e":"n","st":"Suplente","dvt":"V\u00e1lido","vap":"133","pvap":"   0,43"},{"seq":"182","sqcand":"140001196722","n":"40131","nm":"IVANILDO BOQUINHA","cc":"PSB","nv":" ","e":"n","st":"N\u00e3o eleito","dvt":"V\u00e1lido","vap":"16","pvap":"   0,05"},{"seq":"57","sqcand":"140001124960","n":"15300","nm":"KABY MARTINS","cc":"MDB","nv":" ","e":"n","st":"Suplente","dvt":"V\u00e1lido","vap":"140","pvap":"   0,45"},{"seq":"31","sqcand":"140001124964","n":"15900","nm":"ROBERTO SIM\u00d5ES","cc":"MDB","nv":" ","e":"n","st":"Suplente","dvt":"V\u00e1lido","vap":"307","pvap":"   1,00"},{"seq":"196","sqcand":"140000857543","n":"43300","nm":"MADSON CAMPOS","cc":"PV","nv":" ","e":"n","st":"N\u00e3o eleito","dvt":"V\u00e1lido","vap":"6","pvap":"   0,02"},{"seq":"119","sqcand":"140000701310","n":"18111","nm":"ELZIANE SIMOES","cc":"REDE","nv":" ","e":"n","st":"Suplente","dvt":"V\u00e1lido","vap":"14","pvap":"   0,05"},{"seq":"158","sqcand":"140001184141","n":"14015","nm":"ZANY VEST","cc":"PTB","nv":" ","e":"n","st":"N\u00e3o eleito","dvt":"V\u00e1lido","vap":"49","pvap":"   0,16"},{"seq":"130","sqcand":"140001196727","n":"40258","nm":"ED CARLOS CHAVES","cc":"PSB","nv":" ","e":"n","st":"N\u00e3o eleito","dvt":"V\u00e1lido","vap":"177","pvap":"   0,57"},{"seq":"72","sqcand":"140000657239","n":"11222","nm":"ELANY PINTO","cc":"PP","nv":" ","e":"n","st":"Suplente","dvt":"V\u00e1lido","vap":"86","pvap":"   0,28"},{"seq":"193","sqcand":"140001174302","n":"13015","nm":"DARINTA","cc":"PT","nv":" ","e":"n","st":"N\u00e3o eleito","dvt":"V\u00e1lido","vap":"7","pvap":"   0,02"},{"seq":"45","sqcand":"140001124971","n":"15678","nm":"PROFESSORA ROSIANE MAIA","cc":"MDB","nv":" ","e":"n","st":"Suplente","dvt":"V\u00e1lido","vap":"208","pvap":"   0,67"},{"seq":"17","sqcand":"140000675962","n":"20000","nm":"DIEGO MOREIRA","cc":"PSC","nv":" ","e":"n","st":"Suplente","dvt":"V\u00e1lido","vap":"568","pvap":"   1,84"},{"seq":"26","sqcand":"140001124958","n":"15611","nm":"BETO CURICACA","cc":"MDB","nv":" ","e":"n","st":"Suplente","dvt":"V\u00e1lido","vap":"343","pvap":"   1,11"},{"seq":"12","sqcand":"140000657234","n":"11789","nm":"IZAQUE CIPRIANO","cc":"PP","nv":" ","e":"s","st":"Eleito","dvt":"V\u00e1lido","vap":"530","pvap":"   1,72"},{"seq":"3","sqcand":"140000798307","n":"25234","nm":"CARDOSO","cc":"DEM","nv":" ","e":"s","st":"Eleito","dvt":"V\u00e1lido","vap":"773","pvap":"   2,51"},{"seq":"62","sqcand":"140001246852","n":"22123","nm":"CLEO CARDOSO","cc":"PL","nv":" ","e":"n","st":"Suplente","dvt":"V\u00e1lido","vap":"127","pvap":"   0,41"},{"seq":"143","sqcand":"140001196719","n":"40000","nm":"IVETE DO TR\u00c2NSITO","cc":"PSB","nv":" ","e":"n","st":"N\u00e3o eleito","dvt":"V\u00e1lido","vap":"107","pvap":"   0,35"},{"seq":"177","sqcand":"140000928603","n":"19020","nm":"AUGUSTO PIMENTEL","cc":"PODE","nv":" ","e":"n","st":"N\u00e3o eleito","dvt":"V\u00e1lido","vap":"21","pvap":"   0,07"},{"seq":"77","sqcand":"140000798315","n":"25000","nm":"DR ALEXANDRE","cc":"DEM","nv":" ","e":"n","st":"Suplente","dvt":"V\u00e1lido","vap":"67","pvap":"   0,22"},{"seq":"92","sqcand":"140000661623","n":"12456","nm":"ANA MIRA","cc":"PDT","nv":" ","e":"n","st":"Suplente","dvt":"V\u00e1lido","vap":"37","pvap":"   0,12"},{"seq":"51","sqcand":"140000675978","n":"20888","nm":"FRANCISCA LAGES","cc":"PSC","nv":" ","e":"n","st":"Suplente","dvt":"V\u00e1lido","vap":"160","pvap":"   0,52"},{"seq":"133","sqcand":"140001184134","n":"14555","nm":"RICARDO VALENTE","cc":"PTB","nv":" ","e":"n","st":"N\u00e3o eleito","dvt":"V\u00e1lido","vap":"150","pvap":"   0,49"},{"seq":"21","sqcand":"140000657236","n":"11555","nm":"DEDEZINHO","cc":"PP","nv":" ","e":"n","st":"Suplente","dvt":"V\u00e1lido","vap":"431","pvap":"   1,40"},{"seq":"11","sqcand":"140000657228","n":"11123","nm":"ROZENILDO LOPES","cc":"PP","nv":" ","e":"s","st":"Eleito","dvt":"V\u00e1lido","vap":"541","pvap":"   1,75"},{"seq":"149","sqcand":"140001184136","n":"14700","nm":"RAY RIBEIRO","cc":"PTB","nv":" ","e":"n","st":"N\u00e3o eleito","dvt":"V\u00e1lido","vap":"78","pvap":"   0,25"},{"seq":"61","sqcand":"140000675974","n":"20789","nm":"DEL","cc":"PSC","nv":" ","e":"n","st":"Suplente","dvt":"V\u00e1lido","vap":"129","pvap":"   0,42"},{"seq":"38","sqcand":"140001246851","n":"22500","nm":"TABACO","cc":"PL","nv":" ","e":"n","st":"Suplente","dvt":"V\u00e1lido","vap":"261","pvap":"   0,85"},{"seq":"139","sqcand":"140001184145","n":"14011","nm":"JOEDSON UNI\u00c3O","cc":"PTB","nv":" ","e":"n","st":"N\u00e3o eleito","dvt":"V\u00e1lido","vap":"124","pvap":"   0,40"},{"seq":"32","sqcand":"140000675960","n":"20622","nm":"TITICO","cc":"PSC","nv":" ","e":"n","st":"Suplente","dvt":"V\u00e1lido","vap":"302","pvap":"   0,98"},{"seq":"170","sqcand":"140000928598","n":"19010","nm":"VALDECIR FELIS","cc":"PODE","nv":" ","e":"n","st":"N\u00e3o eleito","dvt":"V\u00e1lido","vap":"26","pvap":"   0,08"},{"seq":"191","sqcand":"140000857542","n":"43333","nm":"\u00c1URA OLIVEIRA","cc":"PV","nv":" ","e":"n","st":"N\u00e3o eleito","dvt":"V\u00e1lido","vap":"9","pvap":"   0,03"},{"seq":"33","sqcand":"140000798306","n":"25612","nm":"MANOEL LEITE","cc":"DEM","nv":" ","e":"n","st":"Suplente","dvt":"V\u00e1lido","vap":"296","pvap":"   0,96"},{"seq":"91","sqcand":"140001124961","n":"15111","nm":"PAULO TABOCA","cc":"MDB","nv":" ","e":"n","st":"Suplente","dvt":"V\u00e1lido","vap":"37","pvap":"   0,12"},{"seq":"86","sqcand":"140001124972","n":"15020","nm":"VALDO ON\u00c7A","cc":"MDB","nv":" ","e":"n","st":"Suplente","dvt":"V\u00e1lido","vap":"44","pvap":"   0,14"},{"seq":"75","sqcand":"140001246865","n":"22700","nm":"LUZIA LEITAO","cc":"PL","nv":" ","e":"n","st":"Suplente","dvt":"V\u00e1lido","vap":"82","pvap":"   0,27"},{"seq":"23","sqcand":"140000675975","n":"20333","nm":"OELTON SAMPAIO","cc":"PSC","nv":" ","e":"n","st":"Suplente","dvt":"V\u00e1lido","vap":"410","pvap":"   1,33"},{"seq":"186","sqcand":"140000857540","n":"43003","nm":"PERPETUA MALCHER","cc":"PV","nv":" ","e":"n","st":"N\u00e3o eleito","dvt":"V\u00e1lido","vap":"14","pvap":"   0,05"},{"seq":"165","sqcand":"140000928605","n":"19007","nm":"RAFAEL SOUSA","cc":"PODE","nv":" ","e":"n","st":"N\u00e3o eleito","dvt":"V\u00e1lido","vap":"31","pvap":"   0,10"},{"seq":"176","sqcand":"140001174304","n":"13131","nm":"FRANCISCO MORAES","cc":"PT","nv":" ","e":"n","st":"N\u00e3o eleito","dvt":"V\u00e1lido","vap":"22","pvap":"   0,07"},{"seq":"1","sqcand":"140000798305","n":"25123","nm":"BET\u00c3O","cc":"DEM","nv":" ","e":"s","st":"Eleito","dvt":"V\u00e1lido","vap":"858","pvap":"   2,78"},{"seq":"136","sqcand":"140001184144","n":"14123","nm":"PRIMO ANTONIO","cc":"PTB","nv":" ","e":"n","st":"N\u00e3o eleito","dvt":"V\u00e1lido","vap":"128","pvap":"   0,42"},{"seq":"199","sqcand":"140000854550","n":"65777","nm":"TAMIRIS","cc":"PC do B","nv":" ","e":"n","st":"N\u00e3o eleito","dvt":"V\u00e1lido","vap":"4","pvap":"   0,01"},{"seq":"47","sqcand":"140001124957","n":"15369","nm":"CARLOS FARIAS","cc":"MDB","nv":" ","e":"n","st":"Suplente","dvt":"V\u00e1lido","vap":"182","pvap":"   0,59"},{"seq":"71","sqcand":"140001246859","n":"22800","nm":"J NETO","cc":"PL","nv":" ","e":"n","st":"Suplente","dvt":"V\u00e1lido","vap":"92","pvap":"   0,30"},{"seq":"84","sqcand":"140000661624","n":"12012","nm":"ODINOR","cc":"PDT","nv":" ","e":"n","st":"Suplente","dvt":"V\u00e1lido","vap":"45","pvap":"   0,15"},{"seq":"16","sqcand":"140000798310","n":"25678","nm":"H\u00c9LIO BARATINHA","cc":"DEM","nv":" ","e":"n","st":"Suplente","dvt":"V\u00e1lido","vap":"654","pvap":"   2,12"},{"seq":"144","sqcand":"140001184140","n":"14333","nm":"GILVANI","cc":"PTB","nv":" ","e":"n","st":"N\u00e3o eleito","dvt":"V\u00e1lido","vap":"107","pvap":"   0,35"},{"seq":"202","sqcand":"140000700302","n":"10000","nm":"SILAS","cc":"REPUBLICANOS","nv":" ","e":"n","st":"N\u00e3o eleito","dvt":"V\u00e1lido","vap":"1","pvap":"   0,00"},{"seq":"173","sqcand":"140001196721","n":"40111","nm":"FRANCISCO TOI\u00d4","cc":"PSB","nv":" ","e":"n","st":"N\u00e3o eleito","dvt":"V\u00e1lido","vap":"25","pvap":"   0,08"},{"seq":"74","sqcand":"140000701309","n":"18234","nm":"Z\u00c9 MARQUES","cc":"REDE","nv":" ","e":"n","st":"Suplente","dvt":"V\u00e1lido","vap":"83","pvap":"   0,27"},{"seq":"99","sqcand":"140000675967","n":"20999","nm":"CLAUDIA MORENA","cc":"PSC","nv":" ","e":"n","st":"Suplente","dvt":"V\u00e1lido","vap":"29","pvap":"   0,09"},{"seq":"115","sqcand":"140001124965","n":"15789","nm":"MICHELLEM","cc":"MDB","nv":" ","e":"n","st":"Suplente","dvt":"V\u00e1lido","vap":"17","pvap":"   0,06"},{"seq":"180","sqcand":"140000928589","n":"19777","nm":"OZEIDE SOUSA","cc":"PODE","nv":" ","e":"n","st":"N\u00e3o eleito","dvt":"V\u00e1lido","vap":"18","pvap":"   0,06"},{"seq":"13","sqcand":"140000657237","n":"11777","nm":"JUNIOR TAVEIRA","cc":"PP","nv":" ","e":"s","st":"Eleito","dvt":"V\u00e1lido","vap":"494","pvap":"   1,60"},{"seq":"155","sqcand":"140000928588","n":"19700","nm":"VETERIN\u00c1RIO LUAN DEMORI","cc":"PODE","nv":" ","e":"n","st":"N\u00e3o eleito","dvt":"V\u00e1lido","vap":"58","pvap":"   0,19"},{"seq":"128","sqcand":"140001174305","n":"13000","nm":"JAILSON MIRANDA","cc":"PT","nv":" ","e":"n","st":"N\u00e3o eleito","dvt":"V\u00e1lido","vap":"192","pvap":"   0,62"},{"seq":"124","sqcand":"140000661628","n":"12450","nm":"ADRIANE SILVA","cc":"PDT","nv":" ","e":"n","st":"Suplente","dvt":"V\u00e1lido","vap":"6","pvap":"   0,02"},{"seq":"203","sqcand":"140001174311","n":"13211","nm":"JOS\u00c9 GOMES","cc":"PT","nv":" ","e":"n","st":"N\u00e3o eleito","dvt":"V\u00e1lido","vap":"1","pvap":"   0,00"},{"seq":"185","sqcand":"140000928604","n":"19001","nm":"MARIA MARQUES","cc":"PODE","nv":" ","e":"n","st":"N\u00e3o eleito","dvt":"V\u00e1lido","vap":"15","pvap":"   0,05"},{"seq":"169","sqcand":"140000854552","n":"65010","nm":"CARLOS RIBEIRO","cc":"PC do B","nv":" ","e":"n","st":"N\u00e3o eleito","dvt":"V\u00e1lido","vap":"26","pvap":"   0,08"},{"seq":"39","sqcand":"140000657227","n":"11345","nm":"DARCY DO MAMIA","cc":"PP","nv":" ","e":"n","st":"Suplente","dvt":"V\u00e1lido","vap":"254","pvap":"   0,82"},{"seq":"135","sqcand":"140001196720","n":"40040","nm":"PROFESSORA MARGARIDA MONTE","cc":"PSB","nv":" ","e":"n","st":"N\u00e3o eleito","dvt":"V\u00e1lido","vap":"129","pvap":"   0,42"},{"seq":"120","sqcand":"140000661620","n":"12007","nm":"JARBINHA","cc":"PDT","nv":" ","e":"n","st":"Suplente","dvt":"V\u00e1lido","vap":"13","pvap":"   0,04"}]}
