{"ele":"426","tpabr":"mu","cdabr":"04111","carper":"13","t":"1","f":"o","dt":"15/11/2020","ht":"22:19:42","dv":"s","tf":"s","v":"15","esae":"n","mnae":"","s":"263","st":"263","pst":" 100,00","snt":"0","psnt":"   0,00","si":"263","psi":" 100,00","sni":"0","psni":"   0,00","sa":"263","psa":" 100,00","sna":"0","psna":"   0,00","e":"86463","ea":"86463","pea":" 100,00","ena":"0","pena":"   0,00","esi":"86463","pesi":" 100,00","esni":"0","pesni":"   0,00","c":"62118","pc":"  71,84","a":"24345","pa":"  28,16","vscv":"0","vnom":"55157","vl":"3725","pvnom":"  93,67","pvl":"   6,33","vvc":"58968","pvvc":"  94,93","vb":"1508","pvb":"   2,43","tvn":"1642","ptvn":"   2,64","vn":"1642","pvn":" 100,00","vnt":"0","pvnt":"   0,00","vp":"0","pvp":"   0,00","vv":"58882","pvv":"  99,85","van":"0","pvan":"   0,00","vansj":"86","pvansj":"   0,15","tv":"62118","cand":[{"seq":"96","sqcand":"140000722529","n":"55100","nm":"CANTOR DIORLANDO GOMES","cc":"PSD","nv":" ","e":"n","st":"Suplente","dvt":"V\u00e1lido","vap":"100","pvap":"   0,17"},{"seq":"184","sqcand":"140000804304","n":"50111","nm":"CELSO PAR\u00c1","cc":"PSOL","nv":" ","e":"n","st":"N\u00e3o eleito","dvt":"V\u00e1lido","vap":"39","pvap":"   0,07"},{"seq":"35","sqcand":"140000722497","n":"40007","nm":"JULIANNA COSTA","cc":"PSB","nv":" ","e":"n","st":"Suplente","dvt":"V\u00e1lido","vap":"421","pvap":"   0,71"},{"seq":"106","sqcand":"140001044520","n":"70016","nm":"SH\u00daN  PINTOR","cc":"AVANTE","nv":" ","e":"n","st":"Suplente","dvt":"V\u00e1lido","vap":"72","pvap":"   0,12"},{"seq":"17","sqcand":"140001170100","n":"15222","nm":"DR EDVAM","cc":"MDB","nv":" ","e":"n","st":"Suplente","dvt":"V\u00e1lido","vap":"871","pvap":"   1,48"},{"seq":"161","sqcand":"140001101727","n":"19999","nm":"DIVINO MARIANO","cc":"PODE","nv":" ","e":"n","st":"N\u00e3o eleito","dvt":"V\u00e1lido","vap":"110","pvap":"   0,19"},{"seq":"41","sqcand":"140000722494","n":"40369","nm":"DINELSON","cc":"PSB","nv":" ","e":"n","st":"Suplente","dvt":"V\u00e1lido","vap":"373","pvap":"   0,63"},{"seq":"117","sqcand":"140001257143","n":"22130","nm":"MAGNOLIA","cc":"PL","nv":" ","e":"n","st":"Suplente","dvt":"V\u00e1lido","vap":"46","pvap":"   0,08"},{"seq":"81","sqcand":"140000722532","n":"55444","nm":"LIDIA LEAO","cc":"PSD","nv":" ","e":"n","st":"Suplente","dvt":"V\u00e1lido","vap":"159","pvap":"   0,27"},{"seq":"127","sqcand":"140001257128","n":"22230","nm":"MARAB\u00c1","cc":"PL","nv":" ","e":"n","st":"Suplente","dvt":"V\u00e1lido","vap":"24","pvap":"   0,04"},{"seq":"187","sqcand":"140000723317","n":"25555","nm":"PROFESSOR NILSON COSTA","cc":"DEM","nv":" ","e":"n","st":"N\u00e3o eleito","dvt":"V\u00e1lido","vap":"35","pvap":"   0,06"},{"seq":"83","sqcand":"140000722748","n":"20456","nm":"DILERMANDO DAS COMUNIDADES","cc":"PSC","nv":" ","e":"n","st":"Suplente","dvt":"V\u00e1lido","vap":"153","pvap":"   0,26"},{"seq":"182","sqcand":"140000804303","n":"50150","nm":"JOVENTINO","cc":"PSOL","nv":" ","e":"n","st":"N\u00e3o eleito","dvt":"V\u00e1lido","vap":"41","pvap":"   0,07"},{"seq":"28","sqcand":"140000722541","n":"55038","nm":"NELSON PACIFICO","cc":"PSD","nv":" ","e":"n","st":"Suplente","dvt":"V\u00e1lido","vap":"597","pvap":"   1,01"},{"seq":"115","sqcand":"140001170108","n":"15015","nm":"WILSON PEREIRA SOUZA","cc":"MDB","nv":" ","e":"n","st":"Suplente","dvt":"V\u00e1lido","vap":"51","pvap":"   0,09"},{"seq":"123","sqcand":"140000722740","n":"20762","nm":"IRAM LEMOS","cc":"PSC","nv":" ","e":"n","st":"Suplente","dvt":"V\u00e1lido","vap":"35","pvap":"   0,06"},{"seq":"34","sqcand":"140000722489","n":"40123","nm":"JANUARIO DA FEIRA","cc":"PSB","nv":" ","e":"n","st":"Suplente","dvt":"V\u00e1lido","vap":"422","pvap":"   0,72"},{"seq":"169","sqcand":"140000723320","n":"25100","nm":"LOCUTOR ISRAEL ALVES","cc":"DEM","nv":" ","e":"n","st":"N\u00e3o eleito","dvt":"V\u00e1lido","vap":"72","pvap":"   0,12"},{"seq":"171","sqcand":"140000797165","n":"12122","nm":"BRAHMA","cc":"PDT","nv":" ","e":"n","st":"N\u00e3o eleito","dvt":"V\u00e1lido","vap":"67","pvap":"   0,11"},{"seq":"23","sqcand":"140001257176","n":"22333","nm":"SARGENTO DO BURITI","cc":"PL","nv":" ","e":"n","st":"Suplente","dvt":"V\u00e1lido","vap":"673","pvap":"   1,14"},{"seq":"194","sqcand":"140000804297","n":"50424","nm":"MILKER GOMES","cc":"PSOL","nv":" ","e":"n","st":"N\u00e3o eleito","dvt":"V\u00e1lido","vap":"28","pvap":"   0,05"},{"seq":"185","sqcand":"140000723321","n":"25577","nm":"ELIANE PEREIRA","cc":"DEM","nv":" ","e":"n","st":"N\u00e3o eleito","dvt":"V\u00e1lido","vap":"37","pvap":"   0,06"},{"seq":"55","sqcand":"140000722522","n":"55455","nm":"SERGIO CAMPOS","cc":"PSD","nv":" ","e":"n","st":"Suplente","dvt":"V\u00e1lido","vap":"296","pvap":"   0,50"},{"seq":"148","sqcand":"140000918057","n":"13131","nm":"JOSE APARECIDO","cc":"PT","nv":" ","e":"n","st":"N\u00e3o eleito","dvt":"V\u00e1lido","vap":"270","pvap":"   0,46"},{"seq":"32","sqcand":"140001044515","n":"70177","nm":"CLILDES","cc":"AVANTE","nv":" ","e":"n","st":"Suplente","dvt":"V\u00e1lido","vap":"448","pvap":"   0,76"},{"seq":"67","sqcand":"140001081200","n":"45333","nm":"MARCO ANTONIO","cc":"PSDB","nv":" ","e":"n","st":"Suplente","dvt":"V\u00e1lido","vap":"238","pvap":"   0,40"},{"seq":"175","sqcand":"140000797159","n":"12567","nm":"CHIQUIM","cc":"PDT","nv":" ","e":"n","st":"N\u00e3o eleito","dvt":"Anulado sub judice","vap":"54","pvap":"   0,09"},{"seq":"54","sqcand":"140000722743","n":"20100","nm":"MARLUS MOREIRA","cc":"PSC","nv":" ","e":"n","st":"Suplente","dvt":"V\u00e1lido","vap":"297","pvap":"   0,50"},{"seq":"104","sqcand":"140001257145","n":"22122","nm":"ROBSON TEIXEIRA","cc":"PL","nv":" ","e":"n","st":"Suplente","dvt":"V\u00e1lido","vap":"73","pvap":"   0,12"},{"seq":"24","sqcand":"140001257200","n":"22100","nm":"ZE REINALDO","cc":"PL","nv":" ","e":"n","st":"Suplente","dvt":"V\u00e1lido","vap":"673","pvap":"   1,14"},{"seq":"189","sqcand":"140001256483","n":"13222","nm":"SAMARA","cc":"PT","nv":" ","e":"n","st":"N\u00e3o eleito","dvt":"Anulado sub judice","vap":"32","pvap":"   0,05"},{"seq":"204","sqcand":"140000918058","n":"13111","nm":"PEDRINA","cc":"PT","nv":" ","e":"n","st":"N\u00e3o eleito","dvt":"V\u00e1lido","vap":"17","pvap":"   0,03"},{"seq":"90","sqcand":"140000722519","n":"55000","nm":"DEUS FILHO","cc":"PSD","nv":" ","e":"n","st":"Suplente","dvt":"V\u00e1lido","vap":"139","pvap":"   0,24"},{"seq":"116","sqcand":"140001170098","n":"15615","nm":"PROFESSOR ELIO","cc":"MDB","nv":" ","e":"n","st":"Suplente","dvt":"V\u00e1lido","vap":"49","pvap":"   0,08"},{"seq":"156","sqcand":"140001256478","n":"13177","nm":"RAINERIO","cc":"PT","nv":" ","e":"n","st":"N\u00e3o eleito","dvt":"V\u00e1lido","vap":"141","pvap":"   0,24"},{"seq":"44","sqcand":"140000722484","n":"40217","nm":"RENATO ALVES","cc":"PSB","nv":" ","e":"n","st":"Suplente","dvt":"V\u00e1lido","vap":"361","pvap":"   0,61"},{"seq":"42","sqcand":"140000722526","n":"55013","nm":"PRIMO DO POVO","cc":"PSD","nv":" ","e":"n","st":"Suplente","dvt":"V\u00e1lido","vap":"366","pvap":"   0,62"},{"seq":"180","sqcand":"140000797166","n":"12230","nm":"CLEOMAR","cc":"PDT","nv":" ","e":"n","st":"N\u00e3o eleito","dvt":"V\u00e1lido","vap":"42","pvap":"   0,07"},{"seq":"43","sqcand":"140001081193","n":"45679","nm":"OLIVEIRA DO A\u00c7OUGUE","cc":"PSDB","nv":" ","e":"n","st":"Suplente","dvt":"V\u00e1lido","vap":"364","pvap":"   0,62"},{"seq":"3","sqcand":"140000722493","n":"40000","nm":"ENFERMEIRO OLAILTON","cc":"PSB","nv":" ","e":"s","st":"Eleito","dvt":"V\u00e1lido","vap":"1486","pvap":"   2,52"},{"seq":"145","sqcand":"140000722907","n":"10456","nm":"PASTOR EVILSON","cc":"REPUBLICANOS","nv":" ","e":"n","st":"N\u00e3o eleito","dvt":"V\u00e1lido","vap":"367","pvap":"   0,62"},{"seq":"10","sqcand":"140001257180","n":"22500","nm":"THAIS NASCIMENTO","cc":"PL","nv":" ","e":"s","st":"Eleito","dvt":"V\u00e1lido","vap":"784","pvap":"   1,33"},{"seq":"45","sqcand":"140000722483","n":"40234","nm":"KINHA","cc":"PSB","nv":" ","e":"n","st":"Suplente","dvt":"V\u00e1lido","vap":"346","pvap":"   0,59"},{"seq":"53","sqcand":"140000722499","n":"40111","nm":"ALCEU SURDO","cc":"PSB","nv":" ","e":"n","st":"Suplente","dvt":"V\u00e1lido","vap":"301","pvap":"   0,51"},{"seq":"191","sqcand":"140000804305","n":"50122","nm":"EDIVANIA SANTOS","cc":"PSOL","nv":" ","e":"n","st":"N\u00e3o eleito","dvt":"V\u00e1lido","vap":"32","pvap":"   0,05"},{"seq":"51","sqcand":"140000722804","n":"14001","nm":"JOSIMAR","cc":"PTB","nv":" ","e":"n","st":"Suplente","dvt":"V\u00e1lido","vap":"302","pvap":"   0,51"},{"seq":"136","sqcand":"140000722486","n":"40777","nm":"TEREZA CORREA","cc":"PSB","nv":" ","e":"n","st":"Suplente","dvt":"V\u00e1lido","vap":"5","pvap":"   0,01"},{"seq":"48","sqcand":"140001044527","n":"70111","nm":"ISAC CASA NOVA","cc":"AVANTE","nv":" ","e":"n","st":"Suplente","dvt":"V\u00e1lido","vap":"316","pvap":"   0,54"},{"seq":"207","sqcand":"140000722910","n":"10100","nm":"SUELANY SANTOS","cc":"REPUBLICANOS","nv":" ","e":"n","st":"N\u00e3o eleito","dvt":"V\u00e1lido","vap":"2","pvap":"   0,00"},{"seq":"19","sqcand":"140001170107","n":"15630","nm":"VICTOR DA FOCCUS","cc":"MDB","nv":" ","e":"n","st":"Suplente","dvt":"V\u00e1lido","vap":"834","pvap":"   1,41"},{"seq":"181","sqcand":"140000797168","n":"12111","nm":"ROBERTO DO CREDI\u00c1RIO","cc":"PDT","nv":" ","e":"n","st":"N\u00e3o eleito","dvt":"V\u00e1lido","vap":"41","pvap":"   0,07"},{"seq":"99","sqcand":"140000722737","n":"20024","nm":"PROFESSORA ODETE","cc":"PSC","nv":" ","e":"n","st":"Suplente","dvt":"V\u00e1lido","vap":"87","pvap":"   0,15"},{"seq":"118","sqcand":"140001257129","n":"22223","nm":"LOURO GAR\u00c7OM","cc":"PL","nv":" ","e":"n","st":"Suplente","dvt":"V\u00e1lido","vap":"46","pvap":"   0,08"},{"seq":"193","sqcand":"140000797156","n":"12155","nm":"NAIRA FELIPE","cc":"PDT","nv":" ","e":"n","st":"N\u00e3o eleito","dvt":"V\u00e1lido","vap":"28","pvap":"   0,05"},{"seq":"203","sqcand":"140000804299","n":"50842","nm":"PIMENTINHA","cc":"PSOL","nv":" ","e":"n","st":"N\u00e3o eleito","dvt":"V\u00e1lido","vap":"19","pvap":"   0,03"},{"seq":"179","sqcand":"140000722915","n":"10433","nm":"PORTELA","cc":"REPUBLICANOS","nv":" ","e":"n","st":"N\u00e3o eleito","dvt":"V\u00e1lido","vap":"45","pvap":"   0,08"},{"seq":"186","sqcand":"140001101729","n":"19011","nm":"IVANETE BRITO","cc":"PODE","nv":" ","e":"n","st":"N\u00e3o eleito","dvt":"V\u00e1lido","vap":"37","pvap":"   0,06"},{"seq":"157","sqcand":"140001257123","n":"27777","nm":"CHICO ANDR\u00c9","cc":"DC","nv":" ","e":"n","st":"N\u00e3o eleito","dvt":"V\u00e1lido","vap":"135","pvap":"   0,23"},{"seq":"97","sqcand":"140001044518","n":"70777","nm":"DR EDUARDO LACERDA","cc":"AVANTE","nv":" ","e":"n","st":"Suplente","dvt":"V\u00e1lido","vap":"95","pvap":"   0,16"},{"seq":"201","sqcand":"140000723318","n":"25777","nm":"ALEXSANDRO CARNEIRO","cc":"DEM","nv":" ","e":"n","st":"N\u00e3o eleito","dvt":"V\u00e1lido","vap":"20","pvap":"   0,03"},{"seq":"174","sqcand":"140000722901","n":"10371","nm":"CHIQUINHO TATTOO","cc":"REPUBLICANOS","nv":" ","e":"n","st":"N\u00e3o eleito","dvt":"V\u00e1lido","vap":"54","pvap":"   0,09"},{"seq":"183","sqcand":"140000722912","n":"10678","nm":"CEBO DA OLARIA","cc":"REPUBLICANOS","nv":" ","e":"n","st":"N\u00e3o eleito","dvt":"V\u00e1lido","vap":"39","pvap":"   0,07"},{"seq":"107","sqcand":"140000722485","n":"40021","nm":"SHEILA JURUNA","cc":"PSB","nv":" ","e":"n","st":"Suplente","dvt":"V\u00e1lido","vap":"69","pvap":"   0,12"},{"seq":"29","sqcand":"140001257136","n":"22111","nm":"ZEQUINHA TAXISTA","cc":"PL","nv":" ","e":"n","st":"Suplente","dvt":"V\u00e1lido","vap":"574","pvap":"   0,97"},{"seq":"124","sqcand":"140001081201","n":"45222","nm":"JOEL GROTA","cc":"PSDB","nv":" ","e":"n","st":"Suplente","dvt":"V\u00e1lido","vap":"35","pvap":"   0,06"},{"seq":"163","sqcand":"140000722904","n":"10000","nm":"LEANDRO","cc":"REPUBLICANOS","nv":" ","e":"n","st":"N\u00e3o eleito","dvt":"V\u00e1lido","vap":"103","pvap":"   0,17"},{"seq":"128","sqcand":"140000722742","n":"20212","nm":"ELISSANDRA","cc":"PSC","nv":" ","e":"n","st":"Suplente","dvt":"V\u00e1lido","vap":"22","pvap":"   0,04"},{"seq":"63","sqcand":"140000722487","n":"40175","nm":"WANDLAS","cc":"PSB","nv":" ","e":"n","st":"Suplente","dvt":"V\u00e1lido","vap":"262","pvap":"   0,44"},{"seq":"66","sqcand":"140000722738","n":"20234","nm":"VALDSON PAIX\u00c3O","cc":"PSC","nv":" ","e":"n","st":"Suplente","dvt":"V\u00e1lido","vap":"243","pvap":"   0,41"},{"seq":"88","sqcand":"140001044517","n":"70888","nm":"CAMBITO","cc":"AVANTE","nv":" ","e":"n","st":"Suplente","dvt":"V\u00e1lido","vap":"140","pvap":"   0,24"},{"seq":"79","sqcand":"140001044525","n":"70222","nm":"EVALDO PINCHE","cc":"AVANTE","nv":" ","e":"n","st":"Suplente","dvt":"V\u00e1lido","vap":"166","pvap":"   0,28"},{"seq":"2","sqcand":"140001170101","n":"15644","nm":"RONI HECK","cc":"MDB","nv":" ","e":"s","st":"Eleito","dvt":"V\u00e1lido","vap":"1921","pvap":"   3,26"},{"seq":"140","sqcand":"140000722903","n":"10123","nm":"KATIUSCIA","cc":"REPUBLICANOS","nv":" ","e":"n","st":"N\u00e3o eleito","dvt":"V\u00e1lido","vap":"955","pvap":"   1,62"},{"seq":"196","sqcand":"140000722914","n":"10200","nm":"LUIZINHO DA FURAC\u00c3O","cc":"REPUBLICANOS","nv":" ","e":"n","st":"N\u00e3o eleito","dvt":"V\u00e1lido","vap":"26","pvap":"   0,04"},{"seq":"149","sqcand":"140001101735","n":"19112","nm":"CLAUDIO DO POSTINHO","cc":"PODE","nv":" ","e":"n","st":"N\u00e3o eleito","dvt":"V\u00e1lido","vap":"268","pvap":"   0,45"},{"seq":"126","sqcand":"140001044522","n":"70555","nm":"JUVENAL DO \u00c1GUA AZUL","cc":"AVANTE","nv":" ","e":"n","st":"Suplente","dvt":"V\u00e1lido","vap":"25","pvap":"   0,04"},{"seq":"68","sqcand":"140000722537","n":"55456","nm":"SANTOS","cc":"PSD","nv":" ","e":"n","st":"Suplente","dvt":"V\u00e1lido","vap":"235","pvap":"   0,40"},{"seq":"72","sqcand":"140000722805","n":"14687","nm":"XIMENES","cc":"PTB","nv":" ","e":"n","st":"Suplente","dvt":"V\u00e1lido","vap":"211","pvap":"   0,36"},{"seq":"168","sqcand":"140000722911","n":"10444","nm":"IRM\u00c3 ANA LUCIA","cc":"REPUBLICANOS","nv":" ","e":"n","st":"N\u00e3o eleito","dvt":"V\u00e1lido","vap":"73","pvap":"   0,12"},{"seq":"200","sqcand":"140000723319","n":"25123","nm":"JOAO ANTONIO","cc":"DEM","nv":" ","e":"n","st":"N\u00e3o eleito","dvt":"V\u00e1lido","vap":"23","pvap":"   0,04"},{"seq":"176","sqcand":"140000804301","n":"50123","nm":"LEIRES MENEZES","cc":"PSOL","nv":" ","e":"n","st":"N\u00e3o eleito","dvt":"V\u00e1lido","vap":"51","pvap":"   0,09"},{"seq":"188","sqcand":"140000722899","n":"10007","nm":"HELISVALDO ALMEIDA","cc":"REPUBLICANOS","nv":" ","e":"n","st":"N\u00e3o eleito","dvt":"V\u00e1lido","vap":"35","pvap":"   0,06"},{"seq":"39","sqcand":"140000722536","n":"55777","nm":"NOVINHO","cc":"PSD","nv":" ","e":"n","st":"Suplente","dvt":"V\u00e1lido","vap":"381","pvap":"   0,65"},{"seq":"206","sqcand":"140000874024","n":"25001","nm":"DENISE ALVES","cc":"DEM","nv":" ","e":"n","st":"N\u00e3o eleito","dvt":"V\u00e1lido","vap":"14","pvap":"   0,02"},{"seq":"165","sqcand":"140000722902","n":"10555","nm":"LECA","cc":"REPUBLICANOS","nv":" ","e":"n","st":"N\u00e3o eleito","dvt":"V\u00e1lido","vap":"81","pvap":"   0,14"},{"seq":"38","sqcand":"140000722800","n":"14456","nm":"MARIA PAULA DO CRUZEIRO","cc":"PTB","nv":" ","e":"n","st":"Suplente","dvt":"V\u00e1lido","vap":"389","pvap":"   0,66"},{"seq":"105","sqcand":"140001257134","n":"22123","nm":"JOELZINHO DOS ASSADOS E CIA","cc":"PL","nv":" ","e":"n","st":"Suplente","dvt":"V\u00e1lido","vap":"73","pvap":"   0,12"},{"seq":"190","sqcand":"140000804300","n":"50222","nm":"NEG\u00c3O DA RESEX","cc":"PSOL","nv":" ","e":"n","st":"N\u00e3o eleito","dvt":"V\u00e1lido","vap":"32","pvap":"   0,05"},{"seq":"205","sqcand":"140000722900","n":"10011","nm":"RAIMUNDO DO CHAPEL\u00c3O","cc":"REPUBLICANOS","nv":" ","e":"n","st":"N\u00e3o eleito","dvt":"V\u00e1lido","vap":"16","pvap":"   0,03"},{"seq":"111","sqcand":"140000722524","n":"55001","nm":"C\u00c9LIA COSTUREIRA","cc":"PSD","nv":" ","e":"n","st":"Suplente","dvt":"V\u00e1lido","vap":"57","pvap":"   0,10"},{"seq":"47","sqcand":"140001170111","n":"15678","nm":"JO\u00c3O DO BISCOITO","cc":"MDB","nv":" ","e":"n","st":"Suplente","dvt":"V\u00e1lido","vap":"336","pvap":"   0,57"},{"seq":"114","sqcand":"140000722803","n":"14673","nm":"MISERIC\u00d3RDIA","cc":"PTB","nv":" ","e":"n","st":"Suplente","dvt":"V\u00e1lido","vap":"51","pvap":"   0,09"},{"seq":"172","sqcand":"140001101728","n":"19111","nm":"CICERO SILVA","cc":"PODE","nv":" ","e":"n","st":"N\u00e3o eleito","dvt":"V\u00e1lido","vap":"62","pvap":"   0,11"},{"seq":"160","sqcand":"140000797163","n":"12688","nm":"ROSE DO ASSURINI","cc":"PDT","nv":" ","e":"n","st":"N\u00e3o eleito","dvt":"V\u00e1lido","vap":"113","pvap":"   0,19"},{"seq":"155","sqcand":"140000797162","n":"12500","nm":"LUZIENE DO SUDAM II","cc":"PDT","nv":" ","e":"n","st":"N\u00e3o eleito","dvt":"V\u00e1lido","vap":"152","pvap":"   0,26"},{"seq":"138","sqcand":"140000722491","n":"40900","nm":"EUDAICY BRANDAO","cc":"PSB","nv":" ","e":"n","st":"Suplente","dvt":"V\u00e1lido","vap":"0","pvap":"00.00"},{"seq":"146","sqcand":"140000918061","n":"13250","nm":"ALDO","cc":"PT","nv":" ","e":"n","st":"N\u00e3o eleito","dvt":"V\u00e1lido","vap":"346","pvap":"   0,59"},{"seq":"102","sqcand":"140001257126","n":"22422","nm":"FABRICIO DO ESPORTE","cc":"PL","nv":" ","e":"n","st":"Suplente","dvt":"V\u00e1lido","vap":"83","pvap":"   0,14"},{"seq":"11","sqcand":"140000722802","n":"14123","nm":"DAVI TEIXEIRA","cc":"PTB","nv":" ","e":"s","st":"Eleito","dvt":"V\u00e1lido","vap":"783","pvap":"   1,33"},{"seq":"100","sqcand":"140001257147","n":"22383","nm":"PAULO BARBEIRO","cc":"PL","nv":" ","e":"n","st":"Suplente","dvt":"V\u00e1lido","vap":"87","pvap":"   0,15"},{"seq":"85","sqcand":"140000722798","n":"14333","nm":"PAULO PANTOJA","cc":"PTB","nv":" ","e":"n","st":"Suplente","dvt":"V\u00e1lido","vap":"148","pvap":"   0,25"},{"seq":"119","sqcand":"140001257160","n":"22999","nm":"SANDRA MOTA","cc":"PL","nv":" ","e":"n","st":"Suplente","dvt":"V\u00e1lido","vap":"44","pvap":"   0,07"},{"seq":"133","sqcand":"140001044528","n":"70051","nm":"JACI  DO POVO","cc":"AVANTE","nv":" ","e":"n","st":"Suplente","dvt":"V\u00e1lido","vap":"11","pvap":"   0,02"},{"seq":"113","sqcand":"140001044514","n":"70007","nm":"SANDRA NANCY","cc":"AVANTE","nv":" ","e":"n","st":"Suplente","dvt":"V\u00e1lido","vap":"57","pvap":"   0,10"},{"seq":"103","sqcand":"140000722795","n":"14222","nm":"ALTAMIRA TELES","cc":"PTB","nv":" ","e":"n","st":"Suplente","dvt":"V\u00e1lido","vap":"81","pvap":"   0,14"},{"seq":"50","sqcand":"140001170102","n":"15111","nm":"ROSANA BARBOSA","cc":"MDB","nv":" ","e":"n","st":"Suplente","dvt":"V\u00e1lido","vap":"303","pvap":"   0,51"},{"seq":"8","sqcand":"140001170103","n":"15000","nm":"JO\u00c3O DO FUSCA","cc":"MDB","nv":" ","e":"s","st":"Eleito","dvt":"V\u00e1lido","vap":"941","pvap":"   1,60"},{"seq":"61","sqcand":"140001081197","n":"45190","nm":"SARGENTO HEBSON N\u00c8","cc":"PSDB","nv":" ","e":"n","st":"Suplente","dvt":"V\u00e1lido","vap":"274","pvap":"   0,46"},{"seq":"208","sqcand":"140000797164","n":"12321","nm":"PUTY","cc":"PDT","nv":" ","e":"n","st":"N\u00e3o eleito","dvt":"V\u00e1lido","vap":"1","pvap":"   0,00"},{"seq":"142","sqcand":"140000918060","n":"13456","nm":"EDIZANGELA","cc":"PT","nv":" ","e":"n","st":"N\u00e3o eleito","dvt":"V\u00e1lido","vap":"443","pvap":"   0,75"},{"seq":"33","sqcand":"140001044524","n":"70000","nm":"ISAAC COSTA","cc":"AVANTE","nv":" ","e":"n","st":"Suplente","dvt":"V\u00e1lido","vap":"444","pvap":"   0,75"},{"seq":"95","sqcand":"140000722794","n":"14200","nm":"NILDA PAIX\u00c3O DE CRISTO","cc":"PTB","nv":" ","e":"n","st":"Suplente","dvt":"V\u00e1lido","vap":"109","pvap":"   0,18"},{"seq":"52","sqcand":"140001257177","n":"22600","nm":"SIDNEY SANTOS","cc":"PL","nv":" ","e":"n","st":"Suplente","dvt":"V\u00e1lido","vap":"302","pvap":"   0,51"},{"seq":"198","sqcand":"140000722913","n":"10184","nm":"BIIL SILVA","cc":"REPUBLICANOS","nv":" ","e":"n","st":"N\u00e3o eleito","dvt":"V\u00e1lido","vap":"25","pvap":"   0,04"},{"seq":"177","sqcand":"140000797167","n":"12000","nm":"DJ JEOV\u00c1","cc":"PDT","nv":" ","e":"n","st":"N\u00e3o eleito","dvt":"V\u00e1lido","vap":"50","pvap":"   0,08"},{"seq":"1","sqcand":"140000722807","n":"14163","nm":"PALITO","cc":"PTB","nv":" ","e":"s","st":"Eleito","dvt":"V\u00e1lido","vap":"2220","pvap":"   3,76"},{"seq":"173","sqcand":"140000722908","n":"10111","nm":"LUCIA PORCINA","cc":"REPUBLICANOS","nv":" ","e":"n","st":"N\u00e3o eleito","dvt":"V\u00e1lido","vap":"55","pvap":"   0,09"},{"seq":"60","sqcand":"140000722789","n":"14888","nm":"JO\u00c3O DA FARMACIA","cc":"PTB","nv":" ","e":"n","st":"Suplente","dvt":"V\u00e1lido","vap":"279","pvap":"   0,47"},{"seq":"71","sqcand":"140000722792","n":"14288","nm":"FABIO LEAL","cc":"PTB","nv":" ","e":"n","st":"Suplente","dvt":"V\u00e1lido","vap":"214","pvap":"   0,36"},{"seq":"15","sqcand":"140000722797","n":"14688","nm":"ENF JAIME","cc":"PTB","nv":" ","e":"s","st":"Eleito","dvt":"V\u00e1lido","vap":"563","pvap":"   0,95"},{"seq":"22","sqcand":"140000722490","n":"40500","nm":"MARCELO ALTAMIRENSE","cc":"PSB","nv":" ","e":"n","st":"Suplente","dvt":"V\u00e1lido","vap":"683","pvap":"   1,16"},{"seq":"159","sqcand":"140001257110","n":"27000","nm":"JUNINHO FIMA","cc":"DC","nv":" ","e":"n","st":"N\u00e3o eleito","dvt":"V\u00e1lido","vap":"115","pvap":"   0,20"},{"seq":"7","sqcand":"140001257179","n":"22777","nm":"TANIA DA SA\u00daDE","cc":"PL","nv":" ","e":"s","st":"Eleito","dvt":"V\u00e1lido","vap":"942","pvap":"   1,60"},{"seq":"135","sqcand":"140000722495","n":"40010","nm":"JAQUELINE","cc":"PSB","nv":" ","e":"n","st":"Suplente","dvt":"V\u00e1lido","vap":"8","pvap":"   0,01"},{"seq":"202","sqcand":"140001101733","n":"19125","nm":"TIRIRICA","cc":"PODE","nv":" ","e":"n","st":"N\u00e3o eleito","dvt":"V\u00e1lido","vap":"19","pvap":"   0,03"},{"seq":"16","sqcand":"140000722747","n":"20555","nm":"ID\u00c9LCIO DA MINAS","cc":"PSC","nv":" ","e":"n","st":"Suplente","dvt":"V\u00e1lido","vap":"898","pvap":"   1,52"},{"seq":"65","sqcand":"140000722538","n":"55055","nm":"PORTUGA","cc":"PSD","nv":" ","e":"n","st":"Suplente","dvt":"V\u00e1lido","vap":"249","pvap":"   0,42"},{"seq":"76","sqcand":"140000722539","n":"55155","nm":"TUNICO MOTO-TAXI","cc":"PSD","nv":" ","e":"n","st":"Suplente","dvt":"V\u00e1lido","vap":"185","pvap":"   0,31"},{"seq":"150","sqcand":"140000722906","n":"10700","nm":"CARLOS CALA\u00c7A","cc":"REPUBLICANOS","nv":" ","e":"n","st":"N\u00e3o eleito","dvt":"V\u00e1lido","vap":"252","pvap":"   0,43"},{"seq":"158","sqcand":"140000722905","n":"10190","nm":"VALERIA SANTOS","cc":"REPUBLICANOS","nv":" ","e":"n","st":"N\u00e3o eleito","dvt":"V\u00e1lido","vap":"116","pvap":"   0,20"},{"seq":"166","sqcand":"140000797157","n":"12140","nm":"JANNY GUEDES","cc":"PDT","nv":" ","e":"n","st":"N\u00e3o eleito","dvt":"V\u00e1lido","vap":"77","pvap":"   0,13"},{"seq":"58","sqcand":"140000722736","n":"20202","nm":"OZILDA NASCIMENTO","cc":"PSC","nv":" ","e":"n","st":"Suplente","dvt":"V\u00e1lido","vap":"285","pvap":"   0,48"},{"seq":"64","sqcand":"140000722806","n":"14322","nm":"LEILA DO CHURRASCO","cc":"PTB","nv":" ","e":"n","st":"Suplente","dvt":"V\u00e1lido","vap":"250","pvap":"   0,42"},{"seq":"18","sqcand":"140001081198","n":"45111","nm":"MERCES","cc":"PSDB","nv":" ","e":"n","st":"Suplente","dvt":"V\u00e1lido","vap":"869","pvap":"   1,47"},{"seq":"131","sqcand":"140000722535","n":"55028","nm":"LEUDIMAR ARA\u00daJO","cc":"PSD","nv":" ","e":"n","st":"Suplente","dvt":"V\u00e1lido","vap":"19","pvap":"   0,03"},{"seq":"70","sqcand":"140000722739","n":"20123","nm":"ELCIONE SOUZA","cc":"PSC","nv":" ","e":"n","st":"Suplente","dvt":"V\u00e1lido","vap":"217","pvap":"   0,37"},{"seq":"27","sqcand":"140000722530","n":"55600","nm":"GEORGE SANTAR\u00c9M","cc":"PSD","nv":" ","e":"n","st":"Suplente","dvt":"V\u00e1lido","vap":"609","pvap":"   1,03"},{"seq":"122","sqcand":"140000722531","n":"55999","nm":"ROZIANE SOUZA","cc":"PSD","nv":" ","e":"n","st":"Suplente","dvt":"V\u00e1lido","vap":"37","pvap":"   0,06"},{"seq":"167","sqcand":"140000722916","n":"10300","nm":"ALLAN KALLBERG","cc":"REPUBLICANOS","nv":" ","e":"n","st":"N\u00e3o eleito","dvt":"V\u00e1lido","vap":"77","pvap":"   0,13"},{"seq":"109","sqcand":"140000722521","n":"55023","nm":"FRANCISCO DA BEIJA FLOR","cc":"PSD","nv":" ","e":"n","st":"Suplente","dvt":"V\u00e1lido","vap":"68","pvap":"   0,12"},{"seq":"36","sqcand":"140000722527","n":"55222","nm":"GABRIELA MACIEIRA","cc":"PSD","nv":" ","e":"n","st":"Suplente","dvt":"V\u00e1lido","vap":"414","pvap":"   0,70"},{"seq":"108","sqcand":"140001081196","n":"45105","nm":"DENIVAL LEMOS","cc":"PSDB","nv":" ","e":"n","st":"Suplente","dvt":"V\u00e1lido","vap":"69","pvap":"   0,12"},{"seq":"80","sqcand":"140001170109","n":"15157","nm":"PAULO SANTA ANA","cc":"MDB","nv":" ","e":"n","st":"Suplente","dvt":"V\u00e1lido","vap":"160","pvap":"   0,27"},{"seq":"21","sqcand":"140000722480","n":"40163","nm":"JULIANO","cc":"PSB","nv":" ","e":"n","st":"Suplente","dvt":"V\u00e1lido","vap":"703","pvap":"   1,19"},{"seq":"89","sqcand":"140001257127","n":"22022","nm":"GEOVANA DO CEO","cc":"PL","nv":" ","e":"n","st":"Suplente","dvt":"V\u00e1lido","vap":"140","pvap":"   0,24"},{"seq":"40","sqcand":"140001257137","n":"22000","nm":"KABY PASSARELLI","cc":"PL","nv":" ","e":"n","st":"Suplente","dvt":"V\u00e1lido","vap":"377","pvap":"   0,64"},{"seq":"82","sqcand":"140001257146","n":"22190","nm":"ROXO VAREJAO","cc":"PL","nv":" ","e":"n","st":"Suplente","dvt":"V\u00e1lido","vap":"154","pvap":"   0,26"},{"seq":"121","sqcand":"140000722500","n":"40333","nm":"DIVINO","cc":"PSB","nv":" ","e":"n","st":"Suplente","dvt":"V\u00e1lido","vap":"41","pvap":"   0,07"},{"seq":"87","sqcand":"140000722796","n":"14246","nm":"JERCIANY GE","cc":"PTB","nv":" ","e":"n","st":"Suplente","dvt":"V\u00e1lido","vap":"141","pvap":"   0,24"},{"seq":"129","sqcand":"140000722744","n":"20777","nm":"PROFESSOR EDIMAR","cc":"PSC","nv":" ","e":"n","st":"Suplente","dvt":"V\u00e1lido","vap":"21","pvap":"   0,04"},{"seq":"170","sqcand":"140001101732","n":"19222","nm":"IZABEL DA SERESTINHA","cc":"PODE","nv":" ","e":"n","st":"N\u00e3o eleito","dvt":"V\u00e1lido","vap":"70","pvap":"   0,12"},{"seq":"199","sqcand":"140001101731","n":"19123","nm":"ROSI","cc":"PODE","nv":" ","e":"n","st":"N\u00e3o eleito","dvt":"V\u00e1lido","vap":"24","pvap":"   0,04"},{"seq":"56","sqcand":"140000722793","n":"14444","nm":"MARLENE DO MEXICANO","cc":"PTB","nv":" ","e":"n","st":"Suplente","dvt":"V\u00e1lido","vap":"295","pvap":"   0,50"},{"seq":"92","sqcand":"140000722488","n":"40100","nm":"BRENO CHARLES","cc":"PSB","nv":" ","e":"n","st":"Suplente","dvt":"V\u00e1lido","vap":"138","pvap":"   0,23"},{"seq":"93","sqcand":"140001170110","n":"15333","nm":"REGINA C\u00c9LIA","cc":"MDB","nv":" ","e":"n","st":"Suplente","dvt":"V\u00e1lido","vap":"130","pvap":"   0,22"},{"seq":"98","sqcand":"140000722533","n":"55111","nm":"PROFESSORA MEIRE RODRIGUES","cc":"PSD","nv":" ","e":"n","st":"Suplente","dvt":"V\u00e1lido","vap":"88","pvap":"   0,15"},{"seq":"139","sqcand":"140000804302","n":"50500","nm":"VITORIANO BILL","cc":"PSOL","nv":" ","e":"n","st":"N\u00e3o eleito","dvt":"V\u00e1lido","vap":"1388","pvap":"   2,35"},{"seq":"26","sqcand":"140000722492","n":"40444","nm":"TIAGO RAMOS","cc":"PSB","nv":" ","e":"n","st":"Suplente","dvt":"V\u00e1lido","vap":"636","pvap":"   1,08"},{"seq":"14","sqcand":"140001044519","n":"70456","nm":"ELADIO LAMPI\u00c3O","cc":"AVANTE","nv":" ","e":"s","st":"Eleito","dvt":"V\u00e1lido","vap":"667","pvap":"   1,13"},{"seq":"143","sqcand":"140001101734","n":"19555","nm":"CHIC\u00c3O DA LIMPEZA","cc":"PODE","nv":" ","e":"n","st":"N\u00e3o eleito","dvt":"V\u00e1lido","vap":"442","pvap":"   0,75"},{"seq":"62","sqcand":"140000722790","n":"14567","nm":"PROF JACQUELINE","cc":"PTB","nv":" ","e":"n","st":"Suplente","dvt":"V\u00e1lido","vap":"273","pvap":"   0,46"},{"seq":"153","sqcand":"140000918059","n":"13123","nm":"ERNESTO","cc":"PT","nv":" ","e":"n","st":"N\u00e3o eleito","dvt":"V\u00e1lido","vap":"184","pvap":"   0,31"},{"seq":"9","sqcand":"140000722528","n":"55123","nm":"ENFERMEIRO T\u00c9RCIO","cc":"PSD","nv":" ","e":"s","st":"Eleito","dvt":"V\u00e1lido","vap":"836","pvap":"   1,42"},{"seq":"112","sqcand":"140001081202","n":"45011","nm":"MAURO EVARISTO","cc":"PSDB","nv":" ","e":"n","st":"Suplente","dvt":"V\u00e1lido","vap":"57","pvap":"   0,10"},{"seq":"152","sqcand":"140000918056","n":"13155","nm":"SERRA","cc":"PT","nv":" ","e":"n","st":"N\u00e3o eleito","dvt":"V\u00e1lido","vap":"186","pvap":"   0,32"},{"seq":"178","sqcand":"140000797158","n":"12456","nm":"BRUNO TAXISTA","cc":"PDT","nv":" ","e":"n","st":"N\u00e3o eleito","dvt":"V\u00e1lido","vap":"49","pvap":"   0,08"},{"seq":"195","sqcand":"140000723315","n":"25551","nm":"ELIELSON CHICO TATU","cc":"DEM","nv":" ","e":"n","st":"N\u00e3o eleito","dvt":"V\u00e1lido","vap":"27","pvap":"   0,05"},{"seq":"137","sqcand":"140001044526","n":"70001","nm":"LENE SILVA","cc":"AVANTE","nv":" ","e":"n","st":"Suplente","dvt":"V\u00e1lido","vap":"1","pvap":"   0,00"},{"seq":"162","sqcand":"140000797161","n":"12555","nm":"MARCIO BOLEIRO","cc":"PDT","nv":" ","e":"n","st":"N\u00e3o eleito","dvt":"V\u00e1lido","vap":"104","pvap":"   0,18"},{"seq":"154","sqcand":"140000804298","n":"50000","nm":"ARTUR MODESTO","cc":"PSOL","nv":" ","e":"n","st":"N\u00e3o eleito","dvt":"V\u00e1lido","vap":"180","pvap":"   0,31"},{"seq":"151","sqcand":"140000804306","n":"50555","nm":"MARCO DO PSOL","cc":"PSOL","nv":" ","e":"n","st":"N\u00e3o eleito","dvt":"V\u00e1lido","vap":"202","pvap":"   0,34"},{"seq":"78","sqcand":"140000722791","n":"14220","nm":"TIMB\u00d3 DO BELA VISTA","cc":"PTB","nv":" ","e":"n","st":"Suplente","dvt":"V\u00e1lido","vap":"172","pvap":"   0,29"},{"seq":"5","sqcand":"140000722481","n":"40456","nm":"SILVANO FORTUNATO","cc":"PSB","nv":" ","e":"s","st":"Eleito","dvt":"V\u00e1lido","vap":"978","pvap":"   1,66"},{"seq":"91","sqcand":"140001044516","n":"70127","nm":"PASTOR RENATO","cc":"AVANTE","nv":" ","e":"n","st":"Suplente","dvt":"V\u00e1lido","vap":"139","pvap":"   0,24"},{"seq":"147","sqcand":"140001101730","n":"19777","nm":"ALINE JOAQUIM","cc":"PODE","nv":" ","e":"n","st":"N\u00e3o eleito","dvt":"V\u00e1lido","vap":"342","pvap":"   0,58"},{"seq":"57","sqcand":"140001257144","n":"22200","nm":"MARTH UCHOA","cc":"PL","nv":" ","e":"n","st":"Suplente","dvt":"V\u00e1lido","vap":"286","pvap":"   0,49"},{"seq":"31","sqcand":"140001170104","n":"15555","nm":"YANN\u00ca GAMA","cc":"MDB","nv":" ","e":"n","st":"Suplente","dvt":"V\u00e1lido","vap":"510","pvap":"   0,86"},{"seq":"86","sqcand":"140001257124","n":"22192","nm":"DENIS SOCORRISTA","cc":"PL","nv":" ","e":"n","st":"Suplente","dvt":"V\u00e1lido","vap":"146","pvap":"   0,25"},{"seq":"69","sqcand":"140001257161","n":"22001","nm":"SANDRA DO ASSURINI","cc":"PL","nv":" ","e":"n","st":"Suplente","dvt":"V\u00e1lido","vap":"225","pvap":"   0,38"},{"seq":"84","sqcand":"140000722799","n":"14778","nm":"PAUL\u00c3O DO ASSURINI","cc":"PTB","nv":" ","e":"n","st":"Suplente","dvt":"V\u00e1lido","vap":"150","pvap":"   0,25"},{"seq":"141","sqcand":"140001256481","n":"13500","nm":"JOSIANE","cc":"PT","nv":" ","e":"n","st":"N\u00e3o eleito","dvt":"V\u00e1lido","vap":"611","pvap":"   1,04"},{"seq":"125","sqcand":"140001081192","n":"45000","nm":"LENI ALVES ","cc":"PSDB","nv":" ","e":"n","st":"Suplente","dvt":"V\u00e1lido","vap":"31","pvap":"   0,05"},{"seq":"30","sqcand":"140001257182","n":"22222","nm":"VALB\u00c9RIO BOTELHO","cc":"PL","nv":" ","e":"n","st":"Suplente","dvt":"V\u00e1lido","vap":"559","pvap":"   0,95"},{"seq":"49","sqcand":"140001044523","n":"70123","nm":"MELANIA DO IRIRI","cc":"AVANTE","nv":" ","e":"n","st":"Suplente","dvt":"V\u00e1lido","vap":"314","pvap":"   0,53"},{"seq":"110","sqcand":"140000722496","n":"40222","nm":"PIRES","cc":"PSB","nv":" ","e":"n","st":"Suplente","dvt":"V\u00e1lido","vap":"59","pvap":"   0,10"},{"seq":"4","sqcand":"140000722746","n":"20222","nm":"NELSINHO CAMPEIRO","cc":"PSC","nv":" ","e":"s","st":"Eleito","dvt":"V\u00e1lido","vap":"1283","pvap":"   2,18"},{"seq":"59","sqcand":"140001257317","n":"45623","nm":"TI-RUI","cc":"PSDB","nv":" ","e":"n","st":"Suplente","dvt":"V\u00e1lido","vap":"282","pvap":"   0,48"},{"seq":"73","sqcand":"140000722523","n":"55789","nm":"SILVIO MOTO TAXI","cc":"PSD","nv":" ","e":"n","st":"Suplente","dvt":"V\u00e1lido","vap":"203","pvap":"   0,34"},{"seq":"197","sqcand":"140000722909","n":"10127","nm":"NELSON GOES","cc":"REPUBLICANOS","nv":" ","e":"n","st":"N\u00e3o eleito","dvt":"V\u00e1lido","vap":"25","pvap":"   0,04"},{"seq":"130","sqcand":"140001257135","n":"22193","nm":"JOYCE DA SA\u00daDE","cc":"PL","nv":" ","e":"n","st":"Suplente","dvt":"V\u00e1lido","vap":"21","pvap":"   0,04"},{"seq":"13","sqcand":"140000722520","n":"55555","nm":"DEDE","cc":"PSD","nv":" ","e":"s","st":"Eleito","dvt":"V\u00e1lido","vap":"731","pvap":"   1,24"},{"seq":"192","sqcand":"140000722917","n":"10117","nm":"FLAVIO CARVALHO","cc":"REPUBLICANOS","nv":" ","e":"n","st":"N\u00e3o eleito","dvt":"V\u00e1lido","vap":"30","pvap":"   0,05"},{"seq":"37","sqcand":"140000722745","n":"20000","nm":"DR OZIEL MENDES","cc":"PSC","nv":" ","e":"n","st":"Suplente","dvt":"V\u00e1lido","vap":"391","pvap":"   0,66"},{"seq":"209","sqcand":"140001257081","n":"27444","nm":"JOCELHA","cc":"DC","nv":" ","e":"n","st":"N\u00e3o eleito","dvt":"V\u00e1lido","vap":"0","pvap":"00.00"},{"seq":"12","sqcand":"140000722482","n":"40555","nm":"ASSIS CUNHA","cc":"PSB","nv":" ","e":"s","st":"Eleito","dvt":"V\u00e1lido","vap":"767","pvap":"   1,30"},{"seq":"46","sqcand":"140000722788","n":"14777","nm":"PEDRO PASSOS","cc":"PTB","nv":" ","e":"n","st":"Suplente","dvt":"V\u00e1lido","vap":"340","pvap":"   0,58"},{"seq":"25","sqcand":"140001081203","n":"45678","nm":"SENHORINHA","cc":"PSDB","nv":" ","e":"n","st":"Suplente","dvt":"V\u00e1lido","vap":"642","pvap":"   1,09"},{"seq":"144","sqcand":"140001257079","n":"27007","nm":"GILSON MAN\u00c1","cc":"DC","nv":" ","e":"n","st":"N\u00e3o eleito","dvt":"V\u00e1lido","vap":"396","pvap":"   0,67"},{"seq":"164","sqcand":"140000797160","n":"12333","nm":"TESTA","cc":"PDT","nv":" ","e":"n","st":"N\u00e3o eleito","dvt":"V\u00e1lido","vap":"85","pvap":"   0,14"},{"seq":"132","sqcand":"140001044521","n":"70077","nm":"CLEIDINHA","cc":"AVANTE","nv":" ","e":"n","st":"Suplente","dvt":"V\u00e1lido","vap":"18","pvap":"   0,03"},{"seq":"6","sqcand":"140001081199","n":"45555","nm":"ENFERMEIRA SOCORRO","cc":"PSDB","nv":" ","e":"s","st":"Eleito","dvt":"V\u00e1lido","vap":"970","pvap":"   1,64"},{"seq":"120","sqcand":"140000722525","n":"55678","nm":"YURI GUEDES","cc":"PSD","nv":" ","e":"n","st":"Suplente","dvt":"V\u00e1lido","vap":"43","pvap":"   0,07"},{"seq":"75","sqcand":"140000722741","n":"20200","nm":"PROF BASTIMEU BACELAR","cc":"PSC","nv":" ","e":"n","st":"Suplente","dvt":"V\u00e1lido","vap":"194","pvap":"   0,33"},{"seq":"77","sqcand":"140000722498","n":"40140","nm":"NICE ATACAD\u00c3O","cc":"PSB","nv":" ","e":"n","st":"Suplente","dvt":"V\u00e1lido","vap":"176","pvap":"   0,30"},{"seq":"94","sqcand":"140001257201","n":"22433","nm":"WELISGOL","cc":"PL","nv":" ","e":"n","st":"Suplente","dvt":"V\u00e1lido","vap":"124","pvap":"   0,21"},{"seq":"134","sqcand":"140000722534","n":"55107","nm":"REGINA CAETANO","cc":"PSD","nv":" ","e":"n","st":"Suplente","dvt":"V\u00e1lido","vap":"10","pvap":"   0,02"},{"seq":"101","sqcand":"140000722540","n":"55333","nm":"VENTANIA","cc":"PSD","nv":" ","e":"n","st":"Suplente","dvt":"V\u00e1lido","vap":"83","pvap":"   0,14"},{"seq":"20","sqcand":"140001170097","n":"15665","nm":"IRENILDE ZADIL","cc":"MDB","nv":" ","e":"n","st":"Suplente","dvt":"V\u00e1lido","vap":"768","pvap":"   1,30"},{"seq":"74","sqcand":"140000722801","n":"14177","nm":"SINEZIO FREITAS","cc":"PTB","nv":" ","e":"n","st":"Suplente","dvt":"V\u00e1lido","vap":"203","pvap":"   0,34"}]}
