{"ele":"426","tpabr":"mu","cdabr":"04286","carper":"13","t":"1","f":"o","dt":"15/11/2020","ht":"22:14:42","dv":"s","tf":"s","v":"11","esae":"n","mnae":"","s":"37","st":"37","pst":" 100,00","snt":"0","psnt":"   0,00","si":"37","psi":" 100,00","sni":"0","psni":"   0,00","sa":"37","psa":" 100,00","sna":"0","psna":"   0,00","e":"11300","ea":"11300","pea":" 100,00","ena":"0","pena":"   0,00","esi":"11300","pesi":" 100,00","esni":"0","pesni":"   0,00","c":"8703","pc":"  77,02","a":"2597","pa":"  22,98","vscv":"0","vnom":"7931","vl":"462","pvnom":"  94,50","pvl":"   5,50","vvc":"8393","pvvc":"  96,44","vb":"71","pvb":"   0,81","tvn":"239","ptvn":"   2,75","vn":"239","pvn":" 100,00","vnt":"0","pvnt":"   0,00","vp":"0","pvp":"   0,00","vv":"8393","pvv":" 100,00","van":"0","pvan":"   0,00","vansj":"0","pvansj":"   0,00","tv":"8703","cand":[{"seq":"42","sqcand":"140000969859","n":"20210","nm":"SONZIM","cc":"PSC","nv":" ","e":"n","st":"Suplente","dvt":"V\u00e1lido","vap":"54","pvap":"   0,64"},{"seq":"28","sqcand":"140001209986","n":"22346","nm":"JARCY","cc":"PL","nv":" ","e":"n","st":"Suplente","dvt":"V\u00e1lido","vap":"117","pvap":"   1,39"},{"seq":"49","sqcand":"140001210528","n":"45111","nm":"CRISTINA DINIZ","cc":"PSDB","nv":" ","e":"n","st":"Suplente","dvt":"V\u00e1lido","vap":"6","pvap":"   0,07"},{"seq":"47","sqcand":"140000969855","n":"20000","nm":"DEBORA DA VINTE E DOIS","cc":"PSC","nv":" ","e":"n","st":"Suplente","dvt":"V\u00e1lido","vap":"11","pvap":"   0,13"},{"seq":"25","sqcand":"140000969865","n":"20456","nm":"BRIZOLA","cc":"PSC","nv":" ","e":"n","st":"Suplente","dvt":"V\u00e1lido","vap":"132","pvap":"   1,57"},{"seq":"22","sqcand":"140000969860","n":"20300","nm":"CAK DO PIMENTAL","cc":"PSC","nv":" ","e":"n","st":"Suplente","dvt":"V\u00e1lido","vap":"148","pvap":"   1,76"},{"seq":"2","sqcand":"140001210537","n":"45456","nm":"LUIZ CUTIA","cc":"PSDB","nv":" ","e":"s","st":"Eleito","dvt":"V\u00e1lido","vap":"349","pvap":"   4,16"},{"seq":"34","sqcand":"140000969863","n":"20789","nm":"JC DO CARACOL","cc":"PSC","nv":" ","e":"n","st":"Suplente","dvt":"V\u00e1lido","vap":"93","pvap":"   1,11"},{"seq":"45","sqcand":"140001210531","n":"45174","nm":"JUANILHA","cc":"PSDB","nv":" ","e":"n","st":"Suplente","dvt":"V\u00e1lido","vap":"12","pvap":"   0,14"},{"seq":"1","sqcand":"140000778015","n":"15456","nm":"ELIS","cc":"MDB","nv":" ","e":"s","st":"Eleito","dvt":"V\u00e1lido","vap":"477","pvap":"   5,68"},{"seq":"9","sqcand":"140000969854","n":"20700","nm":"JO\u00c3O NATANAEL","cc":"PSC","nv":" ","e":"s","st":"Eleito","dvt":"V\u00e1lido","vap":"206","pvap":"   2,45"},{"seq":"50","sqcand":"140001210533","n":"45000","nm":"PITY","cc":"PSDB","nv":" ","e":"n","st":"Suplente","dvt":"V\u00e1lido","vap":"5","pvap":"   0,06"},{"seq":"24","sqcand":"140001209983","n":"22022","nm":"JOZIVALDO PIMENTAL","cc":"PL","nv":" ","e":"n","st":"Suplente","dvt":"V\u00e1lido","vap":"138","pvap":"   1,64"},{"seq":"46","sqcand":"140000778004","n":"15015","nm":"PIPOCA","cc":"MDB","nv":" ","e":"n","st":"Suplente","dvt":"V\u00e1lido","vap":"11","pvap":"   0,13"},{"seq":"37","sqcand":"140001210536","n":"45555","nm":"ALDA DO BAGUCINHA","cc":"PSDB","nv":" ","e":"n","st":"Suplente","dvt":"V\u00e1lido","vap":"79","pvap":"   0,94"},{"seq":"48","sqcand":"140001210529","n":"45122","nm":"ALCENOR","cc":"PSDB","nv":" ","e":"n","st":"Suplente","dvt":"V\u00e1lido","vap":"10","pvap":"   0,12"},{"seq":"57","sqcand":"140000759076","n":"10000","nm":"ENFERMEIRA HILDA","cc":"REPUBLICANOS","nv":" ","e":"n","st":"N\u00e3o eleito","dvt":"V\u00e1lido","vap":"18","pvap":"   0,21"},{"seq":"41","sqcand":"140001209982","n":"22177","nm":"EDINHO DO CARACOL","cc":"PL","nv":" ","e":"n","st":"Suplente","dvt":"V\u00e1lido","vap":"59","pvap":"   0,70"},{"seq":"36","sqcand":"140000778009","n":"15000","nm":"REGINALDO","cc":"MDB","nv":" ","e":"n","st":"Suplente","dvt":"V\u00e1lido","vap":"80","pvap":"   0,95"},{"seq":"26","sqcand":"140001209980","n":"22456","nm":"L\u00daCIA DO MARQUINHOS","cc":"PL","nv":" ","e":"n","st":"Suplente","dvt":"V\u00e1lido","vap":"121","pvap":"   1,44"},{"seq":"10","sqcand":"140001209989","n":"22645","nm":"FERRARI","cc":"PL","nv":" ","e":"s","st":"Eleito","dvt":"V\u00e1lido","vap":"180","pvap":"   2,14"},{"seq":"11","sqcand":"140001209979","n":"22222","nm":"ABIROBALDO","cc":"PL","nv":" ","e":"s","st":"Eleito","dvt":"V\u00e1lido","vap":"158","pvap":"   1,88"},{"seq":"35","sqcand":"140000778013","n":"15777","nm":"JUJU","cc":"MDB","nv":" ","e":"n","st":"Suplente","dvt":"V\u00e1lido","vap":"86","pvap":"   1,02"},{"seq":"15","sqcand":"140000778003","n":"15678","nm":"JANETE LEAL","cc":"MDB","nv":" ","e":"n","st":"Suplente","dvt":"V\u00e1lido","vap":"235","pvap":"   2,80"},{"seq":"51","sqcand":"140000969864","n":"20800","nm":"IRM\u00c3 MARTA","cc":"PSC","nv":" ","e":"n","st":"Suplente","dvt":"V\u00e1lido","vap":"3","pvap":"   0,04"},{"seq":"29","sqcand":"140000778012","n":"15555","nm":"LEOCADIO","cc":"MDB","nv":" ","e":"n","st":"Suplente","dvt":"V\u00e1lido","vap":"117","pvap":"   1,39"},{"seq":"8","sqcand":"140000778008","n":"15163","nm":"DINDA PALMITEIRO","cc":"MDB","nv":" ","e":"s","st":"Eleito","dvt":"V\u00e1lido","vap":"280","pvap":"   3,34"},{"seq":"20","sqcand":"140000969866","n":"20100","nm":"SALETE DO JAMANXIM","cc":"PSC","nv":" ","e":"n","st":"Suplente","dvt":"V\u00e1lido","vap":"171","pvap":"   2,04"},{"seq":"6","sqcand":"140000778014","n":"15630","nm":"ARIDELSON","cc":"MDB","nv":" ","e":"s","st":"Eleito","dvt":"V\u00e1lido","vap":"306","pvap":"   3,65"},{"seq":"33","sqcand":"140001209985","n":"22345","nm":"JONY ESPORTE","cc":"PL","nv":" ","e":"n","st":"Suplente","dvt":"V\u00e1lido","vap":"103","pvap":"   1,23"},{"seq":"7","sqcand":"140000778010","n":"15177","nm":"ZEZINHO DA ZANE","cc":"MDB","nv":" ","e":"s","st":"Eleito","dvt":"V\u00e1lido","vap":"288","pvap":"   3,43"},{"seq":"13","sqcand":"140001210530","n":"45678","nm":"BETONA","cc":"PSDB","nv":" ","e":"n","st":"Suplente","dvt":"V\u00e1lido","vap":"267","pvap":"   3,18"},{"seq":"31","sqcand":"140001209987","n":"22160","nm":"TIAGO FERREIRA","cc":"PL","nv":" ","e":"n","st":"Suplente","dvt":"V\u00e1lido","vap":"113","pvap":"   1,35"},{"seq":"53","sqcand":"140000759077","n":"10222","nm":"MACEDO","cc":"REPUBLICANOS","nv":" ","e":"n","st":"N\u00e3o eleito","dvt":"V\u00e1lido","vap":"62","pvap":"   0,74"},{"seq":"21","sqcand":"140001209988","n":"22777","nm":"UDI TAXISTA","cc":"PL","nv":" ","e":"n","st":"Suplente","dvt":"V\u00e1lido","vap":"157","pvap":"   1,87"},{"seq":"12","sqcand":"140001210527","n":"45123","nm":"PEDRO DO CACAU","cc":"PSDB","nv":" ","e":"n","st":"Suplente","dvt":"V\u00e1lido","vap":"323","pvap":"   3,85"},{"seq":"27","sqcand":"140000969867","n":"20163","nm":"VALDON","cc":"PSC","nv":" ","e":"n","st":"Suplente","dvt":"V\u00e1lido","vap":"120","pvap":"   1,43"},{"seq":"56","sqcand":"140001269762","n":"13131","nm":"PRETA DO TUCANAR\u00c9","cc":"PT","nv":" ","e":"n","st":"N\u00e3o eleito","dvt":"V\u00e1lido","vap":"21","pvap":"   0,25"},{"seq":"18","sqcand":"140000778011","n":"15123","nm":"MARINILDO DO PIMENTAL","cc":"MDB","nv":" ","e":"n","st":"Suplente","dvt":"V\u00e1lido","vap":"181","pvap":"   2,16"},{"seq":"43","sqcand":"140000969861","n":"20111","nm":"SOL IRM\u00c3 DO ZOMIM TAXISTA","cc":"PSC","nv":" ","e":"n","st":"Suplente","dvt":"V\u00e1lido","vap":"18","pvap":"   0,21"},{"seq":"44","sqcand":"140000778007","n":"15333","nm":"WELITONN","cc":"MDB","nv":" ","e":"n","st":"Suplente","dvt":"V\u00e1lido","vap":"17","pvap":"   0,20"},{"seq":"58","sqcand":"140000759073","n":"10001","nm":"ELLEN","cc":"REPUBLICANOS","nv":" ","e":"n","st":"N\u00e3o eleito","dvt":"V\u00e1lido","vap":"10","pvap":"   0,12"},{"seq":"54","sqcand":"140000759078","n":"10555","nm":"GORDINHO DO PIMENTAL","cc":"REPUBLICANOS","nv":" ","e":"n","st":"N\u00e3o eleito","dvt":"V\u00e1lido","vap":"40","pvap":"   0,48"},{"seq":"40","sqcand":"140001219759","n":"20333","nm":"GILSON DO ZE VAQUEIRO","cc":"PSC","nv":" ","e":"n","st":"Suplente","dvt":"V\u00e1lido","vap":"66","pvap":"   0,79"},{"seq":"23","sqcand":"140001209990","n":"22333","nm":"ISIQUIEL","cc":"PL","nv":" ","e":"n","st":"Suplente","dvt":"V\u00e1lido","vap":"147","pvap":"   1,75"},{"seq":"17","sqcand":"140000969862","n":"20123","nm":"GESSE MARANATA","cc":"PSC","nv":" ","e":"n","st":"Suplente","dvt":"V\u00e1lido","vap":"202","pvap":"   2,41"},{"seq":"3","sqcand":"140001210534","n":"45234","nm":"ELIABE LOPES","cc":"PSDB","nv":" ","e":"s","st":"Eleito","dvt":"V\u00e1lido","vap":"325","pvap":"   3,87"},{"seq":"55","sqcand":"140000970220","n":"13123","nm":"CICERO DO SINDICATO","cc":"PT","nv":" ","e":"n","st":"N\u00e3o eleito","dvt":"V\u00e1lido","vap":"26","pvap":"   0,31"},{"seq":"39","sqcand":"140001210532","n":"45777","nm":"JANAINA MEDINA","cc":"PSDB","nv":" ","e":"n","st":"Suplente","dvt":"V\u00e1lido","vap":"69","pvap":"   0,82"},{"seq":"16","sqcand":"140001210535","n":"45330","nm":"NANANI","cc":"PSDB","nv":" ","e":"n","st":"Suplente","dvt":"V\u00e1lido","vap":"203","pvap":"   2,42"},{"seq":"4","sqcand":"140000969858","n":"20222","nm":"FRANK SOUSA","cc":"PSC","nv":" ","e":"s","st":"Eleito","dvt":"V\u00e1lido","vap":"324","pvap":"   3,86"},{"seq":"19","sqcand":"140000969857","n":"20200","nm":"FRANCIELA BARASUOL","cc":"PSC","nv":" ","e":"n","st":"Suplente","dvt":"V\u00e1lido","vap":"174","pvap":"   2,07"},{"seq":"38","sqcand":"140001209981","n":"22000","nm":"JO\u00c3OZINHO PARIRIR","cc":"PL","nv":" ","e":"n","st":"Suplente","dvt":"V\u00e1lido","vap":"71","pvap":"   0,85"},{"seq":"30","sqcand":"140001209984","n":"22123","nm":"PROFESSORA MIRIAN FERREIRA","cc":"PL","nv":" ","e":"n","st":"Suplente","dvt":"V\u00e1lido","vap":"113","pvap":"   1,35"},{"seq":"5","sqcand":"140000778005","n":"15222","nm":"POLIANA","cc":"MDB","nv":" ","e":"s","st":"Eleito","dvt":"V\u00e1lido","vap":"319","pvap":"   3,80"},{"seq":"32","sqcand":"140000778006","n":"15620","nm":"LEIDE DO DAILSON","cc":"MDB","nv":" ","e":"n","st":"Suplente","dvt":"V\u00e1lido","vap":"110","pvap":"   1,31"},{"seq":"14","sqcand":"140000778002","n":"15111","nm":"TOINHO","cc":"MDB","nv":" ","e":"n","st":"Suplente","dvt":"V\u00e1lido","vap":"247","pvap":"   2,94"},{"seq":"52","sqcand":"140000759074","n":"10125","nm":"DOROCA","cc":"REPUBLICANOS","nv":" ","e":"n","st":"N\u00e3o eleito","dvt":"V\u00e1lido","vap":"153","pvap":"   1,82"}]}
