{"ele":"426","tpabr":"mu","cdabr":"04308","carper":"13","t":"1","f":"o","dt":"15/11/2020","ht":"22:04:18","dv":"s","tf":"s","v":"9","esae":"n","mnae":"","s":"24","st":"24","pst":" 100,00","snt":"0","psnt":"   0,00","si":"24","psi":" 100,00","sni":"0","psni":"   0,00","sa":"24","psa":" 100,00","sna":"0","psna":"   0,00","e":"7701","ea":"7701","pea":" 100,00","ena":"0","pena":"   0,00","esi":"7701","pesi":" 100,00","esni":"0","pesni":"   0,00","c":"6025","pc":"  78,24","a":"1676","pa":"  21,76","vscv":"0","vnom":"5579","vl":"263","pvnom":"  95,50","pvl":"   4,50","vvc":"5842","pvvc":"  96,96","vb":"29","pvb":"   0,48","tvn":"154","ptvn":"   2,56","vn":"154","pvn":" 100,00","vnt":"0","pvnt":"   0,00","vp":"0","pvp":"   0,00","vv":"5842","pvv":" 100,00","van":"0","pvan":"   0,00","vansj":"0","pvansj":"   0,00","tv":"6025","cand":[{"seq":"3","sqcand":"140001252707","n":"15000","nm":"MAGUILA","cc":"MDB","nv":" ","e":"s","st":"Eleito","dvt":"V\u00e1lido","vap":"294","pvap":"   5,03"},{"seq":"31","sqcand":"140001252715","n":"15115","nm":"DHULIA","cc":"MDB","nv":" ","e":"n","st":"Suplente","dvt":"V\u00e1lido","vap":"61","pvap":"   1,04"},{"seq":"20","sqcand":"140001252577","n":"77789","nm":"ALEXANDRE DO CHAGAS","cc":"SOLIDARIEDADE","nv":" ","e":"n","st":"Suplente","dvt":"V\u00e1lido","vap":"100","pvap":"   1,71"},{"seq":"4","sqcand":"140000830096","n":"55444","nm":"JEDSON DA MARLI","cc":"PSD","nv":" ","e":"s","st":"Eleito","dvt":"V\u00e1lido","vap":"224","pvap":"   3,83"},{"seq":"7","sqcand":"140001252717","n":"15123","nm":"NEIVALDO SANTOS","cc":"MDB","nv":" ","e":"s","st":"Eleito","dvt":"V\u00e1lido","vap":"182","pvap":"   3,12"},{"seq":"19","sqcand":"140000830101","n":"55255","nm":"SYDNEI DA AMBUL\u00c2NCIA","cc":"PSD","nv":" ","e":"n","st":"Suplente","dvt":"V\u00e1lido","vap":"105","pvap":"   1,80"},{"seq":"22","sqcand":"140001252708","n":"15222","nm":"PROFESSOR ZEZINHO DA MARAJOARA","cc":"MDB","nv":" ","e":"n","st":"Suplente","dvt":"V\u00e1lido","vap":"89","pvap":"   1,52"},{"seq":"2","sqcand":"140000829765","n":"20111","nm":"CHIQUINHO DA AGROCAMPO","cc":"PSC","nv":" ","e":"s","st":"Eleito","dvt":"V\u00e1lido","vap":"365","pvap":"   6,25"},{"seq":"24","sqcand":"140000825776","n":"19222","nm":"CA\u00c7ULA","cc":"PODE","nv":" ","e":"n","st":"Suplente","dvt":"V\u00e1lido","vap":"75","pvap":"   1,28"},{"seq":"66","sqcand":"140001252584","n":"45555","nm":"FRANCISCA DOS SANTOS","cc":"PSDB","nv":" ","e":"n","st":"N\u00e3o eleito","dvt":"V\u00e1lido","vap":"23","pvap":"   0,39"},{"seq":"42","sqcand":"140000830106","n":"55545","nm":"RONALDO DA MARAJOARA","cc":"PSD","nv":" ","e":"n","st":"Suplente","dvt":"V\u00e1lido","vap":"27","pvap":"   0,46"},{"seq":"10","sqcand":"140000830102","n":"55555","nm":"CHARLES ALVES","cc":"PSD","nv":" ","e":"n","st":"Suplente","dvt":"V\u00e1lido","vap":"197","pvap":"   3,37"},{"seq":"54","sqcand":"140000830103","n":"55777","nm":"V\u00c2NIA LOPES","cc":"PSD","nv":" ","e":"n","st":"Suplente","dvt":"V\u00e1lido","vap":"10","pvap":"   0,17"},{"seq":"25","sqcand":"140001252576","n":"77177","nm":"HENRIQUE DA BOA SORTE","cc":"SOLIDARIEDADE","nv":" ","e":"n","st":"Suplente","dvt":"V\u00e1lido","vap":"75","pvap":"   1,28"},{"seq":"45","sqcand":"140001252713","n":"15100","nm":"DJ MARIO","cc":"MDB","nv":" ","e":"n","st":"Suplente","dvt":"V\u00e1lido","vap":"25","pvap":"   0,43"},{"seq":"13","sqcand":"140000825773","n":"19000","nm":"NUBIA NUNES","cc":"PODE","nv":" ","e":"n","st":"Suplente","dvt":"V\u00e1lido","vap":"172","pvap":"   2,94"},{"seq":"21","sqcand":"140000829770","n":"20345","nm":"TATIELLY ANDRADE","cc":"PSC","nv":" ","e":"n","st":"Suplente","dvt":"V\u00e1lido","vap":"92","pvap":"   1,57"},{"seq":"55","sqcand":"140000829768","n":"20201","nm":"ER\u00c9 DO GRAU","cc":"PSC","nv":" ","e":"n","st":"Suplente","dvt":"V\u00e1lido","vap":"10","pvap":"   0,17"},{"seq":"46","sqcand":"140000830093","n":"55123","nm":"JOANA D ARC ENFERMEIRA","cc":"PSD","nv":" ","e":"n","st":"Suplente","dvt":"V\u00e1lido","vap":"23","pvap":"   0,39"},{"seq":"50","sqcand":"140000830095","n":"55525","nm":"PRETINHA","cc":"PSD","nv":" ","e":"n","st":"Suplente","dvt":"V\u00e1lido","vap":"15","pvap":"   0,26"},{"seq":"73","sqcand":"140000823285","n":"13789","nm":"CLA\u00daDIA DO ARAX\u00c1","cc":"PT","nv":" ","e":"n","st":"N\u00e3o eleito","dvt":"V\u00e1lido","vap":"2","pvap":"   0,03"},{"seq":"28","sqcand":"140001252711","n":"15789","nm":"BAIXIM DA RITA","cc":"MDB","nv":" ","e":"n","st":"Suplente","dvt":"V\u00e1lido","vap":"68","pvap":"   1,16"},{"seq":"6","sqcand":"140000829772","n":"20222","nm":"DECO DA BOA SORTE","cc":"PSC","nv":" ","e":"s","st":"Eleito","dvt":"V\u00e1lido","vap":"200","pvap":"   3,42"},{"seq":"23","sqcand":"140001252572","n":"77123","nm":"LUZAMOR DO ESCONDINDO","cc":"SOLIDARIEDADE","nv":" ","e":"n","st":"Suplente","dvt":"V\u00e1lido","vap":"85","pvap":"   1,45"},{"seq":"8","sqcand":"140000825771","n":"19111","nm":"JO\u00c3O PAULO","cc":"PODE","nv":" ","e":"s","st":"Eleito","dvt":"V\u00e1lido","vap":"174","pvap":"   2,98"},{"seq":"72","sqcand":"140001252582","n":"45000","nm":"ELIZA SANTOS","cc":"PSDB","nv":" ","e":"n","st":"N\u00e3o eleito","dvt":"V\u00e1lido","vap":"4","pvap":"   0,07"},{"seq":"18","sqcand":"140000830099","n":"55111","nm":"PROFESSOR CLEUTON","cc":"PSD","nv":" ","e":"n","st":"Suplente","dvt":"V\u00e1lido","vap":"108","pvap":"   1,85"},{"seq":"15","sqcand":"140000829764","n":"20789","nm":"ROG\u00c9RIO","cc":"PSC","nv":" ","e":"n","st":"Suplente","dvt":"V\u00e1lido","vap":"153","pvap":"   2,62"},{"seq":"33","sqcand":"140000825770","n":"19999","nm":"ODIVAIR","cc":"PODE","nv":" ","e":"n","st":"Suplente","dvt":"V\u00e1lido","vap":"55","pvap":"   0,94"},{"seq":"14","sqcand":"140000830100","n":"55000","nm":"MARC\u00c3O DO POVO","cc":"PSD","nv":" ","e":"n","st":"Suplente","dvt":"V\u00e1lido","vap":"169","pvap":"   2,89"},{"seq":"9","sqcand":"140001252579","n":"77444","nm":"SANDRINHA DO CONSELHO","cc":"SOLIDARIEDADE","nv":" ","e":"s","st":"Eleito","dvt":"V\u00e1lido","vap":"121","pvap":"   2,07"},{"seq":"67","sqcand":"140000823288","n":"13111","nm":"CONCEI\u00c7\u00c3O DO SANTO ANT\u00d4NIO","cc":"PT","nv":" ","e":"n","st":"N\u00e3o eleito","dvt":"V\u00e1lido","vap":"21","pvap":"   0,36"},{"seq":"41","sqcand":"140000825772","n":"19123","nm":"PROFESSORA FRANCISCA","cc":"PODE","nv":" ","e":"n","st":"Suplente","dvt":"V\u00e1lido","vap":"38","pvap":"   0,65"},{"seq":"34","sqcand":"140000830105","n":"55333","nm":"MARCIO TENORIO","cc":"PSD","nv":" ","e":"n","st":"Suplente","dvt":"V\u00e1lido","vap":"50","pvap":"   0,86"},{"seq":"36","sqcand":"140001252574","n":"77888","nm":"BEPRON KAYAP\u00d3","cc":"SOLIDARIEDADE","nv":" ","e":"n","st":"Suplente","dvt":"V\u00e1lido","vap":"45","pvap":"   0,77"},{"seq":"47","sqcand":"140001252719","n":"15777","nm":"MARIA JOSE","cc":"MDB","nv":" ","e":"n","st":"Suplente","dvt":"V\u00e1lido","vap":"20","pvap":"   0,34"},{"seq":"12","sqcand":"140000825779","n":"19555","nm":"JUVENAL DO FERREIRINHA","cc":"PODE","nv":" ","e":"n","st":"Suplente","dvt":"V\u00e1lido","vap":"173","pvap":"   2,96"},{"seq":"17","sqcand":"140001252709","n":"15555","nm":"PROFESSOR FRANCISCO","cc":"MDB","nv":" ","e":"n","st":"Suplente","dvt":"V\u00e1lido","vap":"112","pvap":"   1,92"},{"seq":"53","sqcand":"140001252581","n":"77222","nm":"VALDIRENE","cc":"SOLIDARIEDADE","nv":" ","e":"n","st":"Suplente","dvt":"V\u00e1lido","vap":"10","pvap":"   0,17"},{"seq":"71","sqcand":"140000823283","n":"13222","nm":"DIVINO DO COBRELOA","cc":"PT","nv":" ","e":"n","st":"N\u00e3o eleito","dvt":"V\u00e1lido","vap":"5","pvap":"   0,09"},{"seq":"52","sqcand":"140001252712","n":"15888","nm":"VERONICA SOARES","cc":"MDB","nv":" ","e":"n","st":"Suplente","dvt":"V\u00e1lido","vap":"13","pvap":"   0,22"},{"seq":"35","sqcand":"140000825769","n":"19345","nm":"HELENINHA","cc":"PODE","nv":" ","e":"n","st":"Suplente","dvt":"V\u00e1lido","vap":"48","pvap":"   0,82"},{"seq":"30","sqcand":"140001252714","n":"15444","nm":"EDIVAN BARBOSA","cc":"MDB","nv":" ","e":"n","st":"Suplente","dvt":"V\u00e1lido","vap":"63","pvap":"   1,08"},{"seq":"29","sqcand":"140000829773","n":"20333","nm":"TOTE","cc":"PSC","nv":" ","e":"n","st":"Suplente","dvt":"V\u00e1lido","vap":"63","pvap":"   1,08"},{"seq":"65","sqcand":"140000823282","n":"13123","nm":"G\u00c9SIO SANTOS","cc":"PT","nv":" ","e":"n","st":"N\u00e3o eleito","dvt":"V\u00e1lido","vap":"24","pvap":"   0,41"},{"seq":"39","sqcand":"140001252575","n":"77555","nm":"ALANA CATANHEDE","cc":"SOLIDARIEDADE","nv":" ","e":"n","st":"Suplente","dvt":"V\u00e1lido","vap":"40","pvap":"   0,68"},{"seq":"62","sqcand":"140000825778","n":"19234","nm":"TIAGO DO VALE DA BEN\u00c7\u00c3O","cc":"PODE","nv":" ","e":"n","st":"Suplente","dvt":"V\u00e1lido","vap":"6","pvap":"   0,10"},{"seq":"64","sqcand":"140000823290","n":"13333","nm":"ALONSO DO SINDICATO","cc":"PT","nv":" ","e":"n","st":"N\u00e3o eleito","dvt":"V\u00e1lido","vap":"49","pvap":"   0,84"},{"seq":"69","sqcand":"140000823287","n":"13456","nm":"DIRCE DA MARAJOARA","cc":"PT","nv":" ","e":"n","st":"N\u00e3o eleito","dvt":"V\u00e1lido","vap":"7","pvap":"   0,12"},{"seq":"74","sqcand":"140000823289","n":"13000","nm":"JAZON MARAJOARA","cc":"PT","nv":" ","e":"n","st":"N\u00e3o eleito","dvt":"V\u00e1lido","vap":"2","pvap":"   0,03"},{"seq":"57","sqcand":"140000829771","n":"20444","nm":"SILVONE","cc":"PSC","nv":" ","e":"n","st":"Suplente","dvt":"V\u00e1lido","vap":"7","pvap":"   0,12"},{"seq":"11","sqcand":"140001252718","n":"15678","nm":"DINEI","cc":"MDB","nv":" ","e":"n","st":"Suplente","dvt":"V\u00e1lido","vap":"176","pvap":"   3,01"},{"seq":"60","sqcand":"140000830104","n":"55888","nm":"DIONISIA HENRIQUE","cc":"PSD","nv":" ","e":"n","st":"Suplente","dvt":"V\u00e1lido","vap":"6","pvap":"   0,10"},{"seq":"27","sqcand":"140001252573","n":"77111","nm":"BERG VALADARES","cc":"SOLIDARIEDADE","nv":" ","e":"n","st":"Suplente","dvt":"V\u00e1lido","vap":"70","pvap":"   1,20"},{"seq":"59","sqcand":"140001252580","n":"77007","nm":"EDIMAR","cc":"SOLIDARIEDADE","nv":" ","e":"n","st":"Suplente","dvt":"V\u00e1lido","vap":"7","pvap":"   0,12"},{"seq":"16","sqcand":"140000825775","n":"19888","nm":"LEOZANY ALVES","cc":"PODE","nv":" ","e":"n","st":"Suplente","dvt":"V\u00e1lido","vap":"144","pvap":"   2,46"},{"seq":"43","sqcand":"140000825777","n":"19333","nm":"CIRO","cc":"PODE","nv":" ","e":"n","st":"Suplente","dvt":"V\u00e1lido","vap":"25","pvap":"   0,43"},{"seq":"49","sqcand":"140000830097","n":"55222","nm":"DIVINO GUALBERTO","cc":"PSD","nv":" ","e":"n","st":"Suplente","dvt":"V\u00e1lido","vap":"17","pvap":"   0,29"},{"seq":"1","sqcand":"140000825774","n":"19777","nm":"CLEITINHO","cc":"PODE","nv":" ","e":"s","st":"Eleito","dvt":"V\u00e1lido","vap":"371","pvap":"   6,35"},{"seq":"40","sqcand":"140000829769","n":"20000","nm":"SANDRO KAYAP\u00d3","cc":"PSC","nv":" ","e":"n","st":"Suplente","dvt":"V\u00e1lido","vap":"39","pvap":"   0,67"},{"seq":"26","sqcand":"140001252569","n":"77777","nm":"JORGE DO CHIC\u00c3O","cc":"SOLIDARIEDADE","nv":" ","e":"n","st":"Suplente","dvt":"V\u00e1lido","vap":"74","pvap":"   1,27"},{"seq":"63","sqcand":"140000823284","n":"13444","nm":"MANOEL DA SANTA L\u00daCIA","cc":"PT","nv":" ","e":"n","st":"N\u00e3o eleito","dvt":"V\u00e1lido","vap":"105","pvap":"   1,80"},{"seq":"44","sqcand":"140001252578","n":"77100","nm":"FARINHA","cc":"SOLIDARIEDADE","nv":" ","e":"n","st":"Suplente","dvt":"V\u00e1lido","vap":"25","pvap":"   0,43"},{"seq":"56","sqcand":"140000829766","n":"20114","nm":"LURDINHA","cc":"PSC","nv":" ","e":"n","st":"Suplente","dvt":"V\u00e1lido","vap":"8","pvap":"   0,14"},{"seq":"58","sqcand":"140001252571","n":"77333","nm":"FLAVIA DA SILVEIRA","cc":"SOLIDARIEDADE","nv":" ","e":"n","st":"Suplente","dvt":"V\u00e1lido","vap":"7","pvap":"   0,12"},{"seq":"68","sqcand":"140000823286","n":"13555","nm":"IRM\u00c3 MARIN\u00caLDE","cc":"PT","nv":" ","e":"n","st":"N\u00e3o eleito","dvt":"V\u00e1lido","vap":"16","pvap":"   0,27"},{"seq":"38","sqcand":"140001252570","n":"77000","nm":"Z\u00c9 DO CARMO","cc":"SOLIDARIEDADE","nv":" ","e":"n","st":"Suplente","dvt":"V\u00e1lido","vap":"41","pvap":"   0,70"},{"seq":"32","sqcand":"140001252710","n":"15111","nm":"DIM\u00c3O DA GUARANT\u00c3","cc":"MDB","nv":" ","e":"n","st":"Suplente","dvt":"V\u00e1lido","vap":"57","pvap":"   0,98"},{"seq":"61","sqcand":"140001252716","n":"15456","nm":"SIRLEI CAVALCANTE","cc":"MDB","nv":" ","e":"n","st":"Suplente","dvt":"V\u00e1lido","vap":"6","pvap":"   0,10"},{"seq":"37","sqcand":"140001252720","n":"15015","nm":"JOANICE DO DEZENHO","cc":"MDB","nv":" ","e":"n","st":"Suplente","dvt":"V\u00e1lido","vap":"42","pvap":"   0,72"},{"seq":"48","sqcand":"140000829767","n":"20456","nm":"ROMERITO","cc":"PSC","nv":" ","e":"n","st":"Suplente","dvt":"V\u00e1lido","vap":"17","pvap":"   0,29"},{"seq":"5","sqcand":"140000830094","n":"55100","nm":"CARLOS DO PEQUI","cc":"PSD","nv":" ","e":"s","st":"Eleito","dvt":"V\u00e1lido","vap":"207","pvap":"   3,54"},{"seq":"51","sqcand":"140000830098","n":"55666","nm":"CLAUDINETE DO VALE DA BEN\u00c7\u00c3O","cc":"PSD","nv":" ","e":"n","st":"Suplente","dvt":"V\u00e1lido","vap":"14","pvap":"   0,24"},{"seq":"70","sqcand":"140001252583","n":"45777","nm":"ANTONIO CARLOS","cc":"PSDB","nv":" ","e":"n","st":"N\u00e3o eleito","dvt":"V\u00e1lido","vap":"6","pvap":"   0,10"}]}
