{"ele":"426","tpabr":"mu","cdabr":"04332","carper":"13","t":"1","f":"o","dt":"15/11/2020","ht":"22:08:25","dv":"s","tf":"s","v":"17","esae":"n","mnae":"","s":"274","st":"274","pst":" 100,00","snt":"0","psnt":"   0,00","si":"274","psi":" 100,00","sni":"0","psni":"   0,00","sa":"274","psa":" 100,00","sna":"0","psna":"   0,00","e":"83478","ea":"83478","pea":" 100,00","ena":"0","pena":"   0,00","esi":"83478","pesi":" 100,00","esni":"0","pesni":"   0,00","c":"67338","pc":"  80,67","a":"16140","pa":"  19,33","vscv":"0","vnom":"58953","vl":"3407","pvnom":"  94,54","pvl":"   5,46","vvc":"64717","pvvc":"  96,11","vb":"760","pvb":"   1,13","tvn":"1861","ptvn":"   2,76","vn":"1363","pvn":"  73,24","vnt":"498","pvnt":"  26,76","vp":"0","pvp":"   0,00","vv":"62360","pvv":"  96,36","van":"0","pvan":"   0,00","vansj":"2357","pvansj":"   3,64","tv":"67338","cand":[{"seq":"83","sqcand":"140001029571","n":"13321","nm":"TAINAM AROUCHE","cc":"PT","nv":" ","e":"n","st":"Suplente","dvt":"V\u00e1lido","vap":"110","pvap":"   0,17"},{"seq":"222","sqcand":"140001094546","n":"27222","nm":"NETO MARTINS","cc":"DC","nv":" ","e":"n","st":"N\u00e3o eleito","dvt":"V\u00e1lido","vap":"24","pvap":"   0,04"},{"seq":"123","sqcand":"140000692920","n":"77235","nm":"LUCIA","cc":"SOLIDARIEDADE","nv":" ","e":"n","st":"Suplente","dvt":"V\u00e1lido","vap":"35","pvap":"   0,05"},{"seq":"62","sqcand":"140000860602","n":"22121","nm":"ADE DO JIQUIRI","cc":"PL","nv":" ","e":"n","st":"Suplente","dvt":"V\u00e1lido","vap":"210","pvap":"   0,32"},{"seq":"20","sqcand":"140000722130","n":"40111","nm":"ELDER SANTOS","cc":"PSB","nv":" ","e":"n","st":"Suplente","dvt":"V\u00e1lido","vap":"1055","pvap":"   1,63"},{"seq":"227","sqcand":"140001258941","n":"18100","nm":"DARCY, FILHA DO TONINHO","cc":"REDE","nv":" ","e":"n","st":"N\u00e3o eleito","dvt":"V\u00e1lido","vap":"21","pvap":"   0,03"},{"seq":"158","sqcand":"140000860597","n":"22066","nm":"MARIELZA","cc":"PL","nv":" ","e":"n","st":"Suplente","dvt":"V\u00e1lido","vap":"6","pvap":"   0,01"},{"seq":"39","sqcand":"140000692752","n":"45222","nm":"JORGE MAIA","cc":"PSDB","nv":" ","e":"n","st":"Suplente","dvt":"V\u00e1lido","vap":"543","pvap":"   0,84"},{"seq":"15","sqcand":"140000655160","n":"10789","nm":"DECO LIMA","cc":"REPUBLICANOS","nv":" ","e":"s","st":"Eleito","dvt":"V\u00e1lido","vap":"1052","pvap":"   1,63"},{"seq":"239","sqcand":"140001245136","n":"23007","nm":"KELLY CORREA","cc":"CIDADANIA","nv":" ","e":"n","st":"N\u00e3o eleito","dvt":"V\u00e1lido","vap":"13","pvap":"   0,02"},{"seq":"16","sqcand":"140000692643","n":"25000","nm":"DR JONAS","cc":"DEM","nv":" ","e":"s","st":"Eleito","dvt":"V\u00e1lido","vap":"1039","pvap":"   1,61"},{"seq":"187","sqcand":"140001114182","n":"28028","nm":"LUCAS MAGALHAES","cc":"PRTB","nv":" ","e":"n","st":"N\u00e3o eleito","dvt":"V\u00e1lido","vap":"92","pvap":"   0,14"},{"seq":"129","sqcand":"140000722137","n":"40101","nm":"TOM TAXISTA","cc":"PSB","nv":" ","e":"n","st":"Suplente","dvt":"V\u00e1lido","vap":"33","pvap":"   0,05"},{"seq":"111","sqcand":"140000722142","n":"40040","nm":"LIZIANE DO BRAGAN\u00c7A FELIZ","cc":"PSB","nv":" ","e":"n","st":"Suplente","dvt":"V\u00e1lido","vap":"48","pvap":"   0,07"},{"seq":"155","sqcand":"140000721659","n":"51456","nm":"NAZAR\u00c9 COSTA","cc":"PATRIOTA","nv":" ","e":"n","st":"Suplente","dvt":"V\u00e1lido","vap":"11","pvap":"   0,02"},{"seq":"196","sqcand":"140001234012","n":"11456","nm":"TERESA RORIGUES","cc":"PP","nv":" ","e":"n","st":"N\u00e3o eleito","dvt":"V\u00e1lido","vap":"65","pvap":"   0,10"},{"seq":"22","sqcand":"140000692648","n":"25025","nm":"ALDO MESQUITA","cc":"DEM","nv":" ","e":"n","st":"Suplente","dvt":"V\u00e1lido","vap":"1018","pvap":"   1,57"},{"seq":"163","sqcand":"140001232855","n":"15345","nm":"MARCOS WILLIAM","cc":"MDB","nv":" ","e":"n","st":"Suplente","dvt":"V\u00e1lido","vap":"2","pvap":"   0,00"},{"seq":"153","sqcand":"140001232840","n":"15777","nm":"FELIPE COSTA","cc":"MDB","nv":" ","e":"n","st":"Suplente","dvt":"V\u00e1lido","vap":"13","pvap":"   0,02"},{"seq":"139","sqcand":"140001232844","n":"15414","nm":"MOACIR REIS DE OLIVEIRA","cc":"MDB","nv":" ","e":"n","st":"Suplente","dvt":"V\u00e1lido","vap":"22","pvap":"   0,03"},{"seq":"236","sqcand":"140001246431","n":"17123","nm":"ELIZABETH PIRES","cc":"PSL","nv":" ","e":"n","st":"N\u00e3o eleito","dvt":"V\u00e1lido","vap":"15","pvap":"   0,02"},{"seq":"256","sqcand":"140001246434","n":"17300","nm":"ELIANA CRISTINA","cc":"PSL","nv":" ","e":"n","st":"N\u00e3o eleito","dvt":"V\u00e1lido","vap":"0","pvap":"00.00"},{"seq":"77","sqcand":"140000722134","n":"40104","nm":"MARCELO BALDEZ","cc":"PSB","nv":" ","e":"n","st":"Suplente","dvt":"V\u00e1lido","vap":"128","pvap":"   0,20"},{"seq":"154","sqcand":"140000655148","n":"10777","nm":"KELLEN SANTOS","cc":"REPUBLICANOS","nv":" ","e":"n","st":"Suplente","dvt":"V\u00e1lido","vap":"12","pvap":"   0,02"},{"seq":"218","sqcand":"140001264559","n":"36713","nm":"L\u00c9O SILVA","cc":"PTC","nv":" ","e":"n","st":"N\u00e3o eleito","dvt":"Anulado sub judice","vap":"28","pvap":"   0,04"},{"seq":"193","sqcand":"140000655156","n":"10333","nm":"KEKE","cc":"REPUBLICANOS","nv":" ","e":"n","st":"N\u00e3o eleito","dvt":"Anulado sub judice","vap":"75","pvap":"   0,12"},{"seq":"209","sqcand":"140000655151","n":"10456","nm":"JOCA DO ACARAJO","cc":"REPUBLICANOS","nv":" ","e":"n","st":"N\u00e3o eleito","dvt":"Anulado sub judice","vap":"38","pvap":"   0,06"},{"seq":"242","sqcand":"140001094548","n":"27504","nm":"IRM\u00c3O LIRA DO SOF\u00c1","cc":"DC","nv":" ","e":"n","st":"N\u00e3o eleito","dvt":"V\u00e1lido","vap":"10","pvap":"   0,02"},{"seq":"156","sqcand":"140000722139","n":"40999","nm":"SELMA OLIVEIRA","cc":"PSB","nv":" ","e":"n","st":"Suplente","dvt":"V\u00e1lido","vap":"11","pvap":"   0,02"},{"seq":"144","sqcand":"140001232858","n":"15444","nm":"PROFESSORA ODELIA","cc":"MDB","nv":" ","e":"n","st":"Suplente","dvt":"V\u00e1lido","vap":"20","pvap":"   0,03"},{"seq":"247","sqcand":"140001094547","n":"27123","nm":"MOCOT\u00d3","cc":"DC","nv":" ","e":"n","st":"N\u00e3o eleito","dvt":"V\u00e1lido","vap":"7","pvap":"   0,01"},{"seq":"8","sqcand":"140001029567","n":"13789","nm":"GLEIDSON MIRANDA","cc":"PT","nv":" ","e":"s","st":"Eleito","dvt":"V\u00e1lido","vap":"1315","pvap":"   2,03"},{"seq":"135","sqcand":"140001029569","n":"13124","nm":"L\u00daCIA DO QUILOMBO","cc":"PT","nv":" ","e":"n","st":"Suplente","dvt":"V\u00e1lido","vap":"25","pvap":"   0,04"},{"seq":"76","sqcand":"140001232847","n":"15678","nm":"CELIA OLIVEIRA","cc":"MDB","nv":" ","e":"n","st":"Suplente","dvt":"V\u00e1lido","vap":"144","pvap":"   0,22"},{"seq":"179","sqcand":"140001234014","n":"11111","nm":"GOIAS","cc":"PP","nv":" ","e":"n","st":"N\u00e3o eleito","dvt":"V\u00e1lido","vap":"139","pvap":"   0,21"},{"seq":"85","sqcand":"140001029561","n":"13333","nm":"PROF. ELENILSON LOPES","cc":"PT","nv":" ","e":"n","st":"Suplente","dvt":"V\u00e1lido","vap":"95","pvap":"   0,15"},{"seq":"157","sqcand":"140001232850","n":"15007","nm":"DALVA  DO FILZOTE","cc":"MDB","nv":" ","e":"n","st":"Suplente","dvt":"V\u00e1lido","vap":"10","pvap":"   0,02"},{"seq":"6","sqcand":"140000860598","n":"22789","nm":"JUNIOR DO PNEU","cc":"PL","nv":" ","e":"s","st":"Eleito","dvt":"V\u00e1lido","vap":"1359","pvap":"   2,10"},{"seq":"200","sqcand":"140001114185","n":"28234","nm":"PAULINHO TORRES","cc":"PRTB","nv":" ","e":"n","st":"N\u00e3o eleito","dvt":"V\u00e1lido","vap":"50","pvap":"   0,08"},{"seq":"71","sqcand":"140001232839","n":"15999","nm":"PROFESSORA IRANY ARAUJO","cc":"MDB","nv":" ","e":"n","st":"Suplente","dvt":"V\u00e1lido","vap":"158","pvap":"   0,24"},{"seq":"141","sqcand":"140001232849","n":"15111","nm":"ALEXANDRE PADILHA","cc":"MDB","nv":" ","e":"n","st":"Suplente","dvt":"V\u00e1lido","vap":"21","pvap":"   0,03"},{"seq":"232","sqcand":"140001258180","n":"20007","nm":"ANTONIO QUEIROZ","cc":"PSC","nv":" ","e":"n","st":"N\u00e3o eleito","dvt":"V\u00e1lido","vap":"17","pvap":"   0,03"},{"seq":"207","sqcand":"140001094544","n":"27888","nm":"IRM\u00c3O CHUPECA","cc":"DC","nv":" ","e":"n","st":"N\u00e3o eleito","dvt":"V\u00e1lido","vap":"38","pvap":"   0,06"},{"seq":"238","sqcand":"140001246417","n":"50555","nm":"VALDISON MOREIRA","cc":"PSOL","nv":" ","e":"n","st":"N\u00e3o eleito","dvt":"V\u00e1lido","vap":"13","pvap":"   0,02"},{"seq":"106","sqcand":"140000960550","n":"55456","nm":"VIRLEI BORGES","cc":"PSD","nv":" ","e":"n","st":"Suplente","dvt":"V\u00e1lido","vap":"54","pvap":"   0,08"},{"seq":"248","sqcand":"140001258166","n":"20777","nm":"REGINA SILVA","cc":"PSC","nv":" ","e":"n","st":"N\u00e3o eleito","dvt":"V\u00e1lido","vap":"6","pvap":"   0,01"},{"seq":"10","sqcand":"140000860599","n":"22222","nm":"ZECA DO TREME","cc":"PL","nv":" ","e":"s","st":"Eleito","dvt":"V\u00e1lido","vap":"1268","pvap":"   1,96"},{"seq":"63","sqcand":"140000692755","n":"45678","nm":"PAULO BRAGA","cc":"PSDB","nv":" ","e":"n","st":"Suplente","dvt":"V\u00e1lido","vap":"202","pvap":"   0,31"},{"seq":"92","sqcand":"140000960542","n":"55678","nm":"CLA\u00daDIO BOTELHO DA PESCA","cc":"PSD","nv":" ","e":"n","st":"Suplente","dvt":"V\u00e1lido","vap":"82","pvap":"   0,13"},{"seq":"126","sqcand":"140000692918","n":"77333","nm":"Z\u00c9 BIGODE","cc":"SOLIDARIEDADE","nv":" ","e":"n","st":"Suplente","dvt":"V\u00e1lido","vap":"34","pvap":"   0,05"},{"seq":"208","sqcand":"140000661567","n":"19155","nm":"NOCA","cc":"PODE","nv":" ","e":"n","st":"N\u00e3o eleito","dvt":"V\u00e1lido","vap":"38","pvap":"   0,06"},{"seq":"146","sqcand":"140000721652","n":"51244","nm":"LUISA FURTADO","cc":"PATRIOTA","nv":" ","e":"n","st":"Suplente","dvt":"V\u00e1lido","vap":"18","pvap":"   0,03"},{"seq":"98","sqcand":"140001029564","n":"13123","nm":"TAMILIS SOUSA","cc":"PT","nv":" ","e":"n","st":"Suplente","dvt":"V\u00e1lido","vap":"68","pvap":"   0,11"},{"seq":"221","sqcand":"140001114184","n":"28015","nm":"ANDREA TIGREZA","cc":"PRTB","nv":" ","e":"n","st":"N\u00e3o eleito","dvt":"V\u00e1lido","vap":"24","pvap":"   0,04"},{"seq":"183","sqcand":"140000655149","n":"10111","nm":"VALDEMIR","cc":"REPUBLICANOS","nv":" ","e":"n","st":"N\u00e3o eleito","dvt":"Anulado sub judice","vap":"106","pvap":"   0,16"},{"seq":"5","sqcand":"140000692921","n":"77000","nm":"GORDO DO TREME","cc":"SOLIDARIEDADE","nv":" ","e":"s","st":"Eleito","dvt":"V\u00e1lido","vap":"1389","pvap":"   2,15"},{"seq":"137","sqcand":"140001029573","n":"13129","nm":"JORGE SILVA","cc":"PT","nv":" ","e":"n","st":"Suplente","dvt":"V\u00e1lido","vap":"24","pvap":"   0,04"},{"seq":"251","sqcand":"140000661566","n":"19000","nm":"XAND\u00c3O","cc":"PODE","nv":" ","e":"n","st":"N\u00e3o eleito","dvt":"V\u00e1lido","vap":"4","pvap":"   0,01"},{"seq":"11","sqcand":"140000692647","n":"25999","nm":"GONZAGA","cc":"DEM","nv":" ","e":"s","st":"Eleito","dvt":"V\u00e1lido","vap":"1209","pvap":"   1,87"},{"seq":"100","sqcand":"140000655157","n":"10341","nm":"ANDREA REIS","cc":"REPUBLICANOS","nv":" ","e":"n","st":"Suplente","dvt":"V\u00e1lido","vap":"66","pvap":"   0,10"},{"seq":"231","sqcand":"140001114181","n":"28898","nm":"BRUNO RASEC","cc":"PRTB","nv":" ","e":"n","st":"N\u00e3o eleito","dvt":"V\u00e1lido","vap":"18","pvap":"   0,03"},{"seq":"115","sqcand":"140000655146","n":"10555","nm":"MARIO LAMES","cc":"REPUBLICANOS","nv":" ","e":"n","st":"Suplente","dvt":"V\u00e1lido","vap":"43","pvap":"   0,07"},{"seq":"64","sqcand":"140000721651","n":"51300","nm":"LUCIANO DA ROTA DO PEIXE","cc":"PATRIOTA","nv":" ","e":"n","st":"Suplente","dvt":"V\u00e1lido","vap":"198","pvap":"   0,31"},{"seq":"175","sqcand":"140001234009","n":"11321","nm":"TAINAH BALTAZAR","cc":"PP","nv":" ","e":"n","st":"N\u00e3o eleito","dvt":"V\u00e1lido","vap":"243","pvap":"   0,38"},{"seq":"192","sqcand":"140000918334","n":"90777","nm":"IRM\u00c3O EDER","cc":"PROS","nv":" ","e":"n","st":"N\u00e3o eleito","dvt":"V\u00e1lido","vap":"77","pvap":"   0,12"},{"seq":"53","sqcand":"140000692651","n":"25777","nm":"RUBIS CUNHA","cc":"DEM","nv":" ","e":"n","st":"Suplente","dvt":"V\u00e1lido","vap":"282","pvap":"   0,44"},{"seq":"69","sqcand":"140000722136","n":"40666","nm":"PROFESSORA AM\u00c9LIA","cc":"PSB","nv":" ","e":"n","st":"Suplente","dvt":"V\u00e1lido","vap":"164","pvap":"   0,25"},{"seq":"74","sqcand":"140000960544","n":"55680","nm":"IRM\u00c3O HAILTON","cc":"PSD","nv":" ","e":"n","st":"Suplente","dvt":"V\u00e1lido","vap":"148","pvap":"   0,23"},{"seq":"90","sqcand":"140000960558","n":"55222","nm":"FRANCISCO SILVA","cc":"PSD","nv":" ","e":"n","st":"Suplente","dvt":"V\u00e1lido","vap":"86","pvap":"   0,13"},{"seq":"99","sqcand":"140000655154","n":"10101","nm":"MARIA DO SOCORRO","cc":"REPUBLICANOS","nv":" ","e":"n","st":"Suplente","dvt":"V\u00e1lido","vap":"66","pvap":"   0,10"},{"seq":"180","sqcand":"140000918339","n":"90333","nm":"JAILTON MIRANDA","cc":"PROS","nv":" ","e":"n","st":"N\u00e3o eleito","dvt":"V\u00e1lido","vap":"114","pvap":"   0,18"},{"seq":"186","sqcand":"140000918343","n":"90122","nm":"DOUTORA ISABEL DE CASTRO","cc":"PROS","nv":" ","e":"n","st":"N\u00e3o eleito","dvt":"V\u00e1lido","vap":"93","pvap":"   0,14"},{"seq":"165","sqcand":"140001029574","n":"13000","nm":"Z\u00c9 ATA\u00cdDE","cc":"PT","nv":" ","e":"n","st":"Suplente","dvt":"V\u00e1lido","vap":"0","pvap":"00.00"},{"seq":"113","sqcand":"140000692646","n":"25666","nm":"CLARISSE SILVEIRA","cc":"DEM","nv":" ","e":"n","st":"Suplente","dvt":"V\u00e1lido","vap":"44","pvap":"   0,07"},{"seq":"143","sqcand":"140000721657","n":"51001","nm":"SANDRA SANTOS","cc":"PATRIOTA","nv":" ","e":"n","st":"Suplente","dvt":"V\u00e1lido","vap":"20","pvap":"   0,03"},{"seq":"130","sqcand":"140000960541","n":"55432","nm":"PROFESSORA NARA","cc":"PSD","nv":" ","e":"n","st":"Suplente","dvt":"V\u00e1lido","vap":"31","pvap":"   0,05"},{"seq":"73","sqcand":"140000960557","n":"55133","nm":"MARIA DA COLETA SELETIVA","cc":"PSD","nv":" ","e":"n","st":"Suplente","dvt":"V\u00e1lido","vap":"150","pvap":"   0,23"},{"seq":"217","sqcand":"140001246432","n":"17222","nm":"CELINO SILVEIRA","cc":"PSL","nv":" ","e":"n","st":"N\u00e3o eleito","dvt":"V\u00e1lido","vap":"28","pvap":"   0,04"},{"seq":"43","sqcand":"140000722135","n":"40567","nm":"CLAUDIO COSTA","cc":"PSB","nv":" ","e":"n","st":"Suplente","dvt":"V\u00e1lido","vap":"463","pvap":"   0,72"},{"seq":"160","sqcand":"140000960547","n":"55255","nm":"N\u00daBIA","cc":"PSD","nv":" ","e":"n","st":"Suplente","dvt":"V\u00e1lido","vap":"4","pvap":"   0,01"},{"seq":"116","sqcand":"140000960549","n":"55944","nm":"MARIA BET\u00c2NIA","cc":"PSD","nv":" ","e":"n","st":"Suplente","dvt":"V\u00e1lido","vap":"40","pvap":"   0,06"},{"seq":"199","sqcand":"140000918341","n":"90456","nm":"LARYSSA BARROS","cc":"PROS","nv":" ","e":"n","st":"N\u00e3o eleito","dvt":"V\u00e1lido","vap":"51","pvap":"   0,08"},{"seq":"166","sqcand":"140000692760","n":"45699","nm":"MARC\u00c3O","cc":"PSDB","nv":" ","e":"n","st":"Suplente","dvt":"V\u00e1lido","vap":"0","pvap":"00.00"},{"seq":"216","sqcand":"140001234011","n":"11113","nm":"PATRICIA SETUBAL","cc":"PP","nv":" ","e":"n","st":"N\u00e3o eleito","dvt":"V\u00e1lido","vap":"29","pvap":"   0,04"},{"seq":"255","sqcand":"140001264102","n":"90888","nm":"CARLINHA","cc":"PROS","nv":" ","e":"n","st":"N\u00e3o eleito","dvt":"V\u00e1lido","vap":"1","pvap":"   0,00"},{"seq":"197","sqcand":"140000661561","n":"19123","nm":"AL\u00ca MONTEIRO","cc":"PODE","nv":" ","e":"n","st":"N\u00e3o eleito","dvt":"V\u00e1lido","vap":"58","pvap":"   0,09"},{"seq":"33","sqcand":"140000722131","n":"40222","nm":"VANDECO RAMOS","cc":"PSB","nv":" ","e":"n","st":"Suplente","dvt":"V\u00e1lido","vap":"643","pvap":"   0,99"},{"seq":"122","sqcand":"140000692750","n":"45133","nm":"NILDE COSTA","cc":"PSDB","nv":" ","e":"n","st":"Suplente","dvt":"V\u00e1lido","vap":"36","pvap":"   0,06"},{"seq":"203","sqcand":"140001272171","n":"23123","nm":"WALLACE ALMEIDA","cc":"CIDADANIA","nv":" ","e":"n","st":"N\u00e3o eleito","dvt":"Anulado sub judice","vap":"45","pvap":"   0,07"},{"seq":"194","sqcand":"140001264565","n":"36123","nm":"PASTOR JO\u00c3O BATISTA","cc":"PTC","nv":" ","e":"n","st":"N\u00e3o eleito","dvt":"Anulado sub judice","vap":"71","pvap":"   0,11"},{"seq":"168","sqcand":"140000851781","n":"77770","nm":"TATIANA RODRIGUES","cc":"SOLIDARIEDADE","nv":" ","e":"n","st":"N\u00e3o eleito","dvt":"Anulado sub judice","vap":"1081","pvap":"   1,67"},{"seq":"249","sqcand":"140001264566","n":"36193","nm":"JOSY BRITO","cc":"PTC","nv":" ","e":"n","st":"N\u00e3o eleito","dvt":"Anulado sub judice","vap":"6","pvap":"   0,01"},{"seq":"257","sqcand":"140000863897","n":"77771","nm":"PETRO DO G\u00c1S","cc":"SOLIDARIEDADE","nv":" ","e":"n","st":"N\u00e3o eleito","dvt":"Anulado sub judice","vap":"0","pvap":"00.00"},{"seq":"140","sqcand":"140001029562","n":"13313","nm":"MADALENA PINTO","cc":"PT","nv":" ","e":"n","st":"Suplente","dvt":"V\u00e1lido","vap":"21","pvap":"   0,03"},{"seq":"240","sqcand":"140001258165","n":"20257","nm":"JHON PLAY","cc":"PSC","nv":" ","e":"n","st":"N\u00e3o eleito","dvt":"V\u00e1lido","vap":"12","pvap":"   0,02"},{"seq":"19","sqcand":"140000860607","n":"22333","nm":"MAURI\u00c7\u00c3O","cc":"PL","nv":" ","e":"n","st":"Suplente","dvt":"V\u00e1lido","vap":"1098","pvap":"   1,70"},{"seq":"233","sqcand":"140001114189","n":"28123","nm":"SOCORRO SILVA","cc":"PRTB","nv":" ","e":"n","st":"N\u00e3o eleito","dvt":"V\u00e1lido","vap":"17","pvap":"   0,03"},{"seq":"31","sqcand":"140000721649","n":"51555","nm":"IRM\u00c3O FL\u00c1VIO","cc":"PATRIOTA","nv":" ","e":"n","st":"Suplente","dvt":"V\u00e1lido","vap":"727","pvap":"   1,12"},{"seq":"58","sqcand":"140000960546","n":"55789","nm":"DANILO COSTA","cc":"PSD","nv":" ","e":"n","st":"Suplente","dvt":"V\u00e1lido","vap":"222","pvap":"   0,34"},{"seq":"131","sqcand":"140001029572","n":"13567","nm":"CHIME CARANGUEJEIRO","cc":"PT","nv":" ","e":"n","st":"Suplente","dvt":"V\u00e1lido","vap":"29","pvap":"   0,04"},{"seq":"97","sqcand":"140000722129","n":"40789","nm":"ALAN MACAP\u00c1","cc":"PSB","nv":" ","e":"n","st":"Suplente","dvt":"V\u00e1lido","vap":"71","pvap":"   0,11"},{"seq":"103","sqcand":"140000692758","n":"45456","nm":"VAL MACENA","cc":"PSDB","nv":" ","e":"n","st":"Suplente","dvt":"V\u00e1lido","vap":"61","pvap":"   0,09"},{"seq":"159","sqcand":"140000655153","n":"10888","nm":"ELSON CORREA","cc":"REPUBLICANOS","nv":" ","e":"n","st":"Suplente","dvt":"V\u00e1lido","vap":"4","pvap":"   0,01"},{"seq":"36","sqcand":"140001232845","n":"15555","nm":"JUNIOR ADAM","cc":"MDB","nv":" ","e":"n","st":"Suplente","dvt":"V\u00e1lido","vap":"590","pvap":"   0,91"},{"seq":"225","sqcand":"140001246425","n":"17256","nm":"ZECA SOUSA","cc":"PSL","nv":" ","e":"n","st":"N\u00e3o eleito","dvt":"V\u00e1lido","vap":"22","pvap":"   0,03"},{"seq":"182","sqcand":"140001258169","n":"20555","nm":"FELIPE LIMA","cc":"PSC","nv":" ","e":"n","st":"N\u00e3o eleito","dvt":"V\u00e1lido","vap":"108","pvap":"   0,17"},{"seq":"107","sqcand":"140000692655","n":"25022","nm":"GORDO DO A\u00c7AI","cc":"DEM","nv":" ","e":"n","st":"Suplente","dvt":"V\u00e1lido","vap":"52","pvap":"   0,08"},{"seq":"79","sqcand":"140000960543","n":"55666","nm":"JOELMA REIS","cc":"PSD","nv":" ","e":"n","st":"Suplente","dvt":"V\u00e1lido","vap":"126","pvap":"   0,19"},{"seq":"17","sqcand":"140000960548","n":"55000","nm":"Z\u00c9 MARIA","cc":"PSD","nv":" ","e":"s","st":"Eleito","dvt":"V\u00e1lido","vap":"630","pvap":"   0,97"},{"seq":"56","sqcand":"140000960554","n":"55555","nm":"EDINHO DO SANDOVAL","cc":"PSD","nv":" ","e":"n","st":"Suplente","dvt":"V\u00e1lido","vap":"268","pvap":"   0,41"},{"seq":"35","sqcand":"140000692915","n":"77123","nm":"EDIVALDO COSTA","cc":"SOLIDARIEDADE","nv":" ","e":"n","st":"Suplente","dvt":"V\u00e1lido","vap":"606","pvap":"   0,94"},{"seq":"241","sqcand":"140001234008","n":"11122","nm":"VELHO DO TREME","cc":"PP","nv":" ","e":"n","st":"N\u00e3o eleito","dvt":"V\u00e1lido","vap":"11","pvap":"   0,02"},{"seq":"47","sqcand":"140000692652","n":"25015","nm":"ALESSANDRA","cc":"DEM","nv":" ","e":"n","st":"Suplente","dvt":"V\u00e1lido","vap":"356","pvap":"   0,55"},{"seq":"237","sqcand":"140001114180","n":"28175","nm":"SERGIO DAVID","cc":"PRTB","nv":" ","e":"n","st":"N\u00e3o eleito","dvt":"V\u00e1lido","vap":"14","pvap":"   0,02"},{"seq":"127","sqcand":"140000692764","n":"45777","nm":"ALDEBARO","cc":"PSDB","nv":" ","e":"n","st":"Suplente","dvt":"V\u00e1lido","vap":"33","pvap":"   0,05"},{"seq":"44","sqcand":"140000655147","n":"10910","nm":"PROFESSORA THYELLY","cc":"REPUBLICANOS","nv":" ","e":"n","st":"Suplente","dvt":"V\u00e1lido","vap":"444","pvap":"   0,69"},{"seq":"172","sqcand":"140001234015","n":"11000","nm":"ZE BAGULHO","cc":"PP","nv":" ","e":"n","st":"N\u00e3o eleito","dvt":"V\u00e1lido","vap":"259","pvap":"   0,40"},{"seq":"42","sqcand":"140000722133","n":"40345","nm":"TONH\u00c3O","cc":"PSB","nv":" ","e":"n","st":"Suplente","dvt":"V\u00e1lido","vap":"485","pvap":"   0,75"},{"seq":"14","sqcand":"140001232852","n":"15151","nm":"BRUNO LIMA","cc":"MDB","nv":" ","e":"s","st":"Eleito","dvt":"V\u00e1lido","vap":"1087","pvap":"   1,68"},{"seq":"54","sqcand":"140000721640","n":"51800","nm":"ABNADABE DIAS","cc":"PATRIOTA","nv":" ","e":"n","st":"Suplente","dvt":"V\u00e1lido","vap":"281","pvap":"   0,43"},{"seq":"171","sqcand":"140000918335","n":"90555","nm":"PAULINHO MOTOT\u00c1XI","cc":"PROS","nv":" ","e":"n","st":"N\u00e3o eleito","dvt":"V\u00e1lido","vap":"275","pvap":"   0,42"},{"seq":"57","sqcand":"140000692654","n":"25333","nm":"THIAGO OLIVEIRA","cc":"DEM","nv":" ","e":"n","st":"Suplente","dvt":"V\u00e1lido","vap":"266","pvap":"   0,41"},{"seq":"173","sqcand":"140001246418","n":"50123","nm":"BIANCA DE GOES","cc":"PSOL","nv":" ","e":"n","st":"N\u00e3o eleito","dvt":"V\u00e1lido","vap":"255","pvap":"   0,39"},{"seq":"110","sqcand":"140000960540","n":"55212","nm":"CAJU\u00cd","cc":"PSD","nv":" ","e":"n","st":"Suplente","dvt":"V\u00e1lido","vap":"49","pvap":"   0,08"},{"seq":"21","sqcand":"140000692916","n":"77888","nm":"FLAVINHO DO HOSPITAL","cc":"SOLIDARIEDADE","nv":" ","e":"n","st":"Suplente","dvt":"V\u00e1lido","vap":"1020","pvap":"   1,58"},{"seq":"212","sqcand":"140000918340","n":"90131","nm":"MARCELO DO A\u00c7A\u00cd","cc":"PROS","nv":" ","e":"n","st":"N\u00e3o eleito","dvt":"V\u00e1lido","vap":"33","pvap":"   0,05"},{"seq":"120","sqcand":"140001029568","n":"13444","nm":"FERNANDO UCHOA","cc":"PT","nv":" ","e":"n","st":"Suplente","dvt":"V\u00e1lido","vap":"37","pvap":"   0,06"},{"seq":"178","sqcand":"140001258173","n":"20123","nm":"AGEU REY","cc":"PSC","nv":" ","e":"n","st":"N\u00e3o eleito","dvt":"V\u00e1lido","vap":"199","pvap":"   0,31"},{"seq":"101","sqcand":"140000692649","n":"25151","nm":"HILDENYSE ROSA","cc":"DEM","nv":" ","e":"n","st":"Suplente","dvt":"V\u00e1lido","vap":"64","pvap":"   0,10"},{"seq":"55","sqcand":"140000692650","n":"25250","nm":"RIBA DA SA\u00daDE","cc":"DEM","nv":" ","e":"n","st":"Suplente","dvt":"V\u00e1lido","vap":"279","pvap":"   0,43"},{"seq":"132","sqcand":"140000721644","n":"51051","nm":"AUGUSTO RIBEIRO","cc":"PATRIOTA","nv":" ","e":"n","st":"Suplente","dvt":"V\u00e1lido","vap":"28","pvap":"   0,04"},{"seq":"72","sqcand":"140000721655","n":"51120","nm":"MELIANE DO FRANGO","cc":"PATRIOTA","nv":" ","e":"n","st":"Suplente","dvt":"V\u00e1lido","vap":"155","pvap":"   0,24"},{"seq":"65","sqcand":"140001232843","n":"15123","nm":"PROFESSOR NEY GUILHERME","cc":"MDB","nv":" ","e":"n","st":"Suplente","dvt":"V\u00e1lido","vap":"184","pvap":"   0,28"},{"seq":"48","sqcand":"140000692762","n":"45111","nm":"KIKO ANDRADE","cc":"PSDB","nv":" ","e":"n","st":"Suplente","dvt":"V\u00e1lido","vap":"328","pvap":"   0,51"},{"seq":"190","sqcand":"140001114183","n":"28000","nm":"ANNY SOUSA","cc":"PRTB","nv":" ","e":"n","st":"N\u00e3o eleito","dvt":"V\u00e1lido","vap":"81","pvap":"   0,13"},{"seq":"128","sqcand":"140000722127","n":"40444","nm":"LORO BARBEIRO","cc":"PSB","nv":" ","e":"n","st":"Suplente","dvt":"V\u00e1lido","vap":"33","pvap":"   0,05"},{"seq":"49","sqcand":"140000960559","n":"55777","nm":"ELINELSON ANDRADE","cc":"PSD","nv":" ","e":"n","st":"Suplente","dvt":"V\u00e1lido","vap":"324","pvap":"   0,50"},{"seq":"23","sqcand":"140001232842","n":"15000","nm":"CLAUDIO DA VAN","cc":"MDB","nv":" ","e":"n","st":"Suplente","dvt":"V\u00e1lido","vap":"1015","pvap":"   1,57"},{"seq":"95","sqcand":"140000860605","n":"22999","nm":"MACAQUINHO","cc":"PL","nv":" ","e":"n","st":"Suplente","dvt":"V\u00e1lido","vap":"73","pvap":"   0,11"},{"seq":"34","sqcand":"140000860606","n":"22555","nm":"NENEM DE CARATATEUA","cc":"PL","nv":" ","e":"n","st":"Suplente","dvt":"V\u00e1lido","vap":"623","pvap":"   0,96"},{"seq":"152","sqcand":"140000721643","n":"51888","nm":"SHEILA MARIA","cc":"PATRIOTA","nv":" ","e":"n","st":"Suplente","dvt":"V\u00e1lido","vap":"13","pvap":"   0,02"},{"seq":"223","sqcand":"140001246436","n":"17777","nm":"LUIZ\u00c3O","cc":"PSL","nv":" ","e":"n","st":"N\u00e3o eleito","dvt":"V\u00e1lido","vap":"23","pvap":"   0,04"},{"seq":"46","sqcand":"140000692644","n":"25111","nm":"DANILO ARAUJO","cc":"DEM","nv":" ","e":"n","st":"Suplente","dvt":"V\u00e1lido","vap":"427","pvap":"   0,66"},{"seq":"7","sqcand":"140000722125","n":"40123","nm":"FERNANDO JULIFER","cc":"PSB","nv":" ","e":"s","st":"Eleito","dvt":"V\u00e1lido","vap":"1354","pvap":"   2,09"},{"seq":"162","sqcand":"140001029576","n":"13888","nm":"NETO LUZ","cc":"PT","nv":" ","e":"n","st":"Suplente","dvt":"V\u00e1lido","vap":"3","pvap":"   0,00"},{"seq":"138","sqcand":"140001029577","n":"13113","nm":"DENISE LINS","cc":"PT","nv":" ","e":"n","st":"Suplente","dvt":"V\u00e1lido","vap":"23","pvap":"   0,04"},{"seq":"205","sqcand":"140000661564","n":"19111","nm":"PAULO MACEDO","cc":"PODE","nv":" ","e":"n","st":"N\u00e3o eleito","dvt":"V\u00e1lido","vap":"42","pvap":"   0,06"},{"seq":"211","sqcand":"140001114187","n":"28288","nm":"WELLITON FREITAS","cc":"PRTB","nv":" ","e":"n","st":"N\u00e3o eleito","dvt":"V\u00e1lido","vap":"35","pvap":"   0,05"},{"seq":"86","sqcand":"140001232856","n":"15789","nm":"CAPAL","cc":"MDB","nv":" ","e":"n","st":"Suplente","dvt":"V\u00e1lido","vap":"93","pvap":"   0,14"},{"seq":"145","sqcand":"140000692917","n":"77555","nm":"GIL ELETR\u00d4NICO","cc":"SOLIDARIEDADE","nv":" ","e":"n","st":"Suplente","dvt":"V\u00e1lido","vap":"19","pvap":"   0,03"},{"seq":"66","sqcand":"140001029570","n":"13120","nm":"DUCA PEDRA","cc":"PT","nv":" ","e":"n","st":"Suplente","dvt":"V\u00e1lido","vap":"172","pvap":"   0,27"},{"seq":"2","sqcand":"140000692754","n":"45333","nm":"IRENE FARIAS","cc":"PSDB","nv":" ","e":"s","st":"Eleito","dvt":"V\u00e1lido","vap":"1846","pvap":"   2,85"},{"seq":"82","sqcand":"140001232857","n":"15888","nm":"PROFESSORA NILDE","cc":"MDB","nv":" ","e":"n","st":"Suplente","dvt":"V\u00e1lido","vap":"111","pvap":"   0,17"},{"seq":"229","sqcand":"140001258168","n":"20158","nm":"IRM\u00c3O ANGELO","cc":"PSC","nv":" ","e":"n","st":"N\u00e3o eleito","dvt":"V\u00e1lido","vap":"19","pvap":"   0,03"},{"seq":"121","sqcand":"140000860603","n":"22888","nm":"ZITO","cc":"PL","nv":" ","e":"n","st":"Suplente","dvt":"V\u00e1lido","vap":"37","pvap":"   0,06"},{"seq":"149","sqcand":"140000721641","n":"51015","nm":"PEPEU","cc":"PATRIOTA","nv":" ","e":"n","st":"Suplente","dvt":"V\u00e1lido","vap":"16","pvap":"   0,02"},{"seq":"169","sqcand":"140000918333","n":"90000","nm":"PROFESSORA EULINA RABELO","cc":"PROS","nv":" ","e":"n","st":"N\u00e3o eleito","dvt":"Anulado sub judice","vap":"607","pvap":"   0,94"},{"seq":"206","sqcand":"140000918332","n":"90222","nm":"RICK BRAND\u00c3O","cc":"PROS","nv":" ","e":"n","st":"N\u00e3o eleito","dvt":"V\u00e1lido","vap":"41","pvap":"   0,06"},{"seq":"204","sqcand":"140000918336","n":"90789","nm":"BIA","cc":"PROS","nv":" ","e":"n","st":"N\u00e3o eleito","dvt":"V\u00e1lido","vap":"43","pvap":"   0,07"},{"seq":"235","sqcand":"140001258924","n":"18123","nm":"ROBERTO CARLOS DA SILVA LOPES","cc":"REDE","nv":" ","e":"n","st":"N\u00e3o eleito","dvt":"V\u00e1lido","vap":"15","pvap":"   0,02"},{"seq":"13","sqcand":"140000692759","n":"45246","nm":"BEB\u00ca REIS","cc":"PSDB","nv":" ","e":"s","st":"Eleito","dvt":"V\u00e1lido","vap":"1112","pvap":"   1,72"},{"seq":"93","sqcand":"140000721658","n":"51999","nm":"N\u00c9L","cc":"PATRIOTA","nv":" ","e":"n","st":"Suplente","dvt":"V\u00e1lido","vap":"81","pvap":"   0,13"},{"seq":"84","sqcand":"140000960545","n":"55333","nm":"PROFESSOR ALYSON RIBEIRO","cc":"PSD","nv":" ","e":"n","st":"Suplente","dvt":"V\u00e1lido","vap":"97","pvap":"   0,15"},{"seq":"108","sqcand":"140000960556","n":"55444","nm":"GIGANTE DA COMUNICA\u00c7\u00c3O","cc":"PSD","nv":" ","e":"n","st":"Suplente","dvt":"V\u00e1lido","vap":"51","pvap":"   0,08"},{"seq":"254","sqcand":"140000661563","n":"19777","nm":"TATIANA ","cc":"PODE","nv":" ","e":"n","st":"N\u00e3o eleito","dvt":"V\u00e1lido","vap":"2","pvap":"   0,00"},{"seq":"18","sqcand":"140000860600","n":"22456","nm":"RUBINHO ARIMBU","cc":"PL","nv":" ","e":"n","st":"Suplente","dvt":"V\u00e1lido","vap":"1135","pvap":"   1,75"},{"seq":"4","sqcand":"140000692653","n":"25234","nm":"MARICO","cc":"DEM","nv":" ","e":"s","st":"Eleito","dvt":"V\u00e1lido","vap":"1650","pvap":"   2,55"},{"seq":"118","sqcand":"140000722132","n":"40000","nm":"CARL\u00c3O","cc":"PSB","nv":" ","e":"n","st":"Suplente","dvt":"V\u00e1lido","vap":"40","pvap":"   0,06"},{"seq":"28","sqcand":"140000655150","n":"10123","nm":"PINHEIRO OLEGARIO","cc":"REPUBLICANOS","nv":" ","e":"n","st":"Suplente","dvt":"V\u00e1lido","vap":"789","pvap":"   1,22"},{"seq":"75","sqcand":"140000960552","n":"55123","nm":"HELLENO DANAD\u00c3O","cc":"PSD","nv":" ","e":"n","st":"Suplente","dvt":"V\u00e1lido","vap":"148","pvap":"   0,23"},{"seq":"161","sqcand":"140001232853","n":"15222","nm":"RAILSON MAFRA","cc":"MDB","nv":" ","e":"n","st":"Suplente","dvt":"V\u00e1lido","vap":"3","pvap":"   0,00"},{"seq":"224","sqcand":"140001246428","n":"17888","nm":"JOSE LAUDIR","cc":"PSL","nv":" ","e":"n","st":"N\u00e3o eleito","dvt":"V\u00e1lido","vap":"22","pvap":"   0,03"},{"seq":"136","sqcand":"140000692748","n":"45669","nm":"VERA DA FEIRA","cc":"PSDB","nv":" ","e":"n","st":"Suplente","dvt":"V\u00e1lido","vap":"24","pvap":"   0,04"},{"seq":"81","sqcand":"140000721648","n":"51513","nm":"RIBA","cc":"PATRIOTA","nv":" ","e":"n","st":"Suplente","dvt":"V\u00e1lido","vap":"124","pvap":"   0,19"},{"seq":"214","sqcand":"140001246438","n":"17333","nm":"NEG\u00c3O DO TACACA","cc":"PSL","nv":" ","e":"n","st":"N\u00e3o eleito","dvt":"V\u00e1lido","vap":"33","pvap":"   0,05"},{"seq":"147","sqcand":"140000860596","n":"22022","nm":"TELMA MAIA","cc":"PL","nv":" ","e":"n","st":"Suplente","dvt":"V\u00e1lido","vap":"17","pvap":"   0,03"},{"seq":"78","sqcand":"140000721650","n":"51333","nm":"PEDRO BALA DA AGRICULTURA","cc":"PATRIOTA","nv":" ","e":"n","st":"Suplente","dvt":"V\u00e1lido","vap":"126","pvap":"   0,19"},{"seq":"30","sqcand":"140001029560","n":"13456","nm":"PROF. NONATO CEAR\u00c1","cc":"PT","nv":" ","e":"n","st":"Suplente","dvt":"V\u00e1lido","vap":"744","pvap":"   1,15"},{"seq":"148","sqcand":"140001029566","n":"13898","nm":"SILVIO GON\u00c7ALVES","cc":"PT","nv":" ","e":"n","st":"Suplente","dvt":"V\u00e1lido","vap":"17","pvap":"   0,03"},{"seq":"112","sqcand":"140000692763","n":"45113","nm":"CRISTINA SILVA","cc":"PSDB","nv":" ","e":"n","st":"Suplente","dvt":"V\u00e1lido","vap":"44","pvap":"   0,07"},{"seq":"134","sqcand":"140001232838","n":"15150","nm":"MARILEA DE AZEVEDO","cc":"MDB","nv":" ","e":"n","st":"Suplente","dvt":"V\u00e1lido","vap":"25","pvap":"   0,04"},{"seq":"189","sqcand":"140001258174","n":"20000","nm":"IRM\u00c3O ALDO","cc":"PSC","nv":" ","e":"n","st":"N\u00e3o eleito","dvt":"V\u00e1lido","vap":"86","pvap":"   0,13"},{"seq":"32","sqcand":"140000692642","n":"25222","nm":"LEILA RODRIGUES","cc":"DEM","nv":" ","e":"n","st":"Suplente","dvt":"V\u00e1lido","vap":"717","pvap":"   1,11"},{"seq":"89","sqcand":"140000722140","n":"40333","nm":"PROFESSORA L\u00da","cc":"PSB","nv":" ","e":"n","st":"Suplente","dvt":"V\u00e1lido","vap":"88","pvap":"   0,14"},{"seq":"70","sqcand":"140000692919","n":"77777","nm":"ELIETE SAMPAIO","cc":"SOLIDARIEDADE","nv":" ","e":"n","st":"Suplente","dvt":"V\u00e1lido","vap":"163","pvap":"   0,25"},{"seq":"195","sqcand":"140001246424","n":"17634","nm":"ZETH TAVARES","cc":"PSL","nv":" ","e":"n","st":"N\u00e3o eleito","dvt":"V\u00e1lido","vap":"69","pvap":"   0,11"},{"seq":"219","sqcand":"140000661562","n":"19999","nm":"PROF. RIBAMAR RIBEIRO","cc":"PODE","nv":" ","e":"n","st":"N\u00e3o eleito","dvt":"V\u00e1lido","vap":"27","pvap":"   0,04"},{"seq":"253","sqcand":"140001258179","n":"20345","nm":"MACAXEIRA DA GRUDE","cc":"PSC","nv":" ","e":"n","st":"N\u00e3o eleito","dvt":"V\u00e1lido","vap":"3","pvap":"   0,00"},{"seq":"151","sqcand":"140001264104","n":"55888","nm":"N\u00c1DIA MANFREDI","cc":"PSD","nv":" ","e":"n","st":"Suplente","dvt":"V\u00e1lido","vap":"14","pvap":"   0,02"},{"seq":"245","sqcand":"140000918337","n":"90666","nm":"JUNIOR","cc":"PROS","nv":" ","e":"n","st":"N\u00e3o eleito","dvt":"V\u00e1lido","vap":"9","pvap":"   0,01"},{"seq":"228","sqcand":"140001246430","n":"17515","nm":"EDILENE MACHADO","cc":"PSL","nv":" ","e":"n","st":"N\u00e3o eleito","dvt":"V\u00e1lido","vap":"21","pvap":"   0,03"},{"seq":"202","sqcand":"140001246433","n":"17444","nm":"WANKEITON","cc":"PSL","nv":" ","e":"n","st":"N\u00e3o eleito","dvt":"V\u00e1lido","vap":"49","pvap":"   0,08"},{"seq":"125","sqcand":"140000692645","n":"25555","nm":"CAROL DA JEQU\u00cdTI","cc":"DEM","nv":" ","e":"n","st":"Suplente","dvt":"V\u00e1lido","vap":"35","pvap":"   0,05"},{"seq":"40","sqcand":"140000692656","n":"25321","nm":"ZEL DO HOSPITAL","cc":"DEM","nv":" ","e":"n","st":"Suplente","dvt":"V\u00e1lido","vap":"531","pvap":"   0,82"},{"seq":"133","sqcand":"140000722138","n":"40888","nm":"NEGUINHO DA CAPOEIRA","cc":"PSB","nv":" ","e":"n","st":"Suplente","dvt":"V\u00e1lido","vap":"26","pvap":"   0,04"},{"seq":"27","sqcand":"140000692756","n":"45555","nm":"LUIZINHO BRITO","cc":"PSDB","nv":" ","e":"n","st":"Suplente","dvt":"V\u00e1lido","vap":"818","pvap":"   1,26"},{"seq":"61","sqcand":"140000960539","n":"55111","nm":"PROFESSOR EDIMAR","cc":"PSD","nv":" ","e":"n","st":"Suplente","dvt":"V\u00e1lido","vap":"211","pvap":"   0,33"},{"seq":"51","sqcand":"140001029575","n":"13111","nm":"DENILSON CAMPELO","cc":"PT","nv":" ","e":"n","st":"Suplente","dvt":"V\u00e1lido","vap":"298","pvap":"   0,46"},{"seq":"226","sqcand":"140001246426","n":"17700","nm":"SANDRO LEITE","cc":"PSL","nv":" ","e":"n","st":"N\u00e3o eleito","dvt":"V\u00e1lido","vap":"22","pvap":"   0,03"},{"seq":"252","sqcand":"140001258170","n":"20124","nm":"PASTOR SANDOVAL ","cc":"PSC","nv":" ","e":"n","st":"N\u00e3o eleito","dvt":"V\u00e1lido","vap":"3","pvap":"   0,00"},{"seq":"191","sqcand":"140001258178","n":"20111","nm":"DUDAMEL","cc":"PSC","nv":" ","e":"n","st":"N\u00e3o eleito","dvt":"V\u00e1lido","vap":"78","pvap":"   0,12"},{"seq":"170","sqcand":"140001234006","n":"11444","nm":"NELSON PIMENTA","cc":"PP","nv":" ","e":"n","st":"N\u00e3o eleito","dvt":"V\u00e1lido","vap":"438","pvap":"   0,68"},{"seq":"188","sqcand":"140000918338","n":"90123","nm":"RAYSSA RAYANA","cc":"PROS","nv":" ","e":"n","st":"N\u00e3o eleito","dvt":"V\u00e1lido","vap":"88","pvap":"   0,14"},{"seq":"29","sqcand":"140000655152","n":"10000","nm":"EDINAN BATATA","cc":"REPUBLICANOS","nv":" ","e":"n","st":"Suplente","dvt":"V\u00e1lido","vap":"759","pvap":"   1,17"},{"seq":"220","sqcand":"140001245138","n":"23001","nm":"ELIEZER FARIAS","cc":"CIDADANIA","nv":" ","e":"n","st":"N\u00e3o eleito","dvt":"V\u00e1lido","vap":"25","pvap":"   0,04"},{"seq":"9","sqcand":"140000721646","n":"51123","nm":"EMILIO MONTEIRO","cc":"PATRIOTA","nv":" ","e":"s","st":"Eleito","dvt":"V\u00e1lido","vap":"1278","pvap":"   1,97"},{"seq":"142","sqcand":"140000721653","n":"51777","nm":"SALATIEL MOTOTAXISTA","cc":"PATRIOTA","nv":" ","e":"n","st":"Suplente","dvt":"V\u00e1lido","vap":"21","pvap":"   0,03"},{"seq":"50","sqcand":"140000655158","n":"10222","nm":"CARLA BRITO","cc":"REPUBLICANOS","nv":" ","e":"n","st":"Suplente","dvt":"V\u00e1lido","vap":"317","pvap":"   0,49"},{"seq":"96","sqcand":"140001264850","n":"22000","nm":"WALDEMIR DO ENGENHO","cc":"PL","nv":" ","e":"n","st":"Suplente","dvt":"V\u00e1lido","vap":"73","pvap":"   0,11"},{"seq":"1","sqcand":"140000692751","n":"45123","nm":"CHARL\u00c3O","cc":"PSDB","nv":" ","e":"s","st":"Eleito","dvt":"V\u00e1lido","vap":"2089","pvap":"   3,23"},{"seq":"105","sqcand":"140000721660","n":"51222","nm":"LUIZ","cc":"PATRIOTA","nv":" ","e":"n","st":"Suplente","dvt":"V\u00e1lido","vap":"54","pvap":"   0,08"},{"seq":"104","sqcand":"140001029565","n":"13013","nm":"ZECA ROCHA","cc":"PT","nv":" ","e":"n","st":"Suplente","dvt":"V\u00e1lido","vap":"59","pvap":"   0,09"},{"seq":"215","sqcand":"140000661565","n":"19789","nm":"FABRICIO BLANCO","cc":"PODE","nv":" ","e":"n","st":"N\u00e3o eleito","dvt":"V\u00e1lido","vap":"32","pvap":"   0,05"},{"seq":"25","sqcand":"140000860601","n":"22777","nm":"M\u00c1RCIA BURETA","cc":"PL","nv":" ","e":"n","st":"Suplente","dvt":"V\u00e1lido","vap":"900","pvap":"   1,39"},{"seq":"3","sqcand":"140000692657","n":"25123","nm":"COQUINHO TCV","cc":"DEM","nv":" ","e":"s","st":"Eleito","dvt":"V\u00e1lido","vap":"1659","pvap":"   2,56"},{"seq":"246","sqcand":"140001094543","n":"27333","nm":"PROFESSORA GRA\u00c7A","cc":"DC","nv":" ","e":"n","st":"N\u00e3o eleito","dvt":"V\u00e1lido","vap":"8","pvap":"   0,01"},{"seq":"59","sqcand":"140000721645","n":"51234","nm":"CASSEB","cc":"PATRIOTA","nv":" ","e":"n","st":"Suplente","dvt":"V\u00e1lido","vap":"220","pvap":"   0,34"},{"seq":"230","sqcand":"140001234016","n":"11777","nm":" SIVALDO","cc":"PP","nv":" ","e":"n","st":"N\u00e3o eleito","dvt":"V\u00e1lido","vap":"19","pvap":"   0,03"},{"seq":"184","sqcand":"140001258172","n":"20354","nm":"VANNY MORAES","cc":"PSC","nv":" ","e":"n","st":"N\u00e3o eleito","dvt":"V\u00e1lido","vap":"97","pvap":"   0,15"},{"seq":"102","sqcand":"140000960551","n":"55690","nm":"J. RIBA","cc":"PSD","nv":" ","e":"n","st":"Suplente","dvt":"V\u00e1lido","vap":"63","pvap":"   0,10"},{"seq":"198","sqcand":"140000721647","n":"51111","nm":"AFONSO BRITO","cc":"PATRIOTA","nv":" ","e":"n","st":"N\u00e3o eleito","dvt":"Anulado sub judice","vap":"52","pvap":"   0,08"},{"seq":"243","sqcand":"140000655145","n":"10115","nm":"CANHOTO DO MONTENEGRO","cc":"REPUBLICANOS","nv":" ","e":"n","st":"N\u00e3o eleito","dvt":"Anulado sub judice","vap":"10","pvap":"   0,02"},{"seq":"177","sqcand":"140000918342","n":"90111","nm":"BEL DE AJURUTEUA","cc":"PROS","nv":" ","e":"n","st":"N\u00e3o eleito","dvt":"V\u00e1lido","vap":"219","pvap":"   0,34"},{"seq":"67","sqcand":"140001029563","n":"13222","nm":"JO\u00c3O AMBULANTE","cc":"PT","nv":" ","e":"n","st":"Suplente","dvt":"V\u00e1lido","vap":"169","pvap":"   0,26"},{"seq":"167","sqcand":"140001232848","n":"15967","nm":"CAMILLA CRUZ","cc":"MDB","nv":" ","e":"n","st":"Suplente","dvt":"V\u00e1lido","vap":"0","pvap":"00.00"},{"seq":"109","sqcand":"140001232851","n":"15015","nm":"ADILAISON QUEIROZ","cc":"MDB","nv":" ","e":"n","st":"Suplente","dvt":"V\u00e1lido","vap":"50","pvap":"   0,08"},{"seq":"213","sqcand":"140001246427","n":"17111","nm":"JEFFERSON COSTA","cc":"PSL","nv":" ","e":"n","st":"N\u00e3o eleito","dvt":"V\u00e1lido","vap":"33","pvap":"   0,05"},{"seq":"234","sqcand":"140001246435","n":"17017","nm":"PARENTINHO","cc":"PSL","nv":" ","e":"n","st":"N\u00e3o eleito","dvt":"V\u00e1lido","vap":"17","pvap":"   0,03"},{"seq":"52","sqcand":"140000860595","n":"22123","nm":"SOCORRO LOB\u00c3O","cc":"PL","nv":" ","e":"n","st":"Suplente","dvt":"V\u00e1lido","vap":"283","pvap":"   0,44"},{"seq":"244","sqcand":"140001245135","n":"23003","nm":"IRM\u00c3 TEREZINHA","cc":"CIDADANIA","nv":" ","e":"n","st":"N\u00e3o eleito","dvt":"V\u00e1lido","vap":"9","pvap":"   0,01"},{"seq":"210","sqcand":"140001245137","n":"23002","nm":"PASTORA SOCORRO","cc":"CIDADANIA","nv":" ","e":"n","st":"N\u00e3o eleito","dvt":"V\u00e1lido","vap":"35","pvap":"   0,05"},{"seq":"12","sqcand":"140000692749","n":"45000","nm":"CHIQUINHO DA PESCA","cc":"PSDB","nv":" ","e":"s","st":"Eleito","dvt":"V\u00e1lido","vap":"1150","pvap":"   1,78"},{"seq":"250","sqcand":"140001258177","n":"20104","nm":"MELQUE DA LOTA\u00c7\u00c3O","cc":"PSC","nv":" ","e":"n","st":"N\u00e3o eleito","dvt":"V\u00e1lido","vap":"5","pvap":"   0,01"},{"seq":"150","sqcand":"140000860594","n":"22111","nm":"FERNANDINHA DUTRA","cc":"PL","nv":" ","e":"n","st":"Suplente","dvt":"V\u00e1lido","vap":"16","pvap":"   0,02"},{"seq":"80","sqcand":"140000692914","n":"77715","nm":"DIN\u00c1 TAVARES","cc":"SOLIDARIEDADE","nv":" ","e":"n","st":"Suplente","dvt":"V\u00e1lido","vap":"125","pvap":"   0,19"},{"seq":"201","sqcand":"140001234017","n":"11555","nm":"CATARINO","cc":"PP","nv":" ","e":"n","st":"N\u00e3o eleito","dvt":"V\u00e1lido","vap":"49","pvap":"   0,08"},{"seq":"185","sqcand":"140001246416","n":"50000","nm":"JULIO CEZAR","cc":"PSOL","nv":" ","e":"n","st":"N\u00e3o eleito","dvt":"V\u00e1lido","vap":"93","pvap":"   0,14"},{"seq":"38","sqcand":"140000655159","n":"10126","nm":"EVERALDO LEITE","cc":"REPUBLICANOS","nv":" ","e":"n","st":"Suplente","dvt":"V\u00e1lido","vap":"559","pvap":"   0,86"},{"seq":"174","sqcand":"140001258171","n":"20231","nm":"OLAVO JR","cc":"PSC","nv":" ","e":"n","st":"N\u00e3o eleito","dvt":"V\u00e1lido","vap":"254","pvap":"   0,39"},{"seq":"124","sqcand":"140000692761","n":"45277","nm":"DJALMA DO ACARAJ\u00d3","cc":"PSDB","nv":" ","e":"n","st":"Suplente","dvt":"V\u00e1lido","vap":"35","pvap":"   0,05"},{"seq":"37","sqcand":"140001029579","n":"13555","nm":"SILVANIA RODRIGUES","cc":"PT","nv":" ","e":"n","st":"Suplente","dvt":"V\u00e1lido","vap":"559","pvap":"   0,86"},{"seq":"26","sqcand":"140000692641","n":"25678","nm":"PINGO DO FRANGO","cc":"DEM","nv":" ","e":"n","st":"Suplente","dvt":"V\u00e1lido","vap":"825","pvap":"   1,27"},{"seq":"41","sqcand":"140000692658","n":"25888","nm":"PROFESSORA NILZA  SANTIAGO","cc":"DEM","nv":" ","e":"n","st":"Suplente","dvt":"V\u00e1lido","vap":"500","pvap":"   0,77"},{"seq":"91","sqcand":"140000722128","n":"40555","nm":"PROF. VANIA","cc":"PSB","nv":" ","e":"n","st":"Suplente","dvt":"V\u00e1lido","vap":"84","pvap":"   0,13"},{"seq":"60","sqcand":"140000692753","n":"45888","nm":"AGNALDO SANTOS","cc":"PSDB","nv":" ","e":"n","st":"Suplente","dvt":"V\u00e1lido","vap":"216","pvap":"   0,33"},{"seq":"24","sqcand":"140000721642","n":"51789","nm":"IRM\u00c3 NELI SILVA","cc":"PATRIOTA","nv":" ","e":"n","st":"Suplente","dvt":"V\u00e1lido","vap":"915","pvap":"   1,41"},{"seq":"94","sqcand":"140000721654","n":"51444","nm":"IVANILDE BARBOSA","cc":"PATRIOTA","nv":" ","e":"n","st":"Suplente","dvt":"V\u00e1lido","vap":"73","pvap":"   0,11"},{"seq":"114","sqcand":"140000721656","n":"51000","nm":"FERNANDO PEREIRA","cc":"PATRIOTA","nv":" ","e":"n","st":"Suplente","dvt":"V\u00e1lido","vap":"43","pvap":"   0,07"},{"seq":"88","sqcand":"140000960555","n":"55032","nm":"ANY BATISTA","cc":"PSD","nv":" ","e":"n","st":"Suplente","dvt":"V\u00e1lido","vap":"91","pvap":"   0,14"},{"seq":"164","sqcand":"140000860608","n":"22345","nm":"ANNA SHYRLEI","cc":"PL","nv":" ","e":"n","st":"Suplente","dvt":"V\u00e1lido","vap":"1","pvap":"   0,00"},{"seq":"117","sqcand":"140000722141","n":"40777","nm":"THEY ACS","cc":"PSB","nv":" ","e":"n","st":"Suplente","dvt":"V\u00e1lido","vap":"40","pvap":"   0,06"},{"seq":"45","sqcand":"140000692757","n":"45566","nm":"PROFESSORA TANIA MELO","cc":"PSDB","nv":" ","e":"n","st":"Suplente","dvt":"V\u00e1lido","vap":"440","pvap":"   0,68"},{"seq":"68","sqcand":"140000960553","n":"55800","nm":"MESTRE BAZ\u00cdLIO","cc":"PSD","nv":" ","e":"n","st":"Suplente","dvt":"V\u00e1lido","vap":"168","pvap":"   0,26"},{"seq":"181","sqcand":"140001234013","n":"11123","nm":"REGINALDO DO ACARAJ\u00d3","cc":"PP","nv":" ","e":"n","st":"N\u00e3o eleito","dvt":"V\u00e1lido","vap":"113","pvap":"   0,17"},{"seq":"119","sqcand":"140001029578","n":"13450","nm":"LENA SANTOS","cc":"PT","nv":" ","e":"n","st":"Suplente","dvt":"V\u00e1lido","vap":"39","pvap":"   0,06"},{"seq":"87","sqcand":"140000722126","n":"40456","nm":"PROFESSOR TOM","cc":"PSB","nv":" ","e":"n","st":"Suplente","dvt":"V\u00e1lido","vap":"92","pvap":"   0,14"},{"seq":"176","sqcand":"140000692659","n":"25444","nm":"REVERENDO GERSON MENDES","cc":"DEM","nv":" ","e":"n","st":"N\u00e3o eleito","dvt":"Anulado sub judice","vap":"221","pvap":"   0,34"}]}
