{"ele":"426","tpabr":"mu","cdabr":"04383","carper":"13","t":"1","f":"o","dt":"15/11/2020","ht":"22:13:23","dv":"s","tf":"s","v":"11","esae":"n","mnae":"","s":"71","st":"71","pst":" 100,00","snt":"0","psnt":"   0,00","si":"71","psi":" 100,00","sni":"0","psni":"   0,00","sa":"71","psa":" 100,00","sna":"0","psna":"   0,00","e":"22649","ea":"22649","pea":" 100,00","ena":"0","pena":"   0,00","esi":"22649","pesi":" 100,00","esni":"0","pesni":"   0,00","c":"15755","pc":"  69,56","a":"6894","pa":"  30,44","vscv":"0","vnom":"14229","vl":"895","pvnom":"  94,08","pvl":"   5,92","vvc":"15124","pvvc":"  95,99","vb":"273","pvb":"   1,74","tvn":"358","ptvn":"   2,27","vn":"357","pvn":"  99,72","vnt":"1","pvnt":"   0,28","vp":"0","pvp":"   0,00","vv":"15124","pvv":" 100,00","van":"0","pvan":"   0,00","vansj":"0","pvansj":"   0,00","tv":"15755","cand":[{"seq":"73","sqcand":"140001240264","n":"90765","nm":"VITOR DA CIVIL","cc":"PROS","nv":" ","e":"n","st":"Suplente","dvt":"V\u00e1lido","vap":"43","pvap":"   0,28"},{"seq":"19","sqcand":"140000917199","n":"22022","nm":"JO\u00c3O GARIMPEIRO","cc":"PL","nv":" ","e":"n","st":"Suplente","dvt":"V\u00e1lido","vap":"249","pvap":"   1,65"},{"seq":"9","sqcand":"140000917190","n":"22111","nm":"MAGNO COSTA","cc":"PL","nv":" ","e":"s","st":"Eleito","dvt":"V\u00e1lido","vap":"302","pvap":"   2,00"},{"seq":"117","sqcand":"140001263751","n":"90111","nm":"JESSICA","cc":"PROS","nv":" ","e":"n","st":"Suplente","dvt":"V\u00e1lido","vap":"0","pvap":"00.00"},{"seq":"43","sqcand":"140000889378","n":"55222","nm":"JOAO MITIKUS","cc":"PSD","nv":" ","e":"n","st":"Suplente","dvt":"V\u00e1lido","vap":"135","pvap":"   0,89"},{"seq":"61","sqcand":"140001240255","n":"90345","nm":"CEAR\u00c1 PIRANHA","cc":"PROS","nv":" ","e":"n","st":"Suplente","dvt":"V\u00e1lido","vap":"71","pvap":"   0,47"},{"seq":"27","sqcand":"140000889586","n":"51015","nm":"DILEAN LOJA QUINZE","cc":"PATRIOTA","nv":" ","e":"n","st":"Suplente","dvt":"V\u00e1lido","vap":"185","pvap":"   1,22"},{"seq":"36","sqcand":"140000888796","n":"45678","nm":"CARLITO","cc":"PSDB","nv":" ","e":"n","st":"Suplente","dvt":"V\u00e1lido","vap":"161","pvap":"   1,06"},{"seq":"31","sqcand":"140000917194","n":"22122","nm":"JOVEN","cc":"PL","nv":" ","e":"n","st":"Suplente","dvt":"V\u00e1lido","vap":"175","pvap":"   1,16"},{"seq":"24","sqcand":"140000889855","n":"20789","nm":"RODRIGO OLIVEIRA","cc":"PSC","nv":" ","e":"n","st":"Suplente","dvt":"V\u00e1lido","vap":"205","pvap":"   1,36"},{"seq":"11","sqcand":"140000889383","n":"55111","nm":"MOACELIO","cc":"PSD","nv":" ","e":"s","st":"Eleito","dvt":"V\u00e1lido","vap":"220","pvap":"   1,45"},{"seq":"8","sqcand":"140000917197","n":"22722","nm":"PROFESSORA BEATRIZ","cc":"PL","nv":" ","e":"s","st":"Eleito","dvt":"V\u00e1lido","vap":"335","pvap":"   2,22"},{"seq":"81","sqcand":"140000888798","n":"45555","nm":"DR EVERSON","cc":"PSDB","nv":" ","e":"n","st":"Suplente","dvt":"V\u00e1lido","vap":"37","pvap":"   0,24"},{"seq":"40","sqcand":"140000890371","n":"25888","nm":"GERALDO DAS IDENTIDADES","cc":"DEM","nv":" ","e":"n","st":"Suplente","dvt":"V\u00e1lido","vap":"143","pvap":"   0,95"},{"seq":"6","sqcand":"140000917191","n":"22888","nm":"MOISES MOTO TAXI","cc":"PL","nv":" ","e":"s","st":"Eleito","dvt":"V\u00e1lido","vap":"348","pvap":"   2,30"},{"seq":"80","sqcand":"140000917188","n":"22221","nm":"TIRIRICA","cc":"PL","nv":" ","e":"n","st":"Suplente","dvt":"V\u00e1lido","vap":"37","pvap":"   0,24"},{"seq":"26","sqcand":"140000916525","n":"15678","nm":"EDEMAR ONETTA","cc":"MDB","nv":" ","e":"n","st":"Suplente","dvt":"V\u00e1lido","vap":"193","pvap":"   1,28"},{"seq":"56","sqcand":"140000890363","n":"25123","nm":"LOIR\u00c3O","cc":"DEM","nv":" ","e":"n","st":"Suplente","dvt":"V\u00e1lido","vap":"77","pvap":"   0,51"},{"seq":"10","sqcand":"140000888800","n":"45123","nm":"SAMUEL BORTOLIN","cc":"PSDB","nv":" ","e":"s","st":"Eleito","dvt":"V\u00e1lido","vap":"298","pvap":"   1,97"},{"seq":"45","sqcand":"140000888805","n":"45777","nm":"MONICA DA FARMACIA","cc":"PSDB","nv":" ","e":"n","st":"Suplente","dvt":"V\u00e1lido","vap":"121","pvap":"   0,80"},{"seq":"116","sqcand":"140000888809","n":"45666","nm":"NETO","cc":"PSDB","nv":" ","e":"n","st":"Suplente","dvt":"V\u00e1lido","vap":"0","pvap":"00.00"},{"seq":"71","sqcand":"140000889851","n":"20163","nm":"SUZETE","cc":"PSC","nv":" ","e":"n","st":"Suplente","dvt":"V\u00e1lido","vap":"45","pvap":"   0,30"},{"seq":"32","sqcand":"140000917195","n":"22222","nm":"PROFESSOR AUGUSTO","cc":"PL","nv":" ","e":"n","st":"Suplente","dvt":"V\u00e1lido","vap":"173","pvap":"   1,14"},{"seq":"46","sqcand":"140000890365","n":"25222","nm":"JOSIAS","cc":"DEM","nv":" ","e":"n","st":"Suplente","dvt":"V\u00e1lido","vap":"110","pvap":"   0,73"},{"seq":"12","sqcand":"140000917202","n":"22456","nm":"JUAREZ CIVIERO","cc":"PL","nv":" ","e":"n","st":"Suplente","dvt":"V\u00e1lido","vap":"300","pvap":"   1,98"},{"seq":"58","sqcand":"140000888802","n":"45245","nm":"DJENANNY","cc":"PSDB","nv":" ","e":"n","st":"Suplente","dvt":"V\u00e1lido","vap":"77","pvap":"   0,51"},{"seq":"3","sqcand":"140000889588","n":"51163","nm":"ADRIANA MANFROI","cc":"PATRIOTA","nv":" ","e":"s","st":"Eleito","dvt":"V\u00e1lido","vap":"462","pvap":"   3,05"},{"seq":"122","sqcand":"140001240062","n":"40123","nm":"MARIA DO CALDO","cc":"PSB","nv":" ","e":"n","st":"N\u00e3o eleito","dvt":"V\u00e1lido","vap":"47","pvap":"   0,31"},{"seq":"121","sqcand":"140001254963","n":"10380","nm":"NALDO MATOS","cc":"REPUBLICANOS","nv":" ","e":"n","st":"N\u00e3o eleito","dvt":"V\u00e1lido","vap":"48","pvap":"   0,32"},{"seq":"79","sqcand":"140000916529","n":"15888","nm":"DANIEL DA AUTO ESCOLA","cc":"MDB","nv":" ","e":"n","st":"Suplente","dvt":"V\u00e1lido","vap":"38","pvap":"   0,25"},{"seq":"13","sqcand":"140000890374","n":"25678","nm":"GUISA","cc":"DEM","nv":" ","e":"n","st":"Suplente","dvt":"V\u00e1lido","vap":"290","pvap":"   1,92"},{"seq":"85","sqcand":"140001240260","n":"90212","nm":"IVONETE DA FEIRA","cc":"PROS","nv":" ","e":"n","st":"Suplente","dvt":"V\u00e1lido","vap":"34","pvap":"   0,22"},{"seq":"69","sqcand":"140000889380","n":"55777","nm":"LUDIO VIEIRA","cc":"PSD","nv":" ","e":"n","st":"Suplente","dvt":"V\u00e1lido","vap":"48","pvap":"   0,32"},{"seq":"84","sqcand":"140000917196","n":"22163","nm":"JEANI DO BAR","cc":"PL","nv":" ","e":"n","st":"Suplente","dvt":"V\u00e1lido","vap":"35","pvap":"   0,23"},{"seq":"55","sqcand":"140000889376","n":"55190","nm":"SUB CRUZ","cc":"PSD","nv":" ","e":"n","st":"Suplente","dvt":"V\u00e1lido","vap":"78","pvap":"   0,52"},{"seq":"104","sqcand":"140000890362","n":"25645","nm":"DALVA MENDES","cc":"DEM","nv":" ","e":"n","st":"Suplente","dvt":"V\u00e1lido","vap":"12","pvap":"   0,08"},{"seq":"105","sqcand":"140000889382","n":"55192","nm":"ADAMYS RICARDO","cc":"PSD","nv":" ","e":"n","st":"Suplente","dvt":"V\u00e1lido","vap":"12","pvap":"   0,08"},{"seq":"1","sqcand":"140000890372","n":"25555","nm":"JULIANO SIMIONATO","cc":"DEM","nv":" ","e":"s","st":"Eleito","dvt":"V\u00e1lido","vap":"491","pvap":"   3,25"},{"seq":"87","sqcand":"140000888803","n":"45045","nm":"NUBIA DO CROCHE","cc":"PSDB","nv":" ","e":"n","st":"Suplente","dvt":"V\u00e1lido","vap":"33","pvap":"   0,22"},{"seq":"41","sqcand":"140000888797","n":"45639","nm":"BEPDJY RE KAMA\u00da","cc":"PSDB","nv":" ","e":"n","st":"Suplente","dvt":"V\u00e1lido","vap":"139","pvap":"   0,92"},{"seq":"52","sqcand":"140000916514","n":"15220","nm":"JO\u00c3O AMARELO","cc":"MDB","nv":" ","e":"n","st":"Suplente","dvt":"V\u00e1lido","vap":"97","pvap":"   0,64"},{"seq":"44","sqcand":"140000889589","n":"51510","nm":"GUSTAVO PINHEIRO","cc":"PATRIOTA","nv":" ","e":"n","st":"Suplente","dvt":"V\u00e1lido","vap":"130","pvap":"   0,86"},{"seq":"114","sqcand":"140000889386","n":"55123","nm":"ELIANE","cc":"PSD","nv":" ","e":"n","st":"Suplente","dvt":"V\u00e1lido","vap":"2","pvap":"   0,01"},{"seq":"50","sqcand":"140000889584","n":"51380","nm":"DONIZETE DUARTE","cc":"PATRIOTA","nv":" ","e":"n","st":"Suplente","dvt":"V\u00e1lido","vap":"106","pvap":"   0,70"},{"seq":"4","sqcand":"140001240259","n":"90222","nm":"NANDO","cc":"PROS","nv":" ","e":"s","st":"Eleito","dvt":"V\u00e1lido","vap":"414","pvap":"   2,74"},{"seq":"109","sqcand":"140000916519","n":"15115","nm":"MARTINHA DO HOTEL TROPICAL","cc":"MDB","nv":" ","e":"n","st":"Suplente","dvt":"V\u00e1lido","vap":"10","pvap":"   0,07"},{"seq":"90","sqcand":"140000890375","n":"25456","nm":"PAQUITO","cc":"DEM","nv":" ","e":"n","st":"Suplente","dvt":"V\u00e1lido","vap":"30","pvap":"   0,20"},{"seq":"51","sqcand":"140000916515","n":"15111","nm":"DR ESDRAS","cc":"MDB","nv":" ","e":"n","st":"Suplente","dvt":"V\u00e1lido","vap":"98","pvap":"   0,65"},{"seq":"74","sqcand":"140001240262","n":"90999","nm":"PAULO DO VIT\u00d3RIA","cc":"PROS","nv":" ","e":"n","st":"Suplente","dvt":"V\u00e1lido","vap":"43","pvap":"   0,28"},{"seq":"110","sqcand":"140000890360","n":"25851","nm":"BASTOS","cc":"DEM","nv":" ","e":"n","st":"Suplente","dvt":"V\u00e1lido","vap":"10","pvap":"   0,07"},{"seq":"115","sqcand":"140000889853","n":"20888","nm":"ANGELINA SPAK","cc":"PSC","nv":" ","e":"n","st":"Suplente","dvt":"V\u00e1lido","vap":"2","pvap":"   0,01"},{"seq":"124","sqcand":"140001254968","n":"10456","nm":"VANDERLEI AGUIAR","cc":"REPUBLICANOS","nv":" ","e":"n","st":"N\u00e3o eleito","dvt":"V\u00e1lido","vap":"25","pvap":"   0,17"},{"seq":"96","sqcand":"140000888801","n":"45525","nm":"RONI","cc":"PSDB","nv":" ","e":"n","st":"Suplente","dvt":"V\u00e1lido","vap":"24","pvap":"   0,16"},{"seq":"93","sqcand":"140000889389","n":"55355","nm":"CLAUDIO SILVA","cc":"PSD","nv":" ","e":"n","st":"Suplente","dvt":"V\u00e1lido","vap":"28","pvap":"   0,19"},{"seq":"5","sqcand":"140000889848","n":"20333","nm":"CHICO SOUSA","cc":"PSC","nv":" ","e":"s","st":"Eleito","dvt":"V\u00e1lido","vap":"404","pvap":"   2,67"},{"seq":"76","sqcand":"140000889388","n":"55444","nm":"DONA IRENE","cc":"PSD","nv":" ","e":"n","st":"Suplente","dvt":"V\u00e1lido","vap":"41","pvap":"   0,27"},{"seq":"42","sqcand":"140000916518","n":"15123","nm":"PROF NUBIA MACHADO","cc":"MDB","nv":" ","e":"n","st":"Suplente","dvt":"V\u00e1lido","vap":"138","pvap":"   0,91"},{"seq":"63","sqcand":"140000890361","n":"25444","nm":"PASTOR ROBERTO","cc":"DEM","nv":" ","e":"n","st":"Suplente","dvt":"V\u00e1lido","vap":"60","pvap":"   0,40"},{"seq":"98","sqcand":"140000888807","n":"45645","nm":"MIRA RODRIGUES","cc":"PSDB","nv":" ","e":"n","st":"Suplente","dvt":"V\u00e1lido","vap":"22","pvap":"   0,15"},{"seq":"75","sqcand":"140000888794","n":"45677","nm":"CHICO RODRIGUES","cc":"PSDB","nv":" ","e":"n","st":"Suplente","dvt":"V\u00e1lido","vap":"41","pvap":"   0,27"},{"seq":"86","sqcand":"140000917198","n":"22555","nm":"JOSIANA DEMBINSKI","cc":"PL","nv":" ","e":"n","st":"Suplente","dvt":"V\u00e1lido","vap":"34","pvap":"   0,22"},{"seq":"57","sqcand":"140000888799","n":"45115","nm":"IRMA ELIANE","cc":"PSDB","nv":" ","e":"n","st":"Suplente","dvt":"V\u00e1lido","vap":"77","pvap":"   0,51"},{"seq":"111","sqcand":"140000890359","n":"25385","nm":"FRANCIS CABELEREIRA","cc":"DEM","nv":" ","e":"n","st":"Suplente","dvt":"V\u00e1lido","vap":"9","pvap":"   0,06"},{"seq":"99","sqcand":"140000889384","n":"55242","nm":"EURY","cc":"PSD","nv":" ","e":"n","st":"Suplente","dvt":"V\u00e1lido","vap":"21","pvap":"   0,14"},{"seq":"92","sqcand":"140000889593","n":"51470","nm":"NATY DO PR\u00c9 MOLDADO","cc":"PATRIOTA","nv":" ","e":"n","st":"Suplente","dvt":"V\u00e1lido","vap":"29","pvap":"   0,19"},{"seq":"83","sqcand":"140000890369","n":"25800","nm":"PIAU\u00cd BARBICHA","cc":"DEM","nv":" ","e":"n","st":"Suplente","dvt":"V\u00e1lido","vap":"35","pvap":"   0,23"},{"seq":"106","sqcand":"140000889377","n":"55333","nm":"LUZIA ZANON","cc":"PSD","nv":" ","e":"n","st":"Suplente","dvt":"V\u00e1lido","vap":"12","pvap":"   0,08"},{"seq":"60","sqcand":"140000889381","n":"55455","nm":"RAFAEL DO PRADO","cc":"PSD","nv":" ","e":"n","st":"Suplente","dvt":"V\u00e1lido","vap":"73","pvap":"   0,48"},{"seq":"77","sqcand":"140001240263","n":"90000","nm":"BRUNO","cc":"PROS","nv":" ","e":"n","st":"Suplente","dvt":"V\u00e1lido","vap":"41","pvap":"   0,27"},{"seq":"54","sqcand":"140001240254","n":"90333","nm":"Z\u00c9 NETO","cc":"PROS","nv":" ","e":"n","st":"Suplente","dvt":"V\u00e1lido","vap":"84","pvap":"   0,56"},{"seq":"37","sqcand":"140001239849","n":"22777","nm":"MAURO RATO","cc":"PL","nv":" ","e":"n","st":"Suplente","dvt":"V\u00e1lido","vap":"159","pvap":"   1,05"},{"seq":"78","sqcand":"140000889585","n":"51234","nm":"VANDERLEI BUCHUDINHO","cc":"PATRIOTA","nv":" ","e":"n","st":"Suplente","dvt":"V\u00e1lido","vap":"39","pvap":"   0,26"},{"seq":"17","sqcand":"140000888804","n":"45163","nm":"PALMARO","cc":"PSDB","nv":" ","e":"n","st":"Suplente","dvt":"V\u00e1lido","vap":"253","pvap":"   1,67"},{"seq":"89","sqcand":"140000889857","n":"20777","nm":"MARIA CONSELHO","cc":"PSC","nv":" ","e":"n","st":"Suplente","dvt":"V\u00e1lido","vap":"30","pvap":"   0,20"},{"seq":"97","sqcand":"140000890366","n":"25163","nm":"NEGHINHO BUBUR\u00c9","cc":"DEM","nv":" ","e":"n","st":"Suplente","dvt":"V\u00e1lido","vap":"23","pvap":"   0,15"},{"seq":"30","sqcand":"140000916526","n":"15555","nm":"KIKO AUTO EL\u00c9TRICA","cc":"MDB","nv":" ","e":"n","st":"Suplente","dvt":"V\u00e1lido","vap":"179","pvap":"   1,18"},{"seq":"67","sqcand":"140000888808","n":"45999","nm":"VAL MOTOS","cc":"PSDB","nv":" ","e":"n","st":"Suplente","dvt":"V\u00e1lido","vap":"54","pvap":"   0,36"},{"seq":"101","sqcand":"140000888795","n":"45789","nm":"ALEANDRA","cc":"PSDB","nv":" ","e":"n","st":"Suplente","dvt":"V\u00e1lido","vap":"18","pvap":"   0,12"},{"seq":"15","sqcand":"140000917192","n":"22369","nm":"BUENO","cc":"PL","nv":" ","e":"n","st":"Suplente","dvt":"V\u00e1lido","vap":"278","pvap":"   1,84"},{"seq":"82","sqcand":"140000890368","n":"25100","nm":"IRM\u00c3 ROSE","cc":"DEM","nv":" ","e":"n","st":"Suplente","dvt":"V\u00e1lido","vap":"36","pvap":"   0,24"},{"seq":"68","sqcand":"140000917200","n":"22345","nm":"IRENE A PIONEIRA","cc":"PL","nv":" ","e":"n","st":"Suplente","dvt":"V\u00e1lido","vap":"48","pvap":"   0,32"},{"seq":"118","sqcand":"140001254965","n":"10123","nm":"ADELMIR DA SILVA","cc":"REPUBLICANOS","nv":" ","e":"n","st":"N\u00e3o eleito","dvt":"V\u00e1lido","vap":"92","pvap":"   0,61"},{"seq":"119","sqcand":"140001254964","n":"10200","nm":"MARIA TCHU TCHUCA","cc":"REPUBLICANOS","nv":" ","e":"n","st":"N\u00e3o eleito","dvt":"V\u00e1lido","vap":"67","pvap":"   0,44"},{"seq":"22","sqcand":"140001240253","n":"90355","nm":"IRM\u00c3 LUCIA","cc":"PROS","nv":" ","e":"n","st":"Suplente","dvt":"V\u00e1lido","vap":"215","pvap":"   1,42"},{"seq":"14","sqcand":"140000916520","n":"15001","nm":"JAQUELINE CAMINHONHEIRA","cc":"MDB","nv":" ","e":"n","st":"Suplente","dvt":"V\u00e1lido","vap":"289","pvap":"   1,91"},{"seq":"28","sqcand":"140000917189","n":"22333","nm":"CHINA","cc":"PL","nv":" ","e":"n","st":"Suplente","dvt":"V\u00e1lido","vap":"181","pvap":"   1,20"},{"seq":"102","sqcand":"140000890364","n":"25789","nm":"TOCO","cc":"DEM","nv":" ","e":"n","st":"Suplente","dvt":"V\u00e1lido","vap":"15","pvap":"   0,10"},{"seq":"91","sqcand":"140000889582","n":"51010","nm":"ALICE BUSARELLO","cc":"PATRIOTA","nv":" ","e":"n","st":"Suplente","dvt":"V\u00e1lido","vap":"30","pvap":"   0,20"},{"seq":"23","sqcand":"140001240256","n":"90777","nm":"IRM\u00c3O RELOJOEIRO","cc":"PROS","nv":" ","e":"n","st":"Suplente","dvt":"V\u00e1lido","vap":"212","pvap":"   1,40"},{"seq":"21","sqcand":"140000889391","n":"55000","nm":"MARIO DO CHOP\u00c3O","cc":"PSD","nv":" ","e":"n","st":"Suplente","dvt":"V\u00e1lido","vap":"218","pvap":"   1,44"},{"seq":"53","sqcand":"140000916521","n":"15333","nm":"CLAUDINEI MOTO TAXI","cc":"MDB","nv":" ","e":"n","st":"Suplente","dvt":"V\u00e1lido","vap":"85","pvap":"   0,56"},{"seq":"7","sqcand":"140000916517","n":"15163","nm":"DIRCK ROBERTO","cc":"MDB","nv":" ","e":"s","st":"Eleito","dvt":"V\u00e1lido","vap":"345","pvap":"   2,28"},{"seq":"16","sqcand":"140000916527","n":"15222","nm":"LUIZ\u00c3O","cc":"MDB","nv":" ","e":"n","st":"Suplente","dvt":"V\u00e1lido","vap":"270","pvap":"   1,79"},{"seq":"108","sqcand":"140000917193","n":"22321","nm":"LUANA DONEDA","cc":"PL","nv":" ","e":"n","st":"Suplente","dvt":"V\u00e1lido","vap":"11","pvap":"   0,07"},{"seq":"113","sqcand":"140000889587","n":"51051","nm":"SELMA","cc":"PATRIOTA","nv":" ","e":"n","st":"Suplente","dvt":"V\u00e1lido","vap":"8","pvap":"   0,05"},{"seq":"59","sqcand":"140000889592","n":"51100","nm":"EDEMAR DILL ELETRECISTA","cc":"PATRIOTA","nv":" ","e":"n","st":"Suplente","dvt":"V\u00e1lido","vap":"76","pvap":"   0,50"},{"seq":"29","sqcand":"140000889591","n":"51022","nm":"ORLANDO DA MULTIM\u00d3VEIS","cc":"PATRIOTA","nv":" ","e":"n","st":"Suplente","dvt":"V\u00e1lido","vap":"180","pvap":"   1,19"},{"seq":"48","sqcand":"140000889856","n":"20555","nm":"ISAK DA AMBUL\u00c2NCIA","cc":"PSC","nv":" ","e":"n","st":"Suplente","dvt":"V\u00e1lido","vap":"108","pvap":"   0,71"},{"seq":"18","sqcand":"140000917201","n":"22000","nm":"PROFESSORA MEL","cc":"PL","nv":" ","e":"n","st":"Suplente","dvt":"V\u00e1lido","vap":"250","pvap":"   1,65"},{"seq":"39","sqcand":"140000916528","n":"15236","nm":"LAERCIO FRIES","cc":"MDB","nv":" ","e":"n","st":"Suplente","dvt":"V\u00e1lido","vap":"145","pvap":"   0,96"},{"seq":"38","sqcand":"140000889379","n":"55555","nm":"JAIR DO TIT\u00c3O","cc":"PSD","nv":" ","e":"n","st":"Suplente","dvt":"V\u00e1lido","vap":"147","pvap":"   0,97"},{"seq":"94","sqcand":"140000889385","n":"55456","nm":"MARLYCE GOMES","cc":"PSD","nv":" ","e":"n","st":"Suplente","dvt":"V\u00e1lido","vap":"28","pvap":"   0,19"},{"seq":"62","sqcand":"140001263752","n":"90123","nm":"LAMBARI","cc":"PROS","nv":" ","e":"n","st":"Suplente","dvt":"V\u00e1lido","vap":"69","pvap":"   0,46"},{"seq":"107","sqcand":"140000890373","n":"25321","nm":"LIA PUBLICIDADE","cc":"DEM","nv":" ","e":"n","st":"Suplente","dvt":"V\u00e1lido","vap":"11","pvap":"   0,07"},{"seq":"112","sqcand":"140000890370","n":"25000","nm":"JOANA DA HABILITA","cc":"DEM","nv":" ","e":"n","st":"Suplente","dvt":"V\u00e1lido","vap":"9","pvap":"   0,06"},{"seq":"35","sqcand":"140000889852","n":"20000","nm":"REGINALDO VIANA","cc":"PSC","nv":" ","e":"n","st":"Suplente","dvt":"V\u00e1lido","vap":"167","pvap":"   1,10"},{"seq":"100","sqcand":"140000916524","n":"15444","nm":"ANA CRISTINA","cc":"MDB","nv":" ","e":"n","st":"Suplente","dvt":"V\u00e1lido","vap":"19","pvap":"   0,13"},{"seq":"25","sqcand":"140000916523","n":"15000","nm":"HERLAN CARDOSO","cc":"MDB","nv":" ","e":"n","st":"Suplente","dvt":"V\u00e1lido","vap":"199","pvap":"   1,32"},{"seq":"64","sqcand":"140000916516","n":"15500","nm":"DELZA NUNES","cc":"MDB","nv":" ","e":"n","st":"Suplente","dvt":"V\u00e1lido","vap":"57","pvap":"   0,38"},{"seq":"66","sqcand":"140000889590","n":"51321","nm":"SILAS","cc":"PATRIOTA","nv":" ","e":"n","st":"Suplente","dvt":"V\u00e1lido","vap":"55","pvap":"   0,36"},{"seq":"49","sqcand":"140000889849","n":"20345","nm":"ANTONY DO POSTO","cc":"PSC","nv":" ","e":"n","st":"Suplente","dvt":"V\u00e1lido","vap":"107","pvap":"   0,71"},{"seq":"70","sqcand":"140000889583","n":"51233","nm":"BILL","cc":"PATRIOTA","nv":" ","e":"n","st":"Suplente","dvt":"V\u00e1lido","vap":"48","pvap":"   0,32"},{"seq":"33","sqcand":"140000889850","n":"20123","nm":"TONY","cc":"PSC","nv":" ","e":"n","st":"Suplente","dvt":"V\u00e1lido","vap":"173","pvap":"   1,14"},{"seq":"34","sqcand":"140000917203","n":"22123","nm":"CABRAL","cc":"PL","nv":" ","e":"n","st":"Suplente","dvt":"V\u00e1lido","vap":"171","pvap":"   1,13"},{"seq":"20","sqcand":"140000888806","n":"45454","nm":"PROFESSOR DILMAR RIBAS","cc":"PSDB","nv":" ","e":"n","st":"Suplente","dvt":"V\u00e1lido","vap":"225","pvap":"   1,49"},{"seq":"2","sqcand":"140000916522","n":"15015","nm":"MATEUS MONTEIRO","cc":"MDB","nv":" ","e":"s","st":"Eleito","dvt":"V\u00e1lido","vap":"480","pvap":"   3,17"},{"seq":"72","sqcand":"140000889387","n":"55888","nm":"VICENTE DA RODOVIARIA","cc":"PSD","nv":" ","e":"n","st":"Suplente","dvt":"V\u00e1lido","vap":"44","pvap":"   0,29"},{"seq":"65","sqcand":"140000889390","n":"55789","nm":"PEDRINHO","cc":"PSD","nv":" ","e":"n","st":"Suplente","dvt":"V\u00e1lido","vap":"56","pvap":"   0,37"},{"seq":"103","sqcand":"140001263750","n":"90163","nm":"REGINA","cc":"PROS","nv":" ","e":"n","st":"Suplente","dvt":"V\u00e1lido","vap":"14","pvap":"   0,09"},{"seq":"120","sqcand":"140001254967","n":"10789","nm":"GIL\u00d3 DA SAUDE","cc":"REPUBLICANOS","nv":" ","e":"n","st":"N\u00e3o eleito","dvt":"V\u00e1lido","vap":"61","pvap":"   0,40"},{"seq":"47","sqcand":"140001240258","n":"90555","nm":"PEDRO ACESS\u00d3RIOS","cc":"PROS","nv":" ","e":"n","st":"Suplente","dvt":"V\u00e1lido","vap":"108","pvap":"   0,71"},{"seq":"125","sqcand":"140001240061","n":"40321","nm":"GUILHERME","cc":"PSB","nv":" ","e":"n","st":"N\u00e3o eleito","dvt":"V\u00e1lido","vap":"22","pvap":"   0,15"},{"seq":"95","sqcand":"140001240261","n":"90888","nm":"ELISANGELA","cc":"PROS","nv":" ","e":"n","st":"Suplente","dvt":"V\u00e1lido","vap":"27","pvap":"   0,18"},{"seq":"123","sqcand":"140001254966","n":"10777","nm":"KARINA CRISTINA","cc":"REPUBLICANOS","nv":" ","e":"n","st":"N\u00e3o eleito","dvt":"V\u00e1lido","vap":"40","pvap":"   0,26"},{"seq":"88","sqcand":"140001240257","n":"90321","nm":"THIEGO PANDORA","cc":"PROS","nv":" ","e":"n","st":"Suplente","dvt":"V\u00e1lido","vap":"31","pvap":"   0,20"}]}
