{"ele":"426","tpabr":"mu","cdabr":"04391","carper":"13","t":"1","f":"o","dt":"15/11/2020","ht":"22:09:59","dv":"s","tf":"s","v":"11","esae":"n","mnae":"","s":"59","st":"59","pst":" 100,00","snt":"0","psnt":"   0,00","si":"59","psi":" 100,00","sni":"0","psni":"   0,00","sa":"59","psa":" 100,00","sna":"0","psna":"   0,00","e":"17734","ea":"17734","pea":" 100,00","ena":"0","pena":"   0,00","esi":"17734","pesi":" 100,00","esni":"0","pesni":"   0,00","c":"14381","pc":"  81,09","a":"3353","pa":"  18,91","vscv":"0","vnom":"13175","vl":"811","pvnom":"  94,20","pvl":"   5,80","vvc":"13986","pvvc":"  97,25","vb":"77","pvb":"   0,54","tvn":"318","ptvn":"   2,21","vn":"318","pvn":" 100,00","vnt":"0","pvnt":"   0,00","vp":"0","pvp":"   0,00","vv":"13986","pvv":" 100,00","van":"0","pvan":"   0,00","vansj":"0","pvansj":"   0,00","tv":"14381","cand":[{"seq":"47","sqcand":"140001237858","n":"15150","nm":"VALTINHO ELETRICISTA","cc":"MDB","nv":" ","e":"n","st":"Suplente","dvt":"V\u00e1lido","vap":"67","pvap":"   0,48"},{"seq":"59","sqcand":"140001151950","n":"40111","nm":"IRM\u00c3O CARECA","cc":"PSB","nv":" ","e":"n","st":"Suplente","dvt":"V\u00e1lido","vap":"22","pvap":"   0,16"},{"seq":"14","sqcand":"140001237562","n":"12777","nm":"EDUARDINHO","cc":"PDT","nv":" ","e":"n","st":"Suplente","dvt":"V\u00e1lido","vap":"290","pvap":"   2,07"},{"seq":"92","sqcand":"140001150761","n":"11111","nm":"DR SIDNEY","cc":"PP","nv":" ","e":"n","st":"N\u00e3o eleito","dvt":"V\u00e1lido","vap":"47","pvap":"   0,34"},{"seq":"69","sqcand":"140000954508","n":"19777","nm":"JOICE SALDANHA","cc":"PODE","nv":" ","e":"n","st":"Suplente","dvt":"V\u00e1lido","vap":"5","pvap":"   0,04"},{"seq":"93","sqcand":"140001150758","n":"11011","nm":"DED\u00c9 DO SANTO ANTONIO","cc":"PP","nv":" ","e":"n","st":"N\u00e3o eleito","dvt":"V\u00e1lido","vap":"39","pvap":"   0,28"},{"seq":"58","sqcand":"140001237564","n":"12300","nm":"LEILA OLIVEIRA","cc":"PDT","nv":" ","e":"n","st":"Suplente","dvt":"V\u00e1lido","vap":"25","pvap":"   0,18"},{"seq":"17","sqcand":"140000954509","n":"19888","nm":"JULIETE MIRANDA","cc":"PODE","nv":" ","e":"n","st":"Suplente","dvt":"V\u00e1lido","vap":"256","pvap":"   1,83"},{"seq":"111","sqcand":"140001151214","n":"25552","nm":"PROFESSORA JANICE","cc":"DEM","nv":" ","e":"n","st":"N\u00e3o eleito","dvt":"V\u00e1lido","vap":"5","pvap":"   0,04"},{"seq":"12","sqcand":"140001237867","n":"15120","nm":"DED\u00ca DOS FRETES","cc":"MDB","nv":" ","e":"n","st":"Suplente","dvt":"V\u00e1lido","vap":"328","pvap":"   2,35"},{"seq":"23","sqcand":"140000954500","n":"19222","nm":"D\u00caNIS BELTR\u00c3O","cc":"PODE","nv":" ","e":"n","st":"Suplente","dvt":"V\u00e1lido","vap":"223","pvap":"   1,59"},{"seq":"37","sqcand":"140001151952","n":"40852","nm":"ARISTIDES RIBEIRO","cc":"PSB","nv":" ","e":"n","st":"Suplente","dvt":"V\u00e1lido","vap":"114","pvap":"   0,82"},{"seq":"115","sqcand":"140001150754","n":"11602","nm":"EMILIA DO SALGADO","cc":"PP","nv":" ","e":"n","st":"N\u00e3o eleito","dvt":"V\u00e1lido","vap":"3","pvap":"   0,02"},{"seq":"87","sqcand":"140001152422","n":"13000","nm":"DANIEL LOPES","cc":"PT","nv":" ","e":"n","st":"N\u00e3o eleito","dvt":"V\u00e1lido","vap":"66","pvap":"   0,47"},{"seq":"79","sqcand":"140001152420","n":"13131","nm":"RITA SERRA","cc":"PT","nv":" ","e":"n","st":"N\u00e3o eleito","dvt":"V\u00e1lido","vap":"106","pvap":"   0,76"},{"seq":"64","sqcand":"140000954499","n":"19666","nm":"DANIEL DA CULTURA","cc":"PODE","nv":" ","e":"n","st":"Suplente","dvt":"V\u00e1lido","vap":"19","pvap":"   0,14"},{"seq":"83","sqcand":"140001151213","n":"25678","nm":"AMADOR","cc":"DEM","nv":" ","e":"n","st":"N\u00e3o eleito","dvt":"V\u00e1lido","vap":"88","pvap":"   0,63"},{"seq":"61","sqcand":"140001151958","n":"40450","nm":"JORSIM DO G\u00c1S","cc":"PSB","nv":" ","e":"n","st":"Suplente","dvt":"V\u00e1lido","vap":"21","pvap":"   0,15"},{"seq":"103","sqcand":"140001150755","n":"11222","nm":"ROSINHA DO CROCH\u00ca","cc":"PP","nv":" ","e":"n","st":"N\u00e3o eleito","dvt":"V\u00e1lido","vap":"13","pvap":"   0,09"},{"seq":"77","sqcand":"140001152423","n":"13456","nm":"AUGUSTA MOREIRA","cc":"PT","nv":" ","e":"n","st":"N\u00e3o eleito","dvt":"V\u00e1lido","vap":"113","pvap":"   0,81"},{"seq":"106","sqcand":"140000972149","n":"20334","nm":"SANDRA CABRAL","cc":"PSC","nv":" ","e":"n","st":"N\u00e3o eleito","dvt":"V\u00e1lido","vap":"11","pvap":"   0,08"},{"seq":"80","sqcand":"140000972150","n":"20123","nm":"EDUARDO FEIO","cc":"PSC","nv":" ","e":"n","st":"N\u00e3o eleito","dvt":"V\u00e1lido","vap":"101","pvap":"   0,72"},{"seq":"29","sqcand":"140001150381","n":"14556","nm":"CLEISSER DUARTE","cc":"PTB","nv":" ","e":"n","st":"Suplente","dvt":"V\u00e1lido","vap":"160","pvap":"   1,14"},{"seq":"82","sqcand":"140001150756","n":"11007","nm":"RONALDO PACHECO","cc":"PP","nv":" ","e":"n","st":"N\u00e3o eleito","dvt":"V\u00e1lido","vap":"91","pvap":"   0,65"},{"seq":"88","sqcand":"140001150762","n":"11234","nm":"CESAR","cc":"PP","nv":" ","e":"n","st":"N\u00e3o eleito","dvt":"V\u00e1lido","vap":"59","pvap":"   0,42"},{"seq":"2","sqcand":"140001150382","n":"14617","nm":"RONALDO BRITO","cc":"PTB","nv":" ","e":"s","st":"Eleito","dvt":"V\u00e1lido","vap":"510","pvap":"   3,65"},{"seq":"39","sqcand":"140001151946","n":"40789","nm":"ENIELLEM TIA NICA","cc":"PSB","nv":" ","e":"n","st":"Suplente","dvt":"V\u00e1lido","vap":"105","pvap":"   0,75"},{"seq":"8","sqcand":"140001237861","n":"15280","nm":"VELHA","cc":"MDB","nv":" ","e":"s","st":"Eleito","dvt":"V\u00e1lido","vap":"361","pvap":"   2,58"},{"seq":"6","sqcand":"140001237863","n":"15110","nm":"ROBSON CALANDRINE","cc":"MDB","nv":" ","e":"s","st":"Eleito","dvt":"V\u00e1lido","vap":"380","pvap":"   2,72"},{"seq":"71","sqcand":"140001237857","n":"15555","nm":"BIGUINHO DAS LIVE","cc":"MDB","nv":" ","e":"n","st":"Suplente","dvt":"V\u00e1lido","vap":"4","pvap":"   0,03"},{"seq":"40","sqcand":"140001151955","n":"40231","nm":"DONA \u00c9DINA","cc":"PSB","nv":" ","e":"n","st":"Suplente","dvt":"V\u00e1lido","vap":"104","pvap":"   0,74"},{"seq":"20","sqcand":"140001237568","n":"12345","nm":"NEY LOPES","cc":"PDT","nv":" ","e":"n","st":"Suplente","dvt":"V\u00e1lido","vap":"235","pvap":"   1,68"},{"seq":"43","sqcand":"140001237860","n":"15123","nm":"JORGE FEIO","cc":"MDB","nv":" ","e":"n","st":"Suplente","dvt":"V\u00e1lido","vap":"81","pvap":"   0,58"},{"seq":"97","sqcand":"140000887576","n":"36999","nm":"SALOME GOMES","cc":"PTC","nv":" ","e":"n","st":"N\u00e3o eleito","dvt":"V\u00e1lido","vap":"28","pvap":"   0,20"},{"seq":"31","sqcand":"140001150393","n":"14100","nm":"SANTOCA","cc":"PTB","nv":" ","e":"n","st":"Suplente","dvt":"V\u00e1lido","vap":"151","pvap":"   1,08"},{"seq":"110","sqcand":"140001151222","n":"25999","nm":"AD\u00ca DO MUAY THAI","cc":"DEM","nv":" ","e":"n","st":"N\u00e3o eleito","dvt":"V\u00e1lido","vap":"5","pvap":"   0,04"},{"seq":"51","sqcand":"140001150383","n":"14333","nm":"LEONARDO","cc":"PTB","nv":" ","e":"n","st":"Suplente","dvt":"V\u00e1lido","vap":"48","pvap":"   0,34"},{"seq":"67","sqcand":"140001237859","n":"15456","nm":"NEI SANTIAGO","cc":"MDB","nv":" ","e":"n","st":"Suplente","dvt":"V\u00e1lido","vap":"8","pvap":"   0,06"},{"seq":"26","sqcand":"140000954504","n":"19456","nm":"NIL MARAJ\u00d3","cc":"PODE","nv":" ","e":"n","st":"Suplente","dvt":"V\u00e1lido","vap":"199","pvap":"   1,42"},{"seq":"89","sqcand":"140001152424","n":"13123","nm":"MARY PACHECO","cc":"PT","nv":" ","e":"n","st":"N\u00e3o eleito","dvt":"V\u00e1lido","vap":"54","pvap":"   0,39"},{"seq":"70","sqcand":"140001151943","n":"40369","nm":"TAIENE MEDEIROS","cc":"PSB","nv":" ","e":"n","st":"Suplente","dvt":"V\u00e1lido","vap":"5","pvap":"   0,04"},{"seq":"21","sqcand":"140001150388","n":"14500","nm":"ELIAS JUNIOR","cc":"PTB","nv":" ","e":"n","st":"Suplente","dvt":"V\u00e1lido","vap":"228","pvap":"   1,63"},{"seq":"28","sqcand":"140001151942","n":"40001","nm":"HELIO BRUNO","cc":"PSB","nv":" ","e":"n","st":"Suplente","dvt":"V\u00e1lido","vap":"163","pvap":"   1,17"},{"seq":"54","sqcand":"140001151944","n":"40453","nm":"BAL LOBO","cc":"PSB","nv":" ","e":"n","st":"Suplente","dvt":"V\u00e1lido","vap":"36","pvap":"   0,26"},{"seq":"1","sqcand":"140001150389","n":"14123","nm":"NETA BROWN","cc":"PTB","nv":" ","e":"s","st":"Eleito","dvt":"V\u00e1lido","vap":"514","pvap":"   3,68"},{"seq":"49","sqcand":"140001237866","n":"15500","nm":"SAVIA","cc":"MDB","nv":" ","e":"n","st":"Suplente","dvt":"V\u00e1lido","vap":"59","pvap":"   0,42"},{"seq":"102","sqcand":"140001151218","n":"25111","nm":"ELIVAN GEMAQUE","cc":"DEM","nv":" ","e":"n","st":"N\u00e3o eleito","dvt":"V\u00e1lido","vap":"15","pvap":"   0,11"},{"seq":"46","sqcand":"140001151945","n":"40045","nm":"VALDOMIRO FIGUEIREDO","cc":"PSB","nv":" ","e":"n","st":"Suplente","dvt":"V\u00e1lido","vap":"77","pvap":"   0,55"},{"seq":"34","sqcand":"140000954510","n":"19000","nm":"MADI O GAROTINHO DO POV\u00c3O","cc":"PODE","nv":" ","e":"n","st":"Suplente","dvt":"V\u00e1lido","vap":"136","pvap":"   0,97"},{"seq":"98","sqcand":"140001151225","n":"25555","nm":"LEYSE MORAES","cc":"DEM","nv":" ","e":"n","st":"N\u00e3o eleito","dvt":"V\u00e1lido","vap":"25","pvap":"   0,18"},{"seq":"85","sqcand":"140001150751","n":"11123","nm":"BOBIAS","cc":"PP","nv":" ","e":"n","st":"N\u00e3o eleito","dvt":"V\u00e1lido","vap":"67","pvap":"   0,48"},{"seq":"30","sqcand":"140000954496","n":"19131","nm":"RODRIGO BELTR\u00c3O","cc":"PODE","nv":" ","e":"n","st":"Suplente","dvt":"V\u00e1lido","vap":"152","pvap":"   1,09"},{"seq":"91","sqcand":"140001150759","n":"11333","nm":"DIVALDINO","cc":"PP","nv":" ","e":"n","st":"N\u00e3o eleito","dvt":"V\u00e1lido","vap":"50","pvap":"   0,36"},{"seq":"62","sqcand":"140001151948","n":"40285","nm":"CACAIO","cc":"PSB","nv":" ","e":"n","st":"Suplente","dvt":"V\u00e1lido","vap":"21","pvap":"   0,15"},{"seq":"35","sqcand":"140001150392","n":"14000","nm":"MARCIA PAR\u00c1ENSE","cc":"PTB","nv":" ","e":"n","st":"Suplente","dvt":"V\u00e1lido","vap":"125","pvap":"   0,89"},{"seq":"4","sqcand":"140001150394","n":"14234","nm":"RUBINHO DA SAUDE","cc":"PTB","nv":" ","e":"s","st":"Eleito","dvt":"V\u00e1lido","vap":"438","pvap":"   3,13"},{"seq":"32","sqcand":"140001237566","n":"12400","nm":"MANELIS","cc":"PDT","nv":" ","e":"n","st":"Suplente","dvt":"V\u00e1lido","vap":"142","pvap":"   1,02"},{"seq":"107","sqcand":"140001151217","n":"25777","nm":"PARAK\u00c1 DO LANCHE","cc":"DEM","nv":" ","e":"n","st":"N\u00e3o eleito","dvt":"V\u00e1lido","vap":"11","pvap":"   0,08"},{"seq":"18","sqcand":"140001150379","n":"14678","nm":"MOISES RIBEIRO","cc":"PTB","nv":" ","e":"n","st":"Suplente","dvt":"V\u00e1lido","vap":"255","pvap":"   1,82"},{"seq":"52","sqcand":"140001151953","n":"40466","nm":"ADRIANE DA TIA HUGA","cc":"PSB","nv":" ","e":"n","st":"Suplente","dvt":"V\u00e1lido","vap":"44","pvap":"   0,31"},{"seq":"95","sqcand":"140001150752","n":"11000","nm":"BOLA DE FOGO","cc":"PP","nv":" ","e":"n","st":"N\u00e3o eleito","dvt":"V\u00e1lido","vap":"34","pvap":"   0,24"},{"seq":"55","sqcand":"140001237567","n":"12463","nm":"FRANCISCO CALANDRINE","cc":"PDT","nv":" ","e":"n","st":"Suplente","dvt":"V\u00e1lido","vap":"29","pvap":"   0,21"},{"seq":"48","sqcand":"140001150391","n":"14444","nm":"DADO BARROS","cc":"PTB","nv":" ","e":"n","st":"Suplente","dvt":"V\u00e1lido","vap":"63","pvap":"   0,45"},{"seq":"42","sqcand":"140001237855","n":"15444","nm":"BELEZA DA CARRO\u00c7A","cc":"MDB","nv":" ","e":"n","st":"Suplente","dvt":"V\u00e1lido","vap":"90","pvap":"   0,64"},{"seq":"109","sqcand":"140000972147","n":"20007","nm":"DEYVIS FILHO DA IVETE","cc":"PSC","nv":" ","e":"n","st":"N\u00e3o eleito","dvt":"V\u00e1lido","vap":"8","pvap":"   0,06"},{"seq":"113","sqcand":"140001150753","n":"11555","nm":"ZOCA","cc":"PP","nv":" ","e":"n","st":"N\u00e3o eleito","dvt":"V\u00e1lido","vap":"4","pvap":"   0,03"},{"seq":"90","sqcand":"140001150760","n":"11789","nm":"T\u00c9IA","cc":"PP","nv":" ","e":"n","st":"N\u00e3o eleito","dvt":"V\u00e1lido","vap":"52","pvap":"   0,37"},{"seq":"9","sqcand":"140001237570","n":"12222","nm":"ZULEMA","cc":"PDT","nv":" ","e":"s","st":"Eleito","dvt":"V\u00e1lido","vap":"356","pvap":"   2,55"},{"seq":"94","sqcand":"140001151224","n":"25123","nm":"PEP\u00ca DA MAR\u00d4","cc":"DEM","nv":" ","e":"n","st":"N\u00e3o eleito","dvt":"V\u00e1lido","vap":"36","pvap":"   0,26"},{"seq":"60","sqcand":"140001151951","n":"40456","nm":"PROFESSORA ATMA","cc":"PSB","nv":" ","e":"n","st":"Suplente","dvt":"V\u00e1lido","vap":"21","pvap":"   0,15"},{"seq":"100","sqcand":"140001151219","n":"25456","nm":"MARCIEL MORAIS","cc":"DEM","nv":" ","e":"n","st":"N\u00e3o eleito","dvt":"V\u00e1lido","vap":"19","pvap":"   0,14"},{"seq":"104","sqcand":"140001151216","n":"25001","nm":"GIVANILDO","cc":"DEM","nv":" ","e":"n","st":"N\u00e3o eleito","dvt":"V\u00e1lido","vap":"13","pvap":"   0,09"},{"seq":"11","sqcand":"140001150380","n":"14567","nm":"ANG\u00c9LICA CARDOSO","cc":"PTB","nv":" ","e":"s","st":"Eleito","dvt":"V\u00e1lido","vap":"256","pvap":"   1,83"},{"seq":"33","sqcand":"140001150385","n":"14555","nm":"EDNALDO RAMOS","cc":"PTB","nv":" ","e":"n","st":"Suplente","dvt":"V\u00e1lido","vap":"142","pvap":"   1,02"},{"seq":"19","sqcand":"140000954506","n":"19789","nm":"ZENALDO MARTINS","cc":"PODE","nv":" ","e":"n","st":"Suplente","dvt":"V\u00e1lido","vap":"237","pvap":"   1,69"},{"seq":"101","sqcand":"140001150763","n":"11612","nm":"GIBOTE DO ESPORTE","cc":"PP","nv":" ","e":"n","st":"N\u00e3o eleito","dvt":"V\u00e1lido","vap":"17","pvap":"   0,12"},{"seq":"73","sqcand":"140001237862","n":"15789","nm":"JOSU\u00c9 MOREIRA","cc":"MDB","nv":" ","e":"n","st":"Suplente","dvt":"V\u00e1lido","vap":"0","pvap":"00.00"},{"seq":"38","sqcand":"140001150384","n":"14999","nm":"LENICE","cc":"PTB","nv":" ","e":"n","st":"Suplente","dvt":"V\u00e1lido","vap":"111","pvap":"   0,79"},{"seq":"108","sqcand":"140001151221","n":"25222","nm":"JUAREZ","cc":"DEM","nv":" ","e":"n","st":"N\u00e3o eleito","dvt":"V\u00e1lido","vap":"9","pvap":"   0,06"},{"seq":"5","sqcand":"140000954502","n":"19100","nm":"JOAO LUIS A VOZ DO POVO","cc":"PODE","nv":" ","e":"s","st":"Eleito","dvt":"V\u00e1lido","vap":"420","pvap":"   3,00"},{"seq":"13","sqcand":"140000954503","n":"19123","nm":"BETO DO CHOQUE","cc":"PODE","nv":" ","e":"n","st":"Suplente","dvt":"V\u00e1lido","vap":"307","pvap":"   2,20"},{"seq":"45","sqcand":"140001151954","n":"40000","nm":"PROFESSORA VANETE","cc":"PSB","nv":" ","e":"n","st":"Suplente","dvt":"V\u00e1lido","vap":"78","pvap":"   0,56"},{"seq":"50","sqcand":"140000954498","n":"19444","nm":"CHARLES ALAMAR","cc":"PODE","nv":" ","e":"n","st":"Suplente","dvt":"V\u00e1lido","vap":"50","pvap":"   0,36"},{"seq":"112","sqcand":"140000972148","n":"20000","nm":"MAIKELINNY","cc":"PSC","nv":" ","e":"n","st":"N\u00e3o eleito","dvt":"V\u00e1lido","vap":"4","pvap":"   0,03"},{"seq":"63","sqcand":"140001151957","n":"40455","nm":"PROFESSORA EDA","cc":"PSB","nv":" ","e":"n","st":"Suplente","dvt":"V\u00e1lido","vap":"19","pvap":"   0,14"},{"seq":"56","sqcand":"140000954495","n":"19234","nm":"J\u00daNIOR DA PI\u00c7ARRA","cc":"PODE","nv":" ","e":"n","st":"Suplente","dvt":"V\u00e1lido","vap":"29","pvap":"   0,21"},{"seq":"105","sqcand":"140000972151","n":"20483","nm":"CRIS GEMAQUE","cc":"PSC","nv":" ","e":"n","st":"N\u00e3o eleito","dvt":"V\u00e1lido","vap":"12","pvap":"   0,09"},{"seq":"25","sqcand":"140001237565","n":"12500","nm":"GERSON MEIRELES","cc":"PDT","nv":" ","e":"n","st":"Suplente","dvt":"V\u00e1lido","vap":"203","pvap":"   1,45"},{"seq":"57","sqcand":"140001237569","n":"12789","nm":"RAIMUNDO MIGUEL","cc":"PDT","nv":" ","e":"n","st":"Suplente","dvt":"V\u00e1lido","vap":"26","pvap":"   0,19"},{"seq":"27","sqcand":"140001150387","n":"14222","nm":"PASTOR ABDON","cc":"PTB","nv":" ","e":"n","st":"Suplente","dvt":"V\u00e1lido","vap":"163","pvap":"   1,17"},{"seq":"24","sqcand":"140001150386","n":"14611","nm":"NAGA","cc":"PTB","nv":" ","e":"n","st":"Suplente","dvt":"V\u00e1lido","vap":"211","pvap":"   1,51"},{"seq":"7","sqcand":"140000954505","n":"19678","nm":"MIKAELA AVELAR","cc":"PODE","nv":" ","e":"s","st":"Eleito","dvt":"V\u00e1lido","vap":"368","pvap":"   2,63"},{"seq":"68","sqcand":"140001151947","n":"40123","nm":"ALDO DO GOL","cc":"PSB","nv":" ","e":"n","st":"Suplente","dvt":"V\u00e1lido","vap":"7","pvap":"   0,05"},{"seq":"72","sqcand":"140001151949","n":"40121","nm":"NILDO CARI","cc":"PSB","nv":" ","e":"n","st":"Suplente","dvt":"V\u00e1lido","vap":"4","pvap":"   0,03"},{"seq":"114","sqcand":"140001150764","n":"11654","nm":"DEIA","cc":"PP","nv":" ","e":"n","st":"N\u00e3o eleito","dvt":"V\u00e1lido","vap":"4","pvap":"   0,03"},{"seq":"22","sqcand":"140001237864","n":"15000","nm":"PROFESSORA JAQUE GAMA","cc":"MDB","nv":" ","e":"n","st":"Suplente","dvt":"V\u00e1lido","vap":"224","pvap":"   1,60"},{"seq":"75","sqcand":"140001150750","n":"11456","nm":"MERC\u00caS BAHIA","cc":"PP","nv":" ","e":"n","st":"N\u00e3o eleito","dvt":"V\u00e1lido","vap":"177","pvap":"   1,27"},{"seq":"78","sqcand":"140001152418","n":"13013","nm":"JUAREZ LE\u00c3O","cc":"PT","nv":" ","e":"n","st":"N\u00e3o eleito","dvt":"V\u00e1lido","vap":"107","pvap":"   0,77"},{"seq":"116","sqcand":"140001150749","n":"11987","nm":"IVA","cc":"PP","nv":" ","e":"n","st":"N\u00e3o eleito","dvt":"V\u00e1lido","vap":"0","pvap":"00.00"},{"seq":"86","sqcand":"140001152419","n":"13137","nm":"LICO DO PT","cc":"PT","nv":" ","e":"n","st":"N\u00e3o eleito","dvt":"V\u00e1lido","vap":"67","pvap":"   0,48"},{"seq":"96","sqcand":"140001151220","n":"25888","nm":"LARA BRAGAN\u00c7A","cc":"DEM","nv":" ","e":"n","st":"N\u00e3o eleito","dvt":"V\u00e1lido","vap":"29","pvap":"   0,21"},{"seq":"84","sqcand":"140001151223","n":"25333","nm":"LEILA BARBOSA","cc":"DEM","nv":" ","e":"n","st":"N\u00e3o eleito","dvt":"V\u00e1lido","vap":"72","pvap":"   0,51"},{"seq":"3","sqcand":"140001151956","n":"40555","nm":"CIREMA","cc":"PSB","nv":" ","e":"s","st":"Eleito","dvt":"V\u00e1lido","vap":"469","pvap":"   3,35"},{"seq":"16","sqcand":"140001237865","n":"15236","nm":"DANIEL DO ESPORTE","cc":"MDB","nv":" ","e":"n","st":"Suplente","dvt":"V\u00e1lido","vap":"258","pvap":"   1,84"},{"seq":"65","sqcand":"140000954501","n":"19333","nm":"GALILEIA DOS SANTOS","cc":"PODE","nv":" ","e":"n","st":"Suplente","dvt":"V\u00e1lido","vap":"17","pvap":"   0,12"},{"seq":"74","sqcand":"140001237563","n":"12678","nm":"KAROLAYNE SILVA","cc":"PDT","nv":" ","e":"n","st":"Suplente","dvt":"V\u00e1lido","vap":"0","pvap":"00.00"},{"seq":"99","sqcand":"140001150757","n":"11777","nm":"SUBOFICIAL ANT\u00d5NIO NEVES","cc":"PP","nv":" ","e":"n","st":"N\u00e3o eleito","dvt":"V\u00e1lido","vap":"24","pvap":"   0,17"},{"seq":"76","sqcand":"140001152421","n":"13333","nm":"PROFESSOR ROSIVALDO","cc":"PT","nv":" ","e":"n","st":"N\u00e3o eleito","dvt":"V\u00e1lido","vap":"151","pvap":"   1,08"},{"seq":"10","sqcand":"140001237854","n":"15111","nm":"ALSIONE CARDOSO","cc":"MDB","nv":" ","e":"s","st":"Eleito","dvt":"V\u00e1lido","vap":"354","pvap":"   2,53"},{"seq":"66","sqcand":"140001237868","n":"15168","nm":"MARIA OLAVIA","cc":"MDB","nv":" ","e":"n","st":"Suplente","dvt":"V\u00e1lido","vap":"9","pvap":"   0,06"},{"seq":"36","sqcand":"140000954497","n":"19111","nm":"DEUSDETE","cc":"PODE","nv":" ","e":"n","st":"Suplente","dvt":"V\u00e1lido","vap":"118","pvap":"   0,84"},{"seq":"44","sqcand":"140001237561","n":"12123","nm":"JAILSON MORAIS","cc":"PDT","nv":" ","e":"n","st":"Suplente","dvt":"V\u00e1lido","vap":"80","pvap":"   0,57"},{"seq":"41","sqcand":"140001150390","n":"14111","nm":"ALANZINHO POP","cc":"PTB","nv":" ","e":"n","st":"Suplente","dvt":"V\u00e1lido","vap":"102","pvap":"   0,73"},{"seq":"53","sqcand":"140000954507","n":"19125","nm":"SAB\u00c1","cc":"PODE","nv":" ","e":"n","st":"Suplente","dvt":"V\u00e1lido","vap":"41","pvap":"   0,29"},{"seq":"81","sqcand":"140001151215","n":"25000","nm":"ALEF JHONNATHA","cc":"DEM","nv":" ","e":"n","st":"N\u00e3o eleito","dvt":"V\u00e1lido","vap":"101","pvap":"   0,72"},{"seq":"15","sqcand":"140001237856","n":"15678","nm":"NONATO SEABRA","cc":"MDB","nv":" ","e":"n","st":"Suplente","dvt":"V\u00e1lido","vap":"265","pvap":"   1,89"}]}
