{"ele":"426","tpabr":"mu","cdabr":"04448","carper":"13","t":"1","f":"o","dt":"15/11/2020","ht":"22:22:56","dv":"s","tf":"s","v":"13","esae":"n","mnae":"","s":"104","st":"104","pst":" 100,00","snt":"0","psnt":"   0,00","si":"104","psi":" 100,00","sni":"0","psni":"   0,00","sa":"104","psa":" 100,00","sna":"0","psna":"   0,00","e":"32856","ea":"32856","pea":" 100,00","ena":"0","pena":"   0,00","esi":"32856","pesi":" 100,00","esni":"0","pesni":"   0,00","c":"24408","pc":"  74,29","a":"8448","pa":"  25,71","vscv":"0","vnom":"22076","vl":"1247","pvnom":"  94,65","pvl":"   5,35","vvc":"23590","pvvc":"  96,65","vb":"196","pvb":"   0,80","tvn":"622","ptvn":"   2,55","vn":"622","pvn":" 100,00","vnt":"0","pvnt":"   0,00","vp":"0","pvp":"   0,00","vv":"23323","pvv":"  98,87","van":"0","pvan":"   0,00","vansj":"267","pvansj":"   1,13","tv":"24408","cand":[{"seq":"75","sqcand":"140001053457","n":"20200","nm":"CELIO GUIMARAES","cc":"PSC","nv":" ","e":"n","st":"Suplente","dvt":"V\u00e1lido","vap":"53","pvap":"   0,22"},{"seq":"62","sqcand":"140001058915","n":"77115","nm":"AMANDA PIVA","cc":"SOLIDARIEDADE","nv":" ","e":"n","st":"Suplente","dvt":"V\u00e1lido","vap":"82","pvap":"   0,35"},{"seq":"20","sqcand":"140000950303","n":"14888","nm":"LUCIANA VILELA","cc":"PTB","nv":" ","e":"n","st":"Suplente","dvt":"V\u00e1lido","vap":"352","pvap":"   1,49"},{"seq":"72","sqcand":"140001058901","n":"77000","nm":"MIRO MOTOTAXI","cc":"SOLIDARIEDADE","nv":" ","e":"n","st":"Suplente","dvt":"V\u00e1lido","vap":"58","pvap":"   0,25"},{"seq":"17","sqcand":"140001055025","n":"22333","nm":"HILDEBLANO","cc":"PL","nv":" ","e":"n","st":"Suplente","dvt":"V\u00e1lido","vap":"382","pvap":"   1,62"},{"seq":"61","sqcand":"140000960786","n":"55678","nm":"NETE DO FELICIDADE","cc":"PSD","nv":" ","e":"n","st":"Suplente","dvt":"V\u00e1lido","vap":"82","pvap":"   0,35"},{"seq":"124","sqcand":"140001044877","n":"13123","nm":"SILVANHO NOVO HORIZONTE","cc":"PT","nv":" ","e":"n","st":"N\u00e3o eleito","dvt":"V\u00e1lido","vap":"35","pvap":"   0,15"},{"seq":"137","sqcand":"140001053043","n":"19000","nm":"PROF SANDRO","cc":"PODE","nv":" ","e":"n","st":"N\u00e3o eleito","dvt":"V\u00e1lido","vap":"4","pvap":"   0,02"},{"seq":"80","sqcand":"140001053448","n":"20444","nm":"MACIEL DO POVO","cc":"PSC","nv":" ","e":"n","st":"Suplente","dvt":"V\u00e1lido","vap":"48","pvap":"   0,20"},{"seq":"122","sqcand":"140001044879","n":"13150","nm":"SANDRA DO PRETO","cc":"PT","nv":" ","e":"n","st":"N\u00e3o eleito","dvt":"V\u00e1lido","vap":"43","pvap":"   0,18"},{"seq":"13","sqcand":"140001046695","n":"15555","nm":"PROFESSOR EDINALDO BONFIM","cc":"MDB","nv":" ","e":"s","st":"Eleito","dvt":"V\u00e1lido","vap":"326","pvap":"   1,38"},{"seq":"74","sqcand":"140001056496","n":"70100","nm":"TATI","cc":"AVANTE","nv":" ","e":"n","st":"Suplente","dvt":"V\u00e1lido","vap":"55","pvap":"   0,23"},{"seq":"65","sqcand":"140001046699","n":"15315","nm":"WALDEMIR DA SAUDE","cc":"MDB","nv":" ","e":"n","st":"Suplente","dvt":"V\u00e1lido","vap":"77","pvap":"   0,33"},{"seq":"96","sqcand":"140001056487","n":"70070","nm":"IZAIAS DO PARIS HOTEL","cc":"AVANTE","nv":" ","e":"n","st":"Suplente","dvt":"V\u00e1lido","vap":"26","pvap":"   0,11"},{"seq":"29","sqcand":"140001053454","n":"20020","nm":"FLORO PESCADOR","cc":"PSC","nv":" ","e":"n","st":"Suplente","dvt":"V\u00e1lido","vap":"282","pvap":"   1,20"},{"seq":"8","sqcand":"140000960775","n":"55555","nm":"N\u00caGA","cc":"PSD","nv":" ","e":"s","st":"Eleito","dvt":"V\u00e1lido","vap":"485","pvap":"   2,06"},{"seq":"117","sqcand":"140001152406","n":"45333","nm":"PANTY BORGES","cc":"PSDB","nv":" ","e":"n","st":"N\u00e3o eleito","dvt":"V\u00e1lido","vap":"87","pvap":"   0,37"},{"seq":"66","sqcand":"140001276786","n":"22234","nm":"ELIANE DA AUTO ESCOLA","cc":"PL","nv":" ","e":"n","st":"Suplente","dvt":"V\u00e1lido","vap":"77","pvap":"   0,33"},{"seq":"115","sqcand":"140001152411","n":"45123","nm":"DANIEL DO SINDICATO","cc":"PSDB","nv":" ","e":"n","st":"N\u00e3o eleito","dvt":"V\u00e1lido","vap":"135","pvap":"   0,57"},{"seq":"63","sqcand":"140001046702","n":"15015","nm":"SOCORRO DA SAUDE","cc":"MDB","nv":" ","e":"n","st":"Suplente","dvt":"V\u00e1lido","vap":"80","pvap":"   0,34"},{"seq":"59","sqcand":"140001056498","n":"70444","nm":"OSMAEL CD CENTER","cc":"AVANTE","nv":" ","e":"n","st":"Suplente","dvt":"V\u00e1lido","vap":"96","pvap":"   0,41"},{"seq":"89","sqcand":"140001056491","n":"70125","nm":"NOVO ELETRICISTA","cc":"AVANTE","nv":" ","e":"n","st":"Suplente","dvt":"V\u00e1lido","vap":"35","pvap":"   0,15"},{"seq":"114","sqcand":"140001046700","n":"15333","nm":"ELIANA DA COLONIA","cc":"MDB","nv":" ","e":"n","st":"N\u00e3o eleito","dvt":"Anulado sub judice","vap":"215","pvap":"   0,91"},{"seq":"43","sqcand":"140001053452","n":"20345","nm":"PROFESSOR SOUTA","cc":"PSC","nv":" ","e":"n","st":"Suplente","dvt":"V\u00e1lido","vap":"164","pvap":"   0,70"},{"seq":"126","sqcand":"140001152401","n":"45222","nm":"EDINALDO CAREQUINHA","cc":"PSDB","nv":" ","e":"n","st":"N\u00e3o eleito","dvt":"V\u00e1lido","vap":"30","pvap":"   0,13"},{"seq":"7","sqcand":"140001053459","n":"20000","nm":"ENFERMEIRA FRANCISCA","cc":"PSC","nv":" ","e":"s","st":"Eleito","dvt":"V\u00e1lido","vap":"593","pvap":"   2,51"},{"seq":"69","sqcand":"140001058904","n":"77778","nm":"TIO CUCA","cc":"SOLIDARIEDADE","nv":" ","e":"n","st":"Suplente","dvt":"V\u00e1lido","vap":"69","pvap":"   0,29"},{"seq":"100","sqcand":"140001055028","n":"22456","nm":"KESSYA","cc":"PL","nv":" ","e":"n","st":"Suplente","dvt":"V\u00e1lido","vap":"22","pvap":"   0,09"},{"seq":"106","sqcand":"140001058916","n":"77999","nm":"FERNANDA DOURADO","cc":"SOLIDARIEDADE","nv":" ","e":"n","st":"Suplente","dvt":"V\u00e1lido","vap":"11","pvap":"   0,05"},{"seq":"53","sqcand":"140001053449","n":"20333","nm":"PLACILDO","cc":"PSC","nv":" ","e":"n","st":"Suplente","dvt":"V\u00e1lido","vap":"123","pvap":"   0,52"},{"seq":"35","sqcand":"140001056495","n":"70123","nm":"CARLOS CEZAR","cc":"AVANTE","nv":" ","e":"n","st":"Suplente","dvt":"V\u00e1lido","vap":"217","pvap":"   0,92"},{"seq":"44","sqcand":"140001058913","n":"77777","nm":"SINICLEY DA VAN","cc":"SOLIDARIEDADE","nv":" ","e":"n","st":"Suplente","dvt":"V\u00e1lido","vap":"159","pvap":"   0,67"},{"seq":"64","sqcand":"140001056499","n":"70333","nm":"JO\u00c3O GERENTE","cc":"AVANTE","nv":" ","e":"n","st":"Suplente","dvt":"V\u00e1lido","vap":"79","pvap":"   0,33"},{"seq":"132","sqcand":"140001152403","n":"45444","nm":"EDIMILSON COIOTE","cc":"PSDB","nv":" ","e":"n","st":"N\u00e3o eleito","dvt":"V\u00e1lido","vap":"12","pvap":"   0,05"},{"seq":"38","sqcand":"140001053458","n":"20222","nm":"RAIMUNDO AZEVEDO","cc":"PSC","nv":" ","e":"n","st":"Suplente","dvt":"V\u00e1lido","vap":"190","pvap":"   0,81"},{"seq":"73","sqcand":"140001053463","n":"20789","nm":"KELLY","cc":"PSC","nv":" ","e":"n","st":"Suplente","dvt":"V\u00e1lido","vap":"56","pvap":"   0,24"},{"seq":"93","sqcand":"140001046688","n":"15007","nm":"BANDA","cc":"MDB","nv":" ","e":"n","st":"Suplente","dvt":"V\u00e1lido","vap":"30","pvap":"   0,13"},{"seq":"119","sqcand":"140001152408","n":"45555","nm":"FERNANDO CONCEICAO","cc":"PSDB","nv":" ","e":"n","st":"N\u00e3o eleito","dvt":"V\u00e1lido","vap":"69","pvap":"   0,29"},{"seq":"48","sqcand":"140001046689","n":"15777","nm":"PASTOR VALMISO MAX","cc":"MDB","nv":" ","e":"n","st":"Suplente","dvt":"V\u00e1lido","vap":"145","pvap":"   0,61"},{"seq":"40","sqcand":"140001053456","n":"20999","nm":"PROFESSOR MARCIO ANGELIM","cc":"PSC","nv":" ","e":"n","st":"Suplente","dvt":"V\u00e1lido","vap":"176","pvap":"   0,75"},{"seq":"104","sqcand":"140001046691","n":"15111","nm":"NETE DO SAL\u00c3O","cc":"MDB","nv":" ","e":"n","st":"Suplente","dvt":"V\u00e1lido","vap":"14","pvap":"   0,06"},{"seq":"68","sqcand":"140001058908","n":"77890","nm":"IRM\u00c3O EDIVAN","cc":"SOLIDARIEDADE","nv":" ","e":"n","st":"Suplente","dvt":"V\u00e1lido","vap":"70","pvap":"   0,30"},{"seq":"128","sqcand":"140001044863","n":"13013","nm":"NEGUINHA DO PT","cc":"PT","nv":" ","e":"n","st":"N\u00e3o eleito","dvt":"V\u00e1lido","vap":"25","pvap":"   0,11"},{"seq":"139","sqcand":"140001053046","n":"19797","nm":"FERNANDA VIEIRA","cc":"PODE","nv":" ","e":"n","st":"N\u00e3o eleito","dvt":"V\u00e1lido","vap":"3","pvap":"   0,01"},{"seq":"91","sqcand":"140001046694","n":"15400","nm":"JO\u00c3O JABUTI","cc":"MDB","nv":" ","e":"n","st":"Suplente","dvt":"V\u00e1lido","vap":"32","pvap":"   0,14"},{"seq":"131","sqcand":"140001152410","n":"45456","nm":"MARCAO DO POVO","cc":"PSDB","nv":" ","e":"n","st":"N\u00e3o eleito","dvt":"V\u00e1lido","vap":"17","pvap":"   0,07"},{"seq":"67","sqcand":"140001055024","n":"22238","nm":"GLEIDSON DO BIL","cc":"PL","nv":" ","e":"n","st":"Suplente","dvt":"V\u00e1lido","vap":"72","pvap":"   0,31"},{"seq":"86","sqcand":"140001058905","n":"77444","nm":"LORA DA PESCA","cc":"SOLIDARIEDADE","nv":" ","e":"n","st":"Suplente","dvt":"V\u00e1lido","vap":"39","pvap":"   0,17"},{"seq":"141","sqcand":"140001053039","n":"19221","nm":"PASTOR SALOMAO","cc":"PODE","nv":" ","e":"n","st":"N\u00e3o eleito","dvt":"V\u00e1lido","vap":"2","pvap":"   0,01"},{"seq":"147","sqcand":"140001053044","n":"19333","nm":"DR PEDRO","cc":"PODE","nv":" ","e":"n","st":"N\u00e3o eleito","dvt":"V\u00e1lido","vap":"0","pvap":"00.00"},{"seq":"81","sqcand":"140001046696","n":"15100","nm":"RUBEM DE MELO","cc":"MDB","nv":" ","e":"n","st":"Suplente","dvt":"V\u00e1lido","vap":"43","pvap":"   0,18"},{"seq":"87","sqcand":"140001056488","n":"70700","nm":"CHARLES AMORIM","cc":"AVANTE","nv":" ","e":"n","st":"Suplente","dvt":"V\u00e1lido","vap":"39","pvap":"   0,17"},{"seq":"143","sqcand":"140001044867","n":"13444","nm":"OSMAR CABE\u00c7A BRANCA","cc":"PT","nv":" ","e":"n","st":"N\u00e3o eleito","dvt":"V\u00e1lido","vap":"1","pvap":"   0,00"},{"seq":"85","sqcand":"140000960777","n":"55200","nm":"DJALMA SOUSA","cc":"PSD","nv":" ","e":"n","st":"Suplente","dvt":"V\u00e1lido","vap":"40","pvap":"   0,17"},{"seq":"28","sqcand":"140001055022","n":"22000","nm":"WAGNER","cc":"PL","nv":" ","e":"n","st":"Suplente","dvt":"V\u00e1lido","vap":"296","pvap":"   1,25"},{"seq":"21","sqcand":"140000950304","n":"14000","nm":"ZE IVAL","cc":"PTB","nv":" ","e":"n","st":"Suplente","dvt":"V\u00e1lido","vap":"350","pvap":"   1,48"},{"seq":"31","sqcand":"140001046697","n":"15678","nm":"ADEMIR","cc":"MDB","nv":" ","e":"n","st":"Suplente","dvt":"V\u00e1lido","vap":"280","pvap":"   1,19"},{"seq":"6","sqcand":"140000960784","n":"55777","nm":"PASTORA SELMA","cc":"PSD","nv":" ","e":"s","st":"Eleito","dvt":"V\u00e1lido","vap":"617","pvap":"   2,62"},{"seq":"58","sqcand":"140000960781","n":"55455","nm":"JANUARIO","cc":"PSD","nv":" ","e":"n","st":"Suplente","dvt":"V\u00e1lido","vap":"102","pvap":"   0,43"},{"seq":"33","sqcand":"140001046701","n":"15222","nm":"FABIO ENFERMEIRO","cc":"MDB","nv":" ","e":"n","st":"Suplente","dvt":"V\u00e1lido","vap":"247","pvap":"   1,05"},{"seq":"24","sqcand":"140000960788","n":"55123","nm":"NET\u00c3O","cc":"PSD","nv":" ","e":"n","st":"Suplente","dvt":"V\u00e1lido","vap":"337","pvap":"   1,43"},{"seq":"25","sqcand":"140001053450","n":"20555","nm":"PENINCHA","cc":"PSC","nv":" ","e":"n","st":"Suplente","dvt":"V\u00e1lido","vap":"332","pvap":"   1,41"},{"seq":"116","sqcand":"140001044862","n":"13555","nm":"GILSON CASTELO","cc":"PT","nv":" ","e":"n","st":"N\u00e3o eleito","dvt":"V\u00e1lido","vap":"97","pvap":"   0,41"},{"seq":"142","sqcand":"140001053042","n":"19260","nm":"GOIANA","cc":"PODE","nv":" ","e":"n","st":"N\u00e3o eleito","dvt":"V\u00e1lido","vap":"2","pvap":"   0,01"},{"seq":"49","sqcand":"140001058910","n":"77456","nm":"DENIS DO BANCO","cc":"SOLIDARIEDADE","nv":" ","e":"n","st":"Suplente","dvt":"V\u00e1lido","vap":"136","pvap":"   0,58"},{"seq":"46","sqcand":"140000960782","n":"55444","nm":"RAILEIDSON CUNHA","cc":"PSD","nv":" ","e":"n","st":"Suplente","dvt":"V\u00e1lido","vap":"151","pvap":"   0,64"},{"seq":"55","sqcand":"140001046685","n":"15999","nm":"LUIZ DA RO\u00c7A COMPRIDA","cc":"MDB","nv":" ","e":"n","st":"Suplente","dvt":"V\u00e1lido","vap":"120","pvap":"   0,51"},{"seq":"4","sqcand":"140001055018","n":"22222","nm":"ZEQUINHA DA SAUDE","cc":"PL","nv":" ","e":"s","st":"Eleito","dvt":"V\u00e1lido","vap":"684","pvap":"   2,90"},{"seq":"10","sqcand":"140001056489","n":"70999","nm":"NOZINHO DO \u00d4NIBUS","cc":"AVANTE","nv":" ","e":"s","st":"Eleito","dvt":"V\u00e1lido","vap":"448","pvap":"   1,90"},{"seq":"138","sqcand":"140001044873","n":"13133","nm":"EUNICE DO PT","cc":"PT","nv":" ","e":"n","st":"N\u00e3o eleito","dvt":"V\u00e1lido","vap":"3","pvap":"   0,01"},{"seq":"88","sqcand":"140001046684","n":"15615","nm":"DEUZINHA","cc":"MDB","nv":" ","e":"n","st":"Suplente","dvt":"V\u00e1lido","vap":"36","pvap":"   0,15"},{"seq":"77","sqcand":"140001055017","n":"22777","nm":"LIMA POLIGRAM","cc":"PL","nv":" ","e":"n","st":"Suplente","dvt":"V\u00e1lido","vap":"50","pvap":"   0,21"},{"seq":"78","sqcand":"140000960776","n":"55500","nm":"CIDR\u00c3O","cc":"PSD","nv":" ","e":"n","st":"Suplente","dvt":"V\u00e1lido","vap":"50","pvap":"   0,21"},{"seq":"34","sqcand":"140001046692","n":"15000","nm":"ELISANGELA DA COLONIA","cc":"MDB","nv":" ","e":"n","st":"Suplente","dvt":"V\u00e1lido","vap":"231","pvap":"   0,98"},{"seq":"70","sqcand":"140001046686","n":"15123","nm":"ADONIAS DONDON","cc":"MDB","nv":" ","e":"n","st":"Suplente","dvt":"V\u00e1lido","vap":"66","pvap":"   0,28"},{"seq":"12","sqcand":"140001046698","n":"15606","nm":"CLEIDE DO MEREZ","cc":"MDB","nv":" ","e":"s","st":"Eleito","dvt":"V\u00e1lido","vap":"396","pvap":"   1,68"},{"seq":"99","sqcand":"140001053462","n":"20777","nm":"LU\u00c7ONA DA BRANQUELANDIA","cc":"PSC","nv":" ","e":"n","st":"Suplente","dvt":"V\u00e1lido","vap":"23","pvap":"   0,10"},{"seq":"121","sqcand":"140001044864","n":"13000","nm":"MAZINHO DO BALNEARIO","cc":"PT","nv":" ","e":"n","st":"N\u00e3o eleito","dvt":"Anulado sub judice","vap":"52","pvap":"   0,22"},{"seq":"30","sqcand":"140001055021","n":"22123","nm":"ISA","cc":"PL","nv":" ","e":"n","st":"Suplente","dvt":"V\u00e1lido","vap":"281","pvap":"   1,19"},{"seq":"111","sqcand":"140001267365","n":"77489","nm":"LUCELIA CASTRO","cc":"SOLIDARIEDADE","nv":" ","e":"n","st":"Suplente","dvt":"V\u00e1lido","vap":"1","pvap":"   0,00"},{"seq":"98","sqcand":"140000950300","n":"14500","nm":"PASTOR CLAUDIO","cc":"PTB","nv":" ","e":"n","st":"Suplente","dvt":"V\u00e1lido","vap":"25","pvap":"   0,11"},{"seq":"45","sqcand":"140001053455","n":"20321","nm":"SHIRLEY PAZ","cc":"PSC","nv":" ","e":"n","st":"Suplente","dvt":"V\u00e1lido","vap":"156","pvap":"   0,66"},{"seq":"36","sqcand":"140001058906","n":"77222","nm":"MARCIENE","cc":"SOLIDARIEDADE","nv":" ","e":"n","st":"Suplente","dvt":"V\u00e1lido","vap":"203","pvap":"   0,86"},{"seq":"101","sqcand":"140000950309","n":"14444","nm":"MADALENA IKUMA","cc":"PTB","nv":" ","e":"n","st":"Suplente","dvt":"V\u00e1lido","vap":"19","pvap":"   0,08"},{"seq":"15","sqcand":"140000960787","n":"55333","nm":"MARIO FILHO","cc":"PSD","nv":" ","e":"n","st":"Suplente","dvt":"V\u00e1lido","vap":"429","pvap":"   1,82"},{"seq":"135","sqcand":"140001053045","n":"19123","nm":"FLAVIO CHOQUE","cc":"PODE","nv":" ","e":"n","st":"N\u00e3o eleito","dvt":"V\u00e1lido","vap":"8","pvap":"   0,03"},{"seq":"125","sqcand":"140001044875","n":"13789","nm":"ALEXANDRE VIGIA","cc":"PT","nv":" ","e":"n","st":"N\u00e3o eleito","dvt":"V\u00e1lido","vap":"30","pvap":"   0,13"},{"seq":"27","sqcand":"140001046687","n":"15888","nm":"ZE GOMES","cc":"MDB","nv":" ","e":"n","st":"Suplente","dvt":"V\u00e1lido","vap":"301","pvap":"   1,28"},{"seq":"109","sqcand":"140001056501","n":"70789","nm":"AMANDA ALVES","cc":"AVANTE","nv":" ","e":"n","st":"Suplente","dvt":"V\u00e1lido","vap":"4","pvap":"   0,02"},{"seq":"140","sqcand":"140001044876","n":"13666","nm":"ANGELICA DIAS","cc":"PT","nv":" ","e":"n","st":"N\u00e3o eleito","dvt":"V\u00e1lido","vap":"2","pvap":"   0,01"},{"seq":"108","sqcand":"140001056493","n":"70888","nm":"ALDO CARVALHO","cc":"AVANTE","nv":" ","e":"n","st":"Suplente","dvt":"V\u00e1lido","vap":"6","pvap":"   0,03"},{"seq":"95","sqcand":"140001058914","n":"77888","nm":"LOURIVAL DA SAUDE","cc":"SOLIDARIEDADE","nv":" ","e":"n","st":"Suplente","dvt":"V\u00e1lido","vap":"28","pvap":"   0,12"},{"seq":"127","sqcand":"140001044870","n":"13777","nm":"LEIDIANE","cc":"PT","nv":" ","e":"n","st":"N\u00e3o eleito","dvt":"V\u00e1lido","vap":"26","pvap":"   0,11"},{"seq":"136","sqcand":"140001053040","n":"19826","nm":"IRMAO CONCEI\u00c7\u00c3O","cc":"PODE","nv":" ","e":"n","st":"N\u00e3o eleito","dvt":"V\u00e1lido","vap":"4","pvap":"   0,02"},{"seq":"123","sqcand":"140001044874","n":"13456","nm":"RONALDO NUNES","cc":"PT","nv":" ","e":"n","st":"N\u00e3o eleito","dvt":"V\u00e1lido","vap":"40","pvap":"   0,17"},{"seq":"102","sqcand":"140001056494","n":"70222","nm":"MARCIO SATO","cc":"AVANTE","nv":" ","e":"n","st":"Suplente","dvt":"V\u00e1lido","vap":"19","pvap":"   0,08"},{"seq":"19","sqcand":"140001055023","n":"22999","nm":"JORGE BARBOSA","cc":"PL","nv":" ","e":"n","st":"Suplente","dvt":"V\u00e1lido","vap":"354","pvap":"   1,50"},{"seq":"94","sqcand":"140000950310","n":"14777","nm":"SIMONE DA PAMONHA","cc":"PTB","nv":" ","e":"n","st":"Suplente","dvt":"V\u00e1lido","vap":"28","pvap":"   0,12"},{"seq":"144","sqcand":"140001152402","n":"45121","nm":"NEUMA POPULAR DO POVAO","cc":"PSDB","nv":" ","e":"n","st":"N\u00e3o eleito","dvt":"V\u00e1lido","vap":"1","pvap":"   0,00"},{"seq":"113","sqcand":"140001152407","n":"45000","nm":"DOUTORA AMANDA","cc":"PSDB","nv":" ","e":"n","st":"N\u00e3o eleito","dvt":"V\u00e1lido","vap":"293","pvap":"   1,24"},{"seq":"84","sqcand":"140000950307","n":"14123","nm":"PABLO MOURA O GAROTO DO FORR\u00d3","cc":"PTB","nv":" ","e":"n","st":"Suplente","dvt":"V\u00e1lido","vap":"41","pvap":"   0,17"},{"seq":"118","sqcand":"140001044866","n":"13222","nm":"ANTONIO DO SINDICATO","cc":"PT","nv":" ","e":"n","st":"N\u00e3o eleito","dvt":"V\u00e1lido","vap":"79","pvap":"   0,33"},{"seq":"90","sqcand":"140000950306","n":"14227","nm":"YARA DO SANTA CATARINA","cc":"PTB","nv":" ","e":"n","st":"Suplente","dvt":"V\u00e1lido","vap":"33","pvap":"   0,14"},{"seq":"134","sqcand":"140001044878","n":"13244","nm":"MARCOS BREU BRANCO","cc":"PT","nv":" ","e":"n","st":"N\u00e3o eleito","dvt":"V\u00e1lido","vap":"10","pvap":"   0,04"},{"seq":"47","sqcand":"140000960785","n":"55100","nm":"CLAUDIA QUARESMA","cc":"PSD","nv":" ","e":"n","st":"Suplente","dvt":"V\u00e1lido","vap":"146","pvap":"   0,62"},{"seq":"22","sqcand":"140001058912","n":"77789","nm":"IRM\u00c3O MOISES","cc":"SOLIDARIEDADE","nv":" ","e":"n","st":"Suplente","dvt":"V\u00e1lido","vap":"342","pvap":"   1,45"},{"seq":"41","sqcand":"140001058902","n":"77345","nm":"JAIR DO FENIX","cc":"SOLIDARIEDADE","nv":" ","e":"n","st":"Suplente","dvt":"V\u00e1lido","vap":"176","pvap":"   0,75"},{"seq":"97","sqcand":"140001053453","n":"20121","nm":"ELIOMAR CUNHA","cc":"PSC","nv":" ","e":"n","st":"Suplente","dvt":"V\u00e1lido","vap":"25","pvap":"   0,11"},{"seq":"133","sqcand":"140001044871","n":"13667","nm":"MARIA DE FATIMA","cc":"PT","nv":" ","e":"n","st":"N\u00e3o eleito","dvt":"V\u00e1lido","vap":"10","pvap":"   0,04"},{"seq":"112","sqcand":"140001044872","n":"13333","nm":"EDISLEY PROJETISTA","cc":"PT","nv":" ","e":"n","st":"N\u00e3o eleito","dvt":"V\u00e1lido","vap":"460","pvap":"   1,95"},{"seq":"51","sqcand":"140000960780","n":"55111","nm":"SANTOS DA AGRICULTURA","cc":"PSD","nv":" ","e":"n","st":"Suplente","dvt":"V\u00e1lido","vap":"126","pvap":"   0,53"},{"seq":"42","sqcand":"140001053451","n":"20852","nm":"IRMAO VANDERLEY","cc":"PSC","nv":" ","e":"n","st":"Suplente","dvt":"V\u00e1lido","vap":"174","pvap":"   0,74"},{"seq":"56","sqcand":"140001058907","n":"77555","nm":"MARCIO DUCO REY","cc":"SOLIDARIEDADE","nv":" ","e":"n","st":"Suplente","dvt":"V\u00e1lido","vap":"108","pvap":"   0,46"},{"seq":"39","sqcand":"140001046693","n":"15444","nm":"RILDO DA PESCA","cc":"MDB","nv":" ","e":"n","st":"Suplente","dvt":"V\u00e1lido","vap":"186","pvap":"   0,79"},{"seq":"79","sqcand":"140001058903","n":"77123","nm":"PITIKO FILHO DO IRM\u00c3O OSCAR","cc":"SOLIDARIEDADE","nv":" ","e":"n","st":"Suplente","dvt":"V\u00e1lido","vap":"49","pvap":"   0,21"},{"seq":"1","sqcand":"140000960783","n":"55000","nm":"GILMA DO GARCES","cc":"PSD","nv":" ","e":"s","st":"Eleito","dvt":"V\u00e1lido","vap":"1058","pvap":"   4,48"},{"seq":"103","sqcand":"140001056492","n":"70220","nm":"DONA GLORIA","cc":"AVANTE","nv":" ","e":"n","st":"Suplente","dvt":"V\u00e1lido","vap":"15","pvap":"   0,06"},{"seq":"83","sqcand":"140001058911","n":"77007","nm":"MILTON CARLOS","cc":"SOLIDARIEDADE","nv":" ","e":"n","st":"Suplente","dvt":"V\u00e1lido","vap":"42","pvap":"   0,18"},{"seq":"2","sqcand":"140000950305","n":"14555","nm":"CAL DO CHICO CABE\u00c7A BRANCA","cc":"PTB","nv":" ","e":"s","st":"Eleito","dvt":"V\u00e1lido","vap":"747","pvap":"   3,17"},{"seq":"146","sqcand":"140001053041","n":"19222","nm":"TATIANE DO VILELLA","cc":"PODE","nv":" ","e":"n","st":"N\u00e3o eleito","dvt":"V\u00e1lido","vap":"1","pvap":"   0,00"},{"seq":"92","sqcand":"140001055019","n":"22888","nm":"Z\u00c9 LUIZ DA BRANQUELANDIA","cc":"PL","nv":" ","e":"n","st":"Suplente","dvt":"V\u00e1lido","vap":"31","pvap":"   0,13"},{"seq":"54","sqcand":"140001056490","n":"70007","nm":"BENA G\u00c1S","cc":"AVANTE","nv":" ","e":"n","st":"Suplente","dvt":"V\u00e1lido","vap":"123","pvap":"   0,52"},{"seq":"26","sqcand":"140000950301","n":"14111","nm":"ALBUQUERQUE DA SAUDE","cc":"PTB","nv":" ","e":"n","st":"Suplente","dvt":"V\u00e1lido","vap":"326","pvap":"   1,38"},{"seq":"82","sqcand":"140001056486","n":"70321","nm":"MANOEL LOCUTOR","cc":"AVANTE","nv":" ","e":"n","st":"Suplente","dvt":"V\u00e1lido","vap":"43","pvap":"   0,18"},{"seq":"23","sqcand":"140000960778","n":"55222","nm":"RAIMUNDINHO","cc":"PSD","nv":" ","e":"n","st":"Suplente","dvt":"V\u00e1lido","vap":"339","pvap":"   1,44"},{"seq":"129","sqcand":"140001044869","n":"13514","nm":"EDIVALDO CRED MAIS","cc":"PT","nv":" ","e":"n","st":"N\u00e3o eleito","dvt":"V\u00e1lido","vap":"23","pvap":"   0,10"},{"seq":"9","sqcand":"140001056485","n":"70000","nm":"IRM\u00c3 VANUZA","cc":"AVANTE","nv":" ","e":"s","st":"Eleito","dvt":"V\u00e1lido","vap":"449","pvap":"   1,90"},{"seq":"37","sqcand":"140001056484","n":"70111","nm":"CAETANO","cc":"AVANTE","nv":" ","e":"n","st":"Suplente","dvt":"V\u00e1lido","vap":"201","pvap":"   0,85"},{"seq":"60","sqcand":"140000950302","n":"14222","nm":"GIRLLES","cc":"PTB","nv":" ","e":"n","st":"Suplente","dvt":"V\u00e1lido","vap":"84","pvap":"   0,36"},{"seq":"5","sqcand":"140001053461","n":"20123","nm":"VIT DO ADINOEL","cc":"PSC","nv":" ","e":"s","st":"Eleito","dvt":"V\u00e1lido","vap":"681","pvap":"   2,89"},{"seq":"11","sqcand":"140001058917","n":"77111","nm":"PROFESSOR ADRIANO ","cc":"SOLIDARIEDADE","nv":" ","e":"s","st":"Eleito","dvt":"V\u00e1lido","vap":"428","pvap":"   1,81"},{"seq":"145","sqcand":"140001247023","n":"19444","nm":"NOZINHO DA VILA IRMA DOROTHY","cc":"PODE","nv":" ","e":"n","st":"N\u00e3o eleito","dvt":"V\u00e1lido","vap":"1","pvap":"   0,00"},{"seq":"57","sqcand":"140001056482","n":"70002","nm":"IRM\u00c3O VITALINO","cc":"AVANTE","nv":" ","e":"n","st":"Suplente","dvt":"V\u00e1lido","vap":"104","pvap":"   0,44"},{"seq":"16","sqcand":"140001055029","n":"22111","nm":"ELIANI MEZZOMO","cc":"PL","nv":" ","e":"n","st":"Suplente","dvt":"V\u00e1lido","vap":"382","pvap":"   1,62"},{"seq":"120","sqcand":"140001152404","n":"45452","nm":"EDIONE DO VINTE E DOIS","cc":"PSDB","nv":" ","e":"n","st":"N\u00e3o eleito","dvt":"V\u00e1lido","vap":"64","pvap":"   0,27"},{"seq":"130","sqcand":"140001044865","n":"13111","nm":"CHIQUINHO DO ARROCHA","cc":"PT","nv":" ","e":"n","st":"N\u00e3o eleito","dvt":"V\u00e1lido","vap":"18","pvap":"   0,08"},{"seq":"105","sqcand":"140000950299","n":"14999","nm":"MARCIO TAVARES","cc":"PTB","nv":" ","e":"n","st":"Suplente","dvt":"V\u00e1lido","vap":"11","pvap":"   0,05"},{"seq":"3","sqcand":"140001055027","n":"22555","nm":"FERNANDA","cc":"PL","nv":" ","e":"s","st":"Eleito","dvt":"V\u00e1lido","vap":"727","pvap":"   3,08"},{"seq":"14","sqcand":"140001056483","n":"70555","nm":"DIJ\u00c9","cc":"AVANTE","nv":" ","e":"n","st":"Suplente","dvt":"V\u00e1lido","vap":"440","pvap":"   1,87"},{"seq":"50","sqcand":"140001056500","n":"70777","nm":"JO\u00c3O AMORIM","cc":"AVANTE","nv":" ","e":"n","st":"Suplente","dvt":"V\u00e1lido","vap":"135","pvap":"   0,57"},{"seq":"76","sqcand":"140001053460","n":"20001","nm":"LORA DOS CARROCEIROS","cc":"PSC","nv":" ","e":"n","st":"Suplente","dvt":"V\u00e1lido","vap":"52","pvap":"   0,22"},{"seq":"32","sqcand":"140000960779","n":"55022","nm":"WALDIR DA REVEMAR","cc":"PSD","nv":" ","e":"n","st":"Suplente","dvt":"V\u00e1lido","vap":"265","pvap":"   1,12"},{"seq":"71","sqcand":"140000950308","n":"14666","nm":"NONAT\u00c3O","cc":"PTB","nv":" ","e":"n","st":"Suplente","dvt":"V\u00e1lido","vap":"62","pvap":"   0,26"},{"seq":"18","sqcand":"140000950298","n":"14015","nm":"DANIEL DO ALEM\u00c3O","cc":"PTB","nv":" ","e":"n","st":"Suplente","dvt":"V\u00e1lido","vap":"368","pvap":"   1,56"},{"seq":"52","sqcand":"140001046690","n":"15789","nm":"ADGAR DO P\u00c9 NA JACA","cc":"MDB","nv":" ","e":"n","st":"Suplente","dvt":"V\u00e1lido","vap":"125","pvap":"   0,53"},{"seq":"107","sqcand":"140001055020","n":"22444","nm":"MENDON\u00c7A","cc":"PL","nv":" ","e":"n","st":"Suplente","dvt":"V\u00e1lido","vap":"9","pvap":"   0,04"},{"seq":"110","sqcand":"140001058909","n":"77771","nm":"RITA DE ARAUJO","cc":"SOLIDARIEDADE","nv":" ","e":"n","st":"Suplente","dvt":"V\u00e1lido","vap":"3","pvap":"   0,01"}]}
