{"ele":"426","tpabr":"mu","cdabr":"04502","carper":"13","t":"1","f":"o","dt":"15/11/2020","ht":"22:19:59","dv":"s","tf":"s","v":"9","esae":"n","mnae":"","s":"18","st":"18","pst":" 100,00","snt":"0","psnt":"   0,00","si":"18","psi":" 100,00","sni":"0","psni":"   0,00","sa":"18","psa":" 100,00","sna":"0","psna":"   0,00","e":"5331","ea":"5331","pea":" 100,00","ena":"0","pena":"   0,00","esi":"5331","pesi":" 100,00","esni":"0","pesni":"   0,00","c":"4680","pc":"  87,79","a":"651","pa":"  12,21","vscv":"0","vnom":"4348","vl":"224","pvnom":"  95,10","pvl":"   4,90","vvc":"4572","pvvc":"  97,69","vb":"23","pvb":"   0,49","tvn":"85","ptvn":"   1,82","vn":"85","pvn":" 100,00","vnt":"0","pvnt":"   0,00","vp":"0","pvp":"   0,00","vv":"4572","pvv":" 100,00","van":"0","pvan":"   0,00","vansj":"0","pvansj":"   0,00","tv":"4680","cand":[{"seq":"15","sqcand":"140000990761","n":"11333","nm":"GIL DO HOSPITAL","cc":"PP","nv":" ","e":"n","st":"Suplente","dvt":"V\u00e1lido","vap":"118","pvap":"   2,58"},{"seq":"4","sqcand":"140001033667","n":"22100","nm":"MAURO CURICA","cc":"PL","nv":" ","e":"s","st":"Eleito","dvt":"V\u00e1lido","vap":"237","pvap":"   5,18"},{"seq":"39","sqcand":"140000990770","n":"11888","nm":"JO\u00c3O CORANTE","cc":"PP","nv":" ","e":"n","st":"Suplente","dvt":"V\u00e1lido","vap":"17","pvap":"   0,37"},{"seq":"1","sqcand":"140000990768","n":"11115","nm":"FELIPE DE GIUVANIA","cc":"PP","nv":" ","e":"s","st":"Eleito","dvt":"V\u00e1lido","vap":"281","pvap":"   6,15"},{"seq":"3","sqcand":"140001096877","n":"20123","nm":"DIONES ENFERMEIRO","cc":"PSC","nv":" ","e":"s","st":"Eleito","dvt":"V\u00e1lido","vap":"245","pvap":"   5,36"},{"seq":"10","sqcand":"140001033656","n":"22123","nm":"PRETO DA OFICINA","cc":"PL","nv":" ","e":"n","st":"Suplente","dvt":"V\u00e1lido","vap":"194","pvap":"   4,24"},{"seq":"26","sqcand":"140000990789","n":"15333","nm":"RAIANE AGUIAR","cc":"MDB","nv":" ","e":"n","st":"Suplente","dvt":"V\u00e1lido","vap":"42","pvap":"   0,92"},{"seq":"17","sqcand":"140000990757","n":"11100","nm":"N\u00c3OZINHO","cc":"PP","nv":" ","e":"n","st":"Suplente","dvt":"V\u00e1lido","vap":"106","pvap":"   2,32"},{"seq":"20","sqcand":"140001096872","n":"20888","nm":"DILSINHO DE PATR\u00c3O","cc":"PSC","nv":" ","e":"n","st":"Suplente","dvt":"V\u00e1lido","vap":"73","pvap":"   1,60"},{"seq":"45","sqcand":"140000990763","n":"11000","nm":"ENEIAS MARTINS","cc":"PP","nv":" ","e":"n","st":"Suplente","dvt":"V\u00e1lido","vap":"9","pvap":"   0,20"},{"seq":"6","sqcand":"140001033665","n":"22222","nm":"JUNIOR DE DATIVO","cc":"PL","nv":" ","e":"s","st":"Eleito","dvt":"V\u00e1lido","vap":"213","pvap":"   4,66"},{"seq":"54","sqcand":"140001034568","n":"40145","nm":"GIL PEDREIRO","cc":"PSB","nv":" ","e":"n","st":"N\u00e3o eleito","dvt":"V\u00e1lido","vap":"18","pvap":"   0,39"},{"seq":"37","sqcand":"140001033664","n":"22444","nm":"LIDIANE","cc":"PL","nv":" ","e":"n","st":"Suplente","dvt":"V\u00e1lido","vap":"19","pvap":"   0,42"},{"seq":"18","sqcand":"140000990767","n":"11222","nm":"CLEUSSIANE PRETA","cc":"PP","nv":" ","e":"n","st":"Suplente","dvt":"V\u00e1lido","vap":"100","pvap":"   2,19"},{"seq":"13","sqcand":"140000990759","n":"11111","nm":"ANTONIO FOG\u00c3O","cc":"PP","nv":" ","e":"n","st":"Suplente","dvt":"V\u00e1lido","vap":"143","pvap":"   3,13"},{"seq":"5","sqcand":"140000990758","n":"11321","nm":"CASSIA","cc":"PP","nv":" ","e":"s","st":"Eleito","dvt":"V\u00e1lido","vap":"229","pvap":"   5,01"},{"seq":"48","sqcand":"140001033659","n":"22555","nm":"SEBASTI\u00c3O DE EDITE","cc":"PL","nv":" ","e":"n","st":"Suplente","dvt":"V\u00e1lido","vap":"6","pvap":"   0,13"},{"seq":"7","sqcand":"140001096876","n":"20678","nm":"CLAUDINEI BARBOSA","cc":"PSC","nv":" ","e":"s","st":"Eleito","dvt":"V\u00e1lido","vap":"197","pvap":"   4,31"},{"seq":"9","sqcand":"140000990783","n":"15123","nm":"CARLINHO","cc":"MDB","nv":" ","e":"s","st":"Eleito","dvt":"V\u00e1lido","vap":"145","pvap":"   3,17"},{"seq":"51","sqcand":"140001034563","n":"40000","nm":"LUCIANA DE EVANDRO","cc":"PSB","nv":" ","e":"n","st":"N\u00e3o eleito","dvt":"V\u00e1lido","vap":"94","pvap":"   2,06"},{"seq":"24","sqcand":"140000990764","n":"11777","nm":"ELIZEU DE DELMA","cc":"PP","nv":" ","e":"n","st":"Suplente","dvt":"V\u00e1lido","vap":"46","pvap":"   1,01"},{"seq":"34","sqcand":"140000990765","n":"11011","nm":"ANA LUCIA","cc":"PP","nv":" ","e":"n","st":"Suplente","dvt":"V\u00e1lido","vap":"23","pvap":"   0,50"},{"seq":"21","sqcand":"140000990762","n":"11611","nm":"JAMILLY ROCHA JAMILAO","cc":"PP","nv":" ","e":"n","st":"Suplente","dvt":"V\u00e1lido","vap":"69","pvap":"   1,51"},{"seq":"40","sqcand":"140001096870","n":"20999","nm":"MANINHA","cc":"PSC","nv":" ","e":"n","st":"Suplente","dvt":"V\u00e1lido","vap":"14","pvap":"   0,31"},{"seq":"43","sqcand":"140000990792","n":"15236","nm":"LUZIANE DO BARBEIRO","cc":"MDB","nv":" ","e":"n","st":"Suplente","dvt":"V\u00e1lido","vap":"11","pvap":"   0,24"},{"seq":"16","sqcand":"140000990794","n":"15321","nm":"MELQUI FILHO DE BAIXINHO","cc":"MDB","nv":" ","e":"n","st":"Suplente","dvt":"V\u00e1lido","vap":"107","pvap":"   2,34"},{"seq":"44","sqcand":"140001033660","n":"22666","nm":"NAIVAN","cc":"PL","nv":" ","e":"n","st":"Suplente","dvt":"V\u00e1lido","vap":"10","pvap":"   0,22"},{"seq":"41","sqcand":"140000990793","n":"15432","nm":"GILMARA SANTOS","cc":"MDB","nv":" ","e":"n","st":"Suplente","dvt":"V\u00e1lido","vap":"13","pvap":"   0,28"},{"seq":"57","sqcand":"140001034562","n":"40223","nm":"ANTONIO CABELO DURO","cc":"PSB","nv":" ","e":"n","st":"N\u00e3o eleito","dvt":"V\u00e1lido","vap":"10","pvap":"   0,22"},{"seq":"47","sqcand":"140001033663","n":"22111","nm":"CAMILA MANGUEIRA","cc":"PL","nv":" ","e":"n","st":"Suplente","dvt":"V\u00e1lido","vap":"7","pvap":"   0,15"},{"seq":"19","sqcand":"140000990795","n":"15555","nm":"ARLANDE FERRAZ","cc":"MDB","nv":" ","e":"n","st":"Suplente","dvt":"V\u00e1lido","vap":"90","pvap":"   1,97"},{"seq":"58","sqcand":"140001034567","n":"40555","nm":"JOELMA DO BAR","cc":"PSB","nv":" ","e":"n","st":"N\u00e3o eleito","dvt":"V\u00e1lido","vap":"8","pvap":"   0,17"},{"seq":"36","sqcand":"140001096869","n":"20555","nm":"OMERO","cc":"PSC","nv":" ","e":"n","st":"Suplente","dvt":"V\u00e1lido","vap":"20","pvap":"   0,44"},{"seq":"35","sqcand":"140000990786","n":"15999","nm":"DONIZETE","cc":"MDB","nv":" ","e":"n","st":"Suplente","dvt":"V\u00e1lido","vap":"21","pvap":"   0,46"},{"seq":"33","sqcand":"140000990769","n":"11678","nm":"HELENO DA VAN","cc":"PP","nv":" ","e":"n","st":"Suplente","dvt":"V\u00e1lido","vap":"23","pvap":"   0,50"},{"seq":"46","sqcand":"140000990796","n":"15222","nm":"DEDEZ\u00c3O","cc":"MDB","nv":" ","e":"n","st":"Suplente","dvt":"V\u00e1lido","vap":"7","pvap":"   0,15"},{"seq":"2","sqcand":"140000990791","n":"15678","nm":"JEFIN DE ALTINO","cc":"MDB","nv":" ","e":"s","st":"Eleito","dvt":"V\u00e1lido","vap":"267","pvap":"   5,84"},{"seq":"14","sqcand":"140001096873","n":"20000","nm":"ISAIAS ALMEIDA","cc":"PSC","nv":" ","e":"n","st":"Suplente","dvt":"V\u00e1lido","vap":"125","pvap":"   2,73"},{"seq":"25","sqcand":"140000990787","n":"15000","nm":"VILIZIN OLIVEIRA","cc":"MDB","nv":" ","e":"n","st":"Suplente","dvt":"V\u00e1lido","vap":"46","pvap":"   1,01"},{"seq":"53","sqcand":"140001034565","n":"40666","nm":"MARIA DE DIVA","cc":"PSB","nv":" ","e":"n","st":"N\u00e3o eleito","dvt":"V\u00e1lido","vap":"31","pvap":"   0,68"},{"seq":"8","sqcand":"140000990766","n":"11123","nm":"IARA DE JUNIOR POLICIAL","cc":"PP","nv":" ","e":"s","st":"Eleito","dvt":"V\u00e1lido","vap":"176","pvap":"   3,85"},{"seq":"52","sqcand":"140001034566","n":"40123","nm":"CABE\u00c7A DO COMERCIAL VITOR","cc":"PSB","nv":" ","e":"n","st":"N\u00e3o eleito","dvt":"V\u00e1lido","vap":"32","pvap":"   0,70"},{"seq":"56","sqcand":"140001034569","n":"40222","nm":"ZENAIDE CARIJ\u00d3","cc":"PSB","nv":" ","e":"n","st":"N\u00e3o eleito","dvt":"V\u00e1lido","vap":"11","pvap":"   0,24"},{"seq":"50","sqcand":"140001033662","n":"22000","nm":"ANA MANICURE","cc":"PL","nv":" ","e":"n","st":"Suplente","dvt":"V\u00e1lido","vap":"3","pvap":"   0,07"},{"seq":"12","sqcand":"140000990760","n":"11112","nm":"NAILS\u00c3O","cc":"PP","nv":" ","e":"n","st":"Suplente","dvt":"V\u00e1lido","vap":"155","pvap":"   3,39"},{"seq":"11","sqcand":"140001096874","n":"20456","nm":"RAFAELE","cc":"PSC","nv":" ","e":"n","st":"Suplente","dvt":"V\u00e1lido","vap":"183","pvap":"   4,00"},{"seq":"27","sqcand":"140001033661","n":"22334","nm":"DILSIN DE OROZINO","cc":"PL","nv":" ","e":"n","st":"Suplente","dvt":"V\u00e1lido","vap":"39","pvap":"   0,85"},{"seq":"28","sqcand":"140001096875","n":"20222","nm":"NEGUIM DE JOAREZ","cc":"PSC","nv":" ","e":"n","st":"Suplente","dvt":"V\u00e1lido","vap":"39","pvap":"   0,85"},{"seq":"23","sqcand":"140001033657","n":"22333","nm":"SEBASTIAO DO EUCALIPITO","cc":"PL","nv":" ","e":"n","st":"Suplente","dvt":"V\u00e1lido","vap":"48","pvap":"   1,05"},{"seq":"38","sqcand":"140001096868","n":"20777","nm":"MANIM","cc":"PSC","nv":" ","e":"n","st":"Suplente","dvt":"V\u00e1lido","vap":"18","pvap":"   0,39"},{"seq":"30","sqcand":"140000990784","n":"15345","nm":"IARA DA PADARIA","cc":"MDB","nv":" ","e":"n","st":"Suplente","dvt":"V\u00e1lido","vap":"31","pvap":"   0,68"},{"seq":"31","sqcand":"140001033666","n":"22345","nm":"DOQUINHA","cc":"PL","nv":" ","e":"n","st":"Suplente","dvt":"V\u00e1lido","vap":"26","pvap":"   0,57"},{"seq":"32","sqcand":"140001096871","n":"20333","nm":"ANTONIA CABELEIREIRA","cc":"PSC","nv":" ","e":"n","st":"Suplente","dvt":"V\u00e1lido","vap":"23","pvap":"   0,50"},{"seq":"49","sqcand":"140000990790","n":"15015","nm":"LUAN DE CIDA","cc":"MDB","nv":" ","e":"n","st":"Suplente","dvt":"V\u00e1lido","vap":"5","pvap":"   0,11"},{"seq":"22","sqcand":"140000990788","n":"15111","nm":"NETINHA DE VAL ENFERMEIRA","cc":"MDB","nv":" ","e":"n","st":"Suplente","dvt":"V\u00e1lido","vap":"61","pvap":"   1,33"},{"seq":"55","sqcand":"140001034564","n":"40122","nm":"ILZIMAR CROCH\u00ca","cc":"PSB","nv":" ","e":"n","st":"N\u00e3o eleito","dvt":"V\u00e1lido","vap":"17","pvap":"   0,37"},{"seq":"42","sqcand":"140001033658","n":"22322","nm":"CLEANE DE DEON","cc":"PL","nv":" ","e":"n","st":"Suplente","dvt":"V\u00e1lido","vap":"12","pvap":"   0,26"},{"seq":"29","sqcand":"140000990785","n":"15133","nm":"MARILENE FILHA DE RONILSON","cc":"MDB","nv":" ","e":"n","st":"Suplente","dvt":"V\u00e1lido","vap":"35","pvap":"   0,77"}]}
