{"ele":"426","tpabr":"mu","cdabr":"04545","carper":"13","t":"1","f":"o","dt":"15/11/2020","ht":"22:56:14","dv":"s","tf":"s","v":"9","esae":"n","mnae":"","s":"32","st":"32","pst":" 100,00","snt":"0","psnt":"   0,00","si":"32","psi":" 100,00","sni":"0","psni":"   0,00","sa":"32","psa":" 100,00","sna":"0","psna":"   0,00","e":"10564","ea":"10564","pea":" 100,00","ena":"0","pena":"   0,00","esi":"10564","pesi":" 100,00","esni":"0","pesni":"   0,00","c":"8929","pc":"  84,52","a":"1635","pa":"  15,48","vscv":"0","vnom":"8042","vl":"402","pvnom":"  95,24","pvl":"   4,76","vvc":"8763","pvvc":"  98,14","vb":"50","pvb":"   0,56","tvn":"116","ptvn":"   1,30","vn":"116","pvn":" 100,00","vnt":"0","pvnt":"   0,00","vp":"0","pvp":"   0,00","vv":"8444","pvv":"  96,36","van":"0","pvan":"   0,00","vansj":"319","pvansj":"   3,64","tv":"8929","cand":[{"seq":"27","sqcand":"140001147062","n":"11789","nm":"ELDO NATIVIDADE","cc":"PP","nv":" ","e":"n","st":"Suplente","dvt":"V\u00e1lido","vap":"98","pvap":"   1,12"},{"seq":"83","sqcand":"140001145898","n":"13333","nm":"MANU","cc":"PT","nv":" ","e":"n","st":"N\u00e3o eleito","dvt":"V\u00e1lido","vap":"47","pvap":"   0,54"},{"seq":"87","sqcand":"140001149139","n":"14567","nm":"MAGNO AMARAL","cc":"PTB","nv":" ","e":"n","st":"N\u00e3o eleito","dvt":"V\u00e1lido","vap":"19","pvap":"   0,22"},{"seq":"12","sqcand":"140001215086","n":"20777","nm":"DOUG NEVES","cc":"PSC","nv":" ","e":"n","st":"Suplente","dvt":"V\u00e1lido","vap":"261","pvap":"   2,98"},{"seq":"73","sqcand":"140001147544","n":"55444","nm":"DORA","cc":"PSD","nv":" ","e":"n","st":"Suplente","dvt":"V\u00e1lido","vap":"0","pvap":"00.00"},{"seq":"4","sqcand":"140001147547","n":"55155","nm":"ADENILTON GUEDES","cc":"PSD","nv":" ","e":"s","st":"Eleito","dvt":"V\u00e1lido","vap":"289","pvap":"   3,30"},{"seq":"25","sqcand":"140000883582","n":"12789","nm":"SYLENE DO AREIAL","cc":"PDT","nv":" ","e":"n","st":"Suplente","dvt":"V\u00e1lido","vap":"108","pvap":"   1,23"},{"seq":"16","sqcand":"140001147066","n":"11000","nm":"VIDAL","cc":"PP","nv":" ","e":"n","st":"Suplente","dvt":"V\u00e1lido","vap":"183","pvap":"   2,09"},{"seq":"92","sqcand":"140001145900","n":"13555","nm":"DANI","cc":"PT","nv":" ","e":"n","st":"N\u00e3o eleito","dvt":"V\u00e1lido","vap":"6","pvap":"   0,07"},{"seq":"31","sqcand":"140001215090","n":"20333","nm":"CORONEL","cc":"PSC","nv":" ","e":"n","st":"Suplente","dvt":"V\u00e1lido","vap":"85","pvap":"   0,97"},{"seq":"76","sqcand":"140001145903","n":"13123","nm":"EVERALDO SANTOS","cc":"PT","nv":" ","e":"n","st":"N\u00e3o eleito","dvt":"V\u00e1lido","vap":"115","pvap":"   1,31"},{"seq":"53","sqcand":"140000883578","n":"12137","nm":"JOABE SOUZA","cc":"PDT","nv":" ","e":"n","st":"Suplente","dvt":"V\u00e1lido","vap":"20","pvap":"   0,23"},{"seq":"21","sqcand":"140001145220","n":"22123","nm":"DEZINHO RADIALISTA","cc":"PL","nv":" ","e":"n","st":"Suplente","dvt":"V\u00e1lido","vap":"122","pvap":"   1,39"},{"seq":"1","sqcand":"140001147059","n":"11111","nm":"ABIMAEL ATITUDE","cc":"PP","nv":" ","e":"s","st":"Eleito","dvt":"V\u00e1lido","vap":"479","pvap":"   5,47"},{"seq":"48","sqcand":"140001215089","n":"20345","nm":"GEDE\u00c3O PALHETA","cc":"PSC","nv":" ","e":"n","st":"Suplente","dvt":"V\u00e1lido","vap":"31","pvap":"   0,35"},{"seq":"72","sqcand":"140001145682","n":"15015","nm":"EDIONY CORDOVIL","cc":"MDB","nv":" ","e":"n","st":"Suplente","dvt":"V\u00e1lido","vap":"2","pvap":"   0,02"},{"seq":"54","sqcand":"140000883579","n":"12555","nm":"LUCIANO BAIXA GRANDE","cc":"PDT","nv":" ","e":"n","st":"Suplente","dvt":"V\u00e1lido","vap":"17","pvap":"   0,19"},{"seq":"50","sqcand":"140001144622","n":"45164","nm":"SILVIANE BENTES","cc":"PSDB","nv":" ","e":"n","st":"Suplente","dvt":"V\u00e1lido","vap":"28","pvap":"   0,32"},{"seq":"71","sqcand":"140001145679","n":"15123","nm":"ANDREA AQUIME","cc":"MDB","nv":" ","e":"n","st":"Suplente","dvt":"V\u00e1lido","vap":"3","pvap":"   0,03"},{"seq":"37","sqcand":"140001145681","n":"15789","nm":"RAMILDO","cc":"MDB","nv":" ","e":"n","st":"Suplente","dvt":"V\u00e1lido","vap":"54","pvap":"   0,62"},{"seq":"18","sqcand":"140001145226","n":"22345","nm":"LECI","cc":"PL","nv":" ","e":"n","st":"Suplente","dvt":"V\u00e1lido","vap":"150","pvap":"   1,71"},{"seq":"91","sqcand":"140001145897","n":"13331","nm":"PROFESSOR BARRETO","cc":"PT","nv":" ","e":"n","st":"N\u00e3o eleito","dvt":"V\u00e1lido","vap":"8","pvap":"   0,09"},{"seq":"17","sqcand":"140001215088","n":"20789","nm":"PROF  ALISSON OLIVEIRA","cc":"PSC","nv":" ","e":"n","st":"Suplente","dvt":"V\u00e1lido","vap":"175","pvap":"   2,00"},{"seq":"66","sqcand":"140000883586","n":"12357","nm":"CARLA LIMA","cc":"PDT","nv":" ","e":"n","st":"Suplente","dvt":"V\u00e1lido","vap":"6","pvap":"   0,07"},{"seq":"43","sqcand":"140001145683","n":"15456","nm":"PROF RAIMUNDA ALENCAR","cc":"MDB","nv":" ","e":"n","st":"Suplente","dvt":"V\u00e1lido","vap":"45","pvap":"   0,51"},{"seq":"34","sqcand":"140001145219","n":"22022","nm":"LEO SAUDADE","cc":"PL","nv":" ","e":"n","st":"Suplente","dvt":"V\u00e1lido","vap":"66","pvap":"   0,75"},{"seq":"67","sqcand":"140001145678","n":"15237","nm":"TONY ENDERSON","cc":"MDB","nv":" ","e":"n","st":"Suplente","dvt":"V\u00e1lido","vap":"6","pvap":"   0,07"},{"seq":"49","sqcand":"140000883575","n":"12346","nm":"TONH\u00c3O","cc":"PDT","nv":" ","e":"n","st":"Suplente","dvt":"V\u00e1lido","vap":"28","pvap":"   0,32"},{"seq":"14","sqcand":"140001147060","n":"11011","nm":"ARMANDO JAPONES","cc":"PP","nv":" ","e":"n","st":"Suplente","dvt":"V\u00e1lido","vap":"233","pvap":"   2,66"},{"seq":"79","sqcand":"140001149135","n":"14000","nm":"CRISTIV\u00c3O ACS","cc":"PTB","nv":" ","e":"n","st":"N\u00e3o eleito","dvt":"V\u00e1lido","vap":"61","pvap":"   0,70"},{"seq":"88","sqcand":"140001149137","n":"14114","nm":"LUCIENE SAMPAIO","cc":"PTB","nv":" ","e":"n","st":"N\u00e3o eleito","dvt":"V\u00e1lido","vap":"15","pvap":"   0,17"},{"seq":"13","sqcand":"140001144627","n":"45000","nm":"PANTERA DO MA\u00da","cc":"PSDB","nv":" ","e":"n","st":"Suplente","dvt":"V\u00e1lido","vap":"243","pvap":"   2,77"},{"seq":"68","sqcand":"140001147065","n":"11173","nm":"LUZIA FERREIRA","cc":"PP","nv":" ","e":"n","st":"Suplente","dvt":"V\u00e1lido","vap":"5","pvap":"   0,06"},{"seq":"52","sqcand":"140001147061","n":"11123","nm":"BAIXINHO","cc":"PP","nv":" ","e":"n","st":"Suplente","dvt":"V\u00e1lido","vap":"22","pvap":"   0,25"},{"seq":"28","sqcand":"140001144628","n":"45111","nm":"NILTON ALENCAR","cc":"PSDB","nv":" ","e":"n","st":"Suplente","dvt":"V\u00e1lido","vap":"91","pvap":"   1,04"},{"seq":"61","sqcand":"140001144626","n":"45777","nm":"PRETA DO MOCAJUBINHA","cc":"PSDB","nv":" ","e":"n","st":"Suplente","dvt":"V\u00e1lido","vap":"11","pvap":"   0,13"},{"seq":"20","sqcand":"140001147545","n":"55123","nm":"GENIVAL DO SINDICATO PALITO","cc":"PSD","nv":" ","e":"n","st":"Suplente","dvt":"V\u00e1lido","vap":"138","pvap":"   1,57"},{"seq":"44","sqcand":"140001144630","n":"45234","nm":"LEVI","cc":"PSDB","nv":" ","e":"n","st":"Suplente","dvt":"V\u00e1lido","vap":"40","pvap":"   0,46"},{"seq":"94","sqcand":"140001145899","n":"13334","nm":"LANA","cc":"PT","nv":" ","e":"n","st":"N\u00e3o eleito","dvt":"V\u00e1lido","vap":"5","pvap":"   0,06"},{"seq":"60","sqcand":"140001145676","n":"15369","nm":"LANA BARBOSA","cc":"MDB","nv":" ","e":"n","st":"Suplente","dvt":"V\u00e1lido","vap":"13","pvap":"   0,15"},{"seq":"30","sqcand":"140001147064","n":"11555","nm":"EDUARDO LIMA","cc":"PP","nv":" ","e":"n","st":"Suplente","dvt":"V\u00e1lido","vap":"87","pvap":"   0,99"},{"seq":"7","sqcand":"140001145228","n":"22222","nm":"GUTO EXATAMENTE","cc":"PL","nv":" ","e":"s","st":"Eleito","dvt":"V\u00e1lido","vap":"242","pvap":"   2,76"},{"seq":"93","sqcand":"140001149144","n":"14005","nm":"CLAUDIANE SILVA","cc":"PTB","nv":" ","e":"n","st":"N\u00e3o eleito","dvt":"V\u00e1lido","vap":"5","pvap":"   0,06"},{"seq":"69","sqcand":"140000883580","n":"12777","nm":"MARCIA MILENE","cc":"PDT","nv":" ","e":"n","st":"Suplente","dvt":"V\u00e1lido","vap":"5","pvap":"   0,06"},{"seq":"65","sqcand":"140001215084","n":"20444","nm":"KEILA TATIANE","cc":"PSC","nv":" ","e":"n","st":"Suplente","dvt":"V\u00e1lido","vap":"7","pvap":"   0,08"},{"seq":"10","sqcand":"140001147543","n":"55555","nm":"Z\u00c9 CARLOS","cc":"PSD","nv":" ","e":"n","st":"Suplente","dvt":"V\u00e1lido","vap":"285","pvap":"   3,25"},{"seq":"63","sqcand":"140001145223","n":"22112","nm":"PRISCILA ALBUQUERQUE","cc":"PL","nv":" ","e":"n","st":"Suplente","dvt":"V\u00e1lido","vap":"8","pvap":"   0,09"},{"seq":"55","sqcand":"140001215083","n":"20244","nm":"BIZUCA","cc":"PSC","nv":" ","e":"n","st":"Suplente","dvt":"V\u00e1lido","vap":"15","pvap":"   0,17"},{"seq":"33","sqcand":"140001145222","n":"22999","nm":"Z\u00c9 DO POVO","cc":"PL","nv":" ","e":"n","st":"Suplente","dvt":"V\u00e1lido","vap":"67","pvap":"   0,76"},{"seq":"75","sqcand":"140001149140","n":"14444","nm":"ROGERIO","cc":"PTB","nv":" ","e":"n","st":"N\u00e3o eleito","dvt":"V\u00e1lido","vap":"222","pvap":"   2,53"},{"seq":"35","sqcand":"140001144624","n":"45555","nm":"ILSON SANTA F\u00c9","cc":"PSDB","nv":" ","e":"n","st":"Suplente","dvt":"V\u00e1lido","vap":"65","pvap":"   0,74"},{"seq":"26","sqcand":"140000883577","n":"12222","nm":"CRISTINA CRUZ","cc":"PDT","nv":" ","e":"n","st":"Suplente","dvt":"V\u00e1lido","vap":"102","pvap":"   1,16"},{"seq":"42","sqcand":"140001144623","n":"45128","nm":"GESS\u00c9 GOMES","cc":"PSDB","nv":" ","e":"n","st":"Suplente","dvt":"V\u00e1lido","vap":"47","pvap":"   0,54"},{"seq":"64","sqcand":"140001147542","n":"55777","nm":"S\u00d4NIA RAMOS","cc":"PSD","nv":" ","e":"n","st":"Suplente","dvt":"V\u00e1lido","vap":"7","pvap":"   0,08"},{"seq":"85","sqcand":"140001145896","n":"13613","nm":"PROFESSOR FERNANDO","cc":"PT","nv":" ","e":"n","st":"N\u00e3o eleito","dvt":"V\u00e1lido","vap":"33","pvap":"   0,38"},{"seq":"3","sqcand":"140001215092","n":"20120","nm":"DORIEDSON","cc":"PSC","nv":" ","e":"s","st":"Eleito","dvt":"V\u00e1lido","vap":"325","pvap":"   3,71"},{"seq":"19","sqcand":"140001145227","n":"22145","nm":"DONA NILZA","cc":"PL","nv":" ","e":"n","st":"Suplente","dvt":"V\u00e1lido","vap":"142","pvap":"   1,62"},{"seq":"80","sqcand":"140001149142","n":"14789","nm":"PROF PAULO SARAIVA","cc":"PTB","nv":" ","e":"n","st":"N\u00e3o eleito","dvt":"V\u00e1lido","vap":"60","pvap":"   0,68"},{"seq":"8","sqcand":"140001145680","n":"15111","nm":"ARIVALDO SARAIVA","cc":"MDB","nv":" ","e":"s","st":"Eleito","dvt":"V\u00e1lido","vap":"151","pvap":"   1,72"},{"seq":"15","sqcand":"140001145221","n":"22000","nm":"GUILHERME","cc":"PL","nv":" ","e":"n","st":"Suplente","dvt":"V\u00e1lido","vap":"225","pvap":"   2,57"},{"seq":"47","sqcand":"140001145225","n":"22587","nm":"SILVIA PAULO FONTENELES","cc":"PL","nv":" ","e":"n","st":"Suplente","dvt":"V\u00e1lido","vap":"35","pvap":"   0,40"},{"seq":"5","sqcand":"140001144619","n":"45610","nm":"DANILO PINTO","cc":"PSDB","nv":" ","e":"s","st":"Eleito","dvt":"V\u00e1lido","vap":"274","pvap":"   3,13"},{"seq":"96","sqcand":"140001149138","n":"14123","nm":"BASTICO","cc":"PTB","nv":" ","e":"n","st":"N\u00e3o eleito","dvt":"Anulado sub judice","vap":"0","pvap":"00.00"},{"seq":"51","sqcand":"140001215085","n":"20000","nm":"LONYS ANDERSON","cc":"PSC","nv":" ","e":"n","st":"Suplente","dvt":"V\u00e1lido","vap":"24","pvap":"   0,27"},{"seq":"38","sqcand":"140001144618","n":"45123","nm":"PASTOR LEANDRO COUTO","cc":"PSDB","nv":" ","e":"n","st":"Suplente","dvt":"V\u00e1lido","vap":"52","pvap":"   0,59"},{"seq":"90","sqcand":"140001149134","n":"14257","nm":"CABELUDO","cc":"PTB","nv":" ","e":"n","st":"N\u00e3o eleito","dvt":"V\u00e1lido","vap":"9","pvap":"   0,10"},{"seq":"11","sqcand":"140001147546","n":"55222","nm":"PROF MANOEL","cc":"PSD","nv":" ","e":"n","st":"Suplente","dvt":"V\u00e1lido","vap":"285","pvap":"   3,25"},{"seq":"41","sqcand":"140001144629","n":"45678","nm":"NILSON SATUCA","cc":"PSDB","nv":" ","e":"n","st":"Suplente","dvt":"V\u00e1lido","vap":"50","pvap":"   0,57"},{"seq":"59","sqcand":"140000883581","n":"12456","nm":"IRM\u00c3O GENIEL","cc":"PDT","nv":" ","e":"n","st":"Suplente","dvt":"V\u00e1lido","vap":"14","pvap":"   0,16"},{"seq":"6","sqcand":"140001145224","n":"22456","nm":"Z\u00c9 DO FRANGO","cc":"PL","nv":" ","e":"s","st":"Eleito","dvt":"V\u00e1lido","vap":"258","pvap":"   2,94"},{"seq":"57","sqcand":"140001147067","n":"11444","nm":"SILVANA","cc":"PP","nv":" ","e":"n","st":"Suplente","dvt":"V\u00e1lido","vap":"15","pvap":"   0,17"},{"seq":"82","sqcand":"140001149141","n":"14147","nm":"PEIXE","cc":"PTB","nv":" ","e":"n","st":"N\u00e3o eleito","dvt":"V\u00e1lido","vap":"52","pvap":"   0,59"},{"seq":"29","sqcand":"140001215087","n":"20020","nm":"ELIETE CHAGAS","cc":"PSC","nv":" ","e":"n","st":"Suplente","dvt":"V\u00e1lido","vap":"88","pvap":"   1,00"},{"seq":"84","sqcand":"140001149143","n":"14777","nm":"CASSIA","cc":"PTB","nv":" ","e":"n","st":"N\u00e3o eleito","dvt":"V\u00e1lido","vap":"36","pvap":"   0,41"},{"seq":"24","sqcand":"140001145686","n":"15155","nm":"TIDE BAIANO","cc":"MDB","nv":" ","e":"n","st":"Suplente","dvt":"V\u00e1lido","vap":"109","pvap":"   1,24"},{"seq":"62","sqcand":"140001144621","n":"45150","nm":"EDSON COSTA","cc":"PSDB","nv":" ","e":"n","st":"Suplente","dvt":"V\u00e1lido","vap":"9","pvap":"   0,10"},{"seq":"86","sqcand":"140001145895","n":"13221","nm":"MODESTO","cc":"PT","nv":" ","e":"n","st":"N\u00e3o eleito","dvt":"V\u00e1lido","vap":"31","pvap":"   0,35"},{"seq":"45","sqcand":"140001215094","n":"20222","nm":"VALKIRIA CRISTO","cc":"PSC","nv":" ","e":"n","st":"Suplente","dvt":"V\u00e1lido","vap":"38","pvap":"   0,43"},{"seq":"81","sqcand":"140001145901","n":"13013","nm":"VALDIR DO PT","cc":"PT","nv":" ","e":"n","st":"N\u00e3o eleito","dvt":"V\u00e1lido","vap":"58","pvap":"   0,66"},{"seq":"78","sqcand":"140001145902","n":"13456","nm":"PROFESSOR RONILSON","cc":"PT","nv":" ","e":"n","st":"N\u00e3o eleito","dvt":"V\u00e1lido","vap":"63","pvap":"   0,72"},{"seq":"46","sqcand":"140001215091","n":"20555","nm":"PR REINALDO LIMA","cc":"PSC","nv":" ","e":"n","st":"Suplente","dvt":"V\u00e1lido","vap":"36","pvap":"   0,41"},{"seq":"2","sqcand":"140001215093","n":"20123","nm":"JADIELSON MACEDO","cc":"PSC","nv":" ","e":"s","st":"Eleito","dvt":"V\u00e1lido","vap":"332","pvap":"   3,79"},{"seq":"9","sqcand":"140000883585","n":"12345","nm":"ROZICO MACEDO","cc":"PDT","nv":" ","e":"s","st":"Eleito","dvt":"V\u00e1lido","vap":"132","pvap":"   1,51"},{"seq":"40","sqcand":"140001144625","n":"45788","nm":"ROBERTA","cc":"PSDB","nv":" ","e":"n","st":"Suplente","dvt":"V\u00e1lido","vap":"50","pvap":"   0,57"},{"seq":"36","sqcand":"140001145675","n":"15555","nm":"EDUARDO MAXIMO","cc":"MDB","nv":" ","e":"n","st":"Suplente","dvt":"V\u00e1lido","vap":"64","pvap":"   0,73"},{"seq":"77","sqcand":"140001149136","n":"14111","nm":"JUNIOR AVENIDA","cc":"PTB","nv":" ","e":"n","st":"N\u00e3o eleito","dvt":"V\u00e1lido","vap":"87","pvap":"   0,99"},{"seq":"56","sqcand":"140001144620","n":"45010","nm":"NELMA ATAIDE","cc":"PSDB","nv":" ","e":"n","st":"Suplente","dvt":"V\u00e1lido","vap":"15","pvap":"   0,17"},{"seq":"70","sqcand":"140001145684","n":"15007","nm":"ALCIMAR BARBOSA","cc":"MDB","nv":" ","e":"n","st":"Suplente","dvt":"V\u00e1lido","vap":"3","pvap":"   0,03"},{"seq":"89","sqcand":"140001149133","n":"14010","nm":"BRANCO","cc":"PTB","nv":" ","e":"n","st":"N\u00e3o eleito","dvt":"V\u00e1lido","vap":"15","pvap":"   0,17"},{"seq":"58","sqcand":"140001147063","n":"11253","nm":"ANA RITA","cc":"PP","nv":" ","e":"n","st":"Suplente","dvt":"V\u00e1lido","vap":"15","pvap":"   0,17"},{"seq":"23","sqcand":"140000883584","n":"12333","nm":"NILS\u00c3O DO POV\u00c3O","cc":"PDT","nv":" ","e":"n","st":"Suplente","dvt":"V\u00e1lido","vap":"113","pvap":"   1,29"},{"seq":"39","sqcand":"140001145685","n":"15567","nm":"PASSARINHO","cc":"MDB","nv":" ","e":"n","st":"Suplente","dvt":"V\u00e1lido","vap":"50","pvap":"   0,57"},{"seq":"32","sqcand":"140000883583","n":"12712","nm":"LUIZ DO MA\u00da","cc":"PDT","nv":" ","e":"n","st":"Suplente","dvt":"V\u00e1lido","vap":"81","pvap":"   0,92"},{"seq":"95","sqcand":"140001254805","n":"14999","nm":"EMILIA FREIRE","cc":"PTB","nv":" ","e":"n","st":"N\u00e3o eleito","dvt":"V\u00e1lido","vap":"0","pvap":"00.00"},{"seq":"22","sqcand":"140001145687","n":"15215","nm":"NENC\u00c3O","cc":"MDB","nv":" ","e":"n","st":"Suplente","dvt":"V\u00e1lido","vap":"121","pvap":"   1,38"},{"seq":"74","sqcand":"140001145677","n":"15000","nm":"MICHEL PESSOA","cc":"MDB","nv":" ","e":"n","st":"N\u00e3o eleito","dvt":"Anulado sub judice","vap":"319","pvap":"   3,64"}]}
