{"ele":"426","tpabr":"mu","cdabr":"04588","carper":"13","t":"1","f":"o","dt":"15/11/2020","ht":"22:03:07","dv":"s","tf":"s","v":"9","esae":"n","mnae":"","s":"11","st":"11","pst":" 100,00","snt":"0","psnt":"   0,00","si":"11","psi":" 100,00","sni":"0","psni":"   0,00","sa":"11","psa":" 100,00","sna":"0","psna":"   0,00","e":"2876","ea":"2876","pea":" 100,00","ena":"0","pena":"   0,00","esi":"2876","pesi":" 100,00","esni":"0","pesni":"   0,00","c":"2464","pc":"  85,67","a":"412","pa":"  14,33","vscv":"0","vnom":"2284","vl":"123","pvnom":"  94,89","pvl":"   5,11","vvc":"2407","pvvc":"  97,69","vb":"9","pvb":"   0,36","tvn":"48","ptvn":"   1,95","vn":"48","pvn":" 100,00","vnt":"0","pvnt":"   0,00","vp":"0","pvp":"   0,00","vv":"2407","pvv":" 100,00","van":"0","pvan":"   0,00","vansj":"0","pvansj":"   0,00","tv":"2464","cand":[{"seq":"19","sqcand":"140000919956","n":"22222","nm":"NEG\u00c3O DO ESPORTE","cc":"PL","nv":" ","e":"n","st":"Suplente","dvt":"V\u00e1lido","vap":"35","pvap":"   1,45"},{"seq":"48","sqcand":"140000977860","n":"13777","nm":"LUIZ CARLOS","cc":"PT","nv":" ","e":"n","st":"N\u00e3o eleito","dvt":"V\u00e1lido","vap":"11","pvap":"   0,46"},{"seq":"1","sqcand":"140000690600","n":"40000","nm":"ADAO DA SACARELI","cc":"PSB","nv":" ","e":"s","st":"Eleito","dvt":"V\u00e1lido","vap":"155","pvap":"   6,44"},{"seq":"40","sqcand":"140000920740","n":"55463","nm":"IRM\u00c3O LAZARO","cc":"PSD","nv":" ","e":"n","st":"N\u00e3o eleito","dvt":"V\u00e1lido","vap":"38","pvap":"   1,58"},{"seq":"18","sqcand":"140000919951","n":"22456","nm":"ELIO DO RIOZINHO","cc":"PL","nv":" ","e":"n","st":"Suplente","dvt":"V\u00e1lido","vap":"39","pvap":"   1,62"},{"seq":"25","sqcand":"140000690605","n":"40333","nm":"HELENA ROMANEL","cc":"PSB","nv":" ","e":"n","st":"Suplente","dvt":"V\u00e1lido","vap":"20","pvap":"   0,83"},{"seq":"20","sqcand":"140000919954","n":"22777","nm":"ROSILDA DO HOSPITAL","cc":"PL","nv":" ","e":"n","st":"Suplente","dvt":"V\u00e1lido","vap":"28","pvap":"   1,16"},{"seq":"12","sqcand":"140000690601","n":"40999","nm":"RONE BARATA","cc":"PSB","nv":" ","e":"n","st":"Suplente","dvt":"V\u00e1lido","vap":"75","pvap":"   3,12"},{"seq":"27","sqcand":"140000690654","n":"45123","nm":"REGIVALDO","cc":"PSDB","nv":" ","e":"n","st":"Suplente","dvt":"V\u00e1lido","vap":"19","pvap":"   0,79"},{"seq":"57","sqcand":"140000920731","n":"55444","nm":"FABINHO","cc":"PSD","nv":" ","e":"n","st":"N\u00e3o eleito","dvt":"V\u00e1lido","vap":"0","pvap":"00.00"},{"seq":"39","sqcand":"140001093170","n":"20444","nm":"IRM\u00c3 SULA","cc":"PSC","nv":" ","e":"n","st":"N\u00e3o eleito","dvt":"V\u00e1lido","vap":"45","pvap":"   1,87"},{"seq":"6","sqcand":"140000690652","n":"45100","nm":"NEGUINHA","cc":"PSDB","nv":" ","e":"s","st":"Eleito","dvt":"V\u00e1lido","vap":"97","pvap":"   4,03"},{"seq":"4","sqcand":"140000919935","n":"15678","nm":"ROMILDO BENICIO","cc":"MDB","nv":" ","e":"s","st":"Eleito","dvt":"V\u00e1lido","vap":"120","pvap":"   4,99"},{"seq":"31","sqcand":"140000919953","n":"22555","nm":"SIONE ALCANTARA","cc":"PL","nv":" ","e":"n","st":"Suplente","dvt":"V\u00e1lido","vap":"11","pvap":"   0,46"},{"seq":"41","sqcand":"140000977862","n":"13000","nm":"AD\u00c3O ADRIANO","cc":"PT","nv":" ","e":"n","st":"N\u00e3o eleito","dvt":"V\u00e1lido","vap":"35","pvap":"   1,45"},{"seq":"14","sqcand":"140000919944","n":"15123","nm":"ZECA DA BELINHA","cc":"MDB","nv":" ","e":"n","st":"Suplente","dvt":"V\u00e1lido","vap":"55","pvap":"   2,29"},{"seq":"24","sqcand":"140000919936","n":"15222","nm":"LENA DA PINTOLANDIA","cc":"MDB","nv":" ","e":"n","st":"Suplente","dvt":"V\u00e1lido","vap":"20","pvap":"   0,83"},{"seq":"51","sqcand":"140000920006","n":"19123","nm":"IRIS MIRANDA","cc":"PODE","nv":" ","e":"n","st":"N\u00e3o eleito","dvt":"V\u00e1lido","vap":"3","pvap":"   0,12"},{"seq":"32","sqcand":"140000919940","n":"15789","nm":"ZILDA MARQUES","cc":"MDB","nv":" ","e":"n","st":"Suplente","dvt":"V\u00e1lido","vap":"8","pvap":"   0,33"},{"seq":"45","sqcand":"140000920007","n":"19456","nm":"MIUDO DO TRATOR","cc":"PODE","nv":" ","e":"n","st":"N\u00e3o eleito","dvt":"V\u00e1lido","vap":"17","pvap":"   0,71"},{"seq":"46","sqcand":"140000920737","n":"55678","nm":"FRAN","cc":"PSD","nv":" ","e":"n","st":"N\u00e3o eleito","dvt":"V\u00e1lido","vap":"12","pvap":"   0,50"},{"seq":"42","sqcand":"140001093169","n":"20000","nm":"AGNALDO SOLEDADE","cc":"PSC","nv":" ","e":"n","st":"N\u00e3o eleito","dvt":"V\u00e1lido","vap":"26","pvap":"   1,08"},{"seq":"15","sqcand":"140000690651","n":"45111","nm":"ELIEL CAVALCANTE","cc":"PSDB","nv":" ","e":"n","st":"Suplente","dvt":"V\u00e1lido","vap":"54","pvap":"   2,24"},{"seq":"54","sqcand":"140000920735","n":"55333","nm":"JAQUELINE","cc":"PSD","nv":" ","e":"n","st":"N\u00e3o eleito","dvt":"V\u00e1lido","vap":"1","pvap":"   0,04"},{"seq":"43","sqcand":"140001093167","n":"20222","nm":"ADEVANI FAUSTINO","cc":"PSC","nv":" ","e":"n","st":"N\u00e3o eleito","dvt":"V\u00e1lido","vap":"24","pvap":"   1,00"},{"seq":"7","sqcand":"140000768153","n":"40040","nm":"ELIAS COBRINHA","cc":"PSB","nv":" ","e":"s","st":"Eleito","dvt":"V\u00e1lido","vap":"95","pvap":"   3,95"},{"seq":"16","sqcand":"140000919941","n":"15000","nm":"ZILMA CAMPOS","cc":"MDB","nv":" ","e":"n","st":"Suplente","dvt":"V\u00e1lido","vap":"44","pvap":"   1,83"},{"seq":"33","sqcand":"140000919955","n":"22789","nm":"Z\u00c9 C\u00ccCERO","cc":"PL","nv":" ","e":"n","st":"Suplente","dvt":"V\u00e1lido","vap":"6","pvap":"   0,25"},{"seq":"22","sqcand":"140000690599","n":"40222","nm":"JUNIOR DO MINEIR","cc":"PSB","nv":" ","e":"n","st":"Suplente","dvt":"V\u00e1lido","vap":"24","pvap":"   1,00"},{"seq":"23","sqcand":"140000919939","n":"15456","nm":"OBEDE WILLIAN","cc":"MDB","nv":" ","e":"n","st":"Suplente","dvt":"V\u00e1lido","vap":"23","pvap":"   0,96"},{"seq":"44","sqcand":"140000977863","n":"13123","nm":"CLERIA DO PARAIBA","cc":"PT","nv":" ","e":"n","st":"N\u00e3o eleito","dvt":"V\u00e1lido","vap":"17","pvap":"   0,71"},{"seq":"5","sqcand":"140000690604","n":"40123","nm":"NENZINHO DA MABEL","cc":"PSB","nv":" ","e":"s","st":"Eleito","dvt":"V\u00e1lido","vap":"103","pvap":"   4,28"},{"seq":"34","sqcand":"140000690653","n":"45101","nm":"NAIUZA","cc":"PSDB","nv":" ","e":"n","st":"Suplente","dvt":"V\u00e1lido","vap":"5","pvap":"   0,21"},{"seq":"13","sqcand":"140000690655","n":"45000","nm":"NEGUINHO DA MARLENE","cc":"PSDB","nv":" ","e":"n","st":"Suplente","dvt":"V\u00e1lido","vap":"65","pvap":"   2,70"},{"seq":"8","sqcand":"140000919938","n":"15015","nm":"JO\u00c3O DO DALVINO","cc":"MDB","nv":" ","e":"s","st":"Eleito","dvt":"V\u00e1lido","vap":"90","pvap":"   3,74"},{"seq":"35","sqcand":"140000919942","n":"15555","nm":"MAGNO LUIZ","cc":"MDB","nv":" ","e":"n","st":"Suplente","dvt":"V\u00e1lido","vap":"3","pvap":"   0,12"},{"seq":"55","sqcand":"140001093165","n":"20111","nm":"SANDRO MARANH\u00c3O","cc":"PSC","nv":" ","e":"n","st":"N\u00e3o eleito","dvt":"V\u00e1lido","vap":"0","pvap":"00.00"},{"seq":"3","sqcand":"140000919952","n":"22341","nm":"LICA DO NOEME","cc":"PL","nv":" ","e":"s","st":"Eleito","dvt":"V\u00e1lido","vap":"130","pvap":"   5,40"},{"seq":"21","sqcand":"140000690606","n":"40456","nm":"ISMAEL TEIXEIRA","cc":"PSB","nv":" ","e":"n","st":"Suplente","dvt":"V\u00e1lido","vap":"25","pvap":"   1,04"},{"seq":"50","sqcand":"140000920730","n":"55123","nm":"XAVIER","cc":"PSD","nv":" ","e":"n","st":"N\u00e3o eleito","dvt":"V\u00e1lido","vap":"10","pvap":"   0,42"},{"seq":"17","sqcand":"140000919937","n":"15111","nm":"JAMES DO CAMINH\u00c3O","cc":"MDB","nv":" ","e":"n","st":"Suplente","dvt":"V\u00e1lido","vap":"40","pvap":"   1,66"},{"seq":"53","sqcand":"140000920739","n":"55555","nm":"ELISVAN MATA GRANDE","cc":"PSD","nv":" ","e":"n","st":"N\u00e3o eleito","dvt":"V\u00e1lido","vap":"1","pvap":"   0,04"},{"seq":"49","sqcand":"140001093166","n":"20123","nm":"GRANDE DO DEP\u00d3SITO","cc":"PSC","nv":" ","e":"n","st":"N\u00e3o eleito","dvt":"V\u00e1lido","vap":"10","pvap":"   0,42"},{"seq":"29","sqcand":"140000690603","n":"40444","nm":"CLAUDIO","cc":"PSB","nv":" ","e":"n","st":"Suplente","dvt":"V\u00e1lido","vap":"15","pvap":"   0,62"},{"seq":"52","sqcand":"140000977861","n":"13222","nm":"TAYNARA DO DIONE","cc":"PT","nv":" ","e":"n","st":"N\u00e3o eleito","dvt":"V\u00e1lido","vap":"3","pvap":"   0,12"},{"seq":"36","sqcand":"140000920732","n":"55777","nm":"NEUZENI MATA GRANDE","cc":"PSD","nv":" ","e":"n","st":"N\u00e3o eleito","dvt":"V\u00e1lido","vap":"70","pvap":"   2,91"},{"seq":"11","sqcand":"140000690650","n":"45678","nm":"PROFESSOR GERALDO","cc":"PSDB","nv":" ","e":"n","st":"Suplente","dvt":"V\u00e1lido","vap":"86","pvap":"   3,57"},{"seq":"2","sqcand":"140000919943","n":"15100","nm":"JO\u00c3O FILIPE","cc":"MDB","nv":" ","e":"s","st":"Eleito","dvt":"V\u00e1lido","vap":"130","pvap":"   5,40"},{"seq":"28","sqcand":"140000690602","n":"40111","nm":"PRETINHA DO TIBERE","cc":"PSB","nv":" ","e":"n","st":"Suplente","dvt":"V\u00e1lido","vap":"15","pvap":"   0,62"},{"seq":"38","sqcand":"140001093168","n":"20333","nm":"PEDRO DO POSTO GRANADINHA","cc":"PSC","nv":" ","e":"n","st":"N\u00e3o eleito","dvt":"V\u00e1lido","vap":"52","pvap":"   2,16"},{"seq":"47","sqcand":"140000977859","n":"13333","nm":"CIDA GARCIA","cc":"PT","nv":" ","e":"n","st":"N\u00e3o eleito","dvt":"V\u00e1lido","vap":"11","pvap":"   0,46"},{"seq":"26","sqcand":"140000690598","n":"40555","nm":"SARA","cc":"PSB","nv":" ","e":"n","st":"Suplente","dvt":"V\u00e1lido","vap":"20","pvap":"   0,83"},{"seq":"56","sqcand":"140000920734","n":"55666","nm":"PIOTI","cc":"PSD","nv":" ","e":"n","st":"N\u00e3o eleito","dvt":"V\u00e1lido","vap":"0","pvap":"00.00"},{"seq":"30","sqcand":"140000919957","n":"22200","nm":"TICA","cc":"PL","nv":" ","e":"n","st":"Suplente","dvt":"V\u00e1lido","vap":"13","pvap":"   0,54"},{"seq":"10","sqcand":"140000919958","n":"22111","nm":"SIMONE DA PISTA BRANCA","cc":"PL","nv":" ","e":"n","st":"Suplente","dvt":"V\u00e1lido","vap":"88","pvap":"   3,66"},{"seq":"37","sqcand":"140000920736","n":"55222","nm":"WAGUIM DO CAMINH\u00c3O","cc":"PSD","nv":" ","e":"n","st":"N\u00e3o eleito","dvt":"V\u00e1lido","vap":"53","pvap":"   2,20"},{"seq":"9","sqcand":"140000919959","n":"22123","nm":"VANDERLEI FERNANDES","cc":"PL","nv":" ","e":"s","st":"Eleito","dvt":"V\u00e1lido","vap":"89","pvap":"   3,70"}]}
