{"ele":"426","tpabr":"mu","cdabr":"04626","carper":"13","t":"1","f":"o","dt":"15/11/2020","ht":"22:27:28","dv":"s","tf":"s","v":"13","esae":"n","mnae":"","s":"45","st":"45","pst":" 100,00","snt":"0","psnt":"   0,00","si":"45","psi":" 100,00","sni":"0","psni":"   0,00","sa":"45","psa":" 100,00","sna":"0","psna":"   0,00","e":"12793","ea":"12793","pea":" 100,00","ena":"0","pena":"   0,00","esi":"12793","pesi":" 100,00","esni":"0","pesni":"   0,00","c":"10374","pc":"  81,09","a":"2419","pa":"  18,91","vscv":"0","vnom":"9438","vl":"586","pvnom":"  94,15","pvl":"   5,85","vvc":"10026","pvvc":"  96,65","vb":"73","pvb":"   0,70","tvn":"275","ptvn":"   2,65","vn":"275","pvn":" 100,00","vnt":"0","pvnt":"   0,00","vp":"0","pvp":"   0,00","vv":"10024","pvv":"  99,98","van":"0","pvan":"   0,00","vansj":"2","pvansj":"   0,02","tv":"10374","cand":[{"seq":"46","sqcand":"140001060295","n":"15333","nm":"MARIZETE CORTES","cc":"MDB","nv":" ","e":"n","st":"Suplente","dvt":"V\u00e1lido","vap":"38","pvap":"   0,38"},{"seq":"41","sqcand":"140001060287","n":"15777","nm":"MARIA ELIENE DO CONSELHO","cc":"MDB","nv":" ","e":"n","st":"Suplente","dvt":"V\u00e1lido","vap":"54","pvap":"   0,54"},{"seq":"47","sqcand":"140001155285","n":"25789","nm":"TATYANY RIOS","cc":"DEM","nv":" ","e":"n","st":"Suplente","dvt":"V\u00e1lido","vap":"35","pvap":"   0,35"},{"seq":"10","sqcand":"140001156634","n":"45123","nm":"DENILSON AMORIM","cc":"PSDB","nv":" ","e":"s","st":"Eleito","dvt":"V\u00e1lido","vap":"259","pvap":"   2,58"},{"seq":"43","sqcand":"140001156639","n":"45200","nm":"MAQUILEURY FERRAZ","cc":"PSDB","nv":" ","e":"n","st":"Suplente","dvt":"V\u00e1lido","vap":"52","pvap":"   0,52"},{"seq":"66","sqcand":"140000838173","n":"14777","nm":"DEUDIRAN GRACIANO","cc":"PTB","nv":" ","e":"n","st":"N\u00e3o eleito","dvt":"V\u00e1lido","vap":"22","pvap":"   0,22"},{"seq":"44","sqcand":"140001060285","n":"15222","nm":"ANTONIO FABIO","cc":"MDB","nv":" ","e":"n","st":"Suplente","dvt":"V\u00e1lido","vap":"42","pvap":"   0,42"},{"seq":"65","sqcand":"140000838172","n":"14123","nm":"VALDINA DA CINQUENTA E NOVE","cc":"PTB","nv":" ","e":"n","st":"N\u00e3o eleito","dvt":"V\u00e1lido","vap":"38","pvap":"   0,38"},{"seq":"11","sqcand":"140001155278","n":"25000","nm":"HERLINHO RODRIGUES","cc":"DEM","nv":" ","e":"s","st":"Eleito","dvt":"V\u00e1lido","vap":"256","pvap":"   2,55"},{"seq":"60","sqcand":"140001155280","n":"25777","nm":"MARIA DO SOCORRO","cc":"DEM","nv":" ","e":"n","st":"Suplente","dvt":"V\u00e1lido","vap":"12","pvap":"   0,12"},{"seq":"67","sqcand":"140001060300","n":"15888","nm":"JOS\u00c9 RUBENS","cc":"MDB","nv":" ","e":"n","st":"N\u00e3o eleito","dvt":"Anulado sub judice","vap":"1","pvap":"   0,01"},{"seq":"34","sqcand":"140001156630","n":"45678","nm":"JUNIOR BISPO","cc":"PSDB","nv":" ","e":"n","st":"Suplente","dvt":"V\u00e1lido","vap":"79","pvap":"   0,79"},{"seq":"1","sqcand":"140001060286","n":"15123","nm":"MARCIONE ROCHA","cc":"MDB","nv":" ","e":"s","st":"Eleito","dvt":"V\u00e1lido","vap":"707","pvap":"   7,05"},{"seq":"2","sqcand":"140001068204","n":"20000","nm":"HENRIQUE HP","cc":"PSC","nv":" ","e":"s","st":"Eleito","dvt":"V\u00e1lido","vap":"430","pvap":"   4,29"},{"seq":"28","sqcand":"140001060293","n":"15015","nm":"PROFESSORA SIMONE","cc":"MDB","nv":" ","e":"n","st":"Suplente","dvt":"V\u00e1lido","vap":"129","pvap":"   1,29"},{"seq":"49","sqcand":"140001156637","n":"45151","nm":"SANDRA BEDEU","cc":"PSDB","nv":" ","e":"n","st":"Suplente","dvt":"V\u00e1lido","vap":"30","pvap":"   0,30"},{"seq":"39","sqcand":"140001155284","n":"25100","nm":"IRM\u00c3O VALDIR","cc":"DEM","nv":" ","e":"n","st":"Suplente","dvt":"V\u00e1lido","vap":"68","pvap":"   0,68"},{"seq":"58","sqcand":"140001068201","n":"20222","nm":"JO\u00c3O MORAES","cc":"PSC","nv":" ","e":"n","st":"Suplente","dvt":"V\u00e1lido","vap":"15","pvap":"   0,15"},{"seq":"27","sqcand":"140001060298","n":"15221","nm":"ENFERMEIRA DANIELA","cc":"MDB","nv":" ","e":"n","st":"Suplente","dvt":"V\u00e1lido","vap":"143","pvap":"   1,43"},{"seq":"53","sqcand":"140000963402","n":"13000","nm":"ROBSON BUFFLEBEM","cc":"PT","nv":" ","e":"n","st":"Suplente","dvt":"V\u00e1lido","vap":"22","pvap":"   0,22"},{"seq":"25","sqcand":"140001156629","n":"45222","nm":"EDINA RIBEIRO","cc":"PSDB","nv":" ","e":"n","st":"Suplente","dvt":"V\u00e1lido","vap":"153","pvap":"   1,53"},{"seq":"6","sqcand":"140001060294","n":"15456","nm":"PROFESSORA RAIMUNDINHA","cc":"MDB","nv":" ","e":"s","st":"Eleito","dvt":"V\u00e1lido","vap":"409","pvap":"   4,08"},{"seq":"36","sqcand":"140001060290","n":"15001","nm":"IRMA DILEUZA DO CONSELHO","cc":"MDB","nv":" ","e":"n","st":"Suplente","dvt":"V\u00e1lido","vap":"70","pvap":"   0,70"},{"seq":"16","sqcand":"140001060289","n":"15789","nm":"ILZANA LANDIM","cc":"MDB","nv":" ","e":"n","st":"Suplente","dvt":"V\u00e1lido","vap":"247","pvap":"   2,46"},{"seq":"26","sqcand":"140001155276","n":"25444","nm":"MILTON DEPAR\u00c1","cc":"DEM","nv":" ","e":"n","st":"Suplente","dvt":"V\u00e1lido","vap":"146","pvap":"   1,46"},{"seq":"61","sqcand":"140001068198","n":"20163","nm":"LOURA DA CACHOEIRINHA","cc":"PSC","nv":" ","e":"n","st":"Suplente","dvt":"V\u00e1lido","vap":"11","pvap":"   0,11"},{"seq":"24","sqcand":"140001156642","n":"45045","nm":"GAZIN","cc":"PSDB","nv":" ","e":"n","st":"Suplente","dvt":"V\u00e1lido","vap":"154","pvap":"   1,54"},{"seq":"69","sqcand":"140001156631","n":"45234","nm":"MOISES DO CAMINHAO","cc":"PSDB","nv":" ","e":"n","st":"N\u00e3o eleito","dvt":"Anulado sub judice","vap":"0","pvap":"00.00"},{"seq":"7","sqcand":"140001060296","n":"15200","nm":"CAPIXABA DA PC","cc":"MDB","nv":" ","e":"s","st":"Eleito","dvt":"V\u00e1lido","vap":"405","pvap":"   4,04"},{"seq":"8","sqcand":"140001060297","n":"15678","nm":"ZE CARUARU","cc":"MDB","nv":" ","e":"s","st":"Eleito","dvt":"V\u00e1lido","vap":"388","pvap":"   3,87"},{"seq":"15","sqcand":"140001156640","n":"45555","nm":"ZE DO RAIO X","cc":"PSDB","nv":" ","e":"n","st":"Suplente","dvt":"V\u00e1lido","vap":"259","pvap":"   2,58"},{"seq":"59","sqcand":"140001155279","n":"25999","nm":"WALKIRIA","cc":"DEM","nv":" ","e":"n","st":"Suplente","dvt":"V\u00e1lido","vap":"15","pvap":"   0,15"},{"seq":"38","sqcand":"140001155274","n":"25111","nm":"LOURIVAL","cc":"DEM","nv":" ","e":"n","st":"Suplente","dvt":"V\u00e1lido","vap":"68","pvap":"   0,68"},{"seq":"23","sqcand":"140001060292","n":"15240","nm":"GLEISSON SANTOS","cc":"MDB","nv":" ","e":"n","st":"Suplente","dvt":"V\u00e1lido","vap":"158","pvap":"   1,58"},{"seq":"56","sqcand":"140001068196","n":"20215","nm":"PASTOR SOUSA","cc":"PSC","nv":" ","e":"n","st":"Suplente","dvt":"V\u00e1lido","vap":"19","pvap":"   0,19"},{"seq":"29","sqcand":"140000963407","n":"13010","nm":"PROFESSOR MARCOS FAILG","cc":"PT","nv":" ","e":"n","st":"Suplente","dvt":"V\u00e1lido","vap":"108","pvap":"   1,08"},{"seq":"3","sqcand":"140001060291","n":"15111","nm":"MANINHA","cc":"MDB","nv":" ","e":"s","st":"Eleito","dvt":"V\u00e1lido","vap":"429","pvap":"   4,28"},{"seq":"52","sqcand":"140001156635","n":"45196","nm":"IZABEL SANTOS","cc":"PSDB","nv":" ","e":"n","st":"Suplente","dvt":"V\u00e1lido","vap":"24","pvap":"   0,24"},{"seq":"63","sqcand":"140001068200","n":"20227","nm":"ROSEANE RODRIGUES","cc":"PSC","nv":" ","e":"n","st":"Suplente","dvt":"V\u00e1lido","vap":"7","pvap":"   0,07"},{"seq":"30","sqcand":"140001155283","n":"25321","nm":"RILSON OLIVEIRA","cc":"DEM","nv":" ","e":"n","st":"Suplente","dvt":"V\u00e1lido","vap":"98","pvap":"   0,98"},{"seq":"35","sqcand":"140001155273","n":"25222","nm":"SELTON LEMOS","cc":"DEM","nv":" ","e":"n","st":"Suplente","dvt":"V\u00e1lido","vap":"71","pvap":"   0,71"},{"seq":"48","sqcand":"140000963401","n":"13265","nm":"NETO LIMA","cc":"PT","nv":" ","e":"n","st":"Suplente","dvt":"V\u00e1lido","vap":"32","pvap":"   0,32"},{"seq":"12","sqcand":"140001155277","n":"25555","nm":"MAZINHO","cc":"DEM","nv":" ","e":"s","st":"Eleito","dvt":"V\u00e1lido","vap":"242","pvap":"   2,41"},{"seq":"21","sqcand":"140000963405","n":"13144","nm":"RAIANE CARVALHO","cc":"PT","nv":" ","e":"n","st":"Suplente","dvt":"V\u00e1lido","vap":"181","pvap":"   1,81"},{"seq":"45","sqcand":"140000963408","n":"13123","nm":"ALCIONI SCHERER","cc":"PT","nv":" ","e":"n","st":"Suplente","dvt":"V\u00e1lido","vap":"39","pvap":"   0,39"},{"seq":"17","sqcand":"140001156643","n":"45163","nm":"JOAO BATISTA","cc":"PSDB","nv":" ","e":"n","st":"Suplente","dvt":"V\u00e1lido","vap":"231","pvap":"   2,30"},{"seq":"18","sqcand":"140001156641","n":"45111","nm":"GLORIA LACERDA","cc":"PSDB","nv":" ","e":"n","st":"Suplente","dvt":"V\u00e1lido","vap":"229","pvap":"   2,28"},{"seq":"55","sqcand":"140001156628","n":"45380","nm":"MISSIONARIA FRANCISCA","cc":"PSDB","nv":" ","e":"n","st":"Suplente","dvt":"V\u00e1lido","vap":"20","pvap":"   0,20"},{"seq":"22","sqcand":"140000963403","n":"13221","nm":"KARINA ","cc":"PT","nv":" ","e":"n","st":"Suplente","dvt":"V\u00e1lido","vap":"167","pvap":"   1,67"},{"seq":"14","sqcand":"140001060299","n":"15000","nm":"ORLANDO MESSIAS","cc":"MDB","nv":" ","e":"n","st":"Suplente","dvt":"V\u00e1lido","vap":"278","pvap":"   2,77"},{"seq":"19","sqcand":"140001155281","n":"25123","nm":"GRINGO","cc":"DEM","nv":" ","e":"n","st":"Suplente","dvt":"V\u00e1lido","vap":"204","pvap":"   2,03"},{"seq":"20","sqcand":"140001068203","n":"20240","nm":"NELSON FETISCH","cc":"PSC","nv":" ","e":"n","st":"Suplente","dvt":"V\u00e1lido","vap":"183","pvap":"   1,83"},{"seq":"62","sqcand":"140001155275","n":"25888","nm":"F\u00c1TIMA","cc":"DEM","nv":" ","e":"n","st":"Suplente","dvt":"V\u00e1lido","vap":"9","pvap":"   0,09"},{"seq":"40","sqcand":"140001068202","n":"20111","nm":"PROF CLAILSON","cc":"PSC","nv":" ","e":"n","st":"Suplente","dvt":"V\u00e1lido","vap":"57","pvap":"   0,57"},{"seq":"54","sqcand":"140001068194","n":"20060","nm":"VANIA DA SESSENTA","cc":"PSC","nv":" ","e":"n","st":"Suplente","dvt":"V\u00e1lido","vap":"20","pvap":"   0,20"},{"seq":"57","sqcand":"140000963406","n":"13240","nm":"MENDES ACS","cc":"PT","nv":" ","e":"n","st":"Suplente","dvt":"V\u00e1lido","vap":"19","pvap":"   0,19"},{"seq":"64","sqcand":"140001068197","n":"20059","nm":"ROSINEIA ROZEK","cc":"PSC","nv":" ","e":"n","st":"Suplente","dvt":"V\u00e1lido","vap":"4","pvap":"   0,04"},{"seq":"37","sqcand":"140001068199","n":"20220","nm":"ARA\u00daJO DA CER\u00c2MICA","cc":"PSC","nv":" ","e":"n","st":"Suplente","dvt":"V\u00e1lido","vap":"68","pvap":"   0,68"},{"seq":"4","sqcand":"140001156633","n":"45145","nm":"RAIMUNDINHO","cc":"PSDB","nv":" ","e":"s","st":"Eleito","dvt":"V\u00e1lido","vap":"427","pvap":"   4,26"},{"seq":"9","sqcand":"140001156632","n":"45265","nm":"PETECA","cc":"PSDB","nv":" ","e":"s","st":"Eleito","dvt":"V\u00e1lido","vap":"356","pvap":"   3,55"},{"seq":"68","sqcand":"140001156638","n":"45000","nm":"SANDENEY MONTEIRO","cc":"PSDB","nv":" ","e":"n","st":"N\u00e3o eleito","dvt":"Anulado sub judice","vap":"1","pvap":"   0,01"},{"seq":"5","sqcand":"140001060284","n":"15151","nm":"EVALDO MACHADO","cc":"MDB","nv":" ","e":"s","st":"Eleito","dvt":"V\u00e1lido","vap":"420","pvap":"   4,19"},{"seq":"50","sqcand":"140001068193","n":"20789","nm":"JO\u00c3O LOPES","cc":"PSC","nv":" ","e":"n","st":"Suplente","dvt":"V\u00e1lido","vap":"29","pvap":"   0,29"},{"seq":"13","sqcand":"140000963400","n":"13456","nm":"PROFESSORA EDNA SILVA","cc":"PT","nv":" ","e":"s","st":"Eleito","dvt":"V\u00e1lido","vap":"198","pvap":"   1,97"},{"seq":"51","sqcand":"140001156636","n":"45221","nm":"NATALIA GRACIANO","cc":"PSDB","nv":" ","e":"n","st":"Suplente","dvt":"V\u00e1lido","vap":"26","pvap":"   0,26"},{"seq":"42","sqcand":"140001265920","n":"25300","nm":"ALVANEI MARTINI","cc":"DEM","nv":" ","e":"n","st":"Suplente","dvt":"V\u00e1lido","vap":"53","pvap":"   0,53"},{"seq":"31","sqcand":"140001060288","n":"15157","nm":"CHICO JOSE","cc":"MDB","nv":" ","e":"n","st":"Suplente","dvt":"V\u00e1lido","vap":"96","pvap":"   0,96"},{"seq":"32","sqcand":"140000963404","n":"13500","nm":"CHARLIANE","cc":"PT","nv":" ","e":"n","st":"Suplente","dvt":"V\u00e1lido","vap":"96","pvap":"   0,96"},{"seq":"33","sqcand":"140001068195","n":"20123","nm":"ARMI COSTA","cc":"PSC","nv":" ","e":"n","st":"Suplente","dvt":"V\u00e1lido","vap":"84","pvap":"   0,84"}]}
