{"ele":"426","tpabr":"mu","cdabr":"04642","carper":"13","t":"1","f":"o","dt":"15/11/2020","ht":"23:57:14","dv":"s","tf":"s","v":"15","esae":"n","mnae":"","s":"219","st":"219","pst":" 100,00","snt":"0","psnt":"   0,00","si":"219","psi":" 100,00","sni":"0","psni":"   0,00","sa":"219","psa":" 100,00","sna":"0","psna":"   0,00","e":"77810","ea":"77810","pea":" 100,00","ena":"0","pena":"   0,00","esi":"77810","pesi":" 100,00","esni":"0","pesni":"   0,00","c":"65435","pc":"  84,10","a":"12375","pa":"  15,90","vscv":"0","vnom":"60296","vl":"2818","pvnom":"  95,54","pvl":"   4,46","vvc":"63361","pvvc":"  96,83","vb":"965","pvb":"   1,48","tvn":"1109","ptvn":"   1,69","vn":"1107","pvn":"  99,82","vnt":"2","pvnt":"   0,18","vp":"0","pvp":"   0,00","vv":"63114","pvv":"  99,61","van":"0","pvan":"   0,00","vansj":"247","pvansj":"   0,39","tv":"65435","cand":[{"seq":"18","sqcand":"140001235488","n":"55055","nm":"LENE NASCIMENTO","cc":"PSD","nv":" ","e":"n","st":"Suplente","dvt":"V\u00e1lido","vap":"944","pvap":"   1,49"},{"seq":"308","sqcand":"140001081149","n":"70030","nm":"WELLINGTON ROSTAND","cc":"AVANTE","nv":" ","e":"n","st":"N\u00e3o eleito","dvt":"V\u00e1lido","vap":"23","pvap":"   0,04"},{"seq":"408","sqcand":"140001261921","n":"27777","nm":"SANDRA REGINA","cc":"DC","nv":" ","e":"n","st":"N\u00e3o eleito","dvt":"V\u00e1lido","vap":"0","pvap":"00.00"},{"seq":"200","sqcand":"140001246830","n":"28026","nm":"JORGE GORE","cc":"PRTB","nv":" ","e":"n","st":"N\u00e3o eleito","dvt":"V\u00e1lido","vap":"142","pvap":"   0,22"},{"seq":"357","sqcand":"140000994236","n":"17555","nm":"THAY POV\u00c3O","cc":"PSL","nv":" ","e":"n","st":"N\u00e3o eleito","dvt":"V\u00e1lido","vap":"10","pvap":"   0,02"},{"seq":"325","sqcand":"140000993843","n":"12500","nm":"PAULO BOMBEIRO","cc":"PDT","nv":" ","e":"n","st":"N\u00e3o eleito","dvt":"V\u00e1lido","vap":"18","pvap":"   0,03"},{"seq":"195","sqcand":"140001246834","n":"28999","nm":"ISMAEL SOARES","cc":"PRTB","nv":" ","e":"n","st":"N\u00e3o eleito","dvt":"V\u00e1lido","vap":"158","pvap":"   0,25"},{"seq":"4","sqcand":"140000702526","n":"10123","nm":"S\u00d3RICLIS SILVA","cc":"REPUBLICANOS","nv":" ","e":"s","st":"Eleito","dvt":"V\u00e1lido","vap":"1175","pvap":"   1,85"},{"seq":"126","sqcand":"140001207224","n":"25111","nm":"JO\u00c3O QUEIROZ ROCHA ","cc":"DEM","nv":" ","e":"n","st":"Suplente","dvt":"V\u00e1lido","vap":"31","pvap":"   0,05"},{"seq":"321","sqcand":"140000702696","n":"36006","nm":"VERA LUCIA","cc":"PTC","nv":" ","e":"n","st":"N\u00e3o eleito","dvt":"V\u00e1lido","vap":"19","pvap":"   0,03"},{"seq":"210","sqcand":"140001202961","n":"20222","nm":"PRESBITERO ANDREY","cc":"PSC","nv":" ","e":"n","st":"N\u00e3o eleito","dvt":"V\u00e1lido","vap":"118","pvap":"   0,19"},{"seq":"52","sqcand":"140000993786","n":"14111","nm":"COD\u00d5 ROCHA","cc":"PTB","nv":" ","e":"n","st":"Suplente","dvt":"V\u00e1lido","vap":"307","pvap":"   0,48"},{"seq":"182","sqcand":"140001202960","n":"20200","nm":"NORMA VIEIRA","cc":"PSC","nv":" ","e":"n","st":"N\u00e3o eleito","dvt":"V\u00e1lido","vap":"252","pvap":"   0,40"},{"seq":"203","sqcand":"140000702201","n":"11000","nm":"IZAIAS FOT\u00d3GRAFO","cc":"PP","nv":" ","e":"n","st":"N\u00e3o eleito","dvt":"V\u00e1lido","vap":"130","pvap":"   0,21"},{"seq":"55","sqcand":"140001073992","n":"15675","nm":"JORGE ALBUQUERQUE","cc":"MDB","nv":" ","e":"n","st":"Suplente","dvt":"V\u00e1lido","vap":"276","pvap":"   0,44"},{"seq":"309","sqcand":"140000994227","n":"17333","nm":"PROFESSORA ANA","cc":"PSL","nv":" ","e":"n","st":"N\u00e3o eleito","dvt":"V\u00e1lido","vap":"23","pvap":"   0,04"},{"seq":"348","sqcand":"140000951381","n":"50123","nm":"VLADIMIR BATISTA","cc":"PSOL","nv":" ","e":"n","st":"N\u00e3o eleito","dvt":"V\u00e1lido","vap":"12","pvap":"   0,02"},{"seq":"181","sqcand":"140000993844","n":"12345","nm":"DAVID C\u00c2MARA","cc":"PDT","nv":" ","e":"n","st":"N\u00e3o eleito","dvt":"V\u00e1lido","vap":"265","pvap":"   0,42"},{"seq":"5","sqcand":"140000821604","n":"55000","nm":"ALLAN BESTEIRO","cc":"PSD","nv":" ","e":"s","st":"Eleito","dvt":"V\u00e1lido","vap":"1079","pvap":"   1,70"},{"seq":"98","sqcand":"140001073980","n":"15300","nm":"CARINA LEAL","cc":"MDB","nv":" ","e":"n","st":"Suplente","dvt":"V\u00e1lido","vap":"69","pvap":"   0,11"},{"seq":"111","sqcand":"140000702540","n":"10678","nm":"LEIA TEIXEIRA","cc":"REPUBLICANOS","nv":" ","e":"n","st":"Suplente","dvt":"V\u00e1lido","vap":"51","pvap":"   0,08"},{"seq":"54","sqcand":"140000993792","n":"14625","nm":"THIAGO PEDAL\u00c3O","cc":"PTB","nv":" ","e":"n","st":"Suplente","dvt":"V\u00e1lido","vap":"283","pvap":"   0,45"},{"seq":"78","sqcand":"140000821600","n":"55220","nm":"PROFESSORA PERLA","cc":"PSD","nv":" ","e":"n","st":"Suplente","dvt":"V\u00e1lido","vap":"156","pvap":"   0,25"},{"seq":"129","sqcand":"140000702546","n":"10789","nm":"PIAU\u00cd DO LAVA JATO","cc":"REPUBLICANOS","nv":" ","e":"n","st":"Suplente","dvt":"V\u00e1lido","vap":"29","pvap":"   0,05"},{"seq":"76","sqcand":"140000702808","n":"40000","nm":"ROSA LEAL","cc":"PSB","nv":" ","e":"n","st":"Suplente","dvt":"V\u00e1lido","vap":"159","pvap":"   0,25"},{"seq":"240","sqcand":"140001081156","n":"70422","nm":"TICO DO ALMIR GABRIEL","cc":"AVANTE","nv":" ","e":"n","st":"N\u00e3o eleito","dvt":"V\u00e1lido","vap":"68","pvap":"   0,11"},{"seq":"218","sqcand":"140001246824","n":"28102","nm":"MARA SANTOS","cc":"PRTB","nv":" ","e":"n","st":"N\u00e3o eleito","dvt":"V\u00e1lido","vap":"100","pvap":"   0,16"},{"seq":"87","sqcand":"140000993795","n":"14131","nm":"LUZIA DA SA\u00daDE","cc":"PTB","nv":" ","e":"n","st":"Suplente","dvt":"V\u00e1lido","vap":"111","pvap":"   0,18"},{"seq":"194","sqcand":"140001246831","n":"28555","nm":"LEVY PANTOJA","cc":"PRTB","nv":" ","e":"n","st":"N\u00e3o eleito","dvt":"V\u00e1lido","vap":"159","pvap":"   0,25"},{"seq":"269","sqcand":"140000702203","n":"11456","nm":"PROFESSOR VANDERLEI","cc":"PP","nv":" ","e":"n","st":"N\u00e3o eleito","dvt":"V\u00e1lido","vap":"47","pvap":"   0,07"},{"seq":"170","sqcand":"140000950136","n":"43753","nm":"DONA ODETE","cc":"PV","nv":" ","e":"n","st":"Suplente","dvt":"V\u00e1lido","vap":"0","pvap":"00.00"},{"seq":"347","sqcand":"140000951380","n":"50050","nm":"EVANDRO GAIA","cc":"PSOL","nv":" ","e":"n","st":"N\u00e3o eleito","dvt":"V\u00e1lido","vap":"13","pvap":"   0,02"},{"seq":"8","sqcand":"140000950139","n":"43678","nm":"ALEXANDRA MOURA","cc":"PV","nv":" ","e":"s","st":"Eleito","dvt":"V\u00e1lido","vap":"1012","pvap":"   1,60"},{"seq":"233","sqcand":"140000993833","n":"12080","nm":"MARCELO SAUDADE","cc":"PDT","nv":" ","e":"n","st":"N\u00e3o eleito","dvt":"V\u00e1lido","vap":"73","pvap":"   0,12"},{"seq":"94","sqcand":"140000702547","n":"10888","nm":"RIBAMAR","cc":"REPUBLICANOS","nv":" ","e":"n","st":"Suplente","dvt":"V\u00e1lido","vap":"76","pvap":"   0,12"},{"seq":"207","sqcand":"140000993832","n":"12200","nm":"EDMILSON OLIVEIRA","cc":"PDT","nv":" ","e":"n","st":"N\u00e3o eleito","dvt":"V\u00e1lido","vap":"121","pvap":"   0,19"},{"seq":"323","sqcand":"140001081141","n":"70456","nm":"ALANA AMARAL","cc":"AVANTE","nv":" ","e":"n","st":"N\u00e3o eleito","dvt":"V\u00e1lido","vap":"18","pvap":"   0,03"},{"seq":"367","sqcand":"140000702695","n":"36544","nm":"LUCIANA","cc":"PTC","nv":" ","e":"n","st":"N\u00e3o eleito","dvt":"V\u00e1lido","vap":"7","pvap":"   0,01"},{"seq":"34","sqcand":"140000702530","n":"10101","nm":"CHICA","cc":"REPUBLICANOS","nv":" ","e":"n","st":"Suplente","dvt":"V\u00e1lido","vap":"502","pvap":"   0,79"},{"seq":"260","sqcand":"140001202958","n":"20020","nm":"DJ YAN SHOW","cc":"PSC","nv":" ","e":"n","st":"N\u00e3o eleito","dvt":"V\u00e1lido","vap":"51","pvap":"   0,08"},{"seq":"392","sqcand":"140000702689","n":"36004","nm":"JOHW","cc":"PTC","nv":" ","e":"n","st":"N\u00e3o eleito","dvt":"V\u00e1lido","vap":"1","pvap":"   0,00"},{"seq":"58","sqcand":"140001073999","n":"15200","nm":"LAILSON FREIRES","cc":"MDB","nv":" ","e":"n","st":"Suplente","dvt":"V\u00e1lido","vap":"265","pvap":"   0,42"},{"seq":"127","sqcand":"140001073997","n":"15100","nm":"K\u00c9ZIA BARROS","cc":"MDB","nv":" ","e":"n","st":"Suplente","dvt":"V\u00e1lido","vap":"31","pvap":"   0,05"},{"seq":"396","sqcand":"140000702699","n":"36222","nm":"IRM\u00c3 MARIA DE FATIMA","cc":"PTC","nv":" ","e":"n","st":"N\u00e3o eleito","dvt":"V\u00e1lido","vap":"1","pvap":"   0,00"},{"seq":"311","sqcand":"140000702707","n":"36011","nm":"MEDEIROS","cc":"PTC","nv":" ","e":"n","st":"N\u00e3o eleito","dvt":"V\u00e1lido","vap":"22","pvap":"   0,03"},{"seq":"38","sqcand":"140000702542","n":"10100","nm":"MICA","cc":"REPUBLICANOS","nv":" ","e":"n","st":"Suplente","dvt":"V\u00e1lido","vap":"469","pvap":"   0,74"},{"seq":"327","sqcand":"140000993845","n":"12333","nm":"EDSON CASTANHEIRA","cc":"PDT","nv":" ","e":"n","st":"N\u00e3o eleito","dvt":"V\u00e1lido","vap":"18","pvap":"   0,03"},{"seq":"171","sqcand":"140000950134","n":"43043","nm":"ISAAC SAM","cc":"PV","nv":" ","e":"n","st":"Suplente","dvt":"V\u00e1lido","vap":"0","pvap":"00.00"},{"seq":"224","sqcand":"140000994223","n":"17777","nm":"NIL MATRIX","cc":"PSL","nv":" ","e":"n","st":"N\u00e3o eleito","dvt":"V\u00e1lido","vap":"84","pvap":"   0,13"},{"seq":"272","sqcand":"140000702484","n":"23333","nm":"ANTONIO SAMPAIO","cc":"CIDADANIA","nv":" ","e":"n","st":"N\u00e3o eleito","dvt":"V\u00e1lido","vap":"45","pvap":"   0,07"},{"seq":"406","sqcand":"140000702694","n":"36009","nm":"BRUNO","cc":"PTC","nv":" ","e":"n","st":"N\u00e3o eleito","dvt":"V\u00e1lido","vap":"0","pvap":"00.00"},{"seq":"330","sqcand":"140001246628","n":"65455","nm":"PRETO","cc":"PC do B","nv":" ","e":"n","st":"N\u00e3o eleito","dvt":"V\u00e1lido","vap":"17","pvap":"   0,03"},{"seq":"174","sqcand":"140001207105","n":"22222","nm":"CLECIO RODRIGUES","cc":"PL","nv":" ","e":"n","st":"N\u00e3o eleito","dvt":"V\u00e1lido","vap":"495","pvap":"   0,78"},{"seq":"103","sqcand":"140000702539","n":"10111","nm":"PAULO PAMPLONA","cc":"REPUBLICANOS","nv":" ","e":"n","st":"Suplente","dvt":"V\u00e1lido","vap":"64","pvap":"   0,10"},{"seq":"128","sqcand":"140000702805","n":"40101","nm":"EDSON SANTOS","cc":"PSB","nv":" ","e":"n","st":"Suplente","dvt":"V\u00e1lido","vap":"30","pvap":"   0,05"},{"seq":"25","sqcand":"140000993776","n":"14200","nm":"SOCORRO LIMA","cc":"PTB","nv":" ","e":"n","st":"Suplente","dvt":"V\u00e1lido","vap":"679","pvap":"   1,07"},{"seq":"91","sqcand":"140001073979","n":"15450","nm":"JUNIOR VIANA","cc":"MDB","nv":" ","e":"n","st":"Suplente","dvt":"V\u00e1lido","vap":"93","pvap":"   0,15"},{"seq":"343","sqcand":"140000702700","n":"36018","nm":"SASS\u00c1 DO IOGURTE","cc":"PTC","nv":" ","e":"n","st":"N\u00e3o eleito","dvt":"V\u00e1lido","vap":"14","pvap":"   0,02"},{"seq":"88","sqcand":"140000950147","n":"43555","nm":"ANA CUNHA","cc":"PV","nv":" ","e":"n","st":"Suplente","dvt":"V\u00e1lido","vap":"109","pvap":"   0,17"},{"seq":"50","sqcand":"140000702538","n":"10222","nm":"YURI BASTOS","cc":"REPUBLICANOS","nv":" ","e":"n","st":"Suplente","dvt":"V\u00e1lido","vap":"354","pvap":"   0,56"},{"seq":"186","sqcand":"140001207107","n":"22333","nm":"DAVID LOPES","cc":"PL","nv":" ","e":"n","st":"N\u00e3o eleito","dvt":"V\u00e1lido","vap":"223","pvap":"   0,35"},{"seq":"284","sqcand":"140001081152","n":"70010","nm":"PASTOR RAFAEL ","cc":"AVANTE","nv":" ","e":"n","st":"N\u00e3o eleito","dvt":"Anulado sub judice","vap":"38","pvap":"   0,06"},{"seq":"140","sqcand":"140000702541","n":"10252","nm":"ELIANE RIBEIRO","cc":"REPUBLICANOS","nv":" ","e":"n","st":"Suplente","dvt":"V\u00e1lido","vap":"24","pvap":"   0,04"},{"seq":"242","sqcand":"140000702211","n":"11333","nm":"PINGO MARITUBA","cc":"PP","nv":" ","e":"n","st":"N\u00e3o eleito","dvt":"V\u00e1lido","vap":"68","pvap":"   0,11"},{"seq":"228","sqcand":"140001207124","n":"22234","nm":"XAVANTE","cc":"PL","nv":" ","e":"n","st":"N\u00e3o eleito","dvt":"V\u00e1lido","vap":"77","pvap":"   0,12"},{"seq":"180","sqcand":"140001246828","n":"28123","nm":"LUIZ PIRES","cc":"PRTB","nv":" ","e":"n","st":"N\u00e3o eleito","dvt":"V\u00e1lido","vap":"280","pvap":"   0,44"},{"seq":"49","sqcand":"140000993783","n":"14192","nm":"RINALDO JARDIM","cc":"PTB","nv":" ","e":"n","st":"Suplente","dvt":"V\u00e1lido","vap":"358","pvap":"   0,57"},{"seq":"319","sqcand":"140000702487","n":"23230","nm":"ROBSON MATOS","cc":"CIDADANIA","nv":" ","e":"n","st":"N\u00e3o eleito","dvt":"Anulado sub judice","vap":"19","pvap":"   0,03"},{"seq":"31","sqcand":"140000702804","n":"40123","nm":"IGOR CASTRO","cc":"PSB","nv":" ","e":"n","st":"Suplente","dvt":"V\u00e1lido","vap":"549","pvap":"   0,87"},{"seq":"286","sqcand":"140000951377","n":"50500","nm":"LUANA FREITAS","cc":"PSOL","nv":" ","e":"n","st":"N\u00e3o eleito","dvt":"V\u00e1lido","vap":"35","pvap":"   0,06"},{"seq":"145","sqcand":"140001207226","n":"25888","nm":"CRISTINA SANTOS","cc":"DEM","nv":" ","e":"n","st":"Suplente","dvt":"V\u00e1lido","vap":"20","pvap":"   0,03"},{"seq":"403","sqcand":"140000702215","n":"11088","nm":"TATIANE COSTA","cc":"PP","nv":" ","e":"n","st":"N\u00e3o eleito","dvt":"V\u00e1lido","vap":"0","pvap":"00.00"},{"seq":"105","sqcand":"140000702544","n":"10333","nm":"C\u00c9LIA BOM PASTOR","cc":"REPUBLICANOS","nv":" ","e":"n","st":"Suplente","dvt":"V\u00e1lido","vap":"60","pvap":"   0,09"},{"seq":"15","sqcand":"140000702532","n":"10777","nm":"ANDERSON ROCHA","cc":"REPUBLICANOS","nv":" ","e":"s","st":"Eleito","dvt":"V\u00e1lido","vap":"571","pvap":"   0,90"},{"seq":"57","sqcand":"140001207228","n":"25000","nm":"REBEKA LAUREN FERNANDES CABRAL","cc":"DEM","nv":" ","e":"n","st":"Suplente","dvt":"V\u00e1lido","vap":"270","pvap":"   0,43"},{"seq":"376","sqcand":"140000993824","n":"13611","nm":"CHARLES GOMES","cc":"PT","nv":" ","e":"n","st":"N\u00e3o eleito","dvt":"V\u00e1lido","vap":"4","pvap":"   0,01"},{"seq":"262","sqcand":"140000702940","n":"51456","nm":"EVANDRO","cc":"PATRIOTA","nv":" ","e":"n","st":"N\u00e3o eleito","dvt":"V\u00e1lido","vap":"50","pvap":"   0,08"},{"seq":"399","sqcand":"140001246827","n":"28031","nm":"LAISSE SIMPLICIO","cc":"PRTB","nv":" ","e":"n","st":"N\u00e3o eleito","dvt":"V\u00e1lido","vap":"1","pvap":"   0,00"},{"seq":"373","sqcand":"140000993820","n":"13200","nm":"JENNIFER CRISTINE","cc":"PT","nv":" ","e":"n","st":"N\u00e3o eleito","dvt":"Anulado sub judice","vap":"5","pvap":"   0,01"},{"seq":"410","sqcand":"140000702225","n":"18338","nm":"BRUNO MOTO T\u00c1XI","cc":"REDE","nv":" ","e":"n","st":"N\u00e3o eleito","dvt":"V\u00e1lido","vap":"0","pvap":"00.00"},{"seq":"112","sqcand":"140000702813","n":"40888","nm":"EURICO","cc":"PSB","nv":" ","e":"n","st":"Suplente","dvt":"V\u00e1lido","vap":"50","pvap":"   0,08"},{"seq":"72","sqcand":"140001073990","n":"15007","nm":"AM\u00c9RICO SOARES","cc":"MDB","nv":" ","e":"n","st":"Suplente","dvt":"V\u00e1lido","vap":"161","pvap":"   0,25"},{"seq":"245","sqcand":"140000702485","n":"23122","nm":"ALEXANDRA BARROSO","cc":"CIDADANIA","nv":" ","e":"n","st":"N\u00e3o eleito","dvt":"V\u00e1lido","vap":"65","pvap":"   0,10"},{"seq":"294","sqcand":"140001246836","n":"28010","nm":"DORINHA","cc":"PRTB","nv":" ","e":"n","st":"N\u00e3o eleito","dvt":"Anulado sub judice","vap":"28","pvap":"   0,04"},{"seq":"158","sqcand":"140001207232","n":"25625","nm":"JOSE ROBERTO OLIVEIRA DA COSTA","cc":"DEM","nv":" ","e":"n","st":"Suplente","dvt":"V\u00e1lido","vap":"13","pvap":"   0,02"},{"seq":"372","sqcand":"140000702988","n":"90900","nm":"DAYSE FARIAS","cc":"PROS","nv":" ","e":"n","st":"N\u00e3o eleito","dvt":"V\u00e1lido","vap":"5","pvap":"   0,01"},{"seq":"131","sqcand":"140001207223","n":"25300","nm":"NENA DO REM\u00c9DIO","cc":"DEM","nv":" ","e":"n","st":"Suplente","dvt":"V\u00e1lido","vap":"28","pvap":"   0,04"},{"seq":"277","sqcand":"140000702490","n":"23000","nm":"EDIVAN SILVA PROMOTER","cc":"CIDADANIA","nv":" ","e":"n","st":"N\u00e3o eleito","dvt":"V\u00e1lido","vap":"42","pvap":"   0,07"},{"seq":"231","sqcand":"140000951378","n":"50150","nm":"ADELINO BESSA","cc":"PSOL","nv":" ","e":"n","st":"N\u00e3o eleito","dvt":"V\u00e1lido","vap":"73","pvap":"   0,12"},{"seq":"221","sqcand":"140000993839","n":"12010","nm":"HAROLDO URGENTE","cc":"PDT","nv":" ","e":"n","st":"N\u00e3o eleito","dvt":"V\u00e1lido","vap":"98","pvap":"   0,15"},{"seq":"377","sqcand":"140000951379","n":"50129","nm":"NEGUINHA QUEBRA GELO","cc":"PSOL","nv":" ","e":"n","st":"N\u00e3o eleito","dvt":"V\u00e1lido","vap":"4","pvap":"   0,01"},{"seq":"173","sqcand":"140001207109","n":"22456","nm":"HUELEM FERREIRA","cc":"PL","nv":" ","e":"n","st":"N\u00e3o eleito","dvt":"V\u00e1lido","vap":"583","pvap":"   0,92"},{"seq":"230","sqcand":"140001202952","n":"20055","nm":"GATTI JUNIOR","cc":"PSC","nv":" ","e":"n","st":"N\u00e3o eleito","dvt":"V\u00e1lido","vap":"74","pvap":"   0,12"},{"seq":"223","sqcand":"140000702196","n":"11111","nm":"RAIMUNDO AMORIM","cc":"PP","nv":" ","e":"n","st":"N\u00e3o eleito","dvt":"V\u00e1lido","vap":"84","pvap":"   0,13"},{"seq":"156","sqcand":"140001269983","n":"40110","nm":"SUYSIS SILVA","cc":"PSB","nv":" ","e":"n","st":"Suplente","dvt":"V\u00e1lido","vap":"15","pvap":"   0,02"},{"seq":"108","sqcand":"140000702803","n":"40137","nm":"VITORIA PAIX\u00c3O","cc":"PSB","nv":" ","e":"n","st":"Suplente","dvt":"V\u00e1lido","vap":"54","pvap":"   0,09"},{"seq":"215","sqcand":"140001207113","n":"22000","nm":"PROFESSORA HALLINY","cc":"PL","nv":" ","e":"n","st":"N\u00e3o eleito","dvt":"V\u00e1lido","vap":"105","pvap":"   0,17"},{"seq":"125","sqcand":"140000950149","n":"43231","nm":"ATAILSON BARBOSA","cc":"PV","nv":" ","e":"n","st":"Suplente","dvt":"V\u00e1lido","vap":"32","pvap":"   0,05"},{"seq":"101","sqcand":"140000821591","n":"55033","nm":"POLIANA","cc":"PSD","nv":" ","e":"n","st":"Suplente","dvt":"V\u00e1lido","vap":"66","pvap":"   0,10"},{"seq":"189","sqcand":"140001246841","n":"28000","nm":"GLAUBER SOARES","cc":"PRTB","nv":" ","e":"n","st":"N\u00e3o eleito","dvt":"V\u00e1lido","vap":"194","pvap":"   0,31"},{"seq":"414","sqcand":"140000702997","n":"90579","nm":"NEG\u00c3O DO ALBATROZ","cc":"PROS","nv":" ","e":"n","st":"N\u00e3o eleito","dvt":"V\u00e1lido","vap":"0","pvap":"00.00"},{"seq":"39","sqcand":"140001207235","n":"25555","nm":"PEDRINHO","cc":"DEM","nv":" ","e":"n","st":"Suplente","dvt":"V\u00e1lido","vap":"461","pvap":"   0,73"},{"seq":"391","sqcand":"140000951382","n":"50321","nm":"SARA","cc":"PSOL","nv":" ","e":"n","st":"N\u00e3o eleito","dvt":"V\u00e1lido","vap":"1","pvap":"   0,00"},{"seq":"185","sqcand":"140000993837","n":"12123","nm":"JOHANES SENA","cc":"PDT","nv":" ","e":"n","st":"N\u00e3o eleito","dvt":"V\u00e1lido","vap":"229","pvap":"   0,36"},{"seq":"255","sqcand":"140000702691","n":"36325","nm":"ALESSANDRA TELES","cc":"PTC","nv":" ","e":"n","st":"N\u00e3o eleito","dvt":"V\u00e1lido","vap":"55","pvap":"   0,09"},{"seq":"193","sqcand":"140001202962","n":"20255","nm":"ZILMA SOUSA","cc":"PSC","nv":" ","e":"n","st":"N\u00e3o eleito","dvt":"V\u00e1lido","vap":"170","pvap":"   0,27"},{"seq":"118","sqcand":"140000993779","n":"14456","nm":"DULCE","cc":"PTB","nv":" ","e":"n","st":"Suplente","dvt":"V\u00e1lido","vap":"43","pvap":"   0,07"},{"seq":"177","sqcand":"140001246825","n":"28333","nm":"MIRANDA","cc":"PRTB","nv":" ","e":"n","st":"N\u00e3o eleito","dvt":"V\u00e1lido","vap":"322","pvap":"   0,51"},{"seq":"264","sqcand":"140000993838","n":"12888","nm":"NALDO ASSUN\u00c7\u00c3O","cc":"PDT","nv":" ","e":"n","st":"N\u00e3o eleito","dvt":"V\u00e1lido","vap":"50","pvap":"   0,08"},{"seq":"317","sqcand":"140001246829","n":"28111","nm":"CARLOS GAR\u00c7ON","cc":"PRTB","nv":" ","e":"n","st":"N\u00e3o eleito","dvt":"V\u00e1lido","vap":"20","pvap":"   0,03"},{"seq":"244","sqcand":"140000702705","n":"36333","nm":"ARI DA VAN","cc":"PTC","nv":" ","e":"n","st":"N\u00e3o eleito","dvt":"V\u00e1lido","vap":"67","pvap":"   0,11"},{"seq":"73","sqcand":"140000702809","n":"40010","nm":"AMIGA SILV\u00c3O","cc":"PSB","nv":" ","e":"n","st":"Suplente","dvt":"V\u00e1lido","vap":"161","pvap":"   0,25"},{"seq":"310","sqcand":"140000994224","n":"17400","nm":"PENELOPE","cc":"PSL","nv":" ","e":"n","st":"N\u00e3o eleito","dvt":"V\u00e1lido","vap":"23","pvap":"   0,04"},{"seq":"164","sqcand":"140001073977","n":"15600","nm":"SULA DO S\u00c3O FRANCISCO","cc":"MDB","nv":" ","e":"n","st":"Suplente","dvt":"V\u00e1lido","vap":"6","pvap":"   0,01"},{"seq":"220","sqcand":"140001081155","n":"70111","nm":"PROF.&#186; EDUARDO LUCENA","cc":"AVANTE","nv":" ","e":"n","st":"N\u00e3o eleito","dvt":"V\u00e1lido","vap":"99","pvap":"   0,16"},{"seq":"296","sqcand":"140001081161","n":"70151","nm":"DANIELLE GOMES","cc":"AVANTE","nv":" ","e":"n","st":"N\u00e3o eleito","dvt":"V\u00e1lido","vap":"28","pvap":"   0,04"},{"seq":"276","sqcand":"140001246621","n":"65444","nm":"GERSON FERREIRA","cc":"PC do B","nv":" ","e":"n","st":"N\u00e3o eleito","dvt":"V\u00e1lido","vap":"43","pvap":"   0,07"},{"seq":"405","sqcand":"140001081145","n":"70007","nm":"PAMELA NEGR\u00c3O","cc":"AVANTE","nv":" ","e":"n","st":"N\u00e3o eleito","dvt":"Anulado sub judice","vap":"0","pvap":"00.00"},{"seq":"154","sqcand":"140000702800","n":"40321","nm":"FILIPE MENDES","cc":"PSB","nv":" ","e":"n","st":"Suplente","dvt":"V\u00e1lido","vap":"15","pvap":"   0,02"},{"seq":"365","sqcand":"140000702210","n":"11723","nm":"HERLEN NUNES","cc":"PP","nv":" ","e":"n","st":"N\u00e3o eleito","dvt":"V\u00e1lido","vap":"7","pvap":"   0,01"},{"seq":"65","sqcand":"140001073991","n":"15777","nm":"ELIANA DA ACADEMIA","cc":"MDB","nv":" ","e":"n","st":"Suplente","dvt":"V\u00e1lido","vap":"193","pvap":"   0,30"},{"seq":"273","sqcand":"140000702492","n":"23456","nm":"MILENE SEIXAS","cc":"CIDADANIA","nv":" ","e":"n","st":"N\u00e3o eleito","dvt":"V\u00e1lido","vap":"45","pvap":"   0,07"},{"seq":"143","sqcand":"140001207227","n":"25333","nm":"SHIRLEY CANAFISTULA","cc":"DEM","nv":" ","e":"n","st":"Suplente","dvt":"V\u00e1lido","vap":"21","pvap":"   0,03"},{"seq":"415","sqcand":"140000702222","n":"18357","nm":"JACKSON SILVA","cc":"REDE","nv":" ","e":"n","st":"N\u00e3o eleito","dvt":"V\u00e1lido","vap":"0","pvap":"00.00"},{"seq":"96","sqcand":"140001207230","n":"25007","nm":"DIEMESON AVIZ DE SOUSA","cc":"DEM","nv":" ","e":"n","st":"Suplente","dvt":"V\u00e1lido","vap":"74","pvap":"   0,12"},{"seq":"267","sqcand":"140001246624","n":"65432","nm":"LUCIANO ALVES","cc":"PC do B","nv":" ","e":"n","st":"N\u00e3o eleito","dvt":"V\u00e1lido","vap":"48","pvap":"   0,08"},{"seq":"335","sqcand":"140000702693","n":"36123","nm":"JONES MOTA","cc":"PTC","nv":" ","e":"n","st":"N\u00e3o eleito","dvt":"V\u00e1lido","vap":"16","pvap":"   0,03"},{"seq":"79","sqcand":"140000821608","n":"55666","nm":"FLAVIO BORGES","cc":"PSD","nv":" ","e":"n","st":"Suplente","dvt":"V\u00e1lido","vap":"156","pvap":"   0,25"},{"seq":"225","sqcand":"140001202951","n":"20555","nm":"RENATO FAGUNDES","cc":"PSC","nv":" ","e":"n","st":"N\u00e3o eleito","dvt":"V\u00e1lido","vap":"82","pvap":"   0,13"},{"seq":"165","sqcand":"140000755213","n":"77125","nm":"GORETH","cc":"SOLIDARIEDADE","nv":" ","e":"n","st":"Suplente","dvt":"V\u00e1lido","vap":"5","pvap":"   0,01"},{"seq":"82","sqcand":"140000755209","n":"77007","nm":"FORMIGA","cc":"SOLIDARIEDADE","nv":" ","e":"n","st":"Suplente","dvt":"V\u00e1lido","vap":"128","pvap":"   0,20"},{"seq":"33","sqcand":"140000993781","n":"14710","nm":"EDSON MARTINS ","cc":"PTB","nv":" ","e":"n","st":"Suplente","dvt":"V\u00e1lido","vap":"523","pvap":"   0,83"},{"seq":"136","sqcand":"140001073988","n":"15555","nm":"PROF&#186;  ALVARO MAIA","cc":"MDB","nv":" ","e":"n","st":"Suplente","dvt":"V\u00e1lido","vap":"25","pvap":"   0,04"},{"seq":"303","sqcand":"140001247994","n":"27007","nm":"PASTOR JAIME","cc":"DC","nv":" ","e":"n","st":"N\u00e3o eleito","dvt":"V\u00e1lido","vap":"23","pvap":"   0,04"},{"seq":"9","sqcand":"140001207234","n":"25100","nm":"DEVALDO VALENTE","cc":"DEM","nv":" ","e":"s","st":"Eleito","dvt":"V\u00e1lido","vap":"975","pvap":"   1,54"},{"seq":"11","sqcand":"140000993778","n":"14678","nm":"FELIPE BRITO","cc":"PTB","nv":" ","e":"s","st":"Eleito","dvt":"V\u00e1lido","vap":"845","pvap":"   1,33"},{"seq":"388","sqcand":"140001246625","n":"65065","nm":"DONA VAL","cc":"PC do B","nv":" ","e":"n","st":"N\u00e3o eleito","dvt":"V\u00e1lido","vap":"1","pvap":"   0,00"},{"seq":"289","sqcand":"140000994229","n":"17190","nm":"MARQUINHO PM","cc":"PSL","nv":" ","e":"n","st":"N\u00e3o eleito","dvt":"V\u00e1lido","vap":"32","pvap":"   0,05"},{"seq":"141","sqcand":"140000702536","n":"10321","nm":"LEILA FIGUEIREDO","cc":"REPUBLICANOS","nv":" ","e":"n","st":"Suplente","dvt":"V\u00e1lido","vap":"23","pvap":"   0,04"},{"seq":"331","sqcand":"140000994226","n":"17051","nm":"WILLYS CACHA\u00c7A","cc":"PSL","nv":" ","e":"n","st":"N\u00e3o eleito","dvt":"V\u00e1lido","vap":"17","pvap":"   0,03"},{"seq":"253","sqcand":"140000702935","n":"51555","nm":"BURR\u00c3O","cc":"PATRIOTA","nv":" ","e":"n","st":"N\u00e3o eleito","dvt":"V\u00e1lido","vap":"58","pvap":"   0,09"},{"seq":"349","sqcand":"140000993835","n":"12300","nm":"JADSON DO BANCO","cc":"PDT","nv":" ","e":"n","st":"N\u00e3o eleito","dvt":"V\u00e1lido","vap":"12","pvap":"   0,02"},{"seq":"369","sqcand":"140000702998","n":"90200","nm":"DR HUGO","cc":"PROS","nv":" ","e":"n","st":"N\u00e3o eleito","dvt":"V\u00e1lido","vap":"6","pvap":"   0,01"},{"seq":"364","sqcand":"140000993853","n":"12456","nm":"GIL CAMPO VERDE","cc":"PDT","nv":" ","e":"n","st":"N\u00e3o eleito","dvt":"V\u00e1lido","vap":"8","pvap":"   0,01"},{"seq":"232","sqcand":"140000702993","n":"90123","nm":"MARCO ANTONIO","cc":"PROS","nv":" ","e":"n","st":"N\u00e3o eleito","dvt":"V\u00e1lido","vap":"73","pvap":"   0,12"},{"seq":"378","sqcand":"140001081142","n":"70100","nm":"PROFESSORA ERIKA","cc":"AVANTE","nv":" ","e":"n","st":"N\u00e3o eleito","dvt":"V\u00e1lido","vap":"4","pvap":"   0,01"},{"seq":"89","sqcand":"140000993784","n":"14007","nm":"NAUDINHO DA FEIRA","cc":"PTB","nv":" ","e":"n","st":"Suplente","dvt":"V\u00e1lido","vap":"99","pvap":"   0,16"},{"seq":"234","sqcand":"140000702199","n":"11234","nm":"GILSON CARLOS","cc":"PP","nv":" ","e":"n","st":"N\u00e3o eleito","dvt":"V\u00e1lido","vap":"71","pvap":"   0,11"},{"seq":"90","sqcand":"140000755207","n":"77700","nm":"TIAGO MARTINS","cc":"SOLIDARIEDADE","nv":" ","e":"n","st":"Suplente","dvt":"V\u00e1lido","vap":"94","pvap":"   0,15"},{"seq":"86","sqcand":"140001073993","n":"15000","nm":"BARRACA","cc":"MDB","nv":" ","e":"n","st":"Suplente","dvt":"V\u00e1lido","vap":"111","pvap":"   0,18"},{"seq":"243","sqcand":"140000702207","n":"11222","nm":"MARCELY CUNHA","cc":"PP","nv":" ","e":"n","st":"N\u00e3o eleito","dvt":"V\u00e1lido","vap":"68","pvap":"   0,11"},{"seq":"409","sqcand":"140000702224","n":"18133","nm":"CLAUDIO JUNIOR","cc":"REDE","nv":" ","e":"n","st":"N\u00e3o eleito","dvt":"V\u00e1lido","vap":"0","pvap":"00.00"},{"seq":"340","sqcand":"140000951383","n":"50251","nm":"PROFESSOR JO\u00c3O CARLOS","cc":"PSOL","nv":" ","e":"n","st":"N\u00e3o eleito","dvt":"V\u00e1lido","vap":"15","pvap":"   0,02"},{"seq":"77","sqcand":"140001207242","n":"25444","nm":"JOSE NIVALDO DO NASCIMENTO","cc":"DEM","nv":" ","e":"n","st":"Suplente","dvt":"V\u00e1lido","vap":"157","pvap":"   0,25"},{"seq":"379","sqcand":"140000993851","n":"12100","nm":"SIMONE FAVACHO","cc":"PDT","nv":" ","e":"n","st":"N\u00e3o eleito","dvt":"V\u00e1lido","vap":"4","pvap":"   0,01"},{"seq":"292","sqcand":"140001208782","n":"19500","nm":"MARIA MONTEIRO","cc":"PODE","nv":" ","e":"n","st":"N\u00e3o eleito","dvt":"V\u00e1lido","vap":"29","pvap":"   0,05"},{"seq":"304","sqcand":"140000993852","n":"12111","nm":"PROF\u00aa GEANNE","cc":"PDT","nv":" ","e":"n","st":"N\u00e3o eleito","dvt":"V\u00e1lido","vap":"23","pvap":"   0,04"},{"seq":"2","sqcand":"140000821602","n":"55111","nm":"BONI","cc":"PSD","nv":" ","e":"s","st":"Eleito","dvt":"V\u00e1lido","vap":"1217","pvap":"   1,92"},{"seq":"314","sqcand":"140000994230","n":"17789","nm":"PATRICK TORRES","cc":"PSL","nv":" ","e":"n","st":"N\u00e3o eleito","dvt":"V\u00e1lido","vap":"21","pvap":"   0,03"},{"seq":"75","sqcand":"140001207221","n":"25800","nm":"PAULO DE TARCIO FERREIRA","cc":"DEM","nv":" ","e":"n","st":"Suplente","dvt":"V\u00e1lido","vap":"160","pvap":"   0,25"},{"seq":"149","sqcand":"140000702534","n":"10200","nm":"PROFESSORA CLEIDE","cc":"REPUBLICANOS","nv":" ","e":"n","st":"Suplente","dvt":"V\u00e1lido","vap":"16","pvap":"   0,03"},{"seq":"278","sqcand":"140000702994","n":"90777","nm":"MARCO GAVINHO","cc":"PROS","nv":" ","e":"n","st":"N\u00e3o eleito","dvt":"V\u00e1lido","vap":"41","pvap":"   0,06"},{"seq":"261","sqcand":"140000993842","n":"12012","nm":"MEURY LEMOS","cc":"PDT","nv":" ","e":"n","st":"N\u00e3o eleito","dvt":"V\u00e1lido","vap":"51","pvap":"   0,08"},{"seq":"45","sqcand":"140000702801","n":"40444","nm":"JEFERSON ALENCAR","cc":"PSB","nv":" ","e":"n","st":"Suplente","dvt":"V\u00e1lido","vap":"406","pvap":"   0,64"},{"seq":"81","sqcand":"140001207241","n":"25777","nm":"ROSIVAN MORAIS DE SOUZA","cc":"DEM","nv":" ","e":"n","st":"Suplente","dvt":"V\u00e1lido","vap":"132","pvap":"   0,21"},{"seq":"135","sqcand":"140000950140","n":"43144","nm":"IRM\u00c3 BEN\u00c9","cc":"PV","nv":" ","e":"n","st":"Suplente","dvt":"V\u00e1lido","vap":"26","pvap":"   0,04"},{"seq":"282","sqcand":"140001246823","n":"28100","nm":"CARLINHO PROMO\u00c7\u00d5ES","cc":"PRTB","nv":" ","e":"n","st":"N\u00e3o eleito","dvt":"Anulado sub judice","vap":"39","pvap":"   0,06"},{"seq":"241","sqcand":"140000702990","n":"90333","nm":"ABRA\u00c3O BRAGA","cc":"PROS","nv":" ","e":"n","st":"N\u00e3o eleito","dvt":"V\u00e1lido","vap":"68","pvap":"   0,11"},{"seq":"250","sqcand":"140001207114","n":"22345","nm":"JO\u00c3O VALCIMOR D\u00c3O","cc":"PL","nv":" ","e":"n","st":"N\u00e3o eleito","dvt":"V\u00e1lido","vap":"60","pvap":"   0,09"},{"seq":"339","sqcand":"140001246842","n":"28456","nm":"ELIETE LISBOA","cc":"PRTB","nv":" ","e":"n","st":"N\u00e3o eleito","dvt":"V\u00e1lido","vap":"15","pvap":"   0,02"},{"seq":"279","sqcand":"140001246619","n":"65555","nm":"BOLSONALDO","cc":"PC do B","nv":" ","e":"n","st":"N\u00e3o eleito","dvt":"V\u00e1lido","vap":"40","pvap":"   0,06"},{"seq":"315","sqcand":"140001207122","n":"22011","nm":"NAYARA PADILHA","cc":"PL","nv":" ","e":"n","st":"N\u00e3o eleito","dvt":"V\u00e1lido","vap":"21","pvap":"   0,03"},{"seq":"43","sqcand":"140000702798","n":"40111","nm":"DIRETOR TAFAREL","cc":"PSB","nv":" ","e":"n","st":"Suplente","dvt":"V\u00e1lido","vap":"415","pvap":"   0,65"},{"seq":"258","sqcand":"140000994220","n":"17015","nm":"MARCELO LISBOA","cc":"PSL","nv":" ","e":"n","st":"N\u00e3o eleito","dvt":"V\u00e1lido","vap":"53","pvap":"   0,08"},{"seq":"64","sqcand":"140000821595","n":"55500","nm":"PROFESSORA CONCEI\u00c7\u00c3O LOUREN\u00c7O","cc":"PSD","nv":" ","e":"n","st":"Suplente","dvt":"V\u00e1lido","vap":"194","pvap":"   0,31"},{"seq":"291","sqcand":"140000702202","n":"11444","nm":"DEDE MOTO T\u00c1XI","cc":"PP","nv":" ","e":"n","st":"N\u00e3o eleito","dvt":"V\u00e1lido","vap":"31","pvap":"   0,05"},{"seq":"51","sqcand":"140000702537","n":"10110","nm":"PAULO SOEIRO","cc":"REPUBLICANOS","nv":" ","e":"n","st":"Suplente","dvt":"V\u00e1lido","vap":"320","pvap":"   0,51"},{"seq":"37","sqcand":"140000993789","n":"14222","nm":"OTACILIO ANDRADE","cc":"PTB","nv":" ","e":"n","st":"Suplente","dvt":"V\u00e1lido","vap":"470","pvap":"   0,74"},{"seq":"62","sqcand":"140000702806","n":"40234","nm":"PASTORA MICHELLY","cc":"PSB","nv":" ","e":"n","st":"Suplente","dvt":"V\u00e1lido","vap":"221","pvap":"   0,35"},{"seq":"53","sqcand":"140001207231","n":"25567","nm":"PASTOR JO\u00c3O","cc":"DEM","nv":" ","e":"n","st":"Suplente","dvt":"V\u00e1lido","vap":"302","pvap":"   0,48"},{"seq":"84","sqcand":"140000993788","n":"14014","nm":"CLAUDINHA DO RIACHO","cc":"PTB","nv":" ","e":"n","st":"Suplente","dvt":"V\u00e1lido","vap":"119","pvap":"   0,19"},{"seq":"63","sqcand":"140000821598","n":"55100","nm":"VILMA SEM PRECONCEITO","cc":"PSD","nv":" ","e":"n","st":"Suplente","dvt":"V\u00e1lido","vap":"216","pvap":"   0,34"},{"seq":"229","sqcand":"140000993850","n":"12000","nm":"G\u00d3 G\u00c1S","cc":"PDT","nv":" ","e":"n","st":"N\u00e3o eleito","dvt":"V\u00e1lido","vap":"77","pvap":"   0,12"},{"seq":"68","sqcand":"140001207236","n":"25456","nm":"JOSE AILSON BOZO","cc":"DEM","nv":" ","e":"n","st":"Suplente","dvt":"V\u00e1lido","vap":"186","pvap":"   0,29"},{"seq":"19","sqcand":"140000950135","n":"43123","nm":"DANIEL MENEZES","cc":"PV","nv":" ","e":"n","st":"Suplente","dvt":"V\u00e1lido","vap":"902","pvap":"   1,42"},{"seq":"222","sqcand":"140000703001","n":"90115","nm":"JAX MATOS","cc":"PROS","nv":" ","e":"n","st":"N\u00e3o eleito","dvt":"V\u00e1lido","vap":"91","pvap":"   0,14"},{"seq":"402","sqcand":"140001081140","n":"70999","nm":"IRM\u00c3 ESTHER","cc":"AVANTE","nv":" ","e":"n","st":"N\u00e3o eleito","dvt":"Anulado sub judice","vap":"0","pvap":"00.00"},{"seq":"59","sqcand":"140000702797","n":"40333","nm":"NILSON SERR\u00c3O","cc":"PSB","nv":" ","e":"n","st":"Suplente","dvt":"V\u00e1lido","vap":"255","pvap":"   0,40"},{"seq":"390","sqcand":"140000702932","n":"51567","nm":"MARIA DULCE","cc":"PATRIOTA","nv":" ","e":"n","st":"N\u00e3o eleito","dvt":"V\u00e1lido","vap":"1","pvap":"   0,00"},{"seq":"400","sqcand":"140000702219","n":"18333","nm":"DIANA LIMA","cc":"REDE","nv":" ","e":"n","st":"N\u00e3o eleito","dvt":"V\u00e1lido","vap":"1","pvap":"   0,00"},{"seq":"393","sqcand":"140000702226","n":"18576","nm":"PATR\u00cdCIA RAMOS","cc":"REDE","nv":" ","e":"n","st":"N\u00e3o eleito","dvt":"V\u00e1lido","vap":"1","pvap":"   0,00"},{"seq":"14","sqcand":"140000702795","n":"40777","nm":"JUNIOR AMARAL","cc":"PSB","nv":" ","e":"s","st":"Eleito","dvt":"V\u00e1lido","vap":"616","pvap":"   0,97"},{"seq":"66","sqcand":"140001073996","n":"15111","nm":"MINA DO ASFALTO","cc":"MDB","nv":" ","e":"n","st":"Suplente","dvt":"V\u00e1lido","vap":"190","pvap":"   0,30"},{"seq":"6","sqcand":"140000950148","n":"43111","nm":"MANELZINHO ROCHA","cc":"PV","nv":" ","e":"s","st":"Eleito","dvt":"V\u00e1lido","vap":"1063","pvap":"   1,68"},{"seq":"226","sqcand":"140000994239","n":"17123","nm":"NETO DORIA","cc":"PSL","nv":" ","e":"n","st":"N\u00e3o eleito","dvt":"V\u00e1lido","vap":"81","pvap":"   0,13"},{"seq":"7","sqcand":"140000993787","n":"14555","nm":"PASTOR RODVALDO","cc":"PTB","nv":" ","e":"s","st":"Eleito","dvt":"V\u00e1lido","vap":"1059","pvap":"   1,67"},{"seq":"306","sqcand":"140000702206","n":"11321","nm":"GEOVANE FERREIRA","cc":"PP","nv":" ","e":"n","st":"N\u00e3o eleito","dvt":"V\u00e1lido","vap":"23","pvap":"   0,04"},{"seq":"280","sqcand":"140000702690","n":"36208","nm":"EVANGELISTA","cc":"PTC","nv":" ","e":"n","st":"N\u00e3o eleito","dvt":"V\u00e1lido","vap":"40","pvap":"   0,06"},{"seq":"104","sqcand":"140000702793","n":"40004","nm":"ELIZAURA MAFA","cc":"PSB","nv":" ","e":"n","st":"Suplente","dvt":"V\u00e1lido","vap":"64","pvap":"   0,10"},{"seq":"197","sqcand":"140000994241","n":"17300","nm":"ROSA DO SINDICATO","cc":"PSL","nv":" ","e":"n","st":"N\u00e3o eleito","dvt":"V\u00e1lido","vap":"149","pvap":"   0,24"},{"seq":"351","sqcand":"140001081158","n":"70123","nm":"GUSTAVO ITAY","cc":"AVANTE","nv":" ","e":"n","st":"N\u00e3o eleito","dvt":"Anulado sub judice","vap":"12","pvap":"   0,02"},{"seq":"70","sqcand":"140001207238","n":"25222","nm":"CA\u00c7ULA","cc":"DEM","nv":" ","e":"n","st":"Suplente","dvt":"V\u00e1lido","vap":"164","pvap":"   0,26"},{"seq":"352","sqcand":"140000702937","n":"51110","nm":"NATALIA SOARES","cc":"PATRIOTA","nv":" ","e":"n","st":"N\u00e3o eleito","dvt":"V\u00e1lido","vap":"12","pvap":"   0,02"},{"seq":"300","sqcand":"140001202957","n":"20000","nm":"PROF MONTALV\u00c3O","cc":"PSC","nv":" ","e":"n","st":"N\u00e3o eleito","dvt":"V\u00e1lido","vap":"24","pvap":"   0,04"},{"seq":"46","sqcand":"140001073989","n":"15456","nm":"PROF\u00aa SILVIA","cc":"MDB","nv":" ","e":"n","st":"Suplente","dvt":"V\u00e1lido","vap":"400","pvap":"   0,63"},{"seq":"147","sqcand":"140000950145","n":"43234","nm":"ANA FURTADO","cc":"PV","nv":" ","e":"n","st":"Suplente","dvt":"V\u00e1lido","vap":"19","pvap":"   0,03"},{"seq":"192","sqcand":"140000702999","n":"90223","nm":"PROF ANTENOR JUNIOR","cc":"PROS","nv":" ","e":"n","st":"N\u00e3o eleito","dvt":"V\u00e1lido","vap":"172","pvap":"   0,27"},{"seq":"219","sqcand":"140000994233","n":"17010","nm":"NEY BOLEIRO","cc":"PSL","nv":" ","e":"n","st":"N\u00e3o eleito","dvt":"V\u00e1lido","vap":"99","pvap":"   0,16"},{"seq":"109","sqcand":"140000821597","n":"55555","nm":"MARCELO OLIVEIRA","cc":"PSD","nv":" ","e":"n","st":"Suplente","dvt":"V\u00e1lido","vap":"52","pvap":"   0,08"},{"seq":"16","sqcand":"140000821606","n":"55234","nm":"NENECO PROMO\u00c7\u00d5ES","cc":"PSD","nv":" ","e":"n","st":"Suplente","dvt":"V\u00e1lido","vap":"992","pvap":"   1,57"},{"seq":"137","sqcand":"140000821596","n":"55551","nm":"JEAN ALBERT","cc":"PSD","nv":" ","e":"n","st":"Suplente","dvt":"V\u00e1lido","vap":"25","pvap":"   0,04"},{"seq":"359","sqcand":"140001267148","n":"51771","nm":"PAULA SOARES","cc":"PATRIOTA","nv":" ","e":"n","st":"N\u00e3o eleito","dvt":"V\u00e1lido","vap":"9","pvap":"   0,01"},{"seq":"383","sqcand":"140000702489","n":"23111","nm":"THIAGO RIBEIRO","cc":"CIDADANIA","nv":" ","e":"n","st":"N\u00e3o eleito","dvt":"V\u00e1lido","vap":"3","pvap":"   0,00"},{"seq":"122","sqcand":"140000755216","n":"77222","nm":"PROFESSORA LUCIANA","cc":"SOLIDARIEDADE","nv":" ","e":"n","st":"Suplente","dvt":"V\u00e1lido","vap":"38","pvap":"   0,06"},{"seq":"404","sqcand":"140001246844","n":"28666","nm":"JESUINO CAM\u00d5ES","cc":"PRTB","nv":" ","e":"n","st":"N\u00e3o eleito","dvt":"V\u00e1lido","vap":"0","pvap":"00.00"},{"seq":"132","sqcand":"140001207240","n":"25400","nm":"JHENNYFER SUELLEN","cc":"DEM","nv":" ","e":"n","st":"Suplente","dvt":"V\u00e1lido","vap":"28","pvap":"   0,04"},{"seq":"100","sqcand":"140000755206","n":"77235","nm":"ELIEL DO BAIRRO NOVO","cc":"SOLIDARIEDADE","nv":" ","e":"n","st":"Suplente","dvt":"V\u00e1lido","vap":"67","pvap":"   0,11"},{"seq":"69","sqcand":"140000702792","n":"40456","nm":"F\u00c1BIO FREITAS","cc":"PSB","nv":" ","e":"n","st":"Suplente","dvt":"V\u00e1lido","vap":"185","pvap":"   0,29"},{"seq":"29","sqcand":"140000950146","n":"43444","nm":"MARCUS VINICIUS","cc":"PV","nv":" ","e":"n","st":"Suplente","dvt":"V\u00e1lido","vap":"611","pvap":"   0,96"},{"seq":"117","sqcand":"140000702543","n":"10555","nm":"MARTA TEIXEIRA","cc":"REPUBLICANOS","nv":" ","e":"n","st":"Suplente","dvt":"V\u00e1lido","vap":"44","pvap":"   0,07"},{"seq":"176","sqcand":"140000994238","n":"17017","nm":"RAUL FELIPE","cc":"PSL","nv":" ","e":"n","st":"N\u00e3o eleito","dvt":"V\u00e1lido","vap":"355","pvap":"   0,56"},{"seq":"142","sqcand":"140001073984","n":"15999","nm":"RUTH DO BAR","cc":"MDB","nv":" ","e":"n","st":"Suplente","dvt":"V\u00e1lido","vap":"22","pvap":"   0,03"},{"seq":"107","sqcand":"140000702811","n":"40678","nm":"GUMA ALMIR GABRIEL","cc":"PSB","nv":" ","e":"n","st":"Suplente","dvt":"V\u00e1lido","vap":"57","pvap":"   0,09"},{"seq":"26","sqcand":"140000821603","n":"55123","nm":"SALIN","cc":"PSD","nv":" ","e":"n","st":"Suplente","dvt":"V\u00e1lido","vap":"661","pvap":"   1,04"},{"seq":"249","sqcand":"140000993836","n":"12400","nm":"JO\u00c3O BRITO","cc":"PDT","nv":" ","e":"n","st":"N\u00e3o eleito","dvt":"V\u00e1lido","vap":"62","pvap":"   0,10"},{"seq":"332","sqcand":"140000702701","n":"36244","nm":"PASTORA JANNY","cc":"PTC","nv":" ","e":"n","st":"N\u00e3o eleito","dvt":"V\u00e1lido","vap":"17","pvap":"   0,03"},{"seq":"268","sqcand":"140001247911","n":"27000","nm":"STHEFANO DA SAUDE","cc":"DC","nv":" ","e":"n","st":"N\u00e3o eleito","dvt":"V\u00e1lido","vap":"47","pvap":"   0,07"},{"seq":"208","sqcand":"140000702697","n":"36000","nm":"PASTOR JOEL","cc":"PTC","nv":" ","e":"n","st":"N\u00e3o eleito","dvt":"V\u00e1lido","vap":"118","pvap":"   0,19"},{"seq":"159","sqcand":"140000950138","n":"43458","nm":"JACK YOKOYAMA","cc":"PV","nv":" ","e":"n","st":"Suplente","dvt":"V\u00e1lido","vap":"12","pvap":"   0,02"},{"seq":"329","sqcand":"140000702995","n":"90999","nm":"MICHELE ARA\u00daJO","cc":"PROS","nv":" ","e":"n","st":"N\u00e3o eleito","dvt":"V\u00e1lido","vap":"18","pvap":"   0,03"},{"seq":"23","sqcand":"140000993794","n":"14321","nm":"NEGUINHO","cc":"PTB","nv":" ","e":"n","st":"Suplente","dvt":"V\u00e1lido","vap":"747","pvap":"   1,18"},{"seq":"320","sqcand":"140001246838","n":"28888","nm":"IRM\u00c3 GIL","cc":"PRTB","nv":" ","e":"n","st":"N\u00e3o eleito","dvt":"V\u00e1lido","vap":"19","pvap":"   0,03"},{"seq":"397","sqcand":"140000702221","n":"18347","nm":"TATI SILVA","cc":"REDE","nv":" ","e":"n","st":"N\u00e3o eleito","dvt":"V\u00e1lido","vap":"1","pvap":"   0,00"},{"seq":"20","sqcand":"140000993791","n":"14888","nm":"FERRE DA PANELINHA","cc":"PTB","nv":" ","e":"n","st":"Suplente","dvt":"V\u00e1lido","vap":"803","pvap":"   1,27"},{"seq":"202","sqcand":"140001207111","n":"22022","nm":"MAUR\u00cdCIO FORTE","cc":"PL","nv":" ","e":"n","st":"N\u00e3o eleito","dvt":"V\u00e1lido","vap":"131","pvap":"   0,21"},{"seq":"162","sqcand":"140000821594","n":"55777","nm":"ALINE OLIVEIRA","cc":"PSD","nv":" ","e":"n","st":"Suplente","dvt":"V\u00e1lido","vap":"6","pvap":"   0,01"},{"seq":"342","sqcand":"140001081151","n":"70070","nm":"ROSANA DA FEIRA","cc":"AVANTE","nv":" ","e":"n","st":"N\u00e3o eleito","dvt":"Anulado sub judice","vap":"14","pvap":"   0,02"},{"seq":"307","sqcand":"140000702491","n":"23222","nm":"CHARLES SANTOS","cc":"CIDADANIA","nv":" ","e":"n","st":"N\u00e3o eleito","dvt":"V\u00e1lido","vap":"23","pvap":"   0,04"},{"seq":"157","sqcand":"140000702535","n":"10007","nm":"ORLANDO ROCHA","cc":"REPUBLICANOS","nv":" ","e":"n","st":"Suplente","dvt":"V\u00e1lido","vap":"13","pvap":"   0,02"},{"seq":"199","sqcand":"140001207104","n":"22291","nm":"EDUARDO MAFRA","cc":"PL","nv":" ","e":"n","st":"N\u00e3o eleito","dvt":"V\u00e1lido","vap":"146","pvap":"   0,23"},{"seq":"161","sqcand":"140000755214","n":"77678","nm":"INDIO DA SAUDE","cc":"SOLIDARIEDADE","nv":" ","e":"n","st":"Suplente","dvt":"V\u00e1lido","vap":"8","pvap":"   0,01"},{"seq":"355","sqcand":"140001081148","n":"70600","nm":"PASTOR MARCELO ","cc":"AVANTE","nv":" ","e":"n","st":"N\u00e3o eleito","dvt":"V\u00e1lido","vap":"10","pvap":"   0,02"},{"seq":"184","sqcand":"140000993841","n":"12007","nm":"EVELISE ALENCAR","cc":"PDT","nv":" ","e":"n","st":"N\u00e3o eleito","dvt":"V\u00e1lido","vap":"230","pvap":"   0,36"},{"seq":"368","sqcand":"140000993821","n":"13113","nm":"CARLOS LENIESER","cc":"PT","nv":" ","e":"n","st":"N\u00e3o eleito","dvt":"V\u00e1lido","vap":"7","pvap":"   0,01"},{"seq":"110","sqcand":"140000950143","n":"43013","nm":"PROFESSORA ROSANGELA LUCIANO ","cc":"PV","nv":" ","e":"n","st":"Suplente","dvt":"V\u00e1lido","vap":"51","pvap":"   0,08"},{"seq":"324","sqcand":"140000702987","n":"90555","nm":"DRA CARMEN","cc":"PROS","nv":" ","e":"n","st":"N\u00e3o eleito","dvt":"V\u00e1lido","vap":"18","pvap":"   0,03"},{"seq":"301","sqcand":"140001246626","n":"65333","nm":"SERGIO BEZERRA","cc":"PC do B","nv":" ","e":"n","st":"N\u00e3o eleito","dvt":"V\u00e1lido","vap":"24","pvap":"   0,04"},{"seq":"214","sqcand":"140001202954","n":"20321","nm":"VANESSA BEGOT","cc":"PSC","nv":" ","e":"n","st":"N\u00e3o eleito","dvt":"V\u00e1lido","vap":"106","pvap":"   0,17"},{"seq":"209","sqcand":"140000994222","n":"17121","nm":"CABO SILVA LIMA","cc":"PSL","nv":" ","e":"n","st":"N\u00e3o eleito","dvt":"V\u00e1lido","vap":"118","pvap":"   0,19"},{"seq":"41","sqcand":"140000821601","n":"55444","nm":"PIABA","cc":"PSD","nv":" ","e":"n","st":"Suplente","dvt":"V\u00e1lido","vap":"442","pvap":"   0,70"},{"seq":"256","sqcand":"140001202964","n":"20551","nm":"VANILSON FERREIRA","cc":"PSC","nv":" ","e":"n","st":"N\u00e3o eleito","dvt":"V\u00e1lido","vap":"54","pvap":"   0,09"},{"seq":"179","sqcand":"140001202950","n":"20456","nm":"PROFESSORA DAYSE MENEZES","cc":"PSC","nv":" ","e":"n","st":"N\u00e3o eleito","dvt":"V\u00e1lido","vap":"291","pvap":"   0,46"},{"seq":"114","sqcand":"140000821593","n":"55038","nm":"MAIK ANDERSON","cc":"PSD","nv":" ","e":"n","st":"Suplente","dvt":"V\u00e1lido","vap":"48","pvap":"   0,08"},{"seq":"298","sqcand":"140000702209","n":"11888","nm":"MIGUEL DA CONSTRU\u00c7\u00c3O","cc":"PP","nv":" ","e":"n","st":"N\u00e3o eleito","dvt":"V\u00e1lido","vap":"26","pvap":"   0,04"},{"seq":"257","sqcand":"140001246837","n":"28222","nm":"CIRENE ROSA","cc":"PRTB","nv":" ","e":"n","st":"N\u00e3o eleito","dvt":"V\u00e1lido","vap":"53","pvap":"   0,08"},{"seq":"22","sqcand":"140000993790","n":"14444","nm":"CELITA ALEIXO","cc":"PTB","nv":" ","e":"n","st":"Suplente","dvt":"V\u00e1lido","vap":"751","pvap":"   1,19"},{"seq":"32","sqcand":"140000950141","n":"43000","nm":"ANDERSON MIRANDA","cc":"PV","nv":" ","e":"n","st":"Suplente","dvt":"V\u00e1lido","vap":"538","pvap":"   0,85"},{"seq":"366","sqcand":"140000702227","n":"18222","nm":"GILMAR PADEIRO","cc":"REDE","nv":" ","e":"n","st":"N\u00e3o eleito","dvt":"V\u00e1lido","vap":"7","pvap":"   0,01"},{"seq":"190","sqcand":"140000702989","n":"90111","nm":"THIAGO SANTANA","cc":"PROS","nv":" ","e":"n","st":"N\u00e3o eleito","dvt":"V\u00e1lido","vap":"191","pvap":"   0,30"},{"seq":"341","sqcand":"140000702703","n":"36377","nm":"PASTOR GILSON","cc":"PTC","nv":" ","e":"n","st":"N\u00e3o eleito","dvt":"V\u00e1lido","vap":"15","pvap":"   0,02"},{"seq":"411","sqcand":"140000702996","n":"90001","nm":"CRISTIANO PITBULL","cc":"PROS","nv":" ","e":"n","st":"N\u00e3o eleito","dvt":"V\u00e1lido","vap":"0","pvap":"00.00"},{"seq":"251","sqcand":"140000702938","n":"51333","nm":"PASTORA NAZAR\u00c9","cc":"PATRIOTA","nv":" ","e":"n","st":"N\u00e3o eleito","dvt":"V\u00e1lido","vap":"60","pvap":"   0,09"},{"seq":"124","sqcand":"140000950133","n":"43210","nm":"BARRIELY","cc":"PV","nv":" ","e":"n","st":"Suplente","dvt":"V\u00e1lido","vap":"33","pvap":"   0,05"},{"seq":"48","sqcand":"140001073994","n":"15333","nm":"ENG. MARIO JUNIOR","cc":"MDB","nv":" ","e":"n","st":"Suplente","dvt":"V\u00e1lido","vap":"378","pvap":"   0,60"},{"seq":"238","sqcand":"140001081154","n":"70000","nm":"ABNER THIAGO","cc":"AVANTE","nv":" ","e":"n","st":"N\u00e3o eleito","dvt":"Anulado sub judice","vap":"69","pvap":"   0,11"},{"seq":"92","sqcand":"140000755215","n":"77111","nm":"SERGIO REIS","cc":"SOLIDARIEDADE","nv":" ","e":"n","st":"Suplente","dvt":"V\u00e1lido","vap":"90","pvap":"   0,14"},{"seq":"160","sqcand":"140000821599","n":"55580","nm":"ROBERTO ALMEIDA","cc":"PSD","nv":" ","e":"n","st":"Suplente","dvt":"V\u00e1lido","vap":"11","pvap":"   0,02"},{"seq":"83","sqcand":"140000755199","n":"77404","nm":"CITONIO","cc":"SOLIDARIEDADE","nv":" ","e":"n","st":"Suplente","dvt":"V\u00e1lido","vap":"121","pvap":"   0,19"},{"seq":"246","sqcand":"140000993822","n":"13123","nm":"VERA DUTRA","cc":"PT","nv":" ","e":"n","st":"N\u00e3o eleito","dvt":"V\u00e1lido","vap":"64","pvap":"   0,10"},{"seq":"3","sqcand":"140000755208","n":"77777","nm":"ANTONIO ARMANDO JR","cc":"SOLIDARIEDADE","nv":" ","e":"s","st":"Eleito","dvt":"V\u00e1lido","vap":"1192","pvap":"   1,88"},{"seq":"387","sqcand":"140000702698","n":"36666","nm":"JOSU\u00c9","cc":"PTC","nv":" ","e":"n","st":"N\u00e3o eleito","dvt":"V\u00e1lido","vap":"2","pvap":"   0,00"},{"seq":"191","sqcand":"140000702933","n":"51234","nm":"DAVID SOUZA","cc":"PATRIOTA","nv":" ","e":"n","st":"N\u00e3o eleito","dvt":"V\u00e1lido","vap":"185","pvap":"   0,29"},{"seq":"266","sqcand":"140000702212","n":"11007","nm":"MAUR\u00cdCIO BASTOS","cc":"PP","nv":" ","e":"n","st":"N\u00e3o eleito","dvt":"V\u00e1lido","vap":"48","pvap":"   0,08"},{"seq":"305","sqcand":"140000702939","n":"51001","nm":"CARLOS CEAR\u00c1","cc":"PATRIOTA","nv":" ","e":"n","st":"N\u00e3o eleito","dvt":"V\u00e1lido","vap":"23","pvap":"   0,04"},{"seq":"116","sqcand":"140000702807","n":"40007","nm":"DEODATO AMARAL","cc":"PSB","nv":" ","e":"n","st":"Suplente","dvt":"V\u00e1lido","vap":"44","pvap":"   0,07"},{"seq":"85","sqcand":"140000702812","n":"40222","nm":"LEO CANA\u00c3","cc":"PSB","nv":" ","e":"n","st":"Suplente","dvt":"V\u00e1lido","vap":"112","pvap":"   0,18"},{"seq":"106","sqcand":"140000702810","n":"40567","nm":"VITOR VIVER MELHOR","cc":"PSB","nv":" ","e":"n","st":"Suplente","dvt":"V\u00e1lido","vap":"60","pvap":"   0,09"},{"seq":"205","sqcand":"140001246616","n":"65111","nm":"ROBERTO MASSAPENSE","cc":"PC do B","nv":" ","e":"n","st":"N\u00e3o eleito","dvt":"V\u00e1lido","vap":"122","pvap":"   0,19"},{"seq":"345","sqcand":"140001246840","n":"28234","nm":"BENA MAIA","cc":"PRTB","nv":" ","e":"n","st":"N\u00e3o eleito","dvt":"V\u00e1lido","vap":"13","pvap":"   0,02"},{"seq":"130","sqcand":"140000950142","n":"43321","nm":"IRM\u00c3 SOL","cc":"PV","nv":" ","e":"n","st":"Suplente","dvt":"V\u00e1lido","vap":"29","pvap":"   0,05"},{"seq":"44","sqcand":"140000702527","n":"10000","nm":"JAIR PADILHA","cc":"REPUBLICANOS","nv":" ","e":"n","st":"Suplente","dvt":"V\u00e1lido","vap":"413","pvap":"   0,65"},{"seq":"295","sqcand":"140000994234","n":"17013","nm":"DJ MARKINHOS TOP","cc":"PSL","nv":" ","e":"n","st":"N\u00e3o eleito","dvt":"V\u00e1lido","vap":"28","pvap":"   0,04"},{"seq":"17","sqcand":"140000755201","n":"77123","nm":"HELDER BRITO","cc":"SOLIDARIEDADE","nv":" ","e":"n","st":"Suplente","dvt":"V\u00e1lido","vap":"968","pvap":"   1,53"},{"seq":"235","sqcand":"140000994225","n":"17200","nm":"DENIS DA ACADEMIA","cc":"PSL","nv":" ","e":"n","st":"N\u00e3o eleito","dvt":"V\u00e1lido","vap":"71","pvap":"   0,11"},{"seq":"151","sqcand":"140001207225","n":"25999","nm":"L\u00daCIA","cc":"DEM","nv":" ","e":"n","st":"Suplente","dvt":"V\u00e1lido","vap":"15","pvap":"   0,02"},{"seq":"155","sqcand":"140000755198","n":"77979","nm":"PROFESSORA ADENILDE","cc":"SOLIDARIEDADE","nv":" ","e":"n","st":"Suplente","dvt":"V\u00e1lido","vap":"15","pvap":"   0,02"},{"seq":"183","sqcand":"140000993834","n":"12192","nm":"LEONAN FELIPE","cc":"PDT","nv":" ","e":"n","st":"N\u00e3o eleito","dvt":"V\u00e1lido","vap":"247","pvap":"   0,39"},{"seq":"196","sqcand":"140001207120","n":"22220","nm":"FRANCISCA DO CAF\u00c9 SOLID\u00c1RIO","cc":"PL","nv":" ","e":"n","st":"N\u00e3o eleito","dvt":"V\u00e1lido","vap":"149","pvap":"   0,24"},{"seq":"337","sqcand":"140001207112","n":"22200","nm":"L\u00cdDIA ALBUQUERQUE","cc":"PL","nv":" ","e":"n","st":"N\u00e3o eleito","dvt":"V\u00e1lido","vap":"16","pvap":"   0,03"},{"seq":"166","sqcand":"140000755210","n":"77333","nm":"THYELY","cc":"SOLIDARIEDADE","nv":" ","e":"n","st":"Suplente","dvt":"V\u00e1lido","vap":"4","pvap":"   0,01"},{"seq":"375","sqcand":"140001208781","n":"19000","nm":"NAYDE VIANA","cc":"PODE","nv":" ","e":"n","st":"N\u00e3o eleito","dvt":"V\u00e1lido","vap":"4","pvap":"   0,01"},{"seq":"381","sqcand":"140000994228","n":"17001","nm":"ELLEN LOURINHA","cc":"PSL","nv":" ","e":"n","st":"N\u00e3o eleito","dvt":"V\u00e1lido","vap":"4","pvap":"   0,01"},{"seq":"204","sqcand":"140000702205","n":"11010","nm":"PROFESSORA CRISLANE","cc":"PP","nv":" ","e":"n","st":"N\u00e3o eleito","dvt":"V\u00e1lido","vap":"124","pvap":"   0,20"},{"seq":"121","sqcand":"140000821609","n":"55999","nm":"CECILIA DO CANA\u00c3","cc":"PSD","nv":" ","e":"n","st":"Suplente","dvt":"V\u00e1lido","vap":"38","pvap":"   0,06"},{"seq":"237","sqcand":"140000702214","n":"11777","nm":"JORGE LUIZ","cc":"PP","nv":" ","e":"n","st":"N\u00e3o eleito","dvt":"V\u00e1lido","vap":"70","pvap":"   0,11"},{"seq":"382","sqcand":"140000994231","n":"17700","nm":"DILENE MAIA","cc":"PSL","nv":" ","e":"n","st":"N\u00e3o eleito","dvt":"V\u00e1lido","vap":"3","pvap":"   0,00"},{"seq":"67","sqcand":"140001073987","n":"15234","nm":"MARC\u00c3O MARTINS","cc":"MDB","nv":" ","e":"n","st":"Suplente","dvt":"V\u00e1lido","vap":"190","pvap":"   0,30"},{"seq":"24","sqcand":"140000821607","n":"55222","nm":"GRA\u00c7A NUNES","cc":"PSD","nv":" ","e":"n","st":"Suplente","dvt":"V\u00e1lido","vap":"743","pvap":"   1,17"},{"seq":"97","sqcand":"140000821592","n":"55200","nm":"LEILA CAVALCANTE","cc":"PSD","nv":" ","e":"n","st":"Suplente","dvt":"V\u00e1lido","vap":"73","pvap":"   0,12"},{"seq":"371","sqcand":"140001081153","n":"70022","nm":"ANDERSON MOURA","cc":"AVANTE","nv":" ","e":"n","st":"N\u00e3o eleito","dvt":"V\u00e1lido","vap":"6","pvap":"   0,01"},{"seq":"356","sqcand":"140001246617","n":"65514","nm":"RODRIGO ALEIXO","cc":"PC do B","nv":" ","e":"n","st":"N\u00e3o eleito","dvt":"V\u00e1lido","vap":"10","pvap":"   0,02"},{"seq":"47","sqcand":"140001207229","n":"25123","nm":"LUIZ RICARDO SILVA MESQUITA ","cc":"DEM","nv":" ","e":"n","st":"Suplente","dvt":"V\u00e1lido","vap":"397","pvap":"   0,63"},{"seq":"144","sqcand":"140001266434","n":"77545","nm":"HAYNER RIBEIRO","cc":"SOLIDARIEDADE","nv":" ","e":"n","st":"Suplente","dvt":"V\u00e1lido","vap":"20","pvap":"   0,03"},{"seq":"115","sqcand":"140001073983","n":"15193","nm":"SARG. CHAGAS","cc":"MDB","nv":" ","e":"n","st":"Suplente","dvt":"V\u00e1lido","vap":"45","pvap":"   0,07"},{"seq":"350","sqcand":"140001246622","n":"65000","nm":"JUNIOR","cc":"PC do B","nv":" ","e":"n","st":"N\u00e3o eleito","dvt":"V\u00e1lido","vap":"12","pvap":"   0,02"},{"seq":"123","sqcand":"140000702529","n":"10422","nm":"SIDINEY DO A\u00c7OUGUE","cc":"REPUBLICANOS","nv":" ","e":"n","st":"Suplente","dvt":"V\u00e1lido","vap":"36","pvap":"   0,06"},{"seq":"167","sqcand":"140000993774","n":"14322","nm":"VALQUIRIA SILVA ","cc":"PTB","nv":" ","e":"n","st":"Suplente","dvt":"V\u00e1lido","vap":"1","pvap":"   0,00"},{"seq":"239","sqcand":"140001202963","n":"20999","nm":"NATY MATOS","cc":"PSC","nv":" ","e":"n","st":"N\u00e3o eleito","dvt":"V\u00e1lido","vap":"69","pvap":"   0,11"},{"seq":"99","sqcand":"140001207239","n":"25700","nm":"MANOEL CARANGUEJEIRO","cc":"DEM","nv":" ","e":"n","st":"Suplente","dvt":"V\u00e1lido","vap":"68","pvap":"   0,11"},{"seq":"316","sqcand":"140000702934","n":"51444","nm":"PASTOR DELGADO","cc":"PATRIOTA","nv":" ","e":"n","st":"N\u00e3o eleito","dvt":"V\u00e1lido","vap":"20","pvap":"   0,03"},{"seq":"102","sqcand":"140000702791","n":"40999","nm":"LEANDRO SANTOS","cc":"PSB","nv":" ","e":"n","st":"Suplente","dvt":"V\u00e1lido","vap":"65","pvap":"   0,10"},{"seq":"36","sqcand":"140000993796","n":"14777","nm":"JOABES","cc":"PTB","nv":" ","e":"n","st":"Suplente","dvt":"V\u00e1lido","vap":"474","pvap":"   0,75"},{"seq":"10","sqcand":"140000993780","n":"14000","nm":"SERRA","cc":"PTB","nv":" ","e":"s","st":"Eleito","dvt":"V\u00e1lido","vap":"963","pvap":"   1,52"},{"seq":"344","sqcand":"140001202956","n":"20500","nm":"MARIO DO BARRAC\u00c3O","cc":"PSC","nv":" ","e":"n","st":"N\u00e3o eleito","dvt":"V\u00e1lido","vap":"14","pvap":"   0,02"},{"seq":"178","sqcand":"140001207108","n":"22123","nm":"FERNANDO ALEXON","cc":"PL","nv":" ","e":"n","st":"N\u00e3o eleito","dvt":"V\u00e1lido","vap":"311","pvap":"   0,49"},{"seq":"290","sqcand":"140001207118","n":"22221","nm":"DANIEL FERNANDES","cc":"PL","nv":" ","e":"n","st":"N\u00e3o eleito","dvt":"V\u00e1lido","vap":"32","pvap":"   0,05"},{"seq":"146","sqcand":"140001207237","n":"25789","nm":"JAIR RIBEIRO CABRAL","cc":"DEM","nv":" ","e":"n","st":"Suplente","dvt":"V\u00e1lido","vap":"20","pvap":"   0,03"},{"seq":"93","sqcand":"140000755205","n":"77000","nm":"DIOMEDES JUNIOR","cc":"SOLIDARIEDADE","nv":" ","e":"n","st":"Suplente","dvt":"V\u00e1lido","vap":"81","pvap":"   0,13"},{"seq":"326","sqcand":"140000993823","n":"13131","nm":"RAQUEL SANTIAGO","cc":"PT","nv":" ","e":"n","st":"N\u00e3o eleito","dvt":"V\u00e1lido","vap":"18","pvap":"   0,03"},{"seq":"374","sqcand":"140001246618","n":"65456","nm":"DINO","cc":"PC do B","nv":" ","e":"n","st":"N\u00e3o eleito","dvt":"V\u00e1lido","vap":"4","pvap":"   0,01"},{"seq":"148","sqcand":"140000702796","n":"40789","nm":"PASTORA KELLY","cc":"PSB","nv":" ","e":"n","st":"Suplente","dvt":"V\u00e1lido","vap":"17","pvap":"   0,03"},{"seq":"80","sqcand":"140000702802","n":"40149","nm":"PROFESSORA YACTA","cc":"PSB","nv":" ","e":"n","st":"Suplente","dvt":"V\u00e1lido","vap":"140","pvap":"   0,22"},{"seq":"299","sqcand":"140001202959","n":"20186","nm":"CRIS OLIVEIRA","cc":"PSC","nv":" ","e":"n","st":"N\u00e3o eleito","dvt":"V\u00e1lido","vap":"26","pvap":"   0,04"},{"seq":"394","sqcand":"140000993819","n":"13007","nm":"ELSON NERY","cc":"PT","nv":" ","e":"n","st":"N\u00e3o eleito","dvt":"V\u00e1lido","vap":"1","pvap":"   0,00"},{"seq":"216","sqcand":"140000993849","n":"12789","nm":"ANTONIO DO UNI\u00c3O","cc":"PDT","nv":" ","e":"n","st":"N\u00e3o eleito","dvt":"V\u00e1lido","vap":"105","pvap":"   0,17"},{"seq":"248","sqcand":"140000702704","n":"36036","nm":"JEAN DA FRUTEIRA","cc":"PTC","nv":" ","e":"n","st":"N\u00e3o eleito","dvt":"V\u00e1lido","vap":"62","pvap":"   0,10"},{"seq":"201","sqcand":"140000993847","n":"12900","nm":"GELY MELO","cc":"PDT","nv":" ","e":"n","st":"N\u00e3o eleito","dvt":"V\u00e1lido","vap":"134","pvap":"   0,21"},{"seq":"285","sqcand":"140000994221","n":"17100","nm":"PROFESSOR MACIEL","cc":"PSL","nv":" ","e":"n","st":"N\u00e3o eleito","dvt":"V\u00e1lido","vap":"37","pvap":"   0,06"},{"seq":"252","sqcand":"140001246832","n":"28910","nm":"CLAUDINEI SOBRAL","cc":"PRTB","nv":" ","e":"n","st":"N\u00e3o eleito","dvt":"V\u00e1lido","vap":"59","pvap":"   0,09"},{"seq":"61","sqcand":"140000993782","n":"14500","nm":"EMERSON BARATA","cc":"PTB","nv":" ","e":"n","st":"Suplente","dvt":"V\u00e1lido","vap":"226","pvap":"   0,36"},{"seq":"322","sqcand":"140000702483","n":"23432","nm":"LUCIANA CIRINO","cc":"CIDADANIA","nv":" ","e":"n","st":"N\u00e3o eleito","dvt":"V\u00e1lido","vap":"19","pvap":"   0,03"},{"seq":"134","sqcand":"140000821610","n":"55119","nm":"PROFESSOR SEBASTI\u00c3O RESQUE","cc":"PSD","nv":" ","e":"n","st":"Suplente","dvt":"V\u00e1lido","vap":"26","pvap":"   0,04"},{"seq":"398","sqcand":"140000993830","n":"13313","nm":"AIALA FERNANDES","cc":"PT","nv":" ","e":"n","st":"N\u00e3o eleito","dvt":"V\u00e1lido","vap":"1","pvap":"   0,00"},{"seq":"42","sqcand":"140000702531","n":"10113","nm":"ALEM\u00c3O DA FARM\u00c1CIA","cc":"REPUBLICANOS","nv":" ","e":"n","st":"Suplente","dvt":"V\u00e1lido","vap":"431","pvap":"   0,68"},{"seq":"153","sqcand":"140000755212","n":"77999","nm":"ROBERTO AMARAL","cc":"SOLIDARIEDADE","nv":" ","e":"n","st":"Suplente","dvt":"V\u00e1lido","vap":"15","pvap":"   0,02"},{"seq":"30","sqcand":"140000993785","n":"14567","nm":"CEAR\u00c1 J\u00daNIOR","cc":"PTB","nv":" ","e":"n","st":"Suplente","dvt":"V\u00e1lido","vap":"607","pvap":"   0,96"},{"seq":"169","sqcand":"140000755200","n":"77677","nm":"ISAQUE","cc":"SOLIDARIEDADE","nv":" ","e":"n","st":"Suplente","dvt":"V\u00e1lido","vap":"0","pvap":"00.00"},{"seq":"95","sqcand":"140001207220","n":"25725","nm":"ANTONIO JOSE GONZAGA","cc":"DEM","nv":" ","e":"n","st":"Suplente","dvt":"V\u00e1lido","vap":"74","pvap":"   0,12"},{"seq":"13","sqcand":"140001073995","n":"15222","nm":"FL\u00c1VIO FARIAS","cc":"MDB","nv":" ","e":"s","st":"Eleito","dvt":"V\u00e1lido","vap":"780","pvap":"   1,23"},{"seq":"386","sqcand":"140000702692","n":"36777","nm":"SYMONE SANTOS","cc":"PTC","nv":" ","e":"n","st":"N\u00e3o eleito","dvt":"V\u00e1lido","vap":"2","pvap":"   0,00"},{"seq":"254","sqcand":"140001246620","n":"65123","nm":"CECILIA FERREIRA","cc":"PC do B","nv":" ","e":"n","st":"N\u00e3o eleito","dvt":"V\u00e1lido","vap":"57","pvap":"   0,09"},{"seq":"362","sqcand":"140000993829","n":"13213","nm":"THALIA AYLANA","cc":"PT","nv":" ","e":"n","st":"N\u00e3o eleito","dvt":"Anulado sub judice","vap":"8","pvap":"   0,01"},{"seq":"336","sqcand":"140001247995","n":"27123","nm":"RAFAEL MAIA","cc":"DC","nv":" ","e":"n","st":"N\u00e3o eleito","dvt":"V\u00e1lido","vap":"16","pvap":"   0,03"},{"seq":"217","sqcand":"140001081150","n":"70766","nm":"JUCA FERNANDES","cc":"AVANTE","nv":" ","e":"n","st":"N\u00e3o eleito","dvt":"V\u00e1lido","vap":"101","pvap":"   0,16"},{"seq":"113","sqcand":"140000755211","n":"77126","nm":"DANUZIA DE SOUZA","cc":"SOLIDARIEDADE","nv":" ","e":"n","st":"Suplente","dvt":"V\u00e1lido","vap":"49","pvap":"   0,08"},{"seq":"407","sqcand":"140000702986","n":"90010","nm":"IR\u00da REBELO","cc":"PROS","nv":" ","e":"n","st":"N\u00e3o eleito","dvt":"V\u00e1lido","vap":"0","pvap":"00.00"},{"seq":"297","sqcand":"140001265317","n":"23123","nm":"LUIZ MARTINS","cc":"CIDADANIA","nv":" ","e":"n","st":"N\u00e3o eleito","dvt":"V\u00e1lido","vap":"27","pvap":"   0,04"},{"seq":"302","sqcand":"140000993826","n":"13000","nm":"TABITA FALC\u00c3O","cc":"PT","nv":" ","e":"n","st":"N\u00e3o eleito","dvt":"V\u00e1lido","vap":"24","pvap":"   0,04"},{"seq":"380","sqcand":"140000994232","n":"17500","nm":"CARLOS SONIC","cc":"PSL","nv":" ","e":"n","st":"N\u00e3o eleito","dvt":"V\u00e1lido","vap":"4","pvap":"   0,01"},{"seq":"60","sqcand":"140001073978","n":"15123","nm":"PASTOR MIDIAN","cc":"MDB","nv":" ","e":"n","st":"Suplente","dvt":"V\u00e1lido","vap":"235","pvap":"   0,37"},{"seq":"74","sqcand":"140001207233","n":"25678","nm":"EDIMILSON PINHEIRO MERELES","cc":"DEM","nv":" ","e":"n","st":"Suplente","dvt":"V\u00e1lido","vap":"160","pvap":"   0,25"},{"seq":"133","sqcand":"140000993775","n":"14333","nm":"ZULEIDE","cc":"PTB","nv":" ","e":"n","st":"Suplente","dvt":"V\u00e1lido","vap":"27","pvap":"   0,04"},{"seq":"71","sqcand":"140001073998","n":"15400","nm":"WAGNER DO URIBOCA","cc":"MDB","nv":" ","e":"n","st":"Suplente","dvt":"V\u00e1lido","vap":"162","pvap":"   0,26"},{"seq":"288","sqcand":"140000702213","n":"11011","nm":"JEOVANI DA TAPIOCA","cc":"PP","nv":" ","e":"n","st":"N\u00e3o eleito","dvt":"V\u00e1lido","vap":"32","pvap":"   0,05"},{"seq":"363","sqcand":"140000993854","n":"12001","nm":"RAICARLOS","cc":"PDT","nv":" ","e":"n","st":"N\u00e3o eleito","dvt":"V\u00e1lido","vap":"8","pvap":"   0,01"},{"seq":"328","sqcand":"140000993817","n":"13130","nm":"IDAN MAU\u00c9S","cc":"PT","nv":" ","e":"n","st":"N\u00e3o eleito","dvt":"V\u00e1lido","vap":"18","pvap":"   0,03"},{"seq":"247","sqcand":"140000993831","n":"13500","nm":"ELIELSON SOARES","cc":"PT","nv":" ","e":"n","st":"N\u00e3o eleito","dvt":"V\u00e1lido","vap":"62","pvap":"   0,10"},{"seq":"346","sqcand":"140000702942","n":"51678","nm":"PASTOR ISAIAS","cc":"PATRIOTA","nv":" ","e":"n","st":"N\u00e3o eleito","dvt":"V\u00e1lido","vap":"13","pvap":"   0,02"},{"seq":"287","sqcand":"140001207110","n":"22007","nm":"LUIS OT\u00c1VIO","cc":"PL","nv":" ","e":"n","st":"N\u00e3o eleito","dvt":"V\u00e1lido","vap":"34","pvap":"   0,05"},{"seq":"271","sqcand":"140000994237","n":"17000","nm":"GABRIEL BATALHA","cc":"PSL","nv":" ","e":"n","st":"N\u00e3o eleito","dvt":"V\u00e1lido","vap":"45","pvap":"   0,07"},{"seq":"263","sqcand":"140001246833","n":"28007","nm":"JAMES BOND","cc":"PRTB","nv":" ","e":"n","st":"N\u00e3o eleito","dvt":"V\u00e1lido","vap":"50","pvap":"   0,08"},{"seq":"40","sqcand":"140000702528","n":"10190","nm":"CABO GIOVANNI","cc":"REPUBLICANOS","nv":" ","e":"n","st":"Suplente","dvt":"V\u00e1lido","vap":"450","pvap":"   0,71"},{"seq":"150","sqcand":"140001073982","n":"15700","nm":"CRISTIANA BRAGA","cc":"MDB","nv":" ","e":"n","st":"Suplente","dvt":"V\u00e1lido","vap":"16","pvap":"   0,03"},{"seq":"1","sqcand":"140000821590","n":"55655","nm":"RAIMUNDO CARNEIRO","cc":"PSD","nv":" ","e":"s","st":"Eleito","dvt":"V\u00e1lido","vap":"1261","pvap":"   1,99"},{"seq":"227","sqcand":"140000993846","n":"12777","nm":"ROSSI","cc":"PDT","nv":" ","e":"n","st":"N\u00e3o eleito","dvt":"V\u00e1lido","vap":"79","pvap":"   0,12"},{"seq":"212","sqcand":"140001202965","n":"20789","nm":"PROFESSOR JEIJMES","cc":"PSC","nv":" ","e":"n","st":"N\u00e3o eleito","dvt":"V\u00e1lido","vap":"114","pvap":"   0,18"},{"seq":"338","sqcand":"140001207119","n":"22144","nm":"KELLEN RODRIGUES","cc":"PL","nv":" ","e":"n","st":"N\u00e3o eleito","dvt":"V\u00e1lido","vap":"16","pvap":"   0,03"},{"seq":"360","sqcand":"140001081160","n":"70222","nm":"REAL CARAMELO","cc":"AVANTE","nv":" ","e":"n","st":"N\u00e3o eleito","dvt":"V\u00e1lido","vap":"8","pvap":"   0,01"},{"seq":"274","sqcand":"140000702706","n":"36555","nm":"PROFESSORA GRA\u00c7A","cc":"PTC","nv":" ","e":"n","st":"N\u00e3o eleito","dvt":"V\u00e1lido","vap":"44","pvap":"   0,07"},{"seq":"138","sqcand":"140001073981","n":"15567","nm":"CLAUDINHO DO ALGODOAL","cc":"MDB","nv":" ","e":"n","st":"Suplente","dvt":"V\u00e1lido","vap":"24","pvap":"   0,04"},{"seq":"401","sqcand":"140000702220","n":"18124","nm":"BRUNO CHAVES","cc":"REDE","nv":" ","e":"n","st":"N\u00e3o eleito","dvt":"V\u00e1lido","vap":"1","pvap":"   0,00"},{"seq":"370","sqcand":"140001081157","n":"70666","nm":"DONA FRANCISCA","cc":"AVANTE","nv":" ","e":"n","st":"N\u00e3o eleito","dvt":"Anulado sub judice","vap":"6","pvap":"   0,01"},{"seq":"412","sqcand":"140001247993","n":"27999","nm":"SARAH SANTOS","cc":"DC","nv":" ","e":"n","st":"N\u00e3o eleito","dvt":"V\u00e1lido","vap":"0","pvap":"00.00"},{"seq":"312","sqcand":"140001265318","n":"23237","nm":"BID\u00da","cc":"CIDADANIA","nv":" ","e":"n","st":"N\u00e3o eleito","dvt":"V\u00e1lido","vap":"21","pvap":"   0,03"},{"seq":"120","sqcand":"140000702533","n":"10120","nm":"PROF DRIELI","cc":"REPUBLICANOS","nv":" ","e":"n","st":"Suplente","dvt":"V\u00e1lido","vap":"39","pvap":"   0,06"},{"seq":"293","sqcand":"140000993840","n":"12013","nm":"PATRICIA DO UMARIS","cc":"PDT","nv":" ","e":"n","st":"N\u00e3o eleito","dvt":"V\u00e1lido","vap":"29","pvap":"   0,05"},{"seq":"385","sqcand":"140000993828","n":"13442","nm":"MURILO FIGUEIREDO","cc":"PT","nv":" ","e":"n","st":"N\u00e3o eleito","dvt":"V\u00e1lido","vap":"2","pvap":"   0,00"},{"seq":"265","sqcand":"140001081159","n":"70455","nm":"ADRIANO SANTOS","cc":"AVANTE","nv":" ","e":"n","st":"N\u00e3o eleito","dvt":"V\u00e1lido","vap":"49","pvap":"   0,08"},{"seq":"168","sqcand":"140000702794","n":"40555","nm":"JONILSON LIMA","cc":"PSB","nv":" ","e":"n","st":"Suplente","dvt":"V\u00e1lido","vap":"1","pvap":"   0,00"},{"seq":"139","sqcand":"140000950137","n":"43114","nm":"DANIEL AMINTAS","cc":"PV","nv":" ","e":"n","st":"Suplente","dvt":"V\u00e1lido","vap":"24","pvap":"   0,04"},{"seq":"334","sqcand":"140000702200","n":"11722","nm":"GECILDA ARAUJO","cc":"PP","nv":" ","e":"n","st":"N\u00e3o eleito","dvt":"V\u00e1lido","vap":"16","pvap":"   0,03"},{"seq":"56","sqcand":"140001073986","n":"15015","nm":"PSIC\u00d3LOGA M\u00d4NICA COELHO","cc":"MDB","nv":" ","e":"n","st":"Suplente","dvt":"V\u00e1lido","vap":"274","pvap":"   0,43"},{"seq":"358","sqcand":"140001202948","n":"20242","nm":"PR CARLOS","cc":"PSC","nv":" ","e":"n","st":"N\u00e3o eleito","dvt":"Anulado sub judice","vap":"9","pvap":"   0,01"},{"seq":"119","sqcand":"140000755202","n":"77100","nm":"ENFERMEIRO LEVI","cc":"SOLIDARIEDADE","nv":" ","e":"n","st":"Suplente","dvt":"V\u00e1lido","vap":"40","pvap":"   0,06"},{"seq":"318","sqcand":"140000994235","n":"17111","nm":"MARCIA CARVALHO","cc":"PSL","nv":" ","e":"n","st":"N\u00e3o eleito","dvt":"V\u00e1lido","vap":"20","pvap":"   0,03"},{"seq":"259","sqcand":"140000993818","n":"13013","nm":"CLEBER BARBOSA","cc":"PT","nv":" ","e":"n","st":"N\u00e3o eleito","dvt":"V\u00e1lido","vap":"51","pvap":"   0,08"},{"seq":"354","sqcand":"140000993827","n":"13133","nm":"Z\u00c9 DO AVA\u00cd","cc":"PT","nv":" ","e":"n","st":"N\u00e3o eleito","dvt":"V\u00e1lido","vap":"10","pvap":"   0,02"},{"seq":"270","sqcand":"140001081146","n":"70333","nm":"BH FERREIRA","cc":"AVANTE","nv":" ","e":"n","st":"N\u00e3o eleito","dvt":"V\u00e1lido","vap":"47","pvap":"   0,07"},{"seq":"206","sqcand":"140000702198","n":"11123","nm":"ROBSON FEIJ\u00c3O","cc":"PP","nv":" ","e":"n","st":"N\u00e3o eleito","dvt":"V\u00e1lido","vap":"122","pvap":"   0,19"},{"seq":"211","sqcand":"140001202955","n":"20110","nm":"LIO OLIVEIRA","cc":"PSC","nv":" ","e":"n","st":"N\u00e3o eleito","dvt":"V\u00e1lido","vap":"114","pvap":"   0,18"},{"seq":"395","sqcand":"140001246839","n":"28777","nm":"PROFESSORA MIQUELE","cc":"PRTB","nv":" ","e":"n","st":"N\u00e3o eleito","dvt":"V\u00e1lido","vap":"1","pvap":"   0,00"},{"seq":"27","sqcand":"140000993793","n":"14133","nm":"ORLANDO URUBU","cc":"PTB","nv":" ","e":"n","st":"Suplente","dvt":"V\u00e1lido","vap":"653","pvap":"   1,03"},{"seq":"187","sqcand":"140000702992","n":"90192","nm":"ESTEFANI DA SA\u00daDE","cc":"PROS","nv":" ","e":"n","st":"N\u00e3o eleito","dvt":"V\u00e1lido","vap":"209","pvap":"   0,33"},{"seq":"213","sqcand":"140001081147","n":"70555","nm":"ADILSON MAIA","cc":"AVANTE","nv":" ","e":"n","st":"N\u00e3o eleito","dvt":"V\u00e1lido","vap":"108","pvap":"   0,17"},{"seq":"12","sqcand":"140000993777","n":"14123","nm":"GILBERTO SOUTO ","cc":"PTB","nv":" ","e":"s","st":"Eleito","dvt":"V\u00e1lido","vap":"805","pvap":"   1,27"},{"seq":"275","sqcand":"140000703000","n":"90789","nm":"VERA","cc":"PROS","nv":" ","e":"n","st":"N\u00e3o eleito","dvt":"V\u00e1lido","vap":"44","pvap":"   0,07"},{"seq":"236","sqcand":"140001207117","n":"22210","nm":"AILTON CAMPOS","cc":"PL","nv":" ","e":"n","st":"N\u00e3o eleito","dvt":"V\u00e1lido","vap":"70","pvap":"   0,11"},{"seq":"333","sqcand":"140001081143","n":"70014","nm":"LUKAS","cc":"AVANTE","nv":" ","e":"n","st":"N\u00e3o eleito","dvt":"V\u00e1lido","vap":"17","pvap":"   0,03"},{"seq":"389","sqcand":"140000702493","n":"23555","nm":"LUCILENE  FERNANDES","cc":"CIDADANIA","nv":" ","e":"n","st":"N\u00e3o eleito","dvt":"V\u00e1lido","vap":"1","pvap":"   0,00"},{"seq":"283","sqcand":"140000702702","n":"36008","nm":"NEIDE","cc":"PTC","nv":" ","e":"n","st":"N\u00e3o eleito","dvt":"V\u00e1lido","vap":"38","pvap":"   0,06"},{"seq":"21","sqcand":"140000821605","n":"55321","nm":"CARLOS MIRANDA","cc":"PSD","nv":" ","e":"n","st":"Suplente","dvt":"V\u00e1lido","vap":"756","pvap":"   1,19"},{"seq":"198","sqcand":"140000994240","n":"17888","nm":"DIEGO NUNES","cc":"PSL","nv":" ","e":"n","st":"N\u00e3o eleito","dvt":"V\u00e1lido","vap":"149","pvap":"   0,24"},{"seq":"281","sqcand":"140000702941","n":"51777","nm":"WEBER LE\u00c3O","cc":"PATRIOTA","nv":" ","e":"n","st":"N\u00e3o eleito","dvt":"V\u00e1lido","vap":"40","pvap":"   0,06"},{"seq":"413","sqcand":"140000702218","n":"18123","nm":"SAMUEL ANDRADRE","cc":"REDE","nv":" ","e":"n","st":"N\u00e3o eleito","dvt":"V\u00e1lido","vap":"0","pvap":"00.00"},{"seq":"384","sqcand":"140001246623","n":"65114","nm":"ANDREZA FERREIRA","cc":"PC do B","nv":" ","e":"n","st":"N\u00e3o eleito","dvt":"V\u00e1lido","vap":"2","pvap":"   0,00"},{"seq":"35","sqcand":"140000755203","n":"77555","nm":"LEONARDO PEDREIRA","cc":"SOLIDARIEDADE","nv":" ","e":"n","st":"Suplente","dvt":"V\u00e1lido","vap":"483","pvap":"   0,76"},{"seq":"313","sqcand":"140000702208","n":"11100","nm":"NEIDE SOUZA","cc":"PP","nv":" ","e":"n","st":"N\u00e3o eleito","dvt":"V\u00e1lido","vap":"21","pvap":"   0,03"},{"seq":"172","sqcand":"140001202953","n":"20111","nm":"JO\u00c3OZINHO","cc":"PSC","nv":" ","e":"n","st":"N\u00e3o eleito","dvt":"V\u00e1lido","vap":"737","pvap":"   1,16"},{"seq":"28","sqcand":"140000950144","n":"43333","nm":"RAI","cc":"PV","nv":" ","e":"n","st":"Suplente","dvt":"V\u00e1lido","vap":"626","pvap":"   0,99"},{"seq":"188","sqcand":"140000993848","n":"12222","nm":"CRISTIANE ROSA","cc":"PDT","nv":" ","e":"n","st":"N\u00e3o eleito","dvt":"V\u00e1lido","vap":"206","pvap":"   0,33"},{"seq":"163","sqcand":"140001207222","n":"25200","nm":"SIMONE PESSOA DA SILVA","cc":"DEM","nv":" ","e":"n","st":"Suplente","dvt":"V\u00e1lido","vap":"6","pvap":"   0,01"},{"seq":"361","sqcand":"140000994219","n":"17091","nm":"CARLINHOS GONZAGA","cc":"PSL","nv":" ","e":"n","st":"N\u00e3o eleito","dvt":"V\u00e1lido","vap":"8","pvap":"   0,01"},{"seq":"152","sqcand":"140000702545","n":"10999","nm":"SHAMPOO MOTO T\u00c1XI","cc":"REPUBLICANOS","nv":" ","e":"n","st":"Suplente","dvt":"V\u00e1lido","vap":"15","pvap":"   0,02"},{"seq":"353","sqcand":"140001246627","n":"65500","nm":"JACIRA","cc":"PC do B","nv":" ","e":"n","st":"N\u00e3o eleito","dvt":"V\u00e1lido","vap":"11","pvap":"   0,02"},{"seq":"175","sqcand":"140001246843","n":"28322","nm":"JO\u00c3O PEREIRA","cc":"PRTB","nv":" ","e":"n","st":"N\u00e3o eleito","dvt":"V\u00e1lido","vap":"422","pvap":"   0,67"}]}
