{"ele":"426","tpabr":"mu","cdabr":"04650","carper":"13","t":"1","f":"o","dt":"15/11/2020","ht":"22:18:32","dv":"s","tf":"s","v":"15","esae":"n","mnae":"","s":"149","st":"149","pst":" 100,00","snt":"0","psnt":"   0,00","si":"149","psi":" 100,00","sni":"0","psni":"   0,00","sa":"149","psa":" 100,00","sna":"0","psna":"   0,00","e":"48670","ea":"48670","pea":" 100,00","ena":"0","pena":"   0,00","esi":"48670","pesi":" 100,00","esni":"0","pesni":"   0,00","c":"40577","pc":"  83,37","a":"8093","pa":"  16,63","vscv":"0","vnom":"37341","vl":"1935","pvnom":"  95,07","pvl":"   4,93","vvc":"39409","pvvc":"  97,12","vb":"299","pvb":"   0,74","tvn":"869","ptvn":"   2,14","vn":"866","pvn":"  99,65","vnt":"3","pvnt":"   0,35","vp":"0","pvp":"   0,00","vv":"39276","pvv":"  99,66","van":"0","pvan":"   0,00","vansj":"133","pvansj":"   0,34","tv":"40577","cand":[{"seq":"155","sqcand":"140000928987","n":"50500","nm":"MARCELO PUREZA","cc":"PSOL","nv":" ","e":"n","st":"N\u00e3o eleito","dvt":"V\u00e1lido","vap":"27","pvap":"   0,07"},{"seq":"23","sqcand":"140001003611","n":"15121","nm":"ALTAMIR AMARAL","cc":"MDB","nv":" ","e":"n","st":"Suplente","dvt":"V\u00e1lido","vap":"527","pvap":"   1,34"},{"seq":"7","sqcand":"140001245327","n":"55111","nm":"NETO NAHUM","cc":"PSD","nv":" ","e":"s","st":"Eleito","dvt":"V\u00e1lido","vap":"943","pvap":"   2,39"},{"seq":"159","sqcand":"140001144691","n":"28444","nm":"SARA DA VILA","cc":"PRTB","nv":" ","e":"n","st":"N\u00e3o eleito","dvt":"V\u00e1lido","vap":"19","pvap":"   0,05"},{"seq":"45","sqcand":"140000719795","n":"13333","nm":"FERNANDAO","cc":"PT","nv":" ","e":"n","st":"Suplente","dvt":"V\u00e1lido","vap":"261","pvap":"   0,66"},{"seq":"100","sqcand":"140000719802","n":"13013","nm":"SAL","cc":"PT","nv":" ","e":"n","st":"Suplente","dvt":"V\u00e1lido","vap":"21","pvap":"   0,05"},{"seq":"140","sqcand":"140000678618","n":"43456","nm":"CONCEI\u00c7\u00c3O ALFAIA","cc":"PV","nv":" ","e":"n","st":"N\u00e3o eleito","dvt":"V\u00e1lido","vap":"48","pvap":"   0,12"},{"seq":"50","sqcand":"140000719804","n":"13356","nm":"DINHO DO CANAL","cc":"PT","nv":" ","e":"n","st":"Suplente","dvt":"V\u00e1lido","vap":"222","pvap":"   0,56"},{"seq":"177","sqcand":"140000678619","n":"43777","nm":"FREDSON TRINDADE","cc":"PV","nv":" ","e":"n","st":"N\u00e3o eleito","dvt":"V\u00e1lido","vap":"0","pvap":"00.00"},{"seq":"31","sqcand":"140000664695","n":"90123","nm":"VALDIR JUNIOR","cc":"PROS","nv":" ","e":"n","st":"Suplente","dvt":"V\u00e1lido","vap":"469","pvap":"   1,19"},{"seq":"41","sqcand":"140001081859","n":"65678","nm":"PROF JOSE JUNIOR","cc":"PC do B","nv":" ","e":"n","st":"Suplente","dvt":"V\u00e1lido","vap":"283","pvap":"   0,72"},{"seq":"49","sqcand":"140000719801","n":"13555","nm":"CAIO","cc":"PT","nv":" ","e":"n","st":"Suplente","dvt":"V\u00e1lido","vap":"239","pvap":"   0,61"},{"seq":"165","sqcand":"140001171209","n":"20333","nm":"TR\u00caS POTE","cc":"PSC","nv":" ","e":"n","st":"N\u00e3o eleito","dvt":"V\u00e1lido","vap":"14","pvap":"   0,04"},{"seq":"78","sqcand":"140001245331","n":"55444","nm":"J\u00daNIOR BAGO","cc":"PSD","nv":" ","e":"n","st":"Suplente","dvt":"V\u00e1lido","vap":"61","pvap":"   0,15"},{"seq":"32","sqcand":"140000948654","n":"10555","nm":"GUTO DA COMUNIDADE","cc":"REPUBLICANOS","nv":" ","e":"n","st":"Suplente","dvt":"V\u00e1lido","vap":"451","pvap":"   1,14"},{"seq":"142","sqcand":"140001144694","n":"28888","nm":"LENE","cc":"PRTB","nv":" ","e":"n","st":"N\u00e3o eleito","dvt":"V\u00e1lido","vap":"46","pvap":"   0,12"},{"seq":"38","sqcand":"140000719806","n":"13580","nm":"ROSE MORAES","cc":"PT","nv":" ","e":"n","st":"Suplente","dvt":"V\u00e1lido","vap":"295","pvap":"   0,75"},{"seq":"51","sqcand":"140000719803","n":"13123","nm":"ANTONIA FEITOSA","cc":"PT","nv":" ","e":"n","st":"Suplente","dvt":"V\u00e1lido","vap":"221","pvap":"   0,56"},{"seq":"133","sqcand":"140001169727","n":"14999","nm":"ISMAEL MOTOTAXI","cc":"PTB","nv":" ","e":"n","st":"N\u00e3o eleito","dvt":"V\u00e1lido","vap":"83","pvap":"   0,21"},{"seq":"67","sqcand":"140001150903","n":"22233","nm":"IRM\u00c3O BENEDITO","cc":"PL","nv":" ","e":"n","st":"Suplente","dvt":"V\u00e1lido","vap":"74","pvap":"   0,19"},{"seq":"30","sqcand":"140001245340","n":"55994","nm":"ARISTEU","cc":"PSD","nv":" ","e":"n","st":"Suplente","dvt":"V\u00e1lido","vap":"469","pvap":"   1,19"},{"seq":"21","sqcand":"140001003608","n":"15015","nm":"GIL PINHEIRO","cc":"MDB","nv":" ","e":"n","st":"Suplente","dvt":"V\u00e1lido","vap":"584","pvap":"   1,48"},{"seq":"130","sqcand":"140001171206","n":"20555","nm":"JUNIOR DO MANOEL LUIZ","cc":"PSC","nv":" ","e":"n","st":"N\u00e3o eleito","dvt":"V\u00e1lido","vap":"100","pvap":"   0,25"},{"seq":"80","sqcand":"140000948647","n":"10748","nm":"NETO PANTOJA","cc":"REPUBLICANOS","nv":" ","e":"n","st":"Suplente","dvt":"V\u00e1lido","vap":"51","pvap":"   0,13"},{"seq":"13","sqcand":"140001150917","n":"22322","nm":"VIAGRA","cc":"PL","nv":" ","e":"s","st":"Eleito","dvt":"V\u00e1lido","vap":"690","pvap":"   1,75"},{"seq":"62","sqcand":"140000719796","n":"13000","nm":"ANDRE CAJI","cc":"PT","nv":" ","e":"n","st":"Suplente","dvt":"V\u00e1lido","vap":"122","pvap":"   0,31"},{"seq":"37","sqcand":"140000664693","n":"90901","nm":"KATIA QUARESMA","cc":"PROS","nv":" ","e":"n","st":"Suplente","dvt":"V\u00e1lido","vap":"297","pvap":"   0,75"},{"seq":"161","sqcand":"140001144692","n":"28777","nm":"LENE DO TICIANO","cc":"PRTB","nv":" ","e":"n","st":"N\u00e3o eleito","dvt":"V\u00e1lido","vap":"18","pvap":"   0,05"},{"seq":"98","sqcand":"140001003621","n":"15500","nm":"PROFESSORA DAYSE SOARES","cc":"MDB","nv":" ","e":"n","st":"Suplente","dvt":"V\u00e1lido","vap":"23","pvap":"   0,06"},{"seq":"172","sqcand":"140001016451","n":"40222","nm":"EDUARDA","cc":"PSB","nv":" ","e":"n","st":"N\u00e3o eleito","dvt":"V\u00e1lido","vap":"9","pvap":"   0,02"},{"seq":"1","sqcand":"140001003607","n":"15222","nm":"IRM\u00c3O NENCA","cc":"MDB","nv":" ","e":"s","st":"Eleito","dvt":"V\u00e1lido","vap":"1271","pvap":"   3,23"},{"seq":"149","sqcand":"140001144688","n":"28333","nm":"DJ SECO","cc":"PRTB","nv":" ","e":"n","st":"N\u00e3o eleito","dvt":"V\u00e1lido","vap":"35","pvap":"   0,09"},{"seq":"168","sqcand":"140000678612","n":"43133","nm":"MARIA ODETE","cc":"PV","nv":" ","e":"n","st":"N\u00e3o eleito","dvt":"V\u00e1lido","vap":"12","pvap":"   0,03"},{"seq":"70","sqcand":"140001150916","n":"22222","nm":"ELKY CORREA","cc":"PL","nv":" ","e":"n","st":"Suplente","dvt":"V\u00e1lido","vap":"69","pvap":"   0,18"},{"seq":"61","sqcand":"140001150908","n":"22333","nm":"MICO DO CAPITAO","cc":"PL","nv":" ","e":"n","st":"Suplente","dvt":"V\u00e1lido","vap":"125","pvap":"   0,32"},{"seq":"176","sqcand":"140000678617","n":"43453","nm":"SIMONE MAUES ","cc":"PV","nv":" ","e":"n","st":"N\u00e3o eleito","dvt":"V\u00e1lido","vap":"1","pvap":"   0,00"},{"seq":"137","sqcand":"140001169730","n":"14234","nm":"DANI PORTUGAL","cc":"PTB","nv":" ","e":"n","st":"N\u00e3o eleito","dvt":"V\u00e1lido","vap":"65","pvap":"   0,16"},{"seq":"141","sqcand":"140001169729","n":"14000","nm":"BENOCA A\u00c7OUGUEIRO","cc":"PTB","nv":" ","e":"n","st":"N\u00e3o eleito","dvt":"V\u00e1lido","vap":"47","pvap":"   0,12"},{"seq":"40","sqcand":"140000719809","n":"13222","nm":"ZE MARIA COSTEIRA","cc":"PT","nv":" ","e":"n","st":"Suplente","dvt":"V\u00e1lido","vap":"286","pvap":"   0,73"},{"seq":"12","sqcand":"140001150910","n":"22456","nm":"JO\u00c3OZINHO","cc":"PL","nv":" ","e":"s","st":"Eleito","dvt":"V\u00e1lido","vap":"733","pvap":"   1,86"},{"seq":"43","sqcand":"140000719799","n":"13612","nm":"CONSTANCIA","cc":"PT","nv":" ","e":"n","st":"Suplente","dvt":"V\u00e1lido","vap":"276","pvap":"   0,70"},{"seq":"112","sqcand":"140001245325","n":"55369","nm":"ELEN GLEISE","cc":"PSD","nv":" ","e":"n","st":"Suplente","dvt":"V\u00e1lido","vap":"10","pvap":"   0,03"},{"seq":"110","sqcand":"140001081847","n":"65555","nm":"INGLYDE SANTOS","cc":"PC do B","nv":" ","e":"n","st":"Suplente","dvt":"V\u00e1lido","vap":"11","pvap":"   0,03"},{"seq":"167","sqcand":"140000928984","n":"50600","nm":"LILI","cc":"PSOL","nv":" ","e":"n","st":"N\u00e3o eleito","dvt":"V\u00e1lido","vap":"13","pvap":"   0,03"},{"seq":"166","sqcand":"140001171203","n":"20222","nm":"CILDO","cc":"PSC","nv":" ","e":"n","st":"N\u00e3o eleito","dvt":"V\u00e1lido","vap":"14","pvap":"   0,04"},{"seq":"53","sqcand":"140001081858","n":"65456","nm":"DR. ARLISON FERREIRA","cc":"PC do B","nv":" ","e":"n","st":"Suplente","dvt":"V\u00e1lido","vap":"190","pvap":"   0,48"},{"seq":"82","sqcand":"140001150920","n":"22123","nm":"FABR\u00cdCIO PUBLICIDADE","cc":"PL","nv":" ","e":"n","st":"Suplente","dvt":"V\u00e1lido","vap":"43","pvap":"   0,11"},{"seq":"58","sqcand":"140001150901","n":"22122","nm":"PATO","cc":"PL","nv":" ","e":"n","st":"Suplente","dvt":"V\u00e1lido","vap":"149","pvap":"   0,38"},{"seq":"178","sqcand":"140001016452","n":"40999","nm":"PEDRO","cc":"PSB","nv":" ","e":"n","st":"N\u00e3o eleito","dvt":"V\u00e1lido","vap":"0","pvap":"00.00"},{"seq":"123","sqcand":"140001169728","n":"14135","nm":"PROFESSORA ROSILENE","cc":"PTB","nv":" ","e":"n","st":"N\u00e3o eleito","dvt":"V\u00e1lido","vap":"145","pvap":"   0,37"},{"seq":"10","sqcand":"140000664700","n":"90000","nm":"NEY PANTOJA","cc":"PROS","nv":" ","e":"s","st":"Eleito","dvt":"V\u00e1lido","vap":"872","pvap":"   2,21"},{"seq":"99","sqcand":"140001150913","n":"22293","nm":"BERNADETE","cc":"PL","nv":" ","e":"n","st":"Suplente","dvt":"V\u00e1lido","vap":"23","pvap":"   0,06"},{"seq":"27","sqcand":"140001245336","n":"55789","nm":"TAPURU","cc":"PSD","nv":" ","e":"n","st":"Suplente","dvt":"V\u00e1lido","vap":"492","pvap":"   1,25"},{"seq":"64","sqcand":"140001245333","n":"55127","nm":"SEU BUDEGA","cc":"PSD","nv":" ","e":"n","st":"Suplente","dvt":"V\u00e1lido","vap":"108","pvap":"   0,27"},{"seq":"138","sqcand":"140000682530","n":"51444","nm":"IRM\u00c3 BRUNA","cc":"PATRIOTA","nv":" ","e":"n","st":"N\u00e3o eleito","dvt":"V\u00e1lido","vap":"58","pvap":"   0,15"},{"seq":"42","sqcand":"140001003606","n":"15300","nm":"PASTOR GENIVALDO VALENTE","cc":"MDB","nv":" ","e":"n","st":"Suplente","dvt":"V\u00e1lido","vap":"281","pvap":"   0,71"},{"seq":"93","sqcand":"140001150915","n":"22212","nm":"NILDA MARTINS","cc":"PL","nv":" ","e":"n","st":"Suplente","dvt":"V\u00e1lido","vap":"29","pvap":"   0,07"},{"seq":"91","sqcand":"140000664696","n":"90333","nm":"DEBORA MACHADO","cc":"PROS","nv":" ","e":"n","st":"Suplente","dvt":"V\u00e1lido","vap":"30","pvap":"   0,08"},{"seq":"56","sqcand":"140001081845","n":"65777","nm":"EDILENE MACIEL","cc":"PC do B","nv":" ","e":"n","st":"Suplente","dvt":"V\u00e1lido","vap":"154","pvap":"   0,39"},{"seq":"158","sqcand":"140000682536","n":"51777","nm":"SIMEI PESSOA","cc":"PATRIOTA","nv":" ","e":"n","st":"N\u00e3o eleito","dvt":"V\u00e1lido","vap":"23","pvap":"   0,06"},{"seq":"24","sqcand":"140001003622","n":"15777","nm":"EDIR CORREA","cc":"MDB","nv":" ","e":"n","st":"Suplente","dvt":"V\u00e1lido","vap":"516","pvap":"   1,31"},{"seq":"19","sqcand":"140001003613","n":"15678","nm":"CELMA RODRIGUES","cc":"MDB","nv":" ","e":"n","st":"Suplente","dvt":"V\u00e1lido","vap":"756","pvap":"   1,92"},{"seq":"104","sqcand":"140001245342","n":"55258","nm":"GRAZI","cc":"PSD","nv":" ","e":"n","st":"Suplente","dvt":"V\u00e1lido","vap":"19","pvap":"   0,05"},{"seq":"114","sqcand":"140001081850","n":"65888","nm":"MARIANA LEAL","cc":"PC do B","nv":" ","e":"n","st":"Suplente","dvt":"V\u00e1lido","vap":"4","pvap":"   0,01"},{"seq":"153","sqcand":"140001016455","n":"40555","nm":"SHAYLLA RODRIGUES  MIMOSA","cc":"PSB","nv":" ","e":"n","st":"N\u00e3o eleito","dvt":"V\u00e1lido","vap":"31","pvap":"   0,08"},{"seq":"154","sqcand":"140000682535","n":"51133","nm":"TONINHO","cc":"PATRIOTA","nv":" ","e":"n","st":"N\u00e3o eleito","dvt":"V\u00e1lido","vap":"28","pvap":"   0,07"},{"seq":"126","sqcand":"140001169734","n":"14123","nm":"PASTOR EDINALDO","cc":"PTB","nv":" ","e":"n","st":"N\u00e3o eleito","dvt":"V\u00e1lido","vap":"126","pvap":"   0,32"},{"seq":"97","sqcand":"140000664702","n":"90111","nm":"DRY FRANCO","cc":"PROS","nv":" ","e":"n","st":"Suplente","dvt":"V\u00e1lido","vap":"24","pvap":"   0,06"},{"seq":"122","sqcand":"140000682534","n":"51222","nm":"PR. DAVID MEDEIROS","cc":"PATRIOTA","nv":" ","e":"n","st":"N\u00e3o eleito","dvt":"V\u00e1lido","vap":"149","pvap":"   0,38"},{"seq":"16","sqcand":"140000664699","n":"90456","nm":"MARENILSON PUREZA","cc":"PROS","nv":" ","e":"n","st":"Suplente","dvt":"V\u00e1lido","vap":"853","pvap":"   2,16"},{"seq":"113","sqcand":"140001003614","n":"15400","nm":"BETH SANTANA","cc":"MDB","nv":" ","e":"n","st":"Suplente","dvt":"V\u00e1lido","vap":"5","pvap":"   0,01"},{"seq":"135","sqcand":"140001171205","n":"20111","nm":"SANDRA PORTILHO","cc":"PSC","nv":" ","e":"n","st":"N\u00e3o eleito","dvt":"V\u00e1lido","vap":"74","pvap":"   0,19"},{"seq":"44","sqcand":"140001003615","n":"15888","nm":"THOCK DO FRANGO","cc":"MDB","nv":" ","e":"n","st":"Suplente","dvt":"V\u00e1lido","vap":"265","pvap":"   0,67"},{"seq":"116","sqcand":"140001144690","n":"28123","nm":"SILVINHO FIGUEIREDO","cc":"PRTB","nv":" ","e":"n","st":"N\u00e3o eleito","dvt":"V\u00e1lido","vap":"560","pvap":"   1,42"},{"seq":"83","sqcand":"140000664704","n":"90555","nm":"RAIMUNDO JUNIOR","cc":"PROS","nv":" ","e":"n","st":"Suplente","dvt":"V\u00e1lido","vap":"40","pvap":"   0,10"},{"seq":"72","sqcand":"140000948649","n":"10013","nm":"PRETA PINHEIRO","cc":"REPUBLICANOS","nv":" ","e":"n","st":"Suplente","dvt":"V\u00e1lido","vap":"69","pvap":"   0,18"},{"seq":"46","sqcand":"140001245332","n":"55234","nm":"GIL DO MIRITI","cc":"PSD","nv":" ","e":"n","st":"Suplente","dvt":"V\u00e1lido","vap":"255","pvap":"   0,65"},{"seq":"102","sqcand":"140001267238","n":"55999","nm":"SELMA DO RIO DAS FLORES","cc":"PSD","nv":" ","e":"n","st":"Suplente","dvt":"V\u00e1lido","vap":"20","pvap":"   0,05"},{"seq":"15","sqcand":"140001081855","n":"65123","nm":"DR. ROGERIO SAMPAIO","cc":"PC do B","nv":" ","e":"s","st":"Eleito","dvt":"V\u00e1lido","vap":"436","pvap":"   1,11"},{"seq":"156","sqcand":"140000682531","n":"51000","nm":"P\u00c3O DO VELHO","cc":"PATRIOTA","nv":" ","e":"n","st":"N\u00e3o eleito","dvt":"V\u00e1lido","vap":"26","pvap":"   0,07"},{"seq":"35","sqcand":"140001245330","n":"55222","nm":"MODA","cc":"PSD","nv":" ","e":"n","st":"Suplente","dvt":"V\u00e1lido","vap":"336","pvap":"   0,85"},{"seq":"47","sqcand":"140001245339","n":"55456","nm":"JOELSON CORR\u00caA","cc":"PSD","nv":" ","e":"n","st":"Suplente","dvt":"V\u00e1lido","vap":"242","pvap":"   0,61"},{"seq":"68","sqcand":"140000719808","n":"13234","nm":"PROFESSOR  JEREMIAS  ALVES","cc":"PT","nv":" ","e":"n","st":"Suplente","dvt":"V\u00e1lido","vap":"72","pvap":"   0,18"},{"seq":"20","sqcand":"140001150921","n":"22607","nm":"ENFERMEIRO ANDERSON XIBATA","cc":"PL","nv":" ","e":"n","st":"Suplente","dvt":"V\u00e1lido","vap":"609","pvap":"   1,55"},{"seq":"160","sqcand":"140001171202","n":"20234","nm":"PASTORA SENILDA","cc":"PSC","nv":" ","e":"n","st":"N\u00e3o eleito","dvt":"V\u00e1lido","vap":"18","pvap":"   0,05"},{"seq":"146","sqcand":"140001169731","n":"14567","nm":"IRM\u00c3 MAROCA","cc":"PTB","nv":" ","e":"n","st":"N\u00e3o eleito","dvt":"V\u00e1lido","vap":"39","pvap":"   0,10"},{"seq":"6","sqcand":"140001003605","n":"15000","nm":"NENCA","cc":"MDB","nv":" ","e":"s","st":"Eleito","dvt":"V\u00e1lido","vap":"987","pvap":"   2,50"},{"seq":"48","sqcand":"140001003610","n":"15100","nm":"FREDSON SINIMBU LOPES","cc":"MDB","nv":" ","e":"n","st":"Suplente","dvt":"V\u00e1lido","vap":"239","pvap":"   0,61"},{"seq":"60","sqcand":"140001150907","n":"22223","nm":"CABO ROSILDA","cc":"PL","nv":" ","e":"n","st":"Suplente","dvt":"V\u00e1lido","vap":"147","pvap":"   0,37"},{"seq":"105","sqcand":"140000948653","n":"10789","nm":"ANTONILDO COSTA","cc":"REPUBLICANOS","nv":" ","e":"n","st":"Suplente","dvt":"V\u00e1lido","vap":"18","pvap":"   0,05"},{"seq":"90","sqcand":"140001081854","n":"65333","nm":"JUDITE CORR\u00caA","cc":"PC do B","nv":" ","e":"n","st":"Suplente","dvt":"V\u00e1lido","vap":"30","pvap":"   0,08"},{"seq":"139","sqcand":"140000678615","n":"43123","nm":"JOSE NASCIMENTO","cc":"PV","nv":" ","e":"n","st":"N\u00e3o eleito","dvt":"V\u00e1lido","vap":"53","pvap":"   0,13"},{"seq":"128","sqcand":"140001016457","n":"40456","nm":"JAPECA","cc":"PSB","nv":" ","e":"n","st":"N\u00e3o eleito","dvt":"V\u00e1lido","vap":"112","pvap":"   0,28"},{"seq":"87","sqcand":"140001081849","n":"65065","nm":"AKYO SANDRO","cc":"PC do B","nv":" ","e":"n","st":"Suplente","dvt":"V\u00e1lido","vap":"36","pvap":"   0,09"},{"seq":"81","sqcand":"140000719812","n":"13421","nm":"DOUTOR PAULO","cc":"PT","nv":" ","e":"n","st":"Suplente","dvt":"V\u00e1lido","vap":"46","pvap":"   0,12"},{"seq":"33","sqcand":"140001150919","n":"22345","nm":"AMIGA CICA","cc":"PL","nv":" ","e":"n","st":"Suplente","dvt":"V\u00e1lido","vap":"368","pvap":"   0,93"},{"seq":"92","sqcand":"140001003616","n":"15999","nm":"TICO FRANCO","cc":"MDB","nv":" ","e":"n","st":"Suplente","dvt":"V\u00e1lido","vap":"29","pvap":"   0,07"},{"seq":"143","sqcand":"140000682533","n":"51333","nm":"PERO GALO","cc":"PATRIOTA","nv":" ","e":"n","st":"N\u00e3o eleito","dvt":"V\u00e1lido","vap":"44","pvap":"   0,11"},{"seq":"34","sqcand":"140000948652","n":"10123","nm":"ROCK M\u00c3O AMIGA","cc":"REPUBLICANOS","nv":" ","e":"n","st":"Suplente","dvt":"V\u00e1lido","vap":"351","pvap":"   0,89"},{"seq":"120","sqcand":"140001016456","n":"40789","nm":"ANTONIO PINHEIRO SEU NONO","cc":"PSB","nv":" ","e":"n","st":"N\u00e3o eleito","dvt":"V\u00e1lido","vap":"263","pvap":"   0,67"},{"seq":"129","sqcand":"140001169732","n":"14222","nm":"JUNIOR CONCEI\u00c7AO","cc":"PTB","nv":" ","e":"n","st":"N\u00e3o eleito","dvt":"V\u00e1lido","vap":"100","pvap":"   0,25"},{"seq":"170","sqcand":"140001171210","n":"20620","nm":"GEFFERSON CHEFINHO","cc":"PSC","nv":" ","e":"n","st":"N\u00e3o eleito","dvt":"V\u00e1lido","vap":"11","pvap":"   0,03"},{"seq":"115","sqcand":"140001245341","n":"55147","nm":"ROSI","cc":"PSD","nv":" ","e":"n","st":"Suplente","dvt":"V\u00e1lido","vap":"0","pvap":"00.00"},{"seq":"71","sqcand":"140000948658","n":"10222","nm":"LEIA MACHADO","cc":"REPUBLICANOS","nv":" ","e":"n","st":"Suplente","dvt":"V\u00e1lido","vap":"69","pvap":"   0,18"},{"seq":"18","sqcand":"140001245329","n":"55678","nm":"VLADIMIR JUNIOR","cc":"PSD","nv":" ","e":"n","st":"Suplente","dvt":"V\u00e1lido","vap":"780","pvap":"   1,98"},{"seq":"145","sqcand":"140001016449","n":"40000","nm":"FRANK BITENCOURT","cc":"PSB","nv":" ","e":"n","st":"N\u00e3o eleito","dvt":"V\u00e1lido","vap":"40","pvap":"   0,10"},{"seq":"117","sqcand":"140001016450","n":"40123","nm":"WELLINGTON MAYCON","cc":"PSB","nv":" ","e":"n","st":"N\u00e3o eleito","dvt":"V\u00e1lido","vap":"319","pvap":"   0,81"},{"seq":"73","sqcand":"140001150906","n":"22444","nm":"DINHO SEGURAN\u00c7A","cc":"PL","nv":" ","e":"n","st":"Suplente","dvt":"V\u00e1lido","vap":"65","pvap":"   0,16"},{"seq":"173","sqcand":"140000928991","n":"50173","nm":"TITAN","cc":"PSOL","nv":" ","e":"n","st":"N\u00e3o eleito","dvt":"V\u00e1lido","vap":"8","pvap":"   0,02"},{"seq":"2","sqcand":"140001245328","n":"55555","nm":"MIELLEN FIGUEIREDO","cc":"PSD","nv":" ","e":"s","st":"Eleito","dvt":"V\u00e1lido","vap":"1155","pvap":"   2,93"},{"seq":"77","sqcand":"140001150911","n":"22789","nm":"IRM\u00c3O HER\u00d3I","cc":"PL","nv":" ","e":"n","st":"Suplente","dvt":"V\u00e1lido","vap":"61","pvap":"   0,15"},{"seq":"26","sqcand":"140001150900","n":"22111","nm":"PROFESSOR ARMANDO KALORO","cc":"PL","nv":" ","e":"n","st":"Suplente","dvt":"V\u00e1lido","vap":"509","pvap":"   1,29"},{"seq":"5","sqcand":"140001150918","n":"22000","nm":"F\u00c1BIO FERREIRA","cc":"PL","nv":" ","e":"s","st":"Eleito","dvt":"V\u00e1lido","vap":"1074","pvap":"   2,73"},{"seq":"144","sqcand":"140000678616","n":"43111","nm":"OSMAR","cc":"PV","nv":" ","e":"n","st":"N\u00e3o eleito","dvt":"V\u00e1lido","vap":"40","pvap":"   0,10"},{"seq":"175","sqcand":"140001016453","n":"40852","nm":"FRANCY","cc":"PSB","nv":" ","e":"n","st":"N\u00e3o eleito","dvt":"V\u00e1lido","vap":"2","pvap":"   0,01"},{"seq":"96","sqcand":"140000664703","n":"90999","nm":"ELTON SARACURA","cc":"PROS","nv":" ","e":"n","st":"Suplente","dvt":"V\u00e1lido","vap":"24","pvap":"   0,06"},{"seq":"152","sqcand":"140001171208","n":"20444","nm":"GATO DO MERUU","cc":"PSC","nv":" ","e":"n","st":"N\u00e3o eleito","dvt":"V\u00e1lido","vap":"32","pvap":"   0,08"},{"seq":"118","sqcand":"140001016454","n":"40147","nm":"IRM\u00c3O DARCILINO","cc":"PSB","nv":" ","e":"n","st":"N\u00e3o eleito","dvt":"V\u00e1lido","vap":"301","pvap":"   0,76"},{"seq":"132","sqcand":"140001144693","n":"28000","nm":"PRIMOTE","cc":"PRTB","nv":" ","e":"n","st":"N\u00e3o eleito","dvt":"V\u00e1lido","vap":"90","pvap":"   0,23"},{"seq":"39","sqcand":"140000664697","n":"90222","nm":"GILVANA PANTOJA","cc":"PROS","nv":" ","e":"n","st":"Suplente","dvt":"V\u00e1lido","vap":"289","pvap":"   0,73"},{"seq":"29","sqcand":"140001150914","n":"22888","nm":"BODINHO","cc":"PL","nv":" ","e":"n","st":"Suplente","dvt":"V\u00e1lido","vap":"491","pvap":"   1,25"},{"seq":"163","sqcand":"140001171204","n":"20777","nm":"TUT\u00c9","cc":"PSC","nv":" ","e":"n","st":"N\u00e3o eleito","dvt":"V\u00e1lido","vap":"17","pvap":"   0,04"},{"seq":"148","sqcand":"140001016459","n":"40321","nm":"DUCARMO","cc":"PSB","nv":" ","e":"n","st":"N\u00e3o eleito","dvt":"V\u00e1lido","vap":"36","pvap":"   0,09"},{"seq":"109","sqcand":"140001003620","n":"15333","nm":"VITORIA QUARESMA","cc":"MDB","nv":" ","e":"n","st":"Suplente","dvt":"V\u00e1lido","vap":"14","pvap":"   0,04"},{"seq":"66","sqcand":"140000719807","n":"13131","nm":"PROFESSORA LEIDE PINHEIRO","cc":"PT","nv":" ","e":"n","st":"Suplente","dvt":"V\u00e1lido","vap":"86","pvap":"   0,22"},{"seq":"69","sqcand":"140001245338","n":"55055","nm":"JOELSON DA SA\u00daDE","cc":"PSD","nv":" ","e":"n","st":"Suplente","dvt":"V\u00e1lido","vap":"71","pvap":"   0,18"},{"seq":"95","sqcand":"140000948650","n":"10777","nm":"HENRIQUE MORAES","cc":"REPUBLICANOS","nv":" ","e":"n","st":"Suplente","dvt":"V\u00e1lido","vap":"26","pvap":"   0,07"},{"seq":"103","sqcand":"140001150902","n":"22113","nm":"GEO BARBOSA","cc":"PL","nv":" ","e":"n","st":"Suplente","dvt":"V\u00e1lido","vap":"19","pvap":"   0,05"},{"seq":"151","sqcand":"140001171211","n":"20123","nm":"CEAR\u00c1 DA REDE","cc":"PSC","nv":" ","e":"n","st":"N\u00e3o eleito","dvt":"V\u00e1lido","vap":"33","pvap":"   0,08"},{"seq":"52","sqcand":"140001081853","n":"65789","nm":"MADRUGA DO POVO","cc":"PC do B","nv":" ","e":"n","st":"Suplente","dvt":"V\u00e1lido","vap":"203","pvap":"   0,52"},{"seq":"107","sqcand":"140000948662","n":"10001","nm":"ADRIANA","cc":"REPUBLICANOS","nv":" ","e":"n","st":"Suplente","dvt":"V\u00e1lido","vap":"15","pvap":"   0,04"},{"seq":"63","sqcand":"140000719797","n":"13999","nm":"ANTONIO BRAGA","cc":"PT","nv":" ","e":"n","st":"Suplente","dvt":"V\u00e1lido","vap":"112","pvap":"   0,28"},{"seq":"36","sqcand":"140000719798","n":"13130","nm":"PROFESSOR ANTONIO MARCOS","cc":"PT","nv":" ","e":"n","st":"Suplente","dvt":"V\u00e1lido","vap":"327","pvap":"   0,83"},{"seq":"131","sqcand":"140001016458","n":"40240","nm":"EVERALDO SANTOS EGUITA","cc":"PSB","nv":" ","e":"n","st":"N\u00e3o eleito","dvt":"V\u00e1lido","vap":"97","pvap":"   0,25"},{"seq":"88","sqcand":"140000719810","n":"13111","nm":"KEYSE ARAUJO","cc":"PT","nv":" ","e":"n","st":"Suplente","dvt":"V\u00e1lido","vap":"34","pvap":"   0,09"},{"seq":"169","sqcand":"140001270478","n":"14345","nm":"FLAVIO ALMEIDA","cc":"PTB","nv":" ","e":"n","st":"N\u00e3o eleito","dvt":"V\u00e1lido","vap":"12","pvap":"   0,03"},{"seq":"119","sqcand":"140000928986","n":"50111","nm":"TIO BABI","cc":"PSOL","nv":" ","e":"n","st":"N\u00e3o eleito","dvt":"V\u00e1lido","vap":"294","pvap":"   0,75"},{"seq":"74","sqcand":"140000664694","n":"90100","nm":"CLEMILSON LOBATO","cc":"PROS","nv":" ","e":"n","st":"Suplente","dvt":"V\u00e1lido","vap":"63","pvap":"   0,16"},{"seq":"59","sqcand":"140000664701","n":"90012","nm":"PASTOR RAIMUNDO DAS COMUNIDADE","cc":"PROS","nv":" ","e":"n","st":"Suplente","dvt":"V\u00e1lido","vap":"148","pvap":"   0,38"},{"seq":"55","sqcand":"140001081848","n":"65321","nm":"VANDO DO PS","cc":"PC do B","nv":" ","e":"n","st":"Suplente","dvt":"V\u00e1lido","vap":"184","pvap":"   0,47"},{"seq":"108","sqcand":"140001245335","n":"55333","nm":"MARIZA QUARESMA","cc":"PSD","nv":" ","e":"n","st":"Suplente","dvt":"V\u00e1lido","vap":"14","pvap":"   0,04"},{"seq":"136","sqcand":"140001169725","n":"14500","nm":"PASTOR TIEGO MOREIRA","cc":"PTB","nv":" ","e":"n","st":"N\u00e3o eleito","dvt":"V\u00e1lido","vap":"69","pvap":"   0,18"},{"seq":"8","sqcand":"140001003609","n":"15555","nm":"ANGELA MAUES","cc":"MDB","nv":" ","e":"s","st":"Eleito","dvt":"V\u00e1lido","vap":"941","pvap":"   2,39"},{"seq":"65","sqcand":"140001245337","n":"55155","nm":"AGNALDO PANTOJA","cc":"PSD","nv":" ","e":"n","st":"Suplente","dvt":"V\u00e1lido","vap":"87","pvap":"   0,22"},{"seq":"134","sqcand":"140000682528","n":"51123","nm":"PROFESSOR REGI","cc":"PATRIOTA","nv":" ","e":"n","st":"N\u00e3o eleito","dvt":"V\u00e1lido","vap":"82","pvap":"   0,21"},{"seq":"3","sqcand":"140001003612","n":"15123","nm":"TONINHO DO MURUTINGA","cc":"MDB","nv":" ","e":"s","st":"Eleito","dvt":"V\u00e1lido","vap":"1135","pvap":"   2,88"},{"seq":"14","sqcand":"140000719800","n":"13610","nm":"CARMO","cc":"PT","nv":" ","e":"s","st":"Eleito","dvt":"V\u00e1lido","vap":"664","pvap":"   1,68"},{"seq":"124","sqcand":"140000682529","n":"51234","nm":"YANDALLA FARIAS","cc":"PATRIOTA","nv":" ","e":"n","st":"N\u00e3o eleito","dvt":"V\u00e1lido","vap":"135","pvap":"   0,34"},{"seq":"157","sqcand":"140001169726","n":"14777","nm":"PR EDMAR GOUVEA","cc":"PTB","nv":" ","e":"n","st":"N\u00e3o eleito","dvt":"V\u00e1lido","vap":"25","pvap":"   0,06"},{"seq":"57","sqcand":"140000664698","n":"90190","nm":"MARCOS TITAN","cc":"PROS","nv":" ","e":"n","st":"Suplente","dvt":"V\u00e1lido","vap":"150","pvap":"   0,38"},{"seq":"164","sqcand":"140000928989","n":"50301","nm":"MARIA DE NAZAR\u00c9","cc":"PSOL","nv":" ","e":"n","st":"N\u00e3o eleito","dvt":"V\u00e1lido","vap":"15","pvap":"   0,04"},{"seq":"84","sqcand":"140001081851","n":"65000","nm":"REGINALDO RIBEIRO DA SAUDE","cc":"PC do B","nv":" ","e":"n","st":"Suplente","dvt":"V\u00e1lido","vap":"39","pvap":"   0,10"},{"seq":"150","sqcand":"140001144695","n":"28111","nm":"PADRE JOSINEI","cc":"PRTB","nv":" ","e":"n","st":"N\u00e3o eleito","dvt":"V\u00e1lido","vap":"35","pvap":"   0,09"},{"seq":"79","sqcand":"140001081856","n":"65246","nm":"PROF NATAN","cc":"PC do B","nv":" ","e":"n","st":"Suplente","dvt":"V\u00e1lido","vap":"52","pvap":"   0,13"},{"seq":"54","sqcand":"140001081846","n":"65111","nm":"ANTONIO LOBATO","cc":"PC do B","nv":" ","e":"n","st":"Suplente","dvt":"V\u00e1lido","vap":"186","pvap":"   0,47"},{"seq":"127","sqcand":"140000928985","n":"50123","nm":"JO\u00c3O MIRANDA","cc":"PSOL","nv":" ","e":"n","st":"N\u00e3o eleito","dvt":"V\u00e1lido","vap":"114","pvap":"   0,29"},{"seq":"85","sqcand":"140000948656","n":"10333","nm":"IRMA SANDRA","cc":"REPUBLICANOS","nv":" ","e":"n","st":"Suplente","dvt":"V\u00e1lido","vap":"39","pvap":"   0,10"},{"seq":"25","sqcand":"140001150904","n":"22221","nm":"PRETO","cc":"PL","nv":" ","e":"n","st":"Suplente","dvt":"V\u00e1lido","vap":"516","pvap":"   1,31"},{"seq":"147","sqcand":"140000678613","n":"43333","nm":"VALDECI NASCIMENTO","cc":"PV","nv":" ","e":"n","st":"N\u00e3o eleito","dvt":"V\u00e1lido","vap":"38","pvap":"   0,10"},{"seq":"101","sqcand":"140001081857","n":"65222","nm":"ELZA MACIEL","cc":"PC do B","nv":" ","e":"n","st":"Suplente","dvt":"V\u00e1lido","vap":"21","pvap":"   0,05"},{"seq":"89","sqcand":"140001150905","n":"22024","nm":"EDIELSON DO RAMAL","cc":"PL","nv":" ","e":"n","st":"Suplente","dvt":"V\u00e1lido","vap":"32","pvap":"   0,08"},{"seq":"22","sqcand":"140000948657","n":"10444","nm":"VALDO PANTOJA","cc":"REPUBLICANOS","nv":" ","e":"n","st":"Suplente","dvt":"V\u00e1lido","vap":"578","pvap":"   1,47"},{"seq":"94","sqcand":"140000948660","n":"10223","nm":"CUCA","cc":"REPUBLICANOS","nv":" ","e":"n","st":"Suplente","dvt":"V\u00e1lido","vap":"26","pvap":"   0,07"},{"seq":"106","sqcand":"140000948663","n":"10020","nm":"LINDALVA","cc":"REPUBLICANOS","nv":" ","e":"n","st":"Suplente","dvt":"V\u00e1lido","vap":"18","pvap":"   0,05"},{"seq":"75","sqcand":"140001150912","n":"22007","nm":"TONINHO MIRANDA","cc":"PL","nv":" ","e":"n","st":"Suplente","dvt":"V\u00e1lido","vap":"63","pvap":"   0,16"},{"seq":"171","sqcand":"140001171207","n":"20212","nm":"JOSIELE","cc":"PSC","nv":" ","e":"n","st":"N\u00e3o eleito","dvt":"V\u00e1lido","vap":"10","pvap":"   0,03"},{"seq":"179","sqcand":"140000928990","n":"50577","nm":"OTENIEL SILVA","cc":"PSOL","nv":" ","e":"n","st":"N\u00e3o eleito","dvt":"V\u00e1lido","vap":"0","pvap":"00.00"},{"seq":"125","sqcand":"140000948661","n":"10111","nm":"ASTRONAUTA","cc":"REPUBLICANOS","nv":" ","e":"n","st":"N\u00e3o eleito","dvt":"Anulado sub judice","vap":"133","pvap":"   0,34"},{"seq":"121","sqcand":"140000682532","n":"51555","nm":"IRM\u00c3 JESSY","cc":"PATRIOTA","nv":" ","e":"n","st":"N\u00e3o eleito","dvt":"V\u00e1lido","vap":"189","pvap":"   0,48"},{"seq":"111","sqcand":"140001081852","n":"65655","nm":"BARROSO","cc":"PC do B","nv":" ","e":"n","st":"Suplente","dvt":"V\u00e1lido","vap":"10","pvap":"   0,03"},{"seq":"28","sqcand":"140001245334","n":"55777","nm":"JOSIAS BELO","cc":"PSD","nv":" ","e":"n","st":"Suplente","dvt":"V\u00e1lido","vap":"492","pvap":"   1,25"},{"seq":"4","sqcand":"140001245326","n":"55123","nm":"ENFERMEIRO CL\u00c1UDIO J\u00daNIOR","cc":"PSD","nv":" ","e":"s","st":"Eleito","dvt":"V\u00e1lido","vap":"1122","pvap":"   2,85"},{"seq":"76","sqcand":"140001150909","n":"22555","nm":"MAR\u00cdLIA PORTILHO","cc":"PL","nv":" ","e":"n","st":"Suplente","dvt":"V\u00e1lido","vap":"63","pvap":"   0,16"},{"seq":"9","sqcand":"140000948651","n":"10000","nm":"RUFINO LE\u00c3O","cc":"REPUBLICANOS","nv":" ","e":"s","st":"Eleito","dvt":"V\u00e1lido","vap":"896","pvap":"   2,27"},{"seq":"162","sqcand":"140000678611","n":"43555","nm":"ELIZABEL QUARESMA","cc":"PV","nv":" ","e":"n","st":"N\u00e3o eleito","dvt":"V\u00e1lido","vap":"18","pvap":"   0,05"},{"seq":"174","sqcand":"140000928988","n":"50000","nm":"FABIOLA MORAES","cc":"PSOL","nv":" ","e":"n","st":"N\u00e3o eleito","dvt":"V\u00e1lido","vap":"3","pvap":"   0,01"},{"seq":"17","sqcand":"140000948648","n":"10456","nm":"IRAN GOMES","cc":"REPUBLICANOS","nv":" ","e":"n","st":"Suplente","dvt":"V\u00e1lido","vap":"792","pvap":"   2,01"},{"seq":"86","sqcand":"140000948655","n":"10888","nm":"BRUNINHO DO ACAI","cc":"REPUBLICANOS","nv":" ","e":"n","st":"Suplente","dvt":"V\u00e1lido","vap":"39","pvap":"   0,10"},{"seq":"11","sqcand":"140000948659","n":"10678","nm":"ANA DA VILA","cc":"REPUBLICANOS","nv":" ","e":"s","st":"Eleito","dvt":"V\u00e1lido","vap":"855","pvap":"   2,17"}]}
