{"ele":"426","tpabr":"mu","cdabr":"04669","carper":"13","t":"1","f":"o","dt":"15/11/2020","ht":"22:08:13","dv":"s","tf":"s","v":"11","esae":"n","mnae":"","s":"73","st":"73","pst":" 100,00","snt":"0","psnt":"   0,00","si":"73","psi":" 100,00","sni":"0","psni":"   0,00","sa":"73","psa":" 100,00","sna":"0","psna":"   0,00","e":"23247","ea":"23247","pea":" 100,00","ena":"0","pena":"   0,00","esi":"23247","pesi":" 100,00","esni":"0","pesni":"   0,00","c":"19509","pc":"  83,92","a":"3738","pa":"  16,08","vscv":"0","vnom":"17924","vl":"1084","pvnom":"  94,30","pvl":"   5,70","vvc":"19008","pvvc":"  97,43","vb":"86","pvb":"   0,44","tvn":"415","ptvn":"   2,13","vn":"415","pvn":" 100,00","vnt":"0","pvnt":"   0,00","vp":"0","pvp":"   0,00","vv":"19008","pvv":" 100,00","van":"0","pvan":"   0,00","vansj":"0","pvansj":"   0,00","tv":"19509","cand":[{"seq":"81","sqcand":"140000721948","n":"15444","nm":"CARMECI COSTA","cc":"MDB","nv":" ","e":"n","st":"Suplente","dvt":"V\u00e1lido","vap":"3","pvap":"   0,02"},{"seq":"115","sqcand":"140001264080","n":"19019","nm":"PROFA ANA PAULA","cc":"PODE","nv":" ","e":"n","st":"N\u00e3o eleito","dvt":"V\u00e1lido","vap":"6","pvap":"   0,03"},{"seq":"91","sqcand":"140001094451","n":"50000","nm":"FABR\u00cdCIO TRACUATEUA","cc":"PSOL","nv":" ","e":"n","st":"N\u00e3o eleito","dvt":"V\u00e1lido","vap":"128","pvap":"   0,67"},{"seq":"43","sqcand":"140000962238","n":"20234","nm":"SEVERINO DA VILA SOCORRO","cc":"PSC","nv":" ","e":"n","st":"Suplente","dvt":"V\u00e1lido","vap":"98","pvap":"   0,52"},{"seq":"110","sqcand":"140001032074","n":"25678","nm":"JOEL MATOS","cc":"DEM","nv":" ","e":"n","st":"N\u00e3o eleito","dvt":"V\u00e1lido","vap":"10","pvap":"   0,05"},{"seq":"65","sqcand":"140000643532","n":"14222","nm":"ALBERTO DO OVO","cc":"PTB","nv":" ","e":"n","st":"Suplente","dvt":"V\u00e1lido","vap":"33","pvap":"   0,17"},{"seq":"111","sqcand":"140000958547","n":"70111","nm":"RUT\u00c3O","cc":"AVANTE","nv":" ","e":"n","st":"N\u00e3o eleito","dvt":"V\u00e1lido","vap":"10","pvap":"   0,05"},{"seq":"117","sqcand":"140000860388","n":"13345","nm":"ELEUDE","cc":"PT","nv":" ","e":"n","st":"N\u00e3o eleito","dvt":"V\u00e1lido","vap":"4","pvap":"   0,02"},{"seq":"34","sqcand":"140000643533","n":"14333","nm":"JORDAN XAVIER","cc":"PTB","nv":" ","e":"n","st":"Suplente","dvt":"V\u00e1lido","vap":"150","pvap":"   0,79"},{"seq":"120","sqcand":"140001032061","n":"45666","nm":"RUBENS TAXISTA","cc":"PSDB","nv":" ","e":"n","st":"N\u00e3o eleito","dvt":"V\u00e1lido","vap":"0","pvap":"00.00"},{"seq":"92","sqcand":"140000860387","n":"13123","nm":"VANUZA DE VILA FATIMA","cc":"PT","nv":" ","e":"n","st":"N\u00e3o eleito","dvt":"V\u00e1lido","vap":"120","pvap":"   0,63"},{"seq":"87","sqcand":"140000958548","n":"70123","nm":"BRUNO SOUSA","cc":"AVANTE","nv":" ","e":"n","st":"N\u00e3o eleito","dvt":"V\u00e1lido","vap":"220","pvap":"   1,16"},{"seq":"47","sqcand":"140000759496","n":"10234","nm":"CLEIDIANE MELO","cc":"REPUBLICANOS","nv":" ","e":"n","st":"Suplente","dvt":"V\u00e1lido","vap":"77","pvap":"   0,41"},{"seq":"84","sqcand":"140000860390","n":"13013","nm":"PRETA DO BAIRRO NOVO","cc":"PT","nv":" ","e":"n","st":"N\u00e3o eleito","dvt":"V\u00e1lido","vap":"253","pvap":"   1,33"},{"seq":"46","sqcand":"140000721937","n":"15200","nm":"PROF DEIVISON AVIZ","cc":"MDB","nv":" ","e":"n","st":"Suplente","dvt":"V\u00e1lido","vap":"82","pvap":"   0,43"},{"seq":"55","sqcand":"140000917836","n":"23222","nm":"OSIEL PARRUDO","cc":"CIDADANIA","nv":" ","e":"n","st":"Suplente","dvt":"V\u00e1lido","vap":"65","pvap":"   0,34"},{"seq":"80","sqcand":"140000759492","n":"10852","nm":"ALESSANDRO PIPOCA","cc":"REPUBLICANOS","nv":" ","e":"n","st":"Suplente","dvt":"V\u00e1lido","vap":"7","pvap":"   0,04"},{"seq":"45","sqcand":"140000643531","n":"14192","nm":"KIKO DOS NEVES","cc":"PTB","nv":" ","e":"n","st":"Suplente","dvt":"V\u00e1lido","vap":"87","pvap":"   0,46"},{"seq":"21","sqcand":"140000962239","n":"20000","nm":"TONNY G\u00c1S","cc":"PSC","nv":" ","e":"n","st":"Suplente","dvt":"V\u00e1lido","vap":"268","pvap":"   1,41"},{"seq":"63","sqcand":"140000917837","n":"23006","nm":"PROFESSORA LUCIANA ANDRADE","cc":"CIDADANIA","nv":" ","e":"n","st":"Suplente","dvt":"V\u00e1lido","vap":"39","pvap":"   0,21"},{"seq":"36","sqcand":"140000759500","n":"10333","nm":"JONH LENNON","cc":"REPUBLICANOS","nv":" ","e":"n","st":"Suplente","dvt":"V\u00e1lido","vap":"139","pvap":"   0,73"},{"seq":"100","sqcand":"140001032063","n":"45111","nm":"PROF LUIZ MAIA","cc":"PSDB","nv":" ","e":"n","st":"N\u00e3o eleito","dvt":"V\u00e1lido","vap":"35","pvap":"   0,18"},{"seq":"116","sqcand":"140000958549","n":"70322","nm":"JONAS XAVIER","cc":"AVANTE","nv":" ","e":"n","st":"N\u00e3o eleito","dvt":"V\u00e1lido","vap":"5","pvap":"   0,03"},{"seq":"67","sqcand":"140000759497","n":"10000","nm":"ANDRE MARAJA","cc":"REPUBLICANOS","nv":" ","e":"n","st":"Suplente","dvt":"V\u00e1lido","vap":"30","pvap":"   0,16"},{"seq":"78","sqcand":"140000962241","n":"20222","nm":"LOURDES BRITO","cc":"PSC","nv":" ","e":"n","st":"Suplente","dvt":"V\u00e1lido","vap":"11","pvap":"   0,06"},{"seq":"71","sqcand":"140000962247","n":"20255","nm":"MARIINHA","cc":"PSC","nv":" ","e":"n","st":"Suplente","dvt":"V\u00e1lido","vap":"19","pvap":"   0,10"},{"seq":"102","sqcand":"140001032060","n":"45456","nm":"TALYTA NORONHA","cc":"PSDB","nv":" ","e":"n","st":"N\u00e3o eleito","dvt":"V\u00e1lido","vap":"28","pvap":"   0,15"},{"seq":"76","sqcand":"140000643523","n":"14014","nm":"LIKA DA LUZ","cc":"PTB","nv":" ","e":"n","st":"Suplente","dvt":"V\u00e1lido","vap":"13","pvap":"   0,07"},{"seq":"11","sqcand":"140000692608","n":"12000","nm":"NEN\u00ca TRACUATEUA","cc":"PDT","nv":" ","e":"s","st":"Eleito","dvt":"V\u00e1lido","vap":"231","pvap":"   1,22"},{"seq":"85","sqcand":"140000958552","n":"70000","nm":"Z\u00c9 CARLOS","cc":"AVANTE","nv":" ","e":"n","st":"N\u00e3o eleito","dvt":"V\u00e1lido","vap":"244","pvap":"   1,28"},{"seq":"8","sqcand":"140000759489","n":"10123","nm":"PROFESSOR RAIAN VIEIRA","cc":"REPUBLICANOS","nv":" ","e":"s","st":"Eleito","dvt":"V\u00e1lido","vap":"478","pvap":"   2,51"},{"seq":"49","sqcand":"140000759501","n":"10888","nm":"RUBENS DO CARANAN","cc":"REPUBLICANOS","nv":" ","e":"n","st":"Suplente","dvt":"V\u00e1lido","vap":"74","pvap":"   0,39"},{"seq":"75","sqcand":"140000692612","n":"12333","nm":"N\u00c9IA","cc":"PDT","nv":" ","e":"n","st":"Suplente","dvt":"V\u00e1lido","vap":"14","pvap":"   0,07"},{"seq":"13","sqcand":"140000643525","n":"14888","nm":"CICI DO CHAGA","cc":"PTB","nv":" ","e":"n","st":"Suplente","dvt":"V\u00e1lido","vap":"474","pvap":"   2,49"},{"seq":"42","sqcand":"140000692606","n":"12202","nm":"ANT\u00d4NIO NUNES","cc":"PDT","nv":" ","e":"n","st":"Suplente","dvt":"V\u00e1lido","vap":"101","pvap":"   0,53"},{"seq":"96","sqcand":"140000860386","n":"13567","nm":"ZEQUINHA TEIXEIRA","cc":"PT","nv":" ","e":"n","st":"N\u00e3o eleito","dvt":"V\u00e1lido","vap":"67","pvap":"   0,35"},{"seq":"5","sqcand":"140000917838","n":"23111","nm":"TALITO","cc":"CIDADANIA","nv":" ","e":"s","st":"Eleito","dvt":"V\u00e1lido","vap":"550","pvap":"   2,89"},{"seq":"118","sqcand":"140001032078","n":"25055","nm":"OSMAR LISBOA","cc":"DEM","nv":" ","e":"n","st":"N\u00e3o eleito","dvt":"V\u00e1lido","vap":"3","pvap":"   0,02"},{"seq":"1","sqcand":"140000643536","n":"14777","nm":"PAULA MELO","cc":"PTB","nv":" ","e":"s","st":"Eleito","dvt":"V\u00e1lido","vap":"752","pvap":"   3,96"},{"seq":"64","sqcand":"140000917833","n":"23153","nm":"EMERSON PEREIRA","cc":"CIDADANIA","nv":" ","e":"n","st":"Suplente","dvt":"V\u00e1lido","vap":"37","pvap":"   0,19"},{"seq":"27","sqcand":"140000692605","n":"12345","nm":"S\u00c9RGIO CANOA","cc":"PDT","nv":" ","e":"n","st":"Suplente","dvt":"V\u00e1lido","vap":"214","pvap":"   1,13"},{"seq":"59","sqcand":"140000692604","n":"12456","nm":"WELLINGTON SARMENTO","cc":"PDT","nv":" ","e":"n","st":"Suplente","dvt":"V\u00e1lido","vap":"45","pvap":"   0,24"},{"seq":"69","sqcand":"140000721939","n":"15999","nm":"RUY DO FRANGO","cc":"MDB","nv":" ","e":"n","st":"Suplente","dvt":"V\u00e1lido","vap":"20","pvap":"   0,11"},{"seq":"56","sqcand":"140000692609","n":"12445","nm":"MARIA CARVALHO","cc":"PDT","nv":" ","e":"n","st":"Suplente","dvt":"V\u00e1lido","vap":"51","pvap":"   0,27"},{"seq":"74","sqcand":"140000692613","n":"12111","nm":"EDVALDO SOUSA","cc":"PDT","nv":" ","e":"n","st":"Suplente","dvt":"V\u00e1lido","vap":"16","pvap":"   0,08"},{"seq":"24","sqcand":"140000643535","n":"14000","nm":"JAILTON BANDEIRA O C\u00daRIO","cc":"PTB","nv":" ","e":"n","st":"Suplente","dvt":"V\u00e1lido","vap":"228","pvap":"   1,20"},{"seq":"30","sqcand":"140000643528","n":"14556","nm":"WHYGO ANDRADE","cc":"PTB","nv":" ","e":"n","st":"Suplente","dvt":"V\u00e1lido","vap":"188","pvap":"   0,99"},{"seq":"32","sqcand":"140000917835","n":"23444","nm":"D\u00caNIS DA CHAPADA","cc":"CIDADANIA","nv":" ","e":"n","st":"Suplente","dvt":"V\u00e1lido","vap":"175","pvap":"   0,92"},{"seq":"108","sqcand":"140000860393","n":"13789","nm":"ODAIR","cc":"PT","nv":" ","e":"n","st":"N\u00e3o eleito","dvt":"V\u00e1lido","vap":"16","pvap":"   0,08"},{"seq":"119","sqcand":"140001032079","n":"25234","nm":"SIRLANE SANTOS","cc":"DEM","nv":" ","e":"n","st":"N\u00e3o eleito","dvt":"V\u00e1lido","vap":"2","pvap":"   0,01"},{"seq":"94","sqcand":"140001032059","n":"45555","nm":"PROF DARIO","cc":"PSDB","nv":" ","e":"n","st":"N\u00e3o eleito","dvt":"V\u00e1lido","vap":"77","pvap":"   0,41"},{"seq":"93","sqcand":"140000958551","n":"70456","nm":"ANA MONTEIRO","cc":"AVANTE","nv":" ","e":"n","st":"N\u00e3o eleito","dvt":"V\u00e1lido","vap":"95","pvap":"   0,50"},{"seq":"12","sqcand":"140000643521","n":"14444","nm":"TANA RIBEIRO","cc":"PTB","nv":" ","e":"n","st":"Suplente","dvt":"V\u00e1lido","vap":"576","pvap":"   3,03"},{"seq":"7","sqcand":"140000962244","n":"20456","nm":"ENINHO DO TAT\u00da","cc":"PSC","nv":" ","e":"s","st":"Eleito","dvt":"V\u00e1lido","vap":"498","pvap":"   2,62"},{"seq":"77","sqcand":"140000917834","n":"23000","nm":"SANDRA MORAES","cc":"CIDADANIA","nv":" ","e":"n","st":"Suplente","dvt":"V\u00e1lido","vap":"12","pvap":"   0,06"},{"seq":"38","sqcand":"140000692607","n":"12222","nm":"AURIVAN SOUSA","cc":"PDT","nv":" ","e":"n","st":"Suplente","dvt":"V\u00e1lido","vap":"135","pvap":"   0,71"},{"seq":"39","sqcand":"140000643522","n":"14555","nm":"ALAF CARVALHO","cc":"PTB","nv":" ","e":"n","st":"Suplente","dvt":"V\u00e1lido","vap":"114","pvap":"   0,60"},{"seq":"20","sqcand":"140000643527","n":"14111","nm":"PROFESSORA AGRIPINA","cc":"PTB","nv":" ","e":"n","st":"Suplente","dvt":"V\u00e1lido","vap":"273","pvap":"   1,44"},{"seq":"61","sqcand":"140000917844","n":"23333","nm":"ADAMASTOR","cc":"CIDADANIA","nv":" ","e":"n","st":"Suplente","dvt":"V\u00e1lido","vap":"43","pvap":"   0,23"},{"seq":"41","sqcand":"140000917841","n":"23123","nm":"VEREQUETE","cc":"CIDADANIA","nv":" ","e":"n","st":"Suplente","dvt":"V\u00e1lido","vap":"101","pvap":"   0,53"},{"seq":"16","sqcand":"140000962243","n":"20888","nm":"MESSIAS PADILHA","cc":"PSC","nv":" ","e":"n","st":"Suplente","dvt":"V\u00e1lido","vap":"373","pvap":"   1,96"},{"seq":"107","sqcand":"140000860385","n":"13333","nm":"IVONE ANDRADE","cc":"PT","nv":" ","e":"n","st":"N\u00e3o eleito","dvt":"V\u00e1lido","vap":"16","pvap":"   0,08"},{"seq":"88","sqcand":"140000958546","n":"70789","nm":"GILMAR DO COCAL","cc":"AVANTE","nv":" ","e":"n","st":"N\u00e3o eleito","dvt":"V\u00e1lido","vap":"197","pvap":"   1,04"},{"seq":"10","sqcand":"140000759495","n":"10456","nm":"WILSON PAULINO","cc":"REPUBLICANOS","nv":" ","e":"s","st":"Eleito","dvt":"V\u00e1lido","vap":"437","pvap":"   2,30"},{"seq":"105","sqcand":"140001032058","n":"45045","nm":"FRANCI","cc":"PSDB","nv":" ","e":"n","st":"N\u00e3o eleito","dvt":"V\u00e1lido","vap":"23","pvap":"   0,12"},{"seq":"50","sqcand":"140000721943","n":"15333","nm":"SAMUEL DUARTE","cc":"MDB","nv":" ","e":"n","st":"Suplente","dvt":"V\u00e1lido","vap":"72","pvap":"   0,38"},{"seq":"40","sqcand":"140000917840","n":"23777","nm":"IRM\u00c3O ADELINO","cc":"CIDADANIA","nv":" ","e":"n","st":"Suplente","dvt":"V\u00e1lido","vap":"112","pvap":"   0,59"},{"seq":"97","sqcand":"140001032062","n":"45678","nm":"TULUCA","cc":"PSDB","nv":" ","e":"n","st":"N\u00e3o eleito","dvt":"V\u00e1lido","vap":"55","pvap":"   0,29"},{"seq":"51","sqcand":"140000692615","n":"12123","nm":"PROFESSOR ADEUZI LISBOA","cc":"PDT","nv":" ","e":"n","st":"Suplente","dvt":"V\u00e1lido","vap":"71","pvap":"   0,37"},{"seq":"3","sqcand":"140000643526","n":"14123","nm":"MARCELO DA FARMACIA","cc":"PTB","nv":" ","e":"s","st":"Eleito","dvt":"V\u00e1lido","vap":"613","pvap":"   3,22"},{"seq":"60","sqcand":"140000962246","n":"20789","nm":"IRM\u00c3 MAXICA","cc":"PSC","nv":" ","e":"n","st":"Suplente","dvt":"V\u00e1lido","vap":"44","pvap":"   0,23"},{"seq":"99","sqcand":"140001032064","n":"45112","nm":"DIOCELIA DO ESTIR\u00c3O","cc":"PSDB","nv":" ","e":"n","st":"N\u00e3o eleito","dvt":"V\u00e1lido","vap":"43","pvap":"   0,23"},{"seq":"35","sqcand":"140000721949","n":"15222","nm":"ROZINALDO","cc":"MDB","nv":" ","e":"n","st":"Suplente","dvt":"V\u00e1lido","vap":"139","pvap":"   0,73"},{"seq":"31","sqcand":"140000962245","n":"20123","nm":"JACY COSTA","cc":"PSC","nv":" ","e":"n","st":"Suplente","dvt":"V\u00e1lido","vap":"178","pvap":"   0,94"},{"seq":"90","sqcand":"140001032056","n":"45000","nm":"NIVALDO PRESTA\u00c7\u00c3O","cc":"PSDB","nv":" ","e":"n","st":"N\u00e3o eleito","dvt":"V\u00e1lido","vap":"133","pvap":"   0,70"},{"seq":"17","sqcand":"140000721942","n":"15555","nm":"GAVI\u00c3O","cc":"MDB","nv":" ","e":"n","st":"Suplente","dvt":"V\u00e1lido","vap":"367","pvap":"   1,93"},{"seq":"103","sqcand":"140001094450","n":"50554","nm":"PROFESSOR EDIMILSON","cc":"PSOL","nv":" ","e":"n","st":"N\u00e3o eleito","dvt":"V\u00e1lido","vap":"24","pvap":"   0,13"},{"seq":"53","sqcand":"140000917839","n":"23001","nm":"ALCILENE NEVES","cc":"CIDADANIA","nv":" ","e":"n","st":"Suplente","dvt":"V\u00e1lido","vap":"69","pvap":"   0,36"},{"seq":"19","sqcand":"140000759491","n":"10222","nm":"DIDI DO NANAN","cc":"REPUBLICANOS","nv":" ","e":"n","st":"Suplente","dvt":"V\u00e1lido","vap":"288","pvap":"   1,52"},{"seq":"15","sqcand":"140000721947","n":"15678","nm":"DR\u00aa NELMA","cc":"MDB","nv":" ","e":"n","st":"Suplente","dvt":"V\u00e1lido","vap":"407","pvap":"   2,14"},{"seq":"95","sqcand":"140000958544","n":"70222","nm":"NATAN OSORIO","cc":"AVANTE","nv":" ","e":"n","st":"N\u00e3o eleito","dvt":"V\u00e1lido","vap":"69","pvap":"   0,36"},{"seq":"29","sqcand":"140000692614","n":"12200","nm":"BOLOI","cc":"PDT","nv":" ","e":"n","st":"Suplente","dvt":"V\u00e1lido","vap":"193","pvap":"   1,02"},{"seq":"98","sqcand":"140000860384","n":"13130","nm":"PROFESSOR JUCELIO CUNHA","cc":"PT","nv":" ","e":"n","st":"N\u00e3o eleito","dvt":"V\u00e1lido","vap":"54","pvap":"   0,28"},{"seq":"22","sqcand":"140000643534","n":"14789","nm":"SALATIEL COSTA","cc":"PTB","nv":" ","e":"n","st":"Suplente","dvt":"V\u00e1lido","vap":"256","pvap":"   1,35"},{"seq":"18","sqcand":"140000759498","n":"10109","nm":"PRETO DO FLEXAL","cc":"REPUBLICANOS","nv":" ","e":"n","st":"Suplente","dvt":"V\u00e1lido","vap":"314","pvap":"   1,65"},{"seq":"89","sqcand":"140001032057","n":"45123","nm":"JUNIOR BARROS","cc":"PSDB","nv":" ","e":"n","st":"N\u00e3o eleito","dvt":"V\u00e1lido","vap":"150","pvap":"   0,79"},{"seq":"70","sqcand":"140000721940","n":"15007","nm":"CL\u00c9IA LUZ","cc":"MDB","nv":" ","e":"n","st":"Suplente","dvt":"V\u00e1lido","vap":"20","pvap":"   0,11"},{"seq":"114","sqcand":"140001032075","n":"25123","nm":"PROF PAULO HENRIQUE","cc":"DEM","nv":" ","e":"n","st":"N\u00e3o eleito","dvt":"V\u00e1lido","vap":"7","pvap":"   0,04"},{"seq":"72","sqcand":"140000643524","n":"14678","nm":"ALDA GOMES","cc":"PTB","nv":" ","e":"n","st":"Suplente","dvt":"V\u00e1lido","vap":"17","pvap":"   0,09"},{"seq":"83","sqcand":"140000958545","n":"70999","nm":"ENFERMEIRA JOELMA","cc":"AVANTE","nv":" ","e":"n","st":"N\u00e3o eleito","dvt":"V\u00e1lido","vap":"270","pvap":"   1,42"},{"seq":"121","sqcand":"140000958550","n":"70333","nm":"LEVI DAS ANTENAS","cc":"AVANTE","nv":" ","e":"n","st":"N\u00e3o eleito","dvt":"V\u00e1lido","vap":"0","pvap":"00.00"},{"seq":"73","sqcand":"140000721950","n":"15111","nm":"BIA","cc":"MDB","nv":" ","e":"n","st":"Suplente","dvt":"V\u00e1lido","vap":"17","pvap":"   0,09"},{"seq":"52","sqcand":"140000962242","n":"20258","nm":"FERNANDO SILVA","cc":"PSC","nv":" ","e":"n","st":"Suplente","dvt":"V\u00e1lido","vap":"71","pvap":"   0,37"},{"seq":"28","sqcand":"140000759490","n":"10789","nm":"ELIANE NASCIMENTO","cc":"REPUBLICANOS","nv":" ","e":"n","st":"Suplente","dvt":"V\u00e1lido","vap":"207","pvap":"   1,09"},{"seq":"23","sqcand":"140000917843","n":"23007","nm":"RAFAEL NERY","cc":"CIDADANIA","nv":" ","e":"n","st":"Suplente","dvt":"V\u00e1lido","vap":"248","pvap":"   1,30"},{"seq":"25","sqcand":"140000759499","n":"10444","nm":"PROFESSORA IRENY","cc":"REPUBLICANOS","nv":" ","e":"n","st":"Suplente","dvt":"V\u00e1lido","vap":"224","pvap":"   1,18"},{"seq":"79","sqcand":"140000692611","n":"12125","nm":"IRM\u00c3 NARA FURTADO","cc":"PDT","nv":" ","e":"n","st":"Suplente","dvt":"V\u00e1lido","vap":"11","pvap":"   0,06"},{"seq":"4","sqcand":"140000643529","n":"14567","nm":"ALDRIN FERREIRA","cc":"PTB","nv":" ","e":"s","st":"Eleito","dvt":"V\u00e1lido","vap":"584","pvap":"   3,07"},{"seq":"54","sqcand":"140000721938","n":"15888","nm":"BRAGAN\u00c7A","cc":"MDB","nv":" ","e":"n","st":"Suplente","dvt":"V\u00e1lido","vap":"66","pvap":"   0,35"},{"seq":"109","sqcand":"140001032077","n":"25000","nm":"JOSILENE COSTA","cc":"DEM","nv":" ","e":"n","st":"N\u00e3o eleito","dvt":"V\u00e1lido","vap":"11","pvap":"   0,06"},{"seq":"86","sqcand":"140000860392","n":"13100","nm":"PROFESSOR CLEDSON","cc":"PT","nv":" ","e":"n","st":"N\u00e3o eleito","dvt":"V\u00e1lido","vap":"233","pvap":"   1,23"},{"seq":"14","sqcand":"140000721934","n":"15123","nm":"ANDREY MONTEIRO","cc":"MDB","nv":" ","e":"n","st":"Suplente","dvt":"V\u00e1lido","vap":"443","pvap":"   2,33"},{"seq":"9","sqcand":"140000721945","n":"15456","nm":"DAVI GAMA","cc":"MDB","nv":" ","e":"s","st":"Eleito","dvt":"V\u00e1lido","vap":"477","pvap":"   2,51"},{"seq":"66","sqcand":"140000721935","n":"15777","nm":"ANTONIO DA MUNDEL","cc":"MDB","nv":" ","e":"n","st":"Suplente","dvt":"V\u00e1lido","vap":"32","pvap":"   0,17"},{"seq":"6","sqcand":"140000721946","n":"15346","nm":"Z\u00c9 ADILSON","cc":"MDB","nv":" ","e":"s","st":"Eleito","dvt":"V\u00e1lido","vap":"516","pvap":"   2,71"},{"seq":"33","sqcand":"140000759494","n":"10999","nm":"TATIANE BATISTA","cc":"REPUBLICANOS","nv":" ","e":"n","st":"Suplente","dvt":"V\u00e1lido","vap":"153","pvap":"   0,80"},{"seq":"113","sqcand":"140000860389","n":"13973","nm":"ELIZAN","cc":"PT","nv":" ","e":"n","st":"N\u00e3o eleito","dvt":"V\u00e1lido","vap":"8","pvap":"   0,04"},{"seq":"26","sqcand":"140000721936","n":"15789","nm":"LELECA","cc":"MDB","nv":" ","e":"n","st":"Suplente","dvt":"V\u00e1lido","vap":"219","pvap":"   1,15"},{"seq":"104","sqcand":"140001094449","n":"50456","nm":"PROFESSORA EDILENE","cc":"PSOL","nv":" ","e":"n","st":"N\u00e3o eleito","dvt":"V\u00e1lido","vap":"24","pvap":"   0,13"},{"seq":"82","sqcand":"140000860383","n":"13456","nm":"CELSO DO SINDICATO","cc":"PT","nv":" ","e":"n","st":"N\u00e3o eleito","dvt":"V\u00e1lido","vap":"277","pvap":"   1,46"},{"seq":"112","sqcand":"140001094448","n":"50011","nm":"SHARINNA MAIA","cc":"PSOL","nv":" ","e":"n","st":"N\u00e3o eleito","dvt":"V\u00e1lido","vap":"10","pvap":"   0,05"},{"seq":"44","sqcand":"140000721941","n":"15277","nm":"BRANCA AVIZ","cc":"MDB","nv":" ","e":"n","st":"Suplente","dvt":"V\u00e1lido","vap":"90","pvap":"   0,47"},{"seq":"101","sqcand":"140001032076","n":"25111","nm":"ORIVALDO","cc":"DEM","nv":" ","e":"n","st":"N\u00e3o eleito","dvt":"V\u00e1lido","vap":"29","pvap":"   0,15"},{"seq":"106","sqcand":"140000860391","n":"13555","nm":"IVONALDO","cc":"PT","nv":" ","e":"n","st":"N\u00e3o eleito","dvt":"V\u00e1lido","vap":"17","pvap":"   0,09"},{"seq":"48","sqcand":"140000692610","n":"12300","nm":"PROF GECILENE VIEIRA DO PINA","cc":"PDT","nv":" ","e":"n","st":"Suplente","dvt":"V\u00e1lido","vap":"76","pvap":"   0,40"},{"seq":"68","sqcand":"140000962240","n":"20777","nm":"CEZAR MELO","cc":"PSC","nv":" ","e":"n","st":"Suplente","dvt":"V\u00e1lido","vap":"27","pvap":"   0,14"},{"seq":"58","sqcand":"140000917832","n":"23456","nm":"PROFESSORA DHNE MARIA","cc":"CIDADANIA","nv":" ","e":"n","st":"Suplente","dvt":"V\u00e1lido","vap":"45","pvap":"   0,24"},{"seq":"62","sqcand":"140000721944","n":"15467","nm":"CARIVALDO","cc":"MDB","nv":" ","e":"n","st":"Suplente","dvt":"V\u00e1lido","vap":"41","pvap":"   0,22"},{"seq":"57","sqcand":"140000917842","n":"23555","nm":"ZEZ\u00c9 DO NAN\u00c3","cc":"CIDADANIA","nv":" ","e":"n","st":"Suplente","dvt":"V\u00e1lido","vap":"48","pvap":"   0,25"},{"seq":"37","sqcand":"140000759493","n":"10258","nm":"FRANCELY OLIVEIRA","cc":"REPUBLICANOS","nv":" ","e":"n","st":"Suplente","dvt":"V\u00e1lido","vap":"136","pvap":"   0,72"},{"seq":"2","sqcand":"140000643530","n":"14999","nm":"EMANOEL DA VILA SOCORRO","cc":"PTB","nv":" ","e":"s","st":"Eleito","dvt":"V\u00e1lido","vap":"729","pvap":"   3,84"}]}
