{"ele":"426","tpabr":"mu","cdabr":"04693","carper":"13","t":"1","f":"o","dt":"15/11/2020","ht":"22:32:28","dv":"s","tf":"s","v":"13","esae":"n","mnae":"","s":"98","st":"98","pst":" 100,00","snt":"0","psnt":"   0,00","si":"98","psi":" 100,00","sni":"0","psni":"   0,00","sa":"98","psa":" 100,00","sna":"0","psna":"   0,00","e":"25742","ea":"25742","pea":" 100,00","ena":"0","pena":"   0,00","esi":"25742","pesi":" 100,00","esni":"0","pesni":"   0,00","c":"20944","pc":"  81,36","a":"4798","pa":"  18,64","vscv":"0","vnom":"19210","vl":"1074","pvnom":"  94,71","pvl":"   5,29","vvc":"20299","pvvc":"  96,92","vb":"177","pvb":"   0,85","tvn":"468","ptvn":"   2,23","vn":"466","pvn":"  99,57","vnt":"2","pvnt":"   0,43","vp":"0","pvp":"   0,00","vv":"20284","pvv":"  99,93","van":"0","pvan":"   0,00","vansj":"15","pvansj":"   0,07","tv":"20944","cand":[{"seq":"91","sqcand":"140000738955","n":"36789","nm":"PROFESSOR ADRIANO","cc":"PTC","nv":" ","e":"n","st":"N\u00e3o eleito","dvt":"V\u00e1lido","vap":"28","pvap":"   0,14"},{"seq":"107","sqcand":"140000738945","n":"36999","nm":"EDSON CAMPOS","cc":"PTC","nv":" ","e":"n","st":"N\u00e3o eleito","dvt":"V\u00e1lido","vap":"2","pvap":"   0,01"},{"seq":"53","sqcand":"140000930837","n":"25555","nm":"PROFESSORA NEUZARINA","cc":"DEM","nv":" ","e":"n","st":"Suplente","dvt":"V\u00e1lido","vap":"32","pvap":"   0,16"},{"seq":"34","sqcand":"140000930828","n":"25666","nm":"PACO DO ESPORTE","cc":"DEM","nv":" ","e":"n","st":"Suplente","dvt":"V\u00e1lido","vap":"141","pvap":"   0,69"},{"seq":"80","sqcand":"140000673317","n":"23000","nm":"MARCOS SANTOS","cc":"CIDADANIA","nv":" ","e":"n","st":"N\u00e3o eleito","dvt":"V\u00e1lido","vap":"48","pvap":"   0,24"},{"seq":"84","sqcand":"140001011259","n":"11567","nm":"MARCIA","cc":"PP","nv":" ","e":"n","st":"N\u00e3o eleito","dvt":"V\u00e1lido","vap":"38","pvap":"   0,19"},{"seq":"74","sqcand":"140001133848","n":"90555","nm":"DR MARCOS CHRISTIAN","cc":"PROS","nv":" ","e":"n","st":"N\u00e3o eleito","dvt":"V\u00e1lido","vap":"101","pvap":"   0,50"},{"seq":"66","sqcand":"140001273703","n":"22777","nm":"MICHELLE","cc":"PL","nv":" ","e":"n","st":"Suplente","dvt":"V\u00e1lido","vap":"5","pvap":"   0,02"},{"seq":"76","sqcand":"140001133852","n":"90000","nm":"MIMI","cc":"PROS","nv":" ","e":"n","st":"N\u00e3o eleito","dvt":"V\u00e1lido","vap":"73","pvap":"   0,36"},{"seq":"78","sqcand":"140000738952","n":"36111","nm":"NETO","cc":"PTC","nv":" ","e":"n","st":"N\u00e3o eleito","dvt":"V\u00e1lido","vap":"56","pvap":"   0,28"},{"seq":"92","sqcand":"140000738957","n":"36222","nm":"RA\u00cdMISON ARA\u00daJO","cc":"PTC","nv":" ","e":"n","st":"N\u00e3o eleito","dvt":"V\u00e1lido","vap":"26","pvap":"   0,13"},{"seq":"82","sqcand":"140001011257","n":"11000","nm":"DARLENE","cc":"PP","nv":" ","e":"n","st":"N\u00e3o eleito","dvt":"V\u00e1lido","vap":"41","pvap":"   0,20"},{"seq":"37","sqcand":"140001129879","n":"22567","nm":"F\u00c1TIMA DO VINTE TRES","cc":"PL","nv":" ","e":"n","st":"Suplente","dvt":"V\u00e1lido","vap":"104","pvap":"   0,51"},{"seq":"54","sqcand":"140000930826","n":"25382","nm":"PROFESSORA ALDA MEDEIROS","cc":"DEM","nv":" ","e":"n","st":"Suplente","dvt":"V\u00e1lido","vap":"32","pvap":"   0,16"},{"seq":"89","sqcand":"140001220672","n":"23111","nm":"FERNANDA ROMANO","cc":"CIDADANIA","nv":" ","e":"n","st":"N\u00e3o eleito","dvt":"V\u00e1lido","vap":"31","pvap":"   0,15"},{"seq":"17","sqcand":"140001010885","n":"14233","nm":"RAFAEL CORDEIRO","cc":"PTB","nv":" ","e":"n","st":"Suplente","dvt":"V\u00e1lido","vap":"413","pvap":"   2,03"},{"seq":"27","sqcand":"140001034056","n":"15610","nm":"BABAO","cc":"MDB","nv":" ","e":"n","st":"Suplente","dvt":"V\u00e1lido","vap":"241","pvap":"   1,19"},{"seq":"100","sqcand":"140000738949","n":"36136","nm":"MALA DA VAN","cc":"PTC","nv":" ","e":"n","st":"N\u00e3o eleito","dvt":"V\u00e1lido","vap":"10","pvap":"   0,05"},{"seq":"6","sqcand":"140000930834","n":"25888","nm":"BITO","cc":"DEM","nv":" ","e":"s","st":"Eleito","dvt":"V\u00e1lido","vap":"684","pvap":"   3,37"},{"seq":"104","sqcand":"140000738961","n":"36567","nm":"JOS\u00c9 MARIA","cc":"PTC","nv":" ","e":"n","st":"N\u00e3o eleito","dvt":"V\u00e1lido","vap":"5","pvap":"   0,02"},{"seq":"62","sqcand":"140000930839","n":"25444","nm":"LUCYLENE","cc":"DEM","nv":" ","e":"n","st":"Suplente","dvt":"V\u00e1lido","vap":"15","pvap":"   0,07"},{"seq":"101","sqcand":"140000738947","n":"36360","nm":"MOCOT\u00d3","cc":"PTC","nv":" ","e":"n","st":"N\u00e3o eleito","dvt":"V\u00e1lido","vap":"10","pvap":"   0,05"},{"seq":"16","sqcand":"140001220950","n":"13456","nm":"F\u00c1BIO ROG\u00c9RIO","cc":"PT","nv":" ","e":"n","st":"Suplente","dvt":"V\u00e1lido","vap":"439","pvap":"   2,16"},{"seq":"73","sqcand":"140000738951","n":"36456","nm":"CEC\u00cdLIA","cc":"PTC","nv":" ","e":"n","st":"N\u00e3o eleito","dvt":"V\u00e1lido","vap":"118","pvap":"   0,58"},{"seq":"79","sqcand":"140000738953","n":"36000","nm":"PROFESSORA MARCILENE","cc":"PTC","nv":" ","e":"n","st":"N\u00e3o eleito","dvt":"V\u00e1lido","vap":"55","pvap":"   0,27"},{"seq":"8","sqcand":"140001010882","n":"14777","nm":"JARDENILSON MOTA","cc":"PTB","nv":" ","e":"s","st":"Eleito","dvt":"V\u00e1lido","vap":"611","pvap":"   3,01"},{"seq":"88","sqcand":"140000648256","n":"51333","nm":"VANUSA OLIVEIRA","cc":"PATRIOTA","nv":" ","e":"n","st":"N\u00e3o eleito","dvt":"V\u00e1lido","vap":"32","pvap":"   0,16"},{"seq":"13","sqcand":"140000930827","n":"25222","nm":"ESDRA","cc":"DEM","nv":" ","e":"s","st":"Eleito","dvt":"V\u00e1lido","vap":"367","pvap":"   1,81"},{"seq":"99","sqcand":"140001011260","n":"11333","nm":"DAMIAO","cc":"PP","nv":" ","e":"n","st":"N\u00e3o eleito","dvt":"V\u00e1lido","vap":"10","pvap":"   0,05"},{"seq":"19","sqcand":"140001010881","n":"14234","nm":"PROFESSORA MICI DA GALILEIA","cc":"PTB","nv":" ","e":"n","st":"Suplente","dvt":"V\u00e1lido","vap":"357","pvap":"   1,76"},{"seq":"85","sqcand":"140000738954","n":"36363","nm":"MARIA ROSA DO A\u00c7AITEUA","cc":"PTC","nv":" ","e":"n","st":"N\u00e3o eleito","dvt":"V\u00e1lido","vap":"38","pvap":"   0,19"},{"seq":"45","sqcand":"140001010889","n":"14088","nm":"BETH DO POV\u00c3O","cc":"PTB","nv":" ","e":"n","st":"Suplente","dvt":"V\u00e1lido","vap":"59","pvap":"   0,29"},{"seq":"98","sqcand":"140000738962","n":"36123","nm":"SOCORRO BOL\u00cdVIA","cc":"PTC","nv":" ","e":"n","st":"N\u00e3o eleito","dvt":"V\u00e1lido","vap":"13","pvap":"   0,06"},{"seq":"93","sqcand":"140000738960","n":"36234","nm":"NEYLA CASTRO","cc":"PTC","nv":" ","e":"n","st":"N\u00e3o eleito","dvt":"V\u00e1lido","vap":"23","pvap":"   0,11"},{"seq":"58","sqcand":"140001129887","n":"22345","nm":"ELIETE","cc":"PL","nv":" ","e":"n","st":"Suplente","dvt":"V\u00e1lido","vap":"22","pvap":"   0,11"},{"seq":"11","sqcand":"140001129886","n":"22333","nm":"PIPIR\u00c3O","cc":"PL","nv":" ","e":"s","st":"Eleito","dvt":"V\u00e1lido","vap":"585","pvap":"   2,88"},{"seq":"9","sqcand":"140001129884","n":"22000","nm":"MARCOS ROBERT","cc":"PL","nv":" ","e":"s","st":"Eleito","dvt":"V\u00e1lido","vap":"600","pvap":"   2,96"},{"seq":"86","sqcand":"140001133851","n":"90013","nm":"HUGO","cc":"PROS","nv":" ","e":"n","st":"N\u00e3o eleito","dvt":"V\u00e1lido","vap":"37","pvap":"   0,18"},{"seq":"28","sqcand":"140001129881","n":"22999","nm":"IN\u00c1CIO DO BANG\u00da","cc":"PL","nv":" ","e":"n","st":"Suplente","dvt":"V\u00e1lido","vap":"204","pvap":"   1,00"},{"seq":"56","sqcand":"140001134584","n":"20122","nm":"BEN\u00c9 FILHO","cc":"PSC","nv":" ","e":"n","st":"Suplente","dvt":"V\u00e1lido","vap":"24","pvap":"   0,12"},{"seq":"59","sqcand":"140001010879","n":"14800","nm":"CICERO DA PARABOLICA","cc":"PTB","nv":" ","e":"n","st":"Suplente","dvt":"V\u00e1lido","vap":"19","pvap":"   0,09"},{"seq":"41","sqcand":"140001134579","n":"20333","nm":"CARLINHO DA VILA NOVA","cc":"PSC","nv":" ","e":"n","st":"Suplente","dvt":"V\u00e1lido","vap":"81","pvap":"   0,40"},{"seq":"103","sqcand":"140000648264","n":"51123","nm":"RAI DO CROCH\u00ca","cc":"PATRIOTA","nv":" ","e":"n","st":"N\u00e3o eleito","dvt":"V\u00e1lido","vap":"8","pvap":"   0,04"},{"seq":"36","sqcand":"140000930840","n":"25333","nm":"CABO JO\u00c3O","cc":"DEM","nv":" ","e":"n","st":"Suplente","dvt":"V\u00e1lido","vap":"112","pvap":"   0,55"},{"seq":"106","sqcand":"140000738958","n":"36444","nm":"TAILSON","cc":"PTC","nv":" ","e":"n","st":"N\u00e3o eleito","dvt":"V\u00e1lido","vap":"4","pvap":"   0,02"},{"seq":"50","sqcand":"140001129885","n":"22022","nm":"REGINA DO ITABOCAL","cc":"PL","nv":" ","e":"n","st":"Suplente","dvt":"V\u00e1lido","vap":"37","pvap":"   0,18"},{"seq":"90","sqcand":"140000738948","n":"36199","nm":"MILTON OLIVEIRA","cc":"PTC","nv":" ","e":"n","st":"N\u00e3o eleito","dvt":"V\u00e1lido","vap":"28","pvap":"   0,14"},{"seq":"12","sqcand":"140001134583","n":"20999","nm":"DEMICO","cc":"PSC","nv":" ","e":"s","st":"Eleito","dvt":"V\u00e1lido","vap":"487","pvap":"   2,40"},{"seq":"2","sqcand":"140001034052","n":"15000","nm":"RODRIGO PEDREIRA","cc":"MDB","nv":" ","e":"s","st":"Eleito","dvt":"V\u00e1lido","vap":"915","pvap":"   4,51"},{"seq":"64","sqcand":"140001134580","n":"20100","nm":"MARCIO DO QUATORZE","cc":"PSC","nv":" ","e":"n","st":"Suplente","dvt":"V\u00e1lido","vap":"8","pvap":"   0,04"},{"seq":"25","sqcand":"140000930836","n":"25789","nm":"J. CONCY","cc":"DEM","nv":" ","e":"n","st":"Suplente","dvt":"V\u00e1lido","vap":"251","pvap":"   1,24"},{"seq":"4","sqcand":"140001129880","n":"22222","nm":"MIRICO","cc":"PL","nv":" ","e":"s","st":"Eleito","dvt":"V\u00e1lido","vap":"731","pvap":"   3,60"},{"seq":"48","sqcand":"140000930829","n":"25678","nm":"DICA","cc":"DEM","nv":" ","e":"n","st":"Suplente","dvt":"V\u00e1lido","vap":"43","pvap":"   0,21"},{"seq":"35","sqcand":"140001010890","n":"14222","nm":"PASTOR ALEXANDRE","cc":"PTB","nv":" ","e":"n","st":"Suplente","dvt":"V\u00e1lido","vap":"131","pvap":"   0,65"},{"seq":"61","sqcand":"140001034054","n":"15554","nm":"VERA ANDRADE","cc":"MDB","nv":" ","e":"n","st":"Suplente","dvt":"V\u00e1lido","vap":"18","pvap":"   0,09"},{"seq":"46","sqcand":"140001134587","n":"20234","nm":"SOCORRO RIBEIRO","cc":"PSC","nv":" ","e":"n","st":"Suplente","dvt":"V\u00e1lido","vap":"55","pvap":"   0,27"},{"seq":"33","sqcand":"140001129883","n":"22122","nm":"DJ BOCA DA NATIVA FM","cc":"PL","nv":" ","e":"n","st":"Suplente","dvt":"V\u00e1lido","vap":"157","pvap":"   0,77"},{"seq":"102","sqcand":"140000648261","n":"51444","nm":"LIJACKSON BORGES","cc":"PATRIOTA","nv":" ","e":"n","st":"N\u00e3o eleito","dvt":"V\u00e1lido","vap":"9","pvap":"   0,04"},{"seq":"70","sqcand":"140000648257","n":"51555","nm":"T\u00c2NIA PINHEIRO","cc":"PATRIOTA","nv":" ","e":"n","st":"N\u00e3o eleito","dvt":"V\u00e1lido","vap":"189","pvap":"   0,93"},{"seq":"83","sqcand":"140000738959","n":"36777","nm":"PROFESSORA VIRG\u00cdNIA","cc":"PTC","nv":" ","e":"n","st":"N\u00e3o eleito","dvt":"V\u00e1lido","vap":"39","pvap":"   0,19"},{"seq":"87","sqcand":"140000648259","n":"51044","nm":"IVA LIMA","cc":"PATRIOTA","nv":" ","e":"n","st":"N\u00e3o eleito","dvt":"V\u00e1lido","vap":"33","pvap":"   0,16"},{"seq":"71","sqcand":"140000648255","n":"51510","nm":"GUILHERME JUNQUEIRA","cc":"PATRIOTA","nv":" ","e":"n","st":"N\u00e3o eleito","dvt":"V\u00e1lido","vap":"187","pvap":"   0,92"},{"seq":"94","sqcand":"140000673319","n":"23123","nm":"JUSY SOBRAL","cc":"CIDADANIA","nv":" ","e":"n","st":"N\u00e3o eleito","dvt":"V\u00e1lido","vap":"18","pvap":"   0,09"},{"seq":"30","sqcand":"140000930831","n":"25025","nm":"LEO DO ITABOCAL","cc":"DEM","nv":" ","e":"n","st":"Suplente","dvt":"V\u00e1lido","vap":"197","pvap":"   0,97"},{"seq":"23","sqcand":"140001129878","n":"22444","nm":"CLEBER","cc":"PL","nv":" ","e":"n","st":"Suplente","dvt":"V\u00e1lido","vap":"259","pvap":"   1,28"},{"seq":"67","sqcand":"140001011258","n":"11111","nm":"TITITA","cc":"PP","nv":" ","e":"n","st":"N\u00e3o eleito","dvt":"V\u00e1lido","vap":"479","pvap":"   2,36"},{"seq":"69","sqcand":"140001133849","n":"90123","nm":"CASSIO","cc":"PROS","nv":" ","e":"n","st":"N\u00e3o eleito","dvt":"V\u00e1lido","vap":"209","pvap":"   1,03"},{"seq":"55","sqcand":"140000930833","n":"25567","nm":"MESSIAS","cc":"DEM","nv":" ","e":"n","st":"Suplente","dvt":"V\u00e1lido","vap":"29","pvap":"   0,14"},{"seq":"38","sqcand":"140001010883","n":"14500","nm":"DENIVAN GALEGO","cc":"PTB","nv":" ","e":"n","st":"Suplente","dvt":"V\u00e1lido","vap":"101","pvap":"   0,50"},{"seq":"77","sqcand":"140000673318","n":"23333","nm":"FERNANDO PINA","cc":"CIDADANIA","nv":" ","e":"n","st":"N\u00e3o eleito","dvt":"V\u00e1lido","vap":"59","pvap":"   0,29"},{"seq":"32","sqcand":"140001129877","n":"22555","nm":"ANDREI DO QUILOMBO","cc":"PL","nv":" ","e":"n","st":"Suplente","dvt":"V\u00e1lido","vap":"169","pvap":"   0,83"},{"seq":"51","sqcand":"140001129882","n":"22202","nm":"IRANEIDE","cc":"PL","nv":" ","e":"n","st":"Suplente","dvt":"V\u00e1lido","vap":"36","pvap":"   0,18"},{"seq":"105","sqcand":"140001133847","n":"90333","nm":"GIRLIANNY","cc":"PROS","nv":" ","e":"n","st":"N\u00e3o eleito","dvt":"V\u00e1lido","vap":"5","pvap":"   0,02"},{"seq":"26","sqcand":"140001134578","n":"20123","nm":"PATRICIA ACS","cc":"PSC","nv":" ","e":"n","st":"Suplente","dvt":"V\u00e1lido","vap":"247","pvap":"   1,22"},{"seq":"15","sqcand":"140001129889","n":"22888","nm":"DED\u00c9 DA MOSSOR\u00d3","cc":"PL","nv":" ","e":"n","st":"Suplente","dvt":"V\u00e1lido","vap":"444","pvap":"   2,19"},{"seq":"44","sqcand":"140001134586","n":"20000","nm":"ZILDETE","cc":"PSC","nv":" ","e":"n","st":"Suplente","dvt":"V\u00e1lido","vap":"67","pvap":"   0,33"},{"seq":"63","sqcand":"140000930835","n":"25018","nm":"LUANA FARIAS","cc":"DEM","nv":" ","e":"n","st":"Suplente","dvt":"V\u00e1lido","vap":"13","pvap":"   0,06"},{"seq":"97","sqcand":"140001133850","n":"90815","nm":"DAIANE","cc":"PROS","nv":" ","e":"n","st":"N\u00e3o eleito","dvt":"Anulado sub judice","vap":"15","pvap":"   0,07"},{"seq":"60","sqcand":"140001220951","n":"13666","nm":"PAIX\u00c3O","cc":"PT","nv":" ","e":"n","st":"Suplente","dvt":"V\u00e1lido","vap":"19","pvap":"   0,09"},{"seq":"5","sqcand":"140001129888","n":"22123","nm":"EMANO","cc":"PL","nv":" ","e":"s","st":"Eleito","dvt":"V\u00e1lido","vap":"698","pvap":"   3,44"},{"seq":"10","sqcand":"140000930830","n":"25123","nm":"BODE","cc":"DEM","nv":" ","e":"s","st":"Eleito","dvt":"V\u00e1lido","vap":"588","pvap":"   2,90"},{"seq":"65","sqcand":"140001134581","n":"20345","nm":"MARIA DO SOCORRO","cc":"PSC","nv":" ","e":"n","st":"Suplente","dvt":"V\u00e1lido","vap":"7","pvap":"   0,03"},{"seq":"1","sqcand":"140001134585","n":"20456","nm":"JEJECA","cc":"PSC","nv":" ","e":"s","st":"Eleito","dvt":"V\u00e1lido","vap":"1250","pvap":"   6,16"},{"seq":"75","sqcand":"140000648263","n":"51000","nm":"PROFESSOR RENATO","cc":"PATRIOTA","nv":" ","e":"n","st":"N\u00e3o eleito","dvt":"V\u00e1lido","vap":"77","pvap":"   0,38"},{"seq":"43","sqcand":"140001134582","n":"20111","nm":"MENDES","cc":"PSC","nv":" ","e":"n","st":"Suplente","dvt":"V\u00e1lido","vap":"69","pvap":"   0,34"},{"seq":"22","sqcand":"140001010886","n":"14123","nm":"ROSA DO BOLINHA","cc":"PTB","nv":" ","e":"n","st":"Suplente","dvt":"V\u00e1lido","vap":"326","pvap":"   1,61"},{"seq":"18","sqcand":"140001129875","n":"22456","nm":"OSVALDINO","cc":"PL","nv":" ","e":"n","st":"Suplente","dvt":"V\u00e1lido","vap":"372","pvap":"   1,83"},{"seq":"81","sqcand":"140000673316","n":"23222","nm":"LOURIVAL BARRELA","cc":"CIDADANIA","nv":" ","e":"n","st":"N\u00e3o eleito","dvt":"V\u00e1lido","vap":"42","pvap":"   0,21"},{"seq":"95","sqcand":"140000738956","n":"36888","nm":"NOQUINHA","cc":"PTC","nv":" ","e":"n","st":"N\u00e3o eleito","dvt":"V\u00e1lido","vap":"15","pvap":"   0,07"},{"seq":"7","sqcand":"140001010884","n":"14555","nm":"LULU","cc":"PTB","nv":" ","e":"s","st":"Eleito","dvt":"V\u00e1lido","vap":"650","pvap":"   3,20"},{"seq":"47","sqcand":"140001010888","n":"14333","nm":"CONCY DO GUAGUINHO","cc":"PTB","nv":" ","e":"n","st":"Suplente","dvt":"V\u00e1lido","vap":"54","pvap":"   0,27"},{"seq":"42","sqcand":"140001220956","n":"13123","nm":"DANIELA GOMES","cc":"PT","nv":" ","e":"n","st":"Suplente","dvt":"V\u00e1lido","vap":"80","pvap":"   0,39"},{"seq":"49","sqcand":"140001220955","n":"13555","nm":"EDIMILSON","cc":"PT","nv":" ","e":"n","st":"Suplente","dvt":"V\u00e1lido","vap":"39","pvap":"   0,19"},{"seq":"24","sqcand":"140001220953","n":"13333","nm":"BARBARA LEAL","cc":"PT","nv":" ","e":"n","st":"Suplente","dvt":"V\u00e1lido","vap":"252","pvap":"   1,24"},{"seq":"39","sqcand":"140001220954","n":"13888","nm":"DUDU","cc":"PT","nv":" ","e":"n","st":"Suplente","dvt":"V\u00e1lido","vap":"87","pvap":"   0,43"},{"seq":"57","sqcand":"140001034055","n":"15123","nm":"ALICIA PACHECO","cc":"MDB","nv":" ","e":"n","st":"Suplente","dvt":"V\u00e1lido","vap":"23","pvap":"   0,11"},{"seq":"29","sqcand":"140001010880","n":"14444","nm":"JOZIMAR","cc":"PTB","nv":" ","e":"n","st":"Suplente","dvt":"V\u00e1lido","vap":"203","pvap":"   1,00"},{"seq":"52","sqcand":"140001129890","n":"22111","nm":"BORNECA","cc":"PL","nv":" ","e":"n","st":"Suplente","dvt":"V\u00e1lido","vap":"35","pvap":"   0,17"},{"seq":"20","sqcand":"140000930838","n":"25655","nm":"EDNELSON SOARES","cc":"DEM","nv":" ","e":"n","st":"Suplente","dvt":"V\u00e1lido","vap":"349","pvap":"   1,72"},{"seq":"3","sqcand":"140001220948","n":"13222","nm":"GUSTAVO LIMA","cc":"PT","nv":" ","e":"s","st":"Eleito","dvt":"V\u00e1lido","vap":"877","pvap":"   4,32"},{"seq":"72","sqcand":"140000648258","n":"51111","nm":"EZEQUIEL TAXISTA","cc":"PATRIOTA","nv":" ","e":"n","st":"N\u00e3o eleito","dvt":"V\u00e1lido","vap":"184","pvap":"   0,91"},{"seq":"96","sqcand":"140001011256","n":"11123","nm":"NALDO TOCK SHOW","cc":"PP","nv":" ","e":"n","st":"N\u00e3o eleito","dvt":"V\u00e1lido","vap":"15","pvap":"   0,07"},{"seq":"14","sqcand":"140001010887","n":"14000","nm":"LUCIO ASSUN\u00c7\u00c3O","cc":"PTB","nv":" ","e":"n","st":"Suplente","dvt":"V\u00e1lido","vap":"455","pvap":"   2,24"},{"seq":"21","sqcand":"140000930832","n":"25000","nm":"RAILTON REIS","cc":"DEM","nv":" ","e":"n","st":"Suplente","dvt":"V\u00e1lido","vap":"341","pvap":"   1,68"},{"seq":"40","sqcand":"140001220949","n":"13111","nm":"SAMUEL VICTOR","cc":"PT","nv":" ","e":"n","st":"Suplente","dvt":"V\u00e1lido","vap":"86","pvap":"   0,42"},{"seq":"68","sqcand":"140000738946","n":"36106","nm":"PRESB\u00cdTERO FORTUNATO","cc":"PTC","nv":" ","e":"n","st":"N\u00e3o eleito","dvt":"V\u00e1lido","vap":"243","pvap":"   1,20"},{"seq":"31","sqcand":"140000930825","n":"25777","nm":"FLAVIO FREITAS","cc":"DEM","nv":" ","e":"n","st":"Suplente","dvt":"V\u00e1lido","vap":"170","pvap":"   0,84"}]}
