{"ele":"426","tpabr":"mu","cdabr":"04723","carper":"13","t":"1","f":"o","dt":"15/11/2020","ht":"22:48:50","dv":"s","tf":"s","v":"11","esae":"n","mnae":"","s":"62","st":"62","pst":" 100,00","snt":"0","psnt":"   0,00","si":"62","psi":" 100,00","sni":"0","psni":"   0,00","sa":"62","psa":" 100,00","sna":"0","psna":"   0,00","e":"21807","ea":"21807","pea":" 100,00","ena":"0","pena":"   0,00","esi":"21807","pesi":" 100,00","esni":"0","pesni":"   0,00","c":"17463","pc":"  80,08","a":"4344","pa":"  19,92","vscv":"0","vnom":"15788","vl":"1030","pvnom":"  93,88","pvl":"   6,12","vvc":"16818","pvvc":"  96,31","vb":"150","pvb":"   0,86","tvn":"495","ptvn":"   2,83","vn":"495","pvn":" 100,00","vnt":"0","pvnt":"   0,00","vp":"0","pvp":"   0,00","vv":"16818","pvv":" 100,00","van":"0","pvan":"   0,00","vansj":"0","pvansj":"   0,00","tv":"17463","cand":[{"seq":"69","sqcand":"140000864289","n":"55777","nm":"FORMIG\u00c3O DO POV\u00c3O","cc":"PSD","nv":" ","e":"n","st":"Suplente","dvt":"V\u00e1lido","vap":"19","pvap":"   0,11"},{"seq":"68","sqcand":"140001028818","n":"20255","nm":"LEUZA DA 108","cc":"PSC","nv":" ","e":"n","st":"Suplente","dvt":"V\u00e1lido","vap":"21","pvap":"   0,12"},{"seq":"81","sqcand":"140001067463","n":"51333","nm":"MARINALVA FERNANDES","cc":"PATRIOTA","nv":" ","e":"n","st":"N\u00e3o eleito","dvt":"V\u00e1lido","vap":"28","pvap":"   0,17"},{"seq":"15","sqcand":"140000861161","n":"15333","nm":"WALISON DE SOUZA","cc":"MDB","nv":" ","e":"n","st":"Suplente","dvt":"V\u00e1lido","vap":"420","pvap":"   2,50"},{"seq":"62","sqcand":"140001035496","n":"14777","nm":"JBEZERRA","cc":"PTB","nv":" ","e":"n","st":"Suplente","dvt":"V\u00e1lido","vap":"27","pvap":"   0,16"},{"seq":"31","sqcand":"140000861158","n":"15300","nm":"RUTE CARDOSO","cc":"MDB","nv":" ","e":"n","st":"Suplente","dvt":"V\u00e1lido","vap":"149","pvap":"   0,89"},{"seq":"37","sqcand":"140000968254","n":"13220","nm":"DIDA DO SURUBIM","cc":"PT","nv":" ","e":"n","st":"Suplente","dvt":"V\u00e1lido","vap":"113","pvap":"   0,67"},{"seq":"44","sqcand":"140000968257","n":"13139","nm":"EDIMILSON","cc":"PT","nv":" ","e":"n","st":"Suplente","dvt":"V\u00e1lido","vap":"80","pvap":"   0,48"},{"seq":"46","sqcand":"140000867289","n":"45999","nm":"IRM\u00c3 FATIMA","cc":"PSDB","nv":" ","e":"n","st":"Suplente","dvt":"V\u00e1lido","vap":"79","pvap":"   0,47"},{"seq":"64","sqcand":"140000867299","n":"45455","nm":"PROF FRANCISCA","cc":"PSDB","nv":" ","e":"n","st":"Suplente","dvt":"V\u00e1lido","vap":"26","pvap":"   0,15"},{"seq":"2","sqcand":"140000864288","n":"55555","nm":"DIEGO DO JO\u00c3O RIZO","cc":"PSD","nv":" ","e":"s","st":"Eleito","dvt":"V\u00e1lido","vap":"1091","pvap":"   6,49"},{"seq":"3","sqcand":"140000861163","n":"15500","nm":"OSMAR DO POSTO O LIDERAN\u00c7A","cc":"MDB","nv":" ","e":"s","st":"Eleito","dvt":"V\u00e1lido","vap":"803","pvap":"   4,77"},{"seq":"25","sqcand":"140000864293","n":"55345","nm":"Z\u00c9Z\u00c9 BAIANO","cc":"PSD","nv":" ","e":"n","st":"Suplente","dvt":"V\u00e1lido","vap":"187","pvap":"   1,11"},{"seq":"21","sqcand":"140000861159","n":"15017","nm":"DEIDISON DO BOLSA FAMILIA","cc":"MDB","nv":" ","e":"n","st":"Suplente","dvt":"V\u00e1lido","vap":"284","pvap":"   1,69"},{"seq":"45","sqcand":"140000968261","n":"13510","nm":"Z\u00c9 MINEIRO","cc":"PT","nv":" ","e":"n","st":"Suplente","dvt":"V\u00e1lido","vap":"79","pvap":"   0,47"},{"seq":"17","sqcand":"140000861166","n":"15222","nm":"REIZINHO DO VIROLA","cc":"MDB","nv":" ","e":"n","st":"Suplente","dvt":"V\u00e1lido","vap":"318","pvap":"   1,89"},{"seq":"14","sqcand":"140000867297","n":"45555","nm":"AMIGO CEBOLA","cc":"PSDB","nv":" ","e":"n","st":"Suplente","dvt":"V\u00e1lido","vap":"458","pvap":"   2,72"},{"seq":"35","sqcand":"140000861157","n":"15555","nm":"IRM\u00c3 LEILA DO SURUBIM","cc":"MDB","nv":" ","e":"n","st":"Suplente","dvt":"V\u00e1lido","vap":"143","pvap":"   0,85"},{"seq":"58","sqcand":"140000867300","n":"45155","nm":"JACIRA","cc":"PSDB","nv":" ","e":"n","st":"Suplente","dvt":"V\u00e1lido","vap":"33","pvap":"   0,20"},{"seq":"77","sqcand":"140000864285","n":"55333","nm":"LUIZA ENFERMEIRA","cc":"PSD","nv":" ","e":"n","st":"Suplente","dvt":"V\u00e1lido","vap":"0","pvap":"00.00"},{"seq":"20","sqcand":"140000968256","n":"13613","nm":"JEAN CAVALCANTE","cc":"PT","nv":" ","e":"n","st":"Suplente","dvt":"V\u00e1lido","vap":"284","pvap":"   1,69"},{"seq":"29","sqcand":"140000968260","n":"13111","nm":"GABRIEL DA BANANA","cc":"PT","nv":" ","e":"n","st":"Suplente","dvt":"V\u00e1lido","vap":"156","pvap":"   0,93"},{"seq":"11","sqcand":"140001035489","n":"14444","nm":"CRISTINA LIMA","cc":"PTB","nv":" ","e":"s","st":"Eleito","dvt":"V\u00e1lido","vap":"346","pvap":"   2,06"},{"seq":"43","sqcand":"140000968253","n":"13100","nm":"PROFESSORA BETH","cc":"PT","nv":" ","e":"n","st":"Suplente","dvt":"V\u00e1lido","vap":"80","pvap":"   0,48"},{"seq":"83","sqcand":"140001067467","n":"51000","nm":"CARLINHOS PINHEIRO","cc":"PATRIOTA","nv":" ","e":"n","st":"N\u00e3o eleito","dvt":"V\u00e1lido","vap":"9","pvap":"   0,05"},{"seq":"1","sqcand":"140000864290","n":"55000","nm":"WANDEILON DO OSVALDO","cc":"PSD","nv":" ","e":"s","st":"Eleito","dvt":"V\u00e1lido","vap":"1337","pvap":"   7,95"},{"seq":"7","sqcand":"140000867293","n":"45045","nm":"JEFTHER DO SURUBIM","cc":"PSDB","nv":" ","e":"s","st":"Eleito","dvt":"V\u00e1lido","vap":"553","pvap":"   3,29"},{"seq":"27","sqcand":"140000861162","n":"15999","nm":"PROFESSORA SIMONE MAXIMO","cc":"MDB","nv":" ","e":"n","st":"Suplente","dvt":"V\u00e1lido","vap":"177","pvap":"   1,05"},{"seq":"71","sqcand":"140000867288","n":"45655","nm":"MICHARIA DO BELO MONTE","cc":"PSDB","nv":" ","e":"n","st":"Suplente","dvt":"V\u00e1lido","vap":"16","pvap":"   0,10"},{"seq":"39","sqcand":"140001035490","n":"14669","nm":"GUIBSON TERRA BOA","cc":"PTB","nv":" ","e":"n","st":"Suplente","dvt":"V\u00e1lido","vap":"92","pvap":"   0,55"},{"seq":"16","sqcand":"140000867294","n":"45444","nm":"PASTOR JAIRO","cc":"PSDB","nv":" ","e":"n","st":"Suplente","dvt":"V\u00e1lido","vap":"420","pvap":"   2,50"},{"seq":"10","sqcand":"140001028815","n":"20000","nm":"MANELIM","cc":"PSC","nv":" ","e":"s","st":"Eleito","dvt":"V\u00e1lido","vap":"366","pvap":"   2,18"},{"seq":"5","sqcand":"140000864291","n":"55123","nm":"AMANDA RIBEIRO","cc":"PSD","nv":" ","e":"s","st":"Eleito","dvt":"V\u00e1lido","vap":"584","pvap":"   3,47"},{"seq":"24","sqcand":"140001028814","n":"20555","nm":"SALOM\u00c3O DO POVAO","cc":"PSC","nv":" ","e":"n","st":"Suplente","dvt":"V\u00e1lido","vap":"254","pvap":"   1,51"},{"seq":"66","sqcand":"140001035495","n":"14999","nm":"JACIRA DA MARE","cc":"PTB","nv":" ","e":"n","st":"Suplente","dvt":"V\u00e1lido","vap":"25","pvap":"   0,15"},{"seq":"54","sqcand":"140000864292","n":"55177","nm":"DRA VALERIA","cc":"PSD","nv":" ","e":"n","st":"Suplente","dvt":"V\u00e1lido","vap":"53","pvap":"   0,32"},{"seq":"73","sqcand":"140000861156","n":"15000","nm":"CASCAVEL","cc":"MDB","nv":" ","e":"n","st":"Suplente","dvt":"V\u00e1lido","vap":"15","pvap":"   0,09"},{"seq":"41","sqcand":"140000861160","n":"15678","nm":"WALQUEVAM PINHO","cc":"MDB","nv":" ","e":"n","st":"Suplente","dvt":"V\u00e1lido","vap":"83","pvap":"   0,49"},{"seq":"78","sqcand":"140001067468","n":"51222","nm":"WILLIAN GALV\u00c3O","cc":"PATRIOTA","nv":" ","e":"n","st":"N\u00e3o eleito","dvt":"V\u00e1lido","vap":"99","pvap":"   0,59"},{"seq":"72","sqcand":"140001035499","n":"14123","nm":"IRM\u00c3 BRANCA","cc":"PTB","nv":" ","e":"n","st":"Suplente","dvt":"V\u00e1lido","vap":"16","pvap":"   0,10"},{"seq":"75","sqcand":"140000968258","n":"13222","nm":"ANTONIA DO LIMA","cc":"PT","nv":" ","e":"n","st":"Suplente","dvt":"V\u00e1lido","vap":"11","pvap":"   0,07"},{"seq":"49","sqcand":"140000861155","n":"15155","nm":"JOAO MARIA","cc":"MDB","nv":" ","e":"n","st":"Suplente","dvt":"V\u00e1lido","vap":"69","pvap":"   0,41"},{"seq":"26","sqcand":"140000968252","n":"13333","nm":"JAQUELINE BANANICA","cc":"PT","nv":" ","e":"n","st":"Suplente","dvt":"V\u00e1lido","vap":"184","pvap":"   1,09"},{"seq":"30","sqcand":"140000864294","n":"55510","nm":"ERNANDES SOUSA","cc":"PSD","nv":" ","e":"n","st":"Suplente","dvt":"V\u00e1lido","vap":"150","pvap":"   0,89"},{"seq":"47","sqcand":"140000864287","n":"55187","nm":"LOR\u00c3O DA CAVALGADA","cc":"PSD","nv":" ","e":"n","st":"Suplente","dvt":"V\u00e1lido","vap":"79","pvap":"   0,47"},{"seq":"51","sqcand":"140000864295","n":"55222","nm":"ADRIANA CRUZ","cc":"PSD","nv":" ","e":"n","st":"Suplente","dvt":"V\u00e1lido","vap":"67","pvap":"   0,40"},{"seq":"82","sqcand":"140001067465","n":"51111","nm":"MESSIAS IRM\u00c3OZINHO DO TRATOR","cc":"PATRIOTA","nv":" ","e":"n","st":"N\u00e3o eleito","dvt":"V\u00e1lido","vap":"10","pvap":"   0,06"},{"seq":"55","sqcand":"140001035488","n":"14140","nm":"FELIX SILVA","cc":"PTB","nv":" ","e":"n","st":"Suplente","dvt":"V\u00e1lido","vap":"42","pvap":"   0,25"},{"seq":"22","sqcand":"140001035491","n":"14230","nm":"JAILTON DA BORRACHARIA","cc":"PTB","nv":" ","e":"n","st":"Suplente","dvt":"V\u00e1lido","vap":"268","pvap":"   1,59"},{"seq":"48","sqcand":"140001035497","n":"14789","nm":"IRM\u00c3O GRANDE","cc":"PTB","nv":" ","e":"n","st":"Suplente","dvt":"V\u00e1lido","vap":"73","pvap":"   0,43"},{"seq":"19","sqcand":"140000968259","n":"13500","nm":"EZEQUIEL","cc":"PT","nv":" ","e":"n","st":"Suplente","dvt":"V\u00e1lido","vap":"285","pvap":"   1,69"},{"seq":"9","sqcand":"140000968262","n":"13000","nm":"PEREIRA","cc":"PT","nv":" ","e":"s","st":"Eleito","dvt":"V\u00e1lido","vap":"385","pvap":"   2,29"},{"seq":"8","sqcand":"140000861154","n":"15123","nm":"LINDINALVA","cc":"MDB","nv":" ","e":"s","st":"Eleito","dvt":"V\u00e1lido","vap":"443","pvap":"   2,63"},{"seq":"79","sqcand":"140001067466","n":"51258","nm":"FLAVIO SYLL","cc":"PATRIOTA","nv":" ","e":"n","st":"N\u00e3o eleito","dvt":"V\u00e1lido","vap":"59","pvap":"   0,35"},{"seq":"34","sqcand":"140001028821","n":"20777","nm":"JOSELIO DO 80","cc":"PSC","nv":" ","e":"n","st":"Suplente","dvt":"V\u00e1lido","vap":"147","pvap":"   0,87"},{"seq":"18","sqcand":"140000968255","n":"13456","nm":"ADINEIDE  BRAGA","cc":"PT","nv":" ","e":"n","st":"Suplente","dvt":"V\u00e1lido","vap":"295","pvap":"   1,75"},{"seq":"6","sqcand":"140000867290","n":"45456","nm":"ROMILDO ROCHA","cc":"PSDB","nv":" ","e":"s","st":"Eleito","dvt":"V\u00e1lido","vap":"558","pvap":"   3,32"},{"seq":"4","sqcand":"140000867291","n":"45357","nm":"FERNANDO CADEIRANTE","cc":"PSDB","nv":" ","e":"s","st":"Eleito","dvt":"V\u00e1lido","vap":"709","pvap":"   4,22"},{"seq":"60","sqcand":"140000864286","n":"55111","nm":"MARIA DAS BANANAS","cc":"PSD","nv":" ","e":"n","st":"Suplente","dvt":"V\u00e1lido","vap":"31","pvap":"   0,18"},{"seq":"38","sqcand":"140000867287","n":"45000","nm":"PROF  JEREMIAS","cc":"PSDB","nv":" ","e":"n","st":"Suplente","dvt":"V\u00e1lido","vap":"95","pvap":"   0,56"},{"seq":"36","sqcand":"140000867296","n":"45333","nm":"ANA LUCIA","cc":"PSDB","nv":" ","e":"n","st":"Suplente","dvt":"V\u00e1lido","vap":"141","pvap":"   0,84"},{"seq":"65","sqcand":"140001035487","n":"14333","nm":"RIBAMAR","cc":"PTB","nv":" ","e":"n","st":"Suplente","dvt":"V\u00e1lido","vap":"25","pvap":"   0,15"},{"seq":"61","sqcand":"140001028826","n":"20100","nm":"JO\u00c3O PAULO DA 53","cc":"PSC","nv":" ","e":"n","st":"Suplente","dvt":"V\u00e1lido","vap":"29","pvap":"   0,17"},{"seq":"76","sqcand":"140001028816","n":"20111","nm":"ZINHA DO ALTO BONITO","cc":"PSC","nv":" ","e":"n","st":"Suplente","dvt":"V\u00e1lido","vap":"6","pvap":"   0,04"},{"seq":"80","sqcand":"140001067464","n":"51444","nm":"PODEROSA DO SURUBIM","cc":"PATRIOTA","nv":" ","e":"n","st":"N\u00e3o eleito","dvt":"V\u00e1lido","vap":"34","pvap":"   0,20"},{"seq":"12","sqcand":"140000867298","n":"45123","nm":"CARLIN","cc":"PSDB","nv":" ","e":"n","st":"Suplente","dvt":"V\u00e1lido","vap":"516","pvap":"   3,07"},{"seq":"56","sqcand":"140001035494","n":"14555","nm":"PROFESSORA FRANCIMAR","cc":"PTB","nv":" ","e":"n","st":"Suplente","dvt":"V\u00e1lido","vap":"39","pvap":"   0,23"},{"seq":"23","sqcand":"140000867286","n":"45678","nm":"PROF APOLINARIO","cc":"PSDB","nv":" ","e":"n","st":"Suplente","dvt":"V\u00e1lido","vap":"263","pvap":"   1,56"},{"seq":"67","sqcand":"140000861165","n":"15600","nm":"ZEQUINHA DO SANTANA","cc":"MDB","nv":" ","e":"n","st":"Suplente","dvt":"V\u00e1lido","vap":"22","pvap":"   0,13"},{"seq":"53","sqcand":"140001035492","n":"14567","nm":"NICE PAIX\u00c3O","cc":"PTB","nv":" ","e":"n","st":"Suplente","dvt":"V\u00e1lido","vap":"60","pvap":"   0,36"},{"seq":"59","sqcand":"140001035498","n":"14111","nm":"BEATRIZ","cc":"PTB","nv":" ","e":"n","st":"Suplente","dvt":"V\u00e1lido","vap":"33","pvap":"   0,20"},{"seq":"33","sqcand":"140000861164","n":"15345","nm":"MAZINHO DA CATARINA","cc":"MDB","nv":" ","e":"n","st":"Suplente","dvt":"V\u00e1lido","vap":"148","pvap":"   0,88"},{"seq":"74","sqcand":"140001035493","n":"14222","nm":"REINALDO CAMET\u00c1","cc":"PTB","nv":" ","e":"n","st":"Suplente","dvt":"V\u00e1lido","vap":"12","pvap":"   0,07"},{"seq":"42","sqcand":"140001028823","n":"20225","nm":"ZEQUINHA DO NOVO HORIZONTE","cc":"PSC","nv":" ","e":"n","st":"Suplente","dvt":"V\u00e1lido","vap":"82","pvap":"   0,49"},{"seq":"70","sqcand":"140001028819","n":"20112","nm":"NAZA DO 80","cc":"PSC","nv":" ","e":"n","st":"Suplente","dvt":"V\u00e1lido","vap":"17","pvap":"   0,10"},{"seq":"63","sqcand":"140001028822","n":"20333","nm":"MOLEZA","cc":"PSC","nv":" ","e":"n","st":"Suplente","dvt":"V\u00e1lido","vap":"26","pvap":"   0,15"},{"seq":"13","sqcand":"140000867292","n":"45222","nm":"RAIMUNDO BROCA","cc":"PSDB","nv":" ","e":"n","st":"Suplente","dvt":"V\u00e1lido","vap":"480","pvap":"   2,85"},{"seq":"40","sqcand":"140000867295","n":"45111","nm":"CLEIDIANE","cc":"PSDB","nv":" ","e":"n","st":"Suplente","dvt":"V\u00e1lido","vap":"85","pvap":"   0,51"},{"seq":"32","sqcand":"140001028824","n":"20123","nm":"GILSON ROCHA","cc":"PSC","nv":" ","e":"n","st":"Suplente","dvt":"V\u00e1lido","vap":"148","pvap":"   0,88"},{"seq":"57","sqcand":"140001028820","n":"20200","nm":"ELIETE DA ACROLINA","cc":"PSC","nv":" ","e":"n","st":"Suplente","dvt":"V\u00e1lido","vap":"36","pvap":"   0,21"},{"seq":"52","sqcand":"140001028825","n":"20222","nm":"ADRIANA GUERREIRA","cc":"PSC","nv":" ","e":"n","st":"Suplente","dvt":"V\u00e1lido","vap":"63","pvap":"   0,37"},{"seq":"50","sqcand":"140000968251","n":"13123","nm":"GILDEM DA R\u00c1DIO","cc":"PT","nv":" ","e":"n","st":"Suplente","dvt":"V\u00e1lido","vap":"67","pvap":"   0,40"},{"seq":"28","sqcand":"140000867301","n":"45777","nm":"IRM\u00c3O DEMILTON","cc":"PSDB","nv":" ","e":"n","st":"Suplente","dvt":"V\u00e1lido","vap":"173","pvap":"   1,03"}]}
