{"ele":"426","tpabr":"mu","cdabr":"04774","carper":"13","t":"1","f":"o","dt":"15/11/2020","ht":"23:45:14","dv":"s","tf":"s","v":"15","esae":"n","mnae":"","s":"117","st":"117","pst":" 100,00","snt":"0","psnt":"   0,00","si":"117","psi":" 100,00","sni":"0","psni":"   0,00","sa":"117","psa":" 100,00","sna":"0","psna":"   0,00","e":"34537","ea":"34537","pea":" 100,00","ena":"0","pena":"   0,00","esi":"34537","pesi":" 100,00","esni":"0","pesni":"   0,00","c":"28388","pc":"  82,20","a":"6149","pa":"  17,80","vscv":"0","vnom":"21406","vl":"1129","pvnom":"  94,99","pvl":"   5,01","vvc":"27566","pvvc":"  97,10","vb":"171","pvb":"   0,61","tvn":"651","ptvn":"   2,29","vn":"419","pvn":"  64,36","vnt":"232","pvnt":"  35,64","vp":"0","pvp":"   0,00","vv":"22535","pvv":"  81,75","van":"0","pvan":"   0,00","vansj":"5031","pvansj":"  18,25","tv":"28388","cand":[{"seq":"159","sqcand":"140000861065","n":"15233","nm":"OBADIAS","cc":"MDB","nv":" ","e":"n","st":"N\u00e3o eleito","dvt":"Anulado sub judice","vap":"209","pvap":"   0,76"},{"seq":"68","sqcand":"140001120590","n":"50234","nm":"ODENILCE BRUCE","cc":"PSOL","nv":" ","e":"n","st":"Suplente","dvt":"V\u00e1lido","vap":"103","pvap":"   0,37"},{"seq":"105","sqcand":"140001119611","n":"70662","nm":"JHONY DA AREIA","cc":"AVANTE","nv":" ","e":"n","st":"Suplente","dvt":"V\u00e1lido","vap":"36","pvap":"   0,13"},{"seq":"17","sqcand":"140001121592","n":"13234","nm":"ALEILSON VIDINHA","cc":"PT","nv":" ","e":"n","st":"Suplente","dvt":"V\u00e1lido","vap":"383","pvap":"   1,39"},{"seq":"150","sqcand":"140001119605","n":"70729","nm":"MAYSSA TRINDADE","cc":"AVANTE","nv":" ","e":"n","st":"Suplente","dvt":"V\u00e1lido","vap":"0","pvap":"00.00"},{"seq":"135","sqcand":"140000869750","n":"20655","nm":"IOLENE ANDRADE","cc":"PSC","nv":" ","e":"n","st":"Suplente","dvt":"V\u00e1lido","vap":"12","pvap":"   0,04"},{"seq":"116","sqcand":"140001119602","n":"70111","nm":"ZEZINHO DOS TECLADOS","cc":"AVANTE","nv":" ","e":"n","st":"Suplente","dvt":"V\u00e1lido","vap":"30","pvap":"   0,11"},{"seq":"65","sqcand":"140000953409","n":"45090","nm":"OSIAS DO ESPORTE","cc":"PSDB","nv":" ","e":"n","st":"Suplente","dvt":"V\u00e1lido","vap":"111","pvap":"   0,40"},{"seq":"20","sqcand":"140001121602","n":"13313","nm":"PROF VAL\u00c9RIA CAMPOS","cc":"PT","nv":" ","e":"n","st":"Suplente","dvt":"V\u00e1lido","vap":"312","pvap":"   1,13"},{"seq":"16","sqcand":"140001121600","n":"13789","nm":"TIL\u00d3","cc":"PT","nv":" ","e":"n","st":"Suplente","dvt":"V\u00e1lido","vap":"486","pvap":"   1,76"},{"seq":"161","sqcand":"140000861077","n":"15000","nm":"PROFESSOR JOS\u00c9 LUIZ","cc":"MDB","nv":" ","e":"n","st":"N\u00e3o eleito","dvt":"Anulado sub judice","vap":"185","pvap":"   0,67"},{"seq":"47","sqcand":"140001234511","n":"13011","nm":"JONES BENTES","cc":"PT","nv":" ","e":"n","st":"Suplente","dvt":"V\u00e1lido","vap":"152","pvap":"   0,55"},{"seq":"13","sqcand":"140000759863","n":"55500","nm":"ANDR\u00c9A ALVES","cc":"PSD","nv":" ","e":"s","st":"Eleito","dvt":"V\u00e1lido","vap":"329","pvap":"   1,19"},{"seq":"189","sqcand":"140001270710","n":"22234","nm":"MAXLENE ANDRADE","cc":"PL","nv":" ","e":"n","st":"N\u00e3o eleito","dvt":"V\u00e1lido","vap":"19","pvap":"   0,07"},{"seq":"108","sqcand":"140000869749","n":"20306","nm":"MORENA SILVA","cc":"PSC","nv":" ","e":"n","st":"Suplente","dvt":"V\u00e1lido","vap":"35","pvap":"   0,13"},{"seq":"133","sqcand":"140001119603","n":"70888","nm":"DORELY","cc":"AVANTE","nv":" ","e":"n","st":"Suplente","dvt":"V\u00e1lido","vap":"13","pvap":"   0,05"},{"seq":"9","sqcand":"140000759692","n":"25123","nm":"COROCA","cc":"DEM","nv":" ","e":"s","st":"Eleito","dvt":"V\u00e1lido","vap":"406","pvap":"   1,47"},{"seq":"164","sqcand":"140000759697","n":"25100","nm":"KATINHA","cc":"DEM","nv":" ","e":"n","st":"N\u00e3o eleito","dvt":"Anulado sub judice","vap":"125","pvap":"   0,45"},{"seq":"6","sqcand":"140001121599","n":"13134","nm":"ELIAS MORAIS","cc":"PT","nv":" ","e":"s","st":"Eleito","dvt":"V\u00e1lido","vap":"672","pvap":"   2,44"},{"seq":"184","sqcand":"140000861082","n":"15999","nm":"ADSAN BARROSO","cc":"MDB","nv":" ","e":"n","st":"N\u00e3o eleito","dvt":"Anulado sub judice","vap":"27","pvap":"   0,10"},{"seq":"199","sqcand":"140000871433","n":"43013","nm":"ANDREILDO SOUSA","cc":"PV","nv":" ","e":"n","st":"N\u00e3o eleito","dvt":"V\u00e1lido","vap":"1","pvap":"   0,00"},{"seq":"81","sqcand":"140000759874","n":"55678","nm":"PROFESSORA LECILIA","cc":"PSD","nv":" ","e":"n","st":"Suplente","dvt":"V\u00e1lido","vap":"60","pvap":"   0,22"},{"seq":"126","sqcand":"140000953423","n":"45345","nm":"SEU EUDES","cc":"PSDB","nv":" ","e":"n","st":"Suplente","dvt":"V\u00e1lido","vap":"19","pvap":"   0,07"},{"seq":"179","sqcand":"140000866906","n":"17234","nm":"LUCIA CAVALCANTE","cc":"PSL","nv":" ","e":"n","st":"N\u00e3o eleito","dvt":"V\u00e1lido","vap":"38","pvap":"   0,14"},{"seq":"29","sqcand":"140000728663","n":"10500","nm":"XITAO","cc":"REPUBLICANOS","nv":" ","e":"n","st":"Suplente","dvt":"V\u00e1lido","vap":"213","pvap":"   0,77"},{"seq":"134","sqcand":"140000759707","n":"25111","nm":"COMANDO","cc":"DEM","nv":" ","e":"n","st":"Suplente","dvt":"V\u00e1lido","vap":"13","pvap":"   0,05"},{"seq":"37","sqcand":"140001119614","n":"70555","nm":"JOSINEI","cc":"AVANTE","nv":" ","e":"n","st":"Suplente","dvt":"V\u00e1lido","vap":"175","pvap":"   0,63"},{"seq":"182","sqcand":"140000871437","n":"43602","nm":"GILCINEI CARDOSO","cc":"PV","nv":" ","e":"n","st":"N\u00e3o eleito","dvt":"V\u00e1lido","vap":"29","pvap":"   0,11"},{"seq":"163","sqcand":"140000861075","n":"15500","nm":"POLIANA VIEIRA","cc":"MDB","nv":" ","e":"n","st":"N\u00e3o eleito","dvt":"Anulado sub judice","vap":"177","pvap":"   0,64"},{"seq":"154","sqcand":"140000861076","n":"15555","nm":"GABY NUNES","cc":"MDB","nv":" ","e":"n","st":"N\u00e3o eleito","dvt":"Anulado sub judice","vap":"423","pvap":"   1,53"},{"seq":"90","sqcand":"140000759693","n":"25013","nm":"MARCY EDERH","cc":"DEM","nv":" ","e":"n","st":"Suplente","dvt":"V\u00e1lido","vap":"51","pvap":"   0,19"},{"seq":"152","sqcand":"140000861079","n":"15789","nm":"ELIVAN ROCHA","cc":"MDB","nv":" ","e":"n","st":"N\u00e3o eleito","dvt":"Anulado sub judice","vap":"565","pvap":"   2,05"},{"seq":"52","sqcand":"140000728653","n":"10111","nm":"ADRI JUNIOR","cc":"REPUBLICANOS","nv":" ","e":"n","st":"Suplente","dvt":"V\u00e1lido","vap":"144","pvap":"   0,52"},{"seq":"98","sqcand":"140001121589","n":"13123","nm":"PROFESSORA ADNELZA BELCHIOR","cc":"PT","nv":" ","e":"n","st":"Suplente","dvt":"V\u00e1lido","vap":"45","pvap":"   0,16"},{"seq":"146","sqcand":"140001263488","n":"70113","nm":"MARIA ROSA","cc":"AVANTE","nv":" ","e":"n","st":"Suplente","dvt":"V\u00e1lido","vap":"2","pvap":"   0,01"},{"seq":"119","sqcand":"140001119600","n":"70707","nm":"JOSIEL LIMA","cc":"AVANTE","nv":" ","e":"n","st":"Suplente","dvt":"V\u00e1lido","vap":"27","pvap":"   0,10"},{"seq":"121","sqcand":"140000953410","n":"45300","nm":"NAI","cc":"PSDB","nv":" ","e":"n","st":"Suplente","dvt":"V\u00e1lido","vap":"27","pvap":"   0,10"},{"seq":"12","sqcand":"140001120603","n":"50123","nm":"JOSEILSON XAVIER","cc":"PSOL","nv":" ","e":"s","st":"Eleito","dvt":"V\u00e1lido","vap":"352","pvap":"   1,28"},{"seq":"192","sqcand":"140000866905","n":"17567","nm":"FREDSON","cc":"PSL","nv":" ","e":"n","st":"N\u00e3o eleito","dvt":"V\u00e1lido","vap":"12","pvap":"   0,04"},{"seq":"165","sqcand":"140000861063","n":"15666","nm":"DANIEL SENA","cc":"MDB","nv":" ","e":"n","st":"N\u00e3o eleito","dvt":"Anulado sub judice","vap":"99","pvap":"   0,36"},{"seq":"194","sqcand":"140000866904","n":"17122","nm":"KAROL CASTRO","cc":"PSL","nv":" ","e":"n","st":"N\u00e3o eleito","dvt":"V\u00e1lido","vap":"7","pvap":"   0,03"},{"seq":"7","sqcand":"140001121588","n":"13213","nm":"ERALDO ALBUQUERQUE","cc":"PT","nv":" ","e":"s","st":"Eleito","dvt":"V\u00e1lido","vap":"539","pvap":"   1,96"},{"seq":"175","sqcand":"140000861084","n":"15215","nm":"Z\u00c9 MAURO","cc":"MDB","nv":" ","e":"n","st":"N\u00e3o eleito","dvt":"Anulado sub judice","vap":"47","pvap":"   0,17"},{"seq":"28","sqcand":"140000953420","n":"45555","nm":"PROFESSOR JUSCELINO BRUCE","cc":"PSDB","nv":" ","e":"n","st":"Suplente","dvt":"V\u00e1lido","vap":"229","pvap":"   0,83"},{"seq":"78","sqcand":"140001121591","n":"13513","nm":"JACAR\u00c9","cc":"PT","nv":" ","e":"n","st":"Suplente","dvt":"V\u00e1lido","vap":"74","pvap":"   0,27"},{"seq":"96","sqcand":"140001120601","n":"50054","nm":"DEUZA ANDRADE","cc":"PSOL","nv":" ","e":"n","st":"Suplente","dvt":"V\u00e1lido","vap":"45","pvap":"   0,16"},{"seq":"112","sqcand":"140000759868","n":"55100","nm":"VANNA SANTOS","cc":"PSD","nv":" ","e":"n","st":"Suplente","dvt":"V\u00e1lido","vap":"33","pvap":"   0,12"},{"seq":"14","sqcand":"140001119615","n":"70007","nm":"JOEL DA GUARDA","cc":"AVANTE","nv":" ","e":"s","st":"Eleito","dvt":"V\u00e1lido","vap":"286","pvap":"   1,04"},{"seq":"131","sqcand":"140001120599","n":"50999","nm":"ANANIAS MASCARENHAS FILHO","cc":"PSOL","nv":" ","e":"n","st":"Suplente","dvt":"V\u00e1lido","vap":"17","pvap":"   0,06"},{"seq":"64","sqcand":"140000759703","n":"25678","nm":"BETO BORGES","cc":"DEM","nv":" ","e":"n","st":"Suplente","dvt":"V\u00e1lido","vap":"112","pvap":"   0,41"},{"seq":"95","sqcand":"140001119601","n":"70157","nm":"RICO AMO\u00caDO","cc":"AVANTE","nv":" ","e":"n","st":"Suplente","dvt":"V\u00e1lido","vap":"46","pvap":"   0,17"},{"seq":"106","sqcand":"140000728659","n":"10321","nm":"SILAS FARIAS","cc":"REPUBLICANOS","nv":" ","e":"n","st":"Suplente","dvt":"V\u00e1lido","vap":"35","pvap":"   0,13"},{"seq":"39","sqcand":"140000759698","n":"25456","nm":"JAMERSON FENDHER","cc":"DEM","nv":" ","e":"n","st":"Suplente","dvt":"V\u00e1lido","vap":"168","pvap":"   0,61"},{"seq":"188","sqcand":"140000861071","n":"15010","nm":"DR SOCRATES","cc":"MDB","nv":" ","e":"n","st":"N\u00e3o eleito","dvt":"Anulado sub judice","vap":"21","pvap":"   0,08"},{"seq":"111","sqcand":"140000759875","n":"55456","nm":"EVERALDO","cc":"PSD","nv":" ","e":"n","st":"Suplente","dvt":"V\u00e1lido","vap":"33","pvap":"   0,12"},{"seq":"72","sqcand":"140001120597","n":"50022","nm":"ARTEM\u00cdZIO GUERREIRO","cc":"PSOL","nv":" ","e":"n","st":"Suplente","dvt":"V\u00e1lido","vap":"94","pvap":"   0,34"},{"seq":"87","sqcand":"140000869760","n":"20202","nm":"DEISE LA\u00cdS","cc":"PSC","nv":" ","e":"n","st":"Suplente","dvt":"V\u00e1lido","vap":"53","pvap":"   0,19"},{"seq":"145","sqcand":"140000728651","n":"10120","nm":"MARIA BOLERA","cc":"REPUBLICANOS","nv":" ","e":"n","st":"Suplente","dvt":"V\u00e1lido","vap":"4","pvap":"   0,01"},{"seq":"129","sqcand":"140000869755","n":"20033","nm":"CLAUDIA VINENTE","cc":"PSC","nv":" ","e":"n","st":"Suplente","dvt":"V\u00e1lido","vap":"18","pvap":"   0,07"},{"seq":"76","sqcand":"140000759867","n":"55000","nm":"NANI","cc":"PSD","nv":" ","e":"n","st":"Suplente","dvt":"V\u00e1lido","vap":"80","pvap":"   0,29"},{"seq":"132","sqcand":"140000953404","n":"45888","nm":"VERA LUCIA","cc":"PSDB","nv":" ","e":"n","st":"Suplente","dvt":"V\u00e1lido","vap":"17","pvap":"   0,06"},{"seq":"138","sqcand":"140001234512","n":"13111","nm":"ADRIANA MARTURANO","cc":"PT","nv":" ","e":"n","st":"Suplente","dvt":"V\u00e1lido","vap":"10","pvap":"   0,04"},{"seq":"170","sqcand":"140000861067","n":"15115","nm":"DANICO","cc":"MDB","nv":" ","e":"n","st":"N\u00e3o eleito","dvt":"Anulado sub judice","vap":"75","pvap":"   0,27"},{"seq":"27","sqcand":"140001121593","n":"13133","nm":"CRISTIANO PIMENTEL","cc":"PT","nv":" ","e":"n","st":"Suplente","dvt":"V\u00e1lido","vap":"238","pvap":"   0,86"},{"seq":"51","sqcand":"140001263490","n":"70500","nm":"RONALDO VIEIRA","cc":"AVANTE","nv":" ","e":"n","st":"Suplente","dvt":"V\u00e1lido","vap":"146","pvap":"   0,53"},{"seq":"44","sqcand":"140000759694","n":"25033","nm":"EDINHO ALMEIDA","cc":"DEM","nv":" ","e":"n","st":"Suplente","dvt":"V\u00e1lido","vap":"156","pvap":"   0,57"},{"seq":"97","sqcand":"140001263478","n":"45112","nm":"DOROTI","cc":"PSDB","nv":" ","e":"n","st":"Suplente","dvt":"V\u00e1lido","vap":"45","pvap":"   0,16"},{"seq":"178","sqcand":"140000871436","n":"43333","nm":"ESTER MASCARENHA","cc":"PV","nv":" ","e":"n","st":"N\u00e3o eleito","dvt":"V\u00e1lido","vap":"39","pvap":"   0,14"},{"seq":"153","sqcand":"140000861080","n":"15015","nm":"TOR\u00d3","cc":"MDB","nv":" ","e":"n","st":"N\u00e3o eleito","dvt":"Anulado sub judice","vap":"453","pvap":"   1,64"},{"seq":"69","sqcand":"140000953407","n":"45777","nm":"KITO ROBERTO","cc":"PSDB","nv":" ","e":"n","st":"Suplente","dvt":"V\u00e1lido","vap":"99","pvap":"   0,36"},{"seq":"94","sqcand":"140000953424","n":"45222","nm":"LEOCASSIO","cc":"PSDB","nv":" ","e":"n","st":"Suplente","dvt":"V\u00e1lido","vap":"47","pvap":"   0,17"},{"seq":"15","sqcand":"140000728652","n":"10123","nm":"ENG CIVIL JONESMAR RAMOS","cc":"REPUBLICANOS","nv":" ","e":"s","st":"Eleito","dvt":"V\u00e1lido","vap":"231","pvap":"   0,84"},{"seq":"193","sqcand":"140000866903","n":"17456","nm":"WASHINGTON RODRIGUES","cc":"PSL","nv":" ","e":"n","st":"N\u00e3o eleito","dvt":"V\u00e1lido","vap":"11","pvap":"   0,04"},{"seq":"195","sqcand":"140000871432","n":"43700","nm":"ANDRE BRELAZ","cc":"PV","nv":" ","e":"n","st":"N\u00e3o eleito","dvt":"V\u00e1lido","vap":"7","pvap":"   0,03"},{"seq":"40","sqcand":"140000953422","n":"45000","nm":"ROBSON","cc":"PSDB","nv":" ","e":"n","st":"Suplente","dvt":"V\u00e1lido","vap":"167","pvap":"   0,61"},{"seq":"4","sqcand":"140000759873","n":"55555","nm":"GLAUBER ANDRADE","cc":"PSD","nv":" ","e":"s","st":"Eleito","dvt":"V\u00e1lido","vap":"686","pvap":"   2,49"},{"seq":"8","sqcand":"140000869758","n":"20800","nm":"M\u00c1RIO ITI\u00c1","cc":"PSC","nv":" ","e":"s","st":"Eleito","dvt":"V\u00e1lido","vap":"498","pvap":"   1,81"},{"seq":"183","sqcand":"140000871428","n":"43001","nm":"ABEL DUTRA","cc":"PV","nv":" ","e":"n","st":"N\u00e3o eleito","dvt":"V\u00e1lido","vap":"28","pvap":"   0,10"},{"seq":"109","sqcand":"140000759690","n":"25630","nm":"DAD\u00c1","cc":"DEM","nv":" ","e":"n","st":"Suplente","dvt":"V\u00e1lido","vap":"33","pvap":"   0,12"},{"seq":"140","sqcand":"140001121601","n":"13456","nm":"TAIANE LIMA","cc":"PT","nv":" ","e":"n","st":"Suplente","dvt":"V\u00e1lido","vap":"6","pvap":"   0,02"},{"seq":"174","sqcand":"140000730719","n":"22022","nm":"FABIO BOMBADO","cc":"PL","nv":" ","e":"n","st":"N\u00e3o eleito","dvt":"Anulado sub judice","vap":"51","pvap":"   0,19"},{"seq":"125","sqcand":"140001119606","n":"70000","nm":"MANECO TELECO TECO","cc":"AVANTE","nv":" ","e":"n","st":"Suplente","dvt":"V\u00e1lido","vap":"23","pvap":"   0,08"},{"seq":"2","sqcand":"140001121594","n":"13500","nm":"FRANCINEI ANDRADE","cc":"PT","nv":" ","e":"s","st":"Eleito","dvt":"V\u00e1lido","vap":"772","pvap":"   2,80"},{"seq":"42","sqcand":"140000869757","n":"20100","nm":"FELIPE ROCHA","cc":"PSC","nv":" ","e":"n","st":"Suplente","dvt":"V\u00e1lido","vap":"164","pvap":"   0,59"},{"seq":"57","sqcand":"140000869756","n":"20777","nm":"PROFESSOR MARCELO LOPES","cc":"PSC","nv":" ","e":"n","st":"Suplente","dvt":"V\u00e1lido","vap":"124","pvap":"   0,45"},{"seq":"50","sqcand":"140000869752","n":"20257","nm":"NILSINEI SOUZA","cc":"PSC","nv":" ","e":"n","st":"Suplente","dvt":"V\u00e1lido","vap":"146","pvap":"   0,53"},{"seq":"85","sqcand":"140001234513","n":"13013","nm":"ANDR\u00c9 OLIVEIRA","cc":"PT","nv":" ","e":"n","st":"Suplente","dvt":"V\u00e1lido","vap":"56","pvap":"   0,20"},{"seq":"149","sqcand":"140000728662","n":"10444","nm":"MARIA NOEME","cc":"REPUBLICANOS","nv":" ","e":"n","st":"Suplente","dvt":"V\u00e1lido","vap":"0","pvap":"00.00"},{"seq":"128","sqcand":"140000953421","n":"45678","nm":"CARLINHO CHAPADINHA","cc":"PSDB","nv":" ","e":"n","st":"Suplente","dvt":"V\u00e1lido","vap":"18","pvap":"   0,07"},{"seq":"46","sqcand":"140000728657","n":"10107","nm":"NENO ROBERTO","cc":"REPUBLICANOS","nv":" ","e":"n","st":"Suplente","dvt":"V\u00e1lido","vap":"153","pvap":"   0,56"},{"seq":"83","sqcand":"140001119604","n":"70013","nm":"CAMILA ANDRADE","cc":"AVANTE","nv":" ","e":"n","st":"Suplente","dvt":"V\u00e1lido","vap":"59","pvap":"   0,21"},{"seq":"166","sqcand":"140000861074","n":"15456","nm":"ALAIN","cc":"MDB","nv":" ","e":"n","st":"N\u00e3o eleito","dvt":"Anulado sub judice","vap":"89","pvap":"   0,32"},{"seq":"139","sqcand":"140001120607","n":"50665","nm":"MELQUE DA FARINHA","cc":"PSOL","nv":" ","e":"n","st":"Suplente","dvt":"V\u00e1lido","vap":"9","pvap":"   0,03"},{"seq":"176","sqcand":"140000871435","n":"43023","nm":"NALDI BATISTA","cc":"PV","nv":" ","e":"n","st":"N\u00e3o eleito","dvt":"V\u00e1lido","vap":"44","pvap":"   0,16"},{"seq":"167","sqcand":"140000871434","n":"43122","nm":"NEURIANE MELO","cc":"PV","nv":" ","e":"n","st":"N\u00e3o eleito","dvt":"V\u00e1lido","vap":"84","pvap":"   0,30"},{"seq":"75","sqcand":"140000953417","n":"45166","nm":"JAANDER","cc":"PSDB","nv":" ","e":"n","st":"Suplente","dvt":"V\u00e1lido","vap":"85","pvap":"   0,31"},{"seq":"88","sqcand":"140001120594","n":"50633","nm":"REGINA MELO","cc":"PSOL","nv":" ","e":"n","st":"Suplente","dvt":"V\u00e1lido","vap":"51","pvap":"   0,19"},{"seq":"77","sqcand":"140001120609","n":"50678","nm":"GEORGE SANTOS","cc":"PSOL","nv":" ","e":"n","st":"Suplente","dvt":"V\u00e1lido","vap":"80","pvap":"   0,29"},{"seq":"115","sqcand":"140000759699","n":"25429","nm":"NICIA","cc":"DEM","nv":" ","e":"n","st":"Suplente","dvt":"V\u00e1lido","vap":"31","pvap":"   0,11"},{"seq":"10","sqcand":"140000953411","n":"45123","nm":"PROFESSORA VAL","cc":"PSDB","nv":" ","e":"s","st":"Eleito","dvt":"V\u00e1lido","vap":"384","pvap":"   1,39"},{"seq":"25","sqcand":"140000759865","n":"55123","nm":"MARCINO TOSCANO","cc":"PSD","nv":" ","e":"n","st":"Suplente","dvt":"V\u00e1lido","vap":"240","pvap":"   0,87"},{"seq":"71","sqcand":"140000869754","n":"20122","nm":"IZAIAS MATOS","cc":"PSC","nv":" ","e":"n","st":"Suplente","dvt":"V\u00e1lido","vap":"95","pvap":"   0,34"},{"seq":"187","sqcand":"140000861062","n":"15345","nm":"DANIELE BRITO","cc":"MDB","nv":" ","e":"n","st":"N\u00e3o eleito","dvt":"Anulado sub judice","vap":"21","pvap":"   0,08"},{"seq":"107","sqcand":"140000953419","n":"45115","nm":"VANILSO","cc":"PSDB","nv":" ","e":"n","st":"Suplente","dvt":"V\u00e1lido","vap":"35","pvap":"   0,13"},{"seq":"41","sqcand":"140001121590","n":"13230","nm":"PROF SHEROON AZEVEDO","cc":"PT","nv":" ","e":"n","st":"Suplente","dvt":"V\u00e1lido","vap":"165","pvap":"   0,60"},{"seq":"101","sqcand":"140000759691","n":"25333","nm":"MERE","cc":"DEM","nv":" ","e":"n","st":"Suplente","dvt":"V\u00e1lido","vap":"40","pvap":"   0,15"},{"seq":"62","sqcand":"140001120606","n":"50143","nm":"CLEIA SOUZA","cc":"PSOL","nv":" ","e":"n","st":"Suplente","dvt":"V\u00e1lido","vap":"113","pvap":"   0,41"},{"seq":"196","sqcand":"140000871429","n":"43523","nm":"ANDREIA MATOS","cc":"PV","nv":" ","e":"n","st":"N\u00e3o eleito","dvt":"V\u00e1lido","vap":"5","pvap":"   0,02"},{"seq":"100","sqcand":"140000728658","n":"10600","nm":"ADSON VIEIRA","cc":"REPUBLICANOS","nv":" ","e":"n","st":"Suplente","dvt":"V\u00e1lido","vap":"40","pvap":"   0,15"},{"seq":"73","sqcand":"140000869753","n":"20123","nm":"CLEI\u00c7ON ARA\u00daJO","cc":"PSC","nv":" ","e":"n","st":"Suplente","dvt":"V\u00e1lido","vap":"93","pvap":"   0,34"},{"seq":"142","sqcand":"140001120604","n":"50551","nm":"LUIZ SANTANA","cc":"PSOL","nv":" ","e":"n","st":"Suplente","dvt":"V\u00e1lido","vap":"4","pvap":"   0,01"},{"seq":"36","sqcand":"140000728655","n":"10101","nm":"EDUARDO SALGADO","cc":"REPUBLICANOS","nv":" ","e":"n","st":"Suplente","dvt":"V\u00e1lido","vap":"176","pvap":"   0,64"},{"seq":"63","sqcand":"140001119616","n":"70070","nm":"ANDREIA ARA\u00daJO","cc":"AVANTE","nv":" ","e":"n","st":"Suplente","dvt":"V\u00e1lido","vap":"113","pvap":"   0,41"},{"seq":"5","sqcand":"140001121596","n":"13131","nm":"ROG\u00c9RIO COSTA","cc":"PT","nv":" ","e":"s","st":"Eleito","dvt":"V\u00e1lido","vap":"675","pvap":"   2,45"},{"seq":"144","sqcand":"140000728654","n":"10888","nm":"EDINELZA MARTINS","cc":"REPUBLICANOS","nv":" ","e":"n","st":"Suplente","dvt":"V\u00e1lido","vap":"4","pvap":"   0,01"},{"seq":"19","sqcand":"140001121595","n":"13132","nm":"ZEQUINHA DO SINDICATO","cc":"PT","nv":" ","e":"n","st":"Suplente","dvt":"V\u00e1lido","vap":"323","pvap":"   1,17"},{"seq":"181","sqcand":"140001120600","n":"50010","nm":"PEL\u00c9","cc":"PSOL","nv":" ","e":"n","st":"N\u00e3o eleito","dvt":"Anulado sub judice","vap":"29","pvap":"   0,11"},{"seq":"60","sqcand":"140000953413","n":"45015","nm":"PAULO AG DE SAUDE","cc":"PSDB","nv":" ","e":"n","st":"Suplente","dvt":"V\u00e1lido","vap":"115","pvap":"   0,42"},{"seq":"168","sqcand":"140000871438","n":"43108","nm":"JESUS CABELEREIRA","cc":"PV","nv":" ","e":"n","st":"N\u00e3o eleito","dvt":"V\u00e1lido","vap":"77","pvap":"   0,28"},{"seq":"34","sqcand":"140000759869","n":"55333","nm":"MIGUEL TEIXEIRA","cc":"PSD","nv":" ","e":"n","st":"Suplente","dvt":"V\u00e1lido","vap":"184","pvap":"   0,67"},{"seq":"118","sqcand":"140001120589","n":"50051","nm":"NEICE MUNIZ","cc":"PSOL","nv":" ","e":"n","st":"Suplente","dvt":"V\u00e1lido","vap":"28","pvap":"   0,10"},{"seq":"172","sqcand":"140000861081","n":"15515","nm":"SANDRA PINHEIRO","cc":"MDB","nv":" ","e":"n","st":"N\u00e3o eleito","dvt":"Anulado sub judice","vap":"68","pvap":"   0,25"},{"seq":"186","sqcand":"140000871430","n":"43026","nm":"VAL NASCIMENTO","cc":"PV","nv":" ","e":"n","st":"N\u00e3o eleito","dvt":"V\u00e1lido","vap":"21","pvap":"   0,08"},{"seq":"156","sqcand":"140000861069","n":"15111","nm":"NICOLAU DE ASSUN\u00c7\u00c3O","cc":"MDB","nv":" ","e":"n","st":"N\u00e3o eleito","dvt":"Anulado sub judice","vap":"350","pvap":"   1,27"},{"seq":"74","sqcand":"140001120598","n":"50000","nm":"PASTOR NATINHO","cc":"PSOL","nv":" ","e":"n","st":"Suplente","dvt":"V\u00e1lido","vap":"85","pvap":"   0,31"},{"seq":"103","sqcand":"140001119608","n":"70229","nm":"HOSANA FARIAS","cc":"AVANTE","nv":" ","e":"n","st":"Suplente","dvt":"V\u00e1lido","vap":"37","pvap":"   0,13"},{"seq":"82","sqcand":"140001120605","n":"50555","nm":"JOELMIR BARROSO","cc":"PSOL","nv":" ","e":"n","st":"Suplente","dvt":"V\u00e1lido","vap":"60","pvap":"   0,22"},{"seq":"104","sqcand":"140000728664","n":"10100","nm":"PROFESSOR LAERCIO","cc":"REPUBLICANOS","nv":" ","e":"n","st":"Suplente","dvt":"V\u00e1lido","vap":"36","pvap":"   0,13"},{"seq":"155","sqcand":"140000861070","n":"15001","nm":"ROMARIO PEREIRA","cc":"MDB","nv":" ","e":"n","st":"N\u00e3o eleito","dvt":"Anulado sub judice","vap":"397","pvap":"   1,44"},{"seq":"113","sqcand":"140001120595","n":"50950","nm":"FLAVIA SANTOS","cc":"PSOL","nv":" ","e":"n","st":"Suplente","dvt":"V\u00e1lido","vap":"32","pvap":"   0,12"},{"seq":"45","sqcand":"140000759872","n":"55777","nm":"GUSTAVO HAMOY","cc":"PSD","nv":" ","e":"n","st":"Suplente","dvt":"V\u00e1lido","vap":"154","pvap":"   0,56"},{"seq":"177","sqcand":"140000861066","n":"15112","nm":"ELADIO","cc":"MDB","nv":" ","e":"n","st":"N\u00e3o eleito","dvt":"Anulado sub judice","vap":"39","pvap":"   0,14"},{"seq":"61","sqcand":"140001119613","n":"70333","nm":"SEBASTI\u00c3O FILHO","cc":"AVANTE","nv":" ","e":"n","st":"Suplente","dvt":"V\u00e1lido","vap":"114","pvap":"   0,41"},{"seq":"31","sqcand":"140001121587","n":"13113","nm":"PR ANTONIO MARCOS","cc":"PT","nv":" ","e":"n","st":"Suplente","dvt":"V\u00e1lido","vap":"202","pvap":"   0,73"},{"seq":"92","sqcand":"140001120588","n":"50132","nm":"IVAN NATIVIDADE","cc":"PSOL","nv":" ","e":"n","st":"Suplente","dvt":"V\u00e1lido","vap":"47","pvap":"   0,17"},{"seq":"33","sqcand":"140000728665","n":"10456","nm":"JOAO GAUHO","cc":"REPUBLICANOS","nv":" ","e":"n","st":"Suplente","dvt":"V\u00e1lido","vap":"194","pvap":"   0,70"},{"seq":"197","sqcand":"140000866907","n":"17890","nm":"RAILSON","cc":"PSL","nv":" ","e":"n","st":"N\u00e3o eleito","dvt":"V\u00e1lido","vap":"5","pvap":"   0,02"},{"seq":"148","sqcand":"140001270731","n":"25999","nm":"LEILA","cc":"DEM","nv":" ","e":"n","st":"Suplente","dvt":"V\u00e1lido","vap":"1","pvap":"   0,00"},{"seq":"136","sqcand":"140001120591","n":"50444","nm":"JOSICA FURAC\u00c3O","cc":"PSOL","nv":" ","e":"n","st":"Suplente","dvt":"V\u00e1lido","vap":"11","pvap":"   0,04"},{"seq":"53","sqcand":"140000759706","n":"25025","nm":"NONATINHO","cc":"DEM","nv":" ","e":"n","st":"Suplente","dvt":"V\u00e1lido","vap":"139","pvap":"   0,50"},{"seq":"151","sqcand":"140000861078","n":"15610","nm":"PERUANO","cc":"MDB","nv":" ","e":"n","st":"N\u00e3o eleito","dvt":"Anulado sub judice","vap":"682","pvap":"   2,47"},{"seq":"198","sqcand":"140000871425","n":"43058","nm":"HIRINOLDO DOS PNEUS","cc":"PV","nv":" ","e":"n","st":"N\u00e3o eleito","dvt":"V\u00e1lido","vap":"1","pvap":"   0,00"},{"seq":"122","sqcand":"140000728656","n":"10003","nm":"FERNADNO","cc":"REPUBLICANOS","nv":" ","e":"n","st":"Suplente","dvt":"V\u00e1lido","vap":"26","pvap":"   0,09"},{"seq":"24","sqcand":"140000759878","n":"55515","nm":"MARCELO PEREIRA","cc":"PSD","nv":" ","e":"n","st":"Suplente","dvt":"V\u00e1lido","vap":"248","pvap":"   0,90"},{"seq":"162","sqcand":"140000861083","n":"15246","nm":"ER\u00d3","cc":"MDB","nv":" ","e":"n","st":"N\u00e3o eleito","dvt":"Anulado sub judice","vap":"183","pvap":"   0,66"},{"seq":"157","sqcand":"140000861068","n":"15125","nm":"DELMO SANTAR\u00c9M","cc":"MDB","nv":" ","e":"n","st":"N\u00e3o eleito","dvt":"Anulado sub judice","vap":"318","pvap":"   1,15"},{"seq":"79","sqcand":"140000869748","n":"20700","nm":"EMERSON RIBEIRO","cc":"PSC","nv":" ","e":"n","st":"Suplente","dvt":"V\u00e1lido","vap":"69","pvap":"   0,25"},{"seq":"200","sqcand":"140000664003","n":"65123","nm":"GEORGE KUNZ","cc":"PC do B","nv":" ","e":"n","st":"N\u00e3o eleito","dvt":"V\u00e1lido","vap":"0","pvap":"00.00"},{"seq":"80","sqcand":"140000869743","n":"20012","nm":"BISPO ORLANDINO","cc":"PSC","nv":" ","e":"n","st":"Suplente","dvt":"V\u00e1lido","vap":"65","pvap":"   0,24"},{"seq":"55","sqcand":"140000953414","n":"45048","nm":"PRETA","cc":"PSDB","nv":" ","e":"n","st":"Suplente","dvt":"V\u00e1lido","vap":"130","pvap":"   0,47"},{"seq":"21","sqcand":"140000759700","n":"25133","nm":"TAICA","cc":"DEM","nv":" ","e":"n","st":"Suplente","dvt":"V\u00e1lido","vap":"309","pvap":"   1,12"},{"seq":"91","sqcand":"140000759871","n":"55222","nm":"GLORIJANE CANTO","cc":"PSD","nv":" ","e":"n","st":"Suplente","dvt":"V\u00e1lido","vap":"50","pvap":"   0,18"},{"seq":"35","sqcand":"140001119599","n":"70345","nm":"DANIZEL MARQUES","cc":"AVANTE","nv":" ","e":"n","st":"Suplente","dvt":"V\u00e1lido","vap":"181","pvap":"   0,66"},{"seq":"67","sqcand":"140001119617","n":"70222","nm":"ANILTON DO ROTA","cc":"AVANTE","nv":" ","e":"n","st":"Suplente","dvt":"V\u00e1lido","vap":"107","pvap":"   0,39"},{"seq":"70","sqcand":"140001119612","n":"70770","nm":"CHEROQUINHA","cc":"AVANTE","nv":" ","e":"n","st":"Suplente","dvt":"V\u00e1lido","vap":"96","pvap":"   0,35"},{"seq":"141","sqcand":"140000759702","n":"25316","nm":"ELIZANGELA","cc":"DEM","nv":" ","e":"n","st":"Suplente","dvt":"V\u00e1lido","vap":"6","pvap":"   0,02"},{"seq":"93","sqcand":"140000869746","n":"20200","nm":"PROFESSOR ABDON","cc":"PSC","nv":" ","e":"n","st":"Suplente","dvt":"V\u00e1lido","vap":"47","pvap":"   0,17"},{"seq":"110","sqcand":"140000953408","n":"45100","nm":"ANDERSON RAMOS","cc":"PSDB","nv":" ","e":"n","st":"Suplente","dvt":"V\u00e1lido","vap":"33","pvap":"   0,12"},{"seq":"127","sqcand":"140001120608","n":"50610","nm":"SAMUEL MENDES","cc":"PSOL","nv":" ","e":"n","st":"Suplente","dvt":"V\u00e1lido","vap":"19","pvap":"   0,07"},{"seq":"169","sqcand":"140000861073","n":"15815","nm":"ANGELA BATISTA","cc":"MDB","nv":" ","e":"n","st":"N\u00e3o eleito","dvt":"Anulado sub judice","vap":"77","pvap":"   0,28"},{"seq":"120","sqcand":"140000953405","n":"45111","nm":"JOSE RODRIGUES","cc":"PSDB","nv":" ","e":"n","st":"Suplente","dvt":"V\u00e1lido","vap":"27","pvap":"   0,10"},{"seq":"26","sqcand":"140000953416","n":"45150","nm":"JONATAS RIBEIRO","cc":"PSDB","nv":" ","e":"n","st":"Suplente","dvt":"V\u00e1lido","vap":"239","pvap":"   0,87"},{"seq":"56","sqcand":"140000759877","n":"55487","nm":"JARDEL MATOS","cc":"PSD","nv":" ","e":"n","st":"Suplente","dvt":"V\u00e1lido","vap":"124","pvap":"   0,45"},{"seq":"3","sqcand":"140000759708","n":"25654","nm":"DALILA VEIGA","cc":"DEM","nv":" ","e":"s","st":"Eleito","dvt":"V\u00e1lido","vap":"687","pvap":"   2,49"},{"seq":"180","sqcand":"140000871427","n":"43123","nm":"ERNANDES RIBEIRO","cc":"PV","nv":" ","e":"n","st":"N\u00e3o eleito","dvt":"V\u00e1lido","vap":"30","pvap":"   0,11"},{"seq":"11","sqcand":"140000953412","n":"45500","nm":"EDERLAN","cc":"PSDB","nv":" ","e":"s","st":"Eleito","dvt":"V\u00e1lido","vap":"383","pvap":"   1,39"},{"seq":"23","sqcand":"140000759876","n":"55155","nm":"LIDIO PAZ","cc":"PSD","nv":" ","e":"n","st":"Suplente","dvt":"V\u00e1lido","vap":"256","pvap":"   0,93"},{"seq":"58","sqcand":"140000953406","n":"45333","nm":"PROFESSORA NONATA","cc":"PSDB","nv":" ","e":"n","st":"Suplente","dvt":"V\u00e1lido","vap":"118","pvap":"   0,43"},{"seq":"185","sqcand":"140000866908","n":"17123","nm":"ALESSASNDRO NUNES","cc":"PSL","nv":" ","e":"n","st":"N\u00e3o eleito","dvt":"V\u00e1lido","vap":"21","pvap":"   0,08"},{"seq":"173","sqcand":"140000861072","n":"15157","nm":"ALCINELE","cc":"MDB","nv":" ","e":"n","st":"N\u00e3o eleito","dvt":"Anulado sub judice","vap":"58","pvap":"   0,21"},{"seq":"86","sqcand":"140001119610","n":"70444","nm":"SERGIO GUERREIRO","cc":"AVANTE","nv":" ","e":"n","st":"Suplente","dvt":"V\u00e1lido","vap":"56","pvap":"   0,20"},{"seq":"38","sqcand":"140000759866","n":"55055","nm":"LILI DO BORGES","cc":"PSD","nv":" ","e":"n","st":"Suplente","dvt":"V\u00e1lido","vap":"169","pvap":"   0,61"},{"seq":"22","sqcand":"140001121598","n":"13613","nm":"DORLI GUIMAR\u00c3ES","cc":"PT","nv":" ","e":"n","st":"Suplente","dvt":"V\u00e1lido","vap":"265","pvap":"   0,96"},{"seq":"123","sqcand":"140000869745","n":"20020","nm":"LINGLEA SIQUEIRA","cc":"PSC","nv":" ","e":"n","st":"Suplente","dvt":"V\u00e1lido","vap":"26","pvap":"   0,09"},{"seq":"99","sqcand":"140001120610","n":"50777","nm":"PROFESSORA NEGA","cc":"PSOL","nv":" ","e":"n","st":"Suplente","dvt":"V\u00e1lido","vap":"44","pvap":"   0,16"},{"seq":"137","sqcand":"140000869759","n":"20500","nm":"C\u00c9LIO DUARTE","cc":"PSC","nv":" ","e":"n","st":"Suplente","dvt":"V\u00e1lido","vap":"10","pvap":"   0,04"},{"seq":"48","sqcand":"140000953415","n":"45444","nm":"NAISSINHO","cc":"PSDB","nv":" ","e":"n","st":"Suplente","dvt":"V\u00e1lido","vap":"150","pvap":"   0,54"},{"seq":"102","sqcand":"140000728660","n":"10400","nm":"PAULO LAVA JATO","cc":"REPUBLICANOS","nv":" ","e":"n","st":"Suplente","dvt":"V\u00e1lido","vap":"37","pvap":"   0,13"},{"seq":"1","sqcand":"140000759704","n":"25000","nm":"ZEZE","cc":"DEM","nv":" ","e":"s","st":"Eleito","dvt":"V\u00e1lido","vap":"800","pvap":"   2,90"},{"seq":"171","sqcand":"140001120602","n":"50121","nm":"CARRO VELHO","cc":"PSOL","nv":" ","e":"n","st":"N\u00e3o eleito","dvt":"Anulado sub judice","vap":"71","pvap":"   0,26"},{"seq":"114","sqcand":"140000869751","n":"20234","nm":"BRUNO RAFAEL","cc":"PSC","nv":" ","e":"n","st":"Suplente","dvt":"V\u00e1lido","vap":"31","pvap":"   0,11"},{"seq":"59","sqcand":"140000759870","n":"55022","nm":"PROFESSOR ZENILTON","cc":"PSD","nv":" ","e":"n","st":"Suplente","dvt":"V\u00e1lido","vap":"117","pvap":"   0,42"},{"seq":"124","sqcand":"140001120592","n":"50009","nm":"ADDSON TAVARES","cc":"PSOL","nv":" ","e":"n","st":"Suplente","dvt":"V\u00e1lido","vap":"24","pvap":"   0,09"},{"seq":"147","sqcand":"140000728661","n":"10707","nm":"JACK","cc":"REPUBLICANOS","nv":" ","e":"n","st":"Suplente","dvt":"V\u00e1lido","vap":"2","pvap":"   0,01"},{"seq":"54","sqcand":"140001119618","n":"70777","nm":"ED\u00c9SIO MAIA","cc":"AVANTE","nv":" ","e":"n","st":"Suplente","dvt":"V\u00e1lido","vap":"138","pvap":"   0,50"},{"seq":"191","sqcand":"140000664004","n":"65065","nm":"JANER BRELAZ","cc":"PC do B","nv":" ","e":"n","st":"N\u00e3o eleito","dvt":"V\u00e1lido","vap":"12","pvap":"   0,04"},{"seq":"117","sqcand":"140001120593","n":"50130","nm":"RAIMUNDA MARIA ARINGOTE","cc":"PSOL","nv":" ","e":"n","st":"Suplente","dvt":"V\u00e1lido","vap":"28","pvap":"   0,10"},{"seq":"43","sqcand":"140000759701","n":"25003","nm":"VENANCIO VIEIRA","cc":"DEM","nv":" ","e":"n","st":"Suplente","dvt":"V\u00e1lido","vap":"162","pvap":"   0,59"},{"seq":"32","sqcand":"140000869747","n":"20220","nm":"ENFERMEIRA FRANCENILDA SILVA","cc":"PSC","nv":" ","e":"n","st":"Suplente","dvt":"V\u00e1lido","vap":"201","pvap":"   0,73"},{"seq":"89","sqcand":"140000759705","n":"25345","nm":"SHINOHARA","cc":"DEM","nv":" ","e":"n","st":"Suplente","dvt":"V\u00e1lido","vap":"51","pvap":"   0,19"},{"seq":"158","sqcand":"140000730720","n":"22222","nm":"FILIPE VITOR","cc":"PL","nv":" ","e":"n","st":"N\u00e3o eleito","dvt":"V\u00e1lido","vap":"295","pvap":"   1,07"},{"seq":"201","sqcand":"140000871431","n":"43043","nm":"GLAUSO COSTA","cc":"PV","nv":" ","e":"n","st":"N\u00e3o eleito","dvt":"V\u00e1lido","vap":"0","pvap":"00.00"},{"seq":"49","sqcand":"140001121597","n":"13300","nm":"BIRI","cc":"PT","nv":" ","e":"n","st":"Suplente","dvt":"V\u00e1lido","vap":"146","pvap":"   0,53"},{"seq":"30","sqcand":"140001120596","n":"50134","nm":"BIBI","cc":"PSOL","nv":" ","e":"n","st":"Suplente","dvt":"V\u00e1lido","vap":"210","pvap":"   0,76"},{"seq":"66","sqcand":"140000759864","n":"55132","nm":"HUERITON BARROSO","cc":"PSD","nv":" ","e":"n","st":"Suplente","dvt":"V\u00e1lido","vap":"110","pvap":"   0,40"},{"seq":"84","sqcand":"140000953418","n":"45045","nm":"TEC ENF TANIA BRAGA","cc":"PSDB","nv":" ","e":"n","st":"Suplente","dvt":"V\u00e1lido","vap":"58","pvap":"   0,21"},{"seq":"190","sqcand":"140000871426","n":"43741","nm":"\u00c9RICA PANTOJA","cc":"PV","nv":" ","e":"n","st":"N\u00e3o eleito","dvt":"V\u00e1lido","vap":"16","pvap":"   0,06"},{"seq":"143","sqcand":"140000869744","n":"20007","nm":"DOM ALAN GIBSON","cc":"PSC","nv":" ","e":"n","st":"Suplente","dvt":"V\u00e1lido","vap":"4","pvap":"   0,01"},{"seq":"160","sqcand":"140000861064","n":"15123","nm":"PASTOR IDERALDO RAMOS","cc":"MDB","nv":" ","e":"n","st":"N\u00e3o eleito","dvt":"Anulado sub judice","vap":"192","pvap":"   0,70"},{"seq":"18","sqcand":"140000759695","n":"25789","nm":"ELBER SANCLER","cc":"DEM","nv":" ","e":"n","st":"Suplente","dvt":"V\u00e1lido","vap":"364","pvap":"   1,32"},{"seq":"130","sqcand":"140001263489","n":"70700","nm":"TONGA","cc":"AVANTE","nv":" ","e":"n","st":"Suplente","dvt":"V\u00e1lido","vap":"18","pvap":"   0,07"}]}
