{"ele":"426","tpabr":"mu","cdabr":"04782","carper":"13","t":"1","f":"o","dt":"15/11/2020","ht":"22:36:51","dv":"s","tf":"s","v":"9","esae":"n","mnae":"","s":"34","st":"34","pst":" 100,00","snt":"0","psnt":"   0,00","si":"34","psi":" 100,00","sni":"0","psni":"   0,00","sa":"34","psa":" 100,00","sna":"0","psna":"   0,00","e":"9739","ea":"9739","pea":" 100,00","ena":"0","pena":"   0,00","esi":"9739","pesi":" 100,00","esni":"0","pesni":"   0,00","c":"7476","pc":"  76,76","a":"2263","pa":"  23,24","vscv":"0","vnom":"6846","vl":"432","pvnom":"  94,06","pvl":"   5,94","vvc":"7278","pvvc":"  97,35","vb":"26","pvb":"   0,35","tvn":"172","ptvn":"   2,30","vn":"172","pvn":" 100,00","vnt":"0","pvnt":"   0,00","vp":"0","pvp":"   0,00","vv":"7278","pvv":" 100,00","van":"0","pvan":"   0,00","vansj":"0","pvansj":"   0,00","tv":"7476","cand":[{"seq":"47","sqcand":"140000678325","n":"40111","nm":"KAYTANA NETA DA DONA IRACEMA","cc":"PSB","nv":" ","e":"n","st":"N\u00e3o eleito","dvt":"V\u00e1lido","vap":"8","pvap":"   0,11"},{"seq":"1","sqcand":"140000932724","n":"20000","nm":"EDILSON TEIXEIRA","cc":"PSC","nv":" ","e":"s","st":"Eleito","dvt":"V\u00e1lido","vap":"464","pvap":"   6,38"},{"seq":"19","sqcand":"140000926593","n":"12888","nm":"AMARAL","cc":"PDT","nv":" ","e":"n","st":"Suplente","dvt":"V\u00e1lido","vap":"110","pvap":"   1,51"},{"seq":"41","sqcand":"140000666727","n":"19000","nm":"WELLES MIRANDA","cc":"PODE","nv":" ","e":"n","st":"N\u00e3o eleito","dvt":"V\u00e1lido","vap":"356","pvap":"   4,89"},{"seq":"14","sqcand":"140000821210","n":"13111","nm":"JO\u00c3O BATISTA","cc":"PT","nv":" ","e":"n","st":"Suplente","dvt":"V\u00e1lido","vap":"226","pvap":"   3,11"},{"seq":"27","sqcand":"140001006834","n":"15000","nm":"GILZA BORGES","cc":"MDB","nv":" ","e":"n","st":"Suplente","dvt":"V\u00e1lido","vap":"63","pvap":"   0,87"},{"seq":"15","sqcand":"140000926594","n":"12456","nm":"PROFESSORA APOLYANA","cc":"PDT","nv":" ","e":"n","st":"Suplente","dvt":"V\u00e1lido","vap":"168","pvap":"   2,31"},{"seq":"21","sqcand":"140000666625","n":"55123","nm":"DHONES CLAUTER","cc":"PSD","nv":" ","e":"n","st":"Suplente","dvt":"V\u00e1lido","vap":"96","pvap":"   1,32"},{"seq":"43","sqcand":"140000666729","n":"19222","nm":"ENFERMEIRA GENISTELA","cc":"PODE","nv":" ","e":"n","st":"N\u00e3o eleito","dvt":"V\u00e1lido","vap":"97","pvap":"   1,33"},{"seq":"37","sqcand":"140000821213","n":"13222","nm":"ROSINEIDE REKER","cc":"PT","nv":" ","e":"n","st":"Suplente","dvt":"V\u00e1lido","vap":"21","pvap":"   0,29"},{"seq":"22","sqcand":"140000932721","n":"20100","nm":"DED\u00ca","cc":"PSC","nv":" ","e":"n","st":"Suplente","dvt":"V\u00e1lido","vap":"93","pvap":"   1,28"},{"seq":"26","sqcand":"140000926591","n":"12444","nm":"NILVA FERREIRA","cc":"PDT","nv":" ","e":"n","st":"Suplente","dvt":"V\u00e1lido","vap":"66","pvap":"   0,91"},{"seq":"10","sqcand":"140001006829","n":"15333","nm":"IRM\u00c3O EDSON","cc":"MDB","nv":" ","e":"n","st":"Suplente","dvt":"V\u00e1lido","vap":"270","pvap":"   3,71"},{"seq":"3","sqcand":"140001006826","n":"15010","nm":"MASCARENHA","cc":"MDB","nv":" ","e":"s","st":"Eleito","dvt":"V\u00e1lido","vap":"373","pvap":"   5,13"},{"seq":"38","sqcand":"140000666624","n":"55500","nm":"JANETE COSTA","cc":"PSD","nv":" ","e":"n","st":"Suplente","dvt":"V\u00e1lido","vap":"13","pvap":"   0,18"},{"seq":"45","sqcand":"140000678327","n":"40118","nm":"NANDO ALVES DO SERTANORTE","cc":"PSB","nv":" ","e":"n","st":"N\u00e3o eleito","dvt":"V\u00e1lido","vap":"65","pvap":"   0,89"},{"seq":"32","sqcand":"140000932719","n":"20123","nm":"PRESBITERO GIVALDO","cc":"PSC","nv":" ","e":"n","st":"Suplente","dvt":"V\u00e1lido","vap":"44","pvap":"   0,60"},{"seq":"7","sqcand":"140001006825","n":"15123","nm":"CARMEM MEDEIROS","cc":"MDB","nv":" ","e":"s","st":"Eleito","dvt":"V\u00e1lido","vap":"317","pvap":"   4,36"},{"seq":"44","sqcand":"140000666728","n":"19999","nm":"PROFESSOR ORLEANS VALVERDE","cc":"PODE","nv":" ","e":"n","st":"N\u00e3o eleito","dvt":"V\u00e1lido","vap":"90","pvap":"   1,24"},{"seq":"28","sqcand":"140000926595","n":"12000","nm":"ALAN BRASIL","cc":"PDT","nv":" ","e":"n","st":"Suplente","dvt":"V\u00e1lido","vap":"54","pvap":"   0,74"},{"seq":"33","sqcand":"140000932717","n":"20678","nm":"TIQUINHA MANICURE","cc":"PSC","nv":" ","e":"n","st":"Suplente","dvt":"V\u00e1lido","vap":"44","pvap":"   0,60"},{"seq":"46","sqcand":"140000678326","n":"40123","nm":"ZUCA","cc":"PSB","nv":" ","e":"n","st":"N\u00e3o eleito","dvt":"V\u00e1lido","vap":"29","pvap":"   0,40"},{"seq":"4","sqcand":"140001006832","n":"15222","nm":"DAVEI","cc":"MDB","nv":" ","e":"s","st":"Eleito","dvt":"V\u00e1lido","vap":"351","pvap":"   4,82"},{"seq":"39","sqcand":"140001006828","n":"15444","nm":"CONCISLEI","cc":"MDB","nv":" ","e":"n","st":"Suplente","dvt":"V\u00e1lido","vap":"10","pvap":"   0,14"},{"seq":"2","sqcand":"140000926592","n":"12222","nm":"EDSON LOPES","cc":"PDT","nv":" ","e":"s","st":"Eleito","dvt":"V\u00e1lido","vap":"415","pvap":"   5,70"},{"seq":"16","sqcand":"140000666626","n":"55555","nm":"PROFESSORA VERA","cc":"PSD","nv":" ","e":"n","st":"Suplente","dvt":"V\u00e1lido","vap":"155","pvap":"   2,13"},{"seq":"17","sqcand":"140000666621","n":"55338","nm":"LUIZ CARLOS","cc":"PSD","nv":" ","e":"n","st":"Suplente","dvt":"V\u00e1lido","vap":"151","pvap":"   2,07"},{"seq":"13","sqcand":"140001006830","n":"15555","nm":"PROFESSOR SIVONEI","cc":"MDB","nv":" ","e":"n","st":"Suplente","dvt":"V\u00e1lido","vap":"227","pvap":"   3,12"},{"seq":"24","sqcand":"140000926590","n":"12345","nm":"MONOELZITO","cc":"PDT","nv":" ","e":"n","st":"Suplente","dvt":"V\u00e1lido","vap":"76","pvap":"   1,04"},{"seq":"6","sqcand":"140001006827","n":"15118","nm":"D\u00ca DO F\u00c9LIX","cc":"MDB","nv":" ","e":"s","st":"Eleito","dvt":"V\u00e1lido","vap":"334","pvap":"   4,59"},{"seq":"31","sqcand":"140000932718","n":"20112","nm":"EVANDRO DA PONTA DA SERRA","cc":"PSC","nv":" ","e":"n","st":"Suplente","dvt":"V\u00e1lido","vap":"45","pvap":"   0,62"},{"seq":"34","sqcand":"140000821209","n":"13000","nm":"ROBERTO SILVA","cc":"PT","nv":" ","e":"n","st":"Suplente","dvt":"V\u00e1lido","vap":"29","pvap":"   0,40"},{"seq":"12","sqcand":"140000666622","n":"55111","nm":"ZAL\u00c9M","cc":"PSD","nv":" ","e":"n","st":"Suplente","dvt":"V\u00e1lido","vap":"237","pvap":"   3,26"},{"seq":"18","sqcand":"140001006831","n":"15111","nm":"VALMIR SANTANA","cc":"MDB","nv":" ","e":"n","st":"Suplente","dvt":"V\u00e1lido","vap":"136","pvap":"   1,87"},{"seq":"40","sqcand":"140000926589","n":"12111","nm":"SILVIA TROVAO","cc":"PDT","nv":" ","e":"n","st":"Suplente","dvt":"V\u00e1lido","vap":"5","pvap":"   0,07"},{"seq":"29","sqcand":"140000932715","n":"20222","nm":"DONA LAZARA","cc":"PSC","nv":" ","e":"n","st":"Suplente","dvt":"V\u00e1lido","vap":"46","pvap":"   0,63"},{"seq":"5","sqcand":"140000821214","n":"13100","nm":"DR. DERNIVAL BARROS","cc":"PT","nv":" ","e":"s","st":"Eleito","dvt":"V\u00e1lido","vap":"348","pvap":"   4,78"},{"seq":"20","sqcand":"140000932723","n":"20200","nm":"PASTOR ROGERIO","cc":"PSC","nv":" ","e":"n","st":"Suplente","dvt":"V\u00e1lido","vap":"108","pvap":"   1,48"},{"seq":"11","sqcand":"140001006833","n":"15100","nm":"VALTER PONTA DA SERRA","cc":"MDB","nv":" ","e":"n","st":"Suplente","dvt":"V\u00e1lido","vap":"241","pvap":"   3,31"},{"seq":"25","sqcand":"140000821212","n":"13123","nm":"ANT\u00d4NIO MARCENEIRO","cc":"PT","nv":" ","e":"n","st":"Suplente","dvt":"V\u00e1lido","vap":"67","pvap":"   0,92"},{"seq":"9","sqcand":"140000932722","n":"20111","nm":"LEONARDO DO LOTE OITO","cc":"PSC","nv":" ","e":"s","st":"Eleito","dvt":"V\u00e1lido","vap":"127","pvap":"   1,74"},{"seq":"36","sqcand":"140000821211","n":"13333","nm":"ELDENY DINIZ","cc":"PT","nv":" ","e":"n","st":"Suplente","dvt":"V\u00e1lido","vap":"23","pvap":"   0,32"},{"seq":"23","sqcand":"140000932716","n":"20456","nm":"CLEITON CUNHA","cc":"PSC","nv":" ","e":"n","st":"Suplente","dvt":"V\u00e1lido","vap":"83","pvap":"   1,14"},{"seq":"30","sqcand":"140000932714","n":"20158","nm":"LEANDRA SANTANA","cc":"PSC","nv":" ","e":"n","st":"Suplente","dvt":"V\u00e1lido","vap":"46","pvap":"   0,63"},{"seq":"42","sqcand":"140000678324","n":"40000","nm":"JANA\u00cdNA SOUSA","cc":"PSB","nv":" ","e":"n","st":"N\u00e3o eleito","dvt":"V\u00e1lido","vap":"206","pvap":"   2,83"},{"seq":"8","sqcand":"140000666623","n":"55222","nm":"NETO DA CASTANHAL","cc":"PSD","nv":" ","e":"s","st":"Eleito","dvt":"V\u00e1lido","vap":"285","pvap":"   3,92"},{"seq":"35","sqcand":"140000932720","n":"20250","nm":"DUDA DA BOA VISTA","cc":"PSC","nv":" ","e":"n","st":"Suplente","dvt":"V\u00e1lido","vap":"28","pvap":"   0,38"}]}
