{"ele":"426","tpabr":"mu","cdabr":"04812","carper":"13","t":"1","f":"o","dt":"15/11/2020","ht":"22:21:28","dv":"s","tf":"s","v":"9","esae":"n","mnae":"","s":"29","st":"29","pst":" 100,00","snt":"0","psnt":"   0,00","si":"29","psi":" 100,00","sni":"0","psni":"   0,00","sa":"29","psa":" 100,00","sna":"0","psna":"   0,00","e":"8075","ea":"8075","pea":" 100,00","ena":"0","pena":"   0,00","esi":"8075","pesi":" 100,00","esni":"0","pesni":"   0,00","c":"6865","pc":"  85,02","a":"1210","pa":"  14,98","vscv":"0","vnom":"6398","vl":"354","pvnom":"  94,76","pvl":"   5,24","vvc":"6753","pvvc":"  98,37","vb":"24","pvb":"   0,35","tvn":"88","ptvn":"   1,28","vn":"88","pvn":" 100,00","vnt":"0","pvnt":"   0,00","vp":"0","pvp":"   0,00","vv":"6752","pvv":"  99,99","van":"0","pvan":"   0,00","vansj":"1","pvansj":"   0,01","tv":"6865","cand":[{"seq":"4","sqcand":"140001053206","n":"14444","nm":"ANDRESA MAGALHAES","cc":"PTB","nv":" ","e":"s","st":"Eleito","dvt":"V\u00e1lido","vap":"272","pvap":"   4,03"},{"seq":"57","sqcand":"140001267826","n":"22123","nm":"LETICIA BOMFIM","cc":"PL","nv":" ","e":"n","st":"N\u00e3o eleito","dvt":"V\u00e1lido","vap":"26","pvap":"   0,39"},{"seq":"8","sqcand":"140001029256","n":"55123","nm":"DIEIGO","cc":"PSD","nv":" ","e":"s","st":"Eleito","dvt":"V\u00e1lido","vap":"218","pvap":"   3,23"},{"seq":"82","sqcand":"140001034779","n":"36321","nm":"ZOZY MIRANDA","cc":"PTC","nv":" ","e":"n","st":"N\u00e3o eleito","dvt":"V\u00e1lido","vap":"0","pvap":"00.00"},{"seq":"83","sqcand":"140001226789","n":"19111","nm":"CRIS SANTOS","cc":"PODE","nv":" ","e":"n","st":"N\u00e3o eleito","dvt":"V\u00e1lido","vap":"0","pvap":"00.00"},{"seq":"72","sqcand":"140001035532","n":"20013","nm":"SIMONE PRAINHA","cc":"PSC","nv":" ","e":"n","st":"N\u00e3o eleito","dvt":"V\u00e1lido","vap":"9","pvap":"   0,13"},{"seq":"70","sqcand":"140001034776","n":"36444","nm":"SIDNEY VELOSO","cc":"PTC","nv":" ","e":"n","st":"N\u00e3o eleito","dvt":"V\u00e1lido","vap":"10","pvap":"   0,15"},{"seq":"77","sqcand":"140001267824","n":"11016","nm":"LUCIA DA CENTRAL","cc":"PP","nv":" ","e":"n","st":"N\u00e3o eleito","dvt":"V\u00e1lido","vap":"4","pvap":"   0,06"},{"seq":"63","sqcand":"140001145208","n":"11011","nm":"GERALDO DA SA\u00daDE","cc":"PP","nv":" ","e":"n","st":"N\u00e3o eleito","dvt":"V\u00e1lido","vap":"15","pvap":"   0,22"},{"seq":"1","sqcand":"140001053212","n":"14222","nm":"ALAN BRAGA","cc":"PTB","nv":" ","e":"s","st":"Eleito","dvt":"V\u00e1lido","vap":"373","pvap":"   5,52"},{"seq":"53","sqcand":"140001034774","n":"36123","nm":"MANOEL CURUPERE","cc":"PTC","nv":" ","e":"n","st":"N\u00e3o eleito","dvt":"V\u00e1lido","vap":"36","pvap":"   0,53"},{"seq":"66","sqcand":"140001267825","n":"22555","nm":"SILVA","cc":"PL","nv":" ","e":"n","st":"N\u00e3o eleito","dvt":"V\u00e1lido","vap":"13","pvap":"   0,19"},{"seq":"60","sqcand":"140001145207","n":"11456","nm":"BARBUDO","cc":"PP","nv":" ","e":"n","st":"N\u00e3o eleito","dvt":"V\u00e1lido","vap":"21","pvap":"   0,31"},{"seq":"41","sqcand":"140001056130","n":"15018","nm":"TIA NOCA","cc":"MDB","nv":" ","e":"n","st":"Suplente","dvt":"V\u00e1lido","vap":"9","pvap":"   0,13"},{"seq":"80","sqcand":"140001034780","n":"36666","nm":"FERNANDO RIBEIRO","cc":"PTC","nv":" ","e":"n","st":"N\u00e3o eleito","dvt":"V\u00e1lido","vap":"1","pvap":"   0,01"},{"seq":"15","sqcand":"140001056128","n":"15015","nm":"KIBA","cc":"MDB","nv":" ","e":"n","st":"Suplente","dvt":"V\u00e1lido","vap":"146","pvap":"   2,16"},{"seq":"34","sqcand":"140001034593","n":"45555","nm":"AM\u00c2NCIO","cc":"PSDB","nv":" ","e":"n","st":"Suplente","dvt":"V\u00e1lido","vap":"31","pvap":"   0,46"},{"seq":"47","sqcand":"140001034772","n":"36000","nm":"ZEZINHO DA AGRICULTURA","cc":"PTC","nv":" ","e":"n","st":"N\u00e3o eleito","dvt":"V\u00e1lido","vap":"131","pvap":"   1,94"},{"seq":"17","sqcand":"140001053204","n":"14789","nm":"PROFESSOR HILANO","cc":"PTB","nv":" ","e":"n","st":"Suplente","dvt":"V\u00e1lido","vap":"145","pvap":"   2,15"},{"seq":"24","sqcand":"140001056127","n":"15111","nm":"DINA","cc":"MDB","nv":" ","e":"n","st":"Suplente","dvt":"V\u00e1lido","vap":"90","pvap":"   1,33"},{"seq":"35","sqcand":"140001034603","n":"45255","nm":"NARCISA","cc":"PSDB","nv":" ","e":"n","st":"Suplente","dvt":"V\u00e1lido","vap":"30","pvap":"   0,44"},{"seq":"40","sqcand":"140001034597","n":"45161","nm":"PATRICIA FAVACHO","cc":"PSDB","nv":" ","e":"n","st":"Suplente","dvt":"V\u00e1lido","vap":"13","pvap":"   0,19"},{"seq":"68","sqcand":"140000943388","n":"23456","nm":"IGOR SANTOS","cc":"CIDADANIA","nv":" ","e":"n","st":"N\u00e3o eleito","dvt":"V\u00e1lido","vap":"11","pvap":"   0,16"},{"seq":"36","sqcand":"140001029247","n":"55555","nm":"ISAIAS OLIVEIRA","cc":"PSD","nv":" ","e":"n","st":"Suplente","dvt":"V\u00e1lido","vap":"28","pvap":"   0,41"},{"seq":"2","sqcand":"140001034595","n":"45123","nm":"ELSON SENA","cc":"PSDB","nv":" ","e":"s","st":"Eleito","dvt":"V\u00e1lido","vap":"292","pvap":"   4,32"},{"seq":"73","sqcand":"140000943391","n":"23130","nm":"CARLA DA SAUDE","cc":"CIDADANIA","nv":" ","e":"n","st":"N\u00e3o eleito","dvt":"V\u00e1lido","vap":"9","pvap":"   0,13"},{"seq":"31","sqcand":"140001034601","n":"45888","nm":"ANDREI LOPES","cc":"PSDB","nv":" ","e":"n","st":"Suplente","dvt":"V\u00e1lido","vap":"52","pvap":"   0,77"},{"seq":"74","sqcand":"140001034773","n":"36661","nm":"MARINHO","cc":"PTC","nv":" ","e":"n","st":"N\u00e3o eleito","dvt":"V\u00e1lido","vap":"7","pvap":"   0,10"},{"seq":"76","sqcand":"140001035533","n":"20001","nm":"IVONE PAIX\u00c3O","cc":"PSC","nv":" ","e":"n","st":"N\u00e3o eleito","dvt":"V\u00e1lido","vap":"6","pvap":"   0,09"},{"seq":"79","sqcand":"140001034778","n":"36565","nm":"SUZANA","cc":"PTC","nv":" ","e":"n","st":"N\u00e3o eleito","dvt":"V\u00e1lido","vap":"3","pvap":"   0,04"},{"seq":"58","sqcand":"140000943386","n":"23000","nm":"BIGU","cc":"CIDADANIA","nv":" ","e":"n","st":"N\u00e3o eleito","dvt":"V\u00e1lido","vap":"24","pvap":"   0,36"},{"seq":"16","sqcand":"140000805384","n":"12555","nm":"LALAN","cc":"PDT","nv":" ","e":"n","st":"Suplente","dvt":"V\u00e1lido","vap":"146","pvap":"   2,16"},{"seq":"25","sqcand":"140001034599","n":"45444","nm":"GUSTAVO BARROS","cc":"PSDB","nv":" ","e":"n","st":"Suplente","dvt":"V\u00e1lido","vap":"90","pvap":"   1,33"},{"seq":"55","sqcand":"140001226772","n":"22333","nm":"VALDINEI NUNES","cc":"PL","nv":" ","e":"n","st":"N\u00e3o eleito","dvt":"V\u00e1lido","vap":"31","pvap":"   0,46"},{"seq":"43","sqcand":"140000805385","n":"12666","nm":"DEUSINHA","cc":"PDT","nv":" ","e":"n","st":"Suplente","dvt":"V\u00e1lido","vap":"2","pvap":"   0,03"},{"seq":"67","sqcand":"140001226787","n":"19123","nm":"AUGUSTO CA\u00c7AMBA","cc":"PODE","nv":" ","e":"n","st":"N\u00e3o eleito","dvt":"V\u00e1lido","vap":"11","pvap":"   0,16"},{"seq":"32","sqcand":"140001034591","n":"45124","nm":"G\u00d3","cc":"PSDB","nv":" ","e":"n","st":"Suplente","dvt":"V\u00e1lido","vap":"44","pvap":"   0,65"},{"seq":"23","sqcand":"140001034600","n":"45666","nm":"DJ JULIO LIGHT","cc":"PSDB","nv":" ","e":"n","st":"Suplente","dvt":"V\u00e1lido","vap":"95","pvap":"   1,41"},{"seq":"45","sqcand":"140001266735","n":"14888","nm":"AMANDA","cc":"PTB","nv":" ","e":"n","st":"Suplente","dvt":"V\u00e1lido","vap":"0","pvap":"00.00"},{"seq":"52","sqcand":"140001226770","n":"22100","nm":"GIZELE BRITO","cc":"PL","nv":" ","e":"n","st":"N\u00e3o eleito","dvt":"V\u00e1lido","vap":"51","pvap":"   0,76"},{"seq":"14","sqcand":"140001029254","n":"55333","nm":"EVERALDO DO A\u00c7AI","cc":"PSD","nv":" ","e":"n","st":"Suplente","dvt":"V\u00e1lido","vap":"147","pvap":"   2,18"},{"seq":"54","sqcand":"140001035534","n":"20456","nm":"MIGUEL PINHEIRO","cc":"PSC","nv":" ","e":"n","st":"N\u00e3o eleito","dvt":"V\u00e1lido","vap":"35","pvap":"   0,52"},{"seq":"21","sqcand":"140001034598","n":"45222","nm":"ANDRESA ARAUJO","cc":"PSDB","nv":" ","e":"n","st":"Suplente","dvt":"V\u00e1lido","vap":"118","pvap":"   1,75"},{"seq":"28","sqcand":"140001056126","n":"15222","nm":"CACAU","cc":"MDB","nv":" ","e":"n","st":"Suplente","dvt":"V\u00e1lido","vap":"84","pvap":"   1,24"},{"seq":"19","sqcand":"140001053207","n":"14111","nm":"DADO","cc":"PTB","nv":" ","e":"n","st":"Suplente","dvt":"V\u00e1lido","vap":"140","pvap":"   2,07"},{"seq":"78","sqcand":"140001034770","n":"36222","nm":"ANA CLAUDIA RIBEIRO","cc":"PTC","nv":" ","e":"n","st":"N\u00e3o eleito","dvt":"V\u00e1lido","vap":"4","pvap":"   0,06"},{"seq":"48","sqcand":"140001035537","n":"20777","nm":"ELIEL TEIXEIRA","cc":"PSC","nv":" ","e":"n","st":"N\u00e3o eleito","dvt":"V\u00e1lido","vap":"78","pvap":"   1,16"},{"seq":"56","sqcand":"140001035539","n":"20234","nm":"ZECA MOTOS","cc":"PSC","nv":" ","e":"n","st":"N\u00e3o eleito","dvt":"V\u00e1lido","vap":"29","pvap":"   0,43"},{"seq":"33","sqcand":"140001034592","n":"45333","nm":"NETO BORGES","cc":"PSDB","nv":" ","e":"n","st":"Suplente","dvt":"V\u00e1lido","vap":"39","pvap":"   0,58"},{"seq":"3","sqcand":"140001056131","n":"15444","nm":"AMIGO B\u00c1","cc":"MDB","nv":" ","e":"s","st":"Eleito","dvt":"V\u00e1lido","vap":"285","pvap":"   4,22"},{"seq":"69","sqcand":"140001145210","n":"11010","nm":"IRLENY LEAL","cc":"PP","nv":" ","e":"n","st":"N\u00e3o eleito","dvt":"V\u00e1lido","vap":"11","pvap":"   0,16"},{"seq":"81","sqcand":"140001226771","n":"22000","nm":"K\u00c1SSIA RIBEIRO","cc":"PL","nv":" ","e":"n","st":"N\u00e3o eleito","dvt":"Anulado sub judice","vap":"1","pvap":"   0,01"},{"seq":"7","sqcand":"140001053211","n":"14015","nm":"PROFESSOR ROG\u00c9RIO","cc":"PTB","nv":" ","e":"s","st":"Eleito","dvt":"V\u00e1lido","vap":"229","pvap":"   3,39"},{"seq":"61","sqcand":"140001035540","n":"20000","nm":"ELSON PACAMUM","cc":"PSC","nv":" ","e":"n","st":"N\u00e3o eleito","dvt":"V\u00e1lido","vap":"21","pvap":"   0,31"},{"seq":"51","sqcand":"140000943387","n":"23123","nm":"PROFESSOR PEDRO HENRIQUE","cc":"CIDADANIA","nv":" ","e":"n","st":"N\u00e3o eleito","dvt":"V\u00e1lido","vap":"56","pvap":"   0,83"},{"seq":"26","sqcand":"140001029255","n":"55678","nm":"AFONSO BORGES","cc":"PSD","nv":" ","e":"n","st":"Suplente","dvt":"V\u00e1lido","vap":"89","pvap":"   1,32"},{"seq":"27","sqcand":"140001056134","n":"15000","nm":"ZEZINHO DA \u00c2MBUL\u00c2NCIA","cc":"MDB","nv":" ","e":"n","st":"Suplente","dvt":"V\u00e1lido","vap":"85","pvap":"   1,26"},{"seq":"39","sqcand":"140001029252","n":"55222","nm":"MARILEIA BORGES","cc":"PSD","nv":" ","e":"n","st":"Suplente","dvt":"V\u00e1lido","vap":"14","pvap":"   0,21"},{"seq":"62","sqcand":"140001145206","n":"11111","nm":"MARCELO DA \u00c2MBUL\u00c2NCIA","cc":"PP","nv":" ","e":"n","st":"N\u00e3o eleito","dvt":"V\u00e1lido","vap":"18","pvap":"   0,27"},{"seq":"9","sqcand":"140001056133","n":"15123","nm":"AMIGO GUERREIRO","cc":"MDB","nv":" ","e":"s","st":"Eleito","dvt":"V\u00e1lido","vap":"210","pvap":"   3,11"},{"seq":"6","sqcand":"140000805387","n":"12345","nm":"NESTOR","cc":"PDT","nv":" ","e":"s","st":"Eleito","dvt":"V\u00e1lido","vap":"232","pvap":"   3,44"},{"seq":"65","sqcand":"140000943390","n":"23789","nm":"KATIA LOPES","cc":"CIDADANIA","nv":" ","e":"n","st":"N\u00e3o eleito","dvt":"V\u00e1lido","vap":"13","pvap":"   0,19"},{"seq":"30","sqcand":"140001034594","n":"45456","nm":"RUI MONTEIRO","cc":"PSDB","nv":" ","e":"n","st":"Suplente","dvt":"V\u00e1lido","vap":"52","pvap":"   0,77"},{"seq":"11","sqcand":"140001029250","n":"55789","nm":"DUCA","cc":"PSD","nv":" ","e":"n","st":"Suplente","dvt":"V\u00e1lido","vap":"214","pvap":"   3,17"},{"seq":"38","sqcand":"140001056132","n":"15555","nm":"PROFESSORA SULEINE","cc":"MDB","nv":" ","e":"n","st":"Suplente","dvt":"V\u00e1lido","vap":"14","pvap":"   0,21"},{"seq":"64","sqcand":"140001035535","n":"20020","nm":"EVILA BORGES","cc":"PSC","nv":" ","e":"n","st":"N\u00e3o eleito","dvt":"V\u00e1lido","vap":"14","pvap":"   0,21"},{"seq":"75","sqcand":"140001035536","n":"20025","nm":"ANGELA PIMENTEL","cc":"PSC","nv":" ","e":"n","st":"N\u00e3o eleito","dvt":"V\u00e1lido","vap":"6","pvap":"   0,09"},{"seq":"37","sqcand":"140001034604","n":"45777","nm":"ELEN SANTOS","cc":"PSDB","nv":" ","e":"n","st":"Suplente","dvt":"V\u00e1lido","vap":"15","pvap":"   0,22"},{"seq":"59","sqcand":"140001034771","n":"36441","nm":"ANGELICA","cc":"PTC","nv":" ","e":"n","st":"N\u00e3o eleito","dvt":"V\u00e1lido","vap":"22","pvap":"   0,33"},{"seq":"22","sqcand":"140001056129","n":"15013","nm":"N\u00daBIA DA AGRICULTURA","cc":"MDB","nv":" ","e":"n","st":"Suplente","dvt":"V\u00e1lido","vap":"107","pvap":"   1,58"},{"seq":"13","sqcand":"140001034602","n":"45005","nm":"ELIANA CARRERA","cc":"PSDB","nv":" ","e":"n","st":"Suplente","dvt":"V\u00e1lido","vap":"166","pvap":"   2,46"},{"seq":"20","sqcand":"140001053205","n":"14123","nm":"JAMIL","cc":"PTB","nv":" ","e":"n","st":"Suplente","dvt":"V\u00e1lido","vap":"130","pvap":"   1,93"},{"seq":"49","sqcand":"140001035538","n":"20123","nm":"DENISON QUEIROZ","cc":"PSC","nv":" ","e":"n","st":"N\u00e3o eleito","dvt":"V\u00e1lido","vap":"71","pvap":"   1,05"},{"seq":"5","sqcand":"140001034596","n":"45112","nm":"TAPERA","cc":"PSDB","nv":" ","e":"s","st":"Eleito","dvt":"V\u00e1lido","vap":"268","pvap":"   3,97"},{"seq":"44","sqcand":"140001266736","n":"14000","nm":"JACI","cc":"PTB","nv":" ","e":"n","st":"Suplente","dvt":"V\u00e1lido","vap":"0","pvap":"00.00"},{"seq":"46","sqcand":"140001034783","n":"36777","nm":"ROBSON LOPES","cc":"PTC","nv":" ","e":"n","st":"N\u00e3o eleito","dvt":"V\u00e1lido","vap":"190","pvap":"   2,81"},{"seq":"50","sqcand":"140001226773","n":"22222","nm":"JACKLLYNE MAGALH\u00c3ES ","cc":"PL","nv":" ","e":"n","st":"N\u00e3o eleito","dvt":"V\u00e1lido","vap":"57","pvap":"   0,84"},{"seq":"10","sqcand":"140001053210","n":"14555","nm":"BACURAU","cc":"PTB","nv":" ","e":"n","st":"Suplente","dvt":"V\u00e1lido","vap":"215","pvap":"   3,18"},{"seq":"12","sqcand":"140000805386","n":"12444","nm":"SOM","cc":"PDT","nv":" ","e":"n","st":"Suplente","dvt":"V\u00e1lido","vap":"187","pvap":"   2,77"},{"seq":"29","sqcand":"140001029251","n":"55111","nm":"NOELE DO VALE","cc":"PSD","nv":" ","e":"n","st":"Suplente","dvt":"V\u00e1lido","vap":"80","pvap":"   1,18"},{"seq":"42","sqcand":"140000805383","n":"12333","nm":"PAULINHA","cc":"PDT","nv":" ","e":"n","st":"Suplente","dvt":"V\u00e1lido","vap":"7","pvap":"   0,10"},{"seq":"18","sqcand":"140001053203","n":"14666","nm":"FRUTUOSO","cc":"PTB","nv":" ","e":"n","st":"Suplente","dvt":"V\u00e1lido","vap":"142","pvap":"   2,10"},{"seq":"71","sqcand":"140001034781","n":"36283","nm":"BALUBA","cc":"PTC","nv":" ","e":"n","st":"N\u00e3o eleito","dvt":"V\u00e1lido","vap":"9","pvap":"   0,13"}]}
