{"ele":"426","tpabr":"mu","cdabr":"04820","carper":"13","t":"1","f":"o","dt":"15/11/2020","ht":"22:13:33","dv":"s","tf":"s","v":"9","esae":"n","mnae":"","s":"18","st":"18","pst":" 100,00","snt":"0","psnt":"   0,00","si":"18","psi":" 100,00","sni":"0","psni":"   0,00","sa":"18","psa":" 100,00","sna":"0","psna":"   0,00","e":"5482","ea":"5482","pea":" 100,00","ena":"0","pena":"   0,00","esi":"5482","pesi":" 100,00","esni":"0","pesni":"   0,00","c":"4806","pc":"  87,67","a":"676","pa":"  12,33","vscv":"0","vnom":"4518","vl":"203","pvnom":"  95,70","pvl":"   4,30","vvc":"4721","pvvc":"  98,23","vb":"20","pvb":"   0,42","tvn":"65","ptvn":"   1,35","vn":"65","pvn":" 100,00","vnt":"0","pvnt":"   0,00","vp":"0","pvp":"   0,00","vv":"4721","pvv":" 100,00","van":"0","pvan":"   0,00","vansj":"0","pvansj":"   0,00","tv":"4806","cand":[{"seq":"23","sqcand":"140000809687","n":"12111","nm":"PALITO","cc":"PDT","nv":" ","e":"n","st":"Suplente","dvt":"V\u00e1lido","vap":"74","pvap":"   1,57"},{"seq":"60","sqcand":"140001030178","n":"20010","nm":"SELMA CHAVES","cc":"PSC","nv":" ","e":"n","st":"N\u00e3o eleito","dvt":"V\u00e1lido","vap":"7","pvap":"   0,15"},{"seq":"41","sqcand":"140000991263","n":"13234","nm":"ARLY","cc":"PT","nv":" ","e":"n","st":"Suplente","dvt":"V\u00e1lido","vap":"12","pvap":"   0,25"},{"seq":"3","sqcand":"140000991261","n":"13123","nm":"REYNNAN MOURA","cc":"PT","nv":" ","e":"s","st":"Eleito","dvt":"V\u00e1lido","vap":"247","pvap":"   5,23"},{"seq":"64","sqcand":"140001030181","n":"20333","nm":"GLECI","cc":"PSC","nv":" ","e":"n","st":"N\u00e3o eleito","dvt":"V\u00e1lido","vap":"2","pvap":"   0,04"},{"seq":"12","sqcand":"140000872070","n":"45678","nm":"VANI","cc":"PSDB","nv":" ","e":"n","st":"Suplente","dvt":"V\u00e1lido","vap":"153","pvap":"   3,24"},{"seq":"42","sqcand":"140001146019","n":"25111","nm":"ELIELMA","cc":"DEM","nv":" ","e":"n","st":"Suplente","dvt":"V\u00e1lido","vap":"10","pvap":"   0,21"},{"seq":"13","sqcand":"140001146022","n":"25678","nm":"CIDI","cc":"DEM","nv":" ","e":"n","st":"Suplente","dvt":"V\u00e1lido","vap":"152","pvap":"   3,22"},{"seq":"50","sqcand":"140001015296","n":"15151","nm":"PATRICIA","cc":"MDB","nv":" ","e":"n","st":"Suplente","dvt":"V\u00e1lido","vap":"1","pvap":"   0,02"},{"seq":"24","sqcand":"140000809689","n":"12000","nm":"GABRIEL SOUSA","cc":"PDT","nv":" ","e":"n","st":"Suplente","dvt":"V\u00e1lido","vap":"74","pvap":"   1,57"},{"seq":"27","sqcand":"140000872071","n":"45001","nm":"NAUN ABREU","cc":"PSDB","nv":" ","e":"n","st":"Suplente","dvt":"V\u00e1lido","vap":"48","pvap":"   1,02"},{"seq":"18","sqcand":"140001015289","n":"15015","nm":"JANILDO NUNES","cc":"MDB","nv":" ","e":"n","st":"Suplente","dvt":"V\u00e1lido","vap":"123","pvap":"   2,61"},{"seq":"8","sqcand":"140000991259","n":"13678","nm":"JAIME ","cc":"PT","nv":" ","e":"s","st":"Eleito","dvt":"V\u00e1lido","vap":"192","pvap":"   4,07"},{"seq":"54","sqcand":"140001030182","n":"20222","nm":"ROZI","cc":"PSC","nv":" ","e":"n","st":"N\u00e3o eleito","dvt":"V\u00e1lido","vap":"44","pvap":"   0,93"},{"seq":"25","sqcand":"140000991264","n":"13555","nm":"SOCORRO","cc":"PT","nv":" ","e":"n","st":"Suplente","dvt":"V\u00e1lido","vap":"52","pvap":"   1,10"},{"seq":"49","sqcand":"140000872076","n":"45888","nm":"NITA","cc":"PSDB","nv":" ","e":"n","st":"Suplente","dvt":"V\u00e1lido","vap":"1","pvap":"   0,02"},{"seq":"4","sqcand":"140000872074","n":"45555","nm":"PEP\u00ca","cc":"PSDB","nv":" ","e":"s","st":"Eleito","dvt":"V\u00e1lido","vap":"224","pvap":"   4,74"},{"seq":"47","sqcand":"140000991258","n":"13999","nm":"SOCORRINHO","cc":"PT","nv":" ","e":"n","st":"Suplente","dvt":"V\u00e1lido","vap":"2","pvap":"   0,04"},{"seq":"38","sqcand":"140000809683","n":"12444","nm":"MARIA NILCE","cc":"PDT","nv":" ","e":"n","st":"Suplente","dvt":"V\u00e1lido","vap":"15","pvap":"   0,32"},{"seq":"62","sqcand":"140001030180","n":"20555","nm":"ALESSANDRO CARDOSO","cc":"PSC","nv":" ","e":"n","st":"N\u00e3o eleito","dvt":"V\u00e1lido","vap":"3","pvap":"   0,06"},{"seq":"57","sqcand":"140001030186","n":"20777","nm":"RAY","cc":"PSC","nv":" ","e":"n","st":"N\u00e3o eleito","dvt":"V\u00e1lido","vap":"14","pvap":"   0,30"},{"seq":"51","sqcand":"140000872077","n":"45789","nm":"PEDA\u00c7O","cc":"PSDB","nv":" ","e":"n","st":"Suplente","dvt":"V\u00e1lido","vap":"0","pvap":"00.00"},{"seq":"40","sqcand":"140001015284","n":"15123","nm":"DJ JADERSON","cc":"MDB","nv":" ","e":"n","st":"Suplente","dvt":"V\u00e1lido","vap":"13","pvap":"   0,28"},{"seq":"43","sqcand":"140001015283","n":"15777","nm":"PASTORA TELMA","cc":"MDB","nv":" ","e":"n","st":"Suplente","dvt":"V\u00e1lido","vap":"7","pvap":"   0,15"},{"seq":"32","sqcand":"140000991254","n":"13222","nm":"CASTELO","cc":"PT","nv":" ","e":"n","st":"Suplente","dvt":"V\u00e1lido","vap":"29","pvap":"   0,61"},{"seq":"59","sqcand":"140001030184","n":"20345","nm":"CLAUDIA","cc":"PSC","nv":" ","e":"n","st":"N\u00e3o eleito","dvt":"V\u00e1lido","vap":"11","pvap":"   0,23"},{"seq":"20","sqcand":"140001146020","n":"25555","nm":"AUGUSTO","cc":"DEM","nv":" ","e":"n","st":"Suplente","dvt":"V\u00e1lido","vap":"90","pvap":"   1,91"},{"seq":"14","sqcand":"140001146016","n":"25123","nm":"XUXA","cc":"DEM","nv":" ","e":"n","st":"Suplente","dvt":"V\u00e1lido","vap":"134","pvap":"   2,84"},{"seq":"31","sqcand":"140001269979","n":"15411","nm":"RAFAEL","cc":"MDB","nv":" ","e":"n","st":"Suplente","dvt":"V\u00e1lido","vap":"29","pvap":"   0,61"},{"seq":"44","sqcand":"140000809684","n":"12002","nm":"JOEL MOURA","cc":"PDT","nv":" ","e":"n","st":"Suplente","dvt":"V\u00e1lido","vap":"4","pvap":"   0,08"},{"seq":"29","sqcand":"140000991260","n":"13333","nm":"RICARDO","cc":"PT","nv":" ","e":"n","st":"Suplente","dvt":"V\u00e1lido","vap":"39","pvap":"   0,83"},{"seq":"55","sqcand":"140001030189","n":"20789","nm":"JAIME DEOLANDIA","cc":"PSC","nv":" ","e":"n","st":"N\u00e3o eleito","dvt":"V\u00e1lido","vap":"27","pvap":"   0,57"},{"seq":"7","sqcand":"140001146018","n":"25234","nm":"NONATO","cc":"DEM","nv":" ","e":"s","st":"Eleito","dvt":"V\u00e1lido","vap":"204","pvap":"   4,32"},{"seq":"16","sqcand":"140001015290","n":"15111","nm":"PICOL\u00c9","cc":"MDB","nv":" ","e":"n","st":"Suplente","dvt":"V\u00e1lido","vap":"125","pvap":"   2,65"},{"seq":"5","sqcand":"140001015287","n":"15555","nm":"SANDRO SILVA","cc":"MDB","nv":" ","e":"s","st":"Eleito","dvt":"V\u00e1lido","vap":"212","pvap":"   4,49"},{"seq":"9","sqcand":"140001015293","n":"15678","nm":"JERRY","cc":"MDB","nv":" ","e":"s","st":"Eleito","dvt":"V\u00e1lido","vap":"141","pvap":"   2,99"},{"seq":"11","sqcand":"140000872075","n":"45000","nm":"VANDO","cc":"PSDB","nv":" ","e":"n","st":"Suplente","dvt":"V\u00e1lido","vap":"165","pvap":"   3,50"},{"seq":"34","sqcand":"140001015285","n":"15710","nm":"PROFESSORA ANGELA","cc":"MDB","nv":" ","e":"n","st":"Suplente","dvt":"V\u00e1lido","vap":"20","pvap":"   0,42"},{"seq":"33","sqcand":"140001015294","n":"15000","nm":"PROFESSOR ALLAN","cc":"MDB","nv":" ","e":"n","st":"Suplente","dvt":"V\u00e1lido","vap":"28","pvap":"   0,59"},{"seq":"6","sqcand":"140000809690","n":"12456","nm":"IVAN POP","cc":"PDT","nv":" ","e":"s","st":"Eleito","dvt":"V\u00e1lido","vap":"211","pvap":"   4,47"},{"seq":"2","sqcand":"140000809682","n":"12777","nm":"REGINALDO RODRIGUES","cc":"PDT","nv":" ","e":"s","st":"Eleito","dvt":"V\u00e1lido","vap":"296","pvap":"   6,27"},{"seq":"22","sqcand":"140000991257","n":"13345","nm":"SAMANGO","cc":"PT","nv":" ","e":"n","st":"Suplente","dvt":"V\u00e1lido","vap":"82","pvap":"   1,74"},{"seq":"26","sqcand":"140000809685","n":"12333","nm":"DILMA SOUZA","cc":"PDT","nv":" ","e":"n","st":"Suplente","dvt":"V\u00e1lido","vap":"50","pvap":"   1,06"},{"seq":"52","sqcand":"140001146017","n":"25000","nm":"BIBIANO","cc":"DEM","nv":" ","e":"n","st":"Suplente","dvt":"V\u00e1lido","vap":"0","pvap":"00.00"},{"seq":"1","sqcand":"140000809680","n":"12345","nm":"PROFESSORA GIORDANA","cc":"PDT","nv":" ","e":"s","st":"Eleito","dvt":"V\u00e1lido","vap":"325","pvap":"   6,88"},{"seq":"48","sqcand":"140000809691","n":"12888","nm":"ALINE","cc":"PDT","nv":" ","e":"n","st":"Suplente","dvt":"V\u00e1lido","vap":"2","pvap":"   0,04"},{"seq":"36","sqcand":"140001146023","n":"25456","nm":"PASTOR ARTEMIO","cc":"DEM","nv":" ","e":"n","st":"Suplente","dvt":"V\u00e1lido","vap":"18","pvap":"   0,38"},{"seq":"39","sqcand":"140001015292","n":"15130","nm":"DECO","cc":"MDB","nv":" ","e":"n","st":"Suplente","dvt":"V\u00e1lido","vap":"13","pvap":"   0,28"},{"seq":"53","sqcand":"140001146021","n":"25789","nm":"RUTHLENE","cc":"DEM","nv":" ","e":"n","st":"Suplente","dvt":"V\u00e1lido","vap":"0","pvap":"00.00"},{"seq":"56","sqcand":"140001030179","n":"20020","nm":"ADILENA FELIX","cc":"PSC","nv":" ","e":"n","st":"N\u00e3o eleito","dvt":"V\u00e1lido","vap":"15","pvap":"   0,32"},{"seq":"37","sqcand":"140000872072","n":"45165","nm":"ROSE VILA NOVA","cc":"PSDB","nv":" ","e":"n","st":"Suplente","dvt":"V\u00e1lido","vap":"16","pvap":"   0,34"},{"seq":"15","sqcand":"140000809688","n":"12222","nm":"MARCIO","cc":"PDT","nv":" ","e":"n","st":"Suplente","dvt":"V\u00e1lido","vap":"131","pvap":"   2,77"},{"seq":"45","sqcand":"140001015291","n":"15007","nm":"ANA PAULA","cc":"MDB","nv":" ","e":"n","st":"Suplente","dvt":"V\u00e1lido","vap":"4","pvap":"   0,08"},{"seq":"65","sqcand":"140001030188","n":"20456","nm":"LAISE CHAGAS","cc":"PSC","nv":" ","e":"n","st":"N\u00e3o eleito","dvt":"V\u00e1lido","vap":"0","pvap":"00.00"},{"seq":"30","sqcand":"140001146015","n":"25025","nm":"ELBER","cc":"DEM","nv":" ","e":"n","st":"Suplente","dvt":"V\u00e1lido","vap":"37","pvap":"   0,78"},{"seq":"19","sqcand":"140000991262","n":"13134","nm":"PIAPA","cc":"PT","nv":" ","e":"n","st":"Suplente","dvt":"V\u00e1lido","vap":"121","pvap":"   2,56"},{"seq":"61","sqcand":"140001030187","n":"20123","nm":"MILTON CHAGAS","cc":"PSC","nv":" ","e":"n","st":"N\u00e3o eleito","dvt":"V\u00e1lido","vap":"6","pvap":"   0,13"},{"seq":"63","sqcand":"140001030183","n":"20678","nm":"ANTONIO CARLOS","cc":"PSC","nv":" ","e":"n","st":"N\u00e3o eleito","dvt":"V\u00e1lido","vap":"2","pvap":"   0,04"},{"seq":"28","sqcand":"140001015286","n":"15131","nm":"IRMA LORA","cc":"MDB","nv":" ","e":"n","st":"Suplente","dvt":"V\u00e1lido","vap":"39","pvap":"   0,83"},{"seq":"10","sqcand":"140000991256","n":"13456","nm":"BORO","cc":"PT","nv":" ","e":"n","st":"Suplente","dvt":"V\u00e1lido","vap":"175","pvap":"   3,71"},{"seq":"35","sqcand":"140000991255","n":"13111","nm":"CRISTIANE","cc":"PT","nv":" ","e":"n","st":"Suplente","dvt":"V\u00e1lido","vap":"19","pvap":"   0,40"},{"seq":"21","sqcand":"140000809686","n":"12355","nm":"CERPINHA","cc":"PDT","nv":" ","e":"n","st":"Suplente","dvt":"V\u00e1lido","vap":"88","pvap":"   1,86"},{"seq":"17","sqcand":"140000809681","n":"12123","nm":"BRENDO NAIFF","cc":"PDT","nv":" ","e":"n","st":"Suplente","dvt":"V\u00e1lido","vap":"125","pvap":"   2,65"},{"seq":"46","sqcand":"140000872073","n":"45999","nm":"LEIDE","cc":"PSDB","nv":" ","e":"n","st":"Suplente","dvt":"V\u00e1lido","vap":"2","pvap":"   0,04"},{"seq":"58","sqcand":"140001030185","n":"20444","nm":"EULLER RODRIGUES","cc":"PSC","nv":" ","e":"n","st":"N\u00e3o eleito","dvt":"V\u00e1lido","vap":"13","pvap":"   0,28"}]}
