{"ele":"426","tpabr":"mu","cdabr":"04855","carper":"13","t":"1","f":"o","dt":"15/11/2020","ht":"22:56:49","dv":"s","tf":"s","v":"11","esae":"n","mnae":"","s":"101","st":"101","pst":" 100,00","snt":"0","psnt":"   0,00","si":"101","psi":" 100,00","sni":"0","psni":"   0,00","sa":"101","psa":" 100,00","sna":"0","psna":"   0,00","e":"23571","ea":"23571","pea":" 100,00","ena":"0","pena":"   0,00","esi":"23571","pesi":" 100,00","esni":"0","pesni":"   0,00","c":"20731","pc":"  87,95","a":"2840","pa":"  12,05","vscv":"0","vnom":"19331","vl":"864","pvnom":"  95,72","pvl":"   4,28","vvc":"20195","pvvc":"  97,41","vb":"138","pvb":"   0,67","tvn":"398","ptvn":"   1,92","vn":"397","pvn":"  99,75","vnt":"1","pvnt":"   0,25","vp":"0","pvp":"   0,00","vv":"20195","pvv":" 100,00","van":"0","pvan":"   0,00","vansj":"0","pvansj":"   0,00","tv":"20731","cand":[{"seq":"12","sqcand":"140000863071","n":"90000","nm":"PROFESSOR ROGERIO","cc":"PROS","nv":" ","e":"n","st":"Suplente","dvt":"V\u00e1lido","vap":"619","pvap":"   3,07"},{"seq":"31","sqcand":"140000770563","n":"10355","nm":"DILMA","cc":"REPUBLICANOS","nv":" ","e":"n","st":"Suplente","dvt":"V\u00e1lido","vap":"205","pvap":"   1,02"},{"seq":"77","sqcand":"140000773312","n":"20118","nm":"GUGU","cc":"PSC","nv":" ","e":"n","st":"N\u00e3o eleito","dvt":"V\u00e1lido","vap":"120","pvap":"   0,59"},{"seq":"57","sqcand":"140000656657","n":"22789","nm":"ANA CLAUDIA","cc":"PL","nv":" ","e":"n","st":"Suplente","dvt":"V\u00e1lido","vap":"23","pvap":"   0,11"},{"seq":"74","sqcand":"140000997026","n":"40140","nm":"PROFESSORA IVANEUZA","cc":"PSB","nv":" ","e":"n","st":"N\u00e3o eleito","dvt":"V\u00e1lido","vap":"132","pvap":"   0,65"},{"seq":"71","sqcand":"140000997020","n":"40111","nm":"TEIXEIRA","cc":"PSB","nv":" ","e":"n","st":"N\u00e3o eleito","dvt":"V\u00e1lido","vap":"232","pvap":"   1,15"},{"seq":"69","sqcand":"140000997032","n":"40100","nm":"ANDREIA ALEIXO","cc":"PSB","nv":" ","e":"n","st":"N\u00e3o eleito","dvt":"V\u00e1lido","vap":"327","pvap":"   1,62"},{"seq":"29","sqcand":"140000770555","n":"10777","nm":"WILSON","cc":"REPUBLICANOS","nv":" ","e":"n","st":"Suplente","dvt":"V\u00e1lido","vap":"216","pvap":"   1,07"},{"seq":"22","sqcand":"140000656663","n":"22100","nm":"NEI IPIRANGA","cc":"PL","nv":" ","e":"n","st":"Suplente","dvt":"V\u00e1lido","vap":"315","pvap":"   1,56"},{"seq":"111","sqcand":"140000773311","n":"20333","nm":"MARIA IVONE","cc":"PSC","nv":" ","e":"n","st":"N\u00e3o eleito","dvt":"V\u00e1lido","vap":"0","pvap":"00.00"},{"seq":"9","sqcand":"140000770562","n":"10222","nm":"AILTON","cc":"REPUBLICANOS","nv":" ","e":"s","st":"Eleito","dvt":"V\u00e1lido","vap":"488","pvap":"   2,42"},{"seq":"55","sqcand":"140000863078","n":"90202","nm":"PASTOR BELEM","cc":"PROS","nv":" ","e":"n","st":"Suplente","dvt":"V\u00e1lido","vap":"26","pvap":"   0,13"},{"seq":"91","sqcand":"140000997031","n":"40001","nm":"CRISTINA ACS","cc":"PSB","nv":" ","e":"n","st":"N\u00e3o eleito","dvt":"V\u00e1lido","vap":"42","pvap":"   0,21"},{"seq":"39","sqcand":"140000803386","n":"45645","nm":"DYELLE GUIMAR\u00c3ES","cc":"PSDB","nv":" ","e":"n","st":"Suplente","dvt":"V\u00e1lido","vap":"95","pvap":"   0,47"},{"seq":"53","sqcand":"140000863075","n":"90888","nm":"ROSEANI DO FAISCA","cc":"PROS","nv":" ","e":"n","st":"Suplente","dvt":"V\u00e1lido","vap":"34","pvap":"   0,17"},{"seq":"37","sqcand":"140000803379","n":"45612","nm":"PROFESSOR EDNO","cc":"PSDB","nv":" ","e":"n","st":"Suplente","dvt":"V\u00e1lido","vap":"128","pvap":"   0,63"},{"seq":"103","sqcand":"140000773305","n":"20123","nm":"FRANCISCO CARLOS","cc":"PSC","nv":" ","e":"n","st":"N\u00e3o eleito","dvt":"V\u00e1lido","vap":"9","pvap":"   0,04"},{"seq":"76","sqcand":"140000773307","n":"20000","nm":"DIOGO AQUINO","cc":"PSC","nv":" ","e":"n","st":"N\u00e3o eleito","dvt":"V\u00e1lido","vap":"125","pvap":"   0,62"},{"seq":"78","sqcand":"140000773313","n":"20223","nm":"MARIANO","cc":"PSC","nv":" ","e":"n","st":"N\u00e3o eleito","dvt":"V\u00e1lido","vap":"100","pvap":"   0,50"},{"seq":"101","sqcand":"140000997029","n":"40555","nm":"PASTOR VALMIR","cc":"PSB","nv":" ","e":"n","st":"N\u00e3o eleito","dvt":"V\u00e1lido","vap":"13","pvap":"   0,06"},{"seq":"60","sqcand":"140000656671","n":"22999","nm":"CLARICE SANTA BRIGIDA","cc":"PL","nv":" ","e":"n","st":"Suplente","dvt":"V\u00e1lido","vap":"13","pvap":"   0,06"},{"seq":"45","sqcand":"140000709836","n":"15777","nm":"PRETO DA CULTURA","cc":"MDB","nv":" ","e":"n","st":"Suplente","dvt":"V\u00e1lido","vap":"74","pvap":"   0,37"},{"seq":"66","sqcand":"140000803378","n":"45455","nm":"PROFESSORA ROSANGELA","cc":"PSDB","nv":" ","e":"n","st":"Suplente","dvt":"V\u00e1lido","vap":"4","pvap":"   0,02"},{"seq":"13","sqcand":"140000709840","n":"15015","nm":"PROFESSORA FERNANDA","cc":"MDB","nv":" ","e":"n","st":"Suplente","dvt":"V\u00e1lido","vap":"535","pvap":"   2,65"},{"seq":"88","sqcand":"140000773317","n":"20200","nm":"NATANAEL","cc":"PSC","nv":" ","e":"n","st":"N\u00e3o eleito","dvt":"V\u00e1lido","vap":"55","pvap":"   0,27"},{"seq":"64","sqcand":"140000656670","n":"22362","nm":"SERGIO MARCIO","cc":"PL","nv":" ","e":"n","st":"Suplente","dvt":"V\u00e1lido","vap":"5","pvap":"   0,02"},{"seq":"63","sqcand":"140000770552","n":"10578","nm":"EUDEVAN","cc":"REPUBLICANOS","nv":" ","e":"n","st":"Suplente","dvt":"V\u00e1lido","vap":"6","pvap":"   0,03"},{"seq":"67","sqcand":"140000709833","n":"15222","nm":"AVANI","cc":"MDB","nv":" ","e":"n","st":"Suplente","dvt":"V\u00e1lido","vap":"1","pvap":"   0,00"},{"seq":"18","sqcand":"140000656668","n":"22456","nm":"LIDINEY PRADO","cc":"PL","nv":" ","e":"n","st":"Suplente","dvt":"V\u00e1lido","vap":"374","pvap":"   1,85"},{"seq":"98","sqcand":"140000997021","n":"40114","nm":"PROFESSORA JOELMA","cc":"PSB","nv":" ","e":"n","st":"N\u00e3o eleito","dvt":"V\u00e1lido","vap":"18","pvap":"   0,09"},{"seq":"2","sqcand":"140000803375","n":"45007","nm":"PROF&#186;. IVANEY RICARDO","cc":"PSDB","nv":" ","e":"s","st":"Eleito","dvt":"V\u00e1lido","vap":"923","pvap":"   4,57"},{"seq":"11","sqcand":"140000770556","n":"10377","nm":"BETO DA SERRARIA","cc":"REPUBLICANOS","nv":" ","e":"s","st":"Eleito","dvt":"V\u00e1lido","vap":"426","pvap":"   2,11"},{"seq":"54","sqcand":"140000770559","n":"10101","nm":"WILLIAMS","cc":"REPUBLICANOS","nv":" ","e":"n","st":"Suplente","dvt":"V\u00e1lido","vap":"33","pvap":"   0,16"},{"seq":"4","sqcand":"140000803380","n":"45444","nm":"ANT\u00d4NIO J\u00daNIOR","cc":"PSDB","nv":" ","e":"s","st":"Eleito","dvt":"V\u00e1lido","vap":"830","pvap":"   4,11"},{"seq":"36","sqcand":"140000803382","n":"45777","nm":"PROFESSORA DEUZENI","cc":"PSDB","nv":" ","e":"n","st":"Suplente","dvt":"V\u00e1lido","vap":"137","pvap":"   0,68"},{"seq":"21","sqcand":"140000656665","n":"22345","nm":"MUNDINHO","cc":"PL","nv":" ","e":"n","st":"Suplente","dvt":"V\u00e1lido","vap":"317","pvap":"   1,57"},{"seq":"33","sqcand":"140000656664","n":"22222","nm":"NIL DO SIDERLEY","cc":"PL","nv":" ","e":"n","st":"Suplente","dvt":"V\u00e1lido","vap":"164","pvap":"   0,81"},{"seq":"93","sqcand":"140000773151","n":"36666","nm":"JAKLINE PAIX\u00c3O","cc":"PTC","nv":" ","e":"n","st":"N\u00e3o eleito","dvt":"V\u00e1lido","vap":"36","pvap":"   0,18"},{"seq":"96","sqcand":"140000773147","n":"36176","nm":"GIL DA VAN","cc":"PTC","nv":" ","e":"n","st":"N\u00e3o eleito","dvt":"V\u00e1lido","vap":"19","pvap":"   0,09"},{"seq":"70","sqcand":"140000773316","n":"20020","nm":"CLEBER DO A\u00c7OGUE","cc":"PSC","nv":" ","e":"n","st":"N\u00e3o eleito","dvt":"V\u00e1lido","vap":"235","pvap":"   1,16"},{"seq":"72","sqcand":"140000773149","n":"36000","nm":"WALKETY","cc":"PTC","nv":" ","e":"n","st":"N\u00e3o eleito","dvt":"V\u00e1lido","vap":"149","pvap":"   0,74"},{"seq":"49","sqcand":"140000863079","n":"90706","nm":"MISSIONARIA ARIANE","cc":"PROS","nv":" ","e":"n","st":"Suplente","dvt":"V\u00e1lido","vap":"63","pvap":"   0,31"},{"seq":"52","sqcand":"140000803384","n":"45045","nm":"RIVALDO SILVA","cc":"PSDB","nv":" ","e":"n","st":"Suplente","dvt":"V\u00e1lido","vap":"41","pvap":"   0,20"},{"seq":"61","sqcand":"140000863081","n":"90777","nm":"ROBERTO PIMENTEL","cc":"PROS","nv":" ","e":"n","st":"Suplente","dvt":"V\u00e1lido","vap":"11","pvap":"   0,05"},{"seq":"68","sqcand":"140000709837","n":"15100","nm":"CEZIANNY","cc":"MDB","nv":" ","e":"n","st":"Suplente","dvt":"V\u00e1lido","vap":"0","pvap":"00.00"},{"seq":"59","sqcand":"140000863070","n":"90789","nm":"JANILSON SILVA","cc":"PROS","nv":" ","e":"n","st":"Suplente","dvt":"V\u00e1lido","vap":"14","pvap":"   0,07"},{"seq":"24","sqcand":"140000656669","n":"22123","nm":"PR PAULO ALVES","cc":"PL","nv":" ","e":"n","st":"Suplente","dvt":"V\u00e1lido","vap":"266","pvap":"   1,32"},{"seq":"108","sqcand":"140000773145","n":"36555","nm":"ALDA MORAES","cc":"PTC","nv":" ","e":"n","st":"N\u00e3o eleito","dvt":"V\u00e1lido","vap":"2","pvap":"   0,01"},{"seq":"83","sqcand":"140000997033","n":"40123","nm":"PASTOR JOSU\u00c9","cc":"PSB","nv":" ","e":"n","st":"N\u00e3o eleito","dvt":"V\u00e1lido","vap":"74","pvap":"   0,37"},{"seq":"32","sqcand":"140000709834","n":"15615","nm":"FRANCIANI","cc":"MDB","nv":" ","e":"n","st":"Suplente","dvt":"V\u00e1lido","vap":"170","pvap":"   0,84"},{"seq":"16","sqcand":"140000656666","n":"22000","nm":"NEIDE CARRERA","cc":"PL","nv":" ","e":"n","st":"Suplente","dvt":"V\u00e1lido","vap":"432","pvap":"   2,14"},{"seq":"106","sqcand":"140000997027","n":"40677","nm":"MARCIO BARROS","cc":"PSB","nv":" ","e":"n","st":"N\u00e3o eleito","dvt":"V\u00e1lido","vap":"4","pvap":"   0,02"},{"seq":"35","sqcand":"140000803390","n":"45112","nm":"BRUNO ALMEIDA","cc":"PSDB","nv":" ","e":"n","st":"Suplente","dvt":"V\u00e1lido","vap":"141","pvap":"   0,70"},{"seq":"105","sqcand":"140000773150","n":"36123","nm":"ALMIR JASTES","cc":"PTC","nv":" ","e":"n","st":"N\u00e3o eleito","dvt":"V\u00e1lido","vap":"4","pvap":"   0,02"},{"seq":"23","sqcand":"140000656662","n":"22247","nm":"RENATO DO BACURI","cc":"PL","nv":" ","e":"n","st":"Suplente","dvt":"V\u00e1lido","vap":"281","pvap":"   1,39"},{"seq":"26","sqcand":"140000770553","n":"10852","nm":"MARCINHA DO Z\u00c9 VIDAL","cc":"REPUBLICANOS","nv":" ","e":"n","st":"Suplente","dvt":"V\u00e1lido","vap":"250","pvap":"   1,24"},{"seq":"3","sqcand":"140000863080","n":"90580","nm":"JOSE CASSEB","cc":"PROS","nv":" ","e":"s","st":"Eleito","dvt":"V\u00e1lido","vap":"872","pvap":"   4,32"},{"seq":"89","sqcand":"140000773310","n":"20001","nm":"J\u00c9SSICA ","cc":"PSC","nv":" ","e":"n","st":"N\u00e3o eleito","dvt":"V\u00e1lido","vap":"52","pvap":"   0,26"},{"seq":"102","sqcand":"140000773308","n":"20111","nm":"HUMBERTO MAIANDEUA","cc":"PSC","nv":" ","e":"n","st":"N\u00e3o eleito","dvt":"V\u00e1lido","vap":"12","pvap":"   0,06"},{"seq":"86","sqcand":"140000773306","n":"20021","nm":"OCIR","cc":"PSC","nv":" ","e":"n","st":"N\u00e3o eleito","dvt":"V\u00e1lido","vap":"57","pvap":"   0,28"},{"seq":"109","sqcand":"140000773142","n":"36135","nm":"ELIANA DE PAULA","cc":"PTC","nv":" ","e":"n","st":"N\u00e3o eleito","dvt":"V\u00e1lido","vap":"2","pvap":"   0,01"},{"seq":"44","sqcand":"140000656658","n":"22111","nm":"FABIO MARACAN\u00c3","cc":"PL","nv":" ","e":"n","st":"Suplente","dvt":"V\u00e1lido","vap":"75","pvap":"   0,37"},{"seq":"17","sqcand":"140000863076","n":"90200","nm":"PROFESSOR  JEAN","cc":"PROS","nv":" ","e":"n","st":"Suplente","dvt":"V\u00e1lido","vap":"378","pvap":"   1,87"},{"seq":"56","sqcand":"140000709831","n":"15007","nm":"JUCIMAR","cc":"MDB","nv":" ","e":"n","st":"Suplente","dvt":"V\u00e1lido","vap":"25","pvap":"   0,12"},{"seq":"58","sqcand":"140000803381","n":"45000","nm":"ALCIONE ALVES","cc":"PSDB","nv":" ","e":"n","st":"Suplente","dvt":"V\u00e1lido","vap":"16","pvap":"   0,08"},{"seq":"79","sqcand":"140000773146","n":"36179","nm":"JAIR BALA","cc":"PTC","nv":" ","e":"n","st":"N\u00e3o eleito","dvt":"V\u00e1lido","vap":"85","pvap":"   0,42"},{"seq":"107","sqcand":"140000773143","n":"36177","nm":"DIONE REZENDE","cc":"PTC","nv":" ","e":"n","st":"N\u00e3o eleito","dvt":"V\u00e1lido","vap":"3","pvap":"   0,01"},{"seq":"84","sqcand":"140000773144","n":"36122","nm":"LUIZ CARLOS","cc":"PTC","nv":" ","e":"n","st":"N\u00e3o eleito","dvt":"V\u00e1lido","vap":"64","pvap":"   0,32"},{"seq":"87","sqcand":"140000997022","n":"40000","nm":"PROFESSOR EDUARDO","cc":"PSB","nv":" ","e":"n","st":"N\u00e3o eleito","dvt":"V\u00e1lido","vap":"57","pvap":"   0,28"},{"seq":"97","sqcand":"140000997024","n":"40777","nm":"PAULO SIQUEIRA","cc":"PSB","nv":" ","e":"n","st":"N\u00e3o eleito","dvt":"V\u00e1lido","vap":"19","pvap":"   0,09"},{"seq":"30","sqcand":"140000803387","n":"45345","nm":"MARIVALDO COSTA","cc":"PSDB","nv":" ","e":"n","st":"Suplente","dvt":"V\u00e1lido","vap":"208","pvap":"   1,03"},{"seq":"73","sqcand":"140000773304","n":"20190","nm":"PAULO JORGE","cc":"PSC","nv":" ","e":"n","st":"N\u00e3o eleito","dvt":"V\u00e1lido","vap":"141","pvap":"   0,70"},{"seq":"10","sqcand":"140000656660","n":"22333","nm":"ANDREY SIQUEIRA","cc":"PL","nv":" ","e":"s","st":"Eleito","dvt":"V\u00e1lido","vap":"467","pvap":"   2,31"},{"seq":"75","sqcand":"140000773315","n":"20789","nm":"INEZ MELO","cc":"PSC","nv":" ","e":"n","st":"N\u00e3o eleito","dvt":"V\u00e1lido","vap":"131","pvap":"   0,65"},{"seq":"41","sqcand":"140000803383","n":"45655","nm":"ROSA BALGA RODRIGUES","cc":"PSDB","nv":" ","e":"n","st":"Suplente","dvt":"V\u00e1lido","vap":"87","pvap":"   0,43"},{"seq":"85","sqcand":"140000997030","n":"40540","nm":"ADEMIR GUIMAR\u00c3ES","cc":"PSB","nv":" ","e":"n","st":"N\u00e3o eleito","dvt":"V\u00e1lido","vap":"63","pvap":"   0,31"},{"seq":"6","sqcand":"140000656667","n":"22555","nm":"CACAIA RABELO","cc":"PL","nv":" ","e":"s","st":"Eleito","dvt":"V\u00e1lido","vap":"732","pvap":"   3,62"},{"seq":"94","sqcand":"140000744293","n":"50123","nm":"ANT\u00d4NIO BARROS","cc":"PSOL","nv":" ","e":"n","st":"N\u00e3o eleito","dvt":"V\u00e1lido","vap":"27","pvap":"   0,13"},{"seq":"19","sqcand":"140000770561","n":"10444","nm":"F\u00c1BIO BARCA BOA","cc":"REPUBLICANOS","nv":" ","e":"n","st":"Suplente","dvt":"V\u00e1lido","vap":"331","pvap":"   1,64"},{"seq":"104","sqcand":"140000744292","n":"50500","nm":"SOCORRO SANTANA","cc":"PSOL","nv":" ","e":"n","st":"N\u00e3o eleito","dvt":"V\u00e1lido","vap":"9","pvap":"   0,04"},{"seq":"40","sqcand":"140000803385","n":"45678","nm":"MARLEY CHAVES","cc":"PSDB","nv":" ","e":"n","st":"Suplente","dvt":"V\u00e1lido","vap":"88","pvap":"   0,44"},{"seq":"62","sqcand":"140000863072","n":"90999","nm":"RENATO SILVA","cc":"PROS","nv":" ","e":"n","st":"Suplente","dvt":"V\u00e1lido","vap":"7","pvap":"   0,03"},{"seq":"100","sqcand":"140000773141","n":"36777","nm":"DICELY","cc":"PTC","nv":" ","e":"n","st":"N\u00e3o eleito","dvt":"V\u00e1lido","vap":"13","pvap":"   0,06"},{"seq":"5","sqcand":"140000803391","n":"45333","nm":"RATO","cc":"PSDB","nv":" ","e":"s","st":"Eleito","dvt":"V\u00e1lido","vap":"742","pvap":"   3,67"},{"seq":"99","sqcand":"140000744294","n":"50000","nm":"IRM\u00c3O ALBERTO","cc":"PSOL","nv":" ","e":"n","st":"N\u00e3o eleito","dvt":"V\u00e1lido","vap":"15","pvap":"   0,07"},{"seq":"20","sqcand":"140000770560","n":"10123","nm":"JORLANA","cc":"REPUBLICANOS","nv":" ","e":"n","st":"Suplente","dvt":"V\u00e1lido","vap":"326","pvap":"   1,61"},{"seq":"47","sqcand":"140000863077","n":"90001","nm":"RENATA FERNANDES","cc":"PROS","nv":" ","e":"n","st":"Suplente","dvt":"V\u00e1lido","vap":"71","pvap":"   0,35"},{"seq":"25","sqcand":"140000770554","n":"10456","nm":"ROBERO","cc":"REPUBLICANOS","nv":" ","e":"n","st":"Suplente","dvt":"V\u00e1lido","vap":"265","pvap":"   1,31"},{"seq":"50","sqcand":"140000770550","n":"10555","nm":"ANDR\u00c9 LUIS","cc":"REPUBLICANOS","nv":" ","e":"n","st":"Suplente","dvt":"V\u00e1lido","vap":"58","pvap":"   0,29"},{"seq":"82","sqcand":"140000997023","n":"40045","nm":"FANI XAVIER","cc":"PSB","nv":" ","e":"n","st":"N\u00e3o eleito","dvt":"V\u00e1lido","vap":"75","pvap":"   0,37"},{"seq":"34","sqcand":"140000803389","n":"45014","nm":"PROFESSORA DIN\u00c1","cc":"PSDB","nv":" ","e":"n","st":"Suplente","dvt":"V\u00e1lido","vap":"157","pvap":"   0,78"},{"seq":"38","sqcand":"140000656656","n":"22200","nm":"PROF ADAILSON","cc":"PL","nv":" ","e":"n","st":"Suplente","dvt":"V\u00e1lido","vap":"95","pvap":"   0,47"},{"seq":"90","sqcand":"140000997025","n":"40222","nm":"LUIZA DA CAMPINA","cc":"PSB","nv":" ","e":"n","st":"N\u00e3o eleito","dvt":"V\u00e1lido","vap":"48","pvap":"   0,24"},{"seq":"51","sqcand":"140000803376","n":"45456","nm":"ENFERMEIRA CARLA","cc":"PSDB","nv":" ","e":"n","st":"Suplente","dvt":"V\u00e1lido","vap":"51","pvap":"   0,25"},{"seq":"65","sqcand":"140000863073","n":"90009","nm":"SIMONE PINHEIRO","cc":"PROS","nv":" ","e":"n","st":"Suplente","dvt":"V\u00e1lido","vap":"4","pvap":"   0,02"},{"seq":"80","sqcand":"140000997034","n":"40122","nm":"ENFERMEIRO Z\u00c9 MARIA","cc":"PSB","nv":" ","e":"n","st":"N\u00e3o eleito","dvt":"V\u00e1lido","vap":"84","pvap":"   0,42"},{"seq":"110","sqcand":"140000773309","n":"20015","nm":"NILCE","cc":"PSC","nv":" ","e":"n","st":"N\u00e3o eleito","dvt":"V\u00e1lido","vap":"1","pvap":"   0,00"},{"seq":"8","sqcand":"140000656659","n":"22611","nm":"GUTO SANTOS","cc":"PL","nv":" ","e":"s","st":"Eleito","dvt":"V\u00e1lido","vap":"543","pvap":"   2,69"},{"seq":"48","sqcand":"140000656661","n":"22122","nm":"IZOLENE SANTOS","cc":"PL","nv":" ","e":"n","st":"Suplente","dvt":"V\u00e1lido","vap":"70","pvap":"   0,35"},{"seq":"92","sqcand":"140000773314","n":"20052","nm":"ESTER DO NAN\u00c3","cc":"PSC","nv":" ","e":"n","st":"N\u00e3o eleito","dvt":"V\u00e1lido","vap":"38","pvap":"   0,19"},{"seq":"27","sqcand":"140000803388","n":"45610","nm":"LENO KM19","cc":"PSDB","nv":" ","e":"n","st":"Suplente","dvt":"V\u00e1lido","vap":"224","pvap":"   1,11"},{"seq":"28","sqcand":"140000709830","n":"15115","nm":"S\u00c9RGIO BARBUDO","cc":"MDB","nv":" ","e":"n","st":"Suplente","dvt":"V\u00e1lido","vap":"221","pvap":"   1,09"},{"seq":"7","sqcand":"140000709835","n":"15120","nm":"CLEBER MORAES","cc":"MDB","nv":" ","e":"s","st":"Eleito","dvt":"V\u00e1lido","vap":"585","pvap":"   2,90"},{"seq":"81","sqcand":"140000997028","n":"40455","nm":"MAR\u00c7AL","cc":"PSB","nv":" ","e":"n","st":"N\u00e3o eleito","dvt":"V\u00e1lido","vap":"77","pvap":"   0,38"},{"seq":"42","sqcand":"140000803377","n":"45888","nm":"PAULINHO MACHADO","cc":"PSDB","nv":" ","e":"n","st":"Suplente","dvt":"V\u00e1lido","vap":"83","pvap":"   0,41"},{"seq":"15","sqcand":"140000863074","n":"90123","nm":"PROFESSOR LUCIVAL","cc":"PROS","nv":" ","e":"n","st":"Suplente","dvt":"V\u00e1lido","vap":"497","pvap":"   2,46"},{"seq":"43","sqcand":"140000709838","n":"15123","nm":"GABRIEL HELIO","cc":"MDB","nv":" ","e":"n","st":"Suplente","dvt":"V\u00e1lido","vap":"80","pvap":"   0,40"},{"seq":"46","sqcand":"140000770551","n":"10000","nm":"JAMILLE","cc":"REPUBLICANOS","nv":" ","e":"n","st":"Suplente","dvt":"V\u00e1lido","vap":"72","pvap":"   0,36"},{"seq":"95","sqcand":"140000773148","n":"36222","nm":"ADEMAR","cc":"PTC","nv":" ","e":"n","st":"N\u00e3o eleito","dvt":"V\u00e1lido","vap":"20","pvap":"   0,10"},{"seq":"14","sqcand":"140000709839","n":"15555","nm":"NESTESIA","cc":"MDB","nv":" ","e":"n","st":"Suplente","dvt":"V\u00e1lido","vap":"503","pvap":"   2,49"},{"seq":"1","sqcand":"140000709832","n":"15111","nm":"RAFAEL RAIOL","cc":"MDB","nv":" ","e":"s","st":"Eleito","dvt":"V\u00e1lido","vap":"949","pvap":"   4,70"}]}
