{"ele":"426","tpabr":"mu","cdabr":"05231","carper":"13","t":"1","f":"o","dt":"15/11/2020","ht":"23:02:57","dv":"s","tf":"s","v":"13","esae":"n","mnae":"","s":"98","st":"98","pst":" 100,00","snt":"0","psnt":"   0,00","si":"98","psi":" 100,00","sni":"0","psni":"   0,00","sa":"98","psa":" 100,00","sna":"0","psna":"   0,00","e":"31516","ea":"31516","pea":" 100,00","ena":"0","pena":"   0,00","esi":"31516","pesi":" 100,00","esni":"0","pesni":"   0,00","c":"26598","pc":"  84,40","a":"4918","pa":"  15,60","vscv":"0","vnom":"24631","vl":"1272","pvnom":"  95,09","pvl":"   4,91","vvc":"25929","pvvc":"  97,48","vb":"325","pvb":"   1,23","tvn":"344","ptvn":"   1,29","vn":"344","pvn":" 100,00","vnt":"0","pvnt":"   0,00","vp":"0","pvp":"   0,00","vv":"25903","pvv":"  99,90","van":"0","pvan":"   0,00","vansj":"26","pvansj":"   0,10","tv":"26598","cand":[{"seq":"171","sqcand":"140001010780","n":"55024","nm":"ANDREY SANTIAGO","cc":"PSD","nv":" ","e":"n","st":"N\u00e3o eleito","dvt":"V\u00e1lido","vap":"38","pvap":"   0,15"},{"seq":"168","sqcand":"140001168294","n":"13555","nm":"J\u00d4 DO PT","cc":"PT","nv":" ","e":"n","st":"N\u00e3o eleito","dvt":"V\u00e1lido","vap":"45","pvap":"   0,17"},{"seq":"40","sqcand":"140000881458","n":"15001","nm":"ANDREI","cc":"MDB","nv":" ","e":"n","st":"Suplente","dvt":"V\u00e1lido","vap":"194","pvap":"   0,75"},{"seq":"188","sqcand":"140000946881","n":"17615","nm":"GIRAL","cc":"PSL","nv":" ","e":"n","st":"N\u00e3o eleito","dvt":"V\u00e1lido","vap":"24","pvap":"   0,09"},{"seq":"129","sqcand":"140001172318","n":"23555","nm":"CARLA SARMENTO","cc":"CIDADANIA","nv":" ","e":"n","st":"N\u00e3o eleito","dvt":"V\u00e1lido","vap":"198","pvap":"   0,76"},{"seq":"201","sqcand":"140000638833","n":"40555","nm":"ROSANA BARROS","cc":"PSB","nv":" ","e":"n","st":"N\u00e3o eleito","dvt":"V\u00e1lido","vap":"16","pvap":"   0,06"},{"seq":"192","sqcand":"140001172324","n":"23000","nm":"LUCIA SENA","cc":"CIDADANIA","nv":" ","e":"n","st":"N\u00e3o eleito","dvt":"V\u00e1lido","vap":"19","pvap":"   0,07"},{"seq":"78","sqcand":"140000638826","n":"27111","nm":"JACIRENE","cc":"DC","nv":" ","e":"n","st":"Suplente","dvt":"V\u00e1lido","vap":"47","pvap":"   0,18"},{"seq":"214","sqcand":"140001094876","n":"77555","nm":"CHAQUINHA","cc":"SOLIDARIEDADE","nv":" ","e":"n","st":"N\u00e3o eleito","dvt":"V\u00e1lido","vap":"12","pvap":"   0,05"},{"seq":"4","sqcand":"140000674870","n":"22100","nm":"LUNA GABRIELA","cc":"PL","nv":" ","e":"s","st":"Eleito","dvt":"V\u00e1lido","vap":"538","pvap":"   2,07"},{"seq":"225","sqcand":"140001246496","n":"20007","nm":"FABIO FREITAS","cc":"PSC","nv":" ","e":"n","st":"N\u00e3o eleito","dvt":"V\u00e1lido","vap":"7","pvap":"   0,03"},{"seq":"226","sqcand":"140001172319","n":"23444","nm":"ALBERTO SALINAS","cc":"CIDADANIA","nv":" ","e":"n","st":"N\u00e3o eleito","dvt":"V\u00e1lido","vap":"6","pvap":"   0,02"},{"seq":"18","sqcand":"140000674869","n":"22789","nm":"PROFESSOR RIBA","cc":"PL","nv":" ","e":"n","st":"Suplente","dvt":"V\u00e1lido","vap":"333","pvap":"   1,28"},{"seq":"231","sqcand":"140001172337","n":"23122","nm":"FRANCISCO CARVALHO","cc":"CIDADANIA","nv":" ","e":"n","st":"N\u00e3o eleito","dvt":"V\u00e1lido","vap":"3","pvap":"   0,01"},{"seq":"136","sqcand":"140001168295","n":"13013","nm":"MARTHA VIEIRA","cc":"PT","nv":" ","e":"n","st":"N\u00e3o eleito","dvt":"V\u00e1lido","vap":"118","pvap":"   0,46"},{"seq":"26","sqcand":"140000638817","n":"27127","nm":"ARIANE GUIMAR\u00c3ES","cc":"DC","nv":" ","e":"n","st":"Suplente","dvt":"V\u00e1lido","vap":"254","pvap":"   0,98"},{"seq":"167","sqcand":"140001168296","n":"13333","nm":"Z\u00c9 ROBERTO","cc":"PT","nv":" ","e":"n","st":"N\u00e3o eleito","dvt":"V\u00e1lido","vap":"45","pvap":"   0,17"},{"seq":"209","sqcand":"140001094890","n":"77111","nm":"BRANCA","cc":"SOLIDARIEDADE","nv":" ","e":"n","st":"N\u00e3o eleito","dvt":"V\u00e1lido","vap":"13","pvap":"   0,05"},{"seq":"7","sqcand":"140000674882","n":"22345","nm":"ANDR\u00c9 DO CUIARANA","cc":"PL","nv":" ","e":"s","st":"Eleito","dvt":"V\u00e1lido","vap":"469","pvap":"   1,81"},{"seq":"205","sqcand":"140000638828","n":"40666","nm":"CAPETA","cc":"PSB","nv":" ","e":"n","st":"N\u00e3o eleito","dvt":"V\u00e1lido","vap":"14","pvap":"   0,05"},{"seq":"206","sqcand":"140001170325","n":"20222","nm":"RENATO CUNHA","cc":"PSC","nv":" ","e":"n","st":"N\u00e3o eleito","dvt":"V\u00e1lido","vap":"13","pvap":"   0,05"},{"seq":"39","sqcand":"140000641433","n":"12345","nm":"VICTOR FAROL","cc":"PDT","nv":" ","e":"n","st":"Suplente","dvt":"V\u00e1lido","vap":"195","pvap":"   0,75"},{"seq":"8","sqcand":"140000674938","n":"10555","nm":"ZECA DO FORR\u00d3","cc":"REPUBLICANOS","nv":" ","e":"s","st":"Eleito","dvt":"V\u00e1lido","vap":"362","pvap":"   1,40"},{"seq":"55","sqcand":"140000641423","n":"12101","nm":"COWBOY DO TREVO","cc":"PDT","nv":" ","e":"n","st":"Suplente","dvt":"V\u00e1lido","vap":"89","pvap":"   0,34"},{"seq":"15","sqcand":"140000674918","n":"25555","nm":"GLAUCE SANTOS","cc":"DEM","nv":" ","e":"n","st":"Suplente","dvt":"V\u00e1lido","vap":"439","pvap":"   1,69"},{"seq":"110","sqcand":"140000674946","n":"10115","nm":"PROFESSORA ANG\u00c9LICA","cc":"REPUBLICANOS","nv":" ","e":"n","st":"Suplente","dvt":"V\u00e1lido","vap":"7","pvap":"   0,03"},{"seq":"25","sqcand":"140000674944","n":"10222","nm":"JOEL PINHEIRO","cc":"REPUBLICANOS","nv":" ","e":"n","st":"Suplente","dvt":"V\u00e1lido","vap":"273","pvap":"   1,05"},{"seq":"19","sqcand":"140000674883","n":"22500","nm":"JEAN FIGUEIREDO","cc":"PL","nv":" ","e":"n","st":"Suplente","dvt":"V\u00e1lido","vap":"332","pvap":"   1,28"},{"seq":"178","sqcand":"140001172322","n":"23111","nm":"VAVA DA OTICA","cc":"CIDADANIA","nv":" ","e":"n","st":"N\u00e3o eleito","dvt":"V\u00e1lido","vap":"32","pvap":"   0,12"},{"seq":"210","sqcand":"140001170328","n":"20155","nm":"SANDRA BARROS","cc":"PSC","nv":" ","e":"n","st":"N\u00e3o eleito","dvt":"V\u00e1lido","vap":"12","pvap":"   0,05"},{"seq":"48","sqcand":"140000641435","n":"12123","nm":"JORGE SACOLA","cc":"PDT","nv":" ","e":"n","st":"Suplente","dvt":"V\u00e1lido","vap":"143","pvap":"   0,55"},{"seq":"236","sqcand":"140001268105","n":"77333","nm":"MARIA HELENA","cc":"SOLIDARIEDADE","nv":" ","e":"n","st":"N\u00e3o eleito","dvt":"V\u00e1lido","vap":"0","pvap":"00.00"},{"seq":"59","sqcand":"140000641418","n":"12512","nm":"F\u00c1TIMA SOARES","cc":"PDT","nv":" ","e":"n","st":"Suplente","dvt":"V\u00e1lido","vap":"83","pvap":"   0,32"},{"seq":"33","sqcand":"140000641430","n":"12789","nm":"CARLOS PIT BULL","cc":"PDT","nv":" ","e":"n","st":"Suplente","dvt":"V\u00e1lido","vap":"207","pvap":"   0,80"},{"seq":"137","sqcand":"140001010781","n":"55123","nm":"PROFESSORA ETIENNE","cc":"PSD","nv":" ","e":"n","st":"N\u00e3o eleito","dvt":"V\u00e1lido","vap":"112","pvap":"   0,43"},{"seq":"182","sqcand":"140001172336","n":"23040","nm":"GEANE LIMA","cc":"CIDADANIA","nv":" ","e":"n","st":"N\u00e3o eleito","dvt":"V\u00e1lido","vap":"28","pvap":"   0,11"},{"seq":"49","sqcand":"140000638823","n":"27612","nm":"IRAN DO BOM JESUS","cc":"DC","nv":" ","e":"n","st":"Suplente","dvt":"V\u00e1lido","vap":"139","pvap":"   0,54"},{"seq":"60","sqcand":"140000638813","n":"27444","nm":"SOCORRINHA","cc":"DC","nv":" ","e":"n","st":"Suplente","dvt":"V\u00e1lido","vap":"80","pvap":"   0,31"},{"seq":"127","sqcand":"140001237131","n":"90456","nm":"ANTONIO MARCOS","cc":"PROS","nv":" ","e":"n","st":"N\u00e3o eleito","dvt":"V\u00e1lido","vap":"219","pvap":"   0,84"},{"seq":"138","sqcand":"140001010778","n":"55525","nm":"CHAPOLIN","cc":"PSD","nv":" ","e":"n","st":"N\u00e3o eleito","dvt":"V\u00e1lido","vap":"106","pvap":"   0,41"},{"seq":"41","sqcand":"140000638824","n":"27123","nm":"JUCA TIGRE","cc":"DC","nv":" ","e":"n","st":"Suplente","dvt":"V\u00e1lido","vap":"193","pvap":"   0,74"},{"seq":"133","sqcand":"140001172335","n":"23123","nm":"VERONICA PLACIDO","cc":"CIDADANIA","nv":" ","e":"n","st":"N\u00e3o eleito","dvt":"V\u00e1lido","vap":"147","pvap":"   0,57"},{"seq":"54","sqcand":"140000638819","n":"27856","nm":"BETINHO DA SA\u00daDE","cc":"DC","nv":" ","e":"n","st":"Suplente","dvt":"V\u00e1lido","vap":"98","pvap":"   0,38"},{"seq":"87","sqcand":"140000674878","n":"22402","nm":"EDNA DO COCO","cc":"PL","nv":" ","e":"n","st":"Suplente","dvt":"V\u00e1lido","vap":"36","pvap":"   0,14"},{"seq":"76","sqcand":"140001171036","n":"19543","nm":"BETO REIS","cc":"PODE","nv":" ","e":"n","st":"Suplente","dvt":"V\u00e1lido","vap":"54","pvap":"   0,21"},{"seq":"56","sqcand":"140001171041","n":"19999","nm":"PROF ROG\u00c9RIO","cc":"PODE","nv":" ","e":"n","st":"Suplente","dvt":"V\u00e1lido","vap":"88","pvap":"   0,34"},{"seq":"228","sqcand":"140000638829","n":"40111","nm":"ROSALVA","cc":"PSB","nv":" ","e":"n","st":"N\u00e3o eleito","dvt":"V\u00e1lido","vap":"6","pvap":"   0,02"},{"seq":"130","sqcand":"140001237122","n":"90123","nm":"ANDERSON S\u00c1","cc":"PROS","nv":" ","e":"n","st":"N\u00e3o eleito","dvt":"V\u00e1lido","vap":"186","pvap":"   0,72"},{"seq":"88","sqcand":"140000881466","n":"15167","nm":"ELIZEU","cc":"MDB","nv":" ","e":"n","st":"Suplente","dvt":"V\u00e1lido","vap":"35","pvap":"   0,13"},{"seq":"154","sqcand":"140001237119","n":"90245","nm":"FABIO TELES","cc":"PROS","nv":" ","e":"n","st":"N\u00e3o eleito","dvt":"V\u00e1lido","vap":"67","pvap":"   0,26"},{"seq":"199","sqcand":"140001170329","n":"20333","nm":"MISSIONARIO MAELSON","cc":"PSC","nv":" ","e":"n","st":"N\u00e3o eleito","dvt":"V\u00e1lido","vap":"17","pvap":"   0,07"},{"seq":"128","sqcand":"140001010776","n":"55777","nm":"LOURA DA PI\u00c7ARREIRA","cc":"PSD","nv":" ","e":"n","st":"N\u00e3o eleito","dvt":"V\u00e1lido","vap":"203","pvap":"   0,78"},{"seq":"92","sqcand":"140000674919","n":"25789","nm":"JEAN BARBOSA","cc":"DEM","nv":" ","e":"n","st":"Suplente","dvt":"V\u00e1lido","vap":"29","pvap":"   0,11"},{"seq":"121","sqcand":"140000946885","n":"17777","nm":"LOURDES DA SA\u00daDE","cc":"PSL","nv":" ","e":"n","st":"N\u00e3o eleito","dvt":"V\u00e1lido","vap":"333","pvap":"   1,28"},{"seq":"181","sqcand":"140001094886","n":"77666","nm":"BAL","cc":"SOLIDARIEDADE","nv":" ","e":"n","st":"N\u00e3o eleito","dvt":"V\u00e1lido","vap":"31","pvap":"   0,12"},{"seq":"173","sqcand":"140001172334","n":"23333","nm":"ALAN DA SAUDE","cc":"CIDADANIA","nv":" ","e":"n","st":"N\u00e3o eleito","dvt":"V\u00e1lido","vap":"37","pvap":"   0,14"},{"seq":"135","sqcand":"140000946879","n":"17123","nm":"FABINHO","cc":"PSL","nv":" ","e":"n","st":"N\u00e3o eleito","dvt":"V\u00e1lido","vap":"139","pvap":"   0,54"},{"seq":"30","sqcand":"140000641421","n":"12333","nm":"EDNA DAS PEDRINHAS","cc":"PDT","nv":" ","e":"n","st":"Suplente","dvt":"V\u00e1lido","vap":"237","pvap":"   0,91"},{"seq":"176","sqcand":"140000946878","n":"17111","nm":"MANOEL DA FUNER\u00c1RIA","cc":"PSL","nv":" ","e":"n","st":"N\u00e3o eleito","dvt":"V\u00e1lido","vap":"34","pvap":"   0,13"},{"seq":"20","sqcand":"140000881462","n":"15123","nm":"VANDERSON DO G\u00c1S","cc":"MDB","nv":" ","e":"n","st":"Suplente","dvt":"V\u00e1lido","vap":"315","pvap":"   1,21"},{"seq":"172","sqcand":"140000946877","n":"17888","nm":"ENFERMEIRO ANDR\u00c9","cc":"PSL","nv":" ","e":"n","st":"N\u00e3o eleito","dvt":"V\u00e1lido","vap":"37","pvap":"   0,14"},{"seq":"23","sqcand":"140000638822","n":"27666","nm":"ALCELINO","cc":"DC","nv":" ","e":"n","st":"Suplente","dvt":"V\u00e1lido","vap":"288","pvap":"   1,11"},{"seq":"160","sqcand":"140000913360","n":"14888","nm":"PRF WAGNER VALES","cc":"PTB","nv":" ","e":"n","st":"N\u00e3o eleito","dvt":"V\u00e1lido","vap":"50","pvap":"   0,19"},{"seq":"45","sqcand":"140000674930","n":"10456","nm":"EMERSON DOID\u00c3O","cc":"REPUBLICANOS","nv":" ","e":"n","st":"Suplente","dvt":"V\u00e1lido","vap":"180","pvap":"   0,69"},{"seq":"197","sqcand":"140000913367","n":"14172","nm":"DEYSE DO SURF","cc":"PTB","nv":" ","e":"n","st":"N\u00e3o eleito","dvt":"V\u00e1lido","vap":"18","pvap":"   0,07"},{"seq":"86","sqcand":"140001171042","n":"19888","nm":"MARIA CHANCHO","cc":"PODE","nv":" ","e":"n","st":"Suplente","dvt":"V\u00e1lido","vap":"36","pvap":"   0,14"},{"seq":"237","sqcand":"140000913369","n":"14555","nm":"IRM\u00c3 MARLEIA","cc":"PTB","nv":" ","e":"n","st":"N\u00e3o eleito","dvt":"V\u00e1lido","vap":"0","pvap":"00.00"},{"seq":"146","sqcand":"140001104761","n":"43222","nm":"RAIMUNDINHO DO ESPORTE","cc":"PV","nv":" ","e":"n","st":"N\u00e3o eleito","dvt":"V\u00e1lido","vap":"81","pvap":"   0,31"},{"seq":"5","sqcand":"140000881459","n":"15000","nm":"ARGEO","cc":"MDB","nv":" ","e":"s","st":"Eleito","dvt":"V\u00e1lido","vap":"495","pvap":"   1,91"},{"seq":"184","sqcand":"140001094884","n":"77444","nm":"ANDREIA CORREA","cc":"SOLIDARIEDADE","nv":" ","e":"n","st":"N\u00e3o eleito","dvt":"V\u00e1lido","vap":"28","pvap":"   0,11"},{"seq":"109","sqcand":"140000674928","n":"25123","nm":"HELOISE BARROS","cc":"DEM","nv":" ","e":"n","st":"Suplente","dvt":"V\u00e1lido","vap":"7","pvap":"   0,03"},{"seq":"191","sqcand":"140001104763","n":"43423","nm":"PALHA\u00c7O TAPIOCA","cc":"PV","nv":" ","e":"n","st":"N\u00e3o eleito","dvt":"V\u00e1lido","vap":"20","pvap":"   0,08"},{"seq":"44","sqcand":"140000674942","n":"10444","nm":"RODRIGO RAYOL","cc":"REPUBLICANOS","nv":" ","e":"n","st":"Suplente","dvt":"V\u00e1lido","vap":"190","pvap":"   0,73"},{"seq":"126","sqcand":"140001237127","n":"90222","nm":"SILVANA CUNHA","cc":"PROS","nv":" ","e":"n","st":"N\u00e3o eleito","dvt":"V\u00e1lido","vap":"220","pvap":"   0,85"},{"seq":"193","sqcand":"140001168290","n":"13123","nm":"MARIZETE VASCONCELOS","cc":"PT","nv":" ","e":"n","st":"N\u00e3o eleito","dvt":"V\u00e1lido","vap":"19","pvap":"   0,07"},{"seq":"139","sqcand":"140001237126","n":"90555","nm":"CLAUDINHO","cc":"PROS","nv":" ","e":"n","st":"N\u00e3o eleito","dvt":"V\u00e1lido","vap":"103","pvap":"   0,40"},{"seq":"125","sqcand":"140001237123","n":"90999","nm":"ANDERSON CHEGA MAIS","cc":"PROS","nv":" ","e":"n","st":"N\u00e3o eleito","dvt":"V\u00e1lido","vap":"226","pvap":"   0,87"},{"seq":"43","sqcand":"140000674943","n":"10123","nm":"DANIEL SARMANHO","cc":"REPUBLICANOS","nv":" ","e":"n","st":"Suplente","dvt":"V\u00e1lido","vap":"192","pvap":"   0,74"},{"seq":"235","sqcand":"140001237121","n":"90199","nm":"THAYLA NOELLE","cc":"PROS","nv":" ","e":"n","st":"N\u00e3o eleito","dvt":"V\u00e1lido","vap":"1","pvap":"   0,00"},{"seq":"223","sqcand":"140001172328","n":"23007","nm":"CLAUDIA COSTA","cc":"CIDADANIA","nv":" ","e":"n","st":"N\u00e3o eleito","dvt":"V\u00e1lido","vap":"7","pvap":"   0,03"},{"seq":"36","sqcand":"140000674940","n":"10777","nm":"RENATO GOMES","cc":"REPUBLICANOS","nv":" ","e":"n","st":"Suplente","dvt":"V\u00e1lido","vap":"203","pvap":"   0,78"},{"seq":"232","sqcand":"140001168291","n":"13665","nm":"LA\u00c9RCIO SANTOS","cc":"PT","nv":" ","e":"n","st":"N\u00e3o eleito","dvt":"V\u00e1lido","vap":"3","pvap":"   0,01"},{"seq":"27","sqcand":"140000641428","n":"12456","nm":"RAIMUNDO FONSECA","cc":"PDT","nv":" ","e":"n","st":"Suplente","dvt":"V\u00e1lido","vap":"247","pvap":"   0,95"},{"seq":"2","sqcand":"140000674879","n":"22000","nm":"DENYS SAB\u00c3O","cc":"PL","nv":" ","e":"s","st":"Eleito","dvt":"V\u00e1lido","vap":"699","pvap":"   2,70"},{"seq":"29","sqcand":"140000638812","n":"27300","nm":"EDER JHOUFER","cc":"DC","nv":" ","e":"n","st":"Suplente","dvt":"V\u00e1lido","vap":"243","pvap":"   0,94"},{"seq":"89","sqcand":"140000674933","n":"10000","nm":"MARQUINHO DE CA\u00c7AMBA","cc":"REPUBLICANOS","nv":" ","e":"n","st":"Suplente","dvt":"V\u00e1lido","vap":"32","pvap":"   0,12"},{"seq":"116","sqcand":"140001008368","n":"22300","nm":"ROSALINA SANTOS","cc":"PL","nv":" ","e":"n","st":"Suplente","dvt":"V\u00e1lido","vap":"0","pvap":"00.00"},{"seq":"162","sqcand":"140001094883","n":"77000","nm":"ANDERSON TAXISTA","cc":"SOLIDARIEDADE","nv":" ","e":"n","st":"N\u00e3o eleito","dvt":"V\u00e1lido","vap":"50","pvap":"   0,19"},{"seq":"124","sqcand":"140000913370","n":"14123","nm":"PASTORA DALVA","cc":"PTB","nv":" ","e":"n","st":"N\u00e3o eleito","dvt":"V\u00e1lido","vap":"242","pvap":"   0,93"},{"seq":"220","sqcand":"140001094878","n":"77007","nm":"DR ALFREDO SANTANA","cc":"SOLIDARIEDADE","nv":" ","e":"n","st":"N\u00e3o eleito","dvt":"V\u00e1lido","vap":"8","pvap":"   0,03"},{"seq":"153","sqcand":"140000946883","n":"17000","nm":"RAMUNDINHO","cc":"PSL","nv":" ","e":"n","st":"N\u00e3o eleito","dvt":"V\u00e1lido","vap":"69","pvap":"   0,27"},{"seq":"170","sqcand":"140001172331","n":"23222","nm":"SIDNEI SALINAS","cc":"CIDADANIA","nv":" ","e":"n","st":"N\u00e3o eleito","dvt":"V\u00e1lido","vap":"38","pvap":"   0,15"},{"seq":"185","sqcand":"140001172321","n":"23100","nm":"MARILDA DO SAO BENTO","cc":"CIDADANIA","nv":" ","e":"n","st":"N\u00e3o eleito","dvt":"V\u00e1lido","vap":"26","pvap":"   0,10"},{"seq":"222","sqcand":"140000913364","n":"14777","nm":"PASTOR ISMAEL","cc":"PTB","nv":" ","e":"n","st":"N\u00e3o eleito","dvt":"V\u00e1lido","vap":"8","pvap":"   0,03"},{"seq":"46","sqcand":"140000638818","n":"27555","nm":"DAVID JUNIOR","cc":"DC","nv":" ","e":"n","st":"Suplente","dvt":"V\u00e1lido","vap":"149","pvap":"   0,57"},{"seq":"53","sqcand":"140001171038","n":"19444","nm":"DIEGO BORGES","cc":"PODE","nv":" ","e":"n","st":"Suplente","dvt":"V\u00e1lido","vap":"107","pvap":"   0,41"},{"seq":"190","sqcand":"140001246493","n":"20111","nm":"HEIDER RAMON","cc":"PSC","nv":" ","e":"n","st":"N\u00e3o eleito","dvt":"V\u00e1lido","vap":"21","pvap":"   0,08"},{"seq":"100","sqcand":"140000641431","n":"12007","nm":"EDER TAXISTA","cc":"PDT","nv":" ","e":"n","st":"Suplente","dvt":"V\u00e1lido","vap":"17","pvap":"   0,07"},{"seq":"113","sqcand":"140000881461","n":"15444","nm":"SEBASTIANA","cc":"MDB","nv":" ","e":"n","st":"Suplente","dvt":"V\u00e1lido","vap":"5","pvap":"   0,02"},{"seq":"122","sqcand":"140001170326","n":"20000","nm":"MARCIO LEMOVEIS","cc":"PSC","nv":" ","e":"n","st":"N\u00e3o eleito","dvt":"V\u00e1lido","vap":"310","pvap":"   1,20"},{"seq":"42","sqcand":"140000881453","n":"15777","nm":"ELLEN COSTA","cc":"MDB","nv":" ","e":"n","st":"Suplente","dvt":"V\u00e1lido","vap":"192","pvap":"   0,74"},{"seq":"85","sqcand":"140000881464","n":"15737","nm":"VALDEMIR DO ESPORTE","cc":"MDB","nv":" ","e":"n","st":"Suplente","dvt":"V\u00e1lido","vap":"37","pvap":"   0,14"},{"seq":"102","sqcand":"140000674924","n":"25777","nm":"SAMUEL ELETRICISTA","cc":"DEM","nv":" ","e":"n","st":"Suplente","dvt":"V\u00e1lido","vap":"14","pvap":"   0,05"},{"seq":"22","sqcand":"140000638820","n":"27654","nm":"PROFESSOR LUCIVALDO","cc":"DC","nv":" ","e":"n","st":"Suplente","dvt":"V\u00e1lido","vap":"304","pvap":"   1,17"},{"seq":"17","sqcand":"140000674926","n":"25333","nm":"WAGUINHO MAGALH\u00c3ES","cc":"DEM","nv":" ","e":"n","st":"Suplente","dvt":"V\u00e1lido","vap":"382","pvap":"   1,47"},{"seq":"159","sqcand":"140001172326","n":"23144","nm":"AGIELDO OLIVEIRA","cc":"CIDADANIA","nv":" ","e":"n","st":"N\u00e3o eleito","dvt":"V\u00e1lido","vap":"52","pvap":"   0,20"},{"seq":"140","sqcand":"140001170322","n":"20555","nm":"PROFESSOR WADSON","cc":"PSC","nv":" ","e":"n","st":"N\u00e3o eleito","dvt":"V\u00e1lido","vap":"99","pvap":"   0,38"},{"seq":"16","sqcand":"140000674872","n":"22123","nm":"NILSON SANTA BRIGIDA","cc":"PL","nv":" ","e":"n","st":"Suplente","dvt":"V\u00e1lido","vap":"386","pvap":"   1,49"},{"seq":"207","sqcand":"140001172332","n":"23456","nm":"MICHELE RODRIGUES","cc":"CIDADANIA","nv":" ","e":"n","st":"N\u00e3o eleito","dvt":"V\u00e1lido","vap":"13","pvap":"   0,05"},{"seq":"156","sqcand":"140001094875","n":"77321","nm":"ISMAEL PEREIRA","cc":"SOLIDARIEDADE","nv":" ","e":"n","st":"N\u00e3o eleito","dvt":"V\u00e1lido","vap":"63","pvap":"   0,24"},{"seq":"230","sqcand":"140001172325","n":"23999","nm":"LENE ROCHA","cc":"CIDADANIA","nv":" ","e":"n","st":"N\u00e3o eleito","dvt":"V\u00e1lido","vap":"5","pvap":"   0,02"},{"seq":"11","sqcand":"140000641422","n":"12000","nm":"JO\u00c3O DA PONTE","cc":"PDT","nv":" ","e":"s","st":"Eleito","dvt":"V\u00e1lido","vap":"336","pvap":"   1,30"},{"seq":"120","sqcand":"140000674937","n":"10500","nm":"AMANDA CASTRO","cc":"REPUBLICANOS","nv":" ","e":"n","st":"Suplente","dvt":"V\u00e1lido","vap":"0","pvap":"00.00"},{"seq":"77","sqcand":"140000674945","n":"10999","nm":"MARCELO DO DI\u00c1RIO","cc":"REPUBLICANOS","nv":" ","e":"n","st":"Suplente","dvt":"V\u00e1lido","vap":"51","pvap":"   0,20"},{"seq":"239","sqcand":"140001172330","n":"23789","nm":"SONIA SANTOS","cc":"CIDADANIA","nv":" ","e":"n","st":"N\u00e3o eleito","dvt":"V\u00e1lido","vap":"0","pvap":"00.00"},{"seq":"104","sqcand":"140000674866","n":"22150","nm":"MAURO DA AM\u00c9RICA","cc":"PL","nv":" ","e":"n","st":"Suplente","dvt":"V\u00e1lido","vap":"12","pvap":"   0,05"},{"seq":"63","sqcand":"140001171040","n":"19000","nm":"BELO MOTOTAXI","cc":"PODE","nv":" ","e":"n","st":"Suplente","dvt":"V\u00e1lido","vap":"74","pvap":"   0,29"},{"seq":"224","sqcand":"140001170324","n":"20017","nm":"L\u00daCIA MIRANDA","cc":"PSC","nv":" ","e":"n","st":"N\u00e3o eleito","dvt":"V\u00e1lido","vap":"7","pvap":"   0,03"},{"seq":"187","sqcand":"140001104757","n":"43043","nm":"WANDERSON COSTA","cc":"PV","nv":" ","e":"n","st":"N\u00e3o eleito","dvt":"V\u00e1lido","vap":"25","pvap":"   0,10"},{"seq":"161","sqcand":"140001094879","n":"77789","nm":"DANILO DO ALMOXARIFADO","cc":"SOLIDARIEDADE","nv":" ","e":"n","st":"N\u00e3o eleito","dvt":"V\u00e1lido","vap":"50","pvap":"   0,19"},{"seq":"175","sqcand":"140000913366","n":"14145","nm":"IRM\u00c3O RAIMUNDO","cc":"PTB","nv":" ","e":"n","st":"N\u00e3o eleito","dvt":"V\u00e1lido","vap":"34","pvap":"   0,13"},{"seq":"142","sqcand":"140001104762","n":"43229","nm":"LENE DA COL\u00d4NIA","cc":"PV","nv":" ","e":"n","st":"N\u00e3o eleito","dvt":"V\u00e1lido","vap":"90","pvap":"   0,35"},{"seq":"147","sqcand":"140000638832","n":"40456","nm":"ROBSON FREITAS","cc":"PSB","nv":" ","e":"n","st":"N\u00e3o eleito","dvt":"V\u00e1lido","vap":"81","pvap":"   0,31"},{"seq":"212","sqcand":"140001094881","n":"77700","nm":"BALETE","cc":"SOLIDARIEDADE","nv":" ","e":"n","st":"N\u00e3o eleito","dvt":"V\u00e1lido","vap":"12","pvap":"   0,05"},{"seq":"215","sqcand":"140000913362","n":"14245","nm":"ZAGALO","cc":"PTB","nv":" ","e":"n","st":"N\u00e3o eleito","dvt":"V\u00e1lido","vap":"11","pvap":"   0,04"},{"seq":"103","sqcand":"140000638825","n":"27999","nm":"OT\u00c1VIO","cc":"DC","nv":" ","e":"n","st":"Suplente","dvt":"V\u00e1lido","vap":"13","pvap":"   0,05"},{"seq":"62","sqcand":"140000641426","n":"12111","nm":"PEZ\u00c3O DA CALIF\u00d3RNIA","cc":"PDT","nv":" ","e":"n","st":"Suplente","dvt":"V\u00e1lido","vap":"75","pvap":"   0,29"},{"seq":"105","sqcand":"140000674929","n":"25000","nm":"LOURO DO JORNAL","cc":"DEM","nv":" ","e":"n","st":"Suplente","dvt":"V\u00e1lido","vap":"12","pvap":"   0,05"},{"seq":"93","sqcand":"140000674873","n":"22022","nm":"JO\u00c3O TIAZINHA","cc":"PL","nv":" ","e":"n","st":"Suplente","dvt":"V\u00e1lido","vap":"28","pvap":"   0,11"},{"seq":"34","sqcand":"140000674868","n":"22222","nm":"NEG\u00c3O DO FUTSAL","cc":"PL","nv":" ","e":"n","st":"Suplente","dvt":"V\u00e1lido","vap":"204","pvap":"   0,79"},{"seq":"189","sqcand":"140001172320","n":"23777","nm":"JULIANA DUARTE","cc":"CIDADANIA","nv":" ","e":"n","st":"N\u00e3o eleito","dvt":"V\u00e1lido","vap":"21","pvap":"   0,08"},{"seq":"179","sqcand":"140001237124","n":"90000","nm":"CELSO MOTORISTA","cc":"PROS","nv":" ","e":"n","st":"N\u00e3o eleito","dvt":"V\u00e1lido","vap":"32","pvap":"   0,12"},{"seq":"208","sqcand":"140001094887","n":"77765","nm":"REGIS DO PIONEIRO","cc":"SOLIDARIEDADE","nv":" ","e":"n","st":"N\u00e3o eleito","dvt":"V\u00e1lido","vap":"13","pvap":"   0,05"},{"seq":"112","sqcand":"140000881455","n":"15007","nm":"POP LANCHE","cc":"MDB","nv":" ","e":"n","st":"Suplente","dvt":"V\u00e1lido","vap":"6","pvap":"   0,02"},{"seq":"227","sqcand":"140001237125","n":"90007","nm":"JUAREZ DO CUIARANA","cc":"PROS","nv":" ","e":"n","st":"N\u00e3o eleito","dvt":"V\u00e1lido","vap":"6","pvap":"   0,02"},{"seq":"183","sqcand":"140001104756","n":"43456","nm":"PACO","cc":"PV","nv":" ","e":"n","st":"N\u00e3o eleito","dvt":"V\u00e1lido","vap":"28","pvap":"   0,11"},{"seq":"67","sqcand":"140001171034","n":"19222","nm":"DALILA FRANCO","cc":"PODE","nv":" ","e":"n","st":"Suplente","dvt":"V\u00e1lido","vap":"71","pvap":"   0,27"},{"seq":"194","sqcand":"140000638836","n":"40000","nm":"S\u00c9RGIO MAUR\u00cdCIO","cc":"PSB","nv":" ","e":"n","st":"N\u00e3o eleito","dvt":"V\u00e1lido","vap":"18","pvap":"   0,07"},{"seq":"58","sqcand":"140000881456","n":"15555","nm":"MAURICO BOTELHO","cc":"MDB","nv":" ","e":"n","st":"Suplente","dvt":"V\u00e1lido","vap":"83","pvap":"   0,32"},{"seq":"186","sqcand":"140001104758","n":"43333","nm":"YURI DO ATALAIA","cc":"PV","nv":" ","e":"n","st":"N\u00e3o eleito","dvt":"Anulado sub judice","vap":"26","pvap":"   0,10"},{"seq":"37","sqcand":"140001262613","n":"19678","nm":"LEANDRO CABELUDO","cc":"PODE","nv":" ","e":"n","st":"Suplente","dvt":"V\u00e1lido","vap":"198","pvap":"   0,76"},{"seq":"12","sqcand":"140000638811","n":"27222","nm":"TONH\u00c3O","cc":"DC","nv":" ","e":"s","st":"Eleito","dvt":"V\u00e1lido","vap":"305","pvap":"   1,18"},{"seq":"3","sqcand":"140000674917","n":"25222","nm":"VERINHA","cc":"DEM","nv":" ","e":"s","st":"Eleito","dvt":"V\u00e1lido","vap":"545","pvap":"   2,10"},{"seq":"84","sqcand":"140000674939","n":"10244","nm":"MARQUINHO","cc":"REPUBLICANOS","nv":" ","e":"n","st":"Suplente","dvt":"V\u00e1lido","vap":"44","pvap":"   0,17"},{"seq":"65","sqcand":"140000674874","n":"22101","nm":"NINA","cc":"PL","nv":" ","e":"n","st":"Suplente","dvt":"V\u00e1lido","vap":"73","pvap":"   0,28"},{"seq":"99","sqcand":"140000641432","n":"12567","nm":"NEG\u00c3O DA ENSEADA","cc":"PDT","nv":" ","e":"n","st":"Suplente","dvt":"V\u00e1lido","vap":"18","pvap":"   0,07"},{"seq":"114","sqcand":"140000641429","n":"12888","nm":"SALOM\u00c3O DO SESSENTA","cc":"PDT","nv":" ","e":"n","st":"Suplente","dvt":"V\u00e1lido","vap":"5","pvap":"   0,02"},{"seq":"119","sqcand":"140000674947","n":"10112","nm":"IRENE","cc":"REPUBLICANOS","nv":" ","e":"n","st":"Suplente","dvt":"V\u00e1lido","vap":"0","pvap":"00.00"},{"seq":"90","sqcand":"140001262617","n":"19777","nm":"LUCIANO DO SAMARATE","cc":"PODE","nv":" ","e":"n","st":"Suplente","dvt":"V\u00e1lido","vap":"31","pvap":"   0,12"},{"seq":"165","sqcand":"140001094882","n":"77888","nm":"ELDEN COREL","cc":"SOLIDARIEDADE","nv":" ","e":"n","st":"N\u00e3o eleito","dvt":"V\u00e1lido","vap":"48","pvap":"   0,19"},{"seq":"101","sqcand":"140001171030","n":"19579","nm":"CLAUDIA LOBATO","cc":"PODE","nv":" ","e":"n","st":"Suplente","dvt":"V\u00e1lido","vap":"16","pvap":"   0,06"},{"seq":"24","sqcand":"140000638815","n":"27234","nm":"LEANDRO VIDAL","cc":"DC","nv":" ","e":"n","st":"Suplente","dvt":"V\u00e1lido","vap":"285","pvap":"   1,10"},{"seq":"9","sqcand":"140000881465","n":"15789","nm":"DALTE","cc":"MDB","nv":" ","e":"s","st":"Eleito","dvt":"V\u00e1lido","vap":"356","pvap":"   1,37"},{"seq":"219","sqcand":"140000946880","n":"17333","nm":"GILMAR DIAS","cc":"PSL","nv":" ","e":"n","st":"N\u00e3o eleito","dvt":"V\u00e1lido","vap":"9","pvap":"   0,03"},{"seq":"229","sqcand":"140000638830","n":"40777","nm":"GILBERTO","cc":"PSB","nv":" ","e":"n","st":"N\u00e3o eleito","dvt":"V\u00e1lido","vap":"5","pvap":"   0,02"},{"seq":"35","sqcand":"140000881449","n":"15220","nm":"TATI XAVIER","cc":"MDB","nv":" ","e":"n","st":"Suplente","dvt":"V\u00e1lido","vap":"204","pvap":"   0,79"},{"seq":"64","sqcand":"140000674923","n":"25251","nm":"LERECO","cc":"DEM","nv":" ","e":"n","st":"Suplente","dvt":"V\u00e1lido","vap":"73","pvap":"   0,28"},{"seq":"111","sqcand":"140000674935","n":"10111","nm":"ARLETE","cc":"REPUBLICANOS","nv":" ","e":"n","st":"Suplente","dvt":"V\u00e1lido","vap":"7","pvap":"   0,03"},{"seq":"149","sqcand":"140000913359","n":"14181","nm":"NALDO MOTO TAXI","cc":"PTB","nv":" ","e":"n","st":"N\u00e3o eleito","dvt":"V\u00e1lido","vap":"78","pvap":"   0,30"},{"seq":"204","sqcand":"140001172333","n":"23033","nm":"ELIZA COSTA","cc":"CIDADANIA","nv":" ","e":"n","st":"N\u00e3o eleito","dvt":"V\u00e1lido","vap":"15","pvap":"   0,06"},{"seq":"73","sqcand":"140000638827","n":"27162","nm":"LUZIF\u00c1TIMA","cc":"DC","nv":" ","e":"n","st":"Suplente","dvt":"V\u00e1lido","vap":"57","pvap":"   0,22"},{"seq":"196","sqcand":"140001237130","n":"90888","nm":"FABRICIO DO SAL","cc":"PROS","nv":" ","e":"n","st":"N\u00e3o eleito","dvt":"V\u00e1lido","vap":"18","pvap":"   0,07"},{"seq":"131","sqcand":"140000913368","n":"14222","nm":"CARL\u00c3O CASEIRO","cc":"PTB","nv":" ","e":"n","st":"N\u00e3o eleito","dvt":"V\u00e1lido","vap":"153","pvap":"   0,59"},{"seq":"32","sqcand":"140000638810","n":"27500","nm":"BEBEL PORTO GRANDE","cc":"DC","nv":" ","e":"n","st":"Suplente","dvt":"V\u00e1lido","vap":"214","pvap":"   0,83"},{"seq":"202","sqcand":"140001237120","n":"90777","nm":"PAULO ANTONINI","cc":"PROS","nv":" ","e":"n","st":"N\u00e3o eleito","dvt":"V\u00e1lido","vap":"16","pvap":"   0,06"},{"seq":"144","sqcand":"140000913358","n":"14567","nm":"RONALDO NOBREGA COCADA SUPREMA","cc":"PTB","nv":" ","e":"n","st":"N\u00e3o eleito","dvt":"V\u00e1lido","vap":"84","pvap":"   0,32"},{"seq":"218","sqcand":"140001168292","n":"13023","nm":"ZACARIAS TEIXEIRA","cc":"PT","nv":" ","e":"n","st":"N\u00e3o eleito","dvt":"V\u00e1lido","vap":"9","pvap":"   0,03"},{"seq":"1","sqcand":"140000674876","n":"22555","nm":"ROBERTA GAIA","cc":"PL","nv":" ","e":"s","st":"Eleito","dvt":"V\u00e1lido","vap":"833","pvap":"   3,21"},{"seq":"157","sqcand":"140000913361","n":"14444","nm":"LEMBREIA","cc":"PTB","nv":" ","e":"n","st":"N\u00e3o eleito","dvt":"V\u00e1lido","vap":"58","pvap":"   0,22"},{"seq":"70","sqcand":"140000674881","n":"22013","nm":"PROFESSORA MIRELLA","cc":"PL","nv":" ","e":"n","st":"Suplente","dvt":"V\u00e1lido","vap":"63","pvap":"   0,24"},{"seq":"31","sqcand":"140000674941","n":"10100","nm":"PROFESSOR LUCIANO","cc":"REPUBLICANOS","nv":" ","e":"n","st":"Suplente","dvt":"V\u00e1lido","vap":"233","pvap":"   0,90"},{"seq":"79","sqcand":"140000641424","n":"12222","nm":"RAIMUNDA ALENCAR","cc":"PDT","nv":" ","e":"n","st":"Suplente","dvt":"V\u00e1lido","vap":"46","pvap":"   0,18"},{"seq":"107","sqcand":"140000641417","n":"12777","nm":"CANSAN\u00c7\u00c3O","cc":"PDT","nv":" ","e":"n","st":"Suplente","dvt":"V\u00e1lido","vap":"9","pvap":"   0,03"},{"seq":"47","sqcand":"140000674934","n":"10888","nm":"GILSON SERRA","cc":"REPUBLICANOS","nv":" ","e":"n","st":"Suplente","dvt":"V\u00e1lido","vap":"148","pvap":"   0,57"},{"seq":"211","sqcand":"140000913365","n":"14000","nm":"LIDIANE","cc":"PTB","nv":" ","e":"n","st":"N\u00e3o eleito","dvt":"V\u00e1lido","vap":"12","pvap":"   0,05"},{"seq":"75","sqcand":"140000881451","n":"15333","nm":"MARROM","cc":"MDB","nv":" ","e":"n","st":"Suplente","dvt":"V\u00e1lido","vap":"54","pvap":"   0,21"},{"seq":"57","sqcand":"140000674877","n":"22200","nm":"PROFESSOR EDIVALDO GUIMAR\u00c3ES","cc":"PL","nv":" ","e":"n","st":"Suplente","dvt":"V\u00e1lido","vap":"84","pvap":"   0,32"},{"seq":"143","sqcand":"140001104753","n":"43000","nm":"BRENO NAVARRO DA ILHA DE JAVA","cc":"PV","nv":" ","e":"n","st":"N\u00e3o eleito","dvt":"V\u00e1lido","vap":"87","pvap":"   0,34"},{"seq":"164","sqcand":"140001104764","n":"43111","nm":"CHIC\u00c3O","cc":"PV","nv":" ","e":"n","st":"N\u00e3o eleito","dvt":"V\u00e1lido","vap":"49","pvap":"   0,19"},{"seq":"66","sqcand":"140000641434","n":"12555","nm":"MARIA JOS\u00c9","cc":"PDT","nv":" ","e":"n","st":"Suplente","dvt":"V\u00e1lido","vap":"72","pvap":"   0,28"},{"seq":"148","sqcand":"140001246494","n":"20020","nm":"JARDEL SILVA","cc":"PSC","nv":" ","e":"n","st":"N\u00e3o eleito","dvt":"V\u00e1lido","vap":"80","pvap":"   0,31"},{"seq":"180","sqcand":"140001104754","n":"43444","nm":"VALTINHO","cc":"PV","nv":" ","e":"n","st":"N\u00e3o eleito","dvt":"V\u00e1lido","vap":"32","pvap":"   0,12"},{"seq":"72","sqcand":"140000881463","n":"15678","nm":"PEDRINHO","cc":"MDB","nv":" ","e":"n","st":"Suplente","dvt":"V\u00e1lido","vap":"59","pvap":"   0,23"},{"seq":"83","sqcand":"140000881460","n":"15606","nm":"GILSON BARROS","cc":"MDB","nv":" ","e":"n","st":"Suplente","dvt":"V\u00e1lido","vap":"44","pvap":"   0,17"},{"seq":"50","sqcand":"140001171035","n":"19456","nm":"LENO DO S\u00c3O GERALDO","cc":"PODE","nv":" ","e":"n","st":"Suplente","dvt":"V\u00e1lido","vap":"133","pvap":"   0,51"},{"seq":"68","sqcand":"140000674920","n":"25888","nm":"ILSINHO","cc":"DEM","nv":" ","e":"n","st":"Suplente","dvt":"V\u00e1lido","vap":"67","pvap":"   0,26"},{"seq":"117","sqcand":"140000674921","n":"25105","nm":"ROZILENE SILVA","cc":"DEM","nv":" ","e":"n","st":"Suplente","dvt":"V\u00e1lido","vap":"0","pvap":"00.00"},{"seq":"141","sqcand":"140001010779","n":"55100","nm":"ERIKI DA CERPA","cc":"PSD","nv":" ","e":"n","st":"N\u00e3o eleito","dvt":"V\u00e1lido","vap":"92","pvap":"   0,35"},{"seq":"216","sqcand":"140001104755","n":"43555","nm":"IRM\u00c3 JUCILENE","cc":"PV","nv":" ","e":"n","st":"N\u00e3o eleito","dvt":"V\u00e1lido","vap":"11","pvap":"   0,04"},{"seq":"82","sqcand":"140000674922","n":"25101","nm":"ANTONIO DO TREVO","cc":"DEM","nv":" ","e":"n","st":"Suplente","dvt":"V\u00e1lido","vap":"45","pvap":"   0,17"},{"seq":"213","sqcand":"140001094880","n":"77717","nm":"LUCIA DA AMERICA","cc":"SOLIDARIEDADE","nv":" ","e":"n","st":"N\u00e3o eleito","dvt":"V\u00e1lido","vap":"12","pvap":"   0,05"},{"seq":"10","sqcand":"140000674931","n":"10333","nm":"ERON","cc":"REPUBLICANOS","nv":" ","e":"s","st":"Eleito","dvt":"V\u00e1lido","vap":"339","pvap":"   1,31"},{"seq":"97","sqcand":"140000641419","n":"12300","nm":"CARLOS DA FEIRA BOM JESUS","cc":"PDT","nv":" ","e":"n","st":"Suplente","dvt":"V\u00e1lido","vap":"22","pvap":"   0,08"},{"seq":"200","sqcand":"140001104765","n":"43123","nm":"NARIZ","cc":"PV","nv":" ","e":"n","st":"N\u00e3o eleito","dvt":"V\u00e1lido","vap":"16","pvap":"   0,06"},{"seq":"217","sqcand":"140001237128","n":"90001","nm":"ARLEN TOSTTY","cc":"PROS","nv":" ","e":"n","st":"N\u00e3o eleito","dvt":"V\u00e1lido","vap":"10","pvap":"   0,04"},{"seq":"163","sqcand":"140001104760","n":"43637","nm":"PRISCILA DIAS","cc":"PV","nv":" ","e":"n","st":"N\u00e3o eleito","dvt":"V\u00e1lido","vap":"49","pvap":"   0,19"},{"seq":"6","sqcand":"140000638816","n":"27000","nm":"NALDO DO A\u00c7A\u00cd","cc":"DC","nv":" ","e":"s","st":"Eleito","dvt":"V\u00e1lido","vap":"482","pvap":"   1,86"},{"seq":"132","sqcand":"140001010775","n":"55015","nm":"TONH\u00c3O DO GERALD\u00c3O","cc":"PSD","nv":" ","e":"n","st":"N\u00e3o eleito","dvt":"V\u00e1lido","vap":"147","pvap":"   0,57"},{"seq":"69","sqcand":"140001171039","n":"19190","nm":"RICARDO COCO","cc":"PODE","nv":" ","e":"n","st":"Suplente","dvt":"V\u00e1lido","vap":"64","pvap":"   0,25"},{"seq":"177","sqcand":"140001094877","n":"77999","nm":"POP DO S\u00c3O BENTO","cc":"SOLIDARIEDADE","nv":" ","e":"n","st":"N\u00e3o eleito","dvt":"V\u00e1lido","vap":"33","pvap":"   0,13"},{"seq":"238","sqcand":"140000946884","n":"17555","nm":"THAYANA","cc":"PSL","nv":" ","e":"n","st":"N\u00e3o eleito","dvt":"V\u00e1lido","vap":"0","pvap":"00.00"},{"seq":"108","sqcand":"140000881452","n":"15015","nm":"EDIANA","cc":"MDB","nv":" ","e":"n","st":"Suplente","dvt":"V\u00e1lido","vap":"7","pvap":"   0,03"},{"seq":"80","sqcand":"140001171032","n":"19555","nm":"WILMA DA RECICLAGEM","cc":"PODE","nv":" ","e":"n","st":"Suplente","dvt":"V\u00e1lido","vap":"46","pvap":"   0,18"},{"seq":"221","sqcand":"140001172323","n":"23006","nm":"JANIA CONFEITEIRA","cc":"CIDADANIA","nv":" ","e":"n","st":"N\u00e3o eleito","dvt":"V\u00e1lido","vap":"8","pvap":"   0,03"},{"seq":"74","sqcand":"140000674875","n":"22007","nm":"PATRICK CORREA","cc":"PL","nv":" ","e":"n","st":"Suplente","dvt":"V\u00e1lido","vap":"57","pvap":"   0,22"},{"seq":"151","sqcand":"140000913363","n":"14111","nm":"GILMAR DO SINDICATO","cc":"PTB","nv":" ","e":"n","st":"N\u00e3o eleito","dvt":"V\u00e1lido","vap":"74","pvap":"   0,29"},{"seq":"71","sqcand":"140000674871","n":"22777","nm":"MARCELO SEGURAN\u00c7A","cc":"PL","nv":" ","e":"n","st":"Suplente","dvt":"V\u00e1lido","vap":"60","pvap":"   0,23"},{"seq":"240","sqcand":"140001237129","n":"90010","nm":"EMILY DE PAULA","cc":"PROS","nv":" ","e":"n","st":"N\u00e3o eleito","dvt":"V\u00e1lido","vap":"0","pvap":"00.00"},{"seq":"234","sqcand":"140000946882","n":"17222","nm":"CAROLINE","cc":"PSL","nv":" ","e":"n","st":"N\u00e3o eleito","dvt":"V\u00e1lido","vap":"3","pvap":"   0,01"},{"seq":"51","sqcand":"140000881448","n":"15456","nm":"GATO DO FAROL VELHO","cc":"MDB","nv":" ","e":"n","st":"Suplente","dvt":"V\u00e1lido","vap":"121","pvap":"   0,47"},{"seq":"203","sqcand":"140000638831","n":"40333","nm":"JAIANE N\u00d3BREGA","cc":"PSB","nv":" ","e":"n","st":"N\u00e3o eleito","dvt":"V\u00e1lido","vap":"15","pvap":"   0,06"},{"seq":"81","sqcand":"140000881454","n":"15125","nm":"IRENE FONSECA","cc":"MDB","nv":" ","e":"n","st":"Suplente","dvt":"V\u00e1lido","vap":"46","pvap":"   0,18"},{"seq":"52","sqcand":"140001171031","n":"19123","nm":"DANIEL DO HOSPITAL","cc":"PODE","nv":" ","e":"n","st":"Suplente","dvt":"V\u00e1lido","vap":"114","pvap":"   0,44"},{"seq":"195","sqcand":"140001246495","n":"20777","nm":"ARNALDO NUNES","cc":"PSC","nv":" ","e":"n","st":"N\u00e3o eleito","dvt":"V\u00e1lido","vap":"18","pvap":"   0,07"},{"seq":"94","sqcand":"140000881450","n":"15111","nm":"ELIELTON SALINAS","cc":"MDB","nv":" ","e":"n","st":"Suplente","dvt":"V\u00e1lido","vap":"27","pvap":"   0,10"},{"seq":"169","sqcand":"140001168293","n":"13003","nm":"LIBNI BRITO","cc":"PT","nv":" ","e":"n","st":"N\u00e3o eleito","dvt":"V\u00e1lido","vap":"44","pvap":"   0,17"},{"seq":"233","sqcand":"140000946876","n":"17456","nm":"RODRIGUES","cc":"PSL","nv":" ","e":"n","st":"N\u00e3o eleito","dvt":"V\u00e1lido","vap":"3","pvap":"   0,01"},{"seq":"91","sqcand":"140000674925","n":"25127","nm":"EDSON","cc":"DEM","nv":" ","e":"n","st":"Suplente","dvt":"V\u00e1lido","vap":"30","pvap":"   0,12"},{"seq":"106","sqcand":"140000674936","n":"10120","nm":"PASTOR HELY PIMENTEL","cc":"REPUBLICANOS","nv":" ","e":"n","st":"Suplente","dvt":"V\u00e1lido","vap":"11","pvap":"   0,04"},{"seq":"174","sqcand":"140001104759","n":"43777","nm":"MARLENE DA MOTINHO","cc":"PV","nv":" ","e":"n","st":"N\u00e3o eleito","dvt":"V\u00e1lido","vap":"35","pvap":"   0,13"},{"seq":"145","sqcand":"140000638834","n":"40179","nm":"CLEYBSON","cc":"PSB","nv":" ","e":"n","st":"N\u00e3o eleito","dvt":"V\u00e1lido","vap":"84","pvap":"   0,32"},{"seq":"61","sqcand":"140000641425","n":"12444","nm":"JOELSAT","cc":"PDT","nv":" ","e":"n","st":"Suplente","dvt":"V\u00e1lido","vap":"77","pvap":"   0,30"},{"seq":"21","sqcand":"140000674927","n":"25111","nm":"MACHADINHO","cc":"DEM","nv":" ","e":"n","st":"Suplente","dvt":"V\u00e1lido","vap":"306","pvap":"   1,18"},{"seq":"95","sqcand":"140000881447","n":"15234","nm":"IRM\u00c3O BEN\u00c7\u00c3O","cc":"MDB","nv":" ","e":"n","st":"Suplente","dvt":"V\u00e1lido","vap":"23","pvap":"   0,09"},{"seq":"150","sqcand":"140000638835","n":"40123","nm":"GERINHO SALINAS","cc":"PSB","nv":" ","e":"n","st":"N\u00e3o eleito","dvt":"V\u00e1lido","vap":"75","pvap":"   0,29"},{"seq":"158","sqcand":"140001172329","n":"23057","nm":"SONIA MAIA","cc":"CIDADANIA","nv":" ","e":"n","st":"N\u00e3o eleito","dvt":"V\u00e1lido","vap":"56","pvap":"   0,22"},{"seq":"198","sqcand":"140001094885","n":"77777","nm":"ALVARO BRAGA","cc":"SOLIDARIEDADE","nv":" ","e":"n","st":"N\u00e3o eleito","dvt":"V\u00e1lido","vap":"17","pvap":"   0,07"},{"seq":"134","sqcand":"140001170323","n":"20123","nm":"PAULO CASTELO BRANCO","cc":"PSC","nv":" ","e":"n","st":"N\u00e3o eleito","dvt":"V\u00e1lido","vap":"143","pvap":"   0,55"},{"seq":"152","sqcand":"140000638837","n":"40222","nm":"EDI POP","cc":"PSB","nv":" ","e":"n","st":"N\u00e3o eleito","dvt":"V\u00e1lido","vap":"74","pvap":"   0,29"},{"seq":"96","sqcand":"140000881457","n":"15222","nm":"BOSAL MOTOTAXI","cc":"MDB","nv":" ","e":"n","st":"Suplente","dvt":"V\u00e1lido","vap":"23","pvap":"   0,09"},{"seq":"118","sqcand":"140000674932","n":"10900","nm":"ROSE CUNHA","cc":"REPUBLICANOS","nv":" ","e":"n","st":"Suplente","dvt":"V\u00e1lido","vap":"0","pvap":"00.00"},{"seq":"98","sqcand":"140000674880","n":"22678","nm":"PIMP\u00c3O","cc":"PL","nv":" ","e":"n","st":"Suplente","dvt":"V\u00e1lido","vap":"18","pvap":"   0,07"},{"seq":"115","sqcand":"140000638814","n":"27888","nm":"IRM\u00c3 SAMARA","cc":"DC","nv":" ","e":"n","st":"Suplente","dvt":"V\u00e1lido","vap":"2","pvap":"   0,01"},{"seq":"155","sqcand":"140001170327","n":"20789","nm":"ALAN DIOGO","cc":"PSC","nv":" ","e":"n","st":"N\u00e3o eleito","dvt":"V\u00e1lido","vap":"63","pvap":"   0,24"},{"seq":"38","sqcand":"140000674867","n":"22111","nm":"PEDR\u00c3O","cc":"PL","nv":" ","e":"n","st":"Suplente","dvt":"V\u00e1lido","vap":"196","pvap":"   0,76"},{"seq":"13","sqcand":"140001171033","n":"19345","nm":"MARCELO PINHEIRO","cc":"PODE","nv":" ","e":"s","st":"Eleito","dvt":"V\u00e1lido","vap":"220","pvap":"   0,85"},{"seq":"28","sqcand":"140000638821","n":"27777","nm":"EDNALDO MELO","cc":"DC","nv":" ","e":"n","st":"Suplente","dvt":"V\u00e1lido","vap":"243","pvap":"   0,94"},{"seq":"123","sqcand":"140001010774","n":"55555","nm":"ROBERTA BARATA","cc":"PSD","nv":" ","e":"n","st":"N\u00e3o eleito","dvt":"V\u00e1lido","vap":"264","pvap":"   1,02"},{"seq":"166","sqcand":"140001094888","n":"77222","nm":"DAVID NASCIMENTO","cc":"SOLIDARIEDADE","nv":" ","e":"n","st":"N\u00e3o eleito","dvt":"V\u00e1lido","vap":"46","pvap":"   0,18"},{"seq":"14","sqcand":"140000674884","n":"22045","nm":"Z\u00c9 DE HOMERO","cc":"PL","nv":" ","e":"n","st":"Suplente","dvt":"V\u00e1lido","vap":"467","pvap":"   1,80"}]}
