{"ele":"426","tpabr":"mu","cdabr":"05339","carper":"13","t":"1","f":"o","dt":"15/11/2020","ht":"22:12:56","dv":"s","tf":"s","v":"15","esae":"n","mnae":"","s":"75","st":"75","pst":" 100,00","snt":"0","psnt":"   0,00","si":"75","psi":" 100,00","sni":"0","psni":"   0,00","sa":"75","psa":" 100,00","sna":"0","psna":"   0,00","e":"24532","ea":"24532","pea":" 100,00","ena":"0","pena":"   0,00","esi":"24532","pesi":" 100,00","esni":"0","pesni":"   0,00","c":"18646","pc":"  76,01","a":"5886","pa":"  23,99","vscv":"0","vnom":"17094","vl":"991","pvnom":"  94,52","pvl":"   5,48","vvc":"18085","pvvc":"  96,99","vb":"128","pvb":"   0,69","tvn":"433","ptvn":"   2,32","vn":"432","pvn":"  99,77","vnt":"1","pvnt":"   0,23","vp":"0","pvp":"   0,00","vv":"18085","pvv":" 100,00","van":"0","pvan":"   0,00","vansj":"0","pvansj":"   0,00","tv":"18646","cand":[{"seq":"115","sqcand":"140001229987","n":"55333","nm":"LOURIAL ELETRICISTA","cc":"PSD","nv":" ","e":"n","st":"Suplente","dvt":"V\u00e1lido","vap":"16","pvap":"   0,09"},{"seq":"11","sqcand":"140001229997","n":"55555","nm":"FERNANDINHO DE NOVA BARREIRA","cc":"PSD","nv":" ","e":"s","st":"Eleito","dvt":"V\u00e1lido","vap":"322","pvap":"   1,78"},{"seq":"67","sqcand":"140001229994","n":"55000","nm":"POUL DA TECMAQ","cc":"PSD","nv":" ","e":"n","st":"Suplente","dvt":"V\u00e1lido","vap":"59","pvap":"   0,33"},{"seq":"153","sqcand":"140000864733","n":"40321","nm":"FERNANDO SOUSA","cc":"PSB","nv":" ","e":"n","st":"N\u00e3o eleito","dvt":"V\u00e1lido","vap":"7","pvap":"   0,04"},{"seq":"106","sqcand":"140000802357","n":"23456","nm":"CARMEM","cc":"CIDADANIA","nv":" ","e":"n","st":"Suplente","dvt":"V\u00e1lido","vap":"22","pvap":"   0,12"},{"seq":"101","sqcand":"140000863271","n":"14520","nm":"PAUL\u00c3O DO PAU BRASIL","cc":"PTB","nv":" ","e":"n","st":"Suplente","dvt":"V\u00e1lido","vap":"27","pvap":"   0,15"},{"seq":"10","sqcand":"140000802626","n":"22223","nm":"NAILMA AQUINO","cc":"PL","nv":" ","e":"s","st":"Eleito","dvt":"V\u00e1lido","vap":"347","pvap":"   1,92"},{"seq":"107","sqcand":"140000863705","n":"25035","nm":"MARQUINHO","cc":"DEM","nv":" ","e":"n","st":"Suplente","dvt":"V\u00e1lido","vap":"21","pvap":"   0,12"},{"seq":"96","sqcand":"140001229991","n":"55707","nm":"GILISMAR TAVARES","cc":"PSD","nv":" ","e":"n","st":"Suplente","dvt":"V\u00e1lido","vap":"33","pvap":"   0,18"},{"seq":"128","sqcand":"140000764206","n":"10777","nm":"IRAIDES REIS","cc":"REPUBLICANOS","nv":" ","e":"n","st":"Suplente","dvt":"V\u00e1lido","vap":"6","pvap":"   0,03"},{"seq":"86","sqcand":"140001229990","n":"55655","nm":"PASTOR ADEILDO FELICIANO","cc":"PSD","nv":" ","e":"n","st":"Suplente","dvt":"V\u00e1lido","vap":"40","pvap":"   0,22"},{"seq":"155","sqcand":"140000864735","n":"40323","nm":"ROBERTO VICENTE","cc":"PSB","nv":" ","e":"n","st":"N\u00e3o eleito","dvt":"V\u00e1lido","vap":"6","pvap":"   0,03"},{"seq":"29","sqcand":"140001228760","n":"15115","nm":"JUNINHO DO CEAR\u00c1","cc":"MDB","nv":" ","e":"n","st":"Suplente","dvt":"V\u00e1lido","vap":"201","pvap":"   1,11"},{"seq":"52","sqcand":"140001229988","n":"55155","nm":"ALESSANDRO DA MARCENARIA","cc":"PSD","nv":" ","e":"n","st":"Suplente","dvt":"V\u00e1lido","vap":"92","pvap":"   0,51"},{"seq":"147","sqcand":"140000864727","n":"40123","nm":"DANIEL LACERDA","cc":"PSB","nv":" ","e":"n","st":"N\u00e3o eleito","dvt":"V\u00e1lido","vap":"44","pvap":"   0,24"},{"seq":"144","sqcand":"140000864729","n":"40140","nm":"CURICA","cc":"PSB","nv":" ","e":"n","st":"N\u00e3o eleito","dvt":"V\u00e1lido","vap":"94","pvap":"   0,52"},{"seq":"159","sqcand":"140000864726","n":"40789","nm":"LUCIANA DA BOM PRE\u00c7O","cc":"PSB","nv":" ","e":"n","st":"N\u00e3o eleito","dvt":"V\u00e1lido","vap":"0","pvap":"00.00"},{"seq":"7","sqcand":"140000802360","n":"23123","nm":"ANDOCHA","cc":"CIDADANIA","nv":" ","e":"s","st":"Eleito","dvt":"V\u00e1lido","vap":"448","pvap":"   2,48"},{"seq":"39","sqcand":"140001228758","n":"15501","nm":"FL\u00c1VIO NEG\u00c3O","cc":"MDB","nv":" ","e":"n","st":"Suplente","dvt":"V\u00e1lido","vap":"161","pvap":"   0,89"},{"seq":"139","sqcand":"140000863269","n":"14112","nm":"TONH\u00c3O VALENTE","cc":"PTB","nv":" ","e":"n","st":"Suplente","dvt":"V\u00e1lido","vap":"0","pvap":"00.00"},{"seq":"22","sqcand":"140000863706","n":"25111","nm":"WILSINHO","cc":"DEM","nv":" ","e":"n","st":"Suplente","dvt":"V\u00e1lido","vap":"289","pvap":"   1,60"},{"seq":"27","sqcand":"140000802361","n":"23789","nm":"PAULO SANTOS","cc":"CIDADANIA","nv":" ","e":"n","st":"Suplente","dvt":"V\u00e1lido","vap":"214","pvap":"   1,18"},{"seq":"64","sqcand":"140000863700","n":"25100","nm":"PASTOR SEBA","cc":"DEM","nv":" ","e":"n","st":"Suplente","dvt":"V\u00e1lido","vap":"62","pvap":"   0,34"},{"seq":"109","sqcand":"140000802630","n":"22321","nm":"QUEZIA DA BORRACHARIA","cc":"PL","nv":" ","e":"n","st":"Suplente","dvt":"V\u00e1lido","vap":"20","pvap":"   0,11"},{"seq":"73","sqcand":"140001229985","n":"55111","nm":"PROFESSORA SUELI","cc":"PSD","nv":" ","e":"n","st":"Suplente","dvt":"V\u00e1lido","vap":"53","pvap":"   0,29"},{"seq":"110","sqcand":"140000764191","n":"10123","nm":"BALA CABELEREIRO","cc":"REPUBLICANOS","nv":" ","e":"n","st":"Suplente","dvt":"V\u00e1lido","vap":"20","pvap":"   0,11"},{"seq":"48","sqcand":"140000802628","n":"22333","nm":"EZEQUIAS GENTE DA GENTE","cc":"PL","nv":" ","e":"n","st":"Suplente","dvt":"V\u00e1lido","vap":"99","pvap":"   0,55"},{"seq":"156","sqcand":"140000864736","n":"40565","nm":"ANDREA DA FARMACIA","cc":"PSB","nv":" ","e":"n","st":"N\u00e3o eleito","dvt":"V\u00e1lido","vap":"5","pvap":"   0,03"},{"seq":"134","sqcand":"140000863286","n":"14777","nm":"TELMA MILHOMEM","cc":"PTB","nv":" ","e":"n","st":"Suplente","dvt":"V\u00e1lido","vap":"3","pvap":"   0,02"},{"seq":"16","sqcand":"140000863708","n":"25025","nm":"ZEZINHO DE BRAS\u00cdLIA","cc":"DEM","nv":" ","e":"n","st":"Suplente","dvt":"V\u00e1lido","vap":"371","pvap":"   2,05"},{"seq":"80","sqcand":"140001228766","n":"15789","nm":"PASTOR EDSON RESENDE","cc":"MDB","nv":" ","e":"n","st":"Suplente","dvt":"V\u00e1lido","vap":"44","pvap":"   0,24"},{"seq":"140","sqcand":"140000863279","n":"14020","nm":"ILDA FURAC\u00c3O","cc":"PTB","nv":" ","e":"n","st":"Suplente","dvt":"V\u00e1lido","vap":"0","pvap":"00.00"},{"seq":"12","sqcand":"140001228748","n":"15150","nm":"ROSA M\u00d4NICA","cc":"MDB","nv":" ","e":"s","st":"Eleito","dvt":"V\u00e1lido","vap":"309","pvap":"   1,71"},{"seq":"121","sqcand":"140000863274","n":"14125","nm":"GLEDSON SANTOS ","cc":"PTB","nv":" ","e":"n","st":"Suplente","dvt":"V\u00e1lido","vap":"10","pvap":"   0,06"},{"seq":"8","sqcand":"140000802356","n":"23888","nm":"PROFESSOR ALEXANDRE","cc":"CIDADANIA","nv":" ","e":"s","st":"Eleito","dvt":"V\u00e1lido","vap":"378","pvap":"   2,09"},{"seq":"148","sqcand":"140000864734","n":"40222","nm":"CHICO FAVA","cc":"PSB","nv":" ","e":"n","st":"N\u00e3o eleito","dvt":"V\u00e1lido","vap":"29","pvap":"   0,16"},{"seq":"20","sqcand":"140001228768","n":"15125","nm":"TI\u00c3O DA LIMPEZA","cc":"MDB","nv":" ","e":"n","st":"Suplente","dvt":"V\u00e1lido","vap":"308","pvap":"   1,70"},{"seq":"112","sqcand":"140000863697","n":"25321","nm":"VALDIVINO DA SUSSUAPARA","cc":"DEM","nv":" ","e":"n","st":"Suplente","dvt":"V\u00e1lido","vap":"19","pvap":"   0,11"},{"seq":"32","sqcand":"140000802632","n":"22133","nm":"MATRACA","cc":"PL","nv":" ","e":"n","st":"Suplente","dvt":"V\u00e1lido","vap":"192","pvap":"   1,06"},{"seq":"30","sqcand":"140000764195","n":"10789","nm":"BUCHADA","cc":"REPUBLICANOS","nv":" ","e":"n","st":"Suplente","dvt":"V\u00e1lido","vap":"200","pvap":"   1,11"},{"seq":"65","sqcand":"140000863273","n":"14111","nm":"LUZIO DA AMBULANCIA","cc":"PTB","nv":" ","e":"n","st":"Suplente","dvt":"V\u00e1lido","vap":"62","pvap":"   0,34"},{"seq":"3","sqcand":"140000863713","n":"25123","nm":"ELIVANY MARTINS","cc":"DEM","nv":" ","e":"s","st":"Eleito","dvt":"V\u00e1lido","vap":"519","pvap":"   2,87"},{"seq":"33","sqcand":"140000764197","n":"10456","nm":"DIONE DO SOSSEGO","cc":"REPUBLICANOS","nv":" ","e":"n","st":"Suplente","dvt":"V\u00e1lido","vap":"176","pvap":"   0,97"},{"seq":"70","sqcand":"140001228763","n":"15101","nm":"SOUZINHA","cc":"MDB","nv":" ","e":"n","st":"Suplente","dvt":"V\u00e1lido","vap":"55","pvap":"   0,30"},{"seq":"2","sqcand":"140000802634","n":"22221","nm":"SIVALDO DA GLEBA CAJU","cc":"PL","nv":" ","e":"s","st":"Eleito","dvt":"V\u00e1lido","vap":"629","pvap":"   3,48"},{"seq":"104","sqcand":"140000802644","n":"22166","nm":"DINALVA","cc":"PL","nv":" ","e":"n","st":"Suplente","dvt":"V\u00e1lido","vap":"23","pvap":"   0,13"},{"seq":"4","sqcand":"140000863282","n":"14126","nm":"GAGUIM","cc":"PTB","nv":" ","e":"s","st":"Eleito","dvt":"V\u00e1lido","vap":"474","pvap":"   2,62"},{"seq":"114","sqcand":"140001268341","n":"25456","nm":"LUCIANA COUTINHO","cc":"DEM","nv":" ","e":"n","st":"Suplente","dvt":"V\u00e1lido","vap":"17","pvap":"   0,09"},{"seq":"142","sqcand":"140000864732","n":"40111","nm":"DOUGLAS FIXINHA","cc":"PSB","nv":" ","e":"n","st":"N\u00e3o eleito","dvt":"V\u00e1lido","vap":"136","pvap":"   0,75"},{"seq":"37","sqcand":"140001228764","n":"15155","nm":"DULCE","cc":"MDB","nv":" ","e":"n","st":"Suplente","dvt":"V\u00e1lido","vap":"171","pvap":"   0,95"},{"seq":"44","sqcand":"140000802631","n":"22122","nm":"ARYONE DIVULGA\u00c7\u00d5ES","cc":"PL","nv":" ","e":"n","st":"Suplente","dvt":"V\u00e1lido","vap":"115","pvap":"   0,64"},{"seq":"34","sqcand":"140000802639","n":"22444","nm":"BRAZ BESSA","cc":"PL","nv":" ","e":"n","st":"Suplente","dvt":"V\u00e1lido","vap":"175","pvap":"   0,97"},{"seq":"72","sqcand":"140000863710","n":"25013","nm":"NEGO DA AUTO ELETRICA","cc":"DEM","nv":" ","e":"n","st":"Suplente","dvt":"V\u00e1lido","vap":"53","pvap":"   0,29"},{"seq":"13","sqcand":"140000863278","n":"14123","nm":"SARA SOARES","cc":"PTB","nv":" ","e":"s","st":"Eleito","dvt":"V\u00e1lido","vap":"286","pvap":"   1,58"},{"seq":"60","sqcand":"140000863276","n":"14444","nm":"AD\u00c3O LIMA","cc":"PTB","nv":" ","e":"n","st":"Suplente","dvt":"V\u00e1lido","vap":"73","pvap":"   0,40"},{"seq":"21","sqcand":"140000802367","n":"23333","nm":"DAN\u00c7ARINO","cc":"CIDADANIA","nv":" ","e":"n","st":"Suplente","dvt":"V\u00e1lido","vap":"307","pvap":"   1,70"},{"seq":"19","sqcand":"140000802366","n":"23222","nm":"EDSON DO \u00d4NIBUS","cc":"CIDADANIA","nv":" ","e":"n","st":"Suplente","dvt":"V\u00e1lido","vap":"340","pvap":"   1,88"},{"seq":"58","sqcand":"140001230005","n":"55345","nm":"ADELIA DO POVO","cc":"PSD","nv":" ","e":"n","st":"Suplente","dvt":"V\u00e1lido","vap":"82","pvap":"   0,45"},{"seq":"69","sqcand":"140001229996","n":"55456","nm":"FAGNER OLIVEIRA","cc":"PSD","nv":" ","e":"n","st":"Suplente","dvt":"V\u00e1lido","vap":"56","pvap":"   0,31"},{"seq":"90","sqcand":"140000764198","n":"10333","nm":"M\u00d4NICA DA CRISTALINO","cc":"REPUBLICANOS","nv":" ","e":"n","st":"Suplente","dvt":"V\u00e1lido","vap":"38","pvap":"   0,21"},{"seq":"84","sqcand":"140001228756","n":"15123","nm":"BRANCO DA BARREIRA","cc":"MDB","nv":" ","e":"n","st":"Suplente","dvt":"V\u00e1lido","vap":"42","pvap":"   0,23"},{"seq":"43","sqcand":"140001230003","n":"55123","nm":"IVANILSON","cc":"PSD","nv":" ","e":"n","st":"Suplente","dvt":"V\u00e1lido","vap":"123","pvap":"   0,68"},{"seq":"51","sqcand":"140001228755","n":"15100","nm":"ELADIO FILHO","cc":"MDB","nv":" ","e":"n","st":"Suplente","dvt":"V\u00e1lido","vap":"92","pvap":"   0,51"},{"seq":"14","sqcand":"140000764190","n":"10126","nm":"NATAN ALVES","cc":"REPUBLICANOS","nv":" ","e":"s","st":"Eleito","dvt":"V\u00e1lido","vap":"254","pvap":"   1,40"},{"seq":"133","sqcand":"140001230004","n":"55789","nm":"SILVEIRA GOMES CANTOR","cc":"PSD","nv":" ","e":"n","st":"Suplente","dvt":"V\u00e1lido","vap":"3","pvap":"   0,02"},{"seq":"71","sqcand":"140000764204","n":"10100","nm":"PROFESSOR PEDRO","cc":"REPUBLICANOS","nv":" ","e":"n","st":"Suplente","dvt":"V\u00e1lido","vap":"53","pvap":"   0,29"},{"seq":"17","sqcand":"140000863712","n":"25000","nm":"GAUCHO DO PAU BRASIL","cc":"DEM","nv":" ","e":"n","st":"Suplente","dvt":"V\u00e1lido","vap":"353","pvap":"   1,95"},{"seq":"123","sqcand":"140001229986","n":"55166","nm":"NILSON BAGACEIRA","cc":"PSD","nv":" ","e":"n","st":"Suplente","dvt":"V\u00e1lido","vap":"8","pvap":"   0,04"},{"seq":"81","sqcand":"140000802350","n":"23203","nm":"NEY DO MANDI","cc":"CIDADANIA","nv":" ","e":"n","st":"Suplente","dvt":"V\u00e1lido","vap":"44","pvap":"   0,24"},{"seq":"151","sqcand":"140000864724","n":"40999","nm":"ANDRESSA GEOVANNA","cc":"PSB","nv":" ","e":"n","st":"N\u00e3o eleito","dvt":"V\u00e1lido","vap":"13","pvap":"   0,07"},{"seq":"35","sqcand":"140000802642","n":"22456","nm":"PROF. ROSIVALDO AGUIAR","cc":"PL","nv":" ","e":"n","st":"Suplente","dvt":"V\u00e1lido","vap":"175","pvap":"   0,97"},{"seq":"108","sqcand":"140001228769","n":"15999","nm":"FABIA DO CANT\u00c3O","cc":"MDB","nv":" ","e":"n","st":"Suplente","dvt":"V\u00e1lido","vap":"20","pvap":"   0,11"},{"seq":"47","sqcand":"140000764189","n":"10125","nm":"PASTOR JESMAEL","cc":"REPUBLICANOS","nv":" ","e":"n","st":"Suplente","dvt":"V\u00e1lido","vap":"104","pvap":"   0,58"},{"seq":"36","sqcand":"140000764193","n":"10111","nm":"ANDRE DA MARCOVEL","cc":"REPUBLICANOS","nv":" ","e":"n","st":"Suplente","dvt":"V\u00e1lido","vap":"173","pvap":"   0,96"},{"seq":"99","sqcand":"140000863703","n":"25221","nm":"SILVANA DO SERINGAL","cc":"DEM","nv":" ","e":"n","st":"Suplente","dvt":"V\u00e1lido","vap":"29","pvap":"   0,16"},{"seq":"31","sqcand":"140000764202","n":"10234","nm":"PROFESSOR EDIM","cc":"REPUBLICANOS","nv":" ","e":"n","st":"Suplente","dvt":"V\u00e1lido","vap":"197","pvap":"   1,09"},{"seq":"93","sqcand":"140000802629","n":"22322","nm":"LEO DA PIZADINHA","cc":"PL","nv":" ","e":"n","st":"Suplente","dvt":"V\u00e1lido","vap":"36","pvap":"   0,20"},{"seq":"125","sqcand":"140000863699","n":"25678","nm":"LIDIANE DA OTICA","cc":"DEM","nv":" ","e":"n","st":"Suplente","dvt":"V\u00e1lido","vap":"7","pvap":"   0,04"},{"seq":"55","sqcand":"140000764201","n":"10000","nm":"FRANCIMAR DA RECARGA","cc":"REPUBLICANOS","nv":" ","e":"n","st":"Suplente","dvt":"V\u00e1lido","vap":"88","pvap":"   0,49"},{"seq":"146","sqcand":"140000864737","n":"40345","nm":"FERNANDO DO MANDI","cc":"PSB","nv":" ","e":"n","st":"N\u00e3o eleito","dvt":"V\u00e1lido","vap":"54","pvap":"   0,30"},{"seq":"6","sqcand":"140000863707","n":"25164","nm":"ANDERSON","cc":"DEM","nv":" ","e":"s","st":"Eleito","dvt":"V\u00e1lido","vap":"450","pvap":"   2,49"},{"seq":"138","sqcand":"140001274313","n":"25552","nm":"NUBIA BATISTA","cc":"DEM","nv":" ","e":"n","st":"Suplente","dvt":"V\u00e1lido","vap":"0","pvap":"00.00"},{"seq":"150","sqcand":"140000864723","n":"40400","nm":"M\u00c3EZINHA","cc":"PSB","nv":" ","e":"n","st":"N\u00e3o eleito","dvt":"V\u00e1lido","vap":"17","pvap":"   0,09"},{"seq":"118","sqcand":"140001230002","n":"55100","nm":"BIBIANA DO FRIGOR\u00cdFICO","cc":"PSD","nv":" ","e":"n","st":"Suplente","dvt":"V\u00e1lido","vap":"13","pvap":"   0,07"},{"seq":"124","sqcand":"140000764192","n":"10121","nm":"FRANCISCO","cc":"REPUBLICANOS","nv":" ","e":"n","st":"Suplente","dvt":"V\u00e1lido","vap":"8","pvap":"   0,04"},{"seq":"5","sqcand":"140001228759","n":"15555","nm":"FELIPE DA AUTO ESCOLA","cc":"MDB","nv":" ","e":"s","st":"Eleito","dvt":"V\u00e1lido","vap":"465","pvap":"   2,57"},{"seq":"149","sqcand":"140000864730","n":"40333","nm":"LINDALVA MENDON\u00c7A","cc":"PSB","nv":" ","e":"n","st":"N\u00e3o eleito","dvt":"V\u00e1lido","vap":"26","pvap":"   0,14"},{"seq":"143","sqcand":"140000864738","n":"40444","nm":"JOSIVAN","cc":"PSB","nv":" ","e":"n","st":"N\u00e3o eleito","dvt":"V\u00e1lido","vap":"95","pvap":"   0,53"},{"seq":"82","sqcand":"140000764203","n":"10115","nm":"FLEXTONY","cc":"REPUBLICANOS","nv":" ","e":"n","st":"Suplente","dvt":"V\u00e1lido","vap":"44","pvap":"   0,24"},{"seq":"157","sqcand":"140000864722","n":"40100","nm":"PASTOR ISAIAS","cc":"PSB","nv":" ","e":"n","st":"N\u00e3o eleito","dvt":"V\u00e1lido","vap":"3","pvap":"   0,02"},{"seq":"88","sqcand":"140001228757","n":"15000","nm":"CHIQUINHO DO PAU BRASIL","cc":"MDB","nv":" ","e":"n","st":"Suplente","dvt":"V\u00e1lido","vap":"39","pvap":"   0,22"},{"seq":"25","sqcand":"140000863277","n":"14100","nm":"DIGUIM PUBLICIDADE","cc":"PTB","nv":" ","e":"n","st":"Suplente","dvt":"V\u00e1lido","vap":"250","pvap":"   1,38"},{"seq":"102","sqcand":"140000863711","n":"25555","nm":"PASTOR JO\u00c3O BATISTA","cc":"DEM","nv":" ","e":"n","st":"Suplente","dvt":"V\u00e1lido","vap":"23","pvap":"   0,13"},{"seq":"26","sqcand":"140000863716","n":"25333","nm":"DEUSIMAR DA FARMACIA","cc":"DEM","nv":" ","e":"n","st":"Suplente","dvt":"V\u00e1lido","vap":"225","pvap":"   1,24"},{"seq":"54","sqcand":"140000863285","n":"14789","nm":"PROFESSORA SONIA","cc":"PTB","nv":" ","e":"n","st":"Suplente","dvt":"V\u00e1lido","vap":"88","pvap":"   0,49"},{"seq":"105","sqcand":"140000802636","n":"22115","nm":"ABR\u00c3O","cc":"PL","nv":" ","e":"n","st":"Suplente","dvt":"V\u00e1lido","vap":"22","pvap":"   0,12"},{"seq":"28","sqcand":"140001228750","n":"15151","nm":"SEU HELIO","cc":"MDB","nv":" ","e":"n","st":"Suplente","dvt":"V\u00e1lido","vap":"206","pvap":"   1,14"},{"seq":"78","sqcand":"140000802643","n":"22555","nm":"DEIVID MAGALH\u00c3ES","cc":"PL","nv":" ","e":"n","st":"Suplente","dvt":"V\u00e1lido","vap":"45","pvap":"   0,25"},{"seq":"137","sqcand":"140000802362","n":"23401","nm":"GRASIELLE","cc":"CIDADANIA","nv":" ","e":"n","st":"Suplente","dvt":"V\u00e1lido","vap":"2","pvap":"   0,01"},{"seq":"152","sqcand":"140000864728","n":"40233","nm":"ROSE BATISTA","cc":"PSB","nv":" ","e":"n","st":"N\u00e3o eleito","dvt":"V\u00e1lido","vap":"11","pvap":"   0,06"},{"seq":"63","sqcand":"140000802637","n":"22789","nm":"MARCIO BORGES","cc":"PL","nv":" ","e":"n","st":"Suplente","dvt":"V\u00e1lido","vap":"64","pvap":"   0,35"},{"seq":"158","sqcand":"140000864725","n":"40051","nm":"DIONES DO MANDI","cc":"PSB","nv":" ","e":"n","st":"N\u00e3o eleito","dvt":"V\u00e1lido","vap":"2","pvap":"   0,01"},{"seq":"40","sqcand":"140000764199","n":"10222","nm":"PROFESSOR JARDEL","cc":"REPUBLICANOS","nv":" ","e":"n","st":"Suplente","dvt":"V\u00e1lido","vap":"160","pvap":"   0,88"},{"seq":"74","sqcand":"140000863270","n":"14000","nm":"WANDERLEI MENDON\u00c7A","cc":"PTB","nv":" ","e":"n","st":"Suplente","dvt":"V\u00e1lido","vap":"52","pvap":"   0,29"},{"seq":"83","sqcand":"140000863704","n":"25630","nm":"KEL","cc":"DEM","nv":" ","e":"n","st":"Suplente","dvt":"V\u00e1lido","vap":"43","pvap":"   0,24"},{"seq":"89","sqcand":"140001229998","n":"55007","nm":"CELESTINO DO ESPETINHO","cc":"PSD","nv":" ","e":"n","st":"Suplente","dvt":"V\u00e1lido","vap":"39","pvap":"   0,22"},{"seq":"57","sqcand":"140000802353","n":"23200","nm":"CHICO PEDREIRO","cc":"CIDADANIA","nv":" ","e":"n","st":"Suplente","dvt":"V\u00e1lido","vap":"82","pvap":"   0,45"},{"seq":"1","sqcand":"140000802354","n":"23111","nm":"DENNES HENRIQUE","cc":"CIDADANIA","nv":" ","e":"s","st":"Eleito","dvt":"V\u00e1lido","vap":"654","pvap":"   3,62"},{"seq":"100","sqcand":"140000863287","n":"14333","nm":"EDVANZIM DA TECA","cc":"PTB","nv":" ","e":"n","st":"Suplente","dvt":"V\u00e1lido","vap":"28","pvap":"   0,15"},{"seq":"136","sqcand":"140001266948","n":"10500","nm":"MARCIA SILVA","cc":"REPUBLICANOS","nv":" ","e":"n","st":"Suplente","dvt":"V\u00e1lido","vap":"3","pvap":"   0,02"},{"seq":"18","sqcand":"140000802364","n":"23380","nm":"ADRIANO DA POT\u00caNCIA","cc":"CIDADANIA","nv":" ","e":"n","st":"Suplente","dvt":"V\u00e1lido","vap":"345","pvap":"   1,91"},{"seq":"9","sqcand":"140000802638","n":"22111","nm":"FERNANDA SARD\u00c1","cc":"PL","nv":" ","e":"s","st":"Eleito","dvt":"V\u00e1lido","vap":"354","pvap":"   1,96"},{"seq":"15","sqcand":"140000764200","n":"10444","nm":"PROFESSOR LUEBETH BRAND\u00c3O","cc":"REPUBLICANOS","nv":" ","e":"s","st":"Eleito","dvt":"V\u00e1lido","vap":"230","pvap":"   1,27"},{"seq":"131","sqcand":"140001228765","n":"15321","nm":"IRENE MORAIS","cc":"MDB","nv":" ","e":"n","st":"Suplente","dvt":"V\u00e1lido","vap":"4","pvap":"   0,02"},{"seq":"24","sqcand":"140000863280","n":"14888","nm":"JOAQUIM PEREIRA","cc":"PTB","nv":" ","e":"n","st":"Suplente","dvt":"V\u00e1lido","vap":"271","pvap":"   1,50"},{"seq":"46","sqcand":"140000863714","n":"25222","nm":"FERNANDO MOTA","cc":"DEM","nv":" ","e":"n","st":"Suplente","dvt":"V\u00e1lido","vap":"109","pvap":"   0,60"},{"seq":"75","sqcand":"140000802351","n":"23023","nm":"SGTO MUNIZ","cc":"CIDADANIA","nv":" ","e":"n","st":"Suplente","dvt":"V\u00e1lido","vap":"50","pvap":"   0,28"},{"seq":"132","sqcand":"140000863702","n":"25777","nm":"NIVANI CORREIA","cc":"DEM","nv":" ","e":"n","st":"Suplente","dvt":"V\u00e1lido","vap":"4","pvap":"   0,02"},{"seq":"85","sqcand":"140001228753","n":"15500","nm":"ZEZINHO","cc":"MDB","nv":" ","e":"n","st":"Suplente","dvt":"V\u00e1lido","vap":"40","pvap":"   0,22"},{"seq":"154","sqcand":"140000864739","n":"40456","nm":"CARL\u00c3O DA FERROBRAZ","cc":"PSB","nv":" ","e":"n","st":"N\u00e3o eleito","dvt":"V\u00e1lido","vap":"6","pvap":"   0,03"},{"seq":"91","sqcand":"140001229999","n":"55380","nm":"MARC\u00c3O DO POVO","cc":"PSD","nv":" ","e":"n","st":"Suplente","dvt":"V\u00e1lido","vap":"38","pvap":"   0,21"},{"seq":"141","sqcand":"140000864731","n":"40120","nm":"CHUMBREGA DO MANDI","cc":"PSB","nv":" ","e":"n","st":"N\u00e3o eleito","dvt":"V\u00e1lido","vap":"188","pvap":"   1,04"},{"seq":"130","sqcand":"140000764205","n":"10888","nm":"LUCIANA MOURA","cc":"REPUBLICANOS","nv":" ","e":"n","st":"Suplente","dvt":"V\u00e1lido","vap":"5","pvap":"   0,03"},{"seq":"117","sqcand":"140000764196","n":"10553","nm":"BRANQUINHO","cc":"REPUBLICANOS","nv":" ","e":"n","st":"Suplente","dvt":"V\u00e1lido","vap":"14","pvap":"   0,08"},{"seq":"129","sqcand":"140001229989","n":"55321","nm":"THELMA KAKA","cc":"PSD","nv":" ","e":"n","st":"Suplente","dvt":"V\u00e1lido","vap":"5","pvap":"   0,03"},{"seq":"122","sqcand":"140000802365","n":"23555","nm":"DORALICE","cc":"CIDADANIA","nv":" ","e":"n","st":"Suplente","dvt":"V\u00e1lido","vap":"8","pvap":"   0,04"},{"seq":"120","sqcand":"140000802363","n":"23000","nm":"WATILA","cc":"CIDADANIA","nv":" ","e":"n","st":"Suplente","dvt":"V\u00e1lido","vap":"12","pvap":"   0,07"},{"seq":"87","sqcand":"140001230001","n":"55523","nm":"SIDINEIA FERRO","cc":"PSD","nv":" ","e":"n","st":"Suplente","dvt":"V\u00e1lido","vap":"40","pvap":"   0,22"},{"seq":"126","sqcand":"140000863268","n":"14202","nm":"NASINHA","cc":"PTB","nv":" ","e":"n","st":"Suplente","dvt":"V\u00e1lido","vap":"6","pvap":"   0,03"},{"seq":"92","sqcand":"140000863275","n":"14555","nm":"WILLIAM ABREU","cc":"PTB","nv":" ","e":"n","st":"Suplente","dvt":"V\u00e1lido","vap":"37","pvap":"   0,20"},{"seq":"62","sqcand":"140001229995","n":"55500","nm":"CLEUZA BRAGA","cc":"PSD","nv":" ","e":"n","st":"Suplente","dvt":"V\u00e1lido","vap":"66","pvap":"   0,36"},{"seq":"103","sqcand":"140001228767","n":"15116","nm":"CARLINHOS DA TRI\u00c2NGULO","cc":"MDB","nv":" ","e":"n","st":"Suplente","dvt":"V\u00e1lido","vap":"23","pvap":"   0,13"},{"seq":"77","sqcand":"140001228752","n":"15570","nm":"IRM\u00c3 FATIMA","cc":"MDB","nv":" ","e":"n","st":"Suplente","dvt":"V\u00e1lido","vap":"46","pvap":"   0,25"},{"seq":"111","sqcand":"140001229992","n":"55777","nm":"RAIMUNDO JUNIOR","cc":"PSD","nv":" ","e":"n","st":"Suplente","dvt":"V\u00e1lido","vap":"20","pvap":"   0,11"},{"seq":"59","sqcand":"140001228751","n":"15113","nm":"GORDO DA CRISTALINO","cc":"MDB","nv":" ","e":"n","st":"Suplente","dvt":"V\u00e1lido","vap":"77","pvap":"   0,43"},{"seq":"38","sqcand":"140001230006","n":"55125","nm":"MARONITA (DIZINHA)","cc":"PSD","nv":" ","e":"n","st":"Suplente","dvt":"V\u00e1lido","vap":"171","pvap":"   0,95"},{"seq":"42","sqcand":"140000863272","n":"14222","nm":"CENIR","cc":"PTB","nv":" ","e":"n","st":"Suplente","dvt":"V\u00e1lido","vap":"128","pvap":"   0,71"},{"seq":"56","sqcand":"140000863283","n":"14133","nm":"SIMONE DA CRISTALINO","cc":"PTB","nv":" ","e":"n","st":"Suplente","dvt":"V\u00e1lido","vap":"83","pvap":"   0,46"},{"seq":"45","sqcand":"140000802633","n":"22123","nm":"SINAIR JUNIOR","cc":"PL","nv":" ","e":"n","st":"Suplente","dvt":"V\u00e1lido","vap":"112","pvap":"   0,62"},{"seq":"61","sqcand":"140000802641","n":"22178","nm":"CLAUDEIR DA IMOBILI\u00c1RIA","cc":"PL","nv":" ","e":"n","st":"Suplente","dvt":"V\u00e1lido","vap":"70","pvap":"   0,39"},{"seq":"68","sqcand":"140000802368","n":"23100","nm":"ANALICE PINHEIRO","cc":"CIDADANIA","nv":" ","e":"n","st":"Suplente","dvt":"V\u00e1lido","vap":"58","pvap":"   0,32"},{"seq":"66","sqcand":"140000764194","n":"10555","nm":"RAQUEL LUZ","cc":"REPUBLICANOS","nv":" ","e":"n","st":"Suplente","dvt":"V\u00e1lido","vap":"60","pvap":"   0,33"},{"seq":"49","sqcand":"140000802625","n":"22345","nm":"RAQUEL MELO","cc":"PL","nv":" ","e":"n","st":"Suplente","dvt":"V\u00e1lido","vap":"95","pvap":"   0,53"},{"seq":"98","sqcand":"140001228754","n":"15111","nm":"NEY MOTOS","cc":"MDB","nv":" ","e":"n","st":"Suplente","dvt":"V\u00e1lido","vap":"31","pvap":"   0,17"},{"seq":"94","sqcand":"140001230000","n":"55234","nm":"PASTOR JOEL","cc":"PSD","nv":" ","e":"n","st":"Suplente","dvt":"V\u00e1lido","vap":"35","pvap":"   0,19"},{"seq":"113","sqcand":"140000863284","n":"14765","nm":"ALFEU DO PO\u00c7O ARTESIANO","cc":"PTB","nv":" ","e":"n","st":"Suplente","dvt":"V\u00e1lido","vap":"19","pvap":"   0,11"},{"seq":"53","sqcand":"140000863698","n":"25128","nm":"ALMIR DE CASTRO","cc":"DEM","nv":" ","e":"n","st":"Suplente","dvt":"V\u00e1lido","vap":"88","pvap":"   0,49"},{"seq":"116","sqcand":"140001229993","n":"55200","nm":"CHAGAS DO POVO","cc":"PSD","nv":" ","e":"n","st":"Suplente","dvt":"V\u00e1lido","vap":"16","pvap":"   0,09"},{"seq":"135","sqcand":"140000863715","n":"25567","nm":"ALMERINA SANTANA","cc":"DEM","nv":" ","e":"n","st":"Suplente","dvt":"V\u00e1lido","vap":"3","pvap":"   0,02"},{"seq":"127","sqcand":"140000802359","n":"23400","nm":"SALETY","cc":"CIDADANIA","nv":" ","e":"n","st":"Suplente","dvt":"V\u00e1lido","vap":"6","pvap":"   0,03"},{"seq":"79","sqcand":"140000863281","n":"14400","nm":"CATRINI","cc":"PTB","nv":" ","e":"n","st":"Suplente","dvt":"V\u00e1lido","vap":"44","pvap":"   0,24"},{"seq":"41","sqcand":"140000802352","n":"23444","nm":"JONAS DA CRISTALINO","cc":"CIDADANIA","nv":" ","e":"n","st":"Suplente","dvt":"V\u00e1lido","vap":"138","pvap":"   0,76"},{"seq":"23","sqcand":"140000802635","n":"22222","nm":"CLEO DO AMIGO","cc":"PL","nv":" ","e":"n","st":"Suplente","dvt":"V\u00e1lido","vap":"282","pvap":"   1,56"},{"seq":"76","sqcand":"140000802640","n":"22000","nm":"NEGRO ARROZ","cc":"PL","nv":" ","e":"n","st":"Suplente","dvt":"V\u00e1lido","vap":"48","pvap":"   0,27"},{"seq":"119","sqcand":"140000802627","n":"22100","nm":"GERSON FILHO","cc":"PL","nv":" ","e":"n","st":"Suplente","dvt":"V\u00e1lido","vap":"12","pvap":"   0,07"},{"seq":"50","sqcand":"140000802355","n":"23233","nm":"PROFESSOR SILAS","cc":"CIDADANIA","nv":" ","e":"n","st":"Suplente","dvt":"V\u00e1lido","vap":"93","pvap":"   0,51"},{"seq":"145","sqcand":"140000864721","n":"40151","nm":"VALDIVINO DE OLIVEIRA","cc":"PSB","nv":" ","e":"n","st":"N\u00e3o eleito","dvt":"V\u00e1lido","vap":"54","pvap":"   0,30"},{"seq":"95","sqcand":"140000802369","n":"23177","nm":"EDILSON QUIRINO","cc":"CIDADANIA","nv":" ","e":"n","st":"Suplente","dvt":"V\u00e1lido","vap":"33","pvap":"   0,18"},{"seq":"97","sqcand":"140001228761","n":"15515","nm":"FABIO MACIEL","cc":"MDB","nv":" ","e":"n","st":"Suplente","dvt":"V\u00e1lido","vap":"32","pvap":"   0,18"}]}
