{"ele":"426","tpabr":"mu","cdabr":"05479","carper":"13","t":"1","f":"o","dt":"15/11/2020","ht":"22:22:09","dv":"s","tf":"s","v":"9","esae":"n","mnae":"","s":"49","st":"49","pst":" 100,00","snt":"0","psnt":"   0,00","si":"49","psi":" 100,00","sni":"0","psni":"   0,00","sa":"49","psa":" 100,00","sna":"0","psna":"   0,00","e":"14719","ea":"14719","pea":" 100,00","ena":"0","pena":"   0,00","esi":"14719","pesi":" 100,00","esni":"0","pesni":"   0,00","c":"12617","pc":"  85,72","a":"2102","pa":"  14,28","vscv":"0","vnom":"11701","vl":"581","pvnom":"  95,27","pvl":"   4,73","vvc":"12282","pvvc":"  97,34","vb":"109","pvb":"   0,87","tvn":"226","ptvn":"   1,79","vn":"226","pvn":" 100,00","vnt":"0","pvnt":"   0,00","vp":"0","pvp":"   0,00","vv":"12282","pvv":" 100,00","van":"0","pvan":"   0,00","vansj":"0","pvansj":"   0,00","tv":"12617","cand":[{"seq":"52","sqcand":"140000782308","n":"43232","nm":"EDSON DA VAN","cc":"PV","nv":" ","e":"n","st":"Suplente","dvt":"V\u00e1lido","vap":"5","pvap":"   0,04"},{"seq":"21","sqcand":"140000998299","n":"55456","nm":"JAILSON SOUZA","cc":"PSD","nv":" ","e":"n","st":"Suplente","dvt":"V\u00e1lido","vap":"232","pvap":"   1,89"},{"seq":"68","sqcand":"140001226146","n":"11123","nm":"DR. CLAUDIO","cc":"PP","nv":" ","e":"n","st":"N\u00e3o eleito","dvt":"V\u00e1lido","vap":"29","pvap":"   0,24"},{"seq":"51","sqcand":"140001123095","n":"22016","nm":"NAZARE CARDOSO","cc":"PL","nv":" ","e":"n","st":"Suplente","dvt":"V\u00e1lido","vap":"7","pvap":"   0,06"},{"seq":"10","sqcand":"140000782304","n":"43456","nm":"GISELE OLIVEIRA","cc":"PV","nv":" ","e":"n","st":"Suplente","dvt":"V\u00e1lido","vap":"515","pvap":"   4,19"},{"seq":"67","sqcand":"140001029535","n":"77123","nm":"RENAN VICTOR","cc":"SOLIDARIEDADE","nv":" ","e":"n","st":"N\u00e3o eleito","dvt":"V\u00e1lido","vap":"33","pvap":"   0,27"},{"seq":"2","sqcand":"140000782305","n":"43123","nm":"ANDRE CASA NOVA","cc":"PV","nv":" ","e":"s","st":"Eleito","dvt":"V\u00e1lido","vap":"700","pvap":"   5,70"},{"seq":"5","sqcand":"140000998294","n":"55321","nm":"ENRICO MENEZES","cc":"PSD","nv":" ","e":"s","st":"Eleito","dvt":"V\u00e1lido","vap":"495","pvap":"   4,03"},{"seq":"33","sqcand":"140000998302","n":"55001","nm":"NEGA","cc":"PSD","nv":" ","e":"n","st":"Suplente","dvt":"V\u00e1lido","vap":"53","pvap":"   0,43"},{"seq":"18","sqcand":"140001123096","n":"22123","nm":"LEANDRO BORGES","cc":"PL","nv":" ","e":"n","st":"Suplente","dvt":"V\u00e1lido","vap":"249","pvap":"   2,03"},{"seq":"43","sqcand":"140000782312","n":"43321","nm":"ANTONIO ALVEZ","cc":"PV","nv":" ","e":"n","st":"Suplente","dvt":"V\u00e1lido","vap":"28","pvap":"   0,23"},{"seq":"41","sqcand":"140000782306","n":"43253","nm":"RAIANE SILVA","cc":"PV","nv":" ","e":"n","st":"Suplente","dvt":"V\u00e1lido","vap":"36","pvap":"   0,29"},{"seq":"25","sqcand":"140001123098","n":"22222","nm":"MARIVALDO","cc":"PL","nv":" ","e":"n","st":"Suplente","dvt":"V\u00e1lido","vap":"171","pvap":"   1,39"},{"seq":"54","sqcand":"140001034450","n":"25123","nm":"VITINHO DO AREAL","cc":"DEM","nv":" ","e":"n","st":"N\u00e3o eleito","dvt":"V\u00e1lido","vap":"263","pvap":"   2,14"},{"seq":"58","sqcand":"140001226155","n":"11777","nm":"PR CRISTIANO","cc":"PP","nv":" ","e":"n","st":"N\u00e3o eleito","dvt":"V\u00e1lido","vap":"67","pvap":"   0,55"},{"seq":"35","sqcand":"140000998300","n":"55010","nm":"PASTOR MOISES","cc":"PSD","nv":" ","e":"n","st":"Suplente","dvt":"V\u00e1lido","vap":"50","pvap":"   0,41"},{"seq":"30","sqcand":"140001028447","n":"15551","nm":"FATIMA DA FUNERARIA","cc":"MDB","nv":" ","e":"n","st":"Suplente","dvt":"V\u00e1lido","vap":"116","pvap":"   0,94"},{"seq":"39","sqcand":"140000998296","n":"55111","nm":"IRM\u00c3 JACQUE","cc":"PSD","nv":" ","e":"n","st":"Suplente","dvt":"V\u00e1lido","vap":"41","pvap":"   0,33"},{"seq":"23","sqcand":"140001226485","n":"14603","nm":"ISABELE LUCAS","cc":"PTB","nv":" ","e":"n","st":"Suplente","dvt":"V\u00e1lido","vap":"185","pvap":"   1,51"},{"seq":"53","sqcand":"140000782309","n":"43143","nm":"CELIA ALEXANDRE","cc":"PV","nv":" ","e":"n","st":"Suplente","dvt":"V\u00e1lido","vap":"3","pvap":"   0,02"},{"seq":"24","sqcand":"140000998305","n":"55521","nm":"NONATO DO VINTE E UM","cc":"PSD","nv":" ","e":"n","st":"Suplente","dvt":"V\u00e1lido","vap":"171","pvap":"   1,39"},{"seq":"50","sqcand":"140000782307","n":"43431","nm":"LUZIA SANTOS","cc":"PV","nv":" ","e":"n","st":"Suplente","dvt":"V\u00e1lido","vap":"9","pvap":"   0,07"},{"seq":"72","sqcand":"140001029540","n":"77345","nm":"ALVARO DO PO\u00c7O","cc":"SOLIDARIEDADE","nv":" ","e":"n","st":"N\u00e3o eleito","dvt":"V\u00e1lido","vap":"17","pvap":"   0,14"},{"seq":"66","sqcand":"140001226151","n":"11456","nm":"PASTOR MARIANO","cc":"PP","nv":" ","e":"n","st":"N\u00e3o eleito","dvt":"V\u00e1lido","vap":"33","pvap":"   0,27"},{"seq":"79","sqcand":"140001089448","n":"45001","nm":"PAULINHO","cc":"PSDB","nv":" ","e":"n","st":"N\u00e3o eleito","dvt":"V\u00e1lido","vap":"11","pvap":"   0,09"},{"seq":"9","sqcand":"140001123101","n":"22345","nm":"GERUZA","cc":"PL","nv":" ","e":"s","st":"Eleito","dvt":"V\u00e1lido","vap":"278","pvap":"   2,26"},{"seq":"57","sqcand":"140001089450","n":"45605","nm":"PAULO COT\u00d3","cc":"PSDB","nv":" ","e":"n","st":"N\u00e3o eleito","dvt":"V\u00e1lido","vap":"67","pvap":"   0,55"},{"seq":"47","sqcand":"140001226486","n":"14600","nm":"IRM\u00c3 NAZAR\u00c9","cc":"PTB","nv":" ","e":"n","st":"Suplente","dvt":"V\u00e1lido","vap":"16","pvap":"   0,13"},{"seq":"32","sqcand":"140001123100","n":"22333","nm":"ROSIVANI","cc":"PL","nv":" ","e":"n","st":"Suplente","dvt":"V\u00e1lido","vap":"86","pvap":"   0,70"},{"seq":"28","sqcand":"140001257773","n":"22555","nm":"EDISON COUTINHO","cc":"PL","nv":" ","e":"n","st":"Suplente","dvt":"V\u00e1lido","vap":"126","pvap":"   1,03"},{"seq":"20","sqcand":"140001028452","n":"15155","nm":"EDIELSON MOURA","cc":"MDB","nv":" ","e":"n","st":"Suplente","dvt":"V\u00e1lido","vap":"233","pvap":"   1,90"},{"seq":"37","sqcand":"140001226483","n":"14411","nm":"DJ CARAMUJO","cc":"PTB","nv":" ","e":"n","st":"Suplente","dvt":"V\u00e1lido","vap":"46","pvap":"   0,37"},{"seq":"46","sqcand":"140000782301","n":"43007","nm":"IRM\u00c3O AUGUSTO","cc":"PV","nv":" ","e":"n","st":"Suplente","dvt":"V\u00e1lido","vap":"17","pvap":"   0,14"},{"seq":"87","sqcand":"140001226152","n":"11334","nm":"TATY DO TROPICAL BAR","cc":"PP","nv":" ","e":"n","st":"N\u00e3o eleito","dvt":"V\u00e1lido","vap":"0","pvap":"00.00"},{"seq":"8","sqcand":"140001028453","n":"15000","nm":"ZECA PESCADO","cc":"MDB","nv":" ","e":"s","st":"Eleito","dvt":"V\u00e1lido","vap":"373","pvap":"   3,04"},{"seq":"14","sqcand":"140001028451","n":"15521","nm":"CARLINHO DO VINTE E UM","cc":"MDB","nv":" ","e":"n","st":"Suplente","dvt":"V\u00e1lido","vap":"330","pvap":"   2,69"},{"seq":"73","sqcand":"140001034451","n":"25666","nm":"ORNILDA SOUSA","cc":"DEM","nv":" ","e":"n","st":"N\u00e3o eleito","dvt":"V\u00e1lido","vap":"16","pvap":"   0,13"},{"seq":"85","sqcand":"140001226147","n":"11222","nm":"MARCILENE TRINDADE","cc":"PP","nv":" ","e":"n","st":"N\u00e3o eleito","dvt":"V\u00e1lido","vap":"5","pvap":"   0,04"},{"seq":"36","sqcand":"140001123102","n":"22888","nm":"CUIA TRATRORISTA","cc":"PL","nv":" ","e":"n","st":"Suplente","dvt":"V\u00e1lido","vap":"49","pvap":"   0,40"},{"seq":"78","sqcand":"140001089446","n":"45611","nm":"JOAO PARAGOMINAS","cc":"PSDB","nv":" ","e":"n","st":"N\u00e3o eleito","dvt":"V\u00e1lido","vap":"11","pvap":"   0,09"},{"seq":"31","sqcand":"140001226484","n":"14222","nm":"PROFESSOR HELDER","cc":"PTB","nv":" ","e":"n","st":"Suplente","dvt":"V\u00e1lido","vap":"92","pvap":"   0,75"},{"seq":"48","sqcand":"140000782302","n":"43333","nm":"BOAVENTURA DE JESUS","cc":"PV","nv":" ","e":"n","st":"Suplente","dvt":"V\u00e1lido","vap":"13","pvap":"   0,11"},{"seq":"38","sqcand":"140000998301","n":"55000","nm":"MARCIA DA POTY","cc":"PSD","nv":" ","e":"n","st":"Suplente","dvt":"V\u00e1lido","vap":"41","pvap":"   0,33"},{"seq":"59","sqcand":"140001226149","n":"11100","nm":"CASSIO NASCIMENTO","cc":"PP","nv":" ","e":"n","st":"N\u00e3o eleito","dvt":"V\u00e1lido","vap":"61","pvap":"   0,50"},{"seq":"17","sqcand":"140001028445","n":"15615","nm":"JORGE NOBRE","cc":"MDB","nv":" ","e":"n","st":"Suplente","dvt":"V\u00e1lido","vap":"280","pvap":"   2,28"},{"seq":"13","sqcand":"140001226488","n":"14444","nm":"F\u00c1 DO GUANABARA","cc":"PTB","nv":" ","e":"n","st":"Suplente","dvt":"V\u00e1lido","vap":"345","pvap":"   2,81"},{"seq":"75","sqcand":"140001144927","n":"45302","nm":"ANA PAULA","cc":"PSDB","nv":" ","e":"n","st":"N\u00e3o eleito","dvt":"V\u00e1lido","vap":"12","pvap":"   0,10"},{"seq":"45","sqcand":"140000782310","n":"43555","nm":"GELSOM P\u00c9 NA COVA","cc":"PV","nv":" ","e":"n","st":"Suplente","dvt":"V\u00e1lido","vap":"21","pvap":"   0,17"},{"seq":"40","sqcand":"140001123099","n":"22025","nm":"GRACINETE","cc":"PL","nv":" ","e":"n","st":"Suplente","dvt":"V\u00e1lido","vap":"39","pvap":"   0,32"},{"seq":"83","sqcand":"140001034449","n":"25111","nm":"NAZERENO DO VILA NOVA","cc":"DEM","nv":" ","e":"n","st":"N\u00e3o eleito","dvt":"V\u00e1lido","vap":"5","pvap":"   0,04"},{"seq":"80","sqcand":"140001226156","n":"11234","nm":"ARI BARBOSA","cc":"PP","nv":" ","e":"n","st":"N\u00e3o eleito","dvt":"V\u00e1lido","vap":"10","pvap":"   0,08"},{"seq":"76","sqcand":"140001034452","n":"25222","nm":"MAURICIO ROCHA","cc":"DEM","nv":" ","e":"n","st":"N\u00e3o eleito","dvt":"V\u00e1lido","vap":"11","pvap":"   0,09"},{"seq":"61","sqcand":"140001089447","n":"45284","nm":"ELIS MIRA","cc":"PSDB","nv":" ","e":"n","st":"N\u00e3o eleito","dvt":"V\u00e1lido","vap":"55","pvap":"   0,45"},{"seq":"34","sqcand":"140001123097","n":"22013","nm":"DR LUIS RIBEIRO","cc":"PL","nv":" ","e":"n","st":"Suplente","dvt":"V\u00e1lido","vap":"52","pvap":"   0,42"},{"seq":"49","sqcand":"140001028443","n":"15123","nm":"ROBERTA ACS","cc":"MDB","nv":" ","e":"n","st":"Suplente","dvt":"V\u00e1lido","vap":"11","pvap":"   0,09"},{"seq":"55","sqcand":"140001034456","n":"25345","nm":"EURICO","cc":"DEM","nv":" ","e":"n","st":"N\u00e3o eleito","dvt":"V\u00e1lido","vap":"92","pvap":"   0,75"},{"seq":"64","sqcand":"140001226153","n":"11000","nm":"FERRUGEM","cc":"PP","nv":" ","e":"n","st":"N\u00e3o eleito","dvt":"V\u00e1lido","vap":"43","pvap":"   0,35"},{"seq":"4","sqcand":"140001028448","n":"15015","nm":"CLAUDIONEY ROCHA","cc":"MDB","nv":" ","e":"s","st":"Eleito","dvt":"V\u00e1lido","vap":"519","pvap":"   4,23"},{"seq":"15","sqcand":"140000998297","n":"55023","nm":"DALVA AMORIM","cc":"PSD","nv":" ","e":"n","st":"Suplente","dvt":"V\u00e1lido","vap":"295","pvap":"   2,40"},{"seq":"82","sqcand":"140001029539","n":"77222","nm":"CARMEN LUCIA","cc":"SOLIDARIEDADE","nv":" ","e":"n","st":"N\u00e3o eleito","dvt":"V\u00e1lido","vap":"6","pvap":"   0,05"},{"seq":"26","sqcand":"140000998303","n":"55222","nm":"NONATO DA GRANJA","cc":"PSD","nv":" ","e":"n","st":"Suplente","dvt":"V\u00e1lido","vap":"156","pvap":"   1,27"},{"seq":"12","sqcand":"140001028450","n":"15555","nm":"PROFESSORA ELISANGELA CHAVES","cc":"MDB","nv":" ","e":"n","st":"Suplente","dvt":"V\u00e1lido","vap":"365","pvap":"   2,97"},{"seq":"22","sqcand":"140000998307","n":"55555","nm":"ELIZEU LIRA","cc":"PSD","nv":" ","e":"n","st":"Suplente","dvt":"V\u00e1lido","vap":"207","pvap":"   1,69"},{"seq":"6","sqcand":"140000998298","n":"55789","nm":"GEO","cc":"PSD","nv":" ","e":"s","st":"Eleito","dvt":"V\u00e1lido","vap":"465","pvap":"   3,79"},{"seq":"44","sqcand":"140000782311","n":"43543","nm":"TEIXEIRA","cc":"PV","nv":" ","e":"n","st":"Suplente","dvt":"V\u00e1lido","vap":"27","pvap":"   0,22"},{"seq":"1","sqcand":"140000998306","n":"55123","nm":"LEO AGUIAR","cc":"PSD","nv":" ","e":"s","st":"Eleito","dvt":"V\u00e1lido","vap":"703","pvap":"   5,72"},{"seq":"63","sqcand":"140001034454","n":"25145","nm":"CABELUDO","cc":"DEM","nv":" ","e":"n","st":"N\u00e3o eleito","dvt":"V\u00e1lido","vap":"54","pvap":"   0,44"},{"seq":"60","sqcand":"140001226154","n":"11221","nm":"JESUS DO 21","cc":"PP","nv":" ","e":"n","st":"N\u00e3o eleito","dvt":"V\u00e1lido","vap":"59","pvap":"   0,48"},{"seq":"42","sqcand":"140000782303","n":"43000","nm":"NELTON LIMA","cc":"PV","nv":" ","e":"n","st":"Suplente","dvt":"V\u00e1lido","vap":"30","pvap":"   0,24"},{"seq":"77","sqcand":"140001029538","n":"77234","nm":"CRISTIANE CAVALCANTE","cc":"SOLIDARIEDADE","nv":" ","e":"n","st":"N\u00e3o eleito","dvt":"V\u00e1lido","vap":"11","pvap":"   0,09"},{"seq":"19","sqcand":"140001028444","n":"15618","nm":"GERSON BATISTA","cc":"MDB","nv":" ","e":"n","st":"Suplente","dvt":"V\u00e1lido","vap":"243","pvap":"   1,98"},{"seq":"71","sqcand":"140001226148","n":"11111","nm":"ALCIONE NASCIMENTO","cc":"PP","nv":" ","e":"n","st":"N\u00e3o eleito","dvt":"V\u00e1lido","vap":"19","pvap":"   0,15"},{"seq":"74","sqcand":"140001034447","n":"25100","nm":"PEDRO PAULO TOTA","cc":"DEM","nv":" ","e":"n","st":"N\u00e3o eleito","dvt":"V\u00e1lido","vap":"15","pvap":"   0,12"},{"seq":"11","sqcand":"140000998295","n":"55345","nm":"ITALO CORDOVIL","cc":"PSD","nv":" ","e":"n","st":"Suplente","dvt":"V\u00e1lido","vap":"398","pvap":"   3,24"},{"seq":"56","sqcand":"140001034448","n":"25678","nm":"ALESSANDRA LIMA","cc":"DEM","nv":" ","e":"n","st":"N\u00e3o eleito","dvt":"V\u00e1lido","vap":"91","pvap":"   0,74"},{"seq":"7","sqcand":"140001226487","n":"14123","nm":"PADRE","cc":"PTB","nv":" ","e":"s","st":"Eleito","dvt":"V\u00e1lido","vap":"382","pvap":"   3,11"},{"seq":"70","sqcand":"140001029533","n":"77777","nm":"KLEBER CAVALCANTI","cc":"SOLIDARIEDADE","nv":" ","e":"n","st":"N\u00e3o eleito","dvt":"V\u00e1lido","vap":"20","pvap":"   0,16"},{"seq":"69","sqcand":"140001029536","n":"77201","nm":"JURACI DA GRANJA","cc":"SOLIDARIEDADE","nv":" ","e":"n","st":"N\u00e3o eleito","dvt":"V\u00e1lido","vap":"21","pvap":"   0,17"},{"seq":"27","sqcand":"140000998304","n":"55333","nm":"PROFESSORA NEQUINHA","cc":"PSD","nv":" ","e":"n","st":"Suplente","dvt":"V\u00e1lido","vap":"156","pvap":"   1,27"},{"seq":"62","sqcand":"140001034453","n":"25456","nm":"PB EVILSON PAIVA","cc":"DEM","nv":" ","e":"n","st":"N\u00e3o eleito","dvt":"V\u00e1lido","vap":"54","pvap":"   0,44"},{"seq":"86","sqcand":"140001089449","n":"45696","nm":"MARQUES","cc":"PSDB","nv":" ","e":"n","st":"N\u00e3o eleito","dvt":"V\u00e1lido","vap":"4","pvap":"   0,03"},{"seq":"65","sqcand":"140001034455","n":"25000","nm":"FELICIANA ARAUJO","cc":"DEM","nv":" ","e":"n","st":"N\u00e3o eleito","dvt":"V\u00e1lido","vap":"40","pvap":"   0,33"},{"seq":"84","sqcand":"140001226150","n":"11789","nm":"CONCEICAO ANDRADE","cc":"PP","nv":" ","e":"n","st":"N\u00e3o eleito","dvt":"V\u00e1lido","vap":"5","pvap":"   0,04"},{"seq":"81","sqcand":"140001029537","n":"77513","nm":"IRM\u00c3 ELIANA","cc":"SOLIDARIEDADE","nv":" ","e":"n","st":"N\u00e3o eleito","dvt":"V\u00e1lido","vap":"9","pvap":"   0,07"},{"seq":"29","sqcand":"140001028449","n":"15190","nm":"BOQUINHA","cc":"MDB","nv":" ","e":"n","st":"Suplente","dvt":"V\u00e1lido","vap":"122","pvap":"   0,99"},{"seq":"16","sqcand":"140001028446","n":"15609","nm":"ENFERMEIRA RAFAELA LIMA","cc":"MDB","nv":" ","e":"n","st":"Suplente","dvt":"V\u00e1lido","vap":"291","pvap":"   2,37"},{"seq":"3","sqcand":"140000782313","n":"43222","nm":"JEAN ALBUQUERQUE","cc":"PV","nv":" ","e":"s","st":"Eleito","dvt":"V\u00e1lido","vap":"579","pvap":"   4,71"}]}
