{"ele":"426","tpabr":"mu","cdabr":"05517","carper":"13","t":"1","f":"o","dt":"15/11/2020","ht":"22:33:03","dv":"s","tf":"s","v":"15","esae":"n","mnae":"","s":"133","st":"133","pst":" 100,00","snt":"0","psnt":"   0,00","si":"133","psi":" 100,00","sni":"0","psni":"   0,00","sa":"133","psa":" 100,00","sna":"0","psna":"   0,00","e":"39792","ea":"39792","pea":" 100,00","ena":"0","pena":"   0,00","esi":"39792","pesi":" 100,00","esni":"0","pesni":"   0,00","c":"32471","pc":"  81,60","a":"7321","pa":"  18,40","vscv":"0","vnom":"29593","vl":"1551","pvnom":"  95,02","pvl":"   4,98","vvc":"31728","pvvc":"  97,71","vb":"293","pvb":"   0,90","tvn":"450","ptvn":"   1,39","vn":"450","pvn":" 100,00","vnt":"0","pvnt":"   0,00","vp":"0","pvp":"   0,00","vv":"31144","pvv":"  98,16","van":"0","pvan":"   0,00","vansj":"584","pvansj":"   1,84","tv":"32471","cand":[{"seq":"190","sqcand":"140001135082","n":"45444","nm":"OSVALDO PACUI","cc":"PSDB","nv":" ","e":"n","st":"N\u00e3o eleito","dvt":"V\u00e1lido","vap":"94","pvap":"   0,30"},{"seq":"217","sqcand":"140001145792","n":"19125","nm":"MELQUI","cc":"PODE","nv":" ","e":"n","st":"N\u00e3o eleito","dvt":"V\u00e1lido","vap":"31","pvap":"   0,10"},{"seq":"26","sqcand":"140000795173","n":"20999","nm":"SARMENTO DO SINDICATO","cc":"PSC","nv":" ","e":"n","st":"Suplente","dvt":"V\u00e1lido","vap":"285","pvap":"   0,90"},{"seq":"181","sqcand":"140001258871","n":"77777","nm":"LORA DO BOTIC\u00c1RIO","cc":"SOLIDARIEDADE","nv":" ","e":"n","st":"N\u00e3o eleito","dvt":"Anulado sub judice","vap":"584","pvap":"   1,84"},{"seq":"148","sqcand":"140000795170","n":"20065","nm":"APOLLO","cc":"PSC","nv":" ","e":"n","st":"Suplente","dvt":"V\u00e1lido","vap":"27","pvap":"   0,09"},{"seq":"170","sqcand":"140000821936","n":"15226","nm":"ELIETE","cc":"MDB","nv":" ","e":"n","st":"Suplente","dvt":"V\u00e1lido","vap":"10","pvap":"   0,03"},{"seq":"95","sqcand":"140000795179","n":"20111","nm":"PAULINHO DA SUCAM","cc":"PSC","nv":" ","e":"n","st":"Suplente","dvt":"V\u00e1lido","vap":"90","pvap":"   0,28"},{"seq":"72","sqcand":"140001221249","n":"22634","nm":"MANOEL FARIAS","cc":"PL","nv":" ","e":"n","st":"Suplente","dvt":"V\u00e1lido","vap":"140","pvap":"   0,44"},{"seq":"33","sqcand":"140000821956","n":"12123","nm":"IRM\u00c3O EDIVALDO","cc":"PDT","nv":" ","e":"n","st":"Suplente","dvt":"V\u00e1lido","vap":"271","pvap":"   0,85"},{"seq":"63","sqcand":"140000821958","n":"12666","nm":"PROFESSORA CELESTE","cc":"PDT","nv":" ","e":"n","st":"Suplente","dvt":"V\u00e1lido","vap":"152","pvap":"   0,48"},{"seq":"44","sqcand":"140001221656","n":"10888","nm":"TIO PEDRO","cc":"REPUBLICANOS","nv":" ","e":"n","st":"Suplente","dvt":"V\u00e1lido","vap":"206","pvap":"   0,65"},{"seq":"207","sqcand":"140001135084","n":"45152","nm":"APOLONIO ADEFISAM","cc":"PSDB","nv":" ","e":"n","st":"N\u00e3o eleito","dvt":"V\u00e1lido","vap":"41","pvap":"   0,13"},{"seq":"116","sqcand":"140001222141","n":"23121","nm":"BIULA","cc":"CIDADANIA","nv":" ","e":"n","st":"Suplente","dvt":"V\u00e1lido","vap":"60","pvap":"   0,19"},{"seq":"144","sqcand":"140001136745","n":"25111","nm":"JORGE ON\u00c7A DOS CONSELHOS","cc":"DEM","nv":" ","e":"n","st":"Suplente","dvt":"V\u00e1lido","vap":"28","pvap":"   0,09"},{"seq":"233","sqcand":"140001135074","n":"45999","nm":"ADIEL BARACK OBAMA","cc":"PSDB","nv":" ","e":"n","st":"N\u00e3o eleito","dvt":"V\u00e1lido","vap":"8","pvap":"   0,03"},{"seq":"8","sqcand":"140000821921","n":"15789","nm":"RAIMUNDO MITECO","cc":"MDB","nv":" ","e":"s","st":"Eleito","dvt":"V\u00e1lido","vap":"506","pvap":"   1,59"},{"seq":"193","sqcand":"140001118500","n":"55123","nm":"ELIETE CARVALHO","cc":"PSD","nv":" ","e":"n","st":"N\u00e3o eleito","dvt":"V\u00e1lido","vap":"81","pvap":"   0,26"},{"seq":"42","sqcand":"140000795185","n":"20123","nm":"MARY BAIANA","cc":"PSC","nv":" ","e":"n","st":"Suplente","dvt":"V\u00e1lido","vap":"222","pvap":"   0,70"},{"seq":"215","sqcand":"140001267342","n":"45222","nm":" VANESSA DA TIA KEL\u00c9","cc":"PSDB","nv":" ","e":"n","st":"N\u00e3o eleito","dvt":"V\u00e1lido","vap":"33","pvap":"   0,10"},{"seq":"221","sqcand":"140001258814","n":"77444","nm":"PROFESSORA MAUR\u00cdCIA","cc":"SOLIDARIEDADE","nv":" ","e":"n","st":"N\u00e3o eleito","dvt":"V\u00e1lido","vap":"28","pvap":"   0,09"},{"seq":"141","sqcand":"140001034714","n":"14122","nm":"CLEO FERNANDO","cc":"PTB","nv":" ","e":"n","st":"Suplente","dvt":"V\u00e1lido","vap":"30","pvap":"   0,09"},{"seq":"93","sqcand":"140001117522","n":"11000","nm":"CLEITON NUNES","cc":"PP","nv":" ","e":"n","st":"Suplente","dvt":"V\u00e1lido","vap":"97","pvap":"   0,31"},{"seq":"203","sqcand":"140001145790","n":"19000","nm":"SABRINA","cc":"PODE","nv":" ","e":"n","st":"N\u00e3o eleito","dvt":"V\u00e1lido","vap":"53","pvap":"   0,17"},{"seq":"11","sqcand":"140001221645","n":"10666","nm":"PROFESSOR DIEGO","cc":"REPUBLICANOS","nv":" ","e":"s","st":"Eleito","dvt":"V\u00e1lido","vap":"375","pvap":"   1,18"},{"seq":"146","sqcand":"140001117525","n":"11022","nm":"CELESTE SALDANHA","cc":"PP","nv":" ","e":"n","st":"Suplente","dvt":"V\u00e1lido","vap":"27","pvap":"   0,09"},{"seq":"191","sqcand":"140001135075","n":"45555","nm":"VERA DO BAR FORTALEZA","cc":"PSDB","nv":" ","e":"n","st":"N\u00e3o eleito","dvt":"V\u00e1lido","vap":"84","pvap":"   0,26"},{"seq":"70","sqcand":"140001221647","n":"10100","nm":"ADENOR PANTOJA","cc":"REPUBLICANOS","nv":" ","e":"n","st":"Suplente","dvt":"V\u00e1lido","vap":"145","pvap":"   0,46"},{"seq":"138","sqcand":"140001221660","n":"10444","nm":"ROSEANE DA BANBINOS","cc":"REPUBLICANOS","nv":" ","e":"n","st":"Suplente","dvt":"V\u00e1lido","vap":"32","pvap":"   0,10"},{"seq":"192","sqcand":"140001118505","n":"55555","nm":"CRISTOV\u00c3O RAMOS","cc":"PSD","nv":" ","e":"n","st":"N\u00e3o eleito","dvt":"V\u00e1lido","vap":"81","pvap":"   0,26"},{"seq":"90","sqcand":"140001221654","n":"10123","nm":"TUCA ATA\u00cdDE","cc":"REPUBLICANOS","nv":" ","e":"n","st":"Suplente","dvt":"V\u00e1lido","vap":"101","pvap":"   0,32"},{"seq":"114","sqcand":"140001222139","n":"23444","nm":"REGINA DO APETEUA","cc":"CIDADANIA","nv":" ","e":"n","st":"Suplente","dvt":"V\u00e1lido","vap":"63","pvap":"   0,20"},{"seq":"107","sqcand":"140001221251","n":"22777","nm":"NATAN ACS","cc":"PL","nv":" ","e":"n","st":"Suplente","dvt":"V\u00e1lido","vap":"73","pvap":"   0,23"},{"seq":"228","sqcand":"140001135079","n":"45678","nm":"JONAS KERIGMA","cc":"PSDB","nv":" ","e":"n","st":"N\u00e3o eleito","dvt":"V\u00e1lido","vap":"18","pvap":"   0,06"},{"seq":"54","sqcand":"140001221646","n":"10111","nm":"BA\u00da","cc":"REPUBLICANOS","nv":" ","e":"n","st":"Suplente","dvt":"V\u00e1lido","vap":"169","pvap":"   0,53"},{"seq":"105","sqcand":"140001136752","n":"25555","nm":"MARGARETHE BRASIL ACS","cc":"DEM","nv":" ","e":"n","st":"Suplente","dvt":"V\u00e1lido","vap":"75","pvap":"   0,24"},{"seq":"213","sqcand":"140001258816","n":"77999","nm":"BAIA","cc":"SOLIDARIEDADE","nv":" ","e":"n","st":"N\u00e3o eleito","dvt":"V\u00e1lido","vap":"34","pvap":"   0,11"},{"seq":"35","sqcand":"140001221642","n":"10456","nm":"BETO SANTOS","cc":"REPUBLICANOS","nv":" ","e":"n","st":"Suplente","dvt":"V\u00e1lido","vap":"265","pvap":"   0,84"},{"seq":"166","sqcand":"140001117534","n":"11555","nm":"GON\u00c7ALO","cc":"PP","nv":" ","e":"n","st":"Suplente","dvt":"V\u00e1lido","vap":"13","pvap":"   0,04"},{"seq":"100","sqcand":"140001221252","n":"22789","nm":"PROF JAILMA","cc":"PL","nv":" ","e":"n","st":"Suplente","dvt":"V\u00e1lido","vap":"87","pvap":"   0,27"},{"seq":"130","sqcand":"140000821953","n":"12007","nm":"Z\u00c9LIA","cc":"PDT","nv":" ","e":"n","st":"Suplente","dvt":"V\u00e1lido","vap":"43","pvap":"   0,14"},{"seq":"112","sqcand":"140001117530","n":"11011","nm":"GEORGE SOARES","cc":"PP","nv":" ","e":"n","st":"Suplente","dvt":"V\u00e1lido","vap":"63","pvap":"   0,20"},{"seq":"27","sqcand":"140001221253","n":"22111","nm":"PAULINHO FARIAS","cc":"PL","nv":" ","e":"n","st":"Suplente","dvt":"V\u00e1lido","vap":"281","pvap":"   0,89"},{"seq":"123","sqcand":"140001222151","n":"23150","nm":"DIVALCIR DA AGRICULTURA","cc":"CIDADANIA","nv":" ","e":"n","st":"Suplente","dvt":"V\u00e1lido","vap":"47","pvap":"   0,15"},{"seq":"218","sqcand":"140001135077","n":"45451","nm":"JUCELIA SOUZA","cc":"PSDB","nv":" ","e":"n","st":"N\u00e3o eleito","dvt":"V\u00e1lido","vap":"30","pvap":"   0,09"},{"seq":"96","sqcand":"140000821952","n":"12999","nm":"OSMAR","cc":"PDT","nv":" ","e":"n","st":"Suplente","dvt":"V\u00e1lido","vap":"89","pvap":"   0,28"},{"seq":"103","sqcand":"140001034711","n":"14077","nm":"PASTORA FATIMA ALMEIDA","cc":"PTB","nv":" ","e":"n","st":"Suplente","dvt":"V\u00e1lido","vap":"78","pvap":"   0,25"},{"seq":"53","sqcand":"140001222145","n":"23100","nm":"MARCOS SILVA","cc":"CIDADANIA","nv":" ","e":"n","st":"Suplente","dvt":"V\u00e1lido","vap":"169","pvap":"   0,53"},{"seq":"37","sqcand":"140001221255","n":"22555","nm":"FIL\u00c9","cc":"PL","nv":" ","e":"n","st":"Suplente","dvt":"V\u00e1lido","vap":"251","pvap":"   0,79"},{"seq":"69","sqcand":"140000821928","n":"15456","nm":"TOTY","cc":"MDB","nv":" ","e":"n","st":"Suplente","dvt":"V\u00e1lido","vap":"146","pvap":"   0,46"},{"seq":"18","sqcand":"140001034722","n":"14888","nm":"MANOEL RODRIGUES","cc":"PTB","nv":" ","e":"n","st":"Suplente","dvt":"V\u00e1lido","vap":"351","pvap":"   1,11"},{"seq":"87","sqcand":"140001136747","n":"25277","nm":"VALMIR TAPI","cc":"DEM","nv":" ","e":"n","st":"Suplente","dvt":"V\u00e1lido","vap":"105","pvap":"   0,33"},{"seq":"159","sqcand":"140000795177","n":"20666","nm":"JOYCE ABREU","cc":"PSC","nv":" ","e":"n","st":"Suplente","dvt":"V\u00e1lido","vap":"17","pvap":"   0,05"},{"seq":"108","sqcand":"140001034717","n":"14014","nm":"TERMYSON PAULO","cc":"PTB","nv":" ","e":"n","st":"Suplente","dvt":"V\u00e1lido","vap":"69","pvap":"   0,22"},{"seq":"82","sqcand":"140001136746","n":"25333","nm":"NETO NUNES","cc":"DEM","nv":" ","e":"n","st":"Suplente","dvt":"V\u00e1lido","vap":"115","pvap":"   0,36"},{"seq":"185","sqcand":"140001135076","n":"45650","nm":"JUNIOR LIRA","cc":"PSDB","nv":" ","e":"n","st":"N\u00e3o eleito","dvt":"V\u00e1lido","vap":"156","pvap":"   0,49"},{"seq":"102","sqcand":"140001117533","n":"11888","nm":"ANDR\u00c9 CARRARA","cc":"PP","nv":" ","e":"n","st":"Suplente","dvt":"V\u00e1lido","vap":"80","pvap":"   0,25"},{"seq":"46","sqcand":"140000821930","n":"15644","nm":"SARGENTO JOELSON","cc":"MDB","nv":" ","e":"n","st":"Suplente","dvt":"V\u00e1lido","vap":"204","pvap":"   0,64"},{"seq":"169","sqcand":"140001034709","n":"14177","nm":"PASTORA ANDREIA","cc":"PTB","nv":" ","e":"n","st":"Suplente","dvt":"V\u00e1lido","vap":"11","pvap":"   0,03"},{"seq":"126","sqcand":"140000821941","n":"12456","nm":"JUNIOR CACHOEIRA","cc":"PDT","nv":" ","e":"n","st":"Suplente","dvt":"V\u00e1lido","vap":"46","pvap":"   0,14"},{"seq":"121","sqcand":"140000795181","n":"20040","nm":"GUILHERME DO QUARENTINHA","cc":"PSC","nv":" ","e":"n","st":"Suplente","dvt":"V\u00e1lido","vap":"51","pvap":"   0,16"},{"seq":"20","sqcand":"140000821932","n":"15678","nm":"MURILO OLIVEIRA","cc":"MDB","nv":" ","e":"n","st":"Suplente","dvt":"V\u00e1lido","vap":"337","pvap":"   1,06"},{"seq":"195","sqcand":"140001145785","n":"19111","nm":"ODAIR JOSE","cc":"PODE","nv":" ","e":"n","st":"N\u00e3o eleito","dvt":"V\u00e1lido","vap":"70","pvap":"   0,22"},{"seq":"180","sqcand":"140000821938","n":"15333","nm":"\u00c2NGELA","cc":"MDB","nv":" ","e":"n","st":"Suplente","dvt":"V\u00e1lido","vap":"0","pvap":"00.00"},{"seq":"97","sqcand":"140001221235","n":"22444","nm":"CARMEN DO CONSELHO","cc":"PL","nv":" ","e":"n","st":"Suplente","dvt":"V\u00e1lido","vap":"89","pvap":"   0,28"},{"seq":"161","sqcand":"140000821934","n":"15111","nm":"VALCICLEY PAC\u00da BOMBONZEIRO","cc":"MDB","nv":" ","e":"n","st":"Suplente","dvt":"V\u00e1lido","vap":"15","pvap":"   0,05"},{"seq":"196","sqcand":"140001258580","n":"77555","nm":"NIVALDO SILVA","cc":"SOLIDARIEDADE","nv":" ","e":"n","st":"N\u00e3o eleito","dvt":"V\u00e1lido","vap":"69","pvap":"   0,22"},{"seq":"67","sqcand":"140001221234","n":"22400","nm":"FONTES A CARA DA MUDAN\u00c7A","cc":"PL","nv":" ","e":"n","st":"Suplente","dvt":"V\u00e1lido","vap":"146","pvap":"   0,46"},{"seq":"6","sqcand":"140000821949","n":"12777","nm":"PROFESSOR OZEIAS","cc":"PDT","nv":" ","e":"s","st":"Eleito","dvt":"V\u00e1lido","vap":"601","pvap":"   1,89"},{"seq":"98","sqcand":"140001222152","n":"23777","nm":"PAULO VITOR","cc":"CIDADANIA","nv":" ","e":"n","st":"Suplente","dvt":"V\u00e1lido","vap":"89","pvap":"   0,28"},{"seq":"172","sqcand":"140001034719","n":"14569","nm":"JONAS ALENCAR","cc":"PTB","nv":" ","e":"n","st":"Suplente","dvt":"V\u00e1lido","vap":"9","pvap":"   0,03"},{"seq":"57","sqcand":"140001221653","n":"10555","nm":"RAIMUNDO NONATO","cc":"REPUBLICANOS","nv":" ","e":"n","st":"Suplente","dvt":"V\u00e1lido","vap":"164","pvap":"   0,52"},{"seq":"28","sqcand":"140001221246","n":"22345","nm":"HAMILTON DO LIVRAMENTO","cc":"PL","nv":" ","e":"n","st":"Suplente","dvt":"V\u00e1lido","vap":"280","pvap":"   0,88"},{"seq":"140","sqcand":"140001117521","n":"11666","nm":"PROFESSORA MARCIA MARTINS","cc":"PP","nv":" ","e":"n","st":"Suplente","dvt":"V\u00e1lido","vap":"30","pvap":"   0,09"},{"seq":"5","sqcand":"140001221236","n":"22122","nm":"DR CLAUDIO DO HOSPITAL","cc":"PL","nv":" ","e":"s","st":"Eleito","dvt":"V\u00e1lido","vap":"623","pvap":"   1,96"},{"seq":"232","sqcand":"140001258244","n":"77600","nm":"EDINALDO SILVA","cc":"SOLIDARIEDADE","nv":" ","e":"n","st":"N\u00e3o eleito","dvt":"V\u00e1lido","vap":"13","pvap":"   0,04"},{"seq":"109","sqcand":"140001117520","n":"11789","nm":"PAULO ON\u00c7A","cc":"PP","nv":" ","e":"n","st":"Suplente","dvt":"V\u00e1lido","vap":"68","pvap":"   0,21"},{"seq":"151","sqcand":"140000821937","n":"15666","nm":"ROSINHA DO AZUL\u00c3O","cc":"MDB","nv":" ","e":"n","st":"Suplente","dvt":"V\u00e1lido","vap":"23","pvap":"   0,07"},{"seq":"76","sqcand":"140001221655","n":"10005","nm":"MANOEL LENDA","cc":"REPUBLICANOS","nv":" ","e":"n","st":"Suplente","dvt":"V\u00e1lido","vap":"122","pvap":"   0,38"},{"seq":"51","sqcand":"140001117518","n":"11404","nm":"TIAGO DO TABATINGA","cc":"PP","nv":" ","e":"n","st":"Suplente","dvt":"V\u00e1lido","vap":"175","pvap":"   0,55"},{"seq":"19","sqcand":"140000821957","n":"12222","nm":"ETEVALDO","cc":"PDT","nv":" ","e":"n","st":"Suplente","dvt":"V\u00e1lido","vap":"340","pvap":"   1,07"},{"seq":"209","sqcand":"140001135080","n":"45000","nm":"LEILA DO A\u00c7AI DA SORTE","cc":"PSDB","nv":" ","e":"n","st":"N\u00e3o eleito","dvt":"V\u00e1lido","vap":"37","pvap":"   0,12"},{"seq":"1","sqcand":"140001221256","n":"22123","nm":"NETO LEOC\u00c1DIO","cc":"PL","nv":" ","e":"s","st":"Eleito","dvt":"V\u00e1lido","vap":"938","pvap":"   2,96"},{"seq":"111","sqcand":"140001221239","n":"22580","nm":"PAI EDSON","cc":"PL","nv":" ","e":"n","st":"Suplente","dvt":"V\u00e1lido","vap":"64","pvap":"   0,20"},{"seq":"34","sqcand":"140001222158","n":"23013","nm":"DEP CARECA DA SAUDE","cc":"CIDADANIA","nv":" ","e":"n","st":"Suplente","dvt":"V\u00e1lido","vap":"271","pvap":"   0,85"},{"seq":"74","sqcand":"140001221659","n":"10113","nm":"EDU PEIXOTO","cc":"REPUBLICANOS","nv":" ","e":"n","st":"Suplente","dvt":"V\u00e1lido","vap":"133","pvap":"   0,42"},{"seq":"9","sqcand":"140000821948","n":"12111","nm":"VAL SOM","cc":"PDT","nv":" ","e":"s","st":"Eleito","dvt":"V\u00e1lido","vap":"501","pvap":"   1,58"},{"seq":"131","sqcand":"140000821947","n":"12112","nm":"ALESSANDRO MEC\u00c2NICO","cc":"PDT","nv":" ","e":"n","st":"Suplente","dvt":"V\u00e1lido","vap":"42","pvap":"   0,13"},{"seq":"224","sqcand":"140001118506","n":"55666","nm":"ROBERTO FOTO LIDER","cc":"PSD","nv":" ","e":"n","st":"N\u00e3o eleito","dvt":"V\u00e1lido","vap":"22","pvap":"   0,07"},{"seq":"229","sqcand":"140001258755","n":"77022","nm":"REGINA TRAVASSOS","cc":"SOLIDARIEDADE","nv":" ","e":"n","st":"N\u00e3o eleito","dvt":"V\u00e1lido","vap":"16","pvap":"   0,05"},{"seq":"21","sqcand":"140000821933","n":"15264","nm":"ANTONIA PEREIRA","cc":"MDB","nv":" ","e":"n","st":"Suplente","dvt":"V\u00e1lido","vap":"332","pvap":"   1,05"},{"seq":"24","sqcand":"140000795178","n":"20000","nm":"LUIZINHO MACHADO","cc":"PSC","nv":" ","e":"n","st":"Suplente","dvt":"V\u00e1lido","vap":"287","pvap":"   0,90"},{"seq":"16","sqcand":"140001221238","n":"22999","nm":"PISCA","cc":"PL","nv":" ","e":"n","st":"Suplente","dvt":"V\u00e1lido","vap":"516","pvap":"   1,63"},{"seq":"143","sqcand":"140001034715","n":"14090","nm":"PASTORA BRUNA","cc":"PTB","nv":" ","e":"n","st":"Suplente","dvt":"V\u00e1lido","vap":"29","pvap":"   0,09"},{"seq":"223","sqcand":"140001145789","n":"19019","nm":"DEZENOVE","cc":"PODE","nv":" ","e":"n","st":"N\u00e3o eleito","dvt":"V\u00e1lido","vap":"22","pvap":"   0,07"},{"seq":"137","sqcand":"140000795174","n":"20555","nm":"MAGNO REIS","cc":"PSC","nv":" ","e":"n","st":"Suplente","dvt":"V\u00e1lido","vap":"33","pvap":"   0,10"},{"seq":"79","sqcand":"140001034720","n":"14333","nm":"IRACI","cc":"PTB","nv":" ","e":"n","st":"Suplente","dvt":"V\u00e1lido","vap":"119","pvap":"   0,38"},{"seq":"3","sqcand":"140001221254","n":"22022","nm":"PAULAO","cc":"PL","nv":" ","e":"s","st":"Eleito","dvt":"V\u00e1lido","vap":"657","pvap":"   2,07"},{"seq":"186","sqcand":"140001258608","n":"77722","nm":"ROSA DO SANDRO DA MUNDOCA","cc":"SOLIDARIEDADE","nv":" ","e":"n","st":"N\u00e3o eleito","dvt":"V\u00e1lido","vap":"125","pvap":"   0,39"},{"seq":"50","sqcand":"140001117517","n":"11369","nm":"ALINE DA CER\u00c2MICA","cc":"PP","nv":" ","e":"n","st":"Suplente","dvt":"V\u00e1lido","vap":"195","pvap":"   0,61"},{"seq":"68","sqcand":"140001117526","n":"11777","nm":"EDEM COUTINHO","cc":"PP","nv":" ","e":"n","st":"Suplente","dvt":"V\u00e1lido","vap":"146","pvap":"   0,46"},{"seq":"55","sqcand":"140001221241","n":"22456","nm":"BAGICO","cc":"PL","nv":" ","e":"n","st":"Suplente","dvt":"V\u00e1lido","vap":"168","pvap":"   0,53"},{"seq":"133","sqcand":"140001136753","n":"25566","nm":"MANO ZECA","cc":"DEM","nv":" ","e":"n","st":"Suplente","dvt":"V\u00e1lido","vap":"39","pvap":"   0,12"},{"seq":"202","sqcand":"140001258139","n":"77622","nm":"BOLO DA LADEIRA","cc":"SOLIDARIEDADE","nv":" ","e":"n","st":"N\u00e3o eleito","dvt":"V\u00e1lido","vap":"58","pvap":"   0,18"},{"seq":"84","sqcand":"140001034703","n":"14567","nm":"PASTORA ANA CRISTINA","cc":"PTB","nv":" ","e":"n","st":"Suplente","dvt":"V\u00e1lido","vap":"112","pvap":"   0,35"},{"seq":"162","sqcand":"140000821924","n":"15258","nm":"VAL","cc":"MDB","nv":" ","e":"n","st":"Suplente","dvt":"V\u00e1lido","vap":"14","pvap":"   0,04"},{"seq":"17","sqcand":"140000821942","n":"12344","nm":"Z\u00c9 MARIA DA VILA FRAN\u00c7A","cc":"PDT","nv":" ","e":"n","st":"Suplente","dvt":"V\u00e1lido","vap":"385","pvap":"   1,21"},{"seq":"52","sqcand":"140001222148","n":"23600","nm":"PASTORA DOCARMO","cc":"CIDADANIA","nv":" ","e":"n","st":"Suplente","dvt":"V\u00e1lido","vap":"171","pvap":"   0,54"},{"seq":"173","sqcand":"140001222153","n":"23200","nm":"IVANETE DO TATUAIA","cc":"CIDADANIA","nv":" ","e":"n","st":"Suplente","dvt":"V\u00e1lido","vap":"9","pvap":"   0,03"},{"seq":"199","sqcand":"140001135085","n":"45123","nm":"PROFESSOR EVANDRO","cc":"PSDB","nv":" ","e":"n","st":"N\u00e3o eleito","dvt":"V\u00e1lido","vap":"60","pvap":"   0,19"},{"seq":"149","sqcand":"140001117535","n":"11010","nm":"JHON K","cc":"PP","nv":" ","e":"n","st":"Suplente","dvt":"V\u00e1lido","vap":"25","pvap":"   0,08"},{"seq":"7","sqcand":"140001222156","n":"23555","nm":"ZECA DO AMANDIO","cc":"CIDADANIA","nv":" ","e":"s","st":"Eleito","dvt":"V\u00e1lido","vap":"519","pvap":"   1,64"},{"seq":"62","sqcand":"140001221244","n":"22015","nm":"SANDRO RENANN","cc":"PL","nv":" ","e":"n","st":"Suplente","dvt":"V\u00e1lido","vap":"155","pvap":"   0,49"},{"seq":"155","sqcand":"140001221245","n":"22333","nm":"LUCIO JORGE","cc":"PL","nv":" ","e":"n","st":"Suplente","dvt":"V\u00e1lido","vap":"20","pvap":"   0,06"},{"seq":"183","sqcand":"140001258961","n":"77123","nm":"RIAN","cc":"SOLIDARIEDADE","nv":" ","e":"n","st":"N\u00e3o eleito","dvt":"V\u00e1lido","vap":"209","pvap":"   0,66"},{"seq":"174","sqcand":"140000795186","n":"20444","nm":"PATRICIA LEAL","cc":"PSC","nv":" ","e":"n","st":"Suplente","dvt":"V\u00e1lido","vap":"9","pvap":"   0,03"},{"seq":"29","sqcand":"140000821920","n":"15444","nm":"JONAS SABE TUDO","cc":"MDB","nv":" ","e":"n","st":"Suplente","dvt":"V\u00e1lido","vap":"277","pvap":"   0,87"},{"seq":"157","sqcand":"140000795184","n":"20202","nm":"DIONISIA","cc":"PSC","nv":" ","e":"n","st":"Suplente","dvt":"V\u00e1lido","vap":"20","pvap":"   0,06"},{"seq":"182","sqcand":"140001258775","n":"77222","nm":"DR DANIEL","cc":"SOLIDARIEDADE","nv":" ","e":"n","st":"N\u00e3o eleito","dvt":"V\u00e1lido","vap":"348","pvap":"   1,10"},{"seq":"184","sqcand":"140001145783","n":"19999","nm":"TIGRINHO","cc":"PODE","nv":" ","e":"n","st":"N\u00e3o eleito","dvt":"V\u00e1lido","vap":"158","pvap":"   0,50"},{"seq":"89","sqcand":"140001136748","n":"25444","nm":"MANOEL LOPES","cc":"DEM","nv":" ","e":"n","st":"Suplente","dvt":"V\u00e1lido","vap":"103","pvap":"   0,32"},{"seq":"38","sqcand":"140001221648","n":"10000","nm":"RAY LOPES","cc":"REPUBLICANOS","nv":" ","e":"n","st":"Suplente","dvt":"V\u00e1lido","vap":"246","pvap":"   0,78"},{"seq":"22","sqcand":"140000821939","n":"12888","nm":"ANTONIO MACHADO","cc":"PDT","nv":" ","e":"n","st":"Suplente","dvt":"V\u00e1lido","vap":"321","pvap":"   1,01"},{"seq":"179","sqcand":"140000821946","n":"12333","nm":"ANANIAS FIRMINO","cc":"PDT","nv":" ","e":"n","st":"Suplente","dvt":"V\u00e1lido","vap":"1","pvap":"   0,00"},{"seq":"197","sqcand":"140001145784","n":"19456","nm":"ALMIRA ROCHA","cc":"PODE","nv":" ","e":"n","st":"N\u00e3o eleito","dvt":"V\u00e1lido","vap":"62","pvap":"   0,20"},{"seq":"4","sqcand":"140001221247","n":"22222","nm":"LOURINHO FOTOGRAFIAS","cc":"PL","nv":" ","e":"s","st":"Eleito","dvt":"V\u00e1lido","vap":"628","pvap":"   1,98"},{"seq":"187","sqcand":"140001118499","n":"55000","nm":"PROFESSOR MAX ALVES","cc":"PSD","nv":" ","e":"n","st":"N\u00e3o eleito","dvt":"V\u00e1lido","vap":"100","pvap":"   0,32"},{"seq":"219","sqcand":"140001258791","n":"77133","nm":"DJ PIRANHA","cc":"SOLIDARIEDADE","nv":" ","e":"n","st":"N\u00e3o eleito","dvt":"V\u00e1lido","vap":"29","pvap":"   0,09"},{"seq":"10","sqcand":"140000795176","n":"20333","nm":"ISOMAR SOARES","cc":"PSC","nv":" ","e":"s","st":"Eleito","dvt":"V\u00e1lido","vap":"420","pvap":"   1,32"},{"seq":"177","sqcand":"140001221658","n":"10789","nm":"ELIANA","cc":"REPUBLICANOS","nv":" ","e":"n","st":"Suplente","dvt":"V\u00e1lido","vap":"5","pvap":"   0,02"},{"seq":"71","sqcand":"140001222144","n":"23123","nm":"TOTINHA","cc":"CIDADANIA","nv":" ","e":"n","st":"Suplente","dvt":"V\u00e1lido","vap":"141","pvap":"   0,44"},{"seq":"61","sqcand":"140000821922","n":"15015","nm":"MARQUINHO ELETRICISTA","cc":"MDB","nv":" ","e":"n","st":"Suplente","dvt":"V\u00e1lido","vap":"162","pvap":"   0,51"},{"seq":"201","sqcand":"140001258943","n":"77888","nm":"FABRICIO GAMA","cc":"SOLIDARIEDADE","nv":" ","e":"n","st":"N\u00e3o eleito","dvt":"V\u00e1lido","vap":"60","pvap":"   0,19"},{"seq":"129","sqcand":"140001221243","n":"22888","nm":"PROF HONORINA","cc":"PL","nv":" ","e":"n","st":"Suplente","dvt":"V\u00e1lido","vap":"45","pvap":"   0,14"},{"seq":"139","sqcand":"140001221651","n":"10443","nm":"LAERCIO CA\u00c7ADOR","cc":"REPUBLICANOS","nv":" ","e":"n","st":"Suplente","dvt":"V\u00e1lido","vap":"31","pvap":"   0,10"},{"seq":"66","sqcand":"140001221240","n":"22550","nm":"DIRETORA DAYRES","cc":"PL","nv":" ","e":"n","st":"Suplente","dvt":"V\u00e1lido","vap":"147","pvap":"   0,46"},{"seq":"48","sqcand":"140001117519","n":"11122","nm":"JAMERSON SILVA","cc":"PP","nv":" ","e":"n","st":"Suplente","dvt":"V\u00e1lido","vap":"196","pvap":"   0,62"},{"seq":"59","sqcand":"140001222140","n":"23690","nm":"EDGAR SEGURAN\u00c7A","cc":"CIDADANIA","nv":" ","e":"n","st":"Suplente","dvt":"V\u00e1lido","vap":"163","pvap":"   0,51"},{"seq":"120","sqcand":"140001136750","n":"25666","nm":"NELSON DO HOSPITAL","cc":"DEM","nv":" ","e":"n","st":"Suplente","dvt":"V\u00e1lido","vap":"52","pvap":"   0,16"},{"seq":"56","sqcand":"140001136754","n":"25123","nm":"PROF SELMA MENDES","cc":"DEM","nv":" ","e":"n","st":"Suplente","dvt":"V\u00e1lido","vap":"165","pvap":"   0,52"},{"seq":"163","sqcand":"140000821943","n":"12012","nm":"LURDES LOBO","cc":"PDT","nv":" ","e":"n","st":"Suplente","dvt":"V\u00e1lido","vap":"13","pvap":"   0,04"},{"seq":"122","sqcand":"140001034718","n":"14999","nm":"RAIMUNDO ADALTO","cc":"PTB","nv":" ","e":"n","st":"Suplente","dvt":"V\u00e1lido","vap":"48","pvap":"   0,15"},{"seq":"208","sqcand":"140001118498","n":"55789","nm":"DICO","cc":"PSD","nv":" ","e":"n","st":"N\u00e3o eleito","dvt":"V\u00e1lido","vap":"39","pvap":"   0,12"},{"seq":"214","sqcand":"140001145788","n":"19123","nm":"DJ EDUARDO DIAS","cc":"PODE","nv":" ","e":"n","st":"N\u00e3o eleito","dvt":"V\u00e1lido","vap":"33","pvap":"   0,10"},{"seq":"91","sqcand":"140000821929","n":"15000","nm":"JO\u00c3O APU\u00cd","cc":"MDB","nv":" ","e":"n","st":"Suplente","dvt":"V\u00e1lido","vap":"99","pvap":"   0,31"},{"seq":"204","sqcand":"140001135083","n":"45151","nm":"NILSON PAMONHA","cc":"PSDB","nv":" ","e":"n","st":"N\u00e3o eleito","dvt":"V\u00e1lido","vap":"52","pvap":"   0,16"},{"seq":"12","sqcand":"140001034708","n":"14000","nm":"PROFESSORA ANA","cc":"PTB","nv":" ","e":"s","st":"Eleito","dvt":"V\u00e1lido","vap":"366","pvap":"   1,15"},{"seq":"64","sqcand":"140001117536","n":"11234","nm":"FUNECA","cc":"PP","nv":" ","e":"n","st":"Suplente","dvt":"V\u00e1lido","vap":"149","pvap":"   0,47"},{"seq":"99","sqcand":"140001117524","n":"11024","nm":"LEO ACS","cc":"PP","nv":" ","e":"n","st":"Suplente","dvt":"V\u00e1lido","vap":"87","pvap":"   0,27"},{"seq":"156","sqcand":"140001221657","n":"10777","nm":"LEIA TATUAIA","cc":"REPUBLICANOS","nv":" ","e":"n","st":"Suplente","dvt":"V\u00e1lido","vap":"20","pvap":"   0,06"},{"seq":"212","sqcand":"140001145781","n":"19333","nm":"VALDIR JUNIOR","cc":"PODE","nv":" ","e":"n","st":"N\u00e3o eleito","dvt":"V\u00e1lido","vap":"36","pvap":"   0,11"},{"seq":"211","sqcand":"140001145791","n":"19666","nm":"CEAR\u00c1 DO POSTO HANNA","cc":"PODE","nv":" ","e":"n","st":"N\u00e3o eleito","dvt":"V\u00e1lido","vap":"36","pvap":"   0,11"},{"seq":"118","sqcand":"140001221248","n":"22666","nm":"MARCIO TATUAIA","cc":"PL","nv":" ","e":"n","st":"Suplente","dvt":"V\u00e1lido","vap":"58","pvap":"   0,18"},{"seq":"220","sqcand":"140001258760","n":"77322","nm":"MARLEIA","cc":"SOLIDARIEDADE","nv":" ","e":"n","st":"N\u00e3o eleito","dvt":"V\u00e1lido","vap":"29","pvap":"   0,09"},{"seq":"75","sqcand":"140001221250","n":"22000","nm":"MARLIZE","cc":"PL","nv":" ","e":"n","st":"Suplente","dvt":"V\u00e1lido","vap":"126","pvap":"   0,40"},{"seq":"132","sqcand":"140001034710","n":"14555","nm":"IRM\u00c3O DOMINGOS","cc":"PTB","nv":" ","e":"n","st":"Suplente","dvt":"V\u00e1lido","vap":"41","pvap":"   0,13"},{"seq":"234","sqcand":"140001258633","n":"77779","nm":"JOISE DE OLIVEIRA","cc":"SOLIDARIEDADE","nv":" ","e":"n","st":"N\u00e3o eleito","dvt":"V\u00e1lido","vap":"6","pvap":"   0,02"},{"seq":"175","sqcand":"140000821945","n":"12212","nm":"DIANE","cc":"PDT","nv":" ","e":"n","st":"Suplente","dvt":"V\u00e1lido","vap":"9","pvap":"   0,03"},{"seq":"127","sqcand":"140001034702","n":"14789","nm":"PROFESSORA TANIA","cc":"PTB","nv":" ","e":"n","st":"Suplente","dvt":"V\u00e1lido","vap":"46","pvap":"   0,14"},{"seq":"43","sqcand":"140000821923","n":"15155","nm":"PRIMO DO POV\u00c3O","cc":"MDB","nv":" ","e":"n","st":"Suplente","dvt":"V\u00e1lido","vap":"219","pvap":"   0,69"},{"seq":"178","sqcand":"140000795182","n":"20777","nm":"SUELEN MARINHO","cc":"PSC","nv":" ","e":"n","st":"Suplente","dvt":"V\u00e1lido","vap":"4","pvap":"   0,01"},{"seq":"92","sqcand":"140001034713","n":"14777","nm":"DEUZIMAR DANTAS","cc":"PTB","nv":" ","e":"n","st":"Suplente","dvt":"V\u00e1lido","vap":"97","pvap":"   0,31"},{"seq":"39","sqcand":"140001117538","n":"11123","nm":"MARIO SOUSA","cc":"PP","nv":" ","e":"n","st":"Suplente","dvt":"V\u00e1lido","vap":"244","pvap":"   0,77"},{"seq":"167","sqcand":"140000795175","n":"20230","nm":"NATANAEL PEREIRA","cc":"PSC","nv":" ","e":"n","st":"Suplente","dvt":"V\u00e1lido","vap":"12","pvap":"   0,04"},{"seq":"226","sqcand":"140001145782","n":"19245","nm":"PEROBA","cc":"PODE","nv":" ","e":"n","st":"N\u00e3o eleito","dvt":"V\u00e1lido","vap":"20","pvap":"   0,06"},{"seq":"176","sqcand":"140001221652","n":"10345","nm":"LENA DO MURAITEUA","cc":"REPUBLICANOS","nv":" ","e":"n","st":"Suplente","dvt":"V\u00e1lido","vap":"7","pvap":"   0,02"},{"seq":"60","sqcand":"140001221242","n":"22321","nm":"LEICE","cc":"PL","nv":" ","e":"n","st":"Suplente","dvt":"V\u00e1lido","vap":"163","pvap":"   0,51"},{"seq":"94","sqcand":"140001136758","n":"25222","nm":"MIGUEL CABELEIREIRO","cc":"DEM","nv":" ","e":"n","st":"Suplente","dvt":"V\u00e1lido","vap":"93","pvap":"   0,29"},{"seq":"83","sqcand":"140001221650","n":"10110","nm":"MARCIEL DO CAMINH\u00c3O","cc":"REPUBLICANOS","nv":" ","e":"n","st":"Suplente","dvt":"V\u00e1lido","vap":"112","pvap":"   0,35"},{"seq":"198","sqcand":"140001258154","n":"77333","nm":"SILVINO, O CANTOR","cc":"SOLIDARIEDADE","nv":" ","e":"n","st":"N\u00e3o eleito","dvt":"V\u00e1lido","vap":"61","pvap":"   0,19"},{"seq":"230","sqcand":"140001118504","n":"55222","nm":"EDILENE","cc":"PSD","nv":" ","e":"n","st":"N\u00e3o eleito","dvt":"V\u00e1lido","vap":"14","pvap":"   0,04"},{"seq":"49","sqcand":"140001221649","n":"10222","nm":"BIGU","cc":"REPUBLICANOS","nv":" ","e":"n","st":"Suplente","dvt":"V\u00e1lido","vap":"195","pvap":"   0,61"},{"seq":"189","sqcand":"140001145786","n":"19222","nm":"LULU DO CASTELO","cc":"PODE","nv":" ","e":"n","st":"N\u00e3o eleito","dvt":"V\u00e1lido","vap":"95","pvap":"   0,30"},{"seq":"222","sqcand":"140001135078","n":"45224","nm":"ELVIS MARTINS","cc":"PSDB","nv":" ","e":"n","st":"N\u00e3o eleito","dvt":"V\u00e1lido","vap":"28","pvap":"   0,09"},{"seq":"25","sqcand":"140001222154","n":"23333","nm":"CABO DIAS","cc":"CIDADANIA","nv":" ","e":"n","st":"Suplente","dvt":"V\u00e1lido","vap":"286","pvap":"   0,90"},{"seq":"235","sqcand":"140001135081","n":"45777","nm":"MARIA CANTA GALO","cc":"PSDB","nv":" ","e":"n","st":"N\u00e3o eleito","dvt":"V\u00e1lido","vap":"1","pvap":"   0,00"},{"seq":"145","sqcand":"140000795171","n":"20121","nm":"MISSIONARIA OLIVIA","cc":"PSC","nv":" ","e":"n","st":"Suplente","dvt":"V\u00e1lido","vap":"28","pvap":"   0,09"},{"seq":"110","sqcand":"140001221640","n":"10234","nm":"SILVANA SILVA","cc":"REPUBLICANOS","nv":" ","e":"n","st":"Suplente","dvt":"V\u00e1lido","vap":"67","pvap":"   0,21"},{"seq":"194","sqcand":"140001135073","n":"45666","nm":"EDMAR DO CEAR\u00c1 PARKS","cc":"PSDB","nv":" ","e":"n","st":"N\u00e3o eleito","dvt":"V\u00e1lido","vap":"78","pvap":"   0,25"},{"seq":"165","sqcand":"140001117537","n":"11220","nm":"THAIS LIMA","cc":"PP","nv":" ","e":"n","st":"Suplente","dvt":"V\u00e1lido","vap":"13","pvap":"   0,04"},{"seq":"45","sqcand":"140001221237","n":"22192","nm":"PROFESSORA SORAIA","cc":"PL","nv":" ","e":"n","st":"Suplente","dvt":"V\u00e1lido","vap":"205","pvap":"   0,65"},{"seq":"231","sqcand":"140001258865","n":"77100","nm":"SANDRO DA C\u00c9LIA","cc":"SOLIDARIEDADE","nv":" ","e":"n","st":"N\u00e3o eleito","dvt":"V\u00e1lido","vap":"13","pvap":"   0,04"},{"seq":"158","sqcand":"140000821944","n":"12444","nm":"NEILIANA DO PAULISTA","cc":"PDT","nv":" ","e":"n","st":"Suplente","dvt":"V\u00e1lido","vap":"19","pvap":"   0,06"},{"seq":"154","sqcand":"140001034707","n":"14117","nm":"WANDA VAZ","cc":"PTB","nv":" ","e":"n","st":"Suplente","dvt":"V\u00e1lido","vap":"22","pvap":"   0,07"},{"seq":"23","sqcand":"140000821954","n":"12000","nm":"TONICO MEIRELES","cc":"PDT","nv":" ","e":"n","st":"Suplente","dvt":"V\u00e1lido","vap":"290","pvap":"   0,91"},{"seq":"134","sqcand":"140000795187","n":"20500","nm":"ADRIANO","cc":"PSC","nv":" ","e":"n","st":"Suplente","dvt":"V\u00e1lido","vap":"36","pvap":"   0,11"},{"seq":"85","sqcand":"140001117531","n":"11222","nm":"SOCORRO VERAS","cc":"PP","nv":" ","e":"n","st":"Suplente","dvt":"V\u00e1lido","vap":"112","pvap":"   0,35"},{"seq":"119","sqcand":"140000795169","n":"20456","nm":"TI\u00c3O DO TAXI","cc":"PSC","nv":" ","e":"n","st":"Suplente","dvt":"V\u00e1lido","vap":"55","pvap":"   0,17"},{"seq":"142","sqcand":"140001136749","n":"25250","nm":"NICE DO CONSELHO","cc":"DEM","nv":" ","e":"n","st":"Suplente","dvt":"V\u00e1lido","vap":"29","pvap":"   0,09"},{"seq":"47","sqcand":"140000821931","n":"15555","nm":"KATYANNE ARAUJO","cc":"MDB","nv":" ","e":"n","st":"Suplente","dvt":"V\u00e1lido","vap":"199","pvap":"   0,63"},{"seq":"113","sqcand":"140001222146","n":"23456","nm":"MARCELINA DA EDUCA\u00c7\u00c3O","cc":"CIDADANIA","nv":" ","e":"n","st":"Suplente","dvt":"V\u00e1lido","vap":"63","pvap":"   0,20"},{"seq":"80","sqcand":"140001221644","n":"10999","nm":"JONAS DO RAIMUNDO GUERREIRO","cc":"REPUBLICANOS","nv":" ","e":"n","st":"Suplente","dvt":"V\u00e1lido","vap":"119","pvap":"   0,38"},{"seq":"104","sqcand":"140001221643","n":"10010","nm":"GUITESA","cc":"REPUBLICANOS","nv":" ","e":"n","st":"Suplente","dvt":"V\u00e1lido","vap":"75","pvap":"   0,24"},{"seq":"227","sqcand":"140001145787","n":"19789","nm":"EDILENE BIBILA","cc":"PODE","nv":" ","e":"n","st":"N\u00e3o eleito","dvt":"V\u00e1lido","vap":"19","pvap":"   0,06"},{"seq":"188","sqcand":"140001258919","n":"77000","nm":"DR TIAGO","cc":"SOLIDARIEDADE","nv":" ","e":"n","st":"N\u00e3o eleito","dvt":"V\u00e1lido","vap":"98","pvap":"   0,31"},{"seq":"40","sqcand":"140001222142","n":"23222","nm":"VEREADOR BIGODE","cc":"CIDADANIA","nv":" ","e":"n","st":"Suplente","dvt":"V\u00e1lido","vap":"224","pvap":"   0,71"},{"seq":"152","sqcand":"140001034716","n":"14111","nm":"PASTOR JUNIOR","cc":"PTB","nv":" ","e":"n","st":"Suplente","dvt":"V\u00e1lido","vap":"23","pvap":"   0,07"},{"seq":"88","sqcand":"140000821955","n":"12555","nm":"PASTORA JUCELI","cc":"PDT","nv":" ","e":"n","st":"Suplente","dvt":"V\u00e1lido","vap":"104","pvap":"   0,33"},{"seq":"206","sqcand":"140001145793","n":"19444","nm":"DRA ELISANGELA","cc":"PODE","nv":" ","e":"n","st":"N\u00e3o eleito","dvt":"V\u00e1lido","vap":"47","pvap":"   0,15"},{"seq":"2","sqcand":"140000821927","n":"15123","nm":"ELIEZIO DAMASCENO","cc":"MDB","nv":" ","e":"s","st":"Eleito","dvt":"V\u00e1lido","vap":"698","pvap":"   2,20"},{"seq":"124","sqcand":"140001117529","n":"11013","nm":"MARIA JOS\u00c9 MARINHO","cc":"PP","nv":" ","e":"n","st":"Suplente","dvt":"V\u00e1lido","vap":"47","pvap":"   0,15"},{"seq":"164","sqcand":"140000795183","n":"20888","nm":"WELLITON SOARES","cc":"PSC","nv":" ","e":"n","st":"Suplente","dvt":"V\u00e1lido","vap":"13","pvap":"   0,04"},{"seq":"86","sqcand":"140001222143","n":"23654","nm":"CLEITON LIMA","cc":"CIDADANIA","nv":" ","e":"n","st":"Suplente","dvt":"V\u00e1lido","vap":"108","pvap":"   0,34"},{"seq":"58","sqcand":"140001034701","n":"14444","nm":"PASTOR DAVI","cc":"PTB","nv":" ","e":"n","st":"Suplente","dvt":"V\u00e1lido","vap":"163","pvap":"   0,51"},{"seq":"65","sqcand":"140000821935","n":"15051","nm":"JORGE DO DED\u00c9","cc":"MDB","nv":" ","e":"n","st":"Suplente","dvt":"V\u00e1lido","vap":"149","pvap":"   0,47"},{"seq":"15","sqcand":"140001117527","n":"11321","nm":"LORO DO PATAUA","cc":"PP","nv":" ","e":"s","st":"Eleito","dvt":"V\u00e1lido","vap":"250","pvap":"   0,79"},{"seq":"200","sqcand":"140001258939","n":"77046","nm":"GILBERTO DA KC","cc":"SOLIDARIEDADE","nv":" ","e":"n","st":"N\u00e3o eleito","dvt":"V\u00e1lido","vap":"60","pvap":"   0,19"},{"seq":"73","sqcand":"140001136751","n":"25450","nm":"MANO RAI","cc":"DEM","nv":" ","e":"n","st":"Suplente","dvt":"V\u00e1lido","vap":"134","pvap":"   0,42"},{"seq":"78","sqcand":"140001117528","n":"11112","nm":"SABIA DO TEXAS","cc":"PP","nv":" ","e":"n","st":"Suplente","dvt":"V\u00e1lido","vap":"120","pvap":"   0,38"},{"seq":"77","sqcand":"140001222147","n":"23111","nm":"COELHO DO TATUAIA","cc":"CIDADANIA","nv":" ","e":"n","st":"Suplente","dvt":"V\u00e1lido","vap":"122","pvap":"   0,38"},{"seq":"117","sqcand":"140000821925","n":"15222","nm":"CUMAR\u00da","cc":"MDB","nv":" ","e":"n","st":"Suplente","dvt":"V\u00e1lido","vap":"59","pvap":"   0,19"},{"seq":"150","sqcand":"140001034721","n":"14709","nm":"CARLOS JUNIO","cc":"PTB","nv":" ","e":"n","st":"Suplente","dvt":"V\u00e1lido","vap":"25","pvap":"   0,08"},{"seq":"160","sqcand":"140001221639","n":"10172","nm":"WILMA","cc":"REPUBLICANOS","nv":" ","e":"n","st":"Suplente","dvt":"V\u00e1lido","vap":"16","pvap":"   0,05"},{"seq":"36","sqcand":"140000795172","n":"20222","nm":"JAIRO BRASIL","cc":"PSC","nv":" ","e":"n","st":"Suplente","dvt":"V\u00e1lido","vap":"261","pvap":"   0,82"},{"seq":"225","sqcand":"140001118503","n":"55678","nm":"IVONE","cc":"PSD","nv":" ","e":"n","st":"N\u00e3o eleito","dvt":"V\u00e1lido","vap":"22","pvap":"   0,07"},{"seq":"171","sqcand":"140000795180","n":"20606","nm":"JACK CHAM","cc":"PSC","nv":" ","e":"n","st":"Suplente","dvt":"V\u00e1lido","vap":"10","pvap":"   0,03"},{"seq":"135","sqcand":"140001034706","n":"14234","nm":"CLEMENTINO","cc":"PTB","nv":" ","e":"n","st":"Suplente","dvt":"V\u00e1lido","vap":"35","pvap":"   0,11"},{"seq":"125","sqcand":"140001221638","n":"10333","nm":"ZE DA BUZINA","cc":"REPUBLICANOS","nv":" ","e":"n","st":"Suplente","dvt":"V\u00e1lido","vap":"46","pvap":"   0,14"},{"seq":"153","sqcand":"140001034704","n":"14123","nm":"CARLOS NOBRE","cc":"PTB","nv":" ","e":"n","st":"Suplente","dvt":"V\u00e1lido","vap":"23","pvap":"   0,07"},{"seq":"32","sqcand":"140001136759","n":"25255","nm":"Z\u00c9 PEIXEIRO","cc":"DEM","nv":" ","e":"n","st":"Suplente","dvt":"V\u00e1lido","vap":"271","pvap":"   0,85"},{"seq":"115","sqcand":"140001034712","n":"14007","nm":"DIOGO CONDE","cc":"PTB","nv":" ","e":"n","st":"Suplente","dvt":"V\u00e1lido","vap":"61","pvap":"   0,19"},{"seq":"31","sqcand":"140001034705","n":"14222","nm":"VALDECI OLIVEIRA CIRIACO","cc":"PTB","nv":" ","e":"n","st":"Suplente","dvt":"V\u00e1lido","vap":"272","pvap":"   0,86"},{"seq":"210","sqcand":"140001118501","n":"55444","nm":"EDIVALDO MOTO TAXI","cc":"PSD","nv":" ","e":"n","st":"N\u00e3o eleito","dvt":"V\u00e1lido","vap":"36","pvap":"   0,11"},{"seq":"168","sqcand":"140001222149","n":"23045","nm":"MANEQUINHO","cc":"CIDADANIA","nv":" ","e":"n","st":"Suplente","dvt":"V\u00e1lido","vap":"11","pvap":"   0,03"},{"seq":"205","sqcand":"140001118502","n":"55777","nm":"KENEDY LIMA","cc":"PSD","nv":" ","e":"n","st":"N\u00e3o eleito","dvt":"V\u00e1lido","vap":"48","pvap":"   0,15"},{"seq":"128","sqcand":"140001117516","n":"11111","nm":"ELISANGELA","cc":"PP","nv":" ","e":"n","st":"Suplente","dvt":"V\u00e1lido","vap":"46","pvap":"   0,14"},{"seq":"13","sqcand":"140001222155","n":"23000","nm":"ROBSON MAFRA","cc":"CIDADANIA","nv":" ","e":"s","st":"Eleito","dvt":"V\u00e1lido","vap":"345","pvap":"   1,09"},{"seq":"147","sqcand":"140001222150","n":"23147","nm":"CRISTIANE","cc":"CIDADANIA","nv":" ","e":"n","st":"Suplente","dvt":"V\u00e1lido","vap":"27","pvap":"   0,09"},{"seq":"136","sqcand":"140001222157","n":"23023","nm":"ALDENIRA REIS","cc":"CIDADANIA","nv":" ","e":"n","st":"Suplente","dvt":"V\u00e1lido","vap":"34","pvap":"   0,11"},{"seq":"101","sqcand":"140001117532","n":"11333","nm":"BRAZ SANTOS","cc":"PP","nv":" ","e":"n","st":"Suplente","dvt":"V\u00e1lido","vap":"86","pvap":"   0,27"},{"seq":"216","sqcand":"140001267337","n":"45111","nm":"DJ PADA SHOW","cc":"PSDB","nv":" ","e":"n","st":"N\u00e3o eleito","dvt":"V\u00e1lido","vap":"33","pvap":"   0,10"},{"seq":"41","sqcand":"140001221641","n":"10133","nm":"MESSIAS PEREIRA","cc":"REPUBLICANOS","nv":" ","e":"n","st":"Suplente","dvt":"V\u00e1lido","vap":"223","pvap":"   0,70"},{"seq":"81","sqcand":"140001117523","n":"11444","nm":"PASTORA EDINEUZA","cc":"PP","nv":" ","e":"n","st":"Suplente","dvt":"V\u00e1lido","vap":"118","pvap":"   0,37"},{"seq":"30","sqcand":"140000821951","n":"12345","nm":"ZEZ\u00c9 DA ASPA","cc":"PDT","nv":" ","e":"n","st":"Suplente","dvt":"V\u00e1lido","vap":"273","pvap":"   0,86"},{"seq":"14","sqcand":"140001136756","n":"25888","nm":"GLEISON DO ALCINO","cc":"DEM","nv":" ","e":"s","st":"Eleito","dvt":"V\u00e1lido","vap":"275","pvap":"   0,87"},{"seq":"106","sqcand":"140000821950","n":"12789","nm":"FONFON","cc":"PDT","nv":" ","e":"n","st":"Suplente","dvt":"V\u00e1lido","vap":"73","pvap":"   0,23"}]}
