{"ele":"426","tpabr":"mu","cdabr":"05576","carper":"13","t":"1","f":"o","dt":"15/11/2020","ht":"22:16:15","dv":"s","tf":"s","v":"11","esae":"n","mnae":"","s":"63","st":"63","pst":" 100,00","snt":"0","psnt":"   0,00","si":"63","psi":" 100,00","sni":"0","psni":"   0,00","sa":"63","psa":" 100,00","sna":"0","psna":"   0,00","e":"20865","ea":"20865","pea":" 100,00","ena":"0","pena":"   0,00","esi":"20865","pesi":" 100,00","esni":"0","pesni":"   0,00","c":"16902","pc":"  81,01","a":"3963","pa":"  18,99","vscv":"0","vnom":"15821","vl":"644","pvnom":"  96,09","pvl":"   3,91","vvc":"16518","pvvc":"  97,73","vb":"92","pvb":"   0,54","tvn":"292","ptvn":"   1,73","vn":"292","pvn":" 100,00","vnt":"0","pvnt":"   0,00","vp":"0","pvp":"   0,00","vv":"16465","pvv":"  99,68","van":"0","pvan":"   0,00","vansj":"53","pvansj":"   0,32","tv":"16902","cand":[{"seq":"64","sqcand":"140001099392","n":"20003","nm":"ALESSANDRO","cc":"PSC","nv":" ","e":"n","st":"Suplente","dvt":"V\u00e1lido","vap":"37","pvap":"   0,22"},{"seq":"99","sqcand":"140001187096","n":"45333","nm":"VIVA LANCHE","cc":"PSDB","nv":" ","e":"n","st":"Suplente","dvt":"V\u00e1lido","vap":"4","pvap":"   0,02"},{"seq":"160","sqcand":"140001239190","n":"77111","nm":"SILVIA","cc":"SOLIDARIEDADE","nv":" ","e":"n","st":"N\u00e3o eleito","dvt":"V\u00e1lido","vap":"2","pvap":"   0,01"},{"seq":"9","sqcand":"140001099406","n":"20222","nm":"JESSICA CAVALCANTE","cc":"PSC","nv":" ","e":"s","st":"Eleito","dvt":"V\u00e1lido","vap":"412","pvap":"   2,49"},{"seq":"122","sqcand":"140001133303","n":"55010","nm":"JUVENAL DO PESQUEIRO","cc":"PSD","nv":" ","e":"n","st":"N\u00e3o eleito","dvt":"V\u00e1lido","vap":"44","pvap":"   0,27"},{"seq":"134","sqcand":"140000977317","n":"10007","nm":"FERNANDO DA HIPER PAN","cc":"REPUBLICANOS","nv":" ","e":"n","st":"N\u00e3o eleito","dvt":"V\u00e1lido","vap":"26","pvap":"   0,16"},{"seq":"85","sqcand":"140001187099","n":"45888","nm":"PRETA DO BARCO","cc":"PSDB","nv":" ","e":"n","st":"Suplente","dvt":"V\u00e1lido","vap":"13","pvap":"   0,08"},{"seq":"155","sqcand":"140001098897","n":"19023","nm":"RAYANE SOUZA","cc":"PODE","nv":" ","e":"n","st":"N\u00e3o eleito","dvt":"V\u00e1lido","vap":"7","pvap":"   0,04"},{"seq":"55","sqcand":"140001093109","n":"13113","nm":"GINO GINO","cc":"PT","nv":" ","e":"n","st":"Suplente","dvt":"V\u00e1lido","vap":"51","pvap":"   0,31"},{"seq":"118","sqcand":"140001133310","n":"55555","nm":"\u00c9RICA RAMIREZ","cc":"PSD","nv":" ","e":"n","st":"N\u00e3o eleito","dvt":"Anulado sub judice","vap":"53","pvap":"   0,32"},{"seq":"139","sqcand":"140001239191","n":"77555","nm":" NENRODINHO","cc":"SOLIDARIEDADE","nv":" ","e":"n","st":"N\u00e3o eleito","dvt":"V\u00e1lido","vap":"17","pvap":"   0,10"},{"seq":"106","sqcand":"140001186859","n":"28045","nm":"ALEXANDRE ARAUJO","cc":"PRTB","nv":" ","e":"n","st":"Suplente","dvt":"V\u00e1lido","vap":"0","pvap":"00.00"},{"seq":"58","sqcand":"140001100054","n":"22234","nm":"PASTORA KLEYCE","cc":"PL","nv":" ","e":"n","st":"Suplente","dvt":"V\u00e1lido","vap":"44","pvap":"   0,27"},{"seq":"31","sqcand":"140001187102","n":"45123","nm":"OSIANE BARBOSA","cc":"PSDB","nv":" ","e":"n","st":"Suplente","dvt":"V\u00e1lido","vap":"171","pvap":"   1,04"},{"seq":"42","sqcand":"140001100069","n":"22888","nm":"BRANCO","cc":"PL","nv":" ","e":"n","st":"Suplente","dvt":"V\u00e1lido","vap":"103","pvap":"   0,62"},{"seq":"10","sqcand":"140001099407","n":"20888","nm":"CARL\u00c3O BARBOSA","cc":"PSC","nv":" ","e":"s","st":"Eleito","dvt":"V\u00e1lido","vap":"354","pvap":"   2,14"},{"seq":"90","sqcand":"140001093102","n":"13024","nm":"ARARA","cc":"PT","nv":" ","e":"n","st":"Suplente","dvt":"V\u00e1lido","vap":"11","pvap":"   0,07"},{"seq":"154","sqcand":"140001098894","n":"19021","nm":"ERIANE MELO","cc":"PODE","nv":" ","e":"n","st":"N\u00e3o eleito","dvt":"V\u00e1lido","vap":"7","pvap":"   0,04"},{"seq":"109","sqcand":"140001250682","n":"10456","nm":"TATIARA LEAL","cc":"REPUBLICANOS","nv":" ","e":"n","st":"N\u00e3o eleito","dvt":"V\u00e1lido","vap":"246","pvap":"   1,49"},{"seq":"159","sqcand":"140001098902","n":"19771","nm":"CACHORRA","cc":"PODE","nv":" ","e":"n","st":"N\u00e3o eleito","dvt":"V\u00e1lido","vap":"3","pvap":"   0,02"},{"seq":"101","sqcand":"140001187103","n":"45999","nm":"CHAP\u00c9U","cc":"PSDB","nv":" ","e":"n","st":"Suplente","dvt":"V\u00e1lido","vap":"3","pvap":"   0,02"},{"seq":"120","sqcand":"140001098896","n":"19019","nm":"BENE DA MATINHA","cc":"PODE","nv":" ","e":"n","st":"N\u00e3o eleito","dvt":"V\u00e1lido","vap":"50","pvap":"   0,30"},{"seq":"110","sqcand":"140001098892","n":"19000","nm":"BAIXINHA DO REGATAO","cc":"PODE","nv":" ","e":"n","st":"N\u00e3o eleito","dvt":"V\u00e1lido","vap":"240","pvap":"   1,45"},{"seq":"65","sqcand":"140001099396","n":"20777","nm":"CATINHA DA SAUDE","cc":"PSC","nv":" ","e":"n","st":"Suplente","dvt":"V\u00e1lido","vap":"36","pvap":"   0,22"},{"seq":"77","sqcand":"140001187095","n":"45000","nm":"MICHEL SILVA","cc":"PSDB","nv":" ","e":"n","st":"Suplente","dvt":"V\u00e1lido","vap":"21","pvap":"   0,13"},{"seq":"4","sqcand":"140001186865","n":"28123","nm":"JUNINHO MOURA","cc":"PRTB","nv":" ","e":"s","st":"Eleito","dvt":"V\u00e1lido","vap":"528","pvap":"   3,20"},{"seq":"112","sqcand":"140001133309","n":"55222","nm":"SANDRA LEAL","cc":"PSD","nv":" ","e":"n","st":"N\u00e3o eleito","dvt":"V\u00e1lido","vap":"88","pvap":"   0,53"},{"seq":"125","sqcand":"140001250595","n":"10126","nm":"ALEXANDRE SILVA","cc":"REPUBLICANOS","nv":" ","e":"n","st":"N\u00e3o eleito","dvt":"V\u00e1lido","vap":"40","pvap":"   0,24"},{"seq":"132","sqcand":"140001098901","n":"19012","nm":"HERACLITO NEG\u00c3O","cc":"PODE","nv":" ","e":"n","st":"N\u00e3o eleito","dvt":"V\u00e1lido","vap":"29","pvap":"   0,18"},{"seq":"148","sqcand":"140001239192","n":"77789","nm":"REJEANE PEREIRAO","cc":"SOLIDARIEDADE","nv":" ","e":"n","st":"N\u00e3o eleito","dvt":"V\u00e1lido","vap":"10","pvap":"   0,06"},{"seq":"78","sqcand":"140001094561","n":"15811","nm":"RAIMUNDA OLIVIA","cc":"MDB","nv":" ","e":"n","st":"Suplente","dvt":"V\u00e1lido","vap":"20","pvap":"   0,12"},{"seq":"63","sqcand":"140001186862","n":"28007","nm":"RONALDO ALC\u00c2NTARA","cc":"PRTB","nv":" ","e":"n","st":"Suplente","dvt":"V\u00e1lido","vap":"37","pvap":"   0,22"},{"seq":"13","sqcand":"140001093106","n":"13456","nm":"MEIRE DA RESEX","cc":"PT","nv":" ","e":"n","st":"Suplente","dvt":"V\u00e1lido","vap":"310","pvap":"   1,88"},{"seq":"144","sqcand":"140001133414","n":"90444","nm":"PAULO COSTA","cc":"PROS","nv":" ","e":"n","st":"N\u00e3o eleito","dvt":"V\u00e1lido","vap":"12","pvap":"   0,07"},{"seq":"88","sqcand":"140001093101","n":"13128","nm":"ANINHA LOURINHO","cc":"PT","nv":" ","e":"n","st":"Suplente","dvt":"V\u00e1lido","vap":"13","pvap":"   0,08"},{"seq":"73","sqcand":"140001187105","n":"45555","nm":"MARC\u00c3O SOURENSE","cc":"PSDB","nv":" ","e":"n","st":"Suplente","dvt":"V\u00e1lido","vap":"27","pvap":"   0,16"},{"seq":"5","sqcand":"140001186872","n":"28888","nm":"PACHECO DA AGUA","cc":"PRTB","nv":" ","e":"s","st":"Eleito","dvt":"V\u00e1lido","vap":"512","pvap":"   3,10"},{"seq":"51","sqcand":"140001100065","n":"22444","nm":"MAX AMIGOS DOS AMBULANTES","cc":"PL","nv":" ","e":"n","st":"Suplente","dvt":"V\u00e1lido","vap":"65","pvap":"   0,39"},{"seq":"2","sqcand":"140001094553","n":"15222","nm":"JUNIOR GOUVEA","cc":"MDB","nv":" ","e":"s","st":"Eleito","dvt":"V\u00e1lido","vap":"681","pvap":"   4,12"},{"seq":"7","sqcand":"140001100064","n":"22222","nm":"GARBORETO","cc":"PL","nv":" ","e":"s","st":"Eleito","dvt":"V\u00e1lido","vap":"428","pvap":"   2,59"},{"seq":"8","sqcand":"140001093103","n":"13555","nm":"AMANDA DIAS","cc":"PT","nv":" ","e":"s","st":"Eleito","dvt":"V\u00e1lido","vap":"424","pvap":"   2,57"},{"seq":"62","sqcand":"140001187107","n":"45258","nm":"CRELIANE NUNES","cc":"PSDB","nv":" ","e":"n","st":"Suplente","dvt":"V\u00e1lido","vap":"38","pvap":"   0,23"},{"seq":"124","sqcand":"140001133299","n":"55777","nm":"CARLOS BATIST\u00c3O","cc":"PSD","nv":" ","e":"n","st":"N\u00e3o eleito","dvt":"V\u00e1lido","vap":"42","pvap":"   0,25"},{"seq":"16","sqcand":"140001094560","n":"15123","nm":"JORGE ABDON","cc":"MDB","nv":" ","e":"n","st":"Suplente","dvt":"V\u00e1lido","vap":"265","pvap":"   1,60"},{"seq":"142","sqcand":"140001098888","n":"19131","nm":"JAMBAO","cc":"PODE","nv":" ","e":"n","st":"N\u00e3o eleito","dvt":"V\u00e1lido","vap":"15","pvap":"   0,09"},{"seq":"61","sqcand":"140001094554","n":"15227","nm":"JAILSON DIAS","cc":"MDB","nv":" ","e":"n","st":"Suplente","dvt":"V\u00e1lido","vap":"39","pvap":"   0,24"},{"seq":"140","sqcand":"140001250683","n":"10000","nm":"LEILIANE FERNANDES","cc":"REPUBLICANOS","nv":" ","e":"n","st":"N\u00e3o eleito","dvt":"V\u00e1lido","vap":"16","pvap":"   0,10"},{"seq":"40","sqcand":"140001099399","n":"20333","nm":"MILTINHO MOURA","cc":"PSC","nv":" ","e":"n","st":"Suplente","dvt":"V\u00e1lido","vap":"117","pvap":"   0,71"},{"seq":"15","sqcand":"140001100068","n":"22123","nm":"CUIA","cc":"PL","nv":" ","e":"n","st":"Suplente","dvt":"V\u00e1lido","vap":"281","pvap":"   1,70"},{"seq":"20","sqcand":"140001093107","n":"13013","nm":"JORGINHO","cc":"PT","nv":" ","e":"n","st":"Suplente","dvt":"V\u00e1lido","vap":"230","pvap":"   1,39"},{"seq":"141","sqcand":"140001239185","n":"77222","nm":"TELMA OU TELMA JANSEN","cc":"SOLIDARIEDADE","nv":" ","e":"n","st":"N\u00e3o eleito","dvt":"V\u00e1lido","vap":"15","pvap":"   0,09"},{"seq":"89","sqcand":"140001100055","n":"22055","nm":"LEVITA DAYANE","cc":"PL","nv":" ","e":"n","st":"Suplente","dvt":"V\u00e1lido","vap":"12","pvap":"   0,07"},{"seq":"114","sqcand":"140001133307","n":"55233","nm":"MAX CASTRO","cc":"PSD","nv":" ","e":"n","st":"N\u00e3o eleito","dvt":"V\u00e1lido","vap":"68","pvap":"   0,41"},{"seq":"133","sqcand":"140001098893","n":"19123","nm":"IMPERIAL","cc":"PODE","nv":" ","e":"n","st":"N\u00e3o eleito","dvt":"V\u00e1lido","vap":"28","pvap":"   0,17"},{"seq":"24","sqcand":"140001098101","n":"14111","nm":"MARCELO FELIPE","cc":"PTB","nv":" ","e":"n","st":"Suplente","dvt":"V\u00e1lido","vap":"204","pvap":"   1,24"},{"seq":"96","sqcand":"140001098102","n":"14555","nm":"MEG VASCONCELOS","cc":"PTB","nv":" ","e":"n","st":"Suplente","dvt":"V\u00e1lido","vap":"6","pvap":"   0,04"},{"seq":"83","sqcand":"140001093115","n":"13235","nm":"TIA CONCI TEIMOSA","cc":"PT","nv":" ","e":"n","st":"Suplente","dvt":"V\u00e1lido","vap":"14","pvap":"   0,08"},{"seq":"29","sqcand":"140001099408","n":"20123","nm":"JOAO BARBOSA","cc":"PSC","nv":" ","e":"n","st":"Suplente","dvt":"V\u00e1lido","vap":"178","pvap":"   1,08"},{"seq":"43","sqcand":"140001187101","n":"45110","nm":"VAZINHO","cc":"PSDB","nv":" ","e":"n","st":"Suplente","dvt":"V\u00e1lido","vap":"91","pvap":"   0,55"},{"seq":"138","sqcand":"140001133305","n":"55765","nm":"EVANDRO CARDOSO","cc":"PSD","nv":" ","e":"n","st":"N\u00e3o eleito","dvt":"V\u00e1lido","vap":"21","pvap":"   0,13"},{"seq":"111","sqcand":"140001133311","n":"55678","nm":"NONATO AMARAL","cc":"PSD","nv":" ","e":"n","st":"N\u00e3o eleito","dvt":"V\u00e1lido","vap":"202","pvap":"   1,22"},{"seq":"36","sqcand":"140001094555","n":"15111","nm":"MIGUEL DA TRANSOCE\u00c2NICA","cc":"MDB","nv":" ","e":"n","st":"Suplente","dvt":"V\u00e1lido","vap":"131","pvap":"   0,79"},{"seq":"92","sqcand":"140001186860","n":"28001","nm":"MAR\u00cdLIA","cc":"PRTB","nv":" ","e":"n","st":"Suplente","dvt":"V\u00e1lido","vap":"9","pvap":"   0,05"},{"seq":"32","sqcand":"140001099404","n":"20789","nm":"PAIZ\u00c3O","cc":"PSC","nv":" ","e":"n","st":"Suplente","dvt":"V\u00e1lido","vap":"168","pvap":"   1,02"},{"seq":"103","sqcand":"140001094551","n":"15666","nm":"LEIDE BRITO","cc":"MDB","nv":" ","e":"n","st":"Suplente","dvt":"V\u00e1lido","vap":"1","pvap":"   0,01"},{"seq":"137","sqcand":"140001098889","n":"19007","nm":"BIA DO LOURIADO","cc":"PODE","nv":" ","e":"n","st":"N\u00e3o eleito","dvt":"V\u00e1lido","vap":"22","pvap":"   0,13"},{"seq":"93","sqcand":"140001093114","n":"13000","nm":"CABOQUINHO","cc":"PT","nv":" ","e":"n","st":"Suplente","dvt":"V\u00e1lido","vap":"8","pvap":"   0,05"},{"seq":"46","sqcand":"140001099401","n":"20456","nm":"HERNANY VASCONCELLOS","cc":"PSC","nv":" ","e":"n","st":"Suplente","dvt":"V\u00e1lido","vap":"88","pvap":"   0,53"},{"seq":"17","sqcand":"140001100058","n":"22111","nm":"MAROCA","cc":"PL","nv":" ","e":"n","st":"Suplente","dvt":"V\u00e1lido","vap":"264","pvap":"   1,60"},{"seq":"126","sqcand":"140001239184","n":"77000","nm":"PROFESSOR MAZINHO","cc":"SOLIDARIEDADE","nv":" ","e":"n","st":"N\u00e3o eleito","dvt":"V\u00e1lido","vap":"39","pvap":"   0,24"},{"seq":"41","sqcand":"140001099402","n":"20111","nm":"ADRIANA FONSECA","cc":"PSC","nv":" ","e":"n","st":"Suplente","dvt":"V\u00e1lido","vap":"116","pvap":"   0,70"},{"seq":"56","sqcand":"140001093108","n":"13613","nm":"ALEXANDRE DA CA\u00c7AMBA","cc":"PT","nv":" ","e":"n","st":"Suplente","dvt":"V\u00e1lido","vap":"46","pvap":"   0,28"},{"seq":"152","sqcand":"140001239189","n":"77123","nm":"JUAREZ","cc":"SOLIDARIEDADE","nv":" ","e":"n","st":"N\u00e3o eleito","dvt":"V\u00e1lido","vap":"8","pvap":"   0,05"},{"seq":"97","sqcand":"140001094549","n":"15116","nm":"REGINA","cc":"MDB","nv":" ","e":"n","st":"Suplente","dvt":"V\u00e1lido","vap":"4","pvap":"   0,02"},{"seq":"149","sqcand":"140001098895","n":"19111","nm":"IRM\u00c3O DO MEL","cc":"PODE","nv":" ","e":"n","st":"N\u00e3o eleito","dvt":"V\u00e1lido","vap":"9","pvap":"   0,05"},{"seq":"113","sqcand":"140001239188","n":"77889","nm":"JOAO LUIZ","cc":"SOLIDARIEDADE","nv":" ","e":"n","st":"N\u00e3o eleito","dvt":"V\u00e1lido","vap":"85","pvap":"   0,51"},{"seq":"25","sqcand":"140001099397","n":"20000","nm":"AZUL","cc":"PSC","nv":" ","e":"n","st":"Suplente","dvt":"V\u00e1lido","vap":"195","pvap":"   1,18"},{"seq":"156","sqcand":"140001267245","n":"55100","nm":"FATINHA SILVA","cc":"PSD","nv":" ","e":"n","st":"N\u00e3o eleito","dvt":"V\u00e1lido","vap":"6","pvap":"   0,04"},{"seq":"117","sqcand":"140001133417","n":"90000","nm":"LUCIA SOUSA","cc":"PROS","nv":" ","e":"n","st":"N\u00e3o eleito","dvt":"V\u00e1lido","vap":"56","pvap":"   0,34"},{"seq":"147","sqcand":"140001239194","n":"77777","nm":"WELITON","cc":"SOLIDARIEDADE","nv":" ","e":"n","st":"N\u00e3o eleito","dvt":"V\u00e1lido","vap":"11","pvap":"   0,07"},{"seq":"68","sqcand":"140001093104","n":"13111","nm":"ADILSON REX","cc":"PT","nv":" ","e":"n","st":"Suplente","dvt":"V\u00e1lido","vap":"31","pvap":"   0,19"},{"seq":"14","sqcand":"140001100056","n":"22456","nm":"TULIO DA PESCA","cc":"PL","nv":" ","e":"n","st":"Suplente","dvt":"V\u00e1lido","vap":"285","pvap":"   1,73"},{"seq":"59","sqcand":"140001100053","n":"22678","nm":"RONALDO FIGUEIREDO","cc":"PL","nv":" ","e":"n","st":"Suplente","dvt":"V\u00e1lido","vap":"40","pvap":"   0,24"},{"seq":"84","sqcand":"140001186857","n":"28666","nm":"FRAN DO TIO L\u00daCIO","cc":"PRTB","nv":" ","e":"n","st":"Suplente","dvt":"V\u00e1lido","vap":"14","pvap":"   0,08"},{"seq":"161","sqcand":"140001250580","n":"10190","nm":"SARGENTO AMORIM","cc":"REPUBLICANOS","nv":" ","e":"n","st":"N\u00e3o eleito","dvt":"V\u00e1lido","vap":"1","pvap":"   0,01"},{"seq":"146","sqcand":"140001098900","n":"19069","nm":"JULIA LEAL","cc":"PODE","nv":" ","e":"n","st":"N\u00e3o eleito","dvt":"V\u00e1lido","vap":"12","pvap":"   0,07"},{"seq":"45","sqcand":"140001100067","n":"22404","nm":"CAIX\u00c3O","cc":"PL","nv":" ","e":"n","st":"Suplente","dvt":"V\u00e1lido","vap":"89","pvap":"   0,54"},{"seq":"39","sqcand":"140001186858","n":"28555","nm":"GUILHERME MORAES","cc":"PRTB","nv":" ","e":"n","st":"Suplente","dvt":"V\u00e1lido","vap":"118","pvap":"   0,71"},{"seq":"127","sqcand":"140001239186","n":"77345","nm":"SERGIO DO QUATI","cc":"SOLIDARIEDADE","nv":" ","e":"n","st":"N\u00e3o eleito","dvt":"V\u00e1lido","vap":"38","pvap":"   0,23"},{"seq":"67","sqcand":"140001100066","n":"22777","nm":"VAL FIGUEIREDO","cc":"PL","nv":" ","e":"n","st":"Suplente","dvt":"V\u00e1lido","vap":"31","pvap":"   0,19"},{"seq":"153","sqcand":"140001133306","n":"55234","nm":"RECO ARANHA","cc":"PSD","nv":" ","e":"n","st":"N\u00e3o eleito","dvt":"V\u00e1lido","vap":"7","pvap":"   0,04"},{"seq":"18","sqcand":"140001099400","n":"20007","nm":"DANIEL DAN DAN","cc":"PSC","nv":" ","e":"n","st":"Suplente","dvt":"V\u00e1lido","vap":"252","pvap":"   1,53"},{"seq":"128","sqcand":"140001133297","n":"55123","nm":"LEILA RAMIRES","cc":"PSD","nv":" ","e":"n","st":"N\u00e3o eleito","dvt":"V\u00e1lido","vap":"32","pvap":"   0,19"},{"seq":"107","sqcand":"140001186867","n":"28028","nm":"LUANA BEATRIZ","cc":"PRTB","nv":" ","e":"n","st":"Suplente","dvt":"V\u00e1lido","vap":"0","pvap":"00.00"},{"seq":"135","sqcand":"140001133412","n":"90111","nm":"RONALD FELIPE","cc":"PROS","nv":" ","e":"n","st":"N\u00e3o eleito","dvt":"V\u00e1lido","vap":"24","pvap":"   0,15"},{"seq":"19","sqcand":"140001099403","n":"20666","nm":"NEG\u00c3O VARIEDADES","cc":"PSC","nv":" ","e":"n","st":"Suplente","dvt":"V\u00e1lido","vap":"239","pvap":"   1,45"},{"seq":"49","sqcand":"140001098114","n":"14567","nm":"MORAES DO TAXI","cc":"PTB","nv":" ","e":"n","st":"Suplente","dvt":"V\u00e1lido","vap":"69","pvap":"   0,42"},{"seq":"145","sqcand":"140001098898","n":"19031","nm":"PASTOR PEDRO","cc":"PODE","nv":" ","e":"n","st":"N\u00e3o eleito","dvt":"V\u00e1lido","vap":"12","pvap":"   0,07"},{"seq":"102","sqcand":"140001094556","n":"15999","nm":"MICHELE","cc":"MDB","nv":" ","e":"n","st":"Suplente","dvt":"V\u00e1lido","vap":"3","pvap":"   0,02"},{"seq":"121","sqcand":"140001133302","n":"55111","nm":"JONATHAN CRAVEIRO","cc":"PSD","nv":" ","e":"n","st":"N\u00e3o eleito","dvt":"V\u00e1lido","vap":"47","pvap":"   0,28"},{"seq":"157","sqcand":"140001133296","n":"55216","nm":"ROSICLEIDE BRITO","cc":"PSD","nv":" ","e":"n","st":"N\u00e3o eleito","dvt":"V\u00e1lido","vap":"6","pvap":"   0,04"},{"seq":"11","sqcand":"140001187104","n":"45111","nm":"MACEDO","cc":"PSDB","nv":" ","e":"s","st":"Eleito","dvt":"V\u00e1lido","vap":"347","pvap":"   2,10"},{"seq":"57","sqcand":"140001099393","n":"20226","nm":"LILIAN UCHOA","cc":"PSC","nv":" ","e":"n","st":"Suplente","dvt":"V\u00e1lido","vap":"44","pvap":"   0,27"},{"seq":"163","sqcand":"140001133300","n":"55000","nm":"SAMUKA MORAES","cc":"PSD","nv":" ","e":"n","st":"N\u00e3o eleito","dvt":"V\u00e1lido","vap":"0","pvap":"00.00"},{"seq":"143","sqcand":"140001098891","n":"19222","nm":"IRMA LENA DO BOX","cc":"PODE","nv":" ","e":"n","st":"N\u00e3o eleito","dvt":"V\u00e1lido","vap":"15","pvap":"   0,09"},{"seq":"115","sqcand":"140001133416","n":"90223","nm":"ROSANE MACEDO","cc":"PROS","nv":" ","e":"n","st":"N\u00e3o eleito","dvt":"V\u00e1lido","vap":"67","pvap":"   0,41"},{"seq":"136","sqcand":"140001133308","n":"55321","nm":"NONATO SANTOS","cc":"PSD","nv":" ","e":"n","st":"N\u00e3o eleito","dvt":"V\u00e1lido","vap":"22","pvap":"   0,13"},{"seq":"54","sqcand":"140001100057","n":"22000","nm":"NEVES MARTINS","cc":"PL","nv":" ","e":"n","st":"Suplente","dvt":"V\u00e1lido","vap":"54","pvap":"   0,33"},{"seq":"95","sqcand":"140001098106","n":"14407","nm":"PROFESSOR NEGRO NILL","cc":"PTB","nv":" ","e":"n","st":"Suplente","dvt":"V\u00e1lido","vap":"7","pvap":"   0,04"},{"seq":"108","sqcand":"140001133304","n":"55055","nm":"C\u00c9ZAR ROCHA","cc":"PSD","nv":" ","e":"n","st":"N\u00e3o eleito","dvt":"V\u00e1lido","vap":"256","pvap":"   1,55"},{"seq":"116","sqcand":"140001098899","n":"19013","nm":"EDVAN DO CARIBU","cc":"PODE","nv":" ","e":"n","st":"N\u00e3o eleito","dvt":"V\u00e1lido","vap":"67","pvap":"   0,41"},{"seq":"98","sqcand":"140001186868","n":"28013","nm":"FABIO STILUS","cc":"PRTB","nv":" ","e":"n","st":"Suplente","dvt":"V\u00e1lido","vap":"4","pvap":"   0,02"},{"seq":"75","sqcand":"140001098104","n":"14324","nm":"BOD\u00c3O","cc":"PTB","nv":" ","e":"n","st":"Suplente","dvt":"V\u00e1lido","vap":"23","pvap":"   0,14"},{"seq":"38","sqcand":"140001093111","n":"13123","nm":"ELANE BRAND\u00c3O","cc":"PT","nv":" ","e":"n","st":"Suplente","dvt":"V\u00e1lido","vap":"123","pvap":"   0,74"},{"seq":"100","sqcand":"140001187097","n":"45045","nm":"MARZE","cc":"PSDB","nv":" ","e":"n","st":"Suplente","dvt":"V\u00e1lido","vap":"4","pvap":"   0,02"},{"seq":"129","sqcand":"140001098890","n":"19011","nm":"SHEYLA DO SORVETE","cc":"PODE","nv":" ","e":"n","st":"N\u00e3o eleito","dvt":"V\u00e1lido","vap":"31","pvap":"   0,19"},{"seq":"87","sqcand":"140001093116","n":"13133","nm":"OSVALDINA MALCHER","cc":"PT","nv":" ","e":"n","st":"Suplente","dvt":"V\u00e1lido","vap":"13","pvap":"   0,08"},{"seq":"44","sqcand":"140001099395","n":"20020","nm":"VANDELSON","cc":"PSC","nv":" ","e":"n","st":"Suplente","dvt":"V\u00e1lido","vap":"91","pvap":"   0,55"},{"seq":"104","sqcand":"140001187108","n":"45545","nm":"ARIANE DO A\u00c7A\u00cd","cc":"PSDB","nv":" ","e":"n","st":"Suplente","dvt":"V\u00e1lido","vap":"0","pvap":"00.00"},{"seq":"70","sqcand":"140001098109","n":"14014","nm":"TALISZINHO","cc":"PTB","nv":" ","e":"n","st":"Suplente","dvt":"V\u00e1lido","vap":"28","pvap":"   0,17"},{"seq":"91","sqcand":"140001094557","n":"15777","nm":"PAULA LEAL","cc":"MDB","nv":" ","e":"n","st":"Suplente","dvt":"V\u00e1lido","vap":"10","pvap":"   0,06"},{"seq":"26","sqcand":"140001100061","n":"22666","nm":"SIMONE GOMES","cc":"PL","nv":" ","e":"n","st":"Suplente","dvt":"V\u00e1lido","vap":"194","pvap":"   1,17"},{"seq":"1","sqcand":"140001100060","n":"22333","nm":"VICTOR ABDON","cc":"PL","nv":" ","e":"s","st":"Eleito","dvt":"V\u00e1lido","vap":"775","pvap":"   4,69"},{"seq":"105","sqcand":"140001186870","n":"28444","nm":"TELMA ARANHA","cc":"PRTB","nv":" ","e":"n","st":"Suplente","dvt":"V\u00e1lido","vap":"0","pvap":"00.00"},{"seq":"72","sqcand":"140001186869","n":"28111","nm":"BABACO DO \u00d3","cc":"PRTB","nv":" ","e":"n","st":"Suplente","dvt":"V\u00e1lido","vap":"27","pvap":"   0,16"},{"seq":"53","sqcand":"140001098112","n":"14782","nm":"PROFESSORA NEUSA","cc":"PTB","nv":" ","e":"n","st":"Suplente","dvt":"V\u00e1lido","vap":"59","pvap":"   0,36"},{"seq":"50","sqcand":"140001100063","n":"22633","nm":"ACIDEMAR SOUZA","cc":"PL","nv":" ","e":"n","st":"Suplente","dvt":"V\u00e1lido","vap":"67","pvap":"   0,41"},{"seq":"48","sqcand":"140001099405","n":"20444","nm":"SGT FATIMA","cc":"PSC","nv":" ","e":"n","st":"Suplente","dvt":"V\u00e1lido","vap":"71","pvap":"   0,43"},{"seq":"82","sqcand":"140001186866","n":"28321","nm":"CARLA VITELLI","cc":"PRTB","nv":" ","e":"n","st":"Suplente","dvt":"V\u00e1lido","vap":"16","pvap":"   0,10"},{"seq":"12","sqcand":"140001098103","n":"14333","nm":"CARLA SARMENTO","cc":"PTB","nv":" ","e":"n","st":"Suplente","dvt":"V\u00e1lido","vap":"436","pvap":"   2,64"},{"seq":"35","sqcand":"140001093113","n":"13333","nm":"NELSINHO DO FERECO","cc":"PT","nv":" ","e":"n","st":"Suplente","dvt":"V\u00e1lido","vap":"148","pvap":"   0,90"},{"seq":"52","sqcand":"140001100059","n":"22007","nm":"CLAUDINHO TONY SOM","cc":"PL","nv":" ","e":"n","st":"Suplente","dvt":"V\u00e1lido","vap":"60","pvap":"   0,36"},{"seq":"27","sqcand":"140001187098","n":"45444","nm":"IURI MARAJ\u00d3","cc":"PSDB","nv":" ","e":"n","st":"Suplente","dvt":"V\u00e1lido","vap":"184","pvap":"   1,11"},{"seq":"71","sqcand":"140001098105","n":"14444","nm":"EDUARDO BARBOSA","cc":"PTB","nv":" ","e":"n","st":"Suplente","dvt":"V\u00e1lido","vap":"28","pvap":"   0,17"},{"seq":"6","sqcand":"140001100062","n":"22022","nm":"WELITON MELO","cc":"PL","nv":" ","e":"s","st":"Eleito","dvt":"V\u00e1lido","vap":"448","pvap":"   2,71"},{"seq":"162","sqcand":"140001250598","n":"10013","nm":"ELLEM DA MATINHA","cc":"REPUBLICANOS","nv":" ","e":"n","st":"N\u00e3o eleito","dvt":"V\u00e1lido","vap":"1","pvap":"   0,01"},{"seq":"123","sqcand":"140001239193","n":"77456","nm":"ZICO DA PESCA","cc":"SOLIDARIEDADE","nv":" ","e":"n","st":"N\u00e3o eleito","dvt":"V\u00e1lido","vap":"42","pvap":"   0,25"},{"seq":"66","sqcand":"140001098113","n":"14999","nm":"BRUNO DA SAUDE","cc":"PTB","nv":" ","e":"n","st":"Suplente","dvt":"V\u00e1lido","vap":"34","pvap":"   0,21"},{"seq":"33","sqcand":"140001098108","n":"14123","nm":"PASTORA RUTH","cc":"PTB","nv":" ","e":"n","st":"Suplente","dvt":"V\u00e1lido","vap":"152","pvap":"   0,92"},{"seq":"94","sqcand":"140001098110","n":"14000","nm":"KEILA BANDEIRA","cc":"PTB","nv":" ","e":"n","st":"Suplente","dvt":"V\u00e1lido","vap":"7","pvap":"   0,04"},{"seq":"79","sqcand":"140001187100","n":"45666","nm":"RUI SERGIO","cc":"PSDB","nv":" ","e":"n","st":"Suplente","dvt":"V\u00e1lido","vap":"18","pvap":"   0,11"},{"seq":"131","sqcand":"140001133413","n":"90222","nm":"TIANA MENDES","cc":"PROS","nv":" ","e":"n","st":"N\u00e3o eleito","dvt":"V\u00e1lido","vap":"30","pvap":"   0,18"},{"seq":"47","sqcand":"140001094559","n":"15210","nm":"CAFURINGA","cc":"MDB","nv":" ","e":"n","st":"Suplente","dvt":"V\u00e1lido","vap":"83","pvap":"   0,50"},{"seq":"21","sqcand":"140001186871","n":"28222","nm":"IRMAO NIVALDO","cc":"PRTB","nv":" ","e":"n","st":"Suplente","dvt":"V\u00e1lido","vap":"209","pvap":"   1,27"},{"seq":"158","sqcand":"140001250729","n":"10123","nm":"DIOGO  DO LAVA JATO","cc":"REPUBLICANOS","nv":" ","e":"n","st":"N\u00e3o eleito","dvt":"V\u00e1lido","vap":"4","pvap":"   0,02"},{"seq":"22","sqcand":"140001186863","n":"28777","nm":"IRM\u00c3 ALCINEA","cc":"PRTB","nv":" ","e":"n","st":"Suplente","dvt":"V\u00e1lido","vap":"207","pvap":"   1,25"},{"seq":"69","sqcand":"140001186873","n":"28789","nm":"PASTORA DEUZA","cc":"PRTB","nv":" ","e":"n","st":"Suplente","dvt":"V\u00e1lido","vap":"30","pvap":"   0,18"},{"seq":"130","sqcand":"140000977338","n":"10010","nm":"PROFESSOR MOIS\u00c9S","cc":"REPUBLICANOS","nv":" ","e":"n","st":"N\u00e3o eleito","dvt":"V\u00e1lido","vap":"31","pvap":"   0,19"},{"seq":"74","sqcand":"140001094550","n":"15555","nm":"EDELSON VALE","cc":"MDB","nv":" ","e":"n","st":"Suplente","dvt":"V\u00e1lido","vap":"23","pvap":"   0,14"},{"seq":"80","sqcand":"140001099394","n":"20120","nm":"PROF MAX JANNER","cc":"PSC","nv":" ","e":"n","st":"Suplente","dvt":"V\u00e1lido","vap":"18","pvap":"   0,11"},{"seq":"119","sqcand":"140001133415","n":"90333","nm":"JULIO MARTINS","cc":"PROS","nv":" ","e":"n","st":"N\u00e3o eleito","dvt":"V\u00e1lido","vap":"52","pvap":"   0,31"},{"seq":"150","sqcand":"140001133298","n":"55129","nm":"PASTOR KIM","cc":"PSD","nv":" ","e":"n","st":"N\u00e3o eleito","dvt":"V\u00e1lido","vap":"9","pvap":"   0,05"},{"seq":"37","sqcand":"140001093110","n":"13808","nm":"ALEXANDRE COIMBRA","cc":"PT","nv":" ","e":"n","st":"Suplente","dvt":"V\u00e1lido","vap":"126","pvap":"   0,76"},{"seq":"30","sqcand":"140001186861","n":"28000","nm":"NALDINHO","cc":"PRTB","nv":" ","e":"n","st":"Suplente","dvt":"V\u00e1lido","vap":"176","pvap":"   1,07"},{"seq":"151","sqcand":"140001269291","n":"55166","nm":"EM\u00cdLIA FRAN\u00c7A","cc":"PSD","nv":" ","e":"n","st":"N\u00e3o eleito","dvt":"V\u00e1lido","vap":"8","pvap":"   0,05"},{"seq":"34","sqcand":"140001093112","n":"13100","nm":"BAIXOTE","cc":"PT","nv":" ","e":"n","st":"Suplente","dvt":"V\u00e1lido","vap":"152","pvap":"   0,92"},{"seq":"23","sqcand":"140001186864","n":"28333","nm":"ZEMINHA MORAES","cc":"PRTB","nv":" ","e":"n","st":"Suplente","dvt":"V\u00e1lido","vap":"206","pvap":"   1,25"},{"seq":"28","sqcand":"140001098107","n":"14666","nm":"PROF IZINHA","cc":"PTB","nv":" ","e":"n","st":"Suplente","dvt":"V\u00e1lido","vap":"181","pvap":"   1,10"},{"seq":"60","sqcand":"140001187106","n":"45777","nm":"PASTORA AUXILIADORA","cc":"PSDB","nv":" ","e":"n","st":"Suplente","dvt":"V\u00e1lido","vap":"40","pvap":"   0,24"},{"seq":"76","sqcand":"140001099398","n":"20202","nm":"GRACE FURTADO","cc":"PSC","nv":" ","e":"n","st":"Suplente","dvt":"V\u00e1lido","vap":"23","pvap":"   0,14"},{"seq":"3","sqcand":"140001098111","n":"14222","nm":"JORGE RAMOS","cc":"PTB","nv":" ","e":"s","st":"Eleito","dvt":"V\u00e1lido","vap":"587","pvap":"   3,55"},{"seq":"81","sqcand":"140001093105","n":"13777","nm":"CLAUDIO FAVACHO","cc":"PT","nv":" ","e":"n","st":"Suplente","dvt":"V\u00e1lido","vap":"16","pvap":"   0,10"},{"seq":"86","sqcand":"140001094558","n":"15024","nm":"BABY PROMOTER","cc":"MDB","nv":" ","e":"n","st":"Suplente","dvt":"V\u00e1lido","vap":"13","pvap":"   0,08"}]}
