{"ele":"426","tpabr":"mu","cdabr":"05630","carper":"13","t":"1","f":"o","dt":"15/11/2020","ht":"23:11:59","dv":"s","tf":"s","v":"13","esae":"n","mnae":"","s":"123","st":"123","pst":" 100,00","snt":"0","psnt":"   0,00","si":"123","psi":" 100,00","sni":"0","psni":"   0,00","sa":"123","psa":" 100,00","sna":"0","psna":"   0,00","e":"38612","ea":"38612","pea":" 100,00","ena":"0","pena":"   0,00","esi":"38612","pesi":" 100,00","esni":"0","pesni":"   0,00","c":"29991","pc":"  77,67","a":"8621","pa":"  22,33","vscv":"0","vnom":"27766","vl":"1368","pvnom":"  95,30","pvl":"   4,70","vvc":"29134","pvvc":"  97,14","vb":"367","pvb":"   1,23","tvn":"490","ptvn":"   1,63","vn":"490","pvn":" 100,00","vnt":"0","pvnt":"   0,00","vp":"0","pvp":"   0,00","vv":"29134","pvv":" 100,00","van":"0","pvan":"   0,00","vansj":"0","pvansj":"   0,00","tv":"29991","cand":[{"seq":"157","sqcand":"140001201451","n":"20555","nm":"CARLINHO PINTOR","cc":"PSC","nv":" ","e":"n","st":"N\u00e3o eleito","dvt":"V\u00e1lido","vap":"13","pvap":"   0,04"},{"seq":"45","sqcand":"140001124333","n":"45000","nm":"VIVI FERREIRA","cc":"PSDB","nv":" ","e":"n","st":"Suplente","dvt":"V\u00e1lido","vap":"168","pvap":"   0,58"},{"seq":"124","sqcand":"140001083526","n":"11011","nm":"CLEYSON PITTHY","cc":"PP","nv":" ","e":"n","st":"N\u00e3o eleito","dvt":"V\u00e1lido","vap":"110","pvap":"   0,38"},{"seq":"102","sqcand":"140000959605","n":"13279","nm":"DUCIANE","cc":"PT","nv":" ","e":"n","st":"Suplente","dvt":"V\u00e1lido","vap":"17","pvap":"   0,06"},{"seq":"128","sqcand":"140001201455","n":"20345","nm":"SUZANA BORCEM","cc":"PSC","nv":" ","e":"n","st":"N\u00e3o eleito","dvt":"V\u00e1lido","vap":"65","pvap":"   0,22"},{"seq":"99","sqcand":"140000810081","n":"90789","nm":"KEVIN SILVA","cc":"PROS","nv":" ","e":"n","st":"Suplente","dvt":"V\u00e1lido","vap":"25","pvap":"   0,09"},{"seq":"54","sqcand":"140000810090","n":"90456","nm":"PROFESSOR ZE PAULO","cc":"PROS","nv":" ","e":"n","st":"Suplente","dvt":"V\u00e1lido","vap":"127","pvap":"   0,44"},{"seq":"34","sqcand":"140001181212","n":"12567","nm":"ROBSON DA SA\u00daDE","cc":"PDT","nv":" ","e":"n","st":"Suplente","dvt":"V\u00e1lido","vap":"249","pvap":"   0,85"},{"seq":"158","sqcand":"140001201440","n":"20500","nm":"ESMERALDO","cc":"PSC","nv":" ","e":"n","st":"N\u00e3o eleito","dvt":"V\u00e1lido","vap":"12","pvap":"   0,04"},{"seq":"69","sqcand":"140001192200","n":"15999","nm":"RENAN RAIOL","cc":"MDB","nv":" ","e":"n","st":"Suplente","dvt":"V\u00e1lido","vap":"73","pvap":"   0,25"},{"seq":"55","sqcand":"140001181213","n":"12345","nm":"AUGUSTO DO PEREIRA","cc":"PDT","nv":" ","e":"n","st":"Suplente","dvt":"V\u00e1lido","vap":"124","pvap":"   0,43"},{"seq":"81","sqcand":"140001192194","n":"15157","nm":"NATAN BRITO","cc":"MDB","nv":" ","e":"n","st":"Suplente","dvt":"V\u00e1lido","vap":"46","pvap":"   0,16"},{"seq":"79","sqcand":"140001124334","n":"45456","nm":"PROFESSORA EDINA","cc":"PSDB","nv":" ","e":"n","st":"Suplente","dvt":"V\u00e1lido","vap":"46","pvap":"   0,16"},{"seq":"153","sqcand":"140000883467","n":"51225","nm":"RODRIGO BRABO","cc":"PATRIOTA","nv":" ","e":"n","st":"N\u00e3o eleito","dvt":"V\u00e1lido","vap":"18","pvap":"   0,06"},{"seq":"131","sqcand":"140001039502","n":"10101","nm":"ARI","cc":"REPUBLICANOS","nv":" ","e":"n","st":"N\u00e3o eleito","dvt":"V\u00e1lido","vap":"58","pvap":"   0,20"},{"seq":"151","sqcand":"140000883466","n":"51051","nm":"RUIVALDO","cc":"PATRIOTA","nv":" ","e":"n","st":"N\u00e3o eleito","dvt":"V\u00e1lido","vap":"19","pvap":"   0,07"},{"seq":"93","sqcand":"140000810083","n":"90100","nm":"WELBER BARATA","cc":"PROS","nv":" ","e":"n","st":"Suplente","dvt":"V\u00e1lido","vap":"30","pvap":"   0,10"},{"seq":"12","sqcand":"140000962896","n":"55023","nm":"ALLAN RAIOL","cc":"PSD","nv":" ","e":"s","st":"Eleito","dvt":"V\u00e1lido","vap":"491","pvap":"   1,69"},{"seq":"62","sqcand":"140001124341","n":"45234","nm":"MARILIA MORAES","cc":"PSDB","nv":" ","e":"n","st":"Suplente","dvt":"V\u00e1lido","vap":"106","pvap":"   0,36"},{"seq":"154","sqcand":"140001201456","n":"20700","nm":"MARCIA SANTIAGO","cc":"PSC","nv":" ","e":"n","st":"N\u00e3o eleito","dvt":"V\u00e1lido","vap":"17","pvap":"   0,06"},{"seq":"92","sqcand":"140000959611","n":"13999","nm":"CARMELITA","cc":"PT","nv":" ","e":"n","st":"Suplente","dvt":"V\u00e1lido","vap":"30","pvap":"   0,10"},{"seq":"90","sqcand":"140001192195","n":"15007","nm":"L\u00daCIA","cc":"MDB","nv":" ","e":"n","st":"Suplente","dvt":"V\u00e1lido","vap":"34","pvap":"   0,12"},{"seq":"122","sqcand":"140001201457","n":"20444","nm":"SERGIO DA DOCA","cc":"PSC","nv":" ","e":"n","st":"N\u00e3o eleito","dvt":"V\u00e1lido","vap":"118","pvap":"   0,41"},{"seq":"37","sqcand":"140000962901","n":"55444","nm":"MAX DA SA\u00daDE","cc":"PSD","nv":" ","e":"n","st":"Suplente","dvt":"V\u00e1lido","vap":"236","pvap":"   0,81"},{"seq":"103","sqcand":"140000810086","n":"90567","nm":"MARIA DE NAZARE","cc":"PROS","nv":" ","e":"n","st":"Suplente","dvt":"V\u00e1lido","vap":"17","pvap":"   0,06"},{"seq":"159","sqcand":"140000883458","n":"51654","nm":"PASTORA NETI","cc":"PATRIOTA","nv":" ","e":"n","st":"N\u00e3o eleito","dvt":"V\u00e1lido","vap":"12","pvap":"   0,04"},{"seq":"8","sqcand":"140001192186","n":"15123","nm":"DINHO PROMOTER","cc":"MDB","nv":" ","e":"s","st":"Eleito","dvt":"V\u00e1lido","vap":"814","pvap":"   2,79"},{"seq":"117","sqcand":"140001201444","n":"20456","nm":"LUIZ PORTO","cc":"PSC","nv":" ","e":"n","st":"N\u00e3o eleito","dvt":"V\u00e1lido","vap":"211","pvap":"   0,72"},{"seq":"26","sqcand":"140001124329","n":"45555","nm":"CARLOS GARI","cc":"PSDB","nv":" ","e":"n","st":"Suplente","dvt":"V\u00e1lido","vap":"330","pvap":"   1,13"},{"seq":"135","sqcand":"140001083520","n":"11455","nm":"HAMILTON OLIVEIRA","cc":"PP","nv":" ","e":"n","st":"N\u00e3o eleito","dvt":"V\u00e1lido","vap":"44","pvap":"   0,15"},{"seq":"63","sqcand":"140000962908","n":"55500","nm":"CA\u00c7\u00c3O","cc":"PSD","nv":" ","e":"n","st":"Suplente","dvt":"V\u00e1lido","vap":"104","pvap":"   0,36"},{"seq":"17","sqcand":"140001181225","n":"12122","nm":"PAULINHO","cc":"PDT","nv":" ","e":"n","st":"Suplente","dvt":"V\u00e1lido","vap":"500","pvap":"   1,72"},{"seq":"56","sqcand":"140000959612","n":"13000","nm":"EDMUNDO BANGUELA","cc":"PT","nv":" ","e":"n","st":"Suplente","dvt":"V\u00e1lido","vap":"124","pvap":"   0,43"},{"seq":"134","sqcand":"140001201449","n":"20200","nm":"HUDSON BOTELHO","cc":"PSC","nv":" ","e":"n","st":"N\u00e3o eleito","dvt":"V\u00e1lido","vap":"47","pvap":"   0,16"},{"seq":"145","sqcand":"140001201441","n":"20300","nm":"ARIANA RABELO","cc":"PSC","nv":" ","e":"n","st":"N\u00e3o eleito","dvt":"V\u00e1lido","vap":"24","pvap":"   0,08"},{"seq":"155","sqcand":"140001201454","n":"20222","nm":"ARMANDO BECKMAN","cc":"PSC","nv":" ","e":"n","st":"N\u00e3o eleito","dvt":"V\u00e1lido","vap":"15","pvap":"   0,05"},{"seq":"119","sqcand":"140001039499","n":"10000","nm":"MARCIO CTC","cc":"REPUBLICANOS","nv":" ","e":"n","st":"N\u00e3o eleito","dvt":"V\u00e1lido","vap":"177","pvap":"   0,61"},{"seq":"147","sqcand":"140001039501","n":"10116","nm":"MARIA DAS NEVES","cc":"REPUBLICANOS","nv":" ","e":"n","st":"N\u00e3o eleito","dvt":"V\u00e1lido","vap":"23","pvap":"   0,08"},{"seq":"25","sqcand":"140000962897","n":"55880","nm":"PINDOBA","cc":"PSD","nv":" ","e":"n","st":"Suplente","dvt":"V\u00e1lido","vap":"353","pvap":"   1,21"},{"seq":"33","sqcand":"140000810080","n":"90150","nm":"NELSINHO DO GREENVILLE","cc":"PROS","nv":" ","e":"n","st":"Suplente","dvt":"V\u00e1lido","vap":"257","pvap":"   0,88"},{"seq":"125","sqcand":"140001083523","n":"11111","nm":"HILDO CESAR","cc":"PP","nv":" ","e":"n","st":"N\u00e3o eleito","dvt":"V\u00e1lido","vap":"105","pvap":"   0,36"},{"seq":"64","sqcand":"140001181220","n":"12999","nm":"DINHO DA PENHALONGA","cc":"PDT","nv":" ","e":"n","st":"Suplente","dvt":"V\u00e1lido","vap":"100","pvap":"   0,34"},{"seq":"110","sqcand":"140000810082","n":"90222","nm":"ENFERMEIRA THAYANA","cc":"PROS","nv":" ","e":"n","st":"Suplente","dvt":"V\u00e1lido","vap":"8","pvap":"   0,03"},{"seq":"88","sqcand":"140001181215","n":"12126","nm":"PITEL","cc":"PDT","nv":" ","e":"n","st":"Suplente","dvt":"V\u00e1lido","vap":"36","pvap":"   0,12"},{"seq":"105","sqcand":"140001181222","n":"12234","nm":"DONA LOURDES","cc":"PDT","nv":" ","e":"n","st":"Suplente","dvt":"V\u00e1lido","vap":"12","pvap":"   0,04"},{"seq":"121","sqcand":"140001039500","n":"10234","nm":"CARLOTA","cc":"REPUBLICANOS","nv":" ","e":"n","st":"N\u00e3o eleito","dvt":"V\u00e1lido","vap":"118","pvap":"   0,41"},{"seq":"49","sqcand":"140001192191","n":"15479","nm":"TIAGO SOUSA","cc":"MDB","nv":" ","e":"n","st":"Suplente","dvt":"V\u00e1lido","vap":"164","pvap":"   0,56"},{"seq":"113","sqcand":"140001124342","n":"45457","nm":"NATANAEL LOBATO","cc":"PSDB","nv":" ","e":"n","st":"Suplente","dvt":"V\u00e1lido","vap":"4","pvap":"   0,01"},{"seq":"149","sqcand":"140001267412","n":"10199","nm":"TATIANA","cc":"REPUBLICANOS","nv":" ","e":"n","st":"N\u00e3o eleito","dvt":"V\u00e1lido","vap":"21","pvap":"   0,07"},{"seq":"82","sqcand":"140000810095","n":"90333","nm":"SANDRINHO","cc":"PROS","nv":" ","e":"n","st":"Suplente","dvt":"V\u00e1lido","vap":"44","pvap":"   0,15"},{"seq":"94","sqcand":"140000810085","n":"90000","nm":"EDSON SOUSA","cc":"PROS","nv":" ","e":"n","st":"Suplente","dvt":"V\u00e1lido","vap":"28","pvap":"   0,10"},{"seq":"27","sqcand":"140001124338","n":"45122","nm":"ANTONIO DA SA\u00daDE","cc":"PSDB","nv":" ","e":"n","st":"Suplente","dvt":"V\u00e1lido","vap":"310","pvap":"   1,06"},{"seq":"95","sqcand":"140001124332","n":"45601","nm":"CARLOS DA SAUDE","cc":"PSDB","nv":" ","e":"n","st":"Suplente","dvt":"V\u00e1lido","vap":"28","pvap":"   0,10"},{"seq":"132","sqcand":"140001201439","n":"20400","nm":"JO\u00c3O CARLOS","cc":"PSC","nv":" ","e":"n","st":"N\u00e3o eleito","dvt":"V\u00e1lido","vap":"52","pvap":"   0,18"},{"seq":"152","sqcand":"140000883460","n":"51125","nm":"ADRIANA LIMA","cc":"PATRIOTA","nv":" ","e":"n","st":"N\u00e3o eleito","dvt":"V\u00e1lido","vap":"18","pvap":"   0,06"},{"seq":"72","sqcand":"140000962893","n":"55456","nm":"ANA MONTEIRO","cc":"PSD","nv":" ","e":"n","st":"Suplente","dvt":"V\u00e1lido","vap":"65","pvap":"   0,22"},{"seq":"143","sqcand":"140001083527","n":"11000","nm":"Z\u00c9 DA MALA","cc":"PP","nv":" ","e":"n","st":"N\u00e3o eleito","dvt":"V\u00e1lido","vap":"25","pvap":"   0,09"},{"seq":"74","sqcand":"140000810093","n":"90777","nm":"IRM\u00c3O PAULO HENRIQUE","cc":"PROS","nv":" ","e":"n","st":"Suplente","dvt":"V\u00e1lido","vap":"60","pvap":"   0,21"},{"seq":"84","sqcand":"140000959600","n":"13555","nm":"ALNECI","cc":"PT","nv":" ","e":"n","st":"Suplente","dvt":"V\u00e1lido","vap":"39","pvap":"   0,13"},{"seq":"83","sqcand":"140001124337","n":"45777","nm":"SOCORRO MELO","cc":"PSDB","nv":" ","e":"n","st":"Suplente","dvt":"V\u00e1lido","vap":"40","pvap":"   0,14"},{"seq":"144","sqcand":"140001083529","n":"11256","nm":"NOCA DO ESPORTE","cc":"PP","nv":" ","e":"n","st":"N\u00e3o eleito","dvt":"V\u00e1lido","vap":"24","pvap":"   0,08"},{"seq":"115","sqcand":"140001181224","n":"12200","nm":"PRESBITERO KLEBER","cc":"PDT","nv":" ","e":"n","st":"Suplente","dvt":"V\u00e1lido","vap":"0","pvap":"00.00"},{"seq":"11","sqcand":"140001181218","n":"12000","nm":"PROF HUGO","cc":"PDT","nv":" ","e":"s","st":"Eleito","dvt":"V\u00e1lido","vap":"508","pvap":"   1,74"},{"seq":"29","sqcand":"140000962895","n":"55333","nm":"TIA TEREZA","cc":"PSD","nv":" ","e":"n","st":"Suplente","dvt":"V\u00e1lido","vap":"301","pvap":"   1,03"},{"seq":"31","sqcand":"140000962899","n":"55155","nm":"SILVIO PUBLICIDADE","cc":"PSD","nv":" ","e":"n","st":"Suplente","dvt":"V\u00e1lido","vap":"280","pvap":"   0,96"},{"seq":"123","sqcand":"140001201453","n":"20199","nm":"ITAMAR MONTEIRO","cc":"PSC","nv":" ","e":"n","st":"N\u00e3o eleito","dvt":"V\u00e1lido","vap":"110","pvap":"   0,38"},{"seq":"42","sqcand":"140001192189","n":"15789","nm":"ERIKA DA SA\u00daDE","cc":"MDB","nv":" ","e":"n","st":"Suplente","dvt":"V\u00e1lido","vap":"197","pvap":"   0,68"},{"seq":"75","sqcand":"140000962902","n":"55055","nm":"RAQUEL ENFERMEIRA","cc":"PSD","nv":" ","e":"n","st":"Suplente","dvt":"V\u00e1lido","vap":"59","pvap":"   0,20"},{"seq":"162","sqcand":"140000883456","n":"51567","nm":"PASTOR JORGE","cc":"PATRIOTA","nv":" ","e":"n","st":"N\u00e3o eleito","dvt":"V\u00e1lido","vap":"10","pvap":"   0,03"},{"seq":"139","sqcand":"140001201438","n":"20234","nm":"CEAR\u00c1 PRESTA\u00c7\u00c3O","cc":"PSC","nv":" ","e":"n","st":"N\u00e3o eleito","dvt":"V\u00e1lido","vap":"37","pvap":"   0,13"},{"seq":"148","sqcand":"140001083522","n":"11333","nm":"ROSELINO RODRIGUES","cc":"PP","nv":" ","e":"n","st":"N\u00e3o eleito","dvt":"V\u00e1lido","vap":"21","pvap":"   0,07"},{"seq":"165","sqcand":"140000883457","n":"51511","nm":"RAQUEL MONTEIRO","cc":"PATRIOTA","nv":" ","e":"n","st":"N\u00e3o eleito","dvt":"V\u00e1lido","vap":"7","pvap":"   0,02"},{"seq":"10","sqcand":"140000962892","n":"55007","nm":"BRENO PALHETA MOTOS","cc":"PSD","nv":" ","e":"s","st":"Eleito","dvt":"V\u00e1lido","vap":"536","pvap":"   1,84"},{"seq":"66","sqcand":"140001181209","n":"12444","nm":"PASTOR ISMAEL","cc":"PDT","nv":" ","e":"n","st":"Suplente","dvt":"V\u00e1lido","vap":"81","pvap":"   0,28"},{"seq":"14","sqcand":"140001192190","n":"15177","nm":"PROFESSOR RENAN","cc":"MDB","nv":" ","e":"n","st":"Suplente","dvt":"V\u00e1lido","vap":"564","pvap":"   1,94"},{"seq":"142","sqcand":"140001201442","n":"20111","nm":"MEZENGA","cc":"PSC","nv":" ","e":"n","st":"N\u00e3o eleito","dvt":"V\u00e1lido","vap":"26","pvap":"   0,09"},{"seq":"104","sqcand":"140000810088","n":"90111","nm":"CARLOS EDUARDO","cc":"PROS","nv":" ","e":"n","st":"Suplente","dvt":"V\u00e1lido","vap":"17","pvap":"   0,06"},{"seq":"112","sqcand":"140000810091","n":"90007","nm":"PROFESSORA JOSIANE","cc":"PROS","nv":" ","e":"n","st":"Suplente","dvt":"V\u00e1lido","vap":"6","pvap":"   0,02"},{"seq":"30","sqcand":"140000959603","n":"13333","nm":"PROFESSOR Z\u00c9 VIGIA","cc":"PT","nv":" ","e":"n","st":"Suplente","dvt":"V\u00e1lido","vap":"292","pvap":"   1,00"},{"seq":"35","sqcand":"140000810097","n":"90999","nm":"BEB\u00ca","cc":"PROS","nv":" ","e":"n","st":"Suplente","dvt":"V\u00e1lido","vap":"247","pvap":"   0,85"},{"seq":"107","sqcand":"140001181214","n":"12555","nm":"LOHANA","cc":"PDT","nv":" ","e":"n","st":"Suplente","dvt":"V\u00e1lido","vap":"11","pvap":"   0,04"},{"seq":"120","sqcand":"140001201443","n":"20123","nm":"ALEX AMARAL","cc":"PSC","nv":" ","e":"n","st":"N\u00e3o eleito","dvt":"V\u00e1lido","vap":"157","pvap":"   0,54"},{"seq":"97","sqcand":"140001181208","n":"12456","nm":"KATANA","cc":"PDT","nv":" ","e":"n","st":"Suplente","dvt":"V\u00e1lido","vap":"27","pvap":"   0,09"},{"seq":"58","sqcand":"140001192183","n":"15151","nm":"NOELMA HONORATO","cc":"MDB","nv":" ","e":"n","st":"Suplente","dvt":"V\u00e1lido","vap":"117","pvap":"   0,40"},{"seq":"13","sqcand":"140000959617","n":"13789","nm":"EVALDO BOCAO","cc":"PT","nv":" ","e":"s","st":"Eleito","dvt":"V\u00e1lido","vap":"401","pvap":"   1,38"},{"seq":"126","sqcand":"140001201445","n":"20777","nm":"JHON MARTINS","cc":"PSC","nv":" ","e":"n","st":"N\u00e3o eleito","dvt":"V\u00e1lido","vap":"85","pvap":"   0,29"},{"seq":"19","sqcand":"140001192181","n":"15222","nm":"ARMANDO DO HOSPITAL","cc":"MDB","nv":" ","e":"n","st":"Suplente","dvt":"V\u00e1lido","vap":"423","pvap":"   1,45"},{"seq":"36","sqcand":"140001192197","n":"15666","nm":"FARIAS","cc":"MDB","nv":" ","e":"n","st":"Suplente","dvt":"V\u00e1lido","vap":"242","pvap":"   0,83"},{"seq":"2","sqcand":"140001192188","n":"15678","nm":"GUIDA CARDOSO","cc":"MDB","nv":" ","e":"s","st":"Eleito","dvt":"V\u00e1lido","vap":"1052","pvap":"   3,61"},{"seq":"16","sqcand":"140001124340","n":"45333","nm":"PROFESSORA MARIZETE","cc":"PSDB","nv":" ","e":"n","st":"Suplente","dvt":"V\u00e1lido","vap":"510","pvap":"   1,75"},{"seq":"6","sqcand":"140001181216","n":"12123","nm":"CLIVALDO","cc":"PDT","nv":" ","e":"s","st":"Eleito","dvt":"V\u00e1lido","vap":"856","pvap":"   2,94"},{"seq":"3","sqcand":"140001124328","n":"45444","nm":"MARCELO BRAGA","cc":"PSDB","nv":" ","e":"s","st":"Eleito","dvt":"V\u00e1lido","vap":"975","pvap":"   3,35"},{"seq":"133","sqcand":"140001039504","n":"10121","nm":"ALAILSON","cc":"REPUBLICANOS","nv":" ","e":"n","st":"N\u00e3o eleito","dvt":"V\u00e1lido","vap":"49","pvap":"   0,17"},{"seq":"9","sqcand":"140001124339","n":"45222","nm":"BIL\u00c3O","cc":"PSDB","nv":" ","e":"s","st":"Eleito","dvt":"V\u00e1lido","vap":"697","pvap":"   2,39"},{"seq":"65","sqcand":"140000962909","n":"55777","nm":"DARCY ALMEIDA","cc":"PSD","nv":" ","e":"n","st":"Suplente","dvt":"V\u00e1lido","vap":"92","pvap":"   0,32"},{"seq":"53","sqcand":"140000959606","n":"13888","nm":"ANDERSON","cc":"PT","nv":" ","e":"n","st":"Suplente","dvt":"V\u00e1lido","vap":"135","pvap":"   0,46"},{"seq":"108","sqcand":"140000959607","n":"13800","nm":"ONICEIA","cc":"PT","nv":" ","e":"n","st":"Suplente","dvt":"V\u00e1lido","vap":"11","pvap":"   0,04"},{"seq":"21","sqcand":"140000962900","n":"55222","nm":"MANOEL DA BARRETA","cc":"PSD","nv":" ","e":"n","st":"Suplente","dvt":"V\u00e1lido","vap":"396","pvap":"   1,36"},{"seq":"106","sqcand":"140000959601","n":"13987","nm":"UELIVO","cc":"PT","nv":" ","e":"n","st":"Suplente","dvt":"V\u00e1lido","vap":"12","pvap":"   0,04"},{"seq":"137","sqcand":"140001201446","n":"20100","nm":"DALVA","cc":"PSC","nv":" ","e":"n","st":"N\u00e3o eleito","dvt":"V\u00e1lido","vap":"38","pvap":"   0,13"},{"seq":"85","sqcand":"140001192196","n":"15688","nm":"DANIELLE","cc":"MDB","nv":" ","e":"n","st":"Suplente","dvt":"V\u00e1lido","vap":"37","pvap":"   0,13"},{"seq":"167","sqcand":"140001204880","n":"22102","nm":"SEU ELSHADAY","cc":"PL","nv":" ","e":"n","st":"N\u00e3o eleito","dvt":"V\u00e1lido","vap":"5","pvap":"   0,02"},{"seq":"15","sqcand":"140001192185","n":"15000","nm":"BRITO","cc":"MDB","nv":" ","e":"n","st":"Suplente","dvt":"V\u00e1lido","vap":"544","pvap":"   1,87"},{"seq":"71","sqcand":"140001192192","n":"15777","nm":"NO\u00c9 LOBO","cc":"MDB","nv":" ","e":"n","st":"Suplente","dvt":"V\u00e1lido","vap":"67","pvap":"   0,23"},{"seq":"160","sqcand":"140001083524","n":"11996","nm":"PROF\u00aa JOSANE NEVES","cc":"PP","nv":" ","e":"n","st":"N\u00e3o eleito","dvt":"V\u00e1lido","vap":"12","pvap":"   0,04"},{"seq":"91","sqcand":"140000810096","n":"90234","nm":"ENFERMEIRA SILMARA","cc":"PROS","nv":" ","e":"n","st":"Suplente","dvt":"V\u00e1lido","vap":"31","pvap":"   0,11"},{"seq":"32","sqcand":"140000962898","n":"55888","nm":"JHOEE SILVA","cc":"PSD","nv":" ","e":"n","st":"Suplente","dvt":"V\u00e1lido","vap":"269","pvap":"   0,92"},{"seq":"68","sqcand":"140000810098","n":"90090","nm":"NATALINA RABELO","cc":"PROS","nv":" ","e":"n","st":"Suplente","dvt":"V\u00e1lido","vap":"73","pvap":"   0,25"},{"seq":"23","sqcand":"140001124336","n":"45111","nm":"QUIT\u00c3O","cc":"PSDB","nv":" ","e":"n","st":"Suplente","dvt":"V\u00e1lido","vap":"374","pvap":"   1,28"},{"seq":"51","sqcand":"140001181223","n":"12678","nm":"ZEZINHO","cc":"PDT","nv":" ","e":"n","st":"Suplente","dvt":"V\u00e1lido","vap":"143","pvap":"   0,49"},{"seq":"116","sqcand":"140001039505","n":"10123","nm":"GEOVANE","cc":"REPUBLICANOS","nv":" ","e":"n","st":"N\u00e3o eleito","dvt":"V\u00e1lido","vap":"220","pvap":"   0,76"},{"seq":"46","sqcand":"140000959602","n":"13113","nm":"DRA NAZARE","cc":"PT","nv":" ","e":"n","st":"Suplente","dvt":"V\u00e1lido","vap":"166","pvap":"   0,57"},{"seq":"86","sqcand":"140000959609","n":"13123","nm":"CILDO","cc":"PT","nv":" ","e":"n","st":"Suplente","dvt":"V\u00e1lido","vap":"36","pvap":"   0,12"},{"seq":"47","sqcand":"140000810087","n":"90123","nm":"PASTORA ANA","cc":"PROS","nv":" ","e":"n","st":"Suplente","dvt":"V\u00e1lido","vap":"165","pvap":"   0,57"},{"seq":"60","sqcand":"140001124326","n":"45123","nm":"MARIO CESAR","cc":"PSDB","nv":" ","e":"n","st":"Suplente","dvt":"V\u00e1lido","vap":"114","pvap":"   0,39"},{"seq":"127","sqcand":"140001201450","n":"20000","nm":"LUIS GONZAGA","cc":"PSC","nv":" ","e":"n","st":"N\u00e3o eleito","dvt":"V\u00e1lido","vap":"82","pvap":"   0,28"},{"seq":"73","sqcand":"140000810089","n":"90900","nm":"ANDREY BECKMAM","cc":"PROS","nv":" ","e":"n","st":"Suplente","dvt":"V\u00e1lido","vap":"64","pvap":"   0,22"},{"seq":"39","sqcand":"140001124330","n":"45223","nm":"RUI LEAL","cc":"PSDB","nv":" ","e":"n","st":"Suplente","dvt":"V\u00e1lido","vap":"227","pvap":"   0,78"},{"seq":"48","sqcand":"140001181221","n":"12333","nm":"ERICA","cc":"PDT","nv":" ","e":"n","st":"Suplente","dvt":"V\u00e1lido","vap":"165","pvap":"   0,57"},{"seq":"146","sqcand":"140000883464","n":"51333","nm":"LUIZ GONZAGA","cc":"PATRIOTA","nv":" ","e":"n","st":"N\u00e3o eleito","dvt":"V\u00e1lido","vap":"23","pvap":"   0,08"},{"seq":"136","sqcand":"140001201447","n":"20654","nm":"IZAIAS MORAES","cc":"PSC","nv":" ","e":"n","st":"N\u00e3o eleito","dvt":"V\u00e1lido","vap":"41","pvap":"   0,14"},{"seq":"111","sqcand":"140001274315","n":"55111","nm":"LENE SOUSA","cc":"PSD","nv":" ","e":"n","st":"Suplente","dvt":"V\u00e1lido","vap":"7","pvap":"   0,02"},{"seq":"7","sqcand":"140001192198","n":"15555","nm":"EDNEY CORREA","cc":"MDB","nv":" ","e":"s","st":"Eleito","dvt":"V\u00e1lido","vap":"850","pvap":"   2,92"},{"seq":"4","sqcand":"140000962906","n":"55123","nm":"PROFESSOR LUIZINHO BRITO","cc":"PSD","nv":" ","e":"s","st":"Eleito","dvt":"V\u00e1lido","vap":"936","pvap":"   3,21"},{"seq":"38","sqcand":"140000962904","n":"55666","nm":"MOACIR","cc":"PSD","nv":" ","e":"n","st":"Suplente","dvt":"V\u00e1lido","vap":"234","pvap":"   0,80"},{"seq":"89","sqcand":"140000959618","n":"13321","nm":"CLEYDINHO","cc":"PT","nv":" ","e":"n","st":"Suplente","dvt":"V\u00e1lido","vap":"35","pvap":"   0,12"},{"seq":"168","sqcand":"140000883468","n":"51222","nm":"SUELLEM","cc":"PATRIOTA","nv":" ","e":"n","st":"N\u00e3o eleito","dvt":"V\u00e1lido","vap":"2","pvap":"   0,01"},{"seq":"41","sqcand":"140001181211","n":"12888","nm":"KAK\u00c1 DE PORTO SALVO","cc":"PDT","nv":" ","e":"n","st":"Suplente","dvt":"V\u00e1lido","vap":"202","pvap":"   0,69"},{"seq":"163","sqcand":"140000883461","n":"51000","nm":"ANDR\u00c9 MOTO T\u00c1XI","cc":"PATRIOTA","nv":" ","e":"n","st":"N\u00e3o eleito","dvt":"V\u00e1lido","vap":"8","pvap":"   0,03"},{"seq":"40","sqcand":"140001192182","n":"15444","nm":"TIA F\u00c1TIMA","cc":"MDB","nv":" ","e":"n","st":"Suplente","dvt":"V\u00e1lido","vap":"206","pvap":"   0,71"},{"seq":"109","sqcand":"140000959613","n":"13616","nm":"IZAURA","cc":"PT","nv":" ","e":"n","st":"Suplente","dvt":"V\u00e1lido","vap":"11","pvap":"   0,04"},{"seq":"101","sqcand":"140000959604","n":"13444","nm":"SILVANO","cc":"PT","nv":" ","e":"n","st":"Suplente","dvt":"V\u00e1lido","vap":"18","pvap":"   0,06"},{"seq":"164","sqcand":"140001201448","n":"20321","nm":"LUANA SANTOS","cc":"PSC","nv":" ","e":"n","st":"N\u00e3o eleito","dvt":"V\u00e1lido","vap":"7","pvap":"   0,02"},{"seq":"96","sqcand":"140001181217","n":"12100","nm":"DILMA VILHENA","cc":"PDT","nv":" ","e":"n","st":"Suplente","dvt":"V\u00e1lido","vap":"27","pvap":"   0,09"},{"seq":"98","sqcand":"140001181226","n":"12222","nm":"PROFESSOR ALEX LEVI","cc":"PDT","nv":" ","e":"n","st":"Suplente","dvt":"V\u00e1lido","vap":"25","pvap":"   0,09"},{"seq":"156","sqcand":"140000883463","n":"51555","nm":"DANIEL","cc":"PATRIOTA","nv":" ","e":"n","st":"N\u00e3o eleito","dvt":"V\u00e1lido","vap":"14","pvap":"   0,05"},{"seq":"22","sqcand":"140000962903","n":"55555","nm":"RUDYERY BARAT\u00c3O","cc":"PSD","nv":" ","e":"n","st":"Suplente","dvt":"V\u00e1lido","vap":"383","pvap":"   1,31"},{"seq":"70","sqcand":"140000959614","n":"13222","nm":"ALAM SARMENTO","cc":"PT","nv":" ","e":"n","st":"Suplente","dvt":"V\u00e1lido","vap":"71","pvap":"   0,24"},{"seq":"76","sqcand":"140000959615","n":"13977","nm":"PROFESSOR MARQUINHOS","cc":"PT","nv":" ","e":"n","st":"Suplente","dvt":"V\u00e1lido","vap":"56","pvap":"   0,19"},{"seq":"87","sqcand":"140001181210","n":"12666","nm":"ENFERMEIRA LAURA","cc":"PDT","nv":" ","e":"n","st":"Suplente","dvt":"V\u00e1lido","vap":"36","pvap":"   0,12"},{"seq":"80","sqcand":"140001192199","n":"15774","nm":"JAJ\u00c1","cc":"MDB","nv":" ","e":"n","st":"Suplente","dvt":"V\u00e1lido","vap":"46","pvap":"   0,16"},{"seq":"129","sqcand":"140000883465","n":"51100","nm":"VITOR SANTOS","cc":"PATRIOTA","nv":" ","e":"n","st":"N\u00e3o eleito","dvt":"V\u00e1lido","vap":"59","pvap":"   0,20"},{"seq":"20","sqcand":"140000810084","n":"90144","nm":"ALCIDES GUIMAR\u00c3ES","cc":"PROS","nv":" ","e":"n","st":"Suplente","dvt":"V\u00e1lido","vap":"420","pvap":"   1,44"},{"seq":"78","sqcand":"140000959616","n":"13199","nm":"BETTO DANCE","cc":"PT","nv":" ","e":"n","st":"Suplente","dvt":"V\u00e1lido","vap":"51","pvap":"   0,18"},{"seq":"77","sqcand":"140000810094","n":"90001","nm":"WARLEM LIMA","cc":"PROS","nv":" ","e":"n","st":"Suplente","dvt":"V\u00e1lido","vap":"56","pvap":"   0,19"},{"seq":"5","sqcand":"140000810079","n":"90444","nm":"MIGUELZINHO","cc":"PROS","nv":" ","e":"s","st":"Eleito","dvt":"V\u00e1lido","vap":"909","pvap":"   3,12"},{"seq":"118","sqcand":"140001083525","n":"11222","nm":"P\u00c9ROBA","cc":"PP","nv":" ","e":"n","st":"N\u00e3o eleito","dvt":"V\u00e1lido","vap":"211","pvap":"   0,72"},{"seq":"50","sqcand":"140001181207","n":"12789","nm":"JO\u00c3O DO REL\u00d3GIO","cc":"PDT","nv":" ","e":"n","st":"Suplente","dvt":"V\u00e1lido","vap":"161","pvap":"   0,55"},{"seq":"59","sqcand":"140000962894","n":"55400","nm":"SILVANE TRINDADE","cc":"PSD","nv":" ","e":"n","st":"Suplente","dvt":"V\u00e1lido","vap":"117","pvap":"   0,40"},{"seq":"150","sqcand":"140001083528","n":"11123","nm":"LUANA COSTA ","cc":"PP","nv":" ","e":"n","st":"N\u00e3o eleito","dvt":"V\u00e1lido","vap":"20","pvap":"   0,07"},{"seq":"67","sqcand":"140001124335","n":"45687","nm":"DAYSE GUEDES","cc":"PSDB","nv":" ","e":"n","st":"Suplente","dvt":"V\u00e1lido","vap":"75","pvap":"   0,26"},{"seq":"166","sqcand":"140000883459","n":"51123","nm":"BENEDITO PINHEIRO","cc":"PATRIOTA","nv":" ","e":"n","st":"N\u00e3o eleito","dvt":"V\u00e1lido","vap":"6","pvap":"   0,02"},{"seq":"61","sqcand":"140001192184","n":"15015","nm":"ORCID\u00c9A FERREIRA","cc":"MDB","nv":" ","e":"n","st":"Suplente","dvt":"V\u00e1lido","vap":"112","pvap":"   0,38"},{"seq":"141","sqcand":"140001083521","n":"11234","nm":"GRA\u00c7A DA QUADRILHA","cc":"PP","nv":" ","e":"n","st":"N\u00e3o eleito","dvt":"V\u00e1lido","vap":"30","pvap":"   0,10"},{"seq":"140","sqcand":"140001204881","n":"22111","nm":"BENEDITO JUNIOR","cc":"PL","nv":" ","e":"n","st":"N\u00e3o eleito","dvt":"V\u00e1lido","vap":"31","pvap":"   0,11"},{"seq":"24","sqcand":"140000810092","n":"90180","nm":"LAZARO SALDANHA","cc":"PROS","nv":" ","e":"n","st":"Suplente","dvt":"V\u00e1lido","vap":"360","pvap":"   1,24"},{"seq":"52","sqcand":"140001192187","n":"15456","nm":"J\u00c2NIO","cc":"MDB","nv":" ","e":"n","st":"Suplente","dvt":"V\u00e1lido","vap":"142","pvap":"   0,49"},{"seq":"28","sqcand":"140000962905","n":"55199","nm":"IONEY BORGES MAGR\u00c3O","cc":"PSD","nv":" ","e":"n","st":"Suplente","dvt":"V\u00e1lido","vap":"302","pvap":"   1,04"},{"seq":"43","sqcand":"140001124331","n":"45678","nm":"CHICO CANUTO","cc":"PSDB","nv":" ","e":"n","st":"Suplente","dvt":"V\u00e1lido","vap":"178","pvap":"   0,61"},{"seq":"100","sqcand":"140001181219","n":"12111","nm":"BERNA","cc":"PDT","nv":" ","e":"n","st":"Suplente","dvt":"V\u00e1lido","vap":"22","pvap":"   0,08"},{"seq":"18","sqcand":"140000962911","n":"55000","nm":"PROFESSOR ROMULO MONTEIRO","cc":"PSD","nv":" ","e":"n","st":"Suplente","dvt":"V\u00e1lido","vap":"429","pvap":"   1,47"},{"seq":"130","sqcand":"140001039503","n":"10245","nm":"CATARINA RODRIGUES","cc":"REPUBLICANOS","nv":" ","e":"n","st":"N\u00e3o eleito","dvt":"V\u00e1lido","vap":"58","pvap":"   0,20"},{"seq":"57","sqcand":"140001124327","n":"45888","nm":"CABO OLIVEIRA","cc":"PSDB","nv":" ","e":"n","st":"Suplente","dvt":"V\u00e1lido","vap":"122","pvap":"   0,42"},{"seq":"161","sqcand":"140000883462","n":"51731","nm":"LORO","cc":"PATRIOTA","nv":" ","e":"n","st":"N\u00e3o eleito","dvt":"V\u00e1lido","vap":"11","pvap":"   0,04"},{"seq":"138","sqcand":"140001204890","n":"22345","nm":"SILVIA PALHETA","cc":"PL","nv":" ","e":"n","st":"N\u00e3o eleito","dvt":"V\u00e1lido","vap":"38","pvap":"   0,13"},{"seq":"1","sqcand":"140001192193","n":"15111","nm":"WANDERSON KATATAU","cc":"MDB","nv":" ","e":"s","st":"Eleito","dvt":"V\u00e1lido","vap":"1466","pvap":"   5,03"},{"seq":"114","sqcand":"140000959610","n":"13111","nm":"ARILSON","cc":"PT","nv":" ","e":"n","st":"Suplente","dvt":"V\u00e1lido","vap":"2","pvap":"   0,01"},{"seq":"44","sqcand":"140000962910","n":"55789","nm":"WELLINGTON RIBEIRO","cc":"PSD","nv":" ","e":"n","st":"Suplente","dvt":"V\u00e1lido","vap":"176","pvap":"   0,60"}]}
