{"ele":"426","tpabr":"mu","cdabr":"05690","carper":"13","t":"1","f":"o","dt":"15/11/2020","ht":"21:24:59","dv":"s","tf":"s","v":"11","esae":"n","mnae":"","s":"47","st":"47","pst":" 100,00","snt":"0","psnt":"   0,00","si":"47","psi":" 100,00","sni":"0","psni":"   0,00","sa":"47","psa":" 100,00","sna":"0","psna":"   0,00","e":"14132","ea":"14132","pea":" 100,00","ena":"0","pena":"   0,00","esi":"14132","pesi":" 100,00","esni":"0","pesni":"   0,00","c":"11075","pc":"  78,37","a":"3057","pa":"  21,63","vscv":"0","vnom":"10076","vl":"565","pvnom":"  94,69","pvl":"   5,31","vvc":"10641","pvvc":"  96,08","vb":"127","pvb":"   1,15","tvn":"307","ptvn":"   2,77","vn":"307","pvn":" 100,00","vnt":"0","pvnt":"   0,00","vp":"0","pvp":"   0,00","vv":"10641","pvv":" 100,00","van":"0","pvan":"   0,00","vansj":"0","pvansj":"   0,00","tv":"11075","cand":[{"seq":"49","sqcand":"140000780173","n":"55007","nm":"REJANE DOS SANTOS","cc":"PSD","nv":" ","e":"n","st":"Suplente","dvt":"V\u00e1lido","vap":"66","pvap":"   0,62"},{"seq":"68","sqcand":"140000863229","n":"10999","nm":"CARECA DO PARQUE DA LIBERDADE","cc":"REPUBLICANOS","nv":" ","e":"n","st":"Suplente","dvt":"V\u00e1lido","vap":"27","pvap":"   0,25"},{"seq":"7","sqcand":"140000690648","n":"51234","nm":"OSVALDO SINUCA","cc":"PATRIOTA","nv":" ","e":"s","st":"Eleito","dvt":"V\u00e1lido","vap":"300","pvap":"   2,82"},{"seq":"16","sqcand":"140000781160","n":"19000","nm":"MANOEL ROLINHA","cc":"PODE","nv":" ","e":"n","st":"Suplente","dvt":"V\u00e1lido","vap":"223","pvap":"   2,10"},{"seq":"3","sqcand":"140000693639","n":"20123","nm":"GISVALDO GRAT\u00c3O","cc":"PSC","nv":" ","e":"s","st":"Eleito","dvt":"V\u00e1lido","vap":"357","pvap":"   3,35"},{"seq":"12","sqcand":"140000863224","n":"10000","nm":"BRUNO DA VILA","cc":"REPUBLICANOS","nv":" ","e":"n","st":"Suplente","dvt":"V\u00e1lido","vap":"292","pvap":"   2,74"},{"seq":"23","sqcand":"140000780177","n":"55555","nm":"MARCIO NOEL","cc":"PSD","nv":" ","e":"n","st":"Suplente","dvt":"V\u00e1lido","vap":"162","pvap":"   1,52"},{"seq":"62","sqcand":"140000693651","n":"20345","nm":"OURI\u00c7ADO","cc":"PSC","nv":" ","e":"n","st":"Suplente","dvt":"V\u00e1lido","vap":"35","pvap":"   0,33"},{"seq":"54","sqcand":"140000780168","n":"55112","nm":"PEDRINHO DA ELETRONICA","cc":"PSD","nv":" ","e":"n","st":"Suplente","dvt":"V\u00e1lido","vap":"51","pvap":"   0,48"},{"seq":"10","sqcand":"140000781149","n":"19999","nm":"DISON DA CICLO CENTRO","cc":"PODE","nv":" ","e":"s","st":"Eleito","dvt":"V\u00e1lido","vap":"233","pvap":"   2,19"},{"seq":"63","sqcand":"140000781157","n":"19555","nm":"DALVA SILVA","cc":"PODE","nv":" ","e":"n","st":"Suplente","dvt":"V\u00e1lido","vap":"34","pvap":"   0,32"},{"seq":"42","sqcand":"140000781159","n":"19456","nm":"MOACIR DA MINERA\u00c7\u00c3O","cc":"PODE","nv":" ","e":"n","st":"Suplente","dvt":"V\u00e1lido","vap":"93","pvap":"   0,87"},{"seq":"22","sqcand":"140000690594","n":"15615","nm":"VAL DA ENFERMAGEM","cc":"MDB","nv":" ","e":"n","st":"Suplente","dvt":"V\u00e1lido","vap":"163","pvap":"   1,53"},{"seq":"43","sqcand":"140000693640","n":"20120","nm":"MARCELO DE OLIVEIRA","cc":"PSC","nv":" ","e":"n","st":"Suplente","dvt":"V\u00e1lido","vap":"93","pvap":"   0,87"},{"seq":"14","sqcand":"140000690635","n":"51007","nm":"ELIAS DO FRIGORIFICO","cc":"PATRIOTA","nv":" ","e":"n","st":"Suplente","dvt":"V\u00e1lido","vap":"247","pvap":"   2,32"},{"seq":"94","sqcand":"140001273616","n":"51456","nm":"ANA DA VILA NOVA","cc":"PATRIOTA","nv":" ","e":"n","st":"Suplente","dvt":"V\u00e1lido","vap":"0","pvap":"00.00"},{"seq":"91","sqcand":"140000920593","n":"65234","nm":"LUCAS CANTANHEDE","cc":"PC do B","nv":" ","e":"n","st":"Suplente","dvt":"V\u00e1lido","vap":"5","pvap":"   0,05"},{"seq":"11","sqcand":"140000693636","n":"20500","nm":"IRM\u00c3 JANES","cc":"PSC","nv":" ","e":"s","st":"Eleito","dvt":"V\u00e1lido","vap":"230","pvap":"   2,16"},{"seq":"27","sqcand":"140000920590","n":"65131","nm":"COSMO MARQUES","cc":"PC do B","nv":" ","e":"n","st":"Suplente","dvt":"V\u00e1lido","vap":"155","pvap":"   1,46"},{"seq":"52","sqcand":"140000863228","n":"10200","nm":"NIRON PEDREIRO","cc":"REPUBLICANOS","nv":" ","e":"n","st":"Suplente","dvt":"V\u00e1lido","vap":"63","pvap":"   0,59"},{"seq":"20","sqcand":"140000781151","n":"19123","nm":"CL\u00c1UDIO COUTO","cc":"PODE","nv":" ","e":"n","st":"Suplente","dvt":"V\u00e1lido","vap":"182","pvap":"   1,71"},{"seq":"32","sqcand":"140000920588","n":"65165","nm":"ANT\u00d4NIA RIBEIRO","cc":"PC do B","nv":" ","e":"n","st":"Suplente","dvt":"V\u00e1lido","vap":"129","pvap":"   1,21"},{"seq":"50","sqcand":"140000920589","n":"65789","nm":"PROFESSOR CLEITON","cc":"PC do B","nv":" ","e":"n","st":"Suplente","dvt":"V\u00e1lido","vap":"64","pvap":"   0,60"},{"seq":"15","sqcand":"140000863227","n":"10456","nm":"WESLLEY FERNANDES","cc":"REPUBLICANOS","nv":" ","e":"n","st":"Suplente","dvt":"V\u00e1lido","vap":"229","pvap":"   2,15"},{"seq":"48","sqcand":"140000693637","n":"20233","nm":"MISSIONARIA RUTI DE PAULA","cc":"PSC","nv":" ","e":"n","st":"Suplente","dvt":"V\u00e1lido","vap":"66","pvap":"   0,62"},{"seq":"2","sqcand":"140000780175","n":"55055","nm":"LUCIA DO L\u00c9O","cc":"PSD","nv":" ","e":"s","st":"Eleito","dvt":"V\u00e1lido","vap":"414","pvap":"   3,89"},{"seq":"90","sqcand":"140000780169","n":"55233","nm":"LUIZ RESENDE","cc":"PSD","nv":" ","e":"n","st":"Suplente","dvt":"V\u00e1lido","vap":"7","pvap":"   0,07"},{"seq":"67","sqcand":"140000780171","n":"55000","nm":"EFERYS","cc":"PSD","nv":" ","e":"n","st":"Suplente","dvt":"V\u00e1lido","vap":"30","pvap":"   0,28"},{"seq":"74","sqcand":"140000693638","n":"20250","nm":"MIRTES ALEXANDRIA","cc":"PSC","nv":" ","e":"n","st":"Suplente","dvt":"V\u00e1lido","vap":"23","pvap":"   0,22"},{"seq":"87","sqcand":"140000690643","n":"51016","nm":"ANTONIO LEITE","cc":"PATRIOTA","nv":" ","e":"n","st":"Suplente","dvt":"V\u00e1lido","vap":"10","pvap":"   0,09"},{"seq":"47","sqcand":"140000780172","n":"55123","nm":"PAULO BRASIL","cc":"PSD","nv":" ","e":"n","st":"Suplente","dvt":"V\u00e1lido","vap":"74","pvap":"   0,70"},{"seq":"25","sqcand":"140000693641","n":"20100","nm":"COUTO DA CIVIL","cc":"PSC","nv":" ","e":"n","st":"Suplente","dvt":"V\u00e1lido","vap":"159","pvap":"   1,49"},{"seq":"64","sqcand":"140000690639","n":"51101","nm":"ZE DA PEDRA","cc":"PATRIOTA","nv":" ","e":"n","st":"Suplente","dvt":"V\u00e1lido","vap":"33","pvap":"   0,31"},{"seq":"30","sqcand":"140000693650","n":"20333","nm":"LUC\u00cdDIO PORTELA","cc":"PSC","nv":" ","e":"n","st":"Suplente","dvt":"V\u00e1lido","vap":"141","pvap":"   1,33"},{"seq":"31","sqcand":"140000920598","n":"65123","nm":"PROFESSORA WANIA VAZ","cc":"PC do B","nv":" ","e":"n","st":"Suplente","dvt":"V\u00e1lido","vap":"139","pvap":"   1,31"},{"seq":"61","sqcand":"140000781155","n":"19333","nm":"VANESSA LEMOS","cc":"PODE","nv":" ","e":"n","st":"Suplente","dvt":"V\u00e1lido","vap":"36","pvap":"   0,34"},{"seq":"88","sqcand":"140000690646","n":"51040","nm":"SEBASTIAO GOMES","cc":"PATRIOTA","nv":" ","e":"n","st":"Suplente","dvt":"V\u00e1lido","vap":"9","pvap":"   0,08"},{"seq":"33","sqcand":"140000863222","n":"10123","nm":"IRM\u00c3O GENESIO","cc":"REPUBLICANOS","nv":" ","e":"n","st":"Suplente","dvt":"V\u00e1lido","vap":"121","pvap":"   1,14"},{"seq":"93","sqcand":"140000781154","n":"19111","nm":"KASSIELY ALVES","cc":"PODE","nv":" ","e":"n","st":"Suplente","dvt":"V\u00e1lido","vap":"1","pvap":"   0,01"},{"seq":"59","sqcand":"140000920596","n":"65000","nm":"EDILENE GOMES","cc":"PC do B","nv":" ","e":"n","st":"Suplente","dvt":"V\u00e1lido","vap":"37","pvap":"   0,35"},{"seq":"45","sqcand":"140000693646","n":"20789","nm":"CRISTINA OLIVEIRA","cc":"PSC","nv":" ","e":"n","st":"Suplente","dvt":"V\u00e1lido","vap":"87","pvap":"   0,82"},{"seq":"21","sqcand":"140000693649","n":"20200","nm":"ROBERTO DA BETEL","cc":"PSC","nv":" ","e":"n","st":"Suplente","dvt":"V\u00e1lido","vap":"178","pvap":"   1,67"},{"seq":"73","sqcand":"140000690642","n":"51500","nm":"MARIA RAIMUNDA","cc":"PATRIOTA","nv":" ","e":"n","st":"Suplente","dvt":"V\u00e1lido","vap":"23","pvap":"   0,22"},{"seq":"9","sqcand":"140000920597","n":"65065","nm":"PROFESSOR IR\u00c3","cc":"PC do B","nv":" ","e":"s","st":"Eleito","dvt":"V\u00e1lido","vap":"243","pvap":"   2,28"},{"seq":"86","sqcand":"140000780174","n":"55777","nm":"ROGERIO MARTIS","cc":"PSD","nv":" ","e":"n","st":"Suplente","dvt":"V\u00e1lido","vap":"11","pvap":"   0,10"},{"seq":"89","sqcand":"140000863225","n":"10011","nm":"VANESSA TERTO","cc":"REPUBLICANOS","nv":" ","e":"n","st":"Suplente","dvt":"V\u00e1lido","vap":"8","pvap":"   0,08"},{"seq":"5","sqcand":"140000863226","n":"10789","nm":"GUEGA","cc":"REPUBLICANOS","nv":" ","e":"s","st":"Eleito","dvt":"V\u00e1lido","vap":"307","pvap":"   2,89"},{"seq":"79","sqcand":"140000690592","n":"15115","nm":"CELINA REIS","cc":"MDB","nv":" ","e":"n","st":"Suplente","dvt":"V\u00e1lido","vap":"17","pvap":"   0,16"},{"seq":"19","sqcand":"140000693644","n":"20000","nm":"SIRLENE DA CASA DO CONSTRUTOR","cc":"PSC","nv":" ","e":"n","st":"Suplente","dvt":"V\u00e1lido","vap":"187","pvap":"   1,76"},{"seq":"72","sqcand":"140000780176","n":"55110","nm":"ANA DO PARQUE","cc":"PSD","nv":" ","e":"n","st":"Suplente","dvt":"V\u00e1lido","vap":"24","pvap":"   0,23"},{"seq":"82","sqcand":"140000690588","n":"15456","nm":"JOSELMA DA VILA NOVA","cc":"MDB","nv":" ","e":"n","st":"Suplente","dvt":"V\u00e1lido","vap":"14","pvap":"   0,13"},{"seq":"55","sqcand":"140000690649","n":"51510","nm":"VELHO BARREIRO","cc":"PATRIOTA","nv":" ","e":"n","st":"Suplente","dvt":"V\u00e1lido","vap":"49","pvap":"   0,46"},{"seq":"70","sqcand":"140000920586","n":"65212","nm":"DIDI","cc":"PC do B","nv":" ","e":"n","st":"Suplente","dvt":"V\u00e1lido","vap":"25","pvap":"   0,23"},{"seq":"17","sqcand":"140000690596","n":"15000","nm":"GILDASIO","cc":"MDB","nv":" ","e":"n","st":"Suplente","dvt":"V\u00e1lido","vap":"204","pvap":"   1,92"},{"seq":"83","sqcand":"140000690644","n":"51015","nm":"NEUZINHA DA LUCINHA","cc":"PATRIOTA","nv":" ","e":"n","st":"Suplente","dvt":"V\u00e1lido","vap":"13","pvap":"   0,12"},{"seq":"57","sqcand":"140000781152","n":"19600","nm":"ARI DO CAMINH\u00c3O","cc":"PODE","nv":" ","e":"n","st":"Suplente","dvt":"V\u00e1lido","vap":"39","pvap":"   0,37"},{"seq":"37","sqcand":"140000693652","n":"20111","nm":"PASTOR JOAO DE DEUS","cc":"PSC","nv":" ","e":"n","st":"Suplente","dvt":"V\u00e1lido","vap":"105","pvap":"   0,99"},{"seq":"44","sqcand":"140000690647","n":"51200","nm":"MACARRAO","cc":"PATRIOTA","nv":" ","e":"n","st":"Suplente","dvt":"V\u00e1lido","vap":"90","pvap":"   0,85"},{"seq":"65","sqcand":"140000780167","n":"55222","nm":"IRM\u00c3 NEUZI","cc":"PSD","nv":" ","e":"n","st":"Suplente","dvt":"V\u00e1lido","vap":"33","pvap":"   0,31"},{"seq":"71","sqcand":"140000780166","n":"55010","nm":"GUILHERMAR DO CAMINH\u00c3O","cc":"PSD","nv":" ","e":"n","st":"Suplente","dvt":"V\u00e1lido","vap":"24","pvap":"   0,23"},{"seq":"77","sqcand":"140000781150","n":"19017","nm":"EDILSON BATISTA","cc":"PODE","nv":" ","e":"n","st":"Suplente","dvt":"V\u00e1lido","vap":"18","pvap":"   0,17"},{"seq":"36","sqcand":"140000690589","n":"15200","nm":"WILMAR LOBO","cc":"MDB","nv":" ","e":"n","st":"Suplente","dvt":"V\u00e1lido","vap":"108","pvap":"   1,01"},{"seq":"80","sqcand":"140000920595","n":"65428","nm":"MARINALVA","cc":"PC do B","nv":" ","e":"n","st":"Suplente","dvt":"V\u00e1lido","vap":"14","pvap":"   0,13"},{"seq":"66","sqcand":"140000690597","n":"15123","nm":"ROBERTA CABELEREIRA","cc":"MDB","nv":" ","e":"n","st":"Suplente","dvt":"V\u00e1lido","vap":"32","pvap":"   0,30"},{"seq":"6","sqcand":"140000690591","n":"15630","nm":"JOSIMAR GON\u00c7ALVES","cc":"MDB","nv":" ","e":"s","st":"Eleito","dvt":"V\u00e1lido","vap":"306","pvap":"   2,88"},{"seq":"38","sqcand":"140000693642","n":"20777","nm":"PASTORA GRACINDA","cc":"PSC","nv":" ","e":"n","st":"Suplente","dvt":"V\u00e1lido","vap":"105","pvap":"   0,99"},{"seq":"58","sqcand":"140000780164","n":"55111","nm":"RAFAEL COSTA","cc":"PSD","nv":" ","e":"n","st":"Suplente","dvt":"V\u00e1lido","vap":"38","pvap":"   0,36"},{"seq":"40","sqcand":"140000920591","n":"65120","nm":"RONE DA SA\u00daDE","cc":"PC do B","nv":" ","e":"n","st":"Suplente","dvt":"V\u00e1lido","vap":"96","pvap":"   0,90"},{"seq":"4","sqcand":"140000781153","n":"19678","nm":"LOURO DA SERRARIA","cc":"PODE","nv":" ","e":"s","st":"Eleito","dvt":"V\u00e1lido","vap":"318","pvap":"   2,99"},{"seq":"24","sqcand":"140000693647","n":"20222","nm":"NEI DA ASSISTENCIA","cc":"PSC","nv":" ","e":"n","st":"Suplente","dvt":"V\u00e1lido","vap":"162","pvap":"   1,52"},{"seq":"26","sqcand":"140000690593","n":"15600","nm":"MOISES DO PREG\u00c3O","cc":"MDB","nv":" ","e":"n","st":"Suplente","dvt":"V\u00e1lido","vap":"159","pvap":"   1,49"},{"seq":"92","sqcand":"140000780165","n":"55888","nm":"ANA CARVALHO","cc":"PSD","nv":" ","e":"n","st":"Suplente","dvt":"V\u00e1lido","vap":"2","pvap":"   0,02"},{"seq":"13","sqcand":"140000690641","n":"51100","nm":"JULIO DO BANQUINHO","cc":"PATRIOTA","nv":" ","e":"n","st":"Suplente","dvt":"V\u00e1lido","vap":"260","pvap":"   2,44"},{"seq":"75","sqcand":"140000781158","n":"19334","nm":"JO\u00c3OZINHO DO PARQ DA LIBERDADE","cc":"PODE","nv":" ","e":"n","st":"Suplente","dvt":"V\u00e1lido","vap":"23","pvap":"   0,22"},{"seq":"8","sqcand":"140000693648","n":"20010","nm":"RAPHAEL BRITO","cc":"PSC","nv":" ","e":"s","st":"Eleito","dvt":"V\u00e1lido","vap":"252","pvap":"   2,37"},{"seq":"60","sqcand":"140000690587","n":"15150","nm":"JOSE BATISTA","cc":"MDB","nv":" ","e":"n","st":"Suplente","dvt":"V\u00e1lido","vap":"36","pvap":"   0,34"},{"seq":"1","sqcand":"140000690590","n":"15100","nm":"DEVAIR RODRIGUES","cc":"MDB","nv":" ","e":"s","st":"Eleito","dvt":"V\u00e1lido","vap":"477","pvap":"   4,48"},{"seq":"34","sqcand":"140000690586","n":"15222","nm":"GILMAR DO LICINHO","cc":"MDB","nv":" ","e":"n","st":"Suplente","dvt":"V\u00e1lido","vap":"120","pvap":"   1,13"},{"seq":"84","sqcand":"140000821781","n":"55006","nm":"SIDERAL","cc":"PSD","nv":" ","e":"n","st":"Suplente","dvt":"V\u00e1lido","vap":"12","pvap":"   0,11"},{"seq":"18","sqcand":"140000920594","n":"65456","nm":"NEIDE DA BETEL","cc":"PC do B","nv":" ","e":"n","st":"Suplente","dvt":"V\u00e1lido","vap":"195","pvap":"   1,83"},{"seq":"76","sqcand":"140000863221","n":"10777","nm":"MEIR\u00c3O","cc":"REPUBLICANOS","nv":" ","e":"n","st":"Suplente","dvt":"V\u00e1lido","vap":"20","pvap":"   0,19"},{"seq":"28","sqcand":"140000693643","n":"20150","nm":"AH DOS PLACAS","cc":"PSC","nv":" ","e":"n","st":"Suplente","dvt":"V\u00e1lido","vap":"152","pvap":"   1,43"},{"seq":"29","sqcand":"140000920587","n":"65100","nm":"PROFESSORA LUZIA","cc":"PC do B","nv":" ","e":"n","st":"Suplente","dvt":"V\u00e1lido","vap":"150","pvap":"   1,41"},{"seq":"41","sqcand":"140000781161","n":"19122","nm":"CLAUDIO COUTINHO","cc":"PODE","nv":" ","e":"n","st":"Suplente","dvt":"V\u00e1lido","vap":"94","pvap":"   0,88"},{"seq":"53","sqcand":"140000690638","n":"51722","nm":"JESSICA REIS","cc":"PATRIOTA","nv":" ","e":"n","st":"Suplente","dvt":"V\u00e1lido","vap":"53","pvap":"   0,50"},{"seq":"56","sqcand":"140000863223","n":"10137","nm":"MARTA DO POVO","cc":"REPUBLICANOS","nv":" ","e":"n","st":"Suplente","dvt":"V\u00e1lido","vap":"44","pvap":"   0,41"},{"seq":"35","sqcand":"140000690640","n":"51051","nm":"HAILTON SANTANA","cc":"PATRIOTA","nv":" ","e":"n","st":"Suplente","dvt":"V\u00e1lido","vap":"109","pvap":"   1,02"},{"seq":"78","sqcand":"140000690636","n":"51777","nm":"FERNANDA ALVES","cc":"PATRIOTA","nv":" ","e":"n","st":"Suplente","dvt":"V\u00e1lido","vap":"18","pvap":"   0,17"},{"seq":"85","sqcand":"140000690584","n":"15678","nm":"ADRIANA ARAUJO","cc":"MDB","nv":" ","e":"n","st":"Suplente","dvt":"V\u00e1lido","vap":"12","pvap":"   0,11"},{"seq":"46","sqcand":"140000690585","n":"15117","nm":"EDF\u00c9","cc":"MDB","nv":" ","e":"n","st":"Suplente","dvt":"V\u00e1lido","vap":"77","pvap":"   0,72"},{"seq":"39","sqcand":"140000693645","n":"20456","nm":"FLAVINHO","cc":"PSC","nv":" ","e":"n","st":"Suplente","dvt":"V\u00e1lido","vap":"96","pvap":"   0,90"},{"seq":"51","sqcand":"140000690637","n":"51011","nm":"CHAGUINHA VETERINARIO","cc":"PATRIOTA","nv":" ","e":"n","st":"Suplente","dvt":"V\u00e1lido","vap":"64","pvap":"   0,60"},{"seq":"81","sqcand":"140000780170","n":"55999","nm":"ARLETE FERREIRA","cc":"PSD","nv":" ","e":"n","st":"Suplente","dvt":"V\u00e1lido","vap":"14","pvap":"   0,13"},{"seq":"69","sqcand":"140000920592","n":"65517","nm":"FERNANDO DO POVO","cc":"PC do B","nv":" ","e":"n","st":"Suplente","dvt":"V\u00e1lido","vap":"26","pvap":"   0,24"}]}
