{"ele":"426","tpabr":"mu","cdabr":"05754","carper":"13","t":"1","f":"o","dt":"15/11/2020","ht":"22:21:04","dv":"s","tf":"s","v":"13","esae":"n","mnae":"","s":"96","st":"96","pst":" 100,00","snt":"0","psnt":"   0,00","si":"96","psi":" 100,00","sni":"0","psni":"   0,00","sa":"96","psa":" 100,00","sna":"0","psna":"   0,00","e":"29443","ea":"29443","pea":" 100,00","ena":"0","pena":"   0,00","esi":"29443","pesi":" 100,00","esni":"0","pesni":"   0,00","c":"22673","pc":"  77,01","a":"6770","pa":"  22,99","vscv":"0","vnom":"20247","vl":"1368","pvnom":"  93,67","pvl":"   6,33","vvc":"21615","pvvc":"  95,33","vb":"323","pvb":"   1,43","tvn":"735","ptvn":"   3,24","vn":"699","pvn":"  95,10","vnt":"36","pvnt":"   4,90","vp":"0","pvp":"   0,00","vv":"21615","pvv":" 100,00","van":"0","pvan":"   0,00","vansj":"0","pvansj":"   0,00","tv":"22673","cand":[{"seq":"20","sqcand":"140001156909","n":"90000","nm":"PROFESSORA ANA CRISTINA","cc":"PROS","nv":" ","e":"n","st":"Suplente","dvt":"V\u00e1lido","vap":"316","pvap":"   1,46"},{"seq":"9","sqcand":"140001243931","n":"22123","nm":"SAMUEL NOGUEIRA","cc":"PL","nv":" ","e":"s","st":"Eleito","dvt":"V\u00e1lido","vap":"652","pvap":"   3,02"},{"seq":"79","sqcand":"140001156910","n":"90666","nm":"PROFESSORA ZEN\u00c1RIA","cc":"PROS","nv":" ","e":"n","st":"Suplente","dvt":"V\u00e1lido","vap":"9","pvap":"   0,04"},{"seq":"82","sqcand":"140001243922","n":"22115","nm":"ROM\u00c1RIO ALVES","cc":"PL","nv":" ","e":"n","st":"Suplente","dvt":"V\u00e1lido","vap":"0","pvap":"00.00"},{"seq":"103","sqcand":"140001097036","n":"25040","nm":"NICK SOUZA","cc":"DEM","nv":" ","e":"n","st":"N\u00e3o eleito","dvt":"V\u00e1lido","vap":"14","pvap":"   0,06"},{"seq":"14","sqcand":"140001243925","n":"22224","nm":"RONALDO DOMINGOS","cc":"PL","nv":" ","e":"n","st":"Suplente","dvt":"V\u00e1lido","vap":"520","pvap":"   2,41"},{"seq":"77","sqcand":"140001113639","n":"18200","nm":"ARLITA","cc":"REDE","nv":" ","e":"n","st":"Suplente","dvt":"V\u00e1lido","vap":"14","pvap":"   0,06"},{"seq":"17","sqcand":"140000989303","n":"15150","nm":"ADRINALDO MARTINS","cc":"MDB","nv":" ","e":"n","st":"Suplente","dvt":"V\u00e1lido","vap":"397","pvap":"   1,84"},{"seq":"62","sqcand":"140001243930","n":"22201","nm":"MARIA HELENA PRADO","cc":"PL","nv":" ","e":"n","st":"Suplente","dvt":"V\u00e1lido","vap":"43","pvap":"   0,20"},{"seq":"49","sqcand":"140001156907","n":"90222","nm":"MESTRE CHINA","cc":"PROS","nv":" ","e":"n","st":"Suplente","dvt":"V\u00e1lido","vap":"79","pvap":"   0,37"},{"seq":"60","sqcand":"140001156915","n":"90111","nm":"PROFESSOR MILTINHO","cc":"PROS","nv":" ","e":"n","st":"Suplente","dvt":"V\u00e1lido","vap":"48","pvap":"   0,22"},{"seq":"65","sqcand":"140001244080","n":"11888","nm":"FABIO ELETRICISTA","cc":"PP","nv":" ","e":"n","st":"Suplente","dvt":"V\u00e1lido","vap":"40","pvap":"   0,19"},{"seq":"105","sqcand":"140001095814","n":"13013","nm":"DIVA C\u00c1SSIA","cc":"PT","nv":" ","e":"n","st":"N\u00e3o eleito","dvt":"V\u00e1lido","vap":"12","pvap":"   0,06"},{"seq":"25","sqcand":"140001244078","n":"11185","nm":"EUDES DO IRIRI","cc":"PP","nv":" ","e":"n","st":"Suplente","dvt":"V\u00e1lido","vap":"205","pvap":"   0,95"},{"seq":"19","sqcand":"140000989315","n":"15678","nm":"PROFESSORA GENI","cc":"MDB","nv":" ","e":"n","st":"Suplente","dvt":"V\u00e1lido","vap":"330","pvap":"   1,53"},{"seq":"2","sqcand":"140000989306","n":"15000","nm":"GILMAR MILANSKI","cc":"MDB","nv":" ","e":"s","st":"Eleito","dvt":"V\u00e1lido","vap":"1011","pvap":"   4,68"},{"seq":"22","sqcand":"140000989309","n":"15111","nm":"GLEYDSON TRIPA","cc":"MDB","nv":" ","e":"n","st":"Suplente","dvt":"V\u00e1lido","vap":"284","pvap":"   1,31"},{"seq":"39","sqcand":"140001243932","n":"22135","nm":"SHEILA DO CHOCOLATE","cc":"PL","nv":" ","e":"n","st":"Suplente","dvt":"V\u00e1lido","vap":"113","pvap":"   0,52"},{"seq":"74","sqcand":"140001244087","n":"11205","nm":"IVANZINHO","cc":"PP","nv":" ","e":"n","st":"Suplente","dvt":"V\u00e1lido","vap":"20","pvap":"   0,09"},{"seq":"69","sqcand":"140001113626","n":"18175","nm":"CLEONICE ","cc":"REDE","nv":" ","e":"n","st":"Suplente","dvt":"V\u00e1lido","vap":"31","pvap":"   0,14"},{"seq":"110","sqcand":"140001097042","n":"25222","nm":"ADRIELLY FARIAS","cc":"DEM","nv":" ","e":"n","st":"N\u00e3o eleito","dvt":"V\u00e1lido","vap":"8","pvap":"   0,04"},{"seq":"83","sqcand":"140001244122","n":"40123","nm":"GENESIO","cc":"PSB","nv":" ","e":"n","st":"N\u00e3o eleito","dvt":"V\u00e1lido","vap":"766","pvap":"   3,54"},{"seq":"111","sqcand":"140001244124","n":"40200","nm":"VANDERLEIA","cc":"PSB","nv":" ","e":"n","st":"N\u00e3o eleito","dvt":"V\u00e1lido","vap":"4","pvap":"   0,02"},{"seq":"88","sqcand":"140001244127","n":"40999","nm":"JEAN ALVES","cc":"PSB","nv":" ","e":"n","st":"N\u00e3o eleito","dvt":"V\u00e1lido","vap":"96","pvap":"   0,44"},{"seq":"56","sqcand":"140001243921","n":"22140","nm":"GILBERTO DA PEDRA ROXA","cc":"PL","nv":" ","e":"n","st":"Suplente","dvt":"V\u00e1lido","vap":"56","pvap":"   0,26"},{"seq":"101","sqcand":"140001097037","n":"25190","nm":"MANOEL DA PEDRA","cc":"DEM","nv":" ","e":"n","st":"N\u00e3o eleito","dvt":"V\u00e1lido","vap":"16","pvap":"   0,07"},{"seq":"76","sqcand":"140001156916","n":"90777","nm":"FRANCISCO JEGUINHO","cc":"PROS","nv":" ","e":"n","st":"Suplente","dvt":"V\u00e1lido","vap":"18","pvap":"   0,08"},{"seq":"36","sqcand":"140001113641","n":"18224","nm":"PROFESSORA ARIELE","cc":"REDE","nv":" ","e":"n","st":"Suplente","dvt":"V\u00e1lido","vap":"119","pvap":"   0,55"},{"seq":"50","sqcand":"140001243917","n":"22555","nm":"LULA","cc":"PL","nv":" ","e":"n","st":"Suplente","dvt":"V\u00e1lido","vap":"68","pvap":"   0,31"},{"seq":"113","sqcand":"140001244120","n":"40111","nm":"JANARIA","cc":"PSB","nv":" ","e":"n","st":"N\u00e3o eleito","dvt":"V\u00e1lido","vap":"2","pvap":"   0,01"},{"seq":"34","sqcand":"140001243914","n":"22185","nm":"SILVESTRE","cc":"PL","nv":" ","e":"n","st":"Suplente","dvt":"V\u00e1lido","vap":"129","pvap":"   0,60"},{"seq":"6","sqcand":"140000989310","n":"15170","nm":"RAIMUNDINHO BI\u00c9","cc":"MDB","nv":" ","e":"s","st":"Eleito","dvt":"V\u00e1lido","vap":"764","pvap":"   3,53"},{"seq":"89","sqcand":"140001244126","n":"40160","nm":"MAIKO BATISTELLO","cc":"PSB","nv":" ","e":"n","st":"N\u00e3o eleito","dvt":"V\u00e1lido","vap":"89","pvap":"   0,41"},{"seq":"15","sqcand":"140001243915","n":"22192","nm":"RONALDO DA SA\u00daDE","cc":"PL","nv":" ","e":"n","st":"Suplente","dvt":"V\u00e1lido","vap":"438","pvap":"   2,03"},{"seq":"99","sqcand":"140001011683","n":"45180","nm":"NOELMA MACIEL","cc":"PSDB","nv":" ","e":"n","st":"N\u00e3o eleito","dvt":"V\u00e1lido","vap":"18","pvap":"   0,08"},{"seq":"8","sqcand":"140000989301","n":"15555","nm":"MARIVONE DA R\u00c1DIO","cc":"MDB","nv":" ","e":"s","st":"Eleito","dvt":"V\u00e1lido","vap":"683","pvap":"   3,16"},{"seq":"75","sqcand":"140000989311","n":"15177","nm":"SILVANA DO GUARAN\u00c1","cc":"MDB","nv":" ","e":"n","st":"Suplente","dvt":"V\u00e1lido","vap":"20","pvap":"   0,09"},{"seq":"30","sqcand":"140001243916","n":"22333","nm":"ZACARIAS","cc":"PL","nv":" ","e":"n","st":"Suplente","dvt":"V\u00e1lido","vap":"144","pvap":"   0,67"},{"seq":"33","sqcand":"140001113638","n":"18180","nm":"ADRIANO DO SINDICATO","cc":"REDE","nv":" ","e":"n","st":"Suplente","dvt":"V\u00e1lido","vap":"136","pvap":"   0,63"},{"seq":"11","sqcand":"140001244082","n":"11201","nm":"JACHISON OLIVEIRA","cc":"PP","nv":" ","e":"s","st":"Eleito","dvt":"V\u00e1lido","vap":"619","pvap":"   2,86"},{"seq":"73","sqcand":"140001113625","n":"18678","nm":"DEDE PEDREIRO","cc":"REDE","nv":" ","e":"n","st":"Suplente","dvt":"V\u00e1lido","vap":"21","pvap":"   0,10"},{"seq":"78","sqcand":"140001113633","n":"18190","nm":"JOSELIA","cc":"REDE","nv":" ","e":"n","st":"Suplente","dvt":"V\u00e1lido","vap":"12","pvap":"   0,06"},{"seq":"47","sqcand":"140001244083","n":"11100","nm":"PROFESSORA CIDA","cc":"PP","nv":" ","e":"n","st":"Suplente","dvt":"V\u00e1lido","vap":"81","pvap":"   0,37"},{"seq":"48","sqcand":"140001113630","n":"18111","nm":"ADENILTON","cc":"REDE","nv":" ","e":"n","st":"Suplente","dvt":"V\u00e1lido","vap":"80","pvap":"   0,37"},{"seq":"46","sqcand":"140001244089","n":"11165","nm":"WALLISON SANTOS","cc":"PP","nv":" ","e":"n","st":"Suplente","dvt":"V\u00e1lido","vap":"84","pvap":"   0,39"},{"seq":"112","sqcand":"140001097045","n":"25185","nm":"CRISTIANE MARIA D SILVA","cc":"DEM","nv":" ","e":"n","st":"N\u00e3o eleito","dvt":"V\u00e1lido","vap":"3","pvap":"   0,01"},{"seq":"3","sqcand":"140001243923","n":"22222","nm":"MATHEUS SOUSA","cc":"PL","nv":" ","e":"s","st":"Eleito","dvt":"V\u00e1lido","vap":"976","pvap":"   4,52"},{"seq":"59","sqcand":"140001113635","n":"18165","nm":"DINA","cc":"REDE","nv":" ","e":"n","st":"Suplente","dvt":"V\u00e1lido","vap":"48","pvap":"   0,22"},{"seq":"98","sqcand":"140001097043","n":"25215","nm":"SERGIO DO LANCHE","cc":"DEM","nv":" ","e":"n","st":"N\u00e3o eleito","dvt":"V\u00e1lido","vap":"22","pvap":"   0,10"},{"seq":"26","sqcand":"140001243927","n":"22000","nm":"PROF LEILA MACIEL","cc":"PL","nv":" ","e":"n","st":"Suplente","dvt":"V\u00e1lido","vap":"185","pvap":"   0,86"},{"seq":"12","sqcand":"140001156908","n":"90200","nm":"MIGUEL PADRE","cc":"PROS","nv":" ","e":"s","st":"Eleito","dvt":"V\u00e1lido","vap":"556","pvap":"   2,57"},{"seq":"81","sqcand":"140001273804","n":"18999","nm":"LEILA","cc":"REDE","nv":" ","e":"n","st":"Suplente","dvt":"V\u00e1lido","vap":"0","pvap":"00.00"},{"seq":"107","sqcand":"140001011680","n":"45520","nm":"FRANCISCO JOSEMAR","cc":"PSDB","nv":" ","e":"n","st":"N\u00e3o eleito","dvt":"V\u00e1lido","vap":"8","pvap":"   0,04"},{"seq":"38","sqcand":"140001156911","n":"90123","nm":"PROFESSORA EUNICE MAC\u00caDO","cc":"PROS","nv":" ","e":"n","st":"Suplente","dvt":"V\u00e1lido","vap":"116","pvap":"   0,54"},{"seq":"104","sqcand":"140001097035","n":"25180","nm":"RAIMUNDO BENE","cc":"DEM","nv":" ","e":"n","st":"N\u00e3o eleito","dvt":"V\u00e1lido","vap":"13","pvap":"   0,06"},{"seq":"66","sqcand":"140001113629","n":"18113","nm":"ALEXSANDRO","cc":"REDE","nv":" ","e":"n","st":"Suplente","dvt":"V\u00e1lido","vap":"38","pvap":"   0,18"},{"seq":"18","sqcand":"140000989312","n":"15333","nm":"SITA DA SA\u00daDE","cc":"MDB","nv":" ","e":"n","st":"Suplente","dvt":"V\u00e1lido","vap":"381","pvap":"   1,76"},{"seq":"90","sqcand":"140001097033","n":"25000","nm":"PROFESSOR JOAO MORAES","cc":"DEM","nv":" ","e":"n","st":"N\u00e3o eleito","dvt":"V\u00e1lido","vap":"60","pvap":"   0,28"},{"seq":"5","sqcand":"140000989314","n":"15123","nm":"JO\u00c3OZINHO DO EDGAR","cc":"MDB","nv":" ","e":"s","st":"Eleito","dvt":"V\u00e1lido","vap":"801","pvap":"   3,71"},{"seq":"37","sqcand":"140001243929","n":"22345","nm":"PROFESSOR JOSUE DAM\u00c1SIO","cc":"PL","nv":" ","e":"n","st":"Suplente","dvt":"V\u00e1lido","vap":"116","pvap":"   0,54"},{"seq":"84","sqcand":"140001097039","n":"25111","nm":"ODAIR CANGELO","cc":"DEM","nv":" ","e":"n","st":"N\u00e3o eleito","dvt":"V\u00e1lido","vap":"417","pvap":"   1,93"},{"seq":"43","sqcand":"140001156914","n":"90213","nm":"MAICOM DO BUTIQUIM","cc":"PROS","nv":" ","e":"n","st":"Suplente","dvt":"V\u00e1lido","vap":"91","pvap":"   0,42"},{"seq":"29","sqcand":"140000989305","n":"15165","nm":"NALD\u00c3O VIEIRA","cc":"MDB","nv":" ","e":"n","st":"Suplente","dvt":"V\u00e1lido","vap":"151","pvap":"   0,70"},{"seq":"106","sqcand":"140001097047","n":"25140","nm":"MINEIRO DO CENTO E QUARENTA","cc":"DEM","nv":" ","e":"n","st":"N\u00e3o eleito","dvt":"V\u00e1lido","vap":"11","pvap":"   0,05"},{"seq":"86","sqcand":"140001095816","n":"13000","nm":"MARIA  DO  SINDICATO","cc":"PT","nv":" ","e":"n","st":"N\u00e3o eleito","dvt":"V\u00e1lido","vap":"110","pvap":"   0,51"},{"seq":"44","sqcand":"140001113627","n":"18456","nm":"PASTOR ARI","cc":"REDE","nv":" ","e":"n","st":"Suplente","dvt":"V\u00e1lido","vap":"89","pvap":"   0,41"},{"seq":"40","sqcand":"140000989307","n":"15444","nm":"NELSINHO DO VIDAL","cc":"MDB","nv":" ","e":"n","st":"Suplente","dvt":"V\u00e1lido","vap":"97","pvap":"   0,45"},{"seq":"58","sqcand":"140001113636","n":"18000","nm":"RONALDO RAIZEIRO","cc":"REDE","nv":" ","e":"n","st":"Suplente","dvt":"V\u00e1lido","vap":"49","pvap":"   0,23"},{"seq":"92","sqcand":"140001244121","n":"40222","nm":"SUELY OLIVEIRA","cc":"PSB","nv":" ","e":"n","st":"N\u00e3o eleito","dvt":"V\u00e1lido","vap":"49","pvap":"   0,23"},{"seq":"10","sqcand":"140001243926","n":"22180","nm":"ALEX DA ACOPEL","cc":"PL","nv":" ","e":"s","st":"Eleito","dvt":"V\u00e1lido","vap":"649","pvap":"   3,00"},{"seq":"28","sqcand":"140000989308","n":"15200","nm":"TIA ENI","cc":"MDB","nv":" ","e":"n","st":"Suplente","dvt":"V\u00e1lido","vap":"164","pvap":"   0,76"},{"seq":"108","sqcand":"140001244125","n":"40190","nm":"ZEZINHO TERRA ROXA","cc":"PSB","nv":" ","e":"n","st":"N\u00e3o eleito","dvt":"V\u00e1lido","vap":"8","pvap":"   0,04"},{"seq":"54","sqcand":"140001156917","n":"90180","nm":"RAIMUNDINHO DO RIO DO PEIXE","cc":"PROS","nv":" ","e":"n","st":"Suplente","dvt":"V\u00e1lido","vap":"60","pvap":"   0,28"},{"seq":"16","sqcand":"140001244093","n":"11234","nm":"C\u00cdCERO","cc":"PP","nv":" ","e":"n","st":"Suplente","dvt":"V\u00e1lido","vap":"430","pvap":"   1,99"},{"seq":"51","sqcand":"140001156913","n":"90300","nm":"CABO \u00c2NGELO","cc":"PROS","nv":" ","e":"n","st":"Suplente","dvt":"V\u00e1lido","vap":"67","pvap":"   0,31"},{"seq":"96","sqcand":"140001244128","n":"40333","nm":"FRANCISCO SOUSA","cc":"PSB","nv":" ","e":"n","st":"N\u00e3o eleito","dvt":"V\u00e1lido","vap":"37","pvap":"   0,17"},{"seq":"61","sqcand":"140001243918","n":"22777","nm":"ELISA TREVISAN","cc":"PL","nv":" ","e":"n","st":"Suplente","dvt":"V\u00e1lido","vap":"45","pvap":"   0,21"},{"seq":"1","sqcand":"140000989313","n":"15100","nm":"ZENILSON NEG\u00c3O","cc":"MDB","nv":" ","e":"s","st":"Eleito","dvt":"V\u00e1lido","vap":"1023","pvap":"   4,73"},{"seq":"23","sqcand":"140001243920","n":"22190","nm":"PRESB\u00cdTERO FLORIANO","cc":"PL","nv":" ","e":"n","st":"Suplente","dvt":"V\u00e1lido","vap":"281","pvap":"   1,30"},{"seq":"53","sqcand":"140001244077","n":"11970","nm":"MAGNO REIS","cc":"PP","nv":" ","e":"n","st":"Suplente","dvt":"V\u00e1lido","vap":"66","pvap":"   0,31"},{"seq":"42","sqcand":"140000989304","n":"15222","nm":"ANTONIO ELIAS","cc":"MDB","nv":" ","e":"n","st":"Suplente","dvt":"V\u00e1lido","vap":"92","pvap":"   0,43"},{"seq":"93","sqcand":"140001097041","n":"25678","nm":"CELIA","cc":"DEM","nv":" ","e":"n","st":"N\u00e3o eleito","dvt":"V\u00e1lido","vap":"49","pvap":"   0,23"},{"seq":"80","sqcand":"140001244092","n":"11666","nm":"ROSILDA MORENA","cc":"PP","nv":" ","e":"n","st":"Suplente","dvt":"V\u00e1lido","vap":"9","pvap":"   0,04"},{"seq":"95","sqcand":"140001097040","n":"25250","nm":"MARCELO NICOLODI","cc":"DEM","nv":" ","e":"n","st":"N\u00e3o eleito","dvt":"V\u00e1lido","vap":"43","pvap":"   0,20"},{"seq":"67","sqcand":"140001156912","n":"90230","nm":"CHARLENE DA VIT\u00d3RIA R\u00c9GIA","cc":"PROS","nv":" ","e":"n","st":"Suplente","dvt":"V\u00e1lido","vap":"33","pvap":"   0,15"},{"seq":"27","sqcand":"140001113634","n":"18555","nm":"NEGUINHO DO BRAND\u00c3O","cc":"REDE","nv":" ","e":"n","st":"Suplente","dvt":"V\u00e1lido","vap":"168","pvap":"   0,78"},{"seq":"7","sqcand":"140000989316","n":"15180","nm":"DINHO","cc":"MDB","nv":" ","e":"s","st":"Eleito","dvt":"V\u00e1lido","vap":"714","pvap":"   3,30"},{"seq":"21","sqcand":"140001113642","n":"18333","nm":"PROFESSOR PORTELLA","cc":"REDE","nv":" ","e":"n","st":"Suplente","dvt":"V\u00e1lido","vap":"290","pvap":"   1,34"},{"seq":"94","sqcand":"140001244123","n":"40000","nm":"NATANAEL","cc":"PSB","nv":" ","e":"n","st":"N\u00e3o eleito","dvt":"V\u00e1lido","vap":"48","pvap":"   0,22"},{"seq":"45","sqcand":"140001113643","n":"18219","nm":"WASHINGTON","cc":"REDE","nv":" ","e":"n","st":"Suplente","dvt":"V\u00e1lido","vap":"86","pvap":"   0,40"},{"seq":"85","sqcand":"140001097046","n":"25456","nm":"RODOALDO PACHECO","cc":"DEM","nv":" ","e":"n","st":"N\u00e3o eleito","dvt":"V\u00e1lido","vap":"195","pvap":"   0,90"},{"seq":"68","sqcand":"140001244094","n":"11555","nm":"DETE CARVALHO","cc":"PP","nv":" ","e":"n","st":"Suplente","dvt":"V\u00e1lido","vap":"32","pvap":"   0,15"},{"seq":"13","sqcand":"140001113632","n":"18213","nm":"ADILSON DA LANCHONETE","cc":"REDE","nv":" ","e":"s","st":"Eleito","dvt":"V\u00e1lido","vap":"436","pvap":"   2,02"},{"seq":"72","sqcand":"140001244095","n":"11190","nm":"FIRMINO","cc":"PP","nv":" ","e":"n","st":"Suplente","dvt":"V\u00e1lido","vap":"23","pvap":"   0,11"},{"seq":"4","sqcand":"140001243919","n":"22111","nm":"JUNIOR LEANDRO","cc":"PL","nv":" ","e":"s","st":"Eleito","dvt":"V\u00e1lido","vap":"946","pvap":"   4,38"},{"seq":"35","sqcand":"140001244081","n":"11155","nm":"ANTONIA PEREIRA","cc":"PP","nv":" ","e":"n","st":"Suplente","dvt":"V\u00e1lido","vap":"128","pvap":"   0,59"},{"seq":"70","sqcand":"140001243928","n":"22756","nm":"POCIANA DA SA\u00daDE","cc":"PL","nv":" ","e":"n","st":"Suplente","dvt":"V\u00e1lido","vap":"31","pvap":"   0,14"},{"seq":"31","sqcand":"140001113631","n":"18222","nm":"PEDRO BATISTA","cc":"REDE","nv":" ","e":"n","st":"Suplente","dvt":"V\u00e1lido","vap":"141","pvap":"   0,65"},{"seq":"109","sqcand":"140001097048","n":"25333","nm":"SUELLY CORREIA","cc":"DEM","nv":" ","e":"n","st":"N\u00e3o eleito","dvt":"V\u00e1lido","vap":"8","pvap":"   0,04"},{"seq":"64","sqcand":"140001113637","n":"18201","nm":"NENA DA PIMENTOLANDIA","cc":"REDE","nv":" ","e":"n","st":"Suplente","dvt":"V\u00e1lido","vap":"42","pvap":"   0,19"},{"seq":"63","sqcand":"140001244088","n":"11999","nm":"SADY","cc":"PP","nv":" ","e":"n","st":"Suplente","dvt":"V\u00e1lido","vap":"43","pvap":"   0,20"},{"seq":"52","sqcand":"140001113624","n":"18888","nm":"TORRES","cc":"REDE","nv":" ","e":"n","st":"Suplente","dvt":"V\u00e1lido","vap":"66","pvap":"   0,31"},{"seq":"57","sqcand":"140001244096","n":"11175","nm":"ELI CONSTRUTOR","cc":"PP","nv":" ","e":"n","st":"Suplente","dvt":"V\u00e1lido","vap":"55","pvap":"   0,25"},{"seq":"87","sqcand":"140001097034","n":"25201","nm":"CELIO NEGO DO BOREL","cc":"DEM","nv":" ","e":"n","st":"N\u00e3o eleito","dvt":"V\u00e1lido","vap":"104","pvap":"   0,48"},{"seq":"97","sqcand":"140001011681","n":"45000","nm":"BEJAMIN DE SOUSA","cc":"PSDB","nv":" ","e":"n","st":"N\u00e3o eleito","dvt":"V\u00e1lido","vap":"23","pvap":"   0,11"},{"seq":"41","sqcand":"140001244084","n":"11000","nm":"J FREITAS","cc":"PP","nv":" ","e":"n","st":"Suplente","dvt":"V\u00e1lido","vap":"96","pvap":"   0,44"},{"seq":"55","sqcand":"140001244086","n":"11777","nm":"IRAN AGUIAR","cc":"PP","nv":" ","e":"n","st":"Suplente","dvt":"V\u00e1lido","vap":"57","pvap":"   0,26"},{"seq":"100","sqcand":"140001095815","n":"13222","nm":"AD\u00c3O PT","cc":"PT","nv":" ","e":"n","st":"N\u00e3o eleito","dvt":"V\u00e1lido","vap":"17","pvap":"   0,08"},{"seq":"71","sqcand":"140001244085","n":"11222","nm":"RUBENS PINHEIRO","cc":"PP","nv":" ","e":"n","st":"Suplente","dvt":"V\u00e1lido","vap":"24","pvap":"   0,11"},{"seq":"32","sqcand":"140001113640","n":"18123","nm":"BETO DA GARAGEM ","cc":"REDE","nv":" ","e":"n","st":"Suplente","dvt":"V\u00e1lido","vap":"139","pvap":"   0,64"},{"seq":"91","sqcand":"140001011684","n":"45123","nm":"ANA LUCIA","cc":"PSDB","nv":" ","e":"n","st":"N\u00e3o eleito","dvt":"V\u00e1lido","vap":"58","pvap":"   0,27"},{"seq":"24","sqcand":"140000989302","n":"15789","nm":"RUBENS DUARTE","cc":"MDB","nv":" ","e":"n","st":"Suplente","dvt":"V\u00e1lido","vap":"210","pvap":"   0,97"},{"seq":"102","sqcand":"140001011682","n":"45200","nm":"JEFERSON ELETRICISTA","cc":"PSDB","nv":" ","e":"n","st":"N\u00e3o eleito","dvt":"V\u00e1lido","vap":"15","pvap":"   0,07"}]}
