{"ele":"426","tpabr":"mu","cdabr":"05770","carper":"13","t":"1","f":"o","dt":"15/11/2020","ht":"22:26:04","dv":"s","tf":"s","v":"11","esae":"n","mnae":"","s":"63","st":"63","pst":" 100,00","snt":"0","psnt":"   0,00","si":"63","psi":" 100,00","sni":"0","psni":"   0,00","sa":"63","psa":" 100,00","sna":"0","psna":"   0,00","e":"19092","ea":"19092","pea":" 100,00","ena":"0","pena":"   0,00","esi":"19092","pesi":" 100,00","esni":"0","pesni":"   0,00","c":"15542","pc":"  81,41","a":"3550","pa":"  18,59","vscv":"0","vnom":"13983","vl":"1024","pvnom":"  93,18","pvl":"   6,82","vvc":"15007","pvvc":"  96,56","vb":"140","pvb":"   0,90","tvn":"395","ptvn":"   2,54","vn":"395","pvn":" 100,00","vnt":"0","pvnt":"   0,00","vp":"0","pvp":"   0,00","vv":"15007","pvv":" 100,00","van":"0","pvan":"   0,00","vansj":"0","pvansj":"   0,00","tv":"15542","cand":[{"seq":"95","sqcand":"140000831801","n":"10000","nm":"MYLENY","cc":"REPUBLICANOS","nv":" ","e":"n","st":"N\u00e3o eleito","dvt":"V\u00e1lido","vap":"81","pvap":"   0,54"},{"seq":"64","sqcand":"140001137694","n":"20999","nm":"MARQUINHOS DA OFICINA","cc":"PSC","nv":" ","e":"n","st":"Suplente","dvt":"V\u00e1lido","vap":"23","pvap":"   0,15"},{"seq":"115","sqcand":"140000831809","n":"10611","nm":"Z\u00c9 RICARDO","cc":"REPUBLICANOS","nv":" ","e":"n","st":"N\u00e3o eleito","dvt":"V\u00e1lido","vap":"22","pvap":"   0,15"},{"seq":"43","sqcand":"140000850253","n":"25678","nm":"CARLOS RANGEL","cc":"DEM","nv":" ","e":"n","st":"Suplente","dvt":"V\u00e1lido","vap":"77","pvap":"   0,51"},{"seq":"99","sqcand":"140000932183","n":"70021","nm":"DAVISON","cc":"AVANTE","nv":" ","e":"n","st":"N\u00e3o eleito","dvt":"V\u00e1lido","vap":"67","pvap":"   0,45"},{"seq":"93","sqcand":"140000986919","n":"14964","nm":"PEDRO DA CEREALISTA","cc":"PTB","nv":" ","e":"n","st":"N\u00e3o eleito","dvt":"V\u00e1lido","vap":"87","pvap":"   0,58"},{"seq":"80","sqcand":"140000865734","n":"51000","nm":"PROFESSOR ILTOMAR","cc":"PATRIOTA","nv":" ","e":"n","st":"N\u00e3o eleito","dvt":"V\u00e1lido","vap":"213","pvap":"   1,42"},{"seq":"25","sqcand":"140000984465","n":"12500","nm":"PRETA DO ITAMAR","cc":"PDT","nv":" ","e":"n","st":"Suplente","dvt":"V\u00e1lido","vap":"133","pvap":"   0,89"},{"seq":"61","sqcand":"140001137698","n":"20155","nm":"DHONE","cc":"PSC","nv":" ","e":"n","st":"Suplente","dvt":"V\u00e1lido","vap":"28","pvap":"   0,19"},{"seq":"10","sqcand":"140000770009","n":"13123","nm":"VANIA","cc":"PT","nv":" ","e":"s","st":"Eleito","dvt":"V\u00e1lido","vap":"244","pvap":"   1,63"},{"seq":"29","sqcand":"140000770005","n":"13013","nm":"EDILEUSA DIAS","cc":"PT","nv":" ","e":"n","st":"Suplente","dvt":"V\u00e1lido","vap":"113","pvap":"   0,75"},{"seq":"78","sqcand":"140001137700","n":"20444","nm":"CLEIDE","cc":"PSC","nv":" ","e":"n","st":"Suplente","dvt":"V\u00e1lido","vap":"3","pvap":"   0,02"},{"seq":"21","sqcand":"140000997707","n":"45223","nm":"REGIS SILVA","cc":"PSDB","nv":" ","e":"n","st":"Suplente","dvt":"V\u00e1lido","vap":"172","pvap":"   1,15"},{"seq":"53","sqcand":"140000984452","n":"12200","nm":"ALAN SILVA","cc":"PDT","nv":" ","e":"n","st":"Suplente","dvt":"V\u00e1lido","vap":"38","pvap":"   0,25"},{"seq":"113","sqcand":"140000865741","n":"51123","nm":"TERESINHA TREVISAN","cc":"PATRIOTA","nv":" ","e":"n","st":"N\u00e3o eleito","dvt":"V\u00e1lido","vap":"26","pvap":"   0,17"},{"seq":"12","sqcand":"140000817952","n":"15111","nm":"AGENOR","cc":"MDB","nv":" ","e":"n","st":"Suplente","dvt":"V\u00e1lido","vap":"397","pvap":"   2,65"},{"seq":"50","sqcand":"140000984462","n":"12333","nm":"IVANILDO GUIDON","cc":"PDT","nv":" ","e":"n","st":"Suplente","dvt":"V\u00e1lido","vap":"52","pvap":"   0,35"},{"seq":"107","sqcand":"140001003499","n":"40120","nm":"DONIZETE","cc":"PSB","nv":" ","e":"n","st":"N\u00e3o eleito","dvt":"V\u00e1lido","vap":"37","pvap":"   0,25"},{"seq":"63","sqcand":"140000850244","n":"25000","nm":"JD JOSE DE DEUS","cc":"DEM","nv":" ","e":"n","st":"Suplente","dvt":"V\u00e1lido","vap":"23","pvap":"   0,15"},{"seq":"120","sqcand":"140000831800","n":"10237","nm":"WILSON","cc":"REPUBLICANOS","nv":" ","e":"n","st":"N\u00e3o eleito","dvt":"V\u00e1lido","vap":"19","pvap":"   0,13"},{"seq":"131","sqcand":"140000831806","n":"10156","nm":"DOMINGUINHOS","cc":"REPUBLICANOS","nv":" ","e":"n","st":"N\u00e3o eleito","dvt":"V\u00e1lido","vap":"10","pvap":"   0,07"},{"seq":"83","sqcand":"140000986930","n":"14000","nm":"DAIANE MENEZES","cc":"PTB","nv":" ","e":"n","st":"N\u00e3o eleito","dvt":"V\u00e1lido","vap":"127","pvap":"   0,85"},{"seq":"81","sqcand":"140001003497","n":"40222","nm":"ELIANA CARVALHO","cc":"PSB","nv":" ","e":"n","st":"N\u00e3o eleito","dvt":"V\u00e1lido","vap":"209","pvap":"   1,39"},{"seq":"136","sqcand":"140000831799","n":"10111","nm":"MARLY","cc":"REPUBLICANOS","nv":" ","e":"n","st":"N\u00e3o eleito","dvt":"V\u00e1lido","vap":"5","pvap":"   0,03"},{"seq":"106","sqcand":"140000932182","n":"70105","nm":"DIVINO DO 105","cc":"AVANTE","nv":" ","e":"n","st":"N\u00e3o eleito","dvt":"V\u00e1lido","vap":"39","pvap":"   0,26"},{"seq":"87","sqcand":"140001003484","n":"40777","nm":"ZE ORLANDO","cc":"PSB","nv":" ","e":"n","st":"N\u00e3o eleito","dvt":"V\u00e1lido","vap":"116","pvap":"   0,77"},{"seq":"110","sqcand":"140001003490","n":"40444","nm":"NEGAO DO ZEZITO","cc":"PSB","nv":" ","e":"n","st":"N\u00e3o eleito","dvt":"V\u00e1lido","vap":"34","pvap":"   0,23"},{"seq":"127","sqcand":"140000865736","n":"51555","nm":"T\u00c2NIA ARA\u00daJO","cc":"PATRIOTA","nv":" ","e":"n","st":"N\u00e3o eleito","dvt":"V\u00e1lido","vap":"13","pvap":"   0,09"},{"seq":"31","sqcand":"140000984457","n":"12115","nm":"TIAGO OLIVEIRA","cc":"PDT","nv":" ","e":"n","st":"Suplente","dvt":"V\u00e1lido","vap":"110","pvap":"   0,73"},{"seq":"88","sqcand":"140000986921","n":"14120","nm":"MAGNO DO SAL\u00c3O 120","cc":"PTB","nv":" ","e":"n","st":"N\u00e3o eleito","dvt":"V\u00e1lido","vap":"115","pvap":"   0,77"},{"seq":"66","sqcand":"140000850246","n":"25025","nm":"LEANDRA","cc":"DEM","nv":" ","e":"n","st":"Suplente","dvt":"V\u00e1lido","vap":"18","pvap":"   0,12"},{"seq":"67","sqcand":"140000997698","n":"45120","nm":"CECILIA DO 120","cc":"PSDB","nv":" ","e":"n","st":"Suplente","dvt":"V\u00e1lido","vap":"17","pvap":"   0,11"},{"seq":"92","sqcand":"140000986920","n":"14105","nm":"VALDO DO 105","cc":"PTB","nv":" ","e":"n","st":"N\u00e3o eleito","dvt":"V\u00e1lido","vap":"98","pvap":"   0,65"},{"seq":"112","sqcand":"140000831805","n":"10911","nm":"CREONE","cc":"REPUBLICANOS","nv":" ","e":"n","st":"N\u00e3o eleito","dvt":"V\u00e1lido","vap":"28","pvap":"   0,19"},{"seq":"121","sqcand":"140001003486","n":"40747","nm":"TOC\u00c3O","cc":"PSB","nv":" ","e":"n","st":"N\u00e3o eleito","dvt":"V\u00e1lido","vap":"18","pvap":"   0,12"},{"seq":"86","sqcand":"140000986927","n":"14100","nm":"LINON JHONSON","cc":"PTB","nv":" ","e":"n","st":"N\u00e3o eleito","dvt":"V\u00e1lido","vap":"118","pvap":"   0,79"},{"seq":"11","sqcand":"140001137702","n":"20123","nm":"ELAINE WAGNER","cc":"PSC","nv":" ","e":"s","st":"Eleito","dvt":"V\u00e1lido","vap":"226","pvap":"   1,51"},{"seq":"129","sqcand":"140000986933","n":"14135","nm":"GIELE","cc":"PTB","nv":" ","e":"n","st":"N\u00e3o eleito","dvt":"V\u00e1lido","vap":"13","pvap":"   0,09"},{"seq":"37","sqcand":"140000984458","n":"12111","nm":"PROFESSORA ALCIONE","cc":"PDT","nv":" ","e":"n","st":"Suplente","dvt":"V\u00e1lido","vap":"101","pvap":"   0,67"},{"seq":"77","sqcand":"140000770007","n":"13600","nm":"PEDRO NETO","cc":"PT","nv":" ","e":"n","st":"Suplente","dvt":"V\u00e1lido","vap":"3","pvap":"   0,02"},{"seq":"7","sqcand":"140000984456","n":"12600","nm":"NEI TEIXEIRA","cc":"PDT","nv":" ","e":"s","st":"Eleito","dvt":"V\u00e1lido","vap":"361","pvap":"   2,41"},{"seq":"84","sqcand":"140000986929","n":"14567","nm":"ELENILSON RIOS","cc":"PTB","nv":" ","e":"n","st":"N\u00e3o eleito","dvt":"V\u00e1lido","vap":"120","pvap":"   0,80"},{"seq":"108","sqcand":"140000932185","n":"70101","nm":"EDILENE SANTOS","cc":"AVANTE","nv":" ","e":"n","st":"N\u00e3o eleito","dvt":"V\u00e1lido","vap":"37","pvap":"   0,25"},{"seq":"98","sqcand":"140000865740","n":"51111","nm":"ELTON BOY","cc":"PATRIOTA","nv":" ","e":"n","st":"N\u00e3o eleito","dvt":"V\u00e1lido","vap":"73","pvap":"   0,49"},{"seq":"28","sqcand":"140000770004","n":"13133","nm":"RENATO BEZERRA","cc":"PT","nv":" ","e":"n","st":"Suplente","dvt":"V\u00e1lido","vap":"127","pvap":"   0,85"},{"seq":"76","sqcand":"140000997711","n":"45500","nm":"VERONICA RIBAS","cc":"PSDB","nv":" ","e":"n","st":"Suplente","dvt":"V\u00e1lido","vap":"7","pvap":"   0,05"},{"seq":"134","sqcand":"140001003487","n":"40456","nm":"GIZELLE SOUZA","cc":"PSB","nv":" ","e":"n","st":"N\u00e3o eleito","dvt":"V\u00e1lido","vap":"7","pvap":"   0,05"},{"seq":"137","sqcand":"140000831797","n":"10789","nm":"LUZINETE","cc":"REPUBLICANOS","nv":" ","e":"n","st":"N\u00e3o eleito","dvt":"V\u00e1lido","vap":"4","pvap":"   0,03"},{"seq":"116","sqcand":"140000831808","n":"10456","nm":"MARIN\u00caS","cc":"REPUBLICANOS","nv":" ","e":"n","st":"N\u00e3o eleito","dvt":"V\u00e1lido","vap":"21","pvap":"   0,14"},{"seq":"34","sqcand":"140000997696","n":"45777","nm":"PAULO DA FARMACIA","cc":"PSDB","nv":" ","e":"n","st":"Suplente","dvt":"V\u00e1lido","vap":"105","pvap":"   0,70"},{"seq":"42","sqcand":"140000997702","n":"45555","nm":"GIL DO POSTO","cc":"PSDB","nv":" ","e":"n","st":"Suplente","dvt":"V\u00e1lido","vap":"86","pvap":"   0,57"},{"seq":"90","sqcand":"140000831802","n":"10123","nm":"JUNIOR ROSSO","cc":"REPUBLICANOS","nv":" ","e":"n","st":"N\u00e3o eleito","dvt":"V\u00e1lido","vap":"107","pvap":"   0,71"},{"seq":"70","sqcand":"140000770003","n":"13115","nm":"BERNARDINO","cc":"PT","nv":" ","e":"n","st":"Suplente","dvt":"V\u00e1lido","vap":"14","pvap":"   0,09"},{"seq":"132","sqcand":"140000932186","n":"70106","nm":"KINHA","cc":"AVANTE","nv":" ","e":"n","st":"N\u00e3o eleito","dvt":"V\u00e1lido","vap":"10","pvap":"   0,07"},{"seq":"133","sqcand":"140001003491","n":"40105","nm":"EFRAIN","cc":"PSB","nv":" ","e":"n","st":"N\u00e3o eleito","dvt":"V\u00e1lido","vap":"8","pvap":"   0,05"},{"seq":"18","sqcand":"140000997709","n":"45100","nm":"ZE NETO","cc":"PSDB","nv":" ","e":"n","st":"Suplente","dvt":"V\u00e1lido","vap":"206","pvap":"   1,37"},{"seq":"124","sqcand":"140001003485","n":"40115","nm":"DUCARMO","cc":"PSB","nv":" ","e":"n","st":"N\u00e3o eleito","dvt":"V\u00e1lido","vap":"14","pvap":"   0,09"},{"seq":"22","sqcand":"140000984464","n":"12345","nm":"VALTAIR ROSA","cc":"PDT","nv":" ","e":"n","st":"Suplente","dvt":"V\u00e1lido","vap":"161","pvap":"   1,07"},{"seq":"56","sqcand":"140000850255","n":"25222","nm":"SARGENTO AMARAL","cc":"DEM","nv":" ","e":"n","st":"Suplente","dvt":"V\u00e1lido","vap":"34","pvap":"   0,23"},{"seq":"85","sqcand":"140000831807","n":"10115","nm":"ANTONIO DA NETA","cc":"REPUBLICANOS","nv":" ","e":"n","st":"N\u00e3o eleito","dvt":"V\u00e1lido","vap":"118","pvap":"   0,79"},{"seq":"13","sqcand":"140000817944","n":"15115","nm":"VILSON DO CENTO E QUINZE","cc":"MDB","nv":" ","e":"n","st":"Suplente","dvt":"V\u00e1lido","vap":"386","pvap":"   2,57"},{"seq":"55","sqcand":"140000817949","n":"15300","nm":"CLEIDE DO CHAGAS","cc":"MDB","nv":" ","e":"n","st":"Suplente","dvt":"V\u00e1lido","vap":"36","pvap":"   0,24"},{"seq":"79","sqcand":"140000997704","n":"45101","nm":"SOCORRO ALBUQUERQUE","cc":"PSDB","nv":" ","e":"n","st":"Suplente","dvt":"V\u00e1lido","vap":"2","pvap":"   0,01"},{"seq":"104","sqcand":"140000986923","n":"14070","nm":"CLEITON DO 70","cc":"PTB","nv":" ","e":"n","st":"N\u00e3o eleito","dvt":"V\u00e1lido","vap":"42","pvap":"   0,28"},{"seq":"32","sqcand":"140000850248","n":"25777","nm":"ANDREA PINOTTI","cc":"DEM","nv":" ","e":"n","st":"Suplente","dvt":"V\u00e1lido","vap":"108","pvap":"   0,72"},{"seq":"39","sqcand":"140000984454","n":"12777","nm":"VAL","cc":"PDT","nv":" ","e":"n","st":"Suplente","dvt":"V\u00e1lido","vap":"91","pvap":"   0,61"},{"seq":"71","sqcand":"140000984463","n":"12007","nm":"PAULINHA OLIVEIRA","cc":"PDT","nv":" ","e":"n","st":"Suplente","dvt":"V\u00e1lido","vap":"14","pvap":"   0,09"},{"seq":"54","sqcand":"140000984453","n":"12221","nm":"CESSE","cc":"PDT","nv":" ","e":"n","st":"Suplente","dvt":"V\u00e1lido","vap":"36","pvap":"   0,24"},{"seq":"48","sqcand":"140000770006","n":"13333","nm":"CHACAL","cc":"PT","nv":" ","e":"n","st":"Suplente","dvt":"V\u00e1lido","vap":"55","pvap":"   0,37"},{"seq":"36","sqcand":"140001137692","n":"20222","nm":"JO\u00c3O BATISTA","cc":"PSC","nv":" ","e":"n","st":"Suplente","dvt":"V\u00e1lido","vap":"102","pvap":"   0,68"},{"seq":"89","sqcand":"140000986932","n":"14220","nm":"ROGERIO RR CELULARES","cc":"PTB","nv":" ","e":"n","st":"N\u00e3o eleito","dvt":"V\u00e1lido","vap":"110","pvap":"   0,73"},{"seq":"8","sqcand":"140000850249","n":"25111","nm":"ELISVAN LICA","cc":"DEM","nv":" ","e":"s","st":"Eleito","dvt":"V\u00e1lido","vap":"334","pvap":"   2,23"},{"seq":"125","sqcand":"140000865737","n":"51333","nm":"IRM\u00c3O CARLOS","cc":"PATRIOTA","nv":" ","e":"n","st":"N\u00e3o eleito","dvt":"V\u00e1lido","vap":"14","pvap":"   0,09"},{"seq":"74","sqcand":"140000817950","n":"15222","nm":"CAROL DO NOVENTA E CINCO","cc":"MDB","nv":" ","e":"n","st":"Suplente","dvt":"V\u00e1lido","vap":"9","pvap":"   0,06"},{"seq":"5","sqcand":"140000817941","n":"15777","nm":"NEGO RUSBIMARIO QUEIROZ","cc":"MDB","nv":" ","e":"s","st":"Eleito","dvt":"V\u00e1lido","vap":"426","pvap":"   2,84"},{"seq":"96","sqcand":"140000932181","n":"70123","nm":"CENILDO ALEXANDRE","cc":"AVANTE","nv":" ","e":"n","st":"N\u00e3o eleito","dvt":"V\u00e1lido","vap":"80","pvap":"   0,53"},{"seq":"62","sqcand":"140000817951","n":"15444","nm":"CASSANDRA","cc":"MDB","nv":" ","e":"n","st":"Suplente","dvt":"V\u00e1lido","vap":"27","pvap":"   0,18"},{"seq":"60","sqcand":"140000997700","n":"45345","nm":"FRAN DA AGUA","cc":"PSDB","nv":" ","e":"n","st":"Suplente","dvt":"V\u00e1lido","vap":"29","pvap":"   0,19"},{"seq":"24","sqcand":"140001137699","n":"20456","nm":"TIAGO","cc":"PSC","nv":" ","e":"n","st":"Suplente","dvt":"V\u00e1lido","vap":"142","pvap":"   0,95"},{"seq":"138","sqcand":"140000986926","n":"14172","nm":"Z\u00c9LIA","cc":"PTB","nv":" ","e":"n","st":"N\u00e3o eleito","dvt":"V\u00e1lido","vap":"4","pvap":"   0,03"},{"seq":"26","sqcand":"140000770002","n":"13135","nm":"CHICO PICA PAU","cc":"PT","nv":" ","e":"n","st":"Suplente","dvt":"V\u00e1lido","vap":"130","pvap":"   0,87"},{"seq":"52","sqcand":"140001137696","n":"20111","nm":"ZEFINHA","cc":"PSC","nv":" ","e":"n","st":"Suplente","dvt":"V\u00e1lido","vap":"40","pvap":"   0,27"},{"seq":"105","sqcand":"140001003500","n":"40111","nm":"MANELIN","cc":"PSB","nv":" ","e":"n","st":"N\u00e3o eleito","dvt":"V\u00e1lido","vap":"42","pvap":"   0,28"},{"seq":"126","sqcand":"140000831798","n":"10642","nm":"JONAS","cc":"REPUBLICANOS","nv":" ","e":"n","st":"N\u00e3o eleito","dvt":"V\u00e1lido","vap":"13","pvap":"   0,09"},{"seq":"14","sqcand":"140000817947","n":"15100","nm":"CELINO HENRIQUE","cc":"MDB","nv":" ","e":"n","st":"Suplente","dvt":"V\u00e1lido","vap":"302","pvap":"   2,01"},{"seq":"109","sqcand":"140001003496","n":"40963","nm":"MATHEWS IENSE","cc":"PSB","nv":" ","e":"n","st":"N\u00e3o eleito","dvt":"V\u00e1lido","vap":"35","pvap":"   0,23"},{"seq":"49","sqcand":"140000984461","n":"12000","nm":"WAGNER DO CEM","cc":"PDT","nv":" ","e":"n","st":"Suplente","dvt":"V\u00e1lido","vap":"55","pvap":"   0,37"},{"seq":"23","sqcand":"140000850254","n":"25105","nm":"ROSINHA DO CENTO E CINCO","cc":"DEM","nv":" ","e":"n","st":"Suplente","dvt":"V\u00e1lido","vap":"158","pvap":"   1,05"},{"seq":"41","sqcand":"140000984459","n":"12900","nm":"JOANA DARK","cc":"PDT","nv":" ","e":"n","st":"Suplente","dvt":"V\u00e1lido","vap":"87","pvap":"   0,58"},{"seq":"72","sqcand":"140000997701","n":"45123","nm":"PROFESSORA CELENE","cc":"PSDB","nv":" ","e":"n","st":"Suplente","dvt":"V\u00e1lido","vap":"12","pvap":"   0,08"},{"seq":"123","sqcand":"140000831803","n":"10140","nm":"JOS\u00c9 BARREIRA","cc":"REPUBLICANOS","nv":" ","e":"n","st":"N\u00e3o eleito","dvt":"V\u00e1lido","vap":"15","pvap":"   0,10"},{"seq":"46","sqcand":"140000984451","n":"12700","nm":"JOSELIO ALVES","cc":"PDT","nv":" ","e":"n","st":"Suplente","dvt":"V\u00e1lido","vap":"57","pvap":"   0,38"},{"seq":"114","sqcand":"140001003494","n":"40123","nm":"CARLINHOS","cc":"PSB","nv":" ","e":"n","st":"N\u00e3o eleito","dvt":"V\u00e1lido","vap":"25","pvap":"   0,17"},{"seq":"19","sqcand":"140000997708","n":"45130","nm":"PROFESSOR AGNALDO","cc":"PSDB","nv":" ","e":"n","st":"Suplente","dvt":"V\u00e1lido","vap":"185","pvap":"   1,23"},{"seq":"35","sqcand":"140000997710","n":"45678","nm":"CELSO OLIVEIRA","cc":"PSDB","nv":" ","e":"n","st":"Suplente","dvt":"V\u00e1lido","vap":"103","pvap":"   0,69"},{"seq":"9","sqcand":"140000997706","n":"45192","nm":"VALDILENE DA SAUDE","cc":"PSDB","nv":" ","e":"s","st":"Eleito","dvt":"V\u00e1lido","vap":"254","pvap":"   1,69"},{"seq":"94","sqcand":"140000831804","n":"10300","nm":"GILLI DA PATROL","cc":"REPUBLICANOS","nv":" ","e":"n","st":"N\u00e3o eleito","dvt":"V\u00e1lido","vap":"82","pvap":"   0,55"},{"seq":"27","sqcand":"140001137693","n":"20888","nm":"MANINHO JOANDERSON","cc":"PSC","nv":" ","e":"n","st":"Suplente","dvt":"V\u00e1lido","vap":"129","pvap":"   0,86"},{"seq":"100","sqcand":"140000986934","n":"14123","nm":"LAUDEMI DO 120","cc":"PTB","nv":" ","e":"n","st":"N\u00e3o eleito","dvt":"V\u00e1lido","vap":"62","pvap":"   0,41"},{"seq":"45","sqcand":"140001137701","n":"20777","nm":"GALEGO DA FEIRA","cc":"PSC","nv":" ","e":"n","st":"Suplente","dvt":"V\u00e1lido","vap":"71","pvap":"   0,47"},{"seq":"68","sqcand":"140000984450","n":"12051","nm":"TOME DO ESPETINHO","cc":"PDT","nv":" ","e":"n","st":"Suplente","dvt":"V\u00e1lido","vap":"16","pvap":"   0,11"},{"seq":"47","sqcand":"140000817942","n":"15123","nm":"PROFESSOR JO\u00c3OZINHO","cc":"MDB","nv":" ","e":"n","st":"Suplente","dvt":"V\u00e1lido","vap":"56","pvap":"   0,37"},{"seq":"15","sqcand":"140000850251","n":"25600","nm":"SILAS SOS","cc":"DEM","nv":" ","e":"n","st":"Suplente","dvt":"V\u00e1lido","vap":"240","pvap":"   1,60"},{"seq":"101","sqcand":"140001003495","n":"40789","nm":"GEDEAO DO BERAD\u00c3O","cc":"PSB","nv":" ","e":"n","st":"N\u00e3o eleito","dvt":"V\u00e1lido","vap":"49","pvap":"   0,33"},{"seq":"111","sqcand":"140000986924","n":"14090","nm":"LANE TORRES","cc":"PTB","nv":" ","e":"n","st":"N\u00e3o eleito","dvt":"V\u00e1lido","vap":"33","pvap":"   0,22"},{"seq":"69","sqcand":"140000984455","n":"12222","nm":"CATIA DA SAUDE","cc":"PDT","nv":" ","e":"n","st":"Suplente","dvt":"V\u00e1lido","vap":"15","pvap":"   0,10"},{"seq":"73","sqcand":"140000997703","n":"45135","nm":"BRUNA SILVA","cc":"PSDB","nv":" ","e":"n","st":"Suplente","dvt":"V\u00e1lido","vap":"12","pvap":"   0,08"},{"seq":"91","sqcand":"140000986931","n":"14775","nm":"EZIEL DO PONTAL","cc":"PTB","nv":" ","e":"n","st":"N\u00e3o eleito","dvt":"V\u00e1lido","vap":"107","pvap":"   0,71"},{"seq":"40","sqcand":"140000997705","n":"45222","nm":"THALES DA GELEIRA","cc":"PSDB","nv":" ","e":"n","st":"Suplente","dvt":"V\u00e1lido","vap":"90","pvap":"   0,60"},{"seq":"51","sqcand":"140000817940","n":"15120","nm":"MIGUEL PADEIRO","cc":"MDB","nv":" ","e":"n","st":"Suplente","dvt":"V\u00e1lido","vap":"44","pvap":"   0,29"},{"seq":"65","sqcand":"140000817945","n":"15531","nm":"LILIANE BUFFON","cc":"MDB","nv":" ","e":"n","st":"Suplente","dvt":"V\u00e1lido","vap":"19","pvap":"   0,13"},{"seq":"33","sqcand":"140000770010","n":"13124","nm":"ALONSO TORRES","cc":"PT","nv":" ","e":"n","st":"Suplente","dvt":"V\u00e1lido","vap":"105","pvap":"   0,70"},{"seq":"4","sqcand":"140000817948","n":"15000","nm":"VALDECY AMIGO","cc":"MDB","nv":" ","e":"s","st":"Eleito","dvt":"V\u00e1lido","vap":"457","pvap":"   3,05"},{"seq":"122","sqcand":"140000865739","n":"51051","nm":"DUDA BRIANA","cc":"PATRIOTA","nv":" ","e":"n","st":"N\u00e3o eleito","dvt":"V\u00e1lido","vap":"17","pvap":"   0,11"},{"seq":"30","sqcand":"140001137695","n":"20115","nm":"PROFESSORA WILMA","cc":"PSC","nv":" ","e":"n","st":"Suplente","dvt":"V\u00e1lido","vap":"110","pvap":"   0,73"},{"seq":"130","sqcand":"140000986928","n":"14051","nm":"HERNICIA HOLZ","cc":"PTB","nv":" ","e":"n","st":"N\u00e3o eleito","dvt":"V\u00e1lido","vap":"12","pvap":"   0,08"},{"seq":"82","sqcand":"140000932184","n":"70107","nm":"ADAIR COUTO","cc":"AVANTE","nv":" ","e":"n","st":"N\u00e3o eleito","dvt":"V\u00e1lido","vap":"137","pvap":"   0,91"},{"seq":"44","sqcand":"140000997712","n":"45789","nm":"VALDIR SILVA","cc":"PSDB","nv":" ","e":"n","st":"Suplente","dvt":"V\u00e1lido","vap":"73","pvap":"   0,49"},{"seq":"17","sqcand":"140001137703","n":"20000","nm":"RAMOS","cc":"PSC","nv":" ","e":"n","st":"Suplente","dvt":"V\u00e1lido","vap":"214","pvap":"   1,43"},{"seq":"128","sqcand":"140000986922","n":"14500","nm":"SORRISO","cc":"PTB","nv":" ","e":"n","st":"N\u00e3o eleito","dvt":"V\u00e1lido","vap":"13","pvap":"   0,09"},{"seq":"20","sqcand":"140000817943","n":"15500","nm":"VALDIVINO DE NOVO","cc":"MDB","nv":" ","e":"n","st":"Suplente","dvt":"V\u00e1lido","vap":"181","pvap":"   1,21"},{"seq":"139","sqcand":"140001040955","n":"70227","nm":"NATALIA PEDROSA","cc":"AVANTE","nv":" ","e":"n","st":"N\u00e3o eleito","dvt":"V\u00e1lido","vap":"0","pvap":"00.00"},{"seq":"1","sqcand":"140000850247","n":"25555","nm":"SIDNEY BRUCE","cc":"DEM","nv":" ","e":"s","st":"Eleito","dvt":"V\u00e1lido","vap":"894","pvap":"   5,96"},{"seq":"118","sqcand":"140001003488","n":"40000","nm":"GIZELE SILVA","cc":"PSB","nv":" ","e":"n","st":"N\u00e3o eleito","dvt":"V\u00e1lido","vap":"21","pvap":"   0,14"},{"seq":"75","sqcand":"140000984460","n":"12123","nm":"NETO DAGUA","cc":"PDT","nv":" ","e":"n","st":"Suplente","dvt":"V\u00e1lido","vap":"8","pvap":"   0,05"},{"seq":"3","sqcand":"140000997697","n":"45000","nm":"FREDSON DECA","cc":"PSDB","nv":" ","e":"s","st":"Eleito","dvt":"V\u00e1lido","vap":"598","pvap":"   3,98"},{"seq":"119","sqcand":"140001003492","n":"40100","nm":"J\u00da PIMENTA","cc":"PSB","nv":" ","e":"n","st":"N\u00e3o eleito","dvt":"V\u00e1lido","vap":"20","pvap":"   0,13"},{"seq":"59","sqcand":"140001137691","n":"20345","nm":"PRETA","cc":"PSC","nv":" ","e":"n","st":"Suplente","dvt":"V\u00e1lido","vap":"32","pvap":"   0,21"},{"seq":"103","sqcand":"140000986925","n":"14111","nm":"J\u00d5","cc":"PTB","nv":" ","e":"n","st":"N\u00e3o eleito","dvt":"V\u00e1lido","vap":"44","pvap":"   0,29"},{"seq":"16","sqcand":"140000850250","n":"25123","nm":"ALONSO MOURA","cc":"DEM","nv":" ","e":"n","st":"Suplente","dvt":"V\u00e1lido","vap":"234","pvap":"   1,56"},{"seq":"117","sqcand":"140001003489","n":"40855","nm":"ALDEMIR TEIXEIRA","cc":"PSB","nv":" ","e":"n","st":"N\u00e3o eleito","dvt":"V\u00e1lido","vap":"21","pvap":"   0,14"},{"seq":"38","sqcand":"140000850245","n":"25120","nm":"BAXIM DO 120 (ALBERTO)","cc":"DEM","nv":" ","e":"n","st":"Suplente","dvt":"V\u00e1lido","vap":"100","pvap":"   0,67"},{"seq":"6","sqcand":"140000997699","n":"45085","nm":"DANIEL DO 85","cc":"PSDB","nv":" ","e":"s","st":"Eleito","dvt":"V\u00e1lido","vap":"364","pvap":"   2,43"},{"seq":"97","sqcand":"140001003498","n":"40555","nm":"ADILSON PAIXAO","cc":"PSB","nv":" ","e":"n","st":"N\u00e3o eleito","dvt":"V\u00e1lido","vap":"75","pvap":"   0,50"},{"seq":"102","sqcand":"140000865735","n":"51110","nm":"TUTY","cc":"PATRIOTA","nv":" ","e":"n","st":"N\u00e3o eleito","dvt":"V\u00e1lido","vap":"46","pvap":"   0,31"},{"seq":"58","sqcand":"140000770008","n":"13120","nm":"ROSANA DUTRA","cc":"PT","nv":" ","e":"n","st":"Suplente","dvt":"V\u00e1lido","vap":"32","pvap":"   0,21"},{"seq":"2","sqcand":"140000817946","n":"15555","nm":"AMAZONAS","cc":"MDB","nv":" ","e":"s","st":"Eleito","dvt":"V\u00e1lido","vap":"657","pvap":"   4,38"},{"seq":"135","sqcand":"140000865738","n":"51858","nm":"GUSTAVO FOCHESATTO","cc":"PATRIOTA","nv":" ","e":"n","st":"N\u00e3o eleito","dvt":"V\u00e1lido","vap":"6","pvap":"   0,04"},{"seq":"57","sqcand":"140001137697","n":"20220","nm":"MARCOS MELLO","cc":"PSC","nv":" ","e":"n","st":"Suplente","dvt":"V\u00e1lido","vap":"34","pvap":"   0,23"}]}
