{"ele":"426","tpabr":"mu","cdabr":"05851","carper":"13","t":"1","f":"o","dt":"15/11/2020","ht":"23:47:27","dv":"s","tf":"s","v":"11","esae":"n","mnae":"","s":"54","st":"54","pst":" 100,00","snt":"0","psnt":"   0,00","si":"54","psi":" 100,00","sni":"0","psni":"   0,00","sa":"54","psa":" 100,00","sna":"0","psna":"   0,00","e":"17062","ea":"17062","pea":" 100,00","ena":"0","pena":"   0,00","esi":"17062","pesi":" 100,00","esni":"0","pesni":"   0,00","c":"13546","pc":"  79,39","a":"3516","pa":"  20,61","vscv":"0","vnom":"12385","vl":"758","pvnom":"  94,23","pvl":"   5,77","vvc":"13143","pvvc":"  97,02","vb":"109","pvb":"   0,81","tvn":"294","ptvn":"   2,17","vn":"294","pvn":" 100,00","vnt":"0","pvnt":"   0,00","vp":"0","pvp":"   0,00","vv":"13143","pvv":" 100,00","van":"0","pvan":"   0,00","vansj":"0","pvansj":"   0,00","tv":"13546","cand":[{"seq":"55","sqcand":"140000685811","n":"70888","nm":"TOINHA DO POSTO","cc":"AVANTE","nv":" ","e":"n","st":"Suplente","dvt":"V\u00e1lido","vap":"29","pvap":"   0,22"},{"seq":"46","sqcand":"140000720567","n":"22333","nm":"COXINHA PINTOR","cc":"PL","nv":" ","e":"n","st":"Suplente","dvt":"V\u00e1lido","vap":"54","pvap":"   0,41"},{"seq":"77","sqcand":"140001102468","n":"23444","nm":"PEDIM DA KOMBI","cc":"CIDADANIA","nv":" ","e":"n","st":"N\u00e3o eleito","dvt":"V\u00e1lido","vap":"34","pvap":"   0,26"},{"seq":"12","sqcand":"140000720551","n":"15222","nm":"WILSON","cc":"MDB","nv":" ","e":"n","st":"Suplente","dvt":"V\u00e1lido","vap":"394","pvap":"   3,00"},{"seq":"83","sqcand":"140001102467","n":"23114","nm":"IRM\u00c3O MILTON","cc":"CIDADANIA","nv":" ","e":"n","st":"N\u00e3o eleito","dvt":"V\u00e1lido","vap":"17","pvap":"   0,13"},{"seq":"36","sqcand":"140000685805","n":"70444","nm":"\u00cdTALO DUARTE","cc":"AVANTE","nv":" ","e":"n","st":"Suplente","dvt":"V\u00e1lido","vap":"103","pvap":"   0,78"},{"seq":"70","sqcand":"140000720557","n":"15999","nm":"LUCAS MARANHENSE","cc":"MDB","nv":" ","e":"n","st":"Suplente","dvt":"V\u00e1lido","vap":"0","pvap":"00.00"},{"seq":"88","sqcand":"140001102474","n":"23172","nm":"KELMA MARQUES","cc":"CIDADANIA","nv":" ","e":"n","st":"N\u00e3o eleito","dvt":"V\u00e1lido","vap":"9","pvap":"   0,07"},{"seq":"17","sqcand":"140000833660","n":"45678","nm":"PAULO HIGINO","cc":"PSDB","nv":" ","e":"n","st":"Suplente","dvt":"V\u00e1lido","vap":"255","pvap":"   1,94"},{"seq":"47","sqcand":"140000720564","n":"22223","nm":"LUIS GIR\u00c3O","cc":"PL","nv":" ","e":"n","st":"Suplente","dvt":"V\u00e1lido","vap":"50","pvap":"   0,38"},{"seq":"23","sqcand":"140000720571","n":"22345","nm":"RAMOM MARQUES","cc":"PL","nv":" ","e":"n","st":"Suplente","dvt":"V\u00e1lido","vap":"189","pvap":"   1,44"},{"seq":"38","sqcand":"140000833651","n":"45222","nm":"CARLINHOS NEWS ","cc":"PSDB","nv":" ","e":"n","st":"Suplente","dvt":"V\u00e1lido","vap":"88","pvap":"   0,67"},{"seq":"40","sqcand":"140000720559","n":"22229","nm":"JUCELINO ALENCAR","cc":"PL","nv":" ","e":"n","st":"Suplente","dvt":"V\u00e1lido","vap":"82","pvap":"   0,62"},{"seq":"61","sqcand":"140000833657","n":"45125","nm":"ROSI ANGELICA","cc":"PSDB","nv":" ","e":"n","st":"Suplente","dvt":"V\u00e1lido","vap":"17","pvap":"   0,13"},{"seq":"85","sqcand":"140001102472","n":"23777","nm":"CEI\u00c7A DO LUIZ PEDREIRO","cc":"CIDADANIA","nv":" ","e":"n","st":"N\u00e3o eleito","dvt":"V\u00e1lido","vap":"15","pvap":"   0,11"},{"seq":"15","sqcand":"140000720555","n":"15333","nm":"JUNIOR DA MARIONA","cc":"MDB","nv":" ","e":"n","st":"Suplente","dvt":"V\u00e1lido","vap":"266","pvap":"   2,02"},{"seq":"62","sqcand":"140000720562","n":"22122","nm":"RAQUEL LIMA","cc":"PL","nv":" ","e":"n","st":"Suplente","dvt":"V\u00e1lido","vap":"15","pvap":"   0,11"},{"seq":"75","sqcand":"140001102471","n":"23234","nm":"J\u00daLIO DA CAMINHONETE","cc":"CIDADANIA","nv":" ","e":"n","st":"N\u00e3o eleito","dvt":"V\u00e1lido","vap":"40","pvap":"   0,30"},{"seq":"96","sqcand":"140001102465","n":"23123","nm":"IRM\u00c3O BINA","cc":"CIDADANIA","nv":" ","e":"n","st":"N\u00e3o eleito","dvt":"V\u00e1lido","vap":"2","pvap":"   0,02"},{"seq":"63","sqcand":"140000833427","n":"25321","nm":"CILEIDE","cc":"DEM","nv":" ","e":"n","st":"Suplente","dvt":"V\u00e1lido","vap":"13","pvap":"   0,10"},{"seq":"13","sqcand":"140000720558","n":"15555","nm":"EDILEI LOPES","cc":"MDB","nv":" ","e":"n","st":"Suplente","dvt":"V\u00e1lido","vap":"324","pvap":"   2,47"},{"seq":"65","sqcand":"140000685808","n":"70788","nm":"JESSE MOTO TAXI","cc":"AVANTE","nv":" ","e":"n","st":"Suplente","dvt":"V\u00e1lido","vap":"10","pvap":"   0,08"},{"seq":"39","sqcand":"140000685809","n":"70333","nm":"MA\u00cdRES LIMA","cc":"AVANTE","nv":" ","e":"n","st":"Suplente","dvt":"V\u00e1lido","vap":"83","pvap":"   0,63"},{"seq":"89","sqcand":"140001236483","n":"12100","nm":"FLAVINHA","cc":"PDT","nv":" ","e":"n","st":"N\u00e3o eleito","dvt":"V\u00e1lido","vap":"8","pvap":"   0,06"},{"seq":"95","sqcand":"140001102473","n":"23713","nm":"DR VASCONCELOS","cc":"CIDADANIA","nv":" ","e":"n","st":"N\u00e3o eleito","dvt":"V\u00e1lido","vap":"2","pvap":"   0,02"},{"seq":"84","sqcand":"140001102260","n":"55000","nm":"ALESSANDRO RIBEIRO","cc":"PSD","nv":" ","e":"n","st":"N\u00e3o eleito","dvt":"V\u00e1lido","vap":"17","pvap":"   0,13"},{"seq":"6","sqcand":"140000720552","n":"15500","nm":"PASTOR JUNIOR ADOLFO","cc":"MDB","nv":" ","e":"s","st":"Eleito","dvt":"V\u00e1lido","vap":"454","pvap":"   3,45"},{"seq":"14","sqcand":"140000720553","n":"15111","nm":"FRANCISCA ZACARIAS","cc":"MDB","nv":" ","e":"n","st":"Suplente","dvt":"V\u00e1lido","vap":"286","pvap":"   2,18"},{"seq":"25","sqcand":"140000720569","n":"22555","nm":"FERNANDA NAVES","cc":"PL","nv":" ","e":"n","st":"Suplente","dvt":"V\u00e1lido","vap":"175","pvap":"   1,33"},{"seq":"52","sqcand":"140000833431","n":"25222","nm":"ROSA DO MONTE SINAI","cc":"DEM","nv":" ","e":"n","st":"Suplente","dvt":"V\u00e1lido","vap":"35","pvap":"   0,27"},{"seq":"42","sqcand":"140000833421","n":"25111","nm":"VERA LUCIA","cc":"DEM","nv":" ","e":"n","st":"Suplente","dvt":"V\u00e1lido","vap":"68","pvap":"   0,52"},{"seq":"76","sqcand":"140001102475","n":"23555","nm":"\u00c9RICA REIS","cc":"CIDADANIA","nv":" ","e":"n","st":"N\u00e3o eleito","dvt":"V\u00e1lido","vap":"40","pvap":"   0,30"},{"seq":"10","sqcand":"140000833426","n":"25555","nm":"ADERBAL DA PADARIA","cc":"DEM","nv":" ","e":"s","st":"Eleito","dvt":"V\u00e1lido","vap":"275","pvap":"   2,09"},{"seq":"37","sqcand":"140000720546","n":"15456","nm":"ADRIANA MATOS","cc":"MDB","nv":" ","e":"n","st":"Suplente","dvt":"V\u00e1lido","vap":"102","pvap":"   0,78"},{"seq":"80","sqcand":"140001102466","n":"23111","nm":"COIMBRA J\u00daNIOR","cc":"CIDADANIA","nv":" ","e":"n","st":"N\u00e3o eleito","dvt":"V\u00e1lido","vap":"29","pvap":"   0,22"},{"seq":"53","sqcand":"140000720573","n":"22727","nm":"DANIEL SOARES","cc":"PL","nv":" ","e":"n","st":"Suplente","dvt":"V\u00e1lido","vap":"34","pvap":"   0,26"},{"seq":"67","sqcand":"140000720547","n":"15225","nm":"PAULO DUARTE","cc":"MDB","nv":" ","e":"n","st":"Suplente","dvt":"V\u00e1lido","vap":"5","pvap":"   0,04"},{"seq":"49","sqcand":"140000720560","n":"22111","nm":"MINGA","cc":"PL","nv":" ","e":"n","st":"Suplente","dvt":"V\u00e1lido","vap":"41","pvap":"   0,31"},{"seq":"66","sqcand":"140000833656","n":"45500","nm":"ROSILENE DA COOFAPAC","cc":"PSDB","nv":" ","e":"n","st":"Suplente","dvt":"V\u00e1lido","vap":"6","pvap":"   0,05"},{"seq":"81","sqcand":"140001102469","n":"23100","nm":"IRM\u00c3O DA FARM\u00c1CIA","cc":"CIDADANIA","nv":" ","e":"n","st":"N\u00e3o eleito","dvt":"V\u00e1lido","vap":"28","pvap":"   0,21"},{"seq":"43","sqcand":"140000833652","n":"45000","nm":"JO\u00c3OZINHO DA PARABOLICA","cc":"PSDB","nv":" ","e":"n","st":"Suplente","dvt":"V\u00e1lido","vap":"66","pvap":"   0,50"},{"seq":"87","sqcand":"140001102261","n":"55379","nm":"KASSIA BORGES","cc":"PSD","nv":" ","e":"n","st":"N\u00e3o eleito","dvt":"V\u00e1lido","vap":"12","pvap":"   0,09"},{"seq":"58","sqcand":"140000685816","n":"70001","nm":"EMMANOEL DA HIDROTEC","cc":"AVANTE","nv":" ","e":"n","st":"Suplente","dvt":"V\u00e1lido","vap":"26","pvap":"   0,20"},{"seq":"27","sqcand":"140000833424","n":"25333","nm":"ROSA PEREIRA","cc":"DEM","nv":" ","e":"n","st":"Suplente","dvt":"V\u00e1lido","vap":"159","pvap":"   1,21"},{"seq":"94","sqcand":"140001102262","n":"55155","nm":"PED\u00c3O DA CHAMOLANDIA","cc":"PSD","nv":" ","e":"n","st":"N\u00e3o eleito","dvt":"V\u00e1lido","vap":"2","pvap":"   0,02"},{"seq":"4","sqcand":"140000720549","n":"15777","nm":"MAGNO SANTOS","cc":"MDB","nv":" ","e":"s","st":"Eleito","dvt":"V\u00e1lido","vap":"576","pvap":"   4,38"},{"seq":"72","sqcand":"140001102464","n":"23456","nm":"TONY SILVA","cc":"CIDADANIA","nv":" ","e":"n","st":"N\u00e3o eleito","dvt":"V\u00e1lido","vap":"100","pvap":"   0,76"},{"seq":"7","sqcand":"140000720566","n":"22456","nm":"ALEXANDRE SANTOS","cc":"PL","nv":" ","e":"s","st":"Eleito","dvt":"V\u00e1lido","vap":"350","pvap":"   2,66"},{"seq":"9","sqcand":"140000833654","n":"45333","nm":"JUNIOR BRITO","cc":"PSDB","nv":" ","e":"s","st":"Eleito","dvt":"V\u00e1lido","vap":"317","pvap":"   2,41"},{"seq":"73","sqcand":"140001102259","n":"55555","nm":"CLEBIO SOARES","cc":"PSD","nv":" ","e":"n","st":"N\u00e3o eleito","dvt":"V\u00e1lido","vap":"90","pvap":"   0,68"},{"seq":"91","sqcand":"140001102263","n":"55678","nm":"ADELSON DA ACADEMIA","cc":"PSD","nv":" ","e":"n","st":"N\u00e3o eleito","dvt":"V\u00e1lido","vap":"6","pvap":"   0,05"},{"seq":"86","sqcand":"140001102476","n":"23888","nm":"DINA CANTANHEDE","cc":"CIDADANIA","nv":" ","e":"n","st":"N\u00e3o eleito","dvt":"V\u00e1lido","vap":"15","pvap":"   0,11"},{"seq":"21","sqcand":"140001273844","n":"15888","nm":"RICARDO DA SERRA","cc":"MDB","nv":" ","e":"n","st":"Suplente","dvt":"V\u00e1lido","vap":"193","pvap":"   1,47"},{"seq":"92","sqcand":"140001102258","n":"55222","nm":"MARIZETE CARDOSO","cc":"PSD","nv":" ","e":"n","st":"N\u00e3o eleito","dvt":"V\u00e1lido","vap":"5","pvap":"   0,04"},{"seq":"31","sqcand":"140000833661","n":"45100","nm":"PIMP\u00c3O ","cc":"PSDB","nv":" ","e":"n","st":"Suplente","dvt":"V\u00e1lido","vap":"138","pvap":"   1,05"},{"seq":"44","sqcand":"140000685819","n":"70234","nm":"GILSON DA RODOVIARIA","cc":"AVANTE","nv":" ","e":"n","st":"Suplente","dvt":"V\u00e1lido","vap":"64","pvap":"   0,49"},{"seq":"82","sqcand":"140001102470","n":"23999","nm":"WELHIA GOUVEIA","cc":"CIDADANIA","nv":" ","e":"n","st":"N\u00e3o eleito","dvt":"V\u00e1lido","vap":"25","pvap":"   0,19"},{"seq":"24","sqcand":"140000685818","n":"70555","nm":"JACKSON CEARENSE","cc":"AVANTE","nv":" ","e":"n","st":"Suplente","dvt":"V\u00e1lido","vap":"176","pvap":"   1,34"},{"seq":"79","sqcand":"140001236484","n":"12222","nm":"RAIMUNDA DO BAR","cc":"PDT","nv":" ","e":"n","st":"N\u00e3o eleito","dvt":"V\u00e1lido","vap":"30","pvap":"   0,23"},{"seq":"97","sqcand":"140001102477","n":"23180","nm":"WALDEMAR DA MARIA","cc":"CIDADANIA","nv":" ","e":"n","st":"N\u00e3o eleito","dvt":"V\u00e1lido","vap":"1","pvap":"   0,01"},{"seq":"93","sqcand":"140001236485","n":"12345","nm":"JOSU\u00c9 BARBOSA M\u00daSICO","cc":"PDT","nv":" ","e":"n","st":"N\u00e3o eleito","dvt":"V\u00e1lido","vap":"5","pvap":"   0,04"},{"seq":"41","sqcand":"140000720556","n":"15321","nm":"GILMAR DO KM DEZESSEIS","cc":"MDB","nv":" ","e":"n","st":"Suplente","dvt":"V\u00e1lido","vap":"73","pvap":"   0,56"},{"seq":"11","sqcand":"140000833430","n":"25456","nm":"JOAO PAULO","cc":"DEM","nv":" ","e":"s","st":"Eleito","dvt":"V\u00e1lido","vap":"271","pvap":"   2,06"},{"seq":"56","sqcand":"140000685813","n":"70120","nm":"FRANCISCA COSTA","cc":"AVANTE","nv":" ","e":"n","st":"Suplente","dvt":"V\u00e1lido","vap":"29","pvap":"   0,22"},{"seq":"3","sqcand":"140000833653","n":"45555","nm":"WILLIAM DO AP","cc":"PSDB","nv":" ","e":"s","st":"Eleito","dvt":"V\u00e1lido","vap":"609","pvap":"   4,63"},{"seq":"98","sqcand":"140001102264","n":"55444","nm":"TOIN PIPOCA","cc":"PSD","nv":" ","e":"n","st":"N\u00e3o eleito","dvt":"V\u00e1lido","vap":"0","pvap":"00.00"},{"seq":"8","sqcand":"140000685812","n":"70111","nm":"ZIEL OLIVEIRA","cc":"AVANTE","nv":" ","e":"s","st":"Eleito","dvt":"V\u00e1lido","vap":"329","pvap":"   2,50"},{"seq":"28","sqcand":"140000720568","n":"22123","nm":"NERES BASTOS","cc":"PL","nv":" ","e":"n","st":"Suplente","dvt":"V\u00e1lido","vap":"158","pvap":"   1,20"},{"seq":"54","sqcand":"140000685815","n":"70172","nm":"BRUNA TYSSIANE","cc":"AVANTE","nv":" ","e":"n","st":"Suplente","dvt":"V\u00e1lido","vap":"30","pvap":"   0,23"},{"seq":"78","sqcand":"140001102463","n":"23000","nm":"HUDSON","cc":"CIDADANIA","nv":" ","e":"n","st":"N\u00e3o eleito","dvt":"V\u00e1lido","vap":"33","pvap":"   0,25"},{"seq":"60","sqcand":"140000685810","n":"70000","nm":"AIRES ALMEIDA","cc":"AVANTE","nv":" ","e":"n","st":"Suplente","dvt":"V\u00e1lido","vap":"19","pvap":"   0,14"},{"seq":"64","sqcand":"140000685807","n":"70222","nm":"ANDREIA SILVA","cc":"AVANTE","nv":" ","e":"n","st":"Suplente","dvt":"V\u00e1lido","vap":"13","pvap":"   0,10"},{"seq":"22","sqcand":"140000685817","n":"70123","nm":"NEGUINHO DA SERRA","cc":"AVANTE","nv":" ","e":"n","st":"Suplente","dvt":"V\u00e1lido","vap":"189","pvap":"   1,44"},{"seq":"16","sqcand":"140000720550","n":"15678","nm":"F\u00c1TIMA KITA","cc":"MDB","nv":" ","e":"n","st":"Suplente","dvt":"V\u00e1lido","vap":"259","pvap":"   1,97"},{"seq":"57","sqcand":"140000833420","n":"25000","nm":"PASTORA SILVIA HELENA","cc":"DEM","nv":" ","e":"n","st":"Suplente","dvt":"V\u00e1lido","vap":"27","pvap":"   0,21"},{"seq":"20","sqcand":"140000833422","n":"25100","nm":"RAIMUNDO ROLDAO","cc":"DEM","nv":" ","e":"n","st":"Suplente","dvt":"V\u00e1lido","vap":"201","pvap":"   1,53"},{"seq":"71","sqcand":"140001102478","n":"23333","nm":"RONY PEREIRA","cc":"CIDADANIA","nv":" ","e":"n","st":"N\u00e3o eleito","dvt":"V\u00e1lido","vap":"165","pvap":"   1,26"},{"seq":"1","sqcand":"140000833429","n":"25123","nm":"ADRIANA GOMES","cc":"DEM","nv":" ","e":"s","st":"Eleito","dvt":"V\u00e1lido","vap":"1006","pvap":"   7,65"},{"seq":"45","sqcand":"140000720570","n":"22101","nm":"FABIANA DO CHIC\u00c3O","cc":"PL","nv":" ","e":"n","st":"Suplente","dvt":"V\u00e1lido","vap":"55","pvap":"   0,42"},{"seq":"26","sqcand":"140000720563","n":"22000","nm":"ROG\u00c9RIO SERELLI","cc":"PL","nv":" ","e":"n","st":"Suplente","dvt":"V\u00e1lido","vap":"172","pvap":"   1,31"},{"seq":"68","sqcand":"140000833658","n":"45321","nm":"FABIANA FERNANDES","cc":"PSDB","nv":" ","e":"n","st":"Suplente","dvt":"V\u00e1lido","vap":"3","pvap":"   0,02"},{"seq":"74","sqcand":"140001102257","n":"55123","nm":"ROSINHA DO PAULISTINHA","cc":"PSD","nv":" ","e":"n","st":"N\u00e3o eleito","dvt":"V\u00e1lido","vap":"66","pvap":"   0,50"},{"seq":"5","sqcand":"140000720548","n":"15123","nm":"PROFESSORA NILDE","cc":"MDB","nv":" ","e":"s","st":"Eleito","dvt":"V\u00e1lido","vap":"471","pvap":"   3,58"},{"seq":"32","sqcand":"140000685814","n":"70700","nm":"CHARLES LINS","cc":"AVANTE","nv":" ","e":"n","st":"Suplente","dvt":"V\u00e1lido","vap":"133","pvap":"   1,01"},{"seq":"2","sqcand":"140000720554","n":"15000","nm":"JUNIOR DE TR\u00c2NSITO","cc":"MDB","nv":" ","e":"s","st":"Eleito","dvt":"V\u00e1lido","vap":"742","pvap":"   5,65"},{"seq":"19","sqcand":"140000720561","n":"22222","nm":"RENATO DA \u00c1GUA","cc":"PL","nv":" ","e":"n","st":"Suplente","dvt":"V\u00e1lido","vap":"241","pvap":"   1,83"},{"seq":"29","sqcand":"140000833659","n":"45456","nm":"PROFESSORA L\u00caDA VIVEIROS","cc":"PSDB","nv":" ","e":"n","st":"Suplente","dvt":"V\u00e1lido","vap":"153","pvap":"   1,16"},{"seq":"33","sqcand":"140000833650","n":"45123","nm":"JHONNY COWBOY","cc":"PSDB","nv":" ","e":"n","st":"Suplente","dvt":"V\u00e1lido","vap":"120","pvap":"   0,91"},{"seq":"51","sqcand":"140000833655","n":"45444","nm":"PASTOR JOSU\u00c9 DA SERRA","cc":"PSDB","nv":" ","e":"n","st":"Suplente","dvt":"V\u00e1lido","vap":"36","pvap":"   0,27"},{"seq":"50","sqcand":"140000720572","n":"22100","nm":"LINDINAURA","cc":"PL","nv":" ","e":"n","st":"Suplente","dvt":"V\u00e1lido","vap":"39","pvap":"   0,30"},{"seq":"59","sqcand":"140001268352","n":"22233","nm":"ALMI ARANTES","cc":"PL","nv":" ","e":"n","st":"Suplente","dvt":"V\u00e1lido","vap":"22","pvap":"   0,17"},{"seq":"90","sqcand":"140001102265","n":"55456","nm":"RONEIS LIMA","cc":"PSD","nv":" ","e":"n","st":"N\u00e3o eleito","dvt":"V\u00e1lido","vap":"7","pvap":"   0,05"},{"seq":"18","sqcand":"140000833428","n":"25444","nm":"MARLY DA GRAFFIT","cc":"DEM","nv":" ","e":"n","st":"Suplente","dvt":"V\u00e1lido","vap":"242","pvap":"   1,84"},{"seq":"69","sqcand":"140000720545","n":"15700","nm":"MAGR\u00c3O DA SERRA PELADA","cc":"MDB","nv":" ","e":"n","st":"Suplente","dvt":"V\u00e1lido","vap":"2","pvap":"   0,02"},{"seq":"35","sqcand":"140000685806","n":"70777","nm":"CARLOS ALENCAR","cc":"AVANTE","nv":" ","e":"n","st":"Suplente","dvt":"V\u00e1lido","vap":"107","pvap":"   0,81"},{"seq":"48","sqcand":"140000833425","n":"25677","nm":"IRMAO RAIMUNDO","cc":"DEM","nv":" ","e":"n","st":"Suplente","dvt":"V\u00e1lido","vap":"50","pvap":"   0,38"},{"seq":"34","sqcand":"140000833662","n":"45777","nm":"GEAN CHAVES","cc":"PSDB","nv":" ","e":"n","st":"Suplente","dvt":"V\u00e1lido","vap":"113","pvap":"   0,86"},{"seq":"30","sqcand":"140000833423","n":"25777","nm":"IVAN PONTES","cc":"DEM","nv":" ","e":"n","st":"Suplente","dvt":"V\u00e1lido","vap":"150","pvap":"   1,14"}]}
