{"ele":"426","tpabr":"mu","cdabr":"05878","carper":"13","t":"1","f":"o","dt":"15/11/2020","ht":"22:23:06","dv":"s","tf":"s","v":"11","esae":"n","mnae":"","s":"69","st":"69","pst":" 100,00","snt":"0","psnt":"   0,00","si":"69","psi":" 100,00","sni":"0","psni":"   0,00","sa":"69","psa":" 100,00","sna":"0","psna":"   0,00","e":"21707","ea":"21707","pea":" 100,00","ena":"0","pena":"   0,00","esi":"21707","pesi":" 100,00","esni":"0","pesni":"   0,00","c":"17634","pc":"  81,24","a":"4073","pa":"  18,76","vscv":"0","vnom":"16044","vl":"785","pvnom":"  95,34","pvl":"   4,66","vvc":"16829","pvvc":"  95,43","vb":"129","pvb":"   0,74","tvn":"676","ptvn":"   3,83","vn":"676","pvn":" 100,00","vnt":"0","pvnt":"   0,00","vp":"0","pvp":"   0,00","vv":"16829","pvv":" 100,00","van":"0","pvan":"   0,00","vansj":"0","pvansj":"   0,00","tv":"17634","cand":[{"seq":"50","sqcand":"140000751408","n":"15777","nm":"MARDONIO","cc":"MDB","nv":" ","e":"n","st":"Suplente","dvt":"V\u00e1lido","vap":"22","pvap":"   0,13"},{"seq":"6","sqcand":"140000751304","n":"23000","nm":"FLAVIO DO LOL\u00d4","cc":"CIDADANIA","nv":" ","e":"s","st":"Eleito","dvt":"V\u00e1lido","vap":"841","pvap":"   5,00"},{"seq":"1","sqcand":"140000841486","n":"40111","nm":"V\u00d4I","cc":"PSB","nv":" ","e":"s","st":"Eleito","dvt":"V\u00e1lido","vap":"1212","pvap":"   7,20"},{"seq":"56","sqcand":"140000797894","n":"22345","nm":"NATAN LINHARES","cc":"PL","nv":" ","e":"n","st":"Suplente","dvt":"V\u00e1lido","vap":"0","pvap":"00.00"},{"seq":"2","sqcand":"140000751300","n":"23333","nm":"BATATINHA","cc":"CIDADANIA","nv":" ","e":"s","st":"Eleito","dvt":"V\u00e1lido","vap":"1139","pvap":"   6,77"},{"seq":"35","sqcand":"140000797892","n":"22111","nm":"Z\u00c9LIA DO SOIN","cc":"PL","nv":" ","e":"n","st":"Suplente","dvt":"V\u00e1lido","vap":"78","pvap":"   0,46"},{"seq":"48","sqcand":"140000797890","n":"22555","nm":"LUIZ ENFERMEIRO","cc":"PL","nv":" ","e":"n","st":"Suplente","dvt":"V\u00e1lido","vap":"29","pvap":"   0,17"},{"seq":"25","sqcand":"140000751413","n":"15999","nm":"NONE","cc":"MDB","nv":" ","e":"n","st":"Suplente","dvt":"V\u00e1lido","vap":"157","pvap":"   0,93"},{"seq":"21","sqcand":"140000748527","n":"14777","nm":"J\u00daNIOR PACA","cc":"PTB","nv":" ","e":"n","st":"Suplente","dvt":"V\u00e1lido","vap":"231","pvap":"   1,37"},{"seq":"11","sqcand":"140000751404","n":"15111","nm":"NAIROX VIDAL","cc":"MDB","nv":" ","e":"s","st":"Eleito","dvt":"V\u00e1lido","vap":"577","pvap":"   3,43"},{"seq":"39","sqcand":"140000751400","n":"15100","nm":"PANTOJA","cc":"MDB","nv":" ","e":"n","st":"Suplente","dvt":"V\u00e1lido","vap":"41","pvap":"   0,24"},{"seq":"40","sqcand":"140000751401","n":"15888","nm":"MARCIO","cc":"MDB","nv":" ","e":"n","st":"Suplente","dvt":"V\u00e1lido","vap":"41","pvap":"   0,24"},{"seq":"53","sqcand":"140000841478","n":"40999","nm":"GLEIDSON FAGUNDES","cc":"PSB","nv":" ","e":"n","st":"Suplente","dvt":"V\u00e1lido","vap":"8","pvap":"   0,05"},{"seq":"44","sqcand":"140000748530","n":"14111","nm":"JACY DO CARLITO","cc":"PTB","nv":" ","e":"n","st":"Suplente","dvt":"V\u00e1lido","vap":"35","pvap":"   0,21"},{"seq":"31","sqcand":"140000841483","n":"40123","nm":"SAMARA MARTINS","cc":"PSB","nv":" ","e":"n","st":"Suplente","dvt":"V\u00e1lido","vap":"105","pvap":"   0,62"},{"seq":"8","sqcand":"140000841488","n":"40222","nm":"Z\u00c9 MARIA DA LARANJA","cc":"PSB","nv":" ","e":"s","st":"Eleito","dvt":"V\u00e1lido","vap":"644","pvap":"   3,83"},{"seq":"9","sqcand":"140000797891","n":"22000","nm":"PROFESSOR VITALINO","cc":"PL","nv":" ","e":"s","st":"Eleito","dvt":"V\u00e1lido","vap":"633","pvap":"   3,76"},{"seq":"57","sqcand":"140000748531","n":"14999","nm":"NASARENO DO FUNDO DE POTE","cc":"PTB","nv":" ","e":"n","st":"Suplente","dvt":"V\u00e1lido","vap":"0","pvap":"00.00"},{"seq":"24","sqcand":"140000797899","n":"22999","nm":"MILSON DO VALE","cc":"PL","nv":" ","e":"n","st":"Suplente","dvt":"V\u00e1lido","vap":"187","pvap":"   1,11"},{"seq":"30","sqcand":"140000751305","n":"23456","nm":"PINDOBA PROFIRO","cc":"CIDADANIA","nv":" ","e":"n","st":"Suplente","dvt":"V\u00e1lido","vap":"108","pvap":"   0,64"},{"seq":"27","sqcand":"140000751407","n":"15234","nm":"MERI","cc":"MDB","nv":" ","e":"n","st":"Suplente","dvt":"V\u00e1lido","vap":"146","pvap":"   0,87"},{"seq":"51","sqcand":"140000797893","n":"22888","nm":"KELIANE","cc":"PL","nv":" ","e":"n","st":"Suplente","dvt":"V\u00e1lido","vap":"15","pvap":"   0,09"},{"seq":"19","sqcand":"140000841481","n":"40555","nm":"KETLEM BRAZ","cc":"PSB","nv":" ","e":"n","st":"Suplente","dvt":"V\u00e1lido","vap":"301","pvap":"   1,79"},{"seq":"38","sqcand":"140000751406","n":"15123","nm":"LEILSON","cc":"MDB","nv":" ","e":"n","st":"Suplente","dvt":"V\u00e1lido","vap":"45","pvap":"   0,27"},{"seq":"34","sqcand":"140000751299","n":"23999","nm":"ELIZANGELA DO SINDICATO","cc":"CIDADANIA","nv":" ","e":"n","st":"Suplente","dvt":"V\u00e1lido","vap":"81","pvap":"   0,48"},{"seq":"55","sqcand":"140000841485","n":"40100","nm":"DJ SMITH","cc":"PSB","nv":" ","e":"n","st":"Suplente","dvt":"V\u00e1lido","vap":"5","pvap":"   0,03"},{"seq":"47","sqcand":"140000751399","n":"15456","nm":"DED\u00c9 DAMIAO","cc":"MDB","nv":" ","e":"n","st":"Suplente","dvt":"V\u00e1lido","vap":"29","pvap":"   0,17"},{"seq":"4","sqcand":"140000751298","n":"23111","nm":"LAURO DA FARINHA","cc":"CIDADANIA","nv":" ","e":"s","st":"Eleito","dvt":"V\u00e1lido","vap":"1136","pvap":"   6,75"},{"seq":"3","sqcand":"140000841487","n":"40888","nm":"DAMASCENO","cc":"PSB","nv":" ","e":"s","st":"Eleito","dvt":"V\u00e1lido","vap":"1136","pvap":"   6,75"},{"seq":"54","sqcand":"140000751301","n":"23777","nm":"LYNA","cc":"CIDADANIA","nv":" ","e":"n","st":"Suplente","dvt":"V\u00e1lido","vap":"5","pvap":"   0,03"},{"seq":"45","sqcand":"140000748525","n":"14123","nm":"ALAINE","cc":"PTB","nv":" ","e":"n","st":"Suplente","dvt":"V\u00e1lido","vap":"33","pvap":"   0,20"},{"seq":"10","sqcand":"140000751409","n":"15555","nm":"TADEU","cc":"MDB","nv":" ","e":"s","st":"Eleito","dvt":"V\u00e1lido","vap":"607","pvap":"   3,61"},{"seq":"52","sqcand":"140000797897","n":"22777","nm":"JOELSON SIQUEIRA","cc":"PL","nv":" ","e":"n","st":"Suplente","dvt":"V\u00e1lido","vap":"11","pvap":"   0,07"},{"seq":"26","sqcand":"140000751411","n":"15000","nm":"AKIHITO","cc":"MDB","nv":" ","e":"n","st":"Suplente","dvt":"V\u00e1lido","vap":"153","pvap":"   0,91"},{"seq":"42","sqcand":"140000841482","n":"40040","nm":"PRISCILLA","cc":"PSB","nv":" ","e":"n","st":"Suplente","dvt":"V\u00e1lido","vap":"36","pvap":"   0,21"},{"seq":"14","sqcand":"140000748532","n":"14444","nm":"MAURO","cc":"PTB","nv":" ","e":"n","st":"Suplente","dvt":"V\u00e1lido","vap":"499","pvap":"   2,97"},{"seq":"18","sqcand":"140000751412","n":"15666","nm":"ALDA DO JONAS","cc":"MDB","nv":" ","e":"n","st":"Suplente","dvt":"V\u00e1lido","vap":"310","pvap":"   1,84"},{"seq":"41","sqcand":"140000797895","n":"22333","nm":"ANINHA","cc":"PL","nv":" ","e":"n","st":"Suplente","dvt":"V\u00e1lido","vap":"39","pvap":"   0,23"},{"seq":"49","sqcand":"140000841479","n":"40666","nm":"ELICELL","cc":"PSB","nv":" ","e":"n","st":"Suplente","dvt":"V\u00e1lido","vap":"22","pvap":"   0,13"},{"seq":"33","sqcand":"140000748529","n":"14555","nm":"PROFESSOR CLEISON","cc":"PTB","nv":" ","e":"n","st":"Suplente","dvt":"V\u00e1lido","vap":"96","pvap":"   0,57"},{"seq":"15","sqcand":"140000841476","n":"40000","nm":"TOA","cc":"PSB","nv":" ","e":"n","st":"Suplente","dvt":"V\u00e1lido","vap":"496","pvap":"   2,95"},{"seq":"43","sqcand":"140000751405","n":"15515","nm":"NENZINHA DO MAMORANA","cc":"MDB","nv":" ","e":"n","st":"Suplente","dvt":"V\u00e1lido","vap":"36","pvap":"   0,21"},{"seq":"32","sqcand":"140000751306","n":"23555","nm":"DINHA MOREIRA","cc":"CIDADANIA","nv":" ","e":"n","st":"Suplente","dvt":"V\u00e1lido","vap":"97","pvap":"   0,58"},{"seq":"5","sqcand":"140000841480","n":"40444","nm":"AELITO ALVES","cc":"PSB","nv":" ","e":"s","st":"Eleito","dvt":"V\u00e1lido","vap":"933","pvap":"   5,54"},{"seq":"36","sqcand":"140000841484","n":"40777","nm":"NENA DE ARA\u00daJO","cc":"PSB","nv":" ","e":"n","st":"Suplente","dvt":"V\u00e1lido","vap":"60","pvap":"   0,36"},{"seq":"46","sqcand":"140000841477","n":"40333","nm":"ZAQUEU","cc":"PSB","nv":" ","e":"n","st":"Suplente","dvt":"V\u00e1lido","vap":"32","pvap":"   0,19"},{"seq":"20","sqcand":"140000797889","n":"22222","nm":"DONA APARECIDA","cc":"PL","nv":" ","e":"n","st":"Suplente","dvt":"V\u00e1lido","vap":"242","pvap":"   1,44"},{"seq":"37","sqcand":"140000751303","n":"23666","nm":"CABELUDO DO AR","cc":"CIDADANIA","nv":" ","e":"n","st":"Suplente","dvt":"V\u00e1lido","vap":"60","pvap":"   0,36"},{"seq":"17","sqcand":"140000751398","n":"15600","nm":"DANIEL CHAVES","cc":"MDB","nv":" ","e":"n","st":"Suplente","dvt":"V\u00e1lido","vap":"328","pvap":"   1,95"},{"seq":"23","sqcand":"140000797896","n":"22444","nm":"SOIA","cc":"PL","nv":" ","e":"n","st":"Suplente","dvt":"V\u00e1lido","vap":"202","pvap":"   1,20"},{"seq":"29","sqcand":"140000748533","n":"14333","nm":"FAZINHA","cc":"PTB","nv":" ","e":"n","st":"Suplente","dvt":"V\u00e1lido","vap":"115","pvap":"   0,68"},{"seq":"16","sqcand":"140000751302","n":"23222","nm":"CIRLEY","cc":"CIDADANIA","nv":" ","e":"n","st":"Suplente","dvt":"V\u00e1lido","vap":"476","pvap":"   2,83"},{"seq":"12","sqcand":"140000751402","n":"15333","nm":"GILMAR","cc":"MDB","nv":" ","e":"n","st":"Suplente","dvt":"V\u00e1lido","vap":"539","pvap":"   3,20"},{"seq":"28","sqcand":"140000751403","n":"15444","nm":"ORIONES","cc":"MDB","nv":" ","e":"n","st":"Suplente","dvt":"V\u00e1lido","vap":"128","pvap":"   0,76"},{"seq":"7","sqcand":"140000748528","n":"14000","nm":"MENINO VAQUEIRO","cc":"PTB","nv":" ","e":"s","st":"Eleito","dvt":"V\u00e1lido","vap":"762","pvap":"   4,53"},{"seq":"22","sqcand":"140000751410","n":"15222","nm":"DAMIANA","cc":"MDB","nv":" ","e":"n","st":"Suplente","dvt":"V\u00e1lido","vap":"230","pvap":"   1,37"},{"seq":"13","sqcand":"140000748526","n":"14222","nm":"VALDIR DO MOIS\u00c9S","cc":"PTB","nv":" ","e":"n","st":"Suplente","dvt":"V\u00e1lido","vap":"515","pvap":"   3,06"}]}
