{"ele":"426","tpabr":"mu","cdabr":"05894","carper":"13","t":"1","f":"o","dt":"15/11/2020","ht":"22:27:42","dv":"s","tf":"s","v":"13","esae":"n","mnae":"","s":"67","st":"67","pst":" 100,00","snt":"0","psnt":"   0,00","si":"67","psi":" 100,00","sni":"0","psni":"   0,00","sa":"67","psa":" 100,00","sna":"0","psna":"   0,00","e":"18512","ea":"18512","pea":" 100,00","ena":"0","pena":"   0,00","esi":"18512","pesi":" 100,00","esni":"0","pesni":"   0,00","c":"14335","pc":"  77,44","a":"4177","pa":"  22,56","vscv":"0","vnom":"13126","vl":"727","pvnom":"  94,75","pvl":"   5,25","vvc":"13853","pvvc":"  96,64","vb":"118","pvb":"   0,82","tvn":"364","ptvn":"   2,54","vn":"364","pvn":" 100,00","vnt":"0","pvnt":"   0,00","vp":"0","pvp":"   0,00","vv":"13853","pvv":" 100,00","van":"0","pvan":"   0,00","vansj":"0","pvansj":"   0,00","tv":"14335","cand":[{"seq":"44","sqcand":"140001077239","n":"20345","nm":"ERICA SCALABRIN","cc":"PSC","nv":" ","e":"n","st":"Suplente","dvt":"V\u00e1lido","vap":"62","pvap":"   0,45"},{"seq":"7","sqcand":"140001064426","n":"15123","nm":"NEGUINHO LABIG\u00d3","cc":"MDB","nv":" ","e":"s","st":"Eleito","dvt":"V\u00e1lido","vap":"428","pvap":"   3,09"},{"seq":"90","sqcand":"140000977786","n":"43456","nm":"ARTENIZA","cc":"PV","nv":" ","e":"n","st":"N\u00e3o eleito","dvt":"V\u00e1lido","vap":"14","pvap":"   0,10"},{"seq":"86","sqcand":"140001156818","n":"28333","nm":"GRACIANO MOTOS","cc":"PRTB","nv":" ","e":"n","st":"N\u00e3o eleito","dvt":"V\u00e1lido","vap":"23","pvap":"   0,17"},{"seq":"54","sqcand":"140001064428","n":"15678","nm":"MARIA SILVA","cc":"MDB","nv":" ","e":"n","st":"Suplente","dvt":"V\u00e1lido","vap":"34","pvap":"   0,25"},{"seq":"56","sqcand":"140001156192","n":"11000","nm":"GEANE DA CACHOEIRA","cc":"PP","nv":" ","e":"n","st":"Suplente","dvt":"V\u00e1lido","vap":"29","pvap":"   0,21"},{"seq":"88","sqcand":"140001156065","n":"23025","nm":"PORTELA","cc":"CIDADANIA","nv":" ","e":"n","st":"N\u00e3o eleito","dvt":"V\u00e1lido","vap":"22","pvap":"   0,16"},{"seq":"6","sqcand":"140001156757","n":"40163","nm":"MARCELO DA PI\u00c7ARREIRA","cc":"PSB","nv":" ","e":"s","st":"Eleito","dvt":"V\u00e1lido","vap":"434","pvap":"   3,13"},{"seq":"48","sqcand":"140001077242","n":"20770","nm":"PRETA","cc":"PSC","nv":" ","e":"n","st":"Suplente","dvt":"V\u00e1lido","vap":"45","pvap":"   0,32"},{"seq":"64","sqcand":"140001077238","n":"20115","nm":"EDILENE","cc":"PSC","nv":" ","e":"n","st":"Suplente","dvt":"V\u00e1lido","vap":"15","pvap":"   0,11"},{"seq":"38","sqcand":"140001058231","n":"13100","nm":"VICENTINHO DA CACHOEIRA","cc":"PT","nv":" ","e":"n","st":"Suplente","dvt":"V\u00e1lido","vap":"84","pvap":"   0,61"},{"seq":"77","sqcand":"140001156062","n":"23523","nm":"JOS\u00c9 ROBERTO","cc":"CIDADANIA","nv":" ","e":"n","st":"N\u00e3o eleito","dvt":"V\u00e1lido","vap":"53","pvap":"   0,38"},{"seq":"76","sqcand":"140001156820","n":"28456","nm":"JUNIOR DO CAIUA","cc":"PRTB","nv":" ","e":"n","st":"N\u00e3o eleito","dvt":"V\u00e1lido","vap":"59","pvap":"   0,43"},{"seq":"59","sqcand":"140001058226","n":"13128","nm":"FRANCIVALDO","cc":"PT","nv":" ","e":"n","st":"Suplente","dvt":"V\u00e1lido","vap":"26","pvap":"   0,19"},{"seq":"74","sqcand":"140001156071","n":"23333","nm":"NELI BORGARO","cc":"CIDADANIA","nv":" ","e":"n","st":"N\u00e3o eleito","dvt":"V\u00e1lido","vap":"80","pvap":"   0,58"},{"seq":"1","sqcand":"140001064431","n":"15181","nm":"ANDERSON DO POSTO","cc":"MDB","nv":" ","e":"s","st":"Eleito","dvt":"V\u00e1lido","vap":"855","pvap":"   6,17"},{"seq":"20","sqcand":"140001156753","n":"40789","nm":"ANTONIO FRAN\u00c7A","cc":"PSB","nv":" ","e":"n","st":"Suplente","dvt":"V\u00e1lido","vap":"247","pvap":"   1,78"},{"seq":"2","sqcand":"140001064439","n":"15789","nm":"SERGIO RIBEIRO","cc":"MDB","nv":" ","e":"s","st":"Eleito","dvt":"V\u00e1lido","vap":"563","pvap":"   4,06"},{"seq":"19","sqcand":"140001055738","n":"13670","nm":"FRANCISCA SCHOMMER","cc":"PT","nv":" ","e":"n","st":"Suplente","dvt":"V\u00e1lido","vap":"257","pvap":"   1,86"},{"seq":"70","sqcand":"140001156821","n":"28555","nm":"CICERO CAZUZA","cc":"PRTB","nv":" ","e":"n","st":"N\u00e3o eleito","dvt":"V\u00e1lido","vap":"167","pvap":"   1,21"},{"seq":"82","sqcand":"140000971248","n":"43175","nm":"LAMBREGA","cc":"PV","nv":" ","e":"n","st":"N\u00e3o eleito","dvt":"V\u00e1lido","vap":"40","pvap":"   0,29"},{"seq":"58","sqcand":"140001156750","n":"40100","nm":"BENEZ\u00c3O","cc":"PSB","nv":" ","e":"n","st":"Suplente","dvt":"V\u00e1lido","vap":"26","pvap":"   0,19"},{"seq":"91","sqcand":"140000971247","n":"43111","nm":"PEDRINHO","cc":"PV","nv":" ","e":"n","st":"N\u00e3o eleito","dvt":"V\u00e1lido","vap":"11","pvap":"   0,08"},{"seq":"39","sqcand":"140001156196","n":"11444","nm":"LILIAN XIMENDES","cc":"PP","nv":" ","e":"n","st":"Suplente","dvt":"V\u00e1lido","vap":"84","pvap":"   0,61"},{"seq":"92","sqcand":"140001156068","n":"23234","nm":"JEF\u00c3O BOIADEIRO","cc":"CIDADANIA","nv":" ","e":"n","st":"N\u00e3o eleito","dvt":"V\u00e1lido","vap":"11","pvap":"   0,08"},{"seq":"97","sqcand":"140001156822","n":"28000","nm":"PEDRO SOARES","cc":"PRTB","nv":" ","e":"n","st":"N\u00e3o eleito","dvt":"V\u00e1lido","vap":"6","pvap":"   0,04"},{"seq":"60","sqcand":"140001058229","n":"13500","nm":"JEFERSSON SANTOS","cc":"PT","nv":" ","e":"n","st":"Suplente","dvt":"V\u00e1lido","vap":"25","pvap":"   0,18"},{"seq":"68","sqcand":"140001156752","n":"40999","nm":"ERICA DA AGRICULTURA","cc":"PSB","nv":" ","e":"n","st":"Suplente","dvt":"V\u00e1lido","vap":"6","pvap":"   0,04"},{"seq":"22","sqcand":"140001058223","n":"13245","nm":"REG\u00c9R","cc":"PT","nv":" ","e":"n","st":"Suplente","dvt":"V\u00e1lido","vap":"208","pvap":"   1,50"},{"seq":"93","sqcand":"140000971327","n":"43112","nm":"CAIPORA DO BAR","cc":"PV","nv":" ","e":"n","st":"N\u00e3o eleito","dvt":"V\u00e1lido","vap":"9","pvap":"   0,06"},{"seq":"32","sqcand":"140001064434","n":"15100","nm":"SANDENES MUNDIARTES","cc":"MDB","nv":" ","e":"n","st":"Suplente","dvt":"V\u00e1lido","vap":"127","pvap":"   0,92"},{"seq":"46","sqcand":"140001077245","n":"20200","nm":"CHOR\u00c3O","cc":"PSC","nv":" ","e":"n","st":"Suplente","dvt":"V\u00e1lido","vap":"55","pvap":"   0,40"},{"seq":"10","sqcand":"140001064433","n":"15236","nm":"PAULO SOARES","cc":"MDB","nv":" ","e":"s","st":"Eleito","dvt":"V\u00e1lido","vap":"371","pvap":"   2,68"},{"seq":"80","sqcand":"140001156827","n":"28400","nm":"CARLITO DO TAMBO","cc":"PRTB","nv":" ","e":"n","st":"N\u00e3o eleito","dvt":"V\u00e1lido","vap":"44","pvap":"   0,32"},{"seq":"17","sqcand":"140001064437","n":"15999","nm":"RUDNEY DA SA\u00daDE","cc":"MDB","nv":" ","e":"n","st":"Suplente","dvt":"V\u00e1lido","vap":"308","pvap":"   2,22"},{"seq":"40","sqcand":"140001077241","n":"20234","nm":"PAIXIUBINHA","cc":"PSC","nv":" ","e":"n","st":"Suplente","dvt":"V\u00e1lido","vap":"71","pvap":"   0,51"},{"seq":"45","sqcand":"140001156193","n":"11123","nm":"PROFESSORA ALINE","cc":"PP","nv":" ","e":"n","st":"Suplente","dvt":"V\u00e1lido","vap":"57","pvap":"   0,41"},{"seq":"35","sqcand":"140001156755","n":"40234","nm":"ROSILENE DO SINDICATO","cc":"PSB","nv":" ","e":"n","st":"Suplente","dvt":"V\u00e1lido","vap":"99","pvap":"   0,71"},{"seq":"49","sqcand":"140001064432","n":"15156","nm":"PROFESSORA KEILA","cc":"MDB","nv":" ","e":"n","st":"Suplente","dvt":"V\u00e1lido","vap":"45","pvap":"   0,32"},{"seq":"37","sqcand":"140001064422","n":"15234","nm":"ZURAS SANTANA","cc":"MDB","nv":" ","e":"n","st":"Suplente","dvt":"V\u00e1lido","vap":"89","pvap":"   0,64"},{"seq":"5","sqcand":"140001058227","n":"13000","nm":"JONAS LOUREN\u00c7O","cc":"PT","nv":" ","e":"s","st":"Eleito","dvt":"V\u00e1lido","vap":"457","pvap":"   3,30"},{"seq":"98","sqcand":"140001269756","n":"28222","nm":"EDCL\u00c9A FERREIRA","cc":"PRTB","nv":" ","e":"n","st":"N\u00e3o eleito","dvt":"V\u00e1lido","vap":"4","pvap":"   0,03"},{"seq":"71","sqcand":"140001156823","n":"28200","nm":"ELTON PIRES","cc":"PRTB","nv":" ","e":"n","st":"N\u00e3o eleito","dvt":"V\u00e1lido","vap":"148","pvap":"   1,07"},{"seq":"85","sqcand":"140000977788","n":"43777","nm":"HELQUIAS","cc":"PV","nv":" ","e":"n","st":"N\u00e3o eleito","dvt":"V\u00e1lido","vap":"24","pvap":"   0,17"},{"seq":"57","sqcand":"140001055737","n":"13777","nm":"IRM\u00c3O PEREIRA","cc":"PT","nv":" ","e":"n","st":"Suplente","dvt":"V\u00e1lido","vap":"28","pvap":"   0,20"},{"seq":"53","sqcand":"140001156195","n":"11300","nm":"EBER DA COSTA","cc":"PP","nv":" ","e":"n","st":"Suplente","dvt":"V\u00e1lido","vap":"35","pvap":"   0,25"},{"seq":"101","sqcand":"140001156069","n":"23888","nm":"MAIANE RODRIGUES","cc":"CIDADANIA","nv":" ","e":"n","st":"N\u00e3o eleito","dvt":"V\u00e1lido","vap":"0","pvap":"00.00"},{"seq":"30","sqcand":"140001077240","n":"20222","nm":"OTONIEL","cc":"PSC","nv":" ","e":"n","st":"Suplente","dvt":"V\u00e1lido","vap":"137","pvap":"   0,99"},{"seq":"9","sqcand":"140001064423","n":"15777","nm":"ELIAS ZANETTI","cc":"MDB","nv":" ","e":"s","st":"Eleito","dvt":"V\u00e1lido","vap":"374","pvap":"   2,70"},{"seq":"43","sqcand":"140001058232","n":"13123","nm":"PROFESSORA FATIMA","cc":"PT","nv":" ","e":"n","st":"Suplente","dvt":"V\u00e1lido","vap":"62","pvap":"   0,45"},{"seq":"100","sqcand":"140001156063","n":"23230","nm":"DARINHO DA STIHL","cc":"CIDADANIA","nv":" ","e":"n","st":"N\u00e3o eleito","dvt":"V\u00e1lido","vap":"0","pvap":"00.00"},{"seq":"24","sqcand":"140001064430","n":"15456","nm":"DIVANICE","cc":"MDB","nv":" ","e":"n","st":"Suplente","dvt":"V\u00e1lido","vap":"180","pvap":"   1,30"},{"seq":"15","sqcand":"140001064436","n":"15000","nm":"RAK","cc":"MDB","nv":" ","e":"n","st":"Suplente","dvt":"V\u00e1lido","vap":"346","pvap":"   2,50"},{"seq":"23","sqcand":"140001156754","n":"40123","nm":"MARCOS FURTADO","cc":"PSB","nv":" ","e":"n","st":"Suplente","dvt":"V\u00e1lido","vap":"188","pvap":"   1,36"},{"seq":"47","sqcand":"140001156194","n":"11163","nm":"ZILTON CONSTRUTOR","cc":"PP","nv":" ","e":"n","st":"Suplente","dvt":"V\u00e1lido","vap":"52","pvap":"   0,38"},{"seq":"96","sqcand":"140001156824","n":"28024","nm":"LUCAS WENDE","cc":"PRTB","nv":" ","e":"n","st":"N\u00e3o eleito","dvt":"V\u00e1lido","vap":"7","pvap":"   0,05"},{"seq":"33","sqcand":"140001156751","n":"40222","nm":"LUIZ FILHO","cc":"PSB","nv":" ","e":"n","st":"Suplente","dvt":"V\u00e1lido","vap":"111","pvap":"   0,80"},{"seq":"18","sqcand":"140001064427","n":"15231","nm":"SOLANGE","cc":"MDB","nv":" ","e":"n","st":"Suplente","dvt":"V\u00e1lido","vap":"304","pvap":"   2,19"},{"seq":"75","sqcand":"140001156067","n":"23300","nm":"BEIBI DA ACADEMIA","cc":"CIDADANIA","nv":" ","e":"n","st":"N\u00e3o eleito","dvt":"V\u00e1lido","vap":"63","pvap":"   0,45"},{"seq":"87","sqcand":"140001156826","n":"28123","nm":"VERONICA MIKS","cc":"PRTB","nv":" ","e":"n","st":"N\u00e3o eleito","dvt":"V\u00e1lido","vap":"23","pvap":"   0,17"},{"seq":"84","sqcand":"140001156066","n":"23200","nm":"ZEZINHO","cc":"CIDADANIA","nv":" ","e":"n","st":"N\u00e3o eleito","dvt":"V\u00e1lido","vap":"32","pvap":"   0,23"},{"seq":"3","sqcand":"140001064421","n":"15237","nm":"CHIQUINHO DO A\u00c7OUGUE","cc":"MDB","nv":" ","e":"s","st":"Eleito","dvt":"V\u00e1lido","vap":"556","pvap":"   4,01"},{"seq":"78","sqcand":"140000977789","n":"43185","nm":"PROTASIO","cc":"PV","nv":" ","e":"n","st":"N\u00e3o eleito","dvt":"V\u00e1lido","vap":"47","pvap":"   0,34"},{"seq":"52","sqcand":"140001156758","n":"40017","nm":"DIOMAR ALINDRINA","cc":"PSB","nv":" ","e":"n","st":"Suplente","dvt":"V\u00e1lido","vap":"36","pvap":"   0,26"},{"seq":"27","sqcand":"140001156198","n":"11111","nm":"RAY DO GUARAN\u00c1","cc":"PP","nv":" ","e":"n","st":"Suplente","dvt":"V\u00e1lido","vap":"155","pvap":"   1,12"},{"seq":"67","sqcand":"140001156756","n":"40444","nm":"PEDRINA DO SETENTA","cc":"PSB","nv":" ","e":"n","st":"Suplente","dvt":"V\u00e1lido","vap":"9","pvap":"   0,06"},{"seq":"29","sqcand":"140001064425","n":"15115","nm":"CLAUDIO DO CENTO E QUINZE","cc":"MDB","nv":" ","e":"n","st":"Suplente","dvt":"V\u00e1lido","vap":"142","pvap":"   1,03"},{"seq":"89","sqcand":"140000977787","n":"43123","nm":"JESSICA","cc":"PV","nv":" ","e":"n","st":"N\u00e3o eleito","dvt":"V\u00e1lido","vap":"15","pvap":"   0,11"},{"seq":"79","sqcand":"140001156064","n":"23222","nm":"POLI LIMA","cc":"CIDADANIA","nv":" ","e":"n","st":"N\u00e3o eleito","dvt":"V\u00e1lido","vap":"47","pvap":"   0,34"},{"seq":"12","sqcand":"140001077237","n":"20123","nm":"GUTO TOUTA","cc":"PSC","nv":" ","e":"s","st":"Eleito","dvt":"V\u00e1lido","vap":"282","pvap":"   2,04"},{"seq":"95","sqcand":"140001156817","n":"28789","nm":"EZEQUIAS VERAS","cc":"PRTB","nv":" ","e":"n","st":"N\u00e3o eleito","dvt":"V\u00e1lido","vap":"8","pvap":"   0,06"},{"seq":"50","sqcand":"140001058228","n":"13190","nm":"DIMY CLIFF","cc":"PT","nv":" ","e":"n","st":"Suplente","dvt":"V\u00e1lido","vap":"45","pvap":"   0,32"},{"seq":"55","sqcand":"140001077243","n":"20190","nm":"PROFESSORA RITA","cc":"PSC","nv":" ","e":"n","st":"Suplente","dvt":"V\u00e1lido","vap":"30","pvap":"   0,22"},{"seq":"28","sqcand":"140001077235","n":"20885","nm":"CICINHO","cc":"PSC","nv":" ","e":"n","st":"Suplente","dvt":"V\u00e1lido","vap":"142","pvap":"   1,03"},{"seq":"36","sqcand":"140001058219","n":"13222","nm":"PROFESSOR WELITON","cc":"PT","nv":" ","e":"n","st":"Suplente","dvt":"V\u00e1lido","vap":"89","pvap":"   0,64"},{"seq":"42","sqcand":"140001156191","n":"11777","nm":"KEILLA DA CONTABILIDADE","cc":"PP","nv":" ","e":"n","st":"Suplente","dvt":"V\u00e1lido","vap":"65","pvap":"   0,47"},{"seq":"41","sqcand":"140001058222","n":"13789","nm":"BRUNA","cc":"PT","nv":" ","e":"n","st":"Suplente","dvt":"V\u00e1lido","vap":"67","pvap":"   0,48"},{"seq":"26","sqcand":"140001077244","n":"20456","nm":"PROFESSOR BISPO","cc":"PSC","nv":" ","e":"n","st":"Suplente","dvt":"V\u00e1lido","vap":"163","pvap":"   1,18"},{"seq":"34","sqcand":"140001064438","n":"15101","nm":"PROFESSOR REGINALDO","cc":"MDB","nv":" ","e":"n","st":"Suplente","dvt":"V\u00e1lido","vap":"109","pvap":"   0,79"},{"seq":"14","sqcand":"140001064424","n":"15007","nm":"MANDIOCA","cc":"MDB","nv":" ","e":"n","st":"Suplente","dvt":"V\u00e1lido","vap":"365","pvap":"   2,63"},{"seq":"13","sqcand":"140001156190","n":"11611","nm":"NONATINHO","cc":"PP","nv":" ","e":"s","st":"Eleito","dvt":"V\u00e1lido","vap":"258","pvap":"   1,86"},{"seq":"11","sqcand":"140001058221","n":"13456","nm":"ISMAEL DO SAL\u00c3O","cc":"PT","nv":" ","e":"s","st":"Eleito","dvt":"V\u00e1lido","vap":"329","pvap":"   2,37"},{"seq":"21","sqcand":"140001077236","n":"20085","nm":"NELSON DO ONIBUS","cc":"PSC","nv":" ","e":"n","st":"Suplente","dvt":"V\u00e1lido","vap":"208","pvap":"   1,50"},{"seq":"99","sqcand":"140001274451","n":"28014","nm":"MADALENA BEZERRA","cc":"PRTB","nv":" ","e":"n","st":"N\u00e3o eleito","dvt":"V\u00e1lido","vap":"2","pvap":"   0,01"},{"seq":"69","sqcand":"140001156070","n":"23456","nm":"LODINHA","cc":"CIDADANIA","nv":" ","e":"n","st":"N\u00e3o eleito","dvt":"V\u00e1lido","vap":"263","pvap":"   1,90"},{"seq":"16","sqcand":"140001156759","n":"40456","nm":"MACIEL ALBUQUERQUE","cc":"PSB","nv":" ","e":"n","st":"Suplente","dvt":"V\u00e1lido","vap":"315","pvap":"   2,27"},{"seq":"81","sqcand":"140001156060","n":"23123","nm":"VALDINHO","cc":"CIDADANIA","nv":" ","e":"n","st":"N\u00e3o eleito","dvt":"V\u00e1lido","vap":"41","pvap":"   0,30"},{"seq":"65","sqcand":"140001064435","n":"15580","nm":"DEUEL DO POVO","cc":"MDB","nv":" ","e":"n","st":"Suplente","dvt":"V\u00e1lido","vap":"14","pvap":"   0,10"},{"seq":"62","sqcand":"140001058220","n":"13111","nm":"GOI\u00d3","cc":"PT","nv":" ","e":"n","st":"Suplente","dvt":"V\u00e1lido","vap":"24","pvap":"   0,17"},{"seq":"51","sqcand":"140001058230","n":"13070","nm":"DENIR FREITAS","cc":"PT","nv":" ","e":"n","st":"Suplente","dvt":"V\u00e1lido","vap":"42","pvap":"   0,30"},{"seq":"61","sqcand":"140001156197","n":"11233","nm":"ENFERMEIRA TAKAYANE","cc":"PP","nv":" ","e":"n","st":"Suplente","dvt":"V\u00e1lido","vap":"25","pvap":"   0,18"},{"seq":"63","sqcand":"140001058225","n":"13333","nm":"MARIA IVANETE","cc":"PT","nv":" ","e":"n","st":"Suplente","dvt":"V\u00e1lido","vap":"20","pvap":"   0,14"},{"seq":"72","sqcand":"140001156061","n":"23111","nm":"EDINHO BRAND\u00c3O","cc":"CIDADANIA","nv":" ","e":"n","st":"N\u00e3o eleito","dvt":"V\u00e1lido","vap":"113","pvap":"   0,82"},{"seq":"83","sqcand":"140000977790","n":"43170","nm":"VERONICA","cc":"PV","nv":" ","e":"n","st":"N\u00e3o eleito","dvt":"V\u00e1lido","vap":"33","pvap":"   0,24"},{"seq":"8","sqcand":"140001077233","n":"20000","nm":"ROBSON ALVES","cc":"PSC","nv":" ","e":"s","st":"Eleito","dvt":"V\u00e1lido","vap":"421","pvap":"   3,04"},{"seq":"73","sqcand":"140000971328","n":"43140","nm":"MICIANE","cc":"PV","nv":" ","e":"n","st":"N\u00e3o eleito","dvt":"V\u00e1lido","vap":"101","pvap":"   0,73"},{"seq":"66","sqcand":"140001064429","n":"15210","nm":"CHERLEY SANTOS","cc":"MDB","nv":" ","e":"n","st":"Suplente","dvt":"V\u00e1lido","vap":"13","pvap":"   0,09"},{"seq":"31","sqcand":"140001058224","n":"13567","nm":"LUZA BRITO","cc":"PT","nv":" ","e":"n","st":"Suplente","dvt":"V\u00e1lido","vap":"132","pvap":"   0,95"},{"seq":"25","sqcand":"140001077234","n":"20020","nm":"ANTONIO MELO","cc":"PSC","nv":" ","e":"n","st":"Suplente","dvt":"V\u00e1lido","vap":"170","pvap":"   1,23"},{"seq":"94","sqcand":"140001156819","n":"28133","nm":"CELIANE DO NOVENTA E CINCO","cc":"PRTB","nv":" ","e":"n","st":"N\u00e3o eleito","dvt":"V\u00e1lido","vap":"9","pvap":"   0,06"},{"seq":"4","sqcand":"140001064440","n":"15555","nm":"PROFESSOR FABIANO","cc":"MDB","nv":" ","e":"s","st":"Eleito","dvt":"V\u00e1lido","vap":"457","pvap":"   3,30"}]}
