{"ele":"426","tpabr":"mu","cdabr":"05916","carper":"13","t":"1","f":"o","dt":"15/11/2020","ht":"22:53:05","dv":"s","tf":"s","v":"13","esae":"n","mnae":"","s":"88","st":"88","pst":" 100,00","snt":"0","psnt":"   0,00","si":"88","psi":" 100,00","sni":"0","psni":"   0,00","sa":"88","psa":" 100,00","sna":"0","psna":"   0,00","e":"27939","ea":"27939","pea":" 100,00","ena":"0","pena":"   0,00","esi":"27939","pesi":" 100,00","esni":"0","pesni":"   0,00","c":"21606","pc":"  77,33","a":"6333","pa":"  22,67","vscv":"0","vnom":"19405","vl":"1596","pvnom":"  92,40","pvl":"   7,60","vvc":"21001","pvvc":"  97,20","vb":"194","pvb":"   0,90","tvn":"411","ptvn":"   1,90","vn":"411","pvn":" 100,00","vnt":"0","pvnt":"   0,00","vp":"0","pvp":"   0,00","vv":"21001","pvv":" 100,00","van":"0","pvan":"   0,00","vansj":"0","pvansj":"   0,00","tv":"21606","cand":[{"seq":"37","sqcand":"140001118448","n":"33000","nm":"ELIEZIO DA PALMITEIRA","cc":"PMN","nv":" ","e":"n","st":"Suplente","dvt":"V\u00e1lido","vap":"188","pvap":"   0,90"},{"seq":"27","sqcand":"140001008760","n":"55500","nm":"PAULO ROSSI","cc":"PSD","nv":" ","e":"n","st":"Suplente","dvt":"V\u00e1lido","vap":"260","pvap":"   1,24"},{"seq":"6","sqcand":"140001134365","n":"15111","nm":"MARC\u00c3O","cc":"MDB","nv":" ","e":"s","st":"Eleito","dvt":"V\u00e1lido","vap":"518","pvap":"   2,47"},{"seq":"22","sqcand":"140000979454","n":"45678","nm":"ADALTO JATOB\u00c1","cc":"PSDB","nv":" ","e":"n","st":"Suplente","dvt":"V\u00e1lido","vap":"304","pvap":"   1,45"},{"seq":"8","sqcand":"140001001648","n":"22123","nm":"RONALDO CHAP\u00c9U DE COURO","cc":"PL","nv":" ","e":"s","st":"Eleito","dvt":"V\u00e1lido","vap":"451","pvap":"   2,15"},{"seq":"117","sqcand":"140000971108","n":"23456","nm":"EDIVALDO DA SUCAM","cc":"CIDADANIA","nv":" ","e":"n","st":"N\u00e3o eleito","dvt":"V\u00e1lido","vap":"177","pvap":"   0,84"},{"seq":"83","sqcand":"140000995733","n":"51322","nm":"MICHELE","cc":"PATRIOTA","nv":" ","e":"n","st":"Suplente","dvt":"V\u00e1lido","vap":"35","pvap":"   0,17"},{"seq":"110","sqcand":"140001134367","n":"15112","nm":"NILDE F\u00c9LIX","cc":"MDB","nv":" ","e":"n","st":"Suplente","dvt":"V\u00e1lido","vap":"6","pvap":"   0,03"},{"seq":"130","sqcand":"140001081470","n":"40445","nm":"MANOEL NUNES","cc":"PSB","nv":" ","e":"n","st":"N\u00e3o eleito","dvt":"V\u00e1lido","vap":"6","pvap":"   0,03"},{"seq":"48","sqcand":"140001077740","n":"13113","nm":"BIRA MODESTO","cc":"PT","nv":" ","e":"n","st":"Suplente","dvt":"V\u00e1lido","vap":"146","pvap":"   0,70"},{"seq":"77","sqcand":"140001118438","n":"33320","nm":"PROFESSOR ALOISIO","cc":"PMN","nv":" ","e":"n","st":"Suplente","dvt":"V\u00e1lido","vap":"47","pvap":"   0,22"},{"seq":"103","sqcand":"140001097719","n":"14999","nm":"IVAN SANTOS","cc":"PTB","nv":" ","e":"n","st":"Suplente","dvt":"V\u00e1lido","vap":"14","pvap":"   0,07"},{"seq":"86","sqcand":"140001077742","n":"13333","nm":"ELIZANGELA ANTUNES","cc":"PT","nv":" ","e":"n","st":"Suplente","dvt":"V\u00e1lido","vap":"33","pvap":"   0,16"},{"seq":"87","sqcand":"140001118443","n":"33333","nm":"ERIKA SHEILY","cc":"PMN","nv":" ","e":"n","st":"Suplente","dvt":"V\u00e1lido","vap":"31","pvap":"   0,15"},{"seq":"89","sqcand":"140001118444","n":"33111","nm":"CLEOTANIA PEREIRA","cc":"PMN","nv":" ","e":"n","st":"Suplente","dvt":"V\u00e1lido","vap":"28","pvap":"   0,13"},{"seq":"70","sqcand":"140001097708","n":"14258","nm":"REINALDO OLIVEIRA ","cc":"PTB","nv":" ","e":"n","st":"Suplente","dvt":"V\u00e1lido","vap":"51","pvap":"   0,24"},{"seq":"7","sqcand":"140001046812","n":"20222","nm":"PROFESSOR POMPOM","cc":"PSC","nv":" ","e":"s","st":"Eleito","dvt":"V\u00e1lido","vap":"464","pvap":"   2,21"},{"seq":"123","sqcand":"140000976698","n":"11111","nm":"VIVIANI HULLE ","cc":"PP","nv":" ","e":"n","st":"N\u00e3o eleito","dvt":"V\u00e1lido","vap":"32","pvap":"   0,15"},{"seq":"15","sqcand":"140001134363","n":"15678","nm":"MIRIM","cc":"MDB","nv":" ","e":"n","st":"Suplente","dvt":"V\u00e1lido","vap":"491","pvap":"   2,34"},{"seq":"75","sqcand":"140001001647","n":"22223","nm":"IRM\u00c3 ELILDE ","cc":"PL","nv":" ","e":"n","st":"Suplente","dvt":"V\u00e1lido","vap":"48","pvap":"   0,23"},{"seq":"24","sqcand":"140001008770","n":"55123","nm":"A\u00c9CIO MARQUES","cc":"PSD","nv":" ","e":"n","st":"Suplente","dvt":"V\u00e1lido","vap":"300","pvap":"   1,43"},{"seq":"61","sqcand":"140001077743","n":"13007","nm":"ALEXANDRE SOARESPJ","cc":"PT","nv":" ","e":"n","st":"Suplente","dvt":"V\u00e1lido","vap":"81","pvap":"   0,39"},{"seq":"118","sqcand":"140000971110","n":"23000","nm":"ANESIA DO ARATAU","cc":"CIDADANIA","nv":" ","e":"n","st":"N\u00e3o eleito","dvt":"V\u00e1lido","vap":"155","pvap":"   0,74"},{"seq":"78","sqcand":"140001097717","n":"14555","nm":"MAYCON SEMMA","cc":"PTB","nv":" ","e":"n","st":"Suplente","dvt":"V\u00e1lido","vap":"44","pvap":"   0,21"},{"seq":"3","sqcand":"140001077736","n":"13500","nm":"DORIM","cc":"PT","nv":" ","e":"s","st":"Eleito","dvt":"V\u00e1lido","vap":"574","pvap":"   2,73"},{"seq":"52","sqcand":"140000995735","n":"51750","nm":"AGILSON VICINAL 300","cc":"PATRIOTA","nv":" ","e":"n","st":"Suplente","dvt":"V\u00e1lido","vap":"113","pvap":"   0,54"},{"seq":"12","sqcand":"140001097720","n":"14222","nm":"BETO DA SORVETERIA ","cc":"PTB","nv":" ","e":"s","st":"Eleito","dvt":"V\u00e1lido","vap":"309","pvap":"   1,47"},{"seq":"82","sqcand":"140000979451","n":"45338","nm":"SANDRA LIMA 338","cc":"PSDB","nv":" ","e":"n","st":"Suplente","dvt":"V\u00e1lido","vap":"36","pvap":"   0,17"},{"seq":"53","sqcand":"140001118439","n":"33345","nm":"MALTIDES ALVES","cc":"PMN","nv":" ","e":"n","st":"Suplente","dvt":"V\u00e1lido","vap":"112","pvap":"   0,53"},{"seq":"127","sqcand":"140001081468","n":"40333","nm":"ANTONIO SILVA","cc":"PSB","nv":" ","e":"n","st":"N\u00e3o eleito","dvt":"V\u00e1lido","vap":"16","pvap":"   0,08"},{"seq":"19","sqcand":"140001001649","n":"22100","nm":"PASTOR WAGNER MARTINS","cc":"PL","nv":" ","e":"n","st":"Suplente","dvt":"V\u00e1lido","vap":"391","pvap":"   1,86"},{"seq":"116","sqcand":"140000971109","n":"23123","nm":"HERBER MOABIA","cc":"CIDADANIA","nv":" ","e":"n","st":"N\u00e3o eleito","dvt":"V\u00e1lido","vap":"304","pvap":"   1,45"},{"seq":"67","sqcand":"140000979458","n":"45100","nm":"OSMAR TUCANO","cc":"PSDB","nv":" ","e":"n","st":"Suplente","dvt":"V\u00e1lido","vap":"54","pvap":"   0,26"},{"seq":"85","sqcand":"140001077741","n":"13115","nm":"RAIMUND\u00c3O DO RIO BANDEIRA","cc":"PT","nv":" ","e":"n","st":"Suplente","dvt":"V\u00e1lido","vap":"34","pvap":"   0,16"},{"seq":"108","sqcand":"140001097716","n":"14888","nm":"LINDALVA SILVA","cc":"PTB","nv":" ","e":"n","st":"Suplente","dvt":"V\u00e1lido","vap":"7","pvap":"   0,03"},{"seq":"26","sqcand":"140000991014","n":"25255","nm":"IRM\u00c3O SI","cc":"DEM","nv":" ","e":"n","st":"Suplente","dvt":"V\u00e1lido","vap":"267","pvap":"   1,27"},{"seq":"40","sqcand":"140001097710","n":"14000","nm":"CARLINHOS DO CONSELHO TUTELAR","cc":"PTB","nv":" ","e":"n","st":"Suplente","dvt":"V\u00e1lido","vap":"181","pvap":"   0,86"},{"seq":"91","sqcand":"140000995740","n":"51250","nm":"MAZIM P\u00c9 DE POEIRA","cc":"PATRIOTA","nv":" ","e":"n","st":"Suplente","dvt":"V\u00e1lido","vap":"27","pvap":"   0,13"},{"seq":"128","sqcand":"140000971107","n":"23523","nm":"NEGUIM DO P\u00c3O DOCE","cc":"CIDADANIA","nv":" ","e":"n","st":"N\u00e3o eleito","dvt":"V\u00e1lido","vap":"15","pvap":"   0,07"},{"seq":"56","sqcand":"140000979450","n":"45000","nm":"SUZIANE MELO","cc":"PSDB","nv":" ","e":"n","st":"Suplente","dvt":"V\u00e1lido","vap":"92","pvap":"   0,44"},{"seq":"107","sqcand":"140001118437","n":"33357","nm":"KATIANE MADEIRA","cc":"PMN","nv":" ","e":"n","st":"Suplente","dvt":"V\u00e1lido","vap":"8","pvap":"   0,04"},{"seq":"111","sqcand":"140000995736","n":"51050","nm":"IVANEIDE AGUIAR","cc":"PATRIOTA","nv":" ","e":"n","st":"Suplente","dvt":"V\u00e1lido","vap":"6","pvap":"   0,03"},{"seq":"36","sqcand":"140000979455","n":"45320","nm":"GUIOMAR ","cc":"PSDB","nv":" ","e":"n","st":"Suplente","dvt":"V\u00e1lido","vap":"199","pvap":"   0,95"},{"seq":"30","sqcand":"140001046816","n":"20123","nm":"KAL MAX","cc":"PSC","nv":" ","e":"n","st":"Suplente","dvt":"V\u00e1lido","vap":"244","pvap":"   1,16"},{"seq":"35","sqcand":"140000991021","n":"25555","nm":"MAX LUYDYH","cc":"DEM","nv":" ","e":"n","st":"Suplente","dvt":"V\u00e1lido","vap":"201","pvap":"   0,96"},{"seq":"124","sqcand":"140001125321","n":"12123","nm":"HERMES DO PATO GORDO","cc":"PDT","nv":" ","e":"n","st":"N\u00e3o eleito","dvt":"V\u00e1lido","vap":"25","pvap":"   0,12"},{"seq":"95","sqcand":"140001097718","n":"14135","nm":"LUANA SANTOS","cc":"PTB","nv":" ","e":"n","st":"Suplente","dvt":"V\u00e1lido","vap":"23","pvap":"   0,11"},{"seq":"16","sqcand":"140001046811","n":"20000","nm":"MATHEUS SANTOS","cc":"PSC","nv":" ","e":"n","st":"Suplente","dvt":"V\u00e1lido","vap":"457","pvap":"   2,18"},{"seq":"64","sqcand":"140001097711","n":"14123","nm":"ELSON MARQUES","cc":"PTB","nv":" ","e":"n","st":"Suplente","dvt":"V\u00e1lido","vap":"73","pvap":"   0,35"},{"seq":"34","sqcand":"140000991015","n":"25522","nm":"EDINALDO","cc":"DEM","nv":" ","e":"n","st":"Suplente","dvt":"V\u00e1lido","vap":"205","pvap":"   0,98"},{"seq":"73","sqcand":"140000995731","n":"51000","nm":"LARGAT\u00c3O DO BOI","cc":"PATRIOTA","nv":" ","e":"n","st":"Suplente","dvt":"V\u00e1lido","vap":"49","pvap":"   0,23"},{"seq":"88","sqcand":"140001046802","n":"20038","nm":"IRM\u00c3O RONILDO ROCHA","cc":"PSC","nv":" ","e":"n","st":"Suplente","dvt":"V\u00e1lido","vap":"30","pvap":"   0,14"},{"seq":"62","sqcand":"140001001652","n":"22333","nm":"PEDRO NETO","cc":"PL","nv":" ","e":"n","st":"Suplente","dvt":"V\u00e1lido","vap":"78","pvap":"   0,37"},{"seq":"49","sqcand":"140000991016","n":"25100","nm":"NETINHA","cc":"DEM","nv":" ","e":"n","st":"Suplente","dvt":"V\u00e1lido","vap":"134","pvap":"   0,64"},{"seq":"97","sqcand":"140001097721","n":"14765","nm":"IRM\u00c3 MARLENE","cc":"PTB","nv":" ","e":"n","st":"Suplente","dvt":"V\u00e1lido","vap":"22","pvap":"   0,10"},{"seq":"101","sqcand":"140001077738","n":"13200","nm":"NEG\u00c3O DO FERRO VELHO","cc":"PT","nv":" ","e":"n","st":"Suplente","dvt":"V\u00e1lido","vap":"16","pvap":"   0,08"},{"seq":"84","sqcand":"140001046805","n":"20120","nm":"CICERO DO LADARIO","cc":"PSC","nv":" ","e":"n","st":"Suplente","dvt":"V\u00e1lido","vap":"34","pvap":"   0,16"},{"seq":"31","sqcand":"140001134366","n":"15222","nm":"BOROCA PRETA","cc":"MDB","nv":" ","e":"n","st":"Suplente","dvt":"V\u00e1lido","vap":"225","pvap":"   1,07"},{"seq":"125","sqcand":"140001081466","n":"40555","nm":"SUELY JESUS","cc":"PSB","nv":" ","e":"n","st":"N\u00e3o eleito","dvt":"V\u00e1lido","vap":"21","pvap":"   0,10"},{"seq":"39","sqcand":"140000995730","n":"51151","nm":"JEREMIAS DA PC","cc":"PATRIOTA","nv":" ","e":"n","st":"Suplente","dvt":"V\u00e1lido","vap":"184","pvap":"   0,88"},{"seq":"105","sqcand":"140001097712","n":"14325","nm":"WELISOM RAMOS","cc":"PTB","nv":" ","e":"n","st":"Suplente","dvt":"V\u00e1lido","vap":"11","pvap":"   0,05"},{"seq":"38","sqcand":"140000995728","n":"51555","nm":"PAULO PACAJ\u00c1","cc":"PATRIOTA","nv":" ","e":"n","st":"Suplente","dvt":"V\u00e1lido","vap":"187","pvap":"   0,89"},{"seq":"114","sqcand":"140001008761","n":"55120","nm":"MARIA CELIANE","cc":"PSD","nv":" ","e":"n","st":"Suplente","dvt":"V\u00e1lido","vap":"5","pvap":"   0,02"},{"seq":"57","sqcand":"140000995737","n":"51122","nm":"GILMAR","cc":"PATRIOTA","nv":" ","e":"n","st":"Suplente","dvt":"V\u00e1lido","vap":"91","pvap":"   0,43"},{"seq":"45","sqcand":"140000991017","n":"25000","nm":"NILSON DA GRAMANHA","cc":"DEM","nv":" ","e":"n","st":"Suplente","dvt":"V\u00e1lido","vap":"151","pvap":"   0,72"},{"seq":"55","sqcand":"140000979459","n":"45133","nm":"IRM\u00c3O POT\u00d3","cc":"PSDB","nv":" ","e":"n","st":"Suplente","dvt":"V\u00e1lido","vap":"101","pvap":"   0,48"},{"seq":"29","sqcand":"140001046810","n":"20613","nm":"ALACID TABULEIRO","cc":"PSC","nv":" ","e":"n","st":"Suplente","dvt":"V\u00e1lido","vap":"246","pvap":"   1,17"},{"seq":"18","sqcand":"140001008767","n":"55111","nm":"ELIAS BRITO","cc":"PSD","nv":" ","e":"n","st":"Suplente","dvt":"V\u00e1lido","vap":"406","pvap":"   1,93"},{"seq":"32","sqcand":"140001001646","n":"22345","nm":"CLEITON PEREIRA","cc":"PL","nv":" ","e":"n","st":"Suplente","dvt":"V\u00e1lido","vap":"214","pvap":"   1,02"},{"seq":"2","sqcand":"140000991020","n":"25123","nm":"CLEBES AGUIAR","cc":"DEM","nv":" ","e":"s","st":"Eleito","dvt":"V\u00e1lido","vap":"598","pvap":"   2,85"},{"seq":"1","sqcand":"140001046807","n":"20325","nm":"HAYMAR DO BOM JARDIM","cc":"PSC","nv":" ","e":"s","st":"Eleito","dvt":"V\u00e1lido","vap":"631","pvap":"   3,00"},{"seq":"50","sqcand":"140001046815","n":"20338","nm":"MAGNO PORTO","cc":"PSC","nv":" ","e":"n","st":"Suplente","dvt":"V\u00e1lido","vap":"132","pvap":"   0,63"},{"seq":"115","sqcand":"140001134368","n":"15400","nm":"ELIS REGINA","cc":"MDB","nv":" ","e":"n","st":"Suplente","dvt":"V\u00e1lido","vap":"2","pvap":"   0,01"},{"seq":"11","sqcand":"140001118440","n":"33444","nm":"EDEZIO MOREIRA","cc":"PMN","nv":" ","e":"s","st":"Eleito","dvt":"V\u00e1lido","vap":"414","pvap":"   1,97"},{"seq":"112","sqcand":"140001008764","n":"55122","nm":"DANIELA","cc":"PSD","nv":" ","e":"n","st":"Suplente","dvt":"V\u00e1lido","vap":"6","pvap":"   0,03"},{"seq":"51","sqcand":"140001118446","n":"33668","nm":"IRM\u00c3O RUBENS","cc":"PMN","nv":" ","e":"n","st":"Suplente","dvt":"V\u00e1lido","vap":"128","pvap":"   0,61"},{"seq":"94","sqcand":"140000991024","n":"25777","nm":"NEGA RUTH FILHA DO TINZ\u00c3O","cc":"DEM","nv":" ","e":"n","st":"Suplente","dvt":"V\u00e1lido","vap":"23","pvap":"   0,11"},{"seq":"5","sqcand":"140000979452","n":"45444","nm":"CLEONEI ESP. DO MIGUEL NORONHA","cc":"PSDB","nv":" ","e":"s","st":"Eleito","dvt":"V\u00e1lido","vap":"556","pvap":"   2,65"},{"seq":"44","sqcand":"140000979456","n":"45670","nm":"TOTONHO","cc":"PSDB","nv":" ","e":"n","st":"Suplente","dvt":"V\u00e1lido","vap":"168","pvap":"   0,80"},{"seq":"43","sqcand":"140000995732","n":"51111","nm":"DENILSON JUSTINO","cc":"PATRIOTA","nv":" ","e":"n","st":"Suplente","dvt":"V\u00e1lido","vap":"177","pvap":"   0,84"},{"seq":"79","sqcand":"140000979457","n":"45177","nm":"SARDINHA","cc":"PSDB","nv":" ","e":"n","st":"Suplente","dvt":"V\u00e1lido","vap":"43","pvap":"   0,20"},{"seq":"102","sqcand":"140000991019","n":"25300","nm":"LENE ALVES","cc":"DEM","nv":" ","e":"n","st":"Suplente","dvt":"V\u00e1lido","vap":"15","pvap":"   0,07"},{"seq":"71","sqcand":"140000995729","n":"51333","nm":"SINEZIO ON\u00c7A BRANCA","cc":"PATRIOTA","nv":" ","e":"n","st":"Suplente","dvt":"V\u00e1lido","vap":"50","pvap":"   0,24"},{"seq":"69","sqcand":"140001046817","n":"20220","nm":"GENILDE LIMA","cc":"PSC","nv":" ","e":"n","st":"Suplente","dvt":"V\u00e1lido","vap":"52","pvap":"   0,25"},{"seq":"17","sqcand":"140001077737","n":"13100","nm":"DEVALDO","cc":"PT","nv":" ","e":"n","st":"Suplente","dvt":"V\u00e1lido","vap":"444","pvap":"   2,11"},{"seq":"121","sqcand":"140000976701","n":"11234","nm":"ORLANDO NASCIMENTO","cc":"PP","nv":" ","e":"n","st":"N\u00e3o eleito","dvt":"V\u00e1lido","vap":"61","pvap":"   0,29"},{"seq":"132","sqcand":"140001125319","n":"12125","nm":"JOSIAS MOREIRA","cc":"PDT","nv":" ","e":"n","st":"N\u00e3o eleito","dvt":"V\u00e1lido","vap":"0","pvap":"00.00"},{"seq":"92","sqcand":"140001046814","n":"20225","nm":"ELIVALDO","cc":"PSC","nv":" ","e":"n","st":"Suplente","dvt":"V\u00e1lido","vap":"27","pvap":"   0,13"},{"seq":"42","sqcand":"140001134362","n":"15300","nm":"CLEONE TEIXEIRA","cc":"MDB","nv":" ","e":"n","st":"Suplente","dvt":"V\u00e1lido","vap":"178","pvap":"   0,85"},{"seq":"41","sqcand":"140001097713","n":"14333","nm":"SABINO PA RIO BANDEIRA","cc":"PTB","nv":" ","e":"n","st":"Suplente","dvt":"V\u00e1lido","vap":"179","pvap":"   0,85"},{"seq":"109","sqcand":"140000991013","n":"25200","nm":"DIRLEY","cc":"DEM","nv":" ","e":"n","st":"Suplente","dvt":"V\u00e1lido","vap":"6","pvap":"   0,03"},{"seq":"47","sqcand":"140001046804","n":"20777","nm":"PASTOR EUGENIO","cc":"PSC","nv":" ","e":"n","st":"Suplente","dvt":"V\u00e1lido","vap":"147","pvap":"   0,70"},{"seq":"93","sqcand":"140001097715","n":"14444","nm":"ARAO COSTA","cc":"PTB","nv":" ","e":"n","st":"Suplente","dvt":"V\u00e1lido","vap":"26","pvap":"   0,12"},{"seq":"25","sqcand":"140001134364","n":"15338","nm":"PROFESSOR MARCELO","cc":"MDB","nv":" ","e":"n","st":"Suplente","dvt":"V\u00e1lido","vap":"270","pvap":"   1,29"},{"seq":"14","sqcand":"140001134370","n":"15115","nm":"SOM DO ALAGOANO","cc":"MDB","nv":" ","e":"n","st":"Suplente","dvt":"V\u00e1lido","vap":"518","pvap":"   2,47"},{"seq":"66","sqcand":"140001046808","n":"20111","nm":"IRM\u00c3 MIRIAM","cc":"PSC","nv":" ","e":"n","st":"Suplente","dvt":"V\u00e1lido","vap":"60","pvap":"   0,29"},{"seq":"120","sqcand":"140000971106","n":"23555","nm":"MARCELO NOGUEIRA","cc":"CIDADANIA","nv":" ","e":"n","st":"N\u00e3o eleito","dvt":"V\u00e1lido","vap":"64","pvap":"   0,30"},{"seq":"23","sqcand":"140001077744","n":"13123","nm":"CARLETE ALBUQUERQUE","cc":"PT","nv":" ","e":"n","st":"Suplente","dvt":"V\u00e1lido","vap":"301","pvap":"   1,43"},{"seq":"46","sqcand":"140000979448","n":"45555","nm":"SILVANA FARIAS","cc":"PSDB","nv":" ","e":"n","st":"Suplente","dvt":"V\u00e1lido","vap":"149","pvap":"   0,71"},{"seq":"99","sqcand":"140001001643","n":"22222","nm":"MARIA RITA","cc":"PL","nv":" ","e":"n","st":"Suplente","dvt":"V\u00e1lido","vap":"19","pvap":"   0,09"},{"seq":"113","sqcand":"140001118447","n":"33777","nm":"XAND\u00c3O","cc":"PMN","nv":" ","e":"n","st":"Suplente","dvt":"V\u00e1lido","vap":"5","pvap":"   0,02"},{"seq":"119","sqcand":"140000971104","n":"23230","nm":"JOCIEL DA VAN","cc":"CIDADANIA","nv":" ","e":"n","st":"N\u00e3o eleito","dvt":"V\u00e1lido","vap":"105","pvap":"   0,50"},{"seq":"4","sqcand":"140001134371","n":"15100","nm":"LEANDRO CARNEIRO","cc":"MDB","nv":" ","e":"s","st":"Eleito","dvt":"V\u00e1lido","vap":"566","pvap":"   2,70"},{"seq":"122","sqcand":"140001081471","n":"40123","nm":"DEUSVALDO RODRIGUES","cc":"PSB","nv":" ","e":"n","st":"N\u00e3o eleito","dvt":"V\u00e1lido","vap":"41","pvap":"   0,20"},{"seq":"10","sqcand":"140001008768","n":"55222","nm":"TIM DO Z\u00c9 PRETO","cc":"PSD","nv":" ","e":"s","st":"Eleito","dvt":"V\u00e1lido","vap":"430","pvap":"   2,05"},{"seq":"129","sqcand":"140001081467","n":"40140","nm":"POLEMICO","cc":"PSB","nv":" ","e":"n","st":"N\u00e3o eleito","dvt":"V\u00e1lido","vap":"13","pvap":"   0,06"},{"seq":"20","sqcand":"140001001644","n":"22325","nm":"EDSON DA FARM\u00c1CIA","cc":"PL","nv":" ","e":"n","st":"Suplente","dvt":"V\u00e1lido","vap":"363","pvap":"   1,73"},{"seq":"65","sqcand":"140001001650","n":"22000","nm":"CLAUDENE MARTINS","cc":"PL","nv":" ","e":"n","st":"Suplente","dvt":"V\u00e1lido","vap":"70","pvap":"   0,33"},{"seq":"63","sqcand":"140001046806","n":"20180","nm":"ILMA DUARTE","cc":"PSC","nv":" ","e":"n","st":"Suplente","dvt":"V\u00e1lido","vap":"77","pvap":"   0,37"},{"seq":"106","sqcand":"140001008766","n":"55118","nm":"M\u00d4NICA CARVALHO","cc":"PSD","nv":" ","e":"n","st":"Suplente","dvt":"V\u00e1lido","vap":"11","pvap":"   0,05"},{"seq":"126","sqcand":"140000976700","n":"11123","nm":"GORDIM ","cc":"PP","nv":" ","e":"n","st":"N\u00e3o eleito","dvt":"V\u00e1lido","vap":"18","pvap":"   0,09"},{"seq":"80","sqcand":"140001001651","n":"22122","nm":"REIS CABRAL","cc":"PL","nv":" ","e":"n","st":"Suplente","dvt":"V\u00e1lido","vap":"41","pvap":"   0,20"},{"seq":"74","sqcand":"140000991018","n":"25400","nm":"CLEBSON DA ZUMBA","cc":"DEM","nv":" ","e":"n","st":"Suplente","dvt":"V\u00e1lido","vap":"49","pvap":"   0,23"},{"seq":"90","sqcand":"140001077739","n":"13111","nm":"SELMA SENA","cc":"PT","nv":" ","e":"n","st":"Suplente","dvt":"V\u00e1lido","vap":"28","pvap":"   0,13"},{"seq":"68","sqcand":"140001118442","n":"33123","nm":"EDUARDA QUEIROZ","cc":"PMN","nv":" ","e":"n","st":"Suplente","dvt":"V\u00e1lido","vap":"54","pvap":"   0,26"},{"seq":"54","sqcand":"140001097714","n":"14111","nm":"ARIANE FILHA DA ENF ZENAIDE","cc":"PTB","nv":" ","e":"n","st":"Suplente","dvt":"V\u00e1lido","vap":"102","pvap":"   0,49"},{"seq":"21","sqcand":"140000979453","n":"45345","nm":"MARCELA MARES","cc":"PSDB","nv":" ","e":"n","st":"Suplente","dvt":"V\u00e1lido","vap":"330","pvap":"   1,57"},{"seq":"60","sqcand":"140001118441","n":"33338","nm":"JOILSON DO JABUTI","cc":"PMN","nv":" ","e":"n","st":"Suplente","dvt":"V\u00e1lido","vap":"82","pvap":"   0,39"},{"seq":"100","sqcand":"140000995734","n":"51321","nm":"ADRIANA CHAGAS","cc":"PATRIOTA","nv":" ","e":"n","st":"Suplente","dvt":"V\u00e1lido","vap":"18","pvap":"   0,09"},{"seq":"81","sqcand":"140000991023","n":"25500","nm":"RONALDO SOUTO","cc":"DEM","nv":" ","e":"n","st":"Suplente","dvt":"V\u00e1lido","vap":"38","pvap":"   0,18"},{"seq":"28","sqcand":"140001008762","n":"55444","nm":"LIT\u00c3O","cc":"PSD","nv":" ","e":"n","st":"Suplente","dvt":"V\u00e1lido","vap":"248","pvap":"   1,18"},{"seq":"9","sqcand":"140000991022","n":"25111","nm":"J\u00daNIOR NASCIMENTO","cc":"DEM","nv":" ","e":"s","st":"Eleito","dvt":"V\u00e1lido","vap":"441","pvap":"   2,10"},{"seq":"59","sqcand":"140001118445","n":"33222","nm":"RAIMUNDO BATATA","cc":"PMN","nv":" ","e":"n","st":"Suplente","dvt":"V\u00e1lido","vap":"82","pvap":"   0,39"},{"seq":"33","sqcand":"140001008769","n":"55055","nm":"MARCO ANTONIO DO POV\u00c3O","cc":"PSD","nv":" ","e":"n","st":"Suplente","dvt":"V\u00e1lido","vap":"209","pvap":"   1,00"},{"seq":"58","sqcand":"140001008763","n":"55100","nm":"JORGE BEL\u00c9M","cc":"PSD","nv":" ","e":"n","st":"Suplente","dvt":"V\u00e1lido","vap":"82","pvap":"   0,39"},{"seq":"96","sqcand":"140001046801","n":"20177","nm":"MARA RETR\u00c3O","cc":"PSC","nv":" ","e":"n","st":"Suplente","dvt":"V\u00e1lido","vap":"22","pvap":"   0,10"},{"seq":"104","sqcand":"140000995738","n":"51051","nm":"NEIDY","cc":"PATRIOTA","nv":" ","e":"n","st":"Suplente","dvt":"V\u00e1lido","vap":"11","pvap":"   0,05"},{"seq":"98","sqcand":"140000979447","n":"45222","nm":"LUIS BAIRRO JB","cc":"PSDB","nv":" ","e":"n","st":"Suplente","dvt":"V\u00e1lido","vap":"21","pvap":"   0,10"},{"seq":"13","sqcand":"140000995739","n":"51444","nm":"NETO DA PATROL","cc":"PATRIOTA","nv":" ","e":"s","st":"Eleito","dvt":"V\u00e1lido","vap":"219","pvap":"   1,04"},{"seq":"76","sqcand":"140001046803","n":"20130","nm":"VITOR DENTISTA","cc":"PSC","nv":" ","e":"n","st":"Suplente","dvt":"V\u00e1lido","vap":"47","pvap":"   0,22"},{"seq":"131","sqcand":"140001081469","n":"40120","nm":"ALDERLEIA DA PAZ","cc":"PSB","nv":" ","e":"n","st":"N\u00e3o eleito","dvt":"V\u00e1lido","vap":"1","pvap":"   0,00"},{"seq":"133","sqcand":"140001125320","n":"12124","nm":"JANE PRATES","cc":"PDT","nv":" ","e":"n","st":"N\u00e3o eleito","dvt":"V\u00e1lido","vap":"0","pvap":"00.00"},{"seq":"72","sqcand":"140001001645","n":"22580","nm":"JIL\u00c3O","cc":"PL","nv":" ","e":"n","st":"Suplente","dvt":"V\u00e1lido","vap":"49","pvap":"   0,23"}]}
