{"ele":"426","tpabr":"mu","cdabr":"05932","carper":"13","t":"1","f":"o","dt":"15/11/2020","ht":"22:50:40","dv":"s","tf":"s","v":"9","esae":"n","mnae":"","s":"24","st":"24","pst":" 100,00","snt":"0","psnt":"   0,00","si":"24","psi":" 100,00","sni":"0","psni":"   0,00","sa":"24","psa":" 100,00","sna":"0","psna":"   0,00","e":"5958","ea":"5958","pea":" 100,00","ena":"0","pena":"   0,00","esi":"5958","pesi":" 100,00","esni":"0","pesni":"   0,00","c":"5363","pc":"  90,01","a":"595","pa":"   9,99","vscv":"0","vnom":"5019","vl":"244","pvnom":"  95,36","pvl":"   4,64","vvc":"5263","pvvc":"  98,14","vb":"17","pvb":"   0,31","tvn":"83","ptvn":"   1,55","vn":"83","pvn":" 100,00","vnt":"0","pvnt":"   0,00","vp":"0","pvp":"   0,00","vv":"5263","pvv":" 100,00","van":"0","pvan":"   0,00","vansj":"0","pvansj":"   0,00","tv":"5363","cand":[{"seq":"25","sqcand":"140001219022","n":"15678","nm":"PROFESSORA EDNEN","cc":"MDB","nv":" ","e":"n","st":"Suplente","dvt":"V\u00e1lido","vap":"51","pvap":"   0,97"},{"seq":"27","sqcand":"140000826410","n":"55123","nm":"ENFERMEIRA MICHELLY","cc":"PSD","nv":" ","e":"n","st":"Suplente","dvt":"V\u00e1lido","vap":"41","pvap":"   0,78"},{"seq":"21","sqcand":"140001274469","n":"15000","nm":"Z\u00c9 PEREIRA","cc":"MDB","nv":" ","e":"n","st":"Suplente","dvt":"V\u00e1lido","vap":"71","pvap":"   1,35"},{"seq":"2","sqcand":"140000826413","n":"55555","nm":"ZECA","cc":"PSD","nv":" ","e":"s","st":"Eleito","dvt":"V\u00e1lido","vap":"388","pvap":"   7,37"},{"seq":"38","sqcand":"140000826418","n":"55111","nm":"TATY","cc":"PSD","nv":" ","e":"n","st":"Suplente","dvt":"V\u00e1lido","vap":"11","pvap":"   0,21"},{"seq":"34","sqcand":"140000826417","n":"55612","nm":"LUIZ CL\u00c1UDIO DA SKY","cc":"PSD","nv":" ","e":"n","st":"Suplente","dvt":"V\u00e1lido","vap":"27","pvap":"   0,51"},{"seq":"14","sqcand":"140000850948","n":"12444","nm":"ELPIDIO","cc":"PDT","nv":" ","e":"n","st":"Suplente","dvt":"V\u00e1lido","vap":"147","pvap":"   2,79"},{"seq":"15","sqcand":"140001219021","n":"15100","nm":"JOELSON","cc":"MDB","nv":" ","e":"n","st":"Suplente","dvt":"V\u00e1lido","vap":"142","pvap":"   2,70"},{"seq":"45","sqcand":"140001227855","n":"22221","nm":"ENI DO PL","cc":"PL","nv":" ","e":"n","st":"N\u00e3o eleito","dvt":"V\u00e1lido","vap":"42","pvap":"   0,80"},{"seq":"32","sqcand":"140000850949","n":"12124","nm":"VANDERLEI DO DIDI","cc":"PDT","nv":" ","e":"n","st":"Suplente","dvt":"V\u00e1lido","vap":"33","pvap":"   0,63"},{"seq":"35","sqcand":"140000850946","n":"12123","nm":"FLOR","cc":"PDT","nv":" ","e":"n","st":"Suplente","dvt":"V\u00e1lido","vap":"21","pvap":"   0,40"},{"seq":"31","sqcand":"140000826416","n":"55333","nm":"LAURA","cc":"PSD","nv":" ","e":"n","st":"Suplente","dvt":"V\u00e1lido","vap":"34","pvap":"   0,65"},{"seq":"9","sqcand":"140001219018","n":"15123","nm":"MAIRA SURUI","cc":"MDB","nv":" ","e":"s","st":"Eleito","dvt":"V\u00e1lido","vap":"155","pvap":"   2,95"},{"seq":"8","sqcand":"140001219019","n":"15222","nm":"GEDIELSON LINO","cc":"MDB","nv":" ","e":"s","st":"Eleito","dvt":"V\u00e1lido","vap":"159","pvap":"   3,02"},{"seq":"1","sqcand":"140000850956","n":"12222","nm":"Z\u00c9 CARLOS","cc":"PDT","nv":" ","e":"s","st":"Eleito","dvt":"V\u00e1lido","vap":"393","pvap":"   7,47"},{"seq":"6","sqcand":"140001219017","n":"15555","nm":"CLAUDECI DO ASSENTAMENTO","cc":"MDB","nv":" ","e":"s","st":"Eleito","dvt":"V\u00e1lido","vap":"225","pvap":"   4,28"},{"seq":"12","sqcand":"140000826011","n":"45555","nm":"VANIA","cc":"PSDB","nv":" ","e":"n","st":"Suplente","dvt":"V\u00e1lido","vap":"166","pvap":"   3,15"},{"seq":"33","sqcand":"140000826411","n":"55789","nm":"MICAELE","cc":"PSD","nv":" ","e":"n","st":"Suplente","dvt":"V\u00e1lido","vap":"30","pvap":"   0,57"},{"seq":"49","sqcand":"140001222463","n":"14444","nm":"ROXA","cc":"PTB","nv":" ","e":"n","st":"N\u00e3o eleito","dvt":"V\u00e1lido","vap":"14","pvap":"   0,27"},{"seq":"39","sqcand":"140000850953","n":"12111","nm":"MARCIA LIMA","cc":"PDT","nv":" ","e":"n","st":"Suplente","dvt":"V\u00e1lido","vap":"10","pvap":"   0,19"},{"seq":"11","sqcand":"140000850954","n":"12333","nm":"ARLINDO","cc":"PDT","nv":" ","e":"n","st":"Suplente","dvt":"V\u00e1lido","vap":"187","pvap":"   3,55"},{"seq":"22","sqcand":"140000826412","n":"55222","nm":"MAURYCIO RAYRON","cc":"PSD","nv":" ","e":"n","st":"Suplente","dvt":"V\u00e1lido","vap":"70","pvap":"   1,33"},{"seq":"52","sqcand":"140001227861","n":"22345","nm":"PROFESSORA ELIAB","cc":"PL","nv":" ","e":"n","st":"N\u00e3o eleito","dvt":"V\u00e1lido","vap":"9","pvap":"   0,17"},{"seq":"44","sqcand":"140001227856","n":"22222","nm":"VALTER MOTORISTA","cc":"PL","nv":" ","e":"n","st":"N\u00e3o eleito","dvt":"V\u00e1lido","vap":"48","pvap":"   0,91"},{"seq":"36","sqcand":"140001219025","n":"15333","nm":"ANTONIO CARLOS","cc":"MDB","nv":" ","e":"n","st":"Suplente","dvt":"V\u00e1lido","vap":"21","pvap":"   0,40"},{"seq":"19","sqcand":"140000826415","n":"55444","nm":"TONIM","cc":"PSD","nv":" ","e":"n","st":"Suplente","dvt":"V\u00e1lido","vap":"72","pvap":"   1,37"},{"seq":"7","sqcand":"140000826419","n":"55000","nm":"VALDIZ\u00c3O DA PESCA","cc":"PSD","nv":" ","e":"s","st":"Eleito","dvt":"V\u00e1lido","vap":"224","pvap":"   4,26"},{"seq":"4","sqcand":"140000850957","n":"12200","nm":"PEDRO DO SOM","cc":"PDT","nv":" ","e":"s","st":"Eleito","dvt":"V\u00e1lido","vap":"255","pvap":"   4,85"},{"seq":"13","sqcand":"140001219023","n":"15554","nm":"CIONE DO VICENTE","cc":"MDB","nv":" ","e":"n","st":"Suplente","dvt":"V\u00e1lido","vap":"148","pvap":"   2,81"},{"seq":"17","sqcand":"140001219016","n":"15200","nm":"DARLENE","cc":"MDB","nv":" ","e":"n","st":"Suplente","dvt":"V\u00e1lido","vap":"95","pvap":"   1,81"},{"seq":"50","sqcand":"140001227860","n":"22235","nm":"TATIANE GUIMARAES","cc":"PL","nv":" ","e":"n","st":"N\u00e3o eleito","dvt":"V\u00e1lido","vap":"13","pvap":"   0,25"},{"seq":"40","sqcand":"140001227858","n":"22300","nm":"CARLAO","cc":"PL","nv":" ","e":"n","st":"N\u00e3o eleito","dvt":"V\u00e1lido","vap":"118","pvap":"   2,24"},{"seq":"10","sqcand":"140000850950","n":"12345","nm":"TET\u00c9","cc":"PDT","nv":" ","e":"n","st":"Suplente","dvt":"V\u00e1lido","vap":"236","pvap":"   4,48"},{"seq":"48","sqcand":"140001222464","n":"14000","nm":"IRM\u00c3 ELIETE","cc":"PTB","nv":" ","e":"n","st":"N\u00e3o eleito","dvt":"V\u00e1lido","vap":"16","pvap":"   0,30"},{"seq":"20","sqcand":"140001219015","n":"15500","nm":"NEI","cc":"MDB","nv":" ","e":"n","st":"Suplente","dvt":"V\u00e1lido","vap":"72","pvap":"   1,37"},{"seq":"51","sqcand":"140001274456","n":"22000","nm":"JEIZISLENE DOS SANTOS BRITO","cc":"PL","nv":" ","e":"n","st":"N\u00e3o eleito","dvt":"V\u00e1lido","vap":"10","pvap":"   0,19"},{"seq":"41","sqcand":"140001227862","n":"22123","nm":"TIAGO LIMA","cc":"PL","nv":" ","e":"n","st":"N\u00e3o eleito","dvt":"V\u00e1lido","vap":"77","pvap":"   1,46"},{"seq":"24","sqcand":"140000850955","n":"12100","nm":"MONICA","cc":"PDT","nv":" ","e":"n","st":"Suplente","dvt":"V\u00e1lido","vap":"59","pvap":"   1,12"},{"seq":"30","sqcand":"140000850951","n":"12000","nm":"MILTON DA N\u00caGA","cc":"PDT","nv":" ","e":"n","st":"Suplente","dvt":"V\u00e1lido","vap":"35","pvap":"   0,67"},{"seq":"3","sqcand":"140000826010","n":"45000","nm":"LEL\u00c9 DA CELPA","cc":"PSDB","nv":" ","e":"s","st":"Eleito","dvt":"V\u00e1lido","vap":"267","pvap":"   5,07"},{"seq":"42","sqcand":"140001227859","n":"22800","nm":"ALEXANDRE RODRIGUES","cc":"PL","nv":" ","e":"n","st":"N\u00e3o eleito","dvt":"V\u00e1lido","vap":"63","pvap":"   1,20"},{"seq":"29","sqcand":"140000850952","n":"12555","nm":"ANA CILEIDE","cc":"PDT","nv":" ","e":"n","st":"Suplente","dvt":"V\u00e1lido","vap":"36","pvap":"   0,68"},{"seq":"28","sqcand":"140000826414","n":"55600","nm":"NETO MANGANG\u00c1","cc":"PSD","nv":" ","e":"n","st":"Suplente","dvt":"V\u00e1lido","vap":"36","pvap":"   0,68"},{"seq":"23","sqcand":"140001219020","n":"15234","nm":"JOEL FILHO","cc":"MDB","nv":" ","e":"n","st":"Suplente","dvt":"V\u00e1lido","vap":"59","pvap":"   1,12"},{"seq":"16","sqcand":"140000826013","n":"45120","nm":"DYEGO DA REVEMAR","cc":"PSDB","nv":" ","e":"n","st":"Suplente","dvt":"V\u00e1lido","vap":"137","pvap":"   2,60"},{"seq":"43","sqcand":"140001222462","n":"14777","nm":"SETE DO IVAN","cc":"PTB","nv":" ","e":"n","st":"N\u00e3o eleito","dvt":"V\u00e1lido","vap":"60","pvap":"   1,14"},{"seq":"18","sqcand":"140001219013","n":"15456","nm":"NUBIA","cc":"MDB","nv":" ","e":"n","st":"Suplente","dvt":"V\u00e1lido","vap":"87","pvap":"   1,65"},{"seq":"37","sqcand":"140001219014","n":"15345","nm":"PROFESSORA SONIA","cc":"MDB","nv":" ","e":"n","st":"Suplente","dvt":"V\u00e1lido","vap":"18","pvap":"   0,34"},{"seq":"5","sqcand":"140000850947","n":"12112","nm":"COUTINHO","cc":"PDT","nv":" ","e":"s","st":"Eleito","dvt":"V\u00e1lido","vap":"236","pvap":"   4,48"},{"seq":"46","sqcand":"140001221894","n":"20123","nm":"MARIA CLEIDE","cc":"PSC","nv":" ","e":"n","st":"N\u00e3o eleito","dvt":"V\u00e1lido","vap":"30","pvap":"   0,57"},{"seq":"47","sqcand":"140001221893","n":"20000","nm":"VALDEMI SILVA","cc":"PSC","nv":" ","e":"n","st":"N\u00e3o eleito","dvt":"V\u00e1lido","vap":"20","pvap":"   0,38"},{"seq":"26","sqcand":"140000826012","n":"45123","nm":"VAL\u00c9RIA","cc":"PSDB","nv":" ","e":"n","st":"Suplente","dvt":"V\u00e1lido","vap":"45","pvap":"   0,86"}]}
