{"ele":"426","tpabr":"mu","cdabr":"05991","carper":"13","t":"1","f":"o","dt":"15/11/2020","ht":"22:59:38","dv":"s","tf":"s","v":"11","esae":"n","mnae":"","s":"47","st":"47","pst":" 100,00","snt":"0","psnt":"   0,00","si":"47","psi":" 100,00","sni":"0","psni":"   0,00","sa":"47","psa":" 100,00","sna":"0","psna":"   0,00","e":"12664","ea":"12664","pea":" 100,00","ena":"0","pena":"   0,00","esi":"12664","pesi":" 100,00","esni":"0","pesni":"   0,00","c":"10560","pc":"  83,39","a":"2104","pa":"  16,61","vscv":"0","vnom":"9516","vl":"615","pvnom":"  93,93","pvl":"   6,07","vvc":"10131","pvvc":"  95,94","vb":"74","pvb":"   0,70","tvn":"355","ptvn":"   3,36","vn":"355","pvn":" 100,00","vnt":"0","pvnt":"   0,00","vp":"0","pvp":"   0,00","vv":"10131","pvv":" 100,00","van":"0","pvan":"   0,00","vansj":"0","pvansj":"   0,00","tv":"10560","cand":[{"seq":"92","sqcand":"140001272179","n":"14126","nm":"CLEONICE VITALINO","cc":"PTB","nv":" ","e":"n","st":"N\u00e3o eleito","dvt":"V\u00e1lido","vap":"0","pvap":"00.00"},{"seq":"44","sqcand":"140000693152","n":"20222","nm":"NEUSA DA INAJA","cc":"PSC","nv":" ","e":"n","st":"Suplente","dvt":"V\u00e1lido","vap":"65","pvap":"   0,64"},{"seq":"71","sqcand":"140001124598","n":"45007","nm":"RUBERVAL MEDRADO","cc":"PSDB","nv":" ","e":"n","st":"N\u00e3o eleito","dvt":"V\u00e1lido","vap":"65","pvap":"   0,64"},{"seq":"78","sqcand":"140001266122","n":"40777","nm":"DR KALLIL","cc":"PSB","nv":" ","e":"n","st":"N\u00e3o eleito","dvt":"V\u00e1lido","vap":"32","pvap":"   0,32"},{"seq":"73","sqcand":"140001245623","n":"14100","nm":"ALDO ELETRICISTA","cc":"PTB","nv":" ","e":"n","st":"N\u00e3o eleito","dvt":"V\u00e1lido","vap":"61","pvap":"   0,60"},{"seq":"3","sqcand":"140000683721","n":"15345","nm":"BIM","cc":"MDB","nv":" ","e":"s","st":"Eleito","dvt":"V\u00e1lido","vap":"299","pvap":"   2,95"},{"seq":"76","sqcand":"140001096359","n":"13013","nm":"ALINE CUNHA","cc":"PT","nv":" ","e":"n","st":"N\u00e3o eleito","dvt":"V\u00e1lido","vap":"49","pvap":"   0,48"},{"seq":"52","sqcand":"140000684384","n":"17890","nm":"MAGALHAES POLICIAL","cc":"PSL","nv":" ","e":"n","st":"Suplente","dvt":"V\u00e1lido","vap":"42","pvap":"   0,41"},{"seq":"38","sqcand":"140000684394","n":"17333","nm":"ZICO DA SERRA AZUL","cc":"PSL","nv":" ","e":"n","st":"Suplente","dvt":"V\u00e1lido","vap":"97","pvap":"   0,96"},{"seq":"26","sqcand":"140001117690","n":"55123","nm":"DANILO SEMEAR","cc":"PSD","nv":" ","e":"n","st":"Suplente","dvt":"V\u00e1lido","vap":"141","pvap":"   1,39"},{"seq":"91","sqcand":"140001275170","n":"14223","nm":"ELIANE BARROS","cc":"PTB","nv":" ","e":"n","st":"N\u00e3o eleito","dvt":"V\u00e1lido","vap":"0","pvap":"00.00"},{"seq":"47","sqcand":"140000693155","n":"20333","nm":"ALDO DA SERRA AZUL","cc":"PSC","nv":" ","e":"n","st":"Suplente","dvt":"V\u00e1lido","vap":"61","pvap":"   0,60"},{"seq":"88","sqcand":"140001096361","n":"13333","nm":"PROFESSOR ALEX BENEVIDES","cc":"PT","nv":" ","e":"n","st":"N\u00e3o eleito","dvt":"V\u00e1lido","vap":"11","pvap":"   0,11"},{"seq":"46","sqcand":"140000726346","n":"22444","nm":"PAULO BORRACHEIRO","cc":"PL","nv":" ","e":"n","st":"Suplente","dvt":"V\u00e1lido","vap":"63","pvap":"   0,62"},{"seq":"85","sqcand":"140000693289","n":"40244","nm":"PASTOR JO\u00c3O DIAS","cc":"PSB","nv":" ","e":"n","st":"N\u00e3o eleito","dvt":"V\u00e1lido","vap":"17","pvap":"   0,17"},{"seq":"75","sqcand":"140000693283","n":"40040","nm":"S\u00d4NIA DA SA\u00daDE","cc":"PSB","nv":" ","e":"n","st":"N\u00e3o eleito","dvt":"V\u00e1lido","vap":"52","pvap":"   0,51"},{"seq":"13","sqcand":"140000693159","n":"20234","nm":"LUCIO RODRIGUES","cc":"PSC","nv":" ","e":"n","st":"Suplente","dvt":"V\u00e1lido","vap":"257","pvap":"   2,54"},{"seq":"89","sqcand":"140001096358","n":"13100","nm":"PRETA","cc":"PT","nv":" ","e":"n","st":"N\u00e3o eleito","dvt":"V\u00e1lido","vap":"8","pvap":"   0,08"},{"seq":"23","sqcand":"140000684387","n":"17000","nm":"PAI CEU","cc":"PSL","nv":" ","e":"n","st":"Suplente","dvt":"V\u00e1lido","vap":"156","pvap":"   1,54"},{"seq":"65","sqcand":"140000683727","n":"15222","nm":"CLEA NOLETO","cc":"MDB","nv":" ","e":"n","st":"Suplente","dvt":"V\u00e1lido","vap":"6","pvap":"   0,06"},{"seq":"74","sqcand":"140000693285","n":"40444","nm":"RANGEL DA AGROVILA","cc":"PSB","nv":" ","e":"n","st":"N\u00e3o eleito","dvt":"V\u00e1lido","vap":"57","pvap":"   0,56"},{"seq":"8","sqcand":"140000684381","n":"17555","nm":"FRANCILENE DA SERRA AZUL","cc":"PSL","nv":" ","e":"s","st":"Eleito","dvt":"V\u00e1lido","vap":"248","pvap":"   2,45"},{"seq":"59","sqcand":"140000683723","n":"15615","nm":"LEOLANDIA","cc":"MDB","nv":" ","e":"n","st":"Suplente","dvt":"V\u00e1lido","vap":"30","pvap":"   0,30"},{"seq":"28","sqcand":"140000726343","n":"22000","nm":"WANDERSON MAR\u00c7AL ","cc":"PL","nv":" ","e":"n","st":"Suplente","dvt":"V\u00e1lido","vap":"138","pvap":"   1,36"},{"seq":"66","sqcand":"140000684390","n":"17888","nm":"PROFESSOR JOAO ROBERTO","cc":"PSL","nv":" ","e":"n","st":"Suplente","dvt":"V\u00e1lido","vap":"1","pvap":"   0,01"},{"seq":"33","sqcand":"140000726353","n":"22345","nm":"MARIA JOSE","cc":"PL","nv":" ","e":"n","st":"Suplente","dvt":"V\u00e1lido","vap":"121","pvap":"   1,19"},{"seq":"48","sqcand":"140000726348","n":"22100","nm":"GORDINHO DO POSTO","cc":"PL","nv":" ","e":"n","st":"Suplente","dvt":"V\u00e1lido","vap":"58","pvap":"   0,57"},{"seq":"58","sqcand":"140001117694","n":"55444","nm":"ANA LUCIA","cc":"PSD","nv":" ","e":"n","st":"Suplente","dvt":"V\u00e1lido","vap":"31","pvap":"   0,31"},{"seq":"15","sqcand":"140000683720","n":"15000","nm":"JULIA FONTENELLE","cc":"MDB","nv":" ","e":"n","st":"Suplente","dvt":"V\u00e1lido","vap":"238","pvap":"   2,35"},{"seq":"80","sqcand":"140000693284","n":"40123","nm":"VALDENEZA  CARDOSO","cc":"PSB","nv":" ","e":"n","st":"N\u00e3o eleito","dvt":"V\u00e1lido","vap":"25","pvap":"   0,25"},{"seq":"18","sqcand":"140000693158","n":"20567","nm":"KAWANNY CANTUARIO","cc":"PSC","nv":" ","e":"n","st":"Suplente","dvt":"V\u00e1lido","vap":"205","pvap":"   2,02"},{"seq":"63","sqcand":"140000726340","n":"22145","nm":"Z\u00c9 PADEIRO","cc":"PL","nv":" ","e":"n","st":"Suplente","dvt":"V\u00e1lido","vap":"18","pvap":"   0,18"},{"seq":"40","sqcand":"140000684392","n":"17444","nm":"MARIA BONFIM","cc":"PSL","nv":" ","e":"n","st":"Suplente","dvt":"V\u00e1lido","vap":"82","pvap":"   0,81"},{"seq":"10","sqcand":"140000684382","n":"17123","nm":"WIRATON RESENDE","cc":"PSL","nv":" ","e":"s","st":"Eleito","dvt":"V\u00e1lido","vap":"215","pvap":"   2,12"},{"seq":"19","sqcand":"140000693154","n":"20456","nm":"PROFESSORA SUELY","cc":"PSC","nv":" ","e":"n","st":"Suplente","dvt":"V\u00e1lido","vap":"190","pvap":"   1,88"},{"seq":"35","sqcand":"140000726349","n":"22123","nm":"FERNANDO MELO","cc":"PL","nv":" ","e":"n","st":"Suplente","dvt":"V\u00e1lido","vap":"106","pvap":"   1,05"},{"seq":"2","sqcand":"140000693157","n":"20789","nm":"IRM\u00c3O GATINHO","cc":"PSC","nv":" ","e":"s","st":"Eleito","dvt":"V\u00e1lido","vap":"313","pvap":"   3,09"},{"seq":"41","sqcand":"140000726341","n":"22222","nm":"BAIXINHO DO BUTECO","cc":"PL","nv":" ","e":"n","st":"Suplente","dvt":"V\u00e1lido","vap":"80","pvap":"   0,79"},{"seq":"67","sqcand":"140000684385","n":"17789","nm":"DANIELLA","cc":"PSL","nv":" ","e":"n","st":"Suplente","dvt":"V\u00e1lido","vap":"1","pvap":"   0,01"},{"seq":"54","sqcand":"140000726347","n":"22223","nm":"BORRACHA DA AGROVILA","cc":"PL","nv":" ","e":"n","st":"Suplente","dvt":"V\u00e1lido","vap":"40","pvap":"   0,39"},{"seq":"72","sqcand":"140001096357","n":"13456","nm":"ERONIDES MARINHO","cc":"PT","nv":" ","e":"n","st":"N\u00e3o eleito","dvt":"V\u00e1lido","vap":"64","pvap":"   0,63"},{"seq":"51","sqcand":"140000726339","n":"22333","nm":"PORTUGUES","cc":"PL","nv":" ","e":"n","st":"Suplente","dvt":"V\u00e1lido","vap":"42","pvap":"   0,41"},{"seq":"68","sqcand":"140001096356","n":"13123","nm":"ANTONIO BRACINHO","cc":"PT","nv":" ","e":"n","st":"N\u00e3o eleito","dvt":"V\u00e1lido","vap":"193","pvap":"   1,91"},{"seq":"81","sqcand":"140001245621","n":"14123","nm":"FABINHO CALANGO","cc":"PTB","nv":" ","e":"n","st":"N\u00e3o eleito","dvt":"V\u00e1lido","vap":"22","pvap":"   0,22"},{"seq":"25","sqcand":"140000726344","n":"22111","nm":"FABIO LUIZ","cc":"PL","nv":" ","e":"n","st":"Suplente","dvt":"V\u00e1lido","vap":"143","pvap":"   1,41"},{"seq":"9","sqcand":"140000726345","n":"22456","nm":"NETH PROFESSORA","cc":"PL","nv":" ","e":"s","st":"Eleito","dvt":"V\u00e1lido","vap":"218","pvap":"   2,15"},{"seq":"79","sqcand":"140001096360","n":"13222","nm":"JO\u00c3O RIBEIRO","cc":"PT","nv":" ","e":"n","st":"N\u00e3o eleito","dvt":"V\u00e1lido","vap":"27","pvap":"   0,27"},{"seq":"12","sqcand":"140000683725","n":"15077","nm":"CLENIR DEL SANT","cc":"MDB","nv":" ","e":"n","st":"Suplente","dvt":"V\u00e1lido","vap":"261","pvap":"   2,58"},{"seq":"16","sqcand":"140000693161","n":"20630","nm":"NEGUINHO DO CAMINHAO","cc":"PSC","nv":" ","e":"n","st":"Suplente","dvt":"V\u00e1lido","vap":"221","pvap":"   2,18"},{"seq":"37","sqcand":"140001117693","n":"55888","nm":"AILTON SANTOS","cc":"PSD","nv":" ","e":"n","st":"Suplente","dvt":"V\u00e1lido","vap":"103","pvap":"   1,02"},{"seq":"69","sqcand":"140001245617","n":"14444","nm":"PARAZINHO DO FACIM","cc":"PTB","nv":" ","e":"n","st":"N\u00e3o eleito","dvt":"V\u00e1lido","vap":"94","pvap":"   0,93"},{"seq":"42","sqcand":"140001241199","n":"22777","nm":"ADRIANA AGUIAR","cc":"PL","nv":" ","e":"n","st":"Suplente","dvt":"V\u00e1lido","vap":"72","pvap":"   0,71"},{"seq":"62","sqcand":"140001117697","n":"55789","nm":"ADELITA KARAJA","cc":"PSD","nv":" ","e":"n","st":"Suplente","dvt":"V\u00e1lido","vap":"21","pvap":"   0,21"},{"seq":"87","sqcand":"140001245620","n":"14555","nm":"DEBORA MACHADO","cc":"PTB","nv":" ","e":"n","st":"N\u00e3o eleito","dvt":"V\u00e1lido","vap":"12","pvap":"   0,12"},{"seq":"32","sqcand":"140000684389","n":"17456","nm":"JESSE VIRGOLINO","cc":"PSL","nv":" ","e":"n","st":"Suplente","dvt":"V\u00e1lido","vap":"124","pvap":"   1,22"},{"seq":"36","sqcand":"140000693156","n":"20111","nm":"MARLI","cc":"PSC","nv":" ","e":"n","st":"Suplente","dvt":"V\u00e1lido","vap":"104","pvap":"   1,03"},{"seq":"53","sqcand":"140000726342","n":"22888","nm":"ERMINDA DO ZEZINHO","cc":"PL","nv":" ","e":"n","st":"Suplente","dvt":"V\u00e1lido","vap":"41","pvap":"   0,40"},{"seq":"30","sqcand":"140000693162","n":"20100","nm":"ZE GALINHA","cc":"PSC","nv":" ","e":"n","st":"Suplente","dvt":"V\u00e1lido","vap":"126","pvap":"   1,24"},{"seq":"7","sqcand":"140000693153","n":"20000","nm":"PAULINHO","cc":"PSC","nv":" ","e":"s","st":"Eleito","dvt":"V\u00e1lido","vap":"260","pvap":"   2,57"},{"seq":"34","sqcand":"140000683724","n":"15555","nm":"MAGNO AGUIAR","cc":"MDB","nv":" ","e":"n","st":"Suplente","dvt":"V\u00e1lido","vap":"117","pvap":"   1,15"},{"seq":"77","sqcand":"140001245619","n":"14789","nm":"DIONES RIBEIRO","cc":"PTB","nv":" ","e":"n","st":"N\u00e3o eleito","dvt":"V\u00e1lido","vap":"34","pvap":"   0,34"},{"seq":"60","sqcand":"140000684383","n":"17234","nm":"BETO CARREIRO ","cc":"PSL","nv":" ","e":"n","st":"Suplente","dvt":"V\u00e1lido","vap":"29","pvap":"   0,29"},{"seq":"31","sqcand":"140000684386","n":"17345","nm":"CL\u00c1UDIA SALOM\u00c3O","cc":"PSL","nv":" ","e":"n","st":"Suplente","dvt":"V\u00e1lido","vap":"124","pvap":"   1,22"},{"seq":"24","sqcand":"140001117688","n":"55321","nm":"VIRSON","cc":"PSD","nv":" ","e":"n","st":"Suplente","dvt":"V\u00e1lido","vap":"155","pvap":"   1,53"},{"seq":"4","sqcand":"140000693160","n":"20555","nm":"WLICLEIDES ENFERMEIRA","cc":"PSC","nv":" ","e":"s","st":"Eleito","dvt":"V\u00e1lido","vap":"283","pvap":"   2,79"},{"seq":"45","sqcand":"140000726352","n":"22555","nm":"UANDERSON RODRIGUES","cc":"PL","nv":" ","e":"n","st":"Suplente","dvt":"V\u00e1lido","vap":"64","pvap":"   0,63"},{"seq":"86","sqcand":"140001124597","n":"45555","nm":"RAQUEL TOURO BLANCO","cc":"PSDB","nv":" ","e":"n","st":"N\u00e3o eleito","dvt":"V\u00e1lido","vap":"17","pvap":"   0,17"},{"seq":"21","sqcand":"140000693151","n":"20123","nm":"IRM\u00c3 ILDENE RIOS","cc":"PSC","nv":" ","e":"n","st":"Suplente","dvt":"V\u00e1lido","vap":"165","pvap":"   1,63"},{"seq":"6","sqcand":"140001117692","n":"55555","nm":"MARCAO DA SERRA AZUL","cc":"PSD","nv":" ","e":"s","st":"Eleito","dvt":"V\u00e1lido","vap":"262","pvap":"   2,59"},{"seq":"11","sqcand":"140000726350","n":"22678","nm":"MARIO FERNANDO","cc":"PL","nv":" ","e":"s","st":"Eleito","dvt":"V\u00e1lido","vap":"168","pvap":"   1,66"},{"seq":"84","sqcand":"140000693288","n":"40456","nm":"REIS","cc":"PSB","nv":" ","e":"n","st":"N\u00e3o eleito","dvt":"V\u00e1lido","vap":"18","pvap":"   0,18"},{"seq":"82","sqcand":"140000693286","n":"40070","nm":"L\u00cdDIA DO ELTINHO","cc":"PSB","nv":" ","e":"n","st":"N\u00e3o eleito","dvt":"V\u00e1lido","vap":"22","pvap":"   0,22"},{"seq":"57","sqcand":"140001117698","n":"55111","nm":"DAMIAO RODRIGUES","cc":"PSD","nv":" ","e":"n","st":"Suplente","dvt":"V\u00e1lido","vap":"31","pvap":"   0,31"},{"seq":"5","sqcand":"140001117699","n":"55222","nm":"ALDUIDES","cc":"PSD","nv":" ","e":"s","st":"Eleito","dvt":"V\u00e1lido","vap":"279","pvap":"   2,75"},{"seq":"22","sqcand":"140000684391","n":"17111","nm":"ROMEU COSTA","cc":"PSL","nv":" ","e":"n","st":"Suplente","dvt":"V\u00e1lido","vap":"158","pvap":"   1,56"},{"seq":"27","sqcand":"140000683726","n":"15612","nm":"MARC\u00c3O DA SUCAM","cc":"MDB","nv":" ","e":"n","st":"Suplente","dvt":"V\u00e1lido","vap":"138","pvap":"   1,36"},{"seq":"56","sqcand":"140000684393","n":"17457","nm":"TI\u00c3O GUAR\u00c1","cc":"PSL","nv":" ","e":"n","st":"Suplente","dvt":"V\u00e1lido","vap":"32","pvap":"   0,32"},{"seq":"1","sqcand":"140000683729","n":"15123","nm":"JANDELSON MUNDOCA","cc":"MDB","nv":" ","e":"s","st":"Eleito","dvt":"V\u00e1lido","vap":"417","pvap":"   4,12"},{"seq":"50","sqcand":"140000683728","n":"15111","nm":"NEG\u00c3O DO SALOM\u00c3O","cc":"MDB","nv":" ","e":"n","st":"Suplente","dvt":"V\u00e1lido","vap":"45","pvap":"   0,44"},{"seq":"39","sqcand":"140000684388","n":"17222","nm":"MARTINHA","cc":"PSL","nv":" ","e":"n","st":"Suplente","dvt":"V\u00e1lido","vap":"86","pvap":"   0,85"},{"seq":"14","sqcand":"140000683722","n":"15678","nm":"MARKIM DA RALLY MOTOS","cc":"MDB","nv":" ","e":"n","st":"Suplente","dvt":"V\u00e1lido","vap":"243","pvap":"   2,40"},{"seq":"64","sqcand":"140001117695","n":"55777","nm":"ROZI","cc":"PSD","nv":" ","e":"n","st":"Suplente","dvt":"V\u00e1lido","vap":"16","pvap":"   0,16"},{"seq":"83","sqcand":"140000693287","n":"40000","nm":"DANIEL SANTANA","cc":"PSB","nv":" ","e":"n","st":"N\u00e3o eleito","dvt":"V\u00e1lido","vap":"21","pvap":"   0,21"},{"seq":"17","sqcand":"140000693163","n":"20444","nm":"LEILA DA FUTURA E CAFUNDO","cc":"PSC","nv":" ","e":"n","st":"Suplente","dvt":"V\u00e1lido","vap":"216","pvap":"   2,13"},{"seq":"70","sqcand":"140001245618","n":"14333","nm":"JOVAN EX CONSELHEIRO","cc":"PTB","nv":" ","e":"n","st":"N\u00e3o eleito","dvt":"V\u00e1lido","vap":"66","pvap":"   0,65"},{"seq":"49","sqcand":"140001117691","n":"55125","nm":"GIRLEIA BORGES","cc":"PSD","nv":" ","e":"n","st":"Suplente","dvt":"V\u00e1lido","vap":"45","pvap":"   0,44"},{"seq":"43","sqcand":"140001117687","n":"55233","nm":"BRANCA AMORIM","cc":"PSD","nv":" ","e":"n","st":"Suplente","dvt":"V\u00e1lido","vap":"70","pvap":"   0,69"},{"seq":"90","sqcand":"140001124599","n":"45123","nm":"AMANCINHO","cc":"PSDB","nv":" ","e":"n","st":"N\u00e3o eleito","dvt":"V\u00e1lido","vap":"5","pvap":"   0,05"},{"seq":"29","sqcand":"140000726351","n":"22211","nm":"PROFESSORA SELMA ","cc":"PL","nv":" ","e":"n","st":"Suplente","dvt":"V\u00e1lido","vap":"131","pvap":"   1,29"},{"seq":"61","sqcand":"140000684395","n":"17777","nm":"LUISMAR DO ONIBUS","cc":"PSL","nv":" ","e":"n","st":"Suplente","dvt":"V\u00e1lido","vap":"28","pvap":"   0,28"},{"seq":"20","sqcand":"140001117689","n":"55333","nm":"PADEIRO","cc":"PSD","nv":" ","e":"n","st":"Suplente","dvt":"V\u00e1lido","vap":"170","pvap":"   1,68"},{"seq":"55","sqcand":"140001117696","n":"55000","nm":"EDIVALDO SKY","cc":"PSD","nv":" ","e":"n","st":"Suplente","dvt":"V\u00e1lido","vap":"34","pvap":"   0,34"}]}
