{"ele":"426","tpabr":"mu","cdabr":"06025","carper":"13","t":"1","f":"o","dt":"15/11/2020","ht":"20:46:33","dv":"s","tf":"s","v":"11","esae":"n","mnae":"","s":"43","st":"43","pst":" 100,00","snt":"0","psnt":"   0,00","si":"43","psi":" 100,00","sni":"0","psni":"   0,00","sa":"43","psa":" 100,00","sna":"0","psna":"   0,00","e":"13681","ea":"13681","pea":" 100,00","ena":"0","pena":"   0,00","esi":"13681","pesi":" 100,00","esni":"0","pesni":"   0,00","c":"10240","pc":"  74,85","a":"3441","pa":"  25,15","vscv":"0","vnom":"9533","vl":"444","pvnom":"  95,55","pvl":"   4,45","vvc":"10033","pvvc":"  97,98","vb":"71","pvb":"   0,69","tvn":"136","ptvn":"   1,33","vn":"134","pvn":"  98,53","vnt":"2","pvnt":"   1,47","vp":"0","pvp":"   0,00","vv":"9977","pvv":"  99,44","van":"0","pvan":"   0,00","vansj":"56","pvansj":"   0,56","tv":"10240","cand":[{"seq":"27","sqcand":"30000819175","n":"11111","nm":"MARC\u00c3O DA SA\u00daDE","cc":"PP","nv":" ","e":"n","st":"Suplente","dvt":"V\u00e1lido","vap":"105","pvap":"   1,05"},{"seq":"79","sqcand":"30000752960","n":"45678","nm":"NEGO DO CARIMBO","cc":"PSDB","nv":" ","e":"n","st":"N\u00e3o eleito","dvt":"V\u00e1lido","vap":"75","pvap":"   0,75"},{"seq":"95","sqcand":"30000640424","n":"18000","nm":"CLOVIS PEREIRA","cc":"REDE","nv":" ","e":"n","st":"N\u00e3o eleito","dvt":"V\u00e1lido","vap":"23","pvap":"   0,23"},{"seq":"10","sqcand":"30000883196","n":"17123","nm":"NAINHA","cc":"PSL","nv":" ","e":"s","st":"Eleito","dvt":"V\u00e1lido","vap":"201","pvap":"   2,00"},{"seq":"11","sqcand":"30000883170","n":"90123","nm":"JOLIANNE FONTENELE","cc":"PROS","nv":" ","e":"s","st":"Eleito","dvt":"V\u00e1lido","vap":"164","pvap":"   1,63"},{"seq":"96","sqcand":"30001202872","n":"15111","nm":"MARIA MELO","cc":"MDB","nv":" ","e":"n","st":"N\u00e3o eleito","dvt":"V\u00e1lido","vap":"23","pvap":"   0,23"},{"seq":"35","sqcand":"30000964747","n":"22122","nm":"SANDERLEY LEAL","cc":"PL","nv":" ","e":"n","st":"Suplente","dvt":"V\u00e1lido","vap":"79","pvap":"   0,79"},{"seq":"42","sqcand":"30000999820","n":"25456","nm":"JOSI ALMEIDA","cc":"DEM","nv":" ","e":"n","st":"Suplente","dvt":"V\u00e1lido","vap":"47","pvap":"   0,47"},{"seq":"88","sqcand":"30001202861","n":"15456","nm":"LOURO","cc":"MDB","nv":" ","e":"n","st":"N\u00e3o eleito","dvt":"V\u00e1lido","vap":"42","pvap":"   0,42"},{"seq":"81","sqcand":"30000752963","n":"45193","nm":"MAX DA AMBUL\u00c2NCIA","cc":"PSDB","nv":" ","e":"n","st":"N\u00e3o eleito","dvt":"V\u00e1lido","vap":"72","pvap":"   0,72"},{"seq":"6","sqcand":"30000819166","n":"11323","nm":"GALENO DO VILA NOVA","cc":"PP","nv":" ","e":"s","st":"Eleito","dvt":"V\u00e1lido","vap":"353","pvap":"   3,52"},{"seq":"65","sqcand":"30000883192","n":"17006","nm":"WALTINHO","cc":"PSL","nv":" ","e":"n","st":"Suplente","dvt":"V\u00e1lido","vap":"11","pvap":"   0,11"},{"seq":"75","sqcand":"30001202874","n":"15000","nm":"DR ANTONIO","cc":"MDB","nv":" ","e":"n","st":"N\u00e3o eleito","dvt":"V\u00e1lido","vap":"83","pvap":"   0,83"},{"seq":"21","sqcand":"30000999817","n":"25580","nm":"MARILANDIA","cc":"DEM","nv":" ","e":"n","st":"Suplente","dvt":"V\u00e1lido","vap":"129","pvap":"   1,29"},{"seq":"69","sqcand":"30000883197","n":"17777","nm":"MARIA DOS REM\u00c9DIOS","cc":"PSL","nv":" ","e":"n","st":"Suplente","dvt":"V\u00e1lido","vap":"8","pvap":"   0,08"},{"seq":"107","sqcand":"30000640423","n":"18360","nm":"JOICY","cc":"REDE","nv":" ","e":"n","st":"N\u00e3o eleito","dvt":"V\u00e1lido","vap":"5","pvap":"   0,05"},{"seq":"12","sqcand":"30000992034","n":"12000","nm":"LET\u00cdCIA FANNY","cc":"PDT","nv":" ","e":"n","st":"Suplente","dvt":"V\u00e1lido","vap":"373","pvap":"   3,72"},{"seq":"52","sqcand":"30000883205","n":"17000","nm":"DR FREDERICO SILVEIRA","cc":"PSL","nv":" ","e":"n","st":"Suplente","dvt":"V\u00e1lido","vap":"24","pvap":"   0,24"},{"seq":"39","sqcand":"30000964754","n":"22302","nm":"SERGIO DO ESPORTE","cc":"PL","nv":" ","e":"n","st":"Suplente","dvt":"V\u00e1lido","vap":"65","pvap":"   0,65"},{"seq":"63","sqcand":"30000883202","n":"17580","nm":"PEPE","cc":"PSL","nv":" ","e":"n","st":"Suplente","dvt":"V\u00e1lido","vap":"13","pvap":"   0,13"},{"seq":"73","sqcand":"30000640425","n":"18111","nm":"ELIVELTON ARANHA","cc":"REDE","nv":" ","e":"n","st":"N\u00e3o eleito","dvt":"V\u00e1lido","vap":"156","pvap":"   1,55"},{"seq":"45","sqcand":"30000964744","n":"22888","nm":"EVA DANTAS","cc":"PL","nv":" ","e":"n","st":"Suplente","dvt":"V\u00e1lido","vap":"34","pvap":"   0,34"},{"seq":"15","sqcand":"30000819178","n":"11380","nm":"CONJAKI","cc":"PP","nv":" ","e":"n","st":"Suplente","dvt":"V\u00e1lido","vap":"187","pvap":"   1,86"},{"seq":"91","sqcand":"30001202860","n":"15113","nm":"PAULO CANA\u00c2","cc":"MDB","nv":" ","e":"n","st":"N\u00e3o eleito","dvt":"V\u00e1lido","vap":"29","pvap":"   0,29"},{"seq":"68","sqcand":"30000883168","n":"90223","nm":"ABACATE","cc":"PROS","nv":" ","e":"n","st":"Suplente","dvt":"V\u00e1lido","vap":"8","pvap":"   0,08"},{"seq":"54","sqcand":"30000819168","n":"11234","nm":"ARY NEG\u00c3O DA SERRALHERIA","cc":"PP","nv":" ","e":"n","st":"Suplente","dvt":"V\u00e1lido","vap":"21","pvap":"   0,21"},{"seq":"29","sqcand":"30000992021","n":"12366","nm":"CEAR\u00c1 DO COCO","cc":"PDT","nv":" ","e":"n","st":"Suplente","dvt":"V\u00e1lido","vap":"102","pvap":"   1,02"},{"seq":"90","sqcand":"30000752957","n":"45368","nm":"VALERIA SENA","cc":"PSDB","nv":" ","e":"n","st":"N\u00e3o eleito","dvt":"V\u00e1lido","vap":"31","pvap":"   0,31"},{"seq":"56","sqcand":"30000819167","n":"11789","nm":"GLEISON SILVA","cc":"PP","nv":" ","e":"n","st":"Suplente","dvt":"V\u00e1lido","vap":"21","pvap":"   0,21"},{"seq":"16","sqcand":"30000992028","n":"12222","nm":"NETONA DA AGRICULTURA","cc":"PDT","nv":" ","e":"n","st":"Suplente","dvt":"V\u00e1lido","vap":"161","pvap":"   1,60"},{"seq":"47","sqcand":"30000964752","n":"22000","nm":"JOELI SALES","cc":"PL","nv":" ","e":"n","st":"Suplente","dvt":"V\u00e1lido","vap":"33","pvap":"   0,33"},{"seq":"33","sqcand":"30000883174","n":"90741","nm":"PROFESSOR DANIEL","cc":"PROS","nv":" ","e":"n","st":"Suplente","dvt":"V\u00e1lido","vap":"80","pvap":"   0,80"},{"seq":"4","sqcand":"30000992026","n":"12699","nm":"AMIGO DOMINGOS","cc":"PDT","nv":" ","e":"s","st":"Eleito","dvt":"V\u00e1lido","vap":"411","pvap":"   4,10"},{"seq":"38","sqcand":"30000883193","n":"17333","nm":"ELIEL AGUIAR","cc":"PSL","nv":" ","e":"n","st":"Suplente","dvt":"V\u00e1lido","vap":"66","pvap":"   0,66"},{"seq":"40","sqcand":"30000883203","n":"17111","nm":"GEH OLIVEIRA","cc":"PSL","nv":" ","e":"n","st":"Suplente","dvt":"V\u00e1lido","vap":"62","pvap":"   0,62"},{"seq":"57","sqcand":"30000883195","n":"17456","nm":"JUNH\u00c3O VIGILANTE","cc":"PSL","nv":" ","e":"n","st":"Suplente","dvt":"V\u00e1lido","vap":"19","pvap":"   0,19"},{"seq":"76","sqcand":"30001202864","n":"15225","nm":"BOA","cc":"MDB","nv":" ","e":"n","st":"N\u00e3o eleito","dvt":"V\u00e1lido","vap":"80","pvap":"   0,80"},{"seq":"25","sqcand":"30000992030","n":"12444","nm":"BENTO DO HOSPITAL","cc":"PDT","nv":" ","e":"n","st":"Suplente","dvt":"V\u00e1lido","vap":"115","pvap":"   1,15"},{"seq":"5","sqcand":"30000992035","n":"12147","nm":"SUELI","cc":"PDT","nv":" ","e":"s","st":"Eleito","dvt":"V\u00e1lido","vap":"408","pvap":"   4,07"},{"seq":"20","sqcand":"30000883194","n":"17007","nm":"PROFESSOR NETO","cc":"PSL","nv":" ","e":"n","st":"Suplente","dvt":"V\u00e1lido","vap":"130","pvap":"   1,30"},{"seq":"23","sqcand":"30000999818","n":"25000","nm":"ALESSANDRO LOBATO","cc":"DEM","nv":" ","e":"n","st":"Suplente","dvt":"V\u00e1lido","vap":"121","pvap":"   1,21"},{"seq":"102","sqcand":"30000752962","n":"45100","nm":"JACY NEVES","cc":"PSDB","nv":" ","e":"n","st":"N\u00e3o eleito","dvt":"V\u00e1lido","vap":"10","pvap":"   0,10"},{"seq":"26","sqcand":"30000992020","n":"12121","nm":"SUZETE","cc":"PDT","nv":" ","e":"n","st":"Suplente","dvt":"V\u00e1lido","vap":"114","pvap":"   1,14"},{"seq":"17","sqcand":"30000992027","n":"12234","nm":"LICINHO DO HOSPITAL","cc":"PDT","nv":" ","e":"n","st":"Suplente","dvt":"V\u00e1lido","vap":"146","pvap":"   1,46"},{"seq":"51","sqcand":"30000883199","n":"17355","nm":"J\u00daNIOR D\u00c1RIO","cc":"PSL","nv":" ","e":"n","st":"Suplente","dvt":"V\u00e1lido","vap":"29","pvap":"   0,29"},{"seq":"34","sqcand":"30000883200","n":"17234","nm":"PASTOR RECO","cc":"PSL","nv":" ","e":"n","st":"Suplente","dvt":"V\u00e1lido","vap":"79","pvap":"   0,79"},{"seq":"41","sqcand":"30000819173","n":"11123","nm":"PROFESSOR INALDO JR","cc":"PP","nv":" ","e":"n","st":"Suplente","dvt":"V\u00e1lido","vap":"49","pvap":"   0,49"},{"seq":"64","sqcand":"30000992025","n":"12456","nm":"PR WASHINGTON","cc":"PDT","nv":" ","e":"n","st":"Suplente","dvt":"V\u00e1lido","vap":"11","pvap":"   0,11"},{"seq":"93","sqcand":"30001202863","n":"15234","nm":"PINGA FOGO","cc":"MDB","nv":" ","e":"n","st":"N\u00e3o eleito","dvt":"V\u00e1lido","vap":"27","pvap":"   0,27"},{"seq":"103","sqcand":"30001202867","n":"15963","nm":"JOANE ALVES","cc":"MDB","nv":" ","e":"n","st":"N\u00e3o eleito","dvt":"V\u00e1lido","vap":"10","pvap":"   0,10"},{"seq":"50","sqcand":"30000999823","n":"25678","nm":"SONIA SENA","cc":"DEM","nv":" ","e":"n","st":"Suplente","dvt":"V\u00e1lido","vap":"29","pvap":"   0,29"},{"seq":"111","sqcand":"30000640418","n":"18333","nm":"LUIS BIATO DO MATAPI","cc":"REDE","nv":" ","e":"n","st":"N\u00e3o eleito","dvt":"V\u00e1lido","vap":"0","pvap":"00.00"},{"seq":"83","sqcand":"30000752965","n":"45000","nm":"FIRO","cc":"PSDB","nv":" ","e":"n","st":"N\u00e3o eleito","dvt":"V\u00e1lido","vap":"67","pvap":"   0,67"},{"seq":"108","sqcand":"30001202865","n":"15153","nm":"PROFESSOR CESAR","cc":"MDB","nv":" ","e":"n","st":"N\u00e3o eleito","dvt":"V\u00e1lido","vap":"1","pvap":"   0,01"},{"seq":"28","sqcand":"30000999821","n":"25333","nm":"DEUZIVAN","cc":"DEM","nv":" ","e":"n","st":"Suplente","dvt":"V\u00e1lido","vap":"103","pvap":"   1,03"},{"seq":"44","sqcand":"30000999822","n":"25239","nm":"TRISTE","cc":"DEM","nv":" ","e":"n","st":"Suplente","dvt":"V\u00e1lido","vap":"45","pvap":"   0,45"},{"seq":"22","sqcand":"30000819180","n":"11124","nm":"BAR\u00c3O","cc":"PP","nv":" ","e":"n","st":"Suplente","dvt":"V\u00e1lido","vap":"128","pvap":"   1,28"},{"seq":"110","sqcand":"30001202873","n":"15147","nm":"J\u00daNIOR DOIDO","cc":"MDB","nv":" ","e":"n","st":"N\u00e3o eleito","dvt":"V\u00e1lido","vap":"0","pvap":"00.00"},{"seq":"24","sqcand":"30000992032","n":"12500","nm":"ENFERMEIRA RENATA","cc":"PDT","nv":" ","e":"n","st":"Suplente","dvt":"V\u00e1lido","vap":"119","pvap":"   1,19"},{"seq":"60","sqcand":"30000883189","n":"17133","nm":"IRM\u00c3O FRANCISCO","cc":"PSL","nv":" ","e":"n","st":"Suplente","dvt":"V\u00e1lido","vap":"15","pvap":"   0,15"},{"seq":"98","sqcand":"30000640419","n":"18180","nm":"SAMYRA RIBEIRO","cc":"REDE","nv":" ","e":"n","st":"N\u00e3o eleito","dvt":"V\u00e1lido","vap":"21","pvap":"   0,21"},{"seq":"37","sqcand":"30000999824","n":"25234","nm":"MIRAELSON","cc":"DEM","nv":" ","e":"n","st":"Suplente","dvt":"V\u00e1lido","vap":"67","pvap":"   0,67"},{"seq":"9","sqcand":"30000999819","n":"25123","nm":"PROFESSOR NELSON","cc":"DEM","nv":" ","e":"s","st":"Eleito","dvt":"V\u00e1lido","vap":"267","pvap":"   2,66"},{"seq":"89","sqcand":"30001202868","n":"15369","nm":"PROFESSOR NONATO","cc":"MDB","nv":" ","e":"n","st":"N\u00e3o eleito","dvt":"V\u00e1lido","vap":"37","pvap":"   0,37"},{"seq":"32","sqcand":"30000992029","n":"12123","nm":"REPOLHO TRANSPORTE","cc":"PDT","nv":" ","e":"n","st":"Suplente","dvt":"V\u00e1lido","vap":"83","pvap":"   0,83"},{"seq":"71","sqcand":"30000883190","n":"17222","nm":"LURDES","cc":"PSL","nv":" ","e":"n","st":"Suplente","dvt":"V\u00e1lido","vap":"4","pvap":"   0,04"},{"seq":"97","sqcand":"30001106472","n":"19123","nm":"UEVERTON BASTOS","cc":"PODE","nv":" ","e":"n","st":"N\u00e3o eleito","dvt":"V\u00e1lido","vap":"21","pvap":"   0,21"},{"seq":"14","sqcand":"30000964746","n":"22333","nm":"AUGUSTO BENTES","cc":"PL","nv":" ","e":"n","st":"Suplente","dvt":"V\u00e1lido","vap":"190","pvap":"   1,89"},{"seq":"58","sqcand":"30000819169","n":"11011","nm":"PROFESSORA LU","cc":"PP","nv":" ","e":"n","st":"Suplente","dvt":"V\u00e1lido","vap":"19","pvap":"   0,19"},{"seq":"66","sqcand":"30000883167","n":"90333","nm":"AUGUSTO OLIVEIRA","cc":"PROS","nv":" ","e":"n","st":"Suplente","dvt":"V\u00e1lido","vap":"9","pvap":"   0,09"},{"seq":"2","sqcand":"30000964753","n":"22121","nm":"NARSON SANTOS","cc":"PL","nv":" ","e":"s","st":"Eleito","dvt":"V\u00e1lido","vap":"453","pvap":"   4,52"},{"seq":"67","sqcand":"30000819171","n":"11765","nm":"EREMILDO VAZ","cc":"PP","nv":" ","e":"n","st":"Suplente","dvt":"V\u00e1lido","vap":"9","pvap":"   0,09"},{"seq":"46","sqcand":"30000819176","n":"11453","nm":"QUEILA SENA","cc":"PP","nv":" ","e":"n","st":"Suplente","dvt":"V\u00e1lido","vap":"33","pvap":"   0,33"},{"seq":"84","sqcand":"30000640422","n":"18380","nm":"CARLINHOS DO AEROPORTO","cc":"REDE","nv":" ","e":"n","st":"N\u00e3o eleito","dvt":"V\u00e1lido","vap":"56","pvap":"   0,56"},{"seq":"74","sqcand":"30000752961","n":"45123","nm":"PROFESSOR RENATO","cc":"PSDB","nv":" ","e":"n","st":"N\u00e3o eleito","dvt":"V\u00e1lido","vap":"134","pvap":"   1,34"},{"seq":"43","sqcand":"30000883173","n":"90111","nm":"HILDA VIANA","cc":"PROS","nv":" ","e":"n","st":"Suplente","dvt":"V\u00e1lido","vap":"45","pvap":"   0,45"},{"seq":"70","sqcand":"30000883175","n":"90222","nm":"ROSANGELA","cc":"PROS","nv":" ","e":"n","st":"Suplente","dvt":"V\u00e1lido","vap":"7","pvap":"   0,07"},{"seq":"1","sqcand":"30000992033","n":"12100","nm":"NEG\u00c3O DO RAIMUNDINHO","cc":"PDT","nv":" ","e":"s","st":"Eleito","dvt":"V\u00e1lido","vap":"510","pvap":"   5,08"},{"seq":"7","sqcand":"30000964749","n":"22123","nm":"RUY ANDRADE","cc":"PL","nv":" ","e":"s","st":"Eleito","dvt":"V\u00e1lido","vap":"323","pvap":"   3,22"},{"seq":"106","sqcand":"30000752959","n":"45227","nm":"PEDRO NORMANDIA","cc":"PSDB","nv":" ","e":"n","st":"N\u00e3o eleito","dvt":"V\u00e1lido","vap":"7","pvap":"   0,07"},{"seq":"82","sqcand":"30001202869","n":"15789","nm":"DILMA DO CURUPIRA","cc":"MDB","nv":" ","e":"n","st":"N\u00e3o eleito","dvt":"V\u00e1lido","vap":"68","pvap":"   0,68"},{"seq":"53","sqcand":"30000992024","n":"12333","nm":"LORA DO CUPIXI","cc":"PDT","nv":" ","e":"n","st":"Suplente","dvt":"V\u00e1lido","vap":"22","pvap":"   0,22"},{"seq":"99","sqcand":"30000883191","n":"17337","nm":"CAVALO","cc":"PSL","nv":" ","e":"n","st":"N\u00e3o eleito","dvt":"Anulado sub judice","vap":"19","pvap":"   0,19"},{"seq":"8","sqcand":"30000819179","n":"11000","nm":"ALEX LOPES","cc":"PP","nv":" ","e":"s","st":"Eleito","dvt":"V\u00e1lido","vap":"291","pvap":"   2,90"},{"seq":"48","sqcand":"30000992023","n":"12233","nm":"RAQUETE","cc":"PDT","nv":" ","e":"n","st":"Suplente","dvt":"V\u00e1lido","vap":"31","pvap":"   0,31"},{"seq":"30","sqcand":"30000964745","n":"22147","nm":"CARLINHO DO VIDEO GAME","cc":"PL","nv":" ","e":"n","st":"Suplente","dvt":"V\u00e1lido","vap":"94","pvap":"   0,94"},{"seq":"61","sqcand":"30000819174","n":"11369","nm":"PROFESSOR EVERALDO DO CUPIXI","cc":"PP","nv":" ","e":"n","st":"Suplente","dvt":"V\u00e1lido","vap":"15","pvap":"   0,15"},{"seq":"72","sqcand":"30000964751","n":"22234","nm":"CLAUDIA BASTOS","cc":"PL","nv":" ","e":"n","st":"Suplente","dvt":"V\u00e1lido","vap":"4","pvap":"   0,04"},{"seq":"85","sqcand":"30000640416","n":"18123","nm":"MARLUCIO","cc":"REDE","nv":" ","e":"n","st":"N\u00e3o eleito","dvt":"V\u00e1lido","vap":"50","pvap":"   0,50"},{"seq":"104","sqcand":"30000752964","n":"45444","nm":"RAIMUNDA","cc":"PSDB","nv":" ","e":"n","st":"N\u00e3o eleito","dvt":"V\u00e1lido","vap":"9","pvap":"   0,09"},{"seq":"36","sqcand":"30000883177","n":"90777","nm":"MARLON POINT CAR","cc":"PROS","nv":" ","e":"n","st":"Suplente","dvt":"V\u00e1lido","vap":"76","pvap":"   0,76"},{"seq":"77","sqcand":"30001202871","n":"15123","nm":"RIBA SOARES","cc":"MDB","nv":" ","e":"n","st":"N\u00e3o eleito","dvt":"V\u00e1lido","vap":"76","pvap":"   0,76"},{"seq":"18","sqcand":"30000883169","n":"90000","nm":"JUNIOR COLARES","cc":"PROS","nv":" ","e":"n","st":"Suplente","dvt":"V\u00e1lido","vap":"143","pvap":"   1,43"},{"seq":"80","sqcand":"30001202866","n":"15156","nm":"PROFESSORA ZIZI","cc":"MDB","nv":" ","e":"n","st":"N\u00e3o eleito","dvt":"V\u00e1lido","vap":"73","pvap":"   0,73"},{"seq":"109","sqcand":"30000752958","n":"45234","nm":"EDVAN DOS SANTOS","cc":"PSDB","nv":" ","e":"n","st":"N\u00e3o eleito","dvt":"V\u00e1lido","vap":"0","pvap":"00.00"},{"seq":"78","sqcand":"30000640420","n":"18888","nm":"MARI","cc":"REDE","nv":" ","e":"n","st":"N\u00e3o eleito","dvt":"V\u00e1lido","vap":"75","pvap":"   0,75"},{"seq":"86","sqcand":"30000640421","n":"18234","nm":"ZILMA MELO","cc":"REDE","nv":" ","e":"n","st":"N\u00e3o eleito","dvt":"V\u00e1lido","vap":"46","pvap":"   0,46"},{"seq":"59","sqcand":"30000964750","n":"22456","nm":"ZENIRA DO MATAPI","cc":"PL","nv":" ","e":"n","st":"Suplente","dvt":"V\u00e1lido","vap":"17","pvap":"   0,17"},{"seq":"3","sqcand":"30000992022","n":"12345","nm":"GURI DO MATAPI","cc":"PDT","nv":" ","e":"s","st":"Eleito","dvt":"V\u00e1lido","vap":"415","pvap":"   4,14"},{"seq":"19","sqcand":"30000883201","n":"17444","nm":"ANDERSON MEGURO","cc":"PSL","nv":" ","e":"n","st":"Suplente","dvt":"V\u00e1lido","vap":"141","pvap":"   1,41"},{"seq":"55","sqcand":"30000819177","n":"11456","nm":"ROSY SILVA","cc":"PP","nv":" ","e":"n","st":"Suplente","dvt":"V\u00e1lido","vap":"21","pvap":"   0,21"},{"seq":"101","sqcand":"30000640426","n":"18401","nm":"HUELLITON BOC\u00c3O","cc":"REDE","nv":" ","e":"n","st":"N\u00e3o eleito","dvt":"V\u00e1lido","vap":"11","pvap":"   0,11"},{"seq":"31","sqcand":"30000883166","n":"90666","nm":"TONHO DO SAL\u00c3O","cc":"PROS","nv":" ","e":"n","st":"Suplente","dvt":"V\u00e1lido","vap":"84","pvap":"   0,84"},{"seq":"13","sqcand":"30000964748","n":"22222","nm":"MARCIO DO MATAPI","cc":"PL","nv":" ","e":"n","st":"Suplente","dvt":"V\u00e1lido","vap":"192","pvap":"   1,91"},{"seq":"94","sqcand":"30000640417","n":"18309","nm":"ANGELINA BARRETO","cc":"REDE","nv":" ","e":"n","st":"N\u00e3o eleito","dvt":"V\u00e1lido","vap":"27","pvap":"   0,27"},{"seq":"100","sqcand":"30001202870","n":"15555","nm":"EDY","cc":"MDB","nv":" ","e":"n","st":"N\u00e3o eleito","dvt":"V\u00e1lido","vap":"17","pvap":"   0,17"},{"seq":"62","sqcand":"30000883172","n":"90456","nm":"VIRGULINO","cc":"PROS","nv":" ","e":"n","st":"Suplente","dvt":"V\u00e1lido","vap":"13","pvap":"   0,13"},{"seq":"49","sqcand":"30000819170","n":"11121","nm":"HELENA BRAND\u00c3O","cc":"PP","nv":" ","e":"n","st":"Suplente","dvt":"V\u00e1lido","vap":"29","pvap":"   0,29"},{"seq":"87","sqcand":"30001202862","n":"15120","nm":"PROFESSOR VALDO","cc":"MDB","nv":" ","e":"n","st":"N\u00e3o eleito","dvt":"V\u00e1lido","vap":"46","pvap":"   0,46"},{"seq":"92","sqcand":"30000883198","n":"17122","nm":"VERONA","cc":"PSL","nv":" ","e":"n","st":"N\u00e3o eleito","dvt":"Anulado sub judice","vap":"29","pvap":"   0,29"},{"seq":"105","sqcand":"30000819181","n":"11727","nm":"KELANY SILVA","cc":"PP","nv":" ","e":"n","st":"N\u00e3o eleito","dvt":"Anulado sub judice","vap":"8","pvap":"   0,08"}]}
