{"ele":"426","tpabr":"mu","cdabr":"06076","carper":"13","t":"1","f":"o","dt":"15/11/2020","ht":"20:22:31","dv":"s","tf":"s","v":"11","esae":"n","mnae":"","s":"58","st":"58","pst":" 100,00","snt":"0","psnt":"   0,00","si":"58","psi":" 100,00","sni":"0","psni":"   0,00","sa":"58","psa":" 100,00","sna":"0","psna":"   0,00","e":"16178","ea":"16178","pea":" 100,00","ena":"0","pena":"   0,00","esi":"16178","pesi":" 100,00","esni":"0","pesni":"   0,00","c":"13662","pc":"  84,45","a":"2516","pa":"  15,55","vscv":"0","vnom":"12509","vl":"457","pvnom":"  96,48","pvl":"   3,52","vvc":"13412","pvvc":"  98,17","vb":"68","pvb":"   0,50","tvn":"182","ptvn":"   1,33","vn":"177","pvn":"  97,25","vnt":"5","pvnt":"   2,75","vp":"0","pvp":"   0,00","vv":"12966","pvv":"  96,67","van":"0","pvan":"   0,00","vansj":"446","pvansj":"   3,33","tv":"13662","cand":[{"seq":"26","sqcand":"30000732639","n":"55147","nm":"VERA MONTEIRO","cc":"PSD","nv":" ","e":"n","st":"Suplente","dvt":"V\u00e1lido","vap":"176","pvap":"   1,31"},{"seq":"58","sqcand":"30000778211","n":"90666","nm":"NEIA","cc":"PROS","nv":" ","e":"n","st":"Suplente","dvt":"V\u00e1lido","vap":"26","pvap":"   0,19"},{"seq":"92","sqcand":"30001199471","n":"10000","nm":"DJ DRIKA","cc":"REPUBLICANOS","nv":" ","e":"n","st":"N\u00e3o eleito","dvt":"V\u00e1lido","vap":"33","pvap":"   0,25"},{"seq":"13","sqcand":"30000657267","n":"11111","nm":"DONA ANA","cc":"PP","nv":" ","e":"n","st":"Suplente","dvt":"V\u00e1lido","vap":"361","pvap":"   2,69"},{"seq":"97","sqcand":"30000780092","n":"13130","nm":"EDMUNDO","cc":"PT","nv":" ","e":"n","st":"N\u00e3o eleito","dvt":"V\u00e1lido","vap":"15","pvap":"   0,11"},{"seq":"67","sqcand":"30000881619","n":"25122","nm":"EDVAN","cc":"DEM","nv":" ","e":"n","st":"Suplente","dvt":"V\u00e1lido","vap":"15","pvap":"   0,11"},{"seq":"56","sqcand":"30000657273","n":"11800","nm":"PROFESSOR CARLOS ANDRE","cc":"PP","nv":" ","e":"n","st":"Suplente","dvt":"V\u00e1lido","vap":"34","pvap":"   0,25"},{"seq":"90","sqcand":"30001246102","n":"19123","nm":"BENINHA DO ESPETO","cc":"PODE","nv":" ","e":"n","st":"N\u00e3o eleito","dvt":"V\u00e1lido","vap":"46","pvap":"   0,34"},{"seq":"14","sqcand":"30000961913","n":"22580","nm":"DANIEL FLEXA","cc":"PL","nv":" ","e":"n","st":"Suplente","dvt":"V\u00e1lido","vap":"323","pvap":"   2,41"},{"seq":"76","sqcand":"30000881608","n":"25555","nm":"DANIELE","cc":"DEM","nv":" ","e":"n","st":"Suplente","dvt":"V\u00e1lido","vap":"7","pvap":"   0,05"},{"seq":"19","sqcand":"30000732643","n":"55111","nm":"PROF JONAS","cc":"PSD","nv":" ","e":"n","st":"Suplente","dvt":"V\u00e1lido","vap":"244","pvap":"   1,82"},{"seq":"94","sqcand":"30000723652","n":"70123","nm":"JACAR\u00c9","cc":"AVANTE","nv":" ","e":"n","st":"N\u00e3o eleito","dvt":"V\u00e1lido","vap":"24","pvap":"   0,18"},{"seq":"52","sqcand":"30000818396","n":"20300","nm":"Z\u00c9 DO G\u00c1S","cc":"PSC","nv":" ","e":"n","st":"Suplente","dvt":"V\u00e1lido","vap":"54","pvap":"   0,40"},{"seq":"12","sqcand":"30000881617","n":"25222","nm":"MAINARDY","cc":"DEM","nv":" ","e":"n","st":"Suplente","dvt":"V\u00e1lido","vap":"396","pvap":"   2,95"},{"seq":"17","sqcand":"30000778206","n":"90222","nm":"JUNIOR","cc":"PROS","nv":" ","e":"n","st":"Suplente","dvt":"V\u00e1lido","vap":"261","pvap":"   1,95"},{"seq":"7","sqcand":"30000961915","n":"22789","nm":"PROFESSOR THORE","cc":"PL","nv":" ","e":"s","st":"Eleito","dvt":"V\u00e1lido","vap":"397","pvap":"   2,96"},{"seq":"114","sqcand":"30000723653","n":"70122","nm":"COELHO","cc":"AVANTE","nv":" ","e":"n","st":"N\u00e3o eleito","dvt":"V\u00e1lido","vap":"0","pvap":"00.00"},{"seq":"68","sqcand":"30000778208","n":"90777","nm":"TALIA REIS","cc":"PROS","nv":" ","e":"n","st":"Suplente","dvt":"V\u00e1lido","vap":"14","pvap":"   0,10"},{"seq":"109","sqcand":"30000780094","n":"13456","nm":"ZECA DA TIA PRETA","cc":"PT","nv":" ","e":"n","st":"N\u00e3o eleito","dvt":"V\u00e1lido","vap":"3","pvap":"   0,02"},{"seq":"11","sqcand":"30000732645","n":"55222","nm":"PROFESSORA LUCIMAR","cc":"PSD","nv":" ","e":"s","st":"Eleito","dvt":"V\u00e1lido","vap":"271","pvap":"   2,02"},{"seq":"48","sqcand":"30000636675","n":"18111","nm":"PAULA NELY","cc":"REDE","nv":" ","e":"n","st":"Suplente","dvt":"V\u00e1lido","vap":"73","pvap":"   0,54"},{"seq":"41","sqcand":"30000961916","n":"22122","nm":"SASSA","cc":"PL","nv":" ","e":"n","st":"Suplente","dvt":"V\u00e1lido","vap":"104","pvap":"   0,78"},{"seq":"42","sqcand":"30000636677","n":"18222","nm":"SUELI MURICI","cc":"REDE","nv":" ","e":"n","st":"Suplente","dvt":"V\u00e1lido","vap":"104","pvap":"   0,78"},{"seq":"3","sqcand":"30000961908","n":"22123","nm":"PROFESSOR CIMACA","cc":"PL","nv":" ","e":"s","st":"Eleito","dvt":"V\u00e1lido","vap":"489","pvap":"   3,65"},{"seq":"50","sqcand":"30000657271","n":"11011","nm":"ANTONIO CARLOS","cc":"PP","nv":" ","e":"n","st":"Suplente","dvt":"V\u00e1lido","vap":"68","pvap":"   0,51"},{"seq":"32","sqcand":"30000778203","n":"90999","nm":"MARIA TAVARES","cc":"PROS","nv":" ","e":"n","st":"Suplente","dvt":"V\u00e1lido","vap":"137","pvap":"   1,02"},{"seq":"103","sqcand":"30001199475","n":"10013","nm":"JABUTY","cc":"REPUBLICANOS","nv":" ","e":"n","st":"N\u00e3o eleito","dvt":"V\u00e1lido","vap":"7","pvap":"   0,05"},{"seq":"104","sqcand":"30000780095","n":"13000","nm":"MAURICIO DA SA\u00daDE","cc":"PT","nv":" ","e":"n","st":"N\u00e3o eleito","dvt":"V\u00e1lido","vap":"7","pvap":"   0,05"},{"seq":"53","sqcand":"30000881609","n":"25000","nm":"SILVIOMAR","cc":"DEM","nv":" ","e":"n","st":"Suplente","dvt":"V\u00e1lido","vap":"46","pvap":"   0,34"},{"seq":"54","sqcand":"30000881613","n":"25112","nm":"MARIA","cc":"DEM","nv":" ","e":"n","st":"Suplente","dvt":"V\u00e1lido","vap":"43","pvap":"   0,32"},{"seq":"46","sqcand":"30000732640","n":"55555","nm":"PROF ROBSON REIS","cc":"PSD","nv":" ","e":"n","st":"Suplente","dvt":"V\u00e1lido","vap":"81","pvap":"   0,60"},{"seq":"28","sqcand":"30001090229","n":"17038","nm":"PASTOR JOEL AMARAL","cc":"PSL","nv":" ","e":"n","st":"Suplente","dvt":"V\u00e1lido","vap":"175","pvap":"   1,30"},{"seq":"47","sqcand":"30000961910","n":"22555","nm":"GELSON CAMAPI","cc":"PL","nv":" ","e":"n","st":"Suplente","dvt":"V\u00e1lido","vap":"78","pvap":"   0,58"},{"seq":"73","sqcand":"30001090225","n":"17007","nm":"MARLON MENDES","cc":"PSL","nv":" ","e":"n","st":"Suplente","dvt":"V\u00e1lido","vap":"11","pvap":"   0,08"},{"seq":"98","sqcand":"30001199472","n":"10111","nm":"JACQUELINE","cc":"REPUBLICANOS","nv":" ","e":"n","st":"N\u00e3o eleito","dvt":"V\u00e1lido","vap":"15","pvap":"   0,11"},{"seq":"51","sqcand":"30000881616","n":"25190","nm":"VALNEY BARBOSA","cc":"DEM","nv":" ","e":"n","st":"Suplente","dvt":"V\u00e1lido","vap":"57","pvap":"   0,42"},{"seq":"29","sqcand":"30000657272","n":"11333","nm":"RONALDO DEL CASTILLO","cc":"PP","nv":" ","e":"n","st":"Suplente","dvt":"V\u00e1lido","vap":"153","pvap":"   1,14"},{"seq":"40","sqcand":"30000657269","n":"11221","nm":"PROFESSORA BETE","cc":"PP","nv":" ","e":"n","st":"Suplente","dvt":"V\u00e1lido","vap":"107","pvap":"   0,80"},{"seq":"75","sqcand":"30000961909","n":"22143","nm":"EDIELMA PAZ","cc":"PL","nv":" ","e":"n","st":"Suplente","dvt":"V\u00e1lido","vap":"9","pvap":"   0,07"},{"seq":"78","sqcand":"30000732642","n":"55456","nm":"MUJA","cc":"PSD","nv":" ","e":"n","st":"Suplente","dvt":"V\u00e1lido","vap":"2","pvap":"   0,01"},{"seq":"18","sqcand":"30000732646","n":"55789","nm":"PROFESSOR LACERDA","cc":"PSD","nv":" ","e":"n","st":"Suplente","dvt":"V\u00e1lido","vap":"257","pvap":"   1,92"},{"seq":"86","sqcand":"30001199473","n":"10147","nm":"DR BATISTA","cc":"REPUBLICANOS","nv":" ","e":"n","st":"N\u00e3o eleito","dvt":"V\u00e1lido","vap":"106","pvap":"   0,79"},{"seq":"6","sqcand":"30000778210","n":"90000","nm":"EDIELSON CRUZ","cc":"PROS","nv":" ","e":"s","st":"Eleito","dvt":"V\u00e1lido","vap":"411","pvap":"   3,06"},{"seq":"30","sqcand":"30000961914","n":"22111","nm":"CORONEL MARIO FLAVIO","cc":"PL","nv":" ","e":"n","st":"Suplente","dvt":"V\u00e1lido","vap":"147","pvap":"   1,10"},{"seq":"2","sqcand":"30000732648","n":"55123","nm":"BINHO OLIVEIRA","cc":"PSD","nv":" ","e":"s","st":"Eleito","dvt":"V\u00e1lido","vap":"549","pvap":"   4,09"},{"seq":"96","sqcand":"30001246100","n":"19000","nm":"MESSYAS BORGES","cc":"PODE","nv":" ","e":"n","st":"N\u00e3o eleito","dvt":"V\u00e1lido","vap":"16","pvap":"   0,12"},{"seq":"15","sqcand":"30000961911","n":"22456","nm":"NETO BODE","cc":"PL","nv":" ","e":"n","st":"Suplente","dvt":"V\u00e1lido","vap":"295","pvap":"   2,20"},{"seq":"80","sqcand":"30001090237","n":"17333","nm":"GA\u00daCHO","cc":"PSL","nv":" ","e":"n","st":"Suplente","dvt":"V\u00e1lido","vap":"2","pvap":"   0,01"},{"seq":"23","sqcand":"30000881612","n":"25125","nm":"DOMINGOS","cc":"DEM","nv":" ","e":"n","st":"Suplente","dvt":"V\u00e1lido","vap":"197","pvap":"   1,47"},{"seq":"95","sqcand":"30001199478","n":"10122","nm":"MARIA ALDA","cc":"REPUBLICANOS","nv":" ","e":"n","st":"N\u00e3o eleito","dvt":"V\u00e1lido","vap":"18","pvap":"   0,13"},{"seq":"8","sqcand":"30000636673","n":"18123","nm":"BEB\u00ca","cc":"REDE","nv":" ","e":"s","st":"Eleito","dvt":"V\u00e1lido","vap":"397","pvap":"   2,96"},{"seq":"31","sqcand":"30000636674","n":"18456","nm":"DRA ETHY","cc":"REDE","nv":" ","e":"n","st":"Suplente","dvt":"V\u00e1lido","vap":"145","pvap":"   1,08"},{"seq":"25","sqcand":"30000636676","n":"18888","nm":"EDSON COSTA","cc":"REDE","nv":" ","e":"n","st":"Suplente","dvt":"V\u00e1lido","vap":"186","pvap":"   1,39"},{"seq":"44","sqcand":"30000636680","n":"18000","nm":"CHICO MENDES","cc":"REDE","nv":" ","e":"n","st":"Suplente","dvt":"V\u00e1lido","vap":"86","pvap":"   0,64"},{"seq":"35","sqcand":"30000881610","n":"25111","nm":"DERNEVAL","cc":"DEM","nv":" ","e":"n","st":"Suplente","dvt":"V\u00e1lido","vap":"131","pvap":"   0,98"},{"seq":"93","sqcand":"30000636678","n":"18555","nm":"NICO","cc":"REDE","nv":" ","e":"n","st":"N\u00e3o eleito","dvt":"Anulado sub judice","vap":"31","pvap":"   0,23"},{"seq":"62","sqcand":"30000657266","n":"11456","nm":"ROSI LEAO","cc":"PP","nv":" ","e":"n","st":"Suplente","dvt":"V\u00e1lido","vap":"22","pvap":"   0,16"},{"seq":"10","sqcand":"30000778213","n":"90555","nm":"JACIRENE PINTO","cc":"PROS","nv":" ","e":"s","st":"Eleito","dvt":"V\u00e1lido","vap":"294","pvap":"   2,19"},{"seq":"66","sqcand":"30000657270","n":"11116","nm":"EDNA LIMA","cc":"PP","nv":" ","e":"n","st":"Suplente","dvt":"V\u00e1lido","vap":"17","pvap":"   0,13"},{"seq":"34","sqcand":"30000657274","n":"11222","nm":"BRASIL RODRIGUES","cc":"PP","nv":" ","e":"n","st":"Suplente","dvt":"V\u00e1lido","vap":"132","pvap":"   0,98"},{"seq":"81","sqcand":"30001090231","n":"17123","nm":"MAX SANTOS","cc":"PSL","nv":" ","e":"n","st":"Suplente","dvt":"V\u00e1lido","vap":"2","pvap":"   0,01"},{"seq":"112","sqcand":"30001246095","n":"19112","nm":"ERIKA ANJOS","cc":"PODE","nv":" ","e":"n","st":"N\u00e3o eleito","dvt":"V\u00e1lido","vap":"1","pvap":"   0,01"},{"seq":"21","sqcand":"30000778204","n":"90456","nm":"PENHA","cc":"PROS","nv":" ","e":"n","st":"Suplente","dvt":"V\u00e1lido","vap":"204","pvap":"   1,52"},{"seq":"101","sqcand":"30001246104","n":"19333","nm":"DARLENE MACEDO","cc":"PODE","nv":" ","e":"n","st":"N\u00e3o eleito","dvt":"V\u00e1lido","vap":"11","pvap":"   0,08"},{"seq":"59","sqcand":"30000881615","n":"25369","nm":"SIMONE","cc":"DEM","nv":" ","e":"n","st":"Suplente","dvt":"V\u00e1lido","vap":"24","pvap":"   0,18"},{"seq":"27","sqcand":"30000778212","n":"90123","nm":"PROF. RAIMUNDO PINTO","cc":"PROS","nv":" ","e":"n","st":"Suplente","dvt":"V\u00e1lido","vap":"175","pvap":"   1,30"},{"seq":"38","sqcand":"30000636681","n":"18789","nm":"ELIM O INDIO","cc":"REDE","nv":" ","e":"n","st":"Suplente","dvt":"V\u00e1lido","vap":"121","pvap":"   0,90"},{"seq":"100","sqcand":"30001199479","n":"10115","nm":"SOL DO PEIXE","cc":"REPUBLICANOS","nv":" ","e":"n","st":"N\u00e3o eleito","dvt":"V\u00e1lido","vap":"11","pvap":"   0,08"},{"seq":"91","sqcand":"30000780090","n":"13123","nm":"PROF. SAB\u00c1","cc":"PT","nv":" ","e":"n","st":"N\u00e3o eleito","dvt":"V\u00e1lido","vap":"39","pvap":"   0,29"},{"seq":"83","sqcand":"30001090230","n":"17888","nm":"NATALIA VIANA","cc":"PSL","nv":" ","e":"n","st":"Suplente","dvt":"V\u00e1lido","vap":"0","pvap":"00.00"},{"seq":"61","sqcand":"30000636679","n":"18007","nm":"IRENE GON\u00c7ALVES","cc":"REDE","nv":" ","e":"n","st":"Suplente","dvt":"V\u00e1lido","vap":"22","pvap":"   0,16"},{"seq":"107","sqcand":"30000723654","n":"70124","nm":"RUTH MELO","cc":"AVANTE","nv":" ","e":"n","st":"N\u00e3o eleito","dvt":"V\u00e1lido","vap":"6","pvap":"   0,04"},{"seq":"24","sqcand":"30000778205","n":"90789","nm":"WELITON VIDEIRA","cc":"PROS","nv":" ","e":"n","st":"Suplente","dvt":"V\u00e1lido","vap":"190","pvap":"   1,42"},{"seq":"36","sqcand":"30000778207","n":"90111","nm":"PEU","cc":"PROS","nv":" ","e":"n","st":"Suplente","dvt":"V\u00e1lido","vap":"123","pvap":"   0,92"},{"seq":"111","sqcand":"30001246098","n":"19999","nm":"PAULO ALCANTARA","cc":"PODE","nv":" ","e":"n","st":"N\u00e3o eleito","dvt":"Anulado sub judice","vap":"1","pvap":"   0,01"},{"seq":"89","sqcand":"30001246101","n":"19147","nm":"JO\u00c3O DO MENINO JESUS","cc":"PODE","nv":" ","e":"n","st":"N\u00e3o eleito","dvt":"V\u00e1lido","vap":"74","pvap":"   0,55"},{"seq":"4","sqcand":"30000657268","n":"11123","nm":"NAZA VIEIRA","cc":"PP","nv":" ","e":"s","st":"Eleito","dvt":"V\u00e1lido","vap":"447","pvap":"   3,33"},{"seq":"69","sqcand":"30000881606","n":"25113","nm":"ODINEIA","cc":"DEM","nv":" ","e":"n","st":"Suplente","dvt":"V\u00e1lido","vap":"13","pvap":"   0,10"},{"seq":"45","sqcand":"30000881611","n":"25789","nm":"CLAUDECI","cc":"DEM","nv":" ","e":"n","st":"Suplente","dvt":"V\u00e1lido","vap":"83","pvap":"   0,62"},{"seq":"106","sqcand":"30000780096","n":"13153","nm":"PARA","cc":"PT","nv":" ","e":"n","st":"N\u00e3o eleito","dvt":"V\u00e1lido","vap":"6","pvap":"   0,04"},{"seq":"57","sqcand":"30000961912","n":"22188","nm":"KEILA MARIA","cc":"PL","nv":" ","e":"n","st":"Suplente","dvt":"V\u00e1lido","vap":"32","pvap":"   0,24"},{"seq":"72","sqcand":"30000732638","n":"55225","nm":"RAY TRINDADE","cc":"PSD","nv":" ","e":"n","st":"Suplente","dvt":"V\u00e1lido","vap":"11","pvap":"   0,08"},{"seq":"115","sqcand":"30001246105","n":"19321","nm":"JOS\u00c9 CLEITON","cc":"PODE","nv":" ","e":"n","st":"N\u00e3o eleito","dvt":"V\u00e1lido","vap":"0","pvap":"00.00"},{"seq":"60","sqcand":"30000881618","n":"25800","nm":"SARA PAES","cc":"DEM","nv":" ","e":"n","st":"Suplente","dvt":"V\u00e1lido","vap":"24","pvap":"   0,18"},{"seq":"88","sqcand":"30000780089","n":"13333","nm":"ZACARIAS","cc":"PT","nv":" ","e":"n","st":"N\u00e3o eleito","dvt":"V\u00e1lido","vap":"95","pvap":"   0,71"},{"seq":"74","sqcand":"30001090227","n":"17222","nm":"ADINALDO SANTOS","cc":"PSL","nv":" ","e":"n","st":"Suplente","dvt":"V\u00e1lido","vap":"10","pvap":"   0,07"},{"seq":"9","sqcand":"30000818395","n":"20007","nm":"PROF LENI","cc":"PSC","nv":" ","e":"s","st":"Eleito","dvt":"V\u00e1lido","vap":"376","pvap":"   2,80"},{"seq":"20","sqcand":"30000778202","n":"90333","nm":"CHARTON MADUREIRA","cc":"PROS","nv":" ","e":"n","st":"Suplente","dvt":"V\u00e1lido","vap":"210","pvap":"   1,57"},{"seq":"87","sqcand":"30001199474","n":"10123","nm":"NEI PIMENTEL","cc":"REPUBLICANOS","nv":" ","e":"n","st":"N\u00e3o eleito","dvt":"V\u00e1lido","vap":"98","pvap":"   0,73"},{"seq":"70","sqcand":"30001090236","n":"17555","nm":"GELLYANE CARDOSO","cc":"PSL","nv":" ","e":"n","st":"Suplente","dvt":"V\u00e1lido","vap":"13","pvap":"   0,10"},{"seq":"55","sqcand":"30000778209","n":"90888","nm":"MARCOS LIMA","cc":"PROS","nv":" ","e":"n","st":"Suplente","dvt":"V\u00e1lido","vap":"34","pvap":"   0,25"},{"seq":"77","sqcand":"30000636682","n":"18333","nm":"ANITTA MAZAG\u00c3O","cc":"REDE","nv":" ","e":"n","st":"Suplente","dvt":"V\u00e1lido","vap":"6","pvap":"   0,04"},{"seq":"33","sqcand":"30000732644","n":"55678","nm":"TONY MONTEIRO","cc":"PSD","nv":" ","e":"n","st":"Suplente","dvt":"V\u00e1lido","vap":"135","pvap":"   1,01"},{"seq":"49","sqcand":"30001090234","n":"17777","nm":"VELINHO","cc":"PSL","nv":" ","e":"n","st":"Suplente","dvt":"V\u00e1lido","vap":"71","pvap":"   0,53"},{"seq":"79","sqcand":"30000818397","n":"20100","nm":"MISSION\u00c1RIA L\u00daCIA","cc":"PSC","nv":" ","e":"n","st":"Suplente","dvt":"V\u00e1lido","vap":"2","pvap":"   0,01"},{"seq":"39","sqcand":"30000818394","n":"20123","nm":"TENETE QUINTELA","cc":"PSC","nv":" ","e":"n","st":"Suplente","dvt":"V\u00e1lido","vap":"119","pvap":"   0,89"},{"seq":"110","sqcand":"30000780091","n":"13789","nm":"NAZA SOUZA","cc":"PT","nv":" ","e":"n","st":"N\u00e3o eleito","dvt":"V\u00e1lido","vap":"3","pvap":"   0,02"},{"seq":"16","sqcand":"30000818393","n":"20000","nm":"ALBANIZA CARVALHO","cc":"PSC","nv":" ","e":"n","st":"Suplente","dvt":"V\u00e1lido","vap":"264","pvap":"   1,97"},{"seq":"84","sqcand":"30001090226","n":"17111","nm":"PROFESSOR PAULO SERGIO","cc":"PSL","nv":" ","e":"n","st":"N\u00e3o eleito","dvt":"Anulado sub judice","vap":"287","pvap":"   2,14"},{"seq":"102","sqcand":"30001246103","n":"19115","nm":"CABELUDO DAS TENDAS","cc":"PODE","nv":" ","e":"n","st":"N\u00e3o eleito","dvt":"V\u00e1lido","vap":"11","pvap":"   0,08"},{"seq":"43","sqcand":"30000961907","n":"22369","nm":"ZENIR","cc":"PL","nv":" ","e":"n","st":"Suplente","dvt":"V\u00e1lido","vap":"102","pvap":"   0,76"},{"seq":"82","sqcand":"30001090232","n":"17233","nm":"GRAZY BAIA","cc":"PSL","nv":" ","e":"n","st":"Suplente","dvt":"V\u00e1lido","vap":"1","pvap":"   0,01"},{"seq":"22","sqcand":"30000818390","n":"20222","nm":"FERNANDO CARDOSO","cc":"PSC","nv":" ","e":"n","st":"Suplente","dvt":"V\u00e1lido","vap":"200","pvap":"   1,49"},{"seq":"37","sqcand":"30000818391","n":"20200","nm":"CORONEL WYLLIAN","cc":"PSC","nv":" ","e":"n","st":"Suplente","dvt":"V\u00e1lido","vap":"122","pvap":"   0,91"},{"seq":"71","sqcand":"30000732647","n":"55446","nm":"ALDAIS FLEXA","cc":"PSD","nv":" ","e":"n","st":"Suplente","dvt":"V\u00e1lido","vap":"12","pvap":"   0,09"},{"seq":"1","sqcand":"30000881607","n":"25123","nm":"LEONICIO","cc":"DEM","nv":" ","e":"s","st":"Eleito","dvt":"V\u00e1lido","vap":"603","pvap":"   4,50"},{"seq":"63","sqcand":"30000881614","n":"25654","nm":"GEOVANIA","cc":"DEM","nv":" ","e":"n","st":"Suplente","dvt":"V\u00e1lido","vap":"22","pvap":"   0,16"},{"seq":"99","sqcand":"30001199477","n":"10113","nm":"CAMALI\u00c3O","cc":"REPUBLICANOS","nv":" ","e":"n","st":"N\u00e3o eleito","dvt":"V\u00e1lido","vap":"14","pvap":"   0,10"},{"seq":"108","sqcand":"30001199476","n":"10028","nm":"THOMAS VIDEIRA","cc":"REPUBLICANOS","nv":" ","e":"n","st":"N\u00e3o eleito","dvt":"V\u00e1lido","vap":"5","pvap":"   0,04"},{"seq":"105","sqcand":"30000780088","n":"13580","nm":"FABIOLA OLIVEIRA","cc":"PT","nv":" ","e":"n","st":"N\u00e3o eleito","dvt":"V\u00e1lido","vap":"7","pvap":"   0,05"},{"seq":"64","sqcand":"30000818392","n":"20111","nm":"DENTINHO","cc":"PSC","nv":" ","e":"n","st":"Suplente","dvt":"V\u00e1lido","vap":"20","pvap":"   0,15"},{"seq":"65","sqcand":"30000732641","n":"55000","nm":"ANGELA BARRETO","cc":"PSD","nv":" ","e":"n","st":"Suplente","dvt":"V\u00e1lido","vap":"18","pvap":"   0,13"},{"seq":"5","sqcand":"30001090233","n":"17000","nm":"SAULO BAIA","cc":"PSL","nv":" ","e":"s","st":"Eleito","dvt":"V\u00e1lido","vap":"443","pvap":"   3,30"},{"seq":"113","sqcand":"30001090228","n":"17650","nm":"DILVANA NASCIMENTO","cc":"PSL","nv":" ","e":"n","st":"N\u00e3o eleito","dvt":"Anulado sub judice","vap":"1","pvap":"   0,01"},{"seq":"85","sqcand":"30000780093","n":"13222","nm":"FRANCICLEI DO SINDICATO","cc":"PT","nv":" ","e":"n","st":"N\u00e3o eleito","dvt":"Anulado sub judice","vap":"126","pvap":"   0,94"}]}
