{"ele":"426","tpabr":"mu","cdabr":"06114","carper":"13","t":"1","f":"o","dt":"15/11/2020","ht":"20:27:05","dv":"s","tf":"s","v":"9","esae":"n","mnae":"","s":"17","st":"17","pst":" 100,00","snt":"0","psnt":"   0,00","si":"17","psi":" 100,00","sni":"0","psni":"   0,00","sa":"17","psa":" 100,00","sna":"0","psna":"   0,00","e":"5478","ea":"5478","pea":" 100,00","ena":"0","pena":"   0,00","esi":"5478","pesi":" 100,00","esni":"0","pesni":"   0,00","c":"4933","pc":"  90,05","a":"545","pa":"   9,95","vscv":"0","vnom":"4514","vl":"136","pvnom":"  97,08","pvl":"   2,92","vvc":"4828","pvvc":"  97,87","vb":"17","pvb":"   0,35","tvn":"88","ptvn":"   1,78","vn":"88","pvn":" 100,00","vnt":"0","pvnt":"   0,00","vp":"0","pvp":"   0,00","vv":"4650","pvv":"  96,31","van":"0","pvan":"   0,00","vansj":"178","pvansj":"   3,69","tv":"4933","cand":[{"seq":"52","sqcand":"30001202523","n":"10369","nm":"REBECA","cc":"REPUBLICANOS","nv":" ","e":"n","st":"Suplente","dvt":"V\u00e1lido","vap":"2","pvap":"   0,04"},{"seq":"46","sqcand":"30000677047","n":"11011","nm":"ADRIANE VALADARES","cc":"PP","nv":" ","e":"n","st":"Suplente","dvt":"V\u00e1lido","vap":"14","pvap":"   0,29"},{"seq":"61","sqcand":"30000964082","n":"20400","nm":"SERGENTO NASCIMENTO","cc":"PSC","nv":" ","e":"n","st":"N\u00e3o eleito","dvt":"V\u00e1lido","vap":"11","pvap":"   0,23"},{"seq":"74","sqcand":"30000864250","n":"50369","nm":"EDILSON PIRES","cc":"PSOL","nv":" ","e":"n","st":"N\u00e3o eleito","dvt":"V\u00e1lido","vap":"3","pvap":"   0,06"},{"seq":"73","sqcand":"30000964079","n":"20111","nm":"VANILDO","cc":"PSC","nv":" ","e":"n","st":"N\u00e3o eleito","dvt":"V\u00e1lido","vap":"4","pvap":"   0,08"},{"seq":"27","sqcand":"30000748923","n":"23555","nm":"JOFRE","cc":"CIDADANIA","nv":" ","e":"n","st":"Suplente","dvt":"V\u00e1lido","vap":"58","pvap":"   1,20"},{"seq":"20","sqcand":"30000773996","n":"55022","nm":"EDIMO\u00c7A","cc":"PSD","nv":" ","e":"n","st":"Suplente","dvt":"V\u00e1lido","vap":"88","pvap":"   1,82"},{"seq":"76","sqcand":"30000856366","n":"90123","nm":"CIRLANE RAMOS","cc":"PROS","nv":" ","e":"n","st":"N\u00e3o eleito","dvt":"V\u00e1lido","vap":"2","pvap":"   0,04"},{"seq":"44","sqcand":"30000819399","n":"45111","nm":"JAMESON SOBERAN","cc":"PSDB","nv":" ","e":"n","st":"Suplente","dvt":"V\u00e1lido","vap":"17","pvap":"   0,35"},{"seq":"21","sqcand":"30000748922","n":"23333","nm":"ANA CELIA","cc":"CIDADANIA","nv":" ","e":"n","st":"Suplente","dvt":"V\u00e1lido","vap":"85","pvap":"   1,76"},{"seq":"8","sqcand":"30001202518","n":"10555","nm":"PROFESSOR JOAO","cc":"REPUBLICANOS","nv":" ","e":"s","st":"Eleito","dvt":"V\u00e1lido","vap":"132","pvap":"   2,73"},{"seq":"43","sqcand":"30001202526","n":"10147","nm":"CARLOS OLIVEIRA","cc":"REPUBLICANOS","nv":" ","e":"n","st":"Suplente","dvt":"V\u00e1lido","vap":"18","pvap":"   0,37"},{"seq":"63","sqcand":"30000964085","n":"20000","nm":"NILDE SILVA","cc":"PSC","nv":" ","e":"n","st":"N\u00e3o eleito","dvt":"V\u00e1lido","vap":"8","pvap":"   0,17"},{"seq":"66","sqcand":"30000864251","n":"50123","nm":"RAI DO CALDEIR\u00c3O","cc":"PSOL","nv":" ","e":"n","st":"N\u00e3o eleito","dvt":"V\u00e1lido","vap":"7","pvap":"   0,14"},{"seq":"55","sqcand":"30000856368","n":"90000","nm":"RAMOM LEAL","cc":"PROS","nv":" ","e":"n","st":"N\u00e3o eleito","dvt":"V\u00e1lido","vap":"50","pvap":"   1,04"},{"seq":"4","sqcand":"30000774074","n":"22333","nm":"CALLINS OLIVEIRA","cc":"PL","nv":" ","e":"s","st":"Eleito","dvt":"V\u00e1lido","vap":"182","pvap":"   3,77"},{"seq":"50","sqcand":"30001202524","n":"10567","nm":"PROF ELIANA LISBOA","cc":"REPUBLICANOS","nv":" ","e":"n","st":"Suplente","dvt":"V\u00e1lido","vap":"4","pvap":"   0,08"},{"seq":"2","sqcand":"30000819394","n":"45123","nm":"CHIRSTIAN ROCHA","cc":"PSDB","nv":" ","e":"s","st":"Eleito","dvt":"V\u00e1lido","vap":"210","pvap":"   4,35"},{"seq":"17","sqcand":"30000774072","n":"22222","nm":"TING\u00c3O","cc":"PL","nv":" ","e":"n","st":"Suplente","dvt":"V\u00e1lido","vap":"112","pvap":"   2,32"},{"seq":"7","sqcand":"30000748917","n":"23111","nm":"PROFESSOR ARLEY","cc":"CIDADANIA","nv":" ","e":"s","st":"Eleito","dvt":"V\u00e1lido","vap":"141","pvap":"   2,92"},{"seq":"77","sqcand":"30000856365","n":"90999","nm":"RAIMUNDO NONATO","cc":"PROS","nv":" ","e":"n","st":"N\u00e3o eleito","dvt":"V\u00e1lido","vap":"0","pvap":"00.00"},{"seq":"12","sqcand":"30000677055","n":"11123","nm":"DOUTORA MILENA","cc":"PP","nv":" ","e":"n","st":"Suplente","dvt":"V\u00e1lido","vap":"126","pvap":"   2,61"},{"seq":"22","sqcand":"30000819395","n":"45222","nm":"EVA SANTOS","cc":"PSDB","nv":" ","e":"n","st":"Suplente","dvt":"V\u00e1lido","vap":"77","pvap":"   1,59"},{"seq":"78","sqcand":"30000819401","n":"45000","nm":"RENATA MIRANDA","cc":"PSDB","nv":" ","e":"n","st":"N\u00e3o eleito","dvt":"Anulado sub judice","vap":"0","pvap":"00.00"},{"seq":"24","sqcand":"30000774002","n":"55555","nm":"M\u00c9RCIA LEITE","cc":"PSD","nv":" ","e":"n","st":"Suplente","dvt":"V\u00e1lido","vap":"71","pvap":"   1,47"},{"seq":"19","sqcand":"30000748916","n":"23123","nm":"CLEANNY CRUZ","cc":"CIDADANIA","nv":" ","e":"n","st":"Suplente","dvt":"V\u00e1lido","vap":"95","pvap":"   1,97"},{"seq":"13","sqcand":"30000748921","n":"23000","nm":"FERNANDO CARDOSO","cc":"CIDADANIA","nv":" ","e":"n","st":"Suplente","dvt":"V\u00e1lido","vap":"126","pvap":"   2,61"},{"seq":"40","sqcand":"30000774076","n":"22777","nm":"OZIEL VIEIRA","cc":"PL","nv":" ","e":"n","st":"Suplente","dvt":"V\u00e1lido","vap":"25","pvap":"   0,52"},{"seq":"14","sqcand":"30000677053","n":"11000","nm":"RUAN OLIVEIRA","cc":"PP","nv":" ","e":"n","st":"Suplente","dvt":"V\u00e1lido","vap":"120","pvap":"   2,49"},{"seq":"18","sqcand":"30000677057","n":"11111","nm":"PROFESSOR HELB SOARES","cc":"PP","nv":" ","e":"n","st":"Suplente","dvt":"V\u00e1lido","vap":"106","pvap":"   2,20"},{"seq":"36","sqcand":"30001202527","n":"10117","nm":"BETO PAZZOLINI","cc":"REPUBLICANOS","nv":" ","e":"n","st":"Suplente","dvt":"V\u00e1lido","vap":"29","pvap":"   0,60"},{"seq":"65","sqcand":"30000883184","n":"25012","nm":"CHINA","cc":"DEM","nv":" ","e":"n","st":"N\u00e3o eleito","dvt":"V\u00e1lido","vap":"7","pvap":"   0,14"},{"seq":"67","sqcand":"30000964080","n":"20222","nm":"PROFESSOR HERMES","cc":"PSC","nv":" ","e":"n","st":"N\u00e3o eleito","dvt":"V\u00e1lido","vap":"6","pvap":"   0,12"},{"seq":"41","sqcand":"30001202525","n":"10222","nm":"SILVIO CLIMACO","cc":"REPUBLICANOS","nv":" ","e":"n","st":"Suplente","dvt":"V\u00e1lido","vap":"22","pvap":"   0,46"},{"seq":"68","sqcand":"30000883186","n":"25890","nm":"FILHO SOUZA","cc":"DEM","nv":" ","e":"n","st":"N\u00e3o eleito","dvt":"V\u00e1lido","vap":"6","pvap":"   0,12"},{"seq":"1","sqcand":"30000677050","n":"11236","nm":"RADSON ALMEIDA","cc":"PP","nv":" ","e":"s","st":"Eleito","dvt":"V\u00e1lido","vap":"392","pvap":"   8,12"},{"seq":"42","sqcand":"30000774073","n":"22019","nm":"JO\u00c3O PAULO","cc":"PL","nv":" ","e":"n","st":"Suplente","dvt":"V\u00e1lido","vap":"20","pvap":"   0,41"},{"seq":"11","sqcand":"30001202520","n":"10789","nm":"ALZIVAN ALVES","cc":"REPUBLICANOS","nv":" ","e":"n","st":"Suplente","dvt":"V\u00e1lido","vap":"132","pvap":"   2,73"},{"seq":"53","sqcand":"30000883181","n":"25456","nm":"VALDO","cc":"DEM","nv":" ","e":"n","st":"N\u00e3o eleito","dvt":"Anulado sub judice","vap":"170","pvap":"   3,52"},{"seq":"15","sqcand":"30001202521","n":"10111","nm":"MARCIO CABELUDO","cc":"REPUBLICANOS","nv":" ","e":"n","st":"Suplente","dvt":"V\u00e1lido","vap":"115","pvap":"   2,38"},{"seq":"6","sqcand":"30000677052","n":"11222","nm":"ALESSANDRO","cc":"PP","nv":" ","e":"s","st":"Eleito","dvt":"V\u00e1lido","vap":"168","pvap":"   3,48"},{"seq":"45","sqcand":"30000819393","n":"45789","nm":"ORISMAR DO PARED\u00c3O","cc":"PSDB","nv":" ","e":"n","st":"Suplente","dvt":"V\u00e1lido","vap":"15","pvap":"   0,31"},{"seq":"38","sqcand":"30000677051","n":"11333","nm":"PROFESSORA MAELI","cc":"PP","nv":" ","e":"n","st":"Suplente","dvt":"V\u00e1lido","vap":"27","pvap":"   0,56"},{"seq":"37","sqcand":"30000774000","n":"55678","nm":"DIONATH DO POV\u00c3O","cc":"PSD","nv":" ","e":"n","st":"Suplente","dvt":"V\u00e1lido","vap":"28","pvap":"   0,58"},{"seq":"72","sqcand":"30000883188","n":"25234","nm":"ENFERMEIRO  WILSON","cc":"DEM","nv":" ","e":"n","st":"N\u00e3o eleito","dvt":"V\u00e1lido","vap":"4","pvap":"   0,08"},{"seq":"39","sqcand":"30000819397","n":"45321","nm":"ELIEZI DUARTE","cc":"PSDB","nv":" ","e":"n","st":"Suplente","dvt":"V\u00e1lido","vap":"26","pvap":"   0,54"},{"seq":"62","sqcand":"30001203172","n":"17777","nm":"ORIVALDO BEBE","cc":"PSL","nv":" ","e":"n","st":"N\u00e3o eleito","dvt":"V\u00e1lido","vap":"9","pvap":"   0,19"},{"seq":"71","sqcand":"30000883187","n":"25255","nm":"VALDIRENE PESCADORA","cc":"DEM","nv":" ","e":"n","st":"N\u00e3o eleito","dvt":"V\u00e1lido","vap":"5","pvap":"   0,10"},{"seq":"3","sqcand":"30000677056","n":"11789","nm":"ALCEU RABELO","cc":"PP","nv":" ","e":"s","st":"Eleito","dvt":"V\u00e1lido","vap":"203","pvap":"   4,20"},{"seq":"48","sqcand":"30000774070","n":"22111","nm":"ANA BELFOR","cc":"PL","nv":" ","e":"n","st":"Suplente","dvt":"V\u00e1lido","vap":"7","pvap":"   0,14"},{"seq":"69","sqcand":"30000964081","n":"20555","nm":"ILZA","cc":"PSC","nv":" ","e":"n","st":"N\u00e3o eleito","dvt":"V\u00e1lido","vap":"5","pvap":"   0,10"},{"seq":"49","sqcand":"30000819398","n":"45666","nm":"PELADO","cc":"PSDB","nv":" ","e":"n","st":"Suplente","dvt":"V\u00e1lido","vap":"5","pvap":"   0,10"},{"seq":"34","sqcand":"30000819400","n":"45333","nm":"PROFESSORA ZIL","cc":"PSDB","nv":" ","e":"n","st":"Suplente","dvt":"V\u00e1lido","vap":"34","pvap":"   0,70"},{"seq":"9","sqcand":"30000773998","n":"55333","nm":"NEG\u00c3O TAXISTA","cc":"PSD","nv":" ","e":"s","st":"Eleito","dvt":"V\u00e1lido","vap":"128","pvap":"   2,65"},{"seq":"23","sqcand":"30000773999","n":"55123","nm":"BENECO","cc":"PSD","nv":" ","e":"n","st":"Suplente","dvt":"V\u00e1lido","vap":"71","pvap":"   1,47"},{"seq":"56","sqcand":"30000856367","n":"90111","nm":"D\u00c9U COELHO","cc":"PROS","nv":" ","e":"n","st":"N\u00e3o eleito","dvt":"V\u00e1lido","vap":"47","pvap":"   0,97"},{"seq":"47","sqcand":"30000819392","n":"45555","nm":"JORGE FURTADO","cc":"PSDB","nv":" ","e":"n","st":"Suplente","dvt":"V\u00e1lido","vap":"10","pvap":"   0,21"},{"seq":"51","sqcand":"30001202519","n":"10169","nm":"NADIA LIMA","cc":"REPUBLICANOS","nv":" ","e":"n","st":"Suplente","dvt":"V\u00e1lido","vap":"2","pvap":"   0,04"},{"seq":"10","sqcand":"30000774071","n":"22123","nm":"NEURACI","cc":"PL","nv":" ","e":"n","st":"Suplente","dvt":"V\u00e1lido","vap":"157","pvap":"   3,25"},{"seq":"70","sqcand":"30000883185","n":"25124","nm":"AMIRALDO","cc":"DEM","nv":" ","e":"n","st":"N\u00e3o eleito","dvt":"V\u00e1lido","vap":"5","pvap":"   0,10"},{"seq":"32","sqcand":"30001202522","n":"10123","nm":"REGICO","cc":"REPUBLICANOS","nv":" ","e":"n","st":"Suplente","dvt":"V\u00e1lido","vap":"38","pvap":"   0,79"},{"seq":"64","sqcand":"30000864249","n":"50456","nm":"FABIANA RANGEL","cc":"PSOL","nv":" ","e":"n","st":"N\u00e3o eleito","dvt":"Anulado sub judice","vap":"8","pvap":"   0,17"},{"seq":"60","sqcand":"30000883183","n":"25678","nm":"KEILA SERRA","cc":"DEM","nv":" ","e":"n","st":"N\u00e3o eleito","dvt":"V\u00e1lido","vap":"12","pvap":"   0,25"},{"seq":"5","sqcand":"30000677054","n":"11999","nm":"GABRIEL","cc":"PP","nv":" ","e":"s","st":"Eleito","dvt":"V\u00e1lido","vap":"178","pvap":"   3,69"},{"seq":"54","sqcand":"30000883180","n":"25123","nm":"BADICO","cc":"DEM","nv":" ","e":"n","st":"N\u00e3o eleito","dvt":"V\u00e1lido","vap":"143","pvap":"   2,96"},{"seq":"31","sqcand":"30000819396","n":"45777","nm":"BONECO","cc":"PSDB","nv":" ","e":"n","st":"Suplente","dvt":"V\u00e1lido","vap":"41","pvap":"   0,85"},{"seq":"57","sqcand":"30000856370","n":"90345","nm":"MARCELO SOUSA","cc":"PROS","nv":" ","e":"n","st":"N\u00e3o eleito","dvt":"V\u00e1lido","vap":"40","pvap":"   0,83"},{"seq":"28","sqcand":"30000774075","n":"22555","nm":"H\u00c9LDER","cc":"PL","nv":" ","e":"n","st":"Suplente","dvt":"V\u00e1lido","vap":"49","pvap":"   1,01"},{"seq":"16","sqcand":"30000748920","n":"23456","nm":"COLORAU","cc":"CIDADANIA","nv":" ","e":"n","st":"Suplente","dvt":"V\u00e1lido","vap":"113","pvap":"   2,34"},{"seq":"30","sqcand":"30000774003","n":"55000","nm":"NALDO","cc":"PSD","nv":" ","e":"n","st":"Suplente","dvt":"V\u00e1lido","vap":"42","pvap":"   0,87"},{"seq":"35","sqcand":"30000748918","n":"23300","nm":"JOSELI FURTADO","cc":"CIDADANIA","nv":" ","e":"n","st":"Suplente","dvt":"V\u00e1lido","vap":"33","pvap":"   0,68"},{"seq":"59","sqcand":"30000883182","n":"25555","nm":"JACY ARAUJO","cc":"DEM","nv":" ","e":"n","st":"N\u00e3o eleito","dvt":"V\u00e1lido","vap":"13","pvap":"   0,27"},{"seq":"25","sqcand":"30000774004","n":"55369","nm":"RENILDO","cc":"PSD","nv":" ","e":"n","st":"Suplente","dvt":"V\u00e1lido","vap":"70","pvap":"   1,45"},{"seq":"75","sqcand":"30001203173","n":"17000","nm":"REGIANE FERREIRA","cc":"PSL","nv":" ","e":"n","st":"N\u00e3o eleito","dvt":"V\u00e1lido","vap":"3","pvap":"   0,06"},{"seq":"26","sqcand":"30000774001","n":"55777","nm":"PROFESSORA CLAUDINEIA","cc":"PSD","nv":" ","e":"n","st":"Suplente","dvt":"V\u00e1lido","vap":"65","pvap":"   1,35"},{"seq":"33","sqcand":"30000677048","n":"11369","nm":"GOIABA","cc":"PP","nv":" ","e":"n","st":"Suplente","dvt":"V\u00e1lido","vap":"38","pvap":"   0,79"},{"seq":"29","sqcand":"30000774069","n":"22369","nm":"PROFESSORA KEITY","cc":"PL","nv":" ","e":"n","st":"Suplente","dvt":"V\u00e1lido","vap":"43","pvap":"   0,89"},{"seq":"58","sqcand":"30000856369","n":"90789","nm":"CESINHA MATOS","cc":"PROS","nv":" ","e":"n","st":"N\u00e3o eleito","dvt":"V\u00e1lido","vap":"14","pvap":"   0,29"}]}
