{"ele":"426","tpabr":"mu","cdabr":"06173","carper":"13","t":"1","f":"o","dt":"15/11/2020","ht":"22:05:46","dv":"s","tf":"s","v":"9","esae":"n","mnae":"","s":"41","st":"41","pst":" 100,00","snt":"0","psnt":"   0,00","si":"41","psi":" 100,00","sni":"0","psni":"   0,00","sa":"41","psa":" 100,00","sna":"0","psna":"   0,00","e":"9727","ea":"9727","pea":" 100,00","ena":"0","pena":"   0,00","esi":"9727","pesi":" 100,00","esni":"0","pesni":"   0,00","c":"8021","pc":"  82,46","a":"1706","pa":"  17,54","vscv":"0","vnom":"7549","vl":"357","pvnom":"  95,48","pvl":"   4,52","vvc":"7906","pvvc":"  98,57","vb":"32","pvb":"   0,40","tvn":"83","ptvn":"   1,03","vn":"83","pvn":" 100,00","vnt":"0","pvnt":"   0,00","vp":"0","pvp":"   0,00","vv":"7906","pvv":" 100,00","van":"0","pvan":"   0,00","vansj":"0","pvansj":"   0,00","tv":"8021","cand":[{"seq":"85","sqcand":"30000990801","n":"23456","nm":"MATHEUS COSTA","cc":"CIDADANIA","nv":" ","e":"n","st":"N\u00e3o eleito","dvt":"V\u00e1lido","vap":"5","pvap":"   0,06"},{"seq":"37","sqcand":"30000963083","n":"25222","nm":"DIOMAR","cc":"DEM","nv":" ","e":"n","st":"Suplente","dvt":"V\u00e1lido","vap":"90","pvap":"   1,14"},{"seq":"44","sqcand":"30000698378","n":"12777","nm":"RODRIGO DO CEDRO","cc":"PDT","nv":" ","e":"n","st":"Suplente","dvt":"V\u00e1lido","vap":"55","pvap":"   0,70"},{"seq":"20","sqcand":"30000818551","n":"15120","nm":"CHIQUINHO","cc":"MDB","nv":" ","e":"n","st":"Suplente","dvt":"V\u00e1lido","vap":"154","pvap":"   1,95"},{"seq":"18","sqcand":"30001259114","n":"15999","nm":"DAD\u00c1","cc":"MDB","nv":" ","e":"n","st":"Suplente","dvt":"V\u00e1lido","vap":"157","pvap":"   1,99"},{"seq":"1","sqcand":"30000640874","n":"22123","nm":"LEANDRO FERREIRA","cc":"PL","nv":" ","e":"s","st":"Eleito","dvt":"V\u00e1lido","vap":"410","pvap":"   5,19"},{"seq":"15","sqcand":"30000635882","n":"11456","nm":"MANEL FERREIRA","cc":"PP","nv":" ","e":"n","st":"Suplente","dvt":"V\u00e1lido","vap":"169","pvap":"   2,14"},{"seq":"13","sqcand":"30000635885","n":"11000","nm":"JOSEMIR CASTELO","cc":"PP","nv":" ","e":"n","st":"Suplente","dvt":"V\u00e1lido","vap":"192","pvap":"   2,43"},{"seq":"30","sqcand":"30000640878","n":"22300","nm":"ROBSON PENHA","cc":"PL","nv":" ","e":"n","st":"Suplente","dvt":"V\u00e1lido","vap":"101","pvap":"   1,28"},{"seq":"3","sqcand":"30000698376","n":"12333","nm":"IUANNE FIGUEIREDO","cc":"PDT","nv":" ","e":"s","st":"Eleito","dvt":"V\u00e1lido","vap":"332","pvap":"   4,20"},{"seq":"28","sqcand":"30000677189","n":"55122","nm":"ILSON DO SON","cc":"PSD","nv":" ","e":"n","st":"Suplente","dvt":"V\u00e1lido","vap":"113","pvap":"   1,43"},{"seq":"71","sqcand":"30000640872","n":"22177","nm":"JAMILE BARROS","cc":"PL","nv":" ","e":"n","st":"Suplente","dvt":"V\u00e1lido","vap":"5","pvap":"   0,06"},{"seq":"86","sqcand":"30000990803","n":"23006","nm":"MARCIA DO CEDRO","cc":"CIDADANIA","nv":" ","e":"n","st":"N\u00e3o eleito","dvt":"V\u00e1lido","vap":"4","pvap":"   0,05"},{"seq":"66","sqcand":"30000677177","n":"55666","nm":"VANIA","cc":"PSD","nv":" ","e":"n","st":"Suplente","dvt":"V\u00e1lido","vap":"12","pvap":"   0,15"},{"seq":"84","sqcand":"30000990799","n":"23007","nm":"JOSSLYN PARIZE","cc":"CIDADANIA","nv":" ","e":"n","st":"N\u00e3o eleito","dvt":"V\u00e1lido","vap":"6","pvap":"   0,08"},{"seq":"14","sqcand":"30000635886","n":"11333","nm":"VALDILENE","cc":"PP","nv":" ","e":"n","st":"Suplente","dvt":"V\u00e1lido","vap":"188","pvap":"   2,38"},{"seq":"68","sqcand":"30000640879","n":"22126","nm":"ALCILENE CUP\u00da","cc":"PL","nv":" ","e":"n","st":"Suplente","dvt":"V\u00e1lido","vap":"8","pvap":"   0,10"},{"seq":"79","sqcand":"30000990800","n":"23169","nm":"PEPE DIAS","cc":"CIDADANIA","nv":" ","e":"n","st":"N\u00e3o eleito","dvt":"V\u00e1lido","vap":"28","pvap":"   0,35"},{"seq":"33","sqcand":"30001134312","n":"10456","nm":"FABINHO CONSELHEIRO","cc":"REPUBLICANOS","nv":" ","e":"n","st":"Suplente","dvt":"V\u00e1lido","vap":"98","pvap":"   1,24"},{"seq":"55","sqcand":"30000635880","n":"11015","nm":"ELENITE CORR\u00caA","cc":"PP","nv":" ","e":"n","st":"Suplente","dvt":"V\u00e1lido","vap":"26","pvap":"   0,33"},{"seq":"69","sqcand":"30000640877","n":"22000","nm":"MAIZA CAMPOS","cc":"PL","nv":" ","e":"n","st":"Suplente","dvt":"V\u00e1lido","vap":"6","pvap":"   0,08"},{"seq":"58","sqcand":"30000963090","n":"25456","nm":"RAIMUNDA ALMEIDA","cc":"DEM","nv":" ","e":"n","st":"Suplente","dvt":"V\u00e1lido","vap":"23","pvap":"   0,29"},{"seq":"47","sqcand":"30000677180","n":"55123","nm":"LUIZ CARLOS","cc":"PSD","nv":" ","e":"n","st":"Suplente","dvt":"V\u00e1lido","vap":"48","pvap":"   0,61"},{"seq":"17","sqcand":"30000635887","n":"11123","nm":"IGOR","cc":"PP","nv":" ","e":"n","st":"Suplente","dvt":"V\u00e1lido","vap":"165","pvap":"   2,09"},{"seq":"5","sqcand":"30000963081","n":"25369","nm":"FELIPE REZENDE","cc":"DEM","nv":" ","e":"s","st":"Eleito","dvt":"V\u00e1lido","vap":"241","pvap":"   3,05"},{"seq":"46","sqcand":"30001134304","n":"10234","nm":"MARLENE DO CEDRO","cc":"REPUBLICANOS","nv":" ","e":"n","st":"Suplente","dvt":"V\u00e1lido","vap":"51","pvap":"   0,65"},{"seq":"63","sqcand":"30001264123","n":"55000","nm":"FABIANE ROCHA","cc":"PSD","nv":" ","e":"n","st":"Suplente","dvt":"V\u00e1lido","vap":"17","pvap":"   0,22"},{"seq":"52","sqcand":"30000818557","n":"15580","nm":"ALAN SERIQUE","cc":"MDB","nv":" ","e":"n","st":"Suplente","dvt":"V\u00e1lido","vap":"34","pvap":"   0,43"},{"seq":"25","sqcand":"30000635879","n":"11222","nm":"SUZI MIRA","cc":"PP","nv":" ","e":"n","st":"Suplente","dvt":"V\u00e1lido","vap":"121","pvap":"   1,53"},{"seq":"32","sqcand":"30000635883","n":"11555","nm":"ANGELA R\u00d4LA","cc":"PP","nv":" ","e":"n","st":"Suplente","dvt":"V\u00e1lido","vap":"98","pvap":"   1,24"},{"seq":"80","sqcand":"30001202012","n":"28000","nm":"PAULO JUNIOR","cc":"PRTB","nv":" ","e":"n","st":"N\u00e3o eleito","dvt":"V\u00e1lido","vap":"25","pvap":"   0,32"},{"seq":"57","sqcand":"30001134315","n":"10007","nm":"LEOMIR DIAS","cc":"REPUBLICANOS","nv":" ","e":"n","st":"Suplente","dvt":"V\u00e1lido","vap":"24","pvap":"   0,30"},{"seq":"54","sqcand":"30000698379","n":"12000","nm":"ZACARIAS","cc":"PDT","nv":" ","e":"n","st":"Suplente","dvt":"V\u00e1lido","vap":"30","pvap":"   0,38"},{"seq":"73","sqcand":"30001134307","n":"10258","nm":"V\u00c2NIA SILVA","cc":"REPUBLICANOS","nv":" ","e":"n","st":"Suplente","dvt":"V\u00e1lido","vap":"3","pvap":"   0,04"},{"seq":"23","sqcand":"30001134305","n":"10369","nm":"EDEMIR FILHO","cc":"REPUBLICANOS","nv":" ","e":"n","st":"Suplente","dvt":"V\u00e1lido","vap":"129","pvap":"   1,63"},{"seq":"27","sqcand":"30000677187","n":"55555","nm":"MENESES","cc":"PSD","nv":" ","e":"n","st":"Suplente","dvt":"V\u00e1lido","vap":"113","pvap":"   1,43"},{"seq":"7","sqcand":"30000635884","n":"11011","nm":"GLAUCIO DE PAULA","cc":"PP","nv":" ","e":"s","st":"Eleito","dvt":"V\u00e1lido","vap":"200","pvap":"   2,53"},{"seq":"50","sqcand":"30000698373","n":"12222","nm":"CONCEI\u00c7\u00c3O DO MUTUM","cc":"PDT","nv":" ","e":"n","st":"Suplente","dvt":"V\u00e1lido","vap":"40","pvap":"   0,51"},{"seq":"10","sqcand":"30000640876","n":"22222","nm":"IZAIAS CARDOSO","cc":"PL","nv":" ","e":"n","st":"Suplente","dvt":"V\u00e1lido","vap":"267","pvap":"   3,38"},{"seq":"81","sqcand":"30000990802","n":"23123","nm":"PR JOSADAN NORONHA","cc":"CIDADANIA","nv":" ","e":"n","st":"N\u00e3o eleito","dvt":"V\u00e1lido","vap":"22","pvap":"   0,28"},{"seq":"56","sqcand":"30001134310","n":"10123","nm":"LUCINHA DA SA\u00daDE","cc":"REPUBLICANOS","nv":" ","e":"n","st":"Suplente","dvt":"V\u00e1lido","vap":"24","pvap":"   0,30"},{"seq":"6","sqcand":"30000818552","n":"15555","nm":"EDIVAN MENEZES","cc":"MDB","nv":" ","e":"s","st":"Eleito","dvt":"V\u00e1lido","vap":"206","pvap":"   2,61"},{"seq":"74","sqcand":"30001259115","n":"15015","nm":"IDEVANNE MACIEL","cc":"MDB","nv":" ","e":"n","st":"Suplente","dvt":"V\u00e1lido","vap":"3","pvap":"   0,04"},{"seq":"83","sqcand":"30001202013","n":"28123","nm":"RILMA PITBULL","cc":"PRTB","nv":" ","e":"n","st":"N\u00e3o eleito","dvt":"V\u00e1lido","vap":"7","pvap":"   0,09"},{"seq":"67","sqcand":"30000677185","n":"55789","nm":"DIDI","cc":"PSD","nv":" ","e":"n","st":"Suplente","dvt":"V\u00e1lido","vap":"8","pvap":"   0,10"},{"seq":"64","sqcand":"30001134311","n":"10101","nm":"BIRONGA","cc":"REPUBLICANOS","nv":" ","e":"n","st":"Suplente","dvt":"V\u00e1lido","vap":"14","pvap":"   0,18"},{"seq":"22","sqcand":"30000963085","n":"25111","nm":"RAIMUNDINHA GARIMPEIRA","cc":"DEM","nv":" ","e":"n","st":"Suplente","dvt":"V\u00e1lido","vap":"142","pvap":"   1,80"},{"seq":"72","sqcand":"30000963084","n":"25444","nm":"MADUREIRA","cc":"DEM","nv":" ","e":"n","st":"Suplente","dvt":"V\u00e1lido","vap":"4","pvap":"   0,05"},{"seq":"60","sqcand":"30001134316","n":"10567","nm":"ISA COSTA","cc":"REPUBLICANOS","nv":" ","e":"n","st":"Suplente","dvt":"V\u00e1lido","vap":"22","pvap":"   0,28"},{"seq":"59","sqcand":"30000677179","n":"55182","nm":"JANE DO ANDIROBA","cc":"PSD","nv":" ","e":"n","st":"Suplente","dvt":"V\u00e1lido","vap":"22","pvap":"   0,28"},{"seq":"61","sqcand":"30000963088","n":"25333","nm":"MIGUEL OLIVEIRA","cc":"DEM","nv":" ","e":"n","st":"Suplente","dvt":"V\u00e1lido","vap":"17","pvap":"   0,22"},{"seq":"62","sqcand":"30000677183","n":"55222","nm":"WAGNER","cc":"PSD","nv":" ","e":"n","st":"Suplente","dvt":"V\u00e1lido","vap":"17","pvap":"   0,22"},{"seq":"9","sqcand":"30000677184","n":"55111","nm":"PROF ALESSANDRO","cc":"PSD","nv":" ","e":"s","st":"Eleito","dvt":"V\u00e1lido","vap":"138","pvap":"   1,75"},{"seq":"12","sqcand":"30000818553","n":"15111","nm":"JOS\u00c9 TRA\u00cdRA","cc":"MDB","nv":" ","e":"n","st":"Suplente","dvt":"V\u00e1lido","vap":"194","pvap":"   2,45"},{"seq":"53","sqcand":"30000640868","n":"22369","nm":"JEOVAN FERREIRA","cc":"PL","nv":" ","e":"n","st":"Suplente","dvt":"V\u00e1lido","vap":"32","pvap":"   0,40"},{"seq":"49","sqcand":"30001134309","n":"10380","nm":"SAMUEL NUNES","cc":"REPUBLICANOS","nv":" ","e":"n","st":"Suplente","dvt":"V\u00e1lido","vap":"45","pvap":"   0,57"},{"seq":"65","sqcand":"30000818549","n":"15234","nm":"SIDINEIDE","cc":"MDB","nv":" ","e":"n","st":"Suplente","dvt":"V\u00e1lido","vap":"12","pvap":"   0,15"},{"seq":"2","sqcand":"30000818558","n":"15000","nm":"EDY CARLOS BRAZAO","cc":"MDB","nv":" ","e":"s","st":"Eleito","dvt":"V\u00e1lido","vap":"336","pvap":"   4,25"},{"seq":"51","sqcand":"30000818554","n":"15825","nm":"SARA COSTA","cc":"MDB","nv":" ","e":"n","st":"Suplente","dvt":"V\u00e1lido","vap":"36","pvap":"   0,46"},{"seq":"24","sqcand":"30001134308","n":"10000","nm":"LINDO","cc":"REPUBLICANOS","nv":" ","e":"n","st":"Suplente","dvt":"V\u00e1lido","vap":"122","pvap":"   1,54"},{"seq":"31","sqcand":"30000698381","n":"12123","nm":"D&apos;SAN FONSECA","cc":"PDT","nv":" ","e":"n","st":"Suplente","dvt":"V\u00e1lido","vap":"101","pvap":"   1,28"},{"seq":"34","sqcand":"30000963082","n":"25123","nm":"OSANGELA DO CART\u00d3RIO","cc":"DEM","nv":" ","e":"n","st":"Suplente","dvt":"V\u00e1lido","vap":"98","pvap":"   1,24"},{"seq":"43","sqcand":"30000677188","n":"55299","nm":"ROBERTO GURJAO","cc":"PSD","nv":" ","e":"n","st":"Suplente","dvt":"V\u00e1lido","vap":"63","pvap":"   0,80"},{"seq":"4","sqcand":"30000635881","n":"11111","nm":"GATO","cc":"PP","nv":" ","e":"s","st":"Eleito","dvt":"V\u00e1lido","vap":"269","pvap":"   3,40"},{"seq":"75","sqcand":"30000818555","n":"15666","nm":"GUTO GURJAO","cc":"MDB","nv":" ","e":"n","st":"Suplente","dvt":"V\u00e1lido","vap":"0","pvap":"00.00"},{"seq":"42","sqcand":"30000640870","n":"22111","nm":"ISAAC BARBOSA","cc":"PL","nv":" ","e":"n","st":"Suplente","dvt":"V\u00e1lido","vap":"67","pvap":"   0,85"},{"seq":"70","sqcand":"30000698375","n":"12199","nm":"ADA MACIEL","cc":"PDT","nv":" ","e":"n","st":"Suplente","dvt":"V\u00e1lido","vap":"5","pvap":"   0,06"},{"seq":"16","sqcand":"30000698380","n":"12125","nm":"WELSON","cc":"PDT","nv":" ","e":"n","st":"Suplente","dvt":"V\u00e1lido","vap":"165","pvap":"   2,09"},{"seq":"82","sqcand":"30000990804","n":"23111","nm":"EMERSON COELHO","cc":"CIDADANIA","nv":" ","e":"n","st":"N\u00e3o eleito","dvt":"V\u00e1lido","vap":"9","pvap":"   0,11"},{"seq":"40","sqcand":"30000698372","n":"12580","nm":"RAIMUND\u00c3O DO CEDRO","cc":"PDT","nv":" ","e":"n","st":"Suplente","dvt":"V\u00e1lido","vap":"77","pvap":"   0,97"},{"seq":"48","sqcand":"30001134306","n":"10222","nm":"COT","cc":"REPUBLICANOS","nv":" ","e":"n","st":"Suplente","dvt":"V\u00e1lido","vap":"47","pvap":"   0,59"},{"seq":"21","sqcand":"30001134313","n":"10147","nm":"GERALDO LEITE","cc":"REPUBLICANOS","nv":" ","e":"n","st":"Suplente","dvt":"V\u00e1lido","vap":"147","pvap":"   1,86"},{"seq":"41","sqcand":"30000640873","n":"22007","nm":"WELINTON TOM DO APOREMA","cc":"PL","nv":" ","e":"n","st":"Suplente","dvt":"V\u00e1lido","vap":"76","pvap":"   0,96"},{"seq":"78","sqcand":"30000990798","n":"23222","nm":"FRANCI TEIXEIRA","cc":"CIDADANIA","nv":" ","e":"n","st":"N\u00e3o eleito","dvt":"V\u00e1lido","vap":"73","pvap":"   0,92"},{"seq":"11","sqcand":"30000698377","n":"12369","nm":"SANTO FARIAS","cc":"PDT","nv":" ","e":"n","st":"Suplente","dvt":"V\u00e1lido","vap":"195","pvap":"   2,47"},{"seq":"19","sqcand":"30000640871","n":"22115","nm":"PASTOR CORN\u00c9LIO","cc":"PL","nv":" ","e":"n","st":"Suplente","dvt":"V\u00e1lido","vap":"155","pvap":"   1,96"},{"seq":"26","sqcand":"30000963086","n":"25321","nm":"NATALLIA ESPIGA","cc":"DEM","nv":" ","e":"n","st":"Suplente","dvt":"V\u00e1lido","vap":"115","pvap":"   1,45"},{"seq":"35","sqcand":"30000963091","n":"25000","nm":"ZELINA","cc":"DEM","nv":" ","e":"n","st":"Suplente","dvt":"V\u00e1lido","vap":"97","pvap":"   1,23"},{"seq":"29","sqcand":"30000635877","n":"11234","nm":"JEIAS LEITE","cc":"PP","nv":" ","e":"n","st":"Suplente","dvt":"V\u00e1lido","vap":"107","pvap":"   1,35"},{"seq":"45","sqcand":"30000677181","n":"55333","nm":"MANOEL DO CAJU","cc":"PSD","nv":" ","e":"n","st":"Suplente","dvt":"V\u00e1lido","vap":"54","pvap":"   0,68"},{"seq":"38","sqcand":"30000677182","n":"55133","nm":"PROF MARCIO BRITO","cc":"PSD","nv":" ","e":"n","st":"Suplente","dvt":"V\u00e1lido","vap":"88","pvap":"   1,11"},{"seq":"8","sqcand":"30001134314","n":"10111","nm":"ROSINALDO PAIVA","cc":"REPUBLICANOS","nv":" ","e":"s","st":"Eleito","dvt":"V\u00e1lido","vap":"150","pvap":"   1,90"},{"seq":"36","sqcand":"30000818550","n":"15231","nm":"Z\u00c9 BINA","cc":"MDB","nv":" ","e":"n","st":"Suplente","dvt":"V\u00e1lido","vap":"94","pvap":"   1,19"},{"seq":"76","sqcand":"30000640869","n":"22112","nm":"NARCEL\u00cd TCHOCA","cc":"PL","nv":" ","e":"n","st":"Suplente","dvt":"V\u00e1lido","vap":"0","pvap":"00.00"},{"seq":"39","sqcand":"30000963092","n":"25789","nm":"J\u00daNIOR DIAS","cc":"DEM","nv":" ","e":"n","st":"Suplente","dvt":"V\u00e1lido","vap":"86","pvap":"   1,09"},{"seq":"77","sqcand":"30000677186","n":"55369","nm":"CLEIA VIGILANTE","cc":"PSD","nv":" ","e":"n","st":"Suplente","dvt":"V\u00e1lido","vap":"0","pvap":"00.00"}]}
