{"ele":"426","tpabr":"mu","cdabr":"07021","carper":"13","t":"1","f":"o","dt":"15/11/2020","ht":"22:16:54","dv":"s","tf":"s","v":"11","esae":"n","mnae":"","s":"48","st":"48","pst":" 100,00","snt":"0","psnt":"   0,00","si":"48","psi":" 100,00","sni":"0","psni":"   0,00","sa":"48","psa":" 100,00","sna":"0","psna":"   0,00","e":"18561","ea":"18561","pea":" 100,00","ena":"0","pena":"   0,00","esi":"18561","pesi":" 100,00","esni":"0","pesni":"   0,00","c":"14312","pc":"  77,11","a":"4249","pa":"  22,89","vscv":"0","vnom":"12774","vl":"840","pvnom":"  93,83","pvl":"   6,17","vvc":"13721","pvvc":"  95,87","vb":"144","pvb":"   1,01","tvn":"447","ptvn":"   3,12","vn":"447","pvn":" 100,00","vnt":"0","pvnt":"   0,00","vp":"0","pvp":"   0,00","vv":"13614","pvv":"  99,22","van":"0","pvan":"   0,00","vansj":"107","pvansj":"   0,78","tv":"14312","cand":[{"seq":"13","sqcand":"100001022973","n":"12012","nm":"DEZO DO ALTAMIRA","cc":"PDT","nv":" ","e":"n","st":"Suplente","dvt":"V\u00e1lido","vap":"361","pvap":"   2,63"},{"seq":"41","sqcand":"100000950289","n":"25222","nm":"JURANDIR","cc":"DEM","nv":" ","e":"n","st":"Suplente","dvt":"V\u00e1lido","vap":"67","pvap":"   0,49"},{"seq":"83","sqcand":"100001209605","n":"17456","nm":"MARIA JOSE","cc":"PSL","nv":" ","e":"n","st":"N\u00e3o eleito","dvt":"V\u00e1lido","vap":"6","pvap":"   0,04"},{"seq":"15","sqcand":"100001031021","n":"65444","nm":"VANUSA VIEIRA","cc":"PC do B","nv":" ","e":"n","st":"Suplente","dvt":"V\u00e1lido","vap":"341","pvap":"   2,49"},{"seq":"56","sqcand":"100001210762","n":"22777","nm":"PROF.\u00aa ELIANE","cc":"PL","nv":" ","e":"n","st":"Suplente","dvt":"V\u00e1lido","vap":"16","pvap":"   0,12"},{"seq":"11","sqcand":"100001210755","n":"22123","nm":"VEREADOR L\u00c9O","cc":"PL","nv":" ","e":"s","st":"Eleito","dvt":"V\u00e1lido","vap":"323","pvap":"   2,35"},{"seq":"2","sqcand":"100001210764","n":"22111","nm":"LEONARDO DO POSTO","cc":"PL","nv":" ","e":"s","st":"Eleito","dvt":"V\u00e1lido","vap":"831","pvap":"   6,06"},{"seq":"49","sqcand":"100001031024","n":"65123","nm":"FRANCILMARIA MUNIZ","cc":"PC do B","nv":" ","e":"n","st":"Suplente","dvt":"V\u00e1lido","vap":"36","pvap":"   0,26"},{"seq":"25","sqcand":"100000950295","n":"25888","nm":"TATIANE RIBEIRO","cc":"DEM","nv":" ","e":"n","st":"Suplente","dvt":"V\u00e1lido","vap":"165","pvap":"   1,20"},{"seq":"80","sqcand":"100001208702","n":"13113","nm":"CHICO DO PT","cc":"PT","nv":" ","e":"n","st":"N\u00e3o eleito","dvt":"V\u00e1lido","vap":"9","pvap":"   0,07"},{"seq":"44","sqcand":"100001210763","n":"22444","nm":"JOSUE","cc":"PL","nv":" ","e":"n","st":"Suplente","dvt":"V\u00e1lido","vap":"59","pvap":"   0,43"},{"seq":"29","sqcand":"100000950288","n":"25001","nm":"EVANDRO DA VAN","cc":"DEM","nv":" ","e":"n","st":"Suplente","dvt":"V\u00e1lido","vap":"122","pvap":"   0,89"},{"seq":"1","sqcand":"100001210759","n":"22555","nm":"ELIANE DA TECA","cc":"PL","nv":" ","e":"s","st":"Eleito","dvt":"V\u00e1lido","vap":"946","pvap":"   6,89"},{"seq":"63","sqcand":"100001208705","n":"13333","nm":"SIMONE DO SINDICATO","cc":"PT","nv":" ","e":"n","st":"N\u00e3o eleito","dvt":"V\u00e1lido","vap":"211","pvap":"   1,54"},{"seq":"54","sqcand":"100001210754","n":"22321","nm":"ALEXANDRE TORRES","cc":"PL","nv":" ","e":"n","st":"Suplente","dvt":"V\u00e1lido","vap":"22","pvap":"   0,16"},{"seq":"34","sqcand":"100001029268","n":"70122","nm":"GENI POPULAR","cc":"AVANTE","nv":" ","e":"n","st":"Suplente","dvt":"V\u00e1lido","vap":"89","pvap":"   0,65"},{"seq":"5","sqcand":"100001031022","n":"65555","nm":"PATR\u00cdCIA PAIVA","cc":"PC do B","nv":" ","e":"s","st":"Eleito","dvt":"V\u00e1lido","vap":"534","pvap":"   3,89"},{"seq":"75","sqcand":"100001210650","n":"36000","nm":"EDNA CARDIELLI","cc":"PTC","nv":" ","e":"n","st":"N\u00e3o eleito","dvt":"V\u00e1lido","vap":"14","pvap":"   0,10"},{"seq":"39","sqcand":"100001031023","n":"65789","nm":"IRM\u00c3 CHEILA","cc":"PC do B","nv":" ","e":"n","st":"Suplente","dvt":"V\u00e1lido","vap":"70","pvap":"   0,51"},{"seq":"30","sqcand":"100001210757","n":"22333","nm":"SOLANGE","cc":"PL","nv":" ","e":"n","st":"Suplente","dvt":"V\u00e1lido","vap":"117","pvap":"   0,85"},{"seq":"86","sqcand":"100001210653","n":"36789","nm":"DOMINGOS DE CARVALHO","cc":"PTC","nv":" ","e":"n","st":"N\u00e3o eleito","dvt":"V\u00e1lido","vap":"1","pvap":"   0,01"},{"seq":"43","sqcand":"100001029269","n":"70333","nm":"JOSIMAR MAZ\u00c3O","cc":"AVANTE","nv":" ","e":"n","st":"Suplente","dvt":"V\u00e1lido","vap":"60","pvap":"   0,44"},{"seq":"17","sqcand":"100001022976","n":"12123","nm":"DELSON DA CAXUXA","cc":"PDT","nv":" ","e":"n","st":"Suplente","dvt":"V\u00e1lido","vap":"322","pvap":"   2,35"},{"seq":"70","sqcand":"100001209613","n":"17777","nm":"NATHALHA DE FRANCA","cc":"PSL","nv":" ","e":"n","st":"N\u00e3o eleito","dvt":"V\u00e1lido","vap":"23","pvap":"   0,17"},{"seq":"9","sqcand":"100000950285","n":"25555","nm":"RAQUEL MANO","cc":"DEM","nv":" ","e":"s","st":"Eleito","dvt":"V\u00e1lido","vap":"369","pvap":"   2,69"},{"seq":"59","sqcand":"100001029262","n":"70999","nm":"CARLA CANTORA","cc":"AVANTE","nv":" ","e":"n","st":"Suplente","dvt":"V\u00e1lido","vap":"10","pvap":"   0,07"},{"seq":"48","sqcand":"100001029258","n":"70321","nm":"ADRIANO SOUSA","cc":"AVANTE","nv":" ","e":"n","st":"Suplente","dvt":"V\u00e1lido","vap":"40","pvap":"   0,29"},{"seq":"42","sqcand":"100001031020","n":"65345","nm":"BIMA COPES","cc":"PC do B","nv":" ","e":"n","st":"Suplente","dvt":"V\u00e1lido","vap":"60","pvap":"   0,44"},{"seq":"12","sqcand":"100001031018","n":"65000","nm":"FILHO DO ANUAR","cc":"PC do B","nv":" ","e":"n","st":"Suplente","dvt":"V\u00e1lido","vap":"389","pvap":"   2,84"},{"seq":"35","sqcand":"100001029266","n":"70000","nm":"IRM\u00c3O ANTONIO","cc":"AVANTE","nv":" ","e":"n","st":"Suplente","dvt":"V\u00e1lido","vap":"87","pvap":"   0,63"},{"seq":"55","sqcand":"100001022975","n":"12555","nm":"RAILSON PEIXEIRO","cc":"PDT","nv":" ","e":"n","st":"Suplente","dvt":"V\u00e1lido","vap":"17","pvap":"   0,12"},{"seq":"52","sqcand":"100000950284","n":"25111","nm":"ALEXANDRE ALETRICISTA","cc":"DEM","nv":" ","e":"n","st":"Suplente","dvt":"V\u00e1lido","vap":"30","pvap":"   0,22"},{"seq":"78","sqcand":"100001208703","n":"13213","nm":"RAQUEL DA SANTA LUZIA","cc":"PT","nv":" ","e":"n","st":"N\u00e3o eleito","dvt":"V\u00e1lido","vap":"10","pvap":"   0,07"},{"seq":"26","sqcand":"100001022966","n":"12121","nm":"SUELY TORRES","cc":"PDT","nv":" ","e":"n","st":"Suplente","dvt":"V\u00e1lido","vap":"158","pvap":"   1,15"},{"seq":"66","sqcand":"100001208707","n":"13000","nm":"DERIVALDO DO SINDICATO","cc":"PT","nv":" ","e":"n","st":"N\u00e3o eleito","dvt":"V\u00e1lido","vap":"104","pvap":"   0,76"},{"seq":"38","sqcand":"100001029270","n":"70555","nm":"ESDRAS RODRIGUES","cc":"AVANTE","nv":" ","e":"n","st":"Suplente","dvt":"V\u00e1lido","vap":"71","pvap":"   0,52"},{"seq":"28","sqcand":"100001022972","n":"12147","nm":"ABIDIAS DA MATINHA","cc":"PDT","nv":" ","e":"n","st":"Suplente","dvt":"V\u00e1lido","vap":"137","pvap":"   1,00"},{"seq":"18","sqcand":"100001210756","n":"22580","nm":"DOUGLAS DA CAXUXA","cc":"PL","nv":" ","e":"n","st":"Suplente","dvt":"V\u00e1lido","vap":"318","pvap":"   2,32"},{"seq":"6","sqcand":"100000950287","n":"25123","nm":"NETO FIUZA","cc":"DEM","nv":" ","e":"s","st":"Eleito","dvt":"V\u00e1lido","vap":"448","pvap":"   3,27"},{"seq":"14","sqcand":"100000950290","n":"25000","nm":"KALLIANY VIEIRA","cc":"DEM","nv":" ","e":"n","st":"Suplente","dvt":"V\u00e1lido","vap":"346","pvap":"   2,52"},{"seq":"4","sqcand":"100001022969","n":"12456","nm":"PROFESSORA MIRIAM","cc":"PDT","nv":" ","e":"s","st":"Eleito","dvt":"V\u00e1lido","vap":"535","pvap":"   3,90"},{"seq":"7","sqcand":"100001029260","n":"70123","nm":"SIDNEY","cc":"AVANTE","nv":" ","e":"s","st":"Eleito","dvt":"V\u00e1lido","vap":"388","pvap":"   2,83"},{"seq":"27","sqcand":"100001029264","n":"70666","nm":"CAF\u00c9","cc":"AVANTE","nv":" ","e":"n","st":"Suplente","dvt":"V\u00e1lido","vap":"154","pvap":"   1,12"},{"seq":"62","sqcand":"100001022965","n":"12777","nm":"JORGE FONTINELE","cc":"PDT","nv":" ","e":"n","st":"Suplente","dvt":"V\u00e1lido","vap":"4","pvap":"   0,03"},{"seq":"32","sqcand":"100001029261","n":"70899","nm":"MARLENE","cc":"AVANTE","nv":" ","e":"n","st":"Suplente","dvt":"V\u00e1lido","vap":"106","pvap":"   0,77"},{"seq":"60","sqcand":"100001210766","n":"22113","nm":"RAQUEL","cc":"PL","nv":" ","e":"n","st":"Suplente","dvt":"V\u00e1lido","vap":"9","pvap":"   0,07"},{"seq":"36","sqcand":"100000950293","n":"25333","nm":"MARIA CREUZA","cc":"DEM","nv":" ","e":"n","st":"Suplente","dvt":"V\u00e1lido","vap":"84","pvap":"   0,61"},{"seq":"50","sqcand":"100001210758","n":"22888","nm":"EDNALDO SILVA","cc":"PL","nv":" ","e":"n","st":"Suplente","dvt":"V\u00e1lido","vap":"34","pvap":"   0,25"},{"seq":"10","sqcand":"100001210767","n":"22222","nm":"DR. LUIZ LEMOS","cc":"PL","nv":" ","e":"s","st":"Eleito","dvt":"V\u00e1lido","vap":"362","pvap":"   2,64"},{"seq":"20","sqcand":"100000950286","n":"25678","nm":"JEAN MARQUES","cc":"DEM","nv":" ","e":"n","st":"Suplente","dvt":"V\u00e1lido","vap":"263","pvap":"   1,92"},{"seq":"69","sqcand":"100001209609","n":"17222","nm":"ELIZA PEREIRA","cc":"PSL","nv":" ","e":"n","st":"N\u00e3o eleito","dvt":"V\u00e1lido","vap":"34","pvap":"   0,25"},{"seq":"72","sqcand":"100001209608","n":"17546","nm":"MARIA ANTONIA","cc":"PSL","nv":" ","e":"n","st":"N\u00e3o eleito","dvt":"V\u00e1lido","vap":"17","pvap":"   0,12"},{"seq":"3","sqcand":"100001022974","n":"12345","nm":"MANOEL ALEJADO","cc":"PDT","nv":" ","e":"s","st":"Eleito","dvt":"V\u00e1lido","vap":"603","pvap":"   4,39"},{"seq":"51","sqcand":"100001029271","n":"70022","nm":"KAIRON MOREIRA","cc":"AVANTE","nv":" ","e":"n","st":"Suplente","dvt":"V\u00e1lido","vap":"31","pvap":"   0,23"},{"seq":"33","sqcand":"100001031026","n":"65111","nm":"GALEGO","cc":"PC do B","nv":" ","e":"n","st":"Suplente","dvt":"V\u00e1lido","vap":"106","pvap":"   0,77"},{"seq":"84","sqcand":"100001209607","n":"17444","nm":"ROSEANE GOMES DA SILVA","cc":"PSL","nv":" ","e":"n","st":"N\u00e3o eleito","dvt":"V\u00e1lido","vap":"5","pvap":"   0,04"},{"seq":"47","sqcand":"100001022970","n":"12222","nm":"ELIETE DA CAXUXA","cc":"PDT","nv":" ","e":"n","st":"Suplente","dvt":"V\u00e1lido","vap":"55","pvap":"   0,40"},{"seq":"61","sqcand":"100001029265","n":"70890","nm":"JOZELHA","cc":"AVANTE","nv":" ","e":"n","st":"Suplente","dvt":"V\u00e1lido","vap":"5","pvap":"   0,04"},{"seq":"74","sqcand":"100001209610","n":"17888","nm":"MARCIONEIDE ALVES","cc":"PSL","nv":" ","e":"n","st":"N\u00e3o eleito","dvt":"V\u00e1lido","vap":"15","pvap":"   0,11"},{"seq":"73","sqcand":"100001208704","n":"13123","nm":"DOUTOR DO TIJUCO","cc":"PT","nv":" ","e":"n","st":"N\u00e3o eleito","dvt":"V\u00e1lido","vap":"16","pvap":"   0,12"},{"seq":"21","sqcand":"100000950292","n":"25025","nm":"KIM TAXISTA","cc":"DEM","nv":" ","e":"n","st":"Suplente","dvt":"V\u00e1lido","vap":"225","pvap":"   1,64"},{"seq":"58","sqcand":"100001029267","n":"70987","nm":"ESPETINHO","cc":"AVANTE","nv":" ","e":"n","st":"Suplente","dvt":"V\u00e1lido","vap":"10","pvap":"   0,07"},{"seq":"23","sqcand":"100001210753","n":"22345","nm":"PROF. AIRTON","cc":"PL","nv":" ","e":"n","st":"Suplente","dvt":"V\u00e1lido","vap":"204","pvap":"   1,49"},{"seq":"19","sqcand":"100001031025","n":"65432","nm":"ANTONIO CREDI\u00c1RIO","cc":"PC do B","nv":" ","e":"n","st":"Suplente","dvt":"V\u00e1lido","vap":"293","pvap":"   2,14"},{"seq":"64","sqcand":"100001208700","n":"13313","nm":"JORGE DO PO\u00c7O","cc":"PT","nv":" ","e":"n","st":"N\u00e3o eleito","dvt":"V\u00e1lido","vap":"111","pvap":"   0,81"},{"seq":"53","sqcand":"100001022971","n":"12444","nm":"IRM\u00c3 LAMIDES","cc":"PDT","nv":" ","e":"n","st":"Suplente","dvt":"V\u00e1lido","vap":"28","pvap":"   0,20"},{"seq":"77","sqcand":"100001209606","n":"17123","nm":"OSMAR ALVES","cc":"PSL","nv":" ","e":"n","st":"N\u00e3o eleito","dvt":"V\u00e1lido","vap":"12","pvap":"   0,09"},{"seq":"37","sqcand":"100000950294","n":"25777","nm":"NICO DA ILUMINA\u00c7\u00c3O","cc":"DEM","nv":" ","e":"n","st":"Suplente","dvt":"V\u00e1lido","vap":"75","pvap":"   0,55"},{"seq":"24","sqcand":"100001029272","n":"70888","nm":"ALMIR FILHO","cc":"AVANTE","nv":" ","e":"n","st":"Suplente","dvt":"V\u00e1lido","vap":"201","pvap":"   1,46"},{"seq":"22","sqcand":"100001210761","n":"22000","nm":"CRIS SALAZAR","cc":"PL","nv":" ","e":"n","st":"Suplente","dvt":"V\u00e1lido","vap":"220","pvap":"   1,60"},{"seq":"57","sqcand":"100001029263","n":"70222","nm":"LUCIANA DO REGINO","cc":"AVANTE","nv":" ","e":"n","st":"Suplente","dvt":"V\u00e1lido","vap":"12","pvap":"   0,09"},{"seq":"8","sqcand":"100001022968","n":"12000","nm":"GORDO DO Z\u00c9 DE PAULA","cc":"PDT","nv":" ","e":"s","st":"Eleito","dvt":"V\u00e1lido","vap":"382","pvap":"   2,78"},{"seq":"65","sqcand":"100001029257","n":"70111","nm":"LINDOMAR DA CAXUXA","cc":"AVANTE","nv":" ","e":"n","st":"N\u00e3o eleito","dvt":"Anulado sub judice","vap":"107","pvap":"   0,78"},{"seq":"81","sqcand":"100001209611","n":"17654","nm":"SEBASTI\u00c3O LINHARES","cc":"PSL","nv":" ","e":"n","st":"N\u00e3o eleito","dvt":"V\u00e1lido","vap":"7","pvap":"   0,05"},{"seq":"85","sqcand":"100001210651","n":"36123","nm":"MARIA ANTONIA","cc":"PTC","nv":" ","e":"n","st":"N\u00e3o eleito","dvt":"V\u00e1lido","vap":"4","pvap":"   0,03"},{"seq":"16","sqcand":"100001022967","n":"12333","nm":"GRACILENE OLIVEIRA","cc":"PDT","nv":" ","e":"n","st":"Suplente","dvt":"V\u00e1lido","vap":"333","pvap":"   2,43"},{"seq":"68","sqcand":"100001208706","n":"13344","nm":"Z\u00c9 AD\u00c3O","cc":"PT","nv":" ","e":"n","st":"N\u00e3o eleito","dvt":"V\u00e1lido","vap":"68","pvap":"   0,50"},{"seq":"76","sqcand":"100001208701","n":"13111","nm":"INDIO DO CAMPO DO BANDEIRA","cc":"PT","nv":" ","e":"n","st":"N\u00e3o eleito","dvt":"V\u00e1lido","vap":"14","pvap":"   0,10"},{"seq":"40","sqcand":"100001022964","n":"12432","nm":"BAIXINHO DA JURUMENHIA","cc":"PDT","nv":" ","e":"n","st":"Suplente","dvt":"V\u00e1lido","vap":"68","pvap":"   0,50"},{"seq":"46","sqcand":"100001031017","n":"65456","nm":"MUCURI","cc":"PC do B","nv":" ","e":"n","st":"Suplente","dvt":"V\u00e1lido","vap":"56","pvap":"   0,41"},{"seq":"31","sqcand":"100001029259","n":"70221","nm":"NILSON","cc":"AVANTE","nv":" ","e":"n","st":"Suplente","dvt":"V\u00e1lido","vap":"109","pvap":"   0,79"},{"seq":"67","sqcand":"100001208699","n":"13456","nm":"ALESSANDRA SANTOS","cc":"PT","nv":" ","e":"n","st":"N\u00e3o eleito","dvt":"V\u00e1lido","vap":"84","pvap":"   0,61"},{"seq":"71","sqcand":"100001209612","n":"17000","nm":"PEDRO ARTUR","cc":"PSL","nv":" ","e":"n","st":"N\u00e3o eleito","dvt":"V\u00e1lido","vap":"21","pvap":"   0,15"},{"seq":"79","sqcand":"100001210652","n":"36333","nm":"MANOEL MESSIAS","cc":"PTC","nv":" ","e":"n","st":"N\u00e3o eleito","dvt":"V\u00e1lido","vap":"9","pvap":"   0,07"},{"seq":"45","sqcand":"100001210765","n":"22112","nm":"JOAO DA COLONIA","cc":"PL","nv":" ","e":"n","st":"Suplente","dvt":"V\u00e1lido","vap":"56","pvap":"   0,41"},{"seq":"82","sqcand":"100001210649","n":"36321","nm":"THAYNARA CAMILLY","cc":"PTC","nv":" ","e":"n","st":"N\u00e3o eleito","dvt":"V\u00e1lido","vap":"7","pvap":"   0,05"}]}
