{"ele":"426","tpabr":"mu","cdabr":"07056","carper":"13","t":"1","f":"o","dt":"15/11/2020","ht":"22:35:55","dv":"s","tf":"s","v":"11","esae":"n","mnae":"","s":"58","st":"58","pst":" 100,00","snt":"0","psnt":"   0,00","si":"58","psi":" 100,00","sni":"0","psni":"   0,00","sa":"58","psa":" 100,00","sna":"0","psna":"   0,00","e":"18722","ea":"18722","pea":" 100,00","ena":"0","pena":"   0,00","esi":"18722","pesi":" 100,00","esni":"0","pesni":"   0,00","c":"14444","pc":"  77,15","a":"4278","pa":"  22,85","vscv":"0","vnom":"12846","vl":"997","pvnom":"  92,80","pvl":"   7,20","vvc":"13843","pvvc":"  95,84","vb":"118","pvb":"   0,82","tvn":"483","ptvn":"   3,34","vn":"481","pvn":"  99,59","vnt":"2","pvnt":"   0,41","vp":"0","pvp":"   0,00","vv":"13843","pvv":" 100,00","van":"0","pvan":"   0,00","vansj":"0","pvansj":"   0,00","tv":"14444","cand":[{"seq":"27","sqcand":"100001041153","n":"20999","nm":"RONY LIMA","cc":"PSC","nv":" ","e":"n","st":"Suplente","dvt":"V\u00e1lido","vap":"185","pvap":"   1,34"},{"seq":"72","sqcand":"100000949330","n":"40123","nm":"DEUSDETH VIEIRA","cc":"PSB","nv":" ","e":"n","st":"N\u00e3o eleito","dvt":"V\u00e1lido","vap":"54","pvap":"   0,39"},{"seq":"15","sqcand":"100001041135","n":"22222","nm":"FELIPE BACELAR","cc":"PL","nv":" ","e":"n","st":"Suplente","dvt":"V\u00e1lido","vap":"278","pvap":"   2,01"},{"seq":"73","sqcand":"100000817213","n":"10444","nm":"ELIANE","cc":"REPUBLICANOS","nv":" ","e":"n","st":"N\u00e3o eleito","dvt":"V\u00e1lido","vap":"50","pvap":"   0,36"},{"seq":"81","sqcand":"100000949328","n":"40444","nm":"MANINHA","cc":"PSB","nv":" ","e":"n","st":"N\u00e3o eleito","dvt":"V\u00e1lido","vap":"7","pvap":"   0,05"},{"seq":"9","sqcand":"100001041159","n":"20111","nm":"CLAUDIANA DO ARUD\u00c1","cc":"PSC","nv":" ","e":"s","st":"Eleito","dvt":"V\u00e1lido","vap":"347","pvap":"   2,51"},{"seq":"49","sqcand":"100000724935","n":"12444","nm":"VAL\u00c9RIA DA SA\u00daDE","cc":"PDT","nv":" ","e":"n","st":"Suplente","dvt":"V\u00e1lido","vap":"36","pvap":"   0,26"},{"seq":"60","sqcand":"100001010093","n":"17200","nm":"FABINHO","cc":"PSL","nv":" ","e":"n","st":"Suplente","dvt":"V\u00e1lido","vap":"7","pvap":"   0,05"},{"seq":"2","sqcand":"100000724938","n":"12333","nm":"MARCOS AMORIM","cc":"PDT","nv":" ","e":"s","st":"Eleito","dvt":"V\u00e1lido","vap":"776","pvap":"   5,61"},{"seq":"24","sqcand":"100000778902","n":"11111","nm":"PROF CARVALHO","cc":"PP","nv":" ","e":"n","st":"Suplente","dvt":"V\u00e1lido","vap":"220","pvap":"   1,59"},{"seq":"16","sqcand":"100001041151","n":"20777","nm":"TAVARES","cc":"PSC","nv":" ","e":"n","st":"Suplente","dvt":"V\u00e1lido","vap":"272","pvap":"   1,96"},{"seq":"63","sqcand":"100001041138","n":"22999","nm":"ODETE","cc":"PL","nv":" ","e":"n","st":"Suplente","dvt":"V\u00e1lido","vap":"3","pvap":"   0,02"},{"seq":"59","sqcand":"100001041139","n":"22456","nm":"ROSENO PEREIRA","cc":"PL","nv":" ","e":"n","st":"Suplente","dvt":"V\u00e1lido","vap":"11","pvap":"   0,08"},{"seq":"82","sqcand":"100000817210","n":"10232","nm":"PROF DALVA","cc":"REPUBLICANOS","nv":" ","e":"n","st":"N\u00e3o eleito","dvt":"V\u00e1lido","vap":"2","pvap":"   0,01"},{"seq":"47","sqcand":"100000724941","n":"12123","nm":"MARLYETE","cc":"PDT","nv":" ","e":"n","st":"Suplente","dvt":"V\u00e1lido","vap":"38","pvap":"   0,27"},{"seq":"10","sqcand":"100001041133","n":"22555","nm":"RENEIA FERREIRA","cc":"PL","nv":" ","e":"s","st":"Eleito","dvt":"V\u00e1lido","vap":"340","pvap":"   2,46"},{"seq":"18","sqcand":"100000778903","n":"11222","nm":"FERNANDO MENDES","cc":"PP","nv":" ","e":"n","st":"Suplente","dvt":"V\u00e1lido","vap":"266","pvap":"   1,92"},{"seq":"76","sqcand":"100000725106","n":"19333","nm":"TOROR\u00d4","cc":"PODE","nv":" ","e":"n","st":"N\u00e3o eleito","dvt":"V\u00e1lido","vap":"19","pvap":"   0,14"},{"seq":"5","sqcand":"100000778908","n":"11888","nm":"Z\u00c9 FILHO DA PINGUIM","cc":"PP","nv":" ","e":"s","st":"Eleito","dvt":"V\u00e1lido","vap":"466","pvap":"   3,37"},{"seq":"30","sqcand":"100001041150","n":"20123","nm":"CESAR AUGUSTO","cc":"PSC","nv":" ","e":"n","st":"Suplente","dvt":"V\u00e1lido","vap":"150","pvap":"   1,08"},{"seq":"7","sqcand":"100001008554","n":"23456","nm":"FERNANDA BACELAR","cc":"CIDADANIA","nv":" ","e":"s","st":"Eleito","dvt":"V\u00e1lido","vap":"416","pvap":"   3,01"},{"seq":"17","sqcand":"100001008555","n":"23333","nm":"ALMEIDA ADILINO","cc":"CIDADANIA","nv":" ","e":"n","st":"Suplente","dvt":"V\u00e1lido","vap":"269","pvap":"   1,94"},{"seq":"25","sqcand":"100001041149","n":"20000","nm":"PROFESSOR ARMANDO","cc":"PSC","nv":" ","e":"n","st":"Suplente","dvt":"V\u00e1lido","vap":"202","pvap":"   1,46"},{"seq":"6","sqcand":"100000724932","n":"12345","nm":"JEOV\u00c1","cc":"PDT","nv":" ","e":"s","st":"Eleito","dvt":"V\u00e1lido","vap":"420","pvap":"   3,03"},{"seq":"56","sqcand":"100000724936","n":"12011","nm":"GOI\u00d3","cc":"PDT","nv":" ","e":"n","st":"Suplente","dvt":"V\u00e1lido","vap":"14","pvap":"   0,10"},{"seq":"68","sqcand":"100000817216","n":"10123","nm":"CHICO VIDIGAL","cc":"REPUBLICANOS","nv":" ","e":"n","st":"N\u00e3o eleito","dvt":"V\u00e1lido","vap":"106","pvap":"   0,77"},{"seq":"66","sqcand":"100000949327","n":"40000","nm":"LEONILSON DA PAZ","cc":"PSB","nv":" ","e":"n","st":"N\u00e3o eleito","dvt":"V\u00e1lido","vap":"154","pvap":"   1,11"},{"seq":"48","sqcand":"100001041157","n":"20456","nm":"SELMA","cc":"PSC","nv":" ","e":"n","st":"Suplente","dvt":"V\u00e1lido","vap":"37","pvap":"   0,27"},{"seq":"38","sqcand":"100001041154","n":"20666","nm":"JANUARIO","cc":"PSC","nv":" ","e":"n","st":"Suplente","dvt":"V\u00e1lido","vap":"89","pvap":"   0,64"},{"seq":"65","sqcand":"100000817211","n":"10222","nm":"SIBITE","cc":"REPUBLICANOS","nv":" ","e":"n","st":"N\u00e3o eleito","dvt":"V\u00e1lido","vap":"192","pvap":"   1,39"},{"seq":"77","sqcand":"100000725108","n":"19789","nm":"RODRIGO","cc":"PODE","nv":" ","e":"n","st":"N\u00e3o eleito","dvt":"V\u00e1lido","vap":"19","pvap":"   0,14"},{"seq":"79","sqcand":"100000817215","n":"10000","nm":"CARLITINHO","cc":"REPUBLICANOS","nv":" ","e":"n","st":"N\u00e3o eleito","dvt":"V\u00e1lido","vap":"8","pvap":"   0,06"},{"seq":"71","sqcand":"100000725105","n":"19999","nm":"BIA LOURA","cc":"PODE","nv":" ","e":"n","st":"N\u00e3o eleito","dvt":"V\u00e1lido","vap":"55","pvap":"   0,40"},{"seq":"57","sqcand":"100001041146","n":"22666","nm":"FRANCISCA BORBA","cc":"PL","nv":" ","e":"n","st":"Suplente","dvt":"V\u00e1lido","vap":"12","pvap":"   0,09"},{"seq":"61","sqcand":"100001010092","n":"17110","nm":"SOCORRO ","cc":"PSL","nv":" ","e":"n","st":"Suplente","dvt":"V\u00e1lido","vap":"6","pvap":"   0,04"},{"seq":"3","sqcand":"100001041156","n":"20222","nm":"LUCIANO","cc":"PSC","nv":" ","e":"s","st":"Eleito","dvt":"V\u00e1lido","vap":"517","pvap":"   3,73"},{"seq":"64","sqcand":"100000817209","n":"10111","nm":"NONATO DOS ONIBUS","cc":"REPUBLICANOS","nv":" ","e":"n","st":"N\u00e3o eleito","dvt":"V\u00e1lido","vap":"233","pvap":"   1,68"},{"seq":"43","sqcand":"100001010086","n":"17888","nm":"SOCORRO  CIRILO","cc":"PSL","nv":" ","e":"n","st":"Suplente","dvt":"V\u00e1lido","vap":"60","pvap":"   0,43"},{"seq":"75","sqcand":"100000949326","n":"40222","nm":"OLIVEIRA DO REL\u00d3GIO","cc":"PSB","nv":" ","e":"n","st":"N\u00e3o eleito","dvt":"V\u00e1lido","vap":"23","pvap":"   0,17"},{"seq":"26","sqcand":"100001041143","n":"22789","nm":"GILSON DO GARIMPEIRO","cc":"PL","nv":" ","e":"n","st":"Suplente","dvt":"V\u00e1lido","vap":"200","pvap":"   1,44"},{"seq":"55","sqcand":"100001008553","n":"23000","nm":"KEYLLA XAVIER","cc":"CIDADANIA","nv":" ","e":"n","st":"Suplente","dvt":"V\u00e1lido","vap":"21","pvap":"   0,15"},{"seq":"42","sqcand":"100000724940","n":"12369","nm":"ALBERTO DA SA\u00daDE","cc":"PDT","nv":" ","e":"n","st":"Suplente","dvt":"V\u00e1lido","vap":"61","pvap":"   0,44"},{"seq":"45","sqcand":"100000778907","n":"11345","nm":"BISPO DINHO","cc":"PP","nv":" ","e":"n","st":"Suplente","dvt":"V\u00e1lido","vap":"42","pvap":"   0,30"},{"seq":"52","sqcand":"100000778900","n":"11112","nm":"DALVA LOURA","cc":"PP","nv":" ","e":"n","st":"Suplente","dvt":"V\u00e1lido","vap":"29","pvap":"   0,21"},{"seq":"1","sqcand":"100000778904","n":"11444","nm":"RIBINHA DO Z\u00c9 DA REDE","cc":"PP","nv":" ","e":"s","st":"Eleito","dvt":"V\u00e1lido","vap":"814","pvap":"   5,88"},{"seq":"46","sqcand":"100001041147","n":"22444","nm":"BRANCO DO MAT\u00c3O","cc":"PL","nv":" ","e":"n","st":"Suplente","dvt":"V\u00e1lido","vap":"39","pvap":"   0,28"},{"seq":"39","sqcand":"100001041144","n":"22123","nm":"JORGE LEANDRO","cc":"PL","nv":" ","e":"n","st":"Suplente","dvt":"V\u00e1lido","vap":"77","pvap":"   0,56"},{"seq":"40","sqcand":"100001041141","n":"22000","nm":"FRANCINALDO MASCARENHAS","cc":"PL","nv":" ","e":"n","st":"Suplente","dvt":"V\u00e1lido","vap":"65","pvap":"   0,47"},{"seq":"41","sqcand":"100001265324","n":"20789","nm":"ANA LUCIA CARNEIRO","cc":"PSC","nv":" ","e":"n","st":"Suplente","dvt":"V\u00e1lido","vap":"62","pvap":"   0,45"},{"seq":"12","sqcand":"100000778905","n":"11333","nm":"SALETE","cc":"PP","nv":" ","e":"n","st":"Suplente","dvt":"V\u00e1lido","vap":"346","pvap":"   2,50"},{"seq":"4","sqcand":"100001010091","n":"17123","nm":"CHICO VELHO","cc":"PSL","nv":" ","e":"s","st":"Eleito","dvt":"V\u00e1lido","vap":"472","pvap":"   3,41"},{"seq":"33","sqcand":"100000724931","n":"12111","nm":"JOEL DA JM","cc":"PDT","nv":" ","e":"n","st":"Suplente","dvt":"V\u00e1lido","vap":"136","pvap":"   0,98"},{"seq":"20","sqcand":"100001041158","n":"20888","nm":"ANTONIO LUIS","cc":"PSC","nv":" ","e":"n","st":"Suplente","dvt":"V\u00e1lido","vap":"262","pvap":"   1,89"},{"seq":"80","sqcand":"100000725109","n":"19699","nm":"DOMINGAS CL\u00c1UDIA","cc":"PODE","nv":" ","e":"n","st":"N\u00e3o eleito","dvt":"V\u00e1lido","vap":"7","pvap":"   0,05"},{"seq":"78","sqcand":"100000817217","n":"10333","nm":"IOLANDA","cc":"REPUBLICANOS","nv":" ","e":"n","st":"N\u00e3o eleito","dvt":"V\u00e1lido","vap":"16","pvap":"   0,12"},{"seq":"54","sqcand":"100001041142","n":"22111","nm":"VOV\u00d4","cc":"PL","nv":" ","e":"n","st":"Suplente","dvt":"V\u00e1lido","vap":"24","pvap":"   0,17"},{"seq":"51","sqcand":"100001010087","n":"17222","nm":"IRM\u00c3O MARTINS","cc":"PSL","nv":" ","e":"n","st":"Suplente","dvt":"V\u00e1lido","vap":"31","pvap":"   0,22"},{"seq":"14","sqcand":"100000724937","n":"12555","nm":"ITALINE RAMOS","cc":"PDT","nv":" ","e":"n","st":"Suplente","dvt":"V\u00e1lido","vap":"287","pvap":"   2,07"},{"seq":"13","sqcand":"100000724933","n":"12344","nm":"SOCORRO DO PADEIRO","cc":"PDT","nv":" ","e":"n","st":"Suplente","dvt":"V\u00e1lido","vap":"303","pvap":"   2,19"},{"seq":"62","sqcand":"100001010088","n":"17555","nm":"CARLOS SANTANA","cc":"PSL","nv":" ","e":"n","st":"Suplente","dvt":"V\u00e1lido","vap":"5","pvap":"   0,04"},{"seq":"36","sqcand":"100001041134","n":"22333","nm":"ALAN SILVA","cc":"PL","nv":" ","e":"n","st":"Suplente","dvt":"V\u00e1lido","vap":"110","pvap":"   0,79"},{"seq":"37","sqcand":"100001041136","n":"22369","nm":"BEL\u00c9","cc":"PL","nv":" ","e":"n","st":"Suplente","dvt":"V\u00e1lido","vap":"96","pvap":"   0,69"},{"seq":"11","sqcand":"100000724942","n":"12000","nm":"JAILSON PAIVA","cc":"PDT","nv":" ","e":"s","st":"Eleito","dvt":"V\u00e1lido","vap":"339","pvap":"   2,45"},{"seq":"70","sqcand":"100000949329","n":"40888","nm":"ALESSANDRA FIRMINO","cc":"PSB","nv":" ","e":"n","st":"N\u00e3o eleito","dvt":"V\u00e1lido","vap":"63","pvap":"   0,46"},{"seq":"23","sqcand":"100000724939","n":"12580","nm":"ALLEYSON GOMES","cc":"PDT","nv":" ","e":"n","st":"Suplente","dvt":"V\u00e1lido","vap":"237","pvap":"   1,71"},{"seq":"21","sqcand":"100001041160","n":"20444","nm":"MOIZEIS","cc":"PSC","nv":" ","e":"n","st":"Suplente","dvt":"V\u00e1lido","vap":"246","pvap":"   1,78"},{"seq":"44","sqcand":"100001041140","n":"22580","nm":"MIGUEL DOS ESPETOS","cc":"PL","nv":" ","e":"n","st":"Suplente","dvt":"V\u00e1lido","vap":"57","pvap":"   0,41"},{"seq":"69","sqcand":"100000725107","n":"19000","nm":"GAGUINHO DO REIMA","cc":"PODE","nv":" ","e":"n","st":"N\u00e3o eleito","dvt":"V\u00e1lido","vap":"75","pvap":"   0,54"},{"seq":"29","sqcand":"100001008557","n":"23444","nm":"JULIANA DO VALDECI","cc":"CIDADANIA","nv":" ","e":"n","st":"Suplente","dvt":"V\u00e1lido","vap":"172","pvap":"   1,24"},{"seq":"8","sqcand":"100001041137","n":"22147","nm":"IVALDO XIMENES","cc":"PL","nv":" ","e":"s","st":"Eleito","dvt":"V\u00e1lido","vap":"358","pvap":"   2,59"},{"seq":"35","sqcand":"100001010089","n":"17000","nm":"SUB TENENTE EDIVAN","cc":"PSL","nv":" ","e":"n","st":"Suplente","dvt":"V\u00e1lido","vap":"110","pvap":"   0,79"},{"seq":"32","sqcand":"100001010090","n":"17777","nm":"EUZAMAR BANDEIRA","cc":"PSL","nv":" ","e":"n","st":"Suplente","dvt":"V\u00e1lido","vap":"137","pvap":"   0,99"},{"seq":"50","sqcand":"100001041145","n":"22777","nm":"IRM\u00c3 FRANCISCA","cc":"PL","nv":" ","e":"n","st":"Suplente","dvt":"V\u00e1lido","vap":"35","pvap":"   0,25"},{"seq":"28","sqcand":"100001010094","n":"17456","nm":"KESSO","cc":"PSL","nv":" ","e":"n","st":"Suplente","dvt":"V\u00e1lido","vap":"177","pvap":"   1,28"},{"seq":"19","sqcand":"100000778906","n":"11000","nm":"BOR\u00c9","cc":"PP","nv":" ","e":"n","st":"Suplente","dvt":"V\u00e1lido","vap":"262","pvap":"   1,89"},{"seq":"74","sqcand":"100000725104","n":"19222","nm":"BENEDITO NETO","cc":"PODE","nv":" ","e":"n","st":"N\u00e3o eleito","dvt":"V\u00e1lido","vap":"26","pvap":"   0,19"},{"seq":"53","sqcand":"100001041148","n":"22345","nm":"ANALIANE SANTANA","cc":"PL","nv":" ","e":"n","st":"Suplente","dvt":"V\u00e1lido","vap":"26","pvap":"   0,19"},{"seq":"31","sqcand":"100001041161","n":"20555","nm":"CECILIO XAVIER","cc":"PSC","nv":" ","e":"n","st":"Suplente","dvt":"V\u00e1lido","vap":"141","pvap":"   1,02"},{"seq":"22","sqcand":"100000724934","n":"12222","nm":"JERLAN COSTA","cc":"PDT","nv":" ","e":"n","st":"Suplente","dvt":"V\u00e1lido","vap":"243","pvap":"   1,76"},{"seq":"34","sqcand":"100001008556","n":"23666","nm":"CAVADOR","cc":"CIDADANIA","nv":" ","e":"n","st":"Suplente","dvt":"V\u00e1lido","vap":"128","pvap":"   0,92"},{"seq":"58","sqcand":"100000778901","n":"11555","nm":"ELIETE PORTELA","cc":"PP","nv":" ","e":"n","st":"Suplente","dvt":"V\u00e1lido","vap":"12","pvap":"   0,09"},{"seq":"67","sqcand":"100000817214","n":"10133","nm":"NIAS LOPES","cc":"REPUBLICANOS","nv":" ","e":"n","st":"N\u00e3o eleito","dvt":"V\u00e1lido","vap":"138","pvap":"   1,00"}]}
