{"ele":"426","tpabr":"mu","cdabr":"07072","carper":"13","t":"1","f":"o","dt":"15/11/2020","ht":"21:58:13","dv":"s","tf":"s","v":"9","esae":"n","mnae":"","s":"16","st":"16","pst":" 100,00","snt":"0","psnt":"   0,00","si":"16","psi":" 100,00","sni":"0","psni":"   0,00","sa":"16","psa":" 100,00","sna":"0","psna":"   0,00","e":"5561","ea":"5561","pea":" 100,00","ena":"0","pena":"   0,00","esi":"5561","pesi":" 100,00","esni":"0","pesni":"   0,00","c":"4574","pc":"  82,25","a":"987","pa":"  17,75","vscv":"0","vnom":"4162","vl":"233","pvnom":"  94,70","pvl":"   5,30","vvc":"4395","pvvc":"  96,09","vb":"39","pvb":"   0,85","tvn":"140","ptvn":"   3,06","vn":"140","pvn":" 100,00","vnt":"0","pvnt":"   0,00","vp":"0","pvp":"   0,00","vv":"4395","pvv":" 100,00","van":"0","pvan":"   0,00","vansj":"0","pvansj":"   0,00","tv":"4574","cand":[{"seq":"17","sqcand":"100000884426","n":"65111","nm":"ALDJONSON","cc":"PC do B","nv":" ","e":"n","st":"Suplente","dvt":"V\u00e1lido","vap":"40","pvap":"   0,91"},{"seq":"19","sqcand":"100000960086","n":"22789","nm":"NUCIR DA ALDEIA","cc":"PL","nv":" ","e":"n","st":"Suplente","dvt":"V\u00e1lido","vap":"31","pvap":"   0,71"},{"seq":"34","sqcand":"100000867632","n":"40456","nm":"TONY BAR","cc":"PSB","nv":" ","e":"n","st":"N\u00e3o eleito","dvt":"V\u00e1lido","vap":"60","pvap":"   1,37"},{"seq":"33","sqcand":"100000867631","n":"40123","nm":"NAZIRENE","cc":"PSB","nv":" ","e":"n","st":"N\u00e3o eleito","dvt":"V\u00e1lido","vap":"91","pvap":"   2,07"},{"seq":"27","sqcand":"100000914408","n":"12444","nm":"ANIDARIA","cc":"PDT","nv":" ","e":"n","st":"Suplente","dvt":"V\u00e1lido","vap":"10","pvap":"   0,23"},{"seq":"20","sqcand":"100000960080","n":"22369","nm":"ANTONIO VITOR","cc":"PL","nv":" ","e":"n","st":"Suplente","dvt":"V\u00e1lido","vap":"27","pvap":"   0,61"},{"seq":"16","sqcand":"100000884434","n":"65222","nm":"CHIQUINHO DA ALDEIA","cc":"PC do B","nv":" ","e":"n","st":"Suplente","dvt":"V\u00e1lido","vap":"44","pvap":"   1,00"},{"seq":"25","sqcand":"100000960081","n":"22234","nm":"NEG\u00c3O MOTOS","cc":"PL","nv":" ","e":"n","st":"Suplente","dvt":"V\u00e1lido","vap":"14","pvap":"   0,32"},{"seq":"2","sqcand":"100000914406","n":"12345","nm":"DR ALEX ","cc":"PDT","nv":" ","e":"s","st":"Eleito","dvt":"V\u00e1lido","vap":"393","pvap":"   8,94"},{"seq":"26","sqcand":"100000884429","n":"65444","nm":"QUARENTINHA","cc":"PC do B","nv":" ","e":"n","st":"Suplente","dvt":"V\u00e1lido","vap":"11","pvap":"   0,25"},{"seq":"5","sqcand":"100000914413","n":"12789","nm":"UBIRATAN","cc":"PDT","nv":" ","e":"s","st":"Eleito","dvt":"V\u00e1lido","vap":"356","pvap":"   8,10"},{"seq":"14","sqcand":"100000884430","n":"65000","nm":"CARLOS JANE","cc":"PC do B","nv":" ","e":"n","st":"Suplente","dvt":"V\u00e1lido","vap":"68","pvap":"   1,55"},{"seq":"12","sqcand":"100000960083","n":"22222","nm":"WELLITON","cc":"PL","nv":" ","e":"n","st":"Suplente","dvt":"V\u00e1lido","vap":"122","pvap":"   2,78"},{"seq":"31","sqcand":"100000884428","n":"65777","nm":"LORENA","cc":"PC do B","nv":" ","e":"n","st":"Suplente","dvt":"V\u00e1lido","vap":"7","pvap":"   0,16"},{"seq":"4","sqcand":"100000884425","n":"65123","nm":"ANA DO MERCADO","cc":"PC do B","nv":" ","e":"s","st":"Eleito","dvt":"V\u00e1lido","vap":"380","pvap":"   8,65"},{"seq":"11","sqcand":"100000884427","n":"65555","nm":"MOSQUITO","cc":"PC do B","nv":" ","e":"n","st":"Suplente","dvt":"V\u00e1lido","vap":"154","pvap":"   3,50"},{"seq":"10","sqcand":"100000914411","n":"12123","nm":"MARCUS ROSENO","cc":"PDT","nv":" ","e":"n","st":"Suplente","dvt":"V\u00e1lido","vap":"224","pvap":"   5,10"},{"seq":"24","sqcand":"100000884433","n":"65789","nm":"CHICHICO","cc":"PC do B","nv":" ","e":"n","st":"Suplente","dvt":"V\u00e1lido","vap":"14","pvap":"   0,32"},{"seq":"23","sqcand":"100000960088","n":"22333","nm":"FABINHA","cc":"PL","nv":" ","e":"n","st":"Suplente","dvt":"V\u00e1lido","vap":"18","pvap":"   0,41"},{"seq":"8","sqcand":"100000914412","n":"12456","nm":"Z\u00c9 MANDU","cc":"PDT","nv":" ","e":"s","st":"Eleito","dvt":"V\u00e1lido","vap":"239","pvap":"   5,44"},{"seq":"6","sqcand":"100000914403","n":"12333","nm":"SORMANI JR","cc":"PDT","nv":" ","e":"s","st":"Eleito","dvt":"V\u00e1lido","vap":"319","pvap":"   7,26"},{"seq":"13","sqcand":"100000960082","n":"22000","nm":"DINO CALDEIR\u00c3O","cc":"PL","nv":" ","e":"n","st":"Suplente","dvt":"V\u00e1lido","vap":"96","pvap":"   2,18"},{"seq":"22","sqcand":"100000914405","n":"12555","nm":"DANE","cc":"PDT","nv":" ","e":"n","st":"Suplente","dvt":"V\u00e1lido","vap":"22","pvap":"   0,50"},{"seq":"15","sqcand":"100000960084","n":"22123","nm":"FEIO","cc":"PL","nv":" ","e":"n","st":"Suplente","dvt":"V\u00e1lido","vap":"46","pvap":"   1,05"},{"seq":"28","sqcand":"100000960079","n":"22456","nm":"CHICO NOVO","cc":"PL","nv":" ","e":"n","st":"Suplente","dvt":"V\u00e1lido","vap":"9","pvap":"   0,20"},{"seq":"30","sqcand":"100001262507","n":"12612","nm":"MARGALI LEMOS","cc":"PDT","nv":" ","e":"n","st":"Suplente","dvt":"V\u00e1lido","vap":"8","pvap":"   0,18"},{"seq":"32","sqcand":"100000884432","n":"65234","nm":"DIDA","cc":"PC do B","nv":" ","e":"n","st":"Suplente","dvt":"V\u00e1lido","vap":"4","pvap":"   0,09"},{"seq":"21","sqcand":"100000960087","n":"22580","nm":"JUNIOR DO SEBASTIAO","cc":"PL","nv":" ","e":"n","st":"Suplente","dvt":"V\u00e1lido","vap":"25","pvap":"   0,57"},{"seq":"7","sqcand":"100000914407","n":"12222","nm":"MIRANDA ","cc":"PDT","nv":" ","e":"s","st":"Eleito","dvt":"V\u00e1lido","vap":"314","pvap":"   7,14"},{"seq":"29","sqcand":"100000914404","n":"12522","nm":"TATIANE ","cc":"PDT","nv":" ","e":"n","st":"Suplente","dvt":"V\u00e1lido","vap":"9","pvap":"   0,20"},{"seq":"3","sqcand":"100000914409","n":"12000","nm":"FRANCISQUIM","cc":"PDT","nv":" ","e":"s","st":"Eleito","dvt":"V\u00e1lido","vap":"385","pvap":"   8,76"},{"seq":"9","sqcand":"100000960085","n":"22345","nm":"DUZA","cc":"PL","nv":" ","e":"s","st":"Eleito","dvt":"V\u00e1lido","vap":"124","pvap":"   2,82"},{"seq":"18","sqcand":"100000884431","n":"65333","nm":"NEG\u00c3O ROCHA","cc":"PC do B","nv":" ","e":"n","st":"Suplente","dvt":"V\u00e1lido","vap":"32","pvap":"   0,73"},{"seq":"1","sqcand":"100000914410","n":"12234","nm":"PROFESSOR ROBERTO","cc":"PDT","nv":" ","e":"s","st":"Eleito","dvt":"V\u00e1lido","vap":"466","pvap":"  10,60"}]}
