{"ele":"426","tpabr":"mu","cdabr":"07102","carper":"13","t":"1","f":"o","dt":"15/11/2020","ht":"22:05:30","dv":"s","tf":"s","v":"9","esae":"n","mnae":"","s":"26","st":"26","pst":" 100,00","snt":"0","psnt":"   0,00","si":"26","psi":" 100,00","sni":"0","psni":"   0,00","sa":"26","psa":" 100,00","sna":"0","psna":"   0,00","e":"8170","ea":"8170","pea":" 100,00","ena":"0","pena":"   0,00","esi":"8170","pesi":" 100,00","esni":"0","pesni":"   0,00","c":"6273","pc":"  76,78","a":"1897","pa":"  23,22","vscv":"0","vnom":"5869","vl":"226","pvnom":"  96,29","pvl":"   3,71","vvc":"6095","pvvc":"  97,16","vb":"25","pvb":"   0,40","tvn":"153","ptvn":"   2,44","vn":"153","pvn":" 100,00","vnt":"0","pvnt":"   0,00","vp":"0","pvp":"   0,00","vv":"6095","pvv":" 100,00","van":"0","pvan":"   0,00","vansj":"0","pvansj":"   0,00","tv":"6273","cand":[{"seq":"4","sqcand":"100000738473","n":"70333","nm":"VAL\u00c9RIA MIRANDA","cc":"AVANTE","nv":" ","e":"s","st":"Eleito","dvt":"V\u00e1lido","vap":"395","pvap":"   6,48"},{"seq":"19","sqcand":"100000720509","n":"22555","nm":"IRM\u00c3 ELIANE","cc":"PL","nv":" ","e":"n","st":"Suplente","dvt":"V\u00e1lido","vap":"98","pvap":"   1,61"},{"seq":"13","sqcand":"100000810829","n":"65444","nm":"ANASIEL","cc":"PC do B","nv":" ","e":"n","st":"Suplente","dvt":"V\u00e1lido","vap":"226","pvap":"   3,71"},{"seq":"10","sqcand":"100000738466","n":"70777","nm":"LUIS MACHADO FILHO","cc":"AVANTE","nv":" ","e":"n","st":"Suplente","dvt":"V\u00e1lido","vap":"269","pvap":"   4,41"},{"seq":"29","sqcand":"100000810834","n":"20000","nm":"VENANCINHO","cc":"PSC","nv":" ","e":"n","st":"N\u00e3o eleito","dvt":"V\u00e1lido","vap":"112","pvap":"   1,84"},{"seq":"8","sqcand":"100000810830","n":"65111","nm":"OZARIAS","cc":"PC do B","nv":" ","e":"s","st":"Eleito","dvt":"V\u00e1lido","vap":"351","pvap":"   5,76"},{"seq":"26","sqcand":"100000720505","n":"22333","nm":"JEREMIAS MARTINS","cc":"PL","nv":" ","e":"n","st":"Suplente","dvt":"V\u00e1lido","vap":"10","pvap":"   0,16"},{"seq":"7","sqcand":"100000738467","n":"70123","nm":"ELINALDO DOCA","cc":"AVANTE","nv":" ","e":"s","st":"Eleito","dvt":"V\u00e1lido","vap":"357","pvap":"   5,86"},{"seq":"24","sqcand":"100000720507","n":"22178","nm":"SANDRA BRAND\u00c3O","cc":"PL","nv":" ","e":"n","st":"Suplente","dvt":"V\u00e1lido","vap":"39","pvap":"   0,64"},{"seq":"23","sqcand":"100000720511","n":"22123","nm":"ELDECLECE ARA\u00daJO","cc":"PL","nv":" ","e":"n","st":"Suplente","dvt":"V\u00e1lido","vap":"55","pvap":"   0,90"},{"seq":"28","sqcand":"100000810835","n":"20444","nm":"J\u00daNIOR LIRA","cc":"PSC","nv":" ","e":"n","st":"N\u00e3o eleito","dvt":"V\u00e1lido","vap":"227","pvap":"   3,72"},{"seq":"25","sqcand":"100000738468","n":"70999","nm":"MARIA RAIMUNDA","cc":"AVANTE","nv":" ","e":"n","st":"Suplente","dvt":"V\u00e1lido","vap":"23","pvap":"   0,38"},{"seq":"30","sqcand":"100000810836","n":"20111","nm":"MARIA DO BIEL","cc":"PSC","nv":" ","e":"n","st":"N\u00e3o eleito","dvt":"V\u00e1lido","vap":"14","pvap":"   0,23"},{"seq":"27","sqcand":"100000810832","n":"65000","nm":"RAIMUNDINHA","cc":"PC do B","nv":" ","e":"n","st":"Suplente","dvt":"V\u00e1lido","vap":"9","pvap":"   0,15"},{"seq":"22","sqcand":"100000738464","n":"70555","nm":"CRISTINA PIANC\u00d3","cc":"AVANTE","nv":" ","e":"n","st":"Suplente","dvt":"V\u00e1lido","vap":"55","pvap":"   0,90"},{"seq":"21","sqcand":"100000810831","n":"65888","nm":"PIRISHOW","cc":"PC do B","nv":" ","e":"n","st":"Suplente","dvt":"V\u00e1lido","vap":"69","pvap":"   1,13"},{"seq":"6","sqcand":"100000720503","n":"22111","nm":"ZEQUINHA","cc":"PL","nv":" ","e":"s","st":"Eleito","dvt":"V\u00e1lido","vap":"378","pvap":"   6,20"},{"seq":"34","sqcand":"100001263423","n":"13123","nm":"RIBA PINTO","cc":"PT","nv":" ","e":"n","st":"N\u00e3o eleito","dvt":"V\u00e1lido","vap":"1","pvap":"   0,02"},{"seq":"32","sqcand":"100001263421","n":"13333","nm":"DOMINGOS","cc":"PT","nv":" ","e":"n","st":"N\u00e3o eleito","dvt":"V\u00e1lido","vap":"2","pvap":"   0,03"},{"seq":"9","sqcand":"100000720508","n":"22222","nm":"ITAMAR MARTINS","cc":"PL","nv":" ","e":"s","st":"Eleito","dvt":"V\u00e1lido","vap":"250","pvap":"   4,10"},{"seq":"31","sqcand":"100000810837","n":"20333","nm":"CARMINA DE JESUS","cc":"PSC","nv":" ","e":"n","st":"N\u00e3o eleito","dvt":"V\u00e1lido","vap":"8","pvap":"   0,13"},{"seq":"15","sqcand":"100000738471","n":"70200","nm":"PASTOR MARCONES","cc":"AVANTE","nv":" ","e":"n","st":"Suplente","dvt":"V\u00e1lido","vap":"115","pvap":"   1,89"},{"seq":"33","sqcand":"100001263422","n":"13000","nm":"MARIA JOAQUINA","cc":"PT","nv":" ","e":"n","st":"N\u00e3o eleito","dvt":"V\u00e1lido","vap":"2","pvap":"   0,03"},{"seq":"3","sqcand":"100000738469","n":"70111","nm":"NERTAN","cc":"AVANTE","nv":" ","e":"s","st":"Eleito","dvt":"V\u00e1lido","vap":"431","pvap":"   7,07"},{"seq":"12","sqcand":"100000738465","n":"70222","nm":"ANTONIO LAU","cc":"AVANTE","nv":" ","e":"n","st":"Suplente","dvt":"V\u00e1lido","vap":"231","pvap":"   3,79"},{"seq":"11","sqcand":"100000738470","n":"70444","nm":"Z\u00c9 FOGOI\u00d3","cc":"AVANTE","nv":" ","e":"n","st":"Suplente","dvt":"V\u00e1lido","vap":"268","pvap":"   4,40"},{"seq":"17","sqcand":"100000720510","n":"22777","nm":"OZ\u00c9IAS DO HOSPITAL","cc":"PL","nv":" ","e":"n","st":"Suplente","dvt":"V\u00e1lido","vap":"107","pvap":"   1,76"},{"seq":"14","sqcand":"100000720506","n":"22223","nm":"LIVRAMENTO","cc":"PL","nv":" ","e":"n","st":"Suplente","dvt":"V\u00e1lido","vap":"203","pvap":"   3,33"},{"seq":"18","sqcand":"100000810828","n":"65555","nm":"AGNALDO CASTRO","cc":"PC do B","nv":" ","e":"n","st":"Suplente","dvt":"V\u00e1lido","vap":"98","pvap":"   1,61"},{"seq":"5","sqcand":"100000720513","n":"22444","nm":"JOAQUIM BRASIL","cc":"PL","nv":" ","e":"s","st":"Eleito","dvt":"V\u00e1lido","vap":"378","pvap":"   6,20"},{"seq":"16","sqcand":"100000720504","n":"22888","nm":"IRM\u00c3O JAC\u00d3","cc":"PL","nv":" ","e":"n","st":"Suplente","dvt":"V\u00e1lido","vap":"111","pvap":"   1,82"},{"seq":"1","sqcand":"100000720512","n":"22000","nm":"WILCKS SILVA","cc":"PL","nv":" ","e":"s","st":"Eleito","dvt":"V\u00e1lido","vap":"452","pvap":"   7,42"},{"seq":"20","sqcand":"100000810833","n":"65333","nm":"MARCELINA DA CURVA DA LINHA","cc":"PC do B","nv":" ","e":"n","st":"Suplente","dvt":"V\u00e1lido","vap":"93","pvap":"   1,53"},{"seq":"2","sqcand":"100000738472","n":"70000","nm":"FLAMINIO MASCARENHA","cc":"AVANTE","nv":" ","e":"s","st":"Eleito","dvt":"V\u00e1lido","vap":"432","pvap":"   7,09"}]}
