{"ele":"426","tpabr":"mu","cdabr":"07129","carper":"13","t":"1","f":"o","dt":"15/11/2020","ht":"20:59:02","dv":"s","tf":"s","v":"11","esae":"n","mnae":"","s":"38","st":"38","pst":" 100,00","snt":"0","psnt":"   0,00","si":"38","psi":" 100,00","sni":"0","psni":"   0,00","sa":"38","psa":" 100,00","sna":"0","psna":"   0,00","e":"13552","ea":"13552","pea":" 100,00","ena":"0","pena":"   0,00","esi":"13552","pesi":" 100,00","esni":"0","pesni":"   0,00","c":"12001","pc":"  88,56","a":"1551","pa":"  11,44","vscv":"0","vnom":"11081","vl":"512","pvnom":"  95,58","pvl":"   4,42","vvc":"11640","pvvc":"  96,99","vb":"86","pvb":"   0,72","tvn":"275","ptvn":"   2,29","vn":"235","pvn":"  85,45","vnt":"40","pvnt":"  14,55","vp":"0","pvp":"   0,00","vv":"11593","pvv":"  99,60","van":"0","pvan":"   0,00","vansj":"47","pvansj":"   0,40","tv":"12001","cand":[{"seq":"25","sqcand":"100000849598","n":"17017","nm":"H\u00c9LIO DA ILUMINA\u00c7\u00c3O","cc":"PSL","nv":" ","e":"n","st":"Suplente","dvt":"V\u00e1lido","vap":"146","pvap":"   1,25"},{"seq":"16","sqcand":"100000850589","n":"33222","nm":"WILLYAM VILACA","cc":"PMN","nv":" ","e":"n","st":"Suplente","dvt":"V\u00e1lido","vap":"221","pvap":"   1,90"},{"seq":"100","sqcand":"100000897988","n":"65067","nm":"PROFESSOR BERREDO","cc":"PC do B","nv":" ","e":"n","st":"N\u00e3o eleito","dvt":"V\u00e1lido","vap":"22","pvap":"   0,19"},{"seq":"74","sqcand":"100001011071","n":"27345","nm":"SAMUEL CAN\u00c1RIO","cc":"DC","nv":" ","e":"n","st":"N\u00e3o eleito","dvt":"V\u00e1lido","vap":"161","pvap":"   1,38"},{"seq":"50","sqcand":"100000850208","n":"20020","nm":"JOSY FERREIRA","cc":"PSC","nv":" ","e":"n","st":"Suplente","dvt":"V\u00e1lido","vap":"33","pvap":"   0,28"},{"seq":"116","sqcand":"100000853246","n":"36111","nm":"EDY CAMPOS","cc":"PTC","nv":" ","e":"n","st":"N\u00e3o eleito","dvt":"V\u00e1lido","vap":"7","pvap":"   0,06"},{"seq":"63","sqcand":"100000895882","n":"25165","nm":"ANGELITA MENDES","cc":"DEM","nv":" ","e":"n","st":"Suplente","dvt":"V\u00e1lido","vap":"15","pvap":"   0,13"},{"seq":"33","sqcand":"100001163557","n":"40321","nm":"NENA","cc":"PSB","nv":" ","e":"n","st":"Suplente","dvt":"V\u00e1lido","vap":"100","pvap":"   0,86"},{"seq":"120","sqcand":"100001001395","n":"13111","nm":"ALDO","cc":"PT","nv":" ","e":"n","st":"N\u00e3o eleito","dvt":"V\u00e1lido","vap":"4","pvap":"   0,03"},{"seq":"36","sqcand":"100000849596","n":"17999","nm":"GEORGE HENRIQUE","cc":"PSL","nv":" ","e":"n","st":"Suplente","dvt":"V\u00e1lido","vap":"76","pvap":"   0,65"},{"seq":"68","sqcand":"100000895890","n":"25999","nm":"ANA PAULA","cc":"DEM","nv":" ","e":"n","st":"Suplente","dvt":"V\u00e1lido","vap":"4","pvap":"   0,03"},{"seq":"107","sqcand":"100000853247","n":"36336","nm":"SEU BONECO","cc":"PTC","nv":" ","e":"n","st":"N\u00e3o eleito","dvt":"V\u00e1lido","vap":"14","pvap":"   0,12"},{"seq":"49","sqcand":"100001163555","n":"40140","nm":"HERBINHO DE MANBIRA","cc":"PSB","nv":" ","e":"n","st":"Suplente","dvt":"V\u00e1lido","vap":"38","pvap":"   0,33"},{"seq":"1","sqcand":"100000850207","n":"20100","nm":"JEFFERSON","cc":"PSC","nv":" ","e":"s","st":"Eleito","dvt":"V\u00e1lido","vap":"486","pvap":"   4,18"},{"seq":"84","sqcand":"100001011073","n":"27114","nm":"ZE BATATA","cc":"DC","nv":" ","e":"n","st":"N\u00e3o eleito","dvt":"V\u00e1lido","vap":"57","pvap":"   0,49"},{"seq":"72","sqcand":"100000852341","n":"22222","nm":"KELLYANE CALVET","cc":"PL","nv":" ","e":"n","st":"N\u00e3o eleito","dvt":"V\u00e1lido","vap":"341","pvap":"   2,93"},{"seq":"10","sqcand":"100000895884","n":"25233","nm":"IRMAO VILMAR","cc":"DEM","nv":" ","e":"s","st":"Eleito","dvt":"V\u00e1lido","vap":"242","pvap":"   2,08"},{"seq":"108","sqcand":"100000853240","n":"36144","nm":"RACHA PRATO","cc":"PTC","nv":" ","e":"n","st":"N\u00e3o eleito","dvt":"V\u00e1lido","vap":"13","pvap":"   0,11"},{"seq":"29","sqcand":"100001163549","n":"40200","nm":"ROSEMBERG","cc":"PSB","nv":" ","e":"n","st":"Suplente","dvt":"V\u00e1lido","vap":"122","pvap":"   1,05"},{"seq":"122","sqcand":"100000853248","n":"36112","nm":"ALDEON VERAS","cc":"PTC","nv":" ","e":"n","st":"N\u00e3o eleito","dvt":"V\u00e1lido","vap":"2","pvap":"   0,02"},{"seq":"88","sqcand":"100000853235","n":"36000","nm":"C\u00c9LIA DE JUVAL","cc":"PTC","nv":" ","e":"n","st":"N\u00e3o eleito","dvt":"V\u00e1lido","vap":"43","pvap":"   0,37"},{"seq":"18","sqcand":"100001163548","n":"40456","nm":"LEANDRO GUIMARAES","cc":"PSB","nv":" ","e":"n","st":"Suplente","dvt":"V\u00e1lido","vap":"205","pvap":"   1,76"},{"seq":"117","sqcand":"100000897990","n":"65615","nm":"CINTIA MORAES","cc":"PC do B","nv":" ","e":"n","st":"N\u00e3o eleito","dvt":"V\u00e1lido","vap":"6","pvap":"   0,05"},{"seq":"118","sqcand":"100000853239","n":"36010","nm":"ROSA DESTERRO","cc":"PTC","nv":" ","e":"n","st":"N\u00e3o eleito","dvt":"V\u00e1lido","vap":"5","pvap":"   0,04"},{"seq":"53","sqcand":"100000850195","n":"20345","nm":"BONECA","cc":"PSC","nv":" ","e":"n","st":"Suplente","dvt":"V\u00e1lido","vap":"29","pvap":"   0,25"},{"seq":"32","sqcand":"100000849591","n":"17111","nm":"JOS\u00c9 ANTONIO","cc":"PSL","nv":" ","e":"n","st":"Suplente","dvt":"V\u00e1lido","vap":"105","pvap":"   0,90"},{"seq":"41","sqcand":"100000850211","n":"20920","nm":"ERALDO QUIRINO","cc":"PSC","nv":" ","e":"n","st":"Suplente","dvt":"V\u00e1lido","vap":"56","pvap":"   0,48"},{"seq":"6","sqcand":"100001163553","n":"40111","nm":"BRANCO DE BAB\u00da","cc":"PSB","nv":" ","e":"s","st":"Eleito","dvt":"V\u00e1lido","vap":"364","pvap":"   3,13"},{"seq":"37","sqcand":"100000850200","n":"20200","nm":"ANTONIO DA VAN","cc":"PSC","nv":" ","e":"n","st":"Suplente","dvt":"V\u00e1lido","vap":"66","pvap":"   0,57"},{"seq":"26","sqcand":"100000849595","n":"17133","nm":"PEDRO RICARDO","cc":"PSL","nv":" ","e":"n","st":"Suplente","dvt":"V\u00e1lido","vap":"144","pvap":"   1,24"},{"seq":"82","sqcand":"100000853245","n":"36444","nm":"TEREZA BANDEIRANTE","cc":"PTC","nv":" ","e":"n","st":"N\u00e3o eleito","dvt":"V\u00e1lido","vap":"62","pvap":"   0,53"},{"seq":"45","sqcand":"100001163554","n":"40800","nm":"ELISANGELA DO SINDICATO RURAL","cc":"PSB","nv":" ","e":"n","st":"Suplente","dvt":"V\u00e1lido","vap":"45","pvap":"   0,39"},{"seq":"80","sqcand":"100000853243","n":"36146","nm":"CLEISON MENDES","cc":"PTC","nv":" ","e":"n","st":"N\u00e3o eleito","dvt":"V\u00e1lido","vap":"71","pvap":"   0,61"},{"seq":"42","sqcand":"100000895886","n":"25789","nm":"DECO","cc":"DEM","nv":" ","e":"n","st":"Suplente","dvt":"V\u00e1lido","vap":"49","pvap":"   0,42"},{"seq":"28","sqcand":"100000850594","n":"33333","nm":"LOB\u00c3O","cc":"PMN","nv":" ","e":"n","st":"Suplente","dvt":"V\u00e1lido","vap":"128","pvap":"   1,10"},{"seq":"102","sqcand":"100001011078","n":"27234","nm":"JOAO OLIVEIRA","cc":"DC","nv":" ","e":"n","st":"N\u00e3o eleito","dvt":"Anulado sub judice","vap":"19","pvap":"   0,16"},{"seq":"27","sqcand":"100001163560","n":"40100","nm":"PROFESSORA ISABEL","cc":"PSB","nv":" ","e":"n","st":"Suplente","dvt":"V\u00e1lido","vap":"132","pvap":"   1,13"},{"seq":"70","sqcand":"100000850591","n":"33197","nm":"POLIANA RODRIGUES","cc":"PMN","nv":" ","e":"n","st":"Suplente","dvt":"V\u00e1lido","vap":"3","pvap":"   0,03"},{"seq":"15","sqcand":"100000850583","n":"33789","nm":"ANTONIO CARVALHO","cc":"PMN","nv":" ","e":"n","st":"Suplente","dvt":"V\u00e1lido","vap":"222","pvap":"   1,91"},{"seq":"91","sqcand":"100000897985","n":"65111","nm":"DOUGLAS MIDIA","cc":"PC do B","nv":" ","e":"n","st":"N\u00e3o eleito","dvt":"V\u00e1lido","vap":"37","pvap":"   0,32"},{"seq":"71","sqcand":"100000849593","n":"17700","nm":"PEDRO","cc":"PSL","nv":" ","e":"n","st":"Suplente","dvt":"V\u00e1lido","vap":"0","pvap":"00.00"},{"seq":"17","sqcand":"100000895889","n":"25266","nm":"PEDRO MORAES","cc":"DEM","nv":" ","e":"n","st":"Suplente","dvt":"V\u00e1lido","vap":"218","pvap":"   1,87"},{"seq":"113","sqcand":"100000897976","n":"65000","nm":"MURCIO","cc":"PC do B","nv":" ","e":"n","st":"N\u00e3o eleito","dvt":"V\u00e1lido","vap":"10","pvap":"   0,09"},{"seq":"115","sqcand":"100000853238","n":"36999","nm":"ANA DO VIDEL","cc":"PTC","nv":" ","e":"n","st":"N\u00e3o eleito","dvt":"V\u00e1lido","vap":"8","pvap":"   0,07"},{"seq":"11","sqcand":"100000850592","n":"33123","nm":"DINO NETO","cc":"PMN","nv":" ","e":"s","st":"Eleito","dvt":"V\u00e1lido","vap":"235","pvap":"   2,02"},{"seq":"121","sqcand":"100000897989","n":"65666","nm":"BRANCA DO SAO CRISTOVAO","cc":"PC do B","nv":" ","e":"n","st":"N\u00e3o eleito","dvt":"V\u00e1lido","vap":"3","pvap":"   0,03"},{"seq":"89","sqcand":"100000853233","n":"36036","nm":"NAELZ\u00c3O","cc":"PTC","nv":" ","e":"n","st":"N\u00e3o eleito","dvt":"V\u00e1lido","vap":"39","pvap":"   0,34"},{"seq":"79","sqcand":"100001011076","n":"27456","nm":"VALDIR SERRA","cc":"DC","nv":" ","e":"n","st":"N\u00e3o eleito","dvt":"V\u00e1lido","vap":"72","pvap":"   0,62"},{"seq":"47","sqcand":"100001163561","n":"40232","nm":"PUKA","cc":"PSB","nv":" ","e":"n","st":"Suplente","dvt":"V\u00e1lido","vap":"40","pvap":"   0,34"},{"seq":"124","sqcand":"100001011072","n":"27555","nm":"PRETA","cc":"DC","nv":" ","e":"n","st":"N\u00e3o eleito","dvt":"V\u00e1lido","vap":"1","pvap":"   0,01"},{"seq":"58","sqcand":"100000895881","n":"25125","nm":"ALEXANDRE SILVA","cc":"DEM","nv":" ","e":"n","st":"Suplente","dvt":"V\u00e1lido","vap":"20","pvap":"   0,17"},{"seq":"94","sqcand":"100000897986","n":"65065","nm":"GISELLE MENDES","cc":"PC do B","nv":" ","e":"n","st":"N\u00e3o eleito","dvt":"Anulado sub judice","vap":"28","pvap":"   0,24"},{"seq":"78","sqcand":"100000897983","n":"65123","nm":"BAL","cc":"PC do B","nv":" ","e":"n","st":"N\u00e3o eleito","dvt":"V\u00e1lido","vap":"86","pvap":"   0,74"},{"seq":"21","sqcand":"100000850586","n":"33456","nm":"CARLITO OLIVEIRA","cc":"PMN","nv":" ","e":"n","st":"Suplente","dvt":"V\u00e1lido","vap":"173","pvap":"   1,49"},{"seq":"95","sqcand":"100000897982","n":"65222","nm":"MARIINHA","cc":"PC do B","nv":" ","e":"n","st":"N\u00e3o eleito","dvt":"V\u00e1lido","vap":"26","pvap":"   0,22"},{"seq":"125","sqcand":"100000897981","n":"65444","nm":"SANCHES","cc":"PC do B","nv":" ","e":"n","st":"N\u00e3o eleito","dvt":"V\u00e1lido","vap":"1","pvap":"   0,01"},{"seq":"76","sqcand":"100000853234","n":"36123","nm":"GENILSON CORDEIRO","cc":"PTC","nv":" ","e":"n","st":"N\u00e3o eleito","dvt":"V\u00e1lido","vap":"106","pvap":"   0,91"},{"seq":"65","sqcand":"100000850197","n":"20225","nm":"IRM\u00c3 MARIA JOS\u00c9","cc":"PSC","nv":" ","e":"n","st":"Suplente","dvt":"V\u00e1lido","vap":"9","pvap":"   0,08"},{"seq":"46","sqcand":"100000849583","n":"17678","nm":"Z\u00c9 DA GALINHA","cc":"PSL","nv":" ","e":"n","st":"Suplente","dvt":"V\u00e1lido","vap":"41","pvap":"   0,35"},{"seq":"14","sqcand":"100001163550","n":"40333","nm":"MAGNO","cc":"PSB","nv":" ","e":"n","st":"Suplente","dvt":"V\u00e1lido","vap":"251","pvap":"   2,16"},{"seq":"8","sqcand":"100000849597","n":"17222","nm":"CAPIT\u00c3O LUCAS","cc":"PSL","nv":" ","e":"s","st":"Eleito","dvt":"V\u00e1lido","vap":"297","pvap":"   2,55"},{"seq":"5","sqcand":"100000850595","n":"33999","nm":"LUCAS SEIXAS","cc":"PMN","nv":" ","e":"s","st":"Eleito","dvt":"V\u00e1lido","vap":"370","pvap":"   3,18"},{"seq":"97","sqcand":"100001001396","n":"13622","nm":"RAIMUNDINHA","cc":"PT","nv":" ","e":"n","st":"N\u00e3o eleito","dvt":"V\u00e1lido","vap":"24","pvap":"   0,21"},{"seq":"110","sqcand":"100000897984","n":"65066","nm":"KATIANA","cc":"PC do B","nv":" ","e":"n","st":"N\u00e3o eleito","dvt":"V\u00e1lido","vap":"12","pvap":"   0,10"},{"seq":"12","sqcand":"100000849589","n":"17234","nm":"DINEIDE","cc":"PSL","nv":" ","e":"n","st":"Suplente","dvt":"V\u00e1lido","vap":"275","pvap":"   2,36"},{"seq":"60","sqcand":"100000849599","n":"17000","nm":"IN\u00caS AMIGA DO POVO","cc":"PSL","nv":" ","e":"n","st":"Suplente","dvt":"V\u00e1lido","vap":"18","pvap":"   0,15"},{"seq":"20","sqcand":"100000850201","n":"20000","nm":"CHICO DO ABUDE","cc":"PSC","nv":" ","e":"n","st":"Suplente","dvt":"V\u00e1lido","vap":"175","pvap":"   1,50"},{"seq":"13","sqcand":"100000849592","n":"17777","nm":"MARTINHO","cc":"PSL","nv":" ","e":"n","st":"Suplente","dvt":"V\u00e1lido","vap":"253","pvap":"   2,17"},{"seq":"83","sqcand":"100001011068","n":"27123","nm":"MACIEL VIEIRA","cc":"DC","nv":" ","e":"n","st":"N\u00e3o eleito","dvt":"V\u00e1lido","vap":"62","pvap":"   0,53"},{"seq":"56","sqcand":"100000850199","n":"20456","nm":"LUCILENE COELHO","cc":"PSC","nv":" ","e":"n","st":"Suplente","dvt":"V\u00e1lido","vap":"21","pvap":"   0,18"},{"seq":"62","sqcand":"100000850205","n":"20555","nm":"BUG\u00c9 BRAGA","cc":"PSC","nv":" ","e":"n","st":"Suplente","dvt":"V\u00e1lido","vap":"16","pvap":"   0,14"},{"seq":"96","sqcand":"100000852337","n":"22555","nm":"LOURO BLACK","cc":"PL","nv":" ","e":"n","st":"N\u00e3o eleito","dvt":"V\u00e1lido","vap":"25","pvap":"   0,21"},{"seq":"24","sqcand":"100000895883","n":"25675","nm":"ANTONIO NHOZINHO","cc":"DEM","nv":" ","e":"n","st":"Suplente","dvt":"V\u00e1lido","vap":"164","pvap":"   1,41"},{"seq":"38","sqcand":"100000849587","n":"17456","nm":"C\u00c9LIA ROCHA","cc":"PSL","nv":" ","e":"n","st":"Suplente","dvt":"V\u00e1lido","vap":"66","pvap":"   0,57"},{"seq":"43","sqcand":"100000850585","n":"33111","nm":"DELL DO AROCHA","cc":"PMN","nv":" ","e":"n","st":"Suplente","dvt":"V\u00e1lido","vap":"48","pvap":"   0,41"},{"seq":"23","sqcand":"100000850202","n":"20666","nm":"PROFESSOR LEL\u00c9","cc":"PSC","nv":" ","e":"n","st":"Suplente","dvt":"V\u00e1lido","vap":"165","pvap":"   1,42"},{"seq":"104","sqcand":"100000897987","n":"65888","nm":"LUCIANO ROCHA","cc":"PC do B","nv":" ","e":"n","st":"N\u00e3o eleito","dvt":"V\u00e1lido","vap":"18","pvap":"   0,15"},{"seq":"90","sqcand":"100000852338","n":"22500","nm":"ABISAGUIA CAN\u00c1RIO","cc":"PL","nv":" ","e":"n","st":"N\u00e3o eleito","dvt":"V\u00e1lido","vap":"38","pvap":"   0,33"},{"seq":"22","sqcand":"100000895887","n":"25123","nm":"FABIO TORRES","cc":"DEM","nv":" ","e":"n","st":"Suplente","dvt":"V\u00e1lido","vap":"173","pvap":"   1,49"},{"seq":"19","sqcand":"100001163551","n":"40123","nm":"MEU POVO","cc":"PSB","nv":" ","e":"n","st":"Suplente","dvt":"V\u00e1lido","vap":"179","pvap":"   1,54"},{"seq":"34","sqcand":"100001163559","n":"40777","nm":"HELBER","cc":"PSB","nv":" ","e":"n","st":"Suplente","dvt":"V\u00e1lido","vap":"86","pvap":"   0,74"},{"seq":"52","sqcand":"100000849590","n":"17789","nm":"MARILENE","cc":"PSL","nv":" ","e":"n","st":"Suplente","dvt":"V\u00e1lido","vap":"30","pvap":"   0,26"},{"seq":"101","sqcand":"100000853244","n":"36678","nm":"MAZE DO SINDICATO","cc":"PTC","nv":" ","e":"n","st":"N\u00e3o eleito","dvt":"V\u00e1lido","vap":"21","pvap":"   0,18"},{"seq":"77","sqcand":"100001011070","n":"27777","nm":"CHAGASMAP","cc":"DC","nv":" ","e":"n","st":"N\u00e3o eleito","dvt":"V\u00e1lido","vap":"88","pvap":"   0,76"},{"seq":"93","sqcand":"100000853241","n":"36777","nm":"PAIX\u00c3O DA SA\u00daDE","cc":"PTC","nv":" ","e":"n","st":"N\u00e3o eleito","dvt":"V\u00e1lido","vap":"32","pvap":"   0,27"},{"seq":"51","sqcand":"100000850206","n":"20123","nm":"MARISA DUARTE","cc":"PSC","nv":" ","e":"n","st":"Suplente","dvt":"V\u00e1lido","vap":"31","pvap":"   0,27"},{"seq":"31","sqcand":"100000850587","n":"33100","nm":"CARLIANE","cc":"PMN","nv":" ","e":"n","st":"Suplente","dvt":"V\u00e1lido","vap":"110","pvap":"   0,95"},{"seq":"54","sqcand":"100000849585","n":"17888","nm":"ZUCA","cc":"PSL","nv":" ","e":"n","st":"Suplente","dvt":"V\u00e1lido","vap":"23","pvap":"   0,20"},{"seq":"39","sqcand":"100000849588","n":"17333","nm":"ROSILENE MUNIZ","cc":"PSL","nv":" ","e":"n","st":"Suplente","dvt":"V\u00e1lido","vap":"62","pvap":"   0,53"},{"seq":"99","sqcand":"100000853242","n":"36333","nm":"MARINA DO G\u00c1S","cc":"PTC","nv":" ","e":"n","st":"N\u00e3o eleito","dvt":"V\u00e1lido","vap":"23","pvap":"   0,20"},{"seq":"35","sqcand":"100000849594","n":"17555","nm":"HERYKA SERV BEM","cc":"PSL","nv":" ","e":"n","st":"Suplente","dvt":"V\u00e1lido","vap":"85","pvap":"   0,73"},{"seq":"87","sqcand":"100001011077","n":"27222","nm":"ARAUJO","cc":"DC","nv":" ","e":"n","st":"N\u00e3o eleito","dvt":"V\u00e1lido","vap":"43","pvap":"   0,37"},{"seq":"4","sqcand":"100001163552","n":"40000","nm":"ARRUMADINHO","cc":"PSB","nv":" ","e":"s","st":"Eleito","dvt":"V\u00e1lido","vap":"396","pvap":"   3,40"},{"seq":"2","sqcand":"100000850588","n":"33000","nm":"ADEMIR CASTRO","cc":"PMN","nv":" ","e":"s","st":"Eleito","dvt":"V\u00e1lido","vap":"459","pvap":"   3,94"},{"seq":"73","sqcand":"100000897975","n":"65789","nm":"BRANCO COELHO","cc":"PC do B","nv":" ","e":"n","st":"N\u00e3o eleito","dvt":"V\u00e1lido","vap":"186","pvap":"   1,60"},{"seq":"57","sqcand":"100001163558","n":"40345","nm":"JOSEANE DO SOC\u00d3","cc":"PSB","nv":" ","e":"n","st":"Suplente","dvt":"V\u00e1lido","vap":"21","pvap":"   0,18"},{"seq":"75","sqcand":"100000897978","n":"65165","nm":"JOAO BUCHO LOUCO","cc":"PC do B","nv":" ","e":"n","st":"N\u00e3o eleito","dvt":"V\u00e1lido","vap":"141","pvap":"   1,21"},{"seq":"61","sqcand":"100000850209","n":"20567","nm":"BEATRIZ DO ABUDE","cc":"PSC","nv":" ","e":"n","st":"Suplente","dvt":"V\u00e1lido","vap":"18","pvap":"   0,15"},{"seq":"109","sqcand":"100000852340","n":"22123","nm":"KASSIA CARVALHO","cc":"PL","nv":" ","e":"n","st":"N\u00e3o eleito","dvt":"V\u00e1lido","vap":"13","pvap":"   0,11"},{"seq":"123","sqcand":"100001011067","n":"27800","nm":"JANIELE KELE LEAL","cc":"DC","nv":" ","e":"n","st":"N\u00e3o eleito","dvt":"V\u00e1lido","vap":"2","pvap":"   0,02"},{"seq":"9","sqcand":"100001163556","n":"40555","nm":"VANDERLAN","cc":"PSB","nv":" ","e":"s","st":"Eleito","dvt":"V\u00e1lido","vap":"257","pvap":"   2,21"},{"seq":"114","sqcand":"100001001397","n":"13145","nm":"TINOR","cc":"PT","nv":" ","e":"n","st":"N\u00e3o eleito","dvt":"V\u00e1lido","vap":"9","pvap":"   0,08"},{"seq":"81","sqcand":"100001011074","n":"27111","nm":"EMERSON CALVET","cc":"DC","nv":" ","e":"n","st":"N\u00e3o eleito","dvt":"V\u00e1lido","vap":"63","pvap":"   0,54"},{"seq":"126","sqcand":"100001270101","n":"65999","nm":"VALERIA DOS SANTOS","cc":"PC do B","nv":" ","e":"n","st":"N\u00e3o eleito","dvt":"V\u00e1lido","vap":"1","pvap":"   0,01"},{"seq":"59","sqcand":"100000850590","n":"33246","nm":"RAYRES ROSA","cc":"PMN","nv":" ","e":"n","st":"Suplente","dvt":"V\u00e1lido","vap":"19","pvap":"   0,16"},{"seq":"92","sqcand":"100000853237","n":"36555","nm":"JUNIOR DA TANJA","cc":"PTC","nv":" ","e":"n","st":"N\u00e3o eleito","dvt":"V\u00e1lido","vap":"36","pvap":"   0,31"},{"seq":"111","sqcand":"100000852336","n":"22111","nm":"NATAL\u00cdCIO","cc":"PL","nv":" ","e":"n","st":"N\u00e3o eleito","dvt":"V\u00e1lido","vap":"11","pvap":"   0,09"},{"seq":"7","sqcand":"100000849586","n":"17444","nm":"CARLOS TORRES","cc":"PSL","nv":" ","e":"s","st":"Eleito","dvt":"V\u00e1lido","vap":"299","pvap":"   2,57"},{"seq":"67","sqcand":"100000850593","n":"33133","nm":"FERNANDA DECA","cc":"PMN","nv":" ","e":"n","st":"Suplente","dvt":"V\u00e1lido","vap":"5","pvap":"   0,04"},{"seq":"98","sqcand":"100000897979","n":"65555","nm":"IRMAO BABA","cc":"PC do B","nv":" ","e":"n","st":"N\u00e3o eleito","dvt":"V\u00e1lido","vap":"24","pvap":"   0,21"},{"seq":"85","sqcand":"100000853232","n":"36789","nm":"TU\u00c3O MENDES","cc":"PTC","nv":" ","e":"n","st":"N\u00e3o eleito","dvt":"V\u00e1lido","vap":"56","pvap":"   0,48"},{"seq":"127","sqcand":"100000850584","n":"33120","nm":"ARINALDO","cc":"PMN","nv":" ","e":"n","st":"N\u00e3o eleito","dvt":"Anulado sub judice","vap":"0","pvap":"00.00"},{"seq":"55","sqcand":"100000850196","n":"20111","nm":"MAURICELIA DE PAUL\u00c3O","cc":"PSC","nv":" ","e":"n","st":"Suplente","dvt":"V\u00e1lido","vap":"22","pvap":"   0,19"},{"seq":"69","sqcand":"100000850582","n":"33220","nm":"FRAN\u00c7A","cc":"PMN","nv":" ","e":"n","st":"Suplente","dvt":"V\u00e1lido","vap":"4","pvap":"   0,03"},{"seq":"119","sqcand":"100001256327","n":"27027","nm":"SUZE","cc":"DC","nv":" ","e":"n","st":"N\u00e3o eleito","dvt":"V\u00e1lido","vap":"5","pvap":"   0,04"},{"seq":"112","sqcand":"100000852339","n":"22666","nm":"BOD\u00c3O CAIRES","cc":"PL","nv":" ","e":"n","st":"N\u00e3o eleito","dvt":"V\u00e1lido","vap":"11","pvap":"   0,09"},{"seq":"44","sqcand":"100000849584","n":"17033","nm":"SUEMA SILVA","cc":"PSL","nv":" ","e":"n","st":"Suplente","dvt":"V\u00e1lido","vap":"45","pvap":"   0,39"},{"seq":"3","sqcand":"100000850203","n":"20444","nm":"RUCK PIRES","cc":"PSC","nv":" ","e":"s","st":"Eleito","dvt":"V\u00e1lido","vap":"405","pvap":"   3,48"},{"seq":"64","sqcand":"100000850198","n":"20222","nm":"DIDU","cc":"PSC","nv":" ","e":"n","st":"Suplente","dvt":"V\u00e1lido","vap":"11","pvap":"   0,09"},{"seq":"105","sqcand":"100001011069","n":"27121","nm":"ANA DO GUETO","cc":"DC","nv":" ","e":"n","st":"N\u00e3o eleito","dvt":"V\u00e1lido","vap":"17","pvap":"   0,15"},{"seq":"106","sqcand":"100000897980","n":"65777","nm":"IRMAO ALAN","cc":"PC do B","nv":" ","e":"n","st":"N\u00e3o eleito","dvt":"V\u00e1lido","vap":"15","pvap":"   0,13"},{"seq":"86","sqcand":"100001011079","n":"27700","nm":"VILSON DO MEL","cc":"DC","nv":" ","e":"n","st":"N\u00e3o eleito","dvt":"V\u00e1lido","vap":"44","pvap":"   0,38"},{"seq":"30","sqcand":"100000895885","n":"25888","nm":"LUIS VILA\u00c7A","cc":"DEM","nv":" ","e":"n","st":"Suplente","dvt":"V\u00e1lido","vap":"115","pvap":"   0,99"},{"seq":"40","sqcand":"100000895888","n":"25677","nm":"ZEZE","cc":"DEM","nv":" ","e":"n","st":"Suplente","dvt":"V\u00e1lido","vap":"60","pvap":"   0,52"},{"seq":"48","sqcand":"100000850210","n":"20333","nm":"PASTOR VALDENI","cc":"PSC","nv":" ","e":"n","st":"Suplente","dvt":"V\u00e1lido","vap":"38","pvap":"   0,33"},{"seq":"66","sqcand":"100000850204","n":"20033","nm":"CASSIO AZEVEDO","cc":"PSC","nv":" ","e":"n","st":"Suplente","dvt":"V\u00e1lido","vap":"7","pvap":"   0,06"},{"seq":"103","sqcand":"100000853236","n":"36456","nm":"FLAVIO ROBERTO","cc":"PTC","nv":" ","e":"n","st":"N\u00e3o eleito","dvt":"V\u00e1lido","vap":"18","pvap":"   0,15"}]}
