{"ele":"426","tpabr":"mu","cdabr":"07200","carper":"13","t":"1","f":"o","dt":"15/11/2020","ht":"21:44:23","dv":"s","tf":"s","v":"9","esae":"n","mnae":"","s":"16","st":"16","pst":" 100,00","snt":"0","psnt":"   0,00","si":"16","psi":" 100,00","sni":"0","psni":"   0,00","sa":"16","psa":" 100,00","sna":"0","psna":"   0,00","e":"5234","ea":"5234","pea":" 100,00","ena":"0","pena":"   0,00","esi":"5234","pesi":" 100,00","esni":"0","pesni":"   0,00","c":"4262","pc":"  81,43","a":"972","pa":"  18,57","vscv":"0","vnom":"3862","vl":"231","pvnom":"  94,36","pvl":"   5,64","vvc":"4093","pvvc":"  96,03","vb":"17","pvb":"   0,40","tvn":"152","ptvn":"   3,57","vn":"152","pvn":" 100,00","vnt":"0","pvnt":"   0,00","vp":"0","pvp":"   0,00","vv":"4093","pvv":" 100,00","van":"0","pvan":"   0,00","vansj":"0","pvansj":"   0,00","tv":"4262","cand":[{"seq":"14","sqcand":"100000733688","n":"13333","nm":"LINDA","cc":"PT","nv":" ","e":"n","st":"Suplente","dvt":"V\u00e1lido","vap":"67","pvap":"   1,64"},{"seq":"13","sqcand":"100000733690","n":"13277","nm":"TOURINHO DO ESPORTE","cc":"PT","nv":" ","e":"n","st":"Suplente","dvt":"V\u00e1lido","vap":"96","pvap":"   2,35"},{"seq":"17","sqcand":"100001040855","n":"12321","nm":"JUCILENE","cc":"PDT","nv":" ","e":"n","st":"Suplente","dvt":"V\u00e1lido","vap":"35","pvap":"   0,86"},{"seq":"16","sqcand":"100000733691","n":"13555","nm":"RAIMUNDO ANTAO","cc":"PT","nv":" ","e":"n","st":"Suplente","dvt":"V\u00e1lido","vap":"43","pvap":"   1,05"},{"seq":"3","sqcand":"100001040857","n":"12000","nm":"ADRIANA DO JO\u00c3O PEDRO","cc":"PDT","nv":" ","e":"s","st":"Eleito","dvt":"V\u00e1lido","vap":"427","pvap":"  10,43"},{"seq":"20","sqcand":"100000733687","n":"13111","nm":"KLEUCIANE","cc":"PT","nv":" ","e":"n","st":"Suplente","dvt":"V\u00e1lido","vap":"12","pvap":"   0,29"},{"seq":"19","sqcand":"100001041416","n":"65777","nm":"ROSA SILVA","cc":"PC do B","nv":" ","e":"n","st":"Suplente","dvt":"V\u00e1lido","vap":"18","pvap":"   0,44"},{"seq":"11","sqcand":"100001041418","n":"65123","nm":"SAMARA DO MASSA BRUTA","cc":"PC do B","nv":" ","e":"n","st":"Suplente","dvt":"V\u00e1lido","vap":"118","pvap":"   2,88"},{"seq":"7","sqcand":"100001041421","n":"65555","nm":"JAMES","cc":"PC do B","nv":" ","e":"s","st":"Eleito","dvt":"V\u00e1lido","vap":"256","pvap":"   6,25"},{"seq":"2","sqcand":"100001041422","n":"65444","nm":"CHICO BRANCO","cc":"PC do B","nv":" ","e":"s","st":"Eleito","dvt":"V\u00e1lido","vap":"479","pvap":"  11,70"},{"seq":"10","sqcand":"100001041419","n":"65789","nm":"JOCIEL","cc":"PC do B","nv":" ","e":"n","st":"Suplente","dvt":"V\u00e1lido","vap":"239","pvap":"   5,84"},{"seq":"4","sqcand":"100001040852","n":"12345","nm":"MARINHO","cc":"PDT","nv":" ","e":"s","st":"Eleito","dvt":"V\u00e1lido","vap":"368","pvap":"   8,99"},{"seq":"5","sqcand":"100001040856","n":"12222","nm":"OSVALDO","cc":"PDT","nv":" ","e":"s","st":"Eleito","dvt":"V\u00e1lido","vap":"329","pvap":"   8,04"},{"seq":"6","sqcand":"100001041417","n":"65111","nm":"DOUTOR","cc":"PC do B","nv":" ","e":"s","st":"Eleito","dvt":"V\u00e1lido","vap":"287","pvap":"   7,01"},{"seq":"18","sqcand":"100001040851","n":"12456","nm":"EVELENE","cc":"PDT","nv":" ","e":"n","st":"Suplente","dvt":"V\u00e1lido","vap":"25","pvap":"   0,61"},{"seq":"1","sqcand":"100001040854","n":"12555","nm":"BIDOR","cc":"PDT","nv":" ","e":"s","st":"Eleito","dvt":"V\u00e1lido","vap":"499","pvap":"  12,19"},{"seq":"21","sqcand":"100001041415","n":"65222","nm":"AROLDO","cc":"PC do B","nv":" ","e":"n","st":"N\u00e3o eleito","dvt":"Anulado sub judice","vap":"0","pvap":"00.00"},{"seq":"8","sqcand":"100000733689","n":"13000","nm":"RALVE ABREU","cc":"PT","nv":" ","e":"s","st":"Eleito","dvt":"V\u00e1lido","vap":"214","pvap":"   5,23"},{"seq":"15","sqcand":"100000733692","n":"13123","nm":"GILBERTO BELARMINDO","cc":"PT","nv":" ","e":"n","st":"Suplente","dvt":"V\u00e1lido","vap":"62","pvap":"   1,51"},{"seq":"12","sqcand":"100001041420","n":"65333","nm":"VER\u00c3O","cc":"PC do B","nv":" ","e":"n","st":"Suplente","dvt":"V\u00e1lido","vap":"102","pvap":"   2,49"},{"seq":"9","sqcand":"100001040853","n":"12123","nm":"SARAIVA","cc":"PDT","nv":" ","e":"s","st":"Eleito","dvt":"V\u00e1lido","vap":"186","pvap":"   4,54"}]}
