{"ele":"426","tpabr":"mu","cdabr":"07250","carper":"13","t":"1","f":"o","dt":"15/11/2020","ht":"20:23:55","dv":"s","tf":"s","v":"11","esae":"n","mnae":"","s":"45","st":"45","pst":" 100,00","snt":"0","psnt":"   0,00","si":"45","psi":" 100,00","sni":"0","psni":"   0,00","sa":"45","psa":" 100,00","sna":"0","psna":"   0,00","e":"13977","ea":"13977","pea":" 100,00","ena":"0","pena":"   0,00","esi":"13977","pesi":" 100,00","esni":"0","pesni":"   0,00","c":"11087","pc":"  79,32","a":"2890","pa":"  20,68","vscv":"0","vnom":"10211","vl":"544","pvnom":"  94,94","pvl":"   5,06","vvc":"10755","pvvc":"  97,01","vb":"50","pvb":"   0,45","tvn":"282","ptvn":"   2,54","vn":"282","pvn":" 100,00","vnt":"0","pvnt":"   0,00","vp":"0","pvp":"   0,00","vv":"10755","pvv":" 100,00","van":"0","pvan":"   0,00","vansj":"0","pvansj":"   0,00","tv":"11087","cand":[{"seq":"75","sqcand":"100001218918","n":"13333","nm":"RAFAEL","cc":"PT","nv":" ","e":"n","st":"N\u00e3o eleito","dvt":"V\u00e1lido","vap":"0","pvap":"00.00"},{"seq":"70","sqcand":"100001110365","n":"13222","nm":"BAVELHA","cc":"PT","nv":" ","e":"n","st":"N\u00e3o eleito","dvt":"V\u00e1lido","vap":"27","pvap":"   0,25"},{"seq":"41","sqcand":"100000736900","n":"22124","nm":"PRETA","cc":"PL","nv":" ","e":"n","st":"Suplente","dvt":"V\u00e1lido","vap":"40","pvap":"   0,37"},{"seq":"17","sqcand":"100000736907","n":"22456","nm":"WILSON","cc":"PL","nv":" ","e":"n","st":"Suplente","dvt":"V\u00e1lido","vap":"250","pvap":"   2,32"},{"seq":"49","sqcand":"100000736903","n":"22678","nm":"JOCENILDO CUNHA","cc":"PL","nv":" ","e":"n","st":"Suplente","dvt":"V\u00e1lido","vap":"17","pvap":"   0,16"},{"seq":"67","sqcand":"100001110370","n":"13678","nm":"BATISTA SILVA DO PT","cc":"PT","nv":" ","e":"n","st":"N\u00e3o eleito","dvt":"V\u00e1lido","vap":"47","pvap":"   0,44"},{"seq":"9","sqcand":"100000773216","n":"65411","nm":"PAULO NERY","cc":"PC do B","nv":" ","e":"s","st":"Eleito","dvt":"V\u00e1lido","vap":"367","pvap":"   3,41"},{"seq":"61","sqcand":"100000773215","n":"65478","nm":"SUZILENE","cc":"PC do B","nv":" ","e":"n","st":"Suplente","dvt":"V\u00e1lido","vap":"0","pvap":"00.00"},{"seq":"24","sqcand":"100000736911","n":"22567","nm":"CHIB\u00c9","cc":"PL","nv":" ","e":"n","st":"Suplente","dvt":"V\u00e1lido","vap":"150","pvap":"   1,39"},{"seq":"50","sqcand":"100000773220","n":"65222","nm":"ALAN MARTINS","cc":"PC do B","nv":" ","e":"n","st":"Suplente","dvt":"V\u00e1lido","vap":"15","pvap":"   0,14"},{"seq":"29","sqcand":"100000773212","n":"65432","nm":"DA CIDADE","cc":"PC do B","nv":" ","e":"n","st":"Suplente","dvt":"V\u00e1lido","vap":"120","pvap":"   1,12"},{"seq":"3","sqcand":"100001106135","n":"12333","nm":"J\u00daNIOR REGO","cc":"PDT","nv":" ","e":"s","st":"Eleito","dvt":"V\u00e1lido","vap":"433","pvap":"   4,03"},{"seq":"71","sqcand":"100001110371","n":"13555","nm":"SIMONE","cc":"PT","nv":" ","e":"n","st":"N\u00e3o eleito","dvt":"V\u00e1lido","vap":"22","pvap":"   0,20"},{"seq":"34","sqcand":"100001106125","n":"12555","nm":"HILDA","cc":"PDT","nv":" ","e":"n","st":"Suplente","dvt":"V\u00e1lido","vap":"72","pvap":"   0,67"},{"seq":"62","sqcand":"100001110369","n":"13123","nm":"MARIVALDO DO PT","cc":"PT","nv":" ","e":"n","st":"N\u00e3o eleito","dvt":"V\u00e1lido","vap":"137","pvap":"   1,27"},{"seq":"6","sqcand":"100001111148","n":"20456","nm":"PROFESSOR JORGE","cc":"PSC","nv":" ","e":"s","st":"Eleito","dvt":"V\u00e1lido","vap":"407","pvap":"   3,78"},{"seq":"48","sqcand":"100000773209","n":"65112","nm":"TONINHO","cc":"PC do B","nv":" ","e":"n","st":"Suplente","dvt":"V\u00e1lido","vap":"19","pvap":"   0,18"},{"seq":"39","sqcand":"100001111137","n":"20567","nm":"LUCIANA DO CAMPINHO","cc":"PSC","nv":" ","e":"n","st":"Suplente","dvt":"V\u00e1lido","vap":"51","pvap":"   0,47"},{"seq":"56","sqcand":"100000736910","n":"22333","nm":"ITAMARA","cc":"PL","nv":" ","e":"n","st":"Suplente","dvt":"V\u00e1lido","vap":"11","pvap":"   0,10"},{"seq":"69","sqcand":"100001110367","n":"13456","nm":"FABRICIO PRODU\u00c7\u00d5ES","cc":"PT","nv":" ","e":"n","st":"N\u00e3o eleito","dvt":"V\u00e1lido","vap":"34","pvap":"   0,32"},{"seq":"18","sqcand":"100000736908","n":"22111","nm":"TORQUATO DOS SANTOS","cc":"PL","nv":" ","e":"n","st":"Suplente","dvt":"V\u00e1lido","vap":"225","pvap":"   2,09"},{"seq":"2","sqcand":"100001106128","n":"12345","nm":"RUI","cc":"PDT","nv":" ","e":"s","st":"Eleito","dvt":"V\u00e1lido","vap":"500","pvap":"   4,65"},{"seq":"66","sqcand":"100001110362","n":"13777","nm":"ERICK PIMENTA","cc":"PT","nv":" ","e":"n","st":"N\u00e3o eleito","dvt":"V\u00e1lido","vap":"51","pvap":"   0,47"},{"seq":"33","sqcand":"100001111145","n":"20020","nm":"OZENILTO CARDOSO","cc":"PSC","nv":" ","e":"n","st":"Suplente","dvt":"V\u00e1lido","vap":"84","pvap":"   0,78"},{"seq":"59","sqcand":"100001106129","n":"12400","nm":"LOURA","cc":"PDT","nv":" ","e":"n","st":"Suplente","dvt":"V\u00e1lido","vap":"6","pvap":"   0,06"},{"seq":"38","sqcand":"100000773211","n":"65111","nm":"JUNIOR PIMENTA","cc":"PC do B","nv":" ","e":"n","st":"Suplente","dvt":"V\u00e1lido","vap":"54","pvap":"   0,50"},{"seq":"54","sqcand":"100001106132","n":"12678","nm":"ELISIANE DE JULINHO","cc":"PDT","nv":" ","e":"n","st":"Suplente","dvt":"V\u00e1lido","vap":"12","pvap":"   0,11"},{"seq":"45","sqcand":"100001106127","n":"12567","nm":"VALDA DA SA\u00daDE","cc":"PDT","nv":" ","e":"n","st":"Suplente","dvt":"V\u00e1lido","vap":"34","pvap":"   0,32"},{"seq":"65","sqcand":"100001110366","n":"13789","nm":"BENEDITA","cc":"PT","nv":" ","e":"n","st":"N\u00e3o eleito","dvt":"V\u00e1lido","vap":"66","pvap":"   0,61"},{"seq":"5","sqcand":"100001106136","n":"12222","nm":"POP\u00d3","cc":"PDT","nv":" ","e":"s","st":"Eleito","dvt":"V\u00e1lido","vap":"414","pvap":"   3,85"},{"seq":"55","sqcand":"100001111139","n":"20222","nm":"PAULINHO GDU","cc":"PSC","nv":" ","e":"n","st":"Suplente","dvt":"V\u00e1lido","vap":"12","pvap":"   0,11"},{"seq":"57","sqcand":"100001111140","n":"20333","nm":"PRETA DE JEREMIAS","cc":"PSC","nv":" ","e":"n","st":"Suplente","dvt":"V\u00e1lido","vap":"9","pvap":"   0,08"},{"seq":"35","sqcand":"100000773213","n":"65555","nm":"BIBI DA SA\u00daDE","cc":"PC do B","nv":" ","e":"n","st":"Suplente","dvt":"V\u00e1lido","vap":"65","pvap":"   0,60"},{"seq":"14","sqcand":"100000773219","n":"65789","nm":"FABIANO MONTELO","cc":"PC do B","nv":" ","e":"n","st":"Suplente","dvt":"V\u00e1lido","vap":"284","pvap":"   2,64"},{"seq":"16","sqcand":"100001106137","n":"12789","nm":"VENIZALDA","cc":"PDT","nv":" ","e":"n","st":"Suplente","dvt":"V\u00e1lido","vap":"251","pvap":"   2,33"},{"seq":"25","sqcand":"100001111141","n":"20789","nm":"PRETO DE VADICO","cc":"PSC","nv":" ","e":"n","st":"Suplente","dvt":"V\u00e1lido","vap":"148","pvap":"   1,38"},{"seq":"74","sqcand":"100001110361","n":"13999","nm":"DIOMIR","cc":"PT","nv":" ","e":"n","st":"N\u00e3o eleito","dvt":"V\u00e1lido","vap":"7","pvap":"   0,07"},{"seq":"19","sqcand":"100000736899","n":"22000","nm":"NETO DE MARILDA","cc":"PL","nv":" ","e":"n","st":"Suplente","dvt":"V\u00e1lido","vap":"224","pvap":"   2,08"},{"seq":"51","sqcand":"100001111149","n":"20193","nm":"SEBASTIANA","cc":"PSC","nv":" ","e":"n","st":"Suplente","dvt":"V\u00e1lido","vap":"14","pvap":"   0,13"},{"seq":"60","sqcand":"100001111138","n":"20888","nm":"LUCIVALDO CRUZ","cc":"PSC","nv":" ","e":"n","st":"Suplente","dvt":"V\u00e1lido","vap":"4","pvap":"   0,04"},{"seq":"53","sqcand":"100000736909","n":"22223","nm":"NETA TEIXEIRA","cc":"PL","nv":" ","e":"n","st":"Suplente","dvt":"V\u00e1lido","vap":"12","pvap":"   0,11"},{"seq":"42","sqcand":"100001106131","n":"12000","nm":"GARCEZ","cc":"PDT","nv":" ","e":"n","st":"Suplente","dvt":"V\u00e1lido","vap":"37","pvap":"   0,34"},{"seq":"40","sqcand":"100001106134","n":"12777","nm":"BETO SANTOS","cc":"PDT","nv":" ","e":"n","st":"Suplente","dvt":"V\u00e1lido","vap":"44","pvap":"   0,41"},{"seq":"36","sqcand":"100000773218","n":"65321","nm":"MARIA JOS\u00c9","cc":"PC do B","nv":" ","e":"n","st":"Suplente","dvt":"V\u00e1lido","vap":"65","pvap":"   0,60"},{"seq":"27","sqcand":"100000736906","n":"22555","nm":"SAPO","cc":"PL","nv":" ","e":"n","st":"Suplente","dvt":"V\u00e1lido","vap":"135","pvap":"   1,26"},{"seq":"44","sqcand":"100000773221","n":"65223","nm":"FLAVIO","cc":"PC do B","nv":" ","e":"n","st":"Suplente","dvt":"V\u00e1lido","vap":"34","pvap":"   0,32"},{"seq":"58","sqcand":"100001111134","n":"20500","nm":"ELISANGELA","cc":"PSC","nv":" ","e":"n","st":"Suplente","dvt":"V\u00e1lido","vap":"8","pvap":"   0,07"},{"seq":"12","sqcand":"100001106133","n":"12123","nm":"GILSON TAVARES","cc":"PDT","nv":" ","e":"n","st":"Suplente","dvt":"V\u00e1lido","vap":"314","pvap":"   2,92"},{"seq":"11","sqcand":"100000736898","n":"22222","nm":"CLAILTON","cc":"PL","nv":" ","e":"s","st":"Eleito","dvt":"V\u00e1lido","vap":"320","pvap":"   2,98"},{"seq":"15","sqcand":"100001111144","n":"20010","nm":"ALDEIR CARDOSO","cc":"PSC","nv":" ","e":"n","st":"Suplente","dvt":"V\u00e1lido","vap":"281","pvap":"   2,61"},{"seq":"7","sqcand":"100000736901","n":"22444","nm":"ALDO CAMPELO","cc":"PL","nv":" ","e":"s","st":"Eleito","dvt":"V\u00e1lido","vap":"402","pvap":"   3,74"},{"seq":"63","sqcand":"100001254172","n":"13111","nm":"PEDRO","cc":"PT","nv":" ","e":"n","st":"N\u00e3o eleito","dvt":"V\u00e1lido","vap":"136","pvap":"   1,26"},{"seq":"73","sqcand":"100001110363","n":"13888","nm":"GRAZY","cc":"PT","nv":" ","e":"n","st":"N\u00e3o eleito","dvt":"V\u00e1lido","vap":"12","pvap":"   0,11"},{"seq":"37","sqcand":"100001106130","n":"12110","nm":"ANAZITO PIMENTEL","cc":"PDT","nv":" ","e":"n","st":"Suplente","dvt":"V\u00e1lido","vap":"59","pvap":"   0,55"},{"seq":"23","sqcand":"100000736904","n":"22345","nm":"PROFESSOR JOMANIR","cc":"PL","nv":" ","e":"n","st":"Suplente","dvt":"V\u00e1lido","vap":"152","pvap":"   1,41"},{"seq":"10","sqcand":"100000773214","n":"65000","nm":"REGINA DE Z\u00c9 LAURO","cc":"PC do B","nv":" ","e":"s","st":"Eleito","dvt":"V\u00e1lido","vap":"334","pvap":"   3,11"},{"seq":"28","sqcand":"100000736905","n":"22100","nm":"DR JURANDY","cc":"PL","nv":" ","e":"n","st":"Suplente","dvt":"V\u00e1lido","vap":"122","pvap":"   1,13"},{"seq":"30","sqcand":"100000773208","n":"65300","nm":"SUZIANE","cc":"PC do B","nv":" ","e":"n","st":"Suplente","dvt":"V\u00e1lido","vap":"115","pvap":"   1,07"},{"seq":"52","sqcand":"100001244742","n":"12900","nm":"JORGE DE PAULO","cc":"PDT","nv":" ","e":"n","st":"Suplente","dvt":"V\u00e1lido","vap":"13","pvap":"   0,12"},{"seq":"72","sqcand":"100001110364","n":"13444","nm":"GLEISY","cc":"PT","nv":" ","e":"n","st":"N\u00e3o eleito","dvt":"V\u00e1lido","vap":"17","pvap":"   0,16"},{"seq":"68","sqcand":"100001110360","n":"13665","nm":"BARBOSA DA CARDINA","cc":"PT","nv":" ","e":"n","st":"N\u00e3o eleito","dvt":"V\u00e1lido","vap":"35","pvap":"   0,33"},{"seq":"47","sqcand":"100000773217","n":"65001","nm":"IVALDO DO TRAJANO","cc":"PC do B","nv":" ","e":"n","st":"Suplente","dvt":"V\u00e1lido","vap":"20","pvap":"   0,19"},{"seq":"20","sqcand":"100000773210","n":"65123","nm":"RENATA SOARES","cc":"PC do B","nv":" ","e":"n","st":"Suplente","dvt":"V\u00e1lido","vap":"222","pvap":"   2,06"},{"seq":"43","sqcand":"100000736897","n":"22789","nm":"MIROCA","cc":"PL","nv":" ","e":"n","st":"Suplente","dvt":"V\u00e1lido","vap":"35","pvap":"   0,33"},{"seq":"26","sqcand":"100001111142","n":"20030","nm":"N\u00daBIA","cc":"PSC","nv":" ","e":"n","st":"Suplente","dvt":"V\u00e1lido","vap":"139","pvap":"   1,29"},{"seq":"13","sqcand":"100001111143","n":"20258","nm":"PAULO PETI","cc":"PSC","nv":" ","e":"n","st":"Suplente","dvt":"V\u00e1lido","vap":"290","pvap":"   2,70"},{"seq":"22","sqcand":"100001106126","n":"12444","nm":"BUD\u00c9","cc":"PDT","nv":" ","e":"n","st":"Suplente","dvt":"V\u00e1lido","vap":"156","pvap":"   1,45"},{"seq":"31","sqcand":"100001111147","n":"20115","nm":"IRM\u00c3O BATISTA","cc":"PSC","nv":" ","e":"n","st":"Suplente","dvt":"V\u00e1lido","vap":"101","pvap":"   0,94"},{"seq":"4","sqcand":"100001111136","n":"20234","nm":"MAURO MENDON\u00c7A","cc":"PSC","nv":" ","e":"s","st":"Eleito","dvt":"V\u00e1lido","vap":"417","pvap":"   3,88"},{"seq":"64","sqcand":"100001110368","n":"13000","nm":"JUNIOR BROWN","cc":"PT","nv":" ","e":"n","st":"N\u00e3o eleito","dvt":"V\u00e1lido","vap":"78","pvap":"   0,73"},{"seq":"21","sqcand":"100001111135","n":"20123","nm":"JENIVAL GATINHO","cc":"PSC","nv":" ","e":"n","st":"Suplente","dvt":"V\u00e1lido","vap":"199","pvap":"   1,85"},{"seq":"8","sqcand":"100001111146","n":"20000","nm":"DENOCA","cc":"PSC","nv":" ","e":"s","st":"Eleito","dvt":"V\u00e1lido","vap":"373","pvap":"   3,47"},{"seq":"46","sqcand":"100001111150","n":"20555","nm":"SAULO DO BINGO","cc":"PSC","nv":" ","e":"n","st":"Suplente","dvt":"V\u00e1lido","vap":"29","pvap":"   0,27"},{"seq":"32","sqcand":"100000736902","n":"22999","nm":"HEVILA CARVALHAL","cc":"PL","nv":" ","e":"n","st":"Suplente","dvt":"V\u00e1lido","vap":"95","pvap":"   0,88"},{"seq":"1","sqcand":"100000736896","n":"22123","nm":"TOY","cc":"PL","nv":" ","e":"s","st":"Eleito","dvt":"V\u00e1lido","vap":"727","pvap":"   6,76"}]}
