{"ele":"426","tpabr":"mu","cdabr":"07269","carper":"13","t":"1","f":"o","dt":"15/11/2020","ht":"22:57:54","dv":"s","tf":"s","v":"13","esae":"n","mnae":"","s":"74","st":"74","pst":" 100,00","snt":"0","psnt":"   0,00","si":"74","psi":" 100,00","sni":"0","psni":"   0,00","sa":"74","psa":" 100,00","sna":"0","psna":"   0,00","e":"21191","ea":"21191","pea":" 100,00","ena":"0","pena":"   0,00","esi":"21191","pesi":" 100,00","esni":"0","pesni":"   0,00","c":"16925","pc":"  79,87","a":"4266","pa":"  20,13","vscv":"0","vnom":"15726","vl":"750","pvnom":"  95,45","pvl":"   4,55","vvc":"16478","pvvc":"  97,36","vb":"74","pvb":"   0,44","tvn":"373","ptvn":"   2,20","vn":"359","pvn":"  96,25","vnt":"14","pvnt":"   3,75","vp":"0","pvp":"   0,00","vv":"16476","pvv":"  99,99","van":"0","pvan":"   0,00","vansj":"2","pvansj":"   0,01","tv":"16925","cand":[{"seq":"61","sqcand":"100000830278","n":"20110","nm":"JOANA DA NOVA BOM JESUS","cc":"PSC","nv":" ","e":"n","st":"Suplente","dvt":"V\u00e1lido","vap":"27","pvap":"   0,16"},{"seq":"91","sqcand":"100001213618","n":"28567","nm":"LUDMYLLA ALMEIDA","cc":"PRTB","nv":" ","e":"n","st":"N\u00e3o eleito","dvt":"V\u00e1lido","vap":"0","pvap":"00.00"},{"seq":"21","sqcand":"100000869292","n":"12333","nm":"BISPO RUBENS","cc":"PDT","nv":" ","e":"n","st":"Suplente","dvt":"V\u00e1lido","vap":"296","pvap":"   1,80"},{"seq":"10","sqcand":"100000879535","n":"22444","nm":"LUIZINHO DO CARRO","cc":"PL","nv":" ","e":"s","st":"Eleito","dvt":"V\u00e1lido","vap":"481","pvap":"   2,92"},{"seq":"35","sqcand":"100000869291","n":"12444","nm":"IRM\u00c3O DOMINGOS","cc":"PDT","nv":" ","e":"n","st":"Suplente","dvt":"V\u00e1lido","vap":"147","pvap":"   0,89"},{"seq":"37","sqcand":"100001054254","n":"15555","nm":"TOINHA TAINA","cc":"MDB","nv":" ","e":"n","st":"Suplente","dvt":"V\u00e1lido","vap":"131","pvap":"   0,79"},{"seq":"24","sqcand":"100000852804","n":"10222","nm":"MANOEL FIRMINO","cc":"REPUBLICANOS","nv":" ","e":"n","st":"Suplente","dvt":"V\u00e1lido","vap":"275","pvap":"   1,67"},{"seq":"69","sqcand":"100000830281","n":"20222","nm":"NATO FOTOGRAFO","cc":"PSC","nv":" ","e":"n","st":"Suplente","dvt":"V\u00e1lido","vap":"11","pvap":"   0,07"},{"seq":"80","sqcand":"100001213615","n":"28333","nm":"PROFESSORA ERISMAR","cc":"PRTB","nv":" ","e":"n","st":"N\u00e3o eleito","dvt":"V\u00e1lido","vap":"2","pvap":"   0,01"},{"seq":"87","sqcand":"100001213620","n":"28586","nm":"PROFESSOR REIS","cc":"PRTB","nv":" ","e":"n","st":"N\u00e3o eleito","dvt":"V\u00e1lido","vap":"1","pvap":"   0,01"},{"seq":"11","sqcand":"100000869286","n":"12456","nm":"PROF ERNANDO","cc":"PDT","nv":" ","e":"s","st":"Eleito","dvt":"V\u00e1lido","vap":"429","pvap":"   2,60"},{"seq":"54","sqcand":"100001054257","n":"15123","nm":"SECRETO CIGANO","cc":"MDB","nv":" ","e":"n","st":"Suplente","dvt":"V\u00e1lido","vap":"42","pvap":"   0,25"},{"seq":"2","sqcand":"100000869293","n":"12300","nm":"ENFERMEIRO GILD\u00c1SIO","cc":"PDT","nv":" ","e":"s","st":"Eleito","dvt":"V\u00e1lido","vap":"742","pvap":"   4,50"},{"seq":"23","sqcand":"100000869295","n":"12888","nm":"JASIEL DANTAS","cc":"PDT","nv":" ","e":"n","st":"Suplente","dvt":"V\u00e1lido","vap":"279","pvap":"   1,69"},{"seq":"58","sqcand":"100000875212","n":"51180","nm":"MARLICIA KARIAMORA","cc":"PATRIOTA","nv":" ","e":"n","st":"Suplente","dvt":"V\u00e1lido","vap":"33","pvap":"   0,20"},{"seq":"86","sqcand":"100001213616","n":"28678","nm":"PROFESSOR ERNANDO","cc":"PRTB","nv":" ","e":"n","st":"N\u00e3o eleito","dvt":"V\u00e1lido","vap":"1","pvap":"   0,01"},{"seq":"70","sqcand":"100000869299","n":"12555","nm":"CARLOS DA AG\u00caNCIA","cc":"PDT","nv":" ","e":"n","st":"Suplente","dvt":"V\u00e1lido","vap":"10","pvap":"   0,06"},{"seq":"88","sqcand":"100001213609","n":"28777","nm":"PROFESSOR FREITAS","cc":"PRTB","nv":" ","e":"n","st":"N\u00e3o eleito","dvt":"V\u00e1lido","vap":"0","pvap":"00.00"},{"seq":"79","sqcand":"100000830276","n":"20345","nm":"ELTON DA MARCIA","cc":"PSC","nv":" ","e":"n","st":"N\u00e3o eleito","dvt":"Anulado sub judice","vap":"2","pvap":"   0,01"},{"seq":"65","sqcand":"100000830285","n":"20223","nm":"IRM\u00c3O LUIS","cc":"PSC","nv":" ","e":"n","st":"Suplente","dvt":"V\u00e1lido","vap":"19","pvap":"   0,12"},{"seq":"22","sqcand":"100000852805","n":"10111","nm":"XURU","cc":"REPUBLICANOS","nv":" ","e":"n","st":"Suplente","dvt":"V\u00e1lido","vap":"280","pvap":"   1,70"},{"seq":"49","sqcand":"100000879534","n":"22345","nm":"JOSA DA SAUDE","cc":"PL","nv":" ","e":"n","st":"Suplente","dvt":"V\u00e1lido","vap":"67","pvap":"   0,41"},{"seq":"27","sqcand":"100000869290","n":"12012","nm":"IRM\u00c3O ALEX","cc":"PDT","nv":" ","e":"n","st":"Suplente","dvt":"V\u00e1lido","vap":"255","pvap":"   1,55"},{"seq":"68","sqcand":"100000869304","n":"12999","nm":"LUCIA SANTOS DA SA\u00daDE","cc":"PDT","nv":" ","e":"n","st":"Suplente","dvt":"V\u00e1lido","vap":"14","pvap":"   0,08"},{"seq":"46","sqcand":"100001054251","n":"15888","nm":"MIRIAN DO POMPILO","cc":"MDB","nv":" ","e":"n","st":"Suplente","dvt":"V\u00e1lido","vap":"99","pvap":"   0,60"},{"seq":"59","sqcand":"100001054249","n":"15666","nm":"ELESB\u00c3O FELIX","cc":"MDB","nv":" ","e":"n","st":"Suplente","dvt":"V\u00e1lido","vap":"32","pvap":"   0,19"},{"seq":"42","sqcand":"100000875205","n":"51333","nm":"MARCIA DO RIBA DA CARRO\u00c7A","cc":"PATRIOTA","nv":" ","e":"n","st":"Suplente","dvt":"V\u00e1lido","vap":"117","pvap":"   0,71"},{"seq":"3","sqcand":"100000830280","n":"20777","nm":"DVAN DA BAIXINHA","cc":"PSC","nv":" ","e":"s","st":"Eleito","dvt":"V\u00e1lido","vap":"713","pvap":"   4,33"},{"seq":"75","sqcand":"100000875215","n":"51555","nm":"JOYMARA OLIVEIRA","cc":"PATRIOTA","nv":" ","e":"n","st":"Suplente","dvt":"V\u00e1lido","vap":"5","pvap":"   0,03"},{"seq":"8","sqcand":"100000879536","n":"22777","nm":"KYANE DO JULIO CESAR","cc":"PL","nv":" ","e":"s","st":"Eleito","dvt":"V\u00e1lido","vap":"504","pvap":"   3,06"},{"seq":"78","sqcand":"100001213613","n":"28888","nm":"ALDO MENDES DE PAULA","cc":"PRTB","nv":" ","e":"n","st":"N\u00e3o eleito","dvt":"V\u00e1lido","vap":"7","pvap":"   0,04"},{"seq":"32","sqcand":"100000852800","n":"10678","nm":"CARLOS CESAR","cc":"REPUBLICANOS","nv":" ","e":"n","st":"Suplente","dvt":"V\u00e1lido","vap":"190","pvap":"   1,15"},{"seq":"15","sqcand":"100000830290","n":"20555","nm":"LET\u00cdCIA LIRA","cc":"PSC","nv":" ","e":"n","st":"Suplente","dvt":"V\u00e1lido","vap":"423","pvap":"   2,57"},{"seq":"18","sqcand":"100000879537","n":"22333","nm":"NEGA DA VILA TROPICAL","cc":"PL","nv":" ","e":"n","st":"Suplente","dvt":"V\u00e1lido","vap":"371","pvap":"   2,25"},{"seq":"72","sqcand":"100000830277","n":"20007","nm":"PROFESSORA ELIENIR","cc":"PSC","nv":" ","e":"n","st":"Suplente","dvt":"V\u00e1lido","vap":"8","pvap":"   0,05"},{"seq":"66","sqcand":"100000875211","n":"51051","nm":"COSMO AMIG\u00c3O DO POVO","cc":"PATRIOTA","nv":" ","e":"n","st":"Suplente","dvt":"V\u00e1lido","vap":"18","pvap":"   0,11"},{"seq":"90","sqcand":"100001213614","n":"28456","nm":"STEPHANNE ANDRADE","cc":"PRTB","nv":" ","e":"n","st":"N\u00e3o eleito","dvt":"V\u00e1lido","vap":"0","pvap":"00.00"},{"seq":"73","sqcand":"100000869302","n":"12567","nm":"DAYANE SANTOS","cc":"PDT","nv":" ","e":"n","st":"Suplente","dvt":"V\u00e1lido","vap":"7","pvap":"   0,04"},{"seq":"60","sqcand":"100000875206","n":"51517","nm":"COSMO DOS REIS","cc":"PATRIOTA","nv":" ","e":"n","st":"Suplente","dvt":"V\u00e1lido","vap":"30","pvap":"   0,18"},{"seq":"84","sqcand":"100001213608","n":"28111","nm":"PROFESSOR HAGAMENON","cc":"PRTB","nv":" ","e":"n","st":"N\u00e3o eleito","dvt":"V\u00e1lido","vap":"1","pvap":"   0,01"},{"seq":"31","sqcand":"100000830287","n":"20002","nm":"IRM\u00c3O J\u00c2NIO","cc":"PSC","nv":" ","e":"n","st":"Suplente","dvt":"V\u00e1lido","vap":"200","pvap":"   1,21"},{"seq":"76","sqcand":"100001054259","n":"15777","nm":"JOSE ARINALDO","cc":"MDB","nv":" ","e":"n","st":"Suplente","dvt":"V\u00e1lido","vap":"4","pvap":"   0,02"},{"seq":"51","sqcand":"100000830289","n":"20111","nm":"VITORINO DA BRASILANDIA","cc":"PSC","nv":" ","e":"n","st":"Suplente","dvt":"V\u00e1lido","vap":"61","pvap":"   0,37"},{"seq":"53","sqcand":"100000852802","n":"10333","nm":"IRM\u00c3O FRANCINALDO","cc":"REPUBLICANOS","nv":" ","e":"n","st":"Suplente","dvt":"V\u00e1lido","vap":"42","pvap":"   0,25"},{"seq":"39","sqcand":"100000875210","n":"51131","nm":"CARL\u00c3O DO BALNEARIO","cc":"PATRIOTA","nv":" ","e":"n","st":"Suplente","dvt":"V\u00e1lido","vap":"129","pvap":"   0,78"},{"seq":"63","sqcand":"100001054248","n":"15234","nm":"CLARISSA FERNANDES","cc":"MDB","nv":" ","e":"n","st":"Suplente","dvt":"V\u00e1lido","vap":"27","pvap":"   0,16"},{"seq":"34","sqcand":"100000875207","n":"51222","nm":"FRANCISCO PASSOS","cc":"PATRIOTA","nv":" ","e":"n","st":"Suplente","dvt":"V\u00e1lido","vap":"166","pvap":"   1,01"},{"seq":"29","sqcand":"100001054255","n":"15678","nm":"LU DO NEGUIM","cc":"MDB","nv":" ","e":"n","st":"Suplente","dvt":"V\u00e1lido","vap":"247","pvap":"   1,50"},{"seq":"33","sqcand":"100000879541","n":"22000","nm":"BATISTA TAXISTA","cc":"PL","nv":" ","e":"n","st":"Suplente","dvt":"V\u00e1lido","vap":"172","pvap":"   1,04"},{"seq":"12","sqcand":"100000852796","n":"10555","nm":"VANICE","cc":"REPUBLICANOS","nv":" ","e":"s","st":"Eleito","dvt":"V\u00e1lido","vap":"328","pvap":"   1,99"},{"seq":"55","sqcand":"100000830282","n":"20000","nm":"JULIO DO T\u00d4CA","cc":"PSC","nv":" ","e":"n","st":"Suplente","dvt":"V\u00e1lido","vap":"40","pvap":"   0,24"},{"seq":"26","sqcand":"100001054250","n":"15999","nm":"JAIRO SABRY","cc":"MDB","nv":" ","e":"n","st":"Suplente","dvt":"V\u00e1lido","vap":"263","pvap":"   1,60"},{"seq":"89","sqcand":"100001213619","n":"28123","nm":"GILDASIO","cc":"PRTB","nv":" ","e":"n","st":"N\u00e3o eleito","dvt":"V\u00e1lido","vap":"0","pvap":"00.00"},{"seq":"30","sqcand":"100000852797","n":"10777","nm":"ERLANGEM DO SIMPLES","cc":"REPUBLICANOS","nv":" ","e":"n","st":"Suplente","dvt":"V\u00e1lido","vap":"230","pvap":"   1,40"},{"seq":"71","sqcand":"100000875213","n":"51666","nm":"CLARK DE MELO","cc":"PATRIOTA","nv":" ","e":"n","st":"Suplente","dvt":"V\u00e1lido","vap":"9","pvap":"   0,05"},{"seq":"14","sqcand":"100000830283","n":"20999","nm":"CAMILA SAMPAIO","cc":"PSC","nv":" ","e":"n","st":"Suplente","dvt":"V\u00e1lido","vap":"425","pvap":"   2,58"},{"seq":"67","sqcand":"100000869289","n":"12987","nm":"KAYRA NASCIMENTO","cc":"PDT","nv":" ","e":"n","st":"Suplente","dvt":"V\u00e1lido","vap":"15","pvap":"   0,09"},{"seq":"1","sqcand":"100000869298","n":"12222","nm":"ABDALA FILHO","cc":"PDT","nv":" ","e":"s","st":"Eleito","dvt":"V\u00e1lido","vap":"946","pvap":"   5,74"},{"seq":"6","sqcand":"100000869294","n":"12000","nm":"DR JAIR","cc":"PDT","nv":" ","e":"s","st":"Eleito","dvt":"V\u00e1lido","vap":"547","pvap":"   3,32"},{"seq":"19","sqcand":"100000879540","n":"22222","nm":"TOIN NACIONAL","cc":"PL","nv":" ","e":"n","st":"Suplente","dvt":"V\u00e1lido","vap":"350","pvap":"   2,12"},{"seq":"56","sqcand":"100001054253","n":"15444","nm":"RENATO CHAVEIRO","cc":"MDB","nv":" ","e":"n","st":"Suplente","dvt":"V\u00e1lido","vap":"35","pvap":"   0,21"},{"seq":"45","sqcand":"100000830288","n":"20333","nm":"RAIMARA AGUIAR","cc":"PSC","nv":" ","e":"n","st":"Suplente","dvt":"V\u00e1lido","vap":"103","pvap":"   0,63"},{"seq":"57","sqcand":"100000879542","n":"22123","nm":"TONY CAMPOS","cc":"PL","nv":" ","e":"n","st":"Suplente","dvt":"V\u00e1lido","vap":"34","pvap":"   0,21"},{"seq":"36","sqcand":"100000875208","n":"51234","nm":"HOSANA DO CICERO","cc":"PATRIOTA","nv":" ","e":"n","st":"Suplente","dvt":"V\u00e1lido","vap":"133","pvap":"   0,81"},{"seq":"17","sqcand":"100000869303","n":"12369","nm":"CLAUDIO JOEL","cc":"PDT","nv":" ","e":"n","st":"Suplente","dvt":"V\u00e1lido","vap":"386","pvap":"   2,34"},{"seq":"41","sqcand":"100001054252","n":"15333","nm":"ADELIA DA NOVA VIDA","cc":"MDB","nv":" ","e":"n","st":"Suplente","dvt":"V\u00e1lido","vap":"126","pvap":"   0,76"},{"seq":"48","sqcand":"100000875204","n":"51001","nm":"IRM\u00c3O DEURIVAL","cc":"PATRIOTA","nv":" ","e":"n","st":"Suplente","dvt":"V\u00e1lido","vap":"68","pvap":"   0,41"},{"seq":"38","sqcand":"100000852798","n":"10999","nm":"ANA CLAUDIA","cc":"REPUBLICANOS","nv":" ","e":"n","st":"Suplente","dvt":"V\u00e1lido","vap":"130","pvap":"   0,79"},{"seq":"9","sqcand":"100000869297","n":"12123","nm":"WALBER LOUBO","cc":"PDT","nv":" ","e":"s","st":"Eleito","dvt":"V\u00e1lido","vap":"501","pvap":"   3,04"},{"seq":"4","sqcand":"100000879532","n":"22555","nm":"DENYS JACKSON","cc":"PL","nv":" ","e":"s","st":"Eleito","dvt":"V\u00e1lido","vap":"703","pvap":"   4,27"},{"seq":"7","sqcand":"100001054247","n":"15111","nm":"VALDERI","cc":"MDB","nv":" ","e":"s","st":"Eleito","dvt":"V\u00e1lido","vap":"507","pvap":"   3,08"},{"seq":"74","sqcand":"100000869300","n":"12789","nm":"FRANCISCA ARA\u00daJO","cc":"PDT","nv":" ","e":"n","st":"Suplente","dvt":"V\u00e1lido","vap":"5","pvap":"   0,03"},{"seq":"20","sqcand":"100000875214","n":"51000","nm":"JOAO DA DONA RITA","cc":"PATRIOTA","nv":" ","e":"n","st":"Suplente","dvt":"V\u00e1lido","vap":"307","pvap":"   1,86"},{"seq":"81","sqcand":"100001213617","n":"28000","nm":"MARCONIO DA PJ","cc":"PRTB","nv":" ","e":"n","st":"N\u00e3o eleito","dvt":"V\u00e1lido","vap":"2","pvap":"   0,01"},{"seq":"25","sqcand":"100000875209","n":"51111","nm":"RAFAEL BOLINHA","cc":"PATRIOTA","nv":" ","e":"n","st":"Suplente","dvt":"V\u00e1lido","vap":"273","pvap":"   1,66"},{"seq":"16","sqcand":"100000869287","n":"12345","nm":"LUZIMAR THOMAZINI","cc":"PDT","nv":" ","e":"n","st":"Suplente","dvt":"V\u00e1lido","vap":"409","pvap":"   2,48"},{"seq":"77","sqcand":"100001213621","n":"28444","nm":"PROFESSORA SILMA","cc":"PRTB","nv":" ","e":"n","st":"N\u00e3o eleito","dvt":"V\u00e1lido","vap":"7","pvap":"   0,04"},{"seq":"52","sqcand":"100000879533","n":"22888","nm":"JOSA DA OFICINA","cc":"PL","nv":" ","e":"n","st":"Suplente","dvt":"V\u00e1lido","vap":"53","pvap":"   0,32"},{"seq":"64","sqcand":"100000830286","n":"20123","nm":"ELIENE DA APAE","cc":"PSC","nv":" ","e":"n","st":"Suplente","dvt":"V\u00e1lido","vap":"25","pvap":"   0,15"},{"seq":"13","sqcand":"100000875203","n":"51123","nm":"RENATIM MOTOTAXI","cc":"PATRIOTA","nv":" ","e":"s","st":"Eleito","dvt":"V\u00e1lido","vap":"319","pvap":"   1,94"},{"seq":"44","sqcand":"100000830284","n":"20444","nm":"FABIN IRM\u00c3O DA MI\u00daDA","cc":"PSC","nv":" ","e":"n","st":"Suplente","dvt":"V\u00e1lido","vap":"110","pvap":"   0,67"},{"seq":"85","sqcand":"100001213610","n":"28223","nm":"PROFESSOR FRANCINALDO","cc":"PRTB","nv":" ","e":"n","st":"N\u00e3o eleito","dvt":"V\u00e1lido","vap":"1","pvap":"   0,01"},{"seq":"83","sqcand":"100001213607","n":"28999","nm":"PROFESSOR PERERIA","cc":"PRTB","nv":" ","e":"n","st":"N\u00e3o eleito","dvt":"V\u00e1lido","vap":"1","pvap":"   0,01"},{"seq":"62","sqcand":"100000852801","n":"10888","nm":"IRM\u00c3O CHARUT\u00c3O","cc":"REPUBLICANOS","nv":" ","e":"n","st":"Suplente","dvt":"V\u00e1lido","vap":"27","pvap":"   0,16"},{"seq":"28","sqcand":"100000879538","n":"22111","nm":"LUIS PRETO","cc":"PL","nv":" ","e":"n","st":"Suplente","dvt":"V\u00e1lido","vap":"254","pvap":"   1,54"},{"seq":"82","sqcand":"100001213611","n":"28789","nm":"ROSA MARIA","cc":"PRTB","nv":" ","e":"n","st":"N\u00e3o eleito","dvt":"V\u00e1lido","vap":"2","pvap":"   0,01"},{"seq":"40","sqcand":"100000852803","n":"10000","nm":"LEILA DO CAFE","cc":"REPUBLICANOS","nv":" ","e":"n","st":"Suplente","dvt":"V\u00e1lido","vap":"128","pvap":"   0,78"},{"seq":"5","sqcand":"100000830279","n":"20888","nm":"PROFESSOR CLEUTON","cc":"PSC","nv":" ","e":"s","st":"Eleito","dvt":"V\u00e1lido","vap":"552","pvap":"   3,35"},{"seq":"43","sqcand":"100001054258","n":"15000","nm":"LEANDRO DA ROSELY NUNES","cc":"MDB","nv":" ","e":"n","st":"Suplente","dvt":"V\u00e1lido","vap":"111","pvap":"   0,67"},{"seq":"47","sqcand":"100000879539","n":"22666","nm":"GEORDANA SARAIVA","cc":"PL","nv":" ","e":"n","st":"Suplente","dvt":"V\u00e1lido","vap":"82","pvap":"   0,50"},{"seq":"50","sqcand":"100001054256","n":"15222","nm":"FLAVIO NOGUEIRA","cc":"MDB","nv":" ","e":"n","st":"Suplente","dvt":"V\u00e1lido","vap":"64","pvap":"   0,39"}]}
