{"ele":"426","tpabr":"mu","cdabr":"07285","carper":"13","t":"1","f":"o","dt":"15/11/2020","ht":"22:45:43","dv":"s","tf":"s","v":"11","esae":"n","mnae":"","s":"35","st":"35","pst":" 100,00","snt":"0","psnt":"   0,00","si":"35","psi":" 100,00","sni":"0","psni":"   0,00","sa":"35","psa":" 100,00","sna":"0","psna":"   0,00","e":"10105","ea":"10105","pea":" 100,00","ena":"0","pena":"   0,00","esi":"10105","pesi":" 100,00","esni":"0","pesni":"   0,00","c":"8758","pc":"  86,67","a":"1347","pa":"  13,33","vscv":"0","vnom":"7945","vl":"346","pvnom":"  95,83","pvl":"   4,17","vvc":"8291","pvvc":"  94,67","vb":"39","pvb":"   0,44","tvn":"428","ptvn":"   4,89","vn":"428","pvn":" 100,00","vnt":"0","pvnt":"   0,00","vp":"0","pvp":"   0,00","vv":"8291","pvv":" 100,00","van":"0","pvan":"   0,00","vansj":"0","pvansj":"   0,00","tv":"8758","cand":[{"seq":"6","sqcand":"100000765551","n":"65777","nm":"IRM\u00c3O HEMERSON","cc":"PC do B","nv":" ","e":"s","st":"Eleito","dvt":"V\u00e1lido","vap":"496","pvap":"   5,98"},{"seq":"24","sqcand":"100000765552","n":"65456","nm":"ANA","cc":"PC do B","nv":" ","e":"n","st":"Suplente","dvt":"V\u00e1lido","vap":"25","pvap":"   0,30"},{"seq":"30","sqcand":"100000969068","n":"10777","nm":"LUIS COBRA CRIADA","cc":"REPUBLICANOS","nv":" ","e":"n","st":"Suplente","dvt":"V\u00e1lido","vap":"3","pvap":"   0,04"},{"seq":"21","sqcand":"100000969066","n":"10111","nm":"BRUNO CAMARA","cc":"REPUBLICANOS","nv":" ","e":"n","st":"Suplente","dvt":"V\u00e1lido","vap":"97","pvap":"   1,17"},{"seq":"18","sqcand":"100000969728","n":"45678","nm":"NETO MIRANDA","cc":"PSDB","nv":" ","e":"n","st":"Suplente","dvt":"V\u00e1lido","vap":"183","pvap":"   2,21"},{"seq":"19","sqcand":"100000969060","n":"10123","nm":"AMIGO TUTI","cc":"REPUBLICANOS","nv":" ","e":"n","st":"Suplente","dvt":"V\u00e1lido","vap":"155","pvap":"   1,87"},{"seq":"8","sqcand":"100000969733","n":"45555","nm":"AMANDA ANDRADE","cc":"PSDB","nv":" ","e":"s","st":"Eleito","dvt":"V\u00e1lido","vap":"422","pvap":"   5,09"},{"seq":"10","sqcand":"100000765555","n":"65123","nm":"REGINALDO FARIAS","cc":"PC do B","nv":" ","e":"s","st":"Eleito","dvt":"V\u00e1lido","vap":"375","pvap":"   4,52"},{"seq":"9","sqcand":"100000969735","n":"45000","nm":"DJ PAULINHO","cc":"PSDB","nv":" ","e":"s","st":"Eleito","dvt":"V\u00e1lido","vap":"398","pvap":"   4,80"},{"seq":"5","sqcand":"100000765548","n":"65444","nm":"BOR\u00c9","cc":"PC do B","nv":" ","e":"s","st":"Eleito","dvt":"V\u00e1lido","vap":"525","pvap":"   6,33"},{"seq":"29","sqcand":"100000969064","n":"10333","nm":"JULINHA","cc":"REPUBLICANOS","nv":" ","e":"n","st":"Suplente","dvt":"V\u00e1lido","vap":"7","pvap":"   0,08"},{"seq":"28","sqcand":"100000969065","n":"10555","nm":"RANIERE","cc":"REPUBLICANOS","nv":" ","e":"n","st":"Suplente","dvt":"V\u00e1lido","vap":"7","pvap":"   0,08"},{"seq":"31","sqcand":"100000969736","n":"45123","nm":"JHON WENDEL","cc":"PSDB","nv":" ","e":"n","st":"Suplente","dvt":"V\u00e1lido","vap":"2","pvap":"   0,02"},{"seq":"20","sqcand":"100000765553","n":"65666","nm":"TOINHA DO JER\u00d4NIMO","cc":"PC do B","nv":" ","e":"n","st":"Suplente","dvt":"V\u00e1lido","vap":"120","pvap":"   1,45"},{"seq":"2","sqcand":"100000765554","n":"65999","nm":"RONY DO Z\u00c8S","cc":"PC do B","nv":" ","e":"s","st":"Eleito","dvt":"V\u00e1lido","vap":"610","pvap":"   7,36"},{"seq":"32","sqcand":"100000644700","n":"13999","nm":"MARIA DE FATIMA VELOSO SOUSA","cc":"PT","nv":" ","e":"n","st":"N\u00e3o eleito","dvt":"V\u00e1lido","vap":"5","pvap":"   0,06"},{"seq":"11","sqcand":"100000969061","n":"10100","nm":"JUNIOR PASSOS","cc":"REPUBLICANOS","nv":" ","e":"s","st":"Eleito","dvt":"V\u00e1lido","vap":"276","pvap":"   3,33"},{"seq":"15","sqcand":"100000765546","n":"65111","nm":"ES\u00c3NGELA DA VERTENTE","cc":"PC do B","nv":" ","e":"n","st":"Suplente","dvt":"V\u00e1lido","vap":"353","pvap":"   4,26"},{"seq":"22","sqcand":"100000969731","n":"45444","nm":"LUANA","cc":"PSDB","nv":" ","e":"n","st":"Suplente","dvt":"V\u00e1lido","vap":"63","pvap":"   0,76"},{"seq":"23","sqcand":"100000969063","n":"10222","nm":"ANTONIO FREITAS","cc":"REPUBLICANOS","nv":" ","e":"n","st":"Suplente","dvt":"V\u00e1lido","vap":"34","pvap":"   0,41"},{"seq":"7","sqcand":"100000969729","n":"45777","nm":"CHIC\u00c3O","cc":"PSDB","nv":" ","e":"s","st":"Eleito","dvt":"V\u00e1lido","vap":"453","pvap":"   5,46"},{"seq":"4","sqcand":"100000765547","n":"65222","nm":"EVANDRO MIRANDA","cc":"PC do B","nv":" ","e":"s","st":"Eleito","dvt":"V\u00e1lido","vap":"534","pvap":"   6,44"},{"seq":"13","sqcand":"100000765550","n":"65888","nm":"SILVANA MIRANDA","cc":"PC do B","nv":" ","e":"n","st":"Suplente","dvt":"V\u00e1lido","vap":"368","pvap":"   4,44"},{"seq":"1","sqcand":"100000765557","n":"65555","nm":"PEDRO MIRANDA","cc":"PC do B","nv":" ","e":"s","st":"Eleito","dvt":"V\u00e1lido","vap":"617","pvap":"   7,44"},{"seq":"3","sqcand":"100000765558","n":"65000","nm":"MARCELO DO BOLO","cc":"PC do B","nv":" ","e":"s","st":"Eleito","dvt":"V\u00e1lido","vap":"548","pvap":"   6,61"},{"seq":"26","sqcand":"100000765549","n":"65065","nm":"ELINAGELA","cc":"PC do B","nv":" ","e":"n","st":"Suplente","dvt":"V\u00e1lido","vap":"13","pvap":"   0,16"},{"seq":"33","sqcand":"100000644699","n":"13000","nm":"JO\u00c3O FRANCISCO T  DOS SANTOS","cc":"PT","nv":" ","e":"n","st":"N\u00e3o eleito","dvt":"V\u00e1lido","vap":"5","pvap":"   0,06"},{"seq":"17","sqcand":"100000969062","n":"10000","nm":"NEGUIM DA VAL SAT","cc":"REPUBLICANOS","nv":" ","e":"n","st":"Suplente","dvt":"V\u00e1lido","vap":"218","pvap":"   2,63"},{"seq":"12","sqcand":"100000969734","n":"45222","nm":"NETO MEDEIROS","cc":"PSDB","nv":" ","e":"n","st":"Suplente","dvt":"V\u00e1lido","vap":"380","pvap":"   4,58"},{"seq":"14","sqcand":"100000765556","n":"65333","nm":"VALDO JAC\u00d3","cc":"PC do B","nv":" ","e":"n","st":"Suplente","dvt":"V\u00e1lido","vap":"353","pvap":"   4,26"},{"seq":"27","sqcand":"100000969067","n":"10010","nm":"DAIANA GON\u00c7ALVES","cc":"REPUBLICANOS","nv":" ","e":"n","st":"Suplente","dvt":"V\u00e1lido","vap":"8","pvap":"   0,10"},{"seq":"25","sqcand":"100000969730","n":"45999","nm":"ALCIONE MOTA","cc":"PSDB","nv":" ","e":"n","st":"Suplente","dvt":"V\u00e1lido","vap":"24","pvap":"   0,29"},{"seq":"16","sqcand":"100000969732","n":"45111","nm":"ARILSON","cc":"PSDB","nv":" ","e":"n","st":"Suplente","dvt":"V\u00e1lido","vap":"268","pvap":"   3,23"}]}
