{"ele":"426","tpabr":"mu","cdabr":"07293","carper":"13","t":"1","f":"o","dt":"15/11/2020","ht":"22:02:32","dv":"s","tf":"s","v":"11","esae":"n","mnae":"","s":"42","st":"42","pst":" 100,00","snt":"0","psnt":"   0,00","si":"42","psi":" 100,00","sni":"0","psni":"   0,00","sa":"42","psa":" 100,00","sna":"0","psna":"   0,00","e":"14386","ea":"14386","pea":" 100,00","ena":"0","pena":"   0,00","esi":"14386","pesi":" 100,00","esni":"0","pesni":"   0,00","c":"11783","pc":"  81,91","a":"2603","pa":"  18,09","vscv":"0","vnom":"10771","vl":"191","pvnom":"  98,26","pvl":"   1,74","vvc":"10962","pvvc":"  93,03","vb":"125","pvb":"   1,06","tvn":"696","ptvn":"   5,91","vn":"696","pvn":" 100,00","vnt":"0","pvnt":"   0,00","vp":"0","pvp":"   0,00","vv":"10962","pvv":" 100,00","van":"0","pvan":"   0,00","vansj":"0","pvansj":"   0,00","tv":"11783","cand":[{"seq":"26","sqcand":"100000979012","n":"10666","nm":"GONZAGA","cc":"REPUBLICANOS","nv":" ","e":"n","st":"Suplente","dvt":"V\u00e1lido","vap":"90","pvap":"   0,82"},{"seq":"2","sqcand":"100000979021","n":"10555","nm":"THIAGO DO MAZIM","cc":"REPUBLICANOS","nv":" ","e":"s","st":"Eleito","dvt":"V\u00e1lido","vap":"675","pvap":"   6,16"},{"seq":"20","sqcand":"100000991651","n":"65999","nm":"Z\u00c9 BAR\u00c3O","cc":"PC do B","nv":" ","e":"n","st":"Suplente","dvt":"V\u00e1lido","vap":"195","pvap":"   1,78"},{"seq":"15","sqcand":"100000991659","n":"65147","nm":"LUCIANO AZEVEDO GUGU","cc":"PC do B","nv":" ","e":"n","st":"Suplente","dvt":"V\u00e1lido","vap":"396","pvap":"   3,61"},{"seq":"39","sqcand":"100000979864","n":"50123","nm":"CLEMENTINO","cc":"PSOL","nv":" ","e":"n","st":"N\u00e3o eleito","dvt":"V\u00e1lido","vap":"16","pvap":"   0,15"},{"seq":"25","sqcand":"100000991657","n":"65888","nm":"PROFESSORA C\u00c9LIA","cc":"PC do B","nv":" ","e":"n","st":"Suplente","dvt":"V\u00e1lido","vap":"102","pvap":"   0,93"},{"seq":"33","sqcand":"100000991655","n":"65003","nm":"SONIA MARIA","cc":"PC do B","nv":" ","e":"n","st":"Suplente","dvt":"V\u00e1lido","vap":"9","pvap":"   0,08"},{"seq":"8","sqcand":"100000979022","n":"10369","nm":"TEOTONIO","cc":"REPUBLICANOS","nv":" ","e":"s","st":"Eleito","dvt":"V\u00e1lido","vap":"521","pvap":"   4,75"},{"seq":"31","sqcand":"100000991650","n":"65002","nm":"WALKYRIA","cc":"PC do B","nv":" ","e":"n","st":"Suplente","dvt":"V\u00e1lido","vap":"20","pvap":"   0,18"},{"seq":"23","sqcand":"100000991648","n":"65777","nm":"PROFESSORA EDINEUDA","cc":"PC do B","nv":" ","e":"n","st":"Suplente","dvt":"V\u00e1lido","vap":"147","pvap":"   1,34"},{"seq":"40","sqcand":"100001253050","n":"13000","nm":"CARLOS ALBERTO","cc":"PT","nv":" ","e":"n","st":"N\u00e3o eleito","dvt":"V\u00e1lido","vap":"9","pvap":"   0,08"},{"seq":"9","sqcand":"100000991656","n":"65123","nm":"WELITON RIBEIRO","cc":"PC do B","nv":" ","e":"s","st":"Eleito","dvt":"V\u00e1lido","vap":"506","pvap":"   4,62"},{"seq":"28","sqcand":"100000979020","n":"10110","nm":"LUZIA DO LIO","cc":"REPUBLICANOS","nv":" ","e":"n","st":"Suplente","dvt":"V\u00e1lido","vap":"42","pvap":"   0,38"},{"seq":"22","sqcand":"100000979016","n":"10777","nm":"MOACY","cc":"REPUBLICANOS","nv":" ","e":"n","st":"Suplente","dvt":"V\u00e1lido","vap":"162","pvap":"   1,48"},{"seq":"18","sqcand":"100000979010","n":"10999","nm":"DEUZA DO SINDICATO","cc":"REPUBLICANOS","nv":" ","e":"n","st":"Suplente","dvt":"V\u00e1lido","vap":"276","pvap":"   2,52"},{"seq":"21","sqcand":"100000979013","n":"10900","nm":"DORGI","cc":"REPUBLICANOS","nv":" ","e":"n","st":"Suplente","dvt":"V\u00e1lido","vap":"190","pvap":"   1,73"},{"seq":"1","sqcand":"100000991649","n":"65789","nm":"PIO REZENDE","cc":"PC do B","nv":" ","e":"s","st":"Eleito","dvt":"V\u00e1lido","vap":"677","pvap":"   6,18"},{"seq":"32","sqcand":"100000979011","n":"10510","nm":"INDIRA","cc":"REPUBLICANOS","nv":" ","e":"n","st":"Suplente","dvt":"V\u00e1lido","vap":"13","pvap":"   0,12"},{"seq":"27","sqcand":"100000979017","n":"10444","nm":"MARIA ALVES","cc":"REPUBLICANOS","nv":" ","e":"n","st":"Suplente","dvt":"V\u00e1lido","vap":"51","pvap":"   0,47"},{"seq":"29","sqcand":"100000979023","n":"10123","nm":"ROSARIO","cc":"REPUBLICANOS","nv":" ","e":"n","st":"Suplente","dvt":"V\u00e1lido","vap":"28","pvap":"   0,26"},{"seq":"10","sqcand":"100000991645","n":"65678","nm":"PROFESSOR EDMAR","cc":"PC do B","nv":" ","e":"s","st":"Eleito","dvt":"V\u00e1lido","vap":"486","pvap":"   4,43"},{"seq":"12","sqcand":"100000991654","n":"65555","nm":"KAMILLA DO PANELADA","cc":"PC do B","nv":" ","e":"n","st":"Suplente","dvt":"V\u00e1lido","vap":"470","pvap":"   4,29"},{"seq":"34","sqcand":"100000980382","n":"13333","nm":"JUVENAL DO BUCH\u00ca","cc":"PT","nv":" ","e":"n","st":"N\u00e3o eleito","dvt":"V\u00e1lido","vap":"295","pvap":"   2,69"},{"seq":"30","sqcand":"100000991653","n":"65001","nm":"FRANCIANE","cc":"PC do B","nv":" ","e":"n","st":"Suplente","dvt":"V\u00e1lido","vap":"23","pvap":"   0,21"},{"seq":"14","sqcand":"100000979025","n":"10000","nm":"DOD\u00d4 SIQUEIRA","cc":"REPUBLICANOS","nv":" ","e":"n","st":"Suplente","dvt":"V\u00e1lido","vap":"426","pvap":"   3,89"},{"seq":"13","sqcand":"100000991644","n":"65666","nm":"GEFFERSON REIS","cc":"PC do B","nv":" ","e":"n","st":"Suplente","dvt":"V\u00e1lido","vap":"437","pvap":"   3,99"},{"seq":"38","sqcand":"100001253051","n":"13222","nm":"VANDERLEIA","cc":"PT","nv":" ","e":"n","st":"N\u00e3o eleito","dvt":"V\u00e1lido","vap":"25","pvap":"   0,23"},{"seq":"7","sqcand":"100000991647","n":"65444","nm":"DOID\u00c3O","cc":"PC do B","nv":" ","e":"s","st":"Eleito","dvt":"V\u00e1lido","vap":"543","pvap":"   4,95"},{"seq":"37","sqcand":"100000979865","n":"50000","nm":"MARIA CLARA RODRIGUES","cc":"PSOL","nv":" ","e":"n","st":"N\u00e3o eleito","dvt":"V\u00e1lido","vap":"40","pvap":"   0,36"},{"seq":"24","sqcand":"100000979014","n":"10100","nm":"NENEM DO BAIRRO DO CAMPO","cc":"REPUBLICANOS","nv":" ","e":"n","st":"Suplente","dvt":"V\u00e1lido","vap":"131","pvap":"   1,20"},{"seq":"4","sqcand":"100000991652","n":"65333","nm":"BONGA","cc":"PC do B","nv":" ","e":"s","st":"Eleito","dvt":"V\u00e1lido","vap":"559","pvap":"   5,10"},{"seq":"3","sqcand":"100000979015","n":"10333","nm":"JOSE LEAO","cc":"REPUBLICANOS","nv":" ","e":"s","st":"Eleito","dvt":"V\u00e1lido","vap":"610","pvap":"   5,56"},{"seq":"6","sqcand":"100000991660","n":"65000","nm":"VALDERI","cc":"PC do B","nv":" ","e":"s","st":"Eleito","dvt":"V\u00e1lido","vap":"544","pvap":"   4,96"},{"seq":"5","sqcand":"100000979024","n":"10888","nm":"ARILSON LIMA","cc":"REPUBLICANOS","nv":" ","e":"s","st":"Eleito","dvt":"V\u00e1lido","vap":"557","pvap":"   5,08"},{"seq":"17","sqcand":"100000991646","n":"65111","nm":"FLEURY RIBEIRO","cc":"PC do B","nv":" ","e":"n","st":"Suplente","dvt":"V\u00e1lido","vap":"286","pvap":"   2,61"},{"seq":"11","sqcand":"100000979018","n":"10111","nm":"JOSE NILTON","cc":"REPUBLICANOS","nv":" ","e":"s","st":"Eleito","dvt":"V\u00e1lido","vap":"450","pvap":"   4,11"},{"seq":"16","sqcand":"100000991658","n":"65222","nm":"JO\u00c3O BARROS","cc":"PC do B","nv":" ","e":"n","st":"Suplente","dvt":"V\u00e1lido","vap":"299","pvap":"   2,73"},{"seq":"35","sqcand":"100000980383","n":"13456","nm":"FRANCISCO CABE\u00c7\u00c3O","cc":"PT","nv":" ","e":"n","st":"N\u00e3o eleito","dvt":"V\u00e1lido","vap":"206","pvap":"   1,88"},{"seq":"19","sqcand":"100000979019","n":"10222","nm":"PEDRO DIAGONAL","cc":"REPUBLICANOS","nv":" ","e":"n","st":"Suplente","dvt":"V\u00e1lido","vap":"197","pvap":"   1,80"},{"seq":"36","sqcand":"100000980384","n":"13111","nm":"TALIA DO GARCIA","cc":"PT","nv":" ","e":"n","st":"N\u00e3o eleito","dvt":"V\u00e1lido","vap":"62","pvap":"   0,57"}]}
