{"ele":"426","tpabr":"mu","cdabr":"07374","carper":"13","t":"1","f":"o","dt":"15/11/2020","ht":"21:43:38","dv":"s","tf":"s","v":"11","esae":"n","mnae":"","s":"53","st":"53","pst":" 100,00","snt":"0","psnt":"   0,00","si":"53","psi":" 100,00","sni":"0","psni":"   0,00","sa":"53","psa":" 100,00","sna":"0","psna":"   0,00","e":"18708","ea":"18708","pea":" 100,00","ena":"0","pena":"   0,00","esi":"18708","pesi":" 100,00","esni":"0","pesni":"   0,00","c":"15260","pc":"  81,57","a":"3448","pa":"  18,43","vscv":"0","vnom":"13880","vl":"880","pvnom":"  94,04","pvl":"   5,96","vvc":"14760","pvvc":"  96,72","vb":"198","pvb":"   1,30","tvn":"302","ptvn":"   1,98","vn":"302","pvn":" 100,00","vnt":"0","pvnt":"   0,00","vp":"0","pvp":"   0,00","vv":"14760","pvv":" 100,00","van":"0","pvan":"   0,00","vansj":"0","pvansj":"   0,00","tv":"15260","cand":[{"seq":"36","sqcand":"100001256640","n":"12345","nm":"GALDENCIO  FILHO","cc":"PDT","nv":" ","e":"n","st":"Suplente","dvt":"V\u00e1lido","vap":"60","pvap":"   0,41"},{"seq":"30","sqcand":"100001256693","n":"43111","nm":"JOSENILDE","cc":"PV","nv":" ","e":"n","st":"Suplente","dvt":"V\u00e1lido","vap":"96","pvap":"   0,65"},{"seq":"96","sqcand":"100000656787","n":"17100","nm":"ZE DOMINGOS","cc":"PSL","nv":" ","e":"n","st":"N\u00e3o eleito","dvt":"V\u00e1lido","vap":"21","pvap":"   0,14"},{"seq":"114","sqcand":"100001256665","n":"25333","nm":"RIBAMAR DE JURARAIT\u00c1","cc":"DEM","nv":" ","e":"n","st":"N\u00e3o eleito","dvt":"V\u00e1lido","vap":"6","pvap":"   0,04"},{"seq":"31","sqcand":"100001256652","n":"22000","nm":"MATHEUS MACEDO","cc":"PL","nv":" ","e":"n","st":"Suplente","dvt":"V\u00e1lido","vap":"90","pvap":"   0,61"},{"seq":"109","sqcand":"100001256674","n":"28028","nm":"MAYARA DO BAIXO ESCURO","cc":"PRTB","nv":" ","e":"n","st":"N\u00e3o eleito","dvt":"V\u00e1lido","vap":"9","pvap":"   0,06"},{"seq":"83","sqcand":"100001256672","n":"28221","nm":"NILTON DE PACHOLA","cc":"PRTB","nv":" ","e":"n","st":"N\u00e3o eleito","dvt":"V\u00e1lido","vap":"81","pvap":"   0,55"},{"seq":"34","sqcand":"100001256626","n":"13555","nm":"CANUTO","cc":"PT","nv":" ","e":"n","st":"Suplente","dvt":"V\u00e1lido","vap":"65","pvap":"   0,44"},{"seq":"32","sqcand":"100000944253","n":"15123","nm":"JUNIOR CABE\u00c7A","cc":"MDB","nv":" ","e":"n","st":"Suplente","dvt":"V\u00e1lido","vap":"84","pvap":"   0,57"},{"seq":"98","sqcand":"100000656780","n":"17000","nm":"ALINI CANTANHEDE","cc":"PSL","nv":" ","e":"n","st":"N\u00e3o eleito","dvt":"V\u00e1lido","vap":"20","pvap":"   0,14"},{"seq":"90","sqcand":"100001256664","n":"25345","nm":"CREUZA PEREIRA","cc":"DEM","nv":" ","e":"n","st":"N\u00e3o eleito","dvt":"V\u00e1lido","vap":"32","pvap":"   0,22"},{"seq":"23","sqcand":"100001256689","n":"43777","nm":"ABRANTES","cc":"PV","nv":" ","e":"n","st":"Suplente","dvt":"V\u00e1lido","vap":"209","pvap":"   1,42"},{"seq":"12","sqcand":"100001256638","n":"12789","nm":"VALDENOR DO PONTAL","cc":"PDT","nv":" ","e":"n","st":"Suplente","dvt":"V\u00e1lido","vap":"397","pvap":"   2,69"},{"seq":"121","sqcand":"100001256667","n":"25000","nm":"VALQUIRIA SOUZA","cc":"DEM","nv":" ","e":"n","st":"N\u00e3o eleito","dvt":"V\u00e1lido","vap":"5","pvap":"   0,03"},{"seq":"52","sqcand":"100001256659","n":"22456","nm":"CABE\u00c7A DE REPOLHO OU ODAIR","cc":"PL","nv":" ","e":"n","st":"Suplente","dvt":"V\u00e1lido","vap":"21","pvap":"   0,14"},{"seq":"87","sqcand":"100001256666","n":"25123","nm":"NILDILENE ALMEIDA","cc":"DEM","nv":" ","e":"n","st":"N\u00e3o eleito","dvt":"V\u00e1lido","vap":"54","pvap":"   0,37"},{"seq":"106","sqcand":"100001256736","n":"70124","nm":"EDMUNDO","cc":"AVANTE","nv":" ","e":"n","st":"N\u00e3o eleito","dvt":"V\u00e1lido","vap":"12","pvap":"   0,08"},{"seq":"71","sqcand":"100001256622","n":"13000","nm":"ANDERSON DE BURITIRANA","cc":"PT","nv":" ","e":"n","st":"Suplente","dvt":"V\u00e1lido","vap":"5","pvap":"   0,03"},{"seq":"41","sqcand":"100000944246","n":"15555","nm":"CADEZINHO DO BRASIL","cc":"MDB","nv":" ","e":"n","st":"Suplente","dvt":"V\u00e1lido","vap":"45","pvap":"   0,30"},{"seq":"3","sqcand":"100000944251","n":"15000","nm":"JANNY ENFERMEIRA","cc":"MDB","nv":" ","e":"s","st":"Eleito","dvt":"V\u00e1lido","vap":"657","pvap":"   4,45"},{"seq":"99","sqcand":"100001256682","n":"40111","nm":"TIAGO","cc":"PSB","nv":" ","e":"n","st":"N\u00e3o eleito","dvt":"V\u00e1lido","vap":"19","pvap":"   0,13"},{"seq":"117","sqcand":"100001256678","n":"28444","nm":"NILDILENE COSTA","cc":"PRTB","nv":" ","e":"n","st":"N\u00e3o eleito","dvt":"V\u00e1lido","vap":"6","pvap":"   0,04"},{"seq":"33","sqcand":"100001256688","n":"43000","nm":"JOB\u00d3 CARTEIRO","cc":"PV","nv":" ","e":"n","st":"Suplente","dvt":"V\u00e1lido","vap":"72","pvap":"   0,49"},{"seq":"9","sqcand":"100001256701","n":"43222","nm":"CARLINHO DE SEVERALDO","cc":"PV","nv":" ","e":"s","st":"Eleito","dvt":"V\u00e1lido","vap":"379","pvap":"   2,57"},{"seq":"85","sqcand":"100001260407","n":"10369","nm":"JO\u00c3OZINHO DE BURITIRANA","cc":"REPUBLICANOS","nv":" ","e":"n","st":"N\u00e3o eleito","dvt":"V\u00e1lido","vap":"64","pvap":"   0,43"},{"seq":"76","sqcand":"100001260255","n":"10789","nm":"ANTONIO TAXISTA","cc":"REPUBLICANOS","nv":" ","e":"n","st":"N\u00e3o eleito","dvt":"V\u00e1lido","vap":"196","pvap":"   1,33"},{"seq":"43","sqcand":"100000944244","n":"15243","nm":"DUCE DO SOARES","cc":"MDB","nv":" ","e":"n","st":"Suplente","dvt":"V\u00e1lido","vap":"42","pvap":"   0,28"},{"seq":"47","sqcand":"100001256660","n":"22001","nm":"PREGUINHO","cc":"PL","nv":" ","e":"n","st":"Suplente","dvt":"V\u00e1lido","vap":"38","pvap":"   0,26"},{"seq":"86","sqcand":"100001256668","n":"25222","nm":"PEDRO DE ANDRE","cc":"DEM","nv":" ","e":"n","st":"N\u00e3o eleito","dvt":"V\u00e1lido","vap":"58","pvap":"   0,39"},{"seq":"78","sqcand":"100001260401","n":"10123","nm":"LUCI MACEDO","cc":"REPUBLICANOS","nv":" ","e":"n","st":"N\u00e3o eleito","dvt":"V\u00e1lido","vap":"148","pvap":"   1,00"},{"seq":"67","sqcand":"100001256624","n":"13789","nm":"DINALEIA","cc":"PT","nv":" ","e":"n","st":"Suplente","dvt":"V\u00e1lido","vap":"8","pvap":"   0,05"},{"seq":"80","sqcand":"100001256677","n":"28222","nm":"ROBERTO","cc":"PRTB","nv":" ","e":"n","st":"N\u00e3o eleito","dvt":"V\u00e1lido","vap":"130","pvap":"   0,88"},{"seq":"28","sqcand":"100001256700","n":"43456","nm":"JAC\u00d3 DO AREAL","cc":"PV","nv":" ","e":"n","st":"Suplente","dvt":"V\u00e1lido","vap":"144","pvap":"   0,98"},{"seq":"102","sqcand":"100001256731","n":"70666","nm":"CHICO CENTRO DOS LOPES","cc":"AVANTE","nv":" ","e":"n","st":"N\u00e3o eleito","dvt":"V\u00e1lido","vap":"16","pvap":"   0,11"},{"seq":"122","sqcand":"100001256683","n":"40200","nm":"JOSIANE","cc":"PSB","nv":" ","e":"n","st":"N\u00e3o eleito","dvt":"V\u00e1lido","vap":"4","pvap":"   0,03"},{"seq":"8","sqcand":"100001256699","n":"43444","nm":"EDILSON","cc":"PV","nv":" ","e":"s","st":"Eleito","dvt":"V\u00e1lido","vap":"397","pvap":"   2,69"},{"seq":"58","sqcand":"100001256637","n":"12222","nm":"DOMINGAS DA FLORESTA","cc":"PDT","nv":" ","e":"n","st":"Suplente","dvt":"V\u00e1lido","vap":"15","pvap":"   0,10"},{"seq":"11","sqcand":"100001256656","n":"22222","nm":"GORDO DO QUIND\u00cdUA","cc":"PL","nv":" ","e":"s","st":"Eleito","dvt":"V\u00e1lido","vap":"300","pvap":"   2,03"},{"seq":"14","sqcand":"100001256690","n":"43789","nm":"AMARILDO","cc":"PV","nv":" ","e":"n","st":"Suplente","dvt":"V\u00e1lido","vap":"347","pvap":"   2,35"},{"seq":"1","sqcand":"100000944242","n":"15234","nm":"IRMAO VETINHO","cc":"MDB","nv":" ","e":"s","st":"Eleito","dvt":"V\u00e1lido","vap":"942","pvap":"   6,38"},{"seq":"61","sqcand":"100001256661","n":"22111","nm":"DED\u00ca DO JACIOCA","cc":"PL","nv":" ","e":"n","st":"Suplente","dvt":"V\u00e1lido","vap":"13","pvap":"   0,09"},{"seq":"60","sqcand":"100001256650","n":"22344","nm":"ODORIEL BARATA","cc":"PL","nv":" ","e":"n","st":"Suplente","dvt":"V\u00e1lido","vap":"14","pvap":"   0,09"},{"seq":"65","sqcand":"100001256639","n":"12555","nm":"CANUTA","cc":"PDT","nv":" ","e":"n","st":"Suplente","dvt":"V\u00e1lido","vap":"8","pvap":"   0,05"},{"seq":"29","sqcand":"100000944248","n":"15456","nm":"M\u00c1RIO GUSM\u00c3O","cc":"MDB","nv":" ","e":"n","st":"Suplente","dvt":"V\u00e1lido","vap":"105","pvap":"   0,71"},{"seq":"72","sqcand":"100001256698","n":"43151","nm":"ABILENE","cc":"PV","nv":" ","e":"n","st":"Suplente","dvt":"V\u00e1lido","vap":"0","pvap":"00.00"},{"seq":"48","sqcand":"100000944254","n":"15233","nm":"MAG\u00c3O","cc":"MDB","nv":" ","e":"n","st":"Suplente","dvt":"V\u00e1lido","vap":"34","pvap":"   0,23"},{"seq":"53","sqcand":"100001256705","n":"55000","nm":"DOCINHO","cc":"PSD","nv":" ","e":"n","st":"Suplente","dvt":"V\u00e1lido","vap":"20","pvap":"   0,14"},{"seq":"57","sqcand":"100001256576","n":"13150","nm":"ROSA DE HAGAPITO","cc":"PT","nv":" ","e":"n","st":"Suplente","dvt":"V\u00e1lido","vap":"17","pvap":"   0,12"},{"seq":"10","sqcand":"100001256619","n":"13333","nm":"PROF  IVALDO","cc":"PT","nv":" ","e":"s","st":"Eleito","dvt":"V\u00e1lido","vap":"334","pvap":"   2,26"},{"seq":"4","sqcand":"100001256709","n":"55123","nm":"CHICO FERREIRA","cc":"PSD","nv":" ","e":"s","st":"Eleito","dvt":"V\u00e1lido","vap":"565","pvap":"   3,83"},{"seq":"18","sqcand":"100001256623","n":"13133","nm":"DIMAEL DO MARAJ\u00c1","cc":"PT","nv":" ","e":"n","st":"Suplente","dvt":"V\u00e1lido","vap":"281","pvap":"   1,90"},{"seq":"45","sqcand":"100001256704","n":"55222","nm":"JORGE MELO","cc":"PSD","nv":" ","e":"n","st":"Suplente","dvt":"V\u00e1lido","vap":"41","pvap":"   0,28"},{"seq":"25","sqcand":"100001256625","n":"13123","nm":"PINININHO","cc":"PT","nv":" ","e":"n","st":"Suplente","dvt":"V\u00e1lido","vap":"200","pvap":"   1,36"},{"seq":"111","sqcand":"100000656784","n":"17123","nm":"LELES NETO","cc":"PSL","nv":" ","e":"n","st":"N\u00e3o eleito","dvt":"V\u00e1lido","vap":"9","pvap":"   0,06"},{"seq":"55","sqcand":"100001256658","n":"22765","nm":"ALDY MARAVILHOSA","cc":"PL","nv":" ","e":"n","st":"Suplente","dvt":"V\u00e1lido","vap":"19","pvap":"   0,13"},{"seq":"112","sqcand":"100001256679","n":"28738","nm":"NICELIA SOARES","cc":"PRTB","nv":" ","e":"n","st":"N\u00e3o eleito","dvt":"V\u00e1lido","vap":"8","pvap":"   0,05"},{"seq":"124","sqcand":"100000656781","n":"17456","nm":"ANDRINHO","cc":"PSL","nv":" ","e":"n","st":"N\u00e3o eleito","dvt":"V\u00e1lido","vap":"4","pvap":"   0,03"},{"seq":"49","sqcand":"100001256708","n":"55369","nm":"ANA CARLA","cc":"PSD","nv":" ","e":"n","st":"Suplente","dvt":"V\u00e1lido","vap":"34","pvap":"   0,23"},{"seq":"15","sqcand":"100001256706","n":"55555","nm":"BIN\u00c9","cc":"PSD","nv":" ","e":"n","st":"Suplente","dvt":"V\u00e1lido","vap":"346","pvap":"   2,34"},{"seq":"129","sqcand":"100001256685","n":"40456","nm":"VITAL","cc":"PSB","nv":" ","e":"n","st":"N\u00e3o eleito","dvt":"V\u00e1lido","vap":"0","pvap":"00.00"},{"seq":"126","sqcand":"100001260399","n":"10992","nm":"RAIMUNDO BLACK","cc":"REPUBLICANOS","nv":" ","e":"n","st":"N\u00e3o eleito","dvt":"V\u00e1lido","vap":"4","pvap":"   0,03"},{"seq":"7","sqcand":"100001256641","n":"12369","nm":"SASS\u00c1","cc":"PDT","nv":" ","e":"s","st":"Eleito","dvt":"V\u00e1lido","vap":"463","pvap":"   3,14"},{"seq":"44","sqcand":"100001256575","n":"13456","nm":"NONATO DO PONTAL","cc":"PT","nv":" ","e":"n","st":"Suplente","dvt":"V\u00e1lido","vap":"41","pvap":"   0,28"},{"seq":"40","sqcand":"100000944250","n":"15222","nm":"NILCE DA FLORESTA","cc":"MDB","nv":" ","e":"n","st":"Suplente","dvt":"V\u00e1lido","vap":"45","pvap":"   0,30"},{"seq":"119","sqcand":"100000656785","n":"17234","nm":"LINDINEIA AGUIAR","cc":"PSL","nv":" ","e":"n","st":"N\u00e3o eleito","dvt":"V\u00e1lido","vap":"5","pvap":"   0,03"},{"seq":"94","sqcand":"100001256681","n":"28456","nm":"RICARDO CACHORR\u00c3O","cc":"PRTB","nv":" ","e":"n","st":"N\u00e3o eleito","dvt":"V\u00e1lido","vap":"25","pvap":"   0,17"},{"seq":"73","sqcand":"100001256653","n":"22666","nm":"LEIA PINHEIRO","cc":"PL","nv":" ","e":"n","st":"Suplente","dvt":"V\u00e1lido","vap":"0","pvap":"00.00"},{"seq":"27","sqcand":"100001256642","n":"12000","nm":"DANDAN DE ARIQUIP\u00c1","cc":"PDT","nv":" ","e":"n","st":"Suplente","dvt":"V\u00e1lido","vap":"151","pvap":"   1,02"},{"seq":"88","sqcand":"100001260404","n":"10222","nm":"DARLENE DE GARIMPEIRO","cc":"REPUBLICANOS","nv":" ","e":"n","st":"N\u00e3o eleito","dvt":"V\u00e1lido","vap":"44","pvap":"   0,30"},{"seq":"38","sqcand":"100001256577","n":"13222","nm":"BITECO","cc":"PT","nv":" ","e":"n","st":"Suplente","dvt":"V\u00e1lido","vap":"53","pvap":"   0,36"},{"seq":"20","sqcand":"100001256691","n":"43123","nm":"VALMIR","cc":"PV","nv":" ","e":"n","st":"Suplente","dvt":"V\u00e1lido","vap":"264","pvap":"   1,79"},{"seq":"110","sqcand":"100001260405","n":"10101","nm":"CLAUDIO DO RAMAL DO QUINDIUA","cc":"REPUBLICANOS","nv":" ","e":"n","st":"N\u00e3o eleito","dvt":"V\u00e1lido","vap":"9","pvap":"   0,06"},{"seq":"13","sqcand":"100000944245","n":"15789","nm":"DENINHO DE TONHO","cc":"MDB","nv":" ","e":"n","st":"Suplente","dvt":"V\u00e1lido","vap":"348","pvap":"   2,36"},{"seq":"75","sqcand":"100001262445","n":"40123","nm":"RAQUEL PAIX\u00c3O","cc":"PSB","nv":" ","e":"n","st":"N\u00e3o eleito","dvt":"V\u00e1lido","vap":"279","pvap":"   1,89"},{"seq":"123","sqcand":"100001256729","n":"70888","nm":"VANANU","cc":"AVANTE","nv":" ","e":"n","st":"N\u00e3o eleito","dvt":"V\u00e1lido","vap":"4","pvap":"   0,03"},{"seq":"95","sqcand":"100001256738","n":"70894","nm":"JAJAK","cc":"AVANTE","nv":" ","e":"n","st":"N\u00e3o eleito","dvt":"V\u00e1lido","vap":"23","pvap":"   0,16"},{"seq":"22","sqcand":"100001256574","n":"13115","nm":"WANDERSON PSICOLOGO","cc":"PT","nv":" ","e":"n","st":"Suplente","dvt":"V\u00e1lido","vap":"255","pvap":"   1,73"},{"seq":"118","sqcand":"100001256732","n":"70326","nm":"DIEGO LOBATO","cc":"AVANTE","nv":" ","e":"n","st":"N\u00e3o eleito","dvt":"V\u00e1lido","vap":"5","pvap":"   0,03"},{"seq":"56","sqcand":"100001256643","n":"12333","nm":"MARC\u00c3O DO QUIND\u00cdUA","cc":"PDT","nv":" ","e":"n","st":"Suplente","dvt":"V\u00e1lido","vap":"18","pvap":"   0,12"},{"seq":"82","sqcand":"100001256730","n":"70123","nm":"VAGNO PUBLICIDADE","cc":"AVANTE","nv":" ","e":"n","st":"N\u00e3o eleito","dvt":"V\u00e1lido","vap":"93","pvap":"   0,63"},{"seq":"104","sqcand":"100001256727","n":"70222","nm":"AM\u00c9RCIA","cc":"AVANTE","nv":" ","e":"n","st":"N\u00e3o eleito","dvt":"V\u00e1lido","vap":"13","pvap":"   0,09"},{"seq":"108","sqcand":"100001256669","n":"28123","nm":"THIAGO","cc":"PRTB","nv":" ","e":"n","st":"N\u00e3o eleito","dvt":"V\u00e1lido","vap":"10","pvap":"   0,07"},{"seq":"107","sqcand":"100001256737","n":"70456","nm":"TAYLON M\u00cdDIA","cc":"AVANTE","nv":" ","e":"n","st":"N\u00e3o eleito","dvt":"V\u00e1lido","vap":"12","pvap":"   0,08"},{"seq":"74","sqcand":"100001256651","n":"22113","nm":"MAYARA","cc":"PL","nv":" ","e":"n","st":"Suplente","dvt":"V\u00e1lido","vap":"0","pvap":"00.00"},{"seq":"70","sqcand":"100001256662","n":"22112","nm":"WALAS FERREIRA","cc":"PL","nv":" ","e":"n","st":"Suplente","dvt":"V\u00e1lido","vap":"6","pvap":"   0,04"},{"seq":"35","sqcand":"100001256657","n":"22777","nm":"SIMONE ELETROMOVEIS","cc":"PL","nv":" ","e":"n","st":"Suplente","dvt":"V\u00e1lido","vap":"61","pvap":"   0,41"},{"seq":"37","sqcand":"100001256695","n":"43110","nm":"SOCORRINHO","cc":"PV","nv":" ","e":"n","st":"Suplente","dvt":"V\u00e1lido","vap":"57","pvap":"   0,39"},{"seq":"2","sqcand":"100001256697","n":"43234","nm":"PEDRO ACAR\u00c1","cc":"PV","nv":" ","e":"s","st":"Eleito","dvt":"V\u00e1lido","vap":"670","pvap":"   4,54"},{"seq":"89","sqcand":"100001256735","n":"70007","nm":"LEIA","cc":"AVANTE","nv":" ","e":"n","st":"N\u00e3o eleito","dvt":"V\u00e1lido","vap":"33","pvap":"   0,22"},{"seq":"131","sqcand":"100001256673","n":"28345","nm":"PULHUCA DO BALANDRO","cc":"PRTB","nv":" ","e":"n","st":"N\u00e3o eleito","dvt":"V\u00e1lido","vap":"0","pvap":"00.00"},{"seq":"128","sqcand":"100001256680","n":"28666","nm":"ELINE","cc":"PRTB","nv":" ","e":"n","st":"N\u00e3o eleito","dvt":"V\u00e1lido","vap":"1","pvap":"   0,01"},{"seq":"19","sqcand":"100001256710","n":"55678","nm":"DAMI\u00c3O","cc":"PSD","nv":" ","e":"n","st":"Suplente","dvt":"V\u00e1lido","vap":"271","pvap":"   1,84"},{"seq":"116","sqcand":"100001256675","n":"28971","nm":"FABIANA","cc":"PRTB","nv":" ","e":"n","st":"N\u00e3o eleito","dvt":"V\u00e1lido","vap":"6","pvap":"   0,04"},{"seq":"24","sqcand":"100001256694","n":"43333","nm":"TONILSON FERREIRA","cc":"PV","nv":" ","e":"n","st":"Suplente","dvt":"V\u00e1lido","vap":"209","pvap":"   1,42"},{"seq":"115","sqcand":"100000656779","n":"17007","nm":"ADIEL","cc":"PSL","nv":" ","e":"n","st":"N\u00e3o eleito","dvt":"V\u00e1lido","vap":"6","pvap":"   0,04"},{"seq":"100","sqcand":"100000656782","n":"17567","nm":"FRANCIWAYNE","cc":"PSL","nv":" ","e":"n","st":"N\u00e3o eleito","dvt":"V\u00e1lido","vap":"18","pvap":"   0,12"},{"seq":"120","sqcand":"100001256663","n":"25678","nm":"MARIVALDO  COSTA","cc":"DEM","nv":" ","e":"n","st":"N\u00e3o eleito","dvt":"V\u00e1lido","vap":"5","pvap":"   0,03"},{"seq":"69","sqcand":"100001256712","n":"55888","nm":"ELINALVA","cc":"PSD","nv":" ","e":"n","st":"Suplente","dvt":"V\u00e1lido","vap":"7","pvap":"   0,05"},{"seq":"127","sqcand":"100001256740","n":"70876","nm":"BOI BRANCO","cc":"AVANTE","nv":" ","e":"n","st":"N\u00e3o eleito","dvt":"V\u00e1lido","vap":"1","pvap":"   0,01"},{"seq":"6","sqcand":"100000944241","n":"15333","nm":"JORGE FILHO","cc":"MDB","nv":" ","e":"s","st":"Eleito","dvt":"V\u00e1lido","vap":"479","pvap":"   3,25"},{"seq":"5","sqcand":"100000944247","n":"15622","nm":"VADICO BARBOSA","cc":"MDB","nv":" ","e":"s","st":"Eleito","dvt":"V\u00e1lido","vap":"557","pvap":"   3,77"},{"seq":"26","sqcand":"100001256655","n":"22123","nm":"CAZUZA","cc":"PL","nv":" ","e":"n","st":"Suplente","dvt":"V\u00e1lido","vap":"163","pvap":"   1,10"},{"seq":"66","sqcand":"100001256711","n":"55444","nm":"NATALIENE","cc":"PSD","nv":" ","e":"n","st":"Suplente","dvt":"V\u00e1lido","vap":"8","pvap":"   0,05"},{"seq":"113","sqcand":"100001260400","n":"10555","nm":"JANINE PAIX\u00c3O","cc":"REPUBLICANOS","nv":" ","e":"n","st":"N\u00e3o eleito","dvt":"V\u00e1lido","vap":"7","pvap":"   0,05"},{"seq":"17","sqcand":"100001256644","n":"12365","nm":"CASSIA DE GONZAGA","cc":"PDT","nv":" ","e":"n","st":"Suplente","dvt":"V\u00e1lido","vap":"319","pvap":"   2,16"},{"seq":"51","sqcand":"100001256621","n":"13415","nm":"SANDRA DE ROGERIO","cc":"PT","nv":" ","e":"n","st":"Suplente","dvt":"V\u00e1lido","vap":"24","pvap":"   0,16"},{"seq":"59","sqcand":"100000944249","n":"15987","nm":"GALEGO","cc":"MDB","nv":" ","e":"n","st":"Suplente","dvt":"V\u00e1lido","vap":"15","pvap":"   0,10"},{"seq":"39","sqcand":"100001256707","n":"55789","nm":"LANZINHO","cc":"PSD","nv":" ","e":"n","st":"Suplente","dvt":"V\u00e1lido","vap":"49","pvap":"   0,33"},{"seq":"77","sqcand":"100001256734","n":"70600","nm":"PROFESSOR ALESSANDRO","cc":"AVANTE","nv":" ","e":"n","st":"N\u00e3o eleito","dvt":"V\u00e1lido","vap":"154","pvap":"   1,04"},{"seq":"84","sqcand":"100001260402","n":"10000","nm":"DIEG\u00c3O","cc":"REPUBLICANOS","nv":" ","e":"n","st":"N\u00e3o eleito","dvt":"V\u00e1lido","vap":"72","pvap":"   0,49"},{"seq":"81","sqcand":"100001256671","n":"28789","nm":"PA\u00cdS","cc":"PRTB","nv":" ","e":"n","st":"N\u00e3o eleito","dvt":"V\u00e1lido","vap":"111","pvap":"   0,75"},{"seq":"63","sqcand":"100001256696","n":"43567","nm":"LUCIA DO SANTA RITA","cc":"PV","nv":" ","e":"n","st":"Suplente","dvt":"V\u00e1lido","vap":"11","pvap":"   0,07"},{"seq":"103","sqcand":"100000656786","n":"17222","nm":"SAMUEL DE QUINDIUA","cc":"PSL","nv":" ","e":"n","st":"N\u00e3o eleito","dvt":"V\u00e1lido","vap":"16","pvap":"   0,11"},{"seq":"79","sqcand":"100001256676","n":"28000","nm":"ELINALDO DO PARICATIUA","cc":"PRTB","nv":" ","e":"n","st":"N\u00e3o eleito","dvt":"V\u00e1lido","vap":"145","pvap":"   0,98"},{"seq":"16","sqcand":"100001256620","n":"13444","nm":"FABIO MOQBEQ","cc":"PT","nv":" ","e":"n","st":"Suplente","dvt":"V\u00e1lido","vap":"334","pvap":"   2,26"},{"seq":"62","sqcand":"100000944252","n":"15678","nm":"ROSA PORTUGAL","cc":"MDB","nv":" ","e":"n","st":"Suplente","dvt":"V\u00e1lido","vap":"12","pvap":"   0,08"},{"seq":"91","sqcand":"100001256726","n":"70021","nm":"GILVAN","cc":"AVANTE","nv":" ","e":"n","st":"N\u00e3o eleito","dvt":"V\u00e1lido","vap":"32","pvap":"   0,22"},{"seq":"93","sqcand":"100001256733","n":"70000","nm":"BIBIL","cc":"AVANTE","nv":" ","e":"n","st":"N\u00e3o eleito","dvt":"V\u00e1lido","vap":"26","pvap":"   0,18"},{"seq":"132","sqcand":"100001256670","n":"28888","nm":"VICTOR DUARTE","cc":"PRTB","nv":" ","e":"n","st":"N\u00e3o eleito","dvt":"V\u00e1lido","vap":"0","pvap":"00.00"},{"seq":"97","sqcand":"100001260406","n":"10456","nm":"Z\u00c9 LOPINHO","cc":"REPUBLICANOS","nv":" ","e":"n","st":"N\u00e3o eleito","dvt":"V\u00e1lido","vap":"20","pvap":"   0,14"},{"seq":"46","sqcand":"100000944243","n":"15654","nm":"IRANI","cc":"MDB","nv":" ","e":"n","st":"Suplente","dvt":"V\u00e1lido","vap":"38","pvap":"   0,26"},{"seq":"105","sqcand":"100000656783","n":"17345","nm":"KASSIA","cc":"PSL","nv":" ","e":"n","st":"N\u00e3o eleito","dvt":"V\u00e1lido","vap":"12","pvap":"   0,08"},{"seq":"92","sqcand":"100000656788","n":"17777","nm":"HENRIQUE","cc":"PSL","nv":" ","e":"n","st":"N\u00e3o eleito","dvt":"V\u00e1lido","vap":"30","pvap":"   0,20"},{"seq":"21","sqcand":"100001256686","n":"43345","nm":"ENFERMEIRO ANTONIO","cc":"PV","nv":" ","e":"n","st":"Suplente","dvt":"V\u00e1lido","vap":"255","pvap":"   1,73"},{"seq":"42","sqcand":"100001256654","n":"22345","nm":"PROFESSOR ADEILTON","cc":"PL","nv":" ","e":"n","st":"Suplente","dvt":"V\u00e1lido","vap":"43","pvap":"   0,29"},{"seq":"50","sqcand":"100001264894","n":"43223","nm":"JO\u00c3OZINHO DO AREAL","cc":"PV","nv":" ","e":"n","st":"Suplente","dvt":"V\u00e1lido","vap":"30","pvap":"   0,20"},{"seq":"64","sqcand":"100001256649","n":"22789","nm":"LUCY","cc":"PL","nv":" ","e":"n","st":"Suplente","dvt":"V\u00e1lido","vap":"9","pvap":"   0,06"},{"seq":"101","sqcand":"100001256739","n":"70321","nm":"LEO LEANDRO","cc":"AVANTE","nv":" ","e":"n","st":"N\u00e3o eleito","dvt":"V\u00e1lido","vap":"17","pvap":"   0,12"},{"seq":"130","sqcand":"100001256728","n":"70190","nm":"LUANA","cc":"AVANTE","nv":" ","e":"n","st":"N\u00e3o eleito","dvt":"V\u00e1lido","vap":"0","pvap":"00.00"},{"seq":"125","sqcand":"100001260403","n":"10111","nm":"JOQUINHA","cc":"REPUBLICANOS","nv":" ","e":"n","st":"N\u00e3o eleito","dvt":"V\u00e1lido","vap":"4","pvap":"   0,03"},{"seq":"68","sqcand":"100001256578","n":"13777","nm":"GEISA DO AREAL","cc":"PT","nv":" ","e":"n","st":"Suplente","dvt":"V\u00e1lido","vap":"8","pvap":"   0,05"},{"seq":"54","sqcand":"100001256692","n":"43015","nm":"JANETE DO SANTA FLOR","cc":"PV","nv":" ","e":"n","st":"Suplente","dvt":"V\u00e1lido","vap":"19","pvap":"   0,13"}]}
