{"ele":"426","tpabr":"mu","cdabr":"07382","carper":"13","t":"1","f":"o","dt":"15/11/2020","ht":"22:24:03","dv":"s","tf":"s","v":"9","esae":"n","mnae":"","s":"29","st":"29","pst":" 100,00","snt":"0","psnt":"   0,00","si":"29","psi":" 100,00","sni":"0","psni":"   0,00","sa":"29","psa":" 100,00","sna":"0","psna":"   0,00","e":"10090","ea":"10090","pea":" 100,00","ena":"0","pena":"   0,00","esi":"10090","pesi":" 100,00","esni":"0","pesni":"   0,00","c":"7850","pc":"  77,80","a":"2240","pa":"  22,20","vscv":"0","vnom":"7290","vl":"337","pvnom":"  95,58","pvl":"   4,42","vvc":"7628","pvvc":"  97,17","vb":"55","pvb":"   0,70","tvn":"167","ptvn":"   2,13","vn":"167","pvn":" 100,00","vnt":"0","pvnt":"   0,00","vp":"0","pvp":"   0,00","vv":"7627","pvv":"  99,99","van":"0","pvan":"   0,00","vansj":"1","pvansj":"   0,01","tv":"7850","cand":[{"seq":"76","sqcand":"100001135743","n":"36333","nm":"THIAGO SILVA","cc":"PTC","nv":" ","e":"n","st":"N\u00e3o eleito","dvt":"V\u00e1lido","vap":"4","pvap":"   0,05"},{"seq":"15","sqcand":"100001133924","n":"13333","nm":"EDEN","cc":"PT","nv":" ","e":"n","st":"Suplente","dvt":"V\u00e1lido","vap":"161","pvap":"   2,11"},{"seq":"30","sqcand":"100001133929","n":"13133","nm":"LAUDINE FIGUEIREDO","cc":"PT","nv":" ","e":"n","st":"Suplente","dvt":"V\u00e1lido","vap":"90","pvap":"   1,18"},{"seq":"14","sqcand":"100000910239","n":"51000","nm":"WERIQUISTON","cc":"PATRIOTA","nv":" ","e":"n","st":"Suplente","dvt":"V\u00e1lido","vap":"162","pvap":"   2,12"},{"seq":"44","sqcand":"100001018743","n":"11000","nm":"MANINHA","cc":"PP","nv":" ","e":"n","st":"Suplente","dvt":"V\u00e1lido","vap":"55","pvap":"   0,72"},{"seq":"70","sqcand":"100001021104","n":"12456","nm":"VANDA MACEDO","cc":"PDT","nv":" ","e":"n","st":"Suplente","dvt":"V\u00e1lido","vap":"7","pvap":"   0,09"},{"seq":"24","sqcand":"100001137067","n":"45015","nm":"Z\u00c9 MIRANDA","cc":"PSDB","nv":" ","e":"n","st":"Suplente","dvt":"V\u00e1lido","vap":"101","pvap":"   1,32"},{"seq":"26","sqcand":"100001021286","n":"40321","nm":"ANTONIEL SHEIK","cc":"PSB","nv":" ","e":"n","st":"Suplente","dvt":"V\u00e1lido","vap":"99","pvap":"   1,30"},{"seq":"62","sqcand":"100001021293","n":"40555","nm":"LUANA","cc":"PSB","nv":" ","e":"n","st":"Suplente","dvt":"V\u00e1lido","vap":"17","pvap":"   0,22"},{"seq":"31","sqcand":"100001018745","n":"11789","nm":"REGIANE LIMA","cc":"PP","nv":" ","e":"n","st":"Suplente","dvt":"V\u00e1lido","vap":"85","pvap":"   1,11"},{"seq":"19","sqcand":"100000910233","n":"51456","nm":"BAIXIN DA BARRARIA","cc":"PATRIOTA","nv":" ","e":"n","st":"Suplente","dvt":"V\u00e1lido","vap":"121","pvap":"   1,59"},{"seq":"57","sqcand":"100001019538","n":"12345","nm":"GREGORIO","cc":"PDT","nv":" ","e":"n","st":"Suplente","dvt":"V\u00e1lido","vap":"33","pvap":"   0,43"},{"seq":"56","sqcand":"100001137062","n":"45555","nm":"L\u00d3","cc":"PSDB","nv":" ","e":"n","st":"Suplente","dvt":"V\u00e1lido","vap":"33","pvap":"   0,43"},{"seq":"71","sqcand":"100001021102","n":"12789","nm":"OLINDA","cc":"PDT","nv":" ","e":"n","st":"Suplente","dvt":"V\u00e1lido","vap":"4","pvap":"   0,05"},{"seq":"41","sqcand":"100001137064","n":"45666","nm":"FRANK SOARES","cc":"PSDB","nv":" ","e":"n","st":"Suplente","dvt":"V\u00e1lido","vap":"58","pvap":"   0,76"},{"seq":"77","sqcand":"100000910241","n":"51111","nm":"TIAGO FARIAS","cc":"PATRIOTA","nv":" ","e":"n","st":"N\u00e3o eleito","dvt":"Anulado sub judice","vap":"1","pvap":"   0,01"},{"seq":"68","sqcand":"100001018739","n":"11555","nm":"CICERA MIRANDA","cc":"PP","nv":" ","e":"n","st":"Suplente","dvt":"V\u00e1lido","vap":"9","pvap":"   0,12"},{"seq":"55","sqcand":"100001137071","n":"45777","nm":"PASTOR DOUGLAS","cc":"PSDB","nv":" ","e":"n","st":"Suplente","dvt":"V\u00e1lido","vap":"36","pvap":"   0,47"},{"seq":"43","sqcand":"100000910236","n":"51051","nm":"PROFESSOR GEILTON","cc":"PATRIOTA","nv":" ","e":"n","st":"Suplente","dvt":"V\u00e1lido","vap":"56","pvap":"   0,73"},{"seq":"27","sqcand":"100000910234","n":"51222","nm":"SERGIO DO CORR\u00d3","cc":"PATRIOTA","nv":" ","e":"n","st":"Suplente","dvt":"V\u00e1lido","vap":"96","pvap":"   1,26"},{"seq":"54","sqcand":"100000910238","n":"51333","nm":"FERNANDA DA PAPELARIA","cc":"PATRIOTA","nv":" ","e":"n","st":"Suplente","dvt":"V\u00e1lido","vap":"43","pvap":"   0,56"},{"seq":"75","sqcand":"100001135739","n":"36444","nm":"LENINHA DO CHICO MAGO","cc":"PTC","nv":" ","e":"n","st":"N\u00e3o eleito","dvt":"V\u00e1lido","vap":"9","pvap":"   0,12"},{"seq":"53","sqcand":"100000910242","n":"51233","nm":"BBC","cc":"PATRIOTA","nv":" ","e":"n","st":"Suplente","dvt":"V\u00e1lido","vap":"43","pvap":"   0,56"},{"seq":"69","sqcand":"100000910235","n":"51444","nm":"RAEL TEIXEIRA","cc":"PATRIOTA","nv":" ","e":"n","st":"Suplente","dvt":"V\u00e1lido","vap":"9","pvap":"   0,12"},{"seq":"72","sqcand":"100001135742","n":"36789","nm":"GILVAN PESCADOR","cc":"PTC","nv":" ","e":"n","st":"N\u00e3o eleito","dvt":"V\u00e1lido","vap":"23","pvap":"   0,30"},{"seq":"21","sqcand":"100001133933","n":"13456","nm":"ZAZA SILVA","cc":"PT","nv":" ","e":"n","st":"Suplente","dvt":"V\u00e1lido","vap":"112","pvap":"   1,47"},{"seq":"7","sqcand":"100000910237","n":"51345","nm":"EDVAN BOIADEIRO","cc":"PATRIOTA","nv":" ","e":"s","st":"Eleito","dvt":"V\u00e1lido","vap":"246","pvap":"   3,22"},{"seq":"67","sqcand":"100001137069","n":"45101","nm":"SAPEKA","cc":"PSDB","nv":" ","e":"n","st":"Suplente","dvt":"V\u00e1lido","vap":"10","pvap":"   0,13"},{"seq":"34","sqcand":"100001137066","n":"45678","nm":"DIEGO TABOSA","cc":"PSDB","nv":" ","e":"n","st":"Suplente","dvt":"V\u00e1lido","vap":"80","pvap":"   1,05"},{"seq":"60","sqcand":"100001018736","n":"11233","nm":"SEBASTI\u00c3O DA AMBUL\u00c2NCIA","cc":"PP","nv":" ","e":"n","st":"Suplente","dvt":"V\u00e1lido","vap":"22","pvap":"   0,29"},{"seq":"2","sqcand":"100001133932","n":"13000","nm":"RAIMUNDINHA DA SA\u00daDE","cc":"PT","nv":" ","e":"s","st":"Eleito","dvt":"V\u00e1lido","vap":"338","pvap":"   4,43"},{"seq":"58","sqcand":"100001133928","n":"13345","nm":"TININHA","cc":"PT","nv":" ","e":"n","st":"Suplente","dvt":"V\u00e1lido","vap":"30","pvap":"   0,39"},{"seq":"48","sqcand":"100001021296","n":"40222","nm":"CHICO MAGRO","cc":"PSB","nv":" ","e":"n","st":"Suplente","dvt":"V\u00e1lido","vap":"49","pvap":"   0,64"},{"seq":"65","sqcand":"100001021290","n":"40234","nm":"IRM\u00c3O MAUR\u00cdCIO","cc":"PSB","nv":" ","e":"n","st":"Suplente","dvt":"V\u00e1lido","vap":"14","pvap":"   0,18"},{"seq":"29","sqcand":"100001018747","n":"11100","nm":"GERALDO DA SA\u00daDE","cc":"PP","nv":" ","e":"n","st":"Suplente","dvt":"V\u00e1lido","vap":"91","pvap":"   1,19"},{"seq":"6","sqcand":"100001133922","n":"13123","nm":"BIA","cc":"PT","nv":" ","e":"s","st":"Eleito","dvt":"V\u00e1lido","vap":"250","pvap":"   3,28"},{"seq":"42","sqcand":"100001137063","n":"45222","nm":"MARIZETE","cc":"PSDB","nv":" ","e":"n","st":"Suplente","dvt":"V\u00e1lido","vap":"57","pvap":"   0,75"},{"seq":"23","sqcand":"100001021289","n":"40333","nm":"SEBASTI\u00c3O FARIAS","cc":"PSB","nv":" ","e":"n","st":"Suplente","dvt":"V\u00e1lido","vap":"103","pvap":"   1,35"},{"seq":"33","sqcand":"100001021287","n":"40111","nm":"PARA\u00cdBA","cc":"PSB","nv":" ","e":"n","st":"Suplente","dvt":"V\u00e1lido","vap":"80","pvap":"   1,05"},{"seq":"63","sqcand":"100001021297","n":"40777","nm":"PRETA","cc":"PSB","nv":" ","e":"n","st":"Suplente","dvt":"V\u00e1lido","vap":"15","pvap":"   0,20"},{"seq":"8","sqcand":"100001137070","n":"45333","nm":"PASTOR ADEMAR","cc":"PSDB","nv":" ","e":"s","st":"Eleito","dvt":"V\u00e1lido","vap":"205","pvap":"   2,69"},{"seq":"9","sqcand":"100001021292","n":"40844","nm":"ALCIONE RESENDE","cc":"PSB","nv":" ","e":"s","st":"Eleito","dvt":"V\u00e1lido","vap":"201","pvap":"   2,64"},{"seq":"74","sqcand":"100001135740","n":"36234","nm":"NETO DA RUZ\u00c1RIA","cc":"PTC","nv":" ","e":"n","st":"N\u00e3o eleito","dvt":"V\u00e1lido","vap":"13","pvap":"   0,17"},{"seq":"51","sqcand":"100001137072","n":"45123","nm":"IVAN DO FERRO VELHO","cc":"PSDB","nv":" ","e":"n","st":"Suplente","dvt":"V\u00e1lido","vap":"46","pvap":"   0,60"},{"seq":"22","sqcand":"100001137060","n":"45045","nm":"JOELZA","cc":"PSDB","nv":" ","e":"n","st":"Suplente","dvt":"V\u00e1lido","vap":"108","pvap":"   1,42"},{"seq":"18","sqcand":"100001021295","n":"40000","nm":"JUVENAL SOBREIRO","cc":"PSB","nv":" ","e":"n","st":"Suplente","dvt":"V\u00e1lido","vap":"124","pvap":"   1,63"},{"seq":"1","sqcand":"100001018737","n":"11456","nm":"CLAUDIO DA VAN","cc":"PP","nv":" ","e":"s","st":"Eleito","dvt":"V\u00e1lido","vap":"472","pvap":"   6,19"},{"seq":"11","sqcand":"100001021103","n":"12222","nm":"IRANILDO","cc":"PDT","nv":" ","e":"n","st":"Suplente","dvt":"V\u00e1lido","vap":"232","pvap":"   3,04"},{"seq":"66","sqcand":"100001021100","n":"12555","nm":"KENIA","cc":"PDT","nv":" ","e":"n","st":"Suplente","dvt":"V\u00e1lido","vap":"13","pvap":"   0,17"},{"seq":"50","sqcand":"100001021291","n":"40444","nm":"ARNOLD SCHWARZENEGGER","cc":"PSB","nv":" ","e":"n","st":"Suplente","dvt":"V\u00e1lido","vap":"47","pvap":"   0,62"},{"seq":"5","sqcand":"100001018738","n":"11222","nm":"PR PAULO JUNIOR","cc":"PP","nv":" ","e":"s","st":"Eleito","dvt":"V\u00e1lido","vap":"258","pvap":"   3,38"},{"seq":"49","sqcand":"100001021299","n":"40123","nm":"EVANIO","cc":"PSB","nv":" ","e":"n","st":"Suplente","dvt":"V\u00e1lido","vap":"48","pvap":"   0,63"},{"seq":"52","sqcand":"100001137068","n":"45888","nm":"DEUS\u00c9LIA FREITAS","cc":"PSDB","nv":" ","e":"n","st":"Suplente","dvt":"V\u00e1lido","vap":"45","pvap":"   0,59"},{"seq":"16","sqcand":"100001018741","n":"11111","nm":"AMELIA AGUIAR","cc":"PP","nv":" ","e":"n","st":"Suplente","dvt":"V\u00e1lido","vap":"148","pvap":"   1,94"},{"seq":"78","sqcand":"100001274496","n":"36551","nm":"GRACIENE","cc":"PTC","nv":" ","e":"n","st":"N\u00e3o eleito","dvt":"V\u00e1lido","vap":"0","pvap":"00.00"},{"seq":"47","sqcand":"100000910243","n":"51123","nm":"VAL OLIVEIRA","cc":"PATRIOTA","nv":" ","e":"n","st":"Suplente","dvt":"V\u00e1lido","vap":"51","pvap":"   0,67"},{"seq":"38","sqcand":"100001137065","n":"45234","nm":"ASSIS JACKSON","cc":"PSDB","nv":" ","e":"n","st":"Suplente","dvt":"V\u00e1lido","vap":"67","pvap":"   0,88"},{"seq":"45","sqcand":"100000910245","n":"51234","nm":"PAULINHA DO CUCA","cc":"PATRIOTA","nv":" ","e":"n","st":"Suplente","dvt":"V\u00e1lido","vap":"55","pvap":"   0,72"},{"seq":"61","sqcand":"100001133931","n":"13555","nm":"MARCUS MORAIS","cc":"PT","nv":" ","e":"n","st":"Suplente","dvt":"V\u00e1lido","vap":"22","pvap":"   0,29"},{"seq":"20","sqcand":"100001021288","n":"40888","nm":"PROFESSORA EUSA","cc":"PSB","nv":" ","e":"n","st":"Suplente","dvt":"V\u00e1lido","vap":"120","pvap":"   1,57"},{"seq":"39","sqcand":"100001021294","n":"40369","nm":"ARA\u00daJO","cc":"PSB","nv":" ","e":"n","st":"Suplente","dvt":"V\u00e1lido","vap":"63","pvap":"   0,83"},{"seq":"3","sqcand":"100001018744","n":"11020","nm":"NOVINHO","cc":"PP","nv":" ","e":"s","st":"Eleito","dvt":"V\u00e1lido","vap":"334","pvap":"   4,38"},{"seq":"35","sqcand":"100001133923","n":"13789","nm":"VERA POLICARPIO","cc":"PT","nv":" ","e":"n","st":"Suplente","dvt":"V\u00e1lido","vap":"78","pvap":"   1,02"},{"seq":"4","sqcand":"100001021101","n":"12444","nm":"TIAGO FERNANDES","cc":"PDT","nv":" ","e":"s","st":"Eleito","dvt":"V\u00e1lido","vap":"305","pvap":"   4,00"},{"seq":"13","sqcand":"100001019537","n":"12333","nm":"FERNANDO MACEDO","cc":"PDT","nv":" ","e":"n","st":"Suplente","dvt":"V\u00e1lido","vap":"202","pvap":"   2,65"},{"seq":"12","sqcand":"100001018740","n":"11123","nm":"DOMINGOS OLIVEIRA","cc":"PP","nv":" ","e":"n","st":"Suplente","dvt":"V\u00e1lido","vap":"220","pvap":"   2,88"},{"seq":"17","sqcand":"100000910240","n":"51567","nm":"FRANCINETE LIRA","cc":"PATRIOTA","nv":" ","e":"n","st":"Suplente","dvt":"V\u00e1lido","vap":"133","pvap":"   1,74"},{"seq":"40","sqcand":"100001133925","n":"13144","nm":"CHIC\u00c3O DO HOSPITAL","cc":"PT","nv":" ","e":"n","st":"Suplente","dvt":"V\u00e1lido","vap":"58","pvap":"   0,76"},{"seq":"73","sqcand":"100001135738","n":"36123","nm":"JOSELI","cc":"PTC","nv":" ","e":"n","st":"N\u00e3o eleito","dvt":"V\u00e1lido","vap":"19","pvap":"   0,25"},{"seq":"64","sqcand":"100001021099","n":"12111","nm":"JAILSON LINHARES","cc":"PDT","nv":" ","e":"n","st":"Suplente","dvt":"V\u00e1lido","vap":"15","pvap":"   0,20"},{"seq":"37","sqcand":"100000910244","n":"51555","nm":"IRM\u00c3 GESSILDA","cc":"PATRIOTA","nv":" ","e":"n","st":"Suplente","dvt":"V\u00e1lido","vap":"67","pvap":"   0,88"},{"seq":"59","sqcand":"100001021298","n":"40789","nm":"EVA MENDES","cc":"PSB","nv":" ","e":"n","st":"Suplente","dvt":"V\u00e1lido","vap":"28","pvap":"   0,37"},{"seq":"36","sqcand":"100001133927","n":"13222","nm":"MOACIR CHAVES","cc":"PT","nv":" ","e":"n","st":"Suplente","dvt":"V\u00e1lido","vap":"67","pvap":"   0,88"},{"seq":"28","sqcand":"100001018746","n":"11444","nm":"APARECIDO SARAIVA","cc":"PP","nv":" ","e":"n","st":"Suplente","dvt":"V\u00e1lido","vap":"93","pvap":"   1,22"},{"seq":"32","sqcand":"100001133930","n":"13888","nm":"CARLOS RESENDE","cc":"PT","nv":" ","e":"n","st":"Suplente","dvt":"V\u00e1lido","vap":"82","pvap":"   1,07"},{"seq":"25","sqcand":"100001133926","n":"13013","nm":"ZEZIM DO LUIS DA ANGELINA","cc":"PT","nv":" ","e":"n","st":"Suplente","dvt":"V\u00e1lido","vap":"100","pvap":"   1,31"},{"seq":"10","sqcand":"100001018742","n":"11333","nm":"SERGIO BRITO","cc":"PP","nv":" ","e":"n","st":"Suplente","dvt":"V\u00e1lido","vap":"247","pvap":"   3,24"},{"seq":"46","sqcand":"100001137061","n":"45235","nm":"CONSUELO","cc":"PSDB","nv":" ","e":"n","st":"Suplente","dvt":"V\u00e1lido","vap":"53","pvap":"   0,69"}]}
