{"ele":"426","tpabr":"mu","cdabr":"07404","carper":"13","t":"1","f":"o","dt":"15/11/2020","ht":"22:01:49","dv":"s","tf":"s","v":"9","esae":"n","mnae":"","s":"26","st":"26","pst":" 100,00","snt":"0","psnt":"   0,00","si":"26","psi":" 100,00","sni":"0","psni":"   0,00","sa":"26","psa":" 100,00","sna":"0","psna":"   0,00","e":"9092","ea":"9092","pea":" 100,00","ena":"0","pena":"   0,00","esi":"9092","pesi":" 100,00","esni":"0","pesni":"   0,00","c":"7563","pc":"  83,18","a":"1529","pa":"  16,82","vscv":"0","vnom":"6890","vl":"324","pvnom":"  95,51","pvl":"   4,49","vvc":"7214","pvvc":"  95,39","vb":"67","pvb":"   0,88","tvn":"282","ptvn":"   3,73","vn":"282","pvn":" 100,00","vnt":"0","pvnt":"   0,00","vp":"0","pvp":"   0,00","vv":"7214","pvv":" 100,00","van":"0","pvan":"   0,00","vansj":"0","pvansj":"   0,00","tv":"7563","cand":[{"seq":"44","sqcand":"100000911661","n":"11456","nm":"IVONE","cc":"PP","nv":" ","e":"n","st":"Suplente","dvt":"V\u00e1lido","vap":"0","pvap":"00.00"},{"seq":"8","sqcand":"100000979675","n":"22222","nm":"DR ALMEIDA","cc":"PL","nv":" ","e":"s","st":"Eleito","dvt":"V\u00e1lido","vap":"281","pvap":"   3,90"},{"seq":"20","sqcand":"100000704791","n":"65888","nm":"TICA","cc":"PC do B","nv":" ","e":"n","st":"Suplente","dvt":"V\u00e1lido","vap":"97","pvap":"   1,34"},{"seq":"15","sqcand":"100000911655","n":"11111","nm":"OSLEANDRO SANTOS","cc":"PP","nv":" ","e":"n","st":"Suplente","dvt":"V\u00e1lido","vap":"186","pvap":"   2,58"},{"seq":"7","sqcand":"100000709545","n":"20111","nm":"DILSON GON\u00c7ALVES","cc":"PSC","nv":" ","e":"s","st":"Eleito","dvt":"V\u00e1lido","vap":"292","pvap":"   4,05"},{"seq":"23","sqcand":"100000709550","n":"20123","nm":"JUNIOR MARAVILHA","cc":"PSC","nv":" ","e":"n","st":"Suplente","dvt":"V\u00e1lido","vap":"79","pvap":"   1,10"},{"seq":"21","sqcand":"100000911654","n":"11999","nm":"WASHINGTON DA SAUDE","cc":"PP","nv":" ","e":"n","st":"Suplente","dvt":"V\u00e1lido","vap":"91","pvap":"   1,26"},{"seq":"39","sqcand":"100000704797","n":"65111","nm":"BETHANIA SOARES","cc":"PC do B","nv":" ","e":"n","st":"Suplente","dvt":"V\u00e1lido","vap":"16","pvap":"   0,22"},{"seq":"40","sqcand":"100000911659","n":"11333","nm":"MARIA DO PATROCINIO","cc":"PP","nv":" ","e":"n","st":"Suplente","dvt":"V\u00e1lido","vap":"6","pvap":"   0,08"},{"seq":"17","sqcand":"100000979670","n":"22111","nm":"IRAN","cc":"PL","nv":" ","e":"n","st":"Suplente","dvt":"V\u00e1lido","vap":"133","pvap":"   1,84"},{"seq":"26","sqcand":"100000979674","n":"22333","nm":"VANDO MANILHA","cc":"PL","nv":" ","e":"n","st":"Suplente","dvt":"V\u00e1lido","vap":"71","pvap":"   0,98"},{"seq":"33","sqcand":"100000704789","n":"65333","nm":"DED\u00ca","cc":"PC do B","nv":" ","e":"n","st":"Suplente","dvt":"V\u00e1lido","vap":"37","pvap":"   0,51"},{"seq":"42","sqcand":"100000979677","n":"22789","nm":"FERNANDA","cc":"PL","nv":" ","e":"n","st":"Suplente","dvt":"V\u00e1lido","vap":"4","pvap":"   0,06"},{"seq":"4","sqcand":"100000709544","n":"20666","nm":"ANTONIO MOREIRA","cc":"PSC","nv":" ","e":"s","st":"Eleito","dvt":"V\u00e1lido","vap":"429","pvap":"   5,95"},{"seq":"41","sqcand":"100000911658","n":"11777","nm":"MAYANNE DIAS","cc":"PP","nv":" ","e":"n","st":"Suplente","dvt":"V\u00e1lido","vap":"6","pvap":"   0,08"},{"seq":"35","sqcand":"100000979682","n":"22225","nm":"CHEIRO VERDE","cc":"PL","nv":" ","e":"n","st":"Suplente","dvt":"V\u00e1lido","vap":"34","pvap":"   0,47"},{"seq":"37","sqcand":"100000911660","n":"11000","nm":"TUNAS ARA\u00daJO","cc":"PP","nv":" ","e":"n","st":"Suplente","dvt":"V\u00e1lido","vap":"28","pvap":"   0,39"},{"seq":"43","sqcand":"100000979681","n":"22122","nm":"ROSA","cc":"PL","nv":" ","e":"n","st":"Suplente","dvt":"V\u00e1lido","vap":"2","pvap":"   0,03"},{"seq":"38","sqcand":"100000979672","n":"22456","nm":"IRISMAR","cc":"PL","nv":" ","e":"n","st":"Suplente","dvt":"V\u00e1lido","vap":"20","pvap":"   0,28"},{"seq":"9","sqcand":"100000911657","n":"11123","nm":"ROB\u00c9RIO CARRIAS","cc":"PP","nv":" ","e":"s","st":"Eleito","dvt":"V\u00e1lido","vap":"277","pvap":"   3,84"},{"seq":"11","sqcand":"100000709549","n":"20333","nm":"BRANCO BARROS","cc":"PSC","nv":" ","e":"n","st":"Suplente","dvt":"V\u00e1lido","vap":"265","pvap":"   3,67"},{"seq":"13","sqcand":"100000709541","n":"20222","nm":"RAYKEVYA FARIAS","cc":"PSC","nv":" ","e":"n","st":"Suplente","dvt":"V\u00e1lido","vap":"237","pvap":"   3,29"},{"seq":"30","sqcand":"100000979671","n":"22555","nm":"KLEBSON SILVA","cc":"PL","nv":" ","e":"n","st":"Suplente","dvt":"V\u00e1lido","vap":"51","pvap":"   0,71"},{"seq":"18","sqcand":"100000911653","n":"11444","nm":"NILVAN LIMA","cc":"PP","nv":" ","e":"n","st":"Suplente","dvt":"V\u00e1lido","vap":"130","pvap":"   1,80"},{"seq":"31","sqcand":"100000979680","n":"22788","nm":"ZULEIDE","cc":"PL","nv":" ","e":"n","st":"Suplente","dvt":"V\u00e1lido","vap":"44","pvap":"   0,61"},{"seq":"12","sqcand":"100000709543","n":"20777","nm":"FERNANDINHO","cc":"PSC","nv":" ","e":"n","st":"Suplente","dvt":"V\u00e1lido","vap":"264","pvap":"   3,66"},{"seq":"14","sqcand":"100000709539","n":"20999","nm":"PETI VIT","cc":"PSC","nv":" ","e":"n","st":"Suplente","dvt":"V\u00e1lido","vap":"197","pvap":"   2,73"},{"seq":"32","sqcand":"100000709548","n":"20888","nm":"REBECA LIRA","cc":"PSC","nv":" ","e":"n","st":"Suplente","dvt":"V\u00e1lido","vap":"40","pvap":"   0,55"},{"seq":"34","sqcand":"100000979676","n":"22223","nm":"ZE GASPAR","cc":"PL","nv":" ","e":"n","st":"Suplente","dvt":"V\u00e1lido","vap":"35","pvap":"   0,49"},{"seq":"1","sqcand":"100000704794","n":"65777","nm":"KLEUTON MORORO","cc":"PC do B","nv":" ","e":"s","st":"Eleito","dvt":"V\u00e1lido","vap":"782","pvap":"  10,84"},{"seq":"24","sqcand":"100000911652","n":"11555","nm":"MARCOS DA METAL\u00daRGICA","cc":"PP","nv":" ","e":"n","st":"Suplente","dvt":"V\u00e1lido","vap":"76","pvap":"   1,05"},{"seq":"6","sqcand":"100000704795","n":"65555","nm":"DRA REGI","cc":"PC do B","nv":" ","e":"s","st":"Eleito","dvt":"V\u00e1lido","vap":"347","pvap":"   4,81"},{"seq":"16","sqcand":"100000911651","n":"11888","nm":"BRUNO DO ZEZO","cc":"PP","nv":" ","e":"n","st":"Suplente","dvt":"V\u00e1lido","vap":"152","pvap":"   2,11"},{"seq":"5","sqcand":"100000704790","n":"65000","nm":"ADALBERTO FREITAS","cc":"PC do B","nv":" ","e":"s","st":"Eleito","dvt":"V\u00e1lido","vap":"405","pvap":"   5,61"},{"seq":"25","sqcand":"100000911656","n":"11222","nm":"PAULINO","cc":"PP","nv":" ","e":"n","st":"Suplente","dvt":"V\u00e1lido","vap":"75","pvap":"   1,04"},{"seq":"45","sqcand":"100000911662","n":"11789","nm":"NAYRANE","cc":"PP","nv":" ","e":"n","st":"Suplente","dvt":"V\u00e1lido","vap":"0","pvap":"00.00"},{"seq":"3","sqcand":"100000709542","n":"20000","nm":"CARLA CAMPOS","cc":"PSC","nv":" ","e":"s","st":"Eleito","dvt":"V\u00e1lido","vap":"506","pvap":"   7,01"},{"seq":"2","sqcand":"100000709540","n":"20555","nm":"RIVA AMARAL","cc":"PSC","nv":" ","e":"s","st":"Eleito","dvt":"V\u00e1lido","vap":"520","pvap":"   7,21"},{"seq":"29","sqcand":"100000704793","n":"65666","nm":"FERNANDO BAIMA","cc":"PC do B","nv":" ","e":"n","st":"Suplente","dvt":"V\u00e1lido","vap":"52","pvap":"   0,72"},{"seq":"27","sqcand":"100000979669","n":"22000","nm":"MATHIAS SANTTOS","cc":"PL","nv":" ","e":"n","st":"Suplente","dvt":"V\u00e1lido","vap":"57","pvap":"   0,79"},{"seq":"36","sqcand":"100000709546","n":"20444","nm":"BRANQUINHA","cc":"PSC","nv":" ","e":"n","st":"Suplente","dvt":"V\u00e1lido","vap":"29","pvap":"   0,40"},{"seq":"19","sqcand":"100000979678","n":"22888","nm":"RENATO CREDIARIO","cc":"PL","nv":" ","e":"n","st":"Suplente","dvt":"V\u00e1lido","vap":"103","pvap":"   1,43"},{"seq":"28","sqcand":"100000709547","n":"20002","nm":"RAIMUNDO SILVEIRA","cc":"PSC","nv":" ","e":"n","st":"Suplente","dvt":"V\u00e1lido","vap":"54","pvap":"   0,75"},{"seq":"10","sqcand":"100000704796","n":"65444","nm":"JOAO BRITO","cc":"PC do B","nv":" ","e":"n","st":"Suplente","dvt":"V\u00e1lido","vap":"290","pvap":"   4,02"},{"seq":"22","sqcand":"100000704792","n":"65222","nm":"TOM","cc":"PC do B","nv":" ","e":"n","st":"Suplente","dvt":"V\u00e1lido","vap":"90","pvap":"   1,25"}]}
