{"ele":"426","tpabr":"mu","cdabr":"07471","carper":"13","t":"1","f":"o","dt":"15/11/2020","ht":"21:56:58","dv":"s","tf":"s","v":"11","esae":"n","mnae":"","s":"45","st":"45","pst":" 100,00","snt":"0","psnt":"   0,00","si":"45","psi":" 100,00","sni":"0","psni":"   0,00","sa":"45","psa":" 100,00","sna":"0","psna":"   0,00","e":"15167","ea":"15167","pea":" 100,00","ena":"0","pena":"   0,00","esi":"15167","pesi":" 100,00","esni":"0","pesni":"   0,00","c":"13043","pc":"  86,00","a":"2124","pa":"  14,00","vscv":"0","vnom":"8642","vl":"699","pvnom":"  92,52","pvl":"   7,48","vvc":"12688","pvvc":"  97,28","vb":"56","pvb":"   0,43","tvn":"299","ptvn":"   2,29","vn":"299","pvn":" 100,00","vnt":"0","pvnt":"   0,00","vp":"0","pvp":"   0,00","vv":"9341","pvv":"  73,62","van":"0","pvan":"   0,00","vansj":"3347","pvansj":"  26,38","tv":"13043","cand":[{"seq":"41","sqcand":"100000702023","n":"65000","nm":"PEDRO NUNES","cc":"PC do B","nv":" ","e":"n","st":"N\u00e3o eleito","dvt":"Anulado sub judice","vap":"631","pvap":"   4,97"},{"seq":"49","sqcand":"100000701679","n":"45123","nm":"CABELUDO","cc":"PSDB","nv":" ","e":"n","st":"N\u00e3o eleito","dvt":"V\u00e1lido","vap":"25","pvap":"   0,20"},{"seq":"42","sqcand":"100001099444","n":"25678","nm":"ANA CLARA ","cc":"DEM","nv":" ","e":"n","st":"N\u00e3o eleito","dvt":"Anulado sub judice","vap":"564","pvap":"   4,45"},{"seq":"17","sqcand":"100000701770","n":"12345","nm":"ELENILSON GOMES","cc":"PDT","nv":" ","e":"n","st":"Suplente","dvt":"V\u00e1lido","vap":"256","pvap":"   2,02"},{"seq":"29","sqcand":"100000701759","n":"12666","nm":"NIL CORREIA","cc":"PDT","nv":" ","e":"n","st":"Suplente","dvt":"V\u00e1lido","vap":"76","pvap":"   0,60"},{"seq":"50","sqcand":"100001098735","n":"10101","nm":"EVANA","cc":"REPUBLICANOS","nv":" ","e":"n","st":"N\u00e3o eleito","dvt":"Anulado sub judice","vap":"3","pvap":"   0,02"},{"seq":"20","sqcand":"100000702020","n":"65555","nm":"PROF HAMILTON SEREJO","cc":"PC do B","nv":" ","e":"n","st":"Suplente","dvt":"V\u00e1lido","vap":"189","pvap":"   1,49"},{"seq":"4","sqcand":"100000701762","n":"12000","nm":"JAIRO","cc":"PDT","nv":" ","e":"s","st":"Eleito","dvt":"V\u00e1lido","vap":"460","pvap":"   3,63"},{"seq":"1","sqcand":"100001099447","n":"25125","nm":"IRM\u00c3O BIEL LIMA","cc":"DEM","nv":" ","e":"s","st":"Eleito","dvt":"V\u00e1lido","vap":"774","pvap":"   6,10"},{"seq":"23","sqcand":"100000701761","n":"12012","nm":"CLEITON JESUS","cc":"PDT","nv":" ","e":"n","st":"Suplente","dvt":"V\u00e1lido","vap":"103","pvap":"   0,81"},{"seq":"26","sqcand":"100000702018","n":"65112","nm":"ANTONIO FILHO","cc":"PC do B","nv":" ","e":"n","st":"Suplente","dvt":"V\u00e1lido","vap":"87","pvap":"   0,69"},{"seq":"51","sqcand":"100000701676","n":"45221","nm":"FRANCISCO","cc":"PSDB","nv":" ","e":"n","st":"N\u00e3o eleito","dvt":"V\u00e1lido","vap":"0","pvap":"00.00"},{"seq":"7","sqcand":"100001098736","n":"10888","nm":"RUBENILSON","cc":"REPUBLICANOS","nv":" ","e":"s","st":"Eleito","dvt":"V\u00e1lido","vap":"409","pvap":"   3,22"},{"seq":"44","sqcand":"100000701768","n":"12777","nm":"EUNICE MOREIRA","cc":"PDT","nv":" ","e":"n","st":"N\u00e3o eleito","dvt":"Anulado sub judice","vap":"82","pvap":"   0,65"},{"seq":"14","sqcand":"100001098740","n":"10000","nm":"ISAEL","cc":"REPUBLICANOS","nv":" ","e":"n","st":"Suplente","dvt":"V\u00e1lido","vap":"301","pvap":"   2,37"},{"seq":"9","sqcand":"100000702026","n":"65111","nm":"PROF JANNESON","cc":"PC do B","nv":" ","e":"s","st":"Eleito","dvt":"V\u00e1lido","vap":"330","pvap":"   2,60"},{"seq":"3","sqcand":"100001098732","n":"10123","nm":"JORGE SERRA","cc":"REPUBLICANOS","nv":" ","e":"s","st":"Eleito","dvt":"V\u00e1lido","vap":"598","pvap":"   4,71"},{"seq":"36","sqcand":"100001099450","n":"25555","nm":"VANESSA","cc":"DEM","nv":" ","e":"n","st":"Suplente","dvt":"V\u00e1lido","vap":"7","pvap":"   0,06"},{"seq":"10","sqcand":"100000701765","n":"12333","nm":"ANDR\u00c9","cc":"PDT","nv":" ","e":"s","st":"Eleito","dvt":"V\u00e1lido","vap":"281","pvap":"   2,21"},{"seq":"40","sqcand":"100001099446","n":"25123","nm":"JUCA DO VELOSO","cc":"DEM","nv":" ","e":"n","st":"N\u00e3o eleito","dvt":"Anulado sub judice","vap":"720","pvap":"   5,67"},{"seq":"5","sqcand":"100000702025","n":"65123","nm":"VALDIMAR SOEIRO","cc":"PC do B","nv":" ","e":"s","st":"Eleito","dvt":"V\u00e1lido","vap":"430","pvap":"   3,39"},{"seq":"43","sqcand":"100000702016","n":"65222","nm":"ENOCK DA BOA VISTA","cc":"PC do B","nv":" ","e":"n","st":"N\u00e3o eleito","dvt":"Anulado sub judice","vap":"342","pvap":"   2,70"},{"seq":"13","sqcand":"100001098738","n":"10789","nm":"HENRIQUE DE HOMERO","cc":"REPUBLICANOS","nv":" ","e":"n","st":"Suplente","dvt":"V\u00e1lido","vap":"310","pvap":"   2,44"},{"seq":"11","sqcand":"100001099449","n":"25777","nm":"MARCIANO","cc":"DEM","nv":" ","e":"s","st":"Eleito","dvt":"V\u00e1lido","vap":"247","pvap":"   1,95"},{"seq":"30","sqcand":"100000701760","n":"12222","nm":"PROFESSORA ANA OLIVEIRA","cc":"PDT","nv":" ","e":"n","st":"Suplente","dvt":"V\u00e1lido","vap":"58","pvap":"   0,46"},{"seq":"45","sqcand":"100001095886","n":"77000","nm":"MYRALDA DAMASCENO","cc":"SOLIDARIEDADE","nv":" ","e":"n","st":"N\u00e3o eleito","dvt":"V\u00e1lido","vap":"81","pvap":"   0,64"},{"seq":"34","sqcand":"100000702027","n":"65777","nm":"IRM\u00c3O MARQUINHOS","cc":"PC do B","nv":" ","e":"n","st":"Suplente","dvt":"V\u00e1lido","vap":"21","pvap":"   0,17"},{"seq":"8","sqcand":"100000701771","n":"12111","nm":"BIGU","cc":"PDT","nv":" ","e":"s","st":"Eleito","dvt":"V\u00e1lido","vap":"400","pvap":"   3,15"},{"seq":"33","sqcand":"100000702019","n":"65012","nm":"FERNANDA GOMES","cc":"PC do B","nv":" ","e":"n","st":"Suplente","dvt":"V\u00e1lido","vap":"22","pvap":"   0,17"},{"seq":"46","sqcand":"100001095885","n":"77777","nm":"PROF CANDIDO","cc":"SOLIDARIEDADE","nv":" ","e":"n","st":"N\u00e3o eleito","dvt":"V\u00e1lido","vap":"72","pvap":"   0,57"},{"seq":"48","sqcand":"100000702024","n":"65013","nm":"BENEDITINHO","cc":"PC do B","nv":" ","e":"n","st":"N\u00e3o eleito","dvt":"Anulado sub judice","vap":"26","pvap":"   0,20"},{"seq":"2","sqcand":"100001099448","n":"25456","nm":"AMADO","cc":"DEM","nv":" ","e":"s","st":"Eleito","dvt":"V\u00e1lido","vap":"654","pvap":"   5,15"},{"seq":"24","sqcand":"100001099451","n":"25000","nm":"DAVIZINHO","cc":"DEM","nv":" ","e":"n","st":"Suplente","dvt":"V\u00e1lido","vap":"98","pvap":"   0,77"},{"seq":"39","sqcand":"100001098739","n":"10444","nm":"ALTEMAR LOBATO","cc":"REPUBLICANOS","nv":" ","e":"n","st":"N\u00e3o eleito","dvt":"Anulado sub judice","vap":"925","pvap":"   7,29"},{"seq":"12","sqcand":"100000702022","n":"65456","nm":"JAPI DO CAVALEIRO","cc":"PC do B","nv":" ","e":"n","st":"Suplente","dvt":"V\u00e1lido","vap":"316","pvap":"   2,49"},{"seq":"28","sqcand":"100001099453","n":"25100","nm":"KELLY GOUL\u00c3O","cc":"DEM","nv":" ","e":"n","st":"Suplente","dvt":"V\u00e1lido","vap":"76","pvap":"   0,60"},{"seq":"27","sqcand":"100000701764","n":"12444","nm":"JOCTA","cc":"PDT","nv":" ","e":"n","st":"Suplente","dvt":"V\u00e1lido","vap":"77","pvap":"   0,61"},{"seq":"25","sqcand":"100001098734","n":"10300","nm":"MISSION\u00c1RIA SILVIRLENE","cc":"REPUBLICANOS","nv":" ","e":"n","st":"Suplente","dvt":"V\u00e1lido","vap":"93","pvap":"   0,73"},{"seq":"6","sqcand":"100001098733","n":"10222","nm":"MARINALVA DE REGINHO","cc":"REPUBLICANOS","nv":" ","e":"s","st":"Eleito","dvt":"V\u00e1lido","vap":"409","pvap":"   3,22"},{"seq":"16","sqcand":"100001098737","n":"10111","nm":"DOCK LIMA","cc":"REPUBLICANOS","nv":" ","e":"n","st":"Suplente","dvt":"V\u00e1lido","vap":"294","pvap":"   2,32"},{"seq":"21","sqcand":"100001099452","n":"25222","nm":"CIDINHO","cc":"DEM","nv":" ","e":"n","st":"Suplente","dvt":"V\u00e1lido","vap":"124","pvap":"   0,98"},{"seq":"19","sqcand":"100000701763","n":"12234","nm":"JO\u00c3O VITOR","cc":"PDT","nv":" ","e":"n","st":"Suplente","dvt":"V\u00e1lido","vap":"216","pvap":"   1,70"},{"seq":"37","sqcand":"100000701769","n":"12678","nm":"MEIBER","cc":"PDT","nv":" ","e":"n","st":"Suplente","dvt":"V\u00e1lido","vap":"3","pvap":"   0,02"},{"seq":"18","sqcand":"100000702015","n":"65666","nm":"BYANCA MAIA","cc":"PC do B","nv":" ","e":"n","st":"Suplente","dvt":"V\u00e1lido","vap":"245","pvap":"   1,93"},{"seq":"31","sqcand":"100001099454","n":"25111","nm":"IVAN","cc":"DEM","nv":" ","e":"n","st":"Suplente","dvt":"V\u00e1lido","vap":"51","pvap":"   0,40"},{"seq":"35","sqcand":"100000701766","n":"12789","nm":"PROFESSORA DULCE","cc":"PDT","nv":" ","e":"n","st":"Suplente","dvt":"V\u00e1lido","vap":"13","pvap":"   0,10"},{"seq":"47","sqcand":"100000701767","n":"12123","nm":"MAURO SANTOS","cc":"PDT","nv":" ","e":"n","st":"N\u00e3o eleito","dvt":"Anulado sub judice","vap":"54","pvap":"   0,43"},{"seq":"32","sqcand":"100001099445","n":"25333","nm":"DINALVA DO FLEXAL","cc":"DEM","nv":" ","e":"n","st":"Suplente","dvt":"V\u00e1lido","vap":"35","pvap":"   0,28"},{"seq":"38","sqcand":"100000702017","n":"65333","nm":"JANI","cc":"PC do B","nv":" ","e":"n","st":"Suplente","dvt":"V\u00e1lido","vap":"0","pvap":"00.00"},{"seq":"22","sqcand":"100000702021","n":"65065","nm":"JOSINETE","cc":"PC do B","nv":" ","e":"n","st":"Suplente","dvt":"V\u00e1lido","vap":"105","pvap":"   0,83"},{"seq":"15","sqcand":"100001098731","n":"10999","nm":"J\u00daNIOR DE NASCIMENTO","cc":"REPUBLICANOS","nv":" ","e":"n","st":"Suplente","dvt":"V\u00e1lido","vap":"296","pvap":"   2,33"}]}
