{"ele":"426","tpabr":"mu","cdabr":"07510","carper":"13","t":"1","f":"o","dt":"15/11/2020","ht":"22:03:20","dv":"s","tf":"s","v":"11","esae":"n","mnae":"","s":"38","st":"38","pst":" 100,00","snt":"0","psnt":"   0,00","si":"38","psi":" 100,00","sni":"0","psni":"   0,00","sa":"38","psa":" 100,00","sna":"0","psna":"   0,00","e":"13998","ea":"13998","pea":" 100,00","ena":"0","pena":"   0,00","esi":"13998","pesi":" 100,00","esni":"0","pesni":"   0,00","c":"11055","pc":"  78,98","a":"2943","pa":"  21,02","vscv":"0","vnom":"10220","vl":"531","pvnom":"  95,06","pvl":"   4,94","vvc":"10751","pvvc":"  97,25","vb":"70","pvb":"   0,63","tvn":"234","ptvn":"   2,12","vn":"234","pvn":" 100,00","vnt":"0","pvnt":"   0,00","vp":"0","pvp":"   0,00","vv":"10751","pvv":" 100,00","van":"0","pvan":"   0,00","vansj":"0","pvansj":"   0,00","tv":"11055","cand":[{"seq":"12","sqcand":"100000668252","n":"15123","nm":"TIDE","cc":"MDB","nv":" ","e":"n","st":"Suplente","dvt":"V\u00e1lido","vap":"340","pvap":"   3,16"},{"seq":"7","sqcand":"100000668245","n":"15555","nm":"DIC\u00d3","cc":"MDB","nv":" ","e":"s","st":"Eleito","dvt":"V\u00e1lido","vap":"348","pvap":"   3,24"},{"seq":"30","sqcand":"100000729273","n":"11456","nm":"LEDINHO QUARESMA","cc":"PP","nv":" ","e":"n","st":"Suplente","dvt":"V\u00e1lido","vap":"115","pvap":"   1,07"},{"seq":"73","sqcand":"100000729506","n":"25113","nm":"CHACHO","cc":"DEM","nv":" ","e":"n","st":"Suplente","dvt":"V\u00e1lido","vap":"6","pvap":"   0,06"},{"seq":"61","sqcand":"100000729265","n":"11211","nm":"BIDIOLO","cc":"PP","nv":" ","e":"n","st":"Suplente","dvt":"V\u00e1lido","vap":"17","pvap":"   0,16"},{"seq":"48","sqcand":"100000668240","n":"12777","nm":"RAFAEL DA CA\u00c7AMBA","cc":"PDT","nv":" ","e":"n","st":"Suplente","dvt":"V\u00e1lido","vap":"39","pvap":"   0,36"},{"seq":"28","sqcand":"100000668246","n":"15678","nm":"ELIAS BARROS","cc":"MDB","nv":" ","e":"n","st":"Suplente","dvt":"V\u00e1lido","vap":"120","pvap":"   1,12"},{"seq":"76","sqcand":"100000668345","n":"22007","nm":"ABDALLA  FOTOGR\u00c1FO","cc":"PL","nv":" ","e":"n","st":"Suplente","dvt":"V\u00e1lido","vap":"3","pvap":"   0,03"},{"seq":"54","sqcand":"100000729263","n":"11110","nm":"BIDICO","cc":"PP","nv":" ","e":"n","st":"Suplente","dvt":"V\u00e1lido","vap":"25","pvap":"   0,23"},{"seq":"13","sqcand":"100000668355","n":"22888","nm":"PROFESSOR EMERSON COSTA","cc":"PL","nv":" ","e":"n","st":"Suplente","dvt":"V\u00e1lido","vap":"325","pvap":"   3,02"},{"seq":"6","sqcand":"100000668348","n":"22222","nm":"MANOEL VERAS","cc":"PL","nv":" ","e":"s","st":"Eleito","dvt":"V\u00e1lido","vap":"379","pvap":"   3,53"},{"seq":"63","sqcand":"100000668353","n":"22022","nm":"DIOMAR ANDRADE","cc":"PL","nv":" ","e":"n","st":"Suplente","dvt":"V\u00e1lido","vap":"12","pvap":"   0,11"},{"seq":"19","sqcand":"100000729502","n":"25000","nm":"RIBAMAR CABE\u00c7A DE GATO","cc":"DEM","nv":" ","e":"n","st":"Suplente","dvt":"V\u00e1lido","vap":"174","pvap":"   1,62"},{"seq":"86","sqcand":"100000668103","n":"10120","nm":"Z\u00c9 FILHO PEDRA","cc":"REPUBLICANOS","nv":" ","e":"n","st":"N\u00e3o eleito","dvt":"V\u00e1lido","vap":"14","pvap":"   0,13"},{"seq":"3","sqcand":"100000668251","n":"15999","nm":"JAC\u00d3","cc":"MDB","nv":" ","e":"s","st":"Eleito","dvt":"V\u00e1lido","vap":"607","pvap":"   5,65"},{"seq":"77","sqcand":"100000668237","n":"12456","nm":"DR JORGE","cc":"PDT","nv":" ","e":"n","st":"Suplente","dvt":"V\u00e1lido","vap":"2","pvap":"   0,02"},{"seq":"88","sqcand":"100000668106","n":"10789","nm":"DIEL","cc":"REPUBLICANOS","nv":" ","e":"n","st":"N\u00e3o eleito","dvt":"V\u00e1lido","vap":"3","pvap":"   0,03"},{"seq":"57","sqcand":"100000668255","n":"15153","nm":"WILLIAN DA CONCEICAO","cc":"MDB","nv":" ","e":"n","st":"Suplente","dvt":"V\u00e1lido","vap":"23","pvap":"   0,21"},{"seq":"10","sqcand":"100000668235","n":"12345","nm":"PEROBA","cc":"PDT","nv":" ","e":"s","st":"Eleito","dvt":"V\u00e1lido","vap":"298","pvap":"   2,77"},{"seq":"26","sqcand":"100000668228","n":"12555","nm":"AMARAL","cc":"PDT","nv":" ","e":"n","st":"Suplente","dvt":"V\u00e1lido","vap":"125","pvap":"   1,16"},{"seq":"72","sqcand":"100000668248","n":"15111","nm":"GRACIMAR DO CAJU\u00cd","cc":"MDB","nv":" ","e":"n","st":"Suplente","dvt":"V\u00e1lido","vap":"6","pvap":"   0,06"},{"seq":"79","sqcand":"100000668109","n":"10123","nm":"ROSA UCHOA","cc":"REPUBLICANOS","nv":" ","e":"n","st":"N\u00e3o eleito","dvt":"V\u00e1lido","vap":"228","pvap":"   2,12"},{"seq":"78","sqcand":"100000668238","n":"12666","nm":"MARIA DO AMPARO","cc":"PDT","nv":" ","e":"n","st":"Suplente","dvt":"V\u00e1lido","vap":"2","pvap":"   0,02"},{"seq":"37","sqcand":"100000668357","n":"22333","nm":"LUCIANE DO SIB\u00c1","cc":"PL","nv":" ","e":"n","st":"Suplente","dvt":"V\u00e1lido","vap":"77","pvap":"   0,72"},{"seq":"17","sqcand":"100000729508","n":"25123","nm":"DENIS ROBERTH","cc":"DEM","nv":" ","e":"n","st":"Suplente","dvt":"V\u00e1lido","vap":"215","pvap":"   2,00"},{"seq":"89","sqcand":"100000668102","n":"10444","nm":"JO\u00c3O ROXO","cc":"REPUBLICANOS","nv":" ","e":"n","st":"N\u00e3o eleito","dvt":"V\u00e1lido","vap":"1","pvap":"   0,01"},{"seq":"80","sqcand":"100000668104","n":"10555","nm":"PROFESSORA CONCEICAO","cc":"REPUBLICANOS","nv":" ","e":"n","st":"N\u00e3o eleito","dvt":"V\u00e1lido","vap":"78","pvap":"   0,73"},{"seq":"53","sqcand":"100000668354","n":"22444","nm":"JACIANA  MARQUES","cc":"PL","nv":" ","e":"n","st":"Suplente","dvt":"V\u00e1lido","vap":"27","pvap":"   0,25"},{"seq":"9","sqcand":"100000668230","n":"12888","nm":"NATINHO","cc":"PDT","nv":" ","e":"s","st":"Eleito","dvt":"V\u00e1lido","vap":"302","pvap":"   2,81"},{"seq":"20","sqcand":"100000729500","n":"25223","nm":"BAIMA ACS","cc":"DEM","nv":" ","e":"n","st":"Suplente","dvt":"V\u00e1lido","vap":"169","pvap":"   1,57"},{"seq":"52","sqcand":"100000668242","n":"15013","nm":"HELENA","cc":"MDB","nv":" ","e":"n","st":"Suplente","dvt":"V\u00e1lido","vap":"27","pvap":"   0,25"},{"seq":"22","sqcand":"100000729504","n":"25456","nm":"PAULA COELHO","cc":"DEM","nv":" ","e":"n","st":"Suplente","dvt":"V\u00e1lido","vap":"156","pvap":"   1,45"},{"seq":"8","sqcand":"100000729269","n":"11000","nm":"MEIRE DO GODOR","cc":"PP","nv":" ","e":"s","st":"Eleito","dvt":"V\u00e1lido","vap":"326","pvap":"   3,03"},{"seq":"51","sqcand":"100000668350","n":"22456","nm":"WANDERSON DO TU\u00cdTA","cc":"PL","nv":" ","e":"n","st":"Suplente","dvt":"V\u00e1lido","vap":"32","pvap":"   0,30"},{"seq":"27","sqcand":"100000729268","n":"11123","nm":"PRETA","cc":"PP","nv":" ","e":"n","st":"Suplente","dvt":"V\u00e1lido","vap":"120","pvap":"   1,12"},{"seq":"29","sqcand":"100000729496","n":"25222","nm":"MARCOS SANTANA","cc":"DEM","nv":" ","e":"n","st":"Suplente","dvt":"V\u00e1lido","vap":"118","pvap":"   1,10"},{"seq":"82","sqcand":"100000668101","n":"10234","nm":"ROBEVAL","cc":"REPUBLICANOS","nv":" ","e":"n","st":"N\u00e3o eleito","dvt":"V\u00e1lido","vap":"29","pvap":"   0,27"},{"seq":"23","sqcand":"100000729261","n":"11222","nm":"ALAN BAJARA","cc":"PP","nv":" ","e":"n","st":"Suplente","dvt":"V\u00e1lido","vap":"148","pvap":"   1,38"},{"seq":"65","sqcand":"100000729264","n":"11400","nm":"CLAUDIO SOUTO","cc":"PP","nv":" ","e":"n","st":"Suplente","dvt":"V\u00e1lido","vap":"12","pvap":"   0,11"},{"seq":"15","sqcand":"100000668239","n":"12123","nm":"PASTORA","cc":"PDT","nv":" ","e":"n","st":"Suplente","dvt":"V\u00e1lido","vap":"254","pvap":"   2,36"},{"seq":"56","sqcand":"100000729497","n":"25321","nm":"JHONATAN","cc":"DEM","nv":" ","e":"n","st":"Suplente","dvt":"V\u00e1lido","vap":"24","pvap":"   0,22"},{"seq":"83","sqcand":"100000668105","n":"10110","nm":"REGINA VASCONCELOS","cc":"REPUBLICANOS","nv":" ","e":"n","st":"N\u00e3o eleito","dvt":"V\u00e1lido","vap":"25","pvap":"   0,23"},{"seq":"70","sqcand":"100000668247","n":"15777","nm":"GIL TERREMOTO","cc":"MDB","nv":" ","e":"n","st":"Suplente","dvt":"V\u00e1lido","vap":"7","pvap":"   0,07"},{"seq":"49","sqcand":"100000668349","n":"22000","nm":"VIN\u00cdCIUS NASCIMENTO","cc":"PL","nv":" ","e":"n","st":"Suplente","dvt":"V\u00e1lido","vap":"37","pvap":"   0,34"},{"seq":"75","sqcand":"100000729275","n":"11235","nm":"RAIMUNDO ALVES","cc":"PP","nv":" ","e":"n","st":"Suplente","dvt":"V\u00e1lido","vap":"5","pvap":"   0,05"},{"seq":"25","sqcand":"100000729274","n":"11470","nm":"NATO FAROFA","cc":"PP","nv":" ","e":"n","st":"Suplente","dvt":"V\u00e1lido","vap":"135","pvap":"   1,26"},{"seq":"87","sqcand":"100000668097","n":"10333","nm":"CEAR\u00c1 POV\u00c3O","cc":"REPUBLICANOS","nv":" ","e":"n","st":"N\u00e3o eleito","dvt":"V\u00e1lido","vap":"7","pvap":"   0,07"},{"seq":"5","sqcand":"100000729271","n":"11122","nm":"LILA","cc":"PP","nv":" ","e":"s","st":"Eleito","dvt":"V\u00e1lido","vap":"383","pvap":"   3,56"},{"seq":"47","sqcand":"100000668249","n":"15222","nm":"MARCONI DO CIDINHO","cc":"MDB","nv":" ","e":"n","st":"Suplente","dvt":"V\u00e1lido","vap":"40","pvap":"   0,37"},{"seq":"68","sqcand":"100000668344","n":"22003","nm":"VANESSA ALVES","cc":"PL","nv":" ","e":"n","st":"Suplente","dvt":"V\u00e1lido","vap":"10","pvap":"   0,09"},{"seq":"11","sqcand":"100000729495","n":"25888","nm":"JAIRON DANTAS","cc":"DEM","nv":" ","e":"s","st":"Eleito","dvt":"V\u00e1lido","vap":"216","pvap":"   2,01"},{"seq":"46","sqcand":"100000668234","n":"12223","nm":"PROFESSORA MILAGRE","cc":"PDT","nv":" ","e":"n","st":"Suplente","dvt":"V\u00e1lido","vap":"42","pvap":"   0,39"},{"seq":"74","sqcand":"100000668351","n":"22008","nm":"JOQUINHA","cc":"PL","nv":" ","e":"n","st":"Suplente","dvt":"V\u00e1lido","vap":"5","pvap":"   0,05"},{"seq":"41","sqcand":"100000729507","n":"25111","nm":"CHICHICO DO POVO","cc":"DEM","nv":" ","e":"n","st":"Suplente","dvt":"V\u00e1lido","vap":"61","pvap":"   0,57"},{"seq":"84","sqcand":"100000668108","n":"10111","nm":"ORLANDO CALDAS","cc":"REPUBLICANOS","nv":" ","e":"n","st":"N\u00e3o eleito","dvt":"V\u00e1lido","vap":"17","pvap":"   0,16"},{"seq":"85","sqcand":"100000668098","n":"10777","nm":"DORIVAN","cc":"REPUBLICANOS","nv":" ","e":"n","st":"N\u00e3o eleito","dvt":"V\u00e1lido","vap":"14","pvap":"   0,13"},{"seq":"38","sqcand":"100000668236","n":"12022","nm":"POLVOAS","cc":"PDT","nv":" ","e":"n","st":"Suplente","dvt":"V\u00e1lido","vap":"76","pvap":"   0,71"},{"seq":"50","sqcand":"100000668225","n":"12012","nm":"PASTOR JB ABREU","cc":"PDT","nv":" ","e":"n","st":"Suplente","dvt":"V\u00e1lido","vap":"32","pvap":"   0,30"},{"seq":"39","sqcand":"100000668233","n":"12444","nm":"IRM\u00c3O NEN\u00c9M","cc":"PDT","nv":" ","e":"n","st":"Suplente","dvt":"V\u00e1lido","vap":"73","pvap":"   0,68"},{"seq":"69","sqcand":"100000668243","n":"15234","nm":"PASTOR RIBAMAR","cc":"MDB","nv":" ","e":"n","st":"Suplente","dvt":"V\u00e1lido","vap":"9","pvap":"   0,08"},{"seq":"2","sqcand":"100000729276","n":"11111","nm":"DERCIO","cc":"PP","nv":" ","e":"s","st":"Eleito","dvt":"V\u00e1lido","vap":"641","pvap":"   5,96"},{"seq":"60","sqcand":"100000668241","n":"15333","nm":"GERSO DO BAR","cc":"MDB","nv":" ","e":"n","st":"Suplente","dvt":"V\u00e1lido","vap":"19","pvap":"   0,18"},{"seq":"14","sqcand":"100000668232","n":"12222","nm":"IZA AVELINO","cc":"PDT","nv":" ","e":"n","st":"Suplente","dvt":"V\u00e1lido","vap":"267","pvap":"   2,48"},{"seq":"31","sqcand":"100000729270","n":"11234","nm":"JUSTINA MONTELO","cc":"PP","nv":" ","e":"n","st":"Suplente","dvt":"V\u00e1lido","vap":"107","pvap":"   1,00"},{"seq":"32","sqcand":"100000729498","n":"25740","nm":"PROFESSORA IEDA","cc":"DEM","nv":" ","e":"n","st":"Suplente","dvt":"V\u00e1lido","vap":"105","pvap":"   0,98"},{"seq":"67","sqcand":"100000729277","n":"11444","nm":"PROFESSORA FRANCISQUINHA","cc":"PP","nv":" ","e":"n","st":"Suplente","dvt":"V\u00e1lido","vap":"11","pvap":"   0,10"},{"seq":"42","sqcand":"100000668346","n":"22123","nm":"FEFENTA","cc":"PL","nv":" ","e":"n","st":"Suplente","dvt":"V\u00e1lido","vap":"60","pvap":"   0,56"},{"seq":"36","sqcand":"100000729503","n":"25555","nm":"CREUZIANE","cc":"DEM","nv":" ","e":"n","st":"Suplente","dvt":"V\u00e1lido","vap":"79","pvap":"   0,73"},{"seq":"66","sqcand":"100000729262","n":"11128","nm":"CLEUDIANE DO TRADO","cc":"PP","nv":" ","e":"n","st":"Suplente","dvt":"V\u00e1lido","vap":"12","pvap":"   0,11"},{"seq":"43","sqcand":"100000668244","n":"15399","nm":"MILCIEDES PIMENTEL","cc":"MDB","nv":" ","e":"n","st":"Suplente","dvt":"V\u00e1lido","vap":"57","pvap":"   0,53"},{"seq":"24","sqcand":"100000729272","n":"11999","nm":"MARIA JOSE DO SINDICATO","cc":"PP","nv":" ","e":"n","st":"Suplente","dvt":"V\u00e1lido","vap":"139","pvap":"   1,29"},{"seq":"18","sqcand":"100000729266","n":"11223","nm":"EURICO","cc":"PP","nv":" ","e":"n","st":"Suplente","dvt":"V\u00e1lido","vap":"185","pvap":"   1,72"},{"seq":"1","sqcand":"100000668347","n":"22223","nm":"LUCINHO","cc":"PL","nv":" ","e":"s","st":"Eleito","dvt":"V\u00e1lido","vap":"644","pvap":"   5,99"},{"seq":"55","sqcand":"100000668229","n":"12111","nm":"RAFAELA DA BERNADINA","cc":"PDT","nv":" ","e":"n","st":"Suplente","dvt":"V\u00e1lido","vap":"25","pvap":"   0,23"},{"seq":"59","sqcand":"100000668352","n":"22345","nm":"LAURA  AMARAL","cc":"PL","nv":" ","e":"n","st":"Suplente","dvt":"V\u00e1lido","vap":"20","pvap":"   0,19"},{"seq":"90","sqcand":"100000668100","n":"10999","nm":"EVA SANTOS","cc":"REPUBLICANOS","nv":" ","e":"n","st":"N\u00e3o eleito","dvt":"V\u00e1lido","vap":"0","pvap":"00.00"},{"seq":"45","sqcand":"100000668227","n":"12789","nm":"J\u00c9SSICA CANTANHEDE","cc":"PDT","nv":" ","e":"n","st":"Suplente","dvt":"V\u00e1lido","vap":"47","pvap":"   0,44"},{"seq":"44","sqcand":"100000668254","n":"15000","nm":"KATIA NERES","cc":"MDB","nv":" ","e":"n","st":"Suplente","dvt":"V\u00e1lido","vap":"47","pvap":"   0,44"},{"seq":"4","sqcand":"100000729509","n":"25789","nm":"ITEVAL","cc":"DEM","nv":" ","e":"s","st":"Eleito","dvt":"V\u00e1lido","vap":"391","pvap":"   3,64"},{"seq":"64","sqcand":"100000668250","n":"15888","nm":"FRANCISCA","cc":"MDB","nv":" ","e":"n","st":"Suplente","dvt":"V\u00e1lido","vap":"12","pvap":"   0,11"},{"seq":"40","sqcand":"100000729501","n":"25777","nm":"CAPIT\u00c3O","cc":"DEM","nv":" ","e":"n","st":"Suplente","dvt":"V\u00e1lido","vap":"64","pvap":"   0,60"},{"seq":"62","sqcand":"100000668343","n":"22111","nm":"BURGU\u00caS DA ESTRELA DALVA","cc":"PL","nv":" ","e":"n","st":"Suplente","dvt":"V\u00e1lido","vap":"16","pvap":"   0,15"},{"seq":"34","sqcand":"100000668356","n":"22555","nm":"CARLOS DO AGENOR","cc":"PL","nv":" ","e":"n","st":"Suplente","dvt":"V\u00e1lido","vap":"92","pvap":"   0,86"},{"seq":"33","sqcand":"100000729267","n":"11333","nm":"JAILSON SARMENTO","cc":"PP","nv":" ","e":"n","st":"Suplente","dvt":"V\u00e1lido","vap":"97","pvap":"   0,90"},{"seq":"35","sqcand":"100000668226","n":"12333","nm":"GA\u00daCHO ON\u00d3RIO","cc":"PDT","nv":" ","e":"n","st":"Suplente","dvt":"V\u00e1lido","vap":"90","pvap":"   0,84"},{"seq":"16","sqcand":"100000729505","n":"25444","nm":"BETANIA SOARES","cc":"DEM","nv":" ","e":"n","st":"Suplente","dvt":"V\u00e1lido","vap":"215","pvap":"   2,00"},{"seq":"81","sqcand":"100000668099","n":"10222","nm":"ALEM\u00c3O","cc":"REPUBLICANOS","nv":" ","e":"n","st":"N\u00e3o eleito","dvt":"V\u00e1lido","vap":"70","pvap":"   0,65"},{"seq":"21","sqcand":"100000668231","n":"12000","nm":"TOINHO","cc":"PDT","nv":" ","e":"n","st":"Suplente","dvt":"V\u00e1lido","vap":"160","pvap":"   1,49"},{"seq":"71","sqcand":"100000668253","n":"15321","nm":"NICIANA","cc":"MDB","nv":" ","e":"n","st":"Suplente","dvt":"V\u00e1lido","vap":"7","pvap":"   0,07"},{"seq":"58","sqcand":"100000729499","n":"25234","nm":"IVANILDA DO MANDACARU","cc":"DEM","nv":" ","e":"n","st":"Suplente","dvt":"V\u00e1lido","vap":"21","pvap":"   0,20"}]}
