{"ele":"426","tpabr":"mu","cdabr":"07676","carper":"13","t":"1","f":"o","dt":"15/11/2020","ht":"22:50:42","dv":"s","tf":"s","v":"13","esae":"n","mnae":"","s":"70","st":"70","pst":" 100,00","snt":"0","psnt":"   0,00","si":"70","psi":" 100,00","sni":"0","psni":"   0,00","sa":"70","psa":" 100,00","sna":"0","psna":"   0,00","e":"24945","ea":"24945","pea":" 100,00","ena":"0","pena":"   0,00","esi":"24945","pesi":" 100,00","esni":"0","pesni":"   0,00","c":"21111","pc":"  84,63","a":"3834","pa":"  15,37","vscv":"0","vnom":"18038","vl":"1240","pvnom":"  93,57","pvl":"   6,43","vvc":"19933","pvvc":"  94,42","vb":"244","pvb":"   1,16","tvn":"934","ptvn":"   4,42","vn":"934","pvn":" 100,00","vnt":"0","pvnt":"   0,00","vp":"0","pvp":"   0,00","vv":"19278","pvv":"  96,71","van":"0","pvan":"   0,00","vansj":"655","pvansj":"   3,29","tv":"21111","cand":[{"seq":"74","sqcand":"100001240705","n":"28888","nm":"JEAN","cc":"PRTB","nv":" ","e":"n","st":"N\u00e3o eleito","dvt":"V\u00e1lido","vap":"22","pvap":"   0,11"},{"seq":"12","sqcand":"100000914934","n":"23321","nm":"MANOEL DO PAVIO","cc":"CIDADANIA","nv":" ","e":"s","st":"Eleito","dvt":"V\u00e1lido","vap":"416","pvap":"   2,09"},{"seq":"29","sqcand":"100001193106","n":"20500","nm":"ROTIEL JUNIOR","cc":"PSC","nv":" ","e":"n","st":"Suplente","dvt":"V\u00e1lido","vap":"156","pvap":"   0,78"},{"seq":"4","sqcand":"100000915322","n":"65123","nm":"R\u00c9GIA BARROSO","cc":"PC do B","nv":" ","e":"s","st":"Eleito","dvt":"V\u00e1lido","vap":"898","pvap":"   4,51"},{"seq":"8","sqcand":"100000914481","n":"10888","nm":"FABIO DOURADO","cc":"REPUBLICANOS","nv":" ","e":"s","st":"Eleito","dvt":"V\u00e1lido","vap":"770","pvap":"   3,86"},{"seq":"13","sqcand":"100000914932","n":"23698","nm":"SIBITO AMIGO DE TODAS AS HORAS","cc":"CIDADANIA","nv":" ","e":"s","st":"Eleito","dvt":"V\u00e1lido","vap":"382","pvap":"   1,92"},{"seq":"9","sqcand":"100001193119","n":"20222","nm":"TONTONHO","cc":"PSC","nv":" ","e":"s","st":"Eleito","dvt":"V\u00e1lido","vap":"559","pvap":"   2,80"},{"seq":"73","sqcand":"100001190743","n":"14567","nm":"WELKSON ASSUN\u00c7\u00c3O BARROSO","cc":"PTB","nv":" ","e":"n","st":"N\u00e3o eleito","dvt":"V\u00e1lido","vap":"30","pvap":"   0,15"},{"seq":"52","sqcand":"100000914929","n":"23112","nm":"LUA","cc":"CIDADANIA","nv":" ","e":"n","st":"Suplente","dvt":"V\u00e1lido","vap":"37","pvap":"   0,19"},{"seq":"32","sqcand":"100000915324","n":"65555","nm":"MANOEL FERNANDES","cc":"PC do B","nv":" ","e":"n","st":"Suplente","dvt":"V\u00e1lido","vap":"126","pvap":"   0,63"},{"seq":"62","sqcand":"100000914491","n":"10111","nm":"CLEITON DO HOSPITAL","cc":"REPUBLICANOS","nv":" ","e":"n","st":"N\u00e3o eleito","dvt":"Anulado sub judice","vap":"655","pvap":"   3,29"},{"seq":"34","sqcand":"100000915329","n":"65065","nm":"FRANCILENE PEREIRA","cc":"PC do B","nv":" ","e":"n","st":"Suplente","dvt":"V\u00e1lido","vap":"106","pvap":"   0,53"},{"seq":"61","sqcand":"100001193108","n":"20122","nm":"CONSOLA","cc":"PSC","nv":" ","e":"n","st":"Suplente","dvt":"V\u00e1lido","vap":"5","pvap":"   0,03"},{"seq":"72","sqcand":"100001235784","n":"55666","nm":"FRANCISCA PAULA","cc":"PSD","nv":" ","e":"n","st":"N\u00e3o eleito","dvt":"V\u00e1lido","vap":"32","pvap":"   0,16"},{"seq":"78","sqcand":"100001190751","n":"14666","nm":"RITA GADEIRO","cc":"PTB","nv":" ","e":"n","st":"N\u00e3o eleito","dvt":"V\u00e1lido","vap":"14","pvap":"   0,07"},{"seq":"64","sqcand":"100001190747","n":"14000","nm":"MIUDO DA BOA SORTE","cc":"PTB","nv":" ","e":"n","st":"N\u00e3o eleito","dvt":"V\u00e1lido","vap":"193","pvap":"   0,97"},{"seq":"80","sqcand":"100001190752","n":"14111","nm":"ASSIS DO POVO","cc":"PTB","nv":" ","e":"n","st":"N\u00e3o eleito","dvt":"V\u00e1lido","vap":"11","pvap":"   0,06"},{"seq":"28","sqcand":"100001193117","n":"20888","nm":"JUNIOR BODEIRO","cc":"PSC","nv":" ","e":"n","st":"Suplente","dvt":"V\u00e1lido","vap":"179","pvap":"   0,90"},{"seq":"75","sqcand":"100001190745","n":"14222","nm":"TIGR\u00c3O DO POVO","cc":"PTB","nv":" ","e":"n","st":"N\u00e3o eleito","dvt":"V\u00e1lido","vap":"22","pvap":"   0,11"},{"seq":"83","sqcand":"100001240702","n":"28444","nm":"JOANA","cc":"PRTB","nv":" ","e":"n","st":"N\u00e3o eleito","dvt":"V\u00e1lido","vap":"2","pvap":"   0,01"},{"seq":"49","sqcand":"100001193105","n":"20777","nm":"JESSICA COSTA","cc":"PSC","nv":" ","e":"n","st":"Suplente","dvt":"V\u00e1lido","vap":"53","pvap":"   0,27"},{"seq":"16","sqcand":"100001193109","n":"20789","nm":"GON\u00c7ALO NETO","cc":"PSC","nv":" ","e":"n","st":"Suplente","dvt":"V\u00e1lido","vap":"407","pvap":"   2,04"},{"seq":"67","sqcand":"100001190750","n":"14333","nm":"AD\u00c3O BARROSO","cc":"PTB","nv":" ","e":"n","st":"N\u00e3o eleito","dvt":"V\u00e1lido","vap":"88","pvap":"   0,44"},{"seq":"45","sqcand":"100000914921","n":"23345","nm":"LOURDES DO COCO GRANDE","cc":"CIDADANIA","nv":" ","e":"n","st":"Suplente","dvt":"V\u00e1lido","vap":"65","pvap":"   0,33"},{"seq":"2","sqcand":"100000914489","n":"10666","nm":"KAROL DO JUNIOR COSTA","cc":"REPUBLICANOS","nv":" ","e":"s","st":"Eleito","dvt":"V\u00e1lido","vap":"1014","pvap":"   5,09"},{"seq":"82","sqcand":"100001240706","n":"28111","nm":"JUNIOR DRIKS","cc":"PRTB","nv":" ","e":"n","st":"N\u00e3o eleito","dvt":"V\u00e1lido","vap":"7","pvap":"   0,04"},{"seq":"18","sqcand":"100000914484","n":"10456","nm":"OSVALDINHO","cc":"REPUBLICANOS","nv":" ","e":"n","st":"Suplente","dvt":"V\u00e1lido","vap":"363","pvap":"   1,82"},{"seq":"39","sqcand":"100000914488","n":"10445","nm":"JABURU PUBLICIDADES","cc":"REPUBLICANOS","nv":" ","e":"n","st":"Suplente","dvt":"V\u00e1lido","vap":"85","pvap":"   0,43"},{"seq":"76","sqcand":"100001235785","n":"55888","nm":"N\u00c1DIA DO DUTRA","cc":"PSD","nv":" ","e":"n","st":"N\u00e3o eleito","dvt":"V\u00e1lido","vap":"20","pvap":"   0,10"},{"seq":"14","sqcand":"100000914490","n":"10222","nm":"GAUD\u00caNCIO TURBINADO","cc":"REPUBLICANOS","nv":" ","e":"n","st":"Suplente","dvt":"V\u00e1lido","vap":"485","pvap":"   2,43"},{"seq":"1","sqcand":"100000914494","n":"10555","nm":"VALBERLENE LOPES","cc":"REPUBLICANOS","nv":" ","e":"s","st":"Eleito","dvt":"V\u00e1lido","vap":"1333","pvap":"   6,69"},{"seq":"77","sqcand":"100001240704","n":"28555","nm":"AD\u00c3O SOUSA","cc":"PRTB","nv":" ","e":"n","st":"N\u00e3o eleito","dvt":"V\u00e1lido","vap":"19","pvap":"   0,10"},{"seq":"66","sqcand":"100001190746","n":"14123","nm":"FRANCEANE DO ESPORTE","cc":"PTB","nv":" ","e":"n","st":"N\u00e3o eleito","dvt":"V\u00e1lido","vap":"112","pvap":"   0,56"},{"seq":"36","sqcand":"100001193110","n":"20123","nm":"NONATO FREITAS","cc":"PSC","nv":" ","e":"n","st":"Suplente","dvt":"V\u00e1lido","vap":"94","pvap":"   0,47"},{"seq":"41","sqcand":"100000914925","n":"23333","nm":"PROFESSORA APARECIDA","cc":"CIDADANIA","nv":" ","e":"n","st":"Suplente","dvt":"V\u00e1lido","vap":"79","pvap":"   0,40"},{"seq":"54","sqcand":"100000914485","n":"10567","nm":"JOEL LUCAS ","cc":"REPUBLICANOS","nv":" ","e":"n","st":"Suplente","dvt":"V\u00e1lido","vap":"33","pvap":"   0,17"},{"seq":"20","sqcand":"100000914480","n":"10123","nm":"ANT\u00d4NIO DO SINDICATO","cc":"REPUBLICANOS","nv":" ","e":"n","st":"Suplente","dvt":"V\u00e1lido","vap":"354","pvap":"   1,78"},{"seq":"25","sqcand":"100000914924","n":"23111","nm":"AMIGO ROBERT\u00c3O","cc":"CIDADANIA","nv":" ","e":"n","st":"Suplente","dvt":"V\u00e1lido","vap":"193","pvap":"   0,97"},{"seq":"47","sqcand":"100000915327","n":"65000","nm":"ANSELMO SOUSA","cc":"PC do B","nv":" ","e":"n","st":"Suplente","dvt":"V\u00e1lido","vap":"59","pvap":"   0,30"},{"seq":"37","sqcand":"100001193116","n":"20300","nm":"JUNIOR REFRIGERA\u00c7\u00c3O","cc":"PSC","nv":" ","e":"n","st":"Suplente","dvt":"V\u00e1lido","vap":"88","pvap":"   0,44"},{"seq":"81","sqcand":"100000914714","n":"22222","nm":"KATIA SOARES","cc":"PL","nv":" ","e":"n","st":"N\u00e3o eleito","dvt":"V\u00e1lido","vap":"8","pvap":"   0,04"},{"seq":"55","sqcand":"100000914923","n":"23445","nm":"PEDIM VE\u00cdCULOS","cc":"CIDADANIA","nv":" ","e":"n","st":"Suplente","dvt":"V\u00e1lido","vap":"30","pvap":"   0,15"},{"seq":"42","sqcand":"100001193121","n":"20456","nm":"JOEL NUNES","cc":"PSC","nv":" ","e":"n","st":"Suplente","dvt":"V\u00e1lido","vap":"76","pvap":"   0,38"},{"seq":"48","sqcand":"100000914495","n":"10999","nm":"JEANE MAIOR","cc":"REPUBLICANOS","nv":" ","e":"n","st":"Suplente","dvt":"V\u00e1lido","vap":"53","pvap":"   0,27"},{"seq":"15","sqcand":"100000914496","n":"10333","nm":"ELIOZILDA","cc":"REPUBLICANOS","nv":" ","e":"n","st":"Suplente","dvt":"V\u00e1lido","vap":"457","pvap":"   2,29"},{"seq":"38","sqcand":"100000914922","n":"23444","nm":"MAURICEIA BISPO","cc":"CIDADANIA","nv":" ","e":"n","st":"Suplente","dvt":"V\u00e1lido","vap":"87","pvap":"   0,44"},{"seq":"6","sqcand":"100000914483","n":"10000","nm":"RENATO","cc":"REPUBLICANOS","nv":" ","e":"s","st":"Eleito","dvt":"V\u00e1lido","vap":"833","pvap":"   4,18"},{"seq":"3","sqcand":"100001193120","n":"20555","nm":"L\u00c9O DO BANCO","cc":"PSC","nv":" ","e":"s","st":"Eleito","dvt":"V\u00e1lido","vap":"978","pvap":"   4,91"},{"seq":"24","sqcand":"100001193104","n":"20111","nm":"CICERO CARTEIRO","cc":"PSC","nv":" ","e":"n","st":"Suplente","dvt":"V\u00e1lido","vap":"269","pvap":"   1,35"},{"seq":"51","sqcand":"100000914930","n":"23123","nm":"\u00cdTALO FITNESS","cc":"CIDADANIA","nv":" ","e":"n","st":"Suplente","dvt":"V\u00e1lido","vap":"47","pvap":"   0,24"},{"seq":"35","sqcand":"100000914487","n":"10101","nm":"JUCY CABELOS","cc":"REPUBLICANOS","nv":" ","e":"n","st":"Suplente","dvt":"V\u00e1lido","vap":"103","pvap":"   0,52"},{"seq":"43","sqcand":"100001193111","n":"20444","nm":"PATRICIA RIBEIRO","cc":"PSC","nv":" ","e":"n","st":"Suplente","dvt":"V\u00e1lido","vap":"75","pvap":"   0,38"},{"seq":"21","sqcand":"100000914933","n":"23222","nm":"GILVAN DA VAN","cc":"CIDADANIA","nv":" ","e":"n","st":"Suplente","dvt":"V\u00e1lido","vap":"337","pvap":"   1,69"},{"seq":"71","sqcand":"100001235783","n":"55555","nm":"TIGR\u00c3O DA AMBUL\u00c2NCIA ","cc":"PSD","nv":" ","e":"n","st":"N\u00e3o eleito","dvt":"V\u00e1lido","vap":"32","pvap":"   0,16"},{"seq":"70","sqcand":"100001190748","n":"14555","nm":"SEBASTIANA","cc":"PTB","nv":" ","e":"n","st":"N\u00e3o eleito","dvt":"V\u00e1lido","vap":"49","pvap":"   0,25"},{"seq":"40","sqcand":"100001193115","n":"20369","nm":"PROFESSORA SOCORRO","cc":"PSC","nv":" ","e":"n","st":"Suplente","dvt":"V\u00e1lido","vap":"80","pvap":"   0,40"},{"seq":"57","sqcand":"100000914927","n":"23789","nm":"VALDELICE","cc":"CIDADANIA","nv":" ","e":"n","st":"Suplente","dvt":"V\u00e1lido","vap":"21","pvap":"   0,11"},{"seq":"60","sqcand":"100000914492","n":"10103","nm":"GRACIMEIRE SILVA","cc":"REPUBLICANOS","nv":" ","e":"n","st":"Suplente","dvt":"V\u00e1lido","vap":"8","pvap":"   0,04"},{"seq":"56","sqcand":"100000915326","n":"65321","nm":"JOSSANDRO BARROSO","cc":"PC do B","nv":" ","e":"n","st":"Suplente","dvt":"V\u00e1lido","vap":"30","pvap":"   0,15"},{"seq":"7","sqcand":"100001193114","n":"20000","nm":"STENIO DD","cc":"PSC","nv":" ","e":"s","st":"Eleito","dvt":"V\u00e1lido","vap":"770","pvap":"   3,86"},{"seq":"33","sqcand":"100000915323","n":"65789","nm":"VAL\u00c9RIA GONZAGA","cc":"PC do B","nv":" ","e":"n","st":"Suplente","dvt":"V\u00e1lido","vap":"109","pvap":"   0,55"},{"seq":"10","sqcand":"100000914486","n":"10444","nm":"DR LIMA","cc":"REPUBLICANOS","nv":" ","e":"s","st":"Eleito","dvt":"V\u00e1lido","vap":"505","pvap":"   2,53"},{"seq":"27","sqcand":"100000914935","n":"23777","nm":"NENA DO SEM TERRA","cc":"CIDADANIA","nv":" ","e":"n","st":"Suplente","dvt":"V\u00e1lido","vap":"183","pvap":"   0,92"},{"seq":"22","sqcand":"100001193113","n":"20388","nm":"DIONE SUCUPIRA","cc":"PSC","nv":" ","e":"n","st":"Suplente","dvt":"V\u00e1lido","vap":"307","pvap":"   1,54"},{"seq":"69","sqcand":"100001190744","n":"14777","nm":"TOTA","cc":"PTB","nv":" ","e":"n","st":"N\u00e3o eleito","dvt":"V\u00e1lido","vap":"68","pvap":"   0,34"},{"seq":"68","sqcand":"100001235788","n":"55222","nm":"TULYO RIBEIRO","cc":"PSD","nv":" ","e":"n","st":"N\u00e3o eleito","dvt":"V\u00e1lido","vap":"70","pvap":"   0,35"},{"seq":"58","sqcand":"100000914936","n":"23555","nm":"MARC\u00c3O DO MDF","cc":"CIDADANIA","nv":" ","e":"n","st":"Suplente","dvt":"V\u00e1lido","vap":"12","pvap":"   0,06"},{"seq":"63","sqcand":"100001235787","n":"55000","nm":"ROMEU DO POVO","cc":"PSD","nv":" ","e":"n","st":"N\u00e3o eleito","dvt":"V\u00e1lido","vap":"265","pvap":"   1,33"},{"seq":"23","sqcand":"100000915325","n":"65456","nm":"PROFESSOR TIAGO","cc":"PC do B","nv":" ","e":"n","st":"Suplente","dvt":"V\u00e1lido","vap":"276","pvap":"   1,38"},{"seq":"30","sqcand":"100000915330","n":"65100","nm":"PROF. ADALBERTO","cc":"PC do B","nv":" ","e":"n","st":"Suplente","dvt":"V\u00e1lido","vap":"149","pvap":"   0,75"},{"seq":"65","sqcand":"100001190749","n":"14444","nm":"JUSCELINO SIPA\u00daBA","cc":"PTB","nv":" ","e":"n","st":"N\u00e3o eleito","dvt":"V\u00e1lido","vap":"174","pvap":"   0,87"},{"seq":"5","sqcand":"100000914482","n":"10789","nm":"WALTERLY MUNIS","cc":"REPUBLICANOS","nv":" ","e":"s","st":"Eleito","dvt":"V\u00e1lido","vap":"883","pvap":"   4,43"},{"seq":"17","sqcand":"100000914493","n":"10777","nm":"Z\u00c9 NILTON","cc":"REPUBLICANOS","nv":" ","e":"n","st":"Suplente","dvt":"V\u00e1lido","vap":"382","pvap":"   1,92"},{"seq":"46","sqcand":"100001193118","n":"20200","nm":"PROFESSORA JOCELMA","cc":"PSC","nv":" ","e":"n","st":"Suplente","dvt":"V\u00e1lido","vap":"59","pvap":"   0,30"},{"seq":"26","sqcand":"100001193107","n":"20220","nm":"PASTOR BATISTA","cc":"PSC","nv":" ","e":"n","st":"Suplente","dvt":"V\u00e1lido","vap":"185","pvap":"   0,93"},{"seq":"11","sqcand":"100001193103","n":"20333","nm":"FILOMENO","cc":"PSC","nv":" ","e":"s","st":"Eleito","dvt":"V\u00e1lido","vap":"477","pvap":"   2,39"},{"seq":"59","sqcand":"100000914931","n":"23347","nm":"PERINIE MOREIRA LIMA","cc":"CIDADANIA","nv":" ","e":"n","st":"Suplente","dvt":"V\u00e1lido","vap":"9","pvap":"   0,05"},{"seq":"79","sqcand":"100001235786","n":"55123","nm":"DOS REIS SANTANA","cc":"PSD","nv":" ","e":"n","st":"N\u00e3o eleito","dvt":"V\u00e1lido","vap":"14","pvap":"   0,07"},{"seq":"53","sqcand":"100000915328","n":"65655","nm":"CEBOLINHA","cc":"PC do B","nv":" ","e":"n","st":"Suplente","dvt":"V\u00e1lido","vap":"34","pvap":"   0,17"},{"seq":"84","sqcand":"100001240703","n":"28123","nm":"JAQUEANE","cc":"PRTB","nv":" ","e":"n","st":"N\u00e3o eleito","dvt":"V\u00e1lido","vap":"0","pvap":"00.00"},{"seq":"44","sqcand":"100001193102","n":"20999","nm":"CANTOR TOCHINHA","cc":"PSC","nv":" ","e":"n","st":"Suplente","dvt":"V\u00e1lido","vap":"73","pvap":"   0,37"},{"seq":"31","sqcand":"100000914928","n":"23456","nm":"RAFAEL BARROSO","cc":"CIDADANIA","nv":" ","e":"n","st":"Suplente","dvt":"V\u00e1lido","vap":"144","pvap":"   0,72"},{"seq":"50","sqcand":"100001193112","n":"20666","nm":"BIDU","cc":"PSC","nv":" ","e":"n","st":"Suplente","dvt":"V\u00e1lido","vap":"47","pvap":"   0,24"},{"seq":"19","sqcand":"100000914926","n":"23000","nm":"HUGO ANUNCIATO","cc":"CIDADANIA","nv":" ","e":"n","st":"Suplente","dvt":"V\u00e1lido","vap":"359","pvap":"   1,80"}]}
