{"ele":"426","tpabr":"mu","cdabr":"07706","carper":"13","t":"1","f":"o","dt":"15/11/2020","ht":"21:53:59","dv":"s","tf":"s","v":"9","esae":"n","mnae":"","s":"26","st":"26","pst":" 100,00","snt":"0","psnt":"   0,00","si":"26","psi":" 100,00","sni":"0","psni":"   0,00","sa":"26","psa":" 100,00","sna":"0","psna":"   0,00","e":"9022","ea":"9022","pea":" 100,00","ena":"0","pena":"   0,00","esi":"9022","pesi":" 100,00","esni":"0","pesni":"   0,00","c":"8083","pc":"  89,59","a":"939","pa":"  10,41","vscv":"0","vnom":"7598","vl":"312","pvnom":"  96,06","pvl":"   3,94","vvc":"7910","pvvc":"  97,86","vb":"25","pvb":"   0,31","tvn":"148","ptvn":"   1,83","vn":"148","pvn":" 100,00","vnt":"0","pvnt":"   0,00","vp":"0","pvp":"   0,00","vv":"7910","pvv":" 100,00","van":"0","pvan":"   0,00","vansj":"0","pvansj":"   0,00","tv":"8083","cand":[{"seq":"23","sqcand":"100001031942","n":"65777","nm":"MILTON MADEIREIRO","cc":"PC do B","nv":" ","e":"n","st":"Suplente","dvt":"V\u00e1lido","vap":"122","pvap":"   1,54"},{"seq":"13","sqcand":"100001031940","n":"65222","nm":"MADALENA DO BIOLO","cc":"PC do B","nv":" ","e":"n","st":"Suplente","dvt":"V\u00e1lido","vap":"265","pvap":"   3,35"},{"seq":"4","sqcand":"100001034512","n":"14123","nm":"THIAGO DO  CRIULIZ\u00c3O","cc":"PTB","nv":" ","e":"s","st":"Eleito","dvt":"V\u00e1lido","vap":"441","pvap":"   5,58"},{"seq":"47","sqcand":"100001032697","n":"45200","nm":"MARIA ALICE","cc":"PSDB","nv":" ","e":"n","st":"N\u00e3o eleito","dvt":"V\u00e1lido","vap":"0","pvap":"00.00"},{"seq":"20","sqcand":"100000671110","n":"10222","nm":"THAIS DO Z\u00c9 RAIMUNDO","cc":"REPUBLICANOS","nv":" ","e":"n","st":"Suplente","dvt":"V\u00e1lido","vap":"181","pvap":"   2,29"},{"seq":"7","sqcand":"100000671105","n":"10111","nm":"CIMAR DA GALILEIA","cc":"REPUBLICANOS","nv":" ","e":"s","st":"Eleito","dvt":"V\u00e1lido","vap":"362","pvap":"   4,58"},{"seq":"38","sqcand":"100000671103","n":"10500","nm":"CARMEM DA CARMELITA","cc":"REPUBLICANOS","nv":" ","e":"n","st":"Suplente","dvt":"V\u00e1lido","vap":"1","pvap":"   0,01"},{"seq":"31","sqcand":"100001218313","n":"12000","nm":"PROFESSORA DIDIANE","cc":"PDT","nv":" ","e":"n","st":"Suplente","dvt":"V\u00e1lido","vap":"37","pvap":"   0,47"},{"seq":"18","sqcand":"100001031930","n":"65444","nm":"ENFERMEIRA CIRLENE","cc":"PC do B","nv":" ","e":"n","st":"Suplente","dvt":"V\u00e1lido","vap":"204","pvap":"   2,58"},{"seq":"29","sqcand":"100001218311","n":"12345","nm":"ANTONIO DA SAUDE","cc":"PDT","nv":" ","e":"n","st":"Suplente","dvt":"V\u00e1lido","vap":"55","pvap":"   0,70"},{"seq":"37","sqcand":"100001031937","n":"65888","nm":"CLEOMAR","cc":"PC do B","nv":" ","e":"n","st":"Suplente","dvt":"V\u00e1lido","vap":"2","pvap":"   0,03"},{"seq":"21","sqcand":"100001034514","n":"14444","nm":"WESLEI DO HOSPITAL","cc":"PTB","nv":" ","e":"n","st":"Suplente","dvt":"V\u00e1lido","vap":"157","pvap":"   1,98"},{"seq":"6","sqcand":"100001031933","n":"65500","nm":"JOEL DO SINDICATO","cc":"PC do B","nv":" ","e":"s","st":"Eleito","dvt":"V\u00e1lido","vap":"401","pvap":"   5,07"},{"seq":"25","sqcand":"100001031943","n":"65555","nm":"BARNABE","cc":"PC do B","nv":" ","e":"n","st":"Suplente","dvt":"V\u00e1lido","vap":"110","pvap":"   1,39"},{"seq":"33","sqcand":"100000671111","n":"10444","nm":"ACASIO","cc":"REPUBLICANOS","nv":" ","e":"n","st":"Suplente","dvt":"V\u00e1lido","vap":"33","pvap":"   0,42"},{"seq":"19","sqcand":"100000671109","n":"10200","nm":"MARCIO SANTANA","cc":"REPUBLICANOS","nv":" ","e":"n","st":"Suplente","dvt":"V\u00e1lido","vap":"201","pvap":"   2,54"},{"seq":"9","sqcand":"100001034515","n":"14954","nm":"VANDO DO ADONEL","cc":"PTB","nv":" ","e":"s","st":"Eleito","dvt":"V\u00e1lido","vap":"324","pvap":"   4,10"},{"seq":"3","sqcand":"100001031935","n":"65111","nm":"VALDIR DO COCO","cc":"PC do B","nv":" ","e":"s","st":"Eleito","dvt":"V\u00e1lido","vap":"453","pvap":"   5,73"},{"seq":"30","sqcand":"100000671114","n":"10123","nm":"MARIZON","cc":"REPUBLICANOS","nv":" ","e":"n","st":"Suplente","dvt":"V\u00e1lido","vap":"37","pvap":"   0,47"},{"seq":"42","sqcand":"100000671113","n":"10100","nm":"JOYCE DO PAULINO","cc":"REPUBLICANOS","nv":" ","e":"n","st":"Suplente","dvt":"V\u00e1lido","vap":"0","pvap":"00.00"},{"seq":"34","sqcand":"100001031939","n":"65223","nm":"AMORIM FILHO","cc":"PC do B","nv":" ","e":"n","st":"Suplente","dvt":"V\u00e1lido","vap":"22","pvap":"   0,28"},{"seq":"8","sqcand":"100001218309","n":"12555","nm":"JOCIEL","cc":"PDT","nv":" ","e":"s","st":"Eleito","dvt":"V\u00e1lido","vap":"353","pvap":"   4,46"},{"seq":"36","sqcand":"100001034516","n":"14456","nm":"JOSE CARLOS DA SAUDE","cc":"PTB","nv":" ","e":"n","st":"Suplente","dvt":"V\u00e1lido","vap":"7","pvap":"   0,09"},{"seq":"15","sqcand":"100001218308","n":"12222","nm":"ZICO","cc":"PDT","nv":" ","e":"n","st":"Suplente","dvt":"V\u00e1lido","vap":"252","pvap":"   3,19"},{"seq":"12","sqcand":"100001218310","n":"12444","nm":"ABIMAEL GUAJAJARA","cc":"PDT","nv":" ","e":"n","st":"Suplente","dvt":"V\u00e1lido","vap":"266","pvap":"   3,36"},{"seq":"41","sqcand":"100000671104","n":"10600","nm":"DA GUIA","cc":"REPUBLICANOS","nv":" ","e":"n","st":"Suplente","dvt":"V\u00e1lido","vap":"0","pvap":"00.00"},{"seq":"24","sqcand":"100000671106","n":"10345","nm":"GEOVANE DO CRISTOVAM","cc":"REPUBLICANOS","nv":" ","e":"n","st":"Suplente","dvt":"V\u00e1lido","vap":"121","pvap":"   1,53"},{"seq":"43","sqcand":"100001032701","n":"45000","nm":"MANOEL DO RAEL","cc":"PSDB","nv":" ","e":"n","st":"N\u00e3o eleito","dvt":"V\u00e1lido","vap":"10","pvap":"   0,13"},{"seq":"17","sqcand":"100000671115","n":"10555","nm":"EDMILSON DA SAUDE","cc":"REPUBLICANOS","nv":" ","e":"n","st":"Suplente","dvt":"V\u00e1lido","vap":"234","pvap":"   2,96"},{"seq":"2","sqcand":"100001218305","n":"12123","nm":"ZE LOPES","cc":"PDT","nv":" ","e":"s","st":"Eleito","dvt":"V\u00e1lido","vap":"463","pvap":"   5,85"},{"seq":"46","sqcand":"100001032698","n":"45116","nm":"TONH\u00c3O DO GOD\u00d4","cc":"PSDB","nv":" ","e":"n","st":"N\u00e3o eleito","dvt":"V\u00e1lido","vap":"1","pvap":"   0,01"},{"seq":"10","sqcand":"100000671108","n":"10333","nm":"GEOVANI LOPES","cc":"REPUBLICANOS","nv":" ","e":"n","st":"Suplente","dvt":"V\u00e1lido","vap":"344","pvap":"   4,35"},{"seq":"16","sqcand":"100001031931","n":"65800","nm":"RONE","cc":"PC do B","nv":" ","e":"n","st":"Suplente","dvt":"V\u00e1lido","vap":"249","pvap":"   3,15"},{"seq":"11","sqcand":"100001034510","n":"14567","nm":"PROFESSORA MARLENE","cc":"PTB","nv":" ","e":"n","st":"Suplente","dvt":"V\u00e1lido","vap":"304","pvap":"   3,84"},{"seq":"45","sqcand":"100001032700","n":"45115","nm":"ZEZIM DA CARRO\u00c7A","cc":"PSDB","nv":" ","e":"n","st":"N\u00e3o eleito","dvt":"V\u00e1lido","vap":"9","pvap":"   0,11"},{"seq":"28","sqcand":"100000671107","n":"10666","nm":"EUCLIDE DA ALDEIA","cc":"REPUBLICANOS","nv":" ","e":"n","st":"Suplente","dvt":"V\u00e1lido","vap":"77","pvap":"   0,97"},{"seq":"39","sqcand":"100001218306","n":"12456","nm":"ROSA DO CARLIM","cc":"PDT","nv":" ","e":"n","st":"Suplente","dvt":"V\u00e1lido","vap":"0","pvap":"00.00"},{"seq":"44","sqcand":"100001032699","n":"45111","nm":"EVANEIDE","cc":"PSDB","nv":" ","e":"n","st":"N\u00e3o eleito","dvt":"V\u00e1lido","vap":"10","pvap":"   0,13"},{"seq":"14","sqcand":"100001034511","n":"14000","nm":"OS\u00c9AS DE PAULA","cc":"PTB","nv":" ","e":"n","st":"Suplente","dvt":"V\u00e1lido","vap":"260","pvap":"   3,29"},{"seq":"32","sqcand":"100001031941","n":"65333","nm":"CABE\u00c7\u00c3O","cc":"PC do B","nv":" ","e":"n","st":"Suplente","dvt":"V\u00e1lido","vap":"35","pvap":"   0,44"},{"seq":"27","sqcand":"100001031932","n":"65012","nm":"DALVINO","cc":"PC do B","nv":" ","e":"n","st":"Suplente","dvt":"V\u00e1lido","vap":"83","pvap":"   1,05"},{"seq":"35","sqcand":"100001218307","n":"12337","nm":"RAY","cc":"PDT","nv":" ","e":"n","st":"Suplente","dvt":"V\u00e1lido","vap":"11","pvap":"   0,14"},{"seq":"1","sqcand":"100001031938","n":"65000","nm":"CA\u00c7ULA DO ZE MARIA","cc":"PC do B","nv":" ","e":"s","st":"Eleito","dvt":"V\u00e1lido","vap":"467","pvap":"   5,90"},{"seq":"40","sqcand":"100001273817","n":"14789","nm":"ANA PAULA","cc":"PTB","nv":" ","e":"n","st":"Suplente","dvt":"V\u00e1lido","vap":"0","pvap":"00.00"},{"seq":"5","sqcand":"100000671112","n":"10000","nm":"GALEGO DO EDMAR","cc":"REPUBLICANOS","nv":" ","e":"s","st":"Eleito","dvt":"V\u00e1lido","vap":"406","pvap":"   5,13"},{"seq":"26","sqcand":"100001218312","n":"12888","nm":"ERANILDO CATUCA","cc":"PDT","nv":" ","e":"n","st":"Suplente","dvt":"V\u00e1lido","vap":"87","pvap":"   1,10"},{"seq":"22","sqcand":"100001034517","n":"14222","nm":"IRM\u00c3 JANAIRES","cc":"PTB","nv":" ","e":"n","st":"Suplente","dvt":"V\u00e1lido","vap":"141","pvap":"   1,78"}]}
