{"ele":"426","tpabr":"mu","cdabr":"07757","carper":"13","t":"1","f":"o","dt":"15/11/2020","ht":"21:46:56","dv":"s","tf":"s","v":"9","esae":"n","mnae":"","s":"29","st":"29","pst":" 100,00","snt":"0","psnt":"   0,00","si":"29","psi":" 100,00","sni":"0","psni":"   0,00","sa":"29","psa":" 100,00","sna":"0","psna":"   0,00","e":"9717","ea":"9717","pea":" 100,00","ena":"0","pena":"   0,00","esi":"9717","pesi":" 100,00","esni":"0","pesni":"   0,00","c":"7647","pc":"  78,70","a":"2070","pa":"  21,30","vscv":"0","vnom":"6966","vl":"364","pvnom":"  95,03","pvl":"   4,97","vvc":"7330","pvvc":"  95,85","vb":"63","pvb":"   0,83","tvn":"254","ptvn":"   3,32","vn":"254","pvn":" 100,00","vnt":"0","pvnt":"   0,00","vp":"0","pvp":"   0,00","vv":"7330","pvv":" 100,00","van":"0","pvan":"   0,00","vansj":"0","pvansj":"   0,00","tv":"7647","cand":[{"seq":"8","sqcand":"100001200734","n":"15111","nm":"VENICIO ALENCAR","cc":"MDB","nv":" ","e":"s","st":"Eleito","dvt":"V\u00e1lido","vap":"321","pvap":"   4,38"},{"seq":"28","sqcand":"100001200740","n":"15012","nm":"MANOEL BATISTA","cc":"MDB","nv":" ","e":"n","st":"Suplente","dvt":"V\u00e1lido","vap":"21","pvap":"   0,29"},{"seq":"41","sqcand":"100000831219","n":"14555","nm":"CHICO DELMA","cc":"PTB","nv":" ","e":"n","st":"N\u00e3o eleito","dvt":"V\u00e1lido","vap":"32","pvap":"   0,44"},{"seq":"4","sqcand":"100001199882","n":"12777","nm":"LEOJAIME","cc":"PDT","nv":" ","e":"s","st":"Eleito","dvt":"V\u00e1lido","vap":"424","pvap":"   5,78"},{"seq":"27","sqcand":"100001272084","n":"15222","nm":"FERNANDA","cc":"MDB","nv":" ","e":"n","st":"Suplente","dvt":"V\u00e1lido","vap":"22","pvap":"   0,30"},{"seq":"47","sqcand":"100000831214","n":"14333","nm":"SANTANA","cc":"PTB","nv":" ","e":"n","st":"N\u00e3o eleito","dvt":"V\u00e1lido","vap":"4","pvap":"   0,05"},{"seq":"39","sqcand":"100000831217","n":"14567","nm":"CRISTINA","cc":"PTB","nv":" ","e":"n","st":"N\u00e3o eleito","dvt":"V\u00e1lido","vap":"48","pvap":"   0,65"},{"seq":"17","sqcand":"100001200735","n":"15555","nm":"HELOIZO","cc":"MDB","nv":" ","e":"n","st":"Suplente","dvt":"V\u00e1lido","vap":"117","pvap":"   1,60"},{"seq":"9","sqcand":"100001046979","n":"65000","nm":"JOSE JUNIOR","cc":"PC do B","nv":" ","e":"s","st":"Eleito","dvt":"V\u00e1lido","vap":"293","pvap":"   4,00"},{"seq":"31","sqcand":"100001046976","n":"65888","nm":"ROSIMAR CARDOSO","cc":"PC do B","nv":" ","e":"n","st":"Suplente","dvt":"V\u00e1lido","vap":"8","pvap":"   0,11"},{"seq":"33","sqcand":"100000831222","n":"14777","nm":"LUCIDIO","cc":"PTB","nv":" ","e":"n","st":"N\u00e3o eleito","dvt":"V\u00e1lido","vap":"127","pvap":"   1,73"},{"seq":"35","sqcand":"100000831216","n":"14444","nm":"MAURO CESAR","cc":"PTB","nv":" ","e":"n","st":"N\u00e3o eleito","dvt":"V\u00e1lido","vap":"88","pvap":"   1,20"},{"seq":"26","sqcand":"100001199880","n":"12677","nm":"LINA","cc":"PDT","nv":" ","e":"n","st":"Suplente","dvt":"V\u00e1lido","vap":"24","pvap":"   0,33"},{"seq":"18","sqcand":"100001200733","n":"15678","nm":"ROSA DO BOLO","cc":"MDB","nv":" ","e":"n","st":"Suplente","dvt":"V\u00e1lido","vap":"101","pvap":"   1,38"},{"seq":"3","sqcand":"100001199881","n":"12121","nm":"PROFESSORA MERY","cc":"PDT","nv":" ","e":"s","st":"Eleito","dvt":"V\u00e1lido","vap":"496","pvap":"   6,77"},{"seq":"19","sqcand":"100001200731","n":"15115","nm":"LEONILDO LEONIDAS","cc":"MDB","nv":" ","e":"n","st":"Suplente","dvt":"V\u00e1lido","vap":"94","pvap":"   1,28"},{"seq":"42","sqcand":"100001200808","n":"13131","nm":"WILLAMES SANTOS","cc":"PT","nv":" ","e":"n","st":"N\u00e3o eleito","dvt":"V\u00e1lido","vap":"29","pvap":"   0,40"},{"seq":"32","sqcand":"100001200807","n":"13333","nm":"FERNANDO","cc":"PT","nv":" ","e":"n","st":"N\u00e3o eleito","dvt":"V\u00e1lido","vap":"323","pvap":"   4,41"},{"seq":"1","sqcand":"100001046984","n":"65123","nm":"FERREIRA REGO","cc":"PC do B","nv":" ","e":"s","st":"Eleito","dvt":"V\u00e1lido","vap":"619","pvap":"   8,44"},{"seq":"11","sqcand":"100001046978","n":"65555","nm":"CUMPADIM DO C\u00c9U","cc":"PC do B","nv":" ","e":"n","st":"Suplente","dvt":"V\u00e1lido","vap":"290","pvap":"   3,96"},{"seq":"44","sqcand":"100001200810","n":"13130","nm":"BITA","cc":"PT","nv":" ","e":"n","st":"N\u00e3o eleito","dvt":"V\u00e1lido","vap":"11","pvap":"   0,15"},{"seq":"16","sqcand":"100001200736","n":"15615","nm":"BETO SILVA","cc":"MDB","nv":" ","e":"n","st":"Suplente","dvt":"V\u00e1lido","vap":"122","pvap":"   1,66"},{"seq":"22","sqcand":"100001199874","n":"12111","nm":"PAULO PATR\u00cdCIO","cc":"PDT","nv":" ","e":"n","st":"Suplente","dvt":"V\u00e1lido","vap":"59","pvap":"   0,80"},{"seq":"5","sqcand":"100001199878","n":"12345","nm":"BETINHO DO SACOL\u00c3O","cc":"PDT","nv":" ","e":"s","st":"Eleito","dvt":"V\u00e1lido","vap":"361","pvap":"   4,92"},{"seq":"21","sqcand":"100001046981","n":"65222","nm":"DIDI VIEIRA","cc":"PC do B","nv":" ","e":"n","st":"Suplente","dvt":"V\u00e1lido","vap":"81","pvap":"   1,11"},{"seq":"10","sqcand":"100001199884","n":"12888","nm":"WAGUINHO CARVALHO","cc":"PDT","nv":" ","e":"n","st":"Suplente","dvt":"V\u00e1lido","vap":"305","pvap":"   4,16"},{"seq":"12","sqcand":"100001199873","n":"12222","nm":"VALDEMIR","cc":"PDT","nv":" ","e":"n","st":"Suplente","dvt":"V\u00e1lido","vap":"259","pvap":"   3,53"},{"seq":"37","sqcand":"100000831220","n":"14123","nm":"DONY BATISTA","cc":"PTB","nv":" ","e":"n","st":"N\u00e3o eleito","dvt":"V\u00e1lido","vap":"74","pvap":"   1,01"},{"seq":"20","sqcand":"100001200732","n":"15777","nm":"CRISTIANE","cc":"MDB","nv":" ","e":"n","st":"Suplente","dvt":"V\u00e1lido","vap":"90","pvap":"   1,23"},{"seq":"24","sqcand":"100001199877","n":"12999","nm":"LUCIA CIZINO","cc":"PDT","nv":" ","e":"n","st":"Suplente","dvt":"V\u00e1lido","vap":"29","pvap":"   0,40"},{"seq":"13","sqcand":"100001200739","n":"15000","nm":"LINO DOS EMPRESTIMOS","cc":"MDB","nv":" ","e":"n","st":"Suplente","dvt":"V\u00e1lido","vap":"233","pvap":"   3,18"},{"seq":"15","sqcand":"100001046982","n":"65456","nm":"CLAUDIA MARQUES","cc":"PC do B","nv":" ","e":"n","st":"Suplente","dvt":"V\u00e1lido","vap":"137","pvap":"   1,87"},{"seq":"38","sqcand":"100001200806","n":"13555","nm":"VALDIR ZUZA","cc":"PT","nv":" ","e":"n","st":"N\u00e3o eleito","dvt":"V\u00e1lido","vap":"51","pvap":"   0,70"},{"seq":"14","sqcand":"100001046977","n":"65666","nm":"EVALDO","cc":"PC do B","nv":" ","e":"n","st":"Suplente","dvt":"V\u00e1lido","vap":"142","pvap":"   1,94"},{"seq":"25","sqcand":"100001200737","n":"15333","nm":"CORR\u00d3","cc":"MDB","nv":" ","e":"n","st":"Suplente","dvt":"V\u00e1lido","vap":"26","pvap":"   0,35"},{"seq":"43","sqcand":"100001200809","n":"13444","nm":"SIMA","cc":"PT","nv":" ","e":"n","st":"N\u00e3o eleito","dvt":"V\u00e1lido","vap":"16","pvap":"   0,22"},{"seq":"30","sqcand":"100001199876","n":"12000","nm":"CREUZA DA FAVERA","cc":"PDT","nv":" ","e":"n","st":"Suplente","dvt":"V\u00e1lido","vap":"13","pvap":"   0,18"},{"seq":"6","sqcand":"100001199879","n":"12333","nm":"DEUSANIRO","cc":"PDT","nv":" ","e":"s","st":"Eleito","dvt":"V\u00e1lido","vap":"351","pvap":"   4,79"},{"seq":"45","sqcand":"100000831215","n":"14888","nm":"JOSIMAR DO CERCADO","cc":"PTB","nv":" ","e":"n","st":"N\u00e3o eleito","dvt":"V\u00e1lido","vap":"8","pvap":"   0,11"},{"seq":"36","sqcand":"100000831538","n":"17777","nm":"PROFESSORA EUENE","cc":"PSL","nv":" ","e":"n","st":"N\u00e3o eleito","dvt":"V\u00e1lido","vap":"76","pvap":"   1,04"},{"seq":"2","sqcand":"100001199875","n":"12444","nm":"Z\u00c9 DE DEUS","cc":"PDT","nv":" ","e":"s","st":"Eleito","dvt":"V\u00e1lido","vap":"511","pvap":"   6,97"},{"seq":"23","sqcand":"100001046980","n":"65999","nm":"SUELENE","cc":"PC do B","nv":" ","e":"n","st":"Suplente","dvt":"V\u00e1lido","vap":"32","pvap":"   0,44"},{"seq":"34","sqcand":"100000831218","n":"14000","nm":"FRANCINILDO TORRES","cc":"PTB","nv":" ","e":"n","st":"N\u00e3o eleito","dvt":"V\u00e1lido","vap":"110","pvap":"   1,50"},{"seq":"48","sqcand":"100000831539","n":"17888","nm":"JUNINHO BRAGA","cc":"PSL","nv":" ","e":"n","st":"N\u00e3o eleito","dvt":"V\u00e1lido","vap":"2","pvap":"   0,03"},{"seq":"7","sqcand":"100001046983","n":"65444","nm":"CARRETA","cc":"PC do B","nv":" ","e":"s","st":"Eleito","dvt":"V\u00e1lido","vap":"329","pvap":"   4,49"},{"seq":"46","sqcand":"100000831221","n":"14111","nm":"CARECA","cc":"PTB","nv":" ","e":"n","st":"N\u00e3o eleito","dvt":"V\u00e1lido","vap":"7","pvap":"   0,10"},{"seq":"40","sqcand":"100001200805","n":"13484","nm":"MILAGRES DA COL\u00d4NIA","cc":"PT","nv":" ","e":"n","st":"N\u00e3o eleito","dvt":"V\u00e1lido","vap":"35","pvap":"   0,48"},{"seq":"29","sqcand":"100001199883","n":"12123","nm":"TA\u00cdS","cc":"PDT","nv":" ","e":"n","st":"Suplente","dvt":"V\u00e1lido","vap":"15","pvap":"   0,20"}]}
