{"ele":"426","tpabr":"mu","cdabr":"07803","carper":"13","t":"1","f":"o","dt":"16/11/2020","ht":"00:49:33","dv":"s","tf":"s","v":"9","esae":"n","mnae":"","s":"26","st":"26","pst":" 100,00","snt":"0","psnt":"   0,00","si":"26","psi":" 100,00","sni":"0","psni":"   0,00","sa":"26","psa":" 100,00","sna":"0","psna":"   0,00","e":"8328","ea":"8328","pea":" 100,00","ena":"0","pena":"   0,00","esi":"8328","pesi":" 100,00","esni":"0","pesni":"   0,00","c":"6741","pc":"  80,94","a":"1587","pa":"  19,06","vscv":"0","vnom":"6193","vl":"322","pvnom":"  95,06","pvl":"   4,94","vvc":"6515","pvvc":"  96,65","vb":"32","pvb":"   0,47","tvn":"194","ptvn":"   2,88","vn":"194","pvn":" 100,00","vnt":"0","pvnt":"   0,00","vp":"0","pvp":"   0,00","vv":"6515","pvv":" 100,00","van":"0","pvan":"   0,00","vansj":"0","pvansj":"   0,00","tv":"6741","cand":[{"seq":"13","sqcand":"100000733601","n":"25321","nm":"MARIA MACHADO","cc":"DEM","nv":" ","e":"n","st":"Suplente","dvt":"V\u00e1lido","vap":"170","pvap":"   2,61"},{"seq":"8","sqcand":"100000733602","n":"25123","nm":"FRANCELINO","cc":"DEM","nv":" ","e":"s","st":"Eleito","dvt":"V\u00e1lido","vap":"406","pvap":"   6,23"},{"seq":"5","sqcand":"100001013315","n":"22000","nm":"ROMARIO DO MEDIO","cc":"PL","nv":" ","e":"s","st":"Eleito","dvt":"V\u00e1lido","vap":"475","pvap":"   7,29"},{"seq":"4","sqcand":"100000733607","n":"25678","nm":"NETO ROLINS","cc":"DEM","nv":" ","e":"s","st":"Eleito","dvt":"V\u00e1lido","vap":"534","pvap":"   8,20"},{"seq":"18","sqcand":"100000733603","n":"25433","nm":"SOCORRINHA","cc":"DEM","nv":" ","e":"n","st":"Suplente","dvt":"V\u00e1lido","vap":"17","pvap":"   0,26"},{"seq":"1","sqcand":"100000733595","n":"25888","nm":"ZEZIN MI\u00daDO","cc":"DEM","nv":" ","e":"s","st":"Eleito","dvt":"V\u00e1lido","vap":"733","pvap":"  11,25"},{"seq":"20","sqcand":"100000733594","n":"25025","nm":"FERNANDA","cc":"DEM","nv":" ","e":"n","st":"Suplente","dvt":"V\u00e1lido","vap":"1","pvap":"   0,02"},{"seq":"11","sqcand":"100000733597","n":"25222","nm":"JAILSON BARBOSA","cc":"DEM","nv":" ","e":"n","st":"Suplente","dvt":"V\u00e1lido","vap":"378","pvap":"   5,80"},{"seq":"2","sqcand":"100000733599","n":"25000","nm":"DARIL FIDELES","cc":"DEM","nv":" ","e":"s","st":"Eleito","dvt":"V\u00e1lido","vap":"583","pvap":"   8,95"},{"seq":"12","sqcand":"100001013319","n":"22345","nm":"MARIANE DA MARIINHA","cc":"PL","nv":" ","e":"n","st":"Suplente","dvt":"V\u00e1lido","vap":"339","pvap":"   5,20"},{"seq":"7","sqcand":"100001013318","n":"22123","nm":"CLAUDIANA DO TURIA","cc":"PL","nv":" ","e":"s","st":"Eleito","dvt":"V\u00e1lido","vap":"456","pvap":"   7,00"},{"seq":"16","sqcand":"100000733604","n":"25255","nm":"IRENE BARBOSA","cc":"DEM","nv":" ","e":"n","st":"Suplente","dvt":"V\u00e1lido","vap":"27","pvap":"   0,41"},{"seq":"10","sqcand":"100001013320","n":"22224","nm":"ANANIAS ARAUJO","cc":"PL","nv":" ","e":"n","st":"Suplente","dvt":"V\u00e1lido","vap":"398","pvap":"   6,11"},{"seq":"17","sqcand":"100000733605","n":"25333","nm":"MANOEL DO NEL","cc":"DEM","nv":" ","e":"n","st":"Suplente","dvt":"V\u00e1lido","vap":"23","pvap":"   0,35"},{"seq":"3","sqcand":"100000733596","n":"25555","nm":"DIEGO FROTA","cc":"DEM","nv":" ","e":"s","st":"Eleito","dvt":"V\u00e1lido","vap":"568","pvap":"   8,72"},{"seq":"9","sqcand":"100001013316","n":"22223","nm":"JANDERLAN DO ALFREDO","cc":"PL","nv":" ","e":"s","st":"Eleito","dvt":"V\u00e1lido","vap":"398","pvap":"   6,11"},{"seq":"19","sqcand":"100000733598","n":"25111","nm":"REN\u00c1RIA","cc":"DEM","nv":" ","e":"n","st":"Suplente","dvt":"V\u00e1lido","vap":"9","pvap":"   0,14"},{"seq":"21","sqcand":"100001013422","n":"45000","nm":"RALMES - CAMBUDE","cc":"PSDB","nv":" ","e":"n","st":"N\u00e3o eleito","dvt":"V\u00e1lido","vap":"4","pvap":"   0,06"},{"seq":"6","sqcand":"100000733600","n":"25100","nm":"COR\u00d3","cc":"DEM","nv":" ","e":"s","st":"Eleito","dvt":"V\u00e1lido","vap":"473","pvap":"   7,26"},{"seq":"15","sqcand":"100000733606","n":"25896","nm":"JAIR DO ASSIS","cc":"DEM","nv":" ","e":"n","st":"Suplente","dvt":"V\u00e1lido","vap":"32","pvap":"   0,49"},{"seq":"14","sqcand":"100001013317","n":"22234","nm":"PANELA","cc":"PL","nv":" ","e":"n","st":"Suplente","dvt":"V\u00e1lido","vap":"169","pvap":"   2,59"}]}
