{"ele":"426","tpabr":"mu","cdabr":"07927","carper":"13","t":"1","f":"o","dt":"15/11/2020","ht":"23:58:00","dv":"s","tf":"s","v":"9","esae":"n","mnae":"","s":"25","st":"25","pst":" 100,00","snt":"0","psnt":"   0,00","si":"25","psi":" 100,00","sni":"0","psni":"   0,00","sa":"25","psa":" 100,00","sna":"0","psna":"   0,00","e":"7878","ea":"7878","pea":" 100,00","ena":"0","pena":"   0,00","esi":"7878","pesi":" 100,00","esni":"0","pesni":"   0,00","c":"6298","pc":"  79,94","a":"1580","pa":"  20,06","vscv":"0","vnom":"5897","vl":"213","pvnom":"  96,51","pvl":"   3,49","vvc":"6110","pvvc":"  97,01","vb":"33","pvb":"   0,53","tvn":"155","ptvn":"   2,46","vn":"147","pvn":"  94,84","vnt":"8","pvnt":"   5,16","vp":"0","pvp":"   0,00","vv":"6110","pvv":" 100,00","van":"0","pvan":"   0,00","vansj":"0","pvansj":"   0,00","tv":"6298","cand":[{"seq":"19","sqcand":"100000747628","n":"70333","nm":"VEINHA","cc":"AVANTE","nv":" ","e":"n","st":"Suplente","dvt":"V\u00e1lido","vap":"50","pvap":"   0,82"},{"seq":"34","sqcand":"100000862754","n":"50444","nm":"L\u00cdDIA","cc":"PSOL","nv":" ","e":"n","st":"N\u00e3o eleito","dvt":"V\u00e1lido","vap":"3","pvap":"   0,05"},{"seq":"3","sqcand":"100000750226","n":"22222","nm":"EDUARDO JUNIOR","cc":"PL","nv":" ","e":"s","st":"Eleito","dvt":"V\u00e1lido","vap":"495","pvap":"   8,10"},{"seq":"4","sqcand":"100000750231","n":"22999","nm":"ROGER DA PESCA","cc":"PL","nv":" ","e":"s","st":"Eleito","dvt":"V\u00e1lido","vap":"464","pvap":"   7,59"},{"seq":"18","sqcand":"100000750220","n":"22888","nm":"PROFESSOR PRETO","cc":"PL","nv":" ","e":"n","st":"Suplente","dvt":"V\u00e1lido","vap":"54","pvap":"   0,88"},{"seq":"15","sqcand":"100000750229","n":"22122","nm":"ROSILDA","cc":"PL","nv":" ","e":"n","st":"Suplente","dvt":"V\u00e1lido","vap":"112","pvap":"   1,83"},{"seq":"6","sqcand":"100000750230","n":"22000","nm":"ZEQUINHA DO TICO","cc":"PL","nv":" ","e":"s","st":"Eleito","dvt":"V\u00e1lido","vap":"427","pvap":"   6,99"},{"seq":"22","sqcand":"100000747636","n":"70777","nm":"ANA LICIA","cc":"AVANTE","nv":" ","e":"n","st":"Suplente","dvt":"V\u00e1lido","vap":"19","pvap":"   0,31"},{"seq":"8","sqcand":"100000747634","n":"70222","nm":"FOGOIO","cc":"AVANTE","nv":" ","e":"s","st":"Eleito","dvt":"V\u00e1lido","vap":"380","pvap":"   6,22"},{"seq":"25","sqcand":"100000862752","n":"50000","nm":"GORDO","cc":"PSOL","nv":" ","e":"n","st":"N\u00e3o eleito","dvt":"V\u00e1lido","vap":"36","pvap":"   0,59"},{"seq":"29","sqcand":"100000862749","n":"50555","nm":"MANOEL","cc":"PSOL","nv":" ","e":"n","st":"N\u00e3o eleito","dvt":"V\u00e1lido","vap":"9","pvap":"   0,15"},{"seq":"10","sqcand":"100000747627","n":"70000","nm":"BODE","cc":"AVANTE","nv":" ","e":"n","st":"Suplente","dvt":"V\u00e1lido","vap":"326","pvap":"   5,34"},{"seq":"27","sqcand":"100000862753","n":"50123","nm":"SANTINHO","cc":"PSOL","nv":" ","e":"n","st":"N\u00e3o eleito","dvt":"V\u00e1lido","vap":"12","pvap":"   0,20"},{"seq":"23","sqcand":"100000750225","n":"22223","nm":"NEGUINHO DA MADEIRA","cc":"PL","nv":" ","e":"n","st":"Suplente","dvt":"V\u00e1lido","vap":"13","pvap":"   0,21"},{"seq":"16","sqcand":"100000750221","n":"22123","nm":"EVA VILMA","cc":"PL","nv":" ","e":"n","st":"Suplente","dvt":"V\u00e1lido","vap":"76","pvap":"   1,24"},{"seq":"33","sqcand":"100000862755","n":"50115","nm":"PED\u00c3O","cc":"PSOL","nv":" ","e":"n","st":"N\u00e3o eleito","dvt":"V\u00e1lido","vap":"3","pvap":"   0,05"},{"seq":"30","sqcand":"100000862750","n":"50222","nm":"PATHY","cc":"PSOL","nv":" ","e":"n","st":"N\u00e3o eleito","dvt":"V\u00e1lido","vap":"7","pvap":"   0,11"},{"seq":"32","sqcand":"100000968991","n":"13555","nm":"BERNARDO","cc":"PT","nv":" ","e":"n","st":"N\u00e3o eleito","dvt":"V\u00e1lido","vap":"4","pvap":"   0,07"},{"seq":"26","sqcand":"100000862751","n":"50333","nm":"ALCILENE LIMA","cc":"PSOL","nv":" ","e":"n","st":"N\u00e3o eleito","dvt":"V\u00e1lido","vap":"15","pvap":"   0,25"},{"seq":"9","sqcand":"100000750228","n":"22444","nm":"SESE KA&apos;APOR","cc":"PL","nv":" ","e":"s","st":"Eleito","dvt":"V\u00e1lido","vap":"304","pvap":"   4,98"},{"seq":"5","sqcand":"100000747635","n":"70123","nm":"TARCISIO","cc":"AVANTE","nv":" ","e":"s","st":"Eleito","dvt":"V\u00e1lido","vap":"443","pvap":"   7,25"},{"seq":"12","sqcand":"100000750223","n":"22333","nm":"HILDENER SOUSA","cc":"PL","nv":" ","e":"n","st":"Suplente","dvt":"V\u00e1lido","vap":"239","pvap":"   3,91"},{"seq":"7","sqcand":"100000747629","n":"70111","nm":"ANTONIO BARBEIRO","cc":"AVANTE","nv":" ","e":"s","st":"Eleito","dvt":"V\u00e1lido","vap":"410","pvap":"   6,71"},{"seq":"28","sqcand":"100000968990","n":"13111","nm":"PABLO PUBLICIDADE","cc":"PT","nv":" ","e":"n","st":"N\u00e3o eleito","dvt":"V\u00e1lido","vap":"10","pvap":"   0,16"},{"seq":"21","sqcand":"100000747630","n":"70444","nm":"DICO GAVIAO","cc":"AVANTE","nv":" ","e":"n","st":"Suplente","dvt":"V\u00e1lido","vap":"31","pvap":"   0,51"},{"seq":"1","sqcand":"100000747631","n":"70888","nm":"JADSON MACEDO","cc":"AVANTE","nv":" ","e":"s","st":"Eleito","dvt":"V\u00e1lido","vap":"679","pvap":"  11,11"},{"seq":"13","sqcand":"100000750224","n":"22422","nm":"FRANCISQUINHO","cc":"PL","nv":" ","e":"n","st":"Suplente","dvt":"V\u00e1lido","vap":"140","pvap":"   2,29"},{"seq":"14","sqcand":"100000750227","n":"22111","nm":"JONATHAN BAMBINO","cc":"PL","nv":" ","e":"n","st":"Suplente","dvt":"V\u00e1lido","vap":"115","pvap":"   1,88"},{"seq":"17","sqcand":"100000747632","n":"70223","nm":"BAIXADEIRA","cc":"AVANTE","nv":" ","e":"n","st":"Suplente","dvt":"V\u00e1lido","vap":"73","pvap":"   1,19"},{"seq":"2","sqcand":"100000747633","n":"70555","nm":"CHIQUINHO","cc":"AVANTE","nv":" ","e":"s","st":"Eleito","dvt":"V\u00e1lido","vap":"563","pvap":"   9,21"},{"seq":"11","sqcand":"100000750222","n":"22555","nm":"ELIZETH DO SESP","cc":"PL","nv":" ","e":"n","st":"Suplente","dvt":"V\u00e1lido","vap":"278","pvap":"   4,55"},{"seq":"24","sqcand":"100000862748","n":"50111","nm":"BARATA","cc":"PSOL","nv":" ","e":"n","st":"N\u00e3o eleito","dvt":"V\u00e1lido","vap":"69","pvap":"   1,13"},{"seq":"31","sqcand":"100000968989","n":"13000","nm":"IRM\u00c3 LUCIA","cc":"PT","nv":" ","e":"n","st":"N\u00e3o eleito","dvt":"V\u00e1lido","vap":"4","pvap":"   0,07"},{"seq":"20","sqcand":"100000750232","n":"22251","nm":"MARQUINHO DO A\u00c7AI","cc":"PL","nv":" ","e":"n","st":"Suplente","dvt":"V\u00e1lido","vap":"34","pvap":"   0,56"}]}
