{"ele":"426","tpabr":"mu","cdabr":"07951","carper":"13","t":"1","f":"o","dt":"15/11/2020","ht":"22:40:57","dv":"s","tf":"s","v":"9","esae":"n","mnae":"","s":"31","st":"31","pst":" 100,00","snt":"0","psnt":"   0,00","si":"31","psi":" 100,00","sni":"0","psni":"   0,00","sa":"31","psa":" 100,00","sna":"0","psna":"   0,00","e":"9185","ea":"9185","pea":" 100,00","ena":"0","pena":"   0,00","esi":"9185","pesi":" 100,00","esni":"0","pesni":"   0,00","c":"7504","pc":"  81,70","a":"1681","pa":"  18,30","vscv":"0","vnom":"6789","vl":"340","pvnom":"  95,23","pvl":"   4,77","vvc":"7133","pvvc":"  95,06","vb":"119","pvb":"   1,58","tvn":"252","ptvn":"   3,36","vn":"252","pvn":" 100,00","vnt":"0","pvnt":"   0,00","vp":"0","pvp":"   0,00","vv":"7129","pvv":"  99,94","van":"0","pvan":"   0,00","vansj":"4","pvansj":"   0,06","tv":"7504","cand":[{"seq":"24","sqcand":"100001198242","n":"20120","nm":"Z\u00c9 CARLOS","cc":"PSC","nv":" ","e":"n","st":"Suplente","dvt":"V\u00e1lido","vap":"90","pvap":"   1,26"},{"seq":"30","sqcand":"100001198241","n":"20017","nm":"MACACO ADAILSON","cc":"PSC","nv":" ","e":"n","st":"Suplente","dvt":"V\u00e1lido","vap":"48","pvap":"   0,67"},{"seq":"26","sqcand":"100001194186","n":"22222","nm":"EDINHO","cc":"PL","nv":" ","e":"n","st":"Suplente","dvt":"V\u00e1lido","vap":"73","pvap":"   1,02"},{"seq":"1","sqcand":"100000734862","n":"43777","nm":"MAGNO DO CUM\u00c3","cc":"PV","nv":" ","e":"s","st":"Eleito","dvt":"V\u00e1lido","vap":"561","pvap":"   7,86"},{"seq":"3","sqcand":"100001194184","n":"22345","nm":"KRISBELY FERREIRA","cc":"PL","nv":" ","e":"s","st":"Eleito","dvt":"V\u00e1lido","vap":"372","pvap":"   5,22"},{"seq":"9","sqcand":"100000734713","n":"12000","nm":"Z\u00c9 BOCA","cc":"PDT","nv":" ","e":"s","st":"Eleito","dvt":"V\u00e1lido","vap":"179","pvap":"   2,51"},{"seq":"70","sqcand":"100001197123","n":"40123","nm":"EZEQUIAS","cc":"PSB","nv":" ","e":"n","st":"N\u00e3o eleito","dvt":"V\u00e1lido","vap":"34","pvap":"   0,48"},{"seq":"16","sqcand":"100001235761","n":"13000","nm":"ERNANE FILHO","cc":"PT","nv":" ","e":"n","st":"Suplente","dvt":"V\u00e1lido","vap":"133","pvap":"   1,86"},{"seq":"73","sqcand":"100000734643","n":"14444","nm":"LENILCE","cc":"PTB","nv":" ","e":"n","st":"N\u00e3o eleito","dvt":"V\u00e1lido","vap":"19","pvap":"   0,27"},{"seq":"74","sqcand":"100001197113","n":"40222","nm":"SILVANOR DO ESPORTE","cc":"PSB","nv":" ","e":"n","st":"N\u00e3o eleito","dvt":"V\u00e1lido","vap":"14","pvap":"   0,20"},{"seq":"21","sqcand":"100001235762","n":"13222","nm":"PAULINO JUNIOR","cc":"PT","nv":" ","e":"n","st":"Suplente","dvt":"V\u00e1lido","vap":"108","pvap":"   1,51"},{"seq":"58","sqcand":"100000734866","n":"43666","nm":"NUBIA PONTES","cc":"PV","nv":" ","e":"n","st":"Suplente","dvt":"V\u00e1lido","vap":"1","pvap":"   0,01"},{"seq":"6","sqcand":"100000926159","n":"10123","nm":"JACKENILSON GOULART","cc":"REPUBLICANOS","nv":" ","e":"s","st":"Eleito","dvt":"V\u00e1lido","vap":"255","pvap":"   3,57"},{"seq":"19","sqcand":"100000926161","n":"10000","nm":"IZAMARIO","cc":"REPUBLICANOS","nv":" ","e":"n","st":"Suplente","dvt":"V\u00e1lido","vap":"127","pvap":"   1,78"},{"seq":"29","sqcand":"100001198244","n":"20345","nm":"CORUJA","cc":"PSC","nv":" ","e":"n","st":"Suplente","dvt":"V\u00e1lido","vap":"62","pvap":"   0,87"},{"seq":"14","sqcand":"100000734714","n":"12345","nm":"IRM\u00c3O RICARDO","cc":"PDT","nv":" ","e":"n","st":"Suplente","dvt":"V\u00e1lido","vap":"141","pvap":"   1,98"},{"seq":"55","sqcand":"100001198243","n":"20456","nm":"NEURACI","cc":"PSC","nv":" ","e":"n","st":"Suplente","dvt":"V\u00e1lido","vap":"4","pvap":"   0,06"},{"seq":"48","sqcand":"100001198245","n":"20000","nm":"NHONHO FERRAZ","cc":"PSC","nv":" ","e":"n","st":"Suplente","dvt":"V\u00e1lido","vap":"11","pvap":"   0,15"},{"seq":"78","sqcand":"100001197114","n":"40789","nm":"LORRANE","cc":"PSB","nv":" ","e":"n","st":"N\u00e3o eleito","dvt":"V\u00e1lido","vap":"8","pvap":"   0,11"},{"seq":"32","sqcand":"100000734710","n":"12111","nm":"ARINALDO DA AMBUL\u00c2NCIA","cc":"PDT","nv":" ","e":"n","st":"Suplente","dvt":"V\u00e1lido","vap":"46","pvap":"   0,64"},{"seq":"53","sqcand":"100001195847","n":"90456","nm":"MARGARIDA","cc":"PROS","nv":" ","e":"n","st":"Suplente","dvt":"V\u00e1lido","vap":"6","pvap":"   0,08"},{"seq":"50","sqcand":"100001194185","n":"22444","nm":"MARILURDES","cc":"PL","nv":" ","e":"n","st":"Suplente","dvt":"V\u00e1lido","vap":"10","pvap":"   0,14"},{"seq":"8","sqcand":"100001198236","n":"20123","nm":"BEATRIZ CUNHA","cc":"PSC","nv":" ","e":"s","st":"Eleito","dvt":"V\u00e1lido","vap":"200","pvap":"   2,80"},{"seq":"4","sqcand":"100001195848","n":"90123","nm":"ANDERSON AVELAR","cc":"PROS","nv":" ","e":"s","st":"Eleito","dvt":"V\u00e1lido","vap":"292","pvap":"   4,09"},{"seq":"22","sqcand":"100001198239","n":"20555","nm":"ARTURZINHO","cc":"PSC","nv":" ","e":"n","st":"Suplente","dvt":"V\u00e1lido","vap":"100","pvap":"   1,40"},{"seq":"15","sqcand":"100000734863","n":"43123","nm":"CAF\u00c9 DA CAPOEIRA","cc":"PV","nv":" ","e":"n","st":"Suplente","dvt":"V\u00e1lido","vap":"135","pvap":"   1,89"},{"seq":"28","sqcand":"100000734702","n":"12012","nm":"MACH\u00c3O","cc":"PDT","nv":" ","e":"n","st":"Suplente","dvt":"V\u00e1lido","vap":"63","pvap":"   0,88"},{"seq":"61","sqcand":"100000734857","n":"51051","nm":"ALIBEL","cc":"PATRIOTA","nv":" ","e":"n","st":"N\u00e3o eleito","dvt":"V\u00e1lido","vap":"109","pvap":"   1,53"},{"seq":"59","sqcand":"100001197115","n":"40456","nm":"MIZAEL BARROS","cc":"PSB","nv":" ","e":"n","st":"N\u00e3o eleito","dvt":"V\u00e1lido","vap":"163","pvap":"   2,29"},{"seq":"43","sqcand":"100000926158","n":"10222","nm":"ROGERIO AGUIAR","cc":"REPUBLICANOS","nv":" ","e":"n","st":"Suplente","dvt":"V\u00e1lido","vap":"21","pvap":"   0,29"},{"seq":"77","sqcand":"100000734645","n":"14222","nm":"VALERIA","cc":"PTB","nv":" ","e":"n","st":"N\u00e3o eleito","dvt":"V\u00e1lido","vap":"9","pvap":"   0,13"},{"seq":"10","sqcand":"100001195845","n":"90234","nm":"ALTEMAR TAVARES","cc":"PROS","nv":" ","e":"n","st":"Suplente","dvt":"V\u00e1lido","vap":"214","pvap":"   3,00"},{"seq":"72","sqcand":"100000734644","n":"14123","nm":"VALBER DO LANCHE","cc":"PTB","nv":" ","e":"n","st":"N\u00e3o eleito","dvt":"V\u00e1lido","vap":"22","pvap":"   0,31"},{"seq":"27","sqcand":"100001235768","n":"13111","nm":"ADIEL","cc":"PT","nv":" ","e":"n","st":"Suplente","dvt":"V\u00e1lido","vap":"71","pvap":"   1,00"},{"seq":"39","sqcand":"100000926157","n":"10500","nm":"VICENTE PIMENTA","cc":"REPUBLICANOS","nv":" ","e":"n","st":"Suplente","dvt":"V\u00e1lido","vap":"26","pvap":"   0,36"},{"seq":"49","sqcand":"100001194190","n":"22221","nm":"ARNALDO PONTES","cc":"PL","nv":" ","e":"n","st":"Suplente","dvt":"V\u00e1lido","vap":"10","pvap":"   0,14"},{"seq":"18","sqcand":"100001198237","n":"20134","nm":"CLAUDIO JULIO","cc":"PSC","nv":" ","e":"n","st":"Suplente","dvt":"V\u00e1lido","vap":"128","pvap":"   1,79"},{"seq":"40","sqcand":"100001195846","n":"90789","nm":"ALCIONE","cc":"PROS","nv":" ","e":"n","st":"Suplente","dvt":"V\u00e1lido","vap":"25","pvap":"   0,35"},{"seq":"23","sqcand":"100000734707","n":"12555","nm":"CARLOS MENDES","cc":"PDT","nv":" ","e":"n","st":"Suplente","dvt":"V\u00e1lido","vap":"92","pvap":"   1,29"},{"seq":"57","sqcand":"100000926156","n":"10100","nm":"ALCYNETH","cc":"REPUBLICANOS","nv":" ","e":"n","st":"Suplente","dvt":"V\u00e1lido","vap":"2","pvap":"   0,03"},{"seq":"68","sqcand":"100001197119","n":"40444","nm":"TANINHA DO PUCA","cc":"PSB","nv":" ","e":"n","st":"N\u00e3o eleito","dvt":"V\u00e1lido","vap":"41","pvap":"   0,57"},{"seq":"2","sqcand":"100000734711","n":"12123","nm":"JENILLE BRITO","cc":"PDT","nv":" ","e":"s","st":"Eleito","dvt":"V\u00e1lido","vap":"479","pvap":"   6,72"},{"seq":"20","sqcand":"100000926160","n":"10456","nm":"PROF&#186; BATISTA","cc":"REPUBLICANOS","nv":" ","e":"n","st":"Suplente","dvt":"V\u00e1lido","vap":"109","pvap":"   1,53"},{"seq":"35","sqcand":"100001194187","n":"22000","nm":"BUIU DO HOTEL","cc":"PL","nv":" ","e":"n","st":"Suplente","dvt":"V\u00e1lido","vap":"37","pvap":"   0,52"},{"seq":"47","sqcand":"100000734708","n":"12343","nm":"RAFAEL","cc":"PDT","nv":" ","e":"n","st":"Suplente","dvt":"V\u00e1lido","vap":"14","pvap":"   0,20"},{"seq":"76","sqcand":"100001197117","n":"40234","nm":"NAN\u00c1 POLICIA","cc":"PSB","nv":" ","e":"n","st":"N\u00e3o eleito","dvt":"V\u00e1lido","vap":"9","pvap":"   0,13"},{"seq":"65","sqcand":"100000653860","n":"65123","nm":"IAGO","cc":"PC do B","nv":" ","e":"n","st":"N\u00e3o eleito","dvt":"V\u00e1lido","vap":"53","pvap":"   0,74"},{"seq":"56","sqcand":"100001194188","n":"22111","nm":"THALITA","cc":"PL","nv":" ","e":"n","st":"Suplente","dvt":"V\u00e1lido","vap":"4","pvap":"   0,06"},{"seq":"71","sqcand":"100001197120","n":"40000","nm":"ELIO DO GENIPAUBA","cc":"PSB","nv":" ","e":"n","st":"N\u00e3o eleito","dvt":"V\u00e1lido","vap":"28","pvap":"   0,39"},{"seq":"34","sqcand":"100001235765","n":"13777","nm":"PROFESSORA MARGATRETH SALES","cc":"PT","nv":" ","e":"n","st":"Suplente","dvt":"V\u00e1lido","vap":"38","pvap":"   0,53"},{"seq":"37","sqcand":"100000734709","n":"12777","nm":"ANILSON LOUZEIRO","cc":"PDT","nv":" ","e":"n","st":"Suplente","dvt":"V\u00e1lido","vap":"34","pvap":"   0,48"},{"seq":"67","sqcand":"100000653862","n":"65000","nm":"NH\u00d4 J\u00d3","cc":"PC do B","nv":" ","e":"n","st":"N\u00e3o eleito","dvt":"V\u00e1lido","vap":"50","pvap":"   0,70"},{"seq":"7","sqcand":"100001235764","n":"13444","nm":"PROFESSORA JOSANA MARTINS","cc":"PT","nv":" ","e":"s","st":"Eleito","dvt":"V\u00e1lido","vap":"201","pvap":"   2,82"},{"seq":"13","sqcand":"100000734867","n":"43000","nm":"VALMIR GOULART","cc":"PV","nv":" ","e":"n","st":"Suplente","dvt":"V\u00e1lido","vap":"163","pvap":"   2,29"},{"seq":"44","sqcand":"100001235763","n":"13333","nm":"RONY","cc":"PT","nv":" ","e":"n","st":"Suplente","dvt":"V\u00e1lido","vap":"19","pvap":"   0,27"},{"seq":"60","sqcand":"100000734858","n":"51000","nm":"KAC\u00c1 DA RADIO","cc":"PATRIOTA","nv":" ","e":"n","st":"N\u00e3o eleito","dvt":"V\u00e1lido","vap":"142","pvap":"   1,99"},{"seq":"38","sqcand":"100000926162","n":"10333","nm":"IRM\u00c3 INALDICE ","cc":"REPUBLICANOS","nv":" ","e":"n","st":"Suplente","dvt":"V\u00e1lido","vap":"33","pvap":"   0,46"},{"seq":"25","sqcand":"100001194183","n":"22333","nm":"IVONILSON SCHALCHER","cc":"PL","nv":" ","e":"n","st":"Suplente","dvt":"V\u00e1lido","vap":"81","pvap":"   1,14"},{"seq":"46","sqcand":"100001194189","n":"22123","nm":"ULISSES GUIMAR\u00c3ES","cc":"PL","nv":" ","e":"n","st":"Suplente","dvt":"V\u00e1lido","vap":"14","pvap":"   0,20"},{"seq":"45","sqcand":"100000734703","n":"12666","nm":"RUIVAN","cc":"PDT","nv":" ","e":"n","st":"Suplente","dvt":"V\u00e1lido","vap":"18","pvap":"   0,25"},{"seq":"5","sqcand":"100000734706","n":"12333","nm":"ANA LUIZA","cc":"PDT","nv":" ","e":"s","st":"Eleito","dvt":"V\u00e1lido","vap":"265","pvap":"   3,72"},{"seq":"51","sqcand":"100000926163","n":"10110","nm":"DINALVA","cc":"REPUBLICANOS","nv":" ","e":"n","st":"Suplente","dvt":"V\u00e1lido","vap":"9","pvap":"   0,13"},{"seq":"33","sqcand":"100001235760","n":"13123","nm":"IRM\u00c3 LILIAN","cc":"PT","nv":" ","e":"n","st":"Suplente","dvt":"V\u00e1lido","vap":"39","pvap":"   0,55"},{"seq":"17","sqcand":"100000734704","n":"12222","nm":"AGUIDA","cc":"PDT","nv":" ","e":"n","st":"Suplente","dvt":"V\u00e1lido","vap":"132","pvap":"   1,85"},{"seq":"54","sqcand":"100000734865","n":"43555","nm":"ALCELINA","cc":"PV","nv":" ","e":"n","st":"Suplente","dvt":"V\u00e1lido","vap":"5","pvap":"   0,07"},{"seq":"69","sqcand":"100001197112","n":"40040","nm":"JORSIEL DO S\u00c3O JO\u00c3O","cc":"PSB","nv":" ","e":"n","st":"N\u00e3o eleito","dvt":"V\u00e1lido","vap":"41","pvap":"   0,57"},{"seq":"79","sqcand":"100001197116","n":"40333","nm":"ARIDELMO","cc":"PSB","nv":" ","e":"n","st":"N\u00e3o eleito","dvt":"Anulado sub judice","vap":"4","pvap":"   0,06"},{"seq":"36","sqcand":"100001195844","n":"90000","nm":"LUZIVALDO RABELO","cc":"PROS","nv":" ","e":"n","st":"Suplente","dvt":"V\u00e1lido","vap":"35","pvap":"   0,49"},{"seq":"64","sqcand":"100000653861","n":"65555","nm":"MILITANA","cc":"PC do B","nv":" ","e":"n","st":"N\u00e3o eleito","dvt":"V\u00e1lido","vap":"59","pvap":"   0,83"},{"seq":"41","sqcand":"100000734705","n":"12611","nm":"ROSA CAMPOS","cc":"PDT","nv":" ","e":"n","st":"Suplente","dvt":"V\u00e1lido","vap":"23","pvap":"   0,32"},{"seq":"62","sqcand":"100000734856","n":"51123","nm":"PROFESSORA ISABEL","cc":"PATRIOTA","nv":" ","e":"n","st":"N\u00e3o eleito","dvt":"V\u00e1lido","vap":"81","pvap":"   1,14"},{"seq":"31","sqcand":"100001198240","n":"20333","nm":"DI\u00d3","cc":"PSC","nv":" ","e":"n","st":"Suplente","dvt":"V\u00e1lido","vap":"48","pvap":"   0,67"},{"seq":"66","sqcand":"100001197118","n":"40345","nm":"GENIVALDO","cc":"PSB","nv":" ","e":"n","st":"N\u00e3o eleito","dvt":"V\u00e1lido","vap":"52","pvap":"   0,73"},{"seq":"75","sqcand":"100001197124","n":"40111","nm":"ADRIANO","cc":"PSB","nv":" ","e":"n","st":"N\u00e3o eleito","dvt":"V\u00e1lido","vap":"14","pvap":"   0,20"},{"seq":"52","sqcand":"100001198238","n":"20789","nm":"NARDJARA AVELAR","cc":"PSC","nv":" ","e":"n","st":"Suplente","dvt":"V\u00e1lido","vap":"9","pvap":"   0,13"},{"seq":"11","sqcand":"100000734864","n":"43333","nm":"CESAR RIBEIRO","cc":"PV","nv":" ","e":"n","st":"Suplente","dvt":"V\u00e1lido","vap":"175","pvap":"   2,45"},{"seq":"63","sqcand":"100001197122","n":"40321","nm":"VANESSA LOUZEIRO","cc":"PSB","nv":" ","e":"n","st":"N\u00e3o eleito","dvt":"V\u00e1lido","vap":"62","pvap":"   0,87"},{"seq":"12","sqcand":"100000734712","n":"12377","nm":"ALFREDO","cc":"PDT","nv":" ","e":"n","st":"Suplente","dvt":"V\u00e1lido","vap":"166","pvap":"   2,33"},{"seq":"42","sqcand":"100001235766","n":"13555","nm":"PROFESSORA JADNA","cc":"PT","nv":" ","e":"n","st":"Suplente","dvt":"V\u00e1lido","vap":"23","pvap":"   0,32"}]}
