{"ele":"426","tpabr":"mu","cdabr":"08060","carper":"13","t":"1","f":"o","dt":"15/11/2020","ht":"23:27:02","dv":"s","tf":"s","v":"11","esae":"n","mnae":"","s":"56","st":"56","pst":" 100,00","snt":"0","psnt":"   0,00","si":"56","psi":" 100,00","sni":"0","psni":"   0,00","sa":"56","psa":" 100,00","sna":"0","psna":"   0,00","e":"18405","ea":"18405","pea":" 100,00","ena":"0","pena":"   0,00","esi":"18405","pesi":" 100,00","esni":"0","pesni":"   0,00","c":"14448","pc":"  78,50","a":"3957","pa":"  21,50","vscv":"0","vnom":"13062","vl":"893","pvnom":"  93,60","pvl":"   6,40","vvc":"13955","pvvc":"  96,59","vb":"75","pvb":"   0,52","tvn":"418","ptvn":"   2,89","vn":"418","pvn":" 100,00","vnt":"0","pvnt":"   0,00","vp":"0","pvp":"   0,00","vv":"13955","pvv":" 100,00","van":"0","pvan":"   0,00","vansj":"0","pvansj":"   0,00","tv":"14448","cand":[{"seq":"57","sqcand":"100000926677","n":"12555","nm":"SUELI DA RADIO","cc":"PDT","nv":" ","e":"n","st":"Suplente","dvt":"V\u00e1lido","vap":"27","pvap":"   0,19"},{"seq":"16","sqcand":"100000822994","n":"51000","nm":"ROBERTO MARQUES","cc":"PATRIOTA","nv":" ","e":"n","st":"Suplente","dvt":"V\u00e1lido","vap":"298","pvap":"   2,14"},{"seq":"4","sqcand":"100000822998","n":"51234","nm":"MAGNO JARDEL","cc":"PATRIOTA","nv":" ","e":"s","st":"Eleito","dvt":"V\u00e1lido","vap":"486","pvap":"   3,48"},{"seq":"71","sqcand":"100001184955","n":"11333","nm":"Z\u00c9 FILHO","cc":"PP","nv":" ","e":"n","st":"N\u00e3o eleito","dvt":"V\u00e1lido","vap":"64","pvap":"   0,46"},{"seq":"49","sqcand":"100001190201","n":"70136","nm":"MOCINHA DO BAIRRO NOVO","cc":"AVANTE","nv":" ","e":"n","st":"Suplente","dvt":"V\u00e1lido","vap":"64","pvap":"   0,46"},{"seq":"67","sqcand":"100001191766","n":"35222","nm":"DOMINGUINHOS DE ALBINO","cc":"PMB","nv":" ","e":"n","st":"N\u00e3o eleito","dvt":"V\u00e1lido","vap":"139","pvap":"   1,00"},{"seq":"36","sqcand":"100001189962","n":"22322","nm":"DENISE DE NITA","cc":"PL","nv":" ","e":"n","st":"Suplente","dvt":"V\u00e1lido","vap":"135","pvap":"   0,97"},{"seq":"60","sqcand":"100000822761","n":"65465","nm":"IRACEMA LUZ","cc":"PC do B","nv":" ","e":"n","st":"Suplente","dvt":"V\u00e1lido","vap":"20","pvap":"   0,14"},{"seq":"59","sqcand":"100001190208","n":"70777","nm":"KIKO","cc":"AVANTE","nv":" ","e":"n","st":"Suplente","dvt":"V\u00e1lido","vap":"23","pvap":"   0,16"},{"seq":"42","sqcand":"100001274792","n":"12123","nm":"NETA QUADROS","cc":"PDT","nv":" ","e":"n","st":"Suplente","dvt":"V\u00e1lido","vap":"93","pvap":"   0,67"},{"seq":"2","sqcand":"100000822751","n":"65789","nm":"JUNIOR DE TIAGO","cc":"PC do B","nv":" ","e":"s","st":"Eleito","dvt":"V\u00e1lido","vap":"490","pvap":"   3,51"},{"seq":"30","sqcand":"100001189961","n":"22000","nm":"LEONDAS DO RIO DOS PEIXES","cc":"PL","nv":" ","e":"n","st":"Suplente","dvt":"V\u00e1lido","vap":"185","pvap":"   1,33"},{"seq":"52","sqcand":"100000823002","n":"51333","nm":"MARINE FERREIRA","cc":"PATRIOTA","nv":" ","e":"n","st":"Suplente","dvt":"V\u00e1lido","vap":"41","pvap":"   0,29"},{"seq":"40","sqcand":"100000926681","n":"12333","nm":"SOCORRO","cc":"PDT","nv":" ","e":"n","st":"Suplente","dvt":"V\u00e1lido","vap":"108","pvap":"   0,77"},{"seq":"73","sqcand":"100001184946","n":"11234","nm":"IRM\u00c3 ELIENE","cc":"PP","nv":" ","e":"n","st":"N\u00e3o eleito","dvt":"V\u00e1lido","vap":"28","pvap":"   0,20"},{"seq":"76","sqcand":"100001184948","n":"11444","nm":"NAT\u00c1LIA","cc":"PP","nv":" ","e":"n","st":"N\u00e3o eleito","dvt":"V\u00e1lido","vap":"11","pvap":"   0,08"},{"seq":"58","sqcand":"100000823005","n":"51051","nm":"PRETINHA DO ONZE","cc":"PATRIOTA","nv":" ","e":"n","st":"Suplente","dvt":"V\u00e1lido","vap":"25","pvap":"   0,18"},{"seq":"17","sqcand":"100001190207","n":"70789","nm":"PUNHO","cc":"AVANTE","nv":" ","e":"n","st":"Suplente","dvt":"V\u00e1lido","vap":"286","pvap":"   2,05"},{"seq":"12","sqcand":"100000822756","n":"65777","nm":"MANOEL DO BAIRRO","cc":"PC do B","nv":" ","e":"n","st":"Suplente","dvt":"V\u00e1lido","vap":"355","pvap":"   2,54"},{"seq":"25","sqcand":"100001189966","n":"22123","nm":"ANT\u00d4NIO RAPOSINHA","cc":"PL","nv":" ","e":"n","st":"Suplente","dvt":"V\u00e1lido","vap":"200","pvap":"   1,43"},{"seq":"27","sqcand":"100001190200","n":"70369","nm":"SERRINHA","cc":"AVANTE","nv":" ","e":"n","st":"Suplente","dvt":"V\u00e1lido","vap":"196","pvap":"   1,40"},{"seq":"69","sqcand":"100001191765","n":"35123","nm":"GEORGE BARROS","cc":"PMB","nv":" ","e":"n","st":"N\u00e3o eleito","dvt":"V\u00e1lido","vap":"83","pvap":"   0,59"},{"seq":"79","sqcand":"100001191767","n":"35678","nm":"IONEDE CAMPOS","cc":"PMB","nv":" ","e":"n","st":"N\u00e3o eleito","dvt":"V\u00e1lido","vap":"0","pvap":"00.00"},{"seq":"51","sqcand":"100000926680","n":"12456","nm":"TOTO","cc":"PDT","nv":" ","e":"n","st":"Suplente","dvt":"V\u00e1lido","vap":"56","pvap":"   0,40"},{"seq":"44","sqcand":"100000822992","n":"51678","nm":"EDENILSON SONHADOR","cc":"PATRIOTA","nv":" ","e":"n","st":"Suplente","dvt":"V\u00e1lido","vap":"77","pvap":"   0,55"},{"seq":"10","sqcand":"100001190202","n":"70888","nm":"CHAGUINHA","cc":"AVANTE","nv":" ","e":"s","st":"Eleito","dvt":"V\u00e1lido","vap":"376","pvap":"   2,69"},{"seq":"28","sqcand":"100000822760","n":"65321","nm":"PROFESSOR DEJACI","cc":"PC do B","nv":" ","e":"n","st":"Suplente","dvt":"V\u00e1lido","vap":"192","pvap":"   1,38"},{"seq":"54","sqcand":"100000822759","n":"65555","nm":"PROFESSORA ROSEANE","cc":"PC do B","nv":" ","e":"n","st":"Suplente","dvt":"V\u00e1lido","vap":"35","pvap":"   0,25"},{"seq":"6","sqcand":"100000823004","n":"51111","nm":"NIVALDO RAMOS","cc":"PATRIOTA","nv":" ","e":"s","st":"Eleito","dvt":"V\u00e1lido","vap":"451","pvap":"   3,23"},{"seq":"7","sqcand":"100000823000","n":"51345","nm":"THALISON DE RIBA ROOTS","cc":"PATRIOTA","nv":" ","e":"s","st":"Eleito","dvt":"V\u00e1lido","vap":"416","pvap":"   2,98"},{"seq":"15","sqcand":"100000822993","n":"51123","nm":"ADAILSON JUNIOR","cc":"PATRIOTA","nv":" ","e":"n","st":"Suplente","dvt":"V\u00e1lido","vap":"304","pvap":"   2,18"},{"seq":"5","sqcand":"100001189965","n":"22999","nm":"DIVINA BURANGA","cc":"PL","nv":" ","e":"s","st":"Eleito","dvt":"V\u00e1lido","vap":"465","pvap":"   3,33"},{"seq":"61","sqcand":"100000822999","n":"51012","nm":"PRISCILA BORGES","cc":"PATRIOTA","nv":" ","e":"n","st":"Suplente","dvt":"V\u00e1lido","vap":"19","pvap":"   0,14"},{"seq":"11","sqcand":"100001190205","n":"70000","nm":"IN\u00caS MORAES","cc":"AVANTE","nv":" ","e":"s","st":"Eleito","dvt":"V\u00e1lido","vap":"369","pvap":"   2,64"},{"seq":"64","sqcand":"100000822755","n":"65000","nm":"NALDINHO RODRIGUES","cc":"PC do B","nv":" ","e":"n","st":"Suplente","dvt":"V\u00e1lido","vap":"2","pvap":"   0,01"},{"seq":"8","sqcand":"100000926678","n":"12000","nm":"PEDRO DE DOUTOR","cc":"PDT","nv":" ","e":"s","st":"Eleito","dvt":"V\u00e1lido","vap":"385","pvap":"   2,76"},{"seq":"38","sqcand":"100001189968","n":"22789","nm":"ROS\u00c1RIO DO FALA S\u00d3","cc":"PL","nv":" ","e":"n","st":"Suplente","dvt":"V\u00e1lido","vap":"125","pvap":"   0,90"},{"seq":"34","sqcand":"100000822753","n":"65369","nm":"ESEQUIAS DE BAGRE","cc":"PC do B","nv":" ","e":"n","st":"Suplente","dvt":"V\u00e1lido","vap":"156","pvap":"   1,12"},{"seq":"19","sqcand":"100000823001","n":"51555","nm":"Z\u00c9 CRENTE","cc":"PATRIOTA","nv":" ","e":"n","st":"Suplente","dvt":"V\u00e1lido","vap":"262","pvap":"   1,88"},{"seq":"53","sqcand":"100000822995","n":"51444","nm":"MEL DE DI\u00d3","cc":"PATRIOTA","nv":" ","e":"n","st":"Suplente","dvt":"V\u00e1lido","vap":"38","pvap":"   0,27"},{"seq":"24","sqcand":"100001190206","n":"70111","nm":"ALDENOR SANTOS","cc":"AVANTE","nv":" ","e":"n","st":"Suplente","dvt":"V\u00e1lido","vap":"203","pvap":"   1,45"},{"seq":"33","sqcand":"100001190204","n":"70123","nm":"JO\u00c3O DA ANTA","cc":"AVANTE","nv":" ","e":"n","st":"Suplente","dvt":"V\u00e1lido","vap":"156","pvap":"   1,12"},{"seq":"45","sqcand":"100000822997","n":"51222","nm":"GILSON DA SANTA TEREZA","cc":"PATRIOTA","nv":" ","e":"n","st":"Suplente","dvt":"V\u00e1lido","vap":"70","pvap":"   0,50"},{"seq":"56","sqcand":"100001191073","n":"65444","nm":"JOCA DE PIMENTEIRA","cc":"PC do B","nv":" ","e":"n","st":"Suplente","dvt":"V\u00e1lido","vap":"28","pvap":"   0,20"},{"seq":"37","sqcand":"100001190197","n":"70456","nm":"FRANK QUEIROZ","cc":"AVANTE","nv":" ","e":"n","st":"Suplente","dvt":"V\u00e1lido","vap":"131","pvap":"   0,94"},{"seq":"47","sqcand":"100001190203","n":"70555","nm":"NELMA PAIVA","cc":"AVANTE","nv":" ","e":"n","st":"Suplente","dvt":"V\u00e1lido","vap":"65","pvap":"   0,47"},{"seq":"18","sqcand":"100000822749","n":"65065","nm":"LIZIE LOBATO","cc":"PC do B","nv":" ","e":"n","st":"Suplente","dvt":"V\u00e1lido","vap":"281","pvap":"   2,01"},{"seq":"29","sqcand":"100001190196","n":"70222","nm":"PROFESSOR THIAGO","cc":"AVANTE","nv":" ","e":"n","st":"Suplente","dvt":"V\u00e1lido","vap":"189","pvap":"   1,35"},{"seq":"55","sqcand":"100001190199","n":"70963","nm":"LEONICE MOTA","cc":"AVANTE","nv":" ","e":"n","st":"Suplente","dvt":"V\u00e1lido","vap":"29","pvap":"   0,21"},{"seq":"70","sqcand":"100001184949","n":"11222","nm":"PELEGO","cc":"PP","nv":" ","e":"n","st":"N\u00e3o eleito","dvt":"V\u00e1lido","vap":"75","pvap":"   0,54"},{"seq":"32","sqcand":"100000822750","n":"65222","nm":"Z\u00c9 RAIMUNDO TAXISTA","cc":"PC do B","nv":" ","e":"n","st":"Suplente","dvt":"V\u00e1lido","vap":"160","pvap":"   1,15"},{"seq":"13","sqcand":"100000926676","n":"12111","nm":"PROFESSOR ILTERLAN","cc":"PDT","nv":" ","e":"n","st":"Suplente","dvt":"V\u00e1lido","vap":"354","pvap":"   2,54"},{"seq":"68","sqcand":"100001184947","n":"11555","nm":"JO\u00c3O DE DEUS","cc":"PP","nv":" ","e":"n","st":"N\u00e3o eleito","dvt":"V\u00e1lido","vap":"88","pvap":"   0,63"},{"seq":"72","sqcand":"100001184953","n":"11345","nm":"ISAAC VELOSO","cc":"PP","nv":" ","e":"n","st":"N\u00e3o eleito","dvt":"V\u00e1lido","vap":"49","pvap":"   0,35"},{"seq":"35","sqcand":"100000822747","n":"65678","nm":"FILHA","cc":"PC do B","nv":" ","e":"n","st":"Suplente","dvt":"V\u00e1lido","vap":"146","pvap":"   1,05"},{"seq":"80","sqcand":"100001191946","n":"77777","nm":"JORGE","cc":"SOLIDARIEDADE","nv":" ","e":"n","st":"N\u00e3o eleito","dvt":"V\u00e1lido","vap":"0","pvap":"00.00"},{"seq":"23","sqcand":"100000822754","n":"65125","nm":"NENGO DE JO\u00c3OZINHO","cc":"PC do B","nv":" ","e":"n","st":"Suplente","dvt":"V\u00e1lido","vap":"211","pvap":"   1,51"},{"seq":"9","sqcand":"100001189967","n":"22555","nm":"LEILA ARAG\u00c3O","cc":"PL","nv":" ","e":"s","st":"Eleito","dvt":"V\u00e1lido","vap":"382","pvap":"   2,74"},{"seq":"65","sqcand":"100001184954","n":"11111","nm":"IOLETE","cc":"PP","nv":" ","e":"n","st":"N\u00e3o eleito","dvt":"V\u00e1lido","vap":"193","pvap":"   1,38"},{"seq":"63","sqcand":"100000822748","n":"65333","nm":"MARIA DE MATIAS","cc":"PC do B","nv":" ","e":"n","st":"Suplente","dvt":"V\u00e1lido","vap":"4","pvap":"   0,03"},{"seq":"78","sqcand":"100001191764","n":"35035","nm":"MAISSON MARTINS","cc":"PMB","nv":" ","e":"n","st":"N\u00e3o eleito","dvt":"V\u00e1lido","vap":"7","pvap":"   0,05"},{"seq":"62","sqcand":"100000822996","n":"51223","nm":"VANVAN DE MONTE VIDEL","cc":"PATRIOTA","nv":" ","e":"n","st":"Suplente","dvt":"V\u00e1lido","vap":"8","pvap":"   0,06"},{"seq":"66","sqcand":"100001184952","n":"11123","nm":"LEONILDO DO PARED\u00c3O","cc":"PP","nv":" ","e":"n","st":"N\u00e3o eleito","dvt":"V\u00e1lido","vap":"146","pvap":"   1,05"},{"seq":"41","sqcand":"100001189960","n":"22333","nm":"RAIMUNDO C\u00c2MARA","cc":"PL","nv":" ","e":"n","st":"Suplente","dvt":"V\u00e1lido","vap":"94","pvap":"   0,67"},{"seq":"21","sqcand":"100000823003","n":"51789","nm":"ZITEVALDO SARAIVA","cc":"PATRIOTA","nv":" ","e":"n","st":"Suplente","dvt":"V\u00e1lido","vap":"234","pvap":"   1,68"},{"seq":"48","sqcand":"100000822746","n":"65111","nm":"CHICO DA FAZENDA","cc":"PC do B","nv":" ","e":"n","st":"Suplente","dvt":"V\u00e1lido","vap":"64","pvap":"   0,46"},{"seq":"1","sqcand":"100000822752","n":"65456","nm":"NETO DE PIOLHO","cc":"PC do B","nv":" ","e":"s","st":"Eleito","dvt":"V\u00e1lido","vap":"569","pvap":"   4,08"},{"seq":"39","sqcand":"100000926673","n":"12345","nm":"RAIMUNDO CUTRIM","cc":"PDT","nv":" ","e":"n","st":"Suplente","dvt":"V\u00e1lido","vap":"124","pvap":"   0,89"},{"seq":"75","sqcand":"100001184951","n":"11000","nm":"PROF HENRIQUE","cc":"PP","nv":" ","e":"n","st":"N\u00e3o eleito","dvt":"V\u00e1lido","vap":"20","pvap":"   0,14"},{"seq":"81","sqcand":"100001191947","n":"77789","nm":"THAYNARA","cc":"SOLIDARIEDADE","nv":" ","e":"n","st":"N\u00e3o eleito","dvt":"V\u00e1lido","vap":"0","pvap":"00.00"},{"seq":"31","sqcand":"100001189963","n":"22456","nm":"ADEMI COSTA","cc":"PL","nv":" ","e":"n","st":"Suplente","dvt":"V\u00e1lido","vap":"164","pvap":"   1,18"},{"seq":"74","sqcand":"100001184950","n":"11789","nm":"JULIO POTE","cc":"PP","nv":" ","e":"n","st":"N\u00e3o eleito","dvt":"V\u00e1lido","vap":"23","pvap":"   0,16"},{"seq":"43","sqcand":"100000926674","n":"12369","nm":"SINHOR DE ADELINO","cc":"PDT","nv":" ","e":"n","st":"Suplente","dvt":"V\u00e1lido","vap":"87","pvap":"   0,62"},{"seq":"20","sqcand":"100000926679","n":"12222","nm":"PAULO CESAR DE PEDRO DO ROS\u00c1RI","cc":"PDT","nv":" ","e":"n","st":"Suplente","dvt":"V\u00e1lido","vap":"252","pvap":"   1,81"},{"seq":"22","sqcand":"100000822758","n":"65012","nm":"SANTINHO","cc":"PC do B","nv":" ","e":"n","st":"Suplente","dvt":"V\u00e1lido","vap":"229","pvap":"   1,64"},{"seq":"50","sqcand":"100001189969","n":"22777","nm":"GARD\u00caNIA BELFORT","cc":"PL","nv":" ","e":"n","st":"Suplente","dvt":"V\u00e1lido","vap":"57","pvap":"   0,41"},{"seq":"14","sqcand":"100000822991","n":"51456","nm":"LEIDE DE Z\u00c9 BABAB\u00c1","cc":"PATRIOTA","nv":" ","e":"n","st":"Suplente","dvt":"V\u00e1lido","vap":"325","pvap":"   2,33"},{"seq":"26","sqcand":"100001189964","n":"22222","nm":"MARCONE DO CART\u00d3RIO","cc":"PL","nv":" ","e":"n","st":"Suplente","dvt":"V\u00e1lido","vap":"199","pvap":"   1,43"},{"seq":"46","sqcand":"100001190198","n":"70333","nm":"IVALDO REIS","cc":"AVANTE","nv":" ","e":"n","st":"Suplente","dvt":"V\u00e1lido","vap":"67","pvap":"   0,48"},{"seq":"3","sqcand":"100000822757","n":"65123","nm":"LUCIVALDO BARROS","cc":"PC do B","nv":" ","e":"s","st":"Eleito","dvt":"V\u00e1lido","vap":"487","pvap":"   3,49"},{"seq":"77","sqcand":"100001191763","n":"35789","nm":"GEISA ARROCHA","cc":"PMB","nv":" ","e":"n","st":"N\u00e3o eleito","dvt":"V\u00e1lido","vap":"7","pvap":"   0,05"}]}
