{"ele":"426","tpabr":"mu","cdabr":"08133","carper":"13","t":"1","f":"o","dt":"16/11/2020","ht":"00:50:25","dv":"s","tf":"s","v":"13","esae":"n","mnae":"","s":"95","st":"95","pst":" 100,00","snt":"0","psnt":"   0,00","si":"95","psi":" 100,00","sni":"0","psni":"   0,00","sa":"95","psa":" 100,00","sna":"0","psna":"   0,00","e":"31090","ea":"31090","pea":" 100,00","ena":"0","pena":"   0,00","esi":"31090","pesi":" 100,00","esni":"0","pesni":"   0,00","c":"26636","pc":"  85,67","a":"4454","pa":"  14,33","vscv":"0","vnom":"24374","vl":"923","pvnom":"  96,35","pvl":"   3,65","vvc":"25297","pvvc":"  94,97","vb":"248","pvb":"   0,93","tvn":"1091","ptvn":"   4,10","vn":"1091","pvn":" 100,00","vnt":"0","pvnt":"   0,00","vp":"0","pvp":"   0,00","vv":"25297","pvv":" 100,00","van":"0","pvan":"   0,00","vansj":"0","pvansj":"   0,00","tv":"26636","cand":[{"seq":"21","sqcand":"100000947932","n":"45622","nm":"SOLANJO","cc":"PSDB","nv":" ","e":"n","st":"Suplente","dvt":"V\u00e1lido","vap":"519","pvap":"   2,05"},{"seq":"31","sqcand":"100000949459","n":"45666","nm":"MERCEDES SALES","cc":"PSDB","nv":" ","e":"n","st":"Suplente","dvt":"V\u00e1lido","vap":"23","pvap":"   0,09"},{"seq":"34","sqcand":"100000947937","n":"45680","nm":"LEA DIAS","cc":"PSDB","nv":" ","e":"n","st":"Suplente","dvt":"V\u00e1lido","vap":"13","pvap":"   0,05"},{"seq":"8","sqcand":"100001065973","n":"25800","nm":"MARC\u00c3O","cc":"DEM","nv":" ","e":"s","st":"Eleito","dvt":"V\u00e1lido","vap":"1164","pvap":"   4,60"},{"seq":"35","sqcand":"100001065970","n":"25321","nm":"FERNANDA","cc":"DEM","nv":" ","e":"n","st":"Suplente","dvt":"V\u00e1lido","vap":"13","pvap":"   0,05"},{"seq":"17","sqcand":"100001065971","n":"25123","nm":"MOISEIS DO LAGO PRETO","cc":"DEM","nv":" ","e":"n","st":"Suplente","dvt":"V\u00e1lido","vap":"725","pvap":"   2,87"},{"seq":"43","sqcand":"100001068941","n":"90100","nm":"IVANIRA","cc":"PROS","nv":" ","e":"n","st":"N\u00e3o eleito","dvt":"V\u00e1lido","vap":"21","pvap":"   0,08"},{"seq":"37","sqcand":"100001065984","n":"25987","nm":"JULIA","cc":"DEM","nv":" ","e":"n","st":"Suplente","dvt":"V\u00e1lido","vap":"10","pvap":"   0,04"},{"seq":"6","sqcand":"100001065981","n":"25999","nm":"VANDEILSON DOS TR\u00caS LAGOS","cc":"DEM","nv":" ","e":"s","st":"Eleito","dvt":"V\u00e1lido","vap":"1197","pvap":"   4,73"},{"seq":"25","sqcand":"100001065979","n":"25000","nm":"DIGOSA DO LAVA JATO","cc":"DEM","nv":" ","e":"n","st":"Suplente","dvt":"V\u00e1lido","vap":"359","pvap":"   1,42"},{"seq":"41","sqcand":"100001068942","n":"90123","nm":"PROF VALDIELCIO","cc":"PROS","nv":" ","e":"n","st":"N\u00e3o eleito","dvt":"V\u00e1lido","vap":"466","pvap":"   1,84"},{"seq":"30","sqcand":"100001065983","n":"25654","nm":"MARC\u00d4NIO BARROS","cc":"DEM","nv":" ","e":"n","st":"Suplente","dvt":"V\u00e1lido","vap":"67","pvap":"   0,26"},{"seq":"40","sqcand":"100000947938","n":"45632","nm":"SARA MALAGUIAS","cc":"PSDB","nv":" ","e":"n","st":"Suplente","dvt":"V\u00e1lido","vap":"3","pvap":"   0,01"},{"seq":"9","sqcand":"100000947930","n":"45369","nm":"ALMIR FIALHO","cc":"PSDB","nv":" ","e":"s","st":"Eleito","dvt":"V\u00e1lido","vap":"1101","pvap":"   4,35"},{"seq":"3","sqcand":"100000947928","n":"45800","nm":"ARIEL","cc":"PSDB","nv":" ","e":"s","st":"Eleito","dvt":"V\u00e1lido","vap":"1244","pvap":"   4,92"},{"seq":"12","sqcand":"100000949461","n":"45444","nm":"GILBERTO DOS TRES LAGOS","cc":"PSDB","nv":" ","e":"s","st":"Eleito","dvt":"V\u00e1lido","vap":"1001","pvap":"   3,96"},{"seq":"26","sqcand":"100001065982","n":"25100","nm":"IRM\u00c3O MELQUIADES","cc":"DEM","nv":" ","e":"n","st":"Suplente","dvt":"V\u00e1lido","vap":"250","pvap":"   0,99"},{"seq":"16","sqcand":"100000947933","n":"45888","nm":"VANILSON PARAIBANO","cc":"PSDB","nv":" ","e":"n","st":"Suplente","dvt":"V\u00e1lido","vap":"807","pvap":"   3,19"},{"seq":"7","sqcand":"100001065976","n":"25789","nm":"HENRIQUE PARAIBANO","cc":"DEM","nv":" ","e":"s","st":"Eleito","dvt":"V\u00e1lido","vap":"1179","pvap":"   4,66"},{"seq":"14","sqcand":"100001065972","n":"25777","nm":"PEDRO DUTRA","cc":"DEM","nv":" ","e":"n","st":"Suplente","dvt":"V\u00e1lido","vap":"1005","pvap":"   3,97"},{"seq":"32","sqcand":"100001065986","n":"25456","nm":"ALZIRA EUZ\u00c9BIO","cc":"DEM","nv":" ","e":"n","st":"Suplente","dvt":"V\u00e1lido","vap":"18","pvap":"   0,07"},{"seq":"23","sqcand":"100001065985","n":"25899","nm":"BLEMIS","cc":"DEM","nv":" ","e":"n","st":"Suplente","dvt":"V\u00e1lido","vap":"514","pvap":"   2,03"},{"seq":"24","sqcand":"100000947925","n":"45000","nm":"GIAN DA SANTA TEREZA","cc":"PSDB","nv":" ","e":"n","st":"Suplente","dvt":"V\u00e1lido","vap":"463","pvap":"   1,83"},{"seq":"19","sqcand":"100000947936","n":"45700","nm":"BENTIVI ARAUJO","cc":"PSDB","nv":" ","e":"n","st":"Suplente","dvt":"V\u00e1lido","vap":"592","pvap":"   2,34"},{"seq":"28","sqcand":"100000947929","n":"45999","nm":"CRISCERIA","cc":"PSDB","nv":" ","e":"n","st":"Suplente","dvt":"V\u00e1lido","vap":"186","pvap":"   0,74"},{"seq":"10","sqcand":"100000947926","n":"45555","nm":"ANANIAS BEZERRA","cc":"PSDB","nv":" ","e":"s","st":"Eleito","dvt":"V\u00e1lido","vap":"1099","pvap":"   4,34"},{"seq":"36","sqcand":"100000949463","n":"45500","nm":"ELIETE","cc":"PSDB","nv":" ","e":"n","st":"Suplente","dvt":"V\u00e1lido","vap":"12","pvap":"   0,05"},{"seq":"5","sqcand":"100000949460","n":"45678","nm":"THIAGO SA","cc":"PSDB","nv":" ","e":"s","st":"Eleito","dvt":"V\u00e1lido","vap":"1198","pvap":"   4,74"},{"seq":"38","sqcand":"100001065975","n":"25551","nm":"DONA AURENIR","cc":"DEM","nv":" ","e":"n","st":"Suplente","dvt":"V\u00e1lido","vap":"9","pvap":"   0,04"},{"seq":"39","sqcand":"100001065977","n":"25655","nm":"EVA LEANE","cc":"DEM","nv":" ","e":"n","st":"Suplente","dvt":"V\u00e1lido","vap":"5","pvap":"   0,02"},{"seq":"42","sqcand":"100001068943","n":"90000","nm":"RICARDO LOPES","cc":"PROS","nv":" ","e":"n","st":"N\u00e3o eleito","dvt":"V\u00e1lido","vap":"101","pvap":"   0,40"},{"seq":"11","sqcand":"100001065969","n":"25111","nm":"FABIANA DO OSMANI","cc":"DEM","nv":" ","e":"s","st":"Eleito","dvt":"V\u00e1lido","vap":"1083","pvap":"   4,28"},{"seq":"15","sqcand":"100000947934","n":"45111","nm":"JULYFRAN CATIGUEIRO","cc":"PSDB","nv":" ","e":"n","st":"Suplente","dvt":"V\u00e1lido","vap":"883","pvap":"   3,49"},{"seq":"1","sqcand":"100001065987","n":"25888","nm":"CIVAL ROCHA","cc":"DEM","nv":" ","e":"s","st":"Eleito","dvt":"V\u00e1lido","vap":"1376","pvap":"   5,44"},{"seq":"27","sqcand":"100000947931","n":"45777","nm":"CESAR DO ARINEAS","cc":"PSDB","nv":" ","e":"n","st":"Suplente","dvt":"V\u00e1lido","vap":"224","pvap":"   0,89"},{"seq":"13","sqcand":"100000947927","n":"45123","nm":"CICERO AMARO","cc":"PSDB","nv":" ","e":"s","st":"Eleito","dvt":"V\u00e1lido","vap":"998","pvap":"   3,95"},{"seq":"33","sqcand":"100000947935","n":"45455","nm":"KALYANNE","cc":"PSDB","nv":" ","e":"n","st":"Suplente","dvt":"V\u00e1lido","vap":"15","pvap":"   0,06"},{"seq":"29","sqcand":"100001065978","n":"25444","nm":"MATHEUS BRITO","cc":"DEM","nv":" ","e":"n","st":"Suplente","dvt":"V\u00e1lido","vap":"106","pvap":"   0,42"},{"seq":"20","sqcand":"100001065974","n":"25222","nm":"IRM\u00c3O SILVA","cc":"DEM","nv":" ","e":"n","st":"Suplente","dvt":"V\u00e1lido","vap":"524","pvap":"   2,07"},{"seq":"2","sqcand":"100001065980","n":"25333","nm":"RAIMUNDINHO","cc":"DEM","nv":" ","e":"s","st":"Eleito","dvt":"V\u00e1lido","vap":"1358","pvap":"   5,37"},{"seq":"22","sqcand":"100000949464","n":"45333","nm":"MARTINS","cc":"PSDB","nv":" ","e":"n","st":"Suplente","dvt":"V\u00e1lido","vap":"515","pvap":"   2,04"},{"seq":"18","sqcand":"100001065968","n":"25555","nm":"SALES SANFONEIRO","cc":"DEM","nv":" ","e":"n","st":"Suplente","dvt":"V\u00e1lido","vap":"684","pvap":"   2,70"},{"seq":"44","sqcand":"100001068944","n":"90234","nm":"LORA","cc":"PROS","nv":" ","e":"n","st":"N\u00e3o eleito","dvt":"V\u00e1lido","vap":"2","pvap":"   0,01"},{"seq":"4","sqcand":"100000949462","n":"45222","nm":"VALMIR BENTO","cc":"PSDB","nv":" ","e":"s","st":"Eleito","dvt":"V\u00e1lido","vap":"1242","pvap":"   4,91"}]}
