{"ele":"426","tpabr":"mu","cdabr":"08222","carper":"13","t":"1","f":"o","dt":"15/11/2020","ht":"22:26:32","dv":"s","tf":"s","v":"9","esae":"n","mnae":"","s":"27","st":"27","pst":" 100,00","snt":"0","psnt":"   0,00","si":"27","psi":" 100,00","sni":"0","psni":"   0,00","sa":"27","psa":" 100,00","sna":"0","psna":"   0,00","e":"8523","ea":"8523","pea":" 100,00","ena":"0","pena":"   0,00","esi":"8523","pesi":" 100,00","esni":"0","pesni":"   0,00","c":"6572","pc":"  77,11","a":"1951","pa":"  22,89","vscv":"0","vnom":"5929","vl":"309","pvnom":"  95,05","pvl":"   4,95","vvc":"6238","pvvc":"  94,92","vb":"44","pvb":"   0,67","tvn":"290","ptvn":"   4,41","vn":"137","pvn":"  47,24","vnt":"153","pvnt":"  52,76","vp":"0","pvp":"   0,00","vv":"6238","pvv":" 100,00","van":"0","pvan":"   0,00","vansj":"0","pvansj":"   0,00","tv":"6572","cand":[{"seq":"45","sqcand":"100001227361","n":"17000","nm":"LAURIZETE DA CRUZ","cc":"PSL","nv":" ","e":"n","st":"N\u00e3o eleito","dvt":"V\u00e1lido","vap":"29","pvap":"   0,46"},{"seq":"1","sqcand":"100001241687","n":"14222","nm":"BERNARDO MUNDICO","cc":"PTB","nv":" ","e":"s","st":"Eleito","dvt":"V\u00e1lido","vap":"454","pvap":"   7,28"},{"seq":"7","sqcand":"100000778813","n":"15111","nm":"PAULO HENRIQUE","cc":"MDB","nv":" ","e":"s","st":"Eleito","dvt":"V\u00e1lido","vap":"269","pvap":"   4,31"},{"seq":"26","sqcand":"100001241682","n":"14456","nm":"SALOMAO","cc":"PTB","nv":" ","e":"n","st":"Suplente","dvt":"V\u00e1lido","vap":"39","pvap":"   0,63"},{"seq":"10","sqcand":"100001041708","n":"12000","nm":"CONRADO FILHO","cc":"PDT","nv":" ","e":"n","st":"Suplente","dvt":"V\u00e1lido","vap":"244","pvap":"   3,91"},{"seq":"49","sqcand":"100000778847","n":"45678","nm":"JOELMA MATIAS","cc":"PSDB","nv":" ","e":"n","st":"N\u00e3o eleito","dvt":"V\u00e1lido","vap":"6","pvap":"   0,10"},{"seq":"27","sqcand":"100000778815","n":"15444","nm":"AGRICULTORA BERNARDA","cc":"MDB","nv":" ","e":"n","st":"Suplente","dvt":"V\u00e1lido","vap":"29","pvap":"   0,46"},{"seq":"16","sqcand":"100001225313","n":"90999","nm":"JOSU\u00c9","cc":"PROS","nv":" ","e":"n","st":"Suplente","dvt":"V\u00e1lido","vap":"150","pvap":"   2,40"},{"seq":"6","sqcand":"100001241302","n":"22000","nm":"FABIO DO ELESBAO","cc":"PL","nv":" ","e":"s","st":"Eleito","dvt":"V\u00e1lido","vap":"299","pvap":"   4,79"},{"seq":"14","sqcand":"100000778817","n":"15666","nm":"RATINHO","cc":"MDB","nv":" ","e":"n","st":"Suplente","dvt":"V\u00e1lido","vap":"172","pvap":"   2,76"},{"seq":"22","sqcand":"100001225310","n":"90222","nm":"CIBELE BRAGA","cc":"PROS","nv":" ","e":"n","st":"Suplente","dvt":"V\u00e1lido","vap":"70","pvap":"   1,12"},{"seq":"42","sqcand":"100000778848","n":"45555","nm":"JESUS DO SILVA","cc":"PSDB","nv":" ","e":"n","st":"N\u00e3o eleito","dvt":"V\u00e1lido","vap":"62","pvap":"   0,99"},{"seq":"2","sqcand":"100001225317","n":"90000","nm":"CARLIN NESTOR","cc":"PROS","nv":" ","e":"s","st":"Eleito","dvt":"V\u00e1lido","vap":"397","pvap":"   6,36"},{"seq":"11","sqcand":"100001041707","n":"12222","nm":"CHICO LIVIO","cc":"PDT","nv":" ","e":"n","st":"Suplente","dvt":"V\u00e1lido","vap":"220","pvap":"   3,53"},{"seq":"15","sqcand":"100000778818","n":"15555","nm":"PAULO NETO","cc":"MDB","nv":" ","e":"n","st":"Suplente","dvt":"V\u00e1lido","vap":"171","pvap":"   2,74"},{"seq":"24","sqcand":"100001225312","n":"90111","nm":"DOCA","cc":"PROS","nv":" ","e":"n","st":"Suplente","dvt":"V\u00e1lido","vap":"43","pvap":"   0,69"},{"seq":"8","sqcand":"100001041706","n":"12345","nm":"BRANCO DO RIACH\u00c3O","cc":"PDT","nv":" ","e":"s","st":"Eleito","dvt":"V\u00e1lido","vap":"257","pvap":"   4,12"},{"seq":"23","sqcand":"100001241684","n":"14444","nm":"ZE NO\u00c9","cc":"PTB","nv":" ","e":"n","st":"Suplente","dvt":"V\u00e1lido","vap":"48","pvap":"   0,77"},{"seq":"20","sqcand":"100001241293","n":"22222","nm":"WELLINGTON CRISPIM","cc":"PL","nv":" ","e":"n","st":"Suplente","dvt":"V\u00e1lido","vap":"109","pvap":"   1,75"},{"seq":"46","sqcand":"100001241502","n":"77777","nm":"FELIPE BARROZO","cc":"SOLIDARIEDADE","nv":" ","e":"n","st":"N\u00e3o eleito","dvt":"V\u00e1lido","vap":"28","pvap":"   0,45"},{"seq":"50","sqcand":"100001227362","n":"17555","nm":"FRANCISCA MARIA","cc":"PSL","nv":" ","e":"n","st":"N\u00e3o eleito","dvt":"V\u00e1lido","vap":"5","pvap":"   0,08"},{"seq":"38","sqcand":"100000778844","n":"45123","nm":"FRANCISCO JUNIOR","cc":"PSDB","nv":" ","e":"n","st":"N\u00e3o eleito","dvt":"V\u00e1lido","vap":"81","pvap":"   1,30"},{"seq":"44","sqcand":"100001241497","n":"77348","nm":"ROBERTO CARVALHO","cc":"SOLIDARIEDADE","nv":" ","e":"n","st":"N\u00e3o eleito","dvt":"V\u00e1lido","vap":"50","pvap":"   0,80"},{"seq":"43","sqcand":"100001241499","n":"77778","nm":"WANDERSON","cc":"SOLIDARIEDADE","nv":" ","e":"n","st":"N\u00e3o eleito","dvt":"V\u00e1lido","vap":"55","pvap":"   0,88"},{"seq":"39","sqcand":"100001227360","n":"17222","nm":"ZE BIRICA","cc":"PSL","nv":" ","e":"n","st":"N\u00e3o eleito","dvt":"V\u00e1lido","vap":"72","pvap":"   1,15"},{"seq":"19","sqcand":"100000778816","n":"15000","nm":"TOBA","cc":"MDB","nv":" ","e":"n","st":"Suplente","dvt":"V\u00e1lido","vap":"116","pvap":"   1,86"},{"seq":"34","sqcand":"100001241295","n":"22789","nm":"SANDRA","cc":"PL","nv":" ","e":"n","st":"Suplente","dvt":"V\u00e1lido","vap":"5","pvap":"   0,08"},{"seq":"3","sqcand":"100001241296","n":"22456","nm":"NEGO","cc":"PL","nv":" ","e":"s","st":"Eleito","dvt":"V\u00e1lido","vap":"376","pvap":"   6,03"},{"seq":"4","sqcand":"100001241294","n":"22333","nm":"ZE DOS SANTOS","cc":"PL","nv":" ","e":"s","st":"Eleito","dvt":"V\u00e1lido","vap":"375","pvap":"   6,01"},{"seq":"47","sqcand":"100001241498","n":"77145","nm":"SULENDRO","cc":"SOLIDARIEDADE","nv":" ","e":"n","st":"N\u00e3o eleito","dvt":"V\u00e1lido","vap":"17","pvap":"   0,27"},{"seq":"9","sqcand":"100001241300","n":"22123","nm":"MARQUINHOS SANTIAGO","cc":"PL","nv":" ","e":"s","st":"Eleito","dvt":"V\u00e1lido","vap":"247","pvap":"   3,96"},{"seq":"17","sqcand":"100001041705","n":"12123","nm":"SEBASTI\u00c3O DA ALZIRA","cc":"PDT","nv":" ","e":"n","st":"Suplente","dvt":"V\u00e1lido","vap":"133","pvap":"   2,13"},{"seq":"5","sqcand":"100001241685","n":"14111","nm":"GILSON","cc":"PTB","nv":" ","e":"s","st":"Eleito","dvt":"V\u00e1lido","vap":"339","pvap":"   5,43"},{"seq":"41","sqcand":"100001227363","n":"17111","nm":"MARCIEL REIS","cc":"PSL","nv":" ","e":"n","st":"N\u00e3o eleito","dvt":"V\u00e1lido","vap":"63","pvap":"   1,01"},{"seq":"33","sqcand":"100001241292","n":"22777","nm":"LUCINEIA","cc":"PL","nv":" ","e":"n","st":"Suplente","dvt":"V\u00e1lido","vap":"6","pvap":"   0,10"},{"seq":"30","sqcand":"100001225315","n":"90321","nm":"LINDALVA","cc":"PROS","nv":" ","e":"n","st":"Suplente","dvt":"V\u00e1lido","vap":"10","pvap":"   0,16"},{"seq":"35","sqcand":"100001041710","n":"12789","nm":"FABIA","cc":"PDT","nv":" ","e":"n","st":"Suplente","dvt":"V\u00e1lido","vap":"4","pvap":"   0,06"},{"seq":"32","sqcand":"100001225311","n":"90333","nm":"JO\u00c3O DO POVO","cc":"PROS","nv":" ","e":"n","st":"Suplente","dvt":"V\u00e1lido","vap":"7","pvap":"   0,11"},{"seq":"29","sqcand":"100001225314","n":"90281","nm":"RAFAELZINHO","cc":"PROS","nv":" ","e":"n","st":"Suplente","dvt":"V\u00e1lido","vap":"14","pvap":"   0,22"},{"seq":"48","sqcand":"100001258041","n":"65555","nm":"AURINO DA SA\u00daDE","cc":"PC do B","nv":" ","e":"n","st":"N\u00e3o eleito","dvt":"V\u00e1lido","vap":"12","pvap":"   0,19"},{"seq":"13","sqcand":"100001241299","n":"22223","nm":"FRANCISCO FERREIRA","cc":"PL","nv":" ","e":"n","st":"Suplente","dvt":"V\u00e1lido","vap":"183","pvap":"   2,93"},{"seq":"21","sqcand":"100001041709","n":"12456","nm":"RAYNA DE SARAH","cc":"PDT","nv":" ","e":"n","st":"Suplente","dvt":"V\u00e1lido","vap":"77","pvap":"   1,23"},{"seq":"40","sqcand":"100000778845","n":"45333","nm":"GON\u00c7ALO","cc":"PSDB","nv":" ","e":"n","st":"N\u00e3o eleito","dvt":"V\u00e1lido","vap":"69","pvap":"   1,11"},{"seq":"36","sqcand":"100001241291","n":"22730","nm":"LARISSA SOUZA","cc":"PL","nv":" ","e":"n","st":"Suplente","dvt":"V\u00e1lido","vap":"4","pvap":"   0,06"},{"seq":"31","sqcand":"100000778814","n":"15556","nm":"MARIA DOS REIS","cc":"MDB","nv":" ","e":"n","st":"Suplente","dvt":"V\u00e1lido","vap":"8","pvap":"   0,13"},{"seq":"12","sqcand":"100001241297","n":"22555","nm":"ZE MARIA","cc":"PL","nv":" ","e":"n","st":"Suplente","dvt":"V\u00e1lido","vap":"216","pvap":"   3,46"},{"seq":"28","sqcand":"100001225316","n":"90555","nm":"DOMINGOS DA VEREDA","cc":"PROS","nv":" ","e":"n","st":"Suplente","dvt":"V\u00e1lido","vap":"23","pvap":"   0,37"},{"seq":"25","sqcand":"100001225318","n":"90123","nm":"ANDR\u00c9IA DITA","cc":"PROS","nv":" ","e":"n","st":"Suplente","dvt":"V\u00e1lido","vap":"41","pvap":"   0,66"},{"seq":"18","sqcand":"100001241686","n":"14000","nm":"FERNANDA MARA","cc":"PTB","nv":" ","e":"n","st":"Suplente","dvt":"V\u00e1lido","vap":"130","pvap":"   2,08"},{"seq":"37","sqcand":"100000778846","n":"45666","nm":"IRM\u00c3O JO\u00c3O","cc":"PSDB","nv":" ","e":"n","st":"N\u00e3o eleito","dvt":"V\u00e1lido","vap":"95","pvap":"   1,52"}]}
