{"ele":"426","tpabr":"mu","cdabr":"08230","carper":"13","t":"1","f":"o","dt":"15/11/2020","ht":"21:50:47","dv":"s","tf":"s","v":"9","esae":"n","mnae":"","s":"17","st":"17","pst":" 100,00","snt":"0","psnt":"   0,00","si":"17","psi":" 100,00","sni":"0","psni":"   0,00","sa":"17","psa":" 100,00","sna":"0","psna":"   0,00","e":"5863","ea":"5863","pea":" 100,00","ena":"0","pena":"   0,00","esi":"5863","pesi":" 100,00","esni":"0","pesni":"   0,00","c":"4720","pc":"  80,50","a":"1143","pa":"  19,50","vscv":"0","vnom":"4387","vl":"208","pvnom":"  95,47","pvl":"   4,53","vvc":"4595","pvvc":"  97,35","vb":"26","pvb":"   0,55","tvn":"99","ptvn":"   2,10","vn":"99","pvn":" 100,00","vnt":"0","pvnt":"   0,00","vp":"0","pvp":"   0,00","vv":"4595","pvv":" 100,00","van":"0","pvan":"   0,00","vansj":"0","pvansj":"   0,00","tv":"4720","cand":[{"seq":"13","sqcand":"100000944305","n":"45456","nm":"ADNA LIMA","cc":"PSDB","nv":" ","e":"n","st":"Suplente","dvt":"V\u00e1lido","vap":"154","pvap":"   3,35"},{"seq":"17","sqcand":"100001182955","n":"20123","nm":"ALINE GUIMAR\u00c3ES","cc":"PSC","nv":" ","e":"n","st":"Suplente","dvt":"V\u00e1lido","vap":"112","pvap":"   2,44"},{"seq":"20","sqcand":"100000944310","n":"45333","nm":"ZECA PAIVA","cc":"PSDB","nv":" ","e":"n","st":"Suplente","dvt":"V\u00e1lido","vap":"76","pvap":"   1,65"},{"seq":"18","sqcand":"100001182952","n":"20120","nm":"HERBETHE COSTA","cc":"PSC","nv":" ","e":"n","st":"Suplente","dvt":"V\u00e1lido","vap":"100","pvap":"   2,18"},{"seq":"21","sqcand":"100000912791","n":"15012","nm":"PROFESSOR CHARLES DAVI","cc":"MDB","nv":" ","e":"n","st":"Suplente","dvt":"V\u00e1lido","vap":"63","pvap":"   1,37"},{"seq":"25","sqcand":"100000944311","n":"45555","nm":"NENEM BARROS","cc":"PSDB","nv":" ","e":"n","st":"Suplente","dvt":"V\u00e1lido","vap":"44","pvap":"   0,96"},{"seq":"34","sqcand":"100000944314","n":"45045","nm":"MIRIA","cc":"PSDB","nv":" ","e":"n","st":"Suplente","dvt":"V\u00e1lido","vap":"8","pvap":"   0,17"},{"seq":"36","sqcand":"100000944308","n":"45777","nm":"DEANE","cc":"PSDB","nv":" ","e":"n","st":"Suplente","dvt":"V\u00e1lido","vap":"0","pvap":"00.00"},{"seq":"1","sqcand":"100000912789","n":"15123","nm":"SILVANA TROMPS","cc":"MDB","nv":" ","e":"s","st":"Eleito","dvt":"V\u00e1lido","vap":"430","pvap":"   9,36"},{"seq":"5","sqcand":"100000944302","n":"45000","nm":"SERGIO CARVALHAL","cc":"PSDB","nv":" ","e":"s","st":"Eleito","dvt":"V\u00e1lido","vap":"251","pvap":"   5,46"},{"seq":"6","sqcand":"100000912794","n":"15555","nm":"KIKO CAS\u00c3O","cc":"MDB","nv":" ","e":"s","st":"Eleito","dvt":"V\u00e1lido","vap":"246","pvap":"   5,35"},{"seq":"15","sqcand":"100001182949","n":"20020","nm":"CUPU","cc":"PSC","nv":" ","e":"n","st":"Suplente","dvt":"V\u00e1lido","vap":"129","pvap":"   2,81"},{"seq":"31","sqcand":"100000912092","n":"13222","nm":"ANTONIA FERREIRA","cc":"PT","nv":" ","e":"n","st":"Suplente","dvt":"V\u00e1lido","vap":"12","pvap":"   0,26"},{"seq":"16","sqcand":"100000944309","n":"45123","nm":"MORENO","cc":"PSDB","nv":" ","e":"n","st":"Suplente","dvt":"V\u00e1lido","vap":"128","pvap":"   2,79"},{"seq":"12","sqcand":"100000944312","n":"45678","nm":"JONAS OLIVEIRA","cc":"PSDB","nv":" ","e":"n","st":"Suplente","dvt":"V\u00e1lido","vap":"171","pvap":"   3,72"},{"seq":"30","sqcand":"100000912089","n":"13555","nm":"MARIA ANTONIA","cc":"PT","nv":" ","e":"n","st":"Suplente","dvt":"V\u00e1lido","vap":"13","pvap":"   0,28"},{"seq":"35","sqcand":"100001182946","n":"20555","nm":"IRM\u00c3O ANT\u00d4NIO","cc":"PSC","nv":" ","e":"n","st":"Suplente","dvt":"V\u00e1lido","vap":"4","pvap":"   0,09"},{"seq":"7","sqcand":"100000944303","n":"45007","nm":"ZE GAIAO","cc":"PSDB","nv":" ","e":"s","st":"Eleito","dvt":"V\u00e1lido","vap":"181","pvap":"   3,94"},{"seq":"19","sqcand":"100000912792","n":"15678","nm":"EVERALDO MENDES","cc":"MDB","nv":" ","e":"n","st":"Suplente","dvt":"V\u00e1lido","vap":"94","pvap":"   2,05"},{"seq":"4","sqcand":"100000912793","n":"15456","nm":"KELENE QUEIR\u00d3Z","cc":"MDB","nv":" ","e":"s","st":"Eleito","dvt":"V\u00e1lido","vap":"282","pvap":"   6,14"},{"seq":"3","sqcand":"100000944306","n":"45266","nm":"JONHY BRAGA","cc":"PSDB","nv":" ","e":"s","st":"Eleito","dvt":"V\u00e1lido","vap":"327","pvap":"   7,12"},{"seq":"29","sqcand":"100001182947","n":"20567","nm":"IRM\u00c3 GRA\u00c7A","cc":"PSC","nv":" ","e":"n","st":"Suplente","dvt":"V\u00e1lido","vap":"23","pvap":"   0,50"},{"seq":"14","sqcand":"100000912091","n":"13000","nm":"EVANDO BARROSO","cc":"PT","nv":" ","e":"n","st":"Suplente","dvt":"V\u00e1lido","vap":"142","pvap":"   3,09"},{"seq":"9","sqcand":"100000912090","n":"13013","nm":"JUNIOR DO ACAI","cc":"PT","nv":" ","e":"s","st":"Eleito","dvt":"V\u00e1lido","vap":"165","pvap":"   3,59"},{"seq":"32","sqcand":"100001182954","n":"20067","nm":"GANDY","cc":"PSC","nv":" ","e":"n","st":"Suplente","dvt":"V\u00e1lido","vap":"11","pvap":"   0,24"},{"seq":"11","sqcand":"100000944307","n":"45222","nm":"BECO","cc":"PSDB","nv":" ","e":"n","st":"Suplente","dvt":"V\u00e1lido","vap":"179","pvap":"   3,90"},{"seq":"28","sqcand":"100001182953","n":"20222","nm":"EUBLO","cc":"PSC","nv":" ","e":"n","st":"Suplente","dvt":"V\u00e1lido","vap":"29","pvap":"   0,63"},{"seq":"22","sqcand":"100000912787","n":"15155","nm":"EDINALDO OLIVEIRA","cc":"MDB","nv":" ","e":"n","st":"Suplente","dvt":"V\u00e1lido","vap":"60","pvap":"   1,31"},{"seq":"10","sqcand":"100000912790","n":"15789","nm":"CLAYTON MAGALHAES","cc":"MDB","nv":" ","e":"n","st":"Suplente","dvt":"V\u00e1lido","vap":"237","pvap":"   5,16"},{"seq":"23","sqcand":"100001182948","n":"20000","nm":"NATAL OLIVEIRA","cc":"PSC","nv":" ","e":"n","st":"Suplente","dvt":"V\u00e1lido","vap":"60","pvap":"   1,31"},{"seq":"27","sqcand":"100000912088","n":"13123","nm":"ROBERTO LEITE","cc":"PT","nv":" ","e":"n","st":"Suplente","dvt":"V\u00e1lido","vap":"31","pvap":"   0,67"},{"seq":"24","sqcand":"100000944304","n":"45056","nm":"JESSICA GOMES","cc":"PSDB","nv":" ","e":"n","st":"Suplente","dvt":"V\u00e1lido","vap":"52","pvap":"   1,13"},{"seq":"33","sqcand":"100001182951","n":"20333","nm":"BELO","cc":"PSC","nv":" ","e":"n","st":"Suplente","dvt":"V\u00e1lido","vap":"9","pvap":"   0,20"},{"seq":"2","sqcand":"100000944313","n":"45789","nm":"RAFAEL SODRE","cc":"PSDB","nv":" ","e":"s","st":"Eleito","dvt":"V\u00e1lido","vap":"358","pvap":"   7,79"},{"seq":"26","sqcand":"100000912093","n":"13234","nm":"FERNANDO GALEGO","cc":"PT","nv":" ","e":"n","st":"Suplente","dvt":"V\u00e1lido","vap":"35","pvap":"   0,76"},{"seq":"8","sqcand":"100001182950","n":"20111","nm":"N\u00c9VO CALADO","cc":"PSC","nv":" ","e":"s","st":"Eleito","dvt":"V\u00e1lido","vap":"171","pvap":"   3,72"}]}
