{"ele":"426","tpabr":"mu","cdabr":"08257","carper":"13","t":"1","f":"o","dt":"15/11/2020","ht":"22:26:59","dv":"s","tf":"s","v":"11","esae":"n","mnae":"","s":"38","st":"38","pst":" 100,00","snt":"0","psnt":"   0,00","si":"38","psi":" 100,00","sni":"0","psni":"   0,00","sa":"38","psa":" 100,00","sna":"0","psna":"   0,00","e":"13247","ea":"13247","pea":" 100,00","ena":"0","pena":"   0,00","esi":"13247","pesi":" 100,00","esni":"0","pesni":"   0,00","c":"10143","pc":"  76,57","a":"3104","pa":"  23,43","vscv":"0","vnom":"9204","vl":"508","pvnom":"  94,77","pvl":"   5,23","vvc":"9712","pvvc":"  95,75","vb":"82","pvb":"   0,81","tvn":"349","ptvn":"   3,44","vn":"338","pvn":"  96,85","vnt":"11","pvnt":"   3,15","vp":"0","pvp":"   0,00","vv":"9712","pvv":" 100,00","van":"0","pvan":"   0,00","vansj":"0","pvansj":"   0,00","tv":"10143","cand":[{"seq":"33","sqcand":"100001267416","n":"12000","nm":"ROSA DO FLORZINHO","cc":"PDT","nv":" ","e":"n","st":"Suplente","dvt":"V\u00e1lido","vap":"10","pvap":"   0,10"},{"seq":"14","sqcand":"100001227907","n":"14444","nm":"CLEOCIDONIO","cc":"PTB","nv":" ","e":"n","st":"Suplente","dvt":"V\u00e1lido","vap":"293","pvap":"   3,02"},{"seq":"20","sqcand":"100001249103","n":"12123","nm":"LEONARDO SOUSA","cc":"PDT","nv":" ","e":"n","st":"Suplente","dvt":"V\u00e1lido","vap":"205","pvap":"   2,11"},{"seq":"29","sqcand":"100001265999","n":"15233","nm":"PROFESSORA CONCEI\u00c7\u00c3O DIRAH","cc":"MDB","nv":" ","e":"n","st":"Suplente","dvt":"V\u00e1lido","vap":"60","pvap":"   0,62"},{"seq":"25","sqcand":"100001227910","n":"14777","nm":"IRM\u00c3O JEOV\u00c1","cc":"PTB","nv":" ","e":"n","st":"Suplente","dvt":"V\u00e1lido","vap":"119","pvap":"   1,23"},{"seq":"31","sqcand":"100001227908","n":"14601","nm":"ODILON","cc":"PTB","nv":" ","e":"n","st":"Suplente","dvt":"V\u00e1lido","vap":"17","pvap":"   0,18"},{"seq":"49","sqcand":"100000778812","n":"51222","nm":"ACACIO","cc":"PATRIOTA","nv":" ","e":"n","st":"N\u00e3o eleito","dvt":"V\u00e1lido","vap":"11","pvap":"   0,11"},{"seq":"37","sqcand":"100001248650","n":"13333","nm":"NETA DO TIGR\u00c3O","cc":"PT","nv":" ","e":"n","st":"N\u00e3o eleito","dvt":"V\u00e1lido","vap":"116","pvap":"   1,19"},{"seq":"44","sqcand":"100001263401","n":"13520","nm":"PIU DO PT","cc":"PT","nv":" ","e":"n","st":"N\u00e3o eleito","dvt":"V\u00e1lido","vap":"26","pvap":"   0,27"},{"seq":"51","sqcand":"100000780084","n":"77123","nm":"DASDORES LIMA","cc":"SOLIDARIEDADE","nv":" ","e":"n","st":"N\u00e3o eleito","dvt":"V\u00e1lido","vap":"0","pvap":"00.00"},{"seq":"35","sqcand":"100001227902","n":"14555","nm":"DENISE","cc":"PTB","nv":" ","e":"n","st":"Suplente","dvt":"V\u00e1lido","vap":"1","pvap":"   0,01"},{"seq":"26","sqcand":"100001251659","n":"15456","nm":"MANA DO PAVI\u00c3O","cc":"MDB","nv":" ","e":"n","st":"Suplente","dvt":"V\u00e1lido","vap":"118","pvap":"   1,21"},{"seq":"36","sqcand":"100001227904","n":"14222","nm":"LOHANE","cc":"PTB","nv":" ","e":"n","st":"Suplente","dvt":"V\u00e1lido","vap":"1","pvap":"   0,01"},{"seq":"21","sqcand":"100001046247","n":"65123","nm":"BILL","cc":"PC do B","nv":" ","e":"n","st":"Suplente","dvt":"V\u00e1lido","vap":"196","pvap":"   2,02"},{"seq":"30","sqcand":"100001046249","n":"65222","nm":"GLENINHO","cc":"PC do B","nv":" ","e":"n","st":"Suplente","dvt":"V\u00e1lido","vap":"36","pvap":"   0,37"},{"seq":"40","sqcand":"100000780085","n":"77777","nm":"GALEGO DO DOD\u00d4","cc":"SOLIDARIEDADE","nv":" ","e":"n","st":"N\u00e3o eleito","dvt":"V\u00e1lido","vap":"39","pvap":"   0,40"},{"seq":"16","sqcand":"100001251651","n":"15555","nm":"LINDON JHONSON","cc":"MDB","nv":" ","e":"n","st":"Suplente","dvt":"V\u00e1lido","vap":"278","pvap":"   2,86"},{"seq":"10","sqcand":"100001249102","n":"12111","nm":"GILDAZIO","cc":"PDT","nv":" ","e":"s","st":"Eleito","dvt":"V\u00e1lido","vap":"308","pvap":"   3,17"},{"seq":"18","sqcand":"100001251660","n":"15200","nm":"ANTONIO JOS\u00c9 TOBIAS","cc":"MDB","nv":" ","e":"n","st":"Suplente","dvt":"V\u00e1lido","vap":"242","pvap":"   2,49"},{"seq":"42","sqcand":"100001248651","n":"13580","nm":"DERCIO SOUSA","cc":"PT","nv":" ","e":"n","st":"N\u00e3o eleito","dvt":"V\u00e1lido","vap":"27","pvap":"   0,28"},{"seq":"27","sqcand":"100001249101","n":"12222","nm":"LUIS CARLOS","cc":"PDT","nv":" ","e":"n","st":"Suplente","dvt":"V\u00e1lido","vap":"92","pvap":"   0,95"},{"seq":"13","sqcand":"100001249104","n":"12345","nm":"GRA\u00c7A CARVALHO","cc":"PDT","nv":" ","e":"n","st":"Suplente","dvt":"V\u00e1lido","vap":"298","pvap":"   3,07"},{"seq":"2","sqcand":"100001046250","n":"65555","nm":"FABYANNO","cc":"PC do B","nv":" ","e":"s","st":"Eleito","dvt":"V\u00e1lido","vap":"609","pvap":"   6,27"},{"seq":"23","sqcand":"100001046246","n":"65432","nm":"SUE BORGES","cc":"PC do B","nv":" ","e":"n","st":"Suplente","dvt":"V\u00e1lido","vap":"146","pvap":"   1,50"},{"seq":"12","sqcand":"100001046252","n":"65999","nm":"MARIQUINHA","cc":"PC do B","nv":" ","e":"n","st":"Suplente","dvt":"V\u00e1lido","vap":"336","pvap":"   3,46"},{"seq":"11","sqcand":"100001251656","n":"15123","nm":"MAZIM PORTELA","cc":"MDB","nv":" ","e":"s","st":"Eleito","dvt":"V\u00e1lido","vap":"302","pvap":"   3,11"},{"seq":"4","sqcand":"100001251654","n":"15615","nm":"FRANCISCO DA GRACY","cc":"MDB","nv":" ","e":"s","st":"Eleito","dvt":"V\u00e1lido","vap":"512","pvap":"   5,27"},{"seq":"9","sqcand":"100001227906","n":"14123","nm":"JUNIOR PORTUGAL","cc":"PTB","nv":" ","e":"s","st":"Eleito","dvt":"V\u00e1lido","vap":"312","pvap":"   3,21"},{"seq":"38","sqcand":"100000778810","n":"51555","nm":"TAMARA JORDELIA","cc":"PATRIOTA","nv":" ","e":"n","st":"N\u00e3o eleito","dvt":"V\u00e1lido","vap":"78","pvap":"   0,80"},{"seq":"32","sqcand":"100001227905","n":"14614","nm":"NEN\u00c9M DA DELFINA","cc":"PTB","nv":" ","e":"n","st":"Suplente","dvt":"V\u00e1lido","vap":"10","pvap":"   0,10"},{"seq":"43","sqcand":"100000778809","n":"51444","nm":"FRANCISCO AMORIM","cc":"PATRIOTA","nv":" ","e":"n","st":"N\u00e3o eleito","dvt":"V\u00e1lido","vap":"26","pvap":"   0,27"},{"seq":"45","sqcand":"100001263402","n":"13444","nm":"JO\u00c3O NETO","cc":"PT","nv":" ","e":"n","st":"N\u00e3o eleito","dvt":"V\u00e1lido","vap":"26","pvap":"   0,27"},{"seq":"7","sqcand":"100001046248","n":"65888","nm":"ELI","cc":"PC do B","nv":" ","e":"s","st":"Eleito","dvt":"V\u00e1lido","vap":"387","pvap":"   3,98"},{"seq":"15","sqcand":"100001251653","n":"15134","nm":"JUNIOR SOARES","cc":"MDB","nv":" ","e":"n","st":"Suplente","dvt":"V\u00e1lido","vap":"293","pvap":"   3,02"},{"seq":"22","sqcand":"100001227909","n":"14000","nm":"GILVAN","cc":"PTB","nv":" ","e":"n","st":"Suplente","dvt":"V\u00e1lido","vap":"167","pvap":"   1,72"},{"seq":"50","sqcand":"100001248646","n":"13555","nm":"TOIN TOMAZ","cc":"PT","nv":" ","e":"n","st":"N\u00e3o eleito","dvt":"V\u00e1lido","vap":"0","pvap":"00.00"},{"seq":"6","sqcand":"100001251649","n":"15000","nm":"JUNIOR NEG\u00c3O","cc":"MDB","nv":" ","e":"s","st":"Eleito","dvt":"V\u00e1lido","vap":"455","pvap":"   4,68"},{"seq":"47","sqcand":"100001248649","n":"13113","nm":"LUC\u00c9LIA ROCHA","cc":"PT","nv":" ","e":"n","st":"N\u00e3o eleito","dvt":"V\u00e1lido","vap":"12","pvap":"   0,12"},{"seq":"17","sqcand":"100001251650","n":"15602","nm":"BERNADO ZEZECA","cc":"MDB","nv":" ","e":"n","st":"Suplente","dvt":"V\u00e1lido","vap":"256","pvap":"   2,64"},{"seq":"48","sqcand":"100000778808","n":"51111","nm":"JO\u00c3O PARAN\u00c1","cc":"PATRIOTA","nv":" ","e":"n","st":"N\u00e3o eleito","dvt":"V\u00e1lido","vap":"11","pvap":"   0,11"},{"seq":"39","sqcand":"100001248647","n":"13111","nm":"FRANCISQUIM DUDA","cc":"PT","nv":" ","e":"n","st":"N\u00e3o eleito","dvt":"V\u00e1lido","vap":"56","pvap":"   0,58"},{"seq":"3","sqcand":"100001251658","n":"15222","nm":"Z\u00c9 PAULO DO BAD\u00c1","cc":"MDB","nv":" ","e":"s","st":"Eleito","dvt":"V\u00e1lido","vap":"578","pvap":"   5,95"},{"seq":"8","sqcand":"100001046245","n":"65789","nm":"PROFESSOR SANTANA","cc":"PC do B","nv":" ","e":"s","st":"Eleito","dvt":"V\u00e1lido","vap":"385","pvap":"   3,96"},{"seq":"41","sqcand":"100001248648","n":"13133","nm":"VERONICA DO MARCI","cc":"PT","nv":" ","e":"n","st":"N\u00e3o eleito","dvt":"V\u00e1lido","vap":"36","pvap":"   0,37"},{"seq":"5","sqcand":"100001251661","n":"15604","nm":"CHAGAS CAMILO JUNIOR","cc":"MDB","nv":" ","e":"s","st":"Eleito","dvt":"V\u00e1lido","vap":"462","pvap":"   4,76"},{"seq":"1","sqcand":"100001046251","n":"65111","nm":"HELYCA LUSTOSA","cc":"PC do B","nv":" ","e":"s","st":"Eleito","dvt":"V\u00e1lido","vap":"777","pvap":"   8,00"},{"seq":"34","sqcand":"100001227903","n":"14511","nm":"ANDREIA","cc":"PTB","nv":" ","e":"n","st":"Suplente","dvt":"V\u00e1lido","vap":"1","pvap":"   0,01"},{"seq":"24","sqcand":"100001251652","n":"15999","nm":"CARM\u00c9LIA","cc":"MDB","nv":" ","e":"n","st":"Suplente","dvt":"V\u00e1lido","vap":"142","pvap":"   1,46"},{"seq":"46","sqcand":"100001248653","n":"13131","nm":"JO\u00c3O PEDRO","cc":"PT","nv":" ","e":"n","st":"N\u00e3o eleito","dvt":"V\u00e1lido","vap":"22","pvap":"   0,23"},{"seq":"19","sqcand":"100001251655","n":"15601","nm":"PROFESSORA ROSINHA","cc":"MDB","nv":" ","e":"n","st":"Suplente","dvt":"V\u00e1lido","vap":"222","pvap":"   2,29"},{"seq":"28","sqcand":"100001046244","n":"65444","nm":"ENNUS","cc":"PC do B","nv":" ","e":"n","st":"Suplente","dvt":"V\u00e1lido","vap":"92","pvap":"   0,95"}]}
