{"ele":"426","tpabr":"mu","cdabr":"08281","carper":"13","t":"1","f":"o","dt":"15/11/2020","ht":"21:53:53","dv":"s","tf":"s","v":"9","esae":"n","mnae":"","s":"21","st":"21","pst":" 100,00","snt":"0","psnt":"   0,00","si":"21","psi":" 100,00","sni":"0","psni":"   0,00","sa":"21","psa":" 100,00","sna":"0","psna":"   0,00","e":"7912","ea":"7912","pea":" 100,00","ena":"0","pena":"   0,00","esi":"7912","pesi":" 100,00","esni":"0","pesni":"   0,00","c":"6789","pc":"  85,81","a":"1123","pa":"  14,19","vscv":"0","vnom":"6078","vl":"313","pvnom":"  95,10","pvl":"   4,90","vvc":"6548","pvvc":"  96,45","vb":"29","pvb":"   0,43","tvn":"212","ptvn":"   3,12","vn":"212","pvn":" 100,00","vnt":"0","pvnt":"   0,00","vp":"0","pvp":"   0,00","vv":"6391","pvv":"  97,60","van":"0","pvan":"   0,00","vansj":"157","pvansj":"   2,40","tv":"6789","cand":[{"seq":"38","sqcand":"100001183454","n":"15555","nm":"ANDREIA LIMA","cc":"MDB","nv":" ","e":"n","st":"Suplente","dvt":"V\u00e1lido","vap":"40","pvap":"   0,61"},{"seq":"74","sqcand":"100001191140","n":"40999","nm":"KAYANE","cc":"PSB","nv":" ","e":"n","st":"N\u00e3o eleito","dvt":"V\u00e1lido","vap":"23","pvap":"   0,35"},{"seq":"42","sqcand":"100001192703","n":"65333","nm":"VALDINAR BARROS","cc":"PC do B","nv":" ","e":"n","st":"Suplente","dvt":"V\u00e1lido","vap":"30","pvap":"   0,46"},{"seq":"4","sqcand":"100001192710","n":"65678","nm":"TATU DO ROBERT\u00c3O","cc":"PC do B","nv":" ","e":"s","st":"Eleito","dvt":"V\u00e1lido","vap":"222","pvap":"   3,39"},{"seq":"77","sqcand":"100001191144","n":"40555","nm":"JONATHAS LEAL","cc":"PSB","nv":" ","e":"n","st":"N\u00e3o eleito","dvt":"V\u00e1lido","vap":"17","pvap":"   0,26"},{"seq":"18","sqcand":"100001192712","n":"65444","nm":"DEUZINHA DA SAUDE","cc":"PC do B","nv":" ","e":"n","st":"Suplente","dvt":"V\u00e1lido","vap":"118","pvap":"   1,80"},{"seq":"52","sqcand":"100001190355","n":"25343","nm":"DICIMAR SANTOS","cc":"DEM","nv":" ","e":"n","st":"Suplente","dvt":"V\u00e1lido","vap":"11","pvap":"   0,17"},{"seq":"44","sqcand":"100001192707","n":"65234","nm":"Z\u00c9 FILHO PRATES","cc":"PC do B","nv":" ","e":"n","st":"Suplente","dvt":"V\u00e1lido","vap":"27","pvap":"   0,41"},{"seq":"72","sqcand":"100001185270","n":"14000","nm":"ITAAN AGUIAR","cc":"PTB","nv":" ","e":"n","st":"N\u00e3o eleito","dvt":"V\u00e1lido","vap":"26","pvap":"   0,40"},{"seq":"29","sqcand":"100001183448","n":"15222","nm":"UDSON MARCOS","cc":"MDB","nv":" ","e":"n","st":"Suplente","dvt":"V\u00e1lido","vap":"64","pvap":"   0,98"},{"seq":"46","sqcand":"100001190347","n":"25000","nm":"VALDEIR DO PIPA","cc":"DEM","nv":" ","e":"n","st":"Suplente","dvt":"V\u00e1lido","vap":"24","pvap":"   0,37"},{"seq":"34","sqcand":"100001192714","n":"65777","nm":"IVAN CAVALCANTE","cc":"PC do B","nv":" ","e":"n","st":"Suplente","dvt":"V\u00e1lido","vap":"45","pvap":"   0,69"},{"seq":"11","sqcand":"100001183446","n":"15678","nm":"PASCOAL BRANCO","cc":"MDB","nv":" ","e":"n","st":"Suplente","dvt":"V\u00e1lido","vap":"173","pvap":"   2,64"},{"seq":"69","sqcand":"100001183753","n":"23456","nm":"PROFESSOR LUIZ","cc":"CIDADANIA","nv":" ","e":"n","st":"N\u00e3o eleito","dvt":"V\u00e1lido","vap":"27","pvap":"   0,41"},{"seq":"57","sqcand":"100001191135","n":"40000","nm":"FRANCISCO DO ROBERTAO","cc":"PSB","nv":" ","e":"n","st":"N\u00e3o eleito","dvt":"V\u00e1lido","vap":"104","pvap":"   1,59"},{"seq":"80","sqcand":"100001185265","n":"14275","nm":"IRM\u00c3O JANIO","cc":"PTB","nv":" ","e":"n","st":"N\u00e3o eleito","dvt":"V\u00e1lido","vap":"13","pvap":"   0,20"},{"seq":"75","sqcand":"100001185268","n":"14555","nm":"PASTOR IRIS","cc":"PTB","nv":" ","e":"n","st":"N\u00e3o eleito","dvt":"V\u00e1lido","vap":"22","pvap":"   0,34"},{"seq":"16","sqcand":"100001174673","n":"17234","nm":"JUCILENE PRATES","cc":"PSL","nv":" ","e":"n","st":"Suplente","dvt":"V\u00e1lido","vap":"146","pvap":"   2,23"},{"seq":"66","sqcand":"100001185266","n":"14111","nm":"IRM\u00c3O JUNIOR","cc":"PTB","nv":" ","e":"n","st":"N\u00e3o eleito","dvt":"V\u00e1lido","vap":"36","pvap":"   0,55"},{"seq":"13","sqcand":"100001174678","n":"17000","nm":"BRUNO LEAL","cc":"PSL","nv":" ","e":"n","st":"Suplente","dvt":"V\u00e1lido","vap":"158","pvap":"   2,41"},{"seq":"58","sqcand":"100001183442","n":"15123","nm":"JOSU\u00c9 OLIVEIRA","cc":"MDB","nv":" ","e":"n","st":"N\u00e3o eleito","dvt":"Anulado sub judice","vap":"95","pvap":"   1,45"},{"seq":"85","sqcand":"100001183755","n":"23333","nm":"HAYLANA","cc":"CIDADANIA","nv":" ","e":"n","st":"N\u00e3o eleito","dvt":"V\u00e1lido","vap":"1","pvap":"   0,02"},{"seq":"56","sqcand":"100001185269","n":"14333","nm":"REINALDO PANEL\u00c3O","cc":"PTB","nv":" ","e":"n","st":"N\u00e3o eleito","dvt":"V\u00e1lido","vap":"119","pvap":"   1,82"},{"seq":"6","sqcand":"100001190357","n":"25222","nm":"ALYSSON DO GINO","cc":"DEM","nv":" ","e":"s","st":"Eleito","dvt":"V\u00e1lido","vap":"196","pvap":"   2,99"},{"seq":"70","sqcand":"100001191139","n":"40333","nm":"JHONNE MELLO","cc":"PSB","nv":" ","e":"n","st":"N\u00e3o eleito","dvt":"V\u00e1lido","vap":"27","pvap":"   0,41"},{"seq":"81","sqcand":"100001185267","n":"14222","nm":"PR EDSON FRAZ\u00c3O","cc":"PTB","nv":" ","e":"n","st":"N\u00e3o eleito","dvt":"V\u00e1lido","vap":"11","pvap":"   0,17"},{"seq":"20","sqcand":"100001174672","n":"17888","nm":"ANTONIO DA PJ","cc":"PSL","nv":" ","e":"n","st":"Suplente","dvt":"V\u00e1lido","vap":"108","pvap":"   1,65"},{"seq":"32","sqcand":"100001192716","n":"65222","nm":"ELIAS DO TRECHO SECO","cc":"PC do B","nv":" ","e":"n","st":"Suplente","dvt":"V\u00e1lido","vap":"47","pvap":"   0,72"},{"seq":"79","sqcand":"100001185271","n":"14888","nm":"DOUTORZINHO","cc":"PTB","nv":" ","e":"n","st":"N\u00e3o eleito","dvt":"V\u00e1lido","vap":"13","pvap":"   0,20"},{"seq":"41","sqcand":"100001183453","n":"15333","nm":"NILDA COSTA","cc":"MDB","nv":" ","e":"n","st":"Suplente","dvt":"V\u00e1lido","vap":"33","pvap":"   0,50"},{"seq":"83","sqcand":"100001183750","n":"23511","nm":"MARIA COSTA","cc":"CIDADANIA","nv":" ","e":"n","st":"N\u00e3o eleito","dvt":"V\u00e1lido","vap":"4","pvap":"   0,06"},{"seq":"71","sqcand":"100001191136","n":"40888","nm":"PROFESSORA  IRENE","cc":"PSB","nv":" ","e":"n","st":"N\u00e3o eleito","dvt":"V\u00e1lido","vap":"26","pvap":"   0,40"},{"seq":"45","sqcand":"100001192704","n":"65789","nm":"LEONARDO PEREIRA","cc":"PC do B","nv":" ","e":"n","st":"Suplente","dvt":"V\u00e1lido","vap":"25","pvap":"   0,38"},{"seq":"9","sqcand":"100001174670","n":"17333","nm":"CHIQUINHO DA CALU","cc":"PSL","nv":" ","e":"s","st":"Eleito","dvt":"V\u00e1lido","vap":"171","pvap":"   2,61"},{"seq":"7","sqcand":"100001190353","n":"25333","nm":"MARCOS AGUIAR","cc":"DEM","nv":" ","e":"s","st":"Eleito","dvt":"V\u00e1lido","vap":"174","pvap":"   2,66"},{"seq":"19","sqcand":"100001190346","n":"25444","nm":"BBZ\u00c3O DO Z\u00c9 WILSON","cc":"DEM","nv":" ","e":"n","st":"Suplente","dvt":"V\u00e1lido","vap":"118","pvap":"   1,80"},{"seq":"61","sqcand":"100001191143","n":"40111","nm":"ADRIELE","cc":"PSB","nv":" ","e":"n","st":"N\u00e3o eleito","dvt":"V\u00e1lido","vap":"51","pvap":"   0,78"},{"seq":"21","sqcand":"100001174676","n":"17111","nm":"POTOTA","cc":"PSL","nv":" ","e":"n","st":"Suplente","dvt":"V\u00e1lido","vap":"86","pvap":"   1,31"},{"seq":"86","sqcand":"100001183751","n":"23678","nm":"LINDON JONSON","cc":"CIDADANIA","nv":" ","e":"n","st":"N\u00e3o eleito","dvt":"V\u00e1lido","vap":"0","pvap":"00.00"},{"seq":"78","sqcand":"100001185264","n":"14100","nm":"KETIANE CANTORA","cc":"PTB","nv":" ","e":"n","st":"N\u00e3o eleito","dvt":"V\u00e1lido","vap":"14","pvap":"   0,21"},{"seq":"8","sqcand":"100001174677","n":"17123","nm":"LARISSA DO ZE DOIA","cc":"PSL","nv":" ","e":"s","st":"Eleito","dvt":"V\u00e1lido","vap":"174","pvap":"   2,66"},{"seq":"67","sqcand":"100001191142","n":"40444","nm":"ANA TORRES","cc":"PSB","nv":" ","e":"n","st":"N\u00e3o eleito","dvt":"V\u00e1lido","vap":"35","pvap":"   0,53"},{"seq":"55","sqcand":"100001183754","n":"23123","nm":"LISTA","cc":"CIDADANIA","nv":" ","e":"n","st":"N\u00e3o eleito","dvt":"V\u00e1lido","vap":"167","pvap":"   2,55"},{"seq":"73","sqcand":"100001191134","n":"40789","nm":"CLAUDIANA SOUSA","cc":"PSB","nv":" ","e":"n","st":"N\u00e3o eleito","dvt":"V\u00e1lido","vap":"25","pvap":"   0,38"},{"seq":"36","sqcand":"100001183443","n":"15122","nm":"ANT\u00d4NIO MAGUIM","cc":"MDB","nv":" ","e":"n","st":"Suplente","dvt":"V\u00e1lido","vap":"42","pvap":"   0,64"},{"seq":"43","sqcand":"100001183452","n":"15111","nm":"CRISTIANE CORREA","cc":"MDB","nv":" ","e":"n","st":"Suplente","dvt":"V\u00e1lido","vap":"29","pvap":"   0,44"},{"seq":"33","sqcand":"100001192706","n":"65456","nm":"TOINHA DO HOSPITAL","cc":"PC do B","nv":" ","e":"n","st":"Suplente","dvt":"V\u00e1lido","vap":"45","pvap":"   0,69"},{"seq":"3","sqcand":"100001174674","n":"17456","nm":"JARDEL BARROSO","cc":"PSL","nv":" ","e":"s","st":"Eleito","dvt":"V\u00e1lido","vap":"231","pvap":"   3,53"},{"seq":"76","sqcand":"100001183749","n":"23789","nm":"MENEGA","cc":"CIDADANIA","nv":" ","e":"n","st":"N\u00e3o eleito","dvt":"V\u00e1lido","vap":"20","pvap":"   0,31"},{"seq":"39","sqcand":"100001192708","n":"65888","nm":"ELINEIDE SANTANA","cc":"PC do B","nv":" ","e":"n","st":"Suplente","dvt":"V\u00e1lido","vap":"37","pvap":"   0,57"},{"seq":"48","sqcand":"100001192715","n":"65995","nm":"PROFESSORA SILVANA ","cc":"PC do B","nv":" ","e":"n","st":"Suplente","dvt":"V\u00e1lido","vap":"21","pvap":"   0,32"},{"seq":"2","sqcand":"100001183444","n":"15000","nm":"FRANCISCO VALE","cc":"MDB","nv":" ","e":"s","st":"Eleito","dvt":"V\u00e1lido","vap":"254","pvap":"   3,88"},{"seq":"37","sqcand":"100001183449","n":"15567","nm":"ADY MARINHO","cc":"MDB","nv":" ","e":"n","st":"Suplente","dvt":"V\u00e1lido","vap":"40","pvap":"   0,61"},{"seq":"5","sqcand":"100001183450","n":"15888","nm":"FOGOI\u00d3 LIRA","cc":"MDB","nv":" ","e":"s","st":"Eleito","dvt":"V\u00e1lido","vap":"205","pvap":"   3,13"},{"seq":"51","sqcand":"100001190350","n":"25567","nm":"NANTICO DO TRECHO SECO","cc":"DEM","nv":" ","e":"n","st":"Suplente","dvt":"V\u00e1lido","vap":"15","pvap":"   0,23"},{"seq":"53","sqcand":"100001190351","n":"25678","nm":"MARILENE MANICURE","cc":"DEM","nv":" ","e":"n","st":"Suplente","dvt":"V\u00e1lido","vap":"6","pvap":"   0,09"},{"seq":"87","sqcand":"100001183752","n":"23444","nm":"LAURILENE","cc":"CIDADANIA","nv":" ","e":"n","st":"N\u00e3o eleito","dvt":"V\u00e1lido","vap":"0","pvap":"00.00"},{"seq":"65","sqcand":"100001185262","n":"14777","nm":"IRM\u00c3 LUZIVANIA","cc":"PTB","nv":" ","e":"n","st":"N\u00e3o eleito","dvt":"V\u00e1lido","vap":"41","pvap":"   0,63"},{"seq":"23","sqcand":"100001183445","n":"15015","nm":"TOIM RODRIGUES","cc":"MDB","nv":" ","e":"n","st":"Suplente","dvt":"V\u00e1lido","vap":"80","pvap":"   1,22"},{"seq":"26","sqcand":"100001190356","n":"25888","nm":"PROFESSORA ADALGISA CANELA","cc":"DEM","nv":" ","e":"n","st":"Suplente","dvt":"V\u00e1lido","vap":"72","pvap":"   1,10"},{"seq":"30","sqcand":"100001174675","n":"17555","nm":"GINA FREITAS","cc":"PSL","nv":" ","e":"n","st":"Suplente","dvt":"V\u00e1lido","vap":"60","pvap":"   0,92"},{"seq":"24","sqcand":"100001174669","n":"17678","nm":"IRMA GLORIA CAVALCANTE","cc":"PSL","nv":" ","e":"n","st":"Suplente","dvt":"V\u00e1lido","vap":"77","pvap":"   1,18"},{"seq":"28","sqcand":"100001190354","n":"25999","nm":"DRA SOCORRO","cc":"DEM","nv":" ","e":"n","st":"Suplente","dvt":"V\u00e1lido","vap":"64","pvap":"   0,98"},{"seq":"12","sqcand":"100001192713","n":"65555","nm":"CLAUDIAN DO GRILO","cc":"PC do B","nv":" ","e":"n","st":"Suplente","dvt":"V\u00e1lido","vap":"169","pvap":"   2,58"},{"seq":"63","sqcand":"100001185272","n":"14456","nm":"NENENZIN","cc":"PTB","nv":" ","e":"n","st":"N\u00e3o eleito","dvt":"V\u00e1lido","vap":"43","pvap":"   0,66"},{"seq":"50","sqcand":"100001174668","n":"17137","nm":"ROMARIO PANTA","cc":"PSL","nv":" ","e":"n","st":"Suplente","dvt":"V\u00e1lido","vap":"15","pvap":"   0,23"},{"seq":"15","sqcand":"100001190352","n":"25555","nm":"MARQUEL REIS","cc":"DEM","nv":" ","e":"n","st":"Suplente","dvt":"V\u00e1lido","vap":"152","pvap":"   2,32"},{"seq":"68","sqcand":"100001191141","n":"40123","nm":"MATHEUS SANTOS","cc":"PSB","nv":" ","e":"n","st":"N\u00e3o eleito","dvt":"V\u00e1lido","vap":"35","pvap":"   0,53"},{"seq":"84","sqcand":"100001183748","n":"23445","nm":"AMANDA","cc":"CIDADANIA","nv":" ","e":"n","st":"N\u00e3o eleito","dvt":"V\u00e1lido","vap":"1","pvap":"   0,02"},{"seq":"17","sqcand":"100001174667","n":"17345","nm":"PAJUCA","cc":"PSL","nv":" ","e":"n","st":"Suplente","dvt":"V\u00e1lido","vap":"130","pvap":"   1,99"},{"seq":"14","sqcand":"100001192711","n":"65123","nm":"AROLDO LIRA","cc":"PC do B","nv":" ","e":"n","st":"Suplente","dvt":"V\u00e1lido","vap":"156","pvap":"   2,38"},{"seq":"31","sqcand":"100001174671","n":"17444","nm":"SUZANA PINHEIRO","cc":"PSL","nv":" ","e":"n","st":"Suplente","dvt":"V\u00e1lido","vap":"54","pvap":"   0,82"},{"seq":"59","sqcand":"100001185273","n":"14123","nm":"PROFESSORA SHEILA","cc":"PTB","nv":" ","e":"n","st":"N\u00e3o eleito","dvt":"V\u00e1lido","vap":"75","pvap":"   1,15"},{"seq":"49","sqcand":"100001183451","n":"15789","nm":"MARIA LUIZA","cc":"MDB","nv":" ","e":"n","st":"Suplente","dvt":"V\u00e1lido","vap":"19","pvap":"   0,29"},{"seq":"27","sqcand":"100001190348","n":"25456","nm":"DEUZIMAR DO TRECHO SECO","cc":"DEM","nv":" ","e":"n","st":"Suplente","dvt":"V\u00e1lido","vap":"72","pvap":"   1,10"},{"seq":"54","sqcand":"100001190359","n":"25777","nm":"ROSA PARAENSE","cc":"DEM","nv":" ","e":"n","st":"Suplente","dvt":"V\u00e1lido","vap":"2","pvap":"   0,03"},{"seq":"64","sqcand":"100001191138","n":"40222","nm":"WILIAS RAMOS","cc":"PSB","nv":" ","e":"n","st":"N\u00e3o eleito","dvt":"V\u00e1lido","vap":"43","pvap":"   0,66"},{"seq":"47","sqcand":"100001192705","n":"65065","nm":"CAR\u00da CANTOR","cc":"PC do B","nv":" ","e":"n","st":"Suplente","dvt":"V\u00e1lido","vap":"23","pvap":"   0,35"},{"seq":"60","sqcand":"100001185263","n":"14444","nm":"IRM\u00c3 ANTONIA BORGES","cc":"PTB","nv":" ","e":"n","st":"N\u00e3o eleito","dvt":"Anulado sub judice","vap":"57","pvap":"   0,87"},{"seq":"10","sqcand":"100001183455","n":"15369","nm":"CHICO PERNAMBUCO","cc":"MDB","nv":" ","e":"n","st":"Suplente","dvt":"V\u00e1lido","vap":"182","pvap":"   2,78"},{"seq":"25","sqcand":"100001190349","n":"25111","nm":"OSVALDO BARROS","cc":"DEM","nv":" ","e":"n","st":"Suplente","dvt":"V\u00e1lido","vap":"73","pvap":"   1,11"},{"seq":"1","sqcand":"100001192709","n":"65345","nm":"TIAGO DO Z\u00c9 JAC\u00d3","cc":"PC do B","nv":" ","e":"s","st":"Eleito","dvt":"V\u00e1lido","vap":"340","pvap":"   5,19"},{"seq":"62","sqcand":"100001191137","n":"40777","nm":"WILDEGLAN","cc":"PSB","nv":" ","e":"n","st":"N\u00e3o eleito","dvt":"V\u00e1lido","vap":"46","pvap":"   0,70"},{"seq":"22","sqcand":"100001183447","n":"15456","nm":"VILMA","cc":"MDB","nv":" ","e":"n","st":"Suplente","dvt":"V\u00e1lido","vap":"81","pvap":"   1,24"},{"seq":"35","sqcand":"100001174665","n":"17777","nm":"EDILSON LINHARES","cc":"PSL","nv":" ","e":"n","st":"Suplente","dvt":"V\u00e1lido","vap":"44","pvap":"   0,67"},{"seq":"40","sqcand":"100001190358","n":"25789","nm":"LAURENTINO PIMENTA","cc":"DEM","nv":" ","e":"n","st":"Suplente","dvt":"V\u00e1lido","vap":"33","pvap":"   0,50"},{"seq":"82","sqcand":"100001183747","n":"23222","nm":"CHICO LOURO","cc":"CIDADANIA","nv":" ","e":"n","st":"N\u00e3o eleito","dvt":"Anulado sub judice","vap":"5","pvap":"   0,08"}]}
