{"ele":"426","tpabr":"mu","cdabr":"08290","carper":"13","t":"1","f":"o","dt":"15/11/2020","ht":"22:17:20","dv":"s","tf":"s","v":"11","esae":"n","mnae":"","s":"53","st":"53","pst":" 100,00","snt":"0","psnt":"   0,00","si":"53","psi":" 100,00","sni":"0","psni":"   0,00","sa":"53","psa":" 100,00","sna":"0","psna":"   0,00","e":"18065","ea":"18065","pea":" 100,00","ena":"0","pena":"   0,00","esi":"18065","pesi":" 100,00","esni":"0","pesni":"   0,00","c":"15871","pc":"  87,85","a":"2194","pa":"  12,15","vscv":"0","vnom":"14442","vl":"623","pvnom":"  95,86","pvl":"   4,14","vvc":"15065","pvvc":"  94,92","vb":"182","pvb":"   1,15","tvn":"624","ptvn":"   3,93","vn":"624","pvn":" 100,00","vnt":"0","pvnt":"   0,00","vp":"0","pvp":"   0,00","vv":"15065","pvv":" 100,00","van":"0","pvan":"   0,00","vansj":"0","pvansj":"   0,00","tv":"15871","cand":[{"seq":"58","sqcand":"100001028317","n":"55666","nm":"BATISTAO","cc":"PSD","nv":" ","e":"n","st":"Suplente","dvt":"V\u00e1lido","vap":"49","pvap":"   0,33"},{"seq":"62","sqcand":"100001105541","n":"22456","nm":"HERLENILSON","cc":"PL","nv":" ","e":"n","st":"Suplente","dvt":"V\u00e1lido","vap":"38","pvap":"   0,25"},{"seq":"51","sqcand":"100001028047","n":"51456","nm":"ZAQUEU MEIRELES","cc":"PATRIOTA","nv":" ","e":"n","st":"Suplente","dvt":"V\u00e1lido","vap":"72","pvap":"   0,48"},{"seq":"55","sqcand":"100001027004","n":"13123","nm":"MARIA FREITAS","cc":"PT","nv":" ","e":"n","st":"Suplente","dvt":"V\u00e1lido","vap":"58","pvap":"   0,38"},{"seq":"23","sqcand":"100001028321","n":"55678","nm":"ROSIOLETE BRITO","cc":"PSD","nv":" ","e":"n","st":"Suplente","dvt":"V\u00e1lido","vap":"222","pvap":"   1,47"},{"seq":"48","sqcand":"100001026898","n":"10000","nm":"EDINHO DO PAN","cc":"REPUBLICANOS","nv":" ","e":"n","st":"Suplente","dvt":"V\u00e1lido","vap":"78","pvap":"   0,52"},{"seq":"54","sqcand":"100001026996","n":"13789","nm":"PROFESSOR JORRIMAR","cc":"PT","nv":" ","e":"n","st":"Suplente","dvt":"V\u00e1lido","vap":"64","pvap":"   0,42"},{"seq":"56","sqcand":"100001028040","n":"51121","nm":"FABIO CHAGAS","cc":"PATRIOTA","nv":" ","e":"n","st":"Suplente","dvt":"V\u00e1lido","vap":"57","pvap":"   0,38"},{"seq":"4","sqcand":"100001028322","n":"55555","nm":"TOM","cc":"PSD","nv":" ","e":"s","st":"Eleito","dvt":"V\u00e1lido","vap":"657","pvap":"   4,36"},{"seq":"7","sqcand":"100001270739","n":"51234","nm":"J\u00daNIOR PEREIRA","cc":"PATRIOTA","nv":" ","e":"s","st":"Eleito","dvt":"V\u00e1lido","vap":"493","pvap":"   3,27"},{"seq":"36","sqcand":"100001026991","n":"13111","nm":"NILINHO","cc":"PT","nv":" ","e":"n","st":"Suplente","dvt":"V\u00e1lido","vap":"143","pvap":"   0,95"},{"seq":"22","sqcand":"100001026995","n":"13222","nm":"PERNEK","cc":"PT","nv":" ","e":"n","st":"Suplente","dvt":"V\u00e1lido","vap":"226","pvap":"   1,50"},{"seq":"65","sqcand":"100001026897","n":"10442","nm":"PROFESSORA CLEMILDA","cc":"REPUBLICANOS","nv":" ","e":"n","st":"Suplente","dvt":"V\u00e1lido","vap":"28","pvap":"   0,19"},{"seq":"8","sqcand":"100001105546","n":"22000","nm":"ERIKSON AZEVEDO","cc":"PL","nv":" ","e":"s","st":"Eleito","dvt":"V\u00e1lido","vap":"481","pvap":"   3,19"},{"seq":"34","sqcand":"100001026899","n":"10122","nm":"CLAUDIONR DO SAO RAIMUNDO","cc":"REPUBLICANOS","nv":" ","e":"n","st":"Suplente","dvt":"V\u00e1lido","vap":"151","pvap":"   1,00"},{"seq":"27","sqcand":"100001028470","n":"65100","nm":"WALISON DO AQUIRI","cc":"PC do B","nv":" ","e":"n","st":"Suplente","dvt":"V\u00e1lido","vap":"199","pvap":"   1,32"},{"seq":"2","sqcand":"100001028467","n":"65000","nm":"FLORIMAR BASTOS","cc":"PC do B","nv":" ","e":"s","st":"Eleito","dvt":"V\u00e1lido","vap":"840","pvap":"   5,58"},{"seq":"25","sqcand":"100001028042","n":"51333","nm":"RISELDA CUTRIM","cc":"PATRIOTA","nv":" ","e":"n","st":"Suplente","dvt":"V\u00e1lido","vap":"213","pvap":"   1,41"},{"seq":"75","sqcand":"100001026992","n":"13654","nm":"LEILIANE GALV\u00c3O","cc":"PT","nv":" ","e":"n","st":"Suplente","dvt":"V\u00e1lido","vap":"9","pvap":"   0,06"},{"seq":"46","sqcand":"100001028044","n":"51555","nm":"SILVIO ROMERO","cc":"PATRIOTA","nv":" ","e":"n","st":"Suplente","dvt":"V\u00e1lido","vap":"84","pvap":"   0,56"},{"seq":"70","sqcand":"100001028466","n":"65777","nm":"FABIA DE DUVAL","cc":"PC do B","nv":" ","e":"n","st":"Suplente","dvt":"V\u00e1lido","vap":"12","pvap":"   0,08"},{"seq":"16","sqcand":"100001028046","n":"51123","nm":"Z\u00c9 ORLANDO DE SANTA IZABEL","cc":"PATRIOTA","nv":" ","e":"n","st":"Suplente","dvt":"V\u00e1lido","vap":"321","pvap":"   2,13"},{"seq":"40","sqcand":"100001027000","n":"13333","nm":"RAIMUNDO JOSE 3 R","cc":"PT","nv":" ","e":"n","st":"Suplente","dvt":"V\u00e1lido","vap":"102","pvap":"   0,68"},{"seq":"21","sqcand":"100001028323","n":"55456","nm":"NEILTON","cc":"PSD","nv":" ","e":"n","st":"Suplente","dvt":"V\u00e1lido","vap":"228","pvap":"   1,51"},{"seq":"68","sqcand":"100001028315","n":"55222","nm":"NALDINHA","cc":"PSD","nv":" ","e":"n","st":"Suplente","dvt":"V\u00e1lido","vap":"22","pvap":"   0,15"},{"seq":"35","sqcand":"100001105539","n":"22555","nm":"BICA DE BACO","cc":"PL","nv":" ","e":"n","st":"Suplente","dvt":"V\u00e1lido","vap":"148","pvap":"   0,98"},{"seq":"73","sqcand":"100001105545","n":"22111","nm":"PATRICIA SANTOS","cc":"PL","nv":" ","e":"n","st":"Suplente","dvt":"V\u00e1lido","vap":"10","pvap":"   0,07"},{"seq":"45","sqcand":"100001027002","n":"13369","nm":"TAIRLA DA GRA\u00c7A","cc":"PT","nv":" ","e":"n","st":"Suplente","dvt":"V\u00e1lido","vap":"86","pvap":"   0,57"},{"seq":"66","sqcand":"100001105535","n":"22123","nm":"VICENTE","cc":"PL","nv":" ","e":"n","st":"Suplente","dvt":"V\u00e1lido","vap":"26","pvap":"   0,17"},{"seq":"26","sqcand":"100001028320","n":"55333","nm":"FILIPE DE BURN\u00c9","cc":"PSD","nv":" ","e":"n","st":"Suplente","dvt":"V\u00e1lido","vap":"200","pvap":"   1,33"},{"seq":"14","sqcand":"100001105536","n":"22223","nm":"VILMA DOS PAULOS","cc":"PL","nv":" ","e":"n","st":"Suplente","dvt":"V\u00e1lido","vap":"405","pvap":"   2,69"},{"seq":"28","sqcand":"100001026900","n":"10222","nm":"RUBINHO DE QUARENTA","cc":"REPUBLICANOS","nv":" ","e":"n","st":"Suplente","dvt":"V\u00e1lido","vap":"183","pvap":"   1,21"},{"seq":"63","sqcand":"100001027001","n":"13666","nm":"PEDRO BATATA","cc":"PT","nv":" ","e":"n","st":"Suplente","dvt":"V\u00e1lido","vap":"30","pvap":"   0,20"},{"seq":"5","sqcand":"100001028475","n":"65222","nm":"VILMA DE SANTA MARIA","cc":"PC do B","nv":" ","e":"s","st":"Eleito","dvt":"V\u00e1lido","vap":"569","pvap":"   3,78"},{"seq":"60","sqcand":"100001028474","n":"65444","nm":"LINDAGERLE","cc":"PC do B","nv":" ","e":"n","st":"Suplente","dvt":"V\u00e1lido","vap":"45","pvap":"   0,30"},{"seq":"72","sqcand":"100001028036","n":"51111","nm":"MARIA DE MALVINA","cc":"PATRIOTA","nv":" ","e":"n","st":"Suplente","dvt":"V\u00e1lido","vap":"10","pvap":"   0,07"},{"seq":"71","sqcand":"100001026997","n":"13555","nm":"DICO POV\u00c3O","cc":"PT","nv":" ","e":"n","st":"Suplente","dvt":"V\u00e1lido","vap":"11","pvap":"   0,07"},{"seq":"42","sqcand":"100001105543","n":"22558","nm":"GERRAD","cc":"PL","nv":" ","e":"n","st":"Suplente","dvt":"V\u00e1lido","vap":"100","pvap":"   0,66"},{"seq":"10","sqcand":"100001026907","n":"10456","nm":"MASTRANGELO RABELO","cc":"REPUBLICANOS","nv":" ","e":"s","st":"Eleito","dvt":"V\u00e1lido","vap":"356","pvap":"   2,36"},{"seq":"15","sqcand":"100001026903","n":"10444","nm":"NONATO DA MALHADA","cc":"REPUBLICANOS","nv":" ","e":"n","st":"Suplente","dvt":"V\u00e1lido","vap":"326","pvap":"   2,16"},{"seq":"9","sqcand":"100001026908","n":"10123","nm":"ULISSES SILVA","cc":"REPUBLICANOS","nv":" ","e":"s","st":"Eleito","dvt":"V\u00e1lido","vap":"431","pvap":"   2,86"},{"seq":"12","sqcand":"100001105538","n":"22369","nm":"KEK\u00c9 PINHEIRO","cc":"PL","nv":" ","e":"n","st":"Suplente","dvt":"V\u00e1lido","vap":"458","pvap":"   3,04"},{"seq":"30","sqcand":"100001028472","n":"65123","nm":"ARISTOTELES DE BELAS AGUAS","cc":"PC do B","nv":" ","e":"n","st":"Suplente","dvt":"V\u00e1lido","vap":"172","pvap":"   1,14"},{"seq":"20","sqcand":"100001028037","n":"51233","nm":"IRM\u00c3O NETO AIRES","cc":"PATRIOTA","nv":" ","e":"n","st":"Suplente","dvt":"V\u00e1lido","vap":"246","pvap":"   1,63"},{"seq":"31","sqcand":"100001026909","n":"10111","nm":"KMUNDA","cc":"REPUBLICANOS","nv":" ","e":"n","st":"Suplente","dvt":"V\u00e1lido","vap":"170","pvap":"   1,13"},{"seq":"24","sqcand":"100001026905","n":"10100","nm":"PROFESSOR MAGNO","cc":"REPUBLICANOS","nv":" ","e":"n","st":"Suplente","dvt":"V\u00e1lido","vap":"213","pvap":"   1,41"},{"seq":"43","sqcand":"100001026904","n":"10888","nm":"LEO PINHEIRO","cc":"REPUBLICANOS","nv":" ","e":"n","st":"Suplente","dvt":"V\u00e1lido","vap":"91","pvap":"   0,60"},{"seq":"18","sqcand":"100001026999","n":"13000","nm":"LOURINHO DE ITANS","cc":"PT","nv":" ","e":"n","st":"Suplente","dvt":"V\u00e1lido","vap":"262","pvap":"   1,74"},{"seq":"61","sqcand":"100001105542","n":"22333","nm":"ROSALINO DE CUTIA III","cc":"PL","nv":" ","e":"n","st":"Suplente","dvt":"V\u00e1lido","vap":"40","pvap":"   0,27"},{"seq":"29","sqcand":"100001028041","n":"51222","nm":"PROFESSOR DUDA","cc":"PATRIOTA","nv":" ","e":"n","st":"Suplente","dvt":"V\u00e1lido","vap":"173","pvap":"   1,15"},{"seq":"11","sqcand":"100001027005","n":"13456","nm":"QUERLANGELA DE PREFEITINHO","cc":"PT","nv":" ","e":"s","st":"Eleito","dvt":"V\u00e1lido","vap":"310","pvap":"   2,06"},{"seq":"6","sqcand":"100001028038","n":"51345","nm":"RUI RONE AMARAL","cc":"PATRIOTA","nv":" ","e":"s","st":"Eleito","dvt":"V\u00e1lido","vap":"563","pvap":"   3,74"},{"seq":"67","sqcand":"100001028045","n":"51515","nm":"HIANCA MEIRELES","cc":"PATRIOTA","nv":" ","e":"n","st":"Suplente","dvt":"V\u00e1lido","vap":"26","pvap":"   0,17"},{"seq":"17","sqcand":"100001028465","n":"65333","nm":"RAMOS PE\u00c7AS","cc":"PC do B","nv":" ","e":"n","st":"Suplente","dvt":"V\u00e1lido","vap":"292","pvap":"   1,94"},{"seq":"49","sqcand":"100001105534","n":"22366","nm":"SORAYMA DUARTE","cc":"PL","nv":" ","e":"n","st":"Suplente","dvt":"V\u00e1lido","vap":"77","pvap":"   0,51"},{"seq":"3","sqcand":"100001028471","n":"65789","nm":"FLORISMAR DO SINDICATO","cc":"PC do B","nv":" ","e":"s","st":"Eleito","dvt":"V\u00e1lido","vap":"745","pvap":"   4,95"},{"seq":"52","sqcand":"100001026901","n":"10567","nm":"KIKINHA DE EPIT\u00c1CIO","cc":"REPUBLICANOS","nv":" ","e":"n","st":"Suplente","dvt":"V\u00e1lido","vap":"67","pvap":"   0,44"},{"seq":"64","sqcand":"100001028476","n":"65555","nm":"DARILMA CASTRO","cc":"PC do B","nv":" ","e":"n","st":"Suplente","dvt":"V\u00e1lido","vap":"30","pvap":"   0,20"},{"seq":"41","sqcand":"100001028473","n":"65650","nm":"ROBERVAL PURO REGGAE","cc":"PC do B","nv":" ","e":"n","st":"Suplente","dvt":"V\u00e1lido","vap":"101","pvap":"   0,67"},{"seq":"44","sqcand":"100001028469","n":"65110","nm":"KAK\u00c1 DE PATUCINO","cc":"PC do B","nv":" ","e":"n","st":"Suplente","dvt":"V\u00e1lido","vap":"87","pvap":"   0,58"},{"seq":"47","sqcand":"100001026993","n":"13313","nm":"ADGINE","cc":"PT","nv":" ","e":"n","st":"Suplente","dvt":"V\u00e1lido","vap":"78","pvap":"   0,52"},{"seq":"59","sqcand":"100001028325","n":"55789","nm":"RAIMUNDO BELFORT","cc":"PSD","nv":" ","e":"n","st":"Suplente","dvt":"V\u00e1lido","vap":"49","pvap":"   0,33"},{"seq":"74","sqcand":"100001105537","n":"22777","nm":"ESTANISLAU","cc":"PL","nv":" ","e":"n","st":"Suplente","dvt":"V\u00e1lido","vap":"9","pvap":"   0,06"},{"seq":"13","sqcand":"100001028043","n":"51777","nm":"LULU DE UOSTO","cc":"PATRIOTA","nv":" ","e":"n","st":"Suplente","dvt":"V\u00e1lido","vap":"406","pvap":"   2,69"},{"seq":"57","sqcand":"100001026994","n":"13113","nm":"CAJARI","cc":"PT","nv":" ","e":"n","st":"Suplente","dvt":"V\u00e1lido","vap":"54","pvap":"   0,36"},{"seq":"1","sqcand":"100001028468","n":"65234","nm":"MARLIO DE Z\u00c9 MARIO","cc":"PC do B","nv":" ","e":"s","st":"Eleito","dvt":"V\u00e1lido","vap":"862","pvap":"   5,72"},{"seq":"33","sqcand":"100001026902","n":"10333","nm":"GILBERTINHO DO SAO RUFO","cc":"REPUBLICANOS","nv":" ","e":"n","st":"Suplente","dvt":"V\u00e1lido","vap":"158","pvap":"   1,05"},{"seq":"38","sqcand":"100001026998","n":"13444","nm":"RAIMUNDO DE ANJO","cc":"PT","nv":" ","e":"n","st":"Suplente","dvt":"V\u00e1lido","vap":"111","pvap":"   0,74"},{"seq":"37","sqcand":"100001026906","n":"10555","nm":"BETIANE PENHA","cc":"REPUBLICANOS","nv":" ","e":"n","st":"Suplente","dvt":"V\u00e1lido","vap":"115","pvap":"   0,76"},{"seq":"19","sqcand":"100001028039","n":"51000","nm":"JAIRO DE COSTINHA","cc":"PATRIOTA","nv":" ","e":"n","st":"Suplente","dvt":"V\u00e1lido","vap":"256","pvap":"   1,70"},{"seq":"53","sqcand":"100001028318","n":"55000","nm":"JOEL CUTRIM","cc":"PSD","nv":" ","e":"n","st":"Suplente","dvt":"V\u00e1lido","vap":"65","pvap":"   0,43"},{"seq":"32","sqcand":"100001027003","n":"13221","nm":"LOURO TURISMO","cc":"PT","nv":" ","e":"n","st":"Suplente","dvt":"V\u00e1lido","vap":"167","pvap":"   1,11"},{"seq":"69","sqcand":"100001028319","n":"55123","nm":"DAIANA SANTOS","cc":"PSD","nv":" ","e":"n","st":"Suplente","dvt":"V\u00e1lido","vap":"14","pvap":"   0,09"},{"seq":"76","sqcand":"100001105540","n":"22618","nm":"MARA DA ESPANHA","cc":"PL","nv":" ","e":"n","st":"Suplente","dvt":"V\u00e1lido","vap":"7","pvap":"   0,05"},{"seq":"39","sqcand":"100001028316","n":"55345","nm":"TICIANE COM","cc":"PSD","nv":" ","e":"n","st":"Suplente","dvt":"V\u00e1lido","vap":"110","pvap":"   0,73"},{"seq":"50","sqcand":"100001105544","n":"22222","nm":"GABI AZEVEDO","cc":"PL","nv":" ","e":"n","st":"Suplente","dvt":"V\u00e1lido","vap":"75","pvap":"   0,50"}]}
