{"ele":"426","tpabr":"mu","cdabr":"08320","carper":"13","t":"1","f":"o","dt":"15/11/2020","ht":"20:07:30","dv":"s","tf":"s","v":"9","esae":"n","mnae":"","s":"28","st":"28","pst":" 100,00","snt":"0","psnt":"   0,00","si":"28","psi":" 100,00","sni":"0","psni":"   0,00","sa":"28","psa":" 100,00","sna":"0","psna":"   0,00","e":"8578","ea":"8578","pea":" 100,00","ena":"0","pena":"   0,00","esi":"8578","pesi":" 100,00","esni":"0","pesni":"   0,00","c":"7191","pc":"  83,83","a":"1387","pa":"  16,17","vscv":"0","vnom":"6548","vl":"291","pvnom":"  95,74","pvl":"   4,26","vvc":"6917","pvvc":"  96,19","vb":"39","pvb":"   0,54","tvn":"235","ptvn":"   3,27","vn":"235","pvn":" 100,00","vnt":"0","pvnt":"   0,00","vp":"0","pvp":"   0,00","vv":"6839","pvv":"  98,87","van":"0","pvan":"   0,00","vansj":"78","pvansj":"   1,13","tv":"7191","cand":[{"seq":"37","sqcand":"100001127496","n":"10777","nm":"ANGELA DA BAIXADA","cc":"REPUBLICANOS","nv":" ","e":"n","st":"Suplente","dvt":"V\u00e1lido","vap":"22","pvap":"   0,32"},{"seq":"38","sqcand":"100000847433","n":"12112","nm":"PROF. RAILENE","cc":"PDT","nv":" ","e":"n","st":"Suplente","dvt":"V\u00e1lido","vap":"20","pvap":"   0,29"},{"seq":"23","sqcand":"100000847672","n":"14000","nm":"RAUL","cc":"PTB","nv":" ","e":"n","st":"Suplente","dvt":"V\u00e1lido","vap":"131","pvap":"   1,89"},{"seq":"31","sqcand":"100001127499","n":"10245","nm":"H\u00c9LIA MATOS","cc":"REPUBLICANOS","nv":" ","e":"n","st":"Suplente","dvt":"V\u00e1lido","vap":"51","pvap":"   0,74"},{"seq":"46","sqcand":"100000909939","n":"40123","nm":"LEONARDO ROCHA","cc":"PSB","nv":" ","e":"n","st":"N\u00e3o eleito","dvt":"V\u00e1lido","vap":"160","pvap":"   2,31"},{"seq":"44","sqcand":"100000847435","n":"12002","nm":"CLIDENOR PEREIRA","cc":"PDT","nv":" ","e":"n","st":"Suplente","dvt":"V\u00e1lido","vap":"3","pvap":"   0,04"},{"seq":"1","sqcand":"100001127491","n":"10000","nm":"MARCOS ANDR\u00c9","cc":"REPUBLICANOS","nv":" ","e":"s","st":"Eleito","dvt":"V\u00e1lido","vap":"336","pvap":"   4,86"},{"seq":"60","sqcand":"100001132849","n":"13163","nm":"CAMILA NETA DO SECUNDO","cc":"PT","nv":" ","e":"n","st":"N\u00e3o eleito","dvt":"V\u00e1lido","vap":"3","pvap":"   0,04"},{"seq":"55","sqcand":"100000909940","n":"40222","nm":"REGIS RODRIGUES","cc":"PSB","nv":" ","e":"n","st":"N\u00e3o eleito","dvt":"V\u00e1lido","vap":"22","pvap":"   0,32"},{"seq":"20","sqcand":"100000847666","n":"14222","nm":"EDUARDA TOR\u00d3","cc":"PTB","nv":" ","e":"n","st":"Suplente","dvt":"V\u00e1lido","vap":"162","pvap":"   2,34"},{"seq":"16","sqcand":"100001127493","n":"10555","nm":"ISAEL DO PEIXE","cc":"REPUBLICANOS","nv":" ","e":"n","st":"Suplente","dvt":"V\u00e1lido","vap":"176","pvap":"   2,54"},{"seq":"21","sqcand":"100000987089","n":"51444","nm":"NEI","cc":"PATRIOTA","nv":" ","e":"n","st":"Suplente","dvt":"V\u00e1lido","vap":"147","pvap":"   2,13"},{"seq":"14","sqcand":"100000987092","n":"51000","nm":"N\u00c9SIA MOURA","cc":"PATRIOTA","nv":" ","e":"n","st":"Suplente","dvt":"V\u00e1lido","vap":"182","pvap":"   2,63"},{"seq":"57","sqcand":"100001132850","n":"13333","nm":"VELINHO DO HOT DOG","cc":"PT","nv":" ","e":"n","st":"N\u00e3o eleito","dvt":"V\u00e1lido","vap":"12","pvap":"   0,17"},{"seq":"5","sqcand":"100000847674","n":"14444","nm":"ELCIONE CAJ\u00da","cc":"PTB","nv":" ","e":"s","st":"Eleito","dvt":"V\u00e1lido","vap":"301","pvap":"   4,35"},{"seq":"43","sqcand":"100000847673","n":"14666","nm":"OLHO DE COBRA","cc":"PTB","nv":" ","e":"n","st":"Suplente","dvt":"V\u00e1lido","vap":"4","pvap":"   0,06"},{"seq":"40","sqcand":"100001127498","n":"10110","nm":"MICHELLE GOMES","cc":"REPUBLICANOS","nv":" ","e":"n","st":"Suplente","dvt":"V\u00e1lido","vap":"12","pvap":"   0,17"},{"seq":"59","sqcand":"100001132851","n":"13111","nm":"ANDR\u00c9IA DA VILA DAMI\u00c3O","cc":"PT","nv":" ","e":"n","st":"N\u00e3o eleito","dvt":"V\u00e1lido","vap":"4","pvap":"   0,06"},{"seq":"47","sqcand":"100000909941","n":"40111","nm":"ESEQUIAS CASTRO","cc":"PSB","nv":" ","e":"n","st":"N\u00e3o eleito","dvt":"V\u00e1lido","vap":"155","pvap":"   2,24"},{"seq":"36","sqcand":"100001127495","n":"10666","nm":"PROFESSORA ANNE","cc":"REPUBLICANOS","nv":" ","e":"n","st":"Suplente","dvt":"V\u00e1lido","vap":"23","pvap":"   0,33"},{"seq":"19","sqcand":"100000987086","n":"51555","nm":"IRM\u00c3O VALDEMAR","cc":"PATRIOTA","nv":" ","e":"n","st":"Suplente","dvt":"V\u00e1lido","vap":"165","pvap":"   2,39"},{"seq":"25","sqcand":"100000847668","n":"14555","nm":"PRETA","cc":"PTB","nv":" ","e":"n","st":"Suplente","dvt":"V\u00e1lido","vap":"122","pvap":"   1,76"},{"seq":"26","sqcand":"100000987088","n":"51333","nm":"PROFESSORA L\u00caDA","cc":"PATRIOTA","nv":" ","e":"n","st":"Suplente","dvt":"V\u00e1lido","vap":"76","pvap":"   1,10"},{"seq":"10","sqcand":"100001127494","n":"10111","nm":"EDVALDO SOCORR\u00c3O","cc":"REPUBLICANOS","nv":" ","e":"n","st":"Suplente","dvt":"V\u00e1lido","vap":"282","pvap":"   4,08"},{"seq":"24","sqcand":"100000847430","n":"12012","nm":"NILTIN JR","cc":"PDT","nv":" ","e":"n","st":"Suplente","dvt":"V\u00e1lido","vap":"128","pvap":"   1,85"},{"seq":"54","sqcand":"100001132852","n":"13065","nm":"FRAN\u00c7A","cc":"PT","nv":" ","e":"n","st":"N\u00e3o eleito","dvt":"V\u00e1lido","vap":"31","pvap":"   0,45"},{"seq":"49","sqcand":"100000909943","n":"40333","nm":"HERNANDO SOUSA","cc":"PSB","nv":" ","e":"n","st":"N\u00e3o eleito","dvt":"V\u00e1lido","vap":"48","pvap":"   0,69"},{"seq":"22","sqcand":"100000987084","n":"51456","nm":"EVANDRO PARENTE","cc":"PATRIOTA","nv":" ","e":"n","st":"Suplente","dvt":"V\u00e1lido","vap":"146","pvap":"   2,11"},{"seq":"35","sqcand":"100000847429","n":"12000","nm":"BEN\u00c9 DA LUCELL","cc":"PDT","nv":" ","e":"n","st":"Suplente","dvt":"V\u00e1lido","vap":"23","pvap":"   0,33"},{"seq":"41","sqcand":"100000847436","n":"12312","nm":"GLEICYANE MARINHO","cc":"PDT","nv":" ","e":"n","st":"Suplente","dvt":"V\u00e1lido","vap":"10","pvap":"   0,14"},{"seq":"6","sqcand":"100000987087","n":"51222","nm":"DARIO CASTRO","cc":"PATRIOTA","nv":" ","e":"s","st":"Eleito","dvt":"V\u00e1lido","vap":"267","pvap":"   3,86"},{"seq":"30","sqcand":"100000987082","n":"51100","nm":"GEISEL BRITO","cc":"PATRIOTA","nv":" ","e":"n","st":"Suplente","dvt":"V\u00e1lido","vap":"61","pvap":"   0,88"},{"seq":"53","sqcand":"100001132847","n":"13123","nm":"ANT\u00d4NIO CARLOS","cc":"PT","nv":" ","e":"n","st":"N\u00e3o eleito","dvt":"V\u00e1lido","vap":"34","pvap":"   0,49"},{"seq":"32","sqcand":"100000987091","n":"51112","nm":"PASTOR SALOM\u00c3O","cc":"PATRIOTA","nv":" ","e":"n","st":"Suplente","dvt":"V\u00e1lido","vap":"43","pvap":"   0,62"},{"seq":"11","sqcand":"100000987093","n":"51111","nm":"MARCILO DOCIN","cc":"PATRIOTA","nv":" ","e":"n","st":"Suplente","dvt":"V\u00e1lido","vap":"205","pvap":"   2,96"},{"seq":"58","sqcand":"100001132845","n":"13013","nm":"DOMINGOS GON\u00c7ALAVE","cc":"PT","nv":" ","e":"n","st":"N\u00e3o eleito","dvt":"V\u00e1lido","vap":"8","pvap":"   0,12"},{"seq":"42","sqcand":"100000847671","n":"14777","nm":"KATYANNE ARRUDA","cc":"PTB","nv":" ","e":"n","st":"Suplente","dvt":"V\u00e1lido","vap":"4","pvap":"   0,06"},{"seq":"45","sqcand":"100001127489","n":"10264","nm":"VILMA PEREIRA","cc":"REPUBLICANOS","nv":" ","e":"n","st":"Suplente","dvt":"V\u00e1lido","vap":"0","pvap":"00.00"},{"seq":"61","sqcand":"100000909942","n":"40444","nm":"ALZIRENE ILARIO","cc":"PSB","nv":" ","e":"n","st":"N\u00e3o eleito","dvt":"V\u00e1lido","vap":"0","pvap":"00.00"},{"seq":"27","sqcand":"100001127497","n":"10010","nm":"SARGENTO JAIR","cc":"REPUBLICANOS","nv":" ","e":"n","st":"Suplente","dvt":"V\u00e1lido","vap":"69","pvap":"   1,00"},{"seq":"51","sqcand":"100000909944","n":"40000","nm":"TELMA","cc":"PSB","nv":" ","e":"n","st":"N\u00e3o eleito","dvt":"V\u00e1lido","vap":"41","pvap":"   0,59"},{"seq":"12","sqcand":"100000847665","n":"14567","nm":"ORLEAN TAVEIRA","cc":"PTB","nv":" ","e":"n","st":"Suplente","dvt":"V\u00e1lido","vap":"195","pvap":"   2,82"},{"seq":"29","sqcand":"100001127492","n":"10888","nm":"AILTON OLIVEIRA","cc":"REPUBLICANOS","nv":" ","e":"n","st":"Suplente","dvt":"V\u00e1lido","vap":"63","pvap":"   0,91"},{"seq":"2","sqcand":"100001127487","n":"10123","nm":"JONSON MILHOMEM","cc":"REPUBLICANOS","nv":" ","e":"s","st":"Eleito","dvt":"V\u00e1lido","vap":"330","pvap":"   4,77"},{"seq":"13","sqcand":"100000847667","n":"14123","nm":"EVA VIANA","cc":"PTB","nv":" ","e":"n","st":"Suplente","dvt":"V\u00e1lido","vap":"189","pvap":"   2,73"},{"seq":"17","sqcand":"100000847670","n":"14111","nm":"CHIQUINHO IVO","cc":"PTB","nv":" ","e":"n","st":"Suplente","dvt":"V\u00e1lido","vap":"170","pvap":"   2,46"},{"seq":"3","sqcand":"100000847669","n":"14333","nm":"VONIS AGUIAR","cc":"PTB","nv":" ","e":"s","st":"Eleito","dvt":"V\u00e1lido","vap":"326","pvap":"   4,71"},{"seq":"15","sqcand":"100001274498","n":"51888","nm":"FRANCINA SANTOS","cc":"PATRIOTA","nv":" ","e":"n","st":"Suplente","dvt":"V\u00e1lido","vap":"182","pvap":"   2,63"},{"seq":"28","sqcand":"100001127488","n":"10700","nm":"PAULO SOM","cc":"REPUBLICANOS","nv":" ","e":"n","st":"Suplente","dvt":"V\u00e1lido","vap":"66","pvap":"   0,95"},{"seq":"34","sqcand":"100000847437","n":"12444","nm":"ANDREIA ABREU","cc":"PDT","nv":" ","e":"n","st":"Suplente","dvt":"V\u00e1lido","vap":"28","pvap":"   0,40"},{"seq":"18","sqcand":"100000847434","n":"12222","nm":"VALERIA MARINHO","cc":"PDT","nv":" ","e":"n","st":"Suplente","dvt":"V\u00e1lido","vap":"166","pvap":"   2,40"},{"seq":"7","sqcand":"100000847431","n":"12333","nm":"CHIQUINHO DA BANDA","cc":"PDT","nv":" ","e":"s","st":"Eleito","dvt":"V\u00e1lido","vap":"253","pvap":"   3,66"},{"seq":"33","sqcand":"100001127490","n":"10222","nm":"JOS\u00c9 NETO","cc":"REPUBLICANOS","nv":" ","e":"n","st":"Suplente","dvt":"V\u00e1lido","vap":"33","pvap":"   0,48"},{"seq":"4","sqcand":"100000987085","n":"51667","nm":"LEONARDO BARROS","cc":"PATRIOTA","nv":" ","e":"s","st":"Eleito","dvt":"V\u00e1lido","vap":"309","pvap":"   4,47"},{"seq":"52","sqcand":"100001132846","n":"13145","nm":"CANGA MOURA","cc":"PT","nv":" ","e":"n","st":"N\u00e3o eleito","dvt":"V\u00e1lido","vap":"39","pvap":"   0,56"},{"seq":"39","sqcand":"100000847432","n":"12345","nm":"PEDRO CARTOLA","cc":"PDT","nv":" ","e":"n","st":"Suplente","dvt":"V\u00e1lido","vap":"12","pvap":"   0,17"},{"seq":"56","sqcand":"100001132853","n":"13000","nm":"RAIMUNDINHO DA LIMPEZA","cc":"PT","nv":" ","e":"n","st":"N\u00e3o eleito","dvt":"V\u00e1lido","vap":"16","pvap":"   0,23"},{"seq":"9","sqcand":"100000987090","n":"51234","nm":"GERMANA DA SA\u00daDE","cc":"PATRIOTA","nv":" ","e":"s","st":"Eleito","dvt":"V\u00e1lido","vap":"217","pvap":"   3,14"},{"seq":"8","sqcand":"100000987094","n":"51777","nm":"MANOEL DO S\u00cdTIO","cc":"PATRIOTA","nv":" ","e":"s","st":"Eleito","dvt":"V\u00e1lido","vap":"220","pvap":"   3,18"},{"seq":"50","sqcand":"100001132848","n":"13456","nm":"MESSIAS","cc":"PT","nv":" ","e":"n","st":"N\u00e3o eleito","dvt":"V\u00e1lido","vap":"45","pvap":"   0,65"},{"seq":"48","sqcand":"100000987095","n":"51123","nm":"DORES MARINHO","cc":"PATRIOTA","nv":" ","e":"n","st":"N\u00e3o eleito","dvt":"Anulado sub judice","vap":"78","pvap":"   1,13"}]}
