{"ele":"426","tpabr":"mu","cdabr":"08400","carper":"13","t":"1","f":"o","dt":"15/11/2020","ht":"18:10:41","dv":"s","tf":"s","v":"9","esae":"n","mnae":"","s":"13","st":"13","pst":" 100,00","snt":"0","psnt":"   0,00","si":"13","psi":" 100,00","sni":"0","psni":"   0,00","sa":"13","psa":" 100,00","sna":"0","psna":"   0,00","e":"4360","ea":"4360","pea":" 100,00","ena":"0","pena":"   0,00","esi":"4360","pesi":" 100,00","esni":"0","pesni":"   0,00","c":"3662","pc":"  83,99","a":"698","pa":"  16,01","vscv":"0","vnom":"3393","vl":"154","pvnom":"  95,66","pvl":"   4,34","vvc":"3547","pvvc":"  96,86","vb":"19","pvb":"   0,52","tvn":"96","ptvn":"   2,62","vn":"96","pvn":" 100,00","vnt":"0","pvnt":"   0,00","vp":"0","pvp":"   0,00","vv":"3547","pvv":" 100,00","van":"0","pvan":"   0,00","vansj":"0","pvansj":"   0,00","tv":"3662","cand":[{"seq":"3","sqcand":"100000825888","n":"17125","nm":"GE DO PEDRO","cc":"PSL","nv":" ","e":"s","st":"Eleito","dvt":"V\u00e1lido","vap":"319","pvap":"   8,99"},{"seq":"13","sqcand":"100000825893","n":"17222","nm":"IRENE BARROS","cc":"PSL","nv":" ","e":"n","st":"Suplente","dvt":"V\u00e1lido","vap":"20","pvap":"   0,56"},{"seq":"1","sqcand":"100000825894","n":"17789","nm":"ELIANE CIGANA","cc":"PSL","nv":" ","e":"s","st":"Eleito","dvt":"V\u00e1lido","vap":"369","pvap":"  10,40"},{"seq":"7","sqcand":"100000825886","n":"17888","nm":"ZECA DA SENHORA","cc":"PSL","nv":" ","e":"s","st":"Eleito","dvt":"V\u00e1lido","vap":"219","pvap":"   6,17"},{"seq":"11","sqcand":"100000825890","n":"17123","nm":"JONDRES","cc":"PSL","nv":" ","e":"n","st":"Suplente","dvt":"V\u00e1lido","vap":"173","pvap":"   4,88"},{"seq":"8","sqcand":"100000825896","n":"17444","nm":"IOLANDA","cc":"PSL","nv":" ","e":"s","st":"Eleito","dvt":"V\u00e1lido","vap":"216","pvap":"   6,09"},{"seq":"4","sqcand":"100000825891","n":"17000","nm":"FLAVIO DO VALE","cc":"PSL","nv":" ","e":"s","st":"Eleito","dvt":"V\u00e1lido","vap":"301","pvap":"   8,49"},{"seq":"5","sqcand":"100000825889","n":"17777","nm":"JESSIONE","cc":"PSL","nv":" ","e":"s","st":"Eleito","dvt":"V\u00e1lido","vap":"300","pvap":"   8,46"},{"seq":"9","sqcand":"100000825892","n":"17456","nm":"TANIA MENDES","cc":"PSL","nv":" ","e":"s","st":"Eleito","dvt":"V\u00e1lido","vap":"180","pvap":"   5,07"},{"seq":"15","sqcand":"100001172156","n":"10456","nm":"PROFESSOR LAURO","cc":"REPUBLICANOS","nv":" ","e":"n","st":"N\u00e3o eleito","dvt":"V\u00e1lido","vap":"111","pvap":"   3,13"},{"seq":"2","sqcand":"100000825885","n":"17333","nm":"ASAF SOBRINHO","cc":"PSL","nv":" ","e":"s","st":"Eleito","dvt":"V\u00e1lido","vap":"325","pvap":"   9,16"},{"seq":"18","sqcand":"100001039449","n":"13456","nm":"MARIA DE SOUSA","cc":"PT","nv":" ","e":"n","st":"N\u00e3o eleito","dvt":"V\u00e1lido","vap":"8","pvap":"   0,23"},{"seq":"14","sqcand":"100001039448","n":"13333","nm":"ROBERTO VARGAS","cc":"PT","nv":" ","e":"n","st":"N\u00e3o eleito","dvt":"V\u00e1lido","vap":"227","pvap":"   6,40"},{"seq":"16","sqcand":"100001172155","n":"10123","nm":"NILS DA CEMAR","cc":"REPUBLICANOS","nv":" ","e":"n","st":"N\u00e3o eleito","dvt":"V\u00e1lido","vap":"54","pvap":"   1,52"},{"seq":"17","sqcand":"100001172157","n":"10000","nm":"EDINARIA BRITO","cc":"REPUBLICANOS","nv":" ","e":"n","st":"N\u00e3o eleito","dvt":"V\u00e1lido","vap":"26","pvap":"   0,73"},{"seq":"10","sqcand":"100000825887","n":"17890","nm":"PRETIM","cc":"PSL","nv":" ","e":"n","st":"Suplente","dvt":"V\u00e1lido","vap":"174","pvap":"   4,91"},{"seq":"6","sqcand":"100000825895","n":"17555","nm":"JOAO FILHO","cc":"PSL","nv":" ","e":"s","st":"Eleito","dvt":"V\u00e1lido","vap":"292","pvap":"   8,23"},{"seq":"12","sqcand":"100000825897","n":"17369","nm":"NIELSON","cc":"PSL","nv":" ","e":"n","st":"Suplente","dvt":"V\u00e1lido","vap":"79","pvap":"   2,23"}]}
