{"ele":"426","tpabr":"mu","cdabr":"08460","carper":"13","t":"1","f":"o","dt":"16/11/2020","ht":"00:24:01","dv":"s","tf":"s","v":"9","esae":"n","mnae":"","s":"23","st":"23","pst":" 100,00","snt":"0","psnt":"   0,00","si":"23","psi":" 100,00","sni":"0","psni":"   0,00","sa":"23","psa":" 100,00","sna":"0","psna":"   0,00","e":"6801","ea":"6801","pea":" 100,00","ena":"0","pena":"   0,00","esi":"6801","pesi":" 100,00","esni":"0","pesni":"   0,00","c":"5649","pc":"  83,06","a":"1152","pa":"  16,94","vscv":"0","vnom":"5167","vl":"275","pvnom":"  94,95","pvl":"   5,05","vvc":"5459","pvvc":"  96,64","vb":"26","pvb":"   0,46","tvn":"164","ptvn":"   2,90","vn":"164","pvn":" 100,00","vnt":"0","pvnt":"   0,00","vp":"0","pvp":"   0,00","vv":"5442","pvv":"  99,69","van":"0","pvan":"   0,00","vansj":"17","pvansj":"   0,31","tv":"5649","cand":[{"seq":"19","sqcand":"100000939166","n":"25333","nm":"RAIMUNDINHA DA CIGANA","cc":"DEM","nv":" ","e":"n","st":"Suplente","dvt":"V\u00e1lido","vap":"126","pvap":"   2,31"},{"seq":"17","sqcand":"100000939164","n":"25678","nm":"JO\u00c3O PAULO S\u00d3 SEGUROS","cc":"DEM","nv":" ","e":"n","st":"Suplente","dvt":"V\u00e1lido","vap":"182","pvap":"   3,33"},{"seq":"11","sqcand":"100000740514","n":"22456","nm":"RISCA FACA","cc":"PL","nv":" ","e":"n","st":"Suplente","dvt":"V\u00e1lido","vap":"256","pvap":"   4,69"},{"seq":"9","sqcand":"100000740525","n":"22580","nm":"ERASMO LOBO","cc":"PL","nv":" ","e":"s","st":"Eleito","dvt":"V\u00e1lido","vap":"259","pvap":"   4,74"},{"seq":"12","sqcand":"100000740518","n":"22333","nm":"MAGNA PEREIRA","cc":"PL","nv":" ","e":"n","st":"Suplente","dvt":"V\u00e1lido","vap":"228","pvap":"   4,18"},{"seq":"2","sqcand":"100000939165","n":"25123","nm":"ANTONIO DA EVA","cc":"DEM","nv":" ","e":"s","st":"Eleito","dvt":"V\u00e1lido","vap":"345","pvap":"   6,32"},{"seq":"10","sqcand":"100000939175","n":"25999","nm":"CLAUDIO OLIVEIRA","cc":"DEM","nv":" ","e":"n","st":"Suplente","dvt":"V\u00e1lido","vap":"258","pvap":"   4,73"},{"seq":"20","sqcand":"100000740517","n":"22666","nm":"ADRIANA DO MARCELO","cc":"PL","nv":" ","e":"n","st":"Suplente","dvt":"V\u00e1lido","vap":"71","pvap":"   1,30"},{"seq":"18","sqcand":"100000740516","n":"22222","nm":"RAIMUNDO CANOEIRO","cc":"PL","nv":" ","e":"n","st":"Suplente","dvt":"V\u00e1lido","vap":"162","pvap":"   2,97"},{"seq":"7","sqcand":"100000939170","n":"25111","nm":"G DO VITAL","cc":"DEM","nv":" ","e":"s","st":"Eleito","dvt":"V\u00e1lido","vap":"286","pvap":"   5,24"},{"seq":"26","sqcand":"100000939172","n":"25800","nm":"CARA BRANCA","cc":"DEM","nv":" ","e":"n","st":"N\u00e3o eleito","dvt":"Anulado sub judice","vap":"17","pvap":"   0,31"},{"seq":"25","sqcand":"100000939167","n":"25432","nm":"ULISSES ALVES","cc":"DEM","nv":" ","e":"n","st":"Suplente","dvt":"V\u00e1lido","vap":"17","pvap":"   0,31"},{"seq":"22","sqcand":"100000939171","n":"25000","nm":"SARITA","cc":"DEM","nv":" ","e":"n","st":"Suplente","dvt":"V\u00e1lido","vap":"54","pvap":"   0,99"},{"seq":"16","sqcand":"100000939174","n":"25444","nm":"JEAN MENESES","cc":"DEM","nv":" ","e":"n","st":"Suplente","dvt":"V\u00e1lido","vap":"212","pvap":"   3,88"},{"seq":"14","sqcand":"100000740520","n":"22369","nm":"DUDU DO VANJA","cc":"PL","nv":" ","e":"n","st":"Suplente","dvt":"V\u00e1lido","vap":"217","pvap":"   3,98"},{"seq":"1","sqcand":"100000939173","n":"25888","nm":"KARILENE CHAVES","cc":"DEM","nv":" ","e":"s","st":"Eleito","dvt":"V\u00e1lido","vap":"403","pvap":"   7,38"},{"seq":"24","sqcand":"100000740523","n":"22000","nm":"RAQUEL DO PANTICO","cc":"PL","nv":" ","e":"n","st":"Suplente","dvt":"V\u00e1lido","vap":"43","pvap":"   0,79"},{"seq":"4","sqcand":"100000740519","n":"22789","nm":"WILSON FERNANDES","cc":"PL","nv":" ","e":"s","st":"Eleito","dvt":"V\u00e1lido","vap":"312","pvap":"   5,72"},{"seq":"8","sqcand":"100000740515","n":"22555","nm":"FILHO DO DAD\u00c1","cc":"PL","nv":" ","e":"s","st":"Eleito","dvt":"V\u00e1lido","vap":"274","pvap":"   5,02"},{"seq":"15","sqcand":"100000740526","n":"22111","nm":"GERALD\u00c3O","cc":"PL","nv":" ","e":"n","st":"Suplente","dvt":"V\u00e1lido","vap":"215","pvap":"   3,94"},{"seq":"23","sqcand":"100000740521","n":"22123","nm":"SOL DO CHICO CANDIDO","cc":"PL","nv":" ","e":"n","st":"Suplente","dvt":"V\u00e1lido","vap":"47","pvap":"   0,86"},{"seq":"21","sqcand":"100000939169","n":"25222","nm":"PROFESSORA NETA","cc":"DEM","nv":" ","e":"n","st":"Suplente","dvt":"V\u00e1lido","vap":"62","pvap":"   1,14"},{"seq":"3","sqcand":"100000740527","n":"22777","nm":"JOSUE FRANKLIN","cc":"PL","nv":" ","e":"s","st":"Eleito","dvt":"V\u00e1lido","vap":"323","pvap":"   5,92"},{"seq":"13","sqcand":"100000740524","n":"22444","nm":"GEORGE CAMPOS","cc":"PL","nv":" ","e":"n","st":"Suplente","dvt":"V\u00e1lido","vap":"217","pvap":"   3,98"},{"seq":"6","sqcand":"100000939168","n":"25555","nm":"NONATO","cc":"DEM","nv":" ","e":"s","st":"Eleito","dvt":"V\u00e1lido","vap":"288","pvap":"   5,28"},{"seq":"5","sqcand":"100000740522","n":"22888","nm":"TOINHA DO DENGA","cc":"PL","nv":" ","e":"s","st":"Eleito","dvt":"V\u00e1lido","vap":"310","pvap":"   5,68"}]}
