{"ele":"426","tpabr":"mu","cdabr":"08494","carper":"13","t":"1","f":"o","dt":"15/11/2020","ht":"22:54:07","dv":"s","tf":"s","v":"19","esae":"n","mnae":"","s":"195","st":"195","pst":" 100,00","snt":"0","psnt":"   0,00","si":"195","psi":" 100,00","sni":"0","psni":"   0,00","sa":"195","psa":" 100,00","sna":"0","psna":"   0,00","e":"68535","ea":"68535","pea":" 100,00","ena":"0","pena":"   0,00","esi":"68535","pesi":" 100,00","esni":"0","pesni":"   0,00","c":"58019","pc":"  84,66","a":"10516","pa":"  15,34","vscv":"0","vnom":"52006","vl":"2023","pvnom":"  96,26","pvl":"   3,74","vvc":"55434","pvvc":"  95,54","vb":"1191","pvb":"   2,06","tvn":"1394","ptvn":"   2,40","vn":"1391","pvn":"  99,78","vnt":"3","pvnt":"   0,22","vp":"0","pvp":"   0,00","vv":"54029","pvv":"  97,47","van":"0","pvan":"   0,00","vansj":"1405","pvansj":"   2,53","tv":"58019","cand":[{"seq":"326","sqcand":"100000995018","n":"13200","nm":"FRAN MAGALH\u00c3ES","cc":"PT","nv":" ","e":"n","st":"N\u00e3o eleito","dvt":"V\u00e1lido","vap":"14","pvap":"   0,03"},{"seq":"319","sqcand":"100000946214","n":"27000","nm":"MARILENE","cc":"DC","nv":" ","e":"n","st":"N\u00e3o eleito","dvt":"V\u00e1lido","vap":"18","pvap":"   0,03"},{"seq":"274","sqcand":"100000995026","n":"13113","nm":"JO\u00c3O MOSQUITO","cc":"PT","nv":" ","e":"n","st":"N\u00e3o eleito","dvt":"V\u00e1lido","vap":"48","pvap":"   0,09"},{"seq":"102","sqcand":"100000722984","n":"22000","nm":"DIKISON LELETO","cc":"PL","nv":" ","e":"n","st":"Suplente","dvt":"V\u00e1lido","vap":"122","pvap":"   0,22"},{"seq":"44","sqcand":"100001052393","n":"40000","nm":"MARINHO DO PA\u00c7O","cc":"PSB","nv":" ","e":"n","st":"Suplente","dvt":"V\u00e1lido","vap":"389","pvap":"   0,70"},{"seq":"91","sqcand":"100000807890","n":"14111","nm":"MICHEL SILVA","cc":"PTB","nv":" ","e":"n","st":"Suplente","dvt":"V\u00e1lido","vap":"141","pvap":"   0,25"},{"seq":"226","sqcand":"100000886290","n":"55888","nm":"GUEGUEU","cc":"PSD","nv":" ","e":"n","st":"Suplente","dvt":"V\u00e1lido","vap":"1","pvap":"   0,00"},{"seq":"352","sqcand":"100000946218","n":"27896","nm":"PROFESSOR RIBEIR\u00c3O","cc":"DC","nv":" ","e":"n","st":"N\u00e3o eleito","dvt":"V\u00e1lido","vap":"6","pvap":"   0,01"},{"seq":"120","sqcand":"100000825156","n":"51223","nm":"ALEX CAMPOS","cc":"PATRIOTA","nv":" ","e":"n","st":"Suplente","dvt":"V\u00e1lido","vap":"94","pvap":"   0,17"},{"seq":"297","sqcand":"100000737704","n":"45095","nm":"RANE RANE","cc":"PSDB","nv":" ","e":"n","st":"N\u00e3o eleito","dvt":"V\u00e1lido","vap":"27","pvap":"   0,05"},{"seq":"177","sqcand":"100000946873","n":"10910","nm":"FRAN\u00c7A DO ROSEANA","cc":"REPUBLICANOS","nv":" ","e":"n","st":"Suplente","dvt":"V\u00e1lido","vap":"38","pvap":"   0,07"},{"seq":"178","sqcand":"100000825723","n":"35011","nm":"BERECO","cc":"PMB","nv":" ","e":"n","st":"Suplente","dvt":"V\u00e1lido","vap":"37","pvap":"   0,07"},{"seq":"73","sqcand":"100000722986","n":"22666","nm":"PROFESSORA ROS\u00c9LIA","cc":"PL","nv":" ","e":"n","st":"Suplente","dvt":"V\u00e1lido","vap":"208","pvap":"   0,38"},{"seq":"62","sqcand":"100000723924","n":"70193","nm":"BATISTA BOMBEIRO","cc":"AVANTE","nv":" ","e":"n","st":"Suplente","dvt":"V\u00e1lido","vap":"277","pvap":"   0,50"},{"seq":"363","sqcand":"100000776673","n":"90999","nm":"ANTONIO DO SINDICATO","cc":"PROS","nv":" ","e":"n","st":"N\u00e3o eleito","dvt":"V\u00e1lido","vap":"4","pvap":"   0,01"},{"seq":"258","sqcand":"100000861409","n":"20020","nm":"GILVAN RAYLSON","cc":"PSC","nv":" ","e":"n","st":"N\u00e3o eleito","dvt":"V\u00e1lido","vap":"77","pvap":"   0,14"},{"seq":"243","sqcand":"100000737709","n":"45123","nm":"VAL DA SA\u00daDE","cc":"PSDB","nv":" ","e":"n","st":"N\u00e3o eleito","dvt":"V\u00e1lido","vap":"194","pvap":"   0,35"},{"seq":"380","sqcand":"100000995028","n":"13777","nm":"MARCIO CORDEIRO","cc":"PT","nv":" ","e":"n","st":"N\u00e3o eleito","dvt":"Anulado sub judice","vap":"0","pvap":"00.00"},{"seq":"365","sqcand":"100000644007","n":"17222","nm":"KENIA CASTRO","cc":"PSL","nv":" ","e":"n","st":"N\u00e3o eleito","dvt":"V\u00e1lido","vap":"3","pvap":"   0,01"},{"seq":"296","sqcand":"100000995017","n":"13333","nm":"SERGINHO DO PEDRO MOTA","cc":"PT","nv":" ","e":"n","st":"N\u00e3o eleito","dvt":"V\u00e1lido","vap":"29","pvap":"   0,05"},{"seq":"38","sqcand":"100000722981","n":"22922","nm":"DR FABRICIO SOUSA","cc":"PL","nv":" ","e":"n","st":"Suplente","dvt":"V\u00e1lido","vap":"459","pvap":"   0,83"},{"seq":"259","sqcand":"100000723222","n":"43000","nm":"SOARES NETTO","cc":"PV","nv":" ","e":"n","st":"N\u00e3o eleito","dvt":"V\u00e1lido","vap":"73","pvap":"   0,13"},{"seq":"141","sqcand":"100000742139","n":"18123","nm":"PAULO FILHO","cc":"REDE","nv":" ","e":"n","st":"Suplente","dvt":"V\u00e1lido","vap":"66","pvap":"   0,12"},{"seq":"134","sqcand":"100000723939","n":"70131","nm":"MALLU DO IESF","cc":"AVANTE","nv":" ","e":"n","st":"Suplente","dvt":"V\u00e1lido","vap":"74","pvap":"   0,13"},{"seq":"94","sqcand":"100000807888","n":"14200","nm":"ONEMA DO PA\u00c7O","cc":"PTB","nv":" ","e":"n","st":"Suplente","dvt":"V\u00e1lido","vap":"137","pvap":"   0,25"},{"seq":"107","sqcand":"100000945913","n":"65013","nm":"ALAB\u00c1","cc":"PC do B","nv":" ","e":"n","st":"Suplente","dvt":"V\u00e1lido","vap":"108","pvap":"   0,19"},{"seq":"311","sqcand":"100000776677","n":"90121","nm":"RENILDE DO PROJETO","cc":"PROS","nv":" ","e":"n","st":"N\u00e3o eleito","dvt":"V\u00e1lido","vap":"21","pvap":"   0,04"},{"seq":"347","sqcand":"100000776691","n":"90444","nm":"ANTONIO","cc":"PROS","nv":" ","e":"n","st":"N\u00e3o eleito","dvt":"V\u00e1lido","vap":"8","pvap":"   0,01"},{"seq":"373","sqcand":"100000995022","n":"13888","nm":"PAULO DA GELADEIRA","cc":"PT","nv":" ","e":"n","st":"N\u00e3o eleito","dvt":"Anulado sub judice","vap":"1","pvap":"   0,00"},{"seq":"308","sqcand":"100000723230","n":"43789","nm":"PRETA DO PARA\u00cdSO","cc":"PV","nv":" ","e":"n","st":"N\u00e3o eleito","dvt":"V\u00e1lido","vap":"23","pvap":"   0,04"},{"seq":"18","sqcand":"100000825143","n":"51001","nm":"MAJOR ROBERTO","cc":"PATRIOTA","nv":" ","e":"s","st":"Eleito","dvt":"V\u00e1lido","vap":"421","pvap":"   0,76"},{"seq":"36","sqcand":"100000946863","n":"10333","nm":"FRAN\u00c7A DUARTE","cc":"REPUBLICANOS","nv":" ","e":"n","st":"Suplente","dvt":"V\u00e1lido","vap":"485","pvap":"   0,87"},{"seq":"127","sqcand":"100000742140","n":"18456","nm":"ALEX DO SUC\u00c3O","cc":"REDE","nv":" ","e":"n","st":"Suplente","dvt":"V\u00e1lido","vap":"86","pvap":"   0,16"},{"seq":"3","sqcand":"100000886296","n":"55022","nm":"ANA L\u00daCIA","cc":"PSD","nv":" ","e":"s","st":"Eleito","dvt":"V\u00e1lido","vap":"1004","pvap":"   1,81"},{"seq":"136","sqcand":"100000946865","n":"10456","nm":"G\u00d3 DA PINDOBA","cc":"REPUBLICANOS","nv":" ","e":"n","st":"Suplente","dvt":"V\u00e1lido","vap":"68","pvap":"   0,12"},{"seq":"16","sqcand":"100000722994","n":"22999","nm":"BIANCA MENDES","cc":"PL","nv":" ","e":"s","st":"Eleito","dvt":"V\u00e1lido","vap":"641","pvap":"   1,16"},{"seq":"84","sqcand":"100000886294","n":"55100","nm":"JO\u00c3O BISPO","cc":"PSD","nv":" ","e":"n","st":"Suplente","dvt":"V\u00e1lido","vap":"167","pvap":"   0,30"},{"seq":"140","sqcand":"100000807875","n":"14445","nm":"ROSY AYRES","cc":"PTB","nv":" ","e":"n","st":"Suplente","dvt":"V\u00e1lido","vap":"67","pvap":"   0,12"},{"seq":"86","sqcand":"100000946861","n":"10022","nm":"LOURINHO DA VAN","cc":"REPUBLICANOS","nv":" ","e":"n","st":"Suplente","dvt":"V\u00e1lido","vap":"157","pvap":"   0,28"},{"seq":"360","sqcand":"100000861411","n":"20333","nm":"TAT\u00c1","cc":"PSC","nv":" ","e":"n","st":"N\u00e3o eleito","dvt":"V\u00e1lido","vap":"5","pvap":"   0,01"},{"seq":"185","sqcand":"100001092068","n":"11112","nm":"IRAN OLIVEIRA","cc":"PP","nv":" ","e":"n","st":"Suplente","dvt":"V\u00e1lido","vap":"27","pvap":"   0,05"},{"seq":"64","sqcand":"100000825136","n":"51444","nm":"IRM\u00c3O CHIQUINHO","cc":"PATRIOTA","nv":" ","e":"n","st":"Suplente","dvt":"V\u00e1lido","vap":"267","pvap":"   0,48"},{"seq":"236","sqcand":"100000886292","n":"55777","nm":"NIR","cc":"PSD","nv":" ","e":"n","st":"Suplente","dvt":"V\u00e1lido","vap":"0","pvap":"00.00"},{"seq":"372","sqcand":"100000945900","n":"65444","nm":"CHICO POTY","cc":"PC do B","nv":" ","e":"n","st":"N\u00e3o eleito","dvt":"Anulado sub judice","vap":"1","pvap":"   0,00"},{"seq":"305","sqcand":"100000945525","n":"23555","nm":"SUELLEN","cc":"CIDADANIA","nv":" ","e":"n","st":"N\u00e3o eleito","dvt":"V\u00e1lido","vap":"24","pvap":"   0,04"},{"seq":"166","sqcand":"100000946868","n":"10931","nm":"TIAGO COELHO","cc":"REPUBLICANOS","nv":" ","e":"n","st":"Suplente","dvt":"V\u00e1lido","vap":"48","pvap":"   0,09"},{"seq":"82","sqcand":"100000825139","n":"51888","nm":"THIEGO DINIZ VIVA MAIS","cc":"PATRIOTA","nv":" ","e":"n","st":"Suplente","dvt":"V\u00e1lido","vap":"177","pvap":"   0,32"},{"seq":"342","sqcand":"100000995034","n":"13222","nm":"LURDINHA DO PA\u00c7O","cc":"PT","nv":" ","e":"n","st":"N\u00e3o eleito","dvt":"V\u00e1lido","vap":"9","pvap":"   0,02"},{"seq":"374","sqcand":"100000644004","n":"17689","nm":"MARIA DA FLAUTA","cc":"PSL","nv":" ","e":"n","st":"N\u00e3o eleito","dvt":"V\u00e1lido","vap":"1","pvap":"   0,00"},{"seq":"329","sqcand":"100000945518","n":"23233","nm":"FL\u00c1VIA","cc":"CIDADANIA","nv":" ","e":"n","st":"N\u00e3o eleito","dvt":"V\u00e1lido","vap":"13","pvap":"   0,02"},{"seq":"349","sqcand":"100000995025","n":"13789","nm":"MARCIO ROBERTO","cc":"PT","nv":" ","e":"n","st":"N\u00e3o eleito","dvt":"V\u00e1lido","vap":"7","pvap":"   0,01"},{"seq":"164","sqcand":"100000886273","n":"55555","nm":"CARLOS PAZ","cc":"PSD","nv":" ","e":"n","st":"Suplente","dvt":"V\u00e1lido","vap":"48","pvap":"   0,09"},{"seq":"101","sqcand":"100000825152","n":"51127","nm":"KARINA CORVELO","cc":"PATRIOTA","nv":" ","e":"n","st":"Suplente","dvt":"V\u00e1lido","vap":"124","pvap":"   0,22"},{"seq":"46","sqcand":"100000723925","n":"70123","nm":"ALEX BRITO","cc":"AVANTE","nv":" ","e":"n","st":"Suplente","dvt":"V\u00e1lido","vap":"364","pvap":"   0,66"},{"seq":"203","sqcand":"100000825154","n":"51022","nm":"NELCI PEREIRA DA CEMAR","cc":"PATRIOTA","nv":" ","e":"n","st":"Suplente","dvt":"V\u00e1lido","vap":"12","pvap":"   0,02"},{"seq":"100","sqcand":"100000723943","n":"70999","nm":"MAURICIO NAVALHA","cc":"AVANTE","nv":" ","e":"n","st":"Suplente","dvt":"V\u00e1lido","vap":"124","pvap":"   0,22"},{"seq":"155","sqcand":"100000946859","n":"10422","nm":"PROFESSORA ROSANA","cc":"REPUBLICANOS","nv":" ","e":"n","st":"Suplente","dvt":"V\u00e1lido","vap":"55","pvap":"   0,10"},{"seq":"23","sqcand":"100000807884","n":"14000","nm":"SEU PULUCA","cc":"PTB","nv":" ","e":"n","st":"Suplente","dvt":"V\u00e1lido","vap":"649","pvap":"   1,17"},{"seq":"22","sqcand":"100001092062","n":"11111","nm":"MIGUEL","cc":"PP","nv":" ","e":"n","st":"Suplente","dvt":"V\u00e1lido","vap":"682","pvap":"   1,23"},{"seq":"189","sqcand":"100001092073","n":"11789","nm":"SILVANA DA VAN","cc":"PP","nv":" ","e":"n","st":"Suplente","dvt":"V\u00e1lido","vap":"25","pvap":"   0,05"},{"seq":"156","sqcand":"100000807874","n":"14333","nm":"RINA ROCHA","cc":"PTB","nv":" ","e":"n","st":"Suplente","dvt":"V\u00e1lido","vap":"55","pvap":"   0,10"},{"seq":"119","sqcand":"100000825729","n":"35190","nm":"PROFESSOR EDMILSON CARNEIRO","cc":"PMB","nv":" ","e":"n","st":"Suplente","dvt":"V\u00e1lido","vap":"94","pvap":"   0,17"},{"seq":"368","sqcand":"100000995027","n":"13000","nm":"PAULO DA VASSOURA","cc":"PT","nv":" ","e":"n","st":"N\u00e3o eleito","dvt":"Anulado sub judice","vap":"2","pvap":"   0,00"},{"seq":"300","sqcand":"100000946221","n":"27333","nm":"EMERSON ARAG\u00c3O","cc":"DC","nv":" ","e":"n","st":"N\u00e3o eleito","dvt":"V\u00e1lido","vap":"26","pvap":"   0,05"},{"seq":"327","sqcand":"100000995035","n":"13800","nm":"DAGMAR MACIEL","cc":"PT","nv":" ","e":"n","st":"N\u00e3o eleito","dvt":"V\u00e1lido","vap":"13","pvap":"   0,02"},{"seq":"221","sqcand":"100000886291","n":"55111","nm":"DANIEL","cc":"PSD","nv":" ","e":"n","st":"Suplente","dvt":"V\u00e1lido","vap":"2","pvap":"   0,00"},{"seq":"81","sqcand":"100000825724","n":"35789","nm":"VELH\u00c3O DA MAIOBA","cc":"PMB","nv":" ","e":"n","st":"Suplente","dvt":"V\u00e1lido","vap":"177","pvap":"   0,32"},{"seq":"350","sqcand":"100000776686","n":"90980","nm":"JUNIOR DO POVO","cc":"PROS","nv":" ","e":"n","st":"N\u00e3o eleito","dvt":"V\u00e1lido","vap":"7","pvap":"   0,01"},{"seq":"312","sqcand":"100000723225","n":"43023","nm":"FABIANO MORAES","cc":"PV","nv":" ","e":"n","st":"N\u00e3o eleito","dvt":"V\u00e1lido","vap":"21","pvap":"   0,04"},{"seq":"192","sqcand":"100000723000","n":"22002","nm":"GIZELIA CHOAIRY","cc":"PL","nv":" ","e":"n","st":"Suplente","dvt":"V\u00e1lido","vap":"23","pvap":"   0,04"},{"seq":"30","sqcand":"100001052399","n":"40789","nm":"PROFESSORA CARMEN AROSO","cc":"PSB","nv":" ","e":"n","st":"Suplente","dvt":"V\u00e1lido","vap":"542","pvap":"   0,98"},{"seq":"278","sqcand":"100000643997","n":"17554","nm":"REGINALDO BONITO","cc":"PSL","nv":" ","e":"n","st":"N\u00e3o eleito","dvt":"V\u00e1lido","vap":"46","pvap":"   0,08"},{"seq":"212","sqcand":"100000945914","n":"65311","nm":"BORGES","cc":"PC do B","nv":" ","e":"n","st":"Suplente","dvt":"V\u00e1lido","vap":"8","pvap":"   0,01"},{"seq":"15","sqcand":"100000722999","n":"22333","nm":"RAFAEL NEVES","cc":"PL","nv":" ","e":"s","st":"Eleito","dvt":"V\u00e1lido","vap":"648","pvap":"   1,17"},{"seq":"54","sqcand":"100001052394","n":"40678","nm":"IRM\u00c3O CAMPELO","cc":"PSB","nv":" ","e":"n","st":"Suplente","dvt":"V\u00e1lido","vap":"305","pvap":"   0,55"},{"seq":"113","sqcand":"100000825140","n":"51122","nm":"PLAY BOY DA BORRACHARIA","cc":"PATRIOTA","nv":" ","e":"n","st":"Suplente","dvt":"V\u00e1lido","vap":"103","pvap":"   0,19"},{"seq":"137","sqcand":"100000886295","n":"55500","nm":"CAPIT\u00c9 DO FORR\u00d3","cc":"PSD","nv":" ","e":"n","st":"Suplente","dvt":"V\u00e1lido","vap":"68","pvap":"   0,12"},{"seq":"376","sqcand":"100000776680","n":"90012","nm":"FELIPE BARROS","cc":"PROS","nv":" ","e":"n","st":"N\u00e3o eleito","dvt":"V\u00e1lido","vap":"1","pvap":"   0,00"},{"seq":"211","sqcand":"100000722992","n":"22822","nm":"ALEX BRASIL","cc":"PL","nv":" ","e":"n","st":"Suplente","dvt":"V\u00e1lido","vap":"9","pvap":"   0,02"},{"seq":"202","sqcand":"100000742146","n":"18400","nm":"FELINHO MARANH\u00c3O","cc":"REDE","nv":" ","e":"n","st":"Suplente","dvt":"V\u00e1lido","vap":"14","pvap":"   0,03"},{"seq":"115","sqcand":"100000807879","n":"14222","nm":"LEILA SANTOS","cc":"PTB","nv":" ","e":"n","st":"Suplente","dvt":"V\u00e1lido","vap":"101","pvap":"   0,18"},{"seq":"99","sqcand":"100000742148","n":"18555","nm":"FILIPE OLIVEIRA","cc":"REDE","nv":" ","e":"n","st":"Suplente","dvt":"V\u00e1lido","vap":"125","pvap":"   0,23"},{"seq":"232","sqcand":"100001092052","n":"11800","nm":"EVERARDO&apos;","cc":"PP","nv":" ","e":"n","st":"Suplente","dvt":"V\u00e1lido","vap":"0","pvap":"00.00"},{"seq":"314","sqcand":"100000945515","n":"23111","nm":"RUTHINHA","cc":"CIDADANIA","nv":" ","e":"n","st":"N\u00e3o eleito","dvt":"V\u00e1lido","vap":"21","pvap":"   0,04"},{"seq":"261","sqcand":"100000946225","n":"27123","nm":"IR. NELSON","cc":"DC","nv":" ","e":"n","st":"N\u00e3o eleito","dvt":"V\u00e1lido","vap":"71","pvap":"   0,13"},{"seq":"11","sqcand":"100000723948","n":"70333","nm":"MI\u00c9RCIO","cc":"AVANTE","nv":" ","e":"s","st":"Eleito","dvt":"V\u00e1lido","vap":"703","pvap":"   1,27"},{"seq":"242","sqcand":"100000723002","n":"22237","nm":"DIEGO DA IMP\u00c9RIO","cc":"PL","nv":" ","e":"n","st":"N\u00e3o eleito","dvt":"Anulado sub judice","vap":"225","pvap":"   0,41"},{"seq":"106","sqcand":"100000742141","n":"18222","nm":"RAMOS DA REGULARIZA\u00c7\u00c3O","cc":"REDE","nv":" ","e":"n","st":"Suplente","dvt":"V\u00e1lido","vap":"108","pvap":"   0,19"},{"seq":"90","sqcand":"100000886284","n":"55135","nm":"CINTIA RAYMARA","cc":"PSD","nv":" ","e":"n","st":"Suplente","dvt":"V\u00e1lido","vap":"143","pvap":"   0,26"},{"seq":"142","sqcand":"100000807881","n":"14123","nm":"CATARINA BANDEIRA","cc":"PTB","nv":" ","e":"n","st":"Suplente","dvt":"V\u00e1lido","vap":"65","pvap":"   0,12"},{"seq":"201","sqcand":"100001052397","n":"40234","nm":"MA\u00cdSE MARREIROS","cc":"PSB","nv":" ","e":"n","st":"Suplente","dvt":"V\u00e1lido","vap":"15","pvap":"   0,03"},{"seq":"7","sqcand":"100000723926","n":"70789","nm":"FERNANDO FEITOSA","cc":"AVANTE","nv":" ","e":"s","st":"Eleito","dvt":"V\u00e1lido","vap":"804","pvap":"   1,45"},{"seq":"345","sqcand":"100000776672","n":"90009","nm":"LENNY DINIZ","cc":"PROS","nv":" ","e":"n","st":"N\u00e3o eleito","dvt":"V\u00e1lido","vap":"9","pvap":"   0,02"},{"seq":"175","sqcand":"100000825722","n":"35313","nm":"ZECA SOARES","cc":"PMB","nv":" ","e":"n","st":"Suplente","dvt":"V\u00e1lido","vap":"40","pvap":"   0,07"},{"seq":"83","sqcand":"100000946870","n":"10122","nm":"HILDA CADILHE","cc":"REPUBLICANOS","nv":" ","e":"n","st":"Suplente","dvt":"V\u00e1lido","vap":"173","pvap":"   0,31"},{"seq":"222","sqcand":"100000723944","n":"70579","nm":"KLEITIAN SAMPAIO","cc":"AVANTE","nv":" ","e":"n","st":"Suplente","dvt":"V\u00e1lido","vap":"1","pvap":"   0,00"},{"seq":"335","sqcand":"100000776685","n":"90111","nm":"ROBERTO ARAUJO","cc":"PROS","nv":" ","e":"n","st":"N\u00e3o eleito","dvt":"V\u00e1lido","vap":"11","pvap":"   0,02"},{"seq":"370","sqcand":"100000644001","n":"17999","nm":"AM\u00c9RICO DO PA\u00c7O","cc":"PSL","nv":" ","e":"n","st":"N\u00e3o eleito","dvt":"V\u00e1lido","vap":"2","pvap":"   0,00"},{"seq":"240","sqcand":"100000861421","n":"20200","nm":"MARCELO PORTELA","cc":"PSC","nv":" ","e":"n","st":"N\u00e3o eleito","dvt":"V\u00e1lido","vap":"275","pvap":"   0,50"},{"seq":"283","sqcand":"100000945516","n":"23123","nm":"LENICE ALVES","cc":"CIDADANIA","nv":" ","e":"n","st":"N\u00e3o eleito","dvt":"V\u00e1lido","vap":"39","pvap":"   0,07"},{"seq":"59","sqcand":"100000723929","n":"70722","nm":"ALISSON DO BEIJO DE MO\u00c7A","cc":"AVANTE","nv":" ","e":"n","st":"Suplente","dvt":"V\u00e1lido","vap":"288","pvap":"   0,52"},{"seq":"288","sqcand":"100000861414","n":"20111","nm":"BRUNO TEKASOM","cc":"PSC","nv":" ","e":"n","st":"N\u00e3o eleito","dvt":"V\u00e1lido","vap":"34","pvap":"   0,06"},{"seq":"324","sqcand":"100000644003","n":"17202","nm":"IVAN MIRANDA SHOW","cc":"PSL","nv":" ","e":"n","st":"N\u00e3o eleito","dvt":"V\u00e1lido","vap":"15","pvap":"   0,03"},{"seq":"323","sqcand":"100000723229","n":"43299","nm":"IRM\u00c3O DA PADARIA","cc":"PV","nv":" ","e":"n","st":"N\u00e3o eleito","dvt":"V\u00e1lido","vap":"15","pvap":"   0,03"},{"seq":"315","sqcand":"100000945523","n":"23100","nm":"PATR\u00cdCIA RIBEIRO","cc":"CIDADANIA","nv":" ","e":"n","st":"N\u00e3o eleito","dvt":"V\u00e1lido","vap":"20","pvap":"   0,04"},{"seq":"249","sqcand":"100000995019","n":"13288","nm":"GEN\u00c9SIO DO MAIOB\u00c3O","cc":"PT","nv":" ","e":"n","st":"N\u00e3o eleito","dvt":"V\u00e1lido","vap":"120","pvap":"   0,22"},{"seq":"160","sqcand":"100000825147","n":"51100","nm":"PETELECO","cc":"PATRIOTA","nv":" ","e":"n","st":"Suplente","dvt":"V\u00e1lido","vap":"54","pvap":"   0,10"},{"seq":"6","sqcand":"100001092071","n":"11000","nm":"FERNANDO MUNIZ","cc":"PP","nv":" ","e":"s","st":"Eleito","dvt":"V\u00e1lido","vap":"855","pvap":"   1,54"},{"seq":"295","sqcand":"100000644006","n":"17243","nm":"BIN\u00c9 OLIVEIRA","cc":"PSL","nv":" ","e":"n","st":"N\u00e3o eleito","dvt":"V\u00e1lido","vap":"29","pvap":"   0,05"},{"seq":"80","sqcand":"100000825142","n":"51123","nm":"NAUBER BRAGA","cc":"PATRIOTA","nv":" ","e":"n","st":"Suplente","dvt":"V\u00e1lido","vap":"180","pvap":"   0,32"},{"seq":"139","sqcand":"100000886289","n":"55300","nm":"CLAUDIO TRINTA","cc":"PSD","nv":" ","e":"n","st":"Suplente","dvt":"V\u00e1lido","vap":"67","pvap":"   0,12"},{"seq":"110","sqcand":"100000722998","n":"22234","nm":"ROBERTO MARANH\u00c3O","cc":"PL","nv":" ","e":"n","st":"Suplente","dvt":"V\u00e1lido","vap":"107","pvap":"   0,19"},{"seq":"219","sqcand":"100000886285","n":"55666","nm":"ALCILENE SANTOS","cc":"PSD","nv":" ","e":"n","st":"Suplente","dvt":"V\u00e1lido","vap":"3","pvap":"   0,01"},{"seq":"213","sqcand":"100000825146","n":"51777","nm":"MARLUCY DO NOVO PA\u00c7O","cc":"PATRIOTA","nv":" ","e":"n","st":"Suplente","dvt":"V\u00e1lido","vap":"8","pvap":"   0,01"},{"seq":"379","sqcand":"100000861417","n":"20800","nm":"JULIO SALES","cc":"PSC","nv":" ","e":"n","st":"N\u00e3o eleito","dvt":"V\u00e1lido","vap":"0","pvap":"00.00"},{"seq":"33","sqcand":"100000722985","n":"22322","nm":"JORGE BRITO","cc":"PL","nv":" ","e":"n","st":"Suplente","dvt":"V\u00e1lido","vap":"508","pvap":"   0,92"},{"seq":"174","sqcand":"100001052402","n":"40117","nm":"FERNANDO MACEDO","cc":"PSB","nv":" ","e":"n","st":"Suplente","dvt":"V\u00e1lido","vap":"40","pvap":"   0,07"},{"seq":"157","sqcand":"100000722988","n":"22456","nm":"LENINHA","cc":"PL","nv":" ","e":"n","st":"Suplente","dvt":"V\u00e1lido","vap":"55","pvap":"   0,10"},{"seq":"52","sqcand":"100001092070","n":"11123","nm":"ALEX GARC\u00caS","cc":"PP","nv":" ","e":"n","st":"Suplente","dvt":"V\u00e1lido","vap":"319","pvap":"   0,58"},{"seq":"348","sqcand":"100000776676","n":"90912","nm":"KIANNY","cc":"PROS","nv":" ","e":"n","st":"N\u00e3o eleito","dvt":"V\u00e1lido","vap":"8","pvap":"   0,01"},{"seq":"355","sqcand":"100000737703","n":"45899","nm":"TATIANA SANTOS","cc":"PSDB","nv":" ","e":"n","st":"N\u00e3o eleito","dvt":"V\u00e1lido","vap":"6","pvap":"   0,01"},{"seq":"42","sqcand":"100000723934","n":"70000","nm":"ARNOLDO FILHO","cc":"AVANTE","nv":" ","e":"n","st":"Suplente","dvt":"V\u00e1lido","vap":"397","pvap":"   0,72"},{"seq":"272","sqcand":"100000776681","n":"90227","nm":"ITALO RODRIGO","cc":"PROS","nv":" ","e":"n","st":"N\u00e3o eleito","dvt":"V\u00e1lido","vap":"53","pvap":"   0,10"},{"seq":"344","sqcand":"100000776671","n":"90112","nm":"PAULO SILVA","cc":"PROS","nv":" ","e":"n","st":"N\u00e3o eleito","dvt":"V\u00e1lido","vap":"9","pvap":"   0,02"},{"seq":"32","sqcand":"100000723931","n":"70122","nm":"ANDRELINA AYRES","cc":"AVANTE","nv":" ","e":"n","st":"Suplente","dvt":"V\u00e1lido","vap":"512","pvap":"   0,92"},{"seq":"126","sqcand":"100000825135","n":"51200","nm":"MANGUEIRA SOUSA","cc":"PATRIOTA","nv":" ","e":"n","st":"Suplente","dvt":"V\u00e1lido","vap":"86","pvap":"   0,16"},{"seq":"53","sqcand":"100000825149","n":"51051","nm":"ZICO PLAY AUDIO","cc":"PATRIOTA","nv":" ","e":"n","st":"Suplente","dvt":"V\u00e1lido","vap":"310","pvap":"   0,56"},{"seq":"5","sqcand":"100000825134","n":"51000","nm":"MIAU OLIVEIRA","cc":"PATRIOTA","nv":" ","e":"s","st":"Eleito","dvt":"V\u00e1lido","vap":"867","pvap":"   1,56"},{"seq":"180","sqcand":"100000946858","n":"10212","nm":"ISIDORIO DO MANA\u00cdRA","cc":"REPUBLICANOS","nv":" ","e":"n","st":"Suplente","dvt":"V\u00e1lido","vap":"32","pvap":"   0,06"},{"seq":"371","sqcand":"100000643996","n":"17779","nm":"ELENICE SERRA","cc":"PSL","nv":" ","e":"n","st":"N\u00e3o eleito","dvt":"V\u00e1lido","vap":"2","pvap":"   0,00"},{"seq":"154","sqcand":"100001052403","n":"40321","nm":"ERISSON LINDOSO","cc":"PSB","nv":" ","e":"n","st":"Suplente","dvt":"V\u00e1lido","vap":"56","pvap":"   0,10"},{"seq":"247","sqcand":"100000995016","n":"13456","nm":"RIBAMAR DO ALTERNATIVO","cc":"PT","nv":" ","e":"n","st":"N\u00e3o eleito","dvt":"V\u00e1lido","vap":"146","pvap":"   0,26"},{"seq":"353","sqcand":"100000861423","n":"20234","nm":"PROFESSORA NUBIA","cc":"PSC","nv":" ","e":"n","st":"N\u00e3o eleito","dvt":"V\u00e1lido","vap":"6","pvap":"   0,01"},{"seq":"148","sqcand":"100000825137","n":"51007","nm":"JOS\u00c9 RAIMUNDO MACHADO","cc":"PATRIOTA","nv":" ","e":"n","st":"Suplente","dvt":"V\u00e1lido","vap":"61","pvap":"   0,11"},{"seq":"153","sqcand":"100001052405","n":"40100","nm":"L\u00daCIO DO POVO","cc":"PSB","nv":" ","e":"n","st":"Suplente","dvt":"V\u00e1lido","vap":"57","pvap":"   0,10"},{"seq":"343","sqcand":"100000723224","n":"43181","nm":"FRANK KABO","cc":"PV","nv":" ","e":"n","st":"N\u00e3o eleito","dvt":"V\u00e1lido","vap":"9","pvap":"   0,02"},{"seq":"24","sqcand":"100000807876","n":"14444","nm":"BINE AMADO","cc":"PTB","nv":" ","e":"n","st":"Suplente","dvt":"V\u00e1lido","vap":"636","pvap":"   1,15"},{"seq":"112","sqcand":"100000825150","n":"51111","nm":"VICTOR MARTINS","cc":"PATRIOTA","nv":" ","e":"n","st":"Suplente","dvt":"V\u00e1lido","vap":"105","pvap":"   0,19"},{"seq":"224","sqcand":"100000886280","n":"55762","nm":"LUCIA SILVA","cc":"PSD","nv":" ","e":"n","st":"Suplente","dvt":"V\u00e1lido","vap":"1","pvap":"   0,00"},{"seq":"184","sqcand":"100000945904","n":"65888","nm":"ELIANA ROSE","cc":"PC do B","nv":" ","e":"n","st":"Suplente","dvt":"V\u00e1lido","vap":"28","pvap":"   0,05"},{"seq":"354","sqcand":"100000723228","n":"43020","nm":"AUREA JANE","cc":"PV","nv":" ","e":"n","st":"N\u00e3o eleito","dvt":"V\u00e1lido","vap":"6","pvap":"   0,01"},{"seq":"225","sqcand":"100001092063","n":"11918","nm":"ROBERTO DO SITIO GRANDE","cc":"PP","nv":" ","e":"n","st":"Suplente","dvt":"V\u00e1lido","vap":"1","pvap":"   0,00"},{"seq":"235","sqcand":"100001265956","n":"11989","nm":"DANIELLE FERRAZ","cc":"PP","nv":" ","e":"n","st":"Suplente","dvt":"V\u00e1lido","vap":"0","pvap":"00.00"},{"seq":"356","sqcand":"100000643999","n":"17234","nm":"ALFREDO DA NOVA VIDA","cc":"PSL","nv":" ","e":"n","st":"N\u00e3o eleito","dvt":"V\u00e1lido","vap":"6","pvap":"   0,01"},{"seq":"19","sqcand":"100000742133","n":"18777","nm":"ALEXSANDRA GARCIA","cc":"REDE","nv":" ","e":"s","st":"Eleito","dvt":"V\u00e1lido","vap":"320","pvap":"   0,58"},{"seq":"162","sqcand":"100000945896","n":"65123","nm":"ALAN JONES","cc":"PC do B","nv":" ","e":"n","st":"Suplente","dvt":"V\u00e1lido","vap":"49","pvap":"   0,09"},{"seq":"316","sqcand":"100000737712","n":"45013","nm":"JANE DO PARAN\u00c2","cc":"PSDB","nv":" ","e":"n","st":"N\u00e3o eleito","dvt":"V\u00e1lido","vap":"19","pvap":"   0,03"},{"seq":"216","sqcand":"100000825155","n":"51224","nm":"WALDEMAR BOTTENTUIT","cc":"PATRIOTA","nv":" ","e":"n","st":"Suplente","dvt":"V\u00e1lido","vap":"4","pvap":"   0,01"},{"seq":"51","sqcand":"100000945895","n":"65777","nm":"VERA BRAND\u00c3O","cc":"PC do B","nv":" ","e":"n","st":"Suplente","dvt":"V\u00e1lido","vap":"326","pvap":"   0,59"},{"seq":"121","sqcand":"100000807885","n":"14888","nm":"ROMULO RARO","cc":"PTB","nv":" ","e":"n","st":"Suplente","dvt":"V\u00e1lido","vap":"93","pvap":"   0,17"},{"seq":"204","sqcand":"100000946874","n":"10010","nm":"PAULO LUAN","cc":"REPUBLICANOS","nv":" ","e":"n","st":"Suplente","dvt":"V\u00e1lido","vap":"12","pvap":"   0,02"},{"seq":"215","sqcand":"100001052392","n":"40333","nm":"JACILDA DAS ORQU\u00cdDEAS","cc":"PSB","nv":" ","e":"n","st":"Suplente","dvt":"V\u00e1lido","vap":"5","pvap":"   0,01"},{"seq":"333","sqcand":"100000737707","n":"45888","nm":"CRIS DA PRIMAVERA","cc":"PSDB","nv":" ","e":"n","st":"N\u00e3o eleito","dvt":"V\u00e1lido","vap":"11","pvap":"   0,02"},{"seq":"325","sqcand":"100000643998","n":"17777","nm":"VALDENER MARTINS","cc":"PSL","nv":" ","e":"n","st":"N\u00e3o eleito","dvt":"V\u00e1lido","vap":"14","pvap":"   0,03"},{"seq":"70","sqcand":"100000723001","n":"22888","nm":"PROFESSORA REGINA RAMOS","cc":"PL","nv":" ","e":"n","st":"Suplente","dvt":"V\u00e1lido","vap":"230","pvap":"   0,41"},{"seq":"45","sqcand":"100000723945","n":"70777","nm":"CARMEM MARQUES","cc":"AVANTE","nv":" ","e":"n","st":"Suplente","dvt":"V\u00e1lido","vap":"383","pvap":"   0,69"},{"seq":"105","sqcand":"100000825719","n":"35000","nm":"FERNANDO F\u00c9LIX","cc":"PMB","nv":" ","e":"n","st":"Suplente","dvt":"V\u00e1lido","vap":"109","pvap":"   0,20"},{"seq":"111","sqcand":"100000946866","n":"10111","nm":"L\u00c9O FRAZ\u00c3O","cc":"REPUBLICANOS","nv":" ","e":"n","st":"Suplente","dvt":"V\u00e1lido","vap":"107","pvap":"   0,19"},{"seq":"20","sqcand":"100001092057","n":"11555","nm":"TOINHO ABREU","cc":"PP","nv":" ","e":"n","st":"Suplente","dvt":"V\u00e1lido","vap":"720","pvap":"   1,30"},{"seq":"187","sqcand":"100000945911","n":"65440","nm":"JONAS F DOS SANTOS","cc":"PC do B","nv":" ","e":"n","st":"Suplente","dvt":"V\u00e1lido","vap":"27","pvap":"   0,05"},{"seq":"93","sqcand":"100001092056","n":"11456","nm":"DOMINGOS PAIDEG\u00c3O","cc":"PP","nv":" ","e":"n","st":"Suplente","dvt":"V\u00e1lido","vap":"137","pvap":"   0,25"},{"seq":"71","sqcand":"100000742143","n":"18149","nm":"PAULA DAS COMUNITARIAS","cc":"REDE","nv":" ","e":"n","st":"Suplente","dvt":"V\u00e1lido","vap":"227","pvap":"   0,41"},{"seq":"123","sqcand":"100000723921","n":"70678","nm":"RAIMUNDO MARQUES","cc":"AVANTE","nv":" ","e":"n","st":"Suplente","dvt":"V\u00e1lido","vap":"91","pvap":"   0,16"},{"seq":"182","sqcand":"100000825726","n":"35670","nm":"ALICE LEAL","cc":"PMB","nv":" ","e":"n","st":"Suplente","dvt":"V\u00e1lido","vap":"31","pvap":"   0,06"},{"seq":"375","sqcand":"100001266274","n":"20100","nm":"PATRICIA NUNES ","cc":"PSC","nv":" ","e":"n","st":"N\u00e3o eleito","dvt":"V\u00e1lido","vap":"1","pvap":"   0,00"},{"seq":"128","sqcand":"100000742135","n":"18178","nm":"MANOEL LACERDA","cc":"REDE","nv":" ","e":"n","st":"Suplente","dvt":"V\u00e1lido","vap":"85","pvap":"   0,15"},{"seq":"193","sqcand":"100000946869","n":"10999","nm":"LUIZINHO DO PA\u00c7O","cc":"REPUBLICANOS","nv":" ","e":"n","st":"Suplente","dvt":"V\u00e1lido","vap":"21","pvap":"   0,04"},{"seq":"264","sqcand":"100000946219","n":"27027","nm":"FRANK FONSECA","cc":"DC","nv":" ","e":"n","st":"N\u00e3o eleito","dvt":"V\u00e1lido","vap":"66","pvap":"   0,12"},{"seq":"282","sqcand":"100000776684","n":"90555","nm":"EDUARDO MARANH\u00c3O","cc":"PROS","nv":" ","e":"n","st":"N\u00e3o eleito","dvt":"V\u00e1lido","vap":"41","pvap":"   0,07"},{"seq":"286","sqcand":"100000861416","n":"20456","nm":"ERMANDO CABE\u00c7A","cc":"PSC","nv":" ","e":"n","st":"N\u00e3o eleito","dvt":"V\u00e1lido","vap":"35","pvap":"   0,06"},{"seq":"366","sqcand":"100000946215","n":"27278","nm":"GISELE","cc":"DC","nv":" ","e":"n","st":"N\u00e3o eleito","dvt":"V\u00e1lido","vap":"3","pvap":"   0,01"},{"seq":"209","sqcand":"100000945901","n":"65333","nm":"CARLOS SILVA","cc":"PC do B","nv":" ","e":"n","st":"Suplente","dvt":"V\u00e1lido","vap":"11","pvap":"   0,02"},{"seq":"150","sqcand":"100001092059","n":"11125","nm":"F\u00c1BIO BRITO","cc":"PP","nv":" ","e":"n","st":"Suplente","dvt":"V\u00e1lido","vap":"61","pvap":"   0,11"},{"seq":"188","sqcand":"100001052396","n":"40147","nm":"GONZALEZ FILHO","cc":"PSB","nv":" ","e":"n","st":"Suplente","dvt":"V\u00e1lido","vap":"26","pvap":"   0,05"},{"seq":"334","sqcand":"100000995031","n":"13138","nm":"LUDYMILLA GOMES","cc":"PT","nv":" ","e":"n","st":"N\u00e3o eleito","dvt":"V\u00e1lido","vap":"11","pvap":"   0,02"},{"seq":"245","sqcand":"100000737702","n":"45000","nm":"CABE\u00c7A","cc":"PSDB","nv":" ","e":"n","st":"N\u00e3o eleito","dvt":"V\u00e1lido","vap":"165","pvap":"   0,30"},{"seq":"279","sqcand":"100000945524","n":"23220","nm":"JUAN FRAN\u00c7A","cc":"CIDADANIA","nv":" ","e":"n","st":"N\u00e3o eleito","dvt":"V\u00e1lido","vap":"45","pvap":"   0,08"},{"seq":"223","sqcand":"100000722995","n":"22444","nm":"LENNE GAU","cc":"PL","nv":" ","e":"n","st":"Suplente","dvt":"V\u00e1lido","vap":"1","pvap":"   0,00"},{"seq":"176","sqcand":"100000825138","n":"51456","nm":"MARIA APARECIDA DA SA\u00daDE","cc":"PATRIOTA","nv":" ","e":"n","st":"Suplente","dvt":"V\u00e1lido","vap":"39","pvap":"   0,07"},{"seq":"49","sqcand":"100000945899","n":"65001","nm":"PIVETE","cc":"PC do B","nv":" ","e":"n","st":"Suplente","dvt":"V\u00e1lido","vap":"334","pvap":"   0,60"},{"seq":"307","sqcand":"100000861419","n":"20647","nm":"CRIS DO MOJ\u00d3","cc":"PSC","nv":" ","e":"n","st":"N\u00e3o eleito","dvt":"V\u00e1lido","vap":"23","pvap":"   0,04"},{"seq":"152","sqcand":"100000886282","n":"55921","nm":"KARLA DA ACADEMIA","cc":"PSD","nv":" ","e":"n","st":"Suplente","dvt":"V\u00e1lido","vap":"58","pvap":"   0,10"},{"seq":"340","sqcand":"100000723226","n":"43208","nm":"RAFAELLA DIAS","cc":"PV","nv":" ","e":"n","st":"N\u00e3o eleito","dvt":"V\u00e1lido","vap":"10","pvap":"   0,02"},{"seq":"294","sqcand":"100000861412","n":"20678","nm":"ALUIZIO SOBRINHO","cc":"PSC","nv":" ","e":"n","st":"N\u00e3o eleito","dvt":"V\u00e1lido","vap":"30","pvap":"   0,05"},{"seq":"197","sqcand":"100000825739","n":"35377","nm":"TURIA\u00c7U DO NOVO PA\u00c7O","cc":"PMB","nv":" ","e":"n","st":"Suplente","dvt":"V\u00e1lido","vap":"19","pvap":"   0,03"},{"seq":"39","sqcand":"100000723942","n":"70922","nm":"NETO BOT\u00c3O","cc":"AVANTE","nv":" ","e":"n","st":"Suplente","dvt":"V\u00e1lido","vap":"430","pvap":"   0,78"},{"seq":"233","sqcand":"100000886279","n":"55610","nm":"PASTOR ODILON","cc":"PSD","nv":" ","e":"n","st":"Suplente","dvt":"V\u00e1lido","vap":"0","pvap":"00.00"},{"seq":"271","sqcand":"100000945512","n":"23023","nm":"REINALDO CASTROLINO","cc":"CIDADANIA","nv":" ","e":"n","st":"N\u00e3o eleito","dvt":"V\u00e1lido","vap":"53","pvap":"   0,10"},{"seq":"281","sqcand":"100000861410","n":"20190","nm":"SARGENTO VIANA","cc":"PSC","nv":" ","e":"n","st":"N\u00e3o eleito","dvt":"V\u00e1lido","vap":"44","pvap":"   0,08"},{"seq":"231","sqcand":"100000825159","n":"51622","nm":"VENILDE OLIVEIRA","cc":"PATRIOTA","nv":" ","e":"n","st":"Suplente","dvt":"V\u00e1lido","vap":"0","pvap":"00.00"},{"seq":"253","sqcand":"100000776683","n":"90333","nm":"PEL\u00c9 DO PA\u00c7O","cc":"PROS","nv":" ","e":"n","st":"N\u00e3o eleito","dvt":"V\u00e1lido","vap":"99","pvap":"   0,18"},{"seq":"79","sqcand":"100000825145","n":"51311","nm":"MISSION\u00c1RIA ZEZ\u00c9","cc":"PATRIOTA","nv":" ","e":"n","st":"Suplente","dvt":"V\u00e1lido","vap":"185","pvap":"   0,33"},{"seq":"117","sqcand":"100000945905","n":"65000","nm":"MYLENNA DAS COMUNIDADES","cc":"PC do B","nv":" ","e":"n","st":"Suplente","dvt":"V\u00e1lido","vap":"100","pvap":"   0,18"},{"seq":"75","sqcand":"100000723922","n":"70222","nm":"TIA MERC\u00caS","cc":"AVANTE","nv":" ","e":"n","st":"Suplente","dvt":"V\u00e1lido","vap":"198","pvap":"   0,36"},{"seq":"170","sqcand":"100001092054","n":"11013","nm":"KYM LOPES","cc":"PP","nv":" ","e":"n","st":"Suplente","dvt":"V\u00e1lido","vap":"42","pvap":"   0,08"},{"seq":"256","sqcand":"100000945517","n":"23222","nm":"JUCA LUMINENSE DE VERDADE","cc":"CIDADANIA","nv":" ","e":"n","st":"N\u00e3o eleito","dvt":"V\u00e1lido","vap":"84","pvap":"   0,15"},{"seq":"362","sqcand":"100000644008","n":"17177","nm":"ROCHA","cc":"PSL","nv":" ","e":"n","st":"N\u00e3o eleito","dvt":"V\u00e1lido","vap":"4","pvap":"   0,01"},{"seq":"74","sqcand":"100000825141","n":"51012","nm":"JO\u00c3O NETO","cc":"PATRIOTA","nv":" ","e":"n","st":"Suplente","dvt":"V\u00e1lido","vap":"201","pvap":"   0,36"},{"seq":"228","sqcand":"100000886288","n":"55010","nm":"DIANA MARTINS","cc":"PSD","nv":" ","e":"n","st":"Suplente","dvt":"V\u00e1lido","vap":"1","pvap":"   0,00"},{"seq":"291","sqcand":"100000946217","n":"27777","nm":"WALLISON RABELO","cc":"DC","nv":" ","e":"n","st":"N\u00e3o eleito","dvt":"V\u00e1lido","vap":"33","pvap":"   0,06"},{"seq":"361","sqcand":"100000946222","n":"27666","nm":"CLENILSON","cc":"DC","nv":" ","e":"n","st":"N\u00e3o eleito","dvt":"V\u00e1lido","vap":"4","pvap":"   0,01"},{"seq":"130","sqcand":"100000946856","n":"10234","nm":"RONALDO DO PARAN\u00c3","cc":"REPUBLICANOS","nv":" ","e":"n","st":"Suplente","dvt":"V\u00e1lido","vap":"79","pvap":"   0,14"},{"seq":"76","sqcand":"100000807880","n":"14456","nm":"FATIMA CUNHA","cc":"PTB","nv":" ","e":"n","st":"Suplente","dvt":"V\u00e1lido","vap":"193","pvap":"   0,35"},{"seq":"27","sqcand":"100000945916","n":"65050","nm":"PAULINHO DO LIMA VERDE","cc":"PC do B","nv":" ","e":"n","st":"Suplente","dvt":"V\u00e1lido","vap":"598","pvap":"   1,08"},{"seq":"151","sqcand":"100000742144","n":"18111","nm":"MARCIO AGUIAR","cc":"REDE","nv":" ","e":"n","st":"Suplente","dvt":"V\u00e1lido","vap":"58","pvap":"   0,10"},{"seq":"163","sqcand":"100000945919","n":"65789","nm":"MESSIAS DAS VILAS","cc":"PC do B","nv":" ","e":"n","st":"Suplente","dvt":"V\u00e1lido","vap":"49","pvap":"   0,09"},{"seq":"198","sqcand":"100000946862","n":"10133","nm":"MARIA JOS\u00c9 NOVA VIDA","cc":"REPUBLICANOS","nv":" ","e":"n","st":"Suplente","dvt":"V\u00e1lido","vap":"18","pvap":"   0,03"},{"seq":"301","sqcand":"100000737711","n":"45045","nm":"DEISON FRANCA","cc":"PSDB","nv":" ","e":"n","st":"N\u00e3o eleito","dvt":"V\u00e1lido","vap":"26","pvap":"   0,05"},{"seq":"68","sqcand":"100000722996","n":"22345","nm":"JAMILSON DICK","cc":"PL","nv":" ","e":"n","st":"Suplente","dvt":"V\u00e1lido","vap":"232","pvap":"   0,42"},{"seq":"57","sqcand":"100000742138","n":"18888","nm":"HENRIQUE NOVAIS","cc":"REDE","nv":" ","e":"n","st":"Suplente","dvt":"V\u00e1lido","vap":"293","pvap":"   0,53"},{"seq":"147","sqcand":"100000722982","n":"22331","nm":"ODELITA DA ITAPERA","cc":"PL","nv":" ","e":"n","st":"Suplente","dvt":"V\u00e1lido","vap":"62","pvap":"   0,11"},{"seq":"317","sqcand":"100000644000","n":"17555","nm":"ANA DO PA\u00c7O","cc":"PSL","nv":" ","e":"n","st":"N\u00e3o eleito","dvt":"V\u00e1lido","vap":"18","pvap":"   0,03"},{"seq":"265","sqcand":"100000946226","n":"27338","nm":"SUELY AGUIAR","cc":"DC","nv":" ","e":"n","st":"N\u00e3o eleito","dvt":"V\u00e1lido","vap":"64","pvap":"   0,12"},{"seq":"132","sqcand":"100000825160","n":"51234","nm":"MAIC\u00c3O CACHEIRO","cc":"PATRIOTA","nv":" ","e":"n","st":"Suplente","dvt":"V\u00e1lido","vap":"77","pvap":"   0,14"},{"seq":"332","sqcand":"100000995024","n":"13577","nm":"ANTONIO MARTINS","cc":"PT","nv":" ","e":"n","st":"N\u00e3o eleito","dvt":"V\u00e1lido","vap":"12","pvap":"   0,02"},{"seq":"364","sqcand":"100000722997","n":"22123","nm":"ACRISIO BOT\u00c3O","cc":"PL","nv":" ","e":"n","st":"N\u00e3o eleito","dvt":"Anulado sub judice","vap":"3","pvap":"   0,01"},{"seq":"338","sqcand":"100000723227","n":"43987","nm":"BATISTA","cc":"PV","nv":" ","e":"n","st":"N\u00e3o eleito","dvt":"V\u00e1lido","vap":"11","pvap":"   0,02"},{"seq":"138","sqcand":"100000886278","n":"55678","nm":"JURA DA SA\u00daDE","cc":"PSD","nv":" ","e":"n","st":"Suplente","dvt":"V\u00e1lido","vap":"68","pvap":"   0,12"},{"seq":"269","sqcand":"100000737708","n":"45890","nm":"JOELMA SOUSA","cc":"PSDB","nv":" ","e":"n","st":"N\u00e3o eleito","dvt":"V\u00e1lido","vap":"59","pvap":"   0,11"},{"seq":"241","sqcand":"100000723937","n":"70111","nm":"MOREIRA NETO","cc":"AVANTE","nv":" ","e":"n","st":"N\u00e3o eleito","dvt":"Anulado sub judice","vap":"265","pvap":"   0,48"},{"seq":"50","sqcand":"100000723946","n":"70007","nm":"ANDR\u00c9 COSTA","cc":"AVANTE","nv":" ","e":"n","st":"Suplente","dvt":"V\u00e1lido","vap":"327","pvap":"   0,59"},{"seq":"66","sqcand":"100001052391","n":"40121","nm":"TIERLE FABY","cc":"PSB","nv":" ","e":"n","st":"Suplente","dvt":"V\u00e1lido","vap":"244","pvap":"   0,44"},{"seq":"359","sqcand":"100000776687","n":"90016","nm":"CRIS DO BAZAR","cc":"PROS","nv":" ","e":"n","st":"N\u00e3o eleito","dvt":"V\u00e1lido","vap":"5","pvap":"   0,01"},{"seq":"290","sqcand":"100000945519","n":"23777","nm":"NABATE DO CHURRASCO","cc":"CIDADANIA","nv":" ","e":"n","st":"N\u00e3o eleito","dvt":"V\u00e1lido","vap":"33","pvap":"   0,06"},{"seq":"298","sqcand":"100000995033","n":"13999","nm":"ANA DALVA ARAG\u00c3O","cc":"PT","nv":" ","e":"n","st":"N\u00e3o eleito","dvt":"Anulado sub judice","vap":"27","pvap":"   0,05"},{"seq":"78","sqcand":"100000825730","n":"35237","nm":"AUGUSTO BARBOSA","cc":"PMB","nv":" ","e":"n","st":"Suplente","dvt":"V\u00e1lido","vap":"187","pvap":"   0,34"},{"seq":"273","sqcand":"100000723930","n":"70223","nm":"ALYSSON OLIVEIRA","cc":"AVANTE","nv":" ","e":"n","st":"N\u00e3o eleito","dvt":"Anulado sub judice","vap":"51","pvap":"   0,09"},{"seq":"167","sqcand":"100000825158","n":"51010","nm":"MILTON JUNIOR","cc":"PATRIOTA","nv":" ","e":"n","st":"Suplente","dvt":"V\u00e1lido","vap":"46","pvap":"   0,08"},{"seq":"280","sqcand":"100000861413","n":"20222","nm":"ERILUZIA CRISTINA","cc":"PSC","nv":" ","e":"n","st":"N\u00e3o eleito","dvt":"V\u00e1lido","vap":"45","pvap":"   0,08"},{"seq":"220","sqcand":"100001052387","n":"40266","nm":"RITA DE C\u00c1SSIA","cc":"PSB","nv":" ","e":"n","st":"Suplente","dvt":"V\u00e1lido","vap":"2","pvap":"   0,00"},{"seq":"21","sqcand":"100000886286","n":"55222","nm":"LUCIANA GUEGUEU","cc":"PSD","nv":" ","e":"n","st":"Suplente","dvt":"V\u00e1lido","vap":"706","pvap":"   1,27"},{"seq":"26","sqcand":"100000723940","n":"70322","nm":"PROFESSOR F\u00c1BIO HENRIQUE","cc":"AVANTE","nv":" ","e":"n","st":"Suplente","dvt":"V\u00e1lido","vap":"622","pvap":"   1,12"},{"seq":"48","sqcand":"100000722987","n":"22800","nm":"J\u00daNIOR DO IGUAIBA","cc":"PL","nv":" ","e":"n","st":"Suplente","dvt":"V\u00e1lido","vap":"350","pvap":"   0,63"},{"seq":"230","sqcand":"100000723938","n":"70666","nm":"FABIANE SILVA","cc":"AVANTE","nv":" ","e":"n","st":"Suplente","dvt":"V\u00e1lido","vap":"0","pvap":"00.00"},{"seq":"237","sqcand":"100000886277","n":"55973","nm":"LEONETE TAVARES","cc":"PSD","nv":" ","e":"n","st":"Suplente","dvt":"V\u00e1lido","vap":"0","pvap":"00.00"},{"seq":"69","sqcand":"100000886283","n":"55522","nm":"JOSU\u00c9 DO SINDICATO","cc":"PSD","nv":" ","e":"n","st":"Suplente","dvt":"V\u00e1lido","vap":"231","pvap":"   0,42"},{"seq":"172","sqcand":"100000886298","n":"55266","nm":"JUNIOR DA AUTO ESCOLA","cc":"PSD","nv":" ","e":"n","st":"Suplente","dvt":"V\u00e1lido","vap":"41","pvap":"   0,07"},{"seq":"287","sqcand":"100000995032","n":"13100","nm":"PABLO ROCHA","cc":"PT","nv":" ","e":"n","st":"N\u00e3o eleito","dvt":"V\u00e1lido","vap":"35","pvap":"   0,06"},{"seq":"12","sqcand":"100000945897","n":"65999","nm":"VANUSA NEVES","cc":"PC do B","nv":" ","e":"s","st":"Eleito","dvt":"V\u00e1lido","vap":"693","pvap":"   1,25"},{"seq":"310","sqcand":"100000825740","n":"35666","nm":"LENNE SOUSA","cc":"PMB","nv":" ","e":"n","st":"N\u00e3o eleito","dvt":"Anulado sub judice","vap":"22","pvap":"   0,04"},{"seq":"227","sqcand":"100001092065","n":"11567","nm":"MONIQUE AROUCHE","cc":"PP","nv":" ","e":"n","st":"Suplente","dvt":"V\u00e1lido","vap":"1","pvap":"   0,00"},{"seq":"146","sqcand":"100000722983","n":"22111","nm":"PROFESSOR ISRAEL FERREIRA","cc":"PL","nv":" ","e":"n","st":"Suplente","dvt":"V\u00e1lido","vap":"64","pvap":"   0,12"},{"seq":"378","sqcand":"100000723233","n":"43777","nm":"ERNANI DO IGUA\u00cdBA","cc":"PV","nv":" ","e":"n","st":"N\u00e3o eleito","dvt":"Anulado sub judice","vap":"0","pvap":"00.00"},{"seq":"206","sqcand":"100000742136","n":"18369","nm":"PROF MARINILDE ALMEIDA","cc":"REDE","nv":" ","e":"n","st":"Suplente","dvt":"V\u00e1lido","vap":"12","pvap":"   0,02"},{"seq":"124","sqcand":"100000825720","n":"35222","nm":"JHON DO BARAT\u00c3O","cc":"PMB","nv":" ","e":"n","st":"Suplente","dvt":"V\u00e1lido","vap":"90","pvap":"   0,16"},{"seq":"330","sqcand":"100000644005","n":"17123","nm":"PEZ\u00c3O SILVA","cc":"PSL","nv":" ","e":"n","st":"N\u00e3o eleito","dvt":"V\u00e1lido","vap":"13","pvap":"   0,02"},{"seq":"239","sqcand":"100000886276","n":"55789","nm":"CHARUTO","cc":"PSD","nv":" ","e":"n","st":"N\u00e3o eleito","dvt":"Anulado sub judice","vap":"517","pvap":"   0,93"},{"seq":"129","sqcand":"100001052388","n":"40222","nm":"LAURA SOEIRO","cc":"PSB","nv":" ","e":"n","st":"Suplente","dvt":"V\u00e1lido","vap":"84","pvap":"   0,15"},{"seq":"207","sqcand":"100000825727","n":"35456","nm":"MARIA DAS NEVES","cc":"PMB","nv":" ","e":"n","st":"Suplente","dvt":"V\u00e1lido","vap":"12","pvap":"   0,02"},{"seq":"31","sqcand":"100000723923","n":"70555","nm":"EDILEUZA MENDES","cc":"AVANTE","nv":" ","e":"n","st":"Suplente","dvt":"V\u00e1lido","vap":"537","pvap":"   0,97"},{"seq":"97","sqcand":"100000825725","n":"35089","nm":"GIL PINHEIRO","cc":"PMB","nv":" ","e":"n","st":"Suplente","dvt":"V\u00e1lido","vap":"132","pvap":"   0,24"},{"seq":"367","sqcand":"100000945526","n":"23232","nm":"EMANUEL COUTO","cc":"CIDADANIA","nv":" ","e":"n","st":"N\u00e3o eleito","dvt":"V\u00e1lido","vap":"2","pvap":"   0,00"},{"seq":"331","sqcand":"100000737714","n":"45777","nm":"TANIA DO MAIOB\u00c3O","cc":"PSDB","nv":" ","e":"n","st":"N\u00e3o eleito","dvt":"V\u00e1lido","vap":"12","pvap":"   0,02"},{"seq":"168","sqcand":"100000825738","n":"35777","nm":"PROFESSORA ROZIMBERGUE","cc":"PMB","nv":" ","e":"n","st":"Suplente","dvt":"V\u00e1lido","vap":"44","pvap":"   0,08"},{"seq":"2","sqcand":"100000945918","n":"65111","nm":"ORLETE MAFRA","cc":"PC do B","nv":" ","e":"s","st":"Eleito","dvt":"V\u00e1lido","vap":"1210","pvap":"   2,18"},{"seq":"377","sqcand":"100001092055","n":"11633","nm":"NETO","cc":"PP","nv":" ","e":"n","st":"N\u00e3o eleito","dvt":"Anulado sub judice","vap":"0","pvap":"00.00"},{"seq":"246","sqcand":"100000861418","n":"20999","nm":"BENJAMIM VERAS","cc":"PSC","nv":" ","e":"n","st":"N\u00e3o eleito","dvt":"Anulado sub judice","vap":"151","pvap":"   0,27"},{"seq":"318","sqcand":"100000737713","n":"45444","nm":"CABO JORGE","cc":"PSDB","nv":" ","e":"n","st":"N\u00e3o eleito","dvt":"V\u00e1lido","vap":"18","pvap":"   0,03"},{"seq":"276","sqcand":"100000861420","n":"20444","nm":"MARCELO CUNHA","cc":"PSC","nv":" ","e":"n","st":"N\u00e3o eleito","dvt":"V\u00e1lido","vap":"47","pvap":"   0,08"},{"seq":"56","sqcand":"100000723928","n":"70456","nm":"ALEXANDRE GARC\u00caS","cc":"AVANTE","nv":" ","e":"n","st":"Suplente","dvt":"V\u00e1lido","vap":"295","pvap":"   0,53"},{"seq":"292","sqcand":"100000995020","n":"13699","nm":"JO\u00c3O SERR\u00c3O","cc":"PT","nv":" ","e":"n","st":"N\u00e3o eleito","dvt":"V\u00e1lido","vap":"31","pvap":"   0,06"},{"seq":"337","sqcand":"100000776675","n":"90013","nm":"NETE SILVA","cc":"PROS","nv":" ","e":"n","st":"N\u00e3o eleito","dvt":"V\u00e1lido","vap":"11","pvap":"   0,02"},{"seq":"270","sqcand":"100000945510","n":"23999","nm":"ALICE DO POV\u00c3O","cc":"CIDADANIA","nv":" ","e":"n","st":"N\u00e3o eleito","dvt":"V\u00e1lido","vap":"58","pvap":"   0,10"},{"seq":"4","sqcand":"100000825735","n":"35555","nm":"MAURO MULTIBANCOS","cc":"PMB","nv":" ","e":"s","st":"Eleito","dvt":"V\u00e1lido","vap":"883","pvap":"   1,59"},{"seq":"25","sqcand":"100000825721","n":"35123","nm":"VAGNER SOUSA","cc":"PMB","nv":" ","e":"n","st":"Suplente","dvt":"V\u00e1lido","vap":"629","pvap":"   1,13"},{"seq":"149","sqcand":"100000742137","n":"18000","nm":"LUIZINHO LEAL","cc":"REDE","nv":" ","e":"n","st":"Suplente","dvt":"V\u00e1lido","vap":"61","pvap":"   0,11"},{"seq":"289","sqcand":"100000737717","n":"45133","nm":"SILVIA CARVALHO","cc":"PSDB","nv":" ","e":"n","st":"N\u00e3o eleito","dvt":"V\u00e1lido","vap":"33","pvap":"   0,06"},{"seq":"250","sqcand":"100000776679","n":"90222","nm":"PROFESSOR MARCOS","cc":"PROS","nv":" ","e":"n","st":"N\u00e3o eleito","dvt":"V\u00e1lido","vap":"120","pvap":"   0,22"},{"seq":"299","sqcand":"100000995021","n":"13024","nm":"HEITOR  FERREIRA","cc":"PT","nv":" ","e":"n","st":"N\u00e3o eleito","dvt":"V\u00e1lido","vap":"27","pvap":"   0,05"},{"seq":"254","sqcand":"100000946216","n":"27111","nm":"RIBAMAR","cc":"DC","nv":" ","e":"n","st":"N\u00e3o eleito","dvt":"V\u00e1lido","vap":"96","pvap":"   0,17"},{"seq":"328","sqcand":"100000946220","n":"27127","nm":"ARIMATEA","cc":"DC","nv":" ","e":"n","st":"N\u00e3o eleito","dvt":"V\u00e1lido","vap":"13","pvap":"   0,02"},{"seq":"95","sqcand":"100000945902","n":"65133","nm":"ZACARIAS","cc":"PC do B","nv":" ","e":"n","st":"Suplente","dvt":"V\u00e1lido","vap":"133","pvap":"   0,24"},{"seq":"109","sqcand":"100001052389","n":"40190","nm":"HERNANDO SILVA","cc":"PSB","nv":" ","e":"n","st":"Suplente","dvt":"V\u00e1lido","vap":"107","pvap":"   0,19"},{"seq":"41","sqcand":"100000886297","n":"55000","nm":"CAETANO JORGE","cc":"PSD","nv":" ","e":"n","st":"Suplente","dvt":"V\u00e1lido","vap":"399","pvap":"   0,72"},{"seq":"260","sqcand":"100000995030","n":"13111","nm":"NEY FERNANDO","cc":"PT","nv":" ","e":"n","st":"N\u00e3o eleito","dvt":"V\u00e1lido","vap":"73","pvap":"   0,13"},{"seq":"263","sqcand":"100000776689","n":"90007","nm":"JENNY CHAVES","cc":"PROS","nv":" ","e":"n","st":"N\u00e3o eleito","dvt":"V\u00e1lido","vap":"68","pvap":"   0,12"},{"seq":"183","sqcand":"100001052398","n":"40111","nm":"REINALDO","cc":"PSB","nv":" ","e":"n","st":"Suplente","dvt":"V\u00e1lido","vap":"28","pvap":"   0,05"},{"seq":"229","sqcand":"100000945903","n":"65456","nm":"CELSO MARQUES","cc":"PC do B","nv":" ","e":"n","st":"Suplente","dvt":"V\u00e1lido","vap":"0","pvap":"00.00"},{"seq":"63","sqcand":"100000723932","n":"70022","nm":"CLEYTON CAMPOS","cc":"AVANTE","nv":" ","e":"n","st":"Suplente","dvt":"V\u00e1lido","vap":"277","pvap":"   0,50"},{"seq":"158","sqcand":"100000742130","n":"18433","nm":"NETO DA SA\u00daDE","cc":"REDE","nv":" ","e":"n","st":"Suplente","dvt":"V\u00e1lido","vap":"55","pvap":"   0,10"},{"seq":"125","sqcand":"100000945909","n":"65155","nm":"MARCELO DE LIMA","cc":"PC do B","nv":" ","e":"n","st":"Suplente","dvt":"V\u00e1lido","vap":"89","pvap":"   0,16"},{"seq":"309","sqcand":"100000723231","n":"43444","nm":"CAIO GODAX","cc":"PV","nv":" ","e":"n","st":"N\u00e3o eleito","dvt":"V\u00e1lido","vap":"23","pvap":"   0,04"},{"seq":"40","sqcand":"100000723006","n":"22022","nm":"EDER ALENCAR","cc":"PL","nv":" ","e":"n","st":"Suplente","dvt":"V\u00e1lido","vap":"429","pvap":"   0,77"},{"seq":"77","sqcand":"100001052401","n":"40555","nm":"JOUBERTH FABR\u00cdCIO","cc":"PSB","nv":" ","e":"n","st":"Suplente","dvt":"V\u00e1lido","vap":"190","pvap":"   0,34"},{"seq":"341","sqcand":"100000737719","n":"45456","nm":"ELIAS DA PIR\u00c2MIDE","cc":"PSDB","nv":" ","e":"n","st":"N\u00e3o eleito","dvt":"V\u00e1lido","vap":"9","pvap":"   0,02"},{"seq":"88","sqcand":"100000886293","n":"55123","nm":"ADERALDO DA MAIOBA","cc":"PSD","nv":" ","e":"n","st":"Suplente","dvt":"V\u00e1lido","vap":"147","pvap":"   0,27"},{"seq":"351","sqcand":"100000776690","n":"90033","nm":"WERBERSON FERNANDES","cc":"PROS","nv":" ","e":"n","st":"N\u00e3o eleito","dvt":"V\u00e1lido","vap":"7","pvap":"   0,01"},{"seq":"34","sqcand":"100001092066","n":"11333","nm":"LEONARDO BRUNO","cc":"PP","nv":" ","e":"n","st":"Suplente","dvt":"V\u00e1lido","vap":"495","pvap":"   0,89"},{"seq":"116","sqcand":"100000742132","n":"18859","nm":"VAGE POPULAR","cc":"REDE","nv":" ","e":"n","st":"Suplente","dvt":"V\u00e1lido","vap":"100","pvap":"   0,18"},{"seq":"143","sqcand":"100000807877","n":"14345","nm":"CALILO KZAM","cc":"PTB","nv":" ","e":"n","st":"Suplente","dvt":"V\u00e1lido","vap":"64","pvap":"   0,12"},{"seq":"306","sqcand":"100000861425","n":"20555","nm":"TOINHO","cc":"PSC","nv":" ","e":"n","st":"N\u00e3o eleito","dvt":"Anulado sub judice","vap":"23","pvap":"   0,04"},{"seq":"285","sqcand":"100000945511","n":"23444","nm":"S\u00c9RGIO BAR\u00c3O DO LIMA VERDE","cc":"CIDADANIA","nv":" ","e":"n","st":"N\u00e3o eleito","dvt":"V\u00e1lido","vap":"37","pvap":"   0,07"},{"seq":"85","sqcand":"100000946864","n":"10888","nm":"BERGSON MORAES","cc":"REPUBLICANOS","nv":" ","e":"n","st":"Suplente","dvt":"V\u00e1lido","vap":"158","pvap":"   0,29"},{"seq":"10","sqcand":"100001052390","n":"40123","nm":"WELLINGTON SOUSA","cc":"PSB","nv":" ","e":"s","st":"Eleito","dvt":"V\u00e1lido","vap":"712","pvap":"   1,28"},{"seq":"336","sqcand":"100000723223","n":"43123","nm":"IRACI FRAZAO","cc":"PV","nv":" ","e":"n","st":"N\u00e3o eleito","dvt":"V\u00e1lido","vap":"11","pvap":"   0,02"},{"seq":"67","sqcand":"100000723935","n":"70522","nm":"PROFESSORA ADRIANE DIAS","cc":"AVANTE","nv":" ","e":"n","st":"Suplente","dvt":"V\u00e1lido","vap":"243","pvap":"   0,44"},{"seq":"244","sqcand":"100000945522","n":"23789","nm":"GUGU MAIA","cc":"CIDADANIA","nv":" ","e":"n","st":"N\u00e3o eleito","dvt":"V\u00e1lido","vap":"170","pvap":"   0,31"},{"seq":"358","sqcand":"100000723232","n":"43117","nm":"FUSQUINHA","cc":"PV","nv":" ","e":"n","st":"N\u00e3o eleito","dvt":"Anulado sub judice","vap":"5","pvap":"   0,01"},{"seq":"321","sqcand":"100000945514","n":"23200","nm":"F\u00c1BIO SILVA","cc":"CIDADANIA","nv":" ","e":"n","st":"N\u00e3o eleito","dvt":"V\u00e1lido","vap":"17","pvap":"   0,03"},{"seq":"214","sqcand":"100001092069","n":"11001","nm":"OSCAR","cc":"PP","nv":" ","e":"n","st":"Suplente","dvt":"V\u00e1lido","vap":"5","pvap":"   0,01"},{"seq":"248","sqcand":"100000945509","n":"23333","nm":"WILLIAM SOUZA","cc":"CIDADANIA","nv":" ","e":"n","st":"N\u00e3o eleito","dvt":"V\u00e1lido","vap":"126","pvap":"   0,23"},{"seq":"159","sqcand":"100001092053","n":"11222","nm":"IRM\u00c3 IZABEL","cc":"PP","nv":" ","e":"n","st":"Suplente","dvt":"V\u00e1lido","vap":"54","pvap":"   0,10"},{"seq":"234","sqcand":"100000886299","n":"55444","nm":"EULALIA CASTRO","cc":"PSD","nv":" ","e":"n","st":"Suplente","dvt":"V\u00e1lido","vap":"0","pvap":"00.00"},{"seq":"369","sqcand":"100000737720","n":"45122","nm":"MAX DO PA\u00c7O","cc":"PSDB","nv":" ","e":"n","st":"N\u00e3o eleito","dvt":"V\u00e1lido","vap":"2","pvap":"   0,00"},{"seq":"133","sqcand":"100000886275","n":"55197","nm":"ROBERTO GOMES","cc":"PSD","nv":" ","e":"n","st":"Suplente","dvt":"V\u00e1lido","vap":"75","pvap":"   0,14"},{"seq":"200","sqcand":"100000825148","n":"51233","nm":"LUIZ CARLOS JUNIOR","cc":"PATRIOTA","nv":" ","e":"n","st":"Suplente","dvt":"V\u00e1lido","vap":"16","pvap":"   0,03"},{"seq":"37","sqcand":"100000946857","n":"10123","nm":"MOUR\u00c3O","cc":"REPUBLICANOS","nv":" ","e":"n","st":"Suplente","dvt":"V\u00e1lido","vap":"478","pvap":"   0,86"},{"seq":"268","sqcand":"100000995023","n":"13123","nm":"LINDALVA SAMINEZ","cc":"PT","nv":" ","e":"n","st":"N\u00e3o eleito","dvt":"V\u00e1lido","vap":"60","pvap":"   0,11"},{"seq":"257","sqcand":"100000861424","n":"20123","nm":"SABINA","cc":"PSC","nv":" ","e":"n","st":"N\u00e3o eleito","dvt":"Anulado sub judice","vap":"81","pvap":"   0,15"},{"seq":"60","sqcand":"100000723003","n":"22135","nm":"OSMARINA SOUSA","cc":"PL","nv":" ","e":"n","st":"Suplente","dvt":"V\u00e1lido","vap":"283","pvap":"   0,51"},{"seq":"35","sqcand":"100001052400","n":"40456","nm":"J\u00daLIO PINHEIRO","cc":"PSB","nv":" ","e":"n","st":"Suplente","dvt":"V\u00e1lido","vap":"488","pvap":"   0,88"},{"seq":"277","sqcand":"100000737716","n":"45111","nm":"YAGO ACIOLE","cc":"PSDB","nv":" ","e":"n","st":"N\u00e3o eleito","dvt":"V\u00e1lido","vap":"47","pvap":"   0,08"},{"seq":"195","sqcand":"100000825728","n":"35137","nm":"FERNANDA MICHELLA","cc":"PMB","nv":" ","e":"n","st":"Suplente","dvt":"V\u00e1lido","vap":"20","pvap":"   0,04"},{"seq":"61","sqcand":"100000945906","n":"65007","nm":"PROFESSOR NONATO","cc":"PC do B","nv":" ","e":"n","st":"Suplente","dvt":"V\u00e1lido","vap":"279","pvap":"   0,50"},{"seq":"381","sqcand":"100001265951","n":"11850","nm":"RAIZA DUTRA","cc":"PP","nv":" ","e":"n","st":"N\u00e3o eleito","dvt":"Anulado sub judice","vap":"0","pvap":"00.00"},{"seq":"165","sqcand":"100000945910","n":"65555","nm":"LUCYENE MONTEIRO","cc":"PC do B","nv":" ","e":"n","st":"Suplente","dvt":"V\u00e1lido","vap":"48","pvap":"   0,09"},{"seq":"275","sqcand":"100000737710","n":"45555","nm":"CLENIO","cc":"PSDB","nv":" ","e":"n","st":"N\u00e3o eleito","dvt":"V\u00e1lido","vap":"48","pvap":"   0,09"},{"seq":"284","sqcand":"100000995029","n":"13133","nm":"L\u00c9O DO ARMINDO REIS","cc":"PT","nv":" ","e":"n","st":"N\u00e3o eleito","dvt":"V\u00e1lido","vap":"38","pvap":"   0,07"},{"seq":"266","sqcand":"100000776688","n":"90000","nm":"TIZIL","cc":"PROS","nv":" ","e":"n","st":"N\u00e3o eleito","dvt":"V\u00e1lido","vap":"63","pvap":"   0,11"},{"seq":"262","sqcand":"100000861415","n":"20007","nm":"WANDERSON COSTA","cc":"PSC","nv":" ","e":"n","st":"N\u00e3o eleito","dvt":"V\u00e1lido","vap":"69","pvap":"   0,12"},{"seq":"9","sqcand":"100000722993","n":"22222","nm":"MARY DO MOJ\u00d3","cc":"PL","nv":" ","e":"s","st":"Eleito","dvt":"V\u00e1lido","vap":"719","pvap":"   1,30"},{"seq":"17","sqcand":"100000946867","n":"10231","nm":"JORGE MARU","cc":"REPUBLICANOS","nv":" ","e":"s","st":"Eleito","dvt":"V\u00e1lido","vap":"603","pvap":"   1,09"},{"seq":"196","sqcand":"100001092064","n":"11435","nm":"CLARICE MARQUES","cc":"PP","nv":" ","e":"n","st":"Suplente","dvt":"V\u00e1lido","vap":"20","pvap":"   0,04"},{"seq":"194","sqcand":"100000886287","n":"55147","nm":"PROFESSOR  ROMULO","cc":"PSD","nv":" ","e":"n","st":"Suplente","dvt":"V\u00e1lido","vap":"20","pvap":"   0,04"},{"seq":"199","sqcand":"100000945912","n":"65655","nm":"IRM\u00c3O HUDSON MORAES","cc":"PC do B","nv":" ","e":"n","st":"Suplente","dvt":"V\u00e1lido","vap":"18","pvap":"   0,03"},{"seq":"190","sqcand":"100000807886","n":"14555","nm":"NETO DO ALTO PARAN\u00c3","cc":"PTB","nv":" ","e":"n","st":"Suplente","dvt":"V\u00e1lido","vap":"24","pvap":"   0,04"},{"seq":"251","sqcand":"100000737706","n":"45333","nm":"SEU DIDI","cc":"PSDB","nv":" ","e":"n","st":"N\u00e3o eleito","dvt":"V\u00e1lido","vap":"109","pvap":"   0,20"},{"seq":"104","sqcand":"100000742142","n":"18234","nm":"DANIEL DUTRA","cc":"REDE","nv":" ","e":"n","st":"Suplente","dvt":"V\u00e1lido","vap":"115","pvap":"   0,21"},{"seq":"72","sqcand":"100000945908","n":"65666","nm":"EDUARDO ALMEIDA","cc":"PC do B","nv":" ","e":"n","st":"Suplente","dvt":"V\u00e1lido","vap":"222","pvap":"   0,40"},{"seq":"92","sqcand":"100000722990","n":"22777","nm":"MARC\u00cdLIO LIMA","cc":"PL","nv":" ","e":"n","st":"Suplente","dvt":"V\u00e1lido","vap":"140","pvap":"   0,25"},{"seq":"252","sqcand":"100000737715","n":"45554","nm":"FRANCISCO LIMA","cc":"PSDB","nv":" ","e":"n","st":"N\u00e3o eleito","dvt":"V\u00e1lido","vap":"102","pvap":"   0,18"},{"seq":"238","sqcand":"100000861422","n":"20000","nm":"RIBAMAR NETO","cc":"PSC","nv":" ","e":"n","st":"N\u00e3o eleito","dvt":"V\u00e1lido","vap":"627","pvap":"   1,13"},{"seq":"173","sqcand":"100000886274","n":"55333","nm":"JAMES MESQUITA","cc":"PSD","nv":" ","e":"n","st":"Suplente","dvt":"V\u00e1lido","vap":"41","pvap":"   0,07"},{"seq":"13","sqcand":"100000946872","n":"10322","nm":"DRIELLE DA PINDOBA","cc":"REPUBLICANOS","nv":" ","e":"s","st":"Eleito","dvt":"V\u00e1lido","vap":"656","pvap":"   1,18"},{"seq":"303","sqcand":"100000644002","n":"17000","nm":"NEGO BIL","cc":"PSL","nv":" ","e":"n","st":"N\u00e3o eleito","dvt":"V\u00e1lido","vap":"25","pvap":"   0,05"},{"seq":"8","sqcand":"100000807889","n":"14789","nm":"INACIO FERREIRA","cc":"PTB","nv":" ","e":"s","st":"Eleito","dvt":"V\u00e1lido","vap":"749","pvap":"   1,35"},{"seq":"114","sqcand":"100000742149","n":"18999","nm":"L\u00c1ZARA MENDES","cc":"REDE","nv":" ","e":"n","st":"Suplente","dvt":"V\u00e1lido","vap":"101","pvap":"   0,18"},{"seq":"210","sqcand":"100001052395","n":"40129","nm":"ETHIN\u00c1LIA SOARES","cc":"PSB","nv":" ","e":"n","st":"Suplente","dvt":"V\u00e1lido","vap":"11","pvap":"   0,02"},{"seq":"205","sqcand":"100000807887","n":"14271","nm":"SOCORRO ROCHA","cc":"PTB","nv":" ","e":"n","st":"Suplente","dvt":"V\u00e1lido","vap":"12","pvap":"   0,02"},{"seq":"302","sqcand":"100000776678","n":"90123","nm":"LOIRA DO SAL\u00c3O","cc":"PROS","nv":" ","e":"n","st":"N\u00e3o eleito","dvt":"V\u00e1lido","vap":"25","pvap":"   0,05"},{"seq":"47","sqcand":"100000723933","n":"70231","nm":"SANDRO DIAS","cc":"AVANTE","nv":" ","e":"n","st":"Suplente","dvt":"V\u00e1lido","vap":"355","pvap":"   0,64"},{"seq":"98","sqcand":"100000723927","n":"70047","nm":"WILSON CHUBREGA","cc":"AVANTE","nv":" ","e":"n","st":"Suplente","dvt":"V\u00e1lido","vap":"132","pvap":"   0,24"},{"seq":"320","sqcand":"100000946213","n":"27233","nm":"ELENES CARVALHAL","cc":"DC","nv":" ","e":"n","st":"N\u00e3o eleito","dvt":"V\u00e1lido","vap":"17","pvap":"   0,03"},{"seq":"186","sqcand":"100000945907","n":"65222","nm":"PROF L\u00daCIA","cc":"PC do B","nv":" ","e":"n","st":"Suplente","dvt":"V\u00e1lido","vap":"27","pvap":"   0,05"},{"seq":"161","sqcand":"100000742131","n":"18333","nm":"ILDE\u00c2 LIMA","cc":"REDE","nv":" ","e":"n","st":"Suplente","dvt":"V\u00e1lido","vap":"51","pvap":"   0,09"},{"seq":"171","sqcand":"100000825153","n":"51222","nm":"ADRIELLY MEGA HAIR","cc":"PATRIOTA","nv":" ","e":"n","st":"Suplente","dvt":"V\u00e1lido","vap":"41","pvap":"   0,07"},{"seq":"218","sqcand":"100001052404","n":"40335","nm":"GEDIANE COT\u00caCA","cc":"PSB","nv":" ","e":"n","st":"Suplente","dvt":"V\u00e1lido","vap":"3","pvap":"   0,01"},{"seq":"267","sqcand":"100000776674","n":"90777","nm":"IRM\u00c3O EDMILSON","cc":"PROS","nv":" ","e":"n","st":"N\u00e3o eleito","dvt":"V\u00e1lido","vap":"62","pvap":"   0,11"},{"seq":"293","sqcand":"100000861426","n":"20777","nm":"RODRIGO GABRIEL","cc":"PSC","nv":" ","e":"n","st":"N\u00e3o eleito","dvt":"Anulado sub judice","vap":"31","pvap":"   0,06"},{"seq":"322","sqcand":"100000946224","n":"27036","nm":"DEUSA","cc":"DC","nv":" ","e":"n","st":"N\u00e3o eleito","dvt":"V\u00e1lido","vap":"16","pvap":"   0,03"},{"seq":"89","sqcand":"100000945898","n":"65065","nm":"AMINTHAS","cc":"PC do B","nv":" ","e":"n","st":"Suplente","dvt":"V\u00e1lido","vap":"146","pvap":"   0,26"},{"seq":"191","sqcand":"100000742145","n":"18012","nm":"TIA L\u00da","cc":"REDE","nv":" ","e":"n","st":"Suplente","dvt":"V\u00e1lido","vap":"23","pvap":"   0,04"},{"seq":"217","sqcand":"100000825133","n":"51088","nm":"MARGARETE DE JESUS MENDES","cc":"PATRIOTA","nv":" ","e":"n","st":"Suplente","dvt":"V\u00e1lido","vap":"3","pvap":"   0,01"},{"seq":"28","sqcand":"100000945915","n":"65121","nm":"NENZ\u00c3O ROCHA","cc":"PC do B","nv":" ","e":"n","st":"Suplente","dvt":"V\u00e1lido","vap":"598","pvap":"   1,08"},{"seq":"313","sqcand":"100000945513","n":"23322","nm":"SEU DAMASCENO","cc":"CIDADANIA","nv":" ","e":"n","st":"N\u00e3o eleito","dvt":"V\u00e1lido","vap":"21","pvap":"   0,04"},{"seq":"131","sqcand":"100000946875","n":"10028","nm":"MAG\u00c3O DO PA\u00c7O","cc":"REPUBLICANOS","nv":" ","e":"n","st":"Suplente","dvt":"V\u00e1lido","vap":"79","pvap":"   0,14"},{"seq":"181","sqcand":"100000825151","n":"51121","nm":"PASTORA FLAVIA","cc":"PATRIOTA","nv":" ","e":"n","st":"Suplente","dvt":"V\u00e1lido","vap":"32","pvap":"   0,06"},{"seq":"135","sqcand":"100001092058","n":"11666","nm":"ALEX DO VASSORAL","cc":"PP","nv":" ","e":"n","st":"Suplente","dvt":"V\u00e1lido","vap":"71","pvap":"   0,13"},{"seq":"118","sqcand":"100000742147","n":"18018","nm":"GUIMAR\u00c3ES JUNIOR ","cc":"REDE","nv":" ","e":"n","st":"Suplente","dvt":"V\u00e1lido","vap":"99","pvap":"   0,18"},{"seq":"108","sqcand":"100000722989","n":"22900","nm":"MADALENA","cc":"PL","nv":" ","e":"n","st":"Suplente","dvt":"V\u00e1lido","vap":"108","pvap":"   0,19"},{"seq":"65","sqcand":"100000722991","n":"22116","nm":"LE\u00c3O","cc":"PL","nv":" ","e":"n","st":"Suplente","dvt":"V\u00e1lido","vap":"247","pvap":"   0,45"},{"seq":"55","sqcand":"100000825157","n":"51555","nm":"JOEL DO CHURRASCO","cc":"PATRIOTA","nv":" ","e":"n","st":"Suplente","dvt":"V\u00e1lido","vap":"295","pvap":"   0,53"},{"seq":"122","sqcand":"100000742134","n":"18789","nm":"EL\u00c9TRICO","cc":"REDE","nv":" ","e":"n","st":"Suplente","dvt":"V\u00e1lido","vap":"92","pvap":"   0,17"},{"seq":"346","sqcand":"100000945521","n":"23217","nm":"JOSENI MATOS","cc":"CIDADANIA","nv":" ","e":"n","st":"N\u00e3o eleito","dvt":"V\u00e1lido","vap":"8","pvap":"   0,01"},{"seq":"255","sqcand":"100000946223","n":"27222","nm":"DUDU","cc":"DC","nv":" ","e":"n","st":"N\u00e3o eleito","dvt":"V\u00e1lido","vap":"87","pvap":"   0,16"},{"seq":"58","sqcand":"100000807883","n":"14777","nm":"PASTOR ALESSANDRO","cc":"PTB","nv":" ","e":"n","st":"Suplente","dvt":"V\u00e1lido","vap":"290","pvap":"   0,52"},{"seq":"208","sqcand":"100000825736","n":"35022","nm":"PRISCILA DO LIMA VERDE","cc":"PMB","nv":" ","e":"n","st":"Suplente","dvt":"V\u00e1lido","vap":"12","pvap":"   0,02"},{"seq":"144","sqcand":"100000723005","n":"22122","nm":"RICARDINHO DO SAL\u00c3O","cc":"PL","nv":" ","e":"n","st":"Suplente","dvt":"V\u00e1lido","vap":"64","pvap":"   0,12"},{"seq":"14","sqcand":"100000723936","n":"70888","nm":"FERNANDINHO","cc":"AVANTE","nv":" ","e":"s","st":"Eleito","dvt":"V\u00e1lido","vap":"651","pvap":"   1,17"},{"seq":"304","sqcand":"100000737718","n":"45222","nm":"MORENO DA CAFETEIRA","cc":"PSDB","nv":" ","e":"n","st":"N\u00e3o eleito","dvt":"V\u00e1lido","vap":"24","pvap":"   0,04"},{"seq":"87","sqcand":"100000825144","n":"51522","nm":"NETO RIBEIRO","cc":"PATRIOTA","nv":" ","e":"n","st":"Suplente","dvt":"V\u00e1lido","vap":"156","pvap":"   0,28"},{"seq":"169","sqcand":"100000723947","n":"70002","nm":"MIRLY SOUZA","cc":"AVANTE","nv":" ","e":"n","st":"Suplente","dvt":"V\u00e1lido","vap":"44","pvap":"   0,08"},{"seq":"339","sqcand":"100000776682","n":"90933","nm":"MATEUS SOUSA","cc":"PROS","nv":" ","e":"n","st":"N\u00e3o eleito","dvt":"V\u00e1lido","vap":"11","pvap":"   0,02"},{"seq":"96","sqcand":"100000807882","n":"14100","nm":"CLEANE OLIVEIRA","cc":"PTB","nv":" ","e":"n","st":"Suplente","dvt":"V\u00e1lido","vap":"133","pvap":"   0,24"},{"seq":"357","sqcand":"100000737705","n":"45223","nm":"ANFRISIO NETO","cc":"PSDB","nv":" ","e":"n","st":"N\u00e3o eleito","dvt":"V\u00e1lido","vap":"5","pvap":"   0,01"},{"seq":"29","sqcand":"100000946871","n":"10222","nm":"ELLEN DO BIGODE","cc":"REPUBLICANOS","nv":" ","e":"n","st":"Suplente","dvt":"V\u00e1lido","vap":"575","pvap":"   1,04"},{"seq":"43","sqcand":"100000946860","n":"10000","nm":"K\u00c1TIA","cc":"REPUBLICANOS","nv":" ","e":"n","st":"Suplente","dvt":"V\u00e1lido","vap":"393","pvap":"   0,71"},{"seq":"179","sqcand":"100000886281","n":"55178","nm":"CAETANO DAS MERC\u00caS","cc":"PSD","nv":" ","e":"n","st":"Suplente","dvt":"V\u00e1lido","vap":"33","pvap":"   0,06"},{"seq":"1","sqcand":"100000723941","n":"70135","nm":"PAULO HENRIQUE","cc":"AVANTE","nv":" ","e":"s","st":"Eleito","dvt":"V\u00e1lido","vap":"1306","pvap":"   2,36"},{"seq":"103","sqcand":"100000945917","n":"65236","nm":"WELITON SERRA","cc":"PC do B","nv":" ","e":"n","st":"Suplente","dvt":"V\u00e1lido","vap":"118","pvap":"   0,21"},{"seq":"145","sqcand":"100000723004","n":"22555","nm":"NAALIEL GOMES","cc":"PL","nv":" ","e":"n","st":"Suplente","dvt":"V\u00e1lido","vap":"64","pvap":"   0,12"}]}
