{"ele":"426","tpabr":"mu","cdabr":"08567","carper":"13","t":"1","f":"o","dt":"15/11/2020","ht":"21:28:40","dv":"s","tf":"s","v":"11","esae":"n","mnae":"","s":"49","st":"49","pst":" 100,00","snt":"0","psnt":"   0,00","si":"49","psi":" 100,00","sni":"0","psni":"   0,00","sa":"49","psa":" 100,00","sna":"0","psna":"   0,00","e":"15930","ea":"15930","pea":" 100,00","ena":"0","pena":"   0,00","esi":"15930","pesi":" 100,00","esni":"0","pesni":"   0,00","c":"13312","pc":"  83,57","a":"2618","pa":"  16,43","vscv":"0","vnom":"12086","vl":"608","pvnom":"  95,21","pvl":"   4,79","vvc":"12694","pvvc":"  95,36","vb":"94","pvb":"   0,70","tvn":"524","ptvn":"   3,94","vn":"524","pvn":" 100,00","vnt":"0","pvnt":"   0,00","vp":"0","pvp":"   0,00","vv":"12694","pvv":" 100,00","van":"0","pvan":"   0,00","vansj":"0","pvansj":"   0,00","tv":"13312","cand":[{"seq":"45","sqcand":"100000672679","n":"25115","nm":"CHAMEL DO LACHE","cc":"DEM","nv":" ","e":"n","st":"Suplente","dvt":"V\u00e1lido","vap":"49","pvap":"   0,39"},{"seq":"24","sqcand":"100000672468","n":"12444","nm":"ELIAS OLIVEIRA","cc":"PDT","nv":" ","e":"n","st":"Suplente","dvt":"V\u00e1lido","vap":"185","pvap":"   1,46"},{"seq":"20","sqcand":"100000672685","n":"25999","nm":"TOINHO MACAXEIRA","cc":"DEM","nv":" ","e":"n","st":"Suplente","dvt":"V\u00e1lido","vap":"246","pvap":"   1,94"},{"seq":"44","sqcand":"100000672684","n":"25777","nm":"MARINETE DO BARRA","cc":"DEM","nv":" ","e":"n","st":"Suplente","dvt":"V\u00e1lido","vap":"50","pvap":"   0,39"},{"seq":"51","sqcand":"100000672678","n":"25234","nm":"CELIA DA BAIXADA","cc":"DEM","nv":" ","e":"n","st":"Suplente","dvt":"V\u00e1lido","vap":"38","pvap":"   0,30"},{"seq":"14","sqcand":"100000672674","n":"25333","nm":"ENFERMEIRA IVETE PASCOAL","cc":"DEM","nv":" ","e":"n","st":"Suplente","dvt":"V\u00e1lido","vap":"335","pvap":"   2,64"},{"seq":"62","sqcand":"100001191276","n":"65432","nm":"TIQUINHA","cc":"PC do B","nv":" ","e":"n","st":"Suplente","dvt":"V\u00e1lido","vap":"9","pvap":"   0,07"},{"seq":"60","sqcand":"100000672471","n":"12999","nm":"PASTORA  ANTONIA DA BAIXADA","cc":"PDT","nv":" ","e":"n","st":"Suplente","dvt":"V\u00e1lido","vap":"15","pvap":"   0,12"},{"seq":"13","sqcand":"100000672465","n":"12555","nm":"DALCY","cc":"PDT","nv":" ","e":"n","st":"Suplente","dvt":"V\u00e1lido","vap":"411","pvap":"   3,24"},{"seq":"63","sqcand":"100001191277","n":"65065","nm":"ANA DO BOLO","cc":"PC do B","nv":" ","e":"n","st":"Suplente","dvt":"V\u00e1lido","vap":"7","pvap":"   0,06"},{"seq":"6","sqcand":"100000672464","n":"12000","nm":"HAMILTON DO GAS","cc":"PDT","nv":" ","e":"s","st":"Eleito","dvt":"V\u00e1lido","vap":"457","pvap":"   3,60"},{"seq":"56","sqcand":"100000672592","n":"14000","nm":"VALNEI","cc":"PTB","nv":" ","e":"n","st":"Suplente","dvt":"V\u00e1lido","vap":"28","pvap":"   0,22"},{"seq":"47","sqcand":"100000672583","n":"14777","nm":"JOSENIL DO AEROPORTO","cc":"PTB","nv":" ","e":"n","st":"Suplente","dvt":"V\u00e1lido","vap":"43","pvap":"   0,34"},{"seq":"53","sqcand":"100001191282","n":"65222","nm":"MO\u00c7A DA JESUS","cc":"PC do B","nv":" ","e":"n","st":"Suplente","dvt":"V\u00e1lido","vap":"33","pvap":"   0,26"},{"seq":"16","sqcand":"100000672676","n":"25222","nm":"LUCIA LOIRA","cc":"DEM","nv":" ","e":"n","st":"Suplente","dvt":"V\u00e1lido","vap":"318","pvap":"   2,51"},{"seq":"3","sqcand":"100000672463","n":"12888","nm":"CORRO","cc":"PDT","nv":" ","e":"s","st":"Eleito","dvt":"V\u00e1lido","vap":"611","pvap":"   4,81"},{"seq":"33","sqcand":"100000672584","n":"14222","nm":"EDMILSON DAS MUIDEZAS","cc":"PTB","nv":" ","e":"n","st":"Suplente","dvt":"V\u00e1lido","vap":"114","pvap":"   0,90"},{"seq":"23","sqcand":"100000672581","n":"14770","nm":"VALDEISA ARAUJO","cc":"PTB","nv":" ","e":"n","st":"Suplente","dvt":"V\u00e1lido","vap":"188","pvap":"   1,48"},{"seq":"34","sqcand":"100001191286","n":"65555","nm":"PAMELA CRUZ","cc":"PC do B","nv":" ","e":"n","st":"Suplente","dvt":"V\u00e1lido","vap":"114","pvap":"   0,90"},{"seq":"50","sqcand":"100000672576","n":"14121","nm":"RAIMUNDINHO CD","cc":"PTB","nv":" ","e":"n","st":"Suplente","dvt":"V\u00e1lido","vap":"41","pvap":"   0,32"},{"seq":"58","sqcand":"100001191273","n":"65123","nm":"BENA DA CA\u00c7AMBA","cc":"PC do B","nv":" ","e":"n","st":"Suplente","dvt":"V\u00e1lido","vap":"22","pvap":"   0,17"},{"seq":"4","sqcand":"100000672672","n":"25000","nm":"IRMAO SIVAL","cc":"DEM","nv":" ","e":"s","st":"Eleito","dvt":"V\u00e1lido","vap":"605","pvap":"   4,77"},{"seq":"40","sqcand":"100001191279","n":"65987","nm":"MARCOS LEITE","cc":"PC do B","nv":" ","e":"n","st":"Suplente","dvt":"V\u00e1lido","vap":"61","pvap":"   0,48"},{"seq":"22","sqcand":"100000672460","n":"12122","nm":"DANIEL SOARES","cc":"PDT","nv":" ","e":"n","st":"Suplente","dvt":"V\u00e1lido","vap":"193","pvap":"   1,52"},{"seq":"57","sqcand":"100000672578","n":"14001","nm":"LUCIANA SARAYVA","cc":"PTB","nv":" ","e":"n","st":"Suplente","dvt":"V\u00e1lido","vap":"28","pvap":"   0,22"},{"seq":"43","sqcand":"100000672586","n":"14444","nm":"ELIZA DO TRASWAL","cc":"PTB","nv":" ","e":"n","st":"Suplente","dvt":"V\u00e1lido","vap":"54","pvap":"   0,43"},{"seq":"17","sqcand":"100000672677","n":"25888","nm":"DIONATA  ALMEIDA","cc":"DEM","nv":" ","e":"n","st":"Suplente","dvt":"V\u00e1lido","vap":"313","pvap":"   2,47"},{"seq":"29","sqcand":"100001191274","n":"65000","nm":"NALDO DA VAN","cc":"PC do B","nv":" ","e":"n","st":"Suplente","dvt":"V\u00e1lido","vap":"143","pvap":"   1,13"},{"seq":"11","sqcand":"100000672585","n":"14123","nm":"EDINALVA","cc":"PTB","nv":" ","e":"s","st":"Eleito","dvt":"V\u00e1lido","vap":"206","pvap":"   1,62"},{"seq":"61","sqcand":"100000672588","n":"14722","nm":"ELISANGELA","cc":"PTB","nv":" ","e":"n","st":"Suplente","dvt":"V\u00e1lido","vap":"14","pvap":"   0,11"},{"seq":"5","sqcand":"100000672682","n":"25555","nm":"BELMIRO","cc":"DEM","nv":" ","e":"s","st":"Eleito","dvt":"V\u00e1lido","vap":"538","pvap":"   4,24"},{"seq":"39","sqcand":"100001191281","n":"65789","nm":"SILVINO","cc":"PC do B","nv":" ","e":"n","st":"Suplente","dvt":"V\u00e1lido","vap":"62","pvap":"   0,49"},{"seq":"36","sqcand":"100001191271","n":"65777","nm":"ERMANO NETO","cc":"PC do B","nv":" ","e":"n","st":"Suplente","dvt":"V\u00e1lido","vap":"93","pvap":"   0,73"},{"seq":"46","sqcand":"100000672591","n":"14278","nm":"DAIANE DA BAIXADA","cc":"PTB","nv":" ","e":"n","st":"Suplente","dvt":"V\u00e1lido","vap":"45","pvap":"   0,35"},{"seq":"1","sqcand":"100000672686","n":"25444","nm":"RICARDO MAIA","cc":"DEM","nv":" ","e":"s","st":"Eleito","dvt":"V\u00e1lido","vap":"921","pvap":"   7,26"},{"seq":"48","sqcand":"100000672582","n":"14567","nm":"WAGNER","cc":"PTB","nv":" ","e":"n","st":"Suplente","dvt":"V\u00e1lido","vap":"41","pvap":"   0,32"},{"seq":"9","sqcand":"100000672681","n":"25123","nm":"LUCIA DA FARMACIA","cc":"DEM","nv":" ","e":"s","st":"Eleito","dvt":"V\u00e1lido","vap":"428","pvap":"   3,37"},{"seq":"7","sqcand":"100000672461","n":"12258","nm":"EMILENY OLIVEIRA","cc":"PDT","nv":" ","e":"s","st":"Eleito","dvt":"V\u00e1lido","vap":"445","pvap":"   3,51"},{"seq":"30","sqcand":"100001191284","n":"65234","nm":"MANOEL DA MIUDEZA","cc":"PC do B","nv":" ","e":"n","st":"Suplente","dvt":"V\u00e1lido","vap":"128","pvap":"   1,01"},{"seq":"25","sqcand":"100000672470","n":"12111","nm":"ALBERLAND LUCENA","cc":"PDT","nv":" ","e":"n","st":"Suplente","dvt":"V\u00e1lido","vap":"178","pvap":"   1,40"},{"seq":"27","sqcand":"100000672466","n":"12121","nm":"DE DA SANTOPEL","cc":"PDT","nv":" ","e":"n","st":"Suplente","dvt":"V\u00e1lido","vap":"149","pvap":"   1,17"},{"seq":"59","sqcand":"100001191285","n":"65313","nm":"MARILENE OLIVEIRA","cc":"PC do B","nv":" ","e":"n","st":"Suplente","dvt":"V\u00e1lido","vap":"22","pvap":"   0,17"},{"seq":"26","sqcand":"100001191275","n":"65444","nm":"POLAX","cc":"PC do B","nv":" ","e":"n","st":"Suplente","dvt":"V\u00e1lido","vap":"165","pvap":"   1,30"},{"seq":"18","sqcand":"100000672473","n":"12345","nm":"LINDINALDO","cc":"PDT","nv":" ","e":"n","st":"Suplente","dvt":"V\u00e1lido","vap":"310","pvap":"   2,44"},{"seq":"54","sqcand":"100000672472","n":"12456","nm":"MARILENE DO  GORDIM","cc":"PDT","nv":" ","e":"n","st":"Suplente","dvt":"V\u00e1lido","vap":"30","pvap":"   0,24"},{"seq":"37","sqcand":"100000672579","n":"14666","nm":"SEBASTIAO ALVES","cc":"PTB","nv":" ","e":"n","st":"Suplente","dvt":"V\u00e1lido","vap":"84","pvap":"   0,66"},{"seq":"28","sqcand":"100000672474","n":"12333","nm":"MANOELZINHO ELETRICISTA","cc":"PDT","nv":" ","e":"n","st":"Suplente","dvt":"V\u00e1lido","vap":"144","pvap":"   1,13"},{"seq":"19","sqcand":"100000672467","n":"12580","nm":"LAZARO BALE","cc":"PDT","nv":" ","e":"n","st":"Suplente","dvt":"V\u00e1lido","vap":"287","pvap":"   2,26"},{"seq":"49","sqcand":"100000672580","n":"14111","nm":"JADIEL ELOI","cc":"PTB","nv":" ","e":"n","st":"Suplente","dvt":"V\u00e1lido","vap":"41","pvap":"   0,32"},{"seq":"2","sqcand":"100000672459","n":"12123","nm":"MARCIA MAIA","cc":"PDT","nv":" ","e":"s","st":"Eleito","dvt":"V\u00e1lido","vap":"771","pvap":"   6,07"},{"seq":"12","sqcand":"100000672469","n":"12222","nm":"LUCIANE AGUIAR","cc":"PDT","nv":" ","e":"n","st":"Suplente","dvt":"V\u00e1lido","vap":"433","pvap":"   3,41"},{"seq":"8","sqcand":"100000672462","n":"12777","nm":"CHICO DO HELIO","cc":"PDT","nv":" ","e":"s","st":"Eleito","dvt":"V\u00e1lido","vap":"436","pvap":"   3,43"},{"seq":"15","sqcand":"100000672683","n":"25678","nm":"NAN\u00d4 DO POVO","cc":"DEM","nv":" ","e":"n","st":"Suplente","dvt":"V\u00e1lido","vap":"323","pvap":"   2,54"},{"seq":"32","sqcand":"100000672675","n":"25789","nm":"JOAOZINHO","cc":"DEM","nv":" ","e":"n","st":"Suplente","dvt":"V\u00e1lido","vap":"115","pvap":"   0,91"},{"seq":"41","sqcand":"100000672680","n":"25111","nm":"JOSUE AMORIM","cc":"DEM","nv":" ","e":"n","st":"Suplente","dvt":"V\u00e1lido","vap":"59","pvap":"   0,46"},{"seq":"21","sqcand":"100000672673","n":"25456","nm":"CAFE DO ESPORTE","cc":"DEM","nv":" ","e":"n","st":"Suplente","dvt":"V\u00e1lido","vap":"227","pvap":"   1,79"},{"seq":"55","sqcand":"100001191278","n":"65999","nm":"JEFFERSON","cc":"PC do B","nv":" ","e":"n","st":"Suplente","dvt":"V\u00e1lido","vap":"29","pvap":"   0,23"},{"seq":"31","sqcand":"100000672590","n":"14200","nm":"GALEGUINHO","cc":"PTB","nv":" ","e":"n","st":"Suplente","dvt":"V\u00e1lido","vap":"126","pvap":"   0,99"},{"seq":"38","sqcand":"100000672589","n":"14333","nm":"IRMAO ANDRADE","cc":"PTB","nv":" ","e":"n","st":"Suplente","dvt":"V\u00e1lido","vap":"68","pvap":"   0,54"},{"seq":"42","sqcand":"100001191283","n":"65111","nm":"AMERICO SANTOS","cc":"PC do B","nv":" ","e":"n","st":"Suplente","dvt":"V\u00e1lido","vap":"56","pvap":"   0,44"},{"seq":"10","sqcand":"100001191280","n":"65888","nm":"NALDO DO MORRO","cc":"PC do B","nv":" ","e":"s","st":"Eleito","dvt":"V\u00e1lido","vap":"262","pvap":"   2,06"},{"seq":"52","sqcand":"100000672587","n":"14555","nm":"BRUNO SOUSA","cc":"PTB","nv":" ","e":"n","st":"Suplente","dvt":"V\u00e1lido","vap":"38","pvap":"   0,30"},{"seq":"35","sqcand":"100000672577","n":"14014","nm":"NENEM DA BAIXINHA","cc":"PTB","nv":" ","e":"n","st":"Suplente","dvt":"V\u00e1lido","vap":"101","pvap":"   0,80"}]}
