{"ele":"426","tpabr":"mu","cdabr":"08575","carper":"13","t":"1","f":"o","dt":"15/11/2020","ht":"21:47:30","dv":"s","tf":"s","v":"11","esae":"n","mnae":"","s":"37","st":"37","pst":" 100,00","snt":"0","psnt":"   0,00","si":"37","psi":" 100,00","sni":"0","psni":"   0,00","sa":"37","psa":" 100,00","sna":"0","psna":"   0,00","e":"12816","ea":"12816","pea":" 100,00","ena":"0","pena":"   0,00","esi":"12816","pesi":" 100,00","esni":"0","pesni":"   0,00","c":"10817","pc":"  84,40","a":"1999","pa":"  15,60","vscv":"0","vnom":"9398","vl":"806","pvnom":"  92,10","pvl":"   7,90","vvc":"10204","pvvc":"  94,33","vb":"119","pvb":"   1,10","tvn":"494","ptvn":"   4,57","vn":"494","pvn":" 100,00","vnt":"0","pvnt":"   0,00","vp":"0","pvp":"   0,00","vv":"10204","pvv":" 100,00","van":"0","pvan":"   0,00","vansj":"0","pvansj":"   0,00","tv":"10817","cand":[{"seq":"13","sqcand":"100001097974","n":"14222","nm":"JUAREZ NETO","cc":"PTB","nv":" ","e":"n","st":"Suplente","dvt":"V\u00e1lido","vap":"316","pvap":"   3,10"},{"seq":"29","sqcand":"100001021232","n":"11111","nm":"ELS\u00c3O","cc":"PP","nv":" ","e":"n","st":"N\u00e3o eleito","dvt":"V\u00e1lido","vap":"42","pvap":"   0,41"},{"seq":"21","sqcand":"100001164360","n":"55111","nm":"ANTONIA PEREIRA","cc":"PSD","nv":" ","e":"n","st":"Suplente","dvt":"V\u00e1lido","vap":"69","pvap":"   0,68"},{"seq":"4","sqcand":"100001097978","n":"14700","nm":"LORENNA REIS PORTO","cc":"PTB","nv":" ","e":"s","st":"Eleito","dvt":"V\u00e1lido","vap":"711","pvap":"   6,97"},{"seq":"14","sqcand":"100001097968","n":"14999","nm":"AD\u00c3O RODRIGUES","cc":"PTB","nv":" ","e":"n","st":"Suplente","dvt":"V\u00e1lido","vap":"310","pvap":"   3,04"},{"seq":"24","sqcand":"100001164356","n":"55666","nm":"DIM","cc":"PSD","nv":" ","e":"n","st":"Suplente","dvt":"V\u00e1lido","vap":"18","pvap":"   0,18"},{"seq":"12","sqcand":"100001097970","n":"14555","nm":"ZEZINHO CRENTE","cc":"PTB","nv":" ","e":"n","st":"Suplente","dvt":"V\u00e1lido","vap":"332","pvap":"   3,25"},{"seq":"26","sqcand":"100001164361","n":"55144","nm":"FAGNER SILVEIRA","cc":"PSD","nv":" ","e":"n","st":"Suplente","dvt":"V\u00e1lido","vap":"0","pvap":"00.00"},{"seq":"16","sqcand":"100001164352","n":"55123","nm":"GERSON DA AGUA DU MO\u00c7O","cc":"PSD","nv":" ","e":"n","st":"Suplente","dvt":"V\u00e1lido","vap":"271","pvap":"   2,66"},{"seq":"23","sqcand":"100001097973","n":"14567","nm":"BEL\u00c3O","cc":"PTB","nv":" ","e":"n","st":"Suplente","dvt":"V\u00e1lido","vap":"51","pvap":"   0,50"},{"seq":"7","sqcand":"100001097962","n":"14140","nm":"BENTINHO","cc":"PTB","nv":" ","e":"s","st":"Eleito","dvt":"V\u00e1lido","vap":"540","pvap":"   5,29"},{"seq":"27","sqcand":"100001021234","n":"11222","nm":"LUIS DO AMARO","cc":"PP","nv":" ","e":"n","st":"N\u00e3o eleito","dvt":"V\u00e1lido","vap":"175","pvap":"   1,72"},{"seq":"9","sqcand":"100001164357","n":"55222","nm":"GEANE DP HOSPITAL","cc":"PSD","nv":" ","e":"s","st":"Eleito","dvt":"V\u00e1lido","vap":"377","pvap":"   3,69"},{"seq":"18","sqcand":"100001164351","n":"55555","nm":"IRMAO JOILTON","cc":"PSD","nv":" ","e":"n","st":"Suplente","dvt":"V\u00e1lido","vap":"170","pvap":"   1,67"},{"seq":"11","sqcand":"100001097969","n":"14123","nm":"MARLENE CARNEIRO","cc":"PTB","nv":" ","e":"s","st":"Eleito","dvt":"V\u00e1lido","vap":"369","pvap":"   3,62"},{"seq":"15","sqcand":"100001164355","n":"55000","nm":"LUCAS COSTA","cc":"PSD","nv":" ","e":"n","st":"Suplente","dvt":"V\u00e1lido","vap":"278","pvap":"   2,72"},{"seq":"28","sqcand":"100001021233","n":"11333","nm":"LISANDRA CAETANO","cc":"PP","nv":" ","e":"n","st":"N\u00e3o eleito","dvt":"V\u00e1lido","vap":"127","pvap":"   1,24"},{"seq":"2","sqcand":"100001097971","n":"14200","nm":"GAGUINHO","cc":"PTB","nv":" ","e":"s","st":"Eleito","dvt":"V\u00e1lido","vap":"822","pvap":"   8,06"},{"seq":"10","sqcand":"100001097977","n":"14300","nm":"LUIS DA TAVARES","cc":"PTB","nv":" ","e":"s","st":"Eleito","dvt":"V\u00e1lido","vap":"372","pvap":"   3,65"},{"seq":"22","sqcand":"100001097976","n":"14789","nm":"MARIOZINHO","cc":"PTB","nv":" ","e":"n","st":"Suplente","dvt":"V\u00e1lido","vap":"55","pvap":"   0,54"},{"seq":"5","sqcand":"100001097967","n":"14111","nm":"JO\u00c3O BOSCO","cc":"PTB","nv":" ","e":"s","st":"Eleito","dvt":"V\u00e1lido","vap":"707","pvap":"   6,93"},{"seq":"1","sqcand":"100001097965","n":"14777","nm":"VANDA BRITO","cc":"PTB","nv":" ","e":"s","st":"Eleito","dvt":"V\u00e1lido","vap":"883","pvap":"   8,65"},{"seq":"25","sqcand":"100001164353","n":"55333","nm":"TOME PEREIRA","cc":"PSD","nv":" ","e":"n","st":"Suplente","dvt":"V\u00e1lido","vap":"17","pvap":"   0,17"},{"seq":"3","sqcand":"100001097966","n":"14444","nm":"CAMILA GUIMAR\u00c3ES","cc":"PTB","nv":" ","e":"s","st":"Eleito","dvt":"V\u00e1lido","vap":"818","pvap":"   8,02"},{"seq":"17","sqcand":"100001164354","n":"55888","nm":"PROFESSORA IEUDAIRES","cc":"PSD","nv":" ","e":"n","st":"Suplente","dvt":"V\u00e1lido","vap":"171","pvap":"   1,68"},{"seq":"8","sqcand":"100001097964","n":"14666","nm":"AUGUSTO JUNIOR","cc":"PTB","nv":" ","e":"s","st":"Eleito","dvt":"V\u00e1lido","vap":"471","pvap":"   4,62"},{"seq":"19","sqcand":"100001164358","n":"55777","nm":"JOSU\u00c9 SOARES","cc":"PSD","nv":" ","e":"n","st":"Suplente","dvt":"V\u00e1lido","vap":"149","pvap":"   1,46"},{"seq":"20","sqcand":"100001097975","n":"14888","nm":"DASDORES","cc":"PTB","nv":" ","e":"n","st":"Suplente","dvt":"V\u00e1lido","vap":"129","pvap":"   1,26"},{"seq":"6","sqcand":"100001097972","n":"14000","nm":"FERNANDO ALENCAR","cc":"PTB","nv":" ","e":"s","st":"Eleito","dvt":"V\u00e1lido","vap":"648","pvap":"   6,35"}]}
