{"ele":"426","tpabr":"mu","cdabr":"08591","carper":"13","t":"1","f":"o","dt":"15/11/2020","ht":"22:02:29","dv":"s","tf":"s","v":"11","esae":"n","mnae":"","s":"46","st":"46","pst":" 100,00","snt":"0","psnt":"   0,00","si":"46","psi":" 100,00","sni":"0","psni":"   0,00","sa":"46","psa":" 100,00","sna":"0","psna":"   0,00","e":"13846","ea":"13846","pea":" 100,00","ena":"0","pena":"   0,00","esi":"13846","pesi":" 100,00","esni":"0","pesni":"   0,00","c":"12084","pc":"  87,27","a":"1762","pa":"  12,73","vscv":"0","vnom":"11122","vl":"650","pvnom":"  94,48","pvl":"   5,52","vvc":"11772","pvvc":"  97,42","vb":"61","pvb":"   0,50","tvn":"251","ptvn":"   2,08","vn":"251","pvn":" 100,00","vnt":"0","pvnt":"   0,00","vp":"0","pvp":"   0,00","vv":"11772","pvv":" 100,00","van":"0","pvan":"   0,00","vansj":"0","pvansj":"   0,00","tv":"12084","cand":[{"seq":"41","sqcand":"100000923791","n":"11311","nm":"THAINARIA","cc":"PP","nv":" ","e":"n","st":"Suplente","dvt":"V\u00e1lido","vap":"9","pvap":"   0,08"},{"seq":"44","sqcand":"100000881872","n":"13333","nm":"ENFERMEIRA NATALIA","cc":"PT","nv":" ","e":"n","st":"N\u00e3o eleito","dvt":"V\u00e1lido","vap":"171","pvap":"   1,45"},{"seq":"16","sqcand":"100000881770","n":"14000","nm":"JAIR BAIXA LIMPA","cc":"PTB","nv":" ","e":"n","st":"Suplente","dvt":"V\u00e1lido","vap":"351","pvap":"   2,98"},{"seq":"36","sqcand":"100000881761","n":"14225","nm":"LUZIA BARROS","cc":"PTB","nv":" ","e":"n","st":"Suplente","dvt":"V\u00e1lido","vap":"33","pvap":"   0,28"},{"seq":"20","sqcand":"100000923793","n":"11123","nm":"REMY DO ANGICAL","cc":"PP","nv":" ","e":"n","st":"Suplente","dvt":"V\u00e1lido","vap":"217","pvap":"   1,84"},{"seq":"47","sqcand":"100000881870","n":"13123","nm":"ROCINO","cc":"PT","nv":" ","e":"n","st":"N\u00e3o eleito","dvt":"V\u00e1lido","vap":"25","pvap":"   0,21"},{"seq":"45","sqcand":"100000881874","n":"13456","nm":"FRANCISCO DO SINDICATO","cc":"PT","nv":" ","e":"n","st":"N\u00e3o eleito","dvt":"V\u00e1lido","vap":"127","pvap":"   1,08"},{"seq":"29","sqcand":"100000881769","n":"14666","nm":"FI\u00c9","cc":"PTB","nv":" ","e":"n","st":"Suplente","dvt":"V\u00e1lido","vap":"98","pvap":"   0,83"},{"seq":"27","sqcand":"100000881760","n":"14522","nm":"CICERO DINIZ","cc":"PTB","nv":" ","e":"n","st":"Suplente","dvt":"V\u00e1lido","vap":"114","pvap":"   0,97"},{"seq":"38","sqcand":"100001061773","n":"10010","nm":"SANDRELANDIA","cc":"REPUBLICANOS","nv":" ","e":"n","st":"Suplente","dvt":"V\u00e1lido","vap":"22","pvap":"   0,19"},{"seq":"35","sqcand":"100000881767","n":"14789","nm":"LEANDERSON","cc":"PTB","nv":" ","e":"n","st":"Suplente","dvt":"V\u00e1lido","vap":"35","pvap":"   0,30"},{"seq":"23","sqcand":"100000923780","n":"11110","nm":"IRM\u00c3O LUIZINHO DO GONGA","cc":"PP","nv":" ","e":"n","st":"Suplente","dvt":"V\u00e1lido","vap":"156","pvap":"   1,33"},{"seq":"31","sqcand":"100000923786","n":"11411","nm":"FRANCISCA DO PANTICO","cc":"PP","nv":" ","e":"n","st":"Suplente","dvt":"V\u00e1lido","vap":"58","pvap":"   0,49"},{"seq":"22","sqcand":"100000923781","n":"11888","nm":"PINTO DO DED\u00c9","cc":"PP","nv":" ","e":"n","st":"Suplente","dvt":"V\u00e1lido","vap":"166","pvap":"   1,41"},{"seq":"14","sqcand":"100001061768","n":"10000","nm":"MARIOSON LOPES","cc":"REPUBLICANOS","nv":" ","e":"n","st":"Suplente","dvt":"V\u00e1lido","vap":"408","pvap":"   3,47"},{"seq":"42","sqcand":"100001061766","n":"10999","nm":"MARIA JOSE","cc":"REPUBLICANOS","nv":" ","e":"n","st":"Suplente","dvt":"V\u00e1lido","vap":"7","pvap":"   0,06"},{"seq":"25","sqcand":"100000923782","n":"11456","nm":"LUIZ SOUZA","cc":"PP","nv":" ","e":"n","st":"Suplente","dvt":"V\u00e1lido","vap":"136","pvap":"   1,16"},{"seq":"9","sqcand":"100000923787","n":"11000","nm":"Z\u00c9 IVAN","cc":"PP","nv":" ","e":"s","st":"Eleito","dvt":"V\u00e1lido","vap":"323","pvap":"   2,74"},{"seq":"17","sqcand":"100000881773","n":"14477","nm":"Z\u00c9 IRAN","cc":"PTB","nv":" ","e":"n","st":"Suplente","dvt":"V\u00e1lido","vap":"288","pvap":"   2,45"},{"seq":"43","sqcand":"100000881772","n":"14999","nm":"FERNANDA LIMA","cc":"PTB","nv":" ","e":"n","st":"Suplente","dvt":"V\u00e1lido","vap":"6","pvap":"   0,05"},{"seq":"48","sqcand":"100000881871","n":"13444","nm":"MARIA DE JESUS","cc":"PT","nv":" ","e":"n","st":"N\u00e3o eleito","dvt":"V\u00e1lido","vap":"5","pvap":"   0,04"},{"seq":"39","sqcand":"100000881766","n":"14234","nm":"VALBEA DO AROLDO","cc":"PTB","nv":" ","e":"n","st":"Suplente","dvt":"V\u00e1lido","vap":"19","pvap":"   0,16"},{"seq":"1","sqcand":"100000923783","n":"11111","nm":"JACKSON COELHO","cc":"PP","nv":" ","e":"s","st":"Eleito","dvt":"V\u00e1lido","vap":"1346","pvap":"  11,43"},{"seq":"18","sqcand":"100000923792","n":"11112","nm":"JOELSON NUNES","cc":"PP","nv":" ","e":"n","st":"Suplente","dvt":"V\u00e1lido","vap":"261","pvap":"   2,22"},{"seq":"15","sqcand":"100001061771","n":"10777","nm":"NAGIBE","cc":"REPUBLICANOS","nv":" ","e":"n","st":"Suplente","dvt":"V\u00e1lido","vap":"372","pvap":"   3,16"},{"seq":"46","sqcand":"100000881873","n":"13000","nm":"PROFESSOR JAIR","cc":"PT","nv":" ","e":"n","st":"N\u00e3o eleito","dvt":"V\u00e1lido","vap":"31","pvap":"   0,26"},{"seq":"13","sqcand":"100000881764","n":"14123","nm":"MEIO KILO","cc":"PTB","nv":" ","e":"n","st":"Suplente","dvt":"V\u00e1lido","vap":"424","pvap":"   3,60"},{"seq":"28","sqcand":"100000881775","n":"14333","nm":"NUBIA","cc":"PTB","nv":" ","e":"n","st":"Suplente","dvt":"V\u00e1lido","vap":"102","pvap":"   0,87"},{"seq":"5","sqcand":"100001061767","n":"10222","nm":"DADA","cc":"REPUBLICANOS","nv":" ","e":"s","st":"Eleito","dvt":"V\u00e1lido","vap":"536","pvap":"   4,55"},{"seq":"8","sqcand":"100000923785","n":"11777","nm":"PECHECA","cc":"PP","nv":" ","e":"s","st":"Eleito","dvt":"V\u00e1lido","vap":"405","pvap":"   3,44"},{"seq":"26","sqcand":"100000881762","n":"14777","nm":"FC FRANCINALDO COSTA","cc":"PTB","nv":" ","e":"n","st":"Suplente","dvt":"V\u00e1lido","vap":"117","pvap":"   0,99"},{"seq":"30","sqcand":"100001061770","n":"10223","nm":"DJALMA","cc":"REPUBLICANOS","nv":" ","e":"n","st":"Suplente","dvt":"V\u00e1lido","vap":"94","pvap":"   0,80"},{"seq":"19","sqcand":"100000923790","n":"11011","nm":"FRANCISCO GON\u00c7ALVES","cc":"PP","nv":" ","e":"n","st":"Suplente","dvt":"V\u00e1lido","vap":"244","pvap":"   2,07"},{"seq":"32","sqcand":"100000881768","n":"14456","nm":"CHICO DO DEUSDETH","cc":"PTB","nv":" ","e":"n","st":"Suplente","dvt":"V\u00e1lido","vap":"54","pvap":"   0,46"},{"seq":"33","sqcand":"100000923778","n":"11321","nm":"LUCELINA PEREIRA","cc":"PP","nv":" ","e":"n","st":"Suplente","dvt":"V\u00e1lido","vap":"54","pvap":"   0,46"},{"seq":"12","sqcand":"100001061765","n":"10258","nm":"JOAO JAGO","cc":"REPUBLICANOS","nv":" ","e":"n","st":"Suplente","dvt":"V\u00e1lido","vap":"491","pvap":"   4,17"},{"seq":"40","sqcand":"100000881774","n":"14111","nm":"CYNARA","cc":"PTB","nv":" ","e":"n","st":"Suplente","dvt":"V\u00e1lido","vap":"10","pvap":"   0,08"},{"seq":"2","sqcand":"100001061772","n":"10333","nm":"ARACY DO RAIMUNDO DO NENA","cc":"REPUBLICANOS","nv":" ","e":"s","st":"Eleito","dvt":"V\u00e1lido","vap":"685","pvap":"   5,82"},{"seq":"24","sqcand":"100000923779","n":"11333","nm":"CINELANDIA","cc":"PP","nv":" ","e":"n","st":"Suplente","dvt":"V\u00e1lido","vap":"147","pvap":"   1,25"},{"seq":"3","sqcand":"100001061769","n":"10123","nm":"SIQUEIRA","cc":"REPUBLICANOS","nv":" ","e":"s","st":"Eleito","dvt":"V\u00e1lido","vap":"613","pvap":"   5,21"},{"seq":"37","sqcand":"100000881763","n":"14114","nm":"LUILA ALVES","cc":"PTB","nv":" ","e":"n","st":"Suplente","dvt":"V\u00e1lido","vap":"30","pvap":"   0,25"},{"seq":"7","sqcand":"100000881771","n":"14444","nm":"VALMIREIS","cc":"PTB","nv":" ","e":"s","st":"Eleito","dvt":"V\u00e1lido","vap":"457","pvap":"   3,88"},{"seq":"4","sqcand":"100000881765","n":"14555","nm":"DARIO","cc":"PTB","nv":" ","e":"s","st":"Eleito","dvt":"V\u00e1lido","vap":"591","pvap":"   5,02"},{"seq":"10","sqcand":"100000923784","n":"11222","nm":"DIVALDO","cc":"PP","nv":" ","e":"s","st":"Eleito","dvt":"V\u00e1lido","vap":"300","pvap":"   2,55"},{"seq":"34","sqcand":"100000923789","n":"11511","nm":"NATALIA MEDEIROS","cc":"PP","nv":" ","e":"n","st":"Suplente","dvt":"V\u00e1lido","vap":"48","pvap":"   0,41"},{"seq":"21","sqcand":"100000923794","n":"11789","nm":"PROFESSORA ANA","cc":"PP","nv":" ","e":"n","st":"Suplente","dvt":"V\u00e1lido","vap":"183","pvap":"   1,55"},{"seq":"6","sqcand":"100000881759","n":"14014","nm":"BENITO","cc":"PTB","nv":" ","e":"s","st":"Eleito","dvt":"V\u00e1lido","vap":"485","pvap":"   4,12"},{"seq":"11","sqcand":"100000923788","n":"11234","nm":"BENTINHO DA SANTA F\u00c9","cc":"PP","nv":" ","e":"s","st":"Eleito","dvt":"V\u00e1lido","vap":"268","pvap":"   2,28"}]}
