{"ele":"426","tpabr":"mu","cdabr":"08958","carper":"13","t":"1","f":"o","dt":"15/11/2020","ht":"22:17:22","dv":"s","tf":"s","v":"9","esae":"n","mnae":"","s":"78","st":"78","pst":" 100,00","snt":"0","psnt":"   0,00","si":"78","psi":" 100,00","sni":"0","psni":"   0,00","sa":"78","psa":" 100,00","sna":"0","psna":"   0,00","e":"21758","ea":"21758","pea":" 100,00","ena":"0","pena":"   0,00","esi":"21758","pesi":" 100,00","esni":"0","pesni":"   0,00","c":"18328","pc":"  84,24","a":"3430","pa":"  15,76","vscv":"0","vnom":"16968","vl":"777","pvnom":"  95,62","pvl":"   4,38","vvc":"17745","pvvc":"  96,82","vb":"135","pvb":"   0,74","tvn":"448","ptvn":"   2,44","vn":"448","pvn":" 100,00","vnt":"0","pvnt":"   0,00","vp":"0","pvp":"   0,00","vv":"17745","pvv":" 100,00","van":"0","pvan":"   0,00","vansj":"0","pvansj":"   0,00","tv":"18328","cand":[{"seq":"37","sqcand":"100000661512","n":"22224","nm":"DEUSDETE DO CRAVO","cc":"PL","nv":" ","e":"n","st":"Suplente","dvt":"V\u00e1lido","vap":"51","pvap":"   0,29"},{"seq":"18","sqcand":"100000919683","n":"65010","nm":"KAJOCA VIEIRA","cc":"PC do B","nv":" ","e":"n","st":"Suplente","dvt":"V\u00e1lido","vap":"390","pvap":"   2,20"},{"seq":"49","sqcand":"100000918802","n":"14789","nm":"OSVANIA  LEITE","cc":"PTB","nv":" ","e":"n","st":"Suplente","dvt":"V\u00e1lido","vap":"3","pvap":"   0,02"},{"seq":"27","sqcand":"100000824909","n":"23456","nm":"OBEDIAS PINTO","cc":"CIDADANIA","nv":" ","e":"n","st":"Suplente","dvt":"V\u00e1lido","vap":"164","pvap":"   0,92"},{"seq":"51","sqcand":"100000822431","n":"13000","nm":"MANOEL ALVES","cc":"PT","nv":" ","e":"n","st":"N\u00e3o eleito","dvt":"V\u00e1lido","vap":"181","pvap":"   1,02"},{"seq":"64","sqcand":"100000683702","n":"70456","nm":"RIBAMAR COSTA","cc":"AVANTE","nv":" ","e":"n","st":"N\u00e3o eleito","dvt":"V\u00e1lido","vap":"21","pvap":"   0,12"},{"seq":"17","sqcand":"100000919690","n":"65888","nm":"ROSILEIA DO HOSPITAL","cc":"PC do B","nv":" ","e":"n","st":"Suplente","dvt":"V\u00e1lido","vap":"405","pvap":"   2,28"},{"seq":"19","sqcand":"100000919686","n":"65333","nm":"JEAN LOBATO","cc":"PC do B","nv":" ","e":"n","st":"Suplente","dvt":"V\u00e1lido","vap":"282","pvap":"   1,59"},{"seq":"34","sqcand":"100000824902","n":"23567","nm":"JONIELSON CORREA","cc":"CIDADANIA","nv":" ","e":"n","st":"Suplente","dvt":"V\u00e1lido","vap":"78","pvap":"   0,44"},{"seq":"3","sqcand":"100000918804","n":"14222","nm":"MARCELLO DE JOAO DE RUY","cc":"PTB","nv":" ","e":"s","st":"Eleito","dvt":"V\u00e1lido","vap":"1028","pvap":"   5,79"},{"seq":"47","sqcand":"100000824901","n":"23799","nm":"AD\u00c9LIA COSTA","cc":"CIDADANIA","nv":" ","e":"n","st":"Suplente","dvt":"V\u00e1lido","vap":"16","pvap":"   0,09"},{"seq":"5","sqcand":"100000918800","n":"14223","nm":"ALEXANDRE LOBATO","cc":"PTB","nv":" ","e":"s","st":"Eleito","dvt":"V\u00e1lido","vap":"966","pvap":"   5,44"},{"seq":"8","sqcand":"100000661508","n":"22000","nm":"BEN\u00c9 DO DEP\u00d3SITO","cc":"PL","nv":" ","e":"s","st":"Eleito","dvt":"V\u00e1lido","vap":"499","pvap":"   2,81"},{"seq":"12","sqcand":"100000824905","n":"23010","nm":"MARCIO 10","cc":"CIDADANIA","nv":" ","e":"n","st":"Suplente","dvt":"V\u00e1lido","vap":"600","pvap":"   3,38"},{"seq":"36","sqcand":"100000919688","n":"65222","nm":"PROFESSORA MOCINHA VIEIRA","cc":"PC do B","nv":" ","e":"n","st":"Suplente","dvt":"V\u00e1lido","vap":"72","pvap":"   0,41"},{"seq":"48","sqcand":"100000661510","n":"22888","nm":"LOURIANA FROES","cc":"PL","nv":" ","e":"n","st":"Suplente","dvt":"V\u00e1lido","vap":"12","pvap":"   0,07"},{"seq":"45","sqcand":"100000661509","n":"22214","nm":"ANA PACHECO","cc":"PL","nv":" ","e":"n","st":"Suplente","dvt":"V\u00e1lido","vap":"19","pvap":"   0,11"},{"seq":"33","sqcand":"100000919682","n":"65123","nm":"CRISTIANO TORRES","cc":"PC do B","nv":" ","e":"n","st":"Suplente","dvt":"V\u00e1lido","vap":"83","pvap":"   0,47"},{"seq":"68","sqcand":"100000822429","n":"13110","nm":"BAGULHO","cc":"PT","nv":" ","e":"n","st":"N\u00e3o eleito","dvt":"V\u00e1lido","vap":"16","pvap":"   0,09"},{"seq":"23","sqcand":"100000824904","n":"23444","nm":"ILDA NOGUEIRA","cc":"CIDADANIA","nv":" ","e":"n","st":"Suplente","dvt":"V\u00e1lido","vap":"235","pvap":"   1,32"},{"seq":"32","sqcand":"100000824906","n":"23333","nm":"SEVERO DA PESCA","cc":"CIDADANIA","nv":" ","e":"n","st":"Suplente","dvt":"V\u00e1lido","vap":"95","pvap":"   0,54"},{"seq":"15","sqcand":"100000918797","n":"14555","nm":"FABIO ARAUJO","cc":"PTB","nv":" ","e":"n","st":"Suplente","dvt":"V\u00e1lido","vap":"446","pvap":"   2,51"},{"seq":"20","sqcand":"100000919689","n":"65000","nm":"NIVALDO LOBATO","cc":"PC do B","nv":" ","e":"n","st":"Suplente","dvt":"V\u00e1lido","vap":"268","pvap":"   1,51"},{"seq":"53","sqcand":"100000822695","n":"20345","nm":"PEP\u00ca DE CURVA GRANDE","cc":"PSC","nv":" ","e":"n","st":"N\u00e3o eleito","dvt":"V\u00e1lido","vap":"90","pvap":"   0,51"},{"seq":"1","sqcand":"100000918795","n":"14123","nm":"JORGE MALHADEIRA","cc":"PTB","nv":" ","e":"s","st":"Eleito","dvt":"V\u00e1lido","vap":"1167","pvap":"   6,58"},{"seq":"13","sqcand":"100000918793","n":"14130","nm":"DANIEL SAMPAIO","cc":"PTB","nv":" ","e":"n","st":"Suplente","dvt":"V\u00e1lido","vap":"513","pvap":"   2,89"},{"seq":"14","sqcand":"100000918794","n":"14258","nm":"CHAGAS COCO","cc":"PTB","nv":" ","e":"n","st":"Suplente","dvt":"V\u00e1lido","vap":"456","pvap":"   2,57"},{"seq":"16","sqcand":"100000824897","n":"23223","nm":"ZECA DO S\u00c3O PEDRO","cc":"CIDADANIA","nv":" ","e":"n","st":"Suplente","dvt":"V\u00e1lido","vap":"442","pvap":"   2,49"},{"seq":"41","sqcand":"100000661513","n":"22789","nm":"PELADO DE CURVA GRANDE","cc":"PL","nv":" ","e":"n","st":"Suplente","dvt":"V\u00e1lido","vap":"37","pvap":"   0,21"},{"seq":"67","sqcand":"100000683699","n":"70678","nm":"RIBAMAR DO APAGA FOGO","cc":"AVANTE","nv":" ","e":"n","st":"N\u00e3o eleito","dvt":"V\u00e1lido","vap":"17","pvap":"   0,10"},{"seq":"63","sqcand":"100000683709","n":"70214","nm":"Z\u00c9 RAIMUNDO PACI\u00caNCIA","cc":"AVANTE","nv":" ","e":"n","st":"N\u00e3o eleito","dvt":"V\u00e1lido","vap":"24","pvap":"   0,14"},{"seq":"57","sqcand":"100000683711","n":"70444","nm":"RIBAMAR DA FAXINA","cc":"AVANTE","nv":" ","e":"n","st":"N\u00e3o eleito","dvt":"V\u00e1lido","vap":"43","pvap":"   0,24"},{"seq":"40","sqcand":"100000661504","n":"22555","nm":"EDIMILSON","cc":"PL","nv":" ","e":"n","st":"Suplente","dvt":"V\u00e1lido","vap":"42","pvap":"   0,24"},{"seq":"46","sqcand":"100000918796","n":"14333","nm":"SOLANGE GUSM\u00c3O","cc":"PTB","nv":" ","e":"n","st":"Suplente","dvt":"V\u00e1lido","vap":"18","pvap":"   0,10"},{"seq":"62","sqcand":"100000683698","n":"70345","nm":"ROBERTO MARANH\u00c3O","cc":"AVANTE","nv":" ","e":"n","st":"N\u00e3o eleito","dvt":"V\u00e1lido","vap":"24","pvap":"   0,14"},{"seq":"71","sqcand":"100000822700","n":"20111","nm":"IVONE SILVA","cc":"PSC","nv":" ","e":"n","st":"N\u00e3o eleito","dvt":"V\u00e1lido","vap":"15","pvap":"   0,08"},{"seq":"77","sqcand":"100001121862","n":"90000","nm":"LYGIA MARTINS","cc":"PROS","nv":" ","e":"n","st":"N\u00e3o eleito","dvt":"V\u00e1lido","vap":"4","pvap":"   0,02"},{"seq":"43","sqcand":"100000918805","n":"14444","nm":"MARIANA FAZENDEIRA","cc":"PTB","nv":" ","e":"n","st":"Suplente","dvt":"V\u00e1lido","vap":"25","pvap":"   0,14"},{"seq":"22","sqcand":"100000661502","n":"22777","nm":"IRM\u00c3 BETINHA","cc":"PL","nv":" ","e":"n","st":"Suplente","dvt":"V\u00e1lido","vap":"250","pvap":"   1,41"},{"seq":"7","sqcand":"100000824907","n":"23555","nm":"MOURINHO LOBATO","cc":"CIDADANIA","nv":" ","e":"s","st":"Eleito","dvt":"V\u00e1lido","vap":"679","pvap":"   3,83"},{"seq":"10","sqcand":"100000918799","n":"14111","nm":"NELBA FERREIRA","cc":"PTB","nv":" ","e":"n","st":"Suplente","dvt":"V\u00e1lido","vap":"854","pvap":"   4,81"},{"seq":"28","sqcand":"100000661507","n":"22229","nm":"C\u00c9SAR CZ","cc":"PL","nv":" ","e":"n","st":"Suplente","dvt":"V\u00e1lido","vap":"163","pvap":"   0,92"},{"seq":"26","sqcand":"100000919679","n":"65555","nm":"FERRAZ FILHO","cc":"PC do B","nv":" ","e":"n","st":"Suplente","dvt":"V\u00e1lido","vap":"173","pvap":"   0,97"},{"seq":"29","sqcand":"100000919681","n":"65444","nm":"BELLY DE JO\u00c3OZINHO PEIXOTO","cc":"PC do B","nv":" ","e":"n","st":"Suplente","dvt":"V\u00e1lido","vap":"123","pvap":"   0,69"},{"seq":"78","sqcand":"100000822427","n":"13003","nm":"VICTOR DIAS","cc":"PT","nv":" ","e":"n","st":"N\u00e3o eleito","dvt":"V\u00e1lido","vap":"4","pvap":"   0,02"},{"seq":"52","sqcand":"100000822424","n":"13456","nm":"ZECA PROFESSOR","cc":"PT","nv":" ","e":"n","st":"N\u00e3o eleito","dvt":"V\u00e1lido","vap":"177","pvap":"   1,00"},{"seq":"70","sqcand":"100000683706","n":"70555","nm":"WAGNER WILLIAM","cc":"AVANTE","nv":" ","e":"n","st":"N\u00e3o eleito","dvt":"V\u00e1lido","vap":"16","pvap":"   0,09"},{"seq":"42","sqcand":"100000824898","n":"23789","nm":"ANA MARIA PIEDADE","cc":"CIDADANIA","nv":" ","e":"n","st":"Suplente","dvt":"V\u00e1lido","vap":"27","pvap":"   0,15"},{"seq":"72","sqcand":"100000683707","n":"70000","nm":"DOM KLINTON","cc":"AVANTE","nv":" ","e":"n","st":"N\u00e3o eleito","dvt":"V\u00e1lido","vap":"14","pvap":"   0,08"},{"seq":"81","sqcand":"100000683703","n":"70777","nm":"LU DE QUEIMADAS","cc":"AVANTE","nv":" ","e":"n","st":"N\u00e3o eleito","dvt":"V\u00e1lido","vap":"0","pvap":"00.00"},{"seq":"21","sqcand":"100000824908","n":"23923","nm":"PROF\u00aa BADICA","cc":"CIDADANIA","nv":" ","e":"n","st":"Suplente","dvt":"V\u00e1lido","vap":"254","pvap":"   1,43"},{"seq":"73","sqcand":"100000822425","n":"13123","nm":"ADRIANA CANTORA","cc":"PT","nv":" ","e":"n","st":"N\u00e3o eleito","dvt":"V\u00e1lido","vap":"11","pvap":"   0,06"},{"seq":"2","sqcand":"100000918801","n":"14000","nm":"VALDIR DO MAGAZINE","cc":"PTB","nv":" ","e":"s","st":"Eleito","dvt":"V\u00e1lido","vap":"1069","pvap":"   6,02"},{"seq":"61","sqcand":"100000822696","n":"20123","nm":"COELHO DO ROS\u00c1RIO","cc":"PSC","nv":" ","e":"n","st":"N\u00e3o eleito","dvt":"V\u00e1lido","vap":"35","pvap":"   0,20"},{"seq":"55","sqcand":"100000822697","n":"20333","nm":"IRM\u00c3O DHONES","cc":"PSC","nv":" ","e":"n","st":"N\u00e3o eleito","dvt":"V\u00e1lido","vap":"54","pvap":"   0,30"},{"seq":"65","sqcand":"100001267856","n":"13113","nm":"CUIM","cc":"PT","nv":" ","e":"n","st":"N\u00e3o eleito","dvt":"V\u00e1lido","vap":"20","pvap":"   0,11"},{"seq":"30","sqcand":"100000919684","n":"65789","nm":"RENATA DE BIN\u00c9 FERREIRA","cc":"PC do B","nv":" ","e":"n","st":"Suplente","dvt":"V\u00e1lido","vap":"107","pvap":"   0,60"},{"seq":"39","sqcand":"100000661511","n":"22123","nm":"DOMINGUINHOS DE QUEIMADAS","cc":"PL","nv":" ","e":"n","st":"Suplente","dvt":"V\u00e1lido","vap":"45","pvap":"   0,25"},{"seq":"58","sqcand":"100000822699","n":"20456","nm":"T\u00d4NIA TORRES","cc":"PSC","nv":" ","e":"n","st":"N\u00e3o eleito","dvt":"V\u00e1lido","vap":"41","pvap":"   0,23"},{"seq":"9","sqcand":"100000919680","n":"65456","nm":"ROG\u00c9RIO LEITE","cc":"PC do B","nv":" ","e":"s","st":"Eleito","dvt":"V\u00e1lido","vap":"480","pvap":"   2,70"},{"seq":"76","sqcand":"100000683708","n":"70222","nm":"RAIMUNDO COSTA","cc":"AVANTE","nv":" ","e":"n","st":"N\u00e3o eleito","dvt":"V\u00e1lido","vap":"6","pvap":"   0,03"},{"seq":"11","sqcand":"100000918792","n":"14567","nm":"NETO TORRES","cc":"PTB","nv":" ","e":"n","st":"Suplente","dvt":"V\u00e1lido","vap":"781","pvap":"   4,40"},{"seq":"66","sqcand":"100000683704","n":"70666","nm":"LURDES DA ENGERQUEIRA","cc":"AVANTE","nv":" ","e":"n","st":"N\u00e3o eleito","dvt":"V\u00e1lido","vap":"18","pvap":"   0,10"},{"seq":"25","sqcand":"100000824903","n":"23123","nm":"VALBINHO","cc":"CIDADANIA","nv":" ","e":"n","st":"Suplente","dvt":"V\u00e1lido","vap":"177","pvap":"   1,00"},{"seq":"44","sqcand":"100000918798","n":"14334","nm":"ELISANGELA SOARES","cc":"PTB","nv":" ","e":"n","st":"Suplente","dvt":"V\u00e1lido","vap":"20","pvap":"   0,11"},{"seq":"69","sqcand":"100000683701","n":"70123","nm":"C\u00c9SAR COSTA","cc":"AVANTE","nv":" ","e":"n","st":"N\u00e3o eleito","dvt":"V\u00e1lido","vap":"16","pvap":"   0,09"},{"seq":"54","sqcand":"100000822428","n":"13333","nm":"RAY CABELEIREIRO","cc":"PT","nv":" ","e":"n","st":"N\u00e3o eleito","dvt":"V\u00e1lido","vap":"74","pvap":"   0,42"},{"seq":"75","sqcand":"100000683710","n":"70999","nm":"JUCILENE","cc":"AVANTE","nv":" ","e":"n","st":"N\u00e3o eleito","dvt":"V\u00e1lido","vap":"7","pvap":"   0,04"},{"seq":"50","sqcand":"100000661503","n":"22678","nm":"RAYENE FERREIRA","cc":"PL","nv":" ","e":"n","st":"Suplente","dvt":"V\u00e1lido","vap":"3","pvap":"   0,02"},{"seq":"60","sqcand":"100001121864","n":"90123","nm":"MARCOS DO HOSPITAL","cc":"PROS","nv":" ","e":"n","st":"N\u00e3o eleito","dvt":"V\u00e1lido","vap":"36","pvap":"   0,20"},{"seq":"80","sqcand":"100000683700","n":"70622","nm":"CL\u00c9O DO GUARIRAM\u00c3","cc":"AVANTE","nv":" ","e":"n","st":"N\u00e3o eleito","dvt":"V\u00e1lido","vap":"1","pvap":"   0,01"},{"seq":"56","sqcand":"100000822430","n":"13111","nm":"NOEME PINHEIRO","cc":"PT","nv":" ","e":"n","st":"N\u00e3o eleito","dvt":"V\u00e1lido","vap":"53","pvap":"   0,30"},{"seq":"79","sqcand":"100000822698","n":"20233","nm":"TAFAREL","cc":"PSC","nv":" ","e":"n","st":"N\u00e3o eleito","dvt":"V\u00e1lido","vap":"2","pvap":"   0,01"},{"seq":"6","sqcand":"100000918803","n":"14620","nm":"CAPIM","cc":"PTB","nv":" ","e":"s","st":"Eleito","dvt":"V\u00e1lido","vap":"877","pvap":"   4,94"},{"seq":"4","sqcand":"100000824899","n":"23000","nm":"BRAZ AMARAL","cc":"CIDADANIA","nv":" ","e":"s","st":"Eleito","dvt":"V\u00e1lido","vap":"990","pvap":"   5,58"},{"seq":"24","sqcand":"100000661506","n":"22222","nm":"RAIMUNDO DA ELETROLAR","cc":"PL","nv":" ","e":"n","st":"Suplente","dvt":"V\u00e1lido","vap":"188","pvap":"   1,06"},{"seq":"74","sqcand":"100000683705","n":"70888","nm":"MIRTES SANTOS","cc":"AVANTE","nv":" ","e":"n","st":"N\u00e3o eleito","dvt":"V\u00e1lido","vap":"10","pvap":"   0,06"},{"seq":"38","sqcand":"100000661505","n":"22223","nm":"LOURO DO S\u00c3O PEDRO","cc":"PL","nv":" ","e":"n","st":"Suplente","dvt":"V\u00e1lido","vap":"47","pvap":"   0,26"},{"seq":"31","sqcand":"100000824900","n":"23222","nm":"ILMARA GOMES","cc":"CIDADANIA","nv":" ","e":"n","st":"Suplente","dvt":"V\u00e1lido","vap":"103","pvap":"   0,58"},{"seq":"35","sqcand":"100000919685","n":"65432","nm":"LA\u00c9RCIO DE OLIVEIRA","cc":"PC do B","nv":" ","e":"n","st":"Suplente","dvt":"V\u00e1lido","vap":"77","pvap":"   0,43"},{"seq":"59","sqcand":"100001121863","n":"90234","nm":"JOHNSON SOUZA","cc":"PROS","nv":" ","e":"n","st":"N\u00e3o eleito","dvt":"V\u00e1lido","vap":"39","pvap":"   0,22"}]}
