{"ele":"426","tpabr":"mu","cdabr":"08974","carper":"13","t":"1","f":"o","dt":"15/11/2020","ht":"22:05:06","dv":"s","tf":"s","v":"15","esae":"n","mnae":"","s":"138","st":"138","pst":" 100,00","snt":"0","psnt":"   0,00","si":"138","psi":" 100,00","sni":"0","psni":"   0,00","sa":"138","psa":" 100,00","sna":"0","psna":"   0,00","e":"40690","ea":"40690","pea":" 100,00","ena":"0","pena":"   0,00","esi":"40690","pesi":" 100,00","esni":"0","pesni":"   0,00","c":"33693","pc":"  82,80","a":"6997","pa":"  17,20","vscv":"0","vnom":"30856","vl":"1877","pvnom":"  94,27","pvl":"   5,73","vvc":"32737","pvvc":"  97,16","vb":"275","pvb":"   0,82","tvn":"681","ptvn":"   2,02","vn":"679","pvn":"  99,71","vnt":"2","pvnt":"   0,29","vp":"0","pvp":"   0,00","vv":"32733","pvv":"  99,99","van":"0","pvan":"   0,00","vansj":"4","pvansj":"   0,01","tv":"33693","cand":[{"seq":"108","sqcand":"100000656423","n":"11234","nm":"ELENILDA ASSISTENCIA SOCIAL","cc":"PP","nv":" ","e":"n","st":"Suplente","dvt":"V\u00e1lido","vap":"6","pvap":"   0,02"},{"seq":"3","sqcand":"100000656393","n":"12312","nm":"PROFESSORA CLEUDIMAR","cc":"PDT","nv":" ","e":"s","st":"Eleito","dvt":"V\u00e1lido","vap":"1019","pvap":"   3,11"},{"seq":"145","sqcand":"100001129750","n":"15123","nm":"ANT\u00d4NIO BATOR\u00c9","cc":"MDB","nv":" ","e":"n","st":"N\u00e3o eleito","dvt":"V\u00e1lido","vap":"7","pvap":"   0,02"},{"seq":"146","sqcand":"100001129746","n":"15147","nm":"ABDIEL","cc":"MDB","nv":" ","e":"n","st":"N\u00e3o eleito","dvt":"V\u00e1lido","vap":"6","pvap":"   0,02"},{"seq":"84","sqcand":"100000656524","n":"40567","nm":"NILDA MOREIRA","cc":"PSB","nv":" ","e":"n","st":"Suplente","dvt":"V\u00e1lido","vap":"32","pvap":"   0,10"},{"seq":"38","sqcand":"100001067375","n":"55700","nm":"IRM\u00c3O RIBAMAR DA VILA DO INCRA","cc":"PSD","nv":" ","e":"n","st":"Suplente","dvt":"V\u00e1lido","vap":"263","pvap":"   0,80"},{"seq":"124","sqcand":"100000656534","n":"40222","nm":"EDNA DA SAUDE","cc":"PSB","nv":" ","e":"n","st":"Suplente","dvt":"V\u00e1lido","vap":"0","pvap":"00.00"},{"seq":"138","sqcand":"100001066703","n":"17777","nm":"ROSELIA NUNES","cc":"PSL","nv":" ","e":"n","st":"N\u00e3o eleito","dvt":"V\u00e1lido","vap":"34","pvap":"   0,10"},{"seq":"107","sqcand":"100001066398","n":"25666","nm":"LEIDIENE","cc":"DEM","nv":" ","e":"n","st":"Suplente","dvt":"V\u00e1lido","vap":"7","pvap":"   0,02"},{"seq":"2","sqcand":"100000662674","n":"51222","nm":"ARIELZINHO","cc":"PATRIOTA","nv":" ","e":"s","st":"Eleito","dvt":"V\u00e1lido","vap":"1245","pvap":"   3,80"},{"seq":"144","sqcand":"100001066705","n":"17007","nm":"MARCOS SOUSA","cc":"PSL","nv":" ","e":"n","st":"N\u00e3o eleito","dvt":"V\u00e1lido","vap":"8","pvap":"   0,02"},{"seq":"95","sqcand":"100000669215","n":"65069","nm":"NOVINHO","cc":"PC do B","nv":" ","e":"n","st":"Suplente","dvt":"V\u00e1lido","vap":"11","pvap":"   0,03"},{"seq":"143","sqcand":"100001065407","n":"13444","nm":"BEB\u00c9 DO CACHORRO PRETO","cc":"PT","nv":" ","e":"n","st":"N\u00e3o eleito","dvt":"V\u00e1lido","vap":"8","pvap":"   0,02"},{"seq":"152","sqcand":"100001263726","n":"15789","nm":"GORDA","cc":"MDB","nv":" ","e":"n","st":"N\u00e3o eleito","dvt":"V\u00e1lido","vap":"2","pvap":"   0,01"},{"seq":"1","sqcand":"100000656526","n":"40000","nm":"CLEITON DO BANGA","cc":"PSB","nv":" ","e":"s","st":"Eleito","dvt":"V\u00e1lido","vap":"1481","pvap":"   4,52"},{"seq":"135","sqcand":"100001122929","n":"45333","nm":"SULAMITA THIOVANY","cc":"PSDB","nv":" ","e":"n","st":"N\u00e3o eleito","dvt":"V\u00e1lido","vap":"56","pvap":"   0,17"},{"seq":"96","sqcand":"100000656432","n":"11321","nm":"RAIMUNDA DA FLORESTA","cc":"PP","nv":" ","e":"n","st":"Suplente","dvt":"V\u00e1lido","vap":"11","pvap":"   0,03"},{"seq":"60","sqcand":"100000656398","n":"12222","nm":"FRANCILENE SA\u00daDE","cc":"PDT","nv":" ","e":"n","st":"Suplente","dvt":"V\u00e1lido","vap":"94","pvap":"   0,29"},{"seq":"35","sqcand":"100000656407","n":"12999","nm":"NONATO F QUATRO MIL","cc":"PDT","nv":" ","e":"n","st":"Suplente","dvt":"V\u00e1lido","vap":"282","pvap":"   0,86"},{"seq":"93","sqcand":"100001066392","n":"25444","nm":"BOCA RICA","cc":"DEM","nv":" ","e":"n","st":"Suplente","dvt":"V\u00e1lido","vap":"13","pvap":"   0,04"},{"seq":"102","sqcand":"100000656539","n":"40085","nm":"ZE DA BASTIANA","cc":"PSB","nv":" ","e":"n","st":"Suplente","dvt":"V\u00e1lido","vap":"7","pvap":"   0,02"},{"seq":"116","sqcand":"100000656529","n":"40500","nm":"KENNEDY","cc":"PSB","nv":" ","e":"n","st":"Suplente","dvt":"V\u00e1lido","vap":"2","pvap":"   0,01"},{"seq":"94","sqcand":"100001067389","n":"55500","nm":"HELENA BRASIL","cc":"PSD","nv":" ","e":"n","st":"Suplente","dvt":"V\u00e1lido","vap":"11","pvap":"   0,03"},{"seq":"50","sqcand":"100000656388","n":"12477","nm":"HELDER DO SPORT","cc":"PDT","nv":" ","e":"n","st":"Suplente","dvt":"V\u00e1lido","vap":"146","pvap":"   0,45"},{"seq":"37","sqcand":"100000656403","n":"12678","nm":"VALFREDO SILVA","cc":"PDT","nv":" ","e":"n","st":"Suplente","dvt":"V\u00e1lido","vap":"270","pvap":"   0,82"},{"seq":"133","sqcand":"100001129747","n":"15111","nm":"MARIA GARAPA","cc":"MDB","nv":" ","e":"n","st":"N\u00e3o eleito","dvt":"V\u00e1lido","vap":"59","pvap":"   0,18"},{"seq":"14","sqcand":"100001066401","n":"25555","nm":"DIM PRODU\u00c7\u00d5ES","cc":"DEM","nv":" ","e":"s","st":"Eleito","dvt":"V\u00e1lido","vap":"647","pvap":"   1,98"},{"seq":"27","sqcand":"100000656425","n":"11122","nm":"ALEX SUDARIO","cc":"PP","nv":" ","e":"n","st":"Suplente","dvt":"V\u00e1lido","vap":"394","pvap":"   1,20"},{"seq":"113","sqcand":"100000656431","n":"11444","nm":"JANAINA DA SAUDE","cc":"PP","nv":" ","e":"n","st":"Suplente","dvt":"V\u00e1lido","vap":"3","pvap":"   0,01"},{"seq":"131","sqcand":"100001122930","n":"45123","nm":"DEL REY","cc":"PSDB","nv":" ","e":"n","st":"N\u00e3o eleito","dvt":"V\u00e1lido","vap":"71","pvap":"   0,22"},{"seq":"117","sqcand":"100000662671","n":"51888","nm":"JOICE SIM\u00c3O","cc":"PATRIOTA","nv":" ","e":"n","st":"Suplente","dvt":"V\u00e1lido","vap":"2","pvap":"   0,01"},{"seq":"90","sqcand":"100000669204","n":"65777","nm":"JANILSON PER\u00da","cc":"PC do B","nv":" ","e":"n","st":"Suplente","dvt":"V\u00e1lido","vap":"19","pvap":"   0,06"},{"seq":"132","sqcand":"100001065404","n":"13455","nm":"SANDRA ALVES","cc":"PT","nv":" ","e":"n","st":"N\u00e3o eleito","dvt":"V\u00e1lido","vap":"66","pvap":"   0,20"},{"seq":"8","sqcand":"100000662677","n":"51111","nm":"ALMEID\u00c3O DA FAISA","cc":"PATRIOTA","nv":" ","e":"s","st":"Eleito","dvt":"V\u00e1lido","vap":"960","pvap":"   2,93"},{"seq":"36","sqcand":"100001067386","n":"55444","nm":"MESTRE ZIL","cc":"PSD","nv":" ","e":"n","st":"Suplente","dvt":"V\u00e1lido","vap":"275","pvap":"   0,84"},{"seq":"115","sqcand":"100000669213","n":"65444","nm":"VAVAZINHO DA SA\u00daDE","cc":"PC do B","nv":" ","e":"n","st":"Suplente","dvt":"V\u00e1lido","vap":"3","pvap":"   0,01"},{"seq":"59","sqcand":"100000656405","n":"12314","nm":"ZICO DA VINTE E SEIS DE MAR\u00c7O","cc":"PDT","nv":" ","e":"n","st":"Suplente","dvt":"V\u00e1lido","vap":"102","pvap":"   0,31"},{"seq":"6","sqcand":"100000656397","n":"12456","nm":"FRANCIVAN LIMA","cc":"PDT","nv":" ","e":"s","st":"Eleito","dvt":"V\u00e1lido","vap":"1009","pvap":"   3,08"},{"seq":"114","sqcand":"100000669210","n":"65333","nm":"DELVANIR","cc":"PC do B","nv":" ","e":"n","st":"Suplente","dvt":"V\u00e1lido","vap":"3","pvap":"   0,01"},{"seq":"63","sqcand":"100000669208","n":"65888","nm":"ANTONIO DAS ARR\u00d4BAS","cc":"PC do B","nv":" ","e":"n","st":"Suplente","dvt":"V\u00e1lido","vap":"88","pvap":"   0,27"},{"seq":"77","sqcand":"100000656404","n":"12111","nm":"LUCAS MAESTRO","cc":"PDT","nv":" ","e":"n","st":"Suplente","dvt":"V\u00e1lido","vap":"56","pvap":"   0,17"},{"seq":"136","sqcand":"100001066702","n":"17123","nm":"GILBERTO  RODRIGUES","cc":"PSL","nv":" ","e":"n","st":"N\u00e3o eleito","dvt":"V\u00e1lido","vap":"49","pvap":"   0,15"},{"seq":"53","sqcand":"100000656409","n":"12333","nm":"SANDRO TAXISTA","cc":"PDT","nv":" ","e":"n","st":"Suplente","dvt":"V\u00e1lido","vap":"125","pvap":"   0,38"},{"seq":"91","sqcand":"100001067378","n":"55222","nm":"CELIANE CABELOS","cc":"PSD","nv":" ","e":"n","st":"Suplente","dvt":"V\u00e1lido","vap":"16","pvap":"   0,05"},{"seq":"156","sqcand":"100001122932","n":"45777","nm":"DAIANA","cc":"PSDB","nv":" ","e":"n","st":"N\u00e3o eleito","dvt":"V\u00e1lido","vap":"0","pvap":"00.00"},{"seq":"24","sqcand":"100000656427","n":"11123","nm":"RAIMUNDO DA SAUDE","cc":"PP","nv":" ","e":"n","st":"Suplente","dvt":"V\u00e1lido","vap":"487","pvap":"   1,49"},{"seq":"140","sqcand":"100001125317","n":"50789","nm":"MARIA DO CICIZNATO","cc":"PSOL","nv":" ","e":"n","st":"N\u00e3o eleito","dvt":"V\u00e1lido","vap":"16","pvap":"   0,05"},{"seq":"70","sqcand":"100000669207","n":"65000","nm":"IRM\u00c3 MARIN\u00caS","cc":"PC do B","nv":" ","e":"n","st":"Suplente","dvt":"V\u00e1lido","vap":"69","pvap":"   0,21"},{"seq":"100","sqcand":"100000662676","n":"51011","nm":"PAULA DO POVO","cc":"PATRIOTA","nv":" ","e":"n","st":"Suplente","dvt":"V\u00e1lido","vap":"9","pvap":"   0,03"},{"seq":"78","sqcand":"100000656434","n":"11411","nm":"SILVIO ATERPA","cc":"PP","nv":" ","e":"n","st":"Suplente","dvt":"V\u00e1lido","vap":"55","pvap":"   0,17"},{"seq":"49","sqcand":"100000656395","n":"12000","nm":"ELLYS DA MARRON","cc":"PDT","nv":" ","e":"n","st":"Suplente","dvt":"V\u00e1lido","vap":"157","pvap":"   0,48"},{"seq":"105","sqcand":"100001066404","n":"25888","nm":"JAILSON MIGUEL","cc":"DEM","nv":" ","e":"n","st":"Suplente","dvt":"V\u00e1lido","vap":"7","pvap":"   0,02"},{"seq":"44","sqcand":"100001067384","n":"55000","nm":"PROFESSORA DARLINDA","cc":"PSD","nv":" ","e":"n","st":"Suplente","dvt":"V\u00e1lido","vap":"198","pvap":"   0,60"},{"seq":"80","sqcand":"100001067377","n":"55678","nm":"IRM\u00c3 SANGELA","cc":"PSD","nv":" ","e":"n","st":"Suplente","dvt":"V\u00e1lido","vap":"50","pvap":"   0,15"},{"seq":"21","sqcand":"100000656390","n":"12123","nm":"NENCA DA VILA DO INCRA","cc":"PDT","nv":" ","e":"n","st":"Suplente","dvt":"V\u00e1lido","vap":"572","pvap":"   1,75"},{"seq":"52","sqcand":"100000656538","n":"40888","nm":"GENIVALDO LOPES","cc":"PSB","nv":" ","e":"n","st":"Suplente","dvt":"V\u00e1lido","vap":"138","pvap":"   0,42"},{"seq":"61","sqcand":"100001067391","n":"55525","nm":"DASSAYEV NAS\u00c1RIO","cc":"PSD","nv":" ","e":"n","st":"Suplente","dvt":"V\u00e1lido","vap":"94","pvap":"   0,29"},{"seq":"89","sqcand":"100000669214","n":"65456","nm":"SEM PAREA","cc":"PC do B","nv":" ","e":"n","st":"Suplente","dvt":"V\u00e1lido","vap":"21","pvap":"   0,06"},{"seq":"141","sqcand":"100001129744","n":"15333","nm":"ZE NEGAO","cc":"MDB","nv":" ","e":"n","st":"N\u00e3o eleito","dvt":"V\u00e1lido","vap":"15","pvap":"   0,05"},{"seq":"62","sqcand":"100001067383","n":"55999","nm":"RITA DO FERRO VELHO","cc":"PSD","nv":" ","e":"n","st":"Suplente","dvt":"V\u00e1lido","vap":"92","pvap":"   0,28"},{"seq":"40","sqcand":"100000669203","n":"65400","nm":"JOTA DO SPA","cc":"PC do B","nv":" ","e":"n","st":"Suplente","dvt":"V\u00e1lido","vap":"256","pvap":"   0,78"},{"seq":"72","sqcand":"100001067393","n":"55777","nm":"BITONHO DO POVO","cc":"PSD","nv":" ","e":"n","st":"Suplente","dvt":"V\u00e1lido","vap":"63","pvap":"   0,19"},{"seq":"15","sqcand":"100001067376","n":"55789","nm":"Z\u00c9 ROBERTO","cc":"PSD","nv":" ","e":"s","st":"Eleito","dvt":"V\u00e1lido","vap":"502","pvap":"   1,53"},{"seq":"106","sqcand":"100001066393","n":"25075","nm":"ELI DO POVO","cc":"DEM","nv":" ","e":"n","st":"Suplente","dvt":"V\u00e1lido","vap":"7","pvap":"   0,02"},{"seq":"12","sqcand":"100001067385","n":"55666","nm":"MIGUEL GALV\u00c3O","cc":"PSD","nv":" ","e":"s","st":"Eleito","dvt":"V\u00e1lido","vap":"680","pvap":"   2,08"},{"seq":"47","sqcand":"100000669220","n":"65028","nm":"S\u00d4 DO POVO","cc":"PC do B","nv":" ","e":"n","st":"Suplente","dvt":"V\u00e1lido","vap":"193","pvap":"   0,59"},{"seq":"153","sqcand":"100001129752","n":"15000","nm":"JOHN JOHN","cc":"MDB","nv":" ","e":"n","st":"N\u00e3o eleito","dvt":"V\u00e1lido","vap":"2","pvap":"   0,01"},{"seq":"112","sqcand":"100001263728","n":"40140","nm":"AGUINALDO SA","cc":"PSB","nv":" ","e":"n","st":"Suplente","dvt":"V\u00e1lido","vap":"3","pvap":"   0,01"},{"seq":"154","sqcand":"100001129751","n":"15888","nm":"TANCREDO DO POSTO","cc":"MDB","nv":" ","e":"n","st":"N\u00e3o eleito","dvt":"V\u00e1lido","vap":"0","pvap":"00.00"},{"seq":"66","sqcand":"100000669216","n":"65321","nm":"S\u00c1VIO LIMA","cc":"PC do B","nv":" ","e":"n","st":"Suplente","dvt":"V\u00e1lido","vap":"83","pvap":"   0,25"},{"seq":"30","sqcand":"100001066397","n":"25123","nm":"MANELZINHO DO SANTO ONOFRE","cc":"DEM","nv":" ","e":"n","st":"Suplente","dvt":"V\u00e1lido","vap":"364","pvap":"   1,11"},{"seq":"18","sqcand":"100000669218","n":"65789","nm":"ANTONIO JO\u00c3O","cc":"PC do B","nv":" ","e":"n","st":"Suplente","dvt":"V\u00e1lido","vap":"656","pvap":"   2,00"},{"seq":"64","sqcand":"100001067382","n":"55123","nm":"MARCOS AUR\u00c9LIO NA TV","cc":"PSD","nv":" ","e":"n","st":"Suplente","dvt":"V\u00e1lido","vap":"86","pvap":"   0,26"},{"seq":"76","sqcand":"100000656391","n":"12334","nm":"PATRICIA DO ESPETINHO","cc":"PDT","nv":" ","e":"n","st":"Suplente","dvt":"V\u00e1lido","vap":"58","pvap":"   0,18"},{"seq":"142","sqcand":"100001065408","n":"13888","nm":"ROSE FERREIRA","cc":"PT","nv":" ","e":"n","st":"N\u00e3o eleito","dvt":"V\u00e1lido","vap":"10","pvap":"   0,03"},{"seq":"119","sqcand":"100000656426","n":"11555","nm":"LILIANE","cc":"PP","nv":" ","e":"n","st":"Suplente","dvt":"V\u00e1lido","vap":"2","pvap":"   0,01"},{"seq":"26","sqcand":"100001066394","n":"25111","nm":"BARBOZ\u00c3O","cc":"DEM","nv":" ","e":"n","st":"Suplente","dvt":"V\u00e1lido","vap":"400","pvap":"   1,22"},{"seq":"71","sqcand":"100000656531","n":"40333","nm":"FERNANDA DO MUTIRAO","cc":"PSB","nv":" ","e":"n","st":"Suplente","dvt":"V\u00e1lido","vap":"66","pvap":"   0,20"},{"seq":"7","sqcand":"100000656439","n":"11111","nm":"BENIL","cc":"PP","nv":" ","e":"s","st":"Eleito","dvt":"V\u00e1lido","vap":"999","pvap":"   3,05"},{"seq":"54","sqcand":"100000656392","n":"12789","nm":"TYEL MOURA","cc":"PDT","nv":" ","e":"n","st":"Suplente","dvt":"V\u00e1lido","vap":"125","pvap":"   0,38"},{"seq":"5","sqcand":"100001066395","n":"25000","nm":"MANOEL DA \u00c1GUA BOA","cc":"DEM","nv":" ","e":"s","st":"Eleito","dvt":"V\u00e1lido","vap":"1011","pvap":"   3,09"},{"seq":"16","sqcand":"100000662667","n":"51123","nm":"JEFERSON ROMEU","cc":"PATRIOTA","nv":" ","e":"n","st":"Suplente","dvt":"V\u00e1lido","vap":"941","pvap":"   2,87"},{"seq":"23","sqcand":"100001067388","n":"55200","nm":"ORLANDO DO FERRO VELHO","cc":"PSD","nv":" ","e":"n","st":"Suplente","dvt":"V\u00e1lido","vap":"498","pvap":"   1,52"},{"seq":"29","sqcand":"100000656406","n":"12777","nm":"IRMA LINDA","cc":"PDT","nv":" ","e":"n","st":"Suplente","dvt":"V\u00e1lido","vap":"377","pvap":"   1,15"},{"seq":"126","sqcand":"100001065406","n":"13000","nm":"FELIPE BORGES","cc":"PT","nv":" ","e":"n","st":"N\u00e3o eleito","dvt":"V\u00e1lido","vap":"152","pvap":"   0,46"},{"seq":"11","sqcand":"100000669217","n":"65678","nm":"VANESSA MENESES","cc":"PC do B","nv":" ","e":"s","st":"Eleito","dvt":"V\u00e1lido","vap":"737","pvap":"   2,25"},{"seq":"128","sqcand":"100001065410","n":"13333","nm":"ANTONIO LIRA","cc":"PT","nv":" ","e":"n","st":"N\u00e3o eleito","dvt":"V\u00e1lido","vap":"103","pvap":"   0,31"},{"seq":"99","sqcand":"100000662670","n":"51555","nm":"JHONY CABELEIREIRO","cc":"PATRIOTA","nv":" ","e":"n","st":"Suplente","dvt":"V\u00e1lido","vap":"9","pvap":"   0,03"},{"seq":"19","sqcand":"100001066399","n":"25100","nm":"Z\u00c9 FILHO","cc":"DEM","nv":" ","e":"n","st":"Suplente","dvt":"V\u00e1lido","vap":"635","pvap":"   1,94"},{"seq":"69","sqcand":"100001066400","n":"25777","nm":"PROFESSOR MACEDO","cc":"DEM","nv":" ","e":"n","st":"Suplente","dvt":"V\u00e1lido","vap":"75","pvap":"   0,23"},{"seq":"46","sqcand":"100000656535","n":"40444","nm":"SULENE REIS","cc":"PSB","nv":" ","e":"n","st":"Suplente","dvt":"V\u00e1lido","vap":"194","pvap":"   0,59"},{"seq":"98","sqcand":"100000662668","n":"51777","nm":"GUILHERMANO DA LIMPEZA","cc":"PATRIOTA","nv":" ","e":"n","st":"Suplente","dvt":"V\u00e1lido","vap":"9","pvap":"   0,03"},{"seq":"129","sqcand":"100001129749","n":"15555","nm":"VACA CEGA","cc":"MDB","nv":" ","e":"n","st":"N\u00e3o eleito","dvt":"V\u00e1lido","vap":"87","pvap":"   0,27"},{"seq":"33","sqcand":"100000669209","n":"65123","nm":"DEVISON ERICEIRA","cc":"PC do B","nv":" ","e":"n","st":"Suplente","dvt":"V\u00e1lido","vap":"310","pvap":"   0,95"},{"seq":"111","sqcand":"100001067387","n":"55600","nm":"BRUNA FREITAS","cc":"PSD","nv":" ","e":"n","st":"Suplente","dvt":"V\u00e1lido","vap":"4","pvap":"   0,01"},{"seq":"28","sqcand":"100001066402","n":"25789","nm":"MARCOS DO ESPORTE","cc":"DEM","nv":" ","e":"n","st":"Suplente","dvt":"V\u00e1lido","vap":"392","pvap":"   1,20"},{"seq":"121","sqcand":"100001263727","n":"40190","nm":"ALEXANDRINO","cc":"PSB","nv":" ","e":"n","st":"Suplente","dvt":"V\u00e1lido","vap":"1","pvap":"   0,00"},{"seq":"155","sqcand":"100001122933","n":"45345","nm":"EZEQUIAS FROTA","cc":"PSDB","nv":" ","e":"n","st":"N\u00e3o eleito","dvt":"V\u00e1lido","vap":"0","pvap":"00.00"},{"seq":"83","sqcand":"100001066396","n":"25999","nm":"D\u00c9BORA DO BREJO","cc":"DEM","nv":" ","e":"n","st":"Suplente","dvt":"V\u00e1lido","vap":"35","pvap":"   0,11"},{"seq":"25","sqcand":"100000662675","n":"51051","nm":"CARL\u00c3O DO MULTIR\u00c3O","cc":"PATRIOTA","nv":" ","e":"n","st":"Suplente","dvt":"V\u00e1lido","vap":"481","pvap":"   1,47"},{"seq":"139","sqcand":"100001122931","n":"45000","nm":"PROFESSOR EUDIVAN","cc":"PSDB","nv":" ","e":"n","st":"N\u00e3o eleito","dvt":"V\u00e1lido","vap":"32","pvap":"   0,10"},{"seq":"73","sqcand":"100000656438","n":"11777","nm":"RIVELINO KEVEN","cc":"PP","nv":" ","e":"n","st":"Suplente","dvt":"V\u00e1lido","vap":"61","pvap":"   0,19"},{"seq":"55","sqcand":"100000662672","n":"51333","nm":"NUBIA DO FERRO VELHO","cc":"PATRIOTA","nv":" ","e":"n","st":"Suplente","dvt":"V\u00e1lido","vap":"124","pvap":"   0,38"},{"seq":"58","sqcand":"100001067392","n":"55888","nm":"RIBA","cc":"PSD","nv":" ","e":"n","st":"Suplente","dvt":"V\u00e1lido","vap":"104","pvap":"   0,32"},{"seq":"51","sqcand":"100000656437","n":"11888","nm":"PEDRO ALVES","cc":"PP","nv":" ","e":"n","st":"Suplente","dvt":"V\u00e1lido","vap":"143","pvap":"   0,44"},{"seq":"43","sqcand":"100000656402","n":"12012","nm":"ZANJA XIBATEIRA","cc":"PDT","nv":" ","e":"n","st":"Suplente","dvt":"V\u00e1lido","vap":"206","pvap":"   0,63"},{"seq":"65","sqcand":"100000656530","n":"40111","nm":"LN FORTES","cc":"PSB","nv":" ","e":"n","st":"Suplente","dvt":"V\u00e1lido","vap":"86","pvap":"   0,26"},{"seq":"122","sqcand":"100000656536","n":"40666","nm":"DHONE DO TEJO","cc":"PSB","nv":" ","e":"n","st":"Suplente","dvt":"V\u00e1lido","vap":"1","pvap":"   0,00"},{"seq":"20","sqcand":"100000656424","n":"11333","nm":"ZENON DO CURSO","cc":"PP","nv":" ","e":"n","st":"Suplente","dvt":"V\u00e1lido","vap":"608","pvap":"   1,86"},{"seq":"104","sqcand":"100001066391","n":"25300","nm":"ABROB\u00c3O","cc":"DEM","nv":" ","e":"n","st":"Suplente","dvt":"V\u00e1lido","vap":"7","pvap":"   0,02"},{"seq":"13","sqcand":"100000656433","n":"11211","nm":"JENIS","cc":"PP","nv":" ","e":"s","st":"Eleito","dvt":"V\u00e1lido","vap":"664","pvap":"   2,03"},{"seq":"74","sqcand":"100000656537","n":"40123","nm":"EDSON DA SAUDE","cc":"PSB","nv":" ","e":"n","st":"Suplente","dvt":"V\u00e1lido","vap":"60","pvap":"   0,18"},{"seq":"45","sqcand":"100001067379","n":"55333","nm":"RAFAEL DO EUZ\u00c9BIO","cc":"PSD","nv":" ","e":"n","st":"Suplente","dvt":"V\u00e1lido","vap":"196","pvap":"   0,60"},{"seq":"75","sqcand":"100000656541","n":"40999","nm":"IRM\u00c3O GILMAR","cc":"PSB","nv":" ","e":"n","st":"Suplente","dvt":"V\u00e1lido","vap":"59","pvap":"   0,18"},{"seq":"4","sqcand":"100000656399","n":"12888","nm":"KIM DO CAR\u00da","cc":"PDT","nv":" ","e":"s","st":"Eleito","dvt":"V\u00e1lido","vap":"1014","pvap":"   3,10"},{"seq":"134","sqcand":"100001125318","n":"50123","nm":"GEOVANE LIMA","cc":"PSOL","nv":" ","e":"n","st":"N\u00e3o eleito","dvt":"V\u00e1lido","vap":"58","pvap":"   0,18"},{"seq":"41","sqcand":"100000669211","n":"65065","nm":"DOMINGOS CABELEIREIRO","cc":"PC do B","nv":" ","e":"n","st":"Suplente","dvt":"V\u00e1lido","vap":"221","pvap":"   0,68"},{"seq":"57","sqcand":"100000656396","n":"12550","nm":"MAIK DA LAGES","cc":"PDT","nv":" ","e":"n","st":"Suplente","dvt":"V\u00e1lido","vap":"107","pvap":"   0,33"},{"seq":"125","sqcand":"100001065409","n":"13456","nm":"GILSON ROCHA","cc":"PT","nv":" ","e":"n","st":"N\u00e3o eleito","dvt":"V\u00e1lido","vap":"226","pvap":"   0,69"},{"seq":"17","sqcand":"100000656528","n":"40555","nm":"KAKA FERREIRA","cc":"PSB","nv":" ","e":"n","st":"Suplente","dvt":"V\u00e1lido","vap":"783","pvap":"   2,39"},{"seq":"97","sqcand":"100000656532","n":"40777","nm":"IRM\u00c3O JEOVA","cc":"PSB","nv":" ","e":"n","st":"Suplente","dvt":"V\u00e1lido","vap":"9","pvap":"   0,03"},{"seq":"32","sqcand":"100000669221","n":"65111","nm":"EVANILDO MARINHO","cc":"PC do B","nv":" ","e":"n","st":"Suplente","dvt":"V\u00e1lido","vap":"334","pvap":"   1,02"},{"seq":"68","sqcand":"100000656436","n":"11222","nm":"PE NO CHAO","cc":"PP","nv":" ","e":"n","st":"Suplente","dvt":"V\u00e1lido","vap":"76","pvap":"   0,23"},{"seq":"48","sqcand":"100001067380","n":"55555","nm":"KIKIKA","cc":"PSD","nv":" ","e":"n","st":"Suplente","dvt":"V\u00e1lido","vap":"163","pvap":"   0,50"},{"seq":"39","sqcand":"100000656394","n":"12112","nm":"ADAO DO AEREO BAR","cc":"PDT","nv":" ","e":"n","st":"Suplente","dvt":"V\u00e1lido","vap":"259","pvap":"   0,79"},{"seq":"42","sqcand":"100000656389","n":"12444","nm":"HELIO GLAMOUR","cc":"PDT","nv":" ","e":"n","st":"Suplente","dvt":"V\u00e1lido","vap":"214","pvap":"   0,65"},{"seq":"118","sqcand":"100000669206","n":"65222","nm":"MARIA DO MAGUARY","cc":"PC do B","nv":" ","e":"n","st":"Suplente","dvt":"V\u00e1lido","vap":"2","pvap":"   0,01"},{"seq":"31","sqcand":"100000656430","n":"11000","nm":"ARNOLDO BRAIDE","cc":"PP","nv":" ","e":"n","st":"Suplente","dvt":"V\u00e1lido","vap":"336","pvap":"   1,03"},{"seq":"120","sqcand":"100000656422","n":"11121","nm":"DRICA","cc":"PP","nv":" ","e":"n","st":"Suplente","dvt":"V\u00e1lido","vap":"2","pvap":"   0,01"},{"seq":"137","sqcand":"100001065411","n":"13123","nm":"JOEL DAMACENA","cc":"PT","nv":" ","e":"n","st":"N\u00e3o eleito","dvt":"V\u00e1lido","vap":"44","pvap":"   0,13"},{"seq":"56","sqcand":"100000656527","n":"40400","nm":"CLEUTO DO LOTEAMENTO","cc":"PSB","nv":" ","e":"n","st":"Suplente","dvt":"V\u00e1lido","vap":"108","pvap":"   0,33"},{"seq":"147","sqcand":"100001129745","n":"15777","nm":"PADRE","cc":"MDB","nv":" ","e":"n","st":"N\u00e3o eleito","dvt":"V\u00e1lido","vap":"5","pvap":"   0,02"},{"seq":"123","sqcand":"100000656525","n":"40200","nm":"MOISES DO MUTIR\u00c3O","cc":"PSB","nv":" ","e":"n","st":"Suplente","dvt":"V\u00e1lido","vap":"0","pvap":"00.00"},{"seq":"92","sqcand":"100000656429","n":"11711","nm":"MARTA","cc":"PP","nv":" ","e":"n","st":"Suplente","dvt":"V\u00e1lido","vap":"14","pvap":"   0,04"},{"seq":"148","sqcand":"100001066704","n":"17000","nm":"ANA PAULA","cc":"PSL","nv":" ","e":"n","st":"N\u00e3o eleito","dvt":"V\u00e1lido","vap":"5","pvap":"   0,02"},{"seq":"9","sqcand":"100000656428","n":"11011","nm":"ZEQUINHA PATROL","cc":"PP","nv":" ","e":"s","st":"Eleito","dvt":"V\u00e1lido","vap":"857","pvap":"   2,62"},{"seq":"149","sqcand":"100001065403","n":"13777","nm":"SIDNEY SANTANA","cc":"PT","nv":" ","e":"n","st":"N\u00e3o eleito","dvt":"V\u00e1lido","vap":"4","pvap":"   0,01"},{"seq":"101","sqcand":"100000656540","n":"40011","nm":"MEIRE DA LIMPEZA","cc":"PSB","nv":" ","e":"n","st":"Suplente","dvt":"V\u00e1lido","vap":"8","pvap":"   0,02"},{"seq":"130","sqcand":"100001129748","n":"15678","nm":"GALEGA DO JONAMAR","cc":"MDB","nv":" ","e":"n","st":"N\u00e3o eleito","dvt":"V\u00e1lido","vap":"82","pvap":"   0,25"},{"seq":"151","sqcand":"100001122934","n":"45555","nm":"CATITA MOUR\u00c3O","cc":"PSDB","nv":" ","e":"n","st":"N\u00e3o eleito","dvt":"V\u00e1lido","vap":"2","pvap":"   0,01"},{"seq":"10","sqcand":"100000669205","n":"65555","nm":"MARICOTA","cc":"PC do B","nv":" ","e":"s","st":"Eleito","dvt":"V\u00e1lido","vap":"759","pvap":"   2,32"},{"seq":"87","sqcand":"100001066390","n":"25222","nm":"F\u00c1TIMA DO POVO","cc":"DEM","nv":" ","e":"n","st":"Suplente","dvt":"V\u00e1lido","vap":"22","pvap":"   0,07"},{"seq":"79","sqcand":"100000669212","n":"65999","nm":"XIKIM","cc":"PC do B","nv":" ","e":"n","st":"Suplente","dvt":"V\u00e1lido","vap":"50","pvap":"   0,15"},{"seq":"85","sqcand":"100000662673","n":"51000","nm":"CHIQUIM DO MENG\u00c3O","cc":"PATRIOTA","nv":" ","e":"n","st":"Suplente","dvt":"V\u00e1lido","vap":"24","pvap":"   0,07"},{"seq":"67","sqcand":"100001067374","n":"55111","nm":"TENENTE NASCIMENTO","cc":"PSD","nv":" ","e":"n","st":"Suplente","dvt":"V\u00e1lido","vap":"81","pvap":"   0,25"},{"seq":"109","sqcand":"100000656533","n":"40234","nm":"MARCELA","cc":"PSB","nv":" ","e":"n","st":"Suplente","dvt":"V\u00e1lido","vap":"6","pvap":"   0,02"},{"seq":"81","sqcand":"100001067381","n":"55100","nm":"GIOVANY MOTOS","cc":"PSD","nv":" ","e":"n","st":"Suplente","dvt":"V\u00e1lido","vap":"47","pvap":"   0,14"},{"seq":"86","sqcand":"100000669219","n":"65100","nm":"DETE","cc":"PC do B","nv":" ","e":"n","st":"Suplente","dvt":"V\u00e1lido","vap":"24","pvap":"   0,07"},{"seq":"127","sqcand":"100001065405","n":"13111","nm":"SONIA DA SA\u00daDE","cc":"PT","nv":" ","e":"n","st":"N\u00e3o eleito","dvt":"V\u00e1lido","vap":"110","pvap":"   0,34"},{"seq":"34","sqcand":"100001066403","n":"25333","nm":"JOANA CANELA DE FERRO","cc":"DEM","nv":" ","e":"n","st":"Suplente","dvt":"V\u00e1lido","vap":"305","pvap":"   0,93"},{"seq":"110","sqcand":"100001067390","n":"55255","nm":"CARL\u00c3O DA FLORESTA","cc":"PSD","nv":" ","e":"n","st":"Suplente","dvt":"V\u00e1lido","vap":"4","pvap":"   0,01"},{"seq":"88","sqcand":"100000669202","n":"65109","nm":"ISAIAS JARDIM","cc":"PC do B","nv":" ","e":"n","st":"Suplente","dvt":"V\u00e1lido","vap":"22","pvap":"   0,07"},{"seq":"22","sqcand":"100000656400","n":"12345","nm":"GILCEVAN DUD\u00daKA","cc":"PDT","nv":" ","e":"n","st":"Suplente","dvt":"V\u00e1lido","vap":"522","pvap":"   1,59"},{"seq":"103","sqcand":"100000662666","n":"51115","nm":"PATRICIA VAZ","cc":"PATRIOTA","nv":" ","e":"n","st":"Suplente","dvt":"V\u00e1lido","vap":"7","pvap":"   0,02"},{"seq":"82","sqcand":"100000662669","n":"51444","nm":"ELTON CALANGO","cc":"PATRIOTA","nv":" ","e":"n","st":"Suplente","dvt":"V\u00e1lido","vap":"35","pvap":"   0,11"},{"seq":"150","sqcand":"100000656408","n":"12666","nm":"ROZILENE DA QUADRA DEHON","cc":"PDT","nv":" ","e":"n","st":"N\u00e3o eleito","dvt":"Anulado sub judice","vap":"4","pvap":"   0,01"}]}
