{"ele":"426","tpabr":"mu","cdabr":"09059","carper":"13","t":"1","f":"o","dt":"15/11/2020","ht":"23:12:45","dv":"s","tf":"s","v":"11","esae":"n","mnae":"","s":"43","st":"43","pst":" 100,00","snt":"0","psnt":"   0,00","si":"43","psi":" 100,00","sni":"0","psni":"   0,00","sa":"43","psa":" 100,00","sna":"0","psna":"   0,00","e":"13344","ea":"13344","pea":" 100,00","ena":"0","pena":"   0,00","esi":"13344","pesi":" 100,00","esni":"0","pesni":"   0,00","c":"11999","pc":"  89,92","a":"1345","pa":"  10,08","vscv":"0","vnom":"10977","vl":"553","pvnom":"  95,20","pvl":"   4,80","vvc":"11530","pvvc":"  96,09","vb":"101","pvb":"   0,84","tvn":"368","ptvn":"   3,07","vn":"368","pvn":" 100,00","vnt":"0","pvnt":"   0,00","vp":"0","pvp":"   0,00","vv":"11530","pvv":" 100,00","van":"0","pvan":"   0,00","vansj":"0","pvansj":"   0,00","tv":"11999","cand":[{"seq":"41","sqcand":"100000742115","n":"12000","nm":"VANDA MAGALH\u00c3ES","cc":"PDT","nv":" ","e":"n","st":"Suplente","dvt":"V\u00e1lido","vap":"16","pvap":"   0,14"},{"seq":"50","sqcand":"100000742121","n":"12761","nm":"ELIZETE BOTELHO","cc":"PDT","nv":" ","e":"n","st":"Suplente","dvt":"V\u00e1lido","vap":"6","pvap":"   0,05"},{"seq":"48","sqcand":"100000742124","n":"12988","nm":"ROSETE","cc":"PDT","nv":" ","e":"n","st":"Suplente","dvt":"V\u00e1lido","vap":"7","pvap":"   0,06"},{"seq":"38","sqcand":"100000963102","n":"20789","nm":"MARCEANO ROCHA","cc":"PSC","nv":" ","e":"n","st":"Suplente","dvt":"V\u00e1lido","vap":"35","pvap":"   0,30"},{"seq":"37","sqcand":"100000963100","n":"20333","nm":"PAULO PIMENTEL","cc":"PSC","nv":" ","e":"n","st":"Suplente","dvt":"V\u00e1lido","vap":"65","pvap":"   0,56"},{"seq":"45","sqcand":"100000756345","n":"45222","nm":"CARLA WAL\u00c9RIA","cc":"PSDB","nv":" ","e":"n","st":"Suplente","dvt":"V\u00e1lido","vap":"14","pvap":"   0,12"},{"seq":"67","sqcand":"100000747168","n":"22321","nm":"EDAIANNE","cc":"PL","nv":" ","e":"n","st":"N\u00e3o eleito","dvt":"V\u00e1lido","vap":"7","pvap":"   0,06"},{"seq":"25","sqcand":"100000963106","n":"20777","nm":"PROF ANTONIO JOSE VIANA","cc":"PSC","nv":" ","e":"n","st":"Suplente","dvt":"V\u00e1lido","vap":"211","pvap":"   1,83"},{"seq":"49","sqcand":"100000756362","n":"65656","nm":"BENEDITA","cc":"PC do B","nv":" ","e":"n","st":"Suplente","dvt":"V\u00e1lido","vap":"7","pvap":"   0,06"},{"seq":"63","sqcand":"100000747176","n":"22580","nm":"PATRICIA","cc":"PL","nv":" ","e":"n","st":"N\u00e3o eleito","dvt":"V\u00e1lido","vap":"32","pvap":"   0,28"},{"seq":"11","sqcand":"100000963105","n":"20800","nm":"FELIPE MESQUITA","cc":"PSC","nv":" ","e":"s","st":"Eleito","dvt":"V\u00e1lido","vap":"222","pvap":"   1,93"},{"seq":"27","sqcand":"100000756358","n":"65111","nm":"SOCORRO SOARES","cc":"PC do B","nv":" ","e":"n","st":"Suplente","dvt":"V\u00e1lido","vap":"202","pvap":"   1,75"},{"seq":"42","sqcand":"100000742120","n":"12999","nm":"TEACHER SOUSA","cc":"PDT","nv":" ","e":"n","st":"Suplente","dvt":"V\u00e1lido","vap":"16","pvap":"   0,14"},{"seq":"34","sqcand":"100000756364","n":"65165","nm":"NONATO DUTRA","cc":"PC do B","nv":" ","e":"n","st":"Suplente","dvt":"V\u00e1lido","vap":"116","pvap":"   1,01"},{"seq":"59","sqcand":"100000747177","n":"22900","nm":"HUGO FRAZAO","cc":"PL","nv":" ","e":"n","st":"N\u00e3o eleito","dvt":"V\u00e1lido","vap":"50","pvap":"   0,43"},{"seq":"18","sqcand":"100000756350","n":"45444","nm":"NEUDO","cc":"PSDB","nv":" ","e":"n","st":"Suplente","dvt":"V\u00e1lido","vap":"264","pvap":"   2,29"},{"seq":"8","sqcand":"100000756365","n":"65000","nm":"NEY VERAS","cc":"PC do B","nv":" ","e":"s","st":"Eleito","dvt":"V\u00e1lido","vap":"317","pvap":"   2,75"},{"seq":"13","sqcand":"100000742117","n":"12333","nm":"MAGNO DE JESUS","cc":"PDT","nv":" ","e":"n","st":"Suplente","dvt":"V\u00e1lido","vap":"337","pvap":"   2,92"},{"seq":"61","sqcand":"100001233586","n":"10222","nm":"ANTONIO LIMA","cc":"REPUBLICANOS","nv":" ","e":"n","st":"N\u00e3o eleito","dvt":"V\u00e1lido","vap":"45","pvap":"   0,39"},{"seq":"22","sqcand":"100000742126","n":"12789","nm":"JURACY FILHO","cc":"PDT","nv":" ","e":"n","st":"Suplente","dvt":"V\u00e1lido","vap":"237","pvap":"   2,06"},{"seq":"70","sqcand":"100000747171","n":"22789","nm":"BENEDITO VIANA","cc":"PL","nv":" ","e":"n","st":"N\u00e3o eleito","dvt":"V\u00e1lido","vap":"3","pvap":"   0,03"},{"seq":"30","sqcand":"100000963097","n":"20111","nm":"OSEIAS","cc":"PSC","nv":" ","e":"n","st":"Suplente","dvt":"V\u00e1lido","vap":"166","pvap":"   1,44"},{"seq":"53","sqcand":"100000747175","n":"22222","nm":"JOEL CARNEIRO","cc":"PL","nv":" ","e":"n","st":"N\u00e3o eleito","dvt":"V\u00e1lido","vap":"245","pvap":"   2,12"},{"seq":"52","sqcand":"100000756353","n":"45555","nm":"CLAUDIA HELENA","cc":"PSDB","nv":" ","e":"n","st":"Suplente","dvt":"V\u00e1lido","vap":"0","pvap":"00.00"},{"seq":"36","sqcand":"100000963095","n":"20222","nm":"GONGON","cc":"PSC","nv":" ","e":"n","st":"Suplente","dvt":"V\u00e1lido","vap":"83","pvap":"   0,72"},{"seq":"65","sqcand":"100001233589","n":"10111","nm":"IRM\u00c3O DUGINALDO","cc":"REPUBLICANOS","nv":" ","e":"n","st":"N\u00e3o eleito","dvt":"V\u00e1lido","vap":"20","pvap":"   0,17"},{"seq":"58","sqcand":"100000747169","n":"22522","nm":"DUNGA","cc":"PL","nv":" ","e":"n","st":"N\u00e3o eleito","dvt":"V\u00e1lido","vap":"51","pvap":"   0,44"},{"seq":"55","sqcand":"100001233587","n":"10123","nm":"NONATINHO ALMEIDA","cc":"REPUBLICANOS","nv":" ","e":"n","st":"N\u00e3o eleito","dvt":"V\u00e1lido","vap":"102","pvap":"   0,88"},{"seq":"47","sqcand":"100000756354","n":"45333","nm":"JOS\u00c9LIA","cc":"PSDB","nv":" ","e":"n","st":"Suplente","dvt":"V\u00e1lido","vap":"9","pvap":"   0,08"},{"seq":"35","sqcand":"100000756360","n":"65888","nm":"ERONALDO VIANA","cc":"PC do B","nv":" ","e":"n","st":"Suplente","dvt":"V\u00e1lido","vap":"110","pvap":"   0,95"},{"seq":"31","sqcand":"100000963099","n":"20135","nm":"DA PAZ","cc":"PSC","nv":" ","e":"n","st":"Suplente","dvt":"V\u00e1lido","vap":"163","pvap":"   1,41"},{"seq":"14","sqcand":"100000756349","n":"45145","nm":"DARIO ERRE","cc":"PSDB","nv":" ","e":"n","st":"Suplente","dvt":"V\u00e1lido","vap":"331","pvap":"   2,87"},{"seq":"68","sqcand":"100000747178","n":"22456","nm":"DANGELA BOTELHO","cc":"PL","nv":" ","e":"n","st":"N\u00e3o eleito","dvt":"V\u00e1lido","vap":"6","pvap":"   0,05"},{"seq":"24","sqcand":"100000742125","n":"12456","nm":"JUNIOR CARNEIRO","cc":"PDT","nv":" ","e":"n","st":"Suplente","dvt":"V\u00e1lido","vap":"212","pvap":"   1,84"},{"seq":"17","sqcand":"100000742122","n":"12666","nm":"LINDOMAR BOTELHO","cc":"PDT","nv":" ","e":"n","st":"Suplente","dvt":"V\u00e1lido","vap":"274","pvap":"   2,38"},{"seq":"19","sqcand":"100000756366","n":"65444","nm":"F\u00c1BIO CALDAS","cc":"PC do B","nv":" ","e":"n","st":"Suplente","dvt":"V\u00e1lido","vap":"261","pvap":"   2,26"},{"seq":"23","sqcand":"100000963103","n":"20888","nm":"FRANCISMAR","cc":"PSC","nv":" ","e":"n","st":"Suplente","dvt":"V\u00e1lido","vap":"217","pvap":"   1,88"},{"seq":"12","sqcand":"100000742119","n":"12777","nm":"SANTOS  BLACK","cc":"PDT","nv":" ","e":"n","st":"Suplente","dvt":"V\u00e1lido","vap":"338","pvap":"   2,93"},{"seq":"64","sqcand":"100000747170","n":"22369","nm":"IRMAO ZAQUEU","cc":"PL","nv":" ","e":"n","st":"N\u00e3o eleito","dvt":"V\u00e1lido","vap":"23","pvap":"   0,20"},{"seq":"28","sqcand":"100000963098","n":"20234","nm":"FABIANO COSTA","cc":"PSC","nv":" ","e":"n","st":"Suplente","dvt":"V\u00e1lido","vap":"190","pvap":"   1,65"},{"seq":"4","sqcand":"100000742123","n":"12123","nm":"NEGOTE DO POSTO","cc":"PDT","nv":" ","e":"s","st":"Eleito","dvt":"V\u00e1lido","vap":"451","pvap":"   3,91"},{"seq":"26","sqcand":"100000742114","n":"12444","nm":"GET\u00daLIO QUINCAS","cc":"PDT","nv":" ","e":"n","st":"Suplente","dvt":"V\u00e1lido","vap":"207","pvap":"   1,80"},{"seq":"9","sqcand":"100000756355","n":"65789","nm":"PROFESSOR AMILTON","cc":"PC do B","nv":" ","e":"s","st":"Eleito","dvt":"V\u00e1lido","vap":"309","pvap":"   2,68"},{"seq":"29","sqcand":"100000963093","n":"20123","nm":"ANITA DO Z\u00c9 FERREIRA","cc":"PSC","nv":" ","e":"n","st":"Suplente","dvt":"V\u00e1lido","vap":"174","pvap":"   1,51"},{"seq":"60","sqcand":"100000747174","n":"22123","nm":"PROFESSOR SILVANILSON","cc":"PL","nv":" ","e":"n","st":"N\u00e3o eleito","dvt":"V\u00e1lido","vap":"49","pvap":"   0,42"},{"seq":"3","sqcand":"100000742127","n":"12555","nm":"FL\u00c1VIA FERNANDES","cc":"PDT","nv":" ","e":"s","st":"Eleito","dvt":"V\u00e1lido","vap":"488","pvap":"   4,23"},{"seq":"20","sqcand":"100000756357","n":"65123","nm":"ANTONIO JOS\u00c9 DO SINDICATO","cc":"PC do B","nv":" ","e":"n","st":"Suplente","dvt":"V\u00e1lido","vap":"255","pvap":"   2,21"},{"seq":"2","sqcand":"100000742128","n":"12345","nm":"IRM\u00c3O WALTER","cc":"PDT","nv":" ","e":"s","st":"Eleito","dvt":"V\u00e1lido","vap":"495","pvap":"   4,29"},{"seq":"57","sqcand":"100001233588","n":"10234","nm":"LUISA RODRIGUES","cc":"REPUBLICANOS","nv":" ","e":"n","st":"N\u00e3o eleito","dvt":"V\u00e1lido","vap":"52","pvap":"   0,45"},{"seq":"69","sqcand":"100000747180","n":"22500","nm":"TATIANA","cc":"PL","nv":" ","e":"n","st":"N\u00e3o eleito","dvt":"V\u00e1lido","vap":"5","pvap":"   0,04"},{"seq":"21","sqcand":"100000756359","n":"65222","nm":"TROV\u00c3O J\u00daNIOR","cc":"PC do B","nv":" ","e":"n","st":"Suplente","dvt":"V\u00e1lido","vap":"245","pvap":"   2,12"},{"seq":"46","sqcand":"100000756356","n":"65767","nm":"ROSSANA ABTIBOL","cc":"PC do B","nv":" ","e":"n","st":"Suplente","dvt":"V\u00e1lido","vap":"10","pvap":"   0,09"},{"seq":"44","sqcand":"100000742118","n":"12869","nm":"N\u00caGA","cc":"PDT","nv":" ","e":"n","st":"Suplente","dvt":"V\u00e1lido","vap":"15","pvap":"   0,13"},{"seq":"32","sqcand":"100000756351","n":"45678","nm":"SANDRA AGUIAR","cc":"PSDB","nv":" ","e":"n","st":"Suplente","dvt":"V\u00e1lido","vap":"146","pvap":"   1,27"},{"seq":"33","sqcand":"100000756348","n":"45123","nm":"JOCEMIR J\u00daNIOR","cc":"PSDB","nv":" ","e":"n","st":"Suplente","dvt":"V\u00e1lido","vap":"129","pvap":"   1,12"},{"seq":"66","sqcand":"100001233590","n":"10100","nm":"CLEBERTON MORAIS","cc":"REPUBLICANOS","nv":" ","e":"n","st":"N\u00e3o eleito","dvt":"V\u00e1lido","vap":"16","pvap":"   0,14"},{"seq":"51","sqcand":"100000756346","n":"45666","nm":"EUSIMAR XAVIER","cc":"PSDB","nv":" ","e":"n","st":"Suplente","dvt":"V\u00e1lido","vap":"1","pvap":"   0,01"},{"seq":"16","sqcand":"100000756347","n":"45789","nm":"NEY BRAGA","cc":"PSDB","nv":" ","e":"n","st":"Suplente","dvt":"V\u00e1lido","vap":"279","pvap":"   2,42"},{"seq":"10","sqcand":"100000963101","n":"20000","nm":"PROF Z\u00c9 LU\u00cdS","cc":"PSC","nv":" ","e":"s","st":"Eleito","dvt":"V\u00e1lido","vap":"289","pvap":"   2,51"},{"seq":"39","sqcand":"100000963104","n":"20999","nm":"ELITON TORRES","cc":"PSC","nv":" ","e":"n","st":"Suplente","dvt":"V\u00e1lido","vap":"34","pvap":"   0,29"},{"seq":"43","sqcand":"100000963094","n":"20555","nm":"CESAR MOTO TAXI","cc":"PSC","nv":" ","e":"n","st":"Suplente","dvt":"V\u00e1lido","vap":"15","pvap":"   0,13"},{"seq":"62","sqcand":"100000747179","n":"22000","nm":"RAY PEDROSA","cc":"PL","nv":" ","e":"n","st":"N\u00e3o eleito","dvt":"V\u00e1lido","vap":"43","pvap":"   0,37"},{"seq":"71","sqcand":"100001233585","n":"10000","nm":"DOMINGAS DA LOJA","cc":"REPUBLICANOS","nv":" ","e":"n","st":"N\u00e3o eleito","dvt":"V\u00e1lido","vap":"2","pvap":"   0,02"},{"seq":"54","sqcand":"100000747173","n":"22346","nm":"FELIX","cc":"PL","nv":" ","e":"n","st":"N\u00e3o eleito","dvt":"V\u00e1lido","vap":"104","pvap":"   0,90"},{"seq":"6","sqcand":"100000963107","n":"20122","nm":"SANDRA DA COL\u00d4NIA","cc":"PSC","nv":" ","e":"s","st":"Eleito","dvt":"V\u00e1lido","vap":"340","pvap":"   2,95"},{"seq":"7","sqcand":"100000756352","n":"45111","nm":"JOEL ELETRICISTA","cc":"PSDB","nv":" ","e":"s","st":"Eleito","dvt":"V\u00e1lido","vap":"340","pvap":"   2,95"},{"seq":"40","sqcand":"100000963096","n":"20500","nm":"MARAN MONTELES","cc":"PSC","nv":" ","e":"n","st":"Suplente","dvt":"V\u00e1lido","vap":"17","pvap":"   0,15"},{"seq":"15","sqcand":"100000756361","n":"65333","nm":"PROFESSORA GRACY","cc":"PC do B","nv":" ","e":"n","st":"Suplente","dvt":"V\u00e1lido","vap":"290","pvap":"   2,52"},{"seq":"56","sqcand":"100000747172","n":"22567","nm":"PROFESSOR JOHN LENNON","cc":"PL","nv":" ","e":"n","st":"N\u00e3o eleito","dvt":"V\u00e1lido","vap":"67","pvap":"   0,58"},{"seq":"1","sqcand":"100000756363","n":"65555","nm":"MIRIM","cc":"PC do B","nv":" ","e":"s","st":"Eleito","dvt":"V\u00e1lido","vap":"660","pvap":"   5,72"},{"seq":"5","sqcand":"100000742116","n":"12222","nm":"IRM\u00c3O DANIEL","cc":"PDT","nv":" ","e":"s","st":"Eleito","dvt":"V\u00e1lido","vap":"440","pvap":"   3,82"}]}
