{"ele":"426","tpabr":"mu","cdabr":"09130","carper":"13","t":"1","f":"o","dt":"15/11/2020","ht":"21:48:33","dv":"s","tf":"s","v":"9","esae":"n","mnae":"","s":"12","st":"12","pst":" 100,00","snt":"0","psnt":"   0,00","si":"12","psi":" 100,00","sni":"0","psni":"   0,00","sa":"12","psa":" 100,00","sna":"0","psna":"   0,00","e":"4191","ea":"4191","pea":" 100,00","ena":"0","pena":"   0,00","esi":"4191","pesi":" 100,00","esni":"0","pesni":"   0,00","c":"3579","pc":"  85,40","a":"612","pa":"  14,60","vscv":"0","vnom":"3083","vl":"170","pvnom":"  94,77","pvl":"   5,23","vvc":"3361","pvvc":"  93,91","vb":"18","pvb":"   0,50","tvn":"200","ptvn":"   5,59","vn":"200","pvn":" 100,00","vnt":"0","pvnt":"   0,00","vp":"0","pvp":"   0,00","vv":"3253","pvv":"  96,79","van":"0","pvan":"   0,00","vansj":"108","pvansj":"   3,21","tv":"3579","cand":[{"seq":"22","sqcand":"100000980365","n":"65888","nm":"GLAUCYANE","cc":"PC do B","nv":" ","e":"n","st":"Suplente","dvt":"V\u00e1lido","vap":"15","pvap":"   0,45"},{"seq":"4","sqcand":"100000980374","n":"65555","nm":"MARCIO TRANSPORTES","cc":"PC do B","nv":" ","e":"s","st":"Eleito","dvt":"V\u00e1lido","vap":"231","pvap":"   6,87"},{"seq":"12","sqcand":"100000983774","n":"25555","nm":"TUCA GUILHERME","cc":"DEM","nv":" ","e":"n","st":"Suplente","dvt":"V\u00e1lido","vap":"150","pvap":"   4,46"},{"seq":"20","sqcand":"100000980371","n":"65222","nm":"REGINA","cc":"PC do B","nv":" ","e":"n","st":"Suplente","dvt":"V\u00e1lido","vap":"46","pvap":"   1,37"},{"seq":"3","sqcand":"100000983772","n":"25666","nm":"NELIO SANTOS","cc":"DEM","nv":" ","e":"s","st":"Eleito","dvt":"V\u00e1lido","vap":"232","pvap":"   6,90"},{"seq":"9","sqcand":"100000980363","n":"65444","nm":"FELIX BISPO","cc":"PC do B","nv":" ","e":"s","st":"Eleito","dvt":"V\u00e1lido","vap":"171","pvap":"   5,09"},{"seq":"11","sqcand":"100000980372","n":"65777","nm":"NELI","cc":"PC do B","nv":" ","e":"n","st":"Suplente","dvt":"V\u00e1lido","vap":"151","pvap":"   4,49"},{"seq":"23","sqcand":"100000983773","n":"25456","nm":"AD\u00c3O DO BENEDITO","cc":"DEM","nv":" ","e":"n","st":"Suplente","dvt":"V\u00e1lido","vap":"14","pvap":"   0,42"},{"seq":"19","sqcand":"100000983776","n":"25123","nm":"NARCISIO JUNIOR","cc":"DEM","nv":" ","e":"n","st":"Suplente","dvt":"V\u00e1lido","vap":"57","pvap":"   1,70"},{"seq":"7","sqcand":"100000983771","n":"25111","nm":"ZELITO","cc":"DEM","nv":" ","e":"s","st":"Eleito","dvt":"V\u00e1lido","vap":"195","pvap":"   5,80"},{"seq":"17","sqcand":"100000980364","n":"65400","nm":"JORNATO","cc":"PC do B","nv":" ","e":"n","st":"Suplente","dvt":"V\u00e1lido","vap":"77","pvap":"   2,29"},{"seq":"26","sqcand":"100000980366","n":"65666","nm":"GEIRIAM DO CEZAR","cc":"PC do B","nv":" ","e":"n","st":"Suplente","dvt":"V\u00e1lido","vap":"7","pvap":"   0,21"},{"seq":"15","sqcand":"100000980369","n":"65123","nm":"GINA LINO","cc":"PC do B","nv":" ","e":"n","st":"Suplente","dvt":"V\u00e1lido","vap":"85","pvap":"   2,53"},{"seq":"24","sqcand":"100000977479","n":"13423","nm":"DAMIANA","cc":"PT","nv":" ","e":"n","st":"Suplente","dvt":"V\u00e1lido","vap":"14","pvap":"   0,42"},{"seq":"8","sqcand":"100000977480","n":"13333","nm":"GASPAR CANELA","cc":"PT","nv":" ","e":"s","st":"Eleito","dvt":"V\u00e1lido","vap":"174","pvap":"   5,18"},{"seq":"2","sqcand":"100000980373","n":"65000","nm":"ALESSANDRO SANDES","cc":"PC do B","nv":" ","e":"s","st":"Eleito","dvt":"V\u00e1lido","vap":"235","pvap":"   6,99"},{"seq":"27","sqcand":"100000977478","n":"13232","nm":"JOSEFINHA","cc":"PT","nv":" ","e":"n","st":"Suplente","dvt":"V\u00e1lido","vap":"3","pvap":"   0,09"},{"seq":"21","sqcand":"100000977476","n":"13456","nm":"NONATO DO ROGERIO","cc":"PT","nv":" ","e":"n","st":"Suplente","dvt":"V\u00e1lido","vap":"32","pvap":"   0,95"},{"seq":"10","sqcand":"100000983779","n":"25678","nm":"PROFESSORA MARCIANA","cc":"DEM","nv":" ","e":"n","st":"Suplente","dvt":"V\u00e1lido","vap":"176","pvap":"   5,24"},{"seq":"6","sqcand":"100000980367","n":"65333","nm":"AYRTON CIRQUEIRA","cc":"PC do B","nv":" ","e":"s","st":"Eleito","dvt":"V\u00e1lido","vap":"201","pvap":"   5,98"},{"seq":"13","sqcand":"100000980370","n":"65111","nm":"JACKSON","cc":"PC do B","nv":" ","e":"n","st":"Suplente","dvt":"V\u00e1lido","vap":"125","pvap":"   3,72"},{"seq":"14","sqcand":"100000977474","n":"13478","nm":"LAMARK DO PT","cc":"PT","nv":" ","e":"n","st":"Suplente","dvt":"V\u00e1lido","vap":"88","pvap":"   2,62"},{"seq":"28","sqcand":"100000977477","n":"13123","nm":"PROFESSOR ADVALDO","cc":"PT","nv":" ","e":"n","st":"N\u00e3o eleito","dvt":"Anulado sub judice","vap":"108","pvap":"   3,21"},{"seq":"1","sqcand":"100000983778","n":"25610","nm":"DETE","cc":"DEM","nv":" ","e":"s","st":"Eleito","dvt":"V\u00e1lido","vap":"240","pvap":"   7,14"},{"seq":"5","sqcand":"100000983780","n":"25789","nm":"PABLO PIAUI","cc":"DEM","nv":" ","e":"s","st":"Eleito","dvt":"V\u00e1lido","vap":"206","pvap":"   6,13"},{"seq":"16","sqcand":"100000980368","n":"65999","nm":"JO\u00c3O MARIA","cc":"PC do B","nv":" ","e":"n","st":"Suplente","dvt":"V\u00e1lido","vap":"82","pvap":"   2,44"},{"seq":"18","sqcand":"100000983777","n":"25777","nm":"IRM\u00c3 ROSALINA","cc":"DEM","nv":" ","e":"n","st":"Suplente","dvt":"V\u00e1lido","vap":"68","pvap":"   2,02"},{"seq":"25","sqcand":"100000983775","n":"25222","nm":"MAURICIO BOTELHO","cc":"DEM","nv":" ","e":"n","st":"Suplente","dvt":"V\u00e1lido","vap":"8","pvap":"   0,24"}]}
