{"ele":"426","tpabr":"mu","cdabr":"09318","carper":"13","t":"1","f":"o","dt":"15/11/2020","ht":"21:56:16","dv":"s","tf":"s","v":"9","esae":"n","mnae":"","s":"26","st":"26","pst":" 100,00","snt":"0","psnt":"   0,00","si":"26","psi":" 100,00","sni":"0","psni":"   0,00","sa":"26","psa":" 100,00","sna":"0","psna":"   0,00","e":"8682","ea":"8682","pea":" 100,00","ena":"0","pena":"   0,00","esi":"8682","pesi":" 100,00","esni":"0","pesni":"   0,00","c":"7234","pc":"  83,32","a":"1448","pa":"  16,68","vscv":"0","vnom":"6614","vl":"363","pvnom":"  94,80","pvl":"   5,20","vvc":"6977","pvvc":"  96,45","vb":"56","pvb":"   0,77","tvn":"201","ptvn":"   2,78","vn":"201","pvn":" 100,00","vnt":"0","pvnt":"   0,00","vp":"0","pvp":"   0,00","vv":"6977","pvv":" 100,00","van":"0","pvan":"   0,00","vansj":"0","pvansj":"   0,00","tv":"7234","cand":[{"seq":"38","sqcand":"100000653506","n":"33123","nm":"ALEANDRO RIBEIRO","cc":"PMN","nv":" ","e":"n","st":"N\u00e3o eleito","dvt":"V\u00e1lido","vap":"51","pvap":"   0,73"},{"seq":"7","sqcand":"100000869561","n":"10555","nm":"JOAOZINHO DA AMBULANCIA","cc":"REPUBLICANOS","nv":" ","e":"s","st":"Eleito","dvt":"V\u00e1lido","vap":"293","pvap":"   4,20"},{"seq":"39","sqcand":"100001087521","n":"11123","nm":"EDILSON DA OFICINA","cc":"PP","nv":" ","e":"n","st":"N\u00e3o eleito","dvt":"V\u00e1lido","vap":"33","pvap":"   0,47"},{"seq":"4","sqcand":"100000869568","n":"10234","nm":"TARCISIO","cc":"REPUBLICANOS","nv":" ","e":"s","st":"Eleito","dvt":"V\u00e1lido","vap":"374","pvap":"   5,36"},{"seq":"43","sqcand":"100001087517","n":"11111","nm":"ORTENCIO DE PAULA","cc":"PP","nv":" ","e":"n","st":"N\u00e3o eleito","dvt":"V\u00e1lido","vap":"14","pvap":"   0,20"},{"seq":"17","sqcand":"100000869560","n":"10222","nm":"VANDECA","cc":"REPUBLICANOS","nv":" ","e":"n","st":"Suplente","dvt":"V\u00e1lido","vap":"165","pvap":"   2,36"},{"seq":"13","sqcand":"100001087081","n":"23333","nm":"PROFESSOR RANILSON","cc":"CIDADANIA","nv":" ","e":"n","st":"Suplente","dvt":"V\u00e1lido","vap":"219","pvap":"   3,14"},{"seq":"34","sqcand":"100001087520","n":"11333","nm":"Z\u00c9 LUIS DA SERRARIA","cc":"PP","nv":" ","e":"n","st":"N\u00e3o eleito","dvt":"V\u00e1lido","vap":"119","pvap":"   1,71"},{"seq":"15","sqcand":"100000869558","n":"10999","nm":"GLEIDIANE DO VALDIMIR","cc":"REPUBLICANOS","nv":" ","e":"n","st":"Suplente","dvt":"V\u00e1lido","vap":"205","pvap":"   2,94"},{"seq":"40","sqcand":"100001087519","n":"11555","nm":"JUCILENE DO CHIQUINHO","cc":"PP","nv":" ","e":"n","st":"N\u00e3o eleito","dvt":"V\u00e1lido","vap":"22","pvap":"   0,32"},{"seq":"22","sqcand":"100001083973","n":"90222","nm":"CIRIGUELA","cc":"PROS","nv":" ","e":"n","st":"Suplente","dvt":"V\u00e1lido","vap":"77","pvap":"   1,10"},{"seq":"29","sqcand":"100000869565","n":"10103","nm":"MARINILDA","cc":"REPUBLICANOS","nv":" ","e":"n","st":"Suplente","dvt":"V\u00e1lido","vap":"27","pvap":"   0,39"},{"seq":"2","sqcand":"100001102123","n":"12222","nm":"ANTONIO MIGUEL","cc":"PDT","nv":" ","e":"s","st":"Eleito","dvt":"V\u00e1lido","vap":"495","pvap":"   7,09"},{"seq":"28","sqcand":"100001083975","n":"90999","nm":"AM\u00c9LIA DO CUNCA","cc":"PROS","nv":" ","e":"n","st":"Suplente","dvt":"V\u00e1lido","vap":"28","pvap":"   0,40"},{"seq":"21","sqcand":"100001087079","n":"23111","nm":"Z\u00c9 HUMBERTO","cc":"CIDADANIA","nv":" ","e":"n","st":"Suplente","dvt":"V\u00e1lido","vap":"95","pvap":"   1,36"},{"seq":"24","sqcand":"100001087083","n":"23222","nm":"VANUSA SANTOS","cc":"CIDADANIA","nv":" ","e":"n","st":"Suplente","dvt":"V\u00e1lido","vap":"48","pvap":"   0,69"},{"seq":"36","sqcand":"100000653508","n":"33777","nm":"GOIANO ESTOURADO","cc":"PMN","nv":" ","e":"n","st":"N\u00e3o eleito","dvt":"V\u00e1lido","vap":"93","pvap":"   1,33"},{"seq":"1","sqcand":"100001102124","n":"12000","nm":"NONATO DA AMBUL\u00c2NCIA","cc":"PDT","nv":" ","e":"s","st":"Eleito","dvt":"V\u00e1lido","vap":"534","pvap":"   7,65"},{"seq":"32","sqcand":"100001087080","n":"23999","nm":"MAYRANE","cc":"CIDADANIA","nv":" ","e":"n","st":"Suplente","dvt":"V\u00e1lido","vap":"16","pvap":"   0,23"},{"seq":"26","sqcand":"100001083972","n":"90230","nm":"RAIMUNDO GROSSO","cc":"PROS","nv":" ","e":"n","st":"Suplente","dvt":"V\u00e1lido","vap":"39","pvap":"   0,56"},{"seq":"3","sqcand":"100001087082","n":"23000","nm":"WELLINGTON LIMA","cc":"CIDADANIA","nv":" ","e":"s","st":"Eleito","dvt":"V\u00e1lido","vap":"470","pvap":"   6,74"},{"seq":"12","sqcand":"100000869559","n":"10456","nm":"EDSON DO SUPERMERCADO","cc":"REPUBLICANOS","nv":" ","e":"n","st":"Suplente","dvt":"V\u00e1lido","vap":"222","pvap":"   3,18"},{"seq":"45","sqcand":"100000653511","n":"33999","nm":"LIDIANE CHAVES","cc":"PMN","nv":" ","e":"n","st":"N\u00e3o eleito","dvt":"V\u00e1lido","vap":"5","pvap":"   0,07"},{"seq":"20","sqcand":"100001102121","n":"12123","nm":"LIGIA","cc":"PDT","nv":" ","e":"n","st":"Suplente","dvt":"V\u00e1lido","vap":"97","pvap":"   1,39"},{"seq":"11","sqcand":"100001087077","n":"23777","nm":"CLEUDON","cc":"CIDADANIA","nv":" ","e":"n","st":"Suplente","dvt":"V\u00e1lido","vap":"258","pvap":"   3,70"},{"seq":"23","sqcand":"100001083977","n":"90555","nm":"CORONEL","cc":"PROS","nv":" ","e":"n","st":"Suplente","dvt":"V\u00e1lido","vap":"65","pvap":"   0,93"},{"seq":"37","sqcand":"100000653510","n":"33444","nm":"JAQUELINE BEZERRA","cc":"PMN","nv":" ","e":"n","st":"N\u00e3o eleito","dvt":"V\u00e1lido","vap":"53","pvap":"   0,76"},{"seq":"5","sqcand":"100000869566","n":"10333","nm":"ANTONIO DO DONATO","cc":"REPUBLICANOS","nv":" ","e":"s","st":"Eleito","dvt":"V\u00e1lido","vap":"320","pvap":"   4,59"},{"seq":"31","sqcand":"100000869567","n":"10888","nm":"ANA CLEIDE","cc":"REPUBLICANOS","nv":" ","e":"n","st":"Suplente","dvt":"V\u00e1lido","vap":"17","pvap":"   0,24"},{"seq":"16","sqcand":"100001102125","n":"12345","nm":"IVAN","cc":"PDT","nv":" ","e":"n","st":"Suplente","dvt":"V\u00e1lido","vap":"181","pvap":"   2,59"},{"seq":"18","sqcand":"100001102122","n":"12399","nm":"MANOEL FRAN","cc":"PDT","nv":" ","e":"n","st":"Suplente","dvt":"V\u00e1lido","vap":"112","pvap":"   1,61"},{"seq":"8","sqcand":"100000869564","n":"10123","nm":"ZOMA DO CASA NOVA","cc":"REPUBLICANOS","nv":" ","e":"s","st":"Eleito","dvt":"V\u00e1lido","vap":"281","pvap":"   4,03"},{"seq":"25","sqcand":"100001083974","n":"90888","nm":"JAQUELINE SOUSA","cc":"PROS","nv":" ","e":"n","st":"Suplente","dvt":"V\u00e1lido","vap":"43","pvap":"   0,62"},{"seq":"35","sqcand":"100000653509","n":"33222","nm":"PHABLO DA SA\u00daDE","cc":"PMN","nv":" ","e":"n","st":"N\u00e3o eleito","dvt":"V\u00e1lido","vap":"110","pvap":"   1,58"},{"seq":"33","sqcand":"100000653505","n":"33333","nm":"BEN\u00c9 DA SA\u00daDE","cc":"PMN","nv":" ","e":"n","st":"N\u00e3o eleito","dvt":"V\u00e1lido","vap":"156","pvap":"   2,24"},{"seq":"10","sqcand":"100000869562","n":"10111","nm":"ZEZINHO","cc":"REPUBLICANOS","nv":" ","e":"n","st":"Suplente","dvt":"V\u00e1lido","vap":"267","pvap":"   3,83"},{"seq":"42","sqcand":"100001087518","n":"11234","nm":"GENEILZA BARROS","cc":"PP","nv":" ","e":"n","st":"N\u00e3o eleito","dvt":"V\u00e1lido","vap":"17","pvap":"   0,24"},{"seq":"6","sqcand":"100001083976","n":"90000","nm":"WILDEN CARLOS GORDINHO","cc":"PROS","nv":" ","e":"s","st":"Eleito","dvt":"V\u00e1lido","vap":"318","pvap":"   4,56"},{"seq":"14","sqcand":"100000869569","n":"10000","nm":"PAULO DO DIVEI","cc":"REPUBLICANOS","nv":" ","e":"n","st":"Suplente","dvt":"V\u00e1lido","vap":"216","pvap":"   3,10"},{"seq":"9","sqcand":"100001087084","n":"23123","nm":"WILLIAN CAMPOS","cc":"CIDADANIA","nv":" ","e":"s","st":"Eleito","dvt":"V\u00e1lido","vap":"268","pvap":"   3,84"},{"seq":"44","sqcand":"100000653507","n":"33555","nm":"PENEM DO GELADIM","cc":"PMN","nv":" ","e":"n","st":"N\u00e3o eleito","dvt":"V\u00e1lido","vap":"9","pvap":"   0,13"},{"seq":"27","sqcand":"100001102126","n":"12347","nm":"SANDRA MARIA","cc":"PDT","nv":" ","e":"n","st":"Suplente","dvt":"V\u00e1lido","vap":"39","pvap":"   0,56"},{"seq":"41","sqcand":"100000653512","n":"33666","nm":"HENRIQUE BISPO","cc":"PMN","nv":" ","e":"n","st":"N\u00e3o eleito","dvt":"V\u00e1lido","vap":"21","pvap":"   0,30"},{"seq":"30","sqcand":"100001087076","n":"23233","nm":"FRANCISCA HELOISA","cc":"CIDADANIA","nv":" ","e":"n","st":"Suplente","dvt":"V\u00e1lido","vap":"17","pvap":"   0,24"},{"seq":"19","sqcand":"100000869563","n":"10345","nm":"NEGAO DA FAVELA","cc":"REPUBLICANOS","nv":" ","e":"n","st":"Suplente","dvt":"V\u00e1lido","vap":"105","pvap":"   1,50"}]}
