{"ele":"426","tpabr":"mu","cdabr":"09334","carper":"13","t":"1","f":"o","dt":"15/11/2020","ht":"22:36:06","dv":"s","tf":"s","v":"9","esae":"n","mnae":"","s":"21","st":"21","pst":" 100,00","snt":"0","psnt":"   0,00","si":"21","psi":" 100,00","sni":"0","psni":"   0,00","sa":"21","psa":" 100,00","sna":"0","psna":"   0,00","e":"6956","ea":"6956","pea":" 100,00","ena":"0","pena":"   0,00","esi":"6956","pesi":" 100,00","esni":"0","pesni":"   0,00","c":"5970","pc":"  85,83","a":"986","pa":"  14,17","vscv":"0","vnom":"5492","vl":"274","pvnom":"  95,25","pvl":"   4,75","vvc":"5766","pvvc":"  96,58","vb":"25","pvb":"   0,42","tvn":"179","ptvn":"   3,00","vn":"179","pvn":" 100,00","vnt":"0","pvnt":"   0,00","vp":"0","pvp":"   0,00","vv":"5766","pvv":" 100,00","van":"0","pvan":"   0,00","vansj":"0","pvansj":"   0,00","tv":"5970","cand":[{"seq":"5","sqcand":"100000998655","n":"10000","nm":"JAMISSON DE GUILHERME","cc":"REPUBLICANOS","nv":" ","e":"s","st":"Eleito","dvt":"V\u00e1lido","vap":"285","pvap":"   4,94"},{"seq":"26","sqcand":"100000998654","n":"10852","nm":"LUIZA OLIVEIRA","cc":"REPUBLICANOS","nv":" ","e":"n","st":"Suplente","dvt":"V\u00e1lido","vap":"85","pvap":"   1,47"},{"seq":"28","sqcand":"100000998653","n":"10333","nm":"JARBES ABREU","cc":"REPUBLICANOS","nv":" ","e":"n","st":"Suplente","dvt":"V\u00e1lido","vap":"83","pvap":"   1,44"},{"seq":"21","sqcand":"100001196187","n":"43000","nm":"DICO BATISTA","cc":"PV","nv":" ","e":"n","st":"Suplente","dvt":"V\u00e1lido","vap":"104","pvap":"   1,80"},{"seq":"22","sqcand":"100001198223","n":"55222","nm":"JO\u00c3OZINHO DA SA\u00daDE","cc":"PSD","nv":" ","e":"n","st":"Suplente","dvt":"V\u00e1lido","vap":"103","pvap":"   1,79"},{"seq":"7","sqcand":"100001196182","n":"43123","nm":"BATUR\u00c9 DOS TECLADOS","cc":"PV","nv":" ","e":"s","st":"Eleito","dvt":"V\u00e1lido","vap":"260","pvap":"   4,51"},{"seq":"1","sqcand":"100000995140","n":"70000","nm":"BELINHA BARBALHO","cc":"AVANTE","nv":" ","e":"s","st":"Eleito","dvt":"V\u00e1lido","vap":"403","pvap":"   6,99"},{"seq":"15","sqcand":"100000995139","n":"70123","nm":"GABRIEL ARAUJO","cc":"AVANTE","nv":" ","e":"n","st":"Suplente","dvt":"V\u00e1lido","vap":"172","pvap":"   2,98"},{"seq":"10","sqcand":"100001192785","n":"12000","nm":"JORDEVAN QUIXABEIRA","cc":"PDT","nv":" ","e":"n","st":"Suplente","dvt":"V\u00e1lido","vap":"266","pvap":"   4,61"},{"seq":"27","sqcand":"100001196181","n":"43555","nm":"JO\u00c3O DIAS","cc":"PV","nv":" ","e":"n","st":"Suplente","dvt":"V\u00e1lido","vap":"85","pvap":"   1,47"},{"seq":"20","sqcand":"100000995143","n":"70777","nm":"ATIMILIA LOPES","cc":"AVANTE","nv":" ","e":"n","st":"Suplente","dvt":"V\u00e1lido","vap":"105","pvap":"   1,82"},{"seq":"8","sqcand":"100000998652","n":"10222","nm":"BRUNO SILVA","cc":"REPUBLICANOS","nv":" ","e":"s","st":"Eleito","dvt":"V\u00e1lido","vap":"251","pvap":"   4,35"},{"seq":"39","sqcand":"100001192784","n":"12101","nm":"LAISE","cc":"PDT","nv":" ","e":"n","st":"Suplente","dvt":"V\u00e1lido","vap":"1","pvap":"   0,02"},{"seq":"38","sqcand":"100000998650","n":"10666","nm":"LUCIVANIA COELHO","cc":"REPUBLICANOS","nv":" ","e":"n","st":"Suplente","dvt":"V\u00e1lido","vap":"3","pvap":"   0,05"},{"seq":"19","sqcand":"100001192788","n":"12333","nm":"SILAS BARREIRA","cc":"PDT","nv":" ","e":"n","st":"Suplente","dvt":"V\u00e1lido","vap":"114","pvap":"   1,98"},{"seq":"30","sqcand":"100000995141","n":"70222","nm":"WALLEFF CARVALHO","cc":"AVANTE","nv":" ","e":"n","st":"Suplente","dvt":"V\u00e1lido","vap":"65","pvap":"   1,13"},{"seq":"2","sqcand":"100001192787","n":"12345","nm":"NALDIN","cc":"PDT","nv":" ","e":"s","st":"Eleito","dvt":"V\u00e1lido","vap":"347","pvap":"   6,02"},{"seq":"37","sqcand":"100001196185","n":"43777","nm":"ZILDETE","cc":"PV","nv":" ","e":"n","st":"Suplente","dvt":"V\u00e1lido","vap":"4","pvap":"   0,07"},{"seq":"29","sqcand":"100001196188","n":"43333","nm":"MARIA DO CARMO","cc":"PV","nv":" ","e":"n","st":"Suplente","dvt":"V\u00e1lido","vap":"75","pvap":"   1,30"},{"seq":"11","sqcand":"100001198222","n":"55123","nm":"MAGNO MOTA","cc":"PSD","nv":" ","e":"n","st":"Suplente","dvt":"V\u00e1lido","vap":"232","pvap":"   4,02"},{"seq":"17","sqcand":"100001196180","n":"43222","nm":"LU\u00cdS DE EDUARDIM","cc":"PV","nv":" ","e":"n","st":"Suplente","dvt":"V\u00e1lido","vap":"129","pvap":"   2,24"},{"seq":"34","sqcand":"100001196186","n":"43043","nm":"MAGVANE","cc":"PV","nv":" ","e":"n","st":"Suplente","dvt":"V\u00e1lido","vap":"11","pvap":"   0,19"},{"seq":"25","sqcand":"100000998649","n":"10345","nm":"DI","cc":"REPUBLICANOS","nv":" ","e":"n","st":"Suplente","dvt":"V\u00e1lido","vap":"91","pvap":"   1,58"},{"seq":"6","sqcand":"100001198220","n":"55000","nm":"JO\u00c3O DE BIA","cc":"PSD","nv":" ","e":"s","st":"Eleito","dvt":"V\u00e1lido","vap":"270","pvap":"   4,68"},{"seq":"32","sqcand":"100000998648","n":"10444","nm":"PRICILA ARAUJO","cc":"REPUBLICANOS","nv":" ","e":"n","st":"Suplente","dvt":"V\u00e1lido","vap":"20","pvap":"   0,35"},{"seq":"9","sqcand":"100001196183","n":"43456","nm":"Z\u00c9 ANT\u00d4NIO","cc":"PV","nv":" ","e":"s","st":"Eleito","dvt":"V\u00e1lido","vap":"186","pvap":"   3,23"},{"seq":"31","sqcand":"100001196184","n":"43444","nm":"RAIMUNDO PAULO RP","cc":"PV","nv":" ","e":"n","st":"Suplente","dvt":"V\u00e1lido","vap":"53","pvap":"   0,92"},{"seq":"36","sqcand":"100001192786","n":"12111","nm":"MARIA DO SOCORRO","cc":"PDT","nv":" ","e":"n","st":"Suplente","dvt":"V\u00e1lido","vap":"8","pvap":"   0,14"},{"seq":"14","sqcand":"100001198219","n":"55555","nm":"FL\u00c1VIA MOTA","cc":"PSD","nv":" ","e":"n","st":"Suplente","dvt":"V\u00e1lido","vap":"174","pvap":"   3,02"},{"seq":"3","sqcand":"100001192789","n":"12123","nm":"MARCOS BARREIRA","cc":"PDT","nv":" ","e":"s","st":"Eleito","dvt":"V\u00e1lido","vap":"339","pvap":"   5,88"},{"seq":"24","sqcand":"100001196179","n":"43888","nm":"ISRAEL","cc":"PV","nv":" ","e":"n","st":"Suplente","dvt":"V\u00e1lido","vap":"100","pvap":"   1,73"},{"seq":"18","sqcand":"100000998651","n":"10111","nm":"FLAVIO LOPES","cc":"REPUBLICANOS","nv":" ","e":"n","st":"Suplente","dvt":"V\u00e1lido","vap":"127","pvap":"   2,20"},{"seq":"12","sqcand":"100000998656","n":"10888","nm":"JO\u00c3O VICTOR","cc":"REPUBLICANOS","nv":" ","e":"n","st":"Suplente","dvt":"V\u00e1lido","vap":"197","pvap":"   3,42"},{"seq":"4","sqcand":"100001198218","n":"55255","nm":"MAIDA LUIZA","cc":"PSD","nv":" ","e":"s","st":"Eleito","dvt":"V\u00e1lido","vap":"292","pvap":"   5,06"},{"seq":"35","sqcand":"100001198221","n":"55333","nm":"CHIQUINHO DA CADEIRA","cc":"PSD","nv":" ","e":"n","st":"Suplente","dvt":"V\u00e1lido","vap":"9","pvap":"   0,16"},{"seq":"16","sqcand":"100000995142","n":"70789","nm":"CHICO DO PARA\u00cdSO","cc":"AVANTE","nv":" ","e":"n","st":"Suplente","dvt":"V\u00e1lido","vap":"148","pvap":"   2,57"},{"seq":"13","sqcand":"100001192791","n":"12456","nm":"ZECA DO LINO","cc":"PDT","nv":" ","e":"n","st":"Suplente","dvt":"V\u00e1lido","vap":"177","pvap":"   3,07"},{"seq":"23","sqcand":"100000998657","n":"10123","nm":"GUILHERME RODRIGUES","cc":"REPUBLICANOS","nv":" ","e":"n","st":"Suplente","dvt":"V\u00e1lido","vap":"101","pvap":"   1,75"},{"seq":"33","sqcand":"100001192790","n":"12234","nm":"CONCEI\u00c7\u00c3O","cc":"PDT","nv":" ","e":"n","st":"Suplente","dvt":"V\u00e1lido","vap":"17","pvap":"   0,29"}]}
