{"ele":"426","tpabr":"mu","cdabr":"00078","carper":"11","t":"1","f":"o","dt":"15/11/2020","ht":"21:07:43","dv":"s","tf":"s","v":"1","esae":"n","mnae":"","s":"170","st":"170","pst":" 100,00","snt":"0","psnt":"   0,00","si":"170","psi":" 100,00","sni":"0","psni":"   0,00","sa":"170","psa":" 100,00","sna":"0","psna":"   0,00","e":"66872","ea":"66872","pea":" 100,00","ena":"0","pena":"   0,00","esi":"66872","pesi":" 100,00","esni":"0","pesni":"   0,00","c":"45411","pc":"  67,91","a":"21461","pa":"  32,09","vscv":"0","vnom":"40383","pvnom":" 100,00","vvc":"41782","pvvc":"  92,01","vb":"1491","pvb":"   3,28","tvn":"2138","ptvn":"   4,71","vn":"2138","pvn":" 100,00","vnt":"0","pvnt":"   0,00","vp":"0","pvp":"   0,00","vv":"40383","pvv":"  96,65","van":"0","pvan":"   0,00","vansj":"1399","pvansj":"   3,35","tv":"45411","cand":[{"seq":"3","sqcand":"220001191945","n":"25","nm":"LUCAS FOLLADOR","cc":"DEM - PL / PTC / PSD / DEM / PMN / PSDB / AVANTE / PSC / PODE / PROS","nv":"WILSON BERTOLI PEIXEIRO","e":"n","st":"N\u00e3o eleito","dvt":"V\u00e1lido","vap":"12414","pvap":"  29,71"},{"seq":"5","sqcand":"220001145724","n":"15","nm":"GILVAN RAMOS","cc":"MDB","nv":"CAPIT\u00c3O LIMA","e":"n","st":"N\u00e3o eleito","dvt":"Anulado sub judice","vap":"1399","pvap":"   3,35"},{"seq":"4","sqcand":"220000996549","n":"13","nm":"CLEBES DIAS","cc":"PT - PC do B / PT","nv":"PROFESSORA PENHA","e":"n","st":"N\u00e3o eleito","dvt":"V\u00e1lido","vap":"1452","pvap":"   3,48"},{"seq":"1","sqcand":"220001190805","n":"51","nm":"CARLA REDANO","cc":"PATRIOTA","nv":"SARGENTO GABRIEL","e":"s","st":"Eleito","dvt":"V\u00e1lido","vap":"13345","pvap":"  31,94"},{"seq":"2","sqcand":"220001189299","n":"77","nm":"TIZIU JIDALIAS","cc":"SOLIDARIEDADE - PSL / PSB / PV / SOLIDARIEDADE / PRTB / PP / DC / PDT","nv":"MARLEI MEZZOMO","e":"n","st":"N\u00e3o eleito","dvt":"V\u00e1lido","vap":"13172","pvap":"  31,53"}]}
