{"ele":"426","tpabr":"mu","cdabr":"00094","carper":"11","t":"1","f":"o","dt":"15/11/2020","ht":"21:47:55","dv":"s","tf":"s","v":"1","esae":"n","mnae":"","s":"165","st":"165","pst":" 100,00","snt":"0","psnt":"   0,00","si":"165","psi":" 100,00","sni":"0","psni":"   0,00","sa":"165","psa":" 100,00","sna":"0","psna":"   0,00","e":"63487","ea":"63487","pea":" 100,00","ena":"0","pena":"   0,00","esi":"63487","pesi":" 100,00","esni":"0","pesni":"   0,00","c":"45785","pc":"  72,12","a":"17702","pa":"  27,88","vscv":"0","vnom":"42251","pvnom":" 100,00","vvc":"42251","pvvc":"  92,28","vb":"1367","pvb":"   2,99","tvn":"2167","ptvn":"   4,73","vn":"2167","pvn":" 100,00","vnt":"0","pvnt":"   0,00","vp":"0","pvp":"   0,00","vv":"42251","pvv":" 100,00","van":"0","pvan":"   0,00","vansj":"0","pvansj":"   0,00","tv":"45785","cand":[{"seq":"2","sqcand":"220001268453","n":"25","nm":"VASQUES","cc":"DEM - MDB / PSC / SOLIDARIEDADE / PATRIOTA / PTB / PSL / DEM","nv":"LYA DA TV","e":"n","st":"N\u00e3o eleito","dvt":"V\u00e1lido","vap":"12692","pvap":"  30,04"},{"seq":"1","sqcand":"220001025502","n":"55","nm":"ADAILTON FURIA","cc":"PSD - PSD / PP / PDT / REPUBLICANOS / PSDB / PODE / PSB","nv":"CASSIO GOIS","e":"s","st":"Eleito","dvt":"V\u00e1lido","vap":"25791","pvap":"  61,04"},{"seq":"3","sqcand":"220001198451","n":"90","nm":"JAB\u00c1 MOREIRA","cc":"PROS - PROS / PRTB / PL / CIDADANIA","nv":"CLOVIS SILVA","e":"n","st":"N\u00e3o eleito","dvt":"V\u00e1lido","vap":"3220","pvap":"   7,62"},{"seq":"4","sqcand":"220001267675","n":"27","nm":"REGINA ENFERMEIRA","cc":"DC","nv":"SARA RUBIO","e":"n","st":"N\u00e3o eleito","dvt":"V\u00e1lido","vap":"548","pvap":"   1,30"}]}
