{"ele":"426","tpabr":"mu","cdabr":"00116","carper":"11","t":"1","f":"o","dt":"15/11/2020","ht":"21:07:15","dv":"s","tf":"s","v":"1","esae":"n","mnae":"","s":"71","st":"71","pst":" 100,00","snt":"0","psnt":"   0,00","si":"71","psi":" 100,00","sni":"0","psni":"   0,00","sa":"71","psa":" 100,00","sna":"0","psna":"   0,00","e":"25416","ea":"25416","pea":" 100,00","ena":"0","pena":"   0,00","esi":"25416","pesi":" 100,00","esni":"0","pesni":"   0,00","c":"18219","pc":"  71,68","a":"7197","pa":"  28,32","vscv":"0","vnom":"13331","pvnom":" 100,00","vvc":"13331","pvvc":"  73,17","vb":"2265","pvb":"  12,43","tvn":"2623","ptvn":"  14,40","vn":"2623","pvn":" 100,00","vnt":"0","pvnt":"   0,00","vp":"0","pvp":"   0,00","vv":"13331","pvv":" 100,00","van":"0","pvan":"   0,00","vansj":"0","pvansj":"   0,00","tv":"18219","cand":[{"seq":"1","sqcand":"220000773053","n":"51","nm":"DELEGADO ARAUJO","cc":"PATRIOTA - PSL / PSB / PATRIOTA / REPUBLICANOS / DEM / PMN / PSDB","nv":"VALTEIR CRUZ","e":"s","st":"Eleito","dvt":"V\u00e1lido","vap":"13331","pvap":" 100,00"}]}
