{"ele":"426","tpabr":"mu","cdabr":"00132","carper":"11","t":"1","f":"o","dt":"15/11/2020","ht":"21:15:08","dv":"s","tf":"s","v":"1","esae":"n","mnae":"","s":"157","st":"157","pst":" 100,00","snt":"0","psnt":"   0,00","si":"157","psi":" 100,00","sni":"0","psni":"   0,00","sa":"157","psa":" 100,00","sna":"0","psna":"   0,00","e":"61182","ea":"61182","pea":" 100,00","ena":"0","pena":"   0,00","esi":"61182","pesi":" 100,00","esni":"0","pesni":"   0,00","c":"44704","pc":"  73,07","a":"16478","pa":"  26,93","vscv":"0","vnom":"41482","pvnom":" 100,00","vvc":"41482","pvvc":"  92,79","vb":"1079","pvb":"   2,42","tvn":"2143","ptvn":"   4,79","vn":"2143","pvn":" 100,00","vnt":"0","pvnt":"   0,00","vp":"0","pvp":"   0,00","vv":"41482","pvv":" 100,00","van":"0","pvan":"   0,00","vansj":"0","pvansj":"   0,00","tv":"44704","cand":[{"seq":"2","sqcand":"220001191485","n":"20","nm":"ROSANI DONADON","cc":"PSC - MDB / DEM / PMN / PSC","nv":"MARCIA DEIR\u00d3","e":"n","st":"N\u00e3o eleito","dvt":"V\u00e1lido","vap":"13882","pvap":"  33,47"},{"seq":"4","sqcand":"220000732017","n":"10","nm":"PAULINHO DA ARGAMAZON","cc":"REPUBLICANOS","nv":"TENENTE BUENO","e":"n","st":"N\u00e3o eleito","dvt":"V\u00e1lido","vap":"2547","pvap":"   6,14"},{"seq":"5","sqcand":"220000767236","n":"40","nm":"MIGUEL CAMARA","cc":"PSB - PC do B / PSB / DC","nv":"ANA FEITOSA","e":"n","st":"N\u00e3o eleito","dvt":"V\u00e1lido","vap":"952","pvap":"   2,29"},{"seq":"3","sqcand":"220000924296","n":"19","nm":"CORONEL RILDO","cc":"PODE - PSL / PODE / CIDADANIA","nv":"DR. CELSO","e":"n","st":"N\u00e3o eleito","dvt":"V\u00e1lido","vap":"7387","pvap":"  17,81"},{"seq":"1","sqcand":"220000955009","n":"43","nm":"EDUARDO JAPON\u00caS","cc":"PV - PV / PDT / PL / PTB / PP / PSD / PSDB / PROS","nv":"PATRICIA DA GL\u00d3RIA","e":"s","st":"Eleito","dvt":"V\u00e1lido","vap":"16714","pvap":"  40,29"}]}
