{"ele":"426","tpabr":"mu","cdabr":"00159","carper":"11","t":"1","f":"o","dt":"15/11/2020","ht":"21:20:06","dv":"s","tf":"s","v":"1","esae":"n","mnae":"","s":"108","st":"108","pst":" 100,00","snt":"0","psnt":"   0,00","si":"108","psi":" 100,00","sni":"0","psni":"   0,00","sa":"108","psa":" 100,00","sna":"0","psna":"   0,00","e":"42758","ea":"42758","pea":" 100,00","ena":"0","pena":"   0,00","esi":"42758","pesi":" 100,00","esni":"0","pesni":"   0,00","c":"30193","pc":"  70,61","a":"12565","pa":"  29,39","vscv":"0","vnom":"19755","pvnom":" 100,00","vvc":"28365","pvvc":"  93,95","vb":"569","pvb":"   1,88","tvn":"1259","ptvn":"   4,17","vn":"1259","pvn":" 100,00","vnt":"0","pvnt":"   0,00","vp":"0","pvp":"   0,00","vv":"19755","pvv":"  69,65","van":"0","pvan":"   0,00","vansj":"8610","pvansj":"  30,35","tv":"30193","cand":[{"seq":"2","sqcand":"220001130772","n":"14","nm":"AMAURI","cc":"PTB - PSB / PV / PROS / REPUBLICANOS / PODE / PTB / PSD","nv":"PARLOTE","e":"n","st":"N\u00e3o eleito","dvt":"Anulado sub judice","vap":"8610","pvap":"  30,35"},{"seq":"1","sqcand":"220000667626","n":"45","nm":"JO\u00c3O GON\u00c7ALVES JR","cc":"PSDB - PP / MDB / PSL / PL / CIDADANIA / DEM / PSDB / PATRIOTA","nv":"JEVERSON LIMA","e":"s","st":"Eleito","dvt":"V\u00e1lido","vap":"19357","pvap":"  68,24"},{"seq":"3","sqcand":"220000654331","n":"28","nm":"SANTANA","cc":"PRTB","nv":"ELIAS TEIXEIRA","e":"n","st":"N\u00e3o eleito","dvt":"V\u00e1lido","vap":"398","pvap":"   1,40"}]}
