{"ele":"426","tpabr":"mu","cdabr":"00213","carper":"11","t":"1","f":"o","dt":"15/11/2020","ht":"21:17:08","dv":"s","tf":"s","v":"1","esae":"n","mnae":"","s":"25","st":"25","pst":" 100,00","snt":"0","psnt":"   0,00","si":"25","psi":" 100,00","sni":"0","psni":"   0,00","sa":"25","psa":" 100,00","sna":"0","psna":"   0,00","e":"9364","ea":"9364","pea":" 100,00","ena":"0","pena":"   0,00","esi":"9364","pesi":" 100,00","esni":"0","pesni":"   0,00","c":"6761","pc":"  72,20","a":"2603","pa":"  27,80","vscv":"0","vnom":"6480","pvnom":" 100,00","vvc":"6480","pvvc":"  95,84","vb":"78","pvb":"   1,16","tvn":"203","ptvn":"   3,00","vn":"203","pvn":" 100,00","vnt":"0","pvnt":"   0,00","vp":"0","pvp":"   0,00","vv":"6480","pvv":" 100,00","van":"0","pvan":"   0,00","vansj":"0","pvansj":"   0,00","tv":"6761","cand":[{"seq":"2","sqcand":"220001054362","n":"55","nm":"PROFESSOR SERGINHO","cc":"PSD - DEM / PSD","nv":"PROFESSORA SILENE","e":"n","st":"N\u00e3o eleito","dvt":"V\u00e1lido","vap":"1691","pvap":"  26,10"},{"seq":"1","sqcand":"220000775161","n":"10","nm":"MIRAND\u00c3O","cc":"REPUBLICANOS - REPUBLICANOS / PP","nv":"CLAUDIO DA NOVA","e":"s","st":"Eleito","dvt":"V\u00e1lido","vap":"4789","pvap":"  73,90"}]}
