{"ele":"426","tpabr":"mu","cdabr":"00230","carper":"11","t":"1","f":"o","dt":"15/11/2020","ht":"19:06:21","dv":"s","tf":"s","v":"1","esae":"n","mnae":"","s":"35","st":"35","pst":" 100,00","snt":"0","psnt":"   0,00","si":"35","psi":" 100,00","sni":"0","psni":"   0,00","sa":"35","psa":" 100,00","sna":"0","psna":"   0,00","e":"13510","ea":"13510","pea":" 100,00","ena":"0","pena":"   0,00","esi":"13510","pesi":" 100,00","esni":"0","pesni":"   0,00","c":"9645","pc":"  71,39","a":"3865","pa":"  28,61","vscv":"0","vnom":"6920","pvnom":" 100,00","vvc":"8920","pvvc":"  92,48","vb":"258","pvb":"   2,68","tvn":"467","ptvn":"   4,84","vn":"467","pvn":" 100,00","vnt":"0","pvnt":"   0,00","vp":"0","pvp":"   0,00","vv":"6920","pvv":"  77,58","van":"0","pvan":"   0,00","vansj":"2000","pvansj":"  22,42","tv":"9645","cand":[{"seq":"2","sqcand":"220001010804","n":"43","nm":"EDINHO DA RADIO","cc":"PV - PTB / MDB / DEM / PV","nv":"JOSEMAR BEATTO","e":"n","st":"N\u00e3o eleito","dvt":"V\u00e1lido","vap":"2239","pvap":"  25,10"},{"seq":"3","sqcand":"220000957713","n":"11","nm":"JONSON","cc":"PP - PATRIOTA / PP","nv":"HENRRY HATTORI","e":"n","st":"N\u00e3o eleito","dvt":"Anulado sub judice","vap":"2000","pvap":"  22,42"},{"seq":"4","sqcand":"220000835461","n":"19","nm":"ATAIDE AVEZAO","cc":"PODE","nv":"ANA FLAVIA","e":"n","st":"N\u00e3o eleito","dvt":"V\u00e1lido","vap":"786","pvap":"   8,81"},{"seq":"1","sqcand":"220001066451","n":"40","nm":"PROF RIBAMAR","cc":"PSB - PDT / PSD / PSDB / REPUBLICANOS / PSB","nv":"JOAO DO FORMULA UM","e":"s","st":"Eleito","dvt":"V\u00e1lido","vap":"3895","pvap":"  43,67"}]}
