{"ele":"426","tpabr":"mu","cdabr":"00256","carper":"11","t":"1","f":"o","dt":"15/11/2020","ht":"21:51:25","dv":"s","tf":"s","v":"1","esae":"n","mnae":"","s":"66","st":"66","pst":" 100,00","snt":"0","psnt":"   0,00","si":"66","psi":" 100,00","sni":"0","psni":"   0,00","sa":"66","psa":" 100,00","sna":"0","psna":"   0,00","e":"23496","ea":"23496","pea":" 100,00","ena":"0","pena":"   0,00","esi":"23496","pesi":" 100,00","esni":"0","pesni":"   0,00","c":"17121","pc":"  72,87","a":"6375","pa":"  27,13","vscv":"0","vnom":"11592","pvnom":" 100,00","vvc":"16178","pvvc":"  94,49","vb":"316","pvb":"   1,85","tvn":"627","ptvn":"   3,66","vn":"627","pvn":" 100,00","vnt":"0","pvnt":"   0,00","vp":"0","pvp":"   0,00","vv":"11592","pvv":"  71,65","van":"0","pvan":"   0,00","vansj":"4586","pvansj":"  28,35","tv":"17121","cand":[{"seq":"4","sqcand":"220000837302","n":"12","nm":"DALTINHO DA AGROMIL","cc":"PDT","nv":"ERICK CABE\u00c7\u00c3O","e":"n","st":"N\u00e3o eleito","dvt":"V\u00e1lido","vap":"1674","pvap":"  10,35"},{"seq":"2","sqcand":"220001252199","n":"15","nm":"DECIO LAGARES","cc":"MDB - REPUBLICANOS / MDB","nv":"ELIOTERIO","e":"n","st":"N\u00e3o eleito","dvt":"Anulado sub judice","vap":"4586","pvap":"  28,35"},{"seq":"1","sqcand":"220000744274","n":"19","nm":"PROFESSOR WELITON","cc":"PODE - PODE / PP / PROS","nv":"DARCI KISCHENER","e":"s","st":"Eleito","dvt":"V\u00e1lido","vap":"7829","pvap":"  48,39"},{"seq":"3","sqcand":"220001252132","n":"25","nm":"ESPETO","cc":"DEM - PSB / DEM / PT","nv":"KISSILA PONATH","e":"n","st":"N\u00e3o eleito","dvt":"V\u00e1lido","vap":"2089","pvap":"  12,91"}]}
