{"ele":"426","tpabr":"mu","cdabr":"00272","carper":"11","t":"1","f":"o","dt":"15/11/2020","ht":"21:06:39","dv":"s","tf":"s","v":"1","esae":"n","mnae":"","s":"38","st":"38","pst":" 100,00","snt":"0","psnt":"   0,00","si":"38","psi":" 100,00","sni":"0","psni":"   0,00","sa":"38","psa":" 100,00","sna":"0","psna":"   0,00","e":"12546","ea":"12546","pea":" 100,00","ena":"0","pena":"   0,00","esi":"12546","pesi":" 100,00","esni":"0","pesni":"   0,00","c":"9534","pc":"  75,99","a":"3012","pa":"  24,01","vscv":"0","vnom":"8926","pvnom":" 100,00","vvc":"8926","pvvc":"  93,62","vb":"204","pvb":"   2,14","tvn":"404","ptvn":"   4,24","vn":"404","pvn":" 100,00","vnt":"0","pvnt":"   0,00","vp":"0","pvp":"   0,00","vv":"8926","pvv":" 100,00","van":"0","pvan":"   0,00","vansj":"0","pvansj":"   0,00","tv":"9534","cand":[{"seq":"3","sqcand":"220000750651","n":"15","nm":"CLEITON CAPANEMA","cc":"MDB - MDB / PSB","nv":"CHIC\u00c3O","e":"n","st":"N\u00e3o eleito","dvt":"V\u00e1lido","vap":"2177","pvap":"  24,39"},{"seq":"2","sqcand":"220000745959","n":"25","nm":"SIN\u00c9SIO JOS\u00c9","cc":"DEM - DEM / PTB","nv":"POLICIAL VALMIR","e":"n","st":"N\u00e3o eleito","dvt":"V\u00e1lido","vap":"3008","pvap":"  33,70"},{"seq":"1","sqcand":"220001005073","n":"43","nm":"LISETE MARTH","cc":"PV - PP / PSL / PV / PDT / PATRIOTA","nv":"PROF. JOS\u00c9 CARLOS VALENDORFF","e":"s","st":"Eleito","dvt":"V\u00e1lido","vap":"3741","pvap":"  41,91"}]}
