{"ele":"426","tpabr":"mu","cdabr":"00299","carper":"11","t":"1","f":"o","dt":"15/11/2020","ht":"21:27:12","dv":"s","tf":"s","v":"1","esae":"n","mnae":"","s":"96","st":"96","pst":" 100,00","snt":"0","psnt":"   0,00","si":"96","psi":" 100,00","sni":"0","psni":"   0,00","sa":"96","psa":" 100,00","sna":"0","psna":"   0,00","e":"39338","ea":"39338","pea":" 100,00","ena":"0","pena":"   0,00","esi":"39338","pesi":" 100,00","esni":"0","pesni":"   0,00","c":"27337","pc":"  69,49","a":"12001","pa":"  30,51","vscv":"0","vnom":"24926","pvnom":" 100,00","vvc":"24926","pvvc":"  91,18","vb":"1045","pvb":"   3,82","tvn":"1366","ptvn":"   5,00","vn":"1366","pvn":" 100,00","vnt":"0","pvnt":"   0,00","vp":"0","pvp":"   0,00","vv":"24926","pvv":" 100,00","van":"0","pvan":"   0,00","vansj":"0","pvansj":"   0,00","tv":"27337","cand":[{"seq":"5","sqcand":"220001057478","n":"55","nm":"RAFAEL GODOI","cc":"PSD","nv":"DIEGO TASSI","e":"n","st":"N\u00e3o eleito","dvt":"V\u00e1lido","vap":"2876","pvap":"  11,54"},{"seq":"4","sqcand":"220000858838","n":"10","nm":"DR LAURO","cc":"REPUBLICANOS - REPUBLICANOS / PATRIOTA","nv":"JULIANO CAMPOS","e":"n","st":"N\u00e3o eleito","dvt":"V\u00e1lido","vap":"3667","pvap":"  14,71"},{"seq":"1","sqcand":"220000859428","n":"15","nm":"ALDO JULIO","cc":"MDB - PL / PTB / PDT / MDB","nv":"ALCIDES ROSA","e":"s","st":"Eleito","dvt":"V\u00e1lido","vap":"9064","pvap":"  36,36"},{"seq":"2","sqcand":"220000859779","n":"19","nm":"UENDER NOGUEIRA","cc":"PODE - PODE / DC / PSL","nv":"SILMA PEREIRA","e":"n","st":"N\u00e3o eleito","dvt":"V\u00e1lido","vap":"5186","pvap":"  20,81"},{"seq":"3","sqcand":"220001058827","n":"77","nm":"PROFESSOR RODNEI PAES","cc":"SOLIDARIEDADE - DEM / PSB / PT / SOLIDARIEDADE","nv":"MARCIO MATEUS","e":"n","st":"N\u00e3o eleito","dvt":"V\u00e1lido","vap":"4133","pvap":"  16,58"}]}
