{"ele":"426","tpabr":"mu","cdabr":"00337","carper":"11","t":"1","f":"o","dt":"15/11/2020","ht":"21:14:29","dv":"s","tf":"s","v":"1","esae":"n","mnae":"","s":"31","st":"31","pst":" 100,00","snt":"0","psnt":"   0,00","si":"31","psi":" 100,00","sni":"0","psni":"   0,00","sa":"31","psa":" 100,00","sna":"0","psna":"   0,00","e":"11941","ea":"11941","pea":" 100,00","ena":"0","pena":"   0,00","esi":"11941","pesi":" 100,00","esni":"0","pesni":"   0,00","c":"8654","pc":"  72,47","a":"3287","pa":"  27,53","vscv":"0","vnom":"8200","pvnom":" 100,00","vvc":"8200","pvvc":"  94,75","vb":"101","pvb":"   1,17","tvn":"353","ptvn":"   4,08","vn":"353","pvn":" 100,00","vnt":"0","pvnt":"   0,00","vp":"0","pvp":"   0,00","vv":"8200","pvv":" 100,00","van":"0","pvan":"   0,00","vansj":"0","pvansj":"   0,00","tv":"8654","cand":[{"seq":"3","sqcand":"220000745320","n":"25","nm":"RANIERY","cc":"DEM - PP / DEM / PSDB / PROS","nv":"OSMAR","e":"n","st":"N\u00e3o eleito","dvt":"V\u00e1lido","vap":"1951","pvap":"  23,79"},{"seq":"1","sqcand":"220000992741","n":"43","nm":"VANDERLEI CASA BELA","cc":"PV - PSD / PV / PT","nv":"KATIANA DO LABORAT\u00d3RIO","e":"s","st":"Eleito","dvt":"V\u00e1lido","vap":"3136","pvap":"  38,24"},{"seq":"2","sqcand":"220000640723","n":"19","nm":"JAIR LUIZ","cc":"PODE - MDB / PODE","nv":"DANIEL DUARTE","e":"n","st":"N\u00e3o eleito","dvt":"V\u00e1lido","vap":"3113","pvap":"  37,96"}]}
