{"ele":"426","tpabr":"mu","cdabr":"00396","carper":"11","t":"1","f":"o","dt":"15/11/2020","ht":"21:29:57","dv":"s","tf":"s","v":"1","esae":"n","mnae":"","s":"62","st":"62","pst":" 100,00","snt":"0","psnt":"   0,00","si":"62","psi":" 100,00","sni":"0","psni":"   0,00","sa":"62","psa":" 100,00","sna":"0","psna":"   0,00","e":"22666","ea":"22666","pea":" 100,00","ena":"0","pena":"   0,00","esi":"22666","pesi":" 100,00","esni":"0","pesni":"   0,00","c":"15559","pc":"  68,64","a":"7107","pa":"  31,36","vscv":"0","vnom":"14880","pvnom":" 100,00","vvc":"14880","pvvc":"  95,64","vb":"187","pvb":"   1,20","tvn":"492","ptvn":"   3,16","vn":"492","pvn":" 100,00","vnt":"0","pvnt":"   0,00","vp":"0","pvp":"   0,00","vv":"14880","pvv":" 100,00","van":"0","pvan":"   0,00","vansj":"0","pvansj":"   0,00","tv":"15559","cand":[{"seq":"8","sqcand":"220000685123","n":"40","nm":"DR. BANDEIRA","cc":"PSB","nv":"JO\u00c3O DO ESTRELA AZUL","e":"n","st":"N\u00e3o eleito","dvt":"V\u00e1lido","vap":"234","pvap":"   1,57"},{"seq":"7","sqcand":"220001152912","n":"90","nm":"CID\u00c3O DO PROS","cc":"PROS","nv":"ZEZ\u00c3O MALDONADO","e":"n","st":"N\u00e3o eleito","dvt":"V\u00e1lido","vap":"369","pvap":"   2,48"},{"seq":"4","sqcand":"220000744299","n":"43","nm":"MARINHO","cc":"PV - PSDB / PV","nv":"GABRIEL GIRARDI","e":"n","st":"N\u00e3o eleito","dvt":"V\u00e1lido","vap":"1402","pvap":"   9,42"},{"seq":"6","sqcand":"220001063464","n":"51","nm":"EDSON WELTEN","cc":"PATRIOTA - AVANTE / PATRIOTA","nv":"PROF AILTON TRINDADE","e":"n","st":"N\u00e3o eleito","dvt":"V\u00e1lido","vap":"833","pvap":"   5,60"},{"seq":"3","sqcand":"220000663374","n":"10","nm":"EZEQUIEL JUNIOR","cc":"REPUBLICANOS - REPUBLICANOS / PODE / PSL","nv":"SARGENTO ROBERTO","e":"n","st":"N\u00e3o eleito","dvt":"V\u00e1lido","vap":"1792","pvap":"  12,04"},{"seq":"2","sqcand":"220001064639","n":"77","nm":"LEOMAR PATRICIO","cc":"SOLIDARIEDADE - PT / SOLIDARIEDADE / PP","nv":"JOAO DO BEC","e":"n","st":"N\u00e3o eleito","dvt":"V\u00e1lido","vap":"3473","pvap":"  23,34"},{"seq":"1","sqcand":"220000661439","n":"25","nm":"PAULO DA REMAP","cc":"DEM - DEM / PDT","nv":"CL\u00c1UDIO DA RONDO MOTOS","e":"s","st":"Eleito","dvt":"V\u00e1lido","vap":"5584","pvap":"  37,53"},{"seq":"5","sqcand":"220000824373","n":"15","nm":"CELSO COELHO","cc":"MDB - PTB / MDB","nv":"A\u00c9CIO","e":"n","st":"N\u00e3o eleito","dvt":"V\u00e1lido","vap":"1193","pvap":"   8,02"}]}
