{"ele":"426","tpabr":"mu","cdabr":"00418","carper":"11","t":"1","f":"o","dt":"15/11/2020","ht":"21:34:26","dv":"s","tf":"s","v":"1","esae":"n","mnae":"","s":"43","st":"43","pst":" 100,00","snt":"0","psnt":"   0,00","si":"43","psi":" 100,00","sni":"0","psni":"   0,00","sa":"43","psa":" 100,00","sna":"0","psna":"   0,00","e":"17465","ea":"17465","pea":" 100,00","ena":"0","pena":"   0,00","esi":"17465","pesi":" 100,00","esni":"0","pesni":"   0,00","c":"12742","pc":"  72,96","a":"4723","pa":"  27,04","vscv":"0","vnom":"12223","pvnom":" 100,00","vvc":"12223","pvvc":"  95,93","vb":"174","pvb":"   1,36","tvn":"345","ptvn":"   2,71","vn":"345","pvn":" 100,00","vnt":"0","pvnt":"   0,00","vp":"0","pvp":"   0,00","vv":"12223","pvv":" 100,00","van":"0","pvan":"   0,00","vansj":"0","pvansj":"   0,00","tv":"12742","cand":[{"seq":"3","sqcand":"220001081287","n":"13","nm":"DR. F\u00c1BIO","cc":"PT","nv":"DIDA DA LINHA 82","e":"n","st":"N\u00e3o eleito","dvt":"V\u00e1lido","vap":"2667","pvap":"  21,82"},{"seq":"4","sqcand":"220000724294","n":"10","nm":"WILLIAMS OKAMOTO","cc":"REPUBLICANOS - PATRIOTA / REPUBLICANOS","nv":"EDUARDO MATAJUNTA","e":"n","st":"N\u00e3o eleito","dvt":"V\u00e1lido","vap":"494","pvap":"   4,04"},{"seq":"1","sqcand":"220000646880","n":"15","nm":"CORNELIO","cc":"MDB - MDB / CIDADANIA / PDT / DC / PSD","nv":"RONALDO","e":"s","st":"Eleito","dvt":"V\u00e1lido","vap":"5310","pvap":"  43,44"},{"seq":"2","sqcand":"220000684149","n":"11","nm":"CRISPIN","cc":"PP - PP / PODE / DEM / PSB / PSDB / PROS / PTB","nv":"JAIR TOPCAR","e":"n","st":"N\u00e3o eleito","dvt":"V\u00e1lido","vap":"3420","pvap":"  27,98"},{"seq":"5","sqcand":"220000770680","n":"77","nm":"RONES MESQUITA","cc":"SOLIDARIEDADE","nv":"EDINALVA MOREIRA","e":"n","st":"N\u00e3o eleito","dvt":"V\u00e1lido","vap":"332","pvap":"   2,72"}]}
