{"ele":"426","tpabr":"mu","cdabr":"00515","carper":"11","t":"1","f":"o","dt":"15/11/2020","ht":"21:22:03","dv":"s","tf":"s","v":"1","esae":"n","mnae":"","s":"17","st":"17","pst":" 100,00","snt":"0","psnt":"   0,00","si":"17","psi":" 100,00","sni":"0","psni":"   0,00","sa":"17","psa":" 100,00","sna":"0","psna":"   0,00","e":"6700","ea":"6700","pea":" 100,00","ena":"0","pena":"   0,00","esi":"6700","pesi":" 100,00","esni":"0","pesni":"   0,00","c":"5431","pc":"  81,06","a":"1269","pa":"  18,94","vscv":"0","vnom":"5126","pvnom":" 100,00","vvc":"5126","pvvc":"  94,38","vb":"97","pvb":"   1,79","tvn":"208","ptvn":"   3,83","vn":"208","pvn":" 100,00","vnt":"0","pvnt":"   0,00","vp":"0","pvp":"   0,00","vv":"5126","pvv":" 100,00","van":"0","pvan":"   0,00","vansj":"0","pvansj":"   0,00","tv":"5431","cand":[{"seq":"2","sqcand":"220000881839","n":"55","nm":"KLEBER FERMINO","cc":"PSD - PTB / PSDB / PMN / DEM / PL / PODE / PSD","nv":"NARA SIMONE","e":"n","st":"N\u00e3o eleito","dvt":"V\u00e1lido","vap":"1496","pvap":"  29,18"},{"seq":"1","sqcand":"220000881520","n":"15","nm":"PROF CLEITON CHEREGATTO","cc":"MDB - MDB / PSB / PSL","nv":"RONALDO DELAZARI","e":"s","st":"Eleito","dvt":"V\u00e1lido","vap":"3630","pvap":"  70,82"}]}
