{"ele":"426","tpabr":"mu","cdabr":"00574","carper":"11","t":"1","f":"o","dt":"15/11/2020","ht":"21:28:45","dv":"s","tf":"s","v":"1","esae":"n","mnae":"","s":"24","st":"24","pst":" 100,00","snt":"0","psnt":"   0,00","si":"24","psi":" 100,00","sni":"0","psni":"   0,00","sa":"24","psa":" 100,00","sna":"0","psna":"   0,00","e":"9156","ea":"9156","pea":" 100,00","ena":"0","pena":"   0,00","esi":"9156","pesi":" 100,00","esni":"0","pesni":"   0,00","c":"6753","pc":"  73,75","a":"2403","pa":"  26,25","vscv":"0","vnom":"6533","pvnom":" 100,00","vvc":"6533","pvvc":"  96,74","vb":"75","pvb":"   1,11","tvn":"145","ptvn":"   2,15","vn":"145","pvn":" 100,00","vnt":"0","pvnt":"   0,00","vp":"0","pvp":"   0,00","vv":"6533","pvv":" 100,00","van":"0","pvan":"   0,00","vansj":"0","pvansj":"   0,00","tv":"6753","cand":[{"seq":"4","sqcand":"220001213571","n":"17","nm":"FERNANDO CIVIL","cc":"PSL","nv":"RENATO FOTOGRAFO","e":"n","st":"N\u00e3o eleito","dvt":"V\u00e1lido","vap":"158","pvap":"   2,42"},{"seq":"2","sqcand":"220000739141","n":"15","nm":"ADINALDO DE ANDRADE","cc":"MDB - MDB / PP","nv":"WAGNER ALVES","e":"n","st":"N\u00e3o eleito","dvt":"V\u00e1lido","vap":"2758","pvap":"  42,22"},{"seq":"5","sqcand":"220000845716","n":"65","nm":"TI\u00c3O ASA BRANCA","cc":"PC do B","nv":"ELIZETE","e":"n","st":"N\u00e3o eleito","dvt":"V\u00e1lido","vap":"139","pvap":"   2,13"},{"seq":"1","sqcand":"220000738274","n":"12","nm":"EVALDO","cc":"PDT - PDT / PSDB / PROS / PSB","nv":"Z\u00c9 BARBOSA","e":"s","st":"Eleito","dvt":"V\u00e1lido","vap":"3152","pvap":"  48,25"},{"seq":"3","sqcand":"220001053393","n":"51","nm":"AGUIAR PATRIOTA","cc":"PATRIOTA - PATRIOTA / PTB","nv":"JORJ\u00c3O DA 60","e":"n","st":"N\u00e3o eleito","dvt":"V\u00e1lido","vap":"326","pvap":"   4,99"}]}
