{"ele":"426","tpabr":"mu","cdabr":"00582","carper":"11","t":"1","f":"o","dt":"15/11/2020","ht":"21:34:53","dv":"s","tf":"s","v":"1","esae":"n","mnae":"","s":"27","st":"27","pst":" 100,00","snt":"0","psnt":"   0,00","si":"27","psi":" 100,00","sni":"0","psni":"   0,00","sa":"27","psa":" 100,00","sna":"0","psna":"   0,00","e":"9997","ea":"9997","pea":" 100,00","ena":"0","pena":"   0,00","esi":"9997","pesi":" 100,00","esni":"0","pesni":"   0,00","c":"7493","pc":"  74,95","a":"2504","pa":"  25,05","vscv":"0","vnom":"7234","pvnom":" 100,00","vvc":"7234","pvvc":"  96,54","vb":"76","pvb":"   1,02","tvn":"183","ptvn":"   2,44","vn":"183","pvn":" 100,00","vnt":"0","pvnt":"   0,00","vp":"0","pvp":"   0,00","vv":"7234","pvv":" 100,00","van":"0","pvan":"   0,00","vansj":"0","pvansj":"   0,00","tv":"7493","cand":[{"seq":"2","sqcand":"220001036671","n":"40","nm":"PAULO CESAR BASILIO","cc":"PSB - PSB / PP","nv":"EVANDRO CANCIAN","e":"n","st":"N\u00e3o eleito","dvt":"V\u00e1lido","vap":"1889","pvap":"  26,11"},{"seq":"5","sqcand":"220000769690","n":"13","nm":"MARCELO","cc":"PT","nv":"HEIDER DO SINDICATO","e":"n","st":"N\u00e3o eleito","dvt":"V\u00e1lido","vap":"270","pvap":"   3,73"},{"seq":"3","sqcand":"220000724827","n":"55","nm":"DIOGO SILVA","cc":"PSD - PMN / PSD","nv":"SIDNEI DA COOPERATIVA","e":"n","st":"N\u00e3o eleito","dvt":"V\u00e1lido","vap":"1178","pvap":"  16,28"},{"seq":"4","sqcand":"220001112786","n":"12","nm":"LEONILDE GARDA","cc":"PDT","nv":"APARECIDO CARLOS RIBEIRO","e":"n","st":"N\u00e3o eleito","dvt":"V\u00e1lido","vap":"1104","pvap":"  15,26"},{"seq":"1","sqcand":"220000917846","n":"15","nm":"ARMANDO","cc":"MDB - REPUBLICANOS / MDB","nv":"CLAUDIO DO MARACUJA","e":"s","st":"Eleito","dvt":"V\u00e1lido","vap":"2793","pvap":"  38,61"}]}
