{"ele":"426","tpabr":"mu","cdabr":"00590","carper":"11","t":"1","f":"o","dt":"15/11/2020","ht":"21:13:38","dv":"s","tf":"s","v":"1","esae":"n","mnae":"","s":"22","st":"22","pst":" 100,00","snt":"0","psnt":"   0,00","si":"22","psi":" 100,00","sni":"0","psni":"   0,00","sa":"22","psa":" 100,00","sna":"0","psna":"   0,00","e":"8175","ea":"8175","pea":" 100,00","ena":"0","pena":"   0,00","esi":"8175","pesi":" 100,00","esni":"0","pesni":"   0,00","c":"6217","pc":"  76,05","a":"1958","pa":"  23,95","vscv":"0","vnom":"5988","pvnom":" 100,00","vvc":"5988","pvvc":"  96,32","vb":"61","pvb":"   0,98","tvn":"168","ptvn":"   2,70","vn":"168","pvn":" 100,00","vnt":"0","pvnt":"   0,00","vp":"0","pvp":"   0,00","vv":"5988","pvv":" 100,00","van":"0","pvan":"   0,00","vansj":"0","pvansj":"   0,00","tv":"6217","cand":[{"seq":"1","sqcand":"220000768578","n":"55","nm":"GILLIARD GOMES","cc":"PSD - REPUBLICANOS / MDB / PSD","nv":"GILMAR DO PALMARES","e":"s","st":"Eleito","dvt":"V\u00e1lido","vap":"2566","pvap":"  42,85"},{"seq":"4","sqcand":"220000870454","n":"40","nm":"ERASMO VIZILATO","cc":"PSB","nv":"REGIGLEI GIL","e":"n","st":"N\u00e3o eleito","dvt":"V\u00e1lido","vap":"834","pvap":"  13,93"},{"seq":"2","sqcand":"220001068030","n":"12","nm":"JOSE ABEL","cc":"PDT - PDT / DEM / PV","nv":"ROSE DO LIMA","e":"n","st":"N\u00e3o eleito","dvt":"V\u00e1lido","vap":"1360","pvap":"  22,71"},{"seq":"3","sqcand":"220000788775","n":"45","nm":"DR JO\u00c3O MOREIRA","cc":"PSDB - PT / PSDB","nv":"CARLINHOS DO SINDICATO","e":"n","st":"N\u00e3o eleito","dvt":"V\u00e1lido","vap":"1228","pvap":"  20,51"}]}
