{"ele":"426","tpabr":"mu","cdabr":"00604","carper":"11","t":"1","f":"o","dt":"15/11/2020","ht":"22:15:11","dv":"s","tf":"s","v":"1","esae":"n","mnae":"","s":"17","st":"17","pst":" 100,00","snt":"0","psnt":"   0,00","si":"17","psi":" 100,00","sni":"0","psni":"   0,00","sa":"17","psa":" 100,00","sna":"0","psna":"   0,00","e":"6115","ea":"6115","pea":" 100,00","ena":"0","pena":"   0,00","esi":"6115","pesi":" 100,00","esni":"0","pesni":"   0,00","c":"4914","pc":"  80,36","a":"1201","pa":"  19,64","vscv":"0","vnom":"3514","pvnom":" 100,00","vvc":"4707","pvvc":"  95,79","vb":"82","pvb":"   1,67","tvn":"125","ptvn":"   2,54","vn":"125","pvn":" 100,00","vnt":"0","pvnt":"   0,00","vp":"0","pvp":"   0,00","vv":"3514","pvv":"  74,65","van":"0","pvan":"   0,00","vansj":"1193","pvansj":"  25,35","tv":"4914","cand":[{"seq":"2","sqcand":"220001137176","n":"19","nm":"WILS\u00c3O","cc":"PODE","nv":"VILDO DA FARM\u00c1CIA","e":"n","st":"N\u00e3o eleito","dvt":"V\u00e1lido","vap":"1591","pvap":"  33,80"},{"seq":"3","sqcand":"220000681690","n":"40","nm":"JAP\u00c3O","cc":"PSB - PSB / DEM / PT","nv":"MAJO","e":"n","st":"N\u00e3o eleito","dvt":"Anulado sub judice","vap":"1193","pvap":"  25,35"},{"seq":"1","sqcand":"220000668785","n":"55","nm":"MILLA DA AGRICULTURA","cc":"PSD","nv":"MARIO FOF\u00c3O","e":"s","st":"Eleito","dvt":"V\u00e1lido","vap":"1923","pvap":"  40,85"}]}
