{"ele":"426","tpabr":"mu","cdabr":"00612","carper":"11","t":"1","f":"o","dt":"15/11/2020","ht":"21:14:38","dv":"s","tf":"s","v":"1","esae":"n","mnae":"","s":"20","st":"20","pst":" 100,00","snt":"0","psnt":"   0,00","si":"20","psi":" 100,00","sni":"0","psni":"   0,00","sa":"20","psa":" 100,00","sna":"0","psna":"   0,00","e":"7559","ea":"7559","pea":" 100,00","ena":"0","pena":"   0,00","esi":"7559","pesi":" 100,00","esni":"0","pesni":"   0,00","c":"5843","pc":"  77,30","a":"1716","pa":"  22,70","vscv":"0","vnom":"4892","pvnom":" 100,00","vvc":"5627","pvvc":"  96,30","vb":"71","pvb":"   1,22","tvn":"145","ptvn":"   2,48","vn":"145","pvn":" 100,00","vnt":"0","pvnt":"   0,00","vp":"0","pvp":"   0,00","vv":"4892","pvv":"  86,94","van":"0","pvan":"   0,00","vansj":"735","pvansj":"  13,06","tv":"5843","cand":[{"seq":"2","sqcand":"220001108541","n":"10","nm":"JO\u00c3O PACI\u00caCIA","cc":"REPUBLICANOS - REPUBLICANOS / DEM / PT","nv":"OSVALDO DA CASA COLONOS","e":"n","st":"N\u00e3o eleito","dvt":"V\u00e1lido","vap":"2341","pvap":"  41,60"},{"seq":"1","sqcand":"220000653996","n":"11","nm":"GILMAR TOMAZ","cc":"PP - PP / PROS","nv":"AGNALD\u00c3O DA 625","e":"s","st":"Eleito","dvt":"V\u00e1lido","vap":"2551","pvap":"  45,33"},{"seq":"3","sqcand":"220001122542","n":"15","nm":"BET\u00c3O","cc":"MDB - PDT / MDB","nv":"LAERCIO DO CICLISTRO","e":"n","st":"N\u00e3o eleito","dvt":"Anulado sub judice","vap":"735","pvap":"  13,06"}]}
