{"ele":"426","tpabr":"mu","cdabr":"00620","carper":"11","t":"1","f":"o","dt":"15/11/2020","ht":"21:09:49","dv":"s","tf":"s","v":"1","esae":"n","mnae":"","s":"11","st":"11","pst":" 100,00","snt":"0","psnt":"   0,00","si":"11","psi":" 100,00","sni":"0","psni":"   0,00","sa":"11","psa":" 100,00","sna":"0","psna":"   0,00","e":"3963","ea":"3963","pea":" 100,00","ena":"0","pena":"   0,00","esi":"3963","pesi":" 100,00","esni":"0","pesni":"   0,00","c":"3122","pc":"  78,78","a":"841","pa":"  21,22","vscv":"0","vnom":"3002","pvnom":" 100,00","vvc":"3002","pvvc":"  96,16","vb":"22","pvb":"   0,70","tvn":"98","ptvn":"   3,14","vn":"98","pvn":" 100,00","vnt":"0","pvnt":"   0,00","vp":"0","pvp":"   0,00","vv":"3002","pvv":" 100,00","van":"0","pvan":"   0,00","vansj":"0","pvansj":"   0,00","tv":"3122","cand":[{"seq":"3","sqcand":"220000661796","n":"55","nm":"NEUZINHA","cc":"PSD - PSDB / PSD","nv":"VALMOR MACIEL","e":"n","st":"N\u00e3o eleito","dvt":"V\u00e1lido","vap":"805","pvap":"  26,82"},{"seq":"1","sqcand":"220000783957","n":"25","nm":"DANIELZINHO","cc":"DEM - MDB / PSB / DEM / PT","nv":"JOAO CAETANO","e":"s","st":"Eleito","dvt":"V\u00e1lido","vap":"1115","pvap":"  37,14"},{"seq":"2","sqcand":"220001238247","n":"11","nm":"DOUGLAS PIEPER DOS SANTOS","cc":"PP - PP / PSL","nv":"MANOEL FERNANDES PEREIRA","e":"n","st":"N\u00e3o eleito","dvt":"V\u00e1lido","vap":"1082","pvap":"  36,04"}]}
