{"ele":"426","tpabr":"mu","cdabr":"00639","carper":"11","t":"1","f":"o","dt":"15/11/2020","ht":"21:34:20","dv":"s","tf":"s","v":"1","esae":"n","mnae":"","s":"33","st":"33","pst":" 100,00","snt":"0","psnt":"   0,00","si":"33","psi":" 100,00","sni":"0","psni":"   0,00","sa":"33","psa":" 100,00","sna":"0","psna":"   0,00","e":"11766","ea":"11766","pea":" 100,00","ena":"0","pena":"   0,00","esi":"11766","pesi":" 100,00","esni":"0","pesni":"   0,00","c":"8640","pc":"  73,43","a":"3126","pa":"  26,57","vscv":"0","vnom":"8351","pvnom":" 100,00","vvc":"8351","pvvc":"  96,66","vb":"96","pvb":"   1,11","tvn":"193","ptvn":"   2,23","vn":"193","pvn":" 100,00","vnt":"0","pvnt":"   0,00","vp":"0","pvp":"   0,00","vv":"8351","pvv":" 100,00","van":"0","pvan":"   0,00","vansj":"0","pvansj":"   0,00","tv":"8640","cand":[{"seq":"4","sqcand":"220001235758","n":"10","nm":"\u00c9RICA CASARIN","cc":"REPUBLICANOS - REPUBLICANOS / PT","nv":"BETA","e":"n","st":"N\u00e3o eleito","dvt":"V\u00e1lido","vap":"1331","pvap":"  15,94"},{"seq":"1","sqcand":"220000938273","n":"25","nm":"JO\u00c3O PAVAN","cc":"DEM - DEM / PSB / PSL","nv":"EVERALDO GABALDO","e":"s","st":"Eleito","dvt":"V\u00e1lido","vap":"2723","pvap":"  32,61"},{"seq":"5","sqcand":"220000679582","n":"20","nm":"DRA NADIR DIODATO","cc":"PSC","nv":"ROSANGELA VEIGA","e":"n","st":"N\u00e3o eleito","dvt":"V\u00e1lido","vap":"800","pvap":"   9,58"},{"seq":"2","sqcand":"220000840718","n":"11","nm":"MARCOS FROES","cc":"PP - PSDB / PP","nv":"GERSON SOUZA","e":"n","st":"N\u00e3o eleito","dvt":"V\u00e1lido","vap":"1794","pvap":"  21,48"},{"seq":"3","sqcand":"220000799167","n":"12","nm":"HELMA AMORIM","cc":"PDT - PDT / MDB","nv":"GEROALDO DA 95","e":"n","st":"N\u00e3o eleito","dvt":"V\u00e1lido","vap":"1703","pvap":"  20,39"}]}
