{"ele":"426","tpabr":"mu","cdabr":"00655","carper":"11","t":"1","f":"o","dt":"15/11/2020","ht":"21:20:48","dv":"s","tf":"s","v":"1","esae":"n","mnae":"","s":"16","st":"16","pst":" 100,00","snt":"0","psnt":"   0,00","si":"16","psi":" 100,00","sni":"0","psni":"   0,00","sa":"16","psa":" 100,00","sna":"0","psna":"   0,00","e":"5612","ea":"5612","pea":" 100,00","ena":"0","pena":"   0,00","esi":"5612","pesi":" 100,00","esni":"0","pesni":"   0,00","c":"4516","pc":"  80,47","a":"1096","pa":"  19,53","vscv":"0","vnom":"4322","pvnom":" 100,00","vvc":"4322","pvvc":"  95,70","vb":"42","pvb":"   0,93","tvn":"152","ptvn":"   3,37","vn":"152","pvn":" 100,00","vnt":"0","pvnt":"   0,00","vp":"0","pvp":"   0,00","vv":"4322","pvv":" 100,00","van":"0","pvan":"   0,00","vansj":"0","pvansj":"   0,00","tv":"4516","cand":[{"seq":"3","sqcand":"220000663093","n":"11","nm":"DEOCLECIANO DA DIZAL","cc":"PP - PV / PP / PTB","nv":"CHICO ORLANDO","e":"n","st":"N\u00e3o eleito","dvt":"V\u00e1lido","vap":"706","pvap":"  16,34"},{"seq":"4","sqcand":"220001262899","n":"45","nm":"JUNIOR MARCON","cc":"PSDB","nv":"JULIANA","e":"n","st":"N\u00e3o eleito","dvt":"V\u00e1lido","vap":"351","pvap":"   8,12"},{"seq":"2","sqcand":"220000862759","n":"12","nm":"LAERCIO","cc":"PDT - PDT / PT","nv":"TEREZINHA DO SINDICATO","e":"n","st":"N\u00e3o eleito","dvt":"V\u00e1lido","vap":"1178","pvap":"  27,26"},{"seq":"1","sqcand":"220000649931","n":"40","nm":"LEANDRO DA SA\u00daDE","cc":"PSB - PSB / DEM","nv":"MARCELO CRISOSTOMO","e":"s","st":"Eleito","dvt":"V\u00e1lido","vap":"2087","pvap":"  48,29"}]}
