{"ele":"426","tpabr":"mu","cdabr":"00710","carper":"11","t":"1","f":"o","dt":"15/11/2020","ht":"21:24:39","dv":"s","tf":"s","v":"1","esae":"n","mnae":"","s":"12","st":"12","pst":" 100,00","snt":"0","psnt":"   0,00","si":"12","psi":" 100,00","sni":"0","psni":"   0,00","sa":"12","psa":" 100,00","sna":"0","psna":"   0,00","e":"4376","ea":"4376","pea":" 100,00","ena":"0","pena":"   0,00","esi":"4376","pesi":" 100,00","esni":"0","pesni":"   0,00","c":"3643","pc":"  83,25","a":"733","pa":"  16,75","vscv":"0","vnom":"3501","pvnom":" 100,00","vvc":"3501","pvvc":"  96,10","vb":"36","pvb":"   0,99","tvn":"106","ptvn":"   2,91","vn":"106","pvn":" 100,00","vnt":"0","pvnt":"   0,00","vp":"0","pvp":"   0,00","vv":"3501","pvv":" 100,00","van":"0","pvan":"   0,00","vansj":"0","pvansj":"   0,00","tv":"3643","cand":[{"seq":"1","sqcand":"220000932382","n":"55","nm":"NEY DA PAIOL","cc":"PSD - PSB / PSD / PDT / DEM","nv":"EDINHO DA FA","e":"s","st":"Eleito","dvt":"V\u00e1lido","vap":"1654","pvap":"  47,24"},{"seq":"2","sqcand":"220000782013","n":"15","nm":"ZE LUIZ","cc":"MDB - MDB / PT","nv":"PROFESSOR FRANCISCO","e":"n","st":"N\u00e3o eleito","dvt":"V\u00e1lido","vap":"1347","pvap":"  38,47"},{"seq":"3","sqcand":"220001179875","n":"22","nm":"MARCIO FERREIRA","cc":"PL - PTB / PL","nv":"VALDILEI SERGIO","e":"n","st":"N\u00e3o eleito","dvt":"V\u00e1lido","vap":"500","pvap":"  14,28"}]}
