{"ele":"426","tpabr":"mu","cdabr":"00744","carper":"11","t":"1","f":"o","dt":"15/11/2020","ht":"21:41:49","dv":"s","tf":"s","v":"1","esae":"n","mnae":"","s":"14","st":"14","pst":" 100,00","snt":"0","psnt":"   0,00","si":"14","psi":" 100,00","sni":"0","psni":"   0,00","sa":"14","psa":" 100,00","sna":"0","psna":"   0,00","e":"5564","ea":"5564","pea":" 100,00","ena":"0","pena":"   0,00","esi":"5564","pesi":" 100,00","esni":"0","pesni":"   0,00","c":"4227","pc":"  75,97","a":"1337","pa":"  24,03","vscv":"0","vnom":"4028","pvnom":" 100,00","vvc":"4028","pvvc":"  95,29","vb":"67","pvb":"   1,59","tvn":"132","ptvn":"   3,12","vn":"132","pvn":" 100,00","vnt":"0","pvnt":"   0,00","vp":"0","pvp":"   0,00","vv":"4028","pvv":" 100,00","van":"0","pvan":"   0,00","vansj":"0","pvansj":"   0,00","tv":"4227","cand":[{"seq":"1","sqcand":"220000739325","n":"55","nm":"JO\u00c3O LEVI","cc":"PSD - PSD / PDT / PT / DEM / PSDB","nv":"PASTOR ON\u00c9ZIO","e":"s","st":"Eleito","dvt":"V\u00e1lido","vap":"2452","pvap":"  60,87"},{"seq":"2","sqcand":"220000874627","n":"15","nm":"ADINAEL DE AZEVEDO","cc":"MDB - MDB / PV / PC do B","nv":"PEDRINHO","e":"n","st":"N\u00e3o eleito","dvt":"V\u00e1lido","vap":"1576","pvap":"  39,13"}]}
