{"ele":"426","tpabr":"mu","cdabr":"00779","carper":"11","t":"1","f":"o","dt":"15/11/2020","ht":"21:34:23","dv":"s","tf":"s","v":"1","esae":"n","mnae":"","s":"57","st":"57","pst":" 100,00","snt":"0","psnt":"   0,00","si":"57","psi":" 100,00","sni":"0","psni":"   0,00","sa":"57","psa":" 100,00","sna":"0","psna":"   0,00","e":"22608","ea":"22608","pea":" 100,00","ena":"0","pena":"   0,00","esi":"22608","pesi":" 100,00","esni":"0","pesni":"   0,00","c":"14804","pc":"  65,48","a":"7804","pa":"  34,52","vscv":"0","vnom":"13989","pvnom":" 100,00","vvc":"13989","pvvc":"  94,49","vb":"306","pvb":"   2,07","tvn":"509","ptvn":"   3,44","vn":"509","pvn":" 100,00","vnt":"0","pvnt":"   0,00","vp":"0","pvp":"   0,00","vv":"13989","pvv":" 100,00","van":"0","pvan":"   0,00","vansj":"0","pvansj":"   0,00","tv":"14804","cand":[{"seq":"4","sqcand":"220000808314","n":"19","nm":"HELTHON VAGNO","cc":"PODE","nv":"PASTOR ALDAIR ","e":"n","st":"N\u00e3o eleito","dvt":"V\u00e1lido","vap":"610","pvap":"   4,36"},{"seq":"2","sqcand":"220001200616","n":"77","nm":"DICO","cc":"SOLIDARIEDADE - SOLIDARIEDADE / MDB","nv":"JOSE NELSON","e":"n","st":"N\u00e3o eleito","dvt":"V\u00e1lido","vap":"5287","pvap":"  37,79"},{"seq":"1","sqcand":"220001217929","n":"12","nm":"RONI IRM\u00c3OZINHO","cc":"PDT - PDT / PROS","nv":"JOABE","e":"s","st":"Eleito","dvt":"V\u00e1lido","vap":"6542","pvap":"  46,77"},{"seq":"5","sqcand":"220001061139","n":"14","nm":"NILSON DA BURITIS TRANSPORTES","cc":"PTB - PTB / PSDB","nv":"ODAIR MECANICO ","e":"n","st":"N\u00e3o eleito","dvt":"V\u00e1lido","vap":"377","pvap":"   2,69"},{"seq":"3","sqcand":"220000989369","n":"51","nm":"PROFESSOR EVANILDO","cc":"PATRIOTA - PSL / PATRIOTA","nv":"ADENIR EFFGEN","e":"n","st":"N\u00e3o eleito","dvt":"V\u00e1lido","vap":"1173","pvap":"   8,39"}]}
