{"ele":"426","tpabr":"mu","cdabr":"01007","carper":"11","t":"1","f":"o","dt":"15/11/2020","ht":"21:14:49","dv":"s","tf":"s","v":"1","esae":"n","mnae":"","s":"25","st":"25","pst":" 100,00","snt":"0","psnt":"   0,00","si":"25","psi":" 100,00","sni":"0","psni":"   0,00","sa":"25","psa":" 100,00","sna":"0","psna":"   0,00","e":"9613","ea":"9613","pea":" 100,00","ena":"0","pena":"   0,00","esi":"9613","pesi":" 100,00","esni":"0","pesni":"   0,00","c":"7387","pc":"  76,84","a":"2226","pa":"  23,16","vscv":"0","vnom":"7051","pvnom":" 100,00","vvc":"7051","pvvc":"  95,45","vb":"79","pvb":"   1,07","tvn":"257","ptvn":"   3,48","vn":"257","pvn":" 100,00","vnt":"0","pvnt":"   0,00","vp":"0","pvp":"   0,00","vv":"7051","pvv":" 100,00","van":"0","pvan":"   0,00","vansj":"0","pvansj":"   0,00","tv":"7387","cand":[{"seq":"4","sqcand":"10001002483","n":"77","nm":"MISSION\u00c1RIA FABR\u00cdCIA","cc":"SOLIDARIEDADE","nv":"CLAUDIO DO BEL","e":"n","st":"N\u00e3o eleito","dvt":"V\u00e1lido","vap":"431","pvap":"   6,11"},{"seq":"1","sqcand":"10000964756","n":"12","nm":"PADEIRO","cc":"PDT - MDB / PC do B / PDT / DEM","nv":"FRANCISCO CHAGAS","e":"s","st":"Eleito","dvt":"V\u00e1lido","vap":"3386","pvap":"  48,02"},{"seq":"3","sqcand":"10000744295","n":"40","nm":"JACAR\u00c9","cc":"PSB - PSD / PSB","nv":"PROFESSORA MARILEIDE","e":"n","st":"N\u00e3o eleito","dvt":"V\u00e1lido","vap":"735","pvap":"  10,42"},{"seq":"5","sqcand":"10001001574","n":"13","nm":"ORLANDO DINIZ","cc":"PT - PT / PL","nv":"S\u00c2MIA OLIVEIRA","e":"n","st":"N\u00e3o eleito","dvt":"V\u00e1lido","vap":"188","pvap":"   2,67"},{"seq":"2","sqcand":"10000958892","n":"11","nm":"ROMUALDO ARA\u00daJO","cc":"PP - PSDB / PROS / REPUBLICANOS / PATRIOTA / AVANTE / PP","nv":"ZILMAR ROCHA","e":"n","st":"N\u00e3o eleito","dvt":"V\u00e1lido","vap":"2311","pvap":"  32,78"}]}
