{"ele":"426","tpabr":"mu","cdabr":"01040","carper":"11","t":"1","f":"o","dt":"17/11/2020","ht":"09:23:05","dv":"s","tf":"s","v":"1","esae":"n","mnae":"","s":"34","st":"34","pst":" 100,00","snt":"0","psnt":"   0,00","si":"34","psi":" 100,00","sni":"0","psni":"   0,00","sa":"34","psa":" 100,00","sna":"0","psna":"   0,00","e":"10491","ea":"10491","pea":" 100,00","ena":"0","pena":"   0,00","esi":"10491","pesi":" 100,00","esni":"0","pesni":"   0,00","c":"8616","pc":"  82,13","a":"1875","pa":"  17,87","vscv":"0","vnom":"8373","pvnom":" 100,00","vvc":"8373","pvvc":"  97,18","vb":"15","pvb":"   0,17","tvn":"228","ptvn":"   2,65","vn":"228","pvn":" 100,00","vnt":"0","pvnt":"   0,00","vp":"0","pvp":"   0,00","vv":"8373","pvv":" 100,00","van":"0","pvan":"   0,00","vansj":"0","pvansj":"   0,00","tv":"8616","cand":[{"seq":"2","sqcand":"10001266206","n":"13","nm":"CARLENE DE S\u00c1","cc":"PT - PDT / MDB / PT / PSB / PL","nv":"GEAN DELES","e":"n","st":"N\u00e3o eleito","dvt":"V\u00e1lido","vap":"3303","pvap":"  39,45"},{"seq":"1","sqcand":"10000801971","n":"55","nm":"ISAAC PIYAKO","cc":"PSD - PSD / PC do B / PSDB / PP / SOLIDARIEDADE","nv":"VALDELIO FURTADO","e":"s","st":"Eleito","dvt":"V\u00e1lido","vap":"4521","pvap":"  53,99"},{"seq":"3","sqcand":"10000889943","n":"90","nm":"SILVANO QUEIROZ","cc":"PROS - PROS / PSC","nv":"PROFESSOR N\u00c1GUILO","e":"n","st":"N\u00e3o eleito","dvt":"V\u00e1lido","vap":"549","pvap":"   6,56"}]}
