{"ele":"426","tpabr":"mu","cdabr":"01066","carper":"11","t":"1","f":"o","dt":"17/11/2020","ht":"09:28:49","dv":"s","tf":"s","v":"1","esae":"n","mnae":"","s":"23","st":"23","pst":" 100,00","snt":"0","psnt":"   0,00","si":"23","psi":" 100,00","sni":"0","psni":"   0,00","sa":"23","psa":" 100,00","sna":"0","psna":"   0,00","e":"6570","ea":"6570","pea":" 100,00","ena":"0","pena":"   0,00","esi":"6570","pesi":" 100,00","esni":"0","pesni":"   0,00","c":"5658","pc":"  86,12","a":"912","pa":"  13,88","vscv":"0","vnom":"5423","pvnom":" 100,00","vvc":"5423","pvvc":"  95,85","vb":"21","pvb":"   0,37","tvn":"214","ptvn":"   3,78","vn":"214","pvn":" 100,00","vnt":"0","pvnt":"   0,00","vp":"0","pvp":"   0,00","vv":"5423","pvv":" 100,00","van":"0","pvan":"   0,00","vansj":"0","pvansj":"   0,00","tv":"5658","cand":[{"seq":"2","sqcand":"10000801178","n":"90","nm":"ARNOLDO LIMA","cc":"PROS - PP / PT / PROS / PDT / PSB","nv":"AURICELIO GON\u00c7ALVES","e":"n","st":"N\u00e3o eleito","dvt":"V\u00e1lido","vap":"2012","pvap":"  37,10"},{"seq":"1","sqcand":"10000804468","n":"15","nm":"CESAR ANDRADE","cc":"MDB - MDB / PL / PSDB / PSD / PC do B / DEM","nv":"GUARSONIO MELO","e":"s","st":"Eleito","dvt":"V\u00e1lido","vap":"3411","pvap":"  62,90"}]}
