{"ele":"426","tpabr":"mu","cdabr":"01082","carper":"11","t":"1","f":"o","dt":"15/11/2020","ht":"20:10:06","dv":"s","tf":"n","v":"1","esae":"n","mnae":"","s":"39","st":"39","pst":" 100,00","snt":"0","psnt":"   0,00","si":"39","psi":" 100,00","sni":"0","psni":"   0,00","sa":"39","psa":" 100,00","sna":"0","psna":"   0,00","e":"11388","ea":"11388","pea":" 100,00","ena":"0","pena":"   0,00","esi":"11388","pesi":" 100,00","esni":"0","pesni":"   0,00","c":"9303","pc":"  81,69","a":"2085","pa":"  18,31","vscv":"0","vnom":"8971","pvnom":" 100,00","vvc":"8971","pvvc":"  96,43","vb":"38","pvb":"   0,41","tvn":"294","ptvn":"   3,16","vn":"294","pvn":" 100,00","vnt":"0","pvnt":"   0,00","vp":"0","pvp":"   0,00","vv":"8971","pvv":" 100,00","van":"0","pvan":"   0,00","vansj":"0","pvansj":"   0,00","tv":"9303","cand":[{"seq":"4","sqcand":"10000939836","n":"11","nm":"DEM\u00c9TRIO LIVAS","cc":"PP - PP / PSL","nv":"DR. LUCAS ESMYTH","e":"n","st":"","dvt":"V\u00e1lido","vap":"307","pvap":"   3,42"},{"seq":"2","sqcand":"10000890853","n":"13","nm":"BURICA","cc":"PT - PT / MDB","nv":"ENFERMEIRA MANELISSE","e":"n","st":"","dvt":"V\u00e1lido","vap":"2340","pvap":"  26,08"},{"seq":"1","sqcand":"10001227111","n":"90","nm":"JAILSON AMORIM","cc":"PROS - PROS / PSD / PDT / PC do B / PSDB","nv":"PASTOR NILSON MAGALH\u00c3ES","e":"n","st":"","dvt":"V\u00e1lido","vap":"5977","pvap":"  66,63"},{"seq":"3","sqcand":"10001154267","n":"14","nm":"DR EMERSON","cc":"PTB - DEM / PTB","nv":"PROF NARCISO","e":"n","st":"","dvt":"V\u00e1lido","vap":"343","pvap":"   3,82"},{"seq":"5","sqcand":"10000664926","n":"50","nm":"JAILSON EUGENIO","cc":"PSOL","nv":"PR MARCELO","e":"n","st":"","dvt":"V\u00e1lido","vap":"4","pvap":"   0,04"}]}
