{"ele":"426","tpabr":"mu","cdabr":"01090","carper":"11","t":"1","f":"o","dt":"16/11/2020","ht":"17:52:33","dv":"s","tf":"s","v":"1","esae":"n","mnae":"","s":"42","st":"42","pst":" 100,00","snt":"0","psnt":"   0,00","si":"42","psi":" 100,00","sni":"0","psni":"   0,00","sa":"42","psa":" 100,00","sna":"0","psna":"   0,00","e":"13141","ea":"13141","pea":" 100,00","ena":"0","pena":"   0,00","esi":"13141","pesi":" 100,00","esni":"0","pesni":"   0,00","c":"10964","pc":"  83,43","a":"2177","pa":"  16,57","vscv":"0","vnom":"7575","pvnom":" 100,00","vvc":"7575","pvvc":"  69,09","vb":"68","pvb":"   0,62","tvn":"3321","ptvn":"  30,29","vn":"280","pvn":"   8,43","vnt":"3041","pvnt":"  91,57","vp":"0","pvp":"   0,00","vv":"7575","pvv":" 100,00","van":"0","pvan":"   0,00","vansj":"0","pvansj":"   0,00","tv":"10964","cand":[{"seq":"1","sqcand":"10000645733","n":"13","nm":"ISAAC LIMA","cc":"PT - PT / REPUBLICANOS / PDT / PSD / PC do B","nv":"ANGELA VALENTE","e":"s","st":"Eleito","dvt":"V\u00e1lido","vap":"4115","pvap":"  54,32"},{"seq":"2","sqcand":"10000664751","n":"15","nm":"CHIC\u00c3O","cc":"MDB - MDB / PSDB / PL","nv":"ISETE PINHEIRO","e":"n","st":"N\u00e3o eleito","dvt":"V\u00e1lido","vap":"3460","pvap":"  45,68"}]}
