{"ele":"426","tpabr":"mu","cdabr":"01104","carper":"11","t":"1","f":"o","dt":"16/11/2020","ht":"08:46:48","dv":"s","tf":"s","v":"1","esae":"n","mnae":"","s":"18","st":"18","pst":" 100,00","snt":"0","psnt":"   0,00","si":"18","psi":" 100,00","sni":"0","psni":"   0,00","sa":"18","psa":" 100,00","sna":"0","psna":"   0,00","e":"5209","ea":"5209","pea":" 100,00","ena":"0","pena":"   0,00","esi":"5209","pesi":" 100,00","esni":"0","pesni":"   0,00","c":"4308","pc":"  82,70","a":"901","pa":"  17,30","vscv":"0","vnom":"4186","pvnom":" 100,00","vvc":"4186","pvvc":"  97,17","vb":"14","pvb":"   0,32","tvn":"108","ptvn":"   2,51","vn":"108","pvn":" 100,00","vnt":"0","pvnt":"   0,00","vp":"0","pvp":"   0,00","vv":"4186","pvv":" 100,00","van":"0","pvan":"   0,00","vansj":"0","pvansj":"   0,00","tv":"4308","cand":[{"seq":"3","sqcand":"10000808597","n":"13","nm":"PROFESSORA N\u00c1GELA","cc":"PT - PSD / PT","nv":"EDIVAN ALBUQUERQUE","e":"n","st":"N\u00e3o eleito","dvt":"V\u00e1lido","vap":"915","pvap":"  21,86"},{"seq":"4","sqcand":"10001137142","n":"65","nm":"MARCEL RITHER","cc":"PC do B - PC do B / PP","nv":"SANDRA MENDON\u00c7A","e":"n","st":"N\u00e3o eleito","dvt":"V\u00e1lido","vap":"768","pvap":"  18,35"},{"seq":"2","sqcand":"10001135791","n":"15","nm":"ZEINA MELO","cc":"MDB - PSDB / MDB","nv":"IRM\u00c3O BARROTE","e":"n","st":"N\u00e3o eleito","dvt":"V\u00e1lido","vap":"1053","pvap":"  25,16"},{"seq":"5","sqcand":"10000824349","n":"22","nm":"JO\u00c3O DA MANGUABA","cc":"PL","nv":"ELIAS PAULINO","e":"n","st":"N\u00e3o eleito","dvt":"V\u00e1lido","vap":"186","pvap":"   4,44"},{"seq":"1","sqcand":"10000807983","n":"12","nm":"NAUDO RIBEIRO","cc":"PDT","nv":"FERNANDO SI\u00c3","e":"s","st":"Eleito","dvt":"V\u00e1lido","vap":"1264","pvap":"  30,20"}]}
