{"ele":"426","tpabr":"mu","cdabr":"01120","carper":"11","t":"1","f":"o","dt":"15/11/2020","ht":"21:58:14","dv":"s","tf":"s","v":"1","esae":"n","mnae":"","s":"32","st":"32","pst":" 100,00","snt":"0","psnt":"   0,00","si":"32","psi":" 100,00","sni":"0","psni":"   0,00","sa":"32","psa":" 100,00","sna":"0","psna":"   0,00","e":"9169","ea":"9169","pea":" 100,00","ena":"0","pena":"   0,00","esi":"9169","pesi":" 100,00","esni":"0","pesni":"   0,00","c":"7093","pc":"  77,36","a":"2076","pa":"  22,64","vscv":"0","vnom":"6849","pvnom":" 100,00","vvc":"6849","pvvc":"  96,56","vb":"54","pvb":"   0,76","tvn":"190","ptvn":"   2,68","vn":"190","pvn":" 100,00","vnt":"0","pvnt":"   0,00","vp":"0","pvp":"   0,00","vv":"6849","pvv":" 100,00","van":"0","pvan":"   0,00","vansj":"0","pvansj":"   0,00","tv":"7093","cand":[{"seq":"2","sqcand":"10000854328","n":"11","nm":"CAETANO","cc":"PP - PP / SOLIDARIEDADE / PSD","nv":"MARQUINHOS","e":"n","st":"N\u00e3o eleito","dvt":"V\u00e1lido","vap":"2405","pvap":"  35,11"},{"seq":"3","sqcand":"10001115585","n":"12","nm":"HADAM\u00c9S WILSON","cc":"PDT","nv":"LUCAS NOBRE","e":"n","st":"N\u00e3o eleito","dvt":"V\u00e1lido","vap":"1237","pvap":"  18,06"},{"seq":"1","sqcand":"10001072604","n":"15","nm":"OLAVINHO","cc":"MDB - PL / MDB / PSDB","nv":"GRAIA","e":"s","st":"Eleito","dvt":"V\u00e1lido","vap":"2638","pvap":"  38,52"},{"seq":"4","sqcand":"10000702299","n":"90","nm":"ROSA DO EURICO","cc":"PROS - PSL / PROS","nv":"LUIZ DO G\u00c1S ","e":"n","st":"N\u00e3o eleito","dvt":"V\u00e1lido","vap":"569","pvap":"   8,31"}]}
