{"ele":"426","tpabr":"mu","cdabr":"01139","carper":"11","t":"1","f":"o","dt":"16/11/2020","ht":"09:12:34","dv":"s","tf":"s","v":"1","esae":"n","mnae":"","s":"63","st":"63","pst":" 100,00","snt":"0","psnt":"   0,00","si":"63","psi":" 100,00","sni":"0","psni":"   0,00","sa":"63","psa":" 100,00","sna":"0","psna":"   0,00","e":"21561","ea":"21561","pea":" 100,00","ena":"0","pena":"   0,00","esi":"21561","pesi":" 100,00","esni":"0","pesni":"   0,00","c":"16218","pc":"  75,22","a":"5343","pa":"  24,78","vscv":"0","vnom":"15496","pvnom":" 100,00","vvc":"15496","pvvc":"  95,55","vb":"92","pvb":"   0,57","tvn":"630","ptvn":"   3,88","vn":"630","pvn":" 100,00","vnt":"0","pvnt":"   0,00","vp":"0","pvp":"   0,00","vv":"15496","pvv":" 100,00","van":"0","pvan":"   0,00","vansj":"0","pvansj":"   0,00","tv":"16218","cand":[{"seq":"2","sqcand":"10001096190","n":"15","nm":"FRANCIMAR FERNANDES","cc":"MDB - PL / MDB / PC do B / PSDB","nv":"PEL\u00c9 CAMPOS","e":"n","st":"N\u00e3o eleito","dvt":"V\u00e1lido","vap":"5716","pvap":"  36,89"},{"seq":"3","sqcand":"10001049674","n":"13","nm":"MAURO DEFESON","cc":"PT","nv":"VI DO SINDICATO","e":"n","st":"N\u00e3o eleito","dvt":"V\u00e1lido","vap":"706","pvap":"   4,56"},{"seq":"4","sqcand":"10001051009","n":"17","nm":"GERSON MEIRELES","cc":"PSL","nv":"CHICARLOS","e":"n","st":"N\u00e3o eleito","dvt":"V\u00e1lido","vap":"546","pvap":"   3,52"},{"seq":"1","sqcand":"10000809574","n":"11","nm":"KIEFER CAVALCANTE","cc":"PP - PP / PSD / DEM / SOLIDARIEDADE / PDT / PSB","nv":"ELSON JOSE","e":"s","st":"Eleito","dvt":"V\u00e1lido","vap":"8528","pvap":"  55,03"}]}
