{"ele":"426","tpabr":"mu","cdabr":"01511","carper":"11","t":"1","f":"o","dt":"15/11/2020","ht":"22:02:23","dv":"s","tf":"s","v":"1","esae":"n","mnae":"","s":"47","st":"47","pst":" 100,00","snt":"0","psnt":"   0,00","si":"47","psi":" 100,00","sni":"0","psni":"   0,00","sa":"47","psa":" 100,00","sna":"0","psna":"   0,00","e":"11964","ea":"11964","pea":" 100,00","ena":"0","pena":"   0,00","esi":"11964","pesi":" 100,00","esni":"0","pesni":"   0,00","c":"9823","pc":"  82,10","a":"2141","pa":"  17,90","vscv":"0","vnom":"9411","pvnom":" 100,00","vvc":"9411","pvvc":"  95,81","vb":"94","pvb":"   0,95","tvn":"318","ptvn":"   3,24","vn":"318","pvn":" 100,00","vnt":"0","pvnt":"   0,00","vp":"0","pvp":"   0,00","vv":"9411","pvv":" 100,00","van":"0","pvan":"   0,00","vansj":"0","pvansj":"   0,00","tv":"9823","cand":[{"seq":"4","sqcand":"10001210228","n":"17","nm":"DOUTORA JOANA D&apos;ARC","cc":"PSL","nv":"JAJ\u00c1","e":"n","st":"N\u00e3o eleito","dvt":"V\u00e1lido","vap":"94","pvap":"   1,00"},{"seq":"2","sqcand":"10001214317","n":"45","nm":"GEDEON BARROS","cc":"PSDB - DEM / PC do B / PSDB / REPUBLICANOS / PL","nv":"MAZINHO MARIANO","e":"n","st":"N\u00e3o eleito","dvt":"V\u00e1lido","vap":"2800","pvap":"  29,75"},{"seq":"1","sqcand":"10000977042","n":"55","nm":"CAMILO DA SILVA","cc":"PSD - PSD / PDT / PSB","nv":"PROF ENILTON PENA","e":"s","st":"Eleito","dvt":"V\u00e1lido","vap":"3838","pvap":"  40,78"},{"seq":"3","sqcand":"10000702031","n":"15","nm":"TAVARES","cc":"MDB - MDB / PP","nv":"MARCIO PEREIRA","e":"n","st":"N\u00e3o eleito","dvt":"V\u00e1lido","vap":"2679","pvap":"  28,47"}]}
