{"ele":"426","tpabr":"mu","cdabr":"02003","carper":"11","t":"1","f":"o","dt":"15/11/2020","ht":"21:31:27","dv":"s","tf":"s","v":"1","esae":"n","mnae":"","s":"29","st":"29","pst":" 100,00","snt":"0","psnt":"   0,00","si":"29","psi":" 100,00","sni":"0","psni":"   0,00","sa":"29","psa":" 100,00","sna":"0","psna":"   0,00","e":"10558","ea":"10558","pea":" 100,00","ena":"0","pena":"   0,00","esi":"10558","pesi":" 100,00","esni":"0","pesni":"   0,00","c":"7702","pc":"  72,95","a":"2856","pa":"  27,05","vscv":"0","vnom":"7408","pvnom":" 100,00","vvc":"7408","pvvc":"  96,18","vb":"61","pvb":"   0,79","tvn":"233","ptvn":"   3,03","vn":"233","pvn":" 100,00","vnt":"0","pvnt":"   0,00","vp":"0","pvp":"   0,00","vv":"7408","pvv":" 100,00","van":"0","pvan":"   0,00","vansj":"0","pvansj":"   0,00","tv":"7702","cand":[{"seq":"1","sqcand":"40001106608","n":"20","nm":"MARCOS LISE","cc":"PSC - PP / DEM / PSC / PSL / MDB / REPUBLICANOS / PATRIOTA","nv":"OCIMAR","e":"s","st":"Eleito","dvt":"V\u00e1lido","vap":"4374","pvap":"  59,04"},{"seq":"3","sqcand":"40001018867","n":"90","nm":"ALMIR FAGUNDES","cc":"PROS","nv":"PROFESSORA ANGELIA","e":"n","st":"N\u00e3o eleito","dvt":"V\u00e1lido","vap":"342","pvap":"   4,62"},{"seq":"2","sqcand":"40000809247","n":"45","nm":"DR PAULO","cc":"PSDB - PT / PSB / PSDB / PSD / SOLIDARIEDADE / PDT / PL","nv":"ZE BARBUDO","e":"n","st":"N\u00e3o eleito","dvt":"V\u00e1lido","vap":"2692","pvap":"  36,34"}]}
