{"ele":"426","tpabr":"mu","cdabr":"02020","carper":"11","t":"1","f":"o","dt":"15/11/2020","ht":"21:18:47","dv":"s","tf":"s","v":"1","esae":"n","mnae":"","s":"31","st":"31","pst":" 100,00","snt":"0","psnt":"   0,00","si":"31","psi":" 100,00","sni":"0","psni":"   0,00","sa":"31","psa":" 100,00","sna":"0","psna":"   0,00","e":"11307","ea":"11307","pea":" 100,00","ena":"0","pena":"   0,00","esi":"11307","pesi":" 100,00","esni":"0","pesni":"   0,00","c":"8811","pc":"  77,93","a":"2496","pa":"  22,07","vscv":"0","vnom":"8490","pvnom":" 100,00","vvc":"8490","pvvc":"  96,36","vb":"35","pvb":"   0,39","tvn":"286","ptvn":"   3,25","vn":"286","pvn":" 100,00","vnt":"0","pvnt":"   0,00","vp":"0","pvp":"   0,00","vv":"8490","pvv":" 100,00","van":"0","pvan":"   0,00","vansj":"0","pvansj":"   0,00","tv":"8811","cand":[{"seq":"2","sqcand":"40001252302","n":"23","nm":"MARCIO RIBEIRO","cc":"CIDADANIA - CIDADANIA / PSDB / MDB / AVANTE / PSD / PSC","nv":"DR HELIO","e":"n","st":"N\u00e3o eleito","dvt":"V\u00e1lido","vap":"3771","pvap":"  44,42"},{"seq":"3","sqcand":"40000933825","n":"19","nm":"PASTOR GILSON EDUARDO","cc":"PODE","nv":"JONJON","e":"n","st":"N\u00e3o eleito","dvt":"V\u00e1lido","vap":"346","pvap":"   4,08"},{"seq":"1","sqcand":"40000843532","n":"11","nm":"ORDEAN","cc":"PP - PP / PT / DEM","nv":"ADAILDO","e":"s","st":"Eleito","dvt":"V\u00e1lido","vap":"4373","pvap":"  51,51"}]}
