{"ele":"426","tpabr":"mu","cdabr":"02054","carper":"11","t":"1","f":"o","dt":"15/11/2020","ht":"21:42:47","dv":"s","tf":"s","v":"1","esae":"n","mnae":"","s":"25","st":"25","pst":" 100,00","snt":"0","psnt":"   0,00","si":"25","psi":" 100,00","sni":"0","psni":"   0,00","sa":"25","psa":" 100,00","sna":"0","psna":"   0,00","e":"8602","ea":"8602","pea":" 100,00","ena":"0","pena":"   0,00","esi":"8602","pesi":" 100,00","esni":"0","pesni":"   0,00","c":"6914","pc":"  80,38","a":"1688","pa":"  19,62","vscv":"0","vnom":"6716","pvnom":" 100,00","vvc":"6716","pvvc":"  97,14","vb":"14","pvb":"   0,20","tvn":"184","ptvn":"   2,66","vn":"184","pvn":" 100,00","vnt":"0","pvnt":"   0,00","vp":"0","pvp":"   0,00","vv":"6716","pvv":" 100,00","van":"0","pvan":"   0,00","vansj":"0","pvansj":"   0,00","tv":"6914","cand":[{"seq":"2","sqcand":"40001018910","n":"10","nm":"T\u00d4TA","cc":"REPUBLICANOS - PDT / REPUBLICANOS / PSDB / PTB","nv":"MANOEL CHURIMPA","e":"n","st":"N\u00e3o eleito","dvt":"V\u00e1lido","vap":"2309","pvap":"  34,38"},{"seq":"3","sqcand":"40000890277","n":"55","nm":"DEIZIMAR","cc":"PSD - PC do B / PODE / PTC / PSD","nv":"PROF  LORY","e":"n","st":"N\u00e3o eleito","dvt":"V\u00e1lido","vap":"1807","pvap":"  26,91"},{"seq":"1","sqcand":"40001070744","n":"20","nm":"DENIS PAIVA","cc":"PSC - PSC / PP / MDB / PL","nv":"GIULIANO GALATE","e":"s","st":"Eleito","dvt":"V\u00e1lido","vap":"2600","pvap":"  38,71"}]}
