{"ele":"426","tpabr":"mu","cdabr":"02070","carper":"11","t":"1","f":"o","dt":"15/11/2020","ht":"21:41:00","dv":"s","tf":"s","v":"1","esae":"n","mnae":"","s":"73","st":"73","pst":" 100,00","snt":"0","psnt":"   0,00","si":"73","psi":" 100,00","sni":"0","psni":"   0,00","sa":"73","psa":" 100,00","sna":"0","psna":"   0,00","e":"26365","ea":"26365","pea":" 100,00","ena":"0","pena":"   0,00","esi":"26365","pesi":" 100,00","esni":"0","pesni":"   0,00","c":"22322","pc":"  84,67","a":"4043","pa":"  15,33","vscv":"0","vnom":"21557","pvnom":" 100,00","vvc":"21557","pvvc":"  96,57","vb":"114","pvb":"   0,51","tvn":"651","ptvn":"   2,92","vn":"651","pvn":" 100,00","vnt":"0","pvnt":"   0,00","vp":"0","pvp":"   0,00","vv":"21557","pvv":" 100,00","van":"0","pvan":"   0,00","vansj":"0","pvansj":"   0,00","tv":"22322","cand":[{"seq":"1","sqcand":"40000776773","n":"20","nm":"ANDRESON CAVALCANTE","cc":"PSC - MDB / REPUBLICANOS / PSC / AVANTE / PATRIOTA","nv":"MARCELO TUPINAMBA","e":"s","st":"Eleito","dvt":"V\u00e1lido","vap":"9101","pvap":"  42,22"},{"seq":"4","sqcand":"40001054416","n":"45","nm":"ANDR\u00c9 CORREA","cc":"PSDB","nv":"PROFESSOR M\u00c1RIO","e":"n","st":"N\u00e3o eleito","dvt":"V\u00e1lido","vap":"1413","pvap":"   6,55"},{"seq":"2","sqcand":"40000924314","n":"14","nm":"THOM\u00c9 NETO","cc":"PTB - PTB / PP / PV","nv":"EMILSON SALES","e":"n","st":"N\u00e3o eleito","dvt":"V\u00e1lido","vap":"7461","pvap":"  34,61"},{"seq":"3","sqcand":"40001197153","n":"55","nm":"WANDERLAN BAIXINHO","cc":"PSD - PODE / PSD / PMN","nv":"DR. CLOVES BRELAZ","e":"n","st":"N\u00e3o eleito","dvt":"V\u00e1lido","vap":"3582","pvap":"  16,62"}]}
