{"ele":"426","tpabr":"mu","cdabr":"02097","carper":"11","t":"1","f":"o","dt":"15/11/2020","ht":"23:10:33","dv":"s","tf":"s","v":"1","esae":"n","mnae":"","s":"30","st":"30","pst":" 100,00","snt":"0","psnt":"   0,00","si":"30","psi":" 100,00","sni":"0","psni":"   0,00","sa":"30","psa":" 100,00","sna":"0","psna":"   0,00","e":"11301","ea":"11301","pea":" 100,00","ena":"0","pena":"   0,00","esi":"11301","pesi":" 100,00","esni":"0","pesni":"   0,00","c":"8588","pc":"  75,99","a":"2713","pa":"  24,01","vscv":"0","vnom":"8294","pvnom":" 100,00","vvc":"8294","pvvc":"  96,58","vb":"20","pvb":"   0,23","tvn":"274","ptvn":"   3,19","vn":"274","pvn":" 100,00","vnt":"0","pvnt":"   0,00","vp":"0","pvp":"   0,00","vv":"8294","pvv":" 100,00","van":"0","pvan":"   0,00","vansj":"0","pvansj":"   0,00","tv":"8588","cand":[{"seq":"5","sqcand":"40000840117","n":"13","nm":"GERONCIO FILHO","cc":"PT","nv":"VALDEMIR COELHO","e":"n","st":"N\u00e3o eleito","dvt":"V\u00e1lido","vap":"99","pvap":"   1,19"},{"seq":"4","sqcand":"40000996713","n":"22","nm":"DR CARLOS DIAS","cc":"PL - PP / CIDADANIA / PL","nv":"JEIEL MATOS","e":"n","st":"N\u00e3o eleito","dvt":"V\u00e1lido","vap":"830","pvap":"  10,01"},{"seq":"2","sqcand":"40000845475","n":"20","nm":"RADINHO","cc":"PSC - PSC / PTB","nv":"PROF JANDER LOIOLA","e":"n","st":"N\u00e3o eleito","dvt":"V\u00e1lido","vap":"2978","pvap":"  35,91"},{"seq":"3","sqcand":"40000967811","n":"77","nm":"CLEBAO","cc":"SOLIDARIEDADE","nv":"PABLO COSTA","e":"n","st":"N\u00e3o eleito","dvt":"V\u00e1lido","vap":"901","pvap":"  10,86"},{"seq":"1","sqcand":"40000882871","n":"15","nm":"EDSON MENDES","cc":"MDB - REPUBLICANOS / PSD / DEM / PSL / PODE / MDB","nv":"PROFESSORA FRAN\u00c7A","e":"s","st":"Eleito","dvt":"V\u00e1lido","vap":"3486","pvap":"  42,03"}]}
