{"ele":"426","tpabr":"mu","cdabr":"02135","carper":"11","t":"1","f":"o","dt":"16/11/2020","ht":"13:11:28","dv":"s","tf":"s","v":"1","esae":"n","mnae":"","s":"63","st":"63","pst":" 100,00","snt":"0","psnt":"   0,00","si":"63","psi":" 100,00","sni":"0","psni":"   0,00","sa":"63","psa":" 100,00","sna":"0","psna":"   0,00","e":"21269","ea":"21269","pea":" 100,00","ena":"0","pena":"   0,00","esi":"21269","pesi":" 100,00","esni":"0","pesni":"   0,00","c":"17248","pc":"  81,09","a":"4021","pa":"  18,91","vscv":"0","vnom":"16723","pvnom":" 100,00","vvc":"16723","pvvc":"  96,96","vb":"68","pvb":"   0,39","tvn":"457","ptvn":"   2,65","vn":"457","pvn":" 100,00","vnt":"0","pvnt":"   0,00","vp":"0","pvp":"   0,00","vv":"16723","pvv":" 100,00","van":"0","pvan":"   0,00","vansj":"0","pvansj":"   0,00","tv":"17248","cand":[{"seq":"3","sqcand":"40001118873","n":"70","nm":"DR ET\u00c3","cc":"AVANTE - PROS / AVANTE","nv":"DAVI TIKUNA","e":"n","st":"N\u00e3o eleito","dvt":"V\u00e1lido","vap":"2432","pvap":"  14,54"},{"seq":"2","sqcand":"40000871574","n":"10","nm":"AMAURI MAIA","cc":"REPUBLICANOS - PODE / PTC / PV / PATRIOTA / REPUBLICANOS / PTB / PSL / PSD / PSDB","nv":"ALECIO CABRAL","e":"n","st":"N\u00e3o eleito","dvt":"V\u00e1lido","vap":"4827","pvap":"  28,86"},{"seq":"5","sqcand":"40000788815","n":"12","nm":"CAMELO","cc":"PDT","nv":"PROFESSORA SOCORRINHA","e":"n","st":"N\u00e3o eleito","dvt":"V\u00e1lido","vap":"272","pvap":"   1,63"},{"seq":"1","sqcand":"40000789297","n":"15","nm":"DAVID BEMERGUY","cc":"MDB - PL / PP / MDB / PT","nv":"DR. SEBASTI\u00c3O","e":"s","st":"Eleito","dvt":"V\u00e1lido","vap":"8231","pvap":"  49,22"},{"seq":"4","sqcand":"40001019653","n":"20","nm":"XERUCA","cc":"PSC - PSC / PMN","nv":"KELLY EDUARDO","e":"n","st":"N\u00e3o eleito","dvt":"V\u00e1lido","vap":"961","pvap":"   5,75"}]}
