{"ele":"426","tpabr":"mu","cdabr":"02232","carper":"11","t":"1","f":"o","dt":"15/11/2020","ht":"21:53:23","dv":"s","tf":"s","v":"1","esae":"n","mnae":"","s":"67","st":"67","pst":" 100,00","snt":"0","psnt":"   0,00","si":"67","psi":" 100,00","sni":"0","psni":"   0,00","sa":"67","psa":" 100,00","sna":"0","psna":"   0,00","e":"22649","ea":"22649","pea":" 100,00","ena":"0","pena":"   0,00","esi":"22649","pesi":" 100,00","esni":"0","pesni":"   0,00","c":"18671","pc":"  82,44","a":"3978","pa":"  17,56","vscv":"0","vnom":"17872","pvnom":" 100,00","vvc":"17872","pvvc":"  95,72","vb":"154","pvb":"   0,83","tvn":"645","ptvn":"   3,45","vn":"645","pvn":" 100,00","vnt":"0","pvnt":"   0,00","vp":"0","pvp":"   0,00","vv":"17872","pvv":" 100,00","van":"0","pvan":"   0,00","vansj":"0","pvansj":"   0,00","tv":"18671","cand":[{"seq":"2","sqcand":"40001271619","n":"55","nm":"JANETE LOBO","cc":"PSD - PP / PSC / PSD / PSB / PROS / DC","nv":"LEANDRO GUEDES","e":"n","st":"N\u00e3o eleito","dvt":"V\u00e1lido","vap":"3581","pvap":"  20,04"},{"seq":"3","sqcand":"40000779761","n":"25","nm":"NEN\u00c9M DO IGAP\u00d3","cc":"DEM - PTB / DEM","nv":"ANTONIO DO PONT\u00c3O","e":"n","st":"N\u00e3o eleito","dvt":"V\u00e1lido","vap":"1943","pvap":"  10,87"},{"seq":"4","sqcand":"40001250919","n":"12","nm":"PROF. JERRIMAR CASTRO","cc":"PDT - PDT / PT","nv":"HARLEY SANTOS","e":"n","st":"N\u00e3o eleito","dvt":"V\u00e1lido","vap":"1126","pvap":"   6,30"},{"seq":"1","sqcand":"40001083407","n":"10","nm":"NATHAN MACENA","cc":"REPUBLICANOS - REPUBLICANOS / MDB / PL / PSDB","nv":"MIRA","e":"s","st":"Eleito","dvt":"V\u00e1lido","vap":"11222","pvap":"  62,79"}]}
