{"ele":"426","tpabr":"mu","cdabr":"02259","carper":"11","t":"1","f":"o","dt":"16/11/2020","ht":"14:30:00","dv":"s","tf":"n","v":"1","esae":"n","mnae":"","s":"140","st":"140","pst":" 100,00","snt":"0","psnt":"   0,00","si":"140","psi":" 100,00","sni":"0","psni":"   0,00","sa":"140","psa":" 100,00","sna":"0","psna":"   0,00","e":"49702","ea":"49702","pea":" 100,00","ena":"0","pena":"   0,00","esi":"49702","pesi":" 100,00","esni":"0","pesni":"   0,00","c":"38748","pc":"  77,96","a":"10954","pa":"  22,04","vscv":"0","vnom":"37297","pvnom":" 100,00","vvc":"37375","pvvc":"  96,46","vb":"259","pvb":"   0,67","tvn":"1114","ptvn":"   2,87","vn":"1052","pvn":"  94,43","vnt":"62","pvnt":"   5,57","vp":"0","pvp":"   0,00","vv":"37297","pvv":"  99,79","van":"0","pvan":"   0,00","vansj":"78","pvansj":"   0,21","tv":"38748","cand":[{"seq":"5","sqcand":"40001129386","n":"17","nm":"MESSIAS DO CHORA","cc":"PSL","nv":"DR RAYLON","e":"n","st":"","dvt":"V\u00e1lido","vap":"919","pvap":"   2,46"},{"seq":"3","sqcand":"40001157876","n":"70","nm":"ORLANDO NASCIMENTO","cc":"AVANTE - PDT / AVANTE / PTC","nv":"VALDIVINO ALMEIDA","e":"n","st":"","dvt":"V\u00e1lido","vap":"2546","pvap":"   6,81"},{"seq":"4","sqcand":"40000877862","n":"25","nm":"LUIZ VASQUEZ O GORDO","cc":"DEM","nv":"NEY FERREIRA","e":"n","st":"","dvt":"V\u00e1lido","vap":"1979","pvap":"   5,29"},{"seq":"2","sqcand":"40000845159","n":"20","nm":"ROBSON TIRADENTES","cc":"PSC - SOLIDARIEDADE / PSC","nv":"PASTOR JANDER","e":"n","st":"","dvt":"V\u00e1lido","vap":"8871","pvap":"  23,74"},{"seq":"6","sqcand":"40001159590","n":"19","nm":"LAZARO LOPES","cc":"PODE - PSDB / PODE","nv":"JAMES MITOUSO","e":"n","st":"","dvt":"V\u00e1lido","vap":"532","pvap":"   1,42"},{"seq":"8","sqcand":"40000686733","n":"90","nm":"LUCIANO DE FARIAS","cc":"PROS","nv":"CLAUDIO OLIVEIRA","e":"n","st":"","dvt":"V\u00e1lido","vap":"101","pvap":"   0,27"},{"seq":"9","sqcand":"40000686742","n":"43","nm":"DOUTOR CANDIDO HONORIO","cc":"PV","nv":"ERONDES  G\u00d3ES","e":"n","st":"","dvt":"Anulado sub judice","vap":"78","pvap":"   0,21"},{"seq":"1","sqcand":"40001213123","n":"11","nm":"ADAIL","cc":"PP - PP / REPUBLICANOS / PTB / MDB / PSD / PL","nv":"KEITTON PINHEIRO","e":"n","st":"","dvt":"V\u00e1lido","vap":"22220","pvap":"  59,45"},{"seq":"7","sqcand":"40001156417","n":"27","nm":"SIBORREL","cc":"DC","nv":"GERDA","e":"n","st":"","dvt":"V\u00e1lido","vap":"129","pvap":"   0,35"}]}
