{"ele":"426","tpabr":"mu","cdabr":"02313","carper":"11","t":"1","f":"o","dt":"15/11/2020","ht":"21:13:16","dv":"s","tf":"s","v":"1","esae":"n","mnae":"","s":"31","st":"31","pst":" 100,00","snt":"0","psnt":"   0,00","si":"31","psi":" 100,00","sni":"0","psni":"   0,00","sa":"31","psa":" 100,00","sna":"0","psna":"   0,00","e":"11528","ea":"11528","pea":" 100,00","ena":"0","pena":"   0,00","esi":"11528","pesi":" 100,00","esni":"0","pesni":"   0,00","c":"8211","pc":"  71,23","a":"3317","pa":"  28,77","vscv":"0","vnom":"7855","pvnom":" 100,00","vvc":"7855","pvvc":"  95,66","vb":"39","pvb":"   0,48","tvn":"317","ptvn":"   3,86","vn":"317","pvn":" 100,00","vnt":"0","pvnt":"   0,00","vp":"0","pvp":"   0,00","vv":"7855","pvv":" 100,00","van":"0","pvan":"   0,00","vansj":"0","pvansj":"   0,00","tv":"8211","cand":[{"seq":"2","sqcand":"40001215305","n":"20","nm":"JOANDRE MENDES","cc":"PSC - REPUBLICANOS / PSC / PP","nv":"DAMARES CLAUDIO","e":"n","st":"N\u00e3o eleito","dvt":"V\u00e1lido","vap":"2976","pvap":"  37,89"},{"seq":"3","sqcand":"40000834126","n":"15","nm":"DAR\u00cdLIO","cc":"MDB - MDB / PODE / PSB / AVANTE","nv":"VANDERLEY","e":"n","st":"N\u00e3o eleito","dvt":"V\u00e1lido","vap":"1699","pvap":"  21,63"},{"seq":"1","sqcand":"40001272904","n":"22","nm":"RUAN MATTOS","cc":"PL - PL / PSL / PMN / PSDB / DEM / PT / PV","nv":"LIRA CASTRO","e":"s","st":"Eleito","dvt":"V\u00e1lido","vap":"3180","pvap":"  40,48"}]}
