{"ele":"426","tpabr":"mu","cdabr":"02410","carper":"11","t":"1","f":"o","dt":"16/11/2020","ht":"08:26:01","dv":"s","tf":"s","v":"1","esae":"n","mnae":"","s":"199","st":"199","pst":" 100,00","snt":"0","psnt":"   0,00","si":"199","psi":" 100,00","sni":"0","psni":"   0,00","sa":"199","psa":" 100,00","sna":"0","psna":"   0,00","e":"67270","ea":"67270","pea":" 100,00","ena":"0","pena":"   0,00","esi":"67270","pesi":" 100,00","esni":"0","pesni":"   0,00","c":"53003","pc":"  78,79","a":"14267","pa":"  21,21","vscv":"0","vnom":"43535","pvnom":" 100,00","vvc":"51648","pvvc":"  97,44","vb":"298","pvb":"   0,57","tvn":"1057","ptvn":"   1,99","vn":"1057","pvn":" 100,00","vnt":"0","pvnt":"   0,00","vp":"0","pvp":"   0,00","vv":"43535","pvv":"  84,29","van":"0","pvan":"   0,00","vansj":"8113","pvansj":"  15,71","tv":"53003","cand":[{"seq":"4","sqcand":"40001243850","n":"13","nm":"PEIXOTO","cc":"PT - PP / PC do B / DC / PTC / PT","nv":"RYCHARDSON FRANCO","e":"n","st":"N\u00e3o eleito","dvt":"Anulado sub judice","vap":"8113","pvap":"  15,71"},{"seq":"7","sqcand":"40000787785","n":"18","nm":"GRA\u00c7A MENEZES","cc":"REDE - REDE / PSOL","nv":"ZEZINHO DA ADEFITA","e":"n","st":"N\u00e3o eleito","dvt":"V\u00e1lido","vap":"401","pvap":"   0,78"},{"seq":"6","sqcand":"40001237610","n":"45","nm":"DON","cc":"PSDB - PSB / PODE / PSDB","nv":"ANDR\u00c9 MAIA","e":"n","st":"N\u00e3o eleito","dvt":"V\u00e1lido","vap":"1102","pvap":"   2,13"},{"seq":"5","sqcand":"40001237939","n":"10","nm":"JEAN NEDER","cc":"REPUBLICANOS - REPUBLICANOS / PATRIOTA","nv":"CORONEL CASTRO ALVES","e":"n","st":"N\u00e3o eleito","dvt":"V\u00e1lido","vap":"1811","pvap":"   3,51"},{"seq":"3","sqcand":"40001255359","n":"70","nm":"MAMOUD AMED","cc":"AVANTE","nv":"JHOSELITO","e":"n","st":"N\u00e3o eleito","dvt":"V\u00e1lido","vap":"8173","pvap":"  15,82"},{"seq":"2","sqcand":"40001237869","n":"22","nm":"CABO MACIEL","cc":"PL - PL / PV / PSD / PROS / CIDADANIA","nv":"ELENIZE HOLANDA","e":"n","st":"N\u00e3o eleito","dvt":"V\u00e1lido","vap":"12238","pvap":"  23,70"},{"seq":"1","sqcand":"40001237800","n":"20","nm":"M\u00c1RIO ABRAHIM","cc":"PSC - PTB / PSL / PSC / DEM / SOLIDARIEDADE","nv":"SELANE SABINO","e":"s","st":"Eleito","dvt":"V\u00e1lido","vap":"19810","pvap":"  38,36"}]}
