{"ele":"426","tpabr":"mu","cdabr":"02437","carper":"11","t":"1","f":"o","dt":"15/11/2020","ht":"21:13:33","dv":"s","tf":"s","v":"1","esae":"n","mnae":"","s":"21","st":"21","pst":" 100,00","snt":"0","psnt":"   0,00","si":"21","psi":" 100,00","sni":"0","psni":"   0,00","sa":"21","psa":" 100,00","sna":"0","psna":"   0,00","e":"7873","ea":"7873","pea":" 100,00","ena":"0","pena":"   0,00","esi":"7873","pesi":" 100,00","esni":"0","pesni":"   0,00","c":"6828","pc":"  86,73","a":"1045","pa":"  13,27","vscv":"0","vnom":"6695","pvnom":" 100,00","vvc":"6695","pvvc":"  98,05","vb":"23","pvb":"   0,34","tvn":"110","ptvn":"   1,61","vn":"110","pvn":" 100,00","vnt":"0","pvnt":"   0,00","vp":"0","pvp":"   0,00","vv":"6695","pvv":" 100,00","van":"0","pvan":"   0,00","vansj":"0","pvansj":"   0,00","tv":"6828","cand":[{"seq":"3","sqcand":"40000744571","n":"14","nm":"MARCELO CRUZ","cc":"PTB - PTB / PV","nv":"SUELEN FARACO","e":"n","st":"N\u00e3o eleito","dvt":"V\u00e1lido","vap":"610","pvap":"   9,11"},{"seq":"2","sqcand":"40001125128","n":"20","nm":"NADIEL SERR\u00c3O","cc":"PSC - PRTB / PSC / PSD / PSDB","nv":"ADALBERTO TATIKAWA","e":"n","st":"N\u00e3o eleito","dvt":"V\u00e1lido","vap":"2477","pvap":"  37,00"},{"seq":"1","sqcand":"40001112146","n":"11","nm":"DENISE LIMA","cc":"PP - DEM / PTC / PP / MDB","nv":"MIGUEL ALMEIDA","e":"s","st":"Eleito","dvt":"V\u00e1lido","vap":"3608","pvap":"  53,89"}]}
