{"ele":"426","tpabr":"mu","cdabr":"02453","carper":"11","t":"1","f":"o","dt":"15/11/2020","ht":"21:07:02","dv":"s","tf":"s","v":"1","esae":"n","mnae":"","s":"13","st":"13","pst":" 100,00","snt":"0","psnt":"   0,00","si":"13","psi":" 100,00","sni":"0","psni":"   0,00","sa":"13","psa":" 100,00","sna":"0","psna":"   0,00","e":"4771","ea":"4771","pea":" 100,00","ena":"0","pena":"   0,00","esi":"4771","pesi":" 100,00","esni":"0","pesni":"   0,00","c":"3908","pc":"  81,91","a":"863","pa":"  18,09","vscv":"0","vnom":"3839","pvnom":" 100,00","vvc":"3839","pvvc":"  98,23","vb":"5","pvb":"   0,13","tvn":"64","ptvn":"   1,64","vn":"64","pvn":" 100,00","vnt":"0","pvnt":"   0,00","vp":"0","pvp":"   0,00","vv":"3839","pvv":" 100,00","van":"0","pvan":"   0,00","vansj":"0","pvansj":"   0,00","tv":"3908","cand":[{"seq":"1","sqcand":"40000776952","n":"55","nm":"PROFESSOR VANILSO","cc":"PSD - PATRIOTA / PSD","nv":"ELIONEY MACIEL","e":"s","st":"Eleito","dvt":"V\u00e1lido","vap":"2110","pvap":"  54,96"},{"seq":"3","sqcand":"40000751642","n":"15","nm":"GUEDINHO","cc":"MDB - MDB / PP","nv":"QUEBRA CHAVE","e":"n","st":"N\u00e3o eleito","dvt":"V\u00e1lido","vap":"551","pvap":"  14,35"},{"seq":"2","sqcand":"40001006599","n":"20","nm":"ONEIDE","cc":"PSC - PSC / REPUBLICANOS","nv":"SASS\u00c1","e":"n","st":"N\u00e3o eleito","dvt":"V\u00e1lido","vap":"1177","pvap":"  30,66"},{"seq":"4","sqcand":"40001234788","n":"77","nm":"DR REGILDO","cc":"SOLIDARIEDADE","nv":"EDVANZ\u00c3O","e":"n","st":"N\u00e3o eleito","dvt":"V\u00e1lido","vap":"1","pvap":"   0,03"}]}
