{"ele":"426","tpabr":"mu","cdabr":"02470","carper":"11","t":"1","f":"o","dt":"15/11/2020","ht":"21:09:30","dv":"s","tf":"s","v":"1","esae":"n","mnae":"","s":"27","st":"27","pst":" 100,00","snt":"0","psnt":"   0,00","si":"27","psi":" 100,00","sni":"0","psni":"   0,00","sa":"27","psa":" 100,00","sna":"0","psna":"   0,00","e":"7577","ea":"7577","pea":" 100,00","ena":"0","pena":"   0,00","esi":"7577","pesi":" 100,00","esni":"0","pesni":"   0,00","c":"5867","pc":"  77,43","a":"1710","pa":"  22,57","vscv":"0","vnom":"5586","pvnom":" 100,00","vvc":"5623","pvvc":"  95,84","vb":"30","pvb":"   0,51","tvn":"214","ptvn":"   3,65","vn":"214","pvn":" 100,00","vnt":"0","pvnt":"   0,00","vp":"0","pvp":"   0,00","vv":"5586","pvv":"  99,34","van":"0","pvan":"   0,00","vansj":"37","pvansj":"   0,66","tv":"5867","cand":[{"seq":"4","sqcand":"40001064024","n":"77","nm":"TABIRA FERREIRA","cc":"SOLIDARIEDADE - AVANTE / SOLIDARIEDADE","nv":"MACAQUINHO","e":"n","st":"N\u00e3o eleito","dvt":"Anulado sub judice","vap":"37","pvap":"   0,66"},{"seq":"2","sqcand":"40001157640","n":"17","nm":"ILQUE CUNHA","cc":"PSL - PSL / PODE / PSC","nv":"LELAND","e":"n","st":"N\u00e3o eleito","dvt":"V\u00e1lido","vap":"2232","pvap":"  39,69"},{"seq":"3","sqcand":"40001257039","n":"13","nm":"JADER MOTA","cc":"PT","nv":"QUIVIA MARTINS","e":"n","st":"N\u00e3o eleito","dvt":"V\u00e1lido","vap":"116","pvap":"   2,06"},{"seq":"1","sqcand":"40001153131","n":"15","nm":"DR J\u00daNIOR","cc":"MDB - PP / MDB / PSD / PL / REPUBLICANOS","nv":"DR EMILIO","e":"s","st":"Eleito","dvt":"V\u00e1lido","vap":"3238","pvap":"  57,58"}]}
