{"ele":"426","tpabr":"mu","cdabr":"02518","carper":"11","t":"1","f":"o","dt":"16/11/2020","ht":"14:36:15","dv":"s","tf":"s","v":"1","esae":"n","mnae":"","s":"78","st":"78","pst":" 100,00","snt":"0","psnt":"   0,00","si":"78","psi":" 100,00","sni":"0","psni":"   0,00","sa":"78","psa":" 100,00","sna":"0","psna":"   0,00","e":"25441","ea":"25441","pea":" 100,00","ena":"0","pena":"   0,00","esi":"25441","pesi":" 100,00","esni":"0","pesni":"   0,00","c":"19481","pc":"  76,57","a":"5960","pa":"  23,43","vscv":"0","vnom":"18487","pvnom":" 100,00","vvc":"18487","pvvc":"  94,90","vb":"177","pvb":"   0,91","tvn":"817","ptvn":"   4,19","vn":"817","pvn":" 100,00","vnt":"0","pvnt":"   0,00","vp":"0","pvp":"   0,00","vv":"18487","pvv":" 100,00","van":"0","pvan":"   0,00","vansj":"0","pvansj":"   0,00","tv":"19481","cand":[{"seq":"2","sqcand":"40000974408","n":"43","nm":"JO\u00c3O ROBERTO","cc":"PV - PTB / PTC / PV","nv":"CORONEL CLAUDENIR","e":"n","st":"N\u00e3o eleito","dvt":"V\u00e1lido","vap":"2600","pvap":"  14,06"},{"seq":"1","sqcand":"40001152862","n":"15","nm":"GEAN BARROS","cc":"MDB - PSC / REPUBLICANOS / MDB / PT / PL / PSD / PP","nv":"MABI","e":"s","st":"Eleito","dvt":"V\u00e1lido","vap":"13778","pvap":"  74,53"},{"seq":"3","sqcand":"40000778358","n":"45","nm":"ADALFRANK O NEG\u00c3O","cc":"PSDB","nv":"MARGARETE TEIXEIRA","e":"n","st":"N\u00e3o eleito","dvt":"V\u00e1lido","vap":"2109","pvap":"  11,41"}]}
