{"ele":"426","tpabr":"mu","cdabr":"02550","carper":"11","t":"1","f":"o","dt":"15/11/2020","ht":"22:28:09","dv":"s","tf":"s","v":"1","esae":"n","mnae":"","s":"3371","st":"3371","pst":" 100,00","snt":"0","psnt":"   0,00","si":"3371","psi":" 100,00","sni":"0","psni":"   0,00","sa":"3371","psa":" 100,00","sna":"0","psna":"   0,00","e":"1331613","ea":"1331613","pea":" 100,00","ena":"0","pena":"   0,00","esi":"1331613","pesi":" 100,00","esni":"0","pesni":"   0,00","c":"1088826","pc":"  81,77","a":"242787","pa":"  18,23","vscv":"0","vnom":"979014","pvnom":" 100,00","vvc":"979014","pvvc":"  89,91","vb":"43981","pvb":"   4,04","tvn":"65831","ptvn":"   6,05","vn":"65831","pvn":" 100,00","vnt":"0","pvnt":"   0,00","vp":"0","pvp":"   0,00","vv":"979014","pvv":" 100,00","van":"0","pvan":"   0,00","vansj":"0","pvansj":"   0,00","tv":"1088826","cand":[{"seq":"2","sqcand":"40000868846","n":"70","nm":"DAVID ALMEIDA","cc":"AVANTE - AVANTE / PMB / PTC / PRTB / PV / DEM / PROS","nv":"MARCOS ROTTA","e":"s","st":"2\u00ba turno","dvt":"V\u00e1lido","vap":"218929","pvap":"  22,36"},{"seq":"10","sqcand":"40000886775","n":"65","nm":"MARCELO AMIL","cc":"PC do B","nv":"D\u00d4RA BRASIL","e":"n","st":"N\u00e3o eleito","dvt":"V\u00e1lido","vap":"2820","pvap":"   0,29"},{"seq":"1","sqcand":"40000793782","n":"19","nm":"AMAZONINO MENDES","cc":"PODE - PSL / CIDADANIA / PODE / MDB","nv":"WILKER BARRETO","e":"s","st":"2\u00ba turno","dvt":"V\u00e1lido","vap":"234088","pvap":"  23,91"},{"seq":"5","sqcand":"40000793783","n":"51","nm":"CORONEL MENEZES","cc":"PATRIOTA","nv":"DELEGADO COSTA E SILVA","e":"n","st":"N\u00e3o eleito","dvt":"V\u00e1lido","vap":"110805","pvap":"  11,32"},{"seq":"9","sqcand":"40000636774","n":"27","nm":"CHICO PRETO","cc":"DC","nv":"TEN CEL AUGUSTO CEZAR PITTBULL","e":"n","st":"N\u00e3o eleito","dvt":"Anulado sub judice","vap":"16141","pvap":"   1,65"},{"seq":"7","sqcand":"40000868186","n":"22","nm":"ALFREDO NASCIMENTO","cc":"PL - PL / PSDB","nv":"CONCEI\u00c7\u00c3O SAMPAIO","e":"n","st":"N\u00e3o eleito","dvt":"V\u00e1lido","vap":"31676","pvap":"   3,24"},{"seq":"6","sqcand":"40000686950","n":"10","nm":"CAPIT\u00c3O ALBERTO NETO","cc":"REPUBLICANOS - REPUBLICANOS / PMN / PTB","nv":"ORSINE JR","e":"n","st":"N\u00e3o eleito","dvt":"V\u00e1lido","vap":"76576","pvap":"   7,82"},{"seq":"11","sqcand":"40000686956","n":"16","nm":"GILBERTO VASCONCELOS","cc":"PSTU","nv":"MARIA AUXILIADORA","e":"n","st":"N\u00e3o eleito","dvt":"V\u00e1lido","vap":"742","pvap":"   0,08"},{"seq":"3","sqcand":"40000671366","n":"13","nm":"ZE RICARDO","cc":"PT - PT / PSOL / REDE","nv":"MARKLIZE SIQUEIRA","e":"n","st":"N\u00e3o eleito","dvt":"V\u00e1lido","vap":"139846","pvap":"  14,28"},{"seq":"4","sqcand":"40000671459","n":"55","nm":"RICARDO NICOLAU","cc":"PSD - PSD / SOLIDARIEDADE / PP / PSB / PDT","nv":"GEORGE LINS","e":"n","st":"N\u00e3o eleito","dvt":"V\u00e1lido","vap":"118289","pvap":"  12,08"},{"seq":"8","sqcand":"40000671368","n":"30","nm":"ROMERO REIS","cc":"NOVO","nv":"EDUARDO COSTA","e":"n","st":"N\u00e3o eleito","dvt":"V\u00e1lido","vap":"29102","pvap":"   2,97"}]}
