{"ele":"426","tpabr":"mu","cdabr":"02577","carper":"11","t":"1","f":"o","dt":"16/11/2020","ht":"01:32:23","dv":"s","tf":"s","v":"1","esae":"n","mnae":"","s":"92","st":"92","pst":" 100,00","snt":"0","psnt":"   0,00","si":"92","psi":" 100,00","sni":"0","psni":"   0,00","sa":"92","psa":" 100,00","sna":"0","psna":"   0,00","e":"30846","ea":"30846","pea":" 100,00","ena":"0","pena":"   0,00","esi":"30846","pesi":" 100,00","esni":"0","pesni":"   0,00","c":"24278","pc":"  78,71","a":"6568","pa":"  21,29","vscv":"0","vnom":"23595","pvnom":" 100,00","vvc":"23595","pvvc":"  97,19","vb":"135","pvb":"   0,55","tvn":"548","ptvn":"   2,26","vn":"548","pvn":" 100,00","vnt":"0","pvnt":"   0,00","vp":"0","pvp":"   0,00","vv":"23595","pvv":" 100,00","van":"0","pvan":"   0,00","vansj":"0","pvansj":"   0,00","tv":"24278","cand":[{"seq":"1","sqcand":"40000750599","n":"55","nm":"LUCIO FLAVIO","cc":"PSD - PTB / PSC / DEM / CIDADANIA / PSD / PC do B / REPUBLICANOS / PDT","nv":"PAULO S\u00c9RGIO","e":"s","st":"Eleito","dvt":"V\u00e1lido","vap":"11410","pvap":"  48,36"},{"seq":"2","sqcand":"40000775100","n":"15","nm":"JUNH\u00c3O","cc":"MDB - MDB / PROS / PP / AVANTE / PT","nv":"DRA VERA","e":"n","st":"N\u00e3o eleito","dvt":"V\u00e1lido","vap":"7292","pvap":"  30,90"},{"seq":"4","sqcand":"40001261007","n":"27","nm":"CARLINHO DA QUINZE","cc":"DC","nv":"ITALO FERNANDO","e":"n","st":"N\u00e3o eleito","dvt":"V\u00e1lido","vap":"56","pvap":"   0,24"},{"seq":"3","sqcand":"40000776056","n":"45","nm":"RUB\u00c3O","cc":"PSDB - PODE / PV / PSDB / SOLIDARIEDADE","nv":"NARA","e":"n","st":"N\u00e3o eleito","dvt":"V\u00e1lido","vap":"4837","pvap":"  20,50"}]}
