{"ele":"426","tpabr":"mu","cdabr":"02615","carper":"11","t":"1","f":"o","dt":"16/11/2020","ht":"06:46:49","dv":"s","tf":"s","v":"1","esae":"n","mnae":"","s":"96","st":"96","pst":" 100,00","snt":"0","psnt":"   0,00","si":"96","psi":" 100,00","sni":"0","psni":"   0,00","sa":"96","psa":" 100,00","sna":"0","psna":"   0,00","e":"34283","ea":"34283","pea":" 100,00","ena":"0","pena":"   0,00","esi":"34283","pesi":" 100,00","esni":"0","pesni":"   0,00","c":"26936","pc":"  78,57","a":"7347","pa":"  21,43","vscv":"0","vnom":"25989","pvnom":" 100,00","vvc":"25989","pvvc":"  96,48","vb":"189","pvb":"   0,71","tvn":"758","ptvn":"   2,81","vn":"758","pvn":" 100,00","vnt":"0","pvnt":"   0,00","vp":"0","pvp":"   0,00","vv":"25989","pvv":" 100,00","van":"0","pvan":"   0,00","vansj":"0","pvansj":"   0,00","tv":"26936","cand":[{"seq":"3","sqcand":"40001039451","n":"51","nm":"JUNIOR CB","cc":"PATRIOTA","nv":"SEU NEY","e":"n","st":"N\u00e3o eleito","dvt":"V\u00e1lido","vap":"849","pvap":"   3,27"},{"seq":"1","sqcand":"40000658883","n":"20","nm":"JUNIOR LEITE","cc":"PSC - REPUBLICANOS / PT / PTB / MDB / PSL / PSC / CIDADANIA / DEM / PV / PSD / PTC","nv":"MAZZINI","e":"s","st":"Eleito","dvt":"V\u00e1lido","vap":"14770","pvap":"  56,83"},{"seq":"2","sqcand":"40001155231","n":"22","nm":"ALFREDO ALMEIDA","cc":"PL - PL / PP / PDT / PODE / DC / PRTB / PMN / PSB / PSDB / PSOL / PC do B / AVANTE","nv":"MACELLY VERAS","e":"n","st":"N\u00e3o eleito","dvt":"V\u00e1lido","vap":"10370","pvap":"  39,90"}]}
