{"ele":"426","tpabr":"mu","cdabr":"02631","carper":"11","t":"1","f":"o","dt":"15/11/2020","ht":"21:22:08","dv":"s","tf":"s","v":"1","esae":"n","mnae":"","s":"42","st":"42","pst":" 100,00","snt":"0","psnt":"   0,00","si":"42","psi":" 100,00","sni":"0","psni":"   0,00","sa":"42","psa":" 100,00","sna":"0","psna":"   0,00","e":"13843","ea":"13843","pea":" 100,00","ena":"0","pena":"   0,00","esi":"13843","pesi":" 100,00","esni":"0","pesni":"   0,00","c":"11927","pc":"  86,16","a":"1916","pa":"  13,84","vscv":"0","vnom":"11690","pvnom":" 100,00","vvc":"11690","pvvc":"  98,01","vb":"35","pvb":"   0,30","tvn":"202","ptvn":"   1,69","vn":"202","pvn":" 100,00","vnt":"0","pvnt":"   0,00","vp":"0","pvp":"   0,00","vv":"11690","pvv":" 100,00","van":"0","pvan":"   0,00","vansj":"0","pvansj":"   0,00","tv":"11927","cand":[{"seq":"1","sqcand":"40001054058","n":"55","nm":"MARINA PANDOLFO","cc":"PSD - PSD / PTB / REPUBLICANOS / DEM / PSC","nv":"NETO CARVALHO","e":"s","st":"Eleito","dvt":"V\u00e1lido","vap":"5658","pvap":"  48,40"},{"seq":"3","sqcand":"40000729084","n":"28","nm":"MANTEG\u00c3O","cc":"PRTB - PRTB / PT","nv":"JOSINO BER\u00c9","e":"n","st":"N\u00e3o eleito","dvt":"V\u00e1lido","vap":"1188","pvap":"  10,16"},{"seq":"2","sqcand":"40000728804","n":"15","nm":"ISRAEL PAULAIN","cc":"MDB - MDB / PSDB / PL","nv":"LULU","e":"n","st":"N\u00e3o eleito","dvt":"V\u00e1lido","vap":"4788","pvap":"  40,96"},{"seq":"4","sqcand":"40001236053","n":"40","nm":"CABE\u00c7A","cc":"PSB","nv":"IVETE SOUZA","e":"n","st":"N\u00e3o eleito","dvt":"V\u00e1lido","vap":"56","pvap":"   0,48"}]}
