{"ele":"426","tpabr":"mu","cdabr":"02658","carper":"11","t":"1","f":"o","dt":"15/11/2020","ht":"22:00:21","dv":"s","tf":"s","v":"1","esae":"n","mnae":"","s":"47","st":"47","pst":" 100,00","snt":"0","psnt":"   0,00","si":"47","psi":" 100,00","sni":"0","psni":"   0,00","sa":"47","psa":" 100,00","sna":"0","psna":"   0,00","e":"18265","ea":"18265","pea":" 100,00","ena":"0","pena":"   0,00","esi":"18265","pesi":" 100,00","esni":"0","pesni":"   0,00","c":"14619","pc":"  80,04","a":"3646","pa":"  19,96","vscv":"0","vnom":"10274","pvnom":" 100,00","vvc":"14230","pvvc":"  97,34","vb":"83","pvb":"   0,57","tvn":"306","ptvn":"   2,09","vn":"306","pvn":" 100,00","vnt":"0","pvnt":"   0,00","vp":"0","pvp":"   0,00","vv":"10274","pvv":"  72,20","van":"0","pvan":"   0,00","vansj":"3956","pvansj":"  27,80","tv":"14619","cand":[{"seq":"7","sqcand":"40000819419","n":"27","nm":"NETO GLEDSON","cc":"DC","nv":"EDINEUZA ALVES","e":"n","st":"N\u00e3o eleito","dvt":"Anulado sub judice","vap":"6","pvap":"   0,04"},{"seq":"2","sqcand":"40001237262","n":"55","nm":"JOSEIAS LOPES","cc":"PSD - PV / PSD","nv":"LESLIE PAIVA","e":"n","st":"N\u00e3o eleito","dvt":"Anulado sub judice","vap":"3950","pvap":"  27,76"},{"seq":"5","sqcand":"40000926734","n":"36","nm":"RADAR NASCIMENTO","cc":"PTC","nv":"MARCELO RUI","e":"n","st":"N\u00e3o eleito","dvt":"V\u00e1lido","vap":"156","pvap":"   1,10"},{"seq":"6","sqcand":"40000775597","n":"70","nm":"ELTON MIRANDA","cc":"AVANTE","nv":"JAIRO CARDOSO","e":"n","st":"N\u00e3o eleito","dvt":"V\u00e1lido","vap":"129","pvap":"   0,91"},{"seq":"1","sqcand":"40000819188","n":"15","nm":"ADENILSON REIS","cc":"MDB - MDB / PATRIOTA / PP / PL / CIDADANIA","nv":"NOE BARROS","e":"s","st":"Eleito","dvt":"V\u00e1lido","vap":"7999","pvap":"  56,21"},{"seq":"3","sqcand":"40000926507","n":"45","nm":"MAURICIO MACIEL","cc":"PSDB - PSC / REPUBLICANOS / PSDB","nv":"PSIC\u00d3LOGO F\u00c1BIO","e":"n","st":"N\u00e3o eleito","dvt":"V\u00e1lido","vap":"1828","pvap":"  12,85"},{"seq":"4","sqcand":"40001128838","n":"12","nm":"PROFESSOR WILIAM","cc":"PDT","nv":"ELIVAN LIMA","e":"n","st":"N\u00e3o eleito","dvt":"V\u00e1lido","vap":"162","pvap":"   1,14"}]}
