{"ele":"426","tpabr":"mu","cdabr":"02690","carper":"11","t":"1","f":"o","dt":"15/11/2020","ht":"22:53:13","dv":"s","tf":"s","v":"1","esae":"n","mnae":"","s":"194","st":"194","pst":" 100,00","snt":"0","psnt":"   0,00","si":"194","psi":" 100,00","sni":"0","psni":"   0,00","sa":"194","psa":" 100,00","sna":"0","psna":"   0,00","e":"69583","ea":"69583","pea":" 100,00","ena":"0","pena":"   0,00","esi":"69583","pesi":" 100,00","esni":"0","pesni":"   0,00","c":"52202","pc":"  75,02","a":"17381","pa":"  24,98","vscv":"0","vnom":"49929","pvnom":" 100,00","vvc":"49929","pvvc":"  95,65","vb":"677","pvb":"   1,29","tvn":"1596","ptvn":"   3,06","vn":"1596","pvn":" 100,00","vnt":"0","pvnt":"   0,00","vp":"0","pvp":"   0,00","vv":"49929","pvv":" 100,00","van":"0","pvan":"   0,00","vansj":"0","pvansj":"   0,00","tv":"52202","cand":[{"seq":"2","sqcand":"40001151155","n":"40","nm":"JUSCELINO MANSO","cc":"PSB - PTB / PT / PSC / PSB / PTC / PATRIOTA","nv":"NEGA ALENCAR","e":"n","st":"N\u00e3o eleito","dvt":"V\u00e1lido","vap":"16262","pvap":"  32,57"},{"seq":"3","sqcand":"40001040475","n":"43","nm":"DOUGLAS BATISTA","cc":"PV","nv":"RAIMUNDO ROCHA","e":"n","st":"N\u00e3o eleito","dvt":"V\u00e1lido","vap":"889","pvap":"   1,78"},{"seq":"1","sqcand":"40001149308","n":"25","nm":"BI GARCIA","cc":"DEM - DEM / PC do B / PDT / PL / PP / PMN / PSDB / PSD / PSL / REPUBLICANOS / SOLIDARIEDADE / AVANTE / PRTB / PROS / PODE / MDB","nv":"TONY MEDEIROS","e":"s","st":"Eleito","dvt":"V\u00e1lido","vap":"32778","pvap":"  65,65"}]}
