{"ele":"426","tpabr":"mu","cdabr":"02739","carper":"11","t":"1","f":"o","dt":"15/11/2020","ht":"21:06:13","dv":"s","tf":"s","v":"1","esae":"n","mnae":"","s":"40","st":"40","pst":" 100,00","snt":"0","psnt":"   0,00","si":"40","psi":" 100,00","sni":"0","psni":"   0,00","sa":"40","psa":" 100,00","sna":"0","psna":"   0,00","e":"15154","ea":"15154","pea":" 100,00","ena":"0","pena":"   0,00","esi":"15154","pesi":" 100,00","esni":"0","pesni":"   0,00","c":"13112","pc":"  86,53","a":"2042","pa":"  13,47","vscv":"0","vnom":"12750","pvnom":" 100,00","vvc":"12750","pvvc":"  97,24","vb":"45","pvb":"   0,34","tvn":"317","ptvn":"   2,42","vn":"317","pvn":" 100,00","vnt":"0","pvnt":"   0,00","vp":"0","pvp":"   0,00","vv":"12750","pvv":" 100,00","van":"0","pvan":"   0,00","vansj":"0","pvansj":"   0,00","tv":"13112","cand":[{"seq":"2","sqcand":"40001016896","n":"20","nm":"ANTUNES","cc":"PSC - PSC / PT / PP / PSD","nv":"SIN\u00c9SIO TROV\u00c3O","e":"n","st":"N\u00e3o eleito","dvt":"V\u00e1lido","vap":"5110","pvap":"  40,08"},{"seq":"3","sqcand":"40001155600","n":"35","nm":"CONCEICAO","cc":"PMB - PMB / PC do B","nv":"R\u00d4MULO DE SOUZA ELIAS","e":"n","st":"N\u00e3o eleito","dvt":"V\u00e1lido","vap":"64","pvap":"   0,50"},{"seq":"1","sqcand":"40000890601","n":"10","nm":"CECEU","cc":"REPUBLICANOS - REPUBLICANOS / MDB / REDE / PL","nv":"ALBERTO","e":"s","st":"Eleito","dvt":"V\u00e1lido","vap":"7576","pvap":"  59,42"}]}
