{"ele":"426","tpabr":"mu","cdabr":"02771","carper":"11","t":"1","f":"o","dt":"15/11/2020","ht":"21:14:19","dv":"s","tf":"s","v":"1","esae":"n","mnae":"","s":"21","st":"21","pst":" 100,00","snt":"0","psnt":"   0,00","si":"21","psi":" 100,00","sni":"0","psni":"   0,00","sa":"21","psa":" 100,00","sna":"0","psna":"   0,00","e":"7561","ea":"7561","pea":" 100,00","ena":"0","pena":"   0,00","esi":"7561","pesi":" 100,00","esni":"0","pesni":"   0,00","c":"6425","pc":"  84,98","a":"1136","pa":"  15,02","vscv":"0","vnom":"6138","pvnom":" 100,00","vvc":"6248","pvvc":"  97,25","vb":"21","pvb":"   0,32","tvn":"156","ptvn":"   2,43","vn":"156","pvn":" 100,00","vnt":"0","pvnt":"   0,00","vp":"0","pvp":"   0,00","vv":"6138","pvv":"  98,24","van":"0","pvan":"   0,00","vansj":"110","pvansj":"   1,76","tv":"6425","cand":[{"seq":"2","sqcand":"40000992077","n":"20","nm":"CORONEL ORLEANS","cc":"PSC - PTB / PSC / PSD","nv":"NECO","e":"n","st":"N\u00e3o eleito","dvt":"V\u00e1lido","vap":"2154","pvap":"  34,48"},{"seq":"3","sqcand":"40000965456","n":"15","nm":"QUEIROZ","cc":"MDB - MDB / PP / PODE","nv":"EDIRLEY","e":"n","st":"N\u00e3o eleito","dvt":"V\u00e1lido","vap":"1152","pvap":"  18,44"},{"seq":"5","sqcand":"40001001658","n":"70","nm":"MICHILES","cc":"AVANTE","nv":"LIKA ANDRADE","e":"n","st":"N\u00e3o eleito","dvt":"Anulado sub judice","vap":"110","pvap":"   1,76"},{"seq":"1","sqcand":"40001001160","n":"45","nm":"PROFESSOR PAULINO GRANA","cc":"PSDB - PSDB / REPUBLICANOS","nv":"ZEQUINHA","e":"s","st":"Eleito","dvt":"V\u00e1lido","vap":"2587","pvap":"  41,41"},{"seq":"4","sqcand":"40001011912","n":"13","nm":"PROF ARY ASSIS","cc":"PT","nv":"ANDERSON BOI","e":"n","st":"N\u00e3o eleito","dvt":"V\u00e1lido","vap":"245","pvap":"   3,92"}]}
