{"ele":"426","tpabr":"mu","cdabr":"02798","carper":"11","t":"1","f":"o","dt":"15/11/2020","ht":"19:30:59","dv":"s","tf":"s","v":"1","esae":"n","mnae":"","s":"35","st":"35","pst":" 100,00","snt":"0","psnt":"   0,00","si":"35","psi":" 100,00","sni":"0","psni":"   0,00","sa":"35","psa":" 100,00","sna":"0","psna":"   0,00","e":"13143","ea":"13143","pea":" 100,00","ena":"0","pena":"   0,00","esi":"13143","pesi":" 100,00","esni":"0","pesni":"   0,00","c":"10689","pc":"  81,33","a":"2454","pa":"  18,67","vscv":"0","vnom":"10259","pvnom":" 100,00","vvc":"10259","pvvc":"  95,98","vb":"46","pvb":"   0,43","tvn":"384","ptvn":"   3,59","vn":"384","pvn":" 100,00","vnt":"0","pvnt":"   0,00","vp":"0","pvp":"   0,00","vv":"10259","pvv":" 100,00","van":"0","pvan":"   0,00","vansj":"0","pvansj":"   0,00","tv":"10689","cand":[{"seq":"1","sqcand":"40000915350","n":"20","nm":"GAMALIEL","cc":"PSC - PSC / AVANTE","nv":"TANAKA","e":"s","st":"Eleito","dvt":"V\u00e1lido","vap":"5531","pvap":"  53,91"},{"seq":"2","sqcand":"40001119677","n":"15","nm":"ZEZITO","cc":"MDB - PP / MDB / PT / PL","nv":"DEL FREITAS","e":"n","st":"N\u00e3o eleito","dvt":"V\u00e1lido","vap":"4728","pvap":"  46,09"}]}
