{"ele":"426","tpabr":"mu","cdabr":"02895","carper":"11","t":"1","f":"o","dt":"15/11/2020","ht":"22:02:44","dv":"s","tf":"s","v":"1","esae":"n","mnae":"","s":"30","st":"30","pst":" 100,00","snt":"0","psnt":"   0,00","si":"30","psi":" 100,00","sni":"0","psni":"   0,00","sa":"30","psa":" 100,00","sna":"0","psna":"   0,00","e":"10876","ea":"10876","pea":" 100,00","ena":"0","pena":"   0,00","esi":"10876","pesi":" 100,00","esni":"0","pesni":"   0,00","c":"9169","pc":"  84,30","a":"1707","pa":"  15,70","vscv":"0","vnom":"8935","pvnom":" 100,00","vvc":"8935","pvvc":"  97,45","vb":"22","pvb":"   0,24","tvn":"212","ptvn":"   2,31","vn":"212","pvn":" 100,00","vnt":"0","pvnt":"   0,00","vp":"0","pvp":"   0,00","vv":"8935","pvv":" 100,00","van":"0","pvan":"   0,00","vansj":"0","pvansj":"   0,00","tv":"9169","cand":[{"seq":"1","sqcand":"40000942105","n":"20","nm":"LUCENILDO","cc":"PSC - PSC / PSDB / PSD","nv":"PROFESSORA CLAUDECY","e":"s","st":"Eleito","dvt":"V\u00e1lido","vap":"5408","pvap":"  60,53"},{"seq":"2","sqcand":"40000859650","n":"10","nm":"RUBEM BARBOSA","cc":"REPUBLICANOS - PTB / PSL / CIDADANIA / DEM / REPUBLICANOS / SOLIDARIEDADE","nv":"ALCILONE UCHOA ","e":"n","st":"N\u00e3o eleito","dvt":"V\u00e1lido","vap":"2914","pvap":"  32,61"},{"seq":"3","sqcand":"40001039933","n":"11","nm":"M\u00c1RIO LITAIFF","cc":"PP - PP / MDB","nv":"DONA ROSA","e":"n","st":"N\u00e3o eleito","dvt":"V\u00e1lido","vap":"613","pvap":"   6,86"}]}
