{"ele":"426","tpabr":"mu","cdabr":"02933","carper":"11","t":"1","f":"o","dt":"15/11/2020","ht":"19:24:52","dv":"s","tf":"s","v":"1","esae":"n","mnae":"","s":"21","st":"21","pst":" 100,00","snt":"0","psnt":"   0,00","si":"21","psi":" 100,00","sni":"0","psni":"   0,00","sa":"21","psa":" 100,00","sna":"0","psna":"   0,00","e":"8098","ea":"8098","pea":" 100,00","ena":"0","pena":"   0,00","esi":"8098","pesi":" 100,00","esni":"0","pesni":"   0,00","c":"6776","pc":"  83,67","a":"1322","pa":"  16,33","vscv":"0","vnom":"6594","pvnom":" 100,00","vvc":"6594","pvvc":"  97,31","vb":"20","pvb":"   0,30","tvn":"162","ptvn":"   2,39","vn":"162","pvn":" 100,00","vnt":"0","pvnt":"   0,00","vp":"0","pvp":"   0,00","vv":"6594","pvv":" 100,00","van":"0","pvan":"   0,00","vansj":"0","pvansj":"   0,00","tv":"6776","cand":[{"seq":"3","sqcand":"40001046550","n":"51","nm":"CARLOS BARBOSA","cc":"PATRIOTA","nv":"LEANDRO RIBEIRO","e":"n","st":"N\u00e3o eleito","dvt":"V\u00e1lido","vap":"54","pvap":"   0,82"},{"seq":"2","sqcand":"40000654168","n":"19","nm":"ANA DO JANDECO","cc":"PODE","nv":"VENILCE PINHEIRO","e":"n","st":"N\u00e3o eleito","dvt":"V\u00e1lido","vap":"2758","pvap":"  41,83"},{"seq":"1","sqcand":"40000706382","n":"20","nm":"CHICO DO BELO","cc":"PSC - REPUBLICANOS / PSC / PP","nv":"CAIO LASMAR ","e":"s","st":"Eleito","dvt":"V\u00e1lido","vap":"3782","pvap":"  57,36"}]}
