{"ele":"426","tpabr":"mu","cdabr":"03000","carper":"11","t":"1","f":"o","dt":"15/11/2020","ht":"22:06:29","dv":"s","tf":"s","v":"1","esae":"n","mnae":"","s":"18","st":"18","pst":" 100,00","snt":"0","psnt":"   0,00","si":"18","psi":" 100,00","sni":"0","psni":"   0,00","sa":"18","psa":" 100,00","sna":"0","psna":"   0,00","e":"5841","ea":"5841","pea":" 100,00","ena":"0","pena":"   0,00","esi":"5841","pesi":" 100,00","esni":"0","pesni":"   0,00","c":"5051","pc":"  86,47","a":"790","pa":"  13,53","vscv":"0","vnom":"4825","pvnom":" 100,00","vvc":"4825","pvvc":"  95,53","vb":"55","pvb":"   1,08","tvn":"171","ptvn":"   3,39","vn":"171","pvn":" 100,00","vnt":"0","pvnt":"   0,00","vp":"0","pvp":"   0,00","vv":"4825","pvv":" 100,00","van":"0","pvan":"   0,00","vansj":"0","pvansj":"   0,00","tv":"5051","cand":[{"seq":"1","sqcand":"230000688418","n":"10","nm":"OSMAR FILHO","cc":"REPUBLICANOS - REPUBLICANOS / CIDADANIA","nv":"PAULO CESAR GOMES ORTIZ","e":"s","st":"Eleito","dvt":"V\u00e1lido","vap":"2387","pvap":"  49,47"},{"seq":"3","sqcand":"230000784398","n":"55","nm":"RAMIRO","cc":"PSD - PSD / PSB","nv":"JO\u00c3O PAULO","e":"n","st":"N\u00e3o eleito","dvt":"V\u00e1lido","vap":"171","pvap":"   3,54"},{"seq":"2","sqcand":"230000885676","n":"77","nm":"ARGILSON MARTINS","cc":"SOLIDARIEDADE - SOLIDARIEDADE / MDB","nv":"IRM\u00c3 ERCILIA","e":"n","st":"N\u00e3o eleito","dvt":"V\u00e1lido","vap":"2267","pvap":"  46,98"}]}
