{"ele":"426","tpabr":"mu","cdabr":"03018","carper":"11","t":"1","f":"o","dt":"15/11/2020","ht":"22:00:07","dv":"s","tf":"s","v":"1","esae":"n","mnae":"","s":"657","st":"657","pst":" 100,00","snt":"0","psnt":"   0,00","si":"657","psi":" 100,00","sni":"0","psni":"   0,00","sa":"657","psa":" 100,00","sna":"0","psna":"   0,00","e":"217477","ea":"217477","pea":" 100,00","ena":"0","pena":"   0,00","esi":"217477","pesi":" 100,00","esni":"0","pesni":"   0,00","c":"165428","pc":"  76,07","a":"52049","pa":"  23,93","vscv":"0","vnom":"157921","pvnom":" 100,00","vvc":"157985","pvvc":"  95,50","vb":"2710","pvb":"   1,64","tvn":"4733","ptvn":"   2,86","vn":"4733","pvn":" 100,00","vnt":"0","pvnt":"   0,00","vp":"0","pvp":"   0,00","vv":"157921","pvv":"  99,96","van":"0","pvan":"   0,00","vansj":"64","pvansj":"   0,04","tv":"165428","cand":[{"seq":"9","sqcand":"230000838292","n":"50","nm":"FABIO ALMEIDA","cc":"PSOL","nv":"THIANA TATAIRA","e":"n","st":"N\u00e3o eleito","dvt":"V\u00e1lido","vap":"1130","pvap":"   0,72"},{"seq":"6","sqcand":"230000837842","n":"19","nm":"PR ISAMAR","cc":"PODE","nv":"MAJOR OVERLAN","e":"n","st":"N\u00e3o eleito","dvt":"V\u00e1lido","vap":"8303","pvap":"   5,26"},{"seq":"10","sqcand":"230001248864","n":"33","nm":"SHAOLYN GOMES","cc":"PMN","nv":"ADRIANA CASSELLI","e":"n","st":"N\u00e3o eleito","dvt":"V\u00e1lido","vap":"583","pvap":"   0,37"},{"seq":"8","sqcand":"230000838417","n":"22","nm":"LUCIANO CASTRO","cc":"PL","nv":"PROFESSORA ALCIONE","e":"n","st":"N\u00e3o eleito","dvt":"V\u00e1lido","vap":"4498","pvap":"   2,85"},{"seq":"3","sqcand":"230001060562","n":"18","nm":"LINOBERG","cc":"REDE - REDE / PC do B / PT** / PV","nv":"DOUTOR WESLEY THOM\u00c9","e":"n","st":"N\u00e3o eleito","dvt":"V\u00e1lido","vap":"15775","pvap":"   9,99"},{"seq":"2","sqcand":"230000840534","n":"77","nm":"OTTACI","cc":"SOLIDARIEDADE - SOLIDARIEDADE / PATRIOTA / PT / PSC / PSB / PTC / PRTB / PROS / DC / CIDADANIA / PTB","nv":"LENIR","e":"s","st":"2\u00ba turno","dvt":"V\u00e1lido","vap":"16735","pvap":"  10,59"},{"seq":"1","sqcand":"230000679861","n":"15","nm":"ARTHUR HENRIQUE","cc":"MDB - MDB / PMB / AVANTE","nv":"C\u00c1SSIO GOMES","e":"s","st":"2\u00ba turno","dvt":"V\u00e1lido","vap":"78425","pvap":"  49,64"},{"seq":"7","sqcand":"230001060757","n":"11","nm":"GERLANE","cc":"PP - PDT / PP","nv":"EDUARDO MATIAS","e":"n","st":"N\u00e3o eleito","dvt":"V\u00e1lido","vap":"4966","pvap":"   3,14"},{"seq":"5","sqcand":"230000632387","n":"17","nm":"NICOLETTI","cc":"PSL","nv":"DRA LIDIANE","e":"n","st":"N\u00e3o eleito","dvt":"V\u00e1lido","vap":"13451","pvap":"   8,51"},{"seq":"4","sqcand":"230001221785","n":"45","nm":"SH\u00c9RIDAN","cc":"PSDB - PSD / PSDB / REPUBLICANOS / DEM","nv":"Z\u00c9 HAROLDO CATHEDRAL","e":"n","st":"N\u00e3o eleito","dvt":"V\u00e1lido","vap":"14055","pvap":"   8,90"},{"seq":"11","sqcand":"230001210885","n":"29","nm":"WILSON PR\u00c9COMA","cc":"PCO","nv":"LILA SALDANHA","e":"n","st":"N\u00e3o eleito","dvt":"Anulado sub judice","vap":"64","pvap":"   0,04"}]}
