{"ele":"426","tpabr":"mu","cdabr":"03034","carper":"11","t":"1","f":"o","dt":"15/11/2020","ht":"21:11:30","dv":"s","tf":"s","v":"1","esae":"n","mnae":"","s":"41","st":"41","pst":" 100,00","snt":"0","psnt":"   0,00","si":"41","psi":" 100,00","sni":"0","psni":"   0,00","sa":"41","psa":" 100,00","sna":"0","psna":"   0,00","e":"13468","ea":"13468","pea":" 100,00","ena":"0","pena":"   0,00","esi":"13468","pesi":" 100,00","esni":"0","pesni":"   0,00","c":"11061","pc":"  82,13","a":"2407","pa":"  17,87","vscv":"0","vnom":"10760","pvnom":" 100,00","vvc":"10760","pvvc":"  97,28","vb":"78","pvb":"   0,70","tvn":"223","ptvn":"   2,02","vn":"223","pvn":" 100,00","vnt":"0","pvnt":"   0,00","vp":"0","pvp":"   0,00","vv":"10760","pvv":" 100,00","van":"0","pvan":"   0,00","vansj":"0","pvansj":"   0,00","tv":"11061","cand":[{"seq":"6","sqcand":"230000821272","n":"70","nm":"WENDEL DO F\u00d3RUM","cc":"AVANTE","nv":"GERALDINHO DA RR","e":"n","st":"N\u00e3o eleito","dvt":"V\u00e1lido","vap":"410","pvap":"   3,81"},{"seq":"2","sqcand":"230000835335","n":"15","nm":"DIEGO FARIAS","cc":"MDB - PSD / MDB","nv":"PR. DANIEL LOPES","e":"n","st":"N\u00e3o eleito","dvt":"V\u00e1lido","vap":"3849","pvap":"  35,77"},{"seq":"3","sqcand":"230000656131","n":"11","nm":"NALDO DA FARM\u00c1CIA","cc":"PP - PP / REPUBLICANOS","nv":"JOANA","e":"n","st":"N\u00e3o eleito","dvt":"V\u00e1lido","vap":"1410","pvap":"  13,10"},{"seq":"7","sqcand":"230000730801","n":"40","nm":"PASTOR JAMES","cc":"PSB","nv":"CLEIA DA SILVA","e":"n","st":"N\u00e3o eleito","dvt":"V\u00e1lido","vap":"105","pvap":"   0,98"},{"seq":"5","sqcand":"230000789623","n":"20","nm":"NELSON RUY","cc":"PSC","nv":"FABIO FOGOIO","e":"n","st":"N\u00e3o eleito","dvt":"V\u00e1lido","vap":"420","pvap":"   3,90"},{"seq":"1","sqcand":"230000877160","n":"77","nm":"DIANE","cc":"SOLIDARIEDADE - SOLIDARIEDADE / PATRIOTA / PROS / CIDADANIA","nv":"JULINHO","e":"s","st":"Eleito","dvt":"V\u00e1lido","vap":"4098","pvap":"  38,09"},{"seq":"4","sqcand":"230001208201","n":"45","nm":"PAULINHO DE CARACARA\u00cd","cc":"PSDB - PMN / PSDB","nv":"DEISEANE SILVA","e":"n","st":"N\u00e3o eleito","dvt":"V\u00e1lido","vap":"468","pvap":"   4,35"}]}
