{"ele":"426","tpabr":"mu","cdabr":"03042","carper":"11","t":"1","f":"o","dt":"15/11/2020","ht":"21:37:24","dv":"s","tf":"s","v":"1","esae":"n","mnae":"","s":"25","st":"25","pst":" 100,00","snt":"0","psnt":"   0,00","si":"25","psi":" 100,00","sni":"0","psni":"   0,00","sa":"25","psa":" 100,00","sna":"0","psna":"   0,00","e":"6019","ea":"6019","pea":" 100,00","ena":"0","pena":"   0,00","esi":"6019","pesi":" 100,00","esni":"0","pesni":"   0,00","c":"5172","pc":"  85,93","a":"847","pa":"  14,07","vscv":"0","vnom":"5046","pvnom":" 100,00","vvc":"5046","pvvc":"  97,56","vb":"27","pvb":"   0,53","tvn":"99","ptvn":"   1,91","vn":"99","pvn":" 100,00","vnt":"0","pvnt":"   0,00","vp":"0","pvp":"   0,00","vv":"5046","pvv":" 100,00","van":"0","pvan":"   0,00","vansj":"0","pvansj":"   0,00","tv":"5172","cand":[{"seq":"3","sqcand":"230000975833","n":"77","nm":"VAST\u00cd SANTOS","cc":"SOLIDARIEDADE - SOLIDARIEDADE / CIDADANIA","nv":"THIAGO SARAIVA","e":"n","st":"N\u00e3o eleito","dvt":"V\u00e1lido","vap":"1126","pvap":"  22,31"},{"seq":"2","sqcand":"230001216377","n":"22","nm":"GLEYCE MOTA","cc":"PL - PSC / PL / PROS","nv":"ANDERSON BIL","e":"n","st":"N\u00e3o eleito","dvt":"V\u00e1lido","vap":"1445","pvap":"  28,64"},{"seq":"5","sqcand":"230000865100","n":"43","nm":"ANARIO FILHO","cc":"PV","nv":"TUXAUA VANDO","e":"n","st":"N\u00e3o eleito","dvt":"V\u00e1lido","vap":"299","pvap":"   5,93"},{"seq":"4","sqcand":"230001215442","n":"10","nm":"ZANZA SANTANA","cc":"REPUBLICANOS","nv":"PASTOR EMILIANO","e":"n","st":"N\u00e3o eleito","dvt":"V\u00e1lido","vap":"628","pvap":"  12,45"},{"seq":"1","sqcand":"230000743760","n":"15","nm":"NUBIA LIMA","cc":"MDB - MDB / PSD","nv":"OZEAS","e":"s","st":"Eleito","dvt":"V\u00e1lido","vap":"1548","pvap":"  30,68"}]}
