{"ele":"426","tpabr":"mu","cdabr":"03050","carper":"11","t":"1","f":"o","dt":"15/11/2020","ht":"21:10:40","dv":"s","tf":"s","v":"1","esae":"n","mnae":"","s":"40","st":"40","pst":" 100,00","snt":"0","psnt":"   0,00","si":"40","psi":" 100,00","sni":"0","psni":"   0,00","sa":"40","psa":" 100,00","sna":"0","psna":"   0,00","e":"10525","ea":"10525","pea":" 100,00","ena":"0","pena":"   0,00","esi":"10525","pesi":" 100,00","esni":"0","pesni":"   0,00","c":"8884","pc":"  84,41","a":"1641","pa":"  15,59","vscv":"0","vnom":"8599","pvnom":" 100,00","vvc":"8599","pvvc":"  96,79","vb":"56","pvb":"   0,63","tvn":"229","ptvn":"   2,58","vn":"229","pvn":" 100,00","vnt":"0","pvnt":"   0,00","vp":"0","pvp":"   0,00","vv":"8599","pvv":" 100,00","van":"0","pvan":"   0,00","vansj":"0","pvansj":"   0,00","tv":"8884","cand":[{"seq":"2","sqcand":"230000728367","n":"22","nm":"WAGNER NUNES","cc":"PL - PL / SOLIDARIEDADE","nv":"JOS\u00c9 DE SOUSA","e":"n","st":"N\u00e3o eleito","dvt":"V\u00e1lido","vap":"2947","pvap":"  34,27"},{"seq":"3","sqcand":"230000857918","n":"10","nm":"ERLEI CUNHA","cc":"REPUBLICANOS - REPUBLICANOS / CIDADANIA","nv":"RAIMUNDINHO","e":"n","st":"N\u00e3o eleito","dvt":"V\u00e1lido","vap":"1724","pvap":"  20,05"},{"seq":"1","sqcand":"230000681553","n":"55","nm":"PEDRO HENRIQUE MACHADO","cc":"PSD - PSD / PP","nv":"SIMONE","e":"s","st":"Eleito","dvt":"V\u00e1lido","vap":"3928","pvap":"  45,68"}]}
