{"ele":"426","tpabr":"mu","cdabr":"03085","carper":"11","t":"1","f":"o","dt":"15/11/2020","ht":"21:14:12","dv":"s","tf":"s","v":"1","esae":"n","mnae":"","s":"63","st":"63","pst":" 100,00","snt":"0","psnt":"   0,00","si":"63","psi":" 100,00","sni":"0","psni":"   0,00","sa":"63","psa":" 100,00","sna":"0","psna":"   0,00","e":"18775","ea":"18775","pea":" 100,00","ena":"0","pena":"   0,00","esi":"18775","pesi":" 100,00","esni":"0","pesni":"   0,00","c":"14815","pc":"  78,91","a":"3960","pa":"  21,09","vscv":"0","vnom":"14211","pvnom":" 100,00","vvc":"14211","pvvc":"  95,92","vb":"148","pvb":"   1,00","tvn":"456","ptvn":"   3,08","vn":"456","pvn":" 100,00","vnt":"0","pvnt":"   0,00","vp":"0","pvp":"   0,00","vv":"14211","pvv":" 100,00","van":"0","pvan":"   0,00","vansj":"0","pvansj":"   0,00","tv":"14815","cand":[{"seq":"1","sqcand":"230001244417","n":"77","nm":"LEANDRO PEREIRA","cc":"SOLIDARIEDADE - SOLIDARIEDADE / MDB / PODE / PL / PATRIOTA / PSDB / CIDADANIA / REPUBLICANOS / PROS / PSB / PT","nv":"PINTO DO EQUADOR","e":"s","st":"Eleito","dvt":"V\u00e1lido","vap":"8587","pvap":"  60,43"},{"seq":"2","sqcand":"230001199980","n":"55","nm":"DR. \u00c1THILA","cc":"PSD - DEM / PSD / PC do B / PP / PSC / PDT / PRTB","nv":"M\u00c1RCIO DA ALBA","e":"n","st":"N\u00e3o eleito","dvt":"V\u00e1lido","vap":"4464","pvap":"  31,41"},{"seq":"3","sqcand":"230000777647","n":"43","nm":"Z\u00c9 DA DEZ","cc":"PV","nv":"DRA ROSELI","e":"n","st":"N\u00e3o eleito","dvt":"V\u00e1lido","vap":"1160","pvap":"   8,16"}]}
