{"ele":"426","tpabr":"mu","cdabr":"03107","carper":"11","t":"1","f":"o","dt":"15/11/2020","ht":"21:18:39","dv":"s","tf":"s","v":"1","esae":"n","mnae":"","s":"25","st":"25","pst":" 100,00","snt":"0","psnt":"   0,00","si":"25","psi":" 100,00","sni":"0","psni":"   0,00","sa":"25","psa":" 100,00","sna":"0","psna":"   0,00","e":"5708","ea":"5708","pea":" 100,00","ena":"0","pena":"   0,00","esi":"5708","pesi":" 100,00","esni":"0","pesni":"   0,00","c":"5040","pc":"  88,30","a":"668","pa":"  11,70","vscv":"0","vnom":"4862","pvnom":" 100,00","vvc":"4862","pvvc":"  96,47","vb":"20","pvb":"   0,40","tvn":"158","ptvn":"   3,13","vn":"158","pvn":" 100,00","vnt":"0","pvnt":"   0,00","vp":"0","pvp":"   0,00","vv":"4862","pvv":" 100,00","van":"0","pvan":"   0,00","vansj":"0","pvansj":"   0,00","tv":"5040","cand":[{"seq":"2","sqcand":"230001215666","n":"11","nm":"DEDEL","cc":"PP - PP / PODE / SOLIDARIEDADE","nv":"JURANDIR","e":"n","st":"N\u00e3o eleito","dvt":"V\u00e1lido","vap":"1674","pvap":"  34,43"},{"seq":"3","sqcand":"230000975564","n":"10","nm":"LEIDI","cc":"REPUBLICANOS","nv":"LOUDES BRITO","e":"n","st":"N\u00e3o eleito","dvt":"V\u00e1lido","vap":"1122","pvap":"  23,08"},{"seq":"1","sqcand":"230000765849","n":"18","nm":"TUXAUA BENISIO","cc":"REDE - REDE / PROS","nv":"PROFESSOR JEREMIAS","e":"s","st":"Eleito","dvt":"V\u00e1lido","vap":"2066","pvap":"  42,49"}]}
