{"ele":"426","tpabr":"mu","cdabr":"03115","carper":"11","t":"1","f":"o","dt":"15/11/2020","ht":"21:13:09","dv":"s","tf":"s","v":"1","esae":"n","mnae":"","s":"28","st":"28","pst":" 100,00","snt":"0","psnt":"   0,00","si":"28","psi":" 100,00","sni":"0","psni":"   0,00","sa":"28","psa":" 100,00","sna":"0","psna":"   0,00","e":"6912","ea":"6912","pea":" 100,00","ena":"0","pena":"   0,00","esi":"6912","pesi":" 100,00","esni":"0","pesni":"   0,00","c":"6141","pc":"  88,85","a":"771","pa":"  11,15","vscv":"0","vnom":"6020","pvnom":" 100,00","vvc":"6020","pvvc":"  98,03","vb":"25","pvb":"   0,41","tvn":"96","ptvn":"   1,56","vn":"96","pvn":" 100,00","vnt":"0","pvnt":"   0,00","vp":"0","pvp":"   0,00","vv":"6020","pvv":" 100,00","van":"0","pvan":"   0,00","vansj":"0","pvansj":"   0,00","tv":"6141","cand":[{"seq":"5","sqcand":"230000766512","n":"40","nm":"PATRICIA PEREIRA","cc":"PSB","nv":"TUXAUA CARPEJANE","e":"n","st":"N\u00e3o eleito","dvt":"V\u00e1lido","vap":"486","pvap":"   8,07"},{"seq":"7","sqcand":"230000968786","n":"20","nm":"ROSSI MACEDO","cc":"PSC","nv":"CONST\u00c2NCIO CONSTANTINO","e":"n","st":"N\u00e3o eleito","dvt":"V\u00e1lido","vap":"301","pvap":"   5,00"},{"seq":"4","sqcand":"230000828919","n":"77","nm":"SAMIR BARROS","cc":"SOLIDARIEDADE","nv":"INDIA GRACILENE","e":"n","st":"N\u00e3o eleito","dvt":"V\u00e1lido","vap":"515","pvap":"   8,55"},{"seq":"1","sqcand":"230001038755","n":"55","nm":"DR RAPOSO","cc":"PSD - PSD / REDE","nv":"VERALICE","e":"s","st":"Eleito","dvt":"V\u00e1lido","vap":"1463","pvap":"  24,30"},{"seq":"3","sqcand":"230001038352","n":"22","nm":"GUTE BRASIL","cc":"PL - REPUBLICANOS / PT / PL / CIDADANIA","nv":"BRUNA DA SILVA","e":"n","st":"N\u00e3o eleito","dvt":"V\u00e1lido","vap":"1225","pvap":"  20,35"},{"seq":"6","sqcand":"230000928211","n":"45","nm":"PROFESSOR IDELMO","cc":"PSDB - PMB / PV / PSDB","nv":"JO\u00c3O MENEZES","e":"n","st":"N\u00e3o eleito","dvt":"V\u00e1lido","vap":"436","pvap":"   7,24"},{"seq":"2","sqcand":"230000772368","n":"15","nm":"JAIRO ARAUJO","cc":"MDB - MDB / PTB","nv":"AGUIAR","e":"n","st":"N\u00e3o eleito","dvt":"V\u00e1lido","vap":"1408","pvap":"  23,39"},{"seq":"8","sqcand":"230000726934","n":"28","nm":"ENALDO DE SOUZA","cc":"PRTB - PRTB / AVANTE","nv":"JORGE MELO","e":"n","st":"N\u00e3o eleito","dvt":"V\u00e1lido","vap":"186","pvap":"   3,09"}]}
