{"ele":"426","tpabr":"mu","cdabr":"03131","carper":"11","t":"1","f":"o","dt":"15/11/2020","ht":"21:33:21","dv":"s","tf":"s","v":"1","esae":"n","mnae":"","s":"13","st":"13","pst":" 100,00","snt":"0","psnt":"   0,00","si":"13","psi":" 100,00","sni":"0","psni":"   0,00","sa":"13","psa":" 100,00","sna":"0","psna":"   0,00","e":"4581","ea":"4581","pea":" 100,00","ena":"0","pena":"   0,00","esi":"4581","pesi":" 100,00","esni":"0","pesni":"   0,00","c":"3980","pc":"  86,88","a":"601","pa":"  13,12","vscv":"0","vnom":"3892","pvnom":" 100,00","vvc":"3892","pvvc":"  97,79","vb":"17","pvb":"   0,43","tvn":"71","ptvn":"   1,78","vn":"71","pvn":" 100,00","vnt":"0","pvnt":"   0,00","vp":"0","pvp":"   0,00","vv":"3892","pvv":" 100,00","van":"0","pvan":"   0,00","vansj":"0","pvansj":"   0,00","tv":"3980","cand":[{"seq":"1","sqcand":"230000655718","n":"77","nm":"LUIZA MAURA","cc":"SOLIDARIEDADE - SOLIDARIEDADE / DC / PT","nv":"SEBASTI\u00c3O PEREIRA","e":"s","st":"Eleito","dvt":"V\u00e1lido","vap":"2021","pvap":"  51,93"},{"seq":"4","sqcand":"230000663848","n":"40","nm":"EDINON","cc":"PSB","nv":"ESDRA","e":"n","st":"N\u00e3o eleito","dvt":"V\u00e1lido","vap":"207","pvap":"   5,32"},{"seq":"2","sqcand":"230000688421","n":"55","nm":"MEDEIROS","cc":"PSD - REPUBLICANOS / PSD / PV","nv":"FERNANDO","e":"n","st":"N\u00e3o eleito","dvt":"V\u00e1lido","vap":"1414","pvap":"  36,33"},{"seq":"3","sqcand":"230001046529","n":"20","nm":"DRA LUCIVANIA RODRIGUES","cc":"PSC","nv":"AGOSTINHO PEREIRA","e":"n","st":"N\u00e3o eleito","dvt":"V\u00e1lido","vap":"250","pvap":"   6,42"}]}
