{"ele":"426","tpabr":"mu","cdabr":"03158","carper":"11","t":"1","f":"o","dt":"15/11/2020","ht":"21:32:32","dv":"s","tf":"s","v":"1","esae":"n","mnae":"","s":"19","st":"19","pst":" 100,00","snt":"0","psnt":"   0,00","si":"19","psi":" 100,00","sni":"0","psni":"   0,00","sa":"19","psa":" 100,00","sna":"0","psna":"   0,00","e":"5396","ea":"5396","pea":" 100,00","ena":"0","pena":"   0,00","esi":"5396","pesi":" 100,00","esni":"0","pesni":"   0,00","c":"4647","pc":"  86,12","a":"749","pa":"  13,88","vscv":"0","vnom":"4411","pvnom":" 100,00","vvc":"4411","pvvc":"  94,92","vb":"77","pvb":"   1,66","tvn":"159","ptvn":"   3,42","vn":"159","pvn":" 100,00","vnt":"0","pvnt":"   0,00","vp":"0","pvp":"   0,00","vv":"4411","pvv":" 100,00","van":"0","pvan":"   0,00","vansj":"0","pvansj":"   0,00","tv":"4647","cand":[{"seq":"1","sqcand":"230000655000","n":"77","nm":"JAMES BATISTA","cc":"SOLIDARIEDADE - SOLIDARIEDADE / MDB / REPUBLICANOS","nv":"FRANCISCO SERVOLO BARBOZA","e":"s","st":"Eleito","dvt":"V\u00e1lido","vap":"2925","pvap":"  66,31"},{"seq":"2","sqcand":"230000802988","n":"25","nm":"MIGUEL RODRIGUES","cc":"DEM - CIDADANIA / PROS / DEM","nv":"PROF&#186; ITAMAR","e":"n","st":"N\u00e3o eleito","dvt":"V\u00e1lido","vap":"1486","pvap":"  33,69"}]}
