{"ele":"426","tpabr":"mu","cdabr":"04006","carper":"11","t":"1","f":"o","dt":"15/11/2020","ht":"22:21:13","dv":"s","tf":"s","v":"1","esae":"s","mnae":"Candidato com maior vota\u00e7\u00e3o nominal anulada ou anulada sub judice.","s":"80","st":"80","pst":" 100,00","snt":"0","psnt":"   0,00","si":"80","psi":" 100,00","sni":"0","psni":"   0,00","sa":"80","psa":" 100,00","sna":"0","psna":"   0,00","e":"21409","ea":"21409","pea":" 100,00","ena":"0","pena":"   0,00","esi":"21409","pesi":" 100,00","esni":"0","pesni":"   0,00","c":"16136","pc":"  75,37","a":"5273","pa":"  24,63","vscv":"0","vnom":"9237","pvnom":" 100,00","vvc":"15438","pvvc":"  95,67","vb":"206","pvb":"   1,28","tvn":"492","ptvn":"   3,05","vn":"492","pvn":" 100,00","vnt":"0","pvnt":"   0,00","vp":"0","pvp":"   0,00","vv":"9237","pvv":"  59,83","van":"0","pvan":"   0,00","vansj":"6201","pvansj":"  40,17","tv":"16136","cand":[{"seq":"1","sqcand":"140001149856","n":"70","nm":"ITAMAR CARDOSO","cc":"AVANTE - PODE / PSDB / AVANTE / PL / PSD","nv":"CLAUDIO DA STHIL","e":"n","st":"N\u00e3o eleito","dvt":"Anulado sub judice","vap":"6201","pvap":"  40,17"},{"seq":"3","sqcand":"140000788562","n":"77","nm":"RUSSINHO","cc":"SOLIDARIEDADE - SOLIDARIEDADE / PSL / PT","nv":"PROFESSORA ODETE","e":"n","st":"N\u00e3o eleito","dvt":"V\u00e1lido","vap":"2604","pvap":"  16,87"},{"seq":"2","sqcand":"140000787181","n":"15","nm":"RIBAMAR LIMA","cc":"MDB - PSC / MDB","nv":"DOUTOR HEITOR","e":"n","st":"N\u00e3o eleito","dvt":"V\u00e1lido","vap":"5179","pvap":"  33,55"},{"seq":"5","sqcand":"140000778187","n":"51","nm":"ACACIO BARROS","cc":"PATRIOTA","nv":"PEDRO DA TORNEADORA","e":"n","st":"N\u00e3o eleito","dvt":"V\u00e1lido","vap":"66","pvap":"   0,43"},{"seq":"4","sqcand":"140000786764","n":"14","nm":"BAIANINHO","cc":"PTB - REPUBLICANOS / CIDADANIA / PTB","nv":"MEZENGA TRAMONTIN","e":"n","st":"N\u00e3o eleito","dvt":"V\u00e1lido","vap":"1388","pvap":"   8,99"}]}
