{"ele":"426","tpabr":"mu","cdabr":"04030","carper":"11","t":"1","f":"o","dt":"15/11/2020","ht":"22:32:22","dv":"s","tf":"s","v":"1","esae":"n","mnae":"","s":"140","st":"140","pst":" 100,00","snt":"0","psnt":"   0,00","si":"140","psi":" 100,00","sni":"0","psni":"   0,00","sa":"140","psa":" 100,00","sna":"0","psna":"   0,00","e":"40802","ea":"40802","pea":" 100,00","ena":"0","pena":"   0,00","esi":"40802","pesi":" 100,00","esni":"0","pesni":"   0,00","c":"36177","pc":"  88,66","a":"4625","pa":"  11,34","vscv":"0","vnom":"34703","pvnom":" 100,00","vvc":"34703","pvvc":"  95,93","vb":"276","pvb":"   0,76","tvn":"1198","ptvn":"   3,31","vn":"1198","pvn":" 100,00","vnt":"0","pvnt":"   0,00","vp":"0","pvp":"   0,00","vv":"34703","pvv":" 100,00","van":"0","pvan":"   0,00","vansj":"0","pvansj":"   0,00","tv":"36177","cand":[{"seq":"3","sqcand":"140000842936","n":"55","nm":"PEDRO PAULO","cc":"PSD - PP / PSD","nv":"ALFREDO CARDOSO","e":"n","st":"N\u00e3o eleito","dvt":"V\u00e1lido","vap":"7934","pvap":"  22,86"},{"seq":"4","sqcand":"140001229240","n":"65","nm":"INAJA","cc":"PC do B","nv":"LELE TAVARES","e":"n","st":"N\u00e3o eleito","dvt":"V\u00e1lido","vap":"132","pvap":"   0,38"},{"seq":"1","sqcand":"140001250383","n":"15","nm":"PEDRINHO DA BALSA","cc":"MDB - PODE / MDB / PT","nv":"IECA","e":"s","st":"Eleito","dvt":"V\u00e1lido","vap":"15320","pvap":"  44,15"},{"seq":"2","sqcand":"140000828589","n":"45","nm":"AMANDA MARTINS","cc":"PSDB - PROS / PSDB / PSB / DEM","nv":"CRISTINA AZEVEDO","e":"n","st":"N\u00e3o eleito","dvt":"V\u00e1lido","vap":"11317","pvap":"  32,61"}]}
