{"ele":"426","tpabr":"mu","cdabr":"04057","carper":"11","t":"1","f":"o","dt":"16/11/2020","ht":"14:34:36","dv":"s","tf":"s","v":"1","esae":"n","mnae":"","s":"84","st":"84","pst":" 100,00","snt":"0","psnt":"   0,00","si":"84","psi":" 100,00","sni":"0","psni":"   0,00","sa":"84","psa":" 100,00","sna":"0","psna":"   0,00","e":"25663","ea":"25663","pea":" 100,00","ena":"0","pena":"   0,00","esi":"25663","pesi":" 100,00","esni":"0","pesni":"   0,00","c":"21675","pc":"  84,46","a":"3988","pa":"  15,54","vscv":"0","vnom":"20817","pvnom":" 100,00","vvc":"20817","pvvc":"  96,04","vb":"78","pvb":"   0,36","tvn":"780","ptvn":"   3,60","vn":"780","pvn":" 100,00","vnt":"0","pvnt":"   0,00","vp":"0","pvp":"   0,00","vv":"20817","pvv":" 100,00","van":"0","pvan":"   0,00","vansj":"0","pvansj":"   0,00","tv":"21675","cand":[{"seq":"1","sqcand":"140001204685","n":"55","nm":"MAZINHO SALOMAO","cc":"PSD - PSD / PSDB / DEM / SOLIDARIEDADE","nv":"SANDRO CUNHA","e":"s","st":"Eleito","dvt":"V\u00e1lido","vap":"10979","pvap":"  52,74"},{"seq":"2","sqcand":"140001161575","n":"15","nm":"EVANDRO ANDRADE","cc":"MDB - PT / PC do B / MDB / PTB","nv":"MIRIAN MIRANDA","e":"n","st":"N\u00e3o eleito","dvt":"V\u00e1lido","vap":"9838","pvap":"  47,26"}]}
