{"ele":"426","tpabr":"mu","cdabr":"04065","carper":"11","t":"1","f":"o","dt":"15/11/2020","ht":"23:01:56","dv":"s","tf":"s","v":"1","esae":"n","mnae":"","s":"57","st":"57","pst":" 100,00","snt":"0","psnt":"   0,00","si":"57","psi":" 100,00","sni":"0","psni":"   0,00","sa":"57","psa":" 100,00","sna":"0","psna":"   0,00","e":"16655","ea":"16655","pea":" 100,00","ena":"0","pena":"   0,00","esi":"16655","pesi":" 100,00","esni":"0","pesni":"   0,00","c":"13817","pc":"  82,96","a":"2838","pa":"  17,04","vscv":"0","vnom":"13225","pvnom":" 100,00","vvc":"13225","pvvc":"  95,72","vb":"106","pvb":"   0,76","tvn":"486","ptvn":"   3,52","vn":"486","pvn":" 100,00","vnt":"0","pvnt":"   0,00","vp":"0","pvp":"   0,00","vv":"13225","pvv":" 100,00","van":"0","pvan":"   0,00","vansj":"0","pvansj":"   0,00","tv":"13817","cand":[{"seq":"2","sqcand":"140000913101","n":"12","nm":"SIDI","cc":"PDT - PDT / DEM / PSB","nv":"JANILSON","e":"n","st":"N\u00e3o eleito","dvt":"V\u00e1lido","vap":"4506","pvap":"  34,07"},{"seq":"1","sqcand":"140000644996","n":"15","nm":"KAMILY ARAUJO","cc":"MDB - REPUBLICANOS / PT / MDB / PC do B","nv":"GALEGO BARROSO","e":"s","st":"Eleito","dvt":"V\u00e1lido","vap":"6376","pvap":"  48,21"},{"seq":"3","sqcand":"140000721748","n":"20","nm":"ZECA BALA","cc":"PSC - PSC / SOLIDARIEDADE","nv":"DR. BRITO","e":"n","st":"N\u00e3o eleito","dvt":"V\u00e1lido","vap":"2343","pvap":"  17,72"}]}
