{"ele":"426","tpabr":"mu","cdabr":"04073","carper":"11","t":"1","f":"o","dt":"15/11/2020","ht":"22:54:27","dv":"s","tf":"s","v":"1","esae":"n","mnae":"","s":"145","st":"145","pst":" 100,00","snt":"0","psnt":"   0,00","si":"145","psi":" 100,00","sni":"0","psni":"   0,00","sa":"145","psa":" 100,00","sna":"0","psna":"   0,00","e":"37528","ea":"37528","pea":" 100,00","ena":"0","pena":"   0,00","esi":"37528","pesi":" 100,00","esni":"0","pesni":"   0,00","c":"31527","pc":"  84,01","a":"6001","pa":"  15,99","vscv":"0","vnom":"30722","pvnom":" 100,00","vvc":"30722","pvvc":"  97,45","vb":"195","pvb":"   0,62","tvn":"610","ptvn":"   1,93","vn":"610","pvn":" 100,00","vnt":"0","pvnt":"   0,00","vp":"0","pvp":"   0,00","vv":"30722","pvv":" 100,00","van":"0","pvan":"   0,00","vansj":"0","pvansj":"   0,00","tv":"31527","cand":[{"seq":"3","sqcand":"140000674030","n":"20","nm":"MAURO BASTOS","cc":"PSC - PSC / PSDB","nv":"JOVANIA PILOTO","e":"n","st":"N\u00e3o eleito","dvt":"V\u00e1lido","vap":"6974","pvap":"  22,70"},{"seq":"8","sqcand":"140000857729","n":"43","nm":"EVALDO VIANA","cc":"PV","nv":"PROF. HERALDO LOPES","e":"n","st":"N\u00e3o eleito","dvt":"V\u00e1lido","vap":"618","pvap":"   2,01"},{"seq":"1","sqcand":"140001187085","n":"15","nm":"TOM FARIAS","cc":"MDB - PTB / MDB","nv":"LEY FERREIRA","e":"s","st":"Eleito","dvt":"V\u00e1lido","vap":"9842","pvap":"  32,04"},{"seq":"2","sqcand":"140000664439","n":"11","nm":"JOSINO FILHO","cc":"PP - REPUBLICANOS / PP / DEM","nv":"OSVALDO FIGUEIREDO","e":"n","st":"N\u00e3o eleito","dvt":"V\u00e1lido","vap":"7363","pvap":"  23,97"},{"seq":"9","sqcand":"140001180185","n":"13","nm":"DIVA MARQUES","cc":"PT","nv":"PRETO MAIA","e":"n","st":"N\u00e3o eleito","dvt":"V\u00e1lido","vap":"307","pvap":"   1,00"},{"seq":"6","sqcand":"140000657379","n":"12","nm":"JONIVAL MENDON\u00c7A","cc":"PDT","nv":"JOSE MARIA","e":"n","st":"N\u00e3o eleito","dvt":"V\u00e1lido","vap":"935","pvap":"   3,04"},{"seq":"5","sqcand":"140000749088","n":"19","nm":"LUCELINO SOUSA","cc":"PODE","nv":"CARLOS FILHO","e":"n","st":"N\u00e3o eleito","dvt":"V\u00e1lido","vap":"1400","pvap":"   4,56"},{"seq":"10","sqcand":"140000855315","n":"65","nm":"MARLENE RODRIGUES","cc":"PC do B","nv":"ELIEL LEIT\u00c3O","e":"n","st":"N\u00e3o eleito","dvt":"V\u00e1lido","vap":"255","pvap":"   0,83"},{"seq":"7","sqcand":"140000760252","n":"18","nm":"JOAO GOMES TOTO","cc":"REDE","nv":"ANTONIO PATRICIO","e":"n","st":"N\u00e3o eleito","dvt":"V\u00e1lido","vap":"916","pvap":"   2,98"},{"seq":"4","sqcand":"140001246846","n":"22","nm":"DR MAURO CARNEIRO","cc":"PL - PSB / PL","nv":"FRANCISCO ALVES DA COSTA","e":"n","st":"N\u00e3o eleito","dvt":"V\u00e1lido","vap":"2112","pvap":"   6,87"}]}
