{"ele":"426","tpabr":"mu","cdabr":"04090","carper":"11","t":"1","f":"o","dt":"15/11/2020","ht":"22:10:48","dv":"s","tf":"s","v":"1","esae":"n","mnae":"","s":"81","st":"81","pst":" 100,00","snt":"0","psnt":"   0,00","si":"81","psi":" 100,00","sni":"0","psni":"   0,00","sa":"81","psa":" 100,00","sna":"0","psna":"   0,00","e":"23160","ea":"23160","pea":" 100,00","ena":"0","pena":"   0,00","esi":"23160","pesi":" 100,00","esni":"0","pesni":"   0,00","c":"18641","pc":"  80,49","a":"4519","pa":"  19,51","vscv":"0","vnom":"18150","pvnom":" 100,00","vvc":"18150","pvvc":"  97,37","vb":"107","pvb":"   0,57","tvn":"384","ptvn":"   2,06","vn":"384","pvn":" 100,00","vnt":"0","pvnt":"   0,00","vp":"0","pvp":"   0,00","vv":"18150","pvv":" 100,00","van":"0","pvan":"   0,00","vansj":"0","pvansj":"   0,00","tv":"18641","cand":[{"seq":"5","sqcand":"140000764484","n":"65","nm":"DR SAMUEL","cc":"PC do B","nv":"MAXCIOLENO BORGES","e":"n","st":"N\u00e3o eleito","dvt":"V\u00e1lido","vap":"743","pvap":"   4,09"},{"seq":"6","sqcand":"140000825796","n":"45","nm":"BOTELHO","cc":"PSDB","nv":"SERRA","e":"n","st":"N\u00e3o eleito","dvt":"V\u00e1lido","vap":"368","pvap":"   2,03"},{"seq":"4","sqcand":"140000781145","n":"50","nm":"PROFESSOR WHISNEY","cc":"PSOL - PSOL / PT","nv":"ANA BENEDITA","e":"n","st":"N\u00e3o eleito","dvt":"V\u00e1lido","vap":"956","pvap":"   5,27"},{"seq":"2","sqcand":"140000879304","n":"20","nm":"ROSA HAGE","cc":"PSC - PDT / PSC","nv":"ALONSO","e":"n","st":"N\u00e3o eleito","dvt":"V\u00e1lido","vap":"5631","pvap":"  31,02"},{"seq":"7","sqcand":"140000879460","n":"77","nm":"AMIRALDO CRUZ","cc":"SOLIDARIEDADE","nv":"AELSON DIAS","e":"n","st":"N\u00e3o eleito","dvt":"V\u00e1lido","vap":"13","pvap":"   0,07"},{"seq":"3","sqcand":"140001082881","n":"22","nm":"ADRIANE BENTES","cc":"PL - DEM / PL","nv":"RANILDO SARRAFF","e":"n","st":"N\u00e3o eleito","dvt":"V\u00e1lido","vap":"4386","pvap":"  24,17"},{"seq":"1","sqcand":"140000777918","n":"15","nm":"L\u00daCIA DO L\u00cdDER","cc":"MDB - MDB / AVANTE / PTB / PODE","nv":"KAROL SARGES","e":"s","st":"Eleito","dvt":"V\u00e1lido","vap":"6053","pvap":"  33,35"}]}
