{"ele":"426","tpabr":"mu","cdabr":"04120","carper":"11","t":"1","f":"o","dt":"15/11/2020","ht":"23:46:56","dv":"s","tf":"s","v":"1","esae":"n","mnae":"","s":"67","st":"67","pst":" 100,00","snt":"0","psnt":"   0,00","si":"67","psi":" 100,00","sni":"0","psni":"   0,00","sa":"67","psa":" 100,00","sna":"0","psna":"   0,00","e":"20667","ea":"20667","pea":" 100,00","ena":"0","pena":"   0,00","esi":"20667","pesi":" 100,00","esni":"0","pesni":"   0,00","c":"16130","pc":"  78,05","a":"4537","pa":"  21,95","vscv":"0","vnom":"15311","pvnom":" 100,00","vvc":"15311","pvvc":"  94,92","vb":"223","pvb":"   1,39","tvn":"596","ptvn":"   3,69","vn":"508","pvn":"  85,23","vnt":"88","pvnt":"  14,77","vp":"0","pvp":"   0,00","vv":"15311","pvv":" 100,00","van":"0","pvan":"   0,00","vansj":"0","pvansj":"   0,00","tv":"16130","cand":[{"seq":"1","sqcand":"140000750896","n":"55","nm":"IARA BRAGA","cc":"PSD - PTB / PTC / DEM / PL / PSD","nv":"CLENILTON DO PARAFUS\u00c3O","e":"s","st":"Eleito","dvt":"V\u00e1lido","vap":"8420","pvap":"  54,99"},{"seq":"4","sqcand":"140000762082","n":"10","nm":"FRAN\u00c7A","cc":"REPUBLICANOS","nv":"PROF\u00aa CICERA SOARES","e":"n","st":"N\u00e3o eleito","dvt":"V\u00e1lido","vap":"239","pvap":"   1,56"},{"seq":"5","sqcand":"140000934860","n":"35","nm":"LOIRINHO DO MILHO","cc":"PMB","nv":"RONY DA GROTA VERDE","e":"n","st":"N\u00e3o eleito","dvt":"V\u00e1lido","vap":"26","pvap":"   0,17"},{"seq":"3","sqcand":"140001100173","n":"13","nm":"LU\u00cdS LIMA","cc":"PT","nv":"GEANY MORAIS","e":"n","st":"N\u00e3o eleito","dvt":"V\u00e1lido","vap":"517","pvap":"   3,38"},{"seq":"2","sqcand":"140000650833","n":"15","nm":"CELIO BOIADEIRO","cc":"MDB - MDB / PODE","nv":"EVIM","e":"n","st":"N\u00e3o eleito","dvt":"V\u00e1lido","vap":"6109","pvap":"  39,90"}]}
