{"ele":"426","tpabr":"mu","cdabr":"04138","carper":"11","t":"1","f":"o","dt":"15/11/2020","ht":"22:55:52","dv":"s","tf":"s","v":"1","esae":"n","mnae":"","s":"64","st":"64","pst":" 100,00","snt":"0","psnt":"   0,00","si":"64","psi":" 100,00","sni":"0","psni":"   0,00","sa":"64","psa":" 100,00","sna":"0","psna":"   0,00","e":"20303","ea":"20303","pea":" 100,00","ena":"0","pena":"   0,00","esi":"20303","pesi":" 100,00","esni":"0","pesni":"   0,00","c":"16202","pc":"  79,80","a":"4101","pa":"  20,20","vscv":"0","vnom":"15584","pvnom":" 100,00","vvc":"15584","pvvc":"  96,19","vb":"42","pvb":"   0,25","tvn":"576","ptvn":"   3,56","vn":"576","pvn":" 100,00","vnt":"0","pvnt":"   0,00","vp":"0","pvp":"   0,00","vv":"15584","pvv":" 100,00","van":"0","pvan":"   0,00","vansj":"0","pvansj":"   0,00","tv":"16202","cand":[{"seq":"2","sqcand":"140000658994","n":"25","nm":"BRUNO SANCHES","cc":"DEM","nv":"BETH FARIAS","e":"n","st":"N\u00e3o eleito","dvt":"V\u00e1lido","vap":"4207","pvap":"  27,00"},{"seq":"3","sqcand":"140001044593","n":"15","nm":"JACY BARROS","cc":"MDB - MDB / PODE","nv":"FABIO ELETRO","e":"n","st":"N\u00e3o eleito","dvt":"V\u00e1lido","vap":"4082","pvap":"  26,19"},{"seq":"4","sqcand":"140000688488","n":"40","nm":"PASTOR EDSON","cc":"PSB","nv":"PRETO DO CASTILHO","e":"n","st":"N\u00e3o eleito","dvt":"V\u00e1lido","vap":"989","pvap":"   6,35"},{"seq":"1","sqcand":"140000722604","n":"45","nm":"BOR\u00d3","cc":"PSDB - PSDB / PMN","nv":"QUITO","e":"s","st":"Eleito","dvt":"V\u00e1lido","vap":"6306","pvap":"  40,46"}]}
