{"ele":"426","tpabr":"mu","cdabr":"04162","carper":"11","t":"1","f":"o","dt":"15/11/2020","ht":"22:48:12","dv":"s","tf":"s","v":"1","esae":"n","mnae":"","s":"20","st":"20","pst":" 100,00","snt":"0","psnt":"   0,00","si":"20","psi":" 100,00","sni":"0","psni":"   0,00","sa":"20","psa":" 100,00","sna":"0","psna":"   0,00","e":"5177","ea":"5177","pea":" 100,00","ena":"0","pena":"   0,00","esi":"5177","pesi":" 100,00","esni":"0","pesni":"   0,00","c":"4569","pc":"  88,26","a":"608","pa":"  11,74","vscv":"0","vnom":"4401","pvnom":" 100,00","vvc":"4401","pvvc":"  96,32","vb":"32","pvb":"   0,70","tvn":"136","ptvn":"   2,98","vn":"136","pvn":" 100,00","vnt":"0","pvnt":"   0,00","vp":"0","pvp":"   0,00","vv":"4401","pvv":" 100,00","van":"0","pvan":"   0,00","vansj":"0","pvansj":"   0,00","tv":"4569","cand":[{"seq":"2","sqcand":"140001065816","n":"15","nm":"GENILDO","cc":"MDB - MDB / PDT","nv":"JONINHA DO POSTO","e":"n","st":"N\u00e3o eleito","dvt":"V\u00e1lido","vap":"1849","pvap":"  42,01"},{"seq":"1","sqcand":"140001105611","n":"45","nm":"CLAUDIO DA TETE","cc":"PSDB - PSDB / PSD","nv":"CESAR NILTON","e":"s","st":"Eleito","dvt":"V\u00e1lido","vap":"2552","pvap":"  57,99"}]}
