{"ele":"426","tpabr":"mu","cdabr":"04200","carper":"11","t":"1","f":"o","dt":"15/11/2020","ht":"21:50:45","dv":"s","tf":"s","v":"1","esae":"n","mnae":"","s":"43","st":"43","pst":" 100,00","snt":"0","psnt":"   0,00","si":"43","psi":" 100,00","sni":"0","psni":"   0,00","sa":"43","psa":" 100,00","sna":"0","psna":"   0,00","e":"12073","ea":"12073","pea":" 100,00","ena":"0","pena":"   0,00","esi":"12073","pesi":" 100,00","esni":"0","pesni":"   0,00","c":"9009","pc":"  74,62","a":"3064","pa":"  25,38","vscv":"0","vnom":"8567","pvnom":" 100,00","vvc":"8567","pvvc":"  95,09","vb":"64","pvb":"   0,71","tvn":"378","ptvn":"   4,20","vn":"378","pvn":" 100,00","vnt":"0","pvnt":"   0,00","vp":"0","pvp":"   0,00","vv":"8567","pvv":" 100,00","van":"0","pvan":"   0,00","vansj":"0","pvansj":"   0,00","tv":"9009","cand":[{"seq":"3","sqcand":"140000847714","n":"22","nm":"SILVINHO DO PACO PACO","cc":"PL","nv":"IVANIA TOSIN","e":"n","st":"N\u00e3o eleito","dvt":"V\u00e1lido","vap":"147","pvap":"   1,72"},{"seq":"1","sqcand":"140000994563","n":"45","nm":"VALDO DO POSTO","cc":"PSDB - REPUBLICANOS / PDT / PT / MDB / PSDB","nv":"VALMAR KABA","e":"s","st":"Eleito","dvt":"V\u00e1lido","vap":"5305","pvap":"  61,92"},{"seq":"2","sqcand":"140000739919","n":"20","nm":"RAIMUNDINHO","cc":"PSC - PSC / PSD","nv":"IRM\u00c3O AD\u00ca MUNDURUKU","e":"n","st":"N\u00e3o eleito","dvt":"V\u00e1lido","vap":"3103","pvap":"  36,22"},{"seq":"4","sqcand":"140001076633","n":"28","nm":"BLACK EIXO","cc":"PRTB","nv":"MARCELO PAYGO MUNDURUKU","e":"n","st":"N\u00e3o eleito","dvt":"V\u00e1lido","vap":"12","pvap":"   0,14"}]}
