{"ele":"426","tpabr":"mu","cdabr":"04227","carper":"11","t":"1","f":"o","dt":"15/11/2020","ht":"22:20:01","dv":"s","tf":"s","v":"1","esae":"n","mnae":"","s":"46","st":"46","pst":" 100,00","snt":"0","psnt":"   0,00","si":"46","psi":" 100,00","sni":"0","psni":"   0,00","sa":"46","psa":" 100,00","sna":"0","psna":"   0,00","e":"14441","ea":"14441","pea":" 100,00","ena":"0","pena":"   0,00","esi":"14441","pesi":" 100,00","esni":"0","pesni":"   0,00","c":"12137","pc":"  84,05","a":"2304","pa":"  15,95","vscv":"0","vnom":"11606","pvnom":" 100,00","vvc":"11606","pvvc":"  95,62","vb":"148","pvb":"   1,22","tvn":"383","ptvn":"   3,16","vn":"383","pvn":" 100,00","vnt":"0","pvnt":"   0,00","vp":"0","pvp":"   0,00","vv":"11606","pvv":" 100,00","van":"0","pvan":"   0,00","vansj":"0","pvansj":"   0,00","tv":"12137","cand":[{"seq":"4","sqcand":"140000760664","n":"10","nm":"NETO PORTELA","cc":"REPUBLICANOS","nv":"PEDRO ZANI","e":"n","st":"N\u00e3o eleito","dvt":"V\u00e1lido","vap":"322","pvap":"   2,77"},{"seq":"2","sqcand":"140001271356","n":"55","nm":"JUNIOR LORENZONI","cc":"PSD - PT / PSC / PSD","nv":"PROFESSORA MARIA JOS\u00c9","e":"n","st":"N\u00e3o eleito","dvt":"V\u00e1lido","vap":"3316","pvap":"  28,57"},{"seq":"1","sqcand":"140000725856","n":"15","nm":"PIRICA","cc":"MDB - PP / PL / MDB","nv":"NOEDSON","e":"s","st":"Eleito","dvt":"V\u00e1lido","vap":"6708","pvap":"  57,80"},{"seq":"3","sqcand":"140000918195","n":"28","nm":"Z\u00c9 CARLOS","cc":"PRTB - PATRIOTA / PRTB","nv":"IVO BARBOSA","e":"n","st":"N\u00e3o eleito","dvt":"V\u00e1lido","vap":"1260","pvap":"  10,86"}]}
