{"ele":"426","tpabr":"mu","cdabr":"04243","carper":"11","t":"1","f":"o","dt":"15/11/2020","ht":"22:53:52","dv":"s","tf":"s","v":"1","esae":"n","mnae":"","s":"54","st":"54","pst":" 100,00","snt":"0","psnt":"   0,00","si":"54","psi":" 100,00","sni":"0","psni":"   0,00","sa":"54","psa":" 100,00","sna":"0","psna":"   0,00","e":"16340","ea":"16340","pea":" 100,00","ena":"0","pena":"   0,00","esi":"16340","pesi":" 100,00","esni":"0","pesni":"   0,00","c":"13905","pc":"  85,10","a":"2435","pa":"  14,90","vscv":"0","vnom":"13213","pvnom":" 100,00","vvc":"13213","pvvc":"  95,02","vb":"163","pvb":"   1,18","tvn":"529","ptvn":"   3,80","vn":"529","pvn":" 100,00","vnt":"0","pvnt":"   0,00","vp":"0","pvp":"   0,00","vv":"13213","pvv":" 100,00","van":"0","pvan":"   0,00","vansj":"0","pvansj":"   0,00","tv":"13905","cand":[{"seq":"1","sqcand":"140000816524","n":"15","nm":"MARC\u00c2O","cc":"MDB - REPUBLICANOS / PT / PTB / MDB / PODE","nv":"CLOVISSOM SILVA","e":"s","st":"Eleito","dvt":"V\u00e1lido","vap":"7610","pvap":"  57,59"},{"seq":"2","sqcand":"140001025807","n":"55","nm":"CIRO","cc":"PSD - PSD / PP / AVANTE / PROS","nv":"SIDNEI TADEU DA SILVA","e":"n","st":"N\u00e3o eleito","dvt":"V\u00e1lido","vap":"5120","pvap":"  38,75"},{"seq":"4","sqcand":"140000759466","n":"12","nm":"AUGUST\u00c3O","cc":"PDT","nv":"ROSIVAM","e":"n","st":"N\u00e3o eleito","dvt":"V\u00e1lido","vap":"219","pvap":"   1,66"},{"seq":"3","sqcand":"140001025689","n":"28","nm":"RUBENS ROCHA","cc":"PRTB","nv":"AGEU","e":"n","st":"N\u00e3o eleito","dvt":"V\u00e1lido","vap":"264","pvap":"   2,00"}]}
