{"ele":"426","tpabr":"mu","cdabr":"04324","carper":"11","t":"1","f":"o","dt":"15/11/2020","ht":"23:26:55","dv":"s","tf":"s","v":"1","esae":"n","mnae":"","s":"60","st":"60","pst":" 100,00","snt":"0","psnt":"   0,00","si":"60","psi":" 100,00","sni":"0","psni":"   0,00","sa":"60","psa":" 100,00","sna":"0","psna":"   0,00","e":"18985","ea":"18985","pea":" 100,00","ena":"0","pena":"   0,00","esi":"18985","pesi":" 100,00","esni":"0","pesni":"   0,00","c":"15093","pc":"  79,50","a":"3892","pa":"  20,50","vscv":"0","vnom":"14511","pvnom":" 100,00","vvc":"14511","pvvc":"  96,14","vb":"80","pvb":"   0,53","tvn":"502","ptvn":"   3,33","vn":"502","pvn":" 100,00","vnt":"0","pvnt":"   0,00","vp":"0","pvp":"   0,00","vv":"14511","pvv":" 100,00","van":"0","pvan":"   0,00","vansj":"0","pvansj":"   0,00","tv":"15093","cand":[{"seq":"2","sqcand":"140001276395","n":"55","nm":"MARTA RESENDE","cc":"PSD - PDT / PT / PSC / PSB / DEM / PSD","nv":"CLENILTON","e":"n","st":"N\u00e3o eleito","dvt":"V\u00e1lido","vap":"5257","pvap":"  36,23"},{"seq":"1","sqcand":"140000848409","n":"15","nm":"KELLY DESTRO","cc":"MDB - PODE / PL / PSDB / MDB / PTB","nv":"V\u00c2NIA","e":"s","st":"Eleito","dvt":"V\u00e1lido","vap":"8536","pvap":"  58,82"},{"seq":"3","sqcand":"140000964194","n":"23","nm":"PASTORA LUCIANA","cc":"CIDADANIA","nv":"SARGENTO JUVENCIO","e":"n","st":"N\u00e3o eleito","dvt":"V\u00e1lido","vap":"718","pvap":"   4,95"}]}
