{"ele":"426","tpabr":"mu","cdabr":"04332","carper":"11","t":"1","f":"o","dt":"15/11/2020","ht":"22:07:55","dv":"s","tf":"s","v":"1","esae":"n","mnae":"","s":"274","st":"274","pst":" 100,00","snt":"0","psnt":"   0,00","si":"274","psi":" 100,00","sni":"0","psni":"   0,00","sa":"274","psa":" 100,00","sna":"0","psna":"   0,00","e":"83478","ea":"83478","pea":" 100,00","ena":"0","pena":"   0,00","esi":"83478","pesi":" 100,00","esni":"0","pesni":"   0,00","c":"67338","pc":"  80,67","a":"16140","pa":"  19,33","vscv":"0","vnom":"64114","pvnom":" 100,00","vvc":"64114","pvvc":"  95,21","vb":"770","pvb":"   1,15","tvn":"2454","ptvn":"   3,64","vn":"2454","pvn":" 100,00","vnt":"0","pvnt":"   0,00","vp":"0","pvp":"   0,00","vv":"64114","pvv":" 100,00","van":"0","pvan":"   0,00","vansj":"0","pvansj":"   0,00","tv":"67338","cand":[{"seq":"6","sqcand":"140000692702","n":"13","nm":"LOHAN DAMASCENO","cc":"PT","nv":"CLEIA SOUSA","e":"n","st":"N\u00e3o eleito","dvt":"V\u00e1lido","vap":"1472","pvap":"   2,30"},{"seq":"5","sqcand":"140000917857","n":"17","nm":"JOEL LEITE","cc":"PSL - PSL / PMN","nv":"JORGE CARDOSO","e":"n","st":"N\u00e3o eleito","dvt":"V\u00e1lido","vap":"1908","pvap":"   2,98"},{"seq":"4","sqcand":"140000828001","n":"19","nm":"CORONEL AFFONSO","cc":"PODE","nv":"LEONARDO MAIA","e":"n","st":"N\u00e3o eleito","dvt":"V\u00e1lido","vap":"2603","pvap":"   4,06"},{"seq":"3","sqcand":"140000957285","n":"55","nm":"RIVALDO MIRANDA","cc":"PSD - PDT / PSD","nv":"CLEIA ","e":"n","st":"N\u00e3o eleito","dvt":"V\u00e1lido","vap":"6234","pvap":"   9,72"},{"seq":"9","sqcand":"140001258920","n":"18","nm":"DIDI BRAGANTINO","cc":"REDE","nv":"VALDIR RAMOS DA SILVA","e":"n","st":"N\u00e3o eleito","dvt":"V\u00e1lido","vap":"53","pvap":"   0,08"},{"seq":"7","sqcand":"140001094463","n":"28","nm":"CORONEL PAULO BASTOS","cc":"PRTB - PRTB / CIDADANIA / DC","nv":"PASTOR SOUZANOR O SORVETEIRO","e":"n","st":"N\u00e3o eleito","dvt":"V\u00e1lido","vap":"567","pvap":"   0,88"},{"seq":"1","sqcand":"140000654679","n":"45","nm":"RAIMUND\u00c3O","cc":"PSDB - PSDB / DEM / PSB / PATRIOTA / SOLIDARIEDADE","nv":"DOUTOR M\u00c1RIO JUNIOR","e":"s","st":"Eleito","dvt":"V\u00e1lido","vap":"38481","pvap":"  60,02"},{"seq":"2","sqcand":"140000819651","n":"22","nm":"RENATO OLIVEIRA","cc":"PL - PROS / PP / AVANTE / PL / MDB / PSC / PC do B / REPUBLICANOS","nv":"ANDREA MOTA","e":"n","st":"N\u00e3o eleito","dvt":"V\u00e1lido","vap":"12356","pvap":"  19,27"},{"seq":"8","sqcand":"140000661646","n":"36","nm":"PASTOR RENTTE","cc":"PTC","nv":"NAZARENO SAPATEIRO","e":"n","st":"N\u00e3o eleito","dvt":"V\u00e1lido","vap":"440","pvap":"   0,69"}]}
