{"ele":"426","tpabr":"mu","cdabr":"04359","carper":"11","t":"1","f":"o","dt":"15/11/2020","ht":"22:42:23","dv":"s","tf":"s","v":"1","esae":"s","mnae":"Candidato com maior vota\u00e7\u00e3o nominal anulada ou anulada sub judice.","s":"199","st":"199","pst":" 100,00","snt":"0","psnt":"   0,00","si":"199","psi":" 100,00","sni":"0","psni":"   0,00","sa":"199","psa":" 100,00","sna":"0","psna":"   0,00","e":"69352","ea":"69352","pea":" 100,00","ena":"0","pena":"   0,00","esi":"69352","pesi":" 100,00","esni":"0","pesni":"   0,00","c":"54468","pc":"  78,54","a":"14884","pa":"  21,46","vscv":"0","vnom":"32887","pvnom":" 100,00","vvc":"52107","pvvc":"  95,67","vb":"335","pvb":"   0,61","tvn":"2026","ptvn":"   3,72","vn":"2026","pvn":" 100,00","vnt":"0","pvnt":"   0,00","vp":"0","pvp":"   0,00","vv":"32887","pvv":"  63,11","van":"0","pvan":"   0,00","vansj":"19220","pvansj":"  36,89","tv":"54468","cand":[{"seq":"2","sqcand":"140000970036","n":"45","nm":"LUTH REBELO","cc":"PSDB - PDT / PL / PRTB / PODE / AVANTE / PSDB","nv":"TUXAUA DIAS","e":"n","st":"N\u00e3o eleito","dvt":"V\u00e1lido","vap":"18701","pvap":"  35,89"},{"seq":"3","sqcand":"140001013639","n":"10","nm":"TONINHO BARBOSA","cc":"REPUBLICANOS - REPUBLICANOS / CIDADANIA / DEM / PSB / PROS / SOLIDARIEDADE / PTB / PV","nv":"VILSON MAINARDI","e":"n","st":"N\u00e3o eleito","dvt":"V\u00e1lido","vap":"12473","pvap":"  23,94"},{"seq":"5","sqcand":"140000768516","n":"50","nm":"VERA RODRIGUES","cc":"PSOL","nv":"CRIS CARDOSO","e":"n","st":"N\u00e3o eleito","dvt":"V\u00e1lido","vap":"345","pvap":"   0,66"},{"seq":"1","sqcand":"140000851646","n":"15","nm":"XAR\u00c3O LE\u00c3O","cc":"MDB - PSD / MDB / PP / PT / PMN","nv":"PROF. VIANA","e":"n","st":"N\u00e3o eleito","dvt":"Anulado sub judice","vap":"19220","pvap":"  36,89"},{"seq":"4","sqcand":"140000768262","n":"20","nm":"MEKAL","cc":"PSC - PSC / PSL / PATRIOTA","nv":"PASTOR PEDRO AMARAL","e":"n","st":"N\u00e3o eleito","dvt":"V\u00e1lido","vap":"1368","pvap":"   2,63"}]}
