{"ele":"426","tpabr":"mu","cdabr":"04367","carper":"11","t":"1","f":"o","dt":"15/11/2020","ht":"22:31:37","dv":"s","tf":"s","v":"1","esae":"n","mnae":"","s":"49","st":"49","pst":" 100,00","snt":"0","psnt":"   0,00","si":"49","psi":" 100,00","sni":"0","psni":"   0,00","sa":"49","psa":" 100,00","sna":"0","psna":"   0,00","e":"13954","ea":"13954","pea":" 100,00","ena":"0","pena":"   0,00","esi":"13954","pesi":" 100,00","esni":"0","pesni":"   0,00","c":"11613","pc":"  83,22","a":"2341","pa":"  16,78","vscv":"0","vnom":"11413","pvnom":" 100,00","vvc":"11413","pvvc":"  98,28","vb":"74","pvb":"   0,64","tvn":"126","ptvn":"   1,08","vn":"126","pvn":" 100,00","vnt":"0","pvnt":"   0,00","vp":"0","pvp":"   0,00","vv":"11413","pvv":" 100,00","van":"0","pvan":"   0,00","vansj":"0","pvansj":"   0,00","tv":"11613","cand":[{"seq":"2","sqcand":"140001049945","n":"15","nm":"ADALBERTO ANEQUINO","cc":"MDB","nv":"JUNIOR GORDO","e":"n","st":"N\u00e3o eleito","dvt":"V\u00e1lido","vap":"5158","pvap":"  45,19"},{"seq":"1","sqcand":"140001068288","n":"55","nm":"DOCA ALBUQUERQUE","cc":"PSD - PSDB / PSD","nv":"JACIARA PICAN\u00c7O","e":"s","st":"Eleito","dvt":"V\u00e1lido","vap":"6255","pvap":"  54,81"}]}
