{"ele":"426","tpabr":"mu","cdabr":"04375","carper":"11","t":"1","f":"o","dt":"15/11/2020","ht":"22:43:46","dv":"s","tf":"s","v":"1","esae":"n","mnae":"","s":"74","st":"74","pst":" 100,00","snt":"0","psnt":"   0,00","si":"74","psi":" 100,00","sni":"0","psni":"   0,00","sa":"74","psa":" 100,00","sna":"0","psna":"   0,00","e":"20940","ea":"20940","pea":" 100,00","ena":"0","pena":"   0,00","esi":"20940","pesi":" 100,00","esni":"0","pesni":"   0,00","c":"17951","pc":"  85,73","a":"2989","pa":"  14,27","vscv":"0","vnom":"14182","pvnom":" 100,00","vvc":"17354","pvvc":"  96,67","vb":"105","pvb":"   0,59","tvn":"492","ptvn":"   2,74","vn":"492","pvn":" 100,00","vnt":"0","pvnt":"   0,00","vp":"0","pvp":"   0,00","vv":"14182","pvv":"  81,72","van":"0","pvan":"   0,00","vansj":"3172","pvansj":"  18,28","tv":"17951","cand":[{"seq":"4","sqcand":"140000673047","n":"20","nm":"PASTOR ERIVALDO","cc":"PSC - PSC / PATRIOTA","nv":"PROFESSOR MARCOS","e":"n","st":"N\u00e3o eleito","dvt":"V\u00e1lido","vap":"1670","pvap":"   9,62"},{"seq":"5","sqcand":"140000743091","n":"14","nm":"THIAGO MUNIZ","cc":"PTB","nv":"EDUARDO SORO","e":"n","st":"N\u00e3o eleito","dvt":"V\u00e1lido","vap":"576","pvap":"   3,32"},{"seq":"2","sqcand":"140001012914","n":"55","nm":"LUCIO BESSA","cc":"PSD - PSD / PSDB","nv":"LEUDA COELHO","e":"n","st":"N\u00e3o eleito","dvt":"V\u00e1lido","vap":"4614","pvap":"  26,59"},{"seq":"3","sqcand":"140001193421","n":"40","nm":"ELMA BESSA","cc":"PSB - CIDADANIA / PSB","nv":"CHICO FREITAS","e":"n","st":"N\u00e3o eleito","dvt":"Anulado sub judice","vap":"3172","pvap":"  18,28"},{"seq":"1","sqcand":"140000762917","n":"15","nm":"MIGUEL JUNIOR","cc":"MDB - REPUBLICANOS / PT / MDB","nv":"MATEUS MENEZES","e":"s","st":"Eleito","dvt":"V\u00e1lido","vap":"7322","pvap":"  42,19"}]}
