{"ele":"426","tpabr":"mu","cdabr":"04383","carper":"11","t":"1","f":"o","dt":"15/11/2020","ht":"22:13:35","dv":"s","tf":"s","v":"1","esae":"n","mnae":"","s":"71","st":"71","pst":" 100,00","snt":"0","psnt":"   0,00","si":"71","psi":" 100,00","sni":"0","psni":"   0,00","sa":"71","psa":" 100,00","sna":"0","psna":"   0,00","e":"22649","ea":"22649","pea":" 100,00","ena":"0","pena":"   0,00","esi":"22649","pesi":" 100,00","esni":"0","pesni":"   0,00","c":"15755","pc":"  69,56","a":"6894","pa":"  30,44","vscv":"0","vnom":"15140","pvnom":" 100,00","vvc":"15140","pvvc":"  96,10","vb":"195","pvb":"   1,23","tvn":"420","ptvn":"   2,67","vn":"420","pvn":" 100,00","vnt":"0","pvnt":"   0,00","vp":"0","pvp":"   0,00","vv":"15140","pvv":" 100,00","van":"0","pvan":"   0,00","vansj":"0","pvansj":"   0,00","tv":"15755","cand":[{"seq":"1","sqcand":"140001035307","n":"15","nm":"GELSON DILL","cc":"MDB - PSL / PTB / MDB / PSD / PATRIOTA","nv":"MARCONI DA UNIKA","e":"s","st":"Eleito","dvt":"V\u00e1lido","vap":"6507","pvap":"  42,98"},{"seq":"3","sqcand":"140000887259","n":"45","nm":"DR FIDENCIO","cc":"PSDB","nv":"MADALENA","e":"n","st":"N\u00e3o eleito","dvt":"V\u00e1lido","vap":"3377","pvap":"  22,31"},{"seq":"4","sqcand":"140001254940","n":"10","nm":"FABIO MILHAO","cc":"REPUBLICANOS","nv":"PROF CLAUDIA KUMMER","e":"n","st":"N\u00e3o eleito","dvt":"V\u00e1lido","vap":"973","pvap":"   6,43"},{"seq":"2","sqcand":"140000917793","n":"22","nm":"MACARR\u00c3O","cc":"PL - DEM / PSB / PL / PROS / PSC","nv":"NEGO DO BENTO","e":"n","st":"N\u00e3o eleito","dvt":"V\u00e1lido","vap":"4283","pvap":"  28,29"}]}
