{"ele":"426","tpabr":"mu","cdabr":"04391","carper":"11","t":"1","f":"o","dt":"15/11/2020","ht":"22:09:50","dv":"s","tf":"s","v":"1","esae":"n","mnae":"","s":"59","st":"59","pst":" 100,00","snt":"0","psnt":"   0,00","si":"59","psi":" 100,00","sni":"0","psni":"   0,00","sa":"59","psa":" 100,00","sna":"0","psna":"   0,00","e":"17734","ea":"17734","pea":" 100,00","ena":"0","pena":"   0,00","esi":"17734","pesi":" 100,00","esni":"0","pesni":"   0,00","c":"14381","pc":"  81,09","a":"3353","pa":"  18,91","vscv":"0","vnom":"13466","pvnom":" 100,00","vvc":"13999","pvvc":"  97,34","vb":"73","pvb":"   0,51","tvn":"309","ptvn":"   2,15","vn":"309","pvn":" 100,00","vnt":"0","pvnt":"   0,00","vp":"0","pvp":"   0,00","vv":"13466","pvv":"  96,19","van":"0","pvan":"   0,00","vansj":"533","pvansj":"   3,81","tv":"14381","cand":[{"seq":"8","sqcand":"140000871444","n":"20","nm":"ANTONIO DIGAD\u00c1","cc":"PSC - PTC / PSC","nv":"DR. VALDEMIR","e":"n","st":"N\u00e3o eleito","dvt":"V\u00e1lido","vap":"205","pvap":"   1,46"},{"seq":"4","sqcand":"140000763024","n":"25","nm":"PROFESSOR JAELSON","cc":"DEM","nv":"JUNIOR DA LOT\u00c9RICA","e":"n","st":"N\u00e3o eleito","dvt":"V\u00e1lido","vap":"1180","pvap":"   8,43"},{"seq":"7","sqcand":"140000878027","n":"40","nm":"FRANCIVALDO TRIUNFANTE","cc":"PSB","nv":"QUARENTA","e":"n","st":"N\u00e3o eleito","dvt":"V\u00e1lido","vap":"475","pvap":"   3,39"},{"seq":"3","sqcand":"140001235573","n":"45","nm":"FILH\u00c3O","cc":"PSDB","nv":"PROFESSORA DEUZEMAR","e":"n","st":"N\u00e3o eleito","dvt":"V\u00e1lido","vap":"2986","pvap":"  21,33"},{"seq":"2","sqcand":"140000972187","n":"14","nm":"VALDO BRITO","cc":"PTB","nv":"PROF\u00aa SANDRA","e":"n","st":"N\u00e3o eleito","dvt":"V\u00e1lido","vap":"3571","pvap":"  25,51"},{"seq":"6","sqcand":"140000870951","n":"11","nm":"CLAUDIO BAHIA","cc":"PP - PP / SOLIDARIEDADE","nv":"CAMAR\u00c3O DO A\u00c7OUGUE","e":"n","st":"N\u00e3o eleito","dvt":"V\u00e1lido","vap":"503","pvap":"   3,59"},{"seq":"1","sqcand":"140000887284","n":"15","nm":"BAMBUETA","cc":"MDB - PODE / PC do B / MDB / PDT","nv":"ANETE DIAS","e":"s","st":"Eleito","dvt":"V\u00e1lido","vap":"4546","pvap":"  32,47"},{"seq":"5","sqcand":"140001029711","n":"13","nm":"ALBERTINHO LE\u00c3O","cc":"PT","nv":"MARCOS SILVA","e":"n","st":"N\u00e3o eleito","dvt":"Anulado sub judice","vap":"533","pvap":"   3,81"}]}
