{"ele":"426","tpabr":"mu","cdabr":"04421","carper":"11","t":"1","f":"o","dt":"15/11/2020","ht":"22:17:24","dv":"s","tf":"s","v":"1","esae":"n","mnae":"","s":"131","st":"131","pst":" 100,00","snt":"0","psnt":"   0,00","si":"131","psi":" 100,00","sni":"0","psni":"   0,00","sa":"131","psa":" 100,00","sna":"0","psna":"   0,00","e":"43140","ea":"43140","pea":" 100,00","ena":"0","pena":"   0,00","esi":"43140","pesi":" 100,00","esni":"0","pesni":"   0,00","c":"33567","pc":"  77,81","a":"9573","pa":"  22,19","vscv":"0","vnom":"32064","pvnom":" 100,00","vvc":"32064","pvvc":"  95,52","vb":"304","pvb":"   0,91","tvn":"1199","ptvn":"   3,57","vn":"1199","pvn":" 100,00","vnt":"0","pvnt":"   0,00","vp":"0","pvp":"   0,00","vv":"32064","pvv":" 100,00","van":"0","pvan":"   0,00","vansj":"0","pvansj":"   0,00","tv":"33567","cand":[{"seq":"4","sqcand":"140001274325","n":"40","nm":"D DO BERSA","cc":"PSB - PC do B / PSB / PMB","nv":"SABRINA SELEONE","e":"n","st":"N\u00e3o eleito","dvt":"V\u00e1lido","vap":"2049","pvap":"   6,39"},{"seq":"2","sqcand":"140000989634","n":"22","nm":"VAL BISPO","cc":"PL - PT / PSC / PV / PROS / PL / AVANTE / REPUBLICANOS","nv":"IRM\u00c3O C\u00c9LIO","e":"n","st":"N\u00e3o eleito","dvt":"V\u00e1lido","vap":"10092","pvap":"  31,47"},{"seq":"1","sqcand":"140001071049","n":"55","nm":"VALDIR LEMES","cc":"PSD - PSD / PDT","nv":"ALAN MILANEZI","e":"s","st":"Eleito","dvt":"V\u00e1lido","vap":"10542","pvap":"  32,88"},{"seq":"3","sqcand":"140001067372","n":"15","nm":"AMIZADE","cc":"MDB - PTB / MDB / SOLIDARIEDADE / PMN / PSDB","nv":"DR NILTON","e":"n","st":"N\u00e3o eleito","dvt":"V\u00e1lido","vap":"8831","pvap":"  27,54"},{"seq":"5","sqcand":"140001129022","n":"11","nm":"NELSON DAS CARRETAS","cc":"PP","nv":"RAILTON KESTER","e":"n","st":"N\u00e3o eleito","dvt":"V\u00e1lido","vap":"550","pvap":"   1,72"}]}
