{"ele":"426","tpabr":"mu","cdabr":"04430","carper":"11","t":"1","f":"o","dt":"15/11/2020","ht":"22:21:54","dv":"s","tf":"s","v":"1","esae":"n","mnae":"","s":"170","st":"170","pst":" 100,00","snt":"0","psnt":"   0,00","si":"170","psi":" 100,00","sni":"0","psni":"   0,00","sa":"170","psa":" 100,00","sna":"0","psna":"   0,00","e":"50682","ea":"50682","pea":" 100,00","ena":"0","pena":"   0,00","esi":"50682","pesi":" 100,00","esni":"0","pesni":"   0,00","c":"41040","pc":"  80,98","a":"9642","pa":"  19,02","vscv":"0","vnom":"37971","pvnom":" 100,00","vvc":"37971","pvvc":"  92,52","vb":"1081","pvb":"   2,64","tvn":"1988","ptvn":"   4,84","vn":"1988","pvn":" 100,00","vnt":"0","pvnt":"   0,00","vp":"0","pvp":"   0,00","vv":"37971","pvv":" 100,00","van":"0","pvan":"   0,00","vansj":"0","pvansj":"   0,00","tv":"41040","cand":[{"seq":"2","sqcand":"140000986106","n":"20","nm":"DR JAIR NEVES","cc":"PSC - PSC / SOLIDARIEDADE / PMB / PL / PSL","nv":"JAQUELINE ROCHA","e":"n","st":"N\u00e3o eleito","dvt":"V\u00e1lido","vap":"9846","pvap":"  25,93"},{"seq":"1","sqcand":"140000690964","n":"15","nm":"CHICO NETO","cc":"MDB - REPUBLICANOS / PT / PTB / DEM / PSDB / PP / MDB / PV","nv":"CLAUDIONOR MOREIRA","e":"s","st":"Eleito","dvt":"V\u00e1lido","vap":"26732","pvap":"  70,40"},{"seq":"3","sqcand":"140000640575","n":"40","nm":"AFONSO DO PAM","cc":"PSB","nv":"MILTON ALVES","e":"n","st":"N\u00e3o eleito","dvt":"V\u00e1lido","vap":"845","pvap":"   2,23"},{"seq":"4","sqcand":"140000690978","n":"55","nm":"ADRIANO BOTELHO","cc":"PSD","nv":"ASSIS","e":"n","st":"N\u00e3o eleito","dvt":"V\u00e1lido","vap":"548","pvap":"   1,44"}]}
