{"ele":"426","tpabr":"mu","cdabr":"04448","carper":"11","t":"1","f":"o","dt":"15/11/2020","ht":"22:22:21","dv":"s","tf":"s","v":"1","esae":"n","mnae":"","s":"104","st":"104","pst":" 100,00","snt":"0","psnt":"   0,00","si":"104","psi":" 100,00","sni":"0","psni":"   0,00","sa":"104","psa":" 100,00","sna":"0","psna":"   0,00","e":"32856","ea":"32856","pea":" 100,00","ena":"0","pena":"   0,00","esi":"32856","pesi":" 100,00","esni":"0","pesni":"   0,00","c":"24408","pc":"  74,29","a":"8448","pa":"  25,71","vscv":"0","vnom":"23456","pvnom":" 100,00","vvc":"23456","pvvc":"  96,10","vb":"192","pvb":"   0,79","tvn":"760","ptvn":"   3,11","vn":"760","pvn":" 100,00","vnt":"0","pvnt":"   0,00","vp":"0","pvp":"   0,00","vv":"23456","pvv":" 100,00","van":"0","pvan":"   0,00","vansj":"0","pvansj":"   0,00","tv":"24408","cand":[{"seq":"3","sqcand":"140000788044","n":"55","nm":"GARCES COSTA","cc":"PSD - PSD / PSC","nv":"IRANEIDE DO SINDICATO","e":"n","st":"N\u00e3o eleito","dvt":"V\u00e1lido","vap":"7010","pvap":"  29,89"},{"seq":"2","sqcand":"140000959242","n":"15","nm":"FABIANA DO ALEM\u00c3O","cc":"MDB - SOLIDARIEDADE / MDB / PTB","nv":"ROSANI DO BARREIRINHAS","e":"n","st":"N\u00e3o eleito","dvt":"V\u00e1lido","vap":"7615","pvap":"  32,47"},{"seq":"1","sqcand":"140001147941","n":"22","nm":"FLAVIO MEZZOMO","cc":"PL - PODE / PL / PT / AVANTE","nv":"ROMEU","e":"s","st":"Eleito","dvt":"V\u00e1lido","vap":"8831","pvap":"  37,65"}]}
