{"ele":"426","tpabr":"mu","cdabr":"04456","carper":"11","t":"1","f":"o","dt":"15/11/2020","ht":"21:13:21","dv":"s","tf":"s","v":"1","esae":"n","mnae":"","s":"129","st":"129","pst":" 100,00","snt":"0","psnt":"   0,00","si":"129","psi":" 100,00","sni":"0","psni":"   0,00","sa":"129","psa":" 100,00","sna":"0","psna":"   0,00","e":"39091","ea":"39091","pea":" 100,00","ena":"0","pena":"   0,00","esi":"39091","pesi":" 100,00","esni":"0","pesni":"   0,00","c":"33644","pc":"  86,07","a":"5447","pa":"  13,93","vscv":"0","vnom":"32579","pvnom":" 100,00","vvc":"32579","pvvc":"  96,83","vb":"273","pvb":"   0,82","tvn":"792","ptvn":"   2,35","vn":"792","pvn":" 100,00","vnt":"0","pvnt":"   0,00","vp":"0","pvp":"   0,00","vv":"32579","pvv":" 100,00","van":"0","pvan":"   0,00","vansj":"0","pvansj":"   0,00","tv":"33644","cand":[{"seq":"1","sqcand":"140000655919","n":"22","nm":"JO\u00c3O TONHEIRO","cc":"PL - MDB / PSC / PL","nv":"M\u00c1RCIO FUKUDA","e":"s","st":"Eleito","dvt":"V\u00e1lido","vap":"18469","pvap":"  56,69"},{"seq":"2","sqcand":"140001027048","n":"77","nm":"RODRIGO BELO","cc":"SOLIDARIEDADE - PTB / PSDB / SOLIDARIEDADE / PT","nv":"DR ELMANO","e":"n","st":"N\u00e3o eleito","dvt":"V\u00e1lido","vap":"13778","pvap":"  42,29"},{"seq":"3","sqcand":"140000643231","n":"51","nm":"LOURINHO","cc":"PATRIOTA","nv":"JO\u00c3O DO PO\u00c7O","e":"n","st":"N\u00e3o eleito","dvt":"V\u00e1lido","vap":"332","pvap":"   1,02"}]}
