{"ele":"426","tpabr":"mu","cdabr":"04472","carper":"11","t":"1","f":"o","dt":"15/11/2020","ht":"22:05:51","dv":"s","tf":"s","v":"1","esae":"n","mnae":"","s":"372","st":"372","pst":" 100,00","snt":"0","psnt":"   0,00","si":"372","psi":" 100,00","sni":"0","psni":"   0,00","sa":"372","psa":" 100,00","sna":"0","psna":"   0,00","e":"129958","ea":"129958","pea":" 100,00","ena":"0","pena":"   0,00","esi":"129958","pesi":" 100,00","esni":"0","pesni":"   0,00","c":"105384","pc":"  81,09","a":"24574","pa":"  18,91","vscv":"0","vnom":"99578","pvnom":" 100,00","vvc":"99578","pvvc":"  94,49","vb":"2054","pvb":"   1,95","tvn":"3752","ptvn":"   3,56","vn":"3752","pvn":" 100,00","vnt":"0","pvnt":"   0,00","vp":"0","pvp":"   0,00","vv":"99578","pvv":" 100,00","van":"0","pvan":"   0,00","vansj":"0","pvansj":"   0,00","tv":"105384","cand":[{"seq":"3","sqcand":"140000743863","n":"55","nm":"DRA MYLENE","cc":"PSD - PP / PRTB / PSD / DEM / PTB","nv":"LUCIANA CASTANHEIRA","e":"n","st":"N\u00e3o eleito","dvt":"V\u00e1lido","vap":"19016","pvap":"  19,10"},{"seq":"5","sqcand":"140000914776","n":"20","nm":"NELIO AMORIM","cc":"PSC - PSC / PSL / PMN","nv":"VALDEMIR OLIVEIRA","e":"n","st":"N\u00e3o eleito","dvt":"V\u00e1lido","vap":"9799","pvap":"   9,84"},{"seq":"8","sqcand":"140000780760","n":"35","nm":"DR PEDRO ABREU","cc":"PMB","nv":"CL\u00c1UDIA NASCIMENTO","e":"n","st":"N\u00e3o eleito","dvt":"V\u00e1lido","vap":"100","pvap":"   0,10"},{"seq":"6","sqcand":"140000743918","n":"22","nm":"EDIVAM DAMASCENO","cc":"PL - PL / PTC / PROS","nv":"NAZA LIRA","e":"n","st":"N\u00e3o eleito","dvt":"V\u00e1lido","vap":"3065","pvap":"   3,08"},{"seq":"7","sqcand":"140001089153","n":"50","nm":"PROFESSOR ALACID","cc":"PSOL","nv":"PROF\u00aa ILMARA OLIVEIRA","e":"n","st":"N\u00e3o eleito","dvt":"V\u00e1lido","vap":"1753","pvap":"   1,76"},{"seq":"2","sqcand":"140000821063","n":"23","nm":"PEDRO COELHO","cc":"CIDADANIA","nv":"LANDRY","e":"n","st":"N\u00e3o eleito","dvt":"V\u00e1lido","vap":"24457","pvap":"  24,56"},{"seq":"4","sqcand":"140001028391","n":"12","nm":"JUNIOR HAGE","cc":"PDT - PV / PODE / PC do B / SOLIDARIEDADE / PDT","nv":"CARLOS ROSA","e":"n","st":"N\u00e3o eleito","dvt":"V\u00e1lido","vap":"14531","pvap":"  14,59"},{"seq":"1","sqcand":"140001197770","n":"15","nm":"TITAN","cc":"MDB - MDB / REPUBLICANOS / PT / AVANTE / PSB","nv":"\u00caNIO MONTEIRO","e":"s","st":"Eleito","dvt":"V\u00e1lido","vap":"26857","pvap":"  26,97"}]}
