{"ele":"426","tpabr":"mu","cdabr":"04537","carper":"11","t":"1","f":"o","dt":"15/11/2020","ht":"23:03:11","dv":"s","tf":"s","v":"1","esae":"n","mnae":"","s":"103","st":"103","pst":" 100,00","snt":"0","psnt":"   0,00","si":"103","psi":" 100,00","sni":"0","psni":"   0,00","sa":"103","psa":" 100,00","sna":"0","psna":"   0,00","e":"32215","ea":"32215","pea":" 100,00","ena":"0","pena":"   0,00","esi":"32215","pesi":" 100,00","esni":"0","pesni":"   0,00","c":"24852","pc":"  77,14","a":"7363","pa":"  22,86","vscv":"0","vnom":"23505","pvnom":" 100,00","vvc":"23505","pvvc":"  94,58","vb":"292","pvb":"   1,17","tvn":"1055","ptvn":"   4,25","vn":"1055","pvn":" 100,00","vnt":"0","pvnt":"   0,00","vp":"0","pvp":"   0,00","vv":"23505","pvv":" 100,00","van":"0","pvan":"   0,00","vansj":"0","pvansj":"   0,00","tv":"24852","cand":[{"seq":"3","sqcand":"140001245491","n":"23","nm":"EVERALDO NUNES","cc":"CIDADANIA - CIDADANIA / AVANTE","nv":"IRM\u00c3O GENEILTON","e":"n","st":"N\u00e3o eleito","dvt":"V\u00e1lido","vap":"1705","pvap":"   7,25"},{"seq":"1","sqcand":"140000768559","n":"15","nm":"JAIR MARTINS","cc":"MDB - PSC / PDT / PODE / PSB / MDB / PL / PSD / PSL / PMN","nv":"PASTOR RONDINEY","e":"s","st":"Eleito","dvt":"V\u00e1lido","vap":"14537","pvap":"  61,85"},{"seq":"2","sqcand":"140001058886","n":"13","nm":"ALVARO BRITO","cc":"PT - SOLIDARIEDADE / PC do B / PT / PSDB","nv":"IVANILDE ALVES","e":"n","st":"N\u00e3o eleito","dvt":"V\u00e1lido","vap":"6968","pvap":"  29,64"},{"seq":"4","sqcand":"140001065669","n":"25","nm":"DR C\u00cdCERO","cc":"DEM","nv":"JOSE PAULO DOS SANTOS","e":"n","st":"N\u00e3o eleito","dvt":"V\u00e1lido","vap":"295","pvap":"   1,26"}]}
