{"ele":"426","tpabr":"mu","cdabr":"04545","carper":"11","t":"1","f":"o","dt":"15/11/2020","ht":"22:56:10","dv":"s","tf":"s","v":"1","esae":"n","mnae":"","s":"32","st":"32","pst":" 100,00","snt":"0","psnt":"   0,00","si":"32","psi":" 100,00","sni":"0","psni":"   0,00","sa":"32","psa":" 100,00","sna":"0","psna":"   0,00","e":"10564","ea":"10564","pea":" 100,00","ena":"0","pena":"   0,00","esi":"10564","pesi":" 100,00","esni":"0","pesni":"   0,00","c":"8929","pc":"  84,52","a":"1635","pa":"  15,48","vscv":"0","vnom":"8684","pvnom":" 100,00","vvc":"8684","pvvc":"  97,26","vb":"62","pvb":"   0,69","tvn":"183","ptvn":"   2,05","vn":"183","pvn":" 100,00","vnt":"0","pvnt":"   0,00","vp":"0","pvp":"   0,00","vv":"8684","pvv":" 100,00","van":"0","pvan":"   0,00","vansj":"0","pvansj":"   0,00","tv":"8929","cand":[{"seq":"1","sqcand":"140001148319","n":"20","nm":"NALDO MATOS","cc":"PSC - PP / PTB / MDB / PSC","nv":"\u00d3SIO SAMPAIO","e":"s","st":"Eleito","dvt":"V\u00e1lido","vap":"3950","pvap":"  45,49"},{"seq":"4","sqcand":"140001139250","n":"45","nm":"FRANKLIN RODRIGUES","cc":"PSDB","nv":"SILVIO COSTA","e":"n","st":"N\u00e3o eleito","dvt":"V\u00e1lido","vap":"1092","pvap":"  12,57"},{"seq":"2","sqcand":"140001141734","n":"22","nm":"JO\u00c3O PAULO","cc":"PL - PT / PL","nv":"CESAR AMARAL","e":"n","st":"N\u00e3o eleito","dvt":"V\u00e1lido","vap":"2261","pvap":"  26,04"},{"seq":"3","sqcand":"140000883557","n":"12","nm":"MARLY MAGNO DA ROCHA HAYASHI","cc":"PDT","nv":"DORCELIO","e":"n","st":"N\u00e3o eleito","dvt":"V\u00e1lido","vap":"1381","pvap":"  15,90"}]}
