{"ele":"426","tpabr":"mu","cdabr":"04561","carper":"11","t":"1","f":"o","dt":"15/11/2020","ht":"23:00:19","dv":"s","tf":"s","v":"1","esae":"n","mnae":"","s":"43","st":"43","pst":" 100,00","snt":"0","psnt":"   0,00","si":"43","psi":" 100,00","sni":"0","psni":"   0,00","sa":"43","psa":" 100,00","sna":"0","psna":"   0,00","e":"13560","ea":"13560","pea":" 100,00","ena":"0","pena":"   0,00","esi":"13560","pesi":" 100,00","esni":"0","pesni":"   0,00","c":"11296","pc":"  83,30","a":"2264","pa":"  16,70","vscv":"0","vnom":"10868","pvnom":" 100,00","vvc":"10868","pvvc":"  96,21","vb":"72","pvb":"   0,64","tvn":"356","ptvn":"   3,15","vn":"356","pvn":" 100,00","vnt":"0","pvnt":"   0,00","vp":"0","pvp":"   0,00","vv":"10868","pvv":" 100,00","van":"0","pvan":"   0,00","vansj":"0","pvansj":"   0,00","tv":"11296","cand":[{"seq":"2","sqcand":"140001109218","n":"15","nm":"CLAUDINEI","cc":"MDB - PODE / MDB / PSC / PATRIOTA / PT","nv":"IVAN DO ATACAD\u00c3O","e":"n","st":"N\u00e3o eleito","dvt":"V\u00e1lido","vap":"3856","pvap":"  35,48"},{"seq":"1","sqcand":"140000693351","n":"22","nm":"MAJORRI SANTIAGO","cc":"PL - PL / PSD / AVANTE","nv":"VEREADOR ALECIO","e":"s","st":"Eleito","dvt":"V\u00e1lido","vap":"4999","pvap":"  46,00"},{"seq":"3","sqcand":"140001123554","n":"45","nm":"AD\u00c9LIO DOS SANTOS","cc":"PSDB - PSDB / PDT","nv":"Z\u00c9 MARIA DO LATIC\u00cdNIO","e":"n","st":"N\u00e3o eleito","dvt":"V\u00e1lido","vap":"2013","pvap":"  18,52"}]}
