{"ele":"426","tpabr":"mu","cdabr":"04570","carper":"11","t":"1","f":"o","dt":"15/11/2020","ht":"22:13:06","dv":"s","tf":"s","v":"1","esae":"n","mnae":"","s":"96","st":"96","pst":" 100,00","snt":"0","psnt":"   0,00","si":"96","psi":" 100,00","sni":"0","psni":"   0,00","sa":"96","psa":" 100,00","sna":"0","psna":"   0,00","e":"31029","ea":"31029","pea":" 100,00","ena":"0","pena":"   0,00","esi":"31029","pesi":" 100,00","esni":"0","pesni":"   0,00","c":"24848","pc":"  80,08","a":"6181","pa":"  19,92","vscv":"0","vnom":"23449","pvnom":" 100,00","vvc":"23449","pvvc":"  94,37","vb":"365","pvb":"   1,47","tvn":"1034","ptvn":"   4,16","vn":"1034","pvn":" 100,00","vnt":"0","pvnt":"   0,00","vp":"0","pvp":"   0,00","vv":"23449","pvv":" 100,00","van":"0","pvan":"   0,00","vansj":"0","pvansj":"   0,00","tv":"24848","cand":[{"seq":"2","sqcand":"140000872453","n":"90","nm":"DR HIGOR","cc":"PROS","nv":"IRM\u00c3O F\u00c1BIO MOURA","e":"n","st":"N\u00e3o eleito","dvt":"V\u00e1lido","vap":"4817","pvap":"  20,54"},{"seq":"3","sqcand":"140000790253","n":"51","nm":"T\u00d4NICO","cc":"PATRIOTA","nv":"PRISCILA","e":"n","st":"N\u00e3o eleito","dvt":"V\u00e1lido","vap":"547","pvap":"   2,33"},{"seq":"1","sqcand":"140001148256","n":"15","nm":"TARRAFA","cc":"MDB - PSB / PSDB / PSC / MDB / DEM / REPUBLICANOS / PT","nv":"HAMILTON BRITO","e":"s","st":"Eleito","dvt":"V\u00e1lido","vap":"18085","pvap":"  77,12"}]}
