{"ele":"426","tpabr":"mu","cdabr":"04669","carper":"11","t":"1","f":"o","dt":"15/11/2020","ht":"22:08:08","dv":"s","tf":"s","v":"1","esae":"n","mnae":"","s":"73","st":"73","pst":" 100,00","snt":"0","psnt":"   0,00","si":"73","psi":" 100,00","sni":"0","psni":"   0,00","sa":"73","psa":" 100,00","sna":"0","psna":"   0,00","e":"23247","ea":"23247","pea":" 100,00","ena":"0","pena":"   0,00","esi":"23247","pesi":" 100,00","esni":"0","pesni":"   0,00","c":"19509","pc":"  83,92","a":"3738","pa":"  16,08","vscv":"0","vnom":"18887","pvnom":" 100,00","vvc":"18887","pvvc":"  96,81","vb":"109","pvb":"   0,56","tvn":"513","ptvn":"   2,63","vn":"513","pvn":" 100,00","vnt":"0","pvnt":"   0,00","vp":"0","pvp":"   0,00","vv":"18887","pvv":" 100,00","van":"0","pvan":"   0,00","vansj":"0","pvansj":"   0,00","tv":"19509","cand":[{"seq":"5","sqcand":"140001026979","n":"45","nm":"ALU\u00cdZIO BARROS","cc":"PSDB - PSDB / DEM","nv":"PROF BIANOR","e":"n","st":"N\u00e3o eleito","dvt":"V\u00e1lido","vap":"1169","pvap":"   6,19"},{"seq":"2","sqcand":"140000721693","n":"15","nm":"NELSON PINHEIRO","cc":"MDB - MDB / PL / REPUBLICANOS / PSB","nv":"RAI","e":"n","st":"N\u00e3o eleito","dvt":"V\u00e1lido","vap":"6480","pvap":"  34,31"},{"seq":"6","sqcand":"140000860795","n":"13","nm":"DANIEL SANTOS","cc":"PT","nv":"SARAIVA","e":"n","st":"N\u00e3o eleito","dvt":"V\u00e1lido","vap":"348","pvap":"   1,84"},{"seq":"1","sqcand":"140000637218","n":"14","nm":"ZEZINHO COSTA","cc":"PTB - PTB / PDT","nv":"BENEDITO PATOLA","e":"s","st":"Eleito","dvt":"V\u00e1lido","vap":"6933","pvap":"  36,71"},{"seq":"3","sqcand":"140000957166","n":"70","nm":"DR. TAMARIZ","cc":"AVANTE - AVANTE / PSC","nv":"Z\u00c9U DE VILA F\u00c1TIMA","e":"n","st":"N\u00e3o eleito","dvt":"V\u00e1lido","vap":"2202","pvap":"  11,66"},{"seq":"4","sqcand":"140000759645","n":"23","nm":"PROFESSORA MIRIAN BRITO","cc":"CIDADANIA - CIDADANIA / PSOL","nv":"NAASSOM SOUSA","e":"n","st":"N\u00e3o eleito","dvt":"V\u00e1lido","vap":"1733","pvap":"   9,18"},{"seq":"7","sqcand":"140001136252","n":"19","nm":"ALEXANDRE FERNANDES","cc":"PODE","nv":"REINALDO REIS","e":"n","st":"N\u00e3o eleito","dvt":"V\u00e1lido","vap":"22","pvap":"   0,12"}]}
