{"ele":"426","tpabr":"mu","cdabr":"04685","carper":"11","t":"1","f":"o","dt":"15/11/2020","ht":"23:32:26","dv":"s","tf":"s","v":"1","esae":"n","mnae":"","s":"32","st":"32","pst":" 100,00","snt":"0","psnt":"   0,00","si":"32","psi":" 100,00","sni":"0","psni":"   0,00","sa":"32","psa":" 100,00","sna":"0","psna":"   0,00","e":"9803","ea":"9803","pea":" 100,00","ena":"0","pena":"   0,00","esi":"9803","pesi":" 100,00","esni":"0","pesni":"   0,00","c":"7811","pc":"  79,68","a":"1992","pa":"  20,32","vscv":"0","vnom":"7622","pvnom":" 100,00","vvc":"7622","pvvc":"  97,58","vb":"32","pvb":"   0,41","tvn":"157","ptvn":"   2,01","vn":"157","pvn":" 100,00","vnt":"0","pvnt":"   0,00","vp":"0","pvp":"   0,00","vv":"7622","pvv":" 100,00","van":"0","pvan":"   0,00","vansj":"0","pvansj":"   0,00","tv":"7811","cand":[{"seq":"3","sqcand":"140001151092","n":"22","nm":"REGINA OLIVEIRA","cc":"PL - PL / PSDB","nv":"TATU","e":"n","st":"N\u00e3o eleito","dvt":"V\u00e1lido","vap":"313","pvap":"   4,11"},{"seq":"1","sqcand":"140000888431","n":"15","nm":"Z\u00c9 AUGUSTO","cc":"MDB - MDB / PDT","nv":"EDIVALDO","e":"s","st":"Eleito","dvt":"V\u00e1lido","vap":"4048","pvap":"  53,11"},{"seq":"2","sqcand":"140000981464","n":"25","nm":"PROFESSOR LUIZ","cc":"DEM - DEM / REPUBLICANOS / PT","nv":"GINHO LISBOA","e":"n","st":"N\u00e3o eleito","dvt":"V\u00e1lido","vap":"3261","pvap":"  42,78"}]}
