{"ele":"426","tpabr":"mu","cdabr":"04693","carper":"11","t":"1","f":"o","dt":"15/11/2020","ht":"22:32:04","dv":"s","tf":"s","v":"1","esae":"n","mnae":"","s":"98","st":"98","pst":" 100,00","snt":"0","psnt":"   0,00","si":"98","psi":" 100,00","sni":"0","psni":"   0,00","sa":"98","psa":" 100,00","sna":"0","psna":"   0,00","e":"25742","ea":"25742","pea":" 100,00","ena":"0","pena":"   0,00","esi":"25742","pesi":" 100,00","esni":"0","pesni":"   0,00","c":"20944","pc":"  81,36","a":"4798","pa":"  18,64","vscv":"0","vnom":"20259","pvnom":" 100,00","vvc":"20259","pvvc":"  96,73","vb":"136","pvb":"   0,65","tvn":"549","ptvn":"   2,62","vn":"549","pvn":" 100,00","vnt":"0","pvnt":"   0,00","vp":"0","pvp":"   0,00","vv":"20259","pvv":" 100,00","van":"0","pvan":"   0,00","vansj":"0","pvansj":"   0,00","tv":"20944","cand":[{"seq":"4","sqcand":"140000737657","n":"36","nm":"WALDEMAR NUNES","cc":"PTC","nv":"ALBELE MORAES","e":"n","st":"N\u00e3o eleito","dvt":"V\u00e1lido","vap":"697","pvap":"   3,44"},{"seq":"1","sqcand":"140001010511","n":"22","nm":"MARCOS TONHEIRO","cc":"PL - PROS / MDB / PL / PSC","nv":"DONA LETICIA","e":"s","st":"Eleito","dvt":"V\u00e1lido","vap":"10734","pvap":"  52,98"},{"seq":"2","sqcand":"140000857511","n":"25","nm":"CARMELINA COSTA","cc":"DEM - DEM / PTB","nv":"MANELZINHO","e":"n","st":"N\u00e3o eleito","dvt":"V\u00e1lido","vap":"5047","pvap":"  24,91"},{"seq":"3","sqcand":"140000637131","n":"51","nm":"PROFESSOR GLEICE","cc":"PATRIOTA","nv":"MARLI","e":"n","st":"N\u00e3o eleito","dvt":"V\u00e1lido","vap":"3781","pvap":"  18,66"}]}
