{"ele":"426","tpabr":"mu","cdabr":"04731","carper":"11","t":"1","f":"o","dt":"15/11/2020","ht":"22:40:32","dv":"s","tf":"s","v":"1","esae":"n","mnae":"","s":"112","st":"112","pst":" 100,00","snt":"0","psnt":"   0,00","si":"112","psi":" 100,00","sni":"0","psni":"   0,00","sa":"112","psa":" 100,00","sna":"0","psna":"   0,00","e":"33035","ea":"33035","pea":" 100,00","ena":"0","pena":"   0,00","esi":"33035","pesi":" 100,00","esni":"0","pesni":"   0,00","c":"24761","pc":"  74,95","a":"8274","pa":"  25,05","vscv":"0","vnom":"23741","pvnom":" 100,00","vvc":"23741","pvvc":"  95,88","vb":"190","pvb":"   0,77","tvn":"830","ptvn":"   3,35","vn":"830","pvn":" 100,00","vnt":"0","pvnt":"   0,00","vp":"0","pvp":"   0,00","vv":"23741","pvv":" 100,00","van":"0","pvan":"   0,00","vansj":"0","pvansj":"   0,00","tv":"24761","cand":[{"seq":"3","sqcand":"140001209488","n":"19","nm":"JORD\u00c3O MARTINS","cc":"PODE","nv":"MARCELO LOTERO","e":"n","st":"N\u00e3o eleito","dvt":"V\u00e1lido","vap":"3227","pvap":"  13,59"},{"seq":"2","sqcand":"140000993857","n":"22","nm":"EIDER GOMES","cc":"PL - PL / PDT / DEM","nv":"IRMAO SOM","e":"n","st":"N\u00e3o eleito","dvt":"V\u00e1lido","vap":"9292","pvap":"  39,14"},{"seq":"4","sqcand":"140001076788","n":"14","nm":"ZAIRA LIMA","cc":"PTB","nv":"CHICO DA AGROVILA","e":"n","st":"N\u00e3o eleito","dvt":"V\u00e1lido","vap":"927","pvap":"   3,90"},{"seq":"1","sqcand":"140000940881","n":"55","nm":"BENJAMIN TASCA","cc":"PSD - MDB / CIDADANIA / PSB / PSD / PP / PROS / REPUBLICANOS","nv":"PROFESSOR MENEZES","e":"s","st":"Eleito","dvt":"V\u00e1lido","vap":"10191","pvap":"  42,93"},{"seq":"5","sqcand":"140001197060","n":"50","nm":"PROF. ALYSSON NEGREIROS","cc":"PSOL","nv":"GABRIELA MENDES","e":"n","st":"N\u00e3o eleito","dvt":"V\u00e1lido","vap":"104","pvap":"   0,44"}]}
