{"ele":"426","tpabr":"mu","cdabr":"04740","carper":"11","t":"1","f":"o","dt":"15/11/2020","ht":"23:06:37","dv":"s","tf":"s","v":"1","esae":"n","mnae":"","s":"43","st":"43","pst":" 100,00","snt":"0","psnt":"   0,00","si":"43","psi":" 100,00","sni":"0","psni":"   0,00","sa":"43","psa":" 100,00","sna":"0","psna":"   0,00","e":"9391","ea":"9391","pea":" 100,00","ena":"0","pena":"   0,00","esi":"9391","pesi":" 100,00","esni":"0","pesni":"   0,00","c":"8378","pc":"  89,21","a":"1013","pa":"  10,79","vscv":"0","vnom":"8127","pvnom":" 100,00","vvc":"8127","pvvc":"  97,00","vb":"47","pvb":"   0,57","tvn":"204","ptvn":"   2,43","vn":"204","pvn":" 100,00","vnt":"0","pvnt":"   0,00","vp":"0","pvp":"   0,00","vv":"8127","pvv":" 100,00","van":"0","pvan":"   0,00","vansj":"0","pvansj":"   0,00","tv":"8378","cand":[{"seq":"6","sqcand":"140001091767","n":"28","nm":"DINHO RIBEIRO","cc":"PRTB","nv":"SILAS ROCHA","e":"n","st":"N\u00e3o eleito","dvt":"V\u00e1lido","vap":"68","pvap":"   0,84"},{"seq":"5","sqcand":"140001091103","n":"13","nm":"XUXA DO PT","cc":"PT - PT / PSC","nv":"NICOLAU CIOFFI","e":"n","st":"N\u00e3o eleito","dvt":"V\u00e1lido","vap":"226","pvap":"   2,78"},{"seq":"4","sqcand":"140000750087","n":"65","nm":"\u00c1UREA NINA","cc":"PC do B","nv":"ZENILSON GARCIA","e":"n","st":"N\u00e3o eleito","dvt":"V\u00e1lido","vap":"285","pvap":"   3,51"},{"seq":"1","sqcand":"140000701110","n":"19","nm":"GICA","cc":"PODE - PODE / PSDB / PTB / PSD","nv":"NELINHO DUARTE","e":"s","st":"Eleito","dvt":"V\u00e1lido","vap":"4029","pvap":"  49,58"},{"seq":"2","sqcand":"140000701743","n":"22","nm":"JAIR DAMASCENO","cc":"PL - PL / REPUBLICANOS","nv":"LAURO C\u00c9LIO","e":"n","st":"N\u00e3o eleito","dvt":"V\u00e1lido","vap":"2584","pvap":"  31,80"},{"seq":"3","sqcand":"140000926241","n":"15","nm":"Z\u00c9 DA MARTA","cc":"MDB - MDB / PP","nv":"RICARDO","e":"n","st":"N\u00e3o eleito","dvt":"V\u00e1lido","vap":"935","pvap":"  11,50"}]}
