{"ele":"426","tpabr":"mu","cdabr":"04758","carper":"11","t":"1","f":"o","dt":"15/11/2020","ht":"22:11:25","dv":"s","tf":"s","v":"1","esae":"n","mnae":"","s":"115","st":"115","pst":" 100,00","snt":"0","psnt":"   0,00","si":"115","psi":" 100,00","sni":"0","psni":"   0,00","sa":"115","psa":" 100,00","sna":"0","psna":"   0,00","e":"34460","ea":"34460","pea":" 100,00","ena":"0","pena":"   0,00","esi":"34460","pesi":" 100,00","esni":"0","pesni":"   0,00","c":"25969","pc":"  75,36","a":"8491","pa":"  24,64","vscv":"0","vnom":"24682","pvnom":" 100,00","vvc":"24682","pvvc":"  95,04","vb":"376","pvb":"   1,45","tvn":"911","ptvn":"   3,51","vn":"911","pvn":" 100,00","vnt":"0","pvnt":"   0,00","vp":"0","pvp":"   0,00","vv":"24682","pvv":" 100,00","van":"0","pvan":"   0,00","vansj":"0","pvansj":"   0,00","tv":"25969","cand":[{"seq":"1","sqcand":"140000724155","n":"22","nm":"ITONIR TAVARES","cc":"PL - PATRIOTA / PT / PL / DEM / AVANTE / PROS / REPUBLICANOS","nv":"CHAPOLIN","e":"s","st":"Eleito","dvt":"V\u00e1lido","vap":"14231","pvap":"  57,66"},{"seq":"4","sqcand":"140001009095","n":"12","nm":"GEANE DE DEUS","cc":"PDT - PC do B / PSOL / PDT","nv":"ZEZ\u00c9 DO VALE","e":"n","st":"N\u00e3o eleito","dvt":"V\u00e1lido","vap":"1934","pvap":"   7,84"},{"seq":"2","sqcand":"140000982781","n":"17","nm":"CAPITAO ROGERIO","cc":"PSL - PSL / MDB","nv":"DONA MARILENE","e":"n","st":"N\u00e3o eleito","dvt":"V\u00e1lido","vap":"4587","pvap":"  18,58"},{"seq":"3","sqcand":"140001226644","n":"19","nm":"ISMAEL BARBOSA","cc":"PODE - PSB / PSD / PODE","nv":"MARIZA","e":"n","st":"N\u00e3o eleito","dvt":"V\u00e1lido","vap":"3930","pvap":"  15,92"}]}
