{"ele":"426","tpabr":"mu","cdabr":"04774","carper":"11","t":"1","f":"o","dt":"15/11/2020","ht":"22:02:33","dv":"s","tf":"s","v":"1","esae":"s","mnae":"Candidato com maior vota\u00e7\u00e3o nominal anulada ou anulada sub judice.","s":"117","st":"117","pst":" 100,00","snt":"0","psnt":"   0,00","si":"117","psi":" 100,00","sni":"0","psni":"   0,00","sa":"117","psa":" 100,00","sna":"0","psna":"   0,00","e":"34537","ea":"34537","pea":" 100,00","ena":"0","pena":"   0,00","esi":"34537","pesi":" 100,00","esni":"0","pesni":"   0,00","c":"28388","pc":"  82,20","a":"6149","pa":"  17,80","vscv":"0","vnom":"14260","pvnom":" 100,00","vvc":"27723","pvvc":"  97,66","vb":"149","pvb":"   0,52","tvn":"516","ptvn":"   1,82","vn":"516","pvn":" 100,00","vnt":"0","pvnt":"   0,00","vp":"0","pvp":"   0,00","vv":"14260","pvv":"  51,44","van":"0","pvan":"   0,00","vansj":"13463","pvansj":"  48,56","tv":"28388","cand":[{"seq":"2","sqcand":"140001122751","n":"13","nm":"HENRIQUE COSTA","cc":"PT - PV / PT / AVANTE / DEM / PC do B","nv":"CARLOS ALBERTO","e":"n","st":"N\u00e3o eleito","dvt":"V\u00e1lido","vap":"9520","pvap":"  34,34"},{"seq":"1","sqcand":"140000866408","n":"15","nm":"DONA LUCIDIA","cc":"MDB - REPUBLICANOS / MDB / PL / PSL / PSDB / PSD","nv":"FLADIMIR ANDRADE","e":"n","st":"N\u00e3o eleito","dvt":"Anulado sub judice","vap":"13463","pvap":"  48,56"},{"seq":"3","sqcand":"140000982124","n":"50","nm":"GERDEONOR PEREIRA","cc":"PSOL","nv":"NELSINHO DO CORREIO","e":"n","st":"N\u00e3o eleito","dvt":"V\u00e1lido","vap":"2818","pvap":"  10,16"},{"seq":"4","sqcand":"140000868630","n":"20","nm":"CRISTIAN REZENDE","cc":"PSC","nv":"PEDRO FAUST\u00c3O","e":"n","st":"N\u00e3o eleito","dvt":"V\u00e1lido","vap":"1922","pvap":"   6,93"}]}
