{"ele":"426","tpabr":"mu","cdabr":"04804","carper":"11","t":"1","f":"o","dt":"15/11/2020","ht":"22:18:03","dv":"s","tf":"s","v":"1","esae":"s","mnae":"Candidato com maior vota\u00e7\u00e3o nominal anulada ou anulada sub judice.Soma de votos de candidatos com vota\u00e7\u00e3o anulada e anulada sub judice ultrapassou 50% do total da vota\u00e7\u00e3o nominal.","s":"63","st":"63","pst":" 100,00","snt":"0","psnt":"   0,00","si":"63","psi":" 100,00","sni":"0","psni":"   0,00","sa":"63","psa":" 100,00","sna":"0","psna":"   0,00","e":"14200","ea":"14200","pea":" 100,00","ena":"0","pena":"   0,00","esi":"14200","pesi":" 100,00","esni":"0","pesni":"   0,00","c":"11751","pc":"  82,75","a":"2449","pa":"  17,25","vscv":"0","vnom":"4835","pvnom":" 100,00","vvc":"11369","pvvc":"  96,75","vb":"117","pvb":"   0,99","tvn":"265","ptvn":"   2,26","vn":"265","pvn":" 100,00","vnt":"0","pvnt":"   0,00","vp":"0","pvp":"   0,00","vv":"4835","pvv":"  42,53","van":"0","pvan":"   0,00","vansj":"6534","pvansj":"  57,47","tv":"11751","cand":[{"seq":"3","sqcand":"140000793750","n":"40","nm":"ARIELTON CONTADOR","cc":"PSB","nv":"IVANETE PEDROSA","e":"n","st":"N\u00e3o eleito","dvt":"V\u00e1lido","vap":"2071","pvap":"  18,22"},{"seq":"2","sqcand":"140000724022","n":"13","nm":"TINEM","cc":"PT","nv":"MILTON ALMADA","e":"n","st":"N\u00e3o eleito","dvt":"V\u00e1lido","vap":"2605","pvap":"  22,91"},{"seq":"5","sqcand":"140001130627","n":"45","nm":"PATROC\u00cdNIO","cc":"PSDB","nv":"PROF SOCORRO","e":"n","st":"N\u00e3o eleito","dvt":"V\u00e1lido","vap":"159","pvap":"   1,40"},{"seq":"1","sqcand":"140000634422","n":"25","nm":"DR MACEDO","cc":"DEM - DEM / PSC / PV","nv":"PROF ULISSES","e":"n","st":"N\u00e3o eleito","dvt":"Anulado sub judice","vap":"4758","pvap":"  41,85"},{"seq":"4","sqcand":"140000873602","n":"15","nm":"JUNIOR ROCHA","cc":"MDB","nv":"MARIA FREIRE","e":"n","st":"N\u00e3o eleito","dvt":"Anulado sub judice","vap":"1776","pvap":"  15,62"}]}
