{"ele":"426","tpabr":"mu","cdabr":"04839","carper":"11","t":"1","f":"o","dt":"15/11/2020","ht":"22:23:26","dv":"s","tf":"s","v":"1","esae":"n","mnae":"","s":"550","st":"550","pst":" 100,00","snt":"0","psnt":"   0,00","si":"550","psi":" 100,00","sni":"0","psni":"   0,00","sa":"550","psa":" 100,00","sna":"0","psna":"   0,00","e":"179714","ea":"179714","pea":" 100,00","ena":"0","pena":"   0,00","esi":"179714","pesi":" 100,00","esni":"0","pesni":"   0,00","c":"136777","pc":"  76,11","a":"42937","pa":"  23,89","vscv":"0","vnom":"129874","pvnom":" 100,00","vvc":"129874","pvvc":"  94,95","vb":"1978","pvb":"   1,45","tvn":"4925","ptvn":"   3,60","vn":"4925","pvn":" 100,00","vnt":"0","pvnt":"   0,00","vp":"0","pvp":"   0,00","vv":"129874","pvv":" 100,00","van":"0","pvan":"   0,00","vansj":"0","pvansj":"   0,00","tv":"136777","cand":[{"seq":"1","sqcand":"140000865718","n":"55","nm":"TI\u00c3O MIRANDA","cc":"PSD - CIDADANIA / PT / PDT / REPUBLICANOS / PC do B / PSDB / PSD / DEM / SOLIDARIEDADE","nv":"LUCIANO DIAS","e":"s","st":"Eleito","dvt":"V\u00e1lido","vap":"96193","pvap":"  74,07"},{"seq":"2","sqcand":"140001058437","n":"17","nm":"DOUTOR VELOSO","cc":"PSL - PSL / MDB","nv":"CLAUDINHA","e":"n","st":"N\u00e3o eleito","dvt":"V\u00e1lido","vap":"16500","pvap":"  12,70"},{"seq":"5","sqcand":"140000732484","n":"50","nm":"PROFESSOR RIGLER","cc":"PSOL","nv":"KEDYLEN SOARES","e":"n","st":"N\u00e3o eleito","dvt":"V\u00e1lido","vap":"1558","pvap":"   1,20"},{"seq":"3","sqcand":"140000993690","n":"14","nm":"TONI CUNHA","cc":"PTB - PTB / PMN / PATRIOTA / PODE / PSB","nv":"HAROLDO GAIA","e":"n","st":"N\u00e3o eleito","dvt":"V\u00e1lido","vap":"8817","pvap":"   6,79"},{"seq":"4","sqcand":"140000943539","n":"22","nm":"IRISMAR","cc":"PL - PL / PP","nv":"PASTOR MOISES MOURA","e":"n","st":"N\u00e3o eleito","dvt":"V\u00e1lido","vap":"6806","pvap":"   5,24"}]}
