{"ele":"426","tpabr":"mu","cdabr":"04847","carper":"11","t":"1","f":"o","dt":"15/11/2020","ht":"23:03:29","dv":"s","tf":"s","v":"1","esae":"n","mnae":"","s":"14","st":"14","pst":" 100,00","snt":"0","psnt":"   0,00","si":"14","psi":" 100,00","sni":"0","psni":"   0,00","sa":"14","psa":" 100,00","sna":"0","psna":"   0,00","e":"4667","ea":"4667","pea":" 100,00","ena":"0","pena":"   0,00","esi":"4667","pesi":" 100,00","esni":"0","pesni":"   0,00","c":"4061","pc":"  87,02","a":"606","pa":"  12,98","vscv":"0","vnom":"3930","pvnom":" 100,00","vvc":"3930","pvvc":"  96,77","vb":"16","pvb":"   0,40","tvn":"115","ptvn":"   2,83","vn":"115","pvn":" 100,00","vnt":"0","pvnt":"   0,00","vp":"0","pvp":"   0,00","vv":"3930","pvv":" 100,00","van":"0","pvan":"   0,00","vansj":"0","pvansj":"   0,00","tv":"4061","cand":[{"seq":"1","sqcand":"140000784563","n":"15","nm":"WILTON LIMA","cc":"MDB - PSD / PSDB / PSB / PODE / MDB / REPUBLICANOS / PP","nv":"PASTOR CLAUDIO MARIANO","e":"s","st":"Eleito","dvt":"V\u00e1lido","vap":"2179","pvap":"  55,45"},{"seq":"2","sqcand":"140000961713","n":"20","nm":"CLEITON G\u00c1RCIA","cc":"PSC - PSC / PL","nv":"SERGIO SOARES","e":"n","st":"N\u00e3o eleito","dvt":"V\u00e1lido","vap":"1751","pvap":"  44,55"}]}
