{"ele":"426","tpabr":"mu","cdabr":"04855","carper":"11","t":"1","f":"o","dt":"15/11/2020","ht":"22:56:41","dv":"s","tf":"s","v":"1","esae":"n","mnae":"","s":"101","st":"101","pst":" 100,00","snt":"0","psnt":"   0,00","si":"101","psi":" 100,00","sni":"0","psni":"   0,00","sa":"101","psa":" 100,00","sna":"0","psna":"   0,00","e":"23571","ea":"23571","pea":" 100,00","ena":"0","pena":"   0,00","esi":"23571","pesi":" 100,00","esni":"0","pesni":"   0,00","c":"20731","pc":"  87,95","a":"2840","pa":"  12,05","vscv":"0","vnom":"20281","pvnom":" 100,00","vvc":"20281","pvvc":"  97,83","vb":"81","pvb":"   0,39","tvn":"369","ptvn":"   1,78","vn":"369","pvn":" 100,00","vnt":"0","pvnt":"   0,00","vp":"0","pvp":"   0,00","vv":"20281","pvv":" 100,00","van":"0","pvan":"   0,00","vansj":"0","pvansj":"   0,00","tv":"20731","cand":[{"seq":"3","sqcand":"140000709769","n":"15","nm":"GEOVAN MARTINS","cc":"MDB - MDB / REPUBLICANOS / PTC / PSC","nv":"VALTER TEIXEIRA","e":"n","st":"N\u00e3o eleito","dvt":"V\u00e1lido","vap":"5020","pvap":"  24,75"},{"seq":"2","sqcand":"140000772294","n":"45","nm":"NATH\u00c1LIA BOTELHO","cc":"PSDB - PSDB / PSB","nv":"PROF. IVANILDO","e":"n","st":"N\u00e3o eleito","dvt":"V\u00e1lido","vap":"5579","pvap":"  27,51"},{"seq":"5","sqcand":"140000744289","n":"50","nm":"MARIVALDO CASSEB","cc":"PSOL","nv":"DUYLYO ALEIXO","e":"n","st":"N\u00e3o eleito","dvt":"V\u00e1lido","vap":"97","pvap":"   0,48"},{"seq":"1","sqcand":"140000656622","n":"22","nm":"REGINALDO CARRERA","cc":"PL - PL / PROS","nv":"ENOCK FERREIRA","e":"s","st":"Eleito","dvt":"V\u00e1lido","vap":"9172","pvap":"  45,22"},{"seq":"4","sqcand":"140000821766","n":"55","nm":"AUGUSTO","cc":"PSD","nv":"FLAVIO","e":"n","st":"N\u00e3o eleito","dvt":"V\u00e1lido","vap":"413","pvap":"   2,04"}]}
