{"ele":"426","tpabr":"mu","cdabr":"04863","carper":"11","t":"1","f":"o","dt":"15/11/2020","ht":"22:19:51","dv":"s","tf":"s","v":"1","esae":"n","mnae":"","s":"82","st":"82","pst":" 100,00","snt":"0","psnt":"   0,00","si":"82","psi":" 100,00","sni":"0","psni":"   0,00","sa":"82","psa":" 100,00","sna":"0","psna":"   0,00","e":"18977","ea":"18977","pea":" 100,00","ena":"0","pena":"   0,00","esi":"18977","pesi":" 100,00","esni":"0","pesni":"   0,00","c":"15290","pc":"  80,57","a":"3687","pa":"  19,43","vscv":"0","vnom":"14650","pvnom":" 100,00","vvc":"14650","pvvc":"  95,81","vb":"142","pvb":"   0,93","tvn":"498","ptvn":"   3,26","vn":"498","pvn":" 100,00","vnt":"0","pvnt":"   0,00","vp":"0","pvp":"   0,00","vv":"14650","pvv":" 100,00","van":"0","pvan":"   0,00","vansj":"0","pvansj":"   0,00","tv":"15290","cand":[{"seq":"3","sqcand":"140000640577","n":"40","nm":"EMERSON SILVEIRA","cc":"PSB","nv":"RAQUEL IMBIRIBA","e":"n","st":"N\u00e3o eleito","dvt":"V\u00e1lido","vap":"624","pvap":"   4,26"},{"seq":"2","sqcand":"140000662117","n":"55","nm":"IZAILTON","cc":"PSD - PSD / PSC / PSDB / PT","nv":"ARNALDO GALV\u00c3O","e":"n","st":"N\u00e3o eleito","dvt":"V\u00e1lido","vap":"5669","pvap":"  38,70"},{"seq":"1","sqcand":"140000683535","n":"15","nm":"MARCO ANT\u00d4NIO","cc":"MDB - MDB / REPUBLICANOS / DEM / PDT","nv":"SUELY ARA\u00daJO","e":"s","st":"Eleito","dvt":"V\u00e1lido","vap":"8357","pvap":"  57,04"}]}
