{"ele":"426","tpabr":"mu","cdabr":"04871","carper":"11","t":"1","f":"o","dt":"15/11/2020","ht":"22:52:05","dv":"s","tf":"s","v":"1","esae":"n","mnae":"","s":"84","st":"84","pst":" 100,00","snt":"0","psnt":"   0,00","si":"84","psi":" 100,00","sni":"0","psni":"   0,00","sa":"84","psa":" 100,00","sna":"0","psna":"   0,00","e":"21543","ea":"21543","pea":" 100,00","ena":"0","pena":"   0,00","esi":"21543","pesi":" 100,00","esni":"0","pesni":"   0,00","c":"18454","pc":"  85,66","a":"3089","pa":"  14,34","vscv":"0","vnom":"17887","pvnom":" 100,00","vvc":"17887","pvvc":"  96,93","vb":"118","pvb":"   0,64","tvn":"449","ptvn":"   2,43","vn":"449","pvn":" 100,00","vnt":"0","pvnt":"   0,00","vp":"0","pvp":"   0,00","vv":"17887","pvv":" 100,00","van":"0","pvan":"   0,00","vansj":"0","pvansj":"   0,00","tv":"18454","cand":[{"seq":"2","sqcand":"140000977319","n":"22","nm":"L\u00daCIA JAPONESA","cc":"PL - PDT / PL / PSC","nv":"PADRE RICARDO","e":"n","st":"N\u00e3o eleito","dvt":"V\u00e1lido","vap":"6171","pvap":"  34,50"},{"seq":"4","sqcand":"140000976747","n":"13","nm":"DILSON MARAPA","cc":"PT","nv":"PROFESSOR CLOVIS","e":"n","st":"N\u00e3o eleito","dvt":"V\u00e1lido","vap":"272","pvap":"   1,52"},{"seq":"3","sqcand":"140001148276","n":"25","nm":"RONALDO TRINDADE","cc":"DEM - SOLIDARIEDADE / DEM","nv":"PROFESSORA CONCITA","e":"n","st":"N\u00e3o eleito","dvt":"V\u00e1lido","vap":"3068","pvap":"  17,15"},{"seq":"1","sqcand":"140000976760","n":"15","nm":"ANDERSON DIAS","cc":"MDB - PC do B / REPUBLICANOS / PSD / MDB","nv":"ZECA","e":"s","st":"Eleito","dvt":"V\u00e1lido","vap":"8376","pvap":"  46,83"}]}
