{"ele":"426","tpabr":"mu","cdabr":"04898","carper":"11","t":"1","f":"o","dt":"15/11/2020","ht":"22:12:48","dv":"s","tf":"s","v":"1","esae":"n","mnae":"","s":"52","st":"52","pst":" 100,00","snt":"0","psnt":"   0,00","si":"52","psi":" 100,00","sni":"0","psni":"   0,00","sa":"52","psa":" 100,00","sna":"0","psna":"   0,00","e":"16995","ea":"16995","pea":" 100,00","ena":"0","pena":"   0,00","esi":"16995","pesi":" 100,00","esni":"0","pesni":"   0,00","c":"13806","pc":"  81,24","a":"3189","pa":"  18,76","vscv":"0","vnom":"13197","pvnom":" 100,00","vvc":"13197","pvvc":"  95,59","vb":"50","pvb":"   0,36","tvn":"559","ptvn":"   4,05","vn":"559","pvn":" 100,00","vnt":"0","pvnt":"   0,00","vp":"0","pvp":"   0,00","vv":"13197","pvv":" 100,00","van":"0","pvan":"   0,00","vansj":"0","pvansj":"   0,00","tv":"13806","cand":[{"seq":"2","sqcand":"140000868778","n":"15","nm":"ADIEL MOURA","cc":"MDB - PT / PP / MDB / PSC","nv":"JO\u00c3O CORINTHIANO","e":"n","st":"N\u00e3o eleito","dvt":"V\u00e1lido","vap":"4312","pvap":"  32,67"},{"seq":"1","sqcand":"140001155287","n":"45","nm":"TICA VIEGAS","cc":"PSDB - PTB / PL / PSDB / PSD","nv":"DIDI LIMA","e":"s","st":"Eleito","dvt":"V\u00e1lido","vap":"8885","pvap":"  67,33"}]}
