{"ele":"426","tpabr":"mu","cdabr":"04936","carper":"11","t":"1","f":"o","dt":"15/11/2020","ht":"22:16:06","dv":"s","tf":"s","v":"1","esae":"n","mnae":"","s":"173","st":"173","pst":" 100,00","snt":"0","psnt":"   0,00","si":"173","psi":" 100,00","sni":"0","psni":"   0,00","sa":"173","psa":" 100,00","sna":"0","psna":"   0,00","e":"52549","ea":"52549","pea":" 100,00","ena":"0","pena":"   0,00","esi":"52549","pesi":" 100,00","esni":"0","pesni":"   0,00","c":"44133","pc":"  83,98","a":"8416","pa":"  16,02","vscv":"0","vnom":"42386","pvnom":" 100,00","vvc":"42703","pvvc":"  96,76","vb":"318","pvb":"   0,72","tvn":"1112","ptvn":"   2,52","vn":"1112","pvn":" 100,00","vnt":"0","pvnt":"   0,00","vp":"0","pvp":"   0,00","vv":"42386","pvv":"  99,26","van":"0","pvan":"   0,00","vansj":"317","pvansj":"   0,74","tv":"44133","cand":[{"seq":"3","sqcand":"140000738515","n":"45","nm":"L\u00daCIA CRISTO","cc":"PSDB - PRTB / DEM / PSDB / PSB","nv":"NEGA PACHECO","e":"n","st":"N\u00e3o eleito","dvt":"V\u00e1lido","vap":"9282","pvap":"  21,74"},{"seq":"1","sqcand":"140001006214","n":"15","nm":"NILMA LIMA","cc":"MDB - PTB / MDB / PSC / PL / PC do B","nv":"RUBENS TEIXEIRA","e":"s","st":"Eleito","dvt":"V\u00e1lido","vap":"17754","pvap":"  41,58"},{"seq":"5","sqcand":"140001262097","n":"13","nm":"ELIAS","cc":"PT - PT / PSOL","nv":"AMARAL","e":"n","st":"N\u00e3o eleito","dvt":"Anulado sub judice","vap":"317","pvap":"   0,74"},{"seq":"2","sqcand":"140000866538","n":"55","nm":"GERSON DOUR\u00c3O","cc":"PSD - PDT / PROS / PSD","nv":"ANT\u00d4NIO DA EUROMOVEIS","e":"n","st":"N\u00e3o eleito","dvt":"V\u00e1lido","vap":"12017","pvap":"  28,14"},{"seq":"4","sqcand":"140001170113","n":"10","nm":"EDILSON &quot;CHEIRA FLOR&quot;","cc":"REPUBLICANOS - REPUBLICANOS / PATRIOTA / CIDADANIA","nv":"CORNELIO SANTOS","e":"n","st":"N\u00e3o eleito","dvt":"V\u00e1lido","vap":"3333","pvap":"   7,81"}]}
