{"ele":"426","tpabr":"mu","cdabr":"04979","carper":"11","t":"1","f":"o","dt":"15/11/2020","ht":"22:15:06","dv":"s","tf":"s","v":"1","esae":"n","mnae":"","s":"76","st":"76","pst":" 100,00","snt":"0","psnt":"   0,00","si":"76","psi":" 100,00","sni":"0","psni":"   0,00","sa":"76","psa":" 100,00","sna":"0","psna":"   0,00","e":"25824","ea":"25824","pea":" 100,00","ena":"0","pena":"   0,00","esi":"25824","pesi":" 100,00","esni":"0","pesni":"   0,00","c":"21787","pc":"  84,37","a":"4037","pa":"  15,63","vscv":"0","vnom":"20965","pvnom":" 100,00","vvc":"20965","pvvc":"  96,23","vb":"99","pvb":"   0,45","tvn":"723","ptvn":"   3,32","vn":"723","pvn":" 100,00","vnt":"0","pvnt":"   0,00","vp":"0","pvp":"   0,00","vv":"20965","pvv":" 100,00","van":"0","pvan":"   0,00","vansj":"0","pvansj":"   0,00","tv":"21787","cand":[{"seq":"3","sqcand":"140000962624","n":"15","nm":"ROGERS CUNHA","cc":"MDB - MDB / PL / DEM","nv":"ISAAC NOGUEIRA","e":"n","st":"N\u00e3o eleito","dvt":"V\u00e1lido","vap":"2364","pvap":"  11,28"},{"seq":"1","sqcand":"140000974445","n":"20","nm":"BIRI MAGALH\u00c3ES","cc":"PSC - PSC / PSB / PROS / PT","nv":"ALUIZIO BARBOSA","e":"s","st":"Eleito","dvt":"V\u00e1lido","vap":"8696","pvap":"  41,48"},{"seq":"2","sqcand":"140000948604","n":"10","nm":"IR\u00c1 PIMENTA","cc":"REPUBLICANOS - REPUBLICANOS / PP / PSD","nv":"BRUNO DO SALMISTA","e":"n","st":"N\u00e3o eleito","dvt":"V\u00e1lido","vap":"8076","pvap":"  38,52"},{"seq":"4","sqcand":"140000973941","n":"70","nm":"VILSON INAMAR\u00da","cc":"AVANTE - PODE / PATRIOTA / AVANTE","nv":"JOAO BOSCO","e":"n","st":"N\u00e3o eleito","dvt":"V\u00e1lido","vap":"1829","pvap":"   8,72"}]}
