{"ele":"426","tpabr":"mu","cdabr":"04995","carper":"11","t":"1","f":"o","dt":"15/11/2020","ht":"23:31:07","dv":"s","tf":"s","v":"1","esae":"n","mnae":"","s":"37","st":"37","pst":" 100,00","snt":"0","psnt":"   0,00","si":"37","psi":" 100,00","sni":"0","psni":"   0,00","sa":"37","psa":" 100,00","sna":"0","psna":"   0,00","e":"10525","ea":"10525","pea":" 100,00","ena":"0","pena":"   0,00","esi":"10525","pesi":" 100,00","esni":"0","pesni":"   0,00","c":"9215","pc":"  87,55","a":"1310","pa":"  12,45","vscv":"0","vnom":"8709","pvnom":" 100,00","vvc":"8709","pvvc":"  94,51","vb":"139","pvb":"   1,51","tvn":"367","ptvn":"   3,98","vn":"367","pvn":" 100,00","vnt":"0","pvnt":"   0,00","vp":"0","pvp":"   0,00","vv":"8709","pvv":" 100,00","van":"0","pvan":"   0,00","vansj":"0","pvansj":"   0,00","tv":"9215","cand":[{"seq":"1","sqcand":"140000980636","n":"15","nm":"SOCORRINHA","cc":"MDB - MDB / PODE / PL","nv":"TOT\u00d3","e":"s","st":"Eleito","dvt":"V\u00e1lido","vap":"4954","pvap":"  56,88"},{"seq":"2","sqcand":"140000837708","n":"70","nm":"KATYA MELO","cc":"AVANTE - PT / PSDB / PSD / AVANTE","nv":"MANOEL NOGUEIRA","e":"n","st":"N\u00e3o eleito","dvt":"V\u00e1lido","vap":"3755","pvap":"  43,12"}]}
