{"ele":"426","tpabr":"mu","cdabr":"05070","carper":"11","t":"1","f":"o","dt":"15/11/2020","ht":"22:08:10","dv":"s","tf":"s","v":"1","esae":"n","mnae":"","s":"51","st":"51","pst":" 100,00","snt":"0","psnt":"   0,00","si":"51","psi":" 100,00","sni":"0","psni":"   0,00","sa":"51","psa":" 100,00","sna":"0","psna":"   0,00","e":"15721","ea":"15721","pea":" 100,00","ena":"0","pena":"   0,00","esi":"15721","pesi":" 100,00","esni":"0","pesni":"   0,00","c":"12731","pc":"  80,98","a":"2990","pa":"  19,02","vscv":"0","vnom":"12292","pvnom":" 100,00","vvc":"12292","pvvc":"  96,55","vb":"105","pvb":"   0,83","tvn":"334","ptvn":"   2,62","vn":"334","pvn":" 100,00","vnt":"0","pvnt":"   0,00","vp":"0","pvp":"   0,00","vv":"12292","pvv":" 100,00","van":"0","pvan":"   0,00","vansj":"0","pvansj":"   0,00","tv":"12731","cand":[{"seq":"1","sqcand":"140000998731","n":"45","nm":"ROBERTO UCHOA","cc":"PSDB - PSC / CIDADANIA / DEM / PSB / PSDB","nv":"JUNIOR DA OLARIA","e":"s","st":"Eleito","dvt":"V\u00e1lido","vap":"5673","pvap":"  46,15"},{"seq":"4","sqcand":"140001233425","n":"22","nm":"LOURO DE OUR\u00c9M","cc":"PL","nv":"FERNANDO DO PATAUATEUA","e":"n","st":"N\u00e3o eleito","dvt":"V\u00e1lido","vap":"411","pvap":"   3,34"},{"seq":"2","sqcand":"140000915332","n":"15","nm":"ELIAS OLIVEIRA","cc":"MDB","nv":"PASTOR DILMAR","e":"n","st":"N\u00e3o eleito","dvt":"V\u00e1lido","vap":"4491","pvap":"  36,54"},{"seq":"3","sqcand":"140000785550","n":"13","nm":"KEKINHA","cc":"PT - PT / REPUBLICANOS","nv":"JESUS DANTAS","e":"n","st":"N\u00e3o eleito","dvt":"V\u00e1lido","vap":"1717","pvap":"  13,97"}]}
