{"ele":"426","tpabr":"mu","cdabr":"05118","carper":"11","t":"1","f":"o","dt":"15/11/2020","ht":"21:05:08","dv":"s","tf":"s","v":"1","esae":"n","mnae":"","s":"31","st":"31","pst":" 100,00","snt":"0","psnt":"   0,00","si":"31","psi":" 100,00","sni":"0","psni":"   0,00","sa":"31","psa":" 100,00","sna":"0","psna":"   0,00","e":"8467","ea":"8467","pea":" 100,00","ena":"0","pena":"   0,00","esi":"8467","pesi":" 100,00","esni":"0","pesni":"   0,00","c":"7316","pc":"  86,41","a":"1151","pa":"  13,59","vscv":"0","vnom":"7073","pvnom":" 100,00","vvc":"7073","pvvc":"  96,68","vb":"54","pvb":"   0,74","tvn":"189","ptvn":"   2,58","vn":"189","pvn":" 100,00","vnt":"0","pvnt":"   0,00","vp":"0","pvp":"   0,00","vv":"7073","pvv":" 100,00","van":"0","pvan":"   0,00","vansj":"0","pvansj":"   0,00","tv":"7316","cand":[{"seq":"1","sqcand":"140000645940","n":"15","nm":"NETO CAVALCANTE","cc":"MDB - MDB / PL","nv":"RAIFE PEDROSA","e":"s","st":"Eleito","dvt":"V\u00e1lido","vap":"3511","pvap":"  49,64"},{"seq":"2","sqcand":"140000646030","n":"45","nm":"NALDO MORAIS","cc":"PSDB - PSDB / PV","nv":"CHOROCA","e":"n","st":"N\u00e3o eleito","dvt":"V\u00e1lido","vap":"3330","pvap":"  47,08"},{"seq":"3","sqcand":"140000816588","n":"20","nm":"MOAB BORGES","cc":"PSC","nv":"EDINALDO CABELO DURO","e":"n","st":"N\u00e3o eleito","dvt":"V\u00e1lido","vap":"232","pvap":"   3,28"}]}
