{"ele":"426","tpabr":"mu","cdabr":"05150","carper":"11","t":"1","f":"o","dt":"15/11/2020","ht":"22:47:11","dv":"s","tf":"s","v":"1","esae":"n","mnae":"","s":"117","st":"117","pst":" 100,00","snt":"0","psnt":"   0,00","si":"117","psi":" 100,00","sni":"0","psni":"   0,00","sa":"117","psa":" 100,00","sna":"0","psna":"   0,00","e":"36739","ea":"36739","pea":" 100,00","ena":"0","pena":"   0,00","esi":"36739","pesi":" 100,00","esni":"0","pesni":"   0,00","c":"27634","pc":"  75,22","a":"9105","pa":"  24,78","vscv":"0","vnom":"26461","pvnom":" 100,00","vvc":"26461","pvvc":"  95,76","vb":"146","pvb":"   0,52","tvn":"1027","ptvn":"   3,72","vn":"1027","pvn":" 100,00","vnt":"0","pvnt":"   0,00","vp":"0","pvp":"   0,00","vv":"26461","pvv":" 100,00","van":"0","pvan":"   0,00","vansj":"0","pvansj":"   0,00","tv":"27634","cand":[{"seq":"2","sqcand":"140001067236","n":"45","nm":"ALEX AQUINO","cc":"PSDB - PP / PSDB / REPUBLICANOS","nv":"ALESSANDRO GOMES","e":"n","st":"N\u00e3o eleito","dvt":"V\u00e1lido","vap":"6953","pvap":"  26,28"},{"seq":"5","sqcand":"140000838314","n":"70","nm":"DELEGADO JUNQUEIRA","cc":"AVANTE","nv":"JUNIOR ALVES ","e":"n","st":"N\u00e3o eleito","dvt":"V\u00e1lido","vap":"752","pvap":"   2,84"},{"seq":"4","sqcand":"140001003139","n":"22","nm":"IGOR DINIZ","cc":"PL - PL / PC do B / PTB / DEM","nv":"MOREIRA","e":"n","st":"N\u00e3o eleito","dvt":"V\u00e1lido","vap":"4746","pvap":"  17,94"},{"seq":"6","sqcand":"140001187338","n":"36","nm":"JORGE BARBOSA","cc":"PTC","nv":"CARLINE BARBOSA","e":"n","st":"N\u00e3o eleito","dvt":"V\u00e1lido","vap":"349","pvap":"   1,32"},{"seq":"3","sqcand":"140000767999","n":"20","nm":"MANOEL MARANHENSE","cc":"PSC - PSC / DC / PRTB","nv":"COLL\u00d3","e":"n","st":"N\u00e3o eleito","dvt":"V\u00e1lido","vap":"6339","pvap":"  23,96"},{"seq":"1","sqcand":"140001086537","n":"15","nm":"PAULO FERREIRA","cc":"MDB - PDT / MDB / PSB","nv":"ROSE DE NADAL","e":"s","st":"Eleito","dvt":"V\u00e1lido","vap":"7081","pvap":"  26,76"},{"seq":"7","sqcand":"140001174328","n":"13","nm":"PROFESSOR CARLOS MOURA","cc":"PT","nv":"PAULO SERGIO","e":"n","st":"N\u00e3o eleito","dvt":"V\u00e1lido","vap":"241","pvap":"   0,91"}]}
