{"ele":"426","tpabr":"mu","cdabr":"05193","carper":"11","t":"1","f":"o","dt":"15/11/2020","ht":"22:25:13","dv":"s","tf":"s","v":"1","esae":"n","mnae":"","s":"96","st":"96","pst":" 100,00","snt":"0","psnt":"   0,00","si":"96","psi":" 100,00","sni":"0","psni":"   0,00","sa":"96","psa":" 100,00","sna":"0","psna":"   0,00","e":"23781","ea":"23781","pea":" 100,00","ena":"0","pena":"   0,00","esi":"23781","pesi":" 100,00","esni":"0","pesni":"   0,00","c":"19507","pc":"  82,03","a":"4274","pa":"  17,97","vscv":"0","vnom":"19007","pvnom":" 100,00","vvc":"19007","pvvc":"  97,44","vb":"103","pvb":"   0,52","tvn":"397","ptvn":"   2,04","vn":"397","pvn":" 100,00","vnt":"0","pvnt":"   0,00","vp":"0","pvp":"   0,00","vv":"19007","pvv":" 100,00","van":"0","pvan":"   0,00","vansj":"0","pvansj":"   0,00","tv":"19507","cand":[{"seq":"6","sqcand":"140000878744","n":"43","nm":"WELSON","cc":"PV","nv":"BENEDITO","e":"n","st":"N\u00e3o eleito","dvt":"V\u00e1lido","vap":"36","pvap":"   0,19"},{"seq":"4","sqcand":"140000873354","n":"19","nm":"PROFESSOR WALDINEY PIRES","cc":"PODE - PODE / PL / PC do B","nv":"WADILSON FERREIRA","e":"n","st":"N\u00e3o eleito","dvt":"V\u00e1lido","vap":"562","pvap":"   2,96"},{"seq":"5","sqcand":"140000879306","n":"23","nm":"ELIERCIO ARRUDA","cc":"CIDADANIA - CIDADANIA / PT","nv":"ROSEMIRO","e":"n","st":"N\u00e3o eleito","dvt":"V\u00e1lido","vap":"424","pvap":"   2,23"},{"seq":"1","sqcand":"140001110658","n":"15","nm":"DAVI XAVIER","cc":"MDB - MDB / PTC / PSC","nv":"JOSU\u00c9 NASCIMENTO","e":"s","st":"Eleito","dvt":"V\u00e1lido","vap":"7173","pvap":"  37,74"},{"seq":"3","sqcand":"140001117719","n":"55","nm":"ADRIENE HAGE","cc":"PSD - PSD / PDT / DEM","nv":"JAIR GUEDES","e":"n","st":"N\u00e3o eleito","dvt":"V\u00e1lido","vap":"4017","pvap":"  21,13"},{"seq":"2","sqcand":"140001246676","n":"45","nm":"GANDOR HAGE","cc":"PSDB - PTB / PSDB / PRTB","nv":"LOUREN\u00c7O DINIZ","e":"n","st":"N\u00e3o eleito","dvt":"V\u00e1lido","vap":"6762","pvap":"  35,58"},{"seq":"7","sqcand":"140000649873","n":"70","nm":"ANTONIO J\u00daNIOR","cc":"AVANTE","nv":"CLAYTON MIRANDA","e":"n","st":"N\u00e3o eleito","dvt":"V\u00e1lido","vap":"33","pvap":"   0,17"}]}
