{"ele":"426","tpabr":"mu","cdabr":"05215","carper":"11","t":"1","f":"o","dt":"15/11/2020","ht":"23:32:09","dv":"s","tf":"s","v":"1","esae":"n","mnae":"","s":"31","st":"31","pst":" 100,00","snt":"0","psnt":"   0,00","si":"31","psi":" 100,00","sni":"0","psni":"   0,00","sa":"31","psa":" 100,00","sna":"0","psna":"   0,00","e":"10416","ea":"10416","pea":" 100,00","ena":"0","pena":"   0,00","esi":"10416","pesi":" 100,00","esni":"0","pesni":"   0,00","c":"8627","pc":"  82,82","a":"1789","pa":"  17,18","vscv":"0","vnom":"8383","pvnom":" 100,00","vvc":"8383","pvvc":"  97,17","vb":"29","pvb":"   0,34","tvn":"215","ptvn":"   2,49","vn":"215","pvn":" 100,00","vnt":"0","pvnt":"   0,00","vp":"0","pvp":"   0,00","vv":"8383","pvv":" 100,00","van":"0","pvan":"   0,00","vansj":"0","pvansj":"   0,00","tv":"8627","cand":[{"seq":"2","sqcand":"140000837303","n":"15","nm":"RENATA SOUSA","cc":"MDB - PL / PSDB / MDB","nv":"EDILSON REIS","e":"n","st":"N\u00e3o eleito","dvt":"V\u00e1lido","vap":"3856","pvap":"  46,00"},{"seq":"3","sqcand":"140000921709","n":"51","nm":"PROFESSORA LOURDES","cc":"PATRIOTA","nv":"JUNIOR DA BETH","e":"n","st":"N\u00e3o eleito","dvt":"V\u00e1lido","vap":"457","pvap":"   5,45"},{"seq":"1","sqcand":"140000837299","n":"25","nm":"\u00c1UREO GOMES","cc":"DEM - DEM / PSD","nv":"RAFAEL FELIX","e":"s","st":"Eleito","dvt":"V\u00e1lido","vap":"4070","pvap":"  48,55"}]}
