{"ele":"426","tpabr":"mu","cdabr":"05231","carper":"11","t":"1","f":"o","dt":"15/11/2020","ht":"23:02:54","dv":"s","tf":"s","v":"1","esae":"n","mnae":"","s":"98","st":"98","pst":" 100,00","snt":"0","psnt":"   0,00","si":"98","psi":" 100,00","sni":"0","psni":"   0,00","sa":"98","psa":" 100,00","sna":"0","psna":"   0,00","e":"31516","ea":"31516","pea":" 100,00","ena":"0","pena":"   0,00","esi":"31516","pesi":" 100,00","esni":"0","pesni":"   0,00","c":"26598","pc":"  84,40","a":"4918","pa":"  15,60","vscv":"0","vnom":"25571","pvnom":" 100,00","vvc":"25571","pvvc":"  96,14","vb":"268","pvb":"   1,01","tvn":"759","ptvn":"   2,85","vn":"685","pvn":"  90,25","vnt":"74","pvnt":"   9,75","vp":"0","pvp":"   0,00","vv":"25571","pvv":" 100,00","van":"0","pvan":"   0,00","vansj":"0","pvansj":"   0,00","tv":"26598","cand":[{"seq":"1","sqcand":"140000638809","n":"22","nm":"KAK\u00c1 SENA","cc":"PL - REPUBLICANOS / PDT / PL / DEM / DC / PSB","nv":"DENISE MONTEIRO","e":"s","st":"Eleito","dvt":"V\u00e1lido","vap":"14581","pvap":"  57,02"},{"seq":"2","sqcand":"140001093096","n":"15","nm":"MAX SAO GERALDO","cc":"MDB - PSD / PROS / MDB / PTB / PODE / PT / CIDADANIA / PV / SOLIDARIEDADE","nv":"MARCELO MAIA","e":"n","st":"N\u00e3o eleito","dvt":"V\u00e1lido","vap":"8442","pvap":"  33,01"},{"seq":"3","sqcand":"140000770575","n":"17","nm":"Z\u00c9 MARIA","cc":"PSL","nv":"Z\u00c9 CARLOS","e":"n","st":"N\u00e3o eleito","dvt":"V\u00e1lido","vap":"2548","pvap":"   9,96"}]}
