{"ele":"426","tpabr":"mu","cdabr":"05258","carper":"11","t":"1","f":"o","dt":"15/11/2020","ht":"22:15:24","dv":"s","tf":"s","v":"1","esae":"n","mnae":"","s":"64","st":"64","pst":" 100,00","snt":"0","psnt":"   0,00","si":"64","psi":" 100,00","sni":"0","psni":"   0,00","sa":"64","psa":" 100,00","sna":"0","psna":"   0,00","e":"18764","ea":"18764","pea":" 100,00","ena":"0","pena":"   0,00","esi":"18764","pesi":" 100,00","esni":"0","pesni":"   0,00","c":"15428","pc":"  82,22","a":"3336","pa":"  17,78","vscv":"0","vnom":"14322","pvnom":" 100,00","vvc":"14930","pvvc":"  96,77","vb":"115","pvb":"   0,75","tvn":"383","ptvn":"   2,48","vn":"383","pvn":" 100,00","vnt":"0","pvnt":"   0,00","vp":"0","pvp":"   0,00","vv":"14322","pvv":"  95,93","van":"0","pvan":"   0,00","vansj":"608","pvansj":"   4,07","tv":"15428","cand":[{"seq":"1","sqcand":"140001102462","n":"19","nm":"SEU CARLOS","cc":"PODE - PTB / PSB / PODE / CIDADANIA","nv":"NIVALDO","e":"s","st":"Eleito","dvt":"V\u00e1lido","vap":"6764","pvap":"  45,30"},{"seq":"6","sqcand":"140000914863","n":"12","nm":"JOAO PENA","cc":"PDT","nv":"INDIO","e":"n","st":"N\u00e3o eleito","dvt":"V\u00e1lido","vap":"234","pvap":"   1,57"},{"seq":"2","sqcand":"140000736882","n":"15","nm":"CIRLENE ARAUJO","cc":"MDB - PP / MDB / PMB","nv":"ANDR\u00c9 SALVADOR","e":"n","st":"N\u00e3o eleito","dvt":"V\u00e1lido","vap":"5407","pvap":"  36,22"},{"seq":"7","sqcand":"140000736986","n":"22","nm":"OSCARINA MARAJ\u00d3","cc":"PL","nv":"CRISTIANE RAMOS","e":"n","st":"N\u00e3o eleito","dvt":"V\u00e1lido","vap":"229","pvap":"   1,53"},{"seq":"4","sqcand":"140000736981","n":"10","nm":"FERNANDO CABELUDO","cc":"REPUBLICANOS - REPUBLICANOS / DEM","nv":"SANI","e":"n","st":"N\u00e3o eleito","dvt":"Anulado sub judice","vap":"608","pvap":"   4,07"},{"seq":"3","sqcand":"140001105948","n":"55","nm":"IGOR BARROS","cc":"PSD - PTC / PROS / SOLIDARIEDADE / PSD","nv":"SHYRLEI PEDROSA","e":"n","st":"N\u00e3o eleito","dvt":"V\u00e1lido","vap":"750","pvap":"   5,02"},{"seq":"8","sqcand":"140000865979","n":"43","nm":"SUSI DIAS","cc":"PV","nv":"RODRIGO ALVES","e":"n","st":"N\u00e3o eleito","dvt":"V\u00e1lido","vap":"188","pvap":"   1,26"},{"seq":"11","sqcand":"140001240686","n":"17","nm":"SIMONE LISBOA","cc":"PSL","nv":"LENE DOS ANJOS","e":"n","st":"N\u00e3o eleito","dvt":"V\u00e1lido","vap":"70","pvap":"   0,47"},{"seq":"10","sqcand":"140001105949","n":"51","nm":"MAJOR SOUTO","cc":"PATRIOTA","nv":"PROFESSORA MARTA","e":"n","st":"N\u00e3o eleito","dvt":"V\u00e1lido","vap":"109","pvap":"   0,73"},{"seq":"5","sqcand":"140001103423","n":"28","nm":"ROBERTO PENA","cc":"PRTB","nv":"PROFESSORA VANDINHA","e":"n","st":"N\u00e3o eleito","dvt":"V\u00e1lido","vap":"414","pvap":"   2,77"},{"seq":"9","sqcand":"140001220534","n":"20","nm":"WALDENICE","cc":"PSC","nv":"ALEXANDRE","e":"n","st":"N\u00e3o eleito","dvt":"V\u00e1lido","vap":"157","pvap":"   1,05"}]}
