{"ele":"426","tpabr":"mu","cdabr":"05274","carper":"11","t":"1","f":"o","dt":"15/11/2020","ht":"20:58:34","dv":"s","tf":"s","v":"1","esae":"n","mnae":"","s":"24","st":"24","pst":" 100,00","snt":"0","psnt":"   0,00","si":"24","psi":" 100,00","sni":"0","psni":"   0,00","sa":"24","psa":" 100,00","sna":"0","psna":"   0,00","e":"6740","ea":"6740","pea":" 100,00","ena":"0","pena":"   0,00","esi":"6740","pesi":" 100,00","esni":"0","pesni":"   0,00","c":"5454","pc":"  80,92","a":"1286","pa":"  19,08","vscv":"0","vnom":"5321","pvnom":" 100,00","vvc":"5321","pvvc":"  97,56","vb":"14","pvb":"   0,26","tvn":"119","ptvn":"   2,18","vn":"119","pvn":" 100,00","vnt":"0","pvnt":"   0,00","vp":"0","pvp":"   0,00","vv":"5321","pvv":" 100,00","van":"0","pvan":"   0,00","vansj":"0","pvansj":"   0,00","tv":"5454","cand":[{"seq":"1","sqcand":"140000882908","n":"15","nm":"NICOLAU PAMPLONA","cc":"MDB - MDB / PL","nv":"BRENDA","e":"s","st":"Eleito","dvt":"V\u00e1lido","vap":"1962","pvap":"  36,87"},{"seq":"3","sqcand":"140000750041","n":"55","nm":"PASTOR MARIANO","cc":"PSD - PSD / PT","nv":"ELVIS PAMPLONA","e":"n","st":"N\u00e3o eleito","dvt":"V\u00e1lido","vap":"1602","pvap":"  30,11"},{"seq":"2","sqcand":"140001007920","n":"45","nm":"JAIR","cc":"PSDB - CIDADANIA / PSDB","nv":"NECO BELTR\u00c3O","e":"n","st":"N\u00e3o eleito","dvt":"V\u00e1lido","vap":"1757","pvap":"  33,02"}]}
