{"ele":"426","tpabr":"mu","cdabr":"05339","carper":"11","t":"1","f":"o","dt":"15/11/2020","ht":"22:12:40","dv":"s","tf":"s","v":"1","esae":"n","mnae":"","s":"75","st":"75","pst":" 100,00","snt":"0","psnt":"   0,00","si":"75","psi":" 100,00","sni":"0","psni":"   0,00","sa":"75","psa":" 100,00","sna":"0","psna":"   0,00","e":"24532","ea":"24532","pea":" 100,00","ena":"0","pena":"   0,00","esi":"24532","pesi":" 100,00","esni":"0","pesni":"   0,00","c":"18646","pc":"  76,01","a":"5886","pa":"  23,99","vscv":"0","vnom":"17949","pvnom":" 100,00","vvc":"17949","pvvc":"  96,26","vb":"132","pvb":"   0,71","tvn":"565","ptvn":"   3,03","vn":"565","pvn":" 100,00","vnt":"0","pvnt":"   0,00","vp":"0","pvp":"   0,00","vv":"17949","pvv":" 100,00","van":"0","pvan":"   0,00","vansj":"0","pvansj":"   0,00","tv":"18646","cand":[{"seq":"1","sqcand":"140001225108","n":"15","nm":"EDUARDO DA MACHADO","cc":"MDB - REPUBLICANOS / MDB","nv":"DONA CATARINA","e":"s","st":"Eleito","dvt":"V\u00e1lido","vap":"7464","pvap":"  41,58"},{"seq":"5","sqcand":"140001225038","n":"11","nm":"GOIANINHO DA MOTO PE\u00c7AS","cc":"PP","nv":"GOMES ABREU","e":"n","st":"N\u00e3o eleito","dvt":"V\u00e1lido","vap":"95","pvap":"   0,53"},{"seq":"2","sqcand":"140000802731","n":"22","nm":"Z\u00c9 DO QUINCA","cc":"PL - PL / PTB / CIDADANIA / PSB / DEM","nv":"TI\u00c3O DA PARASUL","e":"n","st":"N\u00e3o eleito","dvt":"V\u00e1lido","vap":"6934","pvap":"  38,63"},{"seq":"3","sqcand":"140000748847","n":"55","nm":"NILTON MILIT\u00c3O","cc":"PSD - PODE / PSD","nv":"SIMONE LEAL","e":"n","st":"N\u00e3o eleito","dvt":"V\u00e1lido","vap":"3342","pvap":"  18,62"},{"seq":"4","sqcand":"140001229268","n":"36","nm":"HELENO PEIXEIRO","cc":"PTC","nv":"JOZINHA DO FRIGORIFICO","e":"n","st":"N\u00e3o eleito","dvt":"V\u00e1lido","vap":"114","pvap":"   0,64"}]}
