{"ele":"426","tpabr":"mu","cdabr":"05371","carper":"11","t":"1","f":"o","dt":"15/11/2020","ht":"23:31:52","dv":"s","tf":"s","v":"1","esae":"n","mnae":"","s":"24","st":"24","pst":" 100,00","snt":"0","psnt":"   0,00","si":"24","psi":" 100,00","sni":"0","psni":"   0,00","sa":"24","psa":" 100,00","sna":"0","psna":"   0,00","e":"6038","ea":"6038","pea":" 100,00","ena":"0","pena":"   0,00","esi":"6038","pesi":" 100,00","esni":"0","pesni":"   0,00","c":"5382","pc":"  89,14","a":"656","pa":"  10,86","vscv":"0","vnom":"5279","pvnom":" 100,00","vvc":"5279","pvvc":"  98,09","vb":"17","pvb":"   0,31","tvn":"86","ptvn":"   1,60","vn":"73","pvn":"  84,88","vnt":"13","pvnt":"  15,12","vp":"0","pvp":"   0,00","vv":"5279","pvv":" 100,00","van":"0","pvan":"   0,00","vansj":"0","pvansj":"   0,00","tv":"5382","cand":[{"seq":"6","sqcand":"140001150477","n":"19","nm":"LANE OLIVEIRA","cc":"PODE","nv":"NEILTON SILVA","e":"n","st":"N\u00e3o eleito","dvt":"V\u00e1lido","vap":"57","pvap":"   1,08"},{"seq":"4","sqcand":"140001097453","n":"90","nm":"M\u00c1RCIO AQUINO","cc":"PROS","nv":"LEDIANE CARVALHO","e":"n","st":"N\u00e3o eleito","dvt":"V\u00e1lido","vap":"278","pvap":"   5,27"},{"seq":"2","sqcand":"140000995427","n":"45","nm":"LAERCIO MELO","cc":"PSDB - PSDB / CIDADANIA","nv":"GLADISTONE OLIVEIRA","e":"n","st":"N\u00e3o eleito","dvt":"V\u00e1lido","vap":"1742","pvap":"  33,00"},{"seq":"8","sqcand":"140000837450","n":"50","nm":"JAIRO FERREIRA","cc":"PSOL","nv":"PROFESSORA ROSINA","e":"n","st":"N\u00e3o eleito","dvt":"V\u00e1lido","vap":"29","pvap":"   0,55"},{"seq":"3","sqcand":"140001032598","n":"15","nm":"DONA MARCIA","cc":"MDB","nv":"ADRIANO CEAR\u00c1","e":"n","st":"N\u00e3o eleito","dvt":"V\u00e1lido","vap":"974","pvap":"  18,45"},{"seq":"7","sqcand":"140001193615","n":"36","nm":"DR ELIEL","cc":"PTC - DEM / PTC","nv":"JORDANA","e":"n","st":"N\u00e3o eleito","dvt":"V\u00e1lido","vap":"41","pvap":"   0,78"},{"seq":"5","sqcand":"140000837091","n":"12","nm":"BETH CAMPOS","cc":"PDT","nv":"JANGUINHO","e":"n","st":"N\u00e3o eleito","dvt":"V\u00e1lido","vap":"202","pvap":"   3,83"},{"seq":"1","sqcand":"140001033012","n":"22","nm":"THIAGO PIMENTEL","cc":"PL","nv":"SERGINHO","e":"s","st":"Eleito","dvt":"V\u00e1lido","vap":"1956","pvap":"  37,05"}]}
