{"ele":"426","tpabr":"mu","cdabr":"05398","carper":"11","t":"1","f":"o","dt":"15/11/2020","ht":"22:56:18","dv":"s","tf":"s","v":"1","esae":"s","mnae":"Candidato com maior vota\u00e7\u00e3o nominal anulada ou anulada sub judice.Soma de votos de candidatos com vota\u00e7\u00e3o anulada e anulada sub judice ultrapassou 50% do total da vota\u00e7\u00e3o nominal.","s":"75","st":"75","pst":" 100,00","snt":"0","psnt":"   0,00","si":"75","psi":" 100,00","sni":"0","psni":"   0,00","sa":"75","psa":" 100,00","sna":"0","psna":"   0,00","e":"24804","ea":"24804","pea":" 100,00","ena":"0","pena":"   0,00","esi":"24804","pesi":" 100,00","esni":"0","pesni":"   0,00","c":"20561","pc":"  82,89","a":"4243","pa":"  17,11","vscv":"0","vnom":"0","pvnom":"   0,00","vvc":"19478","pvvc":"  94,73","vb":"269","pvb":"   1,31","tvn":"814","ptvn":"   3,96","vn":"814","pvn":" 100,00","vnt":"0","pvnt":"   0,00","vp":"0","pvp":"   0,00","vv":"0","pvv":"   0,00","van":"0","pvan":"   0,00","vansj":"19478","pvansj":" 100,00","tv":"20561","cand":[{"seq":"2","sqcand":"140001025549","n":"15","nm":"RODRIGO AMORIM","cc":"MDB - PL / MDB / PP / PT / SOLIDARIEDADE","nv":"ROMULO DO HOSPITAL","e":"n","st":"N\u00e3o eleito","dvt":"Anulado sub judice","vap":"9472","pvap":"  48,63"},{"seq":"1","sqcand":"140001095922","n":"25","nm":"EVANDRO TRABALHO","cc":"DEM - PDT / PSC / PRTB / REPUBLICANOS / PSB / PSDB / DEM / PATRIOTA","nv":"ADAMOR BARROS","e":"n","st":"N\u00e3o eleito","dvt":"Anulado sub judice","vap":"10006","pvap":"  51,37"}]}
