{"ele":"426","tpabr":"mu","cdabr":"05410","carper":"11","t":"1","f":"o","dt":"15/11/2020","ht":"23:10:55","dv":"s","tf":"s","v":"1","esae":"n","mnae":"","s":"54","st":"54","pst":" 100,00","snt":"0","psnt":"   0,00","si":"54","psi":" 100,00","sni":"0","psni":"   0,00","sa":"54","psa":" 100,00","sna":"0","psna":"   0,00","e":"15500","ea":"15500","pea":" 100,00","ena":"0","pena":"   0,00","esi":"15500","pesi":" 100,00","esni":"0","pesni":"   0,00","c":"12593","pc":"  81,25","a":"2907","pa":"  18,75","vscv":"0","vnom":"12240","pvnom":" 100,00","vvc":"12240","pvvc":"  97,20","vb":"83","pvb":"   0,66","tvn":"270","ptvn":"   2,14","vn":"270","pvn":" 100,00","vnt":"0","pvnt":"   0,00","vp":"0","pvp":"   0,00","vv":"12240","pvv":" 100,00","van":"0","pvan":"   0,00","vansj":"0","pvansj":"   0,00","tv":"12593","cand":[{"seq":"4","sqcand":"140001040566","n":"22","nm":"VANDO OLIVEIRA","cc":"PL","nv":"POLACO","e":"n","st":"N\u00e3o eleito","dvt":"V\u00e1lido","vap":"1590","pvap":"  12,99"},{"seq":"1","sqcand":"140001041273","n":"25","nm":"PROFESSORA LEILA","cc":"DEM - DEM / PSB","nv":"ENOC ALBUQUERQUE","e":"s","st":"Eleito","dvt":"V\u00e1lido","vap":"3596","pvap":"  29,38"},{"seq":"5","sqcand":"140000810138","n":"19","nm":"PAULINHO ALMEIDA","cc":"PODE - PODE / PATRIOTA","nv":"PASTOR EVALDO","e":"n","st":"N\u00e3o eleito","dvt":"V\u00e1lido","vap":"1466","pvap":"  11,98"},{"seq":"2","sqcand":"140000722625","n":"55","nm":"JUNIOR CHAGAS","cc":"PSD - PSD / PSDB","nv":"PROFESSOR SANTANA","e":"n","st":"N\u00e3o eleito","dvt":"V\u00e1lido","vap":"3171","pvap":"  25,91"},{"seq":"3","sqcand":"140000959916","n":"15","nm":"RUBENS BARBALHO","cc":"MDB - MDB / PROS","nv":"PAULINHO","e":"n","st":"N\u00e3o eleito","dvt":"V\u00e1lido","vap":"2417","pvap":"  19,75"}]}
