{"ele":"426","tpabr":"mu","cdabr":"05436","carper":"11","t":"1","f":"o","dt":"15/11/2020","ht":"23:01:47","dv":"s","tf":"s","v":"1","esae":"n","mnae":"","s":"85","st":"85","pst":" 100,00","snt":"0","psnt":"   0,00","si":"85","psi":" 100,00","sni":"0","psni":"   0,00","sa":"85","psa":" 100,00","sna":"0","psna":"   0,00","e":"21460","ea":"21460","pea":" 100,00","ena":"0","pena":"   0,00","esi":"21460","pesi":" 100,00","esni":"0","pesni":"   0,00","c":"18788","pc":"  87,55","a":"2672","pa":"  12,45","vscv":"0","vnom":"18078","pvnom":" 100,00","vvc":"18078","pvvc":"  96,22","vb":"99","pvb":"   0,53","tvn":"611","ptvn":"   3,25","vn":"611","pvn":" 100,00","vnt":"0","pvnt":"   0,00","vp":"0","pvp":"   0,00","vv":"18078","pvv":" 100,00","van":"0","pvan":"   0,00","vansj":"0","pvansj":"   0,00","tv":"18788","cand":[{"seq":"1","sqcand":"140001028341","n":"15","nm":"ELSINHO","cc":"MDB - PP / MDB / DEM / PT","nv":"JANY","e":"s","st":"Eleito","dvt":"V\u00e1lido","vap":"9252","pvap":"  51,18"},{"seq":"2","sqcand":"140001232968","n":"22","nm":"ORIVALDO BATERIA","cc":"PL - PL / PSC / PSDB","nv":"JO\u00c3O DAIBES","e":"n","st":"N\u00e3o eleito","dvt":"V\u00e1lido","vap":"8826","pvap":"  48,82"}]}
