{"ele":"426","tpabr":"mu","cdabr":"05452","carper":"11","t":"1","f":"o","dt":"15/11/2020","ht":"22:14:45","dv":"s","tf":"s","v":"1","esae":"n","mnae":"","s":"130","st":"130","pst":" 100,00","snt":"0","psnt":"   0,00","si":"130","psi":" 100,00","sni":"0","psni":"   0,00","sa":"130","psa":" 100,00","sna":"0","psna":"   0,00","e":"41201","ea":"41201","pea":" 100,00","ena":"0","pena":"   0,00","esi":"41201","pesi":" 100,00","esni":"0","pesni":"   0,00","c":"31032","pc":"  75,32","a":"10169","pa":"  24,68","vscv":"0","vnom":"29818","pvnom":" 100,00","vvc":"29818","pvvc":"  96,09","vb":"247","pvb":"   0,79","tvn":"967","ptvn":"   3,12","vn":"967","pvn":" 100,00","vnt":"0","pvnt":"   0,00","vp":"0","pvp":"   0,00","vv":"29818","pvv":" 100,00","van":"0","pvan":"   0,00","vansj":"0","pvansj":"   0,00","tv":"31032","cand":[{"seq":"6","sqcand":"140000886559","n":"13","nm":"MARCELO BATISTA","cc":"PT","nv":"ELSON DO LEITE","e":"n","st":"N\u00e3o eleito","dvt":"V\u00e1lido","vap":"869","pvap":"   2,91"},{"seq":"5","sqcand":"140000850365","n":"23","nm":"DU REIS","cc":"CIDADANIA","nv":"NASCIMENTO","e":"n","st":"N\u00e3o eleito","dvt":"V\u00e1lido","vap":"1554","pvap":"   5,21"},{"seq":"7","sqcand":"140000941798","n":"14","nm":"LAMARTIM DO POSTO CANA\u00c3","cc":"PTB","nv":"GLEISON DA PARAGAS","e":"n","st":"N\u00e3o eleito","dvt":"V\u00e1lido","vap":"235","pvap":"   0,79"},{"seq":"4","sqcand":"140000663746","n":"40","nm":"PROFESSORA DARCI","cc":"PSB","nv":"GLEDSON KZA BELLA","e":"n","st":"N\u00e3o eleito","dvt":"V\u00e1lido","vap":"2319","pvap":"   7,78"},{"seq":"3","sqcand":"140000664126","n":"10","nm":"PASTOR SIDNEI GOMES","cc":"REPUBLICANOS - REPUBLICANOS / PTC","nv":"F\u00c1BIA DA MADUREIRA","e":"n","st":"N\u00e3o eleito","dvt":"V\u00e1lido","vap":"6534","pvap":"  21,91"},{"seq":"2","sqcand":"140001015490","n":"55","nm":"MINERVINA","cc":"PSD - PSD / PSC","nv":"CLOVIS PELEGRINI","e":"n","st":"N\u00e3o eleito","dvt":"V\u00e1lido","vap":"7753","pvap":"  26,00"},{"seq":"1","sqcand":"140001089262","n":"15","nm":"JO\u00c3O CLEBER","cc":"MDB","nv":"BATISTA ABREU","e":"s","st":"Eleito","dvt":"V\u00e1lido","vap":"10554","pvap":"  35,39"}]}
