{"ele":"426","tpabr":"mu","cdabr":"05495","carper":"11","t":"1","f":"o","dt":"15/11/2020","ht":"22:49:58","dv":"s","tf":"s","v":"1","esae":"n","mnae":"","s":"39","st":"39","pst":" 100,00","snt":"0","psnt":"   0,00","si":"39","psi":" 100,00","sni":"0","psni":"   0,00","sa":"39","psa":" 100,00","sna":"0","psna":"   0,00","e":"10994","ea":"10994","pea":" 100,00","ena":"0","pena":"   0,00","esi":"10994","pesi":" 100,00","esni":"0","pesni":"   0,00","c":"9030","pc":"  82,14","a":"1964","pa":"  17,86","vscv":"0","vnom":"8713","pvnom":" 100,00","vvc":"8713","pvvc":"  96,49","vb":"58","pvb":"   0,64","tvn":"259","ptvn":"   2,87","vn":"259","pvn":" 100,00","vnt":"0","pvnt":"   0,00","vp":"0","pvp":"   0,00","vv":"8713","pvv":" 100,00","van":"0","pvan":"   0,00","vansj":"0","pvansj":"   0,00","tv":"9030","cand":[{"seq":"1","sqcand":"140000823129","n":"12","nm":"MARCELLANNE CRISTINA","cc":"PDT - PDT / PSC / PSDB / CIDADANIA","nv":"PROFESSOR BEZERRA","e":"s","st":"Eleito","dvt":"V\u00e1lido","vap":"5062","pvap":"  58,10"},{"seq":"2","sqcand":"140001105008","n":"15","nm":"NEUSINHA MARTINS","cc":"MDB - PT / REPUBLICANOS / MDB / PSD","nv":"DR FABRICIO","e":"n","st":"N\u00e3o eleito","dvt":"V\u00e1lido","vap":"3651","pvap":"  41,90"}]}
