{"ele":"426","tpabr":"mu","cdabr":"05517","carper":"11","t":"1","f":"o","dt":"15/11/2020","ht":"22:27:51","dv":"s","tf":"s","v":"1","esae":"n","mnae":"","s":"133","st":"133","pst":" 100,00","snt":"0","psnt":"   0,00","si":"133","psi":" 100,00","sni":"0","psni":"   0,00","sa":"133","psa":" 100,00","sna":"0","psna":"   0,00","e":"39792","ea":"39792","pea":" 100,00","ena":"0","pena":"   0,00","esi":"39792","pesi":" 100,00","esni":"0","pesni":"   0,00","c":"32471","pc":"  81,60","a":"7321","pa":"  18,40","vscv":"0","vnom":"31296","pvnom":" 100,00","vvc":"31296","pvvc":"  96,38","vb":"261","pvb":"   0,81","tvn":"914","ptvn":"   2,81","vn":"914","pvn":" 100,00","vnt":"0","pvnt":"   0,00","vp":"0","pvp":"   0,00","vv":"31296","pvv":" 100,00","van":"0","pvan":"   0,00","vansj":"0","pvansj":"   0,00","tv":"32471","cand":[{"seq":"1","sqcand":"140001010395","n":"15","nm":"EDUARDO PIO X","cc":"MDB - MDB / PSC / PSD / PC do B / PODE / PDT / PSDB","nv":"ANA DA SA\u00daDE","e":"s","st":"Eleito","dvt":"V\u00e1lido","vap":"16194","pvap":"  51,74"},{"seq":"2","sqcand":"140001134104","n":"22","nm":"ANTONIO DOIDO","cc":"PL - PTB / PL","nv":"PASTORA FATIMA","e":"n","st":"N\u00e3o eleito","dvt":"V\u00e1lido","vap":"15102","pvap":"  48,26"}]}
