{"ele":"426","tpabr":"mu","cdabr":"05533","carper":"11","t":"1","f":"o","dt":"15/11/2020","ht":"22:30:04","dv":"s","tf":"s","v":"1","esae":"n","mnae":"","s":"66","st":"66","pst":" 100,00","snt":"0","psnt":"   0,00","si":"66","psi":" 100,00","sni":"0","psni":"   0,00","sa":"66","psa":" 100,00","sna":"0","psna":"   0,00","e":"20850","ea":"20850","pea":" 100,00","ena":"0","pena":"   0,00","esi":"20850","pesi":" 100,00","esni":"0","pesni":"   0,00","c":"17617","pc":"  84,49","a":"3233","pa":"  15,51","vscv":"0","vnom":"17105","pvnom":" 100,00","vvc":"17105","pvvc":"  97,09","vb":"96","pvb":"   0,55","tvn":"416","ptvn":"   2,36","vn":"416","pvn":" 100,00","vnt":"0","pvnt":"   0,00","vp":"0","pvp":"   0,00","vv":"17105","pvv":" 100,00","van":"0","pvan":"   0,00","vansj":"0","pvansj":"   0,00","tv":"17617","cand":[{"seq":"1","sqcand":"140000767866","n":"22","nm":"GET\u00daLIO BRABO","cc":"PL - PSD / PL","nv":"ALMIR COSTA","e":"s","st":"Eleito","dvt":"V\u00e1lido","vap":"6097","pvap":"  35,64"},{"seq":"3","sqcand":"140000863966","n":"15","nm":"WANDO TEIXEIRA","cc":"MDB - MDB / CIDADANIA","nv":"PROFESSOR BARRINHA","e":"n","st":"N\u00e3o eleito","dvt":"V\u00e1lido","vap":"2829","pvap":"  16,54"},{"seq":"4","sqcand":"140000919563","n":"13","nm":"NEUZA PEREIRA","cc":"PT - PT / PDT / PSOL","nv":"IRAM MORAES","e":"n","st":"N\u00e3o eleito","dvt":"V\u00e1lido","vap":"2811","pvap":"  16,43"},{"seq":"2","sqcand":"140001239048","n":"20","nm":"HILTON LIMA","cc":"PSC - PSC / PROS / PSDB / REPUBLICANOS / PSB","nv":"DILMA AZULAY","e":"n","st":"N\u00e3o eleito","dvt":"V\u00e1lido","vap":"5368","pvap":"  31,38"}]}
