{"ele":"426","tpabr":"mu","cdabr":"05550","carper":"11","t":"1","f":"o","dt":"15/11/2020","ht":"22:02:49","dv":"s","tf":"s","v":"1","esae":"n","mnae":"","s":"39","st":"39","pst":" 100,00","snt":"0","psnt":"   0,00","si":"39","psi":" 100,00","sni":"0","psni":"   0,00","sa":"39","psa":" 100,00","sna":"0","psna":"   0,00","e":"11543","ea":"11543","pea":" 100,00","ena":"0","pena":"   0,00","esi":"11543","pesi":" 100,00","esni":"0","pesni":"   0,00","c":"9432","pc":"  81,71","a":"2111","pa":"  18,29","vscv":"0","vnom":"9022","pvnom":" 100,00","vvc":"9022","pvvc":"  95,65","vb":"62","pvb":"   0,66","tvn":"348","ptvn":"   3,69","vn":"348","pvn":" 100,00","vnt":"0","pvnt":"   0,00","vp":"0","pvp":"   0,00","vv":"9022","pvv":" 100,00","van":"0","pvan":"   0,00","vansj":"0","pvansj":"   0,00","tv":"9432","cand":[{"seq":"2","sqcand":"140001212911","n":"22","nm":"SALOM\u00c3O ESCHRIQUE","cc":"PL - PT / PSB / PL","nv":"NALDO DA LARISSA","e":"n","st":"N\u00e3o eleito","dvt":"V\u00e1lido","vap":"3367","pvap":"  37,32"},{"seq":"1","sqcand":"140000786830","n":"20","nm":"DIRCEU BIANCARDI","cc":"PSC - PSC / PSDB / PSD","nv":"CAFE","e":"s","st":"Eleito","dvt":"V\u00e1lido","vap":"3935","pvap":"  43,62"},{"seq":"3","sqcand":"140001224148","n":"15","nm":"PROFESSOR ADO","cc":"MDB - PTB / MDB / PATRIOTA","nv":"FLORENCIO","e":"n","st":"N\u00e3o eleito","dvt":"V\u00e1lido","vap":"1720","pvap":"  19,06"}]}
