{"ele":"426","tpabr":"mu","cdabr":"05614","carper":"11","t":"1","f":"o","dt":"15/11/2020","ht":"23:44:13","dv":"s","tf":"s","v":"1","esae":"n","mnae":"","s":"227","st":"227","pst":" 100,00","snt":"0","psnt":"   0,00","si":"227","psi":" 100,00","sni":"0","psni":"   0,00","sa":"227","psa":" 100,00","sna":"0","psna":"   0,00","e":"75696","ea":"75696","pea":" 100,00","ena":"0","pena":"   0,00","esi":"75696","pesi":" 100,00","esni":"0","pesni":"   0,00","c":"58313","pc":"  77,04","a":"17383","pa":"  22,96","vscv":"0","vnom":"56309","pvnom":" 100,00","vvc":"56309","pvvc":"  96,56","vb":"665","pvb":"   1,14","tvn":"1339","ptvn":"   2,30","vn":"1339","pvn":" 100,00","vnt":"0","pvnt":"   0,00","vp":"0","pvp":"   0,00","vv":"56309","pvv":" 100,00","van":"0","pvan":"   0,00","vansj":"0","pvansj":"   0,00","tv":"58313","cand":[{"seq":"4","sqcand":"140001025414","n":"12","nm":"HERNANDES VAZ","cc":"PDT - PSL / PDT","nv":"TONY NAVEGANTE","e":"n","st":"N\u00e3o eleito","dvt":"V\u00e1lido","vap":"4988","pvap":"   8,86"},{"seq":"2","sqcand":"140000740831","n":"45","nm":"ELIANE LIMA","cc":"PSDB - PSC / PSB / PMB / PSDB / SOLIDARIEDADE","nv":"MAURO GOMES","e":"n","st":"N\u00e3o eleito","dvt":"V\u00e1lido","vap":"17940","pvap":"  31,86"},{"seq":"10","sqcand":"140001050519","n":"33","nm":"GAIA","cc":"PMN","nv":"CLEIDE","e":"n","st":"N\u00e3o eleito","dvt":"V\u00e1lido","vap":"77","pvap":"   0,14"},{"seq":"9","sqcand":"140001246106","n":"23","nm":"S\u00d4NIA CASSIANO","cc":"CIDADANIA","nv":"PROFESSORA MEIRE","e":"n","st":"N\u00e3o eleito","dvt":"V\u00e1lido","vap":"296","pvap":"   0,53"},{"seq":"1","sqcand":"140000874565","n":"15","nm":"ALEXANDRE SIQUEIRA","cc":"MDB - MDB / PODE / DC / PC do B / AVANTE","nv":"JAIRO HOLANDA","e":"s","st":"Eleito","dvt":"V\u00e1lido","vap":"18104","pvap":"  32,15"},{"seq":"6","sqcand":"140001195208","n":"13","nm":"TOM BONFIM","cc":"PT","nv":"GIL CHAVES","e":"n","st":"N\u00e3o eleito","dvt":"V\u00e1lido","vap":"1216","pvap":"   2,16"},{"seq":"3","sqcand":"140000783698","n":"14","nm":"ARTUR DE JESUS","cc":"PTB - REPUBLICANOS / PROS / PV / PTB / DEM / PL","nv":"IRIEL BATISTA","e":"n","st":"N\u00e3o eleito","dvt":"V\u00e1lido","vap":"8911","pvap":"  15,83"},{"seq":"5","sqcand":"140001182996","n":"11","nm":"CLAUDINEY FURMAN","cc":"PP","nv":"PATRICIA BARREIRINHAS","e":"n","st":"N\u00e3o eleito","dvt":"V\u00e1lido","vap":"3676","pvap":"   6,53"},{"seq":"8","sqcand":"140001025923","n":"55","nm":"MARCELO DA ACIT","cc":"PSD","nv":"BETO DO A\u00c7OUGUE","e":"n","st":"N\u00e3o eleito","dvt":"V\u00e1lido","vap":"520","pvap":"   0,92"},{"seq":"7","sqcand":"140000635614","n":"51","nm":"XAND\u00c3O PATRIOTA","cc":"PATRIOTA","nv":"ISRAEL C\u00c2NDIDO","e":"n","st":"N\u00e3o eleito","dvt":"V\u00e1lido","vap":"581","pvap":"   1,03"}]}
