{"ele":"426","tpabr":"mu","cdabr":"05657","carper":"11","t":"1","f":"o","dt":"15/11/2020","ht":"22:03:46","dv":"s","tf":"s","v":"1","esae":"n","mnae":"","s":"154","st":"154","pst":" 100,00","snt":"0","psnt":"   0,00","si":"154","psi":" 100,00","sni":"0","psni":"   0,00","sa":"154","psa":" 100,00","sna":"0","psna":"   0,00","e":"43430","ea":"43430","pea":" 100,00","ena":"0","pena":"   0,00","esi":"43430","pesi":" 100,00","esni":"0","pesni":"   0,00","c":"34200","pc":"  78,75","a":"9230","pa":"  21,25","vscv":"0","vnom":"32912","pvnom":" 100,00","vvc":"32912","pvvc":"  96,23","vb":"135","pvb":"   0,40","tvn":"1153","ptvn":"   3,37","vn":"1153","pvn":" 100,00","vnt":"0","pvnt":"   0,00","vp":"0","pvp":"   0,00","vv":"32912","pvv":" 100,00","van":"0","pvan":"   0,00","vansj":"0","pvansj":"   0,00","tv":"34200","cand":[{"seq":"2","sqcand":"140001139583","n":"55","nm":"CARLA PARENTE","cc":"PSD - PTB / PSDB / PSD","nv":"CARLOS CRUZ","e":"n","st":"N\u00e3o eleito","dvt":"V\u00e1lido","vap":"15889","pvap":"  48,28"},{"seq":"1","sqcand":"140000721639","n":"22","nm":"NETO","cc":"PL - PL / MDB / PMN / AVANTE / PT / PSC / PDT / PODE","nv":"FRANKLIN","e":"s","st":"Eleito","dvt":"V\u00e1lido","vap":"17023","pvap":"  51,72"}]}
