{"ele":"426","tpabr":"mu","cdabr":"05673","carper":"11","t":"1","f":"o","dt":"15/11/2020","ht":"22:02:03","dv":"s","tf":"s","v":"1","esae":"n","mnae":"","s":"182","st":"182","pst":" 100,00","snt":"0","psnt":"   0,00","si":"182","psi":" 100,00","sni":"0","psni":"   0,00","sa":"182","psa":" 100,00","sna":"0","psna":"   0,00","e":"63302","ea":"63302","pea":" 100,00","ena":"0","pena":"   0,00","esi":"63302","pesi":" 100,00","esni":"0","pesni":"   0,00","c":"47308","pc":"  74,73","a":"15994","pa":"  25,27","vscv":"0","vnom":"45093","pvnom":" 100,00","vvc":"45093","pvvc":"  95,32","vb":"620","pvb":"   1,31","tvn":"1595","ptvn":"   3,37","vn":"1595","pvn":" 100,00","vnt":"0","pvnt":"   0,00","vp":"0","pvp":"   0,00","vv":"45093","pvv":" 100,00","van":"0","pvan":"   0,00","vansj":"0","pvansj":"   0,00","tv":"47308","cand":[{"seq":"3","sqcand":"140001117365","n":"15","nm":"WILLIAN DO POT\u00caNCIA","cc":"MDB - PL / CIDADANIA / MDB / PSL / PSB / PP / PODE","nv":"DR RENER","e":"n","st":"N\u00e3o eleito","dvt":"V\u00e1lido","vap":"13267","pvap":"  29,42"},{"seq":"1","sqcand":"140001246449","n":"55","nm":"MARCELO BORGES","cc":"PSD - PSD / AVANTE / REPUBLICANOS","nv":"KARLOS WONNEI","e":"s","st":"Eleito","dvt":"V\u00e1lido","vap":"15896","pvap":"  35,25"},{"seq":"4","sqcand":"140000744098","n":"51","nm":"AFIF","cc":"PATRIOTA","nv":"DRA ADRIANA","e":"n","st":"N\u00e3o eleito","dvt":"V\u00e1lido","vap":"1071","pvap":"   2,38"},{"seq":"2","sqcand":"140001249887","n":"20","nm":"MARIO MOREIRA","cc":"PSC - PT / PDT / PSDB / SOLIDARIEDADE / PC do B / DEM / PSC","nv":"JO\u00c1S POSSIDONIO","e":"n","st":"N\u00e3o eleito","dvt":"V\u00e1lido","vap":"14859","pvap":"  32,95"}]}
