{"ele":"426","tpabr":"mu","cdabr":"05690","carper":"11","t":"1","f":"o","dt":"15/11/2020","ht":"20:44:34","dv":"s","tf":"s","v":"1","esae":"n","mnae":"","s":"47","st":"47","pst":" 100,00","snt":"0","psnt":"   0,00","si":"47","psi":" 100,00","sni":"0","psni":"   0,00","sa":"47","psa":" 100,00","sna":"0","psna":"   0,00","e":"14132","ea":"14132","pea":" 100,00","ena":"0","pena":"   0,00","esi":"14132","pesi":" 100,00","esni":"0","pesni":"   0,00","c":"11075","pc":"  78,37","a":"3057","pa":"  21,63","vscv":"0","vnom":"10571","pvnom":" 100,00","vvc":"10571","pvvc":"  95,45","vb":"127","pvb":"   1,15","tvn":"377","ptvn":"   3,40","vn":"377","pvn":" 100,00","vnt":"0","pvnt":"   0,00","vp":"0","pvp":"   0,00","vv":"10571","pvv":" 100,00","van":"0","pvan":"   0,00","vansj":"0","pvansj":"   0,00","tv":"11075","cand":[{"seq":"1","sqcand":"140001254655","n":"15","nm":"M\u00c1RCIA FERREIRA","cc":"MDB - PODE / MDB / PATRIOTA","nv":"CLEIDE DO SAL\u00c3O","e":"s","st":"Eleito","dvt":"V\u00e1lido","vap":"6555","pvap":"  62,01"},{"seq":"2","sqcand":"140000693635","n":"20","nm":"WALTINHO DO OURO","cc":"PSC - PSC / REPUBLICANOS / PC do B / PSD","nv":"L\u00c9O DO POVO","e":"n","st":"N\u00e3o eleito","dvt":"V\u00e1lido","vap":"4016","pvap":"  37,99"}]}
