{"ele":"426","tpabr":"mu","cdabr":"05711","carper":"11","t":"1","f":"o","dt":"15/11/2020","ht":"23:04:03","dv":"s","tf":"s","v":"1","esae":"n","mnae":"","s":"111","st":"111","pst":" 100,00","snt":"0","psnt":"   0,00","si":"111","psi":" 100,00","sni":"0","psni":"   0,00","sa":"111","psa":" 100,00","sna":"0","psna":"   0,00","e":"36600","ea":"36600","pea":" 100,00","ena":"0","pena":"   0,00","esi":"36600","pesi":" 100,00","esni":"0","pesni":"   0,00","c":"27515","pc":"  75,18","a":"9085","pa":"  24,82","vscv":"0","vnom":"26242","pvnom":" 100,00","vvc":"26242","pvvc":"  95,37","vb":"282","pvb":"   1,03","tvn":"991","ptvn":"   3,60","vn":"991","pvn":" 100,00","vnt":"0","pvnt":"   0,00","vp":"0","pvp":"   0,00","vv":"26242","pvv":" 100,00","van":"0","pvan":"   0,00","vansj":"0","pvansj":"   0,00","tv":"27515","cand":[{"seq":"3","sqcand":"140000933738","n":"15","nm":"AMARILDO PAULINO","cc":"MDB - AVANTE / REPUBLICANOS / PT / PTB / MDB / PSB / PATRIOTA / PC do B","nv":"ROBERTO DA YAMAHA","e":"n","st":"N\u00e3o eleito","dvt":"V\u00e1lido","vap":"7904","pvap":"  30,12"},{"seq":"1","sqcand":"140000722111","n":"22","nm":"DR. MOACIR","cc":"PL - PSC / PDT / PL / DEM / DC / PSDB / PSD","nv":"VILMONES","e":"s","st":"Eleito","dvt":"V\u00e1lido","vap":"10404","pvap":"  39,65"},{"seq":"2","sqcand":"140000776669","n":"17","nm":"ENRIC LAURIANO","cc":"PSL","nv":"MARCIA MARTINS","e":"n","st":"N\u00e3o eleito","dvt":"V\u00e1lido","vap":"7934","pvap":"  30,23"}]}
