{"ele":"426","tpabr":"mu","cdabr":"05754","carper":"11","t":"1","f":"o","dt":"15/11/2020","ht":"22:20:55","dv":"s","tf":"s","v":"1","esae":"n","mnae":"","s":"96","st":"96","pst":" 100,00","snt":"0","psnt":"   0,00","si":"96","psi":" 100,00","sni":"0","psni":"   0,00","sa":"96","psa":" 100,00","sna":"0","psna":"   0,00","e":"29443","ea":"29443","pea":" 100,00","ena":"0","pena":"   0,00","esi":"29443","pesi":" 100,00","esni":"0","pesni":"   0,00","c":"22673","pc":"  77,01","a":"6770","pa":"  22,99","vscv":"0","vnom":"21053","pvnom":" 100,00","vvc":"21053","pvvc":"  92,85","vb":"460","pvb":"   2,03","tvn":"1160","ptvn":"   5,12","vn":"1160","pvn":" 100,00","vnt":"0","pvnt":"   0,00","vp":"0","pvp":"   0,00","vv":"21053","pvv":" 100,00","van":"0","pvan":"   0,00","vansj":"0","pvansj":"   0,00","tv":"22673","cand":[{"seq":"1","sqcand":"140000802574","n":"15","nm":"GILSINHO BRAND\u00c3O","cc":"MDB - PROS / PL / MDB / PP","nv":"JOAO MARTINS","e":"s","st":"Eleito","dvt":"V\u00e1lido","vap":"14585","pvap":"  69,28"},{"seq":"3","sqcand":"140001011646","n":"45","nm":"NANDO TURINI","cc":"PSDB","nv":"PROFESSORA CLEOMARIA","e":"n","st":"N\u00e3o eleito","dvt":"V\u00e1lido","vap":"1779","pvap":"   8,45"},{"seq":"2","sqcand":"140001010797","n":"25","nm":"MANOEL DA CASA BRANCA","cc":"DEM - DEM / REDE","nv":"CARLINHOS DO SINDICATO","e":"n","st":"N\u00e3o eleito","dvt":"V\u00e1lido","vap":"4689","pvap":"  22,27"}]}
