{"ele":"426","tpabr":"mu","cdabr":"05819","carper":"11","t":"1","f":"o","dt":"15/11/2020","ht":"22:49:56","dv":"s","tf":"s","v":"1","esae":"n","mnae":"","s":"75","st":"75","pst":" 100,00","snt":"0","psnt":"   0,00","si":"75","psi":" 100,00","sni":"0","psni":"   0,00","sa":"75","psa":" 100,00","sna":"0","psna":"   0,00","e":"22809","ea":"22809","pea":" 100,00","ena":"0","pena":"   0,00","esi":"22809","pesi":" 100,00","esni":"0","pesni":"   0,00","c":"18933","pc":"  83,01","a":"3876","pa":"  16,99","vscv":"0","vnom":"18237","pvnom":" 100,00","vvc":"18237","pvvc":"  96,32","vb":"161","pvb":"   0,85","tvn":"535","ptvn":"   2,83","vn":"535","pvn":" 100,00","vnt":"0","pvnt":"   0,00","vp":"0","pvp":"   0,00","vv":"18237","pvv":" 100,00","van":"0","pvan":"   0,00","vansj":"0","pvansj":"   0,00","tv":"18933","cand":[{"seq":"3","sqcand":"140000672915","n":"10","nm":"FABIO DO HOSPITAL","cc":"REPUBLICANOS - REPUBLICANOS / PATRIOTA","nv":"ALOISIO PAIVA","e":"n","st":"N\u00e3o eleito","dvt":"V\u00e1lido","vap":"2954","pvap":"  16,20"},{"seq":"2","sqcand":"140000943937","n":"45","nm":"JUNIOR MARTINS","cc":"PSDB - PROS / PSDB / DEM","nv":"RICARDO PEREIRA","e":"n","st":"N\u00e3o eleito","dvt":"V\u00e1lido","vap":"5758","pvap":"  31,57"},{"seq":"4","sqcand":"140000946132","n":"20","nm":"DR SAULO COSTA","cc":"PSC","nv":"RAIANE COSTA","e":"n","st":"N\u00e3o eleito","dvt":"V\u00e1lido","vap":"335","pvap":"   1,84"},{"seq":"1","sqcand":"140000930501","n":"13","nm":"ELIAS SANTIAGO","cc":"PT - MDB / CIDADANIA / PT","nv":"ELIZANGELA CELESTINO","e":"s","st":"Eleito","dvt":"V\u00e1lido","vap":"9190","pvap":"  50,39"}]}
