{"ele":"426","tpabr":"mu","cdabr":"05835","carper":"11","t":"1","f":"o","dt":"15/11/2020","ht":"22:09:03","dv":"s","tf":"s","v":"1","esae":"n","mnae":"","s":"462","st":"462","pst":" 100,00","snt":"0","psnt":"   0,00","si":"462","psi":" 100,00","sni":"0","psni":"   0,00","sa":"462","psa":" 100,00","sna":"0","psna":"   0,00","e":"162619","ea":"162619","pea":" 100,00","ena":"0","pena":"   0,00","esi":"162619","pesi":" 100,00","esni":"0","pesni":"   0,00","c":"128141","pc":"  78,80","a":"34478","pa":"  21,20","vscv":"0","vnom":"118502","pvnom":" 100,00","vvc":"118502","pvvc":"  92,48","vb":"3764","pvb":"   2,94","tvn":"5875","ptvn":"   4,58","vn":"5875","pvn":" 100,00","vnt":"0","pvnt":"   0,00","vp":"0","pvp":"   0,00","vv":"118502","pvv":" 100,00","van":"0","pvan":"   0,00","vansj":"0","pvansj":"   0,00","tv":"128141","cand":[{"seq":"2","sqcand":"140000633379","n":"28","nm":"JULIO CESAR","cc":"PRTB","nv":"AMAURY DA P\u00c3O NOBRE","e":"n","st":"N\u00e3o eleito","dvt":"V\u00e1lido","vap":"24267","pvap":"  20,48"},{"seq":"6","sqcand":"140000929349","n":"50","nm":"DOUTOR RUBENS","cc":"PSOL","nv":"MARIA DA GRA\u00c7A","e":"n","st":"N\u00e3o eleito","dvt":"V\u00e1lido","vap":"2034","pvap":"   1,72"},{"seq":"9","sqcand":"140000984868","n":"36","nm":"GILBERTO SA","cc":"PTC","nv":"CLEBER COSTA","e":"n","st":"N\u00e3o eleito","dvt":"V\u00e1lido","vap":"273","pvap":"   0,23"},{"seq":"1","sqcand":"140000928176","n":"15","nm":"DARCI LERMEN","cc":"MDB - PP / MDB / PDT / PTB / PODE / PSC / PL / DC / PSB / PC do B / REPUBLICANOS / PT / PROS / DEM / PV","nv":"JO\u00c3O DO VERDUR\u00c3O","e":"s","st":"Eleito","dvt":"V\u00e1lido","vap":"57384","pvap":"  48,42"},{"seq":"7","sqcand":"140001049560","n":"17","nm":"L\u00c9O DA CERVEBRAS","cc":"PSL","nv":"WILL","e":"n","st":"N\u00e3o eleito","dvt":"V\u00e1lido","vap":"655","pvap":"   0,55"},{"seq":"5","sqcand":"140001231542","n":"70","nm":"MARCELO CATAL\u00c3O","cc":"AVANTE - AVANTE / PMB","nv":"MEIRE VAZ","e":"n","st":"N\u00e3o eleito","dvt":"V\u00e1lido","vap":"4293","pvap":"   3,62"},{"seq":"4","sqcand":"140000933621","n":"51","nm":"HIPOLITO","cc":"PATRIOTA","nv":"DR ROBSON","e":"n","st":"N\u00e3o eleito","dvt":"V\u00e1lido","vap":"7080","pvap":"   5,97"},{"seq":"8","sqcand":"140001235117","n":"77","nm":"FALC\u00c3O","cc":"SOLIDARIEDADE","nv":"MAIRO","e":"n","st":"N\u00e3o eleito","dvt":"V\u00e1lido","vap":"304","pvap":"   0,26"},{"seq":"3","sqcand":"140000932514","n":"55","nm":"VALMIR","cc":"PSD - PSDB / CIDADANIA / PSD / PMN","nv":"FRANCINE","e":"n","st":"N\u00e3o eleito","dvt":"V\u00e1lido","vap":"22212","pvap":"  18,74"}]}
