{"ele":"426","tpabr":"mu","cdabr":"05851","carper":"11","t":"1","f":"o","dt":"15/11/2020","ht":"23:47:21","dv":"s","tf":"s","v":"1","esae":"n","mnae":"","s":"54","st":"54","pst":" 100,00","snt":"0","psnt":"   0,00","si":"54","psi":" 100,00","sni":"0","psni":"   0,00","sa":"54","psa":" 100,00","sna":"0","psna":"   0,00","e":"17062","ea":"17062","pea":" 100,00","ena":"0","pena":"   0,00","esi":"17062","pesi":" 100,00","esni":"0","pesni":"   0,00","c":"13546","pc":"  79,39","a":"3516","pa":"  20,61","vscv":"0","vnom":"13113","pvnom":" 100,00","vvc":"13113","pvvc":"  96,80","vb":"97","pvb":"   0,72","tvn":"336","ptvn":"   2,48","vn":"335","pvn":"  99,70","vnt":"1","pvnt":"   0,30","vp":"0","pvp":"   0,00","vv":"13113","pvv":" 100,00","van":"0","pvan":"   0,00","vansj":"0","pvansj":"   0,00","tv":"13546","cand":[{"seq":"4","sqcand":"140001102223","n":"55","nm":"GILDASIO","cc":"PSD - PRTB / PSD","nv":"DR RAFAEL RIBEIRO ","e":"n","st":"N\u00e3o eleito","dvt":"V\u00e1lido","vap":"324","pvap":"   2,47"},{"seq":"5","sqcand":"140001235800","n":"12","nm":"JOEL SENNA","cc":"PDT","nv":"CARLITA QUEIROZ","e":"n","st":"N\u00e3o eleito","dvt":"V\u00e1lido","vap":"102","pvap":"   0,78"},{"seq":"3","sqcand":"140001101051","n":"23","nm":"VALDEIR DO UNI\u00c3O","cc":"CIDADANIA","nv":"PASTORA ANDREIA","e":"n","st":"N\u00e3o eleito","dvt":"V\u00e1lido","vap":"1439","pvap":"  10,97"},{"seq":"2","sqcand":"140000884588","n":"25","nm":"ADONEI","cc":"DEM - DEM / PSDB","nv":"PROFESSORA AMPARO","e":"n","st":"N\u00e3o eleito","dvt":"V\u00e1lido","vap":"4971","pvap":"  37,91"},{"seq":"1","sqcand":"140000720457","n":"15","nm":"MARIANA CHAMON","cc":"MDB - PL / AVANTE / MDB","nv":"PASTOR JOS\u00c9 ANTONIO","e":"s","st":"Eleito","dvt":"V\u00e1lido","vap":"6277","pvap":"  47,87"}]}
