{"ele":"426","tpabr":"mu","cdabr":"05878","carper":"11","t":"1","f":"o","dt":"15/11/2020","ht":"22:22:56","dv":"s","tf":"s","v":"1","esae":"n","mnae":"","s":"69","st":"69","pst":" 100,00","snt":"0","psnt":"   0,00","si":"69","psi":" 100,00","sni":"0","psni":"   0,00","sa":"69","psa":" 100,00","sna":"0","psna":"   0,00","e":"21707","ea":"21707","pea":" 100,00","ena":"0","pena":"   0,00","esi":"21707","pesi":" 100,00","esni":"0","pesni":"   0,00","c":"17634","pc":"  81,24","a":"4073","pa":"  18,76","vscv":"0","vnom":"16753","pvnom":" 100,00","vvc":"16753","pvvc":"  95,00","vb":"114","pvb":"   0,65","tvn":"767","ptvn":"   4,35","vn":"767","pvn":" 100,00","vnt":"0","pvnt":"   0,00","vp":"0","pvp":"   0,00","vv":"16753","pvv":" 100,00","van":"0","pvan":"   0,00","vansj":"0","pvansj":"   0,00","tv":"17634","cand":[{"seq":"2","sqcand":"140000639726","n":"15","nm":"NEGO LISO","cc":"MDB","nv":"APOLIANA","e":"n","st":"N\u00e3o eleito","dvt":"V\u00e1lido","vap":"6972","pvap":"  41,62"},{"seq":"1","sqcand":"140000766346","n":"40","nm":"EDILMA ALVES","cc":"PSB - PTB / CIDADANIA / PSB","nv":"Z\u00c9 ALMEIDA","e":"s","st":"Eleito","dvt":"V\u00e1lido","vap":"9781","pvap":"  58,38"}]}
