{"ele":"426","tpabr":"mu","cdabr":"05916","carper":"11","t":"1","f":"o","dt":"15/11/2020","ht":"22:53:02","dv":"s","tf":"s","v":"1","esae":"n","mnae":"","s":"88","st":"88","pst":" 100,00","snt":"0","psnt":"   0,00","si":"88","psi":" 100,00","sni":"0","psni":"   0,00","sa":"88","psa":" 100,00","sna":"0","psna":"   0,00","e":"27939","ea":"27939","pea":" 100,00","ena":"0","pena":"   0,00","esi":"27939","pesi":" 100,00","esni":"0","pesni":"   0,00","c":"21606","pc":"  77,33","a":"6333","pa":"  22,67","vscv":"0","vnom":"20366","pvnom":" 100,00","vvc":"20366","pvvc":"  94,26","vb":"248","pvb":"   1,15","tvn":"992","ptvn":"   4,59","vn":"992","pvn":" 100,00","vnt":"0","pvnt":"   0,00","vp":"0","pvp":"   0,00","vv":"20366","pvv":" 100,00","van":"0","pvan":"   0,00","vansj":"0","pvansj":"   0,00","tv":"21606","cand":[{"seq":"1","sqcand":"140000876296","n":"20","nm":"ANDR\u00c9 REZENDE","cc":"PSC - PATRIOTA / PSD / PSC / PP / PMN","nv":"LEANDRO REIS","e":"s","st":"Eleito","dvt":"V\u00e1lido","vap":"10147","pvap":"  49,82"},{"seq":"3","sqcand":"140001030446","n":"12","nm":"WANDER NUNES","cc":"PDT","nv":"\u00c1LVARO OT\u00c1VIO","e":"n","st":"N\u00e3o eleito","dvt":"V\u00e1lido","vap":"408","pvap":"   2,00"},{"seq":"2","sqcand":"140000965758","n":"15","nm":"CHICO TOZETTI","cc":"MDB - MDB / PT / PL / DEM","nv":"CHICO DIRETA","e":"n","st":"N\u00e3o eleito","dvt":"V\u00e1lido","vap":"9811","pvap":"  48,17"}]}
