{"ele":"426","tpabr":"mu","cdabr":"05959","carper":"11","t":"1","f":"o","dt":"15/11/2020","ht":"21:44:22","dv":"s","tf":"s","v":"1","esae":"n","mnae":"","s":"72","st":"72","pst":" 100,00","snt":"0","psnt":"   0,00","si":"72","psi":" 100,00","sni":"0","psni":"   0,00","sa":"72","psa":" 100,00","sna":"0","psna":"   0,00","e":"24437","ea":"24437","pea":" 100,00","ena":"0","pena":"   0,00","esi":"24437","pesi":" 100,00","esni":"0","pesni":"   0,00","c":"17828","pc":"  72,95","a":"6609","pa":"  27,05","vscv":"0","vnom":"17172","pvnom":" 100,00","vvc":"17172","pvvc":"  96,32","vb":"144","pvb":"   0,81","tvn":"512","ptvn":"   2,87","vn":"512","pvn":" 100,00","vnt":"0","pvnt":"   0,00","vp":"0","pvp":"   0,00","vv":"17172","pvv":" 100,00","van":"0","pvan":"   0,00","vansj":"0","pvansj":"   0,00","tv":"17828","cand":[{"seq":"3","sqcand":"140000741664","n":"25","nm":"DENIS ALVES","cc":"DEM - DEM / PP","nv":"MARTA DA ASTRO MALHAS","e":"n","st":"N\u00e3o eleito","dvt":"V\u00e1lido","vap":"2819","pvap":"  16,42"},{"seq":"8","sqcand":"140001131661","n":"14","nm":"LEO DA POLO RURAL","cc":"PTB - PTB / PSC","nv":"LUIZ DO MAGUILA","e":"n","st":"N\u00e3o eleito","dvt":"V\u00e1lido","vap":"85","pvap":"   0,49"},{"seq":"1","sqcand":"140000759756","n":"70","nm":"DR J\u00daLIO","cc":"AVANTE","nv":"ALESSANDRO","e":"s","st":"Eleito","dvt":"V\u00e1lido","vap":"6686","pvap":"  38,94"},{"seq":"4","sqcand":"140001027967","n":"45","nm":"LEONIL\u00c7O FEITOSA","cc":"PSDB","nv":"PROFESSOR DEUSEVAL BORGES","e":"n","st":"N\u00e3o eleito","dvt":"V\u00e1lido","vap":"759","pvap":"   4,42"},{"seq":"6","sqcand":"140000950654","n":"28","nm":"ISAIAS DA CERAMICA","cc":"PRTB","nv":"ERIC ZAMBEZE","e":"n","st":"N\u00e3o eleito","dvt":"V\u00e1lido","vap":"135","pvap":"   0,79"},{"seq":"2","sqcand":"140000878608","n":"22","nm":"DR VELOSO","cc":"PL - REPUBLICANOS / MDB / PROS / PT / PL / PSL","nv":"GENIVAM DA MATA","e":"n","st":"N\u00e3o eleito","dvt":"V\u00e1lido","vap":"5919","pvap":"  34,47"},{"seq":"5","sqcand":"140000792091","n":"40","nm":"ALEANDRO VE\u00cdCULOS","cc":"PSB","nv":"FERNANDO GAS","e":"n","st":"N\u00e3o eleito","dvt":"V\u00e1lido","vap":"673","pvap":"   3,92"},{"seq":"7","sqcand":"140000916999","n":"36","nm":"JOSIMAR","cc":"PTC","nv":"ADAILTON SOSSEGO","e":"n","st":"N\u00e3o eleito","dvt":"V\u00e1lido","vap":"96","pvap":"   0,56"}]}
