{"ele":"426","tpabr":"mu","cdabr":"05975","carper":"11","t":"1","f":"o","dt":"15/11/2020","ht":"23:22:16","dv":"s","tf":"s","v":"1","esae":"n","mnae":"","s":"95","st":"95","pst":" 100,00","snt":"0","psnt":"   0,00","si":"95","psi":" 100,00","sni":"0","psni":"   0,00","sa":"95","psa":" 100,00","sna":"0","psna":"   0,00","e":"29660","ea":"29660","pea":" 100,00","ena":"0","pena":"   0,00","esi":"29660","pesi":" 100,00","esni":"0","pesni":"   0,00","c":"23808","pc":"  80,27","a":"5852","pa":"  19,73","vscv":"0","vnom":"22949","pvnom":" 100,00","vvc":"22949","pvvc":"  96,39","vb":"216","pvb":"   0,91","tvn":"643","ptvn":"   2,70","vn":"643","pvn":" 100,00","vnt":"0","pvnt":"   0,00","vp":"0","pvp":"   0,00","vv":"22949","pvv":" 100,00","van":"0","pvan":"   0,00","vansj":"0","pvansj":"   0,00","tv":"23808","cand":[{"seq":"6","sqcand":"140001269338","n":"77","nm":"DONA MAGALH\u00c3ES","cc":"SOLIDARIEDADE - PRTB / PC do B / SOLIDARIEDADE","nv":"ROMERITO","e":"n","st":"N\u00e3o eleito","dvt":"V\u00e1lido","vap":"160","pvap":"   0,70"},{"seq":"3","sqcand":"140000820210","n":"15","nm":"JOAQUIM NOGUEIRA NETO","cc":"MDB - PSC / PL / MDB / PTB","nv":"LEE MARTINS","e":"n","st":"N\u00e3o eleito","dvt":"V\u00e1lido","vap":"5587","pvap":"  24,35"},{"seq":"4","sqcand":"140000792372","n":"23","nm":"ZE ANTONIO DA AGROSUL","cc":"CIDADANIA","nv":"CID CANA\u00c3","e":"n","st":"N\u00e3o eleito","dvt":"V\u00e1lido","vap":"1009","pvap":"   4,40"},{"seq":"2","sqcand":"140001033802","n":"12","nm":"AYESO GASTON","cc":"PDT - PDT / PT / REPUBLICANOS / PSD","nv":"CINELIA","e":"n","st":"N\u00e3o eleito","dvt":"V\u00e1lido","vap":"6752","pvap":"  29,42"},{"seq":"5","sqcand":"140000794599","n":"51","nm":"CARLIM DA CIMPOL","cc":"PATRIOTA","nv":"NAIARA BARBOSA","e":"n","st":"N\u00e3o eleito","dvt":"V\u00e1lido","vap":"695","pvap":"   3,03"},{"seq":"1","sqcand":"140001092606","n":"45","nm":"SILON","cc":"PSDB","nv":"TONINHO DA FARMACIA","e":"s","st":"Eleito","dvt":"V\u00e1lido","vap":"8746","pvap":"  38,11"}]}
