{"ele":"426","tpabr":"mu","cdabr":"05991","carper":"11","t":"1","f":"o","dt":"15/11/2020","ht":"22:59:18","dv":"s","tf":"s","v":"1","esae":"n","mnae":"","s":"47","st":"47","pst":" 100,00","snt":"0","psnt":"   0,00","si":"47","psi":" 100,00","sni":"0","psni":"   0,00","sa":"47","psa":" 100,00","sna":"0","psna":"   0,00","e":"12664","ea":"12664","pea":" 100,00","ena":"0","pena":"   0,00","esi":"12664","pesi":" 100,00","esni":"0","pesni":"   0,00","c":"10560","pc":"  83,39","a":"2104","pa":"  16,61","vscv":"0","vnom":"10100","pvnom":" 100,00","vvc":"10100","pvvc":"  95,64","vb":"80","pvb":"   0,76","tvn":"380","ptvn":"   3,60","vn":"380","pvn":" 100,00","vnt":"0","pvnt":"   0,00","vp":"0","pvp":"   0,00","vv":"10100","pvv":" 100,00","van":"0","pvan":"   0,00","vansj":"0","pvansj":"   0,00","tv":"10560","cand":[{"seq":"1","sqcand":"140000681778","n":"15","nm":"ADRIANO SALOM\u00c3O","cc":"MDB - MDB / PSL / PL","nv":"IRM\u00c3 GESSI","e":"s","st":"Eleito","dvt":"V\u00e1lido","vap":"5233","pvap":"  51,81"},{"seq":"2","sqcand":"140001243317","n":"55","nm":"EMIVALDO AMANCIO","cc":"PSD - PSDB / PSD / PT / PTB","nv":"ABEL TENORIO","e":"n","st":"N\u00e3o eleito","dvt":"V\u00e1lido","vap":"3068","pvap":"  30,38"},{"seq":"3","sqcand":"140000767808","n":"12","nm":"RAIMUNDO CAPIVARA","cc":"PDT - PSC / PDT","nv":"AMINTAS LOPES","e":"n","st":"N\u00e3o eleito","dvt":"V\u00e1lido","vap":"1799","pvap":"  17,81"}]}
