{"ele":"426","tpabr":"mu","cdabr":"06025","carper":"11","t":"1","f":"o","dt":"15/11/2020","ht":"20:46:23","dv":"s","tf":"s","v":"1","esae":"s","mnae":"Candidato com maior vota\u00e7\u00e3o nominal anulada ou anulada sub judice.","s":"43","st":"43","pst":" 100,00","snt":"0","psnt":"   0,00","si":"43","psi":" 100,00","sni":"0","psni":"   0,00","sa":"43","psa":" 100,00","sna":"0","psna":"   0,00","e":"13681","ea":"13681","pea":" 100,00","ena":"0","pena":"   0,00","esi":"13681","pesi":" 100,00","esni":"0","pesni":"   0,00","c":"10240","pc":"  74,85","a":"3441","pa":"  25,15","vscv":"0","vnom":"6616","pvnom":" 100,00","vvc":"9922","pvvc":"  96,89","vb":"101","pvb":"   0,99","tvn":"217","ptvn":"   2,12","vn":"217","pvn":" 100,00","vnt":"0","pvnt":"   0,00","vp":"0","pvp":"   0,00","vv":"6616","pvv":"  66,68","van":"0","pvan":"   0,00","vansj":"3306","pvansj":"  33,32","tv":"10240","cand":[{"seq":"1","sqcand":"30000819415","n":"12","nm":"BESSA","cc":"PDT - PDT / DEM / PL","nv":"PEDRO PAULO","e":"n","st":"N\u00e3o eleito","dvt":"Anulado sub judice","vap":"3306","pvap":"  33,32"},{"seq":"3","sqcand":"30000964590","n":"90","nm":"TONHO MATAPI","cc":"PROS - PROS / PSDB","nv":"PAULO CORTEZ","e":"n","st":"N\u00e3o eleito","dvt":"V\u00e1lido","vap":"1675","pvap":"  16,88"},{"seq":"2","sqcand":"30000819164","n":"11","nm":"ELIELSON MORAES","cc":"PP","nv":"PAULO LABCLIN","e":"n","st":"N\u00e3o eleito","dvt":"V\u00e1lido","vap":"2662","pvap":"  26,83"},{"seq":"5","sqcand":"30000640384","n":"18","nm":"PROFESSOR GLAUBER","cc":"REDE","nv":"JOSIEL","e":"n","st":"N\u00e3o eleito","dvt":"V\u00e1lido","vap":"551","pvap":"   5,55"},{"seq":"6","sqcand":"30000999350","n":"17","nm":"SAMUELZINHO","cc":"PSL - PSL / PSC","nv":"RONALDO DA AMAZONTUR","e":"n","st":"N\u00e3o eleito","dvt":"V\u00e1lido","vap":"458","pvap":"   4,62"},{"seq":"7","sqcand":"30001093724","n":"19","nm":"ADAIAN LIMA","cc":"PODE","nv":"JANE SOUZA","e":"n","st":"N\u00e3o eleito","dvt":"V\u00e1lido","vap":"142","pvap":"   1,43"},{"seq":"4","sqcand":"30001131197","n":"15","nm":"ANGELITO DA UNILAR","cc":"MDB - MDB / CIDADANIA","nv":"IRM\u00c3O CL\u00c1UDIO","e":"n","st":"N\u00e3o eleito","dvt":"V\u00e1lido","vap":"1128","pvap":"  11,37"}]}
