{"ele":"426","tpabr":"mu","cdabr":"06033","carper":"11","t":"1","f":"o","dt":"15/11/2020","ht":"20:35:29","dv":"s","tf":"s","v":"1","esae":"n","mnae":"","s":"24","st":"24","pst":" 100,00","snt":"0","psnt":"   0,00","si":"24","psi":" 100,00","sni":"0","psni":"   0,00","sa":"24","psa":" 100,00","sna":"0","psna":"   0,00","e":"7615","ea":"7615","pea":" 100,00","ena":"0","pena":"   0,00","esi":"7615","pesi":" 100,00","esni":"0","pesni":"   0,00","c":"5990","pc":"  78,66","a":"1625","pa":"  21,34","vscv":"0","vnom":"5792","pvnom":" 100,00","vvc":"5792","pvvc":"  96,69","vb":"31","pvb":"   0,52","tvn":"167","ptvn":"   2,79","vn":"167","pvn":" 100,00","vnt":"0","pvnt":"   0,00","vp":"0","pvp":"   0,00","vv":"5792","pvv":" 100,00","van":"0","pvan":"   0,00","vansj":"0","pvansj":"   0,00","tv":"5990","cand":[{"seq":"2","sqcand":"30000960588","n":"25","nm":"JULIO 7 ILHAS","cc":"DEM - DEM / REPUBLICANOS / PSC","nv":"NALDO DO LOUREN\u00c7O","e":"n","st":"N\u00e3o eleito","dvt":"V\u00e1lido","vap":"1973","pvap":"  34,06"},{"seq":"3","sqcand":"30000645770","n":"18","nm":"ANGELA AVELAR","cc":"REDE","nv":"RANULFO","e":"n","st":"N\u00e3o eleito","dvt":"V\u00e1lido","vap":"886","pvap":"  15,30"},{"seq":"4","sqcand":"30001056678","n":"77","nm":"LUCIMAR","cc":"SOLIDARIEDADE - SOLIDARIEDADE / CIDADANIA","nv":"ENIO","e":"n","st":"N\u00e3o eleito","dvt":"V\u00e1lido","vap":"812","pvap":"  14,02"},{"seq":"1","sqcand":"30000960672","n":"12","nm":"REINALDO BARROS","cc":"PDT - PDT / PP / PSD / MDB / PL","nv":"TOIM","e":"s","st":"Eleito","dvt":"V\u00e1lido","vap":"2046","pvap":"  35,32"},{"seq":"5","sqcand":"30000870133","n":"50","nm":"PROFESSOR GIL","cc":"PSOL","nv":"PROFESSORA STELCIA","e":"n","st":"N\u00e3o eleito","dvt":"V\u00e1lido","vap":"75","pvap":"   1,29"}]}
