{"ele":"426","tpabr":"mu","cdabr":"06050","carper":"11","t":"1","f":"o","dt":"07/11/2020","ht":"02:09:06","dv":"s","tf":"n","v":"1","esae":"n","mnae":"","s":"703","st":"0","pst":"   0,00","snt":"703","psnt":" 100,00","si":"0","psi":"   0,00","sni":"0","psni":"   0,00","sa":"0","psa":"   0,00","sna":"0","psna":"   0,00","e":"292718","ea":"0","pea":"   0,00","ena":"0","pena":"   0,00","esi":"0","pesi":"   0,00","esni":"0","pesni":"   0,00","c":"0","pc":"   0,00","a":"0","pa":"   0,00","vscv":"0","vnom":"0","pvnom":"00,00","vvc":"0","pvvc":"00,00","vb":"0","pvb":"00,00","tvn":"0","ptvn":"00,00","vn":"0","pvn":"00,00","vnt":"0","pvnt":"00,00","vp":"0","pvp":"00,00","vv":"0","pvv":"00,00","van":"0","pvan":"00,00","vansj":"0","pvansj":"00,00","tv":"0","cand":[{"seq":"2","sqcand":"30000640527","n":"28","nm":"CIRILO FERNANDES","cc":"PRTB","nv":"LINDEMBERG O CEAR\u00c1","e":"n","st":"","dvt":"V\u00e1lido","vap":"0","pvap":"00.00"},{"seq":"10","sqcand":"30001084910","n":"13","nm":"PROFESSOR MARCOS","cc":"PT","nv":"GEOVANE","e":"n","st":"","dvt":"V\u00e1lido","vap":"0","pvap":"00.00"},{"seq":"7","sqcand":"30000676677","n":"25","nm":"JOSIEL","cc":"DEM - PDT / PSC / PL / PV / PSDB / PSD / SOLIDARIEDADE / PROS / AVANTE / REPUBLICANOS / PP / DEM","nv":"SILVANA","e":"n","st":"","dvt":"V\u00e1lido","vap":"0","pvap":"00.00"},{"seq":"8","sqcand":"30001204907","n":"19","nm":"PATR\u00cdCIA FERRAZ","cc":"PODE","nv":"TEN JURACI","e":"n","st":"","dvt":"V\u00e1lido","vap":"0","pvap":"00.00"},{"seq":"3","sqcand":"30000747583","n":"23","nm":"DR FURLAN","cc":"CIDADANIA - CIDADANIA / MDB / PMN","nv":"MONICA PENHA","e":"n","st":"","dvt":"V\u00e1lido","vap":"0","pvap":"00.00"},{"seq":"1","sqcand":"30001034733","n":"40","nm":"CAPI","cc":"PSB - REDE / PSB","nv":"RUBEM","e":"n","st":"","dvt":"V\u00e1lido","vap":"0","pvap":"00.00"},{"seq":"6","sqcand":"30000819140","n":"36","nm":"HAROLDO IRAM","cc":"PTC","nv":"MOISES AMARAL","e":"n","st":"","dvt":"V\u00e1lido","vap":"0","pvap":"00.00"},{"seq":"9","sqcand":"30001233942","n":"50","nm":"PAULO LEMOS","cc":"PSOL - PSOL / PC do B","nv":"LORENA QUINTAS","e":"n","st":"","dvt":"V\u00e1lido","vap":"0","pvap":"00.00"},{"seq":"4","sqcand":"30000680372","n":"16","nm":"GIANFRANCO","cc":"PSTU","nv":"JAIRO","e":"n","st":"","dvt":"V\u00e1lido","vap":"0","pvap":"00.00"},{"seq":"5","sqcand":"30001134683","n":"17","nm":"GUARACY","cc":"PSL - PATRIOTA / PSL","nv":"DIDIO","e":"n","st":"","dvt":"Anulado sub judice","vap":"0","pvap":"00.00"}]}
