{"ele":"426","tpabr":"mu","cdabr":"06076","carper":"11","t":"1","f":"o","dt":"15/11/2020","ht":"20:21:38","dv":"s","tf":"s","v":"1","esae":"n","mnae":"","s":"58","st":"58","pst":" 100,00","snt":"0","psnt":"   0,00","si":"58","psi":" 100,00","sni":"0","psni":"   0,00","sa":"58","psa":" 100,00","sna":"0","psna":"   0,00","e":"16178","ea":"16178","pea":" 100,00","ena":"0","pena":"   0,00","esi":"16178","pesi":" 100,00","esni":"0","pesni":"   0,00","c":"13662","pc":"  84,45","a":"2516","pa":"  15,55","vscv":"0","vnom":"13253","pvnom":" 100,00","vvc":"13253","pvvc":"  97,01","vb":"107","pvb":"   0,78","tvn":"302","ptvn":"   2,21","vn":"302","pvn":" 100,00","vnt":"0","pvnt":"   0,00","vp":"0","pvp":"   0,00","vv":"13253","pvv":" 100,00","van":"0","pvan":"   0,00","vansj":"0","pvansj":"   0,00","tv":"13662","cand":[{"seq":"4","sqcand":"30001133566","n":"15","nm":"FRAN JUNIOR","cc":"MDB","nv":"ANG\u00c9LICA","e":"n","st":"N\u00e3o eleito","dvt":"V\u00e1lido","vap":"257","pvap":"   1,94"},{"seq":"6","sqcand":"30001246094","n":"19","nm":"PASTOR JANILSON","cc":"PODE","nv":"GEDEON BAIA","e":"n","st":"N\u00e3o eleito","dvt":"V\u00e1lido","vap":"75","pvap":"   0,57"},{"seq":"3","sqcand":"30000818388","n":"20","nm":"OZEAS TAVARES","cc":"PSC - PSC / PSB","nv":"CORONEL AILTON","e":"n","st":"N\u00e3o eleito","dvt":"V\u00e1lido","vap":"1869","pvap":"  14,10"},{"seq":"1","sqcand":"30001089451","n":"17","nm":"DUD\u00c3O COSTA","cc":"PSL","nv":"PROFESSOR HOSANA","e":"s","st":"Eleito","dvt":"V\u00e1lido","vap":"5781","pvap":"  43,62"},{"seq":"2","sqcand":"30000732583","n":"55","nm":"MARMIT\u00c3O","cc":"PSD - PSD / PP / PT / CIDADANIA / PROS / REPUBLICANOS","nv":"ELSON BARRETO","e":"n","st":"N\u00e3o eleito","dvt":"V\u00e1lido","vap":"5082","pvap":"  38,35"},{"seq":"5","sqcand":"30000723616","n":"70","nm":"BEBEL BRAGA","cc":"AVANTE","nv":"MANELITO","e":"n","st":"N\u00e3o eleito","dvt":"V\u00e1lido","vap":"189","pvap":"   1,43"}]}
