{"ele":"426","tpabr":"mu","cdabr":"06092","carper":"11","t":"1","f":"o","dt":"15/11/2020","ht":"21:00:34","dv":"s","tf":"s","v":"1","esae":"n","mnae":"","s":"67","st":"67","pst":" 100,00","snt":"0","psnt":"   0,00","si":"67","psi":" 100,00","sni":"0","psni":"   0,00","sa":"67","psa":" 100,00","sna":"0","psna":"   0,00","e":"19547","ea":"19547","pea":" 100,00","ena":"0","pena":"   0,00","esi":"19547","pesi":" 100,00","esni":"0","pesni":"   0,00","c":"12067","pc":"  61,73","a":"7480","pa":"  38,27","vscv":"0","vnom":"11510","pvnom":" 100,00","vvc":"11510","pvvc":"  95,38","vb":"146","pvb":"   1,21","tvn":"411","ptvn":"   3,41","vn":"411","pvn":" 100,00","vnt":"0","pvnt":"   0,00","vp":"0","pvp":"   0,00","vv":"11510","pvv":" 100,00","van":"0","pvan":"   0,00","vansj":"0","pvansj":"   0,00","tv":"12067","cand":[{"seq":"4","sqcand":"30001133083","n":"40","nm":"PROF&#186;. LUIZ","cc":"PSB - MDB / CIDADANIA / PSB","nv":"DR\u00aa. ROSI","e":"n","st":"N\u00e3o eleito","dvt":"V\u00e1lido","vap":"1523","pvap":"  13,23"},{"seq":"3","sqcand":"30000818088","n":"55","nm":"ARTUR DO AREAL","cc":"PSD - PSD / REPUBLICANOS","nv":"IOLANDA DA JUMAQ","e":"n","st":"N\u00e3o eleito","dvt":"V\u00e1lido","vap":"2031","pvap":"  17,65"},{"seq":"6","sqcand":"30001223054","n":"19","nm":"MAIK DO ACORDA OIAPOQUE","cc":"PODE - PSOL / PODE","nv":"PROFESSORA SARA","e":"n","st":"N\u00e3o eleito","dvt":"V\u00e1lido","vap":"727","pvap":"   6,32"},{"seq":"5","sqcand":"30001198389","n":"17","nm":"SENA DA DINAMICA","cc":"PSL","nv":"XIMUNE","e":"n","st":"N\u00e3o eleito","dvt":"V\u00e1lido","vap":"1308","pvap":"  11,36"},{"seq":"2","sqcand":"30001198776","n":"45","nm":"MARIA ORLANDA","cc":"PSDB - PDT / PL / AVANTE / PC do B / PSDB / PSC","nv":"PROFESSOR MAURO","e":"n","st":"N\u00e3o eleito","dvt":"V\u00e1lido","vap":"2959","pvap":"  25,71"},{"seq":"1","sqcand":"30001132723","n":"28","nm":"BRENO DO MIGUEL DO POSTO","cc":"PRTB - PRTB / PROS","nv":"CLIMAR FONTINELES","e":"s","st":"Eleito","dvt":"V\u00e1lido","vap":"2962","pvap":"  25,73"}]}
