{"ele":"426","tpabr":"mu","cdabr":"06130","carper":"11","t":"1","f":"o","dt":"15/11/2020","ht":"20:21:03","dv":"s","tf":"s","v":"1","esae":"n","mnae":"","s":"88","st":"88","pst":" 100,00","snt":"0","psnt":"   0,00","si":"88","psi":" 100,00","sni":"0","psni":"   0,00","sa":"88","psa":" 100,00","sna":"0","psna":"   0,00","e":"28372","ea":"28372","pea":" 100,00","ena":"0","pena":"   0,00","esi":"28372","pesi":" 100,00","esni":"0","pesni":"   0,00","c":"20668","pc":"  72,85","a":"7704","pa":"  27,15","vscv":"0","vnom":"19668","pvnom":" 100,00","vvc":"19668","pvvc":"  95,16","vb":"328","pvb":"   1,59","tvn":"672","ptvn":"   3,25","vn":"672","pvn":" 100,00","vnt":"0","pvnt":"   0,00","vp":"0","pvp":"   0,00","vv":"19668","pvv":" 100,00","van":"0","pvan":"   0,00","vansj":"0","pvansj":"   0,00","tv":"20668","cand":[{"seq":"4","sqcand":"30000855733","n":"12","nm":"FIGUEIRA DA DOMESTILAR","cc":"PDT","nv":"FALC\u00c3O","e":"n","st":"N\u00e3o eleito","dvt":"V\u00e1lido","vap":"865","pvap":"   4,40"},{"seq":"1","sqcand":"30000962875","n":"25","nm":"M\u00c1RCIO SERR\u00c3O","cc":"DEM - PSDB / PC do B / PROS / PSD / DEM / PP / REDE / PL","nv":"IRM\u00c3O TADEU","e":"s","st":"Eleito","dvt":"V\u00e1lido","vap":"13111","pvap":"  66,66"},{"seq":"3","sqcand":"30001032853","n":"14","nm":"SERGINHO ABREU","cc":"PTB - PTB / MDB / CIDADANIA","nv":"JUSTO FREITAS","e":"n","st":"N\u00e3o eleito","dvt":"V\u00e1lido","vap":"1130","pvap":"   5,75"},{"seq":"5","sqcand":"30000746933","n":"13","nm":"MANOEL DA CONCEI\u00c7\u00c3O","cc":"PT","nv":"BETO CARIOCA","e":"n","st":"N\u00e3o eleito","dvt":"V\u00e1lido","vap":"562","pvap":"   2,86"},{"seq":"2","sqcand":"30001243351","n":"17","nm":"AYRTON NOBRE","cc":"PSL - PSL / PV / REPUBLICANOS / PSC","nv":"CELIA CARDOSO","e":"n","st":"N\u00e3o eleito","dvt":"V\u00e1lido","vap":"4000","pvap":"  20,34"}]}
