{"ele":"426","tpabr":"mu","cdabr":"07013","carper":"11","t":"1","f":"o","dt":"15/11/2020","ht":"22:01:21","dv":"s","tf":"s","v":"1","esae":"n","mnae":"","s":"20","st":"20","pst":" 100,00","snt":"0","psnt":"   0,00","si":"20","psi":" 100,00","sni":"0","psni":"   0,00","sa":"20","psa":" 100,00","sna":"0","psna":"   0,00","e":"6805","ea":"6805","pea":" 100,00","ena":"0","pena":"   0,00","esi":"6805","pesi":" 100,00","esni":"0","pesni":"   0,00","c":"5686","pc":"  83,56","a":"1119","pa":"  16,44","vscv":"0","vnom":"5525","pvnom":" 100,00","vvc":"5525","pvvc":"  97,17","vb":"25","pvb":"   0,44","tvn":"136","ptvn":"   2,39","vn":"136","pvn":" 100,00","vnt":"0","pvnt":"   0,00","vp":"0","pvp":"   0,00","vv":"5525","pvv":" 100,00","van":"0","pvan":"   0,00","vansj":"0","pvansj":"   0,00","tv":"5686","cand":[{"seq":"3","sqcand":"100000828497","n":"10","nm":"CLAUDIA BACELAR","cc":"REPUBLICANOS","nv":"ARI","e":"n","st":"N\u00e3o eleito","dvt":"V\u00e1lido","vap":"536","pvap":"   9,70"},{"seq":"2","sqcand":"100001047216","n":"90","nm":"FLORIANO","cc":"PROS - PC do B / PROS","nv":"J\u00d4","e":"n","st":"N\u00e3o eleito","dvt":"V\u00e1lido","vap":"2355","pvap":"  42,62"},{"seq":"1","sqcand":"100000830767","n":"12","nm":"ARQUIMEDES BACELAR","cc":"PDT - PDT / PL / PATRIOTA","nv":"PEDRO MEDEIROS","e":"s","st":"Eleito","dvt":"V\u00e1lido","vap":"2634","pvap":"  47,67"}]}
