{"ele":"426","tpabr":"mu","cdabr":"07021","carper":"11","t":"1","f":"o","dt":"15/11/2020","ht":"22:16:36","dv":"s","tf":"s","v":"1","esae":"n","mnae":"","s":"48","st":"48","pst":" 100,00","snt":"0","psnt":"   0,00","si":"48","psi":" 100,00","sni":"0","psni":"   0,00","sa":"48","psa":" 100,00","sna":"0","psna":"   0,00","e":"18561","ea":"18561","pea":" 100,00","ena":"0","pena":"   0,00","esi":"18561","pesi":" 100,00","esni":"0","pesni":"   0,00","c":"14312","pc":"  77,11","a":"4249","pa":"  22,89","vscv":"0","vnom":"13775","pvnom":" 100,00","vvc":"13775","pvvc":"  96,25","vb":"99","pvb":"   0,69","tvn":"438","ptvn":"   3,06","vn":"435","pvn":"  99,32","vnt":"3","pvnt":"   0,68","vp":"0","pvp":"   0,00","vv":"13775","pvv":" 100,00","van":"0","pvan":"   0,00","vansj":"0","pvansj":"   0,00","tv":"14312","cand":[{"seq":"2","sqcand":"100000815958","n":"12","nm":"PAULA NOLETO","cc":"PDT - PDT / DEM / PC do B","nv":"ADRIANO OLIVER","e":"n","st":"N\u00e3o eleito","dvt":"V\u00e1lido","vap":"5824","pvap":"  42,28"},{"seq":"3","sqcand":"100001209210","n":"13","nm":"FRANCISCA DO SINDICATO","cc":"PT","nv":"SILMAR DA CONSTRU\u00c7\u00c3O CIVIL","e":"n","st":"N\u00e3o eleito","dvt":"V\u00e1lido","vap":"352","pvap":"   2,56"},{"seq":"1","sqcand":"100000705207","n":"22","nm":"NILSILENE DO LIORNE","cc":"PL - AVANTE / PL","nv":"TECA","e":"s","st":"Eleito","dvt":"V\u00e1lido","vap":"7594","pvap":"  55,13"},{"seq":"4","sqcand":"100001159384","n":"17","nm":"PEDRO PAULO","cc":"PSL - PSL / PTC","nv":"ANA DALIA","e":"n","st":"N\u00e3o eleito","dvt":"V\u00e1lido","vap":"5","pvap":"   0,04"}]}
