{"ele":"426","tpabr":"mu","cdabr":"07056","carper":"11","t":"1","f":"o","dt":"15/11/2020","ht":"22:35:47","dv":"s","tf":"s","v":"1","esae":"n","mnae":"","s":"58","st":"58","pst":" 100,00","snt":"0","psnt":"   0,00","si":"58","psi":" 100,00","sni":"0","psni":"   0,00","sa":"58","psa":" 100,00","sna":"0","psna":"   0,00","e":"18722","ea":"18722","pea":" 100,00","ena":"0","pena":"   0,00","esi":"18722","pesi":" 100,00","esni":"0","pesni":"   0,00","c":"14444","pc":"  77,15","a":"4278","pa":"  22,85","vscv":"0","vnom":"13676","pvnom":" 100,00","vvc":"13676","pvvc":"  94,68","vb":"133","pvb":"   0,92","tvn":"635","ptvn":"   4,40","vn":"635","pvn":" 100,00","vnt":"0","pvnt":"   0,00","vp":"0","pvp":"   0,00","vv":"13676","pvv":" 100,00","van":"0","pvan":"   0,00","vansj":"0","pvansj":"   0,00","tv":"14444","cand":[{"seq":"4","sqcand":"100000724973","n":"19","nm":"JUNIOR GON\u00c7ALVES","cc":"PODE","nv":"ZILTON","e":"n","st":"N\u00e3o eleito","dvt":"V\u00e1lido","vap":"198","pvap":"   1,45"},{"seq":"1","sqcand":"100001010240","n":"22","nm":"KEDSON","cc":"PL - CIDADANIA / PSC / PL","nv":"MARCIO GA\u00cdDO","e":"s","st":"Eleito","dvt":"V\u00e1lido","vap":"7212","pvap":"  52,73"},{"seq":"2","sqcand":"100000949015","n":"11","nm":"Z\u00c9 REIS","cc":"PP - PC do B / PDT / PSL / REPUBLICANOS / PP","nv":"DR. TINOCO","e":"n","st":"N\u00e3o eleito","dvt":"V\u00e1lido","vap":"5413","pvap":"  39,58"},{"seq":"3","sqcand":"100000847991","n":"40","nm":"ALICE DO SINDICATO","cc":"PSB","nv":"NENOVO","e":"n","st":"N\u00e3o eleito","dvt":"V\u00e1lido","vap":"853","pvap":"   6,24"}]}
