{"ele":"426","tpabr":"mu","cdabr":"07064","carper":"11","t":"1","f":"o","dt":"15/11/2020","ht":"21:37:54","dv":"s","tf":"s","v":"1","esae":"n","mnae":"","s":"38","st":"38","pst":" 100,00","snt":"0","psnt":"   0,00","si":"38","psi":" 100,00","sni":"0","psni":"   0,00","sa":"38","psa":" 100,00","sna":"0","psna":"   0,00","e":"13124","ea":"13124","pea":" 100,00","ena":"0","pena":"   0,00","esi":"13124","pesi":" 100,00","esni":"0","pesni":"   0,00","c":"11144","pc":"  84,91","a":"1980","pa":"  15,09","vscv":"0","vnom":"10968","pvnom":" 100,00","vvc":"10968","pvvc":"  98,42","vb":"38","pvb":"   0,34","tvn":"138","ptvn":"   1,24","vn":"138","pvn":" 100,00","vnt":"0","pvnt":"   0,00","vp":"0","pvp":"   0,00","vv":"10968","pvv":" 100,00","van":"0","pvan":"   0,00","vansj":"0","pvansj":"   0,00","tv":"11144","cand":[{"seq":"4","sqcand":"100001110814","n":"17","nm":"PROFESSOR MAURO","cc":"PSL","nv":"FELIPE LOUZEIRO DA SILVA","e":"n","st":"N\u00e3o eleito","dvt":"V\u00e1lido","vap":"30","pvap":"   0,27"},{"seq":"1","sqcand":"100000737429","n":"20","nm":"ZEQUINHA RIBEIRO","cc":"PSC - REPUBLICANOS / PDT / PSC","nv":"LOURIVAL","e":"s","st":"Eleito","dvt":"V\u00e1lido","vap":"5427","pvap":"  49,48"},{"seq":"3","sqcand":"100000737689","n":"33","nm":"PR Z\u00c9 CARLOS","cc":"PMN","nv":"JORGE MAGNO","e":"n","st":"N\u00e3o eleito","dvt":"V\u00e1lido","vap":"160","pvap":"   1,46"},{"seq":"5","sqcand":"100001113458","n":"77","nm":"DR SANDRO","cc":"SOLIDARIEDADE","nv":"PROFESSOR DENILSON","e":"n","st":"N\u00e3o eleito","dvt":"V\u00e1lido","vap":"15","pvap":"   0,14"},{"seq":"2","sqcand":"100001111407","n":"22","nm":"JADECO","cc":"PL - PL / PSB / PSDB","nv":"OSVALDO SABOIA","e":"n","st":"N\u00e3o eleito","dvt":"V\u00e1lido","vap":"5336","pvap":"  48,65"}]}
