{"ele":"426","tpabr":"mu","cdabr":"07072","carper":"11","t":"1","f":"o","dt":"15/11/2020","ht":"21:58:11","dv":"s","tf":"s","v":"1","esae":"n","mnae":"","s":"16","st":"16","pst":" 100,00","snt":"0","psnt":"   0,00","si":"16","psi":" 100,00","sni":"0","psni":"   0,00","sa":"16","psa":" 100,00","sna":"0","psna":"   0,00","e":"5561","ea":"5561","pea":" 100,00","ena":"0","pena":"   0,00","esi":"5561","pesi":" 100,00","esni":"0","pesni":"   0,00","c":"4574","pc":"  82,25","a":"987","pa":"  17,75","vscv":"0","vnom":"4444","pvnom":" 100,00","vvc":"4444","pvvc":"  97,16","vb":"25","pvb":"   0,54","tvn":"105","ptvn":"   2,30","vn":"105","pvn":" 100,00","vnt":"0","pvnt":"   0,00","vp":"0","pvp":"   0,00","vv":"4444","pvv":" 100,00","van":"0","pvan":"   0,00","vansj":"0","pvansj":"   0,00","tv":"4574","cand":[{"seq":"3","sqcand":"100000884335","n":"65","nm":"ARLEIDE","cc":"PC do B - PATRIOTA / PC do B","nv":"TONY SANTOS","e":"n","st":"N\u00e3o eleito","dvt":"V\u00e1lido","vap":"1210","pvap":"  27,23"},{"seq":"1","sqcand":"100000762465","n":"12","nm":"ILEILDA DO QUEIJO","cc":"PDT - PP / PDT","nv":"LOLA","e":"s","st":"Eleito","dvt":"V\u00e1lido","vap":"1761","pvap":"  39,63"},{"seq":"2","sqcand":"100000754734","n":"22","nm":"MARTON PAGE\u00da","cc":"PL - PSB / PL","nv":"BERTIM","e":"n","st":"N\u00e3o eleito","dvt":"V\u00e1lido","vap":"1473","pvap":"  33,15"}]}
