{"ele":"426","tpabr":"mu","cdabr":"07080","carper":"11","t":"1","f":"o","dt":"15/11/2020","ht":"22:13:06","dv":"s","tf":"s","v":"1","esae":"n","mnae":"","s":"16","st":"16","pst":" 100,00","snt":"0","psnt":"   0,00","si":"16","psi":" 100,00","sni":"0","psni":"   0,00","sa":"16","psa":" 100,00","sna":"0","psna":"   0,00","e":"5799","ea":"5799","pea":" 100,00","ena":"0","pena":"   0,00","esi":"5799","pesi":" 100,00","esni":"0","pesni":"   0,00","c":"4737","pc":"  81,69","a":"1062","pa":"  18,31","vscv":"0","vnom":"4595","pvnom":" 100,00","vvc":"4595","pvvc":"  97,00","vb":"25","pvb":"   0,53","tvn":"117","ptvn":"   2,47","vn":"117","pvn":" 100,00","vnt":"0","pvnt":"   0,00","vp":"0","pvp":"   0,00","vv":"4595","pvv":" 100,00","van":"0","pvan":"   0,00","vansj":"0","pvansj":"   0,00","tv":"4737","cand":[{"seq":"1","sqcand":"100001213805","n":"12","nm":"NELENE GOMES","cc":"PDT - DEM / PSDB / PDT / REPUBLICANOS","nv":"BATISTA","e":"s","st":"Eleito","dvt":"V\u00e1lido","vap":"1693","pvap":"  36,84"},{"seq":"3","sqcand":"100001215632","n":"22","nm":"TATE DO ADEMAR","cc":"PL - PC do B / PL","nv":"NETE","e":"n","st":"N\u00e3o eleito","dvt":"V\u00e1lido","vap":"1324","pvap":"  28,81"},{"seq":"4","sqcand":"100000747740","n":"55","nm":"PARA\u00cdBA","cc":"PSD - PT / PSC / PSD","nv":"ROZA DO COTE","e":"n","st":"N\u00e3o eleito","dvt":"V\u00e1lido","vap":"82","pvap":"   1,78"},{"seq":"2","sqcand":"100000932674","n":"70","nm":"DRA ALINE","cc":"AVANTE - PP / AVANTE","nv":"IRM\u00c3O VALDEMAR","e":"n","st":"N\u00e3o eleito","dvt":"V\u00e1lido","vap":"1496","pvap":"  32,56"}]}
