{"ele":"426","tpabr":"mu","cdabr":"07129","carper":"11","t":"1","f":"o","dt":"15/11/2020","ht":"20:58:59","dv":"s","tf":"s","v":"1","esae":"n","mnae":"","s":"38","st":"38","pst":" 100,00","snt":"0","psnt":"   0,00","si":"38","psi":" 100,00","sni":"0","psni":"   0,00","sa":"38","psa":" 100,00","sna":"0","psna":"   0,00","e":"13552","ea":"13552","pea":" 100,00","ena":"0","pena":"   0,00","esi":"13552","pesi":" 100,00","esni":"0","pesni":"   0,00","c":"12001","pc":"  88,56","a":"1551","pa":"  11,44","vscv":"0","vnom":"11584","pvnom":" 100,00","vvc":"11584","pvvc":"  96,53","vb":"81","pvb":"   0,67","tvn":"336","ptvn":"   2,80","vn":"336","pvn":" 100,00","vnt":"0","pvnt":"   0,00","vp":"0","pvp":"   0,00","vv":"11584","pvv":" 100,00","van":"0","pvan":"   0,00","vansj":"0","pvansj":"   0,00","tv":"12001","cand":[{"seq":"1","sqcand":"100000853922","n":"33","nm":"FERNANDA GONCALO","cc":"PMN - REPUBLICANOS / PSC / PMN / PTC / PSL","nv":"ROMUALDO","e":"s","st":"Eleito","dvt":"V\u00e1lido","vap":"6637","pvap":"  57,29"},{"seq":"2","sqcand":"100001122166","n":"25","nm":"VENANCINHO","cc":"DEM - PL / PSB / PP / DC / PT / PC do B / DEM","nv":"TCHABAL DE LAUZINHO","e":"n","st":"N\u00e3o eleito","dvt":"V\u00e1lido","vap":"4947","pvap":"  42,71"}]}
