{"ele":"426","tpabr":"mu","cdabr":"07145","carper":"11","t":"1","f":"o","dt":"15/11/2020","ht":"21:46:37","dv":"s","tf":"s","v":"1","esae":"n","mnae":"","s":"15","st":"15","pst":" 100,00","snt":"0","psnt":"   0,00","si":"15","psi":" 100,00","sni":"0","psni":"   0,00","sa":"15","psa":" 100,00","sna":"0","psna":"   0,00","e":"5153","ea":"5153","pea":" 100,00","ena":"0","pena":"   0,00","esi":"5153","pesi":" 100,00","esni":"0","pesni":"   0,00","c":"4342","pc":"  84,26","a":"811","pa":"  15,74","vscv":"0","vnom":"4237","pvnom":" 100,00","vvc":"4237","pvvc":"  97,58","vb":"23","pvb":"   0,53","tvn":"82","ptvn":"   1,89","vn":"82","pvn":" 100,00","vnt":"0","pvnt":"   0,00","vp":"0","pvp":"   0,00","vv":"4237","pvv":" 100,00","van":"0","pvan":"   0,00","vansj":"0","pvansj":"   0,00","tv":"4342","cand":[{"seq":"2","sqcand":"100000653249","n":"20","nm":"FREITAS","cc":"PSC - PSC / MDB","nv":"FRANCISCO","e":"n","st":"N\u00e3o eleito","dvt":"V\u00e1lido","vap":"1384","pvap":"  32,66"},{"seq":"4","sqcand":"100000666731","n":"77","nm":"OZANA","cc":"SOLIDARIEDADE","nv":"MARCOS MARANH\u00c3O","e":"n","st":"N\u00e3o eleito","dvt":"V\u00e1lido","vap":"216","pvap":"   5,10"},{"seq":"1","sqcand":"100000722607","n":"55","nm":"LETICIA DE SIBA","cc":"PSD - PL / PSD","nv":"IRM\u00c3O GENIVALDO","e":"s","st":"Eleito","dvt":"V\u00e1lido","vap":"1709","pvap":"  40,34"},{"seq":"3","sqcand":"100000657112","n":"40","nm":"ANTONIO CARLOS","cc":"PSB - PSB / PC do B","nv":"J CAMARA","e":"n","st":"N\u00e3o eleito","dvt":"V\u00e1lido","vap":"928","pvap":"  21,90"}]}
