{"ele":"426","tpabr":"mu","cdabr":"07153","carper":"11","t":"1","f":"o","dt":"15/11/2020","ht":"22:12:59","dv":"s","tf":"s","v":"1","esae":"n","mnae":"","s":"42","st":"42","pst":" 100,00","snt":"0","psnt":"   0,00","si":"42","psi":" 100,00","sni":"0","psni":"   0,00","sa":"42","psa":" 100,00","sna":"0","psna":"   0,00","e":"13895","ea":"13895","pea":" 100,00","ena":"0","pena":"   0,00","esi":"13895","pesi":" 100,00","esni":"0","pesni":"   0,00","c":"12110","pc":"  87,15","a":"1785","pa":"  12,85","vscv":"0","vnom":"11518","pvnom":" 100,00","vvc":"11518","pvvc":"  95,11","vb":"126","pvb":"   1,04","tvn":"466","ptvn":"   3,85","vn":"466","pvn":" 100,00","vnt":"0","pvnt":"   0,00","vp":"0","pvp":"   0,00","vv":"11518","pvv":" 100,00","van":"0","pvan":"   0,00","vansj":"0","pvansj":"   0,00","tv":"12110","cand":[{"seq":"1","sqcand":"100000746917","n":"65","nm":"PROFESSORA VANDERLY","cc":"PC do B - PC do B / REPUBLICANOS","nv":"LUCIA SALUTINO","e":"s","st":"Eleito","dvt":"V\u00e1lido","vap":"6640","pvap":"  57,65"},{"seq":"2","sqcand":"100000927253","n":"55","nm":"JULIO CESAR","cc":"PSD - PL / PSDB / PATRIOTA / PSD","nv":"JULIO NETO","e":"n","st":"N\u00e3o eleito","dvt":"V\u00e1lido","vap":"4865","pvap":"  42,24"},{"seq":"3","sqcand":"100000822210","n":"17","nm":"PASCOAL CEDRAZ","cc":"PSL","nv":"RONAN RODRIGUES","e":"n","st":"N\u00e3o eleito","dvt":"V\u00e1lido","vap":"13","pvap":"   0,11"}]}
