{"ele":"426","tpabr":"mu","cdabr":"07161","carper":"11","t":"1","f":"o","dt":"15/11/2020","ht":"23:11:56","dv":"s","tf":"s","v":"1","esae":"n","mnae":"","s":"18","st":"18","pst":" 100,00","snt":"0","psnt":"   0,00","si":"18","psi":" 100,00","sni":"0","psni":"   0,00","sa":"18","psa":" 100,00","sna":"0","psna":"   0,00","e":"6452","ea":"6452","pea":" 100,00","ena":"0","pena":"   0,00","esi":"6452","pesi":" 100,00","esni":"0","pesni":"   0,00","c":"5927","pc":"  91,86","a":"525","pa":"   8,14","vscv":"0","vnom":"5656","pvnom":" 100,00","vvc":"5656","pvvc":"  95,43","vb":"35","pvb":"   0,59","tvn":"236","ptvn":"   3,98","vn":"236","pvn":" 100,00","vnt":"0","pvnt":"   0,00","vp":"0","pvp":"   0,00","vv":"5656","pvv":" 100,00","van":"0","pvan":"   0,00","vansj":"0","pvansj":"   0,00","tv":"5927","cand":[{"seq":"3","sqcand":"100001052093","n":"22","nm":"DR EDUARDO","cc":"PL","nv":"IRM\u00c3O JEOV\u00c1","e":"n","st":"N\u00e3o eleito","dvt":"V\u00e1lido","vap":"16","pvap":"   0,28"},{"seq":"1","sqcand":"100000745100","n":"20","nm":"HERLON COSTA","cc":"PSC - PSC / PDT","nv":"N\u00d3RTON","e":"s","st":"Eleito","dvt":"V\u00e1lido","vap":"3473","pvap":"  61,40"},{"seq":"2","sqcand":"100000756373","n":"65","nm":"ELIZETE DA COL\u00d4NIA","cc":"PC do B","nv":"LAZARO","e":"n","st":"N\u00e3o eleito","dvt":"V\u00e1lido","vap":"2167","pvap":"  38,31"}]}
