{"ele":"426","tpabr":"mu","cdabr":"07170","carper":"11","t":"1","f":"o","dt":"15/11/2020","ht":"21:51:29","dv":"s","tf":"s","v":"1","esae":"n","mnae":"","s":"102","st":"102","pst":" 100,00","snt":"0","psnt":"   0,00","si":"102","psi":" 100,00","sni":"0","psni":"   0,00","sa":"102","psa":" 100,00","sna":"0","psna":"   0,00","e":"33562","ea":"33562","pea":" 100,00","ena":"0","pena":"   0,00","esi":"33562","pesi":" 100,00","esni":"0","pesni":"   0,00","c":"25272","pc":"  75,30","a":"8290","pa":"  24,70","vscv":"0","vnom":"24102","pvnom":" 100,00","vvc":"24102","pvvc":"  95,37","vb":"343","pvb":"   1,36","tvn":"827","ptvn":"   3,27","vn":"827","pvn":" 100,00","vnt":"0","pvnt":"   0,00","vp":"0","pvp":"   0,00","vv":"24102","pvv":" 100,00","van":"0","pvan":"   0,00","vansj":"0","pvansj":"   0,00","tv":"25272","cand":[{"seq":"10","sqcand":"100000917743","n":"40","nm":"BADUEL SILVA","cc":"PSB","nv":"JOSE ORLANDO","e":"n","st":"N\u00e3o eleito","dvt":"V\u00e1lido","vap":"89","pvap":"   0,37"},{"seq":"6","sqcand":"100000764026","n":"19","nm":"MANOEL DA POLO","cc":"PODE","nv":"IRM\u00c2 CONCEI\u00c7\u00c3O","e":"n","st":"N\u00e3o eleito","dvt":"V\u00e1lido","vap":"675","pvap":"   2,80"},{"seq":"7","sqcand":"100001074661","n":"20","nm":"DR  CRISTINO","cc":"PSC","nv":"IRM\u00c3O ABRA\u00c3O","e":"n","st":"N\u00e3o eleito","dvt":"V\u00e1lido","vap":"614","pvap":"   2,55"},{"seq":"8","sqcand":"100001218352","n":"18","nm":"SEBASTI\u00c3O DA COL\u00d4NIA","cc":"REDE","nv":"ALBERTINA DA BARREIRINHAS","e":"n","st":"N\u00e3o eleito","dvt":"V\u00e1lido","vap":"378","pvap":"   1,57"},{"seq":"3","sqcand":"100001039114","n":"77","nm":"MONHATA","cc":"SOLIDARIEDADE - DEM / SOLIDARIEDADE","nv":"DADA COUTINHO","e":"n","st":"N\u00e3o eleito","dvt":"V\u00e1lido","vap":"3936","pvap":"  16,33"},{"seq":"5","sqcand":"100000830249","n":"15","nm":"MANO GON\u00c7AL","cc":"MDB","nv":"GILVAN BRAGA","e":"n","st":"N\u00e3o eleito","dvt":"V\u00e1lido","vap":"771","pvap":"   3,20"},{"seq":"2","sqcand":"100000830504","n":"22","nm":"VALERIA DO MANIM","cc":"PL - PL / PSDB","nv":"WELITON DO POSTO","e":"n","st":"N\u00e3o eleito","dvt":"V\u00e1lido","vap":"7545","pvap":"  31,30"},{"seq":"4","sqcand":"100001218396","n":"10","nm":"JACIRA PIRES","cc":"REPUBLICANOS - REPUBLICANOS / PTB","nv":"CLAUDER MACHADO","e":"n","st":"N\u00e3o eleito","dvt":"V\u00e1lido","vap":"2016","pvap":"   8,36"},{"seq":"9","sqcand":"100000633324","n":"23","nm":"DR LEONEL","cc":"CIDADANIA","nv":"PROFESSOR PEDRO","e":"n","st":"N\u00e3o eleito","dvt":"V\u00e1lido","vap":"256","pvap":"   1,06"},{"seq":"11","sqcand":"100000642189","n":"28","nm":"CHICO AIRTON","cc":"PRTB","nv":"ROSA OLIVEIRA","e":"n","st":"N\u00e3o eleito","dvt":"V\u00e1lido","vap":"21","pvap":"   0,09"},{"seq":"1","sqcand":"100001219087","n":"65","nm":"LUCIANA TRINTA","cc":"PC do B - PT / PC do B / PSL / PROS","nv":"BBA","e":"s","st":"Eleito","dvt":"V\u00e1lido","vap":"7801","pvap":"  32,37"}]}
