{"ele":"426","tpabr":"mu","cdabr":"07188","carper":"11","t":"1","f":"o","dt":"15/11/2020","ht":"22:40:11","dv":"s","tf":"s","v":"1","esae":"n","mnae":"","s":"26","st":"26","pst":" 100,00","snt":"0","psnt":"   0,00","si":"26","psi":" 100,00","sni":"0","psni":"   0,00","sa":"26","psa":" 100,00","sna":"0","psna":"   0,00","e":"9892","ea":"9892","pea":" 100,00","ena":"0","pena":"   0,00","esi":"9892","pesi":" 100,00","esni":"0","pesni":"   0,00","c":"7689","pc":"  77,73","a":"2203","pa":"  22,27","vscv":"0","vnom":"7264","pvnom":" 100,00","vvc":"7264","pvvc":"  94,47","vb":"172","pvb":"   2,24","tvn":"253","ptvn":"   3,29","vn":"253","pvn":" 100,00","vnt":"0","pvnt":"   0,00","vp":"0","pvp":"   0,00","vv":"7264","pvv":" 100,00","van":"0","pvan":"   0,00","vansj":"0","pvansj":"   0,00","tv":"7689","cand":[{"seq":"1","sqcand":"100000735833","n":"22","nm":"AUGUSTO FILHO","cc":"PL - PSDB / PL","nv":"JOSIEL DO POSTO","e":"s","st":"Eleito","dvt":"V\u00e1lido","vap":"5301","pvap":"  72,98"},{"seq":"2","sqcand":"100000735830","n":"40","nm":"SALES","cc":"PSB","nv":"NATAL DA CURVA","e":"n","st":"N\u00e3o eleito","dvt":"V\u00e1lido","vap":"1290","pvap":"  17,76"},{"seq":"3","sqcand":"100000735876","n":"65","nm":"VALDINAR LIMA","cc":"PC do B - PSC / PC do B","nv":"LOIDE","e":"n","st":"N\u00e3o eleito","dvt":"V\u00e1lido","vap":"673","pvap":"   9,26"}]}
