{"ele":"426","tpabr":"mu","cdabr":"07196","carper":"11","t":"1","f":"o","dt":"15/11/2020","ht":"21:26:35","dv":"s","tf":"s","v":"1","esae":"n","mnae":"","s":"69","st":"69","pst":" 100,00","snt":"0","psnt":"   0,00","si":"69","psi":" 100,00","sni":"0","psni":"   0,00","sa":"69","psa":" 100,00","sna":"0","psna":"   0,00","e":"23655","ea":"23655","pea":" 100,00","ena":"0","pena":"   0,00","esi":"23655","pesi":" 100,00","esni":"0","pesni":"   0,00","c":"17950","pc":"  75,88","a":"5705","pa":"  24,12","vscv":"0","vnom":"17040","pvnom":" 100,00","vvc":"17040","pvvc":"  94,93","vb":"253","pvb":"   1,41","tvn":"657","ptvn":"   3,66","vn":"657","pvn":" 100,00","vnt":"0","pvnt":"   0,00","vp":"0","pvp":"   0,00","vv":"17040","pvv":" 100,00","van":"0","pvan":"   0,00","vansj":"0","pvansj":"   0,00","tv":"17950","cand":[{"seq":"3","sqcand":"100001070107","n":"13","nm":"ALVARO JARDIM","cc":"PT - PT / PDT / PATRIOTA","nv":"CAF\u00c9ZINHO","e":"n","st":"N\u00e3o eleito","dvt":"V\u00e1lido","vap":"811","pvap":"   4,76"},{"seq":"1","sqcand":"100001067183","n":"14","nm":"RUI FILHO","cc":"PTB - PSD / REPUBLICANOS / PTB / SOLIDARIEDADE / PSDB / DEM","nv":"EL SHADAY","e":"s","st":"Eleito","dvt":"V\u00e1lido","vap":"8946","pvap":"  52,50"},{"seq":"2","sqcand":"100001146510","n":"15","nm":"SIMPLESMENTE MARIA","cc":"MDB - MDB / PSC / PODE","nv":"FARIAS","e":"n","st":"N\u00e3o eleito","dvt":"V\u00e1lido","vap":"7283","pvap":"  42,74"}]}
