{"ele":"426","tpabr":"mu","cdabr":"07200","carper":"11","t":"1","f":"o","dt":"15/11/2020","ht":"21:44:11","dv":"s","tf":"s","v":"1","esae":"n","mnae":"","s":"16","st":"16","pst":" 100,00","snt":"0","psnt":"   0,00","si":"16","psi":" 100,00","sni":"0","psni":"   0,00","sa":"16","psa":" 100,00","sna":"0","psna":"   0,00","e":"5234","ea":"5234","pea":" 100,00","ena":"0","pena":"   0,00","esi":"5234","pesi":" 100,00","esni":"0","pesni":"   0,00","c":"4262","pc":"  81,43","a":"972","pa":"  18,57","vscv":"0","vnom":"4096","pvnom":" 100,00","vvc":"4096","pvvc":"  96,11","vb":"42","pvb":"   0,98","tvn":"124","ptvn":"   2,91","vn":"124","pvn":" 100,00","vnt":"0","pvnt":"   0,00","vp":"0","pvp":"   0,00","vv":"4096","pvv":" 100,00","van":"0","pvan":"   0,00","vansj":"0","pvansj":"   0,00","tv":"4262","cand":[{"seq":"2","sqcand":"100000733686","n":"13","nm":"LEIA PEREIRA","cc":"PT","nv":"JEANE DO MICA","e":"n","st":"N\u00e3o eleito","dvt":"V\u00e1lido","vap":"1074","pvap":"  26,22"},{"seq":"1","sqcand":"100001040835","n":"12","nm":"JUNIOR XAVIER","cc":"PDT - PC do B / PDT","nv":"ISAQUE PEREIRA","e":"s","st":"Eleito","dvt":"V\u00e1lido","vap":"3022","pvap":"  73,78"}]}
