{"ele":"426","tpabr":"mu","cdabr":"07218","carper":"11","t":"1","f":"o","dt":"15/11/2020","ht":"21:27:11","dv":"s","tf":"s","v":"1","esae":"n","mnae":"","s":"27","st":"27","pst":" 100,00","snt":"0","psnt":"   0,00","si":"27","psi":" 100,00","sni":"0","psni":"   0,00","sa":"27","psa":" 100,00","sna":"0","psna":"   0,00","e":"9019","ea":"9019","pea":" 100,00","ena":"0","pena":"   0,00","esi":"9019","pesi":" 100,00","esni":"0","pesni":"   0,00","c":"8297","pc":"  91,99","a":"722","pa":"   8,01","vscv":"0","vnom":"8074","pvnom":" 100,00","vvc":"8074","pvvc":"  97,31","vb":"74","pvb":"   0,89","tvn":"149","ptvn":"   1,80","vn":"149","pvn":" 100,00","vnt":"0","pvnt":"   0,00","vp":"0","pvp":"   0,00","vv":"8074","pvv":" 100,00","van":"0","pvan":"   0,00","vansj":"0","pvansj":"   0,00","tv":"8297","cand":[{"seq":"4","sqcand":"100001064335","n":"90","nm":"PROFESSORA L\u00c9A","cc":"PROS","nv":"VANDERLEY GOMES","e":"n","st":"N\u00e3o eleito","dvt":"V\u00e1lido","vap":"132","pvap":"   1,63"},{"seq":"2","sqcand":"100001183799","n":"15","nm":"ROBERTA","cc":"MDB - MDB / REPUBLICANOS","nv":"CARLOS ROCHA","e":"n","st":"N\u00e3o eleito","dvt":"V\u00e1lido","vap":"3353","pvap":"  41,53"},{"seq":"1","sqcand":"100001181676","n":"12","nm":"SONIA CAMPOS","cc":"PDT - PDT / PSD","nv":"L\u00c9O DE RUY VAZ","e":"s","st":"Eleito","dvt":"V\u00e1lido","vap":"3593","pvap":"  44,50"},{"seq":"5","sqcand":"100001057293","n":"22","nm":"LUIS CARLOS GALLO ","cc":"PL","nv":"JOAS CRUZ","e":"n","st":"N\u00e3o eleito","dvt":"V\u00e1lido","vap":"131","pvap":"   1,62"},{"seq":"3","sqcand":"100001057869","n":"11","nm":"JHONATAN","cc":"PP - PP / PSDB","nv":"BIBI LEAL","e":"n","st":"N\u00e3o eleito","dvt":"V\u00e1lido","vap":"865","pvap":"  10,71"}]}
