{"ele":"426","tpabr":"mu","cdabr":"07234","carper":"11","t":"1","f":"o","dt":"15/11/2020","ht":"21:45:58","dv":"s","tf":"s","v":"1","esae":"n","mnae":"","s":"184","st":"184","pst":" 100,00","snt":"0","psnt":"   0,00","si":"184","psi":" 100,00","sni":"0","psni":"   0,00","sa":"184","psa":" 100,00","sna":"0","psna":"   0,00","e":"61894","ea":"61894","pea":" 100,00","ena":"0","pena":"   0,00","esi":"61894","pesi":" 100,00","esni":"0","pesni":"   0,00","c":"51225","pc":"  82,76","a":"10669","pa":"  17,24","vscv":"0","vnom":"48067","pvnom":" 100,00","vvc":"48067","pvvc":"  93,84","vb":"1205","pvb":"   2,35","tvn":"1953","ptvn":"   3,81","vn":"1953","pvn":" 100,00","vnt":"0","pvnt":"   0,00","vp":"0","pvp":"   0,00","vv":"48067","pvv":" 100,00","van":"0","pvan":"   0,00","vansj":"0","pvansj":"   0,00","tv":"51225","cand":[{"seq":"3","sqcand":"100000872781","n":"17","nm":"LEYNHA OLIVEIRA","cc":"PSL - PSL / PMN","nv":"MARCELO CASSIANO","e":"n","st":"N\u00e3o eleito","dvt":"V\u00e1lido","vap":"1348","pvap":"   2,80"},{"seq":"6","sqcand":"100001203919","n":"27","nm":"JANSEN PENHA","cc":"DC","nv":"SOCORRINHA","e":"n","st":"N\u00e3o eleito","dvt":"V\u00e1lido","vap":"300","pvap":"   0,62"},{"seq":"5","sqcand":"100001204703","n":"45","nm":"DR LINALDO ALBINO","cc":"PSDB - PSDB / PATRIOTA","nv":"FATIMA VIEIRA","e":"n","st":"N\u00e3o eleito","dvt":"V\u00e1lido","vap":"519","pvap":"   1,08"},{"seq":"2","sqcand":"100000725364","n":"77","nm":"EXPEDITO JUNIOR","cc":"SOLIDARIEDADE - DEM / PC do B / REPUBLICANOS / SOLIDARIEDADE / PROS","nv":"CORONEL EG\u00cdDIO","e":"n","st":"N\u00e3o eleito","dvt":"V\u00e1lido","vap":"18641","pvap":"  38,78"},{"seq":"1","sqcand":"100000872579","n":"12","nm":"EDVAN BRANDAO","cc":"PDT - PDT / MDB / PSC / PT / PP / PL","nv":"GRACIETE LISBOA","e":"s","st":"Eleito","dvt":"V\u00e1lido","vap":"26446","pvap":"  55,02"},{"seq":"4","sqcand":"100000671738","n":"19","nm":"BENTO VIEIRA","cc":"PODE","nv":"ILSON SANTOS","e":"n","st":"N\u00e3o eleito","dvt":"V\u00e1lido","vap":"519","pvap":"   1,08"},{"seq":"7","sqcand":"100001040780","n":"50","nm":"BARTOLOMEU DOS SANTOS","cc":"PSOL - PSB / PSOL","nv":"WELYSON LIMA","e":"n","st":"N\u00e3o eleito","dvt":"V\u00e1lido","vap":"294","pvap":"   0,61"}]}
