{"ele":"426","tpabr":"mu","cdabr":"07242","carper":"11","t":"1","f":"o","dt":"15/11/2020","ht":"22:04:39","dv":"s","tf":"s","v":"1","esae":"n","mnae":"","s":"31","st":"31","pst":" 100,00","snt":"0","psnt":"   0,00","si":"31","psi":" 100,00","sni":"0","psni":"   0,00","sa":"31","psa":" 100,00","sna":"0","psna":"   0,00","e":"12185","ea":"12185","pea":" 100,00","ena":"0","pena":"   0,00","esi":"12185","pesi":" 100,00","esni":"0","pesni":"   0,00","c":"9436","pc":"  77,44","a":"2749","pa":"  22,56","vscv":"0","vnom":"9128","pvnom":" 100,00","vvc":"9128","pvvc":"  96,74","vb":"98","pvb":"   1,03","tvn":"210","ptvn":"   2,23","vn":"210","pvn":" 100,00","vnt":"0","pvnt":"   0,00","vp":"0","pvp":"   0,00","vv":"9128","pvv":" 100,00","van":"0","pvan":"   0,00","vansj":"0","pvansj":"   0,00","tv":"9436","cand":[{"seq":"2","sqcand":"100000974866","n":"12","nm":"Z\u00c9 PEQUENO","cc":"PDT - PP / PDT / PATRIOTA","nv":"DR LOURIVAL","e":"n","st":"N\u00e3o eleito","dvt":"V\u00e1lido","vap":"2704","pvap":"  29,62"},{"seq":"1","sqcand":"100001047211","n":"70","nm":"RAIMUNDO COQUINHO,","cc":"AVANTE - AVANTE / PC do B / PSC / PMB","nv":"LUCAS PAIVA","e":"s","st":"Eleito","dvt":"V\u00e1lido","vap":"2951","pvap":"  32,33"},{"seq":"4","sqcand":"100000975131","n":"17","nm":"ANDRE DULAR","cc":"PSL","nv":"PINACA","e":"n","st":"N\u00e3o eleito","dvt":"V\u00e1lido","vap":"843","pvap":"   9,24"},{"seq":"5","sqcand":"100000976285","n":"55","nm":"JULIMAR","cc":"PSD","nv":"ELIZETE","e":"n","st":"N\u00e3o eleito","dvt":"V\u00e1lido","vap":"221","pvap":"   2,42"},{"seq":"3","sqcand":"100000973965","n":"10","nm":"DR ASSIS OLIVEIRA","cc":"REPUBLICANOS - REPUBLICANOS / PTB","nv":"PR. TIMOTEO CAMPOS","e":"n","st":"N\u00e3o eleito","dvt":"V\u00e1lido","vap":"2409","pvap":"  26,39"}]}
