{"ele":"426","tpabr":"mu","cdabr":"07250","carper":"11","t":"1","f":"o","dt":"15/11/2020","ht":"20:23:43","dv":"s","tf":"s","v":"1","esae":"s","mnae":"Candidato com maior vota\u00e7\u00e3o nominal anulada ou anulada sub judice.","s":"45","st":"45","pst":" 100,00","snt":"0","psnt":"   0,00","si":"45","psi":" 100,00","sni":"0","psni":"   0,00","sa":"45","psa":" 100,00","sna":"0","psna":"   0,00","e":"13977","ea":"13977","pea":" 100,00","ena":"0","pena":"   0,00","esi":"13977","pesi":" 100,00","esni":"0","pesni":"   0,00","c":"11087","pc":"  79,32","a":"2890","pa":"  20,68","vscv":"0","vnom":"6187","pvnom":" 100,00","vvc":"10714","pvvc":"  96,64","vb":"86","pvb":"   0,77","tvn":"287","ptvn":"   2,59","vn":"287","pvn":" 100,00","vnt":"0","pvnt":"   0,00","vp":"0","pvp":"   0,00","vv":"6187","pvv":"  57,75","van":"0","pvan":"   0,00","vansj":"4527","pvansj":"  42,25","tv":"11087","cand":[{"seq":"3","sqcand":"100000772982","n":"65","nm":"NEUTON DA HORA","cc":"PC do B - PT / PC do B","nv":"LOURO","e":"n","st":"N\u00e3o eleito","dvt":"V\u00e1lido","vap":"2433","pvap":"  22,71"},{"seq":"1","sqcand":"100001217031","n":"20","nm":"DR WASHINGTON","cc":"PSC - PSC / PSDB / REPUBLICANOS / PDT","nv":"JOVAN","e":"n","st":"N\u00e3o eleito","dvt":"Anulado sub judice","vap":"4527","pvap":"  42,25"},{"seq":"2","sqcand":"100000639729","n":"22","nm":"MARCIO HOMINHO","cc":"PL - PL / PSD","nv":"JUNIOR TROPICAL","e":"n","st":"N\u00e3o eleito","dvt":"V\u00e1lido","vap":"3754","pvap":"  35,04"}]}
