{"ele":"426","tpabr":"mu","cdabr":"07285","carper":"11","t":"1","f":"o","dt":"15/11/2020","ht":"22:45:38","dv":"s","tf":"s","v":"1","esae":"n","mnae":"","s":"35","st":"35","pst":" 100,00","snt":"0","psnt":"   0,00","si":"35","psi":" 100,00","sni":"0","psni":"   0,00","sa":"35","psa":" 100,00","sna":"0","psna":"   0,00","e":"10105","ea":"10105","pea":" 100,00","ena":"0","pena":"   0,00","esi":"10105","pesi":" 100,00","esni":"0","pesni":"   0,00","c":"8758","pc":"  86,67","a":"1347","pa":"  13,33","vscv":"0","vnom":"8412","pvnom":" 100,00","vvc":"8412","pvvc":"  96,05","vb":"54","pvb":"   0,62","tvn":"292","ptvn":"   3,33","vn":"292","pvn":" 100,00","vnt":"0","pvnt":"   0,00","vp":"0","pvp":"   0,00","vv":"8412","pvv":" 100,00","van":"0","pvan":"   0,00","vansj":"0","pvansj":"   0,00","tv":"8758","cand":[{"seq":"3","sqcand":"100000644727","n":"13","nm":"AMADEU FEREIRA DOS SANTOS","cc":"PT","nv":"REGINALDO DA COSTA","e":"n","st":"N\u00e3o eleito","dvt":"V\u00e1lido","vap":"29","pvap":"   0,34"},{"seq":"4","sqcand":"100001190322","n":"17","nm":"EDUARDO SHURA","cc":"PSL","nv":"LUCAS ALEXANDRE","e":"n","st":"N\u00e3o eleito","dvt":"V\u00e1lido","vap":"3","pvap":"   0,04"},{"seq":"2","sqcand":"100000826643","n":"45","nm":"LUCIENE COSTA","cc":"PSDB - REPUBLICANOS / PL / PSDB","nv":"ICLEIA MIRANDA","e":"n","st":"N\u00e3o eleito","dvt":"V\u00e1lido","vap":"3457","pvap":"  41,10"},{"seq":"1","sqcand":"100000761760","n":"65","nm":"MARLENE MIRANDA","cc":"PC do B - DEM / PC do B","nv":"IRM\u00c3 ROSINHA","e":"s","st":"Eleito","dvt":"V\u00e1lido","vap":"4923","pvap":"  58,52"}]}
