{"ele":"426","tpabr":"mu","cdabr":"07293","carper":"11","t":"1","f":"o","dt":"15/11/2020","ht":"22:02:27","dv":"s","tf":"s","v":"1","esae":"n","mnae":"","s":"42","st":"42","pst":" 100,00","snt":"0","psnt":"   0,00","si":"42","psi":" 100,00","sni":"0","psni":"   0,00","sa":"42","psa":" 100,00","sna":"0","psna":"   0,00","e":"14386","ea":"14386","pea":" 100,00","ena":"0","pena":"   0,00","esi":"14386","pesi":" 100,00","esni":"0","pesni":"   0,00","c":"11783","pc":"  81,91","a":"2603","pa":"  18,09","vscv":"0","vnom":"11202","pvnom":" 100,00","vvc":"11202","pvvc":"  95,07","vb":"96","pvb":"   0,81","tvn":"485","ptvn":"   4,12","vn":"485","pvn":" 100,00","vnt":"0","pvnt":"   0,00","vp":"0","pvp":"   0,00","vv":"11202","pvv":" 100,00","van":"0","pvan":"   0,00","vansj":"0","pvansj":"   0,00","tv":"11783","cand":[{"seq":"2","sqcand":"100000980122","n":"14","nm":"ANTONIO CARLOS RESENDE","cc":"PTB - PTB / PC do B","nv":"EDILSON DA VARGINHA","e":"n","st":"N\u00e3o eleito","dvt":"V\u00e1lido","vap":"5331","pvap":"  47,59"},{"seq":"1","sqcand":"100000979415","n":"55","nm":"CLAUDIM\u00ca","cc":"PSD - REPUBLICANOS / PSD / PT","nv":"PEDRO DO BONECO","e":"s","st":"Eleito","dvt":"V\u00e1lido","vap":"5662","pvap":"  50,54"},{"seq":"3","sqcand":"100000979844","n":"50","nm":"B\u00caDA","cc":"PSOL","nv":"AMAURY MORAIS","e":"n","st":"N\u00e3o eleito","dvt":"V\u00e1lido","vap":"209","pvap":"   1,87"}]}
