{"ele":"426","tpabr":"mu","cdabr":"07307","carper":"11","t":"1","f":"o","dt":"15/11/2020","ht":"21:54:10","dv":"s","tf":"s","v":"1","esae":"n","mnae":"","s":"27","st":"27","pst":" 100,00","snt":"0","psnt":"   0,00","si":"27","psi":" 100,00","sni":"0","psni":"   0,00","sa":"27","psa":" 100,00","sna":"0","psna":"   0,00","e":"7621","ea":"7621","pea":" 100,00","ena":"0","pena":"   0,00","esi":"7621","pesi":" 100,00","esni":"0","pesni":"   0,00","c":"6289","pc":"  82,52","a":"1332","pa":"  17,48","vscv":"0","vnom":"6029","pvnom":" 100,00","vvc":"6029","pvvc":"  95,87","vb":"27","pvb":"   0,43","tvn":"233","ptvn":"   3,70","vn":"233","pvn":" 100,00","vnt":"0","pvnt":"   0,00","vp":"0","pvp":"   0,00","vv":"6029","pvv":" 100,00","van":"0","pvan":"   0,00","vansj":"0","pvansj":"   0,00","tv":"6289","cand":[{"seq":"1","sqcand":"100000689343","n":"25","nm":"CHICO EDUARDO","cc":"DEM - DEM / REPUBLICANOS","nv":"EMILIO REIS","e":"s","st":"Eleito","dvt":"V\u00e1lido","vap":"3311","pvap":"  54,92"},{"seq":"2","sqcand":"100000633416","n":"51","nm":"GEYSE DO BALCEIRO","cc":"PATRIOTA - PODE / PL / PATRIOTA","nv":"SIMONE DO ERALDO","e":"n","st":"N\u00e3o eleito","dvt":"V\u00e1lido","vap":"2718","pvap":"  45,08"}]}
