{"ele":"426","tpabr":"mu","cdabr":"07331","carper":"11","t":"1","f":"o","dt":"15/11/2020","ht":"22:13:56","dv":"s","tf":"s","v":"1","esae":"n","mnae":"","s":"152","st":"152","pst":" 100,00","snt":"0","psnt":"   0,00","si":"152","psi":" 100,00","sni":"0","psni":"   0,00","sa":"152","psa":" 100,00","sna":"0","psna":"   0,00","e":"40911","ea":"40911","pea":" 100,00","ena":"0","pena":"   0,00","esi":"40911","pesi":" 100,00","esni":"0","pesni":"   0,00","c":"35954","pc":"  87,88","a":"4957","pa":"  12,12","vscv":"0","vnom":"34322","pvnom":" 100,00","vvc":"34322","pvvc":"  95,46","vb":"335","pvb":"   0,93","tvn":"1297","ptvn":"   3,61","vn":"1297","pvn":" 100,00","vnt":"0","pvnt":"   0,00","vp":"0","pvp":"   0,00","vv":"34322","pvv":" 100,00","van":"0","pvan":"   0,00","vansj":"0","pvansj":"   0,00","tv":"35954","cand":[{"seq":"3","sqcand":"100001241876","n":"36","nm":"JOAB","cc":"PTC","nv":"SANDRA","e":"n","st":"N\u00e3o eleito","dvt":"V\u00e1lido","vap":"897","pvap":"   2,61"},{"seq":"2","sqcand":"100001104418","n":"20","nm":"L\u00c8O COSTA","cc":"PSC - PSC / PODE","nv":"SOCORRO ITAPARY","e":"n","st":"N\u00e3o eleito","dvt":"V\u00e1lido","vap":"12727","pvap":"  37,08"},{"seq":"5","sqcand":"100000930395","n":"17","nm":"WASHINGTON LUIZ","cc":"PSL","nv":"ANA MARIA ","e":"n","st":"N\u00e3o eleito","dvt":"V\u00e1lido","vap":"15","pvap":"   0,04"},{"seq":"4","sqcand":"100001185456","n":"28","nm":"CELSINHO RODRIGUES","cc":"PRTB","nv":"PROFESSOR JO\u00c3O","e":"n","st":"N\u00e3o eleito","dvt":"V\u00e1lido","vap":"370","pvap":"   1,08"},{"seq":"1","sqcand":"100001041377","n":"65","nm":"DR AM\u00cdLCAR","cc":"PC do B - REPUBLICANOS / CIDADANIA / PDT / PC do B / PL","nv":"ANTONIO DIRETOR","e":"s","st":"Eleito","dvt":"V\u00e1lido","vap":"20313","pvap":"  59,18"}]}
