{"ele":"426","tpabr":"mu","cdabr":"07340","carper":"11","t":"1","f":"o","dt":"16/11/2020","ht":"02:12:59","dv":"s","tf":"s","v":"1","esae":"n","mnae":"","s":"126","st":"126","pst":" 100,00","snt":"0","psnt":"   0,00","si":"126","psi":" 100,00","sni":"0","psni":"   0,00","sa":"126","psa":" 100,00","sna":"0","psna":"   0,00","e":"38075","ea":"38075","pea":" 100,00","ena":"0","pena":"   0,00","esi":"38075","pesi":" 100,00","esni":"0","pesni":"   0,00","c":"30938","pc":"  81,26","a":"7137","pa":"  18,74","vscv":"0","vnom":"30003","pvnom":" 100,00","vvc":"30003","pvvc":"  96,98","vb":"188","pvb":"   0,61","tvn":"747","ptvn":"   2,41","vn":"747","pvn":" 100,00","vnt":"0","pvnt":"   0,00","vp":"0","pvp":"   0,00","vv":"30003","pvv":" 100,00","van":"0","pvan":"   0,00","vansj":"0","pvansj":"   0,00","tv":"30938","cand":[{"seq":"3","sqcand":"100001039392","n":"15","nm":"RAIMUNDO FILHO","cc":"MDB - MDB / PDT / REPUBLICANOS","nv":"ARISTIDES","e":"n","st":"N\u00e3o eleito","dvt":"V\u00e1lido","vap":"7997","pvap":"  26,65"},{"seq":"6","sqcand":"100001197313","n":"14","nm":"GRANDE","cc":"PTB","nv":"PROFESSOR GUILHON","e":"n","st":"N\u00e3o eleito","dvt":"V\u00e1lido","vap":"247","pvap":"   0,82"},{"seq":"9","sqcand":"100001142440","n":"50","nm":"MARIANA LIRA","cc":"PSOL","nv":"VILA NOVA","e":"n","st":"N\u00e3o eleito","dvt":"V\u00e1lido","vap":"76","pvap":"   0,25"},{"seq":"1","sqcand":"100000667380","n":"51","nm":"JOAO CARLOS","cc":"PATRIOTA","nv":"JOSE ANTONIO","e":"s","st":"Eleito","dvt":"V\u00e1lido","vap":"8928","pvap":"  29,76"},{"seq":"5","sqcand":"100001094670","n":"20","nm":"CHAGUINHA MACEDO","cc":"PSC","nv":"ALINE SANTOS","e":"n","st":"N\u00e3o eleito","dvt":"V\u00e1lido","vap":"389","pvap":"   1,30"},{"seq":"4","sqcand":"100000815935","n":"22","nm":"FRANCISCA PRIMO","cc":"PL - PT / PL / PROS / PP","nv":"CHICO DO ARMAZ\u00c9M","e":"n","st":"N\u00e3o eleito","dvt":"V\u00e1lido","vap":"3602","pvap":"  12,01"},{"seq":"7","sqcand":"100000668162","n":"18","nm":"PROFESSOR DANIEL","cc":"REDE","nv":"AIRTON SOARES","e":"n","st":"N\u00e3o eleito","dvt":"V\u00e1lido","vap":"144","pvap":"   0,48"},{"seq":"2","sqcand":"100001046552","n":"77","nm":"ARNOLDO DO FRANGO","cc":"SOLIDARIEDADE - PSDB / SOLIDARIEDADE / PSD / PSB","nv":"MUND\u00d4 DO SUPERMERCADO","e":"n","st":"N\u00e3o eleito","dvt":"V\u00e1lido","vap":"8508","pvap":"  28,36"},{"seq":"8","sqcand":"100001098758","n":"25","nm":"ERONDINO VALERO","cc":"DEM","nv":"CLEOVAN","e":"n","st":"N\u00e3o eleito","dvt":"V\u00e1lido","vap":"112","pvap":"   0,37"}]}
