{"ele":"426","tpabr":"mu","cdabr":"07455","carper":"11","t":"1","f":"o","dt":"15/11/2020","ht":"22:24:03","dv":"s","tf":"s","v":"1","esae":"n","mnae":"","s":"25","st":"25","pst":" 100,00","snt":"0","psnt":"   0,00","si":"25","psi":" 100,00","sni":"0","psni":"   0,00","sa":"25","psa":" 100,00","sna":"0","psna":"   0,00","e":"9491","ea":"9491","pea":" 100,00","ena":"0","pena":"   0,00","esi":"9491","pesi":" 100,00","esni":"0","pesni":"   0,00","c":"8016","pc":"  84,46","a":"1475","pa":"  15,54","vscv":"0","vnom":"7721","pvnom":" 100,00","vvc":"7721","pvvc":"  96,32","vb":"57","pvb":"   0,71","tvn":"238","ptvn":"   2,97","vn":"238","pvn":" 100,00","vnt":"0","pvnt":"   0,00","vp":"0","pvp":"   0,00","vv":"7721","pvv":" 100,00","van":"0","pvan":"   0,00","vansj":"0","pvansj":"   0,00","tv":"8016","cand":[{"seq":"3","sqcand":"100000974085","n":"10","nm":"DR TIAGO ASSUN\u00c7\u00c3O","cc":"REPUBLICANOS - REPUBLICANOS / PTC / MDB","nv":"AGOSTINHO TEIXEIRA","e":"n","st":"N\u00e3o eleito","dvt":"V\u00e1lido","vap":"497","pvap":"   6,44"},{"seq":"2","sqcand":"100000772069","n":"20","nm":"JO\u00c3O BISPO SEREJO","cc":"PSC - PV / PSC","nv":"DONA SILVERIA","e":"n","st":"N\u00e3o eleito","dvt":"V\u00e1lido","vap":"3177","pvap":"  41,15"},{"seq":"1","sqcand":"100000821084","n":"25","nm":"DR MARCONE","cc":"DEM - DEM / PSB","nv":"DONA ROZARINHO","e":"s","st":"Eleito","dvt":"V\u00e1lido","vap":"4047","pvap":"  52,42"}]}
