{"ele":"426","tpabr":"mu","cdabr":"07471","carper":"11","t":"1","f":"o","dt":"15/11/2020","ht":"21:56:42","dv":"s","tf":"s","v":"1","esae":"n","mnae":"","s":"45","st":"45","pst":" 100,00","snt":"0","psnt":"   0,00","si":"45","psi":" 100,00","sni":"0","psni":"   0,00","sa":"45","psa":" 100,00","sna":"0","psna":"   0,00","e":"15167","ea":"15167","pea":" 100,00","ena":"0","pena":"   0,00","esi":"15167","pesi":" 100,00","esni":"0","pesni":"   0,00","c":"13043","pc":"  86,00","a":"2124","pa":"  14,00","vscv":"0","vnom":"12667","pvnom":" 100,00","vvc":"12667","pvvc":"  97,12","vb":"58","pvb":"   0,44","tvn":"318","ptvn":"   2,44","vn":"318","pvn":" 100,00","vnt":"0","pvnt":"   0,00","vp":"0","pvp":"   0,00","vv":"12667","pvv":" 100,00","van":"0","pvan":"   0,00","vansj":"0","pvansj":"   0,00","tv":"13043","cand":[{"seq":"1","sqcand":"100000701718","n":"12","nm":"DRA MARIA FELIX","cc":"PDT - PDT / PC do B","nv":"CONST\u00c2NCIO SOUZA","e":"s","st":"Eleito","dvt":"V\u00e1lido","vap":"5899","pvap":"  46,57"},{"seq":"2","sqcand":"100001010973","n":"25","nm":"DRA. CAMYLA","cc":"DEM - DEM / REPUBLICANOS","nv":"ADALTON DA GAMELEIRA","e":"n","st":"N\u00e3o eleito","dvt":"V\u00e1lido","vap":"5860","pvap":"  46,26"},{"seq":"4","sqcand":"100000701503","n":"45","nm":"PADRE PAULO","cc":"PSDB - PT / PSDB","nv":"ZE SILVA","e":"n","st":"N\u00e3o eleito","dvt":"V\u00e1lido","vap":"85","pvap":"   0,67"},{"seq":"3","sqcand":"100001011003","n":"77","nm":"DR \u00cdTALO BONIF\u00c1CIO","cc":"SOLIDARIEDADE","nv":"RONIVON BRAGA","e":"n","st":"N\u00e3o eleito","dvt":"V\u00e1lido","vap":"823","pvap":"   6,50"}]}
