{"ele":"426","tpabr":"mu","cdabr":"07480","carper":"11","t":"1","f":"o","dt":"15/11/2020","ht":"21:52:47","dv":"s","tf":"s","v":"1","esae":"n","mnae":"","s":"32","st":"32","pst":" 100,00","snt":"0","psnt":"   0,00","si":"32","psi":" 100,00","sni":"0","psni":"   0,00","sa":"32","psa":" 100,00","sna":"0","psna":"   0,00","e":"11287","ea":"11287","pea":" 100,00","ena":"0","pena":"   0,00","esi":"11287","pesi":" 100,00","esni":"0","pesni":"   0,00","c":"8858","pc":"  78,48","a":"2429","pa":"  21,52","vscv":"0","vnom":"8423","pvnom":" 100,00","vvc":"8423","pvvc":"  95,09","vb":"92","pvb":"   1,04","tvn":"343","ptvn":"   3,87","vn":"343","pvn":" 100,00","vnt":"0","pvnt":"   0,00","vp":"0","pvp":"   0,00","vv":"8423","pvv":" 100,00","van":"0","pvan":"   0,00","vansj":"0","pvansj":"   0,00","tv":"8858","cand":[{"seq":"2","sqcand":"100001203175","n":"65","nm":"EUST\u00c1QUIO SAMPAIO","cc":"PC do B","nv":"DR LELYSON","e":"n","st":"N\u00e3o eleito","dvt":"V\u00e1lido","vap":"3058","pvap":"  36,31"},{"seq":"1","sqcand":"100001098355","n":"11","nm":"FERNANDO TEIXEIRA","cc":"PP - PSD / PT / PP / MDB","nv":"JOSE DE FATIMA","e":"s","st":"Eleito","dvt":"V\u00e1lido","vap":"5225","pvap":"  62,03"},{"seq":"3","sqcand":"100001099993","n":"17","nm":"ZUCATELLI","cc":"PSL","nv":"DODO","e":"n","st":"N\u00e3o eleito","dvt":"V\u00e1lido","vap":"140","pvap":"   1,66"}]}
