{"ele":"426","tpabr":"mu","cdabr":"07560","carper":"11","t":"1","f":"o","dt":"15/11/2020","ht":"22:04:09","dv":"s","tf":"s","v":"1","esae":"n","mnae":"","s":"37","st":"37","pst":" 100,00","snt":"0","psnt":"   0,00","si":"37","psi":" 100,00","sni":"0","psni":"   0,00","sa":"37","psa":" 100,00","sna":"0","psna":"   0,00","e":"11901","ea":"11901","pea":" 100,00","ena":"0","pena":"   0,00","esi":"11901","pesi":" 100,00","esni":"0","pesni":"   0,00","c":"10754","pc":"  90,36","a":"1147","pa":"   9,64","vscv":"0","vnom":"10440","pvnom":" 100,00","vvc":"10440","pvvc":"  97,08","vb":"46","pvb":"   0,43","tvn":"268","ptvn":"   2,49","vn":"268","pvn":" 100,00","vnt":"0","pvnt":"   0,00","vp":"0","pvp":"   0,00","vv":"10440","pvv":" 100,00","van":"0","pvan":"   0,00","vansj":"0","pvansj":"   0,00","tv":"10754","cand":[{"seq":"1","sqcand":"100001221731","n":"22","nm":"CIRINEU COSTA","cc":"PL - REPUBLICANOS / PL / SOLIDARIEDADE","nv":"EDMILSON SANTOS","e":"s","st":"Eleito","dvt":"V\u00e1lido","vap":"5228","pvap":"  50,08"},{"seq":"2","sqcand":"100000842571","n":"12","nm":"DR JANES CLEI","cc":"PDT - PDT / PTB","nv":"RENATO JORGE","e":"n","st":"N\u00e3o eleito","dvt":"V\u00e1lido","vap":"5212","pvap":"  49,92"}]}
