{"ele":"426","tpabr":"mu","cdabr":"07579","carper":"11","t":"1","f":"o","dt":"15/11/2020","ht":"23:09:22","dv":"s","tf":"s","v":"1","esae":"n","mnae":"","s":"296","st":"296","pst":" 100,00","snt":"0","psnt":"   0,00","si":"296","psi":" 100,00","sni":"0","psni":"   0,00","sa":"296","psa":" 100,00","sna":"0","psna":"   0,00","e":"101000","ea":"101000","pea":" 100,00","ena":"0","pena":"   0,00","esi":"101000","pesi":" 100,00","esni":"0","pesni":"   0,00","c":"84362","pc":"  83,53","a":"16638","pa":"  16,47","vscv":"0","vnom":"76690","pvnom":" 100,00","vvc":"79406","pvvc":"  94,13","vb":"1293","pvb":"   1,53","tvn":"3663","ptvn":"   4,34","vn":"3663","pvn":" 100,00","vnt":"0","pvnt":"   0,00","vp":"0","pvp":"   0,00","vv":"76690","pvv":"  96,58","van":"0","pvan":"   0,00","vansj":"2716","pvansj":"   3,42","tv":"84362","cand":[{"seq":"8","sqcand":"100001212157","n":"18","nm":"LUCIANO ALDRIN","cc":"REDE","nv":"BAGO MAGNO","e":"n","st":"N\u00e3o eleito","dvt":"Anulado sub judice","vap":"112","pvap":"   0,14"},{"seq":"2","sqcand":"100000875547","n":"65","nm":"ADELMO SOARES","cc":"PC do B - CIDADANIA / PROS / PDT / PSL / PC do B / SOLIDARIEDADE","nv":"THAIS COUTINHO","e":"n","st":"N\u00e3o eleito","dvt":"V\u00e1lido","vap":"10334","pvap":"  13,01"},{"seq":"4","sqcand":"100001212695","n":"20","nm":"J\u00daNIOR MARTINS","cc":"PSC - PMB / PSC","nv":"LUIZ CARLOS MOURA","e":"n","st":"N\u00e3o eleito","dvt":"Anulado sub judice","vap":"2604","pvap":"   3,28"},{"seq":"6","sqcand":"100001237510","n":"50","nm":"PROF ARNALDO RODRIGUES","cc":"PSOL","nv":"PROF ANTONIO ALVES","e":"n","st":"N\u00e3o eleito","dvt":"V\u00e1lido","vap":"357","pvap":"   0,45"},{"seq":"5","sqcand":"100000876653","n":"15","nm":"CESAR SAB\u00c1","cc":"MDB","nv":"PEDRO BARROS","e":"n","st":"N\u00e3o eleito","dvt":"V\u00e1lido","vap":"959","pvap":"   1,21"},{"seq":"1","sqcand":"100001040533","n":"10","nm":"FABIO GENTIL","cc":"REPUBLICANOS - REPUBLICANOS / PP / PODE / PL / PMN / PTC / PSB / PV / PSDB / AVANTE","nv":"PAULINHO","e":"s","st":"Eleito","dvt":"V\u00e1lido","vap":"62075","pvap":"  78,17"},{"seq":"7","sqcand":"100000674794","n":"27","nm":"AJ ALVES","cc":"DC","nv":"HAMMAYANA CARDOSO","e":"n","st":"N\u00e3o eleito","dvt":"V\u00e1lido","vap":"192","pvap":"   0,24"},{"seq":"3","sqcand":"100000674738","n":"14","nm":"CONSTANTINO CASTRO","cc":"PTB","nv":"MAGNO CHAVES","e":"n","st":"N\u00e3o eleito","dvt":"V\u00e1lido","vap":"2773","pvap":"   3,49"}]}
