{"ele":"426","tpabr":"mu","cdabr":"07595","carper":"11","t":"1","f":"o","dt":"15/11/2020","ht":"22:18:16","dv":"s","tf":"s","v":"1","esae":"n","mnae":"","s":"28","st":"28","pst":" 100,00","snt":"0","psnt":"   0,00","si":"28","psi":" 100,00","sni":"0","psni":"   0,00","sa":"28","psa":" 100,00","sna":"0","psna":"   0,00","e":"9111","ea":"9111","pea":" 100,00","ena":"0","pena":"   0,00","esi":"9111","pesi":" 100,00","esni":"0","pesni":"   0,00","c":"7311","pc":"  80,24","a":"1800","pa":"  19,76","vscv":"0","vnom":"7117","pvnom":" 100,00","vvc":"7117","pvvc":"  97,35","vb":"42","pvb":"   0,57","tvn":"152","ptvn":"   2,08","vn":"152","pvn":" 100,00","vnt":"0","pvnt":"   0,00","vp":"0","pvp":"   0,00","vv":"7117","pvv":" 100,00","van":"0","pvan":"   0,00","vansj":"0","pvansj":"   0,00","tv":"7311","cand":[{"seq":"4","sqcand":"100000926549","n":"11","nm":"ANTONIO MARIO","cc":"PP","nv":"FREDSON","e":"n","st":"N\u00e3o eleito","dvt":"V\u00e1lido","vap":"712","pvap":"  10,00"},{"seq":"2","sqcand":"100001197497","n":"25","nm":"JADSON","cc":"DEM - PSB / PSL / PL / DEM","nv":"DANILO MORAES","e":"n","st":"N\u00e3o eleito","dvt":"V\u00e1lido","vap":"1878","pvap":"  26,39"},{"seq":"3","sqcand":"100001198884","n":"12","nm":"DRA SUELY","cc":"PDT - PDT / PC do B / PSDB","nv":"GILVAN MOTA","e":"n","st":"N\u00e3o eleito","dvt":"V\u00e1lido","vap":"1329","pvap":"  18,67"},{"seq":"1","sqcand":"100001031389","n":"10","nm":"FERNANDO CUBA","cc":"REPUBLICANOS","nv":"MAGUILA","e":"s","st":"Eleito","dvt":"V\u00e1lido","vap":"3198","pvap":"  44,93"}]}
