{"ele":"426","tpabr":"mu","cdabr":"07625","carper":"11","t":"1","f":"o","dt":"15/11/2020","ht":"22:12:17","dv":"s","tf":"s","v":"1","esae":"n","mnae":"","s":"19","st":"19","pst":" 100,00","snt":"0","psnt":"   0,00","si":"19","psi":" 100,00","sni":"0","psni":"   0,00","sa":"19","psa":" 100,00","sna":"0","psna":"   0,00","e":"6275","ea":"6275","pea":" 100,00","ena":"0","pena":"   0,00","esi":"6275","pesi":" 100,00","esni":"0","pesni":"   0,00","c":"4974","pc":"  79,27","a":"1301","pa":"  20,73","vscv":"0","vnom":"4787","pvnom":" 100,00","vvc":"4787","pvvc":"  96,24","vb":"42","pvb":"   0,84","tvn":"145","ptvn":"   2,92","vn":"145","pvn":" 100,00","vnt":"0","pvnt":"   0,00","vp":"0","pvp":"   0,00","vv":"4787","pvv":" 100,00","van":"0","pvan":"   0,00","vansj":"0","pvansj":"   0,00","tv":"4974","cand":[{"seq":"3","sqcand":"100000825868","n":"22","nm":"BAIANO DA SEMENTE","cc":"PL - PL / PROS","nv":"ANTONIO JOSE DA SILVA","e":"n","st":"N\u00e3o eleito","dvt":"V\u00e1lido","vap":"1437","pvap":"  30,02"},{"seq":"2","sqcand":"100001273380","n":"65","nm":"GRA\u00c7A ROCHA","cc":"PC do B","nv":"DR. FRANCISCO","e":"n","st":"N\u00e3o eleito","dvt":"V\u00e1lido","vap":"1538","pvap":"  32,13"},{"seq":"1","sqcand":"100000758781","n":"45","nm":"ZEZ\u00c3O","cc":"PSDB","nv":"GERALDINA","e":"s","st":"Eleito","dvt":"V\u00e1lido","vap":"1812","pvap":"  37,85"}]}
