{"ele":"426","tpabr":"mu","cdabr":"07684","carper":"11","t":"1","f":"o","dt":"15/11/2020","ht":"22:20:16","dv":"s","tf":"s","v":"1","esae":"n","mnae":"","s":"42","st":"42","pst":" 100,00","snt":"0","psnt":"   0,00","si":"42","psi":" 100,00","sni":"0","psni":"   0,00","sa":"42","psa":" 100,00","sna":"0","psna":"   0,00","e":"11805","ea":"11805","pea":" 100,00","ena":"0","pena":"   0,00","esi":"11805","pesi":" 100,00","esni":"0","pesni":"   0,00","c":"9108","pc":"  77,15","a":"2697","pa":"  22,85","vscv":"0","vnom":"8806","pvnom":" 100,00","vvc":"8806","pvvc":"  96,68","vb":"57","pvb":"   0,63","tvn":"245","ptvn":"   2,69","vn":"245","pvn":" 100,00","vnt":"0","pvnt":"   0,00","vp":"0","pvp":"   0,00","vv":"8806","pvv":" 100,00","van":"0","pvan":"   0,00","vansj":"0","pvansj":"   0,00","tv":"9108","cand":[{"seq":"1","sqcand":"100001099637","n":"22","nm":"ALMEIDA","cc":"PL - PL / AVANTE","nv":"ALDENIRA","e":"s","st":"Eleito","dvt":"V\u00e1lido","vap":"5463","pvap":"  62,04"},{"seq":"2","sqcand":"100001015489","n":"10","nm":"VALDEREZ","cc":"REPUBLICANOS - REPUBLICANOS / PSC","nv":"RAIMUNDINHO","e":"n","st":"N\u00e3o eleito","dvt":"V\u00e1lido","vap":"3343","pvap":"  37,96"}]}
