{"ele":"426","tpabr":"mu","cdabr":"07714","carper":"11","t":"1","f":"o","dt":"15/11/2020","ht":"22:12:24","dv":"s","tf":"s","v":"1","esae":"n","mnae":"","s":"84","st":"84","pst":" 100,00","snt":"0","psnt":"   0,00","si":"84","psi":" 100,00","sni":"0","psni":"   0,00","sa":"84","psa":" 100,00","sna":"0","psna":"   0,00","e":"26675","ea":"26675","pea":" 100,00","ena":"0","pena":"   0,00","esi":"26675","pesi":" 100,00","esni":"0","pesni":"   0,00","c":"19975","pc":"  74,88","a":"6700","pa":"  25,12","vscv":"0","vnom":"19117","pvnom":" 100,00","vvc":"19117","pvvc":"  95,70","vb":"215","pvb":"   1,08","tvn":"643","ptvn":"   3,22","vn":"643","pvn":" 100,00","vnt":"0","pvnt":"   0,00","vp":"0","pvp":"   0,00","vv":"19117","pvv":" 100,00","van":"0","pvan":"   0,00","vansj":"0","pvansj":"   0,00","tv":"19975","cand":[{"seq":"1","sqcand":"100000959932","n":"40","nm":"ALDO LOPES","cc":"PSB - PSB / PDT / PP / PMN / PTB","nv":"GUSTAVO PESTANA","e":"s","st":"Eleito","dvt":"V\u00e1lido","vap":"9346","pvap":"  48,89"},{"seq":"4","sqcand":"100000960138","n":"45","nm":"DR RODRIGO","cc":"PSDB","nv":"PANCO DO JK","e":"n","st":"N\u00e3o eleito","dvt":"V\u00e1lido","vap":"276","pvap":"   1,44"},{"seq":"2","sqcand":"100001034445","n":"65","nm":"PROF\u00aa ROSINHA","cc":"PC do B - PT / PC do B / PROS","nv":"KATMA BELEM","e":"n","st":"N\u00e3o eleito","dvt":"V\u00e1lido","vap":"8240","pvap":"  43,10"},{"seq":"3","sqcand":"100001203535","n":"22","nm":"HELLEN MARAVILHA","cc":"PL - PL / REPUBLICANOS / AVANTE","nv":"ALBERTO FRANCO","e":"n","st":"N\u00e3o eleito","dvt":"V\u00e1lido","vap":"1255","pvap":"   6,56"}]}
