{"ele":"426","tpabr":"mu","cdabr":"07730","carper":"11","t":"1","f":"o","dt":"15/11/2020","ht":"22:17:54","dv":"s","tf":"s","v":"1","esae":"n","mnae":"","s":"51","st":"51","pst":" 100,00","snt":"0","psnt":"   0,00","si":"51","psi":" 100,00","sni":"0","psni":"   0,00","sa":"51","psa":" 100,00","sna":"0","psna":"   0,00","e":"18040","ea":"18040","pea":" 100,00","ena":"0","pena":"   0,00","esi":"18040","pesi":" 100,00","esni":"0","pesni":"   0,00","c":"14466","pc":"  80,19","a":"3574","pa":"  19,81","vscv":"0","vnom":"13920","pvnom":" 100,00","vvc":"13920","pvvc":"  96,23","vb":"111","pvb":"   0,76","tvn":"435","ptvn":"   3,01","vn":"435","pvn":" 100,00","vnt":"0","pvnt":"   0,00","vp":"0","pvp":"   0,00","vv":"13920","pvv":" 100,00","van":"0","pvan":"   0,00","vansj":"0","pvansj":"   0,00","tv":"14466","cand":[{"seq":"2","sqcand":"100000914586","n":"17","nm":"LEONARDO PAZ","cc":"PSL - PDT / REPUBLICANOS / PL / PSL","nv":"FABIO AMANCIO","e":"n","st":"N\u00e3o eleito","dvt":"V\u00e1lido","vap":"6111","pvap":"  43,90"},{"seq":"1","sqcand":"100000823576","n":"77","nm":"GALEGO MOTA","cc":"SOLIDARIEDADE - PP / SOLIDARIEDADE / PT","nv":"LUCYAN","e":"s","st":"Eleito","dvt":"V\u00e1lido","vap":"7809","pvap":"  56,10"}]}
