{"ele":"426","tpabr":"mu","cdabr":"07757","carper":"11","t":"1","f":"o","dt":"15/11/2020","ht":"21:46:49","dv":"s","tf":"s","v":"1","esae":"n","mnae":"","s":"29","st":"29","pst":" 100,00","snt":"0","psnt":"   0,00","si":"29","psi":" 100,00","sni":"0","psni":"   0,00","sa":"29","psa":" 100,00","sna":"0","psna":"   0,00","e":"9717","ea":"9717","pea":" 100,00","ena":"0","pena":"   0,00","esi":"9717","pesi":" 100,00","esni":"0","pesni":"   0,00","c":"7647","pc":"  78,70","a":"2070","pa":"  21,30","vscv":"0","vnom":"7366","pvnom":" 100,00","vvc":"7366","pvvc":"  96,33","vb":"56","pvb":"   0,73","tvn":"225","ptvn":"   2,94","vn":"225","pvn":" 100,00","vnt":"0","pvnt":"   0,00","vp":"0","pvp":"   0,00","vv":"7366","pvv":" 100,00","van":"0","pvan":"   0,00","vansj":"0","pvansj":"   0,00","tv":"7647","cand":[{"seq":"1","sqcand":"100001200091","n":"12","nm":"FL\u00c1VIO FURTADO","cc":"PDT - PDT / MDB / PT","nv":"RAIMUNDINHO","e":"s","st":"Eleito","dvt":"V\u00e1lido","vap":"4765","pvap":"  64,69"},{"seq":"3","sqcand":"100000831536","n":"14","nm":"OCEAN","cc":"PTB - PTB / CIDADANIA / PSL","nv":"MAICKEL VITAL","e":"n","st":"N\u00e3o eleito","dvt":"V\u00e1lido","vap":"183","pvap":"   2,48"},{"seq":"2","sqcand":"100001084330","n":"65","nm":"LUIS SOUSA","cc":"PC do B - PSDB / PC do B","nv":"RAIMUNDO RIBEIRO GONCALVES","e":"n","st":"N\u00e3o eleito","dvt":"V\u00e1lido","vap":"2418","pvap":"  32,83"}]}
