{"ele":"426","tpabr":"mu","cdabr":"07773","carper":"11","t":"1","f":"o","dt":"15/11/2020","ht":"21:52:23","dv":"s","tf":"s","v":"1","esae":"n","mnae":"","s":"45","st":"45","pst":" 100,00","snt":"0","psnt":"   0,00","si":"45","psi":" 100,00","sni":"0","psni":"   0,00","sa":"45","psa":" 100,00","sna":"0","psna":"   0,00","e":"13415","ea":"13415","pea":" 100,00","ena":"0","pena":"   0,00","esi":"13415","pesi":" 100,00","esni":"0","pesni":"   0,00","c":"11336","pc":"  84,50","a":"2079","pa":"  15,50","vscv":"0","vnom":"10802","pvnom":" 100,00","vvc":"10802","pvvc":"  95,29","vb":"97","pvb":"   0,86","tvn":"437","ptvn":"   3,85","vn":"437","pvn":" 100,00","vnt":"0","pvnt":"   0,00","vp":"0","pvp":"   0,00","vv":"10802","pvv":" 100,00","van":"0","pvan":"   0,00","vansj":"0","pvansj":"   0,00","tv":"11336","cand":[{"seq":"1","sqcand":"100000637790","n":"14","nm":"ALUISINHO","cc":"PTB - PTB / PDT","nv":"IRENE ARRUDA","e":"s","st":"Eleito","dvt":"V\u00e1lido","vap":"6379","pvap":"  59,05"},{"seq":"3","sqcand":"100000750849","n":"45","nm":"PROFESSORA BET\u00c2NIA","cc":"PSDB","nv":"M\u00c1BIO BORGES","e":"n","st":"N\u00e3o eleito","dvt":"V\u00e1lido","vap":"120","pvap":"   1,11"},{"seq":"2","sqcand":"100000878153","n":"65","nm":"DR ROGERIO","cc":"PC do B - PL / REPUBLICANOS / PC do B","nv":"FRANKSON CARNEIRO","e":"n","st":"N\u00e3o eleito","dvt":"V\u00e1lido","vap":"4303","pvap":"  39,84"}]}
