{"ele":"426","tpabr":"mu","cdabr":"07790","carper":"11","t":"1","f":"o","dt":"15/11/2020","ht":"21:28:50","dv":"s","tf":"s","v":"1","esae":"n","mnae":"","s":"26","st":"26","pst":" 100,00","snt":"0","psnt":"   0,00","si":"26","psi":" 100,00","sni":"0","psni":"   0,00","sa":"26","psa":" 100,00","sna":"0","psna":"   0,00","e":"9577","ea":"9577","pea":" 100,00","ena":"0","pena":"   0,00","esi":"9577","pesi":" 100,00","esni":"0","pesni":"   0,00","c":"8429","pc":"  88,01","a":"1148","pa":"  11,99","vscv":"0","vnom":"8074","pvnom":" 100,00","vvc":"8074","pvvc":"  95,79","vb":"97","pvb":"   1,15","tvn":"258","ptvn":"   3,06","vn":"258","pvn":" 100,00","vnt":"0","pvnt":"   0,00","vp":"0","pvp":"   0,00","vv":"8074","pvv":" 100,00","van":"0","pvan":"   0,00","vansj":"0","pvansj":"   0,00","tv":"8429","cand":[{"seq":"2","sqcand":"100001077338","n":"12","nm":"ALEANDRO","cc":"PDT - PDT / PC do B","nv":"JUNIOR DA SOCORRO","e":"n","st":"N\u00e3o eleito","dvt":"V\u00e1lido","vap":"2924","pvap":"  36,22"},{"seq":"1","sqcand":"100000746117","n":"11","nm":"NATANZINHO","cc":"PP - AVANTE / PP / PTB","nv":"KENIA SHELE","e":"s","st":"Eleito","dvt":"V\u00e1lido","vap":"5150","pvap":"  63,78"}]}
