{"ele":"426","tpabr":"mu","cdabr":"07803","carper":"11","t":"1","f":"o","dt":"16/11/2020","ht":"00:49:25","dv":"s","tf":"s","v":"1","esae":"n","mnae":"","s":"26","st":"26","pst":" 100,00","snt":"0","psnt":"   0,00","si":"26","psi":" 100,00","sni":"0","psni":"   0,00","sa":"26","psa":" 100,00","sna":"0","psna":"   0,00","e":"8328","ea":"8328","pea":" 100,00","ena":"0","pena":"   0,00","esi":"8328","pesi":" 100,00","esni":"0","pesni":"   0,00","c":"6741","pc":"  80,94","a":"1587","pa":"  19,06","vscv":"0","vnom":"6482","pvnom":" 100,00","vvc":"6482","pvvc":"  96,16","vb":"78","pvb":"   1,15","tvn":"181","ptvn":"   2,69","vn":"181","pvn":" 100,00","vnt":"0","pvnt":"   0,00","vp":"0","pvp":"   0,00","vv":"6482","pvv":" 100,00","van":"0","pvan":"   0,00","vansj":"0","pvansj":"   0,00","tv":"6741","cand":[{"seq":"2","sqcand":"100001013546","n":"12","nm":"CICERO MARTINS DE SOUZA","cc":"PDT - PL / PDT","nv":"ARISTON FIDELIS","e":"n","st":"N\u00e3o eleito","dvt":"V\u00e1lido","vap":"2133","pvap":"  32,91"},{"seq":"1","sqcand":"100000730652","n":"25","nm":"VALDEMAR DA SERRARIA","cc":"DEM","nv":"DIDI MOITA","e":"s","st":"Eleito","dvt":"V\u00e1lido","vap":"4349","pvap":"  67,09"}]}
