{"ele":"426","tpabr":"mu","cdabr":"07820","carper":"11","t":"1","f":"o","dt":"15/11/2020","ht":"21:46:22","dv":"s","tf":"s","v":"1","esae":"n","mnae":"","s":"26","st":"26","pst":" 100,00","snt":"0","psnt":"   0,00","si":"26","psi":" 100,00","sni":"0","psni":"   0,00","sa":"26","psa":" 100,00","sna":"0","psna":"   0,00","e":"8645","ea":"8645","pea":" 100,00","ena":"0","pena":"   0,00","esi":"8645","pesi":" 100,00","esni":"0","pesni":"   0,00","c":"6726","pc":"  77,80","a":"1919","pa":"  22,20","vscv":"0","vnom":"6450","pvnom":" 100,00","vvc":"6450","pvvc":"  95,90","vb":"53","pvb":"   0,78","tvn":"223","ptvn":"   3,32","vn":"223","pvn":" 100,00","vnt":"0","pvnt":"   0,00","vp":"0","pvp":"   0,00","vv":"6450","pvv":" 100,00","van":"0","pvan":"   0,00","vansj":"0","pvansj":"   0,00","tv":"6726","cand":[{"seq":"2","sqcand":"100001021278","n":"14","nm":"JUAREZ NETO JANDAIA","cc":"PTB","nv":"LUIS CARLOS","e":"n","st":"N\u00e3o eleito","dvt":"V\u00e1lido","vap":"2555","pvap":"  39,61"},{"seq":"1","sqcand":"100001151257","n":"11","nm":"DR ALEX DUARTE","cc":"PP - PP / REPUBLICANOS / PROS","nv":"IRANA","e":"s","st":"Eleito","dvt":"V\u00e1lido","vap":"3895","pvap":"  60,39"}]}
