{"ele":"426","tpabr":"mu","cdabr":"07838","carper":"11","t":"1","f":"o","dt":"15/11/2020","ht":"22:13:39","dv":"s","tf":"s","v":"1","esae":"n","mnae":"","s":"28","st":"28","pst":" 100,00","snt":"0","psnt":"   0,00","si":"28","psi":" 100,00","sni":"0","psni":"   0,00","sa":"28","psa":" 100,00","sna":"0","psna":"   0,00","e":"8608","ea":"8608","pea":" 100,00","ena":"0","pena":"   0,00","esi":"8608","pesi":" 100,00","esni":"0","pesni":"   0,00","c":"6858","pc":"  79,67","a":"1750","pa":"  20,33","vscv":"0","vnom":"6606","pvnom":" 100,00","vvc":"6606","pvvc":"  96,33","vb":"55","pvb":"   0,80","tvn":"197","ptvn":"   2,87","vn":"197","pvn":" 100,00","vnt":"0","pvnt":"   0,00","vp":"0","pvp":"   0,00","vv":"6606","pvv":" 100,00","van":"0","pvan":"   0,00","vansj":"0","pvansj":"   0,00","tv":"6858","cand":[{"seq":"1","sqcand":"100000746717","n":"10","nm":"SISSI VIANA","cc":"REPUBLICANOS - REPUBLICANOS / PSL / PC do B","nv":"KARINNE","e":"s","st":"Eleito","dvt":"V\u00e1lido","vap":"3716","pvap":"  56,25"},{"seq":"2","sqcand":"100000930725","n":"22","nm":"JUNIOR MATOS","cc":"PL - PL / AVANTE","nv":"MIXARIA GARIMPEIRO","e":"n","st":"N\u00e3o eleito","dvt":"V\u00e1lido","vap":"2890","pvap":"  43,75"}]}
