{"ele":"426","tpabr":"mu","cdabr":"07846","carper":"11","t":"1","f":"o","dt":"16/11/2020","ht":"00:49:54","dv":"s","tf":"s","v":"1","esae":"n","mnae":"","s":"26","st":"26","pst":" 100,00","snt":"0","psnt":"   0,00","si":"26","psi":" 100,00","sni":"0","psni":"   0,00","sa":"26","psa":" 100,00","sna":"0","psna":"   0,00","e":"9363","ea":"9363","pea":" 100,00","ena":"0","pena":"   0,00","esi":"9363","pesi":" 100,00","esni":"0","pesni":"   0,00","c":"7761","pc":"  82,89","a":"1602","pa":"  17,11","vscv":"0","vnom":"7472","pvnom":" 100,00","vvc":"7472","pvvc":"  96,28","vb":"19","pvb":"   0,24","tvn":"270","ptvn":"   3,48","vn":"270","pvn":" 100,00","vnt":"0","pvnt":"   0,00","vp":"0","pvp":"   0,00","vv":"7472","pvv":" 100,00","van":"0","pvan":"   0,00","vansj":"0","pvansj":"   0,00","tv":"7761","cand":[{"seq":"3","sqcand":"100000918728","n":"20","nm":"VILANY OLIVEIRA","cc":"PSC","nv":"LETYCYA BARROSO","e":"n","st":"N\u00e3o eleito","dvt":"V\u00e1lido","vap":"4","pvap":"   0,05"},{"seq":"2","sqcand":"100001014057","n":"65","nm":"GRACIANE","cc":"PC do B - PC do B / PT","nv":"SIMI\u00c3O DO POSTO","e":"n","st":"N\u00e3o eleito","dvt":"V\u00e1lido","vap":"3391","pvap":"  45,38"},{"seq":"1","sqcand":"100000918664","n":"15","nm":"NERES POLICARPO","cc":"MDB - MDB / PSDB","nv":"EDIGAR BARROSO","e":"s","st":"Eleito","dvt":"V\u00e1lido","vap":"4077","pvap":"  54,56"}]}
