{"ele":"426","tpabr":"mu","cdabr":"07897","carper":"11","t":"1","f":"o","dt":"15/11/2020","ht":"21:43:51","dv":"s","tf":"s","v":"1","esae":"n","mnae":"","s":"40","st":"40","pst":" 100,00","snt":"0","psnt":"   0,00","si":"40","psi":" 100,00","sni":"0","psni":"   0,00","sa":"40","psa":" 100,00","sna":"0","psna":"   0,00","e":"11524","ea":"11524","pea":" 100,00","ena":"0","pena":"   0,00","esi":"11524","pesi":" 100,00","esni":"0","pesni":"   0,00","c":"8892","pc":"  77,16","a":"2632","pa":"  22,84","vscv":"0","vnom":"8613","pvnom":" 100,00","vvc":"8613","pvvc":"  96,86","vb":"61","pvb":"   0,69","tvn":"218","ptvn":"   2,45","vn":"218","pvn":" 100,00","vnt":"0","pvnt":"   0,00","vp":"0","pvp":"   0,00","vv":"8613","pvv":" 100,00","van":"0","pvan":"   0,00","vansj":"0","pvansj":"   0,00","tv":"8892","cand":[{"seq":"3","sqcand":"100000989054","n":"22","nm":"ROGERIO CONAL","cc":"PL - PL / PSD","nv":"ANTONIO LOURO AMIGO DO POVO","e":"n","st":"N\u00e3o eleito","dvt":"V\u00e1lido","vap":"1701","pvap":"  19,75"},{"seq":"2","sqcand":"100000986985","n":"14","nm":"TOINHA DA SANTA ROSA","cc":"PTB","nv":"RENATO LIMA","e":"n","st":"N\u00e3o eleito","dvt":"V\u00e1lido","vap":"3340","pvap":"  38,78"},{"seq":"1","sqcand":"100000983257","n":"12","nm":"CHIQUINHO DO BANCO","cc":"PDT - PDT / PV","nv":"ZEZITO","e":"s","st":"Eleito","dvt":"V\u00e1lido","vap":"3572","pvap":"  41,47"}]}
