{"ele":"426","tpabr":"mu","cdabr":"07900","carper":"11","t":"1","f":"o","dt":"15/11/2020","ht":"22:02:22","dv":"s","tf":"s","v":"1","esae":"n","mnae":"","s":"25","st":"25","pst":" 100,00","snt":"0","psnt":"   0,00","si":"25","psi":" 100,00","sni":"0","psni":"   0,00","sa":"25","psa":" 100,00","sna":"0","psna":"   0,00","e":"6531","ea":"6531","pea":" 100,00","ena":"0","pena":"   0,00","esi":"6531","pesi":" 100,00","esni":"0","pesni":"   0,00","c":"5306","pc":"  81,24","a":"1225","pa":"  18,76","vscv":"0","vnom":"5066","pvnom":" 100,00","vvc":"5066","pvvc":"  95,48","vb":"47","pvb":"   0,88","tvn":"193","ptvn":"   3,64","vn":"193","pvn":" 100,00","vnt":"0","pvnt":"   0,00","vp":"0","pvp":"   0,00","vv":"5066","pvv":" 100,00","van":"0","pvan":"   0,00","vansj":"0","pvansj":"   0,00","tv":"5306","cand":[{"seq":"2","sqcand":"100000989641","n":"12","nm":"EDIVAN COSTA","cc":"PDT - PDT / PC do B","nv":"JUVENAL FROTA","e":"n","st":"N\u00e3o eleito","dvt":"V\u00e1lido","vap":"2410","pvap":"  47,57"},{"seq":"1","sqcand":"100000654728","n":"25","nm":"LINDOMAR ARAUJO","cc":"DEM - DEM / MDB","nv":"DANILO SOARES","e":"s","st":"Eleito","dvt":"V\u00e1lido","vap":"2656","pvap":"  52,43"}]}
