{"ele":"426","tpabr":"mu","cdabr":"07919","carper":"11","t":"1","f":"o","dt":"15/11/2020","ht":"21:44:11","dv":"s","tf":"s","v":"1","esae":"n","mnae":"","s":"18","st":"18","pst":" 100,00","snt":"0","psnt":"   0,00","si":"18","psi":" 100,00","sni":"0","psni":"   0,00","sa":"18","psa":" 100,00","sna":"0","psna":"   0,00","e":"6111","ea":"6111","pea":" 100,00","ena":"0","pena":"   0,00","esi":"6111","pesi":" 100,00","esni":"0","pesni":"   0,00","c":"5080","pc":"  83,13","a":"1031","pa":"  16,87","vscv":"0","vnom":"5000","pvnom":" 100,00","vvc":"5000","pvvc":"  98,43","vb":"14","pvb":"   0,27","tvn":"66","ptvn":"   1,30","vn":"66","pvn":" 100,00","vnt":"0","pvnt":"   0,00","vp":"0","pvp":"   0,00","vv":"5000","pvv":" 100,00","van":"0","pvan":"   0,00","vansj":"0","pvansj":"   0,00","tv":"5080","cand":[{"seq":"3","sqcand":"100000917824","n":"19","nm":"CLAUDIOMAR GALDINO","cc":"PODE","nv":"FABR\u00cdCIA VELOZO","e":"n","st":"N\u00e3o eleito","dvt":"V\u00e1lido","vap":"85","pvap":"   1,70"},{"seq":"2","sqcand":"100001082369","n":"10","nm":"RAILTON SOARES","cc":"REPUBLICANOS - PC do B / REPUBLICANOS","nv":"ROBERTO MANCHINHA","e":"n","st":"N\u00e3o eleito","dvt":"V\u00e1lido","vap":"2225","pvap":"  44,50"},{"seq":"1","sqcand":"100000654564","n":"12","nm":"BIRA","cc":"PDT - PDT / PP","nv":"CLAILSON NASCIMENTO BARROS","e":"s","st":"Eleito","dvt":"V\u00e1lido","vap":"2690","pvap":"  53,80"}]}
