{"ele":"426","tpabr":"mu","cdabr":"07943","carper":"11","t":"1","f":"o","dt":"15/11/2020","ht":"21:54:58","dv":"s","tf":"s","v":"1","esae":"n","mnae":"","s":"19","st":"19","pst":" 100,00","snt":"0","psnt":"   0,00","si":"19","psi":" 100,00","sni":"0","psni":"   0,00","sa":"19","psa":" 100,00","sna":"0","psna":"   0,00","e":"6150","ea":"6150","pea":" 100,00","ena":"0","pena":"   0,00","esi":"6150","pesi":" 100,00","esni":"0","pesni":"   0,00","c":"5465","pc":"  88,86","a":"685","pa":"  11,14","vscv":"0","vnom":"5258","pvnom":" 100,00","vvc":"5258","pvvc":"  96,21","vb":"34","pvb":"   0,62","tvn":"173","ptvn":"   3,17","vn":"173","pvn":" 100,00","vnt":"0","pvnt":"   0,00","vp":"0","pvp":"   0,00","vv":"5258","pvv":" 100,00","van":"0","pvan":"   0,00","vansj":"0","pvansj":"   0,00","tv":"5465","cand":[{"seq":"2","sqcand":"100001130647","n":"22","nm":"LUZA PAIVA","cc":"PL - PT / PL / PATRIOTA","nv":"GIGI ARAUJO","e":"n","st":"N\u00e3o eleito","dvt":"V\u00e1lido","vap":"1938","pvap":"  36,86"},{"seq":"4","sqcand":"100000757990","n":"17","nm":"JOAO DAMASCENO","cc":"PSL","nv":"FLEITON HERISON","e":"n","st":"N\u00e3o eleito","dvt":"V\u00e1lido","vap":"122","pvap":"   2,32"},{"seq":"3","sqcand":"100000850959","n":"45","nm":"PADRE DOMINGOS","cc":"PSDB - PSDB / MDB / PSD","nv":"VILMA SAMPAIO","e":"n","st":"N\u00e3o eleito","dvt":"V\u00e1lido","vap":"1019","pvap":"  19,38"},{"seq":"1","sqcand":"100001022885","n":"12","nm":"SOLIMAR","cc":"PDT - CIDADANIA / PDT","nv":"ISMAEL DO SINDICATO","e":"s","st":"Eleito","dvt":"V\u00e1lido","vap":"2179","pvap":"  41,44"}]}
