{"ele":"426","tpabr":"mu","cdabr":"07986","carper":"11","t":"1","f":"o","dt":"15/11/2020","ht":"21:36:06","dv":"s","tf":"s","v":"1","esae":"n","mnae":"","s":"12","st":"12","pst":" 100,00","snt":"0","psnt":"   0,00","si":"12","psi":" 100,00","sni":"0","psni":"   0,00","sa":"12","psa":" 100,00","sna":"0","psna":"   0,00","e":"4291","ea":"4291","pea":" 100,00","ena":"0","pena":"   0,00","esi":"4291","pesi":" 100,00","esni":"0","pesni":"   0,00","c":"3745","pc":"  87,28","a":"546","pa":"  12,72","vscv":"0","vnom":"3487","pvnom":" 100,00","vvc":"3487","pvvc":"  93,11","vb":"22","pvb":"   0,59","tvn":"236","ptvn":"   6,30","vn":"236","pvn":" 100,00","vnt":"0","pvnt":"   0,00","vp":"0","pvp":"   0,00","vv":"3487","pvv":" 100,00","van":"0","pvan":"   0,00","vansj":"0","pvansj":"   0,00","tv":"3745","cand":[{"seq":"1","sqcand":"100000842280","n":"65","nm":"JOSA","cc":"PC do B - PL / PSDB / PC do B","nv":"DR\u00aa MARIANA","e":"s","st":"Eleito","dvt":"V\u00e1lido","vap":"2133","pvap":"  61,17"},{"seq":"2","sqcand":"100001202079","n":"51","nm":"RAMON IBIAPINO","cc":"PATRIOTA - PATRIOTA / PDT","nv":"JAMES COELHO","e":"n","st":"N\u00e3o eleito","dvt":"V\u00e1lido","vap":"1354","pvap":"  38,83"}]}
