{"ele":"426","tpabr":"mu","cdabr":"07994","carper":"11","t":"1","f":"o","dt":"15/11/2020","ht":"21:51:07","dv":"s","tf":"s","v":"1","esae":"n","mnae":"","s":"71","st":"71","pst":" 100,00","snt":"0","psnt":"   0,00","si":"71","psi":" 100,00","sni":"0","psni":"   0,00","sa":"71","psa":" 100,00","sna":"0","psna":"   0,00","e":"19438","ea":"19438","pea":" 100,00","ena":"0","pena":"   0,00","esi":"19438","pesi":" 100,00","esni":"0","pesni":"   0,00","c":"17654","pc":"  90,82","a":"1784","pa":"   9,18","vscv":"0","vnom":"17210","pvnom":" 100,00","vvc":"17210","pvvc":"  97,48","vb":"65","pvb":"   0,37","tvn":"379","ptvn":"   2,15","vn":"379","pvn":" 100,00","vnt":"0","pvnt":"   0,00","vp":"0","pvp":"   0,00","vv":"17210","pvv":" 100,00","van":"0","pvan":"   0,00","vansj":"0","pvansj":"   0,00","tv":"17654","cand":[{"seq":"3","sqcand":"100000767718","n":"12","nm":"MARQUINHO","cc":"PDT - PDT / PP / PV","nv":"KESIA CARVALHO","e":"n","st":"N\u00e3o eleito","dvt":"V\u00e1lido","vap":"4037","pvap":"  23,46"},{"seq":"1","sqcand":"100000767901","n":"10","nm":"WALACE","cc":"REPUBLICANOS - REPUBLICANOS / MDB / CIDADANIA / PTC / PSDB","nv":"CARLOS PEREIRA","e":"s","st":"Eleito","dvt":"V\u00e1lido","vap":"6866","pvap":"  39,90"},{"seq":"2","sqcand":"100000963297","n":"19","nm":"DR GLAUDSON","cc":"PODE - PMN / PODE","nv":"ZIZINHO","e":"n","st":"N\u00e3o eleito","dvt":"V\u00e1lido","vap":"5722","pvap":"  33,25"},{"seq":"5","sqcand":"100000768065","n":"77","nm":"JESS\u00c9","cc":"SOLIDARIEDADE","nv":"Z\u00c9 EDUARDO","e":"n","st":"N\u00e3o eleito","dvt":"V\u00e1lido","vap":"153","pvap":"   0,89"},{"seq":"4","sqcand":"100000921550","n":"20","nm":"TICIANE AMADINHA ","cc":"PSC - PSC / PSL","nv":"FRANCINETE JARDIM","e":"n","st":"N\u00e3o eleito","dvt":"V\u00e1lido","vap":"391","pvap":"   2,27"},{"seq":"6","sqcand":"100000767883","n":"16","nm":"PROFESSOR HELIOMAR BARRETO","cc":"PSTU","nv":"LUZIVANDA","e":"n","st":"N\u00e3o eleito","dvt":"V\u00e1lido","vap":"41","pvap":"   0,24"}]}
