{"ele":"426","tpabr":"mu","cdabr":"08010","carper":"11","t":"1","f":"o","dt":"15/11/2020","ht":"21:44:49","dv":"s","tf":"s","v":"1","esae":"n","mnae":"","s":"24","st":"24","pst":" 100,00","snt":"0","psnt":"   0,00","si":"24","psi":" 100,00","sni":"0","psni":"   0,00","sa":"24","psa":" 100,00","sna":"0","psna":"   0,00","e":"7657","ea":"7657","pea":" 100,00","ena":"0","pena":"   0,00","esi":"7657","pesi":" 100,00","esni":"0","pesni":"   0,00","c":"6704","pc":"  87,55","a":"953","pa":"  12,45","vscv":"0","vnom":"6350","pvnom":" 100,00","vvc":"6350","pvvc":"  94,72","vb":"112","pvb":"   1,67","tvn":"242","ptvn":"   3,61","vn":"242","pvn":" 100,00","vnt":"0","pvnt":"   0,00","vp":"0","pvp":"   0,00","vv":"6350","pvv":" 100,00","van":"0","pvan":"   0,00","vansj":"0","pvansj":"   0,00","tv":"6704","cand":[{"seq":"1","sqcand":"100001106225","n":"12","nm":"ERLANIO XAVIER","cc":"PDT - PDT / DEM","nv":"TOTOTA PINHEIRO","e":"s","st":"Eleito","dvt":"V\u00e1lido","vap":"5362","pvap":"  84,44"},{"seq":"2","sqcand":"100000733732","n":"17","nm":"JACINTA","cc":"PSL","nv":"ANTONIA PEREIRA","e":"n","st":"N\u00e3o eleito","dvt":"V\u00e1lido","vap":"988","pvap":"  15,56"}]}
