{"ele":"426","tpabr":"mu","cdabr":"08036","carper":"11","t":"1","f":"o","dt":"15/11/2020","ht":"22:15:26","dv":"s","tf":"s","v":"1","esae":"n","mnae":"","s":"455","st":"455","pst":" 100,00","snt":"0","psnt":"   0,00","si":"455","psi":" 100,00","sni":"0","psni":"   0,00","sa":"455","psa":" 100,00","sna":"0","psna":"   0,00","e":"169217","ea":"169217","pea":" 100,00","ena":"0","pena":"   0,00","esi":"169217","pesi":" 100,00","esni":"0","pesni":"   0,00","c":"137703","pc":"  81,38","a":"31514","pa":"  18,62","vscv":"0","vnom":"131553","pvnom":" 100,00","vvc":"131553","pvvc":"  95,53","vb":"1839","pvb":"   1,34","tvn":"4311","ptvn":"   3,13","vn":"4311","pvn":" 100,00","vnt":"0","pvnt":"   0,00","vp":"0","pvp":"   0,00","vv":"131553","pvv":" 100,00","van":"0","pvan":"   0,00","vansj":"0","pvansj":"   0,00","tv":"137703","cand":[{"seq":"2","sqcand":"100000776502","n":"65","nm":"MARCO AUR\u00c9LIO","cc":"PC do B - PC do B / SOLIDARIEDADE / PSB / PT / PDT","nv":"ROSI VICENTINI","e":"n","st":"N\u00e3o eleito","dvt":"V\u00e1lido","vap":"32853","pvap":"  24,97"},{"seq":"3","sqcand":"100001068057","n":"45","nm":"MADEIRA","cc":"PSDB - PSDB / PMN","nv":"PASTORA VANESSA","e":"n","st":"N\u00e3o eleito","dvt":"V\u00e1lido","vap":"21396","pvap":"  16,26"},{"seq":"4","sqcand":"100000956826","n":"11","nm":"ILDON MARQUES","cc":"PP - PATRIOTA / DC / PV / AVANTE / PROS / PP / CIDADANIA / PSD","nv":"RODRIGO BRASMAR","e":"n","st":"N\u00e3o eleito","dvt":"V\u00e1lido","vap":"18597","pvap":"  14,14"},{"seq":"8","sqcand":"100001094599","n":"50","nm":"ALUIZIO MELO","cc":"PSOL","nv":"SHARLIEL MACIEL","e":"n","st":"N\u00e3o eleito","dvt":"V\u00e1lido","vap":"130","pvap":"   0,10"},{"seq":"10","sqcand":"100000956403","n":"21","nm":"SANDRO RICARDO","cc":"PCB","nv":"FRANKLE DA COSTA","e":"n","st":"N\u00e3o eleito","dvt":"V\u00e1lido","vap":"72","pvap":"   0,05"},{"seq":"1","sqcand":"100001057365","n":"25","nm":"ASSIS","cc":"DEM - PTB / PSL / PL / DEM / MDB / REPUBLICANOS","nv":"ALCEMIR DA CONCEI\u00c7\u00c3O","e":"s","st":"Eleito","dvt":"V\u00e1lido","vap":"34253","pvap":"  26,04"},{"seq":"5","sqcand":"100001055910","n":"20","nm":"MARIANA CARVALHO","cc":"PSC","nv":"GLAUCIO SERAFIM","e":"n","st":"N\u00e3o eleito","dvt":"V\u00e1lido","vap":"10009","pvap":"   7,61"},{"seq":"7","sqcand":"100001058143","n":"28","nm":"DANIEL VIEIRA","cc":"PRTB","nv":"SARGENTO GOIA","e":"n","st":"N\u00e3o eleito","dvt":"V\u00e1lido","vap":"4210","pvap":"   3,20"},{"seq":"6","sqcand":"100001056681","n":"19","nm":"DANIEL FIIM","cc":"PODE","nv":"CARLOS LUCENA","e":"n","st":"N\u00e3o eleito","dvt":"V\u00e1lido","vap":"9915","pvap":"   7,54"},{"seq":"9","sqcand":"100000774644","n":"35","nm":"MANOEL GARIMPEIRO","cc":"PMB","nv":"NORMA","e":"n","st":"N\u00e3o eleito","dvt":"V\u00e1lido","vap":"118","pvap":"   0,09"}]}
