{"ele":"426","tpabr":"mu","cdabr":"08079","carper":"11","t":"1","f":"o","dt":"15/11/2020","ht":"22:03:30","dv":"s","tf":"s","v":"1","esae":"n","mnae":"","s":"128","st":"128","pst":" 100,00","snt":"0","psnt":"   0,00","si":"128","psi":" 100,00","sni":"0","psni":"   0,00","sa":"128","psa":" 100,00","sna":"0","psna":"   0,00","e":"42583","ea":"42583","pea":" 100,00","ena":"0","pena":"   0,00","esi":"42583","pesi":" 100,00","esni":"0","pesni":"   0,00","c":"35333","pc":"  82,97","a":"7250","pa":"  17,03","vscv":"0","vnom":"33375","pvnom":" 100,00","vvc":"33375","pvvc":"  94,46","vb":"335","pvb":"   0,95","tvn":"1623","ptvn":"   4,59","vn":"1623","pvn":" 100,00","vnt":"0","pvnt":"   0,00","vp":"0","pvp":"   0,00","vv":"33375","pvv":" 100,00","van":"0","pvan":"   0,00","vansj":"0","pvansj":"   0,00","tv":"35333","cand":[{"seq":"3","sqcand":"100000832988","n":"14","nm":"TENENTE WELTON","cc":"PTB","nv":"ZELIA DO ENTROCAMENTO","e":"n","st":"N\u00e3o eleito","dvt":"V\u00e1lido","vap":"3226","pvap":"   9,67"},{"seq":"1","sqcand":"100001207824","n":"40","nm":"COROBA","cc":"PSB - PSB / PSDB / PT / PROS","nv":"MAURICIO NASCIMENTO","e":"s","st":"Eleito","dvt":"V\u00e1lido","vap":"16710","pvap":"  50,07"},{"seq":"4","sqcand":"100001166610","n":"27","nm":"HERALDO COSTA","cc":"DC","nv":"PROF SETE","e":"n","st":"N\u00e3o eleito","dvt":"V\u00e1lido","vap":"125","pvap":"   0,37"},{"seq":"2","sqcand":"100001219580","n":"65","nm":"RICARDO LAGES","cc":"PC do B - PDT / PATRIOTA / AVANTE / PP / PMN / SOLIDARIEDADE / DEM / PSL / REPUBLICANOS / PC do B / PSD","nv":"FABIOLA MARRECA","e":"n","st":"N\u00e3o eleito","dvt":"V\u00e1lido","vap":"13314","pvap":"  39,89"}]}
