{"ele":"426","tpabr":"mu","cdabr":"08095","carper":"11","t":"1","f":"o","dt":"16/11/2020","ht":"09:04:24","dv":"s","tf":"s","v":"1","esae":"n","mnae":"","s":"58","st":"58","pst":" 100,00","snt":"0","psnt":"   0,00","si":"58","psi":" 100,00","sni":"0","psni":"   0,00","sa":"58","psa":" 100,00","sna":"0","psna":"   0,00","e":"18848","ea":"18848","pea":" 100,00","ena":"0","pena":"   0,00","esi":"18848","pesi":" 100,00","esni":"0","pesni":"   0,00","c":"16307","pc":"  86,52","a":"2541","pa":"  13,48","vscv":"0","vnom":"15445","pvnom":" 100,00","vvc":"15445","pvvc":"  94,71","vb":"167","pvb":"   1,03","tvn":"695","ptvn":"   4,26","vn":"695","pvn":" 100,00","vnt":"0","pvnt":"   0,00","vp":"0","pvp":"   0,00","vv":"15445","pvv":" 100,00","van":"0","pvan":"   0,00","vansj":"0","pvansj":"   0,00","tv":"16307","cand":[{"seq":"3","sqcand":"100000765692","n":"15","nm":"RAIMUNDO CABELUDO","cc":"MDB","nv":"ELENILDA CARDOSO","e":"n","st":"N\u00e3o eleito","dvt":"V\u00e1lido","vap":"545","pvap":"   3,53"},{"seq":"4","sqcand":"100000958429","n":"17","nm":"JADSON BRASIL","cc":"PSL","nv":"EVERTON MENDES","e":"n","st":"N\u00e3o eleito","dvt":"V\u00e1lido","vap":"249","pvap":"   1,61"},{"seq":"2","sqcand":"100001254834","n":"43","nm":"DR FABIO HOLANDA","cc":"PV - PV / PTB","nv":"DRA MARCELA FARIAS","e":"n","st":"N\u00e3o eleito","dvt":"V\u00e1lido","vap":"7044","pvap":"  45,61"},{"seq":"1","sqcand":"100000845227","n":"12","nm":"VILSON SOARES","cc":"PDT - REPUBLICANOS / PP / PDT / PTB** / DEM / PSB / PSDB / SOLIDARIEDADE / PT / PATRIOTA / PSD / PC do B","nv":"DRA. PATRICIA","e":"s","st":"Eleito","dvt":"V\u00e1lido","vap":"7589","pvap":"  49,14"},{"seq":"5","sqcand":"100000945891","n":"50","nm":"DAYANIO","cc":"PSOL","nv":"GON\u00c7ALO VIEIRA","e":"n","st":"N\u00e3o eleito","dvt":"V\u00e1lido","vap":"18","pvap":"   0,12"}]}
