{"ele":"426","tpabr":"mu","cdabr":"08117","carper":"11","t":"1","f":"o","dt":"15/11/2020","ht":"21:49:58","dv":"s","tf":"s","v":"1","esae":"n","mnae":"","s":"34","st":"34","pst":" 100,00","snt":"0","psnt":"   0,00","si":"34","psi":" 100,00","sni":"0","psni":"   0,00","sa":"34","psa":" 100,00","sna":"0","psna":"   0,00","e":"10682","ea":"10682","pea":" 100,00","ena":"0","pena":"   0,00","esi":"10682","pesi":" 100,00","esni":"0","pesni":"   0,00","c":"9389","pc":"  87,90","a":"1293","pa":"  12,10","vscv":"0","vnom":"9188","pvnom":" 100,00","vvc":"9188","pvvc":"  97,86","vb":"46","pvb":"   0,49","tvn":"155","ptvn":"   1,65","vn":"155","pvn":" 100,00","vnt":"0","pvnt":"   0,00","vp":"0","pvp":"   0,00","vv":"9188","pvv":" 100,00","van":"0","pvan":"   0,00","vansj":"0","pvansj":"   0,00","tv":"9389","cand":[{"seq":"1","sqcand":"100000978766","n":"12","nm":"RAIMUNDO ZUCA","cc":"PDT - MDB / PC do B / PDT","nv":"DERICK MENESES","e":"s","st":"Eleito","dvt":"V\u00e1lido","vap":"5035","pvap":"  54,80"},{"seq":"2","sqcand":"100000663351","n":"10","nm":"LAECIO ALVES","cc":"REPUBLICANOS - REPUBLICANOS / SOLIDARIEDADE / PSDB / DEM / PL / PSB","nv":"GERSON DO DOMINGOS","e":"n","st":"N\u00e3o eleito","dvt":"V\u00e1lido","vap":"4153","pvap":"  45,20"}]}
