{"ele":"426","tpabr":"mu","cdabr":"08125","carper":"11","t":"1","f":"o","dt":"15/11/2020","ht":"22:04:52","dv":"s","tf":"s","v":"1","esae":"n","mnae":"","s":"19","st":"19","pst":" 100,00","snt":"0","psnt":"   0,00","si":"19","psi":" 100,00","sni":"0","psni":"   0,00","sa":"19","psa":" 100,00","sna":"0","psna":"   0,00","e":"5215","ea":"5215","pea":" 100,00","ena":"0","pena":"   0,00","esi":"5215","pesi":" 100,00","esni":"0","pesni":"   0,00","c":"4111","pc":"  78,83","a":"1104","pa":"  21,17","vscv":"0","vnom":"3952","pvnom":" 100,00","vvc":"3952","pvvc":"  96,13","vb":"38","pvb":"   0,93","tvn":"121","ptvn":"   2,94","vn":"121","pvn":" 100,00","vnt":"0","pvnt":"   0,00","vp":"0","pvp":"   0,00","vv":"3952","pvv":" 100,00","van":"0","pvan":"   0,00","vansj":"0","pvansj":"   0,00","tv":"4111","cand":[{"seq":"1","sqcand":"100001039002","n":"10","nm":"DR CA\u00c7ULA COELHO","cc":"REPUBLICANOS - REPUBLICANOS / PP / PT / PROS","nv":"BETINHO DA DEZ","e":"s","st":"Eleito","dvt":"V\u00e1lido","vap":"2007","pvap":"  50,78"},{"seq":"2","sqcand":"100001038865","n":"22","nm":"IVONE PINHO","cc":"PL - PL / AVANTE","nv":"SANDRO","e":"n","st":"N\u00e3o eleito","dvt":"V\u00e1lido","vap":"1945","pvap":"  49,22"}]}
