{"ele":"426","tpabr":"mu","cdabr":"08141","carper":"11","t":"1","f":"o","dt":"15/11/2020","ht":"23:37:30","dv":"s","tf":"s","v":"1","esae":"n","mnae":"","s":"45","st":"45","pst":" 100,00","snt":"0","psnt":"   0,00","si":"45","psi":" 100,00","sni":"0","psni":"   0,00","sa":"45","psa":" 100,00","sna":"0","psna":"   0,00","e":"15377","ea":"15377","pea":" 100,00","ena":"0","pena":"   0,00","esi":"15377","pesi":" 100,00","esni":"0","pesni":"   0,00","c":"11669","pc":"  75,89","a":"3708","pa":"  24,11","vscv":"0","vnom":"11182","pvnom":" 100,00","vvc":"11182","pvvc":"  95,83","vb":"62","pvb":"   0,53","tvn":"425","ptvn":"   3,64","vn":"425","pvn":" 100,00","vnt":"0","pvnt":"   0,00","vp":"0","pvp":"   0,00","vv":"11182","pvv":" 100,00","van":"0","pvan":"   0,00","vansj":"0","pvansj":"   0,00","tv":"11669","cand":[{"seq":"4","sqcand":"100001245802","n":"22","nm":"ORLANDO DA GALIZA","cc":"PL","nv":"KAROL BARROS","e":"n","st":"N\u00e3o eleito","dvt":"V\u00e1lido","vap":"19","pvap":"   0,17"},{"seq":"3","sqcand":"100000780696","n":"19","nm":"ALEX CAMELO","cc":"PODE","nv":"PASTOR EDUARDO","e":"n","st":"N\u00e3o eleito","dvt":"V\u00e1lido","vap":"1802","pvap":"  16,12"},{"seq":"2","sqcand":"100000779101","n":"55","nm":"DR EDISON","cc":"PSD - PP / MDB / PV / PSD","nv":"GUIBSON CHAGAS","e":"n","st":"N\u00e3o eleito","dvt":"V\u00e1lido","vap":"4466","pvap":"  39,94"},{"seq":"1","sqcand":"100001238372","n":"65","nm":"VAL\u00c9RIA","cc":"PC do B - PC do B / PDT","nv":"GILSON LIMA","e":"s","st":"Eleito","dvt":"V\u00e1lido","vap":"4895","pvap":"  43,78"}]}
