{"ele":"426","tpabr":"mu","cdabr":"08184","carper":"11","t":"1","f":"o","dt":"15/11/2020","ht":"22:19:22","dv":"s","tf":"s","v":"1","esae":"n","mnae":"","s":"19","st":"19","pst":" 100,00","snt":"0","psnt":"   0,00","si":"19","psi":" 100,00","sni":"0","psni":"   0,00","sa":"19","psa":" 100,00","sna":"0","psna":"   0,00","e":"6771","ea":"6771","pea":" 100,00","ena":"0","pena":"   0,00","esi":"6771","pesi":" 100,00","esni":"0","pesni":"   0,00","c":"5537","pc":"  81,78","a":"1234","pa":"  18,22","vscv":"0","vnom":"5410","pvnom":" 100,00","vvc":"5410","pvvc":"  97,71","vb":"23","pvb":"   0,41","tvn":"104","ptvn":"   1,88","vn":"104","pvn":" 100,00","vnt":"0","pvnt":"   0,00","vp":"0","pvp":"   0,00","vv":"5410","pvv":" 100,00","van":"0","pvan":"   0,00","vansj":"0","pvansj":"   0,00","tv":"5537","cand":[{"seq":"1","sqcand":"100000774133","n":"12","nm":"COCIFLAN","cc":"PDT - PC do B / PDT","nv":"EDUARDO JORGE","e":"s","st":"Eleito","dvt":"V\u00e1lido","vap":"2583","pvap":"  47,74"},{"seq":"4","sqcand":"100001064027","n":"51","nm":"ANDR\u00c9 LUCENA","cc":"PATRIOTA - PATRIOTA / AVANTE / PT","nv":"CAUBI FILHO","e":"n","st":"N\u00e3o eleito","dvt":"V\u00e1lido","vap":"112","pvap":"   2,07"},{"seq":"3","sqcand":"100000722237","n":"15","nm":"FAB\u00cdOLA FIQUENE","cc":"MDB","nv":"BUGUELO","e":"n","st":"N\u00e3o eleito","dvt":"V\u00e1lido","vap":"212","pvap":"   3,92"},{"seq":"2","sqcand":"100000836073","n":"77","nm":"DIONI ALVES","cc":"SOLIDARIEDADE - PODE / SOLIDARIEDADE / PSD / PTB","nv":"NEY DIFROGI ","e":"n","st":"N\u00e3o eleito","dvt":"V\u00e1lido","vap":"2503","pvap":"  46,27"}]}
