{"ele":"426","tpabr":"mu","cdabr":"08206","carper":"11","t":"1","f":"o","dt":"15/11/2020","ht":"21:52:21","dv":"s","tf":"s","v":"1","esae":"n","mnae":"","s":"16","st":"16","pst":" 100,00","snt":"0","psnt":"   0,00","si":"16","psi":" 100,00","sni":"0","psni":"   0,00","sa":"16","psa":" 100,00","sna":"0","psna":"   0,00","e":"5424","ea":"5424","pea":" 100,00","ena":"0","pena":"   0,00","esi":"5424","pesi":" 100,00","esni":"0","pesni":"   0,00","c":"4945","pc":"  91,17","a":"479","pa":"   8,83","vscv":"0","vnom":"4845","pvnom":" 100,00","vvc":"4845","pvvc":"  97,98","vb":"27","pvb":"   0,54","tvn":"73","ptvn":"   1,48","vn":"73","pvn":" 100,00","vnt":"0","pvnt":"   0,00","vp":"0","pvp":"   0,00","vv":"4845","pvv":" 100,00","van":"0","pvan":"   0,00","vansj":"0","pvansj":"   0,00","tv":"4945","cand":[{"seq":"1","sqcand":"100000976618","n":"11","nm":"SALOM\u00c3O","cc":"PP - PP / PSD / PSC","nv":"DR. MICHEL","e":"s","st":"Eleito","dvt":"V\u00e1lido","vap":"2459","pvap":"  50,75"},{"seq":"2","sqcand":"100001000536","n":"12","nm":"IDAN TORRES","cc":"PDT - REPUBLICANOS / PDT / PC do B","nv":"CICERO DO BOLA","e":"n","st":"N\u00e3o eleito","dvt":"V\u00e1lido","vap":"2386","pvap":"  49,25"}]}
