{"ele":"426","tpabr":"mu","cdabr":"08214","carper":"11","t":"1","f":"o","dt":"15/11/2020","ht":"21:03:53","dv":"s","tf":"s","v":"1","esae":"n","mnae":"","s":"26","st":"26","pst":" 100,00","snt":"0","psnt":"   0,00","si":"26","psi":" 100,00","sni":"0","psni":"   0,00","sa":"26","psa":" 100,00","sna":"0","psna":"   0,00","e":"8512","ea":"8512","pea":" 100,00","ena":"0","pena":"   0,00","esi":"8512","pesi":" 100,00","esni":"0","pesni":"   0,00","c":"7073","pc":"  83,09","a":"1439","pa":"  16,91","vscv":"0","vnom":"6823","pvnom":" 100,00","vvc":"6823","pvvc":"  96,47","vb":"49","pvb":"   0,69","tvn":"201","ptvn":"   2,84","vn":"201","pvn":" 100,00","vnt":"0","pvnt":"   0,00","vp":"0","pvp":"   0,00","vv":"6823","pvv":" 100,00","van":"0","pvan":"   0,00","vansj":"0","pvansj":"   0,00","tv":"7073","cand":[{"seq":"4","sqcand":"100000942521","n":"17","nm":"NILO CARNEIRO","cc":"PSL","nv":"C\u00c9LIO AUGUSTO","e":"n","st":"N\u00e3o eleito","dvt":"V\u00e1lido","vap":"62","pvap":"   0,91"},{"seq":"2","sqcand":"100001185289","n":"12","nm":"MARFRAN BRINGEL","cc":"PDT - PDT / DEM","nv":"DR CARMELO MACEDO","e":"n","st":"N\u00e3o eleito","dvt":"V\u00e1lido","vap":"2113","pvap":"  30,97"},{"seq":"3","sqcand":"100000944705","n":"14","nm":"ALESSANDRO COSTA","cc":"PTB","nv":"OBERD\u00c3","e":"n","st":"N\u00e3o eleito","dvt":"V\u00e1lido","vap":"1285","pvap":"  18,83"},{"seq":"1","sqcand":"100000973519","n":"10","nm":"GERMANO COELHO","cc":"REPUBLICANOS - PT / PROS / PC do B / PATRIOTA / REPUBLICANOS","nv":"LUIZ FILHO","e":"s","st":"Eleito","dvt":"V\u00e1lido","vap":"3363","pvap":"  49,29"}]}
