{"ele":"426","tpabr":"mu","cdabr":"08230","carper":"11","t":"1","f":"o","dt":"15/11/2020","ht":"21:50:37","dv":"s","tf":"s","v":"1","esae":"n","mnae":"","s":"17","st":"17","pst":" 100,00","snt":"0","psnt":"   0,00","si":"17","psi":" 100,00","sni":"0","psni":"   0,00","sa":"17","psa":" 100,00","sna":"0","psna":"   0,00","e":"5863","ea":"5863","pea":" 100,00","ena":"0","pena":"   0,00","esi":"5863","pesi":" 100,00","esni":"0","pesni":"   0,00","c":"4720","pc":"  80,50","a":"1143","pa":"  19,50","vscv":"0","vnom":"4548","pvnom":" 100,00","vvc":"4548","pvvc":"  96,36","vb":"39","pvb":"   0,82","tvn":"133","ptvn":"   2,82","vn":"133","pvn":" 100,00","vnt":"0","pvnt":"   0,00","vp":"0","pvp":"   0,00","vv":"4548","pvv":" 100,00","van":"0","pvan":"   0,00","vansj":"0","pvansj":"   0,00","tv":"4720","cand":[{"seq":"1","sqcand":"100000876037","n":"45","nm":"GILBERTO BRAGA","cc":"PSDB - PSDB / MDB / PT","nv":"PROFESSOR IZAQUE","e":"s","st":"Eleito","dvt":"V\u00e1lido","vap":"2746","pvap":"  60,38"},{"seq":"2","sqcand":"100001185833","n":"20","nm":"DRA BIA","cc":"PSC","nv":"ZE PINGO","e":"n","st":"N\u00e3o eleito","dvt":"V\u00e1lido","vap":"1802","pvap":"  39,62"}]}
