{"ele":"426","tpabr":"mu","cdabr":"08257","carper":"11","t":"1","f":"o","dt":"15/11/2020","ht":"22:26:55","dv":"s","tf":"s","v":"1","esae":"n","mnae":"","s":"38","st":"38","pst":" 100,00","snt":"0","psnt":"   0,00","si":"38","psi":" 100,00","sni":"0","psni":"   0,00","sa":"38","psa":" 100,00","sna":"0","psna":"   0,00","e":"13247","ea":"13247","pea":" 100,00","ena":"0","pena":"   0,00","esi":"13247","pesi":" 100,00","esni":"0","pesni":"   0,00","c":"10143","pc":"  76,57","a":"3104","pa":"  23,43","vscv":"0","vnom":"9718","pvnom":" 100,00","vvc":"9718","pvvc":"  95,81","vb":"96","pvb":"   0,95","tvn":"329","ptvn":"   3,24","vn":"329","pvn":" 100,00","vnt":"0","pvnt":"   0,00","vp":"0","pvp":"   0,00","vv":"9718","pvv":" 100,00","van":"0","pvan":"   0,00","vansj":"0","pvansj":"   0,00","tv":"10143","cand":[{"seq":"3","sqcand":"100000778807","n":"51","nm":"DOY","cc":"PATRIOTA","nv":"LUIS MESQUITA","e":"n","st":"N\u00e3o eleito","dvt":"V\u00e1lido","vap":"203","pvap":"   2,09"},{"seq":"4","sqcand":"100000780083","n":"77","nm":"ANTONIO TUNICO","cc":"SOLIDARIEDADE","nv":"CHICO DA GAVETA","e":"n","st":"N\u00e3o eleito","dvt":"V\u00e1lido","vap":"48","pvap":"   0,49"},{"seq":"1","sqcand":"100001227627","n":"15","nm":"NONATO CARVALHO","cc":"MDB - PT / MDB / PDT","nv":"RAFAEL","e":"s","st":"Eleito","dvt":"V\u00e1lido","vap":"4822","pvap":"  49,62"},{"seq":"2","sqcand":"100001054023","n":"65","nm":"COSTA JUNIOR","cc":"PC do B - PC do B / PTB","nv":"BERNARDINHA MONTEIRO","e":"n","st":"N\u00e3o eleito","dvt":"V\u00e1lido","vap":"4645","pvap":"  47,80"}]}
