{"ele":"426","tpabr":"mu","cdabr":"08265","carper":"11","t":"1","f":"o","dt":"15/11/2020","ht":"20:44:59","dv":"s","tf":"s","v":"1","esae":"n","mnae":"","s":"18","st":"18","pst":" 100,00","snt":"0","psnt":"   0,00","si":"18","psi":" 100,00","sni":"0","psni":"   0,00","sa":"18","psa":" 100,00","sna":"0","psna":"   0,00","e":"6010","ea":"6010","pea":" 100,00","ena":"0","pena":"   0,00","esi":"6010","pesi":" 100,00","esni":"0","pesni":"   0,00","c":"5520","pc":"  91,85","a":"490","pa":"   8,15","vscv":"0","vnom":"5360","pvnom":" 100,00","vvc":"5360","pvvc":"  97,10","vb":"30","pvb":"   0,54","tvn":"130","ptvn":"   2,36","vn":"130","pvn":" 100,00","vnt":"0","pvnt":"   0,00","vp":"0","pvp":"   0,00","vv":"5360","pvv":" 100,00","van":"0","pvan":"   0,00","vansj":"0","pvansj":"   0,00","tv":"5520","cand":[{"seq":"2","sqcand":"100001077047","n":"12","nm":"ANDR\u00c9 DO NICO","cc":"PDT - PDT / PTB","nv":"PAULO MIRANDA","e":"n","st":"N\u00e3o eleito","dvt":"V\u00e1lido","vap":"2397","pvap":"  44,72"},{"seq":"1","sqcand":"100000981118","n":"10","nm":"J\u00daNIOR DO POSTO","cc":"REPUBLICANOS - REPUBLICANOS / PP / PSD","nv":"LEDA CARDOSO","e":"s","st":"Eleito","dvt":"V\u00e1lido","vap":"2963","pvap":"  55,28"}]}
