{"ele":"426","tpabr":"mu","cdabr":"08281","carper":"11","t":"1","f":"o","dt":"15/11/2020","ht":"21:53:51","dv":"s","tf":"s","v":"1","esae":"n","mnae":"","s":"21","st":"21","pst":" 100,00","snt":"0","psnt":"   0,00","si":"21","psi":" 100,00","sni":"0","psni":"   0,00","sa":"21","psa":" 100,00","sna":"0","psna":"   0,00","e":"7912","ea":"7912","pea":" 100,00","ena":"0","pena":"   0,00","esi":"7912","pesi":" 100,00","esni":"0","pesni":"   0,00","c":"6789","pc":"  85,81","a":"1123","pa":"  14,19","vscv":"0","vnom":"6550","pvnom":" 100,00","vvc":"6550","pvvc":"  96,48","vb":"43","pvb":"   0,63","tvn":"196","ptvn":"   2,89","vn":"196","pvn":" 100,00","vnt":"0","pvnt":"   0,00","vp":"0","pvp":"   0,00","vv":"6550","pvv":" 100,00","van":"0","pvan":"   0,00","vansj":"0","pvansj":"   0,00","tv":"6789","cand":[{"seq":"1","sqcand":"100000936332","n":"17","nm":"RONEI ALENCAR","cc":"PSL - PSL / PSDB / MDB / PSB","nv":"EDINALVA BRAND\u00c3O","e":"s","st":"Eleito","dvt":"V\u00e1lido","vap":"3776","pvap":"  57,65"},{"seq":"3","sqcand":"100000936286","n":"23","nm":"DOGIVAL CORREIA","cc":"CIDADANIA","nv":"ZEZ\u00c3O DO PT","e":"n","st":"N\u00e3o eleito","dvt":"V\u00e1lido","vap":"43","pvap":"   0,66"},{"seq":"2","sqcand":"100001100237","n":"65","nm":"AD\u00c3O CARNEIRO","cc":"PC do B - PTB / PSD / PC do B / DEM","nv":"ANA QUITERIA ","e":"n","st":"N\u00e3o eleito","dvt":"V\u00e1lido","vap":"2731","pvap":"  41,69"}]}
