{"ele":"426","tpabr":"mu","cdabr":"08303","carper":"11","t":"1","f":"o","dt":"15/11/2020","ht":"21:44:46","dv":"s","tf":"s","v":"1","esae":"n","mnae":"","s":"40","st":"40","pst":" 100,00","snt":"0","psnt":"   0,00","si":"40","psi":" 100,00","sni":"0","psni":"   0,00","sa":"40","psa":" 100,00","sna":"0","psna":"   0,00","e":"10768","ea":"10768","pea":" 100,00","ena":"0","pena":"   0,00","esi":"10768","pesi":" 100,00","esni":"0","pesni":"   0,00","c":"8147","pc":"  75,66","a":"2621","pa":"  24,34","vscv":"0","vnom":"7831","pvnom":" 100,00","vvc":"7831","pvvc":"  96,12","vb":"54","pvb":"   0,66","tvn":"262","ptvn":"   3,22","vn":"262","pvn":" 100,00","vnt":"0","pvnt":"   0,00","vp":"0","pvp":"   0,00","vv":"7831","pvv":" 100,00","van":"0","pvan":"   0,00","vansj":"0","pvansj":"   0,00","tv":"8147","cand":[{"seq":"2","sqcand":"100000807692","n":"25","nm":"FERNANDO IPIRANGA","cc":"DEM","nv":"JARDENIA DO ZEZINHO","e":"n","st":"N\u00e3o eleito","dvt":"V\u00e1lido","vap":"2750","pvap":"  35,12"},{"seq":"1","sqcand":"100000651770","n":"10","nm":"PETECA","cc":"REPUBLICANOS - REPUBLICANOS / PTB / PT / PSL","nv":"DEMIR","e":"s","st":"Eleito","dvt":"V\u00e1lido","vap":"5081","pvap":"  64,88"}]}
