{"ele":"426","tpabr":"mu","cdabr":"08338","carper":"11","t":"1","f":"o","dt":"15/11/2020","ht":"21:43:36","dv":"s","tf":"s","v":"1","esae":"n","mnae":"","s":"38","st":"38","pst":" 100,00","snt":"0","psnt":"   0,00","si":"38","psi":" 100,00","sni":"0","psni":"   0,00","sa":"38","psa":" 100,00","sna":"0","psna":"   0,00","e":"14274","ea":"14274","pea":" 100,00","ena":"0","pena":"   0,00","esi":"14274","pesi":" 100,00","esni":"0","pesni":"   0,00","c":"12409","pc":"  86,93","a":"1865","pa":"  13,07","vscv":"0","vnom":"11708","pvnom":" 100,00","vvc":"11708","pvvc":"  94,35","vb":"85","pvb":"   0,69","tvn":"616","ptvn":"   4,96","vn":"616","pvn":" 100,00","vnt":"0","pvnt":"   0,00","vp":"0","pvp":"   0,00","vv":"11708","pvv":" 100,00","van":"0","pvan":"   0,00","vansj":"0","pvansj":"   0,00","tv":"12409","cand":[{"seq":"1","sqcand":"100001003432","n":"10","nm":"DOMINGAS CABRAL","cc":"REPUBLICANOS - PSC / PT / REDE / REPUBLICANOS / PL","nv":"ABRA\u00c3O DO JOELINO","e":"s","st":"Eleito","dvt":"V\u00e1lido","vap":"6776","pvap":"  57,87"},{"seq":"2","sqcand":"100001166047","n":"65","nm":"RONY","cc":"PC do B - PTB / PC do B / PSDB / MDB","nv":"ARMANDINHO","e":"n","st":"N\u00e3o eleito","dvt":"V\u00e1lido","vap":"4932","pvap":"  42,13"}]}
