{"ele":"426","tpabr":"mu","cdabr":"08354","carper":"11","t":"1","f":"o","dt":"15/11/2020","ht":"22:24:41","dv":"s","tf":"s","v":"1","esae":"n","mnae":"","s":"30","st":"30","pst":" 100,00","snt":"0","psnt":"   0,00","si":"30","psi":" 100,00","sni":"0","psni":"   0,00","sa":"30","psa":" 100,00","sna":"0","psna":"   0,00","e":"10324","ea":"10324","pea":" 100,00","ena":"0","pena":"   0,00","esi":"10324","pesi":" 100,00","esni":"0","pesni":"   0,00","c":"8779","pc":"  85,03","a":"1545","pa":"  14,97","vscv":"0","vnom":"8428","pvnom":" 100,00","vvc":"8428","pvvc":"  96,00","vb":"80","pvb":"   0,91","tvn":"271","ptvn":"   3,09","vn":"271","pvn":" 100,00","vnt":"0","pvnt":"   0,00","vp":"0","pvp":"   0,00","vv":"8428","pvv":" 100,00","van":"0","pvan":"   0,00","vansj":"0","pvansj":"   0,00","tv":"8779","cand":[{"seq":"2","sqcand":"100001031795","n":"10","nm":"DAYVISON DO POSTO","cc":"REPUBLICANOS - REPUBLICANOS / MDB / PSC / PT / CIDADANIA","nv":"ARMSTRONG LEMOS","e":"n","st":"N\u00e3o eleito","dvt":"V\u00e1lido","vap":"2859","pvap":"  33,92"},{"seq":"1","sqcand":"100001193772","n":"11","nm":"AMAURY","cc":"PP - PP / PDT","nv":"EDUARDO AMORIM","e":"s","st":"Eleito","dvt":"V\u00e1lido","vap":"4063","pvap":"  48,21"},{"seq":"3","sqcand":"100001032525","n":"40","nm":"CARLOS KLEI","cc":"PSB - PSDB / SOLIDARIEDADE / PSB","nv":"BAD\u00da PRODU\u00c7\u00d5ES","e":"n","st":"N\u00e3o eleito","dvt":"V\u00e1lido","vap":"1506","pvap":"  17,87"}]}
