{"ele":"426","tpabr":"mu","cdabr":"08370","carper":"11","t":"1","f":"o","dt":"15/11/2020","ht":"22:20:14","dv":"s","tf":"s","v":"1","esae":"n","mnae":"","s":"72","st":"72","pst":" 100,00","snt":"0","psnt":"   0,00","si":"72","psi":" 100,00","sni":"0","psni":"   0,00","sa":"72","psa":" 100,00","sna":"0","psna":"   0,00","e":"18599","ea":"18599","pea":" 100,00","ena":"0","pena":"   0,00","esi":"18599","pesi":" 100,00","esni":"0","pesni":"   0,00","c":"15422","pc":"  82,92","a":"3177","pa":"  17,08","vscv":"0","vnom":"14588","pvnom":" 100,00","vvc":"14588","pvvc":"  94,59","vb":"155","pvb":"   1,01","tvn":"679","ptvn":"   4,40","vn":"679","pvn":" 100,00","vnt":"0","pvnt":"   0,00","vp":"0","pvp":"   0,00","vv":"14588","pvv":" 100,00","van":"0","pvan":"   0,00","vansj":"0","pvansj":"   0,00","tv":"15422","cand":[{"seq":"2","sqcand":"100001218273","n":"65","nm":"JESIEL","cc":"PC do B","nv":"DEUSA DA RITA","e":"n","st":"N\u00e3o eleito","dvt":"V\u00e1lido","vap":"6677","pvap":"  45,77"},{"seq":"3","sqcand":"100001218063","n":"14","nm":"DR.GLAUBERT ANDRADE","cc":"PTB","nv":"JO\u00c3O FRANCISCO","e":"n","st":"N\u00e3o eleito","dvt":"V\u00e1lido","vap":"284","pvap":"   1,95"},{"seq":"1","sqcand":"100001060267","n":"22","nm":"CLAUDIA SILVA","cc":"PL - PV / PL / PSDB / PT","nv":"MARIO CARDOSO","e":"s","st":"Eleito","dvt":"V\u00e1lido","vap":"7627","pvap":"  52,28"}]}
