{"ele":"426","tpabr":"mu","cdabr":"08389","carper":"11","t":"1","f":"o","dt":"15/11/2020","ht":"20:52:32","dv":"s","tf":"s","v":"1","esae":"n","mnae":"","s":"26","st":"26","pst":" 100,00","snt":"0","psnt":"   0,00","si":"26","psi":" 100,00","sni":"0","psni":"   0,00","sa":"26","psa":" 100,00","sna":"0","psna":"   0,00","e":"9494","ea":"9494","pea":" 100,00","ena":"0","pena":"   0,00","esi":"9494","pesi":" 100,00","esni":"0","pesni":"   0,00","c":"7284","pc":"  76,72","a":"2210","pa":"  23,28","vscv":"0","vnom":"7064","pvnom":" 100,00","vvc":"7064","pvvc":"  96,98","vb":"33","pvb":"   0,45","tvn":"187","ptvn":"   2,57","vn":"187","pvn":" 100,00","vnt":"0","pvnt":"   0,00","vp":"0","pvp":"   0,00","vv":"7064","pvv":" 100,00","van":"0","pvan":"   0,00","vansj":"0","pvansj":"   0,00","tv":"7284","cand":[{"seq":"4","sqcand":"100001211785","n":"77","nm":"ROBERTINHO","cc":"SOLIDARIEDADE","nv":"RATINHO","e":"n","st":"N\u00e3o eleito","dvt":"V\u00e1lido","vap":"192","pvap":"   2,72"},{"seq":"5","sqcand":"100001237284","n":"65","nm":"DRA LILLIAN","cc":"PC do B","nv":"BRAGA DA HORTA","e":"n","st":"N\u00e3o eleito","dvt":"V\u00e1lido","vap":"3","pvap":"   0,04"},{"seq":"1","sqcand":"100001050269","n":"14","nm":"MARILIA GON\u00c7ALVES","cc":"PTB","nv":"TULLIO GON\u00c7ALVES","e":"s","st":"Eleito","dvt":"V\u00e1lido","vap":"2366","pvap":"  33,49"},{"seq":"3","sqcand":"100001050672","n":"22","nm":"SAMUEL RIBEIRO","cc":"PL - PL / AVANTE","nv":"IDECLEY","e":"n","st":"N\u00e3o eleito","dvt":"V\u00e1lido","vap":"2162","pvap":"  30,61"},{"seq":"2","sqcand":"100000976129","n":"40","nm":"PELEZINHO","cc":"PSB - PSB / REPUBLICANOS / PT","nv":"GILDEON","e":"n","st":"N\u00e3o eleito","dvt":"V\u00e1lido","vap":"2341","pvap":"  33,14"}]}
