{"ele":"426","tpabr":"mu","cdabr":"08419","carper":"11","t":"1","f":"o","dt":"15/11/2020","ht":"22:12:07","dv":"s","tf":"s","v":"1","esae":"n","mnae":"","s":"52","st":"52","pst":" 100,00","snt":"0","psnt":"   0,00","si":"52","psi":" 100,00","sni":"0","psni":"   0,00","sa":"52","psa":" 100,00","sna":"0","psna":"   0,00","e":"15855","ea":"15855","pea":" 100,00","ena":"0","pena":"   0,00","esi":"15855","pesi":" 100,00","esni":"0","pesni":"   0,00","c":"13089","pc":"  82,55","a":"2766","pa":"  17,45","vscv":"0","vnom":"12648","pvnom":" 100,00","vvc":"12648","pvvc":"  96,63","vb":"94","pvb":"   0,72","tvn":"347","ptvn":"   2,65","vn":"347","pvn":" 100,00","vnt":"0","pvnt":"   0,00","vp":"0","pvp":"   0,00","vv":"12648","pvv":" 100,00","van":"0","pvan":"   0,00","vansj":"0","pvansj":"   0,00","tv":"13089","cand":[{"seq":"2","sqcand":"100000653997","n":"12","nm":"SIDRACK","cc":"PDT - PDT / MDB","nv":"FABIANO LOPES","e":"n","st":"N\u00e3o eleito","dvt":"V\u00e1lido","vap":"5472","pvap":"  43,26"},{"seq":"1","sqcand":"100000765457","n":"22","nm":"PARAIBA","cc":"PL - PC do B / PL","nv":"PROFESSOR EDINALDO","e":"s","st":"Eleito","dvt":"V\u00e1lido","vap":"7176","pvap":"  56,74"}]}
