{"ele":"426","tpabr":"mu","cdabr":"08451","carper":"11","t":"1","f":"o","dt":"15/11/2020","ht":"22:02:07","dv":"s","tf":"s","v":"1","esae":"n","mnae":"","s":"12","st":"12","pst":" 100,00","snt":"0","psnt":"   0,00","si":"12","psi":" 100,00","sni":"0","psni":"   0,00","sa":"12","psa":" 100,00","sna":"0","psna":"   0,00","e":"3856","ea":"3856","pea":" 100,00","ena":"0","pena":"   0,00","esi":"3856","pesi":" 100,00","esni":"0","pesni":"   0,00","c":"3443","pc":"  89,29","a":"413","pa":"  10,71","vscv":"0","vnom":"3359","pvnom":" 100,00","vvc":"3359","pvvc":"  97,56","vb":"16","pvb":"   0,46","tvn":"68","ptvn":"   1,98","vn":"68","pvn":" 100,00","vnt":"0","pvnt":"   0,00","vp":"0","pvp":"   0,00","vv":"3359","pvv":" 100,00","van":"0","pvan":"   0,00","vansj":"0","pvansj":"   0,00","tv":"3443","cand":[{"seq":"1","sqcand":"100000930341","n":"22","nm":"DANIEL CASTRO","cc":"PL - REPUBLICANOS / PL","nv":"EVA VIEIRA","e":"s","st":"Eleito","dvt":"V\u00e1lido","vap":"1751","pvap":"  52,13"},{"seq":"2","sqcand":"100000883120","n":"65","nm":"MAYRA GUIMAR\u00c3ES","cc":"PC do B - PDT / PC do B","nv":"ABRA\u00c3O COELHO","e":"n","st":"N\u00e3o eleito","dvt":"V\u00e1lido","vap":"1608","pvap":"  47,87"}]}
