{"ele":"426","tpabr":"mu","cdabr":"08460","carper":"11","t":"1","f":"o","dt":"16/11/2020","ht":"00:23:49","dv":"s","tf":"s","v":"1","esae":"n","mnae":"","s":"23","st":"23","pst":" 100,00","snt":"0","psnt":"   0,00","si":"23","psi":" 100,00","sni":"0","psni":"   0,00","sa":"23","psa":" 100,00","sna":"0","psna":"   0,00","e":"6801","ea":"6801","pea":" 100,00","ena":"0","pena":"   0,00","esi":"6801","pesi":" 100,00","esni":"0","pesni":"   0,00","c":"5649","pc":"  83,06","a":"1152","pa":"  16,94","vscv":"0","vnom":"5540","pvnom":" 100,00","vvc":"5540","pvvc":"  98,07","vb":"16","pvb":"   0,28","tvn":"93","ptvn":"   1,65","vn":"93","pvn":" 100,00","vnt":"0","pvnt":"   0,00","vp":"0","pvp":"   0,00","vv":"5540","pvv":" 100,00","van":"0","pvan":"   0,00","vansj":"0","pvansj":"   0,00","tv":"5649","cand":[{"seq":"1","sqcand":"100000740495","n":"22","nm":"SANTOS FRANKLIN","cc":"PL - REPUBLICANOS / PL","nv":"CASSIO GEORDANE","e":"s","st":"Eleito","dvt":"V\u00e1lido","vap":"3105","pvap":"  56,05"},{"seq":"2","sqcand":"100000724169","n":"25","nm":"MARQUINHOS","cc":"DEM","nv":"VITAL","e":"n","st":"N\u00e3o eleito","dvt":"V\u00e1lido","vap":"2435","pvap":"  43,95"}]}
