{"ele":"426","tpabr":"mu","cdabr":"08478","carper":"11","t":"1","f":"o","dt":"15/11/2020","ht":"20:23:14","dv":"s","tf":"s","v":"1","esae":"n","mnae":"","s":"48","st":"48","pst":" 100,00","snt":"0","psnt":"   0,00","si":"48","psi":" 100,00","sni":"0","psni":"   0,00","sa":"48","psa":" 100,00","sna":"0","psna":"   0,00","e":"15216","ea":"15216","pea":" 100,00","ena":"0","pena":"   0,00","esi":"15216","pesi":" 100,00","esni":"0","pesni":"   0,00","c":"11685","pc":"  76,79","a":"3531","pa":"  23,21","vscv":"0","vnom":"11141","pvnom":" 100,00","vvc":"11141","pvvc":"  95,34","vb":"84","pvb":"   0,72","tvn":"460","ptvn":"   3,94","vn":"460","pvn":" 100,00","vnt":"0","pvnt":"   0,00","vp":"0","pvp":"   0,00","vv":"11141","pvv":" 100,00","van":"0","pvan":"   0,00","vansj":"0","pvansj":"   0,00","tv":"11685","cand":[{"seq":"1","sqcand":"100000939449","n":"65","nm":"GLAUBER AZEVEDO","cc":"PC do B - PP / PC do B / PDT","nv":"VAVAL GOMES","e":"s","st":"Eleito","dvt":"V\u00e1lido","vap":"5903","pvap":"  52,98"},{"seq":"2","sqcand":"100000771194","n":"22","nm":"VILIANE","cc":"PL - MDB / PL / DEM / AVANTE","nv":"CAIO","e":"n","st":"N\u00e3o eleito","dvt":"V\u00e1lido","vap":"5238","pvap":"  47,02"}]}
