{"ele":"426","tpabr":"mu","cdabr":"08494","carper":"11","t":"1","f":"o","dt":"15/11/2020","ht":"22:53:57","dv":"s","tf":"s","v":"1","esae":"n","mnae":"","s":"195","st":"195","pst":" 100,00","snt":"0","psnt":"   0,00","si":"195","psi":" 100,00","sni":"0","psni":"   0,00","sa":"195","psa":" 100,00","sna":"0","psna":"   0,00","e":"68535","ea":"68535","pea":" 100,00","ena":"0","pena":"   0,00","esi":"68535","pesi":" 100,00","esni":"0","pesni":"   0,00","c":"58019","pc":"  84,66","a":"10516","pa":"  15,34","vscv":"0","vnom":"53462","pvnom":" 100,00","vvc":"53462","pvvc":"  92,15","vb":"1909","pvb":"   3,29","tvn":"2648","ptvn":"   4,56","vn":"2648","pvn":" 100,00","vnt":"0","pvnt":"   0,00","vp":"0","pvp":"   0,00","vv":"53462","pvv":" 100,00","van":"0","pvan":"   0,00","vansj":"0","pvansj":"   0,00","tv":"58019","cand":[{"seq":"2","sqcand":"100000722919","n":"22","nm":"FRED CAMPOS","cc":"PL - CIDADANIA / PMB / PATRIOTA / PSD / AVANTE / PDT / PL / REPUBLICANOS / PP","nv":"TIAGO DO IESF","e":"n","st":"N\u00e3o eleito","dvt":"V\u00e1lido","vap":"23501","pvap":"  43,96"},{"seq":"6","sqcand":"100001233276","n":"27","nm":"EDINALDO MOURA","cc":"DC","nv":"KATIA NEVES","e":"n","st":"N\u00e3o eleito","dvt":"V\u00e1lido","vap":"471","pvap":"   0,88"},{"seq":"3","sqcand":"100000644077","n":"17","nm":"FRANCISCO NETO","cc":"PSL - PSL / REDE","nv":"NATHALIA DUTRA","e":"n","st":"N\u00e3o eleito","dvt":"V\u00e1lido","vap":"2059","pvap":"   3,85"},{"seq":"4","sqcand":"100000995337","n":"20","nm":"KARLA MARIA","cc":"PSC","nv":"SARGENTO AUR\u00c9LIO","e":"n","st":"N\u00e3o eleito","dvt":"V\u00e1lido","vap":"1886","pvap":"   3,53"},{"seq":"5","sqcand":"100000678928","n":"43","nm":"BAMAL DO IGUAIBA","cc":"PV","nv":"GILMA SENA","e":"n","st":"N\u00e3o eleito","dvt":"V\u00e1lido","vap":"500","pvap":"   0,94"},{"seq":"1","sqcand":"100000723620","n":"65","nm":"PAULA","cc":"PC do B - PSB / PROS / PT / PTB / PRTB / PSDB / PC do B","nv":"INALDO PEREIRA","e":"s","st":"Eleito","dvt":"V\u00e1lido","vap":"25045","pvap":"  46,85"}]}
