{"ele":"426","tpabr":"mu","cdabr":"08532","carper":"11","t":"1","f":"o","dt":"15/11/2020","ht":"22:11:00","dv":"s","tf":"s","v":"1","esae":"n","mnae":"","s":"38","st":"38","pst":" 100,00","snt":"0","psnt":"   0,00","si":"38","psi":" 100,00","sni":"0","psni":"   0,00","sa":"38","psa":" 100,00","sna":"0","psna":"   0,00","e":"13886","ea":"13886","pea":" 100,00","ena":"0","pena":"   0,00","esi":"13886","pesi":" 100,00","esni":"0","pesni":"   0,00","c":"11222","pc":"  80,82","a":"2664","pa":"  19,18","vscv":"0","vnom":"10659","pvnom":" 100,00","vvc":"10659","pvvc":"  94,98","vb":"111","pvb":"   0,99","tvn":"452","ptvn":"   4,03","vn":"452","pvn":" 100,00","vnt":"0","pvnt":"   0,00","vp":"0","pvp":"   0,00","vv":"10659","pvv":" 100,00","van":"0","pvan":"   0,00","vansj":"0","pvansj":"   0,00","tv":"11222","cand":[{"seq":"3","sqcand":"100001257867","n":"13","nm":"EDIMAR DO EDINHO","cc":"PT","nv":"ITAJACI","e":"n","st":"N\u00e3o eleito","dvt":"V\u00e1lido","vap":"11","pvap":"   0,10"},{"seq":"1","sqcand":"100000994668","n":"14","nm":"VANESSA FURTADO","cc":"PTB - PTB / MDB / DEM / PRTB","nv":"OLIVAN COELHO","e":"s","st":"Eleito","dvt":"V\u00e1lido","vap":"5801","pvap":"  54,42"},{"seq":"2","sqcand":"100001250324","n":"65","nm":"RICARDO CAMPOS","cc":"PC do B","nv":"DR ZEQUINHA","e":"n","st":"N\u00e3o eleito","dvt":"V\u00e1lido","vap":"4847","pvap":"  45,47"}]}
