{"ele":"426","tpabr":"mu","cdabr":"08567","carper":"11","t":"1","f":"o","dt":"15/11/2020","ht":"21:28:25","dv":"s","tf":"s","v":"1","esae":"n","mnae":"","s":"49","st":"49","pst":" 100,00","snt":"0","psnt":"   0,00","si":"49","psi":" 100,00","sni":"0","psni":"   0,00","sa":"49","psa":" 100,00","sna":"0","psna":"   0,00","e":"15930","ea":"15930","pea":" 100,00","ena":"0","pena":"   0,00","esi":"15930","pesi":" 100,00","esni":"0","pesni":"   0,00","c":"13312","pc":"  83,57","a":"2618","pa":"  16,43","vscv":"0","vnom":"12737","pvnom":" 100,00","vvc":"12737","pvvc":"  95,68","vb":"145","pvb":"   1,09","tvn":"430","ptvn":"   3,23","vn":"430","pvn":" 100,00","vnt":"0","pvnt":"   0,00","vp":"0","pvp":"   0,00","vv":"12737","pvv":" 100,00","van":"0","pvan":"   0,00","vansj":"0","pvansj":"   0,00","tv":"13312","cand":[{"seq":"2","sqcand":"100000988617","n":"22","nm":"VIN\u00cdCIUS LOURO","cc":"PL - PL / PC do B / REPUBLICANOS","nv":"PAULO CHICOTE","e":"n","st":"N\u00e3o eleito","dvt":"V\u00e1lido","vap":"4532","pvap":"  35,58"},{"seq":"1","sqcand":"100000673411","n":"12","nm":"DR DEIBSON BALE","cc":"PDT - PDT / PTB / DEM","nv":"DR GUSTAVO BRANDAO","e":"s","st":"Eleito","dvt":"V\u00e1lido","vap":"8205","pvap":"  64,42"}]}
