{"ele":"426","tpabr":"mu","cdabr":"08591","carper":"11","t":"1","f":"o","dt":"15/11/2020","ht":"22:02:27","dv":"s","tf":"s","v":"1","esae":"n","mnae":"","s":"46","st":"46","pst":" 100,00","snt":"0","psnt":"   0,00","si":"46","psi":" 100,00","sni":"0","psni":"   0,00","sa":"46","psa":" 100,00","sna":"0","psna":"   0,00","e":"13846","ea":"13846","pea":" 100,00","ena":"0","pena":"   0,00","esi":"13846","pesi":" 100,00","esni":"0","pesni":"   0,00","c":"12084","pc":"  87,27","a":"1762","pa":"  12,73","vscv":"0","vnom":"11780","pvnom":" 100,00","vvc":"11780","pvvc":"  97,48","vb":"57","pvb":"   0,48","tvn":"247","ptvn":"   2,04","vn":"247","pvn":" 100,00","vnt":"0","pvnt":"   0,00","vp":"0","pvp":"   0,00","vv":"11780","pvv":" 100,00","van":"0","pvan":"   0,00","vansj":"0","pvansj":"   0,00","tv":"12084","cand":[{"seq":"2","sqcand":"100000881225","n":"11","nm":"MATHEUS 11","cc":"PP - PP / PT / PTC","nv":"CHIQUINHO CAMAPUM","e":"n","st":"N\u00e3o eleito","dvt":"V\u00e1lido","vap":"5711","pvap":"  48,48"},{"seq":"1","sqcand":"100000881853","n":"14","nm":"ENOQUE MOTA","cc":"PTB - REPUBLICANOS / PSDB / PTB / PC do B / PMB","nv":"REINALDO DO RAIMUNDO NENA","e":"s","st":"Eleito","dvt":"V\u00e1lido","vap":"6069","pvap":"  51,52"}]}
