{"ele":"426","tpabr":"mu","cdabr":"08605","carper":"11","t":"1","f":"o","dt":"15/11/2020","ht":"21:48:12","dv":"s","tf":"s","v":"1","esae":"n","mnae":"","s":"51","st":"51","pst":" 100,00","snt":"0","psnt":"   0,00","si":"51","psi":" 100,00","sni":"0","psni":"   0,00","sa":"51","psa":" 100,00","sna":"0","psna":"   0,00","e":"15728","ea":"15728","pea":" 100,00","ena":"0","pena":"   0,00","esi":"15728","pesi":" 100,00","esni":"0","pesni":"   0,00","c":"11880","pc":"  75,53","a":"3848","pa":"  24,47","vscv":"0","vnom":"11465","pvnom":" 100,00","vvc":"11465","pvvc":"  96,51","vb":"68","pvb":"   0,57","tvn":"347","ptvn":"   2,92","vn":"347","pvn":" 100,00","vnt":"0","pvnt":"   0,00","vp":"0","pvp":"   0,00","vv":"11465","pvv":" 100,00","van":"0","pvan":"   0,00","vansj":"0","pvansj":"   0,00","tv":"11880","cand":[{"seq":"4","sqcand":"100001207625","n":"18","nm":"MANELZINHO DO FRANGO","cc":"REDE","nv":"IRM\u00c3O FROES","e":"n","st":"N\u00e3o eleito","dvt":"V\u00e1lido","vap":"293","pvap":"   2,56"},{"seq":"3","sqcand":"100000646848","n":"45","nm":"BILECO","cc":"PSDB","nv":"BRANQUINHA","e":"n","st":"N\u00e3o eleito","dvt":"V\u00e1lido","vap":"453","pvap":"   3,95"},{"seq":"2","sqcand":"100000786404","n":"22","nm":"GONZAGA FERRAZ","cc":"PL - PL / REPUBLICANOS","nv":"Z\u00c9 MARIA SAMPAIO","e":"n","st":"N\u00e3o eleito","dvt":"V\u00e1lido","vap":"3583","pvap":"  31,25"},{"seq":"5","sqcand":"100001250274","n":"13","nm":"NATAL GON\u00c7ALVES","cc":"PT","nv":"JOELSON VIEIRA MARTINS","e":"n","st":"N\u00e3o eleito","dvt":"V\u00e1lido","vap":"3","pvap":"   0,03"},{"seq":"1","sqcand":"100000640251","n":"14","nm":"PAULO CURI\u00d3","cc":"PTB - PTB / PC do B / PATRIOTA","nv":"JANAINA","e":"s","st":"Eleito","dvt":"V\u00e1lido","vap":"7133","pvap":"  62,22"}]}
