{"ele":"426","tpabr":"mu","cdabr":"08621","carper":"11","t":"1","f":"o","dt":"15/11/2020","ht":"21:41:56","dv":"s","tf":"s","v":"1","esae":"n","mnae":"","s":"23","st":"23","pst":" 100,00","snt":"0","psnt":"   0,00","si":"23","psi":" 100,00","sni":"0","psni":"   0,00","sa":"23","psa":" 100,00","sna":"0","psna":"   0,00","e":"8316","ea":"8316","pea":" 100,00","ena":"0","pena":"   0,00","esi":"8316","pesi":" 100,00","esni":"0","pesni":"   0,00","c":"6874","pc":"  82,66","a":"1442","pa":"  17,34","vscv":"0","vnom":"6682","pvnom":" 100,00","vvc":"6682","pvvc":"  97,21","vb":"31","pvb":"   0,45","tvn":"161","ptvn":"   2,34","vn":"161","pvn":" 100,00","vnt":"0","pvnt":"   0,00","vp":"0","pvp":"   0,00","vv":"6682","pvv":" 100,00","van":"0","pvan":"   0,00","vansj":"0","pvansj":"   0,00","tv":"6874","cand":[{"seq":"2","sqcand":"100001084332","n":"45","nm":"VANUSA CUNHA","cc":"PSDB - REPUBLICANOS / PSDB","nv":"DENIR","e":"n","st":"N\u00e3o eleito","dvt":"V\u00e1lido","vap":"3019","pvap":"  45,18"},{"seq":"1","sqcand":"100001049885","n":"22","nm":"JORGE VIEIRA","cc":"PL - PP / PL / AVANTE","nv":"MAURINHA","e":"s","st":"Eleito","dvt":"V\u00e1lido","vap":"3628","pvap":"  54,30"},{"seq":"3","sqcand":"100000938952","n":"15","nm":"JURANDIR CARRITEL","cc":"MDB","nv":"MAILSON","e":"n","st":"N\u00e3o eleito","dvt":"V\u00e1lido","vap":"35","pvap":"   0,52"}]}
