{"ele":"426","tpabr":"mu","cdabr":"08630","carper":"11","t":"1","f":"o","dt":"15/11/2020","ht":"22:34:01","dv":"s","tf":"s","v":"1","esae":"n","mnae":"","s":"84","st":"84","pst":" 100,00","snt":"0","psnt":"   0,00","si":"84","psi":" 100,00","sni":"0","psni":"   0,00","sa":"84","psa":" 100,00","sna":"0","psna":"   0,00","e":"26493","ea":"26493","pea":" 100,00","ena":"0","pena":"   0,00","esi":"26493","pesi":" 100,00","esni":"0","pesni":"   0,00","c":"19624","pc":"  74,07","a":"6869","pa":"  25,93","vscv":"0","vnom":"19071","pvnom":" 100,00","vvc":"19071","pvvc":"  97,18","vb":"102","pvb":"   0,52","tvn":"451","ptvn":"   2,30","vn":"451","pvn":" 100,00","vnt":"0","pvnt":"   0,00","vp":"0","pvp":"   0,00","vv":"19071","pvv":" 100,00","van":"0","pvan":"   0,00","vansj":"0","pvansj":"   0,00","tv":"19624","cand":[{"seq":"3","sqcand":"100000648456","n":"17","nm":"SURAMA ROCHA","cc":"PSL - PSL / MDB","nv":"IRM\u00c3O VANINHO","e":"n","st":"N\u00e3o eleito","dvt":"V\u00e1lido","vap":"683","pvap":"   3,58"},{"seq":"4","sqcand":"100000727404","n":"45","nm":"IGOR PENALVA","cc":"PSDB - PTB / PSDB","nv":"PROF COTINHA","e":"n","st":"N\u00e3o eleito","dvt":"V\u00e1lido","vap":"285","pvap":"   1,49"},{"seq":"1","sqcand":"100000840942","n":"11","nm":"RONILDO CAMPOS","cc":"PP - PP / REPUBLICANOS","nv":"CARECA","e":"s","st":"Eleito","dvt":"V\u00e1lido","vap":"10509","pvap":"  55,10"},{"seq":"2","sqcand":"100000839699","n":"12","nm":"EDMILSON VI\u00c9GAS","cc":"PDT - PDT / DEM / PC do B","nv":"PROFESSOR AMARILDO","e":"n","st":"N\u00e3o eleito","dvt":"V\u00e1lido","vap":"7594","pvap":"  39,82"}]}
