{"ele":"426","tpabr":"mu","cdabr":"08699","carper":"11","t":"1","f":"o","dt":"15/11/2020","ht":"22:23:10","dv":"s","tf":"s","v":"1","esae":"n","mnae":"","s":"149","st":"149","pst":" 100,00","snt":"0","psnt":"   0,00","si":"149","psi":" 100,00","sni":"0","psni":"   0,00","sa":"149","psa":" 100,00","sna":"0","psna":"   0,00","e":"53854","ea":"53854","pea":" 100,00","ena":"0","pena":"   0,00","esi":"53854","pesi":" 100,00","esni":"0","pesni":"   0,00","c":"44464","pc":"  82,56","a":"9390","pa":"  17,44","vscv":"0","vnom":"42255","pvnom":" 100,00","vvc":"42658","pvvc":"  95,94","vb":"641","pvb":"   1,44","tvn":"1165","ptvn":"   2,62","vn":"1165","pvn":" 100,00","vnt":"0","pvnt":"   0,00","vp":"0","pvp":"   0,00","vv":"42255","pvv":"  99,06","van":"0","pvan":"   0,00","vansj":"403","pvansj":"   0,94","tv":"44464","cand":[{"seq":"3","sqcand":"100001221822","n":"15","nm":"FILUCA","cc":"MDB - PSD / PV / MDB","nv":"DR\u00aa LAURIANNE","e":"n","st":"N\u00e3o eleito","dvt":"V\u00e1lido","vap":"8140","pvap":"  19,08"},{"seq":"5","sqcand":"100001219359","n":"90","nm":"FILHO DE COQUEIRO","cc":"PROS","nv":"DU ROXO","e":"n","st":"N\u00e3o eleito","dvt":"Anulado sub judice","vap":"403","pvap":"   0,94"},{"seq":"2","sqcand":"100001158919","n":"22","nm":"DR LEONARDO S\u00c1","cc":"PL - PL / CIDADANIA / PSDB / PATRIOTA / AVANTE / SOLIDARIEDADE","nv":"PROFESSORA DAMIANA","e":"n","st":"N\u00e3o eleito","dvt":"V\u00e1lido","vap":"8631","pvap":"  20,23"},{"seq":"1","sqcand":"100001084491","n":"11","nm":"LUCIANO GEN\u00c9SIO","cc":"PP - REPUBLICANOS / PP / PDT / PT / PSL / PSC / DEM / PTC / PSB / PC do B","nv":"ANA PAULA LOBATO","e":"s","st":"Eleito","dvt":"V\u00e1lido","vap":"24236","pvap":"  56,81"},{"seq":"4","sqcand":"100001221734","n":"27","nm":"CLEIA DA SHALON","cc":"DC","nv":"REINALDO MENDON\u00c7A","e":"n","st":"N\u00e3o eleito","dvt":"V\u00e1lido","vap":"1248","pvap":"   2,93"}]}
