{"ele":"426","tpabr":"mu","cdabr":"08710","carper":"11","t":"1","f":"o","dt":"16/11/2020","ht":"00:28:40","dv":"s","tf":"s","v":"1","esae":"n","mnae":"","s":"58","st":"58","pst":" 100,00","snt":"0","psnt":"   0,00","si":"58","psi":" 100,00","sni":"0","psni":"   0,00","sa":"58","psa":" 100,00","sna":"0","psna":"   0,00","e":"19842","ea":"19842","pea":" 100,00","ena":"0","pena":"   0,00","esi":"19842","pesi":" 100,00","esni":"0","pesni":"   0,00","c":"15333","pc":"  77,28","a":"4509","pa":"  22,72","vscv":"0","vnom":"14849","pvnom":" 100,00","vvc":"14849","pvvc":"  96,84","vb":"110","pvb":"   0,72","tvn":"374","ptvn":"   2,44","vn":"374","pvn":" 100,00","vnt":"0","pvnt":"   0,00","vp":"0","pvp":"   0,00","vv":"14849","pvv":" 100,00","van":"0","pvan":"   0,00","vansj":"0","pvansj":"   0,00","tv":"15333","cand":[{"seq":"3","sqcand":"100000768691","n":"11","nm":"LUCILENE VELOSO","cc":"PP - PP / PSC","nv":"OSCAR LIMA","e":"n","st":"N\u00e3o eleito","dvt":"V\u00e1lido","vap":"4188","pvap":"  28,20"},{"seq":"2","sqcand":"100000938634","n":"25","nm":"CARLOS DO BIN\u00c9","cc":"DEM","nv":"L\u00daCIA DA PESCA","e":"n","st":"N\u00e3o eleito","dvt":"V\u00e1lido","vap":"5081","pvap":"  34,22"},{"seq":"1","sqcand":"100000740689","n":"22","nm":"AURELIO DA FARMACIA","cc":"PL - PL / MDB","nv":"PROFESSORA MARCIA COSTA","e":"s","st":"Eleito","dvt":"V\u00e1lido","vap":"5580","pvap":"  37,58"}]}
