{"ele":"426","tpabr":"mu","cdabr":"08737","carper":"11","t":"1","f":"o","dt":"15/11/2020","ht":"20:50:03","dv":"s","tf":"s","v":"1","esae":"n","mnae":"","s":"35","st":"35","pst":" 100,00","snt":"0","psnt":"   0,00","si":"35","psi":" 100,00","sni":"0","psni":"   0,00","sa":"35","psa":" 100,00","sna":"0","psna":"   0,00","e":"11913","ea":"11913","pea":" 100,00","ena":"0","pena":"   0,00","esi":"11913","pesi":" 100,00","esni":"0","pesni":"   0,00","c":"10013","pc":"  84,05","a":"1900","pa":"  15,95","vscv":"0","vnom":"9590","pvnom":" 100,00","vvc":"9590","pvvc":"  95,78","vb":"66","pvb":"   0,65","tvn":"357","ptvn":"   3,57","vn":"357","pvn":" 100,00","vnt":"0","pvnt":"   0,00","vp":"0","pvp":"   0,00","vv":"9590","pvv":" 100,00","van":"0","pvan":"   0,00","vansj":"0","pvansj":"   0,00","tv":"10013","cand":[{"seq":"3","sqcand":"100000675522","n":"45","nm":"NETO JHONES ","cc":"PSDB","nv":"KARINA MAGALHAES ","e":"n","st":"N\u00e3o eleito","dvt":"V\u00e1lido","vap":"124","pvap":"   1,29"},{"seq":"2","sqcand":"100000867783","n":"22","nm":"NONATINHO FRAZ\u00c3O","cc":"PL - PL / PC do B / AVANTE","nv":"ELDA NOVAES","e":"n","st":"N\u00e3o eleito","dvt":"V\u00e1lido","vap":"4433","pvap":"  46,23"},{"seq":"4","sqcand":"100000721491","n":"55","nm":"PARAGUA\u00c7U VERAS","cc":"PSD - PSD / PSL","nv":"TUTE","e":"n","st":"N\u00e3o eleito","dvt":"V\u00e1lido","vap":"122","pvap":"   1,27"},{"seq":"1","sqcand":"100000867715","n":"10","nm":"FERNANDO CUTRIM","cc":"REPUBLICANOS - PTC / REPUBLICANOS","nv":"CAROL DO POSTO","e":"s","st":"Eleito","dvt":"V\u00e1lido","vap":"4911","pvap":"  51,21"}]}
