{"ele":"426","tpabr":"mu","cdabr":"08753","carper":"11","t":"1","f":"o","dt":"15/11/2020","ht":"21:53:58","dv":"s","tf":"s","v":"1","esae":"n","mnae":"","s":"55","st":"55","pst":" 100,00","snt":"0","psnt":"   0,00","si":"55","psi":" 100,00","sni":"0","psni":"   0,00","sa":"55","psa":" 100,00","sna":"0","psna":"   0,00","e":"14410","ea":"14410","pea":" 100,00","ena":"0","pena":"   0,00","esi":"14410","pesi":" 100,00","esni":"0","pesni":"   0,00","c":"12362","pc":"  85,79","a":"2048","pa":"  14,21","vscv":"0","vnom":"12029","pvnom":" 100,00","vvc":"12029","pvvc":"  97,31","vb":"80","pvb":"   0,64","tvn":"253","ptvn":"   2,05","vn":"253","pvn":" 100,00","vnt":"0","pvnt":"   0,00","vp":"0","pvp":"   0,00","vv":"12029","pvv":" 100,00","van":"0","pvan":"   0,00","vansj":"0","pvansj":"   0,00","tv":"12362","cand":[{"seq":"3","sqcand":"100000766496","n":"35","nm":"BEREB\u00d4","cc":"PMB","nv":"CLEITON CARDOSO","e":"n","st":"N\u00e3o eleito","dvt":"V\u00e1lido","vap":"48","pvap":"   0,40"},{"seq":"1","sqcand":"100000747988","n":"12","nm":"FRANCISCO PINHEIRO","cc":"PDT - DEM / PDT","nv":"ADAILZA BRAND\u00c3O","e":"s","st":"Eleito","dvt":"V\u00e1lido","vap":"6159","pvap":"  51,20"},{"seq":"2","sqcand":"100000653113","n":"14","nm":"JHULIO SOUSA","cc":"PTB - PTB / CIDADANIA / PL","nv":"VALNEY","e":"n","st":"N\u00e3o eleito","dvt":"V\u00e1lido","vap":"5822","pvap":"  48,40"}]}
