{"ele":"426","tpabr":"mu","cdabr":"08770","carper":"11","t":"1","f":"o","dt":"15/11/2020","ht":"22:09:48","dv":"s","tf":"s","v":"1","esae":"n","mnae":"","s":"42","st":"42","pst":" 100,00","snt":"0","psnt":"   0,00","si":"42","psi":" 100,00","sni":"0","psni":"   0,00","sa":"42","psa":" 100,00","sna":"0","psna":"   0,00","e":"16605","ea":"16605","pea":" 100,00","ena":"0","pena":"   0,00","esi":"16605","pesi":" 100,00","esni":"0","pesni":"   0,00","c":"14306","pc":"  86,15","a":"2299","pa":"  13,85","vscv":"0","vnom":"14048","pvnom":" 100,00","vvc":"14048","pvvc":"  98,20","vb":"52","pvb":"   0,36","tvn":"206","ptvn":"   1,44","vn":"206","pvn":" 100,00","vnt":"0","pvnt":"   0,00","vp":"0","pvp":"   0,00","vv":"14048","pvv":" 100,00","van":"0","pvan":"   0,00","vansj":"0","pvansj":"   0,00","tv":"14306","cand":[{"seq":"1","sqcand":"100001020970","n":"12","nm":"DEOCLIDES MACEDO","cc":"PDT - PDT / PSC / PL / PTB","nv":"IVANA DA FARM\u00c1CIA","e":"s","st":"Eleito","dvt":"V\u00e1lido","vap":"8283","pvap":"  58,96"},{"seq":"3","sqcand":"100000937853","n":"17","nm":"FRANK ALVES","cc":"PSL","nv":"MAURILIO VILELA","e":"n","st":"N\u00e3o eleito","dvt":"V\u00e1lido","vap":"36","pvap":"   0,26"},{"seq":"2","sqcand":"100001021279","n":"25","nm":"DR NELSON","cc":"DEM","nv":"TATIANA LANDIM","e":"n","st":"N\u00e3o eleito","dvt":"V\u00e1lido","vap":"5729","pvap":"  40,78"}]}
