{"ele":"426","tpabr":"mu","cdabr":"08796","carper":"11","t":"1","f":"o","dt":"15/11/2020","ht":"22:21:13","dv":"s","tf":"s","v":"1","esae":"n","mnae":"","s":"80","st":"80","pst":" 100,00","snt":"0","psnt":"   0,00","si":"80","psi":" 100,00","sni":"0","psni":"   0,00","sa":"80","psa":" 100,00","sna":"0","psna":"   0,00","e":"27378","ea":"27378","pea":" 100,00","ena":"0","pena":"   0,00","esi":"27378","pesi":" 100,00","esni":"0","pesni":"   0,00","c":"23171","pc":"  84,63","a":"4207","pa":"  15,37","vscv":"0","vnom":"22245","pvnom":" 100,00","vvc":"22245","pvvc":"  96,00","vb":"229","pvb":"   0,99","tvn":"697","ptvn":"   3,01","vn":"697","pvn":" 100,00","vnt":"0","pvnt":"   0,00","vp":"0","pvp":"   0,00","vv":"22245","pvv":" 100,00","van":"0","pvan":"   0,00","vansj":"0","pvansj":"   0,00","tv":"23171","cand":[{"seq":"1","sqcand":"100001089169","n":"10","nm":"RAIMUNDINHO DA AUDIOLAR","cc":"REPUBLICANOS - REPUBLICANOS / PC do B / CIDADANIA / PSC","nv":"AIRTON NUTRILAR","e":"s","st":"Eleito","dvt":"V\u00e1lido","vap":"14832","pvap":"  66,68"},{"seq":"3","sqcand":"100001204610","n":"17","nm":"JEAN ABRANTES","cc":"PSL - PSL / MDB","nv":"LUCAS DA SILVA LOREN\u00c7O","e":"n","st":"N\u00e3o eleito","dvt":"V\u00e1lido","vap":"256","pvap":"   1,15"},{"seq":"2","sqcand":"100001118199","n":"45","nm":"BIN\u00c9 SOARES","cc":"PSDB - PSDB / PDT / PP","nv":"ROBSON CARVALHO","e":"n","st":"N\u00e3o eleito","dvt":"V\u00e1lido","vap":"7157","pvap":"  32,17"}]}
