{"ele":"426","tpabr":"mu","cdabr":"08818","carper":"11","t":"1","f":"o","dt":"15/11/2020","ht":"22:21:45","dv":"s","tf":"s","v":"1","esae":"n","mnae":"","s":"28","st":"28","pst":" 100,00","snt":"0","psnt":"   0,00","si":"28","psi":" 100,00","sni":"0","psni":"   0,00","sa":"28","psa":" 100,00","sna":"0","psna":"   0,00","e":"10260","ea":"10260","pea":" 100,00","ena":"0","pena":"   0,00","esi":"10260","pesi":" 100,00","esni":"0","pesni":"   0,00","c":"8118","pc":"  79,12","a":"2142","pa":"  20,88","vscv":"0","vnom":"7904","pvnom":" 100,00","vvc":"7904","pvvc":"  97,36","vb":"40","pvb":"   0,50","tvn":"174","ptvn":"   2,14","vn":"174","pvn":" 100,00","vnt":"0","pvnt":"   0,00","vp":"0","pvp":"   0,00","vv":"7904","pvv":" 100,00","van":"0","pvan":"   0,00","vansj":"0","pvansj":"   0,00","tv":"8118","cand":[{"seq":"1","sqcand":"100000672646","n":"22","nm":"DR PEDRO PAULO","cc":"PL - PL / PC do B","nv":"IRENALVA DE AFONSO CELSO","e":"s","st":"Eleito","dvt":"V\u00e1lido","vap":"5530","pvap":"  69,96"},{"seq":"3","sqcand":"100001231539","n":"14","nm":"CARDOSO","cc":"PTB - DC / PTB / PSB","nv":"VALDEMAR DA BOA VISTA","e":"n","st":"N\u00e3o eleito","dvt":"V\u00e1lido","vap":"564","pvap":"   7,14"},{"seq":"2","sqcand":"100000842204","n":"45","nm":"MAGNO TEIXEIRA","cc":"PSDB - PSDB / REPUBLICANOS / PODE","nv":"BIJUCA","e":"n","st":"N\u00e3o eleito","dvt":"V\u00e1lido","vap":"1810","pvap":"  22,90"}]}
