{"ele":"426","tpabr":"mu","cdabr":"08877","carper":"11","t":"1","f":"o","dt":"15/11/2020","ht":"21:45:28","dv":"s","tf":"s","v":"1","esae":"n","mnae":"","s":"42","st":"42","pst":" 100,00","snt":"0","psnt":"   0,00","si":"42","psi":" 100,00","sni":"0","psni":"   0,00","sa":"42","psa":" 100,00","sna":"0","psna":"   0,00","e":"15293","ea":"15293","pea":" 100,00","ena":"0","pena":"   0,00","esi":"15293","pesi":" 100,00","esni":"0","pesni":"   0,00","c":"12854","pc":"  84,05","a":"2439","pa":"  15,95","vscv":"0","vnom":"12234","pvnom":" 100,00","vvc":"12234","pvvc":"  95,18","vb":"105","pvb":"   0,81","tvn":"515","ptvn":"   4,01","vn":"515","pvn":" 100,00","vnt":"0","pvnt":"   0,00","vp":"0","pvp":"   0,00","vv":"12234","pvv":" 100,00","van":"0","pvan":"   0,00","vansj":"0","pvansj":"   0,00","tv":"12854","cand":[{"seq":"3","sqcand":"100001201751","n":"12","nm":"GUTO COELHO","cc":"PDT - PSL / PDT / PSB","nv":"ARUILTON PAZ","e":"n","st":"N\u00e3o eleito","dvt":"V\u00e1lido","vap":"1054","pvap":"   8,62"},{"seq":"1","sqcand":"100001204892","n":"51","nm":"RUGGERO FELIPE","cc":"PATRIOTA - PATRIOTA / PT / PSDB / PC do B / MDB","nv":"LENICIO FIGUEREDO","e":"s","st":"Eleito","dvt":"V\u00e1lido","vap":"5613","pvap":"  45,88"},{"seq":"2","sqcand":"100001035956","n":"55","nm":"CRISOGONO VIEIRA","cc":"PSD - PL / PSD","nv":"PAULA COELHO","e":"n","st":"N\u00e3o eleito","dvt":"V\u00e1lido","vap":"5567","pvap":"  45,50"}]}
