{"ele":"426","tpabr":"mu","cdabr":"08915","carper":"11","t":"1","f":"o","dt":"15/11/2020","ht":"21:58:26","dv":"s","tf":"s","v":"1","esae":"n","mnae":"","s":"82","st":"82","pst":" 100,00","snt":"0","psnt":"   0,00","si":"82","psi":" 100,00","sni":"0","psni":"   0,00","sa":"82","psa":" 100,00","sna":"0","psna":"   0,00","e":"27919","ea":"27919","pea":" 100,00","ena":"0","pena":"   0,00","esi":"27919","pesi":" 100,00","esni":"0","pesni":"   0,00","c":"23680","pc":"  84,82","a":"4239","pa":"  15,18","vscv":"0","vnom":"22601","pvnom":" 100,00","vvc":"22601","pvvc":"  95,44","vb":"289","pvb":"   1,22","tvn":"790","ptvn":"   3,34","vn":"790","pvn":" 100,00","vnt":"0","pvnt":"   0,00","vp":"0","pvp":"   0,00","vv":"22601","pvv":" 100,00","van":"0","pvan":"   0,00","vansj":"0","pvansj":"   0,00","tv":"23680","cand":[{"seq":"2","sqcand":"100000665425","n":"12","nm":"JONAS MAGNO","cc":"PDT - PSDB / PC do B / MDB / PDT / PTB","nv":"SIL\u00d3","e":"n","st":"N\u00e3o eleito","dvt":"V\u00e1lido","vap":"9836","pvap":"  43,52"},{"seq":"1","sqcand":"100000722248","n":"20","nm":"CALVET FILHO","cc":"PSC - PT / PSC","nv":"CLAUDIA ANCELES","e":"s","st":"Eleito","dvt":"V\u00e1lido","vap":"11720","pvap":"  51,86"},{"seq":"3","sqcand":"100000825826","n":"40","nm":"SALDANHA DE ROS\u00c1RIO","cc":"PSB","nv":"CATUBI","e":"n","st":"N\u00e3o eleito","dvt":"V\u00e1lido","vap":"665","pvap":"   2,94"},{"seq":"4","sqcand":"100001157322","n":"10","nm":"R\u00d4MULO BALDEZ","cc":"REPUBLICANOS","nv":"PROF MARCUS COSTA","e":"n","st":"N\u00e3o eleito","dvt":"V\u00e1lido","vap":"380","pvap":"   1,68"}]}
