{"ele":"426","tpabr":"mu","cdabr":"08990","carper":"11","t":"1","f":"o","dt":"15/11/2020","ht":"23:43:05","dv":"s","tf":"s","v":"1","esae":"n","mnae":"","s":"63","st":"63","pst":" 100,00","snt":"0","psnt":"   0,00","si":"63","psi":" 100,00","sni":"0","psni":"   0,00","sa":"63","psa":" 100,00","sna":"0","psna":"   0,00","e":"21632","ea":"21632","pea":" 100,00","ena":"0","pena":"   0,00","esi":"21632","pesi":" 100,00","esni":"0","pesni":"   0,00","c":"17115","pc":"  79,12","a":"4517","pa":"  20,88","vscv":"0","vnom":"16395","pvnom":" 100,00","vvc":"16395","pvvc":"  95,79","vb":"133","pvb":"   0,78","tvn":"587","ptvn":"   3,43","vn":"587","pvn":" 100,00","vnt":"0","pvnt":"   0,00","vp":"0","pvp":"   0,00","vv":"16395","pvv":" 100,00","van":"0","pvan":"   0,00","vansj":"0","pvansj":"   0,00","tv":"17115","cand":[{"seq":"2","sqcand":"100000774936","n":"22","nm":"MANIM LEAL","cc":"PL - PSC / PL","nv":"IDELMAR","e":"n","st":"N\u00e3o eleito","dvt":"V\u00e1lido","vap":"7730","pvap":"  47,15"},{"seq":"3","sqcand":"100001126989","n":"13","nm":"CHICO MAR\u00c0 MARAZ\u00c3O","cc":"PT","nv":"BERNARDO LOPES","e":"n","st":"N\u00e3o eleito","dvt":"V\u00e1lido","vap":"11","pvap":"   0,07"},{"seq":"1","sqcand":"100000727838","n":"15","nm":"SAMIA MOREIRA","cc":"MDB - PP / PDT / MDB / PC do B / AVANTE","nv":"ELIEZER","e":"s","st":"Eleito","dvt":"V\u00e1lido","vap":"8654","pvap":"  52,78"}]}
