{"ele":"426","tpabr":"mu","cdabr":"09032","carper":"11","t":"1","f":"o","dt":"15/11/2020","ht":"21:57:27","dv":"s","tf":"s","v":"1","esae":"n","mnae":"","s":"43","st":"43","pst":" 100,00","snt":"0","psnt":"   0,00","si":"43","psi":" 100,00","sni":"0","psni":"   0,00","sa":"43","psa":" 100,00","sna":"0","psna":"   0,00","e":"14432","ea":"14432","pea":" 100,00","ena":"0","pena":"   0,00","esi":"14432","pesi":" 100,00","esni":"0","pesni":"   0,00","c":"12374","pc":"  85,74","a":"2058","pa":"  14,26","vscv":"0","vnom":"8350","pvnom":" 100,00","vvc":"11960","pvvc":"  96,65","vb":"76","pvb":"   0,62","tvn":"338","ptvn":"   2,73","vn":"338","pvn":" 100,00","vnt":"0","pvnt":"   0,00","vp":"0","pvp":"   0,00","vv":"8350","pvv":"  69,82","van":"0","pvan":"   0,00","vansj":"3610","pvansj":"  30,18","tv":"12374","cand":[{"seq":"1","sqcand":"100000800009","n":"12","nm":"BIGU DE OLIVEIRA","cc":"PDT","nv":"CIBELLE NAPOLEAO","e":"s","st":"Eleito","dvt":"V\u00e1lido","vap":"8214","pvap":"  68,68"},{"seq":"3","sqcand":"100000892171","n":"22","nm":"SOLDADINHO","cc":"PL","nv":"CIVALDO","e":"n","st":"N\u00e3o eleito","dvt":"V\u00e1lido","vap":"136","pvap":"   1,14"},{"seq":"2","sqcand":"100000891926","n":"65","nm":"EUNELIO MENDONCA","cc":"PC do B","nv":"CRISTINA ABREU","e":"n","st":"N\u00e3o eleito","dvt":"Anulado sub judice","vap":"3610","pvap":"  30,18"}]}
