{"ele":"426","tpabr":"mu","cdabr":"09075","carper":"11","t":"1","f":"o","dt":"15/11/2020","ht":"22:00:54","dv":"s","tf":"s","v":"1","esae":"n","mnae":"","s":"79","st":"79","pst":" 100,00","snt":"0","psnt":"   0,00","si":"79","psi":" 100,00","sni":"0","psni":"   0,00","sa":"79","psa":" 100,00","sna":"0","psna":"   0,00","e":"27237","ea":"27237","pea":" 100,00","ena":"0","pena":"   0,00","esi":"27237","pesi":" 100,00","esni":"0","pesni":"   0,00","c":"22367","pc":"  82,12","a":"4870","pa":"  17,88","vscv":"0","vnom":"21577","pvnom":" 100,00","vvc":"21577","pvvc":"  96,47","vb":"189","pvb":"   0,84","tvn":"601","ptvn":"   2,69","vn":"601","pvn":" 100,00","vnt":"0","pvnt":"   0,00","vp":"0","pvp":"   0,00","vv":"21577","pvv":" 100,00","van":"0","pvan":"   0,00","vansj":"0","pvansj":"   0,00","tv":"22367","cand":[{"seq":"3","sqcand":"100000741578","n":"20","nm":"DANIEL DA FARMACIA","cc":"PSC - PSC / PRTB","nv":"JOSUE DA CEMAR","e":"n","st":"N\u00e3o eleito","dvt":"V\u00e1lido","vap":"355","pvap":"   1,65"},{"seq":"4","sqcand":"100000915098","n":"15","nm":"ISAAC  FILHO","cc":"MDB","nv":"FLAVIA  DINIZ","e":"n","st":"N\u00e3o eleito","dvt":"V\u00e1lido","vap":"186","pvap":"   0,86"},{"seq":"5","sqcand":"100000632250","n":"27","nm":"ANTONIO BARROS","cc":"DC","nv":"JO\u00c3O DOS SANTOS","e":"n","st":"N\u00e3o eleito","dvt":"V\u00e1lido","vap":"135","pvap":"   0,63"},{"seq":"2","sqcand":"100000741172","n":"65","nm":"LUIZINHO BARROS","cc":"PC do B - PDT / PC do B / PROS / PT","nv":"GA\u00daCHO","e":"n","st":"N\u00e3o eleito","dvt":"V\u00e1lido","vap":"8845","pvap":"  40,99"},{"seq":"6","sqcand":"100001072899","n":"17","nm":"JOS\u00c9 RAIMUNDO","cc":"PSL","nv":"SILVA NETO","e":"n","st":"N\u00e3o eleito","dvt":"V\u00e1lido","vap":"54","pvap":"   0,25"},{"seq":"1","sqcand":"100000666699","n":"22","nm":"DINO PENHA","cc":"PL - PL / PATRIOTA / PSDB","nv":"REINALDINHO","e":"s","st":"Eleito","dvt":"V\u00e1lido","vap":"12002","pvap":"  55,62"}]}
