{"ele":"426","tpabr":"mu","cdabr":"09091","carper":"11","t":"1","f":"o","dt":"15/11/2020","ht":"22:27:45","dv":"s","tf":"s","v":"1","esae":"n","mnae":"","s":"65","st":"65","pst":" 100,00","snt":"0","psnt":"   0,00","si":"65","psi":" 100,00","sni":"0","psni":"   0,00","sa":"65","psa":" 100,00","sna":"0","psna":"   0,00","e":"21923","ea":"21923","pea":" 100,00","ena":"0","pena":"   0,00","esi":"21923","pesi":" 100,00","esni":"0","pesni":"   0,00","c":"17026","pc":"  77,66","a":"4897","pa":"  22,34","vscv":"0","vnom":"16238","pvnom":" 100,00","vvc":"16238","pvvc":"  95,37","vb":"132","pvb":"   0,78","tvn":"656","ptvn":"   3,85","vn":"656","pvn":" 100,00","vnt":"0","pvnt":"   0,00","vp":"0","pvp":"   0,00","vv":"16238","pvv":" 100,00","van":"0","pvan":"   0,00","vansj":"0","pvansj":"   0,00","tv":"17026","cand":[{"seq":"4","sqcand":"100001058729","n":"20","nm":"ZEQUINHA DO PROTETOR","cc":"PSC - DC / PSC","nv":"PR WELBERT COUTO","e":"n","st":"N\u00e3o eleito","dvt":"V\u00e1lido","vap":"107","pvap":"   0,66"},{"seq":"1","sqcand":"100000920329","n":"12","nm":"JO\u00c3O IGOR","cc":"PDT - PDT / MDB","nv":"ADRIANA PORTELA","e":"s","st":"Eleito","dvt":"V\u00e1lido","vap":"9306","pvap":"  57,31"},{"seq":"3","sqcand":"100001094719","n":"10","nm":"JUNIOR ESPERANCA","cc":"REPUBLICANOS - REPUBLICANOS / PT","nv":"ANTONIO MACHADO","e":"n","st":"N\u00e3o eleito","dvt":"V\u00e1lido","vap":"273","pvap":"   1,68"},{"seq":"2","sqcand":"100001226755","n":"40","nm":"NONATINHO PROMOTOR","cc":"PSB - PRTB / PSB / PTB","nv":"GIAN DO ENXU","e":"n","st":"N\u00e3o eleito","dvt":"V\u00e1lido","vap":"6552","pvap":"  40,35"}]}
