{"ele":"426","tpabr":"mu","cdabr":"09156","carper":"11","t":"1","f":"o","dt":"15/11/2020","ht":"22:07:53","dv":"s","tf":"s","v":"1","esae":"n","mnae":"","s":"31","st":"31","pst":" 100,00","snt":"0","psnt":"   0,00","si":"31","psi":" 100,00","sni":"0","psni":"   0,00","sa":"31","psa":" 100,00","sna":"0","psna":"   0,00","e":"9695","ea":"9695","pea":" 100,00","ena":"0","pena":"   0,00","esi":"9695","pesi":" 100,00","esni":"0","pesni":"   0,00","c":"7566","pc":"  78,04","a":"2129","pa":"  21,96","vscv":"0","vnom":"6852","pvnom":" 100,00","vvc":"6852","pvvc":"  90,56","vb":"151","pvb":"   2,00","tvn":"563","ptvn":"   7,44","vn":"563","pvn":" 100,00","vnt":"0","pvnt":"   0,00","vp":"0","pvp":"   0,00","vv":"6852","pvv":" 100,00","van":"0","pvan":"   0,00","vansj":"0","pvansj":"   0,00","tv":"7566","cand":[{"seq":"2","sqcand":"100000979417","n":"10","nm":"MANOEL BEZERRA","cc":"REPUBLICANOS","nv":"DAIANE DOS SANTOS","e":"n","st":"N\u00e3o eleito","dvt":"V\u00e1lido","vap":"1718","pvap":"  25,07"},{"seq":"1","sqcand":"100000990246","n":"65","nm":"ADELBARTO","cc":"PC do B - PDT / PL / PC do B","nv":"FL\u00c1VIA","e":"s","st":"Eleito","dvt":"V\u00e1lido","vap":"5134","pvap":"  74,93"}]}
