{"ele":"426","tpabr":"mu","cdabr":"09172","carper":"11","t":"1","f":"o","dt":"15/11/2020","ht":"22:24:41","dv":"s","tf":"s","v":"1","esae":"n","mnae":"","s":"58","st":"58","pst":" 100,00","snt":"0","psnt":"   0,00","si":"58","psi":" 100,00","sni":"0","psni":"   0,00","sa":"58","psa":" 100,00","sna":"0","psna":"   0,00","e":"19000","ea":"19000","pea":" 100,00","ena":"0","pena":"   0,00","esi":"19000","pesi":" 100,00","esni":"0","pesni":"   0,00","c":"15949","pc":"  83,94","a":"3051","pa":"  16,06","vscv":"0","vnom":"15452","pvnom":" 100,00","vvc":"15452","pvvc":"  96,88","vb":"116","pvb":"   0,73","tvn":"381","ptvn":"   2,39","vn":"381","pvn":" 100,00","vnt":"0","pvnt":"   0,00","vp":"0","pvp":"   0,00","vv":"15452","pvv":" 100,00","van":"0","pvan":"   0,00","vansj":"0","pvansj":"   0,00","tv":"15949","cand":[{"seq":"2","sqcand":"100000863165","n":"12","nm":"CARLOS FIGUEIREDO","cc":"PDT - PDT / REPUBLICANOS / PC do B / PROS","nv":"LUIZ EVERTON","e":"n","st":"N\u00e3o eleito","dvt":"V\u00e1lido","vap":"3937","pvap":"  25,48"},{"seq":"5","sqcand":"100000761662","n":"15","nm":"ZE ABREU","cc":"MDB","nv":"GASPAR","e":"n","st":"N\u00e3o eleito","dvt":"V\u00e1lido","vap":"556","pvap":"   3,60"},{"seq":"4","sqcand":"100000761932","n":"77","nm":"SERGINHO CASTRO","cc":"SOLIDARIEDADE","nv":"IRM\u00c3O GEN\u00c9SIO","e":"n","st":"N\u00e3o eleito","dvt":"V\u00e1lido","vap":"777","pvap":"   5,03"},{"seq":"3","sqcand":"100001241332","n":"55","nm":"JO\u00c3O DOMINICI","cc":"PSD - PTB / PSD","nv":"JUNIOR DE VALDEZ","e":"n","st":"N\u00e3o eleito","dvt":"V\u00e1lido","vap":"3056","pvap":"  19,78"},{"seq":"1","sqcand":"100000669700","n":"20","nm":"MECINHO","cc":"PSC - PSC / AVANTE / PODE / PV","nv":"MAYARA PINHEIRO","e":"s","st":"Eleito","dvt":"V\u00e1lido","vap":"7126","pvap":"  46,12"}]}
