{"ele":"426","tpabr":"mu","cdabr":"09210","carper":"11","t":"1","f":"o","dt":"15/11/2020","ht":"22:22:55","dv":"s","tf":"s","v":"1","esae":"n","mnae":"","s":"1826","st":"1826","pst":" 100,00","snt":"0","psnt":"   0,00","si":"1826","psi":" 100,00","sni":"0","psni":"   0,00","sa":"1826","psa":" 100,00","sna":"0","psna":"   0,00","e":"699954","ea":"699954","pea":" 100,00","ena":"0","pena":"   0,00","esi":"699954","pesi":" 100,00","esni":"0","pesni":"   0,00","c":"553499","pc":"  79,08","a":"146455","pa":"  20,92","vscv":"0","vnom":"512030","pvnom":" 100,00","vvc":"512030","pvvc":"  92,51","vb":"16683","pvb":"   3,01","tvn":"24786","ptvn":"   4,48","vn":"24786","pvn":" 100,00","vnt":"0","pvnt":"   0,00","vp":"0","pvp":"   0,00","vv":"512030","pvv":" 100,00","van":"0","pvan":"   0,00","vansj":"0","pvansj":"   0,00","tv":"553499","cand":[{"seq":"1","sqcand":"100000756891","n":"19","nm":"EDUARDO BRAIDE","cc":"PODE - PODE / PSD / PMN / PSC / PSDB","nv":"PROFESSORA ESM\u00caNIA","e":"s","st":"2\u00ba turno","dvt":"V\u00e1lido","vap":"193578","pvap":"  37,81"},{"seq":"8","sqcand":"100001079643","n":"90","nm":"YGL\u00c9SIO MOYSES","cc":"PROS","nv":"DR MAURO C\u00c9SAR","e":"n","st":"N\u00e3o eleito","dvt":"V\u00e1lido","vap":"9816","pvap":"   1,92"},{"seq":"5","sqcand":"100000718953","n":"40","nm":"BIRA ","cc":"PSB","nv":"LET\u00cdCIA CARDOSO ","e":"n","st":"N\u00e3o eleito","dvt":"V\u00e1lido","vap":"22024","pvap":"   4,30"},{"seq":"3","sqcand":"100000677415","n":"25","nm":"NETO EVANGELISTA","cc":"DEM - PDT / PTB / MDB / PSL / DEM","nv":"LUZIMAR LOPES","e":"n","st":"N\u00e3o eleito","dvt":"V\u00e1lido","vap":"83138","pvap":"  16,24"},{"seq":"4","sqcand":"100000644542","n":"65","nm":"RUBENS JUNIOR","cc":"PC do B - PC do B / PP / DC / CIDADANIA / PMB / PT","nv":"HONORATO FERNANDES","e":"n","st":"N\u00e3o eleito","dvt":"V\u00e1lido","vap":"54155","pvap":"  10,58"},{"seq":"6","sqcand":"100001188765","n":"28","nm":"SILVIO ANTONIO","cc":"PRTB","nv":"SGT ANA CELIA ","e":"n","st":"N\u00e3o eleito","dvt":"V\u00e1lido","vap":"16070","pvap":"   3,14"},{"seq":"7","sqcand":"100001021846","n":"18","nm":"JEISAEL","cc":"REDE","nv":"JANICELMA FERNANDES","e":"n","st":"N\u00e3o eleito","dvt":"V\u00e1lido","vap":"14144","pvap":"   2,76"},{"seq":"9","sqcand":"100001242915","n":"50","nm":"PROFESSOR FRANKLIN","cc":"PSOL","nv":"AROUCHE","e":"n","st":"N\u00e3o eleito","dvt":"V\u00e1lido","vap":"3502","pvap":"   0,68"},{"seq":"2","sqcand":"100000831208","n":"10","nm":"DUARTE","cc":"REPUBLICANOS - AVANTE / PL / PTC / REPUBLICANOS / PATRIOTA","nv":"FABIANA VILAR ","e":"s","st":"2\u00ba turno","dvt":"V\u00e1lido","vap":"113430","pvap":"  22,15"},{"seq":"10","sqcand":"100000718146","n":"16","nm":"HERTZ DIAS","cc":"PSTU","nv":"JAYRO MESQUITA","e":"n","st":"N\u00e3o eleito","dvt":"V\u00e1lido","vap":"2173","pvap":"   0,42"}]}
