{"ele":"426","tpabr":"mu","cdabr":"09237","carper":"11","t":"1","f":"o","dt":"15/11/2020","ht":"21:55:11","dv":"s","tf":"s","v":"1","esae":"n","mnae":"","s":"68","st":"68","pst":" 100,00","snt":"0","psnt":"   0,00","si":"68","psi":" 100,00","sni":"0","psni":"   0,00","sa":"68","psa":" 100,00","sna":"0","psna":"   0,00","e":"25385","ea":"25385","pea":" 100,00","ena":"0","pena":"   0,00","esi":"25385","pesi":" 100,00","esni":"0","pesni":"   0,00","c":"20609","pc":"  81,19","a":"4776","pa":"  18,81","vscv":"0","vnom":"19398","pvnom":" 100,00","vvc":"19398","pvvc":"  94,12","vb":"208","pvb":"   1,01","tvn":"1003","ptvn":"   4,87","vn":"1003","pvn":" 100,00","vnt":"0","pvnt":"   0,00","vp":"0","pvp":"   0,00","vv":"19398","pvv":" 100,00","van":"0","pvan":"   0,00","vansj":"0","pvansj":"   0,00","tv":"20609","cand":[{"seq":"3","sqcand":"100000797822","n":"15","nm":"FABIO ASSUN\u00c7\u00c3O","cc":"MDB","nv":"Z\u00c9 ROBERTO","e":"n","st":"N\u00e3o eleito","dvt":"V\u00e1lido","vap":"374","pvap":"   1,93"},{"seq":"1","sqcand":"100001063233","n":"40","nm":"IVO REZENDE","cc":"PSB - PDT / SOLIDARIEDADE / PSB / REPUBLICANOS / DEM","nv":"CLOVIS BERNARDI","e":"s","st":"Eleito","dvt":"V\u00e1lido","vap":"10327","pvap":"  53,24"},{"seq":"4","sqcand":"100000806952","n":"17","nm":"MESQUITA","cc":"PSL","nv":"PASTOR ERISVALDO","e":"n","st":"N\u00e3o eleito","dvt":"V\u00e1lido","vap":"253","pvap":"   1,30"},{"seq":"2","sqcand":"100000858803","n":"43","nm":"ROV\u00c9LIO","cc":"PV - PV / PATRIOTA / PSDB / PSD","nv":"NANAN BRAND\u00c3O","e":"n","st":"N\u00e3o eleito","dvt":"V\u00e1lido","vap":"8444","pvap":"  43,53"}]}
