{"ele":"426","tpabr":"mu","cdabr":"09296","carper":"11","t":"1","f":"o","dt":"15/11/2020","ht":"21:37:28","dv":"s","tf":"s","v":"1","esae":"n","mnae":"","s":"40","st":"40","pst":" 100,00","snt":"0","psnt":"   0,00","si":"40","psi":" 100,00","sni":"0","psni":"   0,00","sa":"40","psa":" 100,00","sna":"0","psna":"   0,00","e":"12618","ea":"12618","pea":" 100,00","ena":"0","pena":"   0,00","esi":"12618","pesi":" 100,00","esni":"0","pesni":"   0,00","c":"11491","pc":"  91,07","a":"1127","pa":"   8,93","vscv":"0","vnom":"11086","pvnom":" 100,00","vvc":"11086","pvvc":"  96,48","vb":"67","pvb":"   0,58","tvn":"338","ptvn":"   2,94","vn":"338","pvn":" 100,00","vnt":"0","pvnt":"   0,00","vp":"0","pvp":"   0,00","vv":"11086","pvv":" 100,00","van":"0","pvan":"   0,00","vansj":"0","pvansj":"   0,00","tv":"11491","cand":[{"seq":"1","sqcand":"100000792177","n":"12","nm":"ANT\u00d4NIO COELHO","cc":"PDT - PDT / PATRIOTA","nv":"DOMINGOS DO NOVA","e":"s","st":"Eleito","dvt":"V\u00e1lido","vap":"6895","pvap":"  62,20"},{"seq":"3","sqcand":"100001037225","n":"90","nm":"WANDER","cc":"PROS - PROS / PL","nv":"ULISSES DO RUBIM","e":"n","st":"N\u00e3o eleito","dvt":"V\u00e1lido","vap":"109","pvap":"   0,98"},{"seq":"2","sqcand":"100000970179","n":"77","nm":"ZEIMAR TEIXEIRA","cc":"SOLIDARIEDADE - PTB / PSC / SOLIDARIEDADE","nv":"D\u00c9BORA ARRUDA MACEDO","e":"n","st":"N\u00e3o eleito","dvt":"V\u00e1lido","vap":"4082","pvap":"  36,82"}]}
