{"ele":"426","tpabr":"mu","cdabr":"09318","carper":"11","t":"1","f":"o","dt":"15/11/2020","ht":"21:56:13","dv":"s","tf":"s","v":"1","esae":"n","mnae":"","s":"26","st":"26","pst":" 100,00","snt":"0","psnt":"   0,00","si":"26","psi":" 100,00","sni":"0","psni":"   0,00","sa":"26","psa":" 100,00","sna":"0","psna":"   0,00","e":"8682","ea":"8682","pea":" 100,00","ena":"0","pena":"   0,00","esi":"8682","pesi":" 100,00","esni":"0","pesni":"   0,00","c":"7234","pc":"  83,32","a":"1448","pa":"  16,68","vscv":"0","vnom":"7008","pvnom":" 100,00","vvc":"7008","pvvc":"  96,88","vb":"54","pvb":"   0,74","tvn":"172","ptvn":"   2,38","vn":"172","pvn":" 100,00","vnt":"0","pvnt":"   0,00","vp":"0","pvp":"   0,00","vv":"7008","pvv":" 100,00","van":"0","pvan":"   0,00","vansj":"0","pvansj":"   0,00","tv":"7234","cand":[{"seq":"1","sqcand":"100001085252","n":"23","nm":"MARCONY","cc":"CIDADANIA - CIDADANIA / PDT / SOLIDARIEDADE / PTB","nv":"PROFESSOR NETO","e":"s","st":"Eleito","dvt":"V\u00e1lido","vap":"3759","pvap":"  53,64"},{"seq":"2","sqcand":"100000870552","n":"10","nm":"LEILA","cc":"REPUBLICANOS - REPUBLICANOS / PROS","nv":"VALDENILSON","e":"n","st":"N\u00e3o eleito","dvt":"V\u00e1lido","vap":"3024","pvap":"  43,15"},{"seq":"4","sqcand":"100001089132","n":"11","nm":"ED\u00c9ZIO","cc":"PP","nv":"ALBENIA BARROS","e":"n","st":"N\u00e3o eleito","dvt":"V\u00e1lido","vap":"65","pvap":"   0,93"},{"seq":"5","sqcand":"100000732713","n":"27","nm":"JOHN LEITE","cc":"DC","nv":"ALENCAR TOINHO","e":"n","st":"N\u00e3o eleito","dvt":"V\u00e1lido","vap":"35","pvap":"   0,50"},{"seq":"3","sqcand":"100000701652","n":"33","nm":"ENYO DOURADO","cc":"PMN","nv":"PEDRO DO G\u00c1S","e":"n","st":"N\u00e3o eleito","dvt":"V\u00e1lido","vap":"125","pvap":"   1,78"}]}
