{"ele":"426","tpabr":"mu","cdabr":"00078","carper":"13","t":"1","f":"o","dt":"15/11/2020","ht":"21:07:59","dv":"s","tf":"s","v":"13","esae":"n","mnae":"","s":"170","st":"170","pst":" 100,00","snt":"0","psnt":"   0,00","si":"170","psi":" 100,00","sni":"0","psni":"   0,00","sa":"170","psa":" 100,00","sna":"0","psna":"   0,00","e":"66872","ea":"66872","pea":" 100,00","ena":"0","pena":"   0,00","esi":"66872","pesi":" 100,00","esni":"0","pesni":"   0,00","c":"45411","pc":"  67,91","a":"21461","pa":"  32,09","vscv":"0","vnom":"39544","vl":"1716","pvnom":"  95,84","pvl":"   4,16","vvc":"41737","pvvc":"  91,91","vb":"1571","pvb":"   3,46","tvn":"2103","ptvn":"   4,63","vn":"1833","pvn":"  87,16","vnt":"270","pvnt":"  12,84","vp":"0","pvp":"   0,00","vv":"41260","pvv":"  98,86","van":"0","pvan":"   0,00","vansj":"477","pvansj":"   1,14","tv":"45411","cand":[{"seq":"198","sqcand":"220001206836","n":"22500","nm":"ROSELY","cc":"PL","nv":" ","e":"n","st":"N\u00e3o eleito","dvt":"V\u00e1lido","vap":"1","pvap":"   0,00"},{"seq":"136","sqcand":"220001249801","n":"27444","nm":"CREUSA BUSS","cc":"DC","nv":" ","e":"n","st":"N\u00e3o eleito","dvt":"V\u00e1lido","vap":"170","pvap":"   0,41"},{"seq":"63","sqcand":"220001250302","n":"14234","nm":"ROSANGELA RODRIGUES DA MATA","cc":"PTB","nv":" ","e":"n","st":"Suplente","dvt":"V\u00e1lido","vap":"156","pvap":"   0,37"},{"seq":"199","sqcand":"220000845543","n":"40140","nm":"ANA ZAGO","cc":"PSB","nv":" ","e":"n","st":"N\u00e3o eleito","dvt":"V\u00e1lido","vap":"0","pvap":"00.00"},{"seq":"117","sqcand":"220001173445","n":"10234","nm":"MARIA FUZETTE","cc":"REPUBLICANOS","nv":" ","e":"n","st":"Suplente","dvt":"V\u00e1lido","vap":"15","pvap":"   0,04"},{"seq":"159","sqcand":"220001206833","n":"22223","nm":"SILVANO DA CADEIRA","cc":"PL","nv":" ","e":"n","st":"N\u00e3o eleito","dvt":"V\u00e1lido","vap":"69","pvap":"   0,17"},{"seq":"149","sqcand":"220001206837","n":"22322","nm":"BETE PAZ","cc":"PL","nv":" ","e":"n","st":"N\u00e3o eleito","dvt":"V\u00e1lido","vap":"106","pvap":"   0,25"},{"seq":"186","sqcand":"220001176717","n":"20600","nm":"MACIEL DA HEMODIALISE","cc":"PSC","nv":" ","e":"n","st":"N\u00e3o eleito","dvt":"V\u00e1lido","vap":"20","pvap":"   0,05"},{"seq":"190","sqcand":"220001150863","n":"70100","nm":"DANIEL DO GAS","cc":"AVANTE","nv":" ","e":"n","st":"N\u00e3o eleito","dvt":"V\u00e1lido","vap":"17","pvap":"   0,04"},{"seq":"68","sqcand":"220001173436","n":"10000","nm":"JAIRES CAMPOS","cc":"REPUBLICANOS","nv":" ","e":"n","st":"Suplente","dvt":"V\u00e1lido","vap":"128","pvap":"   0,31"},{"seq":"96","sqcand":"220001058707","n":"77456","nm":"CABE\u00c7A BRANCA","cc":"SOLIDARIEDADE","nv":" ","e":"n","st":"Suplente","dvt":"V\u00e1lido","vap":"67","pvap":"   0,16"},{"seq":"78","sqcand":"220001182784","n":"25105","nm":"STHEFANY","cc":"DEM","nv":" ","e":"n","st":"Suplente","dvt":"V\u00e1lido","vap":"102","pvap":"   0,24"},{"seq":"74","sqcand":"220001173433","n":"10101","nm":"EDILS\u00c9RGIO DA FANFARRA","cc":"REPUBLICANOS","nv":" ","e":"n","st":"Suplente","dvt":"V\u00e1lido","vap":"106","pvap":"   0,25"},{"seq":"129","sqcand":"220001249800","n":"27777","nm":"JOSE AUGUSTO","cc":"DC","nv":" ","e":"n","st":"N\u00e3o eleito","dvt":"V\u00e1lido","vap":"362","pvap":"   0,87"},{"seq":"9","sqcand":"220001182783","n":"25364","nm":"RAFAELA DO BATISTA","cc":"DEM","nv":" ","e":"s","st":"Eleito","dvt":"V\u00e1lido","vap":"771","pvap":"   1,85"},{"seq":"39","sqcand":"220001183222","n":"45789","nm":"DRA TELMA FISIO P\u00c9LVICA","cc":"PSDB","nv":" ","e":"n","st":"Suplente","dvt":"V\u00e1lido","vap":"263","pvap":"   0,63"},{"seq":"72","sqcand":"220001182791","n":"25200","nm":"TIBERIO ROCHA","cc":"DEM","nv":" ","e":"n","st":"Suplente","dvt":"V\u00e1lido","vap":"111","pvap":"   0,27"},{"seq":"164","sqcand":"220001249803","n":"27193","nm":"JOEL GAR\u00c7ON","cc":"DC","nv":" ","e":"n","st":"N\u00e3o eleito","dvt":"V\u00e1lido","vap":"55","pvap":"   0,13"},{"seq":"184","sqcand":"220001150864","n":"70364","nm":"MITAEL","cc":"AVANTE","nv":" ","e":"n","st":"N\u00e3o eleito","dvt":"V\u00e1lido","vap":"24","pvap":"   0,06"},{"seq":"167","sqcand":"220000995606","n":"13013","nm":"MARTINHA DA SA\u00daDE","cc":"PT","nv":" ","e":"n","st":"N\u00e3o eleito","dvt":"V\u00e1lido","vap":"52","pvap":"   0,12"},{"seq":"171","sqcand":"220001206834","n":"22622","nm":"RAYBAN INSTRUTOR","cc":"PL","nv":" ","e":"n","st":"N\u00e3o eleito","dvt":"V\u00e1lido","vap":"45","pvap":"   0,11"},{"seq":"177","sqcand":"220001052460","n":"65033","nm":"GIDE\u00c3O OLIVEIRA","cc":"PC do B","nv":" ","e":"n","st":"N\u00e3o eleito","dvt":"V\u00e1lido","vap":"34","pvap":"   0,08"},{"seq":"13","sqcand":"220001183366","n":"90888","nm":"JORGE CAMELO","cc":"PROS","nv":" ","e":"s","st":"Eleito","dvt":"V\u00e1lido","vap":"390","pvap":"   0,93"},{"seq":"26","sqcand":"220001182781","n":"25100","nm":"LENINHA DEBOWISK","cc":"DEM","nv":" ","e":"n","st":"Suplente","dvt":"V\u00e1lido","vap":"410","pvap":"   0,98"},{"seq":"31","sqcand":"220001174609","n":"14111","nm":"ALBINO ASSIS","cc":"PTB","nv":" ","e":"n","st":"Suplente","dvt":"V\u00e1lido","vap":"350","pvap":"   0,84"},{"seq":"5","sqcand":"220001058716","n":"77500","nm":"ROSA DA SAUDE","cc":"SOLIDARIEDADE","nv":" ","e":"s","st":"Eleito","dvt":"V\u00e1lido","vap":"918","pvap":"   2,20"},{"seq":"120","sqcand":"220001174611","n":"14800","nm":"ELAINE COELHO","cc":"PTB","nv":" ","e":"n","st":"Suplente","dvt":"V\u00e1lido","vap":"8","pvap":"   0,02"},{"seq":"142","sqcand":"220001176708","n":"20111","nm":"JULIO PROTETICO","cc":"PSC","nv":" ","e":"n","st":"N\u00e3o eleito","dvt":"V\u00e1lido","vap":"136","pvap":"   0,33"},{"seq":"79","sqcand":"220001122968","n":"17300","nm":"AGUINALDO CHRISOSTOMO","cc":"PSL","nv":" ","e":"n","st":"Suplente","dvt":"V\u00e1lido","vap":"101","pvap":"   0,24"},{"seq":"4","sqcand":"220001174607","n":"14144","nm":"NATAN LIMA","cc":"PTB","nv":" ","e":"s","st":"Eleito","dvt":"V\u00e1lido","vap":"927","pvap":"   2,22"},{"seq":"160","sqcand":"220001249807","n":"27007","nm":"TELE BRAGA","cc":"DC","nv":" ","e":"n","st":"N\u00e3o eleito","dvt":"V\u00e1lido","vap":"64","pvap":"   0,15"},{"seq":"194","sqcand":"220001206829","n":"22789","nm":"TICA REQUEIRA","cc":"PL","nv":" ","e":"n","st":"N\u00e3o eleito","dvt":"V\u00e1lido","vap":"5","pvap":"   0,01"},{"seq":"185","sqcand":"220000995602","n":"13777","nm":"FELIPE ONORATO","cc":"PT","nv":" ","e":"n","st":"N\u00e3o eleito","dvt":"V\u00e1lido","vap":"23","pvap":"   0,06"},{"seq":"196","sqcand":"220001191848","n":"40111","nm":"MARCELA CRISTINA","cc":"PSB","nv":" ","e":"n","st":"N\u00e3o eleito","dvt":"V\u00e1lido","vap":"1","pvap":"   0,00"},{"seq":"19","sqcand":"220001173434","n":"10456","nm":"STANIS","cc":"REPUBLICANOS","nv":" ","e":"n","st":"Suplente","dvt":"V\u00e1lido","vap":"556","pvap":"   1,33"},{"seq":"2","sqcand":"220001058717","n":"77333","nm":"RENATO PADEIRO","cc":"SOLIDARIEDADE","nv":" ","e":"s","st":"Eleito","dvt":"V\u00e1lido","vap":"1365","pvap":"   3,27"},{"seq":"121","sqcand":"220001266955","n":"10321","nm":"IVANI GAGO","cc":"REPUBLICANOS","nv":" ","e":"n","st":"Suplente","dvt":"V\u00e1lido","vap":"4","pvap":"   0,01"},{"seq":"12","sqcand":"220001122966","n":"17500","nm":"SIMONE MACEDO","cc":"PSL","nv":" ","e":"s","st":"Eleito","dvt":"V\u00e1lido","vap":"423","pvap":"   1,01"},{"seq":"69","sqcand":"220001182782","n":"25111","nm":"CEIA DO PULA PULA","cc":"DEM","nv":" ","e":"n","st":"Suplente","dvt":"V\u00e1lido","vap":"118","pvap":"   0,28"},{"seq":"166","sqcand":"220000845545","n":"40130","nm":"PAPAI DA ESCOLINHA","cc":"PSB","nv":" ","e":"n","st":"N\u00e3o eleito","dvt":"V\u00e1lido","vap":"52","pvap":"   0,12"},{"seq":"102","sqcand":"220001122973","n":"17000","nm":"PASTORA EDNA","cc":"PSL","nv":" ","e":"n","st":"Suplente","dvt":"V\u00e1lido","vap":"47","pvap":"   0,11"},{"seq":"146","sqcand":"220001249815","n":"27040","nm":"BATISTA B 40","cc":"DC","nv":" ","e":"n","st":"N\u00e3o eleito","dvt":"V\u00e1lido","vap":"127","pvap":"   0,30"},{"seq":"156","sqcand":"220000845548","n":"40234","nm":"ELESSANDRO DA SILVA","cc":"PSB","nv":" ","e":"n","st":"N\u00e3o eleito","dvt":"V\u00e1lido","vap":"82","pvap":"   0,20"},{"seq":"97","sqcand":"220001183371","n":"90111","nm":"TEREZINHA  AMBULANCIA","cc":"PROS","nv":" ","e":"n","st":"Suplente","dvt":"V\u00e1lido","vap":"65","pvap":"   0,16"},{"seq":"112","sqcand":"220001183212","n":"45000","nm":"V\u00d4 JUNIOR","cc":"PSDB","nv":" ","e":"n","st":"Suplente","dvt":"V\u00e1lido","vap":"28","pvap":"   0,07"},{"seq":"131","sqcand":"220001150851","n":"70123","nm":"ADRIANA DA RONDONIA","cc":"AVANTE","nv":" ","e":"n","st":"N\u00e3o eleito","dvt":"V\u00e1lido","vap":"297","pvap":"   0,71"},{"seq":"21","sqcand":"220001173438","n":"10222","nm":"IVAN MIRANDA","cc":"REPUBLICANOS","nv":" ","e":"n","st":"Suplente","dvt":"V\u00e1lido","vap":"506","pvap":"   1,21"},{"seq":"128","sqcand":"220000995603","n":"13123","nm":"EDAIANE SANA","cc":"PT","nv":" ","e":"n","st":"N\u00e3o eleito","dvt":"V\u00e1lido","vap":"396","pvap":"   0,95"},{"seq":"59","sqcand":"220001183220","n":"45345","nm":"MIRIAN BRONZE","cc":"PSDB","nv":" ","e":"n","st":"Suplente","dvt":"V\u00e1lido","vap":"161","pvap":"   0,39"},{"seq":"106","sqcand":"220001183215","n":"45111","nm":"TERESINHA DE JESUS DA SA\u00daDE","cc":"PSDB","nv":" ","e":"n","st":"Suplente","dvt":"V\u00e1lido","vap":"40","pvap":"   0,10"},{"seq":"92","sqcand":"220001183373","n":"90456","nm":"PROF CARLOS","cc":"PROS","nv":" ","e":"n","st":"Suplente","dvt":"V\u00e1lido","vap":"73","pvap":"   0,17"},{"seq":"132","sqcand":"220001176715","n":"20200","nm":"RAY DPVAT","cc":"PSC","nv":" ","e":"n","st":"N\u00e3o eleito","dvt":"V\u00e1lido","vap":"285","pvap":"   0,68"},{"seq":"41","sqcand":"220001173443","n":"10777","nm":"MARCELO DO CARRO DE SOM","cc":"REPUBLICANOS","nv":" ","e":"n","st":"Suplente","dvt":"V\u00e1lido","vap":"250","pvap":"   0,60"},{"seq":"67","sqcand":"220001183379","n":"90000","nm":"CLAUDIO CORREIA","cc":"PROS","nv":" ","e":"n","st":"Suplente","dvt":"V\u00e1lido","vap":"131","pvap":"   0,31"},{"seq":"174","sqcand":"220001176714","n":"20220","nm":"DARIO GOMES","cc":"PSC","nv":" ","e":"n","st":"N\u00e3o eleito","dvt":"V\u00e1lido","vap":"40","pvap":"   0,10"},{"seq":"105","sqcand":"220001182785","n":"25007","nm":"MARCIO SOUZA","cc":"DEM","nv":" ","e":"n","st":"Suplente","dvt":"V\u00e1lido","vap":"44","pvap":"   0,11"},{"seq":"139","sqcand":"220001249808","n":"27400","nm":"MARDONE SANTOS","cc":"DC","nv":" ","e":"n","st":"N\u00e3o eleito","dvt":"V\u00e1lido","vap":"149","pvap":"   0,36"},{"seq":"22","sqcand":"220001182790","n":"25678","nm":"JORGE ZAYAT","cc":"DEM","nv":" ","e":"n","st":"Suplente","dvt":"V\u00e1lido","vap":"504","pvap":"   1,21"},{"seq":"88","sqcand":"220001146911","n":"15000","nm":"DEBORA SOUZA","cc":"MDB","nv":" ","e":"n","st":"Suplente","dvt":"V\u00e1lido","vap":"82","pvap":"   0,20"},{"seq":"188","sqcand":"220001176719","n":"20024","nm":"GAUCHINHO","cc":"PSC","nv":" ","e":"n","st":"N\u00e3o eleito","dvt":"V\u00e1lido","vap":"18","pvap":"   0,04"},{"seq":"49","sqcand":"220001122978","n":"17789","nm":"RONIS SILVA","cc":"PSL","nv":" ","e":"n","st":"Suplente","dvt":"V\u00e1lido","vap":"189","pvap":"   0,45"},{"seq":"175","sqcand":"220001249806","n":"27111","nm":"SARGENTO DENILSON","cc":"DC","nv":" ","e":"n","st":"N\u00e3o eleito","dvt":"V\u00e1lido","vap":"36","pvap":"   0,09"},{"seq":"187","sqcand":"220001176713","n":"20010","nm":"SANDRA SOARES","cc":"PSC","nv":" ","e":"n","st":"N\u00e3o eleito","dvt":"V\u00e1lido","vap":"19","pvap":"   0,05"},{"seq":"143","sqcand":"220001150855","n":"70777","nm":"JOAO DO TAXI","cc":"AVANTE","nv":" ","e":"n","st":"N\u00e3o eleito","dvt":"V\u00e1lido","vap":"132","pvap":"   0,32"},{"seq":"37","sqcand":"220001183375","n":"90190","nm":"WILLIAM ALVES","cc":"PROS","nv":" ","e":"n","st":"Suplente","dvt":"V\u00e1lido","vap":"277","pvap":"   0,66"},{"seq":"56","sqcand":"220001182773","n":"25421","nm":"CIDA DA AGRO INDUSTRIA","cc":"DEM","nv":" ","e":"n","st":"Suplente","dvt":"V\u00e1lido","vap":"166","pvap":"   0,40"},{"seq":"18","sqcand":"220001182778","n":"25333","nm":"ADAUTO CALIXTO","cc":"DEM","nv":" ","e":"n","st":"Suplente","dvt":"V\u00e1lido","vap":"581","pvap":"   1,39"},{"seq":"125","sqcand":"220001176710","n":"20120","nm":"GRA\u00c7A DAVELI","cc":"PSC","nv":" ","e":"n","st":"N\u00e3o eleito","dvt":"V\u00e1lido","vap":"726","pvap":"   1,74"},{"seq":"108","sqcand":"220001122969","n":"17400","nm":"PASTOR MARCOS AURELIO","cc":"PSL","nv":" ","e":"n","st":"Suplente","dvt":"V\u00e1lido","vap":"39","pvap":"   0,09"},{"seq":"95","sqcand":"220001266296","n":"90090","nm":"CLEIDIANE BAIA ","cc":"PROS","nv":" ","e":"n","st":"Suplente","dvt":"V\u00e1lido","vap":"68","pvap":"   0,16"},{"seq":"134","sqcand":"220001150858","n":"70190","nm":"ARINALDO JOSE","cc":"AVANTE","nv":" ","e":"n","st":"N\u00e3o eleito","dvt":"V\u00e1lido","vap":"261","pvap":"   0,63"},{"seq":"122","sqcand":"220001058721","n":"77222","nm":"NETO ANDRADE","cc":"SOLIDARIEDADE","nv":" ","e":"n","st":"Suplente","dvt":"V\u00e1lido","vap":"4","pvap":"   0,01"},{"seq":"103","sqcand":"220001182788","n":"25600","nm":"GEREMIAS","cc":"DEM","nv":" ","e":"n","st":"Suplente","dvt":"V\u00e1lido","vap":"47","pvap":"   0,11"},{"seq":"60","sqcand":"220001182775","n":"25555","nm":"CUIABA DO SAL\u00c3O","cc":"DEM","nv":" ","e":"n","st":"Suplente","dvt":"V\u00e1lido","vap":"159","pvap":"   0,38"},{"seq":"181","sqcand":"220000845546","n":"40222","nm":"ALTANOR BOLA SETE","cc":"PSB","nv":" ","e":"n","st":"N\u00e3o eleito","dvt":"V\u00e1lido","vap":"30","pvap":"   0,07"},{"seq":"113","sqcand":"220001182774","n":"25777","nm":"DENISE DA SAUDE","cc":"DEM","nv":" ","e":"n","st":"Suplente","dvt":"V\u00e1lido","vap":"26","pvap":"   0,06"},{"seq":"180","sqcand":"220001150857","n":"70111","nm":"ELIZEU MONTEIRO","cc":"AVANTE","nv":" ","e":"n","st":"N\u00e3o eleito","dvt":"V\u00e1lido","vap":"31","pvap":"   0,07"},{"seq":"157","sqcand":"220001150854","n":"70444","nm":"GHEO PURCINO","cc":"AVANTE","nv":" ","e":"n","st":"N\u00e3o eleito","dvt":"Anulado sub judice","vap":"75","pvap":"   0,18"},{"seq":"14","sqcand":"220001058724","n":"77777","nm":"VANILTON CRUZ","cc":"SOLIDARIEDADE","nv":" ","e":"n","st":"Suplente","dvt":"V\u00e1lido","vap":"779","pvap":"   1,87"},{"seq":"34","sqcand":"220001122981","n":"17200","nm":"ROSE DA SAUDE","cc":"PSL","nv":" ","e":"n","st":"Suplente","dvt":"V\u00e1lido","vap":"333","pvap":"   0,80"},{"seq":"42","sqcand":"220001173435","n":"10999","nm":"BRASIL LEMOS","cc":"REPUBLICANOS","nv":" ","e":"n","st":"Suplente","dvt":"V\u00e1lido","vap":"247","pvap":"   0,59"},{"seq":"144","sqcand":"220001176711","n":"20500","nm":"PROFESSORA RENILDA GUIMARAES","cc":"PSC","nv":" ","e":"n","st":"N\u00e3o eleito","dvt":"V\u00e1lido","vap":"131","pvap":"   0,31"},{"seq":"17","sqcand":"220001182777","n":"25125","nm":"JOEL DA YAMAHA","cc":"DEM","nv":" ","e":"n","st":"Suplente","dvt":"V\u00e1lido","vap":"608","pvap":"   1,46"},{"seq":"15","sqcand":"220001146913","n":"15433","nm":"PASTOR ERONILDO","cc":"MDB","nv":" ","e":"n","st":"Suplente","dvt":"V\u00e1lido","vap":"774","pvap":"   1,85"},{"seq":"1","sqcand":"220001182786","n":"25444","nm":"RAFAEL E O FERA","cc":"DEM","nv":" ","e":"s","st":"Eleito","dvt":"V\u00e1lido","vap":"1972","pvap":"   4,72"},{"seq":"114","sqcand":"220001058712","n":"77193","nm":"CLAUDIO PEREIRA","cc":"SOLIDARIEDADE","nv":" ","e":"n","st":"Suplente","dvt":"V\u00e1lido","vap":"25","pvap":"   0,06"},{"seq":"11","sqcand":"220001173449","n":"10789","nm":"RICARDO MEDEIROS","cc":"REPUBLICANOS","nv":" ","e":"s","st":"Eleito","dvt":"V\u00e1lido","vap":"594","pvap":"   1,42"},{"seq":"161","sqcand":"220001176716","n":"20100","nm":"DORA DO MUTIRAO","cc":"PSC","nv":" ","e":"n","st":"N\u00e3o eleito","dvt":"V\u00e1lido","vap":"58","pvap":"   0,14"},{"seq":"57","sqcand":"220001173444","n":"10220","nm":"JONADABE DA LARANJA","cc":"REPUBLICANOS","nv":" ","e":"n","st":"Suplente","dvt":"V\u00e1lido","vap":"165","pvap":"   0,40"},{"seq":"158","sqcand":"220000845544","n":"40777","nm":"CID\u00c3O DOS QU\u00c9OPS","cc":"PSB","nv":" ","e":"n","st":"N\u00e3o eleito","dvt":"V\u00e1lido","vap":"74","pvap":"   0,18"},{"seq":"99","sqcand":"220001146904","n":"15617","nm":"CARLOS PAIX\u00c3O","cc":"MDB","nv":" ","e":"n","st":"Suplente","dvt":"V\u00e1lido","vap":"56","pvap":"   0,13"},{"seq":"36","sqcand":"220001173442","n":"10200","nm":"GILVANI KOCHEN","cc":"REPUBLICANOS","nv":" ","e":"n","st":"Suplente","dvt":"V\u00e1lido","vap":"285","pvap":"   0,68"},{"seq":"30","sqcand":"220001174605","n":"14140","nm":"JOCA","cc":"PTB","nv":" ","e":"n","st":"Suplente","dvt":"V\u00e1lido","vap":"365","pvap":"   0,87"},{"seq":"191","sqcand":"220001052457","n":"65111","nm":"JOSE MARCOS DO 9","cc":"PC do B","nv":" ","e":"n","st":"N\u00e3o eleito","dvt":"V\u00e1lido","vap":"14","pvap":"   0,03"},{"seq":"135","sqcand":"220001249811","n":"27123","nm":"BOI DA CHACARA","cc":"DC","nv":" ","e":"n","st":"N\u00e3o eleito","dvt":"V\u00e1lido","vap":"202","pvap":"   0,48"},{"seq":"162","sqcand":"220001206835","n":"22000","nm":"MARA MARETO","cc":"PL","nv":" ","e":"n","st":"N\u00e3o eleito","dvt":"V\u00e1lido","vap":"58","pvap":"   0,14"},{"seq":"170","sqcand":"220001249813","n":"27500","nm":"CONRADO","cc":"DC","nv":" ","e":"n","st":"N\u00e3o eleito","dvt":"V\u00e1lido","vap":"47","pvap":"   0,11"},{"seq":"16","sqcand":"220001182779","n":"25190","nm":"VALENTIN","cc":"DEM","nv":" ","e":"n","st":"Suplente","dvt":"V\u00e1lido","vap":"734","pvap":"   1,76"},{"seq":"118","sqcand":"220001174612","n":"14300","nm":"CLAUDIA GOS","cc":"PTB","nv":" ","e":"n","st":"Suplente","dvt":"V\u00e1lido","vap":"13","pvap":"   0,03"},{"seq":"133","sqcand":"220000845547","n":"40123","nm":"ROG\u00c9RIO FERRARI","cc":"PSB","nv":" ","e":"n","st":"N\u00e3o eleito","dvt":"V\u00e1lido","vap":"282","pvap":"   0,68"},{"seq":"28","sqcand":"220001122977","n":"17456","nm":"MARCELO SILVA","cc":"PSL","nv":" ","e":"n","st":"Suplente","dvt":"V\u00e1lido","vap":"380","pvap":"   0,91"},{"seq":"104","sqcand":"220001146908","n":"15555","nm":"CESAR TEIXEIRA","cc":"MDB","nv":" ","e":"n","st":"Suplente","dvt":"V\u00e1lido","vap":"47","pvap":"   0,11"},{"seq":"127","sqcand":"220001146900","n":"15670","nm":"ADAIR MOULAZ","cc":"MDB","nv":" ","e":"n","st":"N\u00e3o eleito","dvt":"Anulado sub judice","vap":"399","pvap":"   0,96"},{"seq":"182","sqcand":"220001249804","n":"27133","nm":"LOIDE DO S\u00c3O LUIS","cc":"DC","nv":" ","e":"n","st":"N\u00e3o eleito","dvt":"V\u00e1lido","vap":"28","pvap":"   0,07"},{"seq":"71","sqcand":"220001174603","n":"14000","nm":"CHIQUINHO GOMES","cc":"PTB","nv":" ","e":"n","st":"Suplente","dvt":"V\u00e1lido","vap":"114","pvap":"   0,27"},{"seq":"200","sqcand":"220001206832","n":"22345","nm":"MIDIAM SANTANA","cc":"PL","nv":" ","e":"n","st":"N\u00e3o eleito","dvt":"V\u00e1lido","vap":"0","pvap":"00.00"},{"seq":"115","sqcand":"220001058713","n":"77106","nm":"JOSIANE","cc":"SOLIDARIEDADE","nv":" ","e":"n","st":"Suplente","dvt":"V\u00e1lido","vap":"24","pvap":"   0,06"},{"seq":"24","sqcand":"220001174613","n":"14123","nm":"SIM\u00c3O","cc":"PTB","nv":" ","e":"n","st":"Suplente","dvt":"V\u00e1lido","vap":"464","pvap":"   1,11"},{"seq":"53","sqcand":"220001122976","n":"17888","nm":"REJANE DA GARAPEIRA","cc":"PSL","nv":" ","e":"n","st":"Suplente","dvt":"V\u00e1lido","vap":"178","pvap":"   0,43"},{"seq":"109","sqcand":"220001122980","n":"17364","nm":"RENAN DA MELANCIA","cc":"PSL","nv":" ","e":"n","st":"Suplente","dvt":"V\u00e1lido","vap":"39","pvap":"   0,09"},{"seq":"151","sqcand":"220001249812","n":"27000","nm":"MARCELO SEMA","cc":"DC","nv":" ","e":"n","st":"N\u00e3o eleito","dvt":"V\u00e1lido","vap":"92","pvap":"   0,22"},{"seq":"91","sqcand":"220001183219","n":"45321","nm":"DRA LUCIANE","cc":"PSDB","nv":" ","e":"n","st":"Suplente","dvt":"V\u00e1lido","vap":"74","pvap":"   0,18"},{"seq":"58","sqcand":"220001122965","n":"17800","nm":"BIBI COELHO","cc":"PSL","nv":" ","e":"n","st":"Suplente","dvt":"V\u00e1lido","vap":"163","pvap":"   0,39"},{"seq":"52","sqcand":"220001183217","n":"45045","nm":"SIDNEY J\u00daLIO","cc":"PSDB","nv":" ","e":"n","st":"Suplente","dvt":"V\u00e1lido","vap":"179","pvap":"   0,43"},{"seq":"33","sqcand":"220001183376","n":"90123","nm":"AGNALDO MOTTA","cc":"PROS","nv":" ","e":"n","st":"Suplente","dvt":"V\u00e1lido","vap":"336","pvap":"   0,81"},{"seq":"197","sqcand":"220000995604","n":"13421","nm":"JO\u00c3O BRAND\u00c3O","cc":"PT","nv":" ","e":"n","st":"N\u00e3o eleito","dvt":"V\u00e1lido","vap":"1","pvap":"   0,00"},{"seq":"38","sqcand":"220001122971","n":"17123","nm":"DENILSON ARAUJO DA RADIO","cc":"PSL","nv":" ","e":"n","st":"Suplente","dvt":"V\u00e1lido","vap":"268","pvap":"   0,64"},{"seq":"85","sqcand":"220001058711","n":"77737","nm":"BINHO","cc":"SOLIDARIEDADE","nv":" ","e":"n","st":"Suplente","dvt":"V\u00e1lido","vap":"88","pvap":"   0,21"},{"seq":"189","sqcand":"220001150861","n":"70333","nm":"ROSA MENDON\u00c7A","cc":"AVANTE","nv":" ","e":"n","st":"N\u00e3o eleito","dvt":"V\u00e1lido","vap":"18","pvap":"   0,04"},{"seq":"46","sqcand":"220001122974","n":"17190","nm":"ANT\u00d4NIO DE JESUS","cc":"PSL","nv":" ","e":"n","st":"Suplente","dvt":"V\u00e1lido","vap":"208","pvap":"   0,50"},{"seq":"110","sqcand":"220001058720","n":"77533","nm":"ERIVELTON DA INOVAR","cc":"SOLIDARIEDADE","nv":" ","e":"n","st":"Suplente","dvt":"V\u00e1lido","vap":"36","pvap":"   0,09"},{"seq":"29","sqcand":"220001183374","n":"90789","nm":"MARC\u00c3O DO NOVE","cc":"PROS","nv":" ","e":"n","st":"Suplente","dvt":"V\u00e1lido","vap":"379","pvap":"   0,91"},{"seq":"137","sqcand":"220001176718","n":"20123","nm":"EUZEBIO ELETRECISTA","cc":"PSC","nv":" ","e":"n","st":"N\u00e3o eleito","dvt":"V\u00e1lido","vap":"154","pvap":"   0,37"},{"seq":"25","sqcand":"220001173439","n":"10345","nm":"CIDA DO POSTINHO CINCO","cc":"REPUBLICANOS","nv":" ","e":"n","st":"Suplente","dvt":"V\u00e1lido","vap":"412","pvap":"   0,99"},{"seq":"179","sqcand":"220001052458","n":"65678","nm":"CLEIDE VIT\u00d3RIO","cc":"PC do B","nv":" ","e":"n","st":"N\u00e3o eleito","dvt":"V\u00e1lido","vap":"32","pvap":"   0,08"},{"seq":"90","sqcand":"220001146903","n":"15123","nm":"VAL FALC\u00c3O","cc":"MDB","nv":" ","e":"n","st":"Suplente","dvt":"V\u00e1lido","vap":"74","pvap":"   0,18"},{"seq":"116","sqcand":"220001122979","n":"17117","nm":"EDICLEI MOTO TAXI","cc":"PSL","nv":" ","e":"n","st":"Suplente","dvt":"V\u00e1lido","vap":"18","pvap":"   0,04"},{"seq":"152","sqcand":"220001176707","n":"20300","nm":"BAIXINHA DA MIL GRAU","cc":"PSC","nv":" ","e":"n","st":"N\u00e3o eleito","dvt":"V\u00e1lido","vap":"90","pvap":"   0,22"},{"seq":"75","sqcand":"220001122967","n":"17007","nm":"ROMILDA MELO","cc":"PSL","nv":" ","e":"n","st":"Suplente","dvt":"V\u00e1lido","vap":"105","pvap":"   0,25"},{"seq":"81","sqcand":"220001122972","n":"17177","nm":"MARCIO RUFINO","cc":"PSL","nv":" ","e":"n","st":"Suplente","dvt":"V\u00e1lido","vap":"96","pvap":"   0,23"},{"seq":"10","sqcand":"220001174610","n":"14789","nm":"RODRIGO SAULINHO","cc":"PTB","nv":" ","e":"s","st":"Eleito","dvt":"V\u00e1lido","vap":"672","pvap":"   1,61"},{"seq":"20","sqcand":"220001174614","n":"14500","nm":"JESSE CAMPOS","cc":"PTB","nv":" ","e":"n","st":"Suplente","dvt":"V\u00e1lido","vap":"512","pvap":"   1,23"},{"seq":"173","sqcand":"220001249814","n":"27372","nm":"JO\u00c3O DO SOM","cc":"DC","nv":" ","e":"n","st":"N\u00e3o eleito","dvt":"V\u00e1lido","vap":"43","pvap":"   0,10"},{"seq":"89","sqcand":"220001146902","n":"15444","nm":"JOSUE RAMOS","cc":"MDB","nv":" ","e":"n","st":"Suplente","dvt":"V\u00e1lido","vap":"75","pvap":"   0,18"},{"seq":"150","sqcand":"220000995598","n":"13500","nm":"BAIANO DO ONZE","cc":"PT","nv":" ","e":"n","st":"N\u00e3o eleito","dvt":"V\u00e1lido","vap":"95","pvap":"   0,23"},{"seq":"178","sqcand":"220001176712","n":"20900","nm":"WAGN\u00c3O","cc":"PSC","nv":" ","e":"n","st":"N\u00e3o eleito","dvt":"V\u00e1lido","vap":"34","pvap":"   0,08"},{"seq":"54","sqcand":"220001173441","n":"10555","nm":"ANA FELIZARDO","cc":"REPUBLICANOS","nv":" ","e":"n","st":"Suplente","dvt":"V\u00e1lido","vap":"174","pvap":"   0,42"},{"seq":"123","sqcand":"220001058719","n":"77153","nm":"JOSI","cc":"SOLIDARIEDADE","nv":" ","e":"n","st":"Suplente","dvt":"V\u00e1lido","vap":"4","pvap":"   0,01"},{"seq":"124","sqcand":"220001183377","n":"90110","nm":"LUCIENE DO DEZ","cc":"PROS","nv":" ","e":"n","st":"Suplente","dvt":"V\u00e1lido","vap":"2","pvap":"   0,00"},{"seq":"93","sqcand":"220001122970","n":"17600","nm":"NEIA CABELEIREIRA","cc":"PSL","nv":" ","e":"n","st":"Suplente","dvt":"V\u00e1lido","vap":"70","pvap":"   0,17"},{"seq":"192","sqcand":"220001052455","n":"65333","nm":"SIRLENE GOMES","cc":"PC do B","nv":" ","e":"n","st":"N\u00e3o eleito","dvt":"V\u00e1lido","vap":"14","pvap":"   0,03"},{"seq":"76","sqcand":"220001173446","n":"10110","nm":"ASAPH RODR\u00cdGUEZ","cc":"REPUBLICANOS","nv":" ","e":"n","st":"Suplente","dvt":"V\u00e1lido","vap":"105","pvap":"   0,25"},{"seq":"47","sqcand":"220001182789","n":"25222","nm":"FRAN BISSOLI","cc":"DEM","nv":" ","e":"n","st":"Suplente","dvt":"V\u00e1lido","vap":"203","pvap":"   0,49"},{"seq":"155","sqcand":"220001249805","n":"27257","nm":"SIRLEY DA ORTOPEDIA","cc":"DC","nv":" ","e":"n","st":"N\u00e3o eleito","dvt":"V\u00e1lido","vap":"82","pvap":"   0,20"},{"seq":"66","sqcand":"220001058718","n":"77100","nm":"NEGUINHO DA JARDINAGEM","cc":"SOLIDARIEDADE","nv":" ","e":"n","st":"Suplente","dvt":"V\u00e1lido","vap":"134","pvap":"   0,32"},{"seq":"51","sqcand":"220001058722","n":"77190","nm":"DANIELA ALVES","cc":"SOLIDARIEDADE","nv":" ","e":"n","st":"Suplente","dvt":"V\u00e1lido","vap":"180","pvap":"   0,43"},{"seq":"94","sqcand":"220001183369","n":"90100","nm":"MARCIO DA MAIS BARATO","cc":"PROS","nv":" ","e":"n","st":"Suplente","dvt":"V\u00e1lido","vap":"68","pvap":"   0,16"},{"seq":"111","sqcand":"220001146906","n":"15200","nm":"ERICA DA TAPE\u00c7ARIA SANTIAGO","cc":"MDB","nv":" ","e":"n","st":"Suplente","dvt":"V\u00e1lido","vap":"30","pvap":"   0,07"},{"seq":"138","sqcand":"220000995600","n":"13364","nm":"MARCIO NORBERTO","cc":"PT","nv":" ","e":"n","st":"N\u00e3o eleito","dvt":"V\u00e1lido","vap":"150","pvap":"   0,36"},{"seq":"169","sqcand":"220001176709","n":"20555","nm":"LU DA TUPPERWARE","cc":"PSC","nv":" ","e":"n","st":"N\u00e3o eleito","dvt":"V\u00e1lido","vap":"48","pvap":"   0,12"},{"seq":"98","sqcand":"220001146909","n":"15777","nm":"LUCAS ANTUNES","cc":"MDB","nv":" ","e":"n","st":"Suplente","dvt":"V\u00e1lido","vap":"60","pvap":"   0,14"},{"seq":"32","sqcand":"220001174617","n":"14014","nm":"ALEXANDRE BONFIM","cc":"PTB","nv":" ","e":"n","st":"Suplente","dvt":"V\u00e1lido","vap":"347","pvap":"   0,83"},{"seq":"130","sqcand":"220000995599","n":"13130","nm":"PROF EDSON","cc":"PT","nv":" ","e":"n","st":"N\u00e3o eleito","dvt":"V\u00e1lido","vap":"355","pvap":"   0,85"},{"seq":"7","sqcand":"220001182787","n":"25000","nm":"TIAGO VIOLA","cc":"DEM","nv":" ","e":"s","st":"Eleito","dvt":"V\u00e1lido","vap":"868","pvap":"   2,08"},{"seq":"77","sqcand":"220001058709","n":"77120","nm":"GAGO MOTO TAXI","cc":"SOLIDARIEDADE","nv":" ","e":"n","st":"Suplente","dvt":"V\u00e1lido","vap":"102","pvap":"   0,24"},{"seq":"119","sqcand":"220001266297","n":"90120","nm":"UELINTO MOREIRA","cc":"PROS","nv":" ","e":"n","st":"Suplente","dvt":"V\u00e1lido","vap":"8","pvap":"   0,02"},{"seq":"140","sqcand":"220001150850","n":"70000","nm":"BILL LOPES","cc":"AVANTE","nv":" ","e":"n","st":"N\u00e3o eleito","dvt":"V\u00e1lido","vap":"139","pvap":"   0,33"},{"seq":"100","sqcand":"220001058723","n":"77000","nm":"BARBOSA FILHO","cc":"SOLIDARIEDADE","nv":" ","e":"n","st":"Suplente","dvt":"V\u00e1lido","vap":"55","pvap":"   0,13"},{"seq":"153","sqcand":"220001052456","n":"65135","nm":"SONIA DA RECICLAGEM","cc":"PC do B","nv":" ","e":"n","st":"N\u00e3o eleito","dvt":"V\u00e1lido","vap":"87","pvap":"   0,21"},{"seq":"27","sqcand":"220001173437","n":"10600","nm":"PASTORA GISA","cc":"REPUBLICANOS","nv":" ","e":"n","st":"Suplente","dvt":"V\u00e1lido","vap":"396","pvap":"   0,95"},{"seq":"70","sqcand":"220001146910","n":"15153","nm":"ROSILENE BRITO","cc":"MDB","nv":" ","e":"n","st":"Suplente","dvt":"V\u00e1lido","vap":"117","pvap":"   0,28"},{"seq":"165","sqcand":"220000995607","n":"13570","nm":"NALDO","cc":"PT","nv":" ","e":"n","st":"N\u00e3o eleito","dvt":"V\u00e1lido","vap":"54","pvap":"   0,13"},{"seq":"45","sqcand":"220001058708","n":"77234","nm":"JEFERSON","cc":"SOLIDARIEDADE","nv":" ","e":"n","st":"Suplente","dvt":"V\u00e1lido","vap":"210","pvap":"   0,50"},{"seq":"65","sqcand":"220001183378","n":"90900","nm":"PATRICIA TOZATO","cc":"PROS","nv":" ","e":"n","st":"Suplente","dvt":"V\u00e1lido","vap":"143","pvap":"   0,34"},{"seq":"61","sqcand":"220001183368","n":"90007","nm":"CESAR DA LANTERNAGEM","cc":"PROS","nv":" ","e":"n","st":"Suplente","dvt":"V\u00e1lido","vap":"158","pvap":"   0,38"},{"seq":"168","sqcand":"220001150862","n":"70555","nm":"PASTORA ROSE","cc":"AVANTE","nv":" ","e":"n","st":"N\u00e3o eleito","dvt":"V\u00e1lido","vap":"49","pvap":"   0,12"},{"seq":"84","sqcand":"220001058726","n":"77111","nm":"RITA TURISMO","cc":"SOLIDARIEDADE","nv":" ","e":"n","st":"Suplente","dvt":"V\u00e1lido","vap":"89","pvap":"   0,21"},{"seq":"82","sqcand":"220001058715","n":"77555","nm":"OZANAR AMORIM","cc":"SOLIDARIEDADE","nv":" ","e":"n","st":"Suplente","dvt":"V\u00e1lido","vap":"95","pvap":"   0,23"},{"seq":"163","sqcand":"220001249802","n":"27456","nm":"MARIA PAI DA MATA","cc":"DC","nv":" ","e":"n","st":"N\u00e3o eleito","dvt":"V\u00e1lido","vap":"55","pvap":"   0,13"},{"seq":"83","sqcand":"220001146907","n":"15111","nm":"MARILENE DO SETOR 09","cc":"MDB","nv":" ","e":"n","st":"Suplente","dvt":"V\u00e1lido","vap":"92","pvap":"   0,22"},{"seq":"55","sqcand":"220001173447","n":"10318","nm":"LEO SOUZA","cc":"REPUBLICANOS","nv":" ","e":"n","st":"Suplente","dvt":"V\u00e1lido","vap":"174","pvap":"   0,42"},{"seq":"48","sqcand":"220001183372","n":"90500","nm":"CHILLA","cc":"PROS","nv":" ","e":"n","st":"Suplente","dvt":"V\u00e1lido","vap":"189","pvap":"   0,45"},{"seq":"145","sqcand":"220000995597","n":"13111","nm":"ZONALIA NERIS","cc":"PT","nv":" ","e":"n","st":"N\u00e3o eleito","dvt":"V\u00e1lido","vap":"131","pvap":"   0,31"},{"seq":"80","sqcand":"220001182776","n":"25050","nm":"EMILIA DA CLINICA POPULAR","cc":"DEM","nv":" ","e":"n","st":"Suplente","dvt":"V\u00e1lido","vap":"100","pvap":"   0,24"},{"seq":"3","sqcand":"220001183214","n":"45123","nm":"LORO","cc":"PSDB","nv":" ","e":"s","st":"Eleito","dvt":"V\u00e1lido","vap":"1143","pvap":"   2,74"},{"seq":"6","sqcand":"220001173440","n":"10620","nm":"LANO MATIAS","cc":"REPUBLICANOS","nv":" ","e":"s","st":"Eleito","dvt":"V\u00e1lido","vap":"901","pvap":"   2,16"},{"seq":"147","sqcand":"220000995601","n":"13333","nm":"SAULO VIGILANTE","cc":"PT","nv":" ","e":"n","st":"N\u00e3o eleito","dvt":"V\u00e1lido","vap":"117","pvap":"   0,28"},{"seq":"183","sqcand":"220001150852","n":"70345","nm":"CARLOS NEGAO","cc":"AVANTE","nv":" ","e":"n","st":"N\u00e3o eleito","dvt":"V\u00e1lido","vap":"25","pvap":"   0,06"},{"seq":"35","sqcand":"220001174604","n":"14100","nm":"JARLEI MOREIRA","cc":"PTB","nv":" ","e":"n","st":"Suplente","dvt":"V\u00e1lido","vap":"317","pvap":"   0,76"},{"seq":"126","sqcand":"220001206830","n":"22222","nm":"NAIRTON DA SAUDE","cc":"PL","nv":" ","e":"n","st":"N\u00e3o eleito","dvt":"V\u00e1lido","vap":"440","pvap":"   1,05"},{"seq":"8","sqcand":"220001146901","n":"15100","nm":"CHICO PINHEIRO","cc":"MDB","nv":" ","e":"s","st":"Eleito","dvt":"V\u00e1lido","vap":"820","pvap":"   1,96"},{"seq":"44","sqcand":"220001122982","n":"17100","nm":"EZEQUIEL NEG\u00c3O","cc":"PSL","nv":" ","e":"n","st":"Suplente","dvt":"V\u00e1lido","vap":"227","pvap":"   0,54"},{"seq":"172","sqcand":"220001052459","n":"65180","nm":"TIAGO VIANA","cc":"PC do B","nv":" ","e":"n","st":"N\u00e3o eleito","dvt":"V\u00e1lido","vap":"44","pvap":"   0,11"},{"seq":"43","sqcand":"220001183370","n":"90777","nm":"SERGINHO DA TV","cc":"PROS","nv":" ","e":"n","st":"Suplente","dvt":"V\u00e1lido","vap":"236","pvap":"   0,57"},{"seq":"62","sqcand":"220001058725","n":"77007","nm":"ROBERTO LIMA","cc":"SOLIDARIEDADE","nv":" ","e":"n","st":"Suplente","dvt":"V\u00e1lido","vap":"157","pvap":"   0,38"},{"seq":"50","sqcand":"220001183213","n":"45555","nm":"MARA L\u00daCIA","cc":"PSDB","nv":" ","e":"n","st":"Suplente","dvt":"V\u00e1lido","vap":"180","pvap":"   0,43"},{"seq":"23","sqcand":"220001146899","n":"15300","nm":"ADEIR DA ACIA","cc":"MDB","nv":" ","e":"n","st":"Suplente","dvt":"V\u00e1lido","vap":"466","pvap":"   1,12"},{"seq":"154","sqcand":"220000845542","n":"40000","nm":"PROFESSORA BIA ALBUQUERQUE","cc":"PSB","nv":" ","e":"n","st":"N\u00e3o eleito","dvt":"V\u00e1lido","vap":"85","pvap":"   0,20"},{"seq":"148","sqcand":"220001206831","n":"22123","nm":"ARLAN LOPES","cc":"PL","nv":" ","e":"n","st":"N\u00e3o eleito","dvt":"V\u00e1lido","vap":"110","pvap":"   0,26"},{"seq":"64","sqcand":"220001174608","n":"14555","nm":"PATRYCK PEREIRA","cc":"PTB","nv":" ","e":"n","st":"Suplente","dvt":"V\u00e1lido","vap":"143","pvap":"   0,34"},{"seq":"40","sqcand":"220001173448","n":"10500","nm":"MARCELO FOGO","cc":"REPUBLICANOS","nv":" ","e":"n","st":"Suplente","dvt":"V\u00e1lido","vap":"263","pvap":"   0,63"},{"seq":"73","sqcand":"220001183216","n":"45145","nm":"OSMAIR PEREIRA","cc":"PSDB","nv":" ","e":"n","st":"Suplente","dvt":"V\u00e1lido","vap":"110","pvap":"   0,26"},{"seq":"87","sqcand":"220001122975","n":"17777","nm":"TEREZINHA PONTES","cc":"PSL","nv":" ","e":"n","st":"Suplente","dvt":"V\u00e1lido","vap":"82","pvap":"   0,20"},{"seq":"176","sqcand":"220001150859","n":"70070","nm":"POLIANA OLIVEIRA","cc":"AVANTE","nv":" ","e":"n","st":"N\u00e3o eleito","dvt":"V\u00e1lido","vap":"36","pvap":"   0,09"},{"seq":"107","sqcand":"220001183218","n":"45222","nm":"SERGIO SORVETERIA SS RIBEIRO","cc":"PSDB","nv":" ","e":"n","st":"Suplente","dvt":"V\u00e1lido","vap":"39","pvap":"   0,09"},{"seq":"193","sqcand":"220001150856","n":"70558","nm":"MARIA RIBEIRO","cc":"AVANTE","nv":" ","e":"n","st":"N\u00e3o eleito","dvt":"V\u00e1lido","vap":"7","pvap":"   0,02"},{"seq":"195","sqcand":"220001174615","n":"14190","nm":"ALINE PSIC\u00d3LOGA","cc":"PTB","nv":" ","e":"n","st":"N\u00e3o eleito","dvt":"Anulado sub judice","vap":"3","pvap":"   0,01"},{"seq":"141","sqcand":"220000995605","n":"13133","nm":"ENADIR PROFESSORA DE LIBRAS","cc":"PT","nv":" ","e":"n","st":"N\u00e3o eleito","dvt":"V\u00e1lido","vap":"137","pvap":"   0,33"},{"seq":"86","sqcand":"220001146912","n":"15500","nm":"CINTIA BIBLIOTECARIA","cc":"MDB","nv":" ","e":"n","st":"Suplente","dvt":"V\u00e1lido","vap":"83","pvap":"   0,20"},{"seq":"101","sqcand":"220001146905","n":"15515","nm":"RUBENS MILOCH","cc":"MDB","nv":" ","e":"n","st":"Suplente","dvt":"V\u00e1lido","vap":"54","pvap":"   0,13"}]}
