{"ele":"426","tpabr":"mu","cdabr":"00132","carper":"13","t":"1","f":"o","dt":"15/11/2020","ht":"21:15:17","dv":"s","tf":"s","v":"13","esae":"n","mnae":"","s":"157","st":"157","pst":" 100,00","snt":"0","psnt":"   0,00","si":"157","psi":" 100,00","sni":"0","psni":"   0,00","sa":"157","psa":" 100,00","sna":"0","psna":"   0,00","e":"61182","ea":"61182","pea":" 100,00","ena":"0","pena":"   0,00","esi":"61182","pesi":" 100,00","esni":"0","pesni":"   0,00","c":"44704","pc":"  73,07","a":"16478","pa":"  26,93","vscv":"0","vnom":"39277","vl":"2092","pvnom":"  94,94","pvl":"   5,06","vvc":"41567","pvvc":"  92,98","vb":"1571","pvb":"   3,52","tvn":"1566","ptvn":"   3,50","vn":"1566","pvn":" 100,00","vnt":"0","pvnt":"   0,00","vp":"0","pvp":"   0,00","vv":"41369","pvv":"  99,52","van":"0","pvan":"   0,00","vansj":"198","pvansj":"   0,48","tv":"44704","cand":[{"seq":"207","sqcand":"220000731877","n":"10007","nm":"ROSANGELA ALVES","cc":"REPUBLICANOS","nv":" ","e":"n","st":"N\u00e3o eleito","dvt":"V\u00e1lido","vap":"31","pvap":"   0,07"},{"seq":"12","sqcand":"220001087869","n":"20123","nm":"NICA CABO JO\u00c3O","cc":"PSC","nv":" ","e":"s","st":"Eleito","dvt":"V\u00e1lido","vap":"466","pvap":"   1,12"},{"seq":"130","sqcand":"220000732680","n":"40400","nm":"JHONATAN FARIAS","cc":"PSB","nv":" ","e":"n","st":"Suplente","dvt":"V\u00e1lido","vap":"35","pvap":"   0,08"},{"seq":"194","sqcand":"220001050728","n":"12666","nm":"PROFESSORA ALINE LEON","cc":"PDT","nv":" ","e":"n","st":"N\u00e3o eleito","dvt":"V\u00e1lido","vap":"70","pvap":"   0,17"},{"seq":"138","sqcand":"220001087875","n":"20888","nm":"RAQUEL GREGIO","cc":"PSC","nv":" ","e":"n","st":"Suplente","dvt":"V\u00e1lido","vap":"27","pvap":"   0,06"},{"seq":"25","sqcand":"220001088287","n":"25017","nm":"APARECIDO DONADONI","cc":"DEM","nv":" ","e":"n","st":"Suplente","dvt":"V\u00e1lido","vap":"451","pvap":"   1,08"},{"seq":"21","sqcand":"220000849057","n":"11123","nm":"VERA DA FARMACIA","cc":"PP","nv":" ","e":"n","st":"Suplente","dvt":"V\u00e1lido","vap":"541","pvap":"   1,30"},{"seq":"30","sqcand":"220000924061","n":"19333","nm":"ENFERMEIRA NEIDE IKINO","cc":"PODE","nv":" ","e":"n","st":"Suplente","dvt":"V\u00e1lido","vap":"387","pvap":"   0,93"},{"seq":"65","sqcand":"220001087874","n":"20220","nm":"NINO S\u00c3O MATEUS","cc":"PSC","nv":" ","e":"n","st":"Suplente","dvt":"V\u00e1lido","vap":"173","pvap":"   0,42"},{"seq":"98","sqcand":"220001087883","n":"20640","nm":"DELMINHO DO RODEIO","cc":"PSC","nv":" ","e":"n","st":"Suplente","dvt":"V\u00e1lido","vap":"82","pvap":"   0,20"},{"seq":"47","sqcand":"220000864399","n":"55500","nm":"JOAREZ SOARES","cc":"PSD","nv":" ","e":"n","st":"Suplente","dvt":"V\u00e1lido","vap":"234","pvap":"   0,56"},{"seq":"43","sqcand":"220000778733","n":"70777","nm":"ADMAR JOS\u00c9","cc":"AVANTE","nv":" ","e":"n","st":"Suplente","dvt":"V\u00e1lido","vap":"259","pvap":"   0,62"},{"seq":"6","sqcand":"220000778746","n":"70364","nm":"PEDRINHO","cc":"AVANTE","nv":" ","e":"s","st":"Eleito","dvt":"V\u00e1lido","vap":"730","pvap":"   1,76"},{"seq":"200","sqcand":"220000731883","n":"10567","nm":"RICARDO DO SAL\u00c3O PARAN\u00c1","cc":"REPUBLICANOS","nv":" ","e":"n","st":"N\u00e3o eleito","dvt":"V\u00e1lido","vap":"49","pvap":"   0,12"},{"seq":"104","sqcand":"220000924073","n":"19369","nm":"CLEIDE MARCELO VALIANTE","cc":"PODE","nv":" ","e":"n","st":"Suplente","dvt":"V\u00e1lido","vap":"75","pvap":"   0,18"},{"seq":"79","sqcand":"220000732688","n":"40040","nm":"DIHONE DUARTE","cc":"PSB","nv":" ","e":"n","st":"Suplente","dvt":"V\u00e1lido","vap":"116","pvap":"   0,28"},{"seq":"87","sqcand":"220000924066","n":"19100","nm":"CHINHA COSTA","cc":"PODE","nv":" ","e":"n","st":"Suplente","dvt":"V\u00e1lido","vap":"102","pvap":"   0,25"},{"seq":"113","sqcand":"220000849702","n":"90123","nm":"RUTE FRAGA","cc":"PROS","nv":" ","e":"n","st":"Suplente","dvt":"V\u00e1lido","vap":"60","pvap":"   0,14"},{"seq":"179","sqcand":"220001050736","n":"12190","nm":"CLEITON ARAUJO","cc":"PDT","nv":" ","e":"n","st":"N\u00e3o eleito","dvt":"V\u00e1lido","vap":"152","pvap":"   0,37"},{"seq":"114","sqcand":"220000924065","n":"19000","nm":"JOAOZINHO DO CRISTO REI","cc":"PODE","nv":" ","e":"n","st":"Suplente","dvt":"V\u00e1lido","vap":"60","pvap":"   0,14"},{"seq":"168","sqcand":"220001050735","n":"12222","nm":"V\u00d4 DA RADIO","cc":"PDT","nv":" ","e":"n","st":"N\u00e3o eleito","dvt":"V\u00e1lido","vap":"315","pvap":"   0,76"},{"seq":"35","sqcand":"220001088288","n":"25025","nm":"TONINHO DA CERON","cc":"DEM","nv":" ","e":"n","st":"Suplente","dvt":"V\u00e1lido","vap":"347","pvap":"   0,83"},{"seq":"103","sqcand":"220001051299","n":"43453","nm":"ROSA AGRICULTORA","cc":"PV","nv":" ","e":"n","st":"Suplente","dvt":"V\u00e1lido","vap":"76","pvap":"   0,18"},{"seq":"206","sqcand":"220000731871","n":"10322","nm":"CEARA LAVADOR","cc":"REPUBLICANOS","nv":" ","e":"n","st":"N\u00e3o eleito","dvt":"V\u00e1lido","vap":"35","pvap":"   0,08"},{"seq":"201","sqcand":"220000972604","n":"14555","nm":"ARLINDO","cc":"PTB","nv":" ","e":"n","st":"N\u00e3o eleito","dvt":"V\u00e1lido","vap":"47","pvap":"   0,11"},{"seq":"137","sqcand":"220001087873","n":"20020","nm":"PASTOR ANTONIO","cc":"PSC","nv":" ","e":"n","st":"Suplente","dvt":"V\u00e1lido","vap":"27","pvap":"   0,06"},{"seq":"210","sqcand":"220001050734","n":"12321","nm":"SIDNEY CONTRUTOR","cc":"PDT","nv":" ","e":"n","st":"N\u00e3o eleito","dvt":"V\u00e1lido","vap":"18","pvap":"   0,04"},{"seq":"1","sqcand":"220001072468","n":"45123","nm":"DHONATAN PAGANI","cc":"PSDB","nv":" ","e":"s","st":"Eleito","dvt":"V\u00e1lido","vap":"1878","pvap":"   4,52"},{"seq":"44","sqcand":"220001051305","n":"43000","nm":"ADRIANO VILHENENSE","cc":"PV","nv":" ","e":"n","st":"Suplente","dvt":"V\u00e1lido","vap":"256","pvap":"   0,62"},{"seq":"140","sqcand":"220000732692","n":"40213","nm":"KASSUP\u00c1","cc":"PSB","nv":" ","e":"n","st":"Suplente","dvt":"V\u00e1lido","vap":"25","pvap":"   0,06"},{"seq":"212","sqcand":"220001050730","n":"12333","nm":"PROFESSORA NEUZA","cc":"PDT","nv":" ","e":"n","st":"N\u00e3o eleito","dvt":"V\u00e1lido","vap":"13","pvap":"   0,03"},{"seq":"37","sqcand":"220000924078","n":"19456","nm":"PERITO DAVID","cc":"PODE","nv":" ","e":"n","st":"Suplente","dvt":"V\u00e1lido","vap":"324","pvap":"   0,78"},{"seq":"144","sqcand":"220001088292","n":"25400","nm":"ERVAL MIRANDA","cc":"DEM","nv":" ","e":"n","st":"Suplente","dvt":"V\u00e1lido","vap":"21","pvap":"   0,05"},{"seq":"85","sqcand":"220000864413","n":"55777","nm":"MARLON MINOTTO","cc":"PSD","nv":" ","e":"n","st":"Suplente","dvt":"V\u00e1lido","vap":"105","pvap":"   0,25"},{"seq":"190","sqcand":"220000731882","n":"10130","nm":"NIVALDO CABELEIREIRO","cc":"REPUBLICANOS","nv":" ","e":"n","st":"N\u00e3o eleito","dvt":"V\u00e1lido","vap":"93","pvap":"   0,22"},{"seq":"193","sqcand":"220000778735","n":"70315","nm":"TI\u00c3O GAR\u00c7OM DO POVO","cc":"AVANTE","nv":" ","e":"n","st":"N\u00e3o eleito","dvt":"Anulado sub judice","vap":"75","pvap":"   0,18"},{"seq":"14","sqcand":"220001072467","n":"45000","nm":"RAFAEL MAZIERO","cc":"PSDB","nv":" ","e":"n","st":"Suplente","dvt":"V\u00e1lido","vap":"771","pvap":"   1,85"},{"seq":"211","sqcand":"220001264542","n":"12800","nm":"ILMA CAPOCCI","cc":"PDT","nv":" ","e":"n","st":"N\u00e3o eleito","dvt":"V\u00e1lido","vap":"14","pvap":"   0,03"},{"seq":"96","sqcand":"220001088286","n":"25321","nm":"NEGUINHO DO BELA VISTA","cc":"DEM","nv":" ","e":"n","st":"Suplente","dvt":"V\u00e1lido","vap":"87","pvap":"   0,21"},{"seq":"10","sqcand":"220001088284","n":"25140","nm":"ADEMIR ALVES","cc":"DEM","nv":" ","e":"s","st":"Eleito","dvt":"V\u00e1lido","vap":"565","pvap":"   1,36"},{"seq":"124","sqcand":"220000924068","n":"19264","nm":"J\u00d4 POLPAS","cc":"PODE","nv":" ","e":"n","st":"Suplente","dvt":"V\u00e1lido","vap":"45","pvap":"   0,11"},{"seq":"7","sqcand":"220001051298","n":"43111","nm":"WILSON TABALIPA","cc":"PV","nv":" ","e":"s","st":"Eleito","dvt":"V\u00e1lido","vap":"719","pvap":"   1,73"},{"seq":"125","sqcand":"220001087882","n":"20322","nm":"KLEBER SANTOS LOCUTOR","cc":"PSC","nv":" ","e":"n","st":"Suplente","dvt":"V\u00e1lido","vap":"42","pvap":"   0,10"},{"seq":"41","sqcand":"220000849061","n":"11222","nm":"ROSILEYA DA SA\u00daDE","cc":"PP","nv":" ","e":"n","st":"Suplente","dvt":"V\u00e1lido","vap":"277","pvap":"   0,67"},{"seq":"178","sqcand":"220000731873","n":"10234","nm":"ZEZINHO PESSOA","cc":"REPUBLICANOS","nv":" ","e":"n","st":"N\u00e3o eleito","dvt":"V\u00e1lido","vap":"157","pvap":"   0,38"},{"seq":"109","sqcand":"220000864400","n":"55206","nm":"WALTENIO DUMAU DA TRES DG","cc":"PSD","nv":" ","e":"n","st":"Suplente","dvt":"V\u00e1lido","vap":"69","pvap":"   0,17"},{"seq":"173","sqcand":"220000972601","n":"14321","nm":"SIDNEY OPERADOR","cc":"PTB","nv":" ","e":"n","st":"N\u00e3o eleito","dvt":"V\u00e1lido","vap":"198","pvap":"   0,48"},{"seq":"16","sqcand":"220000864407","n":"55321","nm":"CAROL ANDREAZZA","cc":"PSD","nv":" ","e":"n","st":"Suplente","dvt":"V\u00e1lido","vap":"608","pvap":"   1,46"},{"seq":"153","sqcand":"220001088291","n":"25405","nm":"ANGELITA ROSA","cc":"DEM","nv":" ","e":"n","st":"Suplente","dvt":"V\u00e1lido","vap":"16","pvap":"   0,04"},{"seq":"88","sqcand":"220000778732","n":"70789","nm":"PROFESSORA J\u00d4 ARAUJO","cc":"AVANTE","nv":" ","e":"n","st":"Suplente","dvt":"V\u00e1lido","vap":"97","pvap":"   0,23"},{"seq":"151","sqcand":"220000778731","n":"70500","nm":"L\u00cdDIA ANUNCIA\u00c7\u00c3O","cc":"AVANTE","nv":" ","e":"n","st":"Suplente","dvt":"V\u00e1lido","vap":"18","pvap":"   0,04"},{"seq":"128","sqcand":"220001051313","n":"43222","nm":"EMERSONREI DA CASTANHA","cc":"PV","nv":" ","e":"n","st":"Suplente","dvt":"V\u00e1lido","vap":"35","pvap":"   0,08"},{"seq":"202","sqcand":"220000731875","n":"10789","nm":"GEDALVA THAIS","cc":"REPUBLICANOS","nv":" ","e":"n","st":"N\u00e3o eleito","dvt":"V\u00e1lido","vap":"46","pvap":"   0,11"},{"seq":"9","sqcand":"220000864416","n":"55155","nm":"ZECA DA DISCOL\u00c3NDIA","cc":"PSD","nv":" ","e":"s","st":"Eleito","dvt":"V\u00e1lido","vap":"619","pvap":"   1,49"},{"seq":"118","sqcand":"220000732697","n":"40777","nm":"NEIDE LIMA","cc":"PSB","nv":" ","e":"n","st":"Suplente","dvt":"V\u00e1lido","vap":"57","pvap":"   0,14"},{"seq":"105","sqcand":"220000778745","n":"70451","nm":"PEDRO DOS SANTOS","cc":"AVANTE","nv":" ","e":"n","st":"Suplente","dvt":"V\u00e1lido","vap":"74","pvap":"   0,18"},{"seq":"169","sqcand":"220001191042","n":"15123","nm":"JOSU\u00c9 DONADON","cc":"MDB","nv":" ","e":"n","st":"N\u00e3o eleito","dvt":"V\u00e1lido","vap":"284","pvap":"   0,68"},{"seq":"67","sqcand":"220001087877","n":"20789","nm":"JOANES ROSA","cc":"PSC","nv":" ","e":"n","st":"Suplente","dvt":"V\u00e1lido","vap":"172","pvap":"   0,41"},{"seq":"31","sqcand":"220000778743","n":"70322","nm":"ELIAS MUSICO","cc":"AVANTE","nv":" ","e":"n","st":"Suplente","dvt":"V\u00e1lido","vap":"382","pvap":"   0,92"},{"seq":"84","sqcand":"220000864412","n":"55111","nm":"PROFESSORA GILDA","cc":"PSD","nv":" ","e":"n","st":"Suplente","dvt":"V\u00e1lido","vap":"105","pvap":"   0,25"},{"seq":"186","sqcand":"220000731885","n":"10222","nm":"ROSE LEHRBACH","cc":"REPUBLICANOS","nv":" ","e":"n","st":"N\u00e3o eleito","dvt":"V\u00e1lido","vap":"118","pvap":"   0,28"},{"seq":"34","sqcand":"220001087879","n":"20135","nm":"DENNS G\u00c1RATE","cc":"PSC","nv":" ","e":"n","st":"Suplente","dvt":"V\u00e1lido","vap":"351","pvap":"   0,84"},{"seq":"209","sqcand":"220000731886","n":"10999","nm":"ISAC","cc":"REPUBLICANOS","nv":" ","e":"n","st":"N\u00e3o eleito","dvt":"V\u00e1lido","vap":"19","pvap":"   0,05"},{"seq":"108","sqcand":"220000849710","n":"90007","nm":"DITO MOTOQUEIRO","cc":"PROS","nv":" ","e":"n","st":"Suplente","dvt":"V\u00e1lido","vap":"71","pvap":"   0,17"},{"seq":"191","sqcand":"220001191041","n":"15555","nm":"VAIRTO GOMES PINTO","cc":"MDB","nv":" ","e":"n","st":"N\u00e3o eleito","dvt":"V\u00e1lido","vap":"90","pvap":"   0,22"},{"seq":"134","sqcand":"220000924076","n":"19222","nm":"HELIO CADEIRANTE","cc":"PODE","nv":" ","e":"n","st":"Suplente","dvt":"V\u00e1lido","vap":"28","pvap":"   0,07"},{"seq":"11","sqcand":"220000849713","n":"90190","nm":"SARGENTO DAMASCENO","cc":"PROS","nv":" ","e":"s","st":"Eleito","dvt":"V\u00e1lido","vap":"526","pvap":"   1,27"},{"seq":"156","sqcand":"220001268940","n":"90014","nm":"LEANDRA OLIVEIRA","cc":"PROS","nv":" ","e":"n","st":"Suplente","dvt":"V\u00e1lido","vap":"15","pvap":"   0,04"},{"seq":"197","sqcand":"220001191044","n":"15015","nm":"LAUDICEIA FERMINO","cc":"MDB","nv":" ","e":"n","st":"N\u00e3o eleito","dvt":"V\u00e1lido","vap":"59","pvap":"   0,14"},{"seq":"141","sqcand":"220000778736","n":"70111","nm":"VANDERLEY LUNA","cc":"AVANTE","nv":" ","e":"n","st":"Suplente","dvt":"V\u00e1lido","vap":"25","pvap":"   0,06"},{"seq":"20","sqcand":"220000849063","n":"11456","nm":"ROSE DA SA\u00daDE","cc":"PP","nv":" ","e":"n","st":"Suplente","dvt":"V\u00e1lido","vap":"543","pvap":"   1,31"},{"seq":"90","sqcand":"220001051303","n":"43743","nm":"JACIRA SOPELSA","cc":"PV","nv":" ","e":"n","st":"Suplente","dvt":"V\u00e1lido","vap":"92","pvap":"   0,22"},{"seq":"28","sqcand":"220001051302","n":"43123","nm":"FRAN\u00c7A SILVA","cc":"PV","nv":" ","e":"n","st":"Suplente","dvt":"V\u00e1lido","vap":"431","pvap":"   1,04"},{"seq":"195","sqcand":"220000731881","n":"10456","nm":"MARCELO MOTORISTA","cc":"REPUBLICANOS","nv":" ","e":"n","st":"N\u00e3o eleito","dvt":"V\u00e1lido","vap":"65","pvap":"   0,16"},{"seq":"174","sqcand":"220000731887","n":"10000","nm":"VALDIR TAVARES","cc":"REPUBLICANOS","nv":" ","e":"n","st":"N\u00e3o eleito","dvt":"V\u00e1lido","vap":"182","pvap":"   0,44"},{"seq":"147","sqcand":"220001072466","n":"45100","nm":"L\u00daDIA BELLO","cc":"PSDB","nv":" ","e":"n","st":"Suplente","dvt":"V\u00e1lido","vap":"20","pvap":"   0,05"},{"seq":"170","sqcand":"220000972600","n":"14123","nm":"JUNINHO CARECA","cc":"PTB","nv":" ","e":"n","st":"N\u00e3o eleito","dvt":"V\u00e1lido","vap":"260","pvap":"   0,63"},{"seq":"189","sqcand":"220001191046","n":"15321","nm":"TIA DORA","cc":"MDB","nv":" ","e":"n","st":"N\u00e3o eleito","dvt":"V\u00e1lido","vap":"95","pvap":"   0,23"},{"seq":"19","sqcand":"220000778738","n":"70456","nm":"RAEL ZIGUE ZIGUINHO","cc":"AVANTE","nv":" ","e":"n","st":"Suplente","dvt":"V\u00e1lido","vap":"599","pvap":"   1,44"},{"seq":"135","sqcand":"220000849707","n":"90999","nm":"MANCHA MOTOT\u00c1XI","cc":"PROS","nv":" ","e":"n","st":"Suplente","dvt":"V\u00e1lido","vap":"28","pvap":"   0,07"},{"seq":"177","sqcand":"220001050729","n":"12777","nm":"MISSIONARIA GRACI","cc":"PDT","nv":" ","e":"n","st":"N\u00e3o eleito","dvt":"V\u00e1lido","vap":"167","pvap":"   0,40"},{"seq":"181","sqcand":"220001050731","n":"12200","nm":"LUCIANO CANTOR","cc":"PDT","nv":" ","e":"n","st":"N\u00e3o eleito","dvt":"V\u00e1lido","vap":"140","pvap":"   0,34"},{"seq":"36","sqcand":"220001087881","n":"20580","nm":"CESAR STEFANES","cc":"PSC","nv":" ","e":"n","st":"Suplente","dvt":"V\u00e1lido","vap":"326","pvap":"   0,78"},{"seq":"91","sqcand":"220001087871","n":"20777","nm":"CEARA DA ASSOSSETE","cc":"PSC","nv":" ","e":"n","st":"Suplente","dvt":"V\u00e1lido","vap":"91","pvap":"   0,22"},{"seq":"53","sqcand":"220001088285","n":"25117","nm":"IN\u00caS CERUTTI","cc":"DEM","nv":" ","e":"n","st":"Suplente","dvt":"V\u00e1lido","vap":"204","pvap":"   0,49"},{"seq":"112","sqcand":"220000849066","n":"11000","nm":"ROBERTO DIAS","cc":"PP","nv":" ","e":"n","st":"Suplente","dvt":"V\u00e1lido","vap":"61","pvap":"   0,15"},{"seq":"188","sqcand":"220000972599","n":"14000","nm":"DEBORA BRASIL","cc":"PTB","nv":" ","e":"n","st":"N\u00e3o eleito","dvt":"V\u00e1lido","vap":"109","pvap":"   0,26"},{"seq":"52","sqcand":"220001088290","n":"25456","nm":"DANILO ABREU","cc":"DEM","nv":" ","e":"n","st":"Suplente","dvt":"V\u00e1lido","vap":"209","pvap":"   0,50"},{"seq":"115","sqcand":"220001051306","n":"43143","nm":"MAZINHO COSTRUTOR","cc":"PV","nv":" ","e":"n","st":"Suplente","dvt":"V\u00e1lido","vap":"59","pvap":"   0,14"},{"seq":"49","sqcand":"220000732690","n":"40613","nm":"CLARINDA DO SINDICATO","cc":"PSB","nv":" ","e":"n","st":"Suplente","dvt":"V\u00e1lido","vap":"223","pvap":"   0,54"},{"seq":"5","sqcand":"220001051307","n":"43456","nm":"RONILDO MACEDO","cc":"PV","nv":" ","e":"s","st":"Eleito","dvt":"V\u00e1lido","vap":"827","pvap":"   1,99"},{"seq":"127","sqcand":"220000864415","n":"55100","nm":"FRAN","cc":"PSD","nv":" ","e":"n","st":"Suplente","dvt":"V\u00e1lido","vap":"38","pvap":"   0,09"},{"seq":"66","sqcand":"220000732689","n":"40456","nm":"ANDR\u00c9 MUNIZ","cc":"PSB","nv":" ","e":"n","st":"Suplente","dvt":"V\u00e1lido","vap":"173","pvap":"   0,42"},{"seq":"46","sqcand":"220000732693","n":"40000","nm":"SERGIO MORAES","cc":"PSB","nv":" ","e":"n","st":"Suplente","dvt":"V\u00e1lido","vap":"240","pvap":"   0,58"},{"seq":"17","sqcand":"220000864405","n":"55555","nm":"ADILSON OLIVEIRA","cc":"PSD","nv":" ","e":"n","st":"Suplente","dvt":"V\u00e1lido","vap":"604","pvap":"   1,45"},{"seq":"94","sqcand":"220001087868","n":"20333","nm":"GILEI CARECA","cc":"PSC","nv":" ","e":"n","st":"Suplente","dvt":"V\u00e1lido","vap":"88","pvap":"   0,21"},{"seq":"183","sqcand":"220000732685","n":"40321","nm":"EDMUR LEAL","cc":"PSB","nv":" ","e":"n","st":"N\u00e3o eleito","dvt":"Anulado sub judice","vap":"123","pvap":"   0,30"},{"seq":"119","sqcand":"220001051301","n":"43999","nm":"GRAND\u00c3O DA TELEMENSAGEM","cc":"PV","nv":" ","e":"n","st":"Suplente","dvt":"V\u00e1lido","vap":"54","pvap":"   0,13"},{"seq":"154","sqcand":"220000778739","n":"70222","nm":"NALVA SANTOS","cc":"AVANTE","nv":" ","e":"n","st":"Suplente","dvt":"V\u00e1lido","vap":"16","pvap":"   0,04"},{"seq":"120","sqcand":"220001265925","n":"43533","nm":"CL\u00c9O VENDEDORA","cc":"PV","nv":" ","e":"n","st":"Suplente","dvt":"V\u00e1lido","vap":"52","pvap":"   0,13"},{"seq":"142","sqcand":"220001072465","n":"45222","nm":"ELOISA","cc":"PSDB","nv":" ","e":"n","st":"Suplente","dvt":"V\u00e1lido","vap":"24","pvap":"   0,06"},{"seq":"27","sqcand":"220000849715","n":"90321","nm":"ANDERSON MOTORISTA","cc":"PROS","nv":" ","e":"n","st":"Suplente","dvt":"V\u00e1lido","vap":"435","pvap":"   1,05"},{"seq":"110","sqcand":"220001051311","n":"43231","nm":"PROF CESAR CES\u00c3O","cc":"PV","nv":" ","e":"n","st":"Suplente","dvt":"V\u00e1lido","vap":"69","pvap":"   0,17"},{"seq":"61","sqcand":"220001051300","n":"43666","nm":"PRETA DO ESPORTE","cc":"PV","nv":" ","e":"n","st":"Suplente","dvt":"V\u00e1lido","vap":"178","pvap":"   0,43"},{"seq":"146","sqcand":"220000849709","n":"90765","nm":"CRIS MARCINEIRO","cc":"PROS","nv":" ","e":"n","st":"Suplente","dvt":"V\u00e1lido","vap":"21","pvap":"   0,05"},{"seq":"77","sqcand":"220000924069","n":"19019","nm":"CEZINHA DO POVO","cc":"PODE","nv":" ","e":"n","st":"Suplente","dvt":"V\u00e1lido","vap":"122","pvap":"   0,29"},{"seq":"56","sqcand":"220000732683","n":"40789","nm":"DANIEL RAMOS","cc":"PSB","nv":" ","e":"n","st":"Suplente","dvt":"V\u00e1lido","vap":"195","pvap":"   0,47"},{"seq":"136","sqcand":"220000849701","n":"90221","nm":"CHAGAS NETO","cc":"PROS","nv":" ","e":"n","st":"Suplente","dvt":"V\u00e1lido","vap":"28","pvap":"   0,07"},{"seq":"143","sqcand":"220000864417","n":"55200","nm":"DILMA XAVIER","cc":"PSD","nv":" ","e":"n","st":"Suplente","dvt":"V\u00e1lido","vap":"24","pvap":"   0,06"},{"seq":"198","sqcand":"220001050738","n":"12999","nm":"SOLANGE DA SA\u00daDE","cc":"PDT","nv":" ","e":"n","st":"N\u00e3o eleito","dvt":"V\u00e1lido","vap":"56","pvap":"   0,13"},{"seq":"122","sqcand":"220001051308","n":"43777","nm":"PROF ELIETE","cc":"PV","nv":" ","e":"n","st":"Suplente","dvt":"V\u00e1lido","vap":"47","pvap":"   0,11"},{"seq":"74","sqcand":"220000864401","n":"55999","nm":"FLAVIO CARRETEIRO","cc":"PSD","nv":" ","e":"n","st":"Suplente","dvt":"V\u00e1lido","vap":"130","pvap":"   0,31"},{"seq":"71","sqcand":"220000732695","n":"40555","nm":"DILSINHO DO ONIBUS","cc":"PSB","nv":" ","e":"n","st":"Suplente","dvt":"V\u00e1lido","vap":"147","pvap":"   0,35"},{"seq":"15","sqcand":"220000924077","n":"19190","nm":"SUBTENENTE SUCHI","cc":"PODE","nv":" ","e":"n","st":"Suplente","dvt":"V\u00e1lido","vap":"662","pvap":"   1,59"},{"seq":"45","sqcand":"220000732679","n":"40130","nm":"NILTON MARANH\u00c3O","cc":"PSB","nv":" ","e":"n","st":"Suplente","dvt":"V\u00e1lido","vap":"255","pvap":"   0,61"},{"seq":"204","sqcand":"220001191043","n":"15000","nm":"PATRIK BALESTRIN","cc":"MDB","nv":" ","e":"n","st":"N\u00e3o eleito","dvt":"V\u00e1lido","vap":"44","pvap":"   0,11"},{"seq":"149","sqcand":"220001051296","n":"43943","nm":"CARVALHO DE M\u00c3OS LIMPA","cc":"PV","nv":" ","e":"n","st":"Suplente","dvt":"V\u00e1lido","vap":"18","pvap":"   0,04"},{"seq":"70","sqcand":"220001051310","n":"43043","nm":"ALEX PEREIRA","cc":"PV","nv":" ","e":"n","st":"Suplente","dvt":"V\u00e1lido","vap":"147","pvap":"   0,35"},{"seq":"159","sqcand":"220001265009","n":"25000","nm":"MARQUINHOS","cc":"DEM","nv":" ","e":"n","st":"Suplente","dvt":"V\u00e1lido","vap":"10","pvap":"   0,02"},{"seq":"163","sqcand":"220001260504","n":"25500","nm":"HILDA SOARES MACIEL","cc":"DEM","nv":" ","e":"n","st":"Suplente","dvt":"V\u00e1lido","vap":"7","pvap":"   0,02"},{"seq":"29","sqcand":"220000849062","n":"11111","nm":"LUIZ DO MERCADO","cc":"PP","nv":" ","e":"n","st":"Suplente","dvt":"V\u00e1lido","vap":"425","pvap":"   1,02"},{"seq":"111","sqcand":"220000778734","n":"70567","nm":"MARISTELI","cc":"AVANTE","nv":" ","e":"n","st":"Suplente","dvt":"V\u00e1lido","vap":"63","pvap":"   0,15"},{"seq":"100","sqcand":"220000732686","n":"40177","nm":"PROF OZEAS GOES","cc":"PSB","nv":" ","e":"n","st":"Suplente","dvt":"V\u00e1lido","vap":"78","pvap":"   0,19"},{"seq":"64","sqcand":"220000864411","n":"55333","nm":"RAQUEL DA TV","cc":"PSD","nv":" ","e":"n","st":"Suplente","dvt":"V\u00e1lido","vap":"175","pvap":"   0,42"},{"seq":"93","sqcand":"220000778748","n":"70212","nm":"REINALDO PEREIRA","cc":"AVANTE","nv":" ","e":"n","st":"Suplente","dvt":"V\u00e1lido","vap":"89","pvap":"   0,21"},{"seq":"117","sqcand":"220000864414","n":"55440","nm":"KAKA","cc":"PSD","nv":" ","e":"n","st":"Suplente","dvt":"V\u00e1lido","vap":"58","pvap":"   0,14"},{"seq":"51","sqcand":"220000778741","n":"70123","nm":"GUILHERME NAR\u00c9","cc":"AVANTE","nv":" ","e":"n","st":"Suplente","dvt":"V\u00e1lido","vap":"209","pvap":"   0,50"},{"seq":"196","sqcand":"220000731884","n":"10100","nm":"ENIO FELIPE","cc":"REPUBLICANOS","nv":" ","e":"n","st":"N\u00e3o eleito","dvt":"V\u00e1lido","vap":"63","pvap":"   0,15"},{"seq":"166","sqcand":"220000972603","n":"14789","nm":"CIDINHA ALBUQUERQUE","cc":"PTB","nv":" ","e":"n","st":"N\u00e3o eleito","dvt":"V\u00e1lido","vap":"394","pvap":"   0,95"},{"seq":"192","sqcand":"220000731874","n":"10200","nm":"LUCAS TEMPO REAL","cc":"REPUBLICANOS","nv":" ","e":"n","st":"N\u00e3o eleito","dvt":"V\u00e1lido","vap":"82","pvap":"   0,20"},{"seq":"3","sqcand":"220000778737","n":"70345","nm":"CLERIDA ALVES","cc":"AVANTE","nv":" ","e":"s","st":"Eleito","dvt":"V\u00e1lido","vap":"859","pvap":"   2,07"},{"seq":"162","sqcand":"220001088283","n":"25001","nm":"LUIZ ZONOEC\u00ca","cc":"DEM","nv":" ","e":"n","st":"Suplente","dvt":"V\u00e1lido","vap":"8","pvap":"   0,02"},{"seq":"205","sqcand":"220000731872","n":"10610","nm":"KAIO COSTTA","cc":"REPUBLICANOS","nv":" ","e":"n","st":"N\u00e3o eleito","dvt":"V\u00e1lido","vap":"40","pvap":"   0,10"},{"seq":"69","sqcand":"220000849706","n":"90038","nm":"CARL\u00c3O DO TAXI","cc":"PROS","nv":" ","e":"n","st":"Suplente","dvt":"V\u00e1lido","vap":"150","pvap":"   0,36"},{"seq":"131","sqcand":"220001265314","n":"20001","nm":"ILEN","cc":"PSC","nv":" ","e":"n","st":"Suplente","dvt":"V\u00e1lido","vap":"33","pvap":"   0,08"},{"seq":"171","sqcand":"220000972602","n":"14444","nm":"DARCY NUNES","cc":"PTB","nv":" ","e":"n","st":"N\u00e3o eleito","dvt":"V\u00e1lido","vap":"229","pvap":"   0,55"},{"seq":"132","sqcand":"220001072470","n":"45555","nm":"RAFAEL BALBI","cc":"PSDB","nv":" ","e":"n","st":"Suplente","dvt":"V\u00e1lido","vap":"32","pvap":"   0,08"},{"seq":"58","sqcand":"220001051297","n":"43333","nm":"ANA CARLA","cc":"PV","nv":" ","e":"n","st":"Suplente","dvt":"V\u00e1lido","vap":"192","pvap":"   0,46"},{"seq":"32","sqcand":"220001087876","n":"20111","nm":"LENINHA DO POVO","cc":"PSC","nv":" ","e":"n","st":"Suplente","dvt":"V\u00e1lido","vap":"372","pvap":"   0,89"},{"seq":"4","sqcand":"220000924070","n":"19123","nm":"SAMIR ALI","cc":"PODE","nv":" ","e":"s","st":"Eleito","dvt":"V\u00e1lido","vap":"838","pvap":"   2,02"},{"seq":"157","sqcand":"220000732698","n":"40222","nm":"FABIANO CARRETEIRO","cc":"PSB","nv":" ","e":"n","st":"Suplente","dvt":"V\u00e1lido","vap":"13","pvap":"   0,03"},{"seq":"73","sqcand":"220000849711","n":"90111","nm":"ELIFELETE     ELI","cc":"PROS","nv":" ","e":"n","st":"Suplente","dvt":"V\u00e1lido","vap":"130","pvap":"   0,31"},{"seq":"55","sqcand":"220000849708","n":"90112","nm":"ALEX DA ASSOCIA\u00c7\u00c3O","cc":"PROS","nv":" ","e":"n","st":"Suplente","dvt":"V\u00e1lido","vap":"201","pvap":"   0,48"},{"seq":"152","sqcand":"220000849712","n":"90020","nm":"ISRAEL TAPECEIRO","cc":"PROS","nv":" ","e":"n","st":"Suplente","dvt":"V\u00e1lido","vap":"16","pvap":"   0,04"},{"seq":"13","sqcand":"220000732696","n":"40123","nm":"ZE DUDA","cc":"PSB","nv":" ","e":"s","st":"Eleito","dvt":"V\u00e1lido","vap":"425","pvap":"   1,02"},{"seq":"39","sqcand":"220000849720","n":"90000","nm":"EDSON DO SETOR DEZENOVE","cc":"PROS","nv":" ","e":"n","st":"Suplente","dvt":"V\u00e1lido","vap":"296","pvap":"   0,71"},{"seq":"101","sqcand":"220000849065","n":"11789","nm":"ELIS REGINA","cc":"PP","nv":" ","e":"n","st":"Suplente","dvt":"V\u00e1lido","vap":"77","pvap":"   0,19"},{"seq":"26","sqcand":"220000778729","n":"70321","nm":"PROFESSOR ROSIVALDO","cc":"AVANTE","nv":" ","e":"n","st":"Suplente","dvt":"V\u00e1lido","vap":"438","pvap":"   1,05"},{"seq":"106","sqcand":"220000732682","n":"40113","nm":"M\u00c1RCIA DOS PERFUMES","cc":"PSB","nv":" ","e":"n","st":"Suplente","dvt":"V\u00e1lido","vap":"74","pvap":"   0,18"},{"seq":"33","sqcand":"220000778730","n":"70000","nm":"PASTOR FRANCIS GODOY","cc":"AVANTE","nv":" ","e":"n","st":"Suplente","dvt":"V\u00e1lido","vap":"362","pvap":"   0,87"},{"seq":"161","sqcand":"220001051309","n":"43443","nm":"COMADRE DIONE","cc":"PV","nv":" ","e":"n","st":"Suplente","dvt":"V\u00e1lido","vap":"9","pvap":"   0,02"},{"seq":"158","sqcand":"220000849714","n":"90135","nm":"ZILDA DO AMARAL","cc":"PROS","nv":" ","e":"n","st":"Suplente","dvt":"V\u00e1lido","vap":"11","pvap":"   0,03"},{"seq":"92","sqcand":"220001265008","n":"25517","nm":"OBADIAS GON\u00c7ALVES","cc":"DEM","nv":" ","e":"n","st":"Suplente","dvt":"V\u00e1lido","vap":"89","pvap":"   0,21"},{"seq":"76","sqcand":"220000849705","n":"90580","nm":"MANOEL ARAUJO O MEC\u00c2NICO","cc":"PROS","nv":" ","e":"n","st":"Suplente","dvt":"V\u00e1lido","vap":"123","pvap":"   0,30"},{"seq":"89","sqcand":"220001072471","n":"45321","nm":"GIL BASSOTO","cc":"PSDB","nv":" ","e":"n","st":"Suplente","dvt":"V\u00e1lido","vap":"95","pvap":"   0,23"},{"seq":"99","sqcand":"220001087872","n":"20150","nm":"ERNANDO LUCENA","cc":"PSC","nv":" ","e":"n","st":"Suplente","dvt":"V\u00e1lido","vap":"78","pvap":"   0,19"},{"seq":"83","sqcand":"220001072469","n":"45451","nm":"TRA\u00cdRA","cc":"PSDB","nv":" ","e":"n","st":"Suplente","dvt":"V\u00e1lido","vap":"107","pvap":"   0,26"},{"seq":"42","sqcand":"220000778740","n":"70190","nm":"PROFESSOR RONALDO","cc":"AVANTE","nv":" ","e":"n","st":"Suplente","dvt":"V\u00e1lido","vap":"268","pvap":"   0,64"},{"seq":"145","sqcand":"220000864408","n":"55545","nm":"NEL GON\u00c7ALVES","cc":"PSD","nv":" ","e":"n","st":"Suplente","dvt":"V\u00e1lido","vap":"21","pvap":"   0,05"},{"seq":"82","sqcand":"220001087870","n":"20321","nm":"CELIA DA SA\u00daDE","cc":"PSC","nv":" ","e":"n","st":"Suplente","dvt":"V\u00e1lido","vap":"109","pvap":"   0,26"},{"seq":"60","sqcand":"220001087880","n":"20000","nm":"ELTINHO DA COHAB","cc":"PSC","nv":" ","e":"n","st":"Suplente","dvt":"V\u00e1lido","vap":"179","pvap":"   0,43"},{"seq":"81","sqcand":"220000924067","n":"19103","nm":"ALEX GUERREIRO","cc":"PODE","nv":" ","e":"n","st":"Suplente","dvt":"V\u00e1lido","vap":"110","pvap":"   0,26"},{"seq":"165","sqcand":"220001072464","n":"45432","nm":"LUCIANA NOGUEIRA","cc":"PSDB","nv":" ","e":"n","st":"Suplente","dvt":"V\u00e1lido","vap":"2","pvap":"   0,00"},{"seq":"18","sqcand":"220000778742","n":"70369","nm":"MARCELO BOCA","cc":"AVANTE","nv":" ","e":"n","st":"Suplente","dvt":"V\u00e1lido","vap":"600","pvap":"   1,44"},{"seq":"180","sqcand":"220000731879","n":"10321","nm":"FLAUSINO DOURADO","cc":"REPUBLICANOS","nv":" ","e":"n","st":"N\u00e3o eleito","dvt":"V\u00e1lido","vap":"147","pvap":"   0,35"},{"seq":"176","sqcand":"220001050732","n":"12000","nm":"BET\u00c3O DA CADEIRA DE RODA","cc":"PDT","nv":" ","e":"n","st":"N\u00e3o eleito","dvt":"V\u00e1lido","vap":"169","pvap":"   0,41"},{"seq":"62","sqcand":"220000732691","n":"40043","nm":"JOAO DO SINTERO","cc":"PSB","nv":" ","e":"n","st":"Suplente","dvt":"V\u00e1lido","vap":"178","pvap":"   0,43"},{"seq":"50","sqcand":"220000924074","n":"19500","nm":"ANDERSON GARCIA","cc":"PODE","nv":" ","e":"n","st":"Suplente","dvt":"V\u00e1lido","vap":"212","pvap":"   0,51"},{"seq":"63","sqcand":"220000732684","n":"40125","nm":"PROFESSORA IVANIR","cc":"PSB","nv":" ","e":"n","st":"Suplente","dvt":"V\u00e1lido","vap":"177","pvap":"   0,43"},{"seq":"75","sqcand":"220000849704","n":"90322","nm":"ROSELI HERCULANO","cc":"PROS","nv":" ","e":"n","st":"Suplente","dvt":"V\u00e1lido","vap":"126","pvap":"   0,30"},{"seq":"203","sqcand":"220001264543","n":"12100","nm":"DARIO SILVA","cc":"PDT","nv":" ","e":"n","st":"N\u00e3o eleito","dvt":"V\u00e1lido","vap":"44","pvap":"   0,11"},{"seq":"121","sqcand":"220000924062","n":"19234","nm":"SUELI DA CAPELA","cc":"PODE","nv":" ","e":"n","st":"Suplente","dvt":"V\u00e1lido","vap":"49","pvap":"   0,12"},{"seq":"126","sqcand":"220001051312","n":"43555","nm":"WELLINGTON MELO","cc":"PV","nv":" ","e":"n","st":"Suplente","dvt":"V\u00e1lido","vap":"40","pvap":"   0,10"},{"seq":"24","sqcand":"220000864403","n":"55000","nm":"PROF VALMIR TABORDA","cc":"PSD","nv":" ","e":"n","st":"Suplente","dvt":"V\u00e1lido","vap":"468","pvap":"   1,13"},{"seq":"160","sqcand":"220000849717","n":"90749","nm":"PALOMA AMARAL","cc":"PROS","nv":" ","e":"n","st":"Suplente","dvt":"V\u00e1lido","vap":"10","pvap":"   0,02"},{"seq":"139","sqcand":"220000864406","n":"55222","nm":"JO\u00c3O DEDINHO","cc":"PSD","nv":" ","e":"n","st":"Suplente","dvt":"V\u00e1lido","vap":"26","pvap":"   0,06"},{"seq":"102","sqcand":"220001051304","n":"43543","nm":"TONY ROTA","cc":"PV","nv":" ","e":"n","st":"Suplente","dvt":"V\u00e1lido","vap":"77","pvap":"   0,19"},{"seq":"164","sqcand":"220000849058","n":"11444","nm":"ROBISON REIS","cc":"PP","nv":" ","e":"n","st":"Suplente","dvt":"V\u00e1lido","vap":"4","pvap":"   0,01"},{"seq":"133","sqcand":"220000924071","n":"19111","nm":"THIAGO MATTOS","cc":"PODE","nv":" ","e":"n","st":"Suplente","dvt":"V\u00e1lido","vap":"29","pvap":"   0,07"},{"seq":"2","sqcand":"220000864409","n":"55123","nm":"ZEZINHO DA DIS\u00c1GUA","cc":"PSD","nv":" ","e":"s","st":"Eleito","dvt":"V\u00e1lido","vap":"860","pvap":"   2,07"},{"seq":"95","sqcand":"220000924063","n":"19238","nm":"IRIS LUZ","cc":"PODE","nv":" ","e":"n","st":"Suplente","dvt":"V\u00e1lido","vap":"87","pvap":"   0,21"},{"seq":"107","sqcand":"220000849718","n":"90789","nm":"DERLI DUTRA","cc":"PROS","nv":" ","e":"n","st":"Suplente","dvt":"V\u00e1lido","vap":"72","pvap":"   0,17"},{"seq":"59","sqcand":"220000849719","n":"90456","nm":"ORANDO CAFE","cc":"PROS","nv":" ","e":"n","st":"Suplente","dvt":"V\u00e1lido","vap":"191","pvap":"   0,46"},{"seq":"40","sqcand":"220000849716","n":"90222","nm":"JESS\u00c9 MOREIRA","cc":"PROS","nv":" ","e":"n","st":"Suplente","dvt":"V\u00e1lido","vap":"286","pvap":"   0,69"},{"seq":"182","sqcand":"220000731888","n":"10190","nm":"VALDIR BERNARDO","cc":"REPUBLICANOS","nv":" ","e":"n","st":"N\u00e3o eleito","dvt":"V\u00e1lido","vap":"125","pvap":"   0,30"},{"seq":"48","sqcand":"220000864410","n":"55678","nm":"MARCELO DA MADUREIRA","cc":"PSD","nv":" ","e":"n","st":"Suplente","dvt":"V\u00e1lido","vap":"231","pvap":"   0,56"},{"seq":"184","sqcand":"220000731890","n":"10123","nm":"ALESSANDRA DINIZ","cc":"REPUBLICANOS","nv":" ","e":"n","st":"N\u00e3o eleito","dvt":"V\u00e1lido","vap":"122","pvap":"   0,29"},{"seq":"97","sqcand":"220000924060","n":"19400","nm":"DIO COSTA","cc":"PODE","nv":" ","e":"n","st":"Suplente","dvt":"V\u00e1lido","vap":"83","pvap":"   0,20"},{"seq":"148","sqcand":"220001263124","n":"20120","nm":"JO MASSAGISTA","cc":"PSC","nv":" ","e":"n","st":"Suplente","dvt":"V\u00e1lido","vap":"19","pvap":"   0,05"},{"seq":"54","sqcand":"220001256952","n":"25123","nm":"MONICA GOULART COELHO","cc":"DEM","nv":" ","e":"n","st":"Suplente","dvt":"V\u00e1lido","vap":"202","pvap":"   0,49"},{"seq":"23","sqcand":"220000864404","n":"55007","nm":"CAIO ENFERMEIRO","cc":"PSD","nv":" ","e":"n","st":"Suplente","dvt":"V\u00e1lido","vap":"474","pvap":"   1,14"},{"seq":"185","sqcand":"220000731889","n":"10111","nm":"PROFESSOR ALEX PITTENER","cc":"REPUBLICANOS","nv":" ","e":"n","st":"N\u00e3o eleito","dvt":"V\u00e1lido","vap":"120","pvap":"   0,29"},{"seq":"8","sqcand":"220000849060","n":"11321","nm":"PROFESSORA  VIVIAN","cc":"PP","nv":" ","e":"s","st":"Eleito","dvt":"V\u00e1lido","vap":"630","pvap":"   1,52"},{"seq":"187","sqcand":"220000731880","n":"10117","nm":"JULIANA AMARAL","cc":"REPUBLICANOS","nv":" ","e":"n","st":"N\u00e3o eleito","dvt":"V\u00e1lido","vap":"109","pvap":"   0,26"},{"seq":"72","sqcand":"220000924075","n":"19777","nm":"BRUTUS VIOLA","cc":"PODE","nv":" ","e":"n","st":"Suplente","dvt":"V\u00e1lido","vap":"141","pvap":"   0,34"},{"seq":"68","sqcand":"220001087878","n":"20190","nm":"DJAVAN SANTOS","cc":"PSC","nv":" ","e":"n","st":"Suplente","dvt":"V\u00e1lido","vap":"156","pvap":"   0,38"},{"seq":"78","sqcand":"220000849059","n":"11135","nm":"DANIEL DO ESPTINHO","cc":"PP","nv":" ","e":"n","st":"Suplente","dvt":"V\u00e1lido","vap":"120","pvap":"   0,29"},{"seq":"172","sqcand":"220001050733","n":"12123","nm":"CLAUDINEI DA ASSOCIA\u00c7\u00c3O","cc":"PDT","nv":" ","e":"n","st":"N\u00e3o eleito","dvt":"V\u00e1lido","vap":"214","pvap":"   0,51"},{"seq":"57","sqcand":"220000864402","n":"55789","nm":"GENECI LUIZ","cc":"PSD","nv":" ","e":"n","st":"Suplente","dvt":"V\u00e1lido","vap":"192","pvap":"   0,46"},{"seq":"208","sqcand":"220000731876","n":"10345","nm":"DARI CORRETOR","cc":"REPUBLICANOS","nv":" ","e":"n","st":"N\u00e3o eleito","dvt":"V\u00e1lido","vap":"21","pvap":"   0,05"},{"seq":"175","sqcand":"220000731878","n":"10010","nm":"ROSANGELA TAQUES","cc":"REPUBLICANOS","nv":" ","e":"n","st":"N\u00e3o eleito","dvt":"V\u00e1lido","vap":"171","pvap":"   0,41"},{"seq":"150","sqcand":"220000778747","n":"70780","nm":"YASMIM  BATISTA","cc":"AVANTE","nv":" ","e":"n","st":"Suplente","dvt":"V\u00e1lido","vap":"18","pvap":"   0,04"},{"seq":"199","sqcand":"220001191045","n":"15333","nm":"GEDEAN RODRIGUES","cc":"MDB","nv":" ","e":"n","st":"N\u00e3o eleito","dvt":"V\u00e1lido","vap":"54","pvap":"   0,13"},{"seq":"129","sqcand":"220000732687","n":"40357","nm":"SILVIO MARASCHIN","cc":"PSB","nv":" ","e":"n","st":"Suplente","dvt":"V\u00e1lido","vap":"35","pvap":"   0,08"},{"seq":"155","sqcand":"220000924059","n":"19319","nm":"GEISY PEREIRA","cc":"PODE","nv":" ","e":"n","st":"Suplente","dvt":"V\u00e1lido","vap":"15","pvap":"   0,04"},{"seq":"38","sqcand":"220000778744","n":"70555","nm":"DALTERSON VIEIRA","cc":"AVANTE","nv":" ","e":"n","st":"Suplente","dvt":"V\u00e1lido","vap":"321","pvap":"   0,77"},{"seq":"86","sqcand":"220000732681","n":"40100","nm":"ROSE DA SA\u00daDE S\u00c3O JOS\u00c9","cc":"PSB","nv":" ","e":"n","st":"Suplente","dvt":"V\u00e1lido","vap":"102","pvap":"   0,25"},{"seq":"80","sqcand":"220000924064","n":"19321","nm":"PROF. FRANCO","cc":"PODE","nv":" ","e":"n","st":"Suplente","dvt":"V\u00e1lido","vap":"113","pvap":"   0,27"},{"seq":"116","sqcand":"220000732694","n":"40007","nm":"WESLAINE LEMES","cc":"PSB","nv":" ","e":"n","st":"Suplente","dvt":"V\u00e1lido","vap":"58","pvap":"   0,14"},{"seq":"167","sqcand":"220001050737","n":"12345","nm":"ROGERIO GOLFETTO DO BARRELLAS","cc":"PDT","nv":" ","e":"n","st":"N\u00e3o eleito","dvt":"V\u00e1lido","vap":"346","pvap":"   0,83"},{"seq":"22","sqcand":"220000849064","n":"11777","nm":"JOS\u00c9 CARLOS SILV\u00c9RIO","cc":"PP","nv":" ","e":"n","st":"Suplente","dvt":"V\u00e1lido","vap":"510","pvap":"   1,23"},{"seq":"123","sqcand":"220000924072","n":"19135","nm":"JOSIANE DA LINHA 135","cc":"PODE","nv":" ","e":"n","st":"Suplente","dvt":"V\u00e1lido","vap":"47","pvap":"   0,11"}]}
