{"ele":"426","tpabr":"mu","cdabr":"00230","carper":"13","t":"1","f":"o","dt":"15/11/2020","ht":"19:13:46","dv":"s","tf":"s","v":"11","esae":"n","mnae":"","s":"35","st":"35","pst":" 100,00","snt":"0","psnt":"   0,00","si":"35","psi":" 100,00","sni":"0","psni":"   0,00","sa":"35","psa":" 100,00","sna":"0","psna":"   0,00","e":"13510","ea":"13510","pea":" 100,00","ena":"0","pena":"   0,00","esi":"13510","pesi":" 100,00","esni":"0","pesni":"   0,00","c":"9645","pc":"  71,39","a":"3865","pa":"  28,61","vscv":"0","vnom":"8428","vl":"463","pvnom":"  94,79","pvl":"   5,21","vvc":"8891","pvvc":"  92,18","vb":"273","pvb":"   2,83","tvn":"481","ptvn":"   4,99","vn":"399","pvn":"  82,95","vnt":"82","pvnt":"  17,05","vp":"0","pvp":"   0,00","vv":"8891","pvv":" 100,00","van":"0","pvan":"   0,00","vansj":"0","pvansj":"   0,00","tv":"9645","cand":[{"seq":"16","sqcand":"220001071859","n":"40456","nm":"NEGO","cc":"PSB","nv":" ","e":"n","st":"Suplente","dvt":"V\u00e1lido","vap":"149","pvap":"   1,68"},{"seq":"3","sqcand":"220001071856","n":"40111","nm":"MARLUCIA","cc":"PSB","nv":" ","e":"s","st":"Eleito","dvt":"V\u00e1lido","vap":"362","pvap":"   4,07"},{"seq":"86","sqcand":"220001194110","n":"51177","nm":"LUIZ LOPES","cc":"PATRIOTA","nv":" ","e":"n","st":"N\u00e3o eleito","dvt":"V\u00e1lido","vap":"88","pvap":"   0,99"},{"seq":"17","sqcand":"220001136376","n":"25123","nm":"GLAU MEZZOMO","cc":"DEM","nv":" ","e":"n","st":"Suplente","dvt":"V\u00e1lido","vap":"148","pvap":"   1,66"},{"seq":"94","sqcand":"220001194111","n":"51341","nm":"MICHELLE ANDRADE","cc":"PATRIOTA","nv":" ","e":"n","st":"N\u00e3o eleito","dvt":"V\u00e1lido","vap":"44","pvap":"   0,49"},{"seq":"49","sqcand":"220000957718","n":"11113","nm":"MIGUEL BOIADEIRO","cc":"PP","nv":" ","e":"n","st":"Suplente","dvt":"V\u00e1lido","vap":"50","pvap":"   0,56"},{"seq":"57","sqcand":"220001136383","n":"25331","nm":"VALQUIRIA APARECIDA","cc":"DEM","nv":" ","e":"n","st":"Suplente","dvt":"V\u00e1lido","vap":"34","pvap":"   0,38"},{"seq":"84","sqcand":"220001071855","n":"40444","nm":"GORETTI","cc":"PSB","nv":" ","e":"n","st":"Suplente","dvt":"V\u00e1lido","vap":"3","pvap":"   0,03"},{"seq":"63","sqcand":"220001010646","n":"12555","nm":"JAILSON BATISTA","cc":"PDT","nv":" ","e":"n","st":"Suplente","dvt":"V\u00e1lido","vap":"26","pvap":"   0,29"},{"seq":"89","sqcand":"220000957024","n":"13123","nm":"MARIA HELENA FIA","cc":"PT","nv":" ","e":"n","st":"N\u00e3o eleito","dvt":"V\u00e1lido","vap":"52","pvap":"   0,58"},{"seq":"90","sqcand":"220001194102","n":"51151","nm":"SANTANA","cc":"PATRIOTA","nv":" ","e":"n","st":"N\u00e3o eleito","dvt":"V\u00e1lido","vap":"51","pvap":"   0,57"},{"seq":"9","sqcand":"220001136370","n":"25000","nm":"MARCELO VIEIRA","cc":"DEM","nv":" ","e":"s","st":"Eleito","dvt":"V\u00e1lido","vap":"165","pvap":"   1,86"},{"seq":"65","sqcand":"220001136380","n":"25124","nm":"FABIANA MENDON\u00c7A","cc":"DEM","nv":" ","e":"n","st":"Suplente","dvt":"V\u00e1lido","vap":"24","pvap":"   0,27"},{"seq":"101","sqcand":"220001194113","n":"51111","nm":"DALILA","cc":"PATRIOTA","nv":" ","e":"n","st":"N\u00e3o eleito","dvt":"V\u00e1lido","vap":"3","pvap":"   0,03"},{"seq":"92","sqcand":"220001194100","n":"51333","nm":"VITORINO DO LEITE","cc":"PATRIOTA","nv":" ","e":"n","st":"N\u00e3o eleito","dvt":"V\u00e1lido","vap":"50","pvap":"   0,56"},{"seq":"7","sqcand":"220001136375","n":"25333","nm":"CARLINHOS DO TRIANGULO","cc":"DEM","nv":" ","e":"s","st":"Eleito","dvt":"V\u00e1lido","vap":"258","pvap":"   2,90"},{"seq":"19","sqcand":"220001071857","n":"40123","nm":"GERCINO GARCIA","cc":"PSB","nv":" ","e":"n","st":"Suplente","dvt":"V\u00e1lido","vap":"145","pvap":"   1,63"},{"seq":"93","sqcand":"220001194109","n":"51123","nm":"CLAUDIO SOUZA","cc":"PATRIOTA","nv":" ","e":"n","st":"N\u00e3o eleito","dvt":"V\u00e1lido","vap":"50","pvap":"   0,56"},{"seq":"79","sqcand":"220000835877","n":"19789","nm":"SONIA RIGO","cc":"PODE","nv":" ","e":"n","st":"Suplente","dvt":"V\u00e1lido","vap":"11","pvap":"   0,12"},{"seq":"69","sqcand":"220000957725","n":"11777","nm":"MARCIO SAQUEIRO","cc":"PP","nv":" ","e":"n","st":"Suplente","dvt":"V\u00e1lido","vap":"20","pvap":"   0,22"},{"seq":"76","sqcand":"220001260631","n":"15200","nm":"PEDRINHO DO BAR","cc":"MDB","nv":" ","e":"n","st":"Suplente","dvt":"V\u00e1lido","vap":"12","pvap":"   0,13"},{"seq":"73","sqcand":"220001071854","n":"40555","nm":"SANDRA LADISLAU","cc":"PSB","nv":" ","e":"n","st":"Suplente","dvt":"V\u00e1lido","vap":"19","pvap":"   0,21"},{"seq":"43","sqcand":"220001071863","n":"40222","nm":"IRACI GARCIAS","cc":"PSB","nv":" ","e":"n","st":"Suplente","dvt":"V\u00e1lido","vap":"59","pvap":"   0,66"},{"seq":"20","sqcand":"220001136373","n":"25222","nm":"ERNESTO","cc":"DEM","nv":" ","e":"n","st":"Suplente","dvt":"V\u00e1lido","vap":"135","pvap":"   1,52"},{"seq":"2","sqcand":"220001071858","n":"40789","nm":"BULA SPANHOL","cc":"PSB","nv":" ","e":"s","st":"Eleito","dvt":"V\u00e1lido","vap":"496","pvap":"   5,58"},{"seq":"70","sqcand":"220001136374","n":"25100","nm":"PROFESSORA ROSE","cc":"DEM","nv":" ","e":"n","st":"Suplente","dvt":"V\u00e1lido","vap":"20","pvap":"   0,22"},{"seq":"15","sqcand":"220001065230","n":"14123","nm":"JOAO VITOR REAL RA\u00c7\u00d5ES","cc":"PTB","nv":" ","e":"n","st":"Suplente","dvt":"V\u00e1lido","vap":"150","pvap":"   1,69"},{"seq":"51","sqcand":"220000835871","n":"19123","nm":"ROSELI DALA ROSA","cc":"PODE","nv":" ","e":"n","st":"Suplente","dvt":"V\u00e1lido","vap":"46","pvap":"   0,52"},{"seq":"98","sqcand":"220000957023","n":"13333","nm":"SIRLEI DA ZERO UM","cc":"PT","nv":" ","e":"n","st":"N\u00e3o eleito","dvt":"V\u00e1lido","vap":"18","pvap":"   0,20"},{"seq":"36","sqcand":"220000835876","n":"19822","nm":"GILSON FLORIANO","cc":"PODE","nv":" ","e":"n","st":"Suplente","dvt":"V\u00e1lido","vap":"78","pvap":"   0,88"},{"seq":"45","sqcand":"220001194267","n":"15321","nm":"ISAIAS DO POSTO VINTE E UM","cc":"MDB","nv":" ","e":"n","st":"Suplente","dvt":"V\u00e1lido","vap":"58","pvap":"   0,65"},{"seq":"62","sqcand":"220000957716","n":"11888","nm":"IVANILDA MANICURE","cc":"PP","nv":" ","e":"n","st":"Suplente","dvt":"V\u00e1lido","vap":"26","pvap":"   0,29"},{"seq":"77","sqcand":"220001260633","n":"15500","nm":"RITA DO ESPORTE","cc":"MDB","nv":" ","e":"n","st":"Suplente","dvt":"V\u00e1lido","vap":"12","pvap":"   0,13"},{"seq":"58","sqcand":"220001136379","n":"25700","nm":"TIAGO SANTOS","cc":"DEM","nv":" ","e":"n","st":"Suplente","dvt":"V\u00e1lido","vap":"29","pvap":"   0,33"},{"seq":"74","sqcand":"220000957728","n":"11114","nm":"ODIRLEI DA CASA DAS ORDENHAS","cc":"PP","nv":" ","e":"n","st":"Suplente","dvt":"V\u00e1lido","vap":"15","pvap":"   0,17"},{"seq":"54","sqcand":"220001065235","n":"14556","nm":"SELMA OLIVEIRA","cc":"PTB","nv":" ","e":"n","st":"Suplente","dvt":"V\u00e1lido","vap":"39","pvap":"   0,44"},{"seq":"88","sqcand":"220001194106","n":"51511","nm":"PERNA","cc":"PATRIOTA","nv":" ","e":"n","st":"N\u00e3o eleito","dvt":"V\u00e1lido","vap":"68","pvap":"   0,76"},{"seq":"11","sqcand":"220000835878","n":"19341","nm":"AVEZAO JUNIOR","cc":"PODE","nv":" ","e":"s","st":"Eleito","dvt":"V\u00e1lido","vap":"107","pvap":"   1,20"},{"seq":"27","sqcand":"220001136371","n":"25225","nm":"LUCIO MARCOS","cc":"DEM","nv":" ","e":"n","st":"Suplente","dvt":"V\u00e1lido","vap":"100","pvap":"   1,12"},{"seq":"8","sqcand":"220001065236","n":"14114","nm":"THIAGO VIEIRA","cc":"PTB","nv":" ","e":"s","st":"Eleito","dvt":"V\u00e1lido","vap":"203","pvap":"   2,28"},{"seq":"26","sqcand":"220000957720","n":"11666","nm":"GILMAR CAMPEAOZINHO","cc":"PP","nv":" ","e":"n","st":"Suplente","dvt":"V\u00e1lido","vap":"104","pvap":"   1,17"},{"seq":"83","sqcand":"220000835881","n":"19321","nm":"ROSANGELA PINHEIRO","cc":"PODE","nv":" ","e":"n","st":"Suplente","dvt":"V\u00e1lido","vap":"5","pvap":"   0,06"},{"seq":"4","sqcand":"220001010651","n":"12123","nm":"FABAO","cc":"PDT","nv":" ","e":"s","st":"Eleito","dvt":"V\u00e1lido","vap":"283","pvap":"   3,18"},{"seq":"31","sqcand":"220001194266","n":"15000","nm":"NATAN DA ASSOCIA\u00c7\u00c3O","cc":"MDB","nv":" ","e":"n","st":"Suplente","dvt":"V\u00e1lido","vap":"85","pvap":"   0,96"},{"seq":"85","sqcand":"220001194107","n":"51190","nm":"FRAN DA PRONTODOG","cc":"PATRIOTA","nv":" ","e":"n","st":"N\u00e3o eleito","dvt":"V\u00e1lido","vap":"109","pvap":"   1,23"},{"seq":"1","sqcand":"220001071860","n":"40678","nm":"BAIANO LEITEIRO","cc":"PSB","nv":" ","e":"s","st":"Eleito","dvt":"V\u00e1lido","vap":"498","pvap":"   5,60"},{"seq":"39","sqcand":"220001065229","n":"14000","nm":"CHAPINHA","cc":"PTB","nv":" ","e":"n","st":"Suplente","dvt":"V\u00e1lido","vap":"68","pvap":"   0,76"},{"seq":"66","sqcand":"220001136378","n":"25115","nm":"JEFFERSON DA VIDRACARIA","cc":"DEM","nv":" ","e":"n","st":"Suplente","dvt":"V\u00e1lido","vap":"24","pvap":"   0,27"},{"seq":"95","sqcand":"220001194103","n":"51261","nm":"ALYSON GUERREIRO","cc":"PATRIOTA","nv":" ","e":"n","st":"N\u00e3o eleito","dvt":"V\u00e1lido","vap":"38","pvap":"   0,43"},{"seq":"18","sqcand":"220001010653","n":"12333","nm":"VALDECIR MATTE","cc":"PDT","nv":" ","e":"n","st":"Suplente","dvt":"V\u00e1lido","vap":"147","pvap":"   1,65"},{"seq":"55","sqcand":"220000835873","n":"19222","nm":"WEVERTON FLORENTINO","cc":"PODE","nv":" ","e":"n","st":"Suplente","dvt":"V\u00e1lido","vap":"38","pvap":"   0,43"},{"seq":"21","sqcand":"220000957723","n":"11110","nm":"CINEI DA SEGUNDA EIXO","cc":"PP","nv":" ","e":"n","st":"Suplente","dvt":"V\u00e1lido","vap":"129","pvap":"   1,45"},{"seq":"53","sqcand":"220000835870","n":"19100","nm":"ROBERTO CABELEREIRO","cc":"PODE","nv":" ","e":"n","st":"Suplente","dvt":"V\u00e1lido","vap":"39","pvap":"   0,44"},{"seq":"40","sqcand":"220000835874","n":"19221","nm":"IRINEU DO BAR","cc":"PODE","nv":" ","e":"n","st":"Suplente","dvt":"V\u00e1lido","vap":"68","pvap":"   0,76"},{"seq":"72","sqcand":"220000957717","n":"11333","nm":"ABEDENEIGO POCIDONIO","cc":"PP","nv":" ","e":"n","st":"Suplente","dvt":"V\u00e1lido","vap":"19","pvap":"   0,21"},{"seq":"67","sqcand":"220000835879","n":"19111","nm":"LUCILENE DO E SO LIGAR","cc":"PODE","nv":" ","e":"n","st":"Suplente","dvt":"V\u00e1lido","vap":"23","pvap":"   0,26"},{"seq":"87","sqcand":"220000957022","n":"13500","nm":"JOAO ANTONIO","cc":"PT","nv":" ","e":"n","st":"N\u00e3o eleito","dvt":"V\u00e1lido","vap":"74","pvap":"   0,83"},{"seq":"38","sqcand":"220001136369","n":"25341","nm":"MARINHO","cc":"DEM","nv":" ","e":"n","st":"Suplente","dvt":"V\u00e1lido","vap":"73","pvap":"   0,82"},{"seq":"41","sqcand":"220001136384","n":"25888","nm":"FERRARI","cc":"DEM","nv":" ","e":"n","st":"Suplente","dvt":"V\u00e1lido","vap":"67","pvap":"   0,75"},{"seq":"32","sqcand":"220001071853","n":"40122","nm":"PROF RAIMUNDO SANTOS","cc":"PSB","nv":" ","e":"n","st":"Suplente","dvt":"V\u00e1lido","vap":"82","pvap":"   0,92"},{"seq":"29","sqcand":"220001010649","n":"12650","nm":"MOACIR RODRIGUES","cc":"PDT","nv":" ","e":"n","st":"Suplente","dvt":"V\u00e1lido","vap":"97","pvap":"   1,09"},{"seq":"78","sqcand":"220000957722","n":"11444","nm":"ANTONIO BASTOS","cc":"PP","nv":" ","e":"n","st":"Suplente","dvt":"V\u00e1lido","vap":"11","pvap":"   0,12"},{"seq":"35","sqcand":"220000957731","n":"11000","nm":"DANI","cc":"PP","nv":" ","e":"n","st":"Suplente","dvt":"V\u00e1lido","vap":"78","pvap":"   0,88"},{"seq":"12","sqcand":"220001010654","n":"12345","nm":"CEILI INSTRUTORA","cc":"PDT","nv":" ","e":"n","st":"Suplente","dvt":"V\u00e1lido","vap":"200","pvap":"   2,25"},{"seq":"80","sqcand":"220000957721","n":"11112","nm":"MILTON TELES","cc":"PP","nv":" ","e":"n","st":"Suplente","dvt":"V\u00e1lido","vap":"11","pvap":"   0,12"},{"seq":"52","sqcand":"220000835872","n":"19234","nm":"PAULINHO DO BOI","cc":"PODE","nv":" ","e":"n","st":"Suplente","dvt":"V\u00e1lido","vap":"40","pvap":"   0,45"},{"seq":"61","sqcand":"220001065231","n":"14456","nm":"NAKAMURA","cc":"PTB","nv":" ","e":"n","st":"Suplente","dvt":"V\u00e1lido","vap":"27","pvap":"   0,30"},{"seq":"64","sqcand":"220000957730","n":"11111","nm":"MARIA DO ROSARIO","cc":"PP","nv":" ","e":"n","st":"Suplente","dvt":"V\u00e1lido","vap":"24","pvap":"   0,27"},{"seq":"13","sqcand":"220001010650","n":"12341","nm":"LINO DO JORNAL","cc":"PDT","nv":" ","e":"n","st":"Suplente","dvt":"V\u00e1lido","vap":"189","pvap":"   2,13"},{"seq":"5","sqcand":"220001194268","n":"15800","nm":"PAULINO DA CENACOL","cc":"MDB","nv":" ","e":"s","st":"Eleito","dvt":"V\u00e1lido","vap":"278","pvap":"   3,13"},{"seq":"33","sqcand":"220000835869","n":"19888","nm":"SIDEIR DUROQUE","cc":"PODE","nv":" ","e":"n","st":"Suplente","dvt":"V\u00e1lido","vap":"80","pvap":"   0,90"},{"seq":"81","sqcand":"220000835880","n":"19555","nm":"MARCOS DA MARMOARIA","cc":"PODE","nv":" ","e":"n","st":"Suplente","dvt":"V\u00e1lido","vap":"11","pvap":"   0,12"},{"seq":"46","sqcand":"220001065233","n":"14321","nm":"DANDINHO","cc":"PTB","nv":" ","e":"n","st":"Suplente","dvt":"V\u00e1lido","vap":"56","pvap":"   0,63"},{"seq":"28","sqcand":"220001136377","n":"25111","nm":"LUIZINHO","cc":"DEM","nv":" ","e":"n","st":"Suplente","dvt":"V\u00e1lido","vap":"100","pvap":"   1,12"},{"seq":"97","sqcand":"220001194101","n":"51000","nm":"MACEDO DO BELA VISTA","cc":"PATRIOTA","nv":" ","e":"n","st":"N\u00e3o eleito","dvt":"V\u00e1lido","vap":"18","pvap":"   0,20"},{"seq":"14","sqcand":"220001136372","n":"25666","nm":"HELIO DA BORRACHARIA","cc":"DEM","nv":" ","e":"n","st":"Suplente","dvt":"V\u00e1lido","vap":"165","pvap":"   1,86"},{"seq":"6","sqcand":"220001071864","n":"40000","nm":"WENDER PITICA","cc":"PSB","nv":" ","e":"s","st":"Eleito","dvt":"V\u00e1lido","vap":"266","pvap":"   2,99"},{"seq":"50","sqcand":"220000957715","n":"11222","nm":"NEGO DA LINHA QUATRO","cc":"PP","nv":" ","e":"n","st":"Suplente","dvt":"V\u00e1lido","vap":"48","pvap":"   0,54"},{"seq":"25","sqcand":"220001065232","n":"14444","nm":"VANUZA LIMA TROCZINSKI","cc":"PTB","nv":" ","e":"n","st":"Suplente","dvt":"V\u00e1lido","vap":"105","pvap":"   1,18"},{"seq":"37","sqcand":"220001071862","n":"40369","nm":"FABIO COELHO","cc":"PSB","nv":" ","e":"n","st":"Suplente","dvt":"V\u00e1lido","vap":"77","pvap":"   0,87"},{"seq":"68","sqcand":"220001010652","n":"12000","nm":"DUARTE PEREIRA","cc":"PDT","nv":" ","e":"n","st":"Suplente","dvt":"V\u00e1lido","vap":"22","pvap":"   0,25"},{"seq":"42","sqcand":"220001194269","n":"15555","nm":"IRENE BORDIGA","cc":"MDB","nv":" ","e":"n","st":"Suplente","dvt":"V\u00e1lido","vap":"59","pvap":"   0,66"},{"seq":"75","sqcand":"220001010648","n":"12111","nm":"ANA PAULA PEREIRA","cc":"PDT","nv":" ","e":"n","st":"Suplente","dvt":"V\u00e1lido","vap":"13","pvap":"   0,15"},{"seq":"47","sqcand":"220000957724","n":"11123","nm":"ANGELITA","cc":"PP","nv":" ","e":"n","st":"Suplente","dvt":"V\u00e1lido","vap":"51","pvap":"   0,57"},{"seq":"48","sqcand":"220001136382","n":"25555","nm":"JORDANI","cc":"DEM","nv":" ","e":"n","st":"Suplente","dvt":"V\u00e1lido","vap":"51","pvap":"   0,57"},{"seq":"82","sqcand":"220000957719","n":"11115","nm":"TERE","cc":"PP","nv":" ","e":"n","st":"Suplente","dvt":"V\u00e1lido","vap":"9","pvap":"   0,10"},{"seq":"56","sqcand":"220000835875","n":"19456","nm":"ELCIONE AZEVEDO","cc":"PODE","nv":" ","e":"n","st":"Suplente","dvt":"V\u00e1lido","vap":"38","pvap":"   0,43"},{"seq":"34","sqcand":"220001194265","n":"15120","nm":"IZABEL DO PEDRO SEIXAS","cc":"MDB","nv":" ","e":"n","st":"Suplente","dvt":"V\u00e1lido","vap":"79","pvap":"   0,89"},{"seq":"59","sqcand":"220000957726","n":"11999","nm":"DOMINGOS","cc":"PP","nv":" ","e":"n","st":"Suplente","dvt":"V\u00e1lido","vap":"28","pvap":"   0,31"},{"seq":"60","sqcand":"220001065234","n":"14789","nm":"FLAVIANA ANDRIOLI","cc":"PTB","nv":" ","e":"n","st":"Suplente","dvt":"V\u00e1lido","vap":"28","pvap":"   0,31"},{"seq":"24","sqcand":"220001010645","n":"12222","nm":"MARIA DO C\u00c9U","cc":"PDT","nv":" ","e":"n","st":"Suplente","dvt":"V\u00e1lido","vap":"107","pvap":"   1,20"},{"seq":"71","sqcand":"220001010647","n":"12200","nm":"PEDRINHO","cc":"PDT","nv":" ","e":"n","st":"Suplente","dvt":"V\u00e1lido","vap":"20","pvap":"   0,22"},{"seq":"44","sqcand":"220001136381","n":"25250","nm":"ADRIANA VIEIRA","cc":"DEM","nv":" ","e":"n","st":"Suplente","dvt":"V\u00e1lido","vap":"59","pvap":"   0,66"},{"seq":"99","sqcand":"220000957025","n":"13640","nm":"JOSE GERALDO","cc":"PT","nv":" ","e":"n","st":"N\u00e3o eleito","dvt":"V\u00e1lido","vap":"14","pvap":"   0,16"},{"seq":"23","sqcand":"220001071861","n":"40321","nm":"AMARILDO CERQUEIRA","cc":"PSB","nv":" ","e":"n","st":"Suplente","dvt":"V\u00e1lido","vap":"120","pvap":"   1,35"},{"seq":"30","sqcand":"220001260632","n":"15123","nm":"PEZINHO DO RADIADOR","cc":"MDB","nv":" ","e":"n","st":"Suplente","dvt":"V\u00e1lido","vap":"97","pvap":"   1,09"},{"seq":"100","sqcand":"220001194105","n":"51222","nm":"MARLUCIA ARRUDA","cc":"PATRIOTA","nv":" ","e":"n","st":"N\u00e3o eleito","dvt":"V\u00e1lido","vap":"9","pvap":"   0,10"},{"seq":"10","sqcand":"220000957729","n":"11555","nm":"JAIRZINHO","cc":"PP","nv":" ","e":"s","st":"Eleito","dvt":"V\u00e1lido","vap":"141","pvap":"   1,59"},{"seq":"22","sqcand":"220000957727","n":"11234","nm":"MARILEY NOVAKI","cc":"PP","nv":" ","e":"n","st":"Suplente","dvt":"V\u00e1lido","vap":"125","pvap":"   1,41"},{"seq":"91","sqcand":"220000957026","n":"13300","nm":"SILVANO","cc":"PT","nv":" ","e":"n","st":"N\u00e3o eleito","dvt":"V\u00e1lido","vap":"50","pvap":"   0,56"},{"seq":"96","sqcand":"220000957027","n":"13456","nm":"PAULO ALBUQUERQUE","cc":"PT","nv":" ","e":"n","st":"N\u00e3o eleito","dvt":"V\u00e1lido","vap":"31","pvap":"   0,35"}]}
