{"ele":"426","tpabr":"mu","cdabr":"00337","carper":"13","t":"1","f":"o","dt":"15/11/2020","ht":"21:14:40","dv":"s","tf":"s","v":"11","esae":"n","mnae":"","s":"31","st":"31","pst":" 100,00","snt":"0","psnt":"   0,00","si":"31","psi":" 100,00","sni":"0","psni":"   0,00","sa":"31","psa":" 100,00","sna":"0","psna":"   0,00","e":"11941","ea":"11941","pea":" 100,00","ena":"0","pena":"   0,00","esi":"11941","pesi":" 100,00","esni":"0","pesni":"   0,00","c":"8654","pc":"  72,47","a":"3287","pa":"  27,53","vscv":"0","vnom":"7458","vl":"543","pvnom":"  93,21","pvl":"   6,79","vvc":"8207","pvvc":"  94,83","vb":"149","pvb":"   1,73","tvn":"298","ptvn":"   3,44","vn":"298","pvn":" 100,00","vnt":"0","pvnt":"   0,00","vp":"0","pvp":"   0,00","vv":"8001","pvv":"  97,49","van":"0","pvan":"   0,00","vansj":"206","pvansj":"   2,51","tv":"8654","cand":[{"seq":"40","sqcand":"220000786789","n":"25090","nm":"PAUL\u00c3O DA 90","cc":"DEM","nv":" ","e":"n","st":"Suplente","dvt":"V\u00e1lido","vap":"67","pvap":"   0,82"},{"seq":"3","sqcand":"220000643155","n":"19345","nm":"TROV\u00c3O DA SA\u00daDE","cc":"PODE","nv":" ","e":"s","st":"Eleito","dvt":"V\u00e1lido","vap":"301","pvap":"   3,67"},{"seq":"46","sqcand":"220000643160","n":"19129","nm":"CATIANE SANTOS","cc":"PODE","nv":" ","e":"n","st":"Suplente","dvt":"V\u00e1lido","vap":"44","pvap":"   0,54"},{"seq":"48","sqcand":"220000643162","n":"19164","nm":"ARIENE DE OLIVEIRA","cc":"PODE","nv":" ","e":"n","st":"Suplente","dvt":"V\u00e1lido","vap":"42","pvap":"   0,51"},{"seq":"9","sqcand":"220000643161","n":"19000","nm":"DIEGO SOUZA","cc":"PODE","nv":" ","e":"s","st":"Eleito","dvt":"V\u00e1lido","vap":"217","pvap":"   2,64"},{"seq":"45","sqcand":"220000993215","n":"43111","nm":"CRISTINA DA  68","cc":"PV","nv":" ","e":"n","st":"Suplente","dvt":"V\u00e1lido","vap":"44","pvap":"   0,54"},{"seq":"14","sqcand":"220000993179","n":"55608","nm":"ALCIONE PEREIRA","cc":"PSD","nv":" ","e":"n","st":"Suplente","dvt":"V\u00e1lido","vap":"198","pvap":"   2,41"},{"seq":"39","sqcand":"220000785972","n":"11111","nm":"ZELIA DO SAL\u00c3O","cc":"PP","nv":" ","e":"n","st":"Suplente","dvt":"V\u00e1lido","vap":"69","pvap":"   0,84"},{"seq":"24","sqcand":"220000643163","n":"19456","nm":"PROFESSOR CARL\u00c3O DE OLIVEIRA","cc":"PODE","nv":" ","e":"n","st":"Suplente","dvt":"V\u00e1lido","vap":"129","pvap":"   1,57"},{"seq":"10","sqcand":"220000786785","n":"25123","nm":"NEGUINHO TANCREDOPOLIS","cc":"DEM","nv":" ","e":"s","st":"Eleito","dvt":"V\u00e1lido","vap":"212","pvap":"   2,58"},{"seq":"31","sqcand":"220000643150","n":"19120","nm":"SIRNALVA DA SAUDE","cc":"PODE","nv":" ","e":"n","st":"Suplente","dvt":"V\u00e1lido","vap":"93","pvap":"   1,13"},{"seq":"2","sqcand":"220000643153","n":"19123","nm":"MARCOS PAULO","cc":"PODE","nv":" ","e":"s","st":"Eleito","dvt":"V\u00e1lido","vap":"327","pvap":"   3,98"},{"seq":"18","sqcand":"220000643152","n":"19011","nm":"LAURINDO RUSSO","cc":"PODE","nv":" ","e":"n","st":"Suplente","dvt":"V\u00e1lido","vap":"172","pvap":"   2,10"},{"seq":"54","sqcand":"220000993203","n":"43555","nm":"DANILO RATUNDE","cc":"PV","nv":" ","e":"n","st":"Suplente","dvt":"V\u00e1lido","vap":"29","pvap":"   0,35"},{"seq":"5","sqcand":"220000993204","n":"43444","nm":"BIRIBA DA 44","cc":"PV","nv":" ","e":"s","st":"Eleito","dvt":"V\u00e1lido","vap":"282","pvap":"   3,44"},{"seq":"29","sqcand":"220000993212","n":"43000","nm":"NICOLAU MIORANDO","cc":"PV","nv":" ","e":"n","st":"Suplente","dvt":"V\u00e1lido","vap":"101","pvap":"   1,23"},{"seq":"62","sqcand":"220000993213","n":"43222","nm":"ELIAS VENDEDOR","cc":"PV","nv":" ","e":"n","st":"Suplente","dvt":"V\u00e1lido","vap":"7","pvap":"   0,09"},{"seq":"41","sqcand":"220000785971","n":"11017","nm":"ZAQUEL","cc":"PP","nv":" ","e":"n","st":"Suplente","dvt":"V\u00e1lido","vap":"61","pvap":"   0,74"},{"seq":"63","sqcand":"220000643151","n":"19610","nm":"GERALDDO DA VIT\u00d3RIA","cc":"PODE","nv":" ","e":"n","st":"N\u00e3o eleito","dvt":"Anulado sub judice","vap":"206","pvap":"   2,51"},{"seq":"17","sqcand":"220000643164","n":"19500","nm":"ANDERSON BEL\u00d4","cc":"PODE","nv":" ","e":"n","st":"Suplente","dvt":"V\u00e1lido","vap":"182","pvap":"   2,22"},{"seq":"4","sqcand":"220000643148","n":"19429","nm":"AD\u00c3O MOURA","cc":"PODE","nv":" ","e":"s","st":"Eleito","dvt":"V\u00e1lido","vap":"300","pvap":"   3,66"},{"seq":"7","sqcand":"220000786779","n":"25000","nm":"MAILSON DE OLIVEIRA","cc":"DEM","nv":" ","e":"s","st":"Eleito","dvt":"V\u00e1lido","vap":"267","pvap":"   3,25"},{"seq":"23","sqcand":"220000643159","n":"19777","nm":"KELLY BARBOSA","cc":"PODE","nv":" ","e":"n","st":"Suplente","dvt":"V\u00e1lido","vap":"146","pvap":"   1,78"},{"seq":"13","sqcand":"220000786781","n":"25429","nm":"PROF&#186;  VILSON REZENDE","cc":"DEM","nv":" ","e":"n","st":"Suplente","dvt":"V\u00e1lido","vap":"207","pvap":"   2,52"},{"seq":"27","sqcand":"220000643149","n":"19190","nm":"ALAN DA ESCOLINHA","cc":"PODE","nv":" ","e":"n","st":"Suplente","dvt":"V\u00e1lido","vap":"106","pvap":"   1,29"},{"seq":"38","sqcand":"220000993211","n":"43789","nm":"RUBINHO DA AREIA","cc":"PV","nv":" ","e":"n","st":"Suplente","dvt":"V\u00e1lido","vap":"69","pvap":"   0,84"},{"seq":"1","sqcand":"220001070144","n":"13620","nm":"MAX","cc":"PT","nv":" ","e":"s","st":"Eleito","dvt":"V\u00e1lido","vap":"355","pvap":"   4,33"},{"seq":"12","sqcand":"220000993174","n":"55555","nm":"POLIKO COSTA","cc":"PSD","nv":" ","e":"n","st":"Suplente","dvt":"V\u00e1lido","vap":"271","pvap":"   3,30"},{"seq":"28","sqcand":"220000993207","n":"43567","nm":"MARLEIDE DA FEIRA","cc":"PV","nv":" ","e":"n","st":"Suplente","dvt":"V\u00e1lido","vap":"104","pvap":"   1,27"},{"seq":"57","sqcand":"220000993202","n":"43999","nm":"JOANA COSTUREIRA","cc":"PV","nv":" ","e":"n","st":"Suplente","dvt":"V\u00e1lido","vap":"20","pvap":"   0,24"},{"seq":"61","sqcand":"220000993177","n":"55700","nm":"MARCOS DA INTERNET","cc":"PSD","nv":" ","e":"n","st":"Suplente","dvt":"V\u00e1lido","vap":"12","pvap":"   0,15"},{"seq":"8","sqcand":"220000785970","n":"11625","nm":"NELCI VERDAN","cc":"PP","nv":" ","e":"s","st":"Eleito","dvt":"V\u00e1lido","vap":"261","pvap":"   3,18"},{"seq":"32","sqcand":"220000993209","n":"43888","nm":"ELAINE SEMENTINO","cc":"PV","nv":" ","e":"n","st":"Suplente","dvt":"V\u00e1lido","vap":"84","pvap":"   1,02"},{"seq":"52","sqcand":"220000786788","n":"25055","nm":"ELIANE GOMES","cc":"DEM","nv":" ","e":"n","st":"Suplente","dvt":"V\u00e1lido","vap":"31","pvap":"   0,38"},{"seq":"21","sqcand":"220000786780","n":"25555","nm":"DIVA DA SA\u00daDE","cc":"DEM","nv":" ","e":"n","st":"Suplente","dvt":"V\u00e1lido","vap":"156","pvap":"   1,90"},{"seq":"58","sqcand":"220000993214","n":"43171","nm":"NERALDO DA SA\u00daDE","cc":"PV","nv":" ","e":"n","st":"Suplente","dvt":"V\u00e1lido","vap":"18","pvap":"   0,22"},{"seq":"19","sqcand":"220000993178","n":"55429","nm":"BAIANO DA PATROL","cc":"PSD","nv":" ","e":"n","st":"Suplente","dvt":"V\u00e1lido","vap":"170","pvap":"   2,07"},{"seq":"60","sqcand":"220000786778","n":"25245","nm":"MADALENA DAS CASINHAS","cc":"DEM","nv":" ","e":"n","st":"Suplente","dvt":"V\u00e1lido","vap":"13","pvap":"   0,16"},{"seq":"51","sqcand":"220001070146","n":"13600","nm":"SILVANA TERRA BOA","cc":"PT","nv":" ","e":"n","st":"Suplente","dvt":"V\u00e1lido","vap":"36","pvap":"   0,44"},{"seq":"50","sqcand":"220000786783","n":"25111","nm":"ZULMIRA DO HOTEL","cc":"DEM","nv":" ","e":"n","st":"Suplente","dvt":"V\u00e1lido","vap":"36","pvap":"   0,44"},{"seq":"25","sqcand":"220000643156","n":"19333","nm":"MARIA ROSA","cc":"PODE","nv":" ","e":"n","st":"Suplente","dvt":"V\u00e1lido","vap":"115","pvap":"   1,40"},{"seq":"30","sqcand":"220000786786","n":"25011","nm":"PROF&#186; TIARLI CALENTE","cc":"DEM","nv":" ","e":"n","st":"Suplente","dvt":"V\u00e1lido","vap":"98","pvap":"   1,19"},{"seq":"15","sqcand":"220001070142","n":"13622","nm":"JO\u00c3O LUIZ DO SINDICATO","cc":"PT","nv":" ","e":"n","st":"Suplente","dvt":"V\u00e1lido","vap":"197","pvap":"   2,40"},{"seq":"35","sqcand":"220000786782","n":"25250","nm":"MILTON VERDUREIRO","cc":"DEM","nv":" ","e":"n","st":"Suplente","dvt":"V\u00e1lido","vap":"79","pvap":"   0,96"},{"seq":"20","sqcand":"220000993210","n":"43333","nm":"RAFINHA","cc":"PV","nv":" ","e":"n","st":"Suplente","dvt":"V\u00e1lido","vap":"169","pvap":"   2,06"},{"seq":"11","sqcand":"220000993208","n":"43013","nm":"ALDIONE DO ALTO ALEGRE","cc":"PV","nv":" ","e":"s","st":"Eleito","dvt":"V\u00e1lido","vap":"206","pvap":"   2,51"},{"seq":"47","sqcand":"220000993216","n":"43321","nm":"DORINHA DA SELARIA TJ","cc":"PV","nv":" ","e":"n","st":"Suplente","dvt":"V\u00e1lido","vap":"42","pvap":"   0,51"},{"seq":"16","sqcand":"220000785974","n":"11123","nm":"TITA","cc":"PP","nv":" ","e":"n","st":"Suplente","dvt":"V\u00e1lido","vap":"182","pvap":"   2,22"},{"seq":"53","sqcand":"220000993180","n":"55678","nm":"ELIANE MARTINELLI","cc":"PSD","nv":" ","e":"n","st":"Suplente","dvt":"V\u00e1lido","vap":"31","pvap":"   0,38"},{"seq":"56","sqcand":"220000785975","n":"11090","nm":"B\u00c9NE DE TANCREDOPOLIS","cc":"PP","nv":" ","e":"n","st":"Suplente","dvt":"V\u00e1lido","vap":"23","pvap":"   0,28"},{"seq":"42","sqcand":"220000785976","n":"11429","nm":"FAGNER PINTOR","cc":"PP","nv":" ","e":"n","st":"Suplente","dvt":"V\u00e1lido","vap":"58","pvap":"   0,71"},{"seq":"26","sqcand":"220000993175","n":"55725","nm":"SOCORRO DA SA\u00daDE","cc":"PSD","nv":" ","e":"n","st":"Suplente","dvt":"V\u00e1lido","vap":"110","pvap":"   1,34"},{"seq":"49","sqcand":"220000993205","n":"43123","nm":"FRED","cc":"PV","nv":" ","e":"n","st":"Suplente","dvt":"V\u00e1lido","vap":"38","pvap":"   0,46"},{"seq":"34","sqcand":"220000643154","n":"19191","nm":"CLAUDIO LOPES","cc":"PODE","nv":" ","e":"n","st":"Suplente","dvt":"V\u00e1lido","vap":"79","pvap":"   0,96"},{"seq":"43","sqcand":"220000786784","n":"25125","nm":"TONINHO MACENA","cc":"DEM","nv":" ","e":"n","st":"Suplente","dvt":"V\u00e1lido","vap":"49","pvap":"   0,60"},{"seq":"44","sqcand":"220000993176","n":"55222","nm":"PROFESSOR LUIZ PAULO","cc":"PSD","nv":" ","e":"n","st":"Suplente","dvt":"V\u00e1lido","vap":"46","pvap":"   0,56"},{"seq":"33","sqcand":"220000785977","n":"11456","nm":"FERNANDO DA CULTURAL","cc":"PP","nv":" ","e":"n","st":"Suplente","dvt":"V\u00e1lido","vap":"82","pvap":"   1,00"},{"seq":"22","sqcand":"220000993206","n":"43456","nm":"FERNANDES DA GOLD","cc":"PV","nv":" ","e":"n","st":"Suplente","dvt":"V\u00e1lido","vap":"154","pvap":"   1,88"},{"seq":"59","sqcand":"220001070143","n":"13615","nm":"CIDINHA FELIX","cc":"PT","nv":" ","e":"n","st":"Suplente","dvt":"V\u00e1lido","vap":"15","pvap":"   0,18"},{"seq":"36","sqcand":"220001070145","n":"13333","nm":"CELIM ROCHA","cc":"PT","nv":" ","e":"n","st":"Suplente","dvt":"V\u00e1lido","vap":"72","pvap":"   0,88"},{"seq":"55","sqcand":"220000643157","n":"19003","nm":"LILIAN ROMERO","cc":"PODE","nv":" ","e":"n","st":"Suplente","dvt":"V\u00e1lido","vap":"25","pvap":"   0,30"},{"seq":"37","sqcand":"220000785978","n":"11055","nm":"ERISVALDO OLIVEIRA","cc":"PP","nv":" ","e":"n","st":"Suplente","dvt":"V\u00e1lido","vap":"72","pvap":"   0,88"},{"seq":"6","sqcand":"220000993181","n":"55123","nm":"DEMIZIM","cc":"PSD","nv":" ","e":"s","st":"Eleito","dvt":"V\u00e1lido","vap":"277","pvap":"   3,38"}]}
