{"ele":"426","tpabr":"mu","cdabr":"00531","carper":"13","t":"1","f":"o","dt":"15/11/2020","ht":"21:23:15","dv":"s","tf":"s","v":"9","esae":"n","mnae":"","s":"9","st":"9","pst":" 100,00","snt":"0","psnt":"   0,00","si":"9","psi":" 100,00","sni":"0","psni":"   0,00","sa":"9","psa":" 100,00","sna":"0","psna":"   0,00","e":"3116","ea":"3116","pea":" 100,00","ena":"0","pena":"   0,00","esi":"3116","pesi":" 100,00","esni":"0","pesni":"   0,00","c":"2471","pc":"  79,30","a":"645","pa":"  20,70","vscv":"0","vnom":"2278","vl":"122","pvnom":"  94,92","pvl":"   5,08","vvc":"2400","pvvc":"  97,13","vb":"38","pvb":"   1,53","tvn":"33","ptvn":"   1,34","vn":"31","pvn":"  93,94","vnt":"2","pvnt":"   6,06","vp":"0","pvp":"   0,00","vv":"2400","pvv":" 100,00","van":"0","pvan":"   0,00","vansj":"0","pvansj":"   0,00","tv":"2471","cand":[{"seq":"25","sqcand":"220000726472","n":"15222","nm":"JORGE DIAS","cc":"MDB","nv":" ","e":"n","st":"Suplente","dvt":"V\u00e1lido","vap":"32","pvap":"   1,33"},{"seq":"17","sqcand":"220001059883","n":"19133","nm":"RAFAEL DA SILVA","cc":"PODE","nv":" ","e":"n","st":"Suplente","dvt":"V\u00e1lido","vap":"49","pvap":"   2,04"},{"seq":"30","sqcand":"220000681039","n":"55456","nm":"FATIMA MACIEL","cc":"PSD","nv":" ","e":"n","st":"Suplente","dvt":"V\u00e1lido","vap":"26","pvap":"   1,08"},{"seq":"41","sqcand":"220000680552","n":"25172","nm":"CIDA ","cc":"DEM","nv":" ","e":"n","st":"Suplente","dvt":"V\u00e1lido","vap":"12","pvap":"   0,50"},{"seq":"19","sqcand":"220001059873","n":"19777","nm":"IZAIAS DIAS","cc":"PODE","nv":" ","e":"n","st":"Suplente","dvt":"V\u00e1lido","vap":"37","pvap":"   1,54"},{"seq":"46","sqcand":"220000680548","n":"25666","nm":"ELVIS CHARLES","cc":"DEM","nv":" ","e":"n","st":"Suplente","dvt":"V\u00e1lido","vap":"9","pvap":"   0,38"},{"seq":"11","sqcand":"220000726477","n":"15789","nm":"JONILSON DO BAR","cc":"MDB","nv":" ","e":"n","st":"Suplente","dvt":"V\u00e1lido","vap":"79","pvap":"   3,29"},{"seq":"8","sqcand":"220000726475","n":"15180","nm":"ARLINDO ASSUN\u00c7\u00c3O","cc":"MDB","nv":" ","e":"s","st":"Eleito","dvt":"V\u00e1lido","vap":"82","pvap":"   3,42"},{"seq":"57","sqcand":"220000681036","n":"55182","nm":"\u00c9RICA","cc":"PSD","nv":" ","e":"n","st":"Suplente","dvt":"V\u00e1lido","vap":"5","pvap":"   0,21"},{"seq":"26","sqcand":"220000726481","n":"15333","nm":"ELIAS PEREIRA","cc":"MDB","nv":" ","e":"n","st":"Suplente","dvt":"V\u00e1lido","vap":"32","pvap":"   1,33"},{"seq":"20","sqcand":"220000881849","n":"14444","nm":"WAINE MORAES","cc":"PTB","nv":" ","e":"n","st":"Suplente","dvt":"V\u00e1lido","vap":"36","pvap":"   1,50"},{"seq":"33","sqcand":"220000680550","n":"25555","nm":"DALMIR DE JARDIN\u00d3POLIS","cc":"DEM","nv":" ","e":"n","st":"Suplente","dvt":"V\u00e1lido","vap":"22","pvap":"   0,92"},{"seq":"34","sqcand":"220001059874","n":"19111","nm":"SINVAL","cc":"PODE","nv":" ","e":"n","st":"Suplente","dvt":"V\u00e1lido","vap":"21","pvap":"   0,88"},{"seq":"9","sqcand":"220001059875","n":"19100","nm":"LEVY TAVARES","cc":"PODE","nv":" ","e":"s","st":"Eleito","dvt":"V\u00e1lido","vap":"69","pvap":"   2,88"},{"seq":"1","sqcand":"220000881843","n":"14000","nm":"GILSON DIAS","cc":"PTB","nv":" ","e":"s","st":"Eleito","dvt":"V\u00e1lido","vap":"128","pvap":"   5,33"},{"seq":"56","sqcand":"220000681038","n":"55184","nm":"GUIDO","cc":"PSD","nv":" ","e":"n","st":"Suplente","dvt":"V\u00e1lido","vap":"5","pvap":"   0,21"},{"seq":"49","sqcand":"220000680551","n":"25000","nm":"LEANDRO DA OITENTA E QUATRO","cc":"DEM","nv":" ","e":"n","st":"Suplente","dvt":"V\u00e1lido","vap":"6","pvap":"   0,25"},{"seq":"18","sqcand":"220001059879","n":"19000","nm":"KEILA FRAN","cc":"PODE","nv":" ","e":"n","st":"Suplente","dvt":"V\u00e1lido","vap":"46","pvap":"   1,92"},{"seq":"2","sqcand":"220000881841","n":"14333","nm":"OZIEL PAIZANTE","cc":"PTB","nv":" ","e":"s","st":"Eleito","dvt":"V\u00e1lido","vap":"124","pvap":"   5,17"},{"seq":"7","sqcand":"220000726476","n":"15111","nm":"PROFESSOR DEUSDETI","cc":"MDB","nv":" ","e":"s","st":"Eleito","dvt":"V\u00e1lido","vap":"93","pvap":"   3,88"},{"seq":"32","sqcand":"220000726478","n":"15788","nm":"HELTON JHON","cc":"MDB","nv":" ","e":"n","st":"Suplente","dvt":"V\u00e1lido","vap":"23","pvap":"   0,96"},{"seq":"5","sqcand":"220000681034","n":"55555","nm":"ERNESTO DE JARDIN\u00d3POLIS","cc":"PSD","nv":" ","e":"s","st":"Eleito","dvt":"V\u00e1lido","vap":"108","pvap":"   4,50"},{"seq":"55","sqcand":"220000726474","n":"15200","nm":"J\u00c9SSICA DA 180","cc":"MDB","nv":" ","e":"n","st":"Suplente","dvt":"V\u00e1lido","vap":"5","pvap":"   0,21"},{"seq":"31","sqcand":"220000726473","n":"15123","nm":"PROF EVANILDA POPULAR TIA NINA","cc":"MDB","nv":" ","e":"n","st":"Suplente","dvt":"V\u00e1lido","vap":"23","pvap":"   0,96"},{"seq":"28","sqcand":"220001059882","n":"19555","nm":"EDSON KAK\u00c1","cc":"PODE","nv":" ","e":"n","st":"Suplente","dvt":"V\u00e1lido","vap":"30","pvap":"   1,25"},{"seq":"16","sqcand":"220000681042","n":"55168","nm":"BAIXINHO","cc":"PSD","nv":" ","e":"n","st":"Suplente","dvt":"V\u00e1lido","vap":"55","pvap":"   2,29"},{"seq":"53","sqcand":"220000726464","n":"11243","nm":"ALVINO SOL","cc":"PP","nv":" ","e":"n","st":"Suplente","dvt":"V\u00e1lido","vap":"5","pvap":"   0,21"},{"seq":"15","sqcand":"220000726470","n":"11110","nm":"RONALDO ANJOS","cc":"PP","nv":" ","e":"n","st":"Suplente","dvt":"V\u00e1lido","vap":"73","pvap":"   3,04"},{"seq":"51","sqcand":"220000726479","n":"15456","nm":"ANA PAULA","cc":"MDB","nv":" ","e":"n","st":"Suplente","dvt":"V\u00e1lido","vap":"6","pvap":"   0,25"},{"seq":"50","sqcand":"220000726482","n":"15184","nm":"CAROL DA AGROVILA","cc":"MDB","nv":" ","e":"n","st":"Suplente","dvt":"V\u00e1lido","vap":"6","pvap":"   0,25"},{"seq":"24","sqcand":"220000881844","n":"14180","nm":"CLEITON ZINE","cc":"PTB","nv":" ","e":"n","st":"Suplente","dvt":"V\u00e1lido","vap":"34","pvap":"   1,42"},{"seq":"22","sqcand":"220000680542","n":"25025","nm":"JOTA MORENO","cc":"DEM","nv":" ","e":"n","st":"Suplente","dvt":"V\u00e1lido","vap":"35","pvap":"   1,46"},{"seq":"14","sqcand":"220000681033","n":"55789","nm":"KATIANE DIAS","cc":"PSD","nv":" ","e":"n","st":"Suplente","dvt":"V\u00e1lido","vap":"73","pvap":"   3,04"},{"seq":"12","sqcand":"220000726483","n":"15172","nm":"ROM\u00c1RIO LEONER","cc":"MDB","nv":" ","e":"n","st":"Suplente","dvt":"V\u00e1lido","vap":"77","pvap":"   3,21"},{"seq":"43","sqcand":"220001059880","n":"19444","nm":"GAL","cc":"PODE","nv":" ","e":"n","st":"Suplente","dvt":"V\u00e1lido","vap":"10","pvap":"   0,42"},{"seq":"3","sqcand":"220000726469","n":"11111","nm":"ANDR\u00c9 DE OLIVEIRA","cc":"PP","nv":" ","e":"s","st":"Eleito","dvt":"V\u00e1lido","vap":"121","pvap":"   5,04"},{"seq":"36","sqcand":"220000681040","n":"55180","nm":"SOLANGE DA CENTO E OITENTA","cc":"PSD","nv":" ","e":"n","st":"Suplente","dvt":"V\u00e1lido","vap":"19","pvap":"   0,79"},{"seq":"52","sqcand":"220001059877","n":"19522","nm":"FRANCISCO PIAUI","cc":"PODE","nv":" ","e":"n","st":"Suplente","dvt":"V\u00e1lido","vap":"5","pvap":"   0,21"},{"seq":"59","sqcand":"220000881847","n":"14555","nm":"MIRTES","cc":"PTB","nv":" ","e":"n","st":"Suplente","dvt":"V\u00e1lido","vap":"1","pvap":"   0,04"},{"seq":"10","sqcand":"220000881850","n":"14123","nm":"SIRLENE SOMENZARI","cc":"PTB","nv":" ","e":"n","st":"Suplente","dvt":"V\u00e1lido","vap":"97","pvap":"   4,04"},{"seq":"40","sqcand":"220000881848","n":"14567","nm":"MARCILIO DE JARDINOPOLIS","cc":"PTB","nv":" ","e":"n","st":"Suplente","dvt":"V\u00e1lido","vap":"15","pvap":"   0,63"},{"seq":"45","sqcand":"220000680549","n":"25123","nm":"TAISA SABRINA","cc":"DEM","nv":" ","e":"n","st":"Suplente","dvt":"V\u00e1lido","vap":"9","pvap":"   0,38"},{"seq":"39","sqcand":"220000681037","n":"55123","nm":"SYNDEL","cc":"PSD","nv":" ","e":"n","st":"Suplente","dvt":"V\u00e1lido","vap":"16","pvap":"   0,67"},{"seq":"54","sqcand":"220000680546","n":"25124","nm":"SIMONE","cc":"DEM","nv":" ","e":"n","st":"Suplente","dvt":"V\u00e1lido","vap":"5","pvap":"   0,21"},{"seq":"58","sqcand":"220000881846","n":"14111","nm":"ELIANE","cc":"PTB","nv":" ","e":"n","st":"Suplente","dvt":"V\u00e1lido","vap":"2","pvap":"   0,08"},{"seq":"6","sqcand":"220000680545","n":"25678","nm":"PAULINHO ELETRICISTA","cc":"DEM","nv":" ","e":"s","st":"Eleito","dvt":"V\u00e1lido","vap":"108","pvap":"   4,50"},{"seq":"47","sqcand":"220000680543","n":"25120","nm":"GENIVALDO JAP\u00c3O","cc":"DEM","nv":" ","e":"n","st":"Suplente","dvt":"V\u00e1lido","vap":"7","pvap":"   0,29"},{"seq":"21","sqcand":"220000680547","n":"25380","nm":"NEI EXPRESSO DO BOI","cc":"DEM","nv":" ","e":"n","st":"Suplente","dvt":"V\u00e1lido","vap":"36","pvap":"   1,50"},{"seq":"13","sqcand":"220000726465","n":"11188","nm":"ROSELI","cc":"PP","nv":" ","e":"n","st":"Suplente","dvt":"V\u00e1lido","vap":"74","pvap":"   3,08"},{"seq":"37","sqcand":"220000680544","n":"25909","nm":"INEZ JUSTINO","cc":"DEM","nv":" ","e":"n","st":"Suplente","dvt":"V\u00e1lido","vap":"17","pvap":"   0,71"},{"seq":"48","sqcand":"220000681032","n":"55654","nm":"RALF","cc":"PSD","nv":" ","e":"n","st":"Suplente","dvt":"V\u00e1lido","vap":"6","pvap":"   0,25"},{"seq":"60","sqcand":"220001059876","n":"19333","nm":"ROSALINA DA SILVA","cc":"PODE","nv":" ","e":"n","st":"Suplente","dvt":"V\u00e1lido","vap":"1","pvap":"   0,04"},{"seq":"23","sqcand":"220000726484","n":"15555","nm":"LELINHO","cc":"MDB","nv":" ","e":"n","st":"Suplente","dvt":"V\u00e1lido","vap":"35","pvap":"   1,46"},{"seq":"44","sqcand":"220000726480","n":"15888","nm":"FABIANA CANT\u00c3O","cc":"MDB","nv":" ","e":"n","st":"Suplente","dvt":"V\u00e1lido","vap":"9","pvap":"   0,38"},{"seq":"38","sqcand":"220001059878","n":"19123","nm":"ALINE TIBURTINO","cc":"PODE","nv":" ","e":"n","st":"Suplente","dvt":"V\u00e1lido","vap":"16","pvap":"   0,67"},{"seq":"27","sqcand":"220000881842","n":"14188","nm":"SERGIO GOTARDI","cc":"PTB","nv":" ","e":"n","st":"Suplente","dvt":"V\u00e1lido","vap":"30","pvap":"   1,25"},{"seq":"35","sqcand":"220000681041","n":"55222","nm":"VALNEI PAIZANTE","cc":"PSD","nv":" ","e":"n","st":"Suplente","dvt":"V\u00e1lido","vap":"20","pvap":"   0,83"},{"seq":"4","sqcand":"220000681035","n":"55188","nm":"JO\u00c3O SERAFIM","cc":"PSD","nv":" ","e":"s","st":"Eleito","dvt":"V\u00e1lido","vap":"113","pvap":"   4,71"},{"seq":"29","sqcand":"220000881845","n":"14777","nm":"GURI","cc":"PTB","nv":" ","e":"n","st":"Suplente","dvt":"V\u00e1lido","vap":"29","pvap":"   1,21"},{"seq":"42","sqcand":"220000726467","n":"11112","nm":"VIVIAN","cc":"PP","nv":" ","e":"n","st":"Suplente","dvt":"V\u00e1lido","vap":"11","pvap":"   0,46"}]}
