{"ele":"426","tpabr":"mu","cdabr":"00612","carper":"13","t":"1","f":"o","dt":"15/11/2020","ht":"21:14:40","dv":"s","tf":"s","v":"9","esae":"n","mnae":"","s":"20","st":"20","pst":" 100,00","snt":"0","psnt":"   0,00","si":"20","psi":" 100,00","sni":"0","psni":"   0,00","sa":"20","psa":" 100,00","sna":"0","psna":"   0,00","e":"7559","ea":"7559","pea":" 100,00","ena":"0","pena":"   0,00","esi":"7559","pesi":" 100,00","esni":"0","pesni":"   0,00","c":"5843","pc":"  77,30","a":"1716","pa":"  22,70","vscv":"0","vnom":"5361","vl":"344","pvnom":"  93,97","pvl":"   6,03","vvc":"5705","pvvc":"  97,64","vb":"38","pvb":"   0,65","tvn":"100","ptvn":"   1,71","vn":"100","pvn":" 100,00","vnt":"0","pvnt":"   0,00","vp":"0","pvp":"   0,00","vv":"5705","pvv":" 100,00","van":"0","pvan":"   0,00","vansj":"0","pvansj":"   0,00","tv":"5843","cand":[{"seq":"14","sqcand":"220000925134","n":"25123","nm":"NEGO DO BALNEARIO","cc":"DEM","nv":" ","e":"n","st":"Suplente","dvt":"V\u00e1lido","vap":"134","pvap":"   2,35"},{"seq":"43","sqcand":"220001042165","n":"10120","nm":"CARLA CILENE","cc":"REPUBLICANOS","nv":" ","e":"n","st":"Suplente","dvt":"V\u00e1lido","vap":"10","pvap":"   0,18"},{"seq":"5","sqcand":"220001042168","n":"10222","nm":"JUNIOR DO VENTURA","cc":"REPUBLICANOS","nv":" ","e":"s","st":"Eleito","dvt":"V\u00e1lido","vap":"228","pvap":"   4,00"},{"seq":"32","sqcand":"220001042172","n":"10617","nm":"Z\u00c9 DO BOLICHO","cc":"REPUBLICANOS","nv":" ","e":"n","st":"Suplente","dvt":"V\u00e1lido","vap":"39","pvap":"   0,68"},{"seq":"17","sqcand":"220000787334","n":"11800","nm":"VALTER SIQUEIRA","cc":"PP","nv":" ","e":"n","st":"Suplente","dvt":"V\u00e1lido","vap":"125","pvap":"   2,19"},{"seq":"50","sqcand":"220000886651","n":"12612","nm":"GEDEON SILVA","cc":"PDT","nv":" ","e":"n","st":"N\u00e3o eleito","dvt":"V\u00e1lido","vap":"64","pvap":"   1,12"},{"seq":"46","sqcand":"220000835256","n":"13123","nm":"ERANIDES A VEIA","cc":"PT","nv":" ","e":"n","st":"N\u00e3o eleito","dvt":"V\u00e1lido","vap":"230","pvap":"   4,03"},{"seq":"19","sqcand":"220001042164","n":"10659","nm":"IRANI RIBEIRO","cc":"REPUBLICANOS","nv":" ","e":"n","st":"Suplente","dvt":"V\u00e1lido","vap":"98","pvap":"   1,72"},{"seq":"38","sqcand":"220000787340","n":"11621","nm":"ZETE","cc":"PP","nv":" ","e":"n","st":"Suplente","dvt":"V\u00e1lido","vap":"16","pvap":"   0,28"},{"seq":"52","sqcand":"220000835253","n":"13626","nm":"BADU","cc":"PT","nv":" ","e":"n","st":"N\u00e3o eleito","dvt":"V\u00e1lido","vap":"18","pvap":"   0,32"},{"seq":"7","sqcand":"220000787341","n":"11789","nm":"VALDO DO RAIMUNDO","cc":"PP","nv":" ","e":"s","st":"Eleito","dvt":"V\u00e1lido","vap":"175","pvap":"   3,07"},{"seq":"55","sqcand":"220000886652","n":"12625","nm":"LELE","cc":"PDT","nv":" ","e":"n","st":"N\u00e3o eleito","dvt":"V\u00e1lido","vap":"11","pvap":"   0,19"},{"seq":"31","sqcand":"220001042167","n":"10620","nm":"ROSE DA 21","cc":"REPUBLICANOS","nv":" ","e":"n","st":"Suplente","dvt":"V\u00e1lido","vap":"40","pvap":"   0,70"},{"seq":"9","sqcand":"220000925135","n":"25234","nm":"NOELIA","cc":"DEM","nv":" ","e":"s","st":"Eleito","dvt":"V\u00e1lido","vap":"162","pvap":"   2,84"},{"seq":"39","sqcand":"220001125460","n":"15625","nm":"ELIETE DA 25","cc":"MDB","nv":" ","e":"n","st":"Suplente","dvt":"V\u00e1lido","vap":"15","pvap":"   0,26"},{"seq":"27","sqcand":"220000787339","n":"11623","nm":"ELZA DO CLAUDIO","cc":"PP","nv":" ","e":"n","st":"Suplente","dvt":"V\u00e1lido","vap":"62","pvap":"   1,09"},{"seq":"57","sqcand":"220000835259","n":"13345","nm":"LENICE ASSISTENTE SOCIAL","cc":"PT","nv":" ","e":"n","st":"N\u00e3o eleito","dvt":"V\u00e1lido","vap":"7","pvap":"   0,12"},{"seq":"29","sqcand":"220000925132","n":"25500","nm":"PROFESSOR BRITO","cc":"DEM","nv":" ","e":"n","st":"Suplente","dvt":"V\u00e1lido","vap":"51","pvap":"   0,89"},{"seq":"6","sqcand":"220000925131","n":"25662","nm":"JERB\u00c3O","cc":"DEM","nv":" ","e":"s","st":"Eleito","dvt":"V\u00e1lido","vap":"225","pvap":"   3,94"},{"seq":"18","sqcand":"220000925133","n":"25000","nm":"WILSON COELHO","cc":"DEM","nv":" ","e":"n","st":"Suplente","dvt":"V\u00e1lido","vap":"100","pvap":"   1,75"},{"seq":"8","sqcand":"220000787345","n":"11110","nm":"ZICO MOTORA","cc":"PP","nv":" ","e":"s","st":"Eleito","dvt":"V\u00e1lido","vap":"175","pvap":"   3,07"},{"seq":"25","sqcand":"220001125456","n":"15444","nm":"ALAN DA COLINA","cc":"MDB","nv":" ","e":"n","st":"Suplente","dvt":"V\u00e1lido","vap":"77","pvap":"   1,35"},{"seq":"45","sqcand":"220000787343","n":"11358","nm":"ADRIZA","cc":"PP","nv":" ","e":"n","st":"Suplente","dvt":"V\u00e1lido","vap":"4","pvap":"   0,07"},{"seq":"36","sqcand":"220001042169","n":"10456","nm":"IMACULADA","cc":"REPUBLICANOS","nv":" ","e":"n","st":"Suplente","dvt":"V\u00e1lido","vap":"18","pvap":"   0,32"},{"seq":"22","sqcand":"220001125458","n":"15646","nm":"CLEIDE DA 46","cc":"MDB","nv":" ","e":"n","st":"Suplente","dvt":"V\u00e1lido","vap":"90","pvap":"   1,58"},{"seq":"54","sqcand":"220000835258","n":"13000","nm":"CLAUDIANE ASSIS","cc":"PT","nv":" ","e":"n","st":"N\u00e3o eleito","dvt":"V\u00e1lido","vap":"11","pvap":"   0,19"},{"seq":"53","sqcand":"220000886653","n":"12123","nm":"AMANDA","cc":"PDT","nv":" ","e":"n","st":"N\u00e3o eleito","dvt":"V\u00e1lido","vap":"17","pvap":"   0,30"},{"seq":"10","sqcand":"220001042166","n":"10107","nm":"WESLEN SILVA","cc":"REPUBLICANOS","nv":" ","e":"n","st":"Suplente","dvt":"V\u00e1lido","vap":"190","pvap":"   3,33"},{"seq":"12","sqcand":"220001042163","n":"10110","nm":"ISMAEL DIAS","cc":"REPUBLICANOS","nv":" ","e":"n","st":"Suplente","dvt":"V\u00e1lido","vap":"142","pvap":"   2,49"},{"seq":"21","sqcand":"220000787333","n":"11642","nm":"Z\u00c9 CAPIXABA","cc":"PP","nv":" ","e":"n","st":"Suplente","dvt":"V\u00e1lido","vap":"91","pvap":"   1,60"},{"seq":"48","sqcand":"220000835254","n":"13644","nm":"AMARINO FERREIRA","cc":"PT","nv":" ","e":"n","st":"N\u00e3o eleito","dvt":"V\u00e1lido","vap":"102","pvap":"   1,79"},{"seq":"23","sqcand":"220001045147","n":"11234","nm":"PROFESSORA T\u00c2NIA","cc":"PP","nv":" ","e":"n","st":"Suplente","dvt":"V\u00e1lido","vap":"78","pvap":"   1,37"},{"seq":"3","sqcand":"220001125459","n":"15555","nm":"JEAN DO BETO","cc":"MDB","nv":" ","e":"s","st":"Eleito","dvt":"V\u00e1lido","vap":"273","pvap":"   4,79"},{"seq":"30","sqcand":"220000787336","n":"11123","nm":"OZIEL TAXISTA","cc":"PP","nv":" ","e":"n","st":"Suplente","dvt":"V\u00e1lido","vap":"50","pvap":"   0,88"},{"seq":"4","sqcand":"220001042161","n":"10123","nm":"PA\u00c7OCA","cc":"REPUBLICANOS","nv":" ","e":"s","st":"Eleito","dvt":"V\u00e1lido","vap":"235","pvap":"   4,12"},{"seq":"35","sqcand":"220001125461","n":"15445","nm":"ELENICE COLINA VERDE","cc":"MDB","nv":" ","e":"n","st":"Suplente","dvt":"V\u00e1lido","vap":"19","pvap":"   0,33"},{"seq":"26","sqcand":"220001042160","n":"10621","nm":"FELISBERTO DOS ENXOVAIS","cc":"REPUBLICANOS","nv":" ","e":"n","st":"Suplente","dvt":"V\u00e1lido","vap":"63","pvap":"   1,10"},{"seq":"41","sqcand":"220000925136","n":"25111","nm":"PROFESSOR ANT\u00d4NIO LUIZ","cc":"DEM","nv":" ","e":"n","st":"Suplente","dvt":"V\u00e1lido","vap":"12","pvap":"   0,21"},{"seq":"58","sqcand":"220000835260","n":"13623","nm":"DIVIPA  ARIC\u00c3 O INDIO","cc":"PT","nv":" ","e":"n","st":"N\u00e3o eleito","dvt":"V\u00e1lido","vap":"7","pvap":"   0,12"},{"seq":"13","sqcand":"220000925137","n":"25555","nm":"CLEIDE MELO","cc":"DEM","nv":" ","e":"n","st":"Suplente","dvt":"V\u00e1lido","vap":"139","pvap":"   2,44"},{"seq":"33","sqcand":"220001042171","n":"10234","nm":"BETE SILVA","cc":"REPUBLICANOS","nv":" ","e":"n","st":"Suplente","dvt":"V\u00e1lido","vap":"24","pvap":"   0,42"},{"seq":"2","sqcand":"220001042170","n":"10000","nm":"TICO PATROLEIRO","cc":"REPUBLICANOS","nv":" ","e":"s","st":"Eleito","dvt":"V\u00e1lido","vap":"356","pvap":"   6,24"},{"seq":"28","sqcand":"220001125453","n":"15650","nm":"SIDNEI DE COLINA","cc":"MDB","nv":" ","e":"n","st":"Suplente","dvt":"V\u00e1lido","vap":"53","pvap":"   0,93"},{"seq":"42","sqcand":"220001125457","n":"15615","nm":"JOSE CARLOS  IRM\u00c3OZINHO COLINA","cc":"MDB","nv":" ","e":"n","st":"Suplente","dvt":"V\u00e1lido","vap":"11","pvap":"   0,19"},{"seq":"37","sqcand":"220001125455","n":"15345","nm":"ADMILSON  BORGES","cc":"MDB","nv":" ","e":"n","st":"Suplente","dvt":"V\u00e1lido","vap":"18","pvap":"   0,32"},{"seq":"51","sqcand":"220000835255","n":"13456","nm":"LUCAS 44","cc":"PT","nv":" ","e":"n","st":"N\u00e3o eleito","dvt":"V\u00e1lido","vap":"25","pvap":"   0,44"},{"seq":"44","sqcand":"220000925130","n":"25100","nm":"ELIANA DO Z\u00c9 VALFRAM","cc":"DEM","nv":" ","e":"n","st":"Suplente","dvt":"V\u00e1lido","vap":"7","pvap":"   0,12"},{"seq":"40","sqcand":"220000787337","n":"11121","nm":"ODAIR BRAGAN\u00c7A","cc":"PP","nv":" ","e":"n","st":"Suplente","dvt":"V\u00e1lido","vap":"14","pvap":"   0,25"},{"seq":"20","sqcand":"220001125454","n":"15000","nm":"TATUZINHO","cc":"MDB","nv":" ","e":"n","st":"Suplente","dvt":"V\u00e1lido","vap":"94","pvap":"   1,65"},{"seq":"56","sqcand":"220000835257","n":"13620","nm":"NEIVO GARCIA","cc":"PT","nv":" ","e":"n","st":"N\u00e3o eleito","dvt":"V\u00e1lido","vap":"8","pvap":"   0,14"},{"seq":"47","sqcand":"220000886649","n":"12659","nm":"TATY DA SERRARIA","cc":"PDT","nv":" ","e":"n","st":"N\u00e3o eleito","dvt":"V\u00e1lido","vap":"131","pvap":"   2,30"},{"seq":"34","sqcand":"220000787335","n":"11109","nm":"ROSILDA TOMAZ","cc":"PP","nv":" ","e":"n","st":"Suplente","dvt":"V\u00e1lido","vap":"20","pvap":"   0,35"},{"seq":"49","sqcand":"220000886650","n":"12345","nm":"JURANDIR DA SUED","cc":"PDT","nv":" ","e":"n","st":"N\u00e3o eleito","dvt":"V\u00e1lido","vap":"91","pvap":"   1,60"},{"seq":"15","sqcand":"220000787344","n":"11111","nm":"GELSON CARIOCA","cc":"PP","nv":" ","e":"n","st":"Suplente","dvt":"V\u00e1lido","vap":"128","pvap":"   2,24"},{"seq":"16","sqcand":"220000925129","n":"25222","nm":"PROFESSOR Z\u00c9 BARBOSA","cc":"DEM","nv":" ","e":"n","st":"Suplente","dvt":"V\u00e1lido","vap":"127","pvap":"   2,23"},{"seq":"1","sqcand":"220001042162","n":"10111","nm":"JAIME MANFR\u00c9","cc":"REPUBLICANOS","nv":" ","e":"s","st":"Eleito","dvt":"V\u00e1lido","vap":"417","pvap":"   7,31"},{"seq":"11","sqcand":"220000787338","n":"11000","nm":"RICARDO MAROTO","cc":"PP","nv":" ","e":"n","st":"Suplente","dvt":"V\u00e1lido","vap":"157","pvap":"   2,75"},{"seq":"24","sqcand":"220000787342","n":"11222","nm":"GOMES DO BANCO","cc":"PP","nv":" ","e":"n","st":"Suplente","dvt":"V\u00e1lido","vap":"77","pvap":"   1,35"}]}
