{"ele":"426","tpabr":"mu","cdabr":"00663","carper":"13","t":"1","f":"o","dt":"15/11/2020","ht":"21:34:39","dv":"s","tf":"s","v":"9","esae":"n","mnae":"","s":"26","st":"26","pst":" 100,00","snt":"0","psnt":"   0,00","si":"26","psi":" 100,00","sni":"0","psni":"   0,00","sa":"26","psa":" 100,00","sna":"0","psna":"   0,00","e":"9949","ea":"9949","pea":" 100,00","ena":"0","pena":"   0,00","esi":"9949","pesi":" 100,00","esni":"0","pesni":"   0,00","c":"7134","pc":"  71,71","a":"2815","pa":"  28,29","vscv":"0","vnom":"6524","vl":"340","pvnom":"  95,05","pvl":"   4,95","vvc":"6864","pvvc":"  96,22","vb":"76","pvb":"   1,06","tvn":"194","ptvn":"   2,72","vn":"194","pvn":" 100,00","vnt":"0","pvnt":"   0,00","vp":"0","pvp":"   0,00","vv":"6864","pvv":" 100,00","van":"0","pvan":"   0,00","vansj":"0","pvansj":"   0,00","tv":"7134","cand":[{"seq":"1","sqcand":"220000935678","n":"25123","nm":"JOEL VENUTTI","cc":"DEM","nv":" ","e":"s","st":"Eleito","dvt":"V\u00e1lido","vap":"332","pvap":"   4,84"},{"seq":"74","sqcand":"220001189117","n":"40480","nm":"RENATA MARKS","cc":"PSB","nv":" ","e":"n","st":"N\u00e3o eleito","dvt":"V\u00e1lido","vap":"10","pvap":"   0,15"},{"seq":"40","sqcand":"220001069456","n":"15100","nm":"VIVIAN MIOTO","cc":"MDB","nv":" ","e":"n","st":"Suplente","dvt":"V\u00e1lido","vap":"31","pvap":"   0,45"},{"seq":"10","sqcand":"220001134175","n":"51130","nm":"WAGUINHO DA 30","cc":"PATRIOTA","nv":" ","e":"n","st":"Suplente","dvt":"V\u00e1lido","vap":"212","pvap":"   3,09"},{"seq":"58","sqcand":"220001137197","n":"43043","nm":"ESCRITOR JACSON","cc":"PV","nv":" ","e":"n","st":"N\u00e3o eleito","dvt":"V\u00e1lido","vap":"46","pvap":"   0,67"},{"seq":"9","sqcand":"220000882395","n":"45045","nm":"THONATAN LIBARDE","cc":"PSDB","nv":" ","e":"s","st":"Eleito","dvt":"V\u00e1lido","vap":"178","pvap":"   2,59"},{"seq":"38","sqcand":"220000882388","n":"45645","nm":"DETE DO POSTINHO","cc":"PSDB","nv":" ","e":"n","st":"Suplente","dvt":"V\u00e1lido","vap":"32","pvap":"   0,47"},{"seq":"72","sqcand":"220001189121","n":"40401","nm":"GESSI DO ALGODAO DOCE","cc":"PSB","nv":" ","e":"n","st":"N\u00e3o eleito","dvt":"V\u00e1lido","vap":"11","pvap":"   0,16"},{"seq":"84","sqcand":"220001137198","n":"43155","nm":"BETINHO DA SA\u00daDE","cc":"PV","nv":" ","e":"n","st":"N\u00e3o eleito","dvt":"V\u00e1lido","vap":"3","pvap":"   0,04"},{"seq":"31","sqcand":"220000935676","n":"25007","nm":"VANDERLEY DO B3","cc":"DEM","nv":" ","e":"n","st":"Suplente","dvt":"V\u00e1lido","vap":"63","pvap":"   0,92"},{"seq":"81","sqcand":"220001137194","n":"43765","nm":"MARIA RODRIGUES","cc":"PV","nv":" ","e":"n","st":"N\u00e3o eleito","dvt":"V\u00e1lido","vap":"4","pvap":"   0,06"},{"seq":"36","sqcand":"220000882387","n":"45777","nm":"SIDINEY GABRIEL","cc":"PSDB","nv":" ","e":"n","st":"Suplente","dvt":"V\u00e1lido","vap":"37","pvap":"   0,54"},{"seq":"59","sqcand":"220001189113","n":"40171","nm":"DERLEI MECANICO","cc":"PSB","nv":" ","e":"n","st":"N\u00e3o eleito","dvt":"V\u00e1lido","vap":"45","pvap":"   0,66"},{"seq":"68","sqcand":"220001189115","n":"40800","nm":"ERECE TAMANINI","cc":"PSB","nv":" ","e":"n","st":"N\u00e3o eleito","dvt":"V\u00e1lido","vap":"17","pvap":"   0,25"},{"seq":"34","sqcand":"220000882394","n":"45555","nm":"ROBERTO JAPONES","cc":"PSDB","nv":" ","e":"n","st":"Suplente","dvt":"V\u00e1lido","vap":"47","pvap":"   0,68"},{"seq":"19","sqcand":"220001134183","n":"51234","nm":"ANA CLEIA","cc":"PATRIOTA","nv":" ","e":"n","st":"Suplente","dvt":"V\u00e1lido","vap":"145","pvap":"   2,11"},{"seq":"26","sqcand":"220001134185","n":"51555","nm":"ESMAIR TOP MONSTER","cc":"PATRIOTA","nv":" ","e":"n","st":"Suplente","dvt":"V\u00e1lido","vap":"92","pvap":"   1,34"},{"seq":"44","sqcand":"220001067350","n":"55456","nm":"MARIZA DA 52","cc":"PSD","nv":" ","e":"n","st":"Suplente","dvt":"V\u00e1lido","vap":"21","pvap":"   0,31"},{"seq":"42","sqcand":"220000882393","n":"45000","nm":"GISCELIA DO 27","cc":"PSDB","nv":" ","e":"n","st":"Suplente","dvt":"V\u00e1lido","vap":"25","pvap":"   0,36"},{"seq":"53","sqcand":"220001189122","n":"40421","nm":"PASTOR SERGIO","cc":"PSB","nv":" ","e":"n","st":"N\u00e3o eleito","dvt":"V\u00e1lido","vap":"74","pvap":"   1,08"},{"seq":"4","sqcand":"220001134182","n":"51111","nm":"PAULINHO MOTORISTA","cc":"PATRIOTA","nv":" ","e":"s","st":"Eleito","dvt":"V\u00e1lido","vap":"266","pvap":"   3,88"},{"seq":"43","sqcand":"220000935670","n":"25032","nm":"JOAO DO TAXI","cc":"DEM","nv":" ","e":"n","st":"Suplente","dvt":"V\u00e1lido","vap":"24","pvap":"   0,35"},{"seq":"49","sqcand":"220000882391","n":"45240","nm":"FOGUINHO","cc":"PSDB","nv":" ","e":"n","st":"Suplente","dvt":"V\u00e1lido","vap":"8","pvap":"   0,12"},{"seq":"2","sqcand":"220000935673","n":"25678","nm":"PEDR\u00c3O CABELEIREIRO","cc":"DEM","nv":" ","e":"s","st":"Eleito","dvt":"V\u00e1lido","vap":"289","pvap":"   4,21"},{"seq":"83","sqcand":"220001137190","n":"43200","nm":"REINALDO DA CINQUENTA","cc":"PV","nv":" ","e":"n","st":"N\u00e3o eleito","dvt":"V\u00e1lido","vap":"4","pvap":"   0,06"},{"seq":"80","sqcand":"220001189118","n":"40033","nm":"VAGNER SEGURAN\u00c7A","cc":"PSB","nv":" ","e":"n","st":"N\u00e3o eleito","dvt":"V\u00e1lido","vap":"5","pvap":"   0,07"},{"seq":"66","sqcand":"220001189110","n":"40123","nm":"ANTONIO DO PICOLE","cc":"PSB","nv":" ","e":"n","st":"N\u00e3o eleito","dvt":"V\u00e1lido","vap":"19","pvap":"   0,28"},{"seq":"23","sqcand":"220000935671","n":"25510","nm":"EVERALDO MEDEIROS","cc":"DEM","nv":" ","e":"n","st":"Suplente","dvt":"V\u00e1lido","vap":"120","pvap":"   1,75"},{"seq":"45","sqcand":"220001067355","n":"55222","nm":"ELCIMAR R\u00c9DOA","cc":"PSD","nv":" ","e":"n","st":"Suplente","dvt":"V\u00e1lido","vap":"21","pvap":"   0,31"},{"seq":"14","sqcand":"220001069458","n":"15125","nm":"MARC\u00c3O DA VINTE E CINCO","cc":"MDB","nv":" ","e":"n","st":"Suplente","dvt":"V\u00e1lido","vap":"182","pvap":"   2,65"},{"seq":"28","sqcand":"220001067354","n":"55500","nm":"RAIMUNDO MACHO","cc":"PSD","nv":" ","e":"n","st":"Suplente","dvt":"V\u00e1lido","vap":"83","pvap":"   1,21"},{"seq":"5","sqcand":"220001134174","n":"51222","nm":"ANTONIO DA MASSANGANA","cc":"PATRIOTA","nv":" ","e":"s","st":"Eleito","dvt":"V\u00e1lido","vap":"230","pvap":"   3,35"},{"seq":"35","sqcand":"220001134180","n":"51051","nm":"KELLI GOMES","cc":"PATRIOTA","nv":" ","e":"n","st":"Suplente","dvt":"V\u00e1lido","vap":"44","pvap":"   0,64"},{"seq":"32","sqcand":"220001134184","n":"51511","nm":"LUCIANO CALCINHA","cc":"PATRIOTA","nv":" ","e":"n","st":"Suplente","dvt":"V\u00e1lido","vap":"61","pvap":"   0,89"},{"seq":"71","sqcand":"220001189112","n":"40640","nm":"FORMIG\u00c3O","cc":"PSB","nv":" ","e":"n","st":"N\u00e3o eleito","dvt":"V\u00e1lido","vap":"12","pvap":"   0,17"},{"seq":"76","sqcand":"220001137191","n":"43111","nm":"ELOIR","cc":"PV","nv":" ","e":"n","st":"N\u00e3o eleito","dvt":"V\u00e1lido","vap":"9","pvap":"   0,13"},{"seq":"22","sqcand":"220001069461","n":"15222","nm":"MANOEL DO BODE","cc":"MDB","nv":" ","e":"n","st":"Suplente","dvt":"V\u00e1lido","vap":"124","pvap":"   1,81"},{"seq":"46","sqcand":"220000882390","n":"45123","nm":"VANINHA","cc":"PSDB","nv":" ","e":"n","st":"Suplente","dvt":"V\u00e1lido","vap":"16","pvap":"   0,23"},{"seq":"67","sqcand":"220001137193","n":"43333","nm":"AGEU","cc":"PV","nv":" ","e":"n","st":"N\u00e3o eleito","dvt":"V\u00e1lido","vap":"19","pvap":"   0,28"},{"seq":"37","sqcand":"220001067351","n":"55123","nm":"IVANILDO CAROLA","cc":"PSD","nv":" ","e":"n","st":"Suplente","dvt":"V\u00e1lido","vap":"35","pvap":"   0,51"},{"seq":"29","sqcand":"220000935669","n":"25005","nm":"LEILA SPADETTO","cc":"DEM","nv":" ","e":"n","st":"Suplente","dvt":"V\u00e1lido","vap":"72","pvap":"   1,05"},{"seq":"41","sqcand":"220001069452","n":"15555","nm":"MARIA ALVES","cc":"MDB","nv":" ","e":"n","st":"Suplente","dvt":"V\u00e1lido","vap":"25","pvap":"   0,36"},{"seq":"7","sqcand":"220001067356","n":"55125","nm":"JOAB ALVES","cc":"PSD","nv":" ","e":"s","st":"Eleito","dvt":"V\u00e1lido","vap":"219","pvap":"   3,19"},{"seq":"25","sqcand":"220001134176","n":"51421","nm":"FABIO CHAROLA","cc":"PATRIOTA","nv":" ","e":"n","st":"Suplente","dvt":"V\u00e1lido","vap":"100","pvap":"   1,46"},{"seq":"17","sqcand":"220000882389","n":"45500","nm":"JOSE DILSON","cc":"PSDB","nv":" ","e":"n","st":"Suplente","dvt":"V\u00e1lido","vap":"154","pvap":"   2,24"},{"seq":"12","sqcand":"220001134173","n":"51000","nm":"GERALDO DO MONTE NEGRO","cc":"PATRIOTA","nv":" ","e":"n","st":"Suplente","dvt":"V\u00e1lido","vap":"190","pvap":"   2,77"},{"seq":"62","sqcand":"220001189114","n":"40000","nm":"ROBERTO PARANA","cc":"PSB","nv":" ","e":"n","st":"N\u00e3o eleito","dvt":"V\u00e1lido","vap":"31","pvap":"   0,45"},{"seq":"16","sqcand":"220001069460","n":"15338","nm":"MAXIXI DA DIOGO PESCA","cc":"MDB","nv":" ","e":"n","st":"Suplente","dvt":"V\u00e1lido","vap":"170","pvap":"   2,48"},{"seq":"48","sqcand":"220000935672","n":"25500","nm":"HELIA MARQUES","cc":"DEM","nv":" ","e":"n","st":"Suplente","dvt":"V\u00e1lido","vap":"13","pvap":"   0,19"},{"seq":"73","sqcand":"220001189116","n":"40107","nm":"NESIMAR OLIVEIRA MATEUS","cc":"PSB","nv":" ","e":"n","st":"N\u00e3o eleito","dvt":"V\u00e1lido","vap":"11","pvap":"   0,16"},{"seq":"69","sqcand":"220001189119","n":"40610","nm":"VIVIANE ANJOS","cc":"PSB","nv":" ","e":"n","st":"N\u00e3o eleito","dvt":"V\u00e1lido","vap":"16","pvap":"   0,23"},{"seq":"54","sqcand":"220001189109","n":"40456","nm":"DEVALDIR","cc":"PSB","nv":" ","e":"n","st":"N\u00e3o eleito","dvt":"V\u00e1lido","vap":"70","pvap":"   1,02"},{"seq":"55","sqcand":"220000653318","n":"10234","nm":"EMILCE DO PINGA","cc":"REPUBLICANOS","nv":" ","e":"n","st":"N\u00e3o eleito","dvt":"V\u00e1lido","vap":"70","pvap":"   1,02"},{"seq":"51","sqcand":"220001069459","n":"15111","nm":"GENI EUGENIO","cc":"MDB","nv":" ","e":"n","st":"Suplente","dvt":"V\u00e1lido","vap":"6","pvap":"   0,09"},{"seq":"6","sqcand":"220001067352","n":"55777","nm":"MARLI BRUNO","cc":"PSD","nv":" ","e":"s","st":"Eleito","dvt":"V\u00e1lido","vap":"225","pvap":"   3,28"},{"seq":"27","sqcand":"220001069457","n":"15123","nm":"NEGUINHO DA DONA CICERA","cc":"MDB","nv":" ","e":"n","st":"Suplente","dvt":"V\u00e1lido","vap":"84","pvap":"   1,22"},{"seq":"13","sqcand":"220001067353","n":"55000","nm":"PROFESSORA GILIANE","cc":"PSD","nv":" ","e":"n","st":"Suplente","dvt":"V\u00e1lido","vap":"188","pvap":"   2,74"},{"seq":"20","sqcand":"220001134178","n":"51444","nm":"RAFAEL DA INFORM\u00c1TICA","cc":"PATRIOTA","nv":" ","e":"n","st":"Suplente","dvt":"V\u00e1lido","vap":"134","pvap":"   1,95"},{"seq":"8","sqcand":"220001069455","n":"15500","nm":"DENIVALDO","cc":"MDB","nv":" ","e":"s","st":"Eleito","dvt":"V\u00e1lido","vap":"199","pvap":"   2,90"},{"seq":"33","sqcand":"220001134177","n":"51033","nm":"DANIELA CALDATO","cc":"PATRIOTA","nv":" ","e":"n","st":"Suplente","dvt":"V\u00e1lido","vap":"50","pvap":"   0,73"},{"seq":"60","sqcand":"220000653319","n":"10123","nm":"CARINA PAULO","cc":"REPUBLICANOS","nv":" ","e":"n","st":"N\u00e3o eleito","dvt":"V\u00e1lido","vap":"38","pvap":"   0,55"},{"seq":"61","sqcand":"220001137189","n":"43133","nm":"DORVAL DA QUARENTA E SEIS","cc":"PV","nv":" ","e":"n","st":"N\u00e3o eleito","dvt":"V\u00e1lido","vap":"35","pvap":"   0,51"},{"seq":"3","sqcand":"220001134181","n":"51020","nm":"VANDO RONCONI","cc":"PATRIOTA","nv":" ","e":"s","st":"Eleito","dvt":"V\u00e1lido","vap":"289","pvap":"   4,21"},{"seq":"21","sqcand":"220000935675","n":"25234","nm":"Z\u00c9 CARLOS","cc":"DEM","nv":" ","e":"n","st":"Suplente","dvt":"V\u00e1lido","vap":"125","pvap":"   1,82"},{"seq":"50","sqcand":"220001134179","n":"51999","nm":"DRA JULIANA","cc":"PATRIOTA","nv":" ","e":"n","st":"Suplente","dvt":"V\u00e1lido","vap":"8","pvap":"   0,12"},{"seq":"24","sqcand":"220001069454","n":"15614","nm":"JACAR\u00c9","cc":"MDB","nv":" ","e":"n","st":"Suplente","dvt":"V\u00e1lido","vap":"117","pvap":"   1,70"},{"seq":"63","sqcand":"220001137196","n":"43180","nm":"MAGNO CAETANO","cc":"PV","nv":" ","e":"n","st":"N\u00e3o eleito","dvt":"V\u00e1lido","vap":"29","pvap":"   0,42"},{"seq":"75","sqcand":"220000653321","n":"10200","nm":"JAILTON","cc":"REPUBLICANOS","nv":" ","e":"n","st":"N\u00e3o eleito","dvt":"V\u00e1lido","vap":"10","pvap":"   0,15"},{"seq":"11","sqcand":"220001067349","n":"55555","nm":"BATOR\u00c9","cc":"PSD","nv":" ","e":"n","st":"Suplente","dvt":"V\u00e1lido","vap":"206","pvap":"   3,00"},{"seq":"64","sqcand":"220000653323","n":"10100","nm":"ELISEU","cc":"REPUBLICANOS","nv":" ","e":"n","st":"N\u00e3o eleito","dvt":"V\u00e1lido","vap":"22","pvap":"   0,32"},{"seq":"52","sqcand":"220000882396","n":"45421","nm":"BET\u00c3O","cc":"PSDB","nv":" ","e":"n","st":"Suplente","dvt":"V\u00e1lido","vap":"6","pvap":"   0,09"},{"seq":"47","sqcand":"220001264339","n":"25015","nm":"PAULA FILHA DO LAU","cc":"DEM","nv":" ","e":"n","st":"Suplente","dvt":"V\u00e1lido","vap":"15","pvap":"   0,22"},{"seq":"15","sqcand":"220000935674","n":"25345","nm":"ANGELO DA HOMEOPATIA","cc":"DEM","nv":" ","e":"n","st":"Suplente","dvt":"V\u00e1lido","vap":"180","pvap":"   2,62"},{"seq":"56","sqcand":"220001189120","n":"40100","nm":"ENFERMEIRA CLAUDETE","cc":"PSB","nv":" ","e":"n","st":"N\u00e3o eleito","dvt":"V\u00e1lido","vap":"62","pvap":"   0,90"},{"seq":"30","sqcand":"220000882392","n":"45650","nm":"Z\u00c9 RAUL","cc":"PSDB","nv":" ","e":"n","st":"Suplente","dvt":"V\u00e1lido","vap":"67","pvap":"   0,98"},{"seq":"57","sqcand":"220001137188","n":"43456","nm":"EDIVALDO CANDIDO","cc":"PV","nv":" ","e":"n","st":"N\u00e3o eleito","dvt":"V\u00e1lido","vap":"50","pvap":"   0,73"},{"seq":"39","sqcand":"220001067357","n":"55100","nm":"ARREPIADO","cc":"PSD","nv":" ","e":"n","st":"Suplente","dvt":"V\u00e1lido","vap":"32","pvap":"   0,47"},{"seq":"77","sqcand":"220000653322","n":"10775","nm":"PRETO","cc":"REPUBLICANOS","nv":" ","e":"n","st":"N\u00e3o eleito","dvt":"V\u00e1lido","vap":"8","pvap":"   0,12"},{"seq":"78","sqcand":"220001137192","n":"43143","nm":"MATHEUS HENRIQUE","cc":"PV","nv":" ","e":"n","st":"N\u00e3o eleito","dvt":"V\u00e1lido","vap":"7","pvap":"   0,10"},{"seq":"82","sqcand":"220001266314","n":"43321","nm":"SINEY MARQUES","cc":"PV","nv":" ","e":"n","st":"N\u00e3o eleito","dvt":"V\u00e1lido","vap":"4","pvap":"   0,06"},{"seq":"65","sqcand":"220001189111","n":"40500","nm":"GAREL DO SAL\u00c3O","cc":"PSB","nv":" ","e":"n","st":"N\u00e3o eleito","dvt":"V\u00e1lido","vap":"20","pvap":"   0,29"},{"seq":"18","sqcand":"220001069453","n":"15678","nm":"RAILDO","cc":"MDB","nv":" ","e":"n","st":"Suplente","dvt":"V\u00e1lido","vap":"152","pvap":"   2,21"},{"seq":"70","sqcand":"220000653320","n":"10190","nm":"MARQUINHO","cc":"REPUBLICANOS","nv":" ","e":"n","st":"N\u00e3o eleito","dvt":"V\u00e1lido","vap":"13","pvap":"   0,19"},{"seq":"79","sqcand":"220001137199","n":"43123","nm":"CLAUDIA SEIXAS","cc":"PV","nv":" ","e":"n","st":"N\u00e3o eleito","dvt":"V\u00e1lido","vap":"6","pvap":"   0,09"}]}
