{"ele":"426","tpabr":"mu","cdabr":"00728","carper":"13","t":"1","f":"o","dt":"15/11/2020","ht":"21:08:08","dv":"s","tf":"s","v":"9","esae":"n","mnae":"","s":"8","st":"8","pst":" 100,00","snt":"0","psnt":"   0,00","si":"8","psi":" 100,00","sni":"0","psni":"   0,00","sa":"8","psa":" 100,00","sna":"0","psna":"   0,00","e":"2803","ea":"2803","pea":" 100,00","ena":"0","pena":"   0,00","esi":"2803","pesi":" 100,00","esni":"0","pesni":"   0,00","c":"2216","pc":"  79,06","a":"587","pa":"  20,94","vscv":"0","vnom":"2031","vl":"107","pvnom":"  95,00","pvl":"   5,00","vvc":"2138","pvvc":"  96,48","vb":"27","pvb":"   1,22","tvn":"51","ptvn":"   2,30","vn":"51","pvn":" 100,00","vnt":"0","pvnt":"   0,00","vp":"0","pvp":"   0,00","vv":"2138","pvv":" 100,00","van":"0","pvan":"   0,00","vansj":"0","pvansj":"   0,00","tv":"2216","cand":[{"seq":"1","sqcand":"220000851669","n":"10444","nm":"ELIAS RIBEIRO","cc":"REPUBLICANOS","nv":" ","e":"s","st":"Eleito","dvt":"V\u00e1lido","vap":"186","pvap":"   8,70"},{"seq":"20","sqcand":"220000927928","n":"55000","nm":"ELAINE DA QUER\u00caNCIA","cc":"PSD","nv":" ","e":"n","st":"Suplente","dvt":"V\u00e1lido","vap":"25","pvap":"   1,17"},{"seq":"26","sqcand":"220001268293","n":"11777","nm":"SIRLANE MEIRA","cc":"PP","nv":" ","e":"n","st":"Suplente","dvt":"V\u00e1lido","vap":"10","pvap":"   0,47"},{"seq":"15","sqcand":"220000927933","n":"55777","nm":"HELENA DO SAL\u00c3O","cc":"PSD","nv":" ","e":"n","st":"Suplente","dvt":"V\u00e1lido","vap":"60","pvap":"   2,81"},{"seq":"23","sqcand":"220000851664","n":"10000","nm":"KELY CRIVELLI","cc":"REPUBLICANOS","nv":" ","e":"n","st":"Suplente","dvt":"V\u00e1lido","vap":"21","pvap":"   0,98"},{"seq":"9","sqcand":"220000927927","n":"55222","nm":"VAILTON FERREIRA","cc":"PSD","nv":" ","e":"s","st":"Eleito","dvt":"V\u00e1lido","vap":"69","pvap":"   3,23"},{"seq":"29","sqcand":"220000852043","n":"12312","nm":"CIRLENE TEREZINHA DE JESUS","cc":"PDT","nv":" ","e":"n","st":"N\u00e3o eleito","dvt":"V\u00e1lido","vap":"63","pvap":"   2,95"},{"seq":"11","sqcand":"220000851917","n":"11112","nm":"NATAN DO ONIBUS","cc":"PP","nv":" ","e":"n","st":"Suplente","dvt":"V\u00e1lido","vap":"70","pvap":"   3,27"},{"seq":"6","sqcand":"220000851918","n":"11000","nm":"CRISTOVAO LOUREN\u00c7O","cc":"PP","nv":" ","e":"s","st":"Eleito","dvt":"V\u00e1lido","vap":"105","pvap":"   4,91"},{"seq":"31","sqcand":"220000852042","n":"12222","nm":"TUTA DA QUERENCIA","cc":"PDT","nv":" ","e":"n","st":"N\u00e3o eleito","dvt":"V\u00e1lido","vap":"46","pvap":"   2,15"},{"seq":"13","sqcand":"220000851922","n":"11111","nm":"JO\u00c3O LUIZ","cc":"PP","nv":" ","e":"n","st":"Suplente","dvt":"V\u00e1lido","vap":"64","pvap":"   2,99"},{"seq":"32","sqcand":"220000852044","n":"12000","nm":"REGINALDO OLIVEIRA ROMAO","cc":"PDT","nv":" ","e":"n","st":"N\u00e3o eleito","dvt":"V\u00e1lido","vap":"15","pvap":"   0,70"},{"seq":"17","sqcand":"220000927930","n":"55333","nm":"DANIEL COR\u00c1","cc":"PSD","nv":" ","e":"n","st":"Suplente","dvt":"V\u00e1lido","vap":"56","pvap":"   2,62"},{"seq":"12","sqcand":"220000927924","n":"55555","nm":"RUBINHO DO SAL\u00c3O","cc":"PSD","nv":" ","e":"n","st":"Suplente","dvt":"V\u00e1lido","vap":"67","pvap":"   3,13"},{"seq":"8","sqcand":"220000851667","n":"10111","nm":"DIEGO COUTINHO","cc":"REPUBLICANOS","nv":" ","e":"s","st":"Eleito","dvt":"V\u00e1lido","vap":"88","pvap":"   4,12"},{"seq":"14","sqcand":"220000851663","n":"10333","nm":"MIR\u00c3O","cc":"REPUBLICANOS","nv":" ","e":"n","st":"Suplente","dvt":"V\u00e1lido","vap":"63","pvap":"   2,95"},{"seq":"24","sqcand":"220000927929","n":"55123","nm":"FREDERICO NELS\u00c3O","cc":"PSD","nv":" ","e":"n","st":"Suplente","dvt":"V\u00e1lido","vap":"12","pvap":"   0,56"},{"seq":"25","sqcand":"220000927925","n":"55888","nm":"PROFESSORA ROSIMEIRE","cc":"PSD","nv":" ","e":"n","st":"Suplente","dvt":"V\u00e1lido","vap":"11","pvap":"   0,51"},{"seq":"7","sqcand":"220000927926","n":"55678","nm":"WALTER PRETO","cc":"PSD","nv":" ","e":"s","st":"Eleito","dvt":"V\u00e1lido","vap":"103","pvap":"   4,82"},{"seq":"28","sqcand":"220000851671","n":"10141","nm":"FRANCIELE GOMES","cc":"REPUBLICANOS","nv":" ","e":"n","st":"Suplente","dvt":"V\u00e1lido","vap":"5","pvap":"   0,23"},{"seq":"22","sqcand":"220000851670","n":"10888","nm":"GLAUCIMEIRE VENTURIN","cc":"REPUBLICANOS","nv":" ","e":"n","st":"Suplente","dvt":"V\u00e1lido","vap":"22","pvap":"   1,03"},{"seq":"4","sqcand":"220000927932","n":"55612","nm":"PROFESSOR ROBSON","cc":"PSD","nv":" ","e":"s","st":"Eleito","dvt":"V\u00e1lido","vap":"123","pvap":"   5,75"},{"seq":"18","sqcand":"220000851914","n":"11123","nm":"NILZA MISS","cc":"PP","nv":" ","e":"n","st":"Suplente","dvt":"V\u00e1lido","vap":"43","pvap":"   2,01"},{"seq":"3","sqcand":"220000851668","n":"10123","nm":"LUCAS NUNES","cc":"REPUBLICANOS","nv":" ","e":"s","st":"Eleito","dvt":"V\u00e1lido","vap":"161","pvap":"   7,53"},{"seq":"19","sqcand":"220000851916","n":"11555","nm":"NILSON DA QUERENCIA","cc":"PP","nv":" ","e":"n","st":"Suplente","dvt":"V\u00e1lido","vap":"31","pvap":"   1,45"},{"seq":"2","sqcand":"220000851666","n":"10555","nm":"PROFESSOR FABIO","cc":"REPUBLICANOS","nv":" ","e":"s","st":"Eleito","dvt":"V\u00e1lido","vap":"182","pvap":"   8,51"},{"seq":"5","sqcand":"220000851921","n":"11122","nm":"PAUL\u00c3O DA P DOIS","cc":"PP","nv":" ","e":"s","st":"Eleito","dvt":"V\u00e1lido","vap":"117","pvap":"   5,47"},{"seq":"21","sqcand":"220000851665","n":"10222","nm":"ZE BEDEU","cc":"REPUBLICANOS","nv":" ","e":"n","st":"Suplente","dvt":"V\u00e1lido","vap":"24","pvap":"   1,12"},{"seq":"27","sqcand":"220000851915","n":"11140","nm":"ROSANA SANTOS","cc":"PP","nv":" ","e":"n","st":"Suplente","dvt":"V\u00e1lido","vap":"9","pvap":"   0,42"},{"seq":"16","sqcand":"220000927931","n":"55038","nm":"DIONE BERTACCO","cc":"PSD","nv":" ","e":"n","st":"Suplente","dvt":"V\u00e1lido","vap":"58","pvap":"   2,71"},{"seq":"10","sqcand":"220000851920","n":"11222","nm":"ROGERIO DO CONSELHO","cc":"PP","nv":" ","e":"n","st":"Suplente","dvt":"V\u00e1lido","vap":"76","pvap":"   3,55"},{"seq":"30","sqcand":"220000852041","n":"12345","nm":"GENEVALDO GOIANO","cc":"PDT","nv":" ","e":"n","st":"N\u00e3o eleito","dvt":"V\u00e1lido","vap":"46","pvap":"   2,15"}]}
