{"ele":"426","tpabr":"mu","cdabr":"00787","carper":"13","t":"1","f":"o","dt":"15/11/2020","ht":"21:07:15","dv":"s","tf":"s","v":"9","esae":"n","mnae":"","s":"5","st":"5","pst":" 100,00","snt":"0","psnt":"   0,00","si":"5","psi":" 100,00","sni":"0","psni":"   0,00","sa":"5","psa":" 100,00","sna":"0","psna":"   0,00","e":"1944","ea":"1944","pea":" 100,00","ena":"0","pena":"   0,00","esi":"1944","pesi":" 100,00","esni":"0","pesni":"   0,00","c":"1642","pc":"  84,47","a":"302","pa":"  15,53","vscv":"0","vnom":"1558","vl":"54","pvnom":"  96,65","pvl":"   3,35","vvc":"1612","pvvc":"  98,17","vb":"6","pvb":"   0,37","tvn":"24","ptvn":"   1,46","vn":"24","pvn":" 100,00","vnt":"0","pvnt":"   0,00","vp":"0","pvp":"   0,00","vv":"1612","pvv":" 100,00","van":"0","pvan":"   0,00","vansj":"0","pvansj":"   0,00","tv":"1642","cand":[{"seq":"9","sqcand":"220001199502","n":"25678","nm":"PROFESSORA IRENE","cc":"DEM","nv":" ","e":"s","st":"Eleito","dvt":"V\u00e1lido","vap":"44","pvap":"   2,73"},{"seq":"24","sqcand":"220001065838","n":"45370","nm":"NINO QUINT\u00c3O","cc":"PSDB","nv":" ","e":"n","st":"Suplente","dvt":"V\u00e1lido","vap":"24","pvap":"   1,49"},{"seq":"40","sqcand":"220001199008","n":"12013","nm":"MARIA DOS ANJOS","cc":"PDT","nv":" ","e":"n","st":"Suplente","dvt":"V\u00e1lido","vap":"3","pvap":"   0,19"},{"seq":"11","sqcand":"220001065834","n":"45345","nm":"MAEL DA LINHA 10","cc":"PSDB","nv":" ","e":"n","st":"Suplente","dvt":"V\u00e1lido","vap":"52","pvap":"   3,23"},{"seq":"12","sqcand":"220001199018","n":"12100","nm":"RODRIGO DA OFICINA","cc":"PDT","nv":" ","e":"n","st":"Suplente","dvt":"V\u00e1lido","vap":"49","pvap":"   3,04"},{"seq":"22","sqcand":"220001198944","n":"17234","nm":"EDSON BADAR\u00d3","cc":"PSL","nv":" ","e":"n","st":"Suplente","dvt":"V\u00e1lido","vap":"26","pvap":"   1,61"},{"seq":"43","sqcand":"220001065830","n":"43456","nm":"ALNIRA VENDEDORA DE ROUPAS","cc":"PV","nv":" ","e":"n","st":"N\u00e3o eleito","dvt":"V\u00e1lido","vap":"15","pvap":"   0,93"},{"seq":"28","sqcand":"220001199013","n":"12789","nm":"AXHILEY SERRATH","cc":"PDT","nv":" ","e":"n","st":"Suplente","dvt":"V\u00e1lido","vap":"14","pvap":"   0,87"},{"seq":"26","sqcand":"220001198272","n":"11999","nm":"ANTONIA TEXEIRA","cc":"PP","nv":" ","e":"n","st":"Suplente","dvt":"V\u00e1lido","vap":"16","pvap":"   0,99"},{"seq":"16","sqcand":"220001199006","n":"12234","nm":"LUCINHA","cc":"PDT","nv":" ","e":"n","st":"Suplente","dvt":"V\u00e1lido","vap":"32","pvap":"   1,99"},{"seq":"21","sqcand":"220001065836","n":"45456","nm":"GILVANIA BAIANA","cc":"PSDB","nv":" ","e":"n","st":"Suplente","dvt":"V\u00e1lido","vap":"26","pvap":"   1,61"},{"seq":"38","sqcand":"220001198948","n":"17002","nm":"HELITA MEDEIROS","cc":"PSL","nv":" ","e":"n","st":"Suplente","dvt":"V\u00e1lido","vap":"5","pvap":"   0,31"},{"seq":"5","sqcand":"220001198949","n":"17123","nm":"JORGIANO","cc":"PSL","nv":" ","e":"s","st":"Eleito","dvt":"V\u00e1lido","vap":"84","pvap":"   5,21"},{"seq":"29","sqcand":"220001065839","n":"45000","nm":"BUGR\u00c3O","cc":"PSDB","nv":" ","e":"n","st":"Suplente","dvt":"V\u00e1lido","vap":"8","pvap":"   0,50"},{"seq":"19","sqcand":"220001199495","n":"25777","nm":"PROFESSORA FLOR","cc":"DEM","nv":" ","e":"n","st":"Suplente","dvt":"V\u00e1lido","vap":"29","pvap":"   1,80"},{"seq":"15","sqcand":"220001199498","n":"25222","nm":"AMOROSA","cc":"DEM","nv":" ","e":"n","st":"Suplente","dvt":"V\u00e1lido","vap":"34","pvap":"   2,11"},{"seq":"8","sqcand":"220001199012","n":"12369","nm":"CLOVIS LEITEIRO","cc":"PDT","nv":" ","e":"s","st":"Eleito","dvt":"V\u00e1lido","vap":"52","pvap":"   3,23"},{"seq":"27","sqcand":"220001198946","n":"17321","nm":"REGINA","cc":"PSL","nv":" ","e":"n","st":"Suplente","dvt":"V\u00e1lido","vap":"14","pvap":"   0,87"},{"seq":"41","sqcand":"220001065831","n":"43043","nm":"ELINALDO COSTA","cc":"PV","nv":" ","e":"n","st":"N\u00e3o eleito","dvt":"V\u00e1lido","vap":"65","pvap":"   4,03"},{"seq":"30","sqcand":"220001198275","n":"11130","nm":"IZABEL PRIMO","cc":"PP","nv":" ","e":"n","st":"Suplente","dvt":"V\u00e1lido","vap":"6","pvap":"   0,37"},{"seq":"45","sqcand":"220001065829","n":"43555","nm":"RUBENS MORENO","cc":"PV","nv":" ","e":"n","st":"N\u00e3o eleito","dvt":"V\u00e1lido","vap":"5","pvap":"   0,31"},{"seq":"37","sqcand":"220001198943","n":"17000","nm":"JOSE LUCINDO","cc":"PSL","nv":" ","e":"n","st":"Suplente","dvt":"V\u00e1lido","vap":"5","pvap":"   0,31"},{"seq":"14","sqcand":"220001065837","n":"45455","nm":"EUCLIDES MUNIZ","cc":"PSDB","nv":" ","e":"n","st":"Suplente","dvt":"V\u00e1lido","vap":"41","pvap":"   2,54"},{"seq":"3","sqcand":"220001198274","n":"11123","nm":"RAFAEL SOUZA","cc":"PP","nv":" ","e":"s","st":"Eleito","dvt":"V\u00e1lido","vap":"106","pvap":"   6,58"},{"seq":"7","sqcand":"220001065835","n":"45123","nm":"MANOEL RAMOS","cc":"PSDB","nv":" ","e":"s","st":"Eleito","dvt":"V\u00e1lido","vap":"61","pvap":"   3,78"},{"seq":"20","sqcand":"220001199017","n":"12333","nm":"MARIA ESTER","cc":"PDT","nv":" ","e":"n","st":"Suplente","dvt":"V\u00e1lido","vap":"27","pvap":"   1,67"},{"seq":"10","sqcand":"220001198273","n":"11222","nm":"CORIN","cc":"PP","nv":" ","e":"n","st":"Suplente","dvt":"V\u00e1lido","vap":"83","pvap":"   5,15"},{"seq":"34","sqcand":"220001199497","n":"25000","nm":"JONIEL NOGUEIRA","cc":"DEM","nv":" ","e":"n","st":"Suplente","dvt":"V\u00e1lido","vap":"6","pvap":"   0,37"},{"seq":"1","sqcand":"220001199015","n":"12345","nm":"PROFESSOR ARMINDO","cc":"PDT","nv":" ","e":"s","st":"Eleito","dvt":"V\u00e1lido","vap":"142","pvap":"   8,81"},{"seq":"36","sqcand":"220001199500","n":"25666","nm":"DJ SEBASTIAN","cc":"DEM","nv":" ","e":"n","st":"Suplente","dvt":"V\u00e1lido","vap":"5","pvap":"   0,31"},{"seq":"25","sqcand":"220001199014","n":"12222","nm":"RONI DA LINHA 8","cc":"PDT","nv":" ","e":"n","st":"Suplente","dvt":"V\u00e1lido","vap":"19","pvap":"   1,18"},{"seq":"17","sqcand":"220001199494","n":"25111","nm":"FORMIGUINHA","cc":"DEM","nv":" ","e":"n","st":"Suplente","dvt":"V\u00e1lido","vap":"32","pvap":"   1,99"},{"seq":"31","sqcand":"220001065833","n":"45678","nm":"CIDINHA DO MIGUEL","cc":"PSDB","nv":" ","e":"n","st":"Suplente","dvt":"V\u00e1lido","vap":"6","pvap":"   0,37"},{"seq":"6","sqcand":"220001199499","n":"25333","nm":"AMILTON","cc":"DEM","nv":" ","e":"s","st":"Eleito","dvt":"V\u00e1lido","vap":"65","pvap":"   4,03"},{"seq":"33","sqcand":"220001065840","n":"45236","nm":"MARLI DORADO","cc":"PSDB","nv":" ","e":"n","st":"Suplente","dvt":"V\u00e1lido","vap":"6","pvap":"   0,37"},{"seq":"23","sqcand":"220001199011","n":"12321","nm":"JO\u00c3O BRANCO","cc":"PDT","nv":" ","e":"n","st":"Suplente","dvt":"V\u00e1lido","vap":"25","pvap":"   1,55"},{"seq":"18","sqcand":"220001199496","n":"25444","nm":"ISMAEL NEN\u00ca","cc":"DEM","nv":" ","e":"n","st":"Suplente","dvt":"V\u00e1lido","vap":"31","pvap":"   1,92"},{"seq":"42","sqcand":"220001065832","n":"43123","nm":"PROFESSORA DENIZE","cc":"PV","nv":" ","e":"n","st":"N\u00e3o eleito","dvt":"V\u00e1lido","vap":"16","pvap":"   0,99"},{"seq":"4","sqcand":"220001199009","n":"12123","nm":"JESUS REGINALDO","cc":"PDT","nv":" ","e":"s","st":"Eleito","dvt":"V\u00e1lido","vap":"85","pvap":"   5,27"},{"seq":"13","sqcand":"220001198945","n":"17122","nm":"BERNARDINA ROXA","cc":"PSL","nv":" ","e":"n","st":"Suplente","dvt":"V\u00e1lido","vap":"43","pvap":"   2,67"},{"seq":"35","sqcand":"220001199010","n":"12012","nm":"MANOEL TAXISTA","cc":"PDT","nv":" ","e":"n","st":"Suplente","dvt":"V\u00e1lido","vap":"5","pvap":"   0,31"},{"seq":"32","sqcand":"220001199501","n":"25555","nm":"MAYKON DA SA\u00daDE","cc":"DEM","nv":" ","e":"n","st":"Suplente","dvt":"V\u00e1lido","vap":"6","pvap":"   0,37"},{"seq":"44","sqcand":"220001065828","n":"43000","nm":"LUZEMAR LU","cc":"PV","nv":" ","e":"n","st":"N\u00e3o eleito","dvt":"V\u00e1lido","vap":"10","pvap":"   0,62"},{"seq":"2","sqcand":"220001199007","n":"12344","nm":"LUIZ CARLOS","cc":"PDT","nv":" ","e":"s","st":"Eleito","dvt":"V\u00e1lido","vap":"125","pvap":"   7,75"},{"seq":"39","sqcand":"220001198947","n":"17666","nm":"LYGIA PIOVEZAN","cc":"PSL","nv":" ","e":"n","st":"Suplente","dvt":"V\u00e1lido","vap":"5","pvap":"   0,31"}]}
