{"ele":"426","tpabr":"mu","cdabr":"00795","carper":"13","t":"1","f":"o","dt":"15/11/2020","ht":"21:17:38","dv":"s","tf":"s","v":"11","esae":"n","mnae":"","s":"34","st":"34","pst":" 100,00","snt":"0","psnt":"   0,00","si":"34","psi":" 100,00","sni":"0","psni":"   0,00","sa":"34","psa":" 100,00","sna":"0","psna":"   0,00","e":"12248","ea":"12248","pea":" 100,00","ena":"0","pena":"   0,00","esi":"12248","pesi":" 100,00","esni":"0","pesni":"   0,00","c":"9342","pc":"  76,27","a":"2906","pa":"  23,73","vscv":"0","vnom":"8424","vl":"468","pvnom":"  94,74","pvl":"   5,26","vvc":"8967","pvvc":"  95,99","vb":"166","pvb":"   1,77","tvn":"209","ptvn":"   2,24","vn":"209","pvn":" 100,00","vnt":"0","pvnt":"   0,00","vp":"0","pvp":"   0,00","vv":"8892","pvv":"  99,16","van":"0","pvan":"   0,00","vansj":"75","pvansj":"   0,84","tv":"9342","cand":[{"seq":"76","sqcand":"220000926719","n":"12222","nm":"ALBANIZA","cc":"PDT","nv":" ","e":"n","st":"Suplente","dvt":"V\u00e1lido","vap":"9","pvap":"   0,10"},{"seq":"31","sqcand":"220000655943","n":"25200","nm":"LUIZ\u00c2O","cc":"DEM","nv":" ","e":"n","st":"Suplente","dvt":"V\u00e1lido","vap":"90","pvap":"   1,00"},{"seq":"66","sqcand":"220000655949","n":"43444","nm":"JANI DA DONA VIRGINIA","cc":"PV","nv":" ","e":"n","st":"Suplente","dvt":"V\u00e1lido","vap":"14","pvap":"   0,16"},{"seq":"88","sqcand":"220000651096","n":"13123","nm":"VALMIR ET","cc":"PT","nv":" ","e":"n","st":"N\u00e3o eleito","dvt":"V\u00e1lido","vap":"81","pvap":"   0,90"},{"seq":"47","sqcand":"220000655936","n":"25025","nm":"EUZILENE FRITZ","cc":"DEM","nv":" ","e":"n","st":"Suplente","dvt":"V\u00e1lido","vap":"36","pvap":"   0,40"},{"seq":"70","sqcand":"220001115310","n":"40888","nm":"LUH COSTA CANTORA","cc":"PSB","nv":" ","e":"n","st":"Suplente","dvt":"V\u00e1lido","vap":"13","pvap":"   0,14"},{"seq":"65","sqcand":"220000775783","n":"77429","nm":"DONIZETE DA ELETRONICA","cc":"SOLIDARIEDADE","nv":" ","e":"n","st":"Suplente","dvt":"V\u00e1lido","vap":"14","pvap":"   0,16"},{"seq":"30","sqcand":"220000655950","n":"43456","nm":"Z\u00c9 ESTEV\u00c3O","cc":"PV","nv":" ","e":"n","st":"Suplente","dvt":"V\u00e1lido","vap":"94","pvap":"   1,05"},{"seq":"71","sqcand":"220001115306","n":"40333","nm":"ANDRESSA CORDEIRO","cc":"PSB","nv":" ","e":"n","st":"Suplente","dvt":"V\u00e1lido","vap":"12","pvap":"   0,13"},{"seq":"42","sqcand":"220000926709","n":"12000","nm":"DRA. CRISTIANE","cc":"PDT","nv":" ","e":"n","st":"Suplente","dvt":"V\u00e1lido","vap":"45","pvap":"   0,50"},{"seq":"2","sqcand":"220000651089","n":"15429","nm":"OZIAS","cc":"MDB","nv":" ","e":"s","st":"Eleito","dvt":"V\u00e1lido","vap":"378","pvap":"   4,22"},{"seq":"67","sqcand":"220000926713","n":"12226","nm":"MARIA IN\u00c1CIO","cc":"PDT","nv":" ","e":"n","st":"Suplente","dvt":"V\u00e1lido","vap":"14","pvap":"   0,16"},{"seq":"12","sqcand":"220000979270","n":"55555","nm":"SAROBA","cc":"PSD","nv":" ","e":"n","st":"Suplente","dvt":"V\u00e1lido","vap":"271","pvap":"   3,02"},{"seq":"46","sqcand":"220000651086","n":"15555","nm":"SARGENTO SIQUEIRA","cc":"MDB","nv":" ","e":"n","st":"Suplente","dvt":"V\u00e1lido","vap":"39","pvap":"   0,43"},{"seq":"72","sqcand":"220000775780","n":"77007","nm":"MIRIAN FURTADO CABELEIREIRA","cc":"SOLIDARIEDADE","nv":" ","e":"n","st":"Suplente","dvt":"V\u00e1lido","vap":"11","pvap":"   0,12"},{"seq":"52","sqcand":"220000926716","n":"12342","nm":"BRAULIO DO  PORTO","cc":"PDT","nv":" ","e":"n","st":"Suplente","dvt":"V\u00e1lido","vap":"26","pvap":"   0,29"},{"seq":"87","sqcand":"220000651102","n":"13213","nm":"ROSIANE CHICUTA","cc":"PT","nv":" ","e":"n","st":"N\u00e3o eleito","dvt":"V\u00e1lido","vap":"93","pvap":"   1,04"},{"seq":"14","sqcand":"220000655941","n":"25577","nm":"GELASIO","cc":"DEM","nv":" ","e":"n","st":"Suplente","dvt":"V\u00e1lido","vap":"234","pvap":"   2,61"},{"seq":"73","sqcand":"220001115300","n":"40678","nm":"CRISTIANO DAS ANTENAS","cc":"PSB","nv":" ","e":"n","st":"Suplente","dvt":"V\u00e1lido","vap":"10","pvap":"   0,11"},{"seq":"37","sqcand":"220000926711","n":"12012","nm":"LUCIA","cc":"PDT","nv":" ","e":"n","st":"Suplente","dvt":"V\u00e1lido","vap":"69","pvap":"   0,77"},{"seq":"84","sqcand":"220000926588","n":"77327","nm":"JULIO MENDES","cc":"SOLIDARIEDADE","nv":" ","e":"n","st":"Suplente","dvt":"V\u00e1lido","vap":"5","pvap":"   0,06"},{"seq":"38","sqcand":"220000651085","n":"15500","nm":"JANE COSTA","cc":"MDB","nv":" ","e":"n","st":"Suplente","dvt":"V\u00e1lido","vap":"69","pvap":"   0,77"},{"seq":"55","sqcand":"220000926715","n":"12350","nm":"PENHA","cc":"PDT","nv":" ","e":"n","st":"Suplente","dvt":"V\u00e1lido","vap":"20","pvap":"   0,22"},{"seq":"21","sqcand":"220000651082","n":"15456","nm":"MILTON DE JESUS","cc":"MDB","nv":" ","e":"n","st":"Suplente","dvt":"V\u00e1lido","vap":"152","pvap":"   1,70"},{"seq":"83","sqcand":"220000775785","n":"77111","nm":"LILIANE SILVA","cc":"SOLIDARIEDADE","nv":" ","e":"n","st":"Suplente","dvt":"V\u00e1lido","vap":"5","pvap":"   0,06"},{"seq":"81","sqcand":"220000979269","n":"55456","nm":"ANTONINHA VENDEDORA","cc":"PSD","nv":" ","e":"n","st":"Suplente","dvt":"V\u00e1lido","vap":"5","pvap":"   0,06"},{"seq":"54","sqcand":"220000926706","n":"12300","nm":"JOSU\u00c9","cc":"PDT","nv":" ","e":"n","st":"Suplente","dvt":"V\u00e1lido","vap":"21","pvap":"   0,23"},{"seq":"17","sqcand":"220000655947","n":"43429","nm":"CARLINHOS","cc":"PV","nv":" ","e":"n","st":"Suplente","dvt":"V\u00e1lido","vap":"171","pvap":"   1,91"},{"seq":"59","sqcand":"220000775781","n":"77333","nm":"ANTONIO VIEIRA","cc":"SOLIDARIEDADE","nv":" ","e":"n","st":"Suplente","dvt":"V\u00e1lido","vap":"19","pvap":"   0,21"},{"seq":"94","sqcand":"220001055502","n":"13321","nm":"MARILZA SCHNEIDER","cc":"PT","nv":" ","e":"n","st":"N\u00e3o eleito","dvt":"V\u00e1lido","vap":"7","pvap":"   0,08"},{"seq":"58","sqcand":"220000651088","n":"15015","nm":"PATY BRUTA","cc":"MDB","nv":" ","e":"n","st":"Suplente","dvt":"V\u00e1lido","vap":"20","pvap":"   0,22"},{"seq":"7","sqcand":"220000651092","n":"15123","nm":"CID\u00c3O","cc":"MDB","nv":" ","e":"s","st":"Eleito","dvt":"V\u00e1lido","vap":"290","pvap":"   3,23"},{"seq":"22","sqcand":"220000775784","n":"77500","nm":"AGUINALDO PRUDENCIO","cc":"SOLIDARIEDADE","nv":" ","e":"n","st":"Suplente","dvt":"V\u00e1lido","vap":"137","pvap":"   1,53"},{"seq":"95","sqcand":"220001271531","n":"13313","nm":"CLENILDA COSTUREIRA","cc":"PT","nv":" ","e":"n","st":"N\u00e3o eleito","dvt":"V\u00e1lido","vap":"5","pvap":"   0,06"},{"seq":"3","sqcand":"220000655953","n":"43123","nm":"BRAZ CORREIA","cc":"PV","nv":" ","e":"s","st":"Eleito","dvt":"V\u00e1lido","vap":"375","pvap":"   4,18"},{"seq":"24","sqcand":"220000926714","n":"12345","nm":"JO\u00c3OZINHO DO ABR\u00c3O","cc":"PDT","nv":" ","e":"n","st":"Suplente","dvt":"V\u00e1lido","vap":"117","pvap":"   1,30"},{"seq":"50","sqcand":"220000979277","n":"55007","nm":"TANHA  DA 7","cc":"PSD","nv":" ","e":"n","st":"Suplente","dvt":"V\u00e1lido","vap":"31","pvap":"   0,35"},{"seq":"93","sqcand":"220000651098","n":"13113","nm":"RIBEIRO DA FRUTARIA","cc":"PT","nv":" ","e":"n","st":"N\u00e3o eleito","dvt":"V\u00e1lido","vap":"9","pvap":"   0,10"},{"seq":"20","sqcand":"220000651093","n":"15000","nm":"AGNIELDE FOTOGRAFO","cc":"MDB","nv":" ","e":"n","st":"Suplente","dvt":"V\u00e1lido","vap":"157","pvap":"   1,75"},{"seq":"11","sqcand":"220000651087","n":"15111","nm":"PROFESSORA MARLUCI","cc":"MDB","nv":" ","e":"s","st":"Eleito","dvt":"V\u00e1lido","vap":"222","pvap":"   2,48"},{"seq":"62","sqcand":"220000979273","n":"55075","nm":"ADRIANA DO PERNAMBUCO","cc":"PSD","nv":" ","e":"n","st":"Suplente","dvt":"V\u00e1lido","vap":"17","pvap":"   0,19"},{"seq":"6","sqcand":"220000979274","n":"55777","nm":"EDISON CRISPIN","cc":"PSD","nv":" ","e":"s","st":"Eleito","dvt":"V\u00e1lido","vap":"316","pvap":"   3,52"},{"seq":"27","sqcand":"220000979271","n":"55006","nm":"EDER DA 6","cc":"PSD","nv":" ","e":"n","st":"Suplente","dvt":"V\u00e1lido","vap":"110","pvap":"   1,23"},{"seq":"82","sqcand":"220000775789","n":"77444","nm":"MARIA CRISTINA","cc":"SOLIDARIEDADE","nv":" ","e":"n","st":"Suplente","dvt":"V\u00e1lido","vap":"5","pvap":"   0,06"},{"seq":"40","sqcand":"220001266378","n":"55111","nm":"PASTOR GENILDO","cc":"PSD","nv":" ","e":"n","st":"Suplente","dvt":"V\u00e1lido","vap":"55","pvap":"   0,61"},{"seq":"68","sqcand":"220000651091","n":"15415","nm":"D\u00c9BORA","cc":"MDB","nv":" ","e":"n","st":"Suplente","dvt":"V\u00e1lido","vap":"13","pvap":"   0,14"},{"seq":"36","sqcand":"220001115305","n":"40456","nm":"ELTON DA ESCOLA","cc":"PSB","nv":" ","e":"n","st":"Suplente","dvt":"V\u00e1lido","vap":"70","pvap":"   0,78"},{"seq":"80","sqcand":"220001115297","n":"40321","nm":"CLAUDETE ALCANTARA","cc":"PSB","nv":" ","e":"n","st":"Suplente","dvt":"V\u00e1lido","vap":"6","pvap":"   0,07"},{"seq":"49","sqcand":"220000775786","n":"77600","nm":"SAB\u00c1 DO POSTO","cc":"SOLIDARIEDADE","nv":" ","e":"n","st":"Suplente","dvt":"V\u00e1lido","vap":"33","pvap":"   0,37"},{"seq":"44","sqcand":"220000655940","n":"25555","nm":"ROMANO DO RADIO","cc":"DEM","nv":" ","e":"n","st":"Suplente","dvt":"V\u00e1lido","vap":"41","pvap":"   0,46"},{"seq":"60","sqcand":"220000979278","n":"55112","nm":"BATATA","cc":"PSD","nv":" ","e":"n","st":"Suplente","dvt":"V\u00e1lido","vap":"18","pvap":"   0,20"},{"seq":"91","sqcand":"220000651097","n":"13130","nm":"VALDEIR CONSTRUTOR","cc":"PT","nv":" ","e":"n","st":"N\u00e3o eleito","dvt":"V\u00e1lido","vap":"39","pvap":"   0,43"},{"seq":"69","sqcand":"220001115302","n":"40040","nm":"CLEONICE OLIVEIRA","cc":"PSB","nv":" ","e":"n","st":"Suplente","dvt":"V\u00e1lido","vap":"13","pvap":"   0,14"},{"seq":"48","sqcand":"220000926717","n":"12122","nm":"ALCIDES","cc":"PDT","nv":" ","e":"n","st":"Suplente","dvt":"V\u00e1lido","vap":"34","pvap":"   0,38"},{"seq":"74","sqcand":"220000926712","n":"12112","nm":"GALO CUNHADO MISAC","cc":"PDT","nv":" ","e":"n","st":"Suplente","dvt":"V\u00e1lido","vap":"10","pvap":"   0,11"},{"seq":"39","sqcand":"220001115308","n":"40000","nm":"PROCOPIO DA PROSSEG","cc":"PSB","nv":" ","e":"n","st":"Suplente","dvt":"V\u00e1lido","vap":"66","pvap":"   0,74"},{"seq":"8","sqcand":"220000655942","n":"25123","nm":"HERMES BORDIGNON","cc":"DEM","nv":" ","e":"s","st":"Eleito","dvt":"V\u00e1lido","vap":"286","pvap":"   3,19"},{"seq":"43","sqcand":"220000926720","n":"12429","nm":"DONA VILMA DO AMARELINHO","cc":"PDT","nv":" ","e":"n","st":"Suplente","dvt":"V\u00e1lido","vap":"43","pvap":"   0,48"},{"seq":"89","sqcand":"220001115298","n":"40234","nm":"JAIR DO TRATOR","cc":"PSB","nv":" ","e":"n","st":"N\u00e3o eleito","dvt":"Anulado sub judice","vap":"75","pvap":"   0,84"},{"seq":"34","sqcand":"220000926707","n":"12111","nm":"TONH\u00c3O","cc":"PDT","nv":" ","e":"n","st":"Suplente","dvt":"V\u00e1lido","vap":"77","pvap":"   0,86"},{"seq":"56","sqcand":"220000655951","n":"43222","nm":"MANUEL","cc":"PV","nv":" ","e":"n","st":"Suplente","dvt":"V\u00e1lido","vap":"20","pvap":"   0,22"},{"seq":"18","sqcand":"220000655946","n":"43190","nm":"SARGENTO ORTIS","cc":"PV","nv":" ","e":"n","st":"Suplente","dvt":"V\u00e1lido","vap":"168","pvap":"   1,87"},{"seq":"33","sqcand":"220001115295","n":"40134","nm":"AILTON DA COLONIA","cc":"PSB","nv":" ","e":"n","st":"Suplente","dvt":"V\u00e1lido","vap":"79","pvap":"   0,88"},{"seq":"29","sqcand":"220000926718","n":"12500","nm":"EDSON CARECA","cc":"PDT","nv":" ","e":"n","st":"Suplente","dvt":"V\u00e1lido","vap":"94","pvap":"   1,05"},{"seq":"15","sqcand":"220000655938","n":"25000","nm":"TI\u00c3O MACHADO","cc":"DEM","nv":" ","e":"n","st":"Suplente","dvt":"V\u00e1lido","vap":"215","pvap":"   2,40"},{"seq":"78","sqcand":"220000926705","n":"12144","nm":"ADENILDES","cc":"PDT","nv":" ","e":"n","st":"Suplente","dvt":"V\u00e1lido","vap":"7","pvap":"   0,08"},{"seq":"90","sqcand":"220000651100","n":"13429","nm":"ALEM\u00c3O DO FRETE","cc":"PT","nv":" ","e":"n","st":"N\u00e3o eleito","dvt":"V\u00e1lido","vap":"69","pvap":"   0,77"},{"seq":"10","sqcand":"220000926710","n":"12123","nm":"Z\u00c9 DA M\u00c1QUINA","cc":"PDT","nv":" ","e":"s","st":"Eleito","dvt":"V\u00e1lido","vap":"271","pvap":"   3,02"},{"seq":"19","sqcand":"220000655952","n":"43000","nm":"HELIO DA LU CONFEC\u00c7\u00d5ES","cc":"PV","nv":" ","e":"n","st":"Suplente","dvt":"V\u00e1lido","vap":"161","pvap":"   1,80"},{"seq":"63","sqcand":"220000655954","n":"43333","nm":"DIONE","cc":"PV","nv":" ","e":"n","st":"Suplente","dvt":"V\u00e1lido","vap":"16","pvap":"   0,18"},{"seq":"53","sqcand":"220001115303","n":"40222","nm":"PROFESSORA VERA","cc":"PSB","nv":" ","e":"n","st":"Suplente","dvt":"V\u00e1lido","vap":"24","pvap":"   0,27"},{"seq":"79","sqcand":"220000979275","n":"55429","nm":"TONZINHO","cc":"PSD","nv":" ","e":"n","st":"Suplente","dvt":"V\u00e1lido","vap":"7","pvap":"   0,08"},{"seq":"77","sqcand":"220000926704","n":"12555","nm":"AGNALDO","cc":"PDT","nv":" ","e":"n","st":"Suplente","dvt":"V\u00e1lido","vap":"8","pvap":"   0,09"},{"seq":"28","sqcand":"220001115301","n":"40111","nm":"SOMBRA TAXISTA","cc":"PSB","nv":" ","e":"n","st":"Suplente","dvt":"V\u00e1lido","vap":"95","pvap":"   1,06"},{"seq":"32","sqcand":"220000655939","n":"25111","nm":"VICTOR DA NET","cc":"DEM","nv":" ","e":"n","st":"Suplente","dvt":"V\u00e1lido","vap":"89","pvap":"   0,99"},{"seq":"26","sqcand":"220001115299","n":"40429","nm":"SIDINEI VENDEDOR","cc":"PSB","nv":" ","e":"n","st":"Suplente","dvt":"V\u00e1lido","vap":"115","pvap":"   1,28"},{"seq":"16","sqcand":"220000651083","n":"15222","nm":"GERSON PAULINO","cc":"MDB","nv":" ","e":"n","st":"Suplente","dvt":"V\u00e1lido","vap":"178","pvap":"   1,99"},{"seq":"45","sqcand":"220000775788","n":"77123","nm":"LUCAS SOUZA","cc":"SOLIDARIEDADE","nv":" ","e":"n","st":"Suplente","dvt":"V\u00e1lido","vap":"41","pvap":"   0,46"},{"seq":"61","sqcand":"220000651090","n":"15001","nm":"ROBERTO LOPES","cc":"MDB","nv":" ","e":"n","st":"Suplente","dvt":"V\u00e1lido","vap":"17","pvap":"   0,19"},{"seq":"64","sqcand":"220000655948","n":"43422","nm":"EVINHA PORTO","cc":"PV","nv":" ","e":"n","st":"Suplente","dvt":"V\u00e1lido","vap":"15","pvap":"   0,17"},{"seq":"41","sqcand":"220001115304","n":"40555","nm":"GUARACI FDA PA CARREGADEIRA","cc":"PSB","nv":" ","e":"n","st":"Suplente","dvt":"V\u00e1lido","vap":"47","pvap":"   0,52"},{"seq":"85","sqcand":"220000655935","n":"25678","nm":"BRUNA MENDES","cc":"DEM","nv":" ","e":"n","st":"Suplente","dvt":"V\u00e1lido","vap":"3","pvap":"   0,03"},{"seq":"4","sqcand":"220000655945","n":"43377","nm":"ALAN DO PORTO","cc":"PV","nv":" ","e":"s","st":"Eleito","dvt":"V\u00e1lido","vap":"371","pvap":"   4,14"},{"seq":"1","sqcand":"220000926708","n":"12444","nm":"GEFERSON","cc":"PDT","nv":" ","e":"s","st":"Eleito","dvt":"V\u00e1lido","vap":"381","pvap":"   4,25"},{"seq":"51","sqcand":"220000655937","n":"25333","nm":"GILVADETE JARDIN","cc":"DEM","nv":" ","e":"n","st":"Suplente","dvt":"V\u00e1lido","vap":"28","pvap":"   0,31"},{"seq":"23","sqcand":"220000651084","n":"15615","nm":"AGNALDO MOTORISTA","cc":"MDB","nv":" ","e":"n","st":"Suplente","dvt":"V\u00e1lido","vap":"132","pvap":"   1,47"},{"seq":"13","sqcand":"220000775782","n":"77777","nm":"CIR\u00c7\u00c3O","cc":"SOLIDARIEDADE","nv":" ","e":"n","st":"Suplente","dvt":"V\u00e1lido","vap":"240","pvap":"   2,68"},{"seq":"92","sqcand":"220000651099","n":"13234","nm":"BUCHA","cc":"PT","nv":" ","e":"n","st":"N\u00e3o eleito","dvt":"V\u00e1lido","vap":"37","pvap":"   0,41"},{"seq":"35","sqcand":"220001115294","n":"40999","nm":"DRA INGRED CAVALCANTE","cc":"PSB","nv":" ","e":"n","st":"Suplente","dvt":"V\u00e1lido","vap":"72","pvap":"   0,80"},{"seq":"75","sqcand":"220000979272","n":"55123","nm":"ELIANA","cc":"PSD","nv":" ","e":"n","st":"Suplente","dvt":"V\u00e1lido","vap":"10","pvap":"   0,11"},{"seq":"57","sqcand":"220000655944","n":"25125","nm":"BAIXINHO DA LANTERNAGEM","cc":"DEM","nv":" ","e":"n","st":"Suplente","dvt":"V\u00e1lido","vap":"20","pvap":"   0,22"},{"seq":"25","sqcand":"220001115296","n":"40777","nm":"CHARLES SARAIVA","cc":"PSB","nv":" ","e":"n","st":"Suplente","dvt":"V\u00e1lido","vap":"115","pvap":"   1,28"},{"seq":"86","sqcand":"220000926587","n":"77987","nm":"GEANE SILVA","cc":"SOLIDARIEDADE","nv":" ","e":"n","st":"Suplente","dvt":"V\u00e1lido","vap":"0","pvap":"00.00"},{"seq":"5","sqcand":"220001115309","n":"40123","nm":"FLAVIO CAREQUINHA","cc":"PSB","nv":" ","e":"s","st":"Eleito","dvt":"V\u00e1lido","vap":"363","pvap":"   4,05"},{"seq":"9","sqcand":"220000775787","n":"77000","nm":"PASTOR EBER LOPES","cc":"SOLIDARIEDADE","nv":" ","e":"s","st":"Eleito","dvt":"V\u00e1lido","vap":"274","pvap":"   3,06"}]}
