{"ele":"426","tpabr":"mu","cdabr":"00809","carper":"13","t":"1","f":"o","dt":"15/11/2020","ht":"21:21:28","dv":"s","tf":"s","v":"9","esae":"n","mnae":"","s":"20","st":"20","pst":" 100,00","snt":"0","psnt":"   0,00","si":"20","psi":" 100,00","sni":"0","psni":"   0,00","sa":"20","psa":" 100,00","sna":"0","psna":"   0,00","e":"7266","ea":"7266","pea":" 100,00","ena":"0","pena":"   0,00","esi":"7266","pesi":" 100,00","esni":"0","pesni":"   0,00","c":"5522","pc":"  76,00","a":"1744","pa":"  24,00","vscv":"0","vnom":"5071","vl":"269","pvnom":"  94,96","pvl":"   5,04","vvc":"5340","pvvc":"  96,70","vb":"63","pvb":"   1,14","tvn":"119","ptvn":"   2,16","vn":"119","pvn":" 100,00","vnt":"0","pvnt":"   0,00","vp":"0","pvp":"   0,00","vv":"5340","pvv":" 100,00","van":"0","pvan":"   0,00","vansj":"0","pvansj":"   0,00","tv":"5522","cand":[{"seq":"15","sqcand":"220000790949","n":"25147","nm":"IRACEMA DO NOVO PLANO","cc":"DEM","nv":" ","e":"n","st":"Suplente","dvt":"V\u00e1lido","vap":"113","pvap":"   2,12"},{"seq":"36","sqcand":"220000790577","n":"12222","nm":"SUELI RAMIRES","cc":"PDT","nv":" ","e":"n","st":"Suplente","dvt":"V\u00e1lido","vap":"23","pvap":"   0,43"},{"seq":"27","sqcand":"220000790935","n":"45321","nm":"ELIAS DA QUARENTA E SEIS","cc":"PSDB","nv":" ","e":"n","st":"Suplente","dvt":"V\u00e1lido","vap":"39","pvap":"   0,73"},{"seq":"5","sqcand":"220000790583","n":"12789","nm":"GAGUINHO DO TAXI","cc":"PDT","nv":" ","e":"s","st":"Eleito","dvt":"V\u00e1lido","vap":"202","pvap":"   3,78"},{"seq":"52","sqcand":"220000790941","n":"55898","nm":"ANTONIO GON\u00c7ALVES","cc":"PSD","nv":" ","e":"n","st":"N\u00e3o eleito","dvt":"V\u00e1lido","vap":"42","pvap":"   0,79"},{"seq":"37","sqcand":"220000760124","n":"10789","nm":"MAR\u00c7\u00c3O DO KI BURG\u00c3O LANCHES","cc":"REPUBLICANOS","nv":" ","e":"n","st":"Suplente","dvt":"V\u00e1lido","vap":"23","pvap":"   0,43"},{"seq":"17","sqcand":"220000790933","n":"45678","nm":"LINDAURA DA SA\u00daDE","cc":"PSDB","nv":" ","e":"n","st":"Suplente","dvt":"V\u00e1lido","vap":"105","pvap":"   1,97"},{"seq":"59","sqcand":"220000760276","n":"11666","nm":"CARLA DO NOVO PLANO","cc":"PP","nv":" ","e":"n","st":"N\u00e3o eleito","dvt":"V\u00e1lido","vap":"12","pvap":"   0,22"},{"seq":"31","sqcand":"220000790667","n":"40202","nm":"VANIA DO ONIBUS","cc":"PSB","nv":" ","e":"n","st":"Suplente","dvt":"V\u00e1lido","vap":"30","pvap":"   0,56"},{"seq":"65","sqcand":"220000790942","n":"55345","nm":"MOISES BIGODE DA METALURIGICA","cc":"PSD","nv":" ","e":"n","st":"N\u00e3o eleito","dvt":"V\u00e1lido","vap":"5","pvap":"   0,09"},{"seq":"53","sqcand":"220000760278","n":"11321","nm":"CRIS SOMAVILA","cc":"PP","nv":" ","e":"n","st":"N\u00e3o eleito","dvt":"V\u00e1lido","vap":"33","pvap":"   0,62"},{"seq":"34","sqcand":"220000760125","n":"10222","nm":"SUELI BARBOSA","cc":"REPUBLICANOS","nv":" ","e":"n","st":"Suplente","dvt":"V\u00e1lido","vap":"29","pvap":"   0,54"},{"seq":"13","sqcand":"220000790927","n":"45789","nm":"IRM\u00c3O ZEZINHO","cc":"PSDB","nv":" ","e":"n","st":"Suplente","dvt":"V\u00e1lido","vap":"124","pvap":"   2,32"},{"seq":"41","sqcand":"220000790948","n":"25555","nm":"NILC\u00c9IA DA TERCEIRA IDADE","cc":"DEM","nv":" ","e":"n","st":"Suplente","dvt":"V\u00e1lido","vap":"17","pvap":"   0,32"},{"seq":"7","sqcand":"220000790952","n":"25999","nm":"MARIA DO GUAPOR\u00c9","cc":"DEM","nv":" ","e":"s","st":"Eleito","dvt":"V\u00e1lido","vap":"175","pvap":"   3,28"},{"seq":"30","sqcand":"220000790670","n":"40777","nm":"CLEIDE DA LINHA OITENTA E CINC","cc":"PSB","nv":" ","e":"n","st":"Suplente","dvt":"V\u00e1lido","vap":"31","pvap":"   0,58"},{"seq":"47","sqcand":"220000760494","n":"15555","nm":"PASSITO","cc":"MDB","nv":" ","e":"n","st":"N\u00e3o eleito","dvt":"V\u00e1lido","vap":"125","pvap":"   2,34"},{"seq":"61","sqcand":"220001260634","n":"15777","nm":"ALISSON DO GUAPOR\u00c9","cc":"MDB","nv":" ","e":"n","st":"N\u00e3o eleito","dvt":"V\u00e1lido","vap":"11","pvap":"   0,21"},{"seq":"20","sqcand":"220000790671","n":"40222","nm":"EDIVAN TORRES","cc":"PSB","nv":" ","e":"n","st":"Suplente","dvt":"V\u00e1lido","vap":"93","pvap":"   1,74"},{"seq":"18","sqcand":"220000790929","n":"45111","nm":"NIVALDO PEIXE","cc":"PSDB","nv":" ","e":"n","st":"Suplente","dvt":"V\u00e1lido","vap":"101","pvap":"   1,89"},{"seq":"1","sqcand":"220000790664","n":"40789","nm":"ALICATE","cc":"PSB","nv":" ","e":"s","st":"Eleito","dvt":"V\u00e1lido","vap":"369","pvap":"   6,91"},{"seq":"33","sqcand":"220000790932","n":"45369","nm":"NEGA LU DA SA\u00daDE","cc":"PSDB","nv":" ","e":"n","st":"Suplente","dvt":"V\u00e1lido","vap":"29","pvap":"   0,54"},{"seq":"45","sqcand":"220000760126","n":"10555","nm":"DIMAS DA MARCENARIA","cc":"REPUBLICANOS","nv":" ","e":"n","st":"Suplente","dvt":"V\u00e1lido","vap":"5","pvap":"   0,09"},{"seq":"48","sqcand":"220000760489","n":"15123","nm":"MARCIA DO NOVO PLANO","cc":"MDB","nv":" ","e":"n","st":"N\u00e3o eleito","dvt":"V\u00e1lido","vap":"98","pvap":"   1,84"},{"seq":"68","sqcand":"220000790940","n":"55456","nm":"ELIS\u00c2NGELA DO P\u00c3O","cc":"PSD","nv":" ","e":"n","st":"N\u00e3o eleito","dvt":"V\u00e1lido","vap":"3","pvap":"   0,06"},{"seq":"3","sqcand":"220000790954","n":"25123","nm":"EDER DA VAN","cc":"DEM","nv":" ","e":"s","st":"Eleito","dvt":"V\u00e1lido","vap":"318","pvap":"   5,96"},{"seq":"51","sqcand":"220000760493","n":"15222","nm":"SARDINHA","cc":"MDB","nv":" ","e":"n","st":"N\u00e3o eleito","dvt":"V\u00e1lido","vap":"56","pvap":"   1,05"},{"seq":"43","sqcand":"220000790582","n":"12400","nm":"PROFESSORA SONIA","cc":"PDT","nv":" ","e":"n","st":"Suplente","dvt":"V\u00e1lido","vap":"12","pvap":"   0,22"},{"seq":"39","sqcand":"220000760131","n":"10321","nm":"LEVI DO NOVO PLANO","cc":"REPUBLICANOS","nv":" ","e":"n","st":"Suplente","dvt":"V\u00e1lido","vap":"21","pvap":"   0,39"},{"seq":"57","sqcand":"220001028687","n":"13789","nm":"EDILIO PARAGUAI","cc":"PT","nv":" ","e":"n","st":"N\u00e3o eleito","dvt":"V\u00e1lido","vap":"18","pvap":"   0,34"},{"seq":"19","sqcand":"220000790576","n":"12333","nm":"JILSINHO DO NOVO PLANO","cc":"PDT","nv":" ","e":"n","st":"Suplente","dvt":"V\u00e1lido","vap":"94","pvap":"   1,76"},{"seq":"66","sqcand":"220000790938","n":"55222","nm":"EDINALVA LIMA","cc":"PSD","nv":" ","e":"n","st":"N\u00e3o eleito","dvt":"V\u00e1lido","vap":"5","pvap":"   0,09"},{"seq":"21","sqcand":"220000790955","n":"25789","nm":"ADILIO GARCIA","cc":"DEM","nv":" ","e":"n","st":"Suplente","dvt":"V\u00e1lido","vap":"91","pvap":"   1,70"},{"seq":"40","sqcand":"220000790669","n":"40234","nm":"BOY","cc":"PSB","nv":" ","e":"n","st":"Suplente","dvt":"V\u00e1lido","vap":"19","pvap":"   0,36"},{"seq":"64","sqcand":"220000760490","n":"15133","nm":"ELIANA DO SAL\u00c2O","cc":"MDB","nv":" ","e":"n","st":"N\u00e3o eleito","dvt":"V\u00e1lido","vap":"6","pvap":"   0,11"},{"seq":"62","sqcand":"220001028690","n":"13333","nm":"CHAGUINHA","cc":"PT","nv":" ","e":"n","st":"N\u00e3o eleito","dvt":"V\u00e1lido","vap":"10","pvap":"   0,19"},{"seq":"38","sqcand":"220000790928","n":"45123","nm":"CARMEN ROCKENBACH","cc":"PSDB","nv":" ","e":"n","st":"Suplente","dvt":"V\u00e1lido","vap":"23","pvap":"   0,43"},{"seq":"67","sqcand":"220000790945","n":"55123","nm":"FABIANO DA CADEIRA DE RODA","cc":"PSD","nv":" ","e":"n","st":"N\u00e3o eleito","dvt":"V\u00e1lido","vap":"4","pvap":"   0,07"},{"seq":"2","sqcand":"220000760127","n":"10123","nm":"DENILSON DA CIDADE ALTA","cc":"REPUBLICANOS","nv":" ","e":"s","st":"Eleito","dvt":"V\u00e1lido","vap":"340","pvap":"   6,37"},{"seq":"23","sqcand":"220000790666","n":"40123","nm":"MARA","cc":"PSB","nv":" ","e":"n","st":"Suplente","dvt":"V\u00e1lido","vap":"64","pvap":"   1,20"},{"seq":"58","sqcand":"220000790947","n":"55789","nm":"GENOEL DUDA DA FEIRA","cc":"PSD","nv":" ","e":"n","st":"N\u00e3o eleito","dvt":"V\u00e1lido","vap":"16","pvap":"   0,30"},{"seq":"16","sqcand":"220000790580","n":"12000","nm":"M\u00c1RCIO DO SR ISAC","cc":"PDT","nv":" ","e":"n","st":"Suplente","dvt":"V\u00e1lido","vap":"111","pvap":"   2,08"},{"seq":"54","sqcand":"220000790946","n":"55555","nm":"RAPHAELA FILHA DO ROBERTO","cc":"PSD","nv":" ","e":"n","st":"N\u00e3o eleito","dvt":"V\u00e1lido","vap":"32","pvap":"   0,60"},{"seq":"12","sqcand":"220000790951","n":"25017","nm":"CARECA","cc":"DEM","nv":" ","e":"n","st":"Suplente","dvt":"V\u00e1lido","vap":"137","pvap":"   2,57"},{"seq":"26","sqcand":"220000790934","n":"45555","nm":"FIDELIX DO PESQUE E PAGUE","cc":"PSDB","nv":" ","e":"n","st":"Suplente","dvt":"V\u00e1lido","vap":"44","pvap":"   0,82"},{"seq":"46","sqcand":"220000760279","n":"11113","nm":"ALIRIO DA CIDADE ALTA","cc":"PP","nv":" ","e":"n","st":"N\u00e3o eleito","dvt":"V\u00e1lido","vap":"129","pvap":"   2,42"},{"seq":"6","sqcand":"220000790931","n":"45610","nm":"TONINHO BERTOZZI","cc":"PSDB","nv":" ","e":"s","st":"Eleito","dvt":"V\u00e1lido","vap":"179","pvap":"   3,35"},{"seq":"50","sqcand":"220000760491","n":"15333","nm":"L\u00daCIA DO CESAR","cc":"MDB","nv":" ","e":"n","st":"N\u00e3o eleito","dvt":"V\u00e1lido","vap":"62","pvap":"   1,16"},{"seq":"10","sqcand":"220000790579","n":"12123","nm":"PRETA ARRUDA","cc":"PDT","nv":" ","e":"n","st":"Suplente","dvt":"V\u00e1lido","vap":"153","pvap":"   2,87"},{"seq":"8","sqcand":"220000790581","n":"12345","nm":"IDENEI DUMMER","cc":"PDT","nv":" ","e":"s","st":"Eleito","dvt":"V\u00e1lido","vap":"172","pvap":"   3,22"},{"seq":"4","sqcand":"220000790953","n":"25456","nm":"RUBINHO DO NOVO PLANO","cc":"DEM","nv":" ","e":"s","st":"Eleito","dvt":"V\u00e1lido","vap":"237","pvap":"   4,44"},{"seq":"56","sqcand":"220000760488","n":"15321","nm":"GORDO","cc":"MDB","nv":" ","e":"n","st":"N\u00e3o eleito","dvt":"V\u00e1lido","vap":"26","pvap":"   0,49"},{"seq":"9","sqcand":"220000790937","n":"45222","nm":"RONALD\u00c3O","cc":"PSDB","nv":" ","e":"s","st":"Eleito","dvt":"V\u00e1lido","vap":"161","pvap":"   3,01"},{"seq":"60","sqcand":"220000760487","n":"15111","nm":"ROSA","cc":"MDB","nv":" ","e":"n","st":"N\u00e3o eleito","dvt":"V\u00e1lido","vap":"11","pvap":"   0,21"},{"seq":"42","sqcand":"220000760128","n":"10777","nm":"TEREZA DO \u00cdNDIO","cc":"REPUBLICANOS","nv":" ","e":"n","st":"Suplente","dvt":"V\u00e1lido","vap":"14","pvap":"   0,26"},{"seq":"11","sqcand":"220000760129","n":"10456","nm":"VERA LUCIA","cc":"REPUBLICANOS","nv":" ","e":"n","st":"Suplente","dvt":"V\u00e1lido","vap":"138","pvap":"   2,58"},{"seq":"69","sqcand":"220000790943","n":"55678","nm":"JESUS DA MORADIA","cc":"PSD","nv":" ","e":"n","st":"N\u00e3o eleito","dvt":"V\u00e1lido","vap":"0","pvap":"00.00"},{"seq":"29","sqcand":"220000790957","n":"25152","nm":"DOUTORA IVETE","cc":"DEM","nv":" ","e":"n","st":"Suplente","dvt":"V\u00e1lido","vap":"34","pvap":"   0,64"},{"seq":"32","sqcand":"220000790578","n":"12456","nm":"DEMIR DA OFICINA","cc":"PDT","nv":" ","e":"n","st":"Suplente","dvt":"V\u00e1lido","vap":"29","pvap":"   0,54"},{"seq":"35","sqcand":"220000790930","n":"45346","nm":"PROF JUSSARA RIBAS","cc":"PSDB","nv":" ","e":"n","st":"Suplente","dvt":"V\u00e1lido","vap":"26","pvap":"   0,49"},{"seq":"24","sqcand":"220000790958","n":"25321","nm":"Z\u00c9 DO BOLO","cc":"DEM","nv":" ","e":"n","st":"Suplente","dvt":"V\u00e1lido","vap":"51","pvap":"   0,96"},{"seq":"14","sqcand":"220000790956","n":"25369","nm":"HERMES AIKAN\u00c3","cc":"DEM","nv":" ","e":"n","st":"Suplente","dvt":"V\u00e1lido","vap":"116","pvap":"   2,17"},{"seq":"49","sqcand":"220000760281","n":"11345","nm":"CARLOS DO MERCADO GUAPOR\u00c9","cc":"PP","nv":" ","e":"n","st":"N\u00e3o eleito","dvt":"V\u00e1lido","vap":"69","pvap":"   1,29"},{"seq":"25","sqcand":"220000760130","n":"10000","nm":"TOCO FILHO DO DARCIZ\u00c3O","cc":"REPUBLICANOS","nv":" ","e":"n","st":"Suplente","dvt":"V\u00e1lido","vap":"50","pvap":"   0,94"},{"seq":"44","sqcand":"220000790668","n":"40567","nm":"PATRICIA DA PEDRA ALTA","cc":"PSB","nv":" ","e":"n","st":"Suplente","dvt":"V\u00e1lido","vap":"9","pvap":"   0,17"},{"seq":"55","sqcand":"220000760280","n":"11123","nm":"MARILZA FERREIRA","cc":"PP","nv":" ","e":"n","st":"N\u00e3o eleito","dvt":"V\u00e1lido","vap":"31","pvap":"   0,58"},{"seq":"22","sqcand":"220000790950","n":"25678","nm":"T\u00caKA DA BOA ESPERAN\u00c7A","cc":"DEM","nv":" ","e":"n","st":"Suplente","dvt":"V\u00e1lido","vap":"73","pvap":"   1,37"},{"seq":"63","sqcand":"220000790939","n":"55321","nm":"JONNY DO POSTO","cc":"PSD","nv":" ","e":"n","st":"N\u00e3o eleito","dvt":"V\u00e1lido","vap":"8","pvap":"   0,15"},{"seq":"28","sqcand":"220000790936","n":"45215","nm":"MIRIAM RODRIGUES","cc":"PSDB","nv":" ","e":"n","st":"Suplente","dvt":"V\u00e1lido","vap":"35","pvap":"   0,66"}]}
