{"ele":"426","tpabr":"mu","cdabr":"01015","carper":"13","t":"1","f":"o","dt":"15/11/2020","ht":"20:36:41","dv":"s","tf":"s","v":"9","esae":"n","mnae":"","s":"30","st":"30","pst":" 100,00","snt":"0","psnt":"   0,00","si":"30","psi":" 100,00","sni":"0","psni":"   0,00","sa":"30","psa":" 100,00","sna":"0","psna":"   0,00","e":"7540","ea":"7540","pea":" 100,00","ena":"0","pena":"   0,00","esi":"7540","pesi":" 100,00","esni":"0","pesni":"   0,00","c":"6108","pc":"  81,01","a":"1432","pa":"  18,99","vscv":"0","vnom":"5618","vl":"383","pvnom":"  93,62","pvl":"   6,38","vvc":"6001","pvvc":"  98,25","vb":"25","pvb":"   0,41","tvn":"82","ptvn":"   1,34","vn":"82","pvn":" 100,00","vnt":"0","pvnt":"   0,00","vp":"0","pvp":"   0,00","vv":"6001","pvv":" 100,00","van":"0","pvan":"   0,00","vansj":"0","pvansj":"   0,00","tv":"6108","cand":[{"seq":"66","sqcand":"10001012880","n":"14123","nm":"DANIEL BORGES","cc":"PTB","nv":" ","e":"n","st":"N\u00e3o eleito","dvt":"V\u00e1lido","vap":"71","pvap":"   1,18"},{"seq":"76","sqcand":"10000882323","n":"90900","nm":"DAND\u00d4","cc":"PROS","nv":" ","e":"n","st":"N\u00e3o eleito","dvt":"V\u00e1lido","vap":"27","pvap":"   0,45"},{"seq":"73","sqcand":"10001012879","n":"14333","nm":"PROFESSOR RONILSON","cc":"PTB","nv":" ","e":"n","st":"N\u00e3o eleito","dvt":"V\u00e1lido","vap":"36","pvap":"   0,60"},{"seq":"10","sqcand":"10001193716","n":"25555","nm":"MARCONDES","cc":"DEM","nv":" ","e":"n","st":"Suplente","dvt":"V\u00e1lido","vap":"167","pvap":"   2,78"},{"seq":"55","sqcand":"10001013340","n":"77554","nm":"SAMARA TEODOSIO","cc":"SOLIDARIEDADE","nv":" ","e":"n","st":"Suplente","dvt":"V\u00e1lido","vap":"3","pvap":"   0,05"},{"seq":"83","sqcand":"10001012882","n":"14555","nm":"SINDERLANDIA SOUSA","cc":"PTB","nv":" ","e":"n","st":"N\u00e3o eleito","dvt":"V\u00e1lido","vap":"19","pvap":"   0,32"},{"seq":"75","sqcand":"10000882318","n":"90333","nm":"ADRIANO TAXISTA","cc":"PROS","nv":" ","e":"n","st":"N\u00e3o eleito","dvt":"V\u00e1lido","vap":"29","pvap":"   0,48"},{"seq":"20","sqcand":"10001105930","n":"11123","nm":"VIDAL","cc":"PP","nv":" ","e":"n","st":"Suplente","dvt":"V\u00e1lido","vap":"90","pvap":"   1,50"},{"seq":"84","sqcand":"10001012886","n":"14777","nm":"MARINALDO TIMOTEO","cc":"PTB","nv":" ","e":"n","st":"N\u00e3o eleito","dvt":"V\u00e1lido","vap":"17","pvap":"   0,28"},{"seq":"33","sqcand":"10001193719","n":"25321","nm":"TAMILA","cc":"DEM","nv":" ","e":"n","st":"Suplente","dvt":"V\u00e1lido","vap":"40","pvap":"   0,67"},{"seq":"34","sqcand":"10001013339","n":"77222","nm":"JOSY ANDRADE","cc":"SOLIDARIEDADE","nv":" ","e":"n","st":"Suplente","dvt":"V\u00e1lido","vap":"37","pvap":"   0,62"},{"seq":"54","sqcand":"10001253529","n":"15333","nm":"ELIANA DE ALENCAR","cc":"MDB","nv":" ","e":"n","st":"Suplente","dvt":"V\u00e1lido","vap":"3","pvap":"   0,05"},{"seq":"26","sqcand":"10001253534","n":"15123","nm":"TOIN DA BETH","cc":"MDB","nv":" ","e":"n","st":"Suplente","dvt":"V\u00e1lido","vap":"67","pvap":"   1,12"},{"seq":"40","sqcand":"10001253530","n":"15111","nm":"ROSA MARIA","cc":"MDB","nv":" ","e":"n","st":"Suplente","dvt":"V\u00e1lido","vap":"26","pvap":"   0,43"},{"seq":"24","sqcand":"10001193715","n":"25111","nm":"LEIDA","cc":"DEM","nv":" ","e":"n","st":"Suplente","dvt":"V\u00e1lido","vap":"68","pvap":"   1,13"},{"seq":"69","sqcand":"10001244705","n":"45222","nm":"LORINHO","cc":"PSDB","nv":" ","e":"n","st":"N\u00e3o eleito","dvt":"V\u00e1lido","vap":"52","pvap":"   0,87"},{"seq":"89","sqcand":"10001015473","n":"55932","nm":"LUIZA","cc":"PSD","nv":" ","e":"n","st":"N\u00e3o eleito","dvt":"V\u00e1lido","vap":"14","pvap":"   0,23"},{"seq":"47","sqcand":"10000737491","n":"10888","nm":"JORGE","cc":"REPUBLICANOS","nv":" ","e":"n","st":"Suplente","dvt":"V\u00e1lido","vap":"12","pvap":"   0,20"},{"seq":"5","sqcand":"10001105929","n":"11234","nm":"TEIO TESSINARI","cc":"PP","nv":" ","e":"s","st":"Eleito","dvt":"V\u00e1lido","vap":"153","pvap":"   2,55"},{"seq":"57","sqcand":"10000880587","n":"13111","nm":"SELMA ","cc":"PT","nv":" ","e":"n","st":"Suplente","dvt":"V\u00e1lido","vap":"0","pvap":"00.00"},{"seq":"78","sqcand":"10000882316","n":"90444","nm":"MAILTON","cc":"PROS","nv":" ","e":"n","st":"N\u00e3o eleito","dvt":"V\u00e1lido","vap":"24","pvap":"   0,40"},{"seq":"22","sqcand":"10000737492","n":"10000","nm":"LUCAS CAPIXABA","cc":"REPUBLICANOS","nv":" ","e":"n","st":"Suplente","dvt":"V\u00e1lido","vap":"82","pvap":"   1,37"},{"seq":"37","sqcand":"10000880583","n":"13555","nm":"CIDA COBRADORA","cc":"PT","nv":" ","e":"n","st":"Suplente","dvt":"V\u00e1lido","vap":"33","pvap":"   0,55"},{"seq":"48","sqcand":"10001193713","n":"25521","nm":"JAQUELINE","cc":"DEM","nv":" ","e":"n","st":"Suplente","dvt":"V\u00e1lido","vap":"9","pvap":"   0,15"},{"seq":"51","sqcand":"10001013345","n":"77144","nm":"EDIEL","cc":"SOLIDARIEDADE","nv":" ","e":"n","st":"Suplente","dvt":"V\u00e1lido","vap":"6","pvap":"   0,10"},{"seq":"14","sqcand":"10001013341","n":"77333","nm":"ELISSON NEGREIROS","cc":"SOLIDARIEDADE","nv":" ","e":"n","st":"Suplente","dvt":"V\u00e1lido","vap":"100","pvap":"   1,67"},{"seq":"93","sqcand":"10001012883","n":"14234","nm":"PROFESSORA CASSIANNE","cc":"PTB","nv":" ","e":"n","st":"N\u00e3o eleito","dvt":"V\u00e1lido","vap":"7","pvap":"   0,12"},{"seq":"32","sqcand":"10001193726","n":"25020","nm":"MOIS\u00c9S","cc":"DEM","nv":" ","e":"n","st":"Suplente","dvt":"V\u00e1lido","vap":"40","pvap":"   0,67"},{"seq":"64","sqcand":"10001194820","n":"12123","nm":"ERBSON ON\u00c7A","cc":"PDT","nv":" ","e":"n","st":"N\u00e3o eleito","dvt":"V\u00e1lido","vap":"90","pvap":"   1,50"},{"seq":"18","sqcand":"10000737494","n":"10333","nm":"LENILDA QUEIROZ","cc":"REPUBLICANOS","nv":" ","e":"n","st":"Suplente","dvt":"V\u00e1lido","vap":"96","pvap":"   1,60"},{"seq":"90","sqcand":"10001194825","n":"12012","nm":"GERCIANA ","cc":"PDT","nv":" ","e":"n","st":"N\u00e3o eleito","dvt":"V\u00e1lido","vap":"11","pvap":"   0,18"},{"seq":"59","sqcand":"10001194826","n":"12000","nm":"FRANCIBERTO","cc":"PDT","nv":" ","e":"n","st":"N\u00e3o eleito","dvt":"V\u00e1lido","vap":"152","pvap":"   2,53"},{"seq":"70","sqcand":"10001012881","n":"14124","nm":"NILVA LIMA","cc":"PTB","nv":" ","e":"n","st":"N\u00e3o eleito","dvt":"V\u00e1lido","vap":"49","pvap":"   0,82"},{"seq":"11","sqcand":"10001105928","n":"11000","nm":"SANDOVAL MENEZES","cc":"PP","nv":" ","e":"n","st":"Suplente","dvt":"V\u00e1lido","vap":"140","pvap":"   2,33"},{"seq":"91","sqcand":"10001194821","n":"12333","nm":"BRENNA","cc":"PDT","nv":" ","e":"n","st":"N\u00e3o eleito","dvt":"V\u00e1lido","vap":"10","pvap":"   0,17"},{"seq":"96","sqcand":"10001244706","n":"45444","nm":"IZA CAMPINA","cc":"PSDB","nv":" ","e":"n","st":"N\u00e3o eleito","dvt":"V\u00e1lido","vap":"3","pvap":"   0,05"},{"seq":"77","sqcand":"10001015475","n":"55234","nm":"LAZARO","cc":"PSD","nv":" ","e":"n","st":"N\u00e3o eleito","dvt":"V\u00e1lido","vap":"27","pvap":"   0,45"},{"seq":"52","sqcand":"10000880588","n":"13460","nm":"WILSON CABECA BRANCA","cc":"PT","nv":" ","e":"n","st":"Suplente","dvt":"V\u00e1lido","vap":"5","pvap":"   0,08"},{"seq":"23","sqcand":"10000880586","n":"13500","nm":"JORGE CAPOEIRO ","cc":"PT","nv":" ","e":"n","st":"Suplente","dvt":"V\u00e1lido","vap":"69","pvap":"   1,15"},{"seq":"92","sqcand":"10000882317","n":"90777","nm":"NILCICLEIA BRAGA","cc":"PROS","nv":" ","e":"n","st":"N\u00e3o eleito","dvt":"V\u00e1lido","vap":"9","pvap":"   0,15"},{"seq":"79","sqcand":"10001194822","n":"12345","nm":"TIAGO SANCLE","cc":"PDT","nv":" ","e":"n","st":"N\u00e3o eleito","dvt":"V\u00e1lido","vap":"21","pvap":"   0,35"},{"seq":"31","sqcand":"10000880584","n":"13444","nm":"CL\u00c1UDIO FEITOSA","cc":"PT","nv":" ","e":"n","st":"Suplente","dvt":"V\u00e1lido","vap":"41","pvap":"   0,68"},{"seq":"30","sqcand":"10001193714","n":"25333","nm":"Z\u00c9 DA SONIA","cc":"DEM","nv":" ","e":"n","st":"Suplente","dvt":"V\u00e1lido","vap":"46","pvap":"   0,77"},{"seq":"9","sqcand":"10000880585","n":"13013","nm":"LEIDIANE","cc":"PT","nv":" ","e":"s","st":"Eleito","dvt":"V\u00e1lido","vap":"80","pvap":"   1,33"},{"seq":"63","sqcand":"10001015472","n":"55222","nm":"REGINALDO","cc":"PSD","nv":" ","e":"n","st":"N\u00e3o eleito","dvt":"V\u00e1lido","vap":"91","pvap":"   1,52"},{"seq":"15","sqcand":"10001105927","n":"11111","nm":"BRADOK","cc":"PP","nv":" ","e":"n","st":"Suplente","dvt":"V\u00e1lido","vap":"98","pvap":"   1,63"},{"seq":"65","sqcand":"10001012878","n":"14444","nm":"D\u00c3O CAVALCANTE","cc":"PTB","nv":" ","e":"n","st":"N\u00e3o eleito","dvt":"V\u00e1lido","vap":"88","pvap":"   1,47"},{"seq":"71","sqcand":"10001244709","n":"45555","nm":"RAIMUNDO RODRIGUES","cc":"PSDB","nv":" ","e":"n","st":"N\u00e3o eleito","dvt":"V\u00e1lido","vap":"45","pvap":"   0,75"},{"seq":"74","sqcand":"10001244710","n":"45111","nm":"QUELVEXS DA FARM\u00c1CIA","cc":"PSDB","nv":" ","e":"n","st":"N\u00e3o eleito","dvt":"V\u00e1lido","vap":"33","pvap":"   0,55"},{"seq":"88","sqcand":"10001015477","n":"55789","nm":"MILTON","cc":"PSD","nv":" ","e":"n","st":"N\u00e3o eleito","dvt":"V\u00e1lido","vap":"14","pvap":"   0,23"},{"seq":"2","sqcand":"10001193721","n":"25000","nm":"PROFESSORA CLENILDA","cc":"DEM","nv":" ","e":"s","st":"Eleito","dvt":"V\u00e1lido","vap":"258","pvap":"   4,30"},{"seq":"29","sqcand":"10001105931","n":"11221","nm":"ELIELSON LIMA","cc":"PP","nv":" ","e":"n","st":"Suplente","dvt":"V\u00e1lido","vap":"50","pvap":"   0,83"},{"seq":"67","sqcand":"10001015470","n":"55777","nm":"IRM\u00c3 LURDES","cc":"PSD","nv":" ","e":"n","st":"N\u00e3o eleito","dvt":"V\u00e1lido","vap":"66","pvap":"   1,10"},{"seq":"81","sqcand":"10000882322","n":"90125","nm":"JONAS DO CAMPO ALEGRE","cc":"PROS","nv":" ","e":"n","st":"N\u00e3o eleito","dvt":"V\u00e1lido","vap":"19","pvap":"   0,32"},{"seq":"95","sqcand":"10001012885","n":"14144","nm":"PROFESSORA PRISCILA","cc":"PTB","nv":" ","e":"n","st":"N\u00e3o eleito","dvt":"V\u00e1lido","vap":"4","pvap":"   0,07"},{"seq":"17","sqcand":"10001013347","n":"77193","nm":"ROCICL\u00c9IA FERREIRA","cc":"SOLIDARIEDADE","nv":" ","e":"n","st":"Suplente","dvt":"V\u00e1lido","vap":"97","pvap":"   1,62"},{"seq":"86","sqcand":"10000882321","n":"90332","nm":"MARINETE","cc":"PROS","nv":" ","e":"n","st":"N\u00e3o eleito","dvt":"V\u00e1lido","vap":"16","pvap":"   0,27"},{"seq":"3","sqcand":"10001193718","n":"25678","nm":"AMILTON","cc":"DEM","nv":" ","e":"s","st":"Eleito","dvt":"V\u00e1lido","vap":"249","pvap":"   4,15"},{"seq":"87","sqcand":"10000882320","n":"90111","nm":"IRM\u00c2 MARIA DE JESUS","cc":"PROS","nv":" ","e":"n","st":"N\u00e3o eleito","dvt":"V\u00e1lido","vap":"15","pvap":"   0,25"},{"seq":"8","sqcand":"10000737493","n":"10123","nm":"ANTONIO FRAN\u00c7A","cc":"REPUBLICANOS","nv":" ","e":"s","st":"Eleito","dvt":"V\u00e1lido","vap":"124","pvap":"   2,07"},{"seq":"61","sqcand":"10000882324","n":"90123","nm":"PROF. BARROSO","cc":"PROS","nv":" ","e":"n","st":"N\u00e3o eleito","dvt":"V\u00e1lido","vap":"135","pvap":"   2,25"},{"seq":"19","sqcand":"10001013346","n":"77153","nm":"MAIKON MARTINS","cc":"SOLIDARIEDADE","nv":" ","e":"n","st":"Suplente","dvt":"V\u00e1lido","vap":"95","pvap":"   1,58"},{"seq":"49","sqcand":"10000880582","n":"13333","nm":"ANTONIO GOMES DO AMARAL","cc":"PT","nv":" ","e":"n","st":"Suplente","dvt":"V\u00e1lido","vap":"7","pvap":"   0,12"},{"seq":"25","sqcand":"10001253533","n":"15001","nm":"KEMY FERNANDES","cc":"MDB","nv":" ","e":"n","st":"Suplente","dvt":"V\u00e1lido","vap":"68","pvap":"   1,13"},{"seq":"60","sqcand":"10001244708","n":"45123","nm":"CHARLES TESSINARI","cc":"PSDB","nv":" ","e":"n","st":"N\u00e3o eleito","dvt":"V\u00e1lido","vap":"136","pvap":"   2,27"},{"seq":"7","sqcand":"10001013344","n":"77123","nm":"CHICO GOMES","cc":"SOLIDARIEDADE","nv":" ","e":"s","st":"Eleito","dvt":"V\u00e1lido","vap":"141","pvap":"   2,35"},{"seq":"97","sqcand":"10001267733","n":"11567","nm":"ROSANGELA MENDES","cc":"PP","nv":" ","e":"n","st":"N\u00e3o eleito","dvt":"Anulado","vap":"0","pvap":"00.00"},{"seq":"38","sqcand":"10000880589","n":"13610","nm":"MARIA FRETEIRA","cc":"PT","nv":" ","e":"n","st":"Suplente","dvt":"V\u00e1lido","vap":"32","pvap":"   0,53"},{"seq":"13","sqcand":"10001193725","n":"25345","nm":"GILSON ROCHA","cc":"DEM","nv":" ","e":"n","st":"Suplente","dvt":"V\u00e1lido","vap":"109","pvap":"   1,82"},{"seq":"94","sqcand":"10001244704","n":"45666","nm":"LAUDECY DO MUNDICO","cc":"PSDB","nv":" ","e":"n","st":"N\u00e3o eleito","dvt":"V\u00e1lido","vap":"5","pvap":"   0,08"},{"seq":"62","sqcand":"10001015471","n":"55123","nm":"EDMILSON CASTRO","cc":"PSD","nv":" ","e":"n","st":"N\u00e3o eleito","dvt":"V\u00e1lido","vap":"95","pvap":"   1,58"},{"seq":"41","sqcand":"10001193720","n":"25191","nm":"ELIZANGELA","cc":"DEM","nv":" ","e":"n","st":"Suplente","dvt":"V\u00e1lido","vap":"24","pvap":"   0,40"},{"seq":"42","sqcand":"10001253535","n":"15121","nm":"AMANDA MIRANDA","cc":"MDB","nv":" ","e":"n","st":"Suplente","dvt":"V\u00e1lido","vap":"21","pvap":"   0,35"},{"seq":"1","sqcand":"10001253536","n":"15000","nm":"SARA FRANK","cc":"MDB","nv":" ","e":"s","st":"Eleito","dvt":"V\u00e1lido","vap":"315","pvap":"   5,25"},{"seq":"68","sqcand":"10000882325","n":"90456","nm":"DINHO","cc":"PROS","nv":" ","e":"n","st":"N\u00e3o eleito","dvt":"V\u00e1lido","vap":"57","pvap":"   0,95"},{"seq":"46","sqcand":"10000880580","n":"13222","nm":"MARINEZ","cc":"PT","nv":" ","e":"n","st":"Suplente","dvt":"V\u00e1lido","vap":"17","pvap":"   0,28"},{"seq":"80","sqcand":"10001015476","n":"55555","nm":"VANUSA SAUL","cc":"PSD","nv":" ","e":"n","st":"N\u00e3o eleito","dvt":"V\u00e1lido","vap":"20","pvap":"   0,33"},{"seq":"27","sqcand":"10001013338","n":"77777","nm":"SANDRO MARCELO","cc":"SOLIDARIEDADE","nv":" ","e":"n","st":"Suplente","dvt":"V\u00e1lido","vap":"65","pvap":"   1,08"},{"seq":"39","sqcand":"10001013342","n":"77000","nm":"LAEDE","cc":"SOLIDARIEDADE","nv":" ","e":"n","st":"Suplente","dvt":"V\u00e1lido","vap":"31","pvap":"   0,52"},{"seq":"45","sqcand":"10000737495","n":"10444","nm":"SONIDE PAIVA","cc":"REPUBLICANOS","nv":" ","e":"n","st":"Suplente","dvt":"V\u00e1lido","vap":"17","pvap":"   0,28"},{"seq":"35","sqcand":"10000880581","n":"13000","nm":"CARL\u00c3O","cc":"PT","nv":" ","e":"n","st":"Suplente","dvt":"V\u00e1lido","vap":"36","pvap":"   0,60"},{"seq":"16","sqcand":"10001193723","n":"25222","nm":"VALDIR MIGUEL","cc":"DEM","nv":" ","e":"n","st":"Suplente","dvt":"V\u00e1lido","vap":"98","pvap":"   1,63"},{"seq":"82","sqcand":"10001015474","n":"55333","nm":"CIEL","cc":"PSD","nv":" ","e":"n","st":"N\u00e3o eleito","dvt":"V\u00e1lido","vap":"19","pvap":"   0,32"},{"seq":"58","sqcand":"10001267734","n":"11551","nm":"BARBARA CABANELAS","cc":"PP","nv":" ","e":"n","st":"Suplente","dvt":"V\u00e1lido","vap":"0","pvap":"00.00"},{"seq":"50","sqcand":"10001253528","n":"15456","nm":"PASTOR SERGIO COSTA","cc":"MDB","nv":" ","e":"n","st":"Suplente","dvt":"V\u00e1lido","vap":"6","pvap":"   0,10"},{"seq":"43","sqcand":"10001013343","n":"77111","nm":"CACIO BARROS","cc":"SOLIDARIEDADE","nv":" ","e":"n","st":"Suplente","dvt":"V\u00e1lido","vap":"19","pvap":"   0,32"},{"seq":"85","sqcand":"10001194823","n":"12222","nm":"TOIM DA CAPOERA","cc":"PDT","nv":" ","e":"n","st":"N\u00e3o eleito","dvt":"V\u00e1lido","vap":"17","pvap":"   0,28"},{"seq":"36","sqcand":"10001253537","n":"15555","nm":"VANDERLEY","cc":"MDB","nv":" ","e":"n","st":"Suplente","dvt":"V\u00e1lido","vap":"35","pvap":"   0,58"},{"seq":"44","sqcand":"10001253526","n":"15222","nm":"TI\u00c3O","cc":"MDB","nv":" ","e":"n","st":"Suplente","dvt":"V\u00e1lido","vap":"18","pvap":"   0,30"},{"seq":"56","sqcand":"10001253532","n":"15878","nm":"EMES HESPANHOL","cc":"MDB","nv":" ","e":"n","st":"Suplente","dvt":"V\u00e1lido","vap":"2","pvap":"   0,03"},{"seq":"12","sqcand":"10000737490","n":"10222","nm":"CHARLES  OLIVEIRA","cc":"REPUBLICANOS","nv":" ","e":"n","st":"Suplente","dvt":"V\u00e1lido","vap":"116","pvap":"   1,93"},{"seq":"53","sqcand":"10001253527","n":"15777","nm":"JONENILDO","cc":"MDB","nv":" ","e":"n","st":"Suplente","dvt":"V\u00e1lido","vap":"4","pvap":"   0,07"},{"seq":"4","sqcand":"10001193722","n":"25025","nm":"FELIPE PACHECO","cc":"DEM","nv":" ","e":"s","st":"Eleito","dvt":"V\u00e1lido","vap":"175","pvap":"   2,92"},{"seq":"6","sqcand":"10001253531","n":"15120","nm":"IRM\u00c3O JAIR","cc":"MDB","nv":" ","e":"s","st":"Eleito","dvt":"V\u00e1lido","vap":"149","pvap":"   2,48"},{"seq":"21","sqcand":"10001193724","n":"25666","nm":"IVAIR","cc":"DEM","nv":" ","e":"n","st":"Suplente","dvt":"V\u00e1lido","vap":"82","pvap":"   1,37"},{"seq":"72","sqcand":"10000882319","n":"90000","nm":"WENDERSON","cc":"PROS","nv":" ","e":"n","st":"N\u00e3o eleito","dvt":"V\u00e1lido","vap":"45","pvap":"   0,75"},{"seq":"28","sqcand":"10001193717","n":"25123","nm":"GEANE SILVA","cc":"DEM","nv":" ","e":"n","st":"Suplente","dvt":"V\u00e1lido","vap":"59","pvap":"   0,98"}]}
