{"ele":"426","tpabr":"mu","cdabr":"01058","carper":"13","t":"1","f":"o","dt":"15/11/2020","ht":"21:07:28","dv":"s","tf":"s","v":"11","esae":"n","mnae":"","s":"51","st":"51","pst":" 100,00","snt":"0","psnt":"   0,00","si":"51","psi":" 100,00","sni":"0","psni":"   0,00","sa":"51","psa":" 100,00","sna":"0","psna":"   0,00","e":"16844","ea":"16844","pea":" 100,00","ena":"0","pena":"   0,00","esi":"16844","pesi":" 100,00","esni":"0","pesni":"   0,00","c":"13522","pc":"  80,28","a":"3322","pa":"  19,72","vscv":"0","vnom":"12184","vl":"847","pvnom":"  93,50","pvl":"   6,50","vvc":"13110","pvvc":"  96,95","vb":"128","pvb":"   0,95","tvn":"284","ptvn":"   2,10","vn":"284","pvn":" 100,00","vnt":"0","pvnt":"   0,00","vp":"0","pvp":"   0,00","vv":"13031","pvv":"  99,40","van":"0","pvan":"   0,00","vansj":"79","pvansj":"   0,60","tv":"13522","cand":[{"seq":"130","sqcand":"10000932191","n":"27444","nm":"NONATO MARCOLINO","cc":"DC","nv":" ","e":"n","st":"N\u00e3o eleito","dvt":"V\u00e1lido","vap":"7","pvap":"   0,05"},{"seq":"114","sqcand":"10001133378","n":"65555","nm":"CHAGA DA BRASBOL ","cc":"PC do B","nv":" ","e":"n","st":"N\u00e3o eleito","dvt":"V\u00e1lido","vap":"41","pvap":"   0,31"},{"seq":"120","sqcand":"10001214030","n":"17177","nm":"TOMPSON DO A\u00c7OUGUE","cc":"PSL","nv":" ","e":"n","st":"N\u00e3o eleito","dvt":"V\u00e1lido","vap":"25","pvap":"   0,19"},{"seq":"128","sqcand":"10000882785","n":"45155","nm":"MARI SILVA","cc":"PSDB","nv":" ","e":"n","st":"N\u00e3o eleito","dvt":"V\u00e1lido","vap":"9","pvap":"   0,07"},{"seq":"40","sqcand":"10001214273","n":"55500","nm":"MARIO ELETRICISTA","cc":"PSD","nv":" ","e":"n","st":"Suplente","dvt":"V\u00e1lido","vap":"99","pvap":"   0,76"},{"seq":"10","sqcand":"10001013073","n":"77888","nm":"ARLETE AMARAL","cc":"SOLIDARIEDADE","nv":" ","e":"s","st":"Eleito","dvt":"V\u00e1lido","vap":"240","pvap":"   1,83"},{"seq":"99","sqcand":"10001013072","n":"77444","nm":"DARIANE MATOS","cc":"SOLIDARIEDADE","nv":" ","e":"n","st":"Suplente","dvt":"V\u00e1lido","vap":"6","pvap":"   0,05"},{"seq":"62","sqcand":"10000832745","n":"40345","nm":"RAIMUNDO MOUREIRA","cc":"PSB","nv":" ","e":"n","st":"Suplente","dvt":"V\u00e1lido","vap":"47","pvap":"   0,36"},{"seq":"57","sqcand":"10000881236","n":"13613","nm":"MARCILENY RODRIGUES","cc":"PT","nv":" ","e":"n","st":"Suplente","dvt":"V\u00e1lido","vap":"60","pvap":"   0,46"},{"seq":"129","sqcand":"10000882778","n":"45014","nm":"FELIPE VIDAL","cc":"PSDB","nv":" ","e":"n","st":"N\u00e3o eleito","dvt":"V\u00e1lido","vap":"8","pvap":"   0,06"},{"seq":"48","sqcand":"10001013076","n":"77777","nm":"CIDINEI DAMACENO","cc":"SOLIDARIEDADE","nv":" ","e":"n","st":"Suplente","dvt":"V\u00e1lido","vap":"80","pvap":"   0,61"},{"seq":"1","sqcand":"10000881723","n":"90100","nm":"ROG\u00c9RIO PONTES","cc":"PROS","nv":" ","e":"s","st":"Eleito","dvt":"V\u00e1lido","vap":"493","pvap":"   3,76"},{"seq":"124","sqcand":"10001214025","n":"17001","nm":"Z\u00c9LIA DA FARM\u00c1CIA","cc":"PSL","nv":" ","e":"n","st":"N\u00e3o eleito","dvt":"V\u00e1lido","vap":"14","pvap":"   0,11"},{"seq":"95","sqcand":"10001212796","n":"15120","nm":"NETE DA GR\u00c1FICA","cc":"MDB","nv":" ","e":"n","st":"Suplente","dvt":"V\u00e1lido","vap":"8","pvap":"   0,06"},{"seq":"117","sqcand":"10000882780","n":"45125","nm":"JOELSON CARVALHO","cc":"PSDB","nv":" ","e":"n","st":"N\u00e3o eleito","dvt":"V\u00e1lido","vap":"36","pvap":"   0,27"},{"seq":"125","sqcand":"10000882782","n":"45111","nm":"IVO FERREIRA","cc":"PSDB","nv":" ","e":"n","st":"N\u00e3o eleito","dvt":"V\u00e1lido","vap":"13","pvap":"   0,10"},{"seq":"102","sqcand":"10001013088","n":"77555","nm":"CLEONICE RODRIGUES","cc":"SOLIDARIEDADE","nv":" ","e":"n","st":"Suplente","dvt":"V\u00e1lido","vap":"3","pvap":"   0,02"},{"seq":"88","sqcand":"10001132224","n":"11000","nm":"CHICO DANTAS","cc":"PP","nv":" ","e":"n","st":"Suplente","dvt":"V\u00e1lido","vap":"15","pvap":"   0,11"},{"seq":"53","sqcand":"10001212794","n":"15567","nm":"JO\u00c3O LEAL","cc":"MDB","nv":" ","e":"n","st":"Suplente","dvt":"V\u00e1lido","vap":"69","pvap":"   0,53"},{"seq":"113","sqcand":"10000932194","n":"27026","nm":"MIRTES FERREIRA","cc":"DC","nv":" ","e":"n","st":"N\u00e3o eleito","dvt":"Anulado sub judice","vap":"48","pvap":"   0,37"},{"seq":"111","sqcand":"10001263349","n":"17666","nm":"ADEMILDO DO AR CONDICIONADO","cc":"PSL","nv":" ","e":"n","st":"N\u00e3o eleito","dvt":"V\u00e1lido","vap":"59","pvap":"   0,45"},{"seq":"110","sqcand":"10001214031","n":"17015","nm":"LIANE DA MEDICINA VETERINARIA","cc":"PSL","nv":" ","e":"n","st":"N\u00e3o eleito","dvt":"V\u00e1lido","vap":"59","pvap":"   0,45"},{"seq":"96","sqcand":"10001132216","n":"11333","nm":"ELIEL ARA\u00daJO","cc":"PP","nv":" ","e":"n","st":"Suplente","dvt":"V\u00e1lido","vap":"8","pvap":"   0,06"},{"seq":"80","sqcand":"10001214274","n":"55225","nm":"PERUTHY","cc":"PSD","nv":" ","e":"n","st":"Suplente","dvt":"V\u00e1lido","vap":"24","pvap":"   0,18"},{"seq":"74","sqcand":"10001132229","n":"11011","nm":"RONY CASTRO","cc":"PP","nv":" ","e":"n","st":"Suplente","dvt":"V\u00e1lido","vap":"30","pvap":"   0,23"},{"seq":"73","sqcand":"10001214268","n":"55465","nm":"ENFERMEIRA ELIETE","cc":"PSD","nv":" ","e":"n","st":"Suplente","dvt":"V\u00e1lido","vap":"31","pvap":"   0,24"},{"seq":"31","sqcand":"10001214266","n":"55678","nm":"RILSOM","cc":"PSD","nv":" ","e":"n","st":"Suplente","dvt":"V\u00e1lido","vap":"142","pvap":"   1,08"},{"seq":"76","sqcand":"10001013081","n":"77140","nm":"JONAS FROTA","cc":"SOLIDARIEDADE","nv":" ","e":"n","st":"Suplente","dvt":"V\u00e1lido","vap":"30","pvap":"   0,23"},{"seq":"14","sqcand":"10000881717","n":"90333","nm":"LUIZA CARLOTA","cc":"PROS","nv":" ","e":"n","st":"Suplente","dvt":"V\u00e1lido","vap":"221","pvap":"   1,69"},{"seq":"71","sqcand":"10001013079","n":"77999","nm":"NICIA SOARES","cc":"SOLIDARIEDADE","nv":" ","e":"n","st":"Suplente","dvt":"V\u00e1lido","vap":"32","pvap":"   0,24"},{"seq":"29","sqcand":"10001212803","n":"15123","nm":"TEREZA COM CERTEZA","cc":"MDB","nv":" ","e":"n","st":"Suplente","dvt":"V\u00e1lido","vap":"145","pvap":"   1,11"},{"seq":"35","sqcand":"10000881238","n":"13130","nm":"ROG\u00c9RIA GONDIM","cc":"PT","nv":" ","e":"n","st":"Suplente","dvt":"V\u00e1lido","vap":"119","pvap":"   0,91"},{"seq":"33","sqcand":"10000881721","n":"90111","nm":"ROMARIO CAMPELO","cc":"PROS","nv":" ","e":"n","st":"Suplente","dvt":"V\u00e1lido","vap":"130","pvap":"   0,99"},{"seq":"44","sqcand":"10000881228","n":"13040","nm":"EDILANIA BRAGA","cc":"PT","nv":" ","e":"n","st":"Suplente","dvt":"V\u00e1lido","vap":"94","pvap":"   0,72"},{"seq":"42","sqcand":"10001132225","n":"11789","nm":"PROF VILMA GALLI","cc":"PP","nv":" ","e":"n","st":"Suplente","dvt":"V\u00e1lido","vap":"98","pvap":"   0,75"},{"seq":"115","sqcand":"10000882779","n":"45317","nm":"LENE TEIXEIRA","cc":"PSDB","nv":" ","e":"n","st":"N\u00e3o eleito","dvt":"V\u00e1lido","vap":"39","pvap":"   0,30"},{"seq":"8","sqcand":"10001212804","n":"15678","nm":"MARQUINHOS TIB\u00daRCIO","cc":"MDB","nv":" ","e":"s","st":"Eleito","dvt":"V\u00e1lido","vap":"313","pvap":"   2,39"},{"seq":"16","sqcand":"10001013084","n":"77743","nm":"JO\u00c3O ROCHA","cc":"SOLIDARIEDADE","nv":" ","e":"n","st":"Suplente","dvt":"V\u00e1lido","vap":"203","pvap":"   1,55"},{"seq":"2","sqcand":"10000881229","n":"13456","nm":"ELENILSON CRUZ","cc":"PT","nv":" ","e":"s","st":"Eleito","dvt":"V\u00e1lido","vap":"418","pvap":"   3,19"},{"seq":"21","sqcand":"10000832742","n":"40777","nm":"ROZEVETE","cc":"PSB","nv":" ","e":"n","st":"Suplente","dvt":"V\u00e1lido","vap":"166","pvap":"   1,27"},{"seq":"13","sqcand":"10001214270","n":"55000","nm":"IZABELLE ARAUJO","cc":"PSD","nv":" ","e":"n","st":"Suplente","dvt":"V\u00e1lido","vap":"228","pvap":"   1,74"},{"seq":"60","sqcand":"10000881722","n":"90090","nm":"JOS\u00c9 RAILTON","cc":"PROS","nv":" ","e":"n","st":"Suplente","dvt":"V\u00e1lido","vap":"51","pvap":"   0,39"},{"seq":"20","sqcand":"10001013078","n":"77077","nm":"BIDU DO Z\u00c9 GARROTE","cc":"SOLIDARIEDADE","nv":" ","e":"n","st":"Suplente","dvt":"V\u00e1lido","vap":"173","pvap":"   1,32"},{"seq":"106","sqcand":"10000882781","n":"45045","nm":"BOLACHA","cc":"PSDB","nv":" ","e":"n","st":"N\u00e3o eleito","dvt":"V\u00e1lido","vap":"106","pvap":"   0,81"},{"seq":"61","sqcand":"10000832741","n":"40040","nm":"EUG\u00caNIO","cc":"PSB","nv":" ","e":"n","st":"Suplente","dvt":"V\u00e1lido","vap":"50","pvap":"   0,38"},{"seq":"86","sqcand":"10000832746","n":"40444","nm":"DIORIZA LIMA","cc":"PSB","nv":" ","e":"n","st":"Suplente","dvt":"V\u00e1lido","vap":"17","pvap":"   0,13"},{"seq":"116","sqcand":"10000932190","n":"27123","nm":"Z\u00c9 AUGUSTO","cc":"DC","nv":" ","e":"n","st":"N\u00e3o eleito","dvt":"V\u00e1lido","vap":"38","pvap":"   0,29"},{"seq":"131","sqcand":"10000882784","n":"45555","nm":"CARAPAN\u00c3","cc":"PSDB","nv":" ","e":"n","st":"N\u00e3o eleito","dvt":"V\u00e1lido","vap":"7","pvap":"   0,05"},{"seq":"69","sqcand":"10001132226","n":"11555","nm":"RAILDA SOUZA","cc":"PP","nv":" ","e":"n","st":"Suplente","dvt":"V\u00e1lido","vap":"35","pvap":"   0,27"},{"seq":"91","sqcand":"10001263348","n":"11234","nm":"ANTONIO NASCIMENTO","cc":"PP","nv":" ","e":"n","st":"Suplente","dvt":"V\u00e1lido","vap":"12","pvap":"   0,09"},{"seq":"36","sqcand":"10000881233","n":"13123","nm":"ANT\u00d4NIO FRANCISCO","cc":"PT","nv":" ","e":"n","st":"Suplente","dvt":"V\u00e1lido","vap":"116","pvap":"   0,88"},{"seq":"34","sqcand":"10000832732","n":"40190","nm":"EDMILSON","cc":"PSB","nv":" ","e":"n","st":"Suplente","dvt":"V\u00e1lido","vap":"124","pvap":"   0,95"},{"seq":"30","sqcand":"10000881237","n":"13555","nm":"LACERDA","cc":"PT","nv":" ","e":"n","st":"Suplente","dvt":"V\u00e1lido","vap":"142","pvap":"   1,08"},{"seq":"38","sqcand":"10000832735","n":"40366","nm":"COSMO FI\u00c9SCA","cc":"PSB","nv":" ","e":"n","st":"Suplente","dvt":"V\u00e1lido","vap":"101","pvap":"   0,77"},{"seq":"67","sqcand":"10001132220","n":"11777","nm":"PROF IARA MESQUITA","cc":"PP","nv":" ","e":"n","st":"Suplente","dvt":"V\u00e1lido","vap":"43","pvap":"   0,33"},{"seq":"87","sqcand":"10001132223","n":"11456","nm":"FARLEI","cc":"PP","nv":" ","e":"n","st":"Suplente","dvt":"V\u00e1lido","vap":"16","pvap":"   0,12"},{"seq":"5","sqcand":"10000881241","n":"13999","nm":"MARINETE MESQUITA","cc":"PT","nv":" ","e":"s","st":"Eleito","dvt":"V\u00e1lido","vap":"345","pvap":"   2,63"},{"seq":"127","sqcand":"10000882786","n":"45540","nm":"FAUSTINA","cc":"PSDB","nv":" ","e":"n","st":"N\u00e3o eleito","dvt":"V\u00e1lido","vap":"9","pvap":"   0,07"},{"seq":"65","sqcand":"10001013087","n":"77222","nm":"GALEGO DO ARISTEL","cc":"SOLIDARIEDADE","nv":" ","e":"n","st":"Suplente","dvt":"V\u00e1lido","vap":"44","pvap":"   0,34"},{"seq":"85","sqcand":"10000881726","n":"90101","nm":"EMILIANA","cc":"PROS","nv":" ","e":"n","st":"Suplente","dvt":"V\u00e1lido","vap":"18","pvap":"   0,14"},{"seq":"70","sqcand":"10000881728","n":"90789","nm":"COMISS\u00c1RIO","cc":"PROS","nv":" ","e":"n","st":"Suplente","dvt":"V\u00e1lido","vap":"32","pvap":"   0,24"},{"seq":"78","sqcand":"10001132227","n":"11117","nm":"AD\u00c3O","cc":"PP","nv":" ","e":"n","st":"Suplente","dvt":"V\u00e1lido","vap":"26","pvap":"   0,20"},{"seq":"64","sqcand":"10001214275","n":"55222","nm":"DHIONY GON\u00c7ALVES","cc":"PSD","nv":" ","e":"n","st":"Suplente","dvt":"V\u00e1lido","vap":"44","pvap":"   0,34"},{"seq":"97","sqcand":"10001132219","n":"11123","nm":"OLIVIA RAMOS","cc":"PP","nv":" ","e":"n","st":"Suplente","dvt":"V\u00e1lido","vap":"7","pvap":"   0,05"},{"seq":"45","sqcand":"10001212795","n":"15015","nm":"PROFESSORA JULIANA","cc":"MDB","nv":" ","e":"n","st":"Suplente","dvt":"V\u00e1lido","vap":"93","pvap":"   0,71"},{"seq":"79","sqcand":"10001013080","n":"77889","nm":"ROSIVAN ALBUQUERQUE","cc":"SOLIDARIEDADE","nv":" ","e":"n","st":"Suplente","dvt":"V\u00e1lido","vap":"26","pvap":"   0,20"},{"seq":"7","sqcand":"10001212801","n":"15151","nm":"REINALDO GADELHA","cc":"MDB","nv":" ","e":"s","st":"Eleito","dvt":"V\u00e1lido","vap":"337","pvap":"   2,57"},{"seq":"109","sqcand":"10001214029","n":"17555","nm":"ARITAN ALMEIDA","cc":"PSL","nv":" ","e":"n","st":"N\u00e3o eleito","dvt":"V\u00e1lido","vap":"74","pvap":"   0,56"},{"seq":"12","sqcand":"10000881716","n":"90123","nm":"ZICO ROCHA","cc":"PROS","nv":" ","e":"n","st":"Suplente","dvt":"V\u00e1lido","vap":"296","pvap":"   2,26"},{"seq":"23","sqcand":"10001013077","n":"77456","nm":"ERIVAN SILVA","cc":"SOLIDARIEDADE","nv":" ","e":"n","st":"Suplente","dvt":"V\u00e1lido","vap":"158","pvap":"   1,21"},{"seq":"4","sqcand":"10000881232","n":"13100","nm":"JORGE DA LAURA","cc":"PT","nv":" ","e":"s","st":"Eleito","dvt":"V\u00e1lido","vap":"352","pvap":"   2,68"},{"seq":"37","sqcand":"10001212805","n":"15555","nm":"JO\u00c3O BAIANO","cc":"MDB","nv":" ","e":"n","st":"Suplente","dvt":"V\u00e1lido","vap":"114","pvap":"   0,87"},{"seq":"22","sqcand":"10000832737","n":"40100","nm":"T\u00c9C ENF DENILSON","cc":"PSB","nv":" ","e":"n","st":"Suplente","dvt":"V\u00e1lido","vap":"158","pvap":"   1,21"},{"seq":"26","sqcand":"10000881227","n":"13013","nm":"ALEF CORREIA","cc":"PT","nv":" ","e":"n","st":"Suplente","dvt":"V\u00e1lido","vap":"155","pvap":"   1,18"},{"seq":"81","sqcand":"10001132215","n":"11999","nm":"CAMILA JOVANE","cc":"PP","nv":" ","e":"n","st":"Suplente","dvt":"V\u00e1lido","vap":"24","pvap":"   0,18"},{"seq":"46","sqcand":"10001132228","n":"11222","nm":"MISSION\u00c1RIA ELIETE GON\u00c7ALVES","cc":"PP","nv":" ","e":"n","st":"Suplente","dvt":"V\u00e1lido","vap":"86","pvap":"   0,66"},{"seq":"105","sqcand":"10001214027","n":"17123","nm":"VETERIN\u00c1RIO LEANDRO BARBOSA","cc":"PSL","nv":" ","e":"n","st":"N\u00e3o eleito","dvt":"V\u00e1lido","vap":"169","pvap":"   1,29"},{"seq":"107","sqcand":"10000882788","n":"45222","nm":"MARCOS CLEMENTE","cc":"PSDB","nv":" ","e":"n","st":"N\u00e3o eleito","dvt":"V\u00e1lido","vap":"100","pvap":"   0,76"},{"seq":"24","sqcand":"10000832743","n":"40333","nm":"Z\u00c9 GABRIELE","cc":"PSB","nv":" ","e":"n","st":"Suplente","dvt":"V\u00e1lido","vap":"156","pvap":"   1,19"},{"seq":"101","sqcand":"10000881727","n":"90900","nm":"NEILINHA","cc":"PROS","nv":" ","e":"n","st":"Suplente","dvt":"V\u00e1lido","vap":"3","pvap":"   0,02"},{"seq":"9","sqcand":"10001132221","n":"11345","nm":"LEONIR","cc":"PP","nv":" ","e":"s","st":"Eleito","dvt":"V\u00e1lido","vap":"261","pvap":"   1,99"},{"seq":"18","sqcand":"10001212799","n":"15456","nm":"ZEMAR","cc":"MDB","nv":" ","e":"n","st":"Suplente","dvt":"V\u00e1lido","vap":"190","pvap":"   1,45"},{"seq":"84","sqcand":"10001212798","n":"15600","nm":"F\u00c1BIO DO SALGADO","cc":"MDB","nv":" ","e":"n","st":"Suplente","dvt":"V\u00e1lido","vap":"19","pvap":"   0,14"},{"seq":"51","sqcand":"10000832739","n":"40007","nm":"ABRAH\u00c3O MESQUITA","cc":"PSB","nv":" ","e":"n","st":"Suplente","dvt":"V\u00e1lido","vap":"77","pvap":"   0,59"},{"seq":"123","sqcand":"10001133377","n":"65022","nm":"LEOVANIA","cc":"PC do B","nv":" ","e":"n","st":"N\u00e3o eleito","dvt":"V\u00e1lido","vap":"15","pvap":"   0,11"},{"seq":"6","sqcand":"10000881724","n":"90000","nm":"JURANDIR QUEIROZ","cc":"PROS","nv":" ","e":"s","st":"Eleito","dvt":"V\u00e1lido","vap":"341","pvap":"   2,60"},{"seq":"82","sqcand":"10000881235","n":"13222","nm":"JOSE PAES","cc":"PT","nv":" ","e":"n","st":"Suplente","dvt":"V\u00e1lido","vap":"23","pvap":"   0,18"},{"seq":"28","sqcand":"10000881234","n":"13000","nm":"DEUZIMAR","cc":"PT","nv":" ","e":"n","st":"Suplente","dvt":"V\u00e1lido","vap":"149","pvap":"   1,14"},{"seq":"83","sqcand":"10000832734","n":"40123","nm":"PROF S\u00d4NIA PINHEIRO","cc":"PSB","nv":" ","e":"n","st":"Suplente","dvt":"V\u00e1lido","vap":"22","pvap":"   0,17"},{"seq":"92","sqcand":"10001270636","n":"77123","nm":"JOAQUINZIM DA ELETRA","cc":"SOLIDARIEDADE","nv":" ","e":"n","st":"Suplente","dvt":"V\u00e1lido","vap":"11","pvap":"   0,08"},{"seq":"43","sqcand":"10000881230","n":"13670","nm":"EDU","cc":"PT","nv":" ","e":"n","st":"Suplente","dvt":"V\u00e1lido","vap":"94","pvap":"   0,72"},{"seq":"100","sqcand":"10000881729","n":"90059","nm":"THAY ANDRADE","cc":"PROS","nv":" ","e":"n","st":"Suplente","dvt":"V\u00e1lido","vap":"4","pvap":"   0,03"},{"seq":"27","sqcand":"10000832740","n":"40111","nm":"PROF ADOLFO PAULO","cc":"PSB","nv":" ","e":"n","st":"Suplente","dvt":"V\u00e1lido","vap":"150","pvap":"   1,14"},{"seq":"108","sqcand":"10001133375","n":"65000","nm":"NEGA ","cc":"PC do B","nv":" ","e":"n","st":"N\u00e3o eleito","dvt":"V\u00e1lido","vap":"94","pvap":"   0,72"},{"seq":"66","sqcand":"10001013085","n":"77177","nm":"PETRONILIO FERREIRA","cc":"SOLIDARIEDADE","nv":" ","e":"n","st":"Suplente","dvt":"V\u00e1lido","vap":"44","pvap":"   0,34"},{"seq":"3","sqcand":"10001214269","n":"55123","nm":"LEOMAR BARBOSA","cc":"PSD","nv":" ","e":"s","st":"Eleito","dvt":"V\u00e1lido","vap":"382","pvap":"   2,91"},{"seq":"68","sqcand":"10000881720","n":"90141","nm":"ANDR\u00c9 BOIADEIRO","cc":"PROS","nv":" ","e":"n","st":"Suplente","dvt":"V\u00e1lido","vap":"43","pvap":"   0,33"},{"seq":"72","sqcand":"10001013082","n":"77333","nm":"EUCILENE LIMA","cc":"SOLIDARIEDADE","nv":" ","e":"n","st":"Suplente","dvt":"V\u00e1lido","vap":"32","pvap":"   0,24"},{"seq":"126","sqcand":"10000932192","n":"27000","nm":"NAZIRA PAULA","cc":"DC","nv":" ","e":"n","st":"N\u00e3o eleito","dvt":"V\u00e1lido","vap":"11","pvap":"   0,08"},{"seq":"93","sqcand":"10001263347","n":"11888","nm":"VALMIR RIBEIRO","cc":"PP","nv":" ","e":"n","st":"Suplente","dvt":"V\u00e1lido","vap":"11","pvap":"   0,08"},{"seq":"58","sqcand":"10001013083","n":"77000","nm":"PASTOR MARCELO","cc":"SOLIDARIEDADE","nv":" ","e":"n","st":"Suplente","dvt":"V\u00e1lido","vap":"57","pvap":"   0,43"},{"seq":"103","sqcand":"10001013074","n":"77113","nm":"CELINA COSTA","cc":"SOLIDARIEDADE","nv":" ","e":"n","st":"Suplente","dvt":"V\u00e1lido","vap":"0","pvap":"00.00"},{"seq":"55","sqcand":"10000832738","n":"40456","nm":"ELIAS CAETANO","cc":"PSB","nv":" ","e":"n","st":"Suplente","dvt":"V\u00e1lido","vap":"62","pvap":"   0,47"},{"seq":"47","sqcand":"10001214271","n":"55555","nm":"BIO FABIOLA","cc":"PSD","nv":" ","e":"n","st":"Suplente","dvt":"V\u00e1lido","vap":"86","pvap":"   0,66"},{"seq":"39","sqcand":"10000881718","n":"90555","nm":"JUNIOR ARA\u00daJO","cc":"PROS","nv":" ","e":"n","st":"Suplente","dvt":"V\u00e1lido","vap":"101","pvap":"   0,77"},{"seq":"52","sqcand":"10000832733","n":"40527","nm":"PAULO CAVALCANTE","cc":"PSB","nv":" ","e":"n","st":"Suplente","dvt":"V\u00e1lido","vap":"72","pvap":"   0,55"},{"seq":"19","sqcand":"10001212800","n":"15234","nm":"PROF JACINTO","cc":"MDB","nv":" ","e":"n","st":"Suplente","dvt":"V\u00e1lido","vap":"179","pvap":"   1,37"},{"seq":"56","sqcand":"10001013086","n":"77332","nm":"MANO","cc":"SOLIDARIEDADE","nv":" ","e":"n","st":"Suplente","dvt":"V\u00e1lido","vap":"61","pvap":"   0,47"},{"seq":"75","sqcand":"10001214277","n":"55111","nm":"ANA CLAUDIA","cc":"PSD","nv":" ","e":"n","st":"Suplente","dvt":"V\u00e1lido","vap":"30","pvap":"   0,23"},{"seq":"63","sqcand":"10000881239","n":"13111","nm":"TIANA VALENTIN","cc":"PT","nv":" ","e":"n","st":"Suplente","dvt":"V\u00e1lido","vap":"46","pvap":"   0,35"},{"seq":"15","sqcand":"10000881231","n":"13113","nm":"JO\u00c3O DO SINDICATO","cc":"PT","nv":" ","e":"n","st":"Suplente","dvt":"V\u00e1lido","vap":"207","pvap":"   1,58"},{"seq":"25","sqcand":"10000881242","n":"13333","nm":"FRANCISCO RIBEIRO","cc":"PT","nv":" ","e":"n","st":"Suplente","dvt":"V\u00e1lido","vap":"155","pvap":"   1,18"},{"seq":"118","sqcand":"10001133374","n":"65123","nm":"NEG\u00c3O DO PIPA","cc":"PC do B","nv":" ","e":"n","st":"N\u00e3o eleito","dvt":"Anulado sub judice","vap":"31","pvap":"   0,24"},{"seq":"104","sqcand":"10000932189","n":"27777","nm":"ALMIR ANDRADE","cc":"DC","nv":" ","e":"n","st":"N\u00e3o eleito","dvt":"V\u00e1lido","vap":"324","pvap":"   2,47"},{"seq":"49","sqcand":"10000881725","n":"90456","nm":"ANACLECIA ALVES","cc":"PROS","nv":" ","e":"n","st":"Suplente","dvt":"V\u00e1lido","vap":"80","pvap":"   0,61"},{"seq":"41","sqcand":"10001212797","n":"15000","nm":"PROF VAL","cc":"MDB","nv":" ","e":"n","st":"Suplente","dvt":"V\u00e1lido","vap":"99","pvap":"   0,76"},{"seq":"122","sqcand":"10001214026","n":"17017","nm":"ALEXANDRE MAIA","cc":"PSL","nv":" ","e":"n","st":"N\u00e3o eleito","dvt":"V\u00e1lido","vap":"18","pvap":"   0,14"},{"seq":"94","sqcand":"10000881715","n":"90345","nm":"F\u00c1BIA LIMA","cc":"PROS","nv":" ","e":"n","st":"Suplente","dvt":"V\u00e1lido","vap":"9","pvap":"   0,07"},{"seq":"119","sqcand":"10000932193","n":"27190","nm":"ALDA RADINE","cc":"DC","nv":" ","e":"n","st":"N\u00e3o eleito","dvt":"V\u00e1lido","vap":"30","pvap":"   0,23"},{"seq":"121","sqcand":"10000882787","n":"45000","nm":"SIDNEY CARDOSO","cc":"PSDB","nv":" ","e":"n","st":"N\u00e3o eleito","dvt":"V\u00e1lido","vap":"24","pvap":"   0,18"},{"seq":"132","sqcand":"10000882783","n":"45123","nm":"VANESSA AMORIM","cc":"PSDB","nv":" ","e":"n","st":"N\u00e3o eleito","dvt":"V\u00e1lido","vap":"7","pvap":"   0,05"},{"seq":"50","sqcand":"10000832736","n":"40400","nm":"JUCY","cc":"PSB","nv":" ","e":"n","st":"Suplente","dvt":"V\u00e1lido","vap":"79","pvap":"   0,60"},{"seq":"59","sqcand":"10001214272","n":"55001","nm":"DEYWE LIMA CANTOR","cc":"PSD","nv":" ","e":"n","st":"Suplente","dvt":"V\u00e1lido","vap":"56","pvap":"   0,43"},{"seq":"77","sqcand":"10001132218","n":"11567","nm":"RONALDO RIBEIRO","cc":"PP","nv":" ","e":"n","st":"Suplente","dvt":"V\u00e1lido","vap":"29","pvap":"   0,22"},{"seq":"90","sqcand":"10001214276","n":"55025","nm":"VICENTE PEREIRA","cc":"PSD","nv":" ","e":"n","st":"Suplente","dvt":"V\u00e1lido","vap":"13","pvap":"   0,10"},{"seq":"89","sqcand":"10000881240","n":"13059","nm":"ALEXANDRE XAND\u00c3O","cc":"PT","nv":" ","e":"n","st":"Suplente","dvt":"V\u00e1lido","vap":"15","pvap":"   0,11"},{"seq":"11","sqcand":"10000832747","n":"40000","nm":"NEIVA BADOTTI","cc":"PSB","nv":" ","e":"s","st":"Eleito","dvt":"V\u00e1lido","vap":"201","pvap":"   1,53"},{"seq":"54","sqcand":"10000881719","n":"90222","nm":"ERISVALDO SOUZA","cc":"PROS","nv":" ","e":"n","st":"Suplente","dvt":"V\u00e1lido","vap":"65","pvap":"   0,50"},{"seq":"32","sqcand":"10001132217","n":"11111","nm":"ADRIANO AZEVEDO","cc":"PP","nv":" ","e":"n","st":"Suplente","dvt":"V\u00e1lido","vap":"136","pvap":"   1,04"},{"seq":"98","sqcand":"10000832744","n":"40888","nm":"DARCIZETE QUEIROZ","cc":"PSB","nv":" ","e":"n","st":"Suplente","dvt":"V\u00e1lido","vap":"6","pvap":"   0,05"},{"seq":"17","sqcand":"10001214267","n":"55055","nm":"SABA MORAES","cc":"PSD","nv":" ","e":"n","st":"Suplente","dvt":"V\u00e1lido","vap":"194","pvap":"   1,48"},{"seq":"112","sqcand":"10001214028","n":"17000","nm":"LAUDENEIDE ALVES","cc":"PSL","nv":" ","e":"n","st":"N\u00e3o eleito","dvt":"V\u00e1lido","vap":"51","pvap":"   0,39"}]}
