{"ele":"426","tpabr":"mu","cdabr":"01066","carper":"13","t":"1","f":"o","dt":"15/11/2020","ht":"22:20:01","dv":"s","tf":"n","v":"9","esae":"n","mnae":"","s":"23","st":"23","pst":" 100,00","snt":"0","psnt":"   0,00","si":"23","psi":" 100,00","sni":"0","psni":"   0,00","sa":"23","psa":" 100,00","sna":"0","psna":"   0,00","e":"6570","ea":"6570","pea":" 100,00","ena":"0","pena":"   0,00","esi":"6570","pesi":" 100,00","esni":"0","pesni":"   0,00","c":"5658","pc":"  86,12","a":"912","pa":"  13,88","vscv":"0","vnom":"5192","vl":"283","pvnom":"  94,83","pvl":"   5,17","vvc":"5475","pvvc":"  96,77","vb":"24","pvb":"   0,42","tvn":"159","ptvn":"   2,81","vn":"157","pvn":"  98,74","vnt":"2","pvnt":"   1,26","vp":"0","pvp":"   0,00","vv":"5475","pvv":" 100,00","van":"0","pvan":"   0,00","vansj":"0","pvansj":"   0,00","tv":"5658","cand":[{"seq":"23","sqcand":"10001209426","n":"13456","nm":"RALINE","cc":"PT","nv":" ","e":"n","st":"","dvt":"V\u00e1lido","vap":"72","pvap":"   1,32"},{"seq":"38","sqcand":"10000788635","n":"15555","nm":"ARISSON NUNES","cc":"MDB","nv":" ","e":"n","st":"","dvt":"V\u00e1lido","vap":"41","pvap":"   0,75"},{"seq":"51","sqcand":"10001267958","n":"15125","nm":"VIRGULINO","cc":"MDB","nv":" ","e":"n","st":"","dvt":"V\u00e1lido","vap":"20","pvap":"   0,37"},{"seq":"60","sqcand":"10001015058","n":"25456","nm":"ROMARIO","cc":"DEM","nv":" ","e":"n","st":"","dvt":"V\u00e1lido","vap":"6","pvap":"   0,11"},{"seq":"34","sqcand":"10001260511","n":"45666","nm":"MARGELA BEZERRA","cc":"PSDB","nv":" ","e":"n","st":"","dvt":"V\u00e1lido","vap":"52","pvap":"   0,95"},{"seq":"4","sqcand":"10000801007","n":"55124","nm":"ZE MARIA BRANCO","cc":"PSD","nv":" ","e":"n","st":"","dvt":"V\u00e1lido","vap":"242","pvap":"   4,42"},{"seq":"46","sqcand":"10000890670","n":"65789","nm":"GELSON","cc":"PC do B","nv":" ","e":"n","st":"","dvt":"V\u00e1lido","vap":"27","pvap":"   0,49"},{"seq":"18","sqcand":"10000890169","n":"90123","nm":"MARCILIO LIMA","cc":"PROS","nv":" ","e":"n","st":"","dvt":"V\u00e1lido","vap":"109","pvap":"   1,99"},{"seq":"52","sqcand":"10000890171","n":"90115","nm":"DI\u00c1CONO IVO","cc":"PROS","nv":" ","e":"n","st":"","dvt":"V\u00e1lido","vap":"18","pvap":"   0,33"},{"seq":"57","sqcand":"10000890167","n":"90524","nm":"CLAUDEANE DINIZ","cc":"PROS","nv":" ","e":"n","st":"","dvt":"V\u00e1lido","vap":"10","pvap":"   0,18"},{"seq":"66","sqcand":"10000890176","n":"90117","nm":"JULIANE","cc":"PROS","nv":" ","e":"n","st":"","dvt":"V\u00e1lido","vap":"1","pvap":"   0,02"},{"seq":"48","sqcand":"10001209427","n":"13000","nm":"CHICO BRANCO","cc":"PT","nv":" ","e":"n","st":"","dvt":"V\u00e1lido","vap":"22","pvap":"   0,40"},{"seq":"49","sqcand":"10000788631","n":"15123","nm":"RAIMUNDINHA","cc":"MDB","nv":" ","e":"n","st":"","dvt":"V\u00e1lido","vap":"22","pvap":"   0,40"},{"seq":"1","sqcand":"10000788636","n":"15456","nm":"ROBSON RODRIGUES","cc":"MDB","nv":" ","e":"n","st":"","dvt":"V\u00e1lido","vap":"375","pvap":"   6,85"},{"seq":"30","sqcand":"10000788630","n":"15000","nm":"JOSE MARIA CACIQUE","cc":"MDB","nv":" ","e":"n","st":"","dvt":"V\u00e1lido","vap":"58","pvap":"   1,06"},{"seq":"13","sqcand":"10000788623","n":"15115","nm":"PROFESSORA UILA","cc":"MDB","nv":" ","e":"n","st":"","dvt":"V\u00e1lido","vap":"145","pvap":"   2,65"},{"seq":"45","sqcand":"10000788625","n":"15222","nm":"MARIA JOSE DO MILTON","cc":"MDB","nv":" ","e":"n","st":"","dvt":"V\u00e1lido","vap":"27","pvap":"   0,49"},{"seq":"69","sqcand":"10001015061","n":"25124","nm":"VALDELIA BRITO","cc":"DEM","nv":" ","e":"n","st":"","dvt":"V\u00e1lido","vap":"0","pvap":"00.00"},{"seq":"26","sqcand":"10001015059","n":"25122","nm":"MARDONIO SILVA","cc":"DEM","nv":" ","e":"n","st":"","dvt":"V\u00e1lido","vap":"66","pvap":"   1,21"},{"seq":"35","sqcand":"10001015062","n":"25789","nm":"ZEZIM DO VALDIR","cc":"DEM","nv":" ","e":"n","st":"","dvt":"V\u00e1lido","vap":"47","pvap":"   0,86"},{"seq":"70","sqcand":"10001261751","n":"40401","nm":"ELISSANDRA","cc":"PSB","nv":" ","e":"n","st":"","dvt":"V\u00e1lido","vap":"0","pvap":"00.00"},{"seq":"54","sqcand":"10000997775","n":"45555","nm":"PIAU","cc":"PSDB","nv":" ","e":"n","st":"","dvt":"V\u00e1lido","vap":"15","pvap":"   0,27"},{"seq":"42","sqcand":"10000997773","n":"45111","nm":"VALTER DA TEREZINHA","cc":"PSDB","nv":" ","e":"n","st":"","dvt":"V\u00e1lido","vap":"31","pvap":"   0,57"},{"seq":"62","sqcand":"10000890669","n":"65122","nm":"VALMIRA","cc":"PC do B","nv":" ","e":"n","st":"","dvt":"V\u00e1lido","vap":"5","pvap":"   0,09"},{"seq":"33","sqcand":"10001015137","n":"12345","nm":"CARLOS","cc":"PDT","nv":" ","e":"n","st":"","dvt":"V\u00e1lido","vap":"54","pvap":"   0,99"},{"seq":"36","sqcand":"10001209425","n":"13112","nm":"CHICO DA HILDA","cc":"PT","nv":" ","e":"n","st":"","dvt":"V\u00e1lido","vap":"46","pvap":"   0,84"},{"seq":"2","sqcand":"10000788627","n":"15126","nm":"ZE DO LUCA","cc":"MDB","nv":" ","e":"n","st":"","dvt":"V\u00e1lido","vap":"271","pvap":"   4,95"},{"seq":"15","sqcand":"10000788624","n":"15127","nm":"VAGNER LIMA","cc":"MDB","nv":" ","e":"n","st":"","dvt":"V\u00e1lido","vap":"135","pvap":"   2,47"},{"seq":"50","sqcand":"10000997776","n":"45125","nm":"DANILO","cc":"PSDB","nv":" ","e":"n","st":"","dvt":"V\u00e1lido","vap":"22","pvap":"   0,40"},{"seq":"61","sqcand":"10000801008","n":"55125","nm":"CHICO DO VALDEMAR","cc":"PSD","nv":" ","e":"n","st":"","dvt":"V\u00e1lido","vap":"5","pvap":"   0,09"},{"seq":"22","sqcand":"10000890677","n":"65456","nm":"MARICELO LIMA","cc":"PC do B","nv":" ","e":"n","st":"","dvt":"V\u00e1lido","vap":"75","pvap":"   1,37"},{"seq":"28","sqcand":"10000890170","n":"90201","nm":"NAILSON SOUZA","cc":"PROS","nv":" ","e":"n","st":"","dvt":"V\u00e1lido","vap":"64","pvap":"   1,17"},{"seq":"9","sqcand":"10000890168","n":"90111","nm":"DA CRUZ DIAS","cc":"PROS","nv":" ","e":"n","st":"","dvt":"V\u00e1lido","vap":"200","pvap":"   3,65"},{"seq":"11","sqcand":"10000890166","n":"90114","nm":"ALAN","cc":"PROS","nv":" ","e":"n","st":"","dvt":"V\u00e1lido","vap":"167","pvap":"   3,05"},{"seq":"73","sqcand":"10000890175","n":"90116","nm":"LARISSA","cc":"PROS","nv":" ","e":"n","st":"","dvt":"V\u00e1lido","vap":"0","pvap":"00.00"},{"seq":"65","sqcand":"10001209424","n":"13133","nm":"CHICO PITI","cc":"PT","nv":" ","e":"n","st":"","dvt":"V\u00e1lido","vap":"2","pvap":"   0,04"},{"seq":"71","sqcand":"10001257109","n":"13013","nm":"FRANCISCO ELIVALTER","cc":"PT","nv":" ","e":"n","st":"","dvt":"V\u00e1lido","vap":"0","pvap":"00.00"},{"seq":"47","sqcand":"10000997772","n":"45222","nm":"ZEZINHO DA VANDA","cc":"PSDB","nv":" ","e":"n","st":"","dvt":"V\u00e1lido","vap":"25","pvap":"   0,46"},{"seq":"14","sqcand":"10000801012","n":"55123","nm":"ELICIANE RODRIGUES","cc":"PSD","nv":" ","e":"n","st":"","dvt":"V\u00e1lido","vap":"145","pvap":"   2,65"},{"seq":"20","sqcand":"10000801011","n":"55120","nm":"NILDA","cc":"PSD","nv":" ","e":"n","st":"","dvt":"V\u00e1lido","vap":"95","pvap":"   1,74"},{"seq":"72","sqcand":"10000890672","n":"65000","nm":"HELENA DO TI\u00c3O","cc":"PC do B","nv":" ","e":"n","st":"","dvt":"V\u00e1lido","vap":"0","pvap":"00.00"},{"seq":"63","sqcand":"10000890676","n":"65100","nm":"DARCI CORREIA","cc":"PC do B","nv":" ","e":"n","st":"","dvt":"V\u00e1lido","vap":"4","pvap":"   0,07"},{"seq":"56","sqcand":"10000890172","n":"90000","nm":"ELIMAR FERREIRA","cc":"PROS","nv":" ","e":"n","st":"","dvt":"V\u00e1lido","vap":"11","pvap":"   0,20"},{"seq":"64","sqcand":"10001015136","n":"12115","nm":"TEREZINHA DE ARAUJO BORGES","cc":"PDT","nv":" ","e":"n","st":"","dvt":"V\u00e1lido","vap":"4","pvap":"   0,07"},{"seq":"19","sqcand":"10001209428","n":"13123","nm":"ARINILTON PINHEIRO","cc":"PT","nv":" ","e":"n","st":"","dvt":"V\u00e1lido","vap":"103","pvap":"   1,88"},{"seq":"31","sqcand":"10001015063","n":"25555","nm":"NAZAR\u00c9 DIAS","cc":"DEM","nv":" ","e":"n","st":"","dvt":"V\u00e1lido","vap":"54","pvap":"   0,99"},{"seq":"55","sqcand":"10000890164","n":"90234","nm":"AM\u00c9LIA","cc":"PROS","nv":" ","e":"n","st":"","dvt":"V\u00e1lido","vap":"12","pvap":"   0,22"},{"seq":"37","sqcand":"10001015134","n":"12123","nm":"BRAZ","cc":"PDT","nv":" ","e":"n","st":"","dvt":"V\u00e1lido","vap":"43","pvap":"   0,79"},{"seq":"68","sqcand":"10001015138","n":"12122","nm":"CIDA","cc":"PDT","nv":" ","e":"n","st":"","dvt":"V\u00e1lido","vap":"0","pvap":"00.00"},{"seq":"25","sqcand":"10001209429","n":"13131","nm":"ANT\u00d4NIO DO JURANDI","cc":"PT","nv":" ","e":"n","st":"","dvt":"V\u00e1lido","vap":"69","pvap":"   1,26"},{"seq":"10","sqcand":"10000788633","n":"15122","nm":"CLEIDE SILVA","cc":"MDB","nv":" ","e":"n","st":"","dvt":"V\u00e1lido","vap":"172","pvap":"   3,14"},{"seq":"40","sqcand":"10000788626","n":"15789","nm":"DAIANE SILVA","cc":"MDB","nv":" ","e":"n","st":"","dvt":"V\u00e1lido","vap":"38","pvap":"   0,69"},{"seq":"8","sqcand":"10000788629","n":"15114","nm":"BELO","cc":"MDB","nv":" ","e":"n","st":"","dvt":"V\u00e1lido","vap":"201","pvap":"   3,67"},{"seq":"59","sqcand":"10001257329","n":"25666","nm":"GREICIANE","cc":"DEM","nv":" ","e":"n","st":"","dvt":"V\u00e1lido","vap":"10","pvap":"   0,18"},{"seq":"67","sqcand":"10000997778","n":"45999","nm":"DAURA","cc":"PSDB","nv":" ","e":"n","st":"","dvt":"V\u00e1lido","vap":"0","pvap":"00.00"},{"seq":"43","sqcand":"10000997777","n":"45333","nm":"DAIANE DO NASCIMENTO","cc":"PSDB","nv":" ","e":"n","st":"","dvt":"V\u00e1lido","vap":"29","pvap":"   0,53"},{"seq":"6","sqcand":"10000801005","n":"55222","nm":"LOLA","cc":"PSD","nv":" ","e":"n","st":"","dvt":"V\u00e1lido","vap":"204","pvap":"   3,73"},{"seq":"29","sqcand":"10000890165","n":"90666","nm":"EVANDRO LUCAS","cc":"PROS","nv":" ","e":"n","st":"","dvt":"V\u00e1lido","vap":"60","pvap":"   1,10"},{"seq":"41","sqcand":"10000788634","n":"15333","nm":"CHAGA REGIO","cc":"MDB","nv":" ","e":"n","st":"","dvt":"V\u00e1lido","vap":"33","pvap":"   0,60"},{"seq":"27","sqcand":"10001015064","n":"25123","nm":"ALAILSON PINHEIRO","cc":"DEM","nv":" ","e":"n","st":"","dvt":"V\u00e1lido","vap":"65","pvap":"   1,19"},{"seq":"53","sqcand":"10001015060","n":"25888","nm":"DUDA","cc":"DEM","nv":" ","e":"n","st":"","dvt":"V\u00e1lido","vap":"15","pvap":"   0,27"},{"seq":"17","sqcand":"10000997779","n":"45123","nm":"JUNIOR","cc":"PSDB","nv":" ","e":"n","st":"","dvt":"V\u00e1lido","vap":"110","pvap":"   2,01"},{"seq":"39","sqcand":"10000801006","n":"55115","nm":"VELHO CAMPO DE SANTANA","cc":"PSD","nv":" ","e":"n","st":"","dvt":"V\u00e1lido","vap":"39","pvap":"   0,71"},{"seq":"3","sqcand":"10000890673","n":"65111","nm":"BILIARTE","cc":"PC do B","nv":" ","e":"n","st":"","dvt":"V\u00e1lido","vap":"252","pvap":"   4,60"},{"seq":"16","sqcand":"10000890675","n":"65555","nm":"NOCA","cc":"PC do B","nv":" ","e":"n","st":"","dvt":"V\u00e1lido","vap":"128","pvap":"   2,34"},{"seq":"32","sqcand":"10000890674","n":"65123","nm":"ORLEIR FORTUNATO","cc":"PC do B","nv":" ","e":"n","st":"","dvt":"V\u00e1lido","vap":"54","pvap":"   0,99"},{"seq":"12","sqcand":"10001209423","n":"13113","nm":"\u00c2NGELA DO SINDICATO","cc":"PT","nv":" ","e":"n","st":"","dvt":"V\u00e1lido","vap":"147","pvap":"   2,68"},{"seq":"58","sqcand":"10000997774","n":"45230","nm":"JARDEL","cc":"PSDB","nv":" ","e":"n","st":"","dvt":"V\u00e1lido","vap":"10","pvap":"   0,18"},{"seq":"44","sqcand":"10000801010","n":"55333","nm":"ANGELA DO CANDIRI","cc":"PSD","nv":" ","e":"n","st":"","dvt":"V\u00e1lido","vap":"28","pvap":"   0,51"},{"seq":"7","sqcand":"10000801004","n":"55122","nm":"ROSILDO CASSIANO","cc":"PSD","nv":" ","e":"n","st":"","dvt":"V\u00e1lido","vap":"203","pvap":"   3,71"},{"seq":"5","sqcand":"10000801009","n":"55111","nm":"NEGO DO TEMISTA","cc":"PSD","nv":" ","e":"n","st":"","dvt":"V\u00e1lido","vap":"231","pvap":"   4,22"},{"seq":"24","sqcand":"10000890671","n":"65121","nm":"Z\u00c9 NILSON PAIVA","cc":"PC do B","nv":" ","e":"n","st":"","dvt":"V\u00e1lido","vap":"69","pvap":"   1,26"},{"seq":"21","sqcand":"10000890174","n":"90112","nm":"RAIMUNDO BORGES","cc":"PROS","nv":" ","e":"n","st":"","dvt":"V\u00e1lido","vap":"77","pvap":"   1,41"}]}
