{"ele":"426","tpabr":"mu","cdabr":"01074","carper":"13","t":"1","f":"o","dt":"15/11/2020","ht":"20:10:06","dv":"s","tf":"n","v":"14","esae":"n","mnae":"","s":"168","st":"168","pst":" 100,00","snt":"0","psnt":"   0,00","si":"168","psi":" 100,00","sni":"0","psni":"   0,00","sa":"168","psa":" 100,00","sna":"0","psna":"   0,00","e":"55749","ea":"55749","pea":" 100,00","ena":"0","pena":"   0,00","esi":"55749","pesi":" 100,00","esni":"0","pesni":"   0,00","c":"44533","pc":"  79,88","a":"11216","pa":"  20,12","vscv":"0","vnom":"40879","vl":"2139","pvnom":"  95,03","pvl":"   4,97","vvc":"43295","pvvc":"  97,22","vb":"427","pvb":"   0,96","tvn":"811","ptvn":"   1,82","vn":"811","pvn":" 100,00","vnt":"0","pvnt":"   0,00","vp":"0","pvp":"   0,00","vv":"43018","pvv":"  99,36","van":"0","pvan":"   0,00","vansj":"277","pvansj":"   0,64","tv":"44533","cand":[{"seq":"32","sqcand":"10000788911","n":"65123","nm":"JACSON QUEIROZ","cc":"PC do B","nv":" ","e":"n","st":"","dvt":"V\u00e1lido","vap":"455","pvap":"   1,05"},{"seq":"18","sqcand":"10001154418","n":"11444","nm":"MARIVALDO DA V\u00c1RZEA","cc":"PP","nv":" ","e":"n","st":"","dvt":"V\u00e1lido","vap":"655","pvap":"   1,51"},{"seq":"166","sqcand":"10000788916","n":"65111","nm":"SISNANDO DA TAPIOCA","cc":"PC do B","nv":" ","e":"n","st":"","dvt":"V\u00e1lido","vap":"16","pvap":"   0,04"},{"seq":"9","sqcand":"10000804409","n":"25455","nm":"NOECA","cc":"DEM","nv":" ","e":"n","st":"","dvt":"V\u00e1lido","vap":"825","pvap":"   1,91"},{"seq":"93","sqcand":"10000806560","n":"15230","nm":"FATINHA DA LIMPEZA","cc":"MDB","nv":" ","e":"n","st":"","dvt":"V\u00e1lido","vap":"107","pvap":"   0,25"},{"seq":"118","sqcand":"10000788906","n":"65555","nm":"PROFESSORA ANGELINA MEDEIROS","cc":"PC do B","nv":" ","e":"n","st":"","dvt":"V\u00e1lido","vap":"62","pvap":"   0,14"},{"seq":"43","sqcand":"10001207808","n":"12333","nm":"SERGIANE VIEIRA","cc":"PDT","nv":" ","e":"n","st":"","dvt":"V\u00e1lido","vap":"348","pvap":"   0,80"},{"seq":"38","sqcand":"10001142117","n":"17122","nm":"ELIANS MONTEIRO","cc":"PSL","nv":" ","e":"n","st":"","dvt":"V\u00e1lido","vap":"403","pvap":"   0,93"},{"seq":"70","sqcand":"10000788912","n":"65147","nm":"OMAR TOPOGRAFO","cc":"PC do B","nv":" ","e":"n","st":"","dvt":"V\u00e1lido","vap":"195","pvap":"   0,45"},{"seq":"169","sqcand":"10000788908","n":"65222","nm":"ISNANDA FERNANDES","cc":"PC do B","nv":" ","e":"n","st":"","dvt":"V\u00e1lido","vap":"16","pvap":"   0,04"},{"seq":"184","sqcand":"10001143114","n":"45444","nm":"NELSON VASCA\u00cdNO","cc":"PSDB","nv":" ","e":"n","st":"","dvt":"V\u00e1lido","vap":"9","pvap":"   0,02"},{"seq":"124","sqcand":"10001143120","n":"45111","nm":"LUZA JACOB","cc":"PSDB","nv":" ","e":"n","st":"","dvt":"V\u00e1lido","vap":"53","pvap":"   0,12"},{"seq":"37","sqcand":"10001143130","n":"45000","nm":"TIAGO DA MIL\u00caNIO","cc":"PSDB","nv":" ","e":"n","st":"","dvt":"V\u00e1lido","vap":"426","pvap":"   0,98"},{"seq":"102","sqcand":"10001228433","n":"70666","nm":"RAIMUNDO MOLO","cc":"AVANTE","nv":" ","e":"n","st":"","dvt":"V\u00e1lido","vap":"88","pvap":"   0,20"},{"seq":"162","sqcand":"10001228440","n":"70888","nm":"MAGALHAES","cc":"AVANTE","nv":" ","e":"n","st":"","dvt":"V\u00e1lido","vap":"18","pvap":"   0,04"},{"seq":"145","sqcand":"10000788910","n":"65656","nm":"ANTONIO AZEVEDO","cc":"PC do B","nv":" ","e":"n","st":"","dvt":"V\u00e1lido","vap":"30","pvap":"   0,07"},{"seq":"12","sqcand":"10001153536","n":"90000","nm":"NOVO","cc":"PROS","nv":" ","e":"n","st":"","dvt":"V\u00e1lido","vap":"783","pvap":"   1,81"},{"seq":"48","sqcand":"10000804412","n":"25200","nm":"LIBERMAN","cc":"DEM","nv":" ","e":"n","st":"","dvt":"V\u00e1lido","vap":"327","pvap":"   0,76"},{"seq":"112","sqcand":"10000994108","n":"40127","nm":"KELLY CRISTINA","cc":"PSB","nv":" ","e":"n","st":"","dvt":"V\u00e1lido","vap":"68","pvap":"   0,16"},{"seq":"199","sqcand":"10001228431","n":"70100","nm":"PROFESSOR EDOILSON","cc":"AVANTE","nv":" ","e":"n","st":"","dvt":"V\u00e1lido","vap":"0","pvap":"00.00"},{"seq":"67","sqcand":"10001207806","n":"12345","nm":"VANDA OLIVEIRA","cc":"PDT","nv":" ","e":"n","st":"","dvt":"V\u00e1lido","vap":"202","pvap":"   0,47"},{"seq":"195","sqcand":"10001142125","n":"17333","nm":"RAFAELA CASTRO","cc":"PSL","nv":" ","e":"n","st":"","dvt":"V\u00e1lido","vap":"3","pvap":"   0,01"},{"seq":"41","sqcand":"10001207821","n":"12000","nm":"MADSON  CAMELI","cc":"PDT","nv":" ","e":"n","st":"","dvt":"V\u00e1lido","vap":"380","pvap":"   0,88"},{"seq":"73","sqcand":"10000804410","n":"25600","nm":"ADRIANO TAXISTA ","cc":"DEM","nv":" ","e":"n","st":"","dvt":"V\u00e1lido","vap":"173","pvap":"   0,40"},{"seq":"200","sqcand":"10000804413","n":"25555","nm":"ELIS\u00c2NGELA","cc":"DEM","nv":" ","e":"n","st":"","dvt":"V\u00e1lido","vap":"0","pvap":"00.00"},{"seq":"56","sqcand":"10000887723","n":"55123","nm":"CORONEL ARAUJO","cc":"PSD","nv":" ","e":"n","st":"","dvt":"V\u00e1lido","vap":"246","pvap":"   0,57"},{"seq":"139","sqcand":"10000887728","n":"55127","nm":"ANDRESSA MARQUES","cc":"PSD","nv":" ","e":"n","st":"","dvt":"V\u00e1lido","vap":"38","pvap":"   0,09"},{"seq":"161","sqcand":"10000887740","n":"55125","nm":"AMANDA NASCIMENTO","cc":"PSD","nv":" ","e":"n","st":"","dvt":"V\u00e1lido","vap":"19","pvap":"   0,04"},{"seq":"160","sqcand":"10001142122","n":"17144","nm":"MARCIANA BEZERRA","cc":"PSL","nv":" ","e":"n","st":"","dvt":"V\u00e1lido","vap":"20","pvap":"   0,05"},{"seq":"95","sqcand":"10000887722","n":"55333","nm":"CHARL\u00c3O","cc":"PSD","nv":" ","e":"n","st":"","dvt":"V\u00e1lido","vap":"106","pvap":"   0,24"},{"seq":"59","sqcand":"10001143124","n":"45333","nm":"SANTINHO DO REMANSO","cc":"PSDB","nv":" ","e":"n","st":"","dvt":"V\u00e1lido","vap":"241","pvap":"   0,56"},{"seq":"142","sqcand":"10001207816","n":"12011","nm":"OD\u00c1LIO FELIX","cc":"PDT","nv":" ","e":"n","st":"","dvt":"V\u00e1lido","vap":"33","pvap":"   0,08"},{"seq":"158","sqcand":"10000994105","n":"40122","nm":"AGEU MESQUITA","cc":"PSB","nv":" ","e":"n","st":"","dvt":"V\u00e1lido","vap":"23","pvap":"   0,05"},{"seq":"28","sqcand":"10000788914","n":"65789","nm":"EDVALDO GOMES","cc":"PC do B","nv":" ","e":"n","st":"","dvt":"V\u00e1lido","vap":"497","pvap":"   1,15"},{"seq":"20","sqcand":"10001154407","n":"11258","nm":"MARISA DINIZ","cc":"PP","nv":" ","e":"n","st":"","dvt":"V\u00e1lido","vap":"601","pvap":"   1,39"},{"seq":"171","sqcand":"10001143117","n":"45789","nm":"AL\u00ca JACOB","cc":"PSDB","nv":" ","e":"n","st":"","dvt":"V\u00e1lido","vap":"16","pvap":"   0,04"},{"seq":"137","sqcand":"10001207815","n":"12456","nm":"LUCILENE CAMEL\u00d4","cc":"PDT","nv":" ","e":"n","st":"","dvt":"V\u00e1lido","vap":"39","pvap":"   0,09"},{"seq":"65","sqcand":"10000806544","n":"15200","nm":"SERGIO MOURA","cc":"MDB","nv":" ","e":"n","st":"","dvt":"V\u00e1lido","vap":"209","pvap":"   0,48"},{"seq":"156","sqcand":"10001203125","n":"77012","nm":"ODALICE VENDEDORA","cc":"SOLIDARIEDADE","nv":" ","e":"n","st":"","dvt":"V\u00e1lido","vap":"23","pvap":"   0,05"},{"seq":"181","sqcand":"10001207807","n":"12001","nm":"JAMILHE CORREIA","cc":"PDT","nv":" ","e":"n","st":"","dvt":"V\u00e1lido","vap":"12","pvap":"   0,03"},{"seq":"66","sqcand":"10001154412","n":"11234","nm":"CHAGUINHA DO POVO","cc":"PP","nv":" ","e":"n","st":"","dvt":"V\u00e1lido","vap":"205","pvap":"   0,47"},{"seq":"62","sqcand":"10001228430","n":"70777","nm":"MARIAZINHA DO CRUZEIR\u00c3O","cc":"AVANTE","nv":" ","e":"n","st":"","dvt":"V\u00e1lido","vap":"215","pvap":"   0,50"},{"seq":"92","sqcand":"10000804407","n":"25025","nm":"HENRIQUE SARAH","cc":"DEM","nv":" ","e":"n","st":"","dvt":"V\u00e1lido","vap":"108","pvap":"   0,25"},{"seq":"23","sqcand":"10001154414","n":"11000","nm":"ELENILDO DA PESCA","cc":"PP","nv":" ","e":"n","st":"","dvt":"V\u00e1lido","vap":"566","pvap":"   1,31"},{"seq":"50","sqcand":"10000804416","n":"25234","nm":"PAULO VASCONCELOS","cc":"DEM","nv":" ","e":"n","st":"","dvt":"V\u00e1lido","vap":"307","pvap":"   0,71"},{"seq":"13","sqcand":"10000887730","n":"55777","nm":"CLERTON SOUZA","cc":"PSD","nv":" ","e":"n","st":"","dvt":"V\u00e1lido","vap":"752","pvap":"   1,74"},{"seq":"16","sqcand":"10001154415","n":"11123","nm":"LEANDRO C\u00c2NDIDO","cc":"PP","nv":" ","e":"n","st":"","dvt":"V\u00e1lido","vap":"707","pvap":"   1,63"},{"seq":"81","sqcand":"10001145445","n":"65000","nm":"ALBECIR","cc":"PC do B","nv":" ","e":"n","st":"","dvt":"Anulado sub judice","vap":"152","pvap":"   0,35"},{"seq":"33","sqcand":"10000887731","n":"55111","nm":"MANAN","cc":"PSD","nv":" ","e":"n","st":"","dvt":"V\u00e1lido","vap":"450","pvap":"   1,04"},{"seq":"193","sqcand":"10000994099","n":"40120","nm":"ZEZ\u00c3O","cc":"PSB","nv":" ","e":"n","st":"","dvt":"V\u00e1lido","vap":"3","pvap":"   0,01"},{"seq":"185","sqcand":"10001228428","n":"70555","nm":"FATIMA DA BR","cc":"AVANTE","nv":" ","e":"n","st":"","dvt":"V\u00e1lido","vap":"9","pvap":"   0,02"},{"seq":"131","sqcand":"10000788907","n":"65321","nm":"ANGELO ROCHA","cc":"PC do B","nv":" ","e":"n","st":"","dvt":"V\u00e1lido","vap":"47","pvap":"   0,11"},{"seq":"148","sqcand":"10000804405","n":"25300","nm":"PASTORA RAIMUNDA MARQUES","cc":"DEM","nv":" ","e":"n","st":"","dvt":"V\u00e1lido","vap":"28","pvap":"   0,06"},{"seq":"79","sqcand":"10001142126","n":"17123","nm":"EDUARDO DIAS","cc":"PSL","nv":" ","e":"n","st":"","dvt":"V\u00e1lido","vap":"154","pvap":"   0,36"},{"seq":"53","sqcand":"10001228439","n":"70124","nm":"ROLA","cc":"AVANTE","nv":" ","e":"n","st":"","dvt":"V\u00e1lido","vap":"269","pvap":"   0,62"},{"seq":"140","sqcand":"10000788909","n":"65444","nm":"PERP\u00c9TUA MARINHO","cc":"PC do B","nv":" ","e":"n","st":"","dvt":"V\u00e1lido","vap":"36","pvap":"   0,08"},{"seq":"111","sqcand":"10000887727","n":"55234","nm":"PASTOR LIMA","cc":"PSD","nv":" ","e":"n","st":"","dvt":"V\u00e1lido","vap":"68","pvap":"   0,16"},{"seq":"98","sqcand":"10001154419","n":"11222","nm":"PROFESSORA APARECIDA","cc":"PP","nv":" ","e":"n","st":"","dvt":"V\u00e1lido","vap":"99","pvap":"   0,23"},{"seq":"187","sqcand":"10001142123","n":"17222","nm":"ROSI NUNES","cc":"PSL","nv":" ","e":"n","st":"","dvt":"V\u00e1lido","vap":"8","pvap":"   0,02"},{"seq":"69","sqcand":"10001207820","n":"12012","nm":"JOICELI MESSIAS","cc":"PDT","nv":" ","e":"n","st":"","dvt":"V\u00e1lido","vap":"197","pvap":"   0,46"},{"seq":"6","sqcand":"10001143127","n":"45121","nm":"M\u00c1RCIO DA FARINHA","cc":"PSDB","nv":" ","e":"n","st":"","dvt":"V\u00e1lido","vap":"937","pvap":"   2,16"},{"seq":"127","sqcand":"10000804408","n":"25789","nm":"GEILSON MEC\u00c2NICO ","cc":"DEM","nv":" ","e":"n","st":"","dvt":"V\u00e1lido","vap":"49","pvap":"   0,11"},{"seq":"126","sqcand":"10000788917","n":"65333","nm":"SANDRO DO FORMOSO","cc":"PC do B","nv":" ","e":"n","st":"","dvt":"V\u00e1lido","vap":"51","pvap":"   0,12"},{"seq":"197","sqcand":"10001142163","n":"22379","nm":"JULIANE NOGUEIRA","cc":"PL","nv":" ","e":"n","st":"","dvt":"V\u00e1lido","vap":"2","pvap":"   0,00"},{"seq":"60","sqcand":"10001153537","n":"90456","nm":"JO\u00c3O LINDOLFO","cc":"PROS","nv":" ","e":"n","st":"","dvt":"V\u00e1lido","vap":"237","pvap":"   0,55"},{"seq":"132","sqcand":"10001228438","n":"70333","nm":"ALDA DO MIRITIZAL","cc":"AVANTE","nv":" ","e":"n","st":"","dvt":"V\u00e1lido","vap":"46","pvap":"   0,11"},{"seq":"34","sqcand":"10001143111","n":"45100","nm":"DANIEL LEAL","cc":"PSDB","nv":" ","e":"n","st":"","dvt":"V\u00e1lido","vap":"447","pvap":"   1,03"},{"seq":"39","sqcand":"10000804406","n":"25123","nm":"DANIEL RIBEIRO","cc":"DEM","nv":" ","e":"n","st":"","dvt":"V\u00e1lido","vap":"397","pvap":"   0,92"},{"seq":"115","sqcand":"10000887733","n":"55212","nm":"TETI DO MIRITIZAL","cc":"PSD","nv":" ","e":"n","st":"","dvt":"V\u00e1lido","vap":"66","pvap":"   0,15"},{"seq":"75","sqcand":"10001203133","n":"77710","nm":"EVILAZIO BOLA DE OURO","cc":"SOLIDARIEDADE","nv":" ","e":"n","st":"","dvt":"V\u00e1lido","vap":"167","pvap":"   0,39"},{"seq":"71","sqcand":"10001207805","n":"12038","nm":"JOS\u00c9 DA ORTOBOM","cc":"PDT","nv":" ","e":"n","st":"","dvt":"V\u00e1lido","vap":"192","pvap":"   0,44"},{"seq":"1","sqcand":"10000806549","n":"15777","nm":"CRISTIANO RODRIGUES","cc":"MDB","nv":" ","e":"n","st":"","dvt":"V\u00e1lido","vap":"1048","pvap":"   2,42"},{"seq":"15","sqcand":"10001153531","n":"90777","nm":"JO\u00c3O MESTRE DE OBRAS","cc":"PROS","nv":" ","e":"n","st":"","dvt":"V\u00e1lido","vap":"722","pvap":"   1,67"},{"seq":"123","sqcand":"10000806559","n":"15124","nm":"GERSON FOTOGRAFO","cc":"MDB","nv":" ","e":"n","st":"","dvt":"V\u00e1lido","vap":"55","pvap":"   0,13"},{"seq":"175","sqcand":"10001068024","n":"27444","nm":"JANIELE OLIVEIRA","cc":"DC","nv":" ","e":"n","st":"","dvt":"V\u00e1lido","vap":"15","pvap":"   0,03"},{"seq":"27","sqcand":"10000806547","n":"15555","nm":"VITORIA FREITAS","cc":"MDB","nv":" ","e":"n","st":"","dvt":"V\u00e1lido","vap":"500","pvap":"   1,15"},{"seq":"168","sqcand":"10000806552","n":"15999","nm":"GILVAN GUIMARAES","cc":"MDB","nv":" ","e":"n","st":"","dvt":"V\u00e1lido","vap":"16","pvap":"   0,04"},{"seq":"54","sqcand":"10000804403","n":"25222","nm":"FRED DO MIRITIZAL","cc":"DEM","nv":" ","e":"n","st":"","dvt":"V\u00e1lido","vap":"255","pvap":"   0,59"},{"seq":"4","sqcand":"10001153533","n":"90201","nm":"ZALDO MOTO TAXI","cc":"PROS","nv":" ","e":"n","st":"","dvt":"V\u00e1lido","vap":"978","pvap":"   2,26"},{"seq":"143","sqcand":"10000994103","n":"40123","nm":"EDSON NEGREIROS","cc":"PSB","nv":" ","e":"n","st":"","dvt":"V\u00e1lido","vap":"32","pvap":"   0,07"},{"seq":"2","sqcand":"10001154405","n":"11999","nm":"FRANCINEY","cc":"PP","nv":" ","e":"n","st":"","dvt":"V\u00e1lido","vap":"1031","pvap":"   2,38"},{"seq":"182","sqcand":"10001153538","n":"90001","nm":"MARIA L\u00daCIA","cc":"PROS","nv":" ","e":"n","st":"","dvt":"V\u00e1lido","vap":"10","pvap":"   0,02"},{"seq":"194","sqcand":"10001153543","n":"90333","nm":"ROSE CARTEIRA","cc":"PROS","nv":" ","e":"n","st":"","dvt":"V\u00e1lido","vap":"3","pvap":"   0,01"},{"seq":"138","sqcand":"10001228427","n":"70127","nm":"FRANC LIMA","cc":"AVANTE","nv":" ","e":"n","st":"","dvt":"V\u00e1lido","vap":"38","pvap":"   0,09"},{"seq":"90","sqcand":"10001143125","n":"45222","nm":"PROFESSORA CATIA","cc":"PSDB","nv":" ","e":"n","st":"","dvt":"V\u00e1lido","vap":"114","pvap":"   0,26"},{"seq":"45","sqcand":"10001142121","n":"17789","nm":"ELIAS MAR\u00c7AL","cc":"PSL","nv":" ","e":"n","st":"","dvt":"V\u00e1lido","vap":"337","pvap":"   0,78"},{"seq":"61","sqcand":"10001228437","n":"70444","nm":"APARECIDA MARTINS","cc":"AVANTE","nv":" ","e":"n","st":"","dvt":"V\u00e1lido","vap":"230","pvap":"   0,53"},{"seq":"186","sqcand":"10001142164","n":"22345","nm":"JOSE CLAUDECIR","cc":"PL","nv":" ","e":"n","st":"","dvt":"V\u00e1lido","vap":"9","pvap":"   0,02"},{"seq":"44","sqcand":"10000887737","n":"55112","nm":"MIRVANIA ARAUJO","cc":"PSD","nv":" ","e":"n","st":"","dvt":"V\u00e1lido","vap":"341","pvap":"   0,79"},{"seq":"113","sqcand":"10001203129","n":"77333","nm":"RAIMUNDO ROCHIN","cc":"SOLIDARIEDADE","nv":" ","e":"n","st":"","dvt":"V\u00e1lido","vap":"67","pvap":"   0,15"},{"seq":"128","sqcand":"10000887724","n":"55444","nm":"REGINALDO SILVA","cc":"PSD","nv":" ","e":"n","st":"","dvt":"V\u00e1lido","vap":"49","pvap":"   0,11"},{"seq":"49","sqcand":"10001153539","n":"90222","nm":"S\u00c9RGIO DA PRAIA GRANDE","cc":"PROS","nv":" ","e":"n","st":"","dvt":"V\u00e1lido","vap":"317","pvap":"   0,73"},{"seq":"136","sqcand":"10000804401","n":"25500","nm":"JONATHAS RIBEIRO","cc":"DEM","nv":" ","e":"n","st":"","dvt":"V\u00e1lido","vap":"41","pvap":"   0,09"},{"seq":"157","sqcand":"10001068025","n":"27123","nm":"PAULA MENEZES","cc":"DC","nv":" ","e":"n","st":"","dvt":"V\u00e1lido","vap":"23","pvap":"   0,05"},{"seq":"46","sqcand":"10001153541","n":"90012","nm":"JO\u00c3O DO OVO","cc":"PROS","nv":" ","e":"n","st":"","dvt":"V\u00e1lido","vap":"331","pvap":"   0,76"},{"seq":"40","sqcand":"10000887736","n":"55222","nm":"JO\u00c3O PAULO","cc":"PSD","nv":" ","e":"n","st":"","dvt":"V\u00e1lido","vap":"393","pvap":"   0,91"},{"seq":"110","sqcand":"10000887735","n":"55122","nm":"PEREIRA SILVA","cc":"PSD","nv":" ","e":"n","st":"","dvt":"V\u00e1lido","vap":"69","pvap":"   0,16"},{"seq":"192","sqcand":"10001263611","n":"90555","nm":"NONATA","cc":"PROS","nv":" ","e":"n","st":"","dvt":"V\u00e1lido","vap":"4","pvap":"   0,01"},{"seq":"87","sqcand":"10001143123","n":"45654","nm":"CRISTOV\u00c3O CORREIA","cc":"PSDB","nv":" ","e":"n","st":"","dvt":"V\u00e1lido","vap":"117","pvap":"   0,27"},{"seq":"105","sqcand":"10001207823","n":"12222","nm":"LUCINHA CAMELI","cc":"PDT","nv":" ","e":"n","st":"","dvt":"V\u00e1lido","vap":"80","pvap":"   0,18"},{"seq":"191","sqcand":"10001153532","n":"90999","nm":"CLAUDIA LINDA","cc":"PROS","nv":" ","e":"n","st":"","dvt":"V\u00e1lido","vap":"4","pvap":"   0,01"},{"seq":"10","sqcand":"10001203136","n":"77555","nm":"ZE ROBERTO","cc":"SOLIDARIEDADE","nv":" ","e":"n","st":"","dvt":"V\u00e1lido","vap":"819","pvap":"   1,89"},{"seq":"7","sqcand":"10001153534","n":"90789","nm":"ELTER NOBREGA","cc":"PROS","nv":" ","e":"n","st":"","dvt":"V\u00e1lido","vap":"833","pvap":"   1,92"},{"seq":"153","sqcand":"10001142118","n":"17177","nm":"SARGENTO MARCONDES","cc":"PSL","nv":" ","e":"n","st":"","dvt":"V\u00e1lido","vap":"24","pvap":"   0,06"},{"seq":"125","sqcand":"10001228429","n":"70126","nm":"JOAOZINHO CONSTRUTOR","cc":"AVANTE","nv":" ","e":"n","st":"","dvt":"V\u00e1lido","vap":"52","pvap":"   0,12"},{"seq":"165","sqcand":"10001143115","n":"45678","nm":"ARMANDO NONATO","cc":"PSDB","nv":" ","e":"n","st":"","dvt":"V\u00e1lido","vap":"16","pvap":"   0,04"},{"seq":"36","sqcand":"10000806557","n":"15678","nm":"CHAGAS DO SINDICATO","cc":"MDB","nv":" ","e":"n","st":"","dvt":"V\u00e1lido","vap":"432","pvap":"   1,00"},{"seq":"172","sqcand":"10001143116","n":"45377","nm":"HILLARY SORIANO","cc":"PSDB","nv":" ","e":"n","st":"","dvt":"V\u00e1lido","vap":"16","pvap":"   0,04"},{"seq":"76","sqcand":"10000887741","n":"55555","nm":"JEAN LOPES","cc":"PSD","nv":" ","e":"n","st":"","dvt":"V\u00e1lido","vap":"165","pvap":"   0,38"},{"seq":"152","sqcand":"10000806556","n":"15300","nm":"FATIMA PARTEIRA","cc":"MDB","nv":" ","e":"n","st":"","dvt":"V\u00e1lido","vap":"25","pvap":"   0,06"},{"seq":"201","sqcand":"10001068029","n":"27222","nm":"FUMA\u00c7A","cc":"DC","nv":" ","e":"n","st":"","dvt":"V\u00e1lido","vap":"0","pvap":"00.00"},{"seq":"97","sqcand":"10001154409","n":"11100","nm":"ARTUR ROSAS","cc":"PP","nv":" ","e":"n","st":"","dvt":"V\u00e1lido","vap":"101","pvap":"   0,23"},{"seq":"135","sqcand":"10001207822","n":"12321","nm":"ADALBERTO CABRAL","cc":"PDT","nv":" ","e":"n","st":"","dvt":"V\u00e1lido","vap":"42","pvap":"   0,10"},{"seq":"180","sqcand":"10001154402","n":"11071","nm":"LEANDRA MARRETEIRA","cc":"PP","nv":" ","e":"n","st":"","dvt":"V\u00e1lido","vap":"12","pvap":"   0,03"},{"seq":"19","sqcand":"10000806546","n":"15122","nm":"ROMARIO TAVARES","cc":"MDB","nv":" ","e":"n","st":"","dvt":"V\u00e1lido","vap":"605","pvap":"   1,40"},{"seq":"5","sqcand":"10000806561","n":"15015","nm":"ANTONIO COSMO","cc":"MDB","nv":" ","e":"n","st":"","dvt":"V\u00e1lido","vap":"973","pvap":"   2,25"},{"seq":"29","sqcand":"10001207819","n":"12111","nm":"ANDERSON JIRIMUN","cc":"PDT","nv":" ","e":"n","st":"","dvt":"V\u00e1lido","vap":"494","pvap":"   1,14"},{"seq":"179","sqcand":"10001154417","n":"11888","nm":"LUIZ PEDREIRO","cc":"PP","nv":" ","e":"n","st":"","dvt":"V\u00e1lido","vap":"12","pvap":"   0,03"},{"seq":"129","sqcand":"10001142115","n":"17234","nm":"PROF. MARIA DAS COSTURAS","cc":"PSL","nv":" ","e":"n","st":"","dvt":"V\u00e1lido","vap":"48","pvap":"   0,11"},{"seq":"144","sqcand":"10001203126","n":"77777","nm":"KARINY","cc":"SOLIDARIEDADE","nv":" ","e":"n","st":"","dvt":"V\u00e1lido","vap":"32","pvap":"   0,07"},{"seq":"116","sqcand":"10001142114","n":"17033","nm":"TICO BOLSONARO","cc":"PSL","nv":" ","e":"n","st":"","dvt":"V\u00e1lido","vap":"64","pvap":"   0,15"},{"seq":"52","sqcand":"10000804411","n":"25800","nm":"HELIOMAR NUNES","cc":"DEM","nv":" ","e":"n","st":"","dvt":"V\u00e1lido","vap":"290","pvap":"   0,67"},{"seq":"120","sqcand":"10001143119","n":"45045","nm":"BETO SAT","cc":"PSDB","nv":" ","e":"n","st":"","dvt":"V\u00e1lido","vap":"59","pvap":"   0,14"},{"seq":"11","sqcand":"10000806543","n":"15600","nm":"MAZINHO DA BR","cc":"MDB","nv":" ","e":"n","st":"","dvt":"V\u00e1lido","vap":"813","pvap":"   1,88"},{"seq":"183","sqcand":"10001154413","n":"11456","nm":"DORA","cc":"PP","nv":" ","e":"n","st":"","dvt":"V\u00e1lido","vap":"10","pvap":"   0,02"},{"seq":"176","sqcand":"10000788913","n":"65122","nm":"TAINE BARBOSA","cc":"PC do B","nv":" ","e":"n","st":"","dvt":"V\u00e1lido","vap":"15","pvap":"   0,03"},{"seq":"17","sqcand":"10001207817","n":"12555","nm":"GILMAR DA SA\u00daDE","cc":"PDT","nv":" ","e":"n","st":"","dvt":"V\u00e1lido","vap":"675","pvap":"   1,56"},{"seq":"130","sqcand":"10001154416","n":"11777","nm":"J\u00d4 SOUZA","cc":"PP","nv":" ","e":"n","st":"","dvt":"V\u00e1lido","vap":"48","pvap":"   0,11"},{"seq":"8","sqcand":"10000806554","n":"15111","nm":"ALTEMAR SANTA ROSA","cc":"MDB","nv":" ","e":"n","st":"","dvt":"V\u00e1lido","vap":"828","pvap":"   1,91"},{"seq":"77","sqcand":"10001143121","n":"45999","nm":"GILLES ANDRADE","cc":"PSDB","nv":" ","e":"n","st":"","dvt":"V\u00e1lido","vap":"157","pvap":"   0,36"},{"seq":"47","sqcand":"10001207814","n":"12123","nm":"ELIESO HERCULANO","cc":"PDT","nv":" ","e":"n","st":"","dvt":"V\u00e1lido","vap":"329","pvap":"   0,76"},{"seq":"108","sqcand":"10000806551","n":"15333","nm":"PRETA DO PAO","cc":"MDB","nv":" ","e":"n","st":"","dvt":"V\u00e1lido","vap":"71","pvap":"   0,16"},{"seq":"78","sqcand":"10001154404","n":"11555","nm":"GILMAR DO BIG BRAN","cc":"PP","nv":" ","e":"n","st":"","dvt":"V\u00e1lido","vap":"157","pvap":"   0,36"},{"seq":"58","sqcand":"10001207818","n":"12221","nm":"CLAUDIO NEGREIROS","cc":"PDT","nv":" ","e":"n","st":"","dvt":"V\u00e1lido","vap":"241","pvap":"   0,56"},{"seq":"177","sqcand":"10001142116","n":"17127","nm":"Z\u00c9 AKIRI","cc":"PSL","nv":" ","e":"n","st":"","dvt":"V\u00e1lido","vap":"14","pvap":"   0,03"},{"seq":"89","sqcand":"10001207809","n":"12122","nm":"NABOR","cc":"PDT","nv":" ","e":"n","st":"","dvt":"V\u00e1lido","vap":"115","pvap":"   0,27"},{"seq":"68","sqcand":"10000887739","n":"55000","nm":"JUNIOR LUIZ","cc":"PSD","nv":" ","e":"n","st":"","dvt":"V\u00e1lido","vap":"200","pvap":"   0,46"},{"seq":"147","sqcand":"10001203132","n":"77100","nm":"ALCIONE","cc":"SOLIDARIEDADE","nv":" ","e":"n","st":"","dvt":"V\u00e1lido","vap":"29","pvap":"   0,07"},{"seq":"91","sqcand":"10000806553","n":"15222","nm":"FRANCISCA EVANGELISTA","cc":"MDB","nv":" ","e":"n","st":"","dvt":"V\u00e1lido","vap":"112","pvap":"   0,26"},{"seq":"74","sqcand":"10000804414","n":"25125","nm":"CELIA DO MIRITIZAL","cc":"DEM","nv":" ","e":"n","st":"","dvt":"V\u00e1lido","vap":"170","pvap":"   0,39"},{"seq":"80","sqcand":"10001228443","n":"70000","nm":"JONAS COSTA","cc":"AVANTE","nv":" ","e":"n","st":"","dvt":"V\u00e1lido","vap":"154","pvap":"   0,36"},{"seq":"57","sqcand":"10000804400","n":"25251","nm":"TENENTE GUIMAR\u00c3ES","cc":"DEM","nv":" ","e":"n","st":"","dvt":"V\u00e1lido","vap":"242","pvap":"   0,56"},{"seq":"109","sqcand":"10001261772","n":"11112","nm":"ELIELSON ALMEIDA","cc":"PP","nv":" ","e":"n","st":"","dvt":"V\u00e1lido","vap":"70","pvap":"   0,16"},{"seq":"31","sqcand":"10001153540","n":"90122","nm":"CLIM\u00c9RIO","cc":"PROS","nv":" ","e":"n","st":"","dvt":"V\u00e1lido","vap":"455","pvap":"   1,05"},{"seq":"121","sqcand":"10001068027","n":"27007","nm":"FABIANO MEDEIROS ","cc":"DC","nv":" ","e":"n","st":"","dvt":"V\u00e1lido","vap":"59","pvap":"   0,14"},{"seq":"119","sqcand":"10000788915","n":"65456","nm":"PANDA","cc":"PC do B","nv":" ","e":"n","st":"","dvt":"V\u00e1lido","vap":"60","pvap":"   0,14"},{"seq":"134","sqcand":"10001142124","n":"17000","nm":"PROFESSOR ELIEL MESQUITA","cc":"PSL","nv":" ","e":"n","st":"","dvt":"V\u00e1lido","vap":"43","pvap":"   0,10"},{"seq":"155","sqcand":"10000994107","n":"40128","nm":"F\u00c1TIMA LOIRA","cc":"PSB","nv":" ","e":"n","st":"","dvt":"V\u00e1lido","vap":"23","pvap":"   0,05"},{"seq":"164","sqcand":"10000994102","n":"40126","nm":"EMERSON VASCONCELOS PINTO","cc":"PSB","nv":" ","e":"n","st":"","dvt":"V\u00e1lido","vap":"18","pvap":"   0,04"},{"seq":"72","sqcand":"10000806542","n":"15025","nm":"PRETINHA DO LIBERDADE","cc":"MDB","nv":" ","e":"n","st":"","dvt":"V\u00e1lido","vap":"174","pvap":"   0,40"},{"seq":"146","sqcand":"10000804417","n":"25567","nm":"CONCEI\u00c7\u00c3O PAULA FERNADES DO AC","cc":"DEM","nv":" ","e":"n","st":"","dvt":"V\u00e1lido","vap":"29","pvap":"   0,07"},{"seq":"159","sqcand":"10000804402","n":"25741","nm":"ANNY IRM\u00c3 DO CRUZ","cc":"DEM","nv":" ","e":"n","st":"","dvt":"V\u00e1lido","vap":"22","pvap":"   0,05"},{"seq":"82","sqcand":"10001153535","n":"90123","nm":"JADER PEDROSA","cc":"PROS","nv":" ","e":"n","st":"","dvt":"V\u00e1lido","vap":"149","pvap":"   0,34"},{"seq":"14","sqcand":"10000806550","n":"15121","nm":"CARLINHOS","cc":"MDB","nv":" ","e":"n","st":"","dvt":"V\u00e1lido","vap":"745","pvap":"   1,72"},{"seq":"151","sqcand":"10000994101","n":"40121","nm":"ROSE","cc":"PSB","nv":" ","e":"n","st":"","dvt":"V\u00e1lido","vap":"26","pvap":"   0,06"},{"seq":"88","sqcand":"10000804404","n":"25193","nm":"TENENTE MELO","cc":"DEM","nv":" ","e":"n","st":"","dvt":"V\u00e1lido","vap":"115","pvap":"   0,27"},{"seq":"149","sqcand":"10001143122","n":"45321","nm":"ALCI\u00c9LIO BABY DO TELEGRAFO","cc":"PSDB","nv":" ","e":"n","st":"","dvt":"V\u00e1lido","vap":"28","pvap":"   0,06"},{"seq":"189","sqcand":"10000994106","n":"40125","nm":"Z\u00c9 DA BITA","cc":"PSB","nv":" ","e":"n","st":"","dvt":"V\u00e1lido","vap":"5","pvap":"   0,01"},{"seq":"178","sqcand":"10000994104","n":"40124","nm":"FRANCISCO VANEILSON","cc":"PSB","nv":" ","e":"n","st":"","dvt":"V\u00e1lido","vap":"14","pvap":"   0,03"},{"seq":"25","sqcand":"10000887726","n":"55100","nm":"BET\u00c3O DA BR","cc":"PSD","nv":" ","e":"n","st":"","dvt":"V\u00e1lido","vap":"507","pvap":"   1,17"},{"seq":"83","sqcand":"10001207811","n":"12444","nm":"ADEMAR BARBOSA","cc":"PDT","nv":" ","e":"n","st":"","dvt":"V\u00e1lido","vap":"144","pvap":"   0,33"},{"seq":"55","sqcand":"10001143118","n":"45123","nm":"MATHEUS BANDEIRA","cc":"PSDB","nv":" ","e":"n","st":"","dvt":"V\u00e1lido","vap":"249","pvap":"   0,58"},{"seq":"22","sqcand":"10000806555","n":"15123","nm":"RONALDO DA FARMACIA","cc":"MDB","nv":" ","e":"n","st":"","dvt":"V\u00e1lido","vap":"569","pvap":"   1,31"},{"seq":"167","sqcand":"10001068028","n":"27111","nm":"ARNALDO BARBEIRO","cc":"DC","nv":" ","e":"n","st":"","dvt":"V\u00e1lido","vap":"16","pvap":"   0,04"},{"seq":"190","sqcand":"10001263838","n":"65777","nm":"NAIARA","cc":"PC do B","nv":" ","e":"n","st":"","dvt":"V\u00e1lido","vap":"5","pvap":"   0,01"},{"seq":"51","sqcand":"10001143126","n":"45122","nm":"JAIRO DO SINDICATO","cc":"PSDB","nv":" ","e":"n","st":"","dvt":"V\u00e1lido","vap":"296","pvap":"   0,68"},{"seq":"3","sqcand":"10001154408","n":"11011","nm":"KELEU","cc":"PP","nv":" ","e":"n","st":"","dvt":"V\u00e1lido","vap":"979","pvap":"   2,26"},{"seq":"163","sqcand":"10001228434","n":"70123","nm":"PASTOR JUAREZ","cc":"AVANTE","nv":" ","e":"n","st":"","dvt":"V\u00e1lido","vap":"18","pvap":"   0,04"},{"seq":"96","sqcand":"10001142119","n":"17225","nm":"ALMIR CONTADOR","cc":"PSL","nv":" ","e":"n","st":"","dvt":"V\u00e1lido","vap":"102","pvap":"   0,24"},{"seq":"107","sqcand":"10001142167","n":"22222","nm":"GRA\u00c7A SILVA","cc":"PL","nv":" ","e":"n","st":"","dvt":"V\u00e1lido","vap":"79","pvap":"   0,18"},{"seq":"26","sqcand":"10001154406","n":"11333","nm":"PROF MARIAZINHA","cc":"PP","nv":" ","e":"n","st":"","dvt":"V\u00e1lido","vap":"504","pvap":"   1,16"},{"seq":"42","sqcand":"10000887732","n":"55678","nm":"DARIMAR","cc":"PSD","nv":" ","e":"n","st":"","dvt":"V\u00e1lido","vap":"357","pvap":"   0,82"},{"seq":"133","sqcand":"10000806545","n":"15144","nm":"OZENI SARAIVA","cc":"MDB","nv":" ","e":"n","st":"","dvt":"V\u00e1lido","vap":"43","pvap":"   0,10"},{"seq":"104","sqcand":"10001142165","n":"22112","nm":"BRUNO ESTIVALET","cc":"PL","nv":" ","e":"n","st":"","dvt":"V\u00e1lido","vap":"83","pvap":"   0,19"},{"seq":"63","sqcand":"10001203135","n":"77444","nm":"ELIS DO PEIXE","cc":"SOLIDARIEDADE","nv":" ","e":"n","st":"","dvt":"V\u00e1lido","vap":"215","pvap":"   0,50"},{"seq":"64","sqcand":"10001143128","n":"45431","nm":"UENDERSON RAMON","cc":"PSDB","nv":" ","e":"n","st":"","dvt":"V\u00e1lido","vap":"213","pvap":"   0,49"},{"seq":"101","sqcand":"10001207813","n":"12234","nm":"GIL","cc":"PDT","nv":" ","e":"n","st":"","dvt":"V\u00e1lido","vap":"90","pvap":"   0,21"},{"seq":"174","sqcand":"10001143113","n":"45987","nm":"D\u00c9BORA SARAIVA","cc":"PSDB","nv":" ","e":"n","st":"","dvt":"V\u00e1lido","vap":"15","pvap":"   0,03"},{"seq":"150","sqcand":"10000994100","n":"40129","nm":"CHICO DA NADIR","cc":"PSB","nv":" ","e":"n","st":"","dvt":"V\u00e1lido","vap":"27","pvap":"   0,06"},{"seq":"99","sqcand":"10000806548","n":"15456","nm":"RAIMUNDO ILDEFONSO","cc":"MDB","nv":" ","e":"n","st":"","dvt":"V\u00e1lido","vap":"93","pvap":"   0,21"},{"seq":"188","sqcand":"10001228441","n":"70221","nm":"NATY SANTOS","cc":"AVANTE","nv":" ","e":"n","st":"","dvt":"V\u00e1lido","vap":"7","pvap":"   0,02"},{"seq":"122","sqcand":"10001143129","n":"45555","nm":"CLEONALDO SILVA","cc":"PSDB","nv":" ","e":"n","st":"","dvt":"V\u00e1lido","vap":"57","pvap":"   0,13"},{"seq":"117","sqcand":"10001203127","n":"77999","nm":"ANTONIO","cc":"SOLIDARIEDADE","nv":" ","e":"n","st":"","dvt":"V\u00e1lido","vap":"63","pvap":"   0,15"},{"seq":"154","sqcand":"10001228436","n":"70200","nm":"JO\u00c3O PAULO SILVA","cc":"AVANTE","nv":" ","e":"n","st":"","dvt":"V\u00e1lido","vap":"24","pvap":"   0,06"},{"seq":"94","sqcand":"10001228442","n":"70111","nm":"LOIRA DO COMERCIO","cc":"AVANTE","nv":" ","e":"n","st":"","dvt":"V\u00e1lido","vap":"106","pvap":"   0,24"},{"seq":"103","sqcand":"10000887734","n":"55155","nm":"POXOCA","cc":"PSD","nv":" ","e":"n","st":"","dvt":"V\u00e1lido","vap":"87","pvap":"   0,20"},{"seq":"35","sqcand":"10000806541","n":"15789","nm":"OCENIR MACIEL","cc":"MDB","nv":" ","e":"n","st":"","dvt":"V\u00e1lido","vap":"435","pvap":"   1,00"},{"seq":"198","sqcand":"10001228435","n":"70222","nm":"LORIM DO MIRITIZAL","cc":"AVANTE","nv":" ","e":"n","st":"","dvt":"V\u00e1lido","vap":"1","pvap":"   0,00"},{"seq":"85","sqcand":"10000887738","n":"55888","nm":"ERIVELTON CASTRO","cc":"PSD","nv":" ","e":"n","st":"","dvt":"V\u00e1lido","vap":"132","pvap":"   0,30"},{"seq":"30","sqcand":"10001153542","n":"90111","nm":"S\u00c9RGIO EVENTOS","cc":"PROS","nv":" ","e":"n","st":"","dvt":"V\u00e1lido","vap":"465","pvap":"   1,07"},{"seq":"170","sqcand":"10000887725","n":"55666","nm":"DAIANE","cc":"PSD","nv":" ","e":"n","st":"","dvt":"V\u00e1lido","vap":"16","pvap":"   0,04"},{"seq":"84","sqcand":"10001154403","n":"11111","nm":"SEBASTIANA DO PEDRO","cc":"PP","nv":" ","e":"n","st":"","dvt":"V\u00e1lido","vap":"132","pvap":"   0,30"},{"seq":"106","sqcand":"10000887729","n":"55999","nm":"JUJU DO RAMAL","cc":"PSD","nv":" ","e":"n","st":"","dvt":"V\u00e1lido","vap":"79","pvap":"   0,18"},{"seq":"141","sqcand":"10001142120","n":"17777","nm":"EMERSON DA PASTORAL","cc":"PSL","nv":" ","e":"n","st":"","dvt":"V\u00e1lido","vap":"35","pvap":"   0,08"},{"seq":"173","sqcand":"10000804418","n":"25700","nm":"NILDE","cc":"DEM","nv":" ","e":"n","st":"","dvt":"V\u00e1lido","vap":"15","pvap":"   0,03"},{"seq":"24","sqcand":"10000804415","n":"25100","nm":"MARCELO TAXISTA","cc":"DEM","nv":" ","e":"n","st":"","dvt":"V\u00e1lido","vap":"529","pvap":"   1,22"},{"seq":"21","sqcand":"10001154411","n":"11322","nm":"PROF.&#186; VALDENISIO MARTINS","cc":"PP","nv":" ","e":"n","st":"","dvt":"V\u00e1lido","vap":"588","pvap":"   1,36"},{"seq":"114","sqcand":"10001143112","n":"45456","nm":"PROFESSORA WIVIANE","cc":"PSDB","nv":" ","e":"n","st":"","dvt":"V\u00e1lido","vap":"67","pvap":"   0,15"},{"seq":"196","sqcand":"10001153544","n":"90099","nm":"DEISY VER\u00cdSSIMO","cc":"PROS","nv":" ","e":"n","st":"","dvt":"V\u00e1lido","vap":"3","pvap":"   0,01"},{"seq":"100","sqcand":"10001228432","n":"70001","nm":"CAPITAO BENEDITO","cc":"AVANTE","nv":" ","e":"n","st":"","dvt":"V\u00e1lido","vap":"92","pvap":"   0,21"},{"seq":"86","sqcand":"10000806558","n":"15444","nm":"JANDINHA DA COPA","cc":"MDB","nv":" ","e":"n","st":"","dvt":"Anulado sub judice","vap":"125","pvap":"   0,29"}]}
