{"ele":"426","tpabr":"mu","cdabr":"01082","carper":"13","t":"1","f":"o","dt":"15/11/2020","ht":"20:10:06","dv":"s","tf":"n","v":"11","esae":"n","mnae":"","s":"39","st":"39","pst":" 100,00","snt":"0","psnt":"   0,00","si":"39","psi":" 100,00","sni":"0","psni":"   0,00","sa":"39","psa":" 100,00","sna":"0","psna":"   0,00","e":"11388","ea":"11388","pea":" 100,00","ena":"0","pena":"   0,00","esi":"11388","pesi":" 100,00","esni":"0","pesni":"   0,00","c":"9303","pc":"  81,69","a":"2085","pa":"  18,31","vscv":"0","vnom":"8656","vl":"425","pvnom":"  95,32","pvl":"   4,68","vvc":"9081","pvvc":"  97,61","vb":"37","pvb":"   0,40","tvn":"185","ptvn":"   1,99","vn":"185","pvn":" 100,00","vnt":"0","pvnt":"   0,00","vp":"0","pvp":"   0,00","vv":"9081","pvv":" 100,00","van":"0","pvan":"   0,00","vansj":"0","pvansj":"   0,00","tv":"9303","cand":[{"seq":"59","sqcand":"10001003174","n":"65234","nm":"SILMARA","cc":"PC do B","nv":" ","e":"n","st":"","dvt":"V\u00e1lido","vap":"13","pvap":"   0,14"},{"seq":"76","sqcand":"10001065191","n":"15015","nm":"RAIMUNDO DA FOZ","cc":"MDB","nv":" ","e":"n","st":"","dvt":"V\u00e1lido","vap":"0","pvap":"00.00"},{"seq":"83","sqcand":"10001271246","n":"25999","nm":"CILENI","cc":"DEM","nv":" ","e":"n","st":"","dvt":"V\u00e1lido","vap":"0","pvap":"00.00"},{"seq":"57","sqcand":"10000993568","n":"17000","nm":"NICE","cc":"PSL","nv":" ","e":"n","st":"","dvt":"V\u00e1lido","vap":"15","pvap":"   0,17"},{"seq":"24","sqcand":"10000887640","n":"55111","nm":"FRANCISCO DA PADARIA","cc":"PSD","nv":" ","e":"n","st":"","dvt":"V\u00e1lido","vap":"102","pvap":"   1,12"},{"seq":"11","sqcand":"10001003182","n":"65123","nm":"TEREZINHA FERNANDES","cc":"PC do B","nv":" ","e":"n","st":"","dvt":"V\u00e1lido","vap":"349","pvap":"   3,84"},{"seq":"69","sqcand":"10001105686","n":"12123","nm":"MARIA ROZILETE","cc":"PDT","nv":" ","e":"n","st":"","dvt":"V\u00e1lido","vap":"6","pvap":"   0,07"},{"seq":"37","sqcand":"10001003177","n":"65145","nm":"GLEIDISSON NENEM","cc":"PC do B","nv":" ","e":"n","st":"","dvt":"V\u00e1lido","vap":"46","pvap":"   0,51"},{"seq":"75","sqcand":"10001010789","n":"11555","nm":"NONATO","cc":"PP","nv":" ","e":"n","st":"","dvt":"V\u00e1lido","vap":"0","pvap":"00.00"},{"seq":"56","sqcand":"10000887638","n":"55777","nm":"FR\u00caCIA DO PASTOR Z\u00c9 NILSON","cc":"PSD","nv":" ","e":"n","st":"","dvt":"V\u00e1lido","vap":"17","pvap":"   0,19"},{"seq":"3","sqcand":"10000799792","n":"13013","nm":"MARCELO SILVA","cc":"PT","nv":" ","e":"n","st":"","dvt":"V\u00e1lido","vap":"462","pvap":"   5,09"},{"seq":"51","sqcand":"10001065194","n":"15999","nm":"PAULINHA","cc":"MDB","nv":" ","e":"n","st":"","dvt":"V\u00e1lido","vap":"22","pvap":"   0,24"},{"seq":"71","sqcand":"10001010790","n":"11100","nm":"SANDRO","cc":"PP","nv":" ","e":"n","st":"","dvt":"V\u00e1lido","vap":"2","pvap":"   0,02"},{"seq":"41","sqcand":"10001065196","n":"15444","nm":"ERNAILTON","cc":"MDB","nv":" ","e":"n","st":"","dvt":"V\u00e1lido","vap":"39","pvap":"   0,43"},{"seq":"2","sqcand":"10001065195","n":"15000","nm":"PAULA PAIX\u00c3O","cc":"MDB","nv":" ","e":"n","st":"","dvt":"V\u00e1lido","vap":"476","pvap":"   5,24"},{"seq":"22","sqcand":"10000887643","n":"55000","nm":"JOICIANIO DO PROFETA","cc":"PSD","nv":" ","e":"n","st":"","dvt":"V\u00e1lido","vap":"129","pvap":"   1,42"},{"seq":"33","sqcand":"10000799793","n":"13789","nm":"DUDA DA PRAIA DA AMIZADE","cc":"PT","nv":" ","e":"n","st":"","dvt":"V\u00e1lido","vap":"52","pvap":"   0,57"},{"seq":"74","sqcand":"10001003176","n":"65090","nm":"VAGNER DOMINGOS","cc":"PC do B","nv":" ","e":"n","st":"","dvt":"V\u00e1lido","vap":"1","pvap":"   0,01"},{"seq":"43","sqcand":"10000799794","n":"13213","nm":"DAIANE","cc":"PT","nv":" ","e":"n","st":"","dvt":"V\u00e1lido","vap":"35","pvap":"   0,39"},{"seq":"19","sqcand":"10000890503","n":"90999","nm":"MARNILDO","cc":"PROS","nv":" ","e":"n","st":"","dvt":"V\u00e1lido","vap":"183","pvap":"   2,02"},{"seq":"67","sqcand":"10000993570","n":"17111","nm":"SERAFIM","cc":"PSL","nv":" ","e":"n","st":"","dvt":"V\u00e1lido","vap":"6","pvap":"   0,07"},{"seq":"40","sqcand":"10001010784","n":"11111","nm":"LIDI LIVAS","cc":"PP","nv":" ","e":"n","st":"","dvt":"V\u00e1lido","vap":"41","pvap":"   0,45"},{"seq":"13","sqcand":"10000887644","n":"55555","nm":"NETO AUTOPE\u00c7AS","cc":"PSD","nv":" ","e":"n","st":"","dvt":"V\u00e1lido","vap":"323","pvap":"   3,56"},{"seq":"8","sqcand":"10001065189","n":"15555","nm":"CHICO VAQUEIRO","cc":"MDB","nv":" ","e":"n","st":"","dvt":"V\u00e1lido","vap":"379","pvap":"   4,17"},{"seq":"65","sqcand":"10001105693","n":"12789","nm":"ANACLEIDE RAMOS","cc":"PDT","nv":" ","e":"n","st":"","dvt":"V\u00e1lido","vap":"7","pvap":"   0,08"},{"seq":"4","sqcand":"10000887641","n":"55055","nm":"NETO DO JAMILSON","cc":"PSD","nv":" ","e":"n","st":"","dvt":"V\u00e1lido","vap":"412","pvap":"   4,54"},{"seq":"26","sqcand":"10001105692","n":"12222","nm":"PASTOR MACARR\u00c3O","cc":"PDT","nv":" ","e":"n","st":"","dvt":"V\u00e1lido","vap":"91","pvap":"   1,00"},{"seq":"66","sqcand":"10001003179","n":"65122","nm":"PL\u00c1CIDA OLIVEIRA","cc":"PC do B","nv":" ","e":"n","st":"","dvt":"V\u00e1lido","vap":"7","pvap":"   0,08"},{"seq":"25","sqcand":"10000887636","n":"55222","nm":"CHICO DA UNIAO","cc":"PSD","nv":" ","e":"n","st":"","dvt":"V\u00e1lido","vap":"99","pvap":"   1,09"},{"seq":"81","sqcand":"10000802237","n":"50678","nm":"EVANILSON","cc":"PSOL","nv":" ","e":"n","st":"","dvt":"V\u00e1lido","vap":"0","pvap":"00.00"},{"seq":"79","sqcand":"10000802234","n":"50777","nm":"SOLDADO","cc":"PSOL","nv":" ","e":"n","st":"","dvt":"V\u00e1lido","vap":"0","pvap":"00.00"},{"seq":"36","sqcand":"10000887639","n":"55789","nm":"SUZY AZEVEDO","cc":"PSD","nv":" ","e":"n","st":"","dvt":"V\u00e1lido","vap":"46","pvap":"   0,51"},{"seq":"10","sqcand":"10000890508","n":"90333","nm":"JACINTO","cc":"PROS","nv":" ","e":"n","st":"","dvt":"V\u00e1lido","vap":"374","pvap":"   4,12"},{"seq":"55","sqcand":"10001065187","n":"15222","nm":"AMARILDO MOURA","cc":"MDB","nv":" ","e":"n","st":"","dvt":"V\u00e1lido","vap":"17","pvap":"   0,19"},{"seq":"6","sqcand":"10001105691","n":"12000","nm":"MAGILA DAMASIO","cc":"PDT","nv":" ","e":"n","st":"","dvt":"V\u00e1lido","vap":"399","pvap":"   4,39"},{"seq":"20","sqcand":"10001211864","n":"25555","nm":"PROF FRANCISCO","cc":"DEM","nv":" ","e":"n","st":"","dvt":"V\u00e1lido","vap":"156","pvap":"   1,72"},{"seq":"50","sqcand":"10000890507","n":"90555","nm":"ANGELICA AMBROSIO","cc":"PROS","nv":" ","e":"n","st":"","dvt":"V\u00e1lido","vap":"23","pvap":"   0,25"},{"seq":"62","sqcand":"10000993569","n":"17033","nm":"CHIQUITO","cc":"PSL","nv":" ","e":"n","st":"","dvt":"V\u00e1lido","vap":"10","pvap":"   0,11"},{"seq":"27","sqcand":"10001003184","n":"65777","nm":"ESIO","cc":"PC do B","nv":" ","e":"n","st":"","dvt":"V\u00e1lido","vap":"88","pvap":"   0,97"},{"seq":"63","sqcand":"10001010791","n":"11222","nm":"FOGUINHO ","cc":"PP","nv":" ","e":"n","st":"","dvt":"V\u00e1lido","vap":"10","pvap":"   0,11"},{"seq":"9","sqcand":"10000890509","n":"90123","nm":"TIAGO MATOS","cc":"PROS","nv":" ","e":"n","st":"","dvt":"V\u00e1lido","vap":"378","pvap":"   4,16"},{"seq":"39","sqcand":"10001105689","n":"12345","nm":"BENILDO CARLOS","cc":"PDT","nv":" ","e":"n","st":"","dvt":"V\u00e1lido","vap":"43","pvap":"   0,47"},{"seq":"82","sqcand":"10001211863","n":"25000","nm":"ROMERO TAVARES","cc":"DEM","nv":" ","e":"n","st":"","dvt":"V\u00e1lido","vap":"0","pvap":"00.00"},{"seq":"28","sqcand":"10001003186","n":"65789","nm":"PROF.CLEUVIS","cc":"PC do B","nv":" ","e":"n","st":"","dvt":"V\u00e1lido","vap":"70","pvap":"   0,77"},{"seq":"60","sqcand":"10001010793","n":"11123","nm":"S\u00cdLVIA VIGA","cc":"PP","nv":" ","e":"n","st":"","dvt":"V\u00e1lido","vap":"11","pvap":"   0,12"},{"seq":"35","sqcand":"10000799791","n":"13222","nm":"LEIDE SILVA","cc":"PT","nv":" ","e":"n","st":"","dvt":"V\u00e1lido","vap":"48","pvap":"   0,53"},{"seq":"52","sqcand":"10001010785","n":"11888","nm":"AN\u00cdSIO BARRETO","cc":"PP","nv":" ","e":"n","st":"","dvt":"V\u00e1lido","vap":"22","pvap":"   0,24"},{"seq":"54","sqcand":"10000993567","n":"17017","nm":"ROS\u00c2NGELA ESMYTH","cc":"PSL","nv":" ","e":"n","st":"","dvt":"V\u00e1lido","vap":"17","pvap":"   0,19"},{"seq":"29","sqcand":"10001003188","n":"65555","nm":"MARCOS DO SINDICATO","cc":"PC do B","nv":" ","e":"n","st":"","dvt":"V\u00e1lido","vap":"69","pvap":"   0,76"},{"seq":"5","sqcand":"10001065193","n":"15012","nm":"LUCIENE DA FOZ","cc":"MDB","nv":" ","e":"n","st":"","dvt":"V\u00e1lido","vap":"399","pvap":"   4,39"},{"seq":"31","sqcand":"10001105690","n":"12555","nm":"DERVAL CONCEI\u00c7\u00c3O","cc":"PDT","nv":" ","e":"n","st":"","dvt":"V\u00e1lido","vap":"62","pvap":"   0,68"},{"seq":"30","sqcand":"10001003185","n":"65000","nm":"LEANDRO  DO APU\u00cd","cc":"PC do B","nv":" ","e":"n","st":"","dvt":"V\u00e1lido","vap":"62","pvap":"   0,68"},{"seq":"73","sqcand":"10001003175","n":"65121","nm":"MARISTELA","cc":"PC do B","nv":" ","e":"n","st":"","dvt":"V\u00e1lido","vap":"2","pvap":"   0,02"},{"seq":"15","sqcand":"10000887637","n":"55123","nm":"EVERALDO","cc":"PSD","nv":" ","e":"n","st":"","dvt":"V\u00e1lido","vap":"225","pvap":"   2,48"},{"seq":"16","sqcand":"10001065192","n":"15123","nm":"NIRA DO DION\u00cdSIO","cc":"MDB","nv":" ","e":"n","st":"","dvt":"V\u00e1lido","vap":"211","pvap":"   2,32"},{"seq":"70","sqcand":"10001010794","n":"11000","nm":"MANINHA","cc":"PP","nv":" ","e":"n","st":"","dvt":"V\u00e1lido","vap":"3","pvap":"   0,03"},{"seq":"38","sqcand":"10000890505","n":"90222","nm":"IDA","cc":"PROS","nv":" ","e":"n","st":"","dvt":"V\u00e1lido","vap":"45","pvap":"   0,50"},{"seq":"23","sqcand":"10000890504","n":"90112","nm":"MARRETA","cc":"PROS","nv":" ","e":"n","st":"","dvt":"V\u00e1lido","vap":"129","pvap":"   1,42"},{"seq":"45","sqcand":"10000799788","n":"13123","nm":"MANUEL MARCOS","cc":"PT","nv":" ","e":"n","st":"","dvt":"V\u00e1lido","vap":"33","pvap":"   0,36"},{"seq":"44","sqcand":"10001065190","n":"15111","nm":"ANT\u00d4NIO ANCELMO","cc":"MDB","nv":" ","e":"n","st":"","dvt":"V\u00e1lido","vap":"34","pvap":"   0,37"},{"seq":"53","sqcand":"10000799796","n":"13122","nm":"ISAIAS FARIAS","cc":"PT","nv":" ","e":"n","st":"","dvt":"V\u00e1lido","vap":"21","pvap":"   0,23"},{"seq":"58","sqcand":"10001003187","n":"65235","nm":"PUR\u00c9","cc":"PC do B","nv":" ","e":"n","st":"","dvt":"V\u00e1lido","vap":"15","pvap":"   0,17"},{"seq":"48","sqcand":"10000799795","n":"13111","nm":"VICELIO SILVA","cc":"PT","nv":" ","e":"n","st":"","dvt":"V\u00e1lido","vap":"29","pvap":"   0,32"},{"seq":"12","sqcand":"10000890506","n":"90000","nm":"RAIDEN","cc":"PROS","nv":" ","e":"n","st":"","dvt":"V\u00e1lido","vap":"346","pvap":"   3,81"},{"seq":"77","sqcand":"10000802232","n":"50123","nm":"CHICO DO ODER","cc":"PSOL","nv":" ","e":"n","st":"","dvt":"V\u00e1lido","vap":"0","pvap":"00.00"},{"seq":"1","sqcand":"10000890510","n":"90111","nm":"RENA","cc":"PROS","nv":" ","e":"n","st":"","dvt":"V\u00e1lido","vap":"534","pvap":"   5,88"},{"seq":"68","sqcand":"10001010792","n":"11117","nm":"ROSA","cc":"PP","nv":" ","e":"n","st":"","dvt":"V\u00e1lido","vap":"6","pvap":"   0,07"},{"seq":"14","sqcand":"10000887642","n":"55122","nm":"EDSON SANTANA","cc":"PSD","nv":" ","e":"n","st":"","dvt":"V\u00e1lido","vap":"235","pvap":"   2,59"},{"seq":"64","sqcand":"10001010788","n":"11122","nm":"HERIBERTO MOTO TAXI","cc":"PP","nv":" ","e":"n","st":"","dvt":"V\u00e1lido","vap":"8","pvap":"   0,09"},{"seq":"7","sqcand":"10001105687","n":"12012","nm":"JOSUE DOURADO","cc":"PDT","nv":" ","e":"n","st":"","dvt":"V\u00e1lido","vap":"394","pvap":"   4,34"},{"seq":"72","sqcand":"10001105694","n":"12333","nm":"JOSE FRANCISCO ABREU","cc":"PDT","nv":" ","e":"n","st":"","dvt":"V\u00e1lido","vap":"2","pvap":"   0,02"},{"seq":"42","sqcand":"10000890502","n":"90900","nm":"JOSE ARNALDO","cc":"PROS","nv":" ","e":"n","st":"","dvt":"V\u00e1lido","vap":"35","pvap":"   0,39"},{"seq":"49","sqcand":"10001003183","n":"65321","nm":"PASTOR ANTONIO CARLOS","cc":"PC do B","nv":" ","e":"n","st":"","dvt":"V\u00e1lido","vap":"28","pvap":"   0,31"},{"seq":"32","sqcand":"10001010787","n":"11133","nm":"CARTEJANE SILVA","cc":"PP","nv":" ","e":"n","st":"","dvt":"V\u00e1lido","vap":"58","pvap":"   0,64"},{"seq":"17","sqcand":"10001003181","n":"65100","nm":"OSMARINO LAGOS","cc":"PC do B","nv":" ","e":"n","st":"","dvt":"V\u00e1lido","vap":"185","pvap":"   2,04"},{"seq":"46","sqcand":"10000887635","n":"55125","nm":"CLICIA MATTOS","cc":"PSD","nv":" ","e":"n","st":"","dvt":"V\u00e1lido","vap":"33","pvap":"   0,36"},{"seq":"61","sqcand":"10001003178","n":"65999","nm":"GEREMIAS MAGALH\u00c3ES","cc":"PC do B","nv":" ","e":"n","st":"","dvt":"V\u00e1lido","vap":"11","pvap":"   0,12"},{"seq":"21","sqcand":"10001105688","n":"12111","nm":"ALCIMAR BARBOSA","cc":"PDT","nv":" ","e":"n","st":"","dvt":"V\u00e1lido","vap":"152","pvap":"   1,67"},{"seq":"47","sqcand":"10001003189","n":"65111","nm":"CEMA","cc":"PC do B","nv":" ","e":"n","st":"","dvt":"V\u00e1lido","vap":"30","pvap":"   0,33"},{"seq":"80","sqcand":"10000802235","n":"50125","nm":"MARLENE","cc":"PSOL","nv":" ","e":"n","st":"","dvt":"V\u00e1lido","vap":"0","pvap":"00.00"},{"seq":"34","sqcand":"10000890511","n":"90444","nm":"CLEIDE DO LUZEIRO","cc":"PROS","nv":" ","e":"n","st":"","dvt":"V\u00e1lido","vap":"50","pvap":"   0,55"},{"seq":"78","sqcand":"10000802239","n":"50050","nm":"NA","cc":"PSOL","nv":" ","e":"n","st":"","dvt":"V\u00e1lido","vap":"0","pvap":"00.00"},{"seq":"18","sqcand":"10001065188","n":"15122","nm":"LEO MELO","cc":"MDB","nv":" ","e":"n","st":"","dvt":"V\u00e1lido","vap":"184","pvap":"   2,03"}]}
