{"ele":"426","tpabr":"mu","cdabr":"01120","carper":"13","t":"1","f":"o","dt":"15/11/2020","ht":"21:58:27","dv":"s","tf":"s","v":"9","esae":"n","mnae":"","s":"32","st":"32","pst":" 100,00","snt":"0","psnt":"   0,00","si":"32","psi":" 100,00","sni":"0","psni":"   0,00","sa":"32","psa":" 100,00","sna":"0","psna":"   0,00","e":"9169","ea":"9169","pea":" 100,00","ena":"0","pena":"   0,00","esi":"9169","pesi":" 100,00","esni":"0","pesni":"   0,00","c":"7093","pc":"  77,36","a":"2076","pa":"  22,64","vscv":"0","vnom":"6482","vl":"415","pvnom":"  93,98","pvl":"   6,02","vvc":"6897","pvvc":"  97,24","vb":"76","pvb":"   1,07","tvn":"120","ptvn":"   1,69","vn":"120","pvn":" 100,00","vnt":"0","pvnt":"   0,00","vp":"0","pvp":"   0,00","vv":"6897","pvv":" 100,00","van":"0","pvan":"   0,00","vansj":"0","pvansj":"   0,00","tv":"7093","cand":[{"seq":"63","sqcand":"10000854401","n":"11130","nm":"PAULA CLEURIDES","cc":"PP","nv":" ","e":"n","st":"Suplente","dvt":"V\u00e1lido","vap":"1","pvap":"   0,01"},{"seq":"69","sqcand":"10001118211","n":"12345","nm":"CALANGO","cc":"PDT","nv":" ","e":"n","st":"N\u00e3o eleito","dvt":"V\u00e1lido","vap":"70","pvap":"   1,01"},{"seq":"2","sqcand":"10000702290","n":"55123","nm":"ROZENO","cc":"PSD","nv":" ","e":"s","st":"Eleito","dvt":"V\u00e1lido","vap":"351","pvap":"   5,09"},{"seq":"29","sqcand":"10000976749","n":"77333","nm":"ALBECI DA COSTA LIMA","cc":"SOLIDARIEDADE","nv":" ","e":"n","st":"Suplente","dvt":"V\u00e1lido","vap":"62","pvap":"   0,90"},{"seq":"5","sqcand":"10000854407","n":"11456","nm":"CLEUSON","cc":"PP","nv":" ","e":"s","st":"Eleito","dvt":"V\u00e1lido","vap":"261","pvap":"   3,78"},{"seq":"33","sqcand":"10000854410","n":"11444","nm":"CARLINHOS DA BR","cc":"PP","nv":" ","e":"n","st":"Suplente","dvt":"V\u00e1lido","vap":"52","pvap":"   0,75"},{"seq":"25","sqcand":"10001069746","n":"15555","nm":"JOS\u00c9 BRAND\u00c3O","cc":"MDB","nv":" ","e":"n","st":"Suplente","dvt":"V\u00e1lido","vap":"81","pvap":"   1,17"},{"seq":"12","sqcand":"10001069752","n":"15444","nm":"ERACIDES","cc":"MDB","nv":" ","e":"n","st":"Suplente","dvt":"V\u00e1lido","vap":"215","pvap":"   3,12"},{"seq":"8","sqcand":"10001069751","n":"15190","nm":"TIRIRICA","cc":"MDB","nv":" ","e":"s","st":"Eleito","dvt":"V\u00e1lido","vap":"219","pvap":"   3,18"},{"seq":"61","sqcand":"10000854153","n":"45201","nm":"ZUILA","cc":"PSDB","nv":" ","e":"n","st":"Suplente","dvt":"V\u00e1lido","vap":"3","pvap":"   0,04"},{"seq":"62","sqcand":"10000976756","n":"77789","nm":"BITINHA","cc":"SOLIDARIEDADE","nv":" ","e":"n","st":"Suplente","dvt":"V\u00e1lido","vap":"3","pvap":"   0,04"},{"seq":"58","sqcand":"10000976750","n":"77444","nm":"MIRIAN CARVALHO","cc":"SOLIDARIEDADE","nv":" ","e":"n","st":"Suplente","dvt":"V\u00e1lido","vap":"8","pvap":"   0,12"},{"seq":"30","sqcand":"10000702338","n":"90999","nm":"ROSE DO MINAS CARNE","cc":"PROS","nv":" ","e":"n","st":"Suplente","dvt":"V\u00e1lido","vap":"60","pvap":"   0,87"},{"seq":"37","sqcand":"10000854406","n":"11512","nm":"PROF CARMEN","cc":"PP","nv":" ","e":"n","st":"Suplente","dvt":"V\u00e1lido","vap":"41","pvap":"   0,59"},{"seq":"13","sqcand":"10001069741","n":"15120","nm":"MAURO RAMALHO","cc":"MDB","nv":" ","e":"n","st":"Suplente","dvt":"V\u00e1lido","vap":"200","pvap":"   2,90"},{"seq":"21","sqcand":"10001069742","n":"15111","nm":"IVANILDO DAS PANELAS","cc":"MDB","nv":" ","e":"n","st":"Suplente","dvt":"V\u00e1lido","vap":"97","pvap":"   1,41"},{"seq":"71","sqcand":"10000978839","n":"22666","nm":"NELSON","cc":"PL","nv":" ","e":"n","st":"N\u00e3o eleito","dvt":"V\u00e1lido","vap":"37","pvap":"   0,54"},{"seq":"36","sqcand":"10000854149","n":"45610","nm":"GILMAR","cc":"PSDB","nv":" ","e":"n","st":"Suplente","dvt":"V\u00e1lido","vap":"41","pvap":"   0,59"},{"seq":"31","sqcand":"10000854147","n":"45456","nm":"CIDA DO A\u00c7OUGUE","cc":"PSDB","nv":" ","e":"n","st":"Suplente","dvt":"V\u00e1lido","vap":"55","pvap":"   0,80"},{"seq":"45","sqcand":"10000976757","n":"77999","nm":"RONALDO SILVA","cc":"SOLIDARIEDADE","nv":" ","e":"n","st":"Suplente","dvt":"V\u00e1lido","vap":"23","pvap":"   0,33"},{"seq":"20","sqcand":"10000702335","n":"90123","nm":"ZEZINHO DA SA\u00daDE","cc":"PROS","nv":" ","e":"n","st":"Suplente","dvt":"V\u00e1lido","vap":"97","pvap":"   1,41"},{"seq":"64","sqcand":"10000854408","n":"11222","nm":"SOLANGE","cc":"PP","nv":" ","e":"n","st":"Suplente","dvt":"V\u00e1lido","vap":"1","pvap":"   0,01"},{"seq":"52","sqcand":"10001069743","n":"15000","nm":"IVANILSON DO NASCIMENTO","cc":"MDB","nv":" ","e":"n","st":"Suplente","dvt":"V\u00e1lido","vap":"14","pvap":"   0,20"},{"seq":"72","sqcand":"10000978841","n":"22000","nm":"DANUBIA DAMASCENO","cc":"PL","nv":" ","e":"n","st":"N\u00e3o eleito","dvt":"V\u00e1lido","vap":"26","pvap":"   0,38"},{"seq":"74","sqcand":"10000978844","n":"22777","nm":"DARLI","cc":"PL","nv":" ","e":"n","st":"N\u00e3o eleito","dvt":"V\u00e1lido","vap":"22","pvap":"   0,32"},{"seq":"78","sqcand":"10001117717","n":"25555","nm":"N\u00caGA","cc":"DEM","nv":" ","e":"n","st":"N\u00e3o eleito","dvt":"V\u00e1lido","vap":"3","pvap":"   0,04"},{"seq":"44","sqcand":"10000702287","n":"55222","nm":"PROFESSOR ZE DO BODE","cc":"PSD","nv":" ","e":"n","st":"Suplente","dvt":"V\u00e1lido","vap":"28","pvap":"   0,41"},{"seq":"48","sqcand":"10000702291","n":"55010","nm":"BRITO COUNTRY","cc":"PSD","nv":" ","e":"n","st":"Suplente","dvt":"V\u00e1lido","vap":"16","pvap":"   0,23"},{"seq":"40","sqcand":"10000976759","n":"77111","nm":"FL\u00c1VIO BRITO","cc":"SOLIDARIEDADE","nv":" ","e":"n","st":"Suplente","dvt":"V\u00e1lido","vap":"37","pvap":"   0,54"},{"seq":"47","sqcand":"10000702333","n":"90333","nm":"NEN\u00c9M DO POSTO","cc":"PROS","nv":" ","e":"n","st":"Suplente","dvt":"V\u00e1lido","vap":"19","pvap":"   0,28"},{"seq":"19","sqcand":"10000854405","n":"11200","nm":"RODRIGO FRETEIRO","cc":"PP","nv":" ","e":"n","st":"Suplente","dvt":"V\u00e1lido","vap":"97","pvap":"   1,41"},{"seq":"1","sqcand":"10000854411","n":"11111","nm":"SIONAYTON","cc":"PP","nv":" ","e":"s","st":"Eleito","dvt":"V\u00e1lido","vap":"473","pvap":"   6,86"},{"seq":"73","sqcand":"10001118210","n":"12000","nm":"RENATO GAMA","cc":"PDT","nv":" ","e":"n","st":"N\u00e3o eleito","dvt":"V\u00e1lido","vap":"24","pvap":"   0,35"},{"seq":"51","sqcand":"10001069749","n":"15151","nm":"MARIA DE LOURDES","cc":"MDB","nv":" ","e":"n","st":"Suplente","dvt":"V\u00e1lido","vap":"14","pvap":"   0,20"},{"seq":"49","sqcand":"10001069745","n":"15128","nm":"MARIVALDA","cc":"MDB","nv":" ","e":"n","st":"Suplente","dvt":"V\u00e1lido","vap":"16","pvap":"   0,23"},{"seq":"77","sqcand":"10000978846","n":"22555","nm":"LINDALVA","cc":"PL","nv":" ","e":"n","st":"N\u00e3o eleito","dvt":"V\u00e1lido","vap":"7","pvap":"   0,10"},{"seq":"24","sqcand":"10000854148","n":"45222","nm":"BERGUE DO DETRAN","cc":"PSDB","nv":" ","e":"n","st":"Suplente","dvt":"V\u00e1lido","vap":"85","pvap":"   1,23"},{"seq":"7","sqcand":"10000854154","n":"45678","nm":"BETO DO TRAZIBE","cc":"PSDB","nv":" ","e":"s","st":"Eleito","dvt":"V\u00e1lido","vap":"232","pvap":"   3,36"},{"seq":"15","sqcand":"10000854151","n":"45444","nm":"DR VITOR MARTINELI","cc":"PSDB","nv":" ","e":"n","st":"Suplente","dvt":"V\u00e1lido","vap":"162","pvap":"   2,35"},{"seq":"28","sqcand":"10000702293","n":"55555","nm":"BRANCO","cc":"PSD","nv":" ","e":"n","st":"Suplente","dvt":"V\u00e1lido","vap":"66","pvap":"   0,96"},{"seq":"46","sqcand":"10000702292","n":"55190","nm":"CRISPIN","cc":"PSD","nv":" ","e":"n","st":"Suplente","dvt":"V\u00e1lido","vap":"21","pvap":"   0,30"},{"seq":"22","sqcand":"10000702294","n":"55666","nm":"TIAO MIGUEL","cc":"PSD","nv":" ","e":"n","st":"Suplente","dvt":"V\u00e1lido","vap":"90","pvap":"   1,30"},{"seq":"11","sqcand":"10000976753","n":"77123","nm":"MAICON ENFERMEIRO","cc":"SOLIDARIEDADE","nv":" ","e":"n","st":"Suplente","dvt":"V\u00e1lido","vap":"232","pvap":"   3,36"},{"seq":"59","sqcand":"10000976758","n":"77567","nm":"PATR\u00cdCIA","cc":"SOLIDARIEDADE","nv":" ","e":"n","st":"Suplente","dvt":"V\u00e1lido","vap":"8","pvap":"   0,12"},{"seq":"23","sqcand":"10000976748","n":"77888","nm":"PASTOR SIDNEY","cc":"SOLIDARIEDADE","nv":" ","e":"n","st":"Suplente","dvt":"V\u00e1lido","vap":"87","pvap":"   1,26"},{"seq":"39","sqcand":"10000702331","n":"90000","nm":"JONAS COWBOY","cc":"PROS","nv":" ","e":"n","st":"Suplente","dvt":"V\u00e1lido","vap":"41","pvap":"   0,59"},{"seq":"68","sqcand":"10001118209","n":"12012","nm":"THAIS COSTA","cc":"PDT","nv":" ","e":"n","st":"N\u00e3o eleito","dvt":"V\u00e1lido","vap":"76","pvap":"   1,10"},{"seq":"3","sqcand":"10001069747","n":"15789","nm":"IVANIR","cc":"MDB","nv":" ","e":"s","st":"Eleito","dvt":"V\u00e1lido","vap":"335","pvap":"   4,86"},{"seq":"70","sqcand":"10000978840","n":"22111","nm":"PAUMIRIM","cc":"PL","nv":" ","e":"n","st":"N\u00e3o eleito","dvt":"V\u00e1lido","vap":"39","pvap":"   0,57"},{"seq":"66","sqcand":"10001117716","n":"25000","nm":"NERIDAN","cc":"DEM","nv":" ","e":"n","st":"N\u00e3o eleito","dvt":"V\u00e1lido","vap":"119","pvap":"   1,73"},{"seq":"16","sqcand":"10000854150","n":"45045","nm":"FIGUEIREDO","cc":"PSDB","nv":" ","e":"n","st":"Suplente","dvt":"V\u00e1lido","vap":"158","pvap":"   2,29"},{"seq":"17","sqcand":"10000702288","n":"55999","nm":"WANDERLI DO JAJA","cc":"PSD","nv":" ","e":"n","st":"Suplente","dvt":"V\u00e1lido","vap":"111","pvap":"   1,61"},{"seq":"26","sqcand":"10000976751","n":"77234","nm":"TI\u00c3O BEN\u00cdCIO","cc":"SOLIDARIEDADE","nv":" ","e":"n","st":"Suplente","dvt":"V\u00e1lido","vap":"77","pvap":"   1,12"},{"seq":"4","sqcand":"10000976755","n":"77777","nm":"SARGENTO BELMONT","cc":"SOLIDARIEDADE","nv":" ","e":"s","st":"Eleito","dvt":"V\u00e1lido","vap":"274","pvap":"   3,97"},{"seq":"50","sqcand":"10000976752","n":"77222","nm":"JOANA MADUREIRA","cc":"SOLIDARIEDADE","nv":" ","e":"n","st":"Suplente","dvt":"V\u00e1lido","vap":"14","pvap":"   0,20"},{"seq":"9","sqcand":"10000702336","n":"90456","nm":"PROF. ODILON","cc":"PROS","nv":" ","e":"s","st":"Eleito","dvt":"V\u00e1lido","vap":"127","pvap":"   1,84"},{"seq":"32","sqcand":"10000854403","n":"11000","nm":"CEBOLINHA","cc":"PP","nv":" ","e":"n","st":"Suplente","dvt":"V\u00e1lido","vap":"54","pvap":"   0,78"},{"seq":"57","sqcand":"10000854402","n":"11312","nm":"PROF MARLENE","cc":"PP","nv":" ","e":"n","st":"Suplente","dvt":"V\u00e1lido","vap":"8","pvap":"   0,12"},{"seq":"43","sqcand":"10000854404","n":"11101","nm":"SEU REN\u00ca","cc":"PP","nv":" ","e":"n","st":"Suplente","dvt":"V\u00e1lido","vap":"29","pvap":"   0,42"},{"seq":"34","sqcand":"10000854399","n":"11121","nm":"CUTIARA","cc":"PP","nv":" ","e":"n","st":"Suplente","dvt":"V\u00e1lido","vap":"48","pvap":"   0,70"},{"seq":"10","sqcand":"10000854412","n":"11234","nm":"MOISES","cc":"PP","nv":" ","e":"n","st":"Suplente","dvt":"V\u00e1lido","vap":"258","pvap":"   3,74"},{"seq":"65","sqcand":"10001069744","n":"15015","nm":"MARCIA RAQUEL","cc":"MDB","nv":" ","e":"n","st":"Suplente","dvt":"V\u00e1lido","vap":"0","pvap":"00.00"},{"seq":"67","sqcand":"10000978845","n":"22123","nm":"NALSON","cc":"PL","nv":" ","e":"n","st":"N\u00e3o eleito","dvt":"V\u00e1lido","vap":"96","pvap":"   1,39"},{"seq":"79","sqcand":"10000978843","n":"22333","nm":"LOTE","cc":"PL","nv":" ","e":"n","st":"N\u00e3o eleito","dvt":"Anulado sub judice","vap":"0","pvap":"00.00"},{"seq":"6","sqcand":"10000854156","n":"45000","nm":"GILBERTO DA PATROL","cc":"PSDB","nv":" ","e":"s","st":"Eleito","dvt":"V\u00e1lido","vap":"255","pvap":"   3,70"},{"seq":"35","sqcand":"10000854152","n":"45123","nm":"RONILDO DA SELARIA","cc":"PSDB","nv":" ","e":"n","st":"Suplente","dvt":"V\u00e1lido","vap":"45","pvap":"   0,65"},{"seq":"56","sqcand":"10000854155","n":"45202","nm":"ROSE DO REDEN\u00c7\u00c3O","cc":"PSDB","nv":" ","e":"n","st":"Suplente","dvt":"V\u00e1lido","vap":"9","pvap":"   0,13"},{"seq":"55","sqcand":"10000702289","n":"55100","nm":"DORA","cc":"PSD","nv":" ","e":"n","st":"Suplente","dvt":"V\u00e1lido","vap":"10","pvap":"   0,14"},{"seq":"14","sqcand":"10000976754","n":"77000","nm":"PROF&#186; VALDERI","cc":"SOLIDARIEDADE","nv":" ","e":"n","st":"Suplente","dvt":"V\u00e1lido","vap":"198","pvap":"   2,87"},{"seq":"42","sqcand":"10000702337","n":"90555","nm":"CLAUDEMIR ALBUQUERQUE","cc":"PROS","nv":" ","e":"n","st":"Suplente","dvt":"V\u00e1lido","vap":"34","pvap":"   0,49"},{"seq":"27","sqcand":"10000702334","n":"90222","nm":"JESUS FRETEIRO","cc":"PROS","nv":" ","e":"n","st":"Suplente","dvt":"V\u00e1lido","vap":"70","pvap":"   1,01"},{"seq":"41","sqcand":"10000854400","n":"11123","nm":"ALEXANDRE CARDOSO","cc":"PP","nv":" ","e":"n","st":"Suplente","dvt":"V\u00e1lido","vap":"36","pvap":"   0,52"},{"seq":"53","sqcand":"10000854409","n":"11125","nm":"NEIDA DO RAMAL PELE","cc":"PP","nv":" ","e":"n","st":"Suplente","dvt":"V\u00e1lido","vap":"13","pvap":"   0,19"},{"seq":"18","sqcand":"10001069750","n":"15222","nm":"MARCOS BARROS","cc":"MDB","nv":" ","e":"n","st":"Suplente","dvt":"V\u00e1lido","vap":"104","pvap":"   1,51"},{"seq":"60","sqcand":"10001069748","n":"15123","nm":"ANDR\u00c9IA DAMASCENO","cc":"MDB","nv":" ","e":"n","st":"Suplente","dvt":"V\u00e1lido","vap":"5","pvap":"   0,07"},{"seq":"75","sqcand":"10000978838","n":"22222","nm":"JONATHAS","cc":"PL","nv":" ","e":"n","st":"N\u00e3o eleito","dvt":"V\u00e1lido","vap":"20","pvap":"   0,29"},{"seq":"76","sqcand":"10000978842","n":"22444","nm":"LUIZA","cc":"PL","nv":" ","e":"n","st":"N\u00e3o eleito","dvt":"V\u00e1lido","vap":"9","pvap":"   0,13"},{"seq":"54","sqcand":"10000702286","n":"55333","nm":"BAIXINHA DA SETE","cc":"PSD","nv":" ","e":"n","st":"Suplente","dvt":"V\u00e1lido","vap":"12","pvap":"   0,17"},{"seq":"38","sqcand":"10000702332","n":"90111","nm":"NINA","cc":"PROS","nv":" ","e":"n","st":"Suplente","dvt":"V\u00e1lido","vap":"41","pvap":"   0,59"}]}
