{"ele":"426","tpabr":"mu","cdabr":"01392","carper":"13","t":"1","f":"o","dt":"15/11/2020","ht":"21:04:27","dv":"s","tf":"s","v":"17","esae":"n","mnae":"","s":"707","st":"707","pst":" 100,00","snt":"0","psnt":"   0,00","si":"707","psi":" 100,00","sni":"0","psni":"   0,00","sa":"707","psa":" 100,00","sna":"0","psna":"   0,00","e":"256673","ea":"256673","pea":" 100,00","ena":"0","pena":"   0,00","esi":"256673","pesi":" 100,00","esni":"0","pesni":"   0,00","c":"186769","pc":"  72,77","a":"69904","pa":"  27,23","vscv":"0","vnom":"168000","vl":"10561","pvnom":"  94,09","pvl":"   5,91","vvc":"178626","pvvc":"  95,64","vb":"4513","pvb":"   2,42","tvn":"3630","ptvn":"   1,94","vn":"3434","pvn":"  94,60","vnt":"196","pvnt":"   5,40","vp":"0","pvp":"   0,00","vv":"178561","pvv":"  99,96","van":"0","pvan":"   0,00","vansj":"65","pvansj":"   0,04","tv":"186769","cand":[{"seq":"388","sqcand":"10000967326","n":"20234","nm":"RAIDA GURGEL","cc":"PSC","nv":" ","e":"n","st":"N\u00e3o eleito","dvt":"V\u00e1lido","vap":"66","pvap":"   0,04"},{"seq":"167","sqcand":"10000848792","n":"11318","nm":"ISMAEL PERES","cc":"PP","nv":" ","e":"n","st":"Suplente","dvt":"V\u00e1lido","vap":"92","pvap":"   0,05"},{"seq":"400","sqcand":"10000967331","n":"20400","nm":"CARLOS AUGUSTO","cc":"PSC","nv":" ","e":"n","st":"N\u00e3o eleito","dvt":"V\u00e1lido","vap":"58","pvap":"   0,03"},{"seq":"241","sqcand":"10000747917","n":"13789","nm":"GILDO CESAR","cc":"PT","nv":" ","e":"n","st":"N\u00e3o eleito","dvt":"V\u00e1lido","vap":"401","pvap":"   0,22"},{"seq":"136","sqcand":"10000968154","n":"19191","nm":"RAFAEL DO VALE","cc":"PODE","nv":" ","e":"n","st":"Suplente","dvt":"V\u00e1lido","vap":"158","pvap":"   0,09"},{"seq":"437","sqcand":"10000669753","n":"43012","nm":"MUSTAFA","cc":"PV","nv":" ","e":"n","st":"N\u00e3o eleito","dvt":"V\u00e1lido","vap":"36","pvap":"   0,02"},{"seq":"448","sqcand":"10001146753","n":"65478","nm":"WALDECIR   ( DONA MO\u00c7A )","cc":"PC do B","nv":" ","e":"n","st":"N\u00e3o eleito","dvt":"V\u00e1lido","vap":"29","pvap":"   0,02"},{"seq":"300","sqcand":"10001058970","n":"14700","nm":"DR. M\u00c1RIO FISIOTERAPEUTA","cc":"PTB","nv":" ","e":"n","st":"N\u00e3o eleito","dvt":"V\u00e1lido","vap":"164","pvap":"   0,09"},{"seq":"207","sqcand":"10000669572","n":"10000","nm":"BRUNO MORAES","cc":"REPUBLICANOS","nv":" ","e":"n","st":"N\u00e3o eleito","dvt":"V\u00e1lido","vap":"2098","pvap":"   1,17"},{"seq":"84","sqcand":"10000670230","n":"55888","nm":"JOCIRLENE BARBOSA","cc":"PSD","nv":" ","e":"n","st":"Suplente","dvt":"V\u00e1lido","vap":"353","pvap":"   0,20"},{"seq":"263","sqcand":"10000669571","n":"10222","nm":"ELISALDO LUNA","cc":"REPUBLICANOS","nv":" ","e":"n","st":"N\u00e3o eleito","dvt":"V\u00e1lido","vap":"286","pvap":"   0,16"},{"seq":"368","sqcand":"10000849496","n":"27190","nm":"REINALDO CRUZ","cc":"DC","nv":" ","e":"n","st":"N\u00e3o eleito","dvt":"V\u00e1lido","vap":"80","pvap":"   0,04"},{"seq":"147","sqcand":"10000968142","n":"19777","nm":"BRUNINHO SANTOS","cc":"PODE","nv":" ","e":"n","st":"Suplente","dvt":"V\u00e1lido","vap":"132","pvap":"   0,07"},{"seq":"367","sqcand":"10000849497","n":"27800","nm":"MARIA BANANINHA","cc":"DC","nv":" ","e":"n","st":"N\u00e3o eleito","dvt":"V\u00e1lido","vap":"81","pvap":"   0,05"},{"seq":"208","sqcand":"10000669564","n":"10123","nm":"ALEX SANDRO","cc":"REPUBLICANOS","nv":" ","e":"n","st":"N\u00e3o eleito","dvt":"V\u00e1lido","vap":"1554","pvap":"   0,87"},{"seq":"325","sqcand":"10001081889","n":"23789","nm":"ALDENOR DANTAS","cc":"CIDADANIA","nv":" ","e":"n","st":"N\u00e3o eleito","dvt":"V\u00e1lido","vap":"130","pvap":"   0,07"},{"seq":"99","sqcand":"10001014892","n":"45700","nm":"DIACONO FRANCISCO ROCHA COELHO","cc":"PSDB","nv":" ","e":"n","st":"Suplente","dvt":"V\u00e1lido","vap":"272","pvap":"   0,15"},{"seq":"128","sqcand":"10000699926","n":"15121","nm":"NETO CEAR\u00c1","cc":"MDB","nv":" ","e":"n","st":"Suplente","dvt":"V\u00e1lido","vap":"176","pvap":"   0,10"},{"seq":"482","sqcand":"10000701209","n":"90789","nm":"DJ BLACK JUNIOR","cc":"PROS","nv":" ","e":"n","st":"N\u00e3o eleito","dvt":"V\u00e1lido","vap":"5","pvap":"   0,00"},{"seq":"434","sqcand":"10001110357","n":"22100","nm":"REI DO COCO","cc":"PL","nv":" ","e":"n","st":"N\u00e3o eleito","dvt":"V\u00e1lido","vap":"38","pvap":"   0,02"},{"seq":"389","sqcand":"10000701195","n":"90555","nm":"JORGE DA GR\u00c1FICA","cc":"PROS","nv":" ","e":"n","st":"N\u00e3o eleito","dvt":"Anulado sub judice","vap":"65","pvap":"   0,04"},{"seq":"209","sqcand":"10000849500","n":"27000","nm":"GLEIDSON MENEZES","cc":"DC","nv":" ","e":"n","st":"N\u00e3o eleito","dvt":"V\u00e1lido","vap":"1296","pvap":"   0,73"},{"seq":"64","sqcand":"10000851444","n":"12555","nm":"BACURAL","cc":"PDT","nv":" ","e":"n","st":"Suplente","dvt":"V\u00e1lido","vap":"509","pvap":"   0,28"},{"seq":"225","sqcand":"10000669743","n":"43000","nm":"ANDR\u00c9 BORGES","cc":"PV","nv":" ","e":"n","st":"N\u00e3o eleito","dvt":"V\u00e1lido","vap":"642","pvap":"   0,36"},{"seq":"252","sqcand":"10001014816","n":"77100","nm":"FRANCISCO ARAUJO","cc":"SOLIDARIEDADE","nv":" ","e":"n","st":"N\u00e3o eleito","dvt":"V\u00e1lido","vap":"307","pvap":"   0,17"},{"seq":"112","sqcand":"10001079051","n":"17762","nm":"CLEBES MOTORA","cc":"PSL","nv":" ","e":"n","st":"Suplente","dvt":"V\u00e1lido","vap":"211","pvap":"   0,12"},{"seq":"176","sqcand":"10000851441","n":"12321","nm":"MAX TEODORO","cc":"PDT","nv":" ","e":"n","st":"Suplente","dvt":"V\u00e1lido","vap":"79","pvap":"   0,04"},{"seq":"71","sqcand":"10001079061","n":"17700","nm":"ROGERIO WENCESLAU","cc":"PSL","nv":" ","e":"n","st":"Suplente","dvt":"V\u00e1lido","vap":"452","pvap":"   0,25"},{"seq":"387","sqcand":"10000669772","n":"50333","nm":"RAY SANTOS","cc":"PSOL","nv":" ","e":"n","st":"N\u00e3o eleito","dvt":"V\u00e1lido","vap":"66","pvap":"   0,04"},{"seq":"26","sqcand":"10000701039","n":"25111","nm":"CLEUDO PAIVA","cc":"DEM","nv":" ","e":"n","st":"Suplente","dvt":"V\u00e1lido","vap":"1361","pvap":"   0,76"},{"seq":"24","sqcand":"10000969482","n":"40777","nm":"RAFAEL ALMEIDA","cc":"PSB","nv":" ","e":"n","st":"Suplente","dvt":"V\u00e1lido","vap":"1494","pvap":"   0,84"},{"seq":"188","sqcand":"10001079039","n":"17017","nm":"SOSTENES CASTRO","cc":"PSL","nv":" ","e":"n","st":"Suplente","dvt":"V\u00e1lido","vap":"51","pvap":"   0,03"},{"seq":"27","sqcand":"10000851445","n":"12000","nm":"LUCAS MATOS","cc":"PDT","nv":" ","e":"n","st":"Suplente","dvt":"V\u00e1lido","vap":"1283","pvap":"   0,72"},{"seq":"274","sqcand":"10001110355","n":"22123","nm":"DEMA DA CONSTRU\u00c7\u00c3O","cc":"PL","nv":" ","e":"n","st":"N\u00e3o eleito","dvt":"V\u00e1lido","vap":"235","pvap":"   0,13"},{"seq":"15","sqcand":"10000699922","n":"15888","nm":"C\u00c9LIO GADELHA","cc":"MDB","nv":" ","e":"s","st":"Eleito","dvt":"V\u00e1lido","vap":"1293","pvap":"   0,72"},{"seq":"358","sqcand":"10000849509","n":"27111","nm":"NEGO CAJAZEIRA","cc":"DC","nv":" ","e":"n","st":"N\u00e3o eleito","dvt":"V\u00e1lido","vap":"88","pvap":"   0,05"},{"seq":"174","sqcand":"10000968152","n":"19190","nm":"LEO ARAUJO","cc":"PODE","nv":" ","e":"n","st":"Suplente","dvt":"V\u00e1lido","vap":"82","pvap":"   0,05"},{"seq":"114","sqcand":"10001079043","n":"17177","nm":"IZABELE CRISTINE","cc":"PSL","nv":" ","e":"n","st":"Suplente","dvt":"V\u00e1lido","vap":"208","pvap":"   0,12"},{"seq":"186","sqcand":"10001079054","n":"17145","nm":"LEO DO WALDEMAR MARCIEL","cc":"PSL","nv":" ","e":"n","st":"Suplente","dvt":"V\u00e1lido","vap":"53","pvap":"   0,03"},{"seq":"159","sqcand":"10000851437","n":"12322","nm":"VANDERSON BRITO","cc":"PDT","nv":" ","e":"n","st":"Suplente","dvt":"V\u00e1lido","vap":"113","pvap":"   0,06"},{"seq":"211","sqcand":"10001081892","n":"23456","nm":"PROFESSOR SERGIO TORRES","cc":"CIDADANIA","nv":" ","e":"n","st":"N\u00e3o eleito","dvt":"V\u00e1lido","vap":"1026","pvap":"   0,57"},{"seq":"276","sqcand":"10000669747","n":"43555","nm":"ROBERTO CAVALCANTE","cc":"PV","nv":" ","e":"n","st":"N\u00e3o eleito","dvt":"V\u00e1lido","vap":"226","pvap":"   0,13"},{"seq":"101","sqcand":"10000699917","n":"15777","nm":"BRANCA MESQUITA","cc":"MDB","nv":" ","e":"n","st":"Suplente","dvt":"V\u00e1lido","vap":"266","pvap":"   0,15"},{"seq":"80","sqcand":"10000701035","n":"25000","nm":"ALEX ARA\u00daJO","cc":"DEM","nv":" ","e":"n","st":"Suplente","dvt":"V\u00e1lido","vap":"385","pvap":"   0,22"},{"seq":"322","sqcand":"10000701199","n":"90111","nm":"MARA R\u00ca","cc":"PROS","nv":" ","e":"n","st":"N\u00e3o eleito","dvt":"V\u00e1lido","vap":"133","pvap":"   0,07"},{"seq":"484","sqcand":"10000669561","n":"10110","nm":"MATHEUS ALMEIDA","cc":"REPUBLICANOS","nv":" ","e":"n","st":"N\u00e3o eleito","dvt":"V\u00e1lido","vap":"4","pvap":"   0,00"},{"seq":"495","sqcand":"10001081885","n":"23477","nm":"RAQUEL PL\u00c1CIDO","cc":"CIDADANIA","nv":" ","e":"n","st":"N\u00e3o eleito","dvt":"V\u00e1lido","vap":"0","pvap":"00.00"},{"seq":"340","sqcand":"10001081895","n":"23321","nm":"TIAGO FARIAS","cc":"CIDADANIA","nv":" ","e":"n","st":"N\u00e3o eleito","dvt":"V\u00e1lido","vap":"109","pvap":"   0,06"},{"seq":"299","sqcand":"10001014817","n":"77012","nm":"MARCIO OLIVEIRA","cc":"SOLIDARIEDADE","nv":" ","e":"n","st":"N\u00e3o eleito","dvt":"V\u00e1lido","vap":"165","pvap":"   0,09"},{"seq":"412","sqcand":"10000973701","n":"70789","nm":"MISSION\u00c1RIO DAVI PAIVA","cc":"AVANTE","nv":" ","e":"n","st":"N\u00e3o eleito","dvt":"V\u00e1lido","vap":"49","pvap":"   0,03"},{"seq":"477","sqcand":"10001146758","n":"65432","nm":"MINISTRO DA BAIXADA ","cc":"PC do B","nv":" ","e":"n","st":"N\u00e3o eleito","dvt":"V\u00e1lido","vap":"11","pvap":"   0,01"},{"seq":"467","sqcand":"10000973713","n":"70070","nm":"FATIMA RIOS ","cc":"AVANTE","nv":" ","e":"n","st":"N\u00e3o eleito","dvt":"V\u00e1lido","vap":"16","pvap":"   0,01"},{"seq":"143","sqcand":"10000699919","n":"15789","nm":"IRM\u00c3O RAIMUNDO","cc":"MDB","nv":" ","e":"n","st":"Suplente","dvt":"V\u00e1lido","vap":"137","pvap":"   0,08"},{"seq":"250","sqcand":"10000849510","n":"27444","nm":"HELDER PAIVA","cc":"DC","nv":" ","e":"n","st":"N\u00e3o eleito","dvt":"V\u00e1lido","vap":"318","pvap":"   0,18"},{"seq":"297","sqcand":"10001081883","n":"23033","nm":"TEREZINHA","cc":"CIDADANIA","nv":" ","e":"n","st":"N\u00e3o eleito","dvt":"V\u00e1lido","vap":"165","pvap":"   0,09"},{"seq":"76","sqcand":"10001079052","n":"17712","nm":"S\u00c2MYA DOMONTE","cc":"PSL","nv":" ","e":"n","st":"Suplente","dvt":"V\u00e1lido","vap":"406","pvap":"   0,23"},{"seq":"251","sqcand":"10000669776","n":"50123","nm":"ESVALDINO NASCIMENTO","cc":"PSOL","nv":" ","e":"n","st":"N\u00e3o eleito","dvt":"V\u00e1lido","vap":"309","pvap":"   0,17"},{"seq":"267","sqcand":"10001014822","n":"77000","nm":"MI DO CALAFATE","cc":"SOLIDARIEDADE","nv":" ","e":"n","st":"N\u00e3o eleito","dvt":"V\u00e1lido","vap":"251","pvap":"   0,14"},{"seq":"38","sqcand":"10000969479","n":"40111","nm":"AILTON CASTRO","cc":"PSB","nv":" ","e":"n","st":"Suplente","dvt":"V\u00e1lido","vap":"938","pvap":"   0,53"},{"seq":"182","sqcand":"10000699911","n":"15155","nm":"KIRA","cc":"MDB","nv":" ","e":"n","st":"Suplente","dvt":"V\u00e1lido","vap":"61","pvap":"   0,03"},{"seq":"407","sqcand":"10000973714","n":"70111","nm":"NONATO GOMES LOCUTOR ","cc":"AVANTE","nv":" ","e":"n","st":"N\u00e3o eleito","dvt":"V\u00e1lido","vap":"54","pvap":"   0,03"},{"seq":"295","sqcand":"10001058965","n":"14114","nm":"TENENTE ALDEMIR","cc":"PTB","nv":" ","e":"n","st":"N\u00e3o eleito","dvt":"V\u00e1lido","vap":"169","pvap":"   0,09"},{"seq":"472","sqcand":"10001146765","n":"65400","nm":"ELIANA CAVALCANTE ","cc":"PC do B","nv":" ","e":"n","st":"N\u00e3o eleito","dvt":"V\u00e1lido","vap":"13","pvap":"   0,01"},{"seq":"296","sqcand":"10000747922","n":"13369","nm":"PELEZINHO ","cc":"PT","nv":" ","e":"n","st":"N\u00e3o eleito","dvt":"V\u00e1lido","vap":"166","pvap":"   0,09"},{"seq":"3","sqcand":"10000969481","n":"40234","nm":"ANTONIO MORAIS","cc":"PSB","nv":" ","e":"s","st":"Eleito","dvt":"V\u00e1lido","vap":"2933","pvap":"   1,64"},{"seq":"75","sqcand":"10000670253","n":"55444","nm":"ARIVALDO MENDES","cc":"PSD","nv":" ","e":"n","st":"Suplente","dvt":"V\u00e1lido","vap":"410","pvap":"   0,23"},{"seq":"447","sqcand":"10000701196","n":"90123","nm":"MARCOS FABRICIO","cc":"PROS","nv":" ","e":"n","st":"N\u00e3o eleito","dvt":"V\u00e1lido","vap":"30","pvap":"   0,02"},{"seq":"478","sqcand":"10001081897","n":"23007","nm":"IARA SIM\u00d5ES","cc":"CIDADANIA","nv":" ","e":"n","st":"N\u00e3o eleito","dvt":"V\u00e1lido","vap":"10","pvap":"   0,01"},{"seq":"265","sqcand":"10000701213","n":"90999","nm":"FERNANDO MELO","cc":"PROS","nv":" ","e":"n","st":"N\u00e3o eleito","dvt":"V\u00e1lido","vap":"258","pvap":"   0,14"},{"seq":"172","sqcand":"10001079036","n":"17107","nm":"IVANILDO MONTEIRO","cc":"PSL","nv":" ","e":"n","st":"Suplente","dvt":"V\u00e1lido","vap":"82","pvap":"   0,05"},{"seq":"83","sqcand":"10000968156","n":"19000","nm":"EDER OLIVEIRA","cc":"PODE","nv":" ","e":"n","st":"Suplente","dvt":"V\u00e1lido","vap":"370","pvap":"   0,21"},{"seq":"298","sqcand":"10001014819","n":"77177","nm":"LEO LINO","cc":"SOLIDARIEDADE","nv":" ","e":"n","st":"N\u00e3o eleito","dvt":"V\u00e1lido","vap":"165","pvap":"   0,09"},{"seq":"334","sqcand":"10000669563","n":"10333","nm":"VALMIR DA FARMACIA","cc":"REPUBLICANOS","nv":" ","e":"n","st":"N\u00e3o eleito","dvt":"V\u00e1lido","vap":"117","pvap":"   0,07"},{"seq":"465","sqcand":"10000973707","n":"70157","nm":"RAYANY ARA\u00daJO","cc":"AVANTE","nv":" ","e":"n","st":"N\u00e3o eleito","dvt":"V\u00e1lido","vap":"17","pvap":"   0,01"},{"seq":"222","sqcand":"10001110353","n":"22888","nm":"ARTEMIO","cc":"PL","nv":" ","e":"n","st":"N\u00e3o eleito","dvt":"V\u00e1lido","vap":"691","pvap":"   0,39"},{"seq":"316","sqcand":"10000849506","n":"27299","nm":"JARDEL MAIA","cc":"DC","nv":" ","e":"n","st":"N\u00e3o eleito","dvt":"V\u00e1lido","vap":"145","pvap":"   0,08"},{"seq":"231","sqcand":"10001058960","n":"14444","nm":"DRA. TALITA MENDON\u00c7A","cc":"PTB","nv":" ","e":"n","st":"N\u00e3o eleito","dvt":"V\u00e1lido","vap":"529","pvap":"   0,30"},{"seq":"361","sqcand":"10001058961","n":"14200","nm":"JO\u00c3O DANZICOURT","cc":"PTB","nv":" ","e":"n","st":"N\u00e3o eleito","dvt":"V\u00e1lido","vap":"85","pvap":"   0,05"},{"seq":"48","sqcand":"10000969480","n":"40400","nm":"BRUNA DELILO","cc":"PSB","nv":" ","e":"n","st":"Suplente","dvt":"V\u00e1lido","vap":"771","pvap":"   0,43"},{"seq":"74","sqcand":"10000969494","n":"40789","nm":"Z\u00c9 ROBERTO","cc":"PSB","nv":" ","e":"n","st":"Suplente","dvt":"V\u00e1lido","vap":"427","pvap":"   0,24"},{"seq":"429","sqcand":"10000849495","n":"27003","nm":"SR WILSON HISTORIADOR","cc":"DC","nv":" ","e":"n","st":"N\u00e3o eleito","dvt":"V\u00e1lido","vap":"39","pvap":"   0,02"},{"seq":"154","sqcand":"10001014905","n":"45245","nm":"HENRIQUE CAMARGO","cc":"PSDB","nv":" ","e":"n","st":"Suplente","dvt":"V\u00e1lido","vap":"119","pvap":"   0,07"},{"seq":"351","sqcand":"10001246737","n":"51221","nm":"DUDU DA BAIXADA","cc":"PATRIOTA","nv":" ","e":"n","st":"N\u00e3o eleito","dvt":"V\u00e1lido","vap":"98","pvap":"   0,05"},{"seq":"287","sqcand":"10000967337","n":"20120","nm":"JUNIOR FREITAS","cc":"PSC","nv":" ","e":"n","st":"N\u00e3o eleito","dvt":"V\u00e1lido","vap":"183","pvap":"   0,10"},{"seq":"442","sqcand":"10001081905","n":"23133","nm":"MAURICIO DO CHURRASQUINHO","cc":"CIDADANIA","nv":" ","e":"n","st":"N\u00e3o eleito","dvt":"V\u00e1lido","vap":"33","pvap":"   0,02"},{"seq":"359","sqcand":"10000967315","n":"20777","nm":"CARLOS CESAR","cc":"PSC","nv":" ","e":"n","st":"N\u00e3o eleito","dvt":"V\u00e1lido","vap":"87","pvap":"   0,05"},{"seq":"492","sqcand":"10001202734","n":"35123","nm":"GLEICIANE SANTOS ","cc":"PMB","nv":" ","e":"n","st":"N\u00e3o eleito","dvt":"V\u00e1lido","vap":"1","pvap":"   0,01"},{"seq":"202","sqcand":"10000968163","n":"19358","nm":"DJESSICA DA SILVA","cc":"PODE","nv":" ","e":"n","st":"Suplente","dvt":"V\u00e1lido","vap":"16","pvap":"   0,01"},{"seq":"179","sqcand":"10000968149","n":"19200","nm":"JERFFESON DO CUSTODIO","cc":"PODE","nv":" ","e":"n","st":"Suplente","dvt":"V\u00e1lido","vap":"71","pvap":"   0,04"},{"seq":"471","sqcand":"10000836017","n":"33000","nm":"GRACIL BANDEIRA ROQUE","cc":"PMN","nv":" ","e":"n","st":"N\u00e3o eleito","dvt":"V\u00e1lido","vap":"13","pvap":"   0,01"},{"seq":"468","sqcand":"10001246731","n":"51012","nm":"NAZARE ","cc":"PATRIOTA","nv":" ","e":"n","st":"N\u00e3o eleito","dvt":"V\u00e1lido","vap":"15","pvap":"   0,01"},{"seq":"185","sqcand":"10000968143","n":"19700","nm":"DECA PINHEIRO","cc":"PODE","nv":" ","e":"n","st":"Suplente","dvt":"V\u00e1lido","vap":"54","pvap":"   0,03"},{"seq":"285","sqcand":"10001246734","n":"51123","nm":"ICO","cc":"PATRIOTA","nv":" ","e":"n","st":"N\u00e3o eleito","dvt":"V\u00e1lido","vap":"189","pvap":"   0,11"},{"seq":"311","sqcand":"10000849503","n":"27012","nm":"MANOEL IZO","cc":"DC","nv":" ","e":"n","st":"N\u00e3o eleito","dvt":"V\u00e1lido","vap":"150","pvap":"   0,08"},{"seq":"8","sqcand":"10000848803","n":"11800","nm":"RUT\u00caNIO S\u00c1","cc":"PP","nv":" ","e":"s","st":"Eleito","dvt":"V\u00e1lido","vap":"2271","pvap":"   1,27"},{"seq":"1","sqcand":"10000851435","n":"12222","nm":"DRA. MICHELLE MELO","cc":"PDT","nv":" ","e":"s","st":"Eleito","dvt":"V\u00e1lido","vap":"3576","pvap":"   2,00"},{"seq":"109","sqcand":"10001079049","n":"17001","nm":"WILSON MANASFI DIAS","cc":"PSL","nv":" ","e":"n","st":"Suplente","dvt":"V\u00e1lido","vap":"226","pvap":"   0,13"},{"seq":"181","sqcand":"10000968146","n":"19444","nm":"VANIA ALVES","cc":"PODE","nv":" ","e":"n","st":"Suplente","dvt":"V\u00e1lido","vap":"67","pvap":"   0,04"},{"seq":"45","sqcand":"10000699923","n":"15100","nm":"TOIN BALICA","cc":"MDB","nv":" ","e":"n","st":"Suplente","dvt":"V\u00e1lido","vap":"803","pvap":"   0,45"},{"seq":"277","sqcand":"10001014833","n":"77122","nm":"MARCOS SOARES","cc":"SOLIDARIEDADE","nv":" ","e":"n","st":"N\u00e3o eleito","dvt":"V\u00e1lido","vap":"226","pvap":"   0,13"},{"seq":"191","sqcand":"10000670240","n":"55044","nm":"RIVALDO SAPAT\u00c3O","cc":"PSD","nv":" ","e":"n","st":"Suplente","dvt":"V\u00e1lido","vap":"47","pvap":"   0,03"},{"seq":"87","sqcand":"10001079045","n":"17190","nm":"SUBTENENTE CANDEIAS","cc":"PSL","nv":" ","e":"n","st":"Suplente","dvt":"V\u00e1lido","vap":"324","pvap":"   0,18"},{"seq":"65","sqcand":"10001014914","n":"45222","nm":"VANDERLI FERREIRA","cc":"PSDB","nv":" ","e":"n","st":"Suplente","dvt":"V\u00e1lido","vap":"500","pvap":"   0,28"},{"seq":"42","sqcand":"10001014891","n":"45190","nm":"ALEX SOUZA","cc":"PSDB","nv":" ","e":"n","st":"Suplente","dvt":"V\u00e1lido","vap":"873","pvap":"   0,49"},{"seq":"393","sqcand":"10000967336","n":"20007","nm":"PR. MARCOS SILVA","cc":"PSC","nv":" ","e":"n","st":"N\u00e3o eleito","dvt":"V\u00e1lido","vap":"63","pvap":"   0,04"},{"seq":"44","sqcand":"10001079057","n":"17123","nm":"JUNIOR PARIS DAKAR","cc":"PSL","nv":" ","e":"n","st":"Suplente","dvt":"V\u00e1lido","vap":"846","pvap":"   0,47"},{"seq":"273","sqcand":"10000701197","n":"90444","nm":"WELLITON LIMA","cc":"PROS","nv":" ","e":"n","st":"N\u00e3o eleito","dvt":"V\u00e1lido","vap":"236","pvap":"   0,13"},{"seq":"403","sqcand":"10001110346","n":"22222","nm":"PROFESSORA FRAN\u00c7A MONICA","cc":"PL","nv":" ","e":"n","st":"N\u00e3o eleito","dvt":"V\u00e1lido","vap":"56","pvap":"   0,03"},{"seq":"264","sqcand":"10001081884","n":"23000","nm":"DAVID HALL","cc":"CIDADANIA","nv":" ","e":"n","st":"N\u00e3o eleito","dvt":"V\u00e1lido","vap":"266","pvap":"   0,15"},{"seq":"70","sqcand":"10001014894","n":"45555","nm":"ARYANNY CADAXO","cc":"PSDB","nv":" ","e":"n","st":"Suplente","dvt":"V\u00e1lido","vap":"466","pvap":"   0,26"},{"seq":"326","sqcand":"10001146761","n":"65100","nm":"THIAGO SILVA ","cc":"PC do B","nv":" ","e":"n","st":"N\u00e3o eleito","dvt":"V\u00e1lido","vap":"128","pvap":"   0,07"},{"seq":"470","sqcand":"10001058957","n":"14345","nm":"ROMEU RODRIGUES","cc":"PTB","nv":" ","e":"n","st":"N\u00e3o eleito","dvt":"V\u00e1lido","vap":"14","pvap":"   0,01"},{"seq":"246","sqcand":"10001081887","n":"23888","nm":"BR\u00cdGIDO OLIVEIRA","cc":"CIDADANIA","nv":" ","e":"n","st":"N\u00e3o eleito","dvt":"V\u00e1lido","vap":"380","pvap":"   0,21"},{"seq":"51","sqcand":"10000699932","n":"15123","nm":"SIRLENE LUZ","cc":"MDB","nv":" ","e":"n","st":"Suplente","dvt":"V\u00e1lido","vap":"725","pvap":"   0,41"},{"seq":"20","sqcand":"10000851436","n":"12123","nm":"RICHARD BRILHANTE","cc":"PDT","nv":" ","e":"n","st":"Suplente","dvt":"V\u00e1lido","vap":"1984","pvap":"   1,11"},{"seq":"380","sqcand":"10000967333","n":"20200","nm":"ANNE VIEIRA","cc":"PSC","nv":" ","e":"n","st":"N\u00e3o eleito","dvt":"V\u00e1lido","vap":"70","pvap":"   0,04"},{"seq":"199","sqcand":"10001014896","n":"45065","nm":"F\u00c1TIMA TEN\u00d3RIO","cc":"PSDB","nv":" ","e":"n","st":"Suplente","dvt":"V\u00e1lido","vap":"17","pvap":"   0,01"},{"seq":"43","sqcand":"10001014903","n":"45123","nm":"PANG ROCHA","cc":"PSDB","nv":" ","e":"n","st":"Suplente","dvt":"V\u00e1lido","vap":"855","pvap":"   0,48"},{"seq":"384","sqcand":"10001146757","n":"65111","nm":"TIAGO CARRIERY","cc":"PC do B","nv":" ","e":"n","st":"N\u00e3o eleito","dvt":"V\u00e1lido","vap":"70","pvap":"   0,04"},{"seq":"288","sqcand":"10001246735","n":"51777","nm":"JO\u00c3O NETO","cc":"PATRIOTA","nv":" ","e":"n","st":"N\u00e3o eleito","dvt":"V\u00e1lido","vap":"180","pvap":"   0,10"},{"seq":"491","sqcand":"10001202741","n":"35035","nm":"JUAREZ PEDROZA","cc":"PMB","nv":" ","e":"n","st":"N\u00e3o eleito","dvt":"V\u00e1lido","vap":"1","pvap":"   0,01"},{"seq":"370","sqcand":"10001146755","n":"65651","nm":"TONI RUELA ","cc":"PC do B","nv":" ","e":"n","st":"N\u00e3o eleito","dvt":"V\u00e1lido","vap":"75","pvap":"   0,04"},{"seq":"141","sqcand":"10000851438","n":"12122","nm":"DITO BRUZUG\u00da","cc":"PDT","nv":" ","e":"n","st":"Suplente","dvt":"V\u00e1lido","vap":"146","pvap":"   0,08"},{"seq":"132","sqcand":"10001014893","n":"45012","nm":"REGIANE SOUZA","cc":"PSDB","nv":" ","e":"n","st":"Suplente","dvt":"V\u00e1lido","vap":"172","pvap":"   0,10"},{"seq":"272","sqcand":"10001081893","n":"23333","nm":"ALEXANDRE RODRIGUES","cc":"CIDADANIA","nv":" ","e":"n","st":"N\u00e3o eleito","dvt":"V\u00e1lido","vap":"237","pvap":"   0,13"},{"seq":"318","sqcand":"10001246745","n":"51999","nm":"ELIAS PEDROSO","cc":"PATRIOTA","nv":" ","e":"n","st":"N\u00e3o eleito","dvt":"V\u00e1lido","vap":"141","pvap":"   0,08"},{"seq":"445","sqcand":"10001246728","n":"51900","nm":"ALEXANDRINA VASQUES","cc":"PATRIOTA","nv":" ","e":"n","st":"N\u00e3o eleito","dvt":"V\u00e1lido","vap":"31","pvap":"   0,02"},{"seq":"443","sqcand":"10000799888","n":"50033","nm":"MARIA PERPETUO","cc":"PSOL","nv":" ","e":"n","st":"N\u00e3o eleito","dvt":"V\u00e1lido","vap":"33","pvap":"   0,02"},{"seq":"249","sqcand":"10000669566","n":"10777","nm":"ADALNIRA NOGUEIRA","cc":"REPUBLICANOS","nv":" ","e":"n","st":"N\u00e3o eleito","dvt":"V\u00e1lido","vap":"349","pvap":"   0,20"},{"seq":"227","sqcand":"10000747926","n":"13000","nm":"ROSE SCALABRIN","cc":"PT","nv":" ","e":"n","st":"N\u00e3o eleito","dvt":"V\u00e1lido","vap":"622","pvap":"   0,35"},{"seq":"60","sqcand":"10000848793","n":"11444","nm":"MARIA MAGRI","cc":"PP","nv":" ","e":"n","st":"Suplente","dvt":"V\u00e1lido","vap":"547","pvap":"   0,31"},{"seq":"253","sqcand":"10000967321","n":"20444","nm":"JOHNY ELIAQUIM","cc":"PSC","nv":" ","e":"n","st":"N\u00e3o eleito","dvt":"V\u00e1lido","vap":"306","pvap":"   0,17"},{"seq":"118","sqcand":"10000848801","n":"11777","nm":"SILAS PALHA\u00c7O ALEGRIA","cc":"PP","nv":" ","e":"n","st":"Suplente","dvt":"V\u00e1lido","vap":"197","pvap":"   0,11"},{"seq":"399","sqcand":"10001081899","n":"23023","nm":"MANOEL DA BAIXADA","cc":"CIDADANIA","nv":" ","e":"n","st":"N\u00e3o eleito","dvt":"V\u00e1lido","vap":"58","pvap":"   0,03"},{"seq":"365","sqcand":"10000669745","n":"43789","nm":"GILBERTO SZUTA","cc":"PV","nv":" ","e":"n","st":"N\u00e3o eleito","dvt":"V\u00e1lido","vap":"82","pvap":"   0,05"},{"seq":"163","sqcand":"10000670237","n":"55111","nm":"RICARDO DO COMPARTILHADO","cc":"PSD","nv":" ","e":"n","st":"Suplente","dvt":"V\u00e1lido","vap":"98","pvap":"   0,05"},{"seq":"170","sqcand":"10000670242","n":"55003","nm":"BAIXINHA DA \u00c1GUA","cc":"PSD","nv":" ","e":"n","st":"Suplente","dvt":"V\u00e1lido","vap":"85","pvap":"   0,05"},{"seq":"23","sqcand":"10000670249","n":"55123","nm":"ANDERSON SANDRO","cc":"PSD","nv":" ","e":"n","st":"Suplente","dvt":"V\u00e1lido","vap":"1652","pvap":"   0,92"},{"seq":"232","sqcand":"10001146752","n":"65888","nm":"PROF. JOAQUIM","cc":"PC do B","nv":" ","e":"n","st":"N\u00e3o eleito","dvt":"V\u00e1lido","vap":"483","pvap":"   0,27"},{"seq":"332","sqcand":"10000967335","n":"20100","nm":"JOSE MARIA","cc":"PSC","nv":" ","e":"n","st":"N\u00e3o eleito","dvt":"V\u00e1lido","vap":"120","pvap":"   0,07"},{"seq":"494","sqcand":"10001246738","n":"51800","nm":"ALITALIA RODRIGUES","cc":"PATRIOTA","nv":" ","e":"n","st":"N\u00e3o eleito","dvt":"V\u00e1lido","vap":"0","pvap":"00.00"},{"seq":"395","sqcand":"10000701202","n":"90200","nm":"PAULINO SILVA","cc":"PROS","nv":" ","e":"n","st":"N\u00e3o eleito","dvt":"V\u00e1lido","vap":"62","pvap":"   0,03"},{"seq":"381","sqcand":"10001058958","n":"14100","nm":"MARCIO LAUREANO","cc":"PTB","nv":" ","e":"n","st":"N\u00e3o eleito","dvt":"V\u00e1lido","vap":"70","pvap":"   0,04"},{"seq":"248","sqcand":"10000669748","n":"43123","nm":"FISIOTERAPEUTA TI\u00c3O BRUZUGU","cc":"PV","nv":" ","e":"n","st":"N\u00e3o eleito","dvt":"V\u00e1lido","vap":"350","pvap":"   0,20"},{"seq":"377","sqcand":"10000669773","n":"50131","nm":"RAIMUNDO ARAUJO","cc":"PSOL","nv":" ","e":"n","st":"N\u00e3o eleito","dvt":"V\u00e1lido","vap":"70","pvap":"   0,04"},{"seq":"379","sqcand":"10001246729","n":"51678","nm":"DOUTOR OLIVEIRA","cc":"PATRIOTA","nv":" ","e":"n","st":"N\u00e3o eleito","dvt":"V\u00e1lido","vap":"70","pvap":"   0,04"},{"seq":"205","sqcand":"10000968159","n":"19800","nm":"GEANE NASCIMENTO","cc":"PODE","nv":" ","e":"n","st":"Suplente","dvt":"V\u00e1lido","vap":"0","pvap":"00.00"},{"seq":"414","sqcand":"10001110341","n":"22111","nm":"NOBRE FERREIRA","cc":"PL","nv":" ","e":"n","st":"N\u00e3o eleito","dvt":"V\u00e1lido","vap":"46","pvap":"   0,03"},{"seq":"50","sqcand":"10001014900","n":"45000","nm":"CARLOS GOMES","cc":"PSDB","nv":" ","e":"n","st":"Suplente","dvt":"V\u00e1lido","vap":"739","pvap":"   0,41"},{"seq":"391","sqcand":"10001058963","n":"14567","nm":"GIL TROTTAMONDOS","cc":"PTB","nv":" ","e":"n","st":"N\u00e3o eleito","dvt":"V\u00e1lido","vap":"63","pvap":"   0,04"},{"seq":"462","sqcand":"10001058959","n":"14414","nm":"BIANCA SANTANA","cc":"PTB","nv":" ","e":"n","st":"N\u00e3o eleito","dvt":"V\u00e1lido","vap":"19","pvap":"   0,01"},{"seq":"104","sqcand":"10000969500","n":"40007","nm":"KATY MACIEL","cc":"PSB","nv":" ","e":"n","st":"Suplente","dvt":"V\u00e1lido","vap":"260","pvap":"   0,15"},{"seq":"270","sqcand":"10000973704","n":"70770","nm":"MOTA DO BELO JARDIM","cc":"AVANTE","nv":" ","e":"n","st":"N\u00e3o eleito","dvt":"V\u00e1lido","vap":"239","pvap":"   0,13"},{"seq":"278","sqcand":"10000747923","n":"13130","nm":"J\u00daLIA FEITOZA ","cc":"PT","nv":" ","e":"n","st":"N\u00e3o eleito","dvt":"V\u00e1lido","vap":"222","pvap":"   0,12"},{"seq":"254","sqcand":"10001058967","n":"14000","nm":"JUNIOR BAL\u00c3O","cc":"PTB","nv":" ","e":"n","st":"N\u00e3o eleito","dvt":"V\u00e1lido","vap":"296","pvap":"   0,17"},{"seq":"93","sqcand":"10000848802","n":"11234","nm":"PROF\u00aa GERVANIA MOTA","cc":"PP","nv":" ","e":"n","st":"Suplente","dvt":"V\u00e1lido","vap":"298","pvap":"   0,17"},{"seq":"153","sqcand":"10001079058","n":"17947","nm":"ADALBERTO ALMEIDA","cc":"PSL","nv":" ","e":"n","st":"Suplente","dvt":"V\u00e1lido","vap":"120","pvap":"   0,07"},{"seq":"217","sqcand":"10000669750","n":"43444","nm":"Z\u00c9 LUIZ DA AUTOESCOLA","cc":"PV","nv":" ","e":"n","st":"N\u00e3o eleito","dvt":"V\u00e1lido","vap":"867","pvap":"   0,49"},{"seq":"11","sqcand":"10000851443","n":"12612","nm":"F\u00c1BIO ARA\u00daJO","cc":"PDT","nv":" ","e":"s","st":"Eleito","dvt":"V\u00e1lido","vap":"2086","pvap":"   1,17"},{"seq":"262","sqcand":"10000701194","n":"90112","nm":"DAVI DO P\u00c3O CASEIRO","cc":"PROS","nv":" ","e":"n","st":"N\u00e3o eleito","dvt":"V\u00e1lido","vap":"289","pvap":"   0,16"},{"seq":"385","sqcand":"10000669569","n":"10111","nm":"ROBERTO PINTO","cc":"REPUBLICANOS","nv":" ","e":"n","st":"N\u00e3o eleito","dvt":"V\u00e1lido","vap":"68","pvap":"   0,04"},{"seq":"337","sqcand":"10000973699","n":"70888","nm":"RENATINHO CONTADOR","cc":"AVANTE","nv":" ","e":"n","st":"N\u00e3o eleito","dvt":"V\u00e1lido","vap":"114","pvap":"   0,06"},{"seq":"350","sqcand":"10001081881","n":"23433","nm":"GLEYCE BATISTA","cc":"CIDADANIA","nv":" ","e":"n","st":"N\u00e3o eleito","dvt":"V\u00e1lido","vap":"99","pvap":"   0,06"},{"seq":"338","sqcand":"10001058966","n":"14888","nm":"PASTOR GILCELIO","cc":"PTB","nv":" ","e":"n","st":"N\u00e3o eleito","dvt":"V\u00e1lido","vap":"112","pvap":"   0,06"},{"seq":"152","sqcand":"10000670232","n":"55999","nm":"ANDRE BASTOS","cc":"PSD","nv":" ","e":"n","st":"Suplente","dvt":"V\u00e1lido","vap":"121","pvap":"   0,07"},{"seq":"476","sqcand":"10001146764","n":"65999","nm":"PASTOR FRANCISCO","cc":"PC do B","nv":" ","e":"n","st":"N\u00e3o eleito","dvt":"V\u00e1lido","vap":"11","pvap":"   0,01"},{"seq":"306","sqcand":"10001146759","n":"65000","nm":"PROFESSOR ANDRE GON\u00c7ALVES ","cc":"PC do B","nv":" ","e":"n","st":"N\u00e3o eleito","dvt":"V\u00e1lido","vap":"156","pvap":"   0,09"},{"seq":"212","sqcand":"10000973716","n":"70456","nm":"JIMY JURUNA","cc":"AVANTE","nv":" ","e":"n","st":"N\u00e3o eleito","dvt":"V\u00e1lido","vap":"1025","pvap":"   0,57"},{"seq":"428","sqcand":"10001246746","n":"51007","nm":"PENINHA","cc":"PATRIOTA","nv":" ","e":"n","st":"N\u00e3o eleito","dvt":"V\u00e1lido","vap":"39","pvap":"   0,02"},{"seq":"204","sqcand":"10000701036","n":"25001","nm":"GLESSY LEME","cc":"DEM","nv":" ","e":"n","st":"Suplente","dvt":"V\u00e1lido","vap":"1","pvap":"   0,01"},{"seq":"113","sqcand":"10000969488","n":"40444","nm":"MYLVA PEREIRA","cc":"PSB","nv":" ","e":"n","st":"Suplente","dvt":"V\u00e1lido","vap":"210","pvap":"   0,12"},{"seq":"421","sqcand":"10000849501","n":"27456","nm":"PR BELCHIOR","cc":"DC","nv":" ","e":"n","st":"N\u00e3o eleito","dvt":"V\u00e1lido","vap":"42","pvap":"   0,02"},{"seq":"192","sqcand":"10000699927","n":"15345","nm":"ELIANE IRM\u00c3ZINHA","cc":"MDB","nv":" ","e":"n","st":"Suplente","dvt":"V\u00e1lido","vap":"46","pvap":"   0,03"},{"seq":"235","sqcand":"10001014828","n":"77300","nm":"SAID SANTOS","cc":"SOLIDARIEDADE","nv":" ","e":"n","st":"N\u00e3o eleito","dvt":"V\u00e1lido","vap":"432","pvap":"   0,24"},{"seq":"416","sqcand":"10000669752","n":"43007","nm":"MARCOS NEG\u00c3O","cc":"PV","nv":" ","e":"n","st":"N\u00e3o eleito","dvt":"V\u00e1lido","vap":"45","pvap":"   0,03"},{"seq":"303","sqcand":"10000967330","n":"20210","nm":"MARCOS MUSTAFA ","cc":"PSC","nv":" ","e":"n","st":"N\u00e3o eleito","dvt":"V\u00e1lido","vap":"161","pvap":"   0,09"},{"seq":"310","sqcand":"10001081894","n":"23777","nm":"DANILO DINIZ","cc":"CIDADANIA","nv":" ","e":"n","st":"N\u00e3o eleito","dvt":"V\u00e1lido","vap":"152","pvap":"   0,09"},{"seq":"149","sqcand":"10000699915","n":"15222","nm":"J\u00daLIO RAMALHO","cc":"MDB","nv":" ","e":"n","st":"Suplente","dvt":"V\u00e1lido","vap":"130","pvap":"   0,07"},{"seq":"406","sqcand":"10000973709","n":"70190","nm":"GL\u00d3RIA MELO","cc":"AVANTE","nv":" ","e":"n","st":"N\u00e3o eleito","dvt":"V\u00e1lido","vap":"55","pvap":"   0,03"},{"seq":"5","sqcand":"10000848788","n":"11555","nm":"VER. CAP. N LIMA","cc":"PP","nv":" ","e":"s","st":"Eleito","dvt":"V\u00e1lido","vap":"2559","pvap":"   1,43"},{"seq":"485","sqcand":"10001058968","n":"14001","nm":"CAMILA CUNHA","cc":"PTB","nv":" ","e":"n","st":"N\u00e3o eleito","dvt":"V\u00e1lido","vap":"4","pvap":"   0,00"},{"seq":"431","sqcand":"10000849502","n":"27123","nm":"MISAEL MARTINS","cc":"DC","nv":" ","e":"n","st":"N\u00e3o eleito","dvt":"V\u00e1lido","vap":"39","pvap":"   0,02"},{"seq":"438","sqcand":"10000701204","n":"90100","nm":"MARLIR QUEIROZ","cc":"PROS","nv":" ","e":"n","st":"N\u00e3o eleito","dvt":"V\u00e1lido","vap":"36","pvap":"   0,02"},{"seq":"213","sqcand":"10000973700","n":"70777","nm":"HENRY NOGUEIRA ","cc":"AVANTE","nv":" ","e":"n","st":"N\u00e3o eleito","dvt":"V\u00e1lido","vap":"1020","pvap":"   0,57"},{"seq":"164","sqcand":"10000968158","n":"19222","nm":"ADEKSON LIMA","cc":"PODE","nv":" ","e":"n","st":"Suplente","dvt":"V\u00e1lido","vap":"97","pvap":"   0,05"},{"seq":"333","sqcand":"10000669758","n":"43167","nm":"LIRA","cc":"PV","nv":" ","e":"n","st":"N\u00e3o eleito","dvt":"V\u00e1lido","vap":"118","pvap":"   0,07"},{"seq":"187","sqcand":"10000670247","n":"55678","nm":"FR SALDANHA","cc":"PSD","nv":" ","e":"n","st":"Suplente","dvt":"V\u00e1lido","vap":"51","pvap":"   0,03"},{"seq":"256","sqcand":"10000806958","n":"21021","nm":"POETA CESINHA","cc":"PCB","nv":" ","e":"n","st":"N\u00e3o eleito","dvt":"V\u00e1lido","vap":"292","pvap":"   0,16"},{"seq":"88","sqcand":"10001014913","n":"45369","nm":"LUCINEIA MARIA","cc":"PSDB","nv":" ","e":"n","st":"Suplente","dvt":"V\u00e1lido","vap":"324","pvap":"   0,18"},{"seq":"451","sqcand":"10000701191","n":"90456","nm":"THOMAZ \u00c1RBITRO","cc":"PROS","nv":" ","e":"n","st":"N\u00e3o eleito","dvt":"V\u00e1lido","vap":"26","pvap":"   0,01"},{"seq":"216","sqcand":"10001246730","n":"51111","nm":"RABELO GOES","cc":"PATRIOTA","nv":" ","e":"n","st":"N\u00e3o eleito","dvt":"V\u00e1lido","vap":"886","pvap":"   0,50"},{"seq":"9","sqcand":"10000969498","n":"40222","nm":"ADAILTON CRUZ","cc":"PSB","nv":" ","e":"s","st":"Eleito","dvt":"V\u00e1lido","vap":"2222","pvap":"   1,24"},{"seq":"189","sqcand":"10001014901","n":"45333","nm":"SOCORRO MARTINS","cc":"PSDB","nv":" ","e":"n","st":"Suplente","dvt":"V\u00e1lido","vap":"50","pvap":"   0,03"},{"seq":"481","sqcand":"10000669777","n":"50050","nm":"FRANCISCO PIY\u00c3KO","cc":"PSOL","nv":" ","e":"n","st":"N\u00e3o eleito","dvt":"V\u00e1lido","vap":"5","pvap":"   0,00"},{"seq":"376","sqcand":"10000849513","n":"27222","nm":"ALAN CARLOS","cc":"DC","nv":" ","e":"n","st":"N\u00e3o eleito","dvt":"V\u00e1lido","vap":"70","pvap":"   0,04"},{"seq":"397","sqcand":"10000669780","n":"50321","nm":"JANDYR ROSAS","cc":"PSOL","nv":" ","e":"n","st":"N\u00e3o eleito","dvt":"V\u00e1lido","vap":"60","pvap":"   0,03"},{"seq":"401","sqcand":"10001110349","n":"22999","nm":"RAIMUNDO DAS TORRES","cc":"PL","nv":" ","e":"n","st":"N\u00e3o eleito","dvt":"V\u00e1lido","vap":"57","pvap":"   0,03"},{"seq":"25","sqcand":"10000851446","n":"12111","nm":"REN\u00ca FONTES","cc":"PDT","nv":" ","e":"n","st":"Suplente","dvt":"V\u00e1lido","vap":"1407","pvap":"   0,79"},{"seq":"34","sqcand":"10000848789","n":"11193","nm":"MAJOR FALC\u00c3O","cc":"PP","nv":" ","e":"n","st":"Suplente","dvt":"V\u00e1lido","vap":"1014","pvap":"   0,57"},{"seq":"410","sqcand":"10000849499","n":"27777","nm":"JOANA AYSHA","cc":"DC","nv":" ","e":"n","st":"N\u00e3o eleito","dvt":"V\u00e1lido","vap":"50","pvap":"   0,03"},{"seq":"305","sqcand":"10001081904","n":"23222","nm":"NENO","cc":"CIDADANIA","nv":" ","e":"n","st":"N\u00e3o eleito","dvt":"V\u00e1lido","vap":"158","pvap":"   0,09"},{"seq":"386","sqcand":"10000701203","n":"90009","nm":"DALVA SANTOS","cc":"PROS","nv":" ","e":"n","st":"N\u00e3o eleito","dvt":"V\u00e1lido","vap":"67","pvap":"   0,04"},{"seq":"409","sqcand":"10001110340","n":"22200","nm":"EDER JHONSON","cc":"PL","nv":" ","e":"n","st":"N\u00e3o eleito","dvt":"V\u00e1lido","vap":"52","pvap":"   0,03"},{"seq":"461","sqcand":"10001202742","n":"35555","nm":"MARCO AURELIO","cc":"PMB","nv":" ","e":"n","st":"N\u00e3o eleito","dvt":"V\u00e1lido","vap":"20","pvap":"   0,01"},{"seq":"14","sqcand":"10000701028","n":"25888","nm":"FRANCISCO PIABA","cc":"DEM","nv":" ","e":"s","st":"Eleito","dvt":"V\u00e1lido","vap":"1659","pvap":"   0,93"},{"seq":"493","sqcand":"10001110356","n":"22007","nm":"DENISE BORGES","cc":"PL","nv":" ","e":"n","st":"N\u00e3o eleito","dvt":"V\u00e1lido","vap":"0","pvap":"00.00"},{"seq":"238","sqcand":"10000967323","n":"20124","nm":"RODRIGO VALE ","cc":"PSC","nv":" ","e":"n","st":"N\u00e3o eleito","dvt":"V\u00e1lido","vap":"412","pvap":"   0,23"},{"seq":"269","sqcand":"10001081903","n":"23001","nm":"PROFESSOR SIDNEY VENCEDOR","cc":"CIDADANIA","nv":" ","e":"n","st":"N\u00e3o eleito","dvt":"V\u00e1lido","vap":"244","pvap":"   0,14"},{"seq":"106","sqcand":"10001014904","n":"45444","nm":"ERICK CONDE","cc":"PSDB","nv":" ","e":"n","st":"Suplente","dvt":"V\u00e1lido","vap":"254","pvap":"   0,14"},{"seq":"183","sqcand":"10000670241","n":"55544","nm":"SOL SILVA","cc":"PSD","nv":" ","e":"n","st":"Suplente","dvt":"V\u00e1lido","vap":"60","pvap":"   0,03"},{"seq":"426","sqcand":"10001058962","n":"14900","nm":"JAYME PILHA","cc":"PTB","nv":" ","e":"n","st":"N\u00e3o eleito","dvt":"V\u00e1lido","vap":"39","pvap":"   0,02"},{"seq":"63","sqcand":"10001014899","n":"45777","nm":"MYCHAEL DOUGLAS","cc":"PSDB","nv":" ","e":"n","st":"Suplente","dvt":"V\u00e1lido","vap":"521","pvap":"   0,29"},{"seq":"279","sqcand":"10000669562","n":"10500","nm":"FRANCISCA BASILIO","cc":"REPUBLICANOS","nv":" ","e":"n","st":"N\u00e3o eleito","dvt":"V\u00e1lido","vap":"222","pvap":"   0,12"},{"seq":"343","sqcand":"10001014813","n":"77145","nm":"CARLIN","cc":"SOLIDARIEDADE","nv":" ","e":"n","st":"N\u00e3o eleito","dvt":"V\u00e1lido","vap":"104","pvap":"   0,06"},{"seq":"72","sqcand":"10000701038","n":"25123","nm":"LA\u00c9RCIO DA FARMACIA","cc":"DEM","nv":" ","e":"n","st":"Suplente","dvt":"V\u00e1lido","vap":"449","pvap":"   0,25"},{"seq":"330","sqcand":"10001246733","n":"51333","nm":"KELYNHO","cc":"PATRIOTA","nv":" ","e":"n","st":"N\u00e3o eleito","dvt":"V\u00e1lido","vap":"122","pvap":"   0,07"},{"seq":"40","sqcand":"10000851448","n":"12120","nm":"PROG\u00caNIO","cc":"PDT","nv":" ","e":"n","st":"Suplente","dvt":"V\u00e1lido","vap":"932","pvap":"   0,52"},{"seq":"31","sqcand":"10000701042","n":"25500","nm":"ISMAEL MUNIZ","cc":"DEM","nv":" ","e":"n","st":"Suplente","dvt":"V\u00e1lido","vap":"1025","pvap":"   0,57"},{"seq":"339","sqcand":"10000669565","n":"10100","nm":"PROTETORA MAURA AKINO","cc":"REPUBLICANOS","nv":" ","e":"n","st":"N\u00e3o eleito","dvt":"V\u00e1lido","vap":"111","pvap":"   0,06"},{"seq":"131","sqcand":"10000699924","n":"15300","nm":"DANIELA PAIVA","cc":"MDB","nv":" ","e":"n","st":"Suplente","dvt":"V\u00e1lido","vap":"173","pvap":"   0,10"},{"seq":"444","sqcand":"10001014821","n":"77077","nm":"FRANCISCA SANTIAGO","cc":"SOLIDARIEDADE","nv":" ","e":"n","st":"N\u00e3o eleito","dvt":"V\u00e1lido","vap":"32","pvap":"   0,02"},{"seq":"369","sqcand":"10000849508","n":"27007","nm":"MANOEL DO CARMO \u00c9 O CORREDOR","cc":"DC","nv":" ","e":"n","st":"N\u00e3o eleito","dvt":"V\u00e1lido","vap":"77","pvap":"   0,04"},{"seq":"29","sqcand":"10000699912","n":"15800","nm":"JO\u00c3O MARCOS LUZ","cc":"MDB","nv":" ","e":"n","st":"Suplente","dvt":"V\u00e1lido","vap":"1232","pvap":"   0,69"},{"seq":"439","sqcand":"10000967319","n":"20125","nm":"CHAGUINHA","cc":"PSC","nv":" ","e":"n","st":"N\u00e3o eleito","dvt":"V\u00e1lido","vap":"35","pvap":"   0,02"},{"seq":"36","sqcand":"10000670245","n":"55000","nm":"ESPERID\u00c3O TAXISTA","cc":"PSD","nv":" ","e":"n","st":"Suplente","dvt":"V\u00e1lido","vap":"959","pvap":"   0,54"},{"seq":"355","sqcand":"10001058964","n":"14777","nm":"ROBERTO CASTELO","cc":"PTB","nv":" ","e":"n","st":"N\u00e3o eleito","dvt":"V\u00e1lido","vap":"91","pvap":"   0,05"},{"seq":"125","sqcand":"10000969489","n":"40300","nm":"MARCIO PEREIRA","cc":"PSB","nv":" ","e":"n","st":"Suplente","dvt":"V\u00e1lido","vap":"183","pvap":"   0,10"},{"seq":"57","sqcand":"10000699925","n":"15555","nm":"PROFESSOR MARCOS LU\u00cdS","cc":"MDB","nv":" ","e":"n","st":"Suplente","dvt":"V\u00e1lido","vap":"591","pvap":"   0,33"},{"seq":"13","sqcand":"10000670251","n":"55555","nm":"LENE PETEC\u00c3O","cc":"PSD","nv":" ","e":"s","st":"Eleito","dvt":"V\u00e1lido","vap":"1789","pvap":"   1,00"},{"seq":"178","sqcand":"10000851439","n":"12121","nm":"CIBELLE ALMEIDA","cc":"PDT","nv":" ","e":"n","st":"Suplente","dvt":"V\u00e1lido","vap":"73","pvap":"   0,04"},{"seq":"18","sqcand":"10000968145","n":"19100","nm":"RAILSON CORREIA","cc":"PODE","nv":" ","e":"n","st":"Suplente","dvt":"V\u00e1lido","vap":"2068","pvap":"   1,16"},{"seq":"327","sqcand":"10000849507","n":"27888","nm":"T\u00c2NIA RAMOS","cc":"DC","nv":" ","e":"n","st":"N\u00e3o eleito","dvt":"V\u00e1lido","vap":"127","pvap":"   0,07"},{"seq":"165","sqcand":"10001079041","n":"17501","nm":"HELANNA PAULA SILVA","cc":"PSL","nv":" ","e":"n","st":"Suplente","dvt":"V\u00e1lido","vap":"93","pvap":"   0,05"},{"seq":"66","sqcand":"10001014908","n":"45145","nm":"IVAN ARRUDA","cc":"PSDB","nv":" ","e":"n","st":"Suplente","dvt":"V\u00e1lido","vap":"488","pvap":"   0,27"},{"seq":"456","sqcand":"10001246736","n":"51350","nm":"VIDAL","cc":"PATRIOTA","nv":" ","e":"n","st":"N\u00e3o eleito","dvt":"V\u00e1lido","vap":"24","pvap":"   0,01"},{"seq":"304","sqcand":"10000967324","n":"20333","nm":"NATALIA ALENCAR","cc":"PSC","nv":" ","e":"n","st":"N\u00e3o eleito","dvt":"V\u00e1lido","vap":"161","pvap":"   0,09"},{"seq":"382","sqcand":"10000669744","n":"43777","nm":"CLARA REGINA","cc":"PV","nv":" ","e":"n","st":"N\u00e3o eleito","dvt":"V\u00e1lido","vap":"70","pvap":"   0,04"},{"seq":"85","sqcand":"10000968157","n":"19333","nm":"ALZIRENE DIOGENES","cc":"PODE","nv":" ","e":"n","st":"Suplente","dvt":"V\u00e1lido","vap":"353","pvap":"   0,20"},{"seq":"284","sqcand":"10000967328","n":"20555","nm":"MARIA ANTONIA PROTETORA","cc":"PSC","nv":" ","e":"n","st":"N\u00e3o eleito","dvt":"V\u00e1lido","vap":"189","pvap":"   0,11"},{"seq":"405","sqcand":"10000669775","n":"50111","nm":"SAMUEL MOTTA","cc":"PSOL","nv":" ","e":"n","st":"N\u00e3o eleito","dvt":"V\u00e1lido","vap":"56","pvap":"   0,03"},{"seq":"293","sqcand":"10000669749","n":"43223","nm":"RENATO LOPES","cc":"PV","nv":" ","e":"n","st":"N\u00e3o eleito","dvt":"V\u00e1lido","vap":"170","pvap":"   0,10"},{"seq":"259","sqcand":"10000701206","n":"90364","nm":"MARCELO DO LIBERDADE","cc":"PROS","nv":" ","e":"n","st":"N\u00e3o eleito","dvt":"V\u00e1lido","vap":"290","pvap":"   0,16"},{"seq":"422","sqcand":"10000799887","n":"50022","nm":"AMANDA COSTA","cc":"PSOL","nv":" ","e":"n","st":"N\u00e3o eleito","dvt":"V\u00e1lido","vap":"42","pvap":"   0,02"},{"seq":"228","sqcand":"10001014812","n":"77233","nm":"ALONSO ANDRADE","cc":"SOLIDARIEDADE","nv":" ","e":"n","st":"N\u00e3o eleito","dvt":"V\u00e1lido","vap":"604","pvap":"   0,34"},{"seq":"352","sqcand":"10000669781","n":"50000","nm":"TAWAN GONDIM","cc":"PSOL","nv":" ","e":"n","st":"N\u00e3o eleito","dvt":"V\u00e1lido","vap":"95","pvap":"   0,05"},{"seq":"161","sqcand":"10000851452","n":"12012","nm":"C\u00c1TIA NASCIMENTO","cc":"PDT","nv":" ","e":"n","st":"Suplente","dvt":"V\u00e1lido","vap":"100","pvap":"   0,06"},{"seq":"89","sqcand":"10001079042","n":"17015","nm":"DONA BONECA","cc":"PSL","nv":" ","e":"n","st":"Suplente","dvt":"V\u00e1lido","vap":"321","pvap":"   0,18"},{"seq":"155","sqcand":"10000670239","n":"55545","nm":"WANDERLEY CADEIRANTE","cc":"PSD","nv":" ","e":"n","st":"Suplente","dvt":"V\u00e1lido","vap":"117","pvap":"   0,07"},{"seq":"233","sqcand":"10001014811","n":"77555","nm":"CHRISTIELLE MONTENEGRO","cc":"SOLIDARIEDADE","nv":" ","e":"n","st":"N\u00e3o eleito","dvt":"V\u00e1lido","vap":"480","pvap":"   0,27"},{"seq":"81","sqcand":"10000699930","n":"15700","nm":"JACCOUD","cc":"MDB","nv":" ","e":"n","st":"Suplente","dvt":"V\u00e1lido","vap":"374","pvap":"   0,21"},{"seq":"463","sqcand":"10000973712","n":"70007","nm":"TALIA FERRAZ","cc":"AVANTE","nv":" ","e":"n","st":"N\u00e3o eleito","dvt":"V\u00e1lido","vap":"18","pvap":"   0,01"},{"seq":"354","sqcand":"10000967327","n":"20278","nm":"STANLEY FREIRE","cc":"PSC","nv":" ","e":"n","st":"N\u00e3o eleito","dvt":"V\u00e1lido","vap":"92","pvap":"   0,05"},{"seq":"158","sqcand":"10000851453","n":"12444","nm":"M\u00c1RIO GA\u00daCHO","cc":"PDT","nv":" ","e":"n","st":"Suplente","dvt":"V\u00e1lido","vap":"113","pvap":"   0,06"},{"seq":"150","sqcand":"10000701040","n":"25045","nm":"PEDRO CARDOSO ","cc":"DEM","nv":" ","e":"n","st":"Suplente","dvt":"V\u00e1lido","vap":"129","pvap":"   0,07"},{"seq":"344","sqcand":"10001014824","n":"77888","nm":"JESSE MONTEIRO","cc":"SOLIDARIEDADE","nv":" ","e":"n","st":"N\u00e3o eleito","dvt":"V\u00e1lido","vap":"101","pvap":"   0,06"},{"seq":"486","sqcand":"10001081902","n":"23414","nm":"ENGENHEIRO FERNANDO CARDOSO","cc":"CIDADANIA","nv":" ","e":"n","st":"N\u00e3o eleito","dvt":"V\u00e1lido","vap":"3","pvap":"   0,00"},{"seq":"436","sqcand":"10001058972","n":"14130","nm":"IRENE BOMBOM","cc":"PTB","nv":" ","e":"n","st":"N\u00e3o eleito","dvt":"V\u00e1lido","vap":"37","pvap":"   0,02"},{"seq":"168","sqcand":"10000848787","n":"11787","nm":"ROS\u00c2NGELA RODRIGUES","cc":"PP","nv":" ","e":"n","st":"Suplente","dvt":"V\u00e1lido","vap":"92","pvap":"   0,05"},{"seq":"229","sqcand":"10000967313","n":"20111","nm":"RAIMUNDINHA ASSISTENTE SOCIAL","cc":"PSC","nv":" ","e":"n","st":"N\u00e3o eleito","dvt":"V\u00e1lido","vap":"589","pvap":"   0,33"},{"seq":"282","sqcand":"10000973706","n":"70555","nm":"ST\u00c9FANE ","cc":"AVANTE","nv":" ","e":"n","st":"N\u00e3o eleito","dvt":"V\u00e1lido","vap":"198","pvap":"   0,11"},{"seq":"457","sqcand":"10000967314","n":"20202","nm":"LURDINHA CANTORA","cc":"PSC","nv":" ","e":"n","st":"N\u00e3o eleito","dvt":"V\u00e1lido","vap":"24","pvap":"   0,01"},{"seq":"423","sqcand":"10000669567","n":"10444","nm":"HELENA FRAN\u00c7A","cc":"REPUBLICANOS","nv":" ","e":"n","st":"N\u00e3o eleito","dvt":"V\u00e1lido","vap":"41","pvap":"   0,02"},{"seq":"245","sqcand":"10001081888","n":"23999","nm":"HELANE CHRISTINA ADVOGADA","cc":"CIDADANIA","nv":" ","e":"n","st":"N\u00e3o eleito","dvt":"V\u00e1lido","vap":"382","pvap":"   0,21"},{"seq":"289","sqcand":"10000669746","n":"43100","nm":"JAIRESON SANTOS","cc":"PV","nv":" ","e":"n","st":"N\u00e3o eleito","dvt":"V\u00e1lido","vap":"178","pvap":"   0,10"},{"seq":"301","sqcand":"10001246724","n":"51444","nm":"ELIZI\u00c1RIO DO CUST\u00d3DIO FREIRE","cc":"PATRIOTA","nv":" ","e":"n","st":"N\u00e3o eleito","dvt":"V\u00e1lido","vap":"163","pvap":"   0,09"},{"seq":"105","sqcand":"10000670238","n":"55222","nm":"MONTANA","cc":"PSD","nv":" ","e":"n","st":"Suplente","dvt":"V\u00e1lido","vap":"255","pvap":"   0,14"},{"seq":"348","sqcand":"10001146760","n":"65444","nm":"KAROL BELMONT","cc":"PC do B","nv":" ","e":"n","st":"N\u00e3o eleito","dvt":"V\u00e1lido","vap":"100","pvap":"   0,06"},{"seq":"4","sqcand":"10000699918","n":"15000","nm":"EMERSON JARUDE","cc":"MDB","nv":" ","e":"s","st":"Eleito","dvt":"V\u00e1lido","vap":"2765","pvap":"   1,55"},{"seq":"260","sqcand":"10000967316","n":"20456","nm":"FRANCISCO NIZOMAR","cc":"PSC","nv":" ","e":"n","st":"N\u00e3o eleito","dvt":"V\u00e1lido","vap":"289","pvap":"   0,16"},{"seq":"22","sqcand":"10000969492","n":"40000","nm":"CLEZIO MOREIRA","cc":"PSB","nv":" ","e":"n","st":"Suplente","dvt":"V\u00e1lido","vap":"1852","pvap":"   1,04"},{"seq":"374","sqcand":"10000669751","n":"43043","nm":"PROFA N\u00c1DIA HELENA","cc":"PV","nv":" ","e":"n","st":"N\u00e3o eleito","dvt":"V\u00e1lido","vap":"71","pvap":"   0,04"},{"seq":"356","sqcand":"10001058953","n":"14333","nm":"MARCELO DA SILVA","cc":"PTB","nv":" ","e":"n","st":"N\u00e3o eleito","dvt":"V\u00e1lido","vap":"90","pvap":"   0,05"},{"seq":"427","sqcand":"10000669570","n":"10010","nm":"MICHAEL SANTOS","cc":"REPUBLICANOS","nv":" ","e":"n","st":"N\u00e3o eleito","dvt":"V\u00e1lido","vap":"39","pvap":"   0,02"},{"seq":"331","sqcand":"10000967338","n":"20044","nm":"MOTINHA","cc":"PSC","nv":" ","e":"n","st":"N\u00e3o eleito","dvt":"V\u00e1lido","vap":"121","pvap":"   0,07"},{"seq":"418","sqcand":"10001081900","n":"23643","nm":"Z\u00c9 DO BOI","cc":"CIDADANIA","nv":" ","e":"n","st":"N\u00e3o eleito","dvt":"V\u00e1lido","vap":"43","pvap":"   0,02"},{"seq":"415","sqcand":"10001246725","n":"51112","nm":"LAYNA PRADO","cc":"PATRIOTA","nv":" ","e":"n","st":"N\u00e3o eleito","dvt":"V\u00e1lido","vap":"46","pvap":"   0,03"},{"seq":"145","sqcand":"10001079050","n":"17222","nm":"GERSON RAMOS","cc":"PSL","nv":" ","e":"n","st":"Suplente","dvt":"V\u00e1lido","vap":"133","pvap":"   0,07"},{"seq":"197","sqcand":"10000701032","n":"25200","nm":"TAMMY DAMASCENO","cc":"DEM","nv":" ","e":"n","st":"Suplente","dvt":"V\u00e1lido","vap":"30","pvap":"   0,02"},{"seq":"54","sqcand":"10000670246","n":"55789","nm":"PROFESSOR JUSTINO","cc":"PSD","nv":" ","e":"n","st":"Suplente","dvt":"V\u00e1lido","vap":"677","pvap":"   0,38"},{"seq":"435","sqcand":"10001266186","n":"51456","nm":"ISABELLY CHRISTINE","cc":"PATRIOTA","nv":" ","e":"n","st":"N\u00e3o eleito","dvt":"V\u00e1lido","vap":"38","pvap":"   0,02"},{"seq":"375","sqcand":"10000967317","n":"20999","nm":"ALZIRA ALEXANDRINO","cc":"PSC","nv":" ","e":"n","st":"N\u00e3o eleito","dvt":"V\u00e1lido","vap":"71","pvap":"   0,04"},{"seq":"144","sqcand":"10001079044","n":"17654","nm":"RAYNER NERI","cc":"PSL","nv":" ","e":"n","st":"Suplente","dvt":"V\u00e1lido","vap":"135","pvap":"   0,08"},{"seq":"469","sqcand":"10000669760","n":"43024","nm":"RAQUEL F\u00c9LIX","cc":"PV","nv":" ","e":"n","st":"N\u00e3o eleito","dvt":"V\u00e1lido","vap":"15","pvap":"   0,01"},{"seq":"108","sqcand":"10000701034","n":"25222","nm":"FRANCISCO ADEILSON","cc":"DEM","nv":" ","e":"n","st":"Suplente","dvt":"V\u00e1lido","vap":"246","pvap":"   0,14"},{"seq":"196","sqcand":"10000969487","n":"40258","nm":"RNNES FRAN\u00c7A","cc":"PSB","nv":" ","e":"n","st":"Suplente","dvt":"V\u00e1lido","vap":"30","pvap":"   0,02"},{"seq":"440","sqcand":"10000669576","n":"10300","nm":"VIEIRA DA BAIXADA","cc":"REPUBLICANOS","nv":" ","e":"n","st":"N\u00e3o eleito","dvt":"V\u00e1lido","vap":"34","pvap":"   0,02"},{"seq":"371","sqcand":"10000701190","n":"90007","nm":"ANA CRISTINA","cc":"PROS","nv":" ","e":"n","st":"N\u00e3o eleito","dvt":"V\u00e1lido","vap":"75","pvap":"   0,04"},{"seq":"180","sqcand":"10001079046","n":"17100","nm":"MARTA FIGUEIREDO","cc":"PSL","nv":" ","e":"n","st":"Suplente","dvt":"V\u00e1lido","vap":"69","pvap":"   0,04"},{"seq":"82","sqcand":"10001014890","n":"45645","nm":"KIM CALAFATE","cc":"PSDB","nv":" ","e":"n","st":"Suplente","dvt":"V\u00e1lido","vap":"372","pvap":"   0,21"},{"seq":"16","sqcand":"10001014897","n":"45678","nm":"DR RAIMUNDO CASTRO","cc":"PSDB","nv":" ","e":"s","st":"Eleito","dvt":"V\u00e1lido","vap":"1268","pvap":"   0,71"},{"seq":"220","sqcand":"10001246744","n":"51005","nm":"KINHO","cc":"PATRIOTA","nv":" ","e":"n","st":"N\u00e3o eleito","dvt":"V\u00e1lido","vap":"748","pvap":"   0,42"},{"seq":"275","sqcand":"10000849514","n":"27333","nm":"RAIMUNDO NOLETO","cc":"DC","nv":" ","e":"n","st":"N\u00e3o eleito","dvt":"V\u00e1lido","vap":"234","pvap":"   0,13"},{"seq":"156","sqcand":"10001079053","n":"17121","nm":"MARCELO BRILHANTE","cc":"PSL","nv":" ","e":"n","st":"Suplente","dvt":"V\u00e1lido","vap":"116","pvap":"   0,06"},{"seq":"239","sqcand":"10001014829","n":"77200","nm":"LENIS DA PESCA","cc":"SOLIDARIEDADE","nv":" ","e":"n","st":"N\u00e3o eleito","dvt":"V\u00e1lido","vap":"404","pvap":"   0,23"},{"seq":"308","sqcand":"10001014830","n":"77700","nm":"CHIC\u00c3O SOUZA","cc":"SOLIDARIEDADE","nv":" ","e":"n","st":"N\u00e3o eleito","dvt":"V\u00e1lido","vap":"154","pvap":"   0,09"},{"seq":"360","sqcand":"10001110359","n":"22151","nm":"EDUARDO DIAS","cc":"PL","nv":" ","e":"n","st":"N\u00e3o eleito","dvt":"V\u00e1lido","vap":"86","pvap":"   0,05"},{"seq":"430","sqcand":"10001246743","n":"51051","nm":"JONELSON ","cc":"PATRIOTA","nv":" ","e":"n","st":"N\u00e3o eleito","dvt":"V\u00e1lido","vap":"39","pvap":"   0,02"},{"seq":"314","sqcand":"10000669774","n":"50222","nm":"JOANA JOANINHA","cc":"PSOL","nv":" ","e":"n","st":"N\u00e3o eleito","dvt":"V\u00e1lido","vap":"147","pvap":"   0,08"},{"seq":"126","sqcand":"10000699908","n":"15158","nm":"PROFESSOR NEUTON","cc":"MDB","nv":" ","e":"n","st":"Suplente","dvt":"V\u00e1lido","vap":"180","pvap":"   0,10"},{"seq":"328","sqcand":"10001246721","n":"51888","nm":"CLEUDO NOVINHO","cc":"PATRIOTA","nv":" ","e":"n","st":"N\u00e3o eleito","dvt":"V\u00e1lido","vap":"126","pvap":"   0,07"},{"seq":"324","sqcand":"10000973711","n":"70022","nm":"TONINHO  SILVA","cc":"AVANTE","nv":" ","e":"n","st":"N\u00e3o eleito","dvt":"V\u00e1lido","vap":"130","pvap":"   0,07"},{"seq":"59","sqcand":"10000848786","n":"11447","nm":"ALUIZIO VERAS","cc":"PP","nv":" ","e":"n","st":"Suplente","dvt":"V\u00e1lido","vap":"550","pvap":"   0,31"},{"seq":"450","sqcand":"10001110348","n":"22345","nm":"LEANE MISQUITA","cc":"PL","nv":" ","e":"n","st":"N\u00e3o eleito","dvt":"V\u00e1lido","vap":"26","pvap":"   0,01"},{"seq":"193","sqcand":"10000670234","n":"55014","nm":"MOTA","cc":"PSD","nv":" ","e":"n","st":"Suplente","dvt":"V\u00e1lido","vap":"43","pvap":"   0,02"},{"seq":"420","sqcand":"10001246732","n":"51500","nm":"RAFAEL LEAL","cc":"PATRIOTA","nv":" ","e":"n","st":"N\u00e3o eleito","dvt":"V\u00e1lido","vap":"43","pvap":"   0,02"},{"seq":"100","sqcand":"10000848794","n":"11123","nm":"MARTA BATISTA","cc":"PP","nv":" ","e":"n","st":"Suplente","dvt":"V\u00e1lido","vap":"267","pvap":"   0,15"},{"seq":"474","sqcand":"10000669575","n":"10200","nm":"MISSION\u00c1RIA MEYRE","cc":"REPUBLICANOS","nv":" ","e":"n","st":"N\u00e3o eleito","dvt":"V\u00e1lido","vap":"12","pvap":"   0,01"},{"seq":"349","sqcand":"10000849504","n":"27100","nm":"MIRA MIROCA","cc":"DC","nv":" ","e":"n","st":"N\u00e3o eleito","dvt":"V\u00e1lido","vap":"99","pvap":"   0,06"},{"seq":"487","sqcand":"10000701192","n":"90018","nm":"AILTON CAVALCANTE","cc":"PROS","nv":" ","e":"n","st":"N\u00e3o eleito","dvt":"V\u00e1lido","vap":"3","pvap":"   0,00"},{"seq":"17","sqcand":"10001079047","n":"17000","nm":"HILDEGARD PASCOAL","cc":"PSL","nv":" ","e":"s","st":"Eleito","dvt":"V\u00e1lido","vap":"1130","pvap":"   0,63"},{"seq":"404","sqcand":"10001014832","n":"77707","nm":"RENILDA ROCHA","cc":"SOLIDARIEDADE","nv":" ","e":"n","st":"N\u00e3o eleito","dvt":"V\u00e1lido","vap":"56","pvap":"   0,03"},{"seq":"35","sqcand":"10000968164","n":"19456","nm":"ISMAEL TAVARES","cc":"PODE","nv":" ","e":"n","st":"Suplente","dvt":"V\u00e1lido","vap":"962","pvap":"   0,54"},{"seq":"12","sqcand":"10001014911","n":"45789","nm":"ISMAEL MACHADO","cc":"PSDB","nv":" ","e":"s","st":"Eleito","dvt":"V\u00e1lido","vap":"1928","pvap":"   1,08"},{"seq":"49","sqcand":"10001079038","n":"17077","nm":"PROF JOELMA RICARDO","cc":"PSL","nv":" ","e":"n","st":"Suplente","dvt":"V\u00e1lido","vap":"770","pvap":"   0,43"},{"seq":"171","sqcand":"10000968161","n":"19666","nm":"HELOY DE CASTRO","cc":"PODE","nv":" ","e":"n","st":"Suplente","dvt":"V\u00e1lido","vap":"84","pvap":"   0,05"},{"seq":"411","sqcand":"10000701208","n":"90010","nm":"REGINALDO NOTA DEZ","cc":"PROS","nv":" ","e":"n","st":"N\u00e3o eleito","dvt":"V\u00e1lido","vap":"49","pvap":"   0,03"},{"seq":"134","sqcand":"10000699913","n":"15151","nm":"JOELMA DANTAS","cc":"MDB","nv":" ","e":"n","st":"Suplente","dvt":"V\u00e1lido","vap":"171","pvap":"   0,10"},{"seq":"266","sqcand":"10000967332","n":"20123","nm":"VALDEMIR ALVES DO NASCIMENTO","cc":"PSC","nv":" ","e":"n","st":"N\u00e3o eleito","dvt":"V\u00e1lido","vap":"253","pvap":"   0,14"},{"seq":"56","sqcand":"10000851440","n":"12888","nm":"LUZIA DO POSTO","cc":"PDT","nv":" ","e":"n","st":"Suplente","dvt":"V\u00e1lido","vap":"630","pvap":"   0,35"},{"seq":"67","sqcand":"10000701027","n":"25777","nm":"JU TAVARES","cc":"DEM","nv":" ","e":"n","st":"Suplente","dvt":"V\u00e1lido","vap":"485","pvap":"   0,27"},{"seq":"133","sqcand":"10000699916","n":"15500","nm":"MARCIA MARIA","cc":"MDB","nv":" ","e":"n","st":"Suplente","dvt":"V\u00e1lido","vap":"171","pvap":"   0,10"},{"seq":"475","sqcand":"10001202737","n":"35200","nm":"NIKAELE VERAS","cc":"PMB","nv":" ","e":"n","st":"N\u00e3o eleito","dvt":"V\u00e1lido","vap":"11","pvap":"   0,01"},{"seq":"221","sqcand":"10001014826","n":"77999","nm":"ELISON AZEVEDO","cc":"SOLIDARIEDADE","nv":" ","e":"n","st":"N\u00e3o eleito","dvt":"V\u00e1lido","vap":"693","pvap":"   0,39"},{"seq":"148","sqcand":"10000969496","n":"40567","nm":"LUBIA ARA\u00daJO","cc":"PSB","nv":" ","e":"n","st":"Suplente","dvt":"V\u00e1lido","vap":"131","pvap":"   0,07"},{"seq":"342","sqcand":"10001014815","n":"77146","nm":"CLEIDE SILVA","cc":"SOLIDARIEDADE","nv":" ","e":"n","st":"N\u00e3o eleito","dvt":"V\u00e1lido","vap":"105","pvap":"   0,06"},{"seq":"309","sqcand":"10000973702","n":"70712","nm":"FAUST\u00c3O ","cc":"AVANTE","nv":" ","e":"n","st":"N\u00e3o eleito","dvt":"V\u00e1lido","vap":"153","pvap":"   0,09"},{"seq":"214","sqcand":"10001146751","n":"65123","nm":"NALUY","cc":"PC do B","nv":" ","e":"n","st":"N\u00e3o eleito","dvt":"V\u00e1lido","vap":"965","pvap":"   0,54"},{"seq":"363","sqcand":"10000849505","n":"27999","nm":"GLEINA","cc":"DC","nv":" ","e":"n","st":"N\u00e3o eleito","dvt":"V\u00e1lido","vap":"83","pvap":"   0,05"},{"seq":"139","sqcand":"10000699920","n":"15600","nm":"THAMYRIS PINHEIRO","cc":"MDB","nv":" ","e":"n","st":"Suplente","dvt":"V\u00e1lido","vap":"151","pvap":"   0,08"},{"seq":"230","sqcand":"10000973708","n":"70999","nm":"ISMAEL BARRO VERMELHO","cc":"AVANTE","nv":" ","e":"n","st":"N\u00e3o eleito","dvt":"V\u00e1lido","vap":"574","pvap":"   0,32"},{"seq":"102","sqcand":"10000968141","n":"19555","nm":"JOSIMAR RIBEIRO","cc":"PODE","nv":" ","e":"n","st":"Suplente","dvt":"V\u00e1lido","vap":"262","pvap":"   0,15"},{"seq":"283","sqcand":"10000669761","n":"43101","nm":"L\u00c9IA SILVA","cc":"PV","nv":" ","e":"n","st":"N\u00e3o eleito","dvt":"V\u00e1lido","vap":"194","pvap":"   0,11"},{"seq":"30","sqcand":"10001014895","n":"45100","nm":"ELIAS MACEDO","cc":"PSDB","nv":" ","e":"n","st":"Suplente","dvt":"V\u00e1lido","vap":"1065","pvap":"   0,60"},{"seq":"271","sqcand":"10001081898","n":"23111","nm":"DUANNE VALE","cc":"CIDADANIA","nv":" ","e":"n","st":"N\u00e3o eleito","dvt":"V\u00e1lido","vap":"238","pvap":"   0,13"},{"seq":"123","sqcand":"10000848790","n":"11333","nm":"MARIN\u00caS MESSIAS","cc":"PP","nv":" ","e":"n","st":"Suplente","dvt":"V\u00e1lido","vap":"189","pvap":"   0,11"},{"seq":"98","sqcand":"10000848791","n":"11017","nm":"CARLOS REPRESENTANTE","cc":"PP","nv":" ","e":"n","st":"Suplente","dvt":"V\u00e1lido","vap":"276","pvap":"   0,15"},{"seq":"73","sqcand":"10000670236","n":"55777","nm":"ROBSON SILVA","cc":"PSD","nv":" ","e":"n","st":"Suplente","dvt":"V\u00e1lido","vap":"435","pvap":"   0,24"},{"seq":"321","sqcand":"10000669754","n":"43111","nm":"ADRIANO NASCIMENTO","cc":"PV","nv":" ","e":"n","st":"N\u00e3o eleito","dvt":"V\u00e1lido","vap":"134","pvap":"   0,08"},{"seq":"92","sqcand":"10000670250","n":"55255","nm":"SOM","cc":"PSD","nv":" ","e":"n","st":"Suplente","dvt":"V\u00e1lido","vap":"309","pvap":"   0,17"},{"seq":"335","sqcand":"10000747916","n":"13002","nm":"NENO DO MERCADO","cc":"PT","nv":" ","e":"n","st":"N\u00e3o eleito","dvt":"V\u00e1lido","vap":"116","pvap":"   0,06"},{"seq":"323","sqcand":"10001146754","n":"65456","nm":"IVO CARNEIRO","cc":"PC do B","nv":" ","e":"n","st":"N\u00e3o eleito","dvt":"V\u00e1lido","vap":"131","pvap":"   0,07"},{"seq":"6","sqcand":"10000969483","n":"40555","nm":"RAIMUNDO NEN\u00c9M","cc":"PSB","nv":" ","e":"s","st":"Eleito","dvt":"V\u00e1lido","vap":"2555","pvap":"   1,43"},{"seq":"292","sqcand":"10000973703","n":"70321","nm":"FERNANDINHO","cc":"AVANTE","nv":" ","e":"n","st":"N\u00e3o eleito","dvt":"V\u00e1lido","vap":"177","pvap":"   0,10"},{"seq":"240","sqcand":"10001081880","n":"23123","nm":"VALMIR","cc":"CIDADANIA","nv":" ","e":"n","st":"N\u00e3o eleito","dvt":"V\u00e1lido","vap":"404","pvap":"   0,23"},{"seq":"480","sqcand":"10000701198","n":"90700","nm":"LAYNE MENEZES","cc":"PROS","nv":" ","e":"n","st":"N\u00e3o eleito","dvt":"V\u00e1lido","vap":"6","pvap":"   0,00"},{"seq":"458","sqcand":"10001110347","n":"22002","nm":"GIL GOMES","cc":"PL","nv":" ","e":"n","st":"N\u00e3o eleito","dvt":"V\u00e1lido","vap":"24","pvap":"   0,01"},{"seq":"341","sqcand":"10000967320","n":"20222","nm":"PALHA\u00c7O PETELECO","cc":"PSC","nv":" ","e":"n","st":"N\u00e3o eleito","dvt":"V\u00e1lido","vap":"106","pvap":"   0,06"},{"seq":"453","sqcand":"10000701207","n":"90222","nm":"HIL\u00c1RIO SANTOS","cc":"PROS","nv":" ","e":"n","st":"N\u00e3o eleito","dvt":"V\u00e1lido","vap":"25","pvap":"   0,01"},{"seq":"223","sqcand":"10000669741","n":"43333","nm":"PROFA SHIRLEY TORRES","cc":"PV","nv":" ","e":"n","st":"N\u00e3o eleito","dvt":"V\u00e1lido","vap":"678","pvap":"   0,38"},{"seq":"234","sqcand":"10001014823","n":"77123","nm":"ERMILSON BARROS","cc":"SOLIDARIEDADE","nv":" ","e":"n","st":"N\u00e3o eleito","dvt":"V\u00e1lido","vap":"478","pvap":"   0,27"},{"seq":"195","sqcand":"10001079048","n":"17770","nm":"WELLINGTON DANIEL","cc":"PSL","nv":" ","e":"n","st":"Suplente","dvt":"V\u00e1lido","vap":"31","pvap":"   0,02"},{"seq":"291","sqcand":"10000967334","n":"20021","nm":"ROBSON FUGIHARA","cc":"PSC","nv":" ","e":"n","st":"N\u00e3o eleito","dvt":"V\u00e1lido","vap":"177","pvap":"   0,10"},{"seq":"315","sqcand":"10001081901","n":"23555","nm":"CARLOS LEANDRO","cc":"CIDADANIA","nv":" ","e":"n","st":"N\u00e3o eleito","dvt":"V\u00e1lido","vap":"146","pvap":"   0,08"},{"seq":"433","sqcand":"10000836018","n":"33333","nm":"LEILA MONTEIRO","cc":"PMN","nv":" ","e":"n","st":"N\u00e3o eleito","dvt":"V\u00e1lido","vap":"38","pvap":"   0,02"},{"seq":"194","sqcand":"10000968160","n":"19234","nm":"RONALDO MARTINS","cc":"PODE","nv":" ","e":"n","st":"Suplente","dvt":"V\u00e1lido","vap":"32","pvap":"   0,02"},{"seq":"138","sqcand":"10000968151","n":"19999","nm":"SAVANA SANTIAGO","cc":"PODE","nv":" ","e":"n","st":"Suplente","dvt":"V\u00e1lido","vap":"154","pvap":"   0,09"},{"seq":"28","sqcand":"10000969495","n":"40333","nm":"LUCILENE DA DROGA VALE","cc":"PSB","nv":" ","e":"n","st":"Suplente","dvt":"V\u00e1lido","vap":"1258","pvap":"   0,70"},{"seq":"140","sqcand":"10000699933","n":"15007","nm":"ISAAC SANTOS","cc":"MDB","nv":" ","e":"n","st":"Suplente","dvt":"V\u00e1lido","vap":"149","pvap":"   0,08"},{"seq":"177","sqcand":"10000851451","n":"12999","nm":"VANUZIANA","cc":"PDT","nv":" ","e":"n","st":"Suplente","dvt":"V\u00e1lido","vap":"78","pvap":"   0,04"},{"seq":"78","sqcand":"10000701046","n":"25025","nm":"DR. DIEGO VACA","cc":"DEM","nv":" ","e":"n","st":"Suplente","dvt":"V\u00e1lido","vap":"398","pvap":"   0,22"},{"seq":"110","sqcand":"10000851449","n":"12777","nm":"CLEIDE ARA\u00daJO","cc":"PDT","nv":" ","e":"n","st":"Suplente","dvt":"V\u00e1lido","vap":"211","pvap":"   0,12"},{"seq":"466","sqcand":"10001110351","n":"22022","nm":"LUCAS FREIRES","cc":"PL","nv":" ","e":"n","st":"N\u00e3o eleito","dvt":"V\u00e1lido","vap":"17","pvap":"   0,01"},{"seq":"319","sqcand":"10001081896","n":"23223","nm":"FRANCISCA FELIPE","cc":"CIDADANIA","nv":" ","e":"n","st":"N\u00e3o eleito","dvt":"V\u00e1lido","vap":"138","pvap":"   0,08"},{"seq":"489","sqcand":"10001202739","n":"35500","nm":"ROSANGELA ","cc":"PMB","nv":" ","e":"n","st":"N\u00e3o eleito","dvt":"V\u00e1lido","vap":"2","pvap":"   0,00"},{"seq":"55","sqcand":"10000699910","n":"15333","nm":"DEIVID SANTIAGO","cc":"MDB","nv":" ","e":"n","st":"Suplente","dvt":"V\u00e1lido","vap":"633","pvap":"   0,35"},{"seq":"257","sqcand":"10001246722","n":"51555","nm":"PASTOR CARVALHO","cc":"PATRIOTA","nv":" ","e":"n","st":"N\u00e3o eleito","dvt":"V\u00e1lido","vap":"291","pvap":"   0,16"},{"seq":"103","sqcand":"10000670248","n":"55007","nm":"Z\u00c9 BUCHIM","cc":"PSD","nv":" ","e":"n","st":"Suplente","dvt":"V\u00e1lido","vap":"260","pvap":"   0,15"},{"seq":"77","sqcand":"10000969485","n":"40244","nm":"RUBBY RODRIGUES","cc":"PSB","nv":" ","e":"n","st":"Suplente","dvt":"V\u00e1lido","vap":"404","pvap":"   0,23"},{"seq":"97","sqcand":"10000670229","n":"55333","nm":"PASTORA CLEI\u00c7A FRAN\u00c7A","cc":"PSD","nv":" ","e":"n","st":"Suplente","dvt":"V\u00e1lido","vap":"277","pvap":"   0,16"},{"seq":"201","sqcand":"10000701041","n":"25055","nm":"ZELI PINTO","cc":"DEM","nv":" ","e":"n","st":"Suplente","dvt":"V\u00e1lido","vap":"16","pvap":"   0,01"},{"seq":"200","sqcand":"10000851450","n":"12247","nm":"ROGGER WINS","cc":"PDT","nv":" ","e":"n","st":"Suplente","dvt":"V\u00e1lido","vap":"17","pvap":"   0,01"},{"seq":"121","sqcand":"10000701030","n":"25444","nm":"L\u00cdLIA SILVA","cc":"DEM","nv":" ","e":"n","st":"Suplente","dvt":"V\u00e1lido","vap":"192","pvap":"   0,11"},{"seq":"58","sqcand":"10000699931","n":"15190","nm":"DELEGADO ROBERTH ALENCAR","cc":"MDB","nv":" ","e":"n","st":"Suplente","dvt":"V\u00e1lido","vap":"552","pvap":"   0,31"},{"seq":"302","sqcand":"10001058974","n":"14111","nm":"ENGENHEIRO ROLANDO","cc":"PTB","nv":" ","e":"n","st":"N\u00e3o eleito","dvt":"V\u00e1lido","vap":"161","pvap":"   0,09"},{"seq":"244","sqcand":"10001014814","n":"77456","nm":"EROS ASFURI","cc":"SOLIDARIEDADE","nv":" ","e":"n","st":"N\u00e3o eleito","dvt":"V\u00e1lido","vap":"384","pvap":"   0,21"},{"seq":"490","sqcand":"10001154399","n":"29029","nm":"FRANCISCO LEITE","cc":"PCO","nv":" ","e":"n","st":"N\u00e3o eleito","dvt":"V\u00e1lido","vap":"1","pvap":"   0,01"},{"seq":"91","sqcand":"10000670231","n":"55567","nm":"MEL\u00c9","cc":"PSD","nv":" ","e":"n","st":"Suplente","dvt":"V\u00e1lido","vap":"315","pvap":"   0,18"},{"seq":"175","sqcand":"10000969499","n":"40321","nm":"FERNANDO PSIC\u00d3LOGO","cc":"PSB","nv":" ","e":"n","st":"Suplente","dvt":"V\u00e1lido","vap":"81","pvap":"   0,05"},{"seq":"46","sqcand":"10000848797","n":"11011","nm":"EVANDRO CORDEIRO","cc":"PP","nv":" ","e":"n","st":"Suplente","dvt":"V\u00e1lido","vap":"796","pvap":"   0,45"},{"seq":"366","sqcand":"10000669778","n":"50555","nm":"PR JAIBE DANTAS","cc":"PSOL","nv":" ","e":"n","st":"N\u00e3o eleito","dvt":"V\u00e1lido","vap":"82","pvap":"   0,05"},{"seq":"68","sqcand":"10000699909","n":"15111","nm":"CRISTHYAN CARCIA","cc":"MDB","nv":" ","e":"n","st":"Suplente","dvt":"V\u00e1lido","vap":"485","pvap":"   0,27"},{"seq":"286","sqcand":"10000967325","n":"20000","nm":"PASTOR JUNIOR","cc":"PSC","nv":" ","e":"n","st":"N\u00e3o eleito","dvt":"V\u00e1lido","vap":"188","pvap":"   0,11"},{"seq":"69","sqcand":"10001014902","n":"45380","nm":"NONATO SANTOS","cc":"PSDB","nv":" ","e":"n","st":"Suplente","dvt":"V\u00e1lido","vap":"480","pvap":"   0,27"},{"seq":"2","sqcand":"10000848795","n":"11106","nm":"SAMIR BESTENE","cc":"PP","nv":" ","e":"s","st":"Eleito","dvt":"V\u00e1lido","vap":"3403","pvap":"   1,91"},{"seq":"320","sqcand":"10001058954","n":"14800","nm":"GECI MENDON\u00c7A","cc":"PTB","nv":" ","e":"n","st":"N\u00e3o eleito","dvt":"V\u00e1lido","vap":"134","pvap":"   0,08"},{"seq":"408","sqcand":"10001246742","n":"51321","nm":"LUIZA ARA\u00daJO","cc":"PATRIOTA","nv":" ","e":"n","st":"N\u00e3o eleito","dvt":"V\u00e1lido","vap":"54","pvap":"   0,03"},{"seq":"317","sqcand":"10000747924","n":"13123","nm":"GEORGE DA PRODU\u00c7\u00c3O","cc":"PT","nv":" ","e":"n","st":"N\u00e3o eleito","dvt":"V\u00e1lido","vap":"144","pvap":"   0,08"},{"seq":"169","sqcand":"10001014898","n":"45666","nm":"CLEIDE ANDRADE","cc":"PSDB","nv":" ","e":"n","st":"Suplente","dvt":"V\u00e1lido","vap":"88","pvap":"   0,05"},{"seq":"396","sqcand":"10001014818","n":"77333","nm":"MARCELY SILVA","cc":"SOLIDARIEDADE","nv":" ","e":"n","st":"N\u00e3o eleito","dvt":"V\u00e1lido","vap":"60","pvap":"   0,03"},{"seq":"268","sqcand":"10000967318","n":"20888","nm":"PROFESSORA ADRIANA WELCK","cc":"PSC","nv":" ","e":"n","st":"N\u00e3o eleito","dvt":"V\u00e1lido","vap":"248","pvap":"   0,14"},{"seq":"120","sqcand":"10000701029","n":"25999","nm":"CHARLES FRAN\u00c7A","cc":"DEM","nv":" ","e":"n","st":"Suplente","dvt":"V\u00e1lido","vap":"194","pvap":"   0,11"},{"seq":"52","sqcand":"10000969497","n":"40500","nm":"EVANDRO ROSAS BAR\u00c3O","cc":"PSB","nv":" ","e":"n","st":"Suplente","dvt":"V\u00e1lido","vap":"721","pvap":"   0,40"},{"seq":"142","sqcand":"10001014909","n":"45111","nm":"ROSE LIMA","cc":"PSDB","nv":" ","e":"n","st":"Suplente","dvt":"V\u00e1lido","vap":"139","pvap":"   0,08"},{"seq":"47","sqcand":"10001079056","n":"17456","nm":"CABO JULIO","cc":"PSL","nv":" ","e":"n","st":"Suplente","dvt":"V\u00e1lido","vap":"780","pvap":"   0,44"},{"seq":"483","sqcand":"10001110352","n":"22444","nm":"HELIO GOMES","cc":"PL","nv":" ","e":"n","st":"N\u00e3o eleito","dvt":"V\u00e1lido","vap":"4","pvap":"   0,00"},{"seq":"402","sqcand":"10000799886","n":"50157","nm":"DONE NETO","cc":"PSOL","nv":" ","e":"n","st":"N\u00e3o eleito","dvt":"V\u00e1lido","vap":"57","pvap":"   0,03"},{"seq":"247","sqcand":"10001058956","n":"14222","nm":"FABIANO DA MELANCIA","cc":"PTB","nv":" ","e":"n","st":"N\u00e3o eleito","dvt":"V\u00e1lido","vap":"362","pvap":"   0,20"},{"seq":"96","sqcand":"10000848799","n":"11111","nm":"CURI\u00d3 DO TUCUM\u00c3","cc":"PP","nv":" ","e":"n","st":"Suplente","dvt":"V\u00e1lido","vap":"286","pvap":"   0,16"},{"seq":"206","sqcand":"10001110343","n":"22333","nm":"GABRIELA DA BOAS NOVAS","cc":"PL","nv":" ","e":"n","st":"N\u00e3o eleito","dvt":"V\u00e1lido","vap":"2717","pvap":"   1,52"},{"seq":"455","sqcand":"10001058971","n":"14014","nm":"PAULINHA CORDEIRO","cc":"PTB","nv":" ","e":"n","st":"N\u00e3o eleito","dvt":"V\u00e1lido","vap":"25","pvap":"   0,01"},{"seq":"307","sqcand":"10000973697","n":"70700","nm":"SARGENTO COSTA","cc":"AVANTE","nv":" ","e":"n","st":"N\u00e3o eleito","dvt":"V\u00e1lido","vap":"154","pvap":"   0,09"},{"seq":"224","sqcand":"10000973710","n":"70000","nm":"THOMAZINI","cc":"AVANTE","nv":" ","e":"n","st":"N\u00e3o eleito","dvt":"V\u00e1lido","vap":"666","pvap":"   0,37"},{"seq":"62","sqcand":"10001014912","n":"45456","nm":"JULIANO CABELEIREIRO","cc":"PSDB","nv":" ","e":"n","st":"Suplente","dvt":"V\u00e1lido","vap":"534","pvap":"   0,30"},{"seq":"364","sqcand":"10001081891","n":"23300","nm":"DAVI LIMA","cc":"CIDADANIA","nv":" ","e":"n","st":"N\u00e3o eleito","dvt":"V\u00e1lido","vap":"82","pvap":"   0,05"},{"seq":"107","sqcand":"10000851432","n":"12333","nm":"ANTONIO SALES","cc":"PDT","nv":" ","e":"n","st":"Suplente","dvt":"V\u00e1lido","vap":"248","pvap":"   0,14"},{"seq":"473","sqcand":"10001110354","n":"22003","nm":"SEBASTI\u00c3O DA CRUZ","cc":"PL","nv":" ","e":"n","st":"N\u00e3o eleito","dvt":"V\u00e1lido","vap":"12","pvap":"   0,01"},{"seq":"215","sqcand":"10001246726","n":"51212","nm":"SUELLEN CARLOS ","cc":"PATRIOTA","nv":" ","e":"n","st":"N\u00e3o eleito","dvt":"V\u00e1lido","vap":"911","pvap":"   0,51"},{"seq":"90","sqcand":"10001079060","n":"17778","nm":"FABIO SILVA","cc":"PSL","nv":" ","e":"n","st":"Suplente","dvt":"V\u00e1lido","vap":"318","pvap":"   0,18"},{"seq":"441","sqcand":"10001110350","n":"22233","nm":"JEMIMA NOGUEIRA","cc":"PL","nv":" ","e":"n","st":"N\u00e3o eleito","dvt":"V\u00e1lido","vap":"34","pvap":"   0,02"},{"seq":"53","sqcand":"10000670244","n":"55068","nm":"RAISSA MOREIRA","cc":"PSD","nv":" ","e":"n","st":"Suplente","dvt":"V\u00e1lido","vap":"684","pvap":"   0,38"},{"seq":"390","sqcand":"10001246739","n":"51234","nm":"CIDA","cc":"PATRIOTA","nv":" ","e":"n","st":"N\u00e3o eleito","dvt":"V\u00e1lido","vap":"65","pvap":"   0,04"},{"seq":"353","sqcand":"10000669756","n":"43700","nm":"ANGELINO PANDERISTA","cc":"PV","nv":" ","e":"n","st":"N\u00e3o eleito","dvt":"V\u00e1lido","vap":"94","pvap":"   0,05"},{"seq":"184","sqcand":"10000968147","n":"19242","nm":"PASTOR ANTONIO ALMEIDA","cc":"PODE","nv":" ","e":"n","st":"Suplente","dvt":"V\u00e1lido","vap":"55","pvap":"   0,03"},{"seq":"33","sqcand":"10000699928","n":"15678","nm":"OS\u00c9IAS SILVA","cc":"MDB","nv":" ","e":"n","st":"Suplente","dvt":"V\u00e1lido","vap":"1022","pvap":"   0,57"},{"seq":"237","sqcand":"10001014820","n":"77777","nm":"LAZARO BARBOSA","cc":"SOLIDARIEDADE","nv":" ","e":"n","st":"N\u00e3o eleito","dvt":"V\u00e1lido","vap":"414","pvap":"   0,23"},{"seq":"122","sqcand":"10001079040","n":"17666","nm":"EDCLEO OLIVEIRA","cc":"PSL","nv":" ","e":"n","st":"Suplente","dvt":"V\u00e1lido","vap":"191","pvap":"   0,11"},{"seq":"236","sqcand":"10000747925","n":"13321","nm":"RITA PARO","cc":"PT","nv":" ","e":"n","st":"N\u00e3o eleito","dvt":"V\u00e1lido","vap":"424","pvap":"   0,24"},{"seq":"454","sqcand":"10000669755","n":"43010","nm":"ALESSANDRA CIACCI","cc":"PV","nv":" ","e":"n","st":"N\u00e3o eleito","dvt":"V\u00e1lido","vap":"25","pvap":"   0,01"},{"seq":"146","sqcand":"10001079059","n":"17777","nm":"ROGERIO NASCIMENTO","cc":"PSL","nv":" ","e":"n","st":"Suplente","dvt":"V\u00e1lido","vap":"133","pvap":"   0,07"},{"seq":"37","sqcand":"10000701037","n":"25555","nm":"OTON SALES","cc":"DEM","nv":" ","e":"n","st":"Suplente","dvt":"V\u00e1lido","vap":"939","pvap":"   0,53"},{"seq":"479","sqcand":"10000849512","n":"27114","nm":"MARI CARNEIRO","cc":"DC","nv":" ","e":"n","st":"N\u00e3o eleito","dvt":"V\u00e1lido","vap":"9","pvap":"   0,01"},{"seq":"424","sqcand":"10001084182","n":"43170","nm":"LIGIA","cc":"PV","nv":" ","e":"n","st":"N\u00e3o eleito","dvt":"V\u00e1lido","vap":"40","pvap":"   0,02"},{"seq":"198","sqcand":"10000699929","n":"15112","nm":"FRANCISNNEY OLIVEIRA","cc":"MDB","nv":" ","e":"n","st":"Suplente","dvt":"V\u00e1lido","vap":"25","pvap":"   0,01"},{"seq":"398","sqcand":"10000701200","n":"90777","nm":"MOZIM DO ESPORTE","cc":"PROS","nv":" ","e":"n","st":"N\u00e3o eleito","dvt":"V\u00e1lido","vap":"59","pvap":"   0,03"},{"seq":"94","sqcand":"10000968155","n":"19900","nm":"DAVI ALMEIDA","cc":"PODE","nv":" ","e":"n","st":"Suplente","dvt":"V\u00e1lido","vap":"294","pvap":"   0,16"},{"seq":"219","sqcand":"10000973715","n":"70123","nm":"JANES PETECA ","cc":"AVANTE","nv":" ","e":"n","st":"N\u00e3o eleito","dvt":"V\u00e1lido","vap":"777","pvap":"   0,43"},{"seq":"115","sqcand":"10000701033","n":"25100","nm":"MARICILIA CHAVES","cc":"DEM","nv":" ","e":"n","st":"Suplente","dvt":"V\u00e1lido","vap":"207","pvap":"   0,12"},{"seq":"345","sqcand":"10001146762","n":"65777","nm":"KALL","cc":"PC do B","nv":" ","e":"n","st":"N\u00e3o eleito","dvt":"V\u00e1lido","vap":"101","pvap":"   0,06"},{"seq":"432","sqcand":"10000849498","n":"27136","nm":"CABIDE","cc":"DC","nv":" ","e":"n","st":"N\u00e3o eleito","dvt":"V\u00e1lido","vap":"38","pvap":"   0,02"},{"seq":"111","sqcand":"10000701031","n":"25007","nm":"ALAN BARRETO","cc":"DEM","nv":" ","e":"n","st":"Suplente","dvt":"V\u00e1lido","vap":"211","pvap":"   0,12"},{"seq":"157","sqcand":"10000848800","n":"11163","nm":"JOS\u00c9 ABIAS","cc":"PP","nv":" ","e":"n","st":"Suplente","dvt":"V\u00e1lido","vap":"115","pvap":"   0,06"},{"seq":"383","sqcand":"10000701210","n":"90300","nm":"MARIA ROCHA","cc":"PROS","nv":" ","e":"n","st":"N\u00e3o eleito","dvt":"V\u00e1lido","vap":"70","pvap":"   0,04"},{"seq":"19","sqcand":"10000851447","n":"12100","nm":"JAMES DO LACEN","cc":"PDT","nv":" ","e":"n","st":"Suplente","dvt":"V\u00e1lido","vap":"2052","pvap":"   1,15"},{"seq":"226","sqcand":"10000701211","n":"90000","nm":"DANKAR","cc":"PROS","nv":" ","e":"n","st":"N\u00e3o eleito","dvt":"V\u00e1lido","vap":"624","pvap":"   0,35"},{"seq":"255","sqcand":"10001058969","n":"14555","nm":"MANOELZINHO","cc":"PTB","nv":" ","e":"n","st":"N\u00e3o eleito","dvt":"V\u00e1lido","vap":"294","pvap":"   0,16"},{"seq":"95","sqcand":"10000701044","n":"25400","nm":"REBECA BELON","cc":"DEM","nv":" ","e":"n","st":"Suplente","dvt":"V\u00e1lido","vap":"289","pvap":"   0,16"},{"seq":"280","sqcand":"10001058955","n":"14123","nm":"RONALDO TELES","cc":"PTB","nv":" ","e":"n","st":"N\u00e3o eleito","dvt":"V\u00e1lido","vap":"216","pvap":"   0,12"},{"seq":"243","sqcand":"10001246741","n":"51000","nm":"DINHO CALAFATE","cc":"PATRIOTA","nv":" ","e":"n","st":"N\u00e3o eleito","dvt":"V\u00e1lido","vap":"389","pvap":"   0,22"},{"seq":"151","sqcand":"10000968148","n":"19500","nm":"BRUNA ALBUQUERQUE","cc":"PODE","nv":" ","e":"n","st":"Suplente","dvt":"V\u00e1lido","vap":"124","pvap":"   0,07"},{"seq":"135","sqcand":"10001014906","n":"45345","nm":"ALEXANDRE FONSECA","cc":"PSDB","nv":" ","e":"n","st":"Suplente","dvt":"V\u00e1lido","vap":"159","pvap":"   0,09"},{"seq":"39","sqcand":"10000851442","n":"12345","nm":"VANESSA FACUNDES","cc":"PDT","nv":" ","e":"n","st":"Suplente","dvt":"V\u00e1lido","vap":"935","pvap":"   0,52"},{"seq":"459","sqcand":"10001263014","n":"65321","nm":"FRANCIELEN ","cc":"PC do B","nv":" ","e":"n","st":"N\u00e3o eleito","dvt":"V\u00e1lido","vap":"22","pvap":"   0,01"},{"seq":"362","sqcand":"10000669759","n":"43800","nm":"JOS\u00c9 MARIA QUEIROZ","cc":"PV","nv":" ","e":"n","st":"N\u00e3o eleito","dvt":"V\u00e1lido","vap":"84","pvap":"   0,05"},{"seq":"117","sqcand":"10000848798","n":"11244","nm":"MANOEL MIRANDA","cc":"PP","nv":" ","e":"n","st":"Suplente","dvt":"V\u00e1lido","vap":"204","pvap":"   0,11"},{"seq":"372","sqcand":"10001014831","n":"77321","nm":"RHANNA SALES","cc":"SOLIDARIEDADE","nv":" ","e":"n","st":"N\u00e3o eleito","dvt":"V\u00e1lido","vap":"73","pvap":"   0,04"},{"seq":"210","sqcand":"10001146756","n":"65013","nm":"EDUARDO FARIAS (DUDU)","cc":"PC do B","nv":" ","e":"n","st":"N\u00e3o eleito","dvt":"V\u00e1lido","vap":"1112","pvap":"   0,62"},{"seq":"394","sqcand":"10000967329","n":"20023","nm":"GESSE NO PUSKAS","cc":"PSC","nv":" ","e":"n","st":"N\u00e3o eleito","dvt":"V\u00e1lido","vap":"63","pvap":"   0,04"},{"seq":"119","sqcand":"10000670252","n":"55500","nm":"AURIMAR ARAG\u00c3O ","cc":"PSD","nv":" ","e":"n","st":"Suplente","dvt":"V\u00e1lido","vap":"196","pvap":"   0,11"},{"seq":"452","sqcand":"10000701205","n":"90125","nm":"SILVANIA FRAN\u00c7A","cc":"PROS","nv":" ","e":"n","st":"N\u00e3o eleito","dvt":"V\u00e1lido","vap":"26","pvap":"   0,01"},{"seq":"21","sqcand":"10000969491","n":"40123","nm":"ELZINHA MENDON\u00c7A","cc":"PSB","nv":" ","e":"n","st":"Suplente","dvt":"V\u00e1lido","vap":"1930","pvap":"   1,08"},{"seq":"130","sqcand":"10000848796","n":"11212","nm":"NELLY ALVES","cc":"PP","nv":" ","e":"n","st":"Suplente","dvt":"V\u00e1lido","vap":"174","pvap":"   0,10"},{"seq":"173","sqcand":"10000968140","n":"19111","nm":"HALISSON RODRIGO","cc":"PODE","nv":" ","e":"n","st":"Suplente","dvt":"V\u00e1lido","vap":"82","pvap":"   0,05"},{"seq":"378","sqcand":"10001014825","n":"77666","nm":"ROMEU RONNEY","cc":"SOLIDARIEDADE","nv":" ","e":"n","st":"N\u00e3o eleito","dvt":"V\u00e1lido","vap":"70","pvap":"   0,04"},{"seq":"417","sqcand":"10001246727","n":"51222","nm":"FABIO DE PAIVA","cc":"PATRIOTA","nv":" ","e":"n","st":"N\u00e3o eleito","dvt":"V\u00e1lido","vap":"44","pvap":"   0,02"},{"seq":"137","sqcand":"10000701045","n":"25333","nm":"ALEXANDRO RODRIGUES","cc":"DEM","nv":" ","e":"n","st":"Suplente","dvt":"V\u00e1lido","vap":"155","pvap":"   0,09"},{"seq":"32","sqcand":"10001014910","n":"45045","nm":"PEDRO DAYANE","cc":"PSDB","nv":" ","e":"n","st":"Suplente","dvt":"V\u00e1lido","vap":"1024","pvap":"   0,57"},{"seq":"116","sqcand":"10000699914","n":"15444","nm":"JOS\u00c9 MASTRANGELO","cc":"MDB","nv":" ","e":"n","st":"Suplente","dvt":"V\u00e1lido","vap":"205","pvap":"   0,11"},{"seq":"312","sqcand":"10000967322","n":"20500","nm":"SAMIO SOUZA","cc":"PSC","nv":" ","e":"n","st":"N\u00e3o eleito","dvt":"V\u00e1lido","vap":"150","pvap":"   0,08"},{"seq":"294","sqcand":"10000669568","n":"10174","nm":"ADRIANO MARU\u00cd","cc":"REPUBLICANOS","nv":" ","e":"n","st":"N\u00e3o eleito","dvt":"V\u00e1lido","vap":"170","pvap":"   0,10"},{"seq":"425","sqcand":"10000973705","n":"70400","nm":"LOCUTOR  FRANK","cc":"AVANTE","nv":" ","e":"n","st":"N\u00e3o eleito","dvt":"V\u00e1lido","vap":"39","pvap":"   0,02"},{"seq":"203","sqcand":"10000968162","n":"19110","nm":"JULIANE SMITH","cc":"PODE","nv":" ","e":"n","st":"Suplente","dvt":"V\u00e1lido","vap":"11","pvap":"   0,01"},{"seq":"392","sqcand":"10001110345","n":"22777","nm":"ALEXANDRA","cc":"PL","nv":" ","e":"n","st":"N\u00e3o eleito","dvt":"V\u00e1lido","vap":"63","pvap":"   0,04"},{"seq":"127","sqcand":"10001014915","n":"45202","nm":"J\u00c9SSICA LACERDA","cc":"PSDB","nv":" ","e":"n","st":"Suplente","dvt":"V\u00e1lido","vap":"178","pvap":"   0,10"},{"seq":"446","sqcand":"10001081882","n":"23101","nm":"ODETE CONCEI\u00c7\u00c3O","cc":"CIDADANIA","nv":" ","e":"n","st":"N\u00e3o eleito","dvt":"V\u00e1lido","vap":"31","pvap":"   0,02"},{"seq":"160","sqcand":"10001079037","n":"17111","nm":"EDUARDO YARZON","cc":"PSL","nv":" ","e":"n","st":"Suplente","dvt":"V\u00e1lido","vap":"100","pvap":"   0,06"},{"seq":"10","sqcand":"10000968150","n":"19123","nm":"ARNALDO BARROS","cc":"PODE","nv":" ","e":"s","st":"Eleito","dvt":"V\u00e1lido","vap":"2132","pvap":"   1,19"},{"seq":"313","sqcand":"10000849511","n":"27555","nm":"JULIO BRITO","cc":"DC","nv":" ","e":"n","st":"N\u00e3o eleito","dvt":"V\u00e1lido","vap":"149","pvap":"   0,08"},{"seq":"419","sqcand":"10001246740","n":"51145","nm":"GANDOLA","cc":"PATRIOTA","nv":" ","e":"n","st":"N\u00e3o eleito","dvt":"V\u00e1lido","vap":"43","pvap":"   0,02"},{"seq":"86","sqcand":"10000699921","n":"15120","nm":"DRA WILYANNE DERZE","cc":"MDB","nv":" ","e":"n","st":"Suplente","dvt":"V\u00e1lido","vap":"350","pvap":"   0,20"},{"seq":"460","sqcand":"10000973698","n":"70027","nm":"TCHOTCHA","cc":"AVANTE","nv":" ","e":"n","st":"N\u00e3o eleito","dvt":"V\u00e1lido","vap":"20","pvap":"   0,01"},{"seq":"61","sqcand":"10000968153","n":"19300","nm":"HEITOR NETO","cc":"PODE","nv":" ","e":"n","st":"Suplente","dvt":"V\u00e1lido","vap":"537","pvap":"   0,30"},{"seq":"357","sqcand":"10000747920","n":"13456","nm":"RAFAEL LOPES ","cc":"PT","nv":" ","e":"n","st":"N\u00e3o eleito","dvt":"V\u00e1lido","vap":"90","pvap":"   0,05"},{"seq":"41","sqcand":"10000670233","n":"55456","nm":"KEILLA CARVALHO","cc":"PSD","nv":" ","e":"n","st":"Suplente","dvt":"V\u00e1lido","vap":"919","pvap":"   0,51"},{"seq":"258","sqcand":"10000701212","n":"90400","nm":"ROSENI DO SANTA CEC\u00cdLIA","cc":"PROS","nv":" ","e":"n","st":"N\u00e3o eleito","dvt":"V\u00e1lido","vap":"290","pvap":"   0,16"},{"seq":"329","sqcand":"10001146766","n":"65555","nm":"CHARLES MARINHO","cc":"PC do B","nv":" ","e":"n","st":"N\u00e3o eleito","dvt":"V\u00e1lido","vap":"123","pvap":"   0,07"},{"seq":"336","sqcand":"10001110342","n":"22456","nm":"VILAS BOAS","cc":"PL","nv":" ","e":"n","st":"N\u00e3o eleito","dvt":"V\u00e1lido","vap":"116","pvap":"   0,06"},{"seq":"413","sqcand":"10000701201","n":"90333","nm":"RAQUEL PONTES","cc":"PROS","nv":" ","e":"n","st":"N\u00e3o eleito","dvt":"V\u00e1lido","vap":"47","pvap":"   0,03"},{"seq":"124","sqcand":"10000969490","n":"40456","nm":"J\u00daLIO CA\u00c7AMBEIRO","cc":"PSB","nv":" ","e":"n","st":"Suplente","dvt":"V\u00e1lido","vap":"184","pvap":"   0,10"},{"seq":"166","sqcand":"10001079055","n":"17999","nm":"RONY CARTOLIN","cc":"PSL","nv":" ","e":"n","st":"Suplente","dvt":"V\u00e1lido","vap":"92","pvap":"   0,05"},{"seq":"464","sqcand":"10000669574","n":"10526","nm":"RAIMUNDO FEITOZA","cc":"REPUBLICANOS","nv":" ","e":"n","st":"N\u00e3o eleito","dvt":"V\u00e1lido","vap":"17","pvap":"   0,01"},{"seq":"346","sqcand":"10000701193","n":"90888","nm":"ABIMAEL AGUIAR","cc":"PROS","nv":" ","e":"n","st":"N\u00e3o eleito","dvt":"V\u00e1lido","vap":"101","pvap":"   0,06"},{"seq":"129","sqcand":"10000670243","n":"55655","nm":"SANDRINHA OLIVEIRA","cc":"PSD","nv":" ","e":"n","st":"Suplente","dvt":"V\u00e1lido","vap":"176","pvap":"   0,10"},{"seq":"261","sqcand":"10001146767","n":"65789","nm":"FRANCISCO ARA\u00daJO ","cc":"PC do B","nv":" ","e":"n","st":"N\u00e3o eleito","dvt":"V\u00e1lido","vap":"289","pvap":"   0,16"},{"seq":"290","sqcand":"10001146763","n":"65222","nm":"EDILEUZA ALENCAR ","cc":"PC do B","nv":" ","e":"n","st":"N\u00e3o eleito","dvt":"V\u00e1lido","vap":"177","pvap":"   0,10"},{"seq":"190","sqcand":"10000968144","n":"19399","nm":"JOSE RIBAMAR","cc":"PODE","nv":" ","e":"n","st":"Suplente","dvt":"V\u00e1lido","vap":"48","pvap":"   0,03"},{"seq":"488","sqcand":"10001081886","n":"23567","nm":"ANDREA","cc":"CIDADANIA","nv":" ","e":"n","st":"N\u00e3o eleito","dvt":"V\u00e1lido","vap":"2","pvap":"   0,00"},{"seq":"79","sqcand":"10000670235","n":"55321","nm":"MARCOS COVEIRO","cc":"PSD","nv":" ","e":"n","st":"Suplente","dvt":"V\u00e1lido","vap":"390","pvap":"   0,22"},{"seq":"218","sqcand":"10000747918","n":"13131","nm":"RODRIGO FORNECK","cc":"PT","nv":" ","e":"n","st":"N\u00e3o eleito","dvt":"V\u00e1lido","vap":"809","pvap":"   0,45"},{"seq":"281","sqcand":"10000747919","n":"13613","nm":"NETINHO DE LUCA ","cc":"PT","nv":" ","e":"n","st":"N\u00e3o eleito","dvt":"V\u00e1lido","vap":"211","pvap":"   0,12"},{"seq":"347","sqcand":"10001110344","n":"22789","nm":"GLAYTON  REGO","cc":"PL","nv":" ","e":"n","st":"N\u00e3o eleito","dvt":"V\u00e1lido","vap":"100","pvap":"   0,06"},{"seq":"242","sqcand":"10001014827","n":"77778","nm":"LAURO JORGE","cc":"SOLIDARIEDADE","nv":" ","e":"n","st":"N\u00e3o eleito","dvt":"V\u00e1lido","vap":"390","pvap":"   0,22"},{"seq":"373","sqcand":"10000669779","n":"50002","nm":"NILCEMIR","cc":"PSOL","nv":" ","e":"n","st":"N\u00e3o eleito","dvt":"V\u00e1lido","vap":"72","pvap":"   0,04"},{"seq":"449","sqcand":"10001058973","n":"14297","nm":"LUISA DA MARMITA","cc":"PTB","nv":" ","e":"n","st":"N\u00e3o eleito","dvt":"V\u00e1lido","vap":"28","pvap":"   0,02"},{"seq":"162","sqcand":"10000969493","n":"40147","nm":"R\u00d4 DA BASE","cc":"PSB","nv":" ","e":"n","st":"Suplente","dvt":"V\u00e1lido","vap":"99","pvap":"   0,06"},{"seq":"7","sqcand":"10000851433","n":"12133","nm":"JOAQUIM FLOR\u00caNCIO","cc":"PDT","nv":" ","e":"s","st":"Eleito","dvt":"V\u00e1lido","vap":"2411","pvap":"   1,35"}]}
