{"ele":"426","tpabr":"mu","cdabr":"01473","carper":"13","t":"1","f":"o","dt":"15/11/2020","ht":"20:04:42","dv":"s","tf":"n","v":"11","esae":"n","mnae":"","s":"92","st":"92","pst":" 100,00","snt":"0","psnt":"   0,00","si":"92","psi":" 100,00","sni":"0","psni":"   0,00","sa":"92","psa":" 100,00","sna":"0","psna":"   0,00","e":"26354","ea":"26354","pea":" 100,00","ena":"0","pena":"   0,00","esi":"26354","pesi":" 100,00","esni":"0","pesni":"   0,00","c":"19649","pc":"  74,56","a":"6705","pa":"  25,44","vscv":"0","vnom":"17505","vl":"1254","pvnom":"  93,32","pvl":"   6,68","vvc":"18759","pvvc":"  95,47","vb":"185","pvb":"   0,94","tvn":"705","ptvn":"   3,59","vn":"703","pvn":"  99,72","vnt":"2","pvnt":"   0,28","vp":"0","pvp":"   0,00","vv":"18759","pvv":" 100,00","van":"0","pvan":"   0,00","vansj":"0","pvansj":"   0,00","tv":"19649","cand":[{"seq":"27","sqcand":"10000740677","n":"15111","nm":"MARIA JOS\u00c9","cc":"MDB","nv":" ","e":"n","st":"","dvt":"V\u00e1lido","vap":"243","pvap":"   1,30"},{"seq":"104","sqcand":"10000644930","n":"50999","nm":"MARA COSTA","cc":"PSOL","nv":" ","e":"n","st":"","dvt":"V\u00e1lido","vap":"20","pvap":"   0,11"},{"seq":"49","sqcand":"10001240182","n":"65000","nm":"PROFESSOR CARLOS ALBERTO","cc":"PC do B","nv":" ","e":"n","st":"","dvt":"V\u00e1lido","vap":"111","pvap":"   0,59"},{"seq":"46","sqcand":"10001240177","n":"65789","nm":"CASH","cc":"PC do B","nv":" ","e":"n","st":"","dvt":"V\u00e1lido","vap":"117","pvap":"   0,62"},{"seq":"73","sqcand":"10000950497","n":"11888","nm":"DANTAS QUADROS","cc":"PP","nv":" ","e":"n","st":"","dvt":"V\u00e1lido","vap":"55","pvap":"   0,29"},{"seq":"60","sqcand":"10000740687","n":"15128","nm":"MAT\u00c9","cc":"MDB","nv":" ","e":"n","st":"","dvt":"V\u00e1lido","vap":"76","pvap":"   0,41"},{"seq":"118","sqcand":"10000644932","n":"50559","nm":"MARIA OLINDA","cc":"PSOL","nv":" ","e":"n","st":"","dvt":"V\u00e1lido","vap":"8","pvap":"   0,04"},{"seq":"113","sqcand":"10000644922","n":"50123","nm":"JORCIMAR AGUIAR","cc":"PSOL","nv":" ","e":"n","st":"","dvt":"V\u00e1lido","vap":"11","pvap":"   0,06"},{"seq":"89","sqcand":"10001082409","n":"12121","nm":"LIBERDADE MARINHO","cc":"PDT","nv":" ","e":"n","st":"","dvt":"V\u00e1lido","vap":"37","pvap":"   0,20"},{"seq":"14","sqcand":"10000950488","n":"11111","nm":"VANILSON MEZER","cc":"PP","nv":" ","e":"n","st":"","dvt":"V\u00e1lido","vap":"353","pvap":"   1,88"},{"seq":"90","sqcand":"10000740675","n":"15115","nm":"MARIQUINHA","cc":"MDB","nv":" ","e":"n","st":"","dvt":"V\u00e1lido","vap":"34","pvap":"   0,18"},{"seq":"128","sqcand":"10001130135","n":"25789","nm":"BEZERRA","cc":"DEM","nv":" ","e":"n","st":"","dvt":"V\u00e1lido","vap":"0","pvap":"00.00"},{"seq":"7","sqcand":"10001240183","n":"65111","nm":"MANOEL MONTEIRO","cc":"PC do B","nv":" ","e":"n","st":"","dvt":"V\u00e1lido","vap":"478","pvap":"   2,55"},{"seq":"109","sqcand":"10000740685","n":"15888","nm":"TAMPINHA","cc":"MDB","nv":" ","e":"n","st":"","dvt":"V\u00e1lido","vap":"15","pvap":"   0,08"},{"seq":"83","sqcand":"10000950489","n":"11222","nm":"THAIS FREIRE","cc":"PP","nv":" ","e":"n","st":"","dvt":"V\u00e1lido","vap":"43","pvap":"   0,23"},{"seq":"13","sqcand":"10001082419","n":"12123","nm":"CACIQUE NASSO KAXINAW\u00c1","cc":"PDT","nv":" ","e":"n","st":"","dvt":"V\u00e1lido","vap":"360","pvap":"   1,92"},{"seq":"5","sqcand":"10001240179","n":"65123","nm":"SIDENIR DO SINDICATO","cc":"PC do B","nv":" ","e":"n","st":"","dvt":"V\u00e1lido","vap":"508","pvap":"   2,71"},{"seq":"1","sqcand":"10001238101","n":"45333","nm":"Z\u00c9 PREGO","cc":"PSDB","nv":" ","e":"n","st":"","dvt":"V\u00e1lido","vap":"864","pvap":"   4,61"},{"seq":"100","sqcand":"10001240178","n":"65888","nm":"DANNY PERES","cc":"PC do B","nv":" ","e":"n","st":"","dvt":"V\u00e1lido","vap":"21","pvap":"   0,11"},{"seq":"4","sqcand":"10001082406","n":"12222","nm":"CHICO BATISTA","cc":"PDT","nv":" ","e":"n","st":"","dvt":"V\u00e1lido","vap":"615","pvap":"   3,28"},{"seq":"102","sqcand":"10000950495","n":"11444","nm":"S\u00d5NIA FARIAS","cc":"PP","nv":" ","e":"n","st":"","dvt":"V\u00e1lido","vap":"20","pvap":"   0,11"},{"seq":"86","sqcand":"10001240186","n":"65144","nm":"D\u00c9CIO DO SACADO","cc":"PC do B","nv":" ","e":"n","st":"","dvt":"V\u00e1lido","vap":"37","pvap":"   0,20"},{"seq":"121","sqcand":"10001251891","n":"13222","nm":"PAULO DO AR","cc":"PT","nv":" ","e":"n","st":"","dvt":"V\u00e1lido","vap":"7","pvap":"   0,04"},{"seq":"85","sqcand":"10000950487","n":"11456","nm":"UARLEI DA SA\u00daDE","cc":"PP","nv":" ","e":"n","st":"","dvt":"V\u00e1lido","vap":"41","pvap":"   0,22"},{"seq":"96","sqcand":"10001240191","n":"65112","nm":"RONALDA","cc":"PC do B","nv":" ","e":"n","st":"","dvt":"V\u00e1lido","vap":"26","pvap":"   0,14"},{"seq":"125","sqcand":"10001082417","n":"12789","nm":"ELIS","cc":"PDT","nv":" ","e":"n","st":"","dvt":"V\u00e1lido","vap":"4","pvap":"   0,02"},{"seq":"110","sqcand":"10001238110","n":"45888","nm":"MARTA VIEIRA","cc":"PSDB","nv":" ","e":"n","st":"","dvt":"V\u00e1lido","vap":"15","pvap":"   0,08"},{"seq":"94","sqcand":"10000824675","n":"55777","nm":"VERONICA ARAUJO","cc":"PSD","nv":" ","e":"n","st":"","dvt":"V\u00e1lido","vap":"33","pvap":"   0,18"},{"seq":"29","sqcand":"10000824682","n":"55999","nm":"NILSON COLIBRI","cc":"PSD","nv":" ","e":"n","st":"","dvt":"V\u00e1lido","vap":"222","pvap":"   1,18"},{"seq":"10","sqcand":"10001238100","n":"45666","nm":"ISAAC MOURA","cc":"PSDB","nv":" ","e":"n","st":"","dvt":"V\u00e1lido","vap":"382","pvap":"   2,04"},{"seq":"16","sqcand":"10001130134","n":"25111","nm":"FRANCINILDO TATU","cc":"DEM","nv":" ","e":"n","st":"","dvt":"V\u00e1lido","vap":"334","pvap":"   1,78"},{"seq":"93","sqcand":"10001130132","n":"25456","nm":"MAR","cc":"DEM","nv":" ","e":"n","st":"","dvt":"V\u00e1lido","vap":"33","pvap":"   0,18"},{"seq":"42","sqcand":"10000824679","n":"55444","nm":"ALDISON DO CARMO","cc":"PSD","nv":" ","e":"n","st":"","dvt":"V\u00e1lido","vap":"126","pvap":"   0,67"},{"seq":"120","sqcand":"10000740682","n":"15234","nm":"LEUDA FARIAS","cc":"MDB","nv":" ","e":"n","st":"","dvt":"V\u00e1lido","vap":"7","pvap":"   0,04"},{"seq":"69","sqcand":"10000740671","n":"15000","nm":"AUGUSTO DO CHORA VIOLA","cc":"MDB","nv":" ","e":"n","st":"","dvt":"V\u00e1lido","vap":"60","pvap":"   0,32"},{"seq":"38","sqcand":"10001238106","n":"45111","nm":"VANESSA CABRAL","cc":"PSDB","nv":" ","e":"n","st":"","dvt":"V\u00e1lido","vap":"152","pvap":"   0,81"},{"seq":"84","sqcand":"10000824685","n":"55555","nm":"JYENS JARDIM","cc":"PSD","nv":" ","e":"n","st":"","dvt":"V\u00e1lido","vap":"43","pvap":"   0,23"},{"seq":"111","sqcand":"10001238102","n":"45318","nm":"VALDIR ROCHA","cc":"PSDB","nv":" ","e":"n","st":"","dvt":"V\u00e1lido","vap":"14","pvap":"   0,07"},{"seq":"31","sqcand":"10001130123","n":"25333","nm":"AMANDA HUNI KU\u00cd","cc":"DEM","nv":" ","e":"n","st":"","dvt":"V\u00e1lido","vap":"193","pvap":"   1,03"},{"seq":"17","sqcand":"10000824680","n":"55234","nm":"LEANDRO FEITOSA","cc":"PSD","nv":" ","e":"n","st":"","dvt":"V\u00e1lido","vap":"332","pvap":"   1,77"},{"seq":"57","sqcand":"10001251887","n":"13234","nm":"CHAGAS DO POVO","cc":"PT","nv":" ","e":"n","st":"","dvt":"V\u00e1lido","vap":"82","pvap":"   0,44"},{"seq":"65","sqcand":"10001238107","n":"45122","nm":"DOLAR","cc":"PSDB","nv":" ","e":"n","st":"","dvt":"V\u00e1lido","vap":"66","pvap":"   0,35"},{"seq":"6","sqcand":"10001130130","n":"25000","nm":"GLEICIANE","cc":"DEM","nv":" ","e":"n","st":"","dvt":"V\u00e1lido","vap":"488","pvap":"   2,60"},{"seq":"24","sqcand":"10001240187","n":"65555","nm":"T\u00d3T\u00d3","cc":"PC do B","nv":" ","e":"n","st":"","dvt":"V\u00e1lido","vap":"261","pvap":"   1,39"},{"seq":"55","sqcand":"10001130133","n":"25555","nm":"PROFESSOR MARCOS LEITE","cc":"DEM","nv":" ","e":"n","st":"","dvt":"V\u00e1lido","vap":"87","pvap":"   0,46"},{"seq":"68","sqcand":"10001082414","n":"12456","nm":"MARIA BARRETO","cc":"PDT","nv":" ","e":"n","st":"","dvt":"V\u00e1lido","vap":"60","pvap":"   0,32"},{"seq":"70","sqcand":"10001082418","n":"12555","nm":"GILSON CABOCO","cc":"PDT","nv":" ","e":"n","st":"","dvt":"V\u00e1lido","vap":"57","pvap":"   0,30"},{"seq":"119","sqcand":"10001130129","n":"25444","nm":"MANOELA VASCONCELOS","cc":"DEM","nv":" ","e":"n","st":"","dvt":"V\u00e1lido","vap":"8","pvap":"   0,04"},{"seq":"15","sqcand":"10001240184","n":"65444","nm":"IRM\u00c3O CARLINHOS","cc":"PC do B","nv":" ","e":"n","st":"","dvt":"V\u00e1lido","vap":"335","pvap":"   1,79"},{"seq":"122","sqcand":"10000644926","n":"50505","nm":"APARECIDA MENDES","cc":"PSOL","nv":" ","e":"n","st":"","dvt":"V\u00e1lido","vap":"4","pvap":"   0,02"},{"seq":"117","sqcand":"10001251890","n":"13145","nm":"PRISCILA","cc":"PT","nv":" ","e":"n","st":"","dvt":"V\u00e1lido","vap":"9","pvap":"   0,05"},{"seq":"9","sqcand":"10001082415","n":"12333","nm":"VEINHA DO VALMAR","cc":"PDT","nv":" ","e":"n","st":"","dvt":"V\u00e1lido","vap":"385","pvap":"   2,05"},{"seq":"74","sqcand":"10000644918","n":"50777","nm":"JO\u00c3O PEREIRA","cc":"PSOL","nv":" ","e":"n","st":"","dvt":"V\u00e1lido","vap":"55","pvap":"   0,29"},{"seq":"35","sqcand":"10001238105","n":"45123","nm":"CARLOS DA SA\u00daDE","cc":"PSDB","nv":" ","e":"n","st":"","dvt":"V\u00e1lido","vap":"163","pvap":"   0,87"},{"seq":"28","sqcand":"10001130126","n":"25800","nm":"ANT\u00d4NIO CARLOS","cc":"DEM","nv":" ","e":"n","st":"","dvt":"V\u00e1lido","vap":"236","pvap":"   1,26"},{"seq":"66","sqcand":"10000740676","n":"15666","nm":"SIRI","cc":"MDB","nv":" ","e":"n","st":"","dvt":"V\u00e1lido","vap":"65","pvap":"   0,35"},{"seq":"50","sqcand":"10000740679","n":"15222","nm":"CILDY AZEVEDO","cc":"MDB","nv":" ","e":"n","st":"","dvt":"V\u00e1lido","vap":"111","pvap":"   0,59"},{"seq":"34","sqcand":"10000950494","n":"11777","nm":"ROQUE YAUANAW\u00c1","cc":"PP","nv":" ","e":"n","st":"","dvt":"V\u00e1lido","vap":"170","pvap":"   0,91"},{"seq":"23","sqcand":"10001082407","n":"12000","nm":"DEGILSON","cc":"PDT","nv":" ","e":"n","st":"","dvt":"V\u00e1lido","vap":"269","pvap":"   1,43"},{"seq":"62","sqcand":"10001238111","n":"45555","nm":"ALTEVIR","cc":"PSDB","nv":" ","e":"n","st":"","dvt":"V\u00e1lido","vap":"72","pvap":"   0,38"},{"seq":"77","sqcand":"10001130128","n":"25666","nm":"AMILCA DO CREDIARIO","cc":"DEM","nv":" ","e":"n","st":"","dvt":"V\u00e1lido","vap":"48","pvap":"   0,26"},{"seq":"98","sqcand":"10000740686","n":"15999","nm":"QUINCA","cc":"MDB","nv":" ","e":"n","st":"","dvt":"V\u00e1lido","vap":"23","pvap":"   0,12"},{"seq":"116","sqcand":"10000740673","n":"15365","nm":"ACS ADALBERTO","cc":"MDB","nv":" ","e":"n","st":"","dvt":"V\u00e1lido","vap":"9","pvap":"   0,05"},{"seq":"67","sqcand":"10000824674","n":"55222","nm":"ELIZEU ROLA","cc":"PSD","nv":" ","e":"n","st":"","dvt":"V\u00e1lido","vap":"65","pvap":"   0,35"},{"seq":"79","sqcand":"10000644921","n":"50233","nm":"CHEGA MAIS","cc":"PSOL","nv":" ","e":"n","st":"","dvt":"V\u00e1lido","vap":"45","pvap":"   0,24"},{"seq":"91","sqcand":"10000950486","n":"11234","nm":"FRANCISCO GOMES","cc":"PP","nv":" ","e":"n","st":"","dvt":"V\u00e1lido","vap":"34","pvap":"   0,18"},{"seq":"63","sqcand":"10000950491","n":"11112","nm":"RAIMUNDO TEIXEIRA","cc":"PP","nv":" ","e":"n","st":"","dvt":"V\u00e1lido","vap":"70","pvap":"   0,37"},{"seq":"44","sqcand":"10000740681","n":"15444","nm":"KENNEDY MENEZES","cc":"MDB","nv":" ","e":"n","st":"","dvt":"V\u00e1lido","vap":"121","pvap":"   0,65"},{"seq":"103","sqcand":"10001251892","n":"13654","nm":"DAMI\u00c3O","cc":"PT","nv":" ","e":"n","st":"","dvt":"V\u00e1lido","vap":"20","pvap":"   0,11"},{"seq":"19","sqcand":"10001238098","n":"45678","nm":"CHARLES YAWANAW\u00c1","cc":"PSDB","nv":" ","e":"n","st":"","dvt":"V\u00e1lido","vap":"314","pvap":"   1,67"},{"seq":"36","sqcand":"10000644929","n":"50000","nm":"DUDA MARQUES","cc":"PSOL","nv":" ","e":"n","st":"","dvt":"V\u00e1lido","vap":"162","pvap":"   0,86"},{"seq":"58","sqcand":"10001130124","n":"25255","nm":"CHARLETY MAIA","cc":"DEM","nv":" ","e":"n","st":"","dvt":"V\u00e1lido","vap":"80","pvap":"   0,43"},{"seq":"8","sqcand":"10001238099","n":"45000","nm":"VALDOR DO \u00d3","cc":"PSDB","nv":" ","e":"n","st":"","dvt":"V\u00e1lido","vap":"402","pvap":"   2,14"},{"seq":"52","sqcand":"10001240181","n":"65333","nm":"PROFESSOR VIANA","cc":"PC do B","nv":" ","e":"n","st":"","dvt":"V\u00e1lido","vap":"102","pvap":"   0,54"},{"seq":"81","sqcand":"10000739304","n":"27777","nm":"GELVANI COBRADOR","cc":"DC","nv":" ","e":"n","st":"","dvt":"V\u00e1lido","vap":"44","pvap":"   0,23"},{"seq":"97","sqcand":"10000824684","n":"55202","nm":"SEBASTIAO DO GREGORIO","cc":"PSD","nv":" ","e":"n","st":"","dvt":"V\u00e1lido","vap":"25","pvap":"   0,13"},{"seq":"22","sqcand":"10000740683","n":"15555","nm":"DIKIM","cc":"MDB","nv":" ","e":"n","st":"","dvt":"V\u00e1lido","vap":"272","pvap":"   1,45"},{"seq":"54","sqcand":"10001251886","n":"13000","nm":"BAR\u00c3O","cc":"PT","nv":" ","e":"n","st":"","dvt":"V\u00e1lido","vap":"87","pvap":"   0,46"},{"seq":"51","sqcand":"10001130136","n":"25500","nm":"LETICIA PSIC\u00d3LOGA","cc":"DEM","nv":" ","e":"n","st":"","dvt":"V\u00e1lido","vap":"107","pvap":"   0,57"},{"seq":"43","sqcand":"10000950496","n":"11000","nm":"ORLANDO MELO","cc":"PP","nv":" ","e":"n","st":"","dvt":"V\u00e1lido","vap":"123","pvap":"   0,66"},{"seq":"101","sqcand":"10001238097","n":"45233","nm":"DAS DORES FONTINELES","cc":"PSDB","nv":" ","e":"n","st":"","dvt":"V\u00e1lido","vap":"20","pvap":"   0,11"},{"seq":"112","sqcand":"10000739307","n":"27899","nm":"LANDESON PINTOR","cc":"DC","nv":" ","e":"n","st":"","dvt":"V\u00e1lido","vap":"12","pvap":"   0,06"},{"seq":"21","sqcand":"10001240185","n":"65777","nm":"JONAS CHAVES","cc":"PC do B","nv":" ","e":"n","st":"","dvt":"V\u00e1lido","vap":"278","pvap":"   1,48"},{"seq":"82","sqcand":"10001082411","n":"12234","nm":"PROFESSORA CONCEI\u00c7\u00c3O","cc":"PDT","nv":" ","e":"n","st":"","dvt":"V\u00e1lido","vap":"43","pvap":"   0,23"},{"seq":"11","sqcand":"10000824677","n":"55111","nm":"LULU NERI","cc":"PSD","nv":" ","e":"n","st":"","dvt":"V\u00e1lido","vap":"366","pvap":"   1,95"},{"seq":"105","sqcand":"10000824678","n":"55333","nm":"ALESSANDRA SOUZA","cc":"PSD","nv":" ","e":"n","st":"","dvt":"V\u00e1lido","vap":"20","pvap":"   0,11"},{"seq":"114","sqcand":"10001240190","n":"65113","nm":"CLAUDINHA","cc":"PC do B","nv":" ","e":"n","st":"","dvt":"V\u00e1lido","vap":"11","pvap":"   0,06"},{"seq":"95","sqcand":"10000644924","n":"50110","nm":"NONATO AIRES","cc":"PSOL","nv":" ","e":"n","st":"","dvt":"V\u00e1lido","vap":"29","pvap":"   0,15"},{"seq":"32","sqcand":"10000740674","n":"15123","nm":"HERIVELTO FONTINELE","cc":"MDB","nv":" ","e":"n","st":"","dvt":"V\u00e1lido","vap":"178","pvap":"   0,95"},{"seq":"72","sqcand":"10001251888","n":"13444","nm":"ROSA DO PT","cc":"PT","nv":" ","e":"n","st":"","dvt":"V\u00e1lido","vap":"55","pvap":"   0,29"},{"seq":"45","sqcand":"10001130131","n":"25777","nm":"SIRLEIDA PRADO","cc":"DEM","nv":" ","e":"n","st":"","dvt":"V\u00e1lido","vap":"120","pvap":"   0,64"},{"seq":"26","sqcand":"10000740680","n":"15199","nm":"SANDRO DO MERCADINHO","cc":"MDB","nv":" ","e":"n","st":"","dvt":"V\u00e1lido","vap":"244","pvap":"   1,30"},{"seq":"126","sqcand":"10001251889","n":"13666","nm":"JULIO","cc":"PT","nv":" ","e":"n","st":"","dvt":"V\u00e1lido","vap":"3","pvap":"   0,02"},{"seq":"108","sqcand":"10001130127","n":"25222","nm":"DAYANE SOUZA","cc":"DEM","nv":" ","e":"n","st":"","dvt":"V\u00e1lido","vap":"18","pvap":"   0,10"},{"seq":"18","sqcand":"10001082413","n":"12999","nm":"GIL FRAN\u00c7A DO ESPORTE","cc":"PDT","nv":" ","e":"n","st":"","dvt":"V\u00e1lido","vap":"332","pvap":"   1,77"},{"seq":"71","sqcand":"10000644919","n":"50222","nm":"ALANA ANDRADE","cc":"PSOL","nv":" ","e":"n","st":"","dvt":"V\u00e1lido","vap":"56","pvap":"   0,30"},{"seq":"64","sqcand":"10000950492","n":"11292","nm":"CREUZA FARIAS","cc":"PP","nv":" ","e":"n","st":"","dvt":"V\u00e1lido","vap":"70","pvap":"   0,37"},{"seq":"106","sqcand":"10000739308","n":"27889","nm":"MISSION\u00c1RIA VALCICL\u00c9IA","cc":"DC","nv":" ","e":"n","st":"","dvt":"V\u00e1lido","vap":"19","pvap":"   0,10"},{"seq":"61","sqcand":"10001238103","n":"45222","nm":"PATRICK DIAS","cc":"PSDB","nv":" ","e":"n","st":"","dvt":"V\u00e1lido","vap":"74","pvap":"   0,39"},{"seq":"53","sqcand":"10000740678","n":"15777","nm":"C\u00c9LIA DO ESPORTE","cc":"MDB","nv":" ","e":"n","st":"","dvt":"V\u00e1lido","vap":"91","pvap":"   0,49"},{"seq":"88","sqcand":"10001251884","n":"13111","nm":"\u00c9TON","cc":"PT","nv":" ","e":"n","st":"","dvt":"V\u00e1lido","vap":"37","pvap":"   0,20"},{"seq":"87","sqcand":"10000950490","n":"11119","nm":"DORA AZEVEDO","cc":"PP","nv":" ","e":"n","st":"","dvt":"V\u00e1lido","vap":"37","pvap":"   0,20"},{"seq":"30","sqcand":"10001238108","n":"45777","nm":"EDNILTON DA PESCA","cc":"PSDB","nv":" ","e":"n","st":"","dvt":"V\u00e1lido","vap":"221","pvap":"   1,18"},{"seq":"115","sqcand":"10000950498","n":"11147","nm":"VILCINEIDE MACHADO","cc":"PP","nv":" ","e":"n","st":"","dvt":"V\u00e1lido","vap":"10","pvap":"   0,05"},{"seq":"56","sqcand":"10000644925","n":"50111","nm":"MARINHO","cc":"PSOL","nv":" ","e":"n","st":"","dvt":"V\u00e1lido","vap":"86","pvap":"   0,46"},{"seq":"99","sqcand":"10001240188","n":"65222","nm":"J\u00daNIOR ROCHA","cc":"PC do B","nv":" ","e":"n","st":"","dvt":"V\u00e1lido","vap":"22","pvap":"   0,12"},{"seq":"127","sqcand":"10000739303","n":"27222","nm":"PRETINHA","cc":"DC","nv":" ","e":"n","st":"","dvt":"V\u00e1lido","vap":"3","pvap":"   0,02"},{"seq":"124","sqcand":"10001240192","n":"65655","nm":"RAELI NOBRE","cc":"PC do B","nv":" ","e":"n","st":"","dvt":"V\u00e1lido","vap":"4","pvap":"   0,02"},{"seq":"80","sqcand":"10001240180","n":"65666","nm":"AURICELIO FURTADO","cc":"PC do B","nv":" ","e":"n","st":"","dvt":"V\u00e1lido","vap":"45","pvap":"   0,24"},{"seq":"37","sqcand":"10000740672","n":"15789","nm":"RAMBO","cc":"MDB","nv":" ","e":"n","st":"","dvt":"V\u00e1lido","vap":"159","pvap":"   0,85"},{"seq":"41","sqcand":"10001082412","n":"12777","nm":"PROF. RONILSON LOPES","cc":"PDT","nv":" ","e":"n","st":"","dvt":"V\u00e1lido","vap":"134","pvap":"   0,71"},{"seq":"39","sqcand":"10001082416","n":"12888","nm":"ANT\u00d4NIO CATINGUEIRO","cc":"PDT","nv":" ","e":"n","st":"","dvt":"V\u00e1lido","vap":"149","pvap":"   0,79"},{"seq":"40","sqcand":"10001082421","n":"12112","nm":"DOMINGO FIRME","cc":"PDT","nv":" ","e":"n","st":"","dvt":"V\u00e1lido","vap":"148","pvap":"   0,79"},{"seq":"78","sqcand":"10000891345","n":"55123","nm":"LIS TEODORO","cc":"PSD","nv":" ","e":"n","st":"","dvt":"V\u00e1lido","vap":"47","pvap":"   0,25"},{"seq":"59","sqcand":"10000644927","n":"50552","nm":"MARLIR KAXINAW\u00c1","cc":"PSOL","nv":" ","e":"n","st":"","dvt":"V\u00e1lido","vap":"78","pvap":"   0,42"},{"seq":"3","sqcand":"10001238109","n":"45999","nm":"ARIFE REGO ELEAMEN","cc":"PSDB","nv":" ","e":"n","st":"","dvt":"V\u00e1lido","vap":"810","pvap":"   4,32"},{"seq":"107","sqcand":"10000644928","n":"50223","nm":"RENILDA GUIMAR\u00c3ES","cc":"PSOL","nv":" ","e":"n","st":"","dvt":"V\u00e1lido","vap":"19","pvap":"   0,10"},{"seq":"33","sqcand":"10001082408","n":"12345","nm":"CELSO DO LANCHE","cc":"PDT","nv":" ","e":"n","st":"","dvt":"V\u00e1lido","vap":"177","pvap":"   0,94"},{"seq":"47","sqcand":"10000824683","n":"55888","nm":"HECTOR SAMPAIO","cc":"PSD","nv":" ","e":"n","st":"","dvt":"V\u00e1lido","vap":"114","pvap":"   0,61"},{"seq":"75","sqcand":"10001130125","n":"25123","nm":"EM\u00cdLIA SANCHO","cc":"DEM","nv":" ","e":"n","st":"","dvt":"V\u00e1lido","vap":"53","pvap":"   0,28"},{"seq":"123","sqcand":"10001240189","n":"65321","nm":"ROBERTA","cc":"PC do B","nv":" ","e":"n","st":"","dvt":"V\u00e1lido","vap":"4","pvap":"   0,02"},{"seq":"12","sqcand":"10001082410","n":"12444","nm":"JORGE DA SERRARIA","cc":"PDT","nv":" ","e":"n","st":"","dvt":"V\u00e1lido","vap":"366","pvap":"   1,95"},{"seq":"48","sqcand":"10001082420","n":"12111","nm":"AGEP\u00ca","cc":"PDT","nv":" ","e":"n","st":"","dvt":"V\u00e1lido","vap":"112","pvap":"   0,60"},{"seq":"20","sqcand":"10000824676","n":"55789","nm":"CAMILA FIGUEIREDO","cc":"PSD","nv":" ","e":"n","st":"","dvt":"V\u00e1lido","vap":"282","pvap":"   1,50"},{"seq":"92","sqcand":"10000950493","n":"11999","nm":"PROFESSORA MARIA JOS\u00c9","cc":"PP","nv":" ","e":"n","st":"","dvt":"V\u00e1lido","vap":"34","pvap":"   0,18"},{"seq":"76","sqcand":"10000950485","n":"11333","nm":"AT\u00c1GILA ARA\u00daJO","cc":"PP","nv":" ","e":"n","st":"","dvt":"V\u00e1lido","vap":"50","pvap":"   0,27"},{"seq":"2","sqcand":"10000824681","n":"55666","nm":"PEDRO CLAVER","cc":"PSD","nv":" ","e":"n","st":"","dvt":"V\u00e1lido","vap":"828","pvap":"   4,41"},{"seq":"25","sqcand":"10000740684","n":"15333","nm":"ENFERMEIRA CARMECILDA","cc":"MDB","nv":" ","e":"n","st":"","dvt":"V\u00e1lido","vap":"251","pvap":"   1,34"}]}
