{"ele":"426","tpabr":"mu","cdabr":"01490","carper":"13","t":"1","f":"o","dt":"15/11/2020","ht":"20:38:46","dv":"s","tf":"s","v":"9","esae":"n","mnae":"","s":"50","st":"50","pst":" 100,00","snt":"0","psnt":"   0,00","si":"50","psi":" 100,00","sni":"0","psni":"   0,00","sa":"50","psa":" 100,00","sna":"0","psna":"   0,00","e":"11399","ea":"11399","pea":" 100,00","ena":"0","pena":"   0,00","esi":"11399","pesi":" 100,00","esni":"0","pesni":"   0,00","c":"9228","pc":"  80,95","a":"2171","pa":"  19,05","vscv":"0","vnom":"8140","vl":"625","pvnom":"  92,87","pvl":"   7,13","vvc":"8765","pvvc":"  94,98","vb":"71","pvb":"   0,77","tvn":"392","ptvn":"   4,25","vn":"389","pvn":"  99,23","vnt":"3","pvnt":"   0,77","vp":"0","pvp":"   0,00","vv":"8765","pvv":" 100,00","van":"0","pvan":"   0,00","vansj":"0","pvansj":"   0,00","tv":"9228","cand":[{"seq":"48","sqcand":"10001219505","n":"40777","nm":"THIAGO FABRICIO","cc":"PSB","nv":" ","e":"n","st":"Suplente","dvt":"V\u00e1lido","vap":"46","pvap":"   0,52"},{"seq":"65","sqcand":"10001266362","n":"25125","nm":"CLAVES ANT\u00d4NIA","cc":"DEM","nv":" ","e":"n","st":"N\u00e3o eleito","dvt":"Anulado","vap":"0","pvap":"00.00"},{"seq":"26","sqcand":"10001241354","n":"15190","nm":"MARCOS PM","cc":"MDB","nv":" ","e":"n","st":"Suplente","dvt":"V\u00e1lido","vap":"132","pvap":"   1,51"},{"seq":"61","sqcand":"10001252203","n":"50444","nm":"CLAUDYNEI DO A\u00c7OUGUE","cc":"PSOL","nv":" ","e":"n","st":"N\u00e3o eleito","dvt":"V\u00e1lido","vap":"14","pvap":"   0,16"},{"seq":"40","sqcand":"10001241351","n":"15112","nm":"THIAGO LUIZ","cc":"MDB","nv":" ","e":"n","st":"Suplente","dvt":"V\u00e1lido","vap":"70","pvap":"   0,80"},{"seq":"16","sqcand":"10001241353","n":"15222","nm":"PARAN\u00c1","cc":"MDB","nv":" ","e":"n","st":"Suplente","dvt":"V\u00e1lido","vap":"204","pvap":"   2,33"},{"seq":"30","sqcand":"10001150222","n":"55678","nm":"CARLITO DA LUZ","cc":"PSD","nv":" ","e":"n","st":"Suplente","dvt":"V\u00e1lido","vap":"117","pvap":"   1,33"},{"seq":"37","sqcand":"10001219508","n":"40222","nm":"KADU MATHIAS","cc":"PSB","nv":" ","e":"n","st":"Suplente","dvt":"V\u00e1lido","vap":"90","pvap":"   1,03"},{"seq":"21","sqcand":"10001197279","n":"13113","nm":"ALDECIR SKILLAT","cc":"PT","nv":" ","e":"n","st":"Suplente","dvt":"V\u00e1lido","vap":"176","pvap":"   2,01"},{"seq":"17","sqcand":"10001219506","n":"40213","nm":"DUDA MENDES","cc":"PSB","nv":" ","e":"n","st":"Suplente","dvt":"V\u00e1lido","vap":"203","pvap":"   2,32"},{"seq":"63","sqcand":"10000998357","n":"50225","nm":"FIA DO MERCADO","cc":"PSOL","nv":" ","e":"n","st":"N\u00e3o eleito","dvt":"V\u00e1lido","vap":"10","pvap":"   0,11"},{"seq":"12","sqcand":"10001150223","n":"55123","nm":"IRAN VASCONCELOS","cc":"PSD","nv":" ","e":"n","st":"Suplente","dvt":"V\u00e1lido","vap":"240","pvap":"   2,74"},{"seq":"22","sqcand":"10001241341","n":"15234","nm":"VANDERLEY VIANA","cc":"MDB","nv":" ","e":"n","st":"Suplente","dvt":"V\u00e1lido","vap":"172","pvap":"   1,96"},{"seq":"24","sqcand":"10001197275","n":"13555","nm":"ORISMAR","cc":"PT","nv":" ","e":"n","st":"Suplente","dvt":"V\u00e1lido","vap":"141","pvap":"   1,61"},{"seq":"52","sqcand":"10001241350","n":"15777","nm":"JORGE QUEIROZ","cc":"MDB","nv":" ","e":"n","st":"Suplente","dvt":"V\u00e1lido","vap":"25","pvap":"   0,29"},{"seq":"42","sqcand":"10001150229","n":"55057","nm":"CHICO DO VALTO","cc":"PSD","nv":" ","e":"n","st":"Suplente","dvt":"V\u00e1lido","vap":"63","pvap":"   0,72"},{"seq":"49","sqcand":"10001241346","n":"15600","nm":"SEBASTIANA TAVARES","cc":"MDB","nv":" ","e":"n","st":"Suplente","dvt":"V\u00e1lido","vap":"43","pvap":"   0,49"},{"seq":"27","sqcand":"10001197281","n":"13121","nm":"BOKA AQUINO","cc":"PT","nv":" ","e":"n","st":"Suplente","dvt":"V\u00e1lido","vap":"132","pvap":"   1,51"},{"seq":"60","sqcand":"10001241349","n":"15456","nm":"JORLEIVA","cc":"MDB","nv":" ","e":"n","st":"Suplente","dvt":"V\u00e1lido","vap":"0","pvap":"00.00"},{"seq":"28","sqcand":"10001219507","n":"40234","nm":"CALIANE SOARES","cc":"PSB","nv":" ","e":"n","st":"Suplente","dvt":"V\u00e1lido","vap":"132","pvap":"   1,51"},{"seq":"43","sqcand":"10001241348","n":"15120","nm":"TOTA DUARTE","cc":"MDB","nv":" ","e":"n","st":"Suplente","dvt":"V\u00e1lido","vap":"61","pvap":"   0,70"},{"seq":"31","sqcand":"10001241344","n":"15333","nm":"MANOEL SILVA","cc":"MDB","nv":" ","e":"n","st":"Suplente","dvt":"V\u00e1lido","vap":"114","pvap":"   1,30"},{"seq":"51","sqcand":"10001197278","n":"13222","nm":"SIRLEN","cc":"PT","nv":" ","e":"n","st":"Suplente","dvt":"V\u00e1lido","vap":"27","pvap":"   0,31"},{"seq":"50","sqcand":"10001241342","n":"15111","nm":"JORAI SALIM","cc":"MDB","nv":" ","e":"n","st":"Suplente","dvt":"V\u00e1lido","vap":"40","pvap":"   0,46"},{"seq":"34","sqcand":"10001219509","n":"40456","nm":"VALCIR FREITAS","cc":"PSB","nv":" ","e":"n","st":"Suplente","dvt":"V\u00e1lido","vap":"97","pvap":"   1,11"},{"seq":"64","sqcand":"10001252202","n":"50228","nm":"ELIZANGELA ","cc":"PSOL","nv":" ","e":"n","st":"N\u00e3o eleito","dvt":"V\u00e1lido","vap":"4","pvap":"   0,05"},{"seq":"19","sqcand":"10001197273","n":"13810","nm":"TUCANO","cc":"PT","nv":" ","e":"n","st":"Suplente","dvt":"V\u00e1lido","vap":"198","pvap":"   2,26"},{"seq":"62","sqcand":"10000998356","n":"50222","nm":"PEDRO TELES","cc":"PSOL","nv":" ","e":"n","st":"N\u00e3o eleito","dvt":"V\u00e1lido","vap":"13","pvap":"   0,15"},{"seq":"23","sqcand":"10001126614","n":"25123","nm":"JOSENI OLIVEIRA","cc":"DEM","nv":" ","e":"n","st":"Suplente","dvt":"V\u00e1lido","vap":"146","pvap":"   1,67"},{"seq":"36","sqcand":"10001197280","n":"13513","nm":"IRAIDE","cc":"PT","nv":" ","e":"n","st":"Suplente","dvt":"V\u00e1lido","vap":"90","pvap":"   1,03"},{"seq":"6","sqcand":"10001150224","n":"55456","nm":"MENUDO","cc":"PSD","nv":" ","e":"s","st":"Eleito","dvt":"V\u00e1lido","vap":"258","pvap":"   2,94"},{"seq":"10","sqcand":"10001126618","n":"25456","nm":"MANELZINHO DO PEDRO VIERA","cc":"DEM","nv":" ","e":"n","st":"Suplente","dvt":"V\u00e1lido","vap":"298","pvap":"   3,40"},{"seq":"35","sqcand":"10001197283","n":"13135","nm":"MADONA","cc":"PT","nv":" ","e":"n","st":"Suplente","dvt":"V\u00e1lido","vap":"94","pvap":"   1,07"},{"seq":"57","sqcand":"10001150228","n":"55222","nm":"SEBASTI\u00c3O GANSO","cc":"PSD","nv":" ","e":"n","st":"Suplente","dvt":"V\u00e1lido","vap":"8","pvap":"   0,09"},{"seq":"54","sqcand":"10001150227","n":"55333","nm":"DELZUITE BARROSO","cc":"PSD","nv":" ","e":"n","st":"Suplente","dvt":"V\u00e1lido","vap":"19","pvap":"   0,22"},{"seq":"38","sqcand":"10001126619","n":"25333","nm":"JORGE DA MARCENARIA","cc":"DEM","nv":" ","e":"n","st":"Suplente","dvt":"V\u00e1lido","vap":"83","pvap":"   0,95"},{"seq":"58","sqcand":"10001241345","n":"15345","nm":"B\u00c1RBARA","cc":"MDB","nv":" ","e":"n","st":"Suplente","dvt":"V\u00e1lido","vap":"4","pvap":"   0,05"},{"seq":"3","sqcand":"10001126623","n":"25222","nm":"ALCEMIR TEODOZIO","cc":"DEM","nv":" ","e":"s","st":"Eleito","dvt":"V\u00e1lido","vap":"322","pvap":"   3,67"},{"seq":"47","sqcand":"10001150226","n":"55444","nm":"ANINHA BORGES","cc":"PSD","nv":" ","e":"n","st":"Suplente","dvt":"V\u00e1lido","vap":"47","pvap":"   0,54"},{"seq":"14","sqcand":"10001150225","n":"55555","nm":"FERNANDO DA MALOCA","cc":"PSD","nv":" ","e":"n","st":"Suplente","dvt":"V\u00e1lido","vap":"236","pvap":"   2,69"},{"seq":"20","sqcand":"10001219503","n":"40123","nm":"ALESSANDRA BARROSO","cc":"PSB","nv":" ","e":"n","st":"Suplente","dvt":"V\u00e1lido","vap":"194","pvap":"   2,21"},{"seq":"44","sqcand":"10001219499","n":"40555","nm":"RENATO SODR\u00c9","cc":"PSB","nv":" ","e":"n","st":"Suplente","dvt":"V\u00e1lido","vap":"57","pvap":"   0,65"},{"seq":"2","sqcand":"10001126621","n":"25000","nm":"KAICO ROQUE","cc":"DEM","nv":" ","e":"s","st":"Eleito","dvt":"V\u00e1lido","vap":"332","pvap":"   3,79"},{"seq":"29","sqcand":"10001126624","n":"25777","nm":"PROF.  VALCICLEIA","cc":"DEM","nv":" ","e":"n","st":"Suplente","dvt":"V\u00e1lido","vap":"128","pvap":"   1,46"},{"seq":"55","sqcand":"10001241347","n":"15555","nm":"BIZITA","cc":"MDB","nv":" ","e":"n","st":"Suplente","dvt":"V\u00e1lido","vap":"18","pvap":"   0,21"},{"seq":"5","sqcand":"10001197276","n":"13333","nm":"ALARICE BOTELHO","cc":"PT","nv":" ","e":"s","st":"Eleito","dvt":"V\u00e1lido","vap":"282","pvap":"   3,22"},{"seq":"1","sqcand":"10001126616","n":"25555","nm":"PROFESSOR CLEMILTON","cc":"DEM","nv":" ","e":"s","st":"Eleito","dvt":"V\u00e1lido","vap":"409","pvap":"   4,67"},{"seq":"46","sqcand":"10001150232","n":"55777","nm":"ROSILDA ONORATO","cc":"PSD","nv":" ","e":"n","st":"Suplente","dvt":"V\u00e1lido","vap":"55","pvap":"   0,63"},{"seq":"59","sqcand":"10001126620","n":"25999","nm":"FRANCIANE SANTANA","cc":"DEM","nv":" ","e":"n","st":"Suplente","dvt":"V\u00e1lido","vap":"4","pvap":"   0,05"},{"seq":"9","sqcand":"10001219498","n":"40111","nm":"DIM LOPES","cc":"PSB","nv":" ","e":"s","st":"Eleito","dvt":"V\u00e1lido","vap":"206","pvap":"   2,35"},{"seq":"25","sqcand":"10001219501","n":"40333","nm":"BRUNA BISPO","cc":"PSB","nv":" ","e":"n","st":"Suplente","dvt":"V\u00e1lido","vap":"141","pvap":"   1,61"},{"seq":"11","sqcand":"10001150231","n":"55000","nm":"MARIA LUCENI","cc":"PSD","nv":" ","e":"n","st":"Suplente","dvt":"V\u00e1lido","vap":"243","pvap":"   2,77"},{"seq":"32","sqcand":"10001219504","n":"40011","nm":"NEGA DO NEI","cc":"PSB","nv":" ","e":"n","st":"Suplente","dvt":"V\u00e1lido","vap":"111","pvap":"   1,27"},{"seq":"53","sqcand":"10001150234","n":"55234","nm":"JOS\u00c9 BISTECA","cc":"PSD","nv":" ","e":"n","st":"Suplente","dvt":"V\u00e1lido","vap":"25","pvap":"   0,29"},{"seq":"45","sqcand":"10001241352","n":"15123","nm":"VANDA DA VIVI","cc":"MDB","nv":" ","e":"n","st":"Suplente","dvt":"V\u00e1lido","vap":"56","pvap":"   0,64"},{"seq":"39","sqcand":"10001126617","n":"25190","nm":"SARGENTO VER\u00c7OSA","cc":"DEM","nv":" ","e":"n","st":"Suplente","dvt":"V\u00e1lido","vap":"79","pvap":"   0,90"},{"seq":"7","sqcand":"10001219500","n":"40000","nm":"ERIBERTO MOTA","cc":"PSB","nv":" ","e":"s","st":"Eleito","dvt":"V\u00e1lido","vap":"257","pvap":"   2,93"},{"seq":"8","sqcand":"10001197282","n":"13601","nm":"MIRANDA","cc":"PT","nv":" ","e":"s","st":"Eleito","dvt":"V\u00e1lido","vap":"246","pvap":"   2,81"},{"seq":"33","sqcand":"10001126615","n":"25234","nm":"RAIMUNDINHA","cc":"DEM","nv":" ","e":"n","st":"Suplente","dvt":"V\u00e1lido","vap":"110","pvap":"   1,25"},{"seq":"13","sqcand":"10001126613","n":"25025","nm":"GUINALDO ALVES","cc":"DEM","nv":" ","e":"n","st":"Suplente","dvt":"V\u00e1lido","vap":"239","pvap":"   2,73"},{"seq":"4","sqcand":"10001241343","n":"15000","nm":"RONALDO FERRAZ","cc":"MDB","nv":" ","e":"s","st":"Eleito","dvt":"V\u00e1lido","vap":"282","pvap":"   3,22"},{"seq":"15","sqcand":"10001197277","n":"13613","nm":"EQUI","cc":"PT","nv":" ","e":"n","st":"Suplente","dvt":"V\u00e1lido","vap":"213","pvap":"   2,43"},{"seq":"56","sqcand":"10001150230","n":"55111","nm":"KASSIANE ALBUQUERQUE","cc":"PSD","nv":" ","e":"n","st":"Suplente","dvt":"V\u00e1lido","vap":"14","pvap":"   0,16"},{"seq":"18","sqcand":"10001197274","n":"13123","nm":"CEC\u00cdLIO","cc":"PT","nv":" ","e":"n","st":"Suplente","dvt":"V\u00e1lido","vap":"201","pvap":"   2,29"},{"seq":"41","sqcand":"10001126622","n":"25789","nm":"JERRI ADRIANE","cc":"DEM","nv":" ","e":"n","st":"Suplente","dvt":"V\u00e1lido","vap":"69","pvap":"   0,79"}]}
