{"ele":"426","tpabr":"mu","cdabr":"02054","carper":"13","t":"1","f":"o","dt":"15/11/2020","ht":"21:43:03","dv":"s","tf":"s","v":"11","esae":"n","mnae":"","s":"25","st":"25","pst":" 100,00","snt":"0","psnt":"   0,00","si":"25","psi":" 100,00","sni":"0","psni":"   0,00","sa":"25","psa":" 100,00","sna":"0","psna":"   0,00","e":"8602","ea":"8602","pea":" 100,00","ena":"0","pena":"   0,00","esi":"8602","pesi":" 100,00","esni":"0","pesni":"   0,00","c":"6914","pc":"  80,38","a":"1688","pa":"  19,62","vscv":"0","vnom":"6362","vl":"356","pvnom":"  94,70","pvl":"   5,30","vvc":"6718","pvvc":"  97,17","vb":"15","pvb":"   0,21","tvn":"181","ptvn":"   2,62","vn":"181","pvn":" 100,00","vnt":"0","pvnt":"   0,00","vp":"0","pvp":"   0,00","vv":"6718","pvv":" 100,00","van":"0","pvan":"   0,00","vansj":"0","pvansj":"   0,00","tv":"6914","cand":[{"seq":"34","sqcand":"40001019058","n":"10789","nm":"TAYWANA PEDRINA","cc":"REPUBLICANOS","nv":" ","e":"n","st":"Suplente","dvt":"V\u00e1lido","vap":"66","pvap":"   0,98"},{"seq":"55","sqcand":"40001225575","n":"20123","nm":"ALBETINA OLIVEIRA","cc":"PSC","nv":" ","e":"n","st":"Suplente","dvt":"V\u00e1lido","vap":"15","pvap":"   0,22"},{"seq":"19","sqcand":"40001225570","n":"20456","nm":"EDIMILSON MAYORUNA","cc":"PSC","nv":" ","e":"n","st":"Suplente","dvt":"V\u00e1lido","vap":"122","pvap":"   1,82"},{"seq":"57","sqcand":"40001225569","n":"20258","nm":"DOMINIQUE PAIVA","cc":"PSC","nv":" ","e":"n","st":"Suplente","dvt":"V\u00e1lido","vap":"11","pvap":"   0,16"},{"seq":"31","sqcand":"40001225564","n":"20777","nm":"HELDER","cc":"PSC","nv":" ","e":"n","st":"Suplente","dvt":"V\u00e1lido","vap":"74","pvap":"   1,10"},{"seq":"15","sqcand":"40001019062","n":"12111","nm":"GERSON","cc":"PDT","nv":" ","e":"n","st":"Suplente","dvt":"V\u00e1lido","vap":"138","pvap":"   2,05"},{"seq":"54","sqcand":"40001225565","n":"20321","nm":"ODECYR FARIAS","cc":"PSC","nv":" ","e":"n","st":"Suplente","dvt":"V\u00e1lido","vap":"16","pvap":"   0,24"},{"seq":"32","sqcand":"40001019054","n":"10234","nm":"BUSHE MATIS","cc":"REPUBLICANOS","nv":" ","e":"n","st":"Suplente","dvt":"V\u00e1lido","vap":"73","pvap":"   1,09"},{"seq":"4","sqcand":"40001019070","n":"12222","nm":"RENATINHO","cc":"PDT","nv":" ","e":"s","st":"Eleito","dvt":"V\u00e1lido","vap":"211","pvap":"   3,14"},{"seq":"61","sqcand":"40000891127","n":"55456","nm":"NADILENE","cc":"PSD","nv":" ","e":"n","st":"Suplente","dvt":"V\u00e1lido","vap":"7","pvap":"   0,10"},{"seq":"80","sqcand":"40001222488","n":"15555","nm":"MAGAREM","cc":"MDB","nv":" ","e":"n","st":"N\u00e3o eleito","dvt":"V\u00e1lido","vap":"30","pvap":"   0,45"},{"seq":"6","sqcand":"40000891125","n":"55444","nm":"DENA","cc":"PSD","nv":" ","e":"s","st":"Eleito","dvt":"V\u00e1lido","vap":"202","pvap":"   3,01"},{"seq":"82","sqcand":"40001018957","n":"45100","nm":"VITERCLEY","cc":"PSDB","nv":" ","e":"n","st":"N\u00e3o eleito","dvt":"V\u00e1lido","vap":"19","pvap":"   0,28"},{"seq":"24","sqcand":"40001019055","n":"10000","nm":"EUDIMAR ROQUE","cc":"REPUBLICANOS","nv":" ","e":"n","st":"Suplente","dvt":"V\u00e1lido","vap":"87","pvap":"   1,30"},{"seq":"1","sqcand":"40001019068","n":"12555","nm":"MARQUINHOS FILHO","cc":"PDT","nv":" ","e":"s","st":"Eleito","dvt":"V\u00e1lido","vap":"372","pvap":"   5,54"},{"seq":"63","sqcand":"40000891138","n":"55190","nm":"BB","cc":"PSD","nv":" ","e":"n","st":"Suplente","dvt":"V\u00e1lido","vap":"6","pvap":"   0,09"},{"seq":"67","sqcand":"40000891124","n":"55111","nm":"MIRNA","cc":"PSD","nv":" ","e":"n","st":"Suplente","dvt":"V\u00e1lido","vap":"4","pvap":"   0,06"},{"seq":"81","sqcand":"40001018960","n":"45777","nm":"PROF LUCINEIDE","cc":"PSDB","nv":" ","e":"n","st":"N\u00e3o eleito","dvt":"V\u00e1lido","vap":"23","pvap":"   0,34"},{"seq":"46","sqcand":"40001019073","n":"12000","nm":"KEL","cc":"PDT","nv":" ","e":"n","st":"Suplente","dvt":"V\u00e1lido","vap":"37","pvap":"   0,55"},{"seq":"69","sqcand":"40001272752","n":"12580","nm":"NICOLAZIA","cc":"PDT","nv":" ","e":"n","st":"Suplente","dvt":"V\u00e1lido","vap":"1","pvap":"   0,01"},{"seq":"16","sqcand":"40001019051","n":"10666","nm":"MIGUEL","cc":"REPUBLICANOS","nv":" ","e":"n","st":"Suplente","dvt":"V\u00e1lido","vap":"135","pvap":"   2,01"},{"seq":"38","sqcand":"40001019048","n":"10999","nm":"AMISTERDAN","cc":"REPUBLICANOS","nv":" ","e":"n","st":"Suplente","dvt":"V\u00e1lido","vap":"55","pvap":"   0,82"},{"seq":"22","sqcand":"40001019045","n":"10100","nm":"OSVAN LUZEIRO","cc":"REPUBLICANOS","nv":" ","e":"n","st":"Suplente","dvt":"V\u00e1lido","vap":"101","pvap":"   1,50"},{"seq":"70","sqcand":"40001265986","n":"12123","nm":"ADA","cc":"PDT","nv":" ","e":"n","st":"Suplente","dvt":"V\u00e1lido","vap":"0","pvap":"00.00"},{"seq":"41","sqcand":"40001019074","n":"14555","nm":"ELIUDO","cc":"PTB","nv":" ","e":"n","st":"Suplente","dvt":"V\u00e1lido","vap":"46","pvap":"   0,68"},{"seq":"33","sqcand":"40000891137","n":"55001","nm":"ISRAEL MARUBO","cc":"PSD","nv":" ","e":"n","st":"Suplente","dvt":"V\u00e1lido","vap":"68","pvap":"   1,01"},{"seq":"29","sqcand":"40001019053","n":"10333","nm":"MILTON PINHEIRO","cc":"REPUBLICANOS","nv":" ","e":"n","st":"Suplente","dvt":"V\u00e1lido","vap":"76","pvap":"   1,13"},{"seq":"65","sqcand":"40001019081","n":"14567","nm":"MARA BRASIL","cc":"PTB","nv":" ","e":"n","st":"Suplente","dvt":"V\u00e1lido","vap":"5","pvap":"   0,07"},{"seq":"64","sqcand":"40000891126","n":"55223","nm":"MARIA ALBA MORENA","cc":"PSD","nv":" ","e":"n","st":"Suplente","dvt":"V\u00e1lido","vap":"5","pvap":"   0,07"},{"seq":"27","sqcand":"40001019076","n":"14224","nm":"ALCINEY MARUBO","cc":"PTB","nv":" ","e":"n","st":"Suplente","dvt":"V\u00e1lido","vap":"78","pvap":"   1,16"},{"seq":"49","sqcand":"40000891131","n":"55003","nm":"LEVIR PERES","cc":"PSD","nv":" ","e":"n","st":"Suplente","dvt":"V\u00e1lido","vap":"21","pvap":"   0,31"},{"seq":"68","sqcand":"40001272628","n":"20999","nm":"IRAN\u00c9LIA BARROS","cc":"PSC","nv":" ","e":"n","st":"Suplente","dvt":"V\u00e1lido","vap":"3","pvap":"   0,04"},{"seq":"5","sqcand":"40001019049","n":"10111","nm":"L\u00c9CO","cc":"REPUBLICANOS","nv":" ","e":"s","st":"Eleito","dvt":"V\u00e1lido","vap":"203","pvap":"   3,02"},{"seq":"76","sqcand":"40001018955","n":"45678","nm":"DJ","cc":"PSDB","nv":" ","e":"n","st":"N\u00e3o eleito","dvt":"V\u00e1lido","vap":"61","pvap":"   0,91"},{"seq":"37","sqcand":"40001019078","n":"14123","nm":"IVAN MARUBO","cc":"PTB","nv":" ","e":"n","st":"Suplente","dvt":"V\u00e1lido","vap":"55","pvap":"   0,82"},{"seq":"17","sqcand":"40001019067","n":"12345","nm":"VALDIR","cc":"PDT","nv":" ","e":"n","st":"Suplente","dvt":"V\u00e1lido","vap":"134","pvap":"   1,99"},{"seq":"72","sqcand":"40001018959","n":"45333","nm":"NILZIMAR","cc":"PSDB","nv":" ","e":"n","st":"N\u00e3o eleito","dvt":"V\u00e1lido","vap":"96","pvap":"   1,43"},{"seq":"40","sqcand":"40001019057","n":"10633","nm":"KORA KANAMARI","cc":"REPUBLICANOS","nv":" ","e":"n","st":"Suplente","dvt":"V\u00e1lido","vap":"47","pvap":"   0,70"},{"seq":"25","sqcand":"40001019079","n":"14789","nm":"PEPY MAYURUNA","cc":"PTB","nv":" ","e":"n","st":"Suplente","dvt":"V\u00e1lido","vap":"85","pvap":"   1,27"},{"seq":"45","sqcand":"40001019075","n":"14777","nm":"EDINHO FIGUEIRA","cc":"PTB","nv":" ","e":"n","st":"Suplente","dvt":"V\u00e1lido","vap":"38","pvap":"   0,57"},{"seq":"59","sqcand":"40001019046","n":"10555","nm":"TEL","cc":"REPUBLICANOS","nv":" ","e":"n","st":"Suplente","dvt":"V\u00e1lido","vap":"10","pvap":"   0,15"},{"seq":"73","sqcand":"40001018956","n":"45123","nm":"ARMANDO","cc":"PSDB","nv":" ","e":"n","st":"N\u00e3o eleito","dvt":"V\u00e1lido","vap":"88","pvap":"   1,31"},{"seq":"39","sqcand":"40001225574","n":"20222","nm":"JULIO CESAR","cc":"PSC","nv":" ","e":"n","st":"Suplente","dvt":"V\u00e1lido","vap":"49","pvap":"   0,73"},{"seq":"8","sqcand":"40000891130","n":"55000","nm":"ENF JOAO PAULO","cc":"PSD","nv":" ","e":"s","st":"Eleito","dvt":"V\u00e1lido","vap":"179","pvap":"   2,66"},{"seq":"53","sqcand":"40001019047","n":"10456","nm":"ADAUTO KULINA","cc":"REPUBLICANOS","nv":" ","e":"n","st":"Suplente","dvt":"V\u00e1lido","vap":"17","pvap":"   0,25"},{"seq":"3","sqcand":"40000891122","n":"55345","nm":"ANALIMAR KANAMARI","cc":"PSD","nv":" ","e":"s","st":"Eleito","dvt":"V\u00e1lido","vap":"227","pvap":"   3,38"},{"seq":"48","sqcand":"40001019052","n":"10444","nm":"NAZA","cc":"REPUBLICANOS","nv":" ","e":"n","st":"Suplente","dvt":"V\u00e1lido","vap":"22","pvap":"   0,33"},{"seq":"83","sqcand":"40001018961","n":"45222","nm":"MARIVALDO","cc":"PSDB","nv":" ","e":"n","st":"N\u00e3o eleito","dvt":"V\u00e1lido","vap":"18","pvap":"   0,27"},{"seq":"87","sqcand":"40001273345","n":"15321","nm":"JULIA MARQUES","cc":"MDB","nv":" ","e":"n","st":"N\u00e3o eleito","dvt":"V\u00e1lido","vap":"5","pvap":"   0,07"},{"seq":"44","sqcand":"40001019059","n":"10345","nm":"RITA","cc":"REPUBLICANOS","nv":" ","e":"n","st":"Suplente","dvt":"V\u00e1lido","vap":"43","pvap":"   0,64"},{"seq":"60","sqcand":"40001019065","n":"12100","nm":"CLAUDILENE","cc":"PDT","nv":" ","e":"n","st":"Suplente","dvt":"V\u00e1lido","vap":"7","pvap":"   0,10"},{"seq":"18","sqcand":"40000891123","n":"55222","nm":"GLACINEY GARCIA","cc":"PSD","nv":" ","e":"n","st":"Suplente","dvt":"V\u00e1lido","vap":"129","pvap":"   1,92"},{"seq":"26","sqcand":"40001019056","n":"10222","nm":"PROF MANUEL","cc":"REPUBLICANOS","nv":" ","e":"n","st":"Suplente","dvt":"V\u00e1lido","vap":"85","pvap":"   1,27"},{"seq":"77","sqcand":"40001018953","n":"45000","nm":"ARTEMIO","cc":"PSDB","nv":" ","e":"n","st":"N\u00e3o eleito","dvt":"V\u00e1lido","vap":"58","pvap":"   0,86"},{"seq":"23","sqcand":"40000891129","n":"55123","nm":"TI\u00c3O SALVADOR","cc":"PSD","nv":" ","e":"n","st":"Suplente","dvt":"V\u00e1lido","vap":"88","pvap":"   1,31"},{"seq":"21","sqcand":"40001225571","n":"20444","nm":"MARKE TURU","cc":"PSC","nv":" ","e":"n","st":"Suplente","dvt":"V\u00e1lido","vap":"118","pvap":"   1,76"},{"seq":"52","sqcand":"40001019060","n":"10123","nm":"SIDMAR BARREIRA","cc":"REPUBLICANOS","nv":" ","e":"n","st":"Suplente","dvt":"V\u00e1lido","vap":"17","pvap":"   0,25"},{"seq":"51","sqcand":"40000891136","n":"55321","nm":"CA\u00c7ULA","cc":"PSD","nv":" ","e":"n","st":"Suplente","dvt":"V\u00e1lido","vap":"17","pvap":"   0,25"},{"seq":"47","sqcand":"40000891133","n":"55666","nm":"PIPA","cc":"PSD","nv":" ","e":"n","st":"Suplente","dvt":"V\u00e1lido","vap":"31","pvap":"   0,46"},{"seq":"74","sqcand":"40001222489","n":"15123","nm":"MARIVONEY","cc":"MDB","nv":" ","e":"n","st":"N\u00e3o eleito","dvt":"V\u00e1lido","vap":"85","pvap":"   1,27"},{"seq":"30","sqcand":"40001019072","n":"12333","nm":"QUINHO","cc":"PDT","nv":" ","e":"n","st":"Suplente","dvt":"V\u00e1lido","vap":"74","pvap":"   1,10"},{"seq":"89","sqcand":"40001222483","n":"15111","nm":"AGUIAR","cc":"MDB","nv":" ","e":"n","st":"N\u00e3o eleito","dvt":"V\u00e1lido","vap":"0","pvap":"00.00"},{"seq":"50","sqcand":"40001019064","n":"12444","nm":"EDIBERTO LIMA","cc":"PDT","nv":" ","e":"n","st":"Suplente","dvt":"V\u00e1lido","vap":"18","pvap":"   0,27"},{"seq":"14","sqcand":"40000891134","n":"55555","nm":"JACKSON FELIX","cc":"PSD","nv":" ","e":"n","st":"Suplente","dvt":"V\u00e1lido","vap":"151","pvap":"   2,25"},{"seq":"62","sqcand":"40000891128","n":"55789","nm":"JUCI","cc":"PSD","nv":" ","e":"n","st":"Suplente","dvt":"V\u00e1lido","vap":"7","pvap":"   0,10"},{"seq":"71","sqcand":"40001222484","n":"15222","nm":"MARUBINHO","cc":"MDB","nv":" ","e":"n","st":"N\u00e3o eleito","dvt":"V\u00e1lido","vap":"127","pvap":"   1,89"},{"seq":"79","sqcand":"40001018958","n":"45555","nm":"MANUEL ALVES","cc":"PSDB","nv":" ","e":"n","st":"N\u00e3o eleito","dvt":"V\u00e1lido","vap":"34","pvap":"   0,51"},{"seq":"66","sqcand":"40001225567","n":"20131","nm":"LEANDRA SILVA","cc":"PSC","nv":" ","e":"n","st":"Suplente","dvt":"V\u00e1lido","vap":"5","pvap":"   0,07"},{"seq":"13","sqcand":"40001225562","n":"20888","nm":"ALFREDO MARUBO","cc":"PSC","nv":" ","e":"n","st":"Suplente","dvt":"V\u00e1lido","vap":"165","pvap":"   2,46"},{"seq":"56","sqcand":"40001019071","n":"12777","nm":"IVANILDE","cc":"PDT","nv":" ","e":"n","st":"Suplente","dvt":"V\u00e1lido","vap":"11","pvap":"   0,16"},{"seq":"7","sqcand":"40001225563","n":"20177","nm":"CESAR MAYURUNA","cc":"PSC","nv":" ","e":"s","st":"Eleito","dvt":"V\u00e1lido","vap":"194","pvap":"   2,89"},{"seq":"20","sqcand":"40001225560","n":"20200","nm":"PROFESSOR CICI","cc":"PSC","nv":" ","e":"n","st":"Suplente","dvt":"V\u00e1lido","vap":"120","pvap":"   1,79"},{"seq":"35","sqcand":"40001225566","n":"20333","nm":"NERI","cc":"PSC","nv":" ","e":"n","st":"Suplente","dvt":"V\u00e1lido","vap":"65","pvap":"   0,97"},{"seq":"75","sqcand":"40001222487","n":"15333","nm":"VITOR MAYURUNA","cc":"MDB","nv":" ","e":"n","st":"N\u00e3o eleito","dvt":"V\u00e1lido","vap":"83","pvap":"   1,24"},{"seq":"9","sqcand":"40001225572","n":"20000","nm":"JONAS GOSSEL","cc":"PSC","nv":" ","e":"s","st":"Eleito","dvt":"V\u00e1lido","vap":"172","pvap":"   2,56"},{"seq":"85","sqcand":"40001018954","n":"45444","nm":"BRENNA","cc":"PSDB","nv":" ","e":"n","st":"N\u00e3o eleito","dvt":"V\u00e1lido","vap":"7","pvap":"   0,10"},{"seq":"86","sqcand":"40000891323","n":"19555","nm":"NEISOMAR OLIMPIO","cc":"PODE","nv":" ","e":"n","st":"N\u00e3o eleito","dvt":"V\u00e1lido","vap":"6","pvap":"   0,09"},{"seq":"2","sqcand":"40001225573","n":"20963","nm":"ALEX LOPES","cc":"PSC","nv":" ","e":"s","st":"Eleito","dvt":"V\u00e1lido","vap":"229","pvap":"   3,41"},{"seq":"88","sqcand":"40000891324","n":"19123","nm":"WANDA","cc":"PODE","nv":" ","e":"n","st":"N\u00e3o eleito","dvt":"V\u00e1lido","vap":"3","pvap":"   0,04"},{"seq":"12","sqcand":"40001019063","n":"12312","nm":"DADO","cc":"PDT","nv":" ","e":"n","st":"Suplente","dvt":"V\u00e1lido","vap":"177","pvap":"   2,63"},{"seq":"11","sqcand":"40001019077","n":"14444","nm":"NASCIMENTO","cc":"PTB","nv":" ","e":"s","st":"Eleito","dvt":"V\u00e1lido","vap":"150","pvap":"   2,23"},{"seq":"78","sqcand":"40001222486","n":"15789","nm":"GAUCHO","cc":"MDB","nv":" ","e":"n","st":"N\u00e3o eleito","dvt":"V\u00e1lido","vap":"48","pvap":"   0,71"},{"seq":"28","sqcand":"40001225561","n":"20111","nm":"ADERVANIA MATIAS","cc":"PSC","nv":" ","e":"n","st":"Suplente","dvt":"V\u00e1lido","vap":"77","pvap":"   1,15"},{"seq":"43","sqcand":"40000891135","n":"55777","nm":"ANA CLICIA","cc":"PSD","nv":" ","e":"n","st":"Suplente","dvt":"V\u00e1lido","vap":"43","pvap":"   0,64"},{"seq":"10","sqcand":"40001019061","n":"10888","nm":"CONCEI\u00c7\u00c3O NUNES","cc":"REPUBLICANOS","nv":" ","e":"s","st":"Eleito","dvt":"V\u00e1lido","vap":"154","pvap":"   2,29"},{"seq":"36","sqcand":"40001019069","n":"12277","nm":"JO\u00c3O ALCELIO","cc":"PDT","nv":" ","e":"n","st":"Suplente","dvt":"V\u00e1lido","vap":"60","pvap":"   0,89"},{"seq":"58","sqcand":"40001019080","n":"14111","nm":"NEICY","cc":"PTB","nv":" ","e":"n","st":"Suplente","dvt":"V\u00e1lido","vap":"10","pvap":"   0,15"},{"seq":"84","sqcand":"40001222485","n":"15777","nm":"MARIA","cc":"MDB","nv":" ","e":"n","st":"N\u00e3o eleito","dvt":"V\u00e1lido","vap":"9","pvap":"   0,13"},{"seq":"42","sqcand":"40000891132","n":"55255","nm":"EVEREST KOKAMA","cc":"PSD","nv":" ","e":"n","st":"Suplente","dvt":"V\u00e1lido","vap":"44","pvap":"   0,65"}]}
