{"ele":"426","tpabr":"mu","cdabr":"02178","carper":"13","t":"1","f":"o","dt":"15/11/2020","ht":"22:20:51","dv":"s","tf":"s","v":"9","esae":"n","mnae":"","s":"65","st":"65","pst":" 100,00","snt":"0","psnt":"   0,00","si":"65","psi":" 100,00","sni":"0","psni":"   0,00","sa":"65","psa":" 100,00","sna":"0","psna":"   0,00","e":"22473","ea":"22473","pea":" 100,00","ena":"0","pena":"   0,00","esi":"22473","pesi":" 100,00","esni":"0","pesni":"   0,00","c":"18305","pc":"  81,45","a":"4168","pa":"  18,55","vscv":"0","vnom":"15928","vl":"921","pvnom":"  94,53","pvl":"   5,47","vvc":"17873","pvvc":"  97,64","vb":"84","pvb":"   0,46","tvn":"348","ptvn":"   1,90","vn":"348","pvn":" 100,00","vnt":"0","pvnt":"   0,00","vp":"0","pvp":"   0,00","vv":"16849","pvv":"  94,27","van":"0","pvan":"   0,00","vansj":"1024","pvansj":"   5,73","tv":"18305","cand":[{"seq":"73","sqcand":"40001043530","n":"17999","nm":"LENE REIS","cc":"PSL","nv":" ","e":"n","st":"Suplente","dvt":"V\u00e1lido","vap":"26","pvap":"   0,15"},{"seq":"52","sqcand":"40001044313","n":"25666","nm":"RENATA LEITE","cc":"DEM","nv":" ","e":"n","st":"Suplente","dvt":"V\u00e1lido","vap":"63","pvap":"   0,35"},{"seq":"90","sqcand":"40001045569","n":"43999","nm":"BIBI","cc":"PV","nv":" ","e":"n","st":"Suplente","dvt":"V\u00e1lido","vap":"8","pvap":"   0,04"},{"seq":"133","sqcand":"40001252851","n":"13111","nm":"EDIANA DO PT","cc":"PT","nv":" ","e":"n","st":"N\u00e3o eleito","dvt":"V\u00e1lido","vap":"20","pvap":"   0,11"},{"seq":"114","sqcand":"40001252841","n":"13777","nm":"JACAR\u00c9 DO BELA VISTA","cc":"PT","nv":" ","e":"n","st":"N\u00e3o eleito","dvt":"V\u00e1lido","vap":"84","pvap":"   0,47"},{"seq":"87","sqcand":"40001045034","n":"70234","nm":"CLOVIS SEGADILHA","cc":"AVANTE","nv":" ","e":"n","st":"Suplente","dvt":"V\u00e1lido","vap":"17","pvap":"   0,10"},{"seq":"47","sqcand":"40001043531","n":"17017","nm":"MATEUS ALVES","cc":"PSL","nv":" ","e":"n","st":"Suplente","dvt":"V\u00e1lido","vap":"86","pvap":"   0,48"},{"seq":"135","sqcand":"40000678744","n":"22222","nm":"FELIPE SANTANA","cc":"PL","nv":" ","e":"n","st":"N\u00e3o eleito","dvt":"V\u00e1lido","vap":"18","pvap":"   0,10"},{"seq":"49","sqcand":"40001045038","n":"70111","nm":"ALFREDO MARIANO","cc":"AVANTE","nv":" ","e":"n","st":"Suplente","dvt":"V\u00e1lido","vap":"80","pvap":"   0,45"},{"seq":"154","sqcand":"40000678746","n":"22644","nm":"IZEQUIEL CARDOSO","cc":"PL","nv":" ","e":"n","st":"N\u00e3o eleito","dvt":"V\u00e1lido","vap":"6","pvap":"   0,03"},{"seq":"44","sqcand":"40000678686","n":"14013","nm":"ALCILEIA DO KARATE","cc":"PTB","nv":" ","e":"n","st":"Suplente","dvt":"V\u00e1lido","vap":"94","pvap":"   0,53"},{"seq":"96","sqcand":"40001043538","n":"17234","nm":"CRISLEY TIAGO","cc":"PSL","nv":" ","e":"n","st":"Suplente","dvt":"V\u00e1lido","vap":"2","pvap":"   0,01"},{"seq":"65","sqcand":"40000678695","n":"14555","nm":"PROFESSOR JACICLEI","cc":"PTB","nv":" ","e":"n","st":"Suplente","dvt":"V\u00e1lido","vap":"44","pvap":"   0,25"},{"seq":"57","sqcand":"40001252806","n":"10333","nm":"C\u00c9LIO GUITARRISTA","cc":"REPUBLICANOS","nv":" ","e":"n","st":"Suplente","dvt":"V\u00e1lido","vap":"53","pvap":"   0,30"},{"seq":"68","sqcand":"40001252803","n":"10666","nm":"EVANGELISTA","cc":"REPUBLICANOS","nv":" ","e":"n","st":"Suplente","dvt":"V\u00e1lido","vap":"38","pvap":"   0,21"},{"seq":"64","sqcand":"40000678692","n":"14456","nm":"VALDILUCIA SOARES","cc":"PTB","nv":" ","e":"n","st":"Suplente","dvt":"V\u00e1lido","vap":"44","pvap":"   0,25"},{"seq":"102","sqcand":"40001069103","n":"23245","nm":"MAURICIO DO AXINI","cc":"CIDADANIA","nv":" ","e":"n","st":"N\u00e3o eleito","dvt":"Anulado sub judice","vap":"323","pvap":"   1,81"},{"seq":"166","sqcand":"40001263004","n":"55355","nm":"WANDERSON RODRIGUES","cc":"PSD","nv":" ","e":"n","st":"N\u00e3o eleito","dvt":"Anulado sub judice","vap":"0","pvap":"00.00"},{"seq":"118","sqcand":"40001069107","n":"23555","nm":"BACURAU DO AXINIM","cc":"CIDADANIA","nv":" ","e":"n","st":"N\u00e3o eleito","dvt":"Anulado sub judice","vap":"79","pvap":"   0,44"},{"seq":"70","sqcand":"40001043527","n":"17789","nm":"PEDRO FOTOGRAFO","cc":"PSL","nv":" ","e":"n","st":"Suplente","dvt":"V\u00e1lido","vap":"28","pvap":"   0,16"},{"seq":"145","sqcand":"40001044601","n":"20111","nm":"LUIZ PANTOJA","cc":"PSC","nv":" ","e":"n","st":"N\u00e3o eleito","dvt":"V\u00e1lido","vap":"10","pvap":"   0,06"},{"seq":"157","sqcand":"40001044595","n":"20444","nm":"MIRTEVAL SILVA","cc":"PSC","nv":" ","e":"n","st":"N\u00e3o eleito","dvt":"V\u00e1lido","vap":"3","pvap":"   0,02"},{"seq":"148","sqcand":"40001252852","n":"13011","nm":"MARILZA GOES","cc":"PT","nv":" ","e":"n","st":"N\u00e3o eleito","dvt":"V\u00e1lido","vap":"9","pvap":"   0,05"},{"seq":"106","sqcand":"40001252823","n":"19000","nm":"MIRICO","cc":"PODE","nv":" ","e":"n","st":"N\u00e3o eleito","dvt":"V\u00e1lido","vap":"162","pvap":"   0,91"},{"seq":"146","sqcand":"40001252860","n":"55888","nm":"PROFESSORA KATIA","cc":"PSD","nv":" ","e":"n","st":"N\u00e3o eleito","dvt":"V\u00e1lido","vap":"10","pvap":"   0,06"},{"seq":"150","sqcand":"40001252848","n":"13557","nm":"CACIQUE ALONSO","cc":"PT","nv":" ","e":"n","st":"N\u00e3o eleito","dvt":"V\u00e1lido","vap":"8","pvap":"   0,04"},{"seq":"11","sqcand":"40001218497","n":"11633","nm":"BETINHA","cc":"PP","nv":" ","e":"n","st":"Suplente","dvt":"V\u00e1lido","vap":"525","pvap":"   2,94"},{"seq":"69","sqcand":"40001045040","n":"70000","nm":"EDMILSON DAMASCENO","cc":"AVANTE","nv":" ","e":"n","st":"Suplente","dvt":"V\u00e1lido","vap":"32","pvap":"   0,18"},{"seq":"38","sqcand":"40000678690","n":"14333","nm":"MARGARETE NOBRE","cc":"PTB","nv":" ","e":"n","st":"Suplente","dvt":"V\u00e1lido","vap":"114","pvap":"   0,64"},{"seq":"143","sqcand":"40001252846","n":"13113","nm":"JULIA FADOUL","cc":"PT","nv":" ","e":"n","st":"N\u00e3o eleito","dvt":"V\u00e1lido","vap":"13","pvap":"   0,07"},{"seq":"72","sqcand":"40000678691","n":"14563","nm":"RAFAEL DO SINDICATO","cc":"PTB","nv":" ","e":"n","st":"Suplente","dvt":"V\u00e1lido","vap":"27","pvap":"   0,15"},{"seq":"1","sqcand":"40001255233","n":"15555","nm":"PEDRO PAZ","cc":"MDB","nv":" ","e":"s","st":"Eleito","dvt":"V\u00e1lido","vap":"769","pvap":"   4,30"},{"seq":"34","sqcand":"40001045035","n":"70222","nm":"JUCIMAR JABUTI","cc":"AVANTE","nv":" ","e":"n","st":"Suplente","dvt":"V\u00e1lido","vap":"125","pvap":"   0,70"},{"seq":"152","sqcand":"40000678735","n":"22333","nm":"ELIANE DIAS","cc":"PL","nv":" ","e":"n","st":"N\u00e3o eleito","dvt":"V\u00e1lido","vap":"8","pvap":"   0,04"},{"seq":"18","sqcand":"40001044314","n":"25555","nm":"WELLINGTON CASTRO","cc":"DEM","nv":" ","e":"n","st":"Suplente","dvt":"V\u00e1lido","vap":"253","pvap":"   1,42"},{"seq":"10","sqcand":"40001255235","n":"15444","nm":"LUIS ALMEIDA","cc":"MDB","nv":" ","e":"n","st":"Suplente","dvt":"V\u00e1lido","vap":"561","pvap":"   3,14"},{"seq":"128","sqcand":"40001252859","n":"55000","nm":"PAULO HENRIQUE","cc":"PSD","nv":" ","e":"n","st":"N\u00e3o eleito","dvt":"V\u00e1lido","vap":"24","pvap":"   0,13"},{"seq":"142","sqcand":"40001069110","n":"23456","nm":"ELIANE DA COSTURA","cc":"CIDADANIA","nv":" ","e":"n","st":"N\u00e3o eleito","dvt":"V\u00e1lido","vap":"13","pvap":"   0,07"},{"seq":"84","sqcand":"40001255230","n":"15415","nm":"RICART DON\u00c3","cc":"MDB","nv":" ","e":"n","st":"Suplente","dvt":"V\u00e1lido","vap":"18","pvap":"   0,10"},{"seq":"66","sqcand":"40001218498","n":"11011","nm":"MATARAZO","cc":"PP","nv":" ","e":"n","st":"Suplente","dvt":"V\u00e1lido","vap":"40","pvap":"   0,22"},{"seq":"27","sqcand":"40001045042","n":"70888","nm":"ENFERMEIRA VANIA","cc":"AVANTE","nv":" ","e":"n","st":"Suplente","dvt":"V\u00e1lido","vap":"154","pvap":"   0,86"},{"seq":"9","sqcand":"40001252809","n":"10899","nm":"GEREMIAS DA CRUZ","cc":"REPUBLICANOS","nv":" ","e":"s","st":"Eleito","dvt":"V\u00e1lido","vap":"257","pvap":"   1,44"},{"seq":"121","sqcand":"40001069112","n":"23000","nm":"PROF DIEGO DO DERBA","cc":"CIDADANIA","nv":" ","e":"n","st":"N\u00e3o eleito","dvt":"Anulado sub judice","vap":"50","pvap":"   0,28"},{"seq":"93","sqcand":"40001255237","n":"15315","nm":"DEIZE CAMPOS","cc":"MDB","nv":" ","e":"n","st":"Suplente","dvt":"V\u00e1lido","vap":"8","pvap":"   0,04"},{"seq":"53","sqcand":"40001252807","n":"10555","nm":"ELAINE CRISTINA","cc":"REPUBLICANOS","nv":" ","e":"n","st":"Suplente","dvt":"V\u00e1lido","vap":"57","pvap":"   0,32"},{"seq":"89","sqcand":"40001045041","n":"70444","nm":"MARA GOES","cc":"AVANTE","nv":" ","e":"n","st":"Suplente","dvt":"V\u00e1lido","vap":"13","pvap":"   0,07"},{"seq":"97","sqcand":"40001218494","n":"11333","nm":"BINHA O AMIGO DE SEMPRE","cc":"PP","nv":" ","e":"n","st":"Suplente","dvt":"V\u00e1lido","vap":"1","pvap":"   0,01"},{"seq":"122","sqcand":"40001252819","n":"19234","nm":"FERNANDO CAI\u00c7ARA","cc":"PODE","nv":" ","e":"n","st":"N\u00e3o eleito","dvt":"V\u00e1lido","vap":"44","pvap":"   0,25"},{"seq":"24","sqcand":"40001252811","n":"10000","nm":"ARLETE SANTANA","cc":"REPUBLICANOS","nv":" ","e":"n","st":"Suplente","dvt":"V\u00e1lido","vap":"213","pvap":"   1,19"},{"seq":"15","sqcand":"40001045039","n":"70555","nm":"EDILENO PINHEIRO","cc":"AVANTE","nv":" ","e":"n","st":"Suplente","dvt":"V\u00e1lido","vap":"335","pvap":"   1,87"},{"seq":"6","sqcand":"40001045043","n":"70333","nm":"CARTOLINHA","cc":"AVANTE","nv":" ","e":"s","st":"Eleito","dvt":"V\u00e1lido","vap":"438","pvap":"   2,45"},{"seq":"51","sqcand":"40001255231","n":"15000","nm":"DR SERGIO MOURA","cc":"MDB","nv":" ","e":"n","st":"Suplente","dvt":"V\u00e1lido","vap":"68","pvap":"   0,38"},{"seq":"37","sqcand":"40000678693","n":"14123","nm":"WAGSON BARRETO","cc":"PTB","nv":" ","e":"n","st":"Suplente","dvt":"V\u00e1lido","vap":"115","pvap":"   0,64"},{"seq":"3","sqcand":"40001218495","n":"11000","nm":"CLAUDIO DO ZEZ\u00c3O","cc":"PP","nv":" ","e":"s","st":"Eleito","dvt":"V\u00e1lido","vap":"598","pvap":"   3,35"},{"seq":"112","sqcand":"40001252861","n":"55111","nm":"ILDETH","cc":"PSD","nv":" ","e":"n","st":"N\u00e3o eleito","dvt":"V\u00e1lido","vap":"107","pvap":"   0,60"},{"seq":"13","sqcand":"40001218501","n":"11555","nm":"RAIMUNDO VIANA","cc":"PP","nv":" ","e":"n","st":"Suplente","dvt":"V\u00e1lido","vap":"352","pvap":"   1,97"},{"seq":"141","sqcand":"40000678745","n":"22123","nm":"RAYDSON QUEIROZ","cc":"PL","nv":" ","e":"n","st":"N\u00e3o eleito","dvt":"V\u00e1lido","vap":"14","pvap":"   0,08"},{"seq":"124","sqcand":"40001044594","n":"20000","nm":"LUIZ  HENRIQUE","cc":"PSC","nv":" ","e":"n","st":"N\u00e3o eleito","dvt":"V\u00e1lido","vap":"31","pvap":"   0,17"},{"seq":"101","sqcand":"40001044317","n":"25353","nm":"VANESSE DA GUARDA","cc":"DEM","nv":" ","e":"n","st":"Suplente","dvt":"V\u00e1lido","vap":"0","pvap":"00.00"},{"seq":"160","sqcand":"40001252827","n":"19999","nm":"ENIO MAIA","cc":"PODE","nv":" ","e":"n","st":"N\u00e3o eleito","dvt":"V\u00e1lido","vap":"2","pvap":"   0,01"},{"seq":"140","sqcand":"40001252862","n":"55222","nm":"CARLOS LOPES","cc":"PSD","nv":" ","e":"n","st":"N\u00e3o eleito","dvt":"V\u00e1lido","vap":"14","pvap":"   0,08"},{"seq":"74","sqcand":"40000678756","n":"43555","nm":"SABRINA DA JOELMA","cc":"PV","nv":" ","e":"n","st":"Suplente","dvt":"V\u00e1lido","vap":"25","pvap":"   0,14"},{"seq":"75","sqcand":"40000678685","n":"14114","nm":"DR PAULINO SANTOS","cc":"PTB","nv":" ","e":"n","st":"Suplente","dvt":"V\u00e1lido","vap":"24","pvap":"   0,13"},{"seq":"147","sqcand":"40000678739","n":"22178","nm":"ISRAEL CARDOSO","cc":"PL","nv":" ","e":"n","st":"N\u00e3o eleito","dvt":"Anulado sub judice","vap":"9","pvap":"   0,05"},{"seq":"134","sqcand":"40001069108","n":"23123","nm":"CATIRINA","cc":"CIDADANIA","nv":" ","e":"n","st":"N\u00e3o eleito","dvt":"Anulado sub judice","vap":"18","pvap":"   0,10"},{"seq":"113","sqcand":"40001069111","n":"23444","nm":"ZE BU","cc":"CIDADANIA","nv":" ","e":"n","st":"N\u00e3o eleito","dvt":"Anulado sub judice","vap":"98","pvap":"   0,55"},{"seq":"161","sqcand":"40000678747","n":"22234","nm":"CARLOS AMORIM","cc":"PL","nv":" ","e":"n","st":"N\u00e3o eleito","dvt":"V\u00e1lido","vap":"2","pvap":"   0,01"},{"seq":"61","sqcand":"40001218500","n":"11777","nm":"TATU DA LUCINHA","cc":"PP","nv":" ","e":"n","st":"Suplente","dvt":"V\u00e1lido","vap":"46","pvap":"   0,26"},{"seq":"12","sqcand":"40000678755","n":"43444","nm":"LOURO NASCIMENTO","cc":"PV","nv":" ","e":"n","st":"Suplente","dvt":"V\u00e1lido","vap":"443","pvap":"   2,48"},{"seq":"46","sqcand":"40001044315","n":"25777","nm":"BABALU","cc":"DEM","nv":" ","e":"n","st":"Suplente","dvt":"V\u00e1lido","vap":"89","pvap":"   0,50"},{"seq":"25","sqcand":"40001218496","n":"11123","nm":"ANGELA BARBA","cc":"PP","nv":" ","e":"n","st":"Suplente","dvt":"V\u00e1lido","vap":"193","pvap":"   1,08"},{"seq":"31","sqcand":"40000678688","n":"14000","nm":"MARINHO","cc":"PTB","nv":" ","e":"n","st":"Suplente","dvt":"V\u00e1lido","vap":"129","pvap":"   0,72"},{"seq":"22","sqcand":"40000678697","n":"14222","nm":"BARRELA DO SINDICATO","cc":"PTB","nv":" ","e":"n","st":"Suplente","dvt":"V\u00e1lido","vap":"226","pvap":"   1,26"},{"seq":"79","sqcand":"40001044316","n":"25222","nm":"NILDA GOES","cc":"DEM","nv":" ","e":"n","st":"Suplente","dvt":"V\u00e1lido","vap":"23","pvap":"   0,13"},{"seq":"153","sqcand":"40001252822","n":"19444","nm":"DOMINGOS","cc":"PODE","nv":" ","e":"n","st":"N\u00e3o eleito","dvt":"V\u00e1lido","vap":"6","pvap":"   0,03"},{"seq":"117","sqcand":"40001252855","n":"55123","nm":"JESSIKA DO ZEQUINHA","cc":"PSD","nv":" ","e":"n","st":"N\u00e3o eleito","dvt":"V\u00e1lido","vap":"81","pvap":"   0,45"},{"seq":"28","sqcand":"40000678698","n":"14444","nm":"MIRIAN LEITE","cc":"PTB","nv":" ","e":"n","st":"Suplente","dvt":"V\u00e1lido","vap":"151","pvap":"   0,84"},{"seq":"115","sqcand":"40001044599","n":"20013","nm":"RONNE OLIVEIRA","cc":"PSC","nv":" ","e":"n","st":"N\u00e3o eleito","dvt":"V\u00e1lido","vap":"84","pvap":"   0,47"},{"seq":"48","sqcand":"40001043528","n":"17888","nm":"ALAELSON MUNDURUKU","cc":"PSL","nv":" ","e":"n","st":"Suplente","dvt":"V\u00e1lido","vap":"81","pvap":"   0,45"},{"seq":"120","sqcand":"40001252858","n":"55555","nm":"JEFFERSOM LIMA","cc":"PSD","nv":" ","e":"n","st":"N\u00e3o eleito","dvt":"V\u00e1lido","vap":"74","pvap":"   0,41"},{"seq":"21","sqcand":"40001044320","n":"25444","nm":"DRA ELZIANE SARAIVA","cc":"DEM","nv":" ","e":"n","st":"Suplente","dvt":"V\u00e1lido","vap":"235","pvap":"   1,31"},{"seq":"98","sqcand":"40001272227","n":"15050","nm":"KATIA","cc":"MDB","nv":" ","e":"n","st":"Suplente","dvt":"V\u00e1lido","vap":"1","pvap":"   0,01"},{"seq":"58","sqcand":"40001252804","n":"10777","nm":"BETH","cc":"REPUBLICANOS","nv":" ","e":"n","st":"Suplente","dvt":"V\u00e1lido","vap":"50","pvap":"   0,28"},{"seq":"43","sqcand":"40001045044","n":"70123","nm":"GARCIA","cc":"AVANTE","nv":" ","e":"n","st":"Suplente","dvt":"V\u00e1lido","vap":"96","pvap":"   0,54"},{"seq":"60","sqcand":"40001218503","n":"11222","nm":"DANNY BESSA","cc":"PP","nv":" ","e":"n","st":"Suplente","dvt":"V\u00e1lido","vap":"47","pvap":"   0,26"},{"seq":"105","sqcand":"40001252816","n":"10604","nm":"ANA CORREA","cc":"REPUBLICANOS","nv":" ","e":"n","st":"N\u00e3o eleito","dvt":"Anulado sub judice","vap":"167","pvap":"   0,93"},{"seq":"137","sqcand":"40000678738","n":"22233","nm":"ERICO","cc":"PL","nv":" ","e":"n","st":"N\u00e3o eleito","dvt":"Anulado sub judice","vap":"16","pvap":"   0,09"},{"seq":"165","sqcand":"40001044603","n":"20777","nm":"MARINEIDE REGES","cc":"PSC","nv":" ","e":"n","st":"N\u00e3o eleito","dvt":"V\u00e1lido","vap":"0","pvap":"00.00"},{"seq":"5","sqcand":"40000678696","n":"14111","nm":"ENFERMEIRA TATIANA","cc":"PTB","nv":" ","e":"s","st":"Eleito","dvt":"V\u00e1lido","vap":"450","pvap":"   2,52"},{"seq":"151","sqcand":"40001252824","n":"19555","nm":"NEIDE DO VOLEI","cc":"PODE","nv":" ","e":"n","st":"N\u00e3o eleito","dvt":"V\u00e1lido","vap":"8","pvap":"   0,04"},{"seq":"139","sqcand":"40001252854","n":"55333","nm":"PASTOR JARENILDO","cc":"PSD","nv":" ","e":"n","st":"N\u00e3o eleito","dvt":"V\u00e1lido","vap":"15","pvap":"   0,08"},{"seq":"158","sqcand":"40001252849","n":"13556","nm":"SONIA MARQUES","cc":"PT","nv":" ","e":"n","st":"N\u00e3o eleito","dvt":"V\u00e1lido","vap":"3","pvap":"   0,02"},{"seq":"144","sqcand":"40000678740","n":"22111","nm":"MIRACELI VIEIRA","cc":"PL","nv":" ","e":"n","st":"N\u00e3o eleito","dvt":"V\u00e1lido","vap":"11","pvap":"   0,06"},{"seq":"30","sqcand":"40001043537","n":"17456","nm":"PROFESSORA VALQUIRIA","cc":"PSL","nv":" ","e":"n","st":"Suplente","dvt":"V\u00e1lido","vap":"131","pvap":"   0,73"},{"seq":"29","sqcand":"40001252805","n":"10111","nm":"M\u00c1RIO PADEIRO","cc":"REPUBLICANOS","nv":" ","e":"n","st":"Suplente","dvt":"V\u00e1lido","vap":"134","pvap":"   0,75"},{"seq":"92","sqcand":"40001255240","n":"15999","nm":"IZONIL DO CAI\u00c7ARA","cc":"MDB","nv":" ","e":"n","st":"Suplente","dvt":"V\u00e1lido","vap":"8","pvap":"   0,04"},{"seq":"99","sqcand":"40001218502","n":"11051","nm":"MARCIA MARQUES","cc":"PP","nv":" ","e":"n","st":"Suplente","dvt":"V\u00e1lido","vap":"0","pvap":"00.00"},{"seq":"155","sqcand":"40001252844","n":"13505","nm":"CLAUDIONE DO ESPORTE","cc":"PT","nv":" ","e":"n","st":"N\u00e3o eleito","dvt":"V\u00e1lido","vap":"6","pvap":"   0,03"},{"seq":"103","sqcand":"40001252850","n":"13456","nm":"ROBERT SCOOB","cc":"PT","nv":" ","e":"n","st":"N\u00e3o eleito","dvt":"V\u00e1lido","vap":"224","pvap":"   1,25"},{"seq":"125","sqcand":"40001044600","n":"20999","nm":"OSCAR COELHO","cc":"PSC","nv":" ","e":"n","st":"N\u00e3o eleito","dvt":"V\u00e1lido","vap":"29","pvap":"   0,16"},{"seq":"36","sqcand":"40000678689","n":"14777","nm":"JOAO PAULO GONZAGA","cc":"PTB","nv":" ","e":"n","st":"Suplente","dvt":"V\u00e1lido","vap":"122","pvap":"   0,68"},{"seq":"56","sqcand":"40001043534","n":"17123","nm":"GEREMIAS DA PESCA","cc":"PSL","nv":" ","e":"n","st":"Suplente","dvt":"V\u00e1lido","vap":"55","pvap":"   0,31"},{"seq":"91","sqcand":"40001255234","n":"15678","nm":"PROFESSORA ERENITA","cc":"MDB","nv":" ","e":"n","st":"Suplente","dvt":"V\u00e1lido","vap":"8","pvap":"   0,04"},{"seq":"14","sqcand":"40001044312","n":"25000","nm":"LOURO BOM PRE\u00c7O","cc":"DEM","nv":" ","e":"n","st":"Suplente","dvt":"V\u00e1lido","vap":"350","pvap":"   1,96"},{"seq":"83","sqcand":"40000678751","n":"43222","nm":"MAESTRO DANIEL DAMASCENO","cc":"PV","nv":" ","e":"n","st":"Suplente","dvt":"V\u00e1lido","vap":"19","pvap":"   0,11"},{"seq":"127","sqcand":"40001069106","n":"23222","nm":"NEURA DO TOTO","cc":"CIDADANIA","nv":" ","e":"n","st":"N\u00e3o eleito","dvt":"Anulado sub judice","vap":"27","pvap":"   0,15"},{"seq":"163","sqcand":"40001252856","n":"55525","nm":"JO\u00c3O PAULO","cc":"PSD","nv":" ","e":"n","st":"N\u00e3o eleito","dvt":"Anulado sub judice","vap":"1","pvap":"   0,01"},{"seq":"45","sqcand":"40000678754","n":"43111","nm":"PROFESSORA DILCE","cc":"PV","nv":" ","e":"n","st":"Suplente","dvt":"V\u00e1lido","vap":"90","pvap":"   0,50"},{"seq":"71","sqcand":"40000678753","n":"43456","nm":"BARTOLOMEU","cc":"PV","nv":" ","e":"n","st":"Suplente","dvt":"V\u00e1lido","vap":"27","pvap":"   0,15"},{"seq":"62","sqcand":"40000678694","n":"14789","nm":"LENDA","cc":"PTB","nv":" ","e":"n","st":"Suplente","dvt":"V\u00e1lido","vap":"46","pvap":"   0,26"},{"seq":"39","sqcand":"40001255238","n":"15222","nm":"PELADO PEIXOTO","cc":"MDB","nv":" ","e":"n","st":"Suplente","dvt":"V\u00e1lido","vap":"108","pvap":"   0,60"},{"seq":"20","sqcand":"40001043536","n":"17333","nm":"PROFESSOR LAELSON","cc":"PSL","nv":" ","e":"n","st":"Suplente","dvt":"V\u00e1lido","vap":"240","pvap":"   1,34"},{"seq":"59","sqcand":"40001252812","n":"10100","nm":"BIROLA","cc":"REPUBLICANOS","nv":" ","e":"n","st":"Suplente","dvt":"V\u00e1lido","vap":"48","pvap":"   0,27"},{"seq":"16","sqcand":"40001044318","n":"25888","nm":"PROFESSOR ANDRIL","cc":"DEM","nv":" ","e":"n","st":"Suplente","dvt":"V\u00e1lido","vap":"294","pvap":"   1,64"},{"seq":"104","sqcand":"40001252843","n":"13013","nm":"ADEMIR JACKSON","cc":"PT","nv":" ","e":"n","st":"N\u00e3o eleito","dvt":"V\u00e1lido","vap":"204","pvap":"   1,14"},{"seq":"54","sqcand":"40001252808","n":"10222","nm":"ZACARIAS","cc":"REPUBLICANOS","nv":" ","e":"n","st":"Suplente","dvt":"V\u00e1lido","vap":"56","pvap":"   0,31"},{"seq":"7","sqcand":"40001044311","n":"25123","nm":"MIGUEL LIMA","cc":"DEM","nv":" ","e":"s","st":"Eleito","dvt":"V\u00e1lido","vap":"432","pvap":"   2,42"},{"seq":"85","sqcand":"40000678687","n":"14888","nm":"EVANDRO JR","cc":"PTB","nv":" ","e":"n","st":"Suplente","dvt":"V\u00e1lido","vap":"18","pvap":"   0,10"},{"seq":"123","sqcand":"40001044596","n":"20222","nm":"PATR\u00cdCIA ARIRANA","cc":"PSC","nv":" ","e":"n","st":"N\u00e3o eleito","dvt":"V\u00e1lido","vap":"35","pvap":"   0,20"},{"seq":"82","sqcand":"40001045036","n":"70666","nm":"JUCY LOPES","cc":"AVANTE","nv":" ","e":"n","st":"Suplente","dvt":"V\u00e1lido","vap":"19","pvap":"   0,11"},{"seq":"35","sqcand":"40001044319","n":"25111","nm":"GRACILAZIO QUEIROZ","cc":"DEM","nv":" ","e":"n","st":"Suplente","dvt":"V\u00e1lido","vap":"123","pvap":"   0,69"},{"seq":"107","sqcand":"40001069109","n":"23333","nm":"ALCINEIA DA SAUDE ","cc":"CIDADANIA","nv":" ","e":"n","st":"N\u00e3o eleito","dvt":"Anulado sub judice","vap":"136","pvap":"   0,76"},{"seq":"116","sqcand":"40001252847","n":"13123","nm":"NEGUINHO DO PAGODE","cc":"PT","nv":" ","e":"n","st":"N\u00e3o eleito","dvt":"Anulado sub judice","vap":"83","pvap":"   0,46"},{"seq":"164","sqcand":"40000678737","n":"22444","nm":"MAZINHO GRA\u00c7A","cc":"PL","nv":" ","e":"n","st":"N\u00e3o eleito","dvt":"V\u00e1lido","vap":"0","pvap":"00.00"},{"seq":"167","sqcand":"40001252825","n":"19123","nm":"FRANKLIN DA SEGURAN\u00c7A","cc":"PODE","nv":" ","e":"n","st":"N\u00e3o eleito","dvt":"V\u00e1lido","vap":"0","pvap":"00.00"},{"seq":"111","sqcand":"40001044598","n":"20123","nm":"ALEX RAMOS","cc":"PSC","nv":" ","e":"n","st":"N\u00e3o eleito","dvt":"V\u00e1lido","vap":"109","pvap":"   0,61"},{"seq":"55","sqcand":"40001218492","n":"11888","nm":"RUAN","cc":"PP","nv":" ","e":"n","st":"Suplente","dvt":"V\u00e1lido","vap":"55","pvap":"   0,31"},{"seq":"109","sqcand":"40001044597","n":"20201","nm":"ALCIMAR MENDES","cc":"PSC","nv":" ","e":"n","st":"N\u00e3o eleito","dvt":"V\u00e1lido","vap":"125","pvap":"   0,70"},{"seq":"94","sqcand":"40001044310","n":"25825","nm":"IRIS DO PARA","cc":"DEM","nv":" ","e":"n","st":"Suplente","dvt":"V\u00e1lido","vap":"7","pvap":"   0,04"},{"seq":"41","sqcand":"40001043539","n":"17777","nm":"RODRIGO SHEYKY","cc":"PSL","nv":" ","e":"n","st":"Suplente","dvt":"V\u00e1lido","vap":"103","pvap":"   0,58"},{"seq":"63","sqcand":"40001043535","n":"17000","nm":"CARLINHOS ELETRICISTA","cc":"PSL","nv":" ","e":"n","st":"Suplente","dvt":"V\u00e1lido","vap":"45","pvap":"   0,25"},{"seq":"78","sqcand":"40001045570","n":"43433","nm":"JAMILSON NOGUEIRA","cc":"PV","nv":" ","e":"n","st":"Suplente","dvt":"V\u00e1lido","vap":"24","pvap":"   0,13"},{"seq":"76","sqcand":"40001218499","n":"11444","nm":"SARGENTO VALTER","cc":"PP","nv":" ","e":"n","st":"Suplente","dvt":"V\u00e1lido","vap":"24","pvap":"   0,13"},{"seq":"19","sqcand":"40000678758","n":"43333","nm":"IOLANDA MAUES","cc":"PV","nv":" ","e":"n","st":"Suplente","dvt":"V\u00e1lido","vap":"242","pvap":"   1,35"},{"seq":"81","sqcand":"40001255232","n":"15115","nm":"MAYSA CHEIRO","cc":"MDB","nv":" ","e":"n","st":"Suplente","dvt":"V\u00e1lido","vap":"20","pvap":"   0,11"},{"seq":"132","sqcand":"40000678736","n":"22345","nm":"ESTER GOMES","cc":"PL","nv":" ","e":"n","st":"N\u00e3o eleito","dvt":"V\u00e1lido","vap":"21","pvap":"   0,12"},{"seq":"77","sqcand":"40000678757","n":"43888","nm":"DELZUITA","cc":"PV","nv":" ","e":"n","st":"Suplente","dvt":"V\u00e1lido","vap":"24","pvap":"   0,13"},{"seq":"26","sqcand":"40001044321","n":"25855","nm":"RAIMUNDO HEUCLIDES","cc":"DEM","nv":" ","e":"n","st":"Suplente","dvt":"V\u00e1lido","vap":"180","pvap":"   1,01"},{"seq":"129","sqcand":"40001069105","n":"23111","nm":"BIZIGA","cc":"CIDADANIA","nv":" ","e":"n","st":"N\u00e3o eleito","dvt":"V\u00e1lido","vap":"23","pvap":"   0,13"},{"seq":"119","sqcand":"40001252842","n":"13333","nm":"ANTONIO JOSE DA RADIO","cc":"PT","nv":" ","e":"n","st":"N\u00e3o eleito","dvt":"V\u00e1lido","vap":"78","pvap":"   0,44"},{"seq":"40","sqcand":"40001252813","n":"10444","nm":"RONALDO COLARES","cc":"REPUBLICANOS","nv":" ","e":"n","st":"Suplente","dvt":"V\u00e1lido","vap":"107","pvap":"   0,60"},{"seq":"136","sqcand":"40001069104","n":"23777","nm":"ZECA DE BORBA","cc":"CIDADANIA","nv":" ","e":"n","st":"N\u00e3o eleito","dvt":"Anulado sub judice","vap":"17","pvap":"   0,10"},{"seq":"100","sqcand":"40001262845","n":"70015","nm":"ELIENE","cc":"AVANTE","nv":" ","e":"n","st":"Suplente","dvt":"V\u00e1lido","vap":"0","pvap":"00.00"},{"seq":"162","sqcand":"40000678743","n":"22555","nm":"MARCIA DE GOES","cc":"PL","nv":" ","e":"n","st":"N\u00e3o eleito","dvt":"V\u00e1lido","vap":"2","pvap":"   0,01"},{"seq":"50","sqcand":"40001043529","n":"17222","nm":"PEDRO BRANDAO","cc":"PSL","nv":" ","e":"n","st":"Suplente","dvt":"V\u00e1lido","vap":"78","pvap":"   0,44"},{"seq":"42","sqcand":"40001043526","n":"17555","nm":"DEUZA DA CASA DO CAMALEAO","cc":"PSL","nv":" ","e":"n","st":"Suplente","dvt":"V\u00e1lido","vap":"102","pvap":"   0,57"},{"seq":"126","sqcand":"40001044602","n":"20555","nm":"LAILA MAR","cc":"PSC","nv":" ","e":"n","st":"N\u00e3o eleito","dvt":"V\u00e1lido","vap":"29","pvap":"   0,16"},{"seq":"33","sqcand":"40000678752","n":"43123","nm":"NOKA MACIEL","cc":"PV","nv":" ","e":"n","st":"Suplente","dvt":"V\u00e1lido","vap":"127","pvap":"   0,71"},{"seq":"138","sqcand":"40001252821","n":"19789","nm":"NADIMA LEAO","cc":"PODE","nv":" ","e":"n","st":"N\u00e3o eleito","dvt":"V\u00e1lido","vap":"16","pvap":"   0,09"},{"seq":"131","sqcand":"40000678742","n":"22322","nm":"ANA MARIA GOMES","cc":"PL","nv":" ","e":"n","st":"N\u00e3o eleito","dvt":"V\u00e1lido","vap":"21","pvap":"   0,12"},{"seq":"156","sqcand":"40001252840","n":"13222","nm":"TIAGO SOUZA","cc":"PT","nv":" ","e":"n","st":"N\u00e3o eleito","dvt":"V\u00e1lido","vap":"4","pvap":"   0,02"},{"seq":"86","sqcand":"40001252810","n":"10166","nm":"IANE GRA\u00c7A","cc":"REPUBLICANOS","nv":" ","e":"n","st":"Suplente","dvt":"V\u00e1lido","vap":"18","pvap":"   0,10"},{"seq":"17","sqcand":"40001255239","n":"15111","nm":"RICARDO MELO","cc":"MDB","nv":" ","e":"n","st":"Suplente","dvt":"V\u00e1lido","vap":"288","pvap":"   1,61"},{"seq":"159","sqcand":"40001252857","n":"55999","nm":"CAROL DA LENA","cc":"PSD","nv":" ","e":"n","st":"N\u00e3o eleito","dvt":"V\u00e1lido","vap":"3","pvap":"   0,02"},{"seq":"95","sqcand":"40001044509","n":"43255","nm":"MILMA","cc":"PV","nv":" ","e":"n","st":"Suplente","dvt":"V\u00e1lido","vap":"6","pvap":"   0,03"},{"seq":"80","sqcand":"40001252814","n":"10567","nm":"ANA ISABEL","cc":"REPUBLICANOS","nv":" ","e":"n","st":"Suplente","dvt":"V\u00e1lido","vap":"21","pvap":"   0,12"},{"seq":"32","sqcand":"40001045037","n":"70777","nm":"TEREZA PINHEIRO","cc":"AVANTE","nv":" ","e":"n","st":"Suplente","dvt":"V\u00e1lido","vap":"128","pvap":"   0,72"},{"seq":"88","sqcand":"40001062491","n":"43777","nm":"RAIMUNDO SILVA","cc":"PV","nv":" ","e":"n","st":"Suplente","dvt":"V\u00e1lido","vap":"16","pvap":"   0,09"},{"seq":"67","sqcand":"40001043533","n":"17111","nm":"PROFESSORA LETICIA ","cc":"PSL","nv":" ","e":"n","st":"Suplente","dvt":"V\u00e1lido","vap":"39","pvap":"   0,22"},{"seq":"130","sqcand":"40001252845","n":"13000","nm":"PETELECO DO PT","cc":"PT","nv":" ","e":"n","st":"N\u00e3o eleito","dvt":"V\u00e1lido","vap":"21","pvap":"   0,12"},{"seq":"8","sqcand":"40001043532","n":"17444","nm":"RODRIGO PANTOJA","cc":"PSL","nv":" ","e":"s","st":"Eleito","dvt":"V\u00e1lido","vap":"333","pvap":"   1,86"},{"seq":"2","sqcand":"40001045572","n":"43000","nm":"TADEU LINHARES","cc":"PV","nv":" ","e":"s","st":"Eleito","dvt":"V\u00e1lido","vap":"768","pvap":"   4,30"},{"seq":"4","sqcand":"40001218493","n":"11111","nm":"EDILSON BATISTA","cc":"PP","nv":" ","e":"s","st":"Eleito","dvt":"V\u00e1lido","vap":"572","pvap":"   3,20"},{"seq":"149","sqcand":"40001252826","n":"19333","nm":"EDNA COLARES","cc":"PODE","nv":" ","e":"n","st":"N\u00e3o eleito","dvt":"V\u00e1lido","vap":"9","pvap":"   0,05"},{"seq":"108","sqcand":"40000678741","n":"22777","nm":"WILIS BUZEGO","cc":"PL","nv":" ","e":"n","st":"N\u00e3o eleito","dvt":"V\u00e1lido","vap":"134","pvap":"   0,75"},{"seq":"23","sqcand":"40001252815","n":"10123","nm":"RONALDO FREITAS","cc":"REPUBLICANOS","nv":" ","e":"n","st":"Suplente","dvt":"V\u00e1lido","vap":"219","pvap":"   1,23"},{"seq":"110","sqcand":"40000678748","n":"22000","nm":"MATEUS PANTOJA","cc":"PL","nv":" ","e":"n","st":"N\u00e3o eleito","dvt":"V\u00e1lido","vap":"112","pvap":"   0,63"}]}
