{"ele":"426","tpabr":"mu","cdabr":"02259","carper":"13","t":"1","f":"o","dt":"15/11/2020","ht":"22:50:00","dv":"s","tf":"n","v":"15","esae":"n","mnae":"","s":"140","st":"138","pst":"  98,57","snt":"2","psnt":"   1,43","si":"138","psi":"  98,57","sni":"0","psni":"   0,00","sa":"138","psa":" 100,00","sna":"0","psna":"   0,00","e":"49702","ea":"49264","pea":" 100,00","ena":"0","pena":"   0,00","esi":"49264","pesi":"  98,57","esni":"0","pesni":"   0,00","c":"38407","pc":"  77,96","a":"10857","pa":"  22,04","vscv":"0","vnom":"36033","vl":"1678","pvnom":"  95,55","pvl":"   4,45","vvc":"37847","pvvc":"  98,54","vb":"169","pvb":"   0,44","tvn":"391","ptvn":"   1,02","vn":"390","pvn":"  99,74","vnt":"1","pvnt":"   0,26","vp":"0","pvp":"   0,00","vv":"37711","pvv":"  99,64","van":"0","pvan":"   0,00","vansj":"136","pvansj":"   0,36","tv":"38407","cand":[{"seq":"67","sqcand":"40000880528","n":"15567","nm":"ANSELMO MARTINS","cc":"MDB","nv":" ","e":"n","st":"","dvt":"V\u00e1lido","vap":"127","pvap":"   0,34"},{"seq":"104","sqcand":"40001254134","n":"77333","nm":"ERLENEY LADEIRINHA","cc":"SOLIDARIEDADE","nv":" ","e":"n","st":"","dvt":"V\u00e1lido","vap":"35","pvap":"   0,09"},{"seq":"48","sqcand":"40000888121","n":"11255","nm":"COIMBRA","cc":"PP","nv":" ","e":"n","st":"","dvt":"V\u00e1lido","vap":"220","pvap":"   0,58"},{"seq":"122","sqcand":"40001157708","n":"70000","nm":"BONI BELEM","cc":"AVANTE","nv":" ","e":"n","st":"","dvt":"V\u00e1lido","vap":"18","pvap":"   0,05"},{"seq":"81","sqcand":"40000891381","n":"55100","nm":"ARLETH DO CARTORIO","cc":"PSD","nv":" ","e":"n","st":"","dvt":"V\u00e1lido","vap":"75","pvap":"   0,20"},{"seq":"27","sqcand":"40000890574","n":"22236","nm":"WILLEM","cc":"PL","nv":" ","e":"n","st":"","dvt":"V\u00e1lido","vap":"516","pvap":"   1,36"},{"seq":"139","sqcand":"40001254130","n":"77555","nm":"ALLAN LUIZ","cc":"SOLIDARIEDADE","nv":" ","e":"n","st":"","dvt":"V\u00e1lido","vap":"10","pvap":"   0,03"},{"seq":"119","sqcand":"40001158841","n":"19122","nm":"GIGANTE","cc":"PODE","nv":" ","e":"n","st":"","dvt":"V\u00e1lido","vap":"20","pvap":"   0,05"},{"seq":"93","sqcand":"40000880539","n":"15255","nm":"VALDERI BONFIM","cc":"MDB","nv":" ","e":"n","st":"","dvt":"V\u00e1lido","vap":"45","pvap":"   0,12"},{"seq":"61","sqcand":"40000891380","n":"55455","nm":"SARLEY ALMEIDA","cc":"PSD","nv":" ","e":"n","st":"","dvt":"V\u00e1lido","vap":"156","pvap":"   0,41"},{"seq":"150","sqcand":"40001254137","n":"77777","nm":"RANIEL FERNANDES","cc":"SOLIDARIEDADE","nv":" ","e":"n","st":"","dvt":"V\u00e1lido","vap":"7","pvap":"   0,02"},{"seq":"66","sqcand":"40000890563","n":"22999","nm":"ANDREZA REIS","cc":"PL","nv":" ","e":"n","st":"","dvt":"V\u00e1lido","vap":"130","pvap":"   0,34"},{"seq":"3","sqcand":"40000891379","n":"55123","nm":"ZE CARLOS","cc":"PSD","nv":" ","e":"n","st":"","dvt":"V\u00e1lido","vap":"1250","pvap":"   3,30"},{"seq":"190","sqcand":"40001267111","n":"25678","nm":"ROMENGO","cc":"DEM","nv":" ","e":"n","st":"","dvt":"V\u00e1lido","vap":"0","pvap":"00.00"},{"seq":"105","sqcand":"40000880524","n":"15234","nm":"ARIVELTON SANTOS","cc":"MDB","nv":" ","e":"n","st":"","dvt":"V\u00e1lido","vap":"34","pvap":"   0,09"},{"seq":"102","sqcand":"40001158835","n":"19007","nm":"F\u00c1BIO COSTA","cc":"PODE","nv":" ","e":"n","st":"","dvt":"V\u00e1lido","vap":"36","pvap":"   0,10"},{"seq":"98","sqcand":"40001154999","n":"17777","nm":"GLEISON","cc":"PSL","nv":" ","e":"n","st":"","dvt":"V\u00e1lido","vap":"41","pvap":"   0,11"},{"seq":"41","sqcand":"40000890565","n":"22456","nm":"ROB\u00c9RIO QUEIROZ","cc":"PL","nv":" ","e":"n","st":"","dvt":"V\u00e1lido","vap":"291","pvap":"   0,77"},{"seq":"133","sqcand":"40001155001","n":"17123","nm":"ARTHUR O TOP","cc":"PSL","nv":" ","e":"n","st":"","dvt":"Anulado sub judice","vap":"11","pvap":"   0,03"},{"seq":"120","sqcand":"40000880523","n":"15164","nm":"IRLANDA DO PERA","cc":"MDB","nv":" ","e":"n","st":"","dvt":"V\u00e1lido","vap":"19","pvap":"   0,05"},{"seq":"70","sqcand":"40000891376","n":"55888","nm":"SARGENTO REGIA ALFAIA","cc":"PSD","nv":" ","e":"n","st":"","dvt":"V\u00e1lido","vap":"124","pvap":"   0,33"},{"seq":"52","sqcand":"40000891373","n":"55444","nm":"NALBERTO MAXIMO","cc":"PSD","nv":" ","e":"n","st":"","dvt":"V\u00e1lido","vap":"182","pvap":"   0,48"},{"seq":"47","sqcand":"40000890569","n":"22333","nm":"BRUNO FREITAS","cc":"PL","nv":" ","e":"n","st":"","dvt":"V\u00e1lido","vap":"233","pvap":"   0,62"},{"seq":"50","sqcand":"40000890561","n":"22789","nm":"DR ALDIONE CORDOVIL","cc":"PL","nv":" ","e":"n","st":"","dvt":"V\u00e1lido","vap":"204","pvap":"   0,54"},{"seq":"161","sqcand":"40000862584","n":"10236","nm":"SARA ARRUDA","cc":"REPUBLICANOS","nv":" ","e":"n","st":"","dvt":"V\u00e1lido","vap":"4","pvap":"   0,01"},{"seq":"134","sqcand":"40001254128","n":"77666","nm":"AD\u00c3O FERNANDES","cc":"SOLIDARIEDADE","nv":" ","e":"n","st":"","dvt":"V\u00e1lido","vap":"11","pvap":"   0,03"},{"seq":"11","sqcand":"40000888122","n":"11456","nm":"EDELSON FIALHO","cc":"PP","nv":" ","e":"n","st":"","dvt":"V\u00e1lido","vap":"856","pvap":"   2,26"},{"seq":"101","sqcand":"40001159882","n":"20111","nm":"SULIVAN MAIA","cc":"PSC","nv":" ","e":"n","st":"","dvt":"V\u00e1lido","vap":"36","pvap":"   0,10"},{"seq":"2","sqcand":"40000880535","n":"15123","nm":"DULCE MENEZES","cc":"MDB","nv":" ","e":"n","st":"","dvt":"V\u00e1lido","vap":"1597","pvap":"   4,22"},{"seq":"187","sqcand":"40001158823","n":"19987","nm":"ALDENEIDA GUIMARAES","cc":"PODE","nv":" ","e":"n","st":"","dvt":"V\u00e1lido","vap":"0","pvap":"00.00"},{"seq":"73","sqcand":"40000862582","n":"10444","nm":"ROM\u00c1RIO DOS PINTORES","cc":"REPUBLICANOS","nv":" ","e":"n","st":"","dvt":"V\u00e1lido","vap":"101","pvap":"   0,27"},{"seq":"113","sqcand":"40001155005","n":"17444","nm":"LEOZINHA","cc":"PSL","nv":" ","e":"n","st":"","dvt":"V\u00e1lido","vap":"23","pvap":"   0,06"},{"seq":"188","sqcand":"40001249834","n":"43567","nm":"ALZENOR OLIVEIERA DA SILVA","cc":"PV","nv":" ","e":"n","st":"","dvt":"V\u00e1lido","vap":"0","pvap":"00.00"},{"seq":"42","sqcand":"40000862580","n":"10000","nm":"DR NATANAEL","cc":"REPUBLICANOS","nv":" ","e":"n","st":"","dvt":"V\u00e1lido","vap":"265","pvap":"   0,70"},{"seq":"6","sqcand":"40000890567","n":"22234","nm":"NELSON DO CAMINH\u00c3O","cc":"PL","nv":" ","e":"n","st":"","dvt":"V\u00e1lido","vap":"1058","pvap":"   2,80"},{"seq":"109","sqcand":"40001127827","n":"12110","nm":"ATAIDE OLIVEIRA","cc":"PDT","nv":" ","e":"n","st":"","dvt":"V\u00e1lido","vap":"26","pvap":"   0,07"},{"seq":"20","sqcand":"40000888120","n":"11444","nm":"CELMA DO JODATE","cc":"PP","nv":" ","e":"n","st":"","dvt":"V\u00e1lido","vap":"575","pvap":"   1,52"},{"seq":"182","sqcand":"40001158833","n":"19308","nm":"MARINILDA OLIVEIRA","cc":"PODE","nv":" ","e":"n","st":"","dvt":"V\u00e1lido","vap":"1","pvap":"   0,00"},{"seq":"140","sqcand":"40001254127","n":"77888","nm":"STEFANNY BEATRIZ","cc":"SOLIDARIEDADE","nv":" ","e":"n","st":"","dvt":"V\u00e1lido","vap":"10","pvap":"   0,03"},{"seq":"173","sqcand":"40001154997","n":"17117","nm":"NEG\u00c3O DA LIBERDADE","cc":"PSL","nv":" ","e":"n","st":"","dvt":"V\u00e1lido","vap":"2","pvap":"   0,01"},{"seq":"1","sqcand":"40000888119","n":"11236","nm":"JEANY PINHEIRO","cc":"PP","nv":" ","e":"n","st":"","dvt":"V\u00e1lido","vap":"1868","pvap":"   4,94"},{"seq":"62","sqcand":"40000890570","n":"22369","nm":"FERREIRINHA","cc":"PL","nv":" ","e":"n","st":"","dvt":"V\u00e1lido","vap":"155","pvap":"   0,41"},{"seq":"97","sqcand":"40000862575","n":"10232","nm":"FABIANA GARCIA","cc":"REPUBLICANOS","nv":" ","e":"n","st":"","dvt":"V\u00e1lido","vap":"41","pvap":"   0,11"},{"seq":"65","sqcand":"40001158831","n":"19555","nm":"RHUAN CASA DA SOPA","cc":"PODE","nv":" ","e":"n","st":"","dvt":"V\u00e1lido","vap":"138","pvap":"   0,36"},{"seq":"178","sqcand":"40000862565","n":"10999","nm":"MAURICIO PEREIRA","cc":"REPUBLICANOS","nv":" ","e":"n","st":"","dvt":"V\u00e1lido","vap":"1","pvap":"   0,00"},{"seq":"7","sqcand":"40000880540","n":"15214","nm":"SALU JUNIOR","cc":"MDB","nv":" ","e":"n","st":"","dvt":"V\u00e1lido","vap":"955","pvap":"   2,52"},{"seq":"147","sqcand":"40001127835","n":"12222","nm":"GILMARA TENACOL","cc":"PDT","nv":" ","e":"n","st":"","dvt":"V\u00e1lido","vap":"8","pvap":"   0,02"},{"seq":"39","sqcand":"40000862567","n":"10147","nm":"ELIANE CAVALCANTE","cc":"REPUBLICANOS","nv":" ","e":"n","st":"","dvt":"V\u00e1lido","vap":"306","pvap":"   0,81"},{"seq":"186","sqcand":"40000880525","n":"15999","nm":"CUNHA","cc":"MDB","nv":" ","e":"n","st":"","dvt":"V\u00e1lido","vap":"0","pvap":"00.00"},{"seq":"165","sqcand":"40001155003","n":"17333","nm":"JAQUE DO CHORA","cc":"PSL","nv":" ","e":"n","st":"","dvt":"V\u00e1lido","vap":"3","pvap":"   0,01"},{"seq":"130","sqcand":"40000891366","n":"55255","nm":"KELLY UGARTE","cc":"PSD","nv":" ","e":"n","st":"","dvt":"V\u00e1lido","vap":"12","pvap":"   0,03"},{"seq":"4","sqcand":"40000890571","n":"22222","nm":"BACANA","cc":"PL","nv":" ","e":"n","st":"","dvt":"V\u00e1lido","vap":"1126","pvap":"   2,98"},{"seq":"143","sqcand":"40001254131","n":"77000","nm":"ANDERSON CUSTODIO","cc":"SOLIDARIEDADE","nv":" ","e":"n","st":"","dvt":"V\u00e1lido","vap":"9","pvap":"   0,02"},{"seq":"78","sqcand":"40000862573","n":"10223","nm":"PROFESSORA ELEN BARBOSA","cc":"REPUBLICANOS","nv":" ","e":"n","st":"","dvt":"V\u00e1lido","vap":"79","pvap":"   0,21"},{"seq":"71","sqcand":"40000890576","n":"22666","nm":"COSMINHO ARA\u00daJO","cc":"PL","nv":" ","e":"n","st":"","dvt":"V\u00e1lido","vap":"122","pvap":"   0,32"},{"seq":"60","sqcand":"40001159881","n":"20777","nm":"ELBER DANTAS","cc":"PSC","nv":" ","e":"n","st":"","dvt":"V\u00e1lido","vap":"159","pvap":"   0,42"},{"seq":"137","sqcand":"40001154996","n":"17447","nm":"SIDINEI RODRIGUES","cc":"PSL","nv":" ","e":"n","st":"","dvt":"V\u00e1lido","vap":"10","pvap":"   0,03"},{"seq":"200","sqcand":"40001267109","n":"19005","nm":"ADRIANA MORIZ","cc":"PODE","nv":" ","e":"n","st":"","dvt":"V\u00e1lido","vap":"0","pvap":"00.00"},{"seq":"138","sqcand":"40000890568","n":"22212","nm":"NILDE LIRA","cc":"PL","nv":" ","e":"n","st":"","dvt":"V\u00e1lido","vap":"10","pvap":"   0,03"},{"seq":"152","sqcand":"40001249835","n":"43453","nm":"NAIDIENE QUEIROZ DOS SANTOS","cc":"PV","nv":" ","e":"n","st":"","dvt":"V\u00e1lido","vap":"7","pvap":"   0,02"},{"seq":"21","sqcand":"40000888127","n":"11222","nm":"MARCIO ALMEIDA","cc":"PP","nv":" ","e":"n","st":"","dvt":"V\u00e1lido","vap":"555","pvap":"   1,47"},{"seq":"135","sqcand":"40001248182","n":"90190","nm":"RAIMUNDO PARASINHO ","cc":"PROS","nv":" ","e":"n","st":"","dvt":"V\u00e1lido","vap":"11","pvap":"   0,03"},{"seq":"92","sqcand":"40000835419","n":"14777","nm":"ANDREIA DIVINA S\u00c1","cc":"PTB","nv":" ","e":"n","st":"","dvt":"V\u00e1lido","vap":"47","pvap":"   0,12"},{"seq":"132","sqcand":"40000862576","n":"10124","nm":"GAGUINHO DO CAVI\u00c1 COM JARAQUI","cc":"REPUBLICANOS","nv":" ","e":"n","st":"","dvt":"V\u00e1lido","vap":"11","pvap":"   0,03"},{"seq":"151","sqcand":"40001248179","n":"90155","nm":"RADAMES ","cc":"PROS","nv":" ","e":"n","st":"","dvt":"V\u00e1lido","vap":"7","pvap":"   0,02"},{"seq":"95","sqcand":"40001159894","n":"20120","nm":"PROF ZE","cc":"PSC","nv":" ","e":"n","st":"","dvt":"V\u00e1lido","vap":"44","pvap":"   0,12"},{"seq":"141","sqcand":"40001248183","n":"90111","nm":"METUSAL\u00c9M PEREIRA","cc":"PROS","nv":" ","e":"n","st":"","dvt":"V\u00e1lido","vap":"9","pvap":"   0,02"},{"seq":"100","sqcand":"40000890573","n":"22888","nm":"JUCELINO GUARDA MUNICIPAL","cc":"PL","nv":" ","e":"n","st":"","dvt":"V\u00e1lido","vap":"37","pvap":"   0,10"},{"seq":"198","sqcand":"40001159895","n":"20250","nm":"JOELMA COSTA","cc":"PSC","nv":" ","e":"n","st":"","dvt":"V\u00e1lido","vap":"0","pvap":"00.00"},{"seq":"85","sqcand":"40000890562","n":"22444","nm":"ALCIONILDE QUEIROZ","cc":"PL","nv":" ","e":"n","st":"","dvt":"V\u00e1lido","vap":"70","pvap":"   0,18"},{"seq":"129","sqcand":"40001127833","n":"12114","nm":"VALCIONE","cc":"PDT","nv":" ","e":"n","st":"","dvt":"V\u00e1lido","vap":"13","pvap":"   0,03"},{"seq":"9","sqcand":"40000880532","n":"15555","nm":"CARLINHOS DO BEM","cc":"MDB","nv":" ","e":"n","st":"","dvt":"V\u00e1lido","vap":"928","pvap":"   2,45"},{"seq":"54","sqcand":"40000888129","n":"11333","nm":"BRANCO MONTEIRO","cc":"PP","nv":" ","e":"n","st":"","dvt":"V\u00e1lido","vap":"173","pvap":"   0,46"},{"seq":"64","sqcand":"40000890578","n":"22223","nm":"DIONEY LIMA","cc":"PL","nv":" ","e":"n","st":"","dvt":"V\u00e1lido","vap":"144","pvap":"   0,38"},{"seq":"157","sqcand":"40000880533","n":"15777","nm":"KATIA GOUVEIA","cc":"MDB","nv":" ","e":"n","st":"","dvt":"V\u00e1lido","vap":"6","pvap":"   0,02"},{"seq":"82","sqcand":"40000862581","n":"10666","nm":"PASSAR\u00c3O","cc":"REPUBLICANOS","nv":" ","e":"n","st":"","dvt":"V\u00e1lido","vap":"75","pvap":"   0,20"},{"seq":"149","sqcand":"40001127839","n":"12123","nm":"MARIA ALIGIANA SANTOS","cc":"PDT","nv":" ","e":"n","st":"","dvt":"V\u00e1lido","vap":"8","pvap":"   0,02"},{"seq":"31","sqcand":"40000880534","n":"15444","nm":"MARCIO SOARES","cc":"MDB","nv":" ","e":"n","st":"","dvt":"V\u00e1lido","vap":"422","pvap":"   1,12"},{"seq":"15","sqcand":"40000890579","n":"22123","nm":"ORLEILSON","cc":"PL","nv":" ","e":"n","st":"","dvt":"V\u00e1lido","vap":"721","pvap":"   1,91"},{"seq":"12","sqcand":"40000891364","n":"55456","nm":"MARIO JORGE","cc":"PSD","nv":" ","e":"n","st":"","dvt":"V\u00e1lido","vap":"855","pvap":"   2,26"},{"seq":"55","sqcand":"40000891365","n":"55155","nm":"ZE LUIZ","cc":"PSD","nv":" ","e":"n","st":"","dvt":"V\u00e1lido","vap":"173","pvap":"   0,46"},{"seq":"189","sqcand":"40001248181","n":"90100","nm":"ALDENORA","cc":"PROS","nv":" ","e":"n","st":"","dvt":"V\u00e1lido","vap":"0","pvap":"00.00"},{"seq":"195","sqcand":"40001159887","n":"20444","nm":"SIMONE JIREH","cc":"PSC","nv":" ","e":"n","st":"","dvt":"Anulado sub judice","vap":"0","pvap":"00.00"},{"seq":"10","sqcand":"40000862585","n":"10123","nm":"EDILSON LIMA","cc":"REPUBLICANOS","nv":" ","e":"n","st":"","dvt":"V\u00e1lido","vap":"857","pvap":"   2,26"},{"seq":"22","sqcand":"40000862583","n":"10567","nm":"JOSY DO CIDAD\u00c3O","cc":"REPUBLICANOS","nv":" ","e":"n","st":"","dvt":"V\u00e1lido","vap":"552","pvap":"   1,46"},{"seq":"86","sqcand":"40000890575","n":"22232","nm":"CARLA DUARTE","cc":"PL","nv":" ","e":"n","st":"","dvt":"V\u00e1lido","vap":"69","pvap":"   0,18"},{"seq":"154","sqcand":"40001249836","n":"43222","nm":"MELQUEZEDEQUE GOMES DOS SANTOS","cc":"PV","nv":" ","e":"n","st":"","dvt":"V\u00e1lido","vap":"7","pvap":"   0,02"},{"seq":"33","sqcand":"40000880537","n":"15456","nm":"MIQUEIAS MORIS","cc":"MDB","nv":" ","e":"n","st":"","dvt":"V\u00e1lido","vap":"378","pvap":"   1,00"},{"seq":"126","sqcand":"40001127838","n":"12456","nm":"TANIA ALMEIDA","cc":"PDT","nv":" ","e":"n","st":"","dvt":"V\u00e1lido","vap":"15","pvap":"   0,04"},{"seq":"155","sqcand":"40001127837","n":"12112","nm":"SEU TCHOLY","cc":"PDT","nv":" ","e":"n","st":"","dvt":"V\u00e1lido","vap":"7","pvap":"   0,02"},{"seq":"57","sqcand":"40001254136","n":"77123","nm":"RAUSELIO SILVA","cc":"SOLIDARIEDADE","nv":" ","e":"n","st":"","dvt":"V\u00e1lido","vap":"162","pvap":"   0,43"},{"seq":"45","sqcand":"40000862572","n":"10456","nm":"DIL MATOS","cc":"REPUBLICANOS","nv":" ","e":"n","st":"","dvt":"V\u00e1lido","vap":"243","pvap":"   0,64"},{"seq":"112","sqcand":"40000862579","n":"10888","nm":"CONSELHEIRA RAIANA MAGALHAES","cc":"REPUBLICANOS","nv":" ","e":"n","st":"","dvt":"V\u00e1lido","vap":"24","pvap":"   0,06"},{"seq":"69","sqcand":"40001254133","n":"77222","nm":"ELIANIAS COSTA","cc":"SOLIDARIEDADE","nv":" ","e":"n","st":"","dvt":"V\u00e1lido","vap":"125","pvap":"   0,33"},{"seq":"75","sqcand":"40001157716","n":"70123","nm":"ISMAEL ARAUJO","cc":"AVANTE","nv":" ","e":"n","st":"","dvt":"V\u00e1lido","vap":"90","pvap":"   0,24"},{"seq":"17","sqcand":"40000888130","n":"11123","nm":"RODRIGO ALVES","cc":"PP","nv":" ","e":"n","st":"","dvt":"V\u00e1lido","vap":"689","pvap":"   1,82"},{"seq":"166","sqcand":"40001159886","n":"20022","nm":"SOCORRINHA DA SANTA EFIGENIA","cc":"PSC","nv":" ","e":"n","st":"","dvt":"Anulado sub judice","vap":"2","pvap":"   0,01"},{"seq":"127","sqcand":"40000862571","n":"10234","nm":"ANTONIO F\u00c9LIX","cc":"REPUBLICANOS","nv":" ","e":"n","st":"","dvt":"V\u00e1lido","vap":"14","pvap":"   0,04"},{"seq":"26","sqcand":"40000890559","n":"22345","nm":"AD\u00c3O MARTINS","cc":"PL","nv":" ","e":"n","st":"","dvt":"V\u00e1lido","vap":"517","pvap":"   1,37"},{"seq":"153","sqcand":"40000880536","n":"15000","nm":"LAZARO TORRES","cc":"MDB","nv":" ","e":"n","st":"","dvt":"V\u00e1lido","vap":"7","pvap":"   0,02"},{"seq":"121","sqcand":"40000880527","n":"15678","nm":"JOICE BRONZE","cc":"MDB","nv":" ","e":"n","st":"","dvt":"V\u00e1lido","vap":"18","pvap":"   0,05"},{"seq":"96","sqcand":"40000862574","n":"10789","nm":"FRAZINHO","cc":"REPUBLICANOS","nv":" ","e":"n","st":"","dvt":"V\u00e1lido","vap":"41","pvap":"   0,11"},{"seq":"106","sqcand":"40000891367","n":"55234","nm":"ELISANGELA MARINS","cc":"PSD","nv":" ","e":"n","st":"","dvt":"V\u00e1lido","vap":"31","pvap":"   0,08"},{"seq":"181","sqcand":"40001159891","n":"20000","nm":"ZE REAL","cc":"PSC","nv":" ","e":"n","st":"","dvt":"V\u00e1lido","vap":"1","pvap":"   0,00"},{"seq":"68","sqcand":"40001158827","n":"19111","nm":"VANZ\u00c3O","cc":"PODE","nv":" ","e":"n","st":"","dvt":"V\u00e1lido","vap":"125","pvap":"   0,33"},{"seq":"89","sqcand":"40001159883","n":"20555","nm":"ABMAEL SILVA","cc":"PSC","nv":" ","e":"n","st":"","dvt":"V\u00e1lido","vap":"55","pvap":"   0,15"},{"seq":"142","sqcand":"40001127829","n":"12777","nm":"DANIEL COSTA","cc":"PDT","nv":" ","e":"n","st":"","dvt":"V\u00e1lido","vap":"9","pvap":"   0,02"},{"seq":"32","sqcand":"40000890581","n":"22111","nm":"PROF EDIVALDO HOLANDA","cc":"PL","nv":" ","e":"n","st":"","dvt":"V\u00e1lido","vap":"391","pvap":"   1,03"},{"seq":"162","sqcand":"40000876356","n":"25222","nm":"ELIANA ALMEIDA","cc":"DEM","nv":" ","e":"n","st":"","dvt":"V\u00e1lido","vap":"3","pvap":"   0,01"},{"seq":"145","sqcand":"40001127832","n":"12113","nm":"THARLES DA SILVA","cc":"PDT","nv":" ","e":"n","st":"","dvt":"V\u00e1lido","vap":"9","pvap":"   0,02"},{"seq":"103","sqcand":"40001155000","n":"17175","nm":"J\u00daNIOR LIRA","cc":"PSL","nv":" ","e":"n","st":"","dvt":"Anulado sub judice","vap":"36","pvap":"   0,10"},{"seq":"183","sqcand":"40000888124","n":"11234","nm":"EMILIA TANANTA","cc":"PP","nv":" ","e":"n","st":"","dvt":"Anulado sub judice","vap":"1","pvap":"   0,00"},{"seq":"79","sqcand":"40000876355","n":"25612","nm":"ANTONY DO PERA","cc":"DEM","nv":" ","e":"n","st":"","dvt":"Anulado sub judice","vap":"79","pvap":"   0,21"},{"seq":"59","sqcand":"40000891377","n":"55055","nm":"SOCORRO SALDANHA","cc":"PSD","nv":" ","e":"n","st":"","dvt":"V\u00e1lido","vap":"159","pvap":"   0,42"},{"seq":"90","sqcand":"40001158832","n":"19233","nm":"JAIRON SOARES","cc":"PODE","nv":" ","e":"n","st":"","dvt":"V\u00e1lido","vap":"49","pvap":"   0,13"},{"seq":"123","sqcand":"40001157715","n":"70222","nm":"EMERSON SILVA","cc":"AVANTE","nv":" ","e":"n","st":"","dvt":"V\u00e1lido","vap":"18","pvap":"   0,05"},{"seq":"194","sqcand":"40001157714","n":"70761","nm":"MARNIL\u00c7A","cc":"AVANTE","nv":" ","e":"n","st":"","dvt":"Anulado sub judice","vap":"0","pvap":"00.00"},{"seq":"99","sqcand":"40000888132","n":"11511","nm":"MARINETE PINHEIRO","cc":"PP","nv":" ","e":"n","st":"","dvt":"V\u00e1lido","vap":"37","pvap":"   0,10"},{"seq":"156","sqcand":"40001158830","n":"19444","nm":"ECIVLDO GON\u00c7ALVES","cc":"PODE","nv":" ","e":"n","st":"","dvt":"V\u00e1lido","vap":"6","pvap":"   0,02"},{"seq":"30","sqcand":"40001158824","n":"19133","nm":"JUNIOR MITOUSO","cc":"PODE","nv":" ","e":"n","st":"","dvt":"V\u00e1lido","vap":"450","pvap":"   1,19"},{"seq":"158","sqcand":"40001254132","n":"77321","nm":"ELIZANGELA CANDIDO","cc":"SOLIDARIEDADE","nv":" ","e":"n","st":"","dvt":"V\u00e1lido","vap":"5","pvap":"   0,01"},{"seq":"168","sqcand":"40001157713","n":"70999","nm":"JOSE PESSOA","cc":"AVANTE","nv":" ","e":"n","st":"","dvt":"V\u00e1lido","vap":"2","pvap":"   0,01"},{"seq":"16","sqcand":"40000862569","n":"10555","nm":"ALTEMIR MELO","cc":"REPUBLICANOS","nv":" ","e":"n","st":"","dvt":"V\u00e1lido","vap":"715","pvap":"   1,89"},{"seq":"87","sqcand":"40000890580","n":"22211","nm":"LAIZA ALFAIA","cc":"PL","nv":" ","e":"n","st":"","dvt":"V\u00e1lido","vap":"66","pvap":"   0,17"},{"seq":"108","sqcand":"40000876354","n":"25123","nm":"ARTEMISA DO LANCHE","cc":"DEM","nv":" ","e":"n","st":"","dvt":"V\u00e1lido","vap":"30","pvap":"   0,08"},{"seq":"91","sqcand":"40000862566","n":"10777","nm":"BATH HAROLDO","cc":"REPUBLICANOS","nv":" ","e":"n","st":"","dvt":"V\u00e1lido","vap":"49","pvap":"   0,13"},{"seq":"18","sqcand":"40000888128","n":"11111","nm":"CRISTIAN PEREIRA","cc":"PP","nv":" ","e":"n","st":"","dvt":"V\u00e1lido","vap":"680","pvap":"   1,80"},{"seq":"128","sqcand":"40000876353","n":"25455","nm":"NEIDE AMORIM","cc":"DEM","nv":" ","e":"n","st":"","dvt":"V\u00e1lido","vap":"14","pvap":"   0,04"},{"seq":"180","sqcand":"40001155006","n":"17017","nm":"SEBASTI\u00c3O GOMES","cc":"PSL","nv":" ","e":"n","st":"","dvt":"V\u00e1lido","vap":"1","pvap":"   0,00"},{"seq":"35","sqcand":"40000880529","n":"15333","nm":"EUDO DO COPE\u00c1","cc":"MDB","nv":" ","e":"n","st":"","dvt":"V\u00e1lido","vap":"360","pvap":"   0,95"},{"seq":"13","sqcand":"40000888118","n":"11478","nm":"ERIVAN DA PESCA","cc":"PP","nv":" ","e":"n","st":"","dvt":"V\u00e1lido","vap":"763","pvap":"   2,02"},{"seq":"63","sqcand":"40000891371","n":"55550","nm":"PACU","cc":"PSD","nv":" ","e":"n","st":"","dvt":"V\u00e1lido","vap":"154","pvap":"   0,41"},{"seq":"58","sqcand":"40001156869","n":"55999","nm":"CINEY VIT\u00d3RIA DE CRISTO","cc":"PSD","nv":" ","e":"n","st":"","dvt":"V\u00e1lido","vap":"162","pvap":"   0,43"},{"seq":"169","sqcand":"40001254129","n":"77999","nm":"ZENEIDE BRAGA","cc":"SOLIDARIEDADE","nv":" ","e":"n","st":"","dvt":"V\u00e1lido","vap":"2","pvap":"   0,01"},{"seq":"171","sqcand":"40001158838","n":"19456","nm":"RODRIGO RIBEIRO","cc":"PODE","nv":" ","e":"n","st":"","dvt":"V\u00e1lido","vap":"2","pvap":"   0,01"},{"seq":"83","sqcand":"40001159890","n":"20888","nm":"MICHEQUE DO PIP\u00cd","cc":"PSC","nv":" ","e":"n","st":"","dvt":"V\u00e1lido","vap":"75","pvap":"   0,20"},{"seq":"185","sqcand":"40001159892","n":"20321","nm":"FERNANDA VIEIRA","cc":"PSC","nv":" ","e":"n","st":"","dvt":"V\u00e1lido","vap":"1","pvap":"   0,00"},{"seq":"136","sqcand":"40001127836","n":"12000","nm":"KEILA LIMA","cc":"PDT","nv":" ","e":"n","st":"","dvt":"V\u00e1lido","vap":"11","pvap":"   0,03"},{"seq":"53","sqcand":"40000891382","n":"55665","nm":"JEANE REIS","cc":"PSD","nv":" ","e":"n","st":"","dvt":"V\u00e1lido","vap":"182","pvap":"   0,48"},{"seq":"34","sqcand":"40000862577","n":"10222","nm":"JOABE J\u00c1COMO","cc":"REPUBLICANOS","nv":" ","e":"n","st":"","dvt":"V\u00e1lido","vap":"363","pvap":"   0,96"},{"seq":"159","sqcand":"40001157718","n":"70190","nm":"SGT. CALDAS","cc":"AVANTE","nv":" ","e":"n","st":"","dvt":"V\u00e1lido","vap":"4","pvap":"   0,01"},{"seq":"196","sqcand":"40001275254","n":"19349","nm":"SOCORRO FREITAS","cc":"PODE","nv":" ","e":"n","st":"","dvt":"V\u00e1lido","vap":"0","pvap":"00.00"},{"seq":"115","sqcand":"40000876352","n":"25777","nm":"BRAD SKY","cc":"DEM","nv":" ","e":"n","st":"","dvt":"V\u00e1lido","vap":"22","pvap":"   0,06"},{"seq":"144","sqcand":"40001157711","n":"70778","nm":"LUCIANA FABA","cc":"AVANTE","nv":" ","e":"n","st":"","dvt":"V\u00e1lido","vap":"9","pvap":"   0,02"},{"seq":"23","sqcand":"40000890577","n":"22567","nm":"ELOIZA LIMA","cc":"PL","nv":" ","e":"n","st":"","dvt":"V\u00e1lido","vap":"536","pvap":"   1,42"},{"seq":"131","sqcand":"40001155004","n":"17010","nm":"LOR\u00c3O DO PIORINI","cc":"PSL","nv":" ","e":"n","st":"","dvt":"V\u00e1lido","vap":"12","pvap":"   0,03"},{"seq":"199","sqcand":"40001267110","n":"25111","nm":"MANEL SERRADOR","cc":"DEM","nv":" ","e":"n","st":"","dvt":"V\u00e1lido","vap":"0","pvap":"00.00"},{"seq":"170","sqcand":"40001158834","n":"19733","nm":"MIL MITOUSO","cc":"PODE","nv":" ","e":"n","st":"","dvt":"V\u00e1lido","vap":"2","pvap":"   0,01"},{"seq":"88","sqcand":"40000891368","n":"55011","nm":"ADRIANO CHAGAS","cc":"PSD","nv":" ","e":"n","st":"","dvt":"V\u00e1lido","vap":"61","pvap":"   0,16"},{"seq":"124","sqcand":"40001158828","n":"19999","nm":"FABA TICUNA","cc":"PODE","nv":" ","e":"n","st":"","dvt":"V\u00e1lido","vap":"16","pvap":"   0,04"},{"seq":"14","sqcand":"40001158840","n":"19000","nm":"ZEZINHO BASTOS","cc":"PODE","nv":" ","e":"n","st":"","dvt":"V\u00e1lido","vap":"748","pvap":"   1,98"},{"seq":"197","sqcand":"40001159889","n":"20020","nm":"EWERTONW MEDEIROS","cc":"PSC","nv":" ","e":"n","st":"","dvt":"Anulado sub judice","vap":"0","pvap":"00.00"},{"seq":"192","sqcand":"40001158839","n":"19234","nm":"SHEILA SILVA","cc":"PODE","nv":" ","e":"n","st":"","dvt":"V\u00e1lido","vap":"0","pvap":"00.00"},{"seq":"172","sqcand":"40001249833","n":"43333","nm":"RUBSON RIBEIRO DE LIMA","cc":"PV","nv":" ","e":"n","st":"","dvt":"V\u00e1lido","vap":"2","pvap":"   0,01"},{"seq":"51","sqcand":"40001159893","n":"20333","nm":"MC GLIOCIONE","cc":"PSC","nv":" ","e":"n","st":"","dvt":"V\u00e1lido","vap":"195","pvap":"   0,52"},{"seq":"5","sqcand":"40000880538","n":"15222","nm":"MARILSON DO GESSO","cc":"MDB","nv":" ","e":"n","st":"","dvt":"V\u00e1lido","vap":"1079","pvap":"   2,85"},{"seq":"77","sqcand":"40000888131","n":"11000","nm":"WANDREZA GOMES","cc":"PP","nv":" ","e":"n","st":"","dvt":"V\u00e1lido","vap":"86","pvap":"   0,23"},{"seq":"146","sqcand":"40000880530","n":"15033","nm":"EUNERINA MIRANHA","cc":"MDB","nv":" ","e":"n","st":"","dvt":"V\u00e1lido","vap":"8","pvap":"   0,02"},{"seq":"191","sqcand":"40001158837","n":"19199","nm":"CIKA TORRES","cc":"PODE","nv":" ","e":"n","st":"","dvt":"V\u00e1lido","vap":"0","pvap":"00.00"},{"seq":"37","sqcand":"40001158829","n":"19123","nm":"CL\u00c9O","cc":"PODE","nv":" ","e":"n","st":"","dvt":"V\u00e1lido","vap":"346","pvap":"   0,91"},{"seq":"114","sqcand":"40001157709","n":"70777","nm":"ANA GLAUCIA ASENSI","cc":"AVANTE","nv":" ","e":"n","st":"","dvt":"V\u00e1lido","vap":"23","pvap":"   0,06"},{"seq":"125","sqcand":"40000862570","n":"10321","nm":"ANDREZA ARA\u00daJO","cc":"REPUBLICANOS","nv":" ","e":"n","st":"","dvt":"V\u00e1lido","vap":"16","pvap":"   0,04"},{"seq":"28","sqcand":"40000862578","n":"10111","nm":"TIAGO CORR\u00caA","cc":"REPUBLICANOS","nv":" ","e":"n","st":"","dvt":"V\u00e1lido","vap":"494","pvap":"   1,31"},{"seq":"148","sqcand":"40001254135","n":"77468","nm":"LIDIANE FERREIRA","cc":"SOLIDARIEDADE","nv":" ","e":"n","st":"","dvt":"V\u00e1lido","vap":"8","pvap":"   0,02"},{"seq":"40","sqcand":"40000891369","n":"55555","nm":"PAULO LIMA","cc":"PSD","nv":" ","e":"n","st":"","dvt":"V\u00e1lido","vap":"305","pvap":"   0,81"},{"seq":"111","sqcand":"40001127830","n":"12666","nm":"LUIS BELEM","cc":"PDT","nv":" ","e":"n","st":"","dvt":"V\u00e1lido","vap":"24","pvap":"   0,06"},{"seq":"164","sqcand":"40000888123","n":"11777","nm":"FABIULANE PELADA","cc":"PP","nv":" ","e":"n","st":"","dvt":"V\u00e1lido","vap":"3","pvap":"   0,01"},{"seq":"8","sqcand":"40000888125","n":"11011","nm":"ELINHO OLIVEIRA","cc":"PP","nv":" ","e":"n","st":"","dvt":"V\u00e1lido","vap":"928","pvap":"   2,45"},{"seq":"175","sqcand":"40001157717","n":"70459","nm":"VALDECIR","cc":"AVANTE","nv":" ","e":"n","st":"","dvt":"V\u00e1lido","vap":"2","pvap":"   0,01"},{"seq":"72","sqcand":"40000891370","n":"55244","nm":"GERALDAO","cc":"PSD","nv":" ","e":"n","st":"","dvt":"V\u00e1lido","vap":"116","pvap":"   0,31"},{"seq":"44","sqcand":"40000862586","n":"10001","nm":"S\u00c3O MIGUEL","cc":"REPUBLICANOS","nv":" ","e":"n","st":"","dvt":"V\u00e1lido","vap":"258","pvap":"   0,68"},{"seq":"19","sqcand":"40000890564","n":"22022","nm":"HENRIQUE OLIVEIRA","cc":"PL","nv":" ","e":"n","st":"","dvt":"V\u00e1lido","vap":"668","pvap":"   1,77"},{"seq":"176","sqcand":"40001249832","n":"43123","nm":"LAVINIA EVELLYN PERES FIGUEIRA","cc":"PV","nv":" ","e":"n","st":"","dvt":"V\u00e1lido","vap":"2","pvap":"   0,01"},{"seq":"24","sqcand":"40000880526","n":"15233","nm":"GUILHERME MOREIRA","cc":"MDB","nv":" ","e":"n","st":"","dvt":"V\u00e1lido","vap":"535","pvap":"   1,41"},{"seq":"193","sqcand":"40001254138","n":"77111","nm":"ORNI OLIVEIRA","cc":"SOLIDARIEDADE","nv":" ","e":"n","st":"","dvt":"Anulado sub judice","vap":"0","pvap":"00.00"},{"seq":"94","sqcand":"40000891378","n":"55223","nm":"NENA MEU QUERIDO","cc":"PSD","nv":" ","e":"n","st":"","dvt":"V\u00e1lido","vap":"44","pvap":"   0,12"},{"seq":"36","sqcand":"40000880541","n":"15111","nm":"GILNARA CUNEGNDER","cc":"MDB","nv":" ","e":"n","st":"","dvt":"V\u00e1lido","vap":"359","pvap":"   0,95"},{"seq":"46","sqcand":"40000891374","n":"55111","nm":"CHIQUINHO CARA","cc":"PSD","nv":" ","e":"n","st":"","dvt":"V\u00e1lido","vap":"239","pvap":"   0,63"},{"seq":"201","sqcand":"40001248180","n":"90840","nm":"LILI SANTIAGO","cc":"PROS","nv":" ","e":"n","st":"","dvt":"V\u00e1lido","vap":"0","pvap":"00.00"},{"seq":"160","sqcand":"40001154998","n":"17007","nm":"ALZIRA DO CHAPEL\u00c3O","cc":"PSL","nv":" ","e":"n","st":"","dvt":"Anulado sub judice","vap":"4","pvap":"   0,01"},{"seq":"116","sqcand":"40001127831","n":"12111","nm":"PROF. RENATO MASCARENHAS","cc":"PDT","nv":" ","e":"n","st":"","dvt":"V\u00e1lido","vap":"21","pvap":"   0,06"},{"seq":"80","sqcand":"40000891372","n":"55333","nm":"JAIME MOREIRA","cc":"PSD","nv":" ","e":"n","st":"","dvt":"V\u00e1lido","vap":"78","pvap":"   0,21"},{"seq":"174","sqcand":"40001159885","n":"20040","nm":"VANNY FERREIRA","cc":"PSC","nv":" ","e":"n","st":"","dvt":"Anulado sub judice","vap":"2","pvap":"   0,01"},{"seq":"76","sqcand":"40000880531","n":"15789","nm":"EDINHO MARINHO","cc":"MDB","nv":" ","e":"n","st":"","dvt":"V\u00e1lido","vap":"87","pvap":"   0,23"},{"seq":"110","sqcand":"40001159880","n":"20222","nm":"ITALO BRAGA","cc":"PSC","nv":" ","e":"n","st":"","dvt":"V\u00e1lido","vap":"25","pvap":"   0,07"},{"seq":"117","sqcand":"40001159884","n":"20123","nm":"ABRAIM MOTO TAXI DO POVO","cc":"PSC","nv":" ","e":"n","st":"","dvt":"V\u00e1lido","vap":"20","pvap":"   0,05"},{"seq":"38","sqcand":"40000890572","n":"22777","nm":"EU SOU BE\u00da","cc":"PL","nv":" ","e":"n","st":"","dvt":"V\u00e1lido","vap":"331","pvap":"   0,87"},{"seq":"84","sqcand":"40001157712","n":"70111","nm":"ELITO VARGAS","cc":"AVANTE","nv":" ","e":"n","st":"","dvt":"V\u00e1lido","vap":"73","pvap":"   0,19"},{"seq":"56","sqcand":"40001158836","n":"19333","nm":"CELSO SOUZA","cc":"PODE","nv":" ","e":"n","st":"","dvt":"V\u00e1lido","vap":"169","pvap":"   0,45"},{"seq":"25","sqcand":"40000888126","n":"11555","nm":"JUNIOR DINIZ","cc":"PP","nv":" ","e":"n","st":"","dvt":"V\u00e1lido","vap":"526","pvap":"   1,39"},{"seq":"163","sqcand":"40001159888","n":"20877","nm":"ADELSON CABELEIREIRO","cc":"PSC","nv":" ","e":"n","st":"","dvt":"V\u00e1lido","vap":"3","pvap":"   0,01"},{"seq":"74","sqcand":"40000891375","n":"55023","nm":"ELIANE KARAT\u00ca","cc":"PSD","nv":" ","e":"n","st":"","dvt":"V\u00e1lido","vap":"93","pvap":"   0,25"},{"seq":"43","sqcand":"40001127828","n":"12345","nm":"BRUNNO GUIMARAES","cc":"PDT","nv":" ","e":"n","st":"","dvt":"V\u00e1lido","vap":"264","pvap":"   0,70"},{"seq":"49","sqcand":"40000890566","n":"22000","nm":"CINTIA RODRIGUES","cc":"PL","nv":" ","e":"n","st":"","dvt":"V\u00e1lido","vap":"212","pvap":"   0,56"},{"seq":"118","sqcand":"40000862568","n":"10333","nm":"REGISON CAMPELO","cc":"REPUBLICANOS","nv":" ","e":"n","st":"","dvt":"V\u00e1lido","vap":"20","pvap":"   0,05"},{"seq":"167","sqcand":"40001158825","n":"19777","nm":"ENGENHEIRO GERALDO","cc":"PODE","nv":" ","e":"n","st":"","dvt":"V\u00e1lido","vap":"2","pvap":"   0,01"},{"seq":"184","sqcand":"40001155007","n":"17567","nm":"INGRED","cc":"PSL","nv":" ","e":"n","st":"","dvt":"Anulado sub judice","vap":"1","pvap":"   0,00"},{"seq":"177","sqcand":"40001159896","n":"20185","nm":"JOKA FARIAS","cc":"PSC","nv":" ","e":"n","st":"","dvt":"V\u00e1lido","vap":"1","pvap":"   0,00"},{"seq":"29","sqcand":"40000890560","n":"22344","nm":"RAIMUNDA DA COL\u00d4NIA","cc":"PL","nv":" ","e":"n","st":"","dvt":"V\u00e1lido","vap":"475","pvap":"   1,26"},{"seq":"179","sqcand":"40001248058","n":"90333","nm":"COMANTANTE PERES","cc":"PROS","nv":" ","e":"n","st":"","dvt":"V\u00e1lido","vap":"1","pvap":"   0,00"},{"seq":"107","sqcand":"40000876351","n":"25000","nm":"SAMUEL GORDO","cc":"DEM","nv":" ","e":"n","st":"","dvt":"V\u00e1lido","vap":"31","pvap":"   0,08"}]}
