{"ele":"426","tpabr":"mu","cdabr":"02330","carper":"13","t":"1","f":"o","dt":"15/11/2020","ht":"22:49:24","dv":"s","tf":"s","v":"11","esae":"n","mnae":"","s":"43","st":"43","pst":" 100,00","snt":"0","psnt":"   0,00","si":"43","psi":" 100,00","sni":"0","psni":"   0,00","sa":"43","psa":" 100,00","sna":"0","psna":"   0,00","e":"15485","ea":"15485","pea":" 100,00","ena":"0","pena":"   0,00","esi":"15485","pesi":" 100,00","esni":"0","pesni":"   0,00","c":"12724","pc":"  82,17","a":"2761","pa":"  17,83","vscv":"0","vnom":"11391","vl":"707","pvnom":"  94,16","pvl":"   5,84","vvc":"12396","pvvc":"  97,42","vb":"56","pvb":"   0,44","tvn":"272","ptvn":"   2,14","vn":"272","pvn":" 100,00","vnt":"0","pvnt":"   0,00","vp":"0","pvp":"   0,00","vv":"12098","pvv":"  97,60","van":"0","pvan":"   0,00","vansj":"298","pvansj":"   2,40","tv":"12724","cand":[{"seq":"101","sqcand":"40001017344","n":"51222","nm":"MIL","cc":"PATRIOTA","nv":" ","e":"n","st":"N\u00e3o eleito","dvt":"V\u00e1lido","vap":"150","pvap":"   1,21"},{"seq":"130","sqcand":"40001156446","n":"55555","nm":"JARDEL","cc":"PSD","nv":" ","e":"n","st":"N\u00e3o eleito","dvt":"V\u00e1lido","vap":"12","pvap":"   0,10"},{"seq":"17","sqcand":"40001100870","n":"23023","nm":"PROF JOSIANE","cc":"CIDADANIA","nv":" ","e":"n","st":"Suplente","dvt":"V\u00e1lido","vap":"193","pvap":"   1,56"},{"seq":"117","sqcand":"40000730048","n":"10456","nm":"YUYU","cc":"REPUBLICANOS","nv":" ","e":"n","st":"N\u00e3o eleito","dvt":"V\u00e1lido","vap":"34","pvap":"   0,27"},{"seq":"5","sqcand":"40001249551","n":"20555","nm":"AURINHA","cc":"PSC","nv":" ","e":"s","st":"Eleito","dvt":"V\u00e1lido","vap":"276","pvap":"   2,23"},{"seq":"132","sqcand":"40001264303","n":"55155","nm":"SUELY BATALHA","cc":"PSD","nv":" ","e":"n","st":"N\u00e3o eleito","dvt":"V\u00e1lido","vap":"9","pvap":"   0,07"},{"seq":"63","sqcand":"40001236156","n":"11123","nm":"JUNIOR LINS","cc":"PP","nv":" ","e":"n","st":"Suplente","dvt":"V\u00e1lido","vap":"37","pvap":"   0,30"},{"seq":"116","sqcand":"40001249557","n":"20444","nm":"SEU NECO","cc":"PSC","nv":" ","e":"n","st":"N\u00e3o eleito","dvt":"Anulado sub judice","vap":"34","pvap":"   0,27"},{"seq":"68","sqcand":"40001258980","n":"45123","nm":"CHIQUINHO ASSIS","cc":"PSDB","nv":" ","e":"n","st":"Suplente","dvt":"V\u00e1lido","vap":"30","pvap":"   0,24"},{"seq":"67","sqcand":"40001016582","n":"17444","nm":"DULCE DO ESPORTE","cc":"PSL","nv":" ","e":"n","st":"Suplente","dvt":"V\u00e1lido","vap":"32","pvap":"   0,26"},{"seq":"70","sqcand":"40001236160","n":"11013","nm":"ZUCA","cc":"PP","nv":" ","e":"n","st":"Suplente","dvt":"V\u00e1lido","vap":"29","pvap":"   0,23"},{"seq":"108","sqcand":"40001234645","n":"90234","nm":"ABERLAN MATOS","cc":"PROS","nv":" ","e":"n","st":"N\u00e3o eleito","dvt":"V\u00e1lido","vap":"62","pvap":"   0,50"},{"seq":"45","sqcand":"40001016579","n":"17147","nm":"SUELLEN ALVES","cc":"PSL","nv":" ","e":"n","st":"Suplente","dvt":"V\u00e1lido","vap":"75","pvap":"   0,61"},{"seq":"93","sqcand":"40001258990","n":"45155","nm":"ELINEIDE","cc":"PSDB","nv":" ","e":"n","st":"Suplente","dvt":"V\u00e1lido","vap":"5","pvap":"   0,04"},{"seq":"81","sqcand":"40000775458","n":"27345","nm":"RAIMUNDA DO TOTO","cc":"DC","nv":" ","e":"n","st":"Suplente","dvt":"V\u00e1lido","vap":"13","pvap":"   0,10"},{"seq":"79","sqcand":"40001258979","n":"45444","nm":"ANDREZA BALIEIRO","cc":"PSDB","nv":" ","e":"n","st":"Suplente","dvt":"V\u00e1lido","vap":"19","pvap":"   0,15"},{"seq":"36","sqcand":"40001258989","n":"45789","nm":"ALMIR ELETRONICO","cc":"PSDB","nv":" ","e":"n","st":"Suplente","dvt":"V\u00e1lido","vap":"101","pvap":"   0,81"},{"seq":"34","sqcand":"40001236165","n":"11666","nm":"VILSON","cc":"PP","nv":" ","e":"n","st":"Suplente","dvt":"V\u00e1lido","vap":"105","pvap":"   0,85"},{"seq":"37","sqcand":"40000775455","n":"27555","nm":"CHARLEY ALVES","cc":"DC","nv":" ","e":"n","st":"Suplente","dvt":"V\u00e1lido","vap":"101","pvap":"   0,81"},{"seq":"46","sqcand":"40001258986","n":"45333","nm":"ORLANDO FLORINDO","cc":"PSDB","nv":" ","e":"n","st":"Suplente","dvt":"V\u00e1lido","vap":"71","pvap":"   0,57"},{"seq":"30","sqcand":"40001045225","n":"22212","nm":"MARINETE","cc":"PL","nv":" ","e":"n","st":"Suplente","dvt":"V\u00e1lido","vap":"113","pvap":"   0,91"},{"seq":"104","sqcand":"40001236164","n":"11555","nm":"ADEVAL","cc":"PP","nv":" ","e":"n","st":"N\u00e3o eleito","dvt":"Anulado sub judice","vap":"90","pvap":"   0,73"},{"seq":"124","sqcand":"40001253629","n":"70456","nm":"CICINHO","cc":"AVANTE","nv":" ","e":"n","st":"N\u00e3o eleito","dvt":"V\u00e1lido","vap":"16","pvap":"   0,13"},{"seq":"44","sqcand":"40001236166","n":"11062","nm":"NEY","cc":"PP","nv":" ","e":"n","st":"Suplente","dvt":"V\u00e1lido","vap":"83","pvap":"   0,67"},{"seq":"149","sqcand":"40001264044","n":"19000","nm":"TELMA BRASIL","cc":"PODE","nv":" ","e":"n","st":"N\u00e3o eleito","dvt":"V\u00e1lido","vap":"0","pvap":"00.00"},{"seq":"23","sqcand":"40001236157","n":"11000","nm":"WILKENS","cc":"PP","nv":" ","e":"n","st":"Suplente","dvt":"V\u00e1lido","vap":"141","pvap":"   1,14"},{"seq":"142","sqcand":"40001017343","n":"51333","nm":"JOVALDO GAMA","cc":"PATRIOTA","nv":" ","e":"n","st":"N\u00e3o eleito","dvt":"V\u00e1lido","vap":"2","pvap":"   0,02"},{"seq":"144","sqcand":"40001234653","n":"90224","nm":"FABRICIO","cc":"PROS","nv":" ","e":"n","st":"N\u00e3o eleito","dvt":"V\u00e1lido","vap":"2","pvap":"   0,02"},{"seq":"22","sqcand":"40001100862","n":"23666","nm":"JOSU\u00c9 O BOT\u00c3O","cc":"CIDADANIA","nv":" ","e":"n","st":"Suplente","dvt":"V\u00e1lido","vap":"168","pvap":"   1,36"},{"seq":"106","sqcand":"40001234648","n":"90222","nm":"CELCIMAR","cc":"PROS","nv":" ","e":"n","st":"N\u00e3o eleito","dvt":"V\u00e1lido","vap":"75","pvap":"   0,61"},{"seq":"89","sqcand":"40001045224","n":"22567","nm":"RAIMUNDO SANTANA","cc":"PL","nv":" ","e":"n","st":"Suplente","dvt":"V\u00e1lido","vap":"9","pvap":"   0,07"},{"seq":"9","sqcand":"40001100861","n":"23444","nm":"TCHECO BRAGA","cc":"CIDADANIA","nv":" ","e":"s","st":"Eleito","dvt":"V\u00e1lido","vap":"251","pvap":"   2,02"},{"seq":"137","sqcand":"40001253635","n":"70555","nm":"SIVIRINO","cc":"AVANTE","nv":" ","e":"n","st":"N\u00e3o eleito","dvt":"V\u00e1lido","vap":"5","pvap":"   0,04"},{"seq":"99","sqcand":"40001156447","n":"55123","nm":"KELISON COELHO","cc":"PSD","nv":" ","e":"n","st":"N\u00e3o eleito","dvt":"V\u00e1lido","vap":"178","pvap":"   1,44"},{"seq":"143","sqcand":"40001253628","n":"70313","nm":"ISIS","cc":"AVANTE","nv":" ","e":"n","st":"N\u00e3o eleito","dvt":"V\u00e1lido","vap":"2","pvap":"   0,02"},{"seq":"82","sqcand":"40000775451","n":"27007","nm":"PROFESSORA DRINA","cc":"DC","nv":" ","e":"n","st":"Suplente","dvt":"V\u00e1lido","vap":"13","pvap":"   0,10"},{"seq":"121","sqcand":"40001264305","n":"55111","nm":"DOG\u00c3O","cc":"PSD","nv":" ","e":"n","st":"N\u00e3o eleito","dvt":"Anulado sub judice","vap":"28","pvap":"   0,23"},{"seq":"54","sqcand":"40001016585","n":"17111","nm":"AFONSO","cc":"PSL","nv":" ","e":"n","st":"Suplente","dvt":"V\u00e1lido","vap":"53","pvap":"   0,43"},{"seq":"88","sqcand":"40001267236","n":"11678","nm":"ANGEL","cc":"PP","nv":" ","e":"n","st":"Suplente","dvt":"V\u00e1lido","vap":"10","pvap":"   0,08"},{"seq":"49","sqcand":"40001016587","n":"17017","nm":"ELIANDRO","cc":"PSL","nv":" ","e":"n","st":"Suplente","dvt":"V\u00e1lido","vap":"69","pvap":"   0,56"},{"seq":"120","sqcand":"40001017350","n":"51888","nm":"GUR\u00c3O","cc":"PATRIOTA","nv":" ","e":"n","st":"N\u00e3o eleito","dvt":"V\u00e1lido","vap":"29","pvap":"   0,23"},{"seq":"25","sqcand":"40001249561","n":"20123","nm":"CHIQUINHO","cc":"PSC","nv":" ","e":"n","st":"Suplente","dvt":"V\u00e1lido","vap":"128","pvap":"   1,03"},{"seq":"107","sqcand":"40001156444","n":"55321","nm":"JANAINA","cc":"PSD","nv":" ","e":"n","st":"N\u00e3o eleito","dvt":"V\u00e1lido","vap":"65","pvap":"   0,52"},{"seq":"115","sqcand":"40001017348","n":"51789","nm":"D\u00c1CIO COELHO","cc":"PATRIOTA","nv":" ","e":"n","st":"N\u00e3o eleito","dvt":"V\u00e1lido","vap":"35","pvap":"   0,28"},{"seq":"72","sqcand":"40001016581","n":"17789","nm":"PROFESSORA VILMA","cc":"PSL","nv":" ","e":"n","st":"Suplente","dvt":"V\u00e1lido","vap":"25","pvap":"   0,20"},{"seq":"97","sqcand":"40000730049","n":"10123","nm":"IRMAO NENEM","cc":"REPUBLICANOS","nv":" ","e":"n","st":"N\u00e3o eleito","dvt":"V\u00e1lido","vap":"208","pvap":"   1,68"},{"seq":"102","sqcand":"40000730050","n":"10222","nm":"GINARA","cc":"REPUBLICANOS","nv":" ","e":"n","st":"N\u00e3o eleito","dvt":"V\u00e1lido","vap":"148","pvap":"   1,19"},{"seq":"48","sqcand":"40001258988","n":"45111","nm":"ARNOLDO","cc":"PSDB","nv":" ","e":"n","st":"Suplente","dvt":"V\u00e1lido","vap":"70","pvap":"   0,56"},{"seq":"85","sqcand":"40001236159","n":"11078","nm":"ENDES","cc":"PP","nv":" ","e":"n","st":"Suplente","dvt":"V\u00e1lido","vap":"12","pvap":"   0,10"},{"seq":"62","sqcand":"40001258985","n":"45555","nm":"DUQUE SENA","cc":"PSDB","nv":" ","e":"n","st":"Suplente","dvt":"V\u00e1lido","vap":"41","pvap":"   0,33"},{"seq":"31","sqcand":"40001100875","n":"23456","nm":"PROF RITHERE","cc":"CIDADANIA","nv":" ","e":"n","st":"Suplente","dvt":"V\u00e1lido","vap":"113","pvap":"   0,91"},{"seq":"15","sqcand":"40001045231","n":"22777","nm":"NEGO","cc":"PL","nv":" ","e":"n","st":"Suplente","dvt":"V\u00e1lido","vap":"204","pvap":"   1,65"},{"seq":"14","sqcand":"40001100864","n":"23123","nm":"PINHO","cc":"CIDADANIA","nv":" ","e":"n","st":"Suplente","dvt":"V\u00e1lido","vap":"224","pvap":"   1,81"},{"seq":"59","sqcand":"40001045220","n":"22333","nm":"GILSON GM SOM","cc":"PL","nv":" ","e":"n","st":"Suplente","dvt":"V\u00e1lido","vap":"48","pvap":"   0,39"},{"seq":"135","sqcand":"40001234643","n":"90456","nm":"NEIDE","cc":"PROS","nv":" ","e":"n","st":"N\u00e3o eleito","dvt":"V\u00e1lido","vap":"6","pvap":"   0,05"},{"seq":"39","sqcand":"40000775460","n":"27333","nm":"LUCIVAM DA BOCA DO GUEDES","cc":"DC","nv":" ","e":"n","st":"Suplente","dvt":"V\u00e1lido","vap":"92","pvap":"   0,74"},{"seq":"78","sqcand":"40000775452","n":"27777","nm":"IVANEY DO MAIANA","cc":"DC","nv":" ","e":"n","st":"Suplente","dvt":"V\u00e1lido","vap":"19","pvap":"   0,15"},{"seq":"8","sqcand":"40001100878","n":"23222","nm":"PROF CAIO ANDRADE","cc":"CIDADANIA","nv":" ","e":"s","st":"Eleito","dvt":"V\u00e1lido","vap":"252","pvap":"   2,03"},{"seq":"92","sqcand":"40001249556","n":"20999","nm":"IANA CRUZ","cc":"PSC","nv":" ","e":"n","st":"Suplente","dvt":"V\u00e1lido","vap":"6","pvap":"   0,05"},{"seq":"95","sqcand":"40000775459","n":"27666","nm":"ROSA DOS AMIGOS","cc":"DC","nv":" ","e":"n","st":"Suplente","dvt":"V\u00e1lido","vap":"0","pvap":"00.00"},{"seq":"100","sqcand":"40001017346","n":"51111","nm":"JAMIELE FERREIRA","cc":"PATRIOTA","nv":" ","e":"n","st":"N\u00e3o eleito","dvt":"V\u00e1lido","vap":"178","pvap":"   1,44"},{"seq":"16","sqcand":"40001100860","n":"23333","nm":"PROF CALIXTO LISBOA","cc":"CIDADANIA","nv":" ","e":"n","st":"Suplente","dvt":"V\u00e1lido","vap":"200","pvap":"   1,61"},{"seq":"90","sqcand":"40001249565","n":"20666","nm":"ZE COELHO","cc":"PSC","nv":" ","e":"n","st":"Suplente","dvt":"V\u00e1lido","vap":"9","pvap":"   0,07"},{"seq":"57","sqcand":"40001258991","n":"45678","nm":"NAZAR\u00c9","cc":"PSDB","nv":" ","e":"n","st":"Suplente","dvt":"V\u00e1lido","vap":"49","pvap":"   0,40"},{"seq":"60","sqcand":"40001249559","n":"20777","nm":"PABLO","cc":"PSC","nv":" ","e":"n","st":"Suplente","dvt":"V\u00e1lido","vap":"47","pvap":"   0,38"},{"seq":"6","sqcand":"40001045217","n":"22123","nm":"ARTHUR LISBOA","cc":"PL","nv":" ","e":"s","st":"Eleito","dvt":"V\u00e1lido","vap":"271","pvap":"   2,19"},{"seq":"86","sqcand":"40000775449","n":"27155","nm":"PAULINHA","cc":"DC","nv":" ","e":"n","st":"Suplente","dvt":"V\u00e1lido","vap":"11","pvap":"   0,09"},{"seq":"26","sqcand":"40001236167","n":"11333","nm":"GESSIMO","cc":"PP","nv":" ","e":"n","st":"Suplente","dvt":"V\u00e1lido","vap":"127","pvap":"   1,02"},{"seq":"19","sqcand":"40001236161","n":"11234","nm":"LIGIER","cc":"PP","nv":" ","e":"n","st":"Suplente","dvt":"V\u00e1lido","vap":"190","pvap":"   1,53"},{"seq":"76","sqcand":"40001236158","n":"11456","nm":"IANA","cc":"PP","nv":" ","e":"n","st":"Suplente","dvt":"V\u00e1lido","vap":"23","pvap":"   0,19"},{"seq":"27","sqcand":"40001249563","n":"20455","nm":"GILVAN","cc":"PSC","nv":" ","e":"n","st":"Suplente","dvt":"V\u00e1lido","vap":"127","pvap":"   1,02"},{"seq":"112","sqcand":"40000730051","n":"10020","nm":"AURILEIA","cc":"REPUBLICANOS","nv":" ","e":"n","st":"N\u00e3o eleito","dvt":"V\u00e1lido","vap":"43","pvap":"   0,35"},{"seq":"133","sqcand":"40001234646","n":"90442","nm":"ALCIANE","cc":"PROS","nv":" ","e":"n","st":"N\u00e3o eleito","dvt":"V\u00e1lido","vap":"8","pvap":"   0,06"},{"seq":"13","sqcand":"40001100872","n":"23000","nm":"SILVANIA","cc":"CIDADANIA","nv":" ","e":"n","st":"Suplente","dvt":"V\u00e1lido","vap":"226","pvap":"   1,82"},{"seq":"96","sqcand":"40001274011","n":"45000","nm":"ROZIANE CRISPIM","cc":"PSDB","nv":" ","e":"n","st":"Suplente","dvt":"V\u00e1lido","vap":"0","pvap":"00.00"},{"seq":"148","sqcand":"40001017045","n":"19222","nm":"AURICELIO","cc":"PODE","nv":" ","e":"n","st":"N\u00e3o eleito","dvt":"V\u00e1lido","vap":"0","pvap":"00.00"},{"seq":"77","sqcand":"40001258982","n":"45551","nm":"KEKEL","cc":"PSDB","nv":" ","e":"n","st":"Suplente","dvt":"V\u00e1lido","vap":"22","pvap":"   0,18"},{"seq":"129","sqcand":"40001253639","n":"70234","nm":"LOURA","cc":"AVANTE","nv":" ","e":"n","st":"N\u00e3o eleito","dvt":"V\u00e1lido","vap":"12","pvap":"   0,10"},{"seq":"35","sqcand":"40000775454","n":"27567","nm":"CARLOS MONTANHO","cc":"DC","nv":" ","e":"n","st":"Suplente","dvt":"V\u00e1lido","vap":"103","pvap":"   0,83"},{"seq":"7","sqcand":"40001267241","n":"45666","nm":"GREISON RODRIGUES","cc":"PSDB","nv":" ","e":"s","st":"Eleito","dvt":"V\u00e1lido","vap":"256","pvap":"   2,07"},{"seq":"127","sqcand":"40001253642","n":"15555","nm":"CHOCOLATE","cc":"MDB","nv":" ","e":"n","st":"N\u00e3o eleito","dvt":"Anulado sub judice","vap":"15","pvap":"   0,12"},{"seq":"71","sqcand":"40001045226","n":"22145","nm":"PEDRO CURISCO","cc":"PL","nv":" ","e":"n","st":"Suplente","dvt":"V\u00e1lido","vap":"25","pvap":"   0,20"},{"seq":"61","sqcand":"40001236155","n":"11777","nm":"ROSA MARIA","cc":"PP","nv":" ","e":"n","st":"Suplente","dvt":"V\u00e1lido","vap":"46","pvap":"   0,37"},{"seq":"55","sqcand":"40001249553","n":"20222","nm":"JOSIAS","cc":"PSC","nv":" ","e":"n","st":"Suplente","dvt":"V\u00e1lido","vap":"52","pvap":"   0,42"},{"seq":"103","sqcand":"40001156442","n":"55255","nm":"BOCA","cc":"PSD","nv":" ","e":"n","st":"N\u00e3o eleito","dvt":"V\u00e1lido","vap":"132","pvap":"   1,06"},{"seq":"73","sqcand":"40001258987","n":"45221","nm":"MARIO COELHO","cc":"PSDB","nv":" ","e":"n","st":"Suplente","dvt":"V\u00e1lido","vap":"24","pvap":"   0,19"},{"seq":"75","sqcand":"40001249564","n":"20133","nm":"IBI ARAUJO","cc":"PSC","nv":" ","e":"n","st":"Suplente","dvt":"V\u00e1lido","vap":"23","pvap":"   0,19"},{"seq":"33","sqcand":"40001249552","n":"20111","nm":"BIGODE","cc":"PSC","nv":" ","e":"n","st":"Suplente","dvt":"V\u00e1lido","vap":"105","pvap":"   0,85"},{"seq":"147","sqcand":"40001258981","n":"45525","nm":"ELINETE","cc":"PSDB","nv":" ","e":"n","st":"N\u00e3o eleito","dvt":"Anulado sub judice","vap":"0","pvap":"00.00"},{"seq":"113","sqcand":"40001100866","n":"23144","nm":"FRANCIENE","cc":"CIDADANIA","nv":" ","e":"n","st":"N\u00e3o eleito","dvt":"Anulado sub judice","vap":"40","pvap":"   0,32"},{"seq":"150","sqcand":"40001017047","n":"19666","nm":"MISAEL &quot;BODOZINHO&quot;","cc":"PODE","nv":" ","e":"n","st":"N\u00e3o eleito","dvt":"V\u00e1lido","vap":"0","pvap":"00.00"},{"seq":"32","sqcand":"40001258983","n":"45456","nm":"PR. E CANTOR JUCINEY","cc":"PSDB","nv":" ","e":"n","st":"Suplente","dvt":"V\u00e1lido","vap":"106","pvap":"   0,86"},{"seq":"24","sqcand":"40001016586","n":"17666","nm":"PROFESSOR MIELIO","cc":"PSL","nv":" ","e":"n","st":"Suplente","dvt":"V\u00e1lido","vap":"131","pvap":"   1,06"},{"seq":"146","sqcand":"40001156445","n":"55666","nm":"EDINA QUIRINO","cc":"PSD","nv":" ","e":"n","st":"N\u00e3o eleito","dvt":"V\u00e1lido","vap":"0","pvap":"00.00"},{"seq":"84","sqcand":"40001016580","n":"17123","nm":"TONY BOCA QUENTE","cc":"PSL","nv":" ","e":"n","st":"Suplente","dvt":"V\u00e1lido","vap":"12","pvap":"   0,10"},{"seq":"40","sqcand":"40001045223","n":"22173","nm":"TEREZINHA DINIZ","cc":"PL","nv":" ","e":"n","st":"Suplente","dvt":"V\u00e1lido","vap":"88","pvap":"   0,71"},{"seq":"83","sqcand":"40001249555","n":"20147","nm":"VANDA","cc":"PSC","nv":" ","e":"n","st":"Suplente","dvt":"V\u00e1lido","vap":"12","pvap":"   0,10"},{"seq":"53","sqcand":"40001016589","n":"17222","nm":"IJANE DO IZIDORIO","cc":"PSL","nv":" ","e":"n","st":"Suplente","dvt":"V\u00e1lido","vap":"53","pvap":"   0,43"},{"seq":"38","sqcand":"40000775453","n":"27027","nm":"FABIAN CAJACA","cc":"DC","nv":" ","e":"n","st":"Suplente","dvt":"V\u00e1lido","vap":"99","pvap":"   0,80"},{"seq":"56","sqcand":"40001045222","n":"22142","nm":"ENG MARCIO COELHO","cc":"PL","nv":" ","e":"n","st":"Suplente","dvt":"V\u00e1lido","vap":"51","pvap":"   0,41"},{"seq":"43","sqcand":"40001100879","n":"23223","nm":"SEVONALDO COELHO","cc":"CIDADANIA","nv":" ","e":"n","st":"Suplente","dvt":"V\u00e1lido","vap":"86","pvap":"   0,69"},{"seq":"125","sqcand":"40001156443","n":"55678","nm":"F. CHAGAS","cc":"PSD","nv":" ","e":"n","st":"N\u00e3o eleito","dvt":"V\u00e1lido","vap":"15","pvap":"   0,12"},{"seq":"65","sqcand":"40001016584","n":"17515","nm":"AZULAO","cc":"PSL","nv":" ","e":"n","st":"Suplente","dvt":"V\u00e1lido","vap":"34","pvap":"   0,27"},{"seq":"29","sqcand":"40001045219","n":"22233","nm":"ACHILES CAMPOS","cc":"PL","nv":" ","e":"n","st":"Suplente","dvt":"V\u00e1lido","vap":"115","pvap":"   0,93"},{"seq":"109","sqcand":"40001249558","n":"20333","nm":"DEL","cc":"PSC","nv":" ","e":"n","st":"N\u00e3o eleito","dvt":"Anulado sub judice","vap":"60","pvap":"   0,48"},{"seq":"18","sqcand":"40001045232","n":"22222","nm":"CAIRARA","cc":"PL","nv":" ","e":"n","st":"Suplente","dvt":"V\u00e1lido","vap":"192","pvap":"   1,55"},{"seq":"50","sqcand":"40000775457","n":"27222","nm":"FABIO ZU","cc":"DC","nv":" ","e":"n","st":"Suplente","dvt":"V\u00e1lido","vap":"63","pvap":"   0,51"},{"seq":"131","sqcand":"40001253637","n":"70222","nm":"TEREZINHA T\u00ca","cc":"AVANTE","nv":" ","e":"n","st":"N\u00e3o eleito","dvt":"V\u00e1lido","vap":"9","pvap":"   0,07"},{"seq":"11","sqcand":"40000775456","n":"27456","nm":"PROFESSOR CHANCERLEI","cc":"DC","nv":" ","e":"s","st":"Eleito","dvt":"V\u00e1lido","vap":"156","pvap":"   1,26"},{"seq":"52","sqcand":"40001045218","n":"22147","nm":"BIRICO","cc":"PL","nv":" ","e":"n","st":"Suplente","dvt":"V\u00e1lido","vap":"59","pvap":"   0,48"},{"seq":"28","sqcand":"40001236169","n":"11222","nm":"AUGUSTO CAMETA","cc":"PP","nv":" ","e":"n","st":"Suplente","dvt":"V\u00e1lido","vap":"124","pvap":"   1,00"},{"seq":"21","sqcand":"40001100863","n":"23111","nm":"EDINALDO CAUASSA","cc":"CIDADANIA","nv":" ","e":"n","st":"Suplente","dvt":"V\u00e1lido","vap":"180","pvap":"   1,45"},{"seq":"41","sqcand":"40001045228","n":"22555","nm":"PROF NETO","cc":"PL","nv":" ","e":"n","st":"Suplente","dvt":"V\u00e1lido","vap":"88","pvap":"   0,71"},{"seq":"12","sqcand":"40001100871","n":"23888","nm":"Z\u00c9 MAM\u00c3O","cc":"CIDADANIA","nv":" ","e":"n","st":"Suplente","dvt":"V\u00e1lido","vap":"231","pvap":"   1,86"},{"seq":"1","sqcand":"40001045230","n":"22122","nm":"NEIVERLICE","cc":"PL","nv":" ","e":"s","st":"Eleito","dvt":"V\u00e1lido","vap":"600","pvap":"   4,84"},{"seq":"91","sqcand":"40001249554","n":"20255","nm":"SILVIA GUADALUPE","cc":"PSC","nv":" ","e":"n","st":"Suplente","dvt":"V\u00e1lido","vap":"9","pvap":"   0,07"},{"seq":"141","sqcand":"40001017349","n":"51444","nm":"DEIBIANE CARVALHO","cc":"PATRIOTA","nv":" ","e":"n","st":"N\u00e3o eleito","dvt":"V\u00e1lido","vap":"4","pvap":"   0,03"},{"seq":"138","sqcand":"40001234650","n":"90345","nm":"NERISVALDO","cc":"PROS","nv":" ","e":"n","st":"N\u00e3o eleito","dvt":"V\u00e1lido","vap":"5","pvap":"   0,04"},{"seq":"58","sqcand":"40001045229","n":"22345","nm":"DIMMY ROCHA","cc":"PL","nv":" ","e":"n","st":"Suplente","dvt":"V\u00e1lido","vap":"49","pvap":"   0,40"},{"seq":"64","sqcand":"40000775450","n":"27111","nm":"NEGAO DO POCO","cc":"DC","nv":" ","e":"n","st":"Suplente","dvt":"V\u00e1lido","vap":"35","pvap":"   0,28"},{"seq":"4","sqcand":"40001016588","n":"17777","nm":"ARTHEMES CORO","cc":"PSL","nv":" ","e":"s","st":"Eleito","dvt":"V\u00e1lido","vap":"278","pvap":"   2,24"},{"seq":"128","sqcand":"40001156441","n":"55455","nm":"NONATO SOUZA","cc":"PSD","nv":" ","e":"n","st":"N\u00e3o eleito","dvt":"V\u00e1lido","vap":"14","pvap":"   0,11"},{"seq":"105","sqcand":"40000730052","n":"10010","nm":"RICARDO VENANCIO","cc":"REPUBLICANOS","nv":" ","e":"n","st":"N\u00e3o eleito","dvt":"V\u00e1lido","vap":"81","pvap":"   0,65"},{"seq":"47","sqcand":"40000775448","n":"27123","nm":"ALINE DO GELO","cc":"DC","nv":" ","e":"n","st":"Suplente","dvt":"V\u00e1lido","vap":"71","pvap":"   0,57"},{"seq":"74","sqcand":"40001236162","n":"11011","nm":"BENE","cc":"PP","nv":" ","e":"n","st":"Suplente","dvt":"V\u00e1lido","vap":"24","pvap":"   0,19"},{"seq":"119","sqcand":"40001264304","n":"55444","nm":"DURIQUINHO","cc":"PSD","nv":" ","e":"n","st":"N\u00e3o eleito","dvt":"V\u00e1lido","vap":"29","pvap":"   0,23"},{"seq":"94","sqcand":"40001045221","n":"22020","nm":"IVONE MULHER GUERREIRA","cc":"PL","nv":" ","e":"n","st":"Suplente","dvt":"V\u00e1lido","vap":"2","pvap":"   0,02"},{"seq":"3","sqcand":"40001100876","n":"23122","nm":"SAB\u00c1 DO TINHO","cc":"CIDADANIA","nv":" ","e":"s","st":"Eleito","dvt":"V\u00e1lido","vap":"284","pvap":"   2,29"},{"seq":"136","sqcand":"40001017347","n":"51442","nm":"ADRIANA CARDOSO","cc":"PATRIOTA","nv":" ","e":"n","st":"N\u00e3o eleito","dvt":"V\u00e1lido","vap":"5","pvap":"   0,04"},{"seq":"134","sqcand":"40001234652","n":"90555","nm":"LUIZ","cc":"PROS","nv":" ","e":"n","st":"N\u00e3o eleito","dvt":"V\u00e1lido","vap":"7","pvap":"   0,06"},{"seq":"118","sqcand":"40001249560","n":"20155","nm":"CL\u00c9O","cc":"PSC","nv":" ","e":"n","st":"N\u00e3o eleito","dvt":"Anulado sub judice","vap":"31","pvap":"   0,25"},{"seq":"122","sqcand":"40001253632","n":"70123","nm":"GIL","cc":"AVANTE","nv":" ","e":"n","st":"N\u00e3o eleito","dvt":"V\u00e1lido","vap":"25","pvap":"   0,20"},{"seq":"80","sqcand":"40001258984","n":"45222","nm":"GENY SANTOS","cc":"PSDB","nv":" ","e":"n","st":"Suplente","dvt":"V\u00e1lido","vap":"18","pvap":"   0,15"},{"seq":"145","sqcand":"40001234644","n":"90777","nm":"RALLANA","cc":"PROS","nv":" ","e":"n","st":"N\u00e3o eleito","dvt":"V\u00e1lido","vap":"2","pvap":"   0,02"},{"seq":"42","sqcand":"40001249566","n":"20888","nm":"GAROTINHO","cc":"PSC","nv":" ","e":"n","st":"Suplente","dvt":"V\u00e1lido","vap":"86","pvap":"   0,69"},{"seq":"140","sqcand":"40001253636","n":"70306","nm":"RIZO","cc":"AVANTE","nv":" ","e":"n","st":"N\u00e3o eleito","dvt":"V\u00e1lido","vap":"5","pvap":"   0,04"},{"seq":"126","sqcand":"40001253630","n":"70213","nm":"MARIZETE","cc":"AVANTE","nv":" ","e":"n","st":"N\u00e3o eleito","dvt":"V\u00e1lido","vap":"15","pvap":"   0,12"},{"seq":"114","sqcand":"40001253640","n":"15123","nm":"CLEIDE DO ESPOCA","cc":"MDB","nv":" ","e":"n","st":"N\u00e3o eleito","dvt":"V\u00e1lido","vap":"36","pvap":"   0,29"},{"seq":"98","sqcand":"40001017342","n":"51123","nm":"ARIANA LISBOA","cc":"PATRIOTA","nv":" ","e":"n","st":"N\u00e3o eleito","dvt":"V\u00e1lido","vap":"181","pvap":"   1,46"},{"seq":"111","sqcand":"40001017345","n":"51555","nm":"DANIEL ROCHA","cc":"PATRIOTA","nv":" ","e":"n","st":"N\u00e3o eleito","dvt":"V\u00e1lido","vap":"45","pvap":"   0,36"},{"seq":"123","sqcand":"40001234651","n":"90333","nm":"PEIXE BOI","cc":"PROS","nv":" ","e":"n","st":"N\u00e3o eleito","dvt":"V\u00e1lido","vap":"21","pvap":"   0,17"},{"seq":"51","sqcand":"40001045227","n":"22000","nm":"CONCEI\u00c7\u00c3O","cc":"PL","nv":" ","e":"n","st":"Suplente","dvt":"V\u00e1lido","vap":"61","pvap":"   0,49"},{"seq":"139","sqcand":"40001234649","n":"90123","nm":"BEBEZ\u00c3O","cc":"PROS","nv":" ","e":"n","st":"N\u00e3o eleito","dvt":"V\u00e1lido","vap":"5","pvap":"   0,04"},{"seq":"69","sqcand":"40001100865","n":"23999","nm":"ELIONARA","cc":"CIDADANIA","nv":" ","e":"n","st":"Suplente","dvt":"V\u00e1lido","vap":"30","pvap":"   0,24"},{"seq":"2","sqcand":"40001100873","n":"23555","nm":"MATOZ\u00c3O","cc":"CIDADANIA","nv":" ","e":"s","st":"Eleito","dvt":"V\u00e1lido","vap":"405","pvap":"   3,27"},{"seq":"20","sqcand":"40001016583","n":"17888","nm":"RICARDINHO","cc":"PSL","nv":" ","e":"n","st":"Suplente","dvt":"V\u00e1lido","vap":"186","pvap":"   1,50"},{"seq":"66","sqcand":"40001236163","n":"11999","nm":"RIVELINO","cc":"PP","nv":" ","e":"n","st":"Suplente","dvt":"V\u00e1lido","vap":"32","pvap":"   0,26"},{"seq":"110","sqcand":"40001017351","n":"51777","nm":"PROFESSOR RODOLFO ORTHA","cc":"PATRIOTA","nv":" ","e":"n","st":"N\u00e3o eleito","dvt":"V\u00e1lido","vap":"58","pvap":"   0,47"},{"seq":"10","sqcand":"40001236154","n":"11111","nm":"ELIEZIO","cc":"PP","nv":" ","e":"s","st":"Eleito","dvt":"V\u00e1lido","vap":"191","pvap":"   1,54"},{"seq":"87","sqcand":"40001258978","n":"45777","nm":"ELILSON","cc":"PSDB","nv":" ","e":"n","st":"Suplente","dvt":"V\u00e1lido","vap":"10","pvap":"   0,08"}]}
