{"ele":"426","tpabr":"mu","cdabr":"02372","carper":"13","t":"1","f":"o","dt":"15/11/2020","ht":"19:19:10","dv":"s","tf":"s","v":"11","esae":"n","mnae":"","s":"22","st":"22","pst":" 100,00","snt":"0","psnt":"   0,00","si":"22","psi":" 100,00","sni":"0","psni":"   0,00","sa":"22","psa":" 100,00","sna":"0","psna":"   0,00","e":"8353","ea":"8353","pea":" 100,00","ena":"0","pena":"   0,00","esi":"8353","pesi":" 100,00","esni":"0","pesni":"   0,00","c":"5936","pc":"  71,06","a":"2417","pa":"  28,94","vscv":"0","vnom":"5282","vl":"443","pvnom":"  92,26","pvl":"   7,74","vvc":"5807","pvvc":"  97,83","vb":"44","pvb":"   0,74","tvn":"85","ptvn":"   1,43","vn":"85","pvn":" 100,00","vnt":"0","pvnt":"   0,00","vp":"0","pvp":"   0,00","vv":"5725","pvv":"  98,59","van":"0","pvan":"   0,00","vansj":"82","pvansj":"   1,41","tv":"5936","cand":[{"seq":"113","sqcand":"40001235340","n":"40333","nm":"BETH MARIA FRAN\u00c7A","cc":"PSB","nv":" ","e":"n","st":"N\u00e3o eleito","dvt":"V\u00e1lido","vap":"3","pvap":"   0,05"},{"seq":"5","sqcand":"40001234856","n":"19999","nm":"M\u00c1RCIA GO\u00c9S","cc":"PODE","nv":" ","e":"s","st":"Eleito","dvt":"V\u00e1lido","vap":"199","pvap":"   3,43"},{"seq":"16","sqcand":"40001110044","n":"11123","nm":"VERA ANES","cc":"PP","nv":" ","e":"n","st":"Suplente","dvt":"V\u00e1lido","vap":"85","pvap":"   1,46"},{"seq":"88","sqcand":"40001112029","n":"13222","nm":"ZEZ\u00c3O AMIGO DO POV\u00c3O","cc":"PT","nv":" ","e":"n","st":"N\u00e3o eleito","dvt":"V\u00e1lido","vap":"23","pvap":"   0,40"},{"seq":"47","sqcand":"40001234402","n":"15133","nm":"DARK","cc":"MDB","nv":" ","e":"n","st":"Suplente","dvt":"V\u00e1lido","vap":"15","pvap":"   0,26"},{"seq":"102","sqcand":"40001235967","n":"55222","nm":"RAYLANNE","cc":"PSD","nv":" ","e":"n","st":"N\u00e3o eleito","dvt":"V\u00e1lido","vap":"9","pvap":"   0,15"},{"seq":"11","sqcand":"40001248506","n":"17000","nm":"FRANCE SANTOS","cc":"PSL","nv":" ","e":"s","st":"Eleito","dvt":"V\u00e1lido","vap":"85","pvap":"   1,46"},{"seq":"98","sqcand":"40001111771","n":"20221","nm":"ANTONIA RODRIGUES","cc":"PSC","nv":" ","e":"n","st":"N\u00e3o eleito","dvt":"V\u00e1lido","vap":"14","pvap":"   0,24"},{"seq":"46","sqcand":"40001234400","n":"15010","nm":"TRACAJ\u00c1","cc":"MDB","nv":" ","e":"n","st":"Suplente","dvt":"V\u00e1lido","vap":"18","pvap":"   0,31"},{"seq":"64","sqcand":"40001234860","n":"19456","nm":"ALBERTO PICA-PAU","cc":"PODE","nv":" ","e":"n","st":"Suplente","dvt":"V\u00e1lido","vap":"3","pvap":"   0,05"},{"seq":"116","sqcand":"40001235250","n":"36222","nm":"VERONICA RODRIGUES","cc":"PTC","nv":" ","e":"n","st":"N\u00e3o eleito","dvt":"V\u00e1lido","vap":"1","pvap":"   0,02"},{"seq":"14","sqcand":"40001233873","n":"12333","nm":"RAIMUNDA FREITAS","cc":"PDT","nv":" ","e":"n","st":"Suplente","dvt":"V\u00e1lido","vap":"92","pvap":"   1,58"},{"seq":"1","sqcand":"40001110042","n":"11456","nm":"ESTEVO GARRIDO CABE\u00c7\u00c3O","cc":"PP","nv":" ","e":"s","st":"Eleito","dvt":"V\u00e1lido","vap":"330","pvap":"   5,68"},{"seq":"61","sqcand":"40001248512","n":"17017","nm":"GAUCHO","cc":"PSL","nv":" ","e":"n","st":"Suplente","dvt":"V\u00e1lido","vap":"5","pvap":"   0,09"},{"seq":"89","sqcand":"40000940843","n":"77333","nm":"ADAMOR","cc":"SOLIDARIEDADE","nv":" ","e":"n","st":"N\u00e3o eleito","dvt":"V\u00e1lido","vap":"21","pvap":"   0,36"},{"seq":"35","sqcand":"40001234858","n":"19444","nm":"ENGENHEIRA DANIELLE","cc":"PODE","nv":" ","e":"n","st":"Suplente","dvt":"V\u00e1lido","vap":"25","pvap":"   0,43"},{"seq":"84","sqcand":"40001235513","n":"45123","nm":"CIBA","cc":"PSDB","nv":" ","e":"n","st":"N\u00e3o eleito","dvt":"V\u00e1lido","vap":"36","pvap":"   0,62"},{"seq":"76","sqcand":"40000940844","n":"77777","nm":"PROFESSORA GRACIETE","cc":"SOLIDARIEDADE","nv":" ","e":"n","st":"N\u00e3o eleito","dvt":"V\u00e1lido","vap":"54","pvap":"   0,93"},{"seq":"106","sqcand":"40001043878","n":"50222","nm":"TONINHO BUENO","cc":"PSOL","nv":" ","e":"n","st":"N\u00e3o eleito","dvt":"V\u00e1lido","vap":"8","pvap":"   0,14"},{"seq":"57","sqcand":"40001234403","n":"15999","nm":"CLEO COSTA","cc":"MDB","nv":" ","e":"n","st":"Suplente","dvt":"V\u00e1lido","vap":"7","pvap":"   0,12"},{"seq":"112","sqcand":"40001235964","n":"55158","nm":"JANDERSON TAVARES","cc":"PSD","nv":" ","e":"n","st":"N\u00e3o eleito","dvt":"V\u00e1lido","vap":"4","pvap":"   0,07"},{"seq":"72","sqcand":"40001112026","n":"13123","nm":"BINGOLA","cc":"PT","nv":" ","e":"n","st":"N\u00e3o eleito","dvt":"V\u00e1lido","vap":"79","pvap":"   1,36"},{"seq":"110","sqcand":"40001043871","n":"50666","nm":"MARIZES LUCIO","cc":"PSOL","nv":" ","e":"n","st":"N\u00e3o eleito","dvt":"V\u00e1lido","vap":"5","pvap":"   0,09"},{"seq":"63","sqcand":"40001267642","n":"17444","nm":"LAZINHO","cc":"PSL","nv":" ","e":"n","st":"Suplente","dvt":"V\u00e1lido","vap":"3","pvap":"   0,05"},{"seq":"122","sqcand":"40001235249","n":"36111","nm":"APARECIDA LOURENCO FONTES","cc":"PTC","nv":" ","e":"n","st":"N\u00e3o eleito","dvt":"V\u00e1lido","vap":"0","pvap":"00.00"},{"seq":"81","sqcand":"40001235968","n":"55000","nm":"ELMA GALV\u00c3O","cc":"PSD","nv":" ","e":"n","st":"N\u00e3o eleito","dvt":"V\u00e1lido","vap":"39","pvap":"   0,67"},{"seq":"100","sqcand":"40001235246","n":"36120","nm":"JOSE NILSON","cc":"PTC","nv":" ","e":"n","st":"N\u00e3o eleito","dvt":"V\u00e1lido","vap":"11","pvap":"   0,19"},{"seq":"20","sqcand":"40001234857","n":"19789","nm":"PAULINHO T\u00d3MAS","cc":"PODE","nv":" ","e":"n","st":"Suplente","dvt":"V\u00e1lido","vap":"53","pvap":"   0,91"},{"seq":"111","sqcand":"40001235344","n":"40888","nm":"LAZI CELESTINO","cc":"PSB","nv":" ","e":"n","st":"N\u00e3o eleito","dvt":"V\u00e1lido","vap":"4","pvap":"   0,07"},{"seq":"50","sqcand":"40001114663","n":"65222","nm":"BRUN\u00c3O","cc":"PC do B","nv":" ","e":"n","st":"Suplente","dvt":"V\u00e1lido","vap":"10","pvap":"   0,17"},{"seq":"10","sqcand":"40001234406","n":"15456","nm":"ROZANA PAULA","cc":"MDB","nv":" ","e":"s","st":"Eleito","dvt":"V\u00e1lido","vap":"88","pvap":"   1,52"},{"seq":"18","sqcand":"40001234397","n":"15333","nm":"COBR\u00c3O","cc":"MDB","nv":" ","e":"n","st":"Suplente","dvt":"V\u00e1lido","vap":"78","pvap":"   1,34"},{"seq":"39","sqcand":"40001113196","n":"22100","nm":"CEM QUILO","cc":"PL","nv":" ","e":"n","st":"Suplente","dvt":"V\u00e1lido","vap":"22","pvap":"   0,38"},{"seq":"24","sqcand":"40001266913","n":"11111","nm":"ALBERTINA","cc":"PP","nv":" ","e":"n","st":"Suplente","dvt":"V\u00e1lido","vap":"43","pvap":"   0,74"},{"seq":"92","sqcand":"40001043880","n":"50333","nm":"RODRIG\u00c3O ASSUN\u00c7\u00c3O","cc":"PSOL","nv":" ","e":"n","st":"N\u00e3o eleito","dvt":"V\u00e1lido","vap":"18","pvap":"   0,31"},{"seq":"95","sqcand":"40001235248","n":"36555","nm":"JO\u00c3O RIVAS","cc":"PTC","nv":" ","e":"n","st":"N\u00e3o eleito","dvt":"V\u00e1lido","vap":"16","pvap":"   0,28"},{"seq":"37","sqcand":"40001234394","n":"15111","nm":"WANDERLEY","cc":"MDB","nv":" ","e":"n","st":"Suplente","dvt":"V\u00e1lido","vap":"24","pvap":"   0,41"},{"seq":"119","sqcand":"40001235963","n":"55444","nm":"DONA IRENE","cc":"PSD","nv":" ","e":"n","st":"N\u00e3o eleito","dvt":"V\u00e1lido","vap":"0","pvap":"00.00"},{"seq":"8","sqcand":"40001233874","n":"12345","nm":"MOACIR","cc":"PDT","nv":" ","e":"s","st":"Eleito","dvt":"V\u00e1lido","vap":"142","pvap":"   2,45"},{"seq":"21","sqcand":"40001248507","n":"17678","nm":"VAMBERTO","cc":"PSL","nv":" ","e":"n","st":"Suplente","dvt":"V\u00e1lido","vap":"50","pvap":"   0,86"},{"seq":"78","sqcand":"40001235245","n":"36777","nm":"PR GEVERSON","cc":"PTC","nv":" ","e":"n","st":"N\u00e3o eleito","dvt":"V\u00e1lido","vap":"50","pvap":"   0,86"},{"seq":"41","sqcand":"40001114667","n":"65221","nm":"PROFESSOR FORTUNATO","cc":"PC do B","nv":" ","e":"n","st":"Suplente","dvt":"V\u00e1lido","vap":"21","pvap":"   0,36"},{"seq":"52","sqcand":"40000808534","n":"17111","nm":"MARLUCE MURILO","cc":"PSL","nv":" ","e":"n","st":"Suplente","dvt":"V\u00e1lido","vap":"10","pvap":"   0,17"},{"seq":"45","sqcand":"40001234862","n":"19000","nm":"DR FOCA","cc":"PODE","nv":" ","e":"n","st":"Suplente","dvt":"V\u00e1lido","vap":"20","pvap":"   0,34"},{"seq":"71","sqcand":"40001235514","n":"45234","nm":"CARLINHOS AGUIAR","cc":"PSDB","nv":" ","e":"n","st":"N\u00e3o eleito","dvt":"Anulado sub judice","vap":"82","pvap":"   1,41"},{"seq":"79","sqcand":"40001235342","n":"40123","nm":"NIVA","cc":"PSB","nv":" ","e":"n","st":"N\u00e3o eleito","dvt":"V\u00e1lido","vap":"42","pvap":"   0,72"},{"seq":"118","sqcand":"40001266914","n":"13613","nm":"TAYNA LUANA","cc":"PT","nv":" ","e":"n","st":"N\u00e3o eleito","dvt":"V\u00e1lido","vap":"1","pvap":"   0,02"},{"seq":"109","sqcand":"40001043874","n":"50456","nm":"TIM\u00c3O","cc":"PSOL","nv":" ","e":"n","st":"N\u00e3o eleito","dvt":"V\u00e1lido","vap":"7","pvap":"   0,12"},{"seq":"94","sqcand":"40001043872","n":"50100","nm":"RICARDO AMOROKO YANOMAMI","cc":"PSOL","nv":" ","e":"n","st":"N\u00e3o eleito","dvt":"V\u00e1lido","vap":"17","pvap":"   0,29"},{"seq":"69","sqcand":"40001235577","n":"51152","nm":"GILSON YANOMAMI","cc":"PATRIOTA","nv":" ","e":"n","st":"N\u00e3o eleito","dvt":"V\u00e1lido","vap":"107","pvap":"   1,84"},{"seq":"13","sqcand":"40001233877","n":"12222","nm":"PATY","cc":"PDT","nv":" ","e":"n","st":"Suplente","dvt":"V\u00e1lido","vap":"141","pvap":"   2,43"},{"seq":"83","sqcand":"40000940845","n":"77520","nm":"BUT\u00c3O","cc":"SOLIDARIEDADE","nv":" ","e":"n","st":"N\u00e3o eleito","dvt":"V\u00e1lido","vap":"37","pvap":"   0,64"},{"seq":"104","sqcand":"40001043877","n":"50444","nm":"MARISTELA BANIWA","cc":"PSOL","nv":" ","e":"n","st":"N\u00e3o eleito","dvt":"V\u00e1lido","vap":"9","pvap":"   0,15"},{"seq":"90","sqcand":"40001043876","n":"50050","nm":"ROSE BARE","cc":"PSOL","nv":" ","e":"n","st":"N\u00e3o eleito","dvt":"V\u00e1lido","vap":"20","pvap":"   0,34"},{"seq":"22","sqcand":"40001114668","n":"65656","nm":"BRENDA DO RICO","cc":"PC do B","nv":" ","e":"n","st":"Suplente","dvt":"V\u00e1lido","vap":"46","pvap":"   0,79"},{"seq":"30","sqcand":"40001234853","n":"19888","nm":"HEBER LUCIO","cc":"PODE","nv":" ","e":"n","st":"Suplente","dvt":"V\u00e1lido","vap":"32","pvap":"   0,55"},{"seq":"43","sqcand":"40001234407","n":"15015","nm":"VAL DA \u00c1GUA","cc":"MDB","nv":" ","e":"n","st":"Suplente","dvt":"V\u00e1lido","vap":"20","pvap":"   0,34"},{"seq":"56","sqcand":"40001248501","n":"17220","nm":"SULIMERE","cc":"PSL","nv":" ","e":"n","st":"Suplente","dvt":"V\u00e1lido","vap":"8","pvap":"   0,14"},{"seq":"7","sqcand":"40001110041","n":"11555","nm":"ROG\u00c9RIO G\u00d3ES","cc":"PP","nv":" ","e":"s","st":"Eleito","dvt":"V\u00e1lido","vap":"159","pvap":"   2,74"},{"seq":"87","sqcand":"40000940677","n":"23123","nm":"ALDIZA GUERREIRO FRUTUOSO","cc":"CIDADANIA","nv":" ","e":"n","st":"N\u00e3o eleito","dvt":"V\u00e1lido","vap":"24","pvap":"   0,41"},{"seq":"80","sqcand":"40001043873","n":"50123","nm":"VALDENICE FONTES","cc":"PSOL","nv":" ","e":"n","st":"N\u00e3o eleito","dvt":"V\u00e1lido","vap":"40","pvap":"   0,69"},{"seq":"114","sqcand":"40000855763","n":"43123","nm":"ONIS","cc":"PV","nv":" ","e":"n","st":"N\u00e3o eleito","dvt":"V\u00e1lido","vap":"3","pvap":"   0,05"},{"seq":"93","sqcand":"40001043868","n":"50153","nm":"PELADO","cc":"PSOL","nv":" ","e":"n","st":"N\u00e3o eleito","dvt":"V\u00e1lido","vap":"17","pvap":"   0,29"},{"seq":"34","sqcand":"40001114661","n":"65007","nm":"GRAND\u00c3O","cc":"PC do B","nv":" ","e":"n","st":"Suplente","dvt":"V\u00e1lido","vap":"28","pvap":"   0,48"},{"seq":"82","sqcand":"40001235575","n":"51567","nm":"AROLDO YANOMAMI","cc":"PATRIOTA","nv":" ","e":"n","st":"N\u00e3o eleito","dvt":"V\u00e1lido","vap":"38","pvap":"   0,65"},{"seq":"4","sqcand":"40001234404","n":"15666","nm":"PAULO CARDOSO","cc":"MDB","nv":" ","e":"s","st":"Eleito","dvt":"V\u00e1lido","vap":"230","pvap":"   3,96"},{"seq":"103","sqcand":"40001235341","n":"40111","nm":"NELL PARINTIS","cc":"PSB","nv":" ","e":"n","st":"N\u00e3o eleito","dvt":"V\u00e1lido","vap":"9","pvap":"   0,15"},{"seq":"51","sqcand":"40001248511","n":"17222","nm":"ADELTOM","cc":"PSL","nv":" ","e":"n","st":"Suplente","dvt":"V\u00e1lido","vap":"10","pvap":"   0,17"},{"seq":"3","sqcand":"40001113195","n":"22222","nm":"RAF\u00c3O","cc":"PL","nv":" ","e":"s","st":"Eleito","dvt":"V\u00e1lido","vap":"268","pvap":"   4,62"},{"seq":"59","sqcand":"40001248508","n":"17333","nm":"IR NEIDE","cc":"PSL","nv":" ","e":"n","st":"Suplente","dvt":"V\u00e1lido","vap":"5","pvap":"   0,09"},{"seq":"91","sqcand":"40001268363","n":"51123","nm":"MARIA DOS ANJOS","cc":"PATRIOTA","nv":" ","e":"n","st":"N\u00e3o eleito","dvt":"V\u00e1lido","vap":"18","pvap":"   0,31"},{"seq":"121","sqcand":"40000884991","n":"33456","nm":"CLAUDIMARPINHEIRO","cc":"PMN","nv":" ","e":"n","st":"N\u00e3o eleito","dvt":"V\u00e1lido","vap":"0","pvap":"00.00"},{"seq":"33","sqcand":"40001114670","n":"65555","nm":"BAIANO DO BACABAL","cc":"PC do B","nv":" ","e":"n","st":"Suplente","dvt":"V\u00e1lido","vap":"30","pvap":"   0,52"},{"seq":"12","sqcand":"40001234854","n":"19555","nm":"CLA\u00daDIO PARENT\u00c3O","cc":"PODE","nv":" ","e":"n","st":"Suplente","dvt":"V\u00e1lido","vap":"156","pvap":"   2,69"},{"seq":"54","sqcand":"40001248499","n":"17145","nm":"ALESSANDRO CAIA","cc":"PSL","nv":" ","e":"n","st":"Suplente","dvt":"V\u00e1lido","vap":"9","pvap":"   0,15"},{"seq":"27","sqcand":"40001248503","n":"17456","nm":"SIROMAR","cc":"PSL","nv":" ","e":"n","st":"Suplente","dvt":"V\u00e1lido","vap":"41","pvap":"   0,71"},{"seq":"86","sqcand":"40000940846","n":"77123","nm":"NEIDE LIMA","cc":"SOLIDARIEDADE","nv":" ","e":"n","st":"N\u00e3o eleito","dvt":"V\u00e1lido","vap":"25","pvap":"   0,43"},{"seq":"108","sqcand":"40001043875","n":"50125","nm":"PASTOR DANIEL","cc":"PSOL","nv":" ","e":"n","st":"N\u00e3o eleito","dvt":"V\u00e1lido","vap":"7","pvap":"   0,12"},{"seq":"65","sqcand":"40001114666","n":"65124","nm":"JORGE DA PARADA","cc":"PC do B","nv":" ","e":"n","st":"Suplente","dvt":"V\u00e1lido","vap":"3","pvap":"   0,05"},{"seq":"40","sqcand":"40001248500","n":"17387","nm":"PREGUICA","cc":"PSL","nv":" ","e":"n","st":"Suplente","dvt":"V\u00e1lido","vap":"22","pvap":"   0,38"},{"seq":"101","sqcand":"40001235965","n":"55333","nm":"MIGUEL","cc":"PSD","nv":" ","e":"n","st":"N\u00e3o eleito","dvt":"V\u00e1lido","vap":"11","pvap":"   0,19"},{"seq":"74","sqcand":"40001235960","n":"55555","nm":"NENEM GANSO","cc":"PSD","nv":" ","e":"n","st":"N\u00e3o eleito","dvt":"V\u00e1lido","vap":"68","pvap":"   1,17"},{"seq":"120","sqcand":"40001043879","n":"50120","nm":"FRANCIOMAR SANTOS","cc":"PSOL","nv":" ","e":"n","st":"N\u00e3o eleito","dvt":"V\u00e1lido","vap":"0","pvap":"00.00"},{"seq":"115","sqcand":"40001235512","n":"45678","nm":"MILENA","cc":"PSDB","nv":" ","e":"n","st":"N\u00e3o eleito","dvt":"V\u00e1lido","vap":"3","pvap":"   0,05"},{"seq":"73","sqcand":"40000855762","n":"43456","nm":"PROFESSORA SANDRA","cc":"PV","nv":" ","e":"n","st":"N\u00e3o eleito","dvt":"V\u00e1lido","vap":"78","pvap":"   1,34"},{"seq":"38","sqcand":"40001234399","n":"15789","nm":"GERLLY FREITAS","cc":"MDB","nv":" ","e":"n","st":"Suplente","dvt":"V\u00e1lido","vap":"23","pvap":"   0,40"},{"seq":"17","sqcand":"40001234393","n":"15555","nm":"FRANCISCA DA SA\u00daDE","cc":"MDB","nv":" ","e":"n","st":"Suplente","dvt":"V\u00e1lido","vap":"79","pvap":"   1,36"},{"seq":"36","sqcand":"40001233876","n":"12123","nm":"SANDRA","cc":"PDT","nv":" ","e":"n","st":"Suplente","dvt":"V\u00e1lido","vap":"25","pvap":"   0,43"},{"seq":"105","sqcand":"40001043870","n":"50025","nm":"SR. ENE","cc":"PSOL","nv":" ","e":"n","st":"N\u00e3o eleito","dvt":"V\u00e1lido","vap":"8","pvap":"   0,14"},{"seq":"31","sqcand":"40001234398","n":"15222","nm":"MARLICE GAMA","cc":"MDB","nv":" ","e":"n","st":"Suplente","dvt":"V\u00e1lido","vap":"32","pvap":"   0,55"},{"seq":"49","sqcand":"40001233878","n":"12888","nm":"MARLON ARRUDA","cc":"PDT","nv":" ","e":"n","st":"Suplente","dvt":"V\u00e1lido","vap":"11","pvap":"   0,19"},{"seq":"97","sqcand":"40001111773","n":"20331","nm":"PORFIRIO CAMICO","cc":"PSC","nv":" ","e":"n","st":"N\u00e3o eleito","dvt":"V\u00e1lido","vap":"15","pvap":"   0,26"},{"seq":"25","sqcand":"40001248509","n":"17151","nm":"ROGERIO","cc":"PSL","nv":" ","e":"n","st":"Suplente","dvt":"V\u00e1lido","vap":"42","pvap":"   0,72"},{"seq":"67","sqcand":"40001234861","n":"19019","nm":"DAIANA SILVA","cc":"PODE","nv":" ","e":"n","st":"Suplente","dvt":"V\u00e1lido","vap":"0","pvap":"00.00"},{"seq":"68","sqcand":"40001235343","n":"40000","nm":"CICERO MENDES","cc":"PSB","nv":" ","e":"n","st":"N\u00e3o eleito","dvt":"V\u00e1lido","vap":"133","pvap":"   2,29"},{"seq":"107","sqcand":"40001235962","n":"55224","nm":"CARLINHOS DA ILHA","cc":"PSD","nv":" ","e":"n","st":"N\u00e3o eleito","dvt":"V\u00e1lido","vap":"7","pvap":"   0,12"},{"seq":"32","sqcand":"40001248510","n":"17123","nm":"WANDSON DA HONDA","cc":"PSL","nv":" ","e":"n","st":"Suplente","dvt":"V\u00e1lido","vap":"32","pvap":"   0,55"},{"seq":"85","sqcand":"40001235966","n":"55666","nm":"GIL","cc":"PSD","nv":" ","e":"n","st":"N\u00e3o eleito","dvt":"V\u00e1lido","vap":"30","pvap":"   0,52"},{"seq":"19","sqcand":"40001234859","n":"19123","nm":"TUIR\u00c3O","cc":"PODE","nv":" ","e":"n","st":"Suplente","dvt":"V\u00e1lido","vap":"60","pvap":"   1,03"},{"seq":"60","sqcand":"40001248505","n":"17555","nm":"LULU","cc":"PSL","nv":" ","e":"n","st":"Suplente","dvt":"V\u00e1lido","vap":"5","pvap":"   0,09"},{"seq":"66","sqcand":"40001114662","n":"65111","nm":"FABR\u00cdCIO DO TIJOLO","cc":"PC do B","nv":" ","e":"n","st":"Suplente","dvt":"V\u00e1lido","vap":"2","pvap":"   0,03"},{"seq":"23","sqcand":"40001114665","n":"65333","nm":"F\u00c1TIMA BRAGA","cc":"PC do B","nv":" ","e":"n","st":"Suplente","dvt":"V\u00e1lido","vap":"46","pvap":"   0,79"},{"seq":"117","sqcand":"40001112027","n":"13633","nm":"ZETINHA","cc":"PT","nv":" ","e":"n","st":"N\u00e3o eleito","dvt":"V\u00e1lido","vap":"1","pvap":"   0,02"},{"seq":"2","sqcand":"40001234396","n":"15123","nm":"D\u00c3O","cc":"MDB","nv":" ","e":"s","st":"Eleito","dvt":"V\u00e1lido","vap":"273","pvap":"   4,70"},{"seq":"96","sqcand":"40001235574","n":"51555","nm":"RUI OLIVEIRA","cc":"PATRIOTA","nv":" ","e":"n","st":"N\u00e3o eleito","dvt":"V\u00e1lido","vap":"15","pvap":"   0,26"},{"seq":"58","sqcand":"40001234401","n":"15203","nm":"EV\u00c2NIO BARROS","cc":"MDB","nv":" ","e":"n","st":"Suplente","dvt":"V\u00e1lido","vap":"6","pvap":"   0,10"},{"seq":"55","sqcand":"40001113197","n":"22123","nm":"MARILENE SILVA","cc":"PL","nv":" ","e":"n","st":"Suplente","dvt":"V\u00e1lido","vap":"8","pvap":"   0,14"},{"seq":"44","sqcand":"40001114664","n":"65000","nm":"PROFESSORA EVA","cc":"PC do B","nv":" ","e":"n","st":"Suplente","dvt":"V\u00e1lido","vap":"20","pvap":"   0,34"},{"seq":"99","sqcand":"40001235247","n":"36999","nm":"PR RICARDO","cc":"PTC","nv":" ","e":"n","st":"N\u00e3o eleito","dvt":"V\u00e1lido","vap":"13","pvap":"   0,22"},{"seq":"15","sqcand":"40001110043","n":"11222","nm":"JARB\u00c3O","cc":"PP","nv":" ","e":"n","st":"Suplente","dvt":"V\u00e1lido","vap":"86","pvap":"   1,48"},{"seq":"75","sqcand":"40001112028","n":"13777","nm":"SALVADOR","cc":"PT","nv":" ","e":"n","st":"N\u00e3o eleito","dvt":"V\u00e1lido","vap":"63","pvap":"   1,08"},{"seq":"53","sqcand":"40001248502","n":"17646","nm":"TEN PEIXOTO","cc":"PSL","nv":" ","e":"n","st":"Suplente","dvt":"V\u00e1lido","vap":"9","pvap":"   0,15"},{"seq":"70","sqcand":"40001235576","n":"51234","nm":"IRACEMA SANCHES","cc":"PATRIOTA","nv":" ","e":"n","st":"N\u00e3o eleito","dvt":"V\u00e1lido","vap":"101","pvap":"   1,74"},{"seq":"28","sqcand":"40001234408","n":"15221","nm":"CABO LIMA","cc":"MDB","nv":" ","e":"n","st":"Suplente","dvt":"V\u00e1lido","vap":"35","pvap":"   0,60"},{"seq":"26","sqcand":"40001234405","n":"15007","nm":"MAGUILA","cc":"MDB","nv":" ","e":"n","st":"Suplente","dvt":"V\u00e1lido","vap":"42","pvap":"   0,72"},{"seq":"42","sqcand":"40001234395","n":"15234","nm":"JERRY","cc":"MDB","nv":" ","e":"n","st":"Suplente","dvt":"V\u00e1lido","vap":"21","pvap":"   0,36"},{"seq":"48","sqcand":"40001233875","n":"12012","nm":"SUSAN","cc":"PDT","nv":" ","e":"n","st":"Suplente","dvt":"V\u00e1lido","vap":"14","pvap":"   0,24"},{"seq":"62","sqcand":"40001248504","n":"17888","nm":"JUAREZ","cc":"PSL","nv":" ","e":"n","st":"Suplente","dvt":"V\u00e1lido","vap":"4","pvap":"   0,07"},{"seq":"6","sqcand":"40001114669","n":"65123","nm":"BAIANO","cc":"PC do B","nv":" ","e":"s","st":"Eleito","dvt":"V\u00e1lido","vap":"185","pvap":"   3,19"},{"seq":"9","sqcand":"40001110040","n":"11234","nm":"BERRINHO","cc":"PP","nv":" ","e":"s","st":"Eleito","dvt":"V\u00e1lido","vap":"135","pvap":"   2,32"},{"seq":"29","sqcand":"40001234855","n":"19222","nm":"ELENILTO GARGANTINHA DE OURO","cc":"PODE","nv":" ","e":"n","st":"Suplente","dvt":"V\u00e1lido","vap":"35","pvap":"   0,60"},{"seq":"77","sqcand":"40001111772","n":"20123","nm":"ANUNCIATA MARTINS","cc":"PSC","nv":" ","e":"n","st":"N\u00e3o eleito","dvt":"V\u00e1lido","vap":"54","pvap":"   0,93"}]}
