{"ele":"426","tpabr":"mu","cdabr":"02399","carper":"13","t":"1","f":"o","dt":"15/11/2020","ht":"21:30:12","dv":"s","tf":"s","v":"11","esae":"n","mnae":"","s":"33","st":"33","pst":" 100,00","snt":"0","psnt":"   0,00","si":"33","psi":" 100,00","sni":"0","psni":"   0,00","sa":"33","psa":" 100,00","sna":"0","psna":"   0,00","e":"11608","ea":"11608","pea":" 100,00","ena":"0","pena":"   0,00","esi":"11608","pesi":" 100,00","esni":"0","pesni":"   0,00","c":"9201","pc":"  79,26","a":"2407","pa":"  20,74","vscv":"0","vnom":"8404","vl":"441","pvnom":"  95,01","pvl":"   4,99","vvc":"8845","pvvc":"  96,13","vb":"31","pvb":"   0,34","tvn":"325","ptvn":"   3,53","vn":"325","pvn":" 100,00","vnt":"0","pvnt":"   0,00","vp":"0","pvp":"   0,00","vv":"8845","pvv":" 100,00","van":"0","pvan":"   0,00","vansj":"0","pvansj":"   0,00","tv":"9201","cand":[{"seq":"26","sqcand":"40001247264","n":"45888","nm":"LEANDRO","cc":"PSDB","nv":" ","e":"n","st":"Suplente","dvt":"V\u00e1lido","vap":"102","pvap":"   1,15"},{"seq":"15","sqcand":"40000864332","n":"55369","nm":"EDIVAN DA BALSA","cc":"PSD","nv":" ","e":"n","st":"Suplente","dvt":"V\u00e1lido","vap":"214","pvap":"   2,42"},{"seq":"65","sqcand":"40001245841","n":"15123","nm":"MESSIAS SILVA","cc":"MDB","nv":" ","e":"n","st":"Suplente","dvt":"V\u00e1lido","vap":"9","pvap":"   0,10"},{"seq":"76","sqcand":"40001252402","n":"70666","nm":"EVILAZIO","cc":"AVANTE","nv":" ","e":"n","st":"N\u00e3o eleito","dvt":"V\u00e1lido","vap":"14","pvap":"   0,16"},{"seq":"69","sqcand":"40000864342","n":"55000","nm":"ROSINHA","cc":"PSD","nv":" ","e":"n","st":"Suplente","dvt":"V\u00e1lido","vap":"0","pvap":"00.00"},{"seq":"72","sqcand":"40001252399","n":"70000","nm":"Z\u00c9 CORREA","cc":"AVANTE","nv":" ","e":"n","st":"N\u00e3o eleito","dvt":"V\u00e1lido","vap":"48","pvap":"   0,54"},{"seq":"47","sqcand":"40001247256","n":"45655","nm":"ALCIENE MARQUES","cc":"PSDB","nv":" ","e":"n","st":"Suplente","dvt":"V\u00e1lido","vap":"30","pvap":"   0,34"},{"seq":"32","sqcand":"40001247262","n":"45455","nm":"ERL\u00c2NDIO","cc":"PSDB","nv":" ","e":"n","st":"Suplente","dvt":"V\u00e1lido","vap":"79","pvap":"   0,89"},{"seq":"56","sqcand":"40000864335","n":"55111","nm":"PEP\u00ca","cc":"PSD","nv":" ","e":"n","st":"Suplente","dvt":"V\u00e1lido","vap":"16","pvap":"   0,18"},{"seq":"18","sqcand":"40001247257","n":"45000","nm":"KENA","cc":"PSDB","nv":" ","e":"n","st":"Suplente","dvt":"V\u00e1lido","vap":"196","pvap":"   2,22"},{"seq":"8","sqcand":"40001246382","n":"22345","nm":"PROFESSORA NECA","cc":"PL","nv":" ","e":"s","st":"Eleito","dvt":"V\u00e1lido","vap":"275","pvap":"   3,11"},{"seq":"58","sqcand":"40001245842","n":"15000","nm":"CITA","cc":"MDB","nv":" ","e":"n","st":"Suplente","dvt":"V\u00e1lido","vap":"13","pvap":"   0,15"},{"seq":"21","sqcand":"40001245840","n":"15222","nm":"PROFESSORA JOSINEIDE","cc":"MDB","nv":" ","e":"n","st":"Suplente","dvt":"V\u00e1lido","vap":"129","pvap":"   1,46"},{"seq":"24","sqcand":"40000864344","n":"55555","nm":"PROFESSOR CIELES","cc":"PSD","nv":" ","e":"n","st":"Suplente","dvt":"V\u00e1lido","vap":"117","pvap":"   1,32"},{"seq":"46","sqcand":"40000864331","n":"55666","nm":"LUIZ CARLOS","cc":"PSD","nv":" ","e":"n","st":"Suplente","dvt":"V\u00e1lido","vap":"30","pvap":"   0,34"},{"seq":"63","sqcand":"40000842019","n":"10369","nm":"ROSO","cc":"REPUBLICANOS","nv":" ","e":"n","st":"Suplente","dvt":"V\u00e1lido","vap":"10","pvap":"   0,11"},{"seq":"5","sqcand":"40000864338","n":"55222","nm":"MANOEL CARECA","cc":"PSD","nv":" ","e":"s","st":"Eleito","dvt":"V\u00e1lido","vap":"302","pvap":"   3,41"},{"seq":"77","sqcand":"40001252398","n":"70444","nm":"KECILO","cc":"AVANTE","nv":" ","e":"n","st":"N\u00e3o eleito","dvt":"V\u00e1lido","vap":"10","pvap":"   0,11"},{"seq":"20","sqcand":"40001246384","n":"22333","nm":"JO\u00c1S OLIVEIRA","cc":"PL","nv":" ","e":"n","st":"Suplente","dvt":"V\u00e1lido","vap":"133","pvap":"   1,50"},{"seq":"16","sqcand":"40000842020","n":"10000","nm":"EVILAZIO GRA\u00c7A","cc":"REPUBLICANOS","nv":" ","e":"n","st":"Suplente","dvt":"V\u00e1lido","vap":"212","pvap":"   2,40"},{"seq":"54","sqcand":"40000842033","n":"10888","nm":"MARINES","cc":"REPUBLICANOS","nv":" ","e":"n","st":"Suplente","dvt":"V\u00e1lido","vap":"18","pvap":"   0,20"},{"seq":"4","sqcand":"40001245839","n":"15333","nm":"F\u00c1BIO SARAIVA","cc":"MDB","nv":" ","e":"s","st":"Eleito","dvt":"V\u00e1lido","vap":"355","pvap":"   4,01"},{"seq":"51","sqcand":"40001247260","n":"45444","nm":"IRL\u00c2NDIO PAIVA","cc":"PSDB","nv":" ","e":"n","st":"Suplente","dvt":"V\u00e1lido","vap":"22","pvap":"   0,25"},{"seq":"19","sqcand":"40001246380","n":"22222","nm":"FRANCIMAR LOPES","cc":"PL","nv":" ","e":"n","st":"Suplente","dvt":"V\u00e1lido","vap":"172","pvap":"   1,94"},{"seq":"53","sqcand":"40000842032","n":"10852","nm":"MANOEL METON","cc":"REPUBLICANOS","nv":" ","e":"n","st":"Suplente","dvt":"V\u00e1lido","vap":"18","pvap":"   0,20"},{"seq":"57","sqcand":"40000842024","n":"10555","nm":"RAY RAMOS","cc":"REPUBLICANOS","nv":" ","e":"n","st":"Suplente","dvt":"V\u00e1lido","vap":"15","pvap":"   0,17"},{"seq":"64","sqcand":"40001246388","n":"22444","nm":"J\u00daLIA MARQUES","cc":"PL","nv":" ","e":"n","st":"Suplente","dvt":"V\u00e1lido","vap":"9","pvap":"   0,10"},{"seq":"14","sqcand":"40000864337","n":"55333","nm":"NETO MARTINS","cc":"PSD","nv":" ","e":"n","st":"Suplente","dvt":"V\u00e1lido","vap":"226","pvap":"   2,56"},{"seq":"70","sqcand":"40000842029","n":"10456","nm":"NEIDE","cc":"REPUBLICANOS","nv":" ","e":"n","st":"Suplente","dvt":"V\u00e1lido","vap":"0","pvap":"00.00"},{"seq":"34","sqcand":"40001246383","n":"22369","nm":"OC\u00c9LIO CARRIGAS","cc":"PL","nv":" ","e":"n","st":"Suplente","dvt":"V\u00e1lido","vap":"62","pvap":"   0,70"},{"seq":"48","sqcand":"40000864336","n":"55162","nm":"BOLACHA","cc":"PSD","nv":" ","e":"n","st":"Suplente","dvt":"V\u00e1lido","vap":"27","pvap":"   0,31"},{"seq":"41","sqcand":"40001247267","n":"45999","nm":"M\u00c9RISSON","cc":"PSDB","nv":" ","e":"n","st":"Suplente","dvt":"V\u00e1lido","vap":"43","pvap":"   0,49"},{"seq":"73","sqcand":"40001252404","n":"70777","nm":"MAJO CARLOS","cc":"AVANTE","nv":" ","e":"n","st":"N\u00e3o eleito","dvt":"V\u00e1lido","vap":"20","pvap":"   0,23"},{"seq":"67","sqcand":"40000864333","n":"55741","nm":"GILCIMAR","cc":"PSD","nv":" ","e":"n","st":"Suplente","dvt":"V\u00e1lido","vap":"7","pvap":"   0,08"},{"seq":"25","sqcand":"40001245843","n":"15234","nm":"LORINHO","cc":"MDB","nv":" ","e":"n","st":"Suplente","dvt":"V\u00e1lido","vap":"105","pvap":"   1,19"},{"seq":"9","sqcand":"40001246378","n":"22123","nm":"ELTON ALMEIDA","cc":"PL","nv":" ","e":"s","st":"Eleito","dvt":"V\u00e1lido","vap":"270","pvap":"   3,05"},{"seq":"62","sqcand":"40000864341","n":"55999","nm":"LAVINHA","cc":"PSD","nv":" ","e":"n","st":"Suplente","dvt":"V\u00e1lido","vap":"11","pvap":"   0,12"},{"seq":"28","sqcand":"40001245847","n":"15111","nm":"IVANILDE","cc":"MDB","nv":" ","e":"n","st":"Suplente","dvt":"V\u00e1lido","vap":"92","pvap":"   1,04"},{"seq":"68","sqcand":"40000864334","n":"55662","nm":"SARGENTO PATRICIO","cc":"PSD","nv":" ","e":"n","st":"Suplente","dvt":"V\u00e1lido","vap":"5","pvap":"   0,06"},{"seq":"45","sqcand":"40000842021","n":"10999","nm":"JOSU\u00c9","cc":"REPUBLICANOS","nv":" ","e":"n","st":"Suplente","dvt":"V\u00e1lido","vap":"31","pvap":"   0,35"},{"seq":"36","sqcand":"40001247259","n":"45777","nm":"EDVAR","cc":"PSDB","nv":" ","e":"n","st":"Suplente","dvt":"V\u00e1lido","vap":"57","pvap":"   0,64"},{"seq":"2","sqcand":"40000864345","n":"55444","nm":"ANE SILV\u00c9RIO","cc":"PSD","nv":" ","e":"s","st":"Eleito","dvt":"V\u00e1lido","vap":"560","pvap":"   6,33"},{"seq":"29","sqcand":"40001245844","n":"15550","nm":"ZEQUINHA","cc":"MDB","nv":" ","e":"n","st":"Suplente","dvt":"V\u00e1lido","vap":"86","pvap":"   0,97"},{"seq":"66","sqcand":"40000864343","n":"55511","nm":"JOAO SOUZA","cc":"PSD","nv":" ","e":"n","st":"Suplente","dvt":"V\u00e1lido","vap":"8","pvap":"   0,09"},{"seq":"71","sqcand":"40001252403","n":"70222","nm":"ROZILENE BATALHA","cc":"AVANTE","nv":" ","e":"n","st":"N\u00e3o eleito","dvt":"V\u00e1lido","vap":"66","pvap":"   0,75"},{"seq":"27","sqcand":"40001246389","n":"22111","nm":"MICA","cc":"PL","nv":" ","e":"n","st":"Suplente","dvt":"V\u00e1lido","vap":"96","pvap":"   1,09"},{"seq":"78","sqcand":"40001252401","n":"70111","nm":"CHANDOCA","cc":"AVANTE","nv":" ","e":"n","st":"N\u00e3o eleito","dvt":"V\u00e1lido","vap":"8","pvap":"   0,09"},{"seq":"23","sqcand":"40001245845","n":"15888","nm":"JONAS LIMA","cc":"MDB","nv":" ","e":"n","st":"Suplente","dvt":"V\u00e1lido","vap":"119","pvap":"   1,35"},{"seq":"22","sqcand":"40001246379","n":"22789","nm":"CLEUDIMAR ARA\u00daJO","cc":"PL","nv":" ","e":"n","st":"Suplente","dvt":"V\u00e1lido","vap":"123","pvap":"   1,39"},{"seq":"13","sqcand":"40001246387","n":"22666","nm":"DUDA","cc":"PL","nv":" ","e":"n","st":"Suplente","dvt":"V\u00e1lido","vap":"243","pvap":"   2,75"},{"seq":"50","sqcand":"40000864346","n":"55789","nm":"ANDRESSA","cc":"PSD","nv":" ","e":"n","st":"Suplente","dvt":"V\u00e1lido","vap":"23","pvap":"   0,26"},{"seq":"30","sqcand":"40001247261","n":"45678","nm":"PROFESSORA CEC\u00cdLIA","cc":"PSDB","nv":" ","e":"n","st":"Suplente","dvt":"V\u00e1lido","vap":"85","pvap":"   0,96"},{"seq":"42","sqcand":"40000842031","n":"10963","nm":"ROZELMA","cc":"REPUBLICANOS","nv":" ","e":"n","st":"Suplente","dvt":"V\u00e1lido","vap":"41","pvap":"   0,46"},{"seq":"49","sqcand":"40000842018","n":"10123","nm":"COTE","cc":"REPUBLICANOS","nv":" ","e":"n","st":"Suplente","dvt":"V\u00e1lido","vap":"24","pvap":"   0,27"},{"seq":"17","sqcand":"40000842022","n":"10444","nm":"NETO BATALHA","cc":"REPUBLICANOS","nv":" ","e":"n","st":"Suplente","dvt":"V\u00e1lido","vap":"199","pvap":"   2,25"},{"seq":"55","sqcand":"40000842026","n":"10987","nm":"Z\u00c9 DO OCELIO","cc":"REPUBLICANOS","nv":" ","e":"n","st":"Suplente","dvt":"V\u00e1lido","vap":"18","pvap":"   0,20"},{"seq":"40","sqcand":"40001245850","n":"15666","nm":"MARENILCE","cc":"MDB","nv":" ","e":"n","st":"Suplente","dvt":"V\u00e1lido","vap":"44","pvap":"   0,50"},{"seq":"10","sqcand":"40000842030","n":"10789","nm":"EDY","cc":"REPUBLICANOS","nv":" ","e":"s","st":"Eleito","dvt":"V\u00e1lido","vap":"258","pvap":"   2,92"},{"seq":"75","sqcand":"40001252400","n":"70333","nm":"DE JESUS","cc":"AVANTE","nv":" ","e":"n","st":"N\u00e3o eleito","dvt":"V\u00e1lido","vap":"17","pvap":"   0,19"},{"seq":"35","sqcand":"40001246386","n":"22322","nm":"NUNES SILVA","cc":"PL","nv":" ","e":"n","st":"Suplente","dvt":"V\u00e1lido","vap":"59","pvap":"   0,67"},{"seq":"7","sqcand":"40001247258","n":"45555","nm":"IVANETE","cc":"PSDB","nv":" ","e":"s","st":"Eleito","dvt":"V\u00e1lido","vap":"291","pvap":"   3,29"},{"seq":"38","sqcand":"40000864339","n":"55123","nm":"FRANCISCA","cc":"PSD","nv":" ","e":"n","st":"Suplente","dvt":"V\u00e1lido","vap":"47","pvap":"   0,53"},{"seq":"61","sqcand":"40001246377","n":"22777","nm":"RAIANE FARIAS","cc":"PL","nv":" ","e":"n","st":"Suplente","dvt":"V\u00e1lido","vap":"12","pvap":"   0,14"},{"seq":"60","sqcand":"40000842027","n":"10666","nm":"JO\u00c3O COLARES","cc":"REPUBLICANOS","nv":" ","e":"n","st":"Suplente","dvt":"V\u00e1lido","vap":"12","pvap":"   0,14"},{"seq":"11","sqcand":"40001245848","n":"15555","nm":"ALBECY PEREIRA","cc":"MDB","nv":" ","e":"s","st":"Eleito","dvt":"V\u00e1lido","vap":"247","pvap":"   2,79"},{"seq":"39","sqcand":"40000864340","n":"55888","nm":"DULCICLEIA","cc":"PSD","nv":" ","e":"n","st":"Suplente","dvt":"V\u00e1lido","vap":"46","pvap":"   0,52"},{"seq":"12","sqcand":"40000842028","n":"10222","nm":"C\u00d4CO","cc":"REPUBLICANOS","nv":" ","e":"n","st":"Suplente","dvt":"V\u00e1lido","vap":"247","pvap":"   2,79"},{"seq":"6","sqcand":"40001247266","n":"45222","nm":"ENFERMEIRA SIDRANA","cc":"PSDB","nv":" ","e":"s","st":"Eleito","dvt":"V\u00e1lido","vap":"296","pvap":"   3,35"},{"seq":"59","sqcand":"40001252052","n":"45123","nm":"DEAN","cc":"PSDB","nv":" ","e":"n","st":"Suplente","dvt":"V\u00e1lido","vap":"13","pvap":"   0,15"},{"seq":"3","sqcand":"40001246381","n":"22555","nm":"ANANIAS CORREIA","cc":"PL","nv":" ","e":"s","st":"Eleito","dvt":"V\u00e1lido","vap":"414","pvap":"   4,68"},{"seq":"52","sqcand":"40001245851","n":"15444","nm":"JOEL SILVA","cc":"MDB","nv":" ","e":"n","st":"Suplente","dvt":"V\u00e1lido","vap":"20","pvap":"   0,23"},{"seq":"43","sqcand":"40001246385","n":"22888","nm":"ADRIENE SILVA","cc":"PL","nv":" ","e":"n","st":"Suplente","dvt":"V\u00e1lido","vap":"40","pvap":"   0,45"},{"seq":"74","sqcand":"40001252396","n":"70555","nm":"RAIMUNDA","cc":"AVANTE","nv":" ","e":"n","st":"N\u00e3o eleito","dvt":"V\u00e1lido","vap":"18","pvap":"   0,20"},{"seq":"44","sqcand":"40001245849","n":"15999","nm":"BRAGA","cc":"MDB","nv":" ","e":"n","st":"Suplente","dvt":"V\u00e1lido","vap":"36","pvap":"   0,41"},{"seq":"33","sqcand":"40001245846","n":"15777","nm":"VAV\u00c1 SARAIVA","cc":"MDB","nv":" ","e":"n","st":"Suplente","dvt":"V\u00e1lido","vap":"70","pvap":"   0,79"},{"seq":"37","sqcand":"40000842023","n":"10333","nm":"MARIA DO MOACA","cc":"REPUBLICANOS","nv":" ","e":"n","st":"Suplente","dvt":"V\u00e1lido","vap":"47","pvap":"   0,53"},{"seq":"31","sqcand":"40000842025","n":"10777","nm":"ISAEL","cc":"REPUBLICANOS","nv":" ","e":"n","st":"Suplente","dvt":"V\u00e1lido","vap":"84","pvap":"   0,95"},{"seq":"1","sqcand":"40001247263","n":"45666","nm":"PAULA AUGUSTA","cc":"PSDB","nv":" ","e":"s","st":"Eleito","dvt":"V\u00e1lido","vap":"883","pvap":"   9,98"}]}
