{"ele":"426","tpabr":"mu","cdabr":"02410","carper":"13","t":"1","f":"o","dt":"15/11/2020","ht":"21:20:13","dv":"s","tf":"n","v":"17","esae":"n","mnae":"","s":"199","st":"197","pst":"  98,99","snt":"2","psnt":"   1,01","si":"197","psi":"  98,99","sni":"0","psni":"   0,00","sa":"197","psa":" 100,00","sna":"0","psna":"   0,00","e":"67270","ea":"66874","pea":" 100,00","ena":"0","pena":"   0,00","esi":"66874","pesi":"  98,99","esni":"0","pesni":"   0,00","c":"52677","pc":"  78,77","a":"14197","pa":"  21,23","vscv":"0","vnom":"48721","vl":"2411","pvnom":"  95,28","pvl":"   4,72","vvc":"51592","pvvc":"  97,94","vb":"461","pvb":"   0,88","tvn":"624","ptvn":"   1,18","vn":"624","pvn":" 100,00","vnt":"0","pvnt":"   0,00","vp":"0","pvp":"   0,00","vv":"51132","pvv":"  99,11","van":"0","pvan":"   0,00","vansj":"460","pvansj":"   0,89","tv":"52677","cand":[{"seq":"155","sqcand":"40001035744","n":"77777","nm":"EDSON LIMA","cc":"SOLIDARIEDADE","nv":" ","e":"n","st":"","dvt":"V\u00e1lido","vap":"62","pvap":"   0,12"},{"seq":"260","sqcand":"40000883440","n":"90190","nm":"LIND\u00c3O DO JORNAL DEZ MINUTOS","cc":"PROS","nv":" ","e":"n","st":"","dvt":"V\u00e1lido","vap":"19","pvap":"   0,04"},{"seq":"200","sqcand":"40001108386","n":"20788","nm":"MARINO DA SOFR\u00caNCIA","cc":"PSC","nv":" ","e":"n","st":"","dvt":"V\u00e1lido","vap":"38","pvap":"   0,07"},{"seq":"354","sqcand":"40001267798","n":"25258","nm":"ALZENIRA SILVA","cc":"DEM","nv":" ","e":"n","st":"","dvt":"V\u00e1lido","vap":"0","pvap":"00.00"},{"seq":"244","sqcand":"40001238210","n":"27222","nm":"HELIA MAQUIN\u00c9","cc":"DC","nv":" ","e":"n","st":"","dvt":"V\u00e1lido","vap":"22","pvap":"   0,04"},{"seq":"257","sqcand":"40001035745","n":"77425","nm":"PROF WILSON BRAND\u00c3O","cc":"SOLIDARIEDADE","nv":" ","e":"n","st":"","dvt":"V\u00e1lido","vap":"19","pvap":"   0,04"},{"seq":"4","sqcand":"40000824981","n":"22333","nm":"RICHARDSON DO MUTIR\u00c3O","cc":"PL","nv":" ","e":"n","st":"","dvt":"V\u00e1lido","vap":"1032","pvap":"   2,00"},{"seq":"376","sqcand":"40001238349","n":"10197","nm":"DIONATAN FERNANDES","cc":"REPUBLICANOS","nv":" ","e":"n","st":"","dvt":"V\u00e1lido","vap":"0","pvap":"00.00"},{"seq":"38","sqcand":"40000832874","n":"43223","nm":"FRANCISCO ARA\u00daJO","cc":"PV","nv":" ","e":"n","st":"","dvt":"V\u00e1lido","vap":"372","pvap":"   0,72"},{"seq":"80","sqcand":"40001106739","n":"14775","nm":"AELSON BORGES","cc":"PTB","nv":" ","e":"n","st":"","dvt":"V\u00e1lido","vap":"181","pvap":"   0,35"},{"seq":"136","sqcand":"40001239803","n":"25678","nm":"ADAMIRO DE LINDOIA","cc":"DEM","nv":" ","e":"n","st":"","dvt":"V\u00e1lido","vap":"87","pvap":"   0,17"},{"seq":"199","sqcand":"40000833733","n":"50180","nm":"ROSILANE ALMEIDA","cc":"PSOL","nv":" ","e":"n","st":"","dvt":"V\u00e1lido","vap":"38","pvap":"   0,07"},{"seq":"49","sqcand":"40001108382","n":"20333","nm":"LUCIA OZAKI","cc":"PSC","nv":" ","e":"n","st":"","dvt":"V\u00e1lido","vap":"304","pvap":"   0,59"},{"seq":"102","sqcand":"40001108394","n":"20121","nm":"JONES DO BAIRRO MAMOUD AMED","cc":"PSC","nv":" ","e":"n","st":"","dvt":"V\u00e1lido","vap":"132","pvap":"   0,26"},{"seq":"100","sqcand":"40000832871","n":"43014","nm":"FABIANE FOGA\u00c7A","cc":"PV","nv":" ","e":"n","st":"","dvt":"V\u00e1lido","vap":"134","pvap":"   0,26"},{"seq":"362","sqcand":"40001267887","n":"45900","nm":"MARCELA SOUZA","cc":"PSDB","nv":" ","e":"n","st":"","dvt":"V\u00e1lido","vap":"0","pvap":"00.00"},{"seq":"309","sqcand":"40000882693","n":"55560","nm":"PROFESSOR MAXIMO","cc":"PSD","nv":" ","e":"n","st":"","dvt":"V\u00e1lido","vap":"6","pvap":"   0,01"},{"seq":"166","sqcand":"40000824142","n":"17326","nm":"GILSON VITAL","cc":"PSL","nv":" ","e":"n","st":"","dvt":"V\u00e1lido","vap":"53","pvap":"   0,10"},{"seq":"351","sqcand":"40000883454","n":"90777","nm":"DR RALNEI","cc":"PROS","nv":" ","e":"n","st":"","dvt":"V\u00e1lido","vap":"1","pvap":"   0,00"},{"seq":"238","sqcand":"40001238347","n":"10100","nm":"ISMAEL JUNIOR","cc":"REPUBLICANOS","nv":" ","e":"n","st":"","dvt":"V\u00e1lido","vap":"24","pvap":"   0,05"},{"seq":"201","sqcand":"40001238212","n":"27777","nm":"WEMESON GAIA","cc":"DC","nv":" ","e":"n","st":"","dvt":"V\u00e1lido","vap":"38","pvap":"   0,07"},{"seq":"11","sqcand":"40001238354","n":"10010","nm":"DIB BARBOSA","cc":"REPUBLICANOS","nv":" ","e":"n","st":"","dvt":"V\u00e1lido","vap":"818","pvap":"   1,59"},{"seq":"188","sqcand":"40001238728","n":"12345","nm":"M\u00c1RIO CASTRO","cc":"PDT","nv":" ","e":"n","st":"","dvt":"V\u00e1lido","vap":"42","pvap":"   0,08"},{"seq":"151","sqcand":"40001073382","n":"13103","nm":"GEAN NUNES","cc":"PT","nv":" ","e":"n","st":"","dvt":"V\u00e1lido","vap":"66","pvap":"   0,13"},{"seq":"185","sqcand":"40000787396","n":"18444","nm":"SONY DO WALDEMIR","cc":"REDE","nv":" ","e":"n","st":"","dvt":"V\u00e1lido","vap":"43","pvap":"   0,08"},{"seq":"83","sqcand":"40000824147","n":"17444","nm":"REGI","cc":"PSL","nv":" ","e":"n","st":"","dvt":"V\u00e1lido","vap":"176","pvap":"   0,34"},{"seq":"152","sqcand":"40001238206","n":"27190","nm":"ZICA FURA OLHO","cc":"DC","nv":" ","e":"n","st":"","dvt":"V\u00e1lido","vap":"65","pvap":"   0,13"},{"seq":"198","sqcand":"40001240862","n":"45045","nm":"PAULO FRIOTRANS","cc":"PSDB","nv":" ","e":"n","st":"","dvt":"V\u00e1lido","vap":"39","pvap":"   0,08"},{"seq":"18","sqcand":"40001238355","n":"10333","nm":"MAJOR ZELIAN","cc":"REPUBLICANOS","nv":" ","e":"n","st":"","dvt":"V\u00e1lido","vap":"654","pvap":"   1,27"},{"seq":"334","sqcand":"40001073402","n":"13977","nm":"L\u00d4RA DO RANCHO","cc":"PT","nv":" ","e":"n","st":"","dvt":"V\u00e1lido","vap":"3","pvap":"   0,01"},{"seq":"343","sqcand":"40001239800","n":"25147","nm":"IZA LEITE","cc":"DEM","nv":" ","e":"n","st":"","dvt":"V\u00e1lido","vap":"1","pvap":"   0,00"},{"seq":"375","sqcand":"40001240871","n":"45132","nm":"MAYANNE","cc":"PSDB","nv":" ","e":"n","st":"","dvt":"V\u00e1lido","vap":"0","pvap":"00.00"},{"seq":"186","sqcand":"40001241634","n":"70007","nm":"KENNEDY DO PARQUINHO","cc":"AVANTE","nv":" ","e":"n","st":"","dvt":"V\u00e1lido","vap":"43","pvap":"   0,08"},{"seq":"179","sqcand":"40001238726","n":"12777","nm":"HUDSON DA CONSTROI","cc":"PDT","nv":" ","e":"n","st":"","dvt":"V\u00e1lido","vap":"45","pvap":"   0,09"},{"seq":"215","sqcand":"40001239792","n":"25444","nm":"EMMANUEL MONTEIRO","cc":"DEM","nv":" ","e":"n","st":"","dvt":"V\u00e1lido","vap":"32","pvap":"   0,06"},{"seq":"300","sqcand":"40000824141","n":"17789","nm":"ALVARO BARBOSA CORUJ\u00c3O","cc":"PSL","nv":" ","e":"n","st":"","dvt":"V\u00e1lido","vap":"9","pvap":"   0,02"},{"seq":"350","sqcand":"40001238340","n":"10233","nm":"PASTOR IKARO","cc":"REPUBLICANOS","nv":" ","e":"n","st":"","dvt":"V\u00e1lido","vap":"1","pvap":"   0,00"},{"seq":"319","sqcand":"40000787403","n":"18234","nm":"KAREN NEGREIROS","cc":"REDE","nv":" ","e":"n","st":"","dvt":"Anulado sub judice","vap":"5","pvap":"   0,01"},{"seq":"33","sqcand":"40001108396","n":"20000","nm":"JUNIOR GALV\u00c3O","cc":"PSC","nv":" ","e":"n","st":"","dvt":"V\u00e1lido","vap":"405","pvap":"   0,79"},{"seq":"77","sqcand":"40001239797","n":"25222","nm":"ROSSINEI MORAES","cc":"DEM","nv":" ","e":"n","st":"","dvt":"V\u00e1lido","vap":"192","pvap":"   0,37"},{"seq":"333","sqcand":"40001238730","n":"12165","nm":"JOAQUIM QUEIROS","cc":"PDT","nv":" ","e":"n","st":"","dvt":"V\u00e1lido","vap":"3","pvap":"   0,01"},{"seq":"359","sqcand":"40000883442","n":"90567","nm":"PROFESSOR ANDRADE","cc":"PROS","nv":" ","e":"n","st":"","dvt":"V\u00e1lido","vap":"0","pvap":"00.00"},{"seq":"231","sqcand":"40001241367","n":"65442","nm":"ERNANDES AGUIAR","cc":"PC do B","nv":" ","e":"n","st":"","dvt":"V\u00e1lido","vap":"27","pvap":"   0,05"},{"seq":"226","sqcand":"40001241377","n":"65100","nm":"PROFESSORA JOSECLEI","cc":"PC do B","nv":" ","e":"n","st":"","dvt":"V\u00e1lido","vap":"27","pvap":"   0,05"},{"seq":"220","sqcand":"40001240413","n":"36987","nm":"EVERTON MORAES","cc":"PTC","nv":" ","e":"n","st":"","dvt":"V\u00e1lido","vap":"31","pvap":"   0,06"},{"seq":"148","sqcand":"40001240870","n":"45611","nm":"DEJALMINHA","cc":"PSDB","nv":" ","e":"n","st":"","dvt":"V\u00e1lido","vap":"69","pvap":"   0,13"},{"seq":"307","sqcand":"40000882440","n":"11330","nm":"SABRINA RODRIGUES","cc":"PP","nv":" ","e":"n","st":"","dvt":"V\u00e1lido","vap":"7","pvap":"   0,01"},{"seq":"6","sqcand":"40001241642","n":"70789","nm":"GUTEMBERG BRITO","cc":"AVANTE","nv":" ","e":"n","st":"","dvt":"V\u00e1lido","vap":"886","pvap":"   1,72"},{"seq":"318","sqcand":"40000824982","n":"22000","nm":"DRA NAZIRA ALMEIDA","cc":"PL","nv":" ","e":"n","st":"","dvt":"V\u00e1lido","vap":"5","pvap":"   0,01"},{"seq":"19","sqcand":"40001106756","n":"14144","nm":"NILDA ABRAHIM","cc":"PTB","nv":" ","e":"n","st":"","dvt":"V\u00e1lido","vap":"647","pvap":"   1,25"},{"seq":"157","sqcand":"40001073400","n":"13777","nm":"MANOEL OLIVEIRA","cc":"PT","nv":" ","e":"n","st":"","dvt":"V\u00e1lido","vap":"59","pvap":"   0,11"},{"seq":"8","sqcand":"40001255252","n":"15234","nm":"NEY NOBRE","cc":"MDB","nv":" ","e":"n","st":"","dvt":"V\u00e1lido","vap":"870","pvap":"   1,69"},{"seq":"48","sqcand":"40001238208","n":"27123","nm":"GIL LIB\u00d3RIO","cc":"DC","nv":" ","e":"n","st":"","dvt":"V\u00e1lido","vap":"307","pvap":"   0,60"},{"seq":"272","sqcand":"40001241356","n":"65500","nm":"PROFESSORA MARIA LUIZA","cc":"PC do B","nv":" ","e":"n","st":"","dvt":"V\u00e1lido","vap":"15","pvap":"   0,03"},{"seq":"116","sqcand":"40001255306","n":"51111","nm":"RIBAMAR ROLIM","cc":"PATRIOTA","nv":" ","e":"n","st":"","dvt":"V\u00e1lido","vap":"117","pvap":"   0,23"},{"seq":"74","sqcand":"40000824149","n":"17777","nm":"RILARY LIMA","cc":"PSL","nv":" ","e":"n","st":"","dvt":"V\u00e1lido","vap":"195","pvap":"   0,38"},{"seq":"112","sqcand":"40001263398","n":"14010","nm":"PATRICIA LEVY","cc":"PTB","nv":" ","e":"n","st":"","dvt":"V\u00e1lido","vap":"122","pvap":"   0,24"},{"seq":"356","sqcand":"40001240865","n":"45055","nm":"ALFR\u00c2NIA","cc":"PSDB","nv":" ","e":"n","st":"","dvt":"V\u00e1lido","vap":"0","pvap":"00.00"},{"seq":"251","sqcand":"40001238723","n":"12111","nm":"GETULINHO DA ADEFITA","cc":"PDT","nv":" ","e":"n","st":"","dvt":"V\u00e1lido","vap":"20","pvap":"   0,04"},{"seq":"16","sqcand":"40001106741","n":"14123","nm":"BARRIGA","cc":"PTB","nv":" ","e":"n","st":"","dvt":"V\u00e1lido","vap":"680","pvap":"   1,32"},{"seq":"281","sqcand":"40000833724","n":"50028","nm":"FABIOLA \u00c1GATHA","cc":"PSOL","nv":" ","e":"n","st":"","dvt":"V\u00e1lido","vap":"13","pvap":"   0,03"},{"seq":"299","sqcand":"40001240409","n":"36555","nm":"HELESON MOTOTAXI","cc":"PTC","nv":" ","e":"n","st":"","dvt":"V\u00e1lido","vap":"9","pvap":"   0,02"},{"seq":"23","sqcand":"40001073383","n":"13513","nm":"MOIS\u00c9S DO FORMINGUEIRO","cc":"PT","nv":" ","e":"n","st":"","dvt":"V\u00e1lido","vap":"517","pvap":"   1,00"},{"seq":"156","sqcand":"40001238216","n":"27500","nm":"HELEN  BARBOSA","cc":"DC","nv":" ","e":"n","st":"","dvt":"V\u00e1lido","vap":"61","pvap":"   0,12"},{"seq":"174","sqcand":"40001238353","n":"10006","nm":"MANOEL BARBOSA","cc":"REPUBLICANOS","nv":" ","e":"n","st":"","dvt":"V\u00e1lido","vap":"47","pvap":"   0,09"},{"seq":"99","sqcand":"40001238213","n":"27100","nm":"SIRRAME PERRONE","cc":"DC","nv":" ","e":"n","st":"","dvt":"V\u00e1lido","vap":"136","pvap":"   0,26"},{"seq":"326","sqcand":"40001238719","n":"12789","nm":"LIDIANE RATTES","cc":"PDT","nv":" ","e":"n","st":"","dvt":"V\u00e1lido","vap":"4","pvap":"   0,01"},{"seq":"133","sqcand":"40001241369","n":"65888","nm":"ARNOLDO CARVALHO","cc":"PC do B","nv":" ","e":"n","st":"","dvt":"V\u00e1lido","vap":"93","pvap":"   0,18"},{"seq":"275","sqcand":"40000882432","n":"11455","nm":"IRAIDE DA LINDOIA","cc":"PP","nv":" ","e":"n","st":"","dvt":"V\u00e1lido","vap":"14","pvap":"   0,03"},{"seq":"316","sqcand":"40000882442","n":"11555","nm":"ROSINEI OLIVEIRA","cc":"PP","nv":" ","e":"n","st":"","dvt":"V\u00e1lido","vap":"5","pvap":"   0,01"},{"seq":"120","sqcand":"40001240418","n":"36445","nm":"NETE XAVIER","cc":"PTC","nv":" ","e":"n","st":"","dvt":"V\u00e1lido","vap":"114","pvap":"   0,22"},{"seq":"219","sqcand":"40000824144","n":"17700","nm":"RAFAEL CRUZ","cc":"PSL","nv":" ","e":"n","st":"","dvt":"V\u00e1lido","vap":"31","pvap":"   0,06"},{"seq":"143","sqcand":"40001255253","n":"15555","nm":"EDUARDO BERTONI","cc":"MDB","nv":" ","e":"n","st":"","dvt":"V\u00e1lido","vap":"75","pvap":"   0,15"},{"seq":"246","sqcand":"40000824152","n":"17888","nm":"DR JANIO","cc":"PSL","nv":" ","e":"n","st":"","dvt":"V\u00e1lido","vap":"21","pvap":"   0,04"},{"seq":"178","sqcand":"40001239789","n":"25333","nm":"DINHO CORUJA","cc":"DEM","nv":" ","e":"n","st":"","dvt":"V\u00e1lido","vap":"46","pvap":"   0,09"},{"seq":"90","sqcand":"40001106752","n":"14023","nm":"J\u00d4NATAS ALMEIDA","cc":"PTB","nv":" ","e":"n","st":"","dvt":"V\u00e1lido","vap":"158","pvap":"   0,31"},{"seq":"92","sqcand":"40001106754","n":"14020","nm":"WALTER BRA\u00c7O FORTE DO INTERIOR","cc":"PTB","nv":" ","e":"n","st":"","dvt":"V\u00e1lido","vap":"153","pvap":"   0,30"},{"seq":"111","sqcand":"40000824975","n":"22555","nm":"JUCINEI ARA\u00daJO","cc":"PL","nv":" ","e":"n","st":"","dvt":"V\u00e1lido","vap":"122","pvap":"   0,24"},{"seq":"36","sqcand":"40001106740","n":"14001","nm":"NATO TAXISTA","cc":"PTB","nv":" ","e":"n","st":"","dvt":"V\u00e1lido","vap":"387","pvap":"   0,75"},{"seq":"5","sqcand":"40000832864","n":"43333","nm":"ARNOUD LUCAS","cc":"PV","nv":" ","e":"n","st":"","dvt":"V\u00e1lido","vap":"916","pvap":"   1,78"},{"seq":"338","sqcand":"40000883449","n":"90108","nm":"ZEFA ALMEIDA","cc":"PROS","nv":" ","e":"n","st":"","dvt":"V\u00e1lido","vap":"2","pvap":"   0,00"},{"seq":"190","sqcand":"40000824972","n":"22010","nm":"CABO MARTINS","cc":"PL","nv":" ","e":"n","st":"","dvt":"V\u00e1lido","vap":"41","pvap":"   0,08"},{"seq":"34","sqcand":"40001241645","n":"70777","nm":"SHELDON","cc":"AVANTE","nv":" ","e":"n","st":"","dvt":"V\u00e1lido","vap":"398","pvap":"   0,77"},{"seq":"138","sqcand":"40000832877","n":"43789","nm":"PROFESSORA REGINA PAIVA","cc":"PV","nv":" ","e":"n","st":"","dvt":"V\u00e1lido","vap":"84","pvap":"   0,16"},{"seq":"104","sqcand":"40001108401","n":"20456","nm":"PROF JOSE CARLOS","cc":"PSC","nv":" ","e":"n","st":"","dvt":"V\u00e1lido","vap":"130","pvap":"   0,25"},{"seq":"117","sqcand":"40000882435","n":"11654","nm":"ALEXANDRE DA PORANGA","cc":"PP","nv":" ","e":"n","st":"","dvt":"V\u00e1lido","vap":"116","pvap":"   0,22"},{"seq":"258","sqcand":"40000833734","n":"50511","nm":"PROFESSOR JIM","cc":"PSOL","nv":" ","e":"n","st":"","dvt":"V\u00e1lido","vap":"19","pvap":"   0,04"},{"seq":"97","sqcand":"40001239786","n":"25523","nm":"ALCIMAR DA DROGARIA","cc":"DEM","nv":" ","e":"n","st":"","dvt":"V\u00e1lido","vap":"144","pvap":"   0,28"},{"seq":"61","sqcand":"40001238345","n":"10123","nm":"WILLIAM GANSO","cc":"REPUBLICANOS","nv":" ","e":"n","st":"","dvt":"Anulado sub judice","vap":"257","pvap":"   0,50"},{"seq":"56","sqcand":"40000824978","n":"22100","nm":"NETO VASCONCELLOS","cc":"PL","nv":" ","e":"n","st":"","dvt":"V\u00e1lido","vap":"270","pvap":"   0,52"},{"seq":"78","sqcand":"40001240410","n":"36777","nm":"BERNARDO SANTIAGO","cc":"PTC","nv":" ","e":"n","st":"","dvt":"V\u00e1lido","vap":"185","pvap":"   0,36"},{"seq":"265","sqcand":"40001238722","n":"12444","nm":"DECA DO NOGUEIRA JUNIOR","cc":"PDT","nv":" ","e":"n","st":"","dvt":"V\u00e1lido","vap":"18","pvap":"   0,03"},{"seq":"255","sqcand":"40001035743","n":"77222","nm":"MAZ\u00c9","cc":"SOLIDARIEDADE","nv":" ","e":"n","st":"","dvt":"V\u00e1lido","vap":"19","pvap":"   0,04"},{"seq":"135","sqcand":"40000883452","n":"90456","nm":"SANDY FRAN\u00c7A","cc":"PROS","nv":" ","e":"n","st":"","dvt":"V\u00e1lido","vap":"88","pvap":"   0,17"},{"seq":"69","sqcand":"40001106738","n":"14014","nm":"AFFONSO DA CAIXA","cc":"PTB","nv":" ","e":"n","st":"","dvt":"V\u00e1lido","vap":"206","pvap":"   0,40"},{"seq":"313","sqcand":"40000833725","n":"50027","nm":"ARLETE GOMES","cc":"PSOL","nv":" ","e":"n","st":"","dvt":"V\u00e1lido","vap":"5","pvap":"   0,01"},{"seq":"172","sqcand":"40001108387","n":"20789","nm":"RICARDO OLIVEIRA","cc":"PSC","nv":" ","e":"n","st":"","dvt":"V\u00e1lido","vap":"48","pvap":"   0,09"},{"seq":"202","sqcand":"40001035754","n":"77055","nm":"BRASIL","cc":"SOLIDARIEDADE","nv":" ","e":"n","st":"","dvt":"V\u00e1lido","vap":"37","pvap":"   0,07"},{"seq":"209","sqcand":"40001241641","n":"70666","nm":"PROFESSOR FRANCISCO","cc":"AVANTE","nv":" ","e":"n","st":"","dvt":"Anulado sub judice","vap":"34","pvap":"   0,07"},{"seq":"26","sqcand":"40000832875","n":"43456","nm":"BAGO DA PESCA","cc":"PV","nv":" ","e":"n","st":"","dvt":"V\u00e1lido","vap":"512","pvap":"   0,99"},{"seq":"134","sqcand":"40000882436","n":"11111","nm":"FAGNER BRAGA","cc":"PP","nv":" ","e":"n","st":"","dvt":"V\u00e1lido","vap":"93","pvap":"   0,18"},{"seq":"266","sqcand":"40001238346","n":"10133","nm":"PASTOR JANIO","cc":"REPUBLICANOS","nv":" ","e":"n","st":"","dvt":"V\u00e1lido","vap":"17","pvap":"   0,03"},{"seq":"279","sqcand":"40000882430","n":"11524","nm":"GRACY MELO","cc":"PP","nv":" ","e":"n","st":"","dvt":"V\u00e1lido","vap":"13","pvap":"   0,03"},{"seq":"230","sqcand":"40000882437","n":"11919","nm":"MESSIAS GOMES","cc":"PP","nv":" ","e":"n","st":"","dvt":"V\u00e1lido","vap":"27","pvap":"   0,05"},{"seq":"40","sqcand":"40001241366","n":"65555","nm":"RENATA DO  SINDICATO RURAL","cc":"PC do B","nv":" ","e":"n","st":"","dvt":"V\u00e1lido","vap":"354","pvap":"   0,69"},{"seq":"25","sqcand":"40001240874","n":"45451","nm":"DANIEL MENDON\u00c7A","cc":"PSDB","nv":" ","e":"n","st":"","dvt":"V\u00e1lido","vap":"515","pvap":"   1,00"},{"seq":"70","sqcand":"40000882443","n":"11333","nm":"JOAO CARLOS JC","cc":"PP","nv":" ","e":"n","st":"","dvt":"V\u00e1lido","vap":"206","pvap":"   0,40"},{"seq":"125","sqcand":"40001241638","n":"70015","nm":"JOTTA","cc":"AVANTE","nv":" ","e":"n","st":"","dvt":"V\u00e1lido","vap":"106","pvap":"   0,21"},{"seq":"289","sqcand":"40001240407","n":"36013","nm":"MARA FERNANDES","cc":"PTC","nv":" ","e":"n","st":"","dvt":"V\u00e1lido","vap":"11","pvap":"   0,02"},{"seq":"110","sqcand":"40001241630","n":"70771","nm":"KLAYTON PACHECO","cc":"AVANTE","nv":" ","e":"n","st":"","dvt":"V\u00e1lido","vap":"123","pvap":"   0,24"},{"seq":"91","sqcand":"40001106742","n":"14433","nm":"ENG SERGINHO DA OI","cc":"PTB","nv":" ","e":"n","st":"","dvt":"V\u00e1lido","vap":"158","pvap":"   0,31"},{"seq":"146","sqcand":"40001073379","n":"13707","nm":"MARCELO COUTO","cc":"PT","nv":" ","e":"n","st":"","dvt":"V\u00e1lido","vap":"71","pvap":"   0,14"},{"seq":"7","sqcand":"40001073384","n":"13130","nm":"PROFESSORA FRANCELIZIA","cc":"PT","nv":" ","e":"n","st":"","dvt":"V\u00e1lido","vap":"875","pvap":"   1,70"},{"seq":"158","sqcand":"40000882700","n":"55222","nm":"NEIZINHO","cc":"PSD","nv":" ","e":"n","st":"","dvt":"V\u00e1lido","vap":"59","pvap":"   0,11"},{"seq":"67","sqcand":"40001073393","n":"13113","nm":"ANT\u00d4NIO Z13","cc":"PT","nv":" ","e":"n","st":"","dvt":"V\u00e1lido","vap":"214","pvap":"   0,41"},{"seq":"113","sqcand":"40001238202","n":"27444","nm":"ALEX MARQUES","cc":"DC","nv":" ","e":"n","st":"","dvt":"V\u00e1lido","vap":"121","pvap":"   0,23"},{"seq":"308","sqcand":"40001238724","n":"12555","nm":"KETTE DA CONSTRU\u00c7\u00c3O","cc":"PDT","nv":" ","e":"n","st":"","dvt":"V\u00e1lido","vap":"7","pvap":"   0,01"},{"seq":"311","sqcand":"40001241639","n":"70531","nm":"KATIANA SILVA","cc":"AVANTE","nv":" ","e":"n","st":"","dvt":"V\u00e1lido","vap":"6","pvap":"   0,01"},{"seq":"144","sqcand":"40001073396","n":"13775","nm":"SAMUEL SANTOS","cc":"PT","nv":" ","e":"n","st":"","dvt":"V\u00e1lido","vap":"73","pvap":"   0,14"},{"seq":"263","sqcand":"40001238201","n":"27400","nm":"ERIVELTO ALFAIA","cc":"DC","nv":" ","e":"n","st":"","dvt":"V\u00e1lido","vap":"19","pvap":"   0,04"},{"seq":"24","sqcand":"40001073390","n":"13613","nm":"DR.  FRANCISCO ROSQUILDE","cc":"PT","nv":" ","e":"n","st":"","dvt":"V\u00e1lido","vap":"516","pvap":"   1,00"},{"seq":"141","sqcand":"40001073381","n":"13555","nm":"PARENTE MIGUEL","cc":"PT","nv":" ","e":"n","st":"","dvt":"V\u00e1lido","vap":"78","pvap":"   0,15"},{"seq":"197","sqcand":"40000883450","n":"90678","nm":"ELIBERTO MONTEIRO","cc":"PROS","nv":" ","e":"n","st":"","dvt":"V\u00e1lido","vap":"39","pvap":"   0,08"},{"seq":"317","sqcand":"40001238203","n":"27000","nm":"BERG\u00c3O","cc":"DC","nv":" ","e":"n","st":"","dvt":"V\u00e1lido","vap":"5","pvap":"   0,01"},{"seq":"53","sqcand":"40001106748","n":"14111","nm":"MANOEL ALAN","cc":"PTB","nv":" ","e":"n","st":"","dvt":"V\u00e1lido","vap":"290","pvap":"   0,56"},{"seq":"218","sqcand":"40000787398","n":"18123","nm":"ARLAN MACEDO","cc":"REDE","nv":" ","e":"n","st":"","dvt":"V\u00e1lido","vap":"31","pvap":"   0,06"},{"seq":"60","sqcand":"40000882696","n":"55123","nm":"CLAUDIO DO JOBSON E MAYRA","cc":"PSD","nv":" ","e":"n","st":"","dvt":"V\u00e1lido","vap":"258","pvap":"   0,50"},{"seq":"369","sqcand":"40001238352","n":"10222","nm":"INGRITE","cc":"REPUBLICANOS","nv":" ","e":"n","st":"","dvt":"V\u00e1lido","vap":"0","pvap":"00.00"},{"seq":"142","sqcand":"40000832868","n":"43022","nm":"IRM\u00c3O PACHECO","cc":"PV","nv":" ","e":"n","st":"","dvt":"V\u00e1lido","vap":"76","pvap":"   0,15"},{"seq":"21","sqcand":"40000832872","n":"43222","nm":"FABIO MIQUILES","cc":"PV","nv":" ","e":"n","st":"","dvt":"V\u00e1lido","vap":"538","pvap":"   1,04"},{"seq":"32","sqcand":"40000883455","n":"90000","nm":"PASTOR MARQUINHO","cc":"PROS","nv":" ","e":"n","st":"","dvt":"V\u00e1lido","vap":"423","pvap":"   0,82"},{"seq":"193","sqcand":"40001241374","n":"65300","nm":"LUIZ HASKEL","cc":"PC do B","nv":" ","e":"n","st":"","dvt":"V\u00e1lido","vap":"40","pvap":"   0,08"},{"seq":"54","sqcand":"40001035752","n":"77123","nm":"PROF LEILA LIMA","cc":"SOLIDARIEDADE","nv":" ","e":"n","st":"","dvt":"V\u00e1lido","vap":"285","pvap":"   0,55"},{"seq":"65","sqcand":"40000824968","n":"22234","nm":"PAULINHA MELO","cc":"PL","nv":" ","e":"n","st":"","dvt":"V\u00e1lido","vap":"240","pvap":"   0,47"},{"seq":"150","sqcand":"40001240872","n":"45777","nm":"OT\u00c1VIO ARA\u00daJO","cc":"PSDB","nv":" ","e":"n","st":"","dvt":"V\u00e1lido","vap":"67","pvap":"   0,13"},{"seq":"342","sqcand":"40000787399","n":"18789","nm":"KAMILA CUNHA","cc":"REDE","nv":" ","e":"n","st":"","dvt":"V\u00e1lido","vap":"2","pvap":"   0,00"},{"seq":"320","sqcand":"40001238717","n":"12321","nm":"CHELY DA UNHA","cc":"PDT","nv":" ","e":"n","st":"","dvt":"V\u00e1lido","vap":"5","pvap":"   0,01"},{"seq":"114","sqcand":"40001241379","n":"65789","nm":"L\u00c9O MOTOS","cc":"PC do B","nv":" ","e":"n","st":"","dvt":"V\u00e1lido","vap":"119","pvap":"   0,23"},{"seq":"322","sqcand":"40001238715","n":"12012","nm":"PAULA HONORATO","cc":"PDT","nv":" ","e":"n","st":"","dvt":"V\u00e1lido","vap":"5","pvap":"   0,01"},{"seq":"137","sqcand":"40001255250","n":"15111","nm":"LIANDRO GOMES","cc":"MDB","nv":" ","e":"n","st":"","dvt":"V\u00e1lido","vap":"86","pvap":"   0,17"},{"seq":"363","sqcand":"40001239380","n":"23023","nm":"EDSON OLIVEIRA","cc":"CIDADANIA","nv":" ","e":"n","st":"","dvt":"V\u00e1lido","vap":"0","pvap":"00.00"},{"seq":"87","sqcand":"40000882431","n":"11123","nm":"PASTOR VALMIR FRAN\u00c7A","cc":"PP","nv":" ","e":"n","st":"","dvt":"V\u00e1lido","vap":"167","pvap":"   0,32"},{"seq":"12","sqcand":"40001240408","n":"36789","nm":"BADI PACHECO","cc":"PTC","nv":" ","e":"n","st":"","dvt":"V\u00e1lido","vap":"817","pvap":"   1,58"},{"seq":"341","sqcand":"40001108384","n":"20009","nm":"MARCELA ANDRADE","cc":"PSC","nv":" ","e":"n","st":"","dvt":"V\u00e1lido","vap":"2","pvap":"   0,00"},{"seq":"177","sqcand":"40001241358","n":"65113","nm":"JO\u00c3O PAULO RAMOS","cc":"PC do B","nv":" ","e":"n","st":"","dvt":"V\u00e1lido","vap":"46","pvap":"   0,09"},{"seq":"247","sqcand":"40001241372","n":"65134","nm":"ROSE CARVALHO","cc":"PC do B","nv":" ","e":"n","st":"","dvt":"V\u00e1lido","vap":"21","pvap":"   0,04"},{"seq":"44","sqcand":"40001108391","n":"20001","nm":"NADIA HOLANDA","cc":"PSC","nv":" ","e":"n","st":"","dvt":"V\u00e1lido","vap":"329","pvap":"   0,64"},{"seq":"368","sqcand":"40000882438","n":"11257","nm":"RONILSON BARBOSA","cc":"PP","nv":" ","e":"n","st":"","dvt":"V\u00e1lido","vap":"0","pvap":"00.00"},{"seq":"245","sqcand":"40000824973","n":"22249","nm":"BELL SEIXAS","cc":"PL","nv":" ","e":"n","st":"","dvt":"V\u00e1lido","vap":"22","pvap":"   0,04"},{"seq":"357","sqcand":"40000883441","n":"90111","nm":"RICARDO CORREA","cc":"PROS","nv":" ","e":"n","st":"","dvt":"V\u00e1lido","vap":"0","pvap":"00.00"},{"seq":"312","sqcand":"40001241375","n":"65130","nm":"JOSE DE CASTRO","cc":"PC do B","nv":" ","e":"n","st":"","dvt":"V\u00e1lido","vap":"5","pvap":"   0,01"},{"seq":"314","sqcand":"40001238205","n":"27333","nm":"ENGENHEIRO RENATO","cc":"DC","nv":" ","e":"n","st":"","dvt":"V\u00e1lido","vap":"5","pvap":"   0,01"},{"seq":"323","sqcand":"40001238720","n":"12147","nm":"ANTONIO BARRETINHO","cc":"PDT","nv":" ","e":"n","st":"","dvt":"V\u00e1lido","vap":"4","pvap":"   0,01"},{"seq":"131","sqcand":"40001108406","n":"20777","nm":"FABRICIO LIRA DO JAUARY","cc":"PSC","nv":" ","e":"n","st":"","dvt":"V\u00e1lido","vap":"96","pvap":"   0,19"},{"seq":"196","sqcand":"40001239378","n":"23010","nm":"AP\u00d3STOLO NONATO","cc":"CIDADANIA","nv":" ","e":"n","st":"","dvt":"V\u00e1lido","vap":"39","pvap":"   0,08"},{"seq":"221","sqcand":"40001238207","n":"27007","nm":"PAULO ROBERTO","cc":"DC","nv":" ","e":"n","st":"","dvt":"V\u00e1lido","vap":"30","pvap":"   0,06"},{"seq":"180","sqcand":"40001108407","n":"20222","nm":"GILBERTO SOUZA","cc":"PSC","nv":" ","e":"n","st":"","dvt":"V\u00e1lido","vap":"45","pvap":"   0,09"},{"seq":"372","sqcand":"40001035750","n":"77012","nm":"ERVELIN MOREIRA","cc":"SOLIDARIEDADE","nv":" ","e":"n","st":"","dvt":"V\u00e1lido","vap":"0","pvap":"00.00"},{"seq":"288","sqcand":"40001238348","n":"10444","nm":"PAULA FERNANDES","cc":"REPUBLICANOS","nv":" ","e":"n","st":"","dvt":"V\u00e1lido","vap":"11","pvap":"   0,02"},{"seq":"304","sqcand":"40001239381","n":"23888","nm":"BARAUNA DO PORANGA","cc":"CIDADANIA","nv":" ","e":"n","st":"","dvt":"V\u00e1lido","vap":"8","pvap":"   0,02"},{"seq":"256","sqcand":"40001241370","n":"65222","nm":"GL\u00d3RIA LIMA","cc":"PC do B","nv":" ","e":"n","st":"","dvt":"V\u00e1lido","vap":"19","pvap":"   0,04"},{"seq":"46","sqcand":"40001073394","n":"13000","nm":"KAROLINE VAN BASTTEN","cc":"PT","nv":" ","e":"n","st":"","dvt":"V\u00e1lido","vap":"313","pvap":"   0,61"},{"seq":"76","sqcand":"40001108405","n":"20223","nm":"ELY DE PAULA","cc":"PSC","nv":" ","e":"n","st":"","dvt":"V\u00e1lido","vap":"193","pvap":"   0,37"},{"seq":"267","sqcand":"40001239385","n":"23234","nm":"ANITA","cc":"CIDADANIA","nv":" ","e":"n","st":"","dvt":"Anulado sub judice","vap":"17","pvap":"   0,03"},{"seq":"296","sqcand":"40000833721","n":"50014","nm":"LUIZ GATO","cc":"PSOL","nv":" ","e":"n","st":"","dvt":"V\u00e1lido","vap":"9","pvap":"   0,02"},{"seq":"367","sqcand":"40001239791","n":"25369","nm":"VALDEIZA","cc":"DEM","nv":" ","e":"n","st":"","dvt":"V\u00e1lido","vap":"0","pvap":"00.00"},{"seq":"252","sqcand":"40000787397","n":"18776","nm":"MARCIO LIRA","cc":"REDE","nv":" ","e":"n","st":"","dvt":"V\u00e1lido","vap":"20","pvap":"   0,04"},{"seq":"276","sqcand":"40001073391","n":"13442","nm":"PROFESSORA ALDELANDIA","cc":"PT","nv":" ","e":"n","st":"","dvt":"V\u00e1lido","vap":"14","pvap":"   0,03"},{"seq":"9","sqcand":"40001255246","n":"15123","nm":"A I NETTO","cc":"MDB","nv":" ","e":"n","st":"","dvt":"V\u00e1lido","vap":"862","pvap":"   1,67"},{"seq":"329","sqcand":"40000787395","n":"18244","nm":"VANA BARROS","cc":"REDE","nv":" ","e":"n","st":"","dvt":"V\u00e1lido","vap":"4","pvap":"   0,01"},{"seq":"195","sqcand":"40001240863","n":"45111","nm":"IRM\u00c3 ANITA","cc":"PSDB","nv":" ","e":"n","st":"","dvt":"V\u00e1lido","vap":"39","pvap":"   0,08"},{"seq":"130","sqcand":"40000824145","n":"17001","nm":"IVANILDO BARBOSA","cc":"PSL","nv":" ","e":"n","st":"","dvt":"V\u00e1lido","vap":"97","pvap":"   0,19"},{"seq":"15","sqcand":"40000824976","n":"22123","nm":"PROFESSOR REINALDO","cc":"PL","nv":" ","e":"n","st":"","dvt":"V\u00e1lido","vap":"687","pvap":"   1,33"},{"seq":"284","sqcand":"40000787394","n":"18321","nm":"MICHELE GON\u00c7ALVES","cc":"REDE","nv":" ","e":"n","st":"","dvt":"Anulado sub judice","vap":"12","pvap":"   0,02"},{"seq":"237","sqcand":"40001106744","n":"14321","nm":"CINTIA RODRIGUES","cc":"PTB","nv":" ","e":"n","st":"","dvt":"V\u00e1lido","vap":"24","pvap":"   0,05"},{"seq":"170","sqcand":"40001241361","n":"65733","nm":"TONY GLORIA","cc":"PC do B","nv":" ","e":"n","st":"","dvt":"V\u00e1lido","vap":"48","pvap":"   0,09"},{"seq":"335","sqcand":"40001035749","n":"77421","nm":"KERLEY DO JACAREZINHO","cc":"SOLIDARIEDADE","nv":" ","e":"n","st":"","dvt":"V\u00e1lido","vap":"3","pvap":"   0,01"},{"seq":"233","sqcand":"40000883447","n":"90444","nm":"MICHAEL LIMA","cc":"PROS","nv":" ","e":"n","st":"","dvt":"V\u00e1lido","vap":"26","pvap":"   0,05"},{"seq":"119","sqcand":"40001240866","n":"45789","nm":"PASTOR BARROS","cc":"PSDB","nv":" ","e":"n","st":"","dvt":"V\u00e1lido","vap":"114","pvap":"   0,22"},{"seq":"63","sqcand":"40001106736","n":"14000","nm":"SANDRO BORGES","cc":"PTB","nv":" ","e":"n","st":"","dvt":"V\u00e1lido","vap":"246","pvap":"   0,48"},{"seq":"203","sqcand":"40001239384","n":"23123","nm":"PROFESSOR PAULO SOUZA","cc":"CIDADANIA","nv":" ","e":"n","st":"","dvt":"V\u00e1lido","vap":"37","pvap":"   0,07"},{"seq":"366","sqcand":"40000883443","n":"90001","nm":"EDLUCY","cc":"PROS","nv":" ","e":"n","st":"","dvt":"V\u00e1lido","vap":"0","pvap":"00.00"},{"seq":"2","sqcand":"40000832879","n":"43123","nm":"DR ROBSON SIQUEIRA","cc":"PV","nv":" ","e":"n","st":"","dvt":"V\u00e1lido","vap":"1131","pvap":"   2,19"},{"seq":"43","sqcand":"40001241364","n":"65123","nm":"JOANILSON MENDES","cc":"PC do B","nv":" ","e":"n","st":"","dvt":"V\u00e1lido","vap":"331","pvap":"   0,64"},{"seq":"273","sqcand":"40001238729","n":"12369","nm":"ROGERIO ALBUQUERQUE","cc":"PDT","nv":" ","e":"n","st":"","dvt":"V\u00e1lido","vap":"15","pvap":"   0,03"},{"seq":"28","sqcand":"40001108398","n":"20321","nm":"TOTTI ADIEL","cc":"PSC","nv":" ","e":"n","st":"","dvt":"V\u00e1lido","vap":"467","pvap":"   0,91"},{"seq":"241","sqcand":"40000882439","n":"11612","nm":"RONI KID","cc":"PP","nv":" ","e":"n","st":"","dvt":"V\u00e1lido","vap":"23","pvap":"   0,04"},{"seq":"51","sqcand":"40001240873","n":"45555","nm":"NETTO DO TACAC\u00c1","cc":"PSDB","nv":" ","e":"n","st":"","dvt":"V\u00e1lido","vap":"301","pvap":"   0,58"},{"seq":"269","sqcand":"40001241643","n":"70444","nm":"MANOEL LILITO","cc":"AVANTE","nv":" ","e":"n","st":"","dvt":"V\u00e1lido","vap":"16","pvap":"   0,03"},{"seq":"352","sqcand":"40001238217","n":"27112","nm":"DUDU RODRIGUES","cc":"DC","nv":" ","e":"n","st":"","dvt":"V\u00e1lido","vap":"1","pvap":"   0,00"},{"seq":"353","sqcand":"40001241629","n":"70010","nm":"TANIA PONTES","cc":"AVANTE","nv":" ","e":"n","st":"","dvt":"Anulado sub judice","vap":"0","pvap":"00.00"},{"seq":"81","sqcand":"40001241355","n":"65127","nm":"TENENTE GABRIEL","cc":"PC do B","nv":" ","e":"n","st":"","dvt":"V\u00e1lido","vap":"180","pvap":"   0,35"},{"seq":"236","sqcand":"40001241365","n":"65456","nm":"ALCINDO ANDRADE","cc":"PC do B","nv":" ","e":"n","st":"","dvt":"V\u00e1lido","vap":"24","pvap":"   0,05"},{"seq":"14","sqcand":"40001106746","n":"14444","nm":"DR RICHARDSON ARANHA","cc":"PTB","nv":" ","e":"n","st":"","dvt":"V\u00e1lido","vap":"700","pvap":"   1,36"},{"seq":"278","sqcand":"40001241363","n":"65157","nm":"PROFESSORA FLAVIANA LOPES","cc":"PC do B","nv":" ","e":"n","st":"","dvt":"V\u00e1lido","vap":"13","pvap":"   0,03"},{"seq":"79","sqcand":"40000832866","n":"43000","nm":"ROOSEVELT DO JACAREZINHO","cc":"PV","nv":" ","e":"n","st":"","dvt":"V\u00e1lido","vap":"181","pvap":"   0,35"},{"seq":"20","sqcand":"40001241631","n":"70000","nm":"NETO CASTRO","cc":"AVANTE","nv":" ","e":"n","st":"","dvt":"V\u00e1lido","vap":"623","pvap":"   1,21"},{"seq":"62","sqcand":"40001240859","n":"45444","nm":"DR WALTER NETO","cc":"PSDB","nv":" ","e":"n","st":"","dvt":"V\u00e1lido","vap":"251","pvap":"   0,49"},{"seq":"239","sqcand":"40001241371","n":"65451","nm":"SANDRO BATISTA","cc":"PC do B","nv":" ","e":"n","st":"","dvt":"V\u00e1lido","vap":"24","pvap":"   0,05"},{"seq":"101","sqcand":"40001239374","n":"23456","nm":"VALDECY LOPES","cc":"CIDADANIA","nv":" ","e":"n","st":"","dvt":"V\u00e1lido","vap":"132","pvap":"   0,26"},{"seq":"109","sqcand":"40001240861","n":"45455","nm":"N\u00c9LIO","cc":"PSDB","nv":" ","e":"n","st":"","dvt":"V\u00e1lido","vap":"124","pvap":"   0,24"},{"seq":"98","sqcand":"40001106747","n":"14577","nm":"TONG\u00c3O","cc":"PTB","nv":" ","e":"n","st":"","dvt":"V\u00e1lido","vap":"137","pvap":"   0,27"},{"seq":"225","sqcand":"40001238214","n":"27700","nm":"ALEX SILVA","cc":"DC","nv":" ","e":"n","st":"","dvt":"V\u00e1lido","vap":"28","pvap":"   0,05"},{"seq":"305","sqcand":"40000787400","n":"18777","nm":"MARCIO DO VERD\u00c3O","cc":"REDE","nv":" ","e":"n","st":"","dvt":"Anulado sub judice","vap":"7","pvap":"   0,01"},{"seq":"191","sqcand":"40001255310","n":"51123","nm":"BAJ\u00c1 DO EDUARDO BRAGA","cc":"PATRIOTA","nv":" ","e":"n","st":"","dvt":"Anulado sub judice","vap":"40","pvap":"   0,08"},{"seq":"52","sqcand":"40001238339","n":"10000","nm":"AFRANIO SOUSA","cc":"REPUBLICANOS","nv":" ","e":"n","st":"","dvt":"V\u00e1lido","vap":"292","pvap":"   0,57"},{"seq":"47","sqcand":"40000824969","n":"22222","nm":"MARIO ROOSEVELT","cc":"PL","nv":" ","e":"n","st":"","dvt":"V\u00e1lido","vap":"307","pvap":"   0,60"},{"seq":"268","sqcand":"40001238215","n":"27001","nm":"SALMO 91","cc":"DC","nv":" ","e":"n","st":"","dvt":"V\u00e1lido","vap":"17","pvap":"   0,03"},{"seq":"371","sqcand":"40000882701","n":"55345","nm":"LOIZE CASTRO","cc":"PSD","nv":" ","e":"n","st":"","dvt":"V\u00e1lido","vap":"0","pvap":"00.00"},{"seq":"271","sqcand":"40000833726","n":"50100","nm":"PEDRO GALV\u00c3O","cc":"PSOL","nv":" ","e":"n","st":"","dvt":"V\u00e1lido","vap":"16","pvap":"   0,03"},{"seq":"374","sqcand":"40001108400","n":"20147","nm":"DANIELLE CALDEIRA","cc":"PSC","nv":" ","e":"n","st":"","dvt":"V\u00e1lido","vap":"0","pvap":"00.00"},{"seq":"121","sqcand":"40001241635","n":"70111","nm":"CLAUDEMAR SILVA","cc":"AVANTE","nv":" ","e":"n","st":"","dvt":"V\u00e1lido","vap":"113","pvap":"   0,22"},{"seq":"106","sqcand":"40000824977","n":"22007","nm":"CRIS LEVY","cc":"PL","nv":" ","e":"n","st":"","dvt":"V\u00e1lido","vap":"128","pvap":"   0,25"},{"seq":"306","sqcand":"40001239799","n":"25002","nm":"RODRIGUES ZIG ZAG","cc":"DEM","nv":" ","e":"n","st":"","dvt":"V\u00e1lido","vap":"7","pvap":"   0,01"},{"seq":"282","sqcand":"40001238714","n":"12888","nm":"SINDOMAR BUAS","cc":"PDT","nv":" ","e":"n","st":"","dvt":"V\u00e1lido","vap":"12","pvap":"   0,02"},{"seq":"181","sqcand":"40001239802","n":"25456","nm":"CAP MIGUEL MIRANDA","cc":"DEM","nv":" ","e":"n","st":"","dvt":"V\u00e1lido","vap":"44","pvap":"   0,09"},{"seq":"249","sqcand":"40001106753","n":"14333","nm":"PROF SANDY","cc":"PTB","nv":" ","e":"n","st":"","dvt":"V\u00e1lido","vap":"21","pvap":"   0,04"},{"seq":"29","sqcand":"40001240412","n":"36333","nm":"IZOMAR MELO","cc":"PTC","nv":" ","e":"n","st":"","dvt":"V\u00e1lido","vap":"465","pvap":"   0,90"},{"seq":"361","sqcand":"40000882694","n":"55111","nm":"YARA LUCIA","cc":"PSD","nv":" ","e":"n","st":"","dvt":"V\u00e1lido","vap":"0","pvap":"00.00"},{"seq":"96","sqcand":"40001240867","n":"45133","nm":"MARIA AMORIM CRUZ","cc":"PSDB","nv":" ","e":"n","st":"","dvt":"V\u00e1lido","vap":"146","pvap":"   0,28"},{"seq":"274","sqcand":"40001255245","n":"15473","nm":"MARY GUIMAR\u00c3ES","cc":"MDB","nv":" ","e":"n","st":"","dvt":"V\u00e1lido","vap":"15","pvap":"   0,03"},{"seq":"213","sqcand":"40001241632","n":"70999","nm":"CHIQUINHO PACHECO","cc":"AVANTE","nv":" ","e":"n","st":"","dvt":"V\u00e1lido","vap":"33","pvap":"   0,06"},{"seq":"161","sqcand":"40001238338","n":"10244","nm":"LENO DA TECNO DIESEL","cc":"REPUBLICANOS","nv":" ","e":"n","st":"","dvt":"V\u00e1lido","vap":"57","pvap":"   0,11"},{"seq":"223","sqcand":"40001255244","n":"15003","nm":"ALAIN PIMENTEL","cc":"MDB","nv":" ","e":"n","st":"","dvt":"V\u00e1lido","vap":"28","pvap":"   0,05"},{"seq":"229","sqcand":"40001238218","n":"27555","nm":"NILDO DA VAN","cc":"DC","nv":" ","e":"n","st":"","dvt":"V\u00e1lido","vap":"27","pvap":"   0,05"},{"seq":"94","sqcand":"40001240415","n":"36444","nm":"PSTOR JALES NUNES","cc":"PTC","nv":" ","e":"n","st":"","dvt":"V\u00e1lido","vap":"148","pvap":"   0,29"},{"seq":"207","sqcand":"40001239376","n":"23024","nm":"ADRIANO BABAL\u00da","cc":"CIDADANIA","nv":" ","e":"n","st":"","dvt":"V\u00e1lido","vap":"35","pvap":"   0,07"},{"seq":"283","sqcand":"40000824971","n":"22345","nm":"IEMERSON PEREIRA","cc":"PL","nv":" ","e":"n","st":"","dvt":"V\u00e1lido","vap":"12","pvap":"   0,02"},{"seq":"35","sqcand":"40001241644","n":"70110","nm":"NETO DA PESCA","cc":"AVANTE","nv":" ","e":"n","st":"","dvt":"V\u00e1lido","vap":"390","pvap":"   0,76"},{"seq":"128","sqcand":"40000882699","n":"55234","nm":"JOEL XAVIER","cc":"PSD","nv":" ","e":"n","st":"","dvt":"V\u00e1lido","vap":"99","pvap":"   0,19"},{"seq":"295","sqcand":"40001255312","n":"51351","nm":"ROBSON PALHETA","cc":"PATRIOTA","nv":" ","e":"n","st":"","dvt":"V\u00e1lido","vap":"10","pvap":"   0,02"},{"seq":"163","sqcand":"40001073385","n":"13456","nm":"LORINHO","cc":"PT","nv":" ","e":"n","st":"","dvt":"V\u00e1lido","vap":"56","pvap":"   0,11"},{"seq":"123","sqcand":"40001073403","n":"13222","nm":"ANA L\u00daCIA","cc":"PT","nv":" ","e":"n","st":"","dvt":"V\u00e1lido","vap":"111","pvap":"   0,22"},{"seq":"214","sqcand":"40000824143","n":"17020","nm":"JOSE DA SILVA BARBADO","cc":"PSL","nv":" ","e":"n","st":"","dvt":"V\u00e1lido","vap":"32","pvap":"   0,06"},{"seq":"355","sqcand":"40001239382","n":"23222","nm":"SELENE","cc":"CIDADANIA","nv":" ","e":"n","st":"","dvt":"V\u00e1lido","vap":"0","pvap":"00.00"},{"seq":"162","sqcand":"40001108403","n":"20111","nm":"WILSON SILVA","cc":"PSC","nv":" ","e":"n","st":"","dvt":"V\u00e1lido","vap":"57","pvap":"   0,11"},{"seq":"330","sqcand":"40001240417","n":"36999","nm":"GLEICY LIMA","cc":"PTC","nv":" ","e":"n","st":"","dvt":"V\u00e1lido","vap":"4","pvap":"   0,01"},{"seq":"57","sqcand":"40001240860","n":"45255","nm":"M\u00c1RCIO MENDONCA","cc":"PSDB","nv":" ","e":"n","st":"","dvt":"V\u00e1lido","vap":"270","pvap":"   0,52"},{"seq":"365","sqcand":"40001239787","n":"25451","nm":"CHRISLAINE","cc":"DEM","nv":" ","e":"n","st":"","dvt":"V\u00e1lido","vap":"0","pvap":"00.00"},{"seq":"22","sqcand":"40001073401","n":"13633","nm":"CHEILA MOREIRA","cc":"PT","nv":" ","e":"n","st":"","dvt":"V\u00e1lido","vap":"519","pvap":"   1,01"},{"seq":"59","sqcand":"40001239880","n":"27999","nm":"TEREZA TEN\u00d3RIO","cc":"DC","nv":" ","e":"n","st":"","dvt":"V\u00e1lido","vap":"264","pvap":"   0,51"},{"seq":"216","sqcand":"40001239798","n":"25555","nm":"PROF JESUS BARROS","cc":"DEM","nv":" ","e":"n","st":"","dvt":"V\u00e1lido","vap":"31","pvap":"   0,06"},{"seq":"64","sqcand":"40001108402","n":"20123","nm":"WILAS COSTA","cc":"PSC","nv":" ","e":"n","st":"","dvt":"V\u00e1lido","vap":"242","pvap":"   0,47"},{"seq":"291","sqcand":"40000824140","n":"17952","nm":"SGT AFILHADO","cc":"PSL","nv":" ","e":"n","st":"","dvt":"V\u00e1lido","vap":"10","pvap":"   0,02"},{"seq":"84","sqcand":"40001108385","n":"20800","nm":"EDY CARLOS DA SA\u00daDE","cc":"PSC","nv":" ","e":"n","st":"","dvt":"V\u00e1lido","vap":"171","pvap":"   0,33"},{"seq":"42","sqcand":"40000883446","n":"90123","nm":"PEDRO FILHO","cc":"PROS","nv":" ","e":"n","st":"","dvt":"V\u00e1lido","vap":"332","pvap":"   0,64"},{"seq":"378","sqcand":"40001240416","n":"36787","nm":"HORTENCIA TORRES","cc":"PTC","nv":" ","e":"n","st":"","dvt":"V\u00e1lido","vap":"0","pvap":"00.00"},{"seq":"217","sqcand":"40000833732","n":"50020","nm":"APOL\u00d4NIO","cc":"PSOL","nv":" ","e":"n","st":"","dvt":"V\u00e1lido","vap":"31","pvap":"   0,06"},{"seq":"85","sqcand":"40000824139","n":"17017","nm":"BARBARA PASSOS","cc":"PSL","nv":" ","e":"n","st":"","dvt":"V\u00e1lido","vap":"171","pvap":"   0,33"},{"seq":"129","sqcand":"40000882697","n":"55555","nm":"PAPITO","cc":"PSD","nv":" ","e":"n","st":"","dvt":"V\u00e1lido","vap":"98","pvap":"   0,19"},{"seq":"71","sqcand":"40001108397","n":"20007","nm":"DR ELVIS ARA\u00daJO","cc":"PSC","nv":" ","e":"n","st":"","dvt":"V\u00e1lido","vap":"205","pvap":"   0,40"},{"seq":"139","sqcand":"40001073398","n":"13444","nm":"NATAN OLIVEIRA","cc":"PT","nv":" ","e":"n","st":"","dvt":"V\u00e1lido","vap":"83","pvap":"   0,16"},{"seq":"285","sqcand":"40000824150","n":"17100","nm":"KARLA DIAS","cc":"PSL","nv":" ","e":"n","st":"","dvt":"V\u00e1lido","vap":"12","pvap":"   0,02"},{"seq":"277","sqcand":"40000833723","n":"50123","nm":"MARIO JUNIOR","cc":"PSOL","nv":" ","e":"n","st":"","dvt":"V\u00e1lido","vap":"14","pvap":"   0,03"},{"seq":"345","sqcand":"40001238342","n":"10199","nm":"ELANIA CUNHA","cc":"REPUBLICANOS","nv":" ","e":"n","st":"","dvt":"V\u00e1lido","vap":"1","pvap":"   0,00"},{"seq":"72","sqcand":"40000882698","n":"55678","nm":"HERMES FILHO","cc":"PSD","nv":" ","e":"n","st":"","dvt":"V\u00e1lido","vap":"201","pvap":"   0,39"},{"seq":"169","sqcand":"40000824153","n":"17239","nm":"PROF SOCRATES LEVER","cc":"PSL","nv":" ","e":"n","st":"","dvt":"V\u00e1lido","vap":"49","pvap":"   0,09"},{"seq":"228","sqcand":"40001035748","n":"77051","nm":"EDSON CANH\u00c3O","cc":"SOLIDARIEDADE","nv":" ","e":"n","st":"","dvt":"V\u00e1lido","vap":"27","pvap":"   0,05"},{"seq":"240","sqcand":"40001239377","n":"23000","nm":"MARIA DO CARMO","cc":"CIDADANIA","nv":" ","e":"n","st":"","dvt":"Anulado sub judice","vap":"23","pvap":"   0,04"},{"seq":"93","sqcand":"40001241357","n":"65678","nm":"CRISTIANE OLIVEIRA","cc":"PC do B","nv":" ","e":"n","st":"","dvt":"V\u00e1lido","vap":"151","pvap":"   0,29"},{"seq":"349","sqcand":"40001263399","n":"25099","nm":"SANDRA LIMA","cc":"DEM","nv":" ","e":"n","st":"","dvt":"V\u00e1lido","vap":"1","pvap":"   0,00"},{"seq":"222","sqcand":"40001238351","n":"10555","nm":"ESTRELA CRIS","cc":"REPUBLICANOS","nv":" ","e":"n","st":"","dvt":"V\u00e1lido","vap":"30","pvap":"   0,06"},{"seq":"45","sqcand":"40000832870","n":"43012","nm":"PASTOR SILVERIO","cc":"PV","nv":" ","e":"n","st":"","dvt":"V\u00e1lido","vap":"316","pvap":"   0,61"},{"seq":"204","sqcand":"40001238209","n":"27200","nm":"CLEIA MENEZES","cc":"DC","nv":" ","e":"n","st":"","dvt":"V\u00e1lido","vap":"37","pvap":"   0,07"},{"seq":"168","sqcand":"40001241359","n":"65333","nm":"LORA DO TER\u00c7ADO","cc":"PC do B","nv":" ","e":"n","st":"","dvt":"V\u00e1lido","vap":"49","pvap":"   0,09"},{"seq":"212","sqcand":"40001073397","n":"13333","nm":"ANTONIO FILHO DO ARARY","cc":"PT","nv":" ","e":"n","st":"","dvt":"V\u00e1lido","vap":"33","pvap":"   0,06"},{"seq":"310","sqcand":"40001239879","n":"27111","nm":"NETY DO CAREQUINHA","cc":"DC","nv":" ","e":"n","st":"","dvt":"V\u00e1lido","vap":"6","pvap":"   0,01"},{"seq":"286","sqcand":"40001238725","n":"12333","nm":"RUB\u00c3O XICOTINHO","cc":"PDT","nv":" ","e":"n","st":"","dvt":"V\u00e1lido","vap":"11","pvap":"   0,02"},{"seq":"147","sqcand":"40001241362","n":"65777","nm":"FABRICIO LIRA -  GARRINCHA","cc":"PC do B","nv":" ","e":"n","st":"","dvt":"V\u00e1lido","vap":"71","pvap":"   0,14"},{"seq":"346","sqcand":"40001238344","n":"10581","nm":"OLENDINA","cc":"REPUBLICANOS","nv":" ","e":"n","st":"","dvt":"V\u00e1lido","vap":"1","pvap":"   0,00"},{"seq":"259","sqcand":"40001263400","n":"10111","nm":"SILVIO ANDREY","cc":"REPUBLICANOS","nv":" ","e":"n","st":"","dvt":"V\u00e1lido","vap":"19","pvap":"   0,04"},{"seq":"331","sqcand":"40000824138","n":"17234","nm":"ELIVANA RODRIGUES","cc":"PSL","nv":" ","e":"n","st":"","dvt":"V\u00e1lido","vap":"4","pvap":"   0,01"},{"seq":"370","sqcand":"40001238341","n":"10700","nm":"DANIELLE SANTOS","cc":"REPUBLICANOS","nv":" ","e":"n","st":"","dvt":"V\u00e1lido","vap":"0","pvap":"00.00"},{"seq":"73","sqcand":"40001241368","n":"65111","nm":"JEFERSON CORINHO","cc":"PC do B","nv":" ","e":"n","st":"","dvt":"V\u00e1lido","vap":"200","pvap":"   0,39"},{"seq":"302","sqcand":"40001108393","n":"20014","nm":"EROS CIRINO","cc":"PSC","nv":" ","e":"n","st":"","dvt":"V\u00e1lido","vap":"9","pvap":"   0,02"},{"seq":"250","sqcand":"40000833727","n":"50122","nm":"FABRICIA SILVA","cc":"PSOL","nv":" ","e":"n","st":"","dvt":"V\u00e1lido","vap":"21","pvap":"   0,04"},{"seq":"248","sqcand":"40001255314","n":"51116","nm":"CABE\u00c7A DO PORANGA","cc":"PATRIOTA","nv":" ","e":"n","st":"","dvt":"V\u00e1lido","vap":"21","pvap":"   0,04"},{"seq":"321","sqcand":"40000833728","n":"50713","nm":"SALOM\u00c3O","cc":"PSOL","nv":" ","e":"n","st":"","dvt":"V\u00e1lido","vap":"5","pvap":"   0,01"},{"seq":"126","sqcand":"40001106751","n":"14555","nm":"ANINHA DO SOCIAL","cc":"PTB","nv":" ","e":"n","st":"","dvt":"V\u00e1lido","vap":"104","pvap":"   0,20"},{"seq":"328","sqcand":"40001035746","n":"77321","nm":"ANDRE ANTONIO","cc":"SOLIDARIEDADE","nv":" ","e":"n","st":"","dvt":"V\u00e1lido","vap":"4","pvap":"   0,01"},{"seq":"261","sqcand":"40001108392","n":"20369","nm":"ALCIANE TORRES","cc":"PSC","nv":" ","e":"n","st":"","dvt":"V\u00e1lido","vap":"19","pvap":"   0,04"},{"seq":"68","sqcand":"40001241376","n":"65234","nm":"CESAR MARQUES","cc":"PC do B","nv":" ","e":"n","st":"","dvt":"V\u00e1lido","vap":"212","pvap":"   0,41"},{"seq":"13","sqcand":"40000824970","n":"22122","nm":"ARIALDO","cc":"PL","nv":" ","e":"n","st":"","dvt":"V\u00e1lido","vap":"701","pvap":"   1,36"},{"seq":"194","sqcand":"40000824974","n":"22456","nm":"ALEF RICHARD","cc":"PL","nv":" ","e":"n","st":"","dvt":"V\u00e1lido","vap":"40","pvap":"   0,08"},{"seq":"242","sqcand":"40000833729","n":"50355","nm":"BET\u00c3O","cc":"PSOL","nv":" ","e":"n","st":"","dvt":"V\u00e1lido","vap":"23","pvap":"   0,04"},{"seq":"165","sqcand":"40000882702","n":"55333","nm":"ESTER NUNES","cc":"PSD","nv":" ","e":"n","st":"","dvt":"V\u00e1lido","vap":"55","pvap":"   0,11"},{"seq":"75","sqcand":"40001241646","n":"70231","nm":"JOAO ABACATE","cc":"AVANTE","nv":" ","e":"n","st":"","dvt":"V\u00e1lido","vap":"193","pvap":"   0,37"},{"seq":"232","sqcand":"40001255247","n":"15456","nm":"IN\u00caS REIS","cc":"MDB","nv":" ","e":"n","st":"","dvt":"V\u00e1lido","vap":"26","pvap":"   0,05"},{"seq":"86","sqcand":"40001240868","n":"45123","nm":"HYGOR MAGALH\u00c3ES","cc":"PSDB","nv":" ","e":"n","st":"","dvt":"V\u00e1lido","vap":"169","pvap":"   0,33"},{"seq":"124","sqcand":"40001239790","n":"25777","nm":"PROFESSOR RANIERI","cc":"DEM","nv":" ","e":"n","st":"","dvt":"V\u00e1lido","vap":"110","pvap":"   0,21"},{"seq":"336","sqcand":"40001108388","n":"20999","nm":"FRANCELMA","cc":"PSC","nv":" ","e":"n","st":"","dvt":"V\u00e1lido","vap":"3","pvap":"   0,01"},{"seq":"192","sqcand":"40001240406","n":"36456","nm":"HEYDER QUEIROZ","cc":"PTC","nv":" ","e":"n","st":"","dvt":"V\u00e1lido","vap":"40","pvap":"   0,08"},{"seq":"290","sqcand":"40000833731","n":"50050","nm":"FERNANDO","cc":"PSOL","nv":" ","e":"n","st":"","dvt":"V\u00e1lido","vap":"11","pvap":"   0,02"},{"seq":"17","sqcand":"40001238718","n":"12123","nm":"DARIO NUNES","cc":"PDT","nv":" ","e":"n","st":"","dvt":"V\u00e1lido","vap":"669","pvap":"   1,30"},{"seq":"89","sqcand":"40000883445","n":"90333","nm":"SARGENTO ALZAIR","cc":"PROS","nv":" ","e":"n","st":"","dvt":"V\u00e1lido","vap":"161","pvap":"   0,31"},{"seq":"1","sqcand":"40000883453","n":"90234","nm":"MARCOS IRM\u00c3O DO DR MARCONDE","cc":"PROS","nv":" ","e":"n","st":"","dvt":"V\u00e1lido","vap":"1567","pvap":"   3,04"},{"seq":"347","sqcand":"40000883451","n":"90222","nm":"GILNEY JR","cc":"PROS","nv":" ","e":"n","st":"","dvt":"V\u00e1lido","vap":"1","pvap":"   0,00"},{"seq":"364","sqcand":"40000824980","n":"22444","nm":"LIDIJANE FARIAS","cc":"PL","nv":" ","e":"n","st":"","dvt":"V\u00e1lido","vap":"0","pvap":"00.00"},{"seq":"280","sqcand":"40001238721","n":"12000","nm":"CLOVIS SOUZA","cc":"PDT","nv":" ","e":"n","st":"","dvt":"V\u00e1lido","vap":"13","pvap":"   0,03"},{"seq":"153","sqcand":"40001073399","n":"13123","nm":"DHYNHO SAFADHY","cc":"PT","nv":" ","e":"n","st":"","dvt":"V\u00e1lido","vap":"65","pvap":"   0,13"},{"seq":"235","sqcand":"40000832867","n":"43777","nm":"MARLY DA CULTURA","cc":"PV","nv":" ","e":"n","st":"","dvt":"V\u00e1lido","vap":"25","pvap":"   0,05"},{"seq":"262","sqcand":"40001106750","n":"14712","nm":"YARA CAROLINI","cc":"PTB","nv":" ","e":"n","st":"","dvt":"V\u00e1lido","vap":"19","pvap":"   0,04"},{"seq":"297","sqcand":"40001108383","n":"20444","nm":"JHONE DO FLORESTAL","cc":"PSC","nv":" ","e":"n","st":"","dvt":"V\u00e1lido","vap":"9","pvap":"   0,02"},{"seq":"206","sqcand":"40000833722","n":"50011","nm":"JERO","cc":"PSOL","nv":" ","e":"n","st":"","dvt":"V\u00e1lido","vap":"36","pvap":"   0,07"},{"seq":"287","sqcand":"40001238343","n":"10777","nm":"JHON ALENCAR","cc":"REPUBLICANOS","nv":" ","e":"n","st":"","dvt":"V\u00e1lido","vap":"11","pvap":"   0,02"},{"seq":"292","sqcand":"40001239801","n":"25111","nm":"CHEIROSO","cc":"DEM","nv":" ","e":"n","st":"","dvt":"V\u00e1lido","vap":"10","pvap":"   0,02"},{"seq":"360","sqcand":"40001240876","n":"45031","nm":"ANA CANTU\u00c1RIO","cc":"PSDB","nv":" ","e":"n","st":"","dvt":"V\u00e1lido","vap":"0","pvap":"00.00"},{"seq":"30","sqcand":"40000882433","n":"11234","nm":"BOSCO RODRIGUES","cc":"PP","nv":" ","e":"n","st":"","dvt":"V\u00e1lido","vap":"454","pvap":"   0,88"},{"seq":"145","sqcand":"40001106755","n":"14007","nm":"PROF ELTON IANNUZZI","cc":"PTB","nv":" ","e":"n","st":"","dvt":"V\u00e1lido","vap":"72","pvap":"   0,14"},{"seq":"270","sqcand":"40000824148","n":"17123","nm":"THOR DA ESCOLINA DE FUTEBOL","cc":"PSL","nv":" ","e":"n","st":"","dvt":"V\u00e1lido","vap":"16","pvap":"   0,03"},{"seq":"108","sqcand":"40001108390","n":"20579","nm":"PROF. M\u00d4NICA SANTOS","cc":"PSC","nv":" ","e":"n","st":"","dvt":"V\u00e1lido","vap":"126","pvap":"   0,24"},{"seq":"339","sqcand":"40001255248","n":"15999","nm":"LIDIANE LUCENA","cc":"MDB","nv":" ","e":"n","st":"","dvt":"V\u00e1lido","vap":"2","pvap":"   0,00"},{"seq":"205","sqcand":"40001255251","n":"15222","nm":"DANIEL ALVES","cc":"MDB","nv":" ","e":"n","st":"","dvt":"V\u00e1lido","vap":"37","pvap":"   0,07"},{"seq":"337","sqcand":"40001238204","n":"27234","nm":"FRANK RABELO","cc":"DC","nv":" ","e":"n","st":"","dvt":"V\u00e1lido","vap":"2","pvap":"   0,00"},{"seq":"294","sqcand":"40001238350","n":"10155","nm":"MARCOS ANDRE","cc":"REPUBLICANOS","nv":" ","e":"n","st":"","dvt":"V\u00e1lido","vap":"10","pvap":"   0,02"},{"seq":"301","sqcand":"40001238716","n":"12999","nm":"IRM\u00c3O FRAN\u00c7OAR","cc":"PDT","nv":" ","e":"n","st":"","dvt":"V\u00e1lido","vap":"9","pvap":"   0,02"},{"seq":"293","sqcand":"40000882434","n":"11444","nm":"MARA LIMA","cc":"PP","nv":" ","e":"n","st":"","dvt":"V\u00e1lido","vap":"10","pvap":"   0,02"},{"seq":"173","sqcand":"40000882695","n":"55888","nm":"GIGI DA VASSOURA","cc":"PSD","nv":" ","e":"n","st":"","dvt":"V\u00e1lido","vap":"48","pvap":"   0,09"},{"seq":"164","sqcand":"40001073395","n":"13567","nm":"SANDRA DO RIO ARARY","cc":"PT","nv":" ","e":"n","st":"","dvt":"V\u00e1lido","vap":"56","pvap":"   0,11"},{"seq":"50","sqcand":"40000832878","n":"43444","nm":"PROFESSORA VIVIANE","cc":"PV","nv":" ","e":"n","st":"","dvt":"V\u00e1lido","vap":"303","pvap":"   0,59"},{"seq":"344","sqcand":"40000787393","n":"18111","nm":"MARIO SANTOS","cc":"REDE","nv":" ","e":"n","st":"","dvt":"Anulado sub judice","vap":"1","pvap":"   0,00"},{"seq":"66","sqcand":"40001108399","n":"20122","nm":"RICARDO NELSON","cc":"PSC","nv":" ","e":"n","st":"","dvt":"V\u00e1lido","vap":"238","pvap":"   0,46"},{"seq":"167","sqcand":"40001239788","n":"25123","nm":"ERCIO GARCIA NEG\u00c3O","cc":"DEM","nv":" ","e":"n","st":"","dvt":"V\u00e1lido","vap":"53","pvap":"   0,10"},{"seq":"254","sqcand":"40001073389","n":"13108","nm":"CLOVIS SEU PIMENTA","cc":"PT","nv":" ","e":"n","st":"","dvt":"V\u00e1lido","vap":"19","pvap":"   0,04"},{"seq":"3","sqcand":"40000824979","n":"22022","nm":"NEGUINHO DA Z TREZE","cc":"PL","nv":" ","e":"n","st":"","dvt":"V\u00e1lido","vap":"1084","pvap":"   2,10"},{"seq":"264","sqcand":"40001238211","n":"27300","nm":"NALDO NOGUEIRA","cc":"DC","nv":" ","e":"n","st":"","dvt":"V\u00e1lido","vap":"18","pvap":"   0,03"},{"seq":"95","sqcand":"40000824983","n":"22111","nm":"MARCOS HOLANDA","cc":"PL","nv":" ","e":"n","st":"","dvt":"V\u00e1lido","vap":"147","pvap":"   0,28"},{"seq":"303","sqcand":"40001255311","n":"51321","nm":"DORNILVA PENA","cc":"PATRIOTA","nv":" ","e":"n","st":"","dvt":"V\u00e1lido","vap":"9","pvap":"   0,02"},{"seq":"132","sqcand":"40000832865","n":"43159","nm":"NATANIEL LIRA","cc":"PV","nv":" ","e":"n","st":"","dvt":"V\u00e1lido","vap":"94","pvap":"   0,18"},{"seq":"182","sqcand":"40001238727","n":"12222","nm":"IVANILZA CRACKE","cc":"PDT","nv":" ","e":"n","st":"","dvt":"V\u00e1lido","vap":"44","pvap":"   0,09"},{"seq":"118","sqcand":"40001241360","n":"65444","nm":"PROFESSOR ADMILSON CABECINHA","cc":"PC do B","nv":" ","e":"n","st":"","dvt":"V\u00e1lido","vap":"115","pvap":"   0,22"},{"seq":"107","sqcand":"40000882441","n":"11000","nm":"JORGE GUEDES  MARIO","cc":"PP","nv":" ","e":"n","st":"","dvt":"V\u00e1lido","vap":"126","pvap":"   0,24"},{"seq":"358","sqcand":"40000832869","n":"43555","nm":"CON ARA\u00daJO","cc":"PV","nv":" ","e":"n","st":"","dvt":"V\u00e1lido","vap":"0","pvap":"00.00"},{"seq":"243","sqcand":"40001073380","n":"13131","nm":"ALEX SERR\u00c3O","cc":"PT","nv":" ","e":"n","st":"","dvt":"Anulado sub judice","vap":"22","pvap":"   0,04"},{"seq":"115","sqcand":"40001241640","n":"70333","nm":"GUIOMACY","cc":"AVANTE","nv":" ","e":"n","st":"","dvt":"V\u00e1lido","vap":"117","pvap":"   0,23"},{"seq":"82","sqcand":"40001106737","n":"14777","nm":"PASTOR HARLEN","cc":"PTB","nv":" ","e":"n","st":"","dvt":"V\u00e1lido","vap":"178","pvap":"   0,35"},{"seq":"234","sqcand":"40000787401","n":"18101","nm":"JORGE LIMA","cc":"REDE","nv":" ","e":"n","st":"","dvt":"V\u00e1lido","vap":"25","pvap":"   0,05"},{"seq":"31","sqcand":"40001073386","n":"13133","nm":"L\u00daCIO BARROS","cc":"PT","nv":" ","e":"n","st":"","dvt":"V\u00e1lido","vap":"426","pvap":"   0,83"},{"seq":"154","sqcand":"40001035751","n":"77890","nm":"PROF VALDA","cc":"SOLIDARIEDADE","nv":" ","e":"n","st":"","dvt":"V\u00e1lido","vap":"64","pvap":"   0,12"},{"seq":"332","sqcand":"40001255255","n":"15444","nm":"ILMA BARROSO","cc":"MDB","nv":" ","e":"n","st":"","dvt":"V\u00e1lido","vap":"3","pvap":"   0,01"},{"seq":"208","sqcand":"40001035747","n":"77287","nm":"ANNE ROLIM","cc":"SOLIDARIEDADE","nv":" ","e":"n","st":"","dvt":"V\u00e1lido","vap":"35","pvap":"   0,07"},{"seq":"377","sqcand":"40001239379","n":"23393","nm":"DIEGO","cc":"CIDADANIA","nv":" ","e":"n","st":"","dvt":"V\u00e1lido","vap":"0","pvap":"00.00"},{"seq":"10","sqcand":"40001241633","n":"70555","nm":"ANDREIA MARA","cc":"AVANTE","nv":" ","e":"n","st":"","dvt":"V\u00e1lido","vap":"826","pvap":"   1,60"},{"seq":"58","sqcand":"40001106743","n":"14222","nm":"M\u00c1RCIO DO CENTR\u00c3O","cc":"PTB","nv":" ","e":"n","st":"","dvt":"V\u00e1lido","vap":"269","pvap":"   0,52"},{"seq":"41","sqcand":"40001241627","n":"70222","nm":"PASTORA DARCLEY","cc":"AVANTE","nv":" ","e":"n","st":"","dvt":"V\u00e1lido","vap":"347","pvap":"   0,67"},{"seq":"325","sqcand":"40001108404","n":"20258","nm":"VALCIMARA CARVALHO","cc":"PSC","nv":" ","e":"n","st":"","dvt":"V\u00e1lido","vap":"4","pvap":"   0,01"},{"seq":"103","sqcand":"40001108389","n":"20678","nm":"NONATO BELO","cc":"PSC","nv":" ","e":"n","st":"","dvt":"V\u00e1lido","vap":"130","pvap":"   0,25"},{"seq":"149","sqcand":"40001240875","n":"45678","nm":"MAIAS BENEZAR","cc":"PSDB","nv":" ","e":"n","st":"","dvt":"V\u00e1lido","vap":"67","pvap":"   0,13"},{"seq":"298","sqcand":"40000883444","n":"90789","nm":"BETANIA","cc":"PROS","nv":" ","e":"n","st":"","dvt":"V\u00e1lido","vap":"9","pvap":"   0,02"},{"seq":"127","sqcand":"40000832876","n":"43112","nm":"EUCLIDES DO ENGENHO","cc":"PV","nv":" ","e":"n","st":"","dvt":"V\u00e1lido","vap":"103","pvap":"   0,20"},{"seq":"327","sqcand":"40000824151","n":"17082","nm":"VANESSA SILVA","cc":"PSL","nv":" ","e":"n","st":"","dvt":"V\u00e1lido","vap":"4","pvap":"   0,01"},{"seq":"348","sqcand":"40001241378","n":"65656","nm":"PROFESSOR SINAY","cc":"PC do B","nv":" ","e":"n","st":"","dvt":"V\u00e1lido","vap":"1","pvap":"   0,00"},{"seq":"210","sqcand":"40001106749","n":"14120","nm":"ALIA NASCIMENTO","cc":"PTB","nv":" ","e":"n","st":"","dvt":"V\u00e1lido","vap":"34","pvap":"   0,07"},{"seq":"55","sqcand":"40000832873","n":"43133","nm":"PROFESSOR PAULINHO","cc":"PV","nv":" ","e":"n","st":"","dvt":"V\u00e1lido","vap":"285","pvap":"   0,55"},{"seq":"39","sqcand":"40001106745","n":"14451","nm":"ENF JUNIOR MAR\u00c7AL","cc":"PTB","nv":" ","e":"n","st":"","dvt":"V\u00e1lido","vap":"361","pvap":"   0,70"},{"seq":"160","sqcand":"40001255249","n":"15133","nm":"PEDRO QUEIROZ","cc":"MDB","nv":" ","e":"n","st":"","dvt":"V\u00e1lido","vap":"58","pvap":"   0,11"},{"seq":"189","sqcand":"40001240414","n":"36888","nm":"AMAZONILDO QUARESMA","cc":"PTC","nv":" ","e":"n","st":"","dvt":"V\u00e1lido","vap":"42","pvap":"   0,08"},{"seq":"88","sqcand":"40001240864","n":"45677","nm":"ADANEX COSTA","cc":"PSDB","nv":" ","e":"n","st":"","dvt":"V\u00e1lido","vap":"165","pvap":"   0,32"},{"seq":"105","sqcand":"40001108395","n":"20133","nm":"CHINA","cc":"PSC","nv":" ","e":"n","st":"","dvt":"V\u00e1lido","vap":"130","pvap":"   0,25"},{"seq":"175","sqcand":"40001239793","n":"25000","nm":"Z\u00c9 DA PIPOCA","cc":"DEM","nv":" ","e":"n","st":"","dvt":"V\u00e1lido","vap":"47","pvap":"   0,09"},{"seq":"140","sqcand":"40001239795","n":"25999","nm":"PEQUENO","cc":"DEM","nv":" ","e":"n","st":"","dvt":"V\u00e1lido","vap":"81","pvap":"   0,16"},{"seq":"224","sqcand":"40001255256","n":"15666","nm":"ANDR\u00c9 PAP\u00c3O","cc":"MDB","nv":" ","e":"n","st":"","dvt":"V\u00e1lido","vap":"28","pvap":"   0,05"},{"seq":"171","sqcand":"40001241628","n":"70234","nm":"ZINHO NOGUEIRA","cc":"AVANTE","nv":" ","e":"n","st":"","dvt":"V\u00e1lido","vap":"48","pvap":"   0,09"},{"seq":"315","sqcand":"40000882429","n":"11999","nm":"VIVIANE ASSIS","cc":"PP","nv":" ","e":"n","st":"","dvt":"V\u00e1lido","vap":"5","pvap":"   0,01"},{"seq":"159","sqcand":"40001239794","n":"25666","nm":"BETO BARROS","cc":"DEM","nv":" ","e":"n","st":"","dvt":"V\u00e1lido","vap":"58","pvap":"   0,11"},{"seq":"184","sqcand":"40001239796","n":"25025","nm":"JEAN VIEIRA","cc":"DEM","nv":" ","e":"n","st":"","dvt":"V\u00e1lido","vap":"43","pvap":"   0,08"},{"seq":"122","sqcand":"40000824146","n":"17000","nm":"SAMARONE NO\u00c9","cc":"PSL","nv":" ","e":"n","st":"","dvt":"V\u00e1lido","vap":"111","pvap":"   0,22"},{"seq":"227","sqcand":"40001241636","n":"70888","nm":"EDIVAL MEIRELES","cc":"AVANTE","nv":" ","e":"n","st":"","dvt":"V\u00e1lido","vap":"27","pvap":"   0,05"},{"seq":"253","sqcand":"40000833730","n":"50012","nm":"PROFESSOR MUNDIC\u00c3O","cc":"PSOL","nv":" ","e":"n","st":"","dvt":"V\u00e1lido","vap":"19","pvap":"   0,04"},{"seq":"183","sqcand":"40001035753","n":"77000","nm":"REGINA MARIA","cc":"SOLIDARIEDADE","nv":" ","e":"n","st":"","dvt":"V\u00e1lido","vap":"43","pvap":"   0,08"},{"seq":"211","sqcand":"40001073388","n":"13813","nm":"MANOEL CASTRO","cc":"PT","nv":" ","e":"n","st":"","dvt":"V\u00e1lido","vap":"33","pvap":"   0,06"},{"seq":"187","sqcand":"40001240411","n":"36123","nm":"ENGENHEIRO VALCI CARVALHO","cc":"PTC","nv":" ","e":"n","st":"","dvt":"Anulado sub judice","vap":"42","pvap":"   0,08"},{"seq":"340","sqcand":"40000787402","n":"18456","nm":"ANA LUCIA","cc":"REDE","nv":" ","e":"n","st":"","dvt":"V\u00e1lido","vap":"2","pvap":"   0,00"},{"seq":"324","sqcand":"40001241637","n":"70070","nm":"ROSA","cc":"AVANTE","nv":" ","e":"n","st":"","dvt":"V\u00e1lido","vap":"4","pvap":"   0,01"},{"seq":"373","sqcand":"40001106735","n":"14888","nm":"ALINE FERREIRA","cc":"PTB","nv":" ","e":"n","st":"","dvt":"V\u00e1lido","vap":"0","pvap":"00.00"},{"seq":"27","sqcand":"40001073387","n":"13013","nm":"VALCIMAR AMORIM (T\u00c9IA)","cc":"PT","nv":" ","e":"n","st":"","dvt":"V\u00e1lido","vap":"470","pvap":"   0,91"},{"seq":"176","sqcand":"40001255254","n":"15333","nm":"CACIQUE AZAMOR","cc":"MDB","nv":" ","e":"n","st":"","dvt":"V\u00e1lido","vap":"47","pvap":"   0,09"},{"seq":"37","sqcand":"40001073392","n":"13111","nm":"ENFERMEIRA KARINA FEITOSA","cc":"PT","nv":" ","e":"n","st":"","dvt":"V\u00e1lido","vap":"384","pvap":"   0,74"}]}
