{"ele":"426","tpabr":"mu","cdabr":"02453","carper":"13","t":"1","f":"o","dt":"15/11/2020","ht":"21:07:17","dv":"s","tf":"s","v":"9","esae":"n","mnae":"","s":"13","st":"13","pst":" 100,00","snt":"0","psnt":"   0,00","si":"13","psi":" 100,00","sni":"0","psni":"   0,00","sa":"13","psa":" 100,00","sna":"0","psna":"   0,00","e":"4771","ea":"4771","pea":" 100,00","ena":"0","pena":"   0,00","esi":"4771","pesi":" 100,00","esni":"0","pesni":"   0,00","c":"3908","pc":"  81,91","a":"863","pa":"  18,09","vscv":"0","vnom":"3682","vl":"147","pvnom":"  96,16","pvl":"   3,84","vvc":"3829","pvvc":"  97,98","vb":"12","pvb":"   0,31","tvn":"67","ptvn":"   1,71","vn":"67","pvn":" 100,00","vnt":"0","pvnt":"   0,00","vp":"0","pvp":"   0,00","vv":"3829","pvv":" 100,00","van":"0","pvan":"   0,00","vansj":"0","pvansj":"   0,00","tv":"3908","cand":[{"seq":"32","sqcand":"40000998479","n":"20123","nm":"ENFERMEIRA ORINEIDE","cc":"PSC","nv":" ","e":"n","st":"Suplente","dvt":"V\u00e1lido","vap":"28","pvap":"   0,73"},{"seq":"41","sqcand":"40000751765","n":"11555","nm":"DISK HANRAN","cc":"PP","nv":" ","e":"n","st":"Suplente","dvt":"V\u00e1lido","vap":"9","pvap":"   0,24"},{"seq":"22","sqcand":"40000998486","n":"20321","nm":"IRM\u00c3O NETO","cc":"PSC","nv":" ","e":"n","st":"Suplente","dvt":"V\u00e1lido","vap":"66","pvap":"   1,72"},{"seq":"59","sqcand":"40001256373","n":"15999","nm":"ALCEMIR MOTO TAXI","cc":"MDB","nv":" ","e":"n","st":"N\u00e3o eleito","dvt":"V\u00e1lido","vap":"5","pvap":"   0,13"},{"seq":"63","sqcand":"40001234791","n":"77077","nm":"CHERLANE MONTEIRO","cc":"SOLIDARIEDADE","nv":" ","e":"n","st":"N\u00e3o eleito","dvt":"V\u00e1lido","vap":"0","pvap":"00.00"},{"seq":"47","sqcand":"40001077367","n":"55333","nm":"PROFESSOR BRAZ","cc":"PSD","nv":" ","e":"n","st":"Suplente","dvt":"V\u00e1lido","vap":"5","pvap":"   0,13"},{"seq":"33","sqcand":"40000998480","n":"20444","nm":"GUILHERME TUXAUA","cc":"PSC","nv":" ","e":"n","st":"Suplente","dvt":"V\u00e1lido","vap":"25","pvap":"   0,65"},{"seq":"29","sqcand":"40000998473","n":"20044","nm":"GRACIARA","cc":"PSC","nv":" ","e":"n","st":"Suplente","dvt":"V\u00e1lido","vap":"29","pvap":"   0,76"},{"seq":"14","sqcand":"40001000807","n":"25333","nm":"ANT\u00d4NIO EGAS","cc":"DEM","nv":" ","e":"n","st":"Suplente","dvt":"V\u00e1lido","vap":"106","pvap":"   2,77"},{"seq":"46","sqcand":"40001000815","n":"25321","nm":"IRM\u00c3 GRA\u00c7A","cc":"DEM","nv":" ","e":"n","st":"Suplente","dvt":"V\u00e1lido","vap":"6","pvap":"   0,16"},{"seq":"1","sqcand":"40000998481","n":"20555","nm":"CASINHA","cc":"PSC","nv":" ","e":"s","st":"Eleito","dvt":"V\u00e1lido","vap":"281","pvap":"   7,34"},{"seq":"53","sqcand":"40001077368","n":"55321","nm":"ALASON PAPELETE","cc":"PSD","nv":" ","e":"n","st":"Suplente","dvt":"V\u00e1lido","vap":"1","pvap":"   0,03"},{"seq":"13","sqcand":"40001000814","n":"25234","nm":"BIC\u00d3","cc":"DEM","nv":" ","e":"n","st":"Suplente","dvt":"V\u00e1lido","vap":"111","pvap":"   2,90"},{"seq":"12","sqcand":"40001077366","n":"55111","nm":"MADALENA SILVA","cc":"PSD","nv":" ","e":"n","st":"Suplente","dvt":"V\u00e1lido","vap":"117","pvap":"   3,06"},{"seq":"56","sqcand":"40000753425","n":"15333","nm":"BETOSA","cc":"MDB","nv":" ","e":"n","st":"N\u00e3o eleito","dvt":"V\u00e1lido","vap":"42","pvap":"   1,10"},{"seq":"2","sqcand":"40001073955","n":"10123","nm":"MARKINHOS","cc":"REPUBLICANOS","nv":" ","e":"s","st":"Eleito","dvt":"V\u00e1lido","vap":"233","pvap":"   6,09"},{"seq":"9","sqcand":"40001000813","n":"25555","nm":"KIKO","cc":"DEM","nv":" ","e":"s","st":"Eleito","dvt":"V\u00e1lido","vap":"120","pvap":"   3,13"},{"seq":"35","sqcand":"40001000818","n":"25123","nm":"SAPECA","cc":"DEM","nv":" ","e":"n","st":"Suplente","dvt":"V\u00e1lido","vap":"23","pvap":"   0,60"},{"seq":"49","sqcand":"40001270665","n":"10010","nm":"PAULINHA","cc":"REPUBLICANOS","nv":" ","e":"n","st":"Suplente","dvt":"V\u00e1lido","vap":"3","pvap":"   0,08"},{"seq":"6","sqcand":"40001073959","n":"10234","nm":"NILSON FERREIRA","cc":"REPUBLICANOS","nv":" ","e":"s","st":"Eleito","dvt":"V\u00e1lido","vap":"154","pvap":"   4,02"},{"seq":"20","sqcand":"40000751760","n":"11000","nm":"BIRO","cc":"PP","nv":" ","e":"n","st":"Suplente","dvt":"V\u00e1lido","vap":"79","pvap":"   2,06"},{"seq":"60","sqcand":"40001234790","n":"77345","nm":"JAIR DO GARIMPO","cc":"SOLIDARIEDADE","nv":" ","e":"n","st":"N\u00e3o eleito","dvt":"V\u00e1lido","vap":"2","pvap":"   0,05"},{"seq":"31","sqcand":"40000998477","n":"20020","nm":"CHIC\u00c3O","cc":"PSC","nv":" ","e":"n","st":"Suplente","dvt":"V\u00e1lido","vap":"28","pvap":"   0,73"},{"seq":"51","sqcand":"40001269631","n":"25888","nm":"MARLETE","cc":"DEM","nv":" ","e":"n","st":"Suplente","dvt":"V\u00e1lido","vap":"1","pvap":"   0,03"},{"seq":"21","sqcand":"40000998483","n":"20789","nm":"PROF. VALCI","cc":"PSC","nv":" ","e":"n","st":"Suplente","dvt":"V\u00e1lido","vap":"69","pvap":"   1,80"},{"seq":"36","sqcand":"40000751759","n":"11123","nm":"JACKINHO FONSECA","cc":"PP","nv":" ","e":"n","st":"Suplente","dvt":"V\u00e1lido","vap":"15","pvap":"   0,39"},{"seq":"58","sqcand":"40000753427","n":"15123","nm":"WAGNO","cc":"MDB","nv":" ","e":"n","st":"N\u00e3o eleito","dvt":"V\u00e1lido","vap":"23","pvap":"   0,60"},{"seq":"10","sqcand":"40000998482","n":"20777","nm":"PROF. RENILTON","cc":"PSC","nv":" ","e":"n","st":"Suplente","dvt":"V\u00e1lido","vap":"140","pvap":"   3,66"},{"seq":"7","sqcand":"40001077373","n":"55717","nm":"PROFESSORA ELI\u00c3","cc":"PSD","nv":" ","e":"s","st":"Eleito","dvt":"V\u00e1lido","vap":"149","pvap":"   3,89"},{"seq":"34","sqcand":"40001000811","n":"25000","nm":"IRM\u00c3O EVANILSON","cc":"DEM","nv":" ","e":"n","st":"Suplente","dvt":"V\u00e1lido","vap":"23","pvap":"   0,60"},{"seq":"61","sqcand":"40000753426","n":"15789","nm":"MARIA DIVINA","cc":"MDB","nv":" ","e":"n","st":"N\u00e3o eleito","dvt":"V\u00e1lido","vap":"1","pvap":"   0,03"},{"seq":"27","sqcand":"40000751761","n":"11111","nm":"LUCIA","cc":"PP","nv":" ","e":"n","st":"Suplente","dvt":"V\u00e1lido","vap":"39","pvap":"   1,02"},{"seq":"17","sqcand":"40001000810","n":"25111","nm":"ORINHA","cc":"DEM","nv":" ","e":"n","st":"Suplente","dvt":"V\u00e1lido","vap":"98","pvap":"   2,56"},{"seq":"62","sqcand":"40000753423","n":"15015","nm":"R FONSECA","cc":"MDB","nv":" ","e":"n","st":"N\u00e3o eleito","dvt":"V\u00e1lido","vap":"0","pvap":"00.00"},{"seq":"55","sqcand":"40000753422","n":"15222","nm":"DRA. SHEILA GUEDES","cc":"MDB","nv":" ","e":"n","st":"N\u00e3o eleito","dvt":"V\u00e1lido","vap":"50","pvap":"   1,31"},{"seq":"5","sqcand":"40001000812","n":"25678","nm":"ELONES MACIEL","cc":"DEM","nv":" ","e":"s","st":"Eleito","dvt":"V\u00e1lido","vap":"180","pvap":"   4,70"},{"seq":"25","sqcand":"40000751763","n":"11610","nm":"IRMAO AMADEU","cc":"PP","nv":" ","e":"n","st":"Suplente","dvt":"V\u00e1lido","vap":"42","pvap":"   1,10"},{"seq":"19","sqcand":"40001073963","n":"10111","nm":"MARIO JORGE","cc":"REPUBLICANOS","nv":" ","e":"n","st":"Suplente","dvt":"V\u00e1lido","vap":"79","pvap":"   2,06"},{"seq":"48","sqcand":"40001260186","n":"11777","nm":"RAIMUNDA DA FEIRA","cc":"PP","nv":" ","e":"n","st":"Suplente","dvt":"V\u00e1lido","vap":"3","pvap":"   0,08"},{"seq":"39","sqcand":"40000998485","n":"20333","nm":"SANDRA","cc":"PSC","nv":" ","e":"n","st":"Suplente","dvt":"V\u00e1lido","vap":"13","pvap":"   0,34"},{"seq":"43","sqcand":"40001077365","n":"55455","nm":"PROFESSOR COSME","cc":"PSD","nv":" ","e":"n","st":"Suplente","dvt":"V\u00e1lido","vap":"8","pvap":"   0,21"},{"seq":"23","sqcand":"40001077374","n":"55135","nm":"ALDEJANE BENJAMIM","cc":"PSD","nv":" ","e":"n","st":"Suplente","dvt":"V\u00e1lido","vap":"65","pvap":"   1,70"},{"seq":"50","sqcand":"40001073962","n":"10444","nm":"LUCIA FONSECA","cc":"REPUBLICANOS","nv":" ","e":"n","st":"Suplente","dvt":"V\u00e1lido","vap":"1","pvap":"   0,03"},{"seq":"37","sqcand":"40000998474","n":"20445","nm":"HIOLANDA","cc":"PSC","nv":" ","e":"n","st":"Suplente","dvt":"V\u00e1lido","vap":"15","pvap":"   0,39"},{"seq":"44","sqcand":"40001000808","n":"25020","nm":"J G LOPES","cc":"DEM","nv":" ","e":"n","st":"Suplente","dvt":"V\u00e1lido","vap":"8","pvap":"   0,21"},{"seq":"64","sqcand":"40001234792","n":"77495","nm":"OSVALDO LOPES","cc":"SOLIDARIEDADE","nv":" ","e":"n","st":"N\u00e3o eleito","dvt":"V\u00e1lido","vap":"0","pvap":"00.00"},{"seq":"57","sqcand":"40000753424","n":"15678","nm":"PROFESSORA QUECIA","cc":"MDB","nv":" ","e":"n","st":"N\u00e3o eleito","dvt":"V\u00e1lido","vap":"28","pvap":"   0,73"},{"seq":"15","sqcand":"40001073961","n":"10120","nm":"JOSIMAR","cc":"REPUBLICANOS","nv":" ","e":"n","st":"Suplente","dvt":"V\u00e1lido","vap":"105","pvap":"   2,74"},{"seq":"8","sqcand":"40000751764","n":"11345","nm":"VASSOURA","cc":"PP","nv":" ","e":"s","st":"Eleito","dvt":"V\u00e1lido","vap":"121","pvap":"   3,16"},{"seq":"3","sqcand":"40000998476","n":"20234","nm":"LILI","cc":"PSC","nv":" ","e":"s","st":"Eleito","dvt":"V\u00e1lido","vap":"210","pvap":"   5,48"},{"seq":"11","sqcand":"40001077364","n":"55123","nm":"NENA","cc":"PSD","nv":" ","e":"n","st":"Suplente","dvt":"V\u00e1lido","vap":"137","pvap":"   3,58"},{"seq":"26","sqcand":"40001073956","n":"10456","nm":"IRM\u00c3O ARI","cc":"REPUBLICANOS","nv":" ","e":"n","st":"Suplente","dvt":"V\u00e1lido","vap":"40","pvap":"   1,04"},{"seq":"4","sqcand":"40001077372","n":"55555","nm":"PROFESSOR MARDEM","cc":"PSD","nv":" ","e":"s","st":"Eleito","dvt":"V\u00e1lido","vap":"208","pvap":"   5,43"},{"seq":"18","sqcand":"40001077371","n":"55678","nm":"GREICY ROCHA","cc":"PSD","nv":" ","e":"n","st":"Suplente","dvt":"V\u00e1lido","vap":"86","pvap":"   2,25"},{"seq":"28","sqcand":"40000998484","n":"20608","nm":"JORGE EVARISTO","cc":"PSC","nv":" ","e":"n","st":"Suplente","dvt":"V\u00e1lido","vap":"36","pvap":"   0,94"},{"seq":"30","sqcand":"40001073958","n":"10333","nm":"DRA D\u00cdMENA","cc":"REPUBLICANOS","nv":" ","e":"n","st":"Suplente","dvt":"V\u00e1lido","vap":"29","pvap":"   0,76"},{"seq":"42","sqcand":"40001077369","n":"55222","nm":"PAULINA SEABRA","cc":"PSD","nv":" ","e":"n","st":"Suplente","dvt":"V\u00e1lido","vap":"9","pvap":"   0,24"},{"seq":"16","sqcand":"40001073960","n":"10222","nm":"EDIGAR","cc":"REPUBLICANOS","nv":" ","e":"n","st":"Suplente","dvt":"V\u00e1lido","vap":"98","pvap":"   2,56"},{"seq":"40","sqcand":"40001000817","n":"25825","nm":"MARIA","cc":"DEM","nv":" ","e":"n","st":"Suplente","dvt":"V\u00e1lido","vap":"11","pvap":"   0,29"},{"seq":"38","sqcand":"40000751762","n":"11444","nm":"MERI ALVES","cc":"PP","nv":" ","e":"n","st":"Suplente","dvt":"V\u00e1lido","vap":"13","pvap":"   0,34"},{"seq":"54","sqcand":"40001264264","n":"25999","nm":"RAIANDRA","cc":"DEM","nv":" ","e":"n","st":"Suplente","dvt":"V\u00e1lido","vap":"0","pvap":"00.00"},{"seq":"45","sqcand":"40000998475","n":"20111","nm":"IRM\u00c3O LIDIO","cc":"PSC","nv":" ","e":"n","st":"Suplente","dvt":"V\u00e1lido","vap":"6","pvap":"   0,16"},{"seq":"52","sqcand":"40001077370","n":"55221","nm":"P PAIVA","cc":"PSD","nv":" ","e":"n","st":"Suplente","dvt":"V\u00e1lido","vap":"1","pvap":"   0,03"},{"seq":"24","sqcand":"40001000816","n":"25025","nm":"ALTEMAR","cc":"DEM","nv":" ","e":"n","st":"Suplente","dvt":"V\u00e1lido","vap":"49","pvap":"   1,28"}]}
