{"ele":"426","tpabr":"mu","cdabr":"02577","carper":"13","t":"1","f":"o","dt":"15/11/2020","ht":"22:50:01","dv":"s","tf":"n","v":"15","esae":"n","mnae":"","s":"92","st":"91","pst":"  98,91","snt":"1","psnt":"   1,09","si":"91","psi":"  98,91","sni":"0","psni":"   0,00","sa":"91","psa":" 100,00","sna":"0","psna":"   0,00","e":"30846","ea":"30514","pea":" 100,00","ena":"0","pena":"   0,00","esi":"30514","pesi":"  98,91","esni":"0","pesni":"   0,00","c":"24040","pc":"  78,78","a":"6474","pa":"  21,22","vscv":"0","vnom":"22427","vl":"1092","pvnom":"  95,36","pvl":"   4,64","vvc":"23519","pvvc":"  97,83","vb":"119","pvb":"   0,50","tvn":"402","ptvn":"   1,67","vn":"402","pvn":" 100,00","vnt":"0","pvnt":"   0,00","vp":"0","pvp":"   0,00","vv":"23519","pvv":" 100,00","van":"0","pvan":"   0,00","vansj":"0","pvansj":"   0,00","tv":"24040","cand":[{"seq":"16","sqcand":"40000863565","n":"55678","nm":"TONINHO DA COLONIA","cc":"PSD","nv":" ","e":"n","st":"","dvt":"V\u00e1lido","vap":"461","pvap":"   1,96"},{"seq":"53","sqcand":"40000843303","n":"77777","nm":"RANILDA","cc":"SOLIDARIEDADE","nv":" ","e":"n","st":"","dvt":"V\u00e1lido","vap":"111","pvap":"   0,47"},{"seq":"2","sqcand":"40000980764","n":"20123","nm":"ADRIENNE CIDADE","cc":"PSC","nv":" ","e":"n","st":"","dvt":"V\u00e1lido","vap":"1020","pvap":"   4,34"},{"seq":"153","sqcand":"40000980769","n":"20071","nm":"SAMARA","cc":"PSC","nv":" ","e":"n","st":"","dvt":"V\u00e1lido","vap":"0","pvap":"00.00"},{"seq":"77","sqcand":"40000843300","n":"77123","nm":"LACI COLARES","cc":"SOLIDARIEDADE","nv":" ","e":"n","st":"","dvt":"V\u00e1lido","vap":"52","pvap":"   0,22"},{"seq":"144","sqcand":"40000882409","n":"15444","nm":"VAL DIAS CIDADE","cc":"MDB","nv":" ","e":"n","st":"","dvt":"V\u00e1lido","vap":"1","pvap":"   0,00"},{"seq":"143","sqcand":"40000974123","n":"12444","nm":"ZENAIDE","cc":"PDT","nv":" ","e":"n","st":"","dvt":"V\u00e1lido","vap":"3","pvap":"   0,01"},{"seq":"65","sqcand":"40000886805","n":"43007","nm":"PIO","cc":"PV","nv":" ","e":"n","st":"","dvt":"V\u00e1lido","vap":"76","pvap":"   0,32"},{"seq":"44","sqcand":"40000882405","n":"15015","nm":"DIVOCA","cc":"MDB","nv":" ","e":"n","st":"","dvt":"V\u00e1lido","vap":"160","pvap":"   0,68"},{"seq":"131","sqcand":"40000886821","n":"43001","nm":"ELIANE","cc":"PV","nv":" ","e":"n","st":"","dvt":"V\u00e1lido","vap":"8","pvap":"   0,03"},{"seq":"15","sqcand":"40000886807","n":"43333","nm":"VELHO","cc":"PV","nv":" ","e":"n","st":"","dvt":"V\u00e1lido","vap":"465","pvap":"   1,98"},{"seq":"81","sqcand":"40000884310","n":"11333","nm":"PATRICK LOPES","cc":"PP","nv":" ","e":"n","st":"","dvt":"V\u00e1lido","vap":"49","pvap":"   0,21"},{"seq":"80","sqcand":"40000886812","n":"43177","nm":"JONAS SODRE","cc":"PV","nv":" ","e":"n","st":"","dvt":"V\u00e1lido","vap":"49","pvap":"   0,21"},{"seq":"73","sqcand":"40000863573","n":"55000","nm":"AMARILDO FA\u00c7ANHA","cc":"PSD","nv":" ","e":"n","st":"","dvt":"V\u00e1lido","vap":"56","pvap":"   0,24"},{"seq":"56","sqcand":"40000863559","n":"55222","nm":"ENFERMEIRA CHAYENA","cc":"PSD","nv":" ","e":"n","st":"","dvt":"V\u00e1lido","vap":"101","pvap":"   0,43"},{"seq":"28","sqcand":"40000776276","n":"10789","nm":"SOCORRO TORRES","cc":"REPUBLICANOS","nv":" ","e":"n","st":"","dvt":"V\u00e1lido","vap":"301","pvap":"   1,28"},{"seq":"104","sqcand":"40000954788","n":"14111","nm":"PROFESSORA TEREZA","cc":"PTB","nv":" ","e":"n","st":"","dvt":"V\u00e1lido","vap":"19","pvap":"   0,08"},{"seq":"137","sqcand":"40000980766","n":"20777","nm":"PROFESSOR MARIO RIBEIRO","cc":"PSC","nv":" ","e":"n","st":"","dvt":"V\u00e1lido","vap":"6","pvap":"   0,03"},{"seq":"59","sqcand":"40000776270","n":"10777","nm":"LUCIANO MELO","cc":"REPUBLICANOS","nv":" ","e":"n","st":"","dvt":"V\u00e1lido","vap":"92","pvap":"   0,39"},{"seq":"135","sqcand":"40000980776","n":"20055","nm":"DARCILEIA","cc":"PSC","nv":" ","e":"n","st":"","dvt":"V\u00e1lido","vap":"7","pvap":"   0,03"},{"seq":"64","sqcand":"40001013354","n":"25111","nm":"PROFESSORA FRANCISCA","cc":"DEM","nv":" ","e":"n","st":"","dvt":"V\u00e1lido","vap":"80","pvap":"   0,34"},{"seq":"145","sqcand":"40000980778","n":"20030","nm":"FERNANDA BARROS","cc":"PSC","nv":" ","e":"n","st":"","dvt":"V\u00e1lido","vap":"1","pvap":"   0,00"},{"seq":"98","sqcand":"40000886815","n":"43020","nm":"BIRA","cc":"PV","nv":" ","e":"n","st":"","dvt":"V\u00e1lido","vap":"27","pvap":"   0,11"},{"seq":"85","sqcand":"40000887351","n":"45305","nm":"JANE GOMES","cc":"PSDB","nv":" ","e":"n","st":"","dvt":"V\u00e1lido","vap":"45","pvap":"   0,19"},{"seq":"103","sqcand":"40000980768","n":"20024","nm":"MIGUEL BACURI","cc":"PSC","nv":" ","e":"n","st":"","dvt":"V\u00e1lido","vap":"20","pvap":"   0,09"},{"seq":"9","sqcand":"40000863562","n":"55333","nm":"YURY REIS","cc":"PSD","nv":" ","e":"n","st":"","dvt":"V\u00e1lido","vap":"560","pvap":"   2,38"},{"seq":"124","sqcand":"40000954784","n":"14000","nm":"PROFESSORA FRANCISQUINHA","cc":"PTB","nv":" ","e":"n","st":"","dvt":"V\u00e1lido","vap":"12","pvap":"   0,05"},{"seq":"31","sqcand":"40001013353","n":"25678","nm":"PROFESSOR PAULO","cc":"DEM","nv":" ","e":"n","st":"","dvt":"V\u00e1lido","vap":"270","pvap":"   1,15"},{"seq":"117","sqcand":"40000884393","n":"90777","nm":"MARCOS VERA","cc":"PROS","nv":" ","e":"n","st":"","dvt":"V\u00e1lido","vap":"14","pvap":"   0,06"},{"seq":"87","sqcand":"40001013350","n":"25222","nm":"CONNOR","cc":"DEM","nv":" ","e":"n","st":"","dvt":"V\u00e1lido","vap":"38","pvap":"   0,16"},{"seq":"101","sqcand":"40000882407","n":"15666","nm":"NEL GUIMARAES","cc":"MDB","nv":" ","e":"n","st":"","dvt":"V\u00e1lido","vap":"21","pvap":"   0,09"},{"seq":"5","sqcand":"40000980770","n":"20555","nm":"PROFESSOR Z\u00c9 ANTONIO","cc":"PSC","nv":" ","e":"n","st":"","dvt":"V\u00e1lido","vap":"635","pvap":"   2,70"},{"seq":"128","sqcand":"40000884375","n":"70999","nm":"DJA","cc":"AVANTE","nv":" ","e":"n","st":"","dvt":"V\u00e1lido","vap":"8","pvap":"   0,03"},{"seq":"109","sqcand":"40000884392","n":"90000","nm":"JULIO PINHO","cc":"PROS","nv":" ","e":"n","st":"","dvt":"V\u00e1lido","vap":"18","pvap":"   0,08"},{"seq":"92","sqcand":"40000974118","n":"12555","nm":"CLEUDOMAR","cc":"PDT","nv":" ","e":"n","st":"","dvt":"V\u00e1lido","vap":"33","pvap":"   0,14"},{"seq":"8","sqcand":"40000884380","n":"70333","nm":"M\u00c9IA","cc":"AVANTE","nv":" ","e":"n","st":"","dvt":"V\u00e1lido","vap":"571","pvap":"   2,43"},{"seq":"84","sqcand":"40000768071","n":"65555","nm":"PROF JANU\u00c1RIA","cc":"PC do B","nv":" ","e":"n","st":"","dvt":"V\u00e1lido","vap":"47","pvap":"   0,20"},{"seq":"120","sqcand":"40000884388","n":"90001","nm":"NARA BARATA","cc":"PROS","nv":" ","e":"n","st":"","dvt":"V\u00e1lido","vap":"13","pvap":"   0,06"},{"seq":"18","sqcand":"40000884307","n":"11789","nm":"NELCY","cc":"PP","nv":" ","e":"n","st":"","dvt":"V\u00e1lido","vap":"425","pvap":"   1,81"},{"seq":"150","sqcand":"40000863571","n":"55235","nm":"DONA FERNANDA","cc":"PSD","nv":" ","e":"n","st":"","dvt":"V\u00e1lido","vap":"0","pvap":"00.00"},{"seq":"14","sqcand":"40000882401","n":"15777","nm":"CHARLES MEIRELES","cc":"MDB","nv":" ","e":"n","st":"","dvt":"V\u00e1lido","vap":"479","pvap":"   2,04"},{"seq":"55","sqcand":"40000882408","n":"15123","nm":"ALDERIO","cc":"MDB","nv":" ","e":"n","st":"","dvt":"V\u00e1lido","vap":"101","pvap":"   0,43"},{"seq":"106","sqcand":"40000884379","n":"70222","nm":"DIMITRI","cc":"AVANTE","nv":" ","e":"n","st":"","dvt":"V\u00e1lido","vap":"19","pvap":"   0,08"},{"seq":"110","sqcand":"40000776269","n":"10010","nm":"NILCE BENTES","cc":"REPUBLICANOS","nv":" ","e":"n","st":"","dvt":"V\u00e1lido","vap":"18","pvap":"   0,08"},{"seq":"102","sqcand":"40000863569","n":"55282","nm":"MAELY","cc":"PSD","nv":" ","e":"n","st":"","dvt":"V\u00e1lido","vap":"21","pvap":"   0,09"},{"seq":"50","sqcand":"40000887345","n":"45789","nm":"ALCINEI MAIA","cc":"PSDB","nv":" ","e":"n","st":"","dvt":"V\u00e1lido","vap":"132","pvap":"   0,56"},{"seq":"45","sqcand":"40001013349","n":"25234","nm":"RICARDO REGO","cc":"DEM","nv":" ","e":"n","st":"","dvt":"V\u00e1lido","vap":"160","pvap":"   0,68"},{"seq":"113","sqcand":"40000863564","n":"55055","nm":"VALDECY CIDADE","cc":"PSD","nv":" ","e":"n","st":"","dvt":"V\u00e1lido","vap":"16","pvap":"   0,07"},{"seq":"134","sqcand":"40000882412","n":"15135","nm":"IVANILDE","cc":"MDB","nv":" ","e":"n","st":"","dvt":"V\u00e1lido","vap":"7","pvap":"   0,03"},{"seq":"20","sqcand":"40000884317","n":"11456","nm":"ROBERTO SOUZA","cc":"PP","nv":" ","e":"n","st":"","dvt":"V\u00e1lido","vap":"414","pvap":"   1,76"},{"seq":"6","sqcand":"40000776285","n":"10123","nm":"MARKSON","cc":"REPUBLICANOS","nv":" ","e":"n","st":"","dvt":"V\u00e1lido","vap":"631","pvap":"   2,68"},{"seq":"48","sqcand":"40000884389","n":"90282","nm":"RAIMUND\u00c3O","cc":"PROS","nv":" ","e":"n","st":"","dvt":"V\u00e1lido","vap":"143","pvap":"   0,61"},{"seq":"125","sqcand":"40000776277","n":"10222","nm":"PROFESSORA NIZOMAR","cc":"REPUBLICANOS","nv":" ","e":"n","st":"","dvt":"V\u00e1lido","vap":"11","pvap":"   0,05"},{"seq":"11","sqcand":"40000884308","n":"11222","nm":"LUIZ NAZARENO","cc":"PP","nv":" ","e":"n","st":"","dvt":"V\u00e1lido","vap":"506","pvap":"   2,15"},{"seq":"40","sqcand":"40000974122","n":"12222","nm":"EFRAIM LAGOS","cc":"PDT","nv":" ","e":"n","st":"","dvt":"V\u00e1lido","vap":"182","pvap":"   0,77"},{"seq":"60","sqcand":"40000776283","n":"10555","nm":"NEY BEZERRA","cc":"REPUBLICANOS","nv":" ","e":"n","st":"","dvt":"V\u00e1lido","vap":"89","pvap":"   0,38"},{"seq":"75","sqcand":"40000843302","n":"77222","nm":"PRESBITERO MARCOS","cc":"SOLIDARIEDADE","nv":" ","e":"n","st":"","dvt":"V\u00e1lido","vap":"54","pvap":"   0,23"},{"seq":"97","sqcand":"40000954792","n":"14333","nm":"JO\u00c3O NOIA","cc":"PTB","nv":" ","e":"n","st":"","dvt":"V\u00e1lido","vap":"27","pvap":"   0,11"},{"seq":"94","sqcand":"40000886813","n":"43888","nm":"PIT\u00d3 PARENTE","cc":"PV","nv":" ","e":"n","st":"","dvt":"V\u00e1lido","vap":"31","pvap":"   0,13"},{"seq":"13","sqcand":"40001013348","n":"25666","nm":"SOCORRO BANDEIRA","cc":"DEM","nv":" ","e":"n","st":"","dvt":"V\u00e1lido","vap":"484","pvap":"   2,06"},{"seq":"3","sqcand":"40000863566","n":"55111","nm":"NEWTON NETO","cc":"PSD","nv":" ","e":"n","st":"","dvt":"V\u00e1lido","vap":"846","pvap":"   3,60"},{"seq":"76","sqcand":"40000886818","n":"43456","nm":"MARQUINHO DO FORR\u00d3","cc":"PV","nv":" ","e":"n","st":"","dvt":"V\u00e1lido","vap":"54","pvap":"   0,23"},{"seq":"51","sqcand":"40000863560","n":"55456","nm":"PROFESSOR IVO PASSOS","cc":"PSD","nv":" ","e":"n","st":"","dvt":"V\u00e1lido","vap":"114","pvap":"   0,48"},{"seq":"108","sqcand":"40000980773","n":"20020","nm":"SHARLIE MACEDO","cc":"PSC","nv":" ","e":"n","st":"","dvt":"V\u00e1lido","vap":"18","pvap":"   0,08"},{"seq":"29","sqcand":"40000884376","n":"70000","nm":"HELTON PAES","cc":"AVANTE","nv":" ","e":"n","st":"","dvt":"V\u00e1lido","vap":"280","pvap":"   1,19"},{"seq":"105","sqcand":"40000843299","n":"77789","nm":"HAMILTON","cc":"SOLIDARIEDADE","nv":" ","e":"n","st":"","dvt":"V\u00e1lido","vap":"19","pvap":"   0,08"},{"seq":"112","sqcand":"40000882399","n":"15743","nm":"FATIMA","cc":"MDB","nv":" ","e":"n","st":"","dvt":"V\u00e1lido","vap":"17","pvap":"   0,07"},{"seq":"43","sqcand":"40000886811","n":"43000","nm":"PARENTE","cc":"PV","nv":" ","e":"n","st":"","dvt":"V\u00e1lido","vap":"162","pvap":"   0,69"},{"seq":"96","sqcand":"40000882413","n":"15677","nm":"PAULO PEREIRA","cc":"MDB","nv":" ","e":"n","st":"","dvt":"V\u00e1lido","vap":"28","pvap":"   0,12"},{"seq":"30","sqcand":"40000980774","n":"20222","nm":"ADRIANO COLARES","cc":"PSC","nv":" ","e":"n","st":"","dvt":"V\u00e1lido","vap":"280","pvap":"   1,19"},{"seq":"69","sqcand":"40000884311","n":"11000","nm":"PAULO LIMA MOTOTAXI","cc":"PP","nv":" ","e":"n","st":"","dvt":"V\u00e1lido","vap":"68","pvap":"   0,29"},{"seq":"33","sqcand":"40000954790","n":"14777","nm":"WILLIAN NEVES","cc":"PTB","nv":" ","e":"n","st":"","dvt":"V\u00e1lido","vap":"250","pvap":"   1,06"},{"seq":"42","sqcand":"40000776275","n":"10012","nm":"ADIEL TORRES","cc":"REPUBLICANOS","nv":" ","e":"n","st":"","dvt":"V\u00e1lido","vap":"177","pvap":"   0,75"},{"seq":"119","sqcand":"40000776286","n":"10190","nm":"JETRO XAVIER","cc":"REPUBLICANOS","nv":" ","e":"n","st":"","dvt":"V\u00e1lido","vap":"13","pvap":"   0,06"},{"seq":"127","sqcand":"40000884391","n":"90222","nm":"MUNIELY LIMA","cc":"PROS","nv":" ","e":"n","st":"","dvt":"V\u00e1lido","vap":"11","pvap":"   0,05"},{"seq":"139","sqcand":"40000886810","n":"43331","nm":"LOURA","cc":"PV","nv":" ","e":"n","st":"","dvt":"V\u00e1lido","vap":"6","pvap":"   0,03"},{"seq":"126","sqcand":"40000884390","n":"90123","nm":"MADSON MENEZES","cc":"PROS","nv":" ","e":"n","st":"","dvt":"V\u00e1lido","vap":"11","pvap":"   0,05"},{"seq":"132","sqcand":"40000980777","n":"20444","nm":"JC","cc":"PSC","nv":" ","e":"n","st":"","dvt":"V\u00e1lido","vap":"7","pvap":"   0,03"},{"seq":"88","sqcand":"40000887353","n":"45969","nm":"JULIO CESAR","cc":"PSDB","nv":" ","e":"n","st":"","dvt":"V\u00e1lido","vap":"37","pvap":"   0,16"},{"seq":"99","sqcand":"40000884313","n":"11115","nm":"FRANCA","cc":"PP","nv":" ","e":"n","st":"","dvt":"V\u00e1lido","vap":"27","pvap":"   0,11"},{"seq":"12","sqcand":"40000776284","n":"10456","nm":"HETYELSON DA PESCA","cc":"REPUBLICANOS","nv":" ","e":"n","st":"","dvt":"V\u00e1lido","vap":"495","pvap":"   2,10"},{"seq":"93","sqcand":"40000974120","n":"12123","nm":"ANIRALDO","cc":"PDT","nv":" ","e":"n","st":"","dvt":"V\u00e1lido","vap":"31","pvap":"   0,13"},{"seq":"32","sqcand":"40000954791","n":"14444","nm":"ZEZ\u00c9 DA AMAZ\u00d4NIA","cc":"PTB","nv":" ","e":"n","st":"","dvt":"V\u00e1lido","vap":"259","pvap":"   1,10"},{"seq":"4","sqcand":"40000884315","n":"11123","nm":"MICHELZAO","cc":"PP","nv":" ","e":"n","st":"","dvt":"V\u00e1lido","vap":"679","pvap":"   2,89"},{"seq":"37","sqcand":"40000882410","n":"15222","nm":"COSMO DAMIAO","cc":"MDB","nv":" ","e":"n","st":"","dvt":"V\u00e1lido","vap":"212","pvap":"   0,90"},{"seq":"52","sqcand":"40000863561","n":"55767","nm":"LAURA OLIVEIRA","cc":"PSD","nv":" ","e":"n","st":"","dvt":"V\u00e1lido","vap":"113","pvap":"   0,48"},{"seq":"67","sqcand":"40000776279","n":"10444","nm":"AMADEU CACHORRINHO","cc":"REPUBLICANOS","nv":" ","e":"n","st":"","dvt":"V\u00e1lido","vap":"75","pvap":"   0,32"},{"seq":"142","sqcand":"40000980765","n":"20111","nm":"MARCAO","cc":"PSC","nv":" ","e":"n","st":"","dvt":"V\u00e1lido","vap":"3","pvap":"   0,01"},{"seq":"133","sqcand":"40000886806","n":"43043","nm":"PROFESSORA INEZ","cc":"PV","nv":" ","e":"n","st":"","dvt":"V\u00e1lido","vap":"7","pvap":"   0,03"},{"seq":"136","sqcand":"40000887354","n":"45666","nm":"VER\u00c3O","cc":"PSDB","nv":" ","e":"n","st":"","dvt":"V\u00e1lido","vap":"7","pvap":"   0,03"},{"seq":"63","sqcand":"40000954785","n":"14555","nm":"CHICO VERAS","cc":"PTB","nv":" ","e":"n","st":"","dvt":"V\u00e1lido","vap":"84","pvap":"   0,36"},{"seq":"82","sqcand":"40000884312","n":"11444","nm":"CID","cc":"PP","nv":" ","e":"n","st":"","dvt":"V\u00e1lido","vap":"48","pvap":"   0,20"},{"seq":"19","sqcand":"40000863556","n":"55234","nm":"PAI GIL","cc":"PSD","nv":" ","e":"n","st":"","dvt":"V\u00e1lido","vap":"422","pvap":"   1,79"},{"seq":"78","sqcand":"40000882402","n":"15789","nm":"COLOMBO","cc":"MDB","nv":" ","e":"n","st":"","dvt":"V\u00e1lido","vap":"50","pvap":"   0,21"},{"seq":"121","sqcand":"40000980771","n":"20321","nm":"BRUNO RAFAEL","cc":"PSC","nv":" ","e":"n","st":"","dvt":"V\u00e1lido","vap":"13","pvap":"   0,06"},{"seq":"129","sqcand":"40000882404","n":"15565","nm":"GILDA","cc":"MDB","nv":" ","e":"n","st":"","dvt":"V\u00e1lido","vap":"8","pvap":"   0,03"},{"seq":"140","sqcand":"40000974124","n":"12456","nm":"LUIS MONTEIRO","cc":"PDT","nv":" ","e":"n","st":"","dvt":"V\u00e1lido","vap":"5","pvap":"   0,02"},{"seq":"151","sqcand":"40000886814","n":"43005","nm":"MARIA NAZARE","cc":"PV","nv":" ","e":"n","st":"","dvt":"V\u00e1lido","vap":"0","pvap":"00.00"},{"seq":"7","sqcand":"40000887349","n":"45444","nm":"JOAQUIM RIBEIRO","cc":"PSDB","nv":" ","e":"n","st":"","dvt":"V\u00e1lido","vap":"585","pvap":"   2,49"},{"seq":"89","sqcand":"40000882403","n":"15680","nm":"EDSON SOARES","cc":"MDB","nv":" ","e":"n","st":"","dvt":"V\u00e1lido","vap":"36","pvap":"   0,15"},{"seq":"115","sqcand":"40000776273","n":"10007","nm":"JULINHO MOTOTAXI","cc":"REPUBLICANOS","nv":" ","e":"n","st":"","dvt":"V\u00e1lido","vap":"15","pvap":"   0,06"},{"seq":"148","sqcand":"40000980772","n":"20006","nm":"KARINA","cc":"PSC","nv":" ","e":"n","st":"","dvt":"V\u00e1lido","vap":"1","pvap":"   0,00"},{"seq":"23","sqcand":"40000886808","n":"43123","nm":"ARISTIDES NEVES","cc":"PV","nv":" ","e":"n","st":"","dvt":"V\u00e1lido","vap":"374","pvap":"   1,59"},{"seq":"118","sqcand":"40000954787","n":"14055","nm":"DARLENE TENHARIN","cc":"PTB","nv":" ","e":"n","st":"","dvt":"V\u00e1lido","vap":"14","pvap":"   0,06"},{"seq":"138","sqcand":"40001013352","n":"25000","nm":"GELY BOTELHO","cc":"DEM","nv":" ","e":"n","st":"","dvt":"V\u00e1lido","vap":"6","pvap":"   0,03"},{"seq":"147","sqcand":"40000974116","n":"12445","nm":"BEATRIZ","cc":"PDT","nv":" ","e":"n","st":"","dvt":"V\u00e1lido","vap":"1","pvap":"   0,00"},{"seq":"71","sqcand":"40001013351","n":"25456","nm":"ONILDO J\u00daNIOR","cc":"DEM","nv":" ","e":"n","st":"","dvt":"V\u00e1lido","vap":"61","pvap":"   0,26"},{"seq":"27","sqcand":"40000887346","n":"45000","nm":"XINEY","cc":"PSDB","nv":" ","e":"n","st":"","dvt":"V\u00e1lido","vap":"314","pvap":"   1,34"},{"seq":"83","sqcand":"40000884314","n":"11777","nm":"BAIA","cc":"PP","nv":" ","e":"n","st":"","dvt":"V\u00e1lido","vap":"48","pvap":"   0,20"},{"seq":"74","sqcand":"40000776271","n":"10000","nm":"CALEIDE O KAK\u00c1","cc":"REPUBLICANOS","nv":" ","e":"n","st":"","dvt":"V\u00e1lido","vap":"55","pvap":"   0,23"},{"seq":"91","sqcand":"40000884377","n":"70444","nm":"ORLANDO","cc":"AVANTE","nv":" ","e":"n","st":"","dvt":"V\u00e1lido","vap":"34","pvap":"   0,14"},{"seq":"61","sqcand":"40001013356","n":"25633","nm":"PROFESSOR VANILDO MALTA","cc":"DEM","nv":" ","e":"n","st":"","dvt":"V\u00e1lido","vap":"88","pvap":"   0,37"},{"seq":"35","sqcand":"40000882411","n":"15234","nm":"ALMIR FRANCA","cc":"MDB","nv":" ","e":"n","st":"","dvt":"V\u00e1lido","vap":"242","pvap":"   1,03"},{"seq":"70","sqcand":"40000886817","n":"43232","nm":"PROF MARCOS RIBEIRO","cc":"PV","nv":" ","e":"n","st":"","dvt":"V\u00e1lido","vap":"65","pvap":"   0,28"},{"seq":"86","sqcand":"40000776274","n":"10133","nm":"ER\u00c9","cc":"REPUBLICANOS","nv":" ","e":"n","st":"","dvt":"V\u00e1lido","vap":"43","pvap":"   0,18"},{"seq":"141","sqcand":"40000863570","n":"55505","nm":"BIA MONTEIRO","cc":"PSD","nv":" ","e":"n","st":"","dvt":"V\u00e1lido","vap":"4","pvap":"   0,02"},{"seq":"152","sqcand":"40000776281","n":"10232","nm":"GERUZA MOREIRA","cc":"REPUBLICANOS","nv":" ","e":"n","st":"","dvt":"V\u00e1lido","vap":"0","pvap":"00.00"},{"seq":"10","sqcand":"40000863567","n":"55555","nm":"Z\u00c9 IVAN","cc":"PSD","nv":" ","e":"n","st":"","dvt":"V\u00e1lido","vap":"523","pvap":"   2,22"},{"seq":"1","sqcand":"40000776267","n":"10180","nm":"PASTOR ELIAQUIM","cc":"REPUBLICANOS","nv":" ","e":"n","st":"","dvt":"V\u00e1lido","vap":"1027","pvap":"   4,37"},{"seq":"47","sqcand":"40000884378","n":"70888","nm":"BOMBOM","cc":"AVANTE","nv":" ","e":"n","st":"","dvt":"V\u00e1lido","vap":"150","pvap":"   0,64"},{"seq":"38","sqcand":"40000863558","n":"55999","nm":"ADEMIR OLIVEIRA","cc":"PSD","nv":" ","e":"n","st":"","dvt":"V\u00e1lido","vap":"201","pvap":"   0,85"},{"seq":"95","sqcand":"40000863568","n":"55319","nm":"DIQUINHO DA BR","cc":"PSD","nv":" ","e":"n","st":"","dvt":"V\u00e1lido","vap":"30","pvap":"   0,13"},{"seq":"79","sqcand":"40000843301","n":"77180","nm":"PEZ\u00c3O","cc":"SOLIDARIEDADE","nv":" ","e":"n","st":"","dvt":"V\u00e1lido","vap":"50","pvap":"   0,21"},{"seq":"130","sqcand":"40000974121","n":"12345","nm":"ANTHEONY","cc":"PDT","nv":" ","e":"n","st":"","dvt":"V\u00e1lido","vap":"8","pvap":"   0,03"},{"seq":"68","sqcand":"40000954786","n":"14666","nm":"ANGELISSON TENHARIN","cc":"PTB","nv":" ","e":"n","st":"","dvt":"V\u00e1lido","vap":"71","pvap":"   0,30"},{"seq":"58","sqcand":"40000980775","n":"20000","nm":"CRISTIAN ALFAIA","cc":"PSC","nv":" ","e":"n","st":"","dvt":"V\u00e1lido","vap":"97","pvap":"   0,41"},{"seq":"116","sqcand":"40000884319","n":"11223","nm":"KEROLAYNE","cc":"PP","nv":" ","e":"n","st":"","dvt":"V\u00e1lido","vap":"15","pvap":"   0,06"},{"seq":"34","sqcand":"40001013355","n":"25555","nm":"HIDALGO VIEIRA","cc":"DEM","nv":" ","e":"n","st":"","dvt":"V\u00e1lido","vap":"249","pvap":"   1,06"},{"seq":"62","sqcand":"40000776282","n":"10678","nm":"ELRI SANDRO","cc":"REPUBLICANOS","nv":" ","e":"n","st":"","dvt":"V\u00e1lido","vap":"86","pvap":"   0,37"},{"seq":"90","sqcand":"40000863563","n":"55888","nm":"LEANDRO DAURTE NEVES","cc":"PSD","nv":" ","e":"n","st":"","dvt":"V\u00e1lido","vap":"36","pvap":"   0,15"},{"seq":"49","sqcand":"40000886816","n":"43777","nm":"SERGIO BENTES","cc":"PV","nv":" ","e":"n","st":"","dvt":"V\u00e1lido","vap":"136","pvap":"   0,58"},{"seq":"114","sqcand":"40000974119","n":"12333","nm":"PAULO DE ALBUQUERQUE","cc":"PDT","nv":" ","e":"n","st":"","dvt":"V\u00e1lido","vap":"15","pvap":"   0,06"},{"seq":"149","sqcand":"40000887348","n":"45001","nm":"SOCORRO PRETA","cc":"PSDB","nv":" ","e":"n","st":"","dvt":"V\u00e1lido","vap":"0","pvap":"00.00"},{"seq":"123","sqcand":"40000776280","n":"10021","nm":"AILZO ROLIM","cc":"REPUBLICANOS","nv":" ","e":"n","st":"","dvt":"V\u00e1lido","vap":"12","pvap":"   0,05"},{"seq":"22","sqcand":"40000887352","n":"45123","nm":"UCA GALDINO","cc":"PSDB","nv":" ","e":"n","st":"","dvt":"V\u00e1lido","vap":"379","pvap":"   1,61"},{"seq":"26","sqcand":"40000776272","n":"10122","nm":"LUZINEI DELGADO","cc":"REPUBLICANOS","nv":" ","e":"n","st":"","dvt":"V\u00e1lido","vap":"331","pvap":"   1,41"},{"seq":"107","sqcand":"40000884309","n":"11234","nm":"LHIA","cc":"PP","nv":" ","e":"n","st":"","dvt":"V\u00e1lido","vap":"19","pvap":"   0,08"},{"seq":"111","sqcand":"40000886820","n":"43002","nm":"ALBERTO MORENO","cc":"PV","nv":" ","e":"n","st":"","dvt":"V\u00e1lido","vap":"17","pvap":"   0,07"},{"seq":"46","sqcand":"40000884318","n":"11180","nm":"CLOVIS GARCIA","cc":"PP","nv":" ","e":"n","st":"","dvt":"V\u00e1lido","vap":"159","pvap":"   0,68"},{"seq":"17","sqcand":"40000954789","n":"14180","nm":"JO\u00c3O BIGODE","cc":"PTB","nv":" ","e":"n","st":"","dvt":"V\u00e1lido","vap":"431","pvap":"   1,83"},{"seq":"154","sqcand":"40000886819","n":"43050","nm":"NEIDE INES","cc":"PV","nv":" ","e":"n","st":"","dvt":"V\u00e1lido","vap":"0","pvap":"00.00"},{"seq":"72","sqcand":"40000887350","n":"45456","nm":"IZA INES","cc":"PSDB","nv":" ","e":"n","st":"","dvt":"V\u00e1lido","vap":"57","pvap":"   0,24"},{"seq":"36","sqcand":"40000884316","n":"11111","nm":"ROBERVAL NEVES","cc":"PP","nv":" ","e":"n","st":"","dvt":"V\u00e1lido","vap":"230","pvap":"   0,98"},{"seq":"41","sqcand":"40000882400","n":"15611","nm":"OZZY","cc":"MDB","nv":" ","e":"n","st":"","dvt":"V\u00e1lido","vap":"179","pvap":"   0,76"},{"seq":"122","sqcand":"40000882406","n":"15333","nm":"ENFERMEIRA VAL","cc":"MDB","nv":" ","e":"n","st":"","dvt":"V\u00e1lido","vap":"12","pvap":"   0,05"},{"seq":"66","sqcand":"40000887347","n":"45999","nm":"JEFFERSON MACEDO","cc":"PSDB","nv":" ","e":"n","st":"","dvt":"V\u00e1lido","vap":"76","pvap":"   0,32"},{"seq":"25","sqcand":"40000863557","n":"55123","nm":"AUGUSTO VIEIRA","cc":"PSD","nv":" ","e":"n","st":"","dvt":"V\u00e1lido","vap":"340","pvap":"   1,45"},{"seq":"146","sqcand":"40000776278","n":"10319","nm":"DIANE BRAGA","cc":"REPUBLICANOS","nv":" ","e":"n","st":"","dvt":"V\u00e1lido","vap":"1","pvap":"   0,00"},{"seq":"57","sqcand":"40000886804","n":"43789","nm":"VIVIANE DO SINDICATO","cc":"PV","nv":" ","e":"n","st":"","dvt":"V\u00e1lido","vap":"98","pvap":"   0,42"},{"seq":"21","sqcand":"40000886809","n":"43222","nm":"NELSON MONTEIRO","cc":"PV","nv":" ","e":"n","st":"","dvt":"V\u00e1lido","vap":"386","pvap":"   1,64"},{"seq":"54","sqcand":"40000974117","n":"12111","nm":"ELBA LEILA","cc":"PDT","nv":" ","e":"n","st":"","dvt":"V\u00e1lido","vap":"108","pvap":"   0,46"},{"seq":"100","sqcand":"40000776268","n":"10027","nm":"MORENA DO LIVRO","cc":"REPUBLICANOS","nv":" ","e":"n","st":"","dvt":"V\u00e1lido","vap":"23","pvap":"   0,10"},{"seq":"39","sqcand":"40000980767","n":"20333","nm":"XINOCA DO BECO","cc":"PSC","nv":" ","e":"n","st":"","dvt":"V\u00e1lido","vap":"193","pvap":"   0,82"},{"seq":"24","sqcand":"40000863572","n":"55777","nm":"NETO LINDOSO","cc":"PSD","nv":" ","e":"n","st":"","dvt":"V\u00e1lido","vap":"360","pvap":"   1,53"}]}
