{"ele":"426","tpabr":"mu","cdabr":"02895","carper":"13","t":"1","f":"o","dt":"15/11/2020","ht":"22:00:00","dv":"s","tf":"s","v":"9","esae":"n","mnae":"","s":"30","st":"30","pst":" 100,00","snt":"0","psnt":"   0,00","si":"30","psi":" 100,00","sni":"0","psni":"   0,00","sa":"30","psa":" 100,00","sna":"0","psna":"   0,00","e":"10876","ea":"10876","pea":" 100,00","ena":"0","pena":"   0,00","esi":"10876","pesi":" 100,00","esni":"0","pesni":"   0,00","c":"9169","pc":"  84,30","a":"1707","pa":"  15,70","vscv":"0","vnom":"8440","vl":"349","pvnom":"  96,03","pvl":"   3,97","vvc":"8957","pvvc":"  97,69","vb":"23","pvb":"   0,25","tvn":"189","ptvn":"   2,06","vn":"189","pvn":" 100,00","vnt":"0","pvnt":"   0,00","vp":"0","pvp":"   0,00","vv":"8789","pvv":"  98,12","van":"0","pvan":"   0,00","vansj":"168","pvansj":"   1,88","tv":"9169","cand":[{"seq":"61","sqcand":"40001042055","n":"45111","nm":"LUZIMAR","cc":"PSDB","nv":" ","e":"n","st":"Suplente","dvt":"V\u00e1lido","vap":"11","pvap":"   0,12"},{"seq":"55","sqcand":"40001042065","n":"45000","nm":"ZUILA","cc":"PSDB","nv":" ","e":"n","st":"Suplente","dvt":"V\u00e1lido","vap":"22","pvap":"   0,25"},{"seq":"39","sqcand":"40001042059","n":"45222","nm":"ISMAEL","cc":"PSDB","nv":" ","e":"n","st":"Suplente","dvt":"V\u00e1lido","vap":"64","pvap":"   0,71"},{"seq":"79","sqcand":"40000861523","n":"17444","nm":"Z\u00c9 MARIA","cc":"PSL","nv":" ","e":"n","st":"N\u00e3o eleito","dvt":"V\u00e1lido","vap":"79","pvap":"   0,88"},{"seq":"116","sqcand":"40000861528","n":"17567","nm":"IRACILENE","cc":"PSL","nv":" ","e":"n","st":"N\u00e3o eleito","dvt":"V\u00e1lido","vap":"0","pvap":"00.00"},{"seq":"60","sqcand":"40000949053","n":"55456","nm":"MARINETE","cc":"PSD","nv":" ","e":"n","st":"Suplente","dvt":"V\u00e1lido","vap":"11","pvap":"   0,12"},{"seq":"103","sqcand":"40001040695","n":"15147","nm":"VALDE\u00cdSA","cc":"MDB","nv":" ","e":"n","st":"N\u00e3o eleito","dvt":"V\u00e1lido","vap":"7","pvap":"   0,08"},{"seq":"6","sqcand":"40000943727","n":"20333","nm":"ALGEMIRO","cc":"PSC","nv":" ","e":"s","st":"Eleito","dvt":"V\u00e1lido","vap":"226","pvap":"   2,52"},{"seq":"101","sqcand":"40001040693","n":"15222","nm":"BARBADO","cc":"MDB","nv":" ","e":"n","st":"N\u00e3o eleito","dvt":"V\u00e1lido","vap":"11","pvap":"   0,12"},{"seq":"70","sqcand":"40001042054","n":"45999","nm":"MOISES DO ABIAL","cc":"PSDB","nv":" ","e":"n","st":"Suplente","dvt":"V\u00e1lido","vap":"3","pvap":"   0,03"},{"seq":"92","sqcand":"40000861522","n":"17000","nm":"BRANCO SIDPESCA","cc":"PSL","nv":" ","e":"n","st":"N\u00e3o eleito","dvt":"V\u00e1lido","vap":"33","pvap":"   0,37"},{"seq":"3","sqcand":"40000943738","n":"20456","nm":"RAIMUNDO QUEIROZ","cc":"PSC","nv":" ","e":"s","st":"Eleito","dvt":"V\u00e1lido","vap":"269","pvap":"   3,00"},{"seq":"33","sqcand":"40000860907","n":"14777","nm":"GORDINHO SENA","cc":"PTB","nv":" ","e":"n","st":"Suplente","dvt":"V\u00e1lido","vap":"93","pvap":"   1,04"},{"seq":"40","sqcand":"40001042063","n":"45888","nm":"INCHO","cc":"PSDB","nv":" ","e":"n","st":"Suplente","dvt":"V\u00e1lido","vap":"58","pvap":"   0,65"},{"seq":"52","sqcand":"40001039937","n":"11333","nm":"VAL\u00c9RIA","cc":"PP","nv":" ","e":"n","st":"Suplente","dvt":"V\u00e1lido","vap":"36","pvap":"   0,40"},{"seq":"22","sqcand":"40000943729","n":"20555","nm":"Z\u00d3IA","cc":"PSC","nv":" ","e":"n","st":"Suplente","dvt":"V\u00e1lido","vap":"133","pvap":"   1,48"},{"seq":"48","sqcand":"40000949046","n":"55555","nm":"OSWER OLIVEIRA","cc":"PSD","nv":" ","e":"n","st":"Suplente","dvt":"V\u00e1lido","vap":"44","pvap":"   0,49"},{"seq":"20","sqcand":"40000943728","n":"20000","nm":"EWERTON MENDES","cc":"PSC","nv":" ","e":"n","st":"Suplente","dvt":"V\u00e1lido","vap":"152","pvap":"   1,70"},{"seq":"42","sqcand":"40000943726","n":"20038","nm":"DEUZA","cc":"PSC","nv":" ","e":"n","st":"Suplente","dvt":"V\u00e1lido","vap":"54","pvap":"   0,60"},{"seq":"104","sqcand":"40001040689","n":"15321","nm":"TIBIR\u00c3O","cc":"MDB","nv":" ","e":"n","st":"N\u00e3o eleito","dvt":"V\u00e1lido","vap":"6","pvap":"   0,07"},{"seq":"18","sqcand":"40001042056","n":"45555","nm":"VANDA FERREIRA","cc":"PSDB","nv":" ","e":"n","st":"Suplente","dvt":"V\u00e1lido","vap":"156","pvap":"   1,74"},{"seq":"63","sqcand":"40001039938","n":"11258","nm":"EDILANE","cc":"PP","nv":" ","e":"n","st":"Suplente","dvt":"V\u00e1lido","vap":"11","pvap":"   0,12"},{"seq":"31","sqcand":"40000943737","n":"20777","nm":"SALVE JORGE","cc":"PSC","nv":" ","e":"n","st":"Suplente","dvt":"V\u00e1lido","vap":"101","pvap":"   1,13"},{"seq":"78","sqcand":"40000861896","n":"25123","nm":"BRENDA","cc":"DEM","nv":" ","e":"n","st":"N\u00e3o eleito","dvt":"V\u00e1lido","vap":"87","pvap":"   0,97"},{"seq":"7","sqcand":"40000860347","n":"10000","nm":"MAUCA KAMBEBA","cc":"REPUBLICANOS","nv":" ","e":"s","st":"Eleito","dvt":"V\u00e1lido","vap":"226","pvap":"   2,52"},{"seq":"109","sqcand":"40001040688","n":"15666","nm":"DONA NORMA","cc":"MDB","nv":" ","e":"n","st":"N\u00e3o eleito","dvt":"V\u00e1lido","vap":"0","pvap":"00.00"},{"seq":"30","sqcand":"40000943734","n":"20111","nm":"IRM\u00c3O SIDNEY","cc":"PSC","nv":" ","e":"n","st":"Suplente","dvt":"V\u00e1lido","vap":"101","pvap":"   1,13"},{"seq":"76","sqcand":"40000860912","n":"14555","nm":"SANTOS","cc":"PTB","nv":" ","e":"n","st":"N\u00e3o eleito","dvt":"Anulado sub judice","vap":"110","pvap":"   1,23"},{"seq":"50","sqcand":"40000949048","n":"55345","nm":"LUC\u00c3O","cc":"PSD","nv":" ","e":"n","st":"Suplente","dvt":"V\u00e1lido","vap":"42","pvap":"   0,47"},{"seq":"85","sqcand":"40000862284","n":"77123","nm":"CLEO GELO MANIA","cc":"SOLIDARIEDADE","nv":" ","e":"n","st":"N\u00e3o eleito","dvt":"V\u00e1lido","vap":"54","pvap":"   0,60"},{"seq":"35","sqcand":"40000860340","n":"10999","nm":"ROSE DE NOGUEIRA","cc":"REPUBLICANOS","nv":" ","e":"n","st":"Suplente","dvt":"V\u00e1lido","vap":"90","pvap":"   1,00"},{"seq":"65","sqcand":"40000860342","n":"10888","nm":"ARILTON","cc":"REPUBLICANOS","nv":" ","e":"n","st":"Suplente","dvt":"V\u00e1lido","vap":"9","pvap":"   0,10"},{"seq":"82","sqcand":"40000861902","n":"25678","nm":"ERLAN JARAUA","cc":"DEM","nv":" ","e":"n","st":"N\u00e3o eleito","dvt":"V\u00e1lido","vap":"75","pvap":"   0,84"},{"seq":"43","sqcand":"40001042058","n":"45554","nm":"CARLINHOS DO BAUANA","cc":"PSDB","nv":" ","e":"n","st":"Suplente","dvt":"V\u00e1lido","vap":"53","pvap":"   0,59"},{"seq":"47","sqcand":"40000860346","n":"10456","nm":"DIONES","cc":"REPUBLICANOS","nv":" ","e":"n","st":"Suplente","dvt":"V\u00e1lido","vap":"48","pvap":"   0,54"},{"seq":"24","sqcand":"40001039943","n":"11000","nm":"MIZA","cc":"PP","nv":" ","e":"n","st":"Suplente","dvt":"V\u00e1lido","vap":"128","pvap":"   1,43"},{"seq":"10","sqcand":"40000860916","n":"14123","nm":"PROF. PEL\u00c9","cc":"PTB","nv":" ","e":"n","st":"Suplente","dvt":"V\u00e1lido","vap":"285","pvap":"   3,18"},{"seq":"14","sqcand":"40001039936","n":"11123","nm":"PAULINHO DO IVO","cc":"PP","nv":" ","e":"n","st":"Suplente","dvt":"V\u00e1lido","vap":"182","pvap":"   2,03"},{"seq":"83","sqcand":"40000861903","n":"25222","nm":"CARL\u00c3O","cc":"DEM","nv":" ","e":"n","st":"N\u00e3o eleito","dvt":"V\u00e1lido","vap":"71","pvap":"   0,79"},{"seq":"99","sqcand":"40000861904","n":"25999","nm":"MARCELA","cc":"DEM","nv":" ","e":"n","st":"N\u00e3o eleito","dvt":"V\u00e1lido","vap":"14","pvap":"   0,16"},{"seq":"86","sqcand":"40000862288","n":"77777","nm":"TITO DO MAMIRAUA","cc":"SOLIDARIEDADE","nv":" ","e":"n","st":"N\u00e3o eleito","dvt":"V\u00e1lido","vap":"47","pvap":"   0,52"},{"seq":"100","sqcand":"40000862286","n":"77789","nm":"VANDY","cc":"SOLIDARIEDADE","nv":" ","e":"n","st":"N\u00e3o eleito","dvt":"V\u00e1lido","vap":"12","pvap":"   0,13"},{"seq":"97","sqcand":"40001040690","n":"15000","nm":"NONATO GAMA","cc":"MDB","nv":" ","e":"n","st":"N\u00e3o eleito","dvt":"V\u00e1lido","vap":"20","pvap":"   0,22"},{"seq":"113","sqcand":"40000861895","n":"25743","nm":"ROSMELIDIA CRUZ","cc":"DEM","nv":" ","e":"n","st":"N\u00e3o eleito","dvt":"V\u00e1lido","vap":"0","pvap":"00.00"},{"seq":"27","sqcand":"40000943736","n":"20123","nm":"ISAIAS MIRANHA","cc":"PSC","nv":" ","e":"n","st":"Suplente","dvt":"V\u00e1lido","vap":"125","pvap":"   1,40"},{"seq":"44","sqcand":"40000860343","n":"10345","nm":"MARIVAL LAMPI\u00c3O","cc":"REPUBLICANOS","nv":" ","e":"n","st":"Suplente","dvt":"V\u00e1lido","vap":"53","pvap":"   0,59"},{"seq":"87","sqcand":"40001113251","n":"23333","nm":"IRM\u00c3O ALEX","cc":"CIDADANIA","nv":" ","e":"n","st":"N\u00e3o eleito","dvt":"V\u00e1lido","vap":"46","pvap":"   0,51"},{"seq":"15","sqcand":"40000943732","n":"20444","nm":"LOB\u00c3O","cc":"PSC","nv":" ","e":"n","st":"Suplente","dvt":"V\u00e1lido","vap":"175","pvap":"   1,95"},{"seq":"98","sqcand":"40001040691","n":"15111","nm":"JORGE LOCUTOR","cc":"MDB","nv":" ","e":"n","st":"N\u00e3o eleito","dvt":"V\u00e1lido","vap":"14","pvap":"   0,16"},{"seq":"118","sqcand":"40000861899","n":"25456","nm":"VANESSA","cc":"DEM","nv":" ","e":"n","st":"N\u00e3o eleito","dvt":"V\u00e1lido","vap":"0","pvap":"00.00"},{"seq":"28","sqcand":"40001042066","n":"45777","nm":"NATALICIO","cc":"PSDB","nv":" ","e":"n","st":"Suplente","dvt":"V\u00e1lido","vap":"120","pvap":"   1,34"},{"seq":"115","sqcand":"40000861897","n":"25001","nm":"RUSSIETE","cc":"DEM","nv":" ","e":"n","st":"N\u00e3o eleito","dvt":"V\u00e1lido","vap":"0","pvap":"00.00"},{"seq":"21","sqcand":"40001042060","n":"45444","nm":"JOAQUIM DO CABURINI","cc":"PSDB","nv":" ","e":"n","st":"Suplente","dvt":"V\u00e1lido","vap":"142","pvap":"   1,59"},{"seq":"2","sqcand":"40000949045","n":"55777","nm":"GETULIO GUIMAR\u00c3ES","cc":"PSD","nv":" ","e":"s","st":"Eleito","dvt":"V\u00e1lido","vap":"292","pvap":"   3,26"},{"seq":"57","sqcand":"40000860344","n":"10444","nm":"PAULO PACHECO","cc":"REPUBLICANOS","nv":" ","e":"n","st":"Suplente","dvt":"V\u00e1lido","vap":"14","pvap":"   0,16"},{"seq":"41","sqcand":"40000949041","n":"55234","nm":"EDINEUDO MEIRELES","cc":"PSD","nv":" ","e":"n","st":"Suplente","dvt":"V\u00e1lido","vap":"56","pvap":"   0,63"},{"seq":"108","sqcand":"40001113249","n":"23222","nm":"ANDREZA","cc":"CIDADANIA","nv":" ","e":"n","st":"N\u00e3o eleito","dvt":"V\u00e1lido","vap":"1","pvap":"   0,01"},{"seq":"72","sqcand":"40000860911","n":"14333","nm":"PROF. NILCE NEVES","cc":"PTB","nv":" ","e":"n","st":"Suplente","dvt":"V\u00e1lido","vap":"0","pvap":"00.00"},{"seq":"58","sqcand":"40001039942","n":"11234","nm":"S\u00d3CRATES","cc":"PP","nv":" ","e":"n","st":"Suplente","dvt":"V\u00e1lido","vap":"12","pvap":"   0,13"},{"seq":"93","sqcand":"40001113252","n":"23123","nm":"ZEZINHO DO MIRITI","cc":"CIDADANIA","nv":" ","e":"n","st":"N\u00e3o eleito","dvt":"V\u00e1lido","vap":"33","pvap":"   0,37"},{"seq":"11","sqcand":"40000943730","n":"20567","nm":"LINDOMAR","cc":"PSC","nv":" ","e":"n","st":"Suplente","dvt":"V\u00e1lido","vap":"213","pvap":"   2,38"},{"seq":"75","sqcand":"40000861524","n":"17222","nm":"PASTOR JO\u00c3O AUGUSTO","cc":"PSL","nv":" ","e":"n","st":"N\u00e3o eleito","dvt":"V\u00e1lido","vap":"120","pvap":"   1,34"},{"seq":"62","sqcand":"40001039944","n":"11580","nm":"BRANCA DO BA\u00da","cc":"PP","nv":" ","e":"n","st":"Suplente","dvt":"V\u00e1lido","vap":"11","pvap":"   0,12"},{"seq":"90","sqcand":"40000862287","n":"77456","nm":"MANOEL PAUZINHO","cc":"SOLIDARIEDADE","nv":" ","e":"n","st":"N\u00e3o eleito","dvt":"V\u00e1lido","vap":"36","pvap":"   0,40"},{"seq":"38","sqcand":"40001042061","n":"45123","nm":"DR WALDENEI","cc":"PSDB","nv":" ","e":"n","st":"Suplente","dvt":"V\u00e1lido","vap":"70","pvap":"   0,78"},{"seq":"105","sqcand":"40000862289","n":"77222","nm":"NELCY","cc":"SOLIDARIEDADE","nv":" ","e":"n","st":"N\u00e3o eleito","dvt":"V\u00e1lido","vap":"6","pvap":"   0,07"},{"seq":"53","sqcand":"40001042062","n":"45567","nm":"SARR\u00c3O","cc":"PSDB","nv":" ","e":"n","st":"Suplente","dvt":"V\u00e1lido","vap":"28","pvap":"   0,31"},{"seq":"5","sqcand":"40000949051","n":"55444","nm":"PROFESSOR VALDINEI","cc":"PSD","nv":" ","e":"s","st":"Eleito","dvt":"V\u00e1lido","vap":"230","pvap":"   2,57"},{"seq":"54","sqcand":"40000949049","n":"55999","nm":"DELCINEIDE GOMES","cc":"PSD","nv":" ","e":"n","st":"Suplente","dvt":"V\u00e1lido","vap":"25","pvap":"   0,28"},{"seq":"12","sqcand":"40000860910","n":"14000","nm":"PIRICO","cc":"PTB","nv":" ","e":"n","st":"Suplente","dvt":"V\u00e1lido","vap":"203","pvap":"   2,27"},{"seq":"73","sqcand":"40001039940","n":"11222","nm":"BAB\u00c1 BRITO","cc":"PP","nv":" ","e":"n","st":"Suplente","dvt":"V\u00e1lido","vap":"0","pvap":"00.00"},{"seq":"49","sqcand":"40000860337","n":"10007","nm":"NAYANDRA","cc":"REPUBLICANOS","nv":" ","e":"n","st":"Suplente","dvt":"V\u00e1lido","vap":"43","pvap":"   0,48"},{"seq":"67","sqcand":"40000860908","n":"14789","nm":"MARIA DOS REIS","cc":"PTB","nv":" ","e":"n","st":"Suplente","dvt":"V\u00e1lido","vap":"6","pvap":"   0,07"},{"seq":"32","sqcand":"40000860339","n":"10111","nm":"PROFESSOR BAR\u00c3O","cc":"REPUBLICANOS","nv":" ","e":"n","st":"Suplente","dvt":"V\u00e1lido","vap":"96","pvap":"   1,07"},{"seq":"112","sqcand":"40001271580","n":"23000","nm":"ELIZANGELA CARDENES","cc":"CIDADANIA","nv":" ","e":"n","st":"N\u00e3o eleito","dvt":"V\u00e1lido","vap":"0","pvap":"00.00"},{"seq":"25","sqcand":"40000943731","n":"20999","nm":"DONA NECA","cc":"PSC","nv":" ","e":"n","st":"Suplente","dvt":"V\u00e1lido","vap":"127","pvap":"   1,42"},{"seq":"9","sqcand":"40001042057","n":"45677","nm":"PROFA MONICA","cc":"PSDB","nv":" ","e":"s","st":"Eleito","dvt":"V\u00e1lido","vap":"187","pvap":"   2,09"},{"seq":"95","sqcand":"40000861900","n":"25444","nm":"AUGUSTO LARANJAL","cc":"DEM","nv":" ","e":"n","st":"N\u00e3o eleito","dvt":"V\u00e1lido","vap":"28","pvap":"   0,31"},{"seq":"17","sqcand":"40000949040","n":"55111","nm":"ARIM\u00c3","cc":"PSD","nv":" ","e":"n","st":"Suplente","dvt":"V\u00e1lido","vap":"165","pvap":"   1,84"},{"seq":"74","sqcand":"40001039939","n":"11456","nm":"HISLEI","cc":"PP","nv":" ","e":"n","st":"Suplente","dvt":"V\u00e1lido","vap":"0","pvap":"00.00"},{"seq":"114","sqcand":"40001264780","n":"17700","nm":"FATIMA ","cc":"PSL","nv":" ","e":"n","st":"N\u00e3o eleito","dvt":"V\u00e1lido","vap":"0","pvap":"00.00"},{"seq":"1","sqcand":"40000860917","n":"14444","nm":"BEIJA - FLOR","cc":"PTB","nv":" ","e":"s","st":"Eleito","dvt":"V\u00e1lido","vap":"383","pvap":"   4,28"},{"seq":"110","sqcand":"40001040694","n":"15789","nm":"ORCIVAN","cc":"MDB","nv":" ","e":"n","st":"N\u00e3o eleito","dvt":"Anulado sub judice","vap":"0","pvap":"00.00"},{"seq":"102","sqcand":"40001040697","n":"15456","nm":"GAGUINHA","cc":"MDB","nv":" ","e":"n","st":"N\u00e3o eleito","dvt":"V\u00e1lido","vap":"10","pvap":"   0,11"},{"seq":"81","sqcand":"40000861525","n":"17777","nm":"ILCE","cc":"PSL","nv":" ","e":"n","st":"N\u00e3o eleito","dvt":"V\u00e1lido","vap":"76","pvap":"   0,85"},{"seq":"107","sqcand":"40001264785","n":"77343","nm":"BIANCA","cc":"SOLIDARIEDADE","nv":" ","e":"n","st":"N\u00e3o eleito","dvt":"V\u00e1lido","vap":"2","pvap":"   0,02"},{"seq":"106","sqcand":"40001113250","n":"23777","nm":"DOUTOR DO BAUANA","cc":"CIDADANIA","nv":" ","e":"n","st":"N\u00e3o eleito","dvt":"V\u00e1lido","vap":"2","pvap":"   0,02"},{"seq":"29","sqcand":"40000860349","n":"10789","nm":"MAGILDO UCHOA","cc":"REPUBLICANOS","nv":" ","e":"n","st":"Suplente","dvt":"V\u00e1lido","vap":"106","pvap":"   1,18"},{"seq":"88","sqcand":"40000861527","n":"17111","nm":"REN\u00ca","cc":"PSL","nv":" ","e":"n","st":"N\u00e3o eleito","dvt":"V\u00e1lido","vap":"46","pvap":"   0,51"},{"seq":"45","sqcand":"40000943735","n":"20222","nm":"M\u00c1RCIA DIAS","cc":"PSC","nv":" ","e":"n","st":"Suplente","dvt":"V\u00e1lido","vap":"52","pvap":"   0,58"},{"seq":"64","sqcand":"40000860915","n":"14888","nm":"VANESSA AUGUSTA","cc":"PTB","nv":" ","e":"n","st":"Suplente","dvt":"V\u00e1lido","vap":"10","pvap":"   0,11"},{"seq":"51","sqcand":"40000860914","n":"14111","nm":"VALDA","cc":"PTB","nv":" ","e":"n","st":"Suplente","dvt":"V\u00e1lido","vap":"37","pvap":"   0,41"},{"seq":"56","sqcand":"40000949052","n":"55666","nm":"CHIQUINHO DO PESCADOR","cc":"PSD","nv":" ","e":"n","st":"Suplente","dvt":"V\u00e1lido","vap":"19","pvap":"   0,21"},{"seq":"37","sqcand":"40000949042","n":"55888","nm":"ADRIELE","cc":"PSD","nv":" ","e":"n","st":"Suplente","dvt":"V\u00e1lido","vap":"84","pvap":"   0,94"},{"seq":"26","sqcand":"40000860913","n":"14222","nm":"SILVIO ELETRECISTA","cc":"PTB","nv":" ","e":"n","st":"Suplente","dvt":"V\u00e1lido","vap":"125","pvap":"   1,40"},{"seq":"80","sqcand":"40001040692","n":"15123","nm":"DANIEL BANUH","cc":"MDB","nv":" ","e":"n","st":"N\u00e3o eleito","dvt":"V\u00e1lido","vap":"79","pvap":"   0,88"},{"seq":"71","sqcand":"40001042067","n":"45044","nm":"ENFERMEIRA FLAVIA","cc":"PSDB","nv":" ","e":"n","st":"Suplente","dvt":"V\u00e1lido","vap":"1","pvap":"   0,01"},{"seq":"77","sqcand":"40000861529","n":"17123","nm":"PASTOR JO\u00c3O SORIANO","cc":"PSL","nv":" ","e":"n","st":"N\u00e3o eleito","dvt":"V\u00e1lido","vap":"103","pvap":"   1,15"},{"seq":"8","sqcand":"40001039941","n":"11111","nm":"ORLANDINHO","cc":"PP","nv":" ","e":"s","st":"Eleito","dvt":"V\u00e1lido","vap":"225","pvap":"   2,51"},{"seq":"34","sqcand":"40000949047","n":"55000","nm":"CHICO BABILONIA","cc":"PSD","nv":" ","e":"n","st":"Suplente","dvt":"V\u00e1lido","vap":"91","pvap":"   1,02"},{"seq":"19","sqcand":"40000860341","n":"10222","nm":"ROZE MARAJAI","cc":"REPUBLICANOS","nv":" ","e":"n","st":"Suplente","dvt":"V\u00e1lido","vap":"156","pvap":"   1,74"},{"seq":"111","sqcand":"40001039935","n":"11478","nm":"DR EDWIN","cc":"PP","nv":" ","e":"n","st":"N\u00e3o eleito","dvt":"Anulado sub judice","vap":"0","pvap":"00.00"},{"seq":"84","sqcand":"40000860909","n":"14999","nm":"ABRAHIN","cc":"PTB","nv":" ","e":"n","st":"N\u00e3o eleito","dvt":"Anulado sub judice","vap":"58","pvap":"   0,65"},{"seq":"68","sqcand":"40001039945","n":"11444","nm":"RANNA","cc":"PP","nv":" ","e":"n","st":"Suplente","dvt":"V\u00e1lido","vap":"5","pvap":"   0,06"},{"seq":"23","sqcand":"40000949050","n":"55123","nm":"FRAN NINA BELLA","cc":"PSD","nv":" ","e":"n","st":"Suplente","dvt":"V\u00e1lido","vap":"133","pvap":"   1,48"},{"seq":"4","sqcand":"40000860348","n":"10333","nm":"SINEY TAXI","cc":"REPUBLICANOS","nv":" ","e":"s","st":"Eleito","dvt":"V\u00e1lido","vap":"232","pvap":"   2,59"},{"seq":"46","sqcand":"40001042064","n":"45333","nm":"ALAN","cc":"PSDB","nv":" ","e":"n","st":"Suplente","dvt":"V\u00e1lido","vap":"50","pvap":"   0,56"},{"seq":"59","sqcand":"40000949043","n":"55222","nm":"NAZARE CASTRO","cc":"PSD","nv":" ","e":"n","st":"Suplente","dvt":"V\u00e1lido","vap":"12","pvap":"   0,13"},{"seq":"16","sqcand":"40000860350","n":"10777","nm":"OZEIAS DO CURUMITA","cc":"REPUBLICANOS","nv":" ","e":"n","st":"Suplente","dvt":"V\u00e1lido","vap":"172","pvap":"   1,92"},{"seq":"117","sqcand":"40000861905","n":"25888","nm":"CLAUDIMAR","cc":"DEM","nv":" ","e":"n","st":"N\u00e3o eleito","dvt":"V\u00e1lido","vap":"0","pvap":"00.00"},{"seq":"36","sqcand":"40000860345","n":"10315","nm":"JAIR DO MARAJAI","cc":"REPUBLICANOS","nv":" ","e":"n","st":"Suplente","dvt":"V\u00e1lido","vap":"86","pvap":"   0,96"},{"seq":"13","sqcand":"40000949044","n":"55333","nm":"AMILTON","cc":"PSD","nv":" ","e":"n","st":"Suplente","dvt":"V\u00e1lido","vap":"192","pvap":"   2,14"},{"seq":"94","sqcand":"40001113248","n":"23111","nm":"ALDENEI MUCURA","cc":"CIDADANIA","nv":" ","e":"n","st":"N\u00e3o eleito","dvt":"V\u00e1lido","vap":"31","pvap":"   0,35"},{"seq":"66","sqcand":"40000943725","n":"20888","nm":"GABY FERREIRA","cc":"PSC","nv":" ","e":"n","st":"Suplente","dvt":"V\u00e1lido","vap":"7","pvap":"   0,08"},{"seq":"89","sqcand":"40000861898","n":"25555","nm":"ELATIEL","cc":"DEM","nv":" ","e":"n","st":"N\u00e3o eleito","dvt":"V\u00e1lido","vap":"44","pvap":"   0,49"},{"seq":"69","sqcand":"40000943733","n":"20002","nm":"DENIZE","cc":"PSC","nv":" ","e":"n","st":"Suplente","dvt":"V\u00e1lido","vap":"4","pvap":"   0,04"},{"seq":"91","sqcand":"40001040696","n":"15555","nm":"ROSILDO","cc":"MDB","nv":" ","e":"n","st":"N\u00e3o eleito","dvt":"V\u00e1lido","vap":"36","pvap":"   0,40"},{"seq":"96","sqcand":"40000861901","n":"25333","nm":"ALBERCI DO LARANJAL","cc":"DEM","nv":" ","e":"n","st":"N\u00e3o eleito","dvt":"V\u00e1lido","vap":"28","pvap":"   0,31"}]}
