{"ele":"426","tpabr":"mu","cdabr":"02917","carper":"13","t":"1","f":"o","dt":"15/11/2020","ht":"21:14:57","dv":"s","tf":"s","v":"9","esae":"n","mnae":"","s":"20","st":"20","pst":" 100,00","snt":"0","psnt":"   0,00","si":"20","psi":" 100,00","sni":"0","psni":"   0,00","sa":"20","psa":" 100,00","sna":"0","psna":"   0,00","e":"6432","ea":"6432","pea":" 100,00","ena":"0","pena":"   0,00","esi":"6432","pesi":" 100,00","esni":"0","pesni":"   0,00","c":"5559","pc":"  86,43","a":"873","pa":"  13,57","vscv":"0","vnom":"4926","vl":"360","pvnom":"  93,19","pvl":"   6,81","vvc":"5328","pvvc":"  95,84","vb":"36","pvb":"   0,65","tvn":"195","ptvn":"   3,51","vn":"195","pvn":" 100,00","vnt":"0","pvnt":"   0,00","vp":"0","pvp":"   0,00","vv":"5286","pvv":"  99,21","van":"0","pvan":"   0,00","vansj":"42","pvansj":"   0,79","tv":"5559","cand":[{"seq":"8","sqcand":"40000851980","n":"15122","nm":"ORLANDINO TORQUATO","cc":"MDB","nv":" ","e":"s","st":"Eleito","dvt":"V\u00e1lido","vap":"169","pvap":"   3,17"},{"seq":"58","sqcand":"40000934442","n":"43555","nm":"PAULO MEU JOVEM","cc":"PV","nv":" ","e":"n","st":"N\u00e3o eleito","dvt":"V\u00e1lido","vap":"60","pvap":"   1,13"},{"seq":"45","sqcand":"40001160828","n":"20455","nm":"JOSILANE ANDRADE","cc":"PSC","nv":" ","e":"n","st":"Suplente","dvt":"V\u00e1lido","vap":"5","pvap":"   0,09"},{"seq":"5","sqcand":"40001158971","n":"90111","nm":"DER\u00c1","cc":"PROS","nv":" ","e":"s","st":"Eleito","dvt":"V\u00e1lido","vap":"246","pvap":"   4,62"},{"seq":"73","sqcand":"40001104749","n":"10555","nm":"EVANILDO BAS\u00cdLIO","cc":"REPUBLICANOS","nv":" ","e":"n","st":"N\u00e3o eleito","dvt":"V\u00e1lido","vap":"11","pvap":"   0,21"},{"seq":"79","sqcand":"40000686967","n":"13222","nm":"JESUS CRUZ","cc":"PT","nv":" ","e":"n","st":"N\u00e3o eleito","dvt":"V\u00e1lido","vap":"5","pvap":"   0,09"},{"seq":"77","sqcand":"40000934441","n":"43456","nm":"CLEIDIANA SILVEIRA BRAGA","cc":"PV","nv":" ","e":"n","st":"N\u00e3o eleito","dvt":"V\u00e1lido","vap":"6","pvap":"   0,11"},{"seq":"13","sqcand":"40001119703","n":"14456","nm":"LACIEL ANDRADE","cc":"PTB","nv":" ","e":"n","st":"Suplente","dvt":"V\u00e1lido","vap":"124","pvap":"   2,33"},{"seq":"36","sqcand":"40001119707","n":"14789","nm":"ROCHINHA","cc":"PTB","nv":" ","e":"n","st":"Suplente","dvt":"V\u00e1lido","vap":"19","pvap":"   0,36"},{"seq":"7","sqcand":"40001119704","n":"14444","nm":"FRANCINEO AVELINO","cc":"PTB","nv":" ","e":"s","st":"Eleito","dvt":"V\u00e1lido","vap":"190","pvap":"   3,57"},{"seq":"80","sqcand":"40000892616","n":"19123","nm":"ANDRESSA TARGINO","cc":"PODE","nv":" ","e":"n","st":"N\u00e3o eleito","dvt":"V\u00e1lido","vap":"5","pvap":"   0,09"},{"seq":"76","sqcand":"40001160251","n":"70123","nm":"SHIRLEY GUIMARAES","cc":"AVANTE","nv":" ","e":"n","st":"N\u00e3o eleito","dvt":"V\u00e1lido","vap":"7","pvap":"   0,13"},{"seq":"29","sqcand":"40000851978","n":"15777","nm":"BRANCA","cc":"MDB","nv":" ","e":"n","st":"Suplente","dvt":"V\u00e1lido","vap":"28","pvap":"   0,53"},{"seq":"35","sqcand":"40001160821","n":"20444","nm":"ABIGAIL RODRIGUES","cc":"PSC","nv":" ","e":"n","st":"Suplente","dvt":"V\u00e1lido","vap":"20","pvap":"   0,38"},{"seq":"66","sqcand":"40001160261","n":"70666","nm":"EDMAR PEREIRA","cc":"AVANTE","nv":" ","e":"n","st":"N\u00e3o eleito","dvt":"V\u00e1lido","vap":"27","pvap":"   0,51"},{"seq":"74","sqcand":"40000934444","n":"43222","nm":"GENESE FIDELES","cc":"PV","nv":" ","e":"n","st":"N\u00e3o eleito","dvt":"V\u00e1lido","vap":"10","pvap":"   0,19"},{"seq":"54","sqcand":"40001160257","n":"70777","nm":"FRANKS PESSOA","cc":"AVANTE","nv":" ","e":"n","st":"N\u00e3o eleito","dvt":"V\u00e1lido","vap":"102","pvap":"   1,91"},{"seq":"67","sqcand":"40000686968","n":"13456","nm":"TEREZINHA FELIX","cc":"PT","nv":" ","e":"n","st":"N\u00e3o eleito","dvt":"V\u00e1lido","vap":"23","pvap":"   0,43"},{"seq":"52","sqcand":"40001104748","n":"10123","nm":"AMADEU JACAUNA","cc":"REPUBLICANOS","nv":" ","e":"n","st":"N\u00e3o eleito","dvt":"V\u00e1lido","vap":"140","pvap":"   2,63"},{"seq":"19","sqcand":"40001160831","n":"20123","nm":"RUIMAR ARAUJO","cc":"PSC","nv":" ","e":"n","st":"Suplente","dvt":"V\u00e1lido","vap":"58","pvap":"   1,09"},{"seq":"87","sqcand":"40001160255","n":"70225","nm":"SIMIAO ESMERINDO ","cc":"AVANTE","nv":" ","e":"n","st":"N\u00e3o eleito","dvt":"V\u00e1lido","vap":"0","pvap":"00.00"},{"seq":"64","sqcand":"40001158972","n":"90238","nm":"PROF\u00aa. MICHELLE COBOS","cc":"PROS","nv":" ","e":"n","st":"N\u00e3o eleito","dvt":"Anulado sub judice","vap":"39","pvap":"   0,73"},{"seq":"34","sqcand":"40000851972","n":"15123","nm":"NUBIA FRANCO","cc":"MDB","nv":" ","e":"n","st":"Suplente","dvt":"V\u00e1lido","vap":"22","pvap":"   0,41"},{"seq":"14","sqcand":"40001116342","n":"11234","nm":"GALINHO","cc":"PP","nv":" ","e":"n","st":"Suplente","dvt":"V\u00e1lido","vap":"116","pvap":"   2,18"},{"seq":"85","sqcand":"40001104752","n":"10777","nm":"ORLANDINHO GAMBOA","cc":"REPUBLICANOS","nv":" ","e":"n","st":"N\u00e3o eleito","dvt":"V\u00e1lido","vap":"1","pvap":"   0,02"},{"seq":"81","sqcand":"40001160252","n":"70235","nm":"OZANITA","cc":"AVANTE","nv":" ","e":"n","st":"N\u00e3o eleito","dvt":"V\u00e1lido","vap":"4","pvap":"   0,08"},{"seq":"50","sqcand":"40001119698","n":"14111","nm":"LEIDE RUBEM","cc":"PTB","nv":" ","e":"n","st":"Suplente","dvt":"V\u00e1lido","vap":"1","pvap":"   0,02"},{"seq":"83","sqcand":"40001160250","n":"70000","nm":"CLAUDETE","cc":"AVANTE","nv":" ","e":"n","st":"N\u00e3o eleito","dvt":"V\u00e1lido","vap":"3","pvap":"   0,06"},{"seq":"60","sqcand":"40000934440","n":"43333","nm":"VALDECY SALDANHA","cc":"PV","nv":" ","e":"n","st":"N\u00e3o eleito","dvt":"V\u00e1lido","vap":"48","pvap":"   0,90"},{"seq":"21","sqcand":"40001160820","n":"20789","nm":"JEFIT\u00c1 RUBEM","cc":"PSC","nv":" ","e":"n","st":"Suplente","dvt":"V\u00e1lido","vap":"42","pvap":"   0,79"},{"seq":"65","sqcand":"40000776694","n":"23789","nm":"CHICO PORRONCA","cc":"CIDADANIA","nv":" ","e":"n","st":"N\u00e3o eleito","dvt":"V\u00e1lido","vap":"31","pvap":"   0,58"},{"seq":"17","sqcand":"40001119701","n":"14999","nm":"BORIS DA SILVA SIM\u00c3O","cc":"PTB","nv":" ","e":"n","st":"Suplente","dvt":"V\u00e1lido","vap":"67","pvap":"   1,26"},{"seq":"18","sqcand":"40001158969","n":"90666","nm":"LEOMAR SIM\u00c3O","cc":"PROS","nv":" ","e":"n","st":"Suplente","dvt":"V\u00e1lido","vap":"61","pvap":"   1,14"},{"seq":"55","sqcand":"40000776693","n":"23456","nm":"CRISTOVAO SIQUEIRA","cc":"CIDADANIA","nv":" ","e":"n","st":"N\u00e3o eleito","dvt":"V\u00e1lido","vap":"77","pvap":"   1,45"},{"seq":"24","sqcand":"40001160825","n":"20019","nm":"CRISTIAN JACAUNA","cc":"PSC","nv":" ","e":"n","st":"Suplente","dvt":"V\u00e1lido","vap":"39","pvap":"   0,73"},{"seq":"33","sqcand":"40001160830","n":"20273","nm":"ROG\u00c9RIO PACHECO","cc":"PSC","nv":" ","e":"n","st":"Suplente","dvt":"V\u00e1lido","vap":"22","pvap":"   0,41"},{"seq":"9","sqcand":"40001160827","n":"20233","nm":"JOISE  PEREIRA","cc":"PSC","nv":" ","e":"s","st":"Eleito","dvt":"V\u00e1lido","vap":"145","pvap":"   2,72"},{"seq":"82","sqcand":"40000892617","n":"19999","nm":"MARQUINHO PECOR\u00c9","cc":"PODE","nv":" ","e":"n","st":"N\u00e3o eleito","dvt":"Anulado sub judice","vap":"3","pvap":"   0,06"},{"seq":"31","sqcand":"40001158976","n":"90234","nm":"LACY","cc":"PROS","nv":" ","e":"n","st":"Suplente","dvt":"V\u00e1lido","vap":"24","pvap":"   0,45"},{"seq":"84","sqcand":"40001159909","n":"45456","nm":"CLAUDIANE","cc":"PSDB","nv":" ","e":"n","st":"N\u00e3o eleito","dvt":"V\u00e1lido","vap":"2","pvap":"   0,04"},{"seq":"69","sqcand":"40000776692","n":"23147","nm":"ROSIMAR DOS SANTOS","cc":"CIDADANIA","nv":" ","e":"n","st":"N\u00e3o eleito","dvt":"V\u00e1lido","vap":"14","pvap":"   0,26"},{"seq":"11","sqcand":"40001160829","n":"20999","nm":"JOCA","cc":"PSC","nv":" ","e":"n","st":"Suplente","dvt":"V\u00e1lido","vap":"143","pvap":"   2,68"},{"seq":"3","sqcand":"40001158964","n":"90123","nm":"JONAS Z\u00c9UFRASIO","cc":"PROS","nv":" ","e":"s","st":"Eleito","dvt":"V\u00e1lido","vap":"277","pvap":"   5,20"},{"seq":"32","sqcand":"40001158968","n":"90222","nm":"PROF&#186;. FRANNCISCO ANDRADE","cc":"PROS","nv":" ","e":"n","st":"Suplente","dvt":"V\u00e1lido","vap":"23","pvap":"   0,43"},{"seq":"38","sqcand":"40001116341","n":"11456","nm":"ROSA LEANDRO","cc":"PP","nv":" ","e":"n","st":"Suplente","dvt":"V\u00e1lido","vap":"16","pvap":"   0,30"},{"seq":"23","sqcand":"40000851979","n":"15444","nm":"RENATINHA GUERREIRA","cc":"MDB","nv":" ","e":"n","st":"Suplente","dvt":"V\u00e1lido","vap":"41","pvap":"   0,77"},{"seq":"46","sqcand":"40001158965","n":"90000","nm":"SANTOS","cc":"PROS","nv":" ","e":"n","st":"Suplente","dvt":"V\u00e1lido","vap":"4","pvap":"   0,08"},{"seq":"25","sqcand":"40001158966","n":"90888","nm":"DOMINGOS","cc":"PROS","nv":" ","e":"n","st":"Suplente","dvt":"V\u00e1lido","vap":"31","pvap":"   0,58"},{"seq":"62","sqcand":"40001160258","n":"70122","nm":"ALEX CARVALHO","cc":"AVANTE","nv":" ","e":"n","st":"N\u00e3o eleito","dvt":"V\u00e1lido","vap":"44","pvap":"   0,83"},{"seq":"72","sqcand":"40001160254","n":"70555","nm":"JURANDIR","cc":"AVANTE","nv":" ","e":"n","st":"N\u00e3o eleito","dvt":"V\u00e1lido","vap":"11","pvap":"   0,21"},{"seq":"51","sqcand":"40001158973","n":"90678","nm":"GRACIANA","cc":"PROS","nv":" ","e":"n","st":"Suplente","dvt":"V\u00e1lido","vap":"0","pvap":"00.00"},{"seq":"78","sqcand":"40001160259","n":"70333","nm":"JO\u00c3O FRANCISCO","cc":"AVANTE","nv":" ","e":"n","st":"N\u00e3o eleito","dvt":"V\u00e1lido","vap":"5","pvap":"   0,09"},{"seq":"6","sqcand":"40000851975","n":"15000","nm":"LASMAR","cc":"MDB","nv":" ","e":"s","st":"Eleito","dvt":"V\u00e1lido","vap":"245","pvap":"   4,60"},{"seq":"68","sqcand":"40000895519","n":"77123","nm":"GILCE MELO","cc":"SOLIDARIEDADE","nv":" ","e":"n","st":"N\u00e3o eleito","dvt":"V\u00e1lido","vap":"20","pvap":"   0,38"},{"seq":"15","sqcand":"40001160826","n":"20112","nm":"FLAVIANO ESTEV\u00c3O","cc":"PSC","nv":" ","e":"n","st":"Suplente","dvt":"V\u00e1lido","vap":"103","pvap":"   1,93"},{"seq":"61","sqcand":"40001160260","n":"70222","nm":"MALAQUIAS GERALDO","cc":"AVANTE","nv":" ","e":"n","st":"N\u00e3o eleito","dvt":"V\u00e1lido","vap":"44","pvap":"   0,83"},{"seq":"59","sqcand":"40000895520","n":"77456","nm":"EDIVANI GOMES","cc":"SOLIDARIEDADE","nv":" ","e":"n","st":"N\u00e3o eleito","dvt":"V\u00e1lido","vap":"57","pvap":"   1,07"},{"seq":"27","sqcand":"40001119706","n":"14777","nm":"CLODOALDO RAMIRES","cc":"PTB","nv":" ","e":"n","st":"Suplente","dvt":"V\u00e1lido","vap":"30","pvap":"   0,56"},{"seq":"4","sqcand":"40000851973","n":"15155","nm":"CARLOS PESSOA","cc":"MDB","nv":" ","e":"s","st":"Eleito","dvt":"V\u00e1lido","vap":"256","pvap":"   4,80"},{"seq":"12","sqcand":"40001116343","n":"11235","nm":"MAFRINHA","cc":"PP","nv":" ","e":"n","st":"Suplente","dvt":"V\u00e1lido","vap":"132","pvap":"   2,48"},{"seq":"86","sqcand":"40000776695","n":"23455","nm":"ADALBERTO TICUNA","cc":"CIDADANIA","nv":" ","e":"n","st":"N\u00e3o eleito","dvt":"V\u00e1lido","vap":"0","pvap":"00.00"},{"seq":"2","sqcand":"40001116339","n":"11369","nm":"BRAZ AREVALO","cc":"PP","nv":" ","e":"s","st":"Eleito","dvt":"V\u00e1lido","vap":"306","pvap":"   5,74"},{"seq":"44","sqcand":"40001116344","n":"11111","nm":"CHRISTIAN DO GUARANY","cc":"PP","nv":" ","e":"n","st":"Suplente","dvt":"V\u00e1lido","vap":"7","pvap":"   0,13"},{"seq":"48","sqcand":"40001119699","n":"14555","nm":"ELAINE VINHARES","cc":"PTB","nv":" ","e":"n","st":"Suplente","dvt":"V\u00e1lido","vap":"2","pvap":"   0,04"},{"seq":"56","sqcand":"40000776696","n":"23123","nm":"PROFESSOR EVILAZIO RUBENS","cc":"CIDADANIA","nv":" ","e":"n","st":"N\u00e3o eleito","dvt":"V\u00e1lido","vap":"72","pvap":"   1,35"},{"seq":"16","sqcand":"40000851971","n":"15111","nm":"EDMAR FRANCO","cc":"MDB","nv":" ","e":"n","st":"Suplente","dvt":"V\u00e1lido","vap":"80","pvap":"   1,50"},{"seq":"37","sqcand":"40001119705","n":"14123","nm":"GRASIELLE RAMOS","cc":"PTB","nv":" ","e":"n","st":"Suplente","dvt":"V\u00e1lido","vap":"19","pvap":"   0,36"},{"seq":"39","sqcand":"40001160824","n":"20222","nm":"ADAIR FAUSTINO","cc":"PSC","nv":" ","e":"n","st":"Suplente","dvt":"V\u00e1lido","vap":"15","pvap":"   0,28"},{"seq":"26","sqcand":"40000851977","n":"15999","nm":"TEREZA MONTEIRO","cc":"MDB","nv":" ","e":"n","st":"Suplente","dvt":"V\u00e1lido","vap":"30","pvap":"   0,56"},{"seq":"88","sqcand":"40001160256","n":"70999","nm":"PEDRO MARIANO","cc":"AVANTE","nv":" ","e":"n","st":"N\u00e3o eleito","dvt":"V\u00e1lido","vap":"0","pvap":"00.00"},{"seq":"53","sqcand":"40000895518","n":"77333","nm":"VALDE MOTOTAXI","cc":"SOLIDARIEDADE","nv":" ","e":"n","st":"N\u00e3o eleito","dvt":"V\u00e1lido","vap":"128","pvap":"   2,40"},{"seq":"10","sqcand":"40000851976","n":"15555","nm":"PAULINHO","cc":"MDB","nv":" ","e":"n","st":"Suplente","dvt":"V\u00e1lido","vap":"143","pvap":"   2,68"},{"seq":"20","sqcand":"40001158975","n":"90333","nm":"NEGUINHO PAPAGAIO","cc":"PROS","nv":" ","e":"n","st":"Suplente","dvt":"V\u00e1lido","vap":"52","pvap":"   0,98"},{"seq":"30","sqcand":"40001160819","n":"20333","nm":"RONNIE VON MORAIS","cc":"PSC","nv":" ","e":"n","st":"Suplente","dvt":"V\u00e1lido","vap":"28","pvap":"   0,53"},{"seq":"22","sqcand":"40001116345","n":"11777","nm":"NEIA","cc":"PP","nv":" ","e":"n","st":"Suplente","dvt":"V\u00e1lido","vap":"42","pvap":"   0,79"},{"seq":"75","sqcand":"40001104750","n":"10222","nm":"SILVIANA LOREN\u00c7O","cc":"REPUBLICANOS","nv":" ","e":"n","st":"N\u00e3o eleito","dvt":"V\u00e1lido","vap":"9","pvap":"   0,17"},{"seq":"40","sqcand":"40001160823","n":"20555","nm":"MALAQUIAS RIBEIRO","cc":"PSC","nv":" ","e":"n","st":"Suplente","dvt":"V\u00e1lido","vap":"13","pvap":"   0,24"},{"seq":"41","sqcand":"40001119702","n":"14000","nm":"JUNIOR RABELO","cc":"PTB","nv":" ","e":"n","st":"Suplente","dvt":"V\u00e1lido","vap":"10","pvap":"   0,19"},{"seq":"57","sqcand":"40000934443","n":"43123","nm":"ZILDA COCAMA","cc":"PV","nv":" ","e":"n","st":"N\u00e3o eleito","dvt":"V\u00e1lido","vap":"71","pvap":"   1,33"},{"seq":"42","sqcand":"40001160818","n":"20777","nm":"SONIA  BALIEIRO","cc":"PSC","nv":" ","e":"n","st":"Suplente","dvt":"V\u00e1lido","vap":"9","pvap":"   0,17"},{"seq":"1","sqcand":"40001158967","n":"90777","nm":"DIONIZIO FILHO","cc":"PROS","nv":" ","e":"s","st":"Eleito","dvt":"V\u00e1lido","vap":"327","pvap":"   6,14"},{"seq":"70","sqcand":"40001159908","n":"45555","nm":"QUEIROZ","cc":"PSDB","nv":" ","e":"n","st":"N\u00e3o eleito","dvt":"V\u00e1lido","vap":"14","pvap":"   0,26"},{"seq":"43","sqcand":"40001160822","n":"20456","nm":"AELIETE GOMES","cc":"PSC","nv":" ","e":"n","st":"Suplente","dvt":"V\u00e1lido","vap":"8","pvap":"   0,15"},{"seq":"28","sqcand":"40000851970","n":"15500","nm":"K\u00c1TIA FIGUEIREDO","cc":"MDB","nv":" ","e":"n","st":"Suplente","dvt":"V\u00e1lido","vap":"29","pvap":"   0,54"},{"seq":"71","sqcand":"40001159906","n":"45666","nm":"LUCICLENE BATISTA","cc":"PSDB","nv":" ","e":"n","st":"N\u00e3o eleito","dvt":"V\u00e1lido","vap":"14","pvap":"   0,26"},{"seq":"49","sqcand":"40001158974","n":"90100","nm":"WUTEPUUNA","cc":"PROS","nv":" ","e":"n","st":"Suplente","dvt":"V\u00e1lido","vap":"1","pvap":"   0,02"},{"seq":"63","sqcand":"40000892615","n":"19456","nm":"NILSON RAMOS","cc":"PODE","nv":" ","e":"n","st":"N\u00e3o eleito","dvt":"V\u00e1lido","vap":"39","pvap":"   0,73"},{"seq":"47","sqcand":"40001119700","n":"14222","nm":"ADECIO BERNARDO","cc":"PTB","nv":" ","e":"n","st":"Suplente","dvt":"V\u00e1lido","vap":"2","pvap":"   0,04"}]}
