{"ele":"426","tpabr":"mu","cdabr":"02933","carper":"13","t":"1","f":"o","dt":"15/11/2020","ht":"19:25:15","dv":"s","tf":"s","v":"9","esae":"n","mnae":"","s":"21","st":"21","pst":" 100,00","snt":"0","psnt":"   0,00","si":"21","psi":" 100,00","sni":"0","psni":"   0,00","sa":"21","psa":" 100,00","sna":"0","psna":"   0,00","e":"8098","ea":"8098","pea":" 100,00","ena":"0","pena":"   0,00","esi":"8098","pesi":" 100,00","esni":"0","pesni":"   0,00","c":"6776","pc":"  83,67","a":"1322","pa":"  16,33","vscv":"0","vnom":"6369","vl":"270","pvnom":"  95,93","pvl":"   4,07","vvc":"6639","pvvc":"  97,98","vb":"17","pvb":"   0,25","tvn":"120","ptvn":"   1,77","vn":"120","pvn":" 100,00","vnt":"0","pvnt":"   0,00","vp":"0","pvp":"   0,00","vv":"6639","pvv":" 100,00","van":"0","pvan":"   0,00","vansj":"0","pvansj":"   0,00","tv":"6776","cand":[{"seq":"38","sqcand":"40000862913","n":"20666","nm":"ROSA MUCURA","cc":"PSC","nv":" ","e":"n","st":"Suplente","dvt":"V\u00e1lido","vap":"9","pvap":"   0,14"},{"seq":"2","sqcand":"40000832045","n":"10000","nm":"ZEL","cc":"REPUBLICANOS","nv":" ","e":"s","st":"Eleito","dvt":"V\u00e1lido","vap":"451","pvap":"   6,79"},{"seq":"34","sqcand":"40000862916","n":"20222","nm":"MARLUCIO SILVA","cc":"PSC","nv":" ","e":"n","st":"Suplente","dvt":"V\u00e1lido","vap":"21","pvap":"   0,32"},{"seq":"29","sqcand":"40000658059","n":"19567","nm":"SEU VILMAR","cc":"PODE","nv":" ","e":"n","st":"Suplente","dvt":"V\u00e1lido","vap":"35","pvap":"   0,53"},{"seq":"10","sqcand":"40000832042","n":"10123","nm":"JUSCELINO BASTOS","cc":"REPUBLICANOS","nv":" ","e":"n","st":"Suplente","dvt":"V\u00e1lido","vap":"299","pvap":"   4,50"},{"seq":"55","sqcand":"40001078614","n":"51987","nm":"GENIVAN GUIMAR\u00c3ES","cc":"PATRIOTA","nv":" ","e":"n","st":"N\u00e3o eleito","dvt":"V\u00e1lido","vap":"5","pvap":"   0,08"},{"seq":"51","sqcand":"40001258184","n":"15222","nm":"AURIANE PINHEIRO","cc":"MDB","nv":" ","e":"n","st":"N\u00e3o eleito","dvt":"V\u00e1lido","vap":"16","pvap":"   0,24"},{"seq":"21","sqcand":"40000862915","n":"20444","nm":"SOCORRO DO REAL","cc":"PSC","nv":" ","e":"n","st":"Suplente","dvt":"V\u00e1lido","vap":"88","pvap":"   1,33"},{"seq":"35","sqcand":"40000862921","n":"20178","nm":"ENEIAS KOKAMA","cc":"PSC","nv":" ","e":"n","st":"Suplente","dvt":"V\u00e1lido","vap":"15","pvap":"   0,23"},{"seq":"52","sqcand":"40001230986","n":"15678","nm":"Z\u00c9  LUIS MADY SEIXAS","cc":"MDB","nv":" ","e":"n","st":"N\u00e3o eleito","dvt":"V\u00e1lido","vap":"12","pvap":"   0,18"},{"seq":"9","sqcand":"40000862920","n":"20456","nm":"SARQUIS BASTOS","cc":"PSC","nv":" ","e":"s","st":"Eleito","dvt":"V\u00e1lido","vap":"258","pvap":"   3,89"},{"seq":"40","sqcand":"40000706385","n":"11123","nm":"TIO RAFAEL","cc":"PP","nv":" ","e":"n","st":"Suplente","dvt":"V\u00e1lido","vap":"8","pvap":"   0,12"},{"seq":"48","sqcand":"40001258233","n":"15333","nm":"GEMERSON BARROSO","cc":"MDB","nv":" ","e":"n","st":"N\u00e3o eleito","dvt":"V\u00e1lido","vap":"25","pvap":"   0,38"},{"seq":"50","sqcand":"40001078616","n":"51234","nm":"JUNIOR BATISTA","cc":"PATRIOTA","nv":" ","e":"n","st":"N\u00e3o eleito","dvt":"V\u00e1lido","vap":"18","pvap":"   0,27"},{"seq":"39","sqcand":"40000658053","n":"19010","nm":"NILCI","cc":"PODE","nv":" ","e":"n","st":"Suplente","dvt":"V\u00e1lido","vap":"9","pvap":"   0,14"},{"seq":"37","sqcand":"40000658050","n":"19333","nm":"GESSICA ALMEIDA","cc":"PODE","nv":" ","e":"n","st":"Suplente","dvt":"V\u00e1lido","vap":"10","pvap":"   0,15"},{"seq":"18","sqcand":"40000706387","n":"11456","nm":"RAY GOMES","cc":"PP","nv":" ","e":"n","st":"Suplente","dvt":"V\u00e1lido","vap":"114","pvap":"   1,72"},{"seq":"20","sqcand":"40000706392","n":"11111","nm":"ANTONIO COELHO","cc":"PP","nv":" ","e":"n","st":"Suplente","dvt":"V\u00e1lido","vap":"90","pvap":"   1,36"},{"seq":"23","sqcand":"40000862914","n":"20789","nm":"JUNIOR LOPES","cc":"PSC","nv":" ","e":"n","st":"Suplente","dvt":"V\u00e1lido","vap":"87","pvap":"   1,31"},{"seq":"3","sqcand":"40000862917","n":"20123","nm":"JANE MENEZES","cc":"PSC","nv":" ","e":"s","st":"Eleito","dvt":"V\u00e1lido","vap":"425","pvap":"   6,40"},{"seq":"45","sqcand":"40001230985","n":"15123","nm":"DR. EDUARDO GUERRA","cc":"MDB","nv":" ","e":"n","st":"N\u00e3o eleito","dvt":"V\u00e1lido","vap":"65","pvap":"   0,98"},{"seq":"11","sqcand":"40000658056","n":"19555","nm":"NIC\u00d3","cc":"PODE","nv":" ","e":"n","st":"Suplente","dvt":"V\u00e1lido","vap":"236","pvap":"   3,55"},{"seq":"12","sqcand":"40000862919","n":"20147","nm":"FLAVIA BATALHA","cc":"PSC","nv":" ","e":"n","st":"Suplente","dvt":"V\u00e1lido","vap":"208","pvap":"   3,13"},{"seq":"31","sqcand":"40000832040","n":"10444","nm":"JORGE VERAS","cc":"REPUBLICANOS","nv":" ","e":"n","st":"Suplente","dvt":"V\u00e1lido","vap":"27","pvap":"   0,41"},{"seq":"7","sqcand":"40000832038","n":"10234","nm":"IVO NAZAR\u00c9","cc":"REPUBLICANOS","nv":" ","e":"s","st":"Eleito","dvt":"V\u00e1lido","vap":"321","pvap":"   4,84"},{"seq":"26","sqcand":"40000706384","n":"11444","nm":"ARLESSON","cc":"PP","nv":" ","e":"n","st":"Suplente","dvt":"V\u00e1lido","vap":"49","pvap":"   0,74"},{"seq":"8","sqcand":"40000658058","n":"19007","nm":"OCINDO","cc":"PODE","nv":" ","e":"s","st":"Eleito","dvt":"V\u00e1lido","vap":"298","pvap":"   4,49"},{"seq":"42","sqcand":"40000658057","n":"19222","nm":"LUANA GOMES","cc":"PODE","nv":" ","e":"n","st":"Suplente","dvt":"V\u00e1lido","vap":"4","pvap":"   0,06"},{"seq":"1","sqcand":"40000862912","n":"20555","nm":"ROGERIO VIANA","cc":"PSC","nv":" ","e":"s","st":"Eleito","dvt":"V\u00e1lido","vap":"690","pvap":"  10,39"},{"seq":"4","sqcand":"40000706388","n":"11606","nm":"BENEDITO BASTOS","cc":"PP","nv":" ","e":"s","st":"Eleito","dvt":"V\u00e1lido","vap":"360","pvap":"   5,42"},{"seq":"53","sqcand":"40001078613","n":"51256","nm":"NEIDE SANTOS","cc":"PATRIOTA","nv":" ","e":"n","st":"N\u00e3o eleito","dvt":"V\u00e1lido","vap":"8","pvap":"   0,12"},{"seq":"41","sqcand":"40000832041","n":"10111","nm":"TORRI CELY","cc":"REPUBLICANOS","nv":" ","e":"n","st":"Suplente","dvt":"V\u00e1lido","vap":"7","pvap":"   0,11"},{"seq":"44","sqcand":"40001230991","n":"15021","nm":"21","cc":"MDB","nv":" ","e":"n","st":"N\u00e3o eleito","dvt":"V\u00e1lido","vap":"179","pvap":"   2,70"},{"seq":"49","sqcand":"40001078611","n":"51933","nm":"KELLY MENDON\u00c7A","cc":"PATRIOTA","nv":" ","e":"n","st":"N\u00e3o eleito","dvt":"V\u00e1lido","vap":"24","pvap":"   0,36"},{"seq":"24","sqcand":"40000832043","n":"10777","nm":"JOCINETE BATALHA","cc":"REPUBLICANOS","nv":" ","e":"n","st":"Suplente","dvt":"V\u00e1lido","vap":"62","pvap":"   0,93"},{"seq":"16","sqcand":"40000658052","n":"19123","nm":"TOCO CORDEIRO","cc":"PODE","nv":" ","e":"n","st":"Suplente","dvt":"V\u00e1lido","vap":"122","pvap":"   1,84"},{"seq":"43","sqcand":"40000706391","n":"11223","nm":"CLEICIANE RITA","cc":"PP","nv":" ","e":"n","st":"Suplente","dvt":"V\u00e1lido","vap":"2","pvap":"   0,03"},{"seq":"30","sqcand":"40000832037","n":"10333","nm":"LUIZINHO","cc":"REPUBLICANOS","nv":" ","e":"n","st":"Suplente","dvt":"V\u00e1lido","vap":"32","pvap":"   0,48"},{"seq":"6","sqcand":"40000832036","n":"10999","nm":"JESSICA DA SILVA","cc":"REPUBLICANOS","nv":" ","e":"s","st":"Eleito","dvt":"V\u00e1lido","vap":"322","pvap":"   4,85"},{"seq":"28","sqcand":"40000862911","n":"20369","nm":"LAURO ROGA","cc":"PSC","nv":" ","e":"n","st":"Suplente","dvt":"V\u00e1lido","vap":"37","pvap":"   0,56"},{"seq":"19","sqcand":"40000706390","n":"11234","nm":"SEBASTI\u00c3O SAMPAIO","cc":"PP","nv":" ","e":"n","st":"Suplente","dvt":"V\u00e1lido","vap":"110","pvap":"   1,66"},{"seq":"32","sqcand":"40000658055","n":"19000","nm":"JUCELINO BARROSO","cc":"PODE","nv":" ","e":"n","st":"Suplente","dvt":"V\u00e1lido","vap":"25","pvap":"   0,38"},{"seq":"25","sqcand":"40000658051","n":"19456","nm":"JANDECO","cc":"PODE","nv":" ","e":"n","st":"Suplente","dvt":"V\u00e1lido","vap":"50","pvap":"   0,75"},{"seq":"22","sqcand":"40000658054","n":"19777","nm":"JANIO ROCHA","cc":"PODE","nv":" ","e":"n","st":"Suplente","dvt":"V\u00e1lido","vap":"87","pvap":"   1,31"},{"seq":"5","sqcand":"40000706386","n":"11777","nm":"MARIA DO PAULO","cc":"PP","nv":" ","e":"s","st":"Eleito","dvt":"V\u00e1lido","vap":"337","pvap":"   5,08"},{"seq":"33","sqcand":"40001264977","n":"10888","nm":"PRISCILA SILVA","cc":"REPUBLICANOS","nv":" ","e":"n","st":"Suplente","dvt":"V\u00e1lido","vap":"22","pvap":"   0,33"},{"seq":"47","sqcand":"40001258232","n":"15555","nm":"JOSE SOUZA / ARIXI","cc":"MDB","nv":" ","e":"n","st":"N\u00e3o eleito","dvt":"V\u00e1lido","vap":"38","pvap":"   0,57"},{"seq":"46","sqcand":"40001230989","n":"15234","nm":"WASHINGTON PRETINHO DO NILO","cc":"MDB","nv":" ","e":"n","st":"N\u00e3o eleito","dvt":"V\u00e1lido","vap":"51","pvap":"   0,77"},{"seq":"54","sqcand":"40001230990","n":"15444","nm":"LUANA BASTOS","cc":"MDB","nv":" ","e":"n","st":"N\u00e3o eleito","dvt":"V\u00e1lido","vap":"6","pvap":"   0,09"},{"seq":"14","sqcand":"40000832039","n":"10222","nm":"LEIDIANE NASCIMENTO","cc":"REPUBLICANOS","nv":" ","e":"n","st":"Suplente","dvt":"V\u00e1lido","vap":"135","pvap":"   2,03"},{"seq":"56","sqcand":"40001230987","n":"15789","nm":"NISE FARAH","cc":"MDB","nv":" ","e":"n","st":"N\u00e3o eleito","dvt":"V\u00e1lido","vap":"0","pvap":"00.00"},{"seq":"36","sqcand":"40000862910","n":"20469","nm":"AMANDA MEL","cc":"PSC","nv":" ","e":"n","st":"Suplente","dvt":"V\u00e1lido","vap":"14","pvap":"   0,21"},{"seq":"13","sqcand":"40000832035","n":"10555","nm":"MOISES ASSUN\u00c7\u00c3O","cc":"REPUBLICANOS","nv":" ","e":"n","st":"Suplente","dvt":"V\u00e1lido","vap":"159","pvap":"   2,39"},{"seq":"15","sqcand":"40000706389","n":"11333","nm":"VILSOMAR CABOR\u00c9","cc":"PP","nv":" ","e":"n","st":"Suplente","dvt":"V\u00e1lido","vap":"129","pvap":"   1,94"},{"seq":"27","sqcand":"40000832044","n":"10998","nm":"INACIO DO ALEXANDRE","cc":"REPUBLICANOS","nv":" ","e":"n","st":"Suplente","dvt":"V\u00e1lido","vap":"43","pvap":"   0,65"},{"seq":"17","sqcand":"40000862918","n":"20777","nm":"CESAR NEVES","cc":"PSC","nv":" ","e":"n","st":"Suplente","dvt":"V\u00e1lido","vap":"115","pvap":"   1,73"}]}
