{"ele":"426","tpabr":"mu","cdabr":"02976","carper":"13","t":"1","f":"o","dt":"15/11/2020","ht":"22:10:58","dv":"s","tf":"n","v":"9","esae":"n","mnae":"","s":"33","st":"33","pst":" 100,00","snt":"0","psnt":"   0,00","si":"33","psi":" 100,00","sni":"0","psni":"   0,00","sa":"33","psa":" 100,00","sna":"0","psna":"   0,00","e":"11667","ea":"11667","pea":" 100,00","ena":"0","pena":"   0,00","esi":"11667","pesi":" 100,00","esni":"0","pesni":"   0,00","c":"9795","pc":"  83,95","a":"1872","pa":"  16,05","vscv":"0","vnom":"8220","vl":"278","pvnom":"  96,73","pvl":"   3,27","vvc":"9638","pvvc":"  98,40","vb":"33","pvb":"   0,33","tvn":"124","ptvn":"   1,27","vn":"124","pvn":" 100,00","vnt":"0","pvnt":"   0,00","vp":"0","pvp":"   0,00","vv":"8498","pvv":"  88,17","van":"0","pvan":"   0,00","vansj":"1140","pvansj":"  11,83","tv":"9795","cand":[{"seq":"17","sqcand":"40001091179","n":"20123","nm":"SARGENTO CARLINHO","cc":"PSC","nv":" ","e":"n","st":"","dvt":"V\u00e1lido","vap":"169","pvap":"   1,75"},{"seq":"73","sqcand":"40001155897","n":"22456","nm":"NAZARENO REGES","cc":"PL","nv":" ","e":"n","st":"","dvt":"V\u00e1lido","vap":"19","pvap":"   0,20"},{"seq":"30","sqcand":"40001155908","n":"22777","nm":"PASTOR AUGUSTO","cc":"PL","nv":" ","e":"n","st":"","dvt":"V\u00e1lido","vap":"119","pvap":"   1,23"},{"seq":"57","sqcand":"40001234001","n":"10777","nm":"TINICA RIBEIRO","cc":"REPUBLICANOS","nv":" ","e":"n","st":"","dvt":"V\u00e1lido","vap":"28","pvap":"   0,29"},{"seq":"9","sqcand":"40001254907","n":"20000","nm":"RONALDO PEREIRA","cc":"PSC","nv":" ","e":"n","st":"","dvt":"V\u00e1lido","vap":"245","pvap":"   2,54"},{"seq":"119","sqcand":"40001154989","n":"55255","nm":"NELSON GONZAGA","cc":"PSD","nv":" ","e":"n","st":"","dvt":"Anulado sub judice","vap":"1","pvap":"   0,01"},{"seq":"33","sqcand":"40001154988","n":"55145","nm":"SHONY","cc":"PSD","nv":" ","e":"n","st":"","dvt":"Anulado sub judice","vap":"111","pvap":"   1,15"},{"seq":"45","sqcand":"40001154983","n":"55666","nm":"SABA COSTA","cc":"PSD","nv":" ","e":"n","st":"","dvt":"Anulado sub judice","vap":"54","pvap":"   0,56"},{"seq":"109","sqcand":"40001254901","n":"20888","nm":"ARILSON MAFRA","cc":"PSC","nv":" ","e":"n","st":"","dvt":"V\u00e1lido","vap":"5","pvap":"   0,05"},{"seq":"1","sqcand":"40001254902","n":"20456","nm":"RENAN ANTUNES","cc":"PSC","nv":" ","e":"n","st":"","dvt":"V\u00e1lido","vap":"617","pvap":"   6,40"},{"seq":"38","sqcand":"40001155899","n":"22888","nm":"RONY MONTEIRO","cc":"PL","nv":" ","e":"n","st":"","dvt":"V\u00e1lido","vap":"102","pvap":"   1,06"},{"seq":"54","sqcand":"40001233991","n":"10246","nm":"RICARDO","cc":"REPUBLICANOS","nv":" ","e":"n","st":"","dvt":"V\u00e1lido","vap":"37","pvap":"   0,38"},{"seq":"88","sqcand":"40001234309","n":"45222","nm":"BIA DIAS","cc":"PSDB","nv":" ","e":"n","st":"","dvt":"V\u00e1lido","vap":"13","pvap":"   0,13"},{"seq":"74","sqcand":"40001233998","n":"10120","nm":"MALAQUIAS","cc":"REPUBLICANOS","nv":" ","e":"n","st":"","dvt":"V\u00e1lido","vap":"18","pvap":"   0,19"},{"seq":"60","sqcand":"40001233990","n":"10610","nm":"ELIAS SOUZA","cc":"REPUBLICANOS","nv":" ","e":"n","st":"","dvt":"V\u00e1lido","vap":"26","pvap":"   0,27"},{"seq":"18","sqcand":"40001155900","n":"22999","nm":"PROFESSORA NEILA MENDES","cc":"PL","nv":" ","e":"n","st":"","dvt":"V\u00e1lido","vap":"168","pvap":"   1,74"},{"seq":"72","sqcand":"40001251314","n":"70000","nm":"MARCIA CABELELEIRA","cc":"AVANTE","nv":" ","e":"n","st":"","dvt":"V\u00e1lido","vap":"19","pvap":"   0,20"},{"seq":"12","sqcand":"40001091181","n":"20222","nm":"DOIS","cc":"PSC","nv":" ","e":"n","st":"","dvt":"V\u00e1lido","vap":"229","pvap":"   2,38"},{"seq":"78","sqcand":"40001235879","n":"11222","nm":"EDINELZA CASTRO","cc":"PP","nv":" ","e":"n","st":"","dvt":"V\u00e1lido","vap":"16","pvap":"   0,17"},{"seq":"89","sqcand":"40001155906","n":"22111","nm":"TICA\u00c1","cc":"PL","nv":" ","e":"n","st":"","dvt":"V\u00e1lido","vap":"12","pvap":"   0,12"},{"seq":"63","sqcand":"40001234000","n":"10333","nm":"TUXAUA VANESSA SATER\u00ca","cc":"REPUBLICANOS","nv":" ","e":"n","st":"","dvt":"V\u00e1lido","vap":"24","pvap":"   0,25"},{"seq":"37","sqcand":"40001234002","n":"10135","nm":"ENI FERREIRA ","cc":"REPUBLICANOS","nv":" ","e":"n","st":"","dvt":"V\u00e1lido","vap":"102","pvap":"   1,06"},{"seq":"20","sqcand":"40001155905","n":"22555","nm":"SILVANO PITBULL","cc":"PL","nv":" ","e":"n","st":"","dvt":"V\u00e1lido","vap":"159","pvap":"   1,65"},{"seq":"115","sqcand":"40001235876","n":"11123","nm":"MARCOS PEREIRA","cc":"PP","nv":" ","e":"n","st":"","dvt":"V\u00e1lido","vap":"2","pvap":"   0,02"},{"seq":"84","sqcand":"40001235426","n":"15789","nm":"ENFERMEIRA LINDA FRAZ\u00c3O","cc":"MDB","nv":" ","e":"n","st":"","dvt":"V\u00e1lido","vap":"15","pvap":"   0,16"},{"seq":"7","sqcand":"40001254904","n":"20111","nm":"BATISTA","cc":"PSC","nv":" ","e":"n","st":"","dvt":"V\u00e1lido","vap":"265","pvap":"   2,75"},{"seq":"27","sqcand":"40001154994","n":"55556","nm":"SARGENTO VIANA","cc":"PSD","nv":" ","e":"n","st":"","dvt":"Anulado sub judice","vap":"124","pvap":"   1,29"},{"seq":"40","sqcand":"40001233992","n":"10789","nm":"CHIQUITO R\u00daSIVEL","cc":"REPUBLICANOS","nv":" ","e":"n","st":"","dvt":"V\u00e1lido","vap":"87","pvap":"   0,90"},{"seq":"114","sqcand":"40001235417","n":"15151","nm":"KENNE SUELEM","cc":"MDB","nv":" ","e":"n","st":"","dvt":"V\u00e1lido","vap":"3","pvap":"   0,03"},{"seq":"62","sqcand":"40001235420","n":"15571","nm":"JAILTO GLORIA","cc":"MDB","nv":" ","e":"n","st":"","dvt":"V\u00e1lido","vap":"24","pvap":"   0,25"},{"seq":"117","sqcand":"40001251310","n":"70789","nm":"RICARDO CASTRO","cc":"AVANTE","nv":" ","e":"n","st":"","dvt":"V\u00e1lido","vap":"2","pvap":"   0,02"},{"seq":"32","sqcand":"40001234306","n":"45777","nm":"LUCIANO ROLIM","cc":"PSDB","nv":" ","e":"n","st":"","dvt":"V\u00e1lido","vap":"117","pvap":"   1,21"},{"seq":"120","sqcand":"40001235877","n":"11111","nm":"ROBERTO BARROSO","cc":"PP","nv":" ","e":"n","st":"","dvt":"V\u00e1lido","vap":"0","pvap":"00.00"},{"seq":"59","sqcand":"40001156352","n":"14888","nm":"LUCIA TEIXEIRA","cc":"PTB","nv":" ","e":"n","st":"","dvt":"V\u00e1lido","vap":"27","pvap":"   0,28"},{"seq":"13","sqcand":"40001254908","n":"20555","nm":"ENFERMEIRA MARCILENE","cc":"PSC","nv":" ","e":"n","st":"","dvt":"V\u00e1lido","vap":"185","pvap":"   1,92"},{"seq":"98","sqcand":"40001233993","n":"10220","nm":"PROFESSORA CLEIDE","cc":"REPUBLICANOS","nv":" ","e":"n","st":"","dvt":"V\u00e1lido","vap":"9","pvap":"   0,09"},{"seq":"41","sqcand":"40001254906","n":"20333","nm":"MARCILES VI\u00daVA","cc":"PSC","nv":" ","e":"n","st":"","dvt":"V\u00e1lido","vap":"81","pvap":"   0,84"},{"seq":"90","sqcand":"40001249957","n":"51123","nm":"SALES FILHO","cc":"PATRIOTA","nv":" ","e":"n","st":"","dvt":"Anulado sub judice","vap":"12","pvap":"   0,12"},{"seq":"35","sqcand":"40001154987","n":"55000","nm":"HELILTON CHEFAO","cc":"PSD","nv":" ","e":"n","st":"","dvt":"Anulado sub judice","vap":"105","pvap":"   1,09"},{"seq":"112","sqcand":"40001154990","n":"55888","nm":"VALDERLY BERNADINO","cc":"PSD","nv":" ","e":"n","st":"","dvt":"Anulado sub judice","vap":"3","pvap":"   0,03"},{"seq":"95","sqcand":"40001249951","n":"51555","nm":"MARA BARAUNA","cc":"PATRIOTA","nv":" ","e":"n","st":"","dvt":"Anulado sub judice","vap":"11","pvap":"   0,11"},{"seq":"28","sqcand":"40001154991","n":"55155","nm":"GEISEL RABELO","cc":"PSD","nv":" ","e":"n","st":"","dvt":"Anulado sub judice","vap":"123","pvap":"   1,28"},{"seq":"68","sqcand":"40001235424","n":"15111","nm":"ALUIZIO SATER\u00c9","cc":"MDB","nv":" ","e":"n","st":"","dvt":"V\u00e1lido","vap":"20","pvap":"   0,21"},{"seq":"87","sqcand":"40001156351","n":"14567","nm":"AFONSO COROCORO","cc":"PTB","nv":" ","e":"n","st":"","dvt":"V\u00e1lido","vap":"13","pvap":"   0,13"},{"seq":"93","sqcand":"40001254900","n":"20002","nm":"VERA BATAY","cc":"PSC","nv":" ","e":"n","st":"","dvt":"V\u00e1lido","vap":"11","pvap":"   0,11"},{"seq":"29","sqcand":"40001234313","n":"45045","nm":"FREDSON DIAS","cc":"PSDB","nv":" ","e":"n","st":"","dvt":"V\u00e1lido","vap":"121","pvap":"   1,26"},{"seq":"46","sqcand":"40001235421","n":"15456","nm":"PROFESSORA ANDRELIANE ARA\u00daJO","cc":"MDB","nv":" ","e":"n","st":"","dvt":"V\u00e1lido","vap":"49","pvap":"   0,51"},{"seq":"53","sqcand":"40001235422","n":"15713","nm":"GILIARD ANDRADE","cc":"MDB","nv":" ","e":"n","st":"","dvt":"V\u00e1lido","vap":"38","pvap":"   0,39"},{"seq":"71","sqcand":"40001155807","n":"19031","nm":"OVIDIO BARAUNA","cc":"PODE","nv":" ","e":"n","st":"","dvt":"V\u00e1lido","vap":"19","pvap":"   0,20"},{"seq":"107","sqcand":"40001251309","n":"70333","nm":"ACS ERICA NEGREIROS","cc":"AVANTE","nv":" ","e":"n","st":"","dvt":"V\u00e1lido","vap":"6","pvap":"   0,06"},{"seq":"3","sqcand":"40001234311","n":"45000","nm":"NATY LAVAREDA","cc":"PSDB","nv":" ","e":"n","st":"","dvt":"V\u00e1lido","vap":"390","pvap":"   4,05"},{"seq":"47","sqcand":"40001155904","n":"22123","nm":"VALDELSON","cc":"PL","nv":" ","e":"n","st":"","dvt":"V\u00e1lido","vap":"43","pvap":"   0,45"},{"seq":"8","sqcand":"40001155901","n":"22222","nm":"KEYTH SILVA","cc":"PL","nv":" ","e":"n","st":"","dvt":"V\u00e1lido","vap":"253","pvap":"   2,63"},{"seq":"25","sqcand":"40001154985","n":"55123","nm":"MAYARA DA PADARIA","cc":"PSD","nv":" ","e":"n","st":"","dvt":"Anulado sub judice","vap":"129","pvap":"   1,34"},{"seq":"106","sqcand":"40001249952","n":"51111","nm":"MICA RIBEIRO","cc":"PATRIOTA","nv":" ","e":"n","st":"","dvt":"Anulado sub judice","vap":"6","pvap":"   0,06"},{"seq":"111","sqcand":"40001265330","n":"19055","nm":"VALERIA ARRUDA","cc":"PODE","nv":" ","e":"n","st":"","dvt":"V\u00e1lido","vap":"4","pvap":"   0,04"},{"seq":"55","sqcand":"40001155907","n":"22007","nm":"NETE BRASIL","cc":"PL","nv":" ","e":"n","st":"","dvt":"V\u00e1lido","vap":"34","pvap":"   0,35"},{"seq":"6","sqcand":"40001155909","n":"22789","nm":"SILVANO MENEZES","cc":"PL","nv":" ","e":"n","st":"","dvt":"V\u00e1lido","vap":"310","pvap":"   3,22"},{"seq":"19","sqcand":"40001234003","n":"10456","nm":"JONATHAS DA COL\u00d5NIA","cc":"REPUBLICANOS","nv":" ","e":"n","st":"","dvt":"V\u00e1lido","vap":"165","pvap":"   1,71"},{"seq":"75","sqcand":"40001234304","n":"45139","nm":"FRANCIMAR SAPINHO","cc":"PSDB","nv":" ","e":"n","st":"","dvt":"V\u00e1lido","vap":"18","pvap":"   0,19"},{"seq":"42","sqcand":"40001155810","n":"19555","nm":"LUIZ CARLOS","cc":"PODE","nv":" ","e":"n","st":"","dvt":"V\u00e1lido","vap":"77","pvap":"   0,80"},{"seq":"56","sqcand":"40001156355","n":"14000","nm":"DR JANDER","cc":"PTB","nv":" ","e":"n","st":"","dvt":"V\u00e1lido","vap":"30","pvap":"   0,31"},{"seq":"70","sqcand":"40001155815","n":"19789","nm":"PROFESSORA JURACELIA","cc":"PODE","nv":" ","e":"n","st":"","dvt":"V\u00e1lido","vap":"20","pvap":"   0,21"},{"seq":"69","sqcand":"40001156353","n":"14123","nm":"ROSICLEIA","cc":"PTB","nv":" ","e":"n","st":"","dvt":"V\u00e1lido","vap":"20","pvap":"   0,21"},{"seq":"86","sqcand":"40001254903","n":"20234","nm":"SOCORRO PEREIRA","cc":"PSC","nv":" ","e":"n","st":"","dvt":"V\u00e1lido","vap":"13","pvap":"   0,13"},{"seq":"24","sqcand":"40001233994","n":"10000","nm":"PROFESSOR DADI","cc":"REPUBLICANOS","nv":" ","e":"n","st":"","dvt":"V\u00e1lido","vap":"137","pvap":"   1,42"},{"seq":"58","sqcand":"40001155808","n":"19444","nm":"JOCELINO RIBEIRO","cc":"PODE","nv":" ","e":"n","st":"","dvt":"V\u00e1lido","vap":"27","pvap":"   0,28"},{"seq":"44","sqcand":"40001235425","n":"15007","nm":"PURAQU\u00ca","cc":"MDB","nv":" ","e":"n","st":"","dvt":"V\u00e1lido","vap":"55","pvap":"   0,57"},{"seq":"99","sqcand":"40001234308","n":"45255","nm":"ALDENEY OLIVEIRA","cc":"PSDB","nv":" ","e":"n","st":"","dvt":"V\u00e1lido","vap":"9","pvap":"   0,09"},{"seq":"108","sqcand":"40001249954","n":"51456","nm":"PROFESSOR ORIVALDO","cc":"PATRIOTA","nv":" ","e":"n","st":"","dvt":"Anulado sub judice","vap":"5","pvap":"   0,05"},{"seq":"122","sqcand":"40001249956","n":"51999","nm":"JOSUE DOS TRICICLEIROS","cc":"PATRIOTA","nv":" ","e":"n","st":"","dvt":"Anulado sub judice","vap":"0","pvap":"00.00"},{"seq":"94","sqcand":"40001154993","n":"55333","nm":"GLAUCIANE CID","cc":"PSD","nv":" ","e":"n","st":"","dvt":"Anulado sub judice","vap":"11","pvap":"   0,11"},{"seq":"77","sqcand":"40001154982","n":"55777","nm":"ANTONIO GAMA","cc":"PSD","nv":" ","e":"n","st":"","dvt":"Anulado sub judice","vap":"16","pvap":"   0,17"},{"seq":"104","sqcand":"40001155809","n":"19777","nm":"DIVANIR MARTINS","cc":"PODE","nv":" ","e":"n","st":"","dvt":"V\u00e1lido","vap":"7","pvap":"   0,07"},{"seq":"65","sqcand":"40001155813","n":"19111","nm":"VALZINHO","cc":"PODE","nv":" ","e":"n","st":"","dvt":"V\u00e1lido","vap":"23","pvap":"   0,24"},{"seq":"15","sqcand":"40001235419","n":"15000","nm":"SEZIOM NEO","cc":"MDB","nv":" ","e":"n","st":"","dvt":"V\u00e1lido","vap":"179","pvap":"   1,86"},{"seq":"83","sqcand":"40001235415","n":"15551","nm":"FABRICIO ANDRADE","cc":"MDB","nv":" ","e":"n","st":"","dvt":"V\u00e1lido","vap":"15","pvap":"   0,16"},{"seq":"66","sqcand":"40001251315","n":"70111","nm":"KEVIN PEREIRA","cc":"AVANTE","nv":" ","e":"n","st":"","dvt":"V\u00e1lido","vap":"22","pvap":"   0,23"},{"seq":"21","sqcand":"40001234312","n":"45123","nm":"KEIT\u00c3O PEREIRA","cc":"PSDB","nv":" ","e":"n","st":"","dvt":"V\u00e1lido","vap":"158","pvap":"   1,64"},{"seq":"64","sqcand":"40001235414","n":"15255","nm":"MICHELE RABELO","cc":"MDB","nv":" ","e":"n","st":"","dvt":"V\u00e1lido","vap":"23","pvap":"   0,24"},{"seq":"116","sqcand":"40001251317","n":"70444","nm":"PILI","cc":"AVANTE","nv":" ","e":"n","st":"","dvt":"V\u00e1lido","vap":"2","pvap":"   0,02"},{"seq":"5","sqcand":"40001233997","n":"10111","nm":"PROFESSOR MARCIO CEZAR ","cc":"REPUBLICANOS","nv":" ","e":"n","st":"","dvt":"V\u00e1lido","vap":"312","pvap":"   3,24"},{"seq":"118","sqcand":"40001251313","n":"70007","nm":"ALESSANDRO ALMEIDA","cc":"AVANTE","nv":" ","e":"n","st":"","dvt":"V\u00e1lido","vap":"2","pvap":"   0,02"},{"seq":"34","sqcand":"40001156349","n":"14222","nm":"ZE PEDRO","cc":"PTB","nv":" ","e":"n","st":"","dvt":"V\u00e1lido","vap":"110","pvap":"   1,14"},{"seq":"105","sqcand":"40001251316","n":"70222","nm":"BERIS","cc":"AVANTE","nv":" ","e":"n","st":"","dvt":"V\u00e1lido","vap":"6","pvap":"   0,06"},{"seq":"22","sqcand":"40001154992","n":"55555","nm":"EDIVAL TEIXEIRA","cc":"PSD","nv":" ","e":"n","st":"","dvt":"Anulado sub judice","vap":"143","pvap":"   1,48"},{"seq":"43","sqcand":"40001154986","n":"55125","nm":"ARROZAL","cc":"PSD","nv":" ","e":"n","st":"","dvt":"Anulado sub judice","vap":"73","pvap":"   0,76"},{"seq":"4","sqcand":"40001233996","n":"10123","nm":"PR ROMERO VALENTE","cc":"REPUBLICANOS","nv":" ","e":"n","st":"","dvt":"V\u00e1lido","vap":"359","pvap":"   3,72"},{"seq":"50","sqcand":"40001251312","n":"70012","nm":"MISSIONARIA EVILA SOUZA","cc":"AVANTE","nv":" ","e":"n","st":"","dvt":"V\u00e1lido","vap":"43","pvap":"   0,45"},{"seq":"10","sqcand":"40001235423","n":"15123","nm":"ADAN LOPES","cc":"MDB","nv":" ","e":"n","st":"","dvt":"V\u00e1lido","vap":"245","pvap":"   2,54"},{"seq":"67","sqcand":"40001155902","n":"22234","nm":"JIMMI CARTER","cc":"PL","nv":" ","e":"n","st":"","dvt":"V\u00e1lido","vap":"21","pvap":"   0,22"},{"seq":"103","sqcand":"40001235878","n":"11345","nm":"VITORIA SANTOS","cc":"PP","nv":" ","e":"n","st":"","dvt":"V\u00e1lido","vap":"7","pvap":"   0,07"},{"seq":"49","sqcand":"40001235427","n":"15555","nm":"WANAX LEITE","cc":"MDB","nv":" ","e":"n","st":"","dvt":"V\u00e1lido","vap":"43","pvap":"   0,45"},{"seq":"76","sqcand":"40001155903","n":"22000","nm":"IZABEL BORGES","cc":"PL","nv":" ","e":"n","st":"","dvt":"V\u00e1lido","vap":"16","pvap":"   0,17"},{"seq":"48","sqcand":"40001233999","n":"10555","nm":"NAIANE BARRETO","cc":"REPUBLICANOS","nv":" ","e":"n","st":"","dvt":"V\u00e1lido","vap":"43","pvap":"   0,45"},{"seq":"97","sqcand":"40001156350","n":"14555","nm":"ENFERMEIRA ARIANE","cc":"PTB","nv":" ","e":"n","st":"","dvt":"V\u00e1lido","vap":"9","pvap":"   0,09"},{"seq":"23","sqcand":"40001155816","n":"19999","nm":"PROF ARNALDO BARROS","cc":"PODE","nv":" ","e":"n","st":"","dvt":"V\u00e1lido","vap":"139","pvap":"   1,44"},{"seq":"14","sqcand":"40001234303","n":"45678","nm":"JUCA","cc":"PSDB","nv":" ","e":"n","st":"","dvt":"V\u00e1lido","vap":"182","pvap":"   1,89"},{"seq":"92","sqcand":"40001155806","n":"19333","nm":"JOANA FONSECA","cc":"PODE","nv":" ","e":"n","st":"","dvt":"V\u00e1lido","vap":"11","pvap":"   0,11"},{"seq":"91","sqcand":"40001235416","n":"15003","nm":"GERALDO SILVA","cc":"MDB","nv":" ","e":"n","st":"","dvt":"V\u00e1lido","vap":"11","pvap":"   0,11"},{"seq":"39","sqcand":"40001154995","n":"55789","nm":"MANU FREEDON","cc":"PSD","nv":" ","e":"n","st":"","dvt":"Anulado sub judice","vap":"93","pvap":"   0,96"},{"seq":"121","sqcand":"40001249953","n":"51444","nm":"SEBASTIANA ROCHA","cc":"PATRIOTA","nv":" ","e":"n","st":"","dvt":"Anulado sub judice","vap":"0","pvap":"00.00"},{"seq":"61","sqcand":"40001249955","n":"51777","nm":"JOAQUIM TEIXEIRA","cc":"PATRIOTA","nv":" ","e":"n","st":"","dvt":"Anulado sub judice","vap":"25","pvap":"   0,26"},{"seq":"110","sqcand":"40001154984","n":"55999","nm":"DEBLANILDA DIAS","cc":"PSD","nv":" ","e":"n","st":"","dvt":"Anulado sub judice","vap":"4","pvap":"   0,04"},{"seq":"51","sqcand":"40001251307","n":"70555","nm":"GORDO DA PASTORA ROSE","cc":"AVANTE","nv":" ","e":"n","st":"","dvt":"V\u00e1lido","vap":"41","pvap":"   0,43"},{"seq":"16","sqcand":"40001254905","n":"20789","nm":"MESSIAS SILVA","cc":"PSC","nv":" ","e":"n","st":"","dvt":"V\u00e1lido","vap":"179","pvap":"   1,86"},{"seq":"102","sqcand":"40001155812","n":"19222","nm":"FREIDA MIRANDA","cc":"PODE","nv":" ","e":"n","st":"","dvt":"V\u00e1lido","vap":"8","pvap":"   0,08"},{"seq":"80","sqcand":"40001234307","n":"45122","nm":"BETE BARATA","cc":"PSDB","nv":" ","e":"n","st":"","dvt":"V\u00e1lido","vap":"15","pvap":"   0,16"},{"seq":"82","sqcand":"40001155814","n":"19000","nm":"HENOCK BORGES","cc":"PODE","nv":" ","e":"n","st":"","dvt":"V\u00e1lido","vap":"15","pvap":"   0,16"},{"seq":"100","sqcand":"40001235880","n":"11234","nm":"MARQUIZETE","cc":"PP","nv":" ","e":"n","st":"","dvt":"V\u00e1lido","vap":"8","pvap":"   0,08"},{"seq":"81","sqcand":"40001234305","n":"45111","nm":"SOCORRO DIAS","cc":"PSDB","nv":" ","e":"n","st":"","dvt":"V\u00e1lido","vap":"15","pvap":"   0,16"},{"seq":"79","sqcand":"40001251311","n":"70123","nm":"CELESTE VASCONCELOS","cc":"AVANTE","nv":" ","e":"n","st":"","dvt":"V\u00e1lido","vap":"15","pvap":"   0,16"},{"seq":"101","sqcand":"40001233995","n":"10222","nm":"ORCLENILDO CARVALHO","cc":"REPUBLICANOS","nv":" ","e":"n","st":"","dvt":"V\u00e1lido","vap":"8","pvap":"   0,08"},{"seq":"85","sqcand":"40001234310","n":"45789","nm":"EGERLEAN MIRANDA","cc":"PSDB","nv":" ","e":"n","st":"","dvt":"V\u00e1lido","vap":"14","pvap":"   0,15"},{"seq":"36","sqcand":"40001155898","n":"22444","nm":"TITTO","cc":"PL","nv":" ","e":"n","st":"","dvt":"V\u00e1lido","vap":"102","pvap":"   1,06"},{"seq":"11","sqcand":"40001235418","n":"15678","nm":"DARLY ANDRADE","cc":"MDB","nv":" ","e":"n","st":"","dvt":"V\u00e1lido","vap":"234","pvap":"   2,43"},{"seq":"96","sqcand":"40001091180","n":"20007","nm":"RAIMUNDO COELHO","cc":"PSC","nv":" ","e":"n","st":"","dvt":"V\u00e1lido","vap":"9","pvap":"   0,09"},{"seq":"113","sqcand":"40001156354","n":"14777","nm":"MEYRE RIBEIRO","cc":"PTB","nv":" ","e":"n","st":"","dvt":"V\u00e1lido","vap":"3","pvap":"   0,03"},{"seq":"31","sqcand":"40001155811","n":"19123","nm":"ZE VICENTE","cc":"PODE","nv":" ","e":"n","st":"","dvt":"V\u00e1lido","vap":"119","pvap":"   1,23"},{"seq":"26","sqcand":"40001251308","n":"70777","nm":"DIENERSON DINELLY O PICHE","cc":"AVANTE","nv":" ","e":"n","st":"","dvt":"V\u00e1lido","vap":"125","pvap":"   1,30"},{"seq":"2","sqcand":"40001091182","n":"20020","nm":"CILENE BRITO","cc":"PSC","nv":" ","e":"n","st":"","dvt":"V\u00e1lido","vap":"456","pvap":"   4,73"},{"seq":"52","sqcand":"40001234302","n":"45555","nm":"SANDY SHOW","cc":"PSDB","nv":" ","e":"n","st":"","dvt":"V\u00e1lido","vap":"40","pvap":"   0,42"}]}
