{"ele":"426","tpabr":"mu","cdabr":"02992","carper":"13","t":"1","f":"o","dt":"15/11/2020","ht":"21:16:14","dv":"s","tf":"s","v":"9","esae":"n","mnae":"","s":"24","st":"24","pst":" 100,00","snt":"0","psnt":"   0,00","si":"24","psi":" 100,00","sni":"0","psni":"   0,00","sa":"24","psa":" 100,00","sna":"0","psna":"   0,00","e":"8966","ea":"8966","pea":" 100,00","ena":"0","pena":"   0,00","esi":"8966","pesi":" 100,00","esni":"0","pesni":"   0,00","c":"7473","pc":"  83,35","a":"1493","pa":"  16,65","vscv":"0","vnom":"7093","vl":"222","pvnom":"  96,97","pvl":"   3,03","vvc":"7315","pvvc":"  97,89","vb":"26","pvb":"   0,34","tvn":"132","ptvn":"   1,77","vn":"132","pvn":" 100,00","vnt":"0","pvnt":"   0,00","vp":"0","pvp":"   0,00","vv":"7315","pvv":" 100,00","van":"0","pvan":"   0,00","vansj":"0","pvansj":"   0,00","tv":"7473","cand":[{"seq":"7","sqcand":"40001067108","n":"14234","nm":"BEATRIZ MATOS","cc":"PTB","nv":" ","e":"s","st":"Eleito","dvt":"V\u00e1lido","vap":"203","pvap":"   2,78"},{"seq":"27","sqcand":"40001067114","n":"14120","nm":"DERALDO BARRETO","cc":"PTB","nv":" ","e":"n","st":"Suplente","dvt":"V\u00e1lido","vap":"79","pvap":"   1,08"},{"seq":"38","sqcand":"40001065049","n":"90567","nm":"CHICO BRANCO","cc":"PROS","nv":" ","e":"n","st":"Suplente","dvt":"V\u00e1lido","vap":"50","pvap":"   0,68"},{"seq":"60","sqcand":"40000834007","n":"11722","nm":"VALESCA BRAND\u00c3O","cc":"PP","nv":" ","e":"n","st":"Suplente","dvt":"V\u00e1lido","vap":"2","pvap":"   0,03"},{"seq":"72","sqcand":"40000865325","n":"10333","nm":"JULIO CEZA","cc":"REPUBLICANOS","nv":" ","e":"n","st":"N\u00e3o eleito","dvt":"V\u00e1lido","vap":"64","pvap":"   0,87"},{"seq":"82","sqcand":"40000865320","n":"10110","nm":"ROSILENE GOMES","cc":"REPUBLICANOS","nv":" ","e":"n","st":"N\u00e3o eleito","dvt":"V\u00e1lido","vap":"2","pvap":"   0,03"},{"seq":"50","sqcand":"40001067112","n":"14322","nm":"JARDEL SOUZA","cc":"PTB","nv":" ","e":"n","st":"Suplente","dvt":"V\u00e1lido","vap":"19","pvap":"   0,26"},{"seq":"21","sqcand":"40001039632","n":"20006","nm":"FULERAGEM","cc":"PSC","nv":" ","e":"n","st":"Suplente","dvt":"V\u00e1lido","vap":"109","pvap":"   1,49"},{"seq":"52","sqcand":"40000834010","n":"11225","nm":"GILMAR LARANJEIRA","cc":"PP","nv":" ","e":"n","st":"Suplente","dvt":"V\u00e1lido","vap":"14","pvap":"   0,19"},{"seq":"3","sqcand":"40001065048","n":"90123","nm":"MESSIAS DANTAS","cc":"PROS","nv":" ","e":"s","st":"Eleito","dvt":"V\u00e1lido","vap":"335","pvap":"   4,58"},{"seq":"54","sqcand":"40000834002","n":"11333","nm":"SAMARA SABOIA","cc":"PP","nv":" ","e":"n","st":"Suplente","dvt":"V\u00e1lido","vap":"10","pvap":"   0,14"},{"seq":"62","sqcand":"40001268004","n":"55333","nm":"ARTEMIZA CARVALHO","cc":"PSD","nv":" ","e":"n","st":"Suplente","dvt":"V\u00e1lido","vap":"1","pvap":"   0,01"},{"seq":"11","sqcand":"40001039638","n":"20234","nm":"ZILDA LIRA","cc":"PSC","nv":" ","e":"n","st":"Suplente","dvt":"V\u00e1lido","vap":"231","pvap":"   3,16"},{"seq":"63","sqcand":"40001267545","n":"55456","nm":"SANDRIANE MOREIRA","cc":"PSD","nv":" ","e":"n","st":"Suplente","dvt":"V\u00e1lido","vap":"1","pvap":"   0,01"},{"seq":"76","sqcand":"40001075601","n":"15555","nm":"ROMARIO SAMPAIO","cc":"MDB","nv":" ","e":"n","st":"N\u00e3o eleito","dvt":"V\u00e1lido","vap":"32","pvap":"   0,44"},{"seq":"19","sqcand":"40001067109","n":"14222","nm":"JUCELINO GUEDES","cc":"PTB","nv":" ","e":"n","st":"Suplente","dvt":"V\u00e1lido","vap":"118","pvap":"   1,61"},{"seq":"49","sqcand":"40000836744","n":"55567","nm":"ERIVAN RODRIGUES","cc":"PSD","nv":" ","e":"n","st":"Suplente","dvt":"V\u00e1lido","vap":"20","pvap":"   0,27"},{"seq":"59","sqcand":"40000834012","n":"11444","nm":"BRANCA","cc":"PP","nv":" ","e":"n","st":"Suplente","dvt":"V\u00e1lido","vap":"3","pvap":"   0,04"},{"seq":"44","sqcand":"40001039645","n":"20201","nm":"SABA MATOS","cc":"PSC","nv":" ","e":"n","st":"Suplente","dvt":"V\u00e1lido","vap":"26","pvap":"   0,36"},{"seq":"46","sqcand":"40000834005","n":"11777","nm":"DATIVO NETO","cc":"PP","nv":" ","e":"n","st":"Suplente","dvt":"V\u00e1lido","vap":"24","pvap":"   0,33"},{"seq":"78","sqcand":"40000865326","n":"10124","nm":"JOZILENER SALES","cc":"REPUBLICANOS","nv":" ","e":"n","st":"N\u00e3o eleito","dvt":"V\u00e1lido","vap":"12","pvap":"   0,16"},{"seq":"56","sqcand":"40000834003","n":"11222","nm":"SARGENTO CABRAL","cc":"PP","nv":" ","e":"n","st":"Suplente","dvt":"V\u00e1lido","vap":"5","pvap":"   0,07"},{"seq":"25","sqcand":"40001039637","n":"20222","nm":"ROSITA","cc":"PSC","nv":" ","e":"n","st":"Suplente","dvt":"V\u00e1lido","vap":"91","pvap":"   1,24"},{"seq":"83","sqcand":"40001075607","n":"15111","nm":"ELTON","cc":"MDB","nv":" ","e":"n","st":"N\u00e3o eleito","dvt":"V\u00e1lido","vap":"0","pvap":"00.00"},{"seq":"81","sqcand":"40000865321","n":"10411","nm":"MARLINDA CAPOTE","cc":"REPUBLICANOS","nv":" ","e":"n","st":"N\u00e3o eleito","dvt":"V\u00e1lido","vap":"6","pvap":"   0,08"},{"seq":"14","sqcand":"40001039642","n":"20346","nm":"CLEUMA ADRINA","cc":"PSC","nv":" ","e":"n","st":"Suplente","dvt":"V\u00e1lido","vap":"197","pvap":"   2,69"},{"seq":"67","sqcand":"40001075600","n":"15666","nm":"JULIANA LIMA","cc":"MDB","nv":" ","e":"n","st":"N\u00e3o eleito","dvt":"V\u00e1lido","vap":"134","pvap":"   1,83"},{"seq":"65","sqcand":"40001039643","n":"20678","nm":"GEAN MACENA","cc":"PSC","nv":" ","e":"n","st":"Suplente","dvt":"V\u00e1lido","vap":"0","pvap":"00.00"},{"seq":"1","sqcand":"40001065053","n":"90555","nm":"MOISES PARABOLICA","cc":"PROS","nv":" ","e":"s","st":"Eleito","dvt":"V\u00e1lido","vap":"384","pvap":"   5,25"},{"seq":"22","sqcand":"40001039633","n":"20456","nm":"KELINHO LOUREIRO","cc":"PSC","nv":" ","e":"n","st":"Suplente","dvt":"V\u00e1lido","vap":"108","pvap":"   1,48"},{"seq":"24","sqcand":"40001039636","n":"20345","nm":"MARINETE NASCIMENTO","cc":"PSC","nv":" ","e":"n","st":"Suplente","dvt":"V\u00e1lido","vap":"102","pvap":"   1,39"},{"seq":"43","sqcand":"40001067120","n":"14777","nm":"RAYLAN ANDRADE","cc":"PTB","nv":" ","e":"n","st":"Suplente","dvt":"V\u00e1lido","vap":"27","pvap":"   0,37"},{"seq":"16","sqcand":"40001065041","n":"90999","nm":"DIEGO ATHAIDE","cc":"PROS","nv":" ","e":"n","st":"Suplente","dvt":"V\u00e1lido","vap":"157","pvap":"   2,15"},{"seq":"55","sqcand":"40000836737","n":"55455","nm":"EDVALDO LOPES","cc":"PSD","nv":" ","e":"n","st":"Suplente","dvt":"V\u00e1lido","vap":"9","pvap":"   0,12"},{"seq":"53","sqcand":"40000834006","n":"11711","nm":"VEM QUE TEM","cc":"PP","nv":" ","e":"n","st":"Suplente","dvt":"V\u00e1lido","vap":"11","pvap":"   0,15"},{"seq":"69","sqcand":"40000865329","n":"10234","nm":"GUTEMBERG SOUZA","cc":"REPUBLICANOS","nv":" ","e":"n","st":"N\u00e3o eleito","dvt":"V\u00e1lido","vap":"105","pvap":"   1,44"},{"seq":"64","sqcand":"40000836740","n":"55011","nm":"VALMIRO ALVES","cc":"PSD","nv":" ","e":"n","st":"Suplente","dvt":"V\u00e1lido","vap":"0","pvap":"00.00"},{"seq":"41","sqcand":"40001065052","n":"90222","nm":"GERDELI COSTA","cc":"PROS","nv":" ","e":"n","st":"Suplente","dvt":"V\u00e1lido","vap":"42","pvap":"   0,57"},{"seq":"68","sqcand":"40000865323","n":"10123","nm":"NAILSON CAMPOS","cc":"REPUBLICANOS","nv":" ","e":"n","st":"N\u00e3o eleito","dvt":"V\u00e1lido","vap":"115","pvap":"   1,57"},{"seq":"18","sqcand":"40001067116","n":"14333","nm":"DAG\u00d3","cc":"PTB","nv":" ","e":"n","st":"Suplente","dvt":"V\u00e1lido","vap":"137","pvap":"   1,87"},{"seq":"4","sqcand":"40001039641","n":"20789","nm":"FRANK MATOS","cc":"PSC","nv":" ","e":"s","st":"Eleito","dvt":"V\u00e1lido","vap":"307","pvap":"   4,20"},{"seq":"8","sqcand":"40000836741","n":"55223","nm":"LOUR\u00c3O","cc":"PSD","nv":" ","e":"s","st":"Eleito","dvt":"V\u00e1lido","vap":"185","pvap":"   2,53"},{"seq":"58","sqcand":"40001039635","n":"20020","nm":"REGIANE LIMA","cc":"PSC","nv":" ","e":"n","st":"Suplente","dvt":"V\u00e1lido","vap":"4","pvap":"   0,05"},{"seq":"17","sqcand":"40000834008","n":"11666","nm":"FRAN\u00c7A QUEIROZ","cc":"PP","nv":" ","e":"n","st":"Suplente","dvt":"V\u00e1lido","vap":"144","pvap":"   1,97"},{"seq":"10","sqcand":"40001065051","n":"90147","nm":"CHIQUINHO VASCONCELOS","cc":"PROS","nv":" ","e":"n","st":"Suplente","dvt":"V\u00e1lido","vap":"234","pvap":"   3,20"},{"seq":"48","sqcand":"40000834011","n":"11678","nm":"RALEISSA LOUREIRO","cc":"PP","nv":" ","e":"n","st":"Suplente","dvt":"V\u00e1lido","vap":"21","pvap":"   0,29"},{"seq":"61","sqcand":"40000836738","n":"55222","nm":"LUZIMARA MARTINS","cc":"PSD","nv":" ","e":"n","st":"Suplente","dvt":"V\u00e1lido","vap":"2","pvap":"   0,03"},{"seq":"42","sqcand":"40000834009","n":"11111","nm":"ZE HOMAR","cc":"PP","nv":" ","e":"n","st":"Suplente","dvt":"V\u00e1lido","vap":"31","pvap":"   0,42"},{"seq":"2","sqcand":"40001039639","n":"20333","nm":"WELLINGTON OLIVEIRA","cc":"PSC","nv":" ","e":"s","st":"Eleito","dvt":"V\u00e1lido","vap":"345","pvap":"   4,72"},{"seq":"37","sqcand":"40001067115","n":"14789","nm":"CHICO DO ZELI","cc":"PTB","nv":" ","e":"n","st":"Suplente","dvt":"V\u00e1lido","vap":"51","pvap":"   0,70"},{"seq":"30","sqcand":"40000834001","n":"11000","nm":"PASTOR SIDOMAR","cc":"PP","nv":" ","e":"n","st":"Suplente","dvt":"V\u00e1lido","vap":"73","pvap":"   1,00"},{"seq":"5","sqcand":"40001039644","n":"20123","nm":"JORGE MARTINS","cc":"PSC","nv":" ","e":"s","st":"Eleito","dvt":"V\u00e1lido","vap":"268","pvap":"   3,66"},{"seq":"33","sqcand":"40001039634","n":"20777","nm":"DELANE LOUREIRO","cc":"PSC","nv":" ","e":"n","st":"Suplente","dvt":"V\u00e1lido","vap":"68","pvap":"   0,93"},{"seq":"13","sqcand":"40001067110","n":"14610","nm":"ZE ALDENOR","cc":"PTB","nv":" ","e":"n","st":"Suplente","dvt":"V\u00e1lido","vap":"199","pvap":"   2,72"},{"seq":"51","sqcand":"40001065042","n":"90234","nm":"ILZE HERMES","cc":"PROS","nv":" ","e":"n","st":"Suplente","dvt":"V\u00e1lido","vap":"18","pvap":"   0,25"},{"seq":"36","sqcand":"40001067111","n":"14555","nm":"DULCE TAVARES","cc":"PTB","nv":" ","e":"n","st":"Suplente","dvt":"V\u00e1lido","vap":"58","pvap":"   0,79"},{"seq":"71","sqcand":"40000865327","n":"10111","nm":"GUSTAVO RODRIGUES","cc":"REPUBLICANOS","nv":" ","e":"n","st":"N\u00e3o eleito","dvt":"V\u00e1lido","vap":"79","pvap":"   1,08"},{"seq":"39","sqcand":"40001065050","n":"90666","nm":"ALDINEIA MACENA","cc":"PROS","nv":" ","e":"n","st":"Suplente","dvt":"V\u00e1lido","vap":"48","pvap":"   0,66"},{"seq":"31","sqcand":"40001065047","n":"90789","nm":"MARIO JORGE","cc":"PROS","nv":" ","e":"n","st":"Suplente","dvt":"V\u00e1lido","vap":"72","pvap":"   0,98"},{"seq":"57","sqcand":"40000836745","n":"55000","nm":"GERVAN O BONIT\u00c3O","cc":"PSD","nv":" ","e":"n","st":"Suplente","dvt":"V\u00e1lido","vap":"5","pvap":"   0,07"},{"seq":"32","sqcand":"40000834000","n":"11123","nm":"SILAS RUIS","cc":"PP","nv":" ","e":"n","st":"Suplente","dvt":"V\u00e1lido","vap":"69","pvap":"   0,94"},{"seq":"75","sqcand":"40001075603","n":"15789","nm":"DANI LUCAS","cc":"MDB","nv":" ","e":"n","st":"N\u00e3o eleito","dvt":"V\u00e1lido","vap":"32","pvap":"   0,44"},{"seq":"9","sqcand":"40000834004","n":"11555","nm":"EMILIA LIMA","cc":"PP","nv":" ","e":"s","st":"Eleito","dvt":"V\u00e1lido","vap":"148","pvap":"   2,02"},{"seq":"84","sqcand":"40001075606","n":"15197","nm":"LUCAS DIVINO","cc":"MDB","nv":" ","e":"n","st":"N\u00e3o eleito","dvt":"V\u00e1lido","vap":"0","pvap":"00.00"},{"seq":"20","sqcand":"40000836739","n":"55555","nm":"FELIPE SALES","cc":"PSD","nv":" ","e":"n","st":"Suplente","dvt":"V\u00e1lido","vap":"113","pvap":"   1,54"},{"seq":"79","sqcand":"40001075602","n":"15610","nm":"SINARA LIMA","cc":"MDB","nv":" ","e":"n","st":"N\u00e3o eleito","dvt":"V\u00e1lido","vap":"8","pvap":"   0,11"},{"seq":"66","sqcand":"40001075599","n":"15222","nm":"ROSE BRITO","cc":"MDB","nv":" ","e":"n","st":"N\u00e3o eleito","dvt":"V\u00e1lido","vap":"184","pvap":"   2,52"},{"seq":"6","sqcand":"40001067113","n":"14123","nm":"MARIO JORGE MAGALH\u00c3ES","cc":"PTB","nv":" ","e":"s","st":"Eleito","dvt":"V\u00e1lido","vap":"204","pvap":"   2,79"},{"seq":"74","sqcand":"40001075604","n":"15123","nm":"CINTIA LIMA","cc":"MDB","nv":" ","e":"n","st":"N\u00e3o eleito","dvt":"V\u00e1lido","vap":"32","pvap":"   0,44"},{"seq":"23","sqcand":"40000836736","n":"55234","nm":"FABIO MORAES","cc":"PSD","nv":" ","e":"n","st":"Suplente","dvt":"V\u00e1lido","vap":"108","pvap":"   1,48"},{"seq":"28","sqcand":"40001067118","n":"14666","nm":"SOCORRO MACENA","cc":"PTB","nv":" ","e":"n","st":"Suplente","dvt":"V\u00e1lido","vap":"78","pvap":"   1,07"},{"seq":"15","sqcand":"40001065043","n":"90321","nm":"CHICORIA","cc":"PROS","nv":" ","e":"n","st":"Suplente","dvt":"V\u00e1lido","vap":"162","pvap":"   2,21"},{"seq":"45","sqcand":"40001067119","n":"14567","nm":"JOSUE MENDES","cc":"PTB","nv":" ","e":"n","st":"Suplente","dvt":"V\u00e1lido","vap":"24","pvap":"   0,33"},{"seq":"70","sqcand":"40000865328","n":"10222","nm":"PEDRO FA\u00c7ANHA","cc":"REPUBLICANOS","nv":" ","e":"n","st":"N\u00e3o eleito","dvt":"V\u00e1lido","vap":"101","pvap":"   1,38"},{"seq":"73","sqcand":"40000865319","n":"10456","nm":"RIVELINO TELES","cc":"REPUBLICANOS","nv":" ","e":"n","st":"N\u00e3o eleito","dvt":"V\u00e1lido","vap":"49","pvap":"   0,67"},{"seq":"77","sqcand":"40001075605","n":"15651","nm":"CARL\u00c3O","cc":"MDB","nv":" ","e":"n","st":"N\u00e3o eleito","dvt":"V\u00e1lido","vap":"19","pvap":"   0,26"},{"seq":"35","sqcand":"40001065044","n":"90456","nm":"ENFERMEIRA TATIANE","cc":"PROS","nv":" ","e":"n","st":"Suplente","dvt":"V\u00e1lido","vap":"61","pvap":"   0,83"},{"seq":"26","sqcand":"40000836743","n":"55123","nm":"PROFESSORA FILOMENA","cc":"PSD","nv":" ","e":"n","st":"Suplente","dvt":"V\u00e1lido","vap":"79","pvap":"   1,08"},{"seq":"40","sqcand":"40000836746","n":"55149","nm":"FRANCIGENES REGO","cc":"PSD","nv":" ","e":"n","st":"Suplente","dvt":"V\u00e1lido","vap":"44","pvap":"   0,60"},{"seq":"29","sqcand":"40001067117","n":"14678","nm":"NACAIRA RUZO","cc":"PTB","nv":" ","e":"n","st":"Suplente","dvt":"V\u00e1lido","vap":"76","pvap":"   1,04"},{"seq":"34","sqcand":"40001065046","n":"90122","nm":"GLAUCIA MEDEIROS","cc":"PROS","nv":" ","e":"n","st":"Suplente","dvt":"V\u00e1lido","vap":"63","pvap":"   0,86"},{"seq":"12","sqcand":"40001039640","n":"20236","nm":"ANTONIO GERALDO","cc":"PSC","nv":" ","e":"n","st":"Suplente","dvt":"V\u00e1lido","vap":"213","pvap":"   2,91"},{"seq":"47","sqcand":"40001065045","n":"90363","nm":"ORY REIS","cc":"PROS","nv":" ","e":"n","st":"Suplente","dvt":"V\u00e1lido","vap":"23","pvap":"   0,31"},{"seq":"80","sqcand":"40000865324","n":"10201","nm":"RAIMUNDO TORRES","cc":"REPUBLICANOS","nv":" ","e":"n","st":"N\u00e3o eleito","dvt":"V\u00e1lido","vap":"6","pvap":"   0,08"}]}
