{"ele":"426","tpabr":"mu","cdabr":"03026","carper":"13","t":"1","f":"o","dt":"15/11/2020","ht":"21:14:06","dv":"s","tf":"s","v":"9","esae":"n","mnae":"","s":"19","st":"19","pst":" 100,00","snt":"0","psnt":"   0,00","si":"19","psi":" 100,00","sni":"0","psni":"   0,00","sa":"19","psa":" 100,00","sna":"0","psna":"   0,00","e":"5328","ea":"5328","pea":" 100,00","ena":"0","pena":"   0,00","esi":"5328","pesi":" 100,00","esni":"0","pesni":"   0,00","c":"4500","pc":"  84,46","a":"828","pa":"  15,54","vscv":"0","vnom":"4271","vl":"79","pvnom":"  98,18","pvl":"   1,82","vvc":"4350","pvvc":"  96,67","vb":"23","pvb":"   0,51","tvn":"127","ptvn":"   2,82","vn":"127","pvn":" 100,00","vnt":"0","pvnt":"   0,00","vp":"0","pvp":"   0,00","vv":"4350","pvv":" 100,00","van":"0","pvan":"   0,00","vansj":"0","pvansj":"   0,00","tv":"4500","cand":[{"seq":"9","sqcand":"230000726733","n":"10000","nm":"CHICO MENDES","cc":"REPUBLICANOS","nv":" ","e":"s","st":"Eleito","dvt":"V\u00e1lido","vap":"170","pvap":"   3,91"},{"seq":"12","sqcand":"230000726774","n":"11789","nm":"JOAO FILHO","cc":"PP","nv":" ","e":"n","st":"Suplente","dvt":"V\u00e1lido","vap":"167","pvap":"   3,84"},{"seq":"5","sqcand":"230000727093","n":"77234","nm":"AMADEU BATISTA","cc":"SOLIDARIEDADE","nv":" ","e":"s","st":"Eleito","dvt":"V\u00e1lido","vap":"238","pvap":"   5,47"},{"seq":"24","sqcand":"230000726932","n":"22123","nm":"MARCOS DIONE","cc":"PL","nv":" ","e":"n","st":"Suplente","dvt":"V\u00e1lido","vap":"35","pvap":"   0,80"},{"seq":"39","sqcand":"230000735985","n":"90111","nm":"RAVEL ARA\u00daJO","cc":"PROS","nv":" ","e":"n","st":"N\u00e3o eleito","dvt":"V\u00e1lido","vap":"34","pvap":"   0,78"},{"seq":"21","sqcand":"230000726923","n":"22777","nm":"IRM\u00c3O REINALDO","cc":"PL","nv":" ","e":"n","st":"Suplente","dvt":"V\u00e1lido","vap":"63","pvap":"   1,45"},{"seq":"27","sqcand":"230001263917","n":"11011","nm":"NAGILENE","cc":"PP","nv":" ","e":"n","st":"Suplente","dvt":"V\u00e1lido","vap":"25","pvap":"   0,57"},{"seq":"31","sqcand":"230000726931","n":"22222","nm":"CASSIO DO TAXI","cc":"PL","nv":" ","e":"n","st":"Suplente","dvt":"V\u00e1lido","vap":"15","pvap":"   0,34"},{"seq":"23","sqcand":"230000727087","n":"77444","nm":"SANDRA REGINA","cc":"SOLIDARIEDADE","nv":" ","e":"n","st":"Suplente","dvt":"V\u00e1lido","vap":"40","pvap":"   0,92"},{"seq":"3","sqcand":"230000727090","n":"77123","nm":"NILSON VIEIRA","cc":"SOLIDARIEDADE","nv":" ","e":"s","st":"Eleito","dvt":"V\u00e1lido","vap":"287","pvap":"   6,60"},{"seq":"14","sqcand":"230000726734","n":"10333","nm":"TADEU","cc":"REPUBLICANOS","nv":" ","e":"n","st":"Suplente","dvt":"V\u00e1lido","vap":"134","pvap":"   3,08"},{"seq":"34","sqcand":"230000726780","n":"11611","nm":"MARA","cc":"PP","nv":" ","e":"n","st":"Suplente","dvt":"V\u00e1lido","vap":"6","pvap":"   0,14"},{"seq":"8","sqcand":"230000726777","n":"11456","nm":"WALDEMIR","cc":"PP","nv":" ","e":"s","st":"Eleito","dvt":"V\u00e1lido","vap":"186","pvap":"   4,28"},{"seq":"10","sqcand":"230000727092","n":"77456","nm":" ROMUNAT","cc":"SOLIDARIEDADE","nv":" ","e":"n","st":"Suplente","dvt":"V\u00e1lido","vap":"199","pvap":"   4,57"},{"seq":"45","sqcand":"230000735982","n":"90345","nm":"DIMAR","cc":"PROS","nv":" ","e":"n","st":"N\u00e3o eleito","dvt":"V\u00e1lido","vap":"1","pvap":"   0,02"},{"seq":"40","sqcand":"230000735984","n":"90000","nm":"PROFESSORA CAL\u00c9RIA","cc":"PROS","nv":" ","e":"n","st":"N\u00e3o eleito","dvt":"V\u00e1lido","vap":"21","pvap":"   0,48"},{"seq":"18","sqcand":"230000726927","n":"22555","nm":"JOSUE","cc":"PL","nv":" ","e":"n","st":"Suplente","dvt":"V\u00e1lido","vap":"75","pvap":"   1,72"},{"seq":"35","sqcand":"230000726928","n":"22333","nm":"DANIELE DE CAMPOS NOVOS","cc":"PL","nv":" ","e":"n","st":"Suplente","dvt":"V\u00e1lido","vap":"5","pvap":"   0,11"},{"seq":"32","sqcand":"230000727086","n":"77000","nm":"PROFESSORA VERA AQUINO","cc":"SOLIDARIEDADE","nv":" ","e":"n","st":"Suplente","dvt":"V\u00e1lido","vap":"13","pvap":"   0,30"},{"seq":"38","sqcand":"230000735983","n":"90543","nm":"ELIENE SILVA","cc":"PROS","nv":" ","e":"n","st":"N\u00e3o eleito","dvt":"V\u00e1lido","vap":"73","pvap":"   1,68"},{"seq":"37","sqcand":"230000735978","n":"90777","nm":"ELISANGELA ALVES","cc":"PROS","nv":" ","e":"n","st":"N\u00e3o eleito","dvt":"V\u00e1lido","vap":"75","pvap":"   1,72"},{"seq":"17","sqcand":"230000726735","n":"10222","nm":"PROF. DINALVA GONSALVES","cc":"REPUBLICANOS","nv":" ","e":"n","st":"Suplente","dvt":"V\u00e1lido","vap":"84","pvap":"   1,93"},{"seq":"2","sqcand":"230000727089","n":"77888","nm":"SANDRO","cc":"SOLIDARIEDADE","nv":" ","e":"s","st":"Eleito","dvt":"V\u00e1lido","vap":"336","pvap":"   7,72"},{"seq":"4","sqcand":"230000726929","n":"22789","nm":"ENFERMEIRO GABRIEL","cc":"PL","nv":" ","e":"s","st":"Eleito","dvt":"V\u00e1lido","vap":"263","pvap":"   6,05"},{"seq":"33","sqcand":"230000727096","n":"77890","nm":"ELINEIVA MEIRELES","cc":"SOLIDARIEDADE","nv":" ","e":"n","st":"Suplente","dvt":"V\u00e1lido","vap":"10","pvap":"   0,23"},{"seq":"26","sqcand":"230000726925","n":"22007","nm":"LUCIA DO DETE","cc":"PL","nv":" ","e":"n","st":"Suplente","dvt":"V\u00e1lido","vap":"26","pvap":"   0,60"},{"seq":"11","sqcand":"230000727091","n":"77111","nm":"DDD","cc":"SOLIDARIEDADE","nv":" ","e":"n","st":"Suplente","dvt":"V\u00e1lido","vap":"188","pvap":"   4,32"},{"seq":"30","sqcand":"230000726776","n":"11111","nm":"REGINA TRINDADE","cc":"PP","nv":" ","e":"n","st":"Suplente","dvt":"V\u00e1lido","vap":"17","pvap":"   0,39"},{"seq":"22","sqcand":"230000726924","n":"22111","nm":"JOS\u00c9 RAIMUNDO","cc":"PL","nv":" ","e":"n","st":"Suplente","dvt":"V\u00e1lido","vap":"63","pvap":"   1,45"},{"seq":"43","sqcand":"230000735981","n":"90222","nm":"KAROLINE CARDOSO","cc":"PROS","nv":" ","e":"n","st":"N\u00e3o eleito","dvt":"V\u00e1lido","vap":"4","pvap":"   0,09"},{"seq":"15","sqcand":"230000726736","n":"10555","nm":"TANDY LIMA","cc":"REPUBLICANOS","nv":" ","e":"n","st":"Suplente","dvt":"V\u00e1lido","vap":"117","pvap":"   2,69"},{"seq":"7","sqcand":"230000726737","n":"10123","nm":"GIDALIAS O COWBOY","cc":"REPUBLICANOS","nv":" ","e":"s","st":"Eleito","dvt":"V\u00e1lido","vap":"187","pvap":"   4,30"},{"seq":"19","sqcand":"230000726738","n":"10111","nm":"JOICYANA LEAL","cc":"REPUBLICANOS","nv":" ","e":"n","st":"Suplente","dvt":"V\u00e1lido","vap":"74","pvap":"   1,70"},{"seq":"28","sqcand":"230000727095","n":"77555","nm":"ANGELA CASTRO ","cc":"SOLIDARIEDADE","nv":" ","e":"n","st":"Suplente","dvt":"V\u00e1lido","vap":"23","pvap":"   0,53"},{"seq":"41","sqcand":"230000735979","n":"90333","nm":"CHIC\u00c3O DO AJANARI","cc":"PROS","nv":" ","e":"n","st":"N\u00e3o eleito","dvt":"V\u00e1lido","vap":"20","pvap":"   0,46"},{"seq":"20","sqcand":"230000726779","n":"11234","nm":"ATEVALDO SOLDADO","cc":"PP","nv":" ","e":"n","st":"Suplente","dvt":"V\u00e1lido","vap":"69","pvap":"   1,59"},{"seq":"44","sqcand":"230000735980","n":"90456","nm":"RAIMUNDO DA ASSOCIA\u00c7\u00c3O","cc":"PROS","nv":" ","e":"n","st":"N\u00e3o eleito","dvt":"V\u00e1lido","vap":"3","pvap":"   0,07"},{"seq":"13","sqcand":"230000726732","n":"10456","nm":"PROFESSOR AGNALDO","cc":"REPUBLICANOS","nv":" ","e":"n","st":"Suplente","dvt":"V\u00e1lido","vap":"163","pvap":"   3,75"},{"seq":"16","sqcand":"230000726775","n":"11033","nm":"CARLOS COIMBRA","cc":"PP","nv":" ","e":"n","st":"Suplente","dvt":"V\u00e1lido","vap":"93","pvap":"   2,14"},{"seq":"6","sqcand":"230000727094","n":"77777","nm":"PEZ\u00c3O","cc":"SOLIDARIEDADE","nv":" ","e":"s","st":"Eleito","dvt":"V\u00e1lido","vap":"213","pvap":"   4,90"},{"seq":"1","sqcand":"230000726778","n":"11000","nm":"EDINHO","cc":"PP","nv":" ","e":"s","st":"Eleito","dvt":"V\u00e1lido","vap":"397","pvap":"   9,13"},{"seq":"29","sqcand":"230000727088","n":"77333","nm":"PEDRO DO TAXI ","cc":"SOLIDARIEDADE","nv":" ","e":"n","st":"Suplente","dvt":"V\u00e1lido","vap":"22","pvap":"   0,51"},{"seq":"25","sqcand":"230000726781","n":"11555","nm":"MAZINHO","cc":"PP","nv":" ","e":"n","st":"Suplente","dvt":"V\u00e1lido","vap":"28","pvap":"   0,64"},{"seq":"42","sqcand":"230000735986","n":"90511","nm":"VALDIVINO","cc":"PROS","nv":" ","e":"n","st":"N\u00e3o eleito","dvt":"V\u00e1lido","vap":"6","pvap":"   0,14"},{"seq":"36","sqcand":"230000726930","n":"22666","nm":"MARIA DO GILVAN","cc":"PL","nv":" ","e":"n","st":"Suplente","dvt":"V\u00e1lido","vap":"3","pvap":"   0,07"}]}
