{"ele":"426","tpabr":"mu","cdabr":"03077","carper":"13","t":"1","f":"o","dt":"15/11/2020","ht":"21:13:32","dv":"s","tf":"s","v":"9","esae":"n","mnae":"","s":"39","st":"39","pst":" 100,00","snt":"0","psnt":"   0,00","si":"39","psi":" 100,00","sni":"0","psni":"   0,00","sa":"39","psa":" 100,00","sna":"0","psna":"   0,00","e":"9665","ea":"9665","pea":" 100,00","ena":"0","pena":"   0,00","esi":"9665","pesi":" 100,00","esni":"0","pesni":"   0,00","c":"8211","pc":"  84,96","a":"1454","pa":"  15,04","vscv":"0","vnom":"7749","vl":"305","pvnom":"  96,21","pvl":"   3,79","vvc":"8054","pvvc":"  98,09","vb":"34","pvb":"   0,41","tvn":"123","ptvn":"   1,50","vn":"123","pvn":" 100,00","vnt":"0","pvnt":"   0,00","vp":"0","pvp":"   0,00","vv":"8054","pvv":" 100,00","van":"0","pvan":"   0,00","vansj":"0","pvansj":"   0,00","tv":"8211","cand":[{"seq":"26","sqcand":"230000654204","n":"15222","nm":"PROFESSOR JAIME","cc":"MDB","nv":" ","e":"n","st":"Suplente","dvt":"V\u00e1lido","vap":"98","pvap":"   1,22"},{"seq":"14","sqcand":"230000654201","n":"15333","nm":"PROFESSORA CLEUDIMAR","cc":"MDB","nv":" ","e":"n","st":"Suplente","dvt":"V\u00e1lido","vap":"210","pvap":"   2,61"},{"seq":"71","sqcand":"230000950215","n":"20222","nm":"BAIXINHA DA JOVE","cc":"PSC","nv":" ","e":"n","st":"N\u00e3o eleito","dvt":"V\u00e1lido","vap":"11","pvap":"   0,14"},{"seq":"11","sqcand":"230000655139","n":"10000","nm":"PROFESSOR GIL","cc":"REPUBLICANOS","nv":" ","e":"n","st":"Suplente","dvt":"V\u00e1lido","vap":"257","pvap":"   3,19"},{"seq":"27","sqcand":"230000654023","n":"22022","nm":"PROFESSOR FRANCISCO","cc":"PL","nv":" ","e":"n","st":"Suplente","dvt":"V\u00e1lido","vap":"95","pvap":"   1,18"},{"seq":"87","sqcand":"230000849727","n":"40111","nm":"CRISTHIANE PEIXOTO","cc":"PSB","nv":" ","e":"n","st":"N\u00e3o eleito","dvt":"V\u00e1lido","vap":"3","pvap":"   0,04"},{"seq":"34","sqcand":"230000655133","n":"10321","nm":"EDINEY SOUZA","cc":"REPUBLICANOS","nv":" ","e":"n","st":"Suplente","dvt":"V\u00e1lido","vap":"55","pvap":"   0,68"},{"seq":"13","sqcand":"230000655142","n":"10123","nm":"ELIAS PICOTE","cc":"REPUBLICANOS","nv":" ","e":"n","st":"Suplente","dvt":"V\u00e1lido","vap":"226","pvap":"   2,81"},{"seq":"59","sqcand":"230000950216","n":"20789","nm":"PATO","cc":"PSC","nv":" ","e":"n","st":"N\u00e3o eleito","dvt":"V\u00e1lido","vap":"29","pvap":"   0,36"},{"seq":"69","sqcand":"230000950220","n":"20123","nm":"ROY MELVILLE","cc":"PSC","nv":" ","e":"n","st":"N\u00e3o eleito","dvt":"V\u00e1lido","vap":"13","pvap":"   0,16"},{"seq":"40","sqcand":"230000654022","n":"22100","nm":"PROFESSOR EZIVAN","cc":"PL","nv":" ","e":"n","st":"Suplente","dvt":"V\u00e1lido","vap":"20","pvap":"   0,25"},{"seq":"9","sqcand":"230000654026","n":"22789","nm":"PINGO DO BUS\u00c3O","cc":"PL","nv":" ","e":"s","st":"Eleito","dvt":"V\u00e1lido","vap":"216","pvap":"   2,68"},{"seq":"38","sqcand":"230000655128","n":"28010","nm":"MARCIA AMBR\u00d3SIO","cc":"PRTB","nv":" ","e":"n","st":"Suplente","dvt":"V\u00e1lido","vap":"40","pvap":"   0,50"},{"seq":"29","sqcand":"230000655141","n":"10777","nm":"DR ALVICIO JUNIOR","cc":"REPUBLICANOS","nv":" ","e":"n","st":"Suplente","dvt":"V\u00e1lido","vap":"85","pvap":"   1,06"},{"seq":"76","sqcand":"230000950213","n":"20234","nm":"NEGUINHA DA 3","cc":"PSC","nv":" ","e":"n","st":"N\u00e3o eleito","dvt":"V\u00e1lido","vap":"5","pvap":"   0,06"},{"seq":"57","sqcand":"230000950219","n":"20258","nm":"ZICO","cc":"PSC","nv":" ","e":"n","st":"N\u00e3o eleito","dvt":"V\u00e1lido","vap":"53","pvap":"   0,66"},{"seq":"50","sqcand":"230000655121","n":"28999","nm":"ANA ERICA","cc":"PRTB","nv":" ","e":"n","st":"Suplente","dvt":"V\u00e1lido","vap":"6","pvap":"   0,07"},{"seq":"46","sqcand":"230000655124","n":"28000","nm":"PROFESSOR IDELBLANDO","cc":"PRTB","nv":" ","e":"n","st":"Suplente","dvt":"V\u00e1lido","vap":"11","pvap":"   0,14"},{"seq":"30","sqcand":"230000655134","n":"10888","nm":"BETE DA SA\u00daDE","cc":"REPUBLICANOS","nv":" ","e":"n","st":"Suplente","dvt":"V\u00e1lido","vap":"82","pvap":"   1,02"},{"seq":"73","sqcand":"230000726865","n":"12332","nm":"LUCAS JACO","cc":"PDT","nv":" ","e":"n","st":"N\u00e3o eleito","dvt":"V\u00e1lido","vap":"8","pvap":"   0,10"},{"seq":"48","sqcand":"230000654197","n":"15122","nm":"SOL","cc":"MDB","nv":" ","e":"n","st":"Suplente","dvt":"V\u00e1lido","vap":"8","pvap":"   0,10"},{"seq":"36","sqcand":"230000653984","n":"90133","nm":"MARIA LORETA","cc":"PROS","nv":" ","e":"n","st":"Suplente","dvt":"V\u00e1lido","vap":"46","pvap":"   0,57"},{"seq":"7","sqcand":"230000653987","n":"90028","nm":"NONATO DO MOSKOW","cc":"PROS","nv":" ","e":"s","st":"Eleito","dvt":"V\u00e1lido","vap":"281","pvap":"   3,49"},{"seq":"3","sqcand":"230000655138","n":"10789","nm":"DOMINGOS COSTA","cc":"REPUBLICANOS","nv":" ","e":"s","st":"Eleito","dvt":"V\u00e1lido","vap":"380","pvap":"   4,72"},{"seq":"25","sqcand":"230000653981","n":"90100","nm":"NETO AGULHA","cc":"PROS","nv":" ","e":"n","st":"Suplente","dvt":"V\u00e1lido","vap":"114","pvap":"   1,42"},{"seq":"72","sqcand":"230000726869","n":"12345","nm":"MARLENE","cc":"PDT","nv":" ","e":"n","st":"N\u00e3o eleito","dvt":"V\u00e1lido","vap":"8","pvap":"   0,10"},{"seq":"42","sqcand":"230000654195","n":"15444","nm":"LUIZ LULA","cc":"MDB","nv":" ","e":"n","st":"Suplente","dvt":"V\u00e1lido","vap":"17","pvap":"   0,21"},{"seq":"19","sqcand":"230000654202","n":"15666","nm":"JOAQUINA FARIAS","cc":"MDB","nv":" ","e":"n","st":"Suplente","dvt":"V\u00e1lido","vap":"170","pvap":"   2,11"},{"seq":"83","sqcand":"230000765737","n":"23489","nm":"MERY SALES","cc":"CIDADANIA","nv":" ","e":"n","st":"N\u00e3o eleito","dvt":"V\u00e1lido","vap":"3","pvap":"   0,04"},{"seq":"60","sqcand":"230000765743","n":"23213","nm":"SERGINHO SIRIK\u00c1","cc":"CIDADANIA","nv":" ","e":"n","st":"N\u00e3o eleito","dvt":"V\u00e1lido","vap":"28","pvap":"   0,35"},{"seq":"70","sqcand":"230000849729","n":"40444","nm":"ABRA\u00c3O","cc":"PSB","nv":" ","e":"n","st":"N\u00e3o eleito","dvt":"V\u00e1lido","vap":"11","pvap":"   0,14"},{"seq":"24","sqcand":"230000653989","n":"90789","nm":"NEGO SIN\u00c9SIO","cc":"PROS","nv":" ","e":"n","st":"Suplente","dvt":"V\u00e1lido","vap":"121","pvap":"   1,50"},{"seq":"85","sqcand":"230000726867","n":"12377","nm":"JANETE","cc":"PDT","nv":" ","e":"n","st":"N\u00e3o eleito","dvt":"V\u00e1lido","vap":"3","pvap":"   0,04"},{"seq":"61","sqcand":"230000849723","n":"40000","nm":"MILTON MOURA","cc":"PSB","nv":" ","e":"n","st":"N\u00e3o eleito","dvt":"V\u00e1lido","vap":"25","pvap":"   0,31"},{"seq":"45","sqcand":"230000655135","n":"10222","nm":"JANIO UCHOA","cc":"REPUBLICANOS","nv":" ","e":"n","st":"Suplente","dvt":"V\u00e1lido","vap":"12","pvap":"   0,15"},{"seq":"68","sqcand":"230000726862","n":"12111","nm":"SENA DO \u00d3","cc":"PDT","nv":" ","e":"n","st":"N\u00e3o eleito","dvt":"V\u00e1lido","vap":"13","pvap":"   0,16"},{"seq":"52","sqcand":"230000655123","n":"28800","nm":"ELINE DINIZ","cc":"PRTB","nv":" ","e":"n","st":"Suplente","dvt":"V\u00e1lido","vap":"4","pvap":"   0,05"},{"seq":"64","sqcand":"230000849725","n":"40234","nm":"DONA NINA","cc":"PSB","nv":" ","e":"n","st":"N\u00e3o eleito","dvt":"V\u00e1lido","vap":"18","pvap":"   0,22"},{"seq":"4","sqcand":"230000654205","n":"15123","nm":"GIL VERAS","cc":"MDB","nv":" ","e":"s","st":"Eleito","dvt":"V\u00e1lido","vap":"331","pvap":"   4,11"},{"seq":"56","sqcand":"230000726868","n":"12333","nm":"JERONIMO PERES","cc":"PDT","nv":" ","e":"n","st":"N\u00e3o eleito","dvt":"V\u00e1lido","vap":"70","pvap":"   0,87"},{"seq":"17","sqcand":"230000655126","n":"28012","nm":"TUXAU\u00c1 JHONIN DO MANO\u00c1","cc":"PRTB","nv":" ","e":"n","st":"Suplente","dvt":"V\u00e1lido","vap":"179","pvap":"   2,22"},{"seq":"78","sqcand":"230000849728","n":"40333","nm":"DONA ADA","cc":"PSB","nv":" ","e":"n","st":"N\u00e3o eleito","dvt":"V\u00e1lido","vap":"5","pvap":"   0,06"},{"seq":"74","sqcand":"230000849730","n":"40222","nm":"ALESSANDRO DINIZ","cc":"PSB","nv":" ","e":"n","st":"N\u00e3o eleito","dvt":"V\u00e1lido","vap":"7","pvap":"   0,09"},{"seq":"92","sqcand":"230000726860","n":"12033","nm":"PROF ROBSON GOMES DO JABUTI","cc":"PDT","nv":" ","e":"n","st":"N\u00e3o eleito","dvt":"V\u00e1lido","vap":"0","pvap":"00.00"},{"seq":"58","sqcand":"230000765741","n":"23023","nm":"VIVIANE CARLA","cc":"CIDADANIA","nv":" ","e":"n","st":"N\u00e3o eleito","dvt":"V\u00e1lido","vap":"52","pvap":"   0,65"},{"seq":"80","sqcand":"230000765742","n":"23333","nm":"SIDY GRANDE","cc":"CIDADANIA","nv":" ","e":"n","st":"N\u00e3o eleito","dvt":"V\u00e1lido","vap":"4","pvap":"   0,05"},{"seq":"32","sqcand":"230000654019","n":"22777","nm":"ANDR\u00c9 FREDERICO","cc":"PL","nv":" ","e":"n","st":"Suplente","dvt":"V\u00e1lido","vap":"72","pvap":"   0,89"},{"seq":"10","sqcand":"230000655122","n":"28028","nm":"CHICO DO CEM","cc":"PRTB","nv":" ","e":"n","st":"Suplente","dvt":"V\u00e1lido","vap":"301","pvap":"   3,74"},{"seq":"86","sqcand":"230001206904","n":"55676","nm":"IGOR WALKER","cc":"PSD","nv":" ","e":"n","st":"N\u00e3o eleito","dvt":"V\u00e1lido","vap":"3","pvap":"   0,04"},{"seq":"55","sqcand":"230000765740","n":"23123","nm":"EDINHO PINHO","cc":"CIDADANIA","nv":" ","e":"n","st":"N\u00e3o eleito","dvt":"V\u00e1lido","vap":"89","pvap":"   1,11"},{"seq":"37","sqcand":"230000655131","n":"28100","nm":"ALEX DA ADMINISTRA\u00c7\u00c3O","cc":"PRTB","nv":" ","e":"n","st":"Suplente","dvt":"V\u00e1lido","vap":"44","pvap":"   0,55"},{"seq":"23","sqcand":"230000654027","n":"22111","nm":"HAMILTON CABOCO CORAJOSO","cc":"PL","nv":" ","e":"n","st":"Suplente","dvt":"V\u00e1lido","vap":"121","pvap":"   1,50"},{"seq":"62","sqcand":"230000765738","n":"23776","nm":"LUANA LAMAZON","cc":"CIDADANIA","nv":" ","e":"n","st":"N\u00e3o eleito","dvt":"V\u00e1lido","vap":"24","pvap":"   0,30"},{"seq":"88","sqcand":"230000849726","n":"40345","nm":"GABRIEL","cc":"PSB","nv":" ","e":"n","st":"N\u00e3o eleito","dvt":"V\u00e1lido","vap":"3","pvap":"   0,04"},{"seq":"5","sqcand":"230000655136","n":"10111","nm":"NELYERTON ANDRADE","cc":"REPUBLICANOS","nv":" ","e":"s","st":"Eleito","dvt":"V\u00e1lido","vap":"327","pvap":"   4,06"},{"seq":"51","sqcand":"230000655140","n":"10333","nm":"PROFESSORA ROSANETE","cc":"REPUBLICANOS","nv":" ","e":"n","st":"Suplente","dvt":"V\u00e1lido","vap":"4","pvap":"   0,05"},{"seq":"66","sqcand":"230001206903","n":"55123","nm":"LEON DA K\u00c1TIA","cc":"PSD","nv":" ","e":"n","st":"N\u00e3o eleito","dvt":"V\u00e1lido","vap":"15","pvap":"   0,19"},{"seq":"16","sqcand":"230000654028","n":"22456","nm":"LORIVAL","cc":"PL","nv":" ","e":"n","st":"Suplente","dvt":"V\u00e1lido","vap":"185","pvap":"   2,30"},{"seq":"1","sqcand":"230000653983","n":"90123","nm":"\u00cdTALO BEZERRA","cc":"PROS","nv":" ","e":"s","st":"Eleito","dvt":"V\u00e1lido","vap":"431","pvap":"   5,35"},{"seq":"39","sqcand":"230000654198","n":"15777","nm":"PROFESSOR AMMSTRONG","cc":"MDB","nv":" ","e":"n","st":"Suplente","dvt":"V\u00e1lido","vap":"21","pvap":"   0,26"},{"seq":"75","sqcand":"230000950212","n":"20000","nm":"JULIANA","cc":"PSC","nv":" ","e":"n","st":"N\u00e3o eleito","dvt":"V\u00e1lido","vap":"6","pvap":"   0,07"},{"seq":"31","sqcand":"230000653988","n":"90190","nm":"PROFESSORA JEARLENE","cc":"PROS","nv":" ","e":"n","st":"Suplente","dvt":"V\u00e1lido","vap":"80","pvap":"   0,99"},{"seq":"43","sqcand":"230000655132","n":"28451","nm":"JORDEAN TURISMO","cc":"PRTB","nv":" ","e":"n","st":"Suplente","dvt":"V\u00e1lido","vap":"17","pvap":"   0,21"},{"seq":"28","sqcand":"230000655129","n":"28888","nm":"PROFESSORA IN\u00caS MAINHA","cc":"PRTB","nv":" ","e":"n","st":"Suplente","dvt":"V\u00e1lido","vap":"91","pvap":"   1,13"},{"seq":"12","sqcand":"230000653990","n":"90000","nm":"ZACARIAS","cc":"PROS","nv":" ","e":"n","st":"Suplente","dvt":"V\u00e1lido","vap":"245","pvap":"   3,04"},{"seq":"89","sqcand":"230000950214","n":"20456","nm":"RIAN","cc":"PSC","nv":" ","e":"n","st":"N\u00e3o eleito","dvt":"V\u00e1lido","vap":"2","pvap":"   0,02"},{"seq":"91","sqcand":"230001236678","n":"55215","nm":"NARA","cc":"PSD","nv":" ","e":"n","st":"N\u00e3o eleito","dvt":"V\u00e1lido","vap":"2","pvap":"   0,02"},{"seq":"53","sqcand":"230000654200","n":"15789","nm":"MARCOS VELARD","cc":"MDB","nv":" ","e":"n","st":"Suplente","dvt":"V\u00e1lido","vap":"0","pvap":"00.00"},{"seq":"47","sqcand":"230000654025","n":"22110","nm":"BALBINA","cc":"PL","nv":" ","e":"n","st":"Suplente","dvt":"V\u00e1lido","vap":"9","pvap":"   0,11"},{"seq":"15","sqcand":"230000654021","n":"22333","nm":"PROFESSORA EVILENE","cc":"PL","nv":" ","e":"n","st":"Suplente","dvt":"V\u00e1lido","vap":"201","pvap":"   2,50"},{"seq":"79","sqcand":"230000849731","n":"40555","nm":"TIA CLEMILDES","cc":"PSB","nv":" ","e":"n","st":"N\u00e3o eleito","dvt":"V\u00e1lido","vap":"5","pvap":"   0,06"},{"seq":"54","sqcand":"230000765739","n":"23456","nm":"DULCE","cc":"CIDADANIA","nv":" ","e":"n","st":"N\u00e3o eleito","dvt":"V\u00e1lido","vap":"160","pvap":"   1,99"},{"seq":"65","sqcand":"230000726861","n":"12199","nm":"CA\u00c7UL\u00c3O  DA VILA S\u00c3O FRANCISCO","cc":"PDT","nv":" ","e":"n","st":"N\u00e3o eleito","dvt":"V\u00e1lido","vap":"18","pvap":"   0,22"},{"seq":"82","sqcand":"230000726864","n":"12051","nm":"JAQUE","cc":"PDT","nv":" ","e":"n","st":"N\u00e3o eleito","dvt":"V\u00e1lido","vap":"4","pvap":"   0,05"},{"seq":"41","sqcand":"230000654020","n":"22123","nm":"LINETE","cc":"PL","nv":" ","e":"n","st":"Suplente","dvt":"V\u00e1lido","vap":"19","pvap":"   0,24"},{"seq":"20","sqcand":"230000653982","n":"90999","nm":"GIL DO RENASCER","cc":"PROS","nv":" ","e":"n","st":"Suplente","dvt":"V\u00e1lido","vap":"164","pvap":"   2,04"},{"seq":"18","sqcand":"230000653986","n":"90555","nm":"CIDRAQUE DIAS","cc":"PROS","nv":" ","e":"n","st":"Suplente","dvt":"V\u00e1lido","vap":"172","pvap":"   2,14"},{"seq":"81","sqcand":"230000726863","n":"12555","nm":"ALCIDES DO TUCANO","cc":"PDT","nv":" ","e":"n","st":"N\u00e3o eleito","dvt":"V\u00e1lido","vap":"4","pvap":"   0,05"},{"seq":"44","sqcand":"230000654203","n":"15100","nm":"LURENE COSTA","cc":"MDB","nv":" ","e":"n","st":"Suplente","dvt":"V\u00e1lido","vap":"15","pvap":"   0,19"},{"seq":"93","sqcand":"230000726866","n":"12222","nm":"EDINALDO","cc":"PDT","nv":" ","e":"n","st":"N\u00e3o eleito","dvt":"V\u00e1lido","vap":"0","pvap":"00.00"},{"seq":"2","sqcand":"230000654196","n":"15555","nm":"RAIMUNDO SALDANHA","cc":"MDB","nv":" ","e":"s","st":"Eleito","dvt":"V\u00e1lido","vap":"421","pvap":"   5,23"},{"seq":"63","sqcand":"230000849724","n":"40123","nm":"ANNE","cc":"PSB","nv":" ","e":"n","st":"N\u00e3o eleito","dvt":"V\u00e1lido","vap":"22","pvap":"   0,27"},{"seq":"67","sqcand":"230001236675","n":"55197","nm":"NONATINHO DA JOSA","cc":"PSD","nv":" ","e":"n","st":"N\u00e3o eleito","dvt":"V\u00e1lido","vap":"14","pvap":"   0,17"},{"seq":"8","sqcand":"230000653985","n":"90222","nm":"IRM\u00c3 NEIDE","cc":"PROS","nv":" ","e":"s","st":"Eleito","dvt":"V\u00e1lido","vap":"252","pvap":"   3,13"},{"seq":"90","sqcand":"230001236677","n":"55222","nm":"J\u00c9SSICA FELIX","cc":"PSD","nv":" ","e":"n","st":"N\u00e3o eleito","dvt":"V\u00e1lido","vap":"2","pvap":"   0,02"},{"seq":"49","sqcand":"230000655137","n":"10456","nm":"PROFESSORA VANIA","cc":"REPUBLICANOS","nv":" ","e":"n","st":"Suplente","dvt":"V\u00e1lido","vap":"7","pvap":"   0,09"},{"seq":"84","sqcand":"230000950218","n":"20555","nm":"ONESIMO","cc":"PSC","nv":" ","e":"n","st":"N\u00e3o eleito","dvt":"V\u00e1lido","vap":"3","pvap":"   0,04"},{"seq":"22","sqcand":"230000654024","n":"22222","nm":"JAIRO TARDELLY","cc":"PL","nv":" ","e":"n","st":"Suplente","dvt":"V\u00e1lido","vap":"137","pvap":"   1,70"},{"seq":"35","sqcand":"230000654199","n":"15321","nm":"KATIA VELASCO","cc":"MDB","nv":" ","e":"n","st":"Suplente","dvt":"V\u00e1lido","vap":"54","pvap":"   0,67"},{"seq":"21","sqcand":"230000655125","n":"28123","nm":"SAB\u00d3IA","cc":"PRTB","nv":" ","e":"n","st":"Suplente","dvt":"V\u00e1lido","vap":"150","pvap":"   1,86"},{"seq":"33","sqcand":"230000655127","n":"28222","nm":"LUCIANO DO S\u00c3O DOMINGOS","cc":"PRTB","nv":" ","e":"n","st":"Suplente","dvt":"V\u00e1lido","vap":"69","pvap":"   0,86"},{"seq":"6","sqcand":"230000655130","n":"28456","nm":"MURIEL EVANGELISTA","cc":"PRTB","nv":" ","e":"s","st":"Eleito","dvt":"V\u00e1lido","vap":"326","pvap":"   4,05"},{"seq":"77","sqcand":"230001206905","n":"55555","nm":"EDSON","cc":"PSD","nv":" ","e":"n","st":"N\u00e3o eleito","dvt":"V\u00e1lido","vap":"5","pvap":"   0,06"}]}
