{"ele":"426","tpabr":"mu","cdabr":"03115","carper":"13","t":"1","f":"o","dt":"15/11/2020","ht":"21:13:29","dv":"s","tf":"s","v":"9","esae":"n","mnae":"","s":"28","st":"28","pst":" 100,00","snt":"0","psnt":"   0,00","si":"28","psi":" 100,00","sni":"0","psni":"   0,00","sa":"28","psa":" 100,00","sna":"0","psna":"   0,00","e":"6912","ea":"6912","pea":" 100,00","ena":"0","pena":"   0,00","esi":"6912","pesi":" 100,00","esni":"0","pesni":"   0,00","c":"6141","pc":"  88,85","a":"771","pa":"  11,15","vscv":"0","vnom":"5686","vl":"274","pvnom":"  95,40","pvl":"   4,60","vvc":"5975","pvvc":"  97,30","vb":"29","pvb":"   0,47","tvn":"137","ptvn":"   2,23","vn":"137","pvn":" 100,00","vnt":"0","pvnt":"   0,00","vp":"0","pvp":"   0,00","vv":"5960","pvv":"  99,75","van":"0","pvan":"   0,00","vansj":"15","pvansj":"   0,25","tv":"6141","cand":[{"seq":"55","sqcand":"230001049598","n":"45555","nm":"JUNIOR DA AUTO ESCOLA SELVA","cc":"PSDB","nv":" ","e":"n","st":"N\u00e3o eleito","dvt":"V\u00e1lido","vap":"53","pvap":"   0,89"},{"seq":"74","sqcand":"230001038014","n":"18999","nm":"JOSY ROSAS","cc":"REDE","nv":" ","e":"n","st":"N\u00e3o eleito","dvt":"V\u00e1lido","vap":"14","pvap":"   0,23"},{"seq":"52","sqcand":"230001038016","n":"18111","nm":"GIOVANI OLIVEIRA","cc":"REDE","nv":" ","e":"n","st":"N\u00e3o eleito","dvt":"V\u00e1lido","vap":"62","pvap":"   1,04"},{"seq":"67","sqcand":"230000780278","n":"23023","nm":"XAIANE GOMES","cc":"CIDADANIA","nv":" ","e":"n","st":"N\u00e3o eleito","dvt":"V\u00e1lido","vap":"17","pvap":"   0,28"},{"seq":"51","sqcand":"230001206610","n":"13333","nm":"ANDREIA DA PROMO\u00c7\u00c3O SOCIAL","cc":"PT","nv":" ","e":"n","st":"N\u00e3o eleito","dvt":"V\u00e1lido","vap":"63","pvap":"   1,05"},{"seq":"10","sqcand":"230000928179","n":"77777","nm":"ALDENES","cc":"SOLIDARIEDADE","nv":" ","e":"n","st":"Suplente","dvt":"V\u00e1lido","vap":"175","pvap":"   2,93"},{"seq":"84","sqcand":"230000969661","n":"20888","nm":"GIOVANDRO","cc":"PSC","nv":" ","e":"n","st":"N\u00e3o eleito","dvt":"V\u00e1lido","vap":"3","pvap":"   0,05"},{"seq":"64","sqcand":"230000969662","n":"20777","nm":"MACINEIA","cc":"PSC","nv":" ","e":"n","st":"N\u00e3o eleito","dvt":"V\u00e1lido","vap":"20","pvap":"   0,33"},{"seq":"2","sqcand":"230000927035","n":"10789","nm":"JUNIOR BRASIL","cc":"REPUBLICANOS","nv":" ","e":"s","st":"Eleito","dvt":"V\u00e1lido","vap":"359","pvap":"   6,01"},{"seq":"13","sqcand":"230000828926","n":"15000","nm":"JANDERSON GORD\u00c3O","cc":"MDB","nv":" ","e":"n","st":"Suplente","dvt":"V\u00e1lido","vap":"122","pvap":"   2,04"},{"seq":"72","sqcand":"230001049596","n":"45222","nm":"Z\u00c9 VIANA","cc":"PSDB","nv":" ","e":"n","st":"N\u00e3o eleito","dvt":"Anulado sub judice","vap":"15","pvap":"   0,25"},{"seq":"76","sqcand":"230000780271","n":"23008","nm":"K\u00c1TILA PEIXOTO","cc":"CIDADANIA","nv":" ","e":"n","st":"N\u00e3o eleito","dvt":"V\u00e1lido","vap":"12","pvap":"   0,20"},{"seq":"15","sqcand":"230000927034","n":"10000","nm":"EDUARDO ROSAS","cc":"REPUBLICANOS","nv":" ","e":"n","st":"Suplente","dvt":"V\u00e1lido","vap":"117","pvap":"   1,96"},{"seq":"32","sqcand":"230001206600","n":"55231","nm":"CHIRLEY MACUXI","cc":"PSD","nv":" ","e":"n","st":"Suplente","dvt":"V\u00e1lido","vap":"14","pvap":"   0,23"},{"seq":"78","sqcand":"230000969657","n":"20222","nm":"MAGUILA","cc":"PSC","nv":" ","e":"n","st":"N\u00e3o eleito","dvt":"V\u00e1lido","vap":"11","pvap":"   0,18"},{"seq":"44","sqcand":"230000780277","n":"23456","nm":"EDUARDO OLIVEIRA","cc":"CIDADANIA","nv":" ","e":"n","st":"N\u00e3o eleito","dvt":"V\u00e1lido","vap":"112","pvap":"   1,87"},{"seq":"20","sqcand":"230001206596","n":"55123","nm":"ROBINHO MACUNAIMA","cc":"PSD","nv":" ","e":"n","st":"Suplente","dvt":"V\u00e1lido","vap":"68","pvap":"   1,14"},{"seq":"80","sqcand":"230000765811","n":"40222","nm":"PROFESSOR REINALDO","cc":"PSB","nv":" ","e":"n","st":"N\u00e3o eleito","dvt":"V\u00e1lido","vap":"8","pvap":"   0,13"},{"seq":"41","sqcand":"230001049597","n":"45123","nm":"ANA DO TED","cc":"PSDB","nv":" ","e":"n","st":"N\u00e3o eleito","dvt":"V\u00e1lido","vap":"169","pvap":"   2,83"},{"seq":"56","sqcand":"230000667779","n":"43000","nm":"KATARINA DO PEREIRA","cc":"PV","nv":" ","e":"n","st":"N\u00e3o eleito","dvt":"V\u00e1lido","vap":"48","pvap":"   0,80"},{"seq":"88","sqcand":"230001049599","n":"45313","nm":"TUXAUA Z\u00c9LIO","cc":"PSDB","nv":" ","e":"n","st":"N\u00e3o eleito","dvt":"V\u00e1lido","vap":"1","pvap":"   0,02"},{"seq":"30","sqcand":"230000928181","n":"77345","nm":"SHIRRA","cc":"SOLIDARIEDADE","nv":" ","e":"n","st":"Suplente","dvt":"V\u00e1lido","vap":"16","pvap":"   0,27"},{"seq":"31","sqcand":"230000828927","n":"15156","nm":"ERCILIA","cc":"MDB","nv":" ","e":"n","st":"Suplente","dvt":"V\u00e1lido","vap":"15","pvap":"   0,25"},{"seq":"29","sqcand":"230001206604","n":"55125","nm":"VALDIRENE DO BEIJAFLOR","cc":"PSD","nv":" ","e":"n","st":"Suplente","dvt":"V\u00e1lido","vap":"18","pvap":"   0,30"},{"seq":"60","sqcand":"230001038009","n":"18456","nm":"JAIME PIASAN","cc":"REDE","nv":" ","e":"n","st":"N\u00e3o eleito","dvt":"V\u00e1lido","vap":"29","pvap":"   0,49"},{"seq":"1","sqcand":"230000928178","n":"77333","nm":"IRM\u00c3O ERISMAR","cc":"SOLIDARIEDADE","nv":" ","e":"s","st":"Eleito","dvt":"V\u00e1lido","vap":"463","pvap":"   7,75"},{"seq":"86","sqcand":"230000969652","n":"20999","nm":"CARIOCA","cc":"PSC","nv":" ","e":"n","st":"N\u00e3o eleito","dvt":"V\u00e1lido","vap":"2","pvap":"   0,03"},{"seq":"50","sqcand":"230000969656","n":"20000","nm":"CARECA","cc":"PSC","nv":" ","e":"n","st":"N\u00e3o eleito","dvt":"V\u00e1lido","vap":"67","pvap":"   1,12"},{"seq":"66","sqcand":"230000969653","n":"20333","nm":"SAPATINHO","cc":"PSC","nv":" ","e":"n","st":"N\u00e3o eleito","dvt":"V\u00e1lido","vap":"17","pvap":"   0,28"},{"seq":"77","sqcand":"230000780270","n":"23123","nm":"CHARL\u00c3O","cc":"CIDADANIA","nv":" ","e":"n","st":"N\u00e3o eleito","dvt":"V\u00e1lido","vap":"11","pvap":"   0,18"},{"seq":"90","sqcand":"230000969655","n":"20100","nm":"N\u00c1RIA","cc":"PSC","nv":" ","e":"n","st":"N\u00e3o eleito","dvt":"V\u00e1lido","vap":"0","pvap":"00.00"},{"seq":"49","sqcand":"230000969660","n":"20123","nm":"MATIAS MOREIRA","cc":"PSC","nv":" ","e":"n","st":"N\u00e3o eleito","dvt":"V\u00e1lido","vap":"72","pvap":"   1,21"},{"seq":"89","sqcand":"230000765810","n":"40567","nm":"VANDERSON TAXISTA","cc":"PSB","nv":" ","e":"n","st":"N\u00e3o eleito","dvt":"V\u00e1lido","vap":"0","pvap":"00.00"},{"seq":"25","sqcand":"230000828925","n":"15456","nm":"JOYCE PEIXOTO","cc":"MDB","nv":" ","e":"n","st":"Suplente","dvt":"V\u00e1lido","vap":"42","pvap":"   0,70"},{"seq":"16","sqcand":"230000927031","n":"10145","nm":"CHIQUINHO TACKWONDO","cc":"REPUBLICANOS","nv":" ","e":"n","st":"Suplente","dvt":"V\u00e1lido","vap":"91","pvap":"   1,52"},{"seq":"24","sqcand":"230000828923","n":"15333","nm":"TUNICO P\u00c9 NO CH\u00c3O","cc":"MDB","nv":" ","e":"n","st":"Suplente","dvt":"V\u00e1lido","vap":"48","pvap":"   0,80"},{"seq":"75","sqcand":"230001038011","n":"18115","nm":"LENIR GRIGORIO","cc":"REDE","nv":" ","e":"n","st":"N\u00e3o eleito","dvt":"V\u00e1lido","vap":"13","pvap":"   0,22"},{"seq":"54","sqcand":"230000780273","n":"23777","nm":"PINTINHO","cc":"CIDADANIA","nv":" ","e":"n","st":"N\u00e3o eleito","dvt":"V\u00e1lido","vap":"54","pvap":"   0,90"},{"seq":"69","sqcand":"230001206612","n":"13000","nm":"IRM\u00c3O VILSON","cc":"PT","nv":" ","e":"n","st":"N\u00e3o eleito","dvt":"V\u00e1lido","vap":"16","pvap":"   0,27"},{"seq":"18","sqcand":"230001206595","n":"55005","nm":"HELIO DO CANAVIAL","cc":"PSD","nv":" ","e":"n","st":"Suplente","dvt":"V\u00e1lido","vap":"90","pvap":"   1,51"},{"seq":"63","sqcand":"230000667776","n":"43763","nm":"BETH ACS","cc":"PV","nv":" ","e":"n","st":"N\u00e3o eleito","dvt":"V\u00e1lido","vap":"21","pvap":"   0,35"},{"seq":"81","sqcand":"230000780275","n":"23888","nm":"MARIA DE LOURDES","cc":"CIDADANIA","nv":" ","e":"n","st":"N\u00e3o eleito","dvt":"V\u00e1lido","vap":"6","pvap":"   0,10"},{"seq":"37","sqcand":"230000928184","n":"77645","nm":"BOMBINHA","cc":"SOLIDARIEDADE","nv":" ","e":"n","st":"Suplente","dvt":"V\u00e1lido","vap":"6","pvap":"   0,10"},{"seq":"3","sqcand":"230000828922","n":"15222","nm":"ANIBAL ARAUJO","cc":"MDB","nv":" ","e":"s","st":"Eleito","dvt":"V\u00e1lido","vap":"296","pvap":"   4,95"},{"seq":"22","sqcand":"230000928185","n":"77123","nm":"BEB\u00c9","cc":"SOLIDARIEDADE","nv":" ","e":"n","st":"Suplente","dvt":"V\u00e1lido","vap":"49","pvap":"   0,82"},{"seq":"35","sqcand":"230001206601","n":"55888","nm":"RA\u00cdNE DO NAPOLE\u00c3O","cc":"PSD","nv":" ","e":"n","st":"Suplente","dvt":"V\u00e1lido","vap":"7","pvap":"   0,12"},{"seq":"39","sqcand":"230000928186","n":"77677","nm":"NEUVIA CARNEIRO","cc":"SOLIDARIEDADE","nv":" ","e":"n","st":"Suplente","dvt":"V\u00e1lido","vap":"0","pvap":"00.00"},{"seq":"43","sqcand":"230001206608","n":"13123","nm":"LINDOMAR LIMA","cc":"PT","nv":" ","e":"n","st":"N\u00e3o eleito","dvt":"V\u00e1lido","vap":"121","pvap":"   2,03"},{"seq":"70","sqcand":"230001038013","n":"18133","nm":"DI\u00d3RGENES RAPOSO","cc":"REDE","nv":" ","e":"n","st":"N\u00e3o eleito","dvt":"V\u00e1lido","vap":"16","pvap":"   0,27"},{"seq":"21","sqcand":"230000828921","n":"15555","nm":"DONA DIVA","cc":"MDB","nv":" ","e":"n","st":"Suplente","dvt":"V\u00e1lido","vap":"59","pvap":"   0,99"},{"seq":"7","sqcand":"230000928183","n":"77000","nm":"DANI ESBELL","cc":"SOLIDARIEDADE","nv":" ","e":"s","st":"Eleito","dvt":"V\u00e1lido","vap":"178","pvap":"   2,98"},{"seq":"28","sqcand":"230000927032","n":"10010","nm":"MESQUITA DO TAXI","cc":"REPUBLICANOS","nv":" ","e":"n","st":"Suplente","dvt":"V\u00e1lido","vap":"30","pvap":"   0,50"},{"seq":"42","sqcand":"230001038012","n":"18144","nm":"CARLA JARRAIRA","cc":"REDE","nv":" ","e":"n","st":"N\u00e3o eleito","dvt":"V\u00e1lido","vap":"126","pvap":"   2,11"},{"seq":"61","sqcand":"230000667773","n":"43757","nm":"EZEQUIEL LAURENTINO","cc":"PV","nv":" ","e":"n","st":"N\u00e3o eleito","dvt":"V\u00e1lido","vap":"24","pvap":"   0,40"},{"seq":"11","sqcand":"230000928182","n":"77456","nm":"K\u00c1TIO","cc":"SOLIDARIEDADE","nv":" ","e":"n","st":"Suplente","dvt":"V\u00e1lido","vap":"150","pvap":"   2,51"},{"seq":"17","sqcand":"230000927039","n":"10122","nm":"CRISMO PEREIRA","cc":"REPUBLICANOS","nv":" ","e":"n","st":"Suplente","dvt":"V\u00e1lido","vap":"91","pvap":"   1,52"},{"seq":"79","sqcand":"230001038010","n":"18123","nm":"IZA\u00cdAS FARIAS","cc":"REDE","nv":" ","e":"n","st":"N\u00e3o eleito","dvt":"V\u00e1lido","vap":"8","pvap":"   0,13"},{"seq":"19","sqcand":"230000927036","n":"10156","nm":"PROF ZEILTON","cc":"REPUBLICANOS","nv":" ","e":"n","st":"Suplente","dvt":"V\u00e1lido","vap":"70","pvap":"   1,17"},{"seq":"45","sqcand":"230000765809","n":"40000","nm":"JANIO ESBELL","cc":"PSB","nv":" ","e":"n","st":"N\u00e3o eleito","dvt":"V\u00e1lido","vap":"102","pvap":"   1,71"},{"seq":"5","sqcand":"230000828924","n":"15888","nm":"RENAN MACEDO","cc":"MDB","nv":" ","e":"s","st":"Eleito","dvt":"V\u00e1lido","vap":"189","pvap":"   3,16"},{"seq":"62","sqcand":"230001038007","n":"18174","nm":"GERCIMAR MALHEIRO","cc":"REDE","nv":" ","e":"n","st":"N\u00e3o eleito","dvt":"V\u00e1lido","vap":"22","pvap":"   0,37"},{"seq":"14","sqcand":"230000927033","n":"10123","nm":"GEUSA BACURAL","cc":"REPUBLICANOS","nv":" ","e":"n","st":"Suplente","dvt":"V\u00e1lido","vap":"119","pvap":"   1,99"},{"seq":"73","sqcand":"230000969659","n":"20555","nm":"MARINILDE","cc":"PSC","nv":" ","e":"n","st":"N\u00e3o eleito","dvt":"V\u00e1lido","vap":"14","pvap":"   0,23"},{"seq":"47","sqcand":"230000765807","n":"40789","nm":"ESDRAS RAPOSO","cc":"PSB","nv":" ","e":"n","st":"N\u00e3o eleito","dvt":"V\u00e1lido","vap":"85","pvap":"   1,42"},{"seq":"58","sqcand":"230000969663","n":"20456","nm":"GLEICIV\u00c2NIA","cc":"PSC","nv":" ","e":"n","st":"N\u00e3o eleito","dvt":"V\u00e1lido","vap":"34","pvap":"   0,57"},{"seq":"59","sqcand":"230000780276","n":"23133","nm":"MAYARA PAULINO","cc":"CIDADANIA","nv":" ","e":"n","st":"N\u00e3o eleito","dvt":"V\u00e1lido","vap":"32","pvap":"   0,54"},{"seq":"36","sqcand":"230001206599","n":"55000","nm":"KIVIA","cc":"PSD","nv":" ","e":"n","st":"Suplente","dvt":"V\u00e1lido","vap":"6","pvap":"   0,10"},{"seq":"23","sqcand":"230001206602","n":"55333","nm":"ALZENIR DO TESO DO GAVI\u00c3O","cc":"PSD","nv":" ","e":"n","st":"Suplente","dvt":"V\u00e1lido","vap":"49","pvap":"   0,82"},{"seq":"27","sqcand":"230001206605","n":"55222","nm":"IRM\u00c3O MANUEL","cc":"PSD","nv":" ","e":"n","st":"Suplente","dvt":"V\u00e1lido","vap":"31","pvap":"   0,52"},{"seq":"26","sqcand":"230000927037","n":"10567","nm":"NETO PAIPAI","cc":"REPUBLICANOS","nv":" ","e":"n","st":"Suplente","dvt":"V\u00e1lido","vap":"39","pvap":"   0,65"},{"seq":"38","sqcand":"230001206598","n":"55678","nm":"MONICA PINHEIRO","cc":"PSD","nv":" ","e":"n","st":"Suplente","dvt":"V\u00e1lido","vap":"2","pvap":"   0,03"},{"seq":"85","sqcand":"230001038015","n":"18789","nm":"CRISHIMA PEKENA","cc":"REDE","nv":" ","e":"n","st":"N\u00e3o eleito","dvt":"V\u00e1lido","vap":"3","pvap":"   0,05"},{"seq":"87","sqcand":"230001049600","n":"45073","nm":"KELITA","cc":"PSDB","nv":" ","e":"n","st":"N\u00e3o eleito","dvt":"V\u00e1lido","vap":"1","pvap":"   0,02"},{"seq":"65","sqcand":"230001038008","n":"18018","nm":"DELIANA FIDELIX","cc":"REDE","nv":" ","e":"n","st":"N\u00e3o eleito","dvt":"V\u00e1lido","vap":"19","pvap":"   0,32"},{"seq":"6","sqcand":"230001206603","n":"55456","nm":"ENFERMEIRO BRIZOLA","cc":"PSD","nv":" ","e":"s","st":"Eleito","dvt":"V\u00e1lido","vap":"185","pvap":"   3,10"},{"seq":"40","sqcand":"230000928180","n":"77077","nm":"NAYANE","cc":"SOLIDARIEDADE","nv":" ","e":"n","st":"Suplente","dvt":"V\u00e1lido","vap":"0","pvap":"00.00"},{"seq":"57","sqcand":"230000667777","n":"43456","nm":"DEDE","cc":"PV","nv":" ","e":"n","st":"N\u00e3o eleito","dvt":"V\u00e1lido","vap":"36","pvap":"   0,60"},{"seq":"83","sqcand":"230000780272","n":"23224","nm":"RIBEIRO","cc":"CIDADANIA","nv":" ","e":"n","st":"N\u00e3o eleito","dvt":"V\u00e1lido","vap":"3","pvap":"   0,05"},{"seq":"4","sqcand":"230000828928","n":"15123","nm":"NATHAN OLIVEIRA","cc":"MDB","nv":" ","e":"s","st":"Eleito","dvt":"V\u00e1lido","vap":"257","pvap":"   4,30"},{"seq":"9","sqcand":"230000927038","n":"10111","nm":"XUXA SOUZA","cc":"REPUBLICANOS","nv":" ","e":"s","st":"Eleito","dvt":"V\u00e1lido","vap":"128","pvap":"   2,14"},{"seq":"46","sqcand":"230001049594","n":"45666","nm":"ADAMO DO TRANSPORTE ESCOLAR","cc":"PSDB","nv":" ","e":"n","st":"N\u00e3o eleito","dvt":"V\u00e1lido","vap":"86","pvap":"   1,44"},{"seq":"48","sqcand":"230000780274","n":"23457","nm":"PROFESSOR HELITON","cc":"CIDADANIA","nv":" ","e":"n","st":"N\u00e3o eleito","dvt":"V\u00e1lido","vap":"81","pvap":"   1,36"},{"seq":"12","sqcand":"230001206594","n":"55453","nm":"VALMIR DO ARA\u00c7A","cc":"PSD","nv":" ","e":"n","st":"Suplente","dvt":"V\u00e1lido","vap":"134","pvap":"   2,24"},{"seq":"8","sqcand":"230001206597","n":"55555","nm":"PROF\u00b0 RONI MARCELO","cc":"PSD","nv":" ","e":"s","st":"Eleito","dvt":"V\u00e1lido","vap":"146","pvap":"   2,44"},{"seq":"71","sqcand":"230001038017","n":"18500","nm":"ELISIANE LIMA","cc":"REDE","nv":" ","e":"n","st":"N\u00e3o eleito","dvt":"V\u00e1lido","vap":"16","pvap":"   0,27"},{"seq":"53","sqcand":"230000667778","n":"43123","nm":"JORD\u00c3O PARIME","cc":"PV","nv":" ","e":"n","st":"N\u00e3o eleito","dvt":"V\u00e1lido","vap":"58","pvap":"   0,97"},{"seq":"33","sqcand":"230001206593","n":"55024","nm":"C\u00c9LI\u00c3O DA RAPOSA","cc":"PSD","nv":" ","e":"n","st":"Suplente","dvt":"V\u00e1lido","vap":"9","pvap":"   0,15"},{"seq":"68","sqcand":"230000667775","n":"43737","nm":"EDUARDO GALV\u00c3O","cc":"PV","nv":" ","e":"n","st":"N\u00e3o eleito","dvt":"V\u00e1lido","vap":"16","pvap":"   0,27"},{"seq":"34","sqcand":"230000927040","n":"10199","nm":"NATHY TEBIER","cc":"REPUBLICANOS","nv":" ","e":"n","st":"Suplente","dvt":"V\u00e1lido","vap":"8","pvap":"   0,13"},{"seq":"82","sqcand":"230000969654","n":"20111","nm":"JAKSON","cc":"PSC","nv":" ","e":"n","st":"N\u00e3o eleito","dvt":"V\u00e1lido","vap":"6","pvap":"   0,10"}]}
