{"ele":"426","tpabr":"mu","cdabr":"03123","carper":"13","t":"1","f":"o","dt":"15/11/2020","ht":"21:22:41","dv":"s","tf":"s","v":"9","esae":"n","mnae":"","s":"33","st":"33","pst":" 100,00","snt":"0","psnt":"   0,00","si":"33","psi":" 100,00","sni":"0","psni":"   0,00","sa":"33","psa":" 100,00","sna":"0","psna":"   0,00","e":"8133","ea":"8133","pea":" 100,00","ena":"0","pena":"   0,00","esi":"8133","pesi":" 100,00","esni":"0","pesni":"   0,00","c":"6316","pc":"  77,66","a":"1817","pa":"  22,34","vscv":"0","vnom":"5919","vl":"227","pvnom":"  96,31","pvl":"   3,69","vvc":"6146","pvvc":"  97,31","vb":"32","pvb":"   0,51","tvn":"138","ptvn":"   2,18","vn":"138","pvn":" 100,00","vnt":"0","pvnt":"   0,00","vp":"0","pvp":"   0,00","vv":"6146","pvv":" 100,00","van":"0","pvan":"   0,00","vansj":"0","pvansj":"   0,00","tv":"6316","cand":[{"seq":"47","sqcand":"230001216013","n":"18000","nm":"EUCLIDES MACUXI","cc":"REDE","nv":" ","e":"n","st":"N\u00e3o eleito","dvt":"V\u00e1lido","vap":"77","pvap":"   1,25"},{"seq":"26","sqcand":"230001216848","n":"45678","nm":"ENFERMEIRO VAN","cc":"PSDB","nv":" ","e":"n","st":"Suplente","dvt":"V\u00e1lido","vap":"51","pvap":"   0,83"},{"seq":"20","sqcand":"230000784241","n":"23123","nm":"Z\u00c9 ARLINDO","cc":"CIDADANIA","nv":" ","e":"n","st":"Suplente","dvt":"V\u00e1lido","vap":"84","pvap":"   1,37"},{"seq":"11","sqcand":"230001216847","n":"45555","nm":"JAC\u00d3 DA SEGURAN\u00c7A","cc":"PSDB","nv":" ","e":"n","st":"Suplente","dvt":"V\u00e1lido","vap":"227","pvap":"   3,69"},{"seq":"30","sqcand":"230001216855","n":"45777","nm":"CLOTILDE QUEIROZ","cc":"PSDB","nv":" ","e":"n","st":"Suplente","dvt":"V\u00e1lido","vap":"33","pvap":"   0,54"},{"seq":"42","sqcand":"230000975680","n":"10555","nm":"GENISON BRITO","cc":"REPUBLICANOS","nv":" ","e":"n","st":"Suplente","dvt":"V\u00e1lido","vap":"0","pvap":"00.00"},{"seq":"48","sqcand":"230001218040","n":"90456","nm":"ROMISSOM DO CONT\u00c3O","cc":"PROS","nv":" ","e":"n","st":"N\u00e3o eleito","dvt":"V\u00e1lido","vap":"63","pvap":"   1,03"},{"seq":"10","sqcand":"230000975676","n":"10000","nm":"PROFESSOR JEFFERSON MANDUCA","cc":"REPUBLICANOS","nv":" ","e":"n","st":"Suplente","dvt":"V\u00e1lido","vap":"241","pvap":"   3,92"},{"seq":"44","sqcand":"230001218043","n":"90321","nm":"PROFESSOR ESTEVAM","cc":"PROS","nv":" ","e":"n","st":"N\u00e3o eleito","dvt":"V\u00e1lido","vap":"135","pvap":"   2,20"},{"seq":"27","sqcand":"230000784249","n":"23023","nm":"RANIELY DO MANOEL","cc":"CIDADANIA","nv":" ","e":"n","st":"Suplente","dvt":"V\u00e1lido","vap":"45","pvap":"   0,73"},{"seq":"23","sqcand":"230000784250","n":"23222","nm":"TUXAUA PEDROSA","cc":"CIDADANIA","nv":" ","e":"n","st":"Suplente","dvt":"V\u00e1lido","vap":"60","pvap":"   0,98"},{"seq":"55","sqcand":"230001218044","n":"90123","nm":"LEO","cc":"PROS","nv":" ","e":"n","st":"N\u00e3o eleito","dvt":"V\u00e1lido","vap":"14","pvap":"   0,23"},{"seq":"21","sqcand":"230001216853","n":"45444","nm":"PROFESSOR MANOEL FILHO","cc":"PSDB","nv":" ","e":"n","st":"Suplente","dvt":"V\u00e1lido","vap":"64","pvap":"   1,04"},{"seq":"58","sqcand":"230000864665","n":"43043","nm":"KEILA LOPES","cc":"PV","nv":" ","e":"n","st":"N\u00e3o eleito","dvt":"V\u00e1lido","vap":"8","pvap":"   0,13"},{"seq":"38","sqcand":"230000784248","n":"23455","nm":"CIDA","cc":"CIDADANIA","nv":" ","e":"n","st":"Suplente","dvt":"V\u00e1lido","vap":"7","pvap":"   0,11"},{"seq":"33","sqcand":"230000975674","n":"10777","nm":"PROFESSORA VALDIRENE","cc":"REPUBLICANOS","nv":" ","e":"n","st":"Suplente","dvt":"V\u00e1lido","vap":"14","pvap":"   0,23"},{"seq":"45","sqcand":"230001218037","n":"90122","nm":"NORMANDIA","cc":"PROS","nv":" ","e":"n","st":"N\u00e3o eleito","dvt":"V\u00e1lido","vap":"112","pvap":"   1,82"},{"seq":"61","sqcand":"230001218041","n":"90852","nm":"PROFESSORA VERA","cc":"PROS","nv":" ","e":"n","st":"N\u00e3o eleito","dvt":"V\u00e1lido","vap":"4","pvap":"   0,07"},{"seq":"19","sqcand":"230000784246","n":"23789","nm":"TUXAUA ALDINO","cc":"CIDADANIA","nv":" ","e":"n","st":"Suplente","dvt":"V\u00e1lido","vap":"86","pvap":"   1,40"},{"seq":"34","sqcand":"230001216854","n":"45123","nm":"ZENEIDE PERES","cc":"PSDB","nv":" ","e":"n","st":"Suplente","dvt":"V\u00e1lido","vap":"11","pvap":"   0,18"},{"seq":"25","sqcand":"230000657671","n":"77123","nm":"BERG","cc":"SOLIDARIEDADE","nv":" ","e":"n","st":"Suplente","dvt":"V\u00e1lido","vap":"52","pvap":"   0,85"},{"seq":"57","sqcand":"230000864667","n":"43333","nm":"JEILDO DA SAUDE","cc":"PV","nv":" ","e":"n","st":"N\u00e3o eleito","dvt":"V\u00e1lido","vap":"8","pvap":"   0,13"},{"seq":"56","sqcand":"230000864672","n":"43999","nm":"TUXAUA EVALDO","cc":"PV","nv":" ","e":"n","st":"N\u00e3o eleito","dvt":"V\u00e1lido","vap":"13","pvap":"   0,21"},{"seq":"60","sqcand":"230001218039","n":"90000","nm":"ARMANDINA","cc":"PROS","nv":" ","e":"n","st":"N\u00e3o eleito","dvt":"V\u00e1lido","vap":"4","pvap":"   0,07"},{"seq":"50","sqcand":"230000864668","n":"43800","nm":"MARTINHA","cc":"PV","nv":" ","e":"n","st":"N\u00e3o eleito","dvt":"V\u00e1lido","vap":"33","pvap":"   0,54"},{"seq":"29","sqcand":"230001216851","n":"45999","nm":"IVANDI FILHO","cc":"PSDB","nv":" ","e":"n","st":"Suplente","dvt":"V\u00e1lido","vap":"39","pvap":"   0,63"},{"seq":"36","sqcand":"230001216852","n":"45650","nm":"BRUNO ALBUQUERQUE","cc":"PSDB","nv":" ","e":"n","st":"Suplente","dvt":"V\u00e1lido","vap":"10","pvap":"   0,16"},{"seq":"1","sqcand":"230000975678","n":"10789","nm":"TECO PAIXAO","cc":"REPUBLICANOS","nv":" ","e":"s","st":"Eleito","dvt":"V\u00e1lido","vap":"443","pvap":"   7,21"},{"seq":"39","sqcand":"230000846686","n":"28789","nm":"S\u00cdRIA MACUXI","cc":"PRTB","nv":" ","e":"n","st":"Suplente","dvt":"V\u00e1lido","vap":"4","pvap":"   0,07"},{"seq":"49","sqcand":"230001218038","n":"90188","nm":"ROBSON ALVES","cc":"PROS","nv":" ","e":"n","st":"N\u00e3o eleito","dvt":"V\u00e1lido","vap":"57","pvap":"   0,93"},{"seq":"3","sqcand":"230000657675","n":"77000","nm":"DILA SANTOS","cc":"SOLIDARIEDADE","nv":" ","e":"s","st":"Eleito","dvt":"V\u00e1lido","vap":"372","pvap":"   6,05"},{"seq":"16","sqcand":"230000846685","n":"28777","nm":"FABINHO FILHO DO PRF LUCIANO","cc":"PRTB","nv":" ","e":"n","st":"Suplente","dvt":"V\u00e1lido","vap":"111","pvap":"   1,81"},{"seq":"52","sqcand":"230000864669","n":"43789","nm":"GLAUCINEIDE PAULA","cc":"PV","nv":" ","e":"n","st":"N\u00e3o eleito","dvt":"V\u00e1lido","vap":"25","pvap":"   0,41"},{"seq":"6","sqcand":"230000975677","n":"10123","nm":"ARLINDO DO TAXI","cc":"REPUBLICANOS","nv":" ","e":"s","st":"Eleito","dvt":"V\u00e1lido","vap":"256","pvap":"   4,17"},{"seq":"54","sqcand":"230000864671","n":"43456","nm":"PIXOTE","cc":"PV","nv":" ","e":"n","st":"N\u00e3o eleito","dvt":"V\u00e1lido","vap":"15","pvap":"   0,24"},{"seq":"24","sqcand":"230000846681","n":"28456","nm":"PROFESSORA SUZY DEYSE","cc":"PRTB","nv":" ","e":"n","st":"Suplente","dvt":"V\u00e1lido","vap":"58","pvap":"   0,94"},{"seq":"5","sqcand":"230000975675","n":"10111","nm":"KASSIA SENA","cc":"REPUBLICANOS","nv":" ","e":"s","st":"Eleito","dvt":"V\u00e1lido","vap":"263","pvap":"   4,28"},{"seq":"22","sqcand":"230000846682","n":"28555","nm":"FABIANO GOMES","cc":"PRTB","nv":" ","e":"n","st":"Suplente","dvt":"V\u00e1lido","vap":"63","pvap":"   1,03"},{"seq":"7","sqcand":"230000846687","n":"28123","nm":"J\u00daNIOR DA TEIA","cc":"PRTB","nv":" ","e":"s","st":"Eleito","dvt":"V\u00e1lido","vap":"254","pvap":"   4,13"},{"seq":"46","sqcand":"230000864670","n":"43444","nm":"ADIZON MENANDRO","cc":"PV","nv":" ","e":"n","st":"N\u00e3o eleito","dvt":"V\u00e1lido","vap":"78","pvap":"   1,27"},{"seq":"4","sqcand":"230000657672","n":"77555","nm":"RODVAN","cc":"SOLIDARIEDADE","nv":" ","e":"s","st":"Eleito","dvt":"V\u00e1lido","vap":"367","pvap":"   5,97"},{"seq":"32","sqcand":"230000784238","n":"23234","nm":"TENENTE GARCIA","cc":"CIDADANIA","nv":" ","e":"n","st":"Suplente","dvt":"V\u00e1lido","vap":"27","pvap":"   0,44"},{"seq":"9","sqcand":"230000784239","n":"23333","nm":"MARCELO BENVINDO","cc":"CIDADANIA","nv":" ","e":"s","st":"Eleito","dvt":"V\u00e1lido","vap":"214","pvap":"   3,48"},{"seq":"17","sqcand":"230000784243","n":"23000","nm":"PROFESSOR NIVALDO","cc":"CIDADANIA","nv":" ","e":"n","st":"Suplente","dvt":"V\u00e1lido","vap":"105","pvap":"   1,71"},{"seq":"14","sqcand":"230000975672","n":"10122","nm":"LEANDRO SILVA","cc":"REPUBLICANOS","nv":" ","e":"n","st":"Suplente","dvt":"V\u00e1lido","vap":"141","pvap":"   2,29"},{"seq":"40","sqcand":"230001216850","n":"45888","nm":"JANIELE PEDROSA","cc":"PSDB","nv":" ","e":"n","st":"Suplente","dvt":"V\u00e1lido","vap":"4","pvap":"   0,07"},{"seq":"15","sqcand":"230000657673","n":"77789","nm":"KAROL MIRANDA","cc":"SOLIDARIEDADE","nv":" ","e":"n","st":"Suplente","dvt":"V\u00e1lido","vap":"134","pvap":"   2,18"},{"seq":"43","sqcand":"230000864664","n":"43123","nm":"PROFESSOR BRUNE","cc":"PV","nv":" ","e":"n","st":"N\u00e3o eleito","dvt":"V\u00e1lido","vap":"247","pvap":"   4,02"},{"seq":"59","sqcand":"230001218042","n":"90777","nm":"MAICON","cc":"PROS","nv":" ","e":"n","st":"N\u00e3o eleito","dvt":"V\u00e1lido","vap":"6","pvap":"   0,10"},{"seq":"13","sqcand":"230000784244","n":"23111","nm":"OLGA MACUXI","cc":"CIDADANIA","nv":" ","e":"n","st":"Suplente","dvt":"V\u00e1lido","vap":"142","pvap":"   2,31"},{"seq":"2","sqcand":"230000975673","n":"10222","nm":"MELO","cc":"REPUBLICANOS","nv":" ","e":"s","st":"Eleito","dvt":"V\u00e1lido","vap":"410","pvap":"   6,67"},{"seq":"12","sqcand":"230000846680","n":"28028","nm":"ROBERLENY DO DR SERGIO","cc":"PRTB","nv":" ","e":"n","st":"Suplente","dvt":"V\u00e1lido","vap":"165","pvap":"   2,68"},{"seq":"18","sqcand":"230000784240","n":"23456","nm":"TUXAUA DELTON","cc":"CIDADANIA","nv":" ","e":"n","st":"Suplente","dvt":"V\u00e1lido","vap":"90","pvap":"   1,46"},{"seq":"28","sqcand":"230000846684","n":"28000","nm":"BENJAMIM P\u00c9 NO CH\u00c3O","cc":"PRTB","nv":" ","e":"n","st":"Suplente","dvt":"V\u00e1lido","vap":"41","pvap":"   0,67"},{"seq":"53","sqcand":"230001216015","n":"18115","nm":"ANTONIO","cc":"REDE","nv":" ","e":"n","st":"N\u00e3o eleito","dvt":"V\u00e1lido","vap":"20","pvap":"   0,33"},{"seq":"41","sqcand":"230000975679","n":"10100","nm":"NELMA TAVORA","cc":"REPUBLICANOS","nv":" ","e":"n","st":"Suplente","dvt":"V\u00e1lido","vap":"3","pvap":"   0,05"},{"seq":"8","sqcand":"230001216849","n":"45000","nm":"IRM\u00c3O GRANDE","cc":"PSDB","nv":" ","e":"s","st":"Eleito","dvt":"V\u00e1lido","vap":"233","pvap":"   3,79"},{"seq":"51","sqcand":"230001216014","n":"18789","nm":"DIONEIDE PEREIRA","cc":"REDE","nv":" ","e":"n","st":"N\u00e3o eleito","dvt":"V\u00e1lido","vap":"29","pvap":"   0,47"},{"seq":"35","sqcand":"230000784245","n":"23555","nm":"GISELA NEVES","cc":"CIDADANIA","nv":" ","e":"n","st":"Suplente","dvt":"V\u00e1lido","vap":"10","pvap":"   0,16"},{"seq":"37","sqcand":"230000784247","n":"23433","nm":"PROFESSORA VALDENEIDE","cc":"CIDADANIA","nv":" ","e":"n","st":"Suplente","dvt":"V\u00e1lido","vap":"9","pvap":"   0,15"},{"seq":"31","sqcand":"230000784242","n":"23888","nm":"RODRIGO DO SURUMU","cc":"CIDADANIA","nv":" ","e":"n","st":"Suplente","dvt":"V\u00e1lido","vap":"28","pvap":"   0,46"}]}
