{"ele":"426","tpabr":"mu","cdabr":"04022","carper":"13","t":"1","f":"o","dt":"15/11/2020","ht":"22:22:40","dv":"s","tf":"s","v":"13","esae":"n","mnae":"","s":"159","st":"159","pst":" 100,00","snt":"0","psnt":"   0,00","si":"159","psi":" 100,00","sni":"0","psni":"   0,00","sa":"159","psa":" 100,00","sna":"0","psna":"   0,00","e":"51187","ea":"51187","pea":" 100,00","ena":"0","pena":"   0,00","esi":"51187","pesi":" 100,00","esni":"0","pesni":"   0,00","c":"40500","pc":"  79,12","a":"10687","pa":"  20,88","vscv":"0","vnom":"36097","vl":"2348","pvnom":"  93,89","pvl":"   6,11","vvc":"38948","pvvc":"  96,17","vb":"527","pvb":"   1,30","tvn":"1025","ptvn":"   2,53","vn":"1025","pvn":" 100,00","vnt":"0","pvnt":"   0,00","vp":"0","pvp":"   0,00","vv":"38445","pvv":"  98,71","van":"0","pvan":"   0,00","vansj":"503","pvansj":"   1,29","tv":"40500","cand":[{"seq":"16","sqcand":"140001023660","n":"12222","nm":"PROFESSOR GILSON","cc":"PDT","nv":" ","e":"n","st":"Suplente","dvt":"V\u00e1lido","vap":"664","pvap":"   1,70"},{"seq":"125","sqcand":"140001024088","n":"10000","nm":"CHIQUINHO DO PALMARES","cc":"REPUBLICANOS","nv":" ","e":"n","st":"N\u00e3o eleito","dvt":"V\u00e1lido","vap":"290","pvap":"   0,74"},{"seq":"109","sqcand":"140001010217","n":"45010","nm":"WELITON SILVA","cc":"PSDB","nv":" ","e":"n","st":"Suplente","dvt":"V\u00e1lido","vap":"25","pvap":"   0,06"},{"seq":"21","sqcand":"140001215189","n":"22999","nm":"D\u00c9","cc":"PL","nv":" ","e":"n","st":"Suplente","dvt":"V\u00e1lido","vap":"473","pvap":"   1,21"},{"seq":"104","sqcand":"140001218596","n":"19333","nm":"DEJA","cc":"PODE","nv":" ","e":"n","st":"Suplente","dvt":"V\u00e1lido","vap":"35","pvap":"   0,09"},{"seq":"44","sqcand":"140001215196","n":"22000","nm":"DIANA BRAGA","cc":"PL","nv":" ","e":"n","st":"Suplente","dvt":"V\u00e1lido","vap":"252","pvap":"   0,65"},{"seq":"79","sqcand":"140001215209","n":"90800","nm":"ASSIS","cc":"PROS","nv":" ","e":"n","st":"Suplente","dvt":"V\u00e1lido","vap":"98","pvap":"   0,25"},{"seq":"160","sqcand":"140001024096","n":"10233","nm":"DIANA","cc":"REPUBLICANOS","nv":" ","e":"n","st":"N\u00e3o eleito","dvt":"V\u00e1lido","vap":"9","pvap":"   0,02"},{"seq":"39","sqcand":"140001218527","n":"15555","nm":"CHICO ZIMA","cc":"MDB","nv":" ","e":"n","st":"Suplente","dvt":"V\u00e1lido","vap":"278","pvap":"   0,71"},{"seq":"144","sqcand":"140001024086","n":"10333","nm":"ARISTEU LAMA","cc":"REPUBLICANOS","nv":" ","e":"n","st":"N\u00e3o eleito","dvt":"V\u00e1lido","vap":"50","pvap":"   0,13"},{"seq":"124","sqcand":"140000785794","n":"50123","nm":"PROFESSORA GLACY ","cc":"PSOL","nv":" ","e":"n","st":"N\u00e3o eleito","dvt":"V\u00e1lido","vap":"344","pvap":"   0,88"},{"seq":"29","sqcand":"140001215217","n":"90000","nm":"RICARDO DO TROPICAL","cc":"PROS","nv":" ","e":"n","st":"Suplente","dvt":"V\u00e1lido","vap":"348","pvap":"   0,89"},{"seq":"107","sqcand":"140001023656","n":"12012","nm":"BAIANA","cc":"PDT","nv":" ","e":"n","st":"Suplente","dvt":"V\u00e1lido","vap":"30","pvap":"   0,08"},{"seq":"12","sqcand":"140001215195","n":"22223","nm":"ROSA DA SA\u00daDE","cc":"PL","nv":" ","e":"s","st":"Eleito","dvt":"V\u00e1lido","vap":"503","pvap":"   1,29"},{"seq":"8","sqcand":"140001214723","n":"65555","nm":"ERIVALDO DA SERRARIA","cc":"PC do B","nv":" ","e":"s","st":"Eleito","dvt":"V\u00e1lido","vap":"737","pvap":"   1,89"},{"seq":"152","sqcand":"140001008600","n":"40567","nm":"AERTON SILVA","cc":"PSB","nv":" ","e":"n","st":"N\u00e3o eleito","dvt":"V\u00e1lido","vap":"33","pvap":"   0,08"},{"seq":"108","sqcand":"140001215212","n":"90900","nm":"SANDRA","cc":"PROS","nv":" ","e":"n","st":"Suplente","dvt":"V\u00e1lido","vap":"27","pvap":"   0,07"},{"seq":"81","sqcand":"140001215204","n":"90345","nm":"ANSELMO DO BALNE\u00c1RIO","cc":"PROS","nv":" ","e":"n","st":"Suplente","dvt":"V\u00e1lido","vap":"93","pvap":"   0,24"},{"seq":"60","sqcand":"140001010218","n":"45155","nm":"EZEQUIAS COSTA","cc":"PSDB","nv":" ","e":"n","st":"Suplente","dvt":"V\u00e1lido","vap":"181","pvap":"   0,46"},{"seq":"82","sqcand":"140001214708","n":"65444","nm":"LEIDA","cc":"PC do B","nv":" ","e":"n","st":"Suplente","dvt":"V\u00e1lido","vap":"93","pvap":"   0,24"},{"seq":"4","sqcand":"140001218517","n":"15888","nm":"RAIMUNDA","cc":"MDB","nv":" ","e":"s","st":"Eleito","dvt":"V\u00e1lido","vap":"988","pvap":"   2,54"},{"seq":"146","sqcand":"140001008609","n":"40333","nm":"BRANCA","cc":"PSB","nv":" ","e":"n","st":"N\u00e3o eleito","dvt":"V\u00e1lido","vap":"49","pvap":"   0,13"},{"seq":"32","sqcand":"140001215221","n":"90111","nm":"CL\u00c1UDIO MOTO T\u00c1XI","cc":"PROS","nv":" ","e":"n","st":"Suplente","dvt":"V\u00e1lido","vap":"321","pvap":"   0,82"},{"seq":"46","sqcand":"140001023644","n":"12312","nm":"IZIDIO","cc":"PDT","nv":" ","e":"n","st":"Suplente","dvt":"V\u00e1lido","vap":"241","pvap":"   0,62"},{"seq":"68","sqcand":"140001023650","n":"12007","nm":"CAF\u00c9","cc":"PDT","nv":" ","e":"n","st":"Suplente","dvt":"V\u00e1lido","vap":"148","pvap":"   0,38"},{"seq":"9","sqcand":"140001218589","n":"19222","nm":"NAZILDA","cc":"PODE","nv":" ","e":"s","st":"Eleito","dvt":"V\u00e1lido","vap":"727","pvap":"   1,87"},{"seq":"155","sqcand":"140001008602","n":"40040","nm":"DJ MARCELO DIGITAL","cc":"PSB","nv":" ","e":"n","st":"N\u00e3o eleito","dvt":"V\u00e1lido","vap":"24","pvap":"   0,06"},{"seq":"2","sqcand":"140001218521","n":"15000","nm":"LAURO","cc":"MDB","nv":" ","e":"s","st":"Eleito","dvt":"V\u00e1lido","vap":"1233","pvap":"   3,17"},{"seq":"13","sqcand":"140001010219","n":"45130","nm":"NILVIANO SANTOS","cc":"PSDB","nv":" ","e":"s","st":"Eleito","dvt":"V\u00e1lido","vap":"407","pvap":"   1,04"},{"seq":"149","sqcand":"140001024093","n":"10111","nm":"IRM\u00c3 PAIZINHA","cc":"REPUBLICANOS","nv":" ","e":"n","st":"N\u00e3o eleito","dvt":"V\u00e1lido","vap":"46","pvap":"   0,12"},{"seq":"94","sqcand":"140001214707","n":"65999","nm":"FRANCE MORENO","cc":"PC do B","nv":" ","e":"n","st":"Suplente","dvt":"V\u00e1lido","vap":"56","pvap":"   0,14"},{"seq":"17","sqcand":"140001218590","n":"19000","nm":"VEREADOR PROFESSOR ROSENILDO","cc":"PODE","nv":" ","e":"n","st":"Suplente","dvt":"V\u00e1lido","vap":"613","pvap":"   1,57"},{"seq":"69","sqcand":"140001214705","n":"65100","nm":"ROCHAEL","cc":"PC do B","nv":" ","e":"n","st":"Suplente","dvt":"V\u00e1lido","vap":"146","pvap":"   0,37"},{"seq":"57","sqcand":"140001214716","n":"65233","nm":"ZEQUINHA","cc":"PC do B","nv":" ","e":"n","st":"Suplente","dvt":"V\u00e1lido","vap":"189","pvap":"   0,49"},{"seq":"26","sqcand":"140001214717","n":"65222","nm":"MAILSON ENRIQUE","cc":"PC do B","nv":" ","e":"n","st":"Suplente","dvt":"V\u00e1lido","vap":"389","pvap":"   1,00"},{"seq":"150","sqcand":"140001008599","n":"40888","nm":"FRANCYS BRITO","cc":"PSB","nv":" ","e":"n","st":"N\u00e3o eleito","dvt":"V\u00e1lido","vap":"44","pvap":"   0,11"},{"seq":"138","sqcand":"140001218392","n":"13219","nm":"ERENICE","cc":"PT","nv":" ","e":"n","st":"N\u00e3o eleito","dvt":"V\u00e1lido","vap":"94","pvap":"   0,24"},{"seq":"102","sqcand":"140001218591","n":"19246","nm":"GETULIO PEIXEIRO","cc":"PODE","nv":" ","e":"n","st":"Suplente","dvt":"V\u00e1lido","vap":"37","pvap":"   0,09"},{"seq":"41","sqcand":"140001215198","n":"22777","nm":"GORDO DO PALMARES","cc":"PL","nv":" ","e":"n","st":"Suplente","dvt":"V\u00e1lido","vap":"272","pvap":"   0,70"},{"seq":"140","sqcand":"140001218393","n":"13013","nm":"JO\u00c3O PAULO DA FARM\u00c1CIA","cc":"PT","nv":" ","e":"n","st":"N\u00e3o eleito","dvt":"V\u00e1lido","vap":"89","pvap":"   0,23"},{"seq":"83","sqcand":"140001010216","n":"45333","nm":"Z\u00c9 RONALDO","cc":"PSDB","nv":" ","e":"n","st":"Suplente","dvt":"V\u00e1lido","vap":"91","pvap":"   0,23"},{"seq":"123","sqcand":"140001024090","n":"10234","nm":"OBREIRA CES\u00c1RIA","cc":"REPUBLICANOS","nv":" ","e":"n","st":"N\u00e3o eleito","dvt":"Anulado sub judice","vap":"355","pvap":"   0,91"},{"seq":"50","sqcand":"140001023654","n":"12600","nm":"ALEX","cc":"PDT","nv":" ","e":"n","st":"Suplente","dvt":"V\u00e1lido","vap":"225","pvap":"   0,58"},{"seq":"106","sqcand":"140001214710","n":"65765","nm":"NENZ\u00c3O SOARES","cc":"PC do B","nv":" ","e":"n","st":"Suplente","dvt":"V\u00e1lido","vap":"32","pvap":"   0,08"},{"seq":"139","sqcand":"140001218385","n":"13221","nm":"LUZIA DA CHUMBO GROSSO","cc":"PT","nv":" ","e":"n","st":"N\u00e3o eleito","dvt":"V\u00e1lido","vap":"90","pvap":"   0,23"},{"seq":"115","sqcand":"140001214718","n":"65333","nm":"LEONARDO SOUSA","cc":"PC do B","nv":" ","e":"n","st":"Suplente","dvt":"V\u00e1lido","vap":"14","pvap":"   0,04"},{"seq":"98","sqcand":"140001010215","n":"45999","nm":"DIEGO MARQUES","cc":"PSDB","nv":" ","e":"n","st":"Suplente","dvt":"V\u00e1lido","vap":"42","pvap":"   0,11"},{"seq":"49","sqcand":"140001023659","n":"12333","nm":"BERG","cc":"PDT","nv":" ","e":"n","st":"Suplente","dvt":"V\u00e1lido","vap":"232","pvap":"   0,60"},{"seq":"11","sqcand":"140001215203","n":"90999","nm":"PROFESSOR IDEGLAN","cc":"PROS","nv":" ","e":"s","st":"Eleito","dvt":"V\u00e1lido","vap":"560","pvap":"   1,44"},{"seq":"117","sqcand":"140001218586","n":"19444","nm":"NEVES CORREA","cc":"PODE","nv":" ","e":"n","st":"Suplente","dvt":"V\u00e1lido","vap":"9","pvap":"   0,02"},{"seq":"62","sqcand":"140001215207","n":"90555","nm":"CHICO MOTO T\u00c1XI","cc":"PROS","nv":" ","e":"n","st":"Suplente","dvt":"V\u00e1lido","vap":"177","pvap":"   0,45"},{"seq":"78","sqcand":"140001218582","n":"19555","nm":"CALANGO","cc":"PODE","nv":" ","e":"n","st":"Suplente","dvt":"V\u00e1lido","vap":"103","pvap":"   0,26"},{"seq":"64","sqcand":"140001218518","n":"15152","nm":"NALDO BAIRRO DE F\u00c1TIMA","cc":"MDB","nv":" ","e":"n","st":"Suplente","dvt":"V\u00e1lido","vap":"173","pvap":"   0,44"},{"seq":"121","sqcand":"140001008613","n":"40111","nm":"D\u00c1RIO","cc":"PSB","nv":" ","e":"n","st":"N\u00e3o eleito","dvt":"V\u00e1lido","vap":"426","pvap":"   1,09"},{"seq":"10","sqcand":"140001215194","n":"22123","nm":"JAB\u00c1","cc":"PL","nv":" ","e":"s","st":"Eleito","dvt":"V\u00e1lido","vap":"659","pvap":"   1,69"},{"seq":"132","sqcand":"140001008611","n":"40555","nm":"ZEZINHO DO A\u00c7OUGUE","cc":"PSB","nv":" ","e":"n","st":"N\u00e3o eleito","dvt":"V\u00e1lido","vap":"141","pvap":"   0,36"},{"seq":"19","sqcand":"140001215218","n":"90222","nm":"MILTINHO BOIADEIRO","cc":"PROS","nv":" ","e":"n","st":"Suplente","dvt":"V\u00e1lido","vap":"556","pvap":"   1,43"},{"seq":"23","sqcand":"140001023652","n":"12112","nm":"ALEXANDRE","cc":"PDT","nv":" ","e":"n","st":"Suplente","dvt":"V\u00e1lido","vap":"438","pvap":"   1,12"},{"seq":"63","sqcand":"140001215200","n":"22789","nm":"DICO","cc":"PL","nv":" ","e":"n","st":"Suplente","dvt":"V\u00e1lido","vap":"173","pvap":"   0,44"},{"seq":"89","sqcand":"140001010208","n":"45777","nm":"ELIZA SANTOS","cc":"PSDB","nv":" ","e":"n","st":"Suplente","dvt":"V\u00e1lido","vap":"75","pvap":"   0,19"},{"seq":"36","sqcand":"140001215186","n":"22134","nm":"LEILSON","cc":"PL","nv":" ","e":"n","st":"Suplente","dvt":"V\u00e1lido","vap":"296","pvap":"   0,76"},{"seq":"5","sqcand":"140001023647","n":"12345","nm":"ADAUTO","cc":"PDT","nv":" ","e":"s","st":"Eleito","dvt":"V\u00e1lido","vap":"903","pvap":"   2,32"},{"seq":"137","sqcand":"140001008614","n":"40444","nm":"FILHO MEDEIROS","cc":"PSB","nv":" ","e":"n","st":"N\u00e3o eleito","dvt":"V\u00e1lido","vap":"96","pvap":"   0,25"},{"seq":"15","sqcand":"140001218588","n":"19999","nm":"VEREADOR MARCIO","cc":"PODE","nv":" ","e":"n","st":"Suplente","dvt":"V\u00e1lido","vap":"691","pvap":"   1,77"},{"seq":"40","sqcand":"140001214714","n":"65111","nm":"DALVA","cc":"PC do B","nv":" ","e":"n","st":"Suplente","dvt":"V\u00e1lido","vap":"273","pvap":"   0,70"},{"seq":"30","sqcand":"140001215190","n":"22456","nm":"AIRTON DO TURI","cc":"PL","nv":" ","e":"n","st":"Suplente","dvt":"V\u00e1lido","vap":"334","pvap":"   0,86"},{"seq":"153","sqcand":"140001008605","n":"40100","nm":"ADRIANA BARRETO","cc":"PSB","nv":" ","e":"n","st":"N\u00e3o eleito","dvt":"V\u00e1lido","vap":"30","pvap":"   0,08"},{"seq":"156","sqcand":"140001024087","n":"10100","nm":"DA SILVA","cc":"REPUBLICANOS","nv":" ","e":"n","st":"N\u00e3o eleito","dvt":"V\u00e1lido","vap":"23","pvap":"   0,06"},{"seq":"141","sqcand":"140001218394","n":"13222","nm":"IRM\u00c3O PAULINHO","cc":"PT","nv":" ","e":"n","st":"N\u00e3o eleito","dvt":"V\u00e1lido","vap":"85","pvap":"   0,22"},{"seq":"76","sqcand":"140001215219","n":"90444","nm":"L\u00daCIA BARRETO","cc":"PROS","nv":" ","e":"n","st":"Suplente","dvt":"V\u00e1lido","vap":"118","pvap":"   0,30"},{"seq":"43","sqcand":"140001215191","n":"22007","nm":"PINHEIRO","cc":"PL","nv":" ","e":"n","st":"Suplente","dvt":"V\u00e1lido","vap":"253","pvap":"   0,65"},{"seq":"74","sqcand":"140001215197","n":"22022","nm":"JUNIOR MENDES","cc":"PL","nv":" ","e":"n","st":"Suplente","dvt":"V\u00e1lido","vap":"125","pvap":"   0,32"},{"seq":"35","sqcand":"140001023648","n":"12000","nm":"RUB\u00c3O SEM FRONTEIRAS","cc":"PDT","nv":" ","e":"n","st":"Suplente","dvt":"V\u00e1lido","vap":"303","pvap":"   0,78"},{"seq":"86","sqcand":"140001214719","n":"65123","nm":"PHELIPE FARIAS","cc":"PC do B","nv":" ","e":"n","st":"Suplente","dvt":"V\u00e1lido","vap":"78","pvap":"   0,20"},{"seq":"101","sqcand":"140001214720","n":"65010","nm":"LORO MONTEIRO","cc":"PC do B","nv":" ","e":"n","st":"Suplente","dvt":"V\u00e1lido","vap":"38","pvap":"   0,10"},{"seq":"88","sqcand":"140001214713","n":"65789","nm":"CLAUDINHO SOUSA","cc":"PC do B","nv":" ","e":"n","st":"Suplente","dvt":"V\u00e1lido","vap":"75","pvap":"   0,19"},{"seq":"72","sqcand":"140001214715","n":"65000","nm":"REPORTER MARIANO","cc":"PC do B","nv":" ","e":"n","st":"Suplente","dvt":"V\u00e1lido","vap":"128","pvap":"   0,33"},{"seq":"75","sqcand":"140001023658","n":"12456","nm":"JACQUELINE FARIAS","cc":"PDT","nv":" ","e":"n","st":"Suplente","dvt":"V\u00e1lido","vap":"119","pvap":"   0,31"},{"seq":"143","sqcand":"140001008606","n":"40777","nm":"KANELA MASTER","cc":"PSB","nv":" ","e":"n","st":"N\u00e3o eleito","dvt":"V\u00e1lido","vap":"61","pvap":"   0,16"},{"seq":"24","sqcand":"140001218522","n":"15222","nm":"BETO MENDES","cc":"MDB","nv":" ","e":"n","st":"Suplente","dvt":"V\u00e1lido","vap":"400","pvap":"   1,03"},{"seq":"128","sqcand":"140001024085","n":"10123","nm":"MISSION\u00c1RIO ROBERTO","cc":"REPUBLICANOS","nv":" ","e":"n","st":"N\u00e3o eleito","dvt":"V\u00e1lido","vap":"176","pvap":"   0,45"},{"seq":"103","sqcand":"140001023642","n":"12444","nm":"CONCITA","cc":"PDT","nv":" ","e":"n","st":"Suplente","dvt":"V\u00e1lido","vap":"37","pvap":"   0,09"},{"seq":"59","sqcand":"140001215193","n":"22555","nm":"DINAL DE FREITAS","cc":"PL","nv":" ","e":"n","st":"Suplente","dvt":"V\u00e1lido","vap":"189","pvap":"   0,49"},{"seq":"161","sqcand":"140001024084","n":"10556","nm":"IONE GARCEZ","cc":"REPUBLICANOS","nv":" ","e":"n","st":"N\u00e3o eleito","dvt":"V\u00e1lido","vap":"6","pvap":"   0,02"},{"seq":"45","sqcand":"140001023655","n":"12555","nm":"N\u00caGA","cc":"PDT","nv":" ","e":"n","st":"Suplente","dvt":"V\u00e1lido","vap":"245","pvap":"   0,63"},{"seq":"58","sqcand":"140001218526","n":"15111","nm":"ROS\u00c2NGELA","cc":"MDB","nv":" ","e":"n","st":"Suplente","dvt":"V\u00e1lido","vap":"189","pvap":"   0,49"},{"seq":"133","sqcand":"140001008610","n":"40123","nm":"SIDNEY TADEU","cc":"PSB","nv":" ","e":"n","st":"N\u00e3o eleito","dvt":"V\u00e1lido","vap":"126","pvap":"   0,32"},{"seq":"96","sqcand":"140001218587","n":"19056","nm":"ZE MOTO TAXI","cc":"PODE","nv":" ","e":"n","st":"Suplente","dvt":"V\u00e1lido","vap":"44","pvap":"   0,11"},{"seq":"7","sqcand":"140001023657","n":"12111","nm":"ENFERMEIRO PEDRO","cc":"PDT","nv":" ","e":"s","st":"Eleito","dvt":"V\u00e1lido","vap":"834","pvap":"   2,14"},{"seq":"151","sqcand":"140001218391","n":"13123","nm":"CLEBER DA BALSA","cc":"PT","nv":" ","e":"n","st":"N\u00e3o eleito","dvt":"V\u00e1lido","vap":"44","pvap":"   0,11"},{"seq":"27","sqcand":"140001023641","n":"12612","nm":"CR\u00c9U DA VAN","cc":"PDT","nv":" ","e":"n","st":"Suplente","dvt":"V\u00e1lido","vap":"380","pvap":"   0,98"},{"seq":"135","sqcand":"140001008601","n":"40999","nm":"JONES ROCHA","cc":"PSB","nv":" ","e":"n","st":"N\u00e3o eleito","dvt":"V\u00e1lido","vap":"105","pvap":"   0,27"},{"seq":"99","sqcand":"140001023649","n":"12001","nm":"LINDOMAR PRADO","cc":"PDT","nv":" ","e":"n","st":"Suplente","dvt":"V\u00e1lido","vap":"41","pvap":"   0,11"},{"seq":"122","sqcand":"140001218387","n":"13000","nm":"TOIZIM","cc":"PT","nv":" ","e":"n","st":"N\u00e3o eleito","dvt":"V\u00e1lido","vap":"373","pvap":"   0,96"},{"seq":"53","sqcand":"140001023653","n":"12321","nm":"ANA PAULA LIMA","cc":"PDT","nv":" ","e":"n","st":"Suplente","dvt":"V\u00e1lido","vap":"206","pvap":"   0,53"},{"seq":"148","sqcand":"140000785795","n":"50000","nm":"PSIC\u00d3LOGO MAX","cc":"PSOL","nv":" ","e":"n","st":"N\u00e3o eleito","dvt":"V\u00e1lido","vap":"47","pvap":"   0,12"},{"seq":"130","sqcand":"140001218388","n":"13117","nm":"RODRIGO DO SINDICATO","cc":"PT","nv":" ","e":"n","st":"N\u00e3o eleito","dvt":"V\u00e1lido","vap":"148","pvap":"   0,38"},{"seq":"18","sqcand":"140001023651","n":"12999","nm":"JABAZINHO","cc":"PDT","nv":" ","e":"n","st":"Suplente","dvt":"V\u00e1lido","vap":"607","pvap":"   1,56"},{"seq":"65","sqcand":"140001215184","n":"22345","nm":"GINA","cc":"PL","nv":" ","e":"n","st":"Suplente","dvt":"V\u00e1lido","vap":"169","pvap":"   0,43"},{"seq":"119","sqcand":"140001218585","n":"19001","nm":"DIJ\u00c9","cc":"PODE","nv":" ","e":"n","st":"Suplente","dvt":"V\u00e1lido","vap":"5","pvap":"   0,01"},{"seq":"14","sqcand":"140001218523","n":"15015","nm":"DESTO","cc":"MDB","nv":" ","e":"n","st":"Suplente","dvt":"V\u00e1lido","vap":"921","pvap":"   2,36"},{"seq":"134","sqcand":"140001008603","n":"40101","nm":"PAULO TERREMOTO","cc":"PSB","nv":" ","e":"n","st":"N\u00e3o eleito","dvt":"V\u00e1lido","vap":"118","pvap":"   0,30"},{"seq":"84","sqcand":"140001010214","n":"45717","nm":"EDUARDO DO PALMARES","cc":"PSDB","nv":" ","e":"n","st":"Suplente","dvt":"V\u00e1lido","vap":"81","pvap":"   0,21"},{"seq":"42","sqcand":"140001215202","n":"22222","nm":"PEREIRA MOTO TAXI","cc":"PL","nv":" ","e":"n","st":"Suplente","dvt":"V\u00e1lido","vap":"259","pvap":"   0,66"},{"seq":"52","sqcand":"140001010210","n":"45123","nm":"RUTH LENE","cc":"PSDB","nv":" ","e":"n","st":"Suplente","dvt":"V\u00e1lido","vap":"208","pvap":"   0,53"},{"seq":"92","sqcand":"140001218583","n":"19111","nm":"IRM\u00c3O LOURO","cc":"PODE","nv":" ","e":"n","st":"Suplente","dvt":"V\u00e1lido","vap":"65","pvap":"   0,17"},{"seq":"127","sqcand":"140001218384","n":"13333","nm":"ELIELSON DO SINDICATO","cc":"PT","nv":" ","e":"n","st":"N\u00e3o eleito","dvt":"V\u00e1lido","vap":"240","pvap":"   0,62"},{"seq":"3","sqcand":"140001023646","n":"12888","nm":"JHONES PANTOJA","cc":"PDT","nv":" ","e":"s","st":"Eleito","dvt":"V\u00e1lido","vap":"1181","pvap":"   3,03"},{"seq":"61","sqcand":"140001215216","n":"90123","nm":"NETE DA GARAGEM","cc":"PROS","nv":" ","e":"n","st":"Suplente","dvt":"V\u00e1lido","vap":"178","pvap":"   0,46"},{"seq":"73","sqcand":"140001215206","n":"90001","nm":"J\u00d4 DA SA\u00daDE","cc":"PROS","nv":" ","e":"n","st":"Suplente","dvt":"V\u00e1lido","vap":"126","pvap":"   0,32"},{"seq":"6","sqcand":"140001215211","n":"90888","nm":"MAROLA","cc":"PROS","nv":" ","e":"s","st":"Eleito","dvt":"V\u00e1lido","vap":"864","pvap":"   2,22"},{"seq":"38","sqcand":"140001010207","n":"45444","nm":"MAGNA OLIVEIRA","cc":"PSDB","nv":" ","e":"n","st":"Suplente","dvt":"V\u00e1lido","vap":"283","pvap":"   0,73"},{"seq":"1","sqcand":"140001218520","n":"15777","nm":"LORENA LIMA","cc":"MDB","nv":" ","e":"s","st":"Eleito","dvt":"V\u00e1lido","vap":"1254","pvap":"   3,22"},{"seq":"112","sqcand":"140001214722","n":"65888","nm":"RAIMUNDA DO ARBORETO","cc":"PC do B","nv":" ","e":"n","st":"Suplente","dvt":"V\u00e1lido","vap":"18","pvap":"   0,05"},{"seq":"90","sqcand":"140001010211","n":"45666","nm":"OLIGLEISON DO PALMARES","cc":"PSDB","nv":" ","e":"n","st":"Suplente","dvt":"V\u00e1lido","vap":"75","pvap":"   0,19"},{"seq":"159","sqcand":"140001024095","n":"10321","nm":"WALBER SILVA","cc":"REPUBLICANOS","nv":" ","e":"n","st":"N\u00e3o eleito","dvt":"V\u00e1lido","vap":"10","pvap":"   0,03"},{"seq":"70","sqcand":"140001023645","n":"12151","nm":"PROFESSORA MAR\u00c9","cc":"PDT","nv":" ","e":"n","st":"Suplente","dvt":"V\u00e1lido","vap":"143","pvap":"   0,37"},{"seq":"37","sqcand":"140001218595","n":"19123","nm":"ALCEU","cc":"PODE","nv":" ","e":"n","st":"Suplente","dvt":"V\u00e1lido","vap":"291","pvap":"   0,75"},{"seq":"55","sqcand":"140001023643","n":"12512","nm":"ELANO","cc":"PDT","nv":" ","e":"n","st":"Suplente","dvt":"V\u00e1lido","vap":"198","pvap":"   0,51"},{"seq":"56","sqcand":"140001215208","n":"90007","nm":"CHICO DOIDO","cc":"PROS","nv":" ","e":"n","st":"Suplente","dvt":"V\u00e1lido","vap":"195","pvap":"   0,50"},{"seq":"105","sqcand":"140001010213","n":"45115","nm":"NAZARE DA VICINAL OITO","cc":"PSDB","nv":" ","e":"n","st":"Suplente","dvt":"V\u00e1lido","vap":"33","pvap":"   0,08"},{"seq":"85","sqcand":"140001214724","n":"65150","nm":"NAZARE DO SAMU","cc":"PC do B","nv":" ","e":"n","st":"Suplente","dvt":"V\u00e1lido","vap":"78","pvap":"   0,20"},{"seq":"131","sqcand":"140001008604","n":"40456","nm":"ALCIR GOMES","cc":"PSB","nv":" ","e":"n","st":"N\u00e3o eleito","dvt":"V\u00e1lido","vap":"147","pvap":"   0,38"},{"seq":"158","sqcand":"140001024092","n":"10130","nm":"PASTORA LUIZA","cc":"REPUBLICANOS","nv":" ","e":"n","st":"N\u00e3o eleito","dvt":"V\u00e1lido","vap":"15","pvap":"   0,04"},{"seq":"95","sqcand":"140001215213","n":"90008","nm":"C\u00c9LIA NOBRE","cc":"PROS","nv":" ","e":"n","st":"Suplente","dvt":"V\u00e1lido","vap":"52","pvap":"   0,13"},{"seq":"25","sqcand":"140001215210","n":"90333","nm":"NEN\u00c9M DO POV\u00c3O","cc":"PROS","nv":" ","e":"n","st":"Suplente","dvt":"V\u00e1lido","vap":"394","pvap":"   1,01"},{"seq":"28","sqcand":"140001215215","n":"90100","nm":"LAERCIO DO JARDIM LIBERDADE","cc":"PROS","nv":" ","e":"n","st":"Suplente","dvt":"V\u00e1lido","vap":"353","pvap":"   0,91"},{"seq":"126","sqcand":"140001024094","n":"10222","nm":"MALU","cc":"REPUBLICANOS","nv":" ","e":"n","st":"N\u00e3o eleito","dvt":"V\u00e1lido","vap":"262","pvap":"   0,67"},{"seq":"93","sqcand":"140001218584","n":"19009","nm":"FERNANDA ERICA","cc":"PODE","nv":" ","e":"n","st":"Suplente","dvt":"V\u00e1lido","vap":"62","pvap":"   0,16"},{"seq":"145","sqcand":"140001008607","n":"40014","nm":"TINA MELL","cc":"PSB","nv":" ","e":"n","st":"N\u00e3o eleito","dvt":"V\u00e1lido","vap":"50","pvap":"   0,13"},{"seq":"113","sqcand":"140001010204","n":"45101","nm":"DARLENE SILVA","cc":"PSDB","nv":" ","e":"n","st":"Suplente","dvt":"V\u00e1lido","vap":"16","pvap":"   0,04"},{"seq":"118","sqcand":"140001214709","n":"65432","nm":"NILCI AMORIM","cc":"PC do B","nv":" ","e":"n","st":"Suplente","dvt":"V\u00e1lido","vap":"6","pvap":"   0,02"},{"seq":"129","sqcand":"140001024089","n":"10555","nm":"PROFESSOR C\u00c9LIO","cc":"REPUBLICANOS","nv":" ","e":"n","st":"N\u00e3o eleito","dvt":"Anulado sub judice","vap":"148","pvap":"   0,38"},{"seq":"20","sqcand":"140001218516","n":"15123","nm":"MELQUI","cc":"MDB","nv":" ","e":"n","st":"Suplente","dvt":"V\u00e1lido","vap":"532","pvap":"   1,37"},{"seq":"34","sqcand":"140001218519","n":"15789","nm":"F\u00c1TIMA DO TUR\u00cd","cc":"MDB","nv":" ","e":"n","st":"Suplente","dvt":"V\u00e1lido","vap":"304","pvap":"   0,78"},{"seq":"33","sqcand":"140001010212","n":"45000","nm":"PROF HERI SANTOS","cc":"PSDB","nv":" ","e":"n","st":"Suplente","dvt":"V\u00e1lido","vap":"312","pvap":"   0,80"},{"seq":"136","sqcand":"140001218386","n":"13777","nm":"SILVIA DA SANTANA","cc":"PT","nv":" ","e":"n","st":"N\u00e3o eleito","dvt":"V\u00e1lido","vap":"96","pvap":"   0,25"},{"seq":"154","sqcand":"140001218389","n":"13113","nm":"NETE DO JARDIM LIBERDADE","cc":"PT","nv":" ","e":"n","st":"N\u00e3o eleito","dvt":"V\u00e1lido","vap":"29","pvap":"   0,07"},{"seq":"116","sqcand":"140001218593","n":"19777","nm":"GAUCHO PUBLICIDADE","cc":"PODE","nv":" ","e":"n","st":"Suplente","dvt":"V\u00e1lido","vap":"11","pvap":"   0,03"},{"seq":"87","sqcand":"140001218594","n":"19002","nm":"ORTEGA","cc":"PODE","nv":" ","e":"n","st":"Suplente","dvt":"V\u00e1lido","vap":"77","pvap":"   0,20"},{"seq":"22","sqcand":"140001215201","n":"22700","nm":"ADRIANA TASCA","cc":"PL","nv":" ","e":"n","st":"Suplente","dvt":"V\u00e1lido","vap":"440","pvap":"   1,13"},{"seq":"47","sqcand":"140001215187","n":"22111","nm":"ZECA LUZIA","cc":"PL","nv":" ","e":"n","st":"Suplente","dvt":"V\u00e1lido","vap":"240","pvap":"   0,62"},{"seq":"147","sqcand":"140001008612","n":"40077","nm":"ROS\u00c2NGELA PITBULL","cc":"PSB","nv":" ","e":"n","st":"N\u00e3o eleito","dvt":"V\u00e1lido","vap":"48","pvap":"   0,12"},{"seq":"54","sqcand":"140001215220","n":"90456","nm":"PEDRO MEDEIROS","cc":"PROS","nv":" ","e":"n","st":"Suplente","dvt":"V\u00e1lido","vap":"201","pvap":"   0,52"},{"seq":"114","sqcand":"140001214706","n":"65221","nm":"LAERCIO DA VILA ISRAEL","cc":"PC do B","nv":" ","e":"n","st":"Suplente","dvt":"V\u00e1lido","vap":"14","pvap":"   0,04"},{"seq":"91","sqcand":"140001010209","n":"45678","nm":"MARCOS QUADROS","cc":"PSDB","nv":" ","e":"n","st":"Suplente","dvt":"V\u00e1lido","vap":"68","pvap":"   0,17"},{"seq":"111","sqcand":"140001214711","n":"65897","nm":"FRANCIONE","cc":"PC do B","nv":" ","e":"n","st":"Suplente","dvt":"V\u00e1lido","vap":"24","pvap":"   0,06"},{"seq":"80","sqcand":"140001214721","n":"65422","nm":"GORDO DA BALSA","cc":"PC do B","nv":" ","e":"n","st":"Suplente","dvt":"V\u00e1lido","vap":"95","pvap":"   0,24"},{"seq":"31","sqcand":"140001215185","n":"22001","nm":"CANETA","cc":"PL","nv":" ","e":"n","st":"Suplente","dvt":"V\u00e1lido","vap":"321","pvap":"   0,82"},{"seq":"77","sqcand":"140001010206","n":"45555","nm":"NONATO FOT\u00d3GRAFO","cc":"PSDB","nv":" ","e":"n","st":"Suplente","dvt":"V\u00e1lido","vap":"115","pvap":"   0,30"},{"seq":"67","sqcand":"140001215192","n":"22234","nm":"FRANCISCO DA VAN","cc":"PL","nv":" ","e":"n","st":"Suplente","dvt":"V\u00e1lido","vap":"155","pvap":"   0,40"},{"seq":"51","sqcand":"140001215205","n":"90777","nm":"CELINA","cc":"PROS","nv":" ","e":"n","st":"Suplente","dvt":"V\u00e1lido","vap":"224","pvap":"   0,58"},{"seq":"100","sqcand":"140001215214","n":"90468","nm":"DANIEL DA CAMPANHA SOLID\u00c1RIA","cc":"PROS","nv":" ","e":"n","st":"Suplente","dvt":"V\u00e1lido","vap":"39","pvap":"   0,10"},{"seq":"97","sqcand":"140001218592","n":"19888","nm":"ROCHA","cc":"PODE","nv":" ","e":"n","st":"Suplente","dvt":"V\u00e1lido","vap":"42","pvap":"   0,11"},{"seq":"110","sqcand":"140001215188","n":"22666","nm":"LUCILIA","cc":"PL","nv":" ","e":"n","st":"Suplente","dvt":"V\u00e1lido","vap":"25","pvap":"   0,06"},{"seq":"120","sqcand":"140001024083","n":"10444","nm":"QUEIMADO","cc":"REPUBLICANOS","nv":" ","e":"n","st":"N\u00e3o eleito","dvt":"V\u00e1lido","vap":"586","pvap":"   1,50"},{"seq":"71","sqcand":"140001214712","n":"65300","nm":"JOCA CUNHA","cc":"PC do B","nv":" ","e":"n","st":"Suplente","dvt":"V\u00e1lido","vap":"136","pvap":"   0,35"},{"seq":"157","sqcand":"140001024091","n":"10144","nm":"DHONE CODORNA","cc":"REPUBLICANOS","nv":" ","e":"n","st":"N\u00e3o eleito","dvt":"V\u00e1lido","vap":"21","pvap":"   0,05"},{"seq":"48","sqcand":"140001010205","n":"45888","nm":"JAKSON DOGLAS","cc":"PSDB","nv":" ","e":"n","st":"Suplente","dvt":"V\u00e1lido","vap":"239","pvap":"   0,61"},{"seq":"142","sqcand":"140001218390","n":"13555","nm":"BIBIU LIMA","cc":"PT","nv":" ","e":"n","st":"N\u00e3o eleito","dvt":"V\u00e1lido","vap":"75","pvap":"   0,19"},{"seq":"66","sqcand":"140001215199","n":"22444","nm":"TABITA","cc":"PL","nv":" ","e":"n","st":"Suplente","dvt":"V\u00e1lido","vap":"160","pvap":"   0,41"}]}
