{"ele":"426","tpabr":"mu","cdabr":"04057","carper":"13","t":"1","f":"o","dt":"15/11/2020","ht":"22:01:43","dv":"s","tf":"n","v":"11","esae":"n","mnae":"","s":"84","st":"84","pst":" 100,00","snt":"0","psnt":"   0,00","si":"84","psi":" 100,00","sni":"0","psni":"   0,00","sa":"84","psa":" 100,00","sna":"0","psna":"   0,00","e":"25663","ea":"25663","pea":" 100,00","ena":"0","pena":"   0,00","esi":"25663","pesi":" 100,00","esni":"0","pesni":"   0,00","c":"21675","pc":"  84,46","a":"3988","pa":"  15,54","vscv":"0","vnom":"18804","vl":"1188","pvnom":"  94,06","pvl":"   5,94","vvc":"21089","pvvc":"  97,30","vb":"93","pvb":"   0,43","tvn":"493","ptvn":"   2,27","vn":"493","pvn":" 100,00","vnt":"0","pvnt":"   0,00","vp":"0","pvp":"   0,00","vv":"19992","pvv":"  94,80","van":"0","pvan":"   0,00","vansj":"1097","pvansj":"   5,20","tv":"21675","cand":[{"seq":"64","sqcand":"140001161267","n":"14777","nm":"DEO MORAES","cc":"PTB","nv":" ","e":"n","st":"","dvt":"V\u00e1lido","vap":"16","pvap":"   0,08"},{"seq":"12","sqcand":"140001000791","n":"55123","nm":"ALTEMIS MONTEIRO","cc":"PSD","nv":" ","e":"n","st":"","dvt":"V\u00e1lido","vap":"511","pvap":"   2,42"},{"seq":"31","sqcand":"140001009284","n":"65000","nm":"PROF MANOEL LOBATO DO SINTEPP","cc":"PC do B","nv":" ","e":"n","st":"","dvt":"V\u00e1lido","vap":"211","pvap":"   1,00"},{"seq":"16","sqcand":"140001203718","n":"15456","nm":"PAULO SANCHES","cc":"MDB","nv":" ","e":"n","st":"","dvt":"V\u00e1lido","vap":"397","pvap":"   1,88"},{"seq":"56","sqcand":"140001009285","n":"65123","nm":"GRACI LOBATO","cc":"PC do B","nv":" ","e":"n","st":"","dvt":"V\u00e1lido","vap":"29","pvap":"   0,14"},{"seq":"70","sqcand":"140001008198","n":"25500","nm":"ROSE ATAIDE","cc":"DEM","nv":" ","e":"n","st":"","dvt":"V\u00e1lido","vap":"5","pvap":"   0,02"},{"seq":"45","sqcand":"140001008200","n":"25333","nm":"PEDRO JUNIOR","cc":"DEM","nv":" ","e":"n","st":"","dvt":"V\u00e1lido","vap":"104","pvap":"   0,49"},{"seq":"61","sqcand":"140001009287","n":"65111","nm":"GRACIANE PENAGORT","cc":"PC do B","nv":" ","e":"n","st":"","dvt":"V\u00e1lido","vap":"20","pvap":"   0,09"},{"seq":"4","sqcand":"140001207379","n":"77777","nm":"EDNA FERREIRA","cc":"SOLIDARIEDADE","nv":" ","e":"n","st":"","dvt":"V\u00e1lido","vap":"1046","pvap":"   4,96"},{"seq":"33","sqcand":"140001201852","n":"13456","nm":"MANOEL JARDIM","cc":"PT","nv":" ","e":"n","st":"","dvt":"V\u00e1lido","vap":"196","pvap":"   0,93"},{"seq":"25","sqcand":"140001161270","n":"14123","nm":"TULIO","cc":"PTB","nv":" ","e":"n","st":"","dvt":"V\u00e1lido","vap":"270","pvap":"   1,28"},{"seq":"20","sqcand":"140001008195","n":"25622","nm":"ELIUDO PINHEIRO","cc":"DEM","nv":" ","e":"n","st":"","dvt":"V\u00e1lido","vap":"346","pvap":"   1,64"},{"seq":"3","sqcand":"140001161720","n":"45123","nm":"RONDINELI COSTA","cc":"PSDB","nv":" ","e":"n","st":"","dvt":"V\u00e1lido","vap":"1220","pvap":"   5,79"},{"seq":"68","sqcand":"140001203712","n":"15789","nm":"LOIRA DO CAMAR\u00c3O","cc":"MDB","nv":" ","e":"n","st":"","dvt":"V\u00e1lido","vap":"5","pvap":"   0,02"},{"seq":"59","sqcand":"140001009277","n":"65999","nm":"VANUZA BORGES","cc":"PC do B","nv":" ","e":"n","st":"","dvt":"V\u00e1lido","vap":"25","pvap":"   0,12"},{"seq":"19","sqcand":"140001161265","n":"14444","nm":"ANTONIO CARDOSO","cc":"PTB","nv":" ","e":"n","st":"","dvt":"V\u00e1lido","vap":"358","pvap":"   1,70"},{"seq":"55","sqcand":"140001161269","n":"14000","nm":"EDSON","cc":"PTB","nv":" ","e":"n","st":"","dvt":"V\u00e1lido","vap":"36","pvap":"   0,17"},{"seq":"48","sqcand":"140001203715","n":"15068","nm":"CHINA","cc":"MDB","nv":" ","e":"n","st":"","dvt":"V\u00e1lido","vap":"82","pvap":"   0,39"},{"seq":"47","sqcand":"140001207377","n":"77333","nm":"IRLAN BACELAR","cc":"SOLIDARIEDADE","nv":" ","e":"n","st":"","dvt":"Anulado sub judice","vap":"100","pvap":"   0,47"},{"seq":"29","sqcand":"140001203721","n":"15555","nm":"CLAUDIO MACEDO","cc":"MDB","nv":" ","e":"n","st":"","dvt":"Anulado sub judice","vap":"254","pvap":"   1,20"},{"seq":"34","sqcand":"140001009283","n":"65789","nm":"KARINA VASCONCELOS","cc":"PC do B","nv":" ","e":"n","st":"","dvt":"V\u00e1lido","vap":"191","pvap":"   0,91"},{"seq":"6","sqcand":"140001161719","n":"45678","nm":"PROF NUBIA LACERDA","cc":"PSDB","nv":" ","e":"n","st":"","dvt":"V\u00e1lido","vap":"796","pvap":"   3,77"},{"seq":"52","sqcand":"140001161724","n":"45000","nm":"ENFE ELIEL ALMEIDA","cc":"PSDB","nv":" ","e":"n","st":"","dvt":"V\u00e1lido","vap":"56","pvap":"   0,27"},{"seq":"35","sqcand":"140001201849","n":"13513","nm":"TREVOADA","cc":"PT","nv":" ","e":"n","st":"","dvt":"V\u00e1lido","vap":"186","pvap":"   0,88"},{"seq":"67","sqcand":"140001203713","n":"15231","nm":"LEO DO BRIGADEIRO","cc":"MDB","nv":" ","e":"n","st":"","dvt":"V\u00e1lido","vap":"6","pvap":"   0,03"},{"seq":"8","sqcand":"140001161721","n":"45555","nm":"JUNIOR BARROS","cc":"PSDB","nv":" ","e":"n","st":"","dvt":"V\u00e1lido","vap":"711","pvap":"   3,37"},{"seq":"30","sqcand":"140001009276","n":"65222","nm":"MARCELO DA TIA OLGA","cc":"PC do B","nv":" ","e":"n","st":"","dvt":"V\u00e1lido","vap":"234","pvap":"   1,11"},{"seq":"57","sqcand":"140001201853","n":"13444","nm":"BUNITINHA DE AFU\u00c1","cc":"PT","nv":" ","e":"n","st":"","dvt":"V\u00e1lido","vap":"28","pvap":"   0,13"},{"seq":"41","sqcand":"140001207383","n":"77890","nm":"PAPUDO","cc":"SOLIDARIEDADE","nv":" ","e":"n","st":"","dvt":"V\u00e1lido","vap":"127","pvap":"   0,60"},{"seq":"65","sqcand":"140001203714","n":"15321","nm":"EDVAN MEDEIROS","cc":"MDB","nv":" ","e":"n","st":"","dvt":"V\u00e1lido","vap":"13","pvap":"   0,06"},{"seq":"63","sqcand":"140001161722","n":"45333","nm":"NATARY VAZ","cc":"PSDB","nv":" ","e":"n","st":"","dvt":"V\u00e1lido","vap":"18","pvap":"   0,09"},{"seq":"21","sqcand":"140001207382","n":"77111","nm":"PROF NERIS","cc":"SOLIDARIEDADE","nv":" ","e":"n","st":"","dvt":"V\u00e1lido","vap":"314","pvap":"   1,49"},{"seq":"60","sqcand":"140001201851","n":"13642","nm":"MARCINHA NUNES","cc":"PT","nv":" ","e":"n","st":"","dvt":"V\u00e1lido","vap":"20","pvap":"   0,09"},{"seq":"2","sqcand":"140001000795","n":"55222","nm":"NILTON PAES","cc":"PSD","nv":" ","e":"n","st":"","dvt":"V\u00e1lido","vap":"1250","pvap":"   5,93"},{"seq":"24","sqcand":"140001009278","n":"65432","nm":"ZEQUINHA DO LOBATO","cc":"PC do B","nv":" ","e":"n","st":"","dvt":"V\u00e1lido","vap":"274","pvap":"   1,30"},{"seq":"38","sqcand":"140001161263","n":"14555","nm":"SUENE","cc":"PTB","nv":" ","e":"n","st":"","dvt":"V\u00e1lido","vap":"146","pvap":"   0,69"},{"seq":"66","sqcand":"140001203717","n":"15123","nm":"DORACI REIS","cc":"MDB","nv":" ","e":"n","st":"","dvt":"V\u00e1lido","vap":"7","pvap":"   0,03"},{"seq":"54","sqcand":"140001008193","n":"25111","nm":"PROF SANDRO BACU","cc":"DEM","nv":" ","e":"n","st":"","dvt":"V\u00e1lido","vap":"46","pvap":"   0,22"},{"seq":"7","sqcand":"140001008194","n":"25125","nm":"SABA SANTANA","cc":"DEM","nv":" ","e":"n","st":"","dvt":"V\u00e1lido","vap":"753","pvap":"   3,57"},{"seq":"50","sqcand":"140001008196","n":"25123","nm":"ELILDA PUREZA","cc":"DEM","nv":" ","e":"n","st":"","dvt":"V\u00e1lido","vap":"74","pvap":"   0,35"},{"seq":"14","sqcand":"140001008199","n":"25678","nm":"JANILSON PUREZA","cc":"DEM","nv":" ","e":"n","st":"","dvt":"V\u00e1lido","vap":"455","pvap":"   2,16"},{"seq":"44","sqcand":"140001161264","n":"14621","nm":"DORALICE","cc":"PTB","nv":" ","e":"n","st":"","dvt":"V\u00e1lido","vap":"106","pvap":"   0,50"},{"seq":"13","sqcand":"140001203722","n":"15666","nm":"DIRCEU SILVEIRA","cc":"MDB","nv":" ","e":"n","st":"","dvt":"V\u00e1lido","vap":"490","pvap":"   2,32"},{"seq":"72","sqcand":"140001268319","n":"77222","nm":"DALENA MONTE ","cc":"SOLIDARIEDADE","nv":" ","e":"n","st":"","dvt":"V\u00e1lido","vap":"5","pvap":"   0,02"},{"seq":"28","sqcand":"140001207381","n":"77555","nm":"TERCIO","cc":"SOLIDARIEDADE","nv":" ","e":"n","st":"","dvt":"V\u00e1lido","vap":"255","pvap":"   1,21"},{"seq":"71","sqcand":"140001268876","n":"14390","nm":"FRANCINETE LOBATO","cc":"PTB","nv":" ","e":"n","st":"","dvt":"V\u00e1lido","vap":"5","pvap":"   0,02"},{"seq":"32","sqcand":"140001161718","n":"45855","nm":"GUEGUE","cc":"PSDB","nv":" ","e":"n","st":"","dvt":"V\u00e1lido","vap":"202","pvap":"   0,96"},{"seq":"74","sqcand":"140001161268","n":"14222","nm":"GENIVALDO","cc":"PTB","nv":" ","e":"n","st":"","dvt":"V\u00e1lido","vap":"1","pvap":"   0,00"},{"seq":"18","sqcand":"140001203716","n":"15678","nm":"SANDRO LACERDA","cc":"MDB","nv":" ","e":"n","st":"","dvt":"Anulado sub judice","vap":"374","pvap":"   1,77"},{"seq":"37","sqcand":"140001000789","n":"55444","nm":"PROF ARANTUSA MONTEIRO","cc":"PSD","nv":" ","e":"n","st":"","dvt":"V\u00e1lido","vap":"158","pvap":"   0,75"},{"seq":"10","sqcand":"140001161723","n":"45699","nm":"SABA CARVALHO","cc":"PSDB","nv":" ","e":"n","st":"","dvt":"V\u00e1lido","vap":"588","pvap":"   2,79"},{"seq":"40","sqcand":"140001000794","n":"55777","nm":"PROF LUCY BRITO","cc":"PSD","nv":" ","e":"n","st":"","dvt":"V\u00e1lido","vap":"136","pvap":"   0,64"},{"seq":"53","sqcand":"140001009288","n":"65153","nm":"FITA","cc":"PC do B","nv":" ","e":"n","st":"","dvt":"V\u00e1lido","vap":"46","pvap":"   0,22"},{"seq":"15","sqcand":"140001207378","n":"77123","nm":"ANA VAZ","cc":"SOLIDARIEDADE","nv":" ","e":"n","st":"","dvt":"V\u00e1lido","vap":"436","pvap":"   2,07"},{"seq":"23","sqcand":"140001201850","n":"13333","nm":"DIONE MACEDO","cc":"PT","nv":" ","e":"n","st":"","dvt":"V\u00e1lido","vap":"296","pvap":"   1,40"},{"seq":"26","sqcand":"140001009286","n":"65555","nm":"TIO NILTON","cc":"PC do B","nv":" ","e":"n","st":"","dvt":"V\u00e1lido","vap":"266","pvap":"   1,26"},{"seq":"42","sqcand":"140001201854","n":"13000","nm":"PEPE PANTOJA","cc":"PT","nv":" ","e":"n","st":"","dvt":"V\u00e1lido","vap":"115","pvap":"   0,55"},{"seq":"62","sqcand":"140001201856","n":"13123","nm":"DEUZA DOS ANJOS","cc":"PT","nv":" ","e":"n","st":"","dvt":"V\u00e1lido","vap":"19","pvap":"   0,09"},{"seq":"36","sqcand":"140001161266","n":"14333","nm":"MARCELINHO","cc":"PTB","nv":" ","e":"n","st":"","dvt":"V\u00e1lido","vap":"170","pvap":"   0,81"},{"seq":"69","sqcand":"140001268318","n":"45111","nm":"ADRIANA LIMA ","cc":"PSDB","nv":" ","e":"n","st":"","dvt":"V\u00e1lido","vap":"5","pvap":"   0,02"},{"seq":"75","sqcand":"140001268320","n":"55888","nm":"SIMONE PEREIRA ","cc":"PSD","nv":" ","e":"n","st":"","dvt":"V\u00e1lido","vap":"0","pvap":"00.00"},{"seq":"51","sqcand":"140001009280","n":"65246","nm":"KARLINHOS PASTANA","cc":"PC do B","nv":" ","e":"n","st":"","dvt":"Anulado sub judice","vap":"59","pvap":"   0,28"},{"seq":"9","sqcand":"140001201848","n":"13222","nm":"IRINEU PANDILHA","cc":"PT","nv":" ","e":"n","st":"","dvt":"V\u00e1lido","vap":"609","pvap":"   2,89"},{"seq":"58","sqcand":"140001203711","n":"15000","nm":"RONI CARDOSO","cc":"MDB","nv":" ","e":"n","st":"","dvt":"V\u00e1lido","vap":"25","pvap":"   0,12"},{"seq":"11","sqcand":"140001008197","n":"25555","nm":"ROLDAO FILHO","cc":"DEM","nv":" ","e":"n","st":"","dvt":"V\u00e1lido","vap":"563","pvap":"   2,67"},{"seq":"43","sqcand":"140001207380","n":"77456","nm":"PEDRO BARROS","cc":"SOLIDARIEDADE","nv":" ","e":"n","st":"","dvt":"V\u00e1lido","vap":"112","pvap":"   0,53"},{"seq":"1","sqcand":"140001000792","n":"55555","nm":"JUNIOR BORGES","cc":"PSD","nv":" ","e":"n","st":"","dvt":"V\u00e1lido","vap":"1702","pvap":"   8,07"},{"seq":"5","sqcand":"140001000788","n":"55678","nm":"PAULO MALAQUIAS","cc":"PSD","nv":" ","e":"n","st":"","dvt":"V\u00e1lido","vap":"948","pvap":"   4,50"},{"seq":"49","sqcand":"140001201855","n":"13111","nm":"CHICO DO CHABOQUE","cc":"PT","nv":" ","e":"n","st":"","dvt":"V\u00e1lido","vap":"75","pvap":"   0,36"},{"seq":"27","sqcand":"140001000787","n":"55111","nm":"GEOVANHI FACUNDES","cc":"PSD","nv":" ","e":"n","st":"","dvt":"V\u00e1lido","vap":"259","pvap":"   1,23"},{"seq":"39","sqcand":"140001201847","n":"13013","nm":"CARLA CANTUARIA","cc":"PT","nv":" ","e":"n","st":"","dvt":"V\u00e1lido","vap":"143","pvap":"   0,68"},{"seq":"73","sqcand":"140001268321","n":"25234","nm":"DOLORES SANTANA ","cc":"DEM","nv":" ","e":"n","st":"","dvt":"V\u00e1lido","vap":"1","pvap":"   0,00"},{"seq":"17","sqcand":"140001000790","n":"55789","nm":"OTON CARDOSO","cc":"PSD","nv":" ","e":"n","st":"","dvt":"V\u00e1lido","vap":"385","pvap":"   1,83"},{"seq":"46","sqcand":"140001009279","n":"65333","nm":"CHIC\u00c3O","cc":"PC do B","nv":" ","e":"n","st":"","dvt":"V\u00e1lido","vap":"101","pvap":"   0,48"},{"seq":"22","sqcand":"140001009282","n":"65444","nm":"KARLINHOS LACERDA","cc":"PC do B","nv":" ","e":"n","st":"","dvt":"Anulado sub judice","vap":"310","pvap":"   1,47"}]}
