{"ele":"426","tpabr":"mu","cdabr":"04120","carper":"13","t":"1","f":"o","dt":"15/11/2020","ht":"23:47:01","dv":"s","tf":"s","v":"13","esae":"n","mnae":"","s":"67","st":"67","pst":" 100,00","snt":"0","psnt":"   0,00","si":"67","psi":" 100,00","sni":"0","psni":"   0,00","sa":"67","psa":" 100,00","sna":"0","psna":"   0,00","e":"20667","ea":"20667","pea":" 100,00","ena":"0","pena":"   0,00","esi":"20667","pesi":" 100,00","esni":"0","pesni":"   0,00","c":"16130","pc":"  78,05","a":"4537","pa":"  21,95","vscv":"0","vnom":"14551","vl":"1058","pvnom":"  93,22","pvl":"   6,78","vvc":"15609","pvvc":"  96,77","vb":"140","pvb":"   0,87","tvn":"381","ptvn":"   2,36","vn":"381","pvn":" 100,00","vnt":"0","pvnt":"   0,00","vp":"0","pvp":"   0,00","vv":"15609","pvv":" 100,00","van":"0","pvan":"   0,00","vansj":"0","pvansj":"   0,00","tv":"16130","cand":[{"seq":"102","sqcand":"140000761988","n":"55223","nm":"PROFESSORA NILDA","cc":"PSD","nv":" ","e":"n","st":"Suplente","dvt":"V\u00e1lido","vap":"8","pvap":"   0,05"},{"seq":"17","sqcand":"140001101189","n":"20022","nm":"IVONALDO FILHO DO JO\u00c3O BATISTA","cc":"PSC","nv":" ","e":"n","st":"Suplente","dvt":"V\u00e1lido","vap":"300","pvap":"   1,92"},{"seq":"61","sqcand":"140000632777","n":"12107","nm":"TOINHA  DO MARCONDES","cc":"PDT","nv":" ","e":"n","st":"Suplente","dvt":"V\u00e1lido","vap":"55","pvap":"   0,35"},{"seq":"35","sqcand":"140000761997","n":"55999","nm":"PEDRINHO DO LANCHE","cc":"PSD","nv":" ","e":"n","st":"Suplente","dvt":"V\u00e1lido","vap":"127","pvap":"   0,81"},{"seq":"1","sqcand":"140000646474","n":"15333","nm":"CRISTILEY FERNANDES","cc":"MDB","nv":" ","e":"s","st":"Eleito","dvt":"V\u00e1lido","vap":"661","pvap":"   4,23"},{"seq":"64","sqcand":"140000636881","n":"40612","nm":"MANOEL DO NAJA PUBLICIDADE","cc":"PSB","nv":" ","e":"n","st":"Suplente","dvt":"V\u00e1lido","vap":"51","pvap":"   0,33"},{"seq":"57","sqcand":"140000761989","n":"55222","nm":"LOURIM DO SETOR CINCO","cc":"PSD","nv":" ","e":"n","st":"Suplente","dvt":"V\u00e1lido","vap":"65","pvap":"   0,42"},{"seq":"30","sqcand":"140000761995","n":"55525","nm":"ENFERMEIRO CELIO HENRIQUE","cc":"PSD","nv":" ","e":"n","st":"Suplente","dvt":"V\u00e1lido","vap":"150","pvap":"   0,96"},{"seq":"88","sqcand":"140000884582","n":"22111","nm":"RICARDO DA GROTA DO CAJ\u00c1","cc":"PL","nv":" ","e":"n","st":"Suplente","dvt":"V\u00e1lido","vap":"17","pvap":"   0,11"},{"seq":"6","sqcand":"140000646465","n":"15123","nm":"DR MORAES","cc":"MDB","nv":" ","e":"s","st":"Eleito","dvt":"V\u00e1lido","vap":"414","pvap":"   2,65"},{"seq":"95","sqcand":"140000884578","n":"22999","nm":"ONEIDE","cc":"PL","nv":" ","e":"n","st":"Suplente","dvt":"V\u00e1lido","vap":"13","pvap":"   0,08"},{"seq":"5","sqcand":"140000646468","n":"15555","nm":"PAULINHA DA SA\u00daDE","cc":"MDB","nv":" ","e":"s","st":"Eleito","dvt":"V\u00e1lido","vap":"438","pvap":"   2,81"},{"seq":"59","sqcand":"140000761993","n":"55255","nm":"EDSON CANTOR","cc":"PSD","nv":" ","e":"n","st":"Suplente","dvt":"V\u00e1lido","vap":"64","pvap":"   0,41"},{"seq":"87","sqcand":"140001101199","n":"20234","nm":"CEARA PEDREIRO","cc":"PSC","nv":" ","e":"n","st":"Suplente","dvt":"V\u00e1lido","vap":"17","pvap":"   0,11"},{"seq":"2","sqcand":"140000761983","n":"55777","nm":"DR. JACKSON VIEIRA","cc":"PSD","nv":" ","e":"s","st":"Eleito","dvt":"V\u00e1lido","vap":"552","pvap":"   3,54"},{"seq":"3","sqcand":"140000636871","n":"40670","nm":"Z\u00c9 ALMEIDA","cc":"PSB","nv":" ","e":"s","st":"Eleito","dvt":"V\u00e1lido","vap":"523","pvap":"   3,35"},{"seq":"81","sqcand":"140000636873","n":"40000","nm":"IVAN MENINO BOM","cc":"PSB","nv":" ","e":"n","st":"Suplente","dvt":"V\u00e1lido","vap":"25","pvap":"   0,16"},{"seq":"67","sqcand":"140001101194","n":"20220","nm":"DITA DO EVIL\u00c1SIO","cc":"PSC","nv":" ","e":"n","st":"Suplente","dvt":"V\u00e1lido","vap":"45","pvap":"   0,29"},{"seq":"104","sqcand":"140001101197","n":"20900","nm":"ANA PAULA SOARES","cc":"PSC","nv":" ","e":"n","st":"Suplente","dvt":"V\u00e1lido","vap":"7","pvap":"   0,04"},{"seq":"56","sqcand":"140000646462","n":"15222","nm":"RIBA POLVA","cc":"MDB","nv":" ","e":"n","st":"Suplente","dvt":"V\u00e1lido","vap":"65","pvap":"   0,42"},{"seq":"37","sqcand":"140000786818","n":"14555","nm":"VALDIR DA RA\u00c7\u00c3O","cc":"PTB","nv":" ","e":"n","st":"Suplente","dvt":"V\u00e1lido","vap":"105","pvap":"   0,67"},{"seq":"40","sqcand":"140000646463","n":"15610","nm":"EDINALDO DO ESPORTE","cc":"MDB","nv":" ","e":"n","st":"Suplente","dvt":"V\u00e1lido","vap":"97","pvap":"   0,62"},{"seq":"76","sqcand":"140000761998","n":"55000","nm":"MARILENE DIAS","cc":"PSD","nv":" ","e":"n","st":"Suplente","dvt":"V\u00e1lido","vap":"34","pvap":"   0,22"},{"seq":"24","sqcand":"140000646466","n":"15888","nm":"CLEDER IRM\u00c3O DO JENEAN","cc":"MDB","nv":" ","e":"n","st":"Suplente","dvt":"V\u00e1lido","vap":"199","pvap":"   1,27"},{"seq":"114","sqcand":"140000786832","n":"10123","nm":"GELSON DE ANDRADE","cc":"REPUBLICANOS","nv":" ","e":"n","st":"N\u00e3o eleito","dvt":"V\u00e1lido","vap":"54","pvap":"   0,35"},{"seq":"91","sqcand":"140000636875","n":"40135","nm":"CLAUDIA MIRANDA","cc":"PSB","nv":" ","e":"n","st":"Suplente","dvt":"V\u00e1lido","vap":"16","pvap":"   0,10"},{"seq":"15","sqcand":"140000646473","n":"15000","nm":"LUCIANO DO REAL","cc":"MDB","nv":" ","e":"n","st":"Suplente","dvt":"V\u00e1lido","vap":"369","pvap":"   2,36"},{"seq":"84","sqcand":"140000761987","n":"55100","nm":"PROFESSOR MAURO MOTA","cc":"PSD","nv":" ","e":"n","st":"Suplente","dvt":"V\u00e1lido","vap":"22","pvap":"   0,14"},{"seq":"29","sqcand":"140000786820","n":"14200","nm":"RAVELL OLIVEIRA","cc":"PTB","nv":" ","e":"n","st":"Suplente","dvt":"V\u00e1lido","vap":"154","pvap":"   0,99"},{"seq":"85","sqcand":"140000646464","n":"15115","nm":"WANDERLY COWBOY","cc":"MDB","nv":" ","e":"n","st":"Suplente","dvt":"V\u00e1lido","vap":"22","pvap":"   0,14"},{"seq":"4","sqcand":"140001101190","n":"20000","nm":"VANIELE BARBOSA","cc":"PSC","nv":" ","e":"s","st":"Eleito","dvt":"V\u00e1lido","vap":"448","pvap":"   2,87"},{"seq":"31","sqcand":"140000786828","n":"14567","nm":"SILVAIR","cc":"PTB","nv":" ","e":"n","st":"Suplente","dvt":"V\u00e1lido","vap":"136","pvap":"   0,87"},{"seq":"44","sqcand":"140001101204","n":"20456","nm":"VALZINHO","cc":"PSC","nv":" ","e":"n","st":"Suplente","dvt":"V\u00e1lido","vap":"92","pvap":"   0,59"},{"seq":"70","sqcand":"140000636877","n":"40100","nm":"PAULA DO PAULINHO ELETRICISTA","cc":"PSB","nv":" ","e":"n","st":"Suplente","dvt":"V\u00e1lido","vap":"42","pvap":"   0,27"},{"seq":"38","sqcand":"140001101196","n":"20020","nm":"DELCLEBER DO PROF. Z\u00c9 RUBENS","cc":"PSC","nv":" ","e":"n","st":"Suplente","dvt":"V\u00e1lido","vap":"105","pvap":"   0,67"},{"seq":"14","sqcand":"140000636879","n":"40123","nm":"CARLOS ENFERMEIRO","cc":"PSB","nv":" ","e":"n","st":"Suplente","dvt":"V\u00e1lido","vap":"374","pvap":"   2,40"},{"seq":"90","sqcand":"140000761994","n":"55125","nm":"JOSIANE SOARES","cc":"PSD","nv":" ","e":"n","st":"Suplente","dvt":"V\u00e1lido","vap":"17","pvap":"   0,11"},{"seq":"22","sqcand":"140000761986","n":"55444","nm":"ERIVAN DA POLO NORTE","cc":"PSD","nv":" ","e":"n","st":"Suplente","dvt":"V\u00e1lido","vap":"240","pvap":"   1,54"},{"seq":"65","sqcand":"140000786822","n":"14123","nm":"DIONE DO ATLANTA","cc":"PTB","nv":" ","e":"n","st":"Suplente","dvt":"V\u00e1lido","vap":"49","pvap":"   0,31"},{"seq":"79","sqcand":"140000884583","n":"22113","nm":"MARA DO SETOR 1","cc":"PL","nv":" ","e":"n","st":"Suplente","dvt":"V\u00e1lido","vap":"28","pvap":"   0,18"},{"seq":"36","sqcand":"140000636880","n":"40111","nm":"PROFESSORA LUCIENE TORRES","cc":"PSB","nv":" ","e":"n","st":"Suplente","dvt":"V\u00e1lido","vap":"113","pvap":"   0,72"},{"seq":"47","sqcand":"140000632774","n":"12222","nm":"RAIMUNDO FAZ DE TUDO","cc":"PDT","nv":" ","e":"n","st":"Suplente","dvt":"V\u00e1lido","vap":"84","pvap":"   0,54"},{"seq":"121","sqcand":"140001100014","n":"13456","nm":"C\u00c1SSIA AMARAL","cc":"PT","nv":" ","e":"n","st":"N\u00e3o eleito","dvt":"V\u00e1lido","vap":"16","pvap":"   0,10"},{"seq":"62","sqcand":"140000786826","n":"14111","nm":"ELIANE DA TAPIOCARIA","cc":"PTB","nv":" ","e":"n","st":"Suplente","dvt":"V\u00e1lido","vap":"54","pvap":"   0,35"},{"seq":"97","sqcand":"140000786816","n":"14122","nm":"MARIONA DO FORR\u00d3","cc":"PTB","nv":" ","e":"n","st":"Suplente","dvt":"V\u00e1lido","vap":"11","pvap":"   0,07"},{"seq":"120","sqcand":"140001100012","n":"13111","nm":"ABIGAIL DA 17 DE ABRIL","cc":"PT","nv":" ","e":"n","st":"N\u00e3o eleito","dvt":"V\u00e1lido","vap":"16","pvap":"   0,10"},{"seq":"117","sqcand":"140001100013","n":"13222","nm":"SINHORZINHO MOTO TAXI","cc":"PT","nv":" ","e":"n","st":"N\u00e3o eleito","dvt":"V\u00e1lido","vap":"19","pvap":"   0,12"},{"seq":"27","sqcand":"140000646472","n":"15221","nm":"CANTORA LUCELENA ALVES","cc":"MDB","nv":" ","e":"n","st":"Suplente","dvt":"V\u00e1lido","vap":"168","pvap":"   1,08"},{"seq":"68","sqcand":"140000884575","n":"22223","nm":"RAIMUNDA BRITO","cc":"PL","nv":" ","e":"n","st":"Suplente","dvt":"V\u00e1lido","vap":"45","pvap":"   0,29"},{"seq":"125","sqcand":"140000786833","n":"10133","nm":"FRANCINETE","cc":"REPUBLICANOS","nv":" ","e":"n","st":"N\u00e3o eleito","dvt":"V\u00e1lido","vap":"9","pvap":"   0,06"},{"seq":"126","sqcand":"140000786835","n":"10200","nm":"REGINALDO SANTOS","cc":"REPUBLICANOS","nv":" ","e":"n","st":"N\u00e3o eleito","dvt":"V\u00e1lido","vap":"8","pvap":"   0,05"},{"seq":"60","sqcand":"140000786829","n":"14114","nm":"ENFERMEIRO VALTER","cc":"PTB","nv":" ","e":"n","st":"Suplente","dvt":"V\u00e1lido","vap":"60","pvap":"   0,38"},{"seq":"109","sqcand":"140000786837","n":"10000","nm":"PROF. WAGNER","cc":"REPUBLICANOS","nv":" ","e":"n","st":"N\u00e3o eleito","dvt":"V\u00e1lido","vap":"249","pvap":"   1,60"},{"seq":"54","sqcand":"140000786815","n":"14244","nm":"FRANCISCO DA 17 DE ABRIL","cc":"PTB","nv":" ","e":"n","st":"Suplente","dvt":"V\u00e1lido","vap":"72","pvap":"   0,46"},{"seq":"99","sqcand":"140001101191","n":"20300","nm":"MARTA MOTA","cc":"PSC","nv":" ","e":"n","st":"Suplente","dvt":"V\u00e1lido","vap":"10","pvap":"   0,06"},{"seq":"92","sqcand":"140000632771","n":"12111","nm":"PASTOR WELINTON","cc":"PDT","nv":" ","e":"n","st":"Suplente","dvt":"V\u00e1lido","vap":"15","pvap":"   0,10"},{"seq":"124","sqcand":"140000786838","n":"10019","nm":"PROF\u00aa SOCORRINHA","cc":"REPUBLICANOS","nv":" ","e":"n","st":"N\u00e3o eleito","dvt":"V\u00e1lido","vap":"10","pvap":"   0,06"},{"seq":"28","sqcand":"140000761984","n":"55111","nm":"DANIELLE VALENTE","cc":"PSD","nv":" ","e":"n","st":"Suplente","dvt":"V\u00e1lido","vap":"165","pvap":"   1,06"},{"seq":"116","sqcand":"140000642437","n":"19333","nm":"RICARDO GALV\u00c3O","cc":"PODE","nv":" ","e":"n","st":"N\u00e3o eleito","dvt":"V\u00e1lido","vap":"24","pvap":"   0,15"},{"seq":"45","sqcand":"140001101200","n":"20610","nm":"PAULINHO FILHO DO PAUL\u00c3O","cc":"PSC","nv":" ","e":"n","st":"Suplente","dvt":"V\u00e1lido","vap":"89","pvap":"   0,57"},{"seq":"48","sqcand":"140000786821","n":"14777","nm":"CLEZIA RAQUEL","cc":"PTB","nv":" ","e":"n","st":"Suplente","dvt":"V\u00e1lido","vap":"84","pvap":"   0,54"},{"seq":"53","sqcand":"140000636882","n":"40222","nm":"PROFESSORA  CLEILDA","cc":"PSB","nv":" ","e":"n","st":"Suplente","dvt":"V\u00e1lido","vap":"73","pvap":"   0,47"},{"seq":"94","sqcand":"140000632780","n":"12122","nm":"TIAGO COWBOY","cc":"PDT","nv":" ","e":"n","st":"Suplente","dvt":"V\u00e1lido","vap":"14","pvap":"   0,09"},{"seq":"34","sqcand":"140000884574","n":"22222","nm":"J\u00daNIOR PALADAR","cc":"PL","nv":" ","e":"n","st":"Suplente","dvt":"V\u00e1lido","vap":"129","pvap":"   0,83"},{"seq":"98","sqcand":"140000884576","n":"22555","nm":"DOD\u00d4 DO CHAVEIRO","cc":"PL","nv":" ","e":"n","st":"Suplente","dvt":"V\u00e1lido","vap":"11","pvap":"   0,07"},{"seq":"86","sqcand":"140000636872","n":"40777","nm":"MARIA GARI","cc":"PSB","nv":" ","e":"n","st":"Suplente","dvt":"V\u00e1lido","vap":"20","pvap":"   0,13"},{"seq":"113","sqcand":"140000642441","n":"19999","nm":"JANIO ROCHA","cc":"PODE","nv":" ","e":"n","st":"N\u00e3o eleito","dvt":"V\u00e1lido","vap":"70","pvap":"   0,45"},{"seq":"77","sqcand":"140000636876","n":"40555","nm":"FERNANDO LEITEIRO","cc":"PSB","nv":" ","e":"n","st":"Suplente","dvt":"V\u00e1lido","vap":"33","pvap":"   0,21"},{"seq":"43","sqcand":"140001101198","n":"20555","nm":"MAZIM DA ABAET\u00c9","cc":"PSC","nv":" ","e":"n","st":"Suplente","dvt":"V\u00e1lido","vap":"93","pvap":"   0,60"},{"seq":"115","sqcand":"140001100018","n":"13013","nm":"MIGUEL DO PT","cc":"PT","nv":" ","e":"n","st":"N\u00e3o eleito","dvt":"V\u00e1lido","vap":"24","pvap":"   0,15"},{"seq":"12","sqcand":"140000632778","n":"12100","nm":"ANTONIO DA BAMERINDUS","cc":"PDT","nv":" ","e":"s","st":"Eleito","dvt":"V\u00e1lido","vap":"244","pvap":"   1,56"},{"seq":"89","sqcand":"140000761991","n":"55155","nm":"JANAINA VER\u00c7OSA","cc":"PSD","nv":" ","e":"n","st":"Suplente","dvt":"V\u00e1lido","vap":"17","pvap":"   0,11"},{"seq":"130","sqcand":"140000950763","n":"35500","nm":"ERNANDES PEDREIRO","cc":"PMB","nv":" ","e":"n","st":"N\u00e3o eleito","dvt":"V\u00e1lido","vap":"0","pvap":"00.00"},{"seq":"32","sqcand":"140000646460","n":"15111","nm":"IRM\u00c3 EGILENE","cc":"MDB","nv":" ","e":"n","st":"Suplente","dvt":"V\u00e1lido","vap":"133","pvap":"   0,85"},{"seq":"10","sqcand":"140000761996","n":"55500","nm":"JUNIOR DO GRAVATA","cc":"PSD","nv":" ","e":"s","st":"Eleito","dvt":"V\u00e1lido","vap":"325","pvap":"   2,08"},{"seq":"13","sqcand":"140000884572","n":"22444","nm":"HAROLDINHO DA 17","cc":"PL","nv":" ","e":"s","st":"Eleito","dvt":"V\u00e1lido","vap":"191","pvap":"   1,22"},{"seq":"26","sqcand":"140000632776","n":"12346","nm":"DONA DALVA","cc":"PDT","nv":" ","e":"n","st":"Suplente","dvt":"V\u00e1lido","vap":"175","pvap":"   1,12"},{"seq":"107","sqcand":"140001101207","n":"20700","nm":"SANDRA CALDEIRA","cc":"PSC","nv":" ","e":"n","st":"Suplente","dvt":"V\u00e1lido","vap":"2","pvap":"   0,01"},{"seq":"122","sqcand":"140001100017","n":"13000","nm":"NEGA DA SANTA MARIA","cc":"PT","nv":" ","e":"n","st":"N\u00e3o eleito","dvt":"V\u00e1lido","vap":"16","pvap":"   0,10"},{"seq":"9","sqcand":"140001101202","n":"20111","nm":"MAIZA DO AD\u00c3OZ\u00c3O","cc":"PSC","nv":" ","e":"s","st":"Eleito","dvt":"V\u00e1lido","vap":"332","pvap":"   2,13"},{"seq":"33","sqcand":"140000761999","n":"55220","nm":"ANTONIO DOS SANTOS","cc":"PSD","nv":" ","e":"n","st":"Suplente","dvt":"V\u00e1lido","vap":"133","pvap":"   0,85"},{"seq":"71","sqcand":"140000884580","n":"22123","nm":"MANOEL BOA VISTA","cc":"PL","nv":" ","e":"n","st":"Suplente","dvt":"V\u00e1lido","vap":"41","pvap":"   0,26"},{"seq":"119","sqcand":"140000786834","n":"10456","nm":"MARIA M\u00c3E DO FRAN\u00c7A","cc":"REPUBLICANOS","nv":" ","e":"n","st":"N\u00e3o eleito","dvt":"V\u00e1lido","vap":"16","pvap":"   0,10"},{"seq":"108","sqcand":"140001100015","n":"13100","nm":"THIAGUINHO DA 17 DE ABRIL","cc":"PT","nv":" ","e":"n","st":"N\u00e3o eleito","dvt":"V\u00e1lido","vap":"404","pvap":"   2,59"},{"seq":"83","sqcand":"140000636874","n":"40850","nm":"FIDELIS","cc":"PSB","nv":" ","e":"n","st":"Suplente","dvt":"V\u00e1lido","vap":"23","pvap":"   0,15"},{"seq":"106","sqcand":"140000636878","n":"40888","nm":"MATEUS SILVA","cc":"PSB","nv":" ","e":"n","st":"Suplente","dvt":"V\u00e1lido","vap":"3","pvap":"   0,02"},{"seq":"93","sqcand":"140000884579","n":"22345","nm":"MANOEL DA SA\u00daDE","cc":"PL","nv":" ","e":"n","st":"Suplente","dvt":"V\u00e1lido","vap":"14","pvap":"   0,09"},{"seq":"127","sqcand":"140000950764","n":"35300","nm":"LILIAN DO VATAP\u00c1","cc":"PMB","nv":" ","e":"n","st":"N\u00e3o eleito","dvt":"V\u00e1lido","vap":"0","pvap":"00.00"},{"seq":"50","sqcand":"140001101195","n":"20122","nm":"XAVIER DO PA S\u00c3O FRANCISCO","cc":"PSC","nv":" ","e":"n","st":"Suplente","dvt":"V\u00e1lido","vap":"77","pvap":"   0,49"},{"seq":"80","sqcand":"140000632773","n":"12007","nm":"JC","cc":"PDT","nv":" ","e":"n","st":"Suplente","dvt":"V\u00e1lido","vap":"28","pvap":"   0,18"},{"seq":"131","sqcand":"140000950761","n":"35200","nm":"DANY DA DISTRIBUIDORA","cc":"PMB","nv":" ","e":"n","st":"N\u00e3o eleito","dvt":"V\u00e1lido","vap":"0","pvap":"00.00"},{"seq":"96","sqcand":"140000632772","n":"12655","nm":"HELIANA VIEIRA","cc":"PDT","nv":" ","e":"n","st":"Suplente","dvt":"V\u00e1lido","vap":"12","pvap":"   0,08"},{"seq":"128","sqcand":"140000950762","n":"35111","nm":"GENIVAL DO BUTECO","cc":"PMB","nv":" ","e":"n","st":"N\u00e3o eleito","dvt":"V\u00e1lido","vap":"0","pvap":"00.00"},{"seq":"105","sqcand":"140000632770","n":"12115","nm":"ANTONIO DA AREIA","cc":"PDT","nv":" ","e":"n","st":"Suplente","dvt":"V\u00e1lido","vap":"3","pvap":"   0,02"},{"seq":"16","sqcand":"140000761990","n":"55555","nm":"MARCELO BRAGA","cc":"PSD","nv":" ","e":"n","st":"Suplente","dvt":"V\u00e1lido","vap":"304","pvap":"   1,95"},{"seq":"8","sqcand":"140000762000","n":"55123","nm":"JOSEMIR LIMA","cc":"PSD","nv":" ","e":"s","st":"Eleito","dvt":"V\u00e1lido","vap":"381","pvap":"   2,44"},{"seq":"78","sqcand":"140000786823","n":"14151","nm":"BAIXINHA DO BURITI","cc":"PTB","nv":" ","e":"n","st":"Suplente","dvt":"V\u00e1lido","vap":"30","pvap":"   0,19"},{"seq":"41","sqcand":"140000884584","n":"22122","nm":"RAIMUNDINHO POT\u00caNCIA","cc":"PL","nv":" ","e":"n","st":"Suplente","dvt":"V\u00e1lido","vap":"95","pvap":"   0,61"},{"seq":"66","sqcand":"140000632775","n":"12356","nm":"PASTOR VALDENIR","cc":"PDT","nv":" ","e":"n","st":"Suplente","dvt":"V\u00e1lido","vap":"48","pvap":"   0,31"},{"seq":"100","sqcand":"140001101205","n":"20500","nm":"CHAQUINHA DA BAMERINDOS","cc":"PSC","nv":" ","e":"n","st":"Suplente","dvt":"V\u00e1lido","vap":"9","pvap":"   0,06"},{"seq":"72","sqcand":"140001101201","n":"20120","nm":"ADELMAN DO SETOR 1","cc":"PSC","nv":" ","e":"n","st":"Suplente","dvt":"V\u00e1lido","vap":"40","pvap":"   0,26"},{"seq":"7","sqcand":"140000646471","n":"15100","nm":"NEGO DA LOJA","cc":"MDB","nv":" ","e":"s","st":"Eleito","dvt":"V\u00e1lido","vap":"385","pvap":"   2,47"},{"seq":"20","sqcand":"140000786825","n":"14100","nm":"JAILSON DE SOUSA","cc":"PTB","nv":" ","e":"n","st":"Suplente","dvt":"V\u00e1lido","vap":"245","pvap":"   1,57"},{"seq":"51","sqcand":"140000884581","n":"22100","nm":"HEDER ROCHA","cc":"PL","nv":" ","e":"n","st":"Suplente","dvt":"V\u00e1lido","vap":"77","pvap":"   0,49"},{"seq":"49","sqcand":"140001101206","n":"20222","nm":"ROMULO FERREIRA","cc":"PSC","nv":" ","e":"n","st":"Suplente","dvt":"V\u00e1lido","vap":"81","pvap":"   0,52"},{"seq":"74","sqcand":"140000632782","n":"12345","nm":"TAIGUARA BEZERRA","cc":"PDT","nv":" ","e":"n","st":"Suplente","dvt":"V\u00e1lido","vap":"36","pvap":"   0,23"},{"seq":"23","sqcand":"140000761992","n":"55888","nm":"BOIADEIRO DO POSTO","cc":"PSD","nv":" ","e":"n","st":"Suplente","dvt":"V\u00e1lido","vap":"202","pvap":"   1,29"},{"seq":"103","sqcand":"140000646461","n":"15158","nm":"EDNA DO NEG\u00c3O FB","cc":"MDB","nv":" ","e":"n","st":"Suplente","dvt":"V\u00e1lido","vap":"8","pvap":"   0,05"},{"seq":"82","sqcand":"140001101203","n":"20100","nm":"LOIRINHO DO PULA PULA","cc":"PSC","nv":" ","e":"n","st":"Suplente","dvt":"V\u00e1lido","vap":"25","pvap":"   0,16"},{"seq":"46","sqcand":"140000884577","n":"22580","nm":"CLEUMAR ALEIXO","cc":"PL","nv":" ","e":"n","st":"Suplente","dvt":"V\u00e1lido","vap":"85","pvap":"   0,54"},{"seq":"123","sqcand":"140000642440","n":"19456","nm":"PATR\u00cdCIA COSTA","cc":"PODE","nv":" ","e":"n","st":"N\u00e3o eleito","dvt":"V\u00e1lido","vap":"11","pvap":"   0,07"},{"seq":"73","sqcand":"140000646459","n":"15150","nm":"ZACARIAS DA BAMERINDUS","cc":"MDB","nv":" ","e":"n","st":"Suplente","dvt":"V\u00e1lido","vap":"36","pvap":"   0,23"},{"seq":"25","sqcand":"140000646467","n":"15444","nm":"CINEIMAR","cc":"MDB","nv":" ","e":"n","st":"Suplente","dvt":"V\u00e1lido","vap":"182","pvap":"   1,17"},{"seq":"42","sqcand":"140001101192","n":"20200","nm":"LUCIANO MECANICO","cc":"PSC","nv":" ","e":"n","st":"Suplente","dvt":"V\u00e1lido","vap":"93","pvap":"   0,60"},{"seq":"58","sqcand":"140000786827","n":"14223","nm":"PASTOR MESSIAS","cc":"PTB","nv":" ","e":"n","st":"Suplente","dvt":"V\u00e1lido","vap":"65","pvap":"   0,42"},{"seq":"75","sqcand":"140001101193","n":"20444","nm":"DA PAZ DA 17 DE ABRIL","cc":"PSC","nv":" ","e":"n","st":"Suplente","dvt":"V\u00e1lido","vap":"35","pvap":"   0,22"},{"seq":"55","sqcand":"140000761985","n":"55678","nm":"MARIA DOS REIS","cc":"PSD","nv":" ","e":"n","st":"Suplente","dvt":"V\u00e1lido","vap":"72","pvap":"   0,46"},{"seq":"69","sqcand":"140000632779","n":"12733","nm":"DANIEL DO POSTO","cc":"PDT","nv":" ","e":"n","st":"Suplente","dvt":"V\u00e1lido","vap":"44","pvap":"   0,28"},{"seq":"118","sqcand":"140000642438","n":"19123","nm":"ALDEN\u00ca CABELEIREIRA","cc":"PODE","nv":" ","e":"n","st":"N\u00e3o eleito","dvt":"V\u00e1lido","vap":"17","pvap":"   0,11"},{"seq":"129","sqcand":"140000950759","n":"35100","nm":"ZITO DO ABAET\u00c9","cc":"PMB","nv":" ","e":"n","st":"N\u00e3o eleito","dvt":"V\u00e1lido","vap":"0","pvap":"00.00"},{"seq":"39","sqcand":"140000786817","n":"14000","nm":"DEBORA COSTA","cc":"PTB","nv":" ","e":"n","st":"Suplente","dvt":"V\u00e1lido","vap":"99","pvap":"   0,63"},{"seq":"21","sqcand":"140001101208","n":"20123","nm":"IRM\u00c3O DEUSDETE","cc":"PSC","nv":" ","e":"n","st":"Suplente","dvt":"V\u00e1lido","vap":"241","pvap":"   1,54"},{"seq":"52","sqcand":"140000786824","n":"14333","nm":"ADRIANA SOUSA","cc":"PTB","nv":" ","e":"n","st":"Suplente","dvt":"V\u00e1lido","vap":"76","pvap":"   0,49"},{"seq":"110","sqcand":"140001100016","n":"13123","nm":"ELIANE DA SORVETERIA","cc":"PT","nv":" ","e":"n","st":"N\u00e3o eleito","dvt":"V\u00e1lido","vap":"216","pvap":"   1,38"},{"seq":"111","sqcand":"140000786836","n":"10100","nm":"HAROLDO DA VAN","cc":"REPUBLICANOS","nv":" ","e":"n","st":"N\u00e3o eleito","dvt":"V\u00e1lido","vap":"131","pvap":"   0,84"},{"seq":"11","sqcand":"140000786819","n":"14444","nm":"LENO DA PERUANA","cc":"PTB","nv":" ","e":"s","st":"Eleito","dvt":"V\u00e1lido","vap":"284","pvap":"   1,82"},{"seq":"19","sqcand":"140000646475","n":"15147","nm":"LEONARDO NUNES","cc":"MDB","nv":" ","e":"n","st":"Suplente","dvt":"V\u00e1lido","vap":"253","pvap":"   1,62"},{"seq":"101","sqcand":"140000632781","n":"12888","nm":"ANA CONCEI\u00c7\u00c3O","cc":"PDT","nv":" ","e":"n","st":"Suplente","dvt":"V\u00e1lido","vap":"9","pvap":"   0,06"},{"seq":"63","sqcand":"140000884573","n":"22333","nm":"JO\u00c3O VITOR","cc":"PL","nv":" ","e":"n","st":"Suplente","dvt":"V\u00e1lido","vap":"53","pvap":"   0,34"},{"seq":"112","sqcand":"140000642439","n":"19111","nm":"ESPOSA DO MANOEL DA LEOLAR","cc":"PODE","nv":" ","e":"n","st":"N\u00e3o eleito","dvt":"V\u00e1lido","vap":"128","pvap":"   0,82"},{"seq":"18","sqcand":"140000646470","n":"15777","nm":"ADELAR MOTOS","cc":"MDB","nv":" ","e":"n","st":"Suplente","dvt":"V\u00e1lido","vap":"278","pvap":"   1,78"}]}
