{"ele":"426","tpabr":"mu","cdabr":"04146","carper":"13","t":"1","f":"o","dt":"15/11/2020","ht":"22:07:20","dv":"s","tf":"s","v":"11","esae":"n","mnae":"","s":"57","st":"57","pst":" 100,00","snt":"0","psnt":"   0,00","si":"57","psi":" 100,00","sni":"0","psni":"   0,00","sa":"57","psa":" 100,00","sna":"0","psna":"   0,00","e":"17036","ea":"17036","pea":" 100,00","ena":"0","pena":"   0,00","esi":"17036","pesi":" 100,00","esni":"0","pesni":"   0,00","c":"13790","pc":"  80,95","a":"3246","pa":"  19,05","vscv":"0","vnom":"12381","vl":"718","pvnom":"  94,52","pvl":"   5,48","vvc":"13099","pvvc":"  94,99","vb":"90","pvb":"   0,65","tvn":"601","ptvn":"   4,36","vn":"601","pvn":" 100,00","vnt":"0","pvnt":"   0,00","vp":"0","pvp":"   0,00","vv":"13099","pvv":" 100,00","van":"0","pvan":"   0,00","vansj":"0","pvansj":"   0,00","tv":"13790","cand":[{"seq":"56","sqcand":"140001252867","n":"70456","nm":"KELLBY PEREIRA","cc":"AVANTE","nv":" ","e":"n","st":"N\u00e3o eleito","dvt":"V\u00e1lido","vap":"63","pvap":"   0,48"},{"seq":"3","sqcand":"140001252870","n":"22000","nm":"NEGUINHO DO COCO","cc":"PL","nv":" ","e":"s","st":"Eleito","dvt":"V\u00e1lido","vap":"656","pvap":"   5,01"},{"seq":"19","sqcand":"140001252836","n":"15555","nm":"SOCORRO SALDANHA","cc":"MDB","nv":" ","e":"n","st":"Suplente","dvt":"V\u00e1lido","vap":"272","pvap":"   2,08"},{"seq":"47","sqcand":"140000997948","n":"13312","nm":"MARCIENE RODRIGUES","cc":"PT","nv":" ","e":"n","st":"Suplente","dvt":"V\u00e1lido","vap":"15","pvap":"   0,11"},{"seq":"30","sqcand":"140000997942","n":"13000","nm":"GELMA LIMA","cc":"PT","nv":" ","e":"n","st":"Suplente","dvt":"V\u00e1lido","vap":"164","pvap":"   1,25"},{"seq":"49","sqcand":"140000774447","n":"40789","nm":"ZENA DO QUARENTA E OITO","cc":"PSB","nv":" ","e":"n","st":"Suplente","dvt":"V\u00e1lido","vap":"10","pvap":"   0,08"},{"seq":"14","sqcand":"140001252839","n":"15789","nm":"OZIRES ALVES","cc":"MDB","nv":" ","e":"n","st":"Suplente","dvt":"V\u00e1lido","vap":"351","pvap":"   2,68"},{"seq":"10","sqcand":"140000774446","n":"40000","nm":"NALVINHA DA SA\u00daDE","cc":"PSB","nv":" ","e":"s","st":"Eleito","dvt":"V\u00e1lido","vap":"416","pvap":"   3,18"},{"seq":"36","sqcand":"140001263285","n":"13113","nm":"BAB\u00c1","cc":"PT","nv":" ","e":"n","st":"Suplente","dvt":"V\u00e1lido","vap":"70","pvap":"   0,53"},{"seq":"7","sqcand":"140001252833","n":"15615","nm":"FERNANDO CUNHA","cc":"MDB","nv":" ","e":"s","st":"Eleito","dvt":"V\u00e1lido","vap":"473","pvap":"   3,61"},{"seq":"24","sqcand":"140001252868","n":"22555","nm":"LUIZ CARLOS","cc":"PL","nv":" ","e":"n","st":"Suplente","dvt":"V\u00e1lido","vap":"235","pvap":"   1,79"},{"seq":"45","sqcand":"140001267058","n":"22321","nm":"GEOVANNA NARCISO","cc":"PL","nv":" ","e":"n","st":"Suplente","dvt":"V\u00e1lido","vap":"18","pvap":"   0,14"},{"seq":"27","sqcand":"140000774438","n":"40444","nm":"NATAN DA PADARIA","cc":"PSB","nv":" ","e":"n","st":"Suplente","dvt":"V\u00e1lido","vap":"206","pvap":"   1,57"},{"seq":"9","sqcand":"140000774448","n":"40999","nm":"ZECA DO BENTO","cc":"PSB","nv":" ","e":"s","st":"Eleito","dvt":"V\u00e1lido","vap":"436","pvap":"   3,33"},{"seq":"12","sqcand":"140001252877","n":"22500","nm":"NALDO TEMB\u00c9","cc":"PL","nv":" ","e":"n","st":"Suplente","dvt":"V\u00e1lido","vap":"400","pvap":"   3,05"},{"seq":"8","sqcand":"140001252835","n":"15123","nm":"S\u00c1VIO DO CEC\u00c9U","cc":"MDB","nv":" ","e":"s","st":"Eleito","dvt":"V\u00e1lido","vap":"463","pvap":"   3,53"},{"seq":"38","sqcand":"140001252834","n":"15999","nm":"PROFESSOR JOCY BARROS","cc":"MDB","nv":" ","e":"n","st":"Suplente","dvt":"V\u00e1lido","vap":"45","pvap":"   0,34"},{"seq":"17","sqcand":"140000997941","n":"13123","nm":"MARCOS DO BROCA","cc":"PT","nv":" ","e":"n","st":"Suplente","dvt":"V\u00e1lido","vap":"311","pvap":"   2,37"},{"seq":"50","sqcand":"140001252871","n":"22444","nm":"PROFESSORA IRIS","cc":"PL","nv":" ","e":"n","st":"Suplente","dvt":"V\u00e1lido","vap":"9","pvap":"   0,07"},{"seq":"16","sqcand":"140000774449","n":"40888","nm":"DIONYSON SALDANHA","cc":"PSB","nv":" ","e":"n","st":"Suplente","dvt":"V\u00e1lido","vap":"338","pvap":"   2,58"},{"seq":"58","sqcand":"140000997547","n":"50789","nm":"LARISSA SOUSA","cc":"PSOL","nv":" ","e":"n","st":"N\u00e3o eleito","dvt":"V\u00e1lido","vap":"22","pvap":"   0,17"},{"seq":"40","sqcand":"140000774450","n":"40777","nm":"RIAN DO CAET\u00c9","cc":"PSB","nv":" ","e":"n","st":"Suplente","dvt":"V\u00e1lido","vap":"36","pvap":"   0,27"},{"seq":"60","sqcand":"140001252865","n":"70789","nm":"FERNANDA BELFORT","cc":"AVANTE","nv":" ","e":"n","st":"N\u00e3o eleito","dvt":"V\u00e1lido","vap":"4","pvap":"   0,03"},{"seq":"32","sqcand":"140000997943","n":"13111","nm":"RONALDO DA SA\u00daDE","cc":"PT","nv":" ","e":"n","st":"Suplente","dvt":"V\u00e1lido","vap":"117","pvap":"   0,89"},{"seq":"34","sqcand":"140000774437","n":"40122","nm":"ALZIRA PIMENTEL","cc":"PSB","nv":" ","e":"n","st":"Suplente","dvt":"V\u00e1lido","vap":"91","pvap":"   0,69"},{"seq":"37","sqcand":"140000774443","n":"40567","nm":"FRANCISCA MELO","cc":"PSB","nv":" ","e":"n","st":"Suplente","dvt":"V\u00e1lido","vap":"62","pvap":"   0,47"},{"seq":"57","sqcand":"140001252864","n":"70123","nm":"TAT\u00c1 ROCHA","cc":"AVANTE","nv":" ","e":"n","st":"N\u00e3o eleito","dvt":"V\u00e1lido","vap":"38","pvap":"   0,29"},{"seq":"4","sqcand":"140001252869","n":"22456","nm":"KAIO LUCENA","cc":"PL","nv":" ","e":"s","st":"Eleito","dvt":"V\u00e1lido","vap":"631","pvap":"   4,82"},{"seq":"55","sqcand":"140000997549","n":"50456","nm":"DED\u00c9 BRAND\u00c3O","cc":"PSOL","nv":" ","e":"n","st":"N\u00e3o eleito","dvt":"V\u00e1lido","vap":"63","pvap":"   0,48"},{"seq":"28","sqcand":"140000997944","n":"13456","nm":"T\u00c9O MACHADO","cc":"PT","nv":" ","e":"n","st":"Suplente","dvt":"V\u00e1lido","vap":"199","pvap":"   1,52"},{"seq":"33","sqcand":"140001252829","n":"15333","nm":"ALICE CARDOSO","cc":"MDB","nv":" ","e":"n","st":"Suplente","dvt":"V\u00e1lido","vap":"109","pvap":"   0,83"},{"seq":"44","sqcand":"140000997945","n":"13222","nm":"PATO","cc":"PT","nv":" ","e":"n","st":"Suplente","dvt":"V\u00e1lido","vap":"20","pvap":"   0,15"},{"seq":"26","sqcand":"140001252830","n":"15000","nm":"PROFESSORA JOYCE","cc":"MDB","nv":" ","e":"n","st":"Suplente","dvt":"V\u00e1lido","vap":"217","pvap":"   1,66"},{"seq":"5","sqcand":"140000774440","n":"40456","nm":"MARINHO DO BROCA","cc":"PSB","nv":" ","e":"s","st":"Eleito","dvt":"V\u00e1lido","vap":"531","pvap":"   4,05"},{"seq":"51","sqcand":"140001252875","n":"22129","nm":"CRISTINA NUNES","cc":"PL","nv":" ","e":"n","st":"Suplente","dvt":"V\u00e1lido","vap":"9","pvap":"   0,07"},{"seq":"48","sqcand":"140001252838","n":"15166","nm":"ANGELA SALDANHA","cc":"MDB","nv":" ","e":"n","st":"Suplente","dvt":"V\u00e1lido","vap":"13","pvap":"   0,10"},{"seq":"39","sqcand":"140001252878","n":"22789","nm":"MARCO PAULINO DO SINDICATO","cc":"PL","nv":" ","e":"n","st":"Suplente","dvt":"V\u00e1lido","vap":"44","pvap":"   0,34"},{"seq":"6","sqcand":"140000774439","n":"40333","nm":"RENATO DO GALO","cc":"PSB","nv":" ","e":"s","st":"Eleito","dvt":"V\u00e1lido","vap":"490","pvap":"   3,74"},{"seq":"13","sqcand":"140000774444","n":"40555","nm":"ROSIANO","cc":"PSB","nv":" ","e":"n","st":"Suplente","dvt":"V\u00e1lido","vap":"373","pvap":"   2,85"},{"seq":"29","sqcand":"140000774451","n":"40111","nm":"SOARES","cc":"PSB","nv":" ","e":"n","st":"Suplente","dvt":"V\u00e1lido","vap":"196","pvap":"   1,50"},{"seq":"52","sqcand":"140001252828","n":"15220","nm":"PEDRO VITORIO","cc":"MDB","nv":" ","e":"n","st":"Suplente","dvt":"V\u00e1lido","vap":"6","pvap":"   0,05"},{"seq":"22","sqcand":"140001252874","n":"22222","nm":"PRETINHO CANINANA","cc":"PL","nv":" ","e":"n","st":"Suplente","dvt":"V\u00e1lido","vap":"264","pvap":"   2,02"},{"seq":"35","sqcand":"140000997949","n":"13100","nm":"CLONO DOS SEM TERRA","cc":"PT","nv":" ","e":"n","st":"Suplente","dvt":"V\u00e1lido","vap":"77","pvap":"   0,59"},{"seq":"1","sqcand":"140000774441","n":"40123","nm":"AHRNON OLIVEIRA","cc":"PSB","nv":" ","e":"s","st":"Eleito","dvt":"V\u00e1lido","vap":"739","pvap":"   5,64"},{"seq":"23","sqcand":"140000774442","n":"40147","nm":"LEONE","cc":"PSB","nv":" ","e":"n","st":"Suplente","dvt":"V\u00e1lido","vap":"253","pvap":"   1,93"},{"seq":"31","sqcand":"140001252837","n":"15678","nm":"IROMAR","cc":"MDB","nv":" ","e":"n","st":"Suplente","dvt":"V\u00e1lido","vap":"152","pvap":"   1,16"},{"seq":"43","sqcand":"140000997950","n":"13789","nm":"ALBERANI MACIEL","cc":"PT","nv":" ","e":"n","st":"Suplente","dvt":"V\u00e1lido","vap":"21","pvap":"   0,16"},{"seq":"15","sqcand":"140001252873","n":"22123","nm":"ORLEY SOARES","cc":"PL","nv":" ","e":"n","st":"Suplente","dvt":"V\u00e1lido","vap":"347","pvap":"   2,65"},{"seq":"18","sqcand":"140000997947","n":"13300","nm":"XEX\u00c9U DO SINDICATO","cc":"PT","nv":" ","e":"n","st":"Suplente","dvt":"V\u00e1lido","vap":"300","pvap":"   2,29"},{"seq":"53","sqcand":"140001252879","n":"22333","nm":"SANTANA","cc":"PL","nv":" ","e":"n","st":"Suplente","dvt":"V\u00e1lido","vap":"0","pvap":"00.00"},{"seq":"46","sqcand":"140001252832","n":"15888","nm":"NETE COSTA","cc":"MDB","nv":" ","e":"n","st":"Suplente","dvt":"V\u00e1lido","vap":"16","pvap":"   0,12"},{"seq":"21","sqcand":"140000774452","n":"40222","nm":"NEIDE DA SA\u00daDE","cc":"PSB","nv":" ","e":"n","st":"Suplente","dvt":"V\u00e1lido","vap":"270","pvap":"   2,06"},{"seq":"54","sqcand":"140000997548","n":"50123","nm":"SANDRO TEMB\u00c9","cc":"PSOL","nv":" ","e":"n","st":"N\u00e3o eleito","dvt":"V\u00e1lido","vap":"66","pvap":"   0,50"},{"seq":"2","sqcand":"140001252831","n":"15456","nm":"BASTI\u00c3O DO PAU DE REMO","cc":"MDB","nv":" ","e":"s","st":"Eleito","dvt":"V\u00e1lido","vap":"734","pvap":"   5,60"},{"seq":"42","sqcand":"140000997951","n":"13130","nm":"LULI NOGUEIRA","cc":"PT","nv":" ","e":"n","st":"Suplente","dvt":"V\u00e1lido","vap":"24","pvap":"   0,18"},{"seq":"61","sqcand":"140001252863","n":"70223","nm":"PASTOR AMINTAS","cc":"AVANTE","nv":" ","e":"n","st":"N\u00e3o eleito","dvt":"V\u00e1lido","vap":"2","pvap":"   0,02"},{"seq":"41","sqcand":"140001252876","n":"22888","nm":"ADRIANA PASTANA","cc":"PL","nv":" ","e":"n","st":"Suplente","dvt":"V\u00e1lido","vap":"28","pvap":"   0,21"},{"seq":"25","sqcand":"140001252872","n":"22345","nm":"TATU","cc":"PL","nv":" ","e":"n","st":"Suplente","dvt":"V\u00e1lido","vap":"224","pvap":"   1,71"},{"seq":"11","sqcand":"140000997946","n":"13333","nm":"SAMUEL DO CORUJINHA","cc":"PT","nv":" ","e":"s","st":"Eleito","dvt":"V\u00e1lido","vap":"352","pvap":"   2,69"},{"seq":"20","sqcand":"140000774445","n":"40666","nm":"ZE LUIS DA ESTIVA","cc":"PSB","nv":" ","e":"n","st":"Suplente","dvt":"V\u00e1lido","vap":"272","pvap":"   2,08"},{"seq":"59","sqcand":"140001252866","n":"70151","nm":"ACS CAFU","cc":"AVANTE","nv":" ","e":"n","st":"N\u00e3o eleito","dvt":"V\u00e1lido","vap":"18","pvap":"   0,14"}]}
