{"ele":"426","tpabr":"mu","cdabr":"04197","carper":"13","t":"1","f":"o","dt":"15/11/2020","ht":"23:20:13","dv":"s","tf":"s","v":"9","esae":"n","mnae":"","s":"49","st":"49","pst":" 100,00","snt":"0","psnt":"   0,00","si":"49","psi":" 100,00","sni":"0","psni":"   0,00","sa":"49","psa":" 100,00","sna":"0","psna":"   0,00","e":"10752","ea":"10752","pea":" 100,00","ena":"0","pena":"   0,00","esi":"10752","pesi":" 100,00","esni":"0","pesni":"   0,00","c":"8363","pc":"  77,78","a":"2389","pa":"  22,22","vscv":"0","vnom":"7668","vl":"425","pvnom":"  94,75","pvl":"   5,25","vvc":"8093","pvvc":"  96,77","vb":"41","pvb":"   0,49","tvn":"229","ptvn":"   2,74","vn":"229","pvn":" 100,00","vnt":"0","pvnt":"   0,00","vp":"0","pvp":"   0,00","vv":"8093","pvv":" 100,00","van":"0","pvan":"   0,00","vansj":"0","pvansj":"   0,00","tv":"8363","cand":[{"seq":"53","sqcand":"140000849682","n":"10250","nm":"PASCOAL","cc":"REPUBLICANOS","nv":" ","e":"n","st":"Suplente","dvt":"V\u00e1lido","vap":"13","pvap":"   0,16"},{"seq":"20","sqcand":"140000692931","n":"45555","nm":"GARRINCHA","cc":"PSDB","nv":" ","e":"n","st":"Suplente","dvt":"V\u00e1lido","vap":"137","pvap":"   1,69"},{"seq":"1","sqcand":"140000658533","n":"15015","nm":"H\u00c9LIO DO DEM\u00c9TRIO","cc":"MDB","nv":" ","e":"s","st":"Eleito","dvt":"V\u00e1lido","vap":"579","pvap":"   7,15"},{"seq":"18","sqcand":"140000858494","n":"40255","nm":"BETO CAMET\u00c1","cc":"PSB","nv":" ","e":"n","st":"Suplente","dvt":"V\u00e1lido","vap":"144","pvap":"   1,78"},{"seq":"43","sqcand":"140000692989","n":"25450","nm":"GAGO SANTA IN\u00caS","cc":"DEM","nv":" ","e":"n","st":"Suplente","dvt":"V\u00e1lido","vap":"33","pvap":"   0,41"},{"seq":"48","sqcand":"140000849679","n":"10234","nm":"CRIS BECHARA","cc":"REPUBLICANOS","nv":" ","e":"n","st":"Suplente","dvt":"V\u00e1lido","vap":"21","pvap":"   0,26"},{"seq":"6","sqcand":"140000658537","n":"15678","nm":"RAIMUNDINHO MENESES","cc":"MDB","nv":" ","e":"s","st":"Eleito","dvt":"V\u00e1lido","vap":"352","pvap":"   4,35"},{"seq":"30","sqcand":"140000692927","n":"45222","nm":"BEN\u00c9","cc":"PSDB","nv":" ","e":"n","st":"Suplente","dvt":"V\u00e1lido","vap":"73","pvap":"   0,90"},{"seq":"62","sqcand":"140000692923","n":"45005","nm":"ANDREIA","cc":"PSDB","nv":" ","e":"n","st":"Suplente","dvt":"V\u00e1lido","vap":"0","pvap":"00.00"},{"seq":"52","sqcand":"140000858487","n":"40252","nm":"CHIRLEY IONE","cc":"PSB","nv":" ","e":"n","st":"Suplente","dvt":"V\u00e1lido","vap":"14","pvap":"   0,17"},{"seq":"4","sqcand":"140000692999","n":"25333","nm":"ZENAIDE PACHECO","cc":"DEM","nv":" ","e":"s","st":"Eleito","dvt":"V\u00e1lido","vap":"364","pvap":"   4,50"},{"seq":"22","sqcand":"140000858489","n":"40789","nm":"RAIMUND\u00c3O","cc":"PSB","nv":" ","e":"n","st":"Suplente","dvt":"V\u00e1lido","vap":"123","pvap":"   1,52"},{"seq":"23","sqcand":"140000849675","n":"10111","nm":"SILVESTRE","cc":"REPUBLICANOS","nv":" ","e":"n","st":"Suplente","dvt":"V\u00e1lido","vap":"122","pvap":"   1,51"},{"seq":"29","sqcand":"140000693000","n":"25345","nm":"FILEMOM","cc":"DEM","nv":" ","e":"n","st":"Suplente","dvt":"V\u00e1lido","vap":"77","pvap":"   0,95"},{"seq":"13","sqcand":"140000658544","n":"15000","nm":"Z\u00c9 DO CARMO","cc":"MDB","nv":" ","e":"n","st":"Suplente","dvt":"V\u00e1lido","vap":"202","pvap":"   2,50"},{"seq":"69","sqcand":"140000658644","n":"22015","nm":"DOUTOR JOSE SERRA","cc":"PL","nv":" ","e":"n","st":"N\u00e3o eleito","dvt":"V\u00e1lido","vap":"41","pvap":"   0,51"},{"seq":"16","sqcand":"140000692925","n":"45178","nm":"ULISSES","cc":"PSDB","nv":" ","e":"n","st":"Suplente","dvt":"V\u00e1lido","vap":"145","pvap":"   1,79"},{"seq":"11","sqcand":"140000858496","n":"40456","nm":"PROFESSOR NETO","cc":"PSB","nv":" ","e":"n","st":"Suplente","dvt":"V\u00e1lido","vap":"234","pvap":"   2,89"},{"seq":"15","sqcand":"140000692995","n":"25123","nm":"NENEGO","cc":"DEM","nv":" ","e":"n","st":"Suplente","dvt":"V\u00e1lido","vap":"169","pvap":"   2,09"},{"seq":"61","sqcand":"140000692922","n":"45456","nm":"LIVIA SOLEDADE","cc":"PSDB","nv":" ","e":"n","st":"Suplente","dvt":"V\u00e1lido","vap":"2","pvap":"   0,02"},{"seq":"70","sqcand":"140000658645","n":"22225","nm":"FONSECA","cc":"PL","nv":" ","e":"n","st":"N\u00e3o eleito","dvt":"V\u00e1lido","vap":"37","pvap":"   0,46"},{"seq":"26","sqcand":"140000658545","n":"15456","nm":"FABIO PIMENTA","cc":"MDB","nv":" ","e":"n","st":"Suplente","dvt":"V\u00e1lido","vap":"110","pvap":"   1,36"},{"seq":"28","sqcand":"140001260582","n":"25666","nm":"IRM\u00c3O Z\u00c9","cc":"DEM","nv":" ","e":"n","st":"Suplente","dvt":"V\u00e1lido","vap":"84","pvap":"   1,04"},{"seq":"7","sqcand":"140000692930","n":"45000","nm":"ANT\u00d4NIO PAULO","cc":"PSDB","nv":" ","e":"s","st":"Eleito","dvt":"V\u00e1lido","vap":"262","pvap":"   3,24"},{"seq":"5","sqcand":"140000858490","n":"40100","nm":"BAICO O AMIGO DO POVO","cc":"PSB","nv":" ","e":"s","st":"Eleito","dvt":"V\u00e1lido","vap":"360","pvap":"   4,45"},{"seq":"63","sqcand":"140000864248","n":"40222","nm":"CLEUCIANE PORTO","cc":"PSB","nv":" ","e":"n","st":"Suplente","dvt":"V\u00e1lido","vap":"0","pvap":"00.00"},{"seq":"72","sqcand":"140000821422","n":"77222","nm":"RAYLAN","cc":"SOLIDARIEDADE","nv":" ","e":"n","st":"N\u00e3o eleito","dvt":"V\u00e1lido","vap":"8","pvap":"   0,10"},{"seq":"27","sqcand":"140000849680","n":"10163","nm":"JOSUE DA PESCA","cc":"REPUBLICANOS","nv":" ","e":"n","st":"Suplente","dvt":"V\u00e1lido","vap":"103","pvap":"   1,27"},{"seq":"46","sqcand":"140000858495","n":"40122","nm":"MARIA LAUDIENE","cc":"PSB","nv":" ","e":"n","st":"Suplente","dvt":"V\u00e1lido","vap":"22","pvap":"   0,27"},{"seq":"42","sqcand":"140000658539","n":"15115","nm":"ASSISTENTE SOCIAL PAMELA","cc":"MDB","nv":" ","e":"n","st":"Suplente","dvt":"V\u00e1lido","vap":"35","pvap":"   0,43"},{"seq":"71","sqcand":"140000658646","n":"22333","nm":"ROSE","cc":"PL","nv":" ","e":"n","st":"N\u00e3o eleito","dvt":"V\u00e1lido","vap":"12","pvap":"   0,15"},{"seq":"47","sqcand":"140000692993","n":"25771","nm":"CIRILO MARQUES","cc":"DEM","nv":" ","e":"n","st":"Suplente","dvt":"V\u00e1lido","vap":"21","pvap":"   0,26"},{"seq":"36","sqcand":"140000658541","n":"15789","nm":"DIVA IVONE","cc":"MDB","nv":" ","e":"n","st":"Suplente","dvt":"V\u00e1lido","vap":"47","pvap":"   0,58"},{"seq":"66","sqcand":"140000658643","n":"22123","nm":"IRM\u00c3O ZILMAR","cc":"PL","nv":" ","e":"n","st":"N\u00e3o eleito","dvt":"V\u00e1lido","vap":"65","pvap":"   0,80"},{"seq":"54","sqcand":"140000858488","n":"40120","nm":"RUBENIZE LIMA","cc":"PSB","nv":" ","e":"n","st":"Suplente","dvt":"V\u00e1lido","vap":"13","pvap":"   0,16"},{"seq":"65","sqcand":"140000658642","n":"22345","nm":"PROFESSOR MAGNO","cc":"PL","nv":" ","e":"n","st":"N\u00e3o eleito","dvt":"V\u00e1lido","vap":"130","pvap":"   1,61"},{"seq":"12","sqcand":"140000658534","n":"15122","nm":"IRM\u00c3O CILDO","cc":"MDB","nv":" ","e":"n","st":"Suplente","dvt":"V\u00e1lido","vap":"231","pvap":"   2,85"},{"seq":"35","sqcand":"140000858497","n":"40015","nm":"BANGO DO POV\u00c3O","cc":"PSB","nv":" ","e":"n","st":"Suplente","dvt":"V\u00e1lido","vap":"58","pvap":"   0,72"},{"seq":"49","sqcand":"140000692926","n":"45678","nm":"PROFESSORA EVANILDA","cc":"PSDB","nv":" ","e":"n","st":"Suplente","dvt":"V\u00e1lido","vap":"18","pvap":"   0,22"},{"seq":"60","sqcand":"140000692997","n":"25125","nm":"NAYARA AGUIAR","cc":"DEM","nv":" ","e":"n","st":"Suplente","dvt":"V\u00e1lido","vap":"5","pvap":"   0,06"},{"seq":"64","sqcand":"140000658649","n":"22222","nm":"ROMULO ALVES","cc":"PL","nv":" ","e":"n","st":"N\u00e3o eleito","dvt":"V\u00e1lido","vap":"164","pvap":"   2,03"},{"seq":"34","sqcand":"140000658540","n":"15555","nm":"ENFERMEIRA ORLANDINA","cc":"MDB","nv":" ","e":"n","st":"Suplente","dvt":"V\u00e1lido","vap":"61","pvap":"   0,75"},{"seq":"32","sqcand":"140000692992","n":"25555","nm":"SANDRA SANTA IN\u00caS","cc":"DEM","nv":" ","e":"n","st":"Suplente","dvt":"V\u00e1lido","vap":"68","pvap":"   0,84"},{"seq":"56","sqcand":"140000858486","n":"40567","nm":"IRM\u00c3O RONALDO","cc":"PSB","nv":" ","e":"n","st":"Suplente","dvt":"V\u00e1lido","vap":"11","pvap":"   0,14"},{"seq":"25","sqcand":"140000658536","n":"15580","nm":"ROSIMAR SATER\u00c9","cc":"MDB","nv":" ","e":"n","st":"Suplente","dvt":"V\u00e1lido","vap":"114","pvap":"   1,41"},{"seq":"67","sqcand":"140000658648","n":"22111","nm":"ERNANDE","cc":"PL","nv":" ","e":"n","st":"N\u00e3o eleito","dvt":"V\u00e1lido","vap":"47","pvap":"   0,58"},{"seq":"55","sqcand":"140000692990","n":"25525","nm":"RAIMUNDO SILVA","cc":"DEM","nv":" ","e":"n","st":"Suplente","dvt":"V\u00e1lido","vap":"12","pvap":"   0,15"},{"seq":"58","sqcand":"140000858492","n":"40125","nm":"DANIELA MORAES","cc":"PSB","nv":" ","e":"n","st":"Suplente","dvt":"V\u00e1lido","vap":"7","pvap":"   0,09"},{"seq":"24","sqcand":"140000849676","n":"10456","nm":"TONINHO DE SANTA CRUZ","cc":"REPUBLICANOS","nv":" ","e":"n","st":"Suplente","dvt":"V\u00e1lido","vap":"119","pvap":"   1,47"},{"seq":"9","sqcand":"140000849674","n":"10000","nm":"MARCINHO ALVES","cc":"REPUBLICANOS","nv":" ","e":"s","st":"Eleito","dvt":"V\u00e1lido","vap":"148","pvap":"   1,83"},{"seq":"37","sqcand":"140000858485","n":"40777","nm":"IRM\u00c3O M\u00c1RIO FELIX","cc":"PSB","nv":" ","e":"n","st":"Suplente","dvt":"V\u00e1lido","vap":"41","pvap":"   0,51"},{"seq":"14","sqcand":"140000692932","n":"45007","nm":"RODRIGO ANDRADE","cc":"PSDB","nv":" ","e":"n","st":"Suplente","dvt":"V\u00e1lido","vap":"192","pvap":"   2,37"},{"seq":"51","sqcand":"140000849681","n":"10213","nm":"RIOMARZINHO","cc":"REPUBLICANOS","nv":" ","e":"n","st":"Suplente","dvt":"V\u00e1lido","vap":"14","pvap":"   0,17"},{"seq":"45","sqcand":"140000692996","n":"25777","nm":"WANDERLEIA PAES","cc":"DEM","nv":" ","e":"n","st":"Suplente","dvt":"V\u00e1lido","vap":"22","pvap":"   0,27"},{"seq":"10","sqcand":"140000858491","n":"40111","nm":"MOISES A VOZ DO POVO","cc":"PSB","nv":" ","e":"n","st":"Suplente","dvt":"V\u00e1lido","vap":"332","pvap":"   4,10"},{"seq":"33","sqcand":"140000658538","n":"15777","nm":"IRM\u00c3 CONCY","cc":"MDB","nv":" ","e":"n","st":"Suplente","dvt":"V\u00e1lido","vap":"67","pvap":"   0,83"},{"seq":"17","sqcand":"140000785067","n":"45234","nm":"LUCIO NASCIMENTO","cc":"PSDB","nv":" ","e":"n","st":"Suplente","dvt":"V\u00e1lido","vap":"144","pvap":"   1,78"},{"seq":"2","sqcand":"140000858493","n":"40123","nm":"ANT\u00d4NIO EL\u00cdDIO","cc":"PSB","nv":" ","e":"s","st":"Eleito","dvt":"V\u00e1lido","vap":"431","pvap":"   5,33"},{"seq":"41","sqcand":"140000849673","n":"10123","nm":"RONNE PORTO","cc":"REPUBLICANOS","nv":" ","e":"n","st":"Suplente","dvt":"V\u00e1lido","vap":"35","pvap":"   0,43"},{"seq":"38","sqcand":"140000692991","n":"25321","nm":"CHICO VIGIA","cc":"DEM","nv":" ","e":"n","st":"Suplente","dvt":"V\u00e1lido","vap":"40","pvap":"   0,49"},{"seq":"68","sqcand":"140000658647","n":"22456","nm":"SELMA DO APACE","cc":"PL","nv":" ","e":"n","st":"N\u00e3o eleito","dvt":"V\u00e1lido","vap":"43","pvap":"   0,53"},{"seq":"50","sqcand":"140000849677","n":"10200","nm":"CHANGUIA LUIZA","cc":"REPUBLICANOS","nv":" ","e":"n","st":"Suplente","dvt":"V\u00e1lido","vap":"18","pvap":"   0,22"},{"seq":"40","sqcand":"140000692929","n":"45025","nm":"MARIA DE JESUS","cc":"PSDB","nv":" ","e":"n","st":"Suplente","dvt":"V\u00e1lido","vap":"35","pvap":"   0,43"},{"seq":"57","sqcand":"140000849678","n":"10678","nm":"LORA ABREU","cc":"REPUBLICANOS","nv":" ","e":"n","st":"Suplente","dvt":"V\u00e1lido","vap":"8","pvap":"   0,10"},{"seq":"3","sqcand":"140000658543","n":"15123","nm":"PAULO HENRIQUE","cc":"MDB","nv":" ","e":"s","st":"Eleito","dvt":"V\u00e1lido","vap":"391","pvap":"   4,83"},{"seq":"73","sqcand":"140000658641","n":"22215","nm":"MARIA DE NAZARE","cc":"PL","nv":" ","e":"n","st":"N\u00e3o eleito","dvt":"V\u00e1lido","vap":"7","pvap":"   0,09"},{"seq":"59","sqcand":"140000692924","n":"45552","nm":"REGINALDO DA PADARIA","cc":"PSDB","nv":" ","e":"n","st":"Suplente","dvt":"V\u00e1lido","vap":"6","pvap":"   0,07"},{"seq":"8","sqcand":"140000692928","n":"45123","nm":"LUIZ BARRADAS","cc":"PSDB","nv":" ","e":"s","st":"Eleito","dvt":"V\u00e1lido","vap":"210","pvap":"   2,59"},{"seq":"21","sqcand":"140000658542","n":"15900","nm":"EVERALDO BORGES","cc":"MDB","nv":" ","e":"n","st":"Suplente","dvt":"V\u00e1lido","vap":"136","pvap":"   1,68"},{"seq":"39","sqcand":"140000692998","n":"25111","nm":"H\u00c9LIO CONSTRUTOR","cc":"DEM","nv":" ","e":"n","st":"Suplente","dvt":"V\u00e1lido","vap":"37","pvap":"   0,46"},{"seq":"44","sqcand":"140000692994","n":"25222","nm":"FABINHO MOTA","cc":"DEM","nv":" ","e":"n","st":"Suplente","dvt":"V\u00e1lido","vap":"33","pvap":"   0,41"},{"seq":"31","sqcand":"140000658535","n":"15195","nm":"CLEMECIA XAVIER","cc":"MDB","nv":" ","e":"n","st":"Suplente","dvt":"V\u00e1lido","vap":"71","pvap":"   0,88"},{"seq":"19","sqcand":"140000692933","n":"45444","nm":"PROFESSOR ADSON","cc":"PSDB","nv":" ","e":"n","st":"Suplente","dvt":"V\u00e1lido","vap":"138","pvap":"   1,71"}]}
