{"ele":"426","tpabr":"mu","cdabr":"04243","carper":"13","t":"1","f":"o","dt":"15/11/2020","ht":"22:53:57","dv":"s","tf":"s","v":"11","esae":"n","mnae":"","s":"54","st":"54","pst":" 100,00","snt":"0","psnt":"   0,00","si":"54","psi":" 100,00","sni":"0","psni":"   0,00","sa":"54","psa":" 100,00","sna":"0","psna":"   0,00","e":"16340","ea":"16340","pea":" 100,00","ena":"0","pena":"   0,00","esi":"16340","pesi":" 100,00","esni":"0","pesni":"   0,00","c":"13905","pc":"  85,10","a":"2435","pa":"  14,90","vscv":"0","vnom":"12772","vl":"707","pvnom":"  94,75","pvl":"   5,25","vvc":"13479","pvvc":"  96,94","vb":"162","pvb":"   1,16","tvn":"264","ptvn":"   1,90","vn":"264","pvn":" 100,00","vnt":"0","pvnt":"   0,00","vp":"0","pvp":"   0,00","vv":"13479","pvv":" 100,00","van":"0","pvan":"   0,00","vansj":"0","pvansj":"   0,00","tv":"13905","cand":[{"seq":"83","sqcand":"140000668214","n":"19800","nm":"PROFESSORA EDILEUZA","cc":"PODE","nv":" ","e":"n","st":"Suplente","dvt":"V\u00e1lido","vap":"30","pvap":"   0,22"},{"seq":"11","sqcand":"140001261175","n":"11055","nm":"FABINHO BEGOT","cc":"PP","nv":" ","e":"s","st":"Eleito","dvt":"V\u00e1lido","vap":"222","pvap":"   1,65"},{"seq":"8","sqcand":"140000725063","n":"15615","nm":"JAIR FRAN\u00c7A","cc":"MDB","nv":" ","e":"s","st":"Eleito","dvt":"V\u00e1lido","vap":"277","pvap":"   2,06"},{"seq":"74","sqcand":"140000660625","n":"10555","nm":"LIDIA FREITAS","cc":"REPUBLICANOS","nv":" ","e":"n","st":"Suplente","dvt":"V\u00e1lido","vap":"39","pvap":"   0,29"},{"seq":"119","sqcand":"140000759474","n":"12012","nm":"BERG","cc":"PDT","nv":" ","e":"n","st":"N\u00e3o eleito","dvt":"V\u00e1lido","vap":"43","pvap":"   0,32"},{"seq":"32","sqcand":"140001025920","n":"55013","nm":"BIRECO","cc":"PSD","nv":" ","e":"n","st":"Suplente","dvt":"V\u00e1lido","vap":"169","pvap":"   1,25"},{"seq":"104","sqcand":"140000725069","n":"15223","nm":"ASSISTENTE SOCIAL ROS\u00c2NIA","cc":"MDB","nv":" ","e":"n","st":"Suplente","dvt":"V\u00e1lido","vap":"8","pvap":"   0,06"},{"seq":"25","sqcand":"140000725065","n":"15100","nm":"NOEMIA SILVA","cc":"MDB","nv":" ","e":"n","st":"Suplente","dvt":"V\u00e1lido","vap":"187","pvap":"   1,39"},{"seq":"1","sqcand":"140000724846","n":"14500","nm":"MAURO MOSCOSO","cc":"PTB","nv":" ","e":"s","st":"Eleito","dvt":"V\u00e1lido","vap":"400","pvap":"   2,97"},{"seq":"64","sqcand":"140001025913","n":"55678","nm":"PROFESSORA ZILDA","cc":"PSD","nv":" ","e":"n","st":"Suplente","dvt":"V\u00e1lido","vap":"47","pvap":"   0,35"},{"seq":"94","sqcand":"140000668215","n":"19700","nm":"LOURO DA SERRARIA","cc":"PODE","nv":" ","e":"n","st":"Suplente","dvt":"V\u00e1lido","vap":"17","pvap":"   0,13"},{"seq":"96","sqcand":"140000660640","n":"13555","nm":"ELIESSE","cc":"PT","nv":" ","e":"n","st":"Suplente","dvt":"V\u00e1lido","vap":"15","pvap":"   0,11"},{"seq":"24","sqcand":"140000660621","n":"10777","nm":"DIONELY BARATA","cc":"REPUBLICANOS","nv":" ","e":"n","st":"Suplente","dvt":"V\u00e1lido","vap":"187","pvap":"   1,39"},{"seq":"56","sqcand":"140000725071","n":"15444","nm":"PROFESSORA LIVRAMENTO","cc":"MDB","nv":" ","e":"n","st":"Suplente","dvt":"V\u00e1lido","vap":"60","pvap":"   0,45"},{"seq":"45","sqcand":"140000724855","n":"14123","nm":"CARLOS VISEUENSE","cc":"PTB","nv":" ","e":"n","st":"Suplente","dvt":"V\u00e1lido","vap":"85","pvap":"   0,63"},{"seq":"35","sqcand":"140000668217","n":"19789","nm":"LICA DA SA\u00daDE","cc":"PODE","nv":" ","e":"n","st":"Suplente","dvt":"V\u00e1lido","vap":"143","pvap":"   1,06"},{"seq":"38","sqcand":"140000660635","n":"13333","nm":"PAOLA BRITO","cc":"PT","nv":" ","e":"n","st":"Suplente","dvt":"V\u00e1lido","vap":"126","pvap":"   0,93"},{"seq":"75","sqcand":"140000660637","n":"13313","nm":"RITA PERDIG\u00c3O","cc":"PT","nv":" ","e":"n","st":"Suplente","dvt":"V\u00e1lido","vap":"36","pvap":"   0,27"},{"seq":"36","sqcand":"140000668213","n":"19456","nm":"GENIVAL MOTOT\u00c1XI","cc":"PODE","nv":" ","e":"n","st":"Suplente","dvt":"V\u00e1lido","vap":"139","pvap":"   1,03"},{"seq":"93","sqcand":"140000660643","n":"13133","nm":"LAYSE BRAGA","cc":"PT","nv":" ","e":"n","st":"Suplente","dvt":"V\u00e1lido","vap":"18","pvap":"   0,13"},{"seq":"90","sqcand":"140000724854","n":"14013","nm":"GL\u00c1UCIA DA ACADEMIA","cc":"PTB","nv":" ","e":"n","st":"Suplente","dvt":"V\u00e1lido","vap":"23","pvap":"   0,17"},{"seq":"107","sqcand":"140000660627","n":"10580","nm":"LUCIANE MIRANDA","cc":"REPUBLICANOS","nv":" ","e":"n","st":"Suplente","dvt":"V\u00e1lido","vap":"5","pvap":"   0,04"},{"seq":"59","sqcand":"140001261164","n":"11999","nm":"CARECA","cc":"PP","nv":" ","e":"n","st":"Suplente","dvt":"V\u00e1lido","vap":"56","pvap":"   0,42"},{"seq":"15","sqcand":"140000881889","n":"70555","nm":"MENDEL","cc":"AVANTE","nv":" ","e":"n","st":"Suplente","dvt":"V\u00e1lido","vap":"277","pvap":"   2,06"},{"seq":"89","sqcand":"140000660619","n":"10147","nm":"ELIZEU RODRIGUES","cc":"REPUBLICANOS","nv":" ","e":"n","st":"Suplente","dvt":"V\u00e1lido","vap":"24","pvap":"   0,18"},{"seq":"30","sqcand":"140000724845","n":"14555","nm":"PASTOR ELEN\u00cdCIO","cc":"PTB","nv":" ","e":"n","st":"Suplente","dvt":"V\u00e1lido","vap":"175","pvap":"   1,30"},{"seq":"101","sqcand":"140000725067","n":"15333","nm":"RAFINHA SAMPLLE","cc":"MDB","nv":" ","e":"n","st":"Suplente","dvt":"V\u00e1lido","vap":"12","pvap":"   0,09"},{"seq":"128","sqcand":"140001258398","n":"28123","nm":"KACI SEREIA","cc":"PRTB","nv":" ","e":"n","st":"N\u00e3o eleito","dvt":"V\u00e1lido","vap":"8","pvap":"   0,06"},{"seq":"69","sqcand":"140000660628","n":"10333","nm":"ADILTON DA SAUDE","cc":"REPUBLICANOS","nv":" ","e":"n","st":"Suplente","dvt":"V\u00e1lido","vap":"41","pvap":"   0,30"},{"seq":"114","sqcand":"140001049027","n":"90100","nm":"LUCIANO MACHADO","cc":"PROS","nv":" ","e":"n","st":"N\u00e3o eleito","dvt":"V\u00e1lido","vap":"166","pvap":"   1,23"},{"seq":"29","sqcand":"140000660642","n":"13222","nm":"MI\u00d3","cc":"PT","nv":" ","e":"n","st":"Suplente","dvt":"V\u00e1lido","vap":"179","pvap":"   1,33"},{"seq":"12","sqcand":"140000724850","n":"14000","nm":"VICTOR COSTA","cc":"PTB","nv":" ","e":"n","st":"Suplente","dvt":"V\u00e1lido","vap":"330","pvap":"   2,45"},{"seq":"85","sqcand":"140001025914","n":"55777","nm":"PEDRINHO BARBARENSE","cc":"PSD","nv":" ","e":"n","st":"Suplente","dvt":"V\u00e1lido","vap":"26","pvap":"   0,19"},{"seq":"122","sqcand":"140001049024","n":"90001","nm":"SERGINHO BATISTA","cc":"PROS","nv":" ","e":"n","st":"N\u00e3o eleito","dvt":"V\u00e1lido","vap":"21","pvap":"   0,16"},{"seq":"133","sqcand":"140001258400","n":"28028","nm":"RAFAEL ROCHA","cc":"PRTB","nv":" ","e":"n","st":"N\u00e3o eleito","dvt":"V\u00e1lido","vap":"0","pvap":"00.00"},{"seq":"48","sqcand":"140000881887","n":"70444","nm":"REGINA","cc":"AVANTE","nv":" ","e":"n","st":"Suplente","dvt":"V\u00e1lido","vap":"77","pvap":"   0,57"},{"seq":"31","sqcand":"140000725064","n":"15222","nm":"IRM\u00c3 LINA CARMEM","cc":"MDB","nv":" ","e":"n","st":"Suplente","dvt":"V\u00e1lido","vap":"172","pvap":"   1,28"},{"seq":"55","sqcand":"140000660641","n":"13456","nm":"PROFESSOR JOAQUIM","cc":"PT","nv":" ","e":"n","st":"Suplente","dvt":"V\u00e1lido","vap":"69","pvap":"   0,51"},{"seq":"28","sqcand":"140001261177","n":"11333","nm":"LUIZ SOLON DICKSON","cc":"PP","nv":" ","e":"n","st":"Suplente","dvt":"V\u00e1lido","vap":"181","pvap":"   1,34"},{"seq":"53","sqcand":"140001261166","n":"11555","nm":"CRISTIANO","cc":"PP","nv":" ","e":"n","st":"Suplente","dvt":"V\u00e1lido","vap":"71","pvap":"   0,53"},{"seq":"103","sqcand":"140001025912","n":"55692","nm":"GRA\u00c7A DO BAR DAS MENINAS","cc":"PSD","nv":" ","e":"n","st":"Suplente","dvt":"V\u00e1lido","vap":"10","pvap":"   0,07"},{"seq":"108","sqcand":"140000668218","n":"19500","nm":"SOL","cc":"PODE","nv":" ","e":"n","st":"Suplente","dvt":"V\u00e1lido","vap":"4","pvap":"   0,03"},{"seq":"76","sqcand":"140000660624","n":"10111","nm":"JOSIAS VERAS","cc":"REPUBLICANOS","nv":" ","e":"n","st":"Suplente","dvt":"V\u00e1lido","vap":"36","pvap":"   0,27"},{"seq":"84","sqcand":"140000724847","n":"14444","nm":"ELIANNY MACIEL","cc":"PTB","nv":" ","e":"n","st":"Suplente","dvt":"V\u00e1lido","vap":"26","pvap":"   0,19"},{"seq":"22","sqcand":"140000881884","n":"70222","nm":"IRMAO GIL","cc":"AVANTE","nv":" ","e":"n","st":"Suplente","dvt":"V\u00e1lido","vap":"197","pvap":"   1,46"},{"seq":"33","sqcand":"140000724852","n":"14014","nm":"GENILSON OLIVEIRA","cc":"PTB","nv":" ","e":"n","st":"Suplente","dvt":"V\u00e1lido","vap":"168","pvap":"   1,25"},{"seq":"43","sqcand":"140001025903","n":"55151","nm":"GUILHERME JAVA","cc":"PSD","nv":" ","e":"n","st":"Suplente","dvt":"V\u00e1lido","vap":"90","pvap":"   0,67"},{"seq":"49","sqcand":"140000660631","n":"13999","nm":"MINGA","cc":"PT","nv":" ","e":"n","st":"Suplente","dvt":"V\u00e1lido","vap":"77","pvap":"   0,57"},{"seq":"70","sqcand":"140000881886","n":"70223","nm":"BIANCA SOUSA","cc":"AVANTE","nv":" ","e":"n","st":"Suplente","dvt":"V\u00e1lido","vap":"41","pvap":"   0,30"},{"seq":"111","sqcand":"140000725058","n":"15007","nm":"ANA DE OLIVEIRA","cc":"MDB","nv":" ","e":"n","st":"Suplente","dvt":"V\u00e1lido","vap":"3","pvap":"   0,02"},{"seq":"106","sqcand":"140001265696","n":"10444","nm":"GRA\u00c7A LIMA","cc":"REPUBLICANOS","nv":" ","e":"n","st":"Suplente","dvt":"V\u00e1lido","vap":"5","pvap":"   0,04"},{"seq":"118","sqcand":"140001049025","n":"90321","nm":"FABRICIO FERREIRA","cc":"PROS","nv":" ","e":"n","st":"N\u00e3o eleito","dvt":"V\u00e1lido","vap":"60","pvap":"   0,45"},{"seq":"86","sqcand":"140000660644","n":"13733","nm":"MANOEL CARVALHO&apos;","cc":"PT","nv":" ","e":"n","st":"Suplente","dvt":"V\u00e1lido","vap":"25","pvap":"   0,19"},{"seq":"98","sqcand":"140001025909","n":"55588","nm":"BUI\u00c3O","cc":"PSD","nv":" ","e":"n","st":"Suplente","dvt":"V\u00e1lido","vap":"13","pvap":"   0,10"},{"seq":"131","sqcand":"140000759476","n":"12122","nm":"JOICI","cc":"PDT","nv":" ","e":"n","st":"N\u00e3o eleito","dvt":"V\u00e1lido","vap":"4","pvap":"   0,03"},{"seq":"4","sqcand":"140000668222","n":"19000","nm":"LARRI","cc":"PODE","nv":" ","e":"s","st":"Eleito","dvt":"V\u00e1lido","vap":"321","pvap":"   2,38"},{"seq":"88","sqcand":"140000881895","n":"70180","nm":"ROBERIO","cc":"AVANTE","nv":" ","e":"n","st":"Suplente","dvt":"V\u00e1lido","vap":"24","pvap":"   0,18"},{"seq":"58","sqcand":"140000724848","n":"14777","nm":"RAYZA SANTOS","cc":"PTB","nv":" ","e":"n","st":"Suplente","dvt":"V\u00e1lido","vap":"58","pvap":"   0,43"},{"seq":"113","sqcand":"140001049023","n":"90678","nm":"CHARLES DORNELIS","cc":"PROS","nv":" ","e":"n","st":"N\u00e3o eleito","dvt":"V\u00e1lido","vap":"304","pvap":"   2,26"},{"seq":"57","sqcand":"140000660629","n":"10999","nm":"CRIS QUEIROZ","cc":"REPUBLICANOS","nv":" ","e":"n","st":"Suplente","dvt":"V\u00e1lido","vap":"58","pvap":"   0,43"},{"seq":"5","sqcand":"140001025910","n":"55555","nm":"RAFAEL G\u00d3ES","cc":"PSD","nv":" ","e":"s","st":"Eleito","dvt":"V\u00e1lido","vap":"306","pvap":"   2,27"},{"seq":"68","sqcand":"140001261174","n":"11576","nm":"ARMANDO PAULO","cc":"PP","nv":" ","e":"n","st":"Suplente","dvt":"V\u00e1lido","vap":"41","pvap":"   0,30"},{"seq":"54","sqcand":"140001025921","n":"55333","nm":"TR\u00caS","cc":"PSD","nv":" ","e":"n","st":"Suplente","dvt":"V\u00e1lido","vap":"70","pvap":"   0,52"},{"seq":"21","sqcand":"140000668216","n":"19123","nm":"PIZEIRA","cc":"PODE","nv":" ","e":"n","st":"Suplente","dvt":"V\u00e1lido","vap":"198","pvap":"   1,47"},{"seq":"87","sqcand":"140000881885","n":"70789","nm":"WAL PINHEIRO","cc":"AVANTE","nv":" ","e":"n","st":"Suplente","dvt":"V\u00e1lido","vap":"25","pvap":"   0,19"},{"seq":"60","sqcand":"140000660639","n":"13201","nm":"DI EMERSON","cc":"PT","nv":" ","e":"n","st":"Suplente","dvt":"V\u00e1lido","vap":"53","pvap":"   0,39"},{"seq":"9","sqcand":"140000725055","n":"15678","nm":"DENIS SILVA","cc":"MDB","nv":" ","e":"s","st":"Eleito","dvt":"V\u00e1lido","vap":"270","pvap":"   2,00"},{"seq":"109","sqcand":"140001261168","n":"11013","nm":"DONA SANDRA ","cc":"PP","nv":" ","e":"n","st":"Suplente","dvt":"V\u00e1lido","vap":"4","pvap":"   0,03"},{"seq":"135","sqcand":"140000759475","n":"12667","nm":"JAN\u00cdLSON","cc":"PDT","nv":" ","e":"n","st":"N\u00e3o eleito","dvt":"V\u00e1lido","vap":"0","pvap":"00.00"},{"seq":"62","sqcand":"140000725057","n":"15193","nm":"JOEL NASCIMENTO","cc":"MDB","nv":" ","e":"n","st":"Suplente","dvt":"V\u00e1lido","vap":"48","pvap":"   0,36"},{"seq":"3","sqcand":"140000660633","n":"13000","nm":"CAMAR\u00c3O DICKSON","cc":"PT","nv":" ","e":"s","st":"Eleito","dvt":"V\u00e1lido","vap":"375","pvap":"   2,78"},{"seq":"40","sqcand":"140000881883","n":"70123","nm":"CLEITIANO","cc":"AVANTE","nv":" ","e":"n","st":"Suplente","dvt":"V\u00e1lido","vap":"113","pvap":"   0,84"},{"seq":"129","sqcand":"140001258404","n":"28142","nm":"LUIZ OT\u00c1VIO","cc":"PRTB","nv":" ","e":"n","st":"N\u00e3o eleito","dvt":"V\u00e1lido","vap":"7","pvap":"   0,05"},{"seq":"130","sqcand":"140001049022","n":"90235","nm":"CAMILO SANTOS","cc":"PROS","nv":" ","e":"n","st":"N\u00e3o eleito","dvt":"V\u00e1lido","vap":"6","pvap":"   0,04"},{"seq":"19","sqcand":"140000725056","n":"15123","nm":"LUISA VALENTE","cc":"MDB","nv":" ","e":"n","st":"Suplente","dvt":"V\u00e1lido","vap":"224","pvap":"   1,66"},{"seq":"81","sqcand":"140001261170","n":"11777","nm":"SAPO","cc":"PP","nv":" ","e":"n","st":"Suplente","dvt":"V\u00e1lido","vap":"31","pvap":"   0,23"},{"seq":"97","sqcand":"140000660636","n":"13256","nm":"JAIRO CORREDOR","cc":"PT","nv":" ","e":"n","st":"Suplente","dvt":"V\u00e1lido","vap":"14","pvap":"   0,10"},{"seq":"82","sqcand":"140001261169","n":"11762","nm":"MOREIRA","cc":"PP","nv":" ","e":"n","st":"Suplente","dvt":"V\u00e1lido","vap":"30","pvap":"   0,22"},{"seq":"26","sqcand":"140000660646","n":"13613","nm":"MARLENE DO SINDICATO","cc":"PT","nv":" ","e":"n","st":"Suplente","dvt":"V\u00e1lido","vap":"186","pvap":"   1,38"},{"seq":"20","sqcand":"140000660630","n":"10123","nm":"FRANCISCO VIANA","cc":"REPUBLICANOS","nv":" ","e":"n","st":"Suplente","dvt":"V\u00e1lido","vap":"202","pvap":"   1,50"},{"seq":"10","sqcand":"140000660622","n":"10789","nm":"ENFERMEIRO EDSON","cc":"REPUBLICANOS","nv":" ","e":"s","st":"Eleito","dvt":"V\u00e1lido","vap":"228","pvap":"   1,69"},{"seq":"112","sqcand":"140000881893","n":"70456","nm":"ERICKA","cc":"AVANTE","nv":" ","e":"n","st":"Suplente","dvt":"V\u00e1lido","vap":"2","pvap":"   0,01"},{"seq":"80","sqcand":"140000724849","n":"14333","nm":"PASTOR AUGUSTO CORDEIRO","cc":"PTB","nv":" ","e":"n","st":"Suplente","dvt":"V\u00e1lido","vap":"32","pvap":"   0,24"},{"seq":"66","sqcand":"140000725070","n":"15555","nm":"ROSANA PRAXEDES","cc":"MDB","nv":" ","e":"n","st":"Suplente","dvt":"V\u00e1lido","vap":"46","pvap":"   0,34"},{"seq":"18","sqcand":"140000881890","n":"70000","nm":"CILAS","cc":"AVANTE","nv":" ","e":"n","st":"Suplente","dvt":"V\u00e1lido","vap":"226","pvap":"   1,68"},{"seq":"23","sqcand":"140000668219","n":"19470","nm":"EMANOEL AMORIM","cc":"PODE","nv":" ","e":"n","st":"Suplente","dvt":"V\u00e1lido","vap":"189","pvap":"   1,40"},{"seq":"132","sqcand":"140001258403","n":"28134","nm":"MIKELLE SANTANA","cc":"PRTB","nv":" ","e":"n","st":"N\u00e3o eleito","dvt":"V\u00e1lido","vap":"3","pvap":"   0,02"},{"seq":"77","sqcand":"140001025916","n":"55501","nm":"PROFESSOR MOLEZA","cc":"PSD","nv":" ","e":"n","st":"Suplente","dvt":"V\u00e1lido","vap":"35","pvap":"   0,26"},{"seq":"63","sqcand":"140001261167","n":"11111","nm":"NELSINHO","cc":"PP","nv":" ","e":"n","st":"Suplente","dvt":"V\u00e1lido","vap":"48","pvap":"   0,36"},{"seq":"100","sqcand":"140000881888","n":"70333","nm":"MARCOS","cc":"AVANTE","nv":" ","e":"n","st":"Suplente","dvt":"V\u00e1lido","vap":"13","pvap":"   0,10"},{"seq":"95","sqcand":"140000725068","n":"15456","nm":"AUGUSTO DA SERRARIA","cc":"MDB","nv":" ","e":"n","st":"Suplente","dvt":"V\u00e1lido","vap":"16","pvap":"   0,12"},{"seq":"134","sqcand":"140000759472","n":"12004","nm":"SUELMA","cc":"PDT","nv":" ","e":"n","st":"N\u00e3o eleito","dvt":"V\u00e1lido","vap":"0","pvap":"00.00"},{"seq":"6","sqcand":"140000660638","n":"13453","nm":"BALEK","cc":"PT","nv":" ","e":"s","st":"Eleito","dvt":"V\u00e1lido","vap":"300","pvap":"   2,23"},{"seq":"34","sqcand":"140000660632","n":"13777","nm":"JUDASIO DA PRESTA\u00c7\u00c3O","cc":"PT","nv":" ","e":"n","st":"Suplente","dvt":"V\u00e1lido","vap":"149","pvap":"   1,11"},{"seq":"67","sqcand":"140000724851","n":"14111","nm":"MARC\u00c3O DO PAU D&apos; ARCO","cc":"PTB","nv":" ","e":"n","st":"Suplente","dvt":"V\u00e1lido","vap":"42","pvap":"   0,31"},{"seq":"92","sqcand":"140001265697","n":"10000","nm":"EDUARDO SANTANA","cc":"REPUBLICANOS","nv":" ","e":"n","st":"Suplente","dvt":"V\u00e1lido","vap":"18","pvap":"   0,13"},{"seq":"127","sqcand":"140001049026","n":"90000","nm":"JADIEL MARTINS","cc":"PROS","nv":" ","e":"n","st":"N\u00e3o eleito","dvt":"V\u00e1lido","vap":"9","pvap":"   0,07"},{"seq":"123","sqcand":"140001049033","n":"90555","nm":"LUCIANE DE OLIVEIRA","cc":"PROS","nv":" ","e":"n","st":"N\u00e3o eleito","dvt":"V\u00e1lido","vap":"21","pvap":"   0,16"},{"seq":"126","sqcand":"140001258401","n":"28444","nm":"LORO DO G\u00c1S","cc":"PRTB","nv":" ","e":"n","st":"N\u00e3o eleito","dvt":"V\u00e1lido","vap":"18","pvap":"   0,13"},{"seq":"91","sqcand":"140001261165","n":"11004","nm":"SOCORRO RODRIGUES","cc":"PP","nv":" ","e":"n","st":"Suplente","dvt":"V\u00e1lido","vap":"20","pvap":"   0,15"},{"seq":"13","sqcand":"140001025922","n":"55000","nm":"VIT\u00d3RIA SILVA","cc":"PSD","nv":" ","e":"n","st":"Suplente","dvt":"V\u00e1lido","vap":"279","pvap":"   2,07"},{"seq":"121","sqcand":"140001049029","n":"90999","nm":"EDINA SANTOS","cc":"PROS","nv":" ","e":"n","st":"N\u00e3o eleito","dvt":"V\u00e1lido","vap":"32","pvap":"   0,24"},{"seq":"14","sqcand":"140001025905","n":"55150","nm":"ROM\u00c1RIO SOUZA","cc":"PSD","nv":" ","e":"n","st":"Suplente","dvt":"V\u00e1lido","vap":"277","pvap":"   2,06"},{"seq":"39","sqcand":"140000660623","n":"10456","nm":"PROFESSOR EDUARDO","cc":"REPUBLICANOS","nv":" ","e":"n","st":"Suplente","dvt":"V\u00e1lido","vap":"124","pvap":"   0,92"},{"seq":"7","sqcand":"140000881894","n":"70777","nm":"SALOMAO","cc":"AVANTE","nv":" ","e":"s","st":"Eleito","dvt":"V\u00e1lido","vap":"282","pvap":"   2,09"},{"seq":"41","sqcand":"140000660645","n":"13444","nm":"ROSE MESCOUTO","cc":"PT","nv":" ","e":"n","st":"Suplente","dvt":"V\u00e1lido","vap":"102","pvap":"   0,76"},{"seq":"61","sqcand":"140001025908","n":"55456","nm":"DWEMISON","cc":"PSD","nv":" ","e":"n","st":"Suplente","dvt":"V\u00e1lido","vap":"52","pvap":"   0,39"},{"seq":"99","sqcand":"140001261171","n":"11010","nm":"LEDA","cc":"PP","nv":" ","e":"n","st":"Suplente","dvt":"V\u00e1lido","vap":"13","pvap":"   0,10"},{"seq":"17","sqcand":"140000725066","n":"15000","nm":"MANEQUINHO","cc":"MDB","nv":" ","e":"n","st":"Suplente","dvt":"V\u00e1lido","vap":"228","pvap":"   1,69"},{"seq":"73","sqcand":"140000881891","n":"70321","nm":"MIZELIAS","cc":"AVANTE","nv":" ","e":"n","st":"Suplente","dvt":"V\u00e1lido","vap":"39","pvap":"   0,29"},{"seq":"46","sqcand":"140000668220","n":"19555","nm":"IZ\u00cdDIO GALV\u00c3O","cc":"PODE","nv":" ","e":"n","st":"Suplente","dvt":"V\u00e1lido","vap":"80","pvap":"   0,59"},{"seq":"47","sqcand":"140001025907","n":"55055","nm":"ROSINHA BENTES","cc":"PSD","nv":" ","e":"n","st":"Suplente","dvt":"V\u00e1lido","vap":"79","pvap":"   0,59"},{"seq":"78","sqcand":"140001261176","n":"11022","nm":"ELIELSO PADEIRO","cc":"PP","nv":" ","e":"n","st":"Suplente","dvt":"V\u00e1lido","vap":"34","pvap":"   0,25"},{"seq":"51","sqcand":"140000725060","n":"15234","nm":"PATRICIA LEAL","cc":"MDB","nv":" ","e":"n","st":"Suplente","dvt":"V\u00e1lido","vap":"72","pvap":"   0,53"},{"seq":"115","sqcand":"140001049032","n":"90777","nm":"SILVANA SOUZA","cc":"PROS","nv":" ","e":"n","st":"N\u00e3o eleito","dvt":"V\u00e1lido","vap":"92","pvap":"   0,68"},{"seq":"116","sqcand":"140001258399","n":"28333","nm":"PROFESSORA ELISANGELA","cc":"PRTB","nv":" ","e":"n","st":"N\u00e3o eleito","dvt":"V\u00e1lido","vap":"83","pvap":"   0,62"},{"seq":"37","sqcand":"140000881892","n":"70150","nm":"SANTOS","cc":"AVANTE","nv":" ","e":"n","st":"Suplente","dvt":"V\u00e1lido","vap":"135","pvap":"   1,00"},{"seq":"72","sqcand":"140001261163","n":"11611","nm":"TAT\u00c1","cc":"PP","nv":" ","e":"n","st":"Suplente","dvt":"V\u00e1lido","vap":"40","pvap":"   0,30"},{"seq":"2","sqcand":"140001025902","n":"55123","nm":"FRANKITO","cc":"PSD","nv":" ","e":"s","st":"Eleito","dvt":"V\u00e1lido","vap":"379","pvap":"   2,81"},{"seq":"71","sqcand":"140000725062","n":"15115","nm":"PEDRO MATECO","cc":"MDB","nv":" ","e":"n","st":"Suplente","dvt":"V\u00e1lido","vap":"40","pvap":"   0,30"},{"seq":"27","sqcand":"140000725059","n":"15150","nm":"THIAGO ROCHA","cc":"MDB","nv":" ","e":"n","st":"Suplente","dvt":"V\u00e1lido","vap":"184","pvap":"   1,37"},{"seq":"42","sqcand":"140000725061","n":"15111","nm":"MAURO DO CAI\u00c7AUA","cc":"MDB","nv":" ","e":"n","st":"Suplente","dvt":"V\u00e1lido","vap":"93","pvap":"   0,69"},{"seq":"52","sqcand":"140001261173","n":"11123","nm":"RENATA  LEDO","cc":"PP","nv":" ","e":"n","st":"Suplente","dvt":"V\u00e1lido","vap":"72","pvap":"   0,53"},{"seq":"120","sqcand":"140001049031","n":"90123","nm":"PATITO DO ESPORTE","cc":"PROS","nv":" ","e":"n","st":"N\u00e3o eleito","dvt":"V\u00e1lido","vap":"33","pvap":"   0,24"},{"seq":"110","sqcand":"140000660634","n":"13888","nm":"RAVELY","cc":"PT","nv":" ","e":"n","st":"Suplente","dvt":"V\u00e1lido","vap":"4","pvap":"   0,03"},{"seq":"124","sqcand":"140001258402","n":"28138","nm":"NATANAEL RODRIGUES ","cc":"PRTB","nv":" ","e":"n","st":"N\u00e3o eleito","dvt":"V\u00e1lido","vap":"19","pvap":"   0,14"},{"seq":"79","sqcand":"140000660618","n":"10500","nm":"MARCOS DOS BRINQUEDOS","cc":"REPUBLICANOS","nv":" ","e":"n","st":"Suplente","dvt":"V\u00e1lido","vap":"33","pvap":"   0,24"},{"seq":"102","sqcand":"140001025911","n":"55246","nm":"SHEILLA SANTOS","cc":"PSD","nv":" ","e":"n","st":"Suplente","dvt":"V\u00e1lido","vap":"11","pvap":"   0,08"},{"seq":"16","sqcand":"140000668221","n":"19580","nm":"ELIZEU AVIZ","cc":"PODE","nv":" ","e":"n","st":"Suplente","dvt":"V\u00e1lido","vap":"248","pvap":"   1,84"},{"seq":"105","sqcand":"140001261172","n":"11670","nm":"IRMA TEREZA","cc":"PP","nv":" ","e":"n","st":"Suplente","dvt":"V\u00e1lido","vap":"5","pvap":"   0,04"},{"seq":"50","sqcand":"140000660647","n":"13123","nm":"BATISTA DO PAU D&apos;ARCO","cc":"PT","nv":" ","e":"n","st":"Suplente","dvt":"V\u00e1lido","vap":"77","pvap":"   0,57"},{"seq":"65","sqcand":"140000660620","n":"10222","nm":"CLEBER CABRAL","cc":"REPUBLICANOS","nv":" ","e":"n","st":"Suplente","dvt":"V\u00e1lido","vap":"47","pvap":"   0,35"},{"seq":"44","sqcand":"140000660626","n":"10888","nm":"LOURIVAL DO LABORATORIO","cc":"REPUBLICANOS","nv":" ","e":"n","st":"Suplente","dvt":"V\u00e1lido","vap":"85","pvap":"   0,63"},{"seq":"117","sqcand":"140001049028","n":"90333","nm":"DINHO VARELA","cc":"PROS","nv":" ","e":"n","st":"N\u00e3o eleito","dvt":"V\u00e1lido","vap":"77","pvap":"   0,57"},{"seq":"125","sqcand":"140001049030","n":"90222","nm":"SILBENE BITTENCOURT","cc":"PROS","nv":" ","e":"n","st":"N\u00e3o eleito","dvt":"V\u00e1lido","vap":"19","pvap":"   0,14"}]}
