{"ele":"426","tpabr":"mu","cdabr":"04316","carper":"13","t":"1","f":"o","dt":"15/11/2020","ht":"22:07:50","dv":"s","tf":"s","v":"11","esae":"n","mnae":"","s":"40","st":"40","pst":" 100,00","snt":"0","psnt":"   0,00","si":"40","psi":" 100,00","sni":"0","psni":"   0,00","sa":"40","psa":" 100,00","sna":"0","psna":"   0,00","e":"11736","ea":"11736","pea":" 100,00","ena":"0","pena":"   0,00","esi":"11736","pesi":" 100,00","esni":"0","pesni":"   0,00","c":"10360","pc":"  88,28","a":"1376","pa":"  11,72","vscv":"0","vnom":"9549","vl":"491","pvnom":"  95,11","pvl":"   4,89","vvc":"10040","pvvc":"  96,91","vb":"57","pvb":"   0,55","tvn":"263","ptvn":"   2,54","vn":"263","pvn":" 100,00","vnt":"0","pvnt":"   0,00","vp":"0","pvp":"   0,00","vv":"10040","pvv":" 100,00","van":"0","pvan":"   0,00","vansj":"0","pvansj":"   0,00","tv":"10360","cand":[{"seq":"9","sqcand":"140000633648","n":"22111","nm":"MARCELO BAI\u00c3O","cc":"PL","nv":" ","e":"s","st":"Eleito","dvt":"V\u00e1lido","vap":"337","pvap":"   3,36"},{"seq":"29","sqcand":"140000822879","n":"14444","nm":"ZELIA","cc":"PTB","nv":" ","e":"n","st":"Suplente","dvt":"V\u00e1lido","vap":"91","pvap":"   0,91"},{"seq":"42","sqcand":"140001127231","n":"15444","nm":"NANE","cc":"MDB","nv":" ","e":"n","st":"Suplente","dvt":"V\u00e1lido","vap":"10","pvap":"   0,10"},{"seq":"48","sqcand":"140000633649","n":"22567","nm":"SAILA SOUSA","cc":"PL","nv":" ","e":"n","st":"Suplente","dvt":"V\u00e1lido","vap":"7","pvap":"   0,07"},{"seq":"7","sqcand":"140000822877","n":"14567","nm":"BEL","cc":"PTB","nv":" ","e":"s","st":"Eleito","dvt":"V\u00e1lido","vap":"392","pvap":"   3,90"},{"seq":"53","sqcand":"140001127241","n":"15933","nm":"SUEME GOMES","cc":"MDB","nv":" ","e":"n","st":"Suplente","dvt":"V\u00e1lido","vap":"1","pvap":"   0,01"},{"seq":"59","sqcand":"140001129564","n":"20000","nm":"CILENE CASA BRANCA","cc":"PSC","nv":" ","e":"n","st":"N\u00e3o eleito","dvt":"V\u00e1lido","vap":"24","pvap":"   0,24"},{"seq":"54","sqcand":"140000822867","n":"14999","nm":"HOZAN\u00c3","cc":"PTB","nv":" ","e":"n","st":"Suplente","dvt":"V\u00e1lido","vap":"0","pvap":"00.00"},{"seq":"45","sqcand":"140001127230","n":"15111","nm":"LENE DAS CASINHAS","cc":"MDB","nv":" ","e":"n","st":"Suplente","dvt":"V\u00e1lido","vap":"9","pvap":"   0,09"},{"seq":"17","sqcand":"140000633652","n":"22333","nm":"PITONHO","cc":"PL","nv":" ","e":"n","st":"Suplente","dvt":"V\u00e1lido","vap":"255","pvap":"   2,54"},{"seq":"23","sqcand":"140001127237","n":"15123","nm":"DYNHO DO SINDICATO","cc":"MDB","nv":" ","e":"n","st":"Suplente","dvt":"V\u00e1lido","vap":"176","pvap":"   1,75"},{"seq":"24","sqcand":"140000634471","n":"70111","nm":"TICO BICHEIRO","cc":"AVANTE","nv":" ","e":"n","st":"Suplente","dvt":"V\u00e1lido","vap":"166","pvap":"   1,65"},{"seq":"47","sqcand":"140001127234","n":"15150","nm":"FREDSON","cc":"MDB","nv":" ","e":"n","st":"Suplente","dvt":"V\u00e1lido","vap":"7","pvap":"   0,07"},{"seq":"55","sqcand":"140001129563","n":"20123","nm":"FRANCISCA DO ANTONIO DENTISTA","cc":"PSC","nv":" ","e":"n","st":"N\u00e3o eleito","dvt":"V\u00e1lido","vap":"76","pvap":"   0,76"},{"seq":"46","sqcand":"140000633651","n":"22345","nm":"ROSINALDO","cc":"PL","nv":" ","e":"n","st":"Suplente","dvt":"V\u00e1lido","vap":"8","pvap":"   0,08"},{"seq":"18","sqcand":"140001127235","n":"15222","nm":"GUEL","cc":"MDB","nv":" ","e":"n","st":"Suplente","dvt":"V\u00e1lido","vap":"253","pvap":"   2,52"},{"seq":"62","sqcand":"140001272547","n":"13123","nm":"JAIRO MIRANDA","cc":"PT","nv":" ","e":"n","st":"N\u00e3o eleito","dvt":"V\u00e1lido","vap":"13","pvap":"   0,13"},{"seq":"3","sqcand":"140000634470","n":"70222","nm":"MARCOS TRAIRINHA","cc":"AVANTE","nv":" ","e":"s","st":"Eleito","dvt":"V\u00e1lido","vap":"526","pvap":"   5,24"},{"seq":"4","sqcand":"140000822871","n":"14777","nm":"ROVILSON JUNINHO","cc":"PTB","nv":" ","e":"s","st":"Eleito","dvt":"V\u00e1lido","vap":"514","pvap":"   5,12"},{"seq":"34","sqcand":"140000822873","n":"14888","nm":"EDINALDO BOMBOMZEIRO","cc":"PTB","nv":" ","e":"n","st":"Suplente","dvt":"V\u00e1lido","vap":"47","pvap":"   0,47"},{"seq":"63","sqcand":"140001129741","n":"13131","nm":"KELLY ARA\u00daJO","cc":"PT","nv":" ","e":"n","st":"N\u00e3o eleito","dvt":"V\u00e1lido","vap":"5","pvap":"   0,05"},{"seq":"1","sqcand":"140000822868","n":"14123","nm":"SILVIA ASSAD","cc":"PTB","nv":" ","e":"s","st":"Eleito","dvt":"V\u00e1lido","vap":"757","pvap":"   7,54"},{"seq":"11","sqcand":"140001127240","n":"15000","nm":"TONGA NETO","cc":"MDB","nv":" ","e":"s","st":"Eleito","dvt":"V\u00e1lido","vap":"296","pvap":"   2,95"},{"seq":"8","sqcand":"140000634466","n":"70555","nm":"IRAN ROCHA","cc":"AVANTE","nv":" ","e":"s","st":"Eleito","dvt":"V\u00e1lido","vap":"383","pvap":"   3,81"},{"seq":"50","sqcand":"140001229472","n":"10345","nm":"ADRIANA DA JUDITE","cc":"REPUBLICANOS","nv":" ","e":"n","st":"Suplente","dvt":"V\u00e1lido","vap":"6","pvap":"   0,06"},{"seq":"39","sqcand":"140001229474","n":"10555","nm":"GESSICA JAKS","cc":"REPUBLICANOS","nv":" ","e":"n","st":"Suplente","dvt":"V\u00e1lido","vap":"26","pvap":"   0,26"},{"seq":"5","sqcand":"140000633653","n":"22222","nm":"DANIELA MOTA TATA","cc":"PL","nv":" ","e":"s","st":"Eleito","dvt":"V\u00e1lido","vap":"496","pvap":"   4,94"},{"seq":"10","sqcand":"140001229473","n":"10222","nm":"ROGERINHO","cc":"REPUBLICANOS","nv":" ","e":"s","st":"Eleito","dvt":"V\u00e1lido","vap":"323","pvap":"   3,22"},{"seq":"40","sqcand":"140000822878","n":"14333","nm":"RAIMUNDO FERREIRA","cc":"PTB","nv":" ","e":"n","st":"Suplente","dvt":"V\u00e1lido","vap":"19","pvap":"   0,19"},{"seq":"49","sqcand":"140000822881","n":"14222","nm":"MARIA LURIAN","cc":"PTB","nv":" ","e":"n","st":"Suplente","dvt":"V\u00e1lido","vap":"7","pvap":"   0,07"},{"seq":"33","sqcand":"140001127239","n":"15100","nm":"ZAQUEU MONTEIRO","cc":"MDB","nv":" ","e":"n","st":"Suplente","dvt":"V\u00e1lido","vap":"53","pvap":"   0,53"},{"seq":"25","sqcand":"140000822870","n":"14555","nm":"SEU RIBA","cc":"PTB","nv":" ","e":"n","st":"Suplente","dvt":"V\u00e1lido","vap":"163","pvap":"   1,62"},{"seq":"19","sqcand":"140000633655","n":"22456","nm":"LUIS COBRADOR","cc":"PL","nv":" ","e":"n","st":"Suplente","dvt":"V\u00e1lido","vap":"228","pvap":"   2,27"},{"seq":"2","sqcand":"140000822874","n":"14789","nm":"JAELSON LOPES","cc":"PTB","nv":" ","e":"s","st":"Eleito","dvt":"V\u00e1lido","vap":"558","pvap":"   5,56"},{"seq":"20","sqcand":"140001229475","n":"10000","nm":"CHICO CORSINO","cc":"REPUBLICANOS","nv":" ","e":"n","st":"Suplente","dvt":"V\u00e1lido","vap":"222","pvap":"   2,21"},{"seq":"22","sqcand":"140001127236","n":"15555","nm":"WIRLEY FARIAS","cc":"MDB","nv":" ","e":"n","st":"Suplente","dvt":"V\u00e1lido","vap":"179","pvap":"   1,78"},{"seq":"27","sqcand":"140001127238","n":"15333","nm":"NECA","cc":"MDB","nv":" ","e":"n","st":"Suplente","dvt":"V\u00e1lido","vap":"107","pvap":"   1,07"},{"seq":"60","sqcand":"140001129559","n":"20333","nm":"ROGERIO DO TRAVESS\u00c3O DO L","cc":"PSC","nv":" ","e":"n","st":"N\u00e3o eleito","dvt":"V\u00e1lido","vap":"20","pvap":"   0,20"},{"seq":"37","sqcand":"140000634469","n":"70999","nm":"NILMA DO MUNDICO","cc":"AVANTE","nv":" ","e":"n","st":"Suplente","dvt":"V\u00e1lido","vap":"28","pvap":"   0,28"},{"seq":"6","sqcand":"140000633650","n":"22000","nm":"CLOVIS DO JOVINO","cc":"PL","nv":" ","e":"s","st":"Eleito","dvt":"V\u00e1lido","vap":"428","pvap":"   4,26"},{"seq":"38","sqcand":"140000633654","n":"22789","nm":"SILVANA MOURA","cc":"PL","nv":" ","e":"n","st":"Suplente","dvt":"V\u00e1lido","vap":"27","pvap":"   0,27"},{"seq":"14","sqcand":"140000634467","n":"70110","nm":"FIA","cc":"AVANTE","nv":" ","e":"n","st":"Suplente","dvt":"V\u00e1lido","vap":"266","pvap":"   2,65"},{"seq":"35","sqcand":"140000822872","n":"14000","nm":"NEN\u00c9M DO ADELSON","cc":"PTB","nv":" ","e":"n","st":"Suplente","dvt":"V\u00e1lido","vap":"43","pvap":"   0,43"},{"seq":"51","sqcand":"140001127233","n":"15221","nm":"ALINE","cc":"MDB","nv":" ","e":"n","st":"Suplente","dvt":"V\u00e1lido","vap":"3","pvap":"   0,03"},{"seq":"61","sqcand":"140001129561","n":"20456","nm":"EVERARDO DO CUXIU","cc":"PSC","nv":" ","e":"n","st":"N\u00e3o eleito","dvt":"V\u00e1lido","vap":"18","pvap":"   0,18"},{"seq":"58","sqcand":"140001129562","n":"20111","nm":"ELANA DA ESTIVA","cc":"PSC","nv":" ","e":"n","st":"N\u00e3o eleito","dvt":"V\u00e1lido","vap":"29","pvap":"   0,29"},{"seq":"15","sqcand":"140001229471","n":"10111","nm":"FRANCISCO","cc":"REPUBLICANOS","nv":" ","e":"n","st":"Suplente","dvt":"V\u00e1lido","vap":"258","pvap":"   2,57"},{"seq":"41","sqcand":"140000822875","n":"14111","nm":"MARCO DA SA\u00daDE","cc":"PTB","nv":" ","e":"n","st":"Suplente","dvt":"V\u00e1lido","vap":"15","pvap":"   0,15"},{"seq":"32","sqcand":"140000634468","n":"70333","nm":"MAROCA","cc":"AVANTE","nv":" ","e":"n","st":"Suplente","dvt":"V\u00e1lido","vap":"53","pvap":"   0,53"},{"seq":"43","sqcand":"140000634472","n":"70789","nm":"MARCIA","cc":"AVANTE","nv":" ","e":"n","st":"Suplente","dvt":"V\u00e1lido","vap":"10","pvap":"   0,10"},{"seq":"36","sqcand":"140001127232","n":"15777","nm":"MARTINS DA AGRICULTURA","cc":"MDB","nv":" ","e":"n","st":"Suplente","dvt":"V\u00e1lido","vap":"41","pvap":"   0,41"},{"seq":"57","sqcand":"140001129560","n":"20222","nm":"JACI DO TONG\u00c3O","cc":"PSC","nv":" ","e":"n","st":"N\u00e3o eleito","dvt":"V\u00e1lido","vap":"31","pvap":"   0,31"},{"seq":"16","sqcand":"140000633656","n":"22123","nm":"CARAM ASSAD","cc":"PL","nv":" ","e":"n","st":"Suplente","dvt":"V\u00e1lido","vap":"257","pvap":"   2,56"},{"seq":"12","sqcand":"140000634475","n":"70123","nm":"SINESIO","cc":"AVANTE","nv":" ","e":"n","st":"Suplente","dvt":"V\u00e1lido","vap":"358","pvap":"   3,57"},{"seq":"52","sqcand":"140000822882","n":"14234","nm":"BOF\u00d3","cc":"PTB","nv":" ","e":"n","st":"Suplente","dvt":"V\u00e1lido","vap":"1","pvap":"   0,01"},{"seq":"21","sqcand":"140000634474","n":"70777","nm":"GURI","cc":"AVANTE","nv":" ","e":"n","st":"Suplente","dvt":"V\u00e1lido","vap":"203","pvap":"   2,02"},{"seq":"13","sqcand":"140000633657","n":"22555","nm":"SARA","cc":"PL","nv":" ","e":"n","st":"Suplente","dvt":"V\u00e1lido","vap":"308","pvap":"   3,07"},{"seq":"28","sqcand":"140000822869","n":"14456","nm":"TIELMA","cc":"PTB","nv":" ","e":"n","st":"Suplente","dvt":"V\u00e1lido","vap":"92","pvap":"   0,92"},{"seq":"44","sqcand":"140000822880","n":"14100","nm":"VALCILENE","cc":"PTB","nv":" ","e":"n","st":"Suplente","dvt":"V\u00e1lido","vap":"10","pvap":"   0,10"},{"seq":"26","sqcand":"140001229476","n":"10333","nm":"WILKE","cc":"REPUBLICANOS","nv":" ","e":"n","st":"Suplente","dvt":"V\u00e1lido","vap":"121","pvap":"   1,21"},{"seq":"30","sqcand":"140000634473","n":"70000","nm":"BUEIRA PROMOTER","cc":"AVANTE","nv":" ","e":"n","st":"Suplente","dvt":"V\u00e1lido","vap":"84","pvap":"   0,84"},{"seq":"31","sqcand":"140000822876","n":"14255","nm":"RAIMUNDO DICO","cc":"PTB","nv":" ","e":"n","st":"Suplente","dvt":"V\u00e1lido","vap":"57","pvap":"   0,57"},{"seq":"56","sqcand":"140001129742","n":"13333","nm":"RENATO DA DICA","cc":"PT","nv":" ","e":"n","st":"N\u00e3o eleito","dvt":"V\u00e1lido","vap":"48","pvap":"   0,48"}]}
