{"ele":"426","tpabr":"mu","cdabr":"04340","carper":"13","t":"1","f":"o","dt":"15/11/2020","ht":"22:43:21","dv":"s","tf":"s","v":"11","esae":"n","mnae":"","s":"63","st":"63","pst":" 100,00","snt":"0","psnt":"   0,00","si":"63","psi":" 100,00","sni":"0","psni":"   0,00","sa":"63","psa":" 100,00","sna":"0","psna":"   0,00","e":"18846","ea":"18846","pea":" 100,00","ena":"0","pena":"   0,00","esi":"18846","pesi":" 100,00","esni":"0","pesni":"   0,00","c":"15060","pc":"  79,91","a":"3786","pa":"  20,09","vscv":"0","vnom":"13561","vl":"864","pvnom":"  94,01","pvl":"   5,99","vvc":"14425","pvvc":"  95,78","vb":"106","pvb":"   0,71","tvn":"529","ptvn":"   3,51","vn":"529","pvn":" 100,00","vnt":"0","pvnt":"   0,00","vp":"0","pvp":"   0,00","vv":"14425","pvv":" 100,00","van":"0","pvan":"   0,00","vansj":"0","pvansj":"   0,00","tv":"15060","cand":[{"seq":"59","sqcand":"140000841785","n":"55444","nm":"CRISPIM","cc":"PSD","nv":" ","e":"n","st":"Suplente","dvt":"V\u00e1lido","vap":"3","pvap":"   0,02"},{"seq":"37","sqcand":"140000841790","n":"55678","nm":"LUCI","cc":"PSD","nv":" ","e":"n","st":"Suplente","dvt":"V\u00e1lido","vap":"58","pvap":"   0,40"},{"seq":"79","sqcand":"140001253521","n":"20555","nm":"DUDU SEGURAN\u00c7A","cc":"PSC","nv":" ","e":"n","st":"N\u00e3o eleito","dvt":"V\u00e1lido","vap":"15","pvap":"   0,10"},{"seq":"57","sqcand":"140000948338","n":"15002","nm":"ROSILEIA","cc":"MDB","nv":" ","e":"n","st":"Suplente","dvt":"V\u00e1lido","vap":"5","pvap":"   0,03"},{"seq":"70","sqcand":"140001253486","n":"13555","nm":"DIL","cc":"PT","nv":" ","e":"n","st":"N\u00e3o eleito","dvt":"V\u00e1lido","vap":"51","pvap":"   0,35"},{"seq":"53","sqcand":"140000816535","n":"65165","nm":"ELIANE SANTOS","cc":"PC do B","nv":" ","e":"n","st":"Suplente","dvt":"V\u00e1lido","vap":"13","pvap":"   0,09"},{"seq":"82","sqcand":"140001253488","n":"13075","nm":"PROFESSOR MAIA","cc":"PT","nv":" ","e":"n","st":"N\u00e3o eleito","dvt":"V\u00e1lido","vap":"4","pvap":"   0,03"},{"seq":"14","sqcand":"140000841789","n":"55000","nm":"BUCHELO","cc":"PSD","nv":" ","e":"n","st":"Suplente","dvt":"V\u00e1lido","vap":"369","pvap":"   2,56"},{"seq":"49","sqcand":"140000816624","n":"25250","nm":"NEGUINHO DA VALE","cc":"DEM","nv":" ","e":"n","st":"Suplente","dvt":"V\u00e1lido","vap":"17","pvap":"   0,12"},{"seq":"73","sqcand":"140001253487","n":"13000","nm":"PROFESSORA LEIDA","cc":"PT","nv":" ","e":"n","st":"N\u00e3o eleito","dvt":"V\u00e1lido","vap":"34","pvap":"   0,24"},{"seq":"51","sqcand":"140000816534","n":"65000","nm":"Z\u00c9 AM\u00c9RICO","cc":"PC do B","nv":" ","e":"n","st":"Suplente","dvt":"V\u00e1lido","vap":"14","pvap":"   0,10"},{"seq":"21","sqcand":"140000948347","n":"15777","nm":"ODILIA VIDAL","cc":"MDB","nv":" ","e":"n","st":"Suplente","dvt":"V\u00e1lido","vap":"231","pvap":"   1,60"},{"seq":"22","sqcand":"140000841792","n":"55123","nm":"PROFESSORA FLOR","cc":"PSD","nv":" ","e":"n","st":"Suplente","dvt":"V\u00e1lido","vap":"211","pvap":"   1,46"},{"seq":"76","sqcand":"140001157731","n":"77555","nm":"IRM\u00c3O DA JACAMIM","cc":"SOLIDARIEDADE","nv":" ","e":"n","st":"N\u00e3o eleito","dvt":"V\u00e1lido","vap":"21","pvap":"   0,15"},{"seq":"9","sqcand":"140000948343","n":"15123","nm":"TONINHO ARAUJO","cc":"MDB","nv":" ","e":"s","st":"Eleito","dvt":"V\u00e1lido","vap":"486","pvap":"   3,37"},{"seq":"32","sqcand":"140000816627","n":"25615","nm":"KATIANE DE SANTANA","cc":"DEM","nv":" ","e":"n","st":"Suplente","dvt":"V\u00e1lido","vap":"110","pvap":"   0,76"},{"seq":"42","sqcand":"140000948341","n":"15333","nm":"PROFESSORA NETE","cc":"MDB","nv":" ","e":"n","st":"Suplente","dvt":"V\u00e1lido","vap":"48","pvap":"   0,33"},{"seq":"8","sqcand":"140000816858","n":"10222","nm":"EUCLENIO ARRUDA","cc":"REPUBLICANOS","nv":" ","e":"s","st":"Eleito","dvt":"V\u00e1lido","vap":"486","pvap":"   3,37"},{"seq":"56","sqcand":"140000816546","n":"65150","nm":"MARIA DO VILA","cc":"PC do B","nv":" ","e":"n","st":"Suplente","dvt":"V\u00e1lido","vap":"5","pvap":"   0,03"},{"seq":"71","sqcand":"140001157738","n":"77111","nm":"PEDRO FILHO","cc":"SOLIDARIEDADE","nv":" ","e":"n","st":"N\u00e3o eleito","dvt":"V\u00e1lido","vap":"48","pvap":"   0,33"},{"seq":"78","sqcand":"140001253492","n":"13113","nm":"CICA DA SAO PEDRO","cc":"PT","nv":" ","e":"n","st":"N\u00e3o eleito","dvt":"V\u00e1lido","vap":"16","pvap":"   0,11"},{"seq":"35","sqcand":"140000948345","n":"15986","nm":"NEGO DO DR","cc":"MDB","nv":" ","e":"n","st":"Suplente","dvt":"V\u00e1lido","vap":"68","pvap":"   0,47"},{"seq":"38","sqcand":"140000816633","n":"25007","nm":"PROFESSOR HAROLDO","cc":"DEM","nv":" ","e":"n","st":"Suplente","dvt":"V\u00e1lido","vap":"58","pvap":"   0,40"},{"seq":"50","sqcand":"140000816864","n":"10999","nm":"CAMILA SANTOS","cc":"REPUBLICANOS","nv":" ","e":"n","st":"Suplente","dvt":"V\u00e1lido","vap":"16","pvap":"   0,11"},{"seq":"3","sqcand":"140000948336","n":"15555","nm":"DR MAGNO","cc":"MDB","nv":" ","e":"s","st":"Eleito","dvt":"V\u00e1lido","vap":"700","pvap":"   4,85"},{"seq":"26","sqcand":"140000816538","n":"65222","nm":"DOMINGOS DA VALE","cc":"PC do B","nv":" ","e":"n","st":"Suplente","dvt":"V\u00e1lido","vap":"183","pvap":"   1,27"},{"seq":"18","sqcand":"140000948342","n":"15111","nm":"DOGUINHA","cc":"MDB","nv":" ","e":"n","st":"Suplente","dvt":"V\u00e1lido","vap":"262","pvap":"   1,82"},{"seq":"68","sqcand":"140001253493","n":"13456","nm":"MAURO DO MARACAXI","cc":"PT","nv":" ","e":"n","st":"N\u00e3o eleito","dvt":"V\u00e1lido","vap":"60","pvap":"   0,42"},{"seq":"80","sqcand":"140001253522","n":"20777","nm":"MALILIA DA MANELANDIA","cc":"PSC","nv":" ","e":"n","st":"N\u00e3o eleito","dvt":"V\u00e1lido","vap":"7","pvap":"   0,05"},{"seq":"29","sqcand":"140000816631","n":"25112","nm":"AL\u00ca DA EDUCA\u00c7\u00c3O","cc":"DEM","nv":" ","e":"n","st":"Suplente","dvt":"V\u00e1lido","vap":"137","pvap":"   0,95"},{"seq":"62","sqcand":"140001157733","n":"77000","nm":"TCHETCHE","cc":"SOLIDARIEDADE","nv":" ","e":"n","st":"N\u00e3o eleito","dvt":"V\u00e1lido","vap":"185","pvap":"   1,28"},{"seq":"2","sqcand":"140000816625","n":"25123","nm":"JOELSON CHIC\u00d3","cc":"DEM","nv":" ","e":"s","st":"Eleito","dvt":"V\u00e1lido","vap":"704","pvap":"   4,88"},{"seq":"33","sqcand":"140000816536","n":"65777","nm":"MAUR\u00cdCIO PANTOJA","cc":"PC do B","nv":" ","e":"n","st":"Suplente","dvt":"V\u00e1lido","vap":"91","pvap":"   0,63"},{"seq":"77","sqcand":"140001157736","n":"77234","nm":"ZANE","cc":"SOLIDARIEDADE","nv":" ","e":"n","st":"N\u00e3o eleito","dvt":"V\u00e1lido","vap":"21","pvap":"   0,15"},{"seq":"75","sqcand":"140001157735","n":"77135","nm":"PAULO GOMES","cc":"SOLIDARIEDADE","nv":" ","e":"n","st":"N\u00e3o eleito","dvt":"V\u00e1lido","vap":"25","pvap":"   0,17"},{"seq":"63","sqcand":"140001253491","n":"13333","nm":"MORENA DO POV\u00c3O","cc":"PT","nv":" ","e":"n","st":"N\u00e3o eleito","dvt":"V\u00e1lido","vap":"119","pvap":"   0,82"},{"seq":"28","sqcand":"140000816545","n":"65111","nm":"BRANCO","cc":"PC do B","nv":" ","e":"n","st":"Suplente","dvt":"V\u00e1lido","vap":"138","pvap":"   0,96"},{"seq":"41","sqcand":"140000816544","n":"65123","nm":"JOELMA","cc":"PC do B","nv":" ","e":"n","st":"Suplente","dvt":"V\u00e1lido","vap":"50","pvap":"   0,35"},{"seq":"36","sqcand":"140000816539","n":"65655","nm":"F\u00c1BIO DO DED\u00c9","cc":"PC do B","nv":" ","e":"n","st":"Suplente","dvt":"V\u00e1lido","vap":"61","pvap":"   0,42"},{"seq":"34","sqcand":"140000816628","n":"25777","nm":"COELHA","cc":"DEM","nv":" ","e":"n","st":"Suplente","dvt":"V\u00e1lido","vap":"88","pvap":"   0,61"},{"seq":"25","sqcand":"140000841787","n":"55630","nm":"DIDI GOMES","cc":"PSD","nv":" ","e":"n","st":"Suplente","dvt":"V\u00e1lido","vap":"194","pvap":"   1,34"},{"seq":"12","sqcand":"140000816626","n":"25555","nm":"VANDO DO MARACAX\u00cd E REGI\u00d5ES","cc":"DEM","nv":" ","e":"n","st":"Suplente","dvt":"V\u00e1lido","vap":"426","pvap":"   2,95"},{"seq":"55","sqcand":"140000816542","n":"65658","nm":"MOISES ","cc":"PC do B","nv":" ","e":"n","st":"Suplente","dvt":"V\u00e1lido","vap":"7","pvap":"   0,05"},{"seq":"11","sqcand":"140000816543","n":"65555","nm":"PROF. CARLINHO","cc":"PC do B","nv":" ","e":"s","st":"Eleito","dvt":"V\u00e1lido","vap":"345","pvap":"   2,39"},{"seq":"81","sqcand":"140001157732","n":"77222","nm":"PEDRO DO JACAMIM","cc":"SOLIDARIEDADE","nv":" ","e":"n","st":"N\u00e3o eleito","dvt":"V\u00e1lido","vap":"5","pvap":"   0,03"},{"seq":"48","sqcand":"140000816866","n":"10555","nm":"HUGO","cc":"REPUBLICANOS","nv":" ","e":"n","st":"Suplente","dvt":"V\u00e1lido","vap":"22","pvap":"   0,15"},{"seq":"17","sqcand":"140000816862","n":"10122","nm":"MAUR\u00cdCIO DO REPARTIMENTO","cc":"REPUBLICANOS","nv":" ","e":"n","st":"Suplente","dvt":"V\u00e1lido","vap":"310","pvap":"   2,15"},{"seq":"1","sqcand":"140000841794","n":"55612","nm":"VANALDO DA VALE VERDE","cc":"PSD","nv":" ","e":"s","st":"Eleito","dvt":"V\u00e1lido","vap":"919","pvap":"   6,37"},{"seq":"45","sqcand":"140000816541","n":"65512","nm":"SEDAVAN","cc":"PC do B","nv":" ","e":"n","st":"Suplente","dvt":"V\u00e1lido","vap":"32","pvap":"   0,22"},{"seq":"43","sqcand":"140000816540","n":"65444","nm":"PROFESSOR CLEISNALDO","cc":"PC do B","nv":" ","e":"n","st":"Suplente","dvt":"V\u00e1lido","vap":"43","pvap":"   0,30"},{"seq":"15","sqcand":"140000948337","n":"15001","nm":"VALDENI DA MAZOL","cc":"MDB","nv":" ","e":"n","st":"Suplente","dvt":"V\u00e1lido","vap":"368","pvap":"   2,55"},{"seq":"39","sqcand":"140000841782","n":"55555","nm":"IZAURO NETO OFICIAL","cc":"PSD","nv":" ","e":"n","st":"Suplente","dvt":"V\u00e1lido","vap":"52","pvap":"   0,36"},{"seq":"85","sqcand":"140001157737","n":"77678","nm":"M\u00c1RCIA ASSIS","cc":"SOLIDARIEDADE","nv":" ","e":"n","st":"N\u00e3o eleito","dvt":"V\u00e1lido","vap":"0","pvap":"00.00"},{"seq":"5","sqcand":"140000816635","n":"25678","nm":"LUC\u00cdLVIO DA SA\u00daDE","cc":"DEM","nv":" ","e":"s","st":"Eleito","dvt":"V\u00e1lido","vap":"625","pvap":"   4,33"},{"seq":"6","sqcand":"140000841783","n":"55500","nm":"PROFESSOR BENA","cc":"PSD","nv":" ","e":"s","st":"Eleito","dvt":"V\u00e1lido","vap":"583","pvap":"   4,04"},{"seq":"47","sqcand":"140000816865","n":"10110","nm":"PEDRO MOREIRA","cc":"REPUBLICANOS","nv":" ","e":"n","st":"Suplente","dvt":"V\u00e1lido","vap":"26","pvap":"   0,18"},{"seq":"31","sqcand":"140000841784","n":"55777","nm":"PARAZINHO DO CAJUEIRO","cc":"PSD","nv":" ","e":"n","st":"Suplente","dvt":"V\u00e1lido","vap":"110","pvap":"   0,76"},{"seq":"46","sqcand":"140000816632","n":"25611","nm":"VANDERLISA","cc":"DEM","nv":" ","e":"n","st":"Suplente","dvt":"V\u00e1lido","vap":"27","pvap":"   0,19"},{"seq":"4","sqcand":"140000948346","n":"15456","nm":"DINHO DO IPITINGA","cc":"MDB","nv":" ","e":"s","st":"Eleito","dvt":"V\u00e1lido","vap":"633","pvap":"   4,39"},{"seq":"64","sqcand":"140001253523","n":"20222","nm":"PROFESSORA ELIANA","cc":"PSC","nv":" ","e":"n","st":"N\u00e3o eleito","dvt":"V\u00e1lido","vap":"114","pvap":"   0,79"},{"seq":"44","sqcand":"140000816861","n":"10777","nm":"PROF CLEL","cc":"REPUBLICANOS","nv":" ","e":"n","st":"Suplente","dvt":"V\u00e1lido","vap":"36","pvap":"   0,25"},{"seq":"65","sqcand":"140001253494","n":"13123","nm":"EVAN","cc":"PT","nv":" ","e":"n","st":"N\u00e3o eleito","dvt":"V\u00e1lido","vap":"103","pvap":"   0,71"},{"seq":"20","sqcand":"140000816859","n":"10000","nm":"ISAQUE SANTOS","cc":"REPUBLICANOS","nv":" ","e":"n","st":"Suplente","dvt":"V\u00e1lido","vap":"247","pvap":"   1,71"},{"seq":"30","sqcand":"140000816634","n":"25116","nm":"KEILA","cc":"DEM","nv":" ","e":"n","st":"Suplente","dvt":"V\u00e1lido","vap":"124","pvap":"   0,86"},{"seq":"60","sqcand":"140000841791","n":"55297","nm":"PROFESSORA SOCORRO GARCIA","cc":"PSD","nv":" ","e":"n","st":"Suplente","dvt":"V\u00e1lido","vap":"0","pvap":"00.00"},{"seq":"54","sqcand":"140000841793","n":"55333","nm":"GERSICA TAVARES","cc":"PSD","nv":" ","e":"n","st":"Suplente","dvt":"V\u00e1lido","vap":"9","pvap":"   0,06"},{"seq":"84","sqcand":"140001253490","n":"13222","nm":"IZAIAS DA SAO CLEMENTE","cc":"PT","nv":" ","e":"n","st":"N\u00e3o eleito","dvt":"V\u00e1lido","vap":"1","pvap":"   0,01"},{"seq":"7","sqcand":"140000816629","n":"25000","nm":"PAINHO","cc":"DEM","nv":" ","e":"s","st":"Eleito","dvt":"V\u00e1lido","vap":"535","pvap":"   3,71"},{"seq":"67","sqcand":"140001253489","n":"13777","nm":"EDSON DO SINDTER","cc":"PT","nv":" ","e":"n","st":"N\u00e3o eleito","dvt":"V\u00e1lido","vap":"67","pvap":"   0,46"},{"seq":"61","sqcand":"140001253519","n":"20123","nm":"DIONY DA PLANTER","cc":"PSC","nv":" ","e":"n","st":"N\u00e3o eleito","dvt":"V\u00e1lido","vap":"202","pvap":"   1,40"},{"seq":"10","sqcand":"140000816867","n":"10456","nm":"RAIMUNDINHO DO MARACUJ\u00c1","cc":"REPUBLICANOS","nv":" ","e":"s","st":"Eleito","dvt":"V\u00e1lido","vap":"385","pvap":"   2,67"},{"seq":"52","sqcand":"140000816537","n":"65333","nm":"ELENI CORREA","cc":"PC do B","nv":" ","e":"n","st":"Suplente","dvt":"V\u00e1lido","vap":"13","pvap":"   0,09"},{"seq":"19","sqcand":"140000948339","n":"15888","nm":"CARLOS ALBERTO","cc":"MDB","nv":" ","e":"n","st":"Suplente","dvt":"V\u00e1lido","vap":"251","pvap":"   1,74"},{"seq":"66","sqcand":"140001253520","n":"20000","nm":"WESLEY TRINDADE","cc":"PSC","nv":" ","e":"n","st":"N\u00e3o eleito","dvt":"V\u00e1lido","vap":"95","pvap":"   0,66"},{"seq":"72","sqcand":"140001253524","n":"20888","nm":"PROFESSOR NAZARENO","cc":"PSC","nv":" ","e":"n","st":"N\u00e3o eleito","dvt":"V\u00e1lido","vap":"35","pvap":"   0,24"},{"seq":"83","sqcand":"140001253525","n":"20001","nm":"CARMEM SILVA","cc":"PSC","nv":" ","e":"n","st":"N\u00e3o eleito","dvt":"V\u00e1lido","vap":"3","pvap":"   0,02"},{"seq":"13","sqcand":"140000948335","n":"15000","nm":"BOSQUINHO","cc":"MDB","nv":" ","e":"n","st":"Suplente","dvt":"V\u00e1lido","vap":"369","pvap":"   2,56"},{"seq":"58","sqcand":"140000948340","n":"15444","nm":"FERNANDA DO CONSELHO","cc":"MDB","nv":" ","e":"n","st":"Suplente","dvt":"V\u00e1lido","vap":"4","pvap":"   0,03"},{"seq":"74","sqcand":"140001157739","n":"77123","nm":"ANGELINA DUARTE","cc":"SOLIDARIEDADE","nv":" ","e":"n","st":"N\u00e3o eleito","dvt":"V\u00e1lido","vap":"27","pvap":"   0,19"},{"seq":"23","sqcand":"140000816863","n":"10123","nm":"NEDICO LOPES","cc":"REPUBLICANOS","nv":" ","e":"n","st":"Suplente","dvt":"V\u00e1lido","vap":"205","pvap":"   1,42"},{"seq":"24","sqcand":"140000948344","n":"15222","nm":"ADRIANO DO DR","cc":"MDB","nv":" ","e":"n","st":"Suplente","dvt":"V\u00e1lido","vap":"204","pvap":"   1,41"},{"seq":"69","sqcand":"140001157734","n":"77777","nm":"KARECA DA CAVALGADA","cc":"SOLIDARIEDADE","nv":" ","e":"n","st":"N\u00e3o eleito","dvt":"V\u00e1lido","vap":"60","pvap":"   0,42"},{"seq":"27","sqcand":"140000816630","n":"25111","nm":"CHIQUIM DA CA\u00c7AMBA","cc":"DEM","nv":" ","e":"n","st":"Suplente","dvt":"V\u00e1lido","vap":"151","pvap":"   1,05"},{"seq":"16","sqcand":"140000841788","n":"55222","nm":"JO\u00c3O PAULO","cc":"PSD","nv":" ","e":"n","st":"Suplente","dvt":"V\u00e1lido","vap":"324","pvap":"   2,25"},{"seq":"40","sqcand":"140000816860","n":"10179","nm":"M\u00c1RCIA","cc":"REPUBLICANOS","nv":" ","e":"n","st":"Suplente","dvt":"V\u00e1lido","vap":"52","pvap":"   0,36"}]}
