{"ele":"426","tpabr":"mu","cdabr":"04367","carper":"13","t":"1","f":"o","dt":"15/11/2020","ht":"22:31:46","dv":"s","tf":"s","v":"11","esae":"n","mnae":"","s":"49","st":"49","pst":" 100,00","snt":"0","psnt":"   0,00","si":"49","psi":" 100,00","sni":"0","psni":"   0,00","sa":"49","psa":" 100,00","sna":"0","psna":"   0,00","e":"13954","ea":"13954","pea":" 100,00","ena":"0","pena":"   0,00","esi":"13954","pesi":" 100,00","esni":"0","pesni":"   0,00","c":"11613","pc":"  83,22","a":"2341","pa":"  16,78","vscv":"0","vnom":"11018","vl":"354","pvnom":"  96,89","pvl":"   3,11","vvc":"11372","pvvc":"  97,92","vb":"83","pvb":"   0,72","tvn":"158","ptvn":"   1,36","vn":"158","pvn":" 100,00","vnt":"0","pvnt":"   0,00","vp":"0","pvp":"   0,00","vv":"11372","pvv":" 100,00","van":"0","pvan":"   0,00","vansj":"0","pvansj":"   0,00","tv":"11613","cand":[{"seq":"12","sqcand":"140001088941","n":"55000","nm":"PROF. MILENILDO","cc":"PSD","nv":" ","e":"n","st":"Suplente","dvt":"V\u00e1lido","vap":"411","pvap":"   3,61"},{"seq":"14","sqcand":"140001088949","n":"55123","nm":"BAIXINHO DO PADRE","cc":"PSD","nv":" ","e":"n","st":"Suplente","dvt":"V\u00e1lido","vap":"342","pvap":"   3,01"},{"seq":"16","sqcand":"140001051567","n":"45500","nm":"RONILDO SANTOS","cc":"PSDB","nv":" ","e":"n","st":"Suplente","dvt":"V\u00e1lido","vap":"300","pvap":"   2,64"},{"seq":"29","sqcand":"140001051568","n":"45012","nm":"SOCORRO DO PIRARUAC\u00c1","cc":"PSDB","nv":" ","e":"n","st":"Suplente","dvt":"V\u00e1lido","vap":"116","pvap":"   1,02"},{"seq":"17","sqcand":"140001088940","n":"55333","nm":"LUCIONE LOBATO","cc":"PSD","nv":" ","e":"n","st":"Suplente","dvt":"V\u00e1lido","vap":"297","pvap":"   2,61"},{"seq":"11","sqcand":"140001051571","n":"45222","nm":"ANDERSON BENTES","cc":"PSDB","nv":" ","e":"s","st":"Eleito","dvt":"V\u00e1lido","vap":"356","pvap":"   3,13"},{"seq":"2","sqcand":"140001088950","n":"55456","nm":"WAL DOS ANJOS","cc":"PSD","nv":" ","e":"s","st":"Eleito","dvt":"V\u00e1lido","vap":"735","pvap":"   6,46"},{"seq":"34","sqcand":"140001049368","n":"15666","nm":"ERINELSON PANTOJA","cc":"MDB","nv":" ","e":"n","st":"Suplente","dvt":"V\u00e1lido","vap":"51","pvap":"   0,45"},{"seq":"27","sqcand":"140001088944","n":"55500","nm":"BEDEU","cc":"PSD","nv":" ","e":"n","st":"Suplente","dvt":"V\u00e1lido","vap":"152","pvap":"   1,34"},{"seq":"1","sqcand":"140001049359","n":"15000","nm":"MIGUEL NETO","cc":"MDB","nv":" ","e":"s","st":"Eleito","dvt":"V\u00e1lido","vap":"804","pvap":"   7,07"},{"seq":"8","sqcand":"140001049372","n":"15111","nm":"LUCIVALDO CABECINHA","cc":"MDB","nv":" ","e":"s","st":"Eleito","dvt":"V\u00e1lido","vap":"429","pvap":"   3,77"},{"seq":"19","sqcand":"140001049369","n":"15222","nm":"DOIA ANEQUINO","cc":"MDB","nv":" ","e":"n","st":"Suplente","dvt":"V\u00e1lido","vap":"260","pvap":"   2,29"},{"seq":"30","sqcand":"140001088939","n":"55222","nm":"KAREN VER\u00c3O","cc":"PSD","nv":" ","e":"n","st":"Suplente","dvt":"V\u00e1lido","vap":"99","pvap":"   0,87"},{"seq":"5","sqcand":"140001088945","n":"55888","nm":"SERR\u00c3O","cc":"PSD","nv":" ","e":"s","st":"Eleito","dvt":"V\u00e1lido","vap":"555","pvap":"   4,88"},{"seq":"48","sqcand":"140001049361","n":"15101","nm":"WAGNER MONTEIRO","cc":"MDB","nv":" ","e":"n","st":"Suplente","dvt":"V\u00e1lido","vap":"9","pvap":"   0,08"},{"seq":"25","sqcand":"140001049364","n":"15456","nm":"ROSIVALDA GOMES","cc":"MDB","nv":" ","e":"n","st":"Suplente","dvt":"V\u00e1lido","vap":"161","pvap":"   1,42"},{"seq":"41","sqcand":"140001049371","n":"15678","nm":"JORILEI GUERREIRO","cc":"MDB","nv":" ","e":"n","st":"Suplente","dvt":"V\u00e1lido","vap":"32","pvap":"   0,28"},{"seq":"50","sqcand":"140001235914","n":"13444","nm":"PROFESSOR JOAQUIM MARIALVA","cc":"PT","nv":" ","e":"n","st":"N\u00e3o eleito","dvt":"V\u00e1lido","vap":"11","pvap":"   0,10"},{"seq":"49","sqcand":"140001070889","n":"20456","nm":"EDILENE PINHEIRO","cc":"PSC","nv":" ","e":"n","st":"Suplente","dvt":"V\u00e1lido","vap":"8","pvap":"   0,07"},{"seq":"24","sqcand":"140001070894","n":"20000","nm":"IDEMARZINHO","cc":"PSC","nv":" ","e":"n","st":"Suplente","dvt":"V\u00e1lido","vap":"198","pvap":"   1,74"},{"seq":"46","sqcand":"140001070900","n":"20555","nm":"NOELIO MACIEL","cc":"PSC","nv":" ","e":"n","st":"Suplente","dvt":"V\u00e1lido","vap":"11","pvap":"   0,10"},{"seq":"31","sqcand":"140001051562","n":"45666","nm":"PROF. ANT\u00d4NIO NEY","cc":"PSDB","nv":" ","e":"n","st":"Suplente","dvt":"V\u00e1lido","vap":"75","pvap":"   0,66"},{"seq":"43","sqcand":"140001051563","n":"45045","nm":"MAGRINHA","cc":"PSDB","nv":" ","e":"n","st":"Suplente","dvt":"V\u00e1lido","vap":"26","pvap":"   0,23"},{"seq":"35","sqcand":"140001088946","n":"55100","nm":"PROF\u00aa EILA GIMAQUE","cc":"PSD","nv":" ","e":"n","st":"Suplente","dvt":"V\u00e1lido","vap":"49","pvap":"   0,43"},{"seq":"28","sqcand":"140001051565","n":"45333","nm":"CL\u00d3VIS MACHADO","cc":"PSDB","nv":" ","e":"n","st":"Suplente","dvt":"V\u00e1lido","vap":"123","pvap":"   1,08"},{"seq":"32","sqcand":"140001051569","n":"45678","nm":"HEL\u00d4 BARBOSA","cc":"PSDB","nv":" ","e":"n","st":"Suplente","dvt":"V\u00e1lido","vap":"65","pvap":"   0,57"},{"seq":"26","sqcand":"140001051566","n":"45223","nm":"SIDNEY MAGALH\u00c3ES","cc":"PSDB","nv":" ","e":"n","st":"Suplente","dvt":"V\u00e1lido","vap":"153","pvap":"   1,35"},{"seq":"13","sqcand":"140001049358","n":"15500","nm":"SYNTHYA ANEQUINO","cc":"MDB","nv":" ","e":"n","st":"Suplente","dvt":"V\u00e1lido","vap":"373","pvap":"   3,28"},{"seq":"6","sqcand":"140001049362","n":"15333","nm":"MILENILSON FREITAS","cc":"MDB","nv":" ","e":"s","st":"Eleito","dvt":"V\u00e1lido","vap":"439","pvap":"   3,86"},{"seq":"18","sqcand":"140001049370","n":"15015","nm":"FILHO DO CESAR DA FARMACIA","cc":"MDB","nv":" ","e":"n","st":"Suplente","dvt":"V\u00e1lido","vap":"285","pvap":"   2,51"},{"seq":"33","sqcand":"140001049365","n":"15051","nm":"SIBERLLY SANTOS","cc":"MDB","nv":" ","e":"n","st":"Suplente","dvt":"V\u00e1lido","vap":"61","pvap":"   0,54"},{"seq":"15","sqcand":"140001049366","n":"15777","nm":"PROFESSORA DAIANA","cc":"MDB","nv":" ","e":"n","st":"Suplente","dvt":"V\u00e1lido","vap":"340","pvap":"   2,99"},{"seq":"47","sqcand":"140001070891","n":"20789","nm":"LORA DO BUDOG","cc":"PSC","nv":" ","e":"n","st":"Suplente","dvt":"V\u00e1lido","vap":"10","pvap":"   0,09"},{"seq":"3","sqcand":"140001088942","n":"55666","nm":"LUIS FERREIRA","cc":"PSD","nv":" ","e":"s","st":"Eleito","dvt":"V\u00e1lido","vap":"636","pvap":"   5,59"},{"seq":"22","sqcand":"140001070896","n":"20222","nm":"NETO RIBEIRO","cc":"PSC","nv":" ","e":"n","st":"Suplente","dvt":"V\u00e1lido","vap":"235","pvap":"   2,07"},{"seq":"44","sqcand":"140001070897","n":"20444","nm":"JOCA DO ANDORINHA","cc":"PSC","nv":" ","e":"n","st":"Suplente","dvt":"V\u00e1lido","vap":"26","pvap":"   0,23"},{"seq":"20","sqcand":"140001051570","n":"45123","nm":"MACHADO","cc":"PSDB","nv":" ","e":"n","st":"Suplente","dvt":"V\u00e1lido","vap":"257","pvap":"   2,26"},{"seq":"10","sqcand":"140001049373","n":"15115","nm":"LEANDRO ROCHA","cc":"MDB","nv":" ","e":"s","st":"Eleito","dvt":"V\u00e1lido","vap":"375","pvap":"   3,30"},{"seq":"38","sqcand":"140001070895","n":"20888","nm":"JOCIANE CARDOSO","cc":"PSC","nv":" ","e":"n","st":"Suplente","dvt":"V\u00e1lido","vap":"43","pvap":"   0,38"},{"seq":"4","sqcand":"140001088943","n":"55678","nm":"ISAURA MARINHO","cc":"PSD","nv":" ","e":"s","st":"Eleito","dvt":"V\u00e1lido","vap":"589","pvap":"   5,18"},{"seq":"7","sqcand":"140001070898","n":"20777","nm":"NATINHO DA COLONIA","cc":"PSC","nv":" ","e":"s","st":"Eleito","dvt":"V\u00e1lido","vap":"431","pvap":"   3,79"},{"seq":"45","sqcand":"140001070892","n":"20999","nm":"DILMA SANTOS","cc":"PSC","nv":" ","e":"n","st":"Suplente","dvt":"V\u00e1lido","vap":"12","pvap":"   0,11"},{"seq":"40","sqcand":"140001049363","n":"15767","nm":"BOL\u00c3O DA TIA ALFREDINA","cc":"MDB","nv":" ","e":"n","st":"Suplente","dvt":"V\u00e1lido","vap":"35","pvap":"   0,31"},{"seq":"37","sqcand":"140001049360","n":"15300","nm":"NATALINA PANTOJA","cc":"MDB","nv":" ","e":"n","st":"Suplente","dvt":"V\u00e1lido","vap":"44","pvap":"   0,39"},{"seq":"42","sqcand":"140001088947","n":"55444","nm":"FRANCY LOBATO","cc":"PSD","nv":" ","e":"n","st":"Suplente","dvt":"V\u00e1lido","vap":"30","pvap":"   0,26"},{"seq":"9","sqcand":"140001088948","n":"55555","nm":"AILTON MELO","cc":"PSD","nv":" ","e":"s","st":"Eleito","dvt":"V\u00e1lido","vap":"423","pvap":"   3,72"},{"seq":"21","sqcand":"140001049367","n":"15123","nm":"SONGILA MARQUES","cc":"MDB","nv":" ","e":"n","st":"Suplente","dvt":"V\u00e1lido","vap":"252","pvap":"   2,22"},{"seq":"39","sqcand":"140001070890","n":"20020","nm":"CARLOS FERREIRA","cc":"PSC","nv":" ","e":"n","st":"Suplente","dvt":"V\u00e1lido","vap":"37","pvap":"   0,33"},{"seq":"23","sqcand":"140001070893","n":"20666","nm":"WANDINHO","cc":"PSC","nv":" ","e":"n","st":"Suplente","dvt":"V\u00e1lido","vap":"200","pvap":"   1,76"},{"seq":"36","sqcand":"140001051564","n":"45000","nm":"ANDR\u00c9 FERNANDES","cc":"PSDB","nv":" ","e":"n","st":"Suplente","dvt":"V\u00e1lido","vap":"48","pvap":"   0,42"},{"seq":"51","sqcand":"140001235915","n":"13333","nm":"JOCIVANE COSTA","cc":"PT","nv":" ","e":"n","st":"N\u00e3o eleito","dvt":"V\u00e1lido","vap":"9","pvap":"   0,08"}]}
