{"ele":"426","tpabr":"mu","cdabr":"04375","carper":"13","t":"1","f":"o","dt":"15/11/2020","ht":"22:44:08","dv":"s","tf":"s","v":"11","esae":"n","mnae":"","s":"74","st":"74","pst":" 100,00","snt":"0","psnt":"   0,00","si":"74","psi":" 100,00","sni":"0","psni":"   0,00","sa":"74","psa":" 100,00","sna":"0","psna":"   0,00","e":"20940","ea":"20940","pea":" 100,00","ena":"0","pena":"   0,00","esi":"20940","pesi":" 100,00","esni":"0","pesni":"   0,00","c":"17951","pc":"  85,73","a":"2989","pa":"  14,27","vscv":"0","vnom":"16772","vl":"720","pvnom":"  95,88","pvl":"   4,12","vvc":"17492","pvvc":"  97,44","vb":"81","pvb":"   0,45","tvn":"378","ptvn":"   2,11","vn":"378","pvn":" 100,00","vnt":"0","pvnt":"   0,00","vp":"0","pvp":"   0,00","vv":"17492","pvv":" 100,00","van":"0","pvan":"   0,00","vansj":"0","pvansj":"   0,00","tv":"17951","cand":[{"seq":"85","sqcand":"140000762933","n":"15555","nm":"JO DO NOSSO BAR","cc":"MDB","nv":" ","e":"n","st":"Suplente","dvt":"V\u00e1lido","vap":"15","pvap":"   0,09"},{"seq":"76","sqcand":"140000673027","n":"51333","nm":"PASTOR NOVAES","cc":"PATRIOTA","nv":" ","e":"n","st":"Suplente","dvt":"V\u00e1lido","vap":"23","pvap":"   0,13"},{"seq":"101","sqcand":"140001118359","n":"55777","nm":"MARCOS PEREIRA","cc":"PSD","nv":" ","e":"n","st":"N\u00e3o eleito","dvt":"V\u00e1lido","vap":"58","pvap":"   0,33"},{"seq":"86","sqcand":"140000762935","n":"15345","nm":"ERUNDINA","cc":"MDB","nv":" ","e":"n","st":"Suplente","dvt":"V\u00e1lido","vap":"10","pvap":"   0,06"},{"seq":"44","sqcand":"140000762925","n":"15222","nm":"VACA PROMOLTER","cc":"MDB","nv":" ","e":"n","st":"Suplente","dvt":"V\u00e1lido","vap":"111","pvap":"   0,63"},{"seq":"95","sqcand":"140001118356","n":"55333","nm":"ALDENORA JORDAO","cc":"PSD","nv":" ","e":"n","st":"N\u00e3o eleito","dvt":"V\u00e1lido","vap":"167","pvap":"   0,95"},{"seq":"58","sqcand":"140000762936","n":"15024","nm":"MEGAN FOX","cc":"MDB","nv":" ","e":"n","st":"Suplente","dvt":"V\u00e1lido","vap":"71","pvap":"   0,41"},{"seq":"1","sqcand":"140000762921","n":"15777","nm":"CORINGA","cc":"MDB","nv":" ","e":"s","st":"Eleito","dvt":"V\u00e1lido","vap":"861","pvap":"   4,92"},{"seq":"75","sqcand":"140000822899","n":"10444","nm":"ROSA","cc":"REPUBLICANOS","nv":" ","e":"n","st":"Suplente","dvt":"V\u00e1lido","vap":"23","pvap":"   0,13"},{"seq":"21","sqcand":"140000762922","n":"15000","nm":"PROFESSOR DEL","cc":"MDB","nv":" ","e":"n","st":"Suplente","dvt":"V\u00e1lido","vap":"257","pvap":"   1,47"},{"seq":"9","sqcand":"140000843584","n":"13123","nm":"LAURO MENEZES","cc":"PT","nv":" ","e":"s","st":"Eleito","dvt":"V\u00e1lido","vap":"347","pvap":"   1,98"},{"seq":"24","sqcand":"140000822902","n":"10234","nm":"VALDECI","cc":"REPUBLICANOS","nv":" ","e":"n","st":"Suplente","dvt":"V\u00e1lido","vap":"249","pvap":"   1,42"},{"seq":"116","sqcand":"140001189936","n":"23123","nm":"MILENE SANTOS","cc":"CIDADANIA","nv":" ","e":"n","st":"N\u00e3o eleito","dvt":"V\u00e1lido","vap":"17","pvap":"   0,10"},{"seq":"60","sqcand":"140001192603","n":"40777","nm":"MIRIAN SILVA","cc":"PSB","nv":" ","e":"n","st":"Suplente","dvt":"V\u00e1lido","vap":"67","pvap":"   0,38"},{"seq":"49","sqcand":"140000822906","n":"10789","nm":"ROSIVAN DO PEIXE","cc":"REPUBLICANOS","nv":" ","e":"n","st":"Suplente","dvt":"V\u00e1lido","vap":"95","pvap":"   0,54"},{"seq":"93","sqcand":"140001118361","n":"55123","nm":"MARCIO LESSA","cc":"PSD","nv":" ","e":"n","st":"N\u00e3o eleito","dvt":"V\u00e1lido","vap":"201","pvap":"   1,15"},{"seq":"34","sqcand":"140000843580","n":"13130","nm":"PROFESSORA ROSIANE SILVA","cc":"PT","nv":" ","e":"n","st":"Suplente","dvt":"V\u00e1lido","vap":"181","pvap":"   1,03"},{"seq":"53","sqcand":"140000673018","n":"51222","nm":"PROFESSOR ODAILDO PANTOJA","cc":"PATRIOTA","nv":" ","e":"n","st":"Suplente","dvt":"V\u00e1lido","vap":"89","pvap":"   0,51"},{"seq":"79","sqcand":"140000673025","n":"51014","nm":"LUCIETE SANTOS","cc":"PATRIOTA","nv":" ","e":"n","st":"Suplente","dvt":"V\u00e1lido","vap":"22","pvap":"   0,13"},{"seq":"100","sqcand":"140000742929","n":"14234","nm":"RUBINHO","cc":"PTB","nv":" ","e":"n","st":"N\u00e3o eleito","dvt":"V\u00e1lido","vap":"62","pvap":"   0,35"},{"seq":"43","sqcand":"140001121718","n":"22211","nm":"PATRICIA BENICIO","cc":"PL","nv":" ","e":"n","st":"Suplente","dvt":"V\u00e1lido","vap":"115","pvap":"   0,66"},{"seq":"62","sqcand":"140001121720","n":"22522","nm":"MIRLEN PENA","cc":"PL","nv":" ","e":"n","st":"Suplente","dvt":"V\u00e1lido","vap":"65","pvap":"   0,37"},{"seq":"27","sqcand":"140000673016","n":"51888","nm":"PROFESSOR JEZIEL","cc":"PATRIOTA","nv":" ","e":"n","st":"Suplente","dvt":"V\u00e1lido","vap":"239","pvap":"   1,37"},{"seq":"55","sqcand":"140000673014","n":"51012","nm":"JOS\u00c9 AUGUSTO","cc":"PATRIOTA","nv":" ","e":"n","st":"Suplente","dvt":"V\u00e1lido","vap":"78","pvap":"   0,45"},{"seq":"50","sqcand":"140001192600","n":"40555","nm":"ENEIDA ALBUQUERQUE","cc":"PSB","nv":" ","e":"n","st":"Suplente","dvt":"V\u00e1lido","vap":"94","pvap":"   0,54"},{"seq":"36","sqcand":"140000822907","n":"10000","nm":"IVANILDO","cc":"REPUBLICANOS","nv":" ","e":"n","st":"Suplente","dvt":"V\u00e1lido","vap":"166","pvap":"   0,95"},{"seq":"120","sqcand":"140000742924","n":"14333","nm":"TEREZINHA","cc":"PTB","nv":" ","e":"n","st":"N\u00e3o eleito","dvt":"V\u00e1lido","vap":"4","pvap":"   0,02"},{"seq":"54","sqcand":"140000762932","n":"15234","nm":"SOCORRO","cc":"MDB","nv":" ","e":"n","st":"Suplente","dvt":"V\u00e1lido","vap":"88","pvap":"   0,50"},{"seq":"106","sqcand":"140000742920","n":"14100","nm":"PASTOR JORGE","cc":"PTB","nv":" ","e":"n","st":"N\u00e3o eleito","dvt":"V\u00e1lido","vap":"34","pvap":"   0,19"},{"seq":"46","sqcand":"140000843588","n":"13131","nm":"COSMINHA","cc":"PT","nv":" ","e":"n","st":"Suplente","dvt":"V\u00e1lido","vap":"99","pvap":"   0,57"},{"seq":"77","sqcand":"140001121719","n":"22321","nm":"GIL\u00d3 LEAL","cc":"PL","nv":" ","e":"n","st":"Suplente","dvt":"V\u00e1lido","vap":"23","pvap":"   0,13"},{"seq":"69","sqcand":"140001192605","n":"40321","nm":"NAYARA DO LANCHE","cc":"PSB","nv":" ","e":"n","st":"Suplente","dvt":"V\u00e1lido","vap":"45","pvap":"   0,26"},{"seq":"7","sqcand":"140000762929","n":"15678","nm":"JONAIA","cc":"MDB","nv":" ","e":"s","st":"Eleito","dvt":"V\u00e1lido","vap":"396","pvap":"   2,26"},{"seq":"103","sqcand":"140001189938","n":"23456","nm":"JAIME DO MOCAJUBA","cc":"CIDADANIA","nv":" ","e":"n","st":"N\u00e3o eleito","dvt":"V\u00e1lido","vap":"42","pvap":"   0,24"},{"seq":"2","sqcand":"140001121713","n":"22123","nm":"VALMIR ARA\u00daJO","cc":"PL","nv":" ","e":"s","st":"Eleito","dvt":"V\u00e1lido","vap":"798","pvap":"   4,56"},{"seq":"12","sqcand":"140001121715","n":"22345","nm":"ALAN MONTEIRO","cc":"PL","nv":" ","e":"n","st":"Suplente","dvt":"V\u00e1lido","vap":"470","pvap":"   2,69"},{"seq":"18","sqcand":"140001121714","n":"22022","nm":"NAZAR\u00c9 LIMA - DELEGADA","cc":"PL","nv":" ","e":"n","st":"Suplente","dvt":"V\u00e1lido","vap":"286","pvap":"   1,64"},{"seq":"51","sqcand":"140001192595","n":"40000","nm":"SIMONE SAMPAIO","cc":"PSB","nv":" ","e":"n","st":"Suplente","dvt":"V\u00e1lido","vap":"93","pvap":"   0,53"},{"seq":"87","sqcand":"140001121711","n":"22400","nm":"BENEDITO MARTINS","cc":"PL","nv":" ","e":"n","st":"Suplente","dvt":"V\u00e1lido","vap":"10","pvap":"   0,06"},{"seq":"33","sqcand":"140000822904","n":"10101","nm":"ROBSON SOUZA","cc":"REPUBLICANOS","nv":" ","e":"n","st":"Suplente","dvt":"V\u00e1lido","vap":"190","pvap":"   1,09"},{"seq":"81","sqcand":"140000822901","n":"10111","nm":"BEBEL","cc":"REPUBLICANOS","nv":" ","e":"n","st":"Suplente","dvt":"V\u00e1lido","vap":"20","pvap":"   0,11"},{"seq":"10","sqcand":"140000673026","n":"51555","nm":"ALFREDO BENTES","cc":"PATRIOTA","nv":" ","e":"s","st":"Eleito","dvt":"V\u00e1lido","vap":"327","pvap":"   1,87"},{"seq":"5","sqcand":"140000822908","n":"10456","nm":"NILDA","cc":"REPUBLICANOS","nv":" ","e":"s","st":"Eleito","dvt":"V\u00e1lido","vap":"442","pvap":"   2,53"},{"seq":"15","sqcand":"140000843579","n":"13011","nm":"LAERCIO","cc":"PT","nv":" ","e":"n","st":"Suplente","dvt":"V\u00e1lido","vap":"330","pvap":"   1,89"},{"seq":"114","sqcand":"140000742922","n":"14140","nm":"ADEMIR MAGNO","cc":"PTB","nv":" ","e":"n","st":"N\u00e3o eleito","dvt":"V\u00e1lido","vap":"20","pvap":"   0,11"},{"seq":"107","sqcand":"140001189932","n":"23623","nm":"NAZA RAMOS","cc":"CIDADANIA","nv":" ","e":"n","st":"N\u00e3o eleito","dvt":"V\u00e1lido","vap":"32","pvap":"   0,18"},{"seq":"73","sqcand":"140000822900","n":"10222","nm":"NILSON NOE","cc":"REPUBLICANOS","nv":" ","e":"n","st":"Suplente","dvt":"V\u00e1lido","vap":"27","pvap":"   0,15"},{"seq":"119","sqcand":"140000742928","n":"14000","nm":"LUANA","cc":"PTB","nv":" ","e":"n","st":"N\u00e3o eleito","dvt":"V\u00e1lido","vap":"8","pvap":"   0,05"},{"seq":"109","sqcand":"140001189934","n":"23023","nm":"PROFESSOR CL\u00c9O","cc":"CIDADANIA","nv":" ","e":"n","st":"N\u00e3o eleito","dvt":"V\u00e1lido","vap":"31","pvap":"   0,18"},{"seq":"30","sqcand":"140000822895","n":"10333","nm":"OZIEL","cc":"REPUBLICANOS","nv":" ","e":"n","st":"Suplente","dvt":"V\u00e1lido","vap":"214","pvap":"   1,22"},{"seq":"68","sqcand":"140000843582","n":"13613","nm":"PROFESSORA ELIANE OLIVEIRA","cc":"PT","nv":" ","e":"n","st":"Suplente","dvt":"V\u00e1lido","vap":"46","pvap":"   0,26"},{"seq":"115","sqcand":"140000742931","n":"14014","nm":"WELINTON SILVA","cc":"PTB","nv":" ","e":"n","st":"N\u00e3o eleito","dvt":"V\u00e1lido","vap":"20","pvap":"   0,11"},{"seq":"121","sqcand":"140000742921","n":"14555","nm":"THIAGO POTIGUAR","cc":"PTB","nv":" ","e":"n","st":"N\u00e3o eleito","dvt":"V\u00e1lido","vap":"3","pvap":"   0,02"},{"seq":"28","sqcand":"140000762924","n":"15444","nm":"ZEZINHO RODRIGUES","cc":"MDB","nv":" ","e":"n","st":"Suplente","dvt":"V\u00e1lido","vap":"226","pvap":"   1,29"},{"seq":"113","sqcand":"140001189933","n":"23999","nm":"LEAL","cc":"CIDADANIA","nv":" ","e":"n","st":"N\u00e3o eleito","dvt":"V\u00e1lido","vap":"22","pvap":"   0,13"},{"seq":"35","sqcand":"140000843577","n":"13015","nm":"ALINE PARIJOS","cc":"PT","nv":" ","e":"n","st":"Suplente","dvt":"V\u00e1lido","vap":"173","pvap":"   0,99"},{"seq":"39","sqcand":"140000673013","n":"51123","nm":"PROFESSORA ELAINE CUNHA","cc":"PATRIOTA","nv":" ","e":"n","st":"Suplente","dvt":"V\u00e1lido","vap":"129","pvap":"   0,74"},{"seq":"117","sqcand":"140000742927","n":"14444","nm":"NATALINO","cc":"PTB","nv":" ","e":"n","st":"N\u00e3o eleito","dvt":"V\u00e1lido","vap":"14","pvap":"   0,08"},{"seq":"13","sqcand":"140001121717","n":"22456","nm":"MARCELO CAPEL\u00c3O","cc":"PL","nv":" ","e":"n","st":"Suplente","dvt":"V\u00e1lido","vap":"390","pvap":"   2,23"},{"seq":"102","sqcand":"140001189931","n":"23747","nm":"ALEX DE SANTANA","cc":"CIDADANIA","nv":" ","e":"n","st":"N\u00e3o eleito","dvt":"V\u00e1lido","vap":"43","pvap":"   0,25"},{"seq":"92","sqcand":"140001192606","n":"40567","nm":"FERNANDO SATO","cc":"PSB","nv":" ","e":"n","st":"Suplente","dvt":"V\u00e1lido","vap":"8","pvap":"   0,05"},{"seq":"99","sqcand":"140001121989","n":"36456","nm":"ANANIAS BARBOSA","cc":"PTC","nv":" ","e":"n","st":"N\u00e3o eleito","dvt":"V\u00e1lido","vap":"65","pvap":"   0,37"},{"seq":"89","sqcand":"140000673019","n":"51678","nm":"PASTORA NICE","cc":"PATRIOTA","nv":" ","e":"n","st":"Suplente","dvt":"V\u00e1lido","vap":"10","pvap":"   0,06"},{"seq":"56","sqcand":"140000673017","n":"51790","nm":"IRM\u00c3O REGI","cc":"PATRIOTA","nv":" ","e":"n","st":"Suplente","dvt":"V\u00e1lido","vap":"77","pvap":"   0,44"},{"seq":"67","sqcand":"140000673028","n":"51111","nm":"DANIEL OLIVEIRA","cc":"PATRIOTA","nv":" ","e":"n","st":"Suplente","dvt":"V\u00e1lido","vap":"50","pvap":"   0,29"},{"seq":"11","sqcand":"140001192598","n":"40444","nm":"PROFESSOR JEFERSON","cc":"PSB","nv":" ","e":"s","st":"Eleito","dvt":"V\u00e1lido","vap":"259","pvap":"   1,48"},{"seq":"61","sqcand":"140001192607","n":"40456","nm":"IANA DA FISIOTERAPIA","cc":"PSB","nv":" ","e":"n","st":"Suplente","dvt":"V\u00e1lido","vap":"66","pvap":"   0,38"},{"seq":"63","sqcand":"140000762926","n":"15888","nm":"MAGNO OLIVEIRA","cc":"MDB","nv":" ","e":"n","st":"Suplente","dvt":"V\u00e1lido","vap":"64","pvap":"   0,37"},{"seq":"84","sqcand":"140001121712","n":"22500","nm":"ALESSANDRA RAMOS","cc":"PL","nv":" ","e":"n","st":"Suplente","dvt":"V\u00e1lido","vap":"16","pvap":"   0,09"},{"seq":"82","sqcand":"140000843586","n":"13022","nm":"GRA\u00c7A JORD\u00c3O","cc":"PT","nv":" ","e":"n","st":"Suplente","dvt":"V\u00e1lido","vap":"19","pvap":"   0,11"},{"seq":"112","sqcand":"140001121987","n":"36789","nm":"DARILENE ALMEIDA","cc":"PTC","nv":" ","e":"n","st":"N\u00e3o eleito","dvt":"V\u00e1lido","vap":"26","pvap":"   0,15"},{"seq":"3","sqcand":"140001121716","n":"22333","nm":"PROFESSOR MARLINHO","cc":"PL","nv":" ","e":"s","st":"Eleito","dvt":"V\u00e1lido","vap":"611","pvap":"   3,49"},{"seq":"41","sqcand":"140000762930","n":"15615","nm":"TIO DA CELPA","cc":"MDB","nv":" ","e":"n","st":"Suplente","dvt":"V\u00e1lido","vap":"120","pvap":"   0,69"},{"seq":"6","sqcand":"140000822898","n":"10555","nm":"GLAILSON DA TV","cc":"REPUBLICANOS","nv":" ","e":"s","st":"Eleito","dvt":"V\u00e1lido","vap":"397","pvap":"   2,27"},{"seq":"97","sqcand":"140001189935","n":"23333","nm":"PROFESSOR OLIVAR","cc":"CIDADANIA","nv":" ","e":"n","st":"N\u00e3o eleito","dvt":"V\u00e1lido","vap":"99","pvap":"   0,57"},{"seq":"52","sqcand":"140001192601","n":"40789","nm":"ADILSON MACHADO","cc":"PSB","nv":" ","e":"n","st":"Suplente","dvt":"V\u00e1lido","vap":"92","pvap":"   0,53"},{"seq":"71","sqcand":"140000822910","n":"10666","nm":"CLEIA","cc":"REPUBLICANOS","nv":" ","e":"n","st":"Suplente","dvt":"V\u00e1lido","vap":"30","pvap":"   0,17"},{"seq":"37","sqcand":"140001192602","n":"40123","nm":"ZECA FARO","cc":"PSB","nv":" ","e":"n","st":"Suplente","dvt":"V\u00e1lido","vap":"155","pvap":"   0,89"},{"seq":"104","sqcand":"140001118353","n":"55111","nm":"ELZA GOES","cc":"PSD","nv":" ","e":"n","st":"N\u00e3o eleito","dvt":"V\u00e1lido","vap":"41","pvap":"   0,23"},{"seq":"48","sqcand":"140000822896","n":"10140","nm":"VAVA DA ENERGIA","cc":"REPUBLICANOS","nv":" ","e":"n","st":"Suplente","dvt":"V\u00e1lido","vap":"96","pvap":"   0,55"},{"seq":"91","sqcand":"140000673024","n":"51456","nm":"DANUBIA SANTOS","cc":"PATRIOTA","nv":" ","e":"n","st":"Suplente","dvt":"V\u00e1lido","vap":"10","pvap":"   0,06"},{"seq":"111","sqcand":"140000742930","n":"14123","nm":"MARILDO","cc":"PTB","nv":" ","e":"n","st":"N\u00e3o eleito","dvt":"V\u00e1lido","vap":"26","pvap":"   0,15"},{"seq":"32","sqcand":"140000762927","n":"15123","nm":"PASTOR EDENILSON","cc":"MDB","nv":" ","e":"n","st":"Suplente","dvt":"V\u00e1lido","vap":"192","pvap":"   1,10"},{"seq":"108","sqcand":"140001118357","n":"55000","nm":"BIGAS BALLDY","cc":"PSD","nv":" ","e":"n","st":"N\u00e3o eleito","dvt":"V\u00e1lido","vap":"31","pvap":"   0,18"},{"seq":"8","sqcand":"140000843583","n":"13789","nm":"KAEL","cc":"PT","nv":" ","e":"s","st":"Eleito","dvt":"V\u00e1lido","vap":"379","pvap":"   2,17"},{"seq":"57","sqcand":"140000843589","n":"13000","nm":"NALDO ENFERMEIRO","cc":"PT","nv":" ","e":"n","st":"Suplente","dvt":"V\u00e1lido","vap":"73","pvap":"   0,42"},{"seq":"83","sqcand":"140001121710","n":"22567","nm":"MONICA SANTIAGO","cc":"PL","nv":" ","e":"n","st":"Suplente","dvt":"V\u00e1lido","vap":"17","pvap":"   0,10"},{"seq":"25","sqcand":"140000843590","n":"13013","nm":"PEDRINHO DO SINDICATO","cc":"PT","nv":" ","e":"n","st":"Suplente","dvt":"V\u00e1lido","vap":"240","pvap":"   1,37"},{"seq":"23","sqcand":"140001121709","n":"22000","nm":"JO\u00c3OZINHO","cc":"PL","nv":" ","e":"n","st":"Suplente","dvt":"V\u00e1lido","vap":"253","pvap":"   1,45"},{"seq":"98","sqcand":"140001118360","n":"55444","nm":"KELLY SOUSA","cc":"PSD","nv":" ","e":"n","st":"N\u00e3o eleito","dvt":"V\u00e1lido","vap":"67","pvap":"   0,38"},{"seq":"90","sqcand":"140001192597","n":"40779","nm":"LUCIANA DO LANCHE","cc":"PSB","nv":" ","e":"n","st":"Suplente","dvt":"V\u00e1lido","vap":"10","pvap":"   0,06"},{"seq":"122","sqcand":"140001121986","n":"36123","nm":"JOSELLE LEAL","cc":"PTC","nv":" ","e":"n","st":"N\u00e3o eleito","dvt":"V\u00e1lido","vap":"1","pvap":"   0,01"},{"seq":"66","sqcand":"140000673022","n":"51515","nm":"IRM\u00c3 CREUSA","cc":"PATRIOTA","nv":" ","e":"n","st":"Suplente","dvt":"V\u00e1lido","vap":"53","pvap":"   0,30"},{"seq":"14","sqcand":"140000843585","n":"13333","nm":"DENILSON DA SONIA","cc":"PT","nv":" ","e":"n","st":"Suplente","dvt":"V\u00e1lido","vap":"342","pvap":"   1,96"},{"seq":"4","sqcand":"140001121721","n":"22222","nm":"NETO MARQUES","cc":"PL","nv":" ","e":"s","st":"Eleito","dvt":"V\u00e1lido","vap":"569","pvap":"   3,25"},{"seq":"38","sqcand":"140001121723","n":"22122","nm":"WAGNER SILVA","cc":"PL","nv":" ","e":"n","st":"Suplente","dvt":"V\u00e1lido","vap":"146","pvap":"   0,83"},{"seq":"70","sqcand":"140001192604","n":"40222","nm":"IVANILDO CONCEI\u00c7\u00c3O","cc":"PSB","nv":" ","e":"n","st":"Suplente","dvt":"V\u00e1lido","vap":"32","pvap":"   0,18"},{"seq":"42","sqcand":"140000673021","n":"51444","nm":"ZITO MAU MAU","cc":"PATRIOTA","nv":" ","e":"n","st":"Suplente","dvt":"V\u00e1lido","vap":"116","pvap":"   0,66"},{"seq":"96","sqcand":"140001118355","n":"55555","nm":"BETINHO","cc":"PSD","nv":" ","e":"n","st":"N\u00e3o eleito","dvt":"V\u00e1lido","vap":"162","pvap":"   0,93"},{"seq":"74","sqcand":"140000762928","n":"15666","nm":"PROFESSORA MISERICORDIA","cc":"MDB","nv":" ","e":"n","st":"Suplente","dvt":"V\u00e1lido","vap":"23","pvap":"   0,13"},{"seq":"45","sqcand":"140000673023","n":"51000","nm":"MILEIDE MARQUES","cc":"PATRIOTA","nv":" ","e":"n","st":"Suplente","dvt":"V\u00e1lido","vap":"104","pvap":"   0,59"},{"seq":"31","sqcand":"140000673012","n":"51051","nm":"ROBERTO SANTOS","cc":"PATRIOTA","nv":" ","e":"n","st":"Suplente","dvt":"V\u00e1lido","vap":"196","pvap":"   1,12"},{"seq":"118","sqcand":"140000742923","n":"14222","nm":"ROSA DO POSTO","cc":"PTB","nv":" ","e":"n","st":"N\u00e3o eleito","dvt":"V\u00e1lido","vap":"12","pvap":"   0,07"},{"seq":"65","sqcand":"140000762931","n":"15612","nm":"CARRERA","cc":"MDB","nv":" ","e":"n","st":"Suplente","dvt":"V\u00e1lido","vap":"60","pvap":"   0,34"},{"seq":"47","sqcand":"140001192596","n":"40111","nm":"F\u00c1BIO DO LUCAS","cc":"PSB","nv":" ","e":"n","st":"Suplente","dvt":"V\u00e1lido","vap":"97","pvap":"   0,55"},{"seq":"59","sqcand":"140000822909","n":"10223","nm":"PRETINHA","cc":"REPUBLICANOS","nv":" ","e":"n","st":"Suplente","dvt":"V\u00e1lido","vap":"68","pvap":"   0,39"},{"seq":"80","sqcand":"140000673015","n":"51200","nm":"IRM\u00c3O ADELSON","cc":"PATRIOTA","nv":" ","e":"n","st":"Suplente","dvt":"V\u00e1lido","vap":"22","pvap":"   0,13"},{"seq":"110","sqcand":"140001118358","n":"55678","nm":"ADRIANO BATISTA","cc":"PSD","nv":" ","e":"n","st":"N\u00e3o eleito","dvt":"V\u00e1lido","vap":"28","pvap":"   0,16"},{"seq":"29","sqcand":"140000843578","n":"13456","nm":"FELIX DO SINDICATO","cc":"PT","nv":" ","e":"n","st":"Suplente","dvt":"V\u00e1lido","vap":"218","pvap":"   1,25"},{"seq":"17","sqcand":"140000762934","n":"15111","nm":"DANIEL DO CLUBE","cc":"MDB","nv":" ","e":"n","st":"Suplente","dvt":"V\u00e1lido","vap":"319","pvap":"   1,82"},{"seq":"26","sqcand":"140000822897","n":"10123","nm":"PROFESSOR AILSON","cc":"REPUBLICANOS","nv":" ","e":"n","st":"Suplente","dvt":"V\u00e1lido","vap":"240","pvap":"   1,37"},{"seq":"19","sqcand":"140000822903","n":"10678","nm":"BINGOLA","cc":"REPUBLICANOS","nv":" ","e":"n","st":"Suplente","dvt":"V\u00e1lido","vap":"273","pvap":"   1,56"},{"seq":"88","sqcand":"140001192594","n":"40999","nm":"PEIXEIRO","cc":"PSB","nv":" ","e":"n","st":"Suplente","dvt":"V\u00e1lido","vap":"10","pvap":"   0,06"},{"seq":"78","sqcand":"140001121722","n":"22221","nm":"J\u00d4 DO BOZ\u00d3","cc":"PL","nv":" ","e":"n","st":"Suplente","dvt":"V\u00e1lido","vap":"22","pvap":"   0,13"},{"seq":"20","sqcand":"140000843581","n":"13111","nm":"PROFESSOR AMIRALDO","cc":"PT","nv":" ","e":"n","st":"Suplente","dvt":"V\u00e1lido","vap":"259","pvap":"   1,48"},{"seq":"105","sqcand":"140001189930","n":"23555","nm":"MARCELA DO PROFESSOR GILSON","cc":"CIDADANIA","nv":" ","e":"n","st":"N\u00e3o eleito","dvt":"V\u00e1lido","vap":"38","pvap":"   0,22"},{"seq":"94","sqcand":"140001118354","n":"55055","nm":"PROF. RUBENS","cc":"PSD","nv":" ","e":"n","st":"N\u00e3o eleito","dvt":"V\u00e1lido","vap":"190","pvap":"   1,09"},{"seq":"16","sqcand":"140000762923","n":"15015","nm":"DI NUNES","cc":"MDB","nv":" ","e":"n","st":"Suplente","dvt":"V\u00e1lido","vap":"328","pvap":"   1,88"},{"seq":"22","sqcand":"140001192599","n":"40625","nm":"PROFESSOR RODRIGO","cc":"PSB","nv":" ","e":"n","st":"Suplente","dvt":"V\u00e1lido","vap":"254","pvap":"   1,45"},{"seq":"40","sqcand":"140000673020","n":"51777","nm":"MARCIANO","cc":"PATRIOTA","nv":" ","e":"n","st":"Suplente","dvt":"V\u00e1lido","vap":"122","pvap":"   0,70"},{"seq":"72","sqcand":"140000843587","n":"13101","nm":"LUIZINHO DA PROVIDENCIA","cc":"PT","nv":" ","e":"n","st":"Suplente","dvt":"V\u00e1lido","vap":"29","pvap":"   0,17"},{"seq":"64","sqcand":"140000822905","n":"10888","nm":"DJ JARA","cc":"REPUBLICANOS","nv":" ","e":"n","st":"Suplente","dvt":"V\u00e1lido","vap":"62","pvap":"   0,35"}]}
