{"ele":"426","tpabr":"mu","cdabr":"04421","carper":"13","t":"1","f":"o","dt":"15/11/2020","ht":"22:17:27","dv":"s","tf":"s","v":"13","esae":"n","mnae":"","s":"131","st":"131","pst":" 100,00","snt":"0","psnt":"   0,00","si":"131","psi":" 100,00","sni":"0","psni":"   0,00","sa":"131","psa":" 100,00","sna":"0","psna":"   0,00","e":"43140","ea":"43140","pea":" 100,00","ena":"0","pena":"   0,00","esi":"43140","pesi":" 100,00","esni":"0","pesni":"   0,00","c":"33567","pc":"  77,81","a":"9573","pa":"  22,19","vscv":"0","vnom":"30305","vl":"2296","pvnom":"  92,96","pvl":"   7,04","vvc":"32601","pvvc":"  97,12","vb":"273","pvb":"   0,82","tvn":"693","ptvn":"   2,06","vn":"693","pvn":" 100,00","vnt":"0","pvnt":"   0,00","vp":"0","pvp":"   0,00","vv":"32601","pvv":" 100,00","van":"0","pvan":"   0,00","vansj":"0","pvansj":"   0,00","tv":"33567","cand":[{"seq":"213","sqcand":"140001234222","n":"40141","nm":"DAIANE DE LIMA FERREIRA DIAS","cc":"PSB","nv":" ","e":"n","st":"N\u00e3o eleito","dvt":"V\u00e1lido","vap":"5","pvap":"   0,02"},{"seq":"108","sqcand":"140001007110","n":"55678","nm":"BUCHO DE RATO","cc":"PSD","nv":" ","e":"n","st":"Suplente","dvt":"V\u00e1lido","vap":"24","pvap":"   0,07"},{"seq":"34","sqcand":"140001066260","n":"15333","nm":"RAIAMON","cc":"MDB","nv":" ","e":"n","st":"Suplente","dvt":"V\u00e1lido","vap":"274","pvap":"   0,84"},{"seq":"161","sqcand":"140001234219","n":"40444","nm":"EDNA CEC\u00cdLIA DE SOUZA","cc":"PSB","nv":" ","e":"n","st":"N\u00e3o eleito","dvt":"V\u00e1lido","vap":"55","pvap":"   0,17"},{"seq":"192","sqcand":"140001127523","n":"11051","nm":"PELEGUIHO","cc":"PP","nv":" ","e":"n","st":"N\u00e3o eleito","dvt":"V\u00e1lido","vap":"15","pvap":"   0,05"},{"seq":"22","sqcand":"140000878555","n":"43111","nm":"ISAIAS SOUSA","cc":"PV","nv":" ","e":"n","st":"Suplente","dvt":"V\u00e1lido","vap":"407","pvap":"   1,25"},{"seq":"158","sqcand":"140001070873","n":"65555","nm":"GERBINHO","cc":"PC do B","nv":" ","e":"n","st":"N\u00e3o eleito","dvt":"V\u00e1lido","vap":"75","pvap":"   0,23"},{"seq":"83","sqcand":"140000878560","n":"43333","nm":"SAMUEL DO SOL NASCENTE","cc":"PV","nv":" ","e":"n","st":"Suplente","dvt":"V\u00e1lido","vap":"56","pvap":"   0,17"},{"seq":"5","sqcand":"140001007118","n":"55000","nm":"HUGO MACHADO","cc":"PSD","nv":" ","e":"s","st":"Eleito","dvt":"V\u00e1lido","vap":"773","pvap":"   2,37"},{"seq":"118","sqcand":"140000666601","n":"90070","nm":"NEGO NEY","cc":"PROS","nv":" ","e":"n","st":"Suplente","dvt":"V\u00e1lido","vap":"19","pvap":"   0,06"},{"seq":"111","sqcand":"140001007113","n":"55345","nm":"MAZINHO DO MARACAJA","cc":"PSD","nv":" ","e":"n","st":"Suplente","dvt":"V\u00e1lido","vap":"23","pvap":"   0,07"},{"seq":"62","sqcand":"140000878921","n":"22000","nm":"M\u00c1RCIO BICALHO","cc":"PL","nv":" ","e":"n","st":"Suplente","dvt":"V\u00e1lido","vap":"92","pvap":"   0,28"},{"seq":"11","sqcand":"140000878569","n":"43190","nm":"SARGENTO JAIR","cc":"PV","nv":" ","e":"s","st":"Eleito","dvt":"V\u00e1lido","vap":"526","pvap":"   1,61"},{"seq":"182","sqcand":"140000871628","n":"13021","nm":"PROFESSOR EVERALDO","cc":"PT","nv":" ","e":"n","st":"N\u00e3o eleito","dvt":"V\u00e1lido","vap":"23","pvap":"   0,07"},{"seq":"94","sqcand":"140001001833","n":"20112","nm":"IRMAO LEZINHO","cc":"PSC","nv":" ","e":"n","st":"Suplente","dvt":"V\u00e1lido","vap":"43","pvap":"   0,13"},{"seq":"85","sqcand":"140000878554","n":"43033","nm":"CLEBER CUIDADOR EDUCADOR","cc":"PV","nv":" ","e":"n","st":"Suplente","dvt":"V\u00e1lido","vap":"51","pvap":"   0,16"},{"seq":"66","sqcand":"140001066251","n":"15015","nm":"BADIA VITAL","cc":"MDB","nv":" ","e":"n","st":"Suplente","dvt":"V\u00e1lido","vap":"87","pvap":"   0,27"},{"seq":"55","sqcand":"140001063624","n":"14333","nm":"DALVANY RODRIGUES","cc":"PTB","nv":" ","e":"n","st":"Suplente","dvt":"V\u00e1lido","vap":"124","pvap":"   0,38"},{"seq":"43","sqcand":"140000666593","n":"90555","nm":"PEDRO HENRIQUE","cc":"PROS","nv":" ","e":"n","st":"Suplente","dvt":"V\u00e1lido","vap":"194","pvap":"   0,60"},{"seq":"113","sqcand":"140001058540","n":"12444","nm":"PINDUCA","cc":"PDT","nv":" ","e":"n","st":"Suplente","dvt":"V\u00e1lido","vap":"22","pvap":"   0,07"},{"seq":"12","sqcand":"140000878924","n":"22456","nm":"MISRAEL DO GELADO","cc":"PL","nv":" ","e":"s","st":"Eleito","dvt":"V\u00e1lido","vap":"488","pvap":"   1,50"},{"seq":"99","sqcand":"140001058547","n":"12112","nm":"ELIEZER DA R\u00c1DIO","cc":"PDT","nv":" ","e":"n","st":"Suplente","dvt":"V\u00e1lido","vap":"33","pvap":"   0,10"},{"seq":"150","sqcand":"140001234228","n":"40040","nm":"MOISES OLIVEIRA BRITO","cc":"PSB","nv":" ","e":"n","st":"N\u00e3o eleito","dvt":"V\u00e1lido","vap":"138","pvap":"   0,42"},{"seq":"114","sqcand":"140001071454","n":"77111","nm":"ELAINE FERRAZ","cc":"SOLIDARIEDADE","nv":" ","e":"n","st":"Suplente","dvt":"V\u00e1lido","vap":"22","pvap":"   0,07"},{"seq":"168","sqcand":"140001234218","n":"40007","nm":"MARIA ELI JESUS DA SILVA","cc":"PSB","nv":" ","e":"n","st":"N\u00e3o eleito","dvt":"V\u00e1lido","vap":"42","pvap":"   0,13"},{"seq":"77","sqcand":"140000666603","n":"90090","nm":"CHICO DOIDO","cc":"PROS","nv":" ","e":"n","st":"Suplente","dvt":"V\u00e1lido","vap":"61","pvap":"   0,19"},{"seq":"40","sqcand":"140001063623","n":"14555","nm":"MEIRE","cc":"PTB","nv":" ","e":"n","st":"Suplente","dvt":"V\u00e1lido","vap":"209","pvap":"   0,64"},{"seq":"121","sqcand":"140000878919","n":"22013","nm":"FERNANDA CIRIACO","cc":"PL","nv":" ","e":"n","st":"Suplente","dvt":"V\u00e1lido","vap":"17","pvap":"   0,05"},{"seq":"130","sqcand":"140000666591","n":"90999","nm":"JULIETE","cc":"PROS","nv":" ","e":"n","st":"Suplente","dvt":"V\u00e1lido","vap":"11","pvap":"   0,03"},{"seq":"162","sqcand":"140001234226","n":"40111","nm":"MAURO S\u00c9RGIO PEREIRA DE SOUZA","cc":"PSB","nv":" ","e":"n","st":"N\u00e3o eleito","dvt":"V\u00e1lido","vap":"51","pvap":"   0,16"},{"seq":"59","sqcand":"140001007108","n":"55111","nm":"ARAUJO FOX","cc":"PSD","nv":" ","e":"n","st":"Suplente","dvt":"V\u00e1lido","vap":"111","pvap":"   0,34"},{"seq":"208","sqcand":"140001070875","n":"65011","nm":"PATR\u00cdCIA PAULINO","cc":"PC do B","nv":" ","e":"n","st":"N\u00e3o eleito","dvt":"V\u00e1lido","vap":"8","pvap":"   0,02"},{"seq":"104","sqcand":"140001063627","n":"14057","nm":"XETERIA PARAKAN\u00c3","cc":"PTB","nv":" ","e":"n","st":"Suplente","dvt":"V\u00e1lido","vap":"28","pvap":"   0,09"},{"seq":"136","sqcand":"140001071451","n":"77230","nm":"IRM\u00c3 V\u00c2NIA","cc":"SOLIDARIEDADE","nv":" ","e":"n","st":"Suplente","dvt":"V\u00e1lido","vap":"5","pvap":"   0,02"},{"seq":"1","sqcand":"140001058545","n":"12555","nm":"COSME MANGESKI","cc":"PDT","nv":" ","e":"s","st":"Eleito","dvt":"V\u00e1lido","vap":"1366","pvap":"   4,19"},{"seq":"97","sqcand":"140000878911","n":"22345","nm":"IRM\u00c3O JOSIVALDO","cc":"PL","nv":" ","e":"n","st":"Suplente","dvt":"V\u00e1lido","vap":"35","pvap":"   0,11"},{"seq":"10","sqcand":"140001071458","n":"77777","nm":"SIVALDO SERRA QUEBRADA","cc":"SOLIDARIEDADE","nv":" ","e":"s","st":"Eleito","dvt":"V\u00e1lido","vap":"578","pvap":"   1,77"},{"seq":"19","sqcand":"140000878558","n":"43222","nm":"WELITON MEC\u00c2NICO","cc":"PV","nv":" ","e":"n","st":"Suplente","dvt":"V\u00e1lido","vap":"414","pvap":"   1,27"},{"seq":"63","sqcand":"140001066262","n":"15777","nm":"PROFESSOR JO\u00c3O CARLOS","cc":"MDB","nv":" ","e":"n","st":"Suplente","dvt":"V\u00e1lido","vap":"92","pvap":"   0,28"},{"seq":"18","sqcand":"140000666600","n":"90222","nm":"PRESBITERO MARIO","cc":"PROS","nv":" ","e":"n","st":"Suplente","dvt":"V\u00e1lido","vap":"417","pvap":"   1,28"},{"seq":"179","sqcand":"140000933669","n":"70123","nm":"BOC\u00c3O","cc":"AVANTE","nv":" ","e":"n","st":"N\u00e3o eleito","dvt":"V\u00e1lido","vap":"26","pvap":"   0,08"},{"seq":"30","sqcand":"140001007112","n":"55123","nm":"NEGO DA RADIO","cc":"PSD","nv":" ","e":"n","st":"Suplente","dvt":"V\u00e1lido","vap":"308","pvap":"   0,94"},{"seq":"163","sqcand":"140001127529","n":"11511","nm":"MICHEL DA NETEOLANDIA","cc":"PP","nv":" ","e":"n","st":"N\u00e3o eleito","dvt":"V\u00e1lido","vap":"49","pvap":"   0,15"},{"seq":"65","sqcand":"140000878917","n":"22333","nm":"SIMONE","cc":"PL","nv":" ","e":"n","st":"Suplente","dvt":"V\u00e1lido","vap":"89","pvap":"   0,27"},{"seq":"102","sqcand":"140000878561","n":"43027","nm":"CRISTIANO  DA CVIDROS","cc":"PV","nv":" ","e":"n","st":"Suplente","dvt":"V\u00e1lido","vap":"31","pvap":"   0,10"},{"seq":"75","sqcand":"140001007114","n":"55999","nm":"DIONEZIO PEZAO","cc":"PSD","nv":" ","e":"n","st":"Suplente","dvt":"V\u00e1lido","vap":"62","pvap":"   0,19"},{"seq":"219","sqcand":"140001234225","n":"40567","nm":"JOS\u00c9 FRANCISCO DANTAS NOGUEIRA","cc":"PSB","nv":" ","e":"n","st":"N\u00e3o eleito","dvt":"V\u00e1lido","vap":"0","pvap":"00.00"},{"seq":"16","sqcand":"140000666596","n":"90000","nm":"AJURI","cc":"PROS","nv":" ","e":"n","st":"Suplente","dvt":"V\u00e1lido","vap":"537","pvap":"   1,65"},{"seq":"9","sqcand":"140000666594","n":"90111","nm":"SIBITO DO ASSIS","cc":"PROS","nv":" ","e":"s","st":"Eleito","dvt":"V\u00e1lido","vap":"603","pvap":"   1,85"},{"seq":"151","sqcand":"140000871625","n":"13213","nm":"RAIMUNDO PEIXEIRO","cc":"PT","nv":" ","e":"n","st":"N\u00e3o eleito","dvt":"V\u00e1lido","vap":"119","pvap":"   0,37"},{"seq":"36","sqcand":"140001063626","n":"14123","nm":"GEAN DA AMBUL\u00c2NCIA","cc":"PTB","nv":" ","e":"n","st":"Suplente","dvt":"V\u00e1lido","vap":"237","pvap":"   0,73"},{"seq":"204","sqcand":"140000933675","n":"70777","nm":"BEI\u00c7OLINHA","cc":"AVANTE","nv":" ","e":"n","st":"N\u00e3o eleito","dvt":"V\u00e1lido","vap":"9","pvap":"   0,03"},{"seq":"138","sqcand":"140001007117","n":"55333","nm":"ANA LUCIA","cc":"PSD","nv":" ","e":"n","st":"Suplente","dvt":"V\u00e1lido","vap":"4","pvap":"   0,01"},{"seq":"3","sqcand":"140001058536","n":"12055","nm":"JHONNY DA BELO MONTE","cc":"PDT","nv":" ","e":"s","st":"Eleito","dvt":"V\u00e1lido","vap":"976","pvap":"   2,99"},{"seq":"216","sqcand":"140001070869","n":"65777","nm":"THAINA MENDON\u00c7A","cc":"PC do B","nv":" ","e":"n","st":"N\u00e3o eleito","dvt":"V\u00e1lido","vap":"3","pvap":"   0,01"},{"seq":"177","sqcand":"140001070878","n":"65223","nm":"DETINHA","cc":"PC do B","nv":" ","e":"n","st":"N\u00e3o eleito","dvt":"V\u00e1lido","vap":"30","pvap":"   0,09"},{"seq":"90","sqcand":"140000878923","n":"22123","nm":"Z\u00c9 RAIMUNDO DA VAN","cc":"PL","nv":" ","e":"n","st":"Suplente","dvt":"V\u00e1lido","vap":"48","pvap":"   0,15"},{"seq":"131","sqcand":"140001001846","n":"20200","nm":"ANGELA DO TUER\u00ca","cc":"PSC","nv":" ","e":"n","st":"Suplente","dvt":"V\u00e1lido","vap":"8","pvap":"   0,02"},{"seq":"25","sqcand":"140001071460","n":"77789","nm":"JADILSON FIGUEIRA","cc":"SOLIDARIEDADE","nv":" ","e":"n","st":"Suplente","dvt":"V\u00e1lido","vap":"372","pvap":"   1,14"},{"seq":"53","sqcand":"140001007123","n":"55222","nm":"ANTONIO LOPES","cc":"PSD","nv":" ","e":"n","st":"Suplente","dvt":"V\u00e1lido","vap":"127","pvap":"   0,39"},{"seq":"4","sqcand":"140001066253","n":"15000","nm":"AGUILAR","cc":"MDB","nv":" ","e":"s","st":"Eleito","dvt":"V\u00e1lido","vap":"881","pvap":"   2,70"},{"seq":"193","sqcand":"140000871622","n":"13667","nm":"SELMA ALVES","cc":"PT","nv":" ","e":"n","st":"N\u00e3o eleito","dvt":"V\u00e1lido","vap":"14","pvap":"   0,04"},{"seq":"218","sqcand":"140000871631","n":"13113","nm":"ANDREIA VASCONCELLOS","cc":"PT","nv":" ","e":"n","st":"N\u00e3o eleito","dvt":"V\u00e1lido","vap":"1","pvap":"   0,00"},{"seq":"196","sqcand":"140001127527","n":"11023","nm":"CREANE","cc":"PP","nv":" ","e":"n","st":"N\u00e3o eleito","dvt":"V\u00e1lido","vap":"12","pvap":"   0,04"},{"seq":"60","sqcand":"140000878566","n":"43888","nm":"RONEY DO BEL\u00c9M","cc":"PV","nv":" ","e":"n","st":"Suplente","dvt":"V\u00e1lido","vap":"103","pvap":"   0,32"},{"seq":"14","sqcand":"140001058542","n":"12222","nm":"NADIA NYALLA","cc":"PDT","nv":" ","e":"n","st":"Suplente","dvt":"V\u00e1lido","vap":"698","pvap":"   2,14"},{"seq":"120","sqcand":"140000878557","n":"43777","nm":"IRM\u00c3 DOS REIS","cc":"PV","nv":" ","e":"n","st":"Suplente","dvt":"V\u00e1lido","vap":"18","pvap":"   0,06"},{"seq":"28","sqcand":"140001001839","n":"20456","nm":"AD\u00c3O TABOSA","cc":"PSC","nv":" ","e":"n","st":"Suplente","dvt":"V\u00e1lido","vap":"350","pvap":"   1,07"},{"seq":"181","sqcand":"140000871624","n":"13333","nm":"MARANHENSE","cc":"PT","nv":" ","e":"n","st":"N\u00e3o eleito","dvt":"V\u00e1lido","vap":"24","pvap":"   0,07"},{"seq":"189","sqcand":"140000933671","n":"70222","nm":"AMERICANO","cc":"AVANTE","nv":" ","e":"n","st":"N\u00e3o eleito","dvt":"V\u00e1lido","vap":"15","pvap":"   0,05"},{"seq":"165","sqcand":"140001070870","n":"65222","nm":"WALESON DE MORAES","cc":"PC do B","nv":" ","e":"n","st":"N\u00e3o eleito","dvt":"V\u00e1lido","vap":"45","pvap":"   0,14"},{"seq":"199","sqcand":"140001127516","n":"11233","nm":"EDUARDA","cc":"PP","nv":" ","e":"n","st":"N\u00e3o eleito","dvt":"V\u00e1lido","vap":"10","pvap":"   0,03"},{"seq":"71","sqcand":"140001066255","n":"15115","nm":"JUCY IN\u00c1CIO","cc":"MDB","nv":" ","e":"n","st":"Suplente","dvt":"V\u00e1lido","vap":"67","pvap":"   0,21"},{"seq":"13","sqcand":"140001066252","n":"15555","nm":"ANA PAULA DO TUER\u00ca","cc":"MDB","nv":" ","e":"s","st":"Eleito","dvt":"V\u00e1lido","vap":"422","pvap":"   1,29"},{"seq":"50","sqcand":"140001063631","n":"14001","nm":"ENFERMEIRO EDILSON","cc":"PTB","nv":" ","e":"n","st":"Suplente","dvt":"V\u00e1lido","vap":"154","pvap":"   0,47"},{"seq":"164","sqcand":"140001234216","n":"40800","nm":"ANTONIO PIRES DA SILVA","cc":"PSB","nv":" ","e":"n","st":"N\u00e3o eleito","dvt":"V\u00e1lido","vap":"45","pvap":"   0,14"},{"seq":"58","sqcand":"140000666604","n":"90123","nm":"IRM\u00c3O CHAGAS","cc":"PROS","nv":" ","e":"n","st":"Suplente","dvt":"V\u00e1lido","vap":"114","pvap":"   0,35"},{"seq":"167","sqcand":"140001234217","n":"40140","nm":"ANTONIO BATISTA DE ALMEIDA NET","cc":"PSB","nv":" ","e":"n","st":"N\u00e3o eleito","dvt":"V\u00e1lido","vap":"42","pvap":"   0,13"},{"seq":"127","sqcand":"140001007116","n":"55511","nm":"JOSI DO MARACAJA","cc":"PSD","nv":" ","e":"n","st":"Suplente","dvt":"V\u00e1lido","vap":"12","pvap":"   0,04"},{"seq":"175","sqcand":"140001234220","n":"40999","nm":"MARIA ALVES AGUIAR","cc":"PSB","nv":" ","e":"n","st":"N\u00e3o eleito","dvt":"V\u00e1lido","vap":"30","pvap":"   0,09"},{"seq":"210","sqcand":"140001234213","n":"40321","nm":"CLAUDENITA LEITE DE OLIVEIRA B","cc":"PSB","nv":" ","e":"n","st":"N\u00e3o eleito","dvt":"V\u00e1lido","vap":"8","pvap":"   0,02"},{"seq":"23","sqcand":"140001066261","n":"15001","nm":"ANT\u00d4NIA LEMOS","cc":"MDB","nv":" ","e":"n","st":"Suplente","dvt":"V\u00e1lido","vap":"387","pvap":"   1,19"},{"seq":"44","sqcand":"140000878568","n":"43433","nm":"DRA ALINE MOREIRA","cc":"PV","nv":" ","e":"n","st":"Suplente","dvt":"V\u00e1lido","vap":"192","pvap":"   0,59"},{"seq":"61","sqcand":"140000878551","n":"43444","nm":"NILDA ANTIGO BOI NA BRASA","cc":"PV","nv":" ","e":"n","st":"Suplente","dvt":"V\u00e1lido","vap":"95","pvap":"   0,29"},{"seq":"88","sqcand":"140001063625","n":"14789","nm":"NOR\u00c7A","cc":"PTB","nv":" ","e":"n","st":"Suplente","dvt":"V\u00e1lido","vap":"49","pvap":"   0,15"},{"seq":"132","sqcand":"140000878562","n":"43012","nm":"SANDRA RAMOS","cc":"PV","nv":" ","e":"n","st":"Suplente","dvt":"V\u00e1lido","vap":"7","pvap":"   0,02"},{"seq":"87","sqcand":"140001007122","n":"55520","nm":"EVERALDO BRITO","cc":"PSD","nv":" ","e":"n","st":"Suplente","dvt":"V\u00e1lido","vap":"50","pvap":"   0,15"},{"seq":"93","sqcand":"140000878552","n":"43100","nm":"PROFESSOR OSEAS","cc":"PV","nv":" ","e":"n","st":"Suplente","dvt":"V\u00e1lido","vap":"44","pvap":"   0,13"},{"seq":"156","sqcand":"140000871627","n":"13033","nm":"PROFESSORA ELIANA","cc":"PT","nv":" ","e":"n","st":"N\u00e3o eleito","dvt":"V\u00e1lido","vap":"87","pvap":"   0,27"},{"seq":"145","sqcand":"140001234215","n":"40000","nm":"SILVIO CEZAR BARBOSA DA SILVA","cc":"PSB","nv":" ","e":"n","st":"N\u00e3o eleito","dvt":"V\u00e1lido","vap":"270","pvap":"   0,83"},{"seq":"205","sqcand":"140001127514","n":"11012","nm":"RAIMUNDO PRETO","cc":"PP","nv":" ","e":"n","st":"N\u00e3o eleito","dvt":"V\u00e1lido","vap":"9","pvap":"   0,03"},{"seq":"7","sqcand":"140001007107","n":"55777","nm":"AILSON CARNEIRO","cc":"PSD","nv":" ","e":"s","st":"Eleito","dvt":"V\u00e1lido","vap":"633","pvap":"   1,94"},{"seq":"86","sqcand":"140000666597","n":"90456","nm":"WALDINEI VILA NOVA","cc":"PROS","nv":" ","e":"n","st":"Suplente","dvt":"V\u00e1lido","vap":"51","pvap":"   0,16"},{"seq":"211","sqcand":"140001234214","n":"40010","nm":"JOS\u00c9 MARIA LIMA OLIVEIRA","cc":"PSB","nv":" ","e":"n","st":"N\u00e3o eleito","dvt":"V\u00e1lido","vap":"8","pvap":"   0,02"},{"seq":"125","sqcand":"140001071455","n":"77555","nm":"DJ TONELADA","cc":"SOLIDARIEDADE","nv":" ","e":"n","st":"Suplente","dvt":"V\u00e1lido","vap":"13","pvap":"   0,04"},{"seq":"68","sqcand":"140001071448","n":"77456","nm":"TONHO VIGIA","cc":"SOLIDARIEDADE","nv":" ","e":"n","st":"Suplente","dvt":"V\u00e1lido","vap":"82","pvap":"   0,25"},{"seq":"184","sqcand":"140000871633","n":"13345","nm":"ELEOTERIO","cc":"PT","nv":" ","e":"n","st":"N\u00e3o eleito","dvt":"V\u00e1lido","vap":"20","pvap":"   0,06"},{"seq":"2","sqcand":"140001066259","n":"15111","nm":"BAU\u00ca","cc":"MDB","nv":" ","e":"s","st":"Eleito","dvt":"V\u00e1lido","vap":"1288","pvap":"   3,95"},{"seq":"159","sqcand":"140000964178","n":"10456","nm":"JO\u00c3O MACEDO","cc":"REPUBLICANOS","nv":" ","e":"n","st":"N\u00e3o eleito","dvt":"V\u00e1lido","vap":"67","pvap":"   0,21"},{"seq":"116","sqcand":"140001058539","n":"12333","nm":"JO\u00c3O PARENTE","cc":"PDT","nv":" ","e":"n","st":"Suplente","dvt":"V\u00e1lido","vap":"20","pvap":"   0,06"},{"seq":"56","sqcand":"140001058549","n":"12123","nm":"EMILIO LIMA","cc":"PDT","nv":" ","e":"n","st":"Suplente","dvt":"V\u00e1lido","vap":"119","pvap":"   0,37"},{"seq":"32","sqcand":"140001007104","n":"55789","nm":"RAIMUNDO FILHO","cc":"PSD","nv":" ","e":"n","st":"Suplente","dvt":"V\u00e1lido","vap":"288","pvap":"   0,88"},{"seq":"52","sqcand":"140000878915","n":"22010","nm":"RICARDO R DEZ","cc":"PL","nv":" ","e":"n","st":"Suplente","dvt":"V\u00e1lido","vap":"147","pvap":"   0,45"},{"seq":"174","sqcand":"140001070868","n":"65789","nm":"CEAR\u00c1 DA CONSPEL","cc":"PC do B","nv":" ","e":"n","st":"N\u00e3o eleito","dvt":"V\u00e1lido","vap":"35","pvap":"   0,11"},{"seq":"173","sqcand":"140001234224","n":"40333","nm":"LUIZ LEAL LOPES","cc":"PSB","nv":" ","e":"n","st":"N\u00e3o eleito","dvt":"V\u00e1lido","vap":"36","pvap":"   0,11"},{"seq":"214","sqcand":"140000964173","n":"10789","nm":"MC TR\u00caS S","cc":"REPUBLICANOS","nv":" ","e":"n","st":"N\u00e3o eleito","dvt":"V\u00e1lido","vap":"5","pvap":"   0,02"},{"seq":"79","sqcand":"140000878556","n":"43123","nm":"FABIO LIMA","cc":"PV","nv":" ","e":"n","st":"Suplente","dvt":"V\u00e1lido","vap":"60","pvap":"   0,18"},{"seq":"33","sqcand":"140000878564","n":"43789","nm":"LEANDRO DO A\u00c7AI","cc":"PV","nv":" ","e":"n","st":"Suplente","dvt":"V\u00e1lido","vap":"276","pvap":"   0,85"},{"seq":"105","sqcand":"140001001835","n":"20444","nm":"MARCOS AURELIO","cc":"PSC","nv":" ","e":"n","st":"Suplente","dvt":"V\u00e1lido","vap":"28","pvap":"   0,09"},{"seq":"31","sqcand":"140000878914","n":"22777","nm":"ARINEI MEIRELES","cc":"PL","nv":" ","e":"n","st":"Suplente","dvt":"V\u00e1lido","vap":"296","pvap":"   0,91"},{"seq":"154","sqcand":"140001070874","n":"65111","nm":"RONALDO BRAGA","cc":"PC do B","nv":" ","e":"n","st":"N\u00e3o eleito","dvt":"V\u00e1lido","vap":"100","pvap":"   0,31"},{"seq":"91","sqcand":"140000878559","n":"43122","nm":"POLIANA SILVA","cc":"PV","nv":" ","e":"n","st":"Suplente","dvt":"V\u00e1lido","vap":"47","pvap":"   0,14"},{"seq":"106","sqcand":"140001058543","n":"12065","nm":"NEIDIANE DA COSTA","cc":"PDT","nv":" ","e":"n","st":"Suplente","dvt":"V\u00e1lido","vap":"28","pvap":"   0,09"},{"seq":"112","sqcand":"140001007106","n":"55888","nm":"CHARLENE","cc":"PSD","nv":" ","e":"n","st":"Suplente","dvt":"V\u00e1lido","vap":"23","pvap":"   0,07"},{"seq":"103","sqcand":"140001071450","n":"77077","nm":"ARA\u00daJO GELADO","cc":"SOLIDARIEDADE","nv":" ","e":"n","st":"Suplente","dvt":"V\u00e1lido","vap":"29","pvap":"   0,09"},{"seq":"82","sqcand":"140000666595","n":"90190","nm":"ADRIANA MORAES","cc":"PROS","nv":" ","e":"n","st":"Suplente","dvt":"V\u00e1lido","vap":"57","pvap":"   0,17"},{"seq":"160","sqcand":"140000933672","n":"70122","nm":"RENATO BARBEIRO","cc":"AVANTE","nv":" ","e":"n","st":"N\u00e3o eleito","dvt":"V\u00e1lido","vap":"60","pvap":"   0,18"},{"seq":"207","sqcand":"140001127521","n":"11191","nm":"LUCINHA DO SAL\u00c3O","cc":"PP","nv":" ","e":"n","st":"N\u00e3o eleito","dvt":"V\u00e1lido","vap":"8","pvap":"   0,02"},{"seq":"38","sqcand":"140001001849","n":"20789","nm":"IRMAO ROGERIO","cc":"PSC","nv":" ","e":"n","st":"Suplente","dvt":"V\u00e1lido","vap":"230","pvap":"   0,71"},{"seq":"187","sqcand":"140001070879","n":"65345","nm":"JORNANDES REZENDE","cc":"PC do B","nv":" ","e":"n","st":"N\u00e3o eleito","dvt":"V\u00e1lido","vap":"16","pvap":"   0,05"},{"seq":"169","sqcand":"140000964170","n":"10777","nm":"BENINHA DA BELO MONTE","cc":"REPUBLICANOS","nv":" ","e":"n","st":"N\u00e3o eleito","dvt":"V\u00e1lido","vap":"41","pvap":"   0,13"},{"seq":"54","sqcand":"140001071453","n":"77222","nm":"ELIAS NOVA DESCOBERTA","cc":"SOLIDARIEDADE","nv":" ","e":"n","st":"Suplente","dvt":"V\u00e1lido","vap":"127","pvap":"   0,39"},{"seq":"140","sqcand":"140001058537","n":"12005","nm":"LUCIVANIA SOUSA","cc":"PDT","nv":" ","e":"n","st":"Suplente","dvt":"V\u00e1lido","vap":"1","pvap":"   0,00"},{"seq":"171","sqcand":"140001234227","n":"40555","nm":"FRANCISCO DE SOUZA ROCHA","cc":"PSB","nv":" ","e":"n","st":"N\u00e3o eleito","dvt":"V\u00e1lido","vap":"37","pvap":"   0,11"},{"seq":"215","sqcand":"140001070872","n":"65333","nm":"L\u00c9O GORDINHO","cc":"PC do B","nv":" ","e":"n","st":"N\u00e3o eleito","dvt":"V\u00e1lido","vap":"5","pvap":"   0,02"},{"seq":"89","sqcand":"140000878918","n":"22888","nm":"EUZIANE LIMA","cc":"PL","nv":" ","e":"n","st":"Suplente","dvt":"V\u00e1lido","vap":"49","pvap":"   0,15"},{"seq":"172","sqcand":"140001234229","n":"40120","nm":"RENATO FERNANDES DA CRUZ","cc":"PSB","nv":" ","e":"n","st":"N\u00e3o eleito","dvt":"V\u00e1lido","vap":"37","pvap":"   0,11"},{"seq":"48","sqcand":"140000878550","n":"43043","nm":"RAIMUNDO CR\u00c9DIARIO","cc":"PV","nv":" ","e":"n","st":"Suplente","dvt":"V\u00e1lido","vap":"160","pvap":"   0,49"},{"seq":"155","sqcand":"140000964168","n":"10567","nm":"IRM\u00c3 NEIDE","cc":"REPUBLICANOS","nv":" ","e":"n","st":"N\u00e3o eleito","dvt":"V\u00e1lido","vap":"90","pvap":"   0,28"},{"seq":"115","sqcand":"140001063632","n":"14111","nm":"GENIO RODRIGUES","cc":"PTB","nv":" ","e":"n","st":"Suplente","dvt":"V\u00e1lido","vap":"20","pvap":"   0,06"},{"seq":"67","sqcand":"140001071456","n":"77123","nm":"REN\u00cdCIA BROECHL","cc":"SOLIDARIEDADE","nv":" ","e":"n","st":"Suplente","dvt":"V\u00e1lido","vap":"86","pvap":"   0,26"},{"seq":"133","sqcand":"140000666592","n":"90333","nm":"IRM\u00c3 VANESSA","cc":"PROS","nv":" ","e":"n","st":"Suplente","dvt":"V\u00e1lido","vap":"6","pvap":"   0,02"},{"seq":"200","sqcand":"140000964171","n":"10358","nm":"MARLON PINTOR","cc":"REPUBLICANOS","nv":" ","e":"n","st":"N\u00e3o eleito","dvt":"V\u00e1lido","vap":"10","pvap":"   0,03"},{"seq":"119","sqcand":"140000666599","n":"90654","nm":"ALE DO SOL NASCENTE","cc":"PROS","nv":" ","e":"n","st":"Suplente","dvt":"V\u00e1lido","vap":"19","pvap":"   0,06"},{"seq":"180","sqcand":"140001070871","n":"65000","nm":"ELIZABETH PSIC\u00d3LOGA","cc":"PC do B","nv":" ","e":"n","st":"N\u00e3o eleito","dvt":"V\u00e1lido","vap":"24","pvap":"   0,07"},{"seq":"51","sqcand":"140001007105","n":"55235","nm":"TONINHO DA CHURRASCARIA","cc":"PSD","nv":" ","e":"n","st":"Suplente","dvt":"V\u00e1lido","vap":"152","pvap":"   0,47"},{"seq":"21","sqcand":"140001001851","n":"20000","nm":"IRMAO SERGIPANO","cc":"PSC","nv":" ","e":"n","st":"Suplente","dvt":"V\u00e1lido","vap":"411","pvap":"   1,26"},{"seq":"110","sqcand":"140000878565","n":"43022","nm":"DAVI BRAND\u00c3O","cc":"PV","nv":" ","e":"n","st":"Suplente","dvt":"V\u00e1lido","vap":"23","pvap":"   0,07"},{"seq":"197","sqcand":"140001127524","n":"11112","nm":"KWATINEMA PARAKANA","cc":"PP","nv":" ","e":"n","st":"N\u00e3o eleito","dvt":"V\u00e1lido","vap":"10","pvap":"   0,03"},{"seq":"166","sqcand":"140001127526","n":"11111","nm":"ALBERT BIZ\u00c3O","cc":"PP","nv":" ","e":"n","st":"N\u00e3o eleito","dvt":"V\u00e1lido","vap":"42","pvap":"   0,13"},{"seq":"170","sqcand":"140001127518","n":"11113","nm":"RAIMUNDINHA DO MARACAJ\u00c1","cc":"PP","nv":" ","e":"n","st":"N\u00e3o eleito","dvt":"V\u00e1lido","vap":"39","pvap":"   0,12"},{"seq":"185","sqcand":"140000871632","n":"13000","nm":"EDUARDO SALDANHA","cc":"PT","nv":" ","e":"n","st":"N\u00e3o eleito","dvt":"V\u00e1lido","vap":"20","pvap":"   0,06"},{"seq":"57","sqcand":"140001007111","n":"55555","nm":"MARCHA LENTA","cc":"PSD","nv":" ","e":"n","st":"Suplente","dvt":"V\u00e1lido","vap":"114","pvap":"   0,35"},{"seq":"24","sqcand":"140000878922","n":"22111","nm":"BR\u00cdGIDA PAR\u00c1 SERRAS","cc":"PL","nv":" ","e":"n","st":"Suplente","dvt":"V\u00e1lido","vap":"386","pvap":"   1,18"},{"seq":"35","sqcand":"140001001848","n":"20567","nm":"JOSU\u00c9 DA SEMENTEIRA","cc":"PSC","nv":" ","e":"n","st":"Suplente","dvt":"V\u00e1lido","vap":"264","pvap":"   0,81"},{"seq":"203","sqcand":"140001127525","n":"11199","nm":"ADRIANO DA APARECIDA","cc":"PP","nv":" ","e":"n","st":"N\u00e3o eleito","dvt":"V\u00e1lido","vap":"10","pvap":"   0,03"},{"seq":"96","sqcand":"140001066257","n":"15444","nm":"BIRIGUINHA","cc":"MDB","nv":" ","e":"n","st":"Suplente","dvt":"V\u00e1lido","vap":"35","pvap":"   0,11"},{"seq":"39","sqcand":"140001058548","n":"12012","nm":"JOANA ENFERMEIRA","cc":"PDT","nv":" ","e":"n","st":"Suplente","dvt":"V\u00e1lido","vap":"217","pvap":"   0,67"},{"seq":"212","sqcand":"140001070877","n":"65123","nm":"BATMAN","cc":"PC do B","nv":" ","e":"n","st":"N\u00e3o eleito","dvt":"V\u00e1lido","vap":"6","pvap":"   0,02"},{"seq":"220","sqcand":"140001234221","n":"40711","nm":"GERLIANE MACAU RODRIGUES","cc":"PSB","nv":" ","e":"n","st":"N\u00e3o eleito","dvt":"V\u00e1lido","vap":"0","pvap":"00.00"},{"seq":"128","sqcand":"140001007115","n":"55055","nm":"ELLEN NICOLE","cc":"PSD","nv":" ","e":"n","st":"Suplente","dvt":"V\u00e1lido","vap":"12","pvap":"   0,04"},{"seq":"183","sqcand":"140000964172","n":"10110","nm":"L\u00daCIA DAS CORRIDAS","cc":"REPUBLICANOS","nv":" ","e":"n","st":"N\u00e3o eleito","dvt":"V\u00e1lido","vap":"20","pvap":"   0,06"},{"seq":"8","sqcand":"140001001844","n":"20111","nm":"VANILDO DA PADARIA","cc":"PSC","nv":" ","e":"s","st":"Eleito","dvt":"V\u00e1lido","vap":"608","pvap":"   1,86"},{"seq":"143","sqcand":"140000871626","n":"13456","nm":"SILVANO DO GELADO","cc":"PT","nv":" ","e":"n","st":"N\u00e3o eleito","dvt":"V\u00e1lido","vap":"462","pvap":"   1,42"},{"seq":"49","sqcand":"140001001842","n":"20123","nm":"IRMAO OZIAS DO TUERE","cc":"PSC","nv":" ","e":"n","st":"Suplente","dvt":"V\u00e1lido","vap":"156","pvap":"   0,48"},{"seq":"45","sqcand":"140001071459","n":"77122","nm":"ANDRE DIAS","cc":"SOLIDARIEDADE","nv":" ","e":"n","st":"Suplente","dvt":"V\u00e1lido","vap":"187","pvap":"   0,57"},{"seq":"126","sqcand":"140001058541","n":"12111","nm":"ELIZEU VALADARES","cc":"PDT","nv":" ","e":"n","st":"Suplente","dvt":"V\u00e1lido","vap":"12","pvap":"   0,04"},{"seq":"206","sqcand":"140001127517","n":"11000","nm":"AD\u00c3O MORAES","cc":"PP","nv":" ","e":"n","st":"N\u00e3o eleito","dvt":"V\u00e1lido","vap":"9","pvap":"   0,03"},{"seq":"141","sqcand":"140001269174","n":"43000","nm":"FILHO DO MARACAJ\u00c1","cc":"PV","nv":" ","e":"n","st":"Suplente","dvt":"V\u00e1lido","vap":"0","pvap":"00.00"},{"seq":"149","sqcand":"140001127522","n":"11110","nm":"PASTOR GENERIVAN","cc":"PP","nv":" ","e":"n","st":"N\u00e3o eleito","dvt":"V\u00e1lido","vap":"142","pvap":"   0,44"},{"seq":"123","sqcand":"140001001840","n":"20500","nm":"IRMA ANDRESSA","cc":"PSC","nv":" ","e":"n","st":"Suplente","dvt":"V\u00e1lido","vap":"15","pvap":"   0,05"},{"seq":"186","sqcand":"140001070876","n":"65444","nm":"VIVALDO PACAJAZINHO","cc":"PC do B","nv":" ","e":"n","st":"N\u00e3o eleito","dvt":"V\u00e1lido","vap":"18","pvap":"   0,06"},{"seq":"17","sqcand":"140001066250","n":"15002","nm":"INDIO DO TREVO","cc":"MDB","nv":" ","e":"n","st":"Suplente","dvt":"V\u00e1lido","vap":"418","pvap":"   1,28"},{"seq":"190","sqcand":"140000964176","n":"10345","nm":"FLAVIO DORTA","cc":"REPUBLICANOS","nv":" ","e":"n","st":"N\u00e3o eleito","dvt":"V\u00e1lido","vap":"15","pvap":"   0,05"},{"seq":"176","sqcand":"140001127520","n":"11222","nm":"LORINHO FERREIRA","cc":"PP","nv":" ","e":"n","st":"N\u00e3o eleito","dvt":"V\u00e1lido","vap":"30","pvap":"   0,09"},{"seq":"117","sqcand":"140001001834","n":"20300","nm":"CURIO","cc":"PSC","nv":" ","e":"n","st":"Suplente","dvt":"V\u00e1lido","vap":"19","pvap":"   0,06"},{"seq":"72","sqcand":"140001063628","n":"14014","nm":"PROFESSOR EDILSON CORREIA","cc":"PTB","nv":" ","e":"n","st":"Suplente","dvt":"V\u00e1lido","vap":"65","pvap":"   0,20"},{"seq":"201","sqcand":"140001127519","n":"11020","nm":"RODRIGO","cc":"PP","nv":" ","e":"n","st":"N\u00e3o eleito","dvt":"V\u00e1lido","vap":"10","pvap":"   0,03"},{"seq":"157","sqcand":"140001070880","n":"65551","nm":"MAYCON FERREIRA","cc":"PC do B","nv":" ","e":"n","st":"N\u00e3o eleito","dvt":"V\u00e1lido","vap":"87","pvap":"   0,27"},{"seq":"194","sqcand":"140001127515","n":"11001","nm":"HENRIQUE NEVES","cc":"PP","nv":" ","e":"n","st":"N\u00e3o eleito","dvt":"V\u00e1lido","vap":"14","pvap":"   0,04"},{"seq":"178","sqcand":"140000933670","n":"70070","nm":"ALESSANDRA DIONISIO","cc":"AVANTE","nv":" ","e":"n","st":"N\u00e3o eleito","dvt":"V\u00e1lido","vap":"27","pvap":"   0,08"},{"seq":"69","sqcand":"140000878913","n":"22022","nm":"PAPAGAIO DO TUER\u00ca","cc":"PL","nv":" ","e":"n","st":"Suplente","dvt":"V\u00e1lido","vap":"78","pvap":"   0,24"},{"seq":"147","sqcand":"140001234212","n":"40123","nm":"JOS\u00c9 RAIMUNDO DA SILVA","cc":"PSB","nv":" ","e":"n","st":"N\u00e3o eleito","dvt":"V\u00e1lido","vap":"161","pvap":"   0,49"},{"seq":"202","sqcand":"140000964177","n":"10222","nm":"SAMARA","cc":"REPUBLICANOS","nv":" ","e":"n","st":"N\u00e3o eleito","dvt":"V\u00e1lido","vap":"10","pvap":"   0,03"},{"seq":"46","sqcand":"140000878553","n":"43456","nm":"PROFESSORA NILDA","cc":"PV","nv":" ","e":"n","st":"Suplente","dvt":"V\u00e1lido","vap":"170","pvap":"   0,52"},{"seq":"78","sqcand":"140001066256","n":"15222","nm":"ISABEL PAUXIS","cc":"MDB","nv":" ","e":"n","st":"Suplente","dvt":"V\u00e1lido","vap":"61","pvap":"   0,19"},{"seq":"84","sqcand":"140001066254","n":"15123","nm":"PROFESSORA ADELITA","cc":"MDB","nv":" ","e":"n","st":"Suplente","dvt":"V\u00e1lido","vap":"53","pvap":"   0,16"},{"seq":"41","sqcand":"140001001837","n":"20555","nm":"L\u00c9O ARRAIS","cc":"PSC","nv":" ","e":"n","st":"Suplente","dvt":"V\u00e1lido","vap":"205","pvap":"   0,63"},{"seq":"148","sqcand":"140000871621","n":"13123","nm":"CHICO CEARENSE","cc":"PT","nv":" ","e":"n","st":"N\u00e3o eleito","dvt":"V\u00e1lido","vap":"152","pvap":"   0,47"},{"seq":"98","sqcand":"140001071449","n":"77333","nm":"IVO DA VAN","cc":"SOLIDARIEDADE","nv":" ","e":"n","st":"Suplente","dvt":"V\u00e1lido","vap":"34","pvap":"   0,10"},{"seq":"64","sqcand":"140001058535","n":"12345","nm":"RISOMAR COSTA","cc":"PDT","nv":" ","e":"n","st":"Suplente","dvt":"V\u00e1lido","vap":"90","pvap":"   0,28"},{"seq":"134","sqcand":"140000878916","n":"22678","nm":"GIRLANE DO T","cc":"PL","nv":" ","e":"n","st":"Suplente","dvt":"V\u00e1lido","vap":"6","pvap":"   0,02"},{"seq":"107","sqcand":"140001001847","n":"20888","nm":"NEIA","cc":"PSC","nv":" ","e":"n","st":"Suplente","dvt":"V\u00e1lido","vap":"27","pvap":"   0,08"},{"seq":"152","sqcand":"140000933674","n":"70789","nm":"CELIOMAR DO TUER\u00ca","cc":"AVANTE","nv":" ","e":"n","st":"N\u00e3o eleito","dvt":"V\u00e1lido","vap":"115","pvap":"   0,35"},{"seq":"195","sqcand":"140000933673","n":"70090","nm":"ELMA DO MARACAJ\u00c1","cc":"AVANTE","nv":" ","e":"n","st":"N\u00e3o eleito","dvt":"V\u00e1lido","vap":"13","pvap":"   0,04"},{"seq":"74","sqcand":"140001001843","n":"20222","nm":"LOIRA","cc":"PSC","nv":" ","e":"n","st":"Suplente","dvt":"V\u00e1lido","vap":"63","pvap":"   0,19"},{"seq":"26","sqcand":"140000878920","n":"22222","nm":"ANT\u00d4NIO PAZ","cc":"PL","nv":" ","e":"n","st":"Suplente","dvt":"V\u00e1lido","vap":"354","pvap":"   1,09"},{"seq":"81","sqcand":"140001001845","n":"20110","nm":"DED\u00c9","cc":"PSC","nv":" ","e":"n","st":"Suplente","dvt":"V\u00e1lido","vap":"60","pvap":"   0,18"},{"seq":"70","sqcand":"140000666590","n":"90022","nm":"ALINE DA JUVENTUDE","cc":"PROS","nv":" ","e":"n","st":"Suplente","dvt":"V\u00e1lido","vap":"68","pvap":"   0,21"},{"seq":"37","sqcand":"140001058544","n":"12000","nm":"JO\u00c3O J\u00daNIOR","cc":"PDT","nv":" ","e":"n","st":"Suplente","dvt":"V\u00e1lido","vap":"237","pvap":"   0,73"},{"seq":"92","sqcand":"140001007120","n":"55234","nm":"EVANDRO LOPES","cc":"PSD","nv":" ","e":"n","st":"Suplente","dvt":"V\u00e1lido","vap":"45","pvap":"   0,14"},{"seq":"6","sqcand":"140001063621","n":"14000","nm":"GENIVAL","cc":"PTB","nv":" ","e":"s","st":"Eleito","dvt":"V\u00e1lido","vap":"704","pvap":"   2,16"},{"seq":"124","sqcand":"140001001838","n":"20100","nm":"IRMA ROSA","cc":"PSC","nv":" ","e":"n","st":"Suplente","dvt":"V\u00e1lido","vap":"13","pvap":"   0,04"},{"seq":"191","sqcand":"140001127528","n":"11021","nm":"CIDA","cc":"PP","nv":" ","e":"n","st":"N\u00e3o eleito","dvt":"V\u00e1lido","vap":"15","pvap":"   0,05"},{"seq":"27","sqcand":"140001001832","n":"20999","nm":"DOGINHO","cc":"PSC","nv":" ","e":"n","st":"Suplente","dvt":"V\u00e1lido","vap":"353","pvap":"   1,08"},{"seq":"122","sqcand":"140001001841","n":"20333","nm":"MARLEIDE DO SAL\u00c3O","cc":"PSC","nv":" ","e":"n","st":"Suplente","dvt":"V\u00e1lido","vap":"15","pvap":"   0,05"},{"seq":"15","sqcand":"140001063630","n":"14444","nm":"DR GEOVANI","cc":"PTB","nv":" ","e":"n","st":"Suplente","dvt":"V\u00e1lido","vap":"652","pvap":"   2,00"},{"seq":"100","sqcand":"140001063629","n":"14300","nm":"M\u00c1RCIA SOARES","cc":"PTB","nv":" ","e":"n","st":"Suplente","dvt":"V\u00e1lido","vap":"32","pvap":"   0,10"},{"seq":"198","sqcand":"140000964174","n":"10102","nm":"ANTONIO CARLOS","cc":"REPUBLICANOS","nv":" ","e":"n","st":"N\u00e3o eleito","dvt":"V\u00e1lido","vap":"10","pvap":"   0,03"},{"seq":"80","sqcand":"140001001850","n":"20020","nm":"OZIAS SILVA","cc":"PSC","nv":" ","e":"n","st":"Suplente","dvt":"V\u00e1lido","vap":"60","pvap":"   0,18"},{"seq":"29","sqcand":"140001007119","n":"55100","nm":"LUAN OLIVEIRA","cc":"PSD","nv":" ","e":"n","st":"Suplente","dvt":"V\u00e1lido","vap":"350","pvap":"   1,07"},{"seq":"109","sqcand":"140000878567","n":"43555","nm":"Z\u00c9 DOURADO","cc":"PV","nv":" ","e":"n","st":"Suplente","dvt":"V\u00e1lido","vap":"24","pvap":"   0,07"},{"seq":"76","sqcand":"140001001836","n":"20345","nm":"REMI MATIAS","cc":"PSC","nv":" ","e":"n","st":"Suplente","dvt":"V\u00e1lido","vap":"62","pvap":"   0,19"},{"seq":"188","sqcand":"140000964169","n":"10888","nm":"VANESSA MARQUES","cc":"REPUBLICANOS","nv":" ","e":"n","st":"N\u00e3o eleito","dvt":"V\u00e1lido","vap":"16","pvap":"   0,05"},{"seq":"142","sqcand":"140000964180","n":"10000","nm":"DIONE","cc":"REPUBLICANOS","nv":" ","e":"n","st":"N\u00e3o eleito","dvt":"V\u00e1lido","vap":"642","pvap":"   1,97"},{"seq":"42","sqcand":"140001066258","n":"15100","nm":"ALINE BERNARDO","cc":"MDB","nv":" ","e":"n","st":"Suplente","dvt":"V\u00e1lido","vap":"196","pvap":"   0,60"},{"seq":"137","sqcand":"140001071452","n":"77345","nm":"ESTEFFANY DO JO\u00c3O PESCADOR","cc":"SOLIDARIEDADE","nv":" ","e":"n","st":"Suplente","dvt":"V\u00e1lido","vap":"5","pvap":"   0,02"},{"seq":"135","sqcand":"140001274330","n":"55155","nm":"PAULA MATOS","cc":"PSD","nv":" ","e":"n","st":"Suplente","dvt":"V\u00e1lido","vap":"5","pvap":"   0,02"},{"seq":"217","sqcand":"140000933668","n":"70000","nm":"KABELO DO KATOL\u00c9","cc":"AVANTE","nv":" ","e":"n","st":"N\u00e3o eleito","dvt":"V\u00e1lido","vap":"1","pvap":"   0,00"},{"seq":"139","sqcand":"140001058538","n":"12020","nm":"CACHEADA","cc":"PDT","nv":" ","e":"n","st":"Suplente","dvt":"V\u00e1lido","vap":"3","pvap":"   0,01"},{"seq":"146","sqcand":"140000964179","n":"10123","nm":"IRM\u00c3O MARIO","cc":"REPUBLICANOS","nv":" ","e":"n","st":"N\u00e3o eleito","dvt":"V\u00e1lido","vap":"166","pvap":"   0,51"},{"seq":"153","sqcand":"140000871630","n":"13022","nm":"EDINA SANTOS","cc":"PT","nv":" ","e":"n","st":"N\u00e3o eleito","dvt":"V\u00e1lido","vap":"102","pvap":"   0,31"},{"seq":"73","sqcand":"140001071457","n":"77010","nm":"MURICO DO ESPA\u00c7O DEZ","cc":"SOLIDARIEDADE","nv":" ","e":"n","st":"Suplente","dvt":"V\u00e1lido","vap":"64","pvap":"   0,20"},{"seq":"20","sqcand":"140000878912","n":"22444","nm":"EDSON BARBEIRO","cc":"PL","nv":" ","e":"n","st":"Suplente","dvt":"V\u00e1lido","vap":"413","pvap":"   1,27"},{"seq":"101","sqcand":"140001058546","n":"12777","nm":"AELSON PERERECA","cc":"PDT","nv":" ","e":"n","st":"Suplente","dvt":"V\u00e1lido","vap":"31","pvap":"   0,10"},{"seq":"129","sqcand":"140001007109","n":"55700","nm":"VILANI VEIGAS","cc":"PSD","nv":" ","e":"n","st":"Suplente","dvt":"V\u00e1lido","vap":"11","pvap":"   0,03"},{"seq":"209","sqcand":"140000964175","n":"10510","nm":"WARLISON SHEKINAH","cc":"REPUBLICANOS","nv":" ","e":"n","st":"N\u00e3o eleito","dvt":"V\u00e1lido","vap":"8","pvap":"   0,02"},{"seq":"95","sqcand":"140000666598","n":"90223","nm":"SILVIO DO MILHO","cc":"PROS","nv":" ","e":"n","st":"Suplente","dvt":"V\u00e1lido","vap":"40","pvap":"   0,12"},{"seq":"144","sqcand":"140000871629","n":"13222","nm":"JOAOZINHO","cc":"PT","nv":" ","e":"n","st":"N\u00e3o eleito","dvt":"V\u00e1lido","vap":"399","pvap":"   1,22"},{"seq":"47","sqcand":"140000878910","n":"22555","nm":"JHONY PISTA DA CIEX","cc":"PL","nv":" ","e":"n","st":"Suplente","dvt":"V\u00e1lido","vap":"167","pvap":"   0,51"}]}
