{"ele":"426","tpabr":"mu","cdabr":"04480","carper":"13","t":"1","f":"o","dt":"15/11/2020","ht":"22:23:30","dv":"s","tf":"s","v":"9","esae":"n","mnae":"","s":"44","st":"44","pst":" 100,00","snt":"0","psnt":"   0,00","si":"44","psi":" 100,00","sni":"0","psni":"   0,00","sa":"44","psa":" 100,00","sna":"0","psna":"   0,00","e":"15847","ea":"15847","pea":" 100,00","ena":"0","pena":"   0,00","esi":"15847","pesi":" 100,00","esni":"0","pesni":"   0,00","c":"13134","pc":"  82,88","a":"2713","pa":"  17,12","vscv":"0","vnom":"12088","vl":"724","pvnom":"  94,35","pvl":"   5,65","vvc":"12812","pvvc":"  97,55","vb":"81","pvb":"   0,62","tvn":"241","ptvn":"   1,83","vn":"241","pvn":" 100,00","vnt":"0","pvnt":"   0,00","vp":"0","pvp":"   0,00","vv":"12812","pvv":" 100,00","van":"0","pvan":"   0,00","vansj":"0","pvansj":"   0,00","tv":"13134","cand":[{"seq":"52","sqcand":"140000747402","n":"23100","nm":"ROXO","cc":"CIDADANIA","nv":" ","e":"n","st":"N\u00e3o eleito","dvt":"V\u00e1lido","vap":"64","pvap":"   0,50"},{"seq":"63","sqcand":"140001265083","n":"23999","nm":"LEANDRO BARCELAU","cc":"CIDADANIA","nv":" ","e":"n","st":"N\u00e3o eleito","dvt":"V\u00e1lido","vap":"7","pvap":"   0,05"},{"seq":"57","sqcand":"140000747398","n":"23123","nm":"PROFESSOR CARLOS","cc":"CIDADANIA","nv":" ","e":"n","st":"N\u00e3o eleito","dvt":"V\u00e1lido","vap":"23","pvap":"   0,18"},{"seq":"19","sqcand":"140001175125","n":"13000","nm":"REGI DO NILTON","cc":"PT","nv":" ","e":"n","st":"Suplente","dvt":"V\u00e1lido","vap":"208","pvap":"   1,62"},{"seq":"40","sqcand":"140001174454","n":"22888","nm":"IRM\u00c3 DOMINGAS","cc":"PL","nv":" ","e":"n","st":"Suplente","dvt":"V\u00e1lido","vap":"23","pvap":"   0,18"},{"seq":"6","sqcand":"140001174453","n":"22000","nm":"BENEDITO  ","cc":"PL","nv":" ","e":"s","st":"Eleito","dvt":"V\u00e1lido","vap":"699","pvap":"   5,46"},{"seq":"18","sqcand":"140001175210","n":"11114","nm":"IRM\u00c3O DO Z\u00c9 DO PORCO","cc":"PP","nv":" ","e":"n","st":"Suplente","dvt":"V\u00e1lido","vap":"270","pvap":"   2,11"},{"seq":"17","sqcand":"140000748477","n":"15678","nm":"TONI DO COMERCIO","cc":"MDB","nv":" ","e":"n","st":"Suplente","dvt":"V\u00e1lido","vap":"277","pvap":"   2,16"},{"seq":"64","sqcand":"140001273232","n":"23007","nm":"DANIELE XAVIER","cc":"CIDADANIA","nv":" ","e":"n","st":"N\u00e3o eleito","dvt":"V\u00e1lido","vap":"1","pvap":"   0,01"},{"seq":"23","sqcand":"140001174452","n":"22221","nm":"NENGA","cc":"PL","nv":" ","e":"n","st":"Suplente","dvt":"V\u00e1lido","vap":"155","pvap":"   1,21"},{"seq":"28","sqcand":"140000748472","n":"15333","nm":"DENISE","cc":"MDB","nv":" ","e":"n","st":"Suplente","dvt":"V\u00e1lido","vap":"90","pvap":"   0,70"},{"seq":"39","sqcand":"140001175208","n":"11222","nm":"LUCIANA","cc":"PP","nv":" ","e":"n","st":"Suplente","dvt":"V\u00e1lido","vap":"24","pvap":"   0,19"},{"seq":"35","sqcand":"140001175213","n":"11111","nm":"JUCE","cc":"PP","nv":" ","e":"n","st":"Suplente","dvt":"V\u00e1lido","vap":"27","pvap":"   0,21"},{"seq":"65","sqcand":"140000747400","n":"23444","nm":"ELIENE TELES","cc":"CIDADANIA","nv":" ","e":"n","st":"N\u00e3o eleito","dvt":"V\u00e1lido","vap":"1","pvap":"   0,01"},{"seq":"30","sqcand":"140001175206","n":"11233","nm":"JOT\u00c3O","cc":"PP","nv":" ","e":"n","st":"Suplente","dvt":"V\u00e1lido","vap":"59","pvap":"   0,46"},{"seq":"61","sqcand":"140000747399","n":"23000","nm":"PROFESSOR SINEY","cc":"CIDADANIA","nv":" ","e":"n","st":"N\u00e3o eleito","dvt":"V\u00e1lido","vap":"13","pvap":"   0,10"},{"seq":"49","sqcand":"140000748471","n":"15500","nm":"LILIANE","cc":"MDB","nv":" ","e":"n","st":"Suplente","dvt":"V\u00e1lido","vap":"13","pvap":"   0,10"},{"seq":"27","sqcand":"140001175215","n":"11444","nm":"MADSON VARIEDADES","cc":"PP","nv":" ","e":"n","st":"Suplente","dvt":"V\u00e1lido","vap":"122","pvap":"   0,95"},{"seq":"48","sqcand":"140000749220","n":"45678","nm":"PROF JUCY","cc":"PSDB","nv":" ","e":"n","st":"Suplente","dvt":"V\u00e1lido","vap":"13","pvap":"   0,10"},{"seq":"54","sqcand":"140000747396","n":"23333","nm":"BRASIL","cc":"CIDADANIA","nv":" ","e":"n","st":"N\u00e3o eleito","dvt":"V\u00e1lido","vap":"32","pvap":"   0,25"},{"seq":"16","sqcand":"140001175216","n":"11000","nm":"VALMIR DA VAN","cc":"PP","nv":" ","e":"n","st":"Suplente","dvt":"V\u00e1lido","vap":"335","pvap":"   2,61"},{"seq":"43","sqcand":"140001175122","n":"13444","nm":"DONA ELIETE","cc":"PT","nv":" ","e":"n","st":"Suplente","dvt":"V\u00e1lido","vap":"20","pvap":"   0,16"},{"seq":"60","sqcand":"140000747401","n":"23111","nm":"ELCILENE AQUINO","cc":"CIDADANIA","nv":" ","e":"n","st":"N\u00e3o eleito","dvt":"V\u00e1lido","vap":"14","pvap":"   0,11"},{"seq":"45","sqcand":"140000748475","n":"15123","nm":"ALINE","cc":"MDB","nv":" ","e":"n","st":"Suplente","dvt":"V\u00e1lido","vap":"17","pvap":"   0,13"},{"seq":"53","sqcand":"140000918217","n":"12320","nm":"ASSIS BENICIO ","cc":"PDT","nv":" ","e":"n","st":"N\u00e3o eleito","dvt":"V\u00e1lido","vap":"51","pvap":"   0,40"},{"seq":"1","sqcand":"140000749221","n":"45555","nm":"MAR","cc":"PSDB","nv":" ","e":"s","st":"Eleito","dvt":"V\u00e1lido","vap":"930","pvap":"   7,26"},{"seq":"50","sqcand":"140001175126","n":"13888","nm":"RENE","cc":"PT","nv":" ","e":"n","st":"Suplente","dvt":"V\u00e1lido","vap":"7","pvap":"   0,05"},{"seq":"13","sqcand":"140001174450","n":"22120","nm":"MARIA ZILDA","cc":"PL","nv":" ","e":"n","st":"Suplente","dvt":"V\u00e1lido","vap":"387","pvap":"   3,02"},{"seq":"55","sqcand":"140000747403","n":"23555","nm":"LUCIVALDO DO NH","cc":"CIDADANIA","nv":" ","e":"n","st":"N\u00e3o eleito","dvt":"V\u00e1lido","vap":"26","pvap":"   0,20"},{"seq":"8","sqcand":"140001175207","n":"11234","nm":"PEBA","cc":"PP","nv":" ","e":"s","st":"Eleito","dvt":"V\u00e1lido","vap":"455","pvap":"   3,55"},{"seq":"32","sqcand":"140000749223","n":"45444","nm":"DIELSON","cc":"PSDB","nv":" ","e":"n","st":"Suplente","dvt":"V\u00e1lido","vap":"53","pvap":"   0,41"},{"seq":"37","sqcand":"140000748474","n":"15777","nm":"ELITON","cc":"MDB","nv":" ","e":"n","st":"Suplente","dvt":"V\u00e1lido","vap":"26","pvap":"   0,20"},{"seq":"38","sqcand":"140000749222","n":"45045","nm":"MATEUS","cc":"PSDB","nv":" ","e":"n","st":"Suplente","dvt":"V\u00e1lido","vap":"24","pvap":"   0,19"},{"seq":"11","sqcand":"140001174456","n":"22777","nm":"BETANIA MENEZES","cc":"PL","nv":" ","e":"n","st":"Suplente","dvt":"V\u00e1lido","vap":"407","pvap":"   3,18"},{"seq":"7","sqcand":"140001175121","n":"13222","nm":"MANOEL BACATELA","cc":"PT","nv":" ","e":"s","st":"Eleito","dvt":"V\u00e1lido","vap":"659","pvap":"   5,14"},{"seq":"41","sqcand":"140000748465","n":"15100","nm":"LOURIVANILDE","cc":"MDB","nv":" ","e":"n","st":"Suplente","dvt":"V\u00e1lido","vap":"23","pvap":"   0,18"},{"seq":"51","sqcand":"140001175214","n":"11555","nm":"CHERLA","cc":"PP","nv":" ","e":"n","st":"Suplente","dvt":"V\u00e1lido","vap":"5","pvap":"   0,04"},{"seq":"26","sqcand":"140000748468","n":"15999","nm":"RONI VEIRA","cc":"MDB","nv":" ","e":"n","st":"Suplente","dvt":"V\u00e1lido","vap":"124","pvap":"   0,97"},{"seq":"33","sqcand":"140000749217","n":"45500","nm":"IRM\u00c2 KATIANE","cc":"PSDB","nv":" ","e":"n","st":"Suplente","dvt":"V\u00e1lido","vap":"39","pvap":"   0,30"},{"seq":"62","sqcand":"140000918214","n":"12000","nm":"DOS ANJOS","cc":"PDT","nv":" ","e":"n","st":"N\u00e3o eleito","dvt":"V\u00e1lido","vap":"7","pvap":"   0,05"},{"seq":"4","sqcand":"140000748476","n":"15444","nm":"LORDENIR CAMPOS","cc":"MDB","nv":" ","e":"s","st":"Eleito","dvt":"V\u00e1lido","vap":"745","pvap":"   5,81"},{"seq":"22","sqcand":"140000749219","n":"45123","nm":"Z\u00c9 ARNALDO","cc":"PSDB","nv":" ","e":"n","st":"Suplente","dvt":"V\u00e1lido","vap":"175","pvap":"   1,37"},{"seq":"24","sqcand":"140000748466","n":"15222","nm":"GENTIL","cc":"MDB","nv":" ","e":"n","st":"Suplente","dvt":"V\u00e1lido","vap":"134","pvap":"   1,05"},{"seq":"15","sqcand":"140000749218","n":"45222","nm":"CREZEAN","cc":"PSDB","nv":" ","e":"n","st":"Suplente","dvt":"V\u00e1lido","vap":"352","pvap":"   2,75"},{"seq":"42","sqcand":"140001175124","n":"13111","nm":"IRM\u00c3O FRANCISCO DO CADASTRO","cc":"PT","nv":" ","e":"n","st":"Suplente","dvt":"V\u00e1lido","vap":"23","pvap":"   0,18"},{"seq":"3","sqcand":"140000749224","n":"45888","nm":"JUCA","cc":"PSDB","nv":" ","e":"s","st":"Eleito","dvt":"V\u00e1lido","vap":"788","pvap":"   6,15"},{"seq":"25","sqcand":"140000749225","n":"45000","nm":"EZILDO","cc":"PSDB","nv":" ","e":"n","st":"Suplente","dvt":"V\u00e1lido","vap":"126","pvap":"   0,98"},{"seq":"20","sqcand":"140000748464","n":"15000","nm":"ADERBAL","cc":"MDB","nv":" ","e":"n","st":"Suplente","dvt":"V\u00e1lido","vap":"203","pvap":"   1,58"},{"seq":"21","sqcand":"140000749226","n":"45777","nm":"IRM\u00c2 SILVANA","cc":"PSDB","nv":" ","e":"n","st":"Suplente","dvt":"V\u00e1lido","vap":"189","pvap":"   1,48"},{"seq":"44","sqcand":"140000748470","n":"15550","nm":"KATIA","cc":"MDB","nv":" ","e":"n","st":"Suplente","dvt":"V\u00e1lido","vap":"18","pvap":"   0,14"},{"seq":"10","sqcand":"140001175123","n":"13333","nm":"ROSIVALDO","cc":"PT","nv":" ","e":"n","st":"Suplente","dvt":"V\u00e1lido","vap":"608","pvap":"   4,75"},{"seq":"46","sqcand":"140001175209","n":"11113","nm":"ALDINEIA","cc":"PP","nv":" ","e":"n","st":"Suplente","dvt":"V\u00e1lido","vap":"16","pvap":"   0,12"},{"seq":"9","sqcand":"140000748469","n":"15111","nm":"ALTOMIR BARROS","cc":"MDB","nv":" ","e":"s","st":"Eleito","dvt":"V\u00e1lido","vap":"441","pvap":"   3,44"},{"seq":"59","sqcand":"140000918215","n":"12333","nm":"KELLY MATOS","cc":"PDT","nv":" ","e":"n","st":"N\u00e3o eleito","dvt":"V\u00e1lido","vap":"14","pvap":"   0,11"},{"seq":"29","sqcand":"140001175205","n":"11112","nm":"CARL\u00c3O DO PEIXE","cc":"PP","nv":" ","e":"n","st":"Suplente","dvt":"V\u00e1lido","vap":"73","pvap":"   0,57"},{"seq":"12","sqcand":"140000748467","n":"15555","nm":"BENEZINHO","cc":"MDB","nv":" ","e":"n","st":"Suplente","dvt":"V\u00e1lido","vap":"402","pvap":"   3,14"},{"seq":"56","sqcand":"140000918213","n":"12317","nm":"ATENOR ALVES","cc":"PDT","nv":" ","e":"n","st":"N\u00e3o eleito","dvt":"V\u00e1lido","vap":"23","pvap":"   0,18"},{"seq":"2","sqcand":"140001174449","n":"22222","nm":"GORDO","cc":"PL","nv":" ","e":"s","st":"Eleito","dvt":"V\u00e1lido","vap":"823","pvap":"   6,42"},{"seq":"36","sqcand":"140001175211","n":"11311","nm":"ANTONIO ALVES","cc":"PP","nv":" ","e":"n","st":"Suplente","dvt":"V\u00e1lido","vap":"26","pvap":"   0,20"},{"seq":"34","sqcand":"140001175204","n":"11345","nm":"ANTONIO LEANDRO ","cc":"PP","nv":" ","e":"n","st":"Suplente","dvt":"V\u00e1lido","vap":"29","pvap":"   0,23"},{"seq":"58","sqcand":"140001265082","n":"23888","nm":"RONALDO DA PJ","cc":"CIDADANIA","nv":" ","e":"n","st":"N\u00e3o eleito","dvt":"V\u00e1lido","vap":"16","pvap":"   0,12"},{"seq":"47","sqcand":"140000748473","n":"15120","nm":"GISELE MENDES","cc":"MDB","nv":" ","e":"n","st":"Suplente","dvt":"V\u00e1lido","vap":"14","pvap":"   0,11"},{"seq":"5","sqcand":"140001174451","n":"22444","nm":"ELVYS LEY","cc":"PL","nv":" ","e":"s","st":"Eleito","dvt":"V\u00e1lido","vap":"702","pvap":"   5,48"},{"seq":"14","sqcand":"140001175212","n":"11211","nm":"DA LUA","cc":"PP","nv":" ","e":"n","st":"Suplente","dvt":"V\u00e1lido","vap":"362","pvap":"   2,83"},{"seq":"31","sqcand":"140001174455","n":"22111","nm":"MARACAN\u00c3","cc":"PL","nv":" ","e":"n","st":"Suplente","dvt":"V\u00e1lido","vap":"56","pvap":"   0,44"}]}
