{"ele":"426","tpabr":"mu","cdabr":"04510","carper":"13","t":"1","f":"o","dt":"15/11/2020","ht":"23:10:28","dv":"s","tf":"s","v":"9","esae":"n","mnae":"","s":"37","st":"37","pst":" 100,00","snt":"0","psnt":"   0,00","si":"37","psi":" 100,00","sni":"0","psni":"   0,00","sa":"37","psa":" 100,00","sna":"0","psna":"   0,00","e":"10815","ea":"10815","pea":" 100,00","ena":"0","pena":"   0,00","esi":"10815","pesi":" 100,00","esni":"0","pesni":"   0,00","c":"9027","pc":"  83,47","a":"1788","pa":"  16,53","vscv":"0","vnom":"8417","vl":"379","pvnom":"  95,69","pvl":"   4,31","vvc":"8796","pvvc":"  97,44","vb":"48","pvb":"   0,53","tvn":"183","ptvn":"   2,03","vn":"183","pvn":" 100,00","vnt":"0","pvnt":"   0,00","vp":"0","pvp":"   0,00","vv":"8796","pvv":" 100,00","van":"0","pvan":"   0,00","vansj":"0","pvansj":"   0,00","tv":"9027","cand":[{"seq":"16","sqcand":"140000809563","n":"15015","nm":"HERMESON CABODE","cc":"MDB","nv":" ","e":"n","st":"Suplente","dvt":"V\u00e1lido","vap":"175","pvap":"   1,99"},{"seq":"49","sqcand":"140001041055","n":"20012","nm":"ANA DE F\u00c1TIMA","cc":"PSC","nv":" ","e":"n","st":"Suplente","dvt":"V\u00e1lido","vap":"29","pvap":"   0,33"},{"seq":"50","sqcand":"140000962478","n":"33555","nm":"DORANIR PEREIRA","cc":"PMN","nv":" ","e":"n","st":"Suplente","dvt":"V\u00e1lido","vap":"24","pvap":"   0,27"},{"seq":"22","sqcand":"140000883132","n":"12345","nm":"ROG\u00c9RIO DO DEP\u00d3SITO","cc":"PDT","nv":" ","e":"n","st":"Suplente","dvt":"V\u00e1lido","vap":"153","pvap":"   1,74"},{"seq":"62","sqcand":"140000883246","n":"45111","nm":"MARIA SIQUEIRA","cc":"PSDB","nv":" ","e":"n","st":"Suplente","dvt":"V\u00e1lido","vap":"6","pvap":"   0,07"},{"seq":"46","sqcand":"140001040453","n":"10555","nm":"JOSU\u00c9","cc":"REPUBLICANOS","nv":" ","e":"n","st":"Suplente","dvt":"V\u00e1lido","vap":"36","pvap":"   0,41"},{"seq":"29","sqcand":"140001041053","n":"20789","nm":"PANK","cc":"PSC","nv":" ","e":"n","st":"Suplente","dvt":"V\u00e1lido","vap":"130","pvap":"   1,48"},{"seq":"28","sqcand":"140001040454","n":"10333","nm":"ELSINHO PRESTA\u00c7AO","cc":"REPUBLICANOS","nv":" ","e":"n","st":"Suplente","dvt":"V\u00e1lido","vap":"133","pvap":"   1,51"},{"seq":"66","sqcand":"140000962483","n":"33111","nm":"KLEBER COSTA","cc":"PMN","nv":" ","e":"n","st":"Suplente","dvt":"V\u00e1lido","vap":"1","pvap":"   0,01"},{"seq":"79","sqcand":"140001083260","n":"13113","nm":"DILIANE CORR\u00caA","cc":"PT","nv":" ","e":"n","st":"N\u00e3o eleito","dvt":"V\u00e1lido","vap":"13","pvap":"   0,15"},{"seq":"12","sqcand":"140001041052","n":"20222","nm":"P\u00c3OZINHO","cc":"PSC","nv":" ","e":"n","st":"Suplente","dvt":"V\u00e1lido","vap":"245","pvap":"   2,79"},{"seq":"21","sqcand":"140001041050","n":"20644","nm":"GERSINHO","cc":"PSC","nv":" ","e":"n","st":"Suplente","dvt":"V\u00e1lido","vap":"159","pvap":"   1,81"},{"seq":"69","sqcand":"140000810151","n":"90333","nm":"SARGENTO GAMA","cc":"PROS","nv":" ","e":"n","st":"N\u00e3o eleito","dvt":"V\u00e1lido","vap":"95","pvap":"   1,08"},{"seq":"75","sqcand":"140000810143","n":"90012","nm":"DARILENE","cc":"PROS","nv":" ","e":"n","st":"N\u00e3o eleito","dvt":"V\u00e1lido","vap":"24","pvap":"   0,27"},{"seq":"30","sqcand":"140000883242","n":"45666","nm":"MUNDICO","cc":"PSDB","nv":" ","e":"n","st":"Suplente","dvt":"V\u00e1lido","vap":"129","pvap":"   1,47"},{"seq":"45","sqcand":"140000809558","n":"15333","nm":"PAULO FRANCO","cc":"MDB","nv":" ","e":"n","st":"Suplente","dvt":"V\u00e1lido","vap":"36","pvap":"   0,41"},{"seq":"9","sqcand":"140000809560","n":"15678","nm":"WLADIMIR","cc":"MDB","nv":" ","e":"s","st":"Eleito","dvt":"V\u00e1lido","vap":"214","pvap":"   2,43"},{"seq":"14","sqcand":"140000809568","n":"15124","nm":"EDILENA","cc":"MDB","nv":" ","e":"n","st":"Suplente","dvt":"V\u00e1lido","vap":"186","pvap":"   2,11"},{"seq":"33","sqcand":"140000883239","n":"45000","nm":"LUIS CARLOS","cc":"PSDB","nv":" ","e":"n","st":"Suplente","dvt":"V\u00e1lido","vap":"101","pvap":"   1,15"},{"seq":"84","sqcand":"140000836789","n":"55123","nm":"LEANDRO BARBUDO","cc":"PSD","nv":" ","e":"n","st":"N\u00e3o eleito","dvt":"V\u00e1lido","vap":"8","pvap":"   0,09"},{"seq":"2","sqcand":"140000883244","n":"45123","nm":"ROBSON OLIVEIRA DE OLIVEIRA","cc":"PSDB","nv":" ","e":"s","st":"Eleito","dvt":"V\u00e1lido","vap":"329","pvap":"   3,74"},{"seq":"57","sqcand":"140000809561","n":"15000","nm":"DEBORA KOBARAH","cc":"MDB","nv":" ","e":"n","st":"Suplente","dvt":"V\u00e1lido","vap":"12","pvap":"   0,14"},{"seq":"13","sqcand":"140001041054","n":"20020","nm":"MARCELO DA SA\u00daDE","cc":"PSC","nv":" ","e":"n","st":"Suplente","dvt":"V\u00e1lido","vap":"224","pvap":"   2,55"},{"seq":"8","sqcand":"140000809567","n":"15123","nm":"FABINHO","cc":"MDB","nv":" ","e":"s","st":"Eleito","dvt":"V\u00e1lido","vap":"230","pvap":"   2,61"},{"seq":"52","sqcand":"140001040458","n":"10777","nm":"DONA MARIA","cc":"REPUBLICANOS","nv":" ","e":"n","st":"Suplente","dvt":"V\u00e1lido","vap":"19","pvap":"   0,22"},{"seq":"59","sqcand":"140001261474","n":"10000","nm":"LUIZ DO MANGUEZAL","cc":"REPUBLICANOS","nv":" ","e":"n","st":"Suplente","dvt":"V\u00e1lido","vap":"10","pvap":"   0,11"},{"seq":"55","sqcand":"140000883131","n":"12444","nm":"DONA DEUSA","cc":"PDT","nv":" ","e":"n","st":"Suplente","dvt":"V\u00e1lido","vap":"14","pvap":"   0,16"},{"seq":"87","sqcand":"140001083257","n":"13313","nm":"PROFESSOR PIXOTE","cc":"PT","nv":" ","e":"n","st":"N\u00e3o eleito","dvt":"V\u00e1lido","vap":"2","pvap":"   0,02"},{"seq":"82","sqcand":"140000836782","n":"55222","nm":"EVALENE","cc":"PSD","nv":" ","e":"n","st":"N\u00e3o eleito","dvt":"V\u00e1lido","vap":"9","pvap":"   0,10"},{"seq":"7","sqcand":"140000962477","n":"33000","nm":"ALCINARA MARTINS","cc":"PMN","nv":" ","e":"s","st":"Eleito","dvt":"V\u00e1lido","vap":"244","pvap":"   2,77"},{"seq":"5","sqcand":"140000883123","n":"12456","nm":"JUNIOR","cc":"PDT","nv":" ","e":"s","st":"Eleito","dvt":"V\u00e1lido","vap":"282","pvap":"   3,21"},{"seq":"68","sqcand":"140000810146","n":"90901","nm":"IVANELSON CORREA","cc":"PROS","nv":" ","e":"n","st":"N\u00e3o eleito","dvt":"V\u00e1lido","vap":"176","pvap":"   2,00"},{"seq":"31","sqcand":"140001040455","n":"10007","nm":"MARCEL\u00c3O","cc":"REPUBLICANOS","nv":" ","e":"n","st":"Suplente","dvt":"V\u00e1lido","vap":"128","pvap":"   1,46"},{"seq":"34","sqcand":"140000883236","n":"45130","nm":"JUNIOR MORAES","cc":"PSDB","nv":" ","e":"n","st":"Suplente","dvt":"V\u00e1lido","vap":"92","pvap":"   1,05"},{"seq":"77","sqcand":"140000810147","n":"90123","nm":"PIG","cc":"PROS","nv":" ","e":"n","st":"N\u00e3o eleito","dvt":"V\u00e1lido","vap":"16","pvap":"   0,18"},{"seq":"61","sqcand":"140000883237","n":"45008","nm":"BEATRIZ FURTADO","cc":"PSDB","nv":" ","e":"n","st":"Suplente","dvt":"V\u00e1lido","vap":"7","pvap":"   0,08"},{"seq":"56","sqcand":"140001041057","n":"20456","nm":"ANT\u00d4NIO","cc":"PSC","nv":" ","e":"n","st":"Suplente","dvt":"V\u00e1lido","vap":"14","pvap":"   0,16"},{"seq":"41","sqcand":"140000883126","n":"12013","nm":"ACS EMERSON","cc":"PDT","nv":" ","e":"n","st":"Suplente","dvt":"V\u00e1lido","vap":"54","pvap":"   0,61"},{"seq":"60","sqcand":"140001040451","n":"10100","nm":"PROF HOLANDA","cc":"REPUBLICANOS","nv":" ","e":"n","st":"Suplente","dvt":"V\u00e1lido","vap":"7","pvap":"   0,08"},{"seq":"48","sqcand":"140000883130","n":"12555","nm":"DONA LEIA","cc":"PDT","nv":" ","e":"n","st":"Suplente","dvt":"V\u00e1lido","vap":"30","pvap":"   0,34"},{"seq":"19","sqcand":"140000962476","n":"33123","nm":"DIEGO ALVES","cc":"PMN","nv":" ","e":"n","st":"Suplente","dvt":"V\u00e1lido","vap":"163","pvap":"   1,85"},{"seq":"47","sqcand":"140001041048","n":"20016","nm":"ROSA GOMES","cc":"PSC","nv":" ","e":"n","st":"Suplente","dvt":"V\u00e1lido","vap":"35","pvap":"   0,40"},{"seq":"15","sqcand":"140000883122","n":"12000","nm":"ANDREIA","cc":"PDT","nv":" ","e":"n","st":"Suplente","dvt":"V\u00e1lido","vap":"178","pvap":"   2,02"},{"seq":"36","sqcand":"140001041049","n":"20000","nm":"VANDERLEI","cc":"PSC","nv":" ","e":"n","st":"Suplente","dvt":"V\u00e1lido","vap":"86","pvap":"   0,98"},{"seq":"80","sqcand":"140001083258","n":"13013","nm":"ELIANA BARATA","cc":"PT","nv":" ","e":"n","st":"N\u00e3o eleito","dvt":"V\u00e1lido","vap":"12","pvap":"   0,14"},{"seq":"71","sqcand":"140000810149","n":"90227","nm":"RAUL DE JESUS","cc":"PROS","nv":" ","e":"n","st":"N\u00e3o eleito","dvt":"V\u00e1lido","vap":"83","pvap":"   0,94"},{"seq":"35","sqcand":"140001040456","n":"10123","nm":"ZEZINHO","cc":"REPUBLICANOS","nv":" ","e":"n","st":"Suplente","dvt":"V\u00e1lido","vap":"87","pvap":"   0,99"},{"seq":"37","sqcand":"140000883124","n":"12321","nm":"BETO","cc":"PDT","nv":" ","e":"n","st":"Suplente","dvt":"V\u00e1lido","vap":"75","pvap":"   0,85"},{"seq":"58","sqcand":"140000962482","n":"33777","nm":"ROSIL\u00c9IA FREITAS","cc":"PMN","nv":" ","e":"n","st":"Suplente","dvt":"V\u00e1lido","vap":"11","pvap":"   0,13"},{"seq":"64","sqcand":"140001041051","n":"20010","nm":"PROFESSORA IOLANDA","cc":"PSC","nv":" ","e":"n","st":"Suplente","dvt":"V\u00e1lido","vap":"2","pvap":"   0,02"},{"seq":"18","sqcand":"140000962475","n":"33333","nm":"ELIONAE ALMEIDA","cc":"PMN","nv":" ","e":"n","st":"Suplente","dvt":"V\u00e1lido","vap":"168","pvap":"   1,91"},{"seq":"83","sqcand":"140000836783","n":"55555","nm":"VANIO","cc":"PSD","nv":" ","e":"n","st":"N\u00e3o eleito","dvt":"V\u00e1lido","vap":"8","pvap":"   0,09"},{"seq":"25","sqcand":"140000809559","n":"15055","nm":"EMERSON LAGO","cc":"MDB","nv":" ","e":"n","st":"Suplente","dvt":"V\u00e1lido","vap":"151","pvap":"   1,72"},{"seq":"74","sqcand":"140000836788","n":"55566","nm":"CARLOS LIEUTHIER","cc":"PSD","nv":" ","e":"n","st":"N\u00e3o eleito","dvt":"V\u00e1lido","vap":"35","pvap":"   0,40"},{"seq":"27","sqcand":"140000809565","n":"15007","nm":"LIDIA RODRIGUES","cc":"MDB","nv":" ","e":"n","st":"Suplente","dvt":"V\u00e1lido","vap":"135","pvap":"   1,53"},{"seq":"32","sqcand":"140000809570","n":"15013","nm":"ALDINEI ALVES","cc":"MDB","nv":" ","e":"n","st":"Suplente","dvt":"V\u00e1lido","vap":"124","pvap":"   1,41"},{"seq":"40","sqcand":"140000809569","n":"15222","nm":"PASTORA LUCIANA","cc":"MDB","nv":" ","e":"n","st":"Suplente","dvt":"V\u00e1lido","vap":"57","pvap":"   0,65"},{"seq":"4","sqcand":"140001040452","n":"10789","nm":"DANIEL DA LIGA","cc":"REPUBLICANOS","nv":" ","e":"s","st":"Eleito","dvt":"V\u00e1lido","vap":"284","pvap":"   3,23"},{"seq":"81","sqcand":"140000810144","n":"90222","nm":"PROFESSORA REGINA","cc":"PROS","nv":" ","e":"n","st":"N\u00e3o eleito","dvt":"V\u00e1lido","vap":"9","pvap":"   0,10"},{"seq":"63","sqcand":"140001041056","n":"20007","nm":"JO\u00c3O RICARDO","cc":"PSC","nv":" ","e":"n","st":"Suplente","dvt":"V\u00e1lido","vap":"4","pvap":"   0,05"},{"seq":"67","sqcand":"140000883125","n":"12330","nm":"CARECA","cc":"PDT","nv":" ","e":"n","st":"Suplente","dvt":"V\u00e1lido","vap":"1","pvap":"   0,01"},{"seq":"85","sqcand":"140000810148","n":"90007","nm":"GLORIA SARAIVA","cc":"PROS","nv":" ","e":"n","st":"N\u00e3o eleito","dvt":"V\u00e1lido","vap":"5","pvap":"   0,06"},{"seq":"86","sqcand":"140001083259","n":"13413","nm":"ALEX CO\u00caLHO","cc":"PT","nv":" ","e":"n","st":"N\u00e3o eleito","dvt":"V\u00e1lido","vap":"3","pvap":"   0,03"},{"seq":"76","sqcand":"140000836785","n":"55365","nm":"NICE","cc":"PSD","nv":" ","e":"n","st":"N\u00e3o eleito","dvt":"V\u00e1lido","vap":"17","pvap":"   0,19"},{"seq":"39","sqcand":"140000809566","n":"15111","nm":"HELENA","cc":"MDB","nv":" ","e":"n","st":"Suplente","dvt":"V\u00e1lido","vap":"62","pvap":"   0,70"},{"seq":"23","sqcand":"140001133095","n":"10999","nm":"PAULO CASTELO BRANCO","cc":"REPUBLICANOS","nv":" ","e":"n","st":"Suplente","dvt":"V\u00e1lido","vap":"151","pvap":"   1,72"},{"seq":"17","sqcand":"140000883245","n":"45678","nm":"JOEL CORREA","cc":"PSDB","nv":" ","e":"n","st":"Suplente","dvt":"V\u00e1lido","vap":"170","pvap":"   1,93"},{"seq":"44","sqcand":"140000883243","n":"45555","nm":"JOS\u00c9 CORREA","cc":"PSDB","nv":" ","e":"n","st":"Suplente","dvt":"V\u00e1lido","vap":"46","pvap":"   0,52"},{"seq":"73","sqcand":"140000810150","n":"90013","nm":"MAM\u00c3O","cc":"PROS","nv":" ","e":"n","st":"N\u00e3o eleito","dvt":"V\u00e1lido","vap":"38","pvap":"   0,43"},{"seq":"10","sqcand":"140000883240","n":"45456","nm":"VANIZE","cc":"PSDB","nv":" ","e":"n","st":"Suplente","dvt":"V\u00e1lido","vap":"267","pvap":"   3,04"},{"seq":"53","sqcand":"140000962480","n":"33444","nm":"EDSON LIMA","cc":"PMN","nv":" ","e":"n","st":"Suplente","dvt":"V\u00e1lido","vap":"17","pvap":"   0,19"},{"seq":"43","sqcand":"140000962474","n":"33345","nm":"PROF LUIZ MACHADO","cc":"PMN","nv":" ","e":"n","st":"Suplente","dvt":"V\u00e1lido","vap":"50","pvap":"   0,57"},{"seq":"1","sqcand":"140000883238","n":"45777","nm":"LILIANNY OLIVEIRA","cc":"PSDB","nv":" ","e":"s","st":"Eleito","dvt":"V\u00e1lido","vap":"473","pvap":"   5,38"},{"seq":"51","sqcand":"140000962479","n":"33222","nm":"JOSIVANE SANTOS","cc":"PMN","nv":" ","e":"n","st":"Suplente","dvt":"V\u00e1lido","vap":"22","pvap":"   0,25"},{"seq":"54","sqcand":"140000809564","n":"15122","nm":"ZAIRE DIAS","cc":"MDB","nv":" ","e":"n","st":"Suplente","dvt":"V\u00e1lido","vap":"16","pvap":"   0,18"},{"seq":"3","sqcand":"140000883241","n":"45234","nm":"NILDO MORENO","cc":"PSDB","nv":" ","e":"s","st":"Eleito","dvt":"V\u00e1lido","vap":"312","pvap":"   3,55"},{"seq":"65","sqcand":"140001041059","n":"20013","nm":"CLEONICE","cc":"PSC","nv":" ","e":"n","st":"Suplente","dvt":"V\u00e1lido","vap":"1","pvap":"   0,01"},{"seq":"72","sqcand":"140000810145","n":"90111","nm":"ADRIANO RIBEIRO","cc":"PROS","nv":" ","e":"n","st":"N\u00e3o eleito","dvt":"V\u00e1lido","vap":"83","pvap":"   0,94"},{"seq":"70","sqcand":"140000836787","n":"55133","nm":"ROSIMAR","cc":"PSD","nv":" ","e":"n","st":"N\u00e3o eleito","dvt":"V\u00e1lido","vap":"90","pvap":"   1,02"},{"seq":"26","sqcand":"140000883121","n":"12222","nm":"KARINA GAMA","cc":"PDT","nv":" ","e":"n","st":"Suplente","dvt":"V\u00e1lido","vap":"137","pvap":"   1,56"},{"seq":"6","sqcand":"140001041058","n":"20123","nm":"MARCOS JORGE","cc":"PSC","nv":" ","e":"s","st":"Eleito","dvt":"V\u00e1lido","vap":"248","pvap":"   2,82"},{"seq":"11","sqcand":"140000883128","n":"12333","nm":"LAL\u00c1","cc":"PDT","nv":" ","e":"n","st":"Suplente","dvt":"V\u00e1lido","vap":"254","pvap":"   2,89"},{"seq":"24","sqcand":"140000883127","n":"12233","nm":"PASSARINHO","cc":"PDT","nv":" ","e":"n","st":"Suplente","dvt":"V\u00e1lido","vap":"151","pvap":"   1,72"},{"seq":"20","sqcand":"140000809562","n":"15555","nm":"FABIANO DO VEMTIMBORA","cc":"MDB","nv":" ","e":"n","st":"Suplente","dvt":"V\u00e1lido","vap":"162","pvap":"   1,84"},{"seq":"78","sqcand":"140000810152","n":"90724","nm":"MARIA DAS NEVES","cc":"PROS","nv":" ","e":"n","st":"N\u00e3o eleito","dvt":"V\u00e1lido","vap":"14","pvap":"   0,16"},{"seq":"38","sqcand":"140000962481","n":"33456","nm":"MANOELZINHO","cc":"PMN","nv":" ","e":"n","st":"Suplente","dvt":"V\u00e1lido","vap":"74","pvap":"   0,84"},{"seq":"42","sqcand":"140000883235","n":"45321","nm":"LUCIVALDO VALENTE","cc":"PSDB","nv":" ","e":"n","st":"Suplente","dvt":"V\u00e1lido","vap":"50","pvap":"   0,57"}]}
