{"ele":"426","tpabr":"mu","cdabr":"04529","carper":"13","t":"1","f":"o","dt":"15/11/2020","ht":"22:04:02","dv":"s","tf":"s","v":"9","esae":"n","mnae":"","s":"24","st":"24","pst":" 100,00","snt":"0","psnt":"   0,00","si":"24","psi":" 100,00","sni":"0","psni":"   0,00","sa":"24","psa":" 100,00","sna":"0","psna":"   0,00","e":"6577","ea":"6577","pea":" 100,00","ena":"0","pena":"   0,00","esi":"6577","pesi":" 100,00","esni":"0","pesni":"   0,00","c":"5677","pc":"  86,32","a":"900","pa":"  13,68","vscv":"0","vnom":"5112","vl":"414","pvnom":"  92,51","pvl":"   7,49","vvc":"5526","pvvc":"  97,34","vb":"29","pvb":"   0,51","tvn":"122","ptvn":"   2,15","vn":"122","pvn":" 100,00","vnt":"0","pvnt":"   0,00","vp":"0","pvp":"   0,00","vv":"5526","pvv":" 100,00","van":"0","pvan":"   0,00","vansj":"0","pvansj":"   0,00","tv":"5677","cand":[{"seq":"58","sqcand":"140001252636","n":"12000","nm":"LEONAN FRAN\u00c7A","cc":"PDT","nv":" ","e":"n","st":"N\u00e3o eleito","dvt":"V\u00e1lido","vap":"212","pvap":"   3,84"},{"seq":"37","sqcand":"140001252702","n":"20311","nm":"ROM\u00caNIA DO POSTO","cc":"PSC","nv":" ","e":"n","st":"Suplente","dvt":"V\u00e1lido","vap":"37","pvap":"   0,67"},{"seq":"17","sqcand":"140000863453","n":"15111","nm":"SILVANO","cc":"MDB","nv":" ","e":"n","st":"Suplente","dvt":"V\u00e1lido","vap":"124","pvap":"   2,24"},{"seq":"4","sqcand":"140000863992","n":"51111","nm":"PROFESSOR FABIANO","cc":"PATRIOTA","nv":" ","e":"s","st":"Eleito","dvt":"V\u00e1lido","vap":"210","pvap":"   3,80"},{"seq":"18","sqcand":"140000863448","n":"15412","nm":"GERALDINHO","cc":"MDB","nv":" ","e":"n","st":"Suplente","dvt":"V\u00e1lido","vap":"121","pvap":"   2,19"},{"seq":"48","sqcand":"140001252705","n":"20222","nm":"LETICIA CRISTINA","cc":"PSC","nv":" ","e":"n","st":"Suplente","dvt":"V\u00e1lido","vap":"20","pvap":"   0,36"},{"seq":"54","sqcand":"140000863990","n":"51235","nm":"CASTANHEIRA","cc":"PATRIOTA","nv":" ","e":"n","st":"Suplente","dvt":"V\u00e1lido","vap":"4","pvap":"   0,07"},{"seq":"30","sqcand":"140000863691","n":"40333","nm":"REGINALDO DA ROMARIA","cc":"PSB","nv":" ","e":"n","st":"Suplente","dvt":"V\u00e1lido","vap":"62","pvap":"   1,12"},{"seq":"59","sqcand":"140001252635","n":"12500","nm":"ANTONIO GENESIO","cc":"PDT","nv":" ","e":"n","st":"N\u00e3o eleito","dvt":"V\u00e1lido","vap":"68","pvap":"   1,23"},{"seq":"28","sqcand":"140001252634","n":"22555","nm":"LUCIANO PEREIRA","cc":"PL","nv":" ","e":"n","st":"Suplente","dvt":"V\u00e1lido","vap":"66","pvap":"   1,19"},{"seq":"57","sqcand":"140001252728","n":"14777","nm":"MATIRA","cc":"PTB","nv":" ","e":"n","st":"Suplente","dvt":"V\u00e1lido","vap":"0","pvap":"00.00"},{"seq":"7","sqcand":"140001252697","n":"20123","nm":"PEDRINHO DA SA\u00daDE","cc":"PSC","nv":" ","e":"s","st":"Eleito","dvt":"V\u00e1lido","vap":"187","pvap":"   3,38"},{"seq":"31","sqcand":"140001252632","n":"22111","nm":"LUCRESCYA PEREIRA","cc":"PL","nv":" ","e":"n","st":"Suplente","dvt":"V\u00e1lido","vap":"57","pvap":"   1,03"},{"seq":"46","sqcand":"140001252633","n":"22123","nm":"ELENILDES NEN\u00c9M","cc":"PL","nv":" ","e":"n","st":"Suplente","dvt":"V\u00e1lido","vap":"22","pvap":"   0,40"},{"seq":"47","sqcand":"140001252729","n":"14333","nm":"PROFESSOR EMERSON","cc":"PTB","nv":" ","e":"n","st":"Suplente","dvt":"V\u00e1lido","vap":"21","pvap":"   0,38"},{"seq":"10","sqcand":"140000863452","n":"15000","nm":"NELSAO DA SAUDE","cc":"MDB","nv":" ","e":"n","st":"Suplente","dvt":"V\u00e1lido","vap":"183","pvap":"   3,31"},{"seq":"25","sqcand":"140001252627","n":"22222","nm":"WANDERSON PEREIRA","cc":"PL","nv":" ","e":"n","st":"Suplente","dvt":"V\u00e1lido","vap":"80","pvap":"   1,45"},{"seq":"41","sqcand":"140001252723","n":"14321","nm":"NOSO","cc":"PTB","nv":" ","e":"n","st":"Suplente","dvt":"V\u00e1lido","vap":"30","pvap":"   0,54"},{"seq":"20","sqcand":"140001252699","n":"20225","nm":"BEPO","cc":"PSC","nv":" ","e":"n","st":"Suplente","dvt":"V\u00e1lido","vap":"107","pvap":"   1,94"},{"seq":"11","sqcand":"140000863989","n":"51234","nm":"FELIPE KAYAPO","cc":"PATRIOTA","nv":" ","e":"n","st":"Suplente","dvt":"V\u00e1lido","vap":"165","pvap":"   2,99"},{"seq":"1","sqcand":"140001252628","n":"22000","nm":"VASCO","cc":"PL","nv":" ","e":"s","st":"Eleito","dvt":"V\u00e1lido","vap":"273","pvap":"   4,94"},{"seq":"45","sqcand":"140001252724","n":"14412","nm":"LUZIA VIANA","cc":"PTB","nv":" ","e":"n","st":"Suplente","dvt":"V\u00e1lido","vap":"23","pvap":"   0,42"},{"seq":"55","sqcand":"140001252726","n":"14000","nm":"CARLITO","cc":"PTB","nv":" ","e":"n","st":"Suplente","dvt":"V\u00e1lido","vap":"1","pvap":"   0,02"},{"seq":"14","sqcand":"140000863455","n":"15333","nm":"PEREIRAO","cc":"MDB","nv":" ","e":"n","st":"Suplente","dvt":"V\u00e1lido","vap":"137","pvap":"   2,48"},{"seq":"34","sqcand":"140000863688","n":"40456","nm":"MARIA DO BADU","cc":"PSB","nv":" ","e":"n","st":"Suplente","dvt":"V\u00e1lido","vap":"45","pvap":"   0,81"},{"seq":"38","sqcand":"140000863988","n":"51051","nm":"MARQUINHO DA DS","cc":"PATRIOTA","nv":" ","e":"n","st":"Suplente","dvt":"V\u00e1lido","vap":"32","pvap":"   0,58"},{"seq":"56","sqcand":"140001252701","n":"20678","nm":"BETH ALVES","cc":"PSC","nv":" ","e":"n","st":"Suplente","dvt":"V\u00e1lido","vap":"1","pvap":"   0,02"},{"seq":"21","sqcand":"140000863987","n":"51444","nm":"IRONILTO","cc":"PATRIOTA","nv":" ","e":"n","st":"Suplente","dvt":"V\u00e1lido","vap":"102","pvap":"   1,85"},{"seq":"13","sqcand":"140001252706","n":"20789","nm":"ALFREDIM","cc":"PSC","nv":" ","e":"n","st":"Suplente","dvt":"V\u00e1lido","vap":"140","pvap":"   2,53"},{"seq":"60","sqcand":"140001252637","n":"12490","nm":"RAIMUNDINHA","cc":"PDT","nv":" ","e":"n","st":"N\u00e3o eleito","dvt":"V\u00e1lido","vap":"56","pvap":"   1,01"},{"seq":"12","sqcand":"140000863449","n":"15600","nm":"LEILA","cc":"MDB","nv":" ","e":"n","st":"Suplente","dvt":"V\u00e1lido","vap":"155","pvap":"   2,80"},{"seq":"39","sqcand":"140000863991","n":"51333","nm":"CEI\u00c7A","cc":"PATRIOTA","nv":" ","e":"n","st":"Suplente","dvt":"V\u00e1lido","vap":"31","pvap":"   0,56"},{"seq":"32","sqcand":"140000863692","n":"40111","nm":"ZUZA","cc":"PSB","nv":" ","e":"n","st":"Suplente","dvt":"V\u00e1lido","vap":"50","pvap":"   0,90"},{"seq":"29","sqcand":"140000863694","n":"40400","nm":"RONALDO DO POSTO","cc":"PSB","nv":" ","e":"n","st":"Suplente","dvt":"V\u00e1lido","vap":"65","pvap":"   1,18"},{"seq":"24","sqcand":"140000863456","n":"15678","nm":"DEUSILENE FEITOSA","cc":"MDB","nv":" ","e":"n","st":"Suplente","dvt":"V\u00e1lido","vap":"87","pvap":"   1,57"},{"seq":"3","sqcand":"140000863450","n":"15123","nm":"CHEIROSA","cc":"MDB","nv":" ","e":"s","st":"Eleito","dvt":"V\u00e1lido","vap":"220","pvap":"   3,98"},{"seq":"35","sqcand":"140001252703","n":"20600","nm":"NENEM MEC\u00c2NICO","cc":"PSC","nv":" ","e":"n","st":"Suplente","dvt":"V\u00e1lido","vap":"44","pvap":"   0,80"},{"seq":"26","sqcand":"140001252630","n":"22345","nm":"J\u00daNIOR KAYAP\u00d3","cc":"PL","nv":" ","e":"n","st":"Suplente","dvt":"V\u00e1lido","vap":"75","pvap":"   1,36"},{"seq":"33","sqcand":"140000863993","n":"51123","nm":"LEO RIBEIRO","cc":"PATRIOTA","nv":" ","e":"n","st":"Suplente","dvt":"V\u00e1lido","vap":"45","pvap":"   0,81"},{"seq":"6","sqcand":"140000863447","n":"15321","nm":"DAELSON ARRUDA","cc":"MDB","nv":" ","e":"s","st":"Eleito","dvt":"V\u00e1lido","vap":"194","pvap":"   3,51"},{"seq":"40","sqcand":"140001252629","n":"22112","nm":"REINALDO PADEIRO","cc":"PL","nv":" ","e":"n","st":"Suplente","dvt":"V\u00e1lido","vap":"31","pvap":"   0,56"},{"seq":"19","sqcand":"140001252700","n":"20000","nm":"GERALDINHO DA SERRA AZUL","cc":"PSC","nv":" ","e":"n","st":"Suplente","dvt":"V\u00e1lido","vap":"112","pvap":"   2,03"},{"seq":"49","sqcand":"140001252626","n":"22184","nm":"SOLANGE PINTINHO","cc":"PL","nv":" ","e":"n","st":"Suplente","dvt":"V\u00e1lido","vap":"17","pvap":"   0,31"},{"seq":"51","sqcand":"140001252727","n":"14222","nm":"TALLITA DO MAURO DA VAN","cc":"PTB","nv":" ","e":"n","st":"Suplente","dvt":"V\u00e1lido","vap":"8","pvap":"   0,14"},{"seq":"36","sqcand":"140000863695","n":"40789","nm":"LOURIVAL DENTISTA","cc":"PSB","nv":" ","e":"n","st":"Suplente","dvt":"V\u00e1lido","vap":"37","pvap":"   0,67"},{"seq":"5","sqcand":"140000863696","n":"40000","nm":"PROFESSOR CLEUDES","cc":"PSB","nv":" ","e":"s","st":"Eleito","dvt":"V\u00e1lido","vap":"195","pvap":"   3,53"},{"seq":"27","sqcand":"140000863986","n":"51555","nm":"WILSON DO SAMU","cc":"PATRIOTA","nv":" ","e":"n","st":"Suplente","dvt":"V\u00e1lido","vap":"71","pvap":"   1,28"},{"seq":"15","sqcand":"140001252721","n":"14123","nm":"JO\u00c3O PESTANA","cc":"PTB","nv":" ","e":"n","st":"Suplente","dvt":"V\u00e1lido","vap":"135","pvap":"   2,44"},{"seq":"50","sqcand":"140000863693","n":"40222","nm":"ALADIJANA","cc":"PSB","nv":" ","e":"n","st":"Suplente","dvt":"V\u00e1lido","vap":"17","pvap":"   0,31"},{"seq":"44","sqcand":"140001252730","n":"14345","nm":"JESSICA DO CARMELO","cc":"PTB","nv":" ","e":"n","st":"Suplente","dvt":"V\u00e1lido","vap":"27","pvap":"   0,49"},{"seq":"22","sqcand":"140000863690","n":"40123","nm":"WANDERSON MOREIRA","cc":"PSB","nv":" ","e":"n","st":"Suplente","dvt":"V\u00e1lido","vap":"97","pvap":"   1,76"},{"seq":"16","sqcand":"140000863451","n":"15777","nm":"MOITE KAYAPO","cc":"MDB","nv":" ","e":"n","st":"Suplente","dvt":"V\u00e1lido","vap":"129","pvap":"   2,33"},{"seq":"9","sqcand":"140001252704","n":"20111","nm":"IRM\u00c3O VAQUEIRINHO","cc":"PSC","nv":" ","e":"s","st":"Eleito","dvt":"V\u00e1lido","vap":"141","pvap":"   2,55"},{"seq":"42","sqcand":"140000863689","n":"40100","nm":"LUCIA DA ASSOCIACAO","cc":"PSB","nv":" ","e":"n","st":"Suplente","dvt":"V\u00e1lido","vap":"30","pvap":"   0,54"},{"seq":"43","sqcand":"140001252631","n":"22333","nm":"BEPTUM KAYAP\u00d3","cc":"PL","nv":" ","e":"n","st":"Suplente","dvt":"V\u00e1lido","vap":"27","pvap":"   0,49"},{"seq":"53","sqcand":"140001252698","n":"20200","nm":"JEOV\u00c1 GARIMPEIRO","cc":"PSC","nv":" ","e":"n","st":"Suplente","dvt":"V\u00e1lido","vap":"5","pvap":"   0,09"},{"seq":"8","sqcand":"140001252722","n":"14444","nm":"P\u00c9 DE RODO","cc":"PTB","nv":" ","e":"s","st":"Eleito","dvt":"V\u00e1lido","vap":"159","pvap":"   2,88"},{"seq":"2","sqcand":"140000863454","n":"15100","nm":"BOMBINHA","cc":"MDB","nv":" ","e":"s","st":"Eleito","dvt":"V\u00e1lido","vap":"227","pvap":"   4,11"},{"seq":"23","sqcand":"140000863985","n":"51789","nm":"MELA CHAVE","cc":"PATRIOTA","nv":" ","e":"n","st":"Suplente","dvt":"V\u00e1lido","vap":"88","pvap":"   1,59"},{"seq":"52","sqcand":"140001252725","n":"14450","nm":"IRM\u00c3O ALEX","cc":"PTB","nv":" ","e":"n","st":"Suplente","dvt":"V\u00e1lido","vap":"7","pvap":"   0,13"}]}
