{"ele":"426","tpabr":"mu","cdabr":"04537","carper":"13","t":"1","f":"o","dt":"15/11/2020","ht":"23:03:22","dv":"s","tf":"s","v":"13","esae":"n","mnae":"","s":"103","st":"103","pst":" 100,00","snt":"0","psnt":"   0,00","si":"103","psi":" 100,00","sni":"0","psni":"   0,00","sa":"103","psa":" 100,00","sna":"0","psna":"   0,00","e":"32215","ea":"32215","pea":" 100,00","ena":"0","pena":"   0,00","esi":"32215","pesi":" 100,00","esni":"0","pesni":"   0,00","c":"24852","pc":"  77,14","a":"7363","pa":"  22,86","vscv":"0","vnom":"22127","vl":"1620","pvnom":"  93,18","pvl":"   6,82","vvc":"23887","pvvc":"  96,12","vb":"294","pvb":"   1,18","tvn":"671","ptvn":"   2,70","vn":"671","pvn":" 100,00","vnt":"0","pvnt":"   0,00","vp":"0","pvp":"   0,00","vv":"23747","pvv":"  99,41","van":"0","pvan":"   0,00","vansj":"140","pvansj":"   0,59","tv":"24852","cand":[{"seq":"99","sqcand":"140001063667","n":"23233","nm":"PROFESSORA JOSIMEIRE","cc":"CIDADANIA","nv":" ","e":"n","st":"Suplente","dvt":"V\u00e1lido","vap":"33","pvap":"   0,14"},{"seq":"116","sqcand":"140000690498","n":"15515","nm":"MICHELLE DA FEIRA","cc":"MDB","nv":" ","e":"n","st":"Suplente","dvt":"V\u00e1lido","vap":"17","pvap":"   0,07"},{"seq":"51","sqcand":"140001063663","n":"23456","nm":"DEUZERON TENRREIRO","cc":"CIDADANIA","nv":" ","e":"n","st":"Suplente","dvt":"V\u00e1lido","vap":"113","pvap":"   0,47"},{"seq":"92","sqcand":"140001046924","n":"13500","nm":"SILVANO CORDEIRO","cc":"PT","nv":" ","e":"n","st":"Suplente","dvt":"V\u00e1lido","vap":"40","pvap":"   0,17"},{"seq":"155","sqcand":"140001249363","n":"65014","nm":"MARCELO BEL\u00c8M","cc":"PC do B","nv":" ","e":"n","st":"N\u00e3o eleito","dvt":"Anulado sub judice","vap":"15","pvap":"   0,06"},{"seq":"113","sqcand":"140000690486","n":"15188","nm":"PROFESSORA DENISE CARDOSO","cc":"MDB","nv":" ","e":"n","st":"Suplente","dvt":"V\u00e1lido","vap":"19","pvap":"   0,08"},{"seq":"98","sqcand":"140001052614","n":"20333","nm":"ELIANE CAIAP\u00d3","cc":"PSC","nv":" ","e":"n","st":"Suplente","dvt":"V\u00e1lido","vap":"33","pvap":"   0,14"},{"seq":"101","sqcand":"140000810675","n":"12121","nm":"CARA BACANA","cc":"PDT","nv":" ","e":"n","st":"Suplente","dvt":"V\u00e1lido","vap":"30","pvap":"   0,13"},{"seq":"56","sqcand":"140000811067","n":"45111","nm":"THAYS FERRAZ","cc":"PSDB","nv":" ","e":"n","st":"Suplente","dvt":"V\u00e1lido","vap":"105","pvap":"   0,44"},{"seq":"78","sqcand":"140000690502","n":"15220","nm":"PROFESSORA M\u00c1RCIA BATISTA","cc":"MDB","nv":" ","e":"n","st":"Suplente","dvt":"V\u00e1lido","vap":"58","pvap":"   0,24"},{"seq":"159","sqcand":"140001069210","n":"25244","nm":"SR WILSON","cc":"DEM","nv":" ","e":"n","st":"N\u00e3o eleito","dvt":"V\u00e1lido","vap":"9","pvap":"   0,04"},{"seq":"57","sqcand":"140001063666","n":"23223","nm":"MARILETE MENDES","cc":"CIDADANIA","nv":" ","e":"n","st":"Suplente","dvt":"V\u00e1lido","vap":"98","pvap":"   0,41"},{"seq":"40","sqcand":"140000810676","n":"12222","nm":"BABAU","cc":"PDT","nv":" ","e":"n","st":"Suplente","dvt":"V\u00e1lido","vap":"150","pvap":"   0,63"},{"seq":"124","sqcand":"140000660116","n":"55050","nm":"LAUANDA MOREIRA","cc":"PSD","nv":" ","e":"n","st":"Suplente","dvt":"V\u00e1lido","vap":"3","pvap":"   0,01"},{"seq":"21","sqcand":"140000810680","n":"12333","nm":"WILLIAM BRITO","cc":"PDT","nv":" ","e":"n","st":"Suplente","dvt":"V\u00e1lido","vap":"334","pvap":"   1,40"},{"seq":"53","sqcand":"140001063660","n":"23623","nm":"LOUREN\u00c7O HENRIQUE","cc":"CIDADANIA","nv":" ","e":"n","st":"Suplente","dvt":"V\u00e1lido","vap":"107","pvap":"   0,45"},{"seq":"157","sqcand":"140001249362","n":"65123","nm":"ANDREA GOMES","cc":"PC do B","nv":" ","e":"n","st":"N\u00e3o eleito","dvt":"V\u00e1lido","vap":"11","pvap":"   0,05"},{"seq":"117","sqcand":"140000660120","n":"55111","nm":"REGINALDO CARDOSO","cc":"PSD","nv":" ","e":"n","st":"Suplente","dvt":"V\u00e1lido","vap":"14","pvap":"   0,06"},{"seq":"6","sqcand":"140001052610","n":"20234","nm":"LUIZ S\u00c9RGIO","cc":"PSC","nv":" ","e":"s","st":"Eleito","dvt":"V\u00e1lido","vap":"636","pvap":"   2,66"},{"seq":"138","sqcand":"140001093213","n":"40456","nm":"CARLOS MORENO","cc":"PSB","nv":" ","e":"n","st":"N\u00e3o eleito","dvt":"V\u00e1lido","vap":"64","pvap":"   0,27"},{"seq":"52","sqcand":"140001052609","n":"20111","nm":"PH DA RODOVI\u00c1RIA","cc":"PSC","nv":" ","e":"n","st":"Suplente","dvt":"V\u00e1lido","vap":"111","pvap":"   0,46"},{"seq":"158","sqcand":"140001069217","n":"25010","nm":"HERMES","cc":"DEM","nv":" ","e":"n","st":"N\u00e3o eleito","dvt":"V\u00e1lido","vap":"10","pvap":"   0,04"},{"seq":"11","sqcand":"140001063658","n":"23567","nm":"ROBERTINHO","cc":"CIDADANIA","nv":" ","e":"s","st":"Eleito","dvt":"V\u00e1lido","vap":"356","pvap":"   1,49"},{"seq":"105","sqcand":"140000690489","n":"15777","nm":"IRACELMA GUERREIRA","cc":"MDB","nv":" ","e":"n","st":"Suplente","dvt":"V\u00e1lido","vap":"29","pvap":"   0,12"},{"seq":"7","sqcand":"140000690495","n":"15456","nm":"VALDENE DA SA\u00daDE","cc":"MDB","nv":" ","e":"s","st":"Eleito","dvt":"V\u00e1lido","vap":"602","pvap":"   2,52"},{"seq":"87","sqcand":"140001052617","n":"20255","nm":"VALDIR DA SA\u00daDE","cc":"PSC","nv":" ","e":"n","st":"Suplente","dvt":"V\u00e1lido","vap":"44","pvap":"   0,18"},{"seq":"49","sqcand":"140000810681","n":"12244","nm":"WESLEY NEG\u00c3O","cc":"PDT","nv":" ","e":"n","st":"Suplente","dvt":"V\u00e1lido","vap":"120","pvap":"   0,50"},{"seq":"161","sqcand":"140001069224","n":"25421","nm":"EVA","cc":"DEM","nv":" ","e":"n","st":"N\u00e3o eleito","dvt":"Anulado sub judice","vap":"8","pvap":"   0,03"},{"seq":"96","sqcand":"140000810683","n":"12200","nm":"SARA CABELEIREIRA","cc":"PDT","nv":" ","e":"n","st":"Suplente","dvt":"V\u00e1lido","vap":"36","pvap":"   0,15"},{"seq":"41","sqcand":"140000660121","n":"55007","nm":"PROFESSOR TEO","cc":"PSD","nv":" ","e":"n","st":"Suplente","dvt":"V\u00e1lido","vap":"146","pvap":"   0,61"},{"seq":"63","sqcand":"140000660107","n":"55055","nm":"AMANDA VIT\u00d3RIA","cc":"PSD","nv":" ","e":"n","st":"Suplente","dvt":"V\u00e1lido","vap":"86","pvap":"   0,36"},{"seq":"115","sqcand":"140000810682","n":"12312","nm":"LUZIA GON\u00c7ALVES","cc":"PDT","nv":" ","e":"n","st":"Suplente","dvt":"V\u00e1lido","vap":"17","pvap":"   0,07"},{"seq":"66","sqcand":"140001046929","n":"13580","nm":"AILTON FARIAS","cc":"PT","nv":" ","e":"n","st":"Suplente","dvt":"V\u00e1lido","vap":"78","pvap":"   0,33"},{"seq":"137","sqcand":"140000811055","n":"45555","nm":"ANTONIO AUGUSTO  TOINZINHO","cc":"PSDB","nv":" ","e":"n","st":"N\u00e3o eleito","dvt":"Anulado sub judice","vap":"76","pvap":"   0,32"},{"seq":"42","sqcand":"140000660113","n":"55333","nm":"JANU\u00c1RIO","cc":"PSD","nv":" ","e":"n","st":"Suplente","dvt":"V\u00e1lido","vap":"145","pvap":"   0,61"},{"seq":"50","sqcand":"140000690487","n":"15680","nm":"JO\u00c3O DO MINIST\u00c9RIO","cc":"MDB","nv":" ","e":"n","st":"Suplente","dvt":"V\u00e1lido","vap":"115","pvap":"   0,48"},{"seq":"33","sqcand":"140001063676","n":"23000","nm":"PROFESSOR ORLANDO","cc":"CIDADANIA","nv":" ","e":"n","st":"Suplente","dvt":"V\u00e1lido","vap":"214","pvap":"   0,90"},{"seq":"119","sqcand":"140000660115","n":"55000","nm":"FRANCSICA DA BATIDA","cc":"PSD","nv":" ","e":"n","st":"Suplente","dvt":"V\u00e1lido","vap":"6","pvap":"   0,03"},{"seq":"25","sqcand":"140000660112","n":"55345","nm":"Z\u00c9 RAIMUNDO","cc":"PSD","nv":" ","e":"n","st":"Suplente","dvt":"V\u00e1lido","vap":"273","pvap":"   1,14"},{"seq":"12","sqcand":"140000811066","n":"45610","nm":"ZACARIAS","cc":"PSDB","nv":" ","e":"s","st":"Eleito","dvt":"V\u00e1lido","vap":"336","pvap":"   1,41"},{"seq":"69","sqcand":"140000811070","n":"45234","nm":"CARLINDO NOSSO","cc":"PSDB","nv":" ","e":"n","st":"Suplente","dvt":"V\u00e1lido","vap":"74","pvap":"   0,31"},{"seq":"120","sqcand":"140001046917","n":"13581","nm":"SANTO","cc":"PT","nv":" ","e":"n","st":"Suplente","dvt":"V\u00e1lido","vap":"5","pvap":"   0,02"},{"seq":"32","sqcand":"140000811061","n":"45456","nm":"DIDI","cc":"PSDB","nv":" ","e":"n","st":"Suplente","dvt":"V\u00e1lido","vap":"226","pvap":"   0,95"},{"seq":"140","sqcand":"140001069223","n":"25190","nm":"P LIMA","cc":"DEM","nv":" ","e":"n","st":"N\u00e3o eleito","dvt":"V\u00e1lido","vap":"48","pvap":"   0,20"},{"seq":"95","sqcand":"140000690499","n":"15000","nm":"SANDRA DA SA\u00daDE","cc":"MDB","nv":" ","e":"n","st":"Suplente","dvt":"V\u00e1lido","vap":"37","pvap":"   0,15"},{"seq":"76","sqcand":"140001046921","n":"13666","nm":"FRANCISCA DA SA\u00daDE","cc":"PT","nv":" ","e":"n","st":"Suplente","dvt":"V\u00e1lido","vap":"62","pvap":"   0,26"},{"seq":"88","sqcand":"140001046935","n":"13013","nm":"RITA BARROSO","cc":"PT","nv":" ","e":"n","st":"Suplente","dvt":"V\u00e1lido","vap":"43","pvap":"   0,18"},{"seq":"27","sqcand":"140001046932","n":"13456","nm":"DRA DIVINA","cc":"PT","nv":" ","e":"n","st":"Suplente","dvt":"V\u00e1lido","vap":"259","pvap":"   1,08"},{"seq":"139","sqcand":"140001069213","n":"25333","nm":"ROMULO LIMA","cc":"DEM","nv":" ","e":"n","st":"N\u00e3o eleito","dvt":"V\u00e1lido","vap":"53","pvap":"   0,22"},{"seq":"84","sqcand":"140000660109","n":"55011","nm":"DIOMAR CARVALHO","cc":"PSD","nv":" ","e":"n","st":"Suplente","dvt":"V\u00e1lido","vap":"49","pvap":"   0,21"},{"seq":"85","sqcand":"140001046933","n":"13213","nm":"NALDINHO","cc":"PT","nv":" ","e":"n","st":"Suplente","dvt":"V\u00e1lido","vap":"48","pvap":"   0,20"},{"seq":"127","sqcand":"140000693573","n":"22222","nm":"BONZA LIMA","cc":"PL","nv":" ","e":"n","st":"N\u00e3o eleito","dvt":"V\u00e1lido","vap":"184","pvap":"   0,77"},{"seq":"94","sqcand":"140000811072","n":"45735","nm":"JO\u00c3O PINHEIRO","cc":"PSDB","nv":" ","e":"n","st":"Suplente","dvt":"V\u00e1lido","vap":"38","pvap":"   0,16"},{"seq":"153","sqcand":"140001093217","n":"40123","nm":"AUZENIR DA SA\u00daDE","cc":"PSB","nv":" ","e":"n","st":"N\u00e3o eleito","dvt":"Anulado sub judice","vap":"16","pvap":"   0,07"},{"seq":"122","sqcand":"140000811056","n":"45010","nm":"GERUSA SILVA","cc":"PSDB","nv":" ","e":"n","st":"Suplente","dvt":"V\u00e1lido","vap":"5","pvap":"   0,02"},{"seq":"145","sqcand":"140001093214","n":"40040","nm":"PROFESSOR LUIZ ANT\u00d4NIO","cc":"PSB","nv":" ","e":"n","st":"N\u00e3o eleito","dvt":"V\u00e1lido","vap":"31","pvap":"   0,13"},{"seq":"46","sqcand":"140001052618","n":"20225","nm":"SERJOMAR DO SAL\u00c3O","cc":"PSC","nv":" ","e":"n","st":"Suplente","dvt":"V\u00e1lido","vap":"133","pvap":"   0,56"},{"seq":"61","sqcand":"140000811071","n":"45612","nm":"VAGMA DA BRADESCO","cc":"PSDB","nv":" ","e":"n","st":"Suplente","dvt":"V\u00e1lido","vap":"89","pvap":"   0,37"},{"seq":"60","sqcand":"140001052612","n":"20220","nm":"DAMI\u00c3O","cc":"PSC","nv":" ","e":"n","st":"Suplente","dvt":"V\u00e1lido","vap":"92","pvap":"   0,39"},{"seq":"121","sqcand":"140000660122","n":"55136","nm":"TEREZINHA TIA DA RODOVI\u00c1RIA","cc":"PSD","nv":" ","e":"n","st":"Suplente","dvt":"V\u00e1lido","vap":"5","pvap":"   0,02"},{"seq":"104","sqcand":"140000811054","n":"45645","nm":"DORINHA","cc":"PSDB","nv":" ","e":"n","st":"Suplente","dvt":"V\u00e1lido","vap":"29","pvap":"   0,12"},{"seq":"132","sqcand":"140001069215","n":"25123","nm":"ADRIANO","cc":"DEM","nv":" ","e":"n","st":"N\u00e3o eleito","dvt":"V\u00e1lido","vap":"99","pvap":"   0,41"},{"seq":"146","sqcand":"140000693574","n":"22613","nm":"WALDINAR NERYS","cc":"PL","nv":" ","e":"n","st":"N\u00e3o eleito","dvt":"V\u00e1lido","vap":"27","pvap":"   0,11"},{"seq":"72","sqcand":"140001046934","n":"13133","nm":"AD\u00c3O GELSON","cc":"PT","nv":" ","e":"n","st":"Suplente","dvt":"V\u00e1lido","vap":"72","pvap":"   0,30"},{"seq":"58","sqcand":"140000660123","n":"55600","nm":"TIAGUIM DO RESENHAS","cc":"PSD","nv":" ","e":"n","st":"Suplente","dvt":"V\u00e1lido","vap":"98","pvap":"   0,41"},{"seq":"142","sqcand":"140000693568","n":"22223","nm":"ROSENILDE SAMPAIO","cc":"PL","nv":" ","e":"n","st":"N\u00e3o eleito","dvt":"V\u00e1lido","vap":"40","pvap":"   0,17"},{"seq":"125","sqcand":"140000660119","n":"55090","nm":"CRYS SANTOS","cc":"PSD","nv":" ","e":"n","st":"Suplente","dvt":"V\u00e1lido","vap":"2","pvap":"   0,01"},{"seq":"59","sqcand":"140000811064","n":"45545","nm":"JOSE FILHO DA METAL FORTE","cc":"PSDB","nv":" ","e":"n","st":"Suplente","dvt":"V\u00e1lido","vap":"92","pvap":"   0,39"},{"seq":"34","sqcand":"140000690501","n":"15333","nm":"LEO","cc":"MDB","nv":" ","e":"n","st":"Suplente","dvt":"V\u00e1lido","vap":"209","pvap":"   0,87"},{"seq":"19","sqcand":"140001052611","n":"20800","nm":"PROFESSORA RUTHELLY","cc":"PSC","nv":" ","e":"n","st":"Suplente","dvt":"V\u00e1lido","vap":"391","pvap":"   1,64"},{"seq":"164","sqcand":"140001069218","n":"25151","nm":"JOSEMAR","cc":"DEM","nv":" ","e":"n","st":"N\u00e3o eleito","dvt":"V\u00e1lido","vap":"1","pvap":"   0,00"},{"seq":"45","sqcand":"140000811058","n":"45455","nm":"CLEUMAR RIBEIRO","cc":"PSDB","nv":" ","e":"n","st":"Suplente","dvt":"V\u00e1lido","vap":"134","pvap":"   0,56"},{"seq":"67","sqcand":"140001052604","n":"20300","nm":"TONY O AMADO DE DEUS","cc":"PSC","nv":" ","e":"n","st":"Suplente","dvt":"V\u00e1lido","vap":"77","pvap":"   0,32"},{"seq":"93","sqcand":"140000660106","n":"55155","nm":"ELSON DA \u00d3TICA","cc":"PSD","nv":" ","e":"n","st":"Suplente","dvt":"V\u00e1lido","vap":"39","pvap":"   0,16"},{"seq":"86","sqcand":"140001052616","n":"20500","nm":"UBERLINDO MEDEIROS","cc":"PSC","nv":" ","e":"n","st":"Suplente","dvt":"V\u00e1lido","vap":"46","pvap":"   0,19"},{"seq":"8","sqcand":"140001052600","n":"20100","nm":"LEOMAR PIRES","cc":"PSC","nv":" ","e":"s","st":"Eleito","dvt":"V\u00e1lido","vap":"525","pvap":"   2,20"},{"seq":"160","sqcand":"140001069209","n":"25121","nm":"CAMILA","cc":"DEM","nv":" ","e":"n","st":"N\u00e3o eleito","dvt":"V\u00e1lido","vap":"9","pvap":"   0,04"},{"seq":"100","sqcand":"140000810679","n":"12111","nm":"JOELSON MOUR\u00c3O","cc":"PDT","nv":" ","e":"n","st":"Suplente","dvt":"V\u00e1lido","vap":"33","pvap":"   0,14"},{"seq":"108","sqcand":"140001052603","n":"20620","nm":"WANESSA KYSLEY","cc":"PSC","nv":" ","e":"n","st":"Suplente","dvt":"V\u00e1lido","vap":"24","pvap":"   0,10"},{"seq":"130","sqcand":"140000693571","n":"22300","nm":"NETINHO DA CHAPISKOS","cc":"PL","nv":" ","e":"n","st":"N\u00e3o eleito","dvt":"V\u00e1lido","vap":"111","pvap":"   0,46"},{"seq":"156","sqcand":"140001069225","n":"25027","nm":"CAMILA MARTINS","cc":"DEM","nv":" ","e":"n","st":"N\u00e3o eleito","dvt":"V\u00e1lido","vap":"13","pvap":"   0,05"},{"seq":"31","sqcand":"140000811062","n":"45789","nm":"FABIO RONAN","cc":"PSDB","nv":" ","e":"n","st":"Suplente","dvt":"V\u00e1lido","vap":"231","pvap":"   0,97"},{"seq":"150","sqcand":"140001093216","n":"40345","nm":"PROFESSORA JACKELINE","cc":"PSB","nv":" ","e":"n","st":"N\u00e3o eleito","dvt":"V\u00e1lido","vap":"23","pvap":"   0,10"},{"seq":"70","sqcand":"140001063672","n":"23444","nm":"GILSON CARI","cc":"CIDADANIA","nv":" ","e":"n","st":"Suplente","dvt":"V\u00e1lido","vap":"74","pvap":"   0,31"},{"seq":"14","sqcand":"140000690491","n":"15678","nm":"PROFESSORA JUCI","cc":"MDB","nv":" ","e":"n","st":"Suplente","dvt":"V\u00e1lido","vap":"547","pvap":"   2,29"},{"seq":"73","sqcand":"140001063675","n":"23777","nm":"ED CASTRO","cc":"CIDADANIA","nv":" ","e":"n","st":"Suplente","dvt":"V\u00e1lido","vap":"68","pvap":"   0,28"},{"seq":"135","sqcand":"140000693572","n":"22321","nm":"NAYARA PIRES","cc":"PL","nv":" ","e":"n","st":"N\u00e3o eleito","dvt":"V\u00e1lido","vap":"93","pvap":"   0,39"},{"seq":"79","sqcand":"140000660118","n":"55321","nm":"LUDMILLA AIRES","cc":"PSD","nv":" ","e":"n","st":"Suplente","dvt":"V\u00e1lido","vap":"56","pvap":"   0,23"},{"seq":"107","sqcand":"140000810678","n":"12227","nm":"KH\u00caNIA R\u00c9GIA","cc":"PDT","nv":" ","e":"n","st":"Suplente","dvt":"V\u00e1lido","vap":"25","pvap":"   0,10"},{"seq":"1","sqcand":"140000810684","n":"12345","nm":"IGOR BARBOSA","cc":"PDT","nv":" ","e":"s","st":"Eleito","dvt":"V\u00e1lido","vap":"768","pvap":"   3,22"},{"seq":"134","sqcand":"140000693570","n":"22777","nm":"ARISVALDO ARA\u00daJO","cc":"PL","nv":" ","e":"n","st":"N\u00e3o eleito","dvt":"V\u00e1lido","vap":"93","pvap":"   0,39"},{"seq":"112","sqcand":"140001063661","n":"23540","nm":"LARISSA MARTINS","cc":"CIDADANIA","nv":" ","e":"n","st":"Suplente","dvt":"V\u00e1lido","vap":"22","pvap":"   0,09"},{"seq":"147","sqcand":"140001069211","n":"25530","nm":"JOS\u00c9 LUIZ","cc":"DEM","nv":" ","e":"n","st":"N\u00e3o eleito","dvt":"V\u00e1lido","vap":"27","pvap":"   0,11"},{"seq":"97","sqcand":"140001046922","n":"13555","nm":"PROFESSOR DIEGO","cc":"PT","nv":" ","e":"n","st":"Suplente","dvt":"V\u00e1lido","vap":"34","pvap":"   0,14"},{"seq":"4","sqcand":"140000690485","n":"15111","nm":"DIVINO DO ATACAD\u00c3O","cc":"MDB","nv":" ","e":"s","st":"Eleito","dvt":"V\u00e1lido","vap":"651","pvap":"   2,73"},{"seq":"28","sqcand":"140000810677","n":"12123","nm":"LEIA DO FLEPA","cc":"PDT","nv":" ","e":"n","st":"Suplente","dvt":"V\u00e1lido","vap":"246","pvap":"   1,03"},{"seq":"20","sqcand":"140000660110","n":"55123","nm":"FAUSTO BARROS","cc":"PSD","nv":" ","e":"n","st":"Suplente","dvt":"V\u00e1lido","vap":"377","pvap":"   1,58"},{"seq":"44","sqcand":"140000690503","n":"15400","nm":"MARIVALDO DA SA\u00daDE","cc":"MDB","nv":" ","e":"n","st":"Suplente","dvt":"V\u00e1lido","vap":"138","pvap":"   0,58"},{"seq":"37","sqcand":"140001046920","n":"13234","nm":"JO\u00c3O ROCHA","cc":"PT","nv":" ","e":"n","st":"Suplente","dvt":"V\u00e1lido","vap":"183","pvap":"   0,77"},{"seq":"24","sqcand":"140000811057","n":"45000","nm":"NENENZ\u00c3O DA BRADESCO","cc":"PSDB","nv":" ","e":"n","st":"Suplente","dvt":"V\u00e1lido","vap":"274","pvap":"   1,15"},{"seq":"23","sqcand":"140001063673","n":"23133","nm":"DERLY LUZ","cc":"CIDADANIA","nv":" ","e":"n","st":"Suplente","dvt":"V\u00e1lido","vap":"297","pvap":"   1,24"},{"seq":"54","sqcand":"140000660111","n":"55667","nm":"EVERALDO DA LECA","cc":"PSD","nv":" ","e":"n","st":"Suplente","dvt":"V\u00e1lido","vap":"105","pvap":"   0,44"},{"seq":"82","sqcand":"140000690490","n":"15222","nm":"JO\u00c3O DA GEOVAMIRA","cc":"MDB","nv":" ","e":"n","st":"Suplente","dvt":"V\u00e1lido","vap":"52","pvap":"   0,22"},{"seq":"144","sqcand":"140001093212","n":"40401","nm":"RENALDO DO CAF\u00c9 PENERA","cc":"PSB","nv":" ","e":"n","st":"N\u00e3o eleito","dvt":"V\u00e1lido","vap":"38","pvap":"   0,16"},{"seq":"151","sqcand":"140000811059","n":"45125","nm":"RAYLAN MATIAS","cc":"PSDB","nv":" ","e":"n","st":"N\u00e3o eleito","dvt":"Anulado sub judice","vap":"23","pvap":"   0,10"},{"seq":"38","sqcand":"140001052602","n":"20000","nm":"JO\u00c9LCIO","cc":"PSC","nv":" ","e":"n","st":"Suplente","dvt":"V\u00e1lido","vap":"162","pvap":"   0,68"},{"seq":"22","sqcand":"140000811069","n":"45222","nm":"AURELIO MILHOMEM","cc":"PSDB","nv":" ","e":"n","st":"Suplente","dvt":"V\u00e1lido","vap":"311","pvap":"   1,30"},{"seq":"149","sqcand":"140001069226","n":"25222","nm":"JANAINA","cc":"DEM","nv":" ","e":"n","st":"N\u00e3o eleito","dvt":"V\u00e1lido","vap":"25","pvap":"   0,10"},{"seq":"62","sqcand":"140001046918","n":"13222","nm":"NONATO DO VIVEIRO","cc":"PT","nv":" ","e":"n","st":"Suplente","dvt":"V\u00e1lido","vap":"87","pvap":"   0,36"},{"seq":"128","sqcand":"140000693565","n":"22111","nm":"EDGLEISON DO JIU JITSU","cc":"PL","nv":" ","e":"n","st":"N\u00e3o eleito","dvt":"V\u00e1lido","vap":"167","pvap":"   0,70"},{"seq":"65","sqcand":"140001052615","n":"20112","nm":"NONATO GAGO","cc":"PSC","nv":" ","e":"n","st":"Suplente","dvt":"V\u00e1lido","vap":"79","pvap":"   0,33"},{"seq":"3","sqcand":"140000811068","n":"45123","nm":"ZO","cc":"PSDB","nv":" ","e":"s","st":"Eleito","dvt":"V\u00e1lido","vap":"689","pvap":"   2,88"},{"seq":"30","sqcand":"140001046926","n":"13678","nm":"MARIA OLINDA","cc":"PT","nv":" ","e":"n","st":"Suplente","dvt":"V\u00e1lido","vap":"243","pvap":"   1,02"},{"seq":"136","sqcand":"140000693567","n":"22345","nm":"TONINHO","cc":"PL","nv":" ","e":"n","st":"N\u00e3o eleito","dvt":"V\u00e1lido","vap":"92","pvap":"   0,39"},{"seq":"9","sqcand":"140001052605","n":"20456","nm":"AL\u00ca QUINTINO","cc":"PSC","nv":" ","e":"s","st":"Eleito","dvt":"V\u00e1lido","vap":"500","pvap":"   2,09"},{"seq":"47","sqcand":"140000690497","n":"15100","nm":"MAURICIO DO POLY","cc":"MDB","nv":" ","e":"n","st":"Suplente","dvt":"V\u00e1lido","vap":"126","pvap":"   0,53"},{"seq":"89","sqcand":"140001063657","n":"23123","nm":"VANDERLAN LIMA","cc":"CIDADANIA","nv":" ","e":"n","st":"Suplente","dvt":"V\u00e1lido","vap":"43","pvap":"   0,18"},{"seq":"103","sqcand":"140000660108","n":"55205","nm":"DIEGO MELLO","cc":"PSD","nv":" ","e":"n","st":"Suplente","dvt":"V\u00e1lido","vap":"30","pvap":"   0,13"},{"seq":"18","sqcand":"140001052608","n":"20123","nm":"RUBAM","cc":"PSC","nv":" ","e":"n","st":"Suplente","dvt":"V\u00e1lido","vap":"397","pvap":"   1,66"},{"seq":"80","sqcand":"140001063662","n":"23111","nm":"JO\u00c3O BATISTA","cc":"CIDADANIA","nv":" ","e":"n","st":"Suplente","dvt":"V\u00e1lido","vap":"54","pvap":"   0,23"},{"seq":"102","sqcand":"140001052607","n":"20777","nm":"LAILA LEAL","cc":"PSC","nv":" ","e":"n","st":"Suplente","dvt":"V\u00e1lido","vap":"30","pvap":"   0,13"},{"seq":"77","sqcand":"140001063669","n":"23234","nm":"MAGNO ALVES","cc":"CIDADANIA","nv":" ","e":"n","st":"Suplente","dvt":"V\u00e1lido","vap":"61","pvap":"   0,26"},{"seq":"68","sqcand":"140000690500","n":"15250","nm":"ELSINHO","cc":"MDB","nv":" ","e":"n","st":"Suplente","dvt":"V\u00e1lido","vap":"75","pvap":"   0,31"},{"seq":"143","sqcand":"140001249364","n":"65555","nm":"PROFESSOR VALDEMIR","cc":"PC do B","nv":" ","e":"n","st":"N\u00e3o eleito","dvt":"V\u00e1lido","vap":"39","pvap":"   0,16"},{"seq":"29","sqcand":"140001046925","n":"13654","nm":"COT\u00c3O","cc":"PT","nv":" ","e":"n","st":"Suplente","dvt":"V\u00e1lido","vap":"245","pvap":"   1,03"},{"seq":"141","sqcand":"140001069228","n":"25100","nm":"JUNIOR COELHO","cc":"DEM","nv":" ","e":"n","st":"N\u00e3o eleito","dvt":"V\u00e1lido","vap":"48","pvap":"   0,20"},{"seq":"64","sqcand":"140001046919","n":"13258","nm":"LINDOMAR DA CANARANA","cc":"PT","nv":" ","e":"n","st":"Suplente","dvt":"V\u00e1lido","vap":"79","pvap":"   0,33"},{"seq":"48","sqcand":"140001046930","n":"13613","nm":"DEUZENIR CORDEIRO","cc":"PT","nv":" ","e":"n","st":"Suplente","dvt":"V\u00e1lido","vap":"126","pvap":"   0,53"},{"seq":"15","sqcand":"140000690493","n":"15789","nm":"PROFESSOR ROBSON","cc":"MDB","nv":" ","e":"n","st":"Suplente","dvt":"V\u00e1lido","vap":"507","pvap":"   2,12"},{"seq":"5","sqcand":"140000690492","n":"15555","nm":"JUVENAL NAPIN","cc":"MDB","nv":" ","e":"s","st":"Eleito","dvt":"V\u00e1lido","vap":"650","pvap":"   2,72"},{"seq":"35","sqcand":"140001046923","n":"13444","nm":"VIANI BRAGA","cc":"PT","nv":" ","e":"n","st":"Suplente","dvt":"V\u00e1lido","vap":"204","pvap":"   0,85"},{"seq":"131","sqcand":"140000693569","n":"22616","nm":"LAIANE LIRA","cc":"PL","nv":" ","e":"n","st":"N\u00e3o eleito","dvt":"V\u00e1lido","vap":"101","pvap":"   0,42"},{"seq":"26","sqcand":"140001063668","n":"23333","nm":"DIEGO ALVES","cc":"CIDADANIA","nv":" ","e":"n","st":"Suplente","dvt":"V\u00e1lido","vap":"264","pvap":"   1,11"},{"seq":"81","sqcand":"140001063674","n":"23007","nm":"ELAINE ALVES","cc":"CIDADANIA","nv":" ","e":"n","st":"Suplente","dvt":"V\u00e1lido","vap":"53","pvap":"   0,22"},{"seq":"148","sqcand":"140001069212","n":"25678","nm":"GORETHE","cc":"DEM","nv":" ","e":"n","st":"N\u00e3o eleito","dvt":"V\u00e1lido","vap":"26","pvap":"   0,11"},{"seq":"2","sqcand":"140000690488","n":"15123","nm":"EDILSON SILVA","cc":"MDB","nv":" ","e":"s","st":"Eleito","dvt":"V\u00e1lido","vap":"741","pvap":"   3,10"},{"seq":"16","sqcand":"140000690494","n":"15610","nm":"WBIRAMAR BAS\u00cdLIO","cc":"MDB","nv":" ","e":"n","st":"Suplente","dvt":"V\u00e1lido","vap":"435","pvap":"   1,82"},{"seq":"10","sqcand":"140000660114","n":"55678","nm":"JOSIEL LIMA","cc":"PSD","nv":" ","e":"s","st":"Eleito","dvt":"V\u00e1lido","vap":"496","pvap":"   2,08"},{"seq":"133","sqcand":"140001069227","n":"25111","nm":"AROEIRA","cc":"DEM","nv":" ","e":"n","st":"N\u00e3o eleito","dvt":"V\u00e1lido","vap":"98","pvap":"   0,41"},{"seq":"13","sqcand":"140001046931","n":"13123","nm":"SHARLES PEIXOTO","cc":"PT","nv":" ","e":"s","st":"Eleito","dvt":"V\u00e1lido","vap":"280","pvap":"   1,17"},{"seq":"74","sqcand":"140001063664","n":"23421","nm":"JOS\u00c9 SIBADY","cc":"CIDADANIA","nv":" ","e":"n","st":"Suplente","dvt":"V\u00e1lido","vap":"67","pvap":"   0,28"},{"seq":"17","sqcand":"140001052606","n":"20200","nm":"JOAQUIM LUIZ","cc":"PSC","nv":" ","e":"n","st":"Suplente","dvt":"V\u00e1lido","vap":"426","pvap":"   1,78"},{"seq":"83","sqcand":"140001046928","n":"13333","nm":"ALINE VALENTINA","cc":"PT","nv":" ","e":"n","st":"Suplente","dvt":"V\u00e1lido","vap":"52","pvap":"   0,22"},{"seq":"39","sqcand":"140001052619","n":"20020","nm":"TERESA DA \u00d3TICA","cc":"PSC","nv":" ","e":"n","st":"Suplente","dvt":"V\u00e1lido","vap":"158","pvap":"   0,66"},{"seq":"162","sqcand":"140001069221","n":"25555","nm":"JOS\u00c9 GERALDO","cc":"DEM","nv":" ","e":"n","st":"N\u00e3o eleito","dvt":"V\u00e1lido","vap":"5","pvap":"   0,02"},{"seq":"111","sqcand":"140000660117","n":"55150","nm":"MAX BOMBAS","cc":"PSD","nv":" ","e":"n","st":"Suplente","dvt":"V\u00e1lido","vap":"23","pvap":"   0,10"},{"seq":"75","sqcand":"140001063665","n":"23200","nm":"DJACI FONSECA","cc":"CIDADANIA","nv":" ","e":"n","st":"Suplente","dvt":"V\u00e1lido","vap":"64","pvap":"   0,27"},{"seq":"118","sqcand":"140000811060","n":"45369","nm":"LUDIMILLA CASTRO","cc":"PSDB","nv":" ","e":"n","st":"Suplente","dvt":"V\u00e1lido","vap":"7","pvap":"   0,03"},{"seq":"126","sqcand":"140001093215","n":"40421","nm":"WANDA AQUINO","cc":"PSB","nv":" ","e":"n","st":"N\u00e3o eleito","dvt":"V\u00e1lido","vap":"339","pvap":"   1,42"},{"seq":"106","sqcand":"140001046927","n":"13142","nm":"DINA","cc":"PT","nv":" ","e":"n","st":"Suplente","dvt":"V\u00e1lido","vap":"29","pvap":"   0,12"},{"seq":"110","sqcand":"140001063659","n":"23531","nm":"MARGARETH MAIA","cc":"CIDADANIA","nv":" ","e":"n","st":"Suplente","dvt":"V\u00e1lido","vap":"24","pvap":"   0,10"},{"seq":"71","sqcand":"140001052613","n":"20222","nm":"SUB TEN ROSIANE MONTEIRO","cc":"PSC","nv":" ","e":"n","st":"Suplente","dvt":"V\u00e1lido","vap":"73","pvap":"   0,31"},{"seq":"109","sqcand":"140000811063","n":"45266","nm":"JERRY FEITOSA","cc":"PSDB","nv":" ","e":"n","st":"Suplente","dvt":"V\u00e1lido","vap":"24","pvap":"   0,10"},{"seq":"90","sqcand":"140000660105","n":"55040","nm":"GASOLINA","cc":"PSD","nv":" ","e":"n","st":"Suplente","dvt":"V\u00e1lido","vap":"41","pvap":"   0,17"},{"seq":"129","sqcand":"140000693566","n":"22123","nm":"IVAN DO MILIONARIO","cc":"PL","nv":" ","e":"n","st":"N\u00e3o eleito","dvt":"V\u00e1lido","vap":"132","pvap":"   0,55"},{"seq":"43","sqcand":"140001063671","n":"23555","nm":"VALDINEIDE GARI","cc":"CIDADANIA","nv":" ","e":"n","st":"Suplente","dvt":"V\u00e1lido","vap":"139","pvap":"   0,58"},{"seq":"154","sqcand":"140001069216","n":"25125","nm":"EUDOXIA","cc":"DEM","nv":" ","e":"n","st":"N\u00e3o eleito","dvt":"V\u00e1lido","vap":"16","pvap":"   0,07"},{"seq":"123","sqcand":"140001063670","n":"23197","nm":"JOEL SANTIAGO","cc":"CIDADANIA","nv":" ","e":"n","st":"Suplente","dvt":"V\u00e1lido","vap":"3","pvap":"   0,01"},{"seq":"91","sqcand":"140001052601","n":"20120","nm":"MARADONA CANTOR","cc":"PSC","nv":" ","e":"n","st":"Suplente","dvt":"V\u00e1lido","vap":"40","pvap":"   0,17"},{"seq":"152","sqcand":"140001249137","n":"40537","nm":"WELLINGTON BRITO","cc":"PSB","nv":" ","e":"n","st":"N\u00e3o eleito","dvt":"V\u00e1lido","vap":"17","pvap":"   0,07"},{"seq":"163","sqcand":"140001069222","n":"25025","nm":"RICARDO MEDEIROS","cc":"DEM","nv":" ","e":"n","st":"N\u00e3o eleito","dvt":"Anulado sub judice","vap":"2","pvap":"   0,01"},{"seq":"36","sqcand":"140000810673","n":"12670","nm":"F\u00c1BIO VALAD\u00c3O","cc":"PDT","nv":" ","e":"n","st":"Suplente","dvt":"V\u00e1lido","vap":"189","pvap":"   0,79"},{"seq":"55","sqcand":"140000811065","n":"45333","nm":"ODILIA MORAES","cc":"PSDB","nv":" ","e":"n","st":"Suplente","dvt":"V\u00e1lido","vap":"105","pvap":"   0,44"},{"seq":"114","sqcand":"140000810674","n":"12358","nm":"LUIS PEDREIRO","cc":"PDT","nv":" ","e":"n","st":"Suplente","dvt":"V\u00e1lido","vap":"19","pvap":"   0,08"}]}
