{"ele":"426","tpabr":"mu","cdabr":"04596","carper":"13","t":"1","f":"o","dt":"15/11/2020","ht":"22:32:12","dv":"s","tf":"s","v":"9","esae":"n","mnae":"","s":"22","st":"22","pst":" 100,00","snt":"0","psnt":"   0,00","si":"22","psi":" 100,00","sni":"0","psni":"   0,00","sa":"22","psa":" 100,00","sna":"0","psna":"   0,00","e":"6449","ea":"6449","pea":" 100,00","ena":"0","pena":"   0,00","esi":"6449","pesi":" 100,00","esni":"0","pesni":"   0,00","c":"5494","pc":"  85,19","a":"955","pa":"  14,81","vscv":"0","vnom":"5161","vl":"180","pvnom":"  96,63","pvl":"   3,37","vvc":"5380","pvvc":"  97,93","vb":"17","pvb":"   0,30","tvn":"97","ptvn":"   1,77","vn":"97","pvn":" 100,00","vnt":"0","pvnt":"   0,00","vp":"0","pvp":"   0,00","vv":"5341","pvv":"  99,28","van":"0","pvan":"   0,00","vansj":"39","pvansj":"   0,72","tv":"5494","cand":[{"seq":"58","sqcand":"140000790815","n":"28678","nm":"HADZON","cc":"PRTB","nv":" ","e":"n","st":"N\u00e3o eleito","dvt":"V\u00e1lido","vap":"24","pvap":"   0,45"},{"seq":"19","sqcand":"140000793424","n":"90000","nm":"TAFAREL","cc":"PROS","nv":" ","e":"n","st":"Suplente","dvt":"V\u00e1lido","vap":"103","pvap":"   1,91"},{"seq":"50","sqcand":"140000792477","n":"45300","nm":"THATY SOUZA","cc":"PSDB","nv":" ","e":"n","st":"Suplente","dvt":"V\u00e1lido","vap":"12","pvap":"   0,22"},{"seq":"55","sqcand":"140000793423","n":"90235","nm":"JANETE","cc":"PROS","nv":" ","e":"n","st":"Suplente","dvt":"V\u00e1lido","vap":"1","pvap":"   0,02"},{"seq":"44","sqcand":"140001051089","n":"25666","nm":"MIRIAM","cc":"DEM","nv":" ","e":"n","st":"Suplente","dvt":"V\u00e1lido","vap":"20","pvap":"   0,37"},{"seq":"13","sqcand":"140001052820","n":"55789","nm":"ELIEL VIANA","cc":"PSD","nv":" ","e":"n","st":"Suplente","dvt":"V\u00e1lido","vap":"155","pvap":"   2,88"},{"seq":"36","sqcand":"140000793426","n":"90123","nm":"LENILSON SANTOS","cc":"PROS","nv":" ","e":"n","st":"Suplente","dvt":"V\u00e1lido","vap":"34","pvap":"   0,63"},{"seq":"30","sqcand":"140000793419","n":"90777","nm":"SABA DUQUE","cc":"PROS","nv":" ","e":"n","st":"Suplente","dvt":"V\u00e1lido","vap":"54","pvap":"   1,00"},{"seq":"35","sqcand":"140001051084","n":"25222","nm":"CAPADOCIA","cc":"DEM","nv":" ","e":"n","st":"Suplente","dvt":"V\u00e1lido","vap":"37","pvap":"   0,69"},{"seq":"70","sqcand":"140000789624","n":"17336","nm":"ISABEL","cc":"PSL","nv":" ","e":"n","st":"N\u00e3o eleito","dvt":"V\u00e1lido","vap":"0","pvap":"00.00"},{"seq":"54","sqcand":"140000792479","n":"45333","nm":"ISABETE SALES","cc":"PSDB","nv":" ","e":"n","st":"Suplente","dvt":"V\u00e1lido","vap":"1","pvap":"   0,02"},{"seq":"34","sqcand":"140000792487","n":"45999","nm":"ALAIN  SANTOS","cc":"PSDB","nv":" ","e":"n","st":"Suplente","dvt":"V\u00e1lido","vap":"40","pvap":"   0,74"},{"seq":"59","sqcand":"140000790820","n":"28000","nm":"ROMULO GUERREIRO","cc":"PRTB","nv":" ","e":"n","st":"N\u00e3o eleito","dvt":"V\u00e1lido","vap":"21","pvap":"   0,39"},{"seq":"51","sqcand":"140001049123","n":"14999","nm":"ZENI","cc":"PTB","nv":" ","e":"n","st":"Suplente","dvt":"V\u00e1lido","vap":"10","pvap":"   0,19"},{"seq":"42","sqcand":"140000768098","n":"15222","nm":"WILLAME","cc":"MDB","nv":" ","e":"n","st":"Suplente","dvt":"V\u00e1lido","vap":"23","pvap":"   0,43"},{"seq":"40","sqcand":"140000792483","n":"45777","nm":"ROSEANE MARTINS","cc":"PSDB","nv":" ","e":"n","st":"Suplente","dvt":"V\u00e1lido","vap":"24","pvap":"   0,45"},{"seq":"21","sqcand":"140001052824","n":"55666","nm":"MARQUINHO","cc":"PSD","nv":" ","e":"n","st":"Suplente","dvt":"V\u00e1lido","vap":"96","pvap":"   1,78"},{"seq":"23","sqcand":"140001049125","n":"14555","nm":"POCOZINHO","cc":"PTB","nv":" ","e":"n","st":"Suplente","dvt":"V\u00e1lido","vap":"88","pvap":"   1,64"},{"seq":"61","sqcand":"140000790817","n":"28500","nm":"CINTIA MELO","cc":"PRTB","nv":" ","e":"n","st":"N\u00e3o eleito","dvt":"V\u00e1lido","vap":"9","pvap":"   0,17"},{"seq":"1","sqcand":"140000792485","n":"45678","nm":"DELIVAR GUIMARAES","cc":"PSDB","nv":" ","e":"s","st":"Eleito","dvt":"V\u00e1lido","vap":"303","pvap":"   5,63"},{"seq":"16","sqcand":"140001051086","n":"25000","nm":"ARTHUR BRASIL","cc":"DEM","nv":" ","e":"n","st":"Suplente","dvt":"V\u00e1lido","vap":"111","pvap":"   2,06"},{"seq":"20","sqcand":"140001049126","n":"14777","nm":"RONI DUQUE","cc":"PTB","nv":" ","e":"n","st":"Suplente","dvt":"V\u00e1lido","vap":"102","pvap":"   1,90"},{"seq":"62","sqcand":"140000790816","n":"28567","nm":"TA\u00cdCO","cc":"PRTB","nv":" ","e":"n","st":"N\u00e3o eleito","dvt":"V\u00e1lido","vap":"8","pvap":"   0,15"},{"seq":"24","sqcand":"140001052823","n":"55444","nm":"KELSE BALADA","cc":"PSD","nv":" ","e":"n","st":"Suplente","dvt":"V\u00e1lido","vap":"86","pvap":"   1,60"},{"seq":"29","sqcand":"140001051087","n":"25025","nm":"BACABA","cc":"DEM","nv":" ","e":"n","st":"Suplente","dvt":"V\u00e1lido","vap":"55","pvap":"   1,02"},{"seq":"11","sqcand":"140000792480","n":"45550","nm":"YUME DANNA","cc":"PSDB","nv":" ","e":"n","st":"Suplente","dvt":"V\u00e1lido","vap":"218","pvap":"   4,05"},{"seq":"9","sqcand":"140001051088","n":"25333","nm":"JOAO CASTRO","cc":"DEM","nv":" ","e":"s","st":"Eleito","dvt":"V\u00e1lido","vap":"149","pvap":"   2,77"},{"seq":"17","sqcand":"140001051085","n":"25444","nm":"JOAO FEITICEIRO","cc":"DEM","nv":" ","e":"n","st":"Suplente","dvt":"V\u00e1lido","vap":"106","pvap":"   1,97"},{"seq":"7","sqcand":"140001052819","n":"55555","nm":"GRINGO","cc":"PSD","nv":" ","e":"s","st":"Eleito","dvt":"V\u00e1lido","vap":"195","pvap":"   3,62"},{"seq":"15","sqcand":"140001052825","n":"55333","nm":"HELOISA CARVALHO","cc":"PSD","nv":" ","e":"n","st":"Suplente","dvt":"V\u00e1lido","vap":"112","pvap":"   2,08"},{"seq":"46","sqcand":"140001049128","n":"14444","nm":"AUGUSTO MOTOTAXISTA","cc":"PTB","nv":" ","e":"n","st":"Suplente","dvt":"V\u00e1lido","vap":"17","pvap":"   0,32"},{"seq":"67","sqcand":"140000789628","n":"17889","nm":"SAFIANE","cc":"PSL","nv":" ","e":"n","st":"N\u00e3o eleito","dvt":"V\u00e1lido","vap":"2","pvap":"   0,04"},{"seq":"68","sqcand":"140000789626","n":"17125","nm":"KEILIANE CAMPOS","cc":"PSL","nv":" ","e":"n","st":"N\u00e3o eleito","dvt":"V\u00e1lido","vap":"2","pvap":"   0,04"},{"seq":"41","sqcand":"140000768092","n":"15333","nm":"FABICO","cc":"MDB","nv":" ","e":"n","st":"Suplente","dvt":"V\u00e1lido","vap":"23","pvap":"   0,43"},{"seq":"3","sqcand":"140000768096","n":"15234","nm":"JONES GUERREIRO","cc":"MDB","nv":" ","e":"s","st":"Eleito","dvt":"V\u00e1lido","vap":"268","pvap":"   4,98"},{"seq":"57","sqcand":"140000792481","n":"45122","nm":"CHIQUINHO","cc":"PSDB","nv":" ","e":"n","st":"N\u00e3o eleito","dvt":"Anulado sub judice","vap":"39","pvap":"   0,72"},{"seq":"48","sqcand":"140001052817","n":"55999","nm":"KELLY","cc":"PSD","nv":" ","e":"n","st":"Suplente","dvt":"V\u00e1lido","vap":"16","pvap":"   0,30"},{"seq":"6","sqcand":"140000792482","n":"45580","nm":"DJALMA","cc":"PSDB","nv":" ","e":"s","st":"Eleito","dvt":"V\u00e1lido","vap":"223","pvap":"   4,14"},{"seq":"65","sqcand":"140000789625","n":"17449","nm":"ROSETE","cc":"PSL","nv":" ","e":"n","st":"N\u00e3o eleito","dvt":"V\u00e1lido","vap":"3","pvap":"   0,06"},{"seq":"31","sqcand":"140000792478","n":"45123","nm":"BIRIB\u00c1","cc":"PSDB","nv":" ","e":"n","st":"Suplente","dvt":"V\u00e1lido","vap":"52","pvap":"   0,97"},{"seq":"8","sqcand":"140001049127","n":"14000","nm":"HILDO TAVARES","cc":"PTB","nv":" ","e":"s","st":"Eleito","dvt":"V\u00e1lido","vap":"166","pvap":"   3,09"},{"seq":"52","sqcand":"140000792486","n":"45680","nm":"KANAHTXE","cc":"PSDB","nv":" ","e":"n","st":"Suplente","dvt":"V\u00e1lido","vap":"8","pvap":"   0,15"},{"seq":"66","sqcand":"140000789627","n":"17124","nm":"RENATO LEAL","cc":"PSL","nv":" ","e":"n","st":"N\u00e3o eleito","dvt":"V\u00e1lido","vap":"3","pvap":"   0,06"},{"seq":"27","sqcand":"140000768091","n":"15555","nm":"VADICO","cc":"MDB","nv":" ","e":"n","st":"Suplente","dvt":"V\u00e1lido","vap":"65","pvap":"   1,21"},{"seq":"45","sqcand":"140001052822","n":"55123","nm":"GULITA","cc":"PSD","nv":" ","e":"n","st":"Suplente","dvt":"V\u00e1lido","vap":"17","pvap":"   0,32"},{"seq":"37","sqcand":"140000793427","n":"90500","nm":"RONY FARO","cc":"PROS","nv":" ","e":"n","st":"Suplente","dvt":"V\u00e1lido","vap":"32","pvap":"   0,59"},{"seq":"60","sqcand":"140000790813","n":"28123","nm":"CARMELINHA","cc":"PRTB","nv":" ","e":"n","st":"N\u00e3o eleito","dvt":"V\u00e1lido","vap":"16","pvap":"   0,30"},{"seq":"38","sqcand":"140000768094","n":"15970","nm":"LINDO","cc":"MDB","nv":" ","e":"n","st":"Suplente","dvt":"V\u00e1lido","vap":"29","pvap":"   0,54"},{"seq":"14","sqcand":"140000768097","n":"15000","nm":"NILSON GON\u00c7ALVES","cc":"MDB","nv":" ","e":"n","st":"Suplente","dvt":"V\u00e1lido","vap":"148","pvap":"   2,75"},{"seq":"64","sqcand":"140000790814","n":"28222","nm":"JAIANA BRASIL","cc":"PRTB","nv":" ","e":"n","st":"N\u00e3o eleito","dvt":"V\u00e1lido","vap":"5","pvap":"   0,09"},{"seq":"32","sqcand":"140001052816","n":"55222","nm":"JEAN MIRANDA","cc":"PSD","nv":" ","e":"n","st":"Suplente","dvt":"V\u00e1lido","vap":"50","pvap":"   0,93"},{"seq":"39","sqcand":"140000792484","n":"45555","nm":"SUENA","cc":"PSDB","nv":" ","e":"n","st":"Suplente","dvt":"V\u00e1lido","vap":"28","pvap":"   0,52"},{"seq":"12","sqcand":"140000768089","n":"15123","nm":"BRUNA","cc":"MDB","nv":" ","e":"n","st":"Suplente","dvt":"V\u00e1lido","vap":"196","pvap":"   3,64"},{"seq":"10","sqcand":"140000768095","n":"15500","nm":"VIT\u00d3RIA","cc":"MDB","nv":" ","e":"n","st":"Suplente","dvt":"V\u00e1lido","vap":"245","pvap":"   4,55"},{"seq":"26","sqcand":"140001052818","n":"55111","nm":"MARIENE REIS","cc":"PSD","nv":" ","e":"n","st":"Suplente","dvt":"V\u00e1lido","vap":"73","pvap":"   1,36"},{"seq":"5","sqcand":"140000793421","n":"90555","nm":"ALEXANDRE GUERREIRO","cc":"PROS","nv":" ","e":"s","st":"Eleito","dvt":"V\u00e1lido","vap":"240","pvap":"   4,46"},{"seq":"47","sqcand":"140001052827","n":"55888","nm":"BIGALO","cc":"PSD","nv":" ","e":"n","st":"Suplente","dvt":"V\u00e1lido","vap":"16","pvap":"   0,30"},{"seq":"2","sqcand":"140000768093","n":"15300","nm":"ROSETE DUQUE","cc":"MDB","nv":" ","e":"s","st":"Eleito","dvt":"V\u00e1lido","vap":"295","pvap":"   5,48"},{"seq":"49","sqcand":"140000793420","n":"90137","nm":"AURIMAR","cc":"PROS","nv":" ","e":"n","st":"Suplente","dvt":"V\u00e1lido","vap":"12","pvap":"   0,22"},{"seq":"53","sqcand":"140001049122","n":"14500","nm":"JOSI CANTORA","cc":"PTB","nv":" ","e":"n","st":"Suplente","dvt":"V\u00e1lido","vap":"8","pvap":"   0,15"},{"seq":"4","sqcand":"140000768090","n":"15678","nm":"BELAME","cc":"MDB","nv":" ","e":"s","st":"Eleito","dvt":"V\u00e1lido","vap":"249","pvap":"   4,63"},{"seq":"63","sqcand":"140000789629","n":"17123","nm":"WALDOLIRIO","cc":"PSL","nv":" ","e":"n","st":"N\u00e3o eleito","dvt":"V\u00e1lido","vap":"5","pvap":"   0,09"},{"seq":"25","sqcand":"140001049124","n":"14123","nm":"CHICO MALUCO","cc":"PTB","nv":" ","e":"n","st":"Suplente","dvt":"V\u00e1lido","vap":"73","pvap":"   1,36"},{"seq":"56","sqcand":"140000790819","n":"28777","nm":"PYLBER GUIMARAES","cc":"PRTB","nv":" ","e":"n","st":"N\u00e3o eleito","dvt":"V\u00e1lido","vap":"53","pvap":"   0,99"},{"seq":"33","sqcand":"140001051090","n":"25123","nm":"CEARA","cc":"DEM","nv":" ","e":"n","st":"Suplente","dvt":"V\u00e1lido","vap":"48","pvap":"   0,89"},{"seq":"69","sqcand":"140000790818","n":"28555","nm":"TATIANE MARTINS","cc":"PRTB","nv":" ","e":"n","st":"N\u00e3o eleito","dvt":"V\u00e1lido","vap":"1","pvap":"   0,02"},{"seq":"22","sqcand":"140000793425","n":"90600","nm":"GODY","cc":"PROS","nv":" ","e":"n","st":"Suplente","dvt":"V\u00e1lido","vap":"91","pvap":"   1,69"},{"seq":"43","sqcand":"140001052821","n":"55234","nm":"C\u00c9LIO","cc":"PSD","nv":" ","e":"n","st":"Suplente","dvt":"V\u00e1lido","vap":"21","pvap":"   0,39"},{"seq":"18","sqcand":"140000793422","n":"90456","nm":"IONI PINTO","cc":"PROS","nv":" ","e":"n","st":"Suplente","dvt":"V\u00e1lido","vap":"106","pvap":"   1,97"},{"seq":"28","sqcand":"140000793428","n":"90222","nm":"EVANILDO BURACO","cc":"PROS","nv":" ","e":"n","st":"Suplente","dvt":"V\u00e1lido","vap":"59","pvap":"   1,10"}]}
