{"ele":"426","tpabr":"mu","cdabr":"04677","carper":"13","t":"1","f":"o","dt":"15/11/2020","ht":"22:06:46","dv":"s","tf":"s","v":"9","esae":"n","mnae":"","s":"29","st":"29","pst":" 100,00","snt":"0","psnt":"   0,00","si":"29","psi":" 100,00","sni":"0","psni":"   0,00","sa":"29","psa":" 100,00","sna":"0","psna":"   0,00","e":"8402","ea":"8402","pea":" 100,00","ena":"0","pena":"   0,00","esi":"8402","pesi":" 100,00","esni":"0","pesni":"   0,00","c":"7546","pc":"  89,81","a":"856","pa":"  10,19","vscv":"0","vnom":"6924","vl":"376","pvnom":"  94,85","pvl":"   5,15","vvc":"7331","pvvc":"  97,15","vb":"69","pvb":"   0,92","tvn":"146","ptvn":"   1,93","vn":"144","pvn":"  98,63","vnt":"2","pvnt":"   1,37","vp":"0","pvp":"   0,00","vv":"7300","pvv":"  99,58","van":"0","pvan":"   0,00","vansj":"31","pvansj":"   0,42","tv":"7546","cand":[{"seq":"55","sqcand":"140000720385","n":"25111","nm":"SORAIA","cc":"DEM","nv":" ","e":"n","st":"Suplente","dvt":"V\u00e1lido","vap":"20","pvap":"   0,27"},{"seq":"22","sqcand":"140000720391","n":"25147","nm":"PROFESSORA SUSY","cc":"DEM","nv":" ","e":"n","st":"Suplente","dvt":"V\u00e1lido","vap":"102","pvap":"   1,39"},{"seq":"43","sqcand":"140000720380","n":"25255","nm":"PASTORA HEID","cc":"DEM","nv":" ","e":"n","st":"Suplente","dvt":"V\u00e1lido","vap":"36","pvap":"   0,49"},{"seq":"54","sqcand":"140001005260","n":"15456","nm":"CIP\u00d3 DE FOGO","cc":"MDB","nv":" ","e":"n","st":"Suplente","dvt":"V\u00e1lido","vap":"20","pvap":"   0,27"},{"seq":"42","sqcand":"140000720804","n":"55111","nm":"SIMONE ESQUERDO","cc":"PSD","nv":" ","e":"n","st":"Suplente","dvt":"V\u00e1lido","vap":"37","pvap":"   0,50"},{"seq":"51","sqcand":"140000982645","n":"22113","nm":"BETO DA KOMBI","cc":"PL","nv":" ","e":"n","st":"Suplente","dvt":"V\u00e1lido","vap":"25","pvap":"   0,34"},{"seq":"38","sqcand":"140000982642","n":"22456","nm":"ADRIANA","cc":"PL","nv":" ","e":"n","st":"Suplente","dvt":"V\u00e1lido","vap":"44","pvap":"   0,60"},{"seq":"18","sqcand":"140000720806","n":"55127","nm":"CLAUDIO SALOM\u00c3O","cc":"PSD","nv":" ","e":"n","st":"Suplente","dvt":"V\u00e1lido","vap":"116","pvap":"   1,58"},{"seq":"81","sqcand":"140000761640","n":"65213","nm":"CLENILDA SANTIAGO","cc":"PC do B","nv":" ","e":"n","st":"N\u00e3o eleito","dvt":"V\u00e1lido","vap":"18","pvap":"   0,25"},{"seq":"35","sqcand":"140000720811","n":"55456","nm":"ADRIANA MENDES","cc":"PSD","nv":" ","e":"n","st":"Suplente","dvt":"V\u00e1lido","vap":"54","pvap":"   0,74"},{"seq":"50","sqcand":"140001005254","n":"15333","nm":"DOMINGOS","cc":"MDB","nv":" ","e":"n","st":"Suplente","dvt":"V\u00e1lido","vap":"28","pvap":"   0,38"},{"seq":"64","sqcand":"140001005258","n":"15345","nm":"TEREZA DA MINECA","cc":"MDB","nv":" ","e":"n","st":"Suplente","dvt":"V\u00e1lido","vap":"10","pvap":"   0,14"},{"seq":"34","sqcand":"140000982639","n":"22444","nm":"M\u00c1RCIO","cc":"PL","nv":" ","e":"n","st":"Suplente","dvt":"V\u00e1lido","vap":"61","pvap":"   0,83"},{"seq":"95","sqcand":"140001036341","n":"33555","nm":"ANA DO SINDICATO","cc":"PMN","nv":" ","e":"n","st":"N\u00e3o eleito","dvt":"V\u00e1lido","vap":"4","pvap":"   0,05"},{"seq":"30","sqcand":"140000720387","n":"25192","nm":"BOJOCA","cc":"DEM","nv":" ","e":"n","st":"Suplente","dvt":"V\u00e1lido","vap":"79","pvap":"   1,08"},{"seq":"92","sqcand":"140001098635","n":"10024","nm":"JO\u00c3O PAULO","cc":"REPUBLICANOS","nv":" ","e":"n","st":"N\u00e3o eleito","dvt":"V\u00e1lido","vap":"6","pvap":"   0,08"},{"seq":"94","sqcand":"140001098643","n":"10222","nm":"CAROL","cc":"REPUBLICANOS","nv":" ","e":"n","st":"N\u00e3o eleito","dvt":"V\u00e1lido","vap":"5","pvap":"   0,07"},{"seq":"12","sqcand":"140000720390","n":"25123","nm":"SANON","cc":"DEM","nv":" ","e":"n","st":"Suplente","dvt":"V\u00e1lido","vap":"177","pvap":"   2,41"},{"seq":"71","sqcand":"140001098637","n":"10020","nm":"LEANDRO CASTRO","cc":"REPUBLICANOS","nv":" ","e":"n","st":"N\u00e3o eleito","dvt":"V\u00e1lido","vap":"36","pvap":"   0,49"},{"seq":"31","sqcand":"140001005255","n":"15100","nm":"LICO","cc":"MDB","nv":" ","e":"n","st":"Suplente","dvt":"V\u00e1lido","vap":"75","pvap":"   1,02"},{"seq":"79","sqcand":"140001036211","n":"51100","nm":"Z\u00c9 RODRIGO","cc":"PATRIOTA","nv":" ","e":"n","st":"N\u00e3o eleito","dvt":"V\u00e1lido","vap":"22","pvap":"   0,30"},{"seq":"52","sqcand":"140000720813","n":"55777","nm":"L\u00c9O PRESTA\u00c7\u00c3O","cc":"PSD","nv":" ","e":"n","st":"Suplente","dvt":"V\u00e1lido","vap":"24","pvap":"   0,33"},{"seq":"11","sqcand":"140000720426","n":"12000","nm":"BIRRINHO","cc":"PDT","nv":" ","e":"n","st":"Suplente","dvt":"V\u00e1lido","vap":"203","pvap":"   2,77"},{"seq":"98","sqcand":"140001036340","n":"33333","nm":"FRANCY","cc":"PMN","nv":" ","e":"n","st":"N\u00e3o eleito","dvt":"V\u00e1lido","vap":"3","pvap":"   0,04"},{"seq":"100","sqcand":"140001036343","n":"33123","nm":"NORMANDO","cc":"PMN","nv":" ","e":"n","st":"N\u00e3o eleito","dvt":"V\u00e1lido","vap":"0","pvap":"00.00"},{"seq":"25","sqcand":"140001005248","n":"15000","nm":"PROFESSOR EDIMISON","cc":"MDB","nv":" ","e":"n","st":"Suplente","dvt":"V\u00e1lido","vap":"93","pvap":"   1,27"},{"seq":"33","sqcand":"140001005249","n":"15122","nm":"ELINHO","cc":"MDB","nv":" ","e":"n","st":"Suplente","dvt":"V\u00e1lido","vap":"73","pvap":"   1,00"},{"seq":"78","sqcand":"140000761641","n":"65065","nm":"NAZARE BARROS","cc":"PC do B","nv":" ","e":"n","st":"N\u00e3o eleito","dvt":"V\u00e1lido","vap":"22","pvap":"   0,30"},{"seq":"56","sqcand":"140000720429","n":"12033","nm":"DARLENE","cc":"PDT","nv":" ","e":"n","st":"Suplente","dvt":"V\u00e1lido","vap":"19","pvap":"   0,26"},{"seq":"9","sqcand":"140001005250","n":"15615","nm":"MAURO LEITE","cc":"MDB","nv":" ","e":"s","st":"Eleito","dvt":"V\u00e1lido","vap":"131","pvap":"   1,79"},{"seq":"6","sqcand":"140000720379","n":"25555","nm":"DUNGA ARAUJO","cc":"DEM","nv":" ","e":"s","st":"Eleito","dvt":"V\u00e1lido","vap":"193","pvap":"   2,63"},{"seq":"91","sqcand":"140001036210","n":"51234","nm":"MANOELZINHO","cc":"PATRIOTA","nv":" ","e":"n","st":"N\u00e3o eleito","dvt":"V\u00e1lido","vap":"6","pvap":"   0,08"},{"seq":"85","sqcand":"140000761637","n":"65555","nm":"NELSON TRINDADE","cc":"PC do B","nv":" ","e":"n","st":"N\u00e3o eleito","dvt":"V\u00e1lido","vap":"13","pvap":"   0,18"},{"seq":"47","sqcand":"140000720812","n":"55222","nm":"FONCH\u00c1","cc":"PSD","nv":" ","e":"n","st":"Suplente","dvt":"V\u00e1lido","vap":"30","pvap":"   0,41"},{"seq":"23","sqcand":"140000720814","n":"55123","nm":"MARIA DENIS","cc":"PSD","nv":" ","e":"n","st":"Suplente","dvt":"V\u00e1lido","vap":"99","pvap":"   1,35"},{"seq":"36","sqcand":"140000720802","n":"55789","nm":"FABRICIO","cc":"PSD","nv":" ","e":"n","st":"Suplente","dvt":"V\u00e1lido","vap":"46","pvap":"   0,63"},{"seq":"61","sqcand":"140000720807","n":"55055","nm":"ROSE GAMA","cc":"PSD","nv":" ","e":"n","st":"Suplente","dvt":"V\u00e1lido","vap":"13","pvap":"   0,18"},{"seq":"40","sqcand":"140000720810","n":"55525","nm":"REGIANE","cc":"PSD","nv":" ","e":"n","st":"Suplente","dvt":"V\u00e1lido","vap":"42","pvap":"   0,57"},{"seq":"62","sqcand":"140001005256","n":"15240","nm":"L\u00daCIA","cc":"MDB","nv":" ","e":"n","st":"Suplente","dvt":"V\u00e1lido","vap":"12","pvap":"   0,16"},{"seq":"82","sqcand":"140001036214","n":"51111","nm":"MARTA ALVES","cc":"PATRIOTA","nv":" ","e":"n","st":"N\u00e3o eleito","dvt":"V\u00e1lido","vap":"16","pvap":"   0,22"},{"seq":"1","sqcand":"140000720425","n":"12333","nm":"CHARLES DO POV\u00c3O","cc":"PDT","nv":" ","e":"s","st":"Eleito","dvt":"V\u00e1lido","vap":"520","pvap":"   7,09"},{"seq":"73","sqcand":"140000761644","n":"65110","nm":"PROFESSORA DOS REIS","cc":"PC do B","nv":" ","e":"n","st":"N\u00e3o eleito","dvt":"V\u00e1lido","vap":"31","pvap":"   0,42"},{"seq":"66","sqcand":"140000982640","n":"22369","nm":"DECA","cc":"PL","nv":" ","e":"n","st":"Suplente","dvt":"V\u00e1lido","vap":"4","pvap":"   0,05"},{"seq":"77","sqcand":"140001036345","n":"33222","nm":"LUCIVANIA SANTOS","cc":"PMN","nv":" ","e":"n","st":"N\u00e3o eleito","dvt":"V\u00e1lido","vap":"24","pvap":"   0,33"},{"seq":"46","sqcand":"140000720421","n":"12123","nm":"LEANDRO MIRANDA","cc":"PDT","nv":" ","e":"n","st":"Suplente","dvt":"V\u00e1lido","vap":"33","pvap":"   0,45"},{"seq":"96","sqcand":"140000761633","n":"65777","nm":"JOAO EVANGELISTA","cc":"PC do B","nv":" ","e":"n","st":"N\u00e3o eleito","dvt":"V\u00e1lido","vap":"4","pvap":"   0,05"},{"seq":"37","sqcand":"140000982637","n":"22555","nm":"IRM\u00c3O TONINHO","cc":"PL","nv":" ","e":"n","st":"Suplente","dvt":"V\u00e1lido","vap":"44","pvap":"   0,60"},{"seq":"24","sqcand":"140000720808","n":"55678","nm":"BEL\u00c9M","cc":"PSD","nv":" ","e":"n","st":"Suplente","dvt":"V\u00e1lido","vap":"96","pvap":"   1,31"},{"seq":"8","sqcand":"140000720809","n":"55543","nm":"NESTOR","cc":"PSD","nv":" ","e":"s","st":"Eleito","dvt":"V\u00e1lido","vap":"142","pvap":"   1,94"},{"seq":"53","sqcand":"140000720422","n":"12789","nm":"VAL","cc":"PDT","nv":" ","e":"n","st":"Suplente","dvt":"V\u00e1lido","vap":"21","pvap":"   0,29"},{"seq":"32","sqcand":"140001005252","n":"15777","nm":"PUND\u00c9","cc":"MDB","nv":" ","e":"n","st":"Suplente","dvt":"V\u00e1lido","vap":"74","pvap":"   1,01"},{"seq":"101","sqcand":"140001098638","n":"10111","nm":"JHONATHA","cc":"REPUBLICANOS","nv":" ","e":"n","st":"N\u00e3o eleito","dvt":"V\u00e1lido","vap":"0","pvap":"00.00"},{"seq":"84","sqcand":"140000761639","n":"65123","nm":"ALEX MOURA","cc":"PC do B","nv":" ","e":"n","st":"N\u00e3o eleito","dvt":"V\u00e1lido","vap":"14","pvap":"   0,19"},{"seq":"76","sqcand":"140000761643","n":"65013","nm":"ROBERTO BITTENCOURT","cc":"PC do B","nv":" ","e":"n","st":"N\u00e3o eleito","dvt":"V\u00e1lido","vap":"25","pvap":"   0,34"},{"seq":"68","sqcand":"140001098636","n":"10123","nm":"NEGO","cc":"REPUBLICANOS","nv":" ","e":"n","st":"N\u00e3o eleito","dvt":"V\u00e1lido","vap":"180","pvap":"   2,46"},{"seq":"2","sqcand":"140000720386","n":"25678","nm":"SELMA PEREIRA","cc":"DEM","nv":" ","e":"s","st":"Eleito","dvt":"V\u00e1lido","vap":"325","pvap":"   4,43"},{"seq":"83","sqcand":"140001036346","n":"33444","nm":"IRM\u00c3O MANOEL REIS","cc":"PMN","nv":" ","e":"n","st":"N\u00e3o eleito","dvt":"V\u00e1lido","vap":"14","pvap":"   0,19"},{"seq":"20","sqcand":"140000720803","n":"55321","nm":"ELVIS GUEDES","cc":"PSD","nv":" ","e":"n","st":"Suplente","dvt":"V\u00e1lido","vap":"106","pvap":"   1,45"},{"seq":"44","sqcand":"140000982643","n":"22345","nm":"CARLA","cc":"PL","nv":" ","e":"n","st":"Suplente","dvt":"V\u00e1lido","vap":"35","pvap":"   0,48"},{"seq":"19","sqcand":"140000720389","n":"25500","nm":"CARITO","cc":"DEM","nv":" ","e":"n","st":"Suplente","dvt":"V\u00e1lido","vap":"113","pvap":"   1,54"},{"seq":"89","sqcand":"140000761638","n":"65444","nm":"HERNANE RODRIGUES","cc":"PC do B","nv":" ","e":"n","st":"N\u00e3o eleito","dvt":"V\u00e1lido","vap":"10","pvap":"   0,14"},{"seq":"45","sqcand":"140000720388","n":"25345","nm":"TUICA","cc":"DEM","nv":" ","e":"n","st":"Suplente","dvt":"V\u00e1lido","vap":"33","pvap":"   0,45"},{"seq":"99","sqcand":"140001036213","n":"51752","nm":"ZELIETE ","cc":"PATRIOTA","nv":" ","e":"n","st":"N\u00e3o eleito","dvt":"V\u00e1lido","vap":"2","pvap":"   0,03"},{"seq":"26","sqcand":"140001005247","n":"15222","nm":"DONA VALDA","cc":"MDB","nv":" ","e":"n","st":"Suplente","dvt":"V\u00e1lido","vap":"88","pvap":"   1,20"},{"seq":"5","sqcand":"140000982638","n":"22111","nm":"MATOSO","cc":"PL","nv":" ","e":"s","st":"Eleito","dvt":"V\u00e1lido","vap":"233","pvap":"   3,18"},{"seq":"93","sqcand":"140001036344","n":"33777","nm":"TEREZA DO DOND\u00d3","cc":"PMN","nv":" ","e":"n","st":"N\u00e3o eleito","dvt":"V\u00e1lido","vap":"5","pvap":"   0,07"},{"seq":"63","sqcand":"140000720423","n":"12222","nm":"DIVANIRA BATISTA","cc":"PDT","nv":" ","e":"n","st":"Suplente","dvt":"V\u00e1lido","vap":"11","pvap":"   0,15"},{"seq":"13","sqcand":"140000982644","n":"22123","nm":"GORDINHO CRUZ","cc":"PL","nv":" ","e":"n","st":"Suplente","dvt":"V\u00e1lido","vap":"169","pvap":"   2,31"},{"seq":"67","sqcand":"140000761636","n":"65222","nm":"EMERSON PROMOLTER","cc":"PC do B","nv":" ","e":"n","st":"N\u00e3o eleito","dvt":"V\u00e1lido","vap":"241","pvap":"   3,29"},{"seq":"58","sqcand":"140001005253","n":"15888","nm":"ANA DO KM 9","cc":"MDB","nv":" ","e":"n","st":"Suplente","dvt":"V\u00e1lido","vap":"17","pvap":"   0,23"},{"seq":"14","sqcand":"140000720392","n":"25000","nm":"AMORIM","cc":"DEM","nv":" ","e":"n","st":"Suplente","dvt":"V\u00e1lido","vap":"143","pvap":"   1,95"},{"seq":"27","sqcand":"140000720383","n":"25025","nm":"MICHEL HENRIQUE","cc":"DEM","nv":" ","e":"n","st":"Suplente","dvt":"V\u00e1lido","vap":"88","pvap":"   1,20"},{"seq":"80","sqcand":"140001036212","n":"51123","nm":"RODRIGO MORAES","cc":"PATRIOTA","nv":" ","e":"n","st":"N\u00e3o eleito","dvt":"V\u00e1lido","vap":"19","pvap":"   0,26"},{"seq":"65","sqcand":"140000720805","n":"55000","nm":"KASSYO","cc":"PSD","nv":" ","e":"n","st":"Suplente","dvt":"V\u00e1lido","vap":"10","pvap":"   0,14"},{"seq":"72","sqcand":"140000761642","n":"65000","nm":"DEC\u00c3O","cc":"PC do B","nv":" ","e":"n","st":"N\u00e3o eleito","dvt":"Anulado sub judice","vap":"31","pvap":"   0,42"},{"seq":"97","sqcand":"140000761634","n":"65435","nm":"RUTH PANTOJA","cc":"PC do B","nv":" ","e":"n","st":"N\u00e3o eleito","dvt":"V\u00e1lido","vap":"4","pvap":"   0,05"},{"seq":"60","sqcand":"140000720432","n":"12145","nm":"NORMA MARQUES","cc":"PDT","nv":" ","e":"n","st":"Suplente","dvt":"V\u00e1lido","vap":"13","pvap":"   0,18"},{"seq":"28","sqcand":"140001005257","n":"15123","nm":"NAT\u00c1LIA","cc":"MDB","nv":" ","e":"n","st":"Suplente","dvt":"V\u00e1lido","vap":"85","pvap":"   1,16"},{"seq":"87","sqcand":"140001036342","n":"33111","nm":"PONTA","cc":"PMN","nv":" ","e":"n","st":"N\u00e3o eleito","dvt":"V\u00e1lido","vap":"13","pvap":"   0,18"},{"seq":"57","sqcand":"140000720424","n":"12444","nm":"PROF. CL\u00c1UDIO","cc":"PDT","nv":" ","e":"n","st":"Suplente","dvt":"V\u00e1lido","vap":"17","pvap":"   0,23"},{"seq":"15","sqcand":"140000982641","n":"22144","nm":"PROFESSOR LUCIMAURO","cc":"PL","nv":" ","e":"n","st":"Suplente","dvt":"V\u00e1lido","vap":"141","pvap":"   1,92"},{"seq":"75","sqcand":"140000761632","n":"65414","nm":"MONICA ABREU","cc":"PC do B","nv":" ","e":"n","st":"N\u00e3o eleito","dvt":"V\u00e1lido","vap":"26","pvap":"   0,35"},{"seq":"69","sqcand":"140001098632","n":"10000","nm":"DIONE","cc":"REPUBLICANOS","nv":" ","e":"n","st":"N\u00e3o eleito","dvt":"V\u00e1lido","vap":"95","pvap":"   1,30"},{"seq":"59","sqcand":"140000982648","n":"22789","nm":"MARLENE","cc":"PL","nv":" ","e":"n","st":"Suplente","dvt":"V\u00e1lido","vap":"13","pvap":"   0,18"},{"seq":"74","sqcand":"140001098642","n":"10333","nm":"MI\u00daDO","cc":"REPUBLICANOS","nv":" ","e":"n","st":"N\u00e3o eleito","dvt":"V\u00e1lido","vap":"30","pvap":"   0,41"},{"seq":"21","sqcand":"140000982647","n":"22333","nm":"TIO COUTO","cc":"PL","nv":" ","e":"n","st":"Suplente","dvt":"V\u00e1lido","vap":"104","pvap":"   1,42"},{"seq":"41","sqcand":"140000720382","n":"25333","nm":"CRIS","cc":"DEM","nv":" ","e":"n","st":"Suplente","dvt":"V\u00e1lido","vap":"40","pvap":"   0,55"},{"seq":"49","sqcand":"140001005259","n":"15567","nm":"RAI PANTOJA","cc":"MDB","nv":" ","e":"n","st":"Suplente","dvt":"V\u00e1lido","vap":"30","pvap":"   0,41"},{"seq":"88","sqcand":"140001098640","n":"10013","nm":"BROWN","cc":"REPUBLICANOS","nv":" ","e":"n","st":"N\u00e3o eleito","dvt":"V\u00e1lido","vap":"10","pvap":"   0,14"},{"seq":"70","sqcand":"140000761635","n":"65111","nm":"SANDRA MONTEIRO","cc":"PC do B","nv":" ","e":"n","st":"N\u00e3o eleito","dvt":"V\u00e1lido","vap":"49","pvap":"   0,67"},{"seq":"4","sqcand":"140000720431","n":"12345","nm":"SABAZINHO","cc":"PDT","nv":" ","e":"s","st":"Eleito","dvt":"V\u00e1lido","vap":"268","pvap":"   3,66"},{"seq":"86","sqcand":"140001098639","n":"10321","nm":"PASTORA MARIZA","cc":"REPUBLICANOS","nv":" ","e":"n","st":"N\u00e3o eleito","dvt":"V\u00e1lido","vap":"13","pvap":"   0,18"},{"seq":"48","sqcand":"140000720430","n":"12777","nm":"SERGIO DO PERNAMBUCO","cc":"PDT","nv":" ","e":"n","st":"Suplente","dvt":"V\u00e1lido","vap":"30","pvap":"   0,41"},{"seq":"29","sqcand":"140000720433","n":"12888","nm":"MARCIA SILVA","cc":"PDT","nv":" ","e":"n","st":"Suplente","dvt":"V\u00e1lido","vap":"82","pvap":"   1,12"},{"seq":"90","sqcand":"140001098644","n":"10567","nm":"NEN\u00c9M","cc":"REPUBLICANOS","nv":" ","e":"n","st":"N\u00e3o eleito","dvt":"V\u00e1lido","vap":"8","pvap":"   0,11"},{"seq":"7","sqcand":"140000720384","n":"25222","nm":"NEIO","cc":"DEM","nv":" ","e":"s","st":"Eleito","dvt":"V\u00e1lido","vap":"181","pvap":"   2,47"},{"seq":"17","sqcand":"140000720381","n":"25800","nm":"MARCUS COSTA","cc":"DEM","nv":" ","e":"n","st":"Suplente","dvt":"V\u00e1lido","vap":"118","pvap":"   1,61"},{"seq":"3","sqcand":"140000720428","n":"12051","nm":"GILMAR MEC\u00c2NICO","cc":"PDT","nv":" ","e":"s","st":"Eleito","dvt":"V\u00e1lido","vap":"283","pvap":"   3,86"},{"seq":"16","sqcand":"140001005251","n":"15555","nm":"DUNGA QUILOMBOLA","cc":"MDB","nv":" ","e":"n","st":"Suplente","dvt":"V\u00e1lido","vap":"129","pvap":"   1,76"},{"seq":"10","sqcand":"140000720427","n":"12111","nm":"TIO","cc":"PDT","nv":" ","e":"n","st":"Suplente","dvt":"V\u00e1lido","vap":"212","pvap":"   2,89"},{"seq":"39","sqcand":"140000982646","n":"22000","nm":"NELSON SAUDADE","cc":"PL","nv":" ","e":"n","st":"Suplente","dvt":"V\u00e1lido","vap":"43","pvap":"   0,59"}]}
