{"ele":"426","tpabr":"mu","cdabr":"04731","carper":"13","t":"1","f":"o","dt":"15/11/2020","ht":"22:40:56","dv":"s","tf":"s","v":"13","esae":"n","mnae":"","s":"112","st":"112","pst":" 100,00","snt":"0","psnt":"   0,00","si":"112","psi":" 100,00","sni":"0","psni":"   0,00","sa":"112","psa":" 100,00","sna":"0","psna":"   0,00","e":"33035","ea":"33035","pea":" 100,00","ena":"0","pena":"   0,00","esi":"33035","pesi":" 100,00","esni":"0","pesni":"   0,00","c":"24761","pc":"  74,95","a":"8274","pa":"  25,05","vscv":"0","vnom":"22539","vl":"1455","pvnom":"  93,94","pvl":"   6,06","vvc":"24002","pvvc":"  96,93","vb":"221","pvb":"   0,90","tvn":"538","ptvn":"   2,17","vn":"536","pvn":"  99,63","vnt":"2","pvnt":"   0,37","vp":"0","pvp":"   0,00","vv":"23994","pvv":"  99,97","van":"0","pvan":"   0,00","vansj":"8","pvansj":"   0,03","tv":"24761","cand":[{"seq":"59","sqcand":"140001039574","n":"10999","nm":"UBIRACI DO MOTOR","cc":"REPUBLICANOS","nv":" ","e":"n","st":"Suplente","dvt":"V\u00e1lido","vap":"92","pvap":"   0,38"},{"seq":"22","sqcand":"140001039576","n":"10456","nm":"ATILA CEZAR","cc":"REPUBLICANOS","nv":" ","e":"n","st":"Suplente","dvt":"V\u00e1lido","vap":"356","pvap":"   1,48"},{"seq":"69","sqcand":"140000940515","n":"23000","nm":"PROF HYDEKEL","cc":"CIDADANIA","nv":" ","e":"n","st":"Suplente","dvt":"V\u00e1lido","vap":"52","pvap":"   0,22"},{"seq":"30","sqcand":"140001041282","n":"12345","nm":"WAL LIMA FISCAL DO POVO","cc":"PDT","nv":" ","e":"n","st":"Suplente","dvt":"V\u00e1lido","vap":"300","pvap":"   1,25"},{"seq":"39","sqcand":"140000940252","n":"45145","nm":"PROFESSORA ROS\u00c2NIA","cc":"PSDB","nv":" ","e":"n","st":"Suplente","dvt":"V\u00e1lido","vap":"170","pvap":"   0,71"},{"seq":"112","sqcand":"140001077767","n":"40000","nm":"TEREZINHA","cc":"PSB","nv":" ","e":"n","st":"Suplente","dvt":"V\u00e1lido","vap":"3","pvap":"   0,01"},{"seq":"35","sqcand":"140000940969","n":"55733","nm":"MARLLON BRANDO","cc":"PSD","nv":" ","e":"n","st":"Suplente","dvt":"V\u00e1lido","vap":"225","pvap":"   0,94"},{"seq":"61","sqcand":"140001198759","n":"22120","nm":"RAIMUNDO OLIVEIRA","cc":"PL","nv":" ","e":"n","st":"Suplente","dvt":"V\u00e1lido","vap":"85","pvap":"   0,35"},{"seq":"54","sqcand":"140001041290","n":"12233","nm":"ZULENE","cc":"PDT","nv":" ","e":"n","st":"Suplente","dvt":"V\u00e1lido","vap":"112","pvap":"   0,47"},{"seq":"52","sqcand":"140001077762","n":"40033","nm":"ANTONIO NILSON ACS","cc":"PSB","nv":" ","e":"n","st":"Suplente","dvt":"V\u00e1lido","vap":"114","pvap":"   0,47"},{"seq":"37","sqcand":"140001041284","n":"12222","nm":"IRM\u00c3O HERMES","cc":"PDT","nv":" ","e":"n","st":"Suplente","dvt":"V\u00e1lido","vap":"201","pvap":"   0,84"},{"seq":"14","sqcand":"140001077769","n":"40123","nm":"SILVIO COSTA","cc":"PSB","nv":" ","e":"n","st":"Suplente","dvt":"V\u00e1lido","vap":"640","pvap":"   2,67"},{"seq":"1","sqcand":"140000940970","n":"55130","nm":"WAGNO GODOY","cc":"PSD","nv":" ","e":"s","st":"Eleito","dvt":"V\u00e1lido","vap":"1081","pvap":"   4,50"},{"seq":"99","sqcand":"140001041276","n":"12122","nm":"BARBARA MINGUINS","cc":"PDT","nv":" ","e":"n","st":"Suplente","dvt":"V\u00e1lido","vap":"14","pvap":"   0,06"},{"seq":"87","sqcand":"140000940253","n":"45045","nm":"IRM\u00c3 SOCORRO","cc":"PSDB","nv":" ","e":"n","st":"Suplente","dvt":"V\u00e1lido","vap":"24","pvap":"   0,10"},{"seq":"102","sqcand":"140001198762","n":"22444","nm":"CLEIDE DO SALAO","cc":"PL","nv":" ","e":"n","st":"Suplente","dvt":"V\u00e1lido","vap":"10","pvap":"   0,04"},{"seq":"4","sqcand":"140001077764","n":"40456","nm":"TONICO MARINHO","cc":"PSB","nv":" ","e":"s","st":"Eleito","dvt":"V\u00e1lido","vap":"679","pvap":"   2,83"},{"seq":"93","sqcand":"140001264889","n":"55112","nm":"PATR\u00cdCIA DO ALO\u00cdSIO","cc":"PSD","nv":" ","e":"n","st":"Suplente","dvt":"V\u00e1lido","vap":"20","pvap":"   0,08"},{"seq":"149","sqcand":"140001208801","n":"14123","nm":"JOAQUIM LOTERO","cc":"PTB","nv":" ","e":"n","st":"N\u00e3o eleito","dvt":"V\u00e1lido","vap":"0","pvap":"00.00"},{"seq":"10","sqcand":"140001041285","n":"12100","nm":"MARCONE FERRA\u00c7O","cc":"PDT","nv":" ","e":"s","st":"Eleito","dvt":"V\u00e1lido","vap":"422","pvap":"   1,76"},{"seq":"74","sqcand":"140001038567","n":"15618","nm":"RAQUEL MARTINS","cc":"MDB","nv":" ","e":"n","st":"Suplente","dvt":"V\u00e1lido","vap":"40","pvap":"   0,17"},{"seq":"129","sqcand":"140000940464","n":"19019","nm":"AR\u00c3O MARQUES","cc":"PODE","nv":" ","e":"n","st":"N\u00e3o eleito","dvt":"V\u00e1lido","vap":"46","pvap":"   0,19"},{"seq":"53","sqcand":"140001077761","n":"40122","nm":"IRM\u00c3O LAZARO","cc":"PSB","nv":" ","e":"n","st":"Suplente","dvt":"V\u00e1lido","vap":"113","pvap":"   0,47"},{"seq":"33","sqcand":"140001077771","n":"40133","nm":"CARMELIO","cc":"PSB","nv":" ","e":"n","st":"Suplente","dvt":"V\u00e1lido","vap":"257","pvap":"   1,07"},{"seq":"144","sqcand":"140001198357","n":"50111","nm":"ELIENE","cc":"PSOL","nv":" ","e":"n","st":"N\u00e3o eleito","dvt":"V\u00e1lido","vap":"5","pvap":"   0,02"},{"seq":"24","sqcand":"140001039571","n":"10321","nm":"PAULO MOURA","cc":"REPUBLICANOS","nv":" ","e":"n","st":"Suplente","dvt":"V\u00e1lido","vap":"342","pvap":"   1,42"},{"seq":"16","sqcand":"140001198769","n":"22123","nm":"WILSON BOLOTA","cc":"PL","nv":" ","e":"n","st":"Suplente","dvt":"V\u00e1lido","vap":"593","pvap":"   2,47"},{"seq":"111","sqcand":"140001198770","n":"22333","nm":"MARCIA GOMES","cc":"PL","nv":" ","e":"n","st":"Suplente","dvt":"V\u00e1lido","vap":"3","pvap":"   0,01"},{"seq":"108","sqcand":"140001039580","n":"10010","nm":"NAIANE MARINHO","cc":"REPUBLICANOS","nv":" ","e":"n","st":"Suplente","dvt":"V\u00e1lido","vap":"8","pvap":"   0,03"},{"seq":"97","sqcand":"140001039570","n":"10100","nm":"ANT\u00d4NIA CLEUDE","cc":"REPUBLICANOS","nv":" ","e":"n","st":"Suplente","dvt":"V\u00e1lido","vap":"16","pvap":"   0,07"},{"seq":"27","sqcand":"140001039583","n":"10111","nm":"PROF JO\u00c3O DE DEUS","cc":"REPUBLICANOS","nv":" ","e":"n","st":"Suplente","dvt":"V\u00e1lido","vap":"308","pvap":"   1,28"},{"seq":"91","sqcand":"140001039568","n":"10444","nm":"VALDIRENE DO LINDOMAR","cc":"REPUBLICANOS","nv":" ","e":"n","st":"Suplente","dvt":"V\u00e1lido","vap":"22","pvap":"   0,09"},{"seq":"49","sqcand":"140000940968","n":"55111","nm":"NENO DO ZELITO","cc":"PSD","nv":" ","e":"n","st":"Suplente","dvt":"V\u00e1lido","vap":"133","pvap":"   0,55"},{"seq":"68","sqcand":"140001077766","n":"40789","nm":"SIANE","cc":"PSB","nv":" ","e":"n","st":"Suplente","dvt":"V\u00e1lido","vap":"53","pvap":"   0,22"},{"seq":"94","sqcand":"140000940513","n":"23555","nm":"CARLA MARTINS","cc":"CIDADANIA","nv":" ","e":"n","st":"Suplente","dvt":"V\u00e1lido","vap":"19","pvap":"   0,08"},{"seq":"126","sqcand":"140001198356","n":"50344","nm":"PROF\u00aa ANTONIA DUARTE","cc":"PSOL","nv":" ","e":"n","st":"N\u00e3o eleito","dvt":"V\u00e1lido","vap":"77","pvap":"   0,32"},{"seq":"21","sqcand":"140001039581","n":"10123","nm":"RICARDO DA ILUMINA\u00c7\u00c3O","cc":"REPUBLICANOS","nv":" ","e":"n","st":"Suplente","dvt":"V\u00e1lido","vap":"386","pvap":"   1,61"},{"seq":"45","sqcand":"140000940510","n":"23444","nm":"DAD\u00c1 DE CAJAZEIRAS","cc":"CIDADANIA","nv":" ","e":"n","st":"Suplente","dvt":"V\u00e1lido","vap":"142","pvap":"   0,59"},{"seq":"148","sqcand":"140001264424","n":"19111","nm":"WANYBHERG LIMA","cc":"PODE","nv":" ","e":"n","st":"N\u00e3o eleito","dvt":"V\u00e1lido","vap":"2","pvap":"   0,01"},{"seq":"12","sqcand":"140001041281","n":"12777","nm":"PASTOR RARISON","cc":"PDT","nv":" ","e":"s","st":"Eleito","dvt":"V\u00e1lido","vap":"341","pvap":"   1,42"},{"seq":"67","sqcand":"140000940517","n":"23789","nm":"SOLDADO","cc":"CIDADANIA","nv":" ","e":"n","st":"Suplente","dvt":"V\u00e1lido","vap":"56","pvap":"   0,23"},{"seq":"82","sqcand":"140001253394","n":"25661","nm":"GEISA GOMES","cc":"DEM","nv":" ","e":"n","st":"Suplente","dvt":"V\u00e1lido","vap":"29","pvap":"   0,12"},{"seq":"98","sqcand":"140001198763","n":"22122","nm":"NENENZINHA DO MUTIRAO","cc":"PL","nv":" ","e":"n","st":"Suplente","dvt":"V\u00e1lido","vap":"14","pvap":"   0,06"},{"seq":"78","sqcand":"140001253389","n":"25333","nm":"SAMUEL LIMA","cc":"DEM","nv":" ","e":"n","st":"Suplente","dvt":"V\u00e1lido","vap":"35","pvap":"   0,15"},{"seq":"19","sqcand":"140000940518","n":"23147","nm":"F\u00c1BIO DO\u00cdDO","cc":"CIDADANIA","nv":" ","e":"n","st":"Suplente","dvt":"V\u00e1lido","vap":"412","pvap":"   1,72"},{"seq":"50","sqcand":"140000940520","n":"23456","nm":"JUSCELINO FERREIRA","cc":"CIDADANIA","nv":" ","e":"n","st":"Suplente","dvt":"V\u00e1lido","vap":"115","pvap":"   0,48"},{"seq":"57","sqcand":"140001253387","n":"25789","nm":"JACSON ELETRICISTA","cc":"DEM","nv":" ","e":"n","st":"Suplente","dvt":"V\u00e1lido","vap":"103","pvap":"   0,43"},{"seq":"51","sqcand":"140001039569","n":"10789","nm":"NOE ELETRICISTA","cc":"REPUBLICANOS","nv":" ","e":"n","st":"Suplente","dvt":"V\u00e1lido","vap":"115","pvap":"   0,48"},{"seq":"13","sqcand":"140001253392","n":"25000","nm":"NEG\u00c3O DA LEOLAR","cc":"DEM","nv":" ","e":"s","st":"Eleito","dvt":"V\u00e1lido","vap":"331","pvap":"   1,38"},{"seq":"127","sqcand":"140001198370","n":"50555","nm":"PROF. FABR\u00cdCIO CASAGRANDE","cc":"PSOL","nv":" ","e":"n","st":"N\u00e3o eleito","dvt":"V\u00e1lido","vap":"55","pvap":"   0,23"},{"seq":"71","sqcand":"140001253397","n":"25222","nm":"ROGERIO AVILA","cc":"DEM","nv":" ","e":"n","st":"Suplente","dvt":"V\u00e1lido","vap":"48","pvap":"   0,20"},{"seq":"83","sqcand":"140000940258","n":"45526","nm":"PROFESSOR J\u00daLIO CEZAR","cc":"PSDB","nv":" ","e":"n","st":"Suplente","dvt":"V\u00e1lido","vap":"29","pvap":"   0,12"},{"seq":"38","sqcand":"140001041289","n":"12123","nm":"DAGILDA ENFERMEIRA","cc":"PDT","nv":" ","e":"n","st":"Suplente","dvt":"V\u00e1lido","vap":"187","pvap":"   0,78"},{"seq":"5","sqcand":"140001077768","n":"40111","nm":"ELTON DO GALP\u00c3O","cc":"PSB","nv":" ","e":"s","st":"Eleito","dvt":"V\u00e1lido","vap":"641","pvap":"   2,67"},{"seq":"109","sqcand":"140001253395","n":"25312","nm":"JANETE NASCIMENTO","cc":"DEM","nv":" ","e":"n","st":"Suplente","dvt":"V\u00e1lido","vap":"6","pvap":"   0,02"},{"seq":"41","sqcand":"140001041287","n":"12300","nm":"ANTONIO MARANATA","cc":"PDT","nv":" ","e":"n","st":"Suplente","dvt":"V\u00e1lido","vap":"164","pvap":"   0,68"},{"seq":"76","sqcand":"140001198760","n":"22777","nm":"JULIO DA BALSA","cc":"PL","nv":" ","e":"n","st":"Suplente","dvt":"V\u00e1lido","vap":"37","pvap":"   0,15"},{"seq":"95","sqcand":"140000940254","n":"45456","nm":"PROFESSORA LUCIMARY","cc":"PSDB","nv":" ","e":"n","st":"Suplente","dvt":"V\u00e1lido","vap":"17","pvap":"   0,07"},{"seq":"137","sqcand":"140001198365","n":"50351","nm":"JOALDO C\u00c1SSIO","cc":"PSOL","nv":" ","e":"n","st":"N\u00e3o eleito","dvt":"V\u00e1lido","vap":"16","pvap":"   0,07"},{"seq":"116","sqcand":"140000940460","n":"19000","nm":"FRANK DIAS","cc":"PODE","nv":" ","e":"n","st":"N\u00e3o eleito","dvt":"V\u00e1lido","vap":"429","pvap":"   1,79"},{"seq":"141","sqcand":"140001198359","n":"50183","nm":"SANDRO GOMES","cc":"PSOL","nv":" ","e":"n","st":"N\u00e3o eleito","dvt":"V\u00e1lido","vap":"10","pvap":"   0,04"},{"seq":"15","sqcand":"140001077765","n":"40444","nm":"JOSUE DA AMBUL\u00c2NCIA","cc":"PSB","nv":" ","e":"n","st":"Suplente","dvt":"V\u00e1lido","vap":"625","pvap":"   2,60"},{"seq":"75","sqcand":"140000940511","n":"23222","nm":"SEGURAN\u00c7A DA AGROVILA","cc":"CIDADANIA","nv":" ","e":"n","st":"Suplente","dvt":"V\u00e1lido","vap":"39","pvap":"   0,16"},{"seq":"107","sqcand":"140000940257","n":"45111","nm":"SILAS DO MUTIR\u00c3O","cc":"PSDB","nv":" ","e":"n","st":"Suplente","dvt":"V\u00e1lido","vap":"8","pvap":"   0,03"},{"seq":"110","sqcand":"140001198766","n":"22222","nm":"PROFESSOR KENNEDY","cc":"PL","nv":" ","e":"n","st":"Suplente","dvt":"V\u00e1lido","vap":"6","pvap":"   0,02"},{"seq":"73","sqcand":"140001041279","n":"12822","nm":"BEB\u00c9 MOTOTAXI","cc":"PDT","nv":" ","e":"n","st":"Suplente","dvt":"V\u00e1lido","vap":"46","pvap":"   0,19"},{"seq":"9","sqcand":"140001039573","n":"10234","nm":"EDILSON SANTOS","cc":"REPUBLICANOS","nv":" ","e":"s","st":"Eleito","dvt":"V\u00e1lido","vap":"440","pvap":"   1,83"},{"seq":"32","sqcand":"140001039575","n":"10333","nm":"JHONNATAN BAIMA","cc":"REPUBLICANOS","nv":" ","e":"n","st":"Suplente","dvt":"V\u00e1lido","vap":"264","pvap":"   1,10"},{"seq":"125","sqcand":"140000940461","n":"19867","nm":"IRM\u00c3O NHOU","cc":"PODE","nv":" ","e":"n","st":"N\u00e3o eleito","dvt":"V\u00e1lido","vap":"86","pvap":"   0,36"},{"seq":"58","sqcand":"140001038568","n":"15222","nm":"CASSIANA FERREIRA","cc":"MDB","nv":" ","e":"n","st":"Suplente","dvt":"V\u00e1lido","vap":"101","pvap":"   0,42"},{"seq":"65","sqcand":"140000940967","n":"55678","nm":"MARINALVA FERNANDES","cc":"PSD","nv":" ","e":"n","st":"Suplente","dvt":"V\u00e1lido","vap":"68","pvap":"   0,28"},{"seq":"117","sqcand":"140000940458","n":"19234","nm":"NALDO DO TAXI","cc":"PODE","nv":" ","e":"n","st":"N\u00e3o eleito","dvt":"V\u00e1lido","vap":"199","pvap":"   0,83"},{"seq":"56","sqcand":"140000940521","n":"23777","nm":"GALEGO DA GALINHA","cc":"CIDADANIA","nv":" ","e":"n","st":"Suplente","dvt":"V\u00e1lido","vap":"107","pvap":"   0,45"},{"seq":"130","sqcand":"140001198360","n":"50333","nm":"PIPIRA DO CAVEIRINHA","cc":"PSOL","nv":" ","e":"n","st":"N\u00e3o eleito","dvt":"V\u00e1lido","vap":"42","pvap":"   0,17"},{"seq":"42","sqcand":"140001041280","n":"12444","nm":"PROFESSOR GILMAR","cc":"PDT","nv":" ","e":"n","st":"Suplente","dvt":"V\u00e1lido","vap":"158","pvap":"   0,66"},{"seq":"85","sqcand":"140001253385","n":"25388","nm":"VARISTIM","cc":"DEM","nv":" ","e":"n","st":"Suplente","dvt":"V\u00e1lido","vap":"25","pvap":"   0,10"},{"seq":"18","sqcand":"140000940255","n":"45234","nm":"SULA","cc":"PSDB","nv":" ","e":"n","st":"Suplente","dvt":"V\u00e1lido","vap":"425","pvap":"   1,77"},{"seq":"29","sqcand":"140000940974","n":"55128","nm":"AMARILDO FORTALEZA","cc":"PSD","nv":" ","e":"n","st":"Suplente","dvt":"V\u00e1lido","vap":"303","pvap":"   1,26"},{"seq":"115","sqcand":"140001077760","n":"40788","nm":"MARIA DO ESPIRITO SANTO","cc":"PSB","nv":" ","e":"n","st":"Suplente","dvt":"V\u00e1lido","vap":"1","pvap":"   0,00"},{"seq":"3","sqcand":"140001038565","n":"15555","nm":"KAIRON","cc":"MDB","nv":" ","e":"s","st":"Eleito","dvt":"V\u00e1lido","vap":"714","pvap":"   2,97"},{"seq":"89","sqcand":"140001041286","n":"12111","nm":"TAT\u00c1","cc":"PDT","nv":" ","e":"n","st":"Suplente","dvt":"V\u00e1lido","vap":"24","pvap":"   0,10"},{"seq":"147","sqcand":"140000940463","n":"19999","nm":"GORETE","cc":"PODE","nv":" ","e":"n","st":"N\u00e3o eleito","dvt":"V\u00e1lido","vap":"2","pvap":"   0,01"},{"seq":"88","sqcand":"140001253398","n":"25444","nm":"CARLA RODRIGUES","cc":"DEM","nv":" ","e":"n","st":"Suplente","dvt":"V\u00e1lido","vap":"24","pvap":"   0,10"},{"seq":"92","sqcand":"140000940964","n":"55000","nm":"J\u00d4 MENEZES","cc":"PSD","nv":" ","e":"n","st":"Suplente","dvt":"V\u00e1lido","vap":"20","pvap":"   0,08"},{"seq":"23","sqcand":"140000940259","n":"45444","nm":"FABIO BARRETO","cc":"PSDB","nv":" ","e":"n","st":"Suplente","dvt":"V\u00e1lido","vap":"345","pvap":"   1,44"},{"seq":"48","sqcand":"140000940972","n":"55333","nm":"DENGO","cc":"PSD","nv":" ","e":"n","st":"Suplente","dvt":"V\u00e1lido","vap":"133","pvap":"   0,55"},{"seq":"40","sqcand":"140001253396","n":"25777","nm":"BIROCA","cc":"DEM","nv":" ","e":"n","st":"Suplente","dvt":"V\u00e1lido","vap":"167","pvap":"   0,70"},{"seq":"36","sqcand":"140001041288","n":"12000","nm":"MARCIO DA SORVETERIA","cc":"PDT","nv":" ","e":"n","st":"Suplente","dvt":"V\u00e1lido","vap":"208","pvap":"   0,87"},{"seq":"139","sqcand":"140000940459","n":"19233","nm":"CONCITA DO TAXI","cc":"PODE","nv":" ","e":"n","st":"N\u00e3o eleito","dvt":"V\u00e1lido","vap":"14","pvap":"   0,06"},{"seq":"138","sqcand":"140001208797","n":"14777","nm":"VANIA LOUREN\u00c7O","cc":"PTB","nv":" ","e":"n","st":"N\u00e3o eleito","dvt":"V\u00e1lido","vap":"16","pvap":"   0,07"},{"seq":"140","sqcand":"140001198369","n":"50222","nm":"RAFAEL DA FEIRA","cc":"PSOL","nv":" ","e":"n","st":"N\u00e3o eleito","dvt":"V\u00e1lido","vap":"11","pvap":"   0,05"},{"seq":"11","sqcand":"140000940966","n":"55555","nm":"M\u00c1RCIA CUNHA","cc":"PSD","nv":" ","e":"s","st":"Eleito","dvt":"V\u00e1lido","vap":"388","pvap":"   1,62"},{"seq":"145","sqcand":"140001198765","n":"22321","nm":"ANA BALBINA","cc":"PL","nv":" ","e":"n","st":"N\u00e3o eleito","dvt":"Anulado sub judice","vap":"2","pvap":"   0,01"},{"seq":"134","sqcand":"140000940465","n":"19456","nm":"REGINA DO BAR","cc":"PODE","nv":" ","e":"n","st":"N\u00e3o eleito","dvt":"V\u00e1lido","vap":"23","pvap":"   0,10"},{"seq":"136","sqcand":"140000940462","n":"19051","nm":"MAGNA MARINHO","cc":"PODE","nv":" ","e":"n","st":"N\u00e3o eleito","dvt":"V\u00e1lido","vap":"17","pvap":"   0,07"},{"seq":"146","sqcand":"140001198358","n":"50200","nm":"FRANCISCA DA PEIXARIA","cc":"PSOL","nv":" ","e":"n","st":"N\u00e3o eleito","dvt":"V\u00e1lido","vap":"2","pvap":"   0,01"},{"seq":"90","sqcand":"140001198768","n":"22111","nm":"GALEGO DO POVO","cc":"PL","nv":" ","e":"n","st":"Suplente","dvt":"V\u00e1lido","vap":"22","pvap":"   0,09"},{"seq":"31","sqcand":"140001038566","n":"15611","nm":"IZAIAS DO LOJINHA","cc":"MDB","nv":" ","e":"n","st":"Suplente","dvt":"V\u00e1lido","vap":"279","pvap":"   1,16"},{"seq":"80","sqcand":"140000940263","n":"45200","nm":"IRM\u00c3O DILWELITON","cc":"PSDB","nv":" ","e":"n","st":"Suplente","dvt":"V\u00e1lido","vap":"30","pvap":"   0,12"},{"seq":"124","sqcand":"140001198361","n":"50456","nm":"JOSIMAR","cc":"PSOL","nv":" ","e":"n","st":"N\u00e3o eleito","dvt":"V\u00e1lido","vap":"88","pvap":"   0,37"},{"seq":"55","sqcand":"140001041277","n":"12200","nm":"GESSY SOUSA","cc":"PDT","nv":" ","e":"n","st":"Suplente","dvt":"V\u00e1lido","vap":"110","pvap":"   0,46"},{"seq":"46","sqcand":"140001041283","n":"12333","nm":"ABEL TODA HORA","cc":"PDT","nv":" ","e":"n","st":"Suplente","dvt":"V\u00e1lido","vap":"141","pvap":"   0,59"},{"seq":"17","sqcand":"140001038564","n":"15100","nm":"WILLIAN GON\u00c7ALVES","cc":"MDB","nv":" ","e":"n","st":"Suplente","dvt":"V\u00e1lido","vap":"558","pvap":"   2,32"},{"seq":"44","sqcand":"140001253381","n":"25300","nm":"JO\u00c3OZINHO DA BOA ESPERAN\u00c7A","cc":"DEM","nv":" ","e":"n","st":"Suplente","dvt":"V\u00e1lido","vap":"146","pvap":"   0,61"},{"seq":"135","sqcand":"140001198364","n":"50000","nm":"PROF. F\u00c1BIO ALBUQUERQUE","cc":"PSOL","nv":" ","e":"n","st":"N\u00e3o eleito","dvt":"V\u00e1lido","vap":"18","pvap":"   0,07"},{"seq":"103","sqcand":"140000940519","n":"23992","nm":"WALTER J\u00daNIOR","cc":"CIDADANIA","nv":" ","e":"n","st":"Suplente","dvt":"V\u00e1lido","vap":"9","pvap":"   0,04"},{"seq":"81","sqcand":"140001039579","n":"10777","nm":"LAYS COPACABANA","cc":"REPUBLICANOS","nv":" ","e":"n","st":"Suplente","dvt":"V\u00e1lido","vap":"30","pvap":"   0,12"},{"seq":"63","sqcand":"140001041275","n":"12400","nm":"SIDILENE COSTUREIRA","cc":"PDT","nv":" ","e":"n","st":"Suplente","dvt":"V\u00e1lido","vap":"77","pvap":"   0,32"},{"seq":"8","sqcand":"140000940260","n":"45123","nm":"JAIRO","cc":"PSDB","nv":" ","e":"s","st":"Eleito","dvt":"V\u00e1lido","vap":"445","pvap":"   1,85"},{"seq":"106","sqcand":"140001253382","n":"25987","nm":"FRANCISCA TICA","cc":"DEM","nv":" ","e":"n","st":"Suplente","dvt":"V\u00e1lido","vap":"9","pvap":"   0,04"},{"seq":"47","sqcand":"140000940975","n":"55123","nm":"MARCOS DE JESUS","cc":"PSD","nv":" ","e":"n","st":"Suplente","dvt":"V\u00e1lido","vap":"139","pvap":"   0,58"},{"seq":"72","sqcand":"140001198767","n":"22345","nm":"ALLON DO POVO","cc":"PL","nv":" ","e":"n","st":"Suplente","dvt":"V\u00e1lido","vap":"47","pvap":"   0,20"},{"seq":"105","sqcand":"140001253383","n":"25321","nm":"SONALDO CARVALHO","cc":"DEM","nv":" ","e":"n","st":"Suplente","dvt":"V\u00e1lido","vap":"9","pvap":"   0,04"},{"seq":"62","sqcand":"140000940965","n":"55222","nm":"CLEBINHO DA SERRARIA","cc":"PSD","nv":" ","e":"n","st":"Suplente","dvt":"V\u00e1lido","vap":"84","pvap":"   0,35"},{"seq":"123","sqcand":"140001208799","n":"14000","nm":"CAI N&apos;\u00c1GUA","cc":"PTB","nv":" ","e":"n","st":"N\u00e3o eleito","dvt":"V\u00e1lido","vap":"89","pvap":"   0,37"},{"seq":"100","sqcand":"140000940522","n":"23333","nm":"LEANE MANICURE","cc":"CIDADANIA","nv":" ","e":"n","st":"Suplente","dvt":"V\u00e1lido","vap":"13","pvap":"   0,05"},{"seq":"142","sqcand":"140001253386","n":"25328","nm":"FATIMA","cc":"DEM","nv":" ","e":"n","st":"N\u00e3o eleito","dvt":"Anulado sub judice","vap":"6","pvap":"   0,02"},{"seq":"26","sqcand":"140001198764","n":"22456","nm":"DERIMAR DA COLONIA","cc":"PL","nv":" ","e":"n","st":"Suplente","dvt":"V\u00e1lido","vap":"323","pvap":"   1,35"},{"seq":"34","sqcand":"140001039572","n":"10222","nm":"HAMILTON DA SA\u00daDE","cc":"REPUBLICANOS","nv":" ","e":"n","st":"Suplente","dvt":"V\u00e1lido","vap":"245","pvap":"   1,02"},{"seq":"133","sqcand":"140001198362","n":"50100","nm":"MARLENE ARRUDA","cc":"PSOL","nv":" ","e":"n","st":"N\u00e3o eleito","dvt":"V\u00e1lido","vap":"23","pvap":"   0,10"},{"seq":"143","sqcand":"140001198368","n":"50400","nm":"MARGEM BARROS","cc":"PSOL","nv":" ","e":"n","st":"N\u00e3o eleito","dvt":"V\u00e1lido","vap":"6","pvap":"   0,02"},{"seq":"118","sqcand":"140000940466","n":"19222","nm":"MAURICIO OLIVEIRA","cc":"PODE","nv":" ","e":"n","st":"N\u00e3o eleito","dvt":"V\u00e1lido","vap":"166","pvap":"   0,69"},{"seq":"113","sqcand":"140001039577","n":"10000","nm":"NATHALIA BRITO","cc":"REPUBLICANOS","nv":" ","e":"n","st":"Suplente","dvt":"V\u00e1lido","vap":"3","pvap":"   0,01"},{"seq":"132","sqcand":"140001198366","n":"50500","nm":"SAMILA","cc":"PSOL","nv":" ","e":"n","st":"N\u00e3o eleito","dvt":"V\u00e1lido","vap":"28","pvap":"   0,12"},{"seq":"25","sqcand":"140001041278","n":"12500","nm":"RADILSON DO PARAIBA","cc":"PDT","nv":" ","e":"n","st":"Suplente","dvt":"V\u00e1lido","vap":"335","pvap":"   1,40"},{"seq":"43","sqcand":"140000940514","n":"23140","nm":"JUVENAL DO PROJETO","cc":"CIDADANIA","nv":" ","e":"n","st":"Suplente","dvt":"V\u00e1lido","vap":"154","pvap":"   0,64"},{"seq":"96","sqcand":"140001253399","n":"25001","nm":"PARAFUSO","cc":"DEM","nv":" ","e":"n","st":"Suplente","dvt":"V\u00e1lido","vap":"16","pvap":"   0,07"},{"seq":"77","sqcand":"140000940512","n":"23151","nm":"AMADO WALL","cc":"CIDADANIA","nv":" ","e":"n","st":"Suplente","dvt":"V\u00e1lido","vap":"35","pvap":"   0,15"},{"seq":"70","sqcand":"140001253388","n":"25999","nm":"VALDY CANA\u00c3","cc":"DEM","nv":" ","e":"n","st":"Suplente","dvt":"V\u00e1lido","vap":"48","pvap":"   0,20"},{"seq":"66","sqcand":"140000940963","n":"55777","nm":"JO\u00c3O BILA","cc":"PSD","nv":" ","e":"n","st":"Suplente","dvt":"V\u00e1lido","vap":"58","pvap":"   0,24"},{"seq":"20","sqcand":"140000940262","n":"45678","nm":"PEDRINHO MINEIRO","cc":"PSDB","nv":" ","e":"n","st":"Suplente","dvt":"V\u00e1lido","vap":"387","pvap":"   1,61"},{"seq":"86","sqcand":"140000940261","n":"45222","nm":"SIVALDINA CARVALHO","cc":"PSDB","nv":" ","e":"n","st":"Suplente","dvt":"V\u00e1lido","vap":"25","pvap":"   0,10"},{"seq":"28","sqcand":"140001253391","n":"25123","nm":"LEONARDO NUNES","cc":"DEM","nv":" ","e":"n","st":"Suplente","dvt":"V\u00e1lido","vap":"307","pvap":"   1,28"},{"seq":"104","sqcand":"140001253390","n":"25111","nm":"TESTA LE\u00c3O","cc":"DEM","nv":" ","e":"n","st":"Suplente","dvt":"V\u00e1lido","vap":"9","pvap":"   0,04"},{"seq":"131","sqcand":"140001208800","n":"14144","nm":"GISELE NASCIMENTO","cc":"PTB","nv":" ","e":"n","st":"N\u00e3o eleito","dvt":"V\u00e1lido","vap":"32","pvap":"   0,13"},{"seq":"2","sqcand":"140001198761","n":"22555","nm":"JUNIOR BELCHIOR","cc":"PL","nv":" ","e":"s","st":"Eleito","dvt":"V\u00e1lido","vap":"780","pvap":"   3,25"},{"seq":"6","sqcand":"140000940516","n":"23123","nm":"\u00c2NGELA LIMA","cc":"CIDADANIA","nv":" ","e":"s","st":"Eleito","dvt":"V\u00e1lido","vap":"545","pvap":"   2,27"},{"seq":"121","sqcand":"140001198363","n":"50123","nm":"FARINHA","cc":"PSOL","nv":" ","e":"n","st":"N\u00e3o eleito","dvt":"V\u00e1lido","vap":"101","pvap":"   0,42"},{"seq":"119","sqcand":"140001198367","n":"50321","nm":"PROF. NEUTON COSTA","cc":"PSOL","nv":" ","e":"n","st":"N\u00e3o eleito","dvt":"V\u00e1lido","vap":"136","pvap":"   0,57"},{"seq":"122","sqcand":"140000940467","n":"19333","nm":"MARCOS ANDRADE","cc":"PODE","nv":" ","e":"n","st":"N\u00e3o eleito","dvt":"V\u00e1lido","vap":"97","pvap":"   0,40"},{"seq":"60","sqcand":"140001198758","n":"22211","nm":"PROF&#186; ANTONIO BATISTA","cc":"PL","nv":" ","e":"n","st":"Suplente","dvt":"V\u00e1lido","vap":"86","pvap":"   0,36"},{"seq":"79","sqcand":"140001253393","n":"25555","nm":"FABIANO ALVES","cc":"DEM","nv":" ","e":"n","st":"Suplente","dvt":"V\u00e1lido","vap":"34","pvap":"   0,14"},{"seq":"128","sqcand":"140001208798","n":"14100","nm":"LEO DO MIMI","cc":"PTB","nv":" ","e":"n","st":"N\u00e3o eleito","dvt":"V\u00e1lido","vap":"49","pvap":"   0,20"},{"seq":"64","sqcand":"140000940256","n":"45555","nm":"TINO MAX","cc":"PSDB","nv":" ","e":"n","st":"Suplente","dvt":"V\u00e1lido","vap":"77","pvap":"   0,32"},{"seq":"84","sqcand":"140000940973","n":"55307","nm":"DONA CORINA","cc":"PSD","nv":" ","e":"n","st":"Suplente","dvt":"V\u00e1lido","vap":"26","pvap":"   0,11"},{"seq":"120","sqcand":"140000940468","n":"19123","nm":"MISSION\u00c1RIO ROGERIO MARACAIPE","cc":"PODE","nv":" ","e":"n","st":"N\u00e3o eleito","dvt":"V\u00e1lido","vap":"133","pvap":"   0,55"},{"seq":"7","sqcand":"140001039582","n":"10555","nm":"PROFESSOR ERICK ALVES","cc":"REPUBLICANOS","nv":" ","e":"s","st":"Eleito","dvt":"V\u00e1lido","vap":"512","pvap":"   2,13"},{"seq":"114","sqcand":"140001039578","n":"10987","nm":"ANATALIA MEIRELLES","cc":"REPUBLICANOS","nv":" ","e":"n","st":"Suplente","dvt":"V\u00e1lido","vap":"2","pvap":"   0,01"},{"seq":"101","sqcand":"140001253384","n":"25221","nm":"DOMINGUINHA","cc":"DEM","nv":" ","e":"n","st":"Suplente","dvt":"V\u00e1lido","vap":"12","pvap":"   0,05"}]}
