{"ele":"426","tpabr":"mu","cdabr":"04766","carper":"13","t":"1","f":"o","dt":"15/11/2020","ht":"22:13:35","dv":"s","tf":"s","v":"13","esae":"n","mnae":"","s":"50","st":"50","pst":" 100,00","snt":"0","psnt":"   0,00","si":"50","psi":" 100,00","sni":"0","psni":"   0,00","sa":"50","psa":" 100,00","sna":"0","psna":"   0,00","e":"14219","ea":"14219","pea":" 100,00","ena":"0","pena":"   0,00","esi":"14219","pesi":" 100,00","esni":"0","pesni":"   0,00","c":"11133","pc":"  78,30","a":"3086","pa":"  21,70","vscv":"0","vnom":"10105","vl":"605","pvnom":"  94,35","pvl":"   5,65","vvc":"10710","pvvc":"  96,20","vb":"56","pvb":"   0,50","tvn":"367","ptvn":"   3,30","vn":"367","pvn":" 100,00","vnt":"0","pvnt":"   0,00","vp":"0","pvp":"   0,00","vv":"10710","pvv":" 100,00","van":"0","pvan":"   0,00","vansj":"0","pvansj":"   0,00","tv":"11133","cand":[{"seq":"5","sqcand":"140000725087","n":"15123","nm":"Z\u00c9 DO BROCA","cc":"MDB","nv":" ","e":"s","st":"Eleito","dvt":"V\u00e1lido","vap":"479","pvap":"   4,47"},{"seq":"9","sqcand":"140000725790","n":"22580","nm":"JAP\u00c3O","cc":"PL","nv":" ","e":"s","st":"Eleito","dvt":"V\u00e1lido","vap":"375","pvap":"   3,50"},{"seq":"3","sqcand":"140000725090","n":"15234","nm":"NILO FERREIRA","cc":"MDB","nv":" ","e":"s","st":"Eleito","dvt":"V\u00e1lido","vap":"501","pvap":"   4,68"},{"seq":"2","sqcand":"140000725091","n":"15555","nm":"EDIVAN","cc":"MDB","nv":" ","e":"s","st":"Eleito","dvt":"V\u00e1lido","vap":"518","pvap":"   4,84"},{"seq":"35","sqcand":"140000725793","n":"22258","nm":"KEYLA DA PESCA","cc":"PL","nv":" ","e":"n","st":"Suplente","dvt":"V\u00e1lido","vap":"83","pvap":"   0,77"},{"seq":"33","sqcand":"140000752625","n":"13333","nm":"JOSIMAR","cc":"PT","nv":" ","e":"n","st":"Suplente","dvt":"V\u00e1lido","vap":"90","pvap":"   0,84"},{"seq":"59","sqcand":"140000721499","n":"77700","nm":"MODELO","cc":"SOLIDARIEDADE","nv":" ","e":"n","st":"Suplente","dvt":"V\u00e1lido","vap":"10","pvap":"   0,09"},{"seq":"7","sqcand":"140000752635","n":"13222","nm":"EFIGENIA","cc":"PT","nv":" ","e":"s","st":"Eleito","dvt":"V\u00e1lido","vap":"415","pvap":"   3,87"},{"seq":"14","sqcand":"140000752631","n":"13111","nm":"JARDEL DO TOINHO","cc":"PT","nv":" ","e":"n","st":"Suplente","dvt":"V\u00e1lido","vap":"379","pvap":"   3,54"},{"seq":"44","sqcand":"140000721497","n":"77222","nm":"DACILENE DA BOA VISTA MOVEIS","cc":"SOLIDARIEDADE","nv":" ","e":"n","st":"Suplente","dvt":"V\u00e1lido","vap":"34","pvap":"   0,32"},{"seq":"38","sqcand":"140000725080","n":"15333","nm":"RUY DO SERINGAL","cc":"MDB","nv":" ","e":"n","st":"Suplente","dvt":"V\u00e1lido","vap":"55","pvap":"   0,51"},{"seq":"30","sqcand":"140000721512","n":"77369","nm":"ALUIZIO","cc":"SOLIDARIEDADE","nv":" ","e":"n","st":"Suplente","dvt":"V\u00e1lido","vap":"111","pvap":"   1,04"},{"seq":"46","sqcand":"140000725082","n":"15444","nm":"ANNE AVIZ","cc":"MDB","nv":" ","e":"n","st":"Suplente","dvt":"V\u00e1lido","vap":"32","pvap":"   0,30"},{"seq":"24","sqcand":"140000725788","n":"22444","nm":"KEZIA DO ALEGRE","cc":"PL","nv":" ","e":"n","st":"Suplente","dvt":"V\u00e1lido","vap":"141","pvap":"   1,32"},{"seq":"60","sqcand":"140000752628","n":"13456","nm":"PRETO DO SERINGAL","cc":"PT","nv":" ","e":"n","st":"Suplente","dvt":"V\u00e1lido","vap":"9","pvap":"   0,08"},{"seq":"54","sqcand":"140000721506","n":"77000","nm":"VITORIA","cc":"SOLIDARIEDADE","nv":" ","e":"n","st":"Suplente","dvt":"V\u00e1lido","vap":"21","pvap":"   0,20"},{"seq":"13","sqcand":"140000721508","n":"77123","nm":"NENOVO RIO","cc":"SOLIDARIEDADE","nv":" ","e":"s","st":"Eleito","dvt":"V\u00e1lido","vap":"213","pvap":"   1,99"},{"seq":"39","sqcand":"140000725781","n":"22789","nm":"DORIVAL MACEDO","cc":"PL","nv":" ","e":"n","st":"Suplente","dvt":"V\u00e1lido","vap":"53","pvap":"   0,49"},{"seq":"51","sqcand":"140000725782","n":"22345","nm":"IRM\u00c3 T\u00c2NIA","cc":"PL","nv":" ","e":"n","st":"Suplente","dvt":"V\u00e1lido","vap":"25","pvap":"   0,23"},{"seq":"34","sqcand":"140000721510","n":"77777","nm":"LAMBUZADO","cc":"SOLIDARIEDADE","nv":" ","e":"n","st":"Suplente","dvt":"V\u00e1lido","vap":"84","pvap":"   0,78"},{"seq":"41","sqcand":"140000725077","n":"15100","nm":"MIST\u00c9RIO","cc":"MDB","nv":" ","e":"n","st":"Suplente","dvt":"V\u00e1lido","vap":"40","pvap":"   0,37"},{"seq":"32","sqcand":"140000725088","n":"15220","nm":"SELMA","cc":"MDB","nv":" ","e":"n","st":"Suplente","dvt":"V\u00e1lido","vap":"107","pvap":"   1,00"},{"seq":"63","sqcand":"140000721503","n":"77555","nm":"CLAUDIO","cc":"SOLIDARIEDADE","nv":" ","e":"n","st":"Suplente","dvt":"V\u00e1lido","vap":"4","pvap":"   0,04"},{"seq":"61","sqcand":"140000725783","n":"22567","nm":"LIBERA","cc":"PL","nv":" ","e":"n","st":"Suplente","dvt":"V\u00e1lido","vap":"6","pvap":"   0,06"},{"seq":"62","sqcand":"140000721501","n":"77444","nm":"ELEFOA","cc":"SOLIDARIEDADE","nv":" ","e":"n","st":"Suplente","dvt":"V\u00e1lido","vap":"5","pvap":"   0,05"},{"seq":"40","sqcand":"140000725785","n":"22200","nm":"KAR\u00c1","cc":"PL","nv":" ","e":"n","st":"Suplente","dvt":"V\u00e1lido","vap":"42","pvap":"   0,39"},{"seq":"18","sqcand":"140000725779","n":"22456","nm":"LUENIR","cc":"PL","nv":" ","e":"n","st":"Suplente","dvt":"V\u00e1lido","vap":"210","pvap":"   1,96"},{"seq":"49","sqcand":"140000721498","n":"77800","nm":"IRM\u00c3O BRITO","cc":"SOLIDARIEDADE","nv":" ","e":"n","st":"Suplente","dvt":"V\u00e1lido","vap":"27","pvap":"   0,25"},{"seq":"12","sqcand":"140000721511","n":"77666","nm":"VALDICLENES","cc":"SOLIDARIEDADE","nv":" ","e":"s","st":"Eleito","dvt":"V\u00e1lido","vap":"237","pvap":"   2,21"},{"seq":"21","sqcand":"140000721505","n":"77789","nm":"ELIEL MECANICO","cc":"SOLIDARIEDADE","nv":" ","e":"n","st":"Suplente","dvt":"V\u00e1lido","vap":"148","pvap":"   1,38"},{"seq":"10","sqcand":"140000725795","n":"22555","nm":"LEILA PONTES","cc":"PL","nv":" ","e":"s","st":"Eleito","dvt":"V\u00e1lido","vap":"371","pvap":"   3,46"},{"seq":"36","sqcand":"140000725083","n":"15600","nm":"EDVALDO LATA VELHA","cc":"MDB","nv":" ","e":"n","st":"Suplente","dvt":"V\u00e1lido","vap":"71","pvap":"   0,66"},{"seq":"1","sqcand":"140000725089","n":"15888","nm":"BETE BESSA","cc":"MDB","nv":" ","e":"s","st":"Eleito","dvt":"V\u00e1lido","vap":"912","pvap":"   8,52"},{"seq":"8","sqcand":"140000725786","n":"22222","nm":"ADENILTON","cc":"PL","nv":" ","e":"s","st":"Eleito","dvt":"V\u00e1lido","vap":"395","pvap":"   3,69"},{"seq":"58","sqcand":"140000725789","n":"22777","nm":"ELOIN DO CHURRASQUINHO","cc":"PL","nv":" ","e":"n","st":"Suplente","dvt":"V\u00e1lido","vap":"11","pvap":"   0,10"},{"seq":"15","sqcand":"140000725079","n":"15111","nm":"FERNANDO DO JEGUE","cc":"MDB","nv":" ","e":"n","st":"Suplente","dvt":"V\u00e1lido","vap":"315","pvap":"   2,94"},{"seq":"50","sqcand":"140000752632","n":"13123","nm":"ROGERIO CORREIA","cc":"PT","nv":" ","e":"n","st":"Suplente","dvt":"V\u00e1lido","vap":"27","pvap":"   0,25"},{"seq":"22","sqcand":"140000725078","n":"15000","nm":"CHARLILIA GOMES","cc":"MDB","nv":" ","e":"n","st":"Suplente","dvt":"V\u00e1lido","vap":"146","pvap":"   1,36"},{"seq":"20","sqcand":"140000721495","n":"77852","nm":"TENISE","cc":"SOLIDARIEDADE","nv":" ","e":"n","st":"Suplente","dvt":"V\u00e1lido","vap":"152","pvap":"   1,42"},{"seq":"56","sqcand":"140000752626","n":"13555","nm":"NILDE DO SERINGAL","cc":"PT","nv":" ","e":"n","st":"Suplente","dvt":"V\u00e1lido","vap":"18","pvap":"   0,17"},{"seq":"37","sqcand":"140000725081","n":"15222","nm":"ELY DA KOMBI","cc":"MDB","nv":" ","e":"n","st":"Suplente","dvt":"V\u00e1lido","vap":"69","pvap":"   0,64"},{"seq":"52","sqcand":"140000752633","n":"13000","nm":"NALVINHA DO SINDICATO","cc":"PT","nv":" ","e":"n","st":"Suplente","dvt":"V\u00e1lido","vap":"22","pvap":"   0,21"},{"seq":"29","sqcand":"140000725086","n":"15999","nm":"ENFERMEIRO DIOGO","cc":"MDB","nv":" ","e":"n","st":"Suplente","dvt":"V\u00e1lido","vap":"122","pvap":"   1,14"},{"seq":"4","sqcand":"140000725792","n":"22000","nm":"MIGUEL DA VILA","cc":"PL","nv":" ","e":"s","st":"Eleito","dvt":"V\u00e1lido","vap":"501","pvap":"   4,68"},{"seq":"47","sqcand":"140000721502","n":"77456","nm":"CA\u00c7AMBEIRO","cc":"SOLIDARIEDADE","nv":" ","e":"n","st":"Suplente","dvt":"V\u00e1lido","vap":"29","pvap":"   0,27"},{"seq":"55","sqcand":"140000725085","n":"15200","nm":"KAYLLANE ALMEIDA ","cc":"MDB","nv":" ","e":"n","st":"Suplente","dvt":"V\u00e1lido","vap":"20","pvap":"   0,19"},{"seq":"28","sqcand":"140000725794","n":"22999","nm":"IRM\u00c3O DIL","cc":"PL","nv":" ","e":"n","st":"Suplente","dvt":"V\u00e1lido","vap":"127","pvap":"   1,19"},{"seq":"45","sqcand":"140000752627","n":"13678","nm":"MARLI","cc":"PT","nv":" ","e":"n","st":"Suplente","dvt":"V\u00e1lido","vap":"32","pvap":"   0,30"},{"seq":"19","sqcand":"140000721504","n":"77888","nm":"ELI REIS","cc":"SOLIDARIEDADE","nv":" ","e":"n","st":"Suplente","dvt":"V\u00e1lido","vap":"152","pvap":"   1,42"},{"seq":"43","sqcand":"140000721500","n":"77321","nm":"RIBA","cc":"SOLIDARIEDADE","nv":" ","e":"n","st":"Suplente","dvt":"V\u00e1lido","vap":"35","pvap":"   0,33"},{"seq":"26","sqcand":"140000752624","n":"13112","nm":"NALDINHO DO JIB\u00d3IA","cc":"PT","nv":" ","e":"n","st":"Suplente","dvt":"V\u00e1lido","vap":"131","pvap":"   1,22"},{"seq":"42","sqcand":"140000721496","n":"77333","nm":"BURGU\u00caS","cc":"SOLIDARIEDADE","nv":" ","e":"n","st":"Suplente","dvt":"V\u00e1lido","vap":"36","pvap":"   0,34"},{"seq":"31","sqcand":"140000752629","n":"13444","nm":"BRAS DO SINDICATO","cc":"PT","nv":" ","e":"n","st":"Suplente","dvt":"V\u00e1lido","vap":"109","pvap":"   1,02"},{"seq":"48","sqcand":"140000721509","n":"77111","nm":"CLAUDIA DANTAS","cc":"SOLIDARIEDADE","nv":" ","e":"n","st":"Suplente","dvt":"V\u00e1lido","vap":"29","pvap":"   0,27"},{"seq":"6","sqcand":"140000725076","n":"15678","nm":"FOGOI\u00d3","cc":"MDB","nv":" ","e":"s","st":"Eleito","dvt":"V\u00e1lido","vap":"470","pvap":"   4,39"},{"seq":"23","sqcand":"140000725796","n":"22888","nm":"CORADO MOTOS","cc":"PL","nv":" ","e":"n","st":"Suplente","dvt":"V\u00e1lido","vap":"141","pvap":"   1,32"},{"seq":"16","sqcand":"140000725791","n":"22123","nm":"PAULINHO","cc":"PL","nv":" ","e":"n","st":"Suplente","dvt":"V\u00e1lido","vap":"290","pvap":"   2,71"},{"seq":"57","sqcand":"140000752634","n":"13888","nm":"DONA CELIA","cc":"PT","nv":" ","e":"n","st":"Suplente","dvt":"V\u00e1lido","vap":"16","pvap":"   0,15"},{"seq":"17","sqcand":"140000725780","n":"22333","nm":"CHAGAS","cc":"PL","nv":" ","e":"n","st":"Suplente","dvt":"V\u00e1lido","vap":"260","pvap":"   2,43"},{"seq":"27","sqcand":"140000725787","n":"22007","nm":"IVANETE VILAR","cc":"PL","nv":" ","e":"n","st":"Suplente","dvt":"V\u00e1lido","vap":"129","pvap":"   1,20"},{"seq":"11","sqcand":"140000725784","n":"22111","nm":"EZEQUIEL","cc":"PL","nv":" ","e":"s","st":"Eleito","dvt":"V\u00e1lido","vap":"355","pvap":"   3,31"},{"seq":"25","sqcand":"140000721507","n":"77999","nm":"CORDEIRO","cc":"SOLIDARIEDADE","nv":" ","e":"n","st":"Suplente","dvt":"V\u00e1lido","vap":"137","pvap":"   1,28"},{"seq":"53","sqcand":"140000752630","n":"13777","nm":"JANETE DO PT","cc":"PT","nv":" ","e":"n","st":"Suplente","dvt":"V\u00e1lido","vap":"21","pvap":"   0,20"}]}
