{"ele":"426","tpabr":"mu","cdabr":"04790","carper":"13","t":"1","f":"o","dt":"15/11/2020","ht":"22:28:29","dv":"s","tf":"s","v":"11","esae":"n","mnae":"","s":"64","st":"64","pst":" 100,00","snt":"0","psnt":"   0,00","si":"64","psi":" 100,00","sni":"0","psni":"   0,00","sa":"64","psa":" 100,00","sna":"0","psna":"   0,00","e":"20464","ea":"20464","pea":" 100,00","ena":"0","pena":"   0,00","esi":"20464","pesi":" 100,00","esni":"0","pesni":"   0,00","c":"18084","pc":"  88,37","a":"2380","pa":"  11,63","vscv":"0","vnom":"16304","vl":"664","pvnom":"  96,09","pvl":"   3,91","vvc":"17649","pvvc":"  97,59","vb":"93","pvb":"   0,52","tvn":"342","ptvn":"   1,89","vn":"342","pvn":" 100,00","vnt":"0","pvnt":"   0,00","vp":"0","pvp":"   0,00","vv":"16968","pvv":"  96,14","van":"0","pvan":"   0,00","vansj":"681","pvansj":"   3,86","tv":"18084","cand":[{"seq":"21","sqcand":"140000726627","n":"45333","nm":"PROF. BET\u00c3O","cc":"PSDB","nv":" ","e":"n","st":"Suplente","dvt":"V\u00e1lido","vap":"260","pvap":"   1,47"},{"seq":"57","sqcand":"140000726619","n":"45111","nm":"DALCY","cc":"PSDB","nv":" ","e":"n","st":"Suplente","dvt":"V\u00e1lido","vap":"10","pvap":"   0,06"},{"seq":"20","sqcand":"140000761892","n":"13234","nm":"IZABEL PINHEIRO","cc":"PT","nv":" ","e":"n","st":"Suplente","dvt":"V\u00e1lido","vap":"284","pvap":"   1,61"},{"seq":"33","sqcand":"140000726626","n":"45789","nm":"ADAIR NOVAES","cc":"PSDB","nv":" ","e":"n","st":"Suplente","dvt":"V\u00e1lido","vap":"67","pvap":"   0,38"},{"seq":"47","sqcand":"140000724532","n":"12105","nm":"IZAQUE PUREZA","cc":"PDT","nv":" ","e":"n","st":"Suplente","dvt":"V\u00e1lido","vap":"21","pvap":"   0,12"},{"seq":"18","sqcand":"140000761884","n":"13133","nm":"PRETO SAMPAIO","cc":"PT","nv":" ","e":"n","st":"Suplente","dvt":"V\u00e1lido","vap":"376","pvap":"   2,13"},{"seq":"32","sqcand":"140000761886","n":"13630","nm":"BRUNO FARIAS","cc":"PT","nv":" ","e":"n","st":"Suplente","dvt":"V\u00e1lido","vap":"72","pvap":"   0,41"},{"seq":"73","sqcand":"140001032030","n":"22012","nm":"MALUZINHO","cc":"PL","nv":" ","e":"n","st":"N\u00e3o eleito","dvt":"V\u00e1lido","vap":"30","pvap":"   0,17"},{"seq":"8","sqcand":"140000726622","n":"45123","nm":"MIGUEL CAF\u00c9","cc":"PSDB","nv":" ","e":"s","st":"Eleito","dvt":"V\u00e1lido","vap":"579","pvap":"   3,28"},{"seq":"38","sqcand":"140000761891","n":"13340","nm":"SOCORRO CAMPOS","cc":"PT","nv":" ","e":"n","st":"Suplente","dvt":"V\u00e1lido","vap":"46","pvap":"   0,26"},{"seq":"60","sqcand":"140000724684","n":"19000","nm":"ZOCA DO TIO VILAR","cc":"PODE","nv":" ","e":"n","st":"Suplente","dvt":"V\u00e1lido","vap":"7","pvap":"   0,04"},{"seq":"36","sqcand":"140000643429","n":"20333","nm":"DANY CARVALHO","cc":"PSC","nv":" ","e":"n","st":"Suplente","dvt":"V\u00e1lido","vap":"56","pvap":"   0,32"},{"seq":"3","sqcand":"140000761885","n":"13131","nm":"JESAIAS PINHEIRO","cc":"PT","nv":" ","e":"s","st":"Eleito","dvt":"V\u00e1lido","vap":"854","pvap":"   4,84"},{"seq":"10","sqcand":"140000724530","n":"12222","nm":"JAIRO BARRETO","cc":"PDT","nv":" ","e":"s","st":"Eleito","dvt":"V\u00e1lido","vap":"372","pvap":"   2,11"},{"seq":"67","sqcand":"140000726827","n":"22789","nm":"EG\u00cdDIO MONTEIRO","cc":"PL","nv":" ","e":"n","st":"N\u00e3o eleito","dvt":"V\u00e1lido","vap":"97","pvap":"   0,55"},{"seq":"19","sqcand":"140000724534","n":"12567","nm":"DETO PUREZA","cc":"PDT","nv":" ","e":"n","st":"Suplente","dvt":"V\u00e1lido","vap":"328","pvap":"   1,86"},{"seq":"75","sqcand":"140000726821","n":"22555","nm":"LAIANA","cc":"PL","nv":" ","e":"n","st":"N\u00e3o eleito","dvt":"V\u00e1lido","vap":"23","pvap":"   0,13"},{"seq":"88","sqcand":"140000727122","n":"50000","nm":"LITO","cc":"PSOL","nv":" ","e":"n","st":"N\u00e3o eleito","dvt":"V\u00e1lido","vap":"3","pvap":"   0,02"},{"seq":"12","sqcand":"140000724681","n":"19999","nm":"TIO GUARA","cc":"PODE","nv":" ","e":"n","st":"Suplente","dvt":"V\u00e1lido","vap":"614","pvap":"   3,48"},{"seq":"49","sqcand":"140000724535","n":"12101","nm":"DIVA","cc":"PDT","nv":" ","e":"n","st":"Suplente","dvt":"V\u00e1lido","vap":"16","pvap":"   0,09"},{"seq":"74","sqcand":"140000841197","n":"40960","nm":"EVANDRO VIEIRA","cc":"PSB","nv":" ","e":"n","st":"N\u00e3o eleito","dvt":"V\u00e1lido","vap":"24","pvap":"   0,14"},{"seq":"65","sqcand":"140000841204","n":"40123","nm":"RUBINHO DOS MOTORES","cc":"PSB","nv":" ","e":"n","st":"N\u00e3o eleito","dvt":"V\u00e1lido","vap":"158","pvap":"   0,90"},{"seq":"92","sqcand":"140000726825","n":"22100","nm":"MAX BALIEIRO","cc":"PL","nv":" ","e":"n","st":"N\u00e3o eleito","dvt":"V\u00e1lido","vap":"1","pvap":"   0,01"},{"seq":"2","sqcand":"140000761895","n":"13000","nm":"PROFESSOR FREDISON FARIAS","cc":"PT","nv":" ","e":"s","st":"Eleito","dvt":"V\u00e1lido","vap":"1001","pvap":"   5,67"},{"seq":"39","sqcand":"140000761889","n":"13130","nm":"LOURO DAS ANTENAS","cc":"PT","nv":" ","e":"n","st":"Suplente","dvt":"V\u00e1lido","vap":"46","pvap":"   0,26"},{"seq":"90","sqcand":"140000726824","n":"22500","nm":"ROBSON BALIEIRO","cc":"PL","nv":" ","e":"n","st":"N\u00e3o eleito","dvt":"V\u00e1lido","vap":"2","pvap":"   0,01"},{"seq":"4","sqcand":"140000724679","n":"19123","nm":"LUIZ TAVARES","cc":"PODE","nv":" ","e":"s","st":"Eleito","dvt":"V\u00e1lido","vap":"851","pvap":"   4,82"},{"seq":"6","sqcand":"140000643427","n":"20123","nm":"JENIVALDO COSTA","cc":"PSC","nv":" ","e":"s","st":"Eleito","dvt":"V\u00e1lido","vap":"670","pvap":"   3,80"},{"seq":"56","sqcand":"140000726617","n":"45666","nm":"SELMA FIGUEREDO","cc":"PSDB","nv":" ","e":"n","st":"Suplente","dvt":"V\u00e1lido","vap":"10","pvap":"   0,06"},{"seq":"55","sqcand":"140000724525","n":"12123","nm":"PR. AGNALDO SANTOS","cc":"PDT","nv":" ","e":"n","st":"Suplente","dvt":"V\u00e1lido","vap":"11","pvap":"   0,06"},{"seq":"23","sqcand":"140000724528","n":"12133","nm":"GABRIEL GON\u00c7ALVES","cc":"PDT","nv":" ","e":"n","st":"Suplente","dvt":"V\u00e1lido","vap":"231","pvap":"   1,31"},{"seq":"1","sqcand":"140000724538","n":"12345","nm":"Z\u00c9 PEREIRA","cc":"PDT","nv":" ","e":"s","st":"Eleito","dvt":"V\u00e1lido","vap":"1530","pvap":"   8,67"},{"seq":"17","sqcand":"140000726625","n":"45222","nm":"PROF. MARCELO PROGENIO","cc":"PSDB","nv":" ","e":"n","st":"Suplente","dvt":"V\u00e1lido","vap":"441","pvap":"   2,50"},{"seq":"9","sqcand":"140000726624","n":"45680","nm":"DONATO","cc":"PSDB","nv":" ","e":"s","st":"Eleito","dvt":"V\u00e1lido","vap":"540","pvap":"   3,06"},{"seq":"82","sqcand":"140000727121","n":"50013","nm":"PAULO SILVA","cc":"PSOL","nv":" ","e":"n","st":"N\u00e3o eleito","dvt":"V\u00e1lido","vap":"8","pvap":"   0,05"},{"seq":"22","sqcand":"140000724526","n":"12678","nm":"BAI\u00c9","cc":"PDT","nv":" ","e":"n","st":"Suplente","dvt":"V\u00e1lido","vap":"242","pvap":"   1,37"},{"seq":"70","sqcand":"140000727123","n":"50777","nm":"JOSIANE","cc":"PSOL","nv":" ","e":"n","st":"N\u00e3o eleito","dvt":"V\u00e1lido","vap":"44","pvap":"   0,25"},{"seq":"7","sqcand":"140000643425","n":"20777","nm":"CELMA MACHADO","cc":"PSC","nv":" ","e":"s","st":"Eleito","dvt":"V\u00e1lido","vap":"663","pvap":"   3,76"},{"seq":"83","sqcand":"140000727124","n":"50444","nm":"TRINDADE","cc":"PSOL","nv":" ","e":"n","st":"N\u00e3o eleito","dvt":"V\u00e1lido","vap":"7","pvap":"   0,04"},{"seq":"80","sqcand":"140000727120","n":"50345","nm":"NAZARE","cc":"PSOL","nv":" ","e":"n","st":"N\u00e3o eleito","dvt":"V\u00e1lido","vap":"9","pvap":"   0,05"},{"seq":"85","sqcand":"140000841200","n":"40222","nm":"ELZIRA FARIAS","cc":"PSB","nv":" ","e":"n","st":"N\u00e3o eleito","dvt":"V\u00e1lido","vap":"6","pvap":"   0,03"},{"seq":"76","sqcand":"140000841203","n":"40456","nm":"PAULO PASTANA","cc":"PSB","nv":" ","e":"n","st":"N\u00e3o eleito","dvt":"V\u00e1lido","vap":"19","pvap":"   0,11"},{"seq":"45","sqcand":"140000724533","n":"12137","nm":"MANOEL MELO","cc":"PDT","nv":" ","e":"n","st":"Suplente","dvt":"V\u00e1lido","vap":"25","pvap":"   0,14"},{"seq":"29","sqcand":"140000724536","n":"12102","nm":"SANTINHO CASTRO","cc":"PDT","nv":" ","e":"n","st":"Suplente","dvt":"V\u00e1lido","vap":"107","pvap":"   0,61"},{"seq":"77","sqcand":"140000726829","n":"22222","nm":"SIDOLAR PASTANA","cc":"PL","nv":" ","e":"n","st":"N\u00e3o eleito","dvt":"V\u00e1lido","vap":"16","pvap":"   0,09"},{"seq":"72","sqcand":"140000726830","n":"22001","nm":"EDILEIZE CASTRO","cc":"PL","nv":" ","e":"n","st":"N\u00e3o eleito","dvt":"V\u00e1lido","vap":"32","pvap":"   0,18"},{"seq":"64","sqcand":"140000841201","n":"40111","nm":"JACIREMA GAIA","cc":"PSB","nv":" ","e":"n","st":"N\u00e3o eleito","dvt":"V\u00e1lido","vap":"543","pvap":"   3,08"},{"seq":"27","sqcand":"140000724683","n":"19234","nm":"MAR\u00c7AL","cc":"PODE","nv":" ","e":"n","st":"Suplente","dvt":"V\u00e1lido","vap":"121","pvap":"   0,69"},{"seq":"34","sqcand":"140000724686","n":"19131","nm":"ELIEL FARIAS","cc":"PODE","nv":" ","e":"n","st":"Suplente","dvt":"V\u00e1lido","vap":"65","pvap":"   0,37"},{"seq":"44","sqcand":"140000724678","n":"19222","nm":"TIA BENA","cc":"PODE","nv":" ","e":"n","st":"Suplente","dvt":"V\u00e1lido","vap":"26","pvap":"   0,15"},{"seq":"91","sqcand":"140000727119","n":"50888","nm":"SUELI ","cc":"PSOL","nv":" ","e":"n","st":"N\u00e3o eleito","dvt":"V\u00e1lido","vap":"2","pvap":"   0,01"},{"seq":"66","sqcand":"140000727118","n":"50555","nm":"DOMINGOS CAMPOS","cc":"PSOL","nv":" ","e":"n","st":"N\u00e3o eleito","dvt":"V\u00e1lido","vap":"102","pvap":"   0,58"},{"seq":"59","sqcand":"140000643428","n":"20579","nm":"G\u00ca","cc":"PSC","nv":" ","e":"n","st":"Suplente","dvt":"V\u00e1lido","vap":"8","pvap":"   0,05"},{"seq":"78","sqcand":"140000726828","n":"22345","nm":"BRANCA","cc":"PL","nv":" ","e":"n","st":"N\u00e3o eleito","dvt":"V\u00e1lido","vap":"13","pvap":"   0,07"},{"seq":"51","sqcand":"140000724531","n":"12255","nm":"MONIKY","cc":"PDT","nv":" ","e":"n","st":"Suplente","dvt":"V\u00e1lido","vap":"15","pvap":"   0,08"},{"seq":"16","sqcand":"140000724682","n":"19333","nm":"ROBERT LE\u00c3O","cc":"PODE","nv":" ","e":"n","st":"Suplente","dvt":"V\u00e1lido","vap":"454","pvap":"   2,57"},{"seq":"89","sqcand":"140000727116","n":"50111","nm":"BIGODE","cc":"PSOL","nv":" ","e":"n","st":"N\u00e3o eleito","dvt":"V\u00e1lido","vap":"3","pvap":"   0,02"},{"seq":"28","sqcand":"140000726629","n":"45555","nm":"CEZAR VIANA","cc":"PSDB","nv":" ","e":"n","st":"Suplente","dvt":"V\u00e1lido","vap":"111","pvap":"   0,63"},{"seq":"42","sqcand":"140000724680","n":"19665","nm":"SEBASTIANA COSTA","cc":"PODE","nv":" ","e":"n","st":"Suplente","dvt":"V\u00e1lido","vap":"31","pvap":"   0,18"},{"seq":"15","sqcand":"140000643430","n":"20789","nm":"CHECO","cc":"PSC","nv":" ","e":"n","st":"Suplente","dvt":"V\u00e1lido","vap":"516","pvap":"   2,92"},{"seq":"84","sqcand":"140000841199","n":"40103","nm":"JAP\u00c3O","cc":"PSB","nv":" ","e":"n","st":"N\u00e3o eleito","dvt":"V\u00e1lido","vap":"6","pvap":"   0,03"},{"seq":"86","sqcand":"140000841198","n":"40567","nm":"LUELE VERGOLINO","cc":"PSB","nv":" ","e":"n","st":"N\u00e3o eleito","dvt":"V\u00e1lido","vap":"6","pvap":"   0,03"},{"seq":"68","sqcand":"140000727117","n":"50123","nm":"BETO SERR\u00c3O","cc":"PSOL","nv":" ","e":"n","st":"N\u00e3o eleito","dvt":"V\u00e1lido","vap":"81","pvap":"   0,46"},{"seq":"50","sqcand":"140000724685","n":"19001","nm":"SAB\u00c1","cc":"PODE","nv":" ","e":"n","st":"Suplente","dvt":"V\u00e1lido","vap":"15","pvap":"   0,08"},{"seq":"48","sqcand":"140000643421","n":"20456","nm":"FILADELFIA","cc":"PSC","nv":" ","e":"n","st":"Suplente","dvt":"V\u00e1lido","vap":"18","pvap":"   0,10"},{"seq":"41","sqcand":"140000726618","n":"45567","nm":"PR. JURACI","cc":"PSDB","nv":" ","e":"n","st":"Suplente","dvt":"V\u00e1lido","vap":"36","pvap":"   0,20"},{"seq":"71","sqcand":"140000726823","n":"22456","nm":"BACU","cc":"PL","nv":" ","e":"n","st":"N\u00e3o eleito","dvt":"V\u00e1lido","vap":"32","pvap":"   0,18"},{"seq":"35","sqcand":"140000726620","n":"45120","nm":"VILMA TAVARES","cc":"PSDB","nv":" ","e":"n","st":"Suplente","dvt":"V\u00e1lido","vap":"59","pvap":"   0,33"},{"seq":"62","sqcand":"140000724677","n":"19513","nm":"TIAGO FAYAL","cc":"PODE","nv":" ","e":"n","st":"Suplente","dvt":"V\u00e1lido","vap":"6","pvap":"   0,03"},{"seq":"43","sqcand":"140000761890","n":"13134","nm":"PR PEDRO CARVALHO","cc":"PT","nv":" ","e":"n","st":"Suplente","dvt":"V\u00e1lido","vap":"27","pvap":"   0,15"},{"seq":"52","sqcand":"140000761883","n":"13013","nm":"TIA MAD\u00c1","cc":"PT","nv":" ","e":"n","st":"Suplente","dvt":"V\u00e1lido","vap":"14","pvap":"   0,08"},{"seq":"63","sqcand":"140000761893","n":"13132","nm":"DECO SILVA","cc":"PT","nv":" ","e":"n","st":"N\u00e3o eleito","dvt":"Anulado sub judice","vap":"681","pvap":"   3,86"},{"seq":"14","sqcand":"140000726623","n":"45677","nm":"H\u00c9LIO VIEIRA","cc":"PSDB","nv":" ","e":"n","st":"Suplente","dvt":"V\u00e1lido","vap":"528","pvap":"   2,99"},{"seq":"30","sqcand":"140000761887","n":"13123","nm":"LIA","cc":"PT","nv":" ","e":"n","st":"Suplente","dvt":"V\u00e1lido","vap":"84","pvap":"   0,48"},{"seq":"46","sqcand":"140000726628","n":"45321","nm":"DEUZETE MATOS","cc":"PSDB","nv":" ","e":"n","st":"Suplente","dvt":"V\u00e1lido","vap":"22","pvap":"   0,12"},{"seq":"37","sqcand":"140000761894","n":"13333","nm":"LINDALVA PROG\u00caNIO","cc":"PT","nv":" ","e":"n","st":"Suplente","dvt":"V\u00e1lido","vap":"49","pvap":"   0,28"},{"seq":"13","sqcand":"140000643426","n":"20444","nm":"JOANA","cc":"PSC","nv":" ","e":"n","st":"Suplente","dvt":"V\u00e1lido","vap":"589","pvap":"   3,34"},{"seq":"53","sqcand":"140000724540","n":"12456","nm":"ROSA DAS ESS\u00caNCIAS","cc":"PDT","nv":" ","e":"n","st":"Suplente","dvt":"V\u00e1lido","vap":"12","pvap":"   0,07"},{"seq":"25","sqcand":"140000726621","n":"45678","nm":"JACKSON PINHEIRO","cc":"PSDB","nv":" ","e":"n","st":"Suplente","dvt":"V\u00e1lido","vap":"175","pvap":"   0,99"},{"seq":"11","sqcand":"140000724529","n":"12111","nm":"PEDRO BARRA","cc":"PDT","nv":" ","e":"s","st":"Eleito","dvt":"V\u00e1lido","vap":"361","pvap":"   2,05"},{"seq":"61","sqcand":"140000724539","n":"12444","nm":"V\u00c2NIA BARBOSA","cc":"PDT","nv":" ","e":"n","st":"Suplente","dvt":"V\u00e1lido","vap":"7","pvap":"   0,04"},{"seq":"69","sqcand":"140000726826","n":"22121","nm":"EDINALDO ALVES","cc":"PL","nv":" ","e":"n","st":"N\u00e3o eleito","dvt":"V\u00e1lido","vap":"55","pvap":"   0,31"},{"seq":"5","sqcand":"140000761888","n":"13613","nm":"MARQUINHO DA PESCA","cc":"PT","nv":" ","e":"s","st":"Eleito","dvt":"V\u00e1lido","vap":"811","pvap":"   4,60"},{"seq":"24","sqcand":"140000643431","n":"20345","nm":"DANIEL OLIVEIRA","cc":"PSC","nv":" ","e":"n","st":"Suplente","dvt":"V\u00e1lido","vap":"199","pvap":"   1,13"},{"seq":"40","sqcand":"140000643422","n":"20555","nm":"JAMILE BARROS","cc":"PSC","nv":" ","e":"n","st":"Suplente","dvt":"V\u00e1lido","vap":"40","pvap":"   0,23"},{"seq":"26","sqcand":"140000643423","n":"20356","nm":"BADIQUINHO SOUZA","cc":"PSC","nv":" ","e":"n","st":"Suplente","dvt":"V\u00e1lido","vap":"128","pvap":"   0,73"},{"seq":"87","sqcand":"140000841202","n":"40777","nm":"ELIEL PINHEIRO","cc":"PSB","nv":" ","e":"n","st":"N\u00e3o eleito","dvt":"V\u00e1lido","vap":"5","pvap":"   0,03"},{"seq":"31","sqcand":"140000643424","n":"20112","nm":"GILMAR TURU","cc":"PSC","nv":" ","e":"n","st":"Suplente","dvt":"V\u00e1lido","vap":"80","pvap":"   0,45"},{"seq":"54","sqcand":"140000724537","n":"12344","nm":"CLEBSON BATISTA","cc":"PDT","nv":" ","e":"n","st":"Suplente","dvt":"V\u00e1lido","vap":"12","pvap":"   0,07"},{"seq":"79","sqcand":"140000727125","n":"50666","nm":"SANDRA","cc":"PSOL","nv":" ","e":"n","st":"N\u00e3o eleito","dvt":"V\u00e1lido","vap":"10","pvap":"   0,06"},{"seq":"81","sqcand":"140000841205","n":"40140","nm":"ROBSON COSTA","cc":"PSB","nv":" ","e":"n","st":"N\u00e3o eleito","dvt":"V\u00e1lido","vap":"9","pvap":"   0,05"},{"seq":"58","sqcand":"140000724527","n":"12333","nm":"CONCEI\u00c7\u00c3O","cc":"PDT","nv":" ","e":"n","st":"Suplente","dvt":"V\u00e1lido","vap":"9","pvap":"   0,05"}]}
