{"ele":"426","tpabr":"mu","cdabr":"04847","carper":"13","t":"1","f":"o","dt":"15/11/2020","ht":"23:03:35","dv":"s","tf":"s","v":"9","esae":"n","mnae":"","s":"14","st":"14","pst":" 100,00","snt":"0","psnt":"   0,00","si":"14","psi":" 100,00","sni":"0","psni":"   0,00","sa":"14","psa":" 100,00","sna":"0","psna":"   0,00","e":"4667","ea":"4667","pea":" 100,00","ena":"0","pena":"   0,00","esi":"4667","pesi":" 100,00","esni":"0","pesni":"   0,00","c":"4061","pc":"  87,02","a":"606","pa":"  12,98","vscv":"0","vnom":"3727","vl":"215","pvnom":"  94,55","pvl":"   5,45","vvc":"3942","pvvc":"  97,07","vb":"25","pvb":"   0,62","tvn":"94","ptvn":"   2,31","vn":"94","pvn":" 100,00","vnt":"0","pvnt":"   0,00","vp":"0","pvp":"   0,00","vv":"3942","pvv":" 100,00","van":"0","pvan":"   0,00","vansj":"0","pvansj":"   0,00","tv":"4061","cand":[{"seq":"58","sqcand":"140000722022","n":"20000","nm":"PEZ\u00c3O","cc":"PSC","nv":" ","e":"n","st":"Suplente","dvt":"V\u00e1lido","vap":"3","pvap":"   0,08"},{"seq":"1","sqcand":"140000835195","n":"15456","nm":"ROSIEL SIQUEIRA","cc":"MDB","nv":" ","e":"s","st":"Eleito","dvt":"V\u00e1lido","vap":"370","pvap":"   9,39"},{"seq":"4","sqcand":"140000820729","n":"55555","nm":"IRM\u00c3O CLAUDEMIO","cc":"PSD","nv":" ","e":"s","st":"Eleito","dvt":"V\u00e1lido","vap":"215","pvap":"   5,45"},{"seq":"12","sqcand":"140000835200","n":"15111","nm":"NEY PAULETA","cc":"MDB","nv":" ","e":"n","st":"Suplente","dvt":"V\u00e1lido","vap":"94","pvap":"   2,38"},{"seq":"32","sqcand":"140000820459","n":"45555","nm":"\u00c9RICA FELIPE","cc":"PSDB","nv":" ","e":"n","st":"Suplente","dvt":"V\u00e1lido","vap":"25","pvap":"   0,63"},{"seq":"22","sqcand":"140000722030","n":"20120","nm":"PROFESSORA EVA CRISTINA","cc":"PSC","nv":" ","e":"n","st":"Suplente","dvt":"V\u00e1lido","vap":"50","pvap":"   1,27"},{"seq":"21","sqcand":"140000820447","n":"40112","nm":"TI\u00c3O CANCELA","cc":"PSB","nv":" ","e":"n","st":"Suplente","dvt":"V\u00e1lido","vap":"50","pvap":"   1,27"},{"seq":"34","sqcand":"140000820450","n":"40151","nm":"LIONETE CARDOSO","cc":"PSB","nv":" ","e":"n","st":"Suplente","dvt":"V\u00e1lido","vap":"21","pvap":"   0,53"},{"seq":"35","sqcand":"140000721318","n":"12100","nm":"HELIO DA MARAJA\u00cd","cc":"PDT","nv":" ","e":"n","st":"Suplente","dvt":"V\u00e1lido","vap":"20","pvap":"   0,51"},{"seq":"50","sqcand":"140000820734","n":"55333","nm":"CARLOS ELETRICISTA","cc":"PSD","nv":" ","e":"n","st":"Suplente","dvt":"V\u00e1lido","vap":"6","pvap":"   0,15"},{"seq":"48","sqcand":"140000721324","n":"12111","nm":"SIMONE DO PIT DOG","cc":"PDT","nv":" ","e":"n","st":"Suplente","dvt":"V\u00e1lido","vap":"7","pvap":"   0,18"},{"seq":"24","sqcand":"140000820735","n":"55222","nm":"CICERO DAS ANTENAS","cc":"PSD","nv":" ","e":"n","st":"Suplente","dvt":"V\u00e1lido","vap":"48","pvap":"   1,22"},{"seq":"57","sqcand":"140000820461","n":"45000","nm":"CICERO DO ESPORTE","cc":"PSDB","nv":" ","e":"n","st":"Suplente","dvt":"V\u00e1lido","vap":"4","pvap":"   0,10"},{"seq":"37","sqcand":"140000722031","n":"20456","nm":"DINEI DO ESPORTE","cc":"PSC","nv":" ","e":"n","st":"Suplente","dvt":"V\u00e1lido","vap":"20","pvap":"   0,51"},{"seq":"42","sqcand":"140000722028","n":"20222","nm":"CAROL DA MINEIRA","cc":"PSC","nv":" ","e":"n","st":"Suplente","dvt":"V\u00e1lido","vap":"12","pvap":"   0,30"},{"seq":"14","sqcand":"140000820448","n":"40123","nm":"INDIO DE CASTRO","cc":"PSB","nv":" ","e":"n","st":"Suplente","dvt":"V\u00e1lido","vap":"69","pvap":"   1,75"},{"seq":"19","sqcand":"140000721321","n":"12346","nm":"CLEIDIOMAR PARANA","cc":"PDT","nv":" ","e":"n","st":"Suplente","dvt":"V\u00e1lido","vap":"57","pvap":"   1,45"},{"seq":"62","sqcand":"140000835197","n":"15356","nm":"COSMO SILVA","cc":"MDB","nv":" ","e":"n","st":"Suplente","dvt":"V\u00e1lido","vap":"0","pvap":"00.00"},{"seq":"18","sqcand":"140000721328","n":"12120","nm":"NEUMA DO RESTAURANTE","cc":"PDT","nv":" ","e":"n","st":"Suplente","dvt":"V\u00e1lido","vap":"60","pvap":"   1,52"},{"seq":"29","sqcand":"140000820736","n":"55999","nm":"CIMAR DO GILSON","cc":"PSD","nv":" ","e":"n","st":"Suplente","dvt":"V\u00e1lido","vap":"33","pvap":"   0,84"},{"seq":"30","sqcand":"140000820730","n":"55111","nm":"FELIPE RA\u00c7\u00d5ES","cc":"PSD","nv":" ","e":"n","st":"Suplente","dvt":"V\u00e1lido","vap":"28","pvap":"   0,71"},{"seq":"40","sqcand":"140000835196","n":"15678","nm":"FABIO BIFE","cc":"MDB","nv":" ","e":"n","st":"Suplente","dvt":"V\u00e1lido","vap":"15","pvap":"   0,38"},{"seq":"5","sqcand":"140000835201","n":"15123","nm":"SIMONE DO BAR","cc":"MDB","nv":" ","e":"s","st":"Eleito","dvt":"V\u00e1lido","vap":"206","pvap":"   5,23"},{"seq":"23","sqcand":"140000721323","n":"12113","nm":"WALDINAR REIS","cc":"PDT","nv":" ","e":"n","st":"Suplente","dvt":"V\u00e1lido","vap":"48","pvap":"   1,22"},{"seq":"20","sqcand":"140000721327","n":"12222","nm":"RAIMUNDO NASCIMENTO","cc":"PDT","nv":" ","e":"n","st":"Suplente","dvt":"V\u00e1lido","vap":"56","pvap":"   1,42"},{"seq":"47","sqcand":"140000721317","n":"12543","nm":"LOURA","cc":"PDT","nv":" ","e":"n","st":"Suplente","dvt":"V\u00e1lido","vap":"7","pvap":"   0,18"},{"seq":"45","sqcand":"140000820455","n":"45610","nm":"BEN\u00c9 DO ESPORTE","cc":"PSDB","nv":" ","e":"n","st":"Suplente","dvt":"V\u00e1lido","vap":"8","pvap":"   0,20"},{"seq":"33","sqcand":"140000835194","n":"15333","nm":"HULIANS RESPLANDES","cc":"MDB","nv":" ","e":"n","st":"Suplente","dvt":"V\u00e1lido","vap":"22","pvap":"   0,56"},{"seq":"39","sqcand":"140000820732","n":"55777","nm":"ECRINGIA TURATTI","cc":"PSD","nv":" ","e":"n","st":"Suplente","dvt":"V\u00e1lido","vap":"15","pvap":"   0,38"},{"seq":"51","sqcand":"140000835199","n":"15200","nm":"ELEIR SANDRA","cc":"MDB","nv":" ","e":"n","st":"Suplente","dvt":"V\u00e1lido","vap":"6","pvap":"   0,15"},{"seq":"55","sqcand":"140000820733","n":"55666","nm":"IVONE FERREIRA","cc":"PSD","nv":" ","e":"n","st":"Suplente","dvt":"V\u00e1lido","vap":"5","pvap":"   0,13"},{"seq":"17","sqcand":"140000722021","n":"20111","nm":"IRM\u00c3O PAULO","cc":"PSC","nv":" ","e":"n","st":"Suplente","dvt":"V\u00e1lido","vap":"60","pvap":"   1,52"},{"seq":"8","sqcand":"140000721322","n":"12345","nm":"ROMARIO GOMES","cc":"PDT","nv":" ","e":"s","st":"Eleito","dvt":"V\u00e1lido","vap":"159","pvap":"   4,03"},{"seq":"52","sqcand":"140000721316","n":"12151","nm":"ZE VALDO SEGURAN\u00c7A","cc":"PDT","nv":" ","e":"n","st":"Suplente","dvt":"V\u00e1lido","vap":"6","pvap":"   0,15"},{"seq":"44","sqcand":"140000820453","n":"40777","nm":"LAUANA OLIVEIRA","cc":"PSB","nv":" ","e":"n","st":"Suplente","dvt":"V\u00e1lido","vap":"10","pvap":"   0,25"},{"seq":"9","sqcand":"140000820451","n":"40222","nm":"ALESSANDRA TAVARES","cc":"PSB","nv":" ","e":"s","st":"Eleito","dvt":"V\u00e1lido","vap":"120","pvap":"   3,04"},{"seq":"49","sqcand":"140000820456","n":"45777","nm":"VILMAR SAPUCAIA","cc":"PSDB","nv":" ","e":"n","st":"Suplente","dvt":"V\u00e1lido","vap":"6","pvap":"   0,15"},{"seq":"26","sqcand":"140000820728","n":"55551","nm":"J\u00d4 DOS IDOSOS","cc":"PSD","nv":" ","e":"n","st":"Suplente","dvt":"V\u00e1lido","vap":"47","pvap":"   1,19"},{"seq":"25","sqcand":"140000820738","n":"55000","nm":"NETO PINTOR","cc":"PSD","nv":" ","e":"n","st":"Suplente","dvt":"V\u00e1lido","vap":"48","pvap":"   1,22"},{"seq":"59","sqcand":"140000820449","n":"40333","nm":"KAKAU SILVA","cc":"PSB","nv":" ","e":"n","st":"Suplente","dvt":"V\u00e1lido","vap":"2","pvap":"   0,05"},{"seq":"13","sqcand":"140000721325","n":"12344","nm":"MARIA DO AMPARO","cc":"PDT","nv":" ","e":"n","st":"Suplente","dvt":"V\u00e1lido","vap":"89","pvap":"   2,26"},{"seq":"36","sqcand":"140000835202","n":"15222","nm":"IRAN PROFESSORA","cc":"MDB","nv":" ","e":"n","st":"Suplente","dvt":"V\u00e1lido","vap":"20","pvap":"   0,51"},{"seq":"15","sqcand":"140000820446","n":"40000","nm":"ERNILDO PINDOBA","cc":"PSB","nv":" ","e":"n","st":"Suplente","dvt":"V\u00e1lido","vap":"68","pvap":"   1,73"},{"seq":"53","sqcand":"140000722024","n":"20333","nm":"NEGO DA ELZA","cc":"PSC","nv":" ","e":"n","st":"Suplente","dvt":"V\u00e1lido","vap":"5","pvap":"   0,13"},{"seq":"28","sqcand":"140000835198","n":"15555","nm":"EDINA OLIVEIRA","cc":"MDB","nv":" ","e":"n","st":"Suplente","dvt":"V\u00e1lido","vap":"39","pvap":"   0,99"},{"seq":"16","sqcand":"140000722025","n":"20123","nm":"EUCIENE BRAND\u00c3O","cc":"PSC","nv":" ","e":"n","st":"Suplente","dvt":"V\u00e1lido","vap":"61","pvap":"   1,55"},{"seq":"41","sqcand":"140000721320","n":"12333","nm":"REGY OLIVEIRA","cc":"PDT","nv":" ","e":"n","st":"Suplente","dvt":"V\u00e1lido","vap":"13","pvap":"   0,33"},{"seq":"54","sqcand":"140000820452","n":"40111","nm":"JOTINHA","cc":"PSB","nv":" ","e":"n","st":"Suplente","dvt":"V\u00e1lido","vap":"5","pvap":"   0,13"},{"seq":"56","sqcand":"140000820737","n":"55444","nm":"VAL DO ESPORTE","cc":"PSD","nv":" ","e":"n","st":"Suplente","dvt":"V\u00e1lido","vap":"5","pvap":"   0,13"},{"seq":"10","sqcand":"140000820457","n":"45678","nm":"PRET\u00c3O DO RODO TAXI","cc":"PSDB","nv":" ","e":"n","st":"Suplente","dvt":"V\u00e1lido","vap":"260","pvap":"   6,60"},{"seq":"11","sqcand":"140000721326","n":"12000","nm":"ARTUR FURTADO","cc":"PDT","nv":" ","e":"n","st":"Suplente","dvt":"V\u00e1lido","vap":"121","pvap":"   3,07"},{"seq":"7","sqcand":"140000721319","n":"12123","nm":"CLAUDIO DA SERRINHA","cc":"PDT","nv":" ","e":"s","st":"Eleito","dvt":"V\u00e1lido","vap":"176","pvap":"   4,46"},{"seq":"3","sqcand":"140000820731","n":"55123","nm":"LUCIANO GOMES","cc":"PSD","nv":" ","e":"s","st":"Eleito","dvt":"V\u00e1lido","vap":"250","pvap":"   6,34"},{"seq":"61","sqcand":"140000835193","n":"15000","nm":"JULIANA ALVES","cc":"MDB","nv":" ","e":"n","st":"Suplente","dvt":"V\u00e1lido","vap":"0","pvap":"00.00"},{"seq":"60","sqcand":"140000820458","n":"45656","nm":"LUIS DO HOSPITAL","cc":"PSDB","nv":" ","e":"n","st":"Suplente","dvt":"V\u00e1lido","vap":"0","pvap":"00.00"},{"seq":"27","sqcand":"140000722023","n":"20567","nm":"CARLIN DO TRATOR","cc":"PSC","nv":" ","e":"n","st":"Suplente","dvt":"V\u00e1lido","vap":"39","pvap":"   0,99"},{"seq":"31","sqcand":"140000722029","n":"20177","nm":"L\u00c9O MIRANDA","cc":"PSC","nv":" ","e":"n","st":"Suplente","dvt":"V\u00e1lido","vap":"26","pvap":"   0,66"},{"seq":"46","sqcand":"140000820460","n":"45999","nm":"SINEIDE SILVA","cc":"PSDB","nv":" ","e":"n","st":"Suplente","dvt":"V\u00e1lido","vap":"8","pvap":"   0,20"},{"seq":"38","sqcand":"140000835192","n":"15100","nm":"ALDEIR ARAUJO","cc":"MDB","nv":" ","e":"n","st":"Suplente","dvt":"V\u00e1lido","vap":"18","pvap":"   0,46"},{"seq":"6","sqcand":"140000722027","n":"20777","nm":"PASTOR ZE FILHO","cc":"PSC","nv":" ","e":"s","st":"Eleito","dvt":"V\u00e1lido","vap":"186","pvap":"   4,72"},{"seq":"43","sqcand":"140000820463","n":"45888","nm":"MAYANE FAGUNDES","cc":"PSDB","nv":" ","e":"n","st":"Suplente","dvt":"V\u00e1lido","vap":"10","pvap":"   0,25"},{"seq":"2","sqcand":"140000820462","n":"45444","nm":"GENECI SANTANA","cc":"PSDB","nv":" ","e":"s","st":"Eleito","dvt":"V\u00e1lido","vap":"290","pvap":"   7,36"}]}
