{"ele":"426","tpabr":"mu","cdabr":"04863","carper":"13","t":"1","f":"o","dt":"15/11/2020","ht":"22:19:54","dv":"s","tf":"s","v":"11","esae":"n","mnae":"","s":"82","st":"82","pst":" 100,00","snt":"0","psnt":"   0,00","si":"82","psi":" 100,00","sni":"0","psni":"   0,00","sa":"82","psa":" 100,00","sna":"0","psna":"   0,00","e":"18977","ea":"18977","pea":" 100,00","ena":"0","pena":"   0,00","esi":"18977","pesi":" 100,00","esni":"0","pesni":"   0,00","c":"15290","pc":"  80,57","a":"3687","pa":"  19,43","vscv":"0","vnom":"13821","vl":"855","pvnom":"  94,17","pvl":"   5,83","vvc":"14695","pvvc":"  96,11","vb":"150","pvb":"   0,98","tvn":"445","ptvn":"   2,91","vn":"341","pvn":"  76,63","vnt":"104","pvnt":"  23,37","vp":"0","pvp":"   0,00","vv":"14676","pvv":"  99,87","van":"0","pvan":"   0,00","vansj":"19","pvansj":"   0,13","tv":"15290","cand":[{"seq":"12","sqcand":"140000720110","n":"15800","nm":"EVERALDO CAMILO","cc":"MDB","nv":" ","e":"n","st":"Suplente","dvt":"V\u00e1lido","vap":"395","pvap":"   2,69"},{"seq":"71","sqcand":"140000659076","n":"40222","nm":"MARCIANO JUNIOR","cc":"PSB","nv":" ","e":"n","st":"N\u00e3o eleito","dvt":"V\u00e1lido","vap":"38","pvap":"   0,26"},{"seq":"43","sqcand":"140000799598","n":"20020","nm":"ERASMO PINTOR","cc":"PSC","nv":" ","e":"n","st":"Suplente","dvt":"V\u00e1lido","vap":"50","pvap":"   0,34"},{"seq":"79","sqcand":"140000659077","n":"40777","nm":"JO\u00c3O LIMA","cc":"PSB","nv":" ","e":"n","st":"N\u00e3o eleito","dvt":"V\u00e1lido","vap":"18","pvap":"   0,12"},{"seq":"19","sqcand":"140000720106","n":"15555","nm":"NAZARENO DO POVO","cc":"MDB","nv":" ","e":"n","st":"Suplente","dvt":"V\u00e1lido","vap":"270","pvap":"   1,84"},{"seq":"52","sqcand":"140000766404","n":"45024","nm":"ROS\u00c9LIO PONTES","cc":"PSDB","nv":" ","e":"n","st":"Suplente","dvt":"V\u00e1lido","vap":"20","pvap":"   0,14"},{"seq":"81","sqcand":"140000659079","n":"40140","nm":"KELLEN ACS","cc":"PSB","nv":" ","e":"n","st":"N\u00e3o eleito","dvt":"V\u00e1lido","vap":"17","pvap":"   0,12"},{"seq":"24","sqcand":"140000720321","n":"10135","nm":"JOSIMAR","cc":"REPUBLICANOS","nv":" ","e":"n","st":"Suplente","dvt":"V\u00e1lido","vap":"179","pvap":"   1,22"},{"seq":"5","sqcand":"140000799605","n":"20123","nm":"MARLON DA TERRA PRETA","cc":"PSC","nv":" ","e":"s","st":"Eleito","dvt":"V\u00e1lido","vap":"501","pvap":"   3,41"},{"seq":"11","sqcand":"140000720327","n":"10345","nm":"CAVAQUINHO DO RIO MOJU","cc":"REPUBLICANOS","nv":" ","e":"s","st":"Eleito","dvt":"V\u00e1lido","vap":"333","pvap":"   2,27"},{"seq":"28","sqcand":"140000720116","n":"15100","nm":"ENFERMEIRA CLERE","cc":"MDB","nv":" ","e":"n","st":"Suplente","dvt":"V\u00e1lido","vap":"137","pvap":"   0,93"},{"seq":"3","sqcand":"140000799597","n":"20345","nm":"JESA DO PALHALZINHO","cc":"PSC","nv":" ","e":"s","st":"Eleito","dvt":"V\u00e1lido","vap":"632","pvap":"   4,30"},{"seq":"88","sqcand":"140000659072","n":"40369","nm":"VERA","cc":"PSB","nv":" ","e":"n","st":"N\u00e3o eleito","dvt":"V\u00e1lido","vap":"5","pvap":"   0,03"},{"seq":"55","sqcand":"140000720324","n":"10222","nm":"MARLENE DISK G\u00c1S","cc":"REPUBLICANOS","nv":" ","e":"n","st":"Suplente","dvt":"V\u00e1lido","vap":"10","pvap":"   0,07"},{"seq":"82","sqcand":"140000766427","n":"25345","nm":"NUBIA PIRES","cc":"DEM","nv":" ","e":"n","st":"N\u00e3o eleito","dvt":"V\u00e1lido","vap":"15","pvap":"   0,10"},{"seq":"14","sqcand":"140000720105","n":"15015","nm":"DIEGO DO Z\u00c9 NETO","cc":"MDB","nv":" ","e":"n","st":"Suplente","dvt":"V\u00e1lido","vap":"388","pvap":"   2,64"},{"seq":"56","sqcand":"140000799602","n":"20812","nm":"LUANA","cc":"PSC","nv":" ","e":"n","st":"Suplente","dvt":"V\u00e1lido","vap":"5","pvap":"   0,03"},{"seq":"73","sqcand":"140000766429","n":"25946","nm":"CONCEI\u00c7\u00c3O PINHEIRO","cc":"DEM","nv":" ","e":"n","st":"N\u00e3o eleito","dvt":"V\u00e1lido","vap":"32","pvap":"   0,22"},{"seq":"44","sqcand":"140000799596","n":"20234","nm":"RAIMUNDO DA PADARIA","cc":"PSC","nv":" ","e":"n","st":"Suplente","dvt":"V\u00e1lido","vap":"48","pvap":"   0,33"},{"seq":"64","sqcand":"140000720181","n":"55123","nm":"NALDO DA BOA F\u00c9","cc":"PSD","nv":" ","e":"n","st":"N\u00e3o eleito","dvt":"V\u00e1lido","vap":"80","pvap":"   0,54"},{"seq":"13","sqcand":"140000799600","n":"20789","nm":"FATIMA AMORIM","cc":"PSC","nv":" ","e":"n","st":"Suplente","dvt":"V\u00e1lido","vap":"391","pvap":"   2,66"},{"seq":"49","sqcand":"140000720322","n":"10110","nm":"PAMELA","cc":"REPUBLICANOS","nv":" ","e":"n","st":"Suplente","dvt":"V\u00e1lido","vap":"26","pvap":"   0,18"},{"seq":"9","sqcand":"140000720111","n":"15123","nm":"PANTOJA DO CART\u00d3RIO","cc":"MDB","nv":" ","e":"s","st":"Eleito","dvt":"V\u00e1lido","vap":"439","pvap":"   2,99"},{"seq":"35","sqcand":"140000766411","n":"45000","nm":"TATI","cc":"PSDB","nv":" ","e":"n","st":"Suplente","dvt":"V\u00e1lido","vap":"98","pvap":"   0,67"},{"seq":"50","sqcand":"140000720326","n":"10128","nm":"MARQUINHO TERRA DE AREA","cc":"REPUBLICANOS","nv":" ","e":"n","st":"Suplente","dvt":"V\u00e1lido","vap":"23","pvap":"   0,16"},{"seq":"2","sqcand":"140000766412","n":"45678","nm":"TET\u00c9","cc":"PSDB","nv":" ","e":"s","st":"Eleito","dvt":"V\u00e1lido","vap":"738","pvap":"   5,02"},{"seq":"42","sqcand":"140000720117","n":"15456","nm":"PROFESSORA ANA ELIZAMA","cc":"MDB","nv":" ","e":"n","st":"Suplente","dvt":"V\u00e1lido","vap":"66","pvap":"   0,45"},{"seq":"68","sqcand":"140000659075","n":"40123","nm":"PRAXEDES","cc":"PSB","nv":" ","e":"n","st":"N\u00e3o eleito","dvt":"V\u00e1lido","vap":"55","pvap":"   0,37"},{"seq":"86","sqcand":"140001274407","n":"13134","nm":"ERICA SILVA","cc":"PT","nv":" ","e":"n","st":"N\u00e3o eleito","dvt":"V\u00e1lido","vap":"7","pvap":"   0,05"},{"seq":"74","sqcand":"140000659080","n":"40013","nm":"EDIVAN SOUSA","cc":"PSB","nv":" ","e":"n","st":"N\u00e3o eleito","dvt":"V\u00e1lido","vap":"26","pvap":"   0,18"},{"seq":"58","sqcand":"140000659069","n":"40112","nm":"DAL MERENSE","cc":"PSB","nv":" ","e":"n","st":"N\u00e3o eleito","dvt":"V\u00e1lido","vap":"394","pvap":"   2,68"},{"seq":"61","sqcand":"140000720180","n":"55456","nm":"RAINERIO LACERDA","cc":"PSD","nv":" ","e":"n","st":"N\u00e3o eleito","dvt":"V\u00e1lido","vap":"110","pvap":"   0,75"},{"seq":"47","sqcand":"140000720317","n":"10678","nm":"JAIDSON","cc":"REPUBLICANOS","nv":" ","e":"n","st":"Suplente","dvt":"V\u00e1lido","vap":"35","pvap":"   0,24"},{"seq":"25","sqcand":"140000799601","n":"20147","nm":"IRMAO MARINEUDO","cc":"PSC","nv":" ","e":"n","st":"Suplente","dvt":"V\u00e1lido","vap":"166","pvap":"   1,13"},{"seq":"46","sqcand":"140000720328","n":"10456","nm":"RAIMUNDO SIM\u00c3O","cc":"REPUBLICANOS","nv":" ","e":"n","st":"Suplente","dvt":"V\u00e1lido","vap":"36","pvap":"   0,24"},{"seq":"54","sqcand":"140000799604","n":"20222","nm":"NELI","cc":"PSC","nv":" ","e":"n","st":"Suplente","dvt":"V\u00e1lido","vap":"14","pvap":"   0,10"},{"seq":"75","sqcand":"140000766111","n":"12622","nm":"GEICE MACIEL","cc":"PDT","nv":" ","e":"n","st":"N\u00e3o eleito","dvt":"V\u00e1lido","vap":"25","pvap":"   0,17"},{"seq":"87","sqcand":"140000659067","n":"40111","nm":"KELLY LIMA","cc":"PSB","nv":" ","e":"n","st":"N\u00e3o eleito","dvt":"V\u00e1lido","vap":"6","pvap":"   0,04"},{"seq":"27","sqcand":"140000766401","n":"45555","nm":"LUIZINHO DA ASPRORRIOS","cc":"PSDB","nv":" ","e":"n","st":"Suplente","dvt":"V\u00e1lido","vap":"158","pvap":"   1,08"},{"seq":"48","sqcand":"140000799595","n":"20333","nm":"ISMAEL ROSA","cc":"PSC","nv":" ","e":"n","st":"Suplente","dvt":"V\u00e1lido","vap":"27","pvap":"   0,18"},{"seq":"23","sqcand":"140000799599","n":"20555","nm":"BOCA  RICA","cc":"PSC","nv":" ","e":"n","st":"Suplente","dvt":"V\u00e1lido","vap":"192","pvap":"   1,31"},{"seq":"80","sqcand":"140000659073","n":"40456","nm":"WALCICLEY","cc":"PSB","nv":" ","e":"n","st":"N\u00e3o eleito","dvt":"V\u00e1lido","vap":"18","pvap":"   0,12"},{"seq":"10","sqcand":"140000720109","n":"15111","nm":"CLEI DO POVO","cc":"MDB","nv":" ","e":"s","st":"Eleito","dvt":"V\u00e1lido","vap":"436","pvap":"   2,97"},{"seq":"89","sqcand":"140000659071","n":"40444","nm":"ENFERMEIRO MARCELO DIPAULA","cc":"PSB","nv":" ","e":"n","st":"N\u00e3o eleito","dvt":"V\u00e1lido","vap":"4","pvap":"   0,03"},{"seq":"33","sqcand":"140000766407","n":"45789","nm":"ALESSANDRA DA 433","cc":"PSDB","nv":" ","e":"n","st":"Suplente","dvt":"V\u00e1lido","vap":"105","pvap":"   0,71"},{"seq":"72","sqcand":"140000766428","n":"25800","nm":"EDUARDO ENRIQUE","cc":"DEM","nv":" ","e":"n","st":"N\u00e3o eleito","dvt":"V\u00e1lido","vap":"34","pvap":"   0,23"},{"seq":"59","sqcand":"140001132828","n":"13789","nm":"VALDIR LIMA","cc":"PT","nv":" ","e":"n","st":"N\u00e3o eleito","dvt":"V\u00e1lido","vap":"195","pvap":"   1,33"},{"seq":"21","sqcand":"140000799594","n":"20777","nm":"REINALDO AGRICULTOR","cc":"PSC","nv":" ","e":"n","st":"Suplente","dvt":"V\u00e1lido","vap":"256","pvap":"   1,74"},{"seq":"67","sqcand":"140000766426","n":"25123","nm":"ALDINEIA AGUIAR","cc":"DEM","nv":" ","e":"n","st":"N\u00e3o eleito","dvt":"V\u00e1lido","vap":"60","pvap":"   0,41"},{"seq":"63","sqcand":"140000766106","n":"12612","nm":"FININHO DO MACACO","cc":"PDT","nv":" ","e":"n","st":"N\u00e3o eleito","dvt":"V\u00e1lido","vap":"103","pvap":"   0,70"},{"seq":"16","sqcand":"140000766400","n":"45045","nm":"PROF. ROSIMAR","cc":"PSDB","nv":" ","e":"n","st":"Suplente","dvt":"V\u00e1lido","vap":"334","pvap":"   2,27"},{"seq":"37","sqcand":"140000720323","n":"10100","nm":"REGIS RABELO","cc":"REPUBLICANOS","nv":" ","e":"n","st":"Suplente","dvt":"V\u00e1lido","vap":"82","pvap":"   0,56"},{"seq":"6","sqcand":"140000766399","n":"45222","nm":"ANTONIO AGUIAR","cc":"PSDB","nv":" ","e":"s","st":"Eleito","dvt":"V\u00e1lido","vap":"473","pvap":"   3,22"},{"seq":"22","sqcand":"140000766408","n":"45123","nm":"LINDOMAR SANTOS","cc":"PSDB","nv":" ","e":"n","st":"Suplente","dvt":"V\u00e1lido","vap":"203","pvap":"   1,38"},{"seq":"66","sqcand":"140000659078","n":"40147","nm":"ORLANDO FARIAS","cc":"PSB","nv":" ","e":"n","st":"N\u00e3o eleito","dvt":"V\u00e1lido","vap":"61","pvap":"   0,42"},{"seq":"34","sqcand":"140000720318","n":"10000","nm":"IVAN ANDRADE","cc":"REPUBLICANOS","nv":" ","e":"n","st":"Suplente","dvt":"V\u00e1lido","vap":"102","pvap":"   0,69"},{"seq":"36","sqcand":"140000720333","n":"10123","nm":"ERISVALDO COSTA","cc":"REPUBLICANOS","nv":" ","e":"n","st":"Suplente","dvt":"V\u00e1lido","vap":"93","pvap":"   0,63"},{"seq":"84","sqcand":"140000659074","n":"40654","nm":"SILVANA SOUTO","cc":"PSB","nv":" ","e":"n","st":"N\u00e3o eleito","dvt":"V\u00e1lido","vap":"9","pvap":"   0,06"},{"seq":"62","sqcand":"140000659068","n":"40789","nm":"ENOS SILVEIRA DA SILVA","cc":"PSB","nv":" ","e":"n","st":"N\u00e3o eleito","dvt":"V\u00e1lido","vap":"106","pvap":"   0,72"},{"seq":"65","sqcand":"140000659082","n":"40000","nm":"ELCIMAR DO BERLAMINO","cc":"PSB","nv":" ","e":"n","st":"N\u00e3o eleito","dvt":"V\u00e1lido","vap":"68","pvap":"   0,46"},{"seq":"26","sqcand":"140000720325","n":"10333","nm":"MERENCIA DO S\u00c3O BENEDITO","cc":"REPUBLICANOS","nv":" ","e":"n","st":"Suplente","dvt":"V\u00e1lido","vap":"160","pvap":"   1,09"},{"seq":"90","sqcand":"140000659081","n":"40580","nm":"COLETIVO MULHERES PREPARADAS","cc":"PSB","nv":" ","e":"n","st":"N\u00e3o eleito","dvt":"V\u00e1lido","vap":"2","pvap":"   0,01"},{"seq":"76","sqcand":"140001132827","n":"13456","nm":"ANGELA COSTA","cc":"PT","nv":" ","e":"n","st":"N\u00e3o eleito","dvt":"V\u00e1lido","vap":"24","pvap":"   0,16"},{"seq":"77","sqcand":"140000766425","n":"25105","nm":"JOCIVALDO CHAGAS","cc":"DEM","nv":" ","e":"n","st":"N\u00e3o eleito","dvt":"V\u00e1lido","vap":"24","pvap":"   0,16"},{"seq":"20","sqcand":"140000799593","n":"20444","nm":"MARADONA","cc":"PSC","nv":" ","e":"n","st":"Suplente","dvt":"V\u00e1lido","vap":"268","pvap":"   1,82"},{"seq":"85","sqcand":"140000766109","n":"12051","nm":"JO\u00c3O FILHO","cc":"PDT","nv":" ","e":"n","st":"N\u00e3o eleito","dvt":"V\u00e1lido","vap":"7","pvap":"   0,05"},{"seq":"29","sqcand":"140000720114","n":"15500","nm":"MANOEL SATURNO","cc":"MDB","nv":" ","e":"n","st":"Suplente","dvt":"V\u00e1lido","vap":"136","pvap":"   0,93"},{"seq":"1","sqcand":"140000720104","n":"15615","nm":"NUBIA ANGELINO","cc":"MDB","nv":" ","e":"s","st":"Eleito","dvt":"V\u00e1lido","vap":"796","pvap":"   5,42"},{"seq":"38","sqcand":"140000766403","n":"45500","nm":"CRIS LIMA","cc":"PSDB","nv":" ","e":"n","st":"Suplente","dvt":"V\u00e1lido","vap":"81","pvap":"   0,55"},{"seq":"40","sqcand":"140000766413","n":"45234","nm":"JOS\u00c9 HIP\u00d3LITO","cc":"PSDB","nv":" ","e":"n","st":"Suplente","dvt":"V\u00e1lido","vap":"74","pvap":"   0,50"},{"seq":"4","sqcand":"140000766405","n":"45345","nm":"ASSIS NOGUEIRA","cc":"PSDB","nv":" ","e":"s","st":"Eleito","dvt":"V\u00e1lido","vap":"559","pvap":"   3,80"},{"seq":"15","sqcand":"140000720115","n":"15678","nm":"RUBEM DO VALE VERDE","cc":"MDB","nv":" ","e":"n","st":"Suplente","dvt":"V\u00e1lido","vap":"386","pvap":"   2,63"},{"seq":"17","sqcand":"140000766409","n":"45456","nm":"GELSON FREITAS","cc":"PSDB","nv":" ","e":"n","st":"Suplente","dvt":"V\u00e1lido","vap":"307","pvap":"   2,09"},{"seq":"39","sqcand":"140000720112","n":"15465","nm":"SALES DO LAMA","cc":"MDB","nv":" ","e":"n","st":"Suplente","dvt":"V\u00e1lido","vap":"75","pvap":"   0,51"},{"seq":"30","sqcand":"140000720113","n":"15231","nm":"CLEUCIANE DO GARRAF\u00c3O","cc":"MDB","nv":" ","e":"n","st":"Suplente","dvt":"V\u00e1lido","vap":"124","pvap":"   0,84"},{"seq":"83","sqcand":"140001232040","n":"55789","nm":"ALINE PEREIRA","cc":"PSD","nv":" ","e":"n","st":"N\u00e3o eleito","dvt":"V\u00e1lido","vap":"10","pvap":"   0,07"},{"seq":"31","sqcand":"140000766406","n":"45111","nm":"MORENO","cc":"PSDB","nv":" ","e":"n","st":"Suplente","dvt":"V\u00e1lido","vap":"121","pvap":"   0,82"},{"seq":"57","sqcand":"140000720107","n":"15333","nm":"JOSIMARA","cc":"MDB","nv":" ","e":"n","st":"Suplente","dvt":"V\u00e1lido","vap":"2","pvap":"   0,01"},{"seq":"51","sqcand":"140000720319","n":"10177","nm":"JESSICA DO LAMA","cc":"REPUBLICANOS","nv":" ","e":"n","st":"Suplente","dvt":"V\u00e1lido","vap":"22","pvap":"   0,15"},{"seq":"8","sqcand":"140000720108","n":"15222","nm":"VANDERLEI BA\u00da","cc":"MDB","nv":" ","e":"s","st":"Eleito","dvt":"V\u00e1lido","vap":"451","pvap":"   3,07"},{"seq":"32","sqcand":"140000799603","n":"20456","nm":"PROF ABGAIL GAL\u00daCIO","cc":"PSC","nv":" ","e":"n","st":"Suplente","dvt":"V\u00e1lido","vap":"120","pvap":"   0,82"},{"seq":"78","sqcand":"140000766107","n":"12555","nm":"\u00cdNDIO DO PALHAL","cc":"PDT","nv":" ","e":"n","st":"N\u00e3o eleito","dvt":"Anulado sub judice","vap":"19","pvap":"   0,13"},{"seq":"7","sqcand":"140000766402","n":"45640","nm":"JO\u00cdLSON DA SANTA J\u00daLIA","cc":"PSDB","nv":" ","e":"s","st":"Eleito","dvt":"V\u00e1lido","vap":"454","pvap":"   3,09"},{"seq":"45","sqcand":"140000720329","n":"10800","nm":"SILVIA DO MOJU DO BERLAMINO","cc":"REPUBLICANOS","nv":" ","e":"n","st":"Suplente","dvt":"V\u00e1lido","vap":"45","pvap":"   0,31"},{"seq":"69","sqcand":"140000659083","n":"40400","nm":"RUBES RIO MOJU","cc":"PSB","nv":" ","e":"n","st":"N\u00e3o eleito","dvt":"V\u00e1lido","vap":"43","pvap":"   0,29"},{"seq":"91","sqcand":"140000659070","n":"40699","nm":"L\u00cdVIA PRESLEY","cc":"PSB","nv":" ","e":"n","st":"N\u00e3o eleito","dvt":"V\u00e1lido","vap":"1","pvap":"   0,01"},{"seq":"60","sqcand":"140001132829","n":"13123","nm":"ALTAIR","cc":"PT","nv":" ","e":"n","st":"N\u00e3o eleito","dvt":"V\u00e1lido","vap":"150","pvap":"   1,02"},{"seq":"70","sqcand":"140001132826","n":"13013","nm":"JOS\u00c9 MACIEL","cc":"PT","nv":" ","e":"n","st":"N\u00e3o eleito","dvt":"V\u00e1lido","vap":"40","pvap":"   0,27"},{"seq":"53","sqcand":"140000720320","n":"10010","nm":"TEXEIRA","cc":"REPUBLICANOS","nv":" ","e":"n","st":"Suplente","dvt":"V\u00e1lido","vap":"16","pvap":"   0,11"},{"seq":"41","sqcand":"140000720331","n":"10500","nm":"EDUARDO JUNIO","cc":"REPUBLICANOS","nv":" ","e":"n","st":"Suplente","dvt":"V\u00e1lido","vap":"70","pvap":"   0,48"},{"seq":"18","sqcand":"140000720330","n":"10120","nm":"JAILSON DO MOJU","cc":"REPUBLICANOS","nv":" ","e":"n","st":"Suplente","dvt":"V\u00e1lido","vap":"306","pvap":"   2,08"}]}
