{"ele":"426","tpabr":"mu","cdabr":"04898","carper":"13","t":"1","f":"o","dt":"15/11/2020","ht":"22:13:03","dv":"s","tf":"s","v":"11","esae":"n","mnae":"","s":"52","st":"52","pst":" 100,00","snt":"0","psnt":"   0,00","si":"52","psi":" 100,00","sni":"0","psni":"   0,00","sa":"52","psa":" 100,00","sna":"0","psna":"   0,00","e":"16995","ea":"16995","pea":" 100,00","ena":"0","pena":"   0,00","esi":"16995","pesi":" 100,00","esni":"0","pesni":"   0,00","c":"13806","pc":"  81,24","a":"3189","pa":"  18,76","vscv":"0","vnom":"12720","vl":"693","pvnom":"  94,83","pvl":"   5,17","vvc":"13413","pvvc":"  97,15","vb":"44","pvb":"   0,32","tvn":"349","ptvn":"   2,53","vn":"349","pvn":" 100,00","vnt":"0","pvnt":"   0,00","vp":"0","pvp":"   0,00","vv":"13413","pvv":" 100,00","van":"0","pvan":"   0,00","vansj":"0","pvansj":"   0,00","tv":"13806","cand":[{"seq":"43","sqcand":"140001156728","n":"55999","nm":"RAQUEL MACHADO","cc":"PSD","nv":" ","e":"n","st":"Suplente","dvt":"V\u00e1lido","vap":"2","pvap":"   0,01"},{"seq":"66","sqcand":"140001154177","n":"11555","nm":"MARCIA MARQUES","cc":"PP","nv":" ","e":"n","st":"N\u00e3o eleito","dvt":"V\u00e1lido","vap":"4","pvap":"   0,03"},{"seq":"26","sqcand":"140001030872","n":"22777","nm":"IRMAO DINHO","cc":"PL","nv":" ","e":"n","st":"Suplente","dvt":"V\u00e1lido","vap":"40","pvap":"   0,30"},{"seq":"29","sqcand":"140001151465","n":"14222","nm":"ALBINO GO","cc":"PTB","nv":" ","e":"n","st":"Suplente","dvt":"V\u00e1lido","vap":"17","pvap":"   0,13"},{"seq":"22","sqcand":"140001030876","n":"22444","nm":"VALCI PENA","cc":"PL","nv":" ","e":"n","st":"Suplente","dvt":"V\u00e1lido","vap":"153","pvap":"   1,14"},{"seq":"46","sqcand":"140001262392","n":"22123","nm":"CLEIA SILVA","cc":"PL","nv":" ","e":"n","st":"Suplente","dvt":"V\u00e1lido","vap":"0","pvap":"00.00"},{"seq":"57","sqcand":"140001155427","n":"20555","nm":"NALDO LIMA","cc":"PSC","nv":" ","e":"n","st":"N\u00e3o eleito","dvt":"V\u00e1lido","vap":"11","pvap":"   0,08"},{"seq":"67","sqcand":"140001155429","n":"20222","nm":"LOURO MOTOTAXI","cc":"PSC","nv":" ","e":"n","st":"N\u00e3o eleito","dvt":"V\u00e1lido","vap":"3","pvap":"   0,02"},{"seq":"54","sqcand":"140001156387","n":"13999","nm":"MOISES MORAES","cc":"PT","nv":" ","e":"n","st":"N\u00e3o eleito","dvt":"V\u00e1lido","vap":"35","pvap":"   0,26"},{"seq":"36","sqcand":"140001155734","n":"45999","nm":"ZULEIDE","cc":"PSDB","nv":" ","e":"n","st":"Suplente","dvt":"V\u00e1lido","vap":"5","pvap":"   0,04"},{"seq":"40","sqcand":"140001151472","n":"14123","nm":"LIA PANTOJA","cc":"PTB","nv":" ","e":"n","st":"Suplente","dvt":"V\u00e1lido","vap":"2","pvap":"   0,01"},{"seq":"51","sqcand":"140001156389","n":"13000","nm":"NONATO MIRANDA","cc":"PT","nv":" ","e":"n","st":"N\u00e3o eleito","dvt":"V\u00e1lido","vap":"80","pvap":"   0,60"},{"seq":"15","sqcand":"140001151469","n":"14111","nm":"PROF ALESSANDRO LE\u00c3O","cc":"PTB","nv":" ","e":"n","st":"Suplente","dvt":"V\u00e1lido","vap":"337","pvap":"   2,51"},{"seq":"37","sqcand":"140001155731","n":"45111","nm":"LENE PEIXOTO","cc":"PSDB","nv":" ","e":"n","st":"Suplente","dvt":"V\u00e1lido","vap":"5","pvap":"   0,04"},{"seq":"71","sqcand":"140001155430","n":"20999","nm":" NELMINHA","cc":"PSC","nv":" ","e":"n","st":"N\u00e3o eleito","dvt":"V\u00e1lido","vap":"0","pvap":"00.00"},{"seq":"18","sqcand":"140001155732","n":"45000","nm":"CASSIMIRO CORREA","cc":"PSDB","nv":" ","e":"n","st":"Suplente","dvt":"V\u00e1lido","vap":"230","pvap":"   1,71"},{"seq":"61","sqcand":"140000932195","n":"15678","nm":"NENA","cc":"MDB","nv":" ","e":"n","st":"N\u00e3o eleito","dvt":"V\u00e1lido","vap":"7","pvap":"   0,05"},{"seq":"7","sqcand":"140001156719","n":"55222","nm":"ELIAS SARRAF","cc":"PSD","nv":" ","e":"s","st":"Eleito","dvt":"V\u00e1lido","vap":"725","pvap":"   5,41"},{"seq":"62","sqcand":"140001155433","n":"20333","nm":"ANA PAULA","cc":"PSC","nv":" ","e":"n","st":"N\u00e3o eleito","dvt":"V\u00e1lido","vap":"6","pvap":"   0,04"},{"seq":"68","sqcand":"140001154174","n":"11333","nm":"NAZA DA PESCA","cc":"PP","nv":" ","e":"n","st":"N\u00e3o eleito","dvt":"V\u00e1lido","vap":"3","pvap":"   0,02"},{"seq":"2","sqcand":"140001155730","n":"45666","nm":"Z\u00c9 VIEGAS","cc":"PSDB","nv":" ","e":"s","st":"Eleito","dvt":"V\u00e1lido","vap":"976","pvap":"   7,28"},{"seq":"19","sqcand":"140001030881","n":"22000","nm":"LINDEM GOES","cc":"PL","nv":" ","e":"n","st":"Suplente","dvt":"V\u00e1lido","vap":"190","pvap":"   1,42"},{"seq":"45","sqcand":"140001156725","n":"55456","nm":"LESSANDRA","cc":"PSD","nv":" ","e":"n","st":"Suplente","dvt":"V\u00e1lido","vap":"0","pvap":"00.00"},{"seq":"11","sqcand":"140001030878","n":"22333","nm":"CARLINHOS DINIZ","cc":"PL","nv":" ","e":"s","st":"Eleito","dvt":"V\u00e1lido","vap":"361","pvap":"   2,69"},{"seq":"30","sqcand":"140001151464","n":"14999","nm":"ELIALDA FEITOZA","cc":"PTB","nv":" ","e":"n","st":"Suplente","dvt":"V\u00e1lido","vap":"14","pvap":"   0,10"},{"seq":"16","sqcand":"140001151466","n":"14444","nm":"JOAOZINHO","cc":"PTB","nv":" ","e":"n","st":"Suplente","dvt":"V\u00e1lido","vap":"256","pvap":"   1,91"},{"seq":"4","sqcand":"140001156723","n":"55555","nm":"GIL PAULO","cc":"PSD","nv":" ","e":"s","st":"Eleito","dvt":"V\u00e1lido","vap":"779","pvap":"   5,81"},{"seq":"69","sqcand":"140001156392","n":"13789","nm":"ROSA ALMEIDA","cc":"PT","nv":" ","e":"n","st":"N\u00e3o eleito","dvt":"V\u00e1lido","vap":"3","pvap":"   0,02"},{"seq":"9","sqcand":"140001151468","n":"14333","nm":"PIRIQUITO","cc":"PTB","nv":" ","e":"s","st":"Eleito","dvt":"V\u00e1lido","vap":"512","pvap":"   3,82"},{"seq":"12","sqcand":"140001156718","n":"55444","nm":"EVANDRO GUEDES","cc":"PSD","nv":" ","e":"n","st":"Suplente","dvt":"V\u00e1lido","vap":"603","pvap":"   4,50"},{"seq":"52","sqcand":"140001156386","n":"13333","nm":"WACSOM ALVES","cc":"PT","nv":" ","e":"n","st":"N\u00e3o eleito","dvt":"V\u00e1lido","vap":"69","pvap":"   0,51"},{"seq":"44","sqcand":"140001156721","n":"55777","nm":"MICHELY GUEDES","cc":"PSD","nv":" ","e":"n","st":"Suplente","dvt":"V\u00e1lido","vap":"1","pvap":"   0,01"},{"seq":"59","sqcand":"140001154175","n":"11222","nm":" TIAGO ANDRADE","cc":"PP","nv":" ","e":"n","st":"N\u00e3o eleito","dvt":"V\u00e1lido","vap":"11","pvap":"   0,08"},{"seq":"47","sqcand":"140001156390","n":"13555","nm":"PROFESSORA NETA","cc":"PT","nv":" ","e":"n","st":"N\u00e3o eleito","dvt":"V\u00e1lido","vap":"381","pvap":"   2,84"},{"seq":"55","sqcand":"140001155428","n":"20111","nm":" BRUNO OLIVEIRA","cc":"PSC","nv":" ","e":"n","st":"N\u00e3o eleito","dvt":"V\u00e1lido","vap":"25","pvap":"   0,19"},{"seq":"70","sqcand":"140001156385","n":"13222","nm":"NANNY","cc":"PT","nv":" ","e":"n","st":"N\u00e3o eleito","dvt":"V\u00e1lido","vap":"1","pvap":"   0,01"},{"seq":"50","sqcand":"140000932198","n":"15111","nm":"ROBINHO CARPINTEIRO","cc":"MDB","nv":" ","e":"n","st":"N\u00e3o eleito","dvt":"V\u00e1lido","vap":"100","pvap":"   0,75"},{"seq":"32","sqcand":"140001030877","n":"22999","nm":"ARLENE DIAS","cc":"PL","nv":" ","e":"n","st":"Suplente","dvt":"V\u00e1lido","vap":"10","pvap":"   0,07"},{"seq":"1","sqcand":"140001155727","n":"45555","nm":"ZEC\u00c3O","cc":"PSDB","nv":" ","e":"s","st":"Eleito","dvt":"V\u00e1lido","vap":"981","pvap":"   7,31"},{"seq":"41","sqcand":"140001156724","n":"55111","nm":"JUNIOR RODRIGUES","cc":"PSD","nv":" ","e":"n","st":"Suplente","dvt":"V\u00e1lido","vap":"2","pvap":"   0,01"},{"seq":"10","sqcand":"140001155733","n":"45333","nm":"PASTOR Z\u00c9 ANT\u00d4NIO","cc":"PSDB","nv":" ","e":"s","st":"Eleito","dvt":"V\u00e1lido","vap":"492","pvap":"   3,67"},{"seq":"13","sqcand":"140001151461","n":"14555","nm":"GENYSSON FERREIRA","cc":"PTB","nv":" ","e":"n","st":"Suplente","dvt":"V\u00e1lido","vap":"454","pvap":"   3,38"},{"seq":"49","sqcand":"140000932199","n":"15555","nm":" ZEZINHO PEREIRA","cc":"MDB","nv":" ","e":"n","st":"N\u00e3o eleito","dvt":"V\u00e1lido","vap":"143","pvap":"   1,07"},{"seq":"8","sqcand":"140001030875","n":"22222","nm":"NILSON ROCHA","cc":"PL","nv":" ","e":"s","st":"Eleito","dvt":"V\u00e1lido","vap":"652","pvap":"   4,86"},{"seq":"24","sqcand":"140001156717","n":"55666","nm":"VELOZINHO","cc":"PSD","nv":" ","e":"n","st":"Suplente","dvt":"V\u00e1lido","vap":"70","pvap":"   0,52"},{"seq":"34","sqcand":"140001030879","n":"22755","nm":"TALHIA RODRIGUES","cc":"PL","nv":" ","e":"n","st":"Suplente","dvt":"V\u00e1lido","vap":"7","pvap":"   0,05"},{"seq":"20","sqcand":"140001030874","n":"22111","nm":"JEFERSON QUEIROZ","cc":"PL","nv":" ","e":"n","st":"Suplente","dvt":"V\u00e1lido","vap":"177","pvap":"   1,32"},{"seq":"33","sqcand":"140001155726","n":"45444","nm":"SILVIA","cc":"PSDB","nv":" ","e":"n","st":"Suplente","dvt":"V\u00e1lido","vap":"7","pvap":"   0,05"},{"seq":"6","sqcand":"140001155728","n":"45222","nm":"WANDERSON","cc":"PSDB","nv":" ","e":"s","st":"Eleito","dvt":"V\u00e1lido","vap":"733","pvap":"   5,46"},{"seq":"21","sqcand":"140001156722","n":"55333","nm":"DIEGO PANTOJA","cc":"PSD","nv":" ","e":"n","st":"Suplente","dvt":"V\u00e1lido","vap":"160","pvap":"   1,19"},{"seq":"58","sqcand":"140001154179","n":"11111","nm":" XENXEN","cc":"PP","nv":" ","e":"n","st":"N\u00e3o eleito","dvt":"V\u00e1lido","vap":"11","pvap":"   0,08"},{"seq":"3","sqcand":"140001151467","n":"14777","nm":"GETULINHO","cc":"PTB","nv":" ","e":"s","st":"Eleito","dvt":"V\u00e1lido","vap":"937","pvap":"   6,99"},{"seq":"64","sqcand":"140000932196","n":"15123","nm":"EDILMA GAIA","cc":"MDB","nv":" ","e":"n","st":"N\u00e3o eleito","dvt":"V\u00e1lido","vap":"4","pvap":"   0,03"},{"seq":"65","sqcand":"140001154178","n":"11000","nm":"JO\u00c3O TORRES","cc":"PP","nv":" ","e":"n","st":"N\u00e3o eleito","dvt":"V\u00e1lido","vap":"4","pvap":"   0,03"},{"seq":"23","sqcand":"140001156729","n":"55155","nm":"INVESTIGADOR ROM\u00c1RIO","cc":"PSD","nv":" ","e":"n","st":"Suplente","dvt":"V\u00e1lido","vap":"122","pvap":"   0,91"},{"seq":"27","sqcand":"140001151471","n":"14155","nm":"VENILDO","cc":"PTB","nv":" ","e":"n","st":"Suplente","dvt":"V\u00e1lido","vap":"36","pvap":"   0,27"},{"seq":"17","sqcand":"140001267516","n":"22666","nm":"WAGNER FERREIRA","cc":"PL","nv":" ","e":"n","st":"Suplente","dvt":"V\u00e1lido","vap":"232","pvap":"   1,73"},{"seq":"63","sqcand":"140001156388","n":"13111","nm":"TELO","cc":"PT","nv":" ","e":"n","st":"N\u00e3o eleito","dvt":"V\u00e1lido","vap":"5","pvap":"   0,04"},{"seq":"60","sqcand":"140001154176","n":"11444","nm":"GATINHO","cc":"PP","nv":" ","e":"n","st":"N\u00e3o eleito","dvt":"V\u00e1lido","vap":"9","pvap":"   0,07"},{"seq":"53","sqcand":"140001156391","n":"13456","nm":"PROF. BENEDITO ROCHA","cc":"PT","nv":" ","e":"n","st":"N\u00e3o eleito","dvt":"V\u00e1lido","vap":"40","pvap":"   0,30"},{"seq":"5","sqcand":"140001155729","n":"45123","nm":"ELIABE LIMA","cc":"PSDB","nv":" ","e":"s","st":"Eleito","dvt":"V\u00e1lido","vap":"765","pvap":"   5,70"},{"seq":"25","sqcand":"140001155735","n":"45678","nm":"LENICINHO","cc":"PSDB","nv":" ","e":"n","st":"Suplente","dvt":"V\u00e1lido","vap":"41","pvap":"   0,31"},{"seq":"48","sqcand":"140001155431","n":"20000","nm":"MAMEDE SOUZA","cc":"PSC","nv":" ","e":"n","st":"N\u00e3o eleito","dvt":"V\u00e1lido","vap":"276","pvap":"   2,06"},{"seq":"42","sqcand":"140001151470","n":"14567","nm":"PROF SANDRA","cc":"PTB","nv":" ","e":"n","st":"Suplente","dvt":"V\u00e1lido","vap":"2","pvap":"   0,01"},{"seq":"39","sqcand":"140001156720","n":"55888","nm":"R\u00d3","cc":"PSD","nv":" ","e":"n","st":"Suplente","dvt":"V\u00e1lido","vap":"3","pvap":"   0,02"},{"seq":"38","sqcand":"140001151460","n":"14888","nm":"HELENA ACS","cc":"PTB","nv":" ","e":"n","st":"Suplente","dvt":"V\u00e1lido","vap":"4","pvap":"   0,03"},{"seq":"56","sqcand":"140001155432","n":"20777","nm":" NEUZILA","cc":"PSC","nv":" ","e":"n","st":"N\u00e3o eleito","dvt":"V\u00e1lido","vap":"13","pvap":"   0,10"},{"seq":"14","sqcand":"140001030880","n":"22555","nm":"PASTOR BATISTA","cc":"PL","nv":" ","e":"n","st":"Suplente","dvt":"V\u00e1lido","vap":"342","pvap":"   2,55"},{"seq":"28","sqcand":"140001151462","n":"14000","nm":"NALDO CORREA","cc":"PTB","nv":" ","e":"n","st":"Suplente","dvt":"V\u00e1lido","vap":"19","pvap":"   0,14"},{"seq":"31","sqcand":"140001151463","n":"14666","nm":"PROFESSOR LOBATO","cc":"PTB","nv":" ","e":"n","st":"Suplente","dvt":"V\u00e1lido","vap":"14","pvap":"   0,10"},{"seq":"35","sqcand":"140001030871","n":"22888","nm":"SOCORRO BAIA","cc":"PL","nv":" ","e":"n","st":"Suplente","dvt":"V\u00e1lido","vap":"6","pvap":"   0,04"}]}
