{"ele":"426","tpabr":"mu","cdabr":"04979","carper":"13","t":"1","f":"o","dt":"15/11/2020","ht":"22:15:34","dv":"s","tf":"s","v":"13","esae":"n","mnae":"","s":"76","st":"76","pst":" 100,00","snt":"0","psnt":"   0,00","si":"76","psi":" 100,00","sni":"0","psni":"   0,00","sa":"76","psa":" 100,00","sna":"0","psna":"   0,00","e":"25824","ea":"25824","pea":" 100,00","ena":"0","pena":"   0,00","esi":"25824","pesi":" 100,00","esni":"0","pesni":"   0,00","c":"21787","pc":"  84,37","a":"4037","pa":"  15,63","vscv":"0","vnom":"20105","vl":"1093","pvnom":"  94,84","pvl":"   5,16","vvc":"21198","pvvc":"  97,30","vb":"127","pvb":"   0,58","tvn":"462","ptvn":"   2,12","vn":"462","pvn":" 100,00","vnt":"0","pvnt":"   0,00","vp":"0","pvp":"   0,00","vv":"21198","pvv":" 100,00","van":"0","pvan":"   0,00","vansj":"0","pvansj":"   0,00","tv":"21787","cand":[{"seq":"124","sqcand":"140001002316","n":"13520","nm":"GRANDE ABRA\u00c3O","cc":"PT","nv":" ","e":"n","st":"N\u00e3o eleito","dvt":"V\u00e1lido","vap":"74","pvap":"   0,35"},{"seq":"7","sqcand":"140001014666","n":"10234","nm":"PR PROF CLAUDIONOR CALANDRINI","cc":"REPUBLICANOS","nv":" ","e":"s","st":"Eleito","dvt":"V\u00e1lido","vap":"498","pvap":"   2,35"},{"seq":"22","sqcand":"140001011882","n":"40200","nm":"DAVID NEGR\u00c3O ROCHA","cc":"PSB","nv":" ","e":"n","st":"Suplente","dvt":"V\u00e1lido","vap":"300","pvap":"   1,42"},{"seq":"86","sqcand":"140001010051","n":"55345","nm":"JOSIELE BARROSO","cc":"PSD","nv":" ","e":"n","st":"Suplente","dvt":"V\u00e1lido","vap":"43","pvap":"   0,20"},{"seq":"61","sqcand":"140001158450","n":"25555","nm":"BORDALO MARTINS","cc":"DEM","nv":" ","e":"n","st":"Suplente","dvt":"V\u00e1lido","vap":"85","pvap":"   0,40"},{"seq":"118","sqcand":"140001002320","n":"13456","nm":"BETH GAVINO","cc":"PT","nv":" ","e":"n","st":"N\u00e3o eleito","dvt":"V\u00e1lido","vap":"486","pvap":"   2,29"},{"seq":"44","sqcand":"140001011885","n":"40888","nm":"LEA FERREIRA","cc":"PSB","nv":" ","e":"n","st":"Suplente","dvt":"V\u00e1lido","vap":"141","pvap":"   0,67"},{"seq":"119","sqcand":"140000981467","n":"11111","nm":"RIVANIL PIRES","cc":"PP","nv":" ","e":"n","st":"N\u00e3o eleito","dvt":"V\u00e1lido","vap":"240","pvap":"   1,13"},{"seq":"27","sqcand":"140001158448","n":"25123","nm":"PROFESSOR CLAUDIO JUNIOR","cc":"DEM","nv":" ","e":"n","st":"Suplente","dvt":"V\u00e1lido","vap":"263","pvap":"   1,24"},{"seq":"134","sqcand":"140001159968","n":"19292","nm":"HERLANE LOBATO","cc":"PODE","nv":" ","e":"n","st":"N\u00e3o eleito","dvt":"V\u00e1lido","vap":"20","pvap":"   0,09"},{"seq":"90","sqcand":"140001011889","n":"40555","nm":"LEKA","cc":"PSB","nv":" ","e":"n","st":"Suplente","dvt":"V\u00e1lido","vap":"38","pvap":"   0,18"},{"seq":"132","sqcand":"140001268419","n":"13320","nm":"ROSENETE","cc":"PT","nv":" ","e":"n","st":"N\u00e3o eleito","dvt":"V\u00e1lido","vap":"22","pvap":"   0,10"},{"seq":"35","sqcand":"140001158445","n":"25333","nm":"GIL MARTINS","cc":"DEM","nv":" ","e":"n","st":"Suplente","dvt":"V\u00e1lido","vap":"182","pvap":"   0,86"},{"seq":"84","sqcand":"140001014277","n":"20222","nm":"CURICA DA PONTA NEGRA","cc":"PSC","nv":" ","e":"n","st":"Suplente","dvt":"V\u00e1lido","vap":"44","pvap":"   0,21"},{"seq":"47","sqcand":"140001010049","n":"55234","nm":"GRA\u00c7A CARVALHO","cc":"PSD","nv":" ","e":"n","st":"Suplente","dvt":"V\u00e1lido","vap":"139","pvap":"   0,66"},{"seq":"3","sqcand":"140001010551","n":"90666","nm":"CACO TEIXEIRA","cc":"PROS","nv":" ","e":"s","st":"Eleito","dvt":"V\u00e1lido","vap":"614","pvap":"   2,90"},{"seq":"23","sqcand":"140001010054","n":"55678","nm":"ALONSO SILVA ","cc":"PSD","nv":" ","e":"n","st":"Suplente","dvt":"V\u00e1lido","vap":"288","pvap":"   1,36"},{"seq":"114","sqcand":"140001159858","n":"70100","nm":"LOURINHO DO BREGA","cc":"AVANTE","nv":" ","e":"n","st":"Suplente","dvt":"V\u00e1lido","vap":"4","pvap":"   0,02"},{"seq":"85","sqcand":"140001010552","n":"90200","nm":"PRETO DO LABAMBA","cc":"PROS","nv":" ","e":"n","st":"Suplente","dvt":"V\u00e1lido","vap":"44","pvap":"   0,21"},{"seq":"50","sqcand":"140001137436","n":"15777","nm":"SILVIA TEN\u00d3RIO","cc":"MDB","nv":" ","e":"n","st":"Suplente","dvt":"V\u00e1lido","vap":"132","pvap":"   0,62"},{"seq":"116","sqcand":"140001159859","n":"70124","nm":"LARISSA VIEIRA","cc":"AVANTE","nv":" ","e":"n","st":"Suplente","dvt":"V\u00e1lido","vap":"2","pvap":"   0,01"},{"seq":"78","sqcand":"140001014667","n":"10053","nm":"DEOCL\u00c9CIO","cc":"REPUBLICANOS","nv":" ","e":"n","st":"Suplente","dvt":"V\u00e1lido","vap":"50","pvap":"   0,24"},{"seq":"28","sqcand":"140001014281","n":"20123","nm":"ROSIVALDO VALE","cc":"PSC","nv":" ","e":"n","st":"Suplente","dvt":"V\u00e1lido","vap":"261","pvap":"   1,23"},{"seq":"59","sqcand":"140001010542","n":"90777","nm":"MILENE CARDOSO","cc":"PROS","nv":" ","e":"n","st":"Suplente","dvt":"V\u00e1lido","vap":"90","pvap":"   0,42"},{"seq":"99","sqcand":"140001137435","n":"15500","nm":"C\u00c1TIA COSTA","cc":"MDB","nv":" ","e":"n","st":"Suplente","dvt":"V\u00e1lido","vap":"24","pvap":"   0,11"},{"seq":"115","sqcand":"140001158449","n":"25345","nm":"BETIANE PAES","cc":"DEM","nv":" ","e":"n","st":"Suplente","dvt":"V\u00e1lido","vap":"3","pvap":"   0,01"},{"seq":"53","sqcand":"140001159855","n":"70007","nm":"JAIR COUTINHO","cc":"AVANTE","nv":" ","e":"n","st":"Suplente","dvt":"V\u00e1lido","vap":"107","pvap":"   0,50"},{"seq":"51","sqcand":"140001010545","n":"90111","nm":"VALDECI DA CARNE","cc":"PROS","nv":" ","e":"n","st":"Suplente","dvt":"V\u00e1lido","vap":"118","pvap":"   0,56"},{"seq":"104","sqcand":"140001137440","n":"15000","nm":"GETULIO MORAES","cc":"MDB","nv":" ","e":"n","st":"Suplente","dvt":"V\u00e1lido","vap":"16","pvap":"   0,08"},{"seq":"92","sqcand":"140001010047","n":"55190","nm":"SARGENTO BENTES","cc":"PSD","nv":" ","e":"n","st":"Suplente","dvt":"V\u00e1lido","vap":"37","pvap":"   0,17"},{"seq":"14","sqcand":"140001011883","n":"40444","nm":"MAIQUINHO","cc":"PSB","nv":" ","e":"n","st":"Suplente","dvt":"V\u00e1lido","vap":"429","pvap":"   2,02"},{"seq":"13","sqcand":"140001014279","n":"20555","nm":"BUDEGA","cc":"PSC","nv":" ","e":"s","st":"Eleito","dvt":"V\u00e1lido","vap":"325","pvap":"   1,53"},{"seq":"68","sqcand":"140001159851","n":"70123","nm":"THECA","cc":"AVANTE","nv":" ","e":"n","st":"Suplente","dvt":"V\u00e1lido","vap":"72","pvap":"   0,34"},{"seq":"80","sqcand":"140001014283","n":"20623","nm":"NANNY","cc":"PSC","nv":" ","e":"n","st":"Suplente","dvt":"V\u00e1lido","vap":"50","pvap":"   0,24"},{"seq":"79","sqcand":"140001010042","n":"55111","nm":"PROFESSORA LEONOR","cc":"PSD","nv":" ","e":"n","st":"Suplente","dvt":"V\u00e1lido","vap":"50","pvap":"   0,24"},{"seq":"66","sqcand":"140001014284","n":"20111","nm":"NETO COSTA","cc":"PSC","nv":" ","e":"n","st":"Suplente","dvt":"V\u00e1lido","vap":"78","pvap":"   0,37"},{"seq":"25","sqcand":"140001014664","n":"10789","nm":"PROFESSORA LIZETE","cc":"REPUBLICANOS","nv":" ","e":"n","st":"Suplente","dvt":"V\u00e1lido","vap":"281","pvap":"   1,33"},{"seq":"146","sqcand":"140001158444","n":"25234","nm":"DORIENE (TIA D\u00d3)","cc":"DEM","nv":" ","e":"n","st":"N\u00e3o eleito","dvt":"Anulado sub judice","vap":"0","pvap":"00.00"},{"seq":"54","sqcand":"140001011881","n":"40567","nm":"MARCIO PANTOJA","cc":"PSB","nv":" ","e":"n","st":"Suplente","dvt":"V\u00e1lido","vap":"103","pvap":"   0,49"},{"seq":"73","sqcand":"140001010544","n":"90444","nm":"JO\u00c3O PAULO MOTO-T\u00c1XI","cc":"PROS","nv":" ","e":"n","st":"Suplente","dvt":"V\u00e1lido","vap":"61","pvap":"   0,29"},{"seq":"144","sqcand":"140000981466","n":"11222","nm":"CEAR\u00c1","cc":"PP","nv":" ","e":"n","st":"N\u00e3o eleito","dvt":"V\u00e1lido","vap":"4","pvap":"   0,02"},{"seq":"141","sqcand":"140001159960","n":"19120","nm":"MANUELA NOGUEIRA","cc":"PODE","nv":" ","e":"n","st":"N\u00e3o eleito","dvt":"V\u00e1lido","vap":"6","pvap":"   0,03"},{"seq":"126","sqcand":"140001002319","n":"13613","nm":"KILBER NUNES","cc":"PT","nv":" ","e":"n","st":"N\u00e3o eleito","dvt":"V\u00e1lido","vap":"58","pvap":"   0,27"},{"seq":"42","sqcand":"140001137434","n":"15555","nm":"RAIANA MAGNO","cc":"MDB","nv":" ","e":"n","st":"Suplente","dvt":"V\u00e1lido","vap":"145","pvap":"   0,68"},{"seq":"100","sqcand":"140001159852","n":"70234","nm":"ABEN\u00c7OADO","cc":"AVANTE","nv":" ","e":"n","st":"Suplente","dvt":"V\u00e1lido","vap":"23","pvap":"   0,11"},{"seq":"57","sqcand":"140001010547","n":"90333","nm":"REGIS DA SA\u00daDE","cc":"PROS","nv":" ","e":"n","st":"Suplente","dvt":"V\u00e1lido","vap":"96","pvap":"   0,45"},{"seq":"18","sqcand":"140001014673","n":"10000","nm":"PROF ZICO","cc":"REPUBLICANOS","nv":" ","e":"n","st":"Suplente","dvt":"V\u00e1lido","vap":"322","pvap":"   1,52"},{"seq":"49","sqcand":"140001159869","n":"70700","nm":"Z\u00c9 DOMINGOS","cc":"AVANTE","nv":" ","e":"n","st":"Suplente","dvt":"V\u00e1lido","vap":"136","pvap":"   0,64"},{"seq":"121","sqcand":"140001002317","n":"13213","nm":"DANNY MONTEIRO","cc":"PT","nv":" ","e":"n","st":"N\u00e3o eleito","dvt":"V\u00e1lido","vap":"142","pvap":"   0,67"},{"seq":"10","sqcand":"140001158447","n":"25678","nm":"BOLOTA","cc":"DEM","nv":" ","e":"s","st":"Eleito","dvt":"V\u00e1lido","vap":"422","pvap":"   1,99"},{"seq":"8","sqcand":"140001010053","n":"55555","nm":"SOCORRONA","cc":"PSD","nv":" ","e":"s","st":"Eleito","dvt":"V\u00e1lido","vap":"457","pvap":"   2,16"},{"seq":"140","sqcand":"140000981468","n":"11444","nm":"T\u00c2NIA ALMEIDA","cc":"PP","nv":" ","e":"n","st":"N\u00e3o eleito","dvt":"V\u00e1lido","vap":"6","pvap":"   0,03"},{"seq":"41","sqcand":"140001014658","n":"10444","nm":"CELESTE PUREZA","cc":"REPUBLICANOS","nv":" ","e":"n","st":"Suplente","dvt":"V\u00e1lido","vap":"145","pvap":"   0,68"},{"seq":"43","sqcand":"140001010046","n":"55456","nm":"NAZARENO SILVA ","cc":"PSD","nv":" ","e":"n","st":"Suplente","dvt":"V\u00e1lido","vap":"143","pvap":"   0,67"},{"seq":"9","sqcand":"140001137438","n":"15111","nm":"ENILZA LOBATO","cc":"MDB","nv":" ","e":"s","st":"Eleito","dvt":"V\u00e1lido","vap":"425","pvap":"   2,00"},{"seq":"129","sqcand":"140001159964","n":"19999","nm":"NHUNGA","cc":"PODE","nv":" ","e":"n","st":"N\u00e3o eleito","dvt":"V\u00e1lido","vap":"28","pvap":"   0,13"},{"seq":"67","sqcand":"140001014662","n":"10111","nm":"JANETE CARVALHO","cc":"REPUBLICANOS","nv":" ","e":"n","st":"Suplente","dvt":"V\u00e1lido","vap":"73","pvap":"   0,34"},{"seq":"135","sqcand":"140001159962","n":"19666","nm":"IDAIR MARTINS","cc":"PODE","nv":" ","e":"n","st":"N\u00e3o eleito","dvt":"V\u00e1lido","vap":"18","pvap":"   0,08"},{"seq":"62","sqcand":"140001159862","n":"70222","nm":"LOURA DA SAUDE","cc":"AVANTE","nv":" ","e":"n","st":"Suplente","dvt":"V\u00e1lido","vap":"83","pvap":"   0,39"},{"seq":"34","sqcand":"140001014675","n":"10777","nm":"DONA PAULA","cc":"REPUBLICANOS","nv":" ","e":"n","st":"Suplente","dvt":"V\u00e1lido","vap":"206","pvap":"   0,97"},{"seq":"82","sqcand":"140001010050","n":"55010","nm":"LICO LEITE ","cc":"PSD","nv":" ","e":"n","st":"Suplente","dvt":"V\u00e1lido","vap":"47","pvap":"   0,22"},{"seq":"74","sqcand":"140001157496","n":"22345","nm":"J\u00daNIOR DA SA\u00daDE","cc":"PL","nv":" ","e":"n","st":"Suplente","dvt":"V\u00e1lido","vap":"58","pvap":"   0,27"},{"seq":"16","sqcand":"140001157502","n":"22456","nm":"MELO CAMET\u00c1","cc":"PL","nv":" ","e":"n","st":"Suplente","dvt":"V\u00e1lido","vap":"368","pvap":"   1,74"},{"seq":"5","sqcand":"140001159863","n":"70070","nm":"RIVALDO PIRES","cc":"AVANTE","nv":" ","e":"s","st":"Eleito","dvt":"V\u00e1lido","vap":"586","pvap":"   2,76"},{"seq":"97","sqcand":"140001010548","n":"90107","nm":"MELQUESEDEQUE","cc":"PROS","nv":" ","e":"n","st":"Suplente","dvt":"V\u00e1lido","vap":"28","pvap":"   0,13"},{"seq":"98","sqcand":"140001014278","n":"20333","nm":"LU","cc":"PSC","nv":" ","e":"n","st":"Suplente","dvt":"V\u00e1lido","vap":"25","pvap":"   0,12"},{"seq":"112","sqcand":"140001268424","n":"25015","nm":"RITA COSTA","cc":"DEM","nv":" ","e":"n","st":"Suplente","dvt":"V\u00e1lido","vap":"5","pvap":"   0,02"},{"seq":"94","sqcand":"140001010549","n":"90246","nm":"CHIQUINHA","cc":"PROS","nv":" ","e":"n","st":"Suplente","dvt":"V\u00e1lido","vap":"29","pvap":"   0,14"},{"seq":"130","sqcand":"140001002322","n":"13123","nm":"SHEILA CARVALHO","cc":"PT","nv":" ","e":"n","st":"N\u00e3o eleito","dvt":"V\u00e1lido","vap":"25","pvap":"   0,12"},{"seq":"95","sqcand":"140001159853","n":"70555","nm":"MAURO CUNHA","cc":"AVANTE","nv":" ","e":"n","st":"Suplente","dvt":"V\u00e1lido","vap":"29","pvap":"   0,14"},{"seq":"26","sqcand":"140001010553","n":"90000","nm":"LUCIANO OLIVEIRA","cc":"PROS","nv":" ","e":"n","st":"Suplente","dvt":"V\u00e1lido","vap":"274","pvap":"   1,29"},{"seq":"93","sqcand":"140001010052","n":"55666","nm":"DHELIO CORREA","cc":"PSD","nv":" ","e":"n","st":"Suplente","dvt":"V\u00e1lido","vap":"32","pvap":"   0,15"},{"seq":"128","sqcand":"140001002318","n":"13333","nm":"PROFESSOR ELCIO ALDRIN","cc":"PT","nv":" ","e":"n","st":"N\u00e3o eleito","dvt":"V\u00e1lido","vap":"33","pvap":"   0,16"},{"seq":"110","sqcand":"140001159866","n":"70011","nm":"RAIMUNDO SANTOS","cc":"AVANTE","nv":" ","e":"n","st":"Suplente","dvt":"V\u00e1lido","vap":"6","pvap":"   0,03"},{"seq":"38","sqcand":"140001011886","n":"40100","nm":"DINAIR","cc":"PSB","nv":" ","e":"n","st":"Suplente","dvt":"V\u00e1lido","vap":"159","pvap":"   0,75"},{"seq":"4","sqcand":"140001014273","n":"20611","nm":"KALIF","cc":"PSC","nv":" ","e":"s","st":"Eleito","dvt":"V\u00e1lido","vap":"607","pvap":"   2,86"},{"seq":"108","sqcand":"140001268667","n":"90321","nm":"RITHIELE FERREIRA BARBOSA","cc":"PROS","nv":" ","e":"n","st":"Suplente","dvt":"V\u00e1lido","vap":"11","pvap":"   0,05"},{"seq":"64","sqcand":"140001159860","n":"70000","nm":"NETTO LEAL","cc":"AVANTE","nv":" ","e":"n","st":"Suplente","dvt":"V\u00e1lido","vap":"82","pvap":"   0,39"},{"seq":"138","sqcand":"140001002323","n":"13120","nm":"SUENE COSTA","cc":"PT","nv":" ","e":"n","st":"N\u00e3o eleito","dvt":"V\u00e1lido","vap":"13","pvap":"   0,06"},{"seq":"71","sqcand":"140001157504","n":"22333","nm":"ROSIMIRO VALE","cc":"PL","nv":" ","e":"n","st":"Suplente","dvt":"V\u00e1lido","vap":"61","pvap":"   0,29"},{"seq":"133","sqcand":"140001159967","n":"19123","nm":"DORI LEDO","cc":"PODE","nv":" ","e":"n","st":"N\u00e3o eleito","dvt":"V\u00e1lido","vap":"20","pvap":"   0,09"},{"seq":"2","sqcand":"140001011884","n":"40123","nm":"GILMAR NUNES","cc":"PSB","nv":" ","e":"s","st":"Eleito","dvt":"V\u00e1lido","vap":"643","pvap":"   3,03"},{"seq":"39","sqcand":"140001014275","n":"20620","nm":"JOELSON DA SEGURAN\u00c7A","cc":"PSC","nv":" ","e":"n","st":"Suplente","dvt":"V\u00e1lido","vap":"147","pvap":"   0,69"},{"seq":"123","sqcand":"140001002321","n":"13020","nm":"PROFESSORA SASS\u00c1","cc":"PT","nv":" ","e":"n","st":"N\u00e3o eleito","dvt":"V\u00e1lido","vap":"84","pvap":"   0,40"},{"seq":"40","sqcand":"140001010546","n":"90110","nm":"PRESB\u00cdTERO JOS\u00c9 ROBERTO ","cc":"PROS","nv":" ","e":"n","st":"Suplente","dvt":"V\u00e1lido","vap":"145","pvap":"   0,68"},{"seq":"60","sqcand":"140001014276","n":"20007","nm":"MARCELO DO BOXE","cc":"PSC","nv":" ","e":"n","st":"Suplente","dvt":"V\u00e1lido","vap":"88","pvap":"   0,42"},{"seq":"17","sqcand":"140001157505","n":"22122","nm":"AILSON ROCHA","cc":"PL","nv":" ","e":"n","st":"Suplente","dvt":"V\u00e1lido","vap":"352","pvap":"   1,66"},{"seq":"30","sqcand":"140001010044","n":"55444","nm":"OBREIRO ARILSON","cc":"PSD","nv":" ","e":"n","st":"Suplente","dvt":"V\u00e1lido","vap":"241","pvap":"   1,14"},{"seq":"31","sqcand":"140001159867","n":"70051","nm":"VERONICA CUNHA","cc":"AVANTE","nv":" ","e":"n","st":"Suplente","dvt":"V\u00e1lido","vap":"234","pvap":"   1,10"},{"seq":"107","sqcand":"140001159868","n":"70107","nm":"ZETE COSTA","cc":"AVANTE","nv":" ","e":"n","st":"Suplente","dvt":"V\u00e1lido","vap":"12","pvap":"   0,06"},{"seq":"111","sqcand":"140001157500","n":"22789","nm":"NAZA NUNES","cc":"PL","nv":" ","e":"n","st":"Suplente","dvt":"V\u00e1lido","vap":"6","pvap":"   0,03"},{"seq":"55","sqcand":"140001159865","n":"70311","nm":"DANIEL SANTOS","cc":"AVANTE","nv":" ","e":"n","st":"Suplente","dvt":"V\u00e1lido","vap":"98","pvap":"   0,46"},{"seq":"77","sqcand":"140001014671","n":"10999","nm":"THARLES BRAWN","cc":"REPUBLICANOS","nv":" ","e":"n","st":"Suplente","dvt":"V\u00e1lido","vap":"51","pvap":"   0,24"},{"seq":"1","sqcand":"140001014676","n":"10345","nm":"PROF S\u00d4NIA PEREIRA","cc":"REPUBLICANOS","nv":" ","e":"s","st":"Eleito","dvt":"V\u00e1lido","vap":"843","pvap":"   3,98"},{"seq":"142","sqcand":"140001159969","n":"19100","nm":"LOURO DO BILHAR","cc":"PODE","nv":" ","e":"n","st":"N\u00e3o eleito","dvt":"V\u00e1lido","vap":"5","pvap":"   0,02"},{"seq":"37","sqcand":"140001010043","n":"55222","nm":"MARINHO GOUVEA","cc":"PSD","nv":" ","e":"n","st":"Suplente","dvt":"V\u00e1lido","vap":"172","pvap":"   0,81"},{"seq":"143","sqcand":"140001159961","n":"19555","nm":"DR RAULINO DE CASTRO","cc":"PODE","nv":" ","e":"n","st":"N\u00e3o eleito","dvt":"V\u00e1lido","vap":"4","pvap":"   0,02"},{"seq":"147","sqcand":"140001159959","n":"19667","nm":"ANTONIO BRABO","cc":"PODE","nv":" ","e":"n","st":"N\u00e3o eleito","dvt":"V\u00e1lido","vap":"0","pvap":"00.00"},{"seq":"69","sqcand":"140001157498","n":"22215","nm":"CARLINHO DO ATAT\u00c1","cc":"PL","nv":" ","e":"n","st":"Suplente","dvt":"V\u00e1lido","vap":"71","pvap":"   0,33"},{"seq":"105","sqcand":"140001137437","n":"15151","nm":"MARIA TELES","cc":"MDB","nv":" ","e":"n","st":"Suplente","dvt":"V\u00e1lido","vap":"14","pvap":"   0,07"},{"seq":"125","sqcand":"140001159963","n":"19777","nm":"DRA PAULA","cc":"PODE","nv":" ","e":"n","st":"N\u00e3o eleito","dvt":"V\u00e1lido","vap":"70","pvap":"   0,33"},{"seq":"109","sqcand":"140001159857","n":"70333","nm":"JUNIOR MACHADO","cc":"AVANTE","nv":" ","e":"n","st":"Suplente","dvt":"V\u00e1lido","vap":"10","pvap":"   0,05"},{"seq":"24","sqcand":"140001014663","n":"10888","nm":"JOVANILDO TELES","cc":"REPUBLICANOS","nv":" ","e":"n","st":"Suplente","dvt":"V\u00e1lido","vap":"285","pvap":"   1,34"},{"seq":"46","sqcand":"140001011891","n":"40000","nm":"TYANA MATOS","cc":"PSB","nv":" ","e":"n","st":"Suplente","dvt":"V\u00e1lido","vap":"139","pvap":"   0,66"},{"seq":"70","sqcand":"140001010543","n":"90123","nm":"ALMERINDO COSTA","cc":"PROS","nv":" ","e":"n","st":"Suplente","dvt":"V\u00e1lido","vap":"62","pvap":"   0,29"},{"seq":"88","sqcand":"140001159854","n":"70456","nm":"GABRIELA R GONZ\u00c1LEZ SERR\u00c3O","cc":"AVANTE","nv":" ","e":"n","st":"Suplente","dvt":"V\u00e1lido","vap":"41","pvap":"   0,19"},{"seq":"21","sqcand":"140001014665","n":"10555","nm":"LICO DA PESCA","cc":"REPUBLICANOS","nv":" ","e":"n","st":"Suplente","dvt":"V\u00e1lido","vap":"307","pvap":"   1,45"},{"seq":"113","sqcand":"140001157501","n":"22365","nm":"EDNA PIMENTA","cc":"PL","nv":" ","e":"n","st":"Suplente","dvt":"V\u00e1lido","vap":"4","pvap":"   0,02"},{"seq":"103","sqcand":"140001157494","n":"22444","nm":"MARADONA","cc":"PL","nv":" ","e":"n","st":"Suplente","dvt":"V\u00e1lido","vap":"21","pvap":"   0,10"},{"seq":"76","sqcand":"140001014659","n":"10147","nm":"ARIRAMBA","cc":"REPUBLICANOS","nv":" ","e":"n","st":"Suplente","dvt":"V\u00e1lido","vap":"56","pvap":"   0,26"},{"seq":"12","sqcand":"140001014670","n":"10123","nm":"ROSINALDO COSTA","cc":"REPUBLICANOS","nv":" ","e":"s","st":"Eleito","dvt":"V\u00e1lido","vap":"335","pvap":"   1,58"},{"seq":"91","sqcand":"140001014668","n":"10101","nm":"PROFESSORA NAZA","cc":"REPUBLICANOS","nv":" ","e":"n","st":"Suplente","dvt":"V\u00e1lido","vap":"37","pvap":"   0,17"},{"seq":"45","sqcand":"140001014272","n":"20065","nm":"CAMILA","cc":"PSC","nv":" ","e":"n","st":"Suplente","dvt":"V\u00e1lido","vap":"141","pvap":"   0,67"},{"seq":"89","sqcand":"140001159864","n":"70054","nm":"ANDERSON MORAES","cc":"AVANTE","nv":" ","e":"n","st":"Suplente","dvt":"V\u00e1lido","vap":"39","pvap":"   0,18"},{"seq":"83","sqcand":"140001010550","n":"90567","nm":"ZEANE DA SA\u00daDE","cc":"PROS","nv":" ","e":"n","st":"Suplente","dvt":"V\u00e1lido","vap":"46","pvap":"   0,22"},{"seq":"102","sqcand":"140001014674","n":"10333","nm":"GAR\u00c7A","cc":"REPUBLICANOS","nv":" ","e":"n","st":"Suplente","dvt":"V\u00e1lido","vap":"21","pvap":"   0,10"},{"seq":"11","sqcand":"140001157503","n":"22123","nm":" VAT DA VOADEIRA","cc":"PL","nv":" ","e":"s","st":"Eleito","dvt":"V\u00e1lido","vap":"406","pvap":"   1,92"},{"seq":"56","sqcand":"140001011888","n":"40111","nm":"NONATO PEREIRA","cc":"PSB","nv":" ","e":"n","st":"Suplente","dvt":"V\u00e1lido","vap":"96","pvap":"   0,45"},{"seq":"137","sqcand":"140001159965","n":"19190","nm":"NIVIA BARBOSA","cc":"PODE","nv":" ","e":"n","st":"N\u00e3o eleito","dvt":"V\u00e1lido","vap":"16","pvap":"   0,08"},{"seq":"32","sqcand":"140001157495","n":"22222","nm":"PROFESSORA AM\u00c9LIA RAUDA","cc":"PL","nv":" ","e":"n","st":"Suplente","dvt":"V\u00e1lido","vap":"216","pvap":"   1,02"},{"seq":"106","sqcand":"140001014274","n":"20321","nm":"DAYANE CALANDRINE","cc":"PSC","nv":" ","e":"n","st":"Suplente","dvt":"V\u00e1lido","vap":"13","pvap":"   0,06"},{"seq":"72","sqcand":"140001010048","n":"55789","nm":"INACIO JUNIOR","cc":"PSD","nv":" ","e":"n","st":"Suplente","dvt":"V\u00e1lido","vap":"61","pvap":"   0,29"},{"seq":"58","sqcand":"140001159856","n":"70777","nm":"KEBSON RODRIGUES","cc":"AVANTE","nv":" ","e":"n","st":"Suplente","dvt":"V\u00e1lido","vap":"95","pvap":"   0,45"},{"seq":"87","sqcand":"140001159850","n":"70473","nm":"MARLI MAGNO","cc":"AVANTE","nv":" ","e":"n","st":"Suplente","dvt":"V\u00e1lido","vap":"42","pvap":"   0,20"},{"seq":"20","sqcand":"140001137439","n":"15456","nm":"JEFINHO PACHECO","cc":"MDB","nv":" ","e":"n","st":"Suplente","dvt":"V\u00e1lido","vap":"309","pvap":"   1,46"},{"seq":"131","sqcand":"140001159971","n":"19000","nm":"NOLLAR","cc":"PODE","nv":" ","e":"n","st":"N\u00e3o eleito","dvt":"V\u00e1lido","vap":"24","pvap":"   0,11"},{"seq":"48","sqcand":"140001158452","n":"25666","nm":"PROF. GUILHERME COBEL","cc":"DEM","nv":" ","e":"n","st":"Suplente","dvt":"V\u00e1lido","vap":"138","pvap":"   0,65"},{"seq":"29","sqcand":"140001014280","n":"20000","nm":"PROFESSOR ARLINDO CALANDRINI","cc":"PSC","nv":" ","e":"n","st":"Suplente","dvt":"V\u00e1lido","vap":"253","pvap":"   1,19"},{"seq":"136","sqcand":"140000976373","n":"51070","nm":"SOPHIA ALICE","cc":"PATRIOTA","nv":" ","e":"n","st":"N\u00e3o eleito","dvt":"V\u00e1lido","vap":"17","pvap":"   0,08"},{"seq":"63","sqcand":"140001157497","n":"22015","nm":"ARACY DA PESCA","cc":"PL","nv":" ","e":"n","st":"Suplente","dvt":"V\u00e1lido","vap":"82","pvap":"   0,39"},{"seq":"6","sqcand":"140001014661","n":"10222","nm":"CHICO DRAGO","cc":"REPUBLICANOS","nv":" ","e":"s","st":"Eleito","dvt":"V\u00e1lido","vap":"542","pvap":"   2,56"},{"seq":"101","sqcand":"140001158446","n":"25233","nm":"PROFESSOR MIGUEL COELHO","cc":"DEM","nv":" ","e":"n","st":"Suplente","dvt":"V\u00e1lido","vap":"23","pvap":"   0,11"},{"seq":"19","sqcand":"140001014660","n":"10713","nm":"DIVAN","cc":"REPUBLICANOS","nv":" ","e":"n","st":"Suplente","dvt":"V\u00e1lido","vap":"315","pvap":"   1,49"},{"seq":"75","sqcand":"140001011890","n":"40333","nm":"RAQUEL MOTA","cc":"PSB","nv":" ","e":"n","st":"Suplente","dvt":"V\u00e1lido","vap":"58","pvap":"   0,27"},{"seq":"52","sqcand":"140001137442","n":"15015","nm":"LUIDY GUIMAR\u00c3ES","cc":"MDB","nv":" ","e":"n","st":"Suplente","dvt":"V\u00e1lido","vap":"113","pvap":"   0,53"},{"seq":"145","sqcand":"140001159966","n":"19444","nm":"FRANCISCO GOMES","cc":"PODE","nv":" ","e":"n","st":"N\u00e3o eleito","dvt":"V\u00e1lido","vap":"1","pvap":"   0,00"},{"seq":"36","sqcand":"140001014669","n":"10102","nm":"ROCK BARBOSA","cc":"REPUBLICANOS","nv":" ","e":"n","st":"Suplente","dvt":"V\u00e1lido","vap":"179","pvap":"   0,84"},{"seq":"117","sqcand":"140001011887","n":"40789","nm":"GIOVANI NUNES","cc":"PSB","nv":" ","e":"n","st":"Suplente","dvt":"V\u00e1lido","vap":"0","pvap":"00.00"},{"seq":"81","sqcand":"140001159861","n":"70001","nm":"ZE RODRIGUES","cc":"AVANTE","nv":" ","e":"n","st":"Suplente","dvt":"V\u00e1lido","vap":"48","pvap":"   0,23"},{"seq":"120","sqcand":"140001002324","n":"13220","nm":"IOLA","cc":"PT","nv":" ","e":"n","st":"N\u00e3o eleito","dvt":"V\u00e1lido","vap":"146","pvap":"   0,69"},{"seq":"139","sqcand":"140001266548","n":"51051","nm":"VALTER LOUR\u00c3O","cc":"PATRIOTA","nv":" ","e":"n","st":"N\u00e3o eleito","dvt":"V\u00e1lido","vap":"7","pvap":"   0,03"},{"seq":"122","sqcand":"140001159958","n":"19333","nm":"RUI COSTA","cc":"PODE","nv":" ","e":"n","st":"N\u00e3o eleito","dvt":"V\u00e1lido","vap":"91","pvap":"   0,43"},{"seq":"65","sqcand":"140001014285","n":"20200","nm":"SORAYA","cc":"PSC","nv":" ","e":"n","st":"Suplente","dvt":"V\u00e1lido","vap":"79","pvap":"   0,37"},{"seq":"96","sqcand":"140001137441","n":"15123","nm":"BRUNO FARIAS","cc":"MDB","nv":" ","e":"n","st":"Suplente","dvt":"V\u00e1lido","vap":"29","pvap":"   0,14"},{"seq":"127","sqcand":"140001159970","n":"19200","nm":"ELIZANGELA NASCIMENTO","cc":"PODE","nv":" ","e":"n","st":"N\u00e3o eleito","dvt":"V\u00e1lido","vap":"34","pvap":"   0,16"},{"seq":"33","sqcand":"140001157499","n":"22000","nm":"KEWIN DA ASSIST\u00caNCIA SOCIAL","cc":"PL","nv":" ","e":"n","st":"Suplente","dvt":"V\u00e1lido","vap":"207","pvap":"   0,98"},{"seq":"15","sqcand":"140001010045","n":"55123","nm":"HEIDER NUNES","cc":"PSD","nv":" ","e":"n","st":"Suplente","dvt":"V\u00e1lido","vap":"391","pvap":"   1,84"}]}
