{"ele":"426","tpabr":"mu","cdabr":"05010","carper":"13","t":"1","f":"o","dt":"15/11/2020","ht":"22:22:05","dv":"s","tf":"s","v":"13","esae":"n","mnae":"","s":"156","st":"156","pst":" 100,00","snt":"0","psnt":"   0,00","si":"156","psi":" 100,00","sni":"0","psni":"   0,00","sa":"156","psa":" 100,00","sna":"0","psna":"   0,00","e":"36094","ea":"36094","pea":" 100,00","ena":"0","pena":"   0,00","esi":"36094","pesi":" 100,00","esni":"0","pesni":"   0,00","c":"28103","pc":"  77,86","a":"7991","pa":"  22,14","vscv":"0","vnom":"25553","vl":"1529","pvnom":"  94,35","pvl":"   5,65","vvc":"27082","pvvc":"  96,37","vb":"387","pvb":"   1,37","tvn":"634","ptvn":"   2,26","vn":"634","pvn":" 100,00","vnt":"0","pvnt":"   0,00","vp":"0","pvp":"   0,00","vv":"27082","pvv":" 100,00","van":"0","pvan":"   0,00","vansj":"0","pvansj":"   0,00","tv":"28103","cand":[{"seq":"98","sqcand":"140001014002","n":"65800","nm":"ROSA PAVOR\u00d4","cc":"PC do B","nv":" ","e":"n","st":"N\u00e3o eleito","dvt":"V\u00e1lido","vap":"95","pvap":"   0,35"},{"seq":"122","sqcand":"140000892898","n":"10899","nm":"CARNEIRO","cc":"REPUBLICANOS","nv":" ","e":"n","st":"N\u00e3o eleito","dvt":"V\u00e1lido","vap":"8","pvap":"   0,03"},{"seq":"90","sqcand":"140000781254","n":"33333","nm":"EMERSON CANTO","cc":"PMN","nv":" ","e":"n","st":"N\u00e3o eleito","dvt":"V\u00e1lido","vap":"1059","pvap":"   3,91"},{"seq":"128","sqcand":"140001232966","n":"70204","nm":"TAYARA MAROLY","cc":"AVANTE","nv":" ","e":"n","st":"N\u00e3o eleito","dvt":"V\u00e1lido","vap":"1","pvap":"   0,00"},{"seq":"82","sqcand":"140000974733","n":"19112","nm":"NELY SAMPAIO","cc":"PODE","nv":" ","e":"n","st":"Suplente","dvt":"V\u00e1lido","vap":"16","pvap":"   0,06"},{"seq":"13","sqcand":"140000974735","n":"19555","nm":"NAEL VASCONCELOS","cc":"PODE","nv":" ","e":"s","st":"Eleito","dvt":"V\u00e1lido","vap":"374","pvap":"   1,38"},{"seq":"32","sqcand":"140000892383","n":"15800","nm":"FLEIMAR CASTRO","cc":"MDB","nv":" ","e":"n","st":"Suplente","dvt":"V\u00e1lido","vap":"255","pvap":"   0,94"},{"seq":"92","sqcand":"140000974509","n":"13500","nm":"CELIO DO SINDICATO","cc":"PT","nv":" ","e":"n","st":"N\u00e3o eleito","dvt":"V\u00e1lido","vap":"330","pvap":"   1,22"},{"seq":"111","sqcand":"140000892893","n":"10010","nm":"JERRISON PANTOJA","cc":"REPUBLICANOS","nv":" ","e":"n","st":"N\u00e3o eleito","dvt":"V\u00e1lido","vap":"34","pvap":"   0,13"},{"seq":"87","sqcand":"140001145536","n":"45234","nm":"ROJER\u00c3O DO PERPETUO","cc":"PSDB","nv":" ","e":"n","st":"Suplente","dvt":"V\u00e1lido","vap":"3","pvap":"   0,01"},{"seq":"103","sqcand":"140000974511","n":"13300","nm":"MANOEL","cc":"PT","nv":" ","e":"n","st":"N\u00e3o eleito","dvt":"V\u00e1lido","vap":"59","pvap":"   0,22"},{"seq":"80","sqcand":"140001145527","n":"45666","nm":"LUIS GONZAGA","cc":"PSDB","nv":" ","e":"n","st":"Suplente","dvt":"V\u00e1lido","vap":"17","pvap":"   0,06"},{"seq":"8","sqcand":"140000892374","n":"15789","nm":"CARLINHO GUIMAR\u00c3ES","cc":"MDB","nv":" ","e":"s","st":"Eleito","dvt":"V\u00e1lido","vap":"601","pvap":"   2,22"},{"seq":"75","sqcand":"140001145535","n":"45456","nm":"ROSA HELEN CARDOSO","cc":"PSDB","nv":" ","e":"n","st":"Suplente","dvt":"V\u00e1lido","vap":"29","pvap":"   0,11"},{"seq":"125","sqcand":"140001014003","n":"65999","nm":"MARA","cc":"PC do B","nv":" ","e":"n","st":"N\u00e3o eleito","dvt":"V\u00e1lido","vap":"4","pvap":"   0,01"},{"seq":"16","sqcand":"140001146470","n":"20222","nm":"KEDSON DAS MAQUINAS","cc":"PSC","nv":" ","e":"n","st":"Suplente","dvt":"V\u00e1lido","vap":"525","pvap":"   1,94"},{"seq":"63","sqcand":"140000892224","n":"55111","nm":"MARCOS CLEY","cc":"PSD","nv":" ","e":"n","st":"Suplente","dvt":"V\u00e1lido","vap":"51","pvap":"   0,19"},{"seq":"102","sqcand":"140001232965","n":"70123","nm":"IN\u00caS FERREIRA","cc":"AVANTE","nv":" ","e":"n","st":"N\u00e3o eleito","dvt":"V\u00e1lido","vap":"60","pvap":"   0,22"},{"seq":"60","sqcand":"140000892223","n":"55024","nm":"JAIMINHO FREITAS","cc":"PSD","nv":" ","e":"n","st":"Suplente","dvt":"V\u00e1lido","vap":"61","pvap":"   0,23"},{"seq":"26","sqcand":"140000892368","n":"15111","nm":"JAMERSON AMARAL","cc":"MDB","nv":" ","e":"n","st":"Suplente","dvt":"V\u00e1lido","vap":"344","pvap":"   1,27"},{"seq":"9","sqcand":"140001262511","n":"55123","nm":"MARCOS MARINHO","cc":"PSD","nv":" ","e":"s","st":"Eleito","dvt":"V\u00e1lido","vap":"500","pvap":"   1,85"},{"seq":"43","sqcand":"140000892369","n":"15015","nm":"NILDON GARCIA","cc":"MDB","nv":" ","e":"n","st":"Suplente","dvt":"V\u00e1lido","vap":"138","pvap":"   0,51"},{"seq":"74","sqcand":"140001145537","n":"45777","nm":"NILDINHO","cc":"PSDB","nv":" ","e":"n","st":"Suplente","dvt":"V\u00e1lido","vap":"29","pvap":"   0,11"},{"seq":"1","sqcand":"140000975611","n":"22999","nm":"JALICO AQUINO","cc":"PL","nv":" ","e":"s","st":"Eleito","dvt":"V\u00e1lido","vap":"1855","pvap":"   6,85"},{"seq":"59","sqcand":"140000892371","n":"15215","nm":"REGINA FIGUEIRA","cc":"MDB","nv":" ","e":"n","st":"Suplente","dvt":"V\u00e1lido","vap":"63","pvap":"   0,23"},{"seq":"25","sqcand":"140000892221","n":"55555","nm":"PROF CARLOS VIEIRA","cc":"PSD","nv":" ","e":"n","st":"Suplente","dvt":"V\u00e1lido","vap":"348","pvap":"   1,28"},{"seq":"10","sqcand":"140000975609","n":"22345","nm":"CHICO BARBADO","cc":"PL","nv":" ","e":"s","st":"Eleito","dvt":"V\u00e1lido","vap":"483","pvap":"   1,78"},{"seq":"27","sqcand":"140000892377","n":"15630","nm":"TIA R\u00d4","cc":"MDB","nv":" ","e":"n","st":"Suplente","dvt":"V\u00e1lido","vap":"321","pvap":"   1,19"},{"seq":"83","sqcand":"140000974746","n":"19777","nm":"FAROFA","cc":"PODE","nv":" ","e":"n","st":"Suplente","dvt":"V\u00e1lido","vap":"15","pvap":"   0,06"},{"seq":"130","sqcand":"140001013995","n":"65600","nm":"ELYANE BORGES","cc":"PC do B","nv":" ","e":"n","st":"N\u00e3o eleito","dvt":"V\u00e1lido","vap":"0","pvap":"00.00"},{"seq":"33","sqcand":"140000892370","n":"15150","nm":"PASTOR DINHO","cc":"MDB","nv":" ","e":"n","st":"Suplente","dvt":"V\u00e1lido","vap":"247","pvap":"   0,91"},{"seq":"4","sqcand":"140001146474","n":"20500","nm":"IRM\u00c3O NEG\u00c3O","cc":"PSC","nv":" ","e":"s","st":"Eleito","dvt":"V\u00e1lido","vap":"759","pvap":"   2,80"},{"seq":"97","sqcand":"140000892903","n":"10234","nm":"CLARA HELENA","cc":"REPUBLICANOS","nv":" ","e":"n","st":"N\u00e3o eleito","dvt":"V\u00e1lido","vap":"97","pvap":"   0,36"},{"seq":"22","sqcand":"140000975612","n":"22022","nm":"LUCINHA PARAENSE","cc":"PL","nv":" ","e":"n","st":"Suplente","dvt":"V\u00e1lido","vap":"392","pvap":"   1,45"},{"seq":"41","sqcand":"140000892232","n":"55777","nm":"JOTHA R. GUIMAR\u00c3ES","cc":"PSD","nv":" ","e":"n","st":"Suplente","dvt":"V\u00e1lido","vap":"156","pvap":"   0,58"},{"seq":"14","sqcand":"140001145531","n":"45678","nm":"PRETO SOUZA","cc":"PSDB","nv":" ","e":"n","st":"Suplente","dvt":"V\u00e1lido","vap":"530","pvap":"   1,96"},{"seq":"62","sqcand":"140000892372","n":"15377","nm":"CARINA SILVA","cc":"MDB","nv":" ","e":"n","st":"Suplente","dvt":"V\u00e1lido","vap":"54","pvap":"   0,20"},{"seq":"35","sqcand":"140001146476","n":"20789","nm":"CONCILIA ROCHA","cc":"PSC","nv":" ","e":"n","st":"Suplente","dvt":"V\u00e1lido","vap":"198","pvap":"   0,73"},{"seq":"57","sqcand":"140000892226","n":"55300","nm":"PROF. JEANNE ARAUJO","cc":"PSD","nv":" ","e":"n","st":"Suplente","dvt":"V\u00e1lido","vap":"80","pvap":"   0,30"},{"seq":"77","sqcand":"140001145538","n":"45555","nm":"MARLISON LIMA","cc":"PSDB","nv":" ","e":"n","st":"Suplente","dvt":"V\u00e1lido","vap":"24","pvap":"   0,09"},{"seq":"91","sqcand":"140001013999","n":"65123","nm":"EDINHO DO IZALTINO","cc":"PC do B","nv":" ","e":"n","st":"N\u00e3o eleito","dvt":"V\u00e1lido","vap":"381","pvap":"   1,41"},{"seq":"17","sqcand":"140001146483","n":"20123","nm":"VALDECY MILAGRE","cc":"PSC","nv":" ","e":"n","st":"Suplente","dvt":"V\u00e1lido","vap":"521","pvap":"   1,92"},{"seq":"85","sqcand":"140001146484","n":"20003","nm":"DANIELA MORAES","cc":"PSC","nv":" ","e":"n","st":"Suplente","dvt":"V\u00e1lido","vap":"10","pvap":"   0,04"},{"seq":"6","sqcand":"140000975615","n":"22123","nm":"RUBINHO SOUZA","cc":"PL","nv":" ","e":"s","st":"Eleito","dvt":"V\u00e1lido","vap":"710","pvap":"   2,62"},{"seq":"53","sqcand":"140000974730","n":"19015","nm":"LETE NUNES","cc":"PODE","nv":" ","e":"n","st":"Suplente","dvt":"V\u00e1lido","vap":"100","pvap":"   0,37"},{"seq":"7","sqcand":"140001145525","n":"45123","nm":"ISAMARC SOARES","cc":"PSDB","nv":" ","e":"s","st":"Eleito","dvt":"V\u00e1lido","vap":"637","pvap":"   2,35"},{"seq":"15","sqcand":"140001146471","n":"20111","nm":"OBENOR SOUZA","cc":"PSC","nv":" ","e":"n","st":"Suplente","dvt":"V\u00e1lido","vap":"528","pvap":"   1,95"},{"seq":"108","sqcand":"140001014000","n":"65111","nm":"CHEIRO","cc":"PC do B","nv":" ","e":"n","st":"N\u00e3o eleito","dvt":"V\u00e1lido","vap":"47","pvap":"   0,17"},{"seq":"40","sqcand":"140000892222","n":"55133","nm":"PROF. JAINE LEILA","cc":"PSD","nv":" ","e":"n","st":"Suplente","dvt":"V\u00e1lido","vap":"156","pvap":"   0,58"},{"seq":"37","sqcand":"140000892382","n":"15131","nm":"EDIVALDO REPOLHO","cc":"MDB","nv":" ","e":"n","st":"Suplente","dvt":"V\u00e1lido","vap":"181","pvap":"   0,67"},{"seq":"121","sqcand":"140001232961","n":"70028","nm":"MATHEUS  GALUCIO","cc":"AVANTE","nv":" ","e":"n","st":"N\u00e3o eleito","dvt":"V\u00e1lido","vap":"8","pvap":"   0,03"},{"seq":"126","sqcand":"140001013998","n":"65124","nm":"BENTES","cc":"PC do B","nv":" ","e":"n","st":"N\u00e3o eleito","dvt":"V\u00e1lido","vap":"3","pvap":"   0,01"},{"seq":"45","sqcand":"140000974745","n":"19190","nm":"PAULO TEXEBA","cc":"PODE","nv":" ","e":"n","st":"Suplente","dvt":"V\u00e1lido","vap":"125","pvap":"   0,46"},{"seq":"46","sqcand":"140001145528","n":"45789","nm":"CLEISE SARRAZIN","cc":"PSDB","nv":" ","e":"n","st":"Suplente","dvt":"V\u00e1lido","vap":"124","pvap":"   0,46"},{"seq":"11","sqcand":"140000892373","n":"15555","nm":"MARIO DO MINGOTE","cc":"MDB","nv":" ","e":"s","st":"Eleito","dvt":"V\u00e1lido","vap":"468","pvap":"   1,73"},{"seq":"52","sqcand":"140001145534","n":"45111","nm":"NALDO DO LULU","cc":"PSDB","nv":" ","e":"n","st":"Suplente","dvt":"V\u00e1lido","vap":"103","pvap":"   0,38"},{"seq":"113","sqcand":"140001013996","n":"65000","nm":"MI\u00daDO","cc":"PC do B","nv":" ","e":"n","st":"N\u00e3o eleito","dvt":"V\u00e1lido","vap":"28","pvap":"   0,10"},{"seq":"96","sqcand":"140001014004","n":"65100","nm":"IRAILDES MESQUITA","cc":"PC do B","nv":" ","e":"n","st":"N\u00e3o eleito","dvt":"V\u00e1lido","vap":"102","pvap":"   0,38"},{"seq":"48","sqcand":"140000892225","n":"55016","nm":"ZEZA QUEIROZ","cc":"PSD","nv":" ","e":"n","st":"Suplente","dvt":"V\u00e1lido","vap":"121","pvap":"   0,45"},{"seq":"106","sqcand":"140000892891","n":"10045","nm":"ANDR\u00c9 ANDRADE","cc":"REPUBLICANOS","nv":" ","e":"n","st":"N\u00e3o eleito","dvt":"V\u00e1lido","vap":"52","pvap":"   0,19"},{"seq":"64","sqcand":"140000974744","n":"19003","nm":"ALDENORA BRITO","cc":"PODE","nv":" ","e":"n","st":"Suplente","dvt":"V\u00e1lido","vap":"48","pvap":"   0,18"},{"seq":"112","sqcand":"140001013997","n":"65500","nm":"NEGUINHO DO CRUZEIR\u00c3O","cc":"PC do B","nv":" ","e":"n","st":"N\u00e3o eleito","dvt":"V\u00e1lido","vap":"30","pvap":"   0,11"},{"seq":"50","sqcand":"140000892385","n":"15678","nm":"JOAQUIM ALVES","cc":"MDB","nv":" ","e":"n","st":"Suplente","dvt":"V\u00e1lido","vap":"108","pvap":"   0,40"},{"seq":"110","sqcand":"140000974510","n":"13400","nm":"ARIANE LOBATO","cc":"PT","nv":" ","e":"n","st":"N\u00e3o eleito","dvt":"V\u00e1lido","vap":"37","pvap":"   0,14"},{"seq":"116","sqcand":"140001014006","n":"65300","nm":"CARLOS SOUSA","cc":"PC do B","nv":" ","e":"n","st":"N\u00e3o eleito","dvt":"V\u00e1lido","vap":"18","pvap":"   0,07"},{"seq":"42","sqcand":"140000892380","n":"15222","nm":"PROFESSOR ANANIAS BRAGA","cc":"MDB","nv":" ","e":"n","st":"Suplente","dvt":"V\u00e1lido","vap":"150","pvap":"   0,55"},{"seq":"78","sqcand":"140001145532","n":"45999","nm":"ZULEIDE","cc":"PSDB","nv":" ","e":"n","st":"Suplente","dvt":"V\u00e1lido","vap":"23","pvap":"   0,08"},{"seq":"54","sqcand":"140000974737","n":"19051","nm":"KAREM SANTOS","cc":"PODE","nv":" ","e":"n","st":"Suplente","dvt":"V\u00e1lido","vap":"100","pvap":"   0,37"},{"seq":"120","sqcand":"140000892896","n":"10022","nm":"HILBERTINO DINIZ","cc":"REPUBLICANOS","nv":" ","e":"n","st":"N\u00e3o eleito","dvt":"V\u00e1lido","vap":"12","pvap":"   0,04"},{"seq":"34","sqcand":"140001146482","n":"20004","nm":"BETINHO","cc":"PSC","nv":" ","e":"n","st":"Suplente","dvt":"V\u00e1lido","vap":"217","pvap":"   0,80"},{"seq":"56","sqcand":"140000892381","n":"15333","nm":"KARINA SIQUEIRA","cc":"MDB","nv":" ","e":"n","st":"Suplente","dvt":"V\u00e1lido","vap":"81","pvap":"   0,30"},{"seq":"68","sqcand":"140000974731","n":"19123","nm":"PROF AGEU AGEUZINHO","cc":"PODE","nv":" ","e":"n","st":"Suplente","dvt":"V\u00e1lido","vap":"33","pvap":"   0,12"},{"seq":"104","sqcand":"140000892901","n":"10456","nm":"PEDRO FARIAS","cc":"REPUBLICANOS","nv":" ","e":"n","st":"N\u00e3o eleito","dvt":"V\u00e1lido","vap":"53","pvap":"   0,20"},{"seq":"115","sqcand":"140001014001","n":"65007","nm":"SABI\u00c1 DO PAR\u00c1","cc":"PC do B","nv":" ","e":"n","st":"N\u00e3o eleito","dvt":"V\u00e1lido","vap":"22","pvap":"   0,08"},{"seq":"129","sqcand":"140001232962","n":"70250","nm":"FIRMINO JUNIOR","cc":"AVANTE","nv":" ","e":"n","st":"N\u00e3o eleito","dvt":"V\u00e1lido","vap":"1","pvap":"   0,00"},{"seq":"38","sqcand":"140001145530","n":"45222","nm":"IDAIANE CRUZ","cc":"PSDB","nv":" ","e":"n","st":"Suplente","dvt":"V\u00e1lido","vap":"174","pvap":"   0,64"},{"seq":"58","sqcand":"140000974739","n":"19222","nm":"NONATO OLIVEIRA","cc":"PODE","nv":" ","e":"n","st":"Suplente","dvt":"V\u00e1lido","vap":"79","pvap":"   0,29"},{"seq":"101","sqcand":"140001232963","n":"70170","nm":"SAM SILVA","cc":"AVANTE","nv":" ","e":"n","st":"N\u00e3o eleito","dvt":"V\u00e1lido","vap":"62","pvap":"   0,23"},{"seq":"118","sqcand":"140000781251","n":"33777","nm":"MARA VIANA","cc":"PMN","nv":" ","e":"n","st":"N\u00e3o eleito","dvt":"V\u00e1lido","vap":"18","pvap":"   0,07"},{"seq":"79","sqcand":"140001145529","n":"45888","nm":"NEI CABE\u00c7A","cc":"PSDB","nv":" ","e":"n","st":"Suplente","dvt":"V\u00e1lido","vap":"19","pvap":"   0,07"},{"seq":"23","sqcand":"140000892366","n":"15607","nm":"PROFESSORA B\u00c1RBARA AQUINO","cc":"MDB","nv":" ","e":"n","st":"Suplente","dvt":"V\u00e1lido","vap":"366","pvap":"   1,35"},{"seq":"81","sqcand":"140001145533","n":"45333","nm":"RICARDO FRANCO","cc":"PSDB","nv":" ","e":"n","st":"Suplente","dvt":"V\u00e1lido","vap":"17","pvap":"   0,06"},{"seq":"114","sqcand":"140000892894","n":"10345","nm":"KALEBE SOUSA","cc":"REPUBLICANOS","nv":" ","e":"n","st":"N\u00e3o eleito","dvt":"V\u00e1lido","vap":"24","pvap":"   0,09"},{"seq":"109","sqcand":"140001014005","n":"65777","nm":"ERIVAM CARDOSO","cc":"PC do B","nv":" ","e":"n","st":"N\u00e3o eleito","dvt":"V\u00e1lido","vap":"41","pvap":"   0,15"},{"seq":"105","sqcand":"140001232960","n":"70045","nm":"PROF ISABEL BARROS","cc":"AVANTE","nv":" ","e":"n","st":"N\u00e3o eleito","dvt":"V\u00e1lido","vap":"52","pvap":"   0,19"},{"seq":"117","sqcand":"140000781253","n":"33123","nm":"MERIAN SEIXAS","cc":"PMN","nv":" ","e":"n","st":"N\u00e3o eleito","dvt":"V\u00e1lido","vap":"18","pvap":"   0,07"},{"seq":"3","sqcand":"140001146479","n":"20555","nm":"ERNEISSON AQUINO","cc":"PSC","nv":" ","e":"s","st":"Eleito","dvt":"V\u00e1lido","vap":"903","pvap":"   3,33"},{"seq":"73","sqcand":"140000974732","n":"19352","nm":"AD BARROS","cc":"PODE","nv":" ","e":"n","st":"Suplente","dvt":"V\u00e1lido","vap":"30","pvap":"   0,11"},{"seq":"72","sqcand":"140000974743","n":"19333","nm":"ANT\u00d4NIO CARLOS","cc":"PODE","nv":" ","e":"n","st":"Suplente","dvt":"V\u00e1lido","vap":"32","pvap":"   0,12"},{"seq":"131","sqcand":"140001273782","n":"45045","nm":"RAQUEL NASCIMENTO","cc":"PSDB","nv":" ","e":"n","st":"N\u00e3o eleito","dvt":"Anulado sub judice","vap":"0","pvap":"00.00"},{"seq":"127","sqcand":"140001232964","n":"70070","nm":"DANY CRUZ","cc":"AVANTE","nv":" ","e":"n","st":"N\u00e3o eleito","dvt":"V\u00e1lido","vap":"2","pvap":"   0,01"},{"seq":"29","sqcand":"140000892375","n":"15500","nm":"CAF\u00c9","cc":"MDB","nv":" ","e":"n","st":"Suplente","dvt":"V\u00e1lido","vap":"287","pvap":"   1,06"},{"seq":"36","sqcand":"140001146472","n":"20777","nm":"EVILAZIO PEREIRA","cc":"PSC","nv":" ","e":"n","st":"Suplente","dvt":"V\u00e1lido","vap":"187","pvap":"   0,69"},{"seq":"67","sqcand":"140001146481","n":"20001","nm":"CARLOS BARROS","cc":"PSC","nv":" ","e":"n","st":"Suplente","dvt":"V\u00e1lido","vap":"36","pvap":"   0,13"},{"seq":"39","sqcand":"140000974740","n":"19000","nm":"JP CASTRO","cc":"PODE","nv":" ","e":"n","st":"Suplente","dvt":"V\u00e1lido","vap":"157","pvap":"   0,58"},{"seq":"18","sqcand":"140000975614","n":"22000","nm":"SARGENTO ROCHA","cc":"PL","nv":" ","e":"n","st":"Suplente","dvt":"V\u00e1lido","vap":"425","pvap":"   1,57"},{"seq":"61","sqcand":"140000975616","n":"22133","nm":"BEATRIZ  ARAUJO","cc":"PL","nv":" ","e":"n","st":"Suplente","dvt":"V\u00e1lido","vap":"56","pvap":"   0,21"},{"seq":"89","sqcand":"140001146475","n":"20999","nm":"LIA RAQUEL","cc":"PSC","nv":" ","e":"n","st":"Suplente","dvt":"V\u00e1lido","vap":"1","pvap":"   0,00"},{"seq":"5","sqcand":"140000892234","n":"55500","nm":"ROBSON SOUSA","cc":"PSD","nv":" ","e":"s","st":"Eleito","dvt":"V\u00e1lido","vap":"730","pvap":"   2,70"},{"seq":"47","sqcand":"140001146473","n":"20020","nm":"ELISANGELA CARVALHO","cc":"PSC","nv":" ","e":"n","st":"Suplente","dvt":"V\u00e1lido","vap":"122","pvap":"   0,45"},{"seq":"66","sqcand":"140000974734","n":"19999","nm":"GISELLE KELLEN","cc":"PODE","nv":" ","e":"n","st":"Suplente","dvt":"V\u00e1lido","vap":"47","pvap":"   0,17"},{"seq":"94","sqcand":"140000892902","n":"10123","nm":"WANDA RODRIGUES","cc":"REPUBLICANOS","nv":" ","e":"n","st":"N\u00e3o eleito","dvt":"V\u00e1lido","vap":"216","pvap":"   0,80"},{"seq":"20","sqcand":"140000892367","n":"15123","nm":"VALDO AMORIM","cc":"MDB","nv":" ","e":"n","st":"Suplente","dvt":"V\u00e1lido","vap":"401","pvap":"   1,48"},{"seq":"123","sqcand":"140000892900","n":"10678","nm":"PROFESSOR ELI\u00c9ZIO","cc":"REPUBLICANOS","nv":" ","e":"n","st":"N\u00e3o eleito","dvt":"V\u00e1lido","vap":"8","pvap":"   0,03"},{"seq":"21","sqcand":"140000975613","n":"22222","nm":"PROFESSOR EDIVAN VIEIRA","cc":"PL","nv":" ","e":"n","st":"Suplente","dvt":"V\u00e1lido","vap":"396","pvap":"   1,46"},{"seq":"65","sqcand":"140001146478","n":"20002","nm":"ZIMAR DE PADUA","cc":"PSC","nv":" ","e":"n","st":"Suplente","dvt":"V\u00e1lido","vap":"47","pvap":"   0,17"},{"seq":"55","sqcand":"140000974738","n":"19011","nm":"\u00c1LVARO DO CURUMU","cc":"PODE","nv":" ","e":"n","st":"Suplente","dvt":"V\u00e1lido","vap":"88","pvap":"   0,32"},{"seq":"95","sqcand":"140000781252","n":"33500","nm":"PROFESSOR EDSON DE P\u00c1DUA","cc":"PMN","nv":" ","e":"n","st":"N\u00e3o eleito","dvt":"V\u00e1lido","vap":"206","pvap":"   0,76"},{"seq":"119","sqcand":"140000892899","n":"10147","nm":"DORA","cc":"REPUBLICANOS","nv":" ","e":"n","st":"N\u00e3o eleito","dvt":"V\u00e1lido","vap":"13","pvap":"   0,05"},{"seq":"88","sqcand":"140000892233","n":"55800","nm":"PASTORA PATR\u00cdCIA","cc":"PSD","nv":" ","e":"n","st":"Suplente","dvt":"V\u00e1lido","vap":"2","pvap":"   0,01"},{"seq":"70","sqcand":"140000892376","n":"15236","nm":"NETH COSTA","cc":"MDB","nv":" ","e":"n","st":"Suplente","dvt":"V\u00e1lido","vap":"32","pvap":"   0,12"},{"seq":"51","sqcand":"140000892228","n":"55333","nm":"BICUDO","cc":"PSD","nv":" ","e":"n","st":"Suplente","dvt":"V\u00e1lido","vap":"107","pvap":"   0,40"},{"seq":"24","sqcand":"140000892378","n":"15777","nm":"BICO DE PATO","cc":"MDB","nv":" ","e":"n","st":"Suplente","dvt":"V\u00e1lido","vap":"355","pvap":"   1,31"},{"seq":"12","sqcand":"140000892379","n":"15567","nm":"AGOSTINHO DO CURUMU","cc":"MDB","nv":" ","e":"s","st":"Eleito","dvt":"V\u00e1lido","vap":"421","pvap":"   1,55"},{"seq":"19","sqcand":"140000892227","n":"55100","nm":"PROFESSOR DINANCI","cc":"PSD","nv":" ","e":"n","st":"Suplente","dvt":"V\u00e1lido","vap":"415","pvap":"   1,53"},{"seq":"44","sqcand":"140000892231","n":"55222","nm":"PROFESSORA GESSILDA","cc":"PSD","nv":" ","e":"n","st":"Suplente","dvt":"V\u00e1lido","vap":"137","pvap":"   0,51"},{"seq":"93","sqcand":"140000892892","n":"10789","nm":"PROFESSORA CARMINHA","cc":"REPUBLICANOS","nv":" ","e":"n","st":"N\u00e3o eleito","dvt":"V\u00e1lido","vap":"311","pvap":"   1,15"},{"seq":"71","sqcand":"140000974742","n":"19013","nm":"RAIMUNDO ROCHA","cc":"PODE","nv":" ","e":"n","st":"Suplente","dvt":"V\u00e1lido","vap":"32","pvap":"   0,12"},{"seq":"28","sqcand":"140000975610","n":"22321","nm":"IRAMIR FILHO","cc":"PL","nv":" ","e":"n","st":"Suplente","dvt":"V\u00e1lido","vap":"307","pvap":"   1,13"},{"seq":"84","sqcand":"140001146477","n":"20163","nm":"ROSILDO SOARES","cc":"PSC","nv":" ","e":"n","st":"Suplente","dvt":"V\u00e1lido","vap":"11","pvap":"   0,04"},{"seq":"100","sqcand":"140000974508","n":"13123","nm":"ELISANDRA","cc":"PT","nv":" ","e":"n","st":"N\u00e3o eleito","dvt":"V\u00e1lido","vap":"79","pvap":"   0,29"},{"seq":"31","sqcand":"140001263226","n":"22130","nm":"NELMA","cc":"PL","nv":" ","e":"n","st":"Suplente","dvt":"V\u00e1lido","vap":"258","pvap":"   0,95"},{"seq":"107","sqcand":"140000892897","n":"10111","nm":"NEY BARBOSA","cc":"REPUBLICANOS","nv":" ","e":"n","st":"N\u00e3o eleito","dvt":"V\u00e1lido","vap":"51","pvap":"   0,19"},{"seq":"69","sqcand":"140001145524","n":"45233","nm":"DECO LORO","cc":"PSDB","nv":" ","e":"n","st":"Suplente","dvt":"V\u00e1lido","vap":"32","pvap":"   0,12"},{"seq":"76","sqcand":"140000892229","n":"55700","nm":"LENA PINHEIRO","cc":"PSD","nv":" ","e":"n","st":"Suplente","dvt":"V\u00e1lido","vap":"24","pvap":"   0,09"},{"seq":"86","sqcand":"140001146480","n":"20213","nm":"CARMEM LUCIA","cc":"PSC","nv":" ","e":"n","st":"Suplente","dvt":"V\u00e1lido","vap":"9","pvap":"   0,03"},{"seq":"30","sqcand":"140000974736","n":"19007","nm":"PROFESSOR A\u00c7\u00daCAR","cc":"PODE","nv":" ","e":"n","st":"Suplente","dvt":"V\u00e1lido","vap":"261","pvap":"   0,96"},{"seq":"99","sqcand":"140000974507","n":"13100","nm":"UBALDO DUARTE","cc":"PT","nv":" ","e":"n","st":"N\u00e3o eleito","dvt":"V\u00e1lido","vap":"84","pvap":"   0,31"},{"seq":"124","sqcand":"140000892895","n":"10222","nm":"WILSON JORD\u00c3O","cc":"REPUBLICANOS","nv":" ","e":"n","st":"N\u00e3o eleito","dvt":"V\u00e1lido","vap":"5","pvap":"   0,02"},{"seq":"2","sqcand":"140000892230","n":"55678","nm":"RYLDER AFONSO","cc":"PSD","nv":" ","e":"s","st":"Eleito","dvt":"V\u00e1lido","vap":"1698","pvap":"   6,27"},{"seq":"49","sqcand":"140000892384","n":"15444","nm":"EDY DA FARMACIA","cc":"MDB","nv":" ","e":"n","st":"Suplente","dvt":"V\u00e1lido","vap":"109","pvap":"   0,40"}]}
