{"ele":"426","tpabr":"mu","cdabr":"05070","carper":"13","t":"1","f":"o","dt":"15/11/2020","ht":"22:08:16","dv":"s","tf":"s","v":"9","esae":"n","mnae":"","s":"51","st":"51","pst":" 100,00","snt":"0","psnt":"   0,00","si":"51","psi":" 100,00","sni":"0","psni":"   0,00","sa":"51","psa":" 100,00","sna":"0","psna":"   0,00","e":"15721","ea":"15721","pea":" 100,00","ena":"0","pena":"   0,00","esi":"15721","pesi":" 100,00","esni":"0","pesni":"   0,00","c":"12731","pc":"  80,98","a":"2990","pa":"  19,02","vscv":"0","vnom":"11634","vl":"661","pvnom":"  94,62","pvl":"   5,38","vvc":"12295","pvvc":"  96,58","vb":"122","pvb":"   0,95","tvn":"314","ptvn":"   2,47","vn":"314","pvn":" 100,00","vnt":"0","pvnt":"   0,00","vp":"0","pvp":"   0,00","vv":"12295","pvv":" 100,00","van":"0","pvan":"   0,00","vansj":"0","pvansj":"   0,00","tv":"12731","cand":[{"seq":"31","sqcand":"140000999275","n":"40040","nm":"ANTHONY OLIVEIRA","cc":"PSB","nv":" ","e":"n","st":"Suplente","dvt":"V\u00e1lido","vap":"103","pvap":"   0,84"},{"seq":"36","sqcand":"140001000738","n":"20888","nm":"EDINEIA","cc":"PSC","nv":" ","e":"n","st":"Suplente","dvt":"V\u00e1lido","vap":"67","pvap":"   0,54"},{"seq":"6","sqcand":"140001000467","n":"25025","nm":"JUNIOR CEARENSE","cc":"DEM","nv":" ","e":"s","st":"Eleito","dvt":"V\u00e1lido","vap":"489","pvap":"   3,98"},{"seq":"18","sqcand":"140000917236","n":"15123","nm":"DOIS MIL","cc":"MDB","nv":" ","e":"n","st":"Suplente","dvt":"V\u00e1lido","vap":"249","pvap":"   2,03"},{"seq":"17","sqcand":"140000917238","n":"15130","nm":"NALVA","cc":"MDB","nv":" ","e":"n","st":"Suplente","dvt":"V\u00e1lido","vap":"256","pvap":"   2,08"},{"seq":"23","sqcand":"140001000740","n":"20123","nm":"JEFFERSON","cc":"PSC","nv":" ","e":"n","st":"Suplente","dvt":"V\u00e1lido","vap":"163","pvap":"   1,33"},{"seq":"35","sqcand":"140000917239","n":"15150","nm":"VALDEMIR","cc":"MDB","nv":" ","e":"n","st":"Suplente","dvt":"V\u00e1lido","vap":"73","pvap":"   0,59"},{"seq":"69","sqcand":"140001233226","n":"22225","nm":"JOS\u00c9 MARIA","cc":"PL","nv":" ","e":"n","st":"N\u00e3o eleito","dvt":"V\u00e1lido","vap":"27","pvap":"   0,22"},{"seq":"22","sqcand":"140001261501","n":"20100","nm":"JAILSON CUNHA","cc":"PSC","nv":" ","e":"n","st":"Suplente","dvt":"V\u00e1lido","vap":"179","pvap":"   1,46"},{"seq":"19","sqcand":"140000999272","n":"40777","nm":"TARZAN DO ARRAIAL","cc":"PSB","nv":" ","e":"n","st":"Suplente","dvt":"V\u00e1lido","vap":"221","pvap":"   1,80"},{"seq":"7","sqcand":"140001000125","n":"45045","nm":"NALD\u00c3O","cc":"PSDB","nv":" ","e":"s","st":"Eleito","dvt":"V\u00e1lido","vap":"440","pvap":"   3,58"},{"seq":"37","sqcand":"140000917232","n":"15015","nm":"GAGO DA CARRO\u00c7A","cc":"MDB","nv":" ","e":"n","st":"Suplente","dvt":"V\u00e1lido","vap":"65","pvap":"   0,53"},{"seq":"73","sqcand":"140001233224","n":"22333","nm":"JAQUELINE LEMOS","cc":"PL","nv":" ","e":"n","st":"N\u00e3o eleito","dvt":"V\u00e1lido","vap":"21","pvap":"   0,17"},{"seq":"74","sqcand":"140000793238","n":"10987","nm":"KELY","cc":"REPUBLICANOS","nv":" ","e":"n","st":"N\u00e3o eleito","dvt":"V\u00e1lido","vap":"5","pvap":"   0,04"},{"seq":"54","sqcand":"140000785866","n":"13013","nm":"ANDERSON O FOR\u00c9M","cc":"PT","nv":" ","e":"n","st":"Suplente","dvt":"V\u00e1lido","vap":"15","pvap":"   0,12"},{"seq":"53","sqcand":"140001000737","n":"20234","nm":"GALEGO","cc":"PSC","nv":" ","e":"n","st":"Suplente","dvt":"V\u00e1lido","vap":"16","pvap":"   0,13"},{"seq":"43","sqcand":"140001000466","n":"25177","nm":"BIBI","cc":"DEM","nv":" ","e":"n","st":"Suplente","dvt":"V\u00e1lido","vap":"46","pvap":"   0,37"},{"seq":"45","sqcand":"140001000129","n":"45555","nm":"ALINE BRASIL","cc":"PSDB","nv":" ","e":"n","st":"Suplente","dvt":"V\u00e1lido","vap":"42","pvap":"   0,34"},{"seq":"3","sqcand":"140000785867","n":"13444","nm":"Z\u00c9 MARIA DO SINDICATO","cc":"PT","nv":" ","e":"s","st":"Eleito","dvt":"V\u00e1lido","vap":"527","pvap":"   4,29"},{"seq":"29","sqcand":"140000785871","n":"13024","nm":"TH\u00c1LISON ARARA","cc":"PT","nv":" ","e":"n","st":"Suplente","dvt":"V\u00e1lido","vap":"113","pvap":"   0,92"},{"seq":"42","sqcand":"140001000470","n":"25315","nm":"PROFESSORA ANGELICA","cc":"DEM","nv":" ","e":"n","st":"Suplente","dvt":"V\u00e1lido","vap":"47","pvap":"   0,38"},{"seq":"59","sqcand":"140001261498","n":"45633","nm":"GUDUBA","cc":"PSDB","nv":" ","e":"n","st":"Suplente","dvt":"V\u00e1lido","vap":"7","pvap":"   0,06"},{"seq":"49","sqcand":"140000917240","n":"15765","nm":"PAKINHA","cc":"MDB","nv":" ","e":"n","st":"Suplente","dvt":"V\u00e1lido","vap":"23","pvap":"   0,19"},{"seq":"1","sqcand":"140001000468","n":"25555","nm":"ALESSANDRE","cc":"DEM","nv":" ","e":"s","st":"Eleito","dvt":"V\u00e1lido","vap":"656","pvap":"   5,34"},{"seq":"8","sqcand":"140000785872","n":"13000","nm":"EDILSON CARVALHO","cc":"PT","nv":" ","e":"s","st":"Eleito","dvt":"V\u00e1lido","vap":"403","pvap":"   3,28"},{"seq":"20","sqcand":"140000785870","n":"13123","nm":"EDSON COCO","cc":"PT","nv":" ","e":"n","st":"Suplente","dvt":"V\u00e1lido","vap":"219","pvap":"   1,78"},{"seq":"58","sqcand":"140001261497","n":"45025","nm":"DINHO DO PIQUI\u00c1","cc":"PSDB","nv":" ","e":"n","st":"Suplente","dvt":"V\u00e1lido","vap":"8","pvap":"   0,07"},{"seq":"10","sqcand":"140001000471","n":"25255","nm":"BRENO DO BIRIB\u00c1","cc":"DEM","nv":" ","e":"n","st":"Suplente","dvt":"V\u00e1lido","vap":"461","pvap":"   3,75"},{"seq":"51","sqcand":"140000785865","n":"13555","nm":"PAULA DA VIGIL\u00c2NCIA","cc":"PT","nv":" ","e":"n","st":"Suplente","dvt":"V\u00e1lido","vap":"19","pvap":"   0,15"},{"seq":"56","sqcand":"140000999269","n":"40400","nm":"RENATA","cc":"PSB","nv":" ","e":"n","st":"Suplente","dvt":"V\u00e1lido","vap":"14","pvap":"   0,11"},{"seq":"16","sqcand":"140000917234","n":"15000","nm":"PROFESSORA CAROL","cc":"MDB","nv":" ","e":"n","st":"Suplente","dvt":"V\u00e1lido","vap":"269","pvap":"   2,19"},{"seq":"72","sqcand":"140001233220","n":"22123","nm":"JUV\u00caNCIO","cc":"PL","nv":" ","e":"n","st":"N\u00e3o eleito","dvt":"V\u00e1lido","vap":"21","pvap":"   0,17"},{"seq":"64","sqcand":"140001233225","n":"22444","nm":"EDILENE DO ECON\u00d4MICO","cc":"PL","nv":" ","e":"n","st":"N\u00e3o eleito","dvt":"V\u00e1lido","vap":"188","pvap":"   1,53"},{"seq":"11","sqcand":"140000999276","n":"40555","nm":"ALCIMAR BRASIL","cc":"PSB","nv":" ","e":"n","st":"Suplente","dvt":"V\u00e1lido","vap":"445","pvap":"   3,62"},{"seq":"48","sqcand":"140001000127","n":"45130","nm":"EDGAR NETO","cc":"PSDB","nv":" ","e":"n","st":"Suplente","dvt":"V\u00e1lido","vap":"36","pvap":"   0,29"},{"seq":"24","sqcand":"140000785868","n":"13174","nm":"ANTONIA DO ENGENHO","cc":"PT","nv":" ","e":"n","st":"Suplente","dvt":"V\u00e1lido","vap":"160","pvap":"   1,30"},{"seq":"61","sqcand":"140000785874","n":"13272","nm":"PAULA DO TUPINAMB\u00c1","cc":"PT","nv":" ","e":"n","st":"Suplente","dvt":"V\u00e1lido","vap":"5","pvap":"   0,04"},{"seq":"28","sqcand":"140000917233","n":"15198","nm":"ANTONIA DO MONTEVIDEO","cc":"MDB","nv":" ","e":"n","st":"Suplente","dvt":"V\u00e1lido","vap":"123","pvap":"   1,00"},{"seq":"5","sqcand":"140000917237","n":"15111","nm":"MAURO ALENCAR","cc":"MDB","nv":" ","e":"s","st":"Eleito","dvt":"V\u00e1lido","vap":"491","pvap":"   3,99"},{"seq":"40","sqcand":"140001000734","n":"20444","nm":"MARGARETE","cc":"PSC","nv":" ","e":"n","st":"Suplente","dvt":"V\u00e1lido","vap":"56","pvap":"   0,46"},{"seq":"4","sqcand":"140000999267","n":"40123","nm":"COSMO ARAUJO","cc":"PSB","nv":" ","e":"s","st":"Eleito","dvt":"V\u00e1lido","vap":"498","pvap":"   4,05"},{"seq":"13","sqcand":"140001000130","n":"45123","nm":"DEDINHO","cc":"PSDB","nv":" ","e":"n","st":"Suplente","dvt":"V\u00e1lido","vap":"417","pvap":"   3,39"},{"seq":"21","sqcand":"140000785869","n":"13456","nm":"MAURO QUILOMBOLA","cc":"PT","nv":" ","e":"n","st":"Suplente","dvt":"V\u00e1lido","vap":"194","pvap":"   1,58"},{"seq":"34","sqcand":"140000999268","n":"40222","nm":"IRM\u00c3O NILTON","cc":"PSB","nv":" ","e":"n","st":"Suplente","dvt":"V\u00e1lido","vap":"73","pvap":"   0,59"},{"seq":"44","sqcand":"140001000465","n":"25256","nm":"PROFESSORA EVANIR","cc":"DEM","nv":" ","e":"n","st":"Suplente","dvt":"V\u00e1lido","vap":"44","pvap":"   0,36"},{"seq":"68","sqcand":"140001233222","n":"22456","nm":"CAROL DA ESMALTERIA","cc":"PL","nv":" ","e":"n","st":"N\u00e3o eleito","dvt":"V\u00e1lido","vap":"68","pvap":"   0,55"},{"seq":"32","sqcand":"140000999277","n":"40444","nm":"NILDO MOTORISTA","cc":"PSB","nv":" ","e":"n","st":"Suplente","dvt":"V\u00e1lido","vap":"86","pvap":"   0,70"},{"seq":"60","sqcand":"140000999278","n":"40456","nm":"MADALENA","cc":"PSB","nv":" ","e":"n","st":"Suplente","dvt":"V\u00e1lido","vap":"6","pvap":"   0,05"},{"seq":"66","sqcand":"140000793236","n":"10555","nm":"NARDO ROCHA","cc":"REPUBLICANOS","nv":" ","e":"n","st":"N\u00e3o eleito","dvt":"V\u00e1lido","vap":"84","pvap":"   0,68"},{"seq":"9","sqcand":"140001000733","n":"20333","nm":"ZAYRE","cc":"PSC","nv":" ","e":"s","st":"Eleito","dvt":"V\u00e1lido","vap":"339","pvap":"   2,76"},{"seq":"47","sqcand":"140001000124","n":"45129","nm":"ELZI LOPES","cc":"PSDB","nv":" ","e":"n","st":"Suplente","dvt":"V\u00e1lido","vap":"36","pvap":"   0,29"},{"seq":"27","sqcand":"140001261499","n":"45200","nm":"CHIC\u00c3O DO BANCO","cc":"PSDB","nv":" ","e":"n","st":"Suplente","dvt":"V\u00e1lido","vap":"135","pvap":"   1,10"},{"seq":"52","sqcand":"140001000472","n":"25222","nm":"HAGARDENHA","cc":"DEM","nv":" ","e":"n","st":"Suplente","dvt":"V\u00e1lido","vap":"17","pvap":"   0,14"},{"seq":"55","sqcand":"140000785864","n":"13121","nm":"LILIANE DIAS","cc":"PT","nv":" ","e":"n","st":"Suplente","dvt":"V\u00e1lido","vap":"14","pvap":"   0,11"},{"seq":"30","sqcand":"140000999273","n":"40333","nm":"MARCOS DIAS","cc":"PSB","nv":" ","e":"n","st":"Suplente","dvt":"V\u00e1lido","vap":"106","pvap":"   0,86"},{"seq":"26","sqcand":"140000785873","n":"13777","nm":"EDMAR DA SA\u00daDE","cc":"PT","nv":" ","e":"n","st":"Suplente","dvt":"V\u00e1lido","vap":"143","pvap":"   1,16"},{"seq":"67","sqcand":"140000793239","n":"10123","nm":"MAILANE ESPINDULA","cc":"REPUBLICANOS","nv":" ","e":"n","st":"N\u00e3o eleito","dvt":"V\u00e1lido","vap":"70","pvap":"   0,57"},{"seq":"70","sqcand":"140000793237","n":"10333","nm":"SEU LUIZ DO MACHAD\u00c3O","cc":"REPUBLICANOS","nv":" ","e":"n","st":"N\u00e3o eleito","dvt":"V\u00e1lido","vap":"24","pvap":"   0,20"},{"seq":"63","sqcand":"140001233221","n":"22222","nm":"GLAUBER COSTA","cc":"PL","nv":" ","e":"n","st":"N\u00e3o eleito","dvt":"V\u00e1lido","vap":"229","pvap":"   1,86"},{"seq":"41","sqcand":"140001000469","n":"25733","nm":"JEAN LUCAS","cc":"DEM","nv":" ","e":"n","st":"Suplente","dvt":"V\u00e1lido","vap":"48","pvap":"   0,39"},{"seq":"50","sqcand":"140000999271","n":"40045","nm":"CLEO DA SUBESTA\u00c7\u00c3O","cc":"PSB","nv":" ","e":"n","st":"Suplente","dvt":"V\u00e1lido","vap":"20","pvap":"   0,16"},{"seq":"12","sqcand":"140001000126","n":"45678","nm":"EBE POTIGUAR","cc":"PSDB","nv":" ","e":"n","st":"Suplente","dvt":"V\u00e1lido","vap":"430","pvap":"   3,50"},{"seq":"25","sqcand":"140001261500","n":"20000","nm":"PROFESSOR GABRIEL","cc":"PSC","nv":" ","e":"n","st":"Suplente","dvt":"V\u00e1lido","vap":"144","pvap":"   1,17"},{"seq":"15","sqcand":"140000785863","n":"13333","nm":"GLEYBSON NETO","cc":"PT","nv":" ","e":"n","st":"Suplente","dvt":"V\u00e1lido","vap":"317","pvap":"   2,58"},{"seq":"2","sqcand":"140000999270","n":"40000","nm":"DR JACOB","cc":"PSB","nv":" ","e":"s","st":"Eleito","dvt":"V\u00e1lido","vap":"606","pvap":"   4,93"},{"seq":"39","sqcand":"140000917235","n":"15222","nm":"PRAIANO","cc":"MDB","nv":" ","e":"n","st":"Suplente","dvt":"V\u00e1lido","vap":"61","pvap":"   0,50"},{"seq":"46","sqcand":"140001000735","n":"20555","nm":"IRM\u00c3 NILCE","cc":"PSC","nv":" ","e":"n","st":"Suplente","dvt":"V\u00e1lido","vap":"36","pvap":"   0,29"},{"seq":"38","sqcand":"140000999274","n":"40111","nm":"DANIEL DO TRATOR","cc":"PSB","nv":" ","e":"n","st":"Suplente","dvt":"V\u00e1lido","vap":"62","pvap":"   0,50"},{"seq":"33","sqcand":"140001000128","n":"45333","nm":"LEANDRO SILVA","cc":"PSDB","nv":" ","e":"n","st":"Suplente","dvt":"V\u00e1lido","vap":"74","pvap":"   0,60"},{"seq":"14","sqcand":"140001000739","n":"20777","nm":"CELSO DO MANEQUINHA","cc":"PSC","nv":" ","e":"n","st":"Suplente","dvt":"V\u00e1lido","vap":"337","pvap":"   2,74"},{"seq":"57","sqcand":"140001261496","n":"40211","nm":"PERCILIA","cc":"PSB","nv":" ","e":"n","st":"Suplente","dvt":"V\u00e1lido","vap":"9","pvap":"   0,07"},{"seq":"71","sqcand":"140000793235","n":"10111","nm":"COSMO DO GUARAN\u00c1","cc":"REPUBLICANOS","nv":" ","e":"n","st":"N\u00e3o eleito","dvt":"V\u00e1lido","vap":"21","pvap":"   0,17"},{"seq":"65","sqcand":"140001233223","n":"22190","nm":"SARGENTO MOISES","cc":"PL","nv":" ","e":"n","st":"N\u00e3o eleito","dvt":"V\u00e1lido","vap":"118","pvap":"   0,96"},{"seq":"62","sqcand":"140001000736","n":"20222","nm":"BARNAB\u00c9","cc":"PSC","nv":" ","e":"n","st":"Suplente","dvt":"V\u00e1lido","vap":"0","pvap":"00.00"}]}
