{"ele":"426","tpabr":"mu","cdabr":"05096","carper":"13","t":"1","f":"o","dt":"15/11/2020","ht":"22:22:26","dv":"s","tf":"s","v":"13","esae":"n","mnae":"","s":"204","st":"204","pst":" 100,00","snt":"0","psnt":"   0,00","si":"204","psi":" 100,00","sni":"0","psni":"   0,00","sa":"204","psa":" 100,00","sna":"0","psna":"   0,00","e":"70282","ea":"70282","pea":" 100,00","ena":"0","pena":"   0,00","esi":"70282","pesi":" 100,00","esni":"0","pesni":"   0,00","c":"52655","pc":"  74,92","a":"17627","pa":"  25,08","vscv":"0","vnom":"47941","vl":"2513","pvnom":"  95,02","pvl":"   4,98","vvc":"50455","pvvc":"  95,82","vb":"947","pvb":"   1,80","tvn":"1253","ptvn":"   2,38","vn":"1236","pvn":"  98,64","vnt":"17","pvnt":"   1,36","vp":"0","pvp":"   0,00","vv":"50454","pvv":" 100,00","van":"0","pvan":"   0,00","vansj":"1","pvansj":"   0,00","tv":"52655","cand":[{"seq":"197","sqcand":"140001062149","n":"51000","nm":"PROFESSORA CARMEM","cc":"PATRIOTA","nv":" ","e":"n","st":"N\u00e3o eleito","dvt":"V\u00e1lido","vap":"603","pvap":"   1,20"},{"seq":"83","sqcand":"140000972068","n":"70444","nm":"DEUSDETE TAXISTA","cc":"AVANTE","nv":" ","e":"n","st":"Suplente","dvt":"V\u00e1lido","vap":"177","pvap":"   0,35"},{"seq":"141","sqcand":"140000972079","n":"70222","nm":"CIDA ALMEIDA","cc":"AVANTE","nv":" ","e":"n","st":"Suplente","dvt":"V\u00e1lido","vap":"58","pvap":"   0,11"},{"seq":"27","sqcand":"140001035368","n":"40123","nm":"DR RUI","cc":"PSB","nv":" ","e":"n","st":"Suplente","dvt":"V\u00e1lido","vap":"516","pvap":"   1,02"},{"seq":"51","sqcand":"140001035364","n":"40999","nm":"ENFERMEIRO JO\u00c3O CLEUTON","cc":"PSB","nv":" ","e":"n","st":"Suplente","dvt":"V\u00e1lido","vap":"312","pvap":"   0,62"},{"seq":"139","sqcand":"140000972084","n":"70012","nm":"RAIMUNDO DO DOZE","cc":"AVANTE","nv":" ","e":"n","st":"Suplente","dvt":"V\u00e1lido","vap":"60","pvap":"   0,12"},{"seq":"190","sqcand":"140001137019","n":"14111","nm":"RONALDO BAIANO","cc":"PTB","nv":" ","e":"n","st":"Suplente","dvt":"V\u00e1lido","vap":"11","pvap":"   0,02"},{"seq":"118","sqcand":"140001062939","n":"55000","nm":"JHONE DO SAL\u00c3O","cc":"PSD","nv":" ","e":"n","st":"Suplente","dvt":"V\u00e1lido","vap":"87","pvap":"   0,17"},{"seq":"84","sqcand":"140001137005","n":"14190","nm":"SARGENTO S\u00c1","cc":"PTB","nv":" ","e":"n","st":"Suplente","dvt":"V\u00e1lido","vap":"176","pvap":"   0,35"},{"seq":"112","sqcand":"140001137011","n":"14141","nm":"DR LUIZ CARLOS","cc":"PTB","nv":" ","e":"n","st":"Suplente","dvt":"V\u00e1lido","vap":"98","pvap":"   0,19"},{"seq":"3","sqcand":"140000652757","n":"15123","nm":"CORONEL EDER","cc":"MDB","nv":" ","e":"s","st":"Eleito","dvt":"V\u00e1lido","vap":"1328","pvap":"   2,63"},{"seq":"205","sqcand":"140001062157","n":"51111","nm":"LENE AOSG","cc":"PATRIOTA","nv":" ","e":"n","st":"N\u00e3o eleito","dvt":"V\u00e1lido","vap":"62","pvap":"   0,12"},{"seq":"65","sqcand":"140000972075","n":"70456","nm":"GEORGE NUNES","cc":"AVANTE","nv":" ","e":"n","st":"Suplente","dvt":"V\u00e1lido","vap":"235","pvap":"   0,47"},{"seq":"74","sqcand":"140001131074","n":"20444","nm":"IRM\u00c3 GEISA DO CERLIVRE","cc":"PSC","nv":" ","e":"n","st":"Suplente","dvt":"V\u00e1lido","vap":"207","pvap":"   0,41"},{"seq":"15","sqcand":"140000734174","n":"45000","nm":"GALO","cc":"PSDB","nv":" ","e":"n","st":"Suplente","dvt":"V\u00e1lido","vap":"865","pvap":"   1,71"},{"seq":"219","sqcand":"140001130197","n":"13777","nm":"DAS NEVES","cc":"PT","nv":" ","e":"n","st":"N\u00e3o eleito","dvt":"V\u00e1lido","vap":"13","pvap":"   0,03"},{"seq":"198","sqcand":"140001062156","n":"51777","nm":"ENFERMEIRA IVONE GARCIAS","cc":"PATRIOTA","nv":" ","e":"n","st":"N\u00e3o eleito","dvt":"V\u00e1lido","vap":"473","pvap":"   0,94"},{"seq":"91","sqcand":"140001060983","n":"19000","nm":"SARGENTO PACIFICO","cc":"PODE","nv":" ","e":"n","st":"Suplente","dvt":"V\u00e1lido","vap":"148","pvap":"   0,29"},{"seq":"95","sqcand":"140000734160","n":"27122","nm":"REGIANE ARA\u00daJO","cc":"DC","nv":" ","e":"n","st":"Suplente","dvt":"V\u00e1lido","vap":"145","pvap":"   0,29"},{"seq":"72","sqcand":"140001062946","n":"55024","nm":"MASSARANDUBA SO A\u00c7A\u00cd","cc":"PSD","nv":" ","e":"n","st":"Suplente","dvt":"V\u00e1lido","vap":"209","pvap":"   0,41"},{"seq":"142","sqcand":"140001035372","n":"40273","nm":"FRAN DO SIDILANDIA","cc":"PSB","nv":" ","e":"n","st":"Suplente","dvt":"V\u00e1lido","vap":"56","pvap":"   0,11"},{"seq":"196","sqcand":"140001035377","n":"40125","nm":"MARIA DE NAZAR\u00c9","cc":"PSB","nv":" ","e":"n","st":"Suplente","dvt":"V\u00e1lido","vap":"5","pvap":"   0,01"},{"seq":"105","sqcand":"140000734147","n":"27112","nm":"LUCIVALDO DO T\u00c1XI","cc":"DC","nv":" ","e":"n","st":"Suplente","dvt":"V\u00e1lido","vap":"108","pvap":"   0,21"},{"seq":"213","sqcand":"140001130190","n":"13151","nm":"DJ CEAR\u00c1","cc":"PT","nv":" ","e":"n","st":"N\u00e3o eleito","dvt":"V\u00e1lido","vap":"22","pvap":"   0,04"},{"seq":"147","sqcand":"140001060978","n":"19400","nm":"ELIZETH SILVA","cc":"PODE","nv":" ","e":"n","st":"Suplente","dvt":"V\u00e1lido","vap":"53","pvap":"   0,11"},{"seq":"38","sqcand":"140001131088","n":"20200","nm":"ADVOGADO LINDEMBERG","cc":"PSC","nv":" ","e":"n","st":"Suplente","dvt":"V\u00e1lido","vap":"397","pvap":"   0,79"},{"seq":"124","sqcand":"140000734148","n":"27999","nm":"NEG\u00c3O DO OURO PRETO","cc":"DC","nv":" ","e":"n","st":"Suplente","dvt":"V\u00e1lido","vap":"78","pvap":"   0,15"},{"seq":"35","sqcand":"140000972072","n":"70789","nm":"CLAUDINHO SUPERART","cc":"AVANTE","nv":" ","e":"n","st":"Suplente","dvt":"V\u00e1lido","vap":"414","pvap":"   0,82"},{"seq":"28","sqcand":"140000734168","n":"45456","nm":"DILMAR MORAES","cc":"PSDB","nv":" ","e":"n","st":"Suplente","dvt":"V\u00e1lido","vap":"502","pvap":"   0,99"},{"seq":"94","sqcand":"140001131079","n":"20111","nm":"MAYARA MOTORISTA","cc":"PSC","nv":" ","e":"n","st":"Suplente","dvt":"V\u00e1lido","vap":"146","pvap":"   0,29"},{"seq":"181","sqcand":"140001131081","n":"20020","nm":"DANIEL CAIP","cc":"PSC","nv":" ","e":"n","st":"Suplente","dvt":"V\u00e1lido","vap":"20","pvap":"   0,04"},{"seq":"61","sqcand":"140001137009","n":"14010","nm":"ROSANA","cc":"PTB","nv":" ","e":"n","st":"Suplente","dvt":"V\u00e1lido","vap":"256","pvap":"   0,51"},{"seq":"172","sqcand":"140001132158","n":"23611","nm":"JACIRENE DO JADERLANDIA","cc":"CIDADANIA","nv":" ","e":"n","st":"Suplente","dvt":"V\u00e1lido","vap":"27","pvap":"   0,05"},{"seq":"63","sqcand":"140001062941","n":"55055","nm":"IRM\u00c3O RAIMUNDO","cc":"PSD","nv":" ","e":"n","st":"Suplente","dvt":"V\u00e1lido","vap":"236","pvap":"   0,47"},{"seq":"73","sqcand":"140000734159","n":"27000","nm":"FERNANDA TOPCELL","cc":"DC","nv":" ","e":"n","st":"Suplente","dvt":"V\u00e1lido","vap":"209","pvap":"   0,41"},{"seq":"176","sqcand":"140000652760","n":"15222","nm":"ADRIANA FRAN\u00c7A","cc":"MDB","nv":" ","e":"n","st":"Suplente","dvt":"V\u00e1lido","vap":"23","pvap":"   0,05"},{"seq":"136","sqcand":"140001137014","n":"14321","nm":"ACEROLA","cc":"PTB","nv":" ","e":"n","st":"Suplente","dvt":"V\u00e1lido","vap":"65","pvap":"   0,13"},{"seq":"57","sqcand":"140001035362","n":"40555","nm":"LUCIANA MONTEIRO","cc":"PSB","nv":" ","e":"n","st":"Suplente","dvt":"V\u00e1lido","vap":"274","pvap":"   0,54"},{"seq":"221","sqcand":"140001062153","n":"51193","nm":"JUQUINHA BOMBEIRO","cc":"PATRIOTA","nv":" ","e":"n","st":"N\u00e3o eleito","dvt":"V\u00e1lido","vap":"11","pvap":"   0,02"},{"seq":"79","sqcand":"140000851495","n":"12123","nm":"PROFESSORA MARI\u00c9LIA","cc":"PDT","nv":" ","e":"n","st":"Suplente","dvt":"V\u00e1lido","vap":"196","pvap":"   0,39"},{"seq":"26","sqcand":"140001060987","n":"19123","nm":"PROFESSOR ELIZEU","cc":"PODE","nv":" ","e":"n","st":"Suplente","dvt":"V\u00e1lido","vap":"517","pvap":"   1,02"},{"seq":"42","sqcand":"140001062942","n":"55123","nm":"TI\u00c3O","cc":"PSD","nv":" ","e":"n","st":"Suplente","dvt":"V\u00e1lido","vap":"364","pvap":"   0,72"},{"seq":"20","sqcand":"140001035367","n":"40777","nm":"DR ITALO","cc":"PSB","nv":" ","e":"n","st":"Suplente","dvt":"V\u00e1lido","vap":"637","pvap":"   1,26"},{"seq":"77","sqcand":"140000734176","n":"45222","nm":"JO\u00c3O BOTELHO","cc":"PSDB","nv":" ","e":"n","st":"Suplente","dvt":"V\u00e1lido","vap":"200","pvap":"   0,40"},{"seq":"86","sqcand":"140000652764","n":"15888","nm":"RIBAMAR","cc":"MDB","nv":" ","e":"n","st":"Suplente","dvt":"V\u00e1lido","vap":"168","pvap":"   0,33"},{"seq":"96","sqcand":"140000734172","n":"45678","nm":"EULALIA GOMES","cc":"PSDB","nv":" ","e":"n","st":"Suplente","dvt":"V\u00e1lido","vap":"145","pvap":"   0,29"},{"seq":"45","sqcand":"140000734165","n":"27111","nm":"PROFESSOR UELITON","cc":"DC","nv":" ","e":"n","st":"Suplente","dvt":"V\u00e1lido","vap":"360","pvap":"   0,71"},{"seq":"161","sqcand":"140001035370","n":"40444","nm":"NONATO CERVEJ\u00c3O","cc":"PSB","nv":" ","e":"n","st":"Suplente","dvt":"V\u00e1lido","vap":"35","pvap":"   0,07"},{"seq":"34","sqcand":"140000652763","n":"15777","nm":"JOAO GLORIA","cc":"MDB","nv":" ","e":"n","st":"Suplente","dvt":"V\u00e1lido","vap":"419","pvap":"   0,83"},{"seq":"162","sqcand":"140000652765","n":"15678","nm":"BIA ARAUJO","cc":"MDB","nv":" ","e":"n","st":"Suplente","dvt":"V\u00e1lido","vap":"35","pvap":"   0,07"},{"seq":"9","sqcand":"140001035376","n":"40111","nm":"DAVI","cc":"PSB","nv":" ","e":"s","st":"Eleito","dvt":"V\u00e1lido","vap":"668","pvap":"   1,32"},{"seq":"212","sqcand":"140001062155","n":"51123","nm":"MARCOS KAYC","cc":"PATRIOTA","nv":" ","e":"n","st":"N\u00e3o eleito","dvt":"V\u00e1lido","vap":"29","pvap":"   0,06"},{"seq":"58","sqcand":"140001060980","n":"19965","nm":"MARIO MEGA TEL","cc":"PODE","nv":" ","e":"n","st":"Suplente","dvt":"V\u00e1lido","vap":"262","pvap":"   0,52"},{"seq":"70","sqcand":"140001132160","n":"23204","nm":"IZAQUE TETE","cc":"CIDADANIA","nv":" ","e":"n","st":"Suplente","dvt":"V\u00e1lido","vap":"222","pvap":"   0,44"},{"seq":"216","sqcand":"140001130192","n":"13013","nm":"ADIR ROCHA","cc":"PT","nv":" ","e":"n","st":"N\u00e3o eleito","dvt":"V\u00e1lido","vap":"16","pvap":"   0,03"},{"seq":"17","sqcand":"140000734171","n":"45234","nm":"DENISE GABRIEL","cc":"PSDB","nv":" ","e":"n","st":"Suplente","dvt":"V\u00e1lido","vap":"816","pvap":"   1,62"},{"seq":"121","sqcand":"140000851489","n":"12456","nm":"RAFAEL DOS ANJOS","cc":"PDT","nv":" ","e":"n","st":"Suplente","dvt":"V\u00e1lido","vap":"82","pvap":"   0,16"},{"seq":"184","sqcand":"140000652759","n":"15500","nm":"CAPISTRANO","cc":"MDB","nv":" ","e":"n","st":"Suplente","dvt":"V\u00e1lido","vap":"18","pvap":"   0,04"},{"seq":"154","sqcand":"140000652755","n":"15111","nm":"IRMAO LUIZ CARLOS","cc":"MDB","nv":" ","e":"n","st":"Suplente","dvt":"V\u00e1lido","vap":"44","pvap":"   0,09"},{"seq":"179","sqcand":"140001137007","n":"14888","nm":"TOIN","cc":"PTB","nv":" ","e":"n","st":"Suplente","dvt":"V\u00e1lido","vap":"21","pvap":"   0,04"},{"seq":"80","sqcand":"140000972076","n":"70888","nm":"DARIO P\u00c3O DE QUEIJO","cc":"AVANTE","nv":" ","e":"n","st":"Suplente","dvt":"V\u00e1lido","vap":"195","pvap":"   0,39"},{"seq":"148","sqcand":"140000972085","n":"70522","nm":"LANE PORTELA","cc":"AVANTE","nv":" ","e":"n","st":"Suplente","dvt":"V\u00e1lido","vap":"49","pvap":"   0,10"},{"seq":"2","sqcand":"140001137015","n":"14444","nm":"TATIANE HELENA","cc":"PTB","nv":" ","e":"s","st":"Eleito","dvt":"V\u00e1lido","vap":"1433","pvap":"   2,84"},{"seq":"143","sqcand":"140001137012","n":"14333","nm":"ALESSANDRO LOVATEL","cc":"PTB","nv":" ","e":"n","st":"Suplente","dvt":"V\u00e1lido","vap":"55","pvap":"   0,11"},{"seq":"11","sqcand":"140000734152","n":"27777","nm":"SERJ\u00c3O","cc":"DC","nv":" ","e":"s","st":"Eleito","dvt":"V\u00e1lido","vap":"501","pvap":"   0,99"},{"seq":"37","sqcand":"140000734156","n":"27229","nm":"ELIZELMA RIBEIRO","cc":"DC","nv":" ","e":"n","st":"Suplente","dvt":"V\u00e1lido","vap":"402","pvap":"   0,80"},{"seq":"64","sqcand":"140000972077","n":"70666","nm":"MEDINA","cc":"AVANTE","nv":" ","e":"n","st":"Suplente","dvt":"V\u00e1lido","vap":"236","pvap":"   0,47"},{"seq":"113","sqcand":"140000851481","n":"12777","nm":"EDINHO DA DAD\u00c1","cc":"PDT","nv":" ","e":"n","st":"Suplente","dvt":"V\u00e1lido","vap":"98","pvap":"   0,19"},{"seq":"6","sqcand":"140000851491","n":"12999","nm":"THELLYS VALCACIO","cc":"PDT","nv":" ","e":"s","st":"Eleito","dvt":"V\u00e1lido","vap":"885","pvap":"   1,75"},{"seq":"182","sqcand":"140001137017","n":"14580","nm":"EDIANA RIVIA","cc":"PTB","nv":" ","e":"n","st":"Suplente","dvt":"V\u00e1lido","vap":"20","pvap":"   0,04"},{"seq":"144","sqcand":"140000734184","n":"45777","nm":"GLAU VIANA","cc":"PSDB","nv":" ","e":"n","st":"Suplente","dvt":"V\u00e1lido","vap":"53","pvap":"   0,11"},{"seq":"168","sqcand":"140001060986","n":"19100","nm":"ESTER","cc":"PODE","nv":" ","e":"n","st":"Suplente","dvt":"V\u00e1lido","vap":"29","pvap":"   0,06"},{"seq":"10","sqcand":"140001132153","n":"23333","nm":"ROBERTO NAGIB\u00c3O","cc":"CIDADANIA","nv":" ","e":"s","st":"Eleito","dvt":"V\u00e1lido","vap":"566","pvap":"   1,12"},{"seq":"130","sqcand":"140000734154","n":"27890","nm":"EZEQUIAS MORADA VERDE","cc":"DC","nv":" ","e":"n","st":"Suplente","dvt":"V\u00e1lido","vap":"75","pvap":"   0,15"},{"seq":"155","sqcand":"140000851492","n":"12435","nm":"CHIQUINHO DO CAPIM","cc":"PDT","nv":" ","e":"n","st":"Suplente","dvt":"V\u00e1lido","vap":"43","pvap":"   0,09"},{"seq":"128","sqcand":"140000972071","n":"70555","nm":"DENIZE AMORIM","cc":"AVANTE","nv":" ","e":"n","st":"Suplente","dvt":"V\u00e1lido","vap":"75","pvap":"   0,15"},{"seq":"104","sqcand":"140000734163","n":"27333","nm":"ELISON DA NOVA ESPERAN\u00c7A","cc":"DC","nv":" ","e":"n","st":"Suplente","dvt":"V\u00e1lido","vap":"110","pvap":"   0,22"},{"seq":"208","sqcand":"140001130189","n":"13000","nm":"IVALDO DA BET","cc":"PT","nv":" ","e":"n","st":"N\u00e3o eleito","dvt":"V\u00e1lido","vap":"48","pvap":"   0,10"},{"seq":"210","sqcand":"140001062151","n":"51551","nm":"MARQUINHO DO CHURRASQUINHO","cc":"PATRIOTA","nv":" ","e":"n","st":"N\u00e3o eleito","dvt":"V\u00e1lido","vap":"33","pvap":"   0,07"},{"seq":"75","sqcand":"140000972073","n":"70777","nm":"MAURO SARMENTO","cc":"AVANTE","nv":" ","e":"n","st":"Suplente","dvt":"V\u00e1lido","vap":"203","pvap":"   0,40"},{"seq":"119","sqcand":"140000734177","n":"45345","nm":"PIMENTEL","cc":"PSDB","nv":" ","e":"n","st":"Suplente","dvt":"V\u00e1lido","vap":"86","pvap":"   0,17"},{"seq":"135","sqcand":"140001131076","n":"20345","nm":"JORGE DINIZ","cc":"PSC","nv":" ","e":"n","st":"Suplente","dvt":"V\u00e1lido","vap":"65","pvap":"   0,13"},{"seq":"178","sqcand":"140001035369","n":"40001","nm":"ANY","cc":"PSB","nv":" ","e":"n","st":"Suplente","dvt":"V\u00e1lido","vap":"23","pvap":"   0,05"},{"seq":"150","sqcand":"140001062947","n":"55002","nm":"DI DA CAIP","cc":"PSD","nv":" ","e":"n","st":"Suplente","dvt":"V\u00e1lido","vap":"48","pvap":"   0,10"},{"seq":"106","sqcand":"140001062952","n":"55001","nm":"JUNIOR ELETRICISTA","cc":"PSD","nv":" ","e":"n","st":"Suplente","dvt":"V\u00e1lido","vap":"107","pvap":"   0,21"},{"seq":"87","sqcand":"140000652758","n":"15100","nm":"MONIQUE TODDE","cc":"MDB","nv":" ","e":"n","st":"Suplente","dvt":"V\u00e1lido","vap":"166","pvap":"   0,33"},{"seq":"126","sqcand":"140001035374","n":"40003","nm":"ELIEL DO \u00d4NIBUS","cc":"PSB","nv":" ","e":"n","st":"Suplente","dvt":"V\u00e1lido","vap":"77","pvap":"   0,15"},{"seq":"116","sqcand":"140001131075","n":"20777","nm":"ELIETE OLIVEIRA","cc":"PSC","nv":" ","e":"n","st":"Suplente","dvt":"V\u00e1lido","vap":"96","pvap":"   0,19"},{"seq":"29","sqcand":"140000851482","n":"12500","nm":"PROF LIDIO PICAN\u00c7O","cc":"PDT","nv":" ","e":"n","st":"Suplente","dvt":"V\u00e1lido","vap":"502","pvap":"   0,99"},{"seq":"215","sqcand":"140001130194","n":"13999","nm":"MARIA DO SOCORRO ALMEIDA","cc":"PT","nv":" ","e":"n","st":"N\u00e3o eleito","dvt":"V\u00e1lido","vap":"18","pvap":"   0,04"},{"seq":"189","sqcand":"140001137021","n":"14567","nm":"VILMA MARAVILHOSA","cc":"PTB","nv":" ","e":"n","st":"Suplente","dvt":"V\u00e1lido","vap":"12","pvap":"   0,02"},{"seq":"180","sqcand":"140000851493","n":"12300","nm":"BACABAL","cc":"PDT","nv":" ","e":"n","st":"Suplente","dvt":"V\u00e1lido","vap":"20","pvap":"   0,04"},{"seq":"174","sqcand":"140001035361","n":"40333","nm":"NEGUIN BAIXO URAIM","cc":"PSB","nv":" ","e":"n","st":"Suplente","dvt":"V\u00e1lido","vap":"25","pvap":"   0,05"},{"seq":"165","sqcand":"140001035366","n":"40666","nm":"PROFESSOR SALOM\u00c3O CRISTO","cc":"PSB","nv":" ","e":"n","st":"Suplente","dvt":"V\u00e1lido","vap":"31","pvap":"   0,06"},{"seq":"195","sqcand":"140001137006","n":"14789","nm":"TANIA MACEDO","cc":"PTB","nv":" ","e":"n","st":"Suplente","dvt":"V\u00e1lido","vap":"7","pvap":"   0,01"},{"seq":"31","sqcand":"140001060988","n":"19555","nm":"PAULO BREGA","cc":"PODE","nv":" ","e":"n","st":"Suplente","dvt":"V\u00e1lido","vap":"458","pvap":"   0,91"},{"seq":"134","sqcand":"140001132163","n":"23024","nm":"ELIZIANE CHAVES","cc":"CIDADANIA","nv":" ","e":"n","st":"Suplente","dvt":"V\u00e1lido","vap":"69","pvap":"   0,14"},{"seq":"204","sqcand":"140001130198","n":"13333","nm":"PROFESSOR FRANCO","cc":"PT","nv":" ","e":"n","st":"N\u00e3o eleito","dvt":"V\u00e1lido","vap":"64","pvap":"   0,13"},{"seq":"4","sqcand":"140001060993","n":"19456","nm":"JAIRO DA SA\u00daDE","cc":"PODE","nv":" ","e":"s","st":"Eleito","dvt":"V\u00e1lido","vap":"961","pvap":"   1,90"},{"seq":"107","sqcand":"140000734157","n":"27789","nm":"SANDRA MARINHO","cc":"DC","nv":" ","e":"n","st":"Suplente","dvt":"V\u00e1lido","vap":"107","pvap":"   0,21"},{"seq":"39","sqcand":"140001062936","n":"55222","nm":"SALAZAR","cc":"PSD","nv":" ","e":"n","st":"Suplente","dvt":"V\u00e1lido","vap":"377","pvap":"   0,75"},{"seq":"25","sqcand":"140001060991","n":"19222","nm":"NILSON AGUIAR","cc":"PODE","nv":" ","e":"n","st":"Suplente","dvt":"V\u00e1lido","vap":"520","pvap":"   1,03"},{"seq":"169","sqcand":"140000734175","n":"45123","nm":"ZECA DA JAGUAR\u00c9","cc":"PSDB","nv":" ","e":"n","st":"Suplente","dvt":"V\u00e1lido","vap":"28","pvap":"   0,06"},{"seq":"5","sqcand":"140000734178","n":"45789","nm":"BRASILINO","cc":"PSDB","nv":" ","e":"s","st":"Eleito","dvt":"V\u00e1lido","vap":"954","pvap":"   1,89"},{"seq":"103","sqcand":"140000851496","n":"12333","nm":"IRM\u00c3 REN\u00ca","cc":"PDT","nv":" ","e":"n","st":"Suplente","dvt":"V\u00e1lido","vap":"112","pvap":"   0,22"},{"seq":"120","sqcand":"140000734179","n":"45111","nm":"SABRINA REIS","cc":"PSDB","nv":" ","e":"n","st":"Suplente","dvt":"V\u00e1lido","vap":"85","pvap":"   0,17"},{"seq":"71","sqcand":"140000734162","n":"27123","nm":"J\u00daNIOR ALBERTO","cc":"DC","nv":" ","e":"n","st":"Suplente","dvt":"V\u00e1lido","vap":"219","pvap":"   0,43"},{"seq":"186","sqcand":"140000734173","n":"45145","nm":"LEANDRO BEIR\u00c3O","cc":"PSDB","nv":" ","e":"n","st":"Suplente","dvt":"V\u00e1lido","vap":"17","pvap":"   0,03"},{"seq":"30","sqcand":"140001132164","n":"23222","nm":"GILBERTINHO DA ROSA","cc":"CIDADANIA","nv":" ","e":"n","st":"Suplente","dvt":"V\u00e1lido","vap":"499","pvap":"   0,99"},{"seq":"173","sqcand":"140001062949","n":"55044","nm":"KENIA CRISTINA","cc":"PSD","nv":" ","e":"n","st":"Suplente","dvt":"V\u00e1lido","vap":"26","pvap":"   0,05"},{"seq":"202","sqcand":"140001130196","n":"13500","nm":"MARTINHA AZEVEDO","cc":"PT","nv":" ","e":"n","st":"N\u00e3o eleito","dvt":"V\u00e1lido","vap":"87","pvap":"   0,17"},{"seq":"76","sqcand":"140000851483","n":"12444","nm":"JACINTO FARIAS","cc":"PDT","nv":" ","e":"n","st":"Suplente","dvt":"V\u00e1lido","vap":"200","pvap":"   0,40"},{"seq":"89","sqcand":"140000734167","n":"45100","nm":"RAPHAEL REI DO GELO","cc":"PSDB","nv":" ","e":"n","st":"Suplente","dvt":"V\u00e1lido","vap":"159","pvap":"   0,32"},{"seq":"167","sqcand":"140001035371","n":"40888","nm":"MIGUEL TORNEIRO","cc":"PSB","nv":" ","e":"n","st":"Suplente","dvt":"V\u00e1lido","vap":"30","pvap":"   0,06"},{"seq":"185","sqcand":"140001060989","n":"19900","nm":"RUTH","cc":"PODE","nv":" ","e":"n","st":"Suplente","dvt":"V\u00e1lido","vap":"18","pvap":"   0,04"},{"seq":"43","sqcand":"140001131087","n":"20000","nm":"ANDERSON VERA CRUZ","cc":"PSC","nv":" ","e":"n","st":"Suplente","dvt":"V\u00e1lido","vap":"362","pvap":"   0,72"},{"seq":"152","sqcand":"140001060990","n":"19333","nm":"JOELMA CABELEIREIRA","cc":"PODE","nv":" ","e":"n","st":"Suplente","dvt":"V\u00e1lido","vap":"45","pvap":"   0,09"},{"seq":"156","sqcand":"140001131085","n":"20222","nm":"KARINE BARROS","cc":"PSC","nv":" ","e":"n","st":"Suplente","dvt":"V\u00e1lido","vap":"42","pvap":"   0,08"},{"seq":"85","sqcand":"140000734149","n":"27666","nm":"LU","cc":"DC","nv":" ","e":"n","st":"Suplente","dvt":"V\u00e1lido","vap":"173","pvap":"   0,34"},{"seq":"111","sqcand":"140001035375","n":"40222","nm":"GIL DO SAL\u00c3O","cc":"PSB","nv":" ","e":"n","st":"Suplente","dvt":"V\u00e1lido","vap":"100","pvap":"   0,20"},{"seq":"16","sqcand":"140000851484","n":"12222","nm":"VALDIR SILVA","cc":"PDT","nv":" ","e":"n","st":"Suplente","dvt":"V\u00e1lido","vap":"858","pvap":"   1,70"},{"seq":"14","sqcand":"140000652756","n":"15555","nm":"BOSQUINHO","cc":"MDB","nv":" ","e":"n","st":"Suplente","dvt":"V\u00e1lido","vap":"1176","pvap":"   2,33"},{"seq":"220","sqcand":"140001130193","n":"13888","nm":"TEREZA MARIA RIBEIRO","cc":"PT","nv":" ","e":"n","st":"N\u00e3o eleito","dvt":"V\u00e1lido","vap":"12","pvap":"   0,02"},{"seq":"153","sqcand":"140001131082","n":"20707","nm":"RICARDO PANTOJA","cc":"PSC","nv":" ","e":"n","st":"Suplente","dvt":"V\u00e1lido","vap":"45","pvap":"   0,09"},{"seq":"68","sqcand":"140001137010","n":"14777","nm":"THEO CAIP","cc":"PTB","nv":" ","e":"n","st":"Suplente","dvt":"V\u00e1lido","vap":"223","pvap":"   0,44"},{"seq":"122","sqcand":"140001132156","n":"23000","nm":"DR DIOSE LIRA","cc":"CIDADANIA","nv":" ","e":"n","st":"Suplente","dvt":"V\u00e1lido","vap":"79","pvap":"   0,16"},{"seq":"183","sqcand":"140001035379","n":"40140","nm":"NAZA","cc":"PSB","nv":" ","e":"n","st":"Suplente","dvt":"V\u00e1lido","vap":"18","pvap":"   0,04"},{"seq":"99","sqcand":"140001060979","n":"19777","nm":"FRANCISCA ACS","cc":"PODE","nv":" ","e":"n","st":"Suplente","dvt":"V\u00e1lido","vap":"131","pvap":"   0,26"},{"seq":"125","sqcand":"140001035363","n":"40400","nm":"GRANDE DA CAIP","cc":"PSB","nv":" ","e":"n","st":"Suplente","dvt":"V\u00e1lido","vap":"77","pvap":"   0,15"},{"seq":"140","sqcand":"140001132162","n":"23250","nm":"AELSON PEKENTE","cc":"CIDADANIA","nv":" ","e":"n","st":"Suplente","dvt":"V\u00e1lido","vap":"58","pvap":"   0,11"},{"seq":"160","sqcand":"140001062937","n":"55003","nm":"IRM\u00c3 MARGARIDA","cc":"PSD","nv":" ","e":"n","st":"Suplente","dvt":"V\u00e1lido","vap":"36","pvap":"   0,07"},{"seq":"12","sqcand":"140001131086","n":"20123","nm":"HEBERT LIMA","cc":"PSC","nv":" ","e":"s","st":"Eleito","dvt":"V\u00e1lido","vap":"495","pvap":"   0,98"},{"seq":"201","sqcand":"140001062147","n":"51190","nm":"CARLINHOS LOUREDO","cc":"PATRIOTA","nv":" ","e":"n","st":"N\u00e3o eleito","dvt":"V\u00e1lido","vap":"102","pvap":"   0,20"},{"seq":"145","sqcand":"140000652761","n":"15287","nm":"LILI DO POVO","cc":"MDB","nv":" ","e":"n","st":"Suplente","dvt":"V\u00e1lido","vap":"53","pvap":"   0,11"},{"seq":"114","sqcand":"140001035378","n":"40100","nm":"CHIQUINHO CAPOEIRA","cc":"PSB","nv":" ","e":"n","st":"Suplente","dvt":"V\u00e1lido","vap":"97","pvap":"   0,19"},{"seq":"88","sqcand":"140000851488","n":"12112","nm":"MARCELO BOLHA","cc":"PDT","nv":" ","e":"n","st":"Suplente","dvt":"V\u00e1lido","vap":"164","pvap":"   0,33"},{"seq":"200","sqcand":"140001062152","n":"51789","nm":"PROFESSOR ERCILANDO","cc":"PATRIOTA","nv":" ","e":"n","st":"N\u00e3o eleito","dvt":"V\u00e1lido","vap":"260","pvap":"   0,52"},{"seq":"193","sqcand":"140000972069","n":"70567","nm":"ANA DO LANCHE","cc":"AVANTE","nv":" ","e":"n","st":"Suplente","dvt":"V\u00e1lido","vap":"10","pvap":"   0,02"},{"seq":"199","sqcand":"140001062150","n":"51234","nm":"ZAQUEU","cc":"PATRIOTA","nv":" ","e":"n","st":"N\u00e3o eleito","dvt":"V\u00e1lido","vap":"261","pvap":"   0,52"},{"seq":"149","sqcand":"140000734169","n":"45391","nm":"ADRIANA DO GABINETE","cc":"PSDB","nv":" ","e":"n","st":"Suplente","dvt":"V\u00e1lido","vap":"49","pvap":"   0,10"},{"seq":"50","sqcand":"140000734158","n":"27555","nm":"LUCIANO","cc":"DC","nv":" ","e":"n","st":"Suplente","dvt":"V\u00e1lido","vap":"321","pvap":"   0,64"},{"seq":"48","sqcand":"140001132157","n":"23888","nm":"JORGINHO QUADROS","cc":"CIDADANIA","nv":" ","e":"n","st":"Suplente","dvt":"V\u00e1lido","vap":"341","pvap":"   0,68"},{"seq":"164","sqcand":"140001267719","n":"23147","nm":"MAUR\u00cdCIO BRAND\u00c3O","cc":"CIDADANIA","nv":" ","e":"n","st":"Suplente","dvt":"V\u00e1lido","vap":"33","pvap":"   0,07"},{"seq":"67","sqcand":"140001137018","n":"14007","nm":"ELISEU LEITAO","cc":"PTB","nv":" ","e":"n","st":"Suplente","dvt":"V\u00e1lido","vap":"229","pvap":"   0,45"},{"seq":"36","sqcand":"140001132154","n":"23456","nm":"PIXILINGA","cc":"CIDADANIA","nv":" ","e":"n","st":"Suplente","dvt":"V\u00e1lido","vap":"402","pvap":"   0,80"},{"seq":"66","sqcand":"140000734180","n":"45333","nm":"FLAVIO PUNHAL","cc":"PSDB","nv":" ","e":"n","st":"Suplente","dvt":"V\u00e1lido","vap":"232","pvap":"   0,46"},{"seq":"33","sqcand":"140000972086","n":"70123","nm":"JORGE CANELA","cc":"AVANTE","nv":" ","e":"n","st":"Suplente","dvt":"V\u00e1lido","vap":"420","pvap":"   0,83"},{"seq":"98","sqcand":"140001062951","n":"55456","nm":"FABIO BRITO","cc":"PSD","nv":" ","e":"n","st":"Suplente","dvt":"V\u00e1lido","vap":"142","pvap":"   0,28"},{"seq":"203","sqcand":"140001130195","n":"13123","nm":"RAIMUNDO CARO\u00c7O TEMB\u00c9","cc":"PT","nv":" ","e":"n","st":"N\u00e3o eleito","dvt":"V\u00e1lido","vap":"85","pvap":"   0,17"},{"seq":"93","sqcand":"140000972074","n":"70111","nm":"S\u00c9RGIO CORDEIRO","cc":"AVANTE","nv":" ","e":"n","st":"Suplente","dvt":"V\u00e1lido","vap":"148","pvap":"   0,29"},{"seq":"100","sqcand":"140001035365","n":"40000","nm":"MANOEL CACHORR\u00c3O","cc":"PSB","nv":" ","e":"n","st":"Suplente","dvt":"V\u00e1lido","vap":"128","pvap":"   0,25"},{"seq":"62","sqcand":"140001060994","n":"19201","nm":"XAVIER NAGIB\u00c3O","cc":"PODE","nv":" ","e":"n","st":"Suplente","dvt":"V\u00e1lido","vap":"239","pvap":"   0,47"},{"seq":"191","sqcand":"140001137020","n":"14000","nm":"PASTORA MONICA","cc":"PTB","nv":" ","e":"n","st":"Suplente","dvt":"V\u00e1lido","vap":"10","pvap":"   0,02"},{"seq":"78","sqcand":"140001137022","n":"14555","nm":"BAMBU","cc":"PTB","nv":" ","e":"n","st":"Suplente","dvt":"V\u00e1lido","vap":"197","pvap":"   0,39"},{"seq":"44","sqcand":"140000734166","n":"27444","nm":"BAIANO","cc":"DC","nv":" ","e":"n","st":"Suplente","dvt":"V\u00e1lido","vap":"361","pvap":"   0,72"},{"seq":"101","sqcand":"140001131077","n":"20131","nm":"CAPEL\u00c3O INALDO GOMES","cc":"PSC","nv":" ","e":"n","st":"Suplente","dvt":"V\u00e1lido","vap":"121","pvap":"   0,24"},{"seq":"217","sqcand":"140001062158","n":"51555","nm":"CHICO CHEIROSO","cc":"PATRIOTA","nv":" ","e":"n","st":"N\u00e3o eleito","dvt":"V\u00e1lido","vap":"15","pvap":"   0,03"},{"seq":"55","sqcand":"140000851485","n":"12369","nm":"AUXILIADORA DA GR\u00c1FICA","cc":"PDT","nv":" ","e":"n","st":"Suplente","dvt":"V\u00e1lido","vap":"293","pvap":"   0,58"},{"seq":"22","sqcand":"140001062940","n":"55555","nm":"FRANCISCO LOPES","cc":"PSD","nv":" ","e":"n","st":"Suplente","dvt":"V\u00e1lido","vap":"593","pvap":"   1,18"},{"seq":"187","sqcand":"140001132159","n":"23555","nm":"JAELCE","cc":"CIDADANIA","nv":" ","e":"n","st":"Suplente","dvt":"V\u00e1lido","vap":"15","pvap":"   0,03"},{"seq":"56","sqcand":"140000734161","n":"27100","nm":"JHONY PROMOTER","cc":"DC","nv":" ","e":"n","st":"Suplente","dvt":"V\u00e1lido","vap":"280","pvap":"   0,55"},{"seq":"146","sqcand":"140001060996","n":"19888","nm":"CABE\u00c7A","cc":"PODE","nv":" ","e":"n","st":"Suplente","dvt":"V\u00e1lido","vap":"53","pvap":"   0,11"},{"seq":"194","sqcand":"140001035380","n":"40007","nm":"LOURIVAL SILVA","cc":"PSB","nv":" ","e":"n","st":"Suplente","dvt":"V\u00e1lido","vap":"10","pvap":"   0,02"},{"seq":"40","sqcand":"140000734155","n":"27888","nm":"ANTONIO ADRIANO","cc":"DC","nv":" ","e":"n","st":"Suplente","dvt":"V\u00e1lido","vap":"373","pvap":"   0,74"},{"seq":"32","sqcand":"140001132161","n":"23123","nm":"MANOELZINHO","cc":"CIDADANIA","nv":" ","e":"n","st":"Suplente","dvt":"V\u00e1lido","vap":"451","pvap":"   0,89"},{"seq":"110","sqcand":"140001131083","n":"20333","nm":"MOISES CONSTRUCASA","cc":"PSC","nv":" ","e":"n","st":"Suplente","dvt":"V\u00e1lido","vap":"104","pvap":"   0,21"},{"seq":"52","sqcand":"140000652753","n":"15000","nm":"EDINALDO BORGES","cc":"MDB","nv":" ","e":"n","st":"Suplente","dvt":"V\u00e1lido","vap":"304","pvap":"   0,60"},{"seq":"1","sqcand":"140000734185","n":"45012","nm":"SANDRO MARQUES","cc":"PSDB","nv":" ","e":"s","st":"Eleito","dvt":"V\u00e1lido","vap":"1468","pvap":"   2,91"},{"seq":"163","sqcand":"140001062945","n":"55017","nm":"SILVANA BARROS","cc":"PSD","nv":" ","e":"n","st":"Suplente","dvt":"V\u00e1lido","vap":"35","pvap":"   0,07"},{"seq":"222","sqcand":"140000851497","n":"12100","nm":"J\u00c9SSICA SILVA","cc":"PDT","nv":" ","e":"n","st":"N\u00e3o eleito","dvt":"Anulado sub judice","vap":"1","pvap":"   0,00"},{"seq":"13","sqcand":"140000972081","n":"70999","nm":"FRANKLY PACHECO","cc":"AVANTE","nv":" ","e":"s","st":"Eleito","dvt":"V\u00e1lido","vap":"424","pvap":"   0,84"},{"seq":"218","sqcand":"140001062154","n":"51222","nm":"FABIANA ALCANTARA","cc":"PATRIOTA","nv":" ","e":"n","st":"N\u00e3o eleito","dvt":"V\u00e1lido","vap":"14","pvap":"   0,03"},{"seq":"170","sqcand":"140000972087","n":"70333","nm":"PROF ROSA LYDIA","cc":"AVANTE","nv":" ","e":"n","st":"Suplente","dvt":"V\u00e1lido","vap":"28","pvap":"   0,06"},{"seq":"53","sqcand":"140000734153","n":"27223","nm":"EDREY VILHENA","cc":"DC","nv":" ","e":"n","st":"Suplente","dvt":"V\u00e1lido","vap":"301","pvap":"   0,60"},{"seq":"166","sqcand":"140001062953","n":"55489","nm":"SIDINALDO CARDOSO","cc":"PSD","nv":" ","e":"n","st":"Suplente","dvt":"V\u00e1lido","vap":"31","pvap":"   0,06"},{"seq":"115","sqcand":"140001131078","n":"20555","nm":"JAILTON A\u00c7OUGUEIRO","cc":"PSC","nv":" ","e":"n","st":"Suplente","dvt":"V\u00e1lido","vap":"97","pvap":"   0,19"},{"seq":"46","sqcand":"140000734164","n":"27007","nm":"JONATAN SILVA","cc":"DC","nv":" ","e":"n","st":"Suplente","dvt":"V\u00e1lido","vap":"350","pvap":"   0,69"},{"seq":"214","sqcand":"140001130187","n":"13133","nm":"LENO LOPES","cc":"PT","nv":" ","e":"n","st":"N\u00e3o eleito","dvt":"V\u00e1lido","vap":"21","pvap":"   0,04"},{"seq":"132","sqcand":"140000652762","n":"15234","nm":"EDILSON MANO","cc":"MDB","nv":" ","e":"n","st":"Suplente","dvt":"V\u00e1lido","vap":"71","pvap":"   0,14"},{"seq":"19","sqcand":"140000734182","n":"45555","nm":"EDINHO","cc":"PSDB","nv":" ","e":"n","st":"Suplente","dvt":"V\u00e1lido","vap":"646","pvap":"   1,28"},{"seq":"188","sqcand":"140001137013","n":"14999","nm":"PROFESSORA BETH","cc":"PTB","nv":" ","e":"n","st":"Suplente","dvt":"V\u00e1lido","vap":"14","pvap":"   0,03"},{"seq":"18","sqcand":"140001137008","n":"14222","nm":"PR HAROLDO MONTE VERDE","cc":"PTB","nv":" ","e":"n","st":"Suplente","dvt":"V\u00e1lido","vap":"657","pvap":"   1,30"},{"seq":"54","sqcand":"140001131084","n":"20456","nm":"EVANGELISTA CARLOS","cc":"PSC","nv":" ","e":"n","st":"Suplente","dvt":"V\u00e1lido","vap":"300","pvap":"   0,59"},{"seq":"49","sqcand":"140000972082","n":"70000","nm":"CA\u00c7ULA","cc":"AVANTE","nv":" ","e":"n","st":"Suplente","dvt":"V\u00e1lido","vap":"327","pvap":"   0,65"},{"seq":"209","sqcand":"140001130191","n":"13555","nm":"DEUZENIR GON\u00c7ALVES","cc":"PT","nv":" ","e":"n","st":"N\u00e3o eleito","dvt":"V\u00e1lido","vap":"38","pvap":"   0,08"},{"seq":"47","sqcand":"140001060992","n":"19999","nm":"CEAR\u00c1 MENS\u00c3O","cc":"PODE","nv":" ","e":"n","st":"Suplente","dvt":"V\u00e1lido","vap":"344","pvap":"   0,68"},{"seq":"92","sqcand":"140001131080","n":"20888","nm":"IRM\u00c3 DUDA","cc":"PSC","nv":" ","e":"n","st":"Suplente","dvt":"V\u00e1lido","vap":"148","pvap":"   0,29"},{"seq":"206","sqcand":"140001062148","n":"51444","nm":"MARCELO CALD\u00c3O","cc":"PATRIOTA","nv":" ","e":"n","st":"N\u00e3o eleito","dvt":"V\u00e1lido","vap":"55","pvap":"   0,11"},{"seq":"21","sqcand":"140001060995","n":"19019","nm":"PAULINHO DO CAPIXABA","cc":"PODE","nv":" ","e":"n","st":"Suplente","dvt":"V\u00e1lido","vap":"626","pvap":"   1,24"},{"seq":"123","sqcand":"140000734170","n":"45888","nm":"ALANIO","cc":"PSDB","nv":" ","e":"n","st":"Suplente","dvt":"V\u00e1lido","vap":"78","pvap":"   0,15"},{"seq":"24","sqcand":"140000734183","n":"45045","nm":"FABIANA POTIRITA","cc":"PSDB","nv":" ","e":"n","st":"Suplente","dvt":"V\u00e1lido","vap":"562","pvap":"   1,11"},{"seq":"127","sqcand":"140001132152","n":"23777","nm":"ARA\u00daJO DO CARRO SOM","cc":"CIDADANIA","nv":" ","e":"n","st":"Suplente","dvt":"V\u00e1lido","vap":"76","pvap":"   0,15"},{"seq":"23","sqcand":"140001062950","n":"55888","nm":"ITAMAR","cc":"PSD","nv":" ","e":"n","st":"Suplente","dvt":"V\u00e1lido","vap":"580","pvap":"   1,15"},{"seq":"192","sqcand":"140001267716","n":"23023","nm":"IVANILDA","cc":"CIDADANIA","nv":" ","e":"n","st":"Suplente","dvt":"V\u00e1lido","vap":"10","pvap":"   0,02"},{"seq":"129","sqcand":"140001062954","n":"55111","nm":"IVO ALMEIDA","cc":"PSD","nv":" ","e":"n","st":"Suplente","dvt":"V\u00e1lido","vap":"75","pvap":"   0,15"},{"seq":"175","sqcand":"140001060985","n":"19444","nm":"NAZAR\u00c9","cc":"PODE","nv":" ","e":"n","st":"Suplente","dvt":"V\u00e1lido","vap":"23","pvap":"   0,05"},{"seq":"82","sqcand":"140000972083","n":"70007","nm":"MAURICIO CARMO","cc":"AVANTE","nv":" ","e":"n","st":"Suplente","dvt":"V\u00e1lido","vap":"181","pvap":"   0,36"},{"seq":"81","sqcand":"140001060981","n":"19789","nm":"MAGR\u00c3O DA CHURRASCARIA","cc":"PODE","nv":" ","e":"n","st":"Suplente","dvt":"V\u00e1lido","vap":"190","pvap":"   0,38"},{"seq":"109","sqcand":"140000734151","n":"27222","nm":"DAVI LOBATO","cc":"DC","nv":" ","e":"n","st":"Suplente","dvt":"V\u00e1lido","vap":"104","pvap":"   0,21"},{"seq":"157","sqcand":"140000851486","n":"12345","nm":"MARIA DELVANI","cc":"PDT","nv":" ","e":"n","st":"Suplente","dvt":"V\u00e1lido","vap":"42","pvap":"   0,08"},{"seq":"171","sqcand":"140001137016","n":"14569","nm":"BETO DO PEIXE","cc":"PTB","nv":" ","e":"n","st":"Suplente","dvt":"V\u00e1lido","vap":"28","pvap":"   0,06"},{"seq":"158","sqcand":"140001062938","n":"55999","nm":"ROSINHA DO LAERCIO","cc":"PSD","nv":" ","e":"n","st":"Suplente","dvt":"V\u00e1lido","vap":"37","pvap":"   0,07"},{"seq":"207","sqcand":"140001062159","n":"51333","nm":"ERALDO LIGEIRINHO","cc":"PATRIOTA","nv":" ","e":"n","st":"N\u00e3o eleito","dvt":"V\u00e1lido","vap":"53","pvap":"   0,11"},{"seq":"69","sqcand":"140001062944","n":"55777","nm":"PAULO CONCRETO","cc":"PSD","nv":" ","e":"n","st":"Suplente","dvt":"V\u00e1lido","vap":"223","pvap":"   0,44"},{"seq":"151","sqcand":"140000652754","n":"15444","nm":"GILSINHO","cc":"MDB","nv":" ","e":"n","st":"Suplente","dvt":"V\u00e1lido","vap":"46","pvap":"   0,09"},{"seq":"8","sqcand":"140001060997","n":"19111","nm":"DR HESIO","cc":"PODE","nv":" ","e":"s","st":"Eleito","dvt":"V\u00e1lido","vap":"814","pvap":"   1,61"},{"seq":"137","sqcand":"140000851490","n":"12121","nm":"MATEUS FERNANDES","cc":"PDT","nv":" ","e":"n","st":"Suplente","dvt":"V\u00e1lido","vap":"65","pvap":"   0,13"},{"seq":"131","sqcand":"140000851480","n":"12355","nm":"FALC\u00c3O DA SA\u00daDE","cc":"PDT","nv":" ","e":"n","st":"Suplente","dvt":"V\u00e1lido","vap":"73","pvap":"   0,14"},{"seq":"90","sqcand":"140001060982","n":"19190","nm":"JUNIOR CEAR\u00c1","cc":"PODE","nv":" ","e":"n","st":"Suplente","dvt":"V\u00e1lido","vap":"156","pvap":"   0,31"},{"seq":"138","sqcand":"140001062955","n":"55333","nm":"SOLANGE","cc":"PSD","nv":" ","e":"n","st":"Suplente","dvt":"V\u00e1lido","vap":"61","pvap":"   0,12"},{"seq":"59","sqcand":"140000972070","n":"70100","nm":"LUIS ALFREDO PIRR\u00c9U","cc":"AVANTE","nv":" ","e":"n","st":"Suplente","dvt":"V\u00e1lido","vap":"259","pvap":"   0,51"},{"seq":"177","sqcand":"140001035373","n":"40246","nm":"ARLETE PAULINO","cc":"PSB","nv":" ","e":"n","st":"Suplente","dvt":"V\u00e1lido","vap":"23","pvap":"   0,05"},{"seq":"60","sqcand":"140000972078","n":"70551","nm":"JACKSON DO TREVO","cc":"AVANTE","nv":" ","e":"n","st":"Suplente","dvt":"V\u00e1lido","vap":"258","pvap":"   0,51"},{"seq":"108","sqcand":"140001060984","n":"19025","nm":"RAILSON SILVA","cc":"PODE","nv":" ","e":"n","st":"Suplente","dvt":"V\u00e1lido","vap":"105","pvap":"   0,21"},{"seq":"97","sqcand":"140000734181","n":"45255","nm":"ROS\u00c1RIA","cc":"PSDB","nv":" ","e":"n","st":"Suplente","dvt":"V\u00e1lido","vap":"143","pvap":"   0,28"},{"seq":"159","sqcand":"140001132155","n":"23666","nm":"SOCORRO","cc":"CIDADANIA","nv":" ","e":"n","st":"Suplente","dvt":"V\u00e1lido","vap":"36","pvap":"   0,07"},{"seq":"41","sqcand":"140000851487","n":"12012","nm":"MAGNO ALMEIDA","cc":"PDT","nv":" ","e":"n","st":"Suplente","dvt":"V\u00e1lido","vap":"368","pvap":"   0,73"},{"seq":"211","sqcand":"140001130188","n":"13111","nm":"MARLENE RAMOS","cc":"PT","nv":" ","e":"n","st":"N\u00e3o eleito","dvt":"V\u00e1lido","vap":"32","pvap":"   0,06"},{"seq":"133","sqcand":"140001062948","n":"55444","nm":"DYNNA ACS","cc":"PSD","nv":" ","e":"n","st":"Suplente","dvt":"V\u00e1lido","vap":"70","pvap":"   0,14"},{"seq":"102","sqcand":"140000734186","n":"45444","nm":"GALEGO FERRAZ","cc":"PSDB","nv":" ","e":"n","st":"Suplente","dvt":"V\u00e1lido","vap":"117","pvap":"   0,23"},{"seq":"7","sqcand":"140001062943","n":"55007","nm":"INVESTIGADOR MISS\u00c3O","cc":"PSD","nv":" ","e":"s","st":"Eleito","dvt":"V\u00e1lido","vap":"818","pvap":"   1,62"},{"seq":"117","sqcand":"140000851478","n":"12555","nm":"ALONCIO","cc":"PDT","nv":" ","e":"n","st":"Suplente","dvt":"V\u00e1lido","vap":"93","pvap":"   0,18"}]}
