{"ele":"426","tpabr":"mu","cdabr":"05118","carper":"13","t":"1","f":"o","dt":"15/11/2020","ht":"21:05:15","dv":"s","tf":"s","v":"9","esae":"n","mnae":"","s":"31","st":"31","pst":" 100,00","snt":"0","psnt":"   0,00","si":"31","psi":" 100,00","sni":"0","psni":"   0,00","sa":"31","psa":" 100,00","sna":"0","psna":"   0,00","e":"8467","ea":"8467","pea":" 100,00","ena":"0","pena":"   0,00","esi":"8467","pesi":" 100,00","esni":"0","pesni":"   0,00","c":"7316","pc":"  86,41","a":"1151","pa":"  13,59","vscv":"0","vnom":"6756","vl":"339","pvnom":"  95,22","pvl":"   4,78","vvc":"7095","pvvc":"  96,98","vb":"50","pvb":"   0,68","tvn":"171","ptvn":"   2,34","vn":"171","pvn":" 100,00","vnt":"0","pvnt":"   0,00","vp":"0","pvp":"   0,00","vv":"7095","pvv":" 100,00","van":"0","pvan":"   0,00","vansj":"0","pvansj":"   0,00","tv":"7316","cand":[{"seq":"33","sqcand":"140000655091","n":"45123","nm":"MANHINHA MORORO","cc":"PSDB","nv":" ","e":"n","st":"Suplente","dvt":"V\u00e1lido","vap":"55","pvap":"   0,78"},{"seq":"21","sqcand":"140000748326","n":"15666","nm":"PAUL\u00c3O DO DAB\u00c1","cc":"MDB","nv":" ","e":"n","st":"Suplente","dvt":"V\u00e1lido","vap":"135","pvap":"   1,90"},{"seq":"14","sqcand":"140000748332","n":"15333","nm":"BARRIGUDO","cc":"MDB","nv":" ","e":"n","st":"Suplente","dvt":"V\u00e1lido","vap":"207","pvap":"   2,92"},{"seq":"7","sqcand":"140000748336","n":"15678","nm":"LUA","cc":"MDB","nv":" ","e":"s","st":"Eleito","dvt":"V\u00e1lido","vap":"309","pvap":"   4,36"},{"seq":"5","sqcand":"140000748331","n":"15123","nm":"ROSEMILDO","cc":"MDB","nv":" ","e":"s","st":"Eleito","dvt":"V\u00e1lido","vap":"319","pvap":"   4,50"},{"seq":"27","sqcand":"140000655087","n":"45666","nm":"BODE","cc":"PSDB","nv":" ","e":"n","st":"Suplente","dvt":"V\u00e1lido","vap":"76","pvap":"   1,07"},{"seq":"43","sqcand":"140000655089","n":"45000","nm":"LINDA DA POUSADA","cc":"PSDB","nv":" ","e":"n","st":"Suplente","dvt":"V\u00e1lido","vap":"10","pvap":"   0,14"},{"seq":"17","sqcand":"140000749232","n":"22555","nm":"PELADO","cc":"PL","nv":" ","e":"n","st":"Suplente","dvt":"V\u00e1lido","vap":"177","pvap":"   2,49"},{"seq":"44","sqcand":"140000748330","n":"15444","nm":"CLEISA","cc":"MDB","nv":" ","e":"n","st":"Suplente","dvt":"V\u00e1lido","vap":"9","pvap":"   0,13"},{"seq":"50","sqcand":"140000816609","n":"20555","nm":"EUDIS","cc":"PSC","nv":" ","e":"n","st":"N\u00e3o eleito","dvt":"V\u00e1lido","vap":"10","pvap":"   0,14"},{"seq":"10","sqcand":"140000652504","n":"43222","nm":"DANILO ALHO","cc":"PV","nv":" ","e":"n","st":"Suplente","dvt":"V\u00e1lido","vap":"311","pvap":"   4,38"},{"seq":"11","sqcand":"140000749229","n":"22333","nm":"N\u00c3N\u00c3","cc":"PL","nv":" ","e":"n","st":"Suplente","dvt":"V\u00e1lido","vap":"263","pvap":"   3,71"},{"seq":"1","sqcand":"140000749234","n":"22444","nm":"FABINHO","cc":"PL","nv":" ","e":"s","st":"Eleito","dvt":"V\u00e1lido","vap":"394","pvap":"   5,55"},{"seq":"29","sqcand":"140000748327","n":"15000","nm":"EDIVALDO PESSOA","cc":"MDB","nv":" ","e":"n","st":"Suplente","dvt":"V\u00e1lido","vap":"70","pvap":"   0,99"},{"seq":"49","sqcand":"140000816607","n":"20551","nm":"JEFTER","cc":"PSC","nv":" ","e":"n","st":"N\u00e3o eleito","dvt":"V\u00e1lido","vap":"14","pvap":"   0,20"},{"seq":"53","sqcand":"140000816613","n":"20111","nm":"JO\u00c3O DO ANANIM","cc":"PSC","nv":" ","e":"n","st":"N\u00e3o eleito","dvt":"V\u00e1lido","vap":"1","pvap":"   0,01"},{"seq":"13","sqcand":"140000748333","n":"15555","nm":"ALDO DO ANANIM","cc":"MDB","nv":" ","e":"n","st":"Suplente","dvt":"V\u00e1lido","vap":"225","pvap":"   3,17"},{"seq":"8","sqcand":"140000748329","n":"15888","nm":"ADRIANO","cc":"MDB","nv":" ","e":"s","st":"Eleito","dvt":"V\u00e1lido","vap":"292","pvap":"   4,12"},{"seq":"41","sqcand":"140000652512","n":"43999","nm":"RODRIGO DE ASSIS","cc":"PV","nv":" ","e":"n","st":"Suplente","dvt":"V\u00e1lido","vap":"24","pvap":"   0,34"},{"seq":"22","sqcand":"140000749227","n":"22123","nm":"ANDREIA SODR\u00c9","cc":"PL","nv":" ","e":"n","st":"Suplente","dvt":"V\u00e1lido","vap":"130","pvap":"   1,83"},{"seq":"6","sqcand":"140000749233","n":"22222","nm":"ODA","cc":"PL","nv":" ","e":"s","st":"Eleito","dvt":"V\u00e1lido","vap":"309","pvap":"   4,36"},{"seq":"32","sqcand":"140000748334","n":"15777","nm":"LUCIVAN OU MU\u00c9LA","cc":"MDB","nv":" ","e":"n","st":"Suplente","dvt":"V\u00e1lido","vap":"57","pvap":"   0,80"},{"seq":"36","sqcand":"140000652510","n":"43122","nm":"NAZAR\u00c9 DINA","cc":"PV","nv":" ","e":"n","st":"Suplente","dvt":"V\u00e1lido","vap":"51","pvap":"   0,72"},{"seq":"25","sqcand":"140000652506","n":"43888","nm":"BORG","cc":"PV","nv":" ","e":"n","st":"Suplente","dvt":"V\u00e1lido","vap":"92","pvap":"   1,30"},{"seq":"3","sqcand":"140000652508","n":"43123","nm":"ALLAN DO GADO","cc":"PV","nv":" ","e":"s","st":"Eleito","dvt":"V\u00e1lido","vap":"350","pvap":"   4,93"},{"seq":"52","sqcand":"140000816608","n":"20123","nm":"TAMYRIS","cc":"PSC","nv":" ","e":"n","st":"N\u00e3o eleito","dvt":"V\u00e1lido","vap":"2","pvap":"   0,03"},{"seq":"40","sqcand":"140000652505","n":"43210","nm":"TOINHA DO ANANIN","cc":"PV","nv":" ","e":"n","st":"Suplente","dvt":"V\u00e1lido","vap":"33","pvap":"   0,47"},{"seq":"19","sqcand":"140000655093","n":"45451","nm":"BENA","cc":"PSDB","nv":" ","e":"n","st":"Suplente","dvt":"V\u00e1lido","vap":"143","pvap":"   2,02"},{"seq":"4","sqcand":"140000652511","n":"43333","nm":"ENIO RACHID","cc":"PV","nv":" ","e":"s","st":"Eleito","dvt":"V\u00e1lido","vap":"329","pvap":"   4,64"},{"seq":"47","sqcand":"140000816606","n":"20000","nm":"ADAISON SARGENTO OURO","cc":"PSC","nv":" ","e":"n","st":"N\u00e3o eleito","dvt":"V\u00e1lido","vap":"51","pvap":"   0,72"},{"seq":"37","sqcand":"140000655095","n":"45678","nm":"FRANCISCO DA PI\u00c7ARREIRA","cc":"PSDB","nv":" ","e":"n","st":"Suplente","dvt":"V\u00e1lido","vap":"50","pvap":"   0,70"},{"seq":"30","sqcand":"140000748335","n":"15115","nm":"SHEYLA COSTA","cc":"MDB","nv":" ","e":"n","st":"Suplente","dvt":"V\u00e1lido","vap":"64","pvap":"   0,90"},{"seq":"24","sqcand":"140000749235","n":"22567","nm":"EDINALDO","cc":"PL","nv":" ","e":"n","st":"Suplente","dvt":"V\u00e1lido","vap":"103","pvap":"   1,45"},{"seq":"20","sqcand":"140000652509","n":"43777","nm":"C\u00c9LIA MAGALH\u00c3ES","cc":"PV","nv":" ","e":"n","st":"Suplente","dvt":"V\u00e1lido","vap":"138","pvap":"   1,95"},{"seq":"28","sqcand":"140000652516","n":"43456","nm":"ZAQUEU","cc":"PV","nv":" ","e":"n","st":"Suplente","dvt":"V\u00e1lido","vap":"70","pvap":"   0,99"},{"seq":"9","sqcand":"140000655092","n":"45555","nm":"WALLACE MAGALHAES","cc":"PSDB","nv":" ","e":"s","st":"Eleito","dvt":"V\u00e1lido","vap":"154","pvap":"   2,17"},{"seq":"42","sqcand":"140000655094","n":"45321","nm":"DAYANE SHOW","cc":"PSDB","nv":" ","e":"n","st":"Suplente","dvt":"V\u00e1lido","vap":"11","pvap":"   0,16"},{"seq":"48","sqcand":"140000816612","n":"20333","nm":"ANTONIA","cc":"PSC","nv":" ","e":"n","st":"N\u00e3o eleito","dvt":"V\u00e1lido","vap":"18","pvap":"   0,25"},{"seq":"12","sqcand":"140000748328","n":"15111","nm":"JULIANA","cc":"MDB","nv":" ","e":"n","st":"Suplente","dvt":"V\u00e1lido","vap":"244","pvap":"   3,44"},{"seq":"38","sqcand":"140000655090","n":"45222","nm":"HAROLDO LOURO","cc":"PSDB","nv":" ","e":"n","st":"Suplente","dvt":"V\u00e1lido","vap":"42","pvap":"   0,59"},{"seq":"23","sqcand":"140000652507","n":"43444","nm":"PEDRINHO","cc":"PV","nv":" ","e":"n","st":"Suplente","dvt":"V\u00e1lido","vap":"117","pvap":"   1,65"},{"seq":"16","sqcand":"140000652513","n":"43000","nm":"KAUAN NOBRE","cc":"PV","nv":" ","e":"n","st":"Suplente","dvt":"V\u00e1lido","vap":"197","pvap":"   2,78"},{"seq":"15","sqcand":"140000749230","n":"22215","nm":"BANDA","cc":"PL","nv":" ","e":"n","st":"Suplente","dvt":"V\u00e1lido","vap":"204","pvap":"   2,88"},{"seq":"39","sqcand":"140000652514","n":"43111","nm":"DILMA SILVA","cc":"PV","nv":" ","e":"n","st":"Suplente","dvt":"V\u00e1lido","vap":"39","pvap":"   0,55"},{"seq":"18","sqcand":"140000749231","n":"22111","nm":"NEGO MOTOT\u00c1XI","cc":"PL","nv":" ","e":"n","st":"Suplente","dvt":"V\u00e1lido","vap":"172","pvap":"   2,42"},{"seq":"34","sqcand":"140000652503","n":"43666","nm":"JORGE DO QUID\u00d3","cc":"PV","nv":" ","e":"n","st":"Suplente","dvt":"V\u00e1lido","vap":"54","pvap":"   0,76"},{"seq":"35","sqcand":"140000655096","n":"45333","nm":"JAIR DO ARLINDO","cc":"PSDB","nv":" ","e":"n","st":"Suplente","dvt":"V\u00e1lido","vap":"52","pvap":"   0,73"},{"seq":"26","sqcand":"140000748337","n":"15222","nm":"RENY","cc":"MDB","nv":" ","e":"n","st":"Suplente","dvt":"V\u00e1lido","vap":"76","pvap":"   1,07"},{"seq":"2","sqcand":"140000652515","n":"43555","nm":"ROSANA DO CHOROCA","cc":"PV","nv":" ","e":"s","st":"Eleito","dvt":"V\u00e1lido","vap":"353","pvap":"   4,98"},{"seq":"46","sqcand":"140000816610","n":"20222","nm":"JUQUINHA","cc":"PSC","nv":" ","e":"n","st":"N\u00e3o eleito","dvt":"V\u00e1lido","vap":"76","pvap":"   1,07"},{"seq":"45","sqcand":"140000749228","n":"22000","nm":"MARLY LIMA","cc":"PL","nv":" ","e":"n","st":"Suplente","dvt":"V\u00e1lido","vap":"6","pvap":"   0,08"},{"seq":"51","sqcand":"140000816605","n":"20007","nm":"IVALDO","cc":"PSC","nv":" ","e":"n","st":"N\u00e3o eleito","dvt":"V\u00e1lido","vap":"8","pvap":"   0,11"},{"seq":"31","sqcand":"140000655088","n":"45456","nm":"ALMIR SANTOS","cc":"PSDB","nv":" ","e":"n","st":"Suplente","dvt":"V\u00e1lido","vap":"60","pvap":"   0,85"}]}
