{"ele":"426","tpabr":"mu","cdabr":"05215","carper":"13","t":"1","f":"o","dt":"15/11/2020","ht":"23:32:14","dv":"s","tf":"s","v":"9","esae":"n","mnae":"","s":"31","st":"31","pst":" 100,00","snt":"0","psnt":"   0,00","si":"31","psi":" 100,00","sni":"0","psni":"   0,00","sa":"31","psa":" 100,00","sna":"0","psna":"   0,00","e":"10416","ea":"10416","pea":" 100,00","ena":"0","pena":"   0,00","esi":"10416","pesi":" 100,00","esni":"0","pesni":"   0,00","c":"8627","pc":"  82,82","a":"1789","pa":"  17,18","vscv":"0","vnom":"8037","vl":"368","pvnom":"  95,62","pvl":"   4,38","vvc":"8408","pvvc":"  97,46","vb":"56","pvb":"   0,65","tvn":"163","ptvn":"   1,89","vn":"163","pvn":" 100,00","vnt":"0","pvnt":"   0,00","vp":"0","pvp":"   0,00","vv":"8405","pvv":"  99,96","van":"0","pvan":"   0,00","vansj":"3","pvansj":"   0,04","tv":"8627","cand":[{"seq":"12","sqcand":"140000837468","n":"22111","nm":"EDSON DA TELHA","cc":"PL","nv":" ","e":"n","st":"Suplente","dvt":"V\u00e1lido","vap":"297","pvap":"   3,53"},{"seq":"28","sqcand":"140000837346","n":"25000","nm":"PITI CELPA","cc":"DEM","nv":" ","e":"n","st":"Suplente","dvt":"V\u00e1lido","vap":"72","pvap":"   0,86"},{"seq":"58","sqcand":"140000921410","n":"51111","nm":"ANANIAS","cc":"PATRIOTA","nv":" ","e":"n","st":"N\u00e3o eleito","dvt":"V\u00e1lido","vap":"43","pvap":"   0,51"},{"seq":"57","sqcand":"140000921404","n":"51999","nm":"REGINA DO TIO BEN\u00c9","cc":"PATRIOTA","nv":" ","e":"n","st":"N\u00e3o eleito","dvt":"V\u00e1lido","vap":"50","pvap":"   0,59"},{"seq":"44","sqcand":"140000837761","n":"55234","nm":"JUNIOR BADALA","cc":"PSD","nv":" ","e":"n","st":"Suplente","dvt":"V\u00e1lido","vap":"16","pvap":"   0,19"},{"seq":"22","sqcand":"140000919124","n":"15111","nm":"RAFINHA","cc":"MDB","nv":" ","e":"n","st":"Suplente","dvt":"V\u00e1lido","vap":"141","pvap":"   1,68"},{"seq":"53","sqcand":"140000919128","n":"15000","nm":"MARIA PRIMO","cc":"MDB","nv":" ","e":"n","st":"Suplente","dvt":"V\u00e1lido","vap":"4","pvap":"   0,05"},{"seq":"29","sqcand":"140000837452","n":"45456","nm":"CARLOS MINEIRO","cc":"PSDB","nv":" ","e":"n","st":"Suplente","dvt":"V\u00e1lido","vap":"68","pvap":"   0,81"},{"seq":"10","sqcand":"140000837764","n":"55444","nm":"ARAO LISBOA","cc":"PSD","nv":" ","e":"n","st":"Suplente","dvt":"V\u00e1lido","vap":"361","pvap":"   4,29"},{"seq":"42","sqcand":"140000919129","n":"15015","nm":"DICA","cc":"MDB","nv":" ","e":"n","st":"Suplente","dvt":"V\u00e1lido","vap":"21","pvap":"   0,25"},{"seq":"37","sqcand":"140000837757","n":"55111","nm":"LICA","cc":"PSD","nv":" ","e":"n","st":"Suplente","dvt":"V\u00e1lido","vap":"40","pvap":"   0,48"},{"seq":"62","sqcand":"140000921409","n":"51233","nm":"CLEBER TAXISTA","cc":"PATRIOTA","nv":" ","e":"n","st":"N\u00e3o eleito","dvt":"V\u00e1lido","vap":"29","pvap":"   0,34"},{"seq":"9","sqcand":"140000837349","n":"25888","nm":"FABIO OLIVEIRA","cc":"DEM","nv":" ","e":"s","st":"Eleito","dvt":"V\u00e1lido","vap":"250","pvap":"   2,97"},{"seq":"47","sqcand":"140000837357","n":"25142","nm":"NETA","cc":"DEM","nv":" ","e":"n","st":"Suplente","dvt":"V\u00e1lido","vap":"15","pvap":"   0,18"},{"seq":"20","sqcand":"140000837466","n":"22222","nm":"DAQUE","cc":"PL","nv":" ","e":"n","st":"Suplente","dvt":"V\u00e1lido","vap":"152","pvap":"   1,81"},{"seq":"51","sqcand":"140000837353","n":"25188","nm":"ANTONIO MARAIS","cc":"DEM","nv":" ","e":"n","st":"Suplente","dvt":"V\u00e1lido","vap":"9","pvap":"   0,11"},{"seq":"48","sqcand":"140000837465","n":"22888","nm":"CL\u00c9IA MESQUITA","cc":"PL","nv":" ","e":"n","st":"Suplente","dvt":"V\u00e1lido","vap":"15","pvap":"   0,18"},{"seq":"17","sqcand":"140000837455","n":"45678","nm":"CHARL\u00c3O","cc":"PSDB","nv":" ","e":"n","st":"Suplente","dvt":"V\u00e1lido","vap":"235","pvap":"   2,79"},{"seq":"41","sqcand":"140000919122","n":"15123","nm":"MARIA SANTOS","cc":"MDB","nv":" ","e":"n","st":"Suplente","dvt":"V\u00e1lido","vap":"21","pvap":"   0,25"},{"seq":"16","sqcand":"140000919123","n":"15555","nm":"LUIZINHO","cc":"MDB","nv":" ","e":"n","st":"Suplente","dvt":"V\u00e1lido","vap":"240","pvap":"   2,85"},{"seq":"59","sqcand":"140000921407","n":"51222","nm":"MARACAN\u00c3","cc":"PATRIOTA","nv":" ","e":"n","st":"N\u00e3o eleito","dvt":"V\u00e1lido","vap":"40","pvap":"   0,48"},{"seq":"11","sqcand":"140000837458","n":"45789","nm":"LUIZ BARBOSA","cc":"PSDB","nv":" ","e":"n","st":"Suplente","dvt":"V\u00e1lido","vap":"323","pvap":"   3,84"},{"seq":"2","sqcand":"140000919130","n":"15678","nm":"CAWBOY","cc":"MDB","nv":" ","e":"s","st":"Eleito","dvt":"V\u00e1lido","vap":"420","pvap":"   5,00"},{"seq":"14","sqcand":"140000919125","n":"15575","nm":"KLLEVERTON REIS","cc":"MDB","nv":" ","e":"n","st":"Suplente","dvt":"V\u00e1lido","vap":"253","pvap":"   3,01"},{"seq":"40","sqcand":"140000837350","n":"25666","nm":"BRANGAN\u00c7A","cc":"DEM","nv":" ","e":"n","st":"Suplente","dvt":"V\u00e1lido","vap":"24","pvap":"   0,29"},{"seq":"7","sqcand":"140000837462","n":"22777","nm":"LENE ALMEIDA","cc":"PL","nv":" ","e":"s","st":"Eleito","dvt":"V\u00e1lido","vap":"328","pvap":"   3,90"},{"seq":"66","sqcand":"140000837759","n":"55112","nm":"ELIZAUVA DAIA","cc":"PSD","nv":" ","e":"n","st":"N\u00e3o eleito","dvt":"Anulado sub judice","vap":"2","pvap":"   0,02"},{"seq":"36","sqcand":"140000837467","n":"22789","nm":"LINDOMAR","cc":"PL","nv":" ","e":"n","st":"Suplente","dvt":"V\u00e1lido","vap":"42","pvap":"   0,50"},{"seq":"54","sqcand":"140000837760","n":"55555","nm":"SARGENTO IVAN","cc":"PSD","nv":" ","e":"n","st":"Suplente","dvt":"V\u00e1lido","vap":"2","pvap":"   0,02"},{"seq":"60","sqcand":"140000921411","n":"51123","nm":"ELIENE","cc":"PATRIOTA","nv":" ","e":"n","st":"N\u00e3o eleito","dvt":"V\u00e1lido","vap":"36","pvap":"   0,43"},{"seq":"6","sqcand":"140000837473","n":"22123","nm":"PROFESSOR ELCINEI","cc":"PL","nv":" ","e":"s","st":"Eleito","dvt":"V\u00e1lido","vap":"348","pvap":"   4,14"},{"seq":"45","sqcand":"140000837754","n":"55777","nm":"KIARA CRISTINA","cc":"PSD","nv":" ","e":"n","st":"Suplente","dvt":"V\u00e1lido","vap":"16","pvap":"   0,19"},{"seq":"52","sqcand":"140000837460","n":"45254","nm":"ELIANE BRITO","cc":"PSDB","nv":" ","e":"n","st":"Suplente","dvt":"V\u00e1lido","vap":"8","pvap":"   0,10"},{"seq":"18","sqcand":"140000919126","n":"15333","nm":"JO\u00c3O REIS","cc":"MDB","nv":" ","e":"n","st":"Suplente","dvt":"V\u00e1lido","vap":"234","pvap":"   2,78"},{"seq":"32","sqcand":"140000837753","n":"55500","nm":"CACIQUE","cc":"PSD","nv":" ","e":"n","st":"Suplente","dvt":"V\u00e1lido","vap":"56","pvap":"   0,67"},{"seq":"30","sqcand":"140000837464","n":"22444","nm":"PAULO MARTINS","cc":"PL","nv":" ","e":"n","st":"Suplente","dvt":"V\u00e1lido","vap":"68","pvap":"   0,81"},{"seq":"3","sqcand":"140000837347","n":"25111","nm":"INGRID LOUREIRO","cc":"DEM","nv":" ","e":"s","st":"Eleito","dvt":"V\u00e1lido","vap":"406","pvap":"   4,83"},{"seq":"64","sqcand":"140000921406","n":"51167","nm":"IZAIAS DO PATRIM\u00d4NIO","cc":"PATRIOTA","nv":" ","e":"n","st":"N\u00e3o eleito","dvt":"V\u00e1lido","vap":"10","pvap":"   0,12"},{"seq":"61","sqcand":"140000921403","n":"51331","nm":"S\u00c1VIO DA FARM\u00c1CIA CUNHA","cc":"PATRIOTA","nv":" ","e":"n","st":"N\u00e3o eleito","dvt":"V\u00e1lido","vap":"35","pvap":"   0,42"},{"seq":"50","sqcand":"140000837762","n":"55110","nm":"ROSANGELA DO GELADEIRA","cc":"PSD","nv":" ","e":"n","st":"Suplente","dvt":"V\u00e1lido","vap":"11","pvap":"   0,13"},{"seq":"23","sqcand":"140000837469","n":"22000","nm":"LUIZ PINTOR","cc":"PL","nv":" ","e":"n","st":"Suplente","dvt":"V\u00e1lido","vap":"132","pvap":"   1,57"},{"seq":"56","sqcand":"140000921408","n":"51000","nm":"JAILSON DA JUFRA ","cc":"PATRIOTA","nv":" ","e":"n","st":"N\u00e3o eleito","dvt":"V\u00e1lido","vap":"71","pvap":"   0,84"},{"seq":"25","sqcand":"140000837456","n":"45000","nm":"DR C\u00c9ZAR","cc":"PSDB","nv":" ","e":"n","st":"Suplente","dvt":"V\u00e1lido","vap":"127","pvap":"   1,51"},{"seq":"35","sqcand":"140000837472","n":"22999","nm":"MARCIO RAMOS","cc":"PL","nv":" ","e":"n","st":"Suplente","dvt":"V\u00e1lido","vap":"51","pvap":"   0,61"},{"seq":"4","sqcand":"140000837459","n":"45123","nm":"L\u00daCIO DO CAL\u00da","cc":"PSDB","nv":" ","e":"s","st":"Eleito","dvt":"V\u00e1lido","vap":"378","pvap":"   4,50"},{"seq":"55","sqcand":"140000837461","n":"22321","nm":"MERIAN","cc":"PL","nv":" ","e":"n","st":"Suplente","dvt":"V\u00e1lido","vap":"1","pvap":"   0,01"},{"seq":"43","sqcand":"140000837358","n":"25255","nm":"ROSANGELA DO CHICO DA PATROL","cc":"DEM","nv":" ","e":"n","st":"Suplente","dvt":"V\u00e1lido","vap":"16","pvap":"   0,19"},{"seq":"38","sqcand":"140000837457","n":"45444","nm":"ELMA DO A\u00c7A\u00cd","cc":"PSDB","nv":" ","e":"n","st":"Suplente","dvt":"V\u00e1lido","vap":"27","pvap":"   0,32"},{"seq":"21","sqcand":"140000837453","n":"45111","nm":"DARLENE PUREZA","cc":"PSDB","nv":" ","e":"n","st":"Suplente","dvt":"V\u00e1lido","vap":"144","pvap":"   1,71"},{"seq":"39","sqcand":"140000837756","n":"55888","nm":"EVANIELE OLIVEIRA","cc":"PSD","nv":" ","e":"n","st":"Suplente","dvt":"V\u00e1lido","vap":"27","pvap":"   0,32"},{"seq":"1","sqcand":"140000837763","n":"55222","nm":"ALEX DO BASILIO","cc":"PSD","nv":" ","e":"s","st":"Eleito","dvt":"V\u00e1lido","vap":"431","pvap":"   5,13"},{"seq":"49","sqcand":"140000837354","n":"25456","nm":"MARCO ROGERIO","cc":"DEM","nv":" ","e":"n","st":"Suplente","dvt":"V\u00e1lido","vap":"11","pvap":"   0,13"},{"seq":"65","sqcand":"140000921405","n":"51777","nm":"PITI","cc":"PATRIOTA","nv":" ","e":"n","st":"N\u00e3o eleito","dvt":"V\u00e1lido","vap":"9","pvap":"   0,11"},{"seq":"8","sqcand":"140000919127","n":"15222","nm":"LILI","cc":"MDB","nv":" ","e":"s","st":"Eleito","dvt":"V\u00e1lido","vap":"272","pvap":"   3,24"},{"seq":"31","sqcand":"140000837351","n":"25123","nm":"AMADEU","cc":"DEM","nv":" ","e":"n","st":"Suplente","dvt":"V\u00e1lido","vap":"59","pvap":"   0,70"},{"seq":"5","sqcand":"140000837454","n":"45555","nm":"WALDEIR REIS","cc":"PSDB","nv":" ","e":"s","st":"Eleito","dvt":"V\u00e1lido","vap":"356","pvap":"   4,23"},{"seq":"27","sqcand":"140000837765","n":"55123","nm":"VAL COSTA","cc":"PSD","nv":" ","e":"n","st":"Suplente","dvt":"V\u00e1lido","vap":"73","pvap":"   0,87"},{"seq":"63","sqcand":"140000921412","n":"51333","nm":"IRM\u00c3 L\u00c9IA","cc":"PATRIOTA","nv":" ","e":"n","st":"N\u00e3o eleito","dvt":"V\u00e1lido","vap":"20","pvap":"   0,24"},{"seq":"19","sqcand":"140000837352","n":"25333","nm":"ALEX DA COOPRIMA","cc":"DEM","nv":" ","e":"n","st":"Suplente","dvt":"V\u00e1lido","vap":"171","pvap":"   2,03"},{"seq":"24","sqcand":"140000837470","n":"22333","nm":"DICEU DA MARUJADA","cc":"PL","nv":" ","e":"n","st":"Suplente","dvt":"V\u00e1lido","vap":"131","pvap":"   1,56"},{"seq":"33","sqcand":"140000837471","n":"22555","nm":"SUELLEN DO ALEX","cc":"PL","nv":" ","e":"n","st":"Suplente","dvt":"V\u00e1lido","vap":"56","pvap":"   0,67"},{"seq":"26","sqcand":"140000837356","n":"25222","nm":"ROSANA DO MILTON","cc":"DEM","nv":" ","e":"n","st":"Suplente","dvt":"V\u00e1lido","vap":"123","pvap":"   1,46"},{"seq":"15","sqcand":"140000837355","n":"25555","nm":"MISAEL LIMA","cc":"DEM","nv":" ","e":"n","st":"Suplente","dvt":"V\u00e1lido","vap":"247","pvap":"   2,94"},{"seq":"13","sqcand":"140000837758","n":"55666","nm":"IVANILSON DO JABUR\u00da","cc":"PSD","nv":" ","e":"n","st":"Suplente","dvt":"V\u00e1lido","vap":"296","pvap":"   3,52"},{"seq":"34","sqcand":"140000837463","n":"22113","nm":"PEDRINHO DAS PEDRINHAS","cc":"PL","nv":" ","e":"n","st":"Suplente","dvt":"V\u00e1lido","vap":"54","pvap":"   0,64"},{"seq":"46","sqcand":"140000837755","n":"55333","nm":"SIQUEIR\u00c3O","cc":"PSD","nv":" ","e":"n","st":"Suplente","dvt":"V\u00e1lido","vap":"15","pvap":"   0,18"},{"seq":"67","sqcand":"140000837348","n":"25678","nm":"JEAN ALVES","cc":"DEM","nv":" ","e":"n","st":"N\u00e3o eleito","dvt":"Anulado sub judice","vap":"1","pvap":"   0,01"}]}
