{"ele":"426","tpabr":"mu","cdabr":"05355","carper":"13","t":"1","f":"o","dt":"15/11/2020","ht":"22:49:11","dv":"s","tf":"s","v":"21","esae":"n","mnae":"","s":"754","st":"754","pst":" 100,00","snt":"0","psnt":"   0,00","si":"754","psi":" 100,00","sni":"0","psni":"   0,00","sa":"754","psa":" 100,00","sna":"0","psna":"   0,00","e":"221537","ea":"221537","pea":" 100,00","ena":"0","pena":"   0,00","esi":"221537","pesi":" 100,00","esni":"0","pesni":"   0,00","c":"174472","pc":"  78,76","a":"47065","pa":"  21,24","vscv":"0","vnom":"159012","vl":"7035","pvnom":"  95,76","pvl":"   4,24","vvc":"166620","pvvc":"  95,50","vb":"4008","pvb":"   2,30","tvn":"3844","ptvn":"   2,20","vn":"3329","pvn":"  86,60","vnt":"515","pvnt":"  13,40","vp":"0","pvp":"   0,00","vv":"166047","pvv":"  99,66","van":"0","pvan":"   0,00","vansj":"573","pvansj":"   0,34","tv":"174472","cand":[{"seq":"270","sqcand":"140000749763","n":"10007","nm":"STEPHANIE SILVA","cc":"REPUBLICANOS","nv":" ","e":"n","st":"Suplente","dvt":"V\u00e1lido","vap":"35","pvap":"   0,02"},{"seq":"76","sqcand":"140001004635","n":"40777","nm":"DECO MARAVILHA","cc":"PSB","nv":" ","e":"n","st":"Suplente","dvt":"V\u00e1lido","vap":"520","pvap":"   0,31"},{"seq":"246","sqcand":"140001092845","n":"45126","nm":"IVERTON CO\u00caLHO","cc":"PSDB","nv":" ","e":"n","st":"Suplente","dvt":"V\u00e1lido","vap":"52","pvap":"   0,03"},{"seq":"25","sqcand":"140000749784","n":"10192","nm":"ENFERMEIRO JOZIEL","cc":"REPUBLICANOS","nv":" ","e":"n","st":"Suplente","dvt":"V\u00e1lido","vap":"2009","pvap":"   1,21"},{"seq":"348","sqcand":"140000819427","n":"19200","nm":"SGT LA\u00c9RCIO","cc":"PODE","nv":" ","e":"n","st":"N\u00e3o eleito","dvt":"V\u00e1lido","vap":"156","pvap":"   0,09"},{"seq":"358","sqcand":"140001001681","n":"36000","nm":"RONY CASTRO","cc":"PTC","nv":" ","e":"n","st":"N\u00e3o eleito","dvt":"V\u00e1lido","vap":"117","pvap":"   0,07"},{"seq":"90","sqcand":"140001236145","n":"25777","nm":"SAULO MIRANDA","cc":"DEM","nv":" ","e":"n","st":"Suplente","dvt":"V\u00e1lido","vap":"409","pvap":"   0,25"},{"seq":"438","sqcand":"140001243491","n":"35610","nm":"EVELYN BRITO","cc":"PMB","nv":" ","e":"n","st":"N\u00e3o eleito","dvt":"V\u00e1lido","vap":"26","pvap":"   0,02"},{"seq":"444","sqcand":"140000819447","n":"19333","nm":"SANDRINHA CORREDORA","cc":"PODE","nv":" ","e":"n","st":"N\u00e3o eleito","dvt":"V\u00e1lido","vap":"21","pvap":"   0,01"},{"seq":"178","sqcand":"140001247559","n":"70122","nm":"ADRYANA RAKEL","cc":"AVANTE","nv":" ","e":"n","st":"Suplente","dvt":"V\u00e1lido","vap":"124","pvap":"   0,07"},{"seq":"419","sqcand":"140001243493","n":"35160","nm":"KARINA CHAVES","cc":"PMB","nv":" ","e":"n","st":"N\u00e3o eleito","dvt":"V\u00e1lido","vap":"34","pvap":"   0,02"},{"seq":"445","sqcand":"140000819442","n":"19024","nm":"MAYLA DO ESPORTE","cc":"PODE","nv":" ","e":"n","st":"N\u00e3o eleito","dvt":"V\u00e1lido","vap":"21","pvap":"   0,01"},{"seq":"15","sqcand":"140001091261","n":"20100","nm":"ENF MURILO TOLENTINO","cc":"PSC","nv":" ","e":"s","st":"Eleito","dvt":"V\u00e1lido","vap":"1674","pvap":"   1,00"},{"seq":"291","sqcand":"140000749774","n":"10333","nm":"PEDRO DUTRA","cc":"REPUBLICANOS","nv":" ","e":"n","st":"Suplente","dvt":"V\u00e1lido","vap":"13","pvap":"   0,01"},{"seq":"121","sqcand":"140001237783","n":"11235","nm":"ODENILSON VASCONCELOS","cc":"PP","nv":" ","e":"n","st":"Suplente","dvt":"V\u00e1lido","vap":"245","pvap":"   0,15"},{"seq":"199","sqcand":"140001126640","n":"13111","nm":"PAULO ROBERTO PIRES","cc":"PT","nv":" ","e":"n","st":"Suplente","dvt":"V\u00e1lido","vap":"93","pvap":"   0,06"},{"seq":"452","sqcand":"140000661768","n":"28223","nm":"DAVIS SANTANA","cc":"PRTB","nv":" ","e":"n","st":"N\u00e3o eleito","dvt":"V\u00e1lido","vap":"18","pvap":"   0,01"},{"seq":"271","sqcand":"140001109434","n":"55888","nm":"ELIENE DAS NEVES","cc":"PSD","nv":" ","e":"n","st":"Suplente","dvt":"V\u00e1lido","vap":"35","pvap":"   0,02"},{"seq":"138","sqcand":"140000748807","n":"17017","nm":"TIACICI","cc":"PSL","nv":" ","e":"n","st":"Suplente","dvt":"V\u00e1lido","vap":"205","pvap":"   0,12"},{"seq":"233","sqcand":"140001004625","n":"40017","nm":"ARMANDO GOUDINHO","cc":"PSB","nv":" ","e":"n","st":"Suplente","dvt":"V\u00e1lido","vap":"61","pvap":"   0,04"},{"seq":"162","sqcand":"140001247571","n":"70999","nm":"RODRIGO HAMAD","cc":"AVANTE","nv":" ","e":"n","st":"Suplente","dvt":"V\u00e1lido","vap":"148","pvap":"   0,09"},{"seq":"5","sqcand":"140001236128","n":"25020","nm":"JANDEILSON PEREIRA","cc":"DEM","nv":" ","e":"s","st":"Eleito","dvt":"V\u00e1lido","vap":"2992","pvap":"   1,80"},{"seq":"303","sqcand":"140001237792","n":"11678","nm":"LALA","cc":"PP","nv":" ","e":"n","st":"Suplente","dvt":"V\u00e1lido","vap":"2","pvap":"   0,00"},{"seq":"20","sqcand":"140001126648","n":"13024","nm":"BIGA KALAHARI","cc":"PT","nv":" ","e":"s","st":"Eleito","dvt":"V\u00e1lido","vap":"1276","pvap":"   0,77"},{"seq":"122","sqcand":"140001238405","n":"43222","nm":"MIGUEL MARQUES","cc":"PV","nv":" ","e":"n","st":"Suplente","dvt":"V\u00e1lido","vap":"244","pvap":"   0,15"},{"seq":"98","sqcand":"140001237788","n":"11333","nm":"LINDA R\u00caGO","cc":"PP","nv":" ","e":"n","st":"Suplente","dvt":"V\u00e1lido","vap":"342","pvap":"   0,21"},{"seq":"77","sqcand":"140001091245","n":"20800","nm":"ORLEANS","cc":"PSC","nv":" ","e":"n","st":"Suplente","dvt":"V\u00e1lido","vap":"519","pvap":"   0,31"},{"seq":"461","sqcand":"140001001679","n":"36912","nm":"EDNARA","cc":"PTC","nv":" ","e":"n","st":"N\u00e3o eleito","dvt":"V\u00e1lido","vap":"6","pvap":"   0,00"},{"seq":"101","sqcand":"140001236132","n":"25123","nm":"JO\u00c3O CORREIA","cc":"DEM","nv":" ","e":"n","st":"Suplente","dvt":"V\u00e1lido","vap":"325","pvap":"   0,20"},{"seq":"215","sqcand":"140001109440","n":"55000","nm":"GERSON NEVES","cc":"PSD","nv":" ","e":"n","st":"Suplente","dvt":"V\u00e1lido","vap":"78","pvap":"   0,05"},{"seq":"345","sqcand":"140000819439","n":"19111","nm":"ERIC SANTOS","cc":"PODE","nv":" ","e":"n","st":"N\u00e3o eleito","dvt":"V\u00e1lido","vap":"162","pvap":"   0,10"},{"seq":"296","sqcand":"140001092841","n":"45444","nm":"NAUM ALMEIDA","cc":"PSDB","nv":" ","e":"n","st":"Suplente","dvt":"V\u00e1lido","vap":"6","pvap":"   0,00"},{"seq":"16","sqcand":"140001126642","n":"13123","nm":"CARLOS MARTINS","cc":"PT","nv":" ","e":"s","st":"Eleito","dvt":"V\u00e1lido","vap":"1574","pvap":"   0,94"},{"seq":"257","sqcand":"140000749787","n":"10112","nm":"VAL GADELHA","cc":"REPUBLICANOS","nv":" ","e":"n","st":"Suplente","dvt":"V\u00e1lido","vap":"43","pvap":"   0,03"},{"seq":"360","sqcand":"140001001672","n":"36900","nm":"K\u00c1CIA ALINE","cc":"PTC","nv":" ","e":"n","st":"N\u00e3o eleito","dvt":"V\u00e1lido","vap":"115","pvap":"   0,07"},{"seq":"180","sqcand":"140001238419","n":"43243","nm":"SAMILA SILVEIRA","cc":"PV","nv":" ","e":"n","st":"Suplente","dvt":"V\u00e1lido","vap":"122","pvap":"   0,07"},{"seq":"411","sqcand":"140001093407","n":"51259","nm":"CARLOS DO FRETE","cc":"PATRIOTA","nv":" ","e":"n","st":"N\u00e3o eleito","dvt":"V\u00e1lido","vap":"41","pvap":"   0,02"},{"seq":"255","sqcand":"140001092836","n":"45112","nm":"PROFESSORA DALVA PINTO","cc":"PSDB","nv":" ","e":"n","st":"Suplente","dvt":"V\u00e1lido","vap":"45","pvap":"   0,03"},{"seq":"415","sqcand":"140001090609","n":"12012","nm":"ELAINE SARMENTO","cc":"PDT","nv":" ","e":"n","st":"N\u00e3o eleito","dvt":"V\u00e1lido","vap":"36","pvap":"   0,02"},{"seq":"333","sqcand":"140001093404","n":"51051","nm":"REGINA VIDALLE","cc":"PATRIOTA","nv":" ","e":"n","st":"N\u00e3o eleito","dvt":"V\u00e1lido","vap":"216","pvap":"   0,13"},{"seq":"286","sqcand":"140001004230","n":"22111","nm":"MARQUINHO DO PLANALTO","cc":"PL","nv":" ","e":"n","st":"Suplente","dvt":"V\u00e1lido","vap":"20","pvap":"   0,01"},{"seq":"363","sqcand":"140001001676","n":"36123","nm":"NEI CARDOSO","cc":"PTC","nv":" ","e":"n","st":"N\u00e3o eleito","dvt":"V\u00e1lido","vap":"104","pvap":"   0,06"},{"seq":"431","sqcand":"140001000673","n":"23033","nm":"GIZELE FERREIRA","cc":"CIDADANIA","nv":" ","e":"n","st":"N\u00e3o eleito","dvt":"V\u00e1lido","vap":"28","pvap":"   0,02"},{"seq":"307","sqcand":"140000818837","n":"50444","nm":"BANCADA VOZES AMAZ\u00d4NIDAS","cc":"PSOL","nv":" ","e":"n","st":"N\u00e3o eleito","dvt":"V\u00e1lido","vap":"882","pvap":"   0,53"},{"seq":"7","sqcand":"140000820798","n":"15500","nm":"RONAN LIBERAL JR","cc":"MDB","nv":" ","e":"s","st":"Eleito","dvt":"V\u00e1lido","vap":"2601","pvap":"   1,56"},{"seq":"330","sqcand":"140001001663","n":"36777","nm":"ALCEBIADES DIAS","cc":"PTC","nv":" ","e":"n","st":"N\u00e3o eleito","dvt":"V\u00e1lido","vap":"233","pvap":"   0,14"},{"seq":"468","sqcand":"140001000669","n":"23346","nm":"MARIA APARECIDA","cc":"CIDADANIA","nv":" ","e":"n","st":"N\u00e3o eleito","dvt":"V\u00e1lido","vap":"2","pvap":"   0,00"},{"seq":"79","sqcand":"140000748800","n":"17217","nm":"MOIS\u00c9S COELHO","cc":"PSL","nv":" ","e":"n","st":"Suplente","dvt":"V\u00e1lido","vap":"508","pvap":"   0,30"},{"seq":"388","sqcand":"140001093402","n":"51333","nm":"CASTRO DO GARRA","cc":"PATRIOTA","nv":" ","e":"n","st":"N\u00e3o eleito","dvt":"V\u00e1lido","vap":"59","pvap":"   0,04"},{"seq":"281","sqcand":"140001004630","n":"40182","nm":"THALES","cc":"PSB","nv":" ","e":"n","st":"Suplente","dvt":"V\u00e1lido","vap":"26","pvap":"   0,02"},{"seq":"61","sqcand":"140001092828","n":"45123","nm":"PAULO GASOLINA","cc":"PSDB","nv":" ","e":"n","st":"Suplente","dvt":"V\u00e1lido","vap":"714","pvap":"   0,43"},{"seq":"316","sqcand":"140001001680","n":"36333","nm":"IZENILDO PEDROSO","cc":"PTC","nv":" ","e":"n","st":"N\u00e3o eleito","dvt":"V\u00e1lido","vap":"371","pvap":"   0,22"},{"seq":"203","sqcand":"140000820801","n":"15200","nm":"ADINA KEILA","cc":"MDB","nv":" ","e":"n","st":"Suplente","dvt":"V\u00e1lido","vap":"90","pvap":"   0,05"},{"seq":"175","sqcand":"140001238395","n":"43333","nm":"WILMAR CABRAL","cc":"PV","nv":" ","e":"n","st":"Suplente","dvt":"V\u00e1lido","vap":"130","pvap":"   0,08"},{"seq":"129","sqcand":"140001237779","n":"11111","nm":"Z\u00c9 CARLOS CASA DE RECUPERA\u00c7\u00c3O","cc":"PP","nv":" ","e":"n","st":"Suplente","dvt":"V\u00e1lido","vap":"230","pvap":"   0,14"},{"seq":"41","sqcand":"140001126647","n":"13100","nm":"PRISCILA CASTRO","cc":"PT","nv":" ","e":"n","st":"Suplente","dvt":"V\u00e1lido","vap":"1047","pvap":"   0,63"},{"seq":"106","sqcand":"140001247562","n":"70567","nm":"ERLESSON MENEZES","cc":"AVANTE","nv":" ","e":"n","st":"Suplente","dvt":"V\u00e1lido","vap":"292","pvap":"   0,18"},{"seq":"269","sqcand":"140000820791","n":"15444","nm":"DELMA","cc":"MDB","nv":" ","e":"n","st":"Suplente","dvt":"V\u00e1lido","vap":"36","pvap":"   0,02"},{"seq":"241","sqcand":"140000748805","n":"17040","nm":"PROFESSOR NEY LOPES","cc":"PSL","nv":" ","e":"n","st":"Suplente","dvt":"V\u00e1lido","vap":"56","pvap":"   0,03"},{"seq":"133","sqcand":"140001092834","n":"45156","nm":"WALTECI NOGUEIRA","cc":"PSDB","nv":" ","e":"n","st":"Suplente","dvt":"V\u00e1lido","vap":"216","pvap":"   0,13"},{"seq":"12","sqcand":"140000749771","n":"10123","nm":"ANGELO TAPAJOS","cc":"REPUBLICANOS","nv":" ","e":"s","st":"Eleito","dvt":"V\u00e1lido","vap":"2085","pvap":"   1,25"},{"seq":"228","sqcand":"140000820796","n":"15130","nm":"CLEBER ANDRADE","cc":"MDB","nv":" ","e":"n","st":"Suplente","dvt":"V\u00e1lido","vap":"64","pvap":"   0,04"},{"seq":"195","sqcand":"140001004618","n":"40012","nm":"PERLLA FARIAS","cc":"PSB","nv":" ","e":"n","st":"Suplente","dvt":"V\u00e1lido","vap":"98","pvap":"   0,06"},{"seq":"329","sqcand":"140000661793","n":"28028","nm":"LOCUTOR DO POVO","cc":"PRTB","nv":" ","e":"n","st":"N\u00e3o eleito","dvt":"V\u00e1lido","vap":"246","pvap":"   0,15"},{"seq":"455","sqcand":"140001237941","n":"28038","nm":"YANN FEITOSA","cc":"PRTB","nv":" ","e":"n","st":"N\u00e3o eleito","dvt":"V\u00e1lido","vap":"11","pvap":"   0,01"},{"seq":"469","sqcand":"140000819451","n":"19004","nm":"JAMILE SOUSA","cc":"PODE","nv":" ","e":"n","st":"N\u00e3o eleito","dvt":"V\u00e1lido","vap":"1","pvap":"   0,01"},{"seq":"417","sqcand":"140000661774","n":"28789","nm":"ELIMARA SANTOS","cc":"PRTB","nv":" ","e":"n","st":"N\u00e3o eleito","dvt":"V\u00e1lido","vap":"35","pvap":"   0,02"},{"seq":"426","sqcand":"140001090600","n":"12200","nm":"JOSAF\u00c1 DO PO\u00c7O","cc":"PDT","nv":" ","e":"n","st":"N\u00e3o eleito","dvt":"V\u00e1lido","vap":"31","pvap":"   0,02"},{"seq":"244","sqcand":"140001247568","n":"70221","nm":"MARCELO LOUREIRO","cc":"AVANTE","nv":" ","e":"n","st":"Suplente","dvt":"V\u00e1lido","vap":"54","pvap":"   0,03"},{"seq":"211","sqcand":"140001004242","n":"22888","nm":"FERNANDO NOGUEIRA","cc":"PL","nv":" ","e":"n","st":"Suplente","dvt":"V\u00e1lido","vap":"82","pvap":"   0,05"},{"seq":"206","sqcand":"140001266125","n":"25666","nm":"GILDA","cc":"DEM","nv":" ","e":"n","st":"Suplente","dvt":"V\u00e1lido","vap":"87","pvap":"   0,05"},{"seq":"3","sqcand":"140000820797","n":"15555","nm":"ENFERMEIRA ALBA LEAL","cc":"MDB","nv":" ","e":"s","st":"Eleito","dvt":"V\u00e1lido","vap":"3320","pvap":"   1,99"},{"seq":"382","sqcand":"140000661772","n":"28333","nm":"DERLAN AMBULANTE","cc":"PRTB","nv":" ","e":"n","st":"N\u00e3o eleito","dvt":"V\u00e1lido","vap":"70","pvap":"   0,04"},{"seq":"335","sqcand":"140001090602","n":"12444","nm":"WENDELL VASCONCELOS","cc":"PDT","nv":" ","e":"n","st":"N\u00e3o eleito","dvt":"V\u00e1lido","vap":"208","pvap":"   0,12"},{"seq":"239","sqcand":"140001238418","n":"43010","nm":"SIDELMA RIBEIRO","cc":"PV","nv":" ","e":"n","st":"Suplente","dvt":"V\u00e1lido","vap":"57","pvap":"   0,03"},{"seq":"69","sqcand":"140001109442","n":"55333","nm":"MIKHAIL CARVALHO","cc":"PSD","nv":" ","e":"n","st":"Suplente","dvt":"V\u00e1lido","vap":"589","pvap":"   0,35"},{"seq":"221","sqcand":"140001004256","n":"22021","nm":"WILLIAN SILVA","cc":"PL","nv":" ","e":"n","st":"Suplente","dvt":"V\u00e1lido","vap":"74","pvap":"   0,04"},{"seq":"408","sqcand":"140001093406","n":"51007","nm":"MARTINS","cc":"PATRIOTA","nv":" ","e":"n","st":"N\u00e3o eleito","dvt":"V\u00e1lido","vap":"43","pvap":"   0,03"},{"seq":"207","sqcand":"140001004234","n":"22015","nm":"DAYBSON CLAYTON","cc":"PL","nv":" ","e":"n","st":"Suplente","dvt":"V\u00e1lido","vap":"86","pvap":"   0,05"},{"seq":"149","sqcand":"140001236143","n":"25888","nm":"ENGENHEIRO SANDRO DINIZ","cc":"DEM","nv":" ","e":"n","st":"Suplente","dvt":"V\u00e1lido","vap":"175","pvap":"   0,11"},{"seq":"313","sqcand":"140000661783","n":"28222","nm":"JACKSON DO FOLCLORE","cc":"PRTB","nv":" ","e":"n","st":"N\u00e3o eleito","dvt":"V\u00e1lido","vap":"492","pvap":"   0,30"},{"seq":"91","sqcand":"140001126633","n":"13130","nm":"IGOR SANTOS","cc":"PT","nv":" ","e":"n","st":"Suplente","dvt":"V\u00e1lido","vap":"408","pvap":"   0,24"},{"seq":"94","sqcand":"140001091270","n":"20200","nm":"URIAS PINGARILHO","cc":"PSC","nv":" ","e":"n","st":"Suplente","dvt":"V\u00e1lido","vap":"372","pvap":"   0,22"},{"seq":"155","sqcand":"140001236138","n":"25100","nm":"PROF. ODAILSON","cc":"DEM","nv":" ","e":"n","st":"Suplente","dvt":"V\u00e1lido","vap":"157","pvap":"   0,09"},{"seq":"247","sqcand":"140001236133","n":"25025","nm":"PRETA DO CARRO SOM","cc":"DEM","nv":" ","e":"n","st":"Suplente","dvt":"V\u00e1lido","vap":"51","pvap":"   0,03"},{"seq":"205","sqcand":"140001091271","n":"20700","nm":"MARCIA REGINA","cc":"PSC","nv":" ","e":"n","st":"Suplente","dvt":"V\u00e1lido","vap":"89","pvap":"   0,05"},{"seq":"210","sqcand":"140001004251","n":"22011","nm":"ZEILA BERNARDES","cc":"PL","nv":" ","e":"n","st":"Suplente","dvt":"V\u00e1lido","vap":"83","pvap":"   0,05"},{"seq":"409","sqcand":"140000661781","n":"28285","nm":"NEGUINHO DA CONSTRU\u00c7\u00c3O","cc":"PRTB","nv":" ","e":"n","st":"N\u00e3o eleito","dvt":"V\u00e1lido","vap":"43","pvap":"   0,03"},{"seq":"198","sqcand":"140001238416","n":"43125","nm":"SALVADOR","cc":"PV","nv":" ","e":"n","st":"Suplente","dvt":"V\u00e1lido","vap":"93","pvap":"   0,06"},{"seq":"285","sqcand":"140001092824","n":"45001","nm":"ADIEL RODRIGUES","cc":"PSDB","nv":" ","e":"n","st":"Suplente","dvt":"V\u00e1lido","vap":"23","pvap":"   0,01"},{"seq":"267","sqcand":"140001092844","n":"45100","nm":"ANA C\u00c9LIA","cc":"PSDB","nv":" ","e":"n","st":"Suplente","dvt":"V\u00e1lido","vap":"37","pvap":"   0,02"},{"seq":"57","sqcand":"140001236125","n":"25555","nm":"WAGNER DA CASA RURAL","cc":"DEM","nv":" ","e":"n","st":"Suplente","dvt":"V\u00e1lido","vap":"757","pvap":"   0,45"},{"seq":"17","sqcand":"140001237786","n":"11233","nm":"DIDI FELEOL","cc":"PP","nv":" ","e":"s","st":"Eleito","dvt":"V\u00e1lido","vap":"1453","pvap":"   0,87"},{"seq":"80","sqcand":"140001238412","n":"43555","nm":"BAIANO","cc":"PV","nv":" ","e":"n","st":"Suplente","dvt":"V\u00e1lido","vap":"507","pvap":"   0,30"},{"seq":"422","sqcand":"140001238283","n":"27708","nm":"WILLIAMS DOS ANJOS","cc":"DC","nv":" ","e":"n","st":"N\u00e3o eleito","dvt":"Anulado sub judice","vap":"33","pvap":"   0,02"},{"seq":"104","sqcand":"140001237784","n":"11555","nm":"SABB\u00c1 OLIVEIRA","cc":"PP","nv":" ","e":"n","st":"Suplente","dvt":"V\u00e1lido","vap":"302","pvap":"   0,18"},{"seq":"234","sqcand":"140000749770","n":"10567","nm":"IRMA MONICA","cc":"REPUBLICANOS","nv":" ","e":"n","st":"Suplente","dvt":"V\u00e1lido","vap":"61","pvap":"   0,04"},{"seq":"465","sqcand":"140001001665","n":"36234","nm":"ELIZA PICAN\u00c7O","cc":"PTC","nv":" ","e":"n","st":"N\u00e3o eleito","dvt":"V\u00e1lido","vap":"5","pvap":"   0,00"},{"seq":"223","sqcand":"140001237775","n":"11106","nm":"F\u00c1BIO SAMPAIO","cc":"PP","nv":" ","e":"n","st":"Suplente","dvt":"V\u00e1lido","vap":"73","pvap":"   0,04"},{"seq":"192","sqcand":"140001004619","n":"40567","nm":"LEO CARVALHO","cc":"PSB","nv":" ","e":"n","st":"Suplente","dvt":"V\u00e1lido","vap":"102","pvap":"   0,06"},{"seq":"433","sqcand":"140001238393","n":"43122","nm":"BARE","cc":"PV","nv":" ","e":"n","st":"N\u00e3o eleito","dvt":"Anulado sub judice","vap":"27","pvap":"   0,02"},{"seq":"258","sqcand":"140000749772","n":"10778","nm":"ELISABETE DE PAULA","cc":"REPUBLICANOS","nv":" ","e":"n","st":"Suplente","dvt":"V\u00e1lido","vap":"42","pvap":"   0,03"},{"seq":"325","sqcand":"140000818836","n":"50180","nm":"RENATA MOARA","cc":"PSOL","nv":" ","e":"n","st":"N\u00e3o eleito","dvt":"V\u00e1lido","vap":"264","pvap":"   0,16"},{"seq":"351","sqcand":"140001000657","n":"23551","nm":"PRETO SILVA","cc":"CIDADANIA","nv":" ","e":"n","st":"N\u00e3o eleito","dvt":"V\u00e1lido","vap":"148","pvap":"   0,09"},{"seq":"294","sqcand":"140001126635","n":"13431","nm":"ANDR\u00c9 DE ALTER DE CH\u00c3O","cc":"PT","nv":" ","e":"n","st":"Suplente","dvt":"V\u00e1lido","vap":"11","pvap":"   0,01"},{"seq":"352","sqcand":"140001090617","n":"12999","nm":"MARIO GOMES","cc":"PDT","nv":" ","e":"n","st":"N\u00e3o eleito","dvt":"V\u00e1lido","vap":"141","pvap":"   0,08"},{"seq":"46","sqcand":"140001236131","n":"25234","nm":"CARLOS SANTOS","cc":"DEM","nv":" ","e":"n","st":"Suplente","dvt":"V\u00e1lido","vap":"900","pvap":"   0,54"},{"seq":"22","sqcand":"140000820793","n":"15600","nm":"ANDREO RASERA","cc":"MDB","nv":" ","e":"n","st":"Suplente","dvt":"V\u00e1lido","vap":"2143","pvap":"   1,29"},{"seq":"314","sqcand":"140000819430","n":"19999","nm":"FRANCISCO DO POV\u00c3O","cc":"PODE","nv":" ","e":"n","st":"N\u00e3o eleito","dvt":"V\u00e1lido","vap":"395","pvap":"   0,24"},{"seq":"425","sqcand":"140001000662","n":"23234","nm":"MARIA SILVA","cc":"CIDADANIA","nv":" ","e":"n","st":"N\u00e3o eleito","dvt":"V\u00e1lido","vap":"32","pvap":"   0,02"},{"seq":"219","sqcand":"140001004640","n":"40000","nm":"EDIMA ARAPONGA","cc":"PSB","nv":" ","e":"n","st":"Suplente","dvt":"V\u00e1lido","vap":"76","pvap":"   0,05"},{"seq":"322","sqcand":"140000819440","n":"19007","nm":"IANNE MONTEIRO BELO","cc":"PODE","nv":" ","e":"n","st":"N\u00e3o eleito","dvt":"V\u00e1lido","vap":"300","pvap":"   0,18"},{"seq":"33","sqcand":"140001238402","n":"43615","nm":"ANDRE DO RAIO X","cc":"PV","nv":" ","e":"n","st":"Suplente","dvt":"V\u00e1lido","vap":"1210","pvap":"   0,73"},{"seq":"336","sqcand":"140000818839","n":"50123","nm":"ERLAN NADLER","cc":"PSOL","nv":" ","e":"n","st":"N\u00e3o eleito","dvt":"V\u00e1lido","vap":"205","pvap":"   0,12"},{"seq":"187","sqcand":"140001092846","n":"45000","nm":"PEDRO C\u00c9LIO GABINHA","cc":"PSDB","nv":" ","e":"n","st":"Suplente","dvt":"V\u00e1lido","vap":"113","pvap":"   0,07"},{"seq":"292","sqcand":"140001247560","n":"70007","nm":"CARLA BENTES","cc":"AVANTE","nv":" ","e":"n","st":"Suplente","dvt":"V\u00e1lido","vap":"13","pvap":"   0,01"},{"seq":"343","sqcand":"140001001675","n":"36007","nm":"PALHA\u00c7O PANELA","cc":"PTC","nv":" ","e":"n","st":"N\u00e3o eleito","dvt":"V\u00e1lido","vap":"167","pvap":"   0,10"},{"seq":"216","sqcand":"140001091254","n":"20077","nm":"ENF GORETH","cc":"PSC","nv":" ","e":"n","st":"Suplente","dvt":"V\u00e1lido","vap":"77","pvap":"   0,05"},{"seq":"143","sqcand":"140001004636","n":"40444","nm":"ELLEN MARA","cc":"PSB","nv":" ","e":"n","st":"Suplente","dvt":"V\u00e1lido","vap":"196","pvap":"   0,12"},{"seq":"146","sqcand":"140001238414","n":"43321","nm":"ROBSON ITUQUI","cc":"PV","nv":" ","e":"n","st":"Suplente","dvt":"V\u00e1lido","vap":"185","pvap":"   0,11"},{"seq":"139","sqcand":"140001092826","n":"45654","nm":"PROFESSORA TEREZINHA PACHECO","cc":"PSDB","nv":" ","e":"n","st":"Suplente","dvt":"V\u00e1lido","vap":"204","pvap":"   0,12"},{"seq":"227","sqcand":"140001091264","n":"20312","nm":"LUIZ TAVARES","cc":"PSC","nv":" ","e":"n","st":"Suplente","dvt":"V\u00e1lido","vap":"65","pvap":"   0,04"},{"seq":"289","sqcand":"140001091267","n":"20040","nm":"NAZA","cc":"PSC","nv":" ","e":"n","st":"Suplente","dvt":"V\u00e1lido","vap":"14","pvap":"   0,01"},{"seq":"9","sqcand":"140001238391","n":"43777","nm":"ADRIANA ALMEIDA","cc":"PV","nv":" ","e":"s","st":"Eleito","dvt":"V\u00e1lido","vap":"2308","pvap":"   1,39"},{"seq":"414","sqcand":"140000819426","n":"19666","nm":"DONA NEGA","cc":"PODE","nv":" ","e":"n","st":"N\u00e3o eleito","dvt":"V\u00e1lido","vap":"36","pvap":"   0,02"},{"seq":"381","sqcand":"140001001659","n":"36222","nm":"Z\u00c9 DA SALVA\u00c7\u00c3O","cc":"PTC","nv":" ","e":"n","st":"N\u00e3o eleito","dvt":"V\u00e1lido","vap":"70","pvap":"   0,04"},{"seq":"340","sqcand":"140001090598","n":"12320","nm":"ELIELMA SAMPAIO","cc":"PDT","nv":" ","e":"n","st":"N\u00e3o eleito","dvt":"V\u00e1lido","vap":"173","pvap":"   0,10"},{"seq":"107","sqcand":"140000749769","n":"10020","nm":"PAULO ROBERTO","cc":"REPUBLICANOS","nv":" ","e":"n","st":"Suplente","dvt":"V\u00e1lido","vap":"291","pvap":"   0,17"},{"seq":"471","sqcand":"140000661786","n":"28828","nm":"PROFESSORA FRANCINUBIA","cc":"PRTB","nv":" ","e":"n","st":"N\u00e3o eleito","dvt":"V\u00e1lido","vap":"0","pvap":"00.00"},{"seq":"334","sqcand":"140000819449","n":"19137","nm":"DENIS BORGES","cc":"PODE","nv":" ","e":"n","st":"N\u00e3o eleito","dvt":"V\u00e1lido","vap":"214","pvap":"   0,13"},{"seq":"43","sqcand":"140001004258","n":"22777","nm":"SENAZAR GUIMAR\u00c3ES","cc":"PL","nv":" ","e":"n","st":"Suplente","dvt":"V\u00e1lido","vap":"963","pvap":"   0,58"},{"seq":"117","sqcand":"140001091266","n":"20888","nm":"SAMUEL DO MOTO TAXI","cc":"PSC","nv":" ","e":"n","st":"Suplente","dvt":"V\u00e1lido","vap":"263","pvap":"   0,16"},{"seq":"156","sqcand":"140001004236","n":"22999","nm":"ADRIANA FIGUEIRA ","cc":"PL","nv":" ","e":"n","st":"Suplente","dvt":"V\u00e1lido","vap":"156","pvap":"   0,09"},{"seq":"220","sqcand":"140000749782","n":"10111","nm":"MIRO LICATA","cc":"REPUBLICANOS","nv":" ","e":"n","st":"Suplente","dvt":"V\u00e1lido","vap":"74","pvap":"   0,04"},{"seq":"264","sqcand":"140000749779","n":"10114","nm":"SALES SANTAREM","cc":"REPUBLICANOS","nv":" ","e":"n","st":"Suplente","dvt":"V\u00e1lido","vap":"37","pvap":"   0,02"},{"seq":"384","sqcand":"140001243486","n":"35123","nm":"PEDRO PAULO","cc":"PMB","nv":" ","e":"n","st":"N\u00e3o eleito","dvt":"V\u00e1lido","vap":"68","pvap":"   0,04"},{"seq":"393","sqcand":"140001000660","n":"23111","nm":"JEREMIAS FIGUEIRA","cc":"CIDADANIA","nv":" ","e":"n","st":"N\u00e3o eleito","dvt":"V\u00e1lido","vap":"55","pvap":"   0,03"},{"seq":"338","sqcand":"140000661784","n":"28555","nm":"OSVALDO DUARTE","cc":"PRTB","nv":" ","e":"n","st":"N\u00e3o eleito","dvt":"V\u00e1lido","vap":"180","pvap":"   0,11"},{"seq":"371","sqcand":"140000661776","n":"28123","nm":"EDY ARA\u00daJO","cc":"PRTB","nv":" ","e":"n","st":"N\u00e3o eleito","dvt":"V\u00e1lido","vap":"81","pvap":"   0,05"},{"seq":"240","sqcand":"140000748808","n":"17555","nm":"VAL ALTER","cc":"PSL","nv":" ","e":"n","st":"Suplente","dvt":"V\u00e1lido","vap":"57","pvap":"   0,03"},{"seq":"8","sqcand":"140001109439","n":"55555","nm":"ALYSSON PONTES","cc":"PSD","nv":" ","e":"s","st":"Eleito","dvt":"V\u00e1lido","vap":"2591","pvap":"   1,56"},{"seq":"453","sqcand":"140000661787","n":"28511","nm":"PROFESSORA J\u00d4","cc":"PRTB","nv":" ","e":"n","st":"N\u00e3o eleito","dvt":"V\u00e1lido","vap":"17","pvap":"   0,01"},{"seq":"378","sqcand":"140000818831","n":"50333","nm":"LENA SANTOS","cc":"PSOL","nv":" ","e":"n","st":"N\u00e3o eleito","dvt":"V\u00e1lido","vap":"71","pvap":"   0,04"},{"seq":"349","sqcand":"140000661782","n":"28007","nm":"SERGIO FURTADO","cc":"PRTB","nv":" ","e":"n","st":"N\u00e3o eleito","dvt":"V\u00e1lido","vap":"154","pvap":"   0,09"},{"seq":"413","sqcand":"140001001660","n":"36999","nm":"RODRIGO ROCHA","cc":"PTC","nv":" ","e":"n","st":"N\u00e3o eleito","dvt":"V\u00e1lido","vap":"38","pvap":"   0,02"},{"seq":"356","sqcand":"140001000666","n":"23123","nm":"GILMAR SOUSA","cc":"CIDADANIA","nv":" ","e":"n","st":"N\u00e3o eleito","dvt":"V\u00e1lido","vap":"126","pvap":"   0,08"},{"seq":"56","sqcand":"140001109437","n":"55190","nm":"JO\u00c3O DE ALMEIDA","cc":"PSD","nv":" ","e":"n","st":"Suplente","dvt":"V\u00e1lido","vap":"775","pvap":"   0,47"},{"seq":"344","sqcand":"140001001666","n":"36400","nm":"SAULO FEITOSA","cc":"PTC","nv":" ","e":"n","st":"N\u00e3o eleito","dvt":"V\u00e1lido","vap":"166","pvap":"   0,10"},{"seq":"404","sqcand":"140000661792","n":"28077","nm":"IRM\u00c3 ROSILDA","cc":"PRTB","nv":" ","e":"n","st":"N\u00e3o eleito","dvt":"V\u00e1lido","vap":"47","pvap":"   0,03"},{"seq":"423","sqcand":"140000819429","n":"19121","nm":"BRUNO UBER","cc":"PODE","nv":" ","e":"n","st":"N\u00e3o eleito","dvt":"V\u00e1lido","vap":"33","pvap":"   0,02"},{"seq":"370","sqcand":"140000661775","n":"28999","nm":"ADRIANO COLARES","cc":"PRTB","nv":" ","e":"n","st":"N\u00e3o eleito","dvt":"V\u00e1lido","vap":"83","pvap":"   0,05"},{"seq":"379","sqcand":"140001093405","n":"51123","nm":"PROFESSOR CLEI","cc":"PATRIOTA","nv":" ","e":"n","st":"N\u00e3o eleito","dvt":"V\u00e1lido","vap":"71","pvap":"   0,04"},{"seq":"83","sqcand":"140001004610","n":"40223","nm":"RAIMUNDO MOTOTAXISTA","cc":"PSB","nv":" ","e":"n","st":"Suplente","dvt":"V\u00e1lido","vap":"491","pvap":"   0,29"},{"seq":"374","sqcand":"140001001669","n":"36122","nm":"BOTINHO","cc":"PTC","nv":" ","e":"n","st":"N\u00e3o eleito","dvt":"V\u00e1lido","vap":"76","pvap":"   0,05"},{"seq":"282","sqcand":"140001126634","n":"13555","nm":"VALDSON PONTES","cc":"PT","nv":" ","e":"n","st":"Suplente","dvt":"V\u00e1lido","vap":"25","pvap":"   0,02"},{"seq":"380","sqcand":"140001093400","n":"51111","nm":"PROFESSOR BETO PUREZA","cc":"PATRIOTA","nv":" ","e":"n","st":"N\u00e3o eleito","dvt":"V\u00e1lido","vap":"71","pvap":"   0,04"},{"seq":"140","sqcand":"140001004238","n":"22013","nm":"KAIO ARAPIUN","cc":"PL","nv":" ","e":"n","st":"Suplente","dvt":"V\u00e1lido","vap":"204","pvap":"   0,12"},{"seq":"18","sqcand":"140001004626","n":"40555","nm":"GERLANDE CASTRO","cc":"PSB","nv":" ","e":"s","st":"Eleito","dvt":"V\u00e1lido","vap":"1437","pvap":"   0,86"},{"seq":"459","sqcand":"140000661771","n":"28331","nm":"CELSO DOURADO","cc":"PRTB","nv":" ","e":"n","st":"N\u00e3o eleito","dvt":"V\u00e1lido","vap":"7","pvap":"   0,00"},{"seq":"163","sqcand":"140001238397","n":"43441","nm":"ANDERSON PIMENTEL","cc":"PV","nv":" ","e":"n","st":"Suplente","dvt":"V\u00e1lido","vap":"147","pvap":"   0,09"},{"seq":"300","sqcand":"140001092848","n":"45213","nm":"GERLANDO SANTARENO","cc":"PSDB","nv":" ","e":"n","st":"Suplente","dvt":"V\u00e1lido","vap":"3","pvap":"   0,00"},{"seq":"386","sqcand":"140000661790","n":"28344","nm":"VERI PEDROSO","cc":"PRTB","nv":" ","e":"n","st":"N\u00e3o eleito","dvt":"V\u00e1lido","vap":"62","pvap":"   0,04"},{"seq":"451","sqcand":"140001090614","n":"12555","nm":"SANDRA BRITO","cc":"PDT","nv":" ","e":"n","st":"N\u00e3o eleito","dvt":"V\u00e1lido","vap":"18","pvap":"   0,01"},{"seq":"141","sqcand":"140001091249","n":"20123","nm":"SGT MONTEIRO","cc":"PSC","nv":" ","e":"n","st":"Suplente","dvt":"V\u00e1lido","vap":"202","pvap":"   0,12"},{"seq":"299","sqcand":"140001004622","n":"40700","nm":"SANTIAGO SOUSA","cc":"PSB","nv":" ","e":"n","st":"Suplente","dvt":"V\u00e1lido","vap":"4","pvap":"   0,00"},{"seq":"60","sqcand":"140000748798","n":"17007","nm":"DELEGADO HERBERT JUNIOR","cc":"PSL","nv":" ","e":"n","st":"Suplente","dvt":"V\u00e1lido","vap":"716","pvap":"   0,43"},{"seq":"231","sqcand":"140001004253","n":"22048","nm":"CLAUDINE SANTOS","cc":"PL","nv":" ","e":"n","st":"Suplente","dvt":"V\u00e1lido","vap":"62","pvap":"   0,04"},{"seq":"383","sqcand":"140001090611","n":"12131","nm":"LUZI","cc":"PDT","nv":" ","e":"n","st":"N\u00e3o eleito","dvt":"V\u00e1lido","vap":"70","pvap":"   0,04"},{"seq":"196","sqcand":"140001092838","n":"45678","nm":"MAURO NASCIMENTO","cc":"PSDB","nv":" ","e":"n","st":"Suplente","dvt":"V\u00e1lido","vap":"93","pvap":"   0,06"},{"seq":"181","sqcand":"140001238415","n":"43500","nm":"THALIA UCHOA","cc":"PV","nv":" ","e":"n","st":"Suplente","dvt":"V\u00e1lido","vap":"120","pvap":"   0,07"},{"seq":"26","sqcand":"140000820790","n":"15777","nm":"DAVID PAIVA","cc":"MDB","nv":" ","e":"n","st":"Suplente","dvt":"V\u00e1lido","vap":"1869","pvap":"   1,12"},{"seq":"284","sqcand":"140001238407","n":"43111","nm":"DEUSA MOURA","cc":"PV","nv":" ","e":"n","st":"Suplente","dvt":"V\u00e1lido","vap":"24","pvap":"   0,01"},{"seq":"441","sqcand":"140000819450","n":"19001","nm":"ELIVALDO GORDO DA ESTANCIA JU\u00c1","cc":"PODE","nv":" ","e":"n","st":"N\u00e3o eleito","dvt":"V\u00e1lido","vap":"23","pvap":"   0,01"},{"seq":"21","sqcand":"140001091268","n":"20500","nm":"CARLOS SILVA","cc":"PSC","nv":" ","e":"s","st":"Eleito","dvt":"V\u00e1lido","vap":"1221","pvap":"   0,73"},{"seq":"430","sqcand":"140000661791","n":"28111","nm":"SIMONE FREITAS","cc":"PRTB","nv":" ","e":"n","st":"N\u00e3o eleito","dvt":"V\u00e1lido","vap":"29","pvap":"   0,02"},{"seq":"110","sqcand":"140001236126","n":"25112","nm":"RAY SILVA","cc":"DEM","nv":" ","e":"n","st":"Suplente","dvt":"V\u00e1lido","vap":"282","pvap":"   0,17"},{"seq":"88","sqcand":"140001004255","n":"22456","nm":"ZEQUINHA FRANCO","cc":"PL","nv":" ","e":"n","st":"Suplente","dvt":"V\u00e1lido","vap":"417","pvap":"   0,25"},{"seq":"172","sqcand":"140001109432","n":"55100","nm":"RICHA DA SAUDE","cc":"PSD","nv":" ","e":"n","st":"Suplente","dvt":"V\u00e1lido","vap":"134","pvap":"   0,08"},{"seq":"376","sqcand":"140001001661","n":"36345","nm":"NEUZA CONFEC\u00c7\u00d5ES","cc":"PTC","nv":" ","e":"n","st":"N\u00e3o eleito","dvt":"V\u00e1lido","vap":"74","pvap":"   0,04"},{"seq":"390","sqcand":"140001093403","n":"51762","nm":"REBELTON JOBSON","cc":"PATRIOTA","nv":" ","e":"n","st":"N\u00e3o eleito","dvt":"V\u00e1lido","vap":"57","pvap":"   0,03"},{"seq":"238","sqcand":"140000749786","n":"10789","nm":"GERSON DO CREDIARIO","cc":"REPUBLICANOS","nv":" ","e":"n","st":"Suplente","dvt":"V\u00e1lido","vap":"58","pvap":"   0,03"},{"seq":"323","sqcand":"140001090603","n":"12333","nm":"SOCORRO LIMA","cc":"PDT","nv":" ","e":"n","st":"N\u00e3o eleito","dvt":"V\u00e1lido","vap":"278","pvap":"   0,17"},{"seq":"189","sqcand":"140000749777","n":"10500","nm":"HOZANA OPCAO","cc":"REPUBLICANOS","nv":" ","e":"n","st":"Suplente","dvt":"V\u00e1lido","vap":"108","pvap":"   0,06"},{"seq":"10","sqcand":"140001247566","n":"70777","nm":"ELIELTON LIRA","cc":"AVANTE","nv":" ","e":"s","st":"Eleito","dvt":"V\u00e1lido","vap":"2236","pvap":"   1,34"},{"seq":"126","sqcand":"140000749765","n":"10555","nm":"ROSIELISON PARAZINHO","cc":"REPUBLICANOS","nv":" ","e":"n","st":"Suplente","dvt":"V\u00e1lido","vap":"232","pvap":"   0,14"},{"seq":"297","sqcand":"140001236146","n":"25999","nm":"TCH\u00ca","cc":"DEM","nv":" ","e":"n","st":"Suplente","dvt":"V\u00e1lido","vap":"5","pvap":"   0,00"},{"seq":"66","sqcand":"140001091262","n":"20120","nm":"ARINOS NOGUEIRA","cc":"PSC","nv":" ","e":"n","st":"Suplente","dvt":"V\u00e1lido","vap":"624","pvap":"   0,37"},{"seq":"318","sqcand":"140000819433","n":"19777","nm":"PROFESSOR ADSON WENDER","cc":"PODE","nv":" ","e":"n","st":"N\u00e3o eleito","dvt":"V\u00e1lido","vap":"313","pvap":"   0,19"},{"seq":"337","sqcand":"140000818840","n":"50050","nm":"GLEYDSON PONTES","cc":"PSOL","nv":" ","e":"n","st":"N\u00e3o eleito","dvt":"V\u00e1lido","vap":"199","pvap":"   0,12"},{"seq":"158","sqcand":"140001238396","n":"43007","nm":"TIAGO DOS ANJOS","cc":"PV","nv":" ","e":"n","st":"Suplente","dvt":"V\u00e1lido","vap":"154","pvap":"   0,09"},{"seq":"50","sqcand":"140001247570","n":"70456","nm":"JAIR NORONHA","cc":"AVANTE","nv":" ","e":"n","st":"Suplente","dvt":"V\u00e1lido","vap":"821","pvap":"   0,49"},{"seq":"437","sqcand":"140001090607","n":"12123","nm":"GILSON TUPINAMB\u00c1","cc":"PDT","nv":" ","e":"n","st":"N\u00e3o eleito","dvt":"V\u00e1lido","vap":"26","pvap":"   0,02"},{"seq":"464","sqcand":"140001243477","n":"35330","nm":"ARMANDO JUNIO","cc":"PMB","nv":" ","e":"n","st":"N\u00e3o eleito","dvt":"V\u00e1lido","vap":"5","pvap":"   0,00"},{"seq":"67","sqcand":"140001004235","n":"22222","nm":"ALEXANDRE RIBAS ","cc":"PL","nv":" ","e":"n","st":"Suplente","dvt":"V\u00e1lido","vap":"619","pvap":"   0,37"},{"seq":"108","sqcand":"140000748813","n":"17001","nm":"FABRICIA BARRUDADA","cc":"PSL","nv":" ","e":"n","st":"Suplente","dvt":"V\u00e1lido","vap":"285","pvap":"   0,17"},{"seq":"405","sqcand":"140001000671","n":"23333","nm":"KEITTE ARAUJO","cc":"CIDADANIA","nv":" ","e":"n","st":"N\u00e3o eleito","dvt":"V\u00e1lido","vap":"47","pvap":"   0,03"},{"seq":"137","sqcand":"140001126641","n":"13500","nm":"ENFERMEIRA CLARA NEVES","cc":"PT","nv":" ","e":"n","st":"Suplente","dvt":"V\u00e1lido","vap":"205","pvap":"   0,12"},{"seq":"145","sqcand":"140001109433","n":"55777","nm":"SELDA DO JUA","cc":"PSD","nv":" ","e":"n","st":"Suplente","dvt":"V\u00e1lido","vap":"191","pvap":"   0,11"},{"seq":"400","sqcand":"140001243488","n":"35191","nm":"ANTONIO DA CERAMICA","cc":"PMB","nv":" ","e":"n","st":"N\u00e3o eleito","dvt":"V\u00e1lido","vap":"49","pvap":"   0,03"},{"seq":"272","sqcand":"140000748809","n":"17077","nm":"LENE SOUSA AX\u00c9","cc":"PSL","nv":" ","e":"n","st":"Suplente","dvt":"V\u00e1lido","vap":"33","pvap":"   0,02"},{"seq":"197","sqcand":"140001004623","n":"40500","nm":"ROSEVEL COMBOSA","cc":"PSB","nv":" ","e":"n","st":"Suplente","dvt":"V\u00e1lido","vap":"93","pvap":"   0,06"},{"seq":"470","sqcand":"140000819437","n":"19031","nm":"DALTON OLIVEIRA","cc":"PODE","nv":" ","e":"n","st":"N\u00e3o eleito","dvt":"V\u00e1lido","vap":"0","pvap":"00.00"},{"seq":"261","sqcand":"140000749778","n":"10569","nm":"JOSE MARIA SOLDADOR","cc":"REPUBLICANOS","nv":" ","e":"n","st":"Suplente","dvt":"V\u00e1lido","vap":"41","pvap":"   0,02"},{"seq":"237","sqcand":"140001091265","n":"20600","nm":"ADONIAS DA GRAVADORA","cc":"PSC","nv":" ","e":"n","st":"Suplente","dvt":"V\u00e1lido","vap":"59","pvap":"   0,04"},{"seq":"369","sqcand":"140001090613","n":"12777","nm":"GRACINETE OLIVEIRA","cc":"PDT","nv":" ","e":"n","st":"N\u00e3o eleito","dvt":"V\u00e1lido","vap":"83","pvap":"   0,05"},{"seq":"368","sqcand":"140001243489","n":"35551","nm":"ABELARDO CARRAPATO","cc":"PMB","nv":" ","e":"n","st":"N\u00e3o eleito","dvt":"V\u00e1lido","vap":"86","pvap":"   0,05"},{"seq":"454","sqcand":"140001093399","n":"51777","nm":"ROSINEIDE FERNANDES","cc":"PATRIOTA","nv":" ","e":"n","st":"N\u00e3o eleito","dvt":"V\u00e1lido","vap":"11","pvap":"   0,01"},{"seq":"28","sqcand":"140001236142","n":"25222","nm":"ALBERTO PORTELA","cc":"DEM","nv":" ","e":"n","st":"Suplente","dvt":"V\u00e1lido","vap":"1641","pvap":"   0,98"},{"seq":"212","sqcand":"140001004259","n":"22357","nm":"MARCIA DERLI","cc":"PL","nv":" ","e":"n","st":"Suplente","dvt":"V\u00e1lido","vap":"82","pvap":"   0,05"},{"seq":"262","sqcand":"140001092837","n":"45146","nm":"EVANDRO JESUS","cc":"PSDB","nv":" ","e":"n","st":"Suplente","dvt":"V\u00e1lido","vap":"40","pvap":"   0,02"},{"seq":"68","sqcand":"140001004233","n":"22122","nm":"EDINALDO SOUSA ","cc":"PL","nv":" ","e":"n","st":"Suplente","dvt":"V\u00e1lido","vap":"593","pvap":"   0,36"},{"seq":"288","sqcand":"140001004614","n":"40630","nm":"ROSA SANTAREM","cc":"PSB","nv":" ","e":"n","st":"Suplente","dvt":"V\u00e1lido","vap":"18","pvap":"   0,01"},{"seq":"113","sqcand":"140000749762","n":"10222","nm":"IVAIR MAIA","cc":"REPUBLICANOS","nv":" ","e":"n","st":"Suplente","dvt":"V\u00e1lido","vap":"276","pvap":"   0,17"},{"seq":"366","sqcand":"140001001682","n":"36500","nm":"SANS\u00c3O","cc":"PTC","nv":" ","e":"n","st":"N\u00e3o eleito","dvt":"V\u00e1lido","vap":"94","pvap":"   0,06"},{"seq":"326","sqcand":"140001001687","n":"36033","nm":"SOUSA DO SAL\u00c3O","cc":"PTC","nv":" ","e":"n","st":"N\u00e3o eleito","dvt":"V\u00e1lido","vap":"258","pvap":"   0,15"},{"seq":"95","sqcand":"140000820805","n":"15015","nm":"ROSE MATOS","cc":"MDB","nv":" ","e":"n","st":"Suplente","dvt":"V\u00e1lido","vap":"363","pvap":"   0,22"},{"seq":"250","sqcand":"140001004257","n":"22000","nm":"MARIANALDO DO URUARI","cc":"PL","nv":" ","e":"n","st":"Suplente","dvt":"V\u00e1lido","vap":"49","pvap":"   0,03"},{"seq":"24","sqcand":"140000820799","n":"15123","nm":"ALA\u00c9RCIO CARDOSO","cc":"MDB","nv":" ","e":"n","st":"Suplente","dvt":"V\u00e1lido","vap":"2012","pvap":"   1,21"},{"seq":"59","sqcand":"140001004611","n":"40222","nm":"CHIQUINHO DO AEROPORTO","cc":"PSB","nv":" ","e":"n","st":"Suplente","dvt":"V\u00e1lido","vap":"723","pvap":"   0,43"},{"seq":"177","sqcand":"140001091259","n":"20007","nm":"JOSIMAR AMARAL","cc":"PSC","nv":" ","e":"n","st":"Suplente","dvt":"V\u00e1lido","vap":"125","pvap":"   0,08"},{"seq":"377","sqcand":"140001000668","n":"23456","nm":"ELY ALVARENGA","cc":"CIDADANIA","nv":" ","e":"n","st":"N\u00e3o eleito","dvt":"V\u00e1lido","vap":"72","pvap":"   0,04"},{"seq":"48","sqcand":"140001091247","n":"20777","nm":"ADEMIR CAMPELO","cc":"PSC","nv":" ","e":"n","st":"Suplente","dvt":"V\u00e1lido","vap":"831","pvap":"   0,50"},{"seq":"136","sqcand":"140000749766","n":"10900","nm":"NALDO DO POVO","cc":"REPUBLICANOS","nv":" ","e":"n","st":"Suplente","dvt":"V\u00e1lido","vap":"205","pvap":"   0,12"},{"seq":"435","sqcand":"140000819444","n":"19222","nm":"NONATO SALES","cc":"PODE","nv":" ","e":"n","st":"N\u00e3o eleito","dvt":"V\u00e1lido","vap":"27","pvap":"   0,02"},{"seq":"320","sqcand":"140001238398","n":"43550","nm":"NEY BORGES","cc":"PV","nv":" ","e":"n","st":"N\u00e3o eleito","dvt":"Anulado sub judice","vap":"310","pvap":"   0,19"},{"seq":"432","sqcand":"140000661777","n":"28280","nm":"EDU SILVA","cc":"PRTB","nv":" ","e":"n","st":"N\u00e3o eleito","dvt":"Anulado sub judice","vap":"28","pvap":"   0,02"},{"seq":"458","sqcand":"140001243485","n":"35025","nm":"KESSIA SANTOS","cc":"PMB","nv":" ","e":"n","st":"N\u00e3o eleito","dvt":"V\u00e1lido","vap":"8","pvap":"   0,00"},{"seq":"176","sqcand":"140001237776","n":"11300","nm":"ANNY COUTINHO","cc":"PP","nv":" ","e":"n","st":"Suplente","dvt":"V\u00e1lido","vap":"128","pvap":"   0,08"},{"seq":"353","sqcand":"140001001670","n":"36789","nm":"JRAMOS LAGO GRANDE","cc":"PTC","nv":" ","e":"n","st":"N\u00e3o eleito","dvt":"V\u00e1lido","vap":"141","pvap":"   0,08"},{"seq":"53","sqcand":"140000820803","n":"15333","nm":"JOS\u00c9 MARIA LIRA","cc":"MDB","nv":" ","e":"n","st":"Suplente","dvt":"V\u00e1lido","vap":"809","pvap":"   0,49"},{"seq":"112","sqcand":"140001236129","n":"25200","nm":"PROFESSOR SIDNEI NASCIMENTO","cc":"DEM","nv":" ","e":"n","st":"Suplente","dvt":"V\u00e1lido","vap":"277","pvap":"   0,17"},{"seq":"34","sqcand":"140000820806","n":"15000","nm":"DR TABAJARA","cc":"MDB","nv":" ","e":"n","st":"Suplente","dvt":"V\u00e1lido","vap":"1180","pvap":"   0,71"},{"seq":"457","sqcand":"140001243481","n":"35340","nm":"MARIANE","cc":"PMB","nv":" ","e":"n","st":"N\u00e3o eleito","dvt":"V\u00e1lido","vap":"10","pvap":"   0,01"},{"seq":"346","sqcand":"140001243478","n":"35235","nm":"DYENNERF","cc":"PMB","nv":" ","e":"n","st":"N\u00e3o eleito","dvt":"V\u00e1lido","vap":"161","pvap":"   0,10"},{"seq":"462","sqcand":"140000819436","n":"19002","nm":"CAMILA PESSOA","cc":"PODE","nv":" ","e":"n","st":"N\u00e3o eleito","dvt":"V\u00e1lido","vap":"6","pvap":"   0,00"},{"seq":"385","sqcand":"140001001684","n":"36456","nm":"RUBENILDO OU NILDO","cc":"PTC","nv":" ","e":"n","st":"N\u00e3o eleito","dvt":"V\u00e1lido","vap":"65","pvap":"   0,04"},{"seq":"103","sqcand":"140001236135","n":"25000","nm":"BIRA UCHOA","cc":"DEM","nv":" ","e":"n","st":"Suplente","dvt":"V\u00e1lido","vap":"311","pvap":"   0,19"},{"seq":"87","sqcand":"140001126639","n":"13567","nm":"MAURO FIGUEIRA","cc":"PT","nv":" ","e":"n","st":"Suplente","dvt":"V\u00e1lido","vap":"442","pvap":"   0,27"},{"seq":"319","sqcand":"140001001671","n":"36300","nm":"PROFESSOR GEDE\u00c3O","cc":"PTC","nv":" ","e":"n","st":"N\u00e3o eleito","dvt":"V\u00e1lido","vap":"312","pvap":"   0,19"},{"seq":"194","sqcand":"140001126644","n":"13300","nm":"RONE AZULAY","cc":"PT","nv":" ","e":"n","st":"Suplente","dvt":"V\u00e1lido","vap":"99","pvap":"   0,06"},{"seq":"154","sqcand":"140001091260","n":"20333","nm":"SONIA SANTOS","cc":"PSC","nv":" ","e":"n","st":"Suplente","dvt":"V\u00e1lido","vap":"157","pvap":"   0,09"},{"seq":"311","sqcand":"140001001690","n":"36200","nm":"NORONHA","cc":"PTC","nv":" ","e":"n","st":"N\u00e3o eleito","dvt":"V\u00e1lido","vap":"728","pvap":"   0,44"},{"seq":"324","sqcand":"140001090616","n":"12888","nm":"SALATY MELO","cc":"PDT","nv":" ","e":"n","st":"N\u00e3o eleito","dvt":"V\u00e1lido","vap":"272","pvap":"   0,16"},{"seq":"124","sqcand":"140001004609","n":"40040","nm":"MARIO ALBERTO","cc":"PSB","nv":" ","e":"n","st":"Suplente","dvt":"V\u00e1lido","vap":"235","pvap":"   0,14"},{"seq":"85","sqcand":"140001004239","n":"22123","nm":"DELEGADO LIBERAL","cc":"PL","nv":" ","e":"n","st":"Suplente","dvt":"V\u00e1lido","vap":"461","pvap":"   0,28"},{"seq":"70","sqcand":"140001126651","n":"13456","nm":"IZA TAPUIA ","cc":"PT","nv":" ","e":"n","st":"Suplente","dvt":"V\u00e1lido","vap":"587","pvap":"   0,35"},{"seq":"217","sqcand":"140001004633","n":"40190","nm":"SARGENTO RE\u00c7A","cc":"PSB","nv":" ","e":"n","st":"Suplente","dvt":"V\u00e1lido","vap":"77","pvap":"   0,05"},{"seq":"224","sqcand":"140001126653","n":"13321","nm":"JOCEMAR PEREIRA","cc":"PT","nv":" ","e":"n","st":"Suplente","dvt":"V\u00e1lido","vap":"73","pvap":"   0,04"},{"seq":"399","sqcand":"140000818834","n":"50261","nm":"JORGINHO BORARI","cc":"PSOL","nv":" ","e":"n","st":"N\u00e3o eleito","dvt":"V\u00e1lido","vap":"50","pvap":"   0,03"},{"seq":"214","sqcand":"140001092829","n":"45700","nm":"HARLESSON MELO","cc":"PSDB","nv":" ","e":"n","st":"Suplente","dvt":"V\u00e1lido","vap":"79","pvap":"   0,05"},{"seq":"434","sqcand":"140001090608","n":"12001","nm":"CLEANE FRANCO","cc":"PDT","nv":" ","e":"n","st":"N\u00e3o eleito","dvt":"V\u00e1lido","vap":"27","pvap":"   0,02"},{"seq":"389","sqcand":"140000819443","n":"19789","nm":"MIGUEL  FIGUEIRA","cc":"PODE","nv":" ","e":"n","st":"N\u00e3o eleito","dvt":"V\u00e1lido","vap":"58","pvap":"   0,03"},{"seq":"58","sqcand":"140001237780","n":"11190","nm":"SOLDADO FALCONERI","cc":"PP","nv":" ","e":"n","st":"Suplente","dvt":"V\u00e1lido","vap":"750","pvap":"   0,45"},{"seq":"119","sqcand":"140001091257","n":"20222","nm":"GIOVANE DA PASTORINHA","cc":"PSC","nv":" ","e":"n","st":"Suplente","dvt":"V\u00e1lido","vap":"259","pvap":"   0,16"},{"seq":"114","sqcand":"140000820800","n":"15800","nm":"PROFESSORA AUXILIADORA","cc":"MDB","nv":" ","e":"n","st":"Suplente","dvt":"V\u00e1lido","vap":"271","pvap":"   0,16"},{"seq":"39","sqcand":"140001126652","n":"13789","nm":"VITA ROCHA","cc":"PT","nv":" ","e":"n","st":"Suplente","dvt":"V\u00e1lido","vap":"1085","pvap":"   0,65"},{"seq":"182","sqcand":"140001238413","n":"43712","nm":"CONCI AMAZONAS","cc":"PV","nv":" ","e":"n","st":"Suplente","dvt":"V\u00e1lido","vap":"118","pvap":"   0,07"},{"seq":"439","sqcand":"140001001685","n":"36700","nm":"PROFESSORA ZILA","cc":"PTC","nv":" ","e":"n","st":"N\u00e3o eleito","dvt":"V\u00e1lido","vap":"26","pvap":"   0,02"},{"seq":"391","sqcand":"140001238284","n":"27007","nm":"ROCK","cc":"DC","nv":" ","e":"n","st":"N\u00e3o eleito","dvt":"Anulado sub judice","vap":"56","pvap":"   0,03"},{"seq":"132","sqcand":"140001004237","n":"22022","nm":"SEU CARLOS ","cc":"PL","nv":" ","e":"n","st":"Suplente","dvt":"V\u00e1lido","vap":"218","pvap":"   0,13"},{"seq":"342","sqcand":"140001001664","n":"36800","nm":"RAUL ALVES","cc":"PTC","nv":" ","e":"n","st":"N\u00e3o eleito","dvt":"V\u00e1lido","vap":"168","pvap":"   0,10"},{"seq":"447","sqcand":"140000819428","n":"19900","nm":"ELIELSON REZENDE","cc":"PODE","nv":" ","e":"n","st":"N\u00e3o eleito","dvt":"V\u00e1lido","vap":"20","pvap":"   0,01"},{"seq":"427","sqcand":"140001090601","n":"12156","nm":"NENGO DO LAGO GRANDE","cc":"PDT","nv":" ","e":"n","st":"N\u00e3o eleito","dvt":"V\u00e1lido","vap":"29","pvap":"   0,02"},{"seq":"463","sqcand":"140001243487","n":"35170","nm":"CASSIA MELO","cc":"PMB","nv":" ","e":"n","st":"N\u00e3o eleito","dvt":"V\u00e1lido","vap":"6","pvap":"   0,00"},{"seq":"275","sqcand":"140000748795","n":"17333","nm":"NILSON LEITE","cc":"PSL","nv":" ","e":"n","st":"Suplente","dvt":"V\u00e1lido","vap":"30","pvap":"   0,02"},{"seq":"147","sqcand":"140001004639","n":"40321","nm":"WALACE RABELO","cc":"PSB","nv":" ","e":"n","st":"Suplente","dvt":"V\u00e1lido","vap":"178","pvap":"   0,11"},{"seq":"74","sqcand":"140001126646","n":"13222","nm":"ALINE CARDOSO","cc":"PT","nv":" ","e":"n","st":"Suplente","dvt":"V\u00e1lido","vap":"536","pvap":"   0,32"},{"seq":"321","sqcand":"140000818833","n":"50555","nm":"ANDR\u00c9 FONSECA","cc":"PSOL","nv":" ","e":"n","st":"N\u00e3o eleito","dvt":"V\u00e1lido","vap":"306","pvap":"   0,18"},{"seq":"144","sqcand":"140001091250","n":"20111","nm":"\u00c1LAN SENNA","cc":"PSC","nv":" ","e":"n","st":"Suplente","dvt":"V\u00e1lido","vap":"195","pvap":"   0,12"},{"seq":"135","sqcand":"140000749785","n":"10777","nm":"JAILSON SANTAREM","cc":"REPUBLICANOS","nv":" ","e":"n","st":"Suplente","dvt":"V\u00e1lido","vap":"207","pvap":"   0,12"},{"seq":"93","sqcand":"140001091251","n":"20000","nm":"FERNANDO","cc":"PSC","nv":" ","e":"n","st":"Suplente","dvt":"V\u00e1lido","vap":"378","pvap":"   0,23"},{"seq":"312","sqcand":"140001000667","n":"23023","nm":"GEOVANE FARIAS","cc":"CIDADANIA","nv":" ","e":"n","st":"N\u00e3o eleito","dvt":"V\u00e1lido","vap":"508","pvap":"   0,30"},{"seq":"45","sqcand":"140001091255","n":"20051","nm":"ENF ANDERSON CAVALCANTE","cc":"PSC","nv":" ","e":"n","st":"Suplente","dvt":"V\u00e1lido","vap":"932","pvap":"   0,56"},{"seq":"394","sqcand":"140001090615","n":"12666","nm":"MACIEL","cc":"PDT","nv":" ","e":"n","st":"N\u00e3o eleito","dvt":"V\u00e1lido","vap":"54","pvap":"   0,03"},{"seq":"36","sqcand":"140001092831","n":"45333","nm":"SANDRA SANTANA","cc":"PSDB","nv":" ","e":"n","st":"Suplente","dvt":"V\u00e1lido","vap":"1116","pvap":"   0,67"},{"seq":"82","sqcand":"140001238410","n":"43123","nm":"LUCINDA SANTOS","cc":"PV","nv":" ","e":"n","st":"Suplente","dvt":"V\u00e1lido","vap":"496","pvap":"   0,30"},{"seq":"375","sqcand":"140001093401","n":"51511","nm":"SENHOR PERISON","cc":"PATRIOTA","nv":" ","e":"n","st":"N\u00e3o eleito","dvt":"V\u00e1lido","vap":"76","pvap":"   0,05"},{"seq":"11","sqcand":"140001236144","n":"25800","nm":"ERASMO MAIA","cc":"DEM","nv":" ","e":"s","st":"Eleito","dvt":"V\u00e1lido","vap":"2179","pvap":"   1,31"},{"seq":"54","sqcand":"140000820788","n":"15007","nm":"NEGUINHO DA MATINHA","cc":"MDB","nv":" ","e":"n","st":"Suplente","dvt":"V\u00e1lido","vap":"788","pvap":"   0,47"},{"seq":"55","sqcand":"140001247564","n":"70123","nm":"OERSON PASSARINHO","cc":"AVANTE","nv":" ","e":"n","st":"Suplente","dvt":"V\u00e1lido","vap":"780","pvap":"   0,47"},{"seq":"84","sqcand":"140001247572","n":"70000","nm":"EDILEUSA SOUSA","cc":"AVANTE","nv":" ","e":"n","st":"Suplente","dvt":"V\u00e1lido","vap":"481","pvap":"   0,29"},{"seq":"278","sqcand":"140001004615","n":"40156","nm":"ALESSANDRO PIPAS","cc":"PSB","nv":" ","e":"n","st":"Suplente","dvt":"V\u00e1lido","vap":"27","pvap":"   0,02"},{"seq":"174","sqcand":"140001092832","n":"45045","nm":"RAQUELINE CASTRO","cc":"PSDB","nv":" ","e":"n","st":"Suplente","dvt":"V\u00e1lido","vap":"132","pvap":"   0,08"},{"seq":"396","sqcand":"140001090606","n":"12222","nm":"J\u00daLIO C\u00c9SAR","cc":"PDT","nv":" ","e":"n","st":"N\u00e3o eleito","dvt":"V\u00e1lido","vap":"53","pvap":"   0,03"},{"seq":"456","sqcand":"140001243490","n":"35035","nm":"PROFESSOR JOS\u00c9","cc":"PMB","nv":" ","e":"n","st":"N\u00e3o eleito","dvt":"V\u00e1lido","vap":"10","pvap":"   0,01"},{"seq":"185","sqcand":"140001004637","n":"40213","nm":"PATRICIA AZEVEDO","cc":"PSB","nv":" ","e":"n","st":"Suplente","dvt":"V\u00e1lido","vap":"115","pvap":"   0,07"},{"seq":"72","sqcand":"140001238409","n":"43345","nm":"MIGUEL BARBOSA","cc":"PV","nv":" ","e":"n","st":"Suplente","dvt":"V\u00e1lido","vap":"554","pvap":"   0,33"},{"seq":"279","sqcand":"140001126637","n":"13699","nm":"L\u00daCIA CARDOSO","cc":"PT","nv":" ","e":"n","st":"Suplente","dvt":"V\u00e1lido","vap":"26","pvap":"   0,02"},{"seq":"209","sqcand":"140001238404","n":"43100","nm":"GORDO DA BORRACHARIA","cc":"PV","nv":" ","e":"n","st":"Suplente","dvt":"V\u00e1lido","vap":"83","pvap":"   0,05"},{"seq":"47","sqcand":"140001236127","n":"25122","nm":"BETO FARINHA","cc":"DEM","nv":" ","e":"n","st":"Suplente","dvt":"V\u00e1lido","vap":"860","pvap":"   0,52"},{"seq":"232","sqcand":"140001237777","n":"11567","nm":"NAJARA SANTOS","cc":"PP","nv":" ","e":"n","st":"Suplente","dvt":"V\u00e1lido","vap":"62","pvap":"   0,04"},{"seq":"153","sqcand":"140001238400","n":"43163","nm":"JANETE CAMPOS","cc":"PV","nv":" ","e":"n","st":"Suplente","dvt":"V\u00e1lido","vap":"158","pvap":"   0,09"},{"seq":"73","sqcand":"140001109441","n":"55678","nm":"RONEI OLIVEIRA","cc":"PSD","nv":" ","e":"n","st":"Suplente","dvt":"V\u00e1lido","vap":"552","pvap":"   0,33"},{"seq":"364","sqcand":"140000819448","n":"19555","nm":"RENAN RODRIGUES","cc":"PODE","nv":" ","e":"n","st":"N\u00e3o eleito","dvt":"V\u00e1lido","vap":"102","pvap":"   0,06"},{"seq":"118","sqcand":"140001004261","n":"22023","nm":"RIBEIRO","cc":"PL","nv":" ","e":"n","st":"Suplente","dvt":"V\u00e1lido","vap":"262","pvap":"   0,16"},{"seq":"466","sqcand":"140001001674","n":"36069","nm":"BPC NAZAR\u00c9 DANTAS","cc":"PTC","nv":" ","e":"n","st":"N\u00e3o eleito","dvt":"V\u00e1lido","vap":"5","pvap":"   0,00"},{"seq":"317","sqcand":"140000819435","n":"19019","nm":"PROFESSOR MARCIO MARCI\u00c3O","cc":"PODE","nv":" ","e":"n","st":"N\u00e3o eleito","dvt":"V\u00e1lido","vap":"360","pvap":"   0,22"},{"seq":"429","sqcand":"140000819452","n":"19353","nm":"PAULO DE SOUSA","cc":"PODE","nv":" ","e":"n","st":"N\u00e3o eleito","dvt":"V\u00e1lido","vap":"29","pvap":"   0,02"},{"seq":"170","sqcand":"140001109436","n":"55222","nm":"NAHOR VIEIRA","cc":"PSD","nv":" ","e":"n","st":"Suplente","dvt":"V\u00e1lido","vap":"135","pvap":"   0,08"},{"seq":"125","sqcand":"140001004629","n":"40800","nm":"PROFESSORA MARTA ZORAIVIA","cc":"PSB","nv":" ","e":"n","st":"Suplente","dvt":"V\u00e1lido","vap":"232","pvap":"   0,14"},{"seq":"347","sqcand":"140001090604","n":"12121","nm":"WANDERLEI","cc":"PDT","nv":" ","e":"n","st":"N\u00e3o eleito","dvt":"V\u00e1lido","vap":"159","pvap":"   0,10"},{"seq":"308","sqcand":"140000661770","n":"28101","nm":"BETO SIQUEIRA","cc":"PRTB","nv":" ","e":"n","st":"N\u00e3o eleito","dvt":"V\u00e1lido","vap":"878","pvap":"   0,53"},{"seq":"298","sqcand":"140001247573","n":"70444","nm":"DANIELY FERNANDES","cc":"AVANTE","nv":" ","e":"n","st":"Suplente","dvt":"V\u00e1lido","vap":"5","pvap":"   0,00"},{"seq":"204","sqcand":"140001247558","n":"70888","nm":"DORGIVAL VIANA JR","cc":"AVANTE","nv":" ","e":"n","st":"Suplente","dvt":"V\u00e1lido","vap":"90","pvap":"   0,05"},{"seq":"105","sqcand":"140001091256","n":"20012","nm":"PROF MARQUINHO","cc":"PSC","nv":" ","e":"n","st":"Suplente","dvt":"V\u00e1lido","vap":"297","pvap":"   0,18"},{"seq":"38","sqcand":"140001238406","n":"43000","nm":"NILSON ALMEIDA","cc":"PV","nv":" ","e":"n","st":"Suplente","dvt":"V\u00e1lido","vap":"1093","pvap":"   0,66"},{"seq":"265","sqcand":"140001004621","n":"40007","nm":"DOUGLAS PIRES","cc":"PSB","nv":" ","e":"n","st":"Suplente","dvt":"V\u00e1lido","vap":"37","pvap":"   0,02"},{"seq":"235","sqcand":"140000748799","n":"17991","nm":"ELVES MOTA","cc":"PSL","nv":" ","e":"n","st":"Suplente","dvt":"V\u00e1lido","vap":"61","pvap":"   0,04"},{"seq":"230","sqcand":"140001092839","n":"45223","nm":"NEUSA DO JP","cc":"PSDB","nv":" ","e":"n","st":"Suplente","dvt":"V\u00e1lido","vap":"63","pvap":"   0,04"},{"seq":"29","sqcand":"140001092843","n":"45222","nm":"ALEXANDRE VON","cc":"PSDB","nv":" ","e":"n","st":"Suplente","dvt":"V\u00e1lido","vap":"1622","pvap":"   0,97"},{"seq":"328","sqcand":"140001090605","n":"12771","nm":"NATINHO POPULAR","cc":"PDT","nv":" ","e":"n","st":"N\u00e3o eleito","dvt":"V\u00e1lido","vap":"252","pvap":"   0,15"},{"seq":"81","sqcand":"140001126636","n":"13131","nm":"CIRO","cc":"PT","nv":" ","e":"n","st":"Suplente","dvt":"V\u00e1lido","vap":"499","pvap":"   0,30"},{"seq":"99","sqcand":"140001004241","n":"22225","nm":"JO\u00c3O BATISTA ","cc":"PL","nv":" ","e":"n","st":"Suplente","dvt":"V\u00e1lido","vap":"335","pvap":"   0,20"},{"seq":"188","sqcand":"140001237794","n":"11234","nm":"IRM\u00c3O VALTER","cc":"PP","nv":" ","e":"n","st":"Suplente","dvt":"V\u00e1lido","vap":"111","pvap":"   0,07"},{"seq":"472","sqcand":"140000661794","n":"28128","nm":"LEUDE SOUSA","cc":"PRTB","nv":" ","e":"n","st":"N\u00e3o eleito","dvt":"V\u00e1lido","vap":"0","pvap":"00.00"},{"seq":"213","sqcand":"140001004240","n":"22007","nm":"EMERSON CELULAR","cc":"PL","nv":" ","e":"n","st":"Suplente","dvt":"V\u00e1lido","vap":"80","pvap":"   0,05"},{"seq":"186","sqcand":"140001091253","n":"20020","nm":"ABGAIL SOUZA","cc":"PSC","nv":" ","e":"n","st":"Suplente","dvt":"V\u00e1lido","vap":"114","pvap":"   0,07"},{"seq":"354","sqcand":"140000661767","n":"28307","nm":"ANDRESSA SOUSA","cc":"PRTB","nv":" ","e":"n","st":"N\u00e3o eleito","dvt":"V\u00e1lido","vap":"141","pvap":"   0,08"},{"seq":"111","sqcand":"140000749773","n":"10000","nm":"BRUNO MATTOS","cc":"REPUBLICANOS","nv":" ","e":"n","st":"Suplente","dvt":"V\u00e1lido","vap":"279","pvap":"   0,17"},{"seq":"31","sqcand":"140001092835","n":"45555","nm":"B\u00c1RBARA MATOS","cc":"PSDB","nv":" ","e":"n","st":"Suplente","dvt":"V\u00e1lido","vap":"1309","pvap":"   0,79"},{"seq":"252","sqcand":"140001092830","n":"45666","nm":"PASTORA ADRIANA","cc":"PSDB","nv":" ","e":"n","st":"Suplente","dvt":"V\u00e1lido","vap":"48","pvap":"   0,03"},{"seq":"32","sqcand":"140001004243","n":"22555","nm":"DAYAN SERIQUE","cc":"PL","nv":" ","e":"n","st":"Suplente","dvt":"V\u00e1lido","vap":"1292","pvap":"   0,78"},{"seq":"65","sqcand":"140001091246","n":"20001","nm":"SIMPLICIO","cc":"PSC","nv":" ","e":"n","st":"Suplente","dvt":"V\u00e1lido","vap":"628","pvap":"   0,38"},{"seq":"131","sqcand":"140001126643","n":"13101","nm":"CLAUDIA SANTANA","cc":"PT","nv":" ","e":"n","st":"Suplente","dvt":"V\u00e1lido","vap":"223","pvap":"   0,13"},{"seq":"412","sqcand":"140000819434","n":"19444","nm":"GELCIANE PEREIRA","cc":"PODE","nv":" ","e":"n","st":"N\u00e3o eleito","dvt":"V\u00e1lido","vap":"41","pvap":"   0,02"},{"seq":"310","sqcand":"140000819445","n":"19100","nm":"RODRIGO SANTAR\u00c9M","cc":"PODE","nv":" ","e":"n","st":"N\u00e3o eleito","dvt":"V\u00e1lido","vap":"873","pvap":"   0,52"},{"seq":"142","sqcand":"140001247569","n":"70020","nm":"AFONSO SILVA","cc":"AVANTE","nv":" ","e":"n","st":"Suplente","dvt":"V\u00e1lido","vap":"200","pvap":"   0,12"},{"seq":"440","sqcand":"140000661769","n":"28357","nm":"CL\u00c1UDIO PEREIRA","cc":"PRTB","nv":" ","e":"n","st":"N\u00e3o eleito","dvt":"V\u00e1lido","vap":"26","pvap":"   0,02"},{"seq":"2","sqcand":"140001004246","n":"22345","nm":"J\u00daNIOR TAPAJ\u00d3S","cc":"PL","nv":" ","e":"s","st":"Eleito","dvt":"V\u00e1lido","vap":"3721","pvap":"   2,23"},{"seq":"193","sqcand":"140001004628","n":"40523","nm":"ORLANDO PEREEIRA","cc":"PSB","nv":" ","e":"n","st":"Suplente","dvt":"V\u00e1lido","vap":"100","pvap":"   0,06"},{"seq":"248","sqcand":"140000748797","n":"17222","nm":"PROFESSOR MAUR\u00cdCIO","cc":"PSL","nv":" ","e":"n","st":"Suplente","dvt":"V\u00e1lido","vap":"51","pvap":"   0,03"},{"seq":"86","sqcand":"140001238399","n":"43210","nm":"DANIEL NOEL","cc":"PV","nv":" ","e":"n","st":"Suplente","dvt":"V\u00e1lido","vap":"443","pvap":"   0,27"},{"seq":"276","sqcand":"140000748810","n":"17200","nm":"LORA DO BAR DO BATISTA","cc":"PSL","nv":" ","e":"n","st":"Suplente","dvt":"V\u00e1lido","vap":"30","pvap":"   0,02"},{"seq":"245","sqcand":"140000748812","n":"17777","nm":"Y\u00caDA VASCONCELOS","cc":"PSL","nv":" ","e":"n","st":"Suplente","dvt":"V\u00e1lido","vap":"53","pvap":"   0,03"},{"seq":"274","sqcand":"140001004620","n":"40522","nm":"TALITA SILVA","cc":"PSB","nv":" ","e":"n","st":"Suplente","dvt":"V\u00e1lido","vap":"32","pvap":"   0,02"},{"seq":"134","sqcand":"140000820794","n":"15190","nm":"ALDO SILVA","cc":"MDB","nv":" ","e":"n","st":"Suplente","dvt":"V\u00e1lido","vap":"208","pvap":"   0,12"},{"seq":"305","sqcand":"140000819441","n":"19000","nm":"DELEGADO JARDEL","cc":"PODE","nv":" ","e":"n","st":"N\u00e3o eleito","dvt":"V\u00e1lido","vap":"1748","pvap":"   1,05"},{"seq":"226","sqcand":"140000748794","n":"17127","nm":"SARGENTO FREITAS","cc":"PSL","nv":" ","e":"n","st":"Suplente","dvt":"V\u00e1lido","vap":"71","pvap":"   0,04"},{"seq":"173","sqcand":"140001004231","n":"22028","nm":"PROFESSORA CRISTINA","cc":"PL","nv":" ","e":"n","st":"Suplente","dvt":"V\u00e1lido","vap":"133","pvap":"   0,08"},{"seq":"266","sqcand":"140001264169","n":"25444","nm":"REGIANA LOPES","cc":"DEM","nv":" ","e":"n","st":"Suplente","dvt":"V\u00e1lido","vap":"37","pvap":"   0,02"},{"seq":"200","sqcand":"140001004624","n":"40566","nm":"EVERALDO SOUSA","cc":"PSB","nv":" ","e":"n","st":"Suplente","dvt":"V\u00e1lido","vap":"91","pvap":"   0,05"},{"seq":"362","sqcand":"140000818841","n":"50010","nm":"PROFESSORA JOELMA SERIQUE","cc":"PSOL","nv":" ","e":"n","st":"N\u00e3o eleito","dvt":"V\u00e1lido","vap":"106","pvap":"   0,06"},{"seq":"293","sqcand":"140000749776","n":"10945","nm":"AQUILA AZULAY","cc":"REPUBLICANOS","nv":" ","e":"n","st":"Suplente","dvt":"V\u00e1lido","vap":"12","pvap":"   0,01"},{"seq":"179","sqcand":"140001091248","n":"20555","nm":"AMBR\u00d3SIO BRITO","cc":"PSC","nv":" ","e":"n","st":"Suplente","dvt":"V\u00e1lido","vap":"123","pvap":"   0,07"},{"seq":"251","sqcand":"140000820792","n":"15272","nm":"EDILENA SANTOS","cc":"MDB","nv":" ","e":"n","st":"Suplente","dvt":"V\u00e1lido","vap":"49","pvap":"   0,03"},{"seq":"359","sqcand":"140001000672","n":"23222","nm":"JO\u00c3O REIS","cc":"CIDADANIA","nv":" ","e":"n","st":"N\u00e3o eleito","dvt":"V\u00e1lido","vap":"117","pvap":"   0,07"},{"seq":"295","sqcand":"140001004250","n":"22828","nm":"FABYOLLA LIMA ","cc":"PL","nv":" ","e":"n","st":"Suplente","dvt":"V\u00e1lido","vap":"11","pvap":"   0,01"},{"seq":"202","sqcand":"140001238403","n":"43522","nm":"ROSE GUIMARAES","cc":"PV","nv":" ","e":"n","st":"Suplente","dvt":"V\u00e1lido","vap":"90","pvap":"   0,05"},{"seq":"449","sqcand":"140001001677","n":"36038","nm":"ADRIANO JEFFERSON","cc":"PTC","nv":" ","e":"n","st":"N\u00e3o eleito","dvt":"V\u00e1lido","vap":"19","pvap":"   0,01"},{"seq":"283","sqcand":"140000820789","n":"15700","nm":"TARC\u00cdCIO CHAVES","cc":"MDB","nv":" ","e":"n","st":"Suplente","dvt":"V\u00e1lido","vap":"24","pvap":"   0,01"},{"seq":"168","sqcand":"140001004632","n":"40162","nm":"DONA NONOCA","cc":"PSB","nv":" ","e":"n","st":"Suplente","dvt":"V\u00e1lido","vap":"141","pvap":"   0,08"},{"seq":"361","sqcand":"140001090597","n":"12155","nm":"ROSANA SAWAKI","cc":"PDT","nv":" ","e":"n","st":"N\u00e3o eleito","dvt":"V\u00e1lido","vap":"112","pvap":"   0,07"},{"seq":"242","sqcand":"140000748802","n":"17004","nm":"TIRULIPA DO PAR\u00c1","cc":"PSL","nv":" ","e":"n","st":"Suplente","dvt":"V\u00e1lido","vap":"56","pvap":"   0,03"},{"seq":"96","sqcand":"140001004247","n":"22333","nm":"PROFESSOR MARCOS LUIZ","cc":"PL","nv":" ","e":"n","st":"Suplente","dvt":"V\u00e1lido","vap":"350","pvap":"   0,21"},{"seq":"372","sqcand":"140000661780","n":"28888","nm":"REINALDO PIMENTEL","cc":"PRTB","nv":" ","e":"n","st":"N\u00e3o eleito","dvt":"V\u00e1lido","vap":"77","pvap":"   0,05"},{"seq":"331","sqcand":"140001001668","n":"36020","nm":"ALINE ROCHA","cc":"PTC","nv":" ","e":"n","st":"N\u00e3o eleito","dvt":"V\u00e1lido","vap":"227","pvap":"   0,14"},{"seq":"157","sqcand":"140001004260","n":"22012","nm":"PROFESSORA FATIMA REBOU\u00c7AS","cc":"PL","nv":" ","e":"n","st":"Suplente","dvt":"V\u00e1lido","vap":"155","pvap":"   0,09"},{"seq":"373","sqcand":"140001000661","n":"23555","nm":"JOELMA NASCIMENTO","cc":"CIDADANIA","nv":" ","e":"n","st":"N\u00e3o eleito","dvt":"V\u00e1lido","vap":"77","pvap":"   0,05"},{"seq":"13","sqcand":"140001236139","n":"25500","nm":"SILVIO NETO","cc":"DEM","nv":" ","e":"s","st":"Eleito","dvt":"V\u00e1lido","vap":"2014","pvap":"   1,21"},{"seq":"401","sqcand":"140000819425","n":"19027","nm":"CESAR ALVES","cc":"PODE","nv":" ","e":"n","st":"N\u00e3o eleito","dvt":"V\u00e1lido","vap":"49","pvap":"   0,03"},{"seq":"273","sqcand":"140001109431","n":"55165","nm":"SACAI","cc":"PSD","nv":" ","e":"n","st":"Suplente","dvt":"V\u00e1lido","vap":"32","pvap":"   0,02"},{"seq":"225","sqcand":"140001004248","n":"22233","nm":"NELMA MOTA","cc":"PL","nv":" ","e":"n","st":"Suplente","dvt":"V\u00e1lido","vap":"72","pvap":"   0,04"},{"seq":"407","sqcand":"140001001678","n":"36036","nm":"RITA TEIXEIRA","cc":"PTC","nv":" ","e":"n","st":"N\u00e3o eleito","dvt":"V\u00e1lido","vap":"44","pvap":"   0,03"},{"seq":"75","sqcand":"140001126645","n":"13166","nm":"MILTON PELOSO","cc":"PT","nv":" ","e":"n","st":"Suplente","dvt":"V\u00e1lido","vap":"521","pvap":"   0,31"},{"seq":"290","sqcand":"140000749780","n":"10015","nm":"DIARISTA AUZIER","cc":"REPUBLICANOS","nv":" ","e":"n","st":"Suplente","dvt":"V\u00e1lido","vap":"14","pvap":"   0,01"},{"seq":"421","sqcand":"140000661785","n":"28027","nm":"JEFFERSON AZULAY","cc":"PRTB","nv":" ","e":"n","st":"N\u00e3o eleito","dvt":"V\u00e1lido","vap":"33","pvap":"   0,02"},{"seq":"148","sqcand":"140001126649","n":"13182","nm":"HENRIQUE DJESUS","cc":"PT","nv":" ","e":"n","st":"Suplente","dvt":"V\u00e1lido","vap":"177","pvap":"   0,11"},{"seq":"151","sqcand":"140001126650","n":"13013","nm":"DANILO SENNA","cc":"PT","nv":" ","e":"n","st":"Suplente","dvt":"V\u00e1lido","vap":"167","pvap":"   0,10"},{"seq":"208","sqcand":"140000820795","n":"15300","nm":"DARLEM FIGUEIRA","cc":"MDB","nv":" ","e":"n","st":"Suplente","dvt":"V\u00e1lido","vap":"85","pvap":"   0,05"},{"seq":"190","sqcand":"140001109427","n":"55456","nm":"ROSENI RIBEIRO","cc":"PSD","nv":" ","e":"n","st":"Suplente","dvt":"V\u00e1lido","vap":"108","pvap":"   0,06"},{"seq":"201","sqcand":"140001004627","n":"40789","nm":"FRANCISCO LESSA","cc":"PSB","nv":" ","e":"n","st":"Suplente","dvt":"V\u00e1lido","vap":"91","pvap":"   0,05"},{"seq":"416","sqcand":"140001265011","n":"35220","nm":"NATALIA","cc":"PMB","nv":" ","e":"n","st":"N\u00e3o eleito","dvt":"V\u00e1lido","vap":"36","pvap":"   0,02"},{"seq":"406","sqcand":"140001236136","n":"25700","nm":"LAYNA KELL","cc":"DEM","nv":" ","e":"n","st":"N\u00e3o eleito","dvt":"Anulado sub judice","vap":"44","pvap":"   0,03"},{"seq":"424","sqcand":"140001093398","n":"51180","nm":"HELENA AMORIM","cc":"PATRIOTA","nv":" ","e":"n","st":"N\u00e3o eleito","dvt":"V\u00e1lido","vap":"33","pvap":"   0,02"},{"seq":"398","sqcand":"140001090599","n":"12000","nm":"REINEY","cc":"PDT","nv":" ","e":"n","st":"N\u00e3o eleito","dvt":"V\u00e1lido","vap":"51","pvap":"   0,03"},{"seq":"268","sqcand":"140001238417","n":"43789","nm":"PROFESSORA SUELI","cc":"PV","nv":" ","e":"n","st":"Suplente","dvt":"V\u00e1lido","vap":"36","pvap":"   0,02"},{"seq":"161","sqcand":"140001109430","n":"55444","nm":"MARCOS LUZ","cc":"PSD","nv":" ","e":"n","st":"Suplente","dvt":"V\u00e1lido","vap":"150","pvap":"   0,09"},{"seq":"304","sqcand":"140001092833","n":"45234","nm":"LEANDRO CORR\u00caA","cc":"PSDB","nv":" ","e":"n","st":"Suplente","dvt":"V\u00e1lido","vap":"0","pvap":"00.00"},{"seq":"115","sqcand":"140001091272","n":"20038","nm":"ADRIANA TAVARES","cc":"PSC","nv":" ","e":"n","st":"Suplente","dvt":"V\u00e1lido","vap":"266","pvap":"   0,16"},{"seq":"339","sqcand":"140001001686","n":"36009","nm":"PROFESSORA MARILENA","cc":"PTC","nv":" ","e":"n","st":"N\u00e3o eleito","dvt":"V\u00e1lido","vap":"174","pvap":"   0,10"},{"seq":"51","sqcand":"140001247567","n":"70333","nm":"PROFESSOR GEREMIAS","cc":"AVANTE","nv":" ","e":"n","st":"Suplente","dvt":"V\u00e1lido","vap":"813","pvap":"   0,49"},{"seq":"150","sqcand":"140001238392","n":"43043","nm":"JURANDIR AZEVEDO","cc":"PV","nv":" ","e":"n","st":"Suplente","dvt":"V\u00e1lido","vap":"173","pvap":"   0,10"},{"seq":"89","sqcand":"140001236124","n":"25678","nm":"DOMINGUINHOS AGUIAR","cc":"DEM","nv":" ","e":"n","st":"Suplente","dvt":"V\u00e1lido","vap":"411","pvap":"   0,25"},{"seq":"287","sqcand":"140001266126","n":"25250","nm":"PROFESSORA LARA","cc":"DEM","nv":" ","e":"n","st":"Suplente","dvt":"V\u00e1lido","vap":"19","pvap":"   0,01"},{"seq":"254","sqcand":"140001238408","n":"43951","nm":"EVONILDES FIGUEIRA","cc":"PV","nv":" ","e":"n","st":"Suplente","dvt":"V\u00e1lido","vap":"45","pvap":"   0,03"},{"seq":"403","sqcand":"140001001688","n":"36223","nm":"SAMUEL OU BU\u00ca","cc":"PTC","nv":" ","e":"n","st":"N\u00e3o eleito","dvt":"V\u00e1lido","vap":"48","pvap":"   0,03"},{"seq":"341","sqcand":"140000818835","n":"50000","nm":"PROF ANDREI ALAN DO HIDROG\u00caNIO","cc":"PSOL","nv":" ","e":"n","st":"N\u00e3o eleito","dvt":"V\u00e1lido","vap":"171","pvap":"   0,10"},{"seq":"222","sqcand":"140001247563","n":"70100","nm":"MANOEL DO CEM","cc":"AVANTE","nv":" ","e":"n","st":"Suplente","dvt":"V\u00e1lido","vap":"73","pvap":"   0,04"},{"seq":"78","sqcand":"140001237785","n":"11007","nm":"ADAILSON LOPES","cc":"PP","nv":" ","e":"n","st":"Suplente","dvt":"V\u00e1lido","vap":"517","pvap":"   0,31"},{"seq":"448","sqcand":"140001243492","n":"35350","nm":"SANDY TELES","cc":"PMB","nv":" ","e":"n","st":"N\u00e3o eleito","dvt":"V\u00e1lido","vap":"20","pvap":"   0,01"},{"seq":"418","sqcand":"140000661778","n":"28211","nm":"J\u00c9SSICA SILVA","cc":"PRTB","nv":" ","e":"n","st":"N\u00e3o eleito","dvt":"V\u00e1lido","vap":"35","pvap":"   0,02"},{"seq":"183","sqcand":"140001091258","n":"20444","nm":"ALICE","cc":"PSC","nv":" ","e":"n","st":"Suplente","dvt":"V\u00e1lido","vap":"117","pvap":"   0,07"},{"seq":"159","sqcand":"140001004232","n":"22020","nm":"LUCIVALDO LEAO","cc":"PL","nv":" ","e":"n","st":"Suplente","dvt":"V\u00e1lido","vap":"152","pvap":"   0,09"},{"seq":"256","sqcand":"140001092840","n":"45145","nm":"DJ C\u00c9ZAR","cc":"PSDB","nv":" ","e":"n","st":"Suplente","dvt":"V\u00e1lido","vap":"43","pvap":"   0,03"},{"seq":"243","sqcand":"140001004252","n":"22002","nm":"LUCIANE OLIVEIRA","cc":"PL","nv":" ","e":"n","st":"Suplente","dvt":"V\u00e1lido","vap":"55","pvap":"   0,03"},{"seq":"260","sqcand":"140001238411","n":"43433","nm":"RANIERE SALVATORI","cc":"PV","nv":" ","e":"n","st":"Suplente","dvt":"V\u00e1lido","vap":"41","pvap":"   0,02"},{"seq":"71","sqcand":"140001238401","n":"43456","nm":"CARLOS ANDRE","cc":"PV","nv":" ","e":"n","st":"Suplente","dvt":"V\u00e1lido","vap":"562","pvap":"   0,34"},{"seq":"127","sqcand":"140000749783","n":"10300","nm":"ALESSANDRO PIMENTEL","cc":"REPUBLICANOS","nv":" ","e":"n","st":"Suplente","dvt":"V\u00e1lido","vap":"231","pvap":"   0,14"},{"seq":"277","sqcand":"140001237789","n":"11888","nm":"GEIZA PINHEIRO","cc":"PP","nv":" ","e":"n","st":"Suplente","dvt":"V\u00e1lido","vap":"27","pvap":"   0,02"},{"seq":"42","sqcand":"140001004612","n":"40123","nm":"GAUCHO","cc":"PSB","nv":" ","e":"n","st":"Suplente","dvt":"V\u00e1lido","vap":"986","pvap":"   0,59"},{"seq":"164","sqcand":"140001092827","n":"45147","nm":"RAFAEL CO\u00caLHO","cc":"PSDB","nv":" ","e":"n","st":"Suplente","dvt":"V\u00e1lido","vap":"147","pvap":"   0,09"},{"seq":"160","sqcand":"140001237782","n":"11069","nm":"NEGO DO CARMELO","cc":"PP","nv":" ","e":"n","st":"Suplente","dvt":"V\u00e1lido","vap":"152","pvap":"   0,09"},{"seq":"450","sqcand":"140001243480","n":"35108","nm":"ALDEMIRA SILVA","cc":"PMB","nv":" ","e":"n","st":"N\u00e3o eleito","dvt":"V\u00e1lido","vap":"19","pvap":"   0,01"},{"seq":"97","sqcand":"140001247565","n":"70555","nm":"MARCICLEY NOGUEIRA","cc":"AVANTE","nv":" ","e":"n","st":"Suplente","dvt":"V\u00e1lido","vap":"346","pvap":"   0,21"},{"seq":"315","sqcand":"140001000664","n":"23000","nm":"J\u00d3 PRODU\u00c7\u00d5ES","cc":"CIDADANIA","nv":" ","e":"n","st":"N\u00e3o eleito","dvt":"V\u00e1lido","vap":"384","pvap":"   0,23"},{"seq":"350","sqcand":"140000661789","n":"28444","nm":"PASTOR MARLON","cc":"PRTB","nv":" ","e":"n","st":"N\u00e3o eleito","dvt":"V\u00e1lido","vap":"148","pvap":"   0,09"},{"seq":"169","sqcand":"140001092842","n":"45012","nm":"ALEIXO LINS","cc":"PSDB","nv":" ","e":"n","st":"Suplente","dvt":"V\u00e1lido","vap":"140","pvap":"   0,08"},{"seq":"309","sqcand":"140000818842","n":"50150","nm":"PUXIRUM DO BEM VIVER","cc":"PSOL","nv":" ","e":"n","st":"N\u00e3o eleito","dvt":"V\u00e1lido","vap":"878","pvap":"   0,53"},{"seq":"442","sqcand":"140001243483","n":"35555","nm":"AYSLA LOBATO","cc":"PMB","nv":" ","e":"n","st":"N\u00e3o eleito","dvt":"V\u00e1lido","vap":"23","pvap":"   0,01"},{"seq":"249","sqcand":"140000748804","n":"17050","nm":"MARILSON ANDRADE","cc":"PSL","nv":" ","e":"n","st":"Suplente","dvt":"V\u00e1lido","vap":"50","pvap":"   0,03"},{"seq":"30","sqcand":"140001237781","n":"11123","nm":"MANO DADAI","cc":"PP","nv":" ","e":"n","st":"Suplente","dvt":"V\u00e1lido","vap":"1353","pvap":"   0,81"},{"seq":"218","sqcand":"140001004613","n":"40234","nm":"PSICOLOGA RAIZA COSTA","cc":"PSB","nv":" ","e":"n","st":"Suplente","dvt":"V\u00e1lido","vap":"77","pvap":"   0,05"},{"seq":"420","sqcand":"140001090610","n":"12030","nm":"JUNIOR KAMON","cc":"PDT","nv":" ","e":"n","st":"N\u00e3o eleito","dvt":"V\u00e1lido","vap":"33","pvap":"   0,02"},{"seq":"23","sqcand":"140001109428","n":"55520","nm":"RENILSON O VINTE","cc":"PSD","nv":" ","e":"n","st":"Suplente","dvt":"V\u00e1lido","vap":"2123","pvap":"   1,27"},{"seq":"397","sqcand":"140001001683","n":"36987","nm":"ZENOBIO SERIQUE","cc":"PTC","nv":" ","e":"n","st":"N\u00e3o eleito","dvt":"V\u00e1lido","vap":"52","pvap":"   0,03"},{"seq":"62","sqcand":"140001091263","n":"20234","nm":"DAYANE ROCHA","cc":"PSC","nv":" ","e":"n","st":"Suplente","dvt":"V\u00e1lido","vap":"682","pvap":"   0,41"},{"seq":"102","sqcand":"140001238394","n":"43561","nm":"SERGINHO SARDINHA","cc":"PV","nv":" ","e":"n","st":"Suplente","dvt":"V\u00e1lido","vap":"321","pvap":"   0,19"},{"seq":"184","sqcand":"140001237791","n":"11444","nm":"ELISANGELA DELGADO","cc":"PP","nv":" ","e":"n","st":"Suplente","dvt":"V\u00e1lido","vap":"115","pvap":"   0,07"},{"seq":"44","sqcand":"140000748803","n":"17123","nm":"S\u00c9RGIO PEREIRA","cc":"PSL","nv":" ","e":"n","st":"Suplente","dvt":"V\u00e1lido","vap":"962","pvap":"   0,58"},{"seq":"109","sqcand":"140001091252","n":"20300","nm":"NILCINERE","cc":"PSC","nv":" ","e":"n","st":"Suplente","dvt":"V\u00e1lido","vap":"284","pvap":"   0,17"},{"seq":"116","sqcand":"140000749767","n":"10456","nm":"FABRICIO AMIGO DO PEITO","cc":"REPUBLICANOS","nv":" ","e":"n","st":"Suplente","dvt":"V\u00e1lido","vap":"265","pvap":"   0,16"},{"seq":"128","sqcand":"140001236137","n":"25600","nm":"ANNY BENTES","cc":"DEM","nv":" ","e":"n","st":"Suplente","dvt":"V\u00e1lido","vap":"231","pvap":"   0,14"},{"seq":"263","sqcand":"140000749781","n":"10125","nm":"SEVERINA DA MARINHA","cc":"REPUBLICANOS","nv":" ","e":"n","st":"Suplente","dvt":"V\u00e1lido","vap":"39","pvap":"   0,02"},{"seq":"4","sqcand":"140001092847","n":"45111","nm":"JK DO POVO","cc":"PSDB","nv":" ","e":"s","st":"Eleito","dvt":"V\u00e1lido","vap":"3260","pvap":"   1,96"},{"seq":"332","sqcand":"140000661779","n":"28000","nm":"KANYPILA SHOW","cc":"PRTB","nv":" ","e":"n","st":"N\u00e3o eleito","dvt":"V\u00e1lido","vap":"227","pvap":"   0,14"},{"seq":"100","sqcand":"140000748806","n":"17100","nm":"WENDEL OLIVEIRA","cc":"PSL","nv":" ","e":"n","st":"Suplente","dvt":"V\u00e1lido","vap":"330","pvap":"   0,20"},{"seq":"395","sqcand":"140001000658","n":"23377","nm":"IRM\u00c3O CARLOS FIGUEIRA","cc":"CIDADANIA","nv":" ","e":"n","st":"N\u00e3o eleito","dvt":"V\u00e1lido","vap":"53","pvap":"   0,03"},{"seq":"355","sqcand":"140000661773","n":"28055","nm":"DOUGLAS COSTA","cc":"PRTB","nv":" ","e":"n","st":"N\u00e3o eleito","dvt":"V\u00e1lido","vap":"135","pvap":"   0,08"},{"seq":"446","sqcand":"140001000663","n":"23012","nm":"NEIDE SILVA","cc":"CIDADANIA","nv":" ","e":"n","st":"N\u00e3o eleito","dvt":"V\u00e1lido","vap":"20","pvap":"   0,01"},{"seq":"367","sqcand":"140001000656","n":"23762","nm":"DINO ARA\u00daJO","cc":"CIDADANIA","nv":" ","e":"n","st":"N\u00e3o eleito","dvt":"V\u00e1lido","vap":"90","pvap":"   0,05"},{"seq":"6","sqcand":"140000820802","n":"15222","nm":"ALEXANDRE MADURO","cc":"MDB","nv":" ","e":"s","st":"Eleito","dvt":"V\u00e1lido","vap":"2654","pvap":"   1,59"},{"seq":"253","sqcand":"140001004616","n":"40888","nm":"OSMAR MOITA","cc":"PSB","nv":" ","e":"n","st":"Suplente","dvt":"V\u00e1lido","vap":"47","pvap":"   0,03"},{"seq":"19","sqcand":"140001004245","n":"22789","nm":"PROF. JOSAFA DO SINPROSAN","cc":"PL","nv":" ","e":"s","st":"Eleito","dvt":"V\u00e1lido","vap":"1388","pvap":"   0,83"},{"seq":"191","sqcand":"140001247561","n":"70222","nm":"MARCIA QUEIROZ","cc":"AVANTE","nv":" ","e":"n","st":"Suplente","dvt":"V\u00e1lido","vap":"103","pvap":"   0,06"},{"seq":"120","sqcand":"140001004638","n":"40333","nm":"NADIA DUARTE","cc":"PSB","nv":" ","e":"n","st":"Suplente","dvt":"V\u00e1lido","vap":"255","pvap":"   0,15"},{"seq":"306","sqcand":"140000818838","n":"50100","nm":"MARCIO PINTO","cc":"PSOL","nv":" ","e":"n","st":"N\u00e3o eleito","dvt":"V\u00e1lido","vap":"1483","pvap":"   0,89"},{"seq":"165","sqcand":"140001236134","n":"25333","nm":"DANIELE CARREIRO","cc":"DEM","nv":" ","e":"n","st":"Suplente","dvt":"V\u00e1lido","vap":"146","pvap":"   0,09"},{"seq":"1","sqcand":"140000820787","n":"15195","nm":"ERLON ROCHA","cc":"MDB","nv":" ","e":"s","st":"Eleito","dvt":"V\u00e1lido","vap":"4397","pvap":"   2,64"},{"seq":"130","sqcand":"140001004254","n":"22042","nm":"SANDRO PACHECO","cc":"PL","nv":" ","e":"n","st":"Suplente","dvt":"V\u00e1lido","vap":"229","pvap":"   0,14"},{"seq":"171","sqcand":"140001126638","n":"13333","nm":"GERALDO KENNDY","cc":"PT","nv":" ","e":"n","st":"Suplente","dvt":"V\u00e1lido","vap":"135","pvap":"   0,08"},{"seq":"166","sqcand":"140001236140","n":"25111","nm":"NILSON SANDRO","cc":"DEM","nv":" ","e":"n","st":"Suplente","dvt":"V\u00e1lido","vap":"144","pvap":"   0,09"},{"seq":"152","sqcand":"140001109426","n":"55200","nm":"DINHO DUARTE","cc":"PSD","nv":" ","e":"n","st":"Suplente","dvt":"V\u00e1lido","vap":"165","pvap":"   0,10"},{"seq":"92","sqcand":"140001109443","n":"55123","nm":"LEUYCE MELO","cc":"PSD","nv":" ","e":"n","st":"Suplente","dvt":"V\u00e1lido","vap":"391","pvap":"   0,23"},{"seq":"14","sqcand":"140000748796","n":"17000","nm":"AGUINALDO PROMISS\u00d3RIA","cc":"PSL","nv":" ","e":"s","st":"Eleito","dvt":"V\u00e1lido","vap":"1922","pvap":"   1,15"},{"seq":"52","sqcand":"140001092825","n":"45007","nm":"MARCELO CARDOSO","cc":"PSDB","nv":" ","e":"n","st":"Suplente","dvt":"V\u00e1lido","vap":"810","pvap":"   0,49"},{"seq":"123","sqcand":"140000748811","n":"17288","nm":"PI\u00c3O","cc":"PSL","nv":" ","e":"n","st":"Suplente","dvt":"V\u00e1lido","vap":"236","pvap":"   0,14"},{"seq":"402","sqcand":"140001001667","n":"36037","nm":"ROG\u00c9RIO TAVARES DO LAGO GRANDE","cc":"PTC","nv":" ","e":"n","st":"N\u00e3o eleito","dvt":"Anulado sub judice","vap":"49","pvap":"   0,03"},{"seq":"302","sqcand":"140001237793","n":"11666","nm":"FABRICIO SANTOS","cc":"PP","nv":" ","e":"n","st":"Suplente","dvt":"V\u00e1lido","vap":"2","pvap":"   0,00"},{"seq":"27","sqcand":"140001236130","n":"25369","nm":"TADEU CUNHA","cc":"DEM","nv":" ","e":"n","st":"Suplente","dvt":"V\u00e1lido","vap":"1806","pvap":"   1,08"},{"seq":"40","sqcand":"140001004249","n":"22001","nm":"SILVIA DA BOA ESPERAN\u00c7A","cc":"PL","nv":" ","e":"n","st":"Suplente","dvt":"V\u00e1lido","vap":"1071","pvap":"   0,64"},{"seq":"64","sqcand":"140001004617","n":"40999","nm":"WANDECO DO GAS","cc":"PSB","nv":" ","e":"n","st":"Suplente","dvt":"V\u00e1lido","vap":"644","pvap":"   0,39"},{"seq":"410","sqcand":"140001243476","n":"35125","nm":"ANDREY","cc":"PMB","nv":" ","e":"n","st":"N\u00e3o eleito","dvt":"V\u00e1lido","vap":"43","pvap":"   0,03"},{"seq":"357","sqcand":"140001090612","n":"12345","nm":"REINALDO MOTA","cc":"PDT","nv":" ","e":"n","st":"N\u00e3o eleito","dvt":"V\u00e1lido","vap":"125","pvap":"   0,08"},{"seq":"259","sqcand":"140001004244","n":"22125","nm":"EN\u00c9AS SILVA","cc":"PL","nv":" ","e":"n","st":"Suplente","dvt":"V\u00e1lido","vap":"41","pvap":"   0,02"},{"seq":"327","sqcand":"140000818832","n":"50500","nm":"MAIKE VIEIRA","cc":"PSOL","nv":" ","e":"n","st":"N\u00e3o eleito","dvt":"V\u00e1lido","vap":"256","pvap":"   0,15"},{"seq":"37","sqcand":"140001237790","n":"11500","nm":"MANOEL DOURADO","cc":"PP","nv":" ","e":"n","st":"Suplente","dvt":"V\u00e1lido","vap":"1101","pvap":"   0,66"},{"seq":"387","sqcand":"140001001662","n":"36100","nm":"PIAU DE ALTER DO CH\u00c3O","cc":"PTC","nv":" ","e":"n","st":"N\u00e3o eleito","dvt":"V\u00e1lido","vap":"62","pvap":"   0,04"},{"seq":"428","sqcand":"140001001689","n":"36111","nm":"SAVIO LISBOA","cc":"PTC","nv":" ","e":"n","st":"N\u00e3o eleito","dvt":"V\u00e1lido","vap":"29","pvap":"   0,02"},{"seq":"280","sqcand":"140001004634","n":"40304","nm":"MARINETE PEREIRA","cc":"PSB","nv":" ","e":"n","st":"Suplente","dvt":"V\u00e1lido","vap":"26","pvap":"   0,02"},{"seq":"443","sqcand":"140000661788","n":"28777","nm":"L\u00cdLIAN LIMA","cc":"PRTB","nv":" ","e":"n","st":"N\u00e3o eleito","dvt":"V\u00e1lido","vap":"22","pvap":"   0,01"},{"seq":"167","sqcand":"140001237778","n":"11777","nm":"LORENNA MORENA","cc":"PP","nv":" ","e":"n","st":"Suplente","dvt":"V\u00e1lido","vap":"144","pvap":"   0,09"},{"seq":"392","sqcand":"140001000670","n":"23233","nm":"VANANCI NINA","cc":"CIDADANIA","nv":" ","e":"n","st":"N\u00e3o eleito","dvt":"V\u00e1lido","vap":"55","pvap":"   0,03"},{"seq":"236","sqcand":"140001109429","n":"55321","nm":"SARA NUNES","cc":"PSD","nv":" ","e":"n","st":"Suplente","dvt":"V\u00e1lido","vap":"60","pvap":"   0,04"},{"seq":"467","sqcand":"140001001673","n":"36600","nm":"THALINI SILVA","cc":"PTC","nv":" ","e":"n","st":"N\u00e3o eleito","dvt":"V\u00e1lido","vap":"5","pvap":"   0,00"},{"seq":"436","sqcand":"140001000665","n":"23579","nm":"LUCENILDA BENTES","cc":"CIDADANIA","nv":" ","e":"n","st":"N\u00e3o eleito","dvt":"V\u00e1lido","vap":"26","pvap":"   0,02"},{"seq":"365","sqcand":"140000819438","n":"19244","nm":"DEUZA CABELEREIRA","cc":"PODE","nv":" ","e":"n","st":"N\u00e3o eleito","dvt":"V\u00e1lido","vap":"100","pvap":"   0,06"},{"seq":"460","sqcand":"140001000659","n":"23345","nm":"HILDILEY SANTOS","cc":"CIDADANIA","nv":" ","e":"n","st":"N\u00e3o eleito","dvt":"V\u00e1lido","vap":"6","pvap":"   0,00"},{"seq":"229","sqcand":"140000749775","n":"10999","nm":"WELLINGTON FLORENCIO","cc":"REPUBLICANOS","nv":" ","e":"n","st":"Suplente","dvt":"V\u00e1lido","vap":"64","pvap":"   0,04"},{"seq":"63","sqcand":"140000820804","n":"15345","nm":"C\u00c9SAR BRECH\u00d3","cc":"MDB","nv":" ","e":"n","st":"Suplente","dvt":"V\u00e1lido","vap":"644","pvap":"   0,39"},{"seq":"301","sqcand":"140000749764","n":"10201","nm":"KATIA SIMONE","cc":"REPUBLICANOS","nv":" ","e":"n","st":"Suplente","dvt":"V\u00e1lido","vap":"2","pvap":"   0,00"},{"seq":"35","sqcand":"140001109438","n":"55500","nm":"HILTON DINIZ","cc":"PSD","nv":" ","e":"n","st":"Suplente","dvt":"V\u00e1lido","vap":"1159","pvap":"   0,70"},{"seq":"49","sqcand":"140001091269","n":"20900","nm":"SANDECLEI MONTE","cc":"PSC","nv":" ","e":"n","st":"Suplente","dvt":"V\u00e1lido","vap":"827","pvap":"   0,50"}]}
