{"ele":"426","tpabr":"mu","cdabr":"05398","carper":"13","t":"1","f":"o","dt":"15/11/2020","ht":"22:56:21","dv":"s","tf":"s","v":"11","esae":"n","mnae":"","s":"75","st":"75","pst":" 100,00","snt":"0","psnt":"   0,00","si":"75","psi":" 100,00","sni":"0","psni":"   0,00","sa":"75","psa":" 100,00","sna":"0","psna":"   0,00","e":"24804","ea":"24804","pea":" 100,00","ena":"0","pena":"   0,00","esi":"24804","pesi":" 100,00","esni":"0","pesni":"   0,00","c":"20561","pc":"  82,89","a":"4243","pa":"  17,11","vscv":"0","vnom":"18584","vl":"1018","pvnom":"  94,81","pvl":"   5,19","vvc":"20111","pvvc":"  97,81","vb":"157","pvb":"   0,76","tvn":"293","ptvn":"   1,43","vn":"293","pvn":" 100,00","vnt":"0","pvnt":"   0,00","vp":"0","pvp":"   0,00","vv":"19602","pvv":"  97,47","van":"0","pvan":"   0,00","vansj":"509","pvansj":"   2,53","tv":"20561","cand":[{"seq":"32","sqcand":"140001120988","n":"40789","nm":"VITOR DA HORTA","cc":"PSB","nv":" ","e":"n","st":"Suplente","dvt":"V\u00e1lido","vap":"167","pvap":"   0,83"},{"seq":"99","sqcand":"140001203923","n":"51551","nm":"STANLEY NENEM DO PINDUCA","cc":"PATRIOTA","nv":" ","e":"n","st":"Suplente","dvt":"V\u00e1lido","vap":"22","pvap":"   0,11"},{"seq":"58","sqcand":"140001109396","n":"25456","nm":"IRM\u00c3O JAIME","cc":"DEM","nv":" ","e":"n","st":"Suplente","dvt":"V\u00e1lido","vap":"79","pvap":"   0,39"},{"seq":"119","sqcand":"140001203171","n":"45671","nm":"MOIZES DO ESPORTE","cc":"PSDB","nv":" ","e":"n","st":"Suplente","dvt":"V\u00e1lido","vap":"2","pvap":"   0,01"},{"seq":"11","sqcand":"140001120990","n":"40999","nm":"LORINHO DO SALAO","cc":"PSB","nv":" ","e":"s","st":"Eleito","dvt":"V\u00e1lido","vap":"237","pvap":"   1,18"},{"seq":"40","sqcand":"140001025255","n":"15234","nm":"CRIS DO HOSPITAL","cc":"MDB","nv":" ","e":"n","st":"Suplente","dvt":"V\u00e1lido","vap":"138","pvap":"   0,69"},{"seq":"127","sqcand":"140001118458","n":"28500","nm":"EDINEI SANTOS","cc":"PRTB","nv":" ","e":"n","st":"N\u00e3o eleito","dvt":"V\u00e1lido","vap":"103","pvap":"   0,51"},{"seq":"79","sqcand":"140001024982","n":"11234","nm":"CLEZERVAN PINHO","cc":"PP","nv":" ","e":"n","st":"Suplente","dvt":"V\u00e1lido","vap":"37","pvap":"   0,18"},{"seq":"14","sqcand":"140001203165","n":"45645","nm":"PROFESSOR DINHO","cc":"PSDB","nv":" ","e":"n","st":"Suplente","dvt":"V\u00e1lido","vap":"387","pvap":"   1,92"},{"seq":"65","sqcand":"140001203166","n":"45333","nm":"PROFESSORA GLEIA","cc":"PSDB","nv":" ","e":"n","st":"Suplente","dvt":"V\u00e1lido","vap":"65","pvap":"   0,32"},{"seq":"149","sqcand":"140001102421","n":"22122","nm":"ANT\u00d4NIO DO POV\u00c3O","cc":"PL","nv":" ","e":"n","st":"N\u00e3o eleito","dvt":"V\u00e1lido","vap":"35","pvap":"   0,17"},{"seq":"161","sqcand":"140001088771","n":"20888","nm":"IRM\u00c3O HELBER","cc":"PSC","nv":" ","e":"n","st":"N\u00e3o eleito","dvt":"V\u00e1lido","vap":"24","pvap":"   0,12"},{"seq":"100","sqcand":"140001025557","n":"77888","nm":"IRM\u00c3 AIDA","cc":"SOLIDARIEDADE","nv":" ","e":"n","st":"Suplente","dvt":"V\u00e1lido","vap":"21","pvap":"   0,10"},{"seq":"18","sqcand":"140001024993","n":"11333","nm":"ENACK","cc":"PP","nv":" ","e":"n","st":"Suplente","dvt":"V\u00e1lido","vap":"334","pvap":"   1,66"},{"seq":"121","sqcand":"140001102423","n":"22123","nm":"JARILENE CARVALHO","cc":"PL","nv":" ","e":"n","st":"N\u00e3o eleito","dvt":"V\u00e1lido","vap":"175","pvap":"   0,87"},{"seq":"182","sqcand":"140001088773","n":"20777","nm":"LIVIA LEAL","cc":"PSC","nv":" ","e":"n","st":"N\u00e3o eleito","dvt":"V\u00e1lido","vap":"3","pvap":"   0,01"},{"seq":"178","sqcand":"140001088775","n":"20300","nm":"ELIAN MIRANDA","cc":"PSC","nv":" ","e":"n","st":"N\u00e3o eleito","dvt":"V\u00e1lido","vap":"5","pvap":"   0,02"},{"seq":"140","sqcand":"140001120982","n":"40909","nm":"LENE NUTRICIONISTA","cc":"PSB","nv":" ","e":"n","st":"N\u00e3o eleito","dvt":"Anulado sub judice","vap":"49","pvap":"   0,24"},{"seq":"5","sqcand":"140001203159","n":"45000","nm":"MARIO TENENTE","cc":"PSDB","nv":" ","e":"s","st":"Eleito","dvt":"V\u00e1lido","vap":"428","pvap":"   2,13"},{"seq":"147","sqcand":"140001102426","n":"22345","nm":"OELIO SILVA","cc":"PL","nv":" ","e":"n","st":"N\u00e3o eleito","dvt":"V\u00e1lido","vap":"39","pvap":"   0,19"},{"seq":"110","sqcand":"140001274761","n":"11777","nm":"PROFESSORA ELCIA","cc":"PP","nv":" ","e":"n","st":"Suplente","dvt":"V\u00e1lido","vap":"13","pvap":"   0,06"},{"seq":"126","sqcand":"140001070503","n":"10147","nm":"LEANDRO DUARTE","cc":"REPUBLICANOS","nv":" ","e":"n","st":"N\u00e3o eleito","dvt":"V\u00e1lido","vap":"116","pvap":"   0,58"},{"seq":"176","sqcand":"140001070502","n":"10777","nm":"FABIOLA A MAGRELA DO CHOPP","cc":"REPUBLICANOS","nv":" ","e":"n","st":"N\u00e3o eleito","dvt":"V\u00e1lido","vap":"8","pvap":"   0,04"},{"seq":"153","sqcand":"140001088769","n":"20123","nm":"BUI\u00c3O","cc":"PSC","nv":" ","e":"n","st":"N\u00e3o eleito","dvt":"V\u00e1lido","vap":"31","pvap":"   0,15"},{"seq":"33","sqcand":"140001109395","n":"25025","nm":"ROCIMAR","cc":"DEM","nv":" ","e":"n","st":"Suplente","dvt":"V\u00e1lido","vap":"163","pvap":"   0,81"},{"seq":"45","sqcand":"140001203160","n":"45456","nm":"NAZARENO SANTOS","cc":"PSDB","nv":" ","e":"n","st":"Suplente","dvt":"V\u00e1lido","vap":"115","pvap":"   0,57"},{"seq":"101","sqcand":"140001201054","n":"12333","nm":"CRISTI\u00ca","cc":"PDT","nv":" ","e":"n","st":"Suplente","dvt":"V\u00e1lido","vap":"21","pvap":"   0,10"},{"seq":"157","sqcand":"140001088774","n":"20020","nm":"IRM\u00c3O CELS\u00c3O","cc":"PSC","nv":" ","e":"n","st":"N\u00e3o eleito","dvt":"V\u00e1lido","vap":"26","pvap":"   0,13"},{"seq":"174","sqcand":"140001102429","n":"22010","nm":"GILVAN","cc":"PL","nv":" ","e":"n","st":"N\u00e3o eleito","dvt":"V\u00e1lido","vap":"10","pvap":"   0,05"},{"seq":"129","sqcand":"140001070507","n":"10555","nm":"ANDR\u00c9 PINTOR","cc":"REPUBLICANOS","nv":" ","e":"n","st":"N\u00e3o eleito","dvt":"V\u00e1lido","vap":"98","pvap":"   0,49"},{"seq":"183","sqcand":"140001088764","n":"20550","nm":"PASTOR KLEBER","cc":"PSC","nv":" ","e":"n","st":"N\u00e3o eleito","dvt":"V\u00e1lido","vap":"2","pvap":"   0,01"},{"seq":"155","sqcand":"140001118465","n":"28678","nm":"CARIOCA PLIZ","cc":"PRTB","nv":" ","e":"n","st":"N\u00e3o eleito","dvt":"V\u00e1lido","vap":"29","pvap":"   0,14"},{"seq":"2","sqcand":"140001025258","n":"15555","nm":"NATAN NATYSOM","cc":"MDB","nv":" ","e":"s","st":"Eleito","dvt":"V\u00e1lido","vap":"664","pvap":"   3,30"},{"seq":"114","sqcand":"140001203169","n":"45500","nm":"CLARICE REIS","cc":"PSDB","nv":" ","e":"n","st":"Suplente","dvt":"V\u00e1lido","vap":"10","pvap":"   0,05"},{"seq":"184","sqcand":"140001118457","n":"28456","nm":"ANDERSON LEAL","cc":"PRTB","nv":" ","e":"n","st":"N\u00e3o eleito","dvt":"V\u00e1lido","vap":"1","pvap":"   0,00"},{"seq":"97","sqcand":"140001203156","n":"45111","nm":"SANDRA MACIEL DO BOLSA","cc":"PSDB","nv":" ","e":"n","st":"Suplente","dvt":"V\u00e1lido","vap":"23","pvap":"   0,11"},{"seq":"162","sqcand":"140001118453","n":"28660","nm":"IRM\u00c3 CARMEN","cc":"PRTB","nv":" ","e":"n","st":"N\u00e3o eleito","dvt":"V\u00e1lido","vap":"23","pvap":"   0,11"},{"seq":"181","sqcand":"140001088763","n":"20333","nm":"PASTOR EVERALDO SILVA","cc":"PSC","nv":" ","e":"n","st":"N\u00e3o eleito","dvt":"V\u00e1lido","vap":"3","pvap":"   0,01"},{"seq":"20","sqcand":"140001025248","n":"15000","nm":"CARECA","cc":"MDB","nv":" ","e":"n","st":"Suplente","dvt":"V\u00e1lido","vap":"294","pvap":"   1,46"},{"seq":"168","sqcand":"140001102433","n":"22030","nm":"SUZANE DOS SANTOS","cc":"PL","nv":" ","e":"n","st":"N\u00e3o eleito","dvt":"V\u00e1lido","vap":"14","pvap":"   0,07"},{"seq":"112","sqcand":"140001203920","n":"51202","nm":"LELDE BORGES","cc":"PATRIOTA","nv":" ","e":"n","st":"Suplente","dvt":"V\u00e1lido","vap":"10","pvap":"   0,05"},{"seq":"88","sqcand":"140001024991","n":"11123","nm":"TATAT\u00c1","cc":"PP","nv":" ","e":"n","st":"Suplente","dvt":"V\u00e1lido","vap":"29","pvap":"   0,14"},{"seq":"111","sqcand":"140001024981","n":"11789","nm":"IRM\u00c3 FL\u00c1VIA","cc":"PP","nv":" ","e":"n","st":"Suplente","dvt":"V\u00e1lido","vap":"13","pvap":"   0,06"},{"seq":"108","sqcand":"140001264624","n":"11999","nm":"MARCINHA ","cc":"PP","nv":" ","e":"n","st":"Suplente","dvt":"V\u00e1lido","vap":"14","pvap":"   0,07"},{"seq":"83","sqcand":"140001201057","n":"12777","nm":"MARIVALDO BARBOSA","cc":"PDT","nv":" ","e":"n","st":"Suplente","dvt":"V\u00e1lido","vap":"33","pvap":"   0,16"},{"seq":"63","sqcand":"140001201051","n":"12012","nm":"IVALDO LIMA","cc":"PDT","nv":" ","e":"n","st":"Suplente","dvt":"V\u00e1lido","vap":"67","pvap":"   0,33"},{"seq":"78","sqcand":"140001025556","n":"77999","nm":"IRM\u00c3O MATEUS","cc":"SOLIDARIEDADE","nv":" ","e":"n","st":"Suplente","dvt":"V\u00e1lido","vap":"39","pvap":"   0,19"},{"seq":"30","sqcand":"140001025245","n":"15222","nm":"JUQUINHA","cc":"MDB","nv":" ","e":"n","st":"Suplente","dvt":"V\u00e1lido","vap":"190","pvap":"   0,94"},{"seq":"28","sqcand":"140001025564","n":"77234","nm":"RONA DO PINA","cc":"SOLIDARIEDADE","nv":" ","e":"n","st":"Suplente","dvt":"V\u00e1lido","vap":"196","pvap":"   0,97"},{"seq":"113","sqcand":"140001201048","n":"12444","nm":"ROSA BENTES","cc":"PDT","nv":" ","e":"n","st":"Suplente","dvt":"V\u00e1lido","vap":"10","pvap":"   0,05"},{"seq":"17","sqcand":"140001203926","n":"51123","nm":"ARTUZINHO","cc":"PATRIOTA","nv":" ","e":"n","st":"Suplente","dvt":"V\u00e1lido","vap":"339","pvap":"   1,69"},{"seq":"69","sqcand":"140001024990","n":"11000","nm":"PROFESSOR FRED PARANHOS","cc":"PP","nv":" ","e":"n","st":"Suplente","dvt":"V\u00e1lido","vap":"60","pvap":"   0,30"},{"seq":"96","sqcand":"140001109390","n":"25333","nm":"LUIZ BITTENCOURT","cc":"DEM","nv":" ","e":"n","st":"Suplente","dvt":"V\u00e1lido","vap":"23","pvap":"   0,11"},{"seq":"89","sqcand":"140001025250","n":"15888","nm":"RONALDO DO TROMBETAS","cc":"MDB","nv":" ","e":"n","st":"Suplente","dvt":"V\u00e1lido","vap":"28","pvap":"   0,14"},{"seq":"148","sqcand":"140001070511","n":"10140","nm":"ELENICE SOUSA","cc":"REPUBLICANOS","nv":" ","e":"n","st":"N\u00e3o eleito","dvt":"V\u00e1lido","vap":"38","pvap":"   0,19"},{"seq":"86","sqcand":"140001025553","n":"77100","nm":"SANDRO FLAY","cc":"SOLIDARIEDADE","nv":" ","e":"n","st":"Suplente","dvt":"V\u00e1lido","vap":"31","pvap":"   0,15"},{"seq":"48","sqcand":"140001024989","n":"11222","nm":"BURICO","cc":"PP","nv":" ","e":"n","st":"Suplente","dvt":"V\u00e1lido","vap":"100","pvap":"   0,50"},{"seq":"105","sqcand":"140001203932","n":"51678","nm":"ROSIEL","cc":"PATRIOTA","nv":" ","e":"n","st":"Suplente","dvt":"V\u00e1lido","vap":"17","pvap":"   0,08"},{"seq":"43","sqcand":"140001203924","n":"51789","nm":"PROFESSOR CIARINI","cc":"PATRIOTA","nv":" ","e":"n","st":"Suplente","dvt":"V\u00e1lido","vap":"122","pvap":"   0,61"},{"seq":"1","sqcand":"140001203931","n":"51233","nm":"FABIO","cc":"PATRIOTA","nv":" ","e":"s","st":"Eleito","dvt":"V\u00e1lido","vap":"714","pvap":"   3,55"},{"seq":"180","sqcand":"140001260215","n":"20100","nm":"HENRIQUE DO CAZUZA","cc":"PSC","nv":" ","e":"n","st":"N\u00e3o eleito","dvt":"V\u00e1lido","vap":"3","pvap":"   0,01"},{"seq":"60","sqcand":"140001025552","n":"77555","nm":"S\u00c9RGIO BALEIA","cc":"SOLIDARIEDADE","nv":" ","e":"n","st":"Suplente","dvt":"V\u00e1lido","vap":"78","pvap":"   0,39"},{"seq":"71","sqcand":"140001109403","n":"25000","nm":"EVA LEAL","cc":"DEM","nv":" ","e":"n","st":"Suplente","dvt":"V\u00e1lido","vap":"54","pvap":"   0,27"},{"seq":"35","sqcand":"140001025246","n":"15015","nm":"DIANA BARATA","cc":"MDB","nv":" ","e":"n","st":"Suplente","dvt":"V\u00e1lido","vap":"155","pvap":"   0,77"},{"seq":"117","sqcand":"140001201060","n":"12013","nm":"LEIDIANE BARBOSA","cc":"PDT","nv":" ","e":"n","st":"Suplente","dvt":"V\u00e1lido","vap":"4","pvap":"   0,02"},{"seq":"19","sqcand":"140001203157","n":"45444","nm":"THIAGUINHO DO BAR\u00c3O","cc":"PSDB","nv":" ","e":"n","st":"Suplente","dvt":"V\u00e1lido","vap":"299","pvap":"   1,49"},{"seq":"130","sqcand":"140001025241","n":"13456","nm":"RONELSON MIRANDA","cc":"PT","nv":" ","e":"n","st":"N\u00e3o eleito","dvt":"V\u00e1lido","vap":"90","pvap":"   0,45"},{"seq":"172","sqcand":"140001203927","n":"51444","nm":"PROFESSOR JAIR","cc":"PATRIOTA","nv":" ","e":"n","st":"N\u00e3o eleito","dvt":"Anulado sub judice","vap":"12","pvap":"   0,06"},{"seq":"109","sqcand":"140001120978","n":"40888","nm":"LEANDRO PARANHOS","cc":"PSB","nv":" ","e":"n","st":"Suplente","dvt":"V\u00e1lido","vap":"14","pvap":"   0,07"},{"seq":"42","sqcand":"140001203161","n":"45133","nm":"NEG\u00c3O DAS QUATRO BOCAS","cc":"PSDB","nv":" ","e":"n","st":"Suplente","dvt":"V\u00e1lido","vap":"134","pvap":"   0,67"},{"seq":"177","sqcand":"140001102422","n":"22133","nm":"RENATA MIRANDA","cc":"PL","nv":" ","e":"n","st":"N\u00e3o eleito","dvt":"V\u00e1lido","vap":"6","pvap":"   0,03"},{"seq":"24","sqcand":"140001201061","n":"12345","nm":"FERNANDO","cc":"PDT","nv":" ","e":"n","st":"Suplente","dvt":"V\u00e1lido","vap":"223","pvap":"   1,11"},{"seq":"3","sqcand":"140001024986","n":"11456","nm":"DR JOSENIL","cc":"PP","nv":" ","e":"s","st":"Eleito","dvt":"V\u00e1lido","vap":"633","pvap":"   3,15"},{"seq":"36","sqcand":"140001201055","n":"12789","nm":"DAWISON MONTEIRO","cc":"PDT","nv":" ","e":"n","st":"Suplente","dvt":"V\u00e1lido","vap":"152","pvap":"   0,76"},{"seq":"59","sqcand":"140001201047","n":"12123","nm":"IDA SETE DE SETEMBRO","cc":"PDT","nv":" ","e":"n","st":"Suplente","dvt":"V\u00e1lido","vap":"79","pvap":"   0,39"},{"seq":"61","sqcand":"140001109399","n":"25233","nm":"PIOLHO  SOLU\u00c7\u00c3O","cc":"DEM","nv":" ","e":"n","st":"Suplente","dvt":"V\u00e1lido","vap":"76","pvap":"   0,38"},{"seq":"115","sqcand":"140001120984","n":"40007","nm":"ELLEN MARGARETH","cc":"PSB","nv":" ","e":"n","st":"Suplente","dvt":"V\u00e1lido","vap":"9","pvap":"   0,04"},{"seq":"56","sqcand":"140001025565","n":"77222","nm":"ELIELSON DO N\u00c9IAS","cc":"SOLIDARIEDADE","nv":" ","e":"n","st":"Suplente","dvt":"V\u00e1lido","vap":"83","pvap":"   0,41"},{"seq":"170","sqcand":"140001070505","n":"10444","nm":"ELIZAMA DA PARADA DO FRANGO","cc":"REPUBLICANOS","nv":" ","e":"n","st":"N\u00e3o eleito","dvt":"V\u00e1lido","vap":"14","pvap":"   0,07"},{"seq":"77","sqcand":"140001024992","n":"11555","nm":"LAMBOSA","cc":"PP","nv":" ","e":"n","st":"Suplente","dvt":"V\u00e1lido","vap":"39","pvap":"   0,19"},{"seq":"104","sqcand":"140001203155","n":"45777","nm":"CARLOS TELES","cc":"PSDB","nv":" ","e":"n","st":"Suplente","dvt":"V\u00e1lido","vap":"18","pvap":"   0,09"},{"seq":"98","sqcand":"140001201059","n":"12014","nm":"ARIELSON PANTOJA","cc":"PDT","nv":" ","e":"n","st":"Suplente","dvt":"V\u00e1lido","vap":"23","pvap":"   0,11"},{"seq":"12","sqcand":"140001024984","n":"11111","nm":"EDUARDO ARA\u00daJO","cc":"PP","nv":" ","e":"n","st":"Suplente","dvt":"V\u00e1lido","vap":"523","pvap":"   2,60"},{"seq":"132","sqcand":"140001118456","n":"28789","nm":"WILLIAM TAU\u00c1","cc":"PRTB","nv":" ","e":"n","st":"N\u00e3o eleito","dvt":"V\u00e1lido","vap":"76","pvap":"   0,38"},{"seq":"154","sqcand":"140001102430","n":"22654","nm":"JOEL","cc":"PL","nv":" ","e":"n","st":"N\u00e3o eleito","dvt":"V\u00e1lido","vap":"30","pvap":"   0,15"},{"seq":"169","sqcand":"140001088772","n":"20002","nm":"KELLY ALVES","cc":"PSC","nv":" ","e":"n","st":"N\u00e3o eleito","dvt":"V\u00e1lido","vap":"14","pvap":"   0,07"},{"seq":"175","sqcand":"140001088765","n":"20222","nm":"BETE DO VINTE E OITO","cc":"PSC","nv":" ","e":"n","st":"N\u00e3o eleito","dvt":"V\u00e1lido","vap":"8","pvap":"   0,04"},{"seq":"74","sqcand":"140001203928","n":"51000","nm":"SELMA SAMPAIO","cc":"PATRIOTA","nv":" ","e":"n","st":"Suplente","dvt":"V\u00e1lido","vap":"44","pvap":"   0,22"},{"seq":"167","sqcand":"140001102431","n":"22031","nm":"VAGNER REIS","cc":"PL","nv":" ","e":"n","st":"N\u00e3o eleito","dvt":"V\u00e1lido","vap":"17","pvap":"   0,08"},{"seq":"87","sqcand":"140001109394","n":"25110","nm":"ORLANDO LOBO","cc":"DEM","nv":" ","e":"n","st":"Suplente","dvt":"V\u00e1lido","vap":"31","pvap":"   0,15"},{"seq":"64","sqcand":"140001203934","n":"51600","nm":"RONI LIMA","cc":"PATRIOTA","nv":" ","e":"n","st":"Suplente","dvt":"V\u00e1lido","vap":"66","pvap":"   0,33"},{"seq":"102","sqcand":"140001109402","n":"25789","nm":"JANGUITO","cc":"DEM","nv":" ","e":"n","st":"Suplente","dvt":"V\u00e1lido","vap":"21","pvap":"   0,10"},{"seq":"173","sqcand":"140001102424","n":"22555","nm":"NEGUINHO","cc":"PL","nv":" ","e":"n","st":"N\u00e3o eleito","dvt":"V\u00e1lido","vap":"11","pvap":"   0,05"},{"seq":"9","sqcand":"140001109392","n":"25234","nm":"PASTORA VANILSA LEMOS","cc":"DEM","nv":" ","e":"s","st":"Eleito","dvt":"V\u00e1lido","vap":"360","pvap":"   1,79"},{"seq":"7","sqcand":"140001201052","n":"12122","nm":"MARCOS MOISES","cc":"PDT","nv":" ","e":"s","st":"Eleito","dvt":"V\u00e1lido","vap":"390","pvap":"   1,94"},{"seq":"75","sqcand":"140001201053","n":"12111","nm":"JUNIO DO LIVRAMENTO","cc":"PDT","nv":" ","e":"n","st":"Suplente","dvt":"V\u00e1lido","vap":"42","pvap":"   0,21"},{"seq":"54","sqcand":"140001025257","n":"15606","nm":"TONIEL","cc":"MDB","nv":" ","e":"n","st":"Suplente","dvt":"V\u00e1lido","vap":"93","pvap":"   0,46"},{"seq":"120","sqcand":"140001109400","n":"25678","nm":"ENEDINA DA SA\u00daDE","cc":"DEM","nv":" ","e":"n","st":"N\u00e3o eleito","dvt":"Anulado sub judice","vap":"238","pvap":"   1,18"},{"seq":"41","sqcand":"140001025253","n":"15777","nm":"PROFESSOR GURIJUBA","cc":"MDB","nv":" ","e":"n","st":"Suplente","dvt":"V\u00e1lido","vap":"135","pvap":"   0,67"},{"seq":"94","sqcand":"140001120985","n":"40444","nm":"SUZANA NANBA","cc":"PSB","nv":" ","e":"n","st":"Suplente","dvt":"V\u00e1lido","vap":"24","pvap":"   0,12"},{"seq":"123","sqcand":"140001118461","n":"28333","nm":"MARCOS PROMOTER","cc":"PRTB","nv":" ","e":"n","st":"N\u00e3o eleito","dvt":"V\u00e1lido","vap":"149","pvap":"   0,74"},{"seq":"52","sqcand":"140001203929","n":"51555","nm":"SUZETE CARVALHO","cc":"PATRIOTA","nv":" ","e":"n","st":"Suplente","dvt":"V\u00e1lido","vap":"95","pvap":"   0,47"},{"seq":"142","sqcand":"140001070506","n":"10123","nm":"CLAUDIO GOMES","cc":"REPUBLICANOS","nv":" ","e":"n","st":"N\u00e3o eleito","dvt":"V\u00e1lido","vap":"47","pvap":"   0,23"},{"seq":"158","sqcand":"140001070514","n":"10100","nm":"ALYSSON FERNANDES","cc":"REPUBLICANOS","nv":" ","e":"n","st":"N\u00e3o eleito","dvt":"V\u00e1lido","vap":"25","pvap":"   0,12"},{"seq":"116","sqcand":"140001109397","n":"25007","nm":"ALONDISON KM12","cc":"DEM","nv":" ","e":"n","st":"Suplente","dvt":"V\u00e1lido","vap":"7","pvap":"   0,03"},{"seq":"106","sqcand":"140001203925","n":"51777","nm":"ELIANA","cc":"PATRIOTA","nv":" ","e":"n","st":"Suplente","dvt":"V\u00e1lido","vap":"17","pvap":"   0,08"},{"seq":"91","sqcand":"140001025244","n":"15456","nm":"CLAUDIA DO KM 12","cc":"MDB","nv":" ","e":"n","st":"Suplente","dvt":"V\u00e1lido","vap":"26","pvap":"   0,13"},{"seq":"166","sqcand":"140001102434","n":"22113","nm":"RAIMUNDA","cc":"PL","nv":" ","e":"n","st":"N\u00e3o eleito","dvt":"V\u00e1lido","vap":"20","pvap":"   0,10"},{"seq":"16","sqcand":"140001203170","n":"45555","nm":"ARILSON DO PO\u00c7O","cc":"PSDB","nv":" ","e":"n","st":"Suplente","dvt":"V\u00e1lido","vap":"347","pvap":"   1,73"},{"seq":"67","sqcand":"140001025560","n":"77333","nm":"LUCIELE FURTADO","cc":"SOLIDARIEDADE","nv":" ","e":"n","st":"Suplente","dvt":"V\u00e1lido","vap":"64","pvap":"   0,32"},{"seq":"70","sqcand":"140001109401","n":"25222","nm":"PROFESSORA WILMA","cc":"DEM","nv":" ","e":"n","st":"Suplente","dvt":"V\u00e1lido","vap":"58","pvap":"   0,29"},{"seq":"68","sqcand":"140001025551","n":"77177","nm":"PUIUCA","cc":"SOLIDARIEDADE","nv":" ","e":"n","st":"Suplente","dvt":"V\u00e1lido","vap":"63","pvap":"   0,31"},{"seq":"50","sqcand":"140001025252","n":"15789","nm":"VER\u00d4NICA","cc":"MDB","nv":" ","e":"n","st":"Suplente","dvt":"V\u00e1lido","vap":"96","pvap":"   0,48"},{"seq":"134","sqcand":"140001025239","n":"13611","nm":"DOD\u00d3","cc":"PT","nv":" ","e":"n","st":"N\u00e3o eleito","dvt":"V\u00e1lido","vap":"55","pvap":"   0,27"},{"seq":"124","sqcand":"140001203162","n":"45678","nm":"SOCORRO SANTOS","cc":"PSDB","nv":" ","e":"n","st":"N\u00e3o eleito","dvt":"Anulado sub judice","vap":"122","pvap":"   0,61"},{"seq":"93","sqcand":"140001025563","n":"77321","nm":"MAGNO JESUS","cc":"SOLIDARIEDADE","nv":" ","e":"n","st":"Suplente","dvt":"V\u00e1lido","vap":"26","pvap":"   0,13"},{"seq":"136","sqcand":"140001088767","n":"20556","nm":"JO\u00c3O COBRADOR","cc":"PSC","nv":" ","e":"n","st":"N\u00e3o eleito","dvt":"V\u00e1lido","vap":"54","pvap":"   0,27"},{"seq":"62","sqcand":"140001203163","n":"45789","nm":"BRASIL","cc":"PSDB","nv":" ","e":"n","st":"Suplente","dvt":"V\u00e1lido","vap":"76","pvap":"   0,38"},{"seq":"80","sqcand":"140001025247","n":"15123","nm":"JUNIOR CABELUDO","cc":"MDB","nv":" ","e":"n","st":"Suplente","dvt":"V\u00e1lido","vap":"36","pvap":"   0,18"},{"seq":"137","sqcand":"140001118462","n":"28222","nm":"ROBERTO CAR\u00d3","cc":"PRTB","nv":" ","e":"n","st":"N\u00e3o eleito","dvt":"V\u00e1lido","vap":"53","pvap":"   0,26"},{"seq":"146","sqcand":"140001070508","n":"10111","nm":"BETINHO LOBO","cc":"REPUBLICANOS","nv":" ","e":"n","st":"N\u00e3o eleito","dvt":"V\u00e1lido","vap":"40","pvap":"   0,20"},{"seq":"21","sqcand":"140001201058","n":"12000","nm":"BOLINHA DA OBRA","cc":"PDT","nv":" ","e":"n","st":"Suplente","dvt":"V\u00e1lido","vap":"289","pvap":"   1,44"},{"seq":"179","sqcand":"140001070509","n":"10345","nm":"CINTIA FABRICIA","cc":"REPUBLICANOS","nv":" ","e":"n","st":"N\u00e3o eleito","dvt":"V\u00e1lido","vap":"5","pvap":"   0,02"},{"seq":"57","sqcand":"140001109404","n":"25123","nm":"DOMINGOS DO POSSANTE","cc":"DEM","nv":" ","e":"n","st":"Suplente","dvt":"V\u00e1lido","vap":"80","pvap":"   0,40"},{"seq":"143","sqcand":"140001025242","n":"13232","nm":"PEDRO SOUSA","cc":"PT","nv":" ","e":"n","st":"N\u00e3o eleito","dvt":"V\u00e1lido","vap":"42","pvap":"   0,21"},{"seq":"46","sqcand":"140001109391","n":"25111","nm":"TELMA PIONEIRA","cc":"DEM","nv":" ","e":"n","st":"Suplente","dvt":"V\u00e1lido","vap":"104","pvap":"   0,52"},{"seq":"73","sqcand":"140001025555","n":"77013","nm":"ROSIANE SANTOS","cc":"SOLIDARIEDADE","nv":" ","e":"n","st":"Suplente","dvt":"V\u00e1lido","vap":"51","pvap":"   0,25"},{"seq":"26","sqcand":"140001203164","n":"45045","nm":"FLAVIO RIQUELME","cc":"PSDB","nv":" ","e":"n","st":"Suplente","dvt":"V\u00e1lido","vap":"216","pvap":"   1,07"},{"seq":"84","sqcand":"140001120991","n":"40333","nm":"CLAUDIA DA SAUDE","cc":"PSB","nv":" ","e":"n","st":"Suplente","dvt":"V\u00e1lido","vap":"33","pvap":"   0,16"},{"seq":"139","sqcand":"140001070504","n":"10000","nm":"PROFESSOR PATRICK","cc":"REPUBLICANOS","nv":" ","e":"n","st":"N\u00e3o eleito","dvt":"V\u00e1lido","vap":"50","pvap":"   0,25"},{"seq":"133","sqcand":"140001118464","n":"28111","nm":"JABUTI","cc":"PRTB","nv":" ","e":"n","st":"N\u00e3o eleito","dvt":"V\u00e1lido","vap":"72","pvap":"   0,36"},{"seq":"38","sqcand":"140001120986","n":"40123","nm":"BETINHO","cc":"PSB","nv":" ","e":"n","st":"Suplente","dvt":"V\u00e1lido","vap":"142","pvap":"   0,71"},{"seq":"135","sqcand":"140001025240","n":"13222","nm":"DENISE BORRALHOS","cc":"PT","nv":" ","e":"n","st":"N\u00e3o eleito","dvt":"V\u00e1lido","vap":"55","pvap":"   0,27"},{"seq":"156","sqcand":"140001088768","n":"20456","nm":"PITOCA DA AGRICULTURA","cc":"PSC","nv":" ","e":"n","st":"N\u00e3o eleito","dvt":"V\u00e1lido","vap":"27","pvap":"   0,13"},{"seq":"34","sqcand":"140001203936","n":"51222","nm":"RITA DE CASSIA","cc":"PATRIOTA","nv":" ","e":"n","st":"Suplente","dvt":"V\u00e1lido","vap":"160","pvap":"   0,80"},{"seq":"81","sqcand":"140001201049","n":"12456","nm":"ARI SODR\u00c9","cc":"PDT","nv":" ","e":"n","st":"Suplente","dvt":"V\u00e1lido","vap":"35","pvap":"   0,17"},{"seq":"128","sqcand":"140001102435","n":"22222","nm":"HAROLDO TADEU","cc":"PL","nv":" ","e":"n","st":"N\u00e3o eleito","dvt":"V\u00e1lido","vap":"98","pvap":"   0,49"},{"seq":"29","sqcand":"140001025554","n":"77077","nm":"LEANDRO DO INSTITUTO","cc":"SOLIDARIEDADE","nv":" ","e":"n","st":"Suplente","dvt":"V\u00e1lido","vap":"191","pvap":"   0,95"},{"seq":"8","sqcand":"140001025251","n":"15444","nm":"NEY DO COCAL","cc":"MDB","nv":" ","e":"s","st":"Eleito","dvt":"V\u00e1lido","vap":"368","pvap":"   1,83"},{"seq":"72","sqcand":"140001025254","n":"15053","nm":"IRM\u00c3O JORGE GREG\u00d3RIO","cc":"MDB","nv":" ","e":"n","st":"Suplente","dvt":"V\u00e1lido","vap":"53","pvap":"   0,26"},{"seq":"10","sqcand":"140001025558","n":"77777","nm":"GRA\u00c7A DINIZ","cc":"SOLIDARIEDADE","nv":" ","e":"s","st":"Eleito","dvt":"V\u00e1lido","vap":"319","pvap":"   1,59"},{"seq":"141","sqcand":"140001102437","n":"22111","nm":"MARCIANO","cc":"PL","nv":" ","e":"n","st":"N\u00e3o eleito","dvt":"V\u00e1lido","vap":"49","pvap":"   0,24"},{"seq":"151","sqcand":"140001025238","n":"13123","nm":"ALINE MORANGUINHO","cc":"PT","nv":" ","e":"n","st":"N\u00e3o eleito","dvt":"V\u00e1lido","vap":"33","pvap":"   0,16"},{"seq":"27","sqcand":"140001201050","n":"12222","nm":"OCIREMA","cc":"PDT","nv":" ","e":"n","st":"Suplente","dvt":"V\u00e1lido","vap":"215","pvap":"   1,07"},{"seq":"144","sqcand":"140001025243","n":"13613","nm":"SOLANGE ACS","cc":"PT","nv":" ","e":"n","st":"N\u00e3o eleito","dvt":"V\u00e1lido","vap":"40","pvap":"   0,20"},{"seq":"92","sqcand":"140001024983","n":"11015","nm":"EMERSON MATUPIR\u00cd","cc":"PP","nv":" ","e":"n","st":"Suplente","dvt":"V\u00e1lido","vap":"26","pvap":"   0,13"},{"seq":"82","sqcand":"140001109398","n":"25555","nm":"JOANA D&apos;ARC","cc":"DEM","nv":" ","e":"n","st":"Suplente","dvt":"V\u00e1lido","vap":"35","pvap":"   0,17"},{"seq":"131","sqcand":"140001120987","n":"40000","nm":"TOM","cc":"PSB","nv":" ","e":"n","st":"N\u00e3o eleito","dvt":"Anulado sub judice","vap":"88","pvap":"   0,44"},{"seq":"44","sqcand":"140001201056","n":"12555","nm":"LINEIMAR BARROS","cc":"PDT","nv":" ","e":"n","st":"Suplente","dvt":"V\u00e1lido","vap":"120","pvap":"   0,60"},{"seq":"159","sqcand":"140001102436","n":"22029","nm":"JEANDERSON MONTEIRO","cc":"PL","nv":" ","e":"n","st":"N\u00e3o eleito","dvt":"V\u00e1lido","vap":"24","pvap":"   0,12"},{"seq":"23","sqcand":"140001025561","n":"77123","nm":"REINALDO BONI","cc":"SOLIDARIEDADE","nv":" ","e":"n","st":"Suplente","dvt":"V\u00e1lido","vap":"243","pvap":"   1,21"},{"seq":"53","sqcand":"140001203922","n":"51051","nm":"DAGOBERTO SILVA","cc":"PATRIOTA","nv":" ","e":"n","st":"Suplente","dvt":"V\u00e1lido","vap":"94","pvap":"   0,47"},{"seq":"152","sqcand":"140001102425","n":"22333","nm":"MICHEL WILLANS","cc":"PL","nv":" ","e":"n","st":"N\u00e3o eleito","dvt":"V\u00e1lido","vap":"32","pvap":"   0,16"},{"seq":"4","sqcand":"140001203935","n":"51234","nm":"JUNIOR DO PEIXE","cc":"PATRIOTA","nv":" ","e":"s","st":"Eleito","dvt":"V\u00e1lido","vap":"577","pvap":"   2,87"},{"seq":"13","sqcand":"140001024985","n":"11140","nm":"CARLINHO DO XURUPITA","cc":"PP","nv":" ","e":"n","st":"Suplente","dvt":"V\u00e1lido","vap":"400","pvap":"   1,99"},{"seq":"6","sqcand":"140001203168","n":"45123","nm":"ROSSI","cc":"PSDB","nv":" ","e":"s","st":"Eleito","dvt":"V\u00e1lido","vap":"392","pvap":"   1,95"},{"seq":"31","sqcand":"140001120979","n":"40456","nm":"IRMAO T","cc":"PSB","nv":" ","e":"n","st":"Suplente","dvt":"V\u00e1lido","vap":"187","pvap":"   0,93"},{"seq":"66","sqcand":"140001203158","n":"45258","nm":"PRISCILA DO SINDICATO","cc":"PSDB","nv":" ","e":"n","st":"Suplente","dvt":"V\u00e1lido","vap":"64","pvap":"   0,32"},{"seq":"95","sqcand":"140001265705","n":"77111","nm":"CL\u00c9IA MEDEIROS","cc":"SOLIDARIEDADE","nv":" ","e":"n","st":"Suplente","dvt":"V\u00e1lido","vap":"24","pvap":"   0,12"},{"seq":"47","sqcand":"140001120989","n":"40222","nm":"VEREADORA POOCA","cc":"PSB","nv":" ","e":"n","st":"Suplente","dvt":"V\u00e1lido","vap":"101","pvap":"   0,50"},{"seq":"186","sqcand":"140001102428","n":"22015","nm":"JACKELINE MIRANDA","cc":"PL","nv":" ","e":"n","st":"N\u00e3o eleito","dvt":"V\u00e1lido","vap":"0","pvap":"00.00"},{"seq":"22","sqcand":"140001025249","n":"15615","nm":"HALET\u00c9IA DA DAMIANA","cc":"MDB","nv":" ","e":"n","st":"Suplente","dvt":"V\u00e1lido","vap":"275","pvap":"   1,37"},{"seq":"37","sqcand":"140001025562","n":"77000","nm":"VANDINHO","cc":"SOLIDARIEDADE","nv":" ","e":"n","st":"Suplente","dvt":"V\u00e1lido","vap":"151","pvap":"   0,75"},{"seq":"25","sqcand":"140001120980","n":"40234","nm":"PAULO DAS EMPRESAS","cc":"PSB","nv":" ","e":"n","st":"Suplente","dvt":"V\u00e1lido","vap":"216","pvap":"   1,07"},{"seq":"138","sqcand":"140001118459","n":"28555","nm":"RAIRA SANTOS","cc":"PRTB","nv":" ","e":"n","st":"N\u00e3o eleito","dvt":"V\u00e1lido","vap":"51","pvap":"   0,25"},{"seq":"163","sqcand":"140001088770","n":"20555","nm":"GERSON OLIVEIRA","cc":"PSC","nv":" ","e":"n","st":"N\u00e3o eleito","dvt":"V\u00e1lido","vap":"21","pvap":"   0,10"},{"seq":"145","sqcand":"140001118463","n":"28145","nm":"LEIDE LIMA","cc":"PRTB","nv":" ","e":"n","st":"N\u00e3o eleito","dvt":"V\u00e1lido","vap":"40","pvap":"   0,20"},{"seq":"125","sqcand":"140001088776","n":"20000","nm":"IRM\u00c3O GILSON","cc":"PSC","nv":" ","e":"n","st":"N\u00e3o eleito","dvt":"V\u00e1lido","vap":"121","pvap":"   0,60"},{"seq":"164","sqcand":"140001118466","n":"28131","nm":"BIRA DA TRAVESSA C","cc":"PRTB","nv":" ","e":"n","st":"N\u00e3o eleito","dvt":"V\u00e1lido","vap":"21","pvap":"   0,10"},{"seq":"160","sqcand":"140001118454","n":"28888","nm":"MICHEL COSTA","cc":"PRTB","nv":" ","e":"n","st":"N\u00e3o eleito","dvt":"V\u00e1lido","vap":"24","pvap":"   0,12"},{"seq":"55","sqcand":"140001120981","n":"40555","nm":"ROSANGELA DO LARANJAL","cc":"PSB","nv":" ","e":"n","st":"Suplente","dvt":"V\u00e1lido","vap":"90","pvap":"   0,45"},{"seq":"185","sqcand":"140001088762","n":"20223","nm":"BETE DA MARAMBAIA","cc":"PSC","nv":" ","e":"n","st":"N\u00e3o eleito","dvt":"V\u00e1lido","vap":"0","pvap":"00.00"},{"seq":"85","sqcand":"140001203921","n":"51111","nm":"DIEGO SOUZA","cc":"PATRIOTA","nv":" ","e":"n","st":"Suplente","dvt":"V\u00e1lido","vap":"32","pvap":"   0,16"},{"seq":"165","sqcand":"140001070512","n":"10333","nm":"PASTOR S\u00c9RGIO","cc":"REPUBLICANOS","nv":" ","e":"n","st":"N\u00e3o eleito","dvt":"V\u00e1lido","vap":"21","pvap":"   0,10"},{"seq":"103","sqcand":"140001203930","n":"51333","nm":"MARIZETE DA GRANDE FAMILIA","cc":"PATRIOTA","nv":" ","e":"n","st":"Suplente","dvt":"V\u00e1lido","vap":"20","pvap":"   0,10"},{"seq":"51","sqcand":"140001203167","n":"45122","nm":"DINA GARCIA","cc":"PSDB","nv":" ","e":"n","st":"Suplente","dvt":"V\u00e1lido","vap":"95","pvap":"   0,47"},{"seq":"49","sqcand":"140001201062","n":"12022","nm":"IRM\u00c3O GECE","cc":"PDT","nv":" ","e":"n","st":"Suplente","dvt":"V\u00e1lido","vap":"96","pvap":"   0,48"},{"seq":"76","sqcand":"140001109405","n":"25022","nm":"EMERSON DA SA\u00daDE","cc":"DEM","nv":" ","e":"n","st":"Suplente","dvt":"V\u00e1lido","vap":"40","pvap":"   0,20"},{"seq":"107","sqcand":"140001024987","n":"11145","nm":"ZELIA","cc":"PP","nv":" ","e":"n","st":"Suplente","dvt":"V\u00e1lido","vap":"16","pvap":"   0,08"},{"seq":"150","sqcand":"140001118455","n":"28123","nm":"PROFESSORA CLEIA ALVES","cc":"PRTB","nv":" ","e":"n","st":"N\u00e3o eleito","dvt":"V\u00e1lido","vap":"34","pvap":"   0,17"},{"seq":"39","sqcand":"140001120983","n":"40111","nm":"JEFFERSON LEVY","cc":"PSB","nv":" ","e":"n","st":"Suplente","dvt":"V\u00e1lido","vap":"138","pvap":"   0,69"},{"seq":"15","sqcand":"140001203933","n":"51456","nm":"LIO SOUSA","cc":"PATRIOTA","nv":" ","e":"n","st":"Suplente","dvt":"V\u00e1lido","vap":"374","pvap":"   1,86"},{"seq":"122","sqcand":"140001118460","n":"28000","nm":"LORA","cc":"PRTB","nv":" ","e":"n","st":"N\u00e3o eleito","dvt":"V\u00e1lido","vap":"157","pvap":"   0,78"},{"seq":"90","sqcand":"140001025559","n":"77456","nm":"TH\u00c9O BARBOSA","cc":"SOLIDARIEDADE","nv":" ","e":"n","st":"Suplente","dvt":"V\u00e1lido","vap":"27","pvap":"   0,13"},{"seq":"118","sqcand":"140001024980","n":"11158","nm":"MARLUCIA UCHOA","cc":"PP","nv":" ","e":"n","st":"Suplente","dvt":"V\u00e1lido","vap":"3","pvap":"   0,01"},{"seq":"171","sqcand":"140001070510","n":"10888","nm":"PAULO SOARES","cc":"REPUBLICANOS","nv":" ","e":"n","st":"N\u00e3o eleito","dvt":"V\u00e1lido","vap":"12","pvap":"   0,06"}]}
