{"ele":"426","tpabr":"mu","cdabr":"05550","carper":"13","t":"1","f":"o","dt":"15/11/2020","ht":"22:05:29","dv":"s","tf":"s","v":"9","esae":"n","mnae":"","s":"39","st":"39","pst":" 100,00","snt":"0","psnt":"   0,00","si":"39","psi":" 100,00","sni":"0","psni":"   0,00","sa":"39","psa":" 100,00","sna":"0","psna":"   0,00","e":"11543","ea":"11543","pea":" 100,00","ena":"0","pena":"   0,00","esi":"11543","pesi":" 100,00","esni":"0","pesni":"   0,00","c":"9432","pc":"  81,71","a":"2111","pa":"  18,29","vscv":"0","vnom":"8545","vl":"603","pvnom":"  93,41","pvl":"   6,59","vvc":"9148","pvvc":"  96,99","vb":"67","pvb":"   0,71","tvn":"217","ptvn":"   2,30","vn":"217","pvn":" 100,00","vnt":"0","pvnt":"   0,00","vp":"0","pvp":"   0,00","vv":"9148","pvv":" 100,00","van":"0","pvan":"   0,00","vansj":"0","pvansj":"   0,00","tv":"9432","cand":[{"seq":"1","sqcand":"140001234073","n":"15678","nm":"ENFERMEIRO EDVAN","cc":"MDB","nv":" ","e":"s","st":"Eleito","dvt":"V\u00e1lido","vap":"433","pvap":"   4,73"},{"seq":"9","sqcand":"140000870381","n":"20555","nm":"CICA","cc":"PSC","nv":" ","e":"s","st":"Eleito","dvt":"V\u00e1lido","vap":"167","pvap":"   1,83"},{"seq":"18","sqcand":"140000870344","n":"55255","nm":"ALAN DA LUZ","cc":"PSD","nv":" ","e":"n","st":"Suplente","dvt":"V\u00e1lido","vap":"193","pvap":"   2,11"},{"seq":"46","sqcand":"140001234075","n":"15000","nm":"EDUARDO","cc":"MDB","nv":" ","e":"n","st":"Suplente","dvt":"V\u00e1lido","vap":"30","pvap":"   0,33"},{"seq":"64","sqcand":"140000870811","n":"45555","nm":"FAXINHA FURMAN","cc":"PSDB","nv":" ","e":"n","st":"Suplente","dvt":"V\u00e1lido","vap":"4","pvap":"   0,04"},{"seq":"70","sqcand":"140001234976","n":"14444","nm":"DAMARIS ALBUQUERQUE","cc":"PTB","nv":" ","e":"n","st":"N\u00e3o eleito","dvt":"V\u00e1lido","vap":"103","pvap":"   1,13"},{"seq":"73","sqcand":"140001234978","n":"14565","nm":"PAULA AQUINO","cc":"PTB","nv":" ","e":"n","st":"N\u00e3o eleito","dvt":"V\u00e1lido","vap":"44","pvap":"   0,48"},{"seq":"65","sqcand":"140001213205","n":"22230","nm":"EDILEUSA","cc":"PL","nv":" ","e":"n","st":"Suplente","dvt":"V\u00e1lido","vap":"0","pvap":"00.00"},{"seq":"44","sqcand":"140001214001","n":"13269","nm":"ARI ANDRADE","cc":"PT","nv":" ","e":"n","st":"Suplente","dvt":"V\u00e1lido","vap":"41","pvap":"   0,45"},{"seq":"58","sqcand":"140000870374","n":"20482","nm":"AGLAETE DO CUSCUZ","cc":"PSC","nv":" ","e":"n","st":"Suplente","dvt":"V\u00e1lido","vap":"11","pvap":"   0,12"},{"seq":"50","sqcand":"140000870346","n":"55123","nm":"NEGO OTAVIANO","cc":"PSD","nv":" ","e":"n","st":"Suplente","dvt":"V\u00e1lido","vap":"20","pvap":"   0,22"},{"seq":"34","sqcand":"140000870383","n":"20230","nm":"JOSU\u00c9 CAVALCANTE JC","cc":"PSC","nv":" ","e":"n","st":"Suplente","dvt":"V\u00e1lido","vap":"89","pvap":"   0,97"},{"seq":"6","sqcand":"140001213203","n":"22123","nm":"TABAL ALBUQUERQUE","cc":"PL","nv":" ","e":"s","st":"Eleito","dvt":"V\u00e1lido","vap":"326","pvap":"   3,56"},{"seq":"68","sqcand":"140001234981","n":"14111","nm":"PELADINHO","cc":"PTB","nv":" ","e":"n","st":"N\u00e3o eleito","dvt":"V\u00e1lido","vap":"152","pvap":"   1,66"},{"seq":"41","sqcand":"140001214002","n":"13321","nm":"NAZARENO ALMEIDA","cc":"PT","nv":" ","e":"n","st":"Suplente","dvt":"V\u00e1lido","vap":"62","pvap":"   0,68"},{"seq":"72","sqcand":"140001234977","n":"14222","nm":"RUI CADEIRUDO","cc":"PTB","nv":" ","e":"n","st":"N\u00e3o eleito","dvt":"V\u00e1lido","vap":"64","pvap":"   0,70"},{"seq":"40","sqcand":"140000870378","n":"20624","nm":"CELPINHA","cc":"PSC","nv":" ","e":"n","st":"Suplente","dvt":"V\u00e1lido","vap":"63","pvap":"   0,69"},{"seq":"51","sqcand":"140000870341","n":"55222","nm":"RAIMUNDA DAS BONECAS","cc":"PSD","nv":" ","e":"n","st":"Suplente","dvt":"V\u00e1lido","vap":"19","pvap":"   0,21"},{"seq":"23","sqcand":"140001213202","n":"22111","nm":"NEIDE DO ACESSO UM","cc":"PL","nv":" ","e":"n","st":"Suplente","dvt":"V\u00e1lido","vap":"153","pvap":"   1,67"},{"seq":"4","sqcand":"140001214004","n":"13200","nm":"NALVA","cc":"PT","nv":" ","e":"s","st":"Eleito","dvt":"V\u00e1lido","vap":"353","pvap":"   3,86"},{"seq":"26","sqcand":"140001214003","n":"13000","nm":"NETA GIL","cc":"PT","nv":" ","e":"n","st":"Suplente","dvt":"V\u00e1lido","vap":"130","pvap":"   1,42"},{"seq":"59","sqcand":"140000870815","n":"45455","nm":"SANDRINHA","cc":"PSDB","nv":" ","e":"n","st":"Suplente","dvt":"V\u00e1lido","vap":"8","pvap":"   0,09"},{"seq":"61","sqcand":"140000870342","n":"55000","nm":"NAZARE DO JORJ\u00c3O","cc":"PSD","nv":" ","e":"n","st":"Suplente","dvt":"V\u00e1lido","vap":"7","pvap":"   0,08"},{"seq":"27","sqcand":"140001234557","n":"51555","nm":"MICHELLI","cc":"PATRIOTA","nv":" ","e":"n","st":"Suplente","dvt":"V\u00e1lido","vap":"116","pvap":"   1,27"},{"seq":"11","sqcand":"140001214005","n":"13131","nm":"Z\u00c9 MARIA","cc":"PT","nv":" ","e":"n","st":"Suplente","dvt":"V\u00e1lido","vap":"242","pvap":"   2,65"},{"seq":"7","sqcand":"140001234556","n":"51999","nm":"HENRIQUE","cc":"PATRIOTA","nv":" ","e":"s","st":"Eleito","dvt":"V\u00e1lido","vap":"325","pvap":"   3,55"},{"seq":"56","sqcand":"140000870349","n":"55456","nm":"HELENA","cc":"PSD","nv":" ","e":"n","st":"Suplente","dvt":"V\u00e1lido","vap":"15","pvap":"   0,16"},{"seq":"45","sqcand":"140001213999","n":"13456","nm":"NEUTON NATUREZA","cc":"PT","nv":" ","e":"n","st":"Suplente","dvt":"V\u00e1lido","vap":"40","pvap":"   0,44"},{"seq":"14","sqcand":"140001213204","n":"22222","nm":"RICARDO MENDES","cc":"PL","nv":" ","e":"n","st":"Suplente","dvt":"V\u00e1lido","vap":"221","pvap":"   2,42"},{"seq":"2","sqcand":"140000870382","n":"20456","nm":"PEDRINHO OLIVEIRA","cc":"PSC","nv":" ","e":"s","st":"Eleito","dvt":"V\u00e1lido","vap":"369","pvap":"   4,03"},{"seq":"54","sqcand":"140000870379","n":"20123","nm":"RITA UCHOA","cc":"PSC","nv":" ","e":"n","st":"Suplente","dvt":"V\u00e1lido","vap":"17","pvap":"   0,19"},{"seq":"42","sqcand":"140001213206","n":"22022","nm":"ALCINO COSTA","cc":"PL","nv":" ","e":"n","st":"Suplente","dvt":"V\u00e1lido","vap":"53","pvap":"   0,58"},{"seq":"53","sqcand":"140000870822","n":"45759","nm":"PROFESSORA BENEDITA","cc":"PSDB","nv":" ","e":"n","st":"Suplente","dvt":"V\u00e1lido","vap":"18","pvap":"   0,20"},{"seq":"32","sqcand":"140001234081","n":"15555","nm":"RUBERLON","cc":"MDB","nv":" ","e":"n","st":"Suplente","dvt":"V\u00e1lido","vap":"95","pvap":"   1,04"},{"seq":"57","sqcand":"140000870348","n":"55100","nm":"FRAN","cc":"PSD","nv":" ","e":"n","st":"Suplente","dvt":"V\u00e1lido","vap":"12","pvap":"   0,13"},{"seq":"62","sqcand":"140001234079","n":"15200","nm":"VANEIDE","cc":"MDB","nv":" ","e":"n","st":"Suplente","dvt":"V\u00e1lido","vap":"6","pvap":"   0,07"},{"seq":"71","sqcand":"140001234980","n":"14123","nm":"SILVIO DO ACESSO SEIS","cc":"PTB","nv":" ","e":"n","st":"N\u00e3o eleito","dvt":"V\u00e1lido","vap":"101","pvap":"   1,10"},{"seq":"49","sqcand":"140001234558","n":"51777","nm":"MILINHA","cc":"PATRIOTA","nv":" ","e":"n","st":"Suplente","dvt":"V\u00e1lido","vap":"21","pvap":"   0,23"},{"seq":"66","sqcand":"140001274700","n":"15456","nm":"FELIPE PEREIRA","cc":"MDB","nv":" ","e":"n","st":"Suplente","dvt":"V\u00e1lido","vap":"0","pvap":"00.00"},{"seq":"24","sqcand":"140000870375","n":"20200","nm":"CARL\u00c3O DO COMERCIO","cc":"PSC","nv":" ","e":"n","st":"Suplente","dvt":"V\u00e1lido","vap":"136","pvap":"   1,49"},{"seq":"17","sqcand":"140001213201","n":"22125","nm":"Z\u00c9 ON\u00c7A","cc":"PL","nv":" ","e":"n","st":"Suplente","dvt":"V\u00e1lido","vap":"196","pvap":"   2,14"},{"seq":"63","sqcand":"140000870816","n":"45567","nm":"LU","cc":"PSDB","nv":" ","e":"n","st":"Suplente","dvt":"V\u00e1lido","vap":"5","pvap":"   0,05"},{"seq":"33","sqcand":"140000870377","n":"20444","nm":"DECA SAMPAIO","cc":"PSC","nv":" ","e":"n","st":"Suplente","dvt":"V\u00e1lido","vap":"92","pvap":"   1,01"},{"seq":"30","sqcand":"140000870819","n":"45222","nm":"JAMIL","cc":"PSDB","nv":" ","e":"n","st":"Suplente","dvt":"V\u00e1lido","vap":"97","pvap":"   1,06"},{"seq":"52","sqcand":"140000870350","n":"55200","nm":"PASTOR CARLOS","cc":"PSD","nv":" ","e":"n","st":"Suplente","dvt":"V\u00e1lido","vap":"18","pvap":"   0,20"},{"seq":"3","sqcand":"140000870813","n":"45456","nm":"BAIANO","cc":"PSDB","nv":" ","e":"s","st":"Eleito","dvt":"V\u00e1lido","vap":"359","pvap":"   3,92"},{"seq":"22","sqcand":"140000870812","n":"45111","nm":"DIVINO","cc":"PSDB","nv":" ","e":"n","st":"Suplente","dvt":"V\u00e1lido","vap":"154","pvap":"   1,68"},{"seq":"55","sqcand":"140000870823","n":"45333","nm":"SILVANITO","cc":"PSDB","nv":" ","e":"n","st":"Suplente","dvt":"V\u00e1lido","vap":"15","pvap":"   0,16"},{"seq":"38","sqcand":"140000870345","n":"55444","nm":"SAMUEL DO JARAUA","cc":"PSD","nv":" ","e":"n","st":"Suplente","dvt":"V\u00e1lido","vap":"69","pvap":"   0,75"},{"seq":"47","sqcand":"140000870818","n":"45190","nm":"ROBERTO DA CIVIL","cc":"PSDB","nv":" ","e":"n","st":"Suplente","dvt":"V\u00e1lido","vap":"27","pvap":"   0,30"},{"seq":"25","sqcand":"140000870376","n":"20262","nm":"A LOIRA DO TRAIRINHA","cc":"PSC","nv":" ","e":"n","st":"Suplente","dvt":"V\u00e1lido","vap":"134","pvap":"   1,46"},{"seq":"12","sqcand":"140001234077","n":"15100","nm":"PAULINO DA SOUZELLAR","cc":"MDB","nv":" ","e":"n","st":"Suplente","dvt":"V\u00e1lido","vap":"239","pvap":"   2,61"},{"seq":"39","sqcand":"140001234076","n":"15777","nm":"PAULAO","cc":"MDB","nv":" ","e":"n","st":"Suplente","dvt":"V\u00e1lido","vap":"67","pvap":"   0,73"},{"seq":"36","sqcand":"140000870820","n":"45678","nm":"MARCOS PIMENTEL","cc":"PSDB","nv":" ","e":"n","st":"Suplente","dvt":"V\u00e1lido","vap":"78","pvap":"   0,85"},{"seq":"21","sqcand":"140001234559","n":"51333","nm":"CABE\u00c7A BRANCA","cc":"PATRIOTA","nv":" ","e":"n","st":"Suplente","dvt":"V\u00e1lido","vap":"154","pvap":"   1,68"},{"seq":"19","sqcand":"140001234561","n":"51888","nm":"MARCILEY","cc":"PATRIOTA","nv":" ","e":"n","st":"Suplente","dvt":"V\u00e1lido","vap":"172","pvap":"   1,88"},{"seq":"43","sqcand":"140001234082","n":"15123","nm":"IRMA LU","cc":"MDB","nv":" ","e":"n","st":"Suplente","dvt":"V\u00e1lido","vap":"48","pvap":"   0,52"},{"seq":"20","sqcand":"140000870373","n":"20000","nm":"GORDO TAXISTA","cc":"PSC","nv":" ","e":"n","st":"Suplente","dvt":"V\u00e1lido","vap":"159","pvap":"   1,74"},{"seq":"37","sqcand":"140001234554","n":"51222","nm":"VALDETE","cc":"PATRIOTA","nv":" ","e":"n","st":"Suplente","dvt":"V\u00e1lido","vap":"69","pvap":"   0,75"},{"seq":"60","sqcand":"140001234560","n":"51100","nm":"QUATI","cc":"PATRIOTA","nv":" ","e":"n","st":"Suplente","dvt":"V\u00e1lido","vap":"7","pvap":"   0,08"},{"seq":"10","sqcand":"140001214006","n":"13333","nm":"CELIO BRAGA","cc":"PT","nv":" ","e":"n","st":"Suplente","dvt":"V\u00e1lido","vap":"255","pvap":"   2,79"},{"seq":"16","sqcand":"140000870817","n":"45123","nm":"VALDECI DA BALSINHA","cc":"PSDB","nv":" ","e":"n","st":"Suplente","dvt":"V\u00e1lido","vap":"210","pvap":"   2,30"},{"seq":"31","sqcand":"140001234555","n":"51444","nm":"NILSON CIPRIANO","cc":"PATRIOTA","nv":" ","e":"n","st":"Suplente","dvt":"V\u00e1lido","vap":"96","pvap":"   1,05"},{"seq":"15","sqcand":"140000870343","n":"55333","nm":"PROFESSOR ADENILSON","cc":"PSD","nv":" ","e":"n","st":"Suplente","dvt":"V\u00e1lido","vap":"220","pvap":"   2,40"},{"seq":"13","sqcand":"140001234080","n":"15155","nm":"NILSON DE VILA NOVA","cc":"MDB","nv":" ","e":"n","st":"Suplente","dvt":"V\u00e1lido","vap":"224","pvap":"   2,45"},{"seq":"48","sqcand":"140001214000","n":"13147","nm":"MARIA DO CEAR\u00c1","cc":"PT","nv":" ","e":"n","st":"Suplente","dvt":"V\u00e1lido","vap":"23","pvap":"   0,25"},{"seq":"29","sqcand":"140000870372","n":"20100","nm":"IRM\u00c3O LINDOMAR","cc":"PSC","nv":" ","e":"n","st":"Suplente","dvt":"V\u00e1lido","vap":"99","pvap":"   1,08"},{"seq":"5","sqcand":"140000870814","n":"45789","nm":"SILVANIRA","cc":"PSDB","nv":" ","e":"s","st":"Eleito","dvt":"V\u00e1lido","vap":"349","pvap":"   3,82"},{"seq":"8","sqcand":"140000870347","n":"55300","nm":"DANIEL DA PORBRAS","cc":"PSD","nv":" ","e":"s","st":"Eleito","dvt":"V\u00e1lido","vap":"309","pvap":"   3,38"},{"seq":"69","sqcand":"140001234979","n":"14469","nm":"CHIC\u00c3O DO TRANSUNI\u00c3O","cc":"PTB","nv":" ","e":"n","st":"N\u00e3o eleito","dvt":"V\u00e1lido","vap":"148","pvap":"   1,62"},{"seq":"67","sqcand":"140001234074","n":"15600","nm":"ROSIELE","cc":"MDB","nv":" ","e":"n","st":"Suplente","dvt":"V\u00e1lido","vap":"0","pvap":"00.00"},{"seq":"35","sqcand":"140000870821","n":"45100","nm":"SALOM\u00c3O BARRADAS","cc":"PSDB","nv":" ","e":"n","st":"Suplente","dvt":"V\u00e1lido","vap":"85","pvap":"   0,93"},{"seq":"28","sqcand":"140000870380","n":"20222","nm":"PROFESSOR IVAIR LESSA","cc":"PSC","nv":" ","e":"n","st":"Suplente","dvt":"V\u00e1lido","vap":"109","pvap":"   1,19"}]}
