{"ele":"426","tpabr":"mu","cdabr":"05797","carper":"13","t":"1","f":"o","dt":"15/11/2020","ht":"22:36:12","dv":"s","tf":"s","v":"11","esae":"n","mnae":"","s":"72","st":"72","pst":" 100,00","snt":"0","psnt":"   0,00","si":"72","psi":" 100,00","sni":"0","psni":"   0,00","sa":"72","psa":" 100,00","sna":"0","psna":"   0,00","e":"20744","ea":"20744","pea":" 100,00","ena":"0","pena":"   0,00","esi":"20744","pesi":" 100,00","esni":"0","pesni":"   0,00","c":"15469","pc":"  74,57","a":"5275","pa":"  25,43","vscv":"0","vnom":"14020","vl":"893","pvnom":"  94,01","pvl":"   5,99","vvc":"14951","pvvc":"  96,65","vb":"126","pvb":"   0,82","tvn":"392","ptvn":"   2,53","vn":"392","pvn":" 100,00","vnt":"0","pvnt":"   0,00","vp":"0","pvp":"   0,00","vv":"14913","pvv":"  99,75","van":"0","pvan":"   0,00","vansj":"38","pvansj":"   0,25","tv":"15469","cand":[{"seq":"59","sqcand":"140000705612","n":"20333","nm":"GENIVAL COSTA","cc":"PSC","nv":" ","e":"n","st":"Suplente","dvt":"V\u00e1lido","vap":"18","pvap":"   0,12"},{"seq":"93","sqcand":"140001263068","n":"17888","nm":"DERY","cc":"PSL","nv":" ","e":"n","st":"N\u00e3o eleito","dvt":"Anulado sub judice","vap":"1","pvap":"   0,01"},{"seq":"15","sqcand":"140000705617","n":"20100","nm":"GILSON LEITEIRO","cc":"PSC","nv":" ","e":"n","st":"Suplente","dvt":"V\u00e1lido","vap":"422","pvap":"   2,82"},{"seq":"22","sqcand":"140000705537","n":"15333","nm":"NEGO SANDRO","cc":"MDB","nv":" ","e":"n","st":"Suplente","dvt":"V\u00e1lido","vap":"288","pvap":"   1,93"},{"seq":"44","sqcand":"140000928092","n":"14334","nm":"JERRY","cc":"PTB","nv":" ","e":"n","st":"Suplente","dvt":"V\u00e1lido","vap":"65","pvap":"   0,43"},{"seq":"5","sqcand":"140000928093","n":"14123","nm":"LIMA","cc":"PTB","nv":" ","e":"s","st":"Eleito","dvt":"V\u00e1lido","vap":"500","pvap":"   3,34"},{"seq":"63","sqcand":"140000821725","n":"22280","nm":"LOIRA","cc":"PL","nv":" ","e":"n","st":"Suplente","dvt":"V\u00e1lido","vap":"10","pvap":"   0,07"},{"seq":"53","sqcand":"140000821737","n":"22456","nm":"GONZA","cc":"PL","nv":" ","e":"n","st":"Suplente","dvt":"V\u00e1lido","vap":"33","pvap":"   0,22"},{"seq":"3","sqcand":"140000705532","n":"15555","nm":"CHEBA","cc":"MDB","nv":" ","e":"s","st":"Eleito","dvt":"V\u00e1lido","vap":"506","pvap":"   3,38"},{"seq":"58","sqcand":"140000705539","n":"15133","nm":"JANA\u00cdNA OLIVEIRA","cc":"MDB","nv":" ","e":"n","st":"Suplente","dvt":"V\u00e1lido","vap":"23","pvap":"   0,15"},{"seq":"20","sqcand":"140000767090","n":"10222","nm":"S\u00c1VIA FERNANDES","cc":"REPUBLICANOS","nv":" ","e":"n","st":"Suplente","dvt":"V\u00e1lido","vap":"294","pvap":"   1,97"},{"seq":"38","sqcand":"140000822606","n":"45123","nm":"TIA HILVA","cc":"PSDB","nv":" ","e":"n","st":"Suplente","dvt":"V\u00e1lido","vap":"109","pvap":"   0,73"},{"seq":"67","sqcand":"140000928107","n":"14678","nm":"PROFESSOR VALDECY","cc":"PTB","nv":" ","e":"n","st":"Suplente","dvt":"V\u00e1lido","vap":"3","pvap":"   0,02"},{"seq":"4","sqcand":"140000821732","n":"22222","nm":"RICARDO BAIANO","cc":"PL","nv":" ","e":"s","st":"Eleito","dvt":"V\u00e1lido","vap":"500","pvap":"   3,34"},{"seq":"69","sqcand":"140000821738","n":"22777","nm":"JULIA GRANGEIRO","cc":"PL","nv":" ","e":"n","st":"Suplente","dvt":"V\u00e1lido","vap":"1","pvap":"   0,01"},{"seq":"84","sqcand":"140001263063","n":"17555","nm":"NELSINHO BEIRA RIO","cc":"PSL","nv":" ","e":"n","st":"N\u00e3o eleito","dvt":"Anulado sub judice","vap":"18","pvap":"   0,12"},{"seq":"51","sqcand":"140000928100","n":"14777","nm":"NEY DA PEXARIA","cc":"PTB","nv":" ","e":"n","st":"Suplente","dvt":"V\u00e1lido","vap":"42","pvap":"   0,28"},{"seq":"2","sqcand":"140000821730","n":"22111","nm":"DENILSON MANGUEIR\u00c3O","cc":"PL","nv":" ","e":"s","st":"Eleito","dvt":"V\u00e1lido","vap":"617","pvap":"   4,13"},{"seq":"23","sqcand":"140000928096","n":"14000","nm":"PASTOR ROZI","cc":"PTB","nv":" ","e":"n","st":"Suplente","dvt":"V\u00e1lido","vap":"263","pvap":"   1,76"},{"seq":"47","sqcand":"140000928094","n":"14222","nm":"MARIA VIANA","cc":"PTB","nv":" ","e":"n","st":"Suplente","dvt":"V\u00e1lido","vap":"49","pvap":"   0,33"},{"seq":"54","sqcand":"140000705619","n":"20111","nm":"VAL FILHO","cc":"PSC","nv":" ","e":"n","st":"Suplente","dvt":"V\u00e1lido","vap":"31","pvap":"   0,21"},{"seq":"49","sqcand":"140000821731","n":"22000","nm":"FERNANDO BELA VISTA","cc":"PL","nv":" ","e":"n","st":"Suplente","dvt":"V\u00e1lido","vap":"45","pvap":"   0,30"},{"seq":"17","sqcand":"140000767089","n":"10000","nm":"PROFESSORA NEDYMA","cc":"REPUBLICANOS","nv":" ","e":"n","st":"Suplente","dvt":"V\u00e1lido","vap":"321","pvap":"   2,15"},{"seq":"29","sqcand":"140000767094","n":"10333","nm":"MANOEL JORGE","cc":"REPUBLICANOS","nv":" ","e":"n","st":"Suplente","dvt":"V\u00e1lido","vap":"170","pvap":"   1,14"},{"seq":"42","sqcand":"140000705543","n":"15888","nm":"ELIAQUIM AMIGO DO JIRIPOCA","cc":"MDB","nv":" ","e":"n","st":"Suplente","dvt":"V\u00e1lido","vap":"81","pvap":"   0,54"},{"seq":"76","sqcand":"140000705693","n":"70777","nm":"SARAH","cc":"AVANTE","nv":" ","e":"n","st":"N\u00e3o eleito","dvt":"V\u00e1lido","vap":"66","pvap":"   0,44"},{"seq":"7","sqcand":"140000767096","n":"10456","nm":"ROMULO ASSUN\u00c7\u00c3O","cc":"REPUBLICANOS","nv":" ","e":"s","st":"Eleito","dvt":"V\u00e1lido","vap":"354","pvap":"   2,37"},{"seq":"65","sqcand":"140000822612","n":"45000","nm":"PAES LANDIM","cc":"PSDB","nv":" ","e":"n","st":"Suplente","dvt":"V\u00e1lido","vap":"6","pvap":"   0,04"},{"seq":"79","sqcand":"140000705690","n":"70000","nm":"ALLINY BARROS","cc":"AVANTE","nv":" ","e":"n","st":"N\u00e3o eleito","dvt":"V\u00e1lido","vap":"37","pvap":"   0,25"},{"seq":"10","sqcand":"140000705534","n":"15123","nm":"RONE DO QUEIJO","cc":"MDB","nv":" ","e":"s","st":"Eleito","dvt":"V\u00e1lido","vap":"298","pvap":"   1,99"},{"seq":"21","sqcand":"140000705528","n":"15444","nm":"J\u00daNIOR ","cc":"MDB","nv":" ","e":"n","st":"Suplente","dvt":"V\u00e1lido","vap":"294","pvap":"   1,97"},{"seq":"25","sqcand":"140000705540","n":"15000","nm":"ANDR\u00c9 DO MESSIAS","cc":"MDB","nv":" ","e":"n","st":"Suplente","dvt":"V\u00e1lido","vap":"236","pvap":"   1,58"},{"seq":"19","sqcand":"140000767091","n":"10111","nm":"JO\u00c3O ANTONIO FERROS","cc":"REPUBLICANOS","nv":" ","e":"n","st":"Suplente","dvt":"V\u00e1lido","vap":"303","pvap":"   2,03"},{"seq":"41","sqcand":"140000928102","n":"14024","nm":"CELSO DO  BANCO","cc":"PTB","nv":" ","e":"n","st":"Suplente","dvt":"V\u00e1lido","vap":"92","pvap":"   0,62"},{"seq":"50","sqcand":"140000822610","n":"45555","nm":"JANE LANDIN","cc":"PSDB","nv":" ","e":"n","st":"Suplente","dvt":"V\u00e1lido","vap":"44","pvap":"   0,29"},{"seq":"52","sqcand":"140000821728","n":"22115","nm":"GORETH DO ALTO SOCORRO","cc":"PL","nv":" ","e":"n","st":"Suplente","dvt":"V\u00e1lido","vap":"34","pvap":"   0,23"},{"seq":"88","sqcand":"140000705698","n":"70051","nm":"CACIQUE","cc":"AVANTE","nv":" ","e":"n","st":"N\u00e3o eleito","dvt":"V\u00e1lido","vap":"9","pvap":"   0,06"},{"seq":"62","sqcand":"140000822614","n":"45999","nm":"LOURIVAL LEITEIRO","cc":"PSDB","nv":" ","e":"n","st":"Suplente","dvt":"V\u00e1lido","vap":"10","pvap":"   0,07"},{"seq":"80","sqcand":"140000705700","n":"70555","nm":"PIAU","cc":"AVANTE","nv":" ","e":"n","st":"N\u00e3o eleito","dvt":"V\u00e1lido","vap":"27","pvap":"   0,18"},{"seq":"40","sqcand":"140000928095","n":"14022","nm":"IRMAO JEDI DA MOVELARIA","cc":"PTB","nv":" ","e":"n","st":"Suplente","dvt":"V\u00e1lido","vap":"93","pvap":"   0,62"},{"seq":"24","sqcand":"140000821736","n":"22333","nm":"TERLY MELHORZINHO","cc":"PL","nv":" ","e":"n","st":"Suplente","dvt":"V\u00e1lido","vap":"245","pvap":"   1,64"},{"seq":"72","sqcand":"140001009613","n":"12123","nm":"IRM\u00c3O EDILSON","cc":"PDT","nv":" ","e":"n","st":"N\u00e3o eleito","dvt":"V\u00e1lido","vap":"314","pvap":"   2,10"},{"seq":"90","sqcand":"140000705697","n":"70450","nm":"Z\u00c9 MONTEL","cc":"AVANTE","nv":" ","e":"n","st":"N\u00e3o eleito","dvt":"V\u00e1lido","vap":"3","pvap":"   0,02"},{"seq":"27","sqcand":"140000705541","n":"15222","nm":"ADRIANA DA ACADEMIA","cc":"MDB","nv":" ","e":"n","st":"Suplente","dvt":"V\u00e1lido","vap":"184","pvap":"   1,23"},{"seq":"94","sqcand":"140001263053","n":"17100","nm":"MAURILIO DO G\u00c1S","cc":"PSL","nv":" ","e":"n","st":"N\u00e3o eleito","dvt":"Anulado sub judice","vap":"1","pvap":"   0,01"},{"seq":"31","sqcand":"140000705615","n":"20777","nm":"MANOEL GROTA","cc":"PSC","nv":" ","e":"n","st":"Suplente","dvt":"V\u00e1lido","vap":"151","pvap":"   1,01"},{"seq":"92","sqcand":"140001260188","n":"12333","nm":"WAUDYLLA DA LEILA","cc":"PDT","nv":" ","e":"n","st":"N\u00e3o eleito","dvt":"V\u00e1lido","vap":"2","pvap":"   0,01"},{"seq":"16","sqcand":"140000705618","n":"20123","nm":"FELINHA","cc":"PSC","nv":" ","e":"n","st":"Suplente","dvt":"V\u00e1lido","vap":"355","pvap":"   2,37"},{"seq":"70","sqcand":"140000705611","n":"20020","nm":"FERNANDA LIMA","cc":"PSC","nv":" ","e":"n","st":"Suplente","dvt":"V\u00e1lido","vap":"1","pvap":"   0,01"},{"seq":"34","sqcand":"140000705530","n":"15999","nm":"SERRA PELADA","cc":"MDB","nv":" ","e":"n","st":"Suplente","dvt":"V\u00e1lido","vap":"145","pvap":"   0,97"},{"seq":"45","sqcand":"140000821739","n":"22380","nm":"LEONARDO DO A\u00c7AI","cc":"PL","nv":" ","e":"n","st":"Suplente","dvt":"V\u00e1lido","vap":"57","pvap":"   0,38"},{"seq":"78","sqcand":"140000705689","n":"70369","nm":"PROFESSOR VANDO","cc":"AVANTE","nv":" ","e":"n","st":"N\u00e3o eleito","dvt":"V\u00e1lido","vap":"53","pvap":"   0,35"},{"seq":"61","sqcand":"140000767088","n":"10999","nm":"PROFESSOR MATIAS","cc":"REPUBLICANOS","nv":" ","e":"n","st":"Suplente","dvt":"V\u00e1lido","vap":"11","pvap":"   0,07"},{"seq":"87","sqcand":"140000705694","n":"70333","nm":"WALDECIR XAVIER","cc":"AVANTE","nv":" ","e":"n","st":"N\u00e3o eleito","dvt":"V\u00e1lido","vap":"11","pvap":"   0,07"},{"seq":"1","sqcand":"140000821733","n":"22123","nm":"ZEZINHO DO PROFIRO","cc":"PL","nv":" ","e":"s","st":"Eleito","dvt":"V\u00e1lido","vap":"952","pvap":"   6,37"},{"seq":"37","sqcand":"140000767092","n":"10789","nm":"PROFESSORA RUTE","cc":"REPUBLICANOS","nv":" ","e":"n","st":"Suplente","dvt":"V\u00e1lido","vap":"129","pvap":"   0,86"},{"seq":"83","sqcand":"140000705699","n":"70222","nm":"ALDENI VIEIRA","cc":"AVANTE","nv":" ","e":"n","st":"N\u00e3o eleito","dvt":"V\u00e1lido","vap":"19","pvap":"   0,13"},{"seq":"36","sqcand":"140000928103","n":"14145","nm":"WESLEY DA VILA BADINHA","cc":"PTB","nv":" ","e":"n","st":"Suplente","dvt":"V\u00e1lido","vap":"132","pvap":"   0,88"},{"seq":"73","sqcand":"140001009611","n":"12000","nm":"RAIMUNDO NEGREIROS","cc":"PDT","nv":" ","e":"n","st":"N\u00e3o eleito","dvt":"V\u00e1lido","vap":"160","pvap":"   1,07"},{"seq":"71","sqcand":"140000705531","n":"15566","nm":"ADELAIDE CONCEICAO","cc":"MDB","nv":" ","e":"n","st":"Suplente","dvt":"V\u00e1lido","vap":"0","pvap":"00.00"},{"seq":"56","sqcand":"140000928105","n":"14331","nm":"NETINHO","cc":"PTB","nv":" ","e":"n","st":"Suplente","dvt":"V\u00e1lido","vap":"27","pvap":"   0,18"},{"seq":"33","sqcand":"140000822609","n":"45045","nm":"ANA ROSA DA SA\u00daDE","cc":"PSDB","nv":" ","e":"n","st":"Suplente","dvt":"V\u00e1lido","vap":"146","pvap":"   0,98"},{"seq":"66","sqcand":"140000822611","n":"45222","nm":"NATANAEL","cc":"PSDB","nv":" ","e":"n","st":"Suplente","dvt":"V\u00e1lido","vap":"6","pvap":"   0,04"},{"seq":"13","sqcand":"140000821740","n":"22444","nm":"VENICIO DO ZEZINHO","cc":"PL","nv":" ","e":"n","st":"Suplente","dvt":"V\u00e1lido","vap":"431","pvap":"   2,88"},{"seq":"77","sqcand":"140000705695","n":"70444","nm":"ALESSANDRA SANTOS","cc":"AVANTE","nv":" ","e":"n","st":"N\u00e3o eleito","dvt":"V\u00e1lido","vap":"60","pvap":"   0,40"},{"seq":"12","sqcand":"140000821726","n":"22555","nm":"BAXIM BOLA DE OURO","cc":"PL","nv":" ","e":"n","st":"Suplente","dvt":"V\u00e1lido","vap":"462","pvap":"   3,09"},{"seq":"68","sqcand":"140000821729","n":"22999","nm":"SARA SOUSA","cc":"PL","nv":" ","e":"n","st":"Suplente","dvt":"V\u00e1lido","vap":"2","pvap":"   0,01"},{"seq":"75","sqcand":"140000705696","n":"70111","nm":"NILVANO","cc":"AVANTE","nv":" ","e":"n","st":"N\u00e3o eleito","dvt":"V\u00e1lido","vap":"85","pvap":"   0,57"},{"seq":"82","sqcand":"140000705688","n":"70123","nm":"DINEY VICENTE","cc":"AVANTE","nv":" ","e":"n","st":"N\u00e3o eleito","dvt":"V\u00e1lido","vap":"23","pvap":"   0,15"},{"seq":"30","sqcand":"140000928099","n":"14100","nm":"IRMA VANESSA VARAO MOTOS","cc":"PTB","nv":" ","e":"n","st":"Suplente","dvt":"V\u00e1lido","vap":"155","pvap":"   1,04"},{"seq":"14","sqcand":"140000705614","n":"20555","nm":"ANT\u00d4NIO DO T\u00caNIS","cc":"PSC","nv":" ","e":"n","st":"Suplente","dvt":"V\u00e1lido","vap":"430","pvap":"   2,88"},{"seq":"9","sqcand":"140000822607","n":"45678","nm":"NILVA BRAND\u00c3O","cc":"PSDB","nv":" ","e":"s","st":"Eleito","dvt":"V\u00e1lido","vap":"347","pvap":"   2,32"},{"seq":"48","sqcand":"140000821727","n":"22345","nm":"ALDO COSTA","cc":"PL","nv":" ","e":"n","st":"Suplente","dvt":"V\u00e1lido","vap":"47","pvap":"   0,31"},{"seq":"89","sqcand":"140000705691","n":"70115","nm":"NEUTIN CARVALHO","cc":"AVANTE","nv":" ","e":"n","st":"N\u00e3o eleito","dvt":"V\u00e1lido","vap":"5","pvap":"   0,03"},{"seq":"26","sqcand":"140000928098","n":"14555","nm":"LEIDIANE BOMBEIRA","cc":"PTB","nv":" ","e":"n","st":"Suplente","dvt":"V\u00e1lido","vap":"214","pvap":"   1,43"},{"seq":"32","sqcand":"140000928106","n":"14111","nm":"DEBORA DO O BOTICARIO","cc":"PTB","nv":" ","e":"n","st":"Suplente","dvt":"V\u00e1lido","vap":"150","pvap":"   1,00"},{"seq":"8","sqcand":"140000767093","n":"10444","nm":"PROFESSOR F\u00c1BIO","cc":"REPUBLICANOS","nv":" ","e":"s","st":"Eleito","dvt":"V\u00e1lido","vap":"350","pvap":"   2,34"},{"seq":"81","sqcand":"140001009612","n":"12777","nm":"EDINALVA DO RUB\u00c3O","cc":"PDT","nv":" ","e":"n","st":"N\u00e3o eleito","dvt":"V\u00e1lido","vap":"26","pvap":"   0,17"},{"seq":"57","sqcand":"140000705538","n":"15345","nm":"GLEIDISANE","cc":"MDB","nv":" ","e":"n","st":"Suplente","dvt":"V\u00e1lido","vap":"25","pvap":"   0,17"},{"seq":"86","sqcand":"140001263032","n":"17500","nm":"DONA HELENA","cc":"PSL","nv":" ","e":"n","st":"N\u00e3o eleito","dvt":"Anulado sub judice","vap":"12","pvap":"   0,08"},{"seq":"6","sqcand":"140000705616","n":"20000","nm":"VEREADOR ZECA","cc":"PSC","nv":" ","e":"s","st":"Eleito","dvt":"V\u00e1lido","vap":"485","pvap":"   3,24"},{"seq":"55","sqcand":"140000821734","n":"22122","nm":"MARIA JOSE","cc":"PL","nv":" ","e":"n","st":"Suplente","dvt":"V\u00e1lido","vap":"27","pvap":"   0,18"},{"seq":"39","sqcand":"140000822615","n":"45515","nm":"CLEUDIMAR DO BALNE\u00c1RIO","cc":"PSDB","nv":" ","e":"n","st":"Suplente","dvt":"V\u00e1lido","vap":"101","pvap":"   0,68"},{"seq":"28","sqcand":"140000822613","n":"45690","nm":"PROF CARLINHOS","cc":"PSDB","nv":" ","e":"n","st":"Suplente","dvt":"V\u00e1lido","vap":"177","pvap":"   1,18"},{"seq":"46","sqcand":"140000821735","n":"22141","nm":"VALMECI DA \u00c1GUA BOA","cc":"PL","nv":" ","e":"n","st":"Suplente","dvt":"V\u00e1lido","vap":"56","pvap":"   0,37"},{"seq":"43","sqcand":"140000928101","n":"14333","nm":"NEY COSTA","cc":"PTB","nv":" ","e":"n","st":"Suplente","dvt":"V\u00e1lido","vap":"76","pvap":"   0,51"},{"seq":"18","sqcand":"140000822608","n":"45250","nm":"MIRON DAS MAQUINAS","cc":"PSDB","nv":" ","e":"n","st":"Suplente","dvt":"V\u00e1lido","vap":"309","pvap":"   2,07"},{"seq":"91","sqcand":"140001263049","n":"17777","nm":"\u00d4XENTE","cc":"PSL","nv":" ","e":"n","st":"N\u00e3o eleito","dvt":"Anulado sub judice","vap":"3","pvap":"   0,02"},{"seq":"85","sqcand":"140000705692","n":"70888","nm":"NONATO NOLETO","cc":"AVANTE","nv":" ","e":"n","st":"N\u00e3o eleito","dvt":"V\u00e1lido","vap":"15","pvap":"   0,10"},{"seq":"60","sqcand":"140000705613","n":"20115","nm":"MARIA PRETINHA","cc":"PSC","nv":" ","e":"n","st":"Suplente","dvt":"V\u00e1lido","vap":"15","pvap":"   0,10"},{"seq":"35","sqcand":"140000705536","n":"15777","nm":"RONNIVON HONORATO","cc":"MDB","nv":" ","e":"n","st":"Suplente","dvt":"V\u00e1lido","vap":"143","pvap":"   0,96"},{"seq":"64","sqcand":"140000928104","n":"14444","nm":"HIEDA COELHO FILHA DO ROXO","cc":"PTB","nv":" ","e":"n","st":"Suplente","dvt":"V\u00e1lido","vap":"7","pvap":"   0,05"},{"seq":"74","sqcand":"140001009610","n":"12345","nm":"TOT\u00d3","cc":"PDT","nv":" ","e":"n","st":"N\u00e3o eleito","dvt":"V\u00e1lido","vap":"115","pvap":"   0,77"},{"seq":"11","sqcand":"140000928097","n":"14144","nm":"TIAO ARRAIS","cc":"PTB","nv":" ","e":"s","st":"Eleito","dvt":"V\u00e1lido","vap":"285","pvap":"   1,91"}]}
