{"ele":"426","tpabr":"mu","cdabr":"05959","carper":"13","t":"1","f":"o","dt":"15/11/2020","ht":"21:44:41","dv":"s","tf":"s","v":"13","esae":"n","mnae":"","s":"72","st":"72","pst":" 100,00","snt":"0","psnt":"   0,00","si":"72","psi":" 100,00","sni":"0","psni":"   0,00","sa":"72","psa":" 100,00","sna":"0","psna":"   0,00","e":"24437","ea":"24437","pea":" 100,00","ena":"0","pena":"   0,00","esi":"24437","pesi":" 100,00","esni":"0","pesni":"   0,00","c":"17828","pc":"  72,95","a":"6609","pa":"  27,05","vscv":"0","vnom":"16438","vl":"682","pvnom":"  96,02","pvl":"   3,98","vvc":"17120","pvvc":"  96,03","vb":"177","pvb":"   0,99","tvn":"531","ptvn":"   2,98","vn":"529","pvn":"  99,62","vnt":"2","pvnt":"   0,38","vp":"0","pvp":"   0,00","vv":"17120","pvv":" 100,00","van":"0","pvan":"   0,00","vansj":"0","pvansj":"   0,00","tv":"17828","cand":[{"seq":"92","sqcand":"140001028299","n":"90000","nm":"DUDU","cc":"PROS","nv":" ","e":"n","st":"N\u00e3o eleito","dvt":"V\u00e1lido","vap":"100","pvap":"   0,58"},{"seq":"79","sqcand":"140000791726","n":"10611","nm":"ANTONIO CORREIA","cc":"REPUBLICANOS","nv":" ","e":"n","st":"Suplente","dvt":"V\u00e1lido","vap":"3","pvap":"   0,02"},{"seq":"12","sqcand":"140000792200","n":"22500","nm":"CABE\u00c7\u00c3O","cc":"PL","nv":" ","e":"s","st":"Eleito","dvt":"V\u00e1lido","vap":"375","pvap":"   2,19"},{"seq":"122","sqcand":"140000917538","n":"36123","nm":"MANOEL GARI","cc":"PTC","nv":" ","e":"n","st":"N\u00e3o eleito","dvt":"V\u00e1lido","vap":"10","pvap":"   0,06"},{"seq":"93","sqcand":"140000792112","n":"40777","nm":"CLAUDECY DA AUTOESCOLA","cc":"PSB","nv":" ","e":"n","st":"N\u00e3o eleito","dvt":"V\u00e1lido","vap":"98","pvap":"   0,57"},{"seq":"114","sqcand":"140000792114","n":"40000","nm":"DAVI COSTA","cc":"PSB","nv":" ","e":"n","st":"N\u00e3o eleito","dvt":"V\u00e1lido","vap":"21","pvap":"   0,12"},{"seq":"11","sqcand":"140000803914","n":"13456","nm":"RAIMUNDIN ONZE IRM\u00c3OS","cc":"PT","nv":" ","e":"s","st":"Eleito","dvt":"V\u00e1lido","vap":"403","pvap":"   2,35"},{"seq":"110","sqcand":"140001236503","n":"17022","nm":"ARLENE FURQUIM","cc":"PSL","nv":" ","e":"n","st":"N\u00e3o eleito","dvt":"V\u00e1lido","vap":"24","pvap":"   0,14"},{"seq":"15","sqcand":"140000792206","n":"22123","nm":"CHARLES GUTIERE","cc":"PL","nv":" ","e":"n","st":"Suplente","dvt":"V\u00e1lido","vap":"304","pvap":"   1,78"},{"seq":"68","sqcand":"140000741673","n":"25255","nm":"SORAIA ABREU","cc":"DEM","nv":" ","e":"n","st":"Suplente","dvt":"V\u00e1lido","vap":"20","pvap":"   0,12"},{"seq":"107","sqcand":"140001028297","n":"90120","nm":"IVONETE DIAS","cc":"PROS","nv":" ","e":"n","st":"N\u00e3o eleito","dvt":"V\u00e1lido","vap":"29","pvap":"   0,17"},{"seq":"104","sqcand":"140001094707","n":"14555","nm":"PATR\u00cdCIA","cc":"PTB","nv":" ","e":"n","st":"N\u00e3o eleito","dvt":"V\u00e1lido","vap":"34","pvap":"   0,20"},{"seq":"36","sqcand":"140001248602","n":"20220","nm":"EVANDO VIEIRA","cc":"PSC","nv":" ","e":"n","st":"Suplente","dvt":"V\u00e1lido","vap":"107","pvap":"   0,63"},{"seq":"102","sqcand":"140000792110","n":"40333","nm":"ISAIAS PEDREIRO","cc":"PSB","nv":" ","e":"n","st":"N\u00e3o eleito","dvt":"V\u00e1lido","vap":"44","pvap":"   0,26"},{"seq":"106","sqcand":"140000803252","n":"11555","nm":"CELSO TAXISTA","cc":"PP","nv":" ","e":"n","st":"N\u00e3o eleito","dvt":"V\u00e1lido","vap":"29","pvap":"   0,17"},{"seq":"10","sqcand":"140000792216","n":"22112","nm":"ALMIR","cc":"PL","nv":" ","e":"s","st":"Eleito","dvt":"V\u00e1lido","vap":"405","pvap":"   2,37"},{"seq":"66","sqcand":"140000803183","n":"13555","nm":"NICE COSTUREIRA","cc":"PT","nv":" ","e":"n","st":"Suplente","dvt":"V\u00e1lido","vap":"23","pvap":"   0,13"},{"seq":"32","sqcand":"140000858161","n":"15100","nm":"OTAVIANO","cc":"MDB","nv":" ","e":"n","st":"Suplente","dvt":"V\u00e1lido","vap":"122","pvap":"   0,71"},{"seq":"33","sqcand":"140001248609","n":"20120","nm":"EDVALDO DO AGUAS CLARAS","cc":"PSC","nv":" ","e":"n","st":"Suplente","dvt":"V\u00e1lido","vap":"116","pvap":"   0,68"},{"seq":"22","sqcand":"140001248610","n":"20456","nm":"DIOMAR DO SORRISO","cc":"PSC","nv":" ","e":"n","st":"Suplente","dvt":"V\u00e1lido","vap":"201","pvap":"   1,17"},{"seq":"70","sqcand":"140001248611","n":"20111","nm":"TITO OLIVEIRA","cc":"PSC","nv":" ","e":"n","st":"Suplente","dvt":"V\u00e1lido","vap":"15","pvap":"   0,09"},{"seq":"67","sqcand":"140000803919","n":"13123","nm":"SILVANA OITO DE MAR\u00c7O","cc":"PT","nv":" ","e":"n","st":"Suplente","dvt":"V\u00e1lido","vap":"21","pvap":"   0,12"},{"seq":"8","sqcand":"140001248605","n":"20222","nm":"BETO KAIAPO","cc":"PSC","nv":" ","e":"s","st":"Eleito","dvt":"V\u00e1lido","vap":"420","pvap":"   2,45"},{"seq":"75","sqcand":"140000791725","n":"10100","nm":"PEDRO SA","cc":"REPUBLICANOS","nv":" ","e":"n","st":"Suplente","dvt":"V\u00e1lido","vap":"8","pvap":"   0,05"},{"seq":"119","sqcand":"140000792111","n":"40555","nm":"WENDELL SILVA","cc":"PSB","nv":" ","e":"n","st":"N\u00e3o eleito","dvt":"V\u00e1lido","vap":"17","pvap":"   0,10"},{"seq":"24","sqcand":"140000791723","n":"10300","nm":"DE JESUS DO JOAO 300","cc":"REPUBLICANOS","nv":" ","e":"n","st":"Suplente","dvt":"V\u00e1lido","vap":"199","pvap":"   1,16"},{"seq":"21","sqcand":"140000792213","n":"22111","nm":"DOM VITAL","cc":"PL","nv":" ","e":"n","st":"Suplente","dvt":"V\u00e1lido","vap":"214","pvap":"   1,25"},{"seq":"37","sqcand":"140000741672","n":"25123","nm":"CLEITON LEMES","cc":"DEM","nv":" ","e":"n","st":"Suplente","dvt":"V\u00e1lido","vap":"106","pvap":"   0,62"},{"seq":"27","sqcand":"140000792215","n":"22333","nm":"DEUZELIO DIAS","cc":"PL","nv":" ","e":"n","st":"Suplente","dvt":"V\u00e1lido","vap":"176","pvap":"   1,03"},{"seq":"41","sqcand":"140000791730","n":"10345","nm":"PAULO ZIDORIO","cc":"REPUBLICANOS","nv":" ","e":"n","st":"Suplente","dvt":"V\u00e1lido","vap":"85","pvap":"   0,50"},{"seq":"51","sqcand":"140000803921","n":"13000","nm":"SELDA MORAIS","cc":"PT","nv":" ","e":"n","st":"Suplente","dvt":"V\u00e1lido","vap":"53","pvap":"   0,31"},{"seq":"78","sqcand":"140000858150","n":"15000","nm":"DARCI","cc":"MDB","nv":" ","e":"n","st":"Suplente","dvt":"V\u00e1lido","vap":"5","pvap":"   0,03"},{"seq":"42","sqcand":"140000803920","n":"13133","nm":"PROF JHENIA","cc":"PT","nv":" ","e":"n","st":"Suplente","dvt":"V\u00e1lido","vap":"82","pvap":"   0,48"},{"seq":"39","sqcand":"140000792212","n":"22000","nm":"PROFESSORA WAL","cc":"PL","nv":" ","e":"n","st":"Suplente","dvt":"V\u00e1lido","vap":"93","pvap":"   0,54"},{"seq":"50","sqcand":"140000741665","n":"25024","nm":"HADESHI PASTELEIRO","cc":"DEM","nv":" ","e":"n","st":"Suplente","dvt":"V\u00e1lido","vap":"63","pvap":"   0,37"},{"seq":"61","sqcand":"140000803917","n":"13171","nm":"DENIS DO BAR","cc":"PT","nv":" ","e":"n","st":"Suplente","dvt":"V\u00e1lido","vap":"28","pvap":"   0,16"},{"seq":"48","sqcand":"140000741676","n":"25111","nm":"PR PAULO LEIVAS","cc":"DEM","nv":" ","e":"n","st":"Suplente","dvt":"V\u00e1lido","vap":"70","pvap":"   0,41"},{"seq":"120","sqcand":"140000917537","n":"36145","nm":"RAFAEL DO PA MARIA PRETA","cc":"PTC","nv":" ","e":"n","st":"N\u00e3o eleito","dvt":"V\u00e1lido","vap":"13","pvap":"   0,08"},{"seq":"17","sqcand":"140000858151","n":"15622","nm":"RODRIGO CAMARGO","cc":"MDB","nv":" ","e":"n","st":"Suplente","dvt":"V\u00e1lido","vap":"290","pvap":"   1,69"},{"seq":"87","sqcand":"140000803251","n":"11252","nm":"MARIO DA FARMACIA","cc":"PP","nv":" ","e":"n","st":"N\u00e3o eleito","dvt":"V\u00e1lido","vap":"186","pvap":"   1,09"},{"seq":"44","sqcand":"140000741675","n":"25678","nm":"WARLEY ROSA","cc":"DEM","nv":" ","e":"n","st":"Suplente","dvt":"V\u00e1lido","vap":"78","pvap":"   0,46"},{"seq":"3","sqcand":"140000858158","n":"15789","nm":"M\u00c1RCIO NEG\u00c3O","cc":"MDB","nv":" ","e":"s","st":"Eleito","dvt":"V\u00e1lido","vap":"663","pvap":"   3,87"},{"seq":"82","sqcand":"140001268095","n":"15015","nm":"LUCIVANIA BORGES","cc":"MDB","nv":" ","e":"n","st":"Suplente","dvt":"V\u00e1lido","vap":"0","pvap":"00.00"},{"seq":"98","sqcand":"140000803253","n":"11123","nm":"LEIDI DO TONHO DA LUISA","cc":"PP","nv":" ","e":"n","st":"N\u00e3o eleito","dvt":"V\u00e1lido","vap":"70","pvap":"   0,41"},{"seq":"6","sqcand":"140000858159","n":"15123","nm":"REGINALDO CAWBOY","cc":"MDB","nv":" ","e":"s","st":"Eleito","dvt":"V\u00e1lido","vap":"466","pvap":"   2,72"},{"seq":"132","sqcand":"140001027964","n":"45272","nm":"JAQUELINE FERREIRA","cc":"PSDB","nv":" ","e":"n","st":"N\u00e3o eleito","dvt":"V\u00e1lido","vap":"2","pvap":"   0,01"},{"seq":"127","sqcand":"140001028296","n":"90456","nm":"IRACI TATUZINHO","cc":"PROS","nv":" ","e":"n","st":"N\u00e3o eleito","dvt":"V\u00e1lido","vap":"7","pvap":"   0,04"},{"seq":"116","sqcand":"140001028302","n":"90333","nm":"IRM\u00c3 DEUSA","cc":"PROS","nv":" ","e":"n","st":"N\u00e3o eleito","dvt":"V\u00e1lido","vap":"18","pvap":"   0,11"},{"seq":"54","sqcand":"140000792210","n":"22001","nm":"SUELY LIMA","cc":"PL","nv":" ","e":"n","st":"Suplente","dvt":"V\u00e1lido","vap":"45","pvap":"   0,26"},{"seq":"53","sqcand":"140000741670","n":"25355","nm":"WELTON MOTO T\u00c1XI","cc":"DEM","nv":" ","e":"n","st":"Suplente","dvt":"V\u00e1lido","vap":"47","pvap":"   0,27"},{"seq":"117","sqcand":"140001027960","n":"45611","nm":"DOMINGOS FRAN\u00c7A","cc":"PSDB","nv":" ","e":"n","st":"N\u00e3o eleito","dvt":"V\u00e1lido","vap":"17","pvap":"   0,10"},{"seq":"134","sqcand":"140001268094","n":"51333","nm":"CASSIANO","cc":"PATRIOTA","nv":" ","e":"n","st":"N\u00e3o eleito","dvt":"Anulado sub judice","vap":"0","pvap":"00.00"},{"seq":"20","sqcand":"140000803915","n":"13113","nm":"Z\u00c9 AREIA DO SINDICATO","cc":"PT","nv":" ","e":"n","st":"Suplente","dvt":"V\u00e1lido","vap":"225","pvap":"   1,31"},{"seq":"16","sqcand":"140000803918","n":"13111","nm":"MARCELO DO POV\u00c3O","cc":"PT","nv":" ","e":"n","st":"Suplente","dvt":"V\u00e1lido","vap":"294","pvap":"   1,72"},{"seq":"64","sqcand":"140001248601","n":"20333","nm":"MARCIO GARIMPEIRO","cc":"PSC","nv":" ","e":"n","st":"Suplente","dvt":"V\u00e1lido","vap":"28","pvap":"   0,16"},{"seq":"38","sqcand":"140000741667","n":"25121","nm":"IRM\u00c3 MARCIA","cc":"DEM","nv":" ","e":"n","st":"Suplente","dvt":"V\u00e1lido","vap":"101","pvap":"   0,59"},{"seq":"46","sqcand":"140000741674","n":"25222","nm":"FLAVIA MOTA","cc":"DEM","nv":" ","e":"n","st":"Suplente","dvt":"V\u00e1lido","vap":"73","pvap":"   0,43"},{"seq":"59","sqcand":"140000858153","n":"15456","nm":"PROFESSORA ENIR F\u00c9LIX","cc":"MDB","nv":" ","e":"n","st":"Suplente","dvt":"V\u00e1lido","vap":"31","pvap":"   0,18"},{"seq":"5","sqcand":"140000858154","n":"15345","nm":"IRM\u00c3O EDIVALDO","cc":"MDB","nv":" ","e":"s","st":"Eleito","dvt":"V\u00e1lido","vap":"545","pvap":"   3,18"},{"seq":"13","sqcand":"140000741668","n":"25555","nm":"AUDERISA","cc":"DEM","nv":" ","e":"s","st":"Eleito","dvt":"V\u00e1lido","vap":"293","pvap":"   1,71"},{"seq":"123","sqcand":"140001027965","n":"45222","nm":"MARINETE MARINHO","cc":"PSDB","nv":" ","e":"n","st":"N\u00e3o eleito","dvt":"V\u00e1lido","vap":"10","pvap":"   0,06"},{"seq":"58","sqcand":"140000858156","n":"15333","nm":"CELINA","cc":"MDB","nv":" ","e":"n","st":"Suplente","dvt":"V\u00e1lido","vap":"35","pvap":"   0,20"},{"seq":"34","sqcand":"140000791736","n":"10000","nm":"ANTONIO BARBOSA","cc":"REPUBLICANOS","nv":" ","e":"n","st":"Suplente","dvt":"V\u00e1lido","vap":"115","pvap":"   0,67"},{"seq":"31","sqcand":"140000791731","n":"10007","nm":"DR\u00aa SILVIA","cc":"REPUBLICANOS","nv":" ","e":"n","st":"Suplente","dvt":"V\u00e1lido","vap":"138","pvap":"   0,81"},{"seq":"52","sqcand":"140000858157","n":"15111","nm":"ADENILSON MEDINA","cc":"MDB","nv":" ","e":"n","st":"Suplente","dvt":"V\u00e1lido","vap":"52","pvap":"   0,30"},{"seq":"115","sqcand":"140000917536","n":"36000","nm":"IRM\u00c3O LOIRO DA D20 QUEIMADA","cc":"PTC","nv":" ","e":"n","st":"N\u00e3o eleito","dvt":"V\u00e1lido","vap":"19","pvap":"   0,11"},{"seq":"97","sqcand":"140000792117","n":"40123","nm":"JEORGE DA PATROLA","cc":"PSB","nv":" ","e":"n","st":"N\u00e3o eleito","dvt":"V\u00e1lido","vap":"77","pvap":"   0,45"},{"seq":"29","sqcand":"140000792201","n":"22525","nm":"BARBOSA DO CAMPINHO","cc":"PL","nv":" ","e":"n","st":"Suplente","dvt":"V\u00e1lido","vap":"155","pvap":"   0,91"},{"seq":"129","sqcand":"140000917533","n":"36271","nm":"DEDIANE MOTA","cc":"PTC","nv":" ","e":"n","st":"N\u00e3o eleito","dvt":"V\u00e1lido","vap":"3","pvap":"   0,02"},{"seq":"124","sqcand":"140001028304","n":"90222","nm":"LARANJEIRA","cc":"PROS","nv":" ","e":"n","st":"N\u00e3o eleito","dvt":"V\u00e1lido","vap":"9","pvap":"   0,05"},{"seq":"14","sqcand":"140000791733","n":"10333","nm":"IZAIAS FILHO DA IRM\u00c3 FATIMA","cc":"REPUBLICANOS","nv":" ","e":"n","st":"Suplente","dvt":"V\u00e1lido","vap":"311","pvap":"   1,82"},{"seq":"99","sqcand":"140000792240","n":"51222","nm":"DAIANA RIBEIRO","cc":"PATRIOTA","nv":" ","e":"n","st":"N\u00e3o eleito","dvt":"V\u00e1lido","vap":"69","pvap":"   0,40"},{"seq":"80","sqcand":"140001248598","n":"20123","nm":"REGINALDO","cc":"PSC","nv":" ","e":"n","st":"Suplente","dvt":"V\u00e1lido","vap":"3","pvap":"   0,02"},{"seq":"18","sqcand":"140000858152","n":"15611","nm":"JOS\u00c9 BARREIRA","cc":"MDB","nv":" ","e":"n","st":"Suplente","dvt":"V\u00e1lido","vap":"269","pvap":"   1,57"},{"seq":"49","sqcand":"140000792199","n":"22444","nm":"PROFESSOR GARIMPEIRO","cc":"PL","nv":" ","e":"n","st":"Suplente","dvt":"V\u00e1lido","vap":"64","pvap":"   0,37"},{"seq":"90","sqcand":"140001241854","n":"17123","nm":"VICENTE DA DEGRAUS","cc":"PSL","nv":" ","e":"n","st":"N\u00e3o eleito","dvt":"V\u00e1lido","vap":"123","pvap":"   0,72"},{"seq":"25","sqcand":"140000741669","n":"25625","nm":"GENIVAL TESOURA DE OURO","cc":"DEM","nv":" ","e":"n","st":"Suplente","dvt":"V\u00e1lido","vap":"198","pvap":"   1,16"},{"seq":"112","sqcand":"140000792244","n":"51444","nm":"INEZ DA OFICINA KARAIBA","cc":"PATRIOTA","nv":" ","e":"n","st":"N\u00e3o eleito","dvt":"V\u00e1lido","vap":"21","pvap":"   0,12"},{"seq":"74","sqcand":"140001248604","n":"20555","nm":"KATIUCE PRUDENTE","cc":"PSC","nv":" ","e":"n","st":"Suplente","dvt":"V\u00e1lido","vap":"11","pvap":"   0,06"},{"seq":"35","sqcand":"140000803184","n":"13222","nm":"NEY GON\u00c7ALVES","cc":"PT","nv":" ","e":"n","st":"Suplente","dvt":"V\u00e1lido","vap":"115","pvap":"   0,67"},{"seq":"133","sqcand":"140001093842","n":"17111","nm":"JOAO DA VAN","cc":"PSL","nv":" ","e":"n","st":"N\u00e3o eleito","dvt":"V\u00e1lido","vap":"1","pvap":"   0,01"},{"seq":"7","sqcand":"140000791737","n":"10123","nm":"RENIVALDO","cc":"REPUBLICANOS","nv":" ","e":"s","st":"Eleito","dvt":"V\u00e1lido","vap":"427","pvap":"   2,49"},{"seq":"81","sqcand":"140001268878","n":"20100","nm":"ANA PAULA STRAPAZZON","cc":"PSC","nv":" ","e":"n","st":"Suplente","dvt":"V\u00e1lido","vap":"2","pvap":"   0,01"},{"seq":"23","sqcand":"140000792204","n":"22555","nm":"DULCI ","cc":"PL","nv":" ","e":"n","st":"Suplente","dvt":"V\u00e1lido","vap":"200","pvap":"   1,17"},{"seq":"84","sqcand":"140000833359","n":"51234","nm":"VAL\u00c9RIA CASSIANO","cc":"PATRIOTA","nv":" ","e":"n","st":"N\u00e3o eleito","dvt":"V\u00e1lido","vap":"379","pvap":"   2,21"},{"seq":"47","sqcand":"140000741671","n":"25412","nm":"ANTONIO AGRICULTOR","cc":"DEM","nv":" ","e":"n","st":"Suplente","dvt":"V\u00e1lido","vap":"71","pvap":"   0,41"},{"seq":"96","sqcand":"140000792118","n":"40666","nm":"NICE","cc":"PSB","nv":" ","e":"n","st":"N\u00e3o eleito","dvt":"V\u00e1lido","vap":"81","pvap":"   0,47"},{"seq":"103","sqcand":"140001027961","n":"45123","nm":"PROFESSORA CENILDA","cc":"PSDB","nv":" ","e":"n","st":"N\u00e3o eleito","dvt":"V\u00e1lido","vap":"37","pvap":"   0,22"},{"seq":"121","sqcand":"140000803248","n":"11122","nm":"GILBERTO PERNINHA","cc":"PP","nv":" ","e":"n","st":"N\u00e3o eleito","dvt":"V\u00e1lido","vap":"11","pvap":"   0,06"},{"seq":"85","sqcand":"140001094703","n":"14000","nm":"DR ARIMAT\u00c9IA","cc":"PTB","nv":" ","e":"n","st":"N\u00e3o eleito","dvt":"V\u00e1lido","vap":"272","pvap":"   1,59"},{"seq":"69","sqcand":"140001248608","n":"20000","nm":"MARIA JOSE DO CAMPINHO","cc":"PSC","nv":" ","e":"n","st":"Suplente","dvt":"V\u00e1lido","vap":"18","pvap":"   0,11"},{"seq":"111","sqcand":"140001028298","n":"90123","nm":"EDNA","cc":"PROS","nv":" ","e":"n","st":"N\u00e3o eleito","dvt":"V\u00e1lido","vap":"22","pvap":"   0,13"},{"seq":"60","sqcand":"140000791734","n":"10200","nm":"ELIZANGELA VIEIRA","cc":"REPUBLICANOS","nv":" ","e":"n","st":"Suplente","dvt":"V\u00e1lido","vap":"30","pvap":"   0,18"},{"seq":"113","sqcand":"140001094705","n":"14222","nm":"SALOMAO DISTRIBUIDORA","cc":"PTB","nv":" ","e":"n","st":"N\u00e3o eleito","dvt":"V\u00e1lido","vap":"21","pvap":"   0,12"},{"seq":"95","sqcand":"140001027962","n":"45612","nm":"PASTOR DIONES LIMA","cc":"PSDB","nv":" ","e":"n","st":"N\u00e3o eleito","dvt":"V\u00e1lido","vap":"91","pvap":"   0,53"},{"seq":"73","sqcand":"140000791732","n":"10176","nm":"GABRIEL SILVA","cc":"REPUBLICANOS","nv":" ","e":"n","st":"Suplente","dvt":"V\u00e1lido","vap":"12","pvap":"   0,07"},{"seq":"26","sqcand":"140000792211","n":"22222","nm":"CHESI  PICA PAU","cc":"PL","nv":" ","e":"n","st":"Suplente","dvt":"V\u00e1lido","vap":"179","pvap":"   1,05"},{"seq":"108","sqcand":"140001028300","n":"90111","nm":"BEPIO KAYAPO","cc":"PROS","nv":" ","e":"n","st":"N\u00e3o eleito","dvt":"V\u00e1lido","vap":"28","pvap":"   0,16"},{"seq":"88","sqcand":"140000792109","n":"40100","nm":"SOCORRO LEITE","cc":"PSB","nv":" ","e":"n","st":"N\u00e3o eleito","dvt":"V\u00e1lido","vap":"176","pvap":"   1,03"},{"seq":"4","sqcand":"140000791738","n":"10456","nm":"CESAR GOLEIRO","cc":"REPUBLICANOS","nv":" ","e":"s","st":"Eleito","dvt":"V\u00e1lido","vap":"639","pvap":"   3,73"},{"seq":"131","sqcand":"140000803247","n":"11611","nm":"Z\u00c9 FILHO","cc":"PP","nv":" ","e":"n","st":"N\u00e3o eleito","dvt":"V\u00e1lido","vap":"3","pvap":"   0,02"},{"seq":"76","sqcand":"140001248606","n":"20020","nm":"ROSE MARY","cc":"PSC","nv":" ","e":"n","st":"Suplente","dvt":"V\u00e1lido","vap":"7","pvap":"   0,04"},{"seq":"105","sqcand":"140000792119","n":"40444","nm":"MARCELO QUEIROZ","cc":"PSB","nv":" ","e":"n","st":"N\u00e3o eleito","dvt":"V\u00e1lido","vap":"33","pvap":"   0,19"},{"seq":"57","sqcand":"140000791724","n":"10789","nm":"DUCE DA FEIRA","cc":"REPUBLICANOS","nv":" ","e":"n","st":"Suplente","dvt":"V\u00e1lido","vap":"38","pvap":"   0,22"},{"seq":"128","sqcand":"140000917534","n":"36483","nm":"DEUZINHA DO SETOR AEROPORTO","cc":"PTC","nv":" ","e":"n","st":"N\u00e3o eleito","dvt":"V\u00e1lido","vap":"6","pvap":"   0,04"},{"seq":"56","sqcand":"140000858155","n":"15234","nm":"PASTORA TATIANE","cc":"MDB","nv":" ","e":"n","st":"Suplente","dvt":"V\u00e1lido","vap":"42","pvap":"   0,25"},{"seq":"19","sqcand":"140000791729","n":"10110","nm":"JAIR\u00c3O","cc":"REPUBLICANOS","nv":" ","e":"n","st":"Suplente","dvt":"V\u00e1lido","vap":"259","pvap":"   1,51"},{"seq":"101","sqcand":"140001094706","n":"14121","nm":"J\u00daNIO  DO ESPETINHO","cc":"PTB","nv":" ","e":"n","st":"N\u00e3o eleito","dvt":"V\u00e1lido","vap":"49","pvap":"   0,29"},{"seq":"1","sqcand":"140000858160","n":"15678","nm":"WALTO CUNHA","cc":"MDB","nv":" ","e":"s","st":"Eleito","dvt":"V\u00e1lido","vap":"841","pvap":"   4,91"},{"seq":"65","sqcand":"140001248603","n":"20122","nm":"DONIVON DA HORTA","cc":"PSC","nv":" ","e":"n","st":"Suplente","dvt":"V\u00e1lido","vap":"27","pvap":"   0,16"},{"seq":"125","sqcand":"140000792241","n":"51555","nm":"VALDSON DA XINGU","cc":"PATRIOTA","nv":" ","e":"n","st":"N\u00e3o eleito","dvt":"V\u00e1lido","vap":"9","pvap":"   0,05"},{"seq":"55","sqcand":"140000792205","n":"22345","nm":"LUH","cc":"PL","nv":" ","e":"n","st":"Suplente","dvt":"V\u00e1lido","vap":"42","pvap":"   0,25"},{"seq":"43","sqcand":"140000792214","n":"22999","nm":"MISSIONARIA TELMA CASSIANA","cc":"PL","nv":" ","e":"n","st":"Suplente","dvt":"V\u00e1lido","vap":"81","pvap":"   0,47"},{"seq":"100","sqcand":"140000792242","n":"51111","nm":"BEL\u00c9M KAYAPO","cc":"PATRIOTA","nv":" ","e":"n","st":"N\u00e3o eleito","dvt":"V\u00e1lido","vap":"49","pvap":"   0,29"},{"seq":"118","sqcand":"140001028301","n":"90090","nm":"NEIDE","cc":"PROS","nv":" ","e":"n","st":"N\u00e3o eleito","dvt":"V\u00e1lido","vap":"17","pvap":"   0,10"},{"seq":"130","sqcand":"140000803250","n":"11000","nm":"ELZINHA","cc":"PP","nv":" ","e":"n","st":"N\u00e3o eleito","dvt":"V\u00e1lido","vap":"3","pvap":"   0,02"},{"seq":"109","sqcand":"140001028303","n":"90330","nm":"DIVA DA SANTA RITA","cc":"PROS","nv":" ","e":"n","st":"N\u00e3o eleito","dvt":"V\u00e1lido","vap":"26","pvap":"   0,15"},{"seq":"62","sqcand":"140001265165","n":"20010","nm":"ALDERINA DA FARMACIA","cc":"PSC","nv":" ","e":"n","st":"Suplente","dvt":"V\u00e1lido","vap":"28","pvap":"   0,16"},{"seq":"126","sqcand":"140000792120","n":"40505","nm":"LUCI DA PASTORAL","cc":"PSB","nv":" ","e":"n","st":"N\u00e3o eleito","dvt":"V\u00e1lido","vap":"8","pvap":"   0,05"},{"seq":"71","sqcand":"140000791728","n":"10121","nm":"GILSON","cc":"REPUBLICANOS","nv":" ","e":"n","st":"Suplente","dvt":"V\u00e1lido","vap":"15","pvap":"   0,09"},{"seq":"94","sqcand":"140001094704","n":"14444","nm":"TATYANE ETVC","cc":"PTB","nv":" ","e":"n","st":"N\u00e3o eleito","dvt":"V\u00e1lido","vap":"97","pvap":"   0,57"},{"seq":"9","sqcand":"140000792203","n":"22777","nm":"L\u00c9O JUNIOR","cc":"PL","nv":" ","e":"s","st":"Eleito","dvt":"V\u00e1lido","vap":"408","pvap":"   2,38"},{"seq":"45","sqcand":"140000792207","n":"22190","nm":"SARGENTO CELSO","cc":"PL","nv":" ","e":"n","st":"Suplente","dvt":"V\u00e1lido","vap":"77","pvap":"   0,45"},{"seq":"30","sqcand":"140000792202","n":"22220","nm":"NONA DO BALNEARIO","cc":"PL","nv":" ","e":"n","st":"Suplente","dvt":"V\u00e1lido","vap":"143","pvap":"   0,84"},{"seq":"40","sqcand":"140000741666","n":"25155","nm":"PIPOCA DO JP","cc":"DEM","nv":" ","e":"n","st":"Suplente","dvt":"V\u00e1lido","vap":"91","pvap":"   0,53"},{"seq":"86","sqcand":"140000792113","n":"40222","nm":"FABRICIO POUCA SOMBRA","cc":"PSB","nv":" ","e":"n","st":"N\u00e3o eleito","dvt":"V\u00e1lido","vap":"239","pvap":"   1,40"},{"seq":"28","sqcand":"140000791727","n":"10234","nm":"ANEILTON MARQUES","cc":"REPUBLICANOS","nv":" ","e":"n","st":"Suplente","dvt":"V\u00e1lido","vap":"160","pvap":"   0,93"},{"seq":"72","sqcand":"140000792209","n":"22144","nm":"DEUZIELE DA DISTRIBUIDORA","cc":"PL","nv":" ","e":"n","st":"Suplente","dvt":"V\u00e1lido","vap":"12","pvap":"   0,07"},{"seq":"91","sqcand":"140001027963","n":"45678","nm":"MESAQUE FEITOSA","cc":"PSDB","nv":" ","e":"n","st":"N\u00e3o eleito","dvt":"V\u00e1lido","vap":"102","pvap":"   0,60"},{"seq":"77","sqcand":"140000791735","n":"10222","nm":"DA GUIA","cc":"REPUBLICANOS","nv":" ","e":"n","st":"Suplente","dvt":"V\u00e1lido","vap":"5","pvap":"   0,03"},{"seq":"89","sqcand":"140001094702","n":"14123","nm":"PROF\u00aa FRANCISCA","cc":"PTB","nv":" ","e":"n","st":"N\u00e3o eleito","dvt":"V\u00e1lido","vap":"141","pvap":"   0,82"},{"seq":"63","sqcand":"140001248600","n":"20155","nm":"NEGO DO LIBERDADE","cc":"PSC","nv":" ","e":"n","st":"Suplente","dvt":"V\u00e1lido","vap":"28","pvap":"   0,16"},{"seq":"2","sqcand":"140000792208","n":"22456","nm":"DR ANDRADE","cc":"PL","nv":" ","e":"s","st":"Eleito","dvt":"V\u00e1lido","vap":"741","pvap":"   4,33"},{"seq":"83","sqcand":"140001028295","n":"90612","nm":"ZULENE","cc":"PROS","nv":" ","e":"n","st":"N\u00e3o eleito","dvt":"V\u00e1lido","vap":"502","pvap":"   2,93"}]}
