{"ele":"426","tpabr":"mu","cdabr":"06017","carper":"13","t":"1","f":"o","dt":"15/11/2020","ht":"18:50:09","dv":"s","tf":"s","v":"9","esae":"n","mnae":"","s":"21","st":"21","pst":" 100,00","snt":"0","psnt":"   0,00","si":"21","psi":" 100,00","sni":"0","psni":"   0,00","sa":"21","psa":" 100,00","sna":"0","psna":"   0,00","e":"6497","ea":"6497","pea":" 100,00","ena":"0","pena":"   0,00","esi":"6497","pesi":" 100,00","esni":"0","pesni":"   0,00","c":"5299","pc":"  81,56","a":"1198","pa":"  18,44","vscv":"0","vnom":"4216","vl":"114","pvnom":"  97,37","pvl":"   2,63","vvc":"5198","pvvc":"  98,09","vb":"34","pvb":"   0,65","tvn":"67","ptvn":"   1,26","vn":"67","pvn":" 100,00","vnt":"0","pvnt":"   0,00","vp":"0","pvp":"   0,00","vv":"4330","pvv":"  83,30","van":"0","pvan":"   0,00","vansj":"868","pvansj":"  16,70","tv":"5299","cand":[{"seq":"21","sqcand":"30000769976","n":"11333","nm":"IGO PATALE\u00c3O","cc":"PP","nv":" ","e":"n","st":"Suplente","dvt":"V\u00e1lido","vap":"49","pvap":"   0,94"},{"seq":"58","sqcand":"30001029169","n":"22321","nm":"JULIANA","cc":"PL","nv":" ","e":"n","st":"N\u00e3o eleito","dvt":"Anulado sub judice","vap":"0","pvap":"00.00"},{"seq":"51","sqcand":"30001028619","n":"18314","nm":"PATRICIA FREITAS","cc":"REDE","nv":" ","e":"n","st":"N\u00e3o eleito","dvt":"V\u00e1lido","vap":"19","pvap":"   0,37"},{"seq":"13","sqcand":"30001029167","n":"22123","nm":"RENATO MARQUES","cc":"PL","nv":" ","e":"n","st":"Suplente","dvt":"V\u00e1lido","vap":"161","pvap":"   3,10"},{"seq":"10","sqcand":"30000698237","n":"12345","nm":"M\u00c1RCIO SUCUPIRA","cc":"PDT","nv":" ","e":"n","st":"Suplente","dvt":"V\u00e1lido","vap":"234","pvap":"   4,50"},{"seq":"3","sqcand":"30000769978","n":"11011","nm":"DAYMO SUCUPIRA","cc":"PP","nv":" ","e":"s","st":"Eleito","dvt":"V\u00e1lido","vap":"271","pvap":"   5,21"},{"seq":"38","sqcand":"30000769984","n":"11456","nm":"OSEIA","cc":"PP","nv":" ","e":"n","st":"Suplente","dvt":"V\u00e1lido","vap":"2","pvap":"   0,04"},{"seq":"9","sqcand":"30000817464","n":"17789","nm":"PR DIEGO","cc":"PSL","nv":" ","e":"s","st":"Eleito","dvt":"V\u00e1lido","vap":"151","pvap":"   2,90"},{"seq":"8","sqcand":"30000769981","n":"11111","nm":"PROFESSOR WILLIAN","cc":"PP","nv":" ","e":"s","st":"Eleito","dvt":"V\u00e1lido","vap":"169","pvap":"   3,25"},{"seq":"42","sqcand":"30000863386","n":"25678","nm":"WENDELL TUBINHO","cc":"DEM","nv":" ","e":"n","st":"N\u00e3o eleito","dvt":"Anulado sub judice","vap":"170","pvap":"   3,27"},{"seq":"37","sqcand":"30001029172","n":"22427","nm":"MAGUILA","cc":"PL","nv":" ","e":"n","st":"Suplente","dvt":"V\u00e1lido","vap":"4","pvap":"   0,08"},{"seq":"57","sqcand":"30000863388","n":"25733","nm":"PR IZAQUE PANTOJA","cc":"DEM","nv":" ","e":"n","st":"N\u00e3o eleito","dvt":"Anulado sub judice","vap":"0","pvap":"00.00"},{"seq":"18","sqcand":"30000817463","n":"17777","nm":"MYSTERSAN","cc":"PSL","nv":" ","e":"n","st":"Suplente","dvt":"V\u00e1lido","vap":"89","pvap":"   1,71"},{"seq":"29","sqcand":"30000817461","n":"17000","nm":"NETE COSTA","cc":"PSL","nv":" ","e":"n","st":"Suplente","dvt":"V\u00e1lido","vap":"18","pvap":"   0,35"},{"seq":"34","sqcand":"30001029165","n":"22871","nm":"JUCIANE","cc":"PL","nv":" ","e":"n","st":"Suplente","dvt":"V\u00e1lido","vap":"10","pvap":"   0,19"},{"seq":"33","sqcand":"30000769983","n":"11777","nm":"ROSI","cc":"PP","nv":" ","e":"n","st":"Suplente","dvt":"V\u00e1lido","vap":"11","pvap":"   0,21"},{"seq":"36","sqcand":"30000817460","n":"17888","nm":"RAFAEL","cc":"PSL","nv":" ","e":"n","st":"Suplente","dvt":"V\u00e1lido","vap":"7","pvap":"   0,13"},{"seq":"20","sqcand":"30000817466","n":"17222","nm":"JACAR\u00c9","cc":"PSL","nv":" ","e":"n","st":"Suplente","dvt":"V\u00e1lido","vap":"65","pvap":"   1,25"},{"seq":"5","sqcand":"30000698235","n":"12111","nm":"MAUR\u00cdCIO SUCUPIRA","cc":"PDT","nv":" ","e":"s","st":"Eleito","dvt":"V\u00e1lido","vap":"238","pvap":"   4,58"},{"seq":"27","sqcand":"30000769982","n":"11156","nm":"GUGU MIRANDA","cc":"PP","nv":" ","e":"n","st":"Suplente","dvt":"V\u00e1lido","vap":"24","pvap":"   0,46"},{"seq":"12","sqcand":"30001029164","n":"22180","nm":"JOYANNE CAMBRAIA","cc":"PL","nv":" ","e":"n","st":"Suplente","dvt":"V\u00e1lido","vap":"165","pvap":"   3,17"},{"seq":"55","sqcand":"30001028625","n":"18580","nm":"GLAUCIANE","cc":"REDE","nv":" ","e":"n","st":"N\u00e3o eleito","dvt":"V\u00e1lido","vap":"8","pvap":"   0,15"},{"seq":"30","sqcand":"30000817462","n":"17555","nm":"JERUSA SILVA","cc":"PSL","nv":" ","e":"n","st":"Suplente","dvt":"V\u00e1lido","vap":"16","pvap":"   0,31"},{"seq":"16","sqcand":"30000769979","n":"11222","nm":"BOGA","cc":"PP","nv":" ","e":"n","st":"Suplente","dvt":"V\u00e1lido","vap":"99","pvap":"   1,90"},{"seq":"59","sqcand":"30000863387","n":"25321","nm":"PR VALDO","cc":"DEM","nv":" ","e":"n","st":"N\u00e3o eleito","dvt":"Anulado sub judice","vap":"0","pvap":"00.00"},{"seq":"41","sqcand":"30000863381","n":"25800","nm":"MARAC\u00c1","cc":"DEM","nv":" ","e":"n","st":"N\u00e3o eleito","dvt":"Anulado sub judice","vap":"270","pvap":"   5,19"},{"seq":"31","sqcand":"30000769980","n":"11123","nm":"ZILMA","cc":"PP","nv":" ","e":"n","st":"Suplente","dvt":"V\u00e1lido","vap":"15","pvap":"   0,29"},{"seq":"22","sqcand":"30000698234","n":"12122","nm":"KEILA GALV\u00c3O","cc":"PDT","nv":" ","e":"n","st":"Suplente","dvt":"V\u00e1lido","vap":"45","pvap":"   0,87"},{"seq":"40","sqcand":"30001039192","n":"12000","nm":"DAIANE","cc":"PDT","nv":" ","e":"n","st":"Suplente","dvt":"V\u00e1lido","vap":"0","pvap":"00.00"},{"seq":"4","sqcand":"30001029163","n":"22777","nm":"KELLEY LOBATO","cc":"PL","nv":" ","e":"s","st":"Eleito","dvt":"V\u00e1lido","vap":"270","pvap":"   5,19"},{"seq":"19","sqcand":"30001029173","n":"22122","nm":"ANA ALICE TELES","cc":"PL","nv":" ","e":"n","st":"Suplente","dvt":"V\u00e1lido","vap":"72","pvap":"   1,39"},{"seq":"50","sqcand":"30000863378","n":"25567","nm":"PROFESSORA ILKA","cc":"DEM","nv":" ","e":"n","st":"N\u00e3o eleito","dvt":"Anulado sub judice","vap":"21","pvap":"   0,40"},{"seq":"17","sqcand":"30000769986","n":"11234","nm":"SIMONE SILVA","cc":"PP","nv":" ","e":"n","st":"Suplente","dvt":"V\u00e1lido","vap":"95","pvap":"   1,83"},{"seq":"7","sqcand":"30001029162","n":"22000","nm":"MAGNO LOBATO","cc":"PL","nv":" ","e":"s","st":"Eleito","dvt":"V\u00e1lido","vap":"179","pvap":"   3,44"},{"seq":"28","sqcand":"30000769987","n":"11999","nm":"JO\u00c3O MIRA","cc":"PP","nv":" ","e":"n","st":"Suplente","dvt":"V\u00e1lido","vap":"22","pvap":"   0,42"},{"seq":"56","sqcand":"30001028621","n":"18421","nm":"DARNEY TAVARES","cc":"REDE","nv":" ","e":"n","st":"N\u00e3o eleito","dvt":"V\u00e1lido","vap":"6","pvap":"   0,12"},{"seq":"32","sqcand":"30000769985","n":"11124","nm":"\u00cdTALU CARVALHO","cc":"PP","nv":" ","e":"n","st":"Suplente","dvt":"V\u00e1lido","vap":"13","pvap":"   0,25"},{"seq":"48","sqcand":"30000863383","n":"25222","nm":"NENA","cc":"DEM","nv":" ","e":"n","st":"N\u00e3o eleito","dvt":"Anulado sub judice","vap":"24","pvap":"   0,46"},{"seq":"45","sqcand":"30001028622","n":"18111","nm":"FABRICIO BRITO","cc":"REDE","nv":" ","e":"n","st":"N\u00e3o eleito","dvt":"V\u00e1lido","vap":"73","pvap":"   1,40"},{"seq":"54","sqcand":"30001028620","n":"18374","nm":"JUZIANE CASTRO","cc":"REDE","nv":" ","e":"n","st":"N\u00e3o eleito","dvt":"V\u00e1lido","vap":"9","pvap":"   0,17"},{"seq":"47","sqcand":"30001028626","n":"18123","nm":"PRETO","cc":"REDE","nv":" ","e":"n","st":"N\u00e3o eleito","dvt":"V\u00e1lido","vap":"25","pvap":"   0,48"},{"seq":"39","sqcand":"30000817465","n":"17123","nm":"MIRLENE","cc":"PSL","nv":" ","e":"n","st":"Suplente","dvt":"V\u00e1lido","vap":"0","pvap":"00.00"},{"seq":"25","sqcand":"30000817467","n":"17244","nm":"BRUNO COSTA","cc":"PSL","nv":" ","e":"n","st":"Suplente","dvt":"V\u00e1lido","vap":"31","pvap":"   0,60"},{"seq":"46","sqcand":"30001028623","n":"18180","nm":"PROF  JOZINO","cc":"REDE","nv":" ","e":"n","st":"N\u00e3o eleito","dvt":"V\u00e1lido","vap":"70","pvap":"   1,35"},{"seq":"53","sqcand":"30000863379","n":"25333","nm":"DELMIRA DA MATTA","cc":"DEM","nv":" ","e":"n","st":"N\u00e3o eleito","dvt":"Anulado sub judice","vap":"11","pvap":"   0,21"},{"seq":"49","sqcand":"30000863382","n":"25555","nm":"LALALA","cc":"DEM","nv":" ","e":"n","st":"N\u00e3o eleito","dvt":"Anulado sub judice","vap":"23","pvap":"   0,44"},{"seq":"15","sqcand":"30001029166","n":"22456","nm":"TONH\u00c3O","cc":"PL","nv":" ","e":"n","st":"Suplente","dvt":"V\u00e1lido","vap":"113","pvap":"   2,17"},{"seq":"24","sqcand":"30000769974","n":"11000","nm":"OSCARINO","cc":"PP","nv":" ","e":"n","st":"Suplente","dvt":"V\u00e1lido","vap":"31","pvap":"   0,60"},{"seq":"14","sqcand":"30000769975","n":"11180","nm":"BEBETO DA BASE","cc":"PP","nv":" ","e":"n","st":"Suplente","dvt":"V\u00e1lido","vap":"137","pvap":"   2,64"},{"seq":"23","sqcand":"30001029174","n":"22222","nm":"PROF EDIONEL","cc":"PL","nv":" ","e":"n","st":"Suplente","dvt":"V\u00e1lido","vap":"33","pvap":"   0,63"},{"seq":"43","sqcand":"30000863385","n":"25123","nm":"TATU","cc":"DEM","nv":" ","e":"n","st":"N\u00e3o eleito","dvt":"Anulado sub judice","vap":"161","pvap":"   3,10"},{"seq":"2","sqcand":"30000769977","n":"11555","nm":"PROFESSORA IVANETE","cc":"PP","nv":" ","e":"s","st":"Eleito","dvt":"V\u00e1lido","vap":"336","pvap":"   6,46"},{"seq":"26","sqcand":"30001029161","n":"22555","nm":"ALESSANDRA","cc":"PL","nv":" ","e":"n","st":"Suplente","dvt":"V\u00e1lido","vap":"24","pvap":"   0,46"},{"seq":"44","sqcand":"30000863380","n":"25444","nm":"ALCINEI MAMEDE","cc":"DEM","nv":" ","e":"n","st":"N\u00e3o eleito","dvt":"Anulado sub judice","vap":"81","pvap":"   1,56"},{"seq":"1","sqcand":"30000698238","n":"12123","nm":"DORIVAN","cc":"PDT","nv":" ","e":"s","st":"Eleito","dvt":"V\u00e1lido","vap":"354","pvap":"   6,81"},{"seq":"35","sqcand":"30001029170","n":"22789","nm":"HOSANA MAMEDE","cc":"PL","nv":" ","e":"n","st":"Suplente","dvt":"V\u00e1lido","vap":"8","pvap":"   0,15"},{"seq":"6","sqcand":"30001029168","n":"22111","nm":"AVANIRA","cc":"PL","nv":" ","e":"s","st":"Eleito","dvt":"V\u00e1lido","vap":"214","pvap":"   4,12"},{"seq":"11","sqcand":"30000698236","n":"12240","nm":"ZECA BOLACHA","cc":"PDT","nv":" ","e":"n","st":"Suplente","dvt":"V\u00e1lido","vap":"231","pvap":"   4,44"},{"seq":"52","sqcand":"30000863384","n":"25789","nm":"JOVELINA","cc":"DEM","nv":" ","e":"n","st":"N\u00e3o eleito","dvt":"Anulado sub judice","vap":"14","pvap":"   0,27"}]}
