{"ele":"426","tpabr":"mu","cdabr":"06084","carper":"13","t":"1","f":"o","dt":"15/11/2020","ht":"20:20:43","dv":"s","tf":"s","v":"9","esae":"n","mnae":"","s":"26","st":"26","pst":" 100,00","snt":"0","psnt":"   0,00","si":"26","psi":" 100,00","sni":"0","psni":"   0,00","sa":"26","psa":" 100,00","sna":"0","psna":"   0,00","e":"9546","ea":"9546","pea":" 100,00","ena":"0","pena":"   0,00","esi":"9546","pesi":" 100,00","esni":"0","pesni":"   0,00","c":"7546","pc":"  79,05","a":"2000","pa":"  20,95","vscv":"0","vnom":"7124","vl":"223","pvnom":"  96,96","pvl":"   3,04","vvc":"7349","pvvc":"  97,39","vb":"32","pvb":"   0,42","tvn":"165","ptvn":"   2,19","vn":"165","pvn":" 100,00","vnt":"0","pvnt":"   0,00","vp":"0","pvp":"   0,00","vv":"7347","pvv":"  99,97","van":"0","pvan":"   0,00","vansj":"2","pvansj":"   0,03","tv":"7546","cand":[{"seq":"76","sqcand":"30001034760","n":"20300","nm":"MISSIONARIA NETE","cc":"PSC","nv":" ","e":"n","st":"N\u00e3o eleito","dvt":"V\u00e1lido","vap":"0","pvap":"00.00"},{"seq":"3","sqcand":"30000990884","n":"25888","nm":"RAIMUND\u00c3O","cc":"DEM","nv":" ","e":"s","st":"Eleito","dvt":"V\u00e1lido","vap":"369","pvap":"   5,02"},{"seq":"35","sqcand":"30001057615","n":"10122","nm":"CONCY","cc":"REPUBLICANOS","nv":" ","e":"n","st":"Suplente","dvt":"V\u00e1lido","vap":"44","pvap":"   0,60"},{"seq":"60","sqcand":"30000639435","n":"18123","nm":"LULA","cc":"REDE","nv":" ","e":"n","st":"N\u00e3o eleito","dvt":"V\u00e1lido","vap":"37","pvap":"   0,50"},{"seq":"26","sqcand":"30000771669","n":"45789","nm":"PASTOR BETO","cc":"PSDB","nv":" ","e":"n","st":"Suplente","dvt":"V\u00e1lido","vap":"105","pvap":"   1,43"},{"seq":"13","sqcand":"30001057625","n":"10222","nm":"LORO DA PERIMETRAL","cc":"REPUBLICANOS","nv":" ","e":"n","st":"Suplente","dvt":"V\u00e1lido","vap":"156","pvap":"   2,12"},{"seq":"17","sqcand":"30000964257","n":"65000","nm":"FRAN\u00c7A MORAES","cc":"PC do B","nv":" ","e":"n","st":"Suplente","dvt":"V\u00e1lido","vap":"137","pvap":"   1,86"},{"seq":"29","sqcand":"30001057614","n":"10555","nm":"FLAVIO DO DECA","cc":"REPUBLICANOS","nv":" ","e":"n","st":"Suplente","dvt":"V\u00e1lido","vap":"77","pvap":"   1,05"},{"seq":"58","sqcand":"30001034759","n":"20111","nm":"PAIZ\u00c3O","cc":"PSC","nv":" ","e":"n","st":"N\u00e3o eleito","dvt":"V\u00e1lido","vap":"62","pvap":"   0,84"},{"seq":"43","sqcand":"30000964250","n":"65345","nm":"GEANE DA TET\u00ca","cc":"PC do B","nv":" ","e":"n","st":"Suplente","dvt":"V\u00e1lido","vap":"15","pvap":"   0,20"},{"seq":"40","sqcand":"30000964254","n":"65223","nm":"PROFESSORA SANDRA","cc":"PC do B","nv":" ","e":"n","st":"Suplente","dvt":"V\u00e1lido","vap":"29","pvap":"   0,39"},{"seq":"31","sqcand":"30000990892","n":"25234","nm":"TANIA","cc":"DEM","nv":" ","e":"n","st":"Suplente","dvt":"V\u00e1lido","vap":"65","pvap":"   0,88"},{"seq":"54","sqcand":"30000990980","n":"17888","nm":"FATINHA","cc":"PSL","nv":" ","e":"n","st":"N\u00e3o eleito","dvt":"V\u00e1lido","vap":"82","pvap":"   1,12"},{"seq":"41","sqcand":"30001057618","n":"10111","nm":"ANDREU VALADARES","cc":"REPUBLICANOS","nv":" ","e":"n","st":"Suplente","dvt":"V\u00e1lido","vap":"27","pvap":"   0,37"},{"seq":"72","sqcand":"30000990979","n":"17123","nm":"JACIARA","cc":"PSL","nv":" ","e":"n","st":"N\u00e3o eleito","dvt":"V\u00e1lido","vap":"3","pvap":"   0,04"},{"seq":"56","sqcand":"30001034765","n":"20222","nm":"NELIELMA MIRANDA","cc":"PSC","nv":" ","e":"n","st":"N\u00e3o eleito","dvt":"V\u00e1lido","vap":"68","pvap":"   0,93"},{"seq":"10","sqcand":"30000990896","n":"25180","nm":"FEIO","cc":"DEM","nv":" ","e":"n","st":"Suplente","dvt":"V\u00e1lido","vap":"304","pvap":"   4,14"},{"seq":"71","sqcand":"30000639436","n":"18248","nm":"ILENE","cc":"REDE","nv":" ","e":"n","st":"N\u00e3o eleito","dvt":"V\u00e1lido","vap":"4","pvap":"   0,05"},{"seq":"8","sqcand":"30000771663","n":"45555","nm":"CRIS NUTRICIONISTA","cc":"PSDB","nv":" ","e":"s","st":"Eleito","dvt":"V\u00e1lido","vap":"193","pvap":"   2,63"},{"seq":"37","sqcand":"30000964253","n":"65456","nm":"MICA","cc":"PC do B","nv":" ","e":"n","st":"Suplente","dvt":"V\u00e1lido","vap":"37","pvap":"   0,50"},{"seq":"14","sqcand":"30001057624","n":"10369","nm":"NALVA GOMES","cc":"REPUBLICANOS","nv":" ","e":"n","st":"Suplente","dvt":"V\u00e1lido","vap":"154","pvap":"   2,10"},{"seq":"32","sqcand":"30000964256","n":"65400","nm":"TONY","cc":"PC do B","nv":" ","e":"n","st":"Suplente","dvt":"V\u00e1lido","vap":"60","pvap":"   0,82"},{"seq":"19","sqcand":"30000964255","n":"65100","nm":"VALDIR","cc":"PC do B","nv":" ","e":"n","st":"Suplente","dvt":"V\u00e1lido","vap":"132","pvap":"   1,80"},{"seq":"65","sqcand":"30000990984","n":"17555","nm":"NALDO","cc":"PSL","nv":" ","e":"n","st":"N\u00e3o eleito","dvt":"V\u00e1lido","vap":"13","pvap":"   0,18"},{"seq":"33","sqcand":"30000771662","n":"45175","nm":"CLEONICE DO SIME","cc":"PSDB","nv":" ","e":"n","st":"Suplente","dvt":"V\u00e1lido","vap":"51","pvap":"   0,69"},{"seq":"74","sqcand":"30000639442","n":"18132","nm":"NETE COELHO","cc":"REDE","nv":" ","e":"n","st":"N\u00e3o eleito","dvt":"V\u00e1lido","vap":"1","pvap":"   0,01"},{"seq":"28","sqcand":"30000771659","n":"45205","nm":"WELISON AQUINO","cc":"PSDB","nv":" ","e":"n","st":"Suplente","dvt":"V\u00e1lido","vap":"80","pvap":"   1,09"},{"seq":"18","sqcand":"30000771670","n":"45000","nm":"ALEM\u00c3O","cc":"PSDB","nv":" ","e":"n","st":"Suplente","dvt":"V\u00e1lido","vap":"135","pvap":"   1,84"},{"seq":"73","sqcand":"30001034766","n":"20456","nm":"BILL MAGALHAES","cc":"PSC","nv":" ","e":"n","st":"N\u00e3o eleito","dvt":"Anulado sub judice","vap":"1","pvap":"   0,01"},{"seq":"4","sqcand":"30000771668","n":"45045","nm":"BRANCO DO AGUA FRIA","cc":"PSDB","nv":" ","e":"s","st":"Eleito","dvt":"V\u00e1lido","vap":"326","pvap":"   4,44"},{"seq":"49","sqcand":"30001271966","n":"25333","nm":"ISABELA","cc":"DEM","nv":" ","e":"n","st":"Suplente","dvt":"V\u00e1lido","vap":"0","pvap":"00.00"},{"seq":"16","sqcand":"30000990891","n":"25100","nm":"SIMONE GRANDE","cc":"DEM","nv":" ","e":"n","st":"Suplente","dvt":"V\u00e1lido","vap":"147","pvap":"   2,00"},{"seq":"20","sqcand":"30000771664","n":"45013","nm":"PROFESSOR JEAN","cc":"PSDB","nv":" ","e":"n","st":"Suplente","dvt":"V\u00e1lido","vap":"127","pvap":"   1,73"},{"seq":"12","sqcand":"30000771665","n":"45103","nm":"PASTORA GLORIA","cc":"PSDB","nv":" ","e":"n","st":"Suplente","dvt":"V\u00e1lido","vap":"161","pvap":"   2,19"},{"seq":"62","sqcand":"30000639441","n":"18888","nm":"LUCIANE PAES","cc":"REDE","nv":" ","e":"n","st":"N\u00e3o eleito","dvt":"V\u00e1lido","vap":"24","pvap":"   0,33"},{"seq":"67","sqcand":"30000639446","n":"18135","nm":"ALTINO JUNIOR","cc":"REDE","nv":" ","e":"n","st":"N\u00e3o eleito","dvt":"V\u00e1lido","vap":"12","pvap":"   0,16"},{"seq":"50","sqcand":"30000639438","n":"18234","nm":"JAWARUWA WAIAPI","cc":"REDE","nv":" ","e":"n","st":"N\u00e3o eleito","dvt":"V\u00e1lido","vap":"264","pvap":"   3,59"},{"seq":"27","sqcand":"30000990885","n":"25123","nm":"JADSON DA PERIMETRAL","cc":"DEM","nv":" ","e":"n","st":"Suplente","dvt":"V\u00e1lido","vap":"92","pvap":"   1,25"},{"seq":"30","sqcand":"30000990894","n":"25741","nm":"DANIEL NUNES","cc":"DEM","nv":" ","e":"n","st":"Suplente","dvt":"V\u00e1lido","vap":"69","pvap":"   0,94"},{"seq":"36","sqcand":"30000771666","n":"45333","nm":"LEIDY DO AGUA FRIA","cc":"PSDB","nv":" ","e":"n","st":"Suplente","dvt":"V\u00e1lido","vap":"39","pvap":"   0,53"},{"seq":"1","sqcand":"30000990888","n":"25555","nm":"PRETINHO DO HOTEL","cc":"DEM","nv":" ","e":"s","st":"Eleito","dvt":"V\u00e1lido","vap":"399","pvap":"   5,43"},{"seq":"52","sqcand":"30000990982","n":"17789","nm":"COMANDANTE JORGE S\u00c1","cc":"PSL","nv":" ","e":"n","st":"N\u00e3o eleito","dvt":"V\u00e1lido","vap":"129","pvap":"   1,76"},{"seq":"77","sqcand":"30000639444","n":"18456","nm":"MARCELA","cc":"REDE","nv":" ","e":"n","st":"N\u00e3o eleito","dvt":"V\u00e1lido","vap":"0","pvap":"00.00"},{"seq":"66","sqcand":"30000639440","n":"18444","nm":"RAIMUNDA CAMBALACHO","cc":"REDE","nv":" ","e":"n","st":"N\u00e3o eleito","dvt":"V\u00e1lido","vap":"12","pvap":"   0,16"},{"seq":"46","sqcand":"30000964258","n":"65778","nm":"VULA","cc":"PC do B","nv":" ","e":"n","st":"Suplente","dvt":"V\u00e1lido","vap":"9","pvap":"   0,12"},{"seq":"75","sqcand":"30001034764","n":"20123","nm":"RICKY CARVALHO","cc":"PSC","nv":" ","e":"n","st":"N\u00e3o eleito","dvt":"Anulado sub judice","vap":"1","pvap":"   0,01"},{"seq":"44","sqcand":"30000771660","n":"45222","nm":"CHARLES OLIVEIRA","cc":"PSDB","nv":" ","e":"n","st":"Suplente","dvt":"V\u00e1lido","vap":"11","pvap":"   0,15"},{"seq":"34","sqcand":"30000990886","n":"25147","nm":"DONA ANTONIA","cc":"DEM","nv":" ","e":"n","st":"Suplente","dvt":"V\u00e1lido","vap":"47","pvap":"   0,64"},{"seq":"24","sqcand":"30000990889","n":"25789","nm":"ADVALDO PESSOA","cc":"DEM","nv":" ","e":"n","st":"Suplente","dvt":"V\u00e1lido","vap":"107","pvap":"   1,46"},{"seq":"11","sqcand":"30001057616","n":"10123","nm":"JUNIOR PARAENSE","cc":"REPUBLICANOS","nv":" ","e":"n","st":"Suplente","dvt":"V\u00e1lido","vap":"165","pvap":"   2,25"},{"seq":"57","sqcand":"30000639445","n":"18001","nm":"MIZAEL RAMOS","cc":"REDE","nv":" ","e":"n","st":"N\u00e3o eleito","dvt":"V\u00e1lido","vap":"68","pvap":"   0,93"},{"seq":"22","sqcand":"30000964251","n":"65789","nm":"PROFESSOR ERIK","cc":"PC do B","nv":" ","e":"n","st":"Suplente","dvt":"V\u00e1lido","vap":"112","pvap":"   1,52"},{"seq":"23","sqcand":"30001057621","n":"10456","nm":"WILMA S\u00c1","cc":"REPUBLICANOS","nv":" ","e":"n","st":"Suplente","dvt":"V\u00e1lido","vap":"108","pvap":"   1,47"},{"seq":"70","sqcand":"30000639443","n":"18777","nm":"HERNANDA CUNHA","cc":"REDE","nv":" ","e":"n","st":"N\u00e3o eleito","dvt":"V\u00e1lido","vap":"7","pvap":"   0,10"},{"seq":"42","sqcand":"30000771667","n":"45678","nm":"FRANCIMAR","cc":"PSDB","nv":" ","e":"n","st":"Suplente","dvt":"V\u00e1lido","vap":"26","pvap":"   0,35"},{"seq":"63","sqcand":"30000639439","n":"18333","nm":"PIQUI\u00c1","cc":"REDE","nv":" ","e":"n","st":"N\u00e3o eleito","dvt":"V\u00e1lido","vap":"21","pvap":"   0,29"},{"seq":"47","sqcand":"30000990890","n":"25444","nm":"JEOV\u00c1","cc":"DEM","nv":" ","e":"n","st":"Suplente","dvt":"V\u00e1lido","vap":"5","pvap":"   0,07"},{"seq":"59","sqcand":"30001034761","n":"20000","nm":"PR JOAO PAULO","cc":"PSC","nv":" ","e":"n","st":"N\u00e3o eleito","dvt":"V\u00e1lido","vap":"42","pvap":"   0,57"},{"seq":"5","sqcand":"30000990893","n":"25300","nm":"PRETO","cc":"DEM","nv":" ","e":"s","st":"Eleito","dvt":"V\u00e1lido","vap":"318","pvap":"   4,33"},{"seq":"38","sqcand":"30000964248","n":"65333","nm":"DANIEL","cc":"PC do B","nv":" ","e":"n","st":"Suplente","dvt":"V\u00e1lido","vap":"35","pvap":"   0,48"},{"seq":"2","sqcand":"30000771661","n":"45369","nm":"MATEUS SILVA","cc":"PSDB","nv":" ","e":"s","st":"Eleito","dvt":"V\u00e1lido","vap":"389","pvap":"   5,29"},{"seq":"9","sqcand":"30000964246","n":"65555","nm":"IRM\u00c3O CARDOSO","cc":"PC do B","nv":" ","e":"s","st":"Eleito","dvt":"V\u00e1lido","vap":"173","pvap":"   2,35"},{"seq":"55","sqcand":"30000639437","n":"18000","nm":"SAMUEL","cc":"REDE","nv":" ","e":"n","st":"N\u00e3o eleito","dvt":"V\u00e1lido","vap":"69","pvap":"   0,94"},{"seq":"61","sqcand":"30000990985","n":"17000","nm":"REP","cc":"PSL","nv":" ","e":"n","st":"N\u00e3o eleito","dvt":"V\u00e1lido","vap":"35","pvap":"   0,48"},{"seq":"64","sqcand":"30001034767","n":"20699","nm":"JOARAO GOMES","cc":"PSC","nv":" ","e":"n","st":"N\u00e3o eleito","dvt":"V\u00e1lido","vap":"17","pvap":"   0,23"},{"seq":"68","sqcand":"30000639434","n":"18661","nm":"RALF","cc":"REDE","nv":" ","e":"n","st":"N\u00e3o eleito","dvt":"V\u00e1lido","vap":"9","pvap":"   0,12"},{"seq":"45","sqcand":"30000964249","n":"65111","nm":"IRM\u00c3 EDILEUZA","cc":"PC do B","nv":" ","e":"n","st":"Suplente","dvt":"V\u00e1lido","vap":"10","pvap":"   0,14"},{"seq":"21","sqcand":"30000964252","n":"65222","nm":"RODRIGO","cc":"PC do B","nv":" ","e":"n","st":"Suplente","dvt":"V\u00e1lido","vap":"122","pvap":"   1,66"},{"seq":"7","sqcand":"30001057619","n":"10000","nm":"AYRES ANDRADE","cc":"REPUBLICANOS","nv":" ","e":"s","st":"Eleito","dvt":"V\u00e1lido","vap":"207","pvap":"   2,82"},{"seq":"69","sqcand":"30000990978","n":"17222","nm":"PASTORA NAZAR\u00c9","cc":"PSL","nv":" ","e":"n","st":"N\u00e3o eleito","dvt":"V\u00e1lido","vap":"7","pvap":"   0,10"},{"seq":"25","sqcand":"30001057620","n":"10190","nm":"DINAEL BARBOSA","cc":"REPUBLICANOS","nv":" ","e":"n","st":"Suplente","dvt":"V\u00e1lido","vap":"106","pvap":"   1,44"},{"seq":"6","sqcand":"30001057622","n":"10789","nm":"GECIANE SOUSA","cc":"REPUBLICANOS","nv":" ","e":"s","st":"Eleito","dvt":"V\u00e1lido","vap":"229","pvap":"   3,12"},{"seq":"15","sqcand":"30000990887","n":"25456","nm":"BOCA","cc":"DEM","nv":" ","e":"n","st":"Suplente","dvt":"V\u00e1lido","vap":"152","pvap":"   2,07"},{"seq":"51","sqcand":"30000990981","n":"17654","nm":"CAPIT\u00c3 ALCEMIRA","cc":"PSL","nv":" ","e":"n","st":"N\u00e3o eleito","dvt":"V\u00e1lido","vap":"131","pvap":"   1,78"},{"seq":"39","sqcand":"30000964247","n":"65123","nm":"TINA LIMA","cc":"PC do B","nv":" ","e":"n","st":"Suplente","dvt":"V\u00e1lido","vap":"30","pvap":"   0,41"},{"seq":"48","sqcand":"30001057623","n":"10777","nm":"KEILA POUSADA SANTAR\u00c9M","cc":"REPUBLICANOS","nv":" ","e":"n","st":"Suplente","dvt":"V\u00e1lido","vap":"1","pvap":"   0,01"},{"seq":"53","sqcand":"30000990983","n":"17777","nm":"PASTORA V\u00c2NIA FLEXA","cc":"PSL","nv":" ","e":"n","st":"N\u00e3o eleito","dvt":"V\u00e1lido","vap":"115","pvap":"   1,56"}]}
