{"ele":"426","tpabr":"mu","cdabr":"07064","carper":"13","t":"1","f":"o","dt":"15/11/2020","ht":"21:38:02","dv":"s","tf":"s","v":"11","esae":"n","mnae":"","s":"38","st":"38","pst":" 100,00","snt":"0","psnt":"   0,00","si":"38","psi":" 100,00","sni":"0","psni":"   0,00","sa":"38","psa":" 100,00","sna":"0","psna":"   0,00","e":"13124","ea":"13124","pea":" 100,00","ena":"0","pena":"   0,00","esi":"13124","pesi":" 100,00","esni":"0","pesni":"   0,00","c":"11144","pc":"  84,91","a":"1980","pa":"  15,09","vscv":"0","vnom":"10395","vl":"459","pvnom":"  95,77","pvl":"   4,23","vvc":"10928","pvvc":"  98,06","vb":"60","pvb":"   0,54","tvn":"156","ptvn":"   1,40","vn":"156","pvn":" 100,00","vnt":"0","pvnt":"   0,00","vp":"0","pvp":"   0,00","vv":"10854","pvv":"  99,32","van":"0","pvan":"   0,00","vansj":"74","pvansj":"   0,68","tv":"11144","cand":[{"seq":"29","sqcand":"100000737880","n":"10235","nm":"CEZAR COSTA","cc":"REPUBLICANOS","nv":" ","e":"n","st":"Suplente","dvt":"V\u00e1lido","vap":"105","pvap":"   0,96"},{"seq":"14","sqcand":"100000737901","n":"12678","nm":"PACOTINHO","cc":"PDT","nv":" ","e":"n","st":"Suplente","dvt":"V\u00e1lido","vap":"285","pvap":"   2,61"},{"seq":"25","sqcand":"100000737874","n":"10789","nm":"ROBSON SOUZA","cc":"REPUBLICANOS","nv":" ","e":"n","st":"Suplente","dvt":"V\u00e1lido","vap":"168","pvap":"   1,54"},{"seq":"68","sqcand":"100001216737","n":"17123","nm":"BOLA OITO","cc":"PSL","nv":" ","e":"n","st":"N\u00e3o eleito","dvt":"V\u00e1lido","vap":"12","pvap":"   0,11"},{"seq":"37","sqcand":"100001260933","n":"20147","nm":"ANDR\u00c9 DA LOTERICA","cc":"PSC","nv":" ","e":"n","st":"Suplente","dvt":"V\u00e1lido","vap":"56","pvap":"   0,51"},{"seq":"48","sqcand":"100000910746","n":"20777","nm":"ARMANDO DAS MOTOS","cc":"PSC","nv":" ","e":"n","st":"Suplente","dvt":"V\u00e1lido","vap":"3","pvap":"   0,03"},{"seq":"47","sqcand":"100000910759","n":"20321","nm":"CARLOS ANDRE DA RADIO","cc":"PSC","nv":" ","e":"n","st":"Suplente","dvt":"V\u00e1lido","vap":"7","pvap":"   0,06"},{"seq":"73","sqcand":"100001216741","n":"17456","nm":"MARIA DE ALMEIDA SANTOS","cc":"PSL","nv":" ","e":"n","st":"N\u00e3o eleito","dvt":"V\u00e1lido","vap":"0","pvap":"00.00"},{"seq":"31","sqcand":"100000737872","n":"10111","nm":"PROFESSORA EDNA","cc":"REPUBLICANOS","nv":" ","e":"n","st":"Suplente","dvt":"V\u00e1lido","vap":"94","pvap":"   0,86"},{"seq":"45","sqcand":"100000737902","n":"12666","nm":"CAMAR\u00c3O","cc":"PDT","nv":" ","e":"n","st":"Suplente","dvt":"V\u00e1lido","vap":"8","pvap":"   0,07"},{"seq":"69","sqcand":"100001216738","n":"17220","nm":"COUTINHO","cc":"PSL","nv":" ","e":"n","st":"N\u00e3o eleito","dvt":"V\u00e1lido","vap":"10","pvap":"   0,09"},{"seq":"39","sqcand":"100000737870","n":"10110","nm":"J\u00daLIO PAIVA","cc":"REPUBLICANOS","nv":" ","e":"n","st":"Suplente","dvt":"V\u00e1lido","vap":"41","pvap":"   0,38"},{"seq":"49","sqcand":"100000737908","n":"12777","nm":"THIAGO MARANH\u00c3O","cc":"PDT","nv":" ","e":"n","st":"Suplente","dvt":"V\u00e1lido","vap":"1","pvap":"   0,01"},{"seq":"58","sqcand":"100000910754","n":"20134","nm":"GURI","cc":"PSC","nv":" ","e":"n","st":"N\u00e3o eleito","dvt":"Anulado sub judice","vap":"53","pvap":"   0,48"},{"seq":"11","sqcand":"100000910756","n":"20456","nm":"PROFESSORA NILCE","cc":"PSC","nv":" ","e":"s","st":"Eleito","dvt":"V\u00e1lido","vap":"261","pvap":"   2,39"},{"seq":"22","sqcand":"100000910760","n":"20123","nm":"PROFESSOR WELLINGTON","cc":"PSC","nv":" ","e":"n","st":"Suplente","dvt":"V\u00e1lido","vap":"194","pvap":"   1,78"},{"seq":"10","sqcand":"100000737876","n":"10505","nm":"BA\u00da","cc":"REPUBLICANOS","nv":" ","e":"s","st":"Eleito","dvt":"V\u00e1lido","vap":"269","pvap":"   2,46"},{"seq":"57","sqcand":"100001113483","n":"77377","nm":"JARSON","cc":"SOLIDARIEDADE","nv":" ","e":"n","st":"N\u00e3o eleito","dvt":"V\u00e1lido","vap":"55","pvap":"   0,50"},{"seq":"65","sqcand":"100000738182","n":"33123","nm":"ALEF RABELO","cc":"PMN","nv":" ","e":"n","st":"N\u00e3o eleito","dvt":"V\u00e1lido","vap":"22","pvap":"   0,20"},{"seq":"35","sqcand":"100000737877","n":"10101","nm":"FERNANDA CASTRO","cc":"REPUBLICANOS","nv":" ","e":"n","st":"Suplente","dvt":"V\u00e1lido","vap":"63","pvap":"   0,58"},{"seq":"56","sqcand":"100000738183","n":"33333","nm":"IRM\u00c3 GEICE","cc":"PMN","nv":" ","e":"n","st":"N\u00e3o eleito","dvt":"V\u00e1lido","vap":"58","pvap":"   0,53"},{"seq":"52","sqcand":"100001113487","n":"77222","nm":"DUDA","cc":"SOLIDARIEDADE","nv":" ","e":"n","st":"N\u00e3o eleito","dvt":"V\u00e1lido","vap":"89","pvap":"   0,81"},{"seq":"1","sqcand":"100000910749","n":"20369","nm":"PROFESSORA IZAN","cc":"PSC","nv":" ","e":"s","st":"Eleito","dvt":"V\u00e1lido","vap":"666","pvap":"   6,09"},{"seq":"41","sqcand":"100001111486","n":"22456","nm":"BAMBANCA","cc":"PL","nv":" ","e":"n","st":"Suplente","dvt":"V\u00e1lido","vap":"35","pvap":"   0,32"},{"seq":"54","sqcand":"100000738179","n":"33000","nm":"IRM\u00c3O LAUDIVAN","cc":"PMN","nv":" ","e":"n","st":"N\u00e3o eleito","dvt":"V\u00e1lido","vap":"65","pvap":"   0,59"},{"seq":"53","sqcand":"100001113492","n":"77777","nm":"FRANCISCA","cc":"SOLIDARIEDADE","nv":" ","e":"n","st":"N\u00e3o eleito","dvt":"V\u00e1lido","vap":"68","pvap":"   0,62"},{"seq":"66","sqcand":"100000910755","n":"20111","nm":"AMILTON CARLOS RADIALISTA","cc":"PSC","nv":" ","e":"n","st":"N\u00e3o eleito","dvt":"Anulado sub judice","vap":"21","pvap":"   0,19"},{"seq":"15","sqcand":"100001111496","n":"22000","nm":"PROF ROBERTO ROCHA","cc":"PL","nv":" ","e":"n","st":"Suplente","dvt":"V\u00e1lido","vap":"265","pvap":"   2,42"},{"seq":"59","sqcand":"100001113489","n":"77555","nm":"TINH\u00d4","cc":"SOLIDARIEDADE","nv":" ","e":"n","st":"N\u00e3o eleito","dvt":"V\u00e1lido","vap":"34","pvap":"   0,31"},{"seq":"3","sqcand":"100000737898","n":"12369","nm":"LUIZ CARLOS","cc":"PDT","nv":" ","e":"s","st":"Eleito","dvt":"V\u00e1lido","vap":"565","pvap":"   5,17"},{"seq":"38","sqcand":"100000737878","n":"10225","nm":"GLENDA PIRES","cc":"REPUBLICANOS","nv":" ","e":"n","st":"Suplente","dvt":"V\u00e1lido","vap":"44","pvap":"   0,40"},{"seq":"17","sqcand":"100001111491","n":"22243","nm":"MARCELO","cc":"PL","nv":" ","e":"n","st":"Suplente","dvt":"V\u00e1lido","vap":"238","pvap":"   2,18"},{"seq":"9","sqcand":"100000737871","n":"10123","nm":"PROFESSORA MADALENA","cc":"REPUBLICANOS","nv":" ","e":"s","st":"Eleito","dvt":"V\u00e1lido","vap":"315","pvap":"   2,88"},{"seq":"18","sqcand":"100000737903","n":"12000","nm":"SEU L\u00da","cc":"PDT","nv":" ","e":"n","st":"Suplente","dvt":"V\u00e1lido","vap":"230","pvap":"   2,10"},{"seq":"5","sqcand":"100001111489","n":"22111","nm":"DORO","cc":"PL","nv":" ","e":"s","st":"Eleito","dvt":"V\u00e1lido","vap":"480","pvap":"   4,39"},{"seq":"50","sqcand":"100000738184","n":"33456","nm":"REIZINHO","cc":"PMN","nv":" ","e":"n","st":"N\u00e3o eleito","dvt":"V\u00e1lido","vap":"172","pvap":"   1,57"},{"seq":"61","sqcand":"100001113484","n":"77000","nm":"BICO","cc":"SOLIDARIEDADE","nv":" ","e":"n","st":"N\u00e3o eleito","dvt":"V\u00e1lido","vap":"33","pvap":"   0,30"},{"seq":"55","sqcand":"100001113485","n":"77444","nm":"UBIRANILTON","cc":"SOLIDARIEDADE","nv":" ","e":"n","st":"N\u00e3o eleito","dvt":"V\u00e1lido","vap":"63","pvap":"   0,58"},{"seq":"8","sqcand":"100001111488","n":"22123","nm":"BACA","cc":"PL","nv":" ","e":"s","st":"Eleito","dvt":"V\u00e1lido","vap":"337","pvap":"   3,08"},{"seq":"20","sqcand":"100000737899","n":"12123","nm":"COQUINHO","cc":"PDT","nv":" ","e":"n","st":"Suplente","dvt":"V\u00e1lido","vap":"206","pvap":"   1,89"},{"seq":"24","sqcand":"100000910753","n":"20222","nm":"JOAO MARCOS DO CONSELHO","cc":"PSC","nv":" ","e":"n","st":"Suplente","dvt":"V\u00e1lido","vap":"171","pvap":"   1,56"},{"seq":"6","sqcand":"100001111487","n":"22555","nm":"ANANIAS","cc":"PL","nv":" ","e":"s","st":"Eleito","dvt":"V\u00e1lido","vap":"436","pvap":"   3,99"},{"seq":"33","sqcand":"100000910752","n":"20110","nm":"JUAREZ","cc":"PSC","nv":" ","e":"n","st":"Suplente","dvt":"V\u00e1lido","vap":"71","pvap":"   0,65"},{"seq":"46","sqcand":"100001111494","n":"22222","nm":"LUCIA","cc":"PL","nv":" ","e":"n","st":"Suplente","dvt":"V\u00e1lido","vap":"7","pvap":"   0,06"},{"seq":"26","sqcand":"100001111490","n":"22345","nm":"JO\u00c3O JORGE","cc":"PL","nv":" ","e":"n","st":"Suplente","dvt":"V\u00e1lido","vap":"137","pvap":"   1,25"},{"seq":"67","sqcand":"100000738181","n":"33789","nm":"JOSI","cc":"PMN","nv":" ","e":"n","st":"N\u00e3o eleito","dvt":"V\u00e1lido","vap":"13","pvap":"   0,12"},{"seq":"70","sqcand":"100001113490","n":"77111","nm":"WANDERSON","cc":"SOLIDARIEDADE","nv":" ","e":"n","st":"N\u00e3o eleito","dvt":"V\u00e1lido","vap":"10","pvap":"   0,09"},{"seq":"4","sqcand":"100000737906","n":"12333","nm":"VALDINAN CASTRO","cc":"PDT","nv":" ","e":"s","st":"Eleito","dvt":"V\u00e1lido","vap":"545","pvap":"   4,99"},{"seq":"28","sqcand":"100000910751","n":"20234","nm":"FABIO ROBSON","cc":"PSC","nv":" ","e":"n","st":"Suplente","dvt":"V\u00e1lido","vap":"122","pvap":"   1,12"},{"seq":"51","sqcand":"100001113481","n":"77123","nm":"VAL","cc":"SOLIDARIEDADE","nv":" ","e":"n","st":"N\u00e3o eleito","dvt":"V\u00e1lido","vap":"99","pvap":"   0,91"},{"seq":"7","sqcand":"100000737900","n":"12345","nm":"THECO","cc":"PDT","nv":" ","e":"s","st":"Eleito","dvt":"V\u00e1lido","vap":"399","pvap":"   3,65"},{"seq":"2","sqcand":"100000910757","n":"20789","nm":"GIRLE MONTEIRO","cc":"PSC","nv":" ","e":"s","st":"Eleito","dvt":"V\u00e1lido","vap":"629","pvap":"   5,76"},{"seq":"74","sqcand":"100001216740","n":"17567","nm":"JAMES","cc":"PSL","nv":" ","e":"n","st":"N\u00e3o eleito","dvt":"V\u00e1lido","vap":"0","pvap":"00.00"},{"seq":"71","sqcand":"100001216739","n":"17890","nm":"JORGE LUIS","cc":"PSL","nv":" ","e":"n","st":"N\u00e3o eleito","dvt":"V\u00e1lido","vap":"4","pvap":"   0,04"},{"seq":"42","sqcand":"100001111495","n":"22022","nm":"DANIELE VALENTE","cc":"PL","nv":" ","e":"n","st":"Suplente","dvt":"V\u00e1lido","vap":"31","pvap":"   0,28"},{"seq":"19","sqcand":"100000910750","n":"20120","nm":"KABO\u00c7A LOPES ","cc":"PSC","nv":" ","e":"n","st":"Suplente","dvt":"V\u00e1lido","vap":"223","pvap":"   2,04"},{"seq":"21","sqcand":"100001111493","n":"22789","nm":"ENFERMEIRA NOEME","cc":"PL","nv":" ","e":"n","st":"Suplente","dvt":"V\u00e1lido","vap":"204","pvap":"   1,87"},{"seq":"62","sqcand":"100001113488","n":"77789","nm":"YARA","cc":"SOLIDARIEDADE","nv":" ","e":"n","st":"N\u00e3o eleito","dvt":"V\u00e1lido","vap":"33","pvap":"   0,30"},{"seq":"36","sqcand":"100001111492","n":"22321","nm":"JAIR DO BAR","cc":"PL","nv":" ","e":"n","st":"Suplente","dvt":"V\u00e1lido","vap":"61","pvap":"   0,56"},{"seq":"63","sqcand":"100001113482","n":"77125","nm":"GIC\u00c3O","cc":"SOLIDARIEDADE","nv":" ","e":"n","st":"N\u00e3o eleito","dvt":"V\u00e1lido","vap":"32","pvap":"   0,29"},{"seq":"23","sqcand":"100000737875","n":"10456","nm":"UBIRAJARA","cc":"REPUBLICANOS","nv":" ","e":"n","st":"Suplente","dvt":"V\u00e1lido","vap":"180","pvap":"   1,65"},{"seq":"16","sqcand":"100000737879","n":"10266","nm":"NILSON LOPES( BICA)","cc":"REPUBLICANOS","nv":" ","e":"n","st":"Suplente","dvt":"V\u00e1lido","vap":"243","pvap":"   2,22"},{"seq":"12","sqcand":"100000737905","n":"12789","nm":"SABRINA FREITA","cc":"PDT","nv":" ","e":"n","st":"Suplente","dvt":"V\u00e1lido","vap":"304","pvap":"   2,78"},{"seq":"60","sqcand":"100000738180","n":"33007","nm":"WKIAS CARDOZO","cc":"PMN","nv":" ","e":"n","st":"N\u00e3o eleito","dvt":"V\u00e1lido","vap":"34","pvap":"   0,31"},{"seq":"43","sqcand":"100000910748","n":"20275","nm":"MILLA BRATION","cc":"PSC","nv":" ","e":"n","st":"Suplente","dvt":"V\u00e1lido","vap":"31","pvap":"   0,28"},{"seq":"44","sqcand":"100001111497","n":"22333","nm":"GATO DA SKY","cc":"PL","nv":" ","e":"n","st":"Suplente","dvt":"V\u00e1lido","vap":"18","pvap":"   0,16"},{"seq":"72","sqcand":"100001113486","n":"77132","nm":"MARINALVA","cc":"SOLIDARIEDADE","nv":" ","e":"n","st":"N\u00e3o eleito","dvt":"V\u00e1lido","vap":"2","pvap":"   0,02"},{"seq":"30","sqcand":"100000910758","n":"20135","nm":"ZE CALANGO","cc":"PSC","nv":" ","e":"n","st":"Suplente","dvt":"V\u00e1lido","vap":"96","pvap":"   0,88"},{"seq":"34","sqcand":"100000737904","n":"12456","nm":"NILTON FISCAL","cc":"PDT","nv":" ","e":"n","st":"Suplente","dvt":"V\u00e1lido","vap":"67","pvap":"   0,61"},{"seq":"40","sqcand":"100000910761","n":"20107","nm":"CIENNY DA PESCA","cc":"PSC","nv":" ","e":"n","st":"Suplente","dvt":"V\u00e1lido","vap":"35","pvap":"   0,32"},{"seq":"32","sqcand":"100001111498","n":"22567","nm":"CARLITO","cc":"PL","nv":" ","e":"n","st":"Suplente","dvt":"V\u00e1lido","vap":"91","pvap":"   0,83"},{"seq":"13","sqcand":"100000737907","n":"12222","nm":"NOURA FERREIRA","cc":"PDT","nv":" ","e":"n","st":"Suplente","dvt":"V\u00e1lido","vap":"301","pvap":"   2,75"},{"seq":"27","sqcand":"100000737873","n":"10634","nm":"PROFESSORA HELCIANE","cc":"REPUBLICANOS","nv":" ","e":"n","st":"Suplente","dvt":"V\u00e1lido","vap":"127","pvap":"   1,16"},{"seq":"64","sqcand":"100001113491","n":"77720","nm":"JONAS","cc":"SOLIDARIEDADE","nv":" ","e":"n","st":"N\u00e3o eleito","dvt":"V\u00e1lido","vap":"22","pvap":"   0,20"}]}
