{"ele":"426","tpabr":"mu","cdabr":"07080","carper":"13","t":"1","f":"o","dt":"15/11/2020","ht":"22:13:11","dv":"s","tf":"s","v":"9","esae":"n","mnae":"","s":"16","st":"16","pst":" 100,00","snt":"0","psnt":"   0,00","si":"16","psi":" 100,00","sni":"0","psni":"   0,00","sa":"16","psa":" 100,00","sna":"0","psna":"   0,00","e":"5799","ea":"5799","pea":" 100,00","ena":"0","pena":"   0,00","esi":"5799","pesi":" 100,00","esni":"0","pesni":"   0,00","c":"4737","pc":"  81,69","a":"1062","pa":"  18,31","vscv":"0","vnom":"4207","vl":"207","pvnom":"  95,31","pvl":"   4,69","vvc":"4576","pvvc":"  96,60","vb":"34","pvb":"   0,72","tvn":"127","ptvn":"   2,68","vn":"127","pvn":" 100,00","vnt":"0","pvnt":"   0,00","vp":"0","pvp":"   0,00","vv":"4414","pvv":"  96,46","van":"0","pvan":"   0,00","vansj":"162","pvansj":"   3,54","tv":"4737","cand":[{"seq":"69","sqcand":"100000754104","n":"55000","nm":"RAFAEL PAIVA","cc":"PSD","nv":" ","e":"n","st":"N\u00e3o eleito","dvt":"V\u00e1lido","vap":"14","pvap":"   0,31"},{"seq":"1","sqcand":"100001214195","n":"12222","nm":"HENRIQUE","cc":"PDT","nv":" ","e":"s","st":"Eleito","dvt":"V\u00e1lido","vap":"256","pvap":"   5,59"},{"seq":"68","sqcand":"100001213985","n":"10444","nm":"DODA TAXISTA","cc":"REPUBLICANOS","nv":" ","e":"n","st":"N\u00e3o eleito","dvt":"Anulado sub judice","vap":"14","pvap":"   0,31"},{"seq":"48","sqcand":"100001269321","n":"12888","nm":"DAYANE","cc":"PDT","nv":" ","e":"n","st":"Suplente","dvt":"V\u00e1lido","vap":"2","pvap":"   0,04"},{"seq":"31","sqcand":"100000932921","n":"70333","nm":"IRM\u00c3O ROBERIO","cc":"AVANTE","nv":" ","e":"n","st":"Suplente","dvt":"V\u00e1lido","vap":"30","pvap":"   0,66"},{"seq":"41","sqcand":"100001214194","n":"12456","nm":"PAULA PIRACA","cc":"PDT","nv":" ","e":"n","st":"Suplente","dvt":"V\u00e1lido","vap":"12","pvap":"   0,26"},{"seq":"72","sqcand":"100000754312","n":"13123","nm":"SEU DICO","cc":"PT","nv":" ","e":"n","st":"N\u00e3o eleito","dvt":"V\u00e1lido","vap":"7","pvap":"   0,15"},{"seq":"35","sqcand":"100000932918","n":"70112","nm":"PROF DIONEIDE","cc":"AVANTE","nv":" ","e":"n","st":"Suplente","dvt":"V\u00e1lido","vap":"20","pvap":"   0,44"},{"seq":"30","sqcand":"100001213993","n":"10222","nm":"ANTONIO MARIA","cc":"REPUBLICANOS","nv":" ","e":"n","st":"Suplente","dvt":"V\u00e1lido","vap":"32","pvap":"   0,70"},{"seq":"37","sqcand":"100001213990","n":"10555","nm":"IRM\u00c3O CHIQUINHO","cc":"REPUBLICANOS","nv":" ","e":"n","st":"Suplente","dvt":"V\u00e1lido","vap":"17","pvap":"   0,37"},{"seq":"75","sqcand":"100000754101","n":"55666","nm":"IRM\u00c3O CHAGAS","cc":"PSD","nv":" ","e":"n","st":"N\u00e3o eleito","dvt":"V\u00e1lido","vap":"6","pvap":"   0,13"},{"seq":"38","sqcand":"100001215097","n":"51777","nm":"PROFESSORA G\u00ca GALV\u00c3O","cc":"PATRIOTA","nv":" ","e":"n","st":"Suplente","dvt":"V\u00e1lido","vap":"15","pvap":"   0,33"},{"seq":"18","sqcand":"100001215100","n":"51111","nm":"XAXIM","cc":"PATRIOTA","nv":" ","e":"n","st":"Suplente","dvt":"V\u00e1lido","vap":"78","pvap":"   1,70"},{"seq":"5","sqcand":"100000932929","n":"70777","nm":"PROF&#186; ALMIR","cc":"AVANTE","nv":" ","e":"s","st":"Eleito","dvt":"V\u00e1lido","vap":"193","pvap":"   4,22"},{"seq":"9","sqcand":"100001215096","n":"51555","nm":"DEGILDO","cc":"PATRIOTA","nv":" ","e":"s","st":"Eleito","dvt":"V\u00e1lido","vap":"124","pvap":"   2,71"},{"seq":"7","sqcand":"100000932920","n":"70123","nm":"JOACI","cc":"AVANTE","nv":" ","e":"s","st":"Eleito","dvt":"V\u00e1lido","vap":"166","pvap":"   3,63"},{"seq":"53","sqcand":"100001214196","n":"12444","nm":"JECIVALDO DA MOVELARIA","cc":"PDT","nv":" ","e":"n","st":"N\u00e3o eleito","dvt":"Anulado sub judice","vap":"126","pvap":"   2,75"},{"seq":"62","sqcand":"100001215369","n":"65999","nm":"CELSO DA ELETRONICA","cc":"PC do B","nv":" ","e":"n","st":"N\u00e3o eleito","dvt":"V\u00e1lido","vap":"27","pvap":"   0,59"},{"seq":"42","sqcand":"100001215098","n":"51666","nm":"RAYLANE","cc":"PATRIOTA","nv":" ","e":"n","st":"Suplente","dvt":"V\u00e1lido","vap":"6","pvap":"   0,13"},{"seq":"45","sqcand":"100001215101","n":"51333","nm":"AURENI PEREIRA","cc":"PATRIOTA","nv":" ","e":"n","st":"Suplente","dvt":"V\u00e1lido","vap":"5","pvap":"   0,11"},{"seq":"3","sqcand":"100001214540","n":"22333","nm":"POMPEU","cc":"PL","nv":" ","e":"s","st":"Eleito","dvt":"V\u00e1lido","vap":"216","pvap":"   4,72"},{"seq":"14","sqcand":"100001214542","n":"22123","nm":"CILSON BRANCO","cc":"PL","nv":" ","e":"n","st":"Suplente","dvt":"V\u00e1lido","vap":"121","pvap":"   2,64"},{"seq":"2","sqcand":"100001214537","n":"22000","nm":"FRAN\u00c7A DO BA\u00cdA","cc":"PL","nv":" ","e":"s","st":"Eleito","dvt":"V\u00e1lido","vap":"227","pvap":"   4,96"},{"seq":"70","sqcand":"100001215368","n":"65123","nm":"ZEZINHO DO PICA PAU","cc":"PC do B","nv":" ","e":"n","st":"N\u00e3o eleito","dvt":"V\u00e1lido","vap":"12","pvap":"   0,26"},{"seq":"73","sqcand":"100000754103","n":"55222","nm":"JORGE","cc":"PSD","nv":" ","e":"n","st":"N\u00e3o eleito","dvt":"V\u00e1lido","vap":"7","pvap":"   0,15"},{"seq":"39","sqcand":"100001214547","n":"22555","nm":"ANA CLAUDIA","cc":"PL","nv":" ","e":"n","st":"Suplente","dvt":"V\u00e1lido","vap":"12","pvap":"   0,26"},{"seq":"80","sqcand":"100000929222","n":"11444","nm":"Z\u00c9 BRANCO","cc":"PP","nv":" ","e":"n","st":"N\u00e3o eleito","dvt":"V\u00e1lido","vap":"2","pvap":"   0,04"},{"seq":"77","sqcand":"100000929221","n":"11234","nm":"LOURIVAL DO GREG\u00d3RIO","cc":"PP","nv":" ","e":"n","st":"N\u00e3o eleito","dvt":"V\u00e1lido","vap":"4","pvap":"   0,09"},{"seq":"21","sqcand":"100001215095","n":"51234","nm":"PROFESSOR JOSU\u00c9","cc":"PATRIOTA","nv":" ","e":"n","st":"Suplente","dvt":"V\u00e1lido","vap":"61","pvap":"   1,33"},{"seq":"56","sqcand":"100000929218","n":"11456","nm":"VALDINAR MARQUES","cc":"PP","nv":" ","e":"n","st":"N\u00e3o eleito","dvt":"V\u00e1lido","vap":"63","pvap":"   1,38"},{"seq":"27","sqcand":"100000932919","n":"70258","nm":"IRM\u00c3 JAMILLY","cc":"AVANTE","nv":" ","e":"n","st":"Suplente","dvt":"V\u00e1lido","vap":"37","pvap":"   0,81"},{"seq":"79","sqcand":"100000929223","n":"11110","nm":"JAQUETA","cc":"PP","nv":" ","e":"n","st":"N\u00e3o eleito","dvt":"V\u00e1lido","vap":"3","pvap":"   0,07"},{"seq":"81","sqcand":"100001214627","n":"25555","nm":"PROFESSORA MEIRY","cc":"DEM","nv":" ","e":"n","st":"N\u00e3o eleito","dvt":"V\u00e1lido","vap":"1","pvap":"   0,02"},{"seq":"12","sqcand":"100000932924","n":"70789","nm":"RAIMUNDA TORRES","cc":"AVANTE","nv":" ","e":"n","st":"Suplente","dvt":"V\u00e1lido","vap":"137","pvap":"   2,99"},{"seq":"47","sqcand":"100001214545","n":"22888","nm":"ELENICE","cc":"PL","nv":" ","e":"n","st":"Suplente","dvt":"V\u00e1lido","vap":"3","pvap":"   0,07"},{"seq":"33","sqcand":"100000932922","n":"70456","nm":"PROF CRISTINA","cc":"AVANTE","nv":" ","e":"n","st":"Suplente","dvt":"V\u00e1lido","vap":"22","pvap":"   0,48"},{"seq":"59","sqcand":"100000929219","n":"11123","nm":"IRM\u00c3 VANUSA","cc":"PP","nv":" ","e":"n","st":"N\u00e3o eleito","dvt":"V\u00e1lido","vap":"34","pvap":"   0,74"},{"seq":"16","sqcand":"100001214538","n":"22777","nm":"IRMAO ZECA","cc":"PL","nv":" ","e":"n","st":"Suplente","dvt":"V\u00e1lido","vap":"100","pvap":"   2,19"},{"seq":"11","sqcand":"100001214197","n":"12333","nm":"ITAMAR DA CAVALGADA","cc":"PDT","nv":" ","e":"n","st":"Suplente","dvt":"V\u00e1lido","vap":"140","pvap":"   3,06"},{"seq":"57","sqcand":"100001215370","n":"65555","nm":"LILI DOS ANJOS","cc":"PC do B","nv":" ","e":"n","st":"N\u00e3o eleito","dvt":"V\u00e1lido","vap":"46","pvap":"   1,01"},{"seq":"20","sqcand":"100001215099","n":"51222","nm":"ROG\u00c9RIO MARQUES","cc":"PATRIOTA","nv":" ","e":"n","st":"Suplente","dvt":"V\u00e1lido","vap":"70","pvap":"   1,53"},{"seq":"44","sqcand":"100001214543","n":"22666","nm":"AILSON SOUSA","cc":"PL","nv":" ","e":"n","st":"Suplente","dvt":"V\u00e1lido","vap":"6","pvap":"   0,13"},{"seq":"51","sqcand":"100001213984","n":"10789","nm":"ENFERMEIRA ELIZANGELA","cc":"REPUBLICANOS","nv":" ","e":"n","st":"Suplente","dvt":"V\u00e1lido","vap":"1","pvap":"   0,02"},{"seq":"13","sqcand":"100000932917","n":"70555","nm":"PAULO DA FARMACIA","cc":"AVANTE","nv":" ","e":"n","st":"Suplente","dvt":"V\u00e1lido","vap":"137","pvap":"   2,99"},{"seq":"63","sqcand":"100000754097","n":"55555","nm":"ALESSANDRA DO MATEUS","cc":"PSD","nv":" ","e":"n","st":"N\u00e3o eleito","dvt":"V\u00e1lido","vap":"24","pvap":"   0,52"},{"seq":"22","sqcand":"100000932923","n":"70000","nm":"NEGUINHO DO BOIA","cc":"AVANTE","nv":" ","e":"n","st":"Suplente","dvt":"V\u00e1lido","vap":"56","pvap":"   1,22"},{"seq":"34","sqcand":"100001214193","n":"12111","nm":"SYDNEY COELHO","cc":"PDT","nv":" ","e":"n","st":"Suplente","dvt":"V\u00e1lido","vap":"21","pvap":"   0,46"},{"seq":"43","sqcand":"100001214539","n":"22444","nm":"I\u00c1 DO ESPORTE","cc":"PL","nv":" ","e":"n","st":"Suplente","dvt":"V\u00e1lido","vap":"6","pvap":"   0,13"},{"seq":"52","sqcand":"100001213994","n":"10890","nm":"PROFESSORA FABIENE","cc":"REPUBLICANOS","nv":" ","e":"n","st":"Suplente","dvt":"V\u00e1lido","vap":"1","pvap":"   0,02"},{"seq":"32","sqcand":"100000932928","n":"70234","nm":"IRM\u00c3O ELIAS","cc":"AVANTE","nv":" ","e":"n","st":"Suplente","dvt":"V\u00e1lido","vap":"28","pvap":"   0,61"},{"seq":"40","sqcand":"100001214200","n":"12000","nm":"IRM\u00c3O NEG\u00c3O","cc":"PDT","nv":" ","e":"n","st":"Suplente","dvt":"V\u00e1lido","vap":"12","pvap":"   0,26"},{"seq":"17","sqcand":"100001213988","n":"10333","nm":"AMERICO","cc":"REPUBLICANOS","nv":" ","e":"n","st":"Suplente","dvt":"V\u00e1lido","vap":"81","pvap":"   1,77"},{"seq":"15","sqcand":"100001213992","n":"10000","nm":"PROFESSOR WELISON VILELA","cc":"REPUBLICANOS","nv":" ","e":"n","st":"Suplente","dvt":"V\u00e1lido","vap":"118","pvap":"   2,58"},{"seq":"24","sqcand":"100000932925","n":"70888","nm":"ZEZ\u00c9","cc":"AVANTE","nv":" ","e":"n","st":"Suplente","dvt":"V\u00e1lido","vap":"47","pvap":"   1,03"},{"seq":"46","sqcand":"100001269319","n":"10777","nm":"DEBORA","cc":"REPUBLICANOS","nv":" ","e":"n","st":"Suplente","dvt":"V\u00e1lido","vap":"3","pvap":"   0,07"},{"seq":"58","sqcand":"100000754096","n":"55123","nm":"ALDO DO CURTI\u00c7AL","cc":"PSD","nv":" ","e":"n","st":"N\u00e3o eleito","dvt":"V\u00e1lido","vap":"45","pvap":"   0,98"},{"seq":"10","sqcand":"100001214541","n":"22345","nm":"IRMAO ELINHO","cc":"PL","nv":" ","e":"n","st":"Suplente","dvt":"V\u00e1lido","vap":"181","pvap":"   3,96"},{"seq":"29","sqcand":"100001213986","n":"10111","nm":"APOLONIO","cc":"REPUBLICANOS","nv":" ","e":"n","st":"Suplente","dvt":"V\u00e1lido","vap":"35","pvap":"   0,76"},{"seq":"6","sqcand":"100001214198","n":"12345","nm":"ARLETE PACHECO","cc":"PDT","nv":" ","e":"s","st":"Eleito","dvt":"V\u00e1lido","vap":"186","pvap":"   4,06"},{"seq":"60","sqcand":"100001215366","n":"65444","nm":"PEDRO LIMA","cc":"PC do B","nv":" ","e":"n","st":"N\u00e3o eleito","dvt":"V\u00e1lido","vap":"32","pvap":"   0,70"},{"seq":"36","sqcand":"100001214201","n":"12666","nm":"BAI\u00c3O GARIMPEIRO","cc":"PDT","nv":" ","e":"n","st":"Suplente","dvt":"V\u00e1lido","vap":"19","pvap":"   0,42"},{"seq":"54","sqcand":"100000929215","n":"11111","nm":"ASSIS DA PADARIA","cc":"PP","nv":" ","e":"n","st":"N\u00e3o eleito","dvt":"V\u00e1lido","vap":"68","pvap":"   1,49"},{"seq":"78","sqcand":"100000754099","n":"55333","nm":"ANA ROSA DA VILA SOARES","cc":"PSD","nv":" ","e":"n","st":"N\u00e3o eleito","dvt":"V\u00e1lido","vap":"4","pvap":"   0,09"},{"seq":"71","sqcand":"100000929220","n":"11174","nm":"ANTONIO DO VERTENTE","cc":"PP","nv":" ","e":"n","st":"N\u00e3o eleito","dvt":"V\u00e1lido","vap":"10","pvap":"   0,22"},{"seq":"66","sqcand":"100000754098","n":"55888","nm":"MANDIZINHO","cc":"PSD","nv":" ","e":"n","st":"N\u00e3o eleito","dvt":"V\u00e1lido","vap":"16","pvap":"   0,35"},{"seq":"61","sqcand":"100000929217","n":"11233","nm":"ELIANE DO NELITO","cc":"PP","nv":" ","e":"n","st":"N\u00e3o eleito","dvt":"V\u00e1lido","vap":"30","pvap":"   0,66"},{"seq":"76","sqcand":"100000754100","n":"55236","nm":"CLAUDIA DA SAUDE","cc":"PSD","nv":" ","e":"n","st":"N\u00e3o eleito","dvt":"V\u00e1lido","vap":"6","pvap":"   0,13"},{"seq":"55","sqcand":"100001215371","n":"65000","nm":"KEILA VILAR","cc":"PC do B","nv":" ","e":"n","st":"N\u00e3o eleito","dvt":"V\u00e1lido","vap":"68","pvap":"   1,49"},{"seq":"74","sqcand":"100001215367","n":"65111","nm":"COELHO","cc":"PC do B","nv":" ","e":"n","st":"N\u00e3o eleito","dvt":"V\u00e1lido","vap":"6","pvap":"   0,13"},{"seq":"49","sqcand":"100001269320","n":"12999","nm":"LOURA","cc":"PDT","nv":" ","e":"n","st":"Suplente","dvt":"V\u00e1lido","vap":"1","pvap":"   0,02"},{"seq":"50","sqcand":"100001269318","n":"10888","nm":"ELISMAR","cc":"REPUBLICANOS","nv":" ","e":"n","st":"Suplente","dvt":"V\u00e1lido","vap":"1","pvap":"   0,02"},{"seq":"28","sqcand":"100001214544","n":"22111","nm":"IRMAO FRANCISCO DO PL","cc":"PL","nv":" ","e":"n","st":"Suplente","dvt":"V\u00e1lido","vap":"36","pvap":"   0,79"},{"seq":"8","sqcand":"100001213989","n":"10123","nm":"PEL MELO","cc":"REPUBLICANOS","nv":" ","e":"s","st":"Eleito","dvt":"V\u00e1lido","vap":"147","pvap":"   3,21"},{"seq":"26","sqcand":"100000932927","n":"70444","nm":"DAD\u00c1","cc":"AVANTE","nv":" ","e":"n","st":"Suplente","dvt":"V\u00e1lido","vap":"43","pvap":"   0,94"},{"seq":"65","sqcand":"100000929224","n":"11000","nm":"GLEICIANE","cc":"PP","nv":" ","e":"n","st":"N\u00e3o eleito","dvt":"V\u00e1lido","vap":"20","pvap":"   0,44"},{"seq":"64","sqcand":"100001214202","n":"12777","nm":"KELLE","cc":"PDT","nv":" ","e":"n","st":"N\u00e3o eleito","dvt":"Anulado sub judice","vap":"22","pvap":"   0,48"},{"seq":"67","sqcand":"100000929225","n":"11222","nm":"CELINA","cc":"PP","nv":" ","e":"n","st":"N\u00e3o eleito","dvt":"V\u00e1lido","vap":"14","pvap":"   0,31"},{"seq":"23","sqcand":"100001214199","n":"12678","nm":"AILTON BORGES","cc":"PDT","nv":" ","e":"n","st":"Suplente","dvt":"V\u00e1lido","vap":"56","pvap":"   1,22"},{"seq":"19","sqcand":"100001213987","n":"10666","nm":"PROFESSOR FARIAS","cc":"REPUBLICANOS","nv":" ","e":"n","st":"Suplente","dvt":"V\u00e1lido","vap":"75","pvap":"   1,64"},{"seq":"25","sqcand":"100000932926","n":"70852","nm":"EDIMILSON TAXITA","cc":"AVANTE","nv":" ","e":"n","st":"Suplente","dvt":"V\u00e1lido","vap":"44","pvap":"   0,96"},{"seq":"4","sqcand":"100001214546","n":"22222","nm":"PROFESSORA DORIZETE FIRMINO","cc":"PL","nv":" ","e":"s","st":"Eleito","dvt":"V\u00e1lido","vap":"195","pvap":"   4,26"}]}
