{"ele":"426","tpabr":"mu","cdabr":"07137","carper":"13","t":"1","f":"o","dt":"15/11/2020","ht":"23:02:56","dv":"s","tf":"s","v":"11","esae":"n","mnae":"","s":"58","st":"58","pst":" 100,00","snt":"0","psnt":"   0,00","si":"58","psi":" 100,00","sni":"0","psni":"   0,00","sa":"58","psa":" 100,00","sna":"0","psna":"   0,00","e":"17577","ea":"17577","pea":" 100,00","ena":"0","pena":"   0,00","esi":"17577","pesi":" 100,00","esni":"0","pesni":"   0,00","c":"15395","pc":"  87,59","a":"2182","pa":"  12,41","vscv":"0","vnom":"13846","vl":"831","pvnom":"  94,34","pvl":"   5,66","vvc":"14784","pvvc":"  96,03","vb":"106","pvb":"   0,69","tvn":"505","ptvn":"   3,28","vn":"505","pvn":" 100,00","vnt":"0","pvnt":"   0,00","vp":"0","pvp":"   0,00","vv":"14677","pvv":"  99,28","van":"0","pvan":"   0,00","vansj":"107","pvansj":"   0,72","tv":"15395","cand":[{"seq":"56","sqcand":"100001071513","n":"10789","nm":"VALDENOR MENDES","cc":"REPUBLICANOS","nv":" ","e":"n","st":"Suplente","dvt":"V\u00e1lido","vap":"23","pvap":"   0,16"},{"seq":"26","sqcand":"100001071509","n":"10123","nm":"JONAS LISBOA","cc":"REPUBLICANOS","nv":" ","e":"n","st":"Suplente","dvt":"V\u00e1lido","vap":"181","pvap":"   1,22"},{"seq":"21","sqcand":"100000976219","n":"45666","nm":"LOURO NINI","cc":"PSDB","nv":" ","e":"n","st":"Suplente","dvt":"V\u00e1lido","vap":"230","pvap":"   1,56"},{"seq":"40","sqcand":"100000971178","n":"15333","nm":"LUIS GALVAO","cc":"MDB","nv":" ","e":"n","st":"Suplente","dvt":"V\u00e1lido","vap":"79","pvap":"   0,53"},{"seq":"17","sqcand":"100001071502","n":"10000","nm":"FILHINHO","cc":"REPUBLICANOS","nv":" ","e":"n","st":"Suplente","dvt":"V\u00e1lido","vap":"308","pvap":"   2,08"},{"seq":"32","sqcand":"100001267951","n":"45333","nm":"Z\u00c9 RAIMUNDO BOGEA","cc":"PSDB","nv":" ","e":"n","st":"Suplente","dvt":"V\u00e1lido","vap":"146","pvap":"   0,99"},{"seq":"23","sqcand":"100001202516","n":"40456","nm":"TOCA DO ENGENHO","cc":"PSB","nv":" ","e":"n","st":"Suplente","dvt":"V\u00e1lido","vap":"208","pvap":"   1,41"},{"seq":"15","sqcand":"100001204992","n":"65000","nm":"LEVY NETO","cc":"PC do B","nv":" ","e":"n","st":"Suplente","dvt":"V\u00e1lido","vap":"331","pvap":"   2,24"},{"seq":"67","sqcand":"100001071500","n":"10456","nm":"CRISTIANE DUTRA","cc":"REPUBLICANOS","nv":" ","e":"n","st":"Suplente","dvt":"V\u00e1lido","vap":"10","pvap":"   0,07"},{"seq":"75","sqcand":"100000981829","n":"12580","nm":"CELESTE LIMA","cc":"PDT","nv":" ","e":"n","st":"N\u00e3o eleito","dvt":"V\u00e1lido","vap":"358","pvap":"   2,42"},{"seq":"81","sqcand":"100001092961","n":"22345","nm":"DEDICA BARBOSA","cc":"PL","nv":" ","e":"n","st":"N\u00e3o eleito","dvt":"V\u00e1lido","vap":"62","pvap":"   0,42"},{"seq":"4","sqcand":"100001071507","n":"10888","nm":"JO\u00c3O VICTOR","cc":"REPUBLICANOS","nv":" ","e":"s","st":"Eleito","dvt":"V\u00e1lido","vap":"568","pvap":"   3,84"},{"seq":"95","sqcand":"100001073197","n":"90000","nm":"EVERTON","cc":"PROS","nv":" ","e":"n","st":"N\u00e3o eleito","dvt":"Anulado sub judice","vap":"4","pvap":"   0,03"},{"seq":"65","sqcand":"100000971174","n":"15777","nm":"DAYANNA ARAUJO","cc":"MDB","nv":" ","e":"n","st":"Suplente","dvt":"V\u00e1lido","vap":"11","pvap":"   0,07"},{"seq":"30","sqcand":"100000976726","n":"20222","nm":"DED\u00c9","cc":"PSC","nv":" ","e":"n","st":"Suplente","dvt":"V\u00e1lido","vap":"164","pvap":"   1,11"},{"seq":"9","sqcand":"100001202517","n":"40000","nm":"DAVI","cc":"PSB","nv":" ","e":"s","st":"Eleito","dvt":"V\u00e1lido","vap":"381","pvap":"   2,58"},{"seq":"41","sqcand":"100001071501","n":"10345","nm":"GIL LIMA","cc":"REPUBLICANOS","nv":" ","e":"n","st":"Suplente","dvt":"V\u00e1lido","vap":"77","pvap":"   0,52"},{"seq":"46","sqcand":"100001071512","n":"10555","nm":"SOLANGE CRUZ","cc":"REPUBLICANOS","nv":" ","e":"n","st":"Suplente","dvt":"V\u00e1lido","vap":"53","pvap":"   0,36"},{"seq":"87","sqcand":"100001092960","n":"22111","nm":"ENEZIO DO PICOL\u00c9","cc":"PL","nv":" ","e":"n","st":"N\u00e3o eleito","dvt":"V\u00e1lido","vap":"29","pvap":"   0,20"},{"seq":"2","sqcand":"100000971177","n":"15888","nm":"LUCILANDIA DA COL\u00d4NIA","cc":"MDB","nv":" ","e":"s","st":"Eleito","dvt":"V\u00e1lido","vap":"612","pvap":"   4,14"},{"seq":"45","sqcand":"100000976212","n":"45444","nm":" C\u00c1SSIO MARCELO","cc":"PSDB","nv":" ","e":"n","st":"Suplente","dvt":"V\u00e1lido","vap":"57","pvap":"   0,39"},{"seq":"24","sqcand":"100001071508","n":"10999","nm":"PROFESSOR HENRIQUE","cc":"REPUBLICANOS","nv":" ","e":"n","st":"Suplente","dvt":"V\u00e1lido","vap":"201","pvap":"   1,36"},{"seq":"54","sqcand":"100001071498","n":"10766","nm":"MARIA RITA","cc":"REPUBLICANOS","nv":" ","e":"n","st":"Suplente","dvt":"V\u00e1lido","vap":"26","pvap":"   0,18"},{"seq":"42","sqcand":"100000971181","n":"15015","nm":"WINICIUS DE WADER REGO","cc":"MDB","nv":" ","e":"n","st":"Suplente","dvt":"V\u00e1lido","vap":"76","pvap":"   0,51"},{"seq":"20","sqcand":"100000976209","n":"45555","nm":"EDVAN NIGHT","cc":"PSDB","nv":" ","e":"n","st":"Suplente","dvt":"V\u00e1lido","vap":"285","pvap":"   1,93"},{"seq":"61","sqcand":"100001202511","n":"40179","nm":"JESSILENE","cc":"PSB","nv":" ","e":"n","st":"Suplente","dvt":"V\u00e1lido","vap":"13","pvap":"   0,09"},{"seq":"53","sqcand":"100000976725","n":"20555","nm":"ZILMA LIMA","cc":"PSC","nv":" ","e":"n","st":"Suplente","dvt":"V\u00e1lido","vap":"26","pvap":"   0,18"},{"seq":"14","sqcand":"100001204994","n":"65555","nm":"CLAUDIO GAMA","cc":"PC do B","nv":" ","e":"n","st":"Suplente","dvt":"V\u00e1lido","vap":"340","pvap":"   2,30"},{"seq":"6","sqcand":"100001205001","n":"65222","nm":"Z\u00c9 MARIA DA ALEGRIA","cc":"PC do B","nv":" ","e":"s","st":"Eleito","dvt":"V\u00e1lido","vap":"512","pvap":"   3,46"},{"seq":"22","sqcand":"100001071499","n":"10777","nm":"PROFESSOR JANE","cc":"REPUBLICANOS","nv":" ","e":"n","st":"Suplente","dvt":"V\u00e1lido","vap":"225","pvap":"   1,52"},{"seq":"25","sqcand":"100000976721","n":"20123","nm":"ISAC","cc":"PSC","nv":" ","e":"n","st":"Suplente","dvt":"V\u00e1lido","vap":"186","pvap":"   1,26"},{"seq":"89","sqcand":"100001073196","n":"90222","nm":"EDILENE FONSECA","cc":"PROS","nv":" ","e":"n","st":"N\u00e3o eleito","dvt":"V\u00e1lido","vap":"16","pvap":"   0,11"},{"seq":"13","sqcand":"100000971171","n":"15678","nm":"RICARDO","cc":"MDB","nv":" ","e":"n","st":"Suplente","dvt":"V\u00e1lido","vap":"401","pvap":"   2,71"},{"seq":"38","sqcand":"100001204995","n":"65888","nm":"DANIEL","cc":"PC do B","nv":" ","e":"n","st":"Suplente","dvt":"V\u00e1lido","vap":"103","pvap":"   0,70"},{"seq":"64","sqcand":"100000976208","n":"45645","nm":"LINEISE VIEIRA","cc":"PSDB","nv":" ","e":"n","st":"Suplente","dvt":"V\u00e1lido","vap":"12","pvap":"   0,08"},{"seq":"7","sqcand":"100001071510","n":"10111","nm":"LUCAS PEREIRA","cc":"REPUBLICANOS","nv":" ","e":"s","st":"Eleito","dvt":"V\u00e1lido","vap":"508","pvap":"   3,44"},{"seq":"28","sqcand":"100001204997","n":"65666","nm":"ALBINO","cc":"PC do B","nv":" ","e":"n","st":"Suplente","dvt":"V\u00e1lido","vap":"172","pvap":"   1,16"},{"seq":"93","sqcand":"100000981830","n":"12123","nm":"CISSA QUILOMBOLA","cc":"PDT","nv":" ","e":"n","st":"N\u00e3o eleito","dvt":"V\u00e1lido","vap":"8","pvap":"   0,05"},{"seq":"11","sqcand":"100000976728","n":"20333","nm":"RICHARDSON REIS","cc":"PSC","nv":" ","e":"s","st":"Eleito","dvt":"V\u00e1lido","vap":"304","pvap":"   2,06"},{"seq":"35","sqcand":"100001202513","n":"40888","nm":"WILLAME LISBOA","cc":"PSB","nv":" ","e":"n","st":"Suplente","dvt":"V\u00e1lido","vap":"134","pvap":"   0,91"},{"seq":"39","sqcand":"100001071505","n":"10222","nm":"SINH\u00d4","cc":"REPUBLICANOS","nv":" ","e":"n","st":"Suplente","dvt":"V\u00e1lido","vap":"101","pvap":"   0,68"},{"seq":"50","sqcand":"100000976217","n":"45123","nm":"JONHY SAMPAIO","cc":"PSDB","nv":" ","e":"n","st":"Suplente","dvt":"V\u00e1lido","vap":"35","pvap":"   0,24"},{"seq":"63","sqcand":"100000976727","n":"20456","nm":"LUZIA MAGALHAES","cc":"PSC","nv":" ","e":"n","st":"Suplente","dvt":"V\u00e1lido","vap":"12","pvap":"   0,08"},{"seq":"85","sqcand":"100001073198","n":"90555","nm":"TELMO DE JESUS","cc":"PROS","nv":" ","e":"n","st":"N\u00e3o eleito","dvt":"Anulado sub judice","vap":"47","pvap":"   0,32"},{"seq":"37","sqcand":"100000976722","n":"20888","nm":"JOAQUIM DA VAN","cc":"PSC","nv":" ","e":"n","st":"Suplente","dvt":"V\u00e1lido","vap":"111","pvap":"   0,75"},{"seq":"51","sqcand":"100001204989","n":"65999","nm":"ANTONIA DA GAMELEIRA","cc":"PC do B","nv":" ","e":"n","st":"Suplente","dvt":"V\u00e1lido","vap":"32","pvap":"   0,22"},{"seq":"19","sqcand":"100001204999","n":"65236","nm":"PRETINHO DO BACABAL","cc":"PC do B","nv":" ","e":"n","st":"Suplente","dvt":"V\u00e1lido","vap":"301","pvap":"   2,04"},{"seq":"66","sqcand":"100001071506","n":"10321","nm":"KASSANDRA MARTINS","cc":"REPUBLICANOS","nv":" ","e":"n","st":"Suplente","dvt":"V\u00e1lido","vap":"11","pvap":"   0,07"},{"seq":"58","sqcand":"100000976723","n":"20111","nm":"SILVANA MACHADO","cc":"PSC","nv":" ","e":"n","st":"Suplente","dvt":"V\u00e1lido","vap":"19","pvap":"   0,13"},{"seq":"76","sqcand":"100001092964","n":"22000","nm":"CARMINHA","cc":"PL","nv":" ","e":"n","st":"N\u00e3o eleito","dvt":"V\u00e1lido","vap":"149","pvap":"   1,01"},{"seq":"34","sqcand":"100001205000","n":"65123","nm":"JO\u00c3OZINHO DA CAMBOA","cc":"PC do B","nv":" ","e":"n","st":"Suplente","dvt":"V\u00e1lido","vap":"141","pvap":"   0,95"},{"seq":"49","sqcand":"100001202510","n":"40777","nm":"PROF MAURICIO","cc":"PSB","nv":" ","e":"n","st":"Suplente","dvt":"V\u00e1lido","vap":"37","pvap":"   0,25"},{"seq":"33","sqcand":"100000976724","n":"20000","nm":"TARCISIO GOMES","cc":"PSC","nv":" ","e":"n","st":"Suplente","dvt":"V\u00e1lido","vap":"144","pvap":"   0,97"},{"seq":"3","sqcand":"100000971179","n":"15000","nm":"RODRIGO DUTRA","cc":"MDB","nv":" ","e":"s","st":"Eleito","dvt":"V\u00e1lido","vap":"589","pvap":"   3,98"},{"seq":"82","sqcand":"100001092955","n":"22222","nm":"ALISSON ALEXANDRE","cc":"PL","nv":" ","e":"n","st":"N\u00e3o eleito","dvt":"V\u00e1lido","vap":"57","pvap":"   0,39"},{"seq":"74","sqcand":"100001071503","n":"10333","nm":"JOAO BOGEA","cc":"REPUBLICANOS","nv":" ","e":"n","st":"Suplente","dvt":"V\u00e1lido","vap":"1","pvap":"   0,01"},{"seq":"47","sqcand":"100000971173","n":"15131","nm":"CIGANHINHO","cc":"MDB","nv":" ","e":"n","st":"Suplente","dvt":"V\u00e1lido","vap":"52","pvap":"   0,35"},{"seq":"92","sqcand":"100001092959","n":"22123","nm":"MARIA JULIA","cc":"PL","nv":" ","e":"n","st":"N\u00e3o eleito","dvt":"V\u00e1lido","vap":"12","pvap":"   0,08"},{"seq":"36","sqcand":"100001202509","n":"40222","nm":"KARINA","cc":"PSB","nv":" ","e":"n","st":"Suplente","dvt":"V\u00e1lido","vap":"114","pvap":"   0,77"},{"seq":"16","sqcand":"100001202515","n":"40333","nm":"EDEM BASTOS","cc":"PSB","nv":" ","e":"n","st":"Suplente","dvt":"V\u00e1lido","vap":"321","pvap":"   2,17"},{"seq":"31","sqcand":"100001202507","n":"40555","nm":"AGNALDO COLINS","cc":"PSB","nv":" ","e":"n","st":"Suplente","dvt":"V\u00e1lido","vap":"153","pvap":"   1,03"},{"seq":"68","sqcand":"100000971170","n":"15222","nm":"TAIANE LIMA","cc":"MDB","nv":" ","e":"n","st":"Suplente","dvt":"V\u00e1lido","vap":"10","pvap":"   0,07"},{"seq":"8","sqcand":"100000976216","n":"45777","nm":"LAURO","cc":"PSDB","nv":" ","e":"s","st":"Eleito","dvt":"V\u00e1lido","vap":"451","pvap":"   3,05"},{"seq":"84","sqcand":"100000971180","n":"15111","nm":"PEDRO COSTA","cc":"MDB","nv":" ","e":"n","st":"N\u00e3o eleito","dvt":"Anulado sub judice","vap":"52","pvap":"   0,35"},{"seq":"90","sqcand":"100000981831","n":"12124","nm":"FRANCISCO LIMA","cc":"PDT","nv":" ","e":"n","st":"N\u00e3o eleito","dvt":"V\u00e1lido","vap":"12","pvap":"   0,08"},{"seq":"70","sqcand":"100000971172","n":"15444","nm":"ADRIANA MENDES","cc":"MDB","nv":" ","e":"n","st":"Suplente","dvt":"V\u00e1lido","vap":"7","pvap":"   0,05"},{"seq":"57","sqcand":"100001071511","n":"10234","nm":"ZECA PEREIRA","cc":"REPUBLICANOS","nv":" ","e":"n","st":"Suplente","dvt":"V\u00e1lido","vap":"21","pvap":"   0,14"},{"seq":"18","sqcand":"100001202506","n":"40123","nm":"M\u00c1RCIA DE DR  AGOSTINHO","cc":"PSB","nv":" ","e":"n","st":"Suplente","dvt":"V\u00e1lido","vap":"302","pvap":"   2,04"},{"seq":"59","sqcand":"100000976215","n":"45111","nm":"RAFAELA BARBOSA","cc":"PSDB","nv":" ","e":"n","st":"Suplente","dvt":"V\u00e1lido","vap":"17","pvap":"   0,11"},{"seq":"72","sqcand":"100000976220","n":"45678","nm":"LETICIA COQUEIRO","cc":"PSDB","nv":" ","e":"n","st":"Suplente","dvt":"V\u00e1lido","vap":"6","pvap":"   0,04"},{"seq":"1","sqcand":"100001204996","n":"65333","nm":"RAFAEL DE NECO","cc":"PC do B","nv":" ","e":"s","st":"Eleito","dvt":"V\u00e1lido","vap":"675","pvap":"   4,57"},{"seq":"79","sqcand":"100000981834","n":"12840","nm":"COCO DO TRATOR","cc":"PDT","nv":" ","e":"n","st":"N\u00e3o eleito","dvt":"V\u00e1lido","vap":"96","pvap":"   0,65"},{"seq":"43","sqcand":"100000976218","n":"45888","nm":"Z\u00c9 BENEDITO","cc":"PSDB","nv":" ","e":"n","st":"Suplente","dvt":"V\u00e1lido","vap":"71","pvap":"   0,48"},{"seq":"27","sqcand":"100000976211","n":"45000","nm":"EDINILSON","cc":"PSDB","nv":" ","e":"n","st":"Suplente","dvt":"V\u00e1lido","vap":"179","pvap":"   1,21"},{"seq":"78","sqcand":"100000981833","n":"12222","nm":"RAFAEL DO FORRO","cc":"PDT","nv":" ","e":"n","st":"N\u00e3o eleito","dvt":"V\u00e1lido","vap":"123","pvap":"   0,83"},{"seq":"71","sqcand":"100000976210","n":"45113","nm":"Z\u00c9 CURTO","cc":"PSDB","nv":" ","e":"n","st":"Suplente","dvt":"V\u00e1lido","vap":"6","pvap":"   0,04"},{"seq":"60","sqcand":"100001204988","n":"65178","nm":"ADELAIDE","cc":"PC do B","nv":" ","e":"n","st":"Suplente","dvt":"V\u00e1lido","vap":"15","pvap":"   0,10"},{"seq":"12","sqcand":"100000971175","n":"15123","nm":"ARAGAO","cc":"MDB","nv":" ","e":"n","st":"Suplente","dvt":"V\u00e1lido","vap":"422","pvap":"   2,85"},{"seq":"86","sqcand":"100000981832","n":"12333","nm":"MIGUELZINHO","cc":"PDT","nv":" ","e":"n","st":"N\u00e3o eleito","dvt":"V\u00e1lido","vap":"42","pvap":"   0,28"},{"seq":"5","sqcand":"100001204990","n":"65345","nm":"CRISTINA","cc":"PC do B","nv":" ","e":"s","st":"Eleito","dvt":"V\u00e1lido","vap":"546","pvap":"   3,69"},{"seq":"77","sqcand":"100001092956","n":"22216","nm":"PROF. TONY","cc":"PL","nv":" ","e":"n","st":"N\u00e3o eleito","dvt":"V\u00e1lido","vap":"140","pvap":"   0,95"},{"seq":"73","sqcand":"100001202508","n":"40321","nm":"EMANOEL FERNANDES","cc":"PSB","nv":" ","e":"n","st":"Suplente","dvt":"V\u00e1lido","vap":"5","pvap":"   0,03"},{"seq":"29","sqcand":"100001205002","n":"65122","nm":"ELIANE FRAZ\u00c3O QUILOMBOLA","cc":"PC do B","nv":" ","e":"n","st":"Suplente","dvt":"V\u00e1lido","vap":"166","pvap":"   1,12"},{"seq":"52","sqcand":"100001204991","n":"65179","nm":"CAMILA FREIRE","cc":"PC do B","nv":" ","e":"n","st":"Suplente","dvt":"V\u00e1lido","vap":"29","pvap":"   0,20"},{"seq":"48","sqcand":"100001204993","n":"65111","nm":"AD\u00c3O","cc":"PC do B","nv":" ","e":"n","st":"Suplente","dvt":"V\u00e1lido","vap":"42","pvap":"   0,28"},{"seq":"88","sqcand":"100001092963","n":"22333","nm":"BUR\u00c9 BAR","cc":"PL","nv":" ","e":"n","st":"N\u00e3o eleito","dvt":"V\u00e1lido","vap":"24","pvap":"   0,16"},{"seq":"62","sqcand":"100001071504","n":"10444","nm":"MARIA ANTONIA","cc":"REPUBLICANOS","nv":" ","e":"n","st":"Suplente","dvt":"V\u00e1lido","vap":"12","pvap":"   0,08"},{"seq":"91","sqcand":"100001092958","n":"22555","nm":"MARIO DO RIBEIRAO","cc":"PL","nv":" ","e":"n","st":"N\u00e3o eleito","dvt":"V\u00e1lido","vap":"12","pvap":"   0,08"},{"seq":"69","sqcand":"100001202514","n":"40999","nm":"MARIA TERESA","cc":"PSB","nv":" ","e":"n","st":"Suplente","dvt":"V\u00e1lido","vap":"9","pvap":"   0,06"},{"seq":"83","sqcand":"100001092957","n":"22227","nm":"RAIMUNDO FOTO","cc":"PL","nv":" ","e":"n","st":"N\u00e3o eleito","dvt":"V\u00e1lido","vap":"55","pvap":"   0,37"},{"seq":"44","sqcand":"100000971176","n":"15555","nm":"RAIMUNDO MARTINS","cc":"MDB","nv":" ","e":"n","st":"Suplente","dvt":"V\u00e1lido","vap":"68","pvap":"   0,46"},{"seq":"94","sqcand":"100001073195","n":"90333","nm":"APARECIDA PAIVA","cc":"PROS","nv":" ","e":"n","st":"N\u00e3o eleito","dvt":"Anulado sub judice","vap":"4","pvap":"   0,03"},{"seq":"55","sqcand":"100000976214","n":"45045","nm":"ANT\u00d4NIA FRAZ\u00c3O","cc":"PSDB","nv":" ","e":"n","st":"Suplente","dvt":"V\u00e1lido","vap":"25","pvap":"   0,17"},{"seq":"80","sqcand":"100001092962","n":"22444","nm":"JONAS LIMA","cc":"PL","nv":" ","e":"n","st":"N\u00e3o eleito","dvt":"V\u00e1lido","vap":"71","pvap":"   0,48"},{"seq":"10","sqcand":"100001204998","n":"65444","nm":"SIB\u00c1","cc":"PC do B","nv":" ","e":"s","st":"Eleito","dvt":"V\u00e1lido","vap":"359","pvap":"   2,43"}]}
