{"ele":"426","tpabr":"mu","cdabr":"07153","carper":"13","t":"1","f":"o","dt":"15/11/2020","ht":"22:13:04","dv":"s","tf":"s","v":"11","esae":"n","mnae":"","s":"42","st":"42","pst":" 100,00","snt":"0","psnt":"   0,00","si":"42","psi":" 100,00","sni":"0","psni":"   0,00","sa":"42","psa":" 100,00","sna":"0","psna":"   0,00","e":"13895","ea":"13895","pea":" 100,00","ena":"0","pena":"   0,00","esi":"13895","pesi":" 100,00","esni":"0","pesni":"   0,00","c":"12110","pc":"  87,15","a":"1785","pa":"  12,85","vscv":"0","vnom":"10823","vl":"634","pvnom":"  94,47","pvl":"   5,53","vvc":"11457","pvvc":"  94,61","vb":"156","pvb":"   1,29","tvn":"497","ptvn":"   4,10","vn":"497","pvn":" 100,00","vnt":"0","pvnt":"   0,00","vp":"0","pvp":"   0,00","vv":"11457","pvv":" 100,00","van":"0","pvan":"   0,00","vansj":"0","pvansj":"   0,00","tv":"12110","cand":[{"seq":"9","sqcand":"100001079082","n":"51000","nm":"WANDERSON DOUGLAS","cc":"PATRIOTA","nv":" ","e":"s","st":"Eleito","dvt":"V\u00e1lido","vap":"425","pvap":"   3,71"},{"seq":"36","sqcand":"100001126329","n":"45777","nm":"CLEMILSON","cc":"PSDB","nv":" ","e":"n","st":"Suplente","dvt":"V\u00e1lido","vap":"47","pvap":"   0,41"},{"seq":"18","sqcand":"100000758235","n":"65525","nm":"ROBERT\u00c3O","cc":"PC do B","nv":" ","e":"n","st":"Suplente","dvt":"V\u00e1lido","vap":"292","pvap":"   2,55"},{"seq":"38","sqcand":"100001126330","n":"45444","nm":"ZE RENATO","cc":"PSDB","nv":" ","e":"n","st":"Suplente","dvt":"V\u00e1lido","vap":"34","pvap":"   0,30"},{"seq":"1","sqcand":"100000758231","n":"65888","nm":"DEMAR DO SINDICATO","cc":"PC do B","nv":" ","e":"s","st":"Eleito","dvt":"V\u00e1lido","vap":"1018","pvap":"   8,89"},{"seq":"22","sqcand":"100001126333","n":"45555","nm":"BERNARDA","cc":"PSDB","nv":" ","e":"n","st":"Suplente","dvt":"V\u00e1lido","vap":"159","pvap":"   1,39"},{"seq":"28","sqcand":"100001167569","n":"55444","nm":"CATIANE","cc":"PSD","nv":" ","e":"n","st":"Suplente","dvt":"V\u00e1lido","vap":"90","pvap":"   0,79"},{"seq":"34","sqcand":"100001167568","n":"55999","nm":"GENARIO","cc":"PSD","nv":" ","e":"n","st":"Suplente","dvt":"V\u00e1lido","vap":"51","pvap":"   0,45"},{"seq":"51","sqcand":"100001060102","n":"22345","nm":"CASSANDRA","cc":"PL","nv":" ","e":"n","st":"N\u00e3o eleito","dvt":"V\u00e1lido","vap":"25","pvap":"   0,22"},{"seq":"52","sqcand":"100000822179","n":"50111","nm":"LARI\u00c7A CAVALCANTE","cc":"PSOL","nv":" ","e":"n","st":"N\u00e3o eleito","dvt":"V\u00e1lido","vap":"3","pvap":"   0,03"},{"seq":"20","sqcand":"100000758227","n":"65666","nm":"CHICO GROSSO","cc":"PC do B","nv":" ","e":"n","st":"Suplente","dvt":"V\u00e1lido","vap":"178","pvap":"   1,55"},{"seq":"26","sqcand":"100001167567","n":"55333","nm":"XUXA","cc":"PSD","nv":" ","e":"n","st":"Suplente","dvt":"V\u00e1lido","vap":"99","pvap":"   0,86"},{"seq":"37","sqcand":"100001126328","n":"45133","nm":"DILSON CARLOS","cc":"PSDB","nv":" ","e":"n","st":"Suplente","dvt":"V\u00e1lido","vap":"45","pvap":"   0,39"},{"seq":"3","sqcand":"100000758229","n":"65000","nm":"DEAN DA AGUA RICA","cc":"PC do B","nv":" ","e":"s","st":"Eleito","dvt":"V\u00e1lido","vap":"649","pvap":"   5,66"},{"seq":"50","sqcand":"100000822178","n":"50000","nm":"ZEPAI\u00c3O","cc":"PSOL","nv":" ","e":"n","st":"N\u00e3o eleito","dvt":"V\u00e1lido","vap":"51","pvap":"   0,45"},{"seq":"39","sqcand":"100001079086","n":"51111","nm":"ABDIAS","cc":"PATRIOTA","nv":" ","e":"n","st":"Suplente","dvt":"V\u00e1lido","vap":"31","pvap":"   0,27"},{"seq":"32","sqcand":"100001126322","n":"45222","nm":"CELSO RAPOSO","cc":"PSDB","nv":" ","e":"n","st":"Suplente","dvt":"V\u00e1lido","vap":"68","pvap":"   0,59"},{"seq":"4","sqcand":"100000758238","n":"65111","nm":"ROSE MONTELES","cc":"PC do B","nv":" ","e":"s","st":"Eleito","dvt":"V\u00e1lido","vap":"529","pvap":"   4,62"},{"seq":"12","sqcand":"100000758232","n":"65333","nm":"TOINHO DA LOJINHA","cc":"PC do B","nv":" ","e":"n","st":"Suplente","dvt":"V\u00e1lido","vap":"438","pvap":"   3,82"},{"seq":"6","sqcand":"100000758230","n":"65456","nm":"PROFESSORA JUCINHA BASTOS","cc":"PC do B","nv":" ","e":"s","st":"Eleito","dvt":"V\u00e1lido","vap":"503","pvap":"   4,39"},{"seq":"44","sqcand":"100001126326","n":"45145","nm":"NATALIA","cc":"PSDB","nv":" ","e":"n","st":"Suplente","dvt":"V\u00e1lido","vap":"21","pvap":"   0,18"},{"seq":"10","sqcand":"100001167577","n":"55111","nm":"RIBA MONTELES","cc":"PSD","nv":" ","e":"s","st":"Eleito","dvt":"V\u00e1lido","vap":"422","pvap":"   3,68"},{"seq":"43","sqcand":"100001167573","n":"55666","nm":"MAURICIO","cc":"PSD","nv":" ","e":"n","st":"Suplente","dvt":"V\u00e1lido","vap":"22","pvap":"   0,19"},{"seq":"45","sqcand":"100001079085","n":"51234","nm":"CHICO ROCHA","cc":"PATRIOTA","nv":" ","e":"n","st":"Suplente","dvt":"V\u00e1lido","vap":"17","pvap":"   0,15"},{"seq":"46","sqcand":"100000758226","n":"65789","nm":"MEIRY LANE","cc":"PC do B","nv":" ","e":"n","st":"Suplente","dvt":"V\u00e1lido","vap":"17","pvap":"   0,15"},{"seq":"31","sqcand":"100001167576","n":"55000","nm":"Z\u00c9 DO POVO","cc":"PSD","nv":" ","e":"n","st":"Suplente","dvt":"V\u00e1lido","vap":"71","pvap":"   0,62"},{"seq":"48","sqcand":"100001126334","n":"45456","nm":"GORETE","cc":"PSDB","nv":" ","e":"n","st":"Suplente","dvt":"V\u00e1lido","vap":"1","pvap":"   0,01"},{"seq":"35","sqcand":"100001126324","n":"45333","nm":"WELLYNTON DO ESPORTE","cc":"PSDB","nv":" ","e":"n","st":"Suplente","dvt":"V\u00e1lido","vap":"50","pvap":"   0,44"},{"seq":"16","sqcand":"100001167571","n":"55555","nm":"COREANO","cc":"PSD","nv":" ","e":"n","st":"Suplente","dvt":"V\u00e1lido","vap":"314","pvap":"   2,74"},{"seq":"5","sqcand":"100000758225","n":"65123","nm":"EVANDRO DO S\u00c3O COSME","cc":"PC do B","nv":" ","e":"s","st":"Eleito","dvt":"V\u00e1lido","vap":"511","pvap":"   4,46"},{"seq":"19","sqcand":"100001167574","n":"55678","nm":"BIL\u00cd","cc":"PSD","nv":" ","e":"n","st":"Suplente","dvt":"V\u00e1lido","vap":"230","pvap":"   2,01"},{"seq":"25","sqcand":"100001079080","n":"51123","nm":"MOISES MONTELES","cc":"PATRIOTA","nv":" ","e":"n","st":"Suplente","dvt":"V\u00e1lido","vap":"108","pvap":"   0,94"},{"seq":"11","sqcand":"100001126327","n":"45111","nm":"REIZINHO","cc":"PSDB","nv":" ","e":"s","st":"Eleito","dvt":"V\u00e1lido","vap":"318","pvap":"   2,78"},{"seq":"27","sqcand":"100001167579","n":"55777","nm":"ROM\u00c1RIO DO BANDEIRA","cc":"PSD","nv":" ","e":"n","st":"Suplente","dvt":"V\u00e1lido","vap":"94","pvap":"   0,82"},{"seq":"15","sqcand":"100000758237","n":"65101","nm":"DANIEL DO S\u00c3O JOS\u00c9","cc":"PC do B","nv":" ","e":"n","st":"Suplente","dvt":"V\u00e1lido","vap":"315","pvap":"   2,75"},{"seq":"7","sqcand":"100001167575","n":"55222","nm":"RAQUEL","cc":"PSD","nv":" ","e":"s","st":"Eleito","dvt":"V\u00e1lido","vap":"462","pvap":"   4,03"},{"seq":"49","sqcand":"100001079087","n":"51558","nm":"EDMARA","cc":"PATRIOTA","nv":" ","e":"n","st":"Suplente","dvt":"V\u00e1lido","vap":"1","pvap":"   0,01"},{"seq":"29","sqcand":"100001126332","n":"45120","nm":"EVILASIO DO G\u00c1S","cc":"PSDB","nv":" ","e":"n","st":"Suplente","dvt":"V\u00e1lido","vap":"78","pvap":"   0,68"},{"seq":"30","sqcand":"100001167570","n":"55609","nm":"FRAN\u00c7A DO MUDIQUINHO","cc":"PSD","nv":" ","e":"n","st":"Suplente","dvt":"V\u00e1lido","vap":"75","pvap":"   0,65"},{"seq":"17","sqcand":"100000758236","n":"65999","nm":"ANTONIO JURACY","cc":"PC do B","nv":" ","e":"n","st":"Suplente","dvt":"V\u00e1lido","vap":"295","pvap":"   2,57"},{"seq":"23","sqcand":"100001079084","n":"51222","nm":"JUNIOR DO BEBEDOURO","cc":"PATRIOTA","nv":" ","e":"n","st":"Suplente","dvt":"V\u00e1lido","vap":"151","pvap":"   1,32"},{"seq":"21","sqcand":"100001079079","n":"51266","nm":"JOANA VIEIRA","cc":"PATRIOTA","nv":" ","e":"n","st":"Suplente","dvt":"V\u00e1lido","vap":"163","pvap":"   1,42"},{"seq":"41","sqcand":"100001126325","n":"45123","nm":"ALEX ELETRICISTA","cc":"PSDB","nv":" ","e":"n","st":"Suplente","dvt":"V\u00e1lido","vap":"25","pvap":"   0,22"},{"seq":"33","sqcand":"100000758239","n":"65100","nm":"TAYNNA MONTELES","cc":"PC do B","nv":" ","e":"n","st":"Suplente","dvt":"V\u00e1lido","vap":"64","pvap":"   0,56"},{"seq":"13","sqcand":"100001167578","n":"55123","nm":"ROBERT","cc":"PSD","nv":" ","e":"n","st":"Suplente","dvt":"V\u00e1lido","vap":"420","pvap":"   3,67"},{"seq":"2","sqcand":"100000758240","n":"65777","nm":"THIAGO ARAUJO","cc":"PC do B","nv":" ","e":"s","st":"Eleito","dvt":"V\u00e1lido","vap":"805","pvap":"   7,03"},{"seq":"42","sqcand":"100001126331","n":"45125","nm":"FRANCISCO PINTOR","cc":"PSDB","nv":" ","e":"n","st":"Suplente","dvt":"V\u00e1lido","vap":"23","pvap":"   0,20"},{"seq":"24","sqcand":"100000758233","n":"65222","nm":"DENES DO FAC\u00c3O","cc":"PC do B","nv":" ","e":"n","st":"Suplente","dvt":"V\u00e1lido","vap":"149","pvap":"   1,30"},{"seq":"47","sqcand":"100001167572","n":"55456","nm":"Z\u00c9 RAIMUNDO","cc":"PSD","nv":" ","e":"n","st":"Suplente","dvt":"V\u00e1lido","vap":"5","pvap":"   0,04"},{"seq":"8","sqcand":"100000758234","n":"65444","nm":"CELIA LOPES","cc":"PC do B","nv":" ","e":"s","st":"Eleito","dvt":"V\u00e1lido","vap":"457","pvap":"   3,99"},{"seq":"40","sqcand":"100001126323","n":"45666","nm":"MARTA ","cc":"PSDB","nv":" ","e":"n","st":"Suplente","dvt":"V\u00e1lido","vap":"27","pvap":"   0,24"},{"seq":"14","sqcand":"100000758228","n":"65555","nm":"REINALDO KLAUCK","cc":"PC do B","nv":" ","e":"n","st":"Suplente","dvt":"V\u00e1lido","vap":"377","pvap":"   3,29"}]}
