{"ele":"426","tpabr":"mu","cdabr":"07196","carper":"13","t":"1","f":"o","dt":"15/11/2020","ht":"21:26:45","dv":"s","tf":"s","v":"11","esae":"n","mnae":"","s":"69","st":"69","pst":" 100,00","snt":"0","psnt":"   0,00","si":"69","psi":" 100,00","sni":"0","psni":"   0,00","sa":"69","psa":" 100,00","sna":"0","psna":"   0,00","e":"23655","ea":"23655","pea":" 100,00","ena":"0","pena":"   0,00","esi":"23655","pesi":" 100,00","esni":"0","pesni":"   0,00","c":"17950","pc":"  75,88","a":"5705","pa":"  24,12","vscv":"0","vnom":"16279","vl":"892","pvnom":"  94,81","pvl":"   5,19","vvc":"17313","pvvc":"  96,45","vb":"183","pvb":"   1,02","tvn":"454","ptvn":"   2,53","vn":"454","pvn":" 100,00","vnt":"0","pvnt":"   0,00","vp":"0","pvp":"   0,00","vv":"17171","pvv":"  99,18","van":"0","pvan":"   0,00","vansj":"142","pvansj":"   0,82","tv":"17950","cand":[{"seq":"7","sqcand":"100001066137","n":"14111","nm":"IRMAO NELINHO","cc":"PTB","nv":" ","e":"s","st":"Eleito","dvt":"V\u00e1lido","vap":"546","pvap":"   3,15"},{"seq":"18","sqcand":"100001064629","n":"10123","nm":"TACITO","cc":"REPUBLICANOS","nv":" ","e":"n","st":"Suplente","dvt":"V\u00e1lido","vap":"304","pvap":"   1,76"},{"seq":"80","sqcand":"100001064631","n":"10223","nm":"NAZARE BOGEA","cc":"REPUBLICANOS","nv":" ","e":"n","st":"Suplente","dvt":"V\u00e1lido","vap":"10","pvap":"   0,06"},{"seq":"104","sqcand":"100001067514","n":"77330","nm":"\u00c9RICA NUNES","cc":"SOLIDARIEDADE","nv":" ","e":"n","st":"N\u00e3o eleito","dvt":"V\u00e1lido","vap":"27","pvap":"   0,16"},{"seq":"95","sqcand":"100001067508","n":"77777","nm":"P\u00c9 DE PUNHO","cc":"SOLIDARIEDADE","nv":" ","e":"n","st":"N\u00e3o eleito","dvt":"V\u00e1lido","vap":"141","pvap":"   0,81"},{"seq":"63","sqcand":"100001178441","n":"20345","nm":"EDINALVA FERNANDES","cc":"PSC","nv":" ","e":"n","st":"Suplente","dvt":"V\u00e1lido","vap":"36","pvap":"   0,21"},{"seq":"107","sqcand":"100001067516","n":"77222","nm":"MARIA PRETA","cc":"SOLIDARIEDADE","nv":" ","e":"n","st":"N\u00e3o eleito","dvt":"V\u00e1lido","vap":"13","pvap":"   0,08"},{"seq":"110","sqcand":"100001067509","n":"77244","nm":"JUNIOR CARUERA","cc":"SOLIDARIEDADE","nv":" ","e":"n","st":"N\u00e3o eleito","dvt":"V\u00e1lido","vap":"0","pvap":"00.00"},{"seq":"3","sqcand":"100001069190","n":"12222","nm":"THALES AROUCHA","cc":"PDT","nv":" ","e":"s","st":"Eleito","dvt":"V\u00e1lido","vap":"649","pvap":"   3,75"},{"seq":"91","sqcand":"100001067513","n":"77444","nm":"FABIO DE ZEREBO","cc":"SOLIDARIEDADE","nv":" ","e":"n","st":"N\u00e3o eleito","dvt":"V\u00e1lido","vap":"283","pvap":"   1,63"},{"seq":"92","sqcand":"100001067511","n":"77111","nm":"Z\u00c9 GARROS","cc":"SOLIDARIEDADE","nv":" ","e":"n","st":"N\u00e3o eleito","dvt":"V\u00e1lido","vap":"273","pvap":"   1,58"},{"seq":"93","sqcand":"100000858168","n":"55666","nm":"MARCONE SOUSA","cc":"PSD","nv":" ","e":"n","st":"N\u00e3o eleito","dvt":"V\u00e1lido","vap":"217","pvap":"   1,25"},{"seq":"29","sqcand":"100001064633","n":"10122","nm":"GARDENIA COSTA","cc":"REPUBLICANOS","nv":" ","e":"n","st":"Suplente","dvt":"V\u00e1lido","vap":"161","pvap":"   0,93"},{"seq":"84","sqcand":"100001241518","n":"15241","nm":"TAYANE","cc":"MDB","nv":" ","e":"n","st":"Suplente","dvt":"V\u00e1lido","vap":"4","pvap":"   0,02"},{"seq":"50","sqcand":"100001241513","n":"15321","nm":"EUSI LIMA (BOLINHA)","cc":"MDB","nv":" ","e":"n","st":"Suplente","dvt":"V\u00e1lido","vap":"54","pvap":"   0,31"},{"seq":"35","sqcand":"100001241503","n":"15123","nm":"KENIA QUEIROZ","cc":"MDB","nv":" ","e":"n","st":"Suplente","dvt":"V\u00e1lido","vap":"116","pvap":"   0,67"},{"seq":"73","sqcand":"100001064630","n":"10666","nm":"DAVID LARRAT","cc":"REPUBLICANOS","nv":" ","e":"n","st":"Suplente","dvt":"V\u00e1lido","vap":"19","pvap":"   0,11"},{"seq":"102","sqcand":"100000858162","n":"55123","nm":"NEN\u00c9M","cc":"PSD","nv":" ","e":"n","st":"N\u00e3o eleito","dvt":"V\u00e1lido","vap":"44","pvap":"   0,25"},{"seq":"22","sqcand":"100001241519","n":"15666","nm":"SILVANIA ROCHA","cc":"MDB","nv":" ","e":"n","st":"Suplente","dvt":"V\u00e1lido","vap":"243","pvap":"   1,40"},{"seq":"82","sqcand":"100001178447","n":"20321","nm":"LIDICY ARAUJO ","cc":"PSC","nv":" ","e":"n","st":"Suplente","dvt":"V\u00e1lido","vap":"9","pvap":"   0,05"},{"seq":"31","sqcand":"100001069199","n":"12511","nm":"TONINHO DO MANOEL JO\u00c3O","cc":"PDT","nv":" ","e":"n","st":"Suplente","dvt":"V\u00e1lido","vap":"153","pvap":"   0,88"},{"seq":"39","sqcand":"100001241516","n":"15432","nm":"LUIS MANCINHO","cc":"MDB","nv":" ","e":"n","st":"Suplente","dvt":"V\u00e1lido","vap":"103","pvap":"   0,59"},{"seq":"83","sqcand":"100001241511","n":"15235","nm":"MAYCON SOUZA","cc":"MDB","nv":" ","e":"n","st":"Suplente","dvt":"V\u00e1lido","vap":"7","pvap":"   0,04"},{"seq":"72","sqcand":"100000941556","n":"25666","nm":"ANTONIA RODRIGUES","cc":"DEM","nv":" ","e":"n","st":"Suplente","dvt":"V\u00e1lido","vap":"21","pvap":"   0,12"},{"seq":"12","sqcand":"100001066134","n":"14000","nm":"PASTORZINHO","cc":"PTB","nv":" ","e":"n","st":"Suplente","dvt":"V\u00e1lido","vap":"417","pvap":"   2,41"},{"seq":"36","sqcand":"100000941552","n":"25123","nm":"ADENILDO BEZERRA","cc":"DEM","nv":" ","e":"n","st":"Suplente","dvt":"V\u00e1lido","vap":"109","pvap":"   0,63"},{"seq":"24","sqcand":"100001254604","n":"45678","nm":"LUCIANO ODESSE","cc":"PSDB","nv":" ","e":"n","st":"Suplente","dvt":"V\u00e1lido","vap":"227","pvap":"   1,31"},{"seq":"87","sqcand":"100001064627","n":"10033","nm":"NETO GARCIA","cc":"REPUBLICANOS","nv":" ","e":"n","st":"Suplente","dvt":"V\u00e1lido","vap":"0","pvap":"00.00"},{"seq":"79","sqcand":"100001178445","n":"20900","nm":"ALCIONE BATALHA","cc":"PSC","nv":" ","e":"n","st":"Suplente","dvt":"V\u00e1lido","vap":"12","pvap":"   0,07"},{"seq":"81","sqcand":"100001178436","n":"20400","nm":"CHARLISON CRUZ","cc":"PSC","nv":" ","e":"n","st":"Suplente","dvt":"V\u00e1lido","vap":"9","pvap":"   0,05"},{"seq":"34","sqcand":"100001069198","n":"12321","nm":"IZA","cc":"PDT","nv":" ","e":"n","st":"Suplente","dvt":"V\u00e1lido","vap":"127","pvap":"   0,73"},{"seq":"6","sqcand":"100001064634","n":"10000","nm":"IRMAO OZEIAS","cc":"REPUBLICANOS","nv":" ","e":"s","st":"Eleito","dvt":"V\u00e1lido","vap":"564","pvap":"   3,26"},{"seq":"52","sqcand":"100001241517","n":"15678","nm":"ABDORAL ALVES","cc":"MDB","nv":" ","e":"n","st":"Suplente","dvt":"V\u00e1lido","vap":"53","pvap":"   0,31"},{"seq":"99","sqcand":"100001067515","n":"77333","nm":"MARIA DE MOACIR","cc":"SOLIDARIEDADE","nv":" ","e":"n","st":"N\u00e3o eleito","dvt":"V\u00e1lido","vap":"54","pvap":"   0,31"},{"seq":"49","sqcand":"100001064637","n":"10162","nm":"RAQUEL DA ZUMBA","cc":"REPUBLICANOS","nv":" ","e":"n","st":"Suplente","dvt":"V\u00e1lido","vap":"55","pvap":"   0,32"},{"seq":"14","sqcand":"100001178448","n":"20333","nm":"DR. ISRAEL","cc":"PSC","nv":" ","e":"n","st":"Suplente","dvt":"V\u00e1lido","vap":"345","pvap":"   1,99"},{"seq":"21","sqcand":"100001066131","n":"14444","nm":"RAIMUNDO MAOZINHA","cc":"PTB","nv":" ","e":"n","st":"Suplente","dvt":"V\u00e1lido","vap":"244","pvap":"   1,41"},{"seq":"27","sqcand":"100001178435","n":"20123","nm":"LICO BOGEA","cc":"PSC","nv":" ","e":"n","st":"Suplente","dvt":"V\u00e1lido","vap":"209","pvap":"   1,21"},{"seq":"60","sqcand":"100001233988","n":"25025","nm":"BIBI DA BUBASA","cc":"DEM","nv":" ","e":"n","st":"Suplente","dvt":"V\u00e1lido","vap":"39","pvap":"   0,23"},{"seq":"37","sqcand":"100001066130","n":"14555","nm":"MARIA MENDES","cc":"PTB","nv":" ","e":"n","st":"Suplente","dvt":"V\u00e1lido","vap":"109","pvap":"   0,63"},{"seq":"55","sqcand":"100000941551","n":"25122","nm":"MATRIX","cc":"DEM","nv":" ","e":"n","st":"Suplente","dvt":"V\u00e1lido","vap":"46","pvap":"   0,27"},{"seq":"48","sqcand":"100000941557","n":"25555","nm":"IVONE PAOSINHO","cc":"DEM","nv":" ","e":"n","st":"Suplente","dvt":"V\u00e1lido","vap":"55","pvap":"   0,32"},{"seq":"46","sqcand":"100001069195","n":"12345","nm":"CONCEI\u00c7\u00c3O COSTA","cc":"PDT","nv":" ","e":"n","st":"Suplente","dvt":"V\u00e1lido","vap":"73","pvap":"   0,42"},{"seq":"1","sqcand":"100001066128","n":"14014","nm":"LUCINHA BRITO","cc":"PTB","nv":" ","e":"s","st":"Eleito","dvt":"V\u00e1lido","vap":"946","pvap":"   5,46"},{"seq":"19","sqcand":"100001066135","n":"14222","nm":"NADSON QUARESMA","cc":"PTB","nv":" ","e":"n","st":"Suplente","dvt":"V\u00e1lido","vap":"293","pvap":"   1,69"},{"seq":"66","sqcand":"100001254602","n":"45000","nm":"LEUZA VAQUEIRA","cc":"PSDB","nv":" ","e":"n","st":"Suplente","dvt":"V\u00e1lido","vap":"30","pvap":"   0,17"},{"seq":"23","sqcand":"100001069196","n":"12012","nm":"L\u00c9A LOPES","cc":"PDT","nv":" ","e":"n","st":"Suplente","dvt":"V\u00e1lido","vap":"237","pvap":"   1,37"},{"seq":"30","sqcand":"100001241510","n":"15345","nm":"PAULA DA PESCA","cc":"MDB","nv":" ","e":"n","st":"Suplente","dvt":"V\u00e1lido","vap":"156","pvap":"   0,90"},{"seq":"9","sqcand":"100000941554","n":"25111","nm":"CABITO ABAS","cc":"DEM","nv":" ","e":"s","st":"Eleito","dvt":"V\u00e1lido","vap":"424","pvap":"   2,45"},{"seq":"32","sqcand":"100001241512","n":"15222","nm":"EDINALDO DO MERCADINHO ","cc":"MDB","nv":" ","e":"n","st":"Suplente","dvt":"V\u00e1lido","vap":"144","pvap":"   0,83"},{"seq":"56","sqcand":"100001178439","n":"20150","nm":"NEIDE SENA","cc":"PSC","nv":" ","e":"n","st":"Suplente","dvt":"V\u00e1lido","vap":"44","pvap":"   0,25"},{"seq":"76","sqcand":"100001254596","n":"45123","nm":"JURA FRAZ\u00c3O","cc":"PSDB","nv":" ","e":"n","st":"Suplente","dvt":"V\u00e1lido","vap":"15","pvap":"   0,09"},{"seq":"89","sqcand":"100001241509","n":"15888","nm":"DJ DRYKO","cc":"MDB","nv":" ","e":"n","st":"Suplente","dvt":"V\u00e1lido","vap":"0","pvap":"00.00"},{"seq":"26","sqcand":"100000941548","n":"25200","nm":"CIT\u00d3","cc":"DEM","nv":" ","e":"n","st":"Suplente","dvt":"V\u00e1lido","vap":"220","pvap":"   1,27"},{"seq":"4","sqcand":"100001254601","n":"45456","nm":"EVANDO PIANC\u00d3","cc":"PSDB","nv":" ","e":"s","st":"Eleito","dvt":"V\u00e1lido","vap":"634","pvap":"   3,66"},{"seq":"61","sqcand":"100000941558","n":"25678","nm":"EDER MARTINS","cc":"DEM","nv":" ","e":"n","st":"Suplente","dvt":"V\u00e1lido","vap":"39","pvap":"   0,23"},{"seq":"101","sqcand":"100001067510","n":"77123","nm":"BISTECA","cc":"SOLIDARIEDADE","nv":" ","e":"n","st":"N\u00e3o eleito","dvt":"V\u00e1lido","vap":"49","pvap":"   0,28"},{"seq":"47","sqcand":"100001241505","n":"15111","nm":"RAUL TAMARINDEIRO","cc":"MDB","nv":" ","e":"n","st":"Suplente","dvt":"V\u00e1lido","vap":"55","pvap":"   0,32"},{"seq":"85","sqcand":"100001178443","n":"20111","nm":"BIBI COSTA","cc":"PSC","nv":" ","e":"n","st":"Suplente","dvt":"V\u00e1lido","vap":"0","pvap":"00.00"},{"seq":"74","sqcand":"100001254606","n":"45515","nm":"CRIS DA AUTO ESCOLA","cc":"PSDB","nv":" ","e":"n","st":"Suplente","dvt":"V\u00e1lido","vap":"19","pvap":"   0,11"},{"seq":"78","sqcand":"100000941547","n":"25333","nm":"PAUL\u00c3O","cc":"DEM","nv":" ","e":"n","st":"Suplente","dvt":"V\u00e1lido","vap":"12","pvap":"   0,07"},{"seq":"10","sqcand":"100001178433","n":"20789","nm":"GERSON NUNES","cc":"PSC","nv":" ","e":"s","st":"Eleito","dvt":"V\u00e1lido","vap":"406","pvap":"   2,35"},{"seq":"11","sqcand":"100001241508","n":"15777","nm":"AURINETE FREITAS","cc":"MDB","nv":" ","e":"s","st":"Eleito","dvt":"V\u00e1lido","vap":"267","pvap":"   1,54"},{"seq":"67","sqcand":"100001254598","n":"45222","nm":"PASTOR ELIEZER","cc":"PSDB","nv":" ","e":"n","st":"Suplente","dvt":"V\u00e1lido","vap":"29","pvap":"   0,17"},{"seq":"94","sqcand":"100000858165","n":"55555","nm":"NEIRY ALDO DUTRA","cc":"PSD","nv":" ","e":"n","st":"N\u00e3o eleito","dvt":"V\u00e1lido","vap":"172","pvap":"   0,99"},{"seq":"20","sqcand":"100001069194","n":"12000","nm":"RAFAEL ODESSE","cc":"PDT","nv":" ","e":"n","st":"Suplente","dvt":"V\u00e1lido","vap":"262","pvap":"   1,51"},{"seq":"69","sqcand":"100001069192","n":"12111","nm":"NATALIA LEMOS","cc":"PDT","nv":" ","e":"n","st":"Suplente","dvt":"V\u00e1lido","vap":"25","pvap":"   0,14"},{"seq":"57","sqcand":"100001241515","n":"15555","nm":"ISABEL MUNIZ","cc":"MDB","nv":" ","e":"n","st":"Suplente","dvt":"V\u00e1lido","vap":"43","pvap":"   0,25"},{"seq":"58","sqcand":"100001178440","n":"20678","nm":"CURAMBA","cc":"PSC","nv":" ","e":"n","st":"Suplente","dvt":"V\u00e1lido","vap":"43","pvap":"   0,25"},{"seq":"64","sqcand":"100000941546","n":"25222","nm":"THALLES PAZ","cc":"DEM","nv":" ","e":"n","st":"Suplente","dvt":"V\u00e1lido","vap":"32","pvap":"   0,18"},{"seq":"13","sqcand":"100001254603","n":"45890","nm":"JO\u00c3O DE PADEIRO","cc":"PSDB","nv":" ","e":"n","st":"Suplente","dvt":"V\u00e1lido","vap":"348","pvap":"   2,01"},{"seq":"2","sqcand":"100001064628","n":"10777","nm":"MARCELO SANTANA","cc":"REPUBLICANOS","nv":" ","e":"s","st":"Eleito","dvt":"V\u00e1lido","vap":"866","pvap":"   5,00"},{"seq":"42","sqcand":"100001069191","n":"12010","nm":"MAIZENA","cc":"PDT","nv":" ","e":"n","st":"Suplente","dvt":"V\u00e1lido","vap":"84","pvap":"   0,49"},{"seq":"86","sqcand":"100001254599","n":"45555","nm":"ABDON","cc":"PSDB","nv":" ","e":"n","st":"Suplente","dvt":"V\u00e1lido","vap":"0","pvap":"00.00"},{"seq":"44","sqcand":"100001241504","n":"15444","nm":"BATISTA ACS","cc":"MDB","nv":" ","e":"n","st":"Suplente","dvt":"V\u00e1lido","vap":"75","pvap":"   0,43"},{"seq":"103","sqcand":"100000858167","n":"55456","nm":"MARIA DA CONCEI\u00c7\u00c3O","cc":"PSD","nv":" ","e":"n","st":"N\u00e3o eleito","dvt":"V\u00e1lido","vap":"41","pvap":"   0,24"},{"seq":"8","sqcand":"100001066129","n":"14567","nm":"POLOTA MENDES","cc":"PTB","nv":" ","e":"s","st":"Eleito","dvt":"V\u00e1lido","vap":"484","pvap":"   2,80"},{"seq":"38","sqcand":"100001178437","n":"20000","nm":"LEANDRO BARROS","cc":"PSC","nv":" ","e":"n","st":"Suplente","dvt":"V\u00e1lido","vap":"104","pvap":"   0,60"},{"seq":"100","sqcand":"100000858169","n":"55133","nm":"RAIMUNDO DENTISTA","cc":"PSD","nv":" ","e":"n","st":"N\u00e3o eleito","dvt":"V\u00e1lido","vap":"49","pvap":"   0,28"},{"seq":"97","sqcand":"100001067512","n":"77000","nm":"ZECA LOBO","cc":"SOLIDARIEDADE","nv":" ","e":"n","st":"N\u00e3o eleito","dvt":"V\u00e1lido","vap":"100","pvap":"   0,58"},{"seq":"96","sqcand":"100001178438","n":"20777","nm":"ZE DO PIMENTAL","cc":"PSC","nv":" ","e":"n","st":"N\u00e3o eleito","dvt":"Anulado sub judice","vap":"139","pvap":"   0,80"},{"seq":"17","sqcand":"100001066133","n":"14123","nm":"ROSANA MELLO","cc":"PTB","nv":" ","e":"n","st":"Suplente","dvt":"V\u00e1lido","vap":"339","pvap":"   1,96"},{"seq":"15","sqcand":"100000941550","n":"25223","nm":"LUIS DE COTA ERICEIRA","cc":"DEM","nv":" ","e":"n","st":"Suplente","dvt":"V\u00e1lido","vap":"344","pvap":"   1,99"},{"seq":"98","sqcand":"100000858164","n":"55033","nm":"LUIZINHO","cc":"PSD","nv":" ","e":"n","st":"N\u00e3o eleito","dvt":"V\u00e1lido","vap":"69","pvap":"   0,40"},{"seq":"45","sqcand":"100001241507","n":"15456","nm":"MILSON CAPOEIRA","cc":"MDB","nv":" ","e":"n","st":"Suplente","dvt":"V\u00e1lido","vap":"74","pvap":"   0,43"},{"seq":"54","sqcand":"100001178442","n":"20200","nm":"FREU SENA","cc":"PSC","nv":" ","e":"n","st":"Suplente","dvt":"V\u00e1lido","vap":"50","pvap":"   0,29"},{"seq":"59","sqcand":"100001178446","n":"20222","nm":"JULIO DE MARTINHO","cc":"PSC","nv":" ","e":"n","st":"Suplente","dvt":"V\u00e1lido","vap":"40","pvap":"   0,23"},{"seq":"106","sqcand":"100000858171","n":"55678","nm":"MARIA CRISTINA","cc":"PSD","nv":" ","e":"n","st":"N\u00e3o eleito","dvt":"V\u00e1lido","vap":"13","pvap":"   0,08"},{"seq":"70","sqcand":"100000941545","n":"25369","nm":"JACY BATALHA","cc":"DEM","nv":" ","e":"n","st":"Suplente","dvt":"V\u00e1lido","vap":"24","pvap":"   0,14"},{"seq":"40","sqcand":"100001064632","n":"10333","nm":"AURICELIA BEZERRA","cc":"REPUBLICANOS","nv":" ","e":"n","st":"Suplente","dvt":"V\u00e1lido","vap":"99","pvap":"   0,57"},{"seq":"75","sqcand":"100001069193","n":"12540","nm":"AMPARO","cc":"PDT","nv":" ","e":"n","st":"Suplente","dvt":"V\u00e1lido","vap":"16","pvap":"   0,09"},{"seq":"105","sqcand":"100000858163","n":"55653","nm":"JUNIOR GARCIA","cc":"PSD","nv":" ","e":"n","st":"N\u00e3o eleito","dvt":"V\u00e1lido","vap":"20","pvap":"   0,12"},{"seq":"88","sqcand":"100001241514","n":"15234","nm":"JORLEAN DINIZ","cc":"MDB","nv":" ","e":"n","st":"Suplente","dvt":"V\u00e1lido","vap":"0","pvap":"00.00"},{"seq":"62","sqcand":"100001178444","n":"20061","nm":"EZINHO MEC\u00c2NICO","cc":"PSC","nv":" ","e":"n","st":"Suplente","dvt":"V\u00e1lido","vap":"37","pvap":"   0,21"},{"seq":"5","sqcand":"100000941553","n":"25888","nm":"MARCELO ARACENTER","cc":"DEM","nv":" ","e":"s","st":"Eleito","dvt":"V\u00e1lido","vap":"614","pvap":"   3,55"},{"seq":"109","sqcand":"100000858170","n":"55222","nm":"REGINA COSTA","cc":"PSD","nv":" ","e":"n","st":"N\u00e3o eleito","dvt":"V\u00e1lido","vap":"3","pvap":"   0,02"},{"seq":"68","sqcand":"100001069197","n":"12555","nm":"TAMBAQUI","cc":"PDT","nv":" ","e":"n","st":"Suplente","dvt":"V\u00e1lido","vap":"29","pvap":"   0,17"},{"seq":"65","sqcand":"100001254605","n":"45201","nm":"TOINHO TAXISTA","cc":"PSDB","nv":" ","e":"n","st":"Suplente","dvt":"V\u00e1lido","vap":"30","pvap":"   0,17"},{"seq":"90","sqcand":"100000858166","n":"55000","nm":"MARCELINO ALMEIDA","cc":"PSD","nv":" ","e":"n","st":"N\u00e3o eleito","dvt":"V\u00e1lido","vap":"360","pvap":"   2,08"},{"seq":"108","sqcand":"100001064636","n":"10222","nm":"PETERSON CHAVES","cc":"REPUBLICANOS","nv":" ","e":"n","st":"N\u00e3o eleito","dvt":"Anulado sub judice","vap":"3","pvap":"   0,02"},{"seq":"53","sqcand":"100001069200","n":"12437","nm":"JO\u00c3O PRETO","cc":"PDT","nv":" ","e":"n","st":"Suplente","dvt":"V\u00e1lido","vap":"51","pvap":"   0,29"},{"seq":"77","sqcand":"100000941555","n":"25023","nm":"DIDI SILVA","cc":"DEM","nv":" ","e":"n","st":"Suplente","dvt":"V\u00e1lido","vap":"15","pvap":"   0,09"},{"seq":"51","sqcand":"100000941544","n":"25444","nm":"MANOEL PADRE","cc":"DEM","nv":" ","e":"n","st":"Suplente","dvt":"V\u00e1lido","vap":"53","pvap":"   0,31"},{"seq":"41","sqcand":"100001241506","n":"15677","nm":"ANTONIA REGO","cc":"MDB","nv":" ","e":"n","st":"Suplente","dvt":"V\u00e1lido","vap":"97","pvap":"   0,56"},{"seq":"28","sqcand":"100001178449","n":"20555","nm":"SANDRA DE BEGA","cc":"PSC","nv":" ","e":"n","st":"Suplente","dvt":"V\u00e1lido","vap":"178","pvap":"   1,03"},{"seq":"25","sqcand":"100000941543","n":"25000","nm":"FL\u00c1VIO LOP\u00c9S","cc":"DEM","nv":" ","e":"n","st":"Suplente","dvt":"V\u00e1lido","vap":"225","pvap":"   1,30"},{"seq":"16","sqcand":"100001254600","n":"45789","nm":"J\u00daNIOR BOY","cc":"PSDB","nv":" ","e":"n","st":"Suplente","dvt":"V\u00e1lido","vap":"343","pvap":"   1,98"},{"seq":"71","sqcand":"100000941549","n":"25777","nm":"DOMINGAS VALE","cc":"DEM","nv":" ","e":"n","st":"Suplente","dvt":"V\u00e1lido","vap":"22","pvap":"   0,13"},{"seq":"33","sqcand":"100001066132","n":"14441","nm":"BILUCA","cc":"PTB","nv":" ","e":"n","st":"Suplente","dvt":"V\u00e1lido","vap":"127","pvap":"   0,73"},{"seq":"43","sqcand":"100001066138","n":"14789","nm":"MARINETE","cc":"PTB","nv":" ","e":"n","st":"Suplente","dvt":"V\u00e1lido","vap":"80","pvap":"   0,46"}]}
