{"ele":"426","tpabr":"mu","cdabr":"07218","carper":"13","t":"1","f":"o","dt":"15/11/2020","ht":"21:27:19","dv":"s","tf":"s","v":"9","esae":"n","mnae":"","s":"27","st":"27","pst":" 100,00","snt":"0","psnt":"   0,00","si":"27","psi":" 100,00","sni":"0","psni":"   0,00","sa":"27","psa":" 100,00","sna":"0","psna":"   0,00","e":"9019","ea":"9019","pea":" 100,00","ena":"0","pena":"   0,00","esi":"9019","pesi":" 100,00","esni":"0","pesni":"   0,00","c":"8297","pc":"  91,99","a":"722","pa":"   8,01","vscv":"0","vnom":"7736","vl":"388","pvnom":"  95,22","pvl":"   4,78","vvc":"8124","pvvc":"  97,91","vb":"72","pvb":"   0,87","tvn":"101","ptvn":"   1,22","vn":"101","pvn":" 100,00","vnt":"0","pvnt":"   0,00","vp":"0","pvp":"   0,00","vv":"8124","pvv":" 100,00","van":"0","pvan":"   0,00","vansj":"0","pvansj":"   0,00","tv":"8297","cand":[{"seq":"17","sqcand":"100001072357","n":"55234","nm":"Z\u00c9 M\u00c1RIO","cc":"PSD","nv":" ","e":"n","st":"Suplente","dvt":"V\u00e1lido","vap":"162","pvap":"   1,99"},{"seq":"23","sqcand":"100001072352","n":"55765","nm":"MIQUEAS DO BOLSA","cc":"PSD","nv":" ","e":"n","st":"Suplente","dvt":"V\u00e1lido","vap":"97","pvap":"   1,19"},{"seq":"61","sqcand":"100001058499","n":"22000","nm":"PASTOR VALDIR","cc":"PL","nv":" ","e":"n","st":"N\u00e3o eleito","dvt":"V\u00e1lido","vap":"28","pvap":"   0,34"},{"seq":"42","sqcand":"100001249974","n":"10015","nm":"RAFAEL","cc":"REPUBLICANOS","nv":" ","e":"n","st":"Suplente","dvt":"V\u00e1lido","vap":"20","pvap":"   0,25"},{"seq":"73","sqcand":"100001058502","n":"22555","nm":"ADILTON","cc":"PL","nv":" ","e":"n","st":"N\u00e3o eleito","dvt":"V\u00e1lido","vap":"0","pvap":"00.00"},{"seq":"45","sqcand":"100001073494","n":"12112","nm":"ELISABETH MARTINS","cc":"PDT","nv":" ","e":"n","st":"Suplente","dvt":"V\u00e1lido","vap":"12","pvap":"   0,15"},{"seq":"38","sqcand":"100001249944","n":"15150","nm":"MARLY","cc":"MDB","nv":" ","e":"n","st":"Suplente","dvt":"V\u00e1lido","vap":"22","pvap":"   0,27"},{"seq":"28","sqcand":"100001249941","n":"15456","nm":"LORO","cc":"MDB","nv":" ","e":"n","st":"Suplente","dvt":"V\u00e1lido","vap":"71","pvap":"   0,87"},{"seq":"62","sqcand":"100001191435","n":"90222","nm":"ANA SILVA","cc":"PROS","nv":" ","e":"n","st":"N\u00e3o eleito","dvt":"V\u00e1lido","vap":"23","pvap":"   0,28"},{"seq":"57","sqcand":"100001058497","n":"22123","nm":"IRMA  ANDREA ","cc":"PL","nv":" ","e":"n","st":"N\u00e3o eleito","dvt":"V\u00e1lido","vap":"45","pvap":"   0,55"},{"seq":"32","sqcand":"100001249972","n":"10100","nm":"BIN\u00c9","cc":"REPUBLICANOS","nv":" ","e":"n","st":"Suplente","dvt":"V\u00e1lido","vap":"39","pvap":"   0,48"},{"seq":"55","sqcand":"100001191352","n":"11000","nm":"VANESSA LEAL","cc":"PP","nv":" ","e":"n","st":"N\u00e3o eleito","dvt":"V\u00e1lido","vap":"97","pvap":"   1,19"},{"seq":"18","sqcand":"100001073488","n":"12543","nm":"NATO GORDO","cc":"PDT","nv":" ","e":"n","st":"Suplente","dvt":"V\u00e1lido","vap":"149","pvap":"   1,83"},{"seq":"26","sqcand":"100001072355","n":"55000","nm":"DULCE MILENA","cc":"PSD","nv":" ","e":"n","st":"Suplente","dvt":"V\u00e1lido","vap":"85","pvap":"   1,05"},{"seq":"74","sqcand":"100001058504","n":"22444","nm":"FERNANDO ","cc":"PL","nv":" ","e":"n","st":"N\u00e3o eleito","dvt":"V\u00e1lido","vap":"0","pvap":"00.00"},{"seq":"49","sqcand":"100001249966","n":"10565","nm":"OSIAS","cc":"REPUBLICANOS","nv":" ","e":"n","st":"Suplente","dvt":"V\u00e1lido","vap":"10","pvap":"   0,12"},{"seq":"27","sqcand":"100001249963","n":"10010","nm":"ALDENY ","cc":"REPUBLICANOS","nv":" ","e":"n","st":"Suplente","dvt":"V\u00e1lido","vap":"75","pvap":"   0,92"},{"seq":"35","sqcand":"100001073495","n":"12352","nm":"DRA JOSY","cc":"PDT","nv":" ","e":"n","st":"Suplente","dvt":"V\u00e1lido","vap":"33","pvap":"   0,41"},{"seq":"4","sqcand":"100001249939","n":"15123","nm":"BAD\u00ca","cc":"MDB","nv":" ","e":"s","st":"Eleito","dvt":"V\u00e1lido","vap":"407","pvap":"   5,01"},{"seq":"56","sqcand":"100001191434","n":"90555","nm":"RONALDO DE IGUAPERIBA","cc":"PROS","nv":" ","e":"n","st":"N\u00e3o eleito","dvt":"V\u00e1lido","vap":"51","pvap":"   0,63"},{"seq":"48","sqcand":"100001249940","n":"15333","nm":"CHICO COELHO","cc":"MDB","nv":" ","e":"n","st":"Suplente","dvt":"V\u00e1lido","vap":"10","pvap":"   0,12"},{"seq":"58","sqcand":"100001191355","n":"11121","nm":"DA LUZ VERAS","cc":"PP","nv":" ","e":"n","st":"N\u00e3o eleito","dvt":"V\u00e1lido","vap":"34","pvap":"   0,42"},{"seq":"29","sqcand":"100001249938","n":"15222","nm":"WILLAME","cc":"MDB","nv":" ","e":"n","st":"Suplente","dvt":"V\u00e1lido","vap":"58","pvap":"   0,71"},{"seq":"13","sqcand":"100001072356","n":"55110","nm":"ITAMAR FURTADO","cc":"PSD","nv":" ","e":"n","st":"Suplente","dvt":"V\u00e1lido","vap":"182","pvap":"   2,24"},{"seq":"68","sqcand":"100001058501","n":"22111","nm":"JORGE PIRES","cc":"PL","nv":" ","e":"n","st":"N\u00e3o eleito","dvt":"V\u00e1lido","vap":"9","pvap":"   0,11"},{"seq":"15","sqcand":"100001072353","n":"55123","nm":"ZEZECO","cc":"PSD","nv":" ","e":"n","st":"Suplente","dvt":"V\u00e1lido","vap":"170","pvap":"   2,09"},{"seq":"9","sqcand":"100001072354","n":"55555","nm":"CINZENTO","cc":"PSD","nv":" ","e":"s","st":"Eleito","dvt":"V\u00e1lido","vap":"210","pvap":"   2,58"},{"seq":"63","sqcand":"100001058509","n":"22133","nm":"ANA PAULA","cc":"PL","nv":" ","e":"n","st":"N\u00e3o eleito","dvt":"V\u00e1lido","vap":"17","pvap":"   0,21"},{"seq":"6","sqcand":"100001073487","n":"12123","nm":"PROFESSOR LUCINEZIO","cc":"PDT","nv":" ","e":"s","st":"Eleito","dvt":"V\u00e1lido","vap":"333","pvap":"   4,10"},{"seq":"20","sqcand":"100001072363","n":"55678","nm":"DED\u00c9","cc":"PSD","nv":" ","e":"n","st":"Suplente","dvt":"V\u00e1lido","vap":"107","pvap":"   1,32"},{"seq":"47","sqcand":"100001249969","n":"10111","nm":"NONATO","cc":"REPUBLICANOS","nv":" ","e":"n","st":"Suplente","dvt":"V\u00e1lido","vap":"11","pvap":"   0,14"},{"seq":"72","sqcand":"100001058506","n":"22234","nm":"CARLITO SEREJO ","cc":"PL","nv":" ","e":"n","st":"N\u00e3o eleito","dvt":"V\u00e1lido","vap":"0","pvap":"00.00"},{"seq":"65","sqcand":"100001191436","n":"90123","nm":"IRM\u00c3 CONCE","cc":"PROS","nv":" ","e":"n","st":"N\u00e3o eleito","dvt":"V\u00e1lido","vap":"15","pvap":"   0,18"},{"seq":"3","sqcand":"100001249967","n":"10123","nm":"AUGUSTO ANDRADE","cc":"REPUBLICANOS","nv":" ","e":"s","st":"Eleito","dvt":"V\u00e1lido","vap":"432","pvap":"   5,32"},{"seq":"43","sqcand":"100001249971","n":"10678","nm":"SHEILA","cc":"REPUBLICANOS","nv":" ","e":"n","st":"Suplente","dvt":"V\u00e1lido","vap":"18","pvap":"   0,22"},{"seq":"21","sqcand":"100001073484","n":"12456","nm":"SOCORRO NUNES","cc":"PDT","nv":" ","e":"n","st":"Suplente","dvt":"V\u00e1lido","vap":"106","pvap":"   1,30"},{"seq":"7","sqcand":"100001073485","n":"12345","nm":"BOLA","cc":"PDT","nv":" ","e":"s","st":"Eleito","dvt":"V\u00e1lido","vap":"322","pvap":"   3,96"},{"seq":"39","sqcand":"100001249943","n":"15015","nm":"DELMA","cc":"MDB","nv":" ","e":"n","st":"Suplente","dvt":"V\u00e1lido","vap":"21","pvap":"   0,26"},{"seq":"46","sqcand":"100001249950","n":"15666","nm":"PROTEX","cc":"MDB","nv":" ","e":"n","st":"Suplente","dvt":"V\u00e1lido","vap":"12","pvap":"   0,15"},{"seq":"22","sqcand":"100001072362","n":"55111","nm":"MOZ\u00c3O","cc":"PSD","nv":" ","e":"n","st":"Suplente","dvt":"V\u00e1lido","vap":"102","pvap":"   1,26"},{"seq":"30","sqcand":"100001249946","n":"15777","nm":"DUC\u00d4","cc":"MDB","nv":" ","e":"n","st":"Suplente","dvt":"V\u00e1lido","vap":"54","pvap":"   0,66"},{"seq":"36","sqcand":"100001073492","n":"12012","nm":"CABE\u00c7A","cc":"PDT","nv":" ","e":"n","st":"Suplente","dvt":"V\u00e1lido","vap":"32","pvap":"   0,39"},{"seq":"41","sqcand":"100001249970","n":"10000","nm":"CARECA C. GRANDE","cc":"REPUBLICANOS","nv":" ","e":"n","st":"Suplente","dvt":"V\u00e1lido","vap":"20","pvap":"   0,25"},{"seq":"8","sqcand":"100001072361","n":"55789","nm":"MARCIA PESTANA","cc":"PSD","nv":" ","e":"s","st":"Eleito","dvt":"V\u00e1lido","vap":"270","pvap":"   3,32"},{"seq":"60","sqcand":"100001058508","n":"22033","nm":"MINARD","cc":"PL","nv":" ","e":"n","st":"N\u00e3o eleito","dvt":"V\u00e1lido","vap":"32","pvap":"   0,39"},{"seq":"44","sqcand":"100001258837","n":"10151","nm":"IRANILSE","cc":"REPUBLICANOS","nv":" ","e":"n","st":"Suplente","dvt":"V\u00e1lido","vap":"15","pvap":"   0,18"},{"seq":"34","sqcand":"100001249947","n":"15789","nm":"CARECA DO MUNIM","cc":"MDB","nv":" ","e":"n","st":"Suplente","dvt":"V\u00e1lido","vap":"38","pvap":"   0,47"},{"seq":"14","sqcand":"100001249942","n":"15555","nm":"SANDRO","cc":"MDB","nv":" ","e":"n","st":"Suplente","dvt":"V\u00e1lido","vap":"171","pvap":"   2,10"},{"seq":"69","sqcand":"100001058503","n":"22001","nm":"ELISABETH","cc":"PL","nv":" ","e":"n","st":"N\u00e3o eleito","dvt":"V\u00e1lido","vap":"8","pvap":"   0,10"},{"seq":"24","sqcand":"100001072359","n":"55444","nm":"Z\u00c9 DE LEL\u00c9","cc":"PSD","nv":" ","e":"n","st":"Suplente","dvt":"V\u00e1lido","vap":"89","pvap":"   1,10"},{"seq":"59","sqcand":"100001058498","n":"22022","nm":"FREDSON NAIVA ","cc":"PL","nv":" ","e":"n","st":"N\u00e3o eleito","dvt":"V\u00e1lido","vap":"32","pvap":"   0,39"},{"seq":"70","sqcand":"100001058507","n":"22221","nm":"RAIMUNDA NONATA","cc":"PL","nv":" ","e":"n","st":"N\u00e3o eleito","dvt":"V\u00e1lido","vap":"8","pvap":"   0,10"},{"seq":"2","sqcand":"100001073483","n":"12000","nm":"Z\u00c9 DE JAIME","cc":"PDT","nv":" ","e":"s","st":"Eleito","dvt":"V\u00e1lido","vap":"464","pvap":"   5,71"},{"seq":"5","sqcand":"100001249949","n":"15000","nm":"JOAQUINZINHO","cc":"MDB","nv":" ","e":"s","st":"Eleito","dvt":"V\u00e1lido","vap":"360","pvap":"   4,43"},{"seq":"52","sqcand":"100001072364","n":"55363","nm":"RITA DE CASSIA","cc":"PSD","nv":" ","e":"n","st":"Suplente","dvt":"V\u00e1lido","vap":"6","pvap":"   0,07"},{"seq":"64","sqcand":"100001191433","n":"90333","nm":"JOSEALDO ROCHA","cc":"PROS","nv":" ","e":"n","st":"N\u00e3o eleito","dvt":"V\u00e1lido","vap":"16","pvap":"   0,20"},{"seq":"25","sqcand":"100001073486","n":"12444","nm":"LEO PERIJU\u00c7ARA","cc":"PDT","nv":" ","e":"n","st":"Suplente","dvt":"V\u00e1lido","vap":"85","pvap":"   1,05"},{"seq":"50","sqcand":"100001249945","n":"15678","nm":"MARINA","cc":"MDB","nv":" ","e":"n","st":"Suplente","dvt":"V\u00e1lido","vap":"9","pvap":"   0,11"},{"seq":"40","sqcand":"100001072360","n":"55255","nm":"LEONILSON COSTA","cc":"PSD","nv":" ","e":"n","st":"Suplente","dvt":"V\u00e1lido","vap":"20","pvap":"   0,25"},{"seq":"33","sqcand":"100001249973","n":"10789","nm":"IVONETE","cc":"REPUBLICANOS","nv":" ","e":"n","st":"Suplente","dvt":"V\u00e1lido","vap":"39","pvap":"   0,48"},{"seq":"19","sqcand":"100001073489","n":"12555","nm":"MIGUEL CAMPOS","cc":"PDT","nv":" ","e":"n","st":"Suplente","dvt":"V\u00e1lido","vap":"148","pvap":"   1,82"},{"seq":"53","sqcand":"100001191353","n":"11111","nm":"LEANDRO MENDON\u00c7A","cc":"PP","nv":" ","e":"n","st":"N\u00e3o eleito","dvt":"V\u00e1lido","vap":"392","pvap":"   4,83"},{"seq":"10","sqcand":"100001249965","n":"10456","nm":"ELIAS","cc":"REPUBLICANOS","nv":" ","e":"n","st":"Suplente","dvt":"V\u00e1lido","vap":"321","pvap":"   3,95"},{"seq":"67","sqcand":"100001191350","n":"11001","nm":"JOSIVALDO","cc":"PP","nv":" ","e":"n","st":"N\u00e3o eleito","dvt":"V\u00e1lido","vap":"10","pvap":"   0,12"},{"seq":"1","sqcand":"100001073490","n":"12333","nm":"KARINE","cc":"PDT","nv":" ","e":"s","st":"Eleito","dvt":"V\u00e1lido","vap":"595","pvap":"   7,32"},{"seq":"12","sqcand":"100001249964","n":"10222","nm":"SILVIO SINDICATO","cc":"REPUBLICANOS","nv":" ","e":"n","st":"Suplente","dvt":"V\u00e1lido","vap":"262","pvap":"   3,23"},{"seq":"11","sqcand":"100001073493","n":"12222","nm":"LOUSINHO","cc":"PDT","nv":" ","e":"n","st":"Suplente","dvt":"V\u00e1lido","vap":"272","pvap":"   3,35"},{"seq":"37","sqcand":"100001249968","n":"10345","nm":"BELL","cc":"REPUBLICANOS","nv":" ","e":"n","st":"Suplente","dvt":"V\u00e1lido","vap":"29","pvap":"   0,36"},{"seq":"16","sqcand":"100001073491","n":"12369","nm":"DOMINGOS LIMA","cc":"PDT","nv":" ","e":"n","st":"Suplente","dvt":"V\u00e1lido","vap":"164","pvap":"   2,02"},{"seq":"54","sqcand":"100001191354","n":"11316","nm":"J\u00c2NIO","cc":"PP","nv":" ","e":"n","st":"N\u00e3o eleito","dvt":"V\u00e1lido","vap":"105","pvap":"   1,29"},{"seq":"71","sqcand":"100001058510","n":"22333","nm":"KATIA","cc":"PL","nv":" ","e":"n","st":"N\u00e3o eleito","dvt":"V\u00e1lido","vap":"3","pvap":"   0,04"},{"seq":"66","sqcand":"100001058500","n":"22127","nm":"JOSIVAN","cc":"PL","nv":" ","e":"n","st":"N\u00e3o eleito","dvt":"V\u00e1lido","vap":"13","pvap":"   0,16"},{"seq":"51","sqcand":"100001072358","n":"55222","nm":"NIRINHA","cc":"PSD","nv":" ","e":"n","st":"Suplente","dvt":"V\u00e1lido","vap":"8","pvap":"   0,10"},{"seq":"31","sqcand":"100001249948","n":"15151","nm":"LUIS CARLOS","cc":"MDB","nv":" ","e":"n","st":"Suplente","dvt":"V\u00e1lido","vap":"51","pvap":"   0,63"}]}
