{"ele":"426","tpabr":"mu","cdabr":"07226","carper":"13","t":"1","f":"o","dt":"15/11/2020","ht":"21:41:51","dv":"s","tf":"s","v":"9","esae":"n","mnae":"","s":"28","st":"28","pst":" 100,00","snt":"0","psnt":"   0,00","si":"28","psi":" 100,00","sni":"0","psni":"   0,00","sa":"28","psa":" 100,00","sna":"0","psna":"   0,00","e":"8620","ea":"8620","pea":" 100,00","ena":"0","pena":"   0,00","esi":"8620","pesi":" 100,00","esni":"0","pesni":"   0,00","c":"6879","pc":"  79,80","a":"1741","pa":"  20,20","vscv":"0","vnom":"6231","vl":"338","pvnom":"  94,85","pvl":"   5,15","vvc":"6767","pvvc":"  98,37","vb":"17","pvb":"   0,25","tvn":"95","ptvn":"   1,38","vn":"95","pvn":" 100,00","vnt":"0","pvnt":"   0,00","vp":"0","pvp":"   0,00","vv":"6569","pvv":"  97,07","van":"0","pvan":"   0,00","vansj":"198","pvansj":"   2,93","tv":"6879","cand":[{"seq":"40","sqcand":"100001237163","n":"15999","nm":"SANDRA","cc":"MDB","nv":" ","e":"n","st":"Suplente","dvt":"V\u00e1lido","vap":"7","pvap":"   0,10"},{"seq":"12","sqcand":"100001237161","n":"15236","nm":"DICO DE NELSON","cc":"MDB","nv":" ","e":"n","st":"Suplente","dvt":"V\u00e1lido","vap":"231","pvap":"   3,41"},{"seq":"24","sqcand":"100001237158","n":"15500","nm":"SASS\u00c1","cc":"MDB","nv":" ","e":"n","st":"Suplente","dvt":"V\u00e1lido","vap":"89","pvap":"   1,32"},{"seq":"34","sqcand":"100001237165","n":"15111","nm":"FRAN\u00c7A MORENA","cc":"MDB","nv":" ","e":"n","st":"Suplente","dvt":"V\u00e1lido","vap":"24","pvap":"   0,35"},{"seq":"48","sqcand":"100001233310","n":"12333","nm":"LOR\u00d4","cc":"PDT","nv":" ","e":"n","st":"N\u00e3o eleito","dvt":"Anulado sub judice","vap":"198","pvap":"   2,93"},{"seq":"19","sqcand":"100000673120","n":"22193","nm":"MARQUINHOS","cc":"PL","nv":" ","e":"n","st":"Suplente","dvt":"V\u00e1lido","vap":"163","pvap":"   2,41"},{"seq":"15","sqcand":"100001233309","n":"12123","nm":"NAT\u00cdLIO PINHO","cc":"PDT","nv":" ","e":"n","st":"Suplente","dvt":"V\u00e1lido","vap":"219","pvap":"   3,24"},{"seq":"47","sqcand":"100001233305","n":"12999","nm":"AURICELIA","cc":"PDT","nv":" ","e":"n","st":"Suplente","dvt":"V\u00e1lido","vap":"0","pvap":"00.00"},{"seq":"42","sqcand":"100001237170","n":"15222","nm":"CLOVES GARCIA","cc":"MDB","nv":" ","e":"n","st":"Suplente","dvt":"V\u00e1lido","vap":"3","pvap":"   0,04"},{"seq":"9","sqcand":"100000673118","n":"22200","nm":"Z\u00c9 ROCHA","cc":"PL","nv":" ","e":"s","st":"Eleito","dvt":"V\u00e1lido","vap":"214","pvap":"   3,16"},{"seq":"14","sqcand":"100001237164","n":"15333","nm":"MATEUS SILVA","cc":"MDB","nv":" ","e":"n","st":"Suplente","dvt":"V\u00e1lido","vap":"223","pvap":"   3,30"},{"seq":"27","sqcand":"100000673123","n":"22345","nm":"DUNGA","cc":"PL","nv":" ","e":"n","st":"Suplente","dvt":"V\u00e1lido","vap":"51","pvap":"   0,75"},{"seq":"22","sqcand":"100000673119","n":"22013","nm":"DOMINGOS DE ZEZ\u00c9","cc":"PL","nv":" ","e":"n","st":"Suplente","dvt":"V\u00e1lido","vap":"108","pvap":"   1,60"},{"seq":"11","sqcand":"100000673227","n":"33123","nm":"ISRAEL","cc":"PMN","nv":" ","e":"n","st":"Suplente","dvt":"V\u00e1lido","vap":"238","pvap":"   3,52"},{"seq":"36","sqcand":"100000673127","n":"22789","nm":"LURDINHA","cc":"PL","nv":" ","e":"n","st":"Suplente","dvt":"V\u00e1lido","vap":"12","pvap":"   0,18"},{"seq":"18","sqcand":"100000673128","n":"22456","nm":"GERSON","cc":"PL","nv":" ","e":"n","st":"Suplente","dvt":"V\u00e1lido","vap":"188","pvap":"   2,78"},{"seq":"39","sqcand":"100000673226","n":"33666","nm":"MARIA DO CARLOS BREGA","cc":"PMN","nv":" ","e":"n","st":"Suplente","dvt":"V\u00e1lido","vap":"8","pvap":"   0,12"},{"seq":"8","sqcand":"100001233312","n":"12345","nm":"ELVYS","cc":"PDT","nv":" ","e":"s","st":"Eleito","dvt":"V\u00e1lido","vap":"236","pvap":"   3,49"},{"seq":"13","sqcand":"100001237169","n":"15000","nm":"LEVI PINHO","cc":"MDB","nv":" ","e":"n","st":"Suplente","dvt":"V\u00e1lido","vap":"225","pvap":"   3,32"},{"seq":"46","sqcand":"100001237168","n":"15145","nm":"CRISTINA","cc":"MDB","nv":" ","e":"n","st":"Suplente","dvt":"V\u00e1lido","vap":"1","pvap":"   0,01"},{"seq":"23","sqcand":"100000673121","n":"22346","nm":"JUNIOR VIANA","cc":"PL","nv":" ","e":"n","st":"Suplente","dvt":"V\u00e1lido","vap":"94","pvap":"   1,39"},{"seq":"30","sqcand":"100000673225","n":"33222","nm":"NEIDE DO BUZ\u00c9","cc":"PMN","nv":" ","e":"n","st":"Suplente","dvt":"V\u00e1lido","vap":"40","pvap":"   0,59"},{"seq":"21","sqcand":"100000673232","n":"33456","nm":"MILA","cc":"PMN","nv":" ","e":"n","st":"Suplente","dvt":"V\u00e1lido","vap":"110","pvap":"   1,63"},{"seq":"10","sqcand":"100001237166","n":"15555","nm":"AGNALDO","cc":"MDB","nv":" ","e":"n","st":"Suplente","dvt":"V\u00e1lido","vap":"251","pvap":"   3,71"},{"seq":"6","sqcand":"100000673230","n":"33000","nm":"DANIEL","cc":"PMN","nv":" ","e":"s","st":"Eleito","dvt":"V\u00e1lido","vap":"277","pvap":"   4,09"},{"seq":"26","sqcand":"100000673231","n":"33555","nm":"JHINSAYMON","cc":"PMN","nv":" ","e":"n","st":"Suplente","dvt":"V\u00e1lido","vap":"54","pvap":"   0,80"},{"seq":"41","sqcand":"100001237162","n":"15777","nm":"GILCIARA","cc":"MDB","nv":" ","e":"n","st":"Suplente","dvt":"V\u00e1lido","vap":"6","pvap":"   0,09"},{"seq":"33","sqcand":"100000673126","n":"22111","nm":"IRINEIA","cc":"PL","nv":" ","e":"n","st":"Suplente","dvt":"V\u00e1lido","vap":"30","pvap":"   0,44"},{"seq":"45","sqcand":"100001233302","n":"12223","nm":"JOSIRENE","cc":"PDT","nv":" ","e":"n","st":"Suplente","dvt":"V\u00e1lido","vap":"1","pvap":"   0,01"},{"seq":"29","sqcand":"100001233304","n":"12234","nm":"RICARDO DA CROA GRANDE","cc":"PDT","nv":" ","e":"n","st":"Suplente","dvt":"V\u00e1lido","vap":"42","pvap":"   0,62"},{"seq":"3","sqcand":"100001262416","n":"22123","nm":"NALVA SILVA","cc":"PL","nv":" ","e":"s","st":"Eleito","dvt":"V\u00e1lido","vap":"395","pvap":"   5,84"},{"seq":"25","sqcand":"100000673122","n":"22000","nm":"DANIEL COIMBRA","cc":"PL","nv":" ","e":"n","st":"Suplente","dvt":"V\u00e1lido","vap":"86","pvap":"   1,27"},{"seq":"16","sqcand":"100001233306","n":"12111","nm":"DANIEL SIM\u00c3O","cc":"PDT","nv":" ","e":"n","st":"Suplente","dvt":"V\u00e1lido","vap":"215","pvap":"   3,18"},{"seq":"4","sqcand":"100001237159","n":"15123","nm":"RAIMUNDINHO","cc":"MDB","nv":" ","e":"s","st":"Eleito","dvt":"V\u00e1lido","vap":"379","pvap":"   5,60"},{"seq":"35","sqcand":"100001233307","n":"12452","nm":"ANA ARLETE","cc":"PDT","nv":" ","e":"n","st":"Suplente","dvt":"V\u00e1lido","vap":"22","pvap":"   0,33"},{"seq":"5","sqcand":"100001237160","n":"15678","nm":"DARLAN FILHO DE FERNANDO","cc":"MDB","nv":" ","e":"s","st":"Eleito","dvt":"V\u00e1lido","vap":"283","pvap":"   4,18"},{"seq":"31","sqcand":"100000673229","n":"33243","nm":"CARLINHOS","cc":"PMN","nv":" ","e":"n","st":"Suplente","dvt":"V\u00e1lido","vap":"34","pvap":"   0,50"},{"seq":"20","sqcand":"100000673233","n":"33789","nm":"Z\u00c9 ANTONIO","cc":"PMN","nv":" ","e":"n","st":"Suplente","dvt":"V\u00e1lido","vap":"147","pvap":"   2,17"},{"seq":"2","sqcand":"100001233303","n":"12222","nm":"FERNANDO DE JO\u00c3O PINCHA","cc":"PDT","nv":" ","e":"s","st":"Eleito","dvt":"V\u00e1lido","vap":"470","pvap":"   6,95"},{"seq":"17","sqcand":"100001233301","n":"12000","nm":"JOSEPHINE","cc":"PDT","nv":" ","e":"n","st":"Suplente","dvt":"V\u00e1lido","vap":"197","pvap":"   2,91"},{"seq":"44","sqcand":"100001233311","n":"12777","nm":"ROBERTH","cc":"PDT","nv":" ","e":"n","st":"Suplente","dvt":"V\u00e1lido","vap":"3","pvap":"   0,04"},{"seq":"37","sqcand":"100000673228","n":"33444","nm":"TOMAZ","cc":"PMN","nv":" ","e":"n","st":"Suplente","dvt":"V\u00e1lido","vap":"9","pvap":"   0,13"},{"seq":"38","sqcand":"100001233308","n":"12678","nm":"PROFESSORA LUCINHA","cc":"PDT","nv":" ","e":"n","st":"Suplente","dvt":"V\u00e1lido","vap":"8","pvap":"   0,12"},{"seq":"7","sqcand":"100000673224","n":"33333","nm":"ADRIANO MUNIZ","cc":"PMN","nv":" ","e":"s","st":"Eleito","dvt":"V\u00e1lido","vap":"266","pvap":"   3,93"},{"seq":"1","sqcand":"100000673129","n":"22222","nm":"CESINHA","cc":"PL","nv":" ","e":"s","st":"Eleito","dvt":"V\u00e1lido","vap":"486","pvap":"   7,18"},{"seq":"32","sqcand":"100000673117","n":"22003","nm":"ZE MARIA","cc":"PL","nv":" ","e":"n","st":"Suplente","dvt":"V\u00e1lido","vap":"32","pvap":"   0,47"},{"seq":"43","sqcand":"100001233300","n":"12555","nm":"KEK\u00c9","cc":"PDT","nv":" ","e":"n","st":"Suplente","dvt":"V\u00e1lido","vap":"3","pvap":"   0,04"},{"seq":"28","sqcand":"100000673125","n":"22333","nm":"PALOMA REIS","cc":"PL","nv":" ","e":"n","st":"Suplente","dvt":"V\u00e1lido","vap":"51","pvap":"   0,75"}]}
