{"ele":"426","tpabr":"mu","cdabr":"07315","carper":"13","t":"1","f":"o","dt":"15/11/2020","ht":"22:17:45","dv":"s","tf":"s","v":"17","esae":"n","mnae":"","s":"183","st":"183","pst":" 100,00","snt":"0","psnt":"   0,00","si":"183","psi":" 100,00","sni":"0","psni":"   0,00","sa":"183","psa":" 100,00","sna":"0","psna":"   0,00","e":"56807","ea":"56807","pea":" 100,00","ena":"0","pena":"   0,00","esi":"56807","pesi":" 100,00","esni":"0","pesni":"   0,00","c":"45290","pc":"  79,73","a":"11517","pa":"  20,27","vscv":"0","vnom":"41347","vl":"2481","pvnom":"  94,34","pvl":"   5,66","vvc":"43830","pvvc":"  96,78","vb":"479","pvb":"   1,05","tvn":"981","ptvn":"   2,17","vn":"981","pvn":" 100,00","vnt":"0","pvnt":"   0,00","vp":"0","pvp":"   0,00","vv":"43828","pvv":" 100,00","van":"0","pvan":"   0,00","vansj":"2","pvansj":"   0,00","tv":"45290","cand":[{"seq":"152","sqcand":"100000670531","n":"28789","nm":"RAIMUNDO CLEMENTE","cc":"PRTB","nv":" ","e":"n","st":"Suplente","dvt":"V\u00e1lido","vap":"0","pvap":"00.00"},{"seq":"155","sqcand":"100000670539","n":"28880","nm":"IURE DO ESPETO","cc":"PRTB","nv":" ","e":"n","st":"Suplente","dvt":"V\u00e1lido","vap":"0","pvap":"00.00"},{"seq":"20","sqcand":"100000659729","n":"15123","nm":"JAINE MILHOMEM","cc":"MDB","nv":" ","e":"n","st":"Suplente","dvt":"V\u00e1lido","vap":"930","pvap":"   2,12"},{"seq":"71","sqcand":"100000670435","n":"22444","nm":"PROF JOAB FERREIRA","cc":"PL","nv":" ","e":"n","st":"Suplente","dvt":"V\u00e1lido","vap":"85","pvap":"   0,19"},{"seq":"66","sqcand":"100000670522","n":"28333","nm":"PROF NERI VIEIRA","cc":"PRTB","nv":" ","e":"n","st":"Suplente","dvt":"V\u00e1lido","vap":"90","pvap":"   0,21"},{"seq":"59","sqcand":"100000659547","n":"10777","nm":"JAYDIANA MIRANDA","cc":"REPUBLICANOS","nv":" ","e":"n","st":"Suplente","dvt":"V\u00e1lido","vap":"120","pvap":"   0,27"},{"seq":"154","sqcand":"100000670527","n":"28234","nm":"MAKSWELL MELO","cc":"PRTB","nv":" ","e":"n","st":"Suplente","dvt":"V\u00e1lido","vap":"0","pvap":"00.00"},{"seq":"91","sqcand":"100000659730","n":"15444","nm":"ZE WILSON","cc":"MDB","nv":" ","e":"n","st":"Suplente","dvt":"V\u00e1lido","vap":"36","pvap":"   0,08"},{"seq":"168","sqcand":"100001099649","n":"20789","nm":"ROGACIANO LACERDA","cc":"PSC","nv":" ","e":"n","st":"N\u00e3o eleito","dvt":"V\u00e1lido","vap":"25","pvap":"   0,06"},{"seq":"52","sqcand":"100000659612","n":"45789","nm":"JO\u00c3O BALADEIRA","cc":"PSDB","nv":" ","e":"n","st":"Suplente","dvt":"V\u00e1lido","vap":"144","pvap":"   0,33"},{"seq":"179","sqcand":"100001268332","n":"20100","nm":"DEUSANIRA VENTURA","cc":"PSC","nv":" ","e":"n","st":"N\u00e3o eleito","dvt":"V\u00e1lido","vap":"0","pvap":"00.00"},{"seq":"74","sqcand":"100000659613","n":"45258","nm":"JANE REIS","cc":"PSDB","nv":" ","e":"n","st":"Suplente","dvt":"V\u00e1lido","vap":"79","pvap":"   0,18"},{"seq":"84","sqcand":"100000826439","n":"17200","nm":"LUZINETE MENEZES","cc":"PSL","nv":" ","e":"n","st":"Suplente","dvt":"V\u00e1lido","vap":"53","pvap":"   0,12"},{"seq":"119","sqcand":"100000659728","n":"15150","nm":"EDJANE SOARES","cc":"MDB","nv":" ","e":"n","st":"Suplente","dvt":"V\u00e1lido","vap":"16","pvap":"   0,04"},{"seq":"133","sqcand":"100000826438","n":"17115","nm":"ERINALVA","cc":"PSL","nv":" ","e":"n","st":"Suplente","dvt":"V\u00e1lido","vap":"8","pvap":"   0,02"},{"seq":"42","sqcand":"100001242016","n":"77789","nm":"CHIQUIM DO SESP","cc":"SOLIDARIEDADE","nv":" ","e":"n","st":"Suplente","dvt":"V\u00e1lido","vap":"296","pvap":"   0,68"},{"seq":"58","sqcand":"100000826444","n":"17123","nm":"EDSON MORAIS","cc":"PSL","nv":" ","e":"n","st":"Suplente","dvt":"V\u00e1lido","vap":"121","pvap":"   0,28"},{"seq":"15","sqcand":"100000659563","n":"10100","nm":"IZA BATISTA","cc":"REPUBLICANOS","nv":" ","e":"s","st":"Eleito","dvt":"V\u00e1lido","vap":"786","pvap":"   1,79"},{"seq":"60","sqcand":"100000659554","n":"10345","nm":"SONIA C\u00c2NDIDA","cc":"REPUBLICANOS","nv":" ","e":"n","st":"Suplente","dvt":"V\u00e1lido","vap":"116","pvap":"   0,26"},{"seq":"149","sqcand":"100000826443","n":"17555","nm":"SEBASTI\u00c3O CALIXTO","cc":"PSL","nv":" ","e":"n","st":"Suplente","dvt":"V\u00e1lido","vap":"0","pvap":"00.00"},{"seq":"8","sqcand":"100000659610","n":"45000","nm":"AUREAN BARBALHO","cc":"PSDB","nv":" ","e":"s","st":"Eleito","dvt":"V\u00e1lido","vap":"1183","pvap":"   2,70"},{"seq":"138","sqcand":"100000659619","n":"45333","nm":"LUCAS NOBRE","cc":"PSDB","nv":" ","e":"n","st":"Suplente","dvt":"V\u00e1lido","vap":"6","pvap":"   0,01"},{"seq":"131","sqcand":"100000826442","n":"17300","nm":"MAURO DO LANCHE","cc":"PSL","nv":" ","e":"n","st":"Suplente","dvt":"V\u00e1lido","vap":"9","pvap":"   0,02"},{"seq":"45","sqcand":"100001242017","n":"77456","nm":"PROFESSOR ROBERTO","cc":"SOLIDARIEDADE","nv":" ","e":"n","st":"Suplente","dvt":"V\u00e1lido","vap":"270","pvap":"   0,62"},{"seq":"49","sqcand":"100000670438","n":"22400","nm":"JOCASTA LIMA","cc":"PL","nv":" ","e":"n","st":"Suplente","dvt":"V\u00e1lido","vap":"161","pvap":"   0,37"},{"seq":"103","sqcand":"100000826434","n":"17234","nm":"O AMIG\u00c3O","cc":"PSL","nv":" ","e":"n","st":"Suplente","dvt":"V\u00e1lido","vap":"25","pvap":"   0,06"},{"seq":"124","sqcand":"100000659559","n":"10789","nm":"ANNA KALYNE","cc":"REPUBLICANOS","nv":" ","e":"n","st":"Suplente","dvt":"V\u00e1lido","vap":"13","pvap":"   0,03"},{"seq":"153","sqcand":"100001263157","n":"23600","nm":"CELSON RADIJA","cc":"CIDADANIA","nv":" ","e":"n","st":"Suplente","dvt":"V\u00e1lido","vap":"0","pvap":"00.00"},{"seq":"165","sqcand":"100001099652","n":"20222","nm":"BENERVAL ARAUJO","cc":"PSC","nv":" ","e":"n","st":"N\u00e3o eleito","dvt":"V\u00e1lido","vap":"67","pvap":"   0,15"},{"seq":"147","sqcand":"100000670538","n":"28198","nm":"CHARLES ELETRICISTA","cc":"PRTB","nv":" ","e":"n","st":"Suplente","dvt":"V\u00e1lido","vap":"1","pvap":"   0,00"},{"seq":"2","sqcand":"100001002736","n":"12300","nm":"VAN COSTA","cc":"PDT","nv":" ","e":"s","st":"Eleito","dvt":"V\u00e1lido","vap":"1496","pvap":"   3,41"},{"seq":"143","sqcand":"100001242021","n":"77888","nm":"CARLITO SANTOS","cc":"SOLIDARIEDADE","nv":" ","e":"n","st":"Suplente","dvt":"V\u00e1lido","vap":"2","pvap":"   0,00"},{"seq":"56","sqcand":"100001261980","n":"65123","nm":"IRM\u00c3O ANDRE MORAIS","cc":"PC do B","nv":" ","e":"n","st":"Suplente","dvt":"V\u00e1lido","vap":"127","pvap":"   0,29"},{"seq":"44","sqcand":"100001002732","n":"12012","nm":"EZEQUIEL SIOLI","cc":"PDT","nv":" ","e":"n","st":"Suplente","dvt":"V\u00e1lido","vap":"285","pvap":"   0,65"},{"seq":"57","sqcand":"100000659606","n":"45100","nm":"DU SANTOS","cc":"PSDB","nv":" ","e":"n","st":"Suplente","dvt":"V\u00e1lido","vap":"122","pvap":"   0,28"},{"seq":"156","sqcand":"100000670525","n":"28288","nm":"IRM\u00c3O SIDNEY","cc":"PRTB","nv":" ","e":"n","st":"Suplente","dvt":"V\u00e1lido","vap":"0","pvap":"00.00"},{"seq":"167","sqcand":"100001099645","n":"20120","nm":"RAYGL\u00c3 BARROS","cc":"PSC","nv":" ","e":"n","st":"N\u00e3o eleito","dvt":"V\u00e1lido","vap":"39","pvap":"   0,09"},{"seq":"36","sqcand":"100000670426","n":"22345","nm":"CHIQUIM LEITE","cc":"PL","nv":" ","e":"n","st":"Suplente","dvt":"V\u00e1lido","vap":"374","pvap":"   0,85"},{"seq":"72","sqcand":"100000980985","n":"65000","nm":"JUSAN EGSON","cc":"PC do B","nv":" ","e":"n","st":"Suplente","dvt":"V\u00e1lido","vap":"84","pvap":"   0,19"},{"seq":"41","sqcand":"100000659557","n":"10123","nm":"PROFESSOR JUNIOR","cc":"REPUBLICANOS","nv":" ","e":"n","st":"Suplente","dvt":"V\u00e1lido","vap":"312","pvap":"   0,71"},{"seq":"108","sqcand":"100000659604","n":"45777","nm":"MORENA","cc":"PSDB","nv":" ","e":"n","st":"Suplente","dvt":"V\u00e1lido","vap":"20","pvap":"   0,05"},{"seq":"4","sqcand":"100000659553","n":"10222","nm":"BRANCA","cc":"REPUBLICANOS","nv":" ","e":"s","st":"Eleito","dvt":"V\u00e1lido","vap":"1417","pvap":"   3,23"},{"seq":"139","sqcand":"100001267898","n":"17007","nm":"TAYRINE MIRANDA","cc":"PSL","nv":" ","e":"n","st":"Suplente","dvt":"V\u00e1lido","vap":"5","pvap":"   0,01"},{"seq":"101","sqcand":"100000670540","n":"28456","nm":"SARGENTA TELMA","cc":"PRTB","nv":" ","e":"n","st":"Suplente","dvt":"V\u00e1lido","vap":"28","pvap":"   0,06"},{"seq":"97","sqcand":"100001242022","n":"77444","nm":"NAGILSON PONTES","cc":"SOLIDARIEDADE","nv":" ","e":"n","st":"Suplente","dvt":"V\u00e1lido","vap":"31","pvap":"   0,07"},{"seq":"150","sqcand":"100000670535","n":"28777","nm":"CARL\u00c3O BANDEIRA","cc":"PRTB","nv":" ","e":"n","st":"Suplente","dvt":"V\u00e1lido","vap":"0","pvap":"00.00"},{"seq":"50","sqcand":"100000659607","n":"45678","nm":"IRM\u00c3O FILHO","cc":"PSDB","nv":" ","e":"n","st":"Suplente","dvt":"V\u00e1lido","vap":"156","pvap":"   0,36"},{"seq":"86","sqcand":"100000826427","n":"17333","nm":"ASTROGILDO MELO","cc":"PSL","nv":" ","e":"n","st":"Suplente","dvt":"V\u00e1lido","vap":"49","pvap":"   0,11"},{"seq":"125","sqcand":"100000980986","n":"65321","nm":"PRETINHA DO CACHORRO QUENTE","cc":"PC do B","nv":" ","e":"n","st":"Suplente","dvt":"V\u00e1lido","vap":"12","pvap":"   0,03"},{"seq":"166","sqcand":"100001241696","n":"18123","nm":"JT MOTOTAXI","cc":"REDE","nv":" ","e":"n","st":"N\u00e3o eleito","dvt":"V\u00e1lido","vap":"54","pvap":"   0,12"},{"seq":"19","sqcand":"100001002734","n":"12345","nm":"KASSI POMPEU","cc":"PDT","nv":" ","e":"n","st":"Suplente","dvt":"V\u00e1lido","vap":"1325","pvap":"   3,02"},{"seq":"28","sqcand":"100000659615","n":"45123","nm":"JULIANA FREITAS","cc":"PSDB","nv":" ","e":"n","st":"Suplente","dvt":"V\u00e1lido","vap":"623","pvap":"   1,42"},{"seq":"23","sqcand":"100000670431","n":"22200","nm":"PROF  JAILE","cc":"PL","nv":" ","e":"n","st":"Suplente","dvt":"V\u00e1lido","vap":"725","pvap":"   1,65"},{"seq":"122","sqcand":"100001242011","n":"77321","nm":"MAYARA","cc":"SOLIDARIEDADE","nv":" ","e":"n","st":"Suplente","dvt":"V\u00e1lido","vap":"15","pvap":"   0,03"},{"seq":"38","sqcand":"100000659614","n":"45111","nm":"EDNA DANTAS","cc":"PSDB","nv":" ","e":"n","st":"Suplente","dvt":"V\u00e1lido","vap":"358","pvap":"   0,82"},{"seq":"100","sqcand":"100001002735","n":"12122","nm":"SENNA ARA\u00daJO","cc":"PDT","nv":" ","e":"n","st":"Suplente","dvt":"V\u00e1lido","vap":"29","pvap":"   0,07"},{"seq":"64","sqcand":"100000826441","n":"17500","nm":"CIRIACO","cc":"PSL","nv":" ","e":"n","st":"Suplente","dvt":"V\u00e1lido","vap":"101","pvap":"   0,23"},{"seq":"46","sqcand":"100001241979","n":"23190","nm":"SOLDADO COELHO","cc":"CIDADANIA","nv":" ","e":"n","st":"Suplente","dvt":"V\u00e1lido","vap":"240","pvap":"   0,55"},{"seq":"40","sqcand":"100000659726","n":"15678","nm":"PAULINHO SILVA","cc":"MDB","nv":" ","e":"n","st":"Suplente","dvt":"V\u00e1lido","vap":"320","pvap":"   0,73"},{"seq":"132","sqcand":"100000826435","n":"17456","nm":"EDVAM MOTO TAXI","cc":"PSL","nv":" ","e":"n","st":"Suplente","dvt":"V\u00e1lido","vap":"9","pvap":"   0,02"},{"seq":"69","sqcand":"100000980990","n":"65213","nm":"MARIO PEREIRA","cc":"PC do B","nv":" ","e":"n","st":"Suplente","dvt":"V\u00e1lido","vap":"87","pvap":"   0,20"},{"seq":"81","sqcand":"100000659566","n":"10110","nm":"RIBA DOIS RIOS","cc":"REPUBLICANOS","nv":" ","e":"n","st":"Suplente","dvt":"V\u00e1lido","vap":"59","pvap":"   0,13"},{"seq":"159","sqcand":"100001099638","n":"20456","nm":"DORA NOGUEIRA","cc":"PSC","nv":" ","e":"n","st":"N\u00e3o eleito","dvt":"V\u00e1lido","vap":"283","pvap":"   0,65"},{"seq":"173","sqcand":"100000659803","n":"13123","nm":"PROFESSORA FRANCISCA PIRES","cc":"PT","nv":" ","e":"n","st":"N\u00e3o eleito","dvt":"Anulado sub judice","vap":"2","pvap":"   0,00"},{"seq":"63","sqcand":"100000826431","n":"17890","nm":"ZE AMERICANO","cc":"PSL","nv":" ","e":"n","st":"Suplente","dvt":"V\u00e1lido","vap":"101","pvap":"   0,23"},{"seq":"176","sqcand":"100000670524","n":"28110","nm":"INDIO","cc":"PRTB","nv":" ","e":"n","st":"N\u00e3o eleito","dvt":"Anulado sub judice","vap":"0","pvap":"00.00"},{"seq":"129","sqcand":"100000659611","n":"45369","nm":"MANJUR\u00c3O DO POV\u00c3O","cc":"PSDB","nv":" ","e":"n","st":"Suplente","dvt":"V\u00e1lido","vap":"10","pvap":"   0,02"},{"seq":"17","sqcand":"100000670528","n":"28000","nm":"ANTONIO TAVARES","cc":"PRTB","nv":" ","e":"s","st":"Eleito","dvt":"V\u00e1lido","vap":"635","pvap":"   1,45"},{"seq":"82","sqcand":"100000659562","n":"10200","nm":"NEN\u00c9M","cc":"REPUBLICANOS","nv":" ","e":"n","st":"Suplente","dvt":"V\u00e1lido","vap":"56","pvap":"   0,13"},{"seq":"134","sqcand":"100000670526","n":"28200","nm":"EDINHO BOC\u00c3O","cc":"PRTB","nv":" ","e":"n","st":"Suplente","dvt":"V\u00e1lido","vap":"8","pvap":"   0,02"},{"seq":"102","sqcand":"100000826430","n":"17017","nm":"KAIANA POMPEU","cc":"PSL","nv":" ","e":"n","st":"Suplente","dvt":"V\u00e1lido","vap":"28","pvap":"   0,06"},{"seq":"10","sqcand":"100001241984","n":"23000","nm":"RAFAEL VILI","cc":"CIDADANIA","nv":" ","e":"s","st":"Eleito","dvt":"V\u00e1lido","vap":"935","pvap":"   2,13"},{"seq":"158","sqcand":"100001099641","n":"20800","nm":"MARIANO NETO","cc":"PSC","nv":" ","e":"n","st":"N\u00e3o eleito","dvt":"V\u00e1lido","vap":"382","pvap":"   0,87"},{"seq":"94","sqcand":"100000980984","n":"65100","nm":"RAIMUNDO MOTO-TAXI","cc":"PC do B","nv":" ","e":"n","st":"Suplente","dvt":"V\u00e1lido","vap":"34","pvap":"   0,08"},{"seq":"142","sqcand":"100001266542","n":"77200","nm":"SANDRA TORRES","cc":"SOLIDARIEDADE","nv":" ","e":"n","st":"Suplente","dvt":"V\u00e1lido","vap":"3","pvap":"   0,01"},{"seq":"65","sqcand":"100000826436","n":"17100","nm":"JOSELIO ARAUJO","cc":"PSL","nv":" ","e":"n","st":"Suplente","dvt":"V\u00e1lido","vap":"100","pvap":"   0,23"},{"seq":"137","sqcand":"100001242019","n":"77300","nm":"IVANETE CARVALHO","cc":"SOLIDARIEDADE","nv":" ","e":"n","st":"Suplente","dvt":"V\u00e1lido","vap":"6","pvap":"   0,01"},{"seq":"121","sqcand":"100000670533","n":"28500","nm":"PAULO CUSCUZ","cc":"PRTB","nv":" ","e":"n","st":"Suplente","dvt":"V\u00e1lido","vap":"16","pvap":"   0,04"},{"seq":"51","sqcand":"100001242020","n":"77777","nm":"MAX LEAL","cc":"SOLIDARIEDADE","nv":" ","e":"n","st":"Suplente","dvt":"V\u00e1lido","vap":"153","pvap":"   0,35"},{"seq":"151","sqcand":"100001266538","n":"23023","nm":"ELOISA MOTA","cc":"CIDADANIA","nv":" ","e":"n","st":"Suplente","dvt":"V\u00e1lido","vap":"0","pvap":"00.00"},{"seq":"16","sqcand":"100000980983","n":"65800","nm":"PAULIM BANDEIRA","cc":"PC do B","nv":" ","e":"s","st":"Eleito","dvt":"V\u00e1lido","vap":"682","pvap":"   1,56"},{"seq":"90","sqcand":"100000659617","n":"45456","nm":"RAFAELA ZEFERINO","cc":"PSDB","nv":" ","e":"n","st":"Suplente","dvt":"V\u00e1lido","vap":"37","pvap":"   0,08"},{"seq":"70","sqcand":"100001242007","n":"77111","nm":"JR PIMENTEL","cc":"SOLIDARIEDADE","nv":" ","e":"n","st":"Suplente","dvt":"V\u00e1lido","vap":"86","pvap":"   0,20"},{"seq":"11","sqcand":"100000670434","n":"22222","nm":"RAMON DO PADEIRO","cc":"PL","nv":" ","e":"s","st":"Eleito","dvt":"V\u00e1lido","vap":"879","pvap":"   2,01"},{"seq":"87","sqcand":"100000659618","n":"45234","nm":"MARLON DIOGO","cc":"PSDB","nv":" ","e":"n","st":"Suplente","dvt":"V\u00e1lido","vap":"48","pvap":"   0,11"},{"seq":"79","sqcand":"100000659732","n":"15321","nm":"BRUNA ABEN\u00c7OADA","cc":"MDB","nv":" ","e":"n","st":"Suplente","dvt":"V\u00e1lido","vap":"66","pvap":"   0,15"},{"seq":"21","sqcand":"100001241988","n":"23111","nm":"CIRLEI PEREIRA","cc":"CIDADANIA","nv":" ","e":"n","st":"Suplente","dvt":"V\u00e1lido","vap":"832","pvap":"   1,90"},{"seq":"31","sqcand":"100001002737","n":"12111","nm":"RAIMUNDO DA RODOVI\u00c1RIA","cc":"PDT","nv":" ","e":"n","st":"Suplente","dvt":"V\u00e1lido","vap":"479","pvap":"   1,09"},{"seq":"113","sqcand":"100001242014","n":"77500","nm":"ARMANDO BARROS","cc":"SOLIDARIEDADE","nv":" ","e":"n","st":"Suplente","dvt":"V\u00e1lido","vap":"19","pvap":"   0,04"},{"seq":"33","sqcand":"100000826437","n":"17000","nm":"ALCENOR NUNES","cc":"PSL","nv":" ","e":"n","st":"Suplente","dvt":"V\u00e1lido","vap":"431","pvap":"   0,98"},{"seq":"62","sqcand":"100000670532","n":"28111","nm":"MAX LIMA DO ESPORTE","cc":"PRTB","nv":" ","e":"n","st":"Suplente","dvt":"V\u00e1lido","vap":"112","pvap":"   0,26"},{"seq":"89","sqcand":"100001263158","n":"23200","nm":"PROFESSORA LUCIMERE PEDRINO","cc":"CIDADANIA","nv":" ","e":"n","st":"Suplente","dvt":"V\u00e1lido","vap":"40","pvap":"   0,09"},{"seq":"178","sqcand":"100001271114","n":"18100","nm":"BEATRIZ ALMEIDA","cc":"REDE","nv":" ","e":"n","st":"N\u00e3o eleito","dvt":"Anulado sub judice","vap":"0","pvap":"00.00"},{"seq":"170","sqcand":"100001099650","n":"20123","nm":"NILSON LUZ","cc":"PSC","nv":" ","e":"n","st":"N\u00e3o eleito","dvt":"V\u00e1lido","vap":"16","pvap":"   0,04"},{"seq":"43","sqcand":"100000659552","n":"10000","nm":"MOZART DA UNILLAR","cc":"REPUBLICANOS","nv":" ","e":"n","st":"Suplente","dvt":"V\u00e1lido","vap":"289","pvap":"   0,66"},{"seq":"104","sqcand":"100000826429","n":"17510","nm":"ZE DO BRAZ","cc":"PSL","nv":" ","e":"n","st":"Suplente","dvt":"V\u00e1lido","vap":"22","pvap":"   0,05"},{"seq":"111","sqcand":"100001241985","n":"23800","nm":"IRAN RAMOS","cc":"CIDADANIA","nv":" ","e":"n","st":"Suplente","dvt":"V\u00e1lido","vap":"20","pvap":"   0,05"},{"seq":"83","sqcand":"100000659609","n":"45147","nm":"MARCIO DO TIUBA","cc":"PSDB","nv":" ","e":"n","st":"Suplente","dvt":"V\u00e1lido","vap":"54","pvap":"   0,12"},{"seq":"118","sqcand":"100000659605","n":"45555","nm":"WELLITON SOUSA","cc":"PSDB","nv":" ","e":"n","st":"Suplente","dvt":"V\u00e1lido","vap":"17","pvap":"   0,04"},{"seq":"98","sqcand":"100000659555","n":"10300","nm":"RICARDO REIS","cc":"REPUBLICANOS","nv":" ","e":"n","st":"Suplente","dvt":"V\u00e1lido","vap":"30","pvap":"   0,07"},{"seq":"107","sqcand":"100000659564","n":"10321","nm":"MESQUITA LOCUTOR","cc":"REPUBLICANOS","nv":" ","e":"n","st":"Suplente","dvt":"V\u00e1lido","vap":"20","pvap":"   0,05"},{"seq":"128","sqcand":"100000670536","n":"28444","nm":"PROF FRANCISQUINHA","cc":"PRTB","nv":" ","e":"n","st":"Suplente","dvt":"V\u00e1lido","vap":"10","pvap":"   0,02"},{"seq":"25","sqcand":"100000670425","n":"22000","nm":"PROFESSOR RAMON","cc":"PL","nv":" ","e":"n","st":"Suplente","dvt":"V\u00e1lido","vap":"655","pvap":"   1,49"},{"seq":"67","sqcand":"100000659722","n":"15456","nm":"CHICO DO FUXICO","cc":"MDB","nv":" ","e":"n","st":"Suplente","dvt":"V\u00e1lido","vap":"90","pvap":"   0,21"},{"seq":"88","sqcand":"100000659567","n":"10111","nm":"MARIA MENDES","cc":"REPUBLICANOS","nv":" ","e":"n","st":"Suplente","dvt":"V\u00e1lido","vap":"44","pvap":"   0,10"},{"seq":"53","sqcand":"100000826426","n":"17777","nm":"GENESIO BATISTA","cc":"PSL","nv":" ","e":"n","st":"Suplente","dvt":"V\u00e1lido","vap":"134","pvap":"   0,31"},{"seq":"73","sqcand":"100000670424","n":"22789","nm":"TAMIRES VIANA","cc":"PL","nv":" ","e":"n","st":"Suplente","dvt":"V\u00e1lido","vap":"81","pvap":"   0,18"},{"seq":"26","sqcand":"100000980991","n":"65200","nm":"GRA\u00c7A DO IVAN","cc":"PC do B","nv":" ","e":"n","st":"Suplente","dvt":"V\u00e1lido","vap":"653","pvap":"   1,49"},{"seq":"136","sqcand":"100000826446","n":"17070","nm":"GORETE TURISMO","cc":"PSL","nv":" ","e":"n","st":"Suplente","dvt":"V\u00e1lido","vap":"6","pvap":"   0,01"},{"seq":"12","sqcand":"100000659551","n":"10555","nm":"PROFESSOR ABRA\u00c3O","cc":"REPUBLICANOS","nv":" ","e":"s","st":"Eleito","dvt":"V\u00e1lido","vap":"823","pvap":"   1,88"},{"seq":"32","sqcand":"100000670534","n":"28222","nm":"ROSALVA CARNEIRO","cc":"PRTB","nv":" ","e":"n","st":"Suplente","dvt":"V\u00e1lido","vap":"458","pvap":"   1,04"},{"seq":"85","sqcand":"100000670439","n":"22900","nm":"FRANCISCA LOPES","cc":"PL","nv":" ","e":"n","st":"Suplente","dvt":"V\u00e1lido","vap":"52","pvap":"   0,12"},{"seq":"14","sqcand":"100000670429","n":"22123","nm":"DED\u00c9 DO POVO","cc":"PL","nv":" ","e":"s","st":"Eleito","dvt":"V\u00e1lido","vap":"786","pvap":"   1,79"},{"seq":"164","sqcand":"100001099651","n":"20111","nm":"MARIO CARVALHO","cc":"PSC","nv":" ","e":"n","st":"N\u00e3o eleito","dvt":"V\u00e1lido","vap":"95","pvap":"   0,22"},{"seq":"61","sqcand":"100000670427","n":"22555","nm":"VAV\u00c1 MACEDO","cc":"PL","nv":" ","e":"n","st":"Suplente","dvt":"V\u00e1lido","vap":"114","pvap":"   0,26"},{"seq":"160","sqcand":"100001099642","n":"20777","nm":"ADOALDO ANDRADE","cc":"PSC","nv":" ","e":"n","st":"N\u00e3o eleito","dvt":"V\u00e1lido","vap":"201","pvap":"   0,46"},{"seq":"162","sqcand":"100001099640","n":"20258","nm":"FABIN DO BAR","cc":"PSC","nv":" ","e":"n","st":"N\u00e3o eleito","dvt":"V\u00e1lido","vap":"152","pvap":"   0,35"},{"seq":"110","sqcand":"100000826432","n":"17226","nm":"GERSON ROMULO","cc":"PSL","nv":" ","e":"n","st":"Suplente","dvt":"V\u00e1lido","vap":"20","pvap":"   0,05"},{"seq":"78","sqcand":"100000670436","n":"22456","nm":"LUSENI DO MURR\u00c3O","cc":"PL","nv":" ","e":"n","st":"Suplente","dvt":"V\u00e1lido","vap":"68","pvap":"   0,16"},{"seq":"135","sqcand":"100001241986","n":"23100","nm":"IRM\u00c3O HIR\u00c3","cc":"CIDADANIA","nv":" ","e":"n","st":"Suplente","dvt":"V\u00e1lido","vap":"7","pvap":"   0,02"},{"seq":"112","sqcand":"100001241980","n":"23500","nm":"JHERSYKA MILHOMEM","cc":"CIDADANIA","nv":" ","e":"n","st":"Suplente","dvt":"V\u00e1lido","vap":"20","pvap":"   0,05"},{"seq":"144","sqcand":"100001241981","n":"23234","nm":"ANDREIA DE JESUS","cc":"CIDADANIA","nv":" ","e":"n","st":"Suplente","dvt":"V\u00e1lido","vap":"2","pvap":"   0,00"},{"seq":"99","sqcand":"100001242012","n":"77809","nm":"ASTROGILDO","cc":"SOLIDARIEDADE","nv":" ","e":"n","st":"Suplente","dvt":"V\u00e1lido","vap":"29","pvap":"   0,07"},{"seq":"171","sqcand":"100001099653","n":"20333","nm":"ROSA GOMES","cc":"PSC","nv":" ","e":"n","st":"N\u00e3o eleito","dvt":"V\u00e1lido","vap":"6","pvap":"   0,01"},{"seq":"39","sqcand":"100000670428","n":"22022","nm":"FEI DO CLEMENTE","cc":"PL","nv":" ","e":"n","st":"Suplente","dvt":"V\u00e1lido","vap":"321","pvap":"   0,73"},{"seq":"7","sqcand":"100001002738","n":"12000","nm":"MONIQUE SAMPAIO","cc":"PDT","nv":" ","e":"s","st":"Eleito","dvt":"V\u00e1lido","vap":"1338","pvap":"   3,05"},{"seq":"117","sqcand":"100000670432","n":"22111","nm":"EDIVAN DE SOUSA","cc":"PL","nv":" ","e":"n","st":"Suplente","dvt":"V\u00e1lido","vap":"18","pvap":"   0,04"},{"seq":"109","sqcand":"100000670430","n":"22888","nm":"CLEBSON GAGUIM","cc":"PL","nv":" ","e":"n","st":"Suplente","dvt":"V\u00e1lido","vap":"20","pvap":"   0,05"},{"seq":"5","sqcand":"100001242008","n":"77800","nm":"PEDRO DA MELANCIA","cc":"SOLIDARIEDADE","nv":" ","e":"s","st":"Eleito","dvt":"V\u00e1lido","vap":"1365","pvap":"   3,11"},{"seq":"123","sqcand":"100001242009","n":"77085","nm":"ILDA REBEQUEIRA","cc":"SOLIDARIEDADE","nv":" ","e":"n","st":"Suplente","dvt":"V\u00e1lido","vap":"13","pvap":"   0,03"},{"seq":"141","sqcand":"100000659565","n":"10210","nm":"DEUSIMAR FARIAS","cc":"REPUBLICANOS","nv":" ","e":"n","st":"Suplente","dvt":"V\u00e1lido","vap":"3","pvap":"   0,01"},{"seq":"29","sqcand":"100000670433","n":"22333","nm":"ODEANE AGENTE DE SAUDE","cc":"PL","nv":" ","e":"n","st":"Suplente","dvt":"V\u00e1lido","vap":"572","pvap":"   1,31"},{"seq":"106","sqcand":"100000980987","n":"65700","nm":"LUIS BOC\u00c3O","cc":"PC do B","nv":" ","e":"n","st":"Suplente","dvt":"V\u00e1lido","vap":"21","pvap":"   0,05"},{"seq":"9","sqcand":"100000659725","n":"15800","nm":"RUBEM FRAN\u00c7A","cc":"MDB","nv":" ","e":"s","st":"Eleito","dvt":"V\u00e1lido","vap":"1088","pvap":"   2,48"},{"seq":"105","sqcand":"100000659724","n":"15222","nm":"RAICA MORAIS","cc":"MDB","nv":" ","e":"n","st":"Suplente","dvt":"V\u00e1lido","vap":"22","pvap":"   0,05"},{"seq":"48","sqcand":"100000659616","n":"45800","nm":"WENDERSON KENN","cc":"PSDB","nv":" ","e":"n","st":"Suplente","dvt":"V\u00e1lido","vap":"171","pvap":"   0,39"},{"seq":"27","sqcand":"100000659727","n":"15000","nm":"NEM DO SWAN","cc":"MDB","nv":" ","e":"n","st":"Suplente","dvt":"V\u00e1lido","vap":"653","pvap":"   1,49"},{"seq":"148","sqcand":"100000980988","n":"65555","nm":"DR LEO PRIMEIRO","cc":"PC do B","nv":" ","e":"n","st":"Suplente","dvt":"V\u00e1lido","vap":"0","pvap":"00.00"},{"seq":"180","sqcand":"100001268333","n":"20998","nm":"MARINALDA LOPES","cc":"PSC","nv":" ","e":"n","st":"N\u00e3o eleito","dvt":"V\u00e1lido","vap":"0","pvap":"00.00"},{"seq":"30","sqcand":"100000670521","n":"28190","nm":"SGT ELI\u00c9ZIO","cc":"PRTB","nv":" ","e":"n","st":"Suplente","dvt":"V\u00e1lido","vap":"507","pvap":"   1,16"},{"seq":"116","sqcand":"100001241987","n":"23900","nm":"ANTONIO ALVES","cc":"CIDADANIA","nv":" ","e":"n","st":"Suplente","dvt":"V\u00e1lido","vap":"18","pvap":"   0,04"},{"seq":"92","sqcand":"100000659556","n":"10130","nm":"LUAN LORRANDRO","cc":"REPUBLICANOS","nv":" ","e":"n","st":"Suplente","dvt":"V\u00e1lido","vap":"35","pvap":"   0,08"},{"seq":"37","sqcand":"100000659549","n":"10333","nm":"FRANCK DO CART\u00d3RIO","cc":"REPUBLICANOS","nv":" ","e":"n","st":"Suplente","dvt":"V\u00e1lido","vap":"363","pvap":"   0,83"},{"seq":"1","sqcand":"100001242015","n":"77123","nm":"RIVELINO DO ALIM","cc":"SOLIDARIEDADE","nv":" ","e":"s","st":"Eleito","dvt":"V\u00e1lido","vap":"1649","pvap":"   3,76"},{"seq":"174","sqcand":"100001099646","n":"20000","nm":"ANTONIO DO CLEMENTE","cc":"PSC","nv":" ","e":"n","st":"N\u00e3o eleito","dvt":"V\u00e1lido","vap":"2","pvap":"   0,00"},{"seq":"115","sqcand":"100001002733","n":"12222","nm":"RAYRINHA","cc":"PDT","nv":" ","e":"n","st":"Suplente","dvt":"V\u00e1lido","vap":"19","pvap":"   0,04"},{"seq":"169","sqcand":"100001099647","n":"20555","nm":"ERIKA SOUSA","cc":"PSC","nv":" ","e":"n","st":"N\u00e3o eleito","dvt":"V\u00e1lido","vap":"23","pvap":"   0,05"},{"seq":"95","sqcand":"100000670523","n":"28555","nm":"PROF IOLANDA","cc":"PRTB","nv":" ","e":"n","st":"Suplente","dvt":"V\u00e1lido","vap":"32","pvap":"   0,07"},{"seq":"18","sqcand":"100001242006","n":"77000","nm":"CANAN\u00c9IA","cc":"SOLIDARIEDADE","nv":" ","e":"n","st":"Suplente","dvt":"V\u00e1lido","vap":"1354","pvap":"   3,09"},{"seq":"3","sqcand":"100000659723","n":"15200","nm":"JO\u00c3O PEDRO","cc":"MDB","nv":" ","e":"s","st":"Eleito","dvt":"V\u00e1lido","vap":"1458","pvap":"   3,33"},{"seq":"13","sqcand":"100000826440","n":"17800","nm":"FATIMA ARRUDA","cc":"PSL","nv":" ","e":"s","st":"Eleito","dvt":"V\u00e1lido","vap":"806","pvap":"   1,84"},{"seq":"35","sqcand":"100001241982","n":"23123","nm":"RICARDO MILHOMEM","cc":"CIDADANIA","nv":" ","e":"n","st":"Suplente","dvt":"V\u00e1lido","vap":"380","pvap":"   0,87"},{"seq":"127","sqcand":"100000670529","n":"28128","nm":"IRM\u00c3 LAUDECIR","cc":"PRTB","nv":" ","e":"n","st":"Suplente","dvt":"V\u00e1lido","vap":"11","pvap":"   0,03"},{"seq":"145","sqcand":"100000826433","n":"17852","nm":"EDMAR LINHARES","cc":"PSL","nv":" ","e":"n","st":"Suplente","dvt":"V\u00e1lido","vap":"1","pvap":"   0,00"},{"seq":"161","sqcand":"100001241697","n":"18000","nm":"DR H\u00c9LIO","cc":"REDE","nv":" ","e":"n","st":"N\u00e3o eleito","dvt":"V\u00e1lido","vap":"174","pvap":"   0,40"},{"seq":"96","sqcand":"100001242018","n":"77333","nm":"DONDON","cc":"SOLIDARIEDADE","nv":" ","e":"n","st":"Suplente","dvt":"V\u00e1lido","vap":"32","pvap":"   0,07"},{"seq":"126","sqcand":"100000826445","n":"17600","nm":"RAIMUNDO BINA","cc":"PSL","nv":" ","e":"n","st":"Suplente","dvt":"V\u00e1lido","vap":"11","pvap":"   0,03"},{"seq":"80","sqcand":"100000670437","n":"22777","nm":"CHICO DO FRANGO","cc":"PL","nv":" ","e":"n","st":"Suplente","dvt":"V\u00e1lido","vap":"63","pvap":"   0,14"},{"seq":"68","sqcand":"100000659721","n":"15555","nm":"PROFESSORA ALDENISE","cc":"MDB","nv":" ","e":"n","st":"Suplente","dvt":"V\u00e1lido","vap":"89","pvap":"   0,20"},{"seq":"130","sqcand":"100001242010","n":"77666","nm":"ELIANE","cc":"SOLIDARIEDADE","nv":" ","e":"n","st":"Suplente","dvt":"V\u00e1lido","vap":"9","pvap":"   0,02"},{"seq":"175","sqcand":"100001099648","n":"20600","nm":"DENILCE ACS","cc":"PSC","nv":" ","e":"n","st":"N\u00e3o eleito","dvt":"V\u00e1lido","vap":"1","pvap":"   0,00"},{"seq":"76","sqcand":"100000980982","n":"65111","nm":"ORLANDA COELHO","cc":"PC do B","nv":" ","e":"n","st":"Suplente","dvt":"V\u00e1lido","vap":"74","pvap":"   0,17"},{"seq":"77","sqcand":"100000659548","n":"10351","nm":"PROFESSOR IROMAR D\u00d3IA","cc":"REPUBLICANOS","nv":" ","e":"n","st":"Suplente","dvt":"V\u00e1lido","vap":"74","pvap":"   0,17"},{"seq":"75","sqcand":"100000659550","n":"10010","nm":"CHICO DA CORPUS","cc":"REPUBLICANOS","nv":" ","e":"n","st":"Suplente","dvt":"V\u00e1lido","vap":"79","pvap":"   0,18"},{"seq":"163","sqcand":"100001099639","n":"20200","nm":"RIBAMAR REIS","cc":"PSC","nv":" ","e":"n","st":"N\u00e3o eleito","dvt":"V\u00e1lido","vap":"131","pvap":"   0,30"},{"seq":"114","sqcand":"100000659558","n":"10112","nm":"JADE DO CAIN\u00c1GUA","cc":"REPUBLICANOS","nv":" ","e":"n","st":"Suplente","dvt":"V\u00e1lido","vap":"19","pvap":"   0,04"},{"seq":"120","sqcand":"100001242023","n":"77700","nm":"LAERCIO FERNANDES","cc":"SOLIDARIEDADE","nv":" ","e":"n","st":"Suplente","dvt":"V\u00e1lido","vap":"16","pvap":"   0,04"},{"seq":"22","sqcand":"100001241983","n":"23456","nm":"GEMILSON RIBEIRO","cc":"CIDADANIA","nv":" ","e":"n","st":"Suplente","dvt":"V\u00e1lido","vap":"764","pvap":"   1,74"},{"seq":"55","sqcand":"100000670530","n":"28123","nm":"SGT AMARAL","cc":"PRTB","nv":" ","e":"n","st":"Suplente","dvt":"V\u00e1lido","vap":"131","pvap":"   0,30"},{"seq":"47","sqcand":"100001242013","n":"77177","nm":"TOIN DO CHICO LOPES","cc":"SOLIDARIEDADE","nv":" ","e":"n","st":"Suplente","dvt":"V\u00e1lido","vap":"220","pvap":"   0,50"},{"seq":"6","sqcand":"100000659608","n":"45200","nm":"ETELDO","cc":"PSDB","nv":" ","e":"s","st":"Eleito","dvt":"V\u00e1lido","vap":"1356","pvap":"   3,09"},{"seq":"157","sqcand":"100000670537","n":"28002","nm":"GUILHERME RIBEIRO","cc":"PRTB","nv":" ","e":"n","st":"Suplente","dvt":"V\u00e1lido","vap":"0","pvap":"00.00"},{"seq":"24","sqcand":"100000659546","n":"10444","nm":"DR THIAGO CAMPOS","cc":"REPUBLICANOS","nv":" ","e":"n","st":"Suplente","dvt":"V\u00e1lido","vap":"690","pvap":"   1,57"},{"seq":"177","sqcand":"100001241698","n":"18110","nm":"CHIQUINHA","cc":"REDE","nv":" ","e":"n","st":"N\u00e3o eleito","dvt":"V\u00e1lido","vap":"0","pvap":"00.00"},{"seq":"54","sqcand":"100000980989","n":"65500","nm":"NONATO REIS","cc":"PC do B","nv":" ","e":"n","st":"Suplente","dvt":"V\u00e1lido","vap":"132","pvap":"   0,30"},{"seq":"172","sqcand":"100000659804","n":"13000","nm":"GIGANTE","cc":"PT","nv":" ","e":"n","st":"N\u00e3o eleito","dvt":"V\u00e1lido","vap":"5","pvap":"   0,01"},{"seq":"146","sqcand":"100001263160","n":"65300","nm":"MARTA DA CAJAZEIRA","cc":"PC do B","nv":" ","e":"n","st":"Suplente","dvt":"V\u00e1lido","vap":"1","pvap":"   0,00"},{"seq":"140","sqcand":"100000826428","n":"17222","nm":"RAIMUNDA MARIA PEREIRA","cc":"PSL","nv":" ","e":"n","st":"Suplente","dvt":"V\u00e1lido","vap":"4","pvap":"   0,01"},{"seq":"34","sqcand":"100000659561","n":"10456","nm":"ZEZE IN\u00c1CIO","cc":"REPUBLICANOS","nv":" ","e":"n","st":"Suplente","dvt":"V\u00e1lido","vap":"396","pvap":"   0,90"},{"seq":"93","sqcand":"100000659731","n":"15333","nm":"MANOEL COCHOL\u00d3","cc":"MDB","nv":" ","e":"n","st":"Suplente","dvt":"V\u00e1lido","vap":"34","pvap":"   0,08"}]}
