{"ele":"426","tpabr":"mu","cdabr":"07323","carper":"13","t":"1","f":"o","dt":"15/11/2020","ht":"23:02:12","dv":"s","tf":"s","v":"9","esae":"n","mnae":"","s":"17","st":"17","pst":" 100,00","snt":"0","psnt":"   0,00","si":"17","psi":" 100,00","sni":"0","psni":"   0,00","sa":"17","psa":" 100,00","sna":"0","psna":"   0,00","e":"6151","ea":"6151","pea":" 100,00","ena":"0","pena":"   0,00","esi":"6151","pesi":" 100,00","esni":"0","pesni":"   0,00","c":"5040","pc":"  81,94","a":"1111","pa":"  18,06","vscv":"0","vnom":"4708","vl":"205","pvnom":"  95,83","pvl":"   4,17","vvc":"4913","pvvc":"  97,48","vb":"16","pvb":"   0,32","tvn":"111","ptvn":"   2,20","vn":"111","pvn":" 100,00","vnt":"0","pvnt":"   0,00","vp":"0","pvp":"   0,00","vv":"4913","pvv":" 100,00","van":"0","pvan":"   0,00","vansj":"0","pvansj":"   0,00","tv":"5040","cand":[{"seq":"38","sqcand":"100000831400","n":"15333","nm":"GABRIEL DA SAUDE","cc":"MDB","nv":" ","e":"n","st":"Suplente","dvt":"V\u00e1lido","vap":"8","pvap":"   0,16"},{"seq":"14","sqcand":"100001049857","n":"22444","nm":"EDINALDO DA COLONIA","cc":"PL","nv":" ","e":"n","st":"Suplente","dvt":"V\u00e1lido","vap":"156","pvap":"   3,18"},{"seq":"3","sqcand":"100000749106","n":"65555","nm":"FABIO M\u00c3OZINHA","cc":"PC do B","nv":" ","e":"s","st":"Eleito","dvt":"V\u00e1lido","vap":"291","pvap":"   5,92"},{"seq":"53","sqcand":"100001109579","n":"23454","nm":"GIL DA VILA S\u00c3O LUIS","cc":"CIDADANIA","nv":" ","e":"n","st":"N\u00e3o eleito","dvt":"V\u00e1lido","vap":"2","pvap":"   0,04"},{"seq":"27","sqcand":"100001049853","n":"22223","nm":"IRAN CABELEREIRO","cc":"PL","nv":" ","e":"n","st":"Suplente","dvt":"V\u00e1lido","vap":"20","pvap":"   0,41"},{"seq":"4","sqcand":"100000831405","n":"15111","nm":"BRIZOLA","cc":"MDB","nv":" ","e":"s","st":"Eleito","dvt":"V\u00e1lido","vap":"282","pvap":"   5,74"},{"seq":"8","sqcand":"100001049856","n":"22000","nm":"BETH DA PESCA","cc":"PL","nv":" ","e":"s","st":"Eleito","dvt":"V\u00e1lido","vap":"236","pvap":"   4,80"},{"seq":"11","sqcand":"100000799373","n":"45444","nm":"IRM\u00c3O FABIO","cc":"PSDB","nv":" ","e":"n","st":"Suplente","dvt":"V\u00e1lido","vap":"204","pvap":"   4,15"},{"seq":"16","sqcand":"100001052129","n":"70222","nm":"OZEAS DO TADEU","cc":"AVANTE","nv":" ","e":"n","st":"Suplente","dvt":"V\u00e1lido","vap":"129","pvap":"   2,63"},{"seq":"47","sqcand":"100001248095","n":"18777","nm":"GEOVANE CORRETOR","cc":"REDE","nv":" ","e":"n","st":"N\u00e3o eleito","dvt":"V\u00e1lido","vap":"9","pvap":"   0,18"},{"seq":"56","sqcand":"100001109580","n":"23622","nm":"ZERALDINO","cc":"CIDADANIA","nv":" ","e":"n","st":"N\u00e3o eleito","dvt":"V\u00e1lido","vap":"0","pvap":"00.00"},{"seq":"41","sqcand":"100000749105","n":"65013","nm":"KARLA SODRE","cc":"PC do B","nv":" ","e":"n","st":"Suplente","dvt":"V\u00e1lido","vap":"5","pvap":"   0,10"},{"seq":"10","sqcand":"100000831398","n":"15655","nm":"JO\u00c3O FREIRE","cc":"MDB","nv":" ","e":"n","st":"Suplente","dvt":"V\u00e1lido","vap":"220","pvap":"   4,48"},{"seq":"17","sqcand":"100001049851","n":"22333","nm":"SILVIO NUNES","cc":"PL","nv":" ","e":"n","st":"Suplente","dvt":"V\u00e1lido","vap":"122","pvap":"   2,48"},{"seq":"46","sqcand":"100000646786","n":"18123","nm":"J\u00d4","cc":"REDE","nv":" ","e":"n","st":"N\u00e3o eleito","dvt":"V\u00e1lido","vap":"10","pvap":"   0,20"},{"seq":"34","sqcand":"100001052125","n":"70888","nm":"NEGUINHO DA ZIBEIRA","cc":"AVANTE","nv":" ","e":"n","st":"Suplente","dvt":"V\u00e1lido","vap":"13","pvap":"   0,26"},{"seq":"13","sqcand":"100000749102","n":"65432","nm":"BRANCA","cc":"PC do B","nv":" ","e":"n","st":"Suplente","dvt":"V\u00e1lido","vap":"180","pvap":"   3,66"},{"seq":"42","sqcand":"100001266788","n":"15233","nm":"FATIMA AROUCHA","cc":"MDB","nv":" ","e":"n","st":"Suplente","dvt":"V\u00e1lido","vap":"4","pvap":"   0,08"},{"seq":"54","sqcand":"100000646787","n":"18555","nm":"IRM\u00c3O ANTONIO CARLOS","cc":"REDE","nv":" ","e":"n","st":"N\u00e3o eleito","dvt":"V\u00e1lido","vap":"1","pvap":"   0,02"},{"seq":"57","sqcand":"100001109581","n":"23220","nm":"LOUZIANE","cc":"CIDADANIA","nv":" ","e":"n","st":"N\u00e3o eleito","dvt":"V\u00e1lido","vap":"0","pvap":"00.00"},{"seq":"43","sqcand":"100000799370","n":"45333","nm":"JAQUELINE DA COL\u00d4NIA","cc":"PSDB","nv":" ","e":"n","st":"Suplente","dvt":"V\u00e1lido","vap":"2","pvap":"   0,04"},{"seq":"26","sqcand":"100000749104","n":"65456","nm":"BARBOSA DO SHALOM","cc":"PC do B","nv":" ","e":"n","st":"Suplente","dvt":"V\u00e1lido","vap":"21","pvap":"   0,43"},{"seq":"15","sqcand":"100001052127","n":"70456","nm":"MANOEL RAIMUNDO","cc":"AVANTE","nv":" ","e":"n","st":"Suplente","dvt":"V\u00e1lido","vap":"148","pvap":"   3,01"},{"seq":"45","sqcand":"100001109582","n":"23252","nm":"RIKELME SANTA ANGELICA","cc":"CIDADANIA","nv":" ","e":"n","st":"N\u00e3o eleito","dvt":"V\u00e1lido","vap":"14","pvap":"   0,28"},{"seq":"58","sqcand":"100001109583","n":"23456","nm":"CLAUDIANE LOBATO","cc":"CIDADANIA","nv":" ","e":"n","st":"N\u00e3o eleito","dvt":"V\u00e1lido","vap":"0","pvap":"00.00"},{"seq":"23","sqcand":"100000799368","n":"45101","nm":"LEIA OLIVEIRA","cc":"PSDB","nv":" ","e":"n","st":"Suplente","dvt":"V\u00e1lido","vap":"69","pvap":"   1,40"},{"seq":"20","sqcand":"100001049854","n":"22456","nm":"JEREMIAS DA PESCA","cc":"PL","nv":" ","e":"n","st":"Suplente","dvt":"V\u00e1lido","vap":"86","pvap":"   1,75"},{"seq":"6","sqcand":"100001052130","n":"70000","nm":"ROZEMIRO MISCOITO","cc":"AVANTE","nv":" ","e":"s","st":"Eleito","dvt":"V\u00e1lido","vap":"266","pvap":"   5,41"},{"seq":"30","sqcand":"100000799371","n":"45678","nm":"EPITACIO ARAUJO","cc":"PSDB","nv":" ","e":"n","st":"Suplente","dvt":"V\u00e1lido","vap":"16","pvap":"   0,33"},{"seq":"24","sqcand":"100000799367","n":"45123","nm":"MAGNO","cc":"PSDB","nv":" ","e":"n","st":"Suplente","dvt":"V\u00e1lido","vap":"28","pvap":"   0,57"},{"seq":"31","sqcand":"100000831402","n":"15555","nm":"IRM\u00c3O UDERLAN","cc":"MDB","nv":" ","e":"n","st":"Suplente","dvt":"V\u00e1lido","vap":"16","pvap":"   0,33"},{"seq":"50","sqcand":"100001109585","n":"23000","nm":"LUIZ GAUCHO","cc":"CIDADANIA","nv":" ","e":"n","st":"N\u00e3o eleito","dvt":"V\u00e1lido","vap":"4","pvap":"   0,08"},{"seq":"35","sqcand":"100001049855","n":"22111","nm":"CILENE OLIVEIRA","cc":"PL","nv":" ","e":"n","st":"Suplente","dvt":"V\u00e1lido","vap":"12","pvap":"   0,24"},{"seq":"59","sqcand":"100001109576","n":"23555","nm":"BRENA GOMES","cc":"CIDADANIA","nv":" ","e":"n","st":"N\u00e3o eleito","dvt":"V\u00e1lido","vap":"0","pvap":"00.00"},{"seq":"1","sqcand":"100001052124","n":"70123","nm":"SENINHA","cc":"AVANTE","nv":" ","e":"s","st":"Eleito","dvt":"V\u00e1lido","vap":"373","pvap":"   7,59"},{"seq":"7","sqcand":"100000799375","n":"45789","nm":"SAMUEL NORONHA","cc":"PSDB","nv":" ","e":"s","st":"Eleito","dvt":"V\u00e1lido","vap":"255","pvap":"   5,19"},{"seq":"48","sqcand":"100000646788","n":"18000","nm":"IRM\u00c3O CICERO","cc":"REDE","nv":" ","e":"n","st":"N\u00e3o eleito","dvt":"V\u00e1lido","vap":"8","pvap":"   0,16"},{"seq":"37","sqcand":"100001052126","n":"70001","nm":"MARTA CASTRO","cc":"AVANTE","nv":" ","e":"n","st":"Suplente","dvt":"V\u00e1lido","vap":"11","pvap":"   0,22"},{"seq":"19","sqcand":"100000831399","n":"15000","nm":"JO\u00c3O SIQUEIRA","cc":"MDB","nv":" ","e":"n","st":"Suplente","dvt":"V\u00e1lido","vap":"107","pvap":"   2,18"},{"seq":"12","sqcand":"100000799376","n":"45555","nm":"IRM\u00c3O NAZARENO","cc":"PSDB","nv":" ","e":"n","st":"Suplente","dvt":"V\u00e1lido","vap":"182","pvap":"   3,70"},{"seq":"39","sqcand":"100001052132","n":"70987","nm":"NINI DO CHAGAS","cc":"AVANTE","nv":" ","e":"n","st":"Suplente","dvt":"V\u00e1lido","vap":"7","pvap":"   0,14"},{"seq":"9","sqcand":"100000749108","n":"65222","nm":"ALEX TORRES","cc":"PC do B","nv":" ","e":"s","st":"Eleito","dvt":"V\u00e1lido","vap":"202","pvap":"   4,11"},{"seq":"36","sqcand":"100000831401","n":"15131","nm":"CHIQUINHA DO BAR","cc":"MDB","nv":" ","e":"n","st":"Suplente","dvt":"V\u00e1lido","vap":"11","pvap":"   0,22"},{"seq":"49","sqcand":"100000646785","n":"18111","nm":"DONA CLEO","cc":"REDE","nv":" ","e":"n","st":"N\u00e3o eleito","dvt":"V\u00e1lido","vap":"6","pvap":"   0,12"},{"seq":"18","sqcand":"100001266789","n":"65111","nm":"RERY DA CLEUDIANA","cc":"PC do B","nv":" ","e":"n","st":"Suplente","dvt":"V\u00e1lido","vap":"120","pvap":"   2,44"},{"seq":"25","sqcand":"100001052133","n":"70777","nm":"IRACEMA DO BONIFACIO","cc":"AVANTE","nv":" ","e":"n","st":"Suplente","dvt":"V\u00e1lido","vap":"24","pvap":"   0,49"},{"seq":"21","sqcand":"100001049850","n":"22222","nm":"MARIA DO LAUZINHO","cc":"PL","nv":" ","e":"n","st":"Suplente","dvt":"V\u00e1lido","vap":"74","pvap":"   1,51"},{"seq":"55","sqcand":"100001109584","n":"23222","nm":"LUIZ MENDES","cc":"CIDADANIA","nv":" ","e":"n","st":"N\u00e3o eleito","dvt":"V\u00e1lido","vap":"0","pvap":"00.00"},{"seq":"2","sqcand":"100001052128","n":"70789","nm":"GIESIA FILHA DO KIT","cc":"AVANTE","nv":" ","e":"s","st":"Eleito","dvt":"V\u00e1lido","vap":"328","pvap":"   6,68"},{"seq":"5","sqcand":"100001049858","n":"22123","nm":"GABRIEL O GORDINHO","cc":"PL","nv":" ","e":"s","st":"Eleito","dvt":"V\u00e1lido","vap":"280","pvap":"   5,70"},{"seq":"51","sqcand":"100001109578","n":"23123","nm":"VAGUINHO","cc":"CIDADANIA","nv":" ","e":"n","st":"N\u00e3o eleito","dvt":"V\u00e1lido","vap":"3","pvap":"   0,06"},{"seq":"29","sqcand":"100001049859","n":"22145","nm":"PASTOR GILBERTO","cc":"PL","nv":" ","e":"n","st":"Suplente","dvt":"V\u00e1lido","vap":"18","pvap":"   0,37"},{"seq":"52","sqcand":"100001109577","n":"23111","nm":"ZE MARIA","cc":"CIDADANIA","nv":" ","e":"n","st":"N\u00e3o eleito","dvt":"V\u00e1lido","vap":"2","pvap":"   0,04"},{"seq":"28","sqcand":"100001052131","n":"70234","nm":"JEILSON","cc":"AVANTE","nv":" ","e":"n","st":"Suplente","dvt":"V\u00e1lido","vap":"20","pvap":"   0,41"},{"seq":"40","sqcand":"100000799372","n":"45344","nm":"BEBE CALDO","cc":"PSDB","nv":" ","e":"n","st":"Suplente","dvt":"V\u00e1lido","vap":"5","pvap":"   0,10"},{"seq":"44","sqcand":"100000799369","n":"45963","nm":"ROSINEIDE","cc":"PSDB","nv":" ","e":"n","st":"Suplente","dvt":"V\u00e1lido","vap":"1","pvap":"   0,02"},{"seq":"32","sqcand":"100000831403","n":"15123","nm":"IRM\u00c3 CHIQUINHA","cc":"MDB","nv":" ","e":"n","st":"Suplente","dvt":"V\u00e1lido","vap":"13","pvap":"   0,26"},{"seq":"33","sqcand":"100000799374","n":"45000","nm":"RICARDO DO POSTO FISCAL","cc":"PSDB","nv":" ","e":"n","st":"Suplente","dvt":"V\u00e1lido","vap":"13","pvap":"   0,26"},{"seq":"22","sqcand":"100001049852","n":"22345","nm":"VALMIR COSTA","cc":"PL","nv":" ","e":"n","st":"Suplente","dvt":"V\u00e1lido","vap":"71","pvap":"   1,45"}]}
