{"ele":"426","tpabr":"mu","cdabr":"07358","carper":"13","t":"1","f":"o","dt":"15/11/2020","ht":"19:43:47","dv":"s","tf":"s","v":"9","esae":"n","mnae":"","s":"11","st":"11","pst":" 100,00","snt":"0","psnt":"   0,00","si":"11","psi":" 100,00","sni":"0","psni":"   0,00","sa":"11","psa":" 100,00","sna":"0","psna":"   0,00","e":"4049","ea":"4049","pea":" 100,00","ena":"0","pena":"   0,00","esi":"4049","pesi":" 100,00","esni":"0","pesni":"   0,00","c":"3596","pc":"  88,81","a":"453","pa":"  11,19","vscv":"0","vnom":"3215","vl":"197","pvnom":"  94,23","pvl":"   5,77","vvc":"3412","pvvc":"  94,88","vb":"23","pvb":"   0,64","tvn":"161","ptvn":"   4,48","vn":"161","pvn":" 100,00","vnt":"0","pvnt":"   0,00","vp":"0","pvp":"   0,00","vv":"3412","pvv":" 100,00","van":"0","pvan":"   0,00","vansj":"0","pvansj":"   0,00","tv":"3596","cand":[{"seq":"18","sqcand":"100001024837","n":"10777","nm":"VEI LEONDA","cc":"REPUBLICANOS","nv":" ","e":"n","st":"Suplente","dvt":"V\u00e1lido","vap":"83","pvap":"   2,43"},{"seq":"8","sqcand":"100000881169","n":"12456","nm":"JO\u00c3O PAULO BORGES","cc":"PDT","nv":" ","e":"s","st":"Eleito","dvt":"V\u00e1lido","vap":"163","pvap":"   4,78"},{"seq":"13","sqcand":"100000938380","n":"65412","nm":"ANDREINA","cc":"PC do B","nv":" ","e":"n","st":"Suplente","dvt":"V\u00e1lido","vap":"137","pvap":"   4,02"},{"seq":"23","sqcand":"100000938378","n":"65222","nm":"ANA CLEIA","cc":"PC do B","nv":" ","e":"n","st":"Suplente","dvt":"V\u00e1lido","vap":"9","pvap":"   0,26"},{"seq":"1","sqcand":"100001024830","n":"10852","nm":"BRUNO GUIMAR\u00c3ES","cc":"REPUBLICANOS","nv":" ","e":"s","st":"Eleito","dvt":"V\u00e1lido","vap":"232","pvap":"   6,80"},{"seq":"19","sqcand":"100000881170","n":"12222","nm":"LUZIANE CURCINO DE SOUSA","cc":"PDT","nv":" ","e":"n","st":"Suplente","dvt":"V\u00e1lido","vap":"77","pvap":"   2,26"},{"seq":"5","sqcand":"100000881171","n":"12123","nm":"PADINHA","cc":"PDT","nv":" ","e":"s","st":"Eleito","dvt":"V\u00e1lido","vap":"200","pvap":"   5,86"},{"seq":"24","sqcand":"100001024511","n":"13013","nm":"MARCIEL DA FORQULHA","cc":"PT","nv":" ","e":"n","st":"N\u00e3o eleito","dvt":"V\u00e1lido","vap":"55","pvap":"   1,61"},{"seq":"15","sqcand":"100000938381","n":"65456","nm":"JOAO FERNANDO","cc":"PC do B","nv":" ","e":"n","st":"Suplente","dvt":"V\u00e1lido","vap":"135","pvap":"   3,96"},{"seq":"16","sqcand":"100001024836","n":"10000","nm":"JO\u00c3O HENRIQUE","cc":"REPUBLICANOS","nv":" ","e":"n","st":"Suplente","dvt":"V\u00e1lido","vap":"97","pvap":"   2,84"},{"seq":"22","sqcand":"100001024833","n":"10222","nm":"JUSTINO SOUSA","cc":"REPUBLICANOS","nv":" ","e":"n","st":"Suplente","dvt":"V\u00e1lido","vap":"20","pvap":"   0,59"},{"seq":"4","sqcand":"100000938383","n":"65333","nm":"DJ BALTA","cc":"PC do B","nv":" ","e":"s","st":"Eleito","dvt":"V\u00e1lido","vap":"205","pvap":"   6,01"},{"seq":"11","sqcand":"100000938379","n":"65580","nm":"DEMAR J","cc":"PC do B","nv":" ","e":"n","st":"Suplente","dvt":"V\u00e1lido","vap":"172","pvap":"   5,04"},{"seq":"17","sqcand":"100001024835","n":"10610","nm":"NONATO JOANA","cc":"REPUBLICANOS","nv":" ","e":"n","st":"Suplente","dvt":"V\u00e1lido","vap":"93","pvap":"   2,73"},{"seq":"21","sqcand":"100001024838","n":"10110","nm":"RAIMUNDA AGENTE DE SA\u00daDE","cc":"REPUBLICANOS","nv":" ","e":"n","st":"Suplente","dvt":"V\u00e1lido","vap":"37","pvap":"   1,08"},{"seq":"7","sqcand":"100001024839","n":"10123","nm":"CARLEIA MOREIRA","cc":"REPUBLICANOS","nv":" ","e":"s","st":"Eleito","dvt":"V\u00e1lido","vap":"186","pvap":"   5,45"},{"seq":"12","sqcand":"100000881168","n":"12345","nm":"BARBARA CARDOSO","cc":"PDT","nv":" ","e":"n","st":"Suplente","dvt":"V\u00e1lido","vap":"156","pvap":"   4,57"},{"seq":"20","sqcand":"100001024831","n":"10444","nm":"NETO M\u00c9RICA","cc":"REPUBLICANOS","nv":" ","e":"n","st":"Suplente","dvt":"V\u00e1lido","vap":"72","pvap":"   2,11"},{"seq":"14","sqcand":"100001024834","n":"10456","nm":"APARECIDA DO TUNGA","cc":"REPUBLICANOS","nv":" ","e":"n","st":"Suplente","dvt":"V\u00e1lido","vap":"135","pvap":"   3,96"},{"seq":"9","sqcand":"100001024832","n":"10789","nm":"CLEITON BARROS","cc":"REPUBLICANOS","nv":" ","e":"s","st":"Eleito","dvt":"V\u00e1lido","vap":"144","pvap":"   4,22"},{"seq":"3","sqcand":"100000938382","n":"65000","nm":"GENIVALDO SANTIAGO","cc":"PC do B","nv":" ","e":"s","st":"Eleito","dvt":"V\u00e1lido","vap":"213","pvap":"   6,24"},{"seq":"10","sqcand":"100000938384","n":"65123","nm":"JOSEFA COSTA","cc":"PC do B","nv":" ","e":"n","st":"Suplente","dvt":"V\u00e1lido","vap":"174","pvap":"   5,10"},{"seq":"2","sqcand":"100000938377","n":"65111","nm":"FELIX NORA","cc":"PC do B","nv":" ","e":"s","st":"Eleito","dvt":"V\u00e1lido","vap":"215","pvap":"   6,30"},{"seq":"25","sqcand":"100001024510","n":"13123","nm":"MARGARETE","cc":"PT","nv":" ","e":"n","st":"N\u00e3o eleito","dvt":"V\u00e1lido","vap":"13","pvap":"   0,38"},{"seq":"6","sqcand":"100000938385","n":"65678","nm":"GILMAR DA LIZETE","cc":"PC do B","nv":" ","e":"s","st":"Eleito","dvt":"V\u00e1lido","vap":"192","pvap":"   5,63"}]}
