{"ele":"426","tpabr":"mu","cdabr":"07366","carper":"13","t":"1","f":"o","dt":"15/11/2020","ht":"23:40:02","dv":"s","tf":"n","v":"11","esae":"n","mnae":"","s":"35","st":"35","pst":" 100,00","snt":"0","psnt":"   0,00","si":"35","psi":" 100,00","sni":"0","psni":"   0,00","sa":"35","psa":" 100,00","sna":"0","psna":"   0,00","e":"11711","ea":"11711","pea":" 100,00","ena":"0","pena":"   0,00","esi":"11711","pesi":" 100,00","esni":"0","pesni":"   0,00","c":"9643","pc":"  82,34","a":"2068","pa":"  17,66","vscv":"0","vnom":"8804","vl":"509","pvnom":"  94,53","pvl":"   5,47","vvc":"9313","pvvc":"  96,58","vb":"67","pvb":"   0,69","tvn":"263","ptvn":"   2,73","vn":"263","pvn":" 100,00","vnt":"0","pvnt":"   0,00","vp":"0","pvp":"   0,00","vv":"9313","pvv":" 100,00","van":"0","pvan":"   0,00","vansj":"0","pvansj":"   0,00","tv":"9643","cand":[{"seq":"37","sqcand":"100001056070","n":"10456","nm":"ODALIA MACIEL","cc":"REPUBLICANOS","nv":" ","e":"n","st":"","dvt":"V\u00e1lido","vap":"40","pvap":"   0,43"},{"seq":"35","sqcand":"100001044214","n":"14333","nm":"VEI PAULO","cc":"PTB","nv":" ","e":"n","st":"","dvt":"V\u00e1lido","vap":"47","pvap":"   0,50"},{"seq":"25","sqcand":"100001044215","n":"14555","nm":"FABIO LAURINDO","cc":"PTB","nv":" ","e":"n","st":"","dvt":"V\u00e1lido","vap":"103","pvap":"   1,11"},{"seq":"45","sqcand":"100000672186","n":"40365","nm":"ISANDRA MEULE RIBEIRO REIS","cc":"PSB","nv":" ","e":"n","st":"","dvt":"V\u00e1lido","vap":"12","pvap":"   0,13"},{"seq":"54","sqcand":"100001062364","n":"13444","nm":"NEYON","cc":"PT","nv":" ","e":"n","st":"","dvt":"V\u00e1lido","vap":"0","pvap":"00.00"},{"seq":"5","sqcand":"100001044208","n":"14566","nm":"PETECA DO VAJ\u00c3O","cc":"PTB","nv":" ","e":"n","st":"","dvt":"V\u00e1lido","vap":"468","pvap":"   5,03"},{"seq":"2","sqcand":"100001056073","n":"10789","nm":"JAMES ALVES","cc":"REPUBLICANOS","nv":" ","e":"n","st":"","dvt":"V\u00e1lido","vap":"494","pvap":"   5,30"},{"seq":"23","sqcand":"100001044210","n":"14850","nm":"ABR\u00c3O DO GIM","cc":"PTB","nv":" ","e":"n","st":"","dvt":"V\u00e1lido","vap":"121","pvap":"   1,30"},{"seq":"18","sqcand":"100000729837","n":"12111","nm":"LOUREN\u00c7O  DE SOUSA","cc":"PDT","nv":" ","e":"n","st":"","dvt":"V\u00e1lido","vap":"189","pvap":"   2,03"},{"seq":"50","sqcand":"100000672190","n":"40234","nm":"JOSE SIQUEIRA NUNES","cc":"PSB","nv":" ","e":"n","st":"","dvt":"V\u00e1lido","vap":"6","pvap":"   0,06"},{"seq":"1","sqcand":"100000729845","n":"12000","nm":"BREGUED\u00ca","cc":"PDT","nv":" ","e":"n","st":"","dvt":"V\u00e1lido","vap":"496","pvap":"   5,33"},{"seq":"36","sqcand":"100000936525","n":"17000","nm":"EDNA DA SAUDE","cc":"PSL","nv":" ","e":"n","st":"","dvt":"V\u00e1lido","vap":"43","pvap":"   0,46"},{"seq":"39","sqcand":"100001062368","n":"13123","nm":"MAYCON BARROS","cc":"PT","nv":" ","e":"n","st":"","dvt":"V\u00e1lido","vap":"36","pvap":"   0,39"},{"seq":"9","sqcand":"100001056075","n":"10111","nm":"VALMIR PEREIRA","cc":"REPUBLICANOS","nv":" ","e":"n","st":"","dvt":"V\u00e1lido","vap":"424","pvap":"   4,55"},{"seq":"32","sqcand":"100001044211","n":"14500","nm":"LEIDE DO JESUALDO","cc":"PTB","nv":" ","e":"n","st":"","dvt":"V\u00e1lido","vap":"52","pvap":"   0,56"},{"seq":"44","sqcand":"100001044222","n":"14100","nm":"PROFESSORA ANDRISIA","cc":"PTB","nv":" ","e":"n","st":"","dvt":"V\u00e1lido","vap":"14","pvap":"   0,15"},{"seq":"33","sqcand":"100000936527","n":"17380","nm":"DJANIO DA SARAMANDAIA","cc":"PSL","nv":" ","e":"n","st":"","dvt":"V\u00e1lido","vap":"51","pvap":"   0,55"},{"seq":"12","sqcand":"100001056077","n":"10333","nm":"JOAQUIM ALBINO","cc":"REPUBLICANOS","nv":" ","e":"n","st":"","dvt":"V\u00e1lido","vap":"382","pvap":"   4,10"},{"seq":"43","sqcand":"100001264915","n":"13678","nm":"LENILMA DA VILA","cc":"PT","nv":" ","e":"n","st":"","dvt":"V\u00e1lido","vap":"15","pvap":"   0,16"},{"seq":"4","sqcand":"100000729846","n":"12123","nm":"SOLIMAR","cc":"PDT","nv":" ","e":"n","st":"","dvt":"V\u00e1lido","vap":"483","pvap":"   5,19"},{"seq":"49","sqcand":"100000672187","n":"40201","nm":"FELIPE COSTA","cc":"PSB","nv":" ","e":"n","st":"","dvt":"V\u00e1lido","vap":"7","pvap":"   0,08"},{"seq":"42","sqcand":"100001044209","n":"14190","nm":"MARLUCIA DO SARAMANDAIA","cc":"PTB","nv":" ","e":"n","st":"","dvt":"V\u00e1lido","vap":"30","pvap":"   0,32"},{"seq":"16","sqcand":"100000729838","n":"12777","nm":"NENA DA FARMACIA","cc":"PDT","nv":" ","e":"n","st":"","dvt":"V\u00e1lido","vap":"231","pvap":"   2,48"},{"seq":"24","sqcand":"100000729843","n":"12222","nm":"MARIA DO Z\u00c9 DO PEDRO","cc":"PDT","nv":" ","e":"n","st":"","dvt":"V\u00e1lido","vap":"107","pvap":"   1,15"},{"seq":"27","sqcand":"100001044212","n":"14789","nm":"JOAO PEZAO","cc":"PTB","nv":" ","e":"n","st":"","dvt":"V\u00e1lido","vap":"93","pvap":"   1,00"},{"seq":"31","sqcand":"100001044213","n":"14123","nm":"EDMILSON LOB\u00c3O","cc":"PTB","nv":" ","e":"n","st":"","dvt":"V\u00e1lido","vap":"55","pvap":"   0,59"},{"seq":"13","sqcand":"100000729844","n":"12345","nm":"ZEZINHO DO CHICUTA","cc":"PDT","nv":" ","e":"n","st":"","dvt":"V\u00e1lido","vap":"354","pvap":"   3,80"},{"seq":"19","sqcand":"100000729842","n":"12333","nm":"JOSIENE NASCIMENTO","cc":"PDT","nv":" ","e":"n","st":"","dvt":"V\u00e1lido","vap":"181","pvap":"   1,94"},{"seq":"7","sqcand":"100001056071","n":"10999","nm":"JOSIMAR DO JOCA","cc":"REPUBLICANOS","nv":" ","e":"n","st":"","dvt":"V\u00e1lido","vap":"440","pvap":"   4,72"},{"seq":"34","sqcand":"100001044223","n":"14111","nm":"SIMONE PARAIBANO","cc":"PTB","nv":" ","e":"n","st":"","dvt":"V\u00e1lido","vap":"49","pvap":"   0,53"},{"seq":"38","sqcand":"100001044220","n":"14456","nm":"IRM\u00c3O SEBASTI\u00c3O","cc":"PTB","nv":" ","e":"n","st":"","dvt":"V\u00e1lido","vap":"39","pvap":"   0,42"},{"seq":"40","sqcand":"100000672189","n":"40123","nm":"ISMAEL REIS","cc":"PSB","nv":" ","e":"n","st":"","dvt":"V\u00e1lido","vap":"35","pvap":"   0,38"},{"seq":"48","sqcand":"100001062366","n":"13333","nm":"PRETA DA VILA","cc":"PT","nv":" ","e":"n","st":"","dvt":"V\u00e1lido","vap":"8","pvap":"   0,09"},{"seq":"46","sqcand":"100000936526","n":"17117","nm":"EUZILENE","cc":"PSL","nv":" ","e":"n","st":"","dvt":"V\u00e1lido","vap":"10","pvap":"   0,11"},{"seq":"41","sqcand":"100000936522","n":"17123","nm":"BOCA RICA DO VARJ\u00c3O","cc":"PSL","nv":" ","e":"n","st":"","dvt":"V\u00e1lido","vap":"30","pvap":"   0,32"},{"seq":"17","sqcand":"100001044219","n":"14222","nm":"MARIA DO JOAO MALARIA","cc":"PTB","nv":" ","e":"n","st":"","dvt":"V\u00e1lido","vap":"193","pvap":"   2,07"},{"seq":"53","sqcand":"100000672188","n":"40640","nm":"ERICELIA","cc":"PSB","nv":" ","e":"n","st":"","dvt":"V\u00e1lido","vap":"2","pvap":"   0,02"},{"seq":"6","sqcand":"100001044216","n":"14444","nm":"FILHO DO GETULIO","cc":"PTB","nv":" ","e":"n","st":"","dvt":"V\u00e1lido","vap":"454","pvap":"   4,87"},{"seq":"28","sqcand":"100001056068","n":"10112","nm":"ANA DO SINDICATO","cc":"REPUBLICANOS","nv":" ","e":"n","st":"","dvt":"V\u00e1lido","vap":"73","pvap":"   0,78"},{"seq":"20","sqcand":"100001056069","n":"10222","nm":"DAVID QUEIROZ","cc":"REPUBLICANOS","nv":" ","e":"n","st":"","dvt":"V\u00e1lido","vap":"153","pvap":"   1,64"},{"seq":"26","sqcand":"100001044221","n":"14000","nm":"WANDERSON MIRANDA","cc":"PTB","nv":" ","e":"n","st":"","dvt":"V\u00e1lido","vap":"100","pvap":"   1,07"},{"seq":"30","sqcand":"100000936523","n":"17444","nm":"MARCOS MASCARENHAS","cc":"PSL","nv":" ","e":"n","st":"","dvt":"V\u00e1lido","vap":"59","pvap":"   0,63"},{"seq":"15","sqcand":"100001056076","n":"10345","nm":"TAIS OLIVEIRA","cc":"REPUBLICANOS","nv":" ","e":"n","st":"","dvt":"V\u00e1lido","vap":"241","pvap":"   2,59"},{"seq":"11","sqcand":"100001044218","n":"14567","nm":"EDEILSON DO SINDICATO","cc":"PTB","nv":" ","e":"n","st":"","dvt":"V\u00e1lido","vap":"388","pvap":"   4,17"},{"seq":"10","sqcand":"100000729841","n":"12555","nm":"JAIRO DO VARJ\u00c3O","cc":"PDT","nv":" ","e":"n","st":"","dvt":"V\u00e1lido","vap":"396","pvap":"   4,25"},{"seq":"52","sqcand":"100001062365","n":"13445","nm":"GISA","cc":"PT","nv":" ","e":"n","st":"","dvt":"V\u00e1lido","vap":"3","pvap":"   0,03"},{"seq":"47","sqcand":"100001062367","n":"13223","nm":"RAIMUNDO DA TUTU","cc":"PT","nv":" ","e":"n","st":"","dvt":"V\u00e1lido","vap":"8","pvap":"   0,09"},{"seq":"21","sqcand":"100000729839","n":"12444","nm":"PAULINHO DO ESPORTE","cc":"PDT","nv":" ","e":"n","st":"","dvt":"V\u00e1lido","vap":"142","pvap":"   1,52"},{"seq":"51","sqcand":"100001044207","n":"14133","nm":"LOURA DO CARRAO","cc":"PTB","nv":" ","e":"n","st":"","dvt":"V\u00e1lido","vap":"5","pvap":"   0,05"},{"seq":"14","sqcand":"100000729840","n":"12456","nm":"JUSA DO Z\u00c9 DO ALVINO","cc":"PDT","nv":" ","e":"n","st":"","dvt":"V\u00e1lido","vap":"332","pvap":"   3,56"},{"seq":"29","sqcand":"100001044217","n":"14600","nm":"MANOEL DO SABIDIN","cc":"PTB","nv":" ","e":"n","st":"","dvt":"V\u00e1lido","vap":"64","pvap":"   0,69"},{"seq":"22","sqcand":"100000936524","n":"17777","nm":"MOISES ENEAS","cc":"PSL","nv":" ","e":"n","st":"","dvt":"V\u00e1lido","vap":"125","pvap":"   1,34"},{"seq":"8","sqcand":"100001056074","n":"10123","nm":"MARQUIM CONSTRU\u00c7\u00c3O","cc":"REPUBLICANOS","nv":" ","e":"n","st":"","dvt":"V\u00e1lido","vap":"430","pvap":"   4,62"},{"seq":"3","sqcand":"100001056072","n":"10000","nm":"ERNANDES","cc":"REPUBLICANOS","nv":" ","e":"n","st":"","dvt":"V\u00e1lido","vap":"491","pvap":"   5,27"}]}
