{"ele":"426","tpabr":"mu","cdabr":"07447","carper":"13","t":"1","f":"o","dt":"15/11/2020","ht":"23:46:42","dv":"s","tf":"s","v":"9","esae":"n","mnae":"","s":"23","st":"23","pst":" 100,00","snt":"0","psnt":"   0,00","si":"23","psi":" 100,00","sni":"0","psni":"   0,00","sa":"23","psa":" 100,00","sna":"0","psna":"   0,00","e":"7402","ea":"7402","pea":" 100,00","ena":"0","pena":"   0,00","esi":"7402","pesi":" 100,00","esni":"0","pesni":"   0,00","c":"5970","pc":"  80,65","a":"1432","pa":"  19,35","vscv":"0","vnom":"5523","vl":"246","pvnom":"  95,74","pvl":"   4,26","vvc":"5769","pvvc":"  96,63","vb":"28","pvb":"   0,47","tvn":"173","ptvn":"   2,90","vn":"157","pvn":"  90,75","vnt":"16","pvnt":"   9,25","vp":"0","pvp":"   0,00","vv":"5769","pvv":" 100,00","van":"0","pvan":"   0,00","vansj":"0","pvansj":"   0,00","tv":"5970","cand":[{"seq":"28","sqcand":"100001145728","n":"50222","nm":"CLEUMA","cc":"PSOL","nv":" ","e":"n","st":"N\u00e3o eleito","dvt":"V\u00e1lido","vap":"3","pvap":"   0,05"},{"seq":"5","sqcand":"100000861932","n":"22369","nm":"LUIS DO SINDICATO","cc":"PL","nv":" ","e":"s","st":"Eleito","dvt":"V\u00e1lido","vap":"350","pvap":"   6,07"},{"seq":"10","sqcand":"100000861927","n":"22222","nm":"MOZELY","cc":"PL","nv":" ","e":"n","st":"Suplente","dvt":"V\u00e1lido","vap":"300","pvap":"   5,20"},{"seq":"14","sqcand":"100000747763","n":"70111","nm":"ELIS AGUIAR","cc":"AVANTE","nv":" ","e":"n","st":"Suplente","dvt":"V\u00e1lido","vap":"202","pvap":"   3,50"},{"seq":"26","sqcand":"100001145729","n":"50555","nm":"JHONN ","cc":"PSOL","nv":" ","e":"n","st":"N\u00e3o eleito","dvt":"V\u00e1lido","vap":"8","pvap":"   0,14"},{"seq":"21","sqcand":"100000745976","n":"20444","nm":"Z\u00c9 DA T\u00c3BUA","cc":"PSC","nv":" ","e":"n","st":"N\u00e3o eleito","dvt":"V\u00e1lido","vap":"410","pvap":"   7,11"},{"seq":"2","sqcand":"100000861931","n":"22000","nm":"PROFESSOR RAIMUNDINHO","cc":"PL","nv":" ","e":"s","st":"Eleito","dvt":"V\u00e1lido","vap":"416","pvap":"   7,21"},{"seq":"22","sqcand":"100000745971","n":"20555","nm":"ANDR\u00c9 CIP\u00d3","cc":"PSC","nv":" ","e":"n","st":"N\u00e3o eleito","dvt":"V\u00e1lido","vap":"59","pvap":"   1,02"},{"seq":"29","sqcand":"100000745975","n":"20999","nm":"JABUTI","cc":"PSC","nv":" ","e":"n","st":"N\u00e3o eleito","dvt":"V\u00e1lido","vap":"2","pvap":"   0,03"},{"seq":"19","sqcand":"100000747757","n":"70555","nm":"XEREM","cc":"AVANTE","nv":" ","e":"n","st":"Suplente","dvt":"V\u00e1lido","vap":"32","pvap":"   0,55"},{"seq":"8","sqcand":"100000747758","n":"70789","nm":"DINA CABELOS","cc":"AVANTE","nv":" ","e":"s","st":"Eleito","dvt":"V\u00e1lido","vap":"303","pvap":"   5,25"},{"seq":"24","sqcand":"100000745974","n":"20777","nm":"Z\u00c9 CARLOS ","cc":"PSC","nv":" ","e":"n","st":"N\u00e3o eleito","dvt":"V\u00e1lido","vap":"15","pvap":"   0,26"},{"seq":"9","sqcand":"100000747762","n":"70777","nm":"ELIAS DE SOUSA","cc":"AVANTE","nv":" ","e":"s","st":"Eleito","dvt":"V\u00e1lido","vap":"276","pvap":"   4,78"},{"seq":"12","sqcand":"100000747766","n":"70123","nm":"BENTINHA","cc":"AVANTE","nv":" ","e":"n","st":"Suplente","dvt":"V\u00e1lido","vap":"244","pvap":"   4,23"},{"seq":"1","sqcand":"100000747759","n":"70000","nm":"BOLERO","cc":"AVANTE","nv":" ","e":"s","st":"Eleito","dvt":"V\u00e1lido","vap":"462","pvap":"   8,01"},{"seq":"17","sqcand":"100000861924","n":"22345","nm":"DORINHA","cc":"PL","nv":" ","e":"n","st":"Suplente","dvt":"V\u00e1lido","vap":"86","pvap":"   1,49"},{"seq":"20","sqcand":"100000747760","n":"70114","nm":"SAMUEL","cc":"AVANTE","nv":" ","e":"n","st":"Suplente","dvt":"V\u00e1lido","vap":"26","pvap":"   0,45"},{"seq":"18","sqcand":"100000861930","n":"22444","nm":"RAQUEL DA ASSIST\u00caNCIA","cc":"PL","nv":" ","e":"n","st":"Suplente","dvt":"V\u00e1lido","vap":"85","pvap":"   1,47"},{"seq":"13","sqcand":"100000861929","n":"22888","nm":"ERIVELTO","cc":"PL","nv":" ","e":"n","st":"Suplente","dvt":"V\u00e1lido","vap":"233","pvap":"   4,04"},{"seq":"15","sqcand":"100000861926","n":"22111","nm":"MARLY","cc":"PL","nv":" ","e":"n","st":"Suplente","dvt":"V\u00e1lido","vap":"163","pvap":"   2,83"},{"seq":"30","sqcand":"100001145727","n":"50327","nm":"NAIRA","cc":"PSOL","nv":" ","e":"n","st":"N\u00e3o eleito","dvt":"V\u00e1lido","vap":"2","pvap":"   0,03"},{"seq":"11","sqcand":"100000747765","n":"70888","nm":"COCA","cc":"AVANTE","nv":" ","e":"n","st":"Suplente","dvt":"V\u00e1lido","vap":"250","pvap":"   4,33"},{"seq":"7","sqcand":"100000747764","n":"70222","nm":"DILSON FERNANDES","cc":"AVANTE","nv":" ","e":"s","st":"Eleito","dvt":"V\u00e1lido","vap":"329","pvap":"   5,70"},{"seq":"6","sqcand":"100000861925","n":"22123","nm":"JUNIOR ARRUDA","cc":"PL","nv":" ","e":"s","st":"Eleito","dvt":"V\u00e1lido","vap":"331","pvap":"   5,74"},{"seq":"23","sqcand":"100000745973","n":"20000","nm":"IRM\u00c3 NILC\u00c9LIA","cc":"PSC","nv":" ","e":"n","st":"N\u00e3o eleito","dvt":"V\u00e1lido","vap":"18","pvap":"   0,31"},{"seq":"27","sqcand":"100000745972","n":"20123","nm":"JHEYMICA P\u00d3VOAS","cc":"PSC","nv":" ","e":"n","st":"N\u00e3o eleito","dvt":"V\u00e1lido","vap":"7","pvap":"   0,12"},{"seq":"25","sqcand":"100001145730","n":"50000","nm":"MEL\u00c9","cc":"PSOL","nv":" ","e":"n","st":"N\u00e3o eleito","dvt":"V\u00e1lido","vap":"12","pvap":"   0,21"},{"seq":"16","sqcand":"100000747761","n":"70444","nm":"VANESSA FERREIRA","cc":"AVANTE","nv":" ","e":"n","st":"Suplente","dvt":"V\u00e1lido","vap":"132","pvap":"   2,29"},{"seq":"31","sqcand":"100001145732","n":"50999","nm":"RAFAEL","cc":"PSOL","nv":" ","e":"n","st":"N\u00e3o eleito","dvt":"V\u00e1lido","vap":"0","pvap":"00.00"},{"seq":"4","sqcand":"100000861923","n":"22555","nm":"ENFERMEIRA EDILANIA","cc":"PL","nv":" ","e":"s","st":"Eleito","dvt":"V\u00e1lido","vap":"371","pvap":"   6,43"},{"seq":"3","sqcand":"100000861928","n":"22333","nm":"VALTINHO","cc":"PL","nv":" ","e":"s","st":"Eleito","dvt":"V\u00e1lido","vap":"396","pvap":"   6,86"}]}
