{"ele":"426","tpabr":"mu","cdabr":"07528","carper":"13","t":"1","f":"o","dt":"15/11/2020","ht":"22:08:01","dv":"s","tf":"s","v":"9","esae":"n","mnae":"","s":"19","st":"19","pst":" 100,00","snt":"0","psnt":"   0,00","si":"19","psi":" 100,00","sni":"0","psni":"   0,00","sa":"19","psa":" 100,00","sna":"0","psna":"   0,00","e":"6059","ea":"6059","pea":" 100,00","ena":"0","pena":"   0,00","esi":"6059","pesi":" 100,00","esni":"0","pesni":"   0,00","c":"5456","pc":"  90,05","a":"603","pa":"   9,95","vscv":"0","vnom":"4857","vl":"308","pvnom":"  94,04","pvl":"   5,96","vvc":"5165","pvvc":"  94,67","vb":"35","pvb":"   0,64","tvn":"256","ptvn":"   4,69","vn":"256","pvn":" 100,00","vnt":"0","pvnt":"   0,00","vp":"0","pvp":"   0,00","vv":"5165","pvv":" 100,00","van":"0","pvan":"   0,00","vansj":"0","pvansj":"   0,00","tv":"5456","cand":[{"seq":"11","sqcand":"100001038356","n":"55123","nm":"LUIS CABOQUIM","cc":"PSD","nv":" ","e":"n","st":"Suplente","dvt":"V\u00e1lido","vap":"215","pvap":"   4,16"},{"seq":"13","sqcand":"100001038365","n":"55055","nm":"CLEIDIVAL PIAL","cc":"PSD","nv":" ","e":"n","st":"Suplente","dvt":"V\u00e1lido","vap":"192","pvap":"   3,72"},{"seq":"29","sqcand":"100000974389","n":"13525","nm":"MIUDA","cc":"PT","nv":" ","e":"n","st":"Suplente","dvt":"V\u00e1lido","vap":"22","pvap":"   0,43"},{"seq":"19","sqcand":"100000974055","n":"25025","nm":"GILVA GUIDA","cc":"DEM","nv":" ","e":"n","st":"Suplente","dvt":"V\u00e1lido","vap":"136","pvap":"   2,63"},{"seq":"18","sqcand":"100000974057","n":"25555","nm":"ROMILDO","cc":"DEM","nv":" ","e":"n","st":"Suplente","dvt":"V\u00e1lido","vap":"144","pvap":"   2,79"},{"seq":"27","sqcand":"100000974056","n":"25333","nm":"LETICIA","cc":"DEM","nv":" ","e":"n","st":"Suplente","dvt":"V\u00e1lido","vap":"33","pvap":"   0,64"},{"seq":"25","sqcand":"100000974058","n":"25678","nm":"BENTO FILHO","cc":"DEM","nv":" ","e":"n","st":"Suplente","dvt":"V\u00e1lido","vap":"54","pvap":"   1,05"},{"seq":"3","sqcand":"100001038357","n":"55555","nm":"LEALDO COUTINHO GUITA","cc":"PSD","nv":" ","e":"s","st":"Eleito","dvt":"V\u00e1lido","vap":"286","pvap":"   5,54"},{"seq":"21","sqcand":"100001038366","n":"55000","nm":"WILTON LEITE","cc":"PSD","nv":" ","e":"n","st":"Suplente","dvt":"V\u00e1lido","vap":"112","pvap":"   2,17"},{"seq":"10","sqcand":"100000974060","n":"25000","nm":"IONE","cc":"DEM","nv":" ","e":"n","st":"Suplente","dvt":"V\u00e1lido","vap":"218","pvap":"   4,22"},{"seq":"22","sqcand":"100001038354","n":"55778","nm":"DIVA TELES","cc":"PSD","nv":" ","e":"n","st":"Suplente","dvt":"V\u00e1lido","vap":"102","pvap":"   1,97"},{"seq":"15","sqcand":"100000974384","n":"13613","nm":"ALVONI DO SINDICATO","cc":"PT","nv":" ","e":"n","st":"Suplente","dvt":"V\u00e1lido","vap":"184","pvap":"   3,56"},{"seq":"20","sqcand":"100001038358","n":"55456","nm":"ROSANGELA BRITO","cc":"PSD","nv":" ","e":"n","st":"Suplente","dvt":"V\u00e1lido","vap":"116","pvap":"   2,25"},{"seq":"8","sqcand":"100000974061","n":"25111","nm":"PEDRO HENRIQUE","cc":"DEM","nv":" ","e":"s","st":"Eleito","dvt":"V\u00e1lido","vap":"227","pvap":"   4,39"},{"seq":"7","sqcand":"100001038360","n":"55678","nm":"CARLOS CORREIA","cc":"PSD","nv":" ","e":"s","st":"Eleito","dvt":"V\u00e1lido","vap":"252","pvap":"   4,88"},{"seq":"17","sqcand":"100000974385","n":"13425","nm":"ZE PA\u00c7OCA","cc":"PT","nv":" ","e":"n","st":"Suplente","dvt":"V\u00e1lido","vap":"153","pvap":"   2,96"},{"seq":"6","sqcand":"100000974059","n":"25456","nm":"JOAO VITTOR","cc":"DEM","nv":" ","e":"s","st":"Eleito","dvt":"V\u00e1lido","vap":"264","pvap":"   5,11"},{"seq":"30","sqcand":"100000974387","n":"13333","nm":"CEILA DO GEAN","cc":"PT","nv":" ","e":"n","st":"Suplente","dvt":"V\u00e1lido","vap":"7","pvap":"   0,14"},{"seq":"26","sqcand":"100000974383","n":"13000","nm":"ALINEIA","cc":"PT","nv":" ","e":"n","st":"Suplente","dvt":"V\u00e1lido","vap":"33","pvap":"   0,64"},{"seq":"5","sqcand":"100001038362","n":"55777","nm":"NETA DA FARM\u00c1CIA","cc":"PSD","nv":" ","e":"s","st":"Eleito","dvt":"V\u00e1lido","vap":"264","pvap":"   5,11"},{"seq":"2","sqcand":"100001038363","n":"55444","nm":"CHICO VITALINA","cc":"PSD","nv":" ","e":"s","st":"Eleito","dvt":"V\u00e1lido","vap":"288","pvap":"   5,58"},{"seq":"28","sqcand":"100001038355","n":"55333","nm":"CELIZANE ARAUJO","cc":"PSD","nv":" ","e":"n","st":"Suplente","dvt":"V\u00e1lido","vap":"32","pvap":"   0,62"},{"seq":"24","sqcand":"100000974386","n":"13413","nm":"JUCELINO QUEIROZ","cc":"PT","nv":" ","e":"n","st":"Suplente","dvt":"V\u00e1lido","vap":"82","pvap":"   1,59"},{"seq":"1","sqcand":"100000974062","n":"25234","nm":"ROSI GOIS","cc":"DEM","nv":" ","e":"s","st":"Eleito","dvt":"V\u00e1lido","vap":"307","pvap":"   5,94"},{"seq":"9","sqcand":"100000974388","n":"13123","nm":"CARLIM DO NOVO HORIZONTE","cc":"PT","nv":" ","e":"s","st":"Eleito","dvt":"V\u00e1lido","vap":"209","pvap":"   4,05"},{"seq":"14","sqcand":"100001038359","n":"55147","nm":"ANTONIO DO GONZAGA","cc":"PSD","nv":" ","e":"n","st":"Suplente","dvt":"V\u00e1lido","vap":"184","pvap":"   3,56"},{"seq":"4","sqcand":"100001038361","n":"55111","nm":"GILMARCO NANA","cc":"PSD","nv":" ","e":"s","st":"Eleito","dvt":"V\u00e1lido","vap":"277","pvap":"   5,36"},{"seq":"16","sqcand":"100000974063","n":"25123","nm":"FRANK CARVALHO","cc":"DEM","nv":" ","e":"n","st":"Suplente","dvt":"V\u00e1lido","vap":"170","pvap":"   3,29"},{"seq":"23","sqcand":"100001038364","n":"55222","nm":"ANTONIO ZOI\u00c3O","cc":"PSD","nv":" ","e":"n","st":"Suplente","dvt":"V\u00e1lido","vap":"88","pvap":"   1,70"},{"seq":"12","sqcand":"100000974382","n":"13456","nm":"FRAN JOVITA","cc":"PT","nv":" ","e":"n","st":"Suplente","dvt":"V\u00e1lido","vap":"206","pvap":"   3,99"}]}
