{"ele":"426","tpabr":"mu","cdabr":"07552","carper":"13","t":"1","f":"o","dt":"15/11/2020","ht":"22:02:47","dv":"s","tf":"s","v":"9","esae":"n","mnae":"","s":"56","st":"56","pst":" 100,00","snt":"0","psnt":"   0,00","si":"56","psi":" 100,00","sni":"0","psni":"   0,00","sa":"56","psa":" 100,00","sna":"0","psna":"   0,00","e":"18097","ea":"18097","pea":" 100,00","ena":"0","pena":"   0,00","esi":"18097","pesi":" 100,00","esni":"0","pesni":"   0,00","c":"14284","pc":"  78,93","a":"3813","pa":"  21,07","vscv":"0","vnom":"12906","vl":"639","pvnom":"  95,28","pvl":"   4,72","vvc":"13545","pvvc":"  94,83","vb":"135","pvb":"   0,94","tvn":"604","ptvn":"   4,23","vn":"372","pvn":"  61,59","vnt":"232","pvnt":"  38,41","vp":"0","pvp":"   0,00","vv":"13545","pvv":" 100,00","van":"0","pvan":"   0,00","vansj":"0","pvansj":"   0,00","tv":"14284","cand":[{"seq":"71","sqcand":"100001176878","n":"13613","nm":"MINGA","cc":"PT","nv":" ","e":"n","st":"N\u00e3o eleito","dvt":"V\u00e1lido","vap":"75","pvap":"   0,55"},{"seq":"20","sqcand":"100001113399","n":"22789","nm":"BAZINHO","cc":"PL","nv":" ","e":"n","st":"Suplente","dvt":"V\u00e1lido","vap":"214","pvap":"   1,58"},{"seq":"63","sqcand":"100001188707","n":"65555","nm":"DENILSON GUERRA","cc":"PC do B","nv":" ","e":"n","st":"N\u00e3o eleito","dvt":"V\u00e1lido","vap":"188","pvap":"   1,39"},{"seq":"51","sqcand":"100001113393","n":"22123","nm":"LUIZ AMIGO","cc":"PL","nv":" ","e":"n","st":"Suplente","dvt":"V\u00e1lido","vap":"21","pvap":"   0,16"},{"seq":"52","sqcand":"100001185600","n":"70001","nm":"RAILENE TAVARES","cc":"AVANTE","nv":" ","e":"n","st":"Suplente","dvt":"V\u00e1lido","vap":"21","pvap":"   0,16"},{"seq":"21","sqcand":"100001215234","n":"77111","nm":"PEDRINHO DA PADARIA","cc":"SOLIDARIEDADE","nv":" ","e":"n","st":"Suplente","dvt":"V\u00e1lido","vap":"183","pvap":"   1,35"},{"seq":"37","sqcand":"100001113395","n":"22022","nm":"RONALDO MOUR\u00c3O","cc":"PL","nv":" ","e":"n","st":"Suplente","dvt":"V\u00e1lido","vap":"53","pvap":"   0,39"},{"seq":"39","sqcand":"100001178861","n":"10100","nm":"PROFESSORA BETH ALC\u00c2NTARA","cc":"REPUBLICANOS","nv":" ","e":"n","st":"Suplente","dvt":"V\u00e1lido","vap":"48","pvap":"   0,35"},{"seq":"89","sqcand":"100001186824","n":"36999","nm":"MARIA DA CRUZ","cc":"PTC","nv":" ","e":"n","st":"N\u00e3o eleito","dvt":"V\u00e1lido","vap":"18","pvap":"   0,13"},{"seq":"46","sqcand":"100001113394","n":"22555","nm":"DEUZIMAR","cc":"PL","nv":" ","e":"n","st":"Suplente","dvt":"V\u00e1lido","vap":"32","pvap":"   0,24"},{"seq":"96","sqcand":"100001188706","n":"65333","nm":"NOGUEIRA","cc":"PC do B","nv":" ","e":"n","st":"N\u00e3o eleito","dvt":"V\u00e1lido","vap":"7","pvap":"   0,05"},{"seq":"12","sqcand":"100001067103","n":"45678","nm":"DONA JURA","cc":"PSDB","nv":" ","e":"n","st":"Suplente","dvt":"V\u00e1lido","vap":"309","pvap":"   2,28"},{"seq":"26","sqcand":"100001178864","n":"10456","nm":"IRM\u00c3O SANDRO","cc":"REPUBLICANOS","nv":" ","e":"n","st":"Suplente","dvt":"V\u00e1lido","vap":"105","pvap":"   0,78"},{"seq":"58","sqcand":"100001067107","n":"45444","nm":"RICARDO DA FORQUILHA","cc":"PSDB","nv":" ","e":"n","st":"Suplente","dvt":"V\u00e1lido","vap":"2","pvap":"   0,01"},{"seq":"82","sqcand":"100001253603","n":"17000","nm":"JACAR\u00c9 DE CARU","cc":"PSL","nv":" ","e":"n","st":"N\u00e3o eleito","dvt":"V\u00e1lido","vap":"27","pvap":"   0,20"},{"seq":"8","sqcand":"100001113387","n":"22333","nm":"PEIXE GALO","cc":"PL","nv":" ","e":"s","st":"Eleito","dvt":"V\u00e1lido","vap":"470","pvap":"   3,47"},{"seq":"40","sqcand":"100001215233","n":"77654","nm":"AFONSO FREITAS","cc":"SOLIDARIEDADE","nv":" ","e":"n","st":"Suplente","dvt":"V\u00e1lido","vap":"47","pvap":"   0,35"},{"seq":"14","sqcand":"100001185596","n":"70222","nm":"L\u00c9O FONSECA","cc":"AVANTE","nv":" ","e":"n","st":"Suplente","dvt":"V\u00e1lido","vap":"267","pvap":"   1,97"},{"seq":"1","sqcand":"100001113397","n":"22000","nm":"RENATINHO FILHO","cc":"PL","nv":" ","e":"s","st":"Eleito","dvt":"V\u00e1lido","vap":"900","pvap":"   6,64"},{"seq":"49","sqcand":"100001113391","n":"22011","nm":"CL\u00c9ZIA FREITAS","cc":"PL","nv":" ","e":"n","st":"Suplente","dvt":"V\u00e1lido","vap":"24","pvap":"   0,18"},{"seq":"91","sqcand":"100001186823","n":"36111","nm":"TUCA GUERRA","cc":"PTC","nv":" ","e":"n","st":"N\u00e3o eleito","dvt":"V\u00e1lido","vap":"13","pvap":"   0,10"},{"seq":"59","sqcand":"100001067104","n":"45555","nm":"VANDINHO DA GRUDE","cc":"PSDB","nv":" ","e":"n","st":"Suplente","dvt":"V\u00e1lido","vap":"0","pvap":"00.00"},{"seq":"53","sqcand":"100001178866","n":"10234","nm":"KLEICE OLIVEIRA","cc":"REPUBLICANOS","nv":" ","e":"n","st":"Suplente","dvt":"V\u00e1lido","vap":"21","pvap":"   0,16"},{"seq":"22","sqcand":"100001185604","n":"70123","nm":"BOLSINHO","cc":"AVANTE","nv":" ","e":"n","st":"Suplente","dvt":"V\u00e1lido","vap":"181","pvap":"   1,34"},{"seq":"66","sqcand":"100001253604","n":"17117","nm":"IRM\u00c3 TEREZINHA","cc":"PSL","nv":" ","e":"n","st":"N\u00e3o eleito","dvt":"V\u00e1lido","vap":"121","pvap":"   0,89"},{"seq":"25","sqcand":"100001113388","n":"22222","nm":"MARCELO MARQUES","cc":"PL","nv":" ","e":"n","st":"Suplente","dvt":"V\u00e1lido","vap":"133","pvap":"   0,98"},{"seq":"93","sqcand":"100001253600","n":"17147","nm":"IRM\u00c3 LEIDILENE","cc":"PSL","nv":" ","e":"n","st":"N\u00e3o eleito","dvt":"V\u00e1lido","vap":"8","pvap":"   0,06"},{"seq":"79","sqcand":"100001186822","n":"36333","nm":"J\u00daNIOR PAES","cc":"PTC","nv":" ","e":"n","st":"N\u00e3o eleito","dvt":"V\u00e1lido","vap":"33","pvap":"   0,24"},{"seq":"78","sqcand":"100001253606","n":"17200","nm":"IRM\u00c3O IVAN","cc":"PSL","nv":" ","e":"n","st":"N\u00e3o eleito","dvt":"V\u00e1lido","vap":"35","pvap":"   0,26"},{"seq":"29","sqcand":"100001067100","n":"45456","nm":"LICA BATISTA","cc":"PSDB","nv":" ","e":"n","st":"Suplente","dvt":"V\u00e1lido","vap":"82","pvap":"   0,61"},{"seq":"3","sqcand":"100001185601","n":"70000","nm":"PETR\u00d4NIO MESQUITA","cc":"AVANTE","nv":" ","e":"s","st":"Eleito","dvt":"V\u00e1lido","vap":"717","pvap":"   5,29"},{"seq":"75","sqcand":"100001176884","n":"13777","nm":"CARMO MOURA","cc":"PT","nv":" ","e":"n","st":"N\u00e3o eleito","dvt":"V\u00e1lido","vap":"47","pvap":"   0,35"},{"seq":"70","sqcand":"100001176882","n":"13333","nm":"GIBICA","cc":"PT","nv":" ","e":"n","st":"N\u00e3o eleito","dvt":"V\u00e1lido","vap":"92","pvap":"   0,68"},{"seq":"48","sqcand":"100001113392","n":"22239","nm":"EDNA COIFFER","cc":"PL","nv":" ","e":"n","st":"Suplente","dvt":"V\u00e1lido","vap":"25","pvap":"   0,18"},{"seq":"87","sqcand":"100001253601","n":"17007","nm":"LUCIANO DE MENEZES","cc":"PSL","nv":" ","e":"n","st":"N\u00e3o eleito","dvt":"V\u00e1lido","vap":"20","pvap":"   0,15"},{"seq":"95","sqcand":"100001176875","n":"13555","nm":"FABIANE BORGES","cc":"PT","nv":" ","e":"n","st":"N\u00e3o eleito","dvt":"V\u00e1lido","vap":"7","pvap":"   0,05"},{"seq":"33","sqcand":"100001178865","n":"10101","nm":"LELECA","cc":"REPUBLICANOS","nv":" ","e":"n","st":"Suplente","dvt":"V\u00e1lido","vap":"62","pvap":"   0,46"},{"seq":"50","sqcand":"100001113398","n":"22422","nm":"MARIA CILENE","cc":"PL","nv":" ","e":"n","st":"Suplente","dvt":"V\u00e1lido","vap":"23","pvap":"   0,17"},{"seq":"85","sqcand":"100001186819","n":"36000","nm":"SABRINA","cc":"PTC","nv":" ","e":"n","st":"N\u00e3o eleito","dvt":"V\u00e1lido","vap":"21","pvap":"   0,16"},{"seq":"4","sqcand":"100001113390","n":"22345","nm":"PIPIR\u00c3O","cc":"PL","nv":" ","e":"s","st":"Eleito","dvt":"V\u00e1lido","vap":"544","pvap":"   4,02"},{"seq":"56","sqcand":"100001178869","n":"10900","nm":"LENE SILVA","cc":"REPUBLICANOS","nv":" ","e":"n","st":"Suplente","dvt":"V\u00e1lido","vap":"17","pvap":"   0,13"},{"seq":"27","sqcand":"100001178860","n":"10255","nm":"ORLANDO DO S\u00c3O LOUREN\u00c7O","cc":"REPUBLICANOS","nv":" ","e":"n","st":"Suplente","dvt":"V\u00e1lido","vap":"95","pvap":"   0,70"},{"seq":"61","sqcand":"100001188708","n":"65789","nm":"BELL AMORIM","cc":"PC do B","nv":" ","e":"n","st":"N\u00e3o eleito","dvt":"V\u00e1lido","vap":"210","pvap":"   1,55"},{"seq":"80","sqcand":"100001186820","n":"36123","nm":"TATU CARUTAPERA","cc":"PTC","nv":" ","e":"n","st":"N\u00e3o eleito","dvt":"V\u00e1lido","vap":"32","pvap":"   0,24"},{"seq":"47","sqcand":"100001273235","n":"77369","nm":"IRM\u00c3 EULA","cc":"SOLIDARIEDADE","nv":" ","e":"n","st":"Suplente","dvt":"V\u00e1lido","vap":"27","pvap":"   0,20"},{"seq":"11","sqcand":"100001215242","n":"77456","nm":"PROF JARDEL","cc":"SOLIDARIEDADE","nv":" ","e":"n","st":"Suplente","dvt":"V\u00e1lido","vap":"312","pvap":"   2,30"},{"seq":"76","sqcand":"100001253605","n":"17777","nm":"Z\u00c9 ALDO","cc":"PSL","nv":" ","e":"n","st":"N\u00e3o eleito","dvt":"V\u00e1lido","vap":"45","pvap":"   0,33"},{"seq":"36","sqcand":"100001185595","n":"70777","nm":"TONINHO GON\u00c7ALVES","cc":"AVANTE","nv":" ","e":"n","st":"Suplente","dvt":"V\u00e1lido","vap":"56","pvap":"   0,41"},{"seq":"13","sqcand":"100001113389","n":"22444","nm":"JUCELINO MONTEIRO","cc":"PL","nv":" ","e":"n","st":"Suplente","dvt":"V\u00e1lido","vap":"290","pvap":"   2,14"},{"seq":"45","sqcand":"100001215241","n":"77258","nm":"CELIANA DA ESTIVA","cc":"SOLIDARIEDADE","nv":" ","e":"n","st":"Suplente","dvt":"V\u00e1lido","vap":"37","pvap":"   0,27"},{"seq":"67","sqcand":"100001176881","n":"13456","nm":"ZE CARLOS","cc":"PT","nv":" ","e":"n","st":"N\u00e3o eleito","dvt":"V\u00e1lido","vap":"114","pvap":"   0,84"},{"seq":"57","sqcand":"100001067101","n":"45777","nm":"IRM\u00c3 GRACIETE","cc":"PSDB","nv":" ","e":"n","st":"Suplente","dvt":"V\u00e1lido","vap":"6","pvap":"   0,04"},{"seq":"69","sqcand":"100001176876","n":"13123","nm":"JUNIOR OLIVEIRA","cc":"PT","nv":" ","e":"n","st":"N\u00e3o eleito","dvt":"V\u00e1lido","vap":"93","pvap":"   0,69"},{"seq":"72","sqcand":"100001188704","n":"65123","nm":"TARCISIO PANTOJA","cc":"PC do B","nv":" ","e":"n","st":"N\u00e3o eleito","dvt":"V\u00e1lido","vap":"70","pvap":"   0,52"},{"seq":"2","sqcand":"100001185603","n":"70900","nm":"PROFESSORA NADJA","cc":"AVANTE","nv":" ","e":"s","st":"Eleito","dvt":"V\u00e1lido","vap":"718","pvap":"   5,30"},{"seq":"34","sqcand":"100001185599","n":"70456","nm":"ELIAQUIM DE ST RITA","cc":"AVANTE","nv":" ","e":"n","st":"Suplente","dvt":"V\u00e1lido","vap":"59","pvap":"   0,44"},{"seq":"18","sqcand":"100001215238","n":"77777","nm":"LUCIO PEREIRA","cc":"SOLIDARIEDADE","nv":" ","e":"n","st":"Suplente","dvt":"V\u00e1lido","vap":"215","pvap":"   1,59"},{"seq":"83","sqcand":"100001253608","n":"17017","nm":"J\u00daNIOR VILELA","cc":"PSL","nv":" ","e":"n","st":"N\u00e3o eleito","dvt":"V\u00e1lido","vap":"26","pvap":"   0,19"},{"seq":"43","sqcand":"100001185598","n":"70888","nm":"GEIZA DUARTE","cc":"AVANTE","nv":" ","e":"n","st":"Suplente","dvt":"V\u00e1lido","vap":"40","pvap":"   0,30"},{"seq":"54","sqcand":"100001178868","n":"10555","nm":"ILDERSON ORELHA","cc":"REPUBLICANOS","nv":" ","e":"n","st":"Suplente","dvt":"V\u00e1lido","vap":"21","pvap":"   0,16"},{"seq":"88","sqcand":"100001253602","n":"17700","nm":"IRM\u00c3 ENEDINA","cc":"PSL","nv":" ","e":"n","st":"N\u00e3o eleito","dvt":"V\u00e1lido","vap":"18","pvap":"   0,13"},{"seq":"90","sqcand":"100001188701","n":"65444","nm":"CHIC\u00c3O DAS MOTOS","cc":"PC do B","nv":" ","e":"n","st":"N\u00e3o eleito","dvt":"V\u00e1lido","vap":"16","pvap":"   0,12"},{"seq":"16","sqcand":"100001215239","n":"77888","nm":"PROF ALUIZIO","cc":"SOLIDARIEDADE","nv":" ","e":"n","st":"Suplente","dvt":"V\u00e1lido","vap":"238","pvap":"   1,76"},{"seq":"60","sqcand":"100001188703","n":"65678","nm":"ALZIRA COSTA","cc":"PC do B","nv":" ","e":"n","st":"N\u00e3o eleito","dvt":"V\u00e1lido","vap":"215","pvap":"   1,59"},{"seq":"42","sqcand":"100001215240","n":"77999","nm":"ELIANA SARAIVA","cc":"SOLIDARIEDADE","nv":" ","e":"n","st":"Suplente","dvt":"V\u00e1lido","vap":"40","pvap":"   0,30"},{"seq":"62","sqcand":"100001188699","n":"65000","nm":"JORLIVAN FONTES","cc":"PC do B","nv":" ","e":"n","st":"N\u00e3o eleito","dvt":"V\u00e1lido","vap":"198","pvap":"   1,46"},{"seq":"31","sqcand":"100001215236","n":"77147","nm":"RICARDO BORGES","cc":"SOLIDARIEDADE","nv":" ","e":"n","st":"Suplente","dvt":"V\u00e1lido","vap":"69","pvap":"   0,51"},{"seq":"24","sqcand":"100001185597","n":"70333","nm":"PROFESSOR CLIANILDO","cc":"AVANTE","nv":" ","e":"n","st":"Suplente","dvt":"V\u00e1lido","vap":"160","pvap":"   1,18"},{"seq":"15","sqcand":"100001067099","n":"45345","nm":"JALBER DO S\u00c3O LOUREN\u00c7O","cc":"PSDB","nv":" ","e":"n","st":"Suplente","dvt":"V\u00e1lido","vap":"240","pvap":"   1,77"},{"seq":"55","sqcand":"100001067105","n":"45111","nm":"COR\u00d3 DO MOTO TAXI","cc":"PSDB","nv":" ","e":"n","st":"Suplente","dvt":"V\u00e1lido","vap":"18","pvap":"   0,13"},{"seq":"77","sqcand":"100001188705","n":"65111","nm":"ZANO MOTA","cc":"PC do B","nv":" ","e":"n","st":"N\u00e3o eleito","dvt":"V\u00e1lido","vap":"37","pvap":"   0,27"},{"seq":"17","sqcand":"100001215243","n":"77444","nm":"PROF MARILENE","cc":"SOLIDARIEDADE","nv":" ","e":"n","st":"Suplente","dvt":"V\u00e1lido","vap":"230","pvap":"   1,70"},{"seq":"74","sqcand":"100001176880","n":"13011","nm":"EDICHARLES","cc":"PT","nv":" ","e":"n","st":"N\u00e3o eleito","dvt":"V\u00e1lido","vap":"48","pvap":"   0,35"},{"seq":"86","sqcand":"100001188698","n":"65077","nm":"CLEUMA CELEIRO","cc":"PC do B","nv":" ","e":"n","st":"N\u00e3o eleito","dvt":"V\u00e1lido","vap":"20","pvap":"   0,15"},{"seq":"68","sqcand":"100001176883","n":"13100","nm":"GEOVANE GARRIDO","cc":"PT","nv":" ","e":"n","st":"N\u00e3o eleito","dvt":"V\u00e1lido","vap":"100","pvap":"   0,74"},{"seq":"81","sqcand":"100001188697","n":"65234","nm":"DAMYA LINS","cc":"PC do B","nv":" ","e":"n","st":"N\u00e3o eleito","dvt":"V\u00e1lido","vap":"31","pvap":"   0,23"},{"seq":"35","sqcand":"100001185602","n":"70789","nm":"TIAGO MARQUES","cc":"AVANTE","nv":" ","e":"n","st":"Suplente","dvt":"V\u00e1lido","vap":"58","pvap":"   0,43"},{"seq":"44","sqcand":"100001215237","n":"77123","nm":"DOUTOR DO CRUZEIRO","cc":"SOLIDARIEDADE","nv":" ","e":"n","st":"Suplente","dvt":"V\u00e1lido","vap":"39","pvap":"   0,29"},{"seq":"64","sqcand":"100001186821","n":"36666","nm":"PROFESSOR VALQUIRES","cc":"PTC","nv":" ","e":"n","st":"N\u00e3o eleito","dvt":"V\u00e1lido","vap":"179","pvap":"   1,32"},{"seq":"41","sqcand":"100001215232","n":"77333","nm":"MARINES","cc":"SOLIDARIEDADE","nv":" ","e":"n","st":"Suplente","dvt":"V\u00e1lido","vap":"46","pvap":"   0,34"},{"seq":"97","sqcand":"100001188702","n":"65655","nm":"SUELEN PINHEIRO","cc":"PC do B","nv":" ","e":"n","st":"N\u00e3o eleito","dvt":"V\u00e1lido","vap":"7","pvap":"   0,05"},{"seq":"7","sqcand":"100001067106","n":"45000","nm":"DOUTORA ADRIANA","cc":"PSDB","nv":" ","e":"s","st":"Eleito","dvt":"V\u00e1lido","vap":"528","pvap":"   3,90"},{"seq":"38","sqcand":"100001067102","n":"45123","nm":"MOISEIS DA CARRETINHA","cc":"PSDB","nv":" ","e":"n","st":"Suplente","dvt":"V\u00e1lido","vap":"50","pvap":"   0,37"},{"seq":"84","sqcand":"100001188696","n":"65345","nm":"MARCELO PESCADO","cc":"PC do B","nv":" ","e":"n","st":"N\u00e3o eleito","dvt":"V\u00e1lido","vap":"21","pvap":"   0,16"},{"seq":"28","sqcand":"100001178867","n":"10500","nm":"AMARILDO VIANA","cc":"REPUBLICANOS","nv":" ","e":"n","st":"Suplente","dvt":"V\u00e1lido","vap":"90","pvap":"   0,66"},{"seq":"65","sqcand":"100001176877","n":"13001","nm":"TACHINHA","cc":"PT","nv":" ","e":"n","st":"N\u00e3o eleito","dvt":"V\u00e1lido","vap":"140","pvap":"   1,03"},{"seq":"19","sqcand":"100001178870","n":"10999","nm":"ZEZINHO DO COMERCIO","cc":"REPUBLICANOS","nv":" ","e":"n","st":"Suplente","dvt":"V\u00e1lido","vap":"215","pvap":"   1,59"},{"seq":"10","sqcand":"100001113396","n":"22111","nm":"TABOCA","cc":"PL","nv":" ","e":"n","st":"Suplente","dvt":"V\u00e1lido","vap":"446","pvap":"   3,29"},{"seq":"6","sqcand":"100001215231","n":"77555","nm":"ZE DA CASA BRANCA","cc":"SOLIDARIEDADE","nv":" ","e":"s","st":"Eleito","dvt":"V\u00e1lido","vap":"529","pvap":"   3,91"},{"seq":"9","sqcand":"100001178871","n":"10000","nm":"DR FELISBERTO FREITAS","cc":"REPUBLICANOS","nv":" ","e":"s","st":"Eleito","dvt":"V\u00e1lido","vap":"299","pvap":"   2,21"},{"seq":"5","sqcand":"100001215235","n":"77000","nm":"PEDRO REIS","cc":"SOLIDARIEDADE","nv":" ","e":"s","st":"Eleito","dvt":"V\u00e1lido","vap":"534","pvap":"   3,94"},{"seq":"30","sqcand":"100001178872","n":"10111","nm":"PAI MARIANO","cc":"REPUBLICANOS","nv":" ","e":"n","st":"Suplente","dvt":"V\u00e1lido","vap":"69","pvap":"   0,51"},{"seq":"94","sqcand":"100001253607","n":"17123","nm":"CARLOS DO CREMOSINHO","cc":"PSL","nv":" ","e":"n","st":"N\u00e3o eleito","dvt":"V\u00e1lido","vap":"8","pvap":"   0,06"},{"seq":"73","sqcand":"100001176879","n":"13000","nm":"EVANILDE DIAS","cc":"PT","nv":" ","e":"n","st":"N\u00e3o eleito","dvt":"V\u00e1lido","vap":"52","pvap":"   0,38"},{"seq":"92","sqcand":"100001253599","n":"17456","nm":"JAIME BATISTA","cc":"PSL","nv":" ","e":"n","st":"N\u00e3o eleito","dvt":"V\u00e1lido","vap":"12","pvap":"   0,09"},{"seq":"32","sqcand":"100001178862","n":"10123","nm":"GABRIEL AMORIM","cc":"REPUBLICANOS","nv":" ","e":"n","st":"Suplente","dvt":"V\u00e1lido","vap":"67","pvap":"   0,49"},{"seq":"23","sqcand":"100001178863","n":"10222","nm":"IRM\u00c3O GENILSON FERNANDES","cc":"REPUBLICANOS","nv":" ","e":"n","st":"Suplente","dvt":"V\u00e1lido","vap":"160","pvap":"   1,18"}]}
