{"ele":"426","tpabr":"mu","cdabr":"07633","carper":"13","t":"1","f":"o","dt":"15/11/2020","ht":"21:58:46","dv":"s","tf":"s","v":"19","esae":"n","mnae":"","s":"203","st":"203","pst":" 100,00","snt":"0","psnt":"   0,00","si":"203","psi":" 100,00","sni":"0","psni":"   0,00","sa":"203","psa":" 100,00","sna":"0","psna":"   0,00","e":"72921","ea":"72921","pea":" 100,00","ena":"0","pena":"   0,00","esi":"72921","pesi":" 100,00","esni":"0","pesni":"   0,00","c":"56882","pc":"  78,00","a":"16039","pa":"  22,00","vscv":"0","vnom":"50745","vl":"3704","pvnom":"  93,20","pvl":"   6,80","vvc":"54723","pvvc":"  96,20","vb":"763","pvb":"   1,35","tvn":"1396","ptvn":"   2,45","vn":"1366","pvn":"  97,85","vnt":"30","pvnt":"   2,15","vp":"0","pvp":"   0,00","vv":"54449","pvv":"  99,50","van":"0","pvan":"   0,00","vansj":"274","pvansj":"   0,50","tv":"56882","cand":[{"seq":"240","sqcand":"100001253313","n":"17899","nm":"DELGADO","cc":"PSL","nv":" ","e":"n","st":"N\u00e3o eleito","dvt":"V\u00e1lido","vap":"46","pvap":"   0,08"},{"seq":"226","sqcand":"100001190003","n":"13456","nm":"Z\u00c9 RAIMUNDO","cc":"PT","nv":" ","e":"n","st":"N\u00e3o eleito","dvt":"V\u00e1lido","vap":"122","pvap":"   0,22"},{"seq":"15","sqcand":"100001194201","n":"40000","nm":"DR NELSON","cc":"PSB","nv":" ","e":"s","st":"Eleito","dvt":"V\u00e1lido","vap":"799","pvap":"   1,46"},{"seq":"7","sqcand":"100001194338","n":"25123","nm":"LEDA TORRES","cc":"DEM","nv":" ","e":"s","st":"Eleito","dvt":"V\u00e1lido","vap":"1108","pvap":"   2,02"},{"seq":"108","sqcand":"100001194197","n":"40111","nm":"S\u00c9RGIO R\u00d3CHEL","cc":"PSB","nv":" ","e":"n","st":"Suplente","dvt":"V\u00e1lido","vap":"77","pvap":"   0,14"},{"seq":"132","sqcand":"100001046243","n":"11300","nm":"ALLYCE RODRIGUES","cc":"PP","nv":" ","e":"n","st":"Suplente","dvt":"V\u00e1lido","vap":"49","pvap":"   0,09"},{"seq":"4","sqcand":"100001241213","n":"23123","nm":"LEONEL FILHO","cc":"CIDADANIA","nv":" ","e":"s","st":"Eleito","dvt":"V\u00e1lido","vap":"1417","pvap":"   2,59"},{"seq":"265","sqcand":"100001253307","n":"17211","nm":"SARGENTO JOTA FRANCISCO","cc":"PSL","nv":" ","e":"n","st":"N\u00e3o eleito","dvt":"V\u00e1lido","vap":"19","pvap":"   0,03"},{"seq":"123","sqcand":"100001241211","n":"23145","nm":"HISMARAGDA","cc":"CIDADANIA","nv":" ","e":"n","st":"Suplente","dvt":"V\u00e1lido","vap":"59","pvap":"   0,11"},{"seq":"44","sqcand":"100001133670","n":"90777","nm":"FERNANDO CONSTRU\u00c7\u00d5ES","cc":"PROS","nv":" ","e":"n","st":"Suplente","dvt":"V\u00e1lido","vap":"324","pvap":"   0,59"},{"seq":"221","sqcand":"100001253308","n":"17555","nm":"ALEXANDRE LIMA","cc":"PSL","nv":" ","e":"n","st":"N\u00e3o eleito","dvt":"V\u00e1lido","vap":"205","pvap":"   0,37"},{"seq":"163","sqcand":"100001101931","n":"10666","nm":"FRANCISCA CHIC\u00d3","cc":"REPUBLICANOS","nv":" ","e":"n","st":"Suplente","dvt":"V\u00e1lido","vap":"26","pvap":"   0,05"},{"seq":"256","sqcand":"100001253311","n":"17789","nm":"KESIA COSTA","cc":"PSL","nv":" ","e":"n","st":"N\u00e3o eleito","dvt":"V\u00e1lido","vap":"23","pvap":"   0,04"},{"seq":"258","sqcand":"100001253312","n":"17806","nm":"RAIMUNDO FREITAS","cc":"PSL","nv":" ","e":"n","st":"N\u00e3o eleito","dvt":"V\u00e1lido","vap":"22","pvap":"   0,04"},{"seq":"151","sqcand":"100001241209","n":"23193","nm":"ANA CLARA","cc":"CIDADANIA","nv":" ","e":"n","st":"Suplente","dvt":"V\u00e1lido","vap":"35","pvap":"   0,06"},{"seq":"59","sqcand":"100001088073","n":"55000","nm":"PROFESSOR GILDAZIO","cc":"PSD","nv":" ","e":"n","st":"Suplente","dvt":"V\u00e1lido","vap":"188","pvap":"   0,34"},{"seq":"88","sqcand":"100001126277","n":"18189","nm":"PROFESSORA LUCIA BASTOS","cc":"REDE","nv":" ","e":"n","st":"Suplente","dvt":"V\u00e1lido","vap":"102","pvap":"   0,19"},{"seq":"186","sqcand":"100001088056","n":"55194","nm":"MARIA DAS GRA\u00c7AS","cc":"PSD","nv":" ","e":"n","st":"Suplente","dvt":"V\u00e1lido","vap":"15","pvap":"   0,03"},{"seq":"89","sqcand":"100001046234","n":"11555","nm":"LOURIM DA CARNE","cc":"PP","nv":" ","e":"n","st":"Suplente","dvt":"V\u00e1lido","vap":"102","pvap":"   0,19"},{"seq":"200","sqcand":"100001088057","n":"55322","nm":"MONIK MOTA","cc":"PSD","nv":" ","e":"n","st":"Suplente","dvt":"V\u00e1lido","vap":"5","pvap":"   0,01"},{"seq":"49","sqcand":"100000880217","n":"77888","nm":"JOSE LUIS O PETY","cc":"SOLIDARIEDADE","nv":" ","e":"n","st":"Suplente","dvt":"V\u00e1lido","vap":"257","pvap":"   0,47"},{"seq":"78","sqcand":"100001088068","n":"55123","nm":"FERNANDO SANTOS","cc":"PSD","nv":" ","e":"n","st":"Suplente","dvt":"V\u00e1lido","vap":"126","pvap":"   0,23"},{"seq":"143","sqcand":"100001101926","n":"10234","nm":"RAIMUNDO CARAMBOLO","cc":"REPUBLICANOS","nv":" ","e":"n","st":"Suplente","dvt":"V\u00e1lido","vap":"42","pvap":"   0,08"},{"seq":"219","sqcand":"100001023106","n":"14789","nm":"MANO XINXIN","cc":"PTB","nv":" ","e":"n","st":"N\u00e3o eleito","dvt":"V\u00e1lido","vap":"345","pvap":"   0,63"},{"seq":"250","sqcand":"100001192471","n":"15151","nm":"MARIA CREUZA","cc":"MDB","nv":" ","e":"n","st":"N\u00e3o eleito","dvt":"V\u00e1lido","vap":"30","pvap":"   0,05"},{"seq":"102","sqcand":"100001190220","n":"12444","nm":"PROFESSORA EFRAINA","cc":"PDT","nv":" ","e":"n","st":"Suplente","dvt":"V\u00e1lido","vap":"83","pvap":"   0,15"},{"seq":"84","sqcand":"100001194343","n":"25333","nm":"MARLENE ACS","cc":"DEM","nv":" ","e":"n","st":"Suplente","dvt":"V\u00e1lido","vap":"115","pvap":"   0,21"},{"seq":"236","sqcand":"100001023089","n":"14333","nm":"GRACY KELLY","cc":"PTB","nv":" ","e":"n","st":"N\u00e3o eleito","dvt":"V\u00e1lido","vap":"51","pvap":"   0,09"},{"seq":"137","sqcand":"100001101923","n":"10789","nm":"PAULINHO DA TRIZIDELA","cc":"REPUBLICANOS","nv":" ","e":"n","st":"Suplente","dvt":"V\u00e1lido","vap":"48","pvap":"   0,09"},{"seq":"106","sqcand":"100001241202","n":"23456","nm":"MOACIR SERRA","cc":"CIDADANIA","nv":" ","e":"n","st":"Suplente","dvt":"V\u00e1lido","vap":"78","pvap":"   0,14"},{"seq":"69","sqcand":"100001133676","n":"90444","nm":"NALDO DO SITIO","cc":"PROS","nv":" ","e":"n","st":"Suplente","dvt":"V\u00e1lido","vap":"144","pvap":"   0,26"},{"seq":"50","sqcand":"100000880223","n":"77555","nm":"VALDECI FAUSTINO","cc":"SOLIDARIEDADE","nv":" ","e":"n","st":"Suplente","dvt":"V\u00e1lido","vap":"254","pvap":"   0,46"},{"seq":"217","sqcand":"100001023099","n":"14123","nm":"Z\u00c9 ADILSON","cc":"PTB","nv":" ","e":"n","st":"N\u00e3o eleito","dvt":"V\u00e1lido","vap":"457","pvap":"   0,84"},{"seq":"201","sqcand":"100001023908","n":"65888","nm":"RAIMUNDINHA","cc":"PC do B","nv":" ","e":"n","st":"Suplente","dvt":"V\u00e1lido","vap":"4","pvap":"   0,01"},{"seq":"25","sqcand":"100001101922","n":"10888","nm":"JUNIOR OLIVEIRA","cc":"REPUBLICANOS","nv":" ","e":"n","st":"Suplente","dvt":"V\u00e1lido","vap":"680","pvap":"   1,24"},{"seq":"95","sqcand":"100001126280","n":"18745","nm":"CLEITON FONSECA","cc":"REDE","nv":" ","e":"n","st":"Suplente","dvt":"V\u00e1lido","vap":"89","pvap":"   0,16"},{"seq":"210","sqcand":"100001133663","n":"90888","nm":"PROFESSOR CEZAR","cc":"PROS","nv":" ","e":"n","st":"Suplente","dvt":"V\u00e1lido","vap":"0","pvap":"00.00"},{"seq":"287","sqcand":"100001192470","n":"15333","nm":"MARIA SOLANGE","cc":"MDB","nv":" ","e":"n","st":"N\u00e3o eleito","dvt":"V\u00e1lido","vap":"0","pvap":"00.00"},{"seq":"79","sqcand":"100000880221","n":"77990","nm":"DOUGLAS BEZERRA","cc":"SOLIDARIEDADE","nv":" ","e":"n","st":"Suplente","dvt":"V\u00e1lido","vap":"119","pvap":"   0,22"},{"seq":"208","sqcand":"100000880230","n":"77001","nm":"ELIZANY DO RECANTO DOS VEIRAS","cc":"SOLIDARIEDADE","nv":" ","e":"n","st":"Suplente","dvt":"V\u00e1lido","vap":"0","pvap":"00.00"},{"seq":"162","sqcand":"100001023912","n":"65113","nm":"DE ASSIS","cc":"PC do B","nv":" ","e":"n","st":"Suplente","dvt":"V\u00e1lido","vap":"28","pvap":"   0,05"},{"seq":"182","sqcand":"100001133684","n":"90334","nm":"PROFESSORA HENI","cc":"PROS","nv":" ","e":"n","st":"Suplente","dvt":"V\u00e1lido","vap":"16","pvap":"   0,03"},{"seq":"173","sqcand":"100001126279","n":"18520","nm":"FERNANDO TADEU","cc":"REDE","nv":" ","e":"n","st":"Suplente","dvt":"V\u00e1lido","vap":"20","pvap":"   0,04"},{"seq":"14","sqcand":"100001101939","n":"10000","nm":"RODRIGO FIGUEIREDO","cc":"REPUBLICANOS","nv":" ","e":"s","st":"Eleito","dvt":"V\u00e1lido","vap":"824","pvap":"   1,51"},{"seq":"145","sqcand":"100001241204","n":"23666","nm":"PROFESSORA MARIA JOS\u00c9","cc":"CIDADANIA","nv":" ","e":"n","st":"Suplente","dvt":"V\u00e1lido","vap":"41","pvap":"   0,07"},{"seq":"241","sqcand":"100001192460","n":"15555","nm":"CARLITO TUR ","cc":"MDB","nv":" ","e":"n","st":"N\u00e3o eleito","dvt":"V\u00e1lido","vap":"45","pvap":"   0,08"},{"seq":"147","sqcand":"100001101938","n":"10101","nm":"FILOMENA MENDES","cc":"REPUBLICANOS","nv":" ","e":"n","st":"Suplente","dvt":"V\u00e1lido","vap":"38","pvap":"   0,07"},{"seq":"172","sqcand":"100001023913","n":"65111","nm":"ANT\u00d4NIO DA SIND\u00c1","cc":"PC do B","nv":" ","e":"n","st":"Suplente","dvt":"V\u00e1lido","vap":"20","pvap":"   0,04"},{"seq":"16","sqcand":"100000880233","n":"77123","nm":"VALDECI CALIXTO","cc":"SOLIDARIEDADE","nv":" ","e":"s","st":"Eleito","dvt":"V\u00e1lido","vap":"781","pvap":"   1,43"},{"seq":"120","sqcand":"100001126273","n":"18219","nm":"NEIDE ROCHA","cc":"REDE","nv":" ","e":"n","st":"Suplente","dvt":"V\u00e1lido","vap":"61","pvap":"   0,11"},{"seq":"207","sqcand":"100001088061","n":"55444","nm":"HOZERLANI","cc":"PSD","nv":" ","e":"n","st":"Suplente","dvt":"V\u00e1lido","vap":"0","pvap":"00.00"},{"seq":"60","sqcand":"100001133686","n":"90123","nm":"VERIDIANO SOUSA","cc":"PROS","nv":" ","e":"n","st":"Suplente","dvt":"V\u00e1lido","vap":"185","pvap":"   0,34"},{"seq":"159","sqcand":"100001126858","n":"22888","nm":"COELHO","cc":"PL","nv":" ","e":"n","st":"Suplente","dvt":"V\u00e1lido","vap":"29","pvap":"   0,05"},{"seq":"19","sqcand":"100001088055","n":"55111","nm":"DR MENDES","cc":"PSD","nv":" ","e":"s","st":"Eleito","dvt":"V\u00e1lido","vap":"287","pvap":"   0,52"},{"seq":"165","sqcand":"100000880218","n":"77012","nm":"ELISANDRA DOS SANTOS","cc":"SOLIDARIEDADE","nv":" ","e":"n","st":"Suplente","dvt":"V\u00e1lido","vap":"23","pvap":"   0,04"},{"seq":"141","sqcand":"100001023903","n":"65222","nm":"EDGAR MOTOT\u00c1XI","cc":"PC do B","nv":" ","e":"n","st":"Suplente","dvt":"V\u00e1lido","vap":"43","pvap":"   0,08"},{"seq":"268","sqcand":"100001192464","n":"15200","nm":"ALEXSANDRA","cc":"MDB","nv":" ","e":"n","st":"N\u00e3o eleito","dvt":"V\u00e1lido","vap":"18","pvap":"   0,03"},{"seq":"239","sqcand":"100001190008","n":"13258","nm":"PROFESSORA ETIENE","cc":"PT","nv":" ","e":"n","st":"N\u00e3o eleito","dvt":"V\u00e1lido","vap":"47","pvap":"   0,09"},{"seq":"61","sqcand":"100001194342","n":"25777","nm":"JERI MOTA","cc":"DEM","nv":" ","e":"n","st":"Suplente","dvt":"V\u00e1lido","vap":"172","pvap":"   0,31"},{"seq":"176","sqcand":"100001126850","n":"22678","nm":"MANIN FLOR","cc":"PL","nv":" ","e":"n","st":"Suplente","dvt":"V\u00e1lido","vap":"19","pvap":"   0,03"},{"seq":"153","sqcand":"100001023901","n":"65223","nm":"EM\u00cdLIA CABOCA","cc":"PC do B","nv":" ","e":"n","st":"Suplente","dvt":"V\u00e1lido","vap":"34","pvap":"   0,06"},{"seq":"35","sqcand":"100001126854","n":"22789","nm":"IGOR LOPES","cc":"PL","nv":" ","e":"n","st":"Suplente","dvt":"V\u00e1lido","vap":"458","pvap":"   0,84"},{"seq":"196","sqcand":"100001088064","n":"55677","nm":"ANA KAROLINE","cc":"PSD","nv":" ","e":"n","st":"Suplente","dvt":"V\u00e1lido","vap":"8","pvap":"   0,01"},{"seq":"259","sqcand":"100001192473","n":"15999","nm":"WALDEMBERG","cc":"MDB","nv":" ","e":"n","st":"N\u00e3o eleito","dvt":"V\u00e1lido","vap":"22","pvap":"   0,04"},{"seq":"47","sqcand":"100001133675","n":"90111","nm":"PROFESSOR IN\u00c1CIO","cc":"PROS","nv":" ","e":"n","st":"Suplente","dvt":"V\u00e1lido","vap":"276","pvap":"   0,50"},{"seq":"52","sqcand":"100001194340","n":"25800","nm":"KINZ\u00c3O TURISMO","cc":"DEM","nv":" ","e":"n","st":"Suplente","dvt":"V\u00e1lido","vap":"221","pvap":"   0,40"},{"seq":"75","sqcand":"100001088070","n":"55125","nm":"PASTOR VALDEMIR","cc":"PSD","nv":" ","e":"n","st":"Suplente","dvt":"V\u00e1lido","vap":"131","pvap":"   0,24"},{"seq":"140","sqcand":"100001088074","n":"55555","nm":"MARCOS FREITAS","cc":"PSD","nv":" ","e":"n","st":"Suplente","dvt":"V\u00e1lido","vap":"46","pvap":"   0,08"},{"seq":"238","sqcand":"100001253293","n":"17213","nm":"PROFESSOR LUDENDORF","cc":"PSL","nv":" ","e":"n","st":"N\u00e3o eleito","dvt":"V\u00e1lido","vap":"49","pvap":"   0,09"},{"seq":"58","sqcand":"100000880222","n":"77800","nm":"REJANE DA POUSADA","cc":"SOLIDARIEDADE","nv":" ","e":"n","st":"Suplente","dvt":"V\u00e1lido","vap":"189","pvap":"   0,35"},{"seq":"57","sqcand":"100001241214","n":"23012","nm":"WILSON MORAES","cc":"CIDADANIA","nv":" ","e":"n","st":"Suplente","dvt":"V\u00e1lido","vap":"195","pvap":"   0,36"},{"seq":"107","sqcand":"100001023907","n":"65221","nm":"JANDIR SALES","cc":"PC do B","nv":" ","e":"n","st":"Suplente","dvt":"V\u00e1lido","vap":"77","pvap":"   0,14"},{"seq":"156","sqcand":"100001190218","n":"12333","nm":"RITA DA BAIXINHA","cc":"PDT","nv":" ","e":"n","st":"Suplente","dvt":"V\u00e1lido","vap":"30","pvap":"   0,05"},{"seq":"86","sqcand":"100001126860","n":"22111","nm":"RIBINHA SIQUEIRA","cc":"PL","nv":" ","e":"n","st":"Suplente","dvt":"V\u00e1lido","vap":"103","pvap":"   0,19"},{"seq":"114","sqcand":"100001046226","n":"11456","nm":"SORAIA PRODU\u00c7\u00d5ES","cc":"PP","nv":" ","e":"n","st":"Suplente","dvt":"V\u00e1lido","vap":"67","pvap":"   0,12"},{"seq":"279","sqcand":"100001023103","n":"14666","nm":"FRANCO NETO","cc":"PTB","nv":" ","e":"n","st":"N\u00e3o eleito","dvt":"V\u00e1lido","vap":"5","pvap":"   0,01"},{"seq":"48","sqcand":"100000880231","n":"77221","nm":"ANTONIA DO CAC\u00c1","cc":"SOLIDARIEDADE","nv":" ","e":"n","st":"Suplente","dvt":"V\u00e1lido","vap":"257","pvap":"   0,47"},{"seq":"11","sqcand":"100000880220","n":"77777","nm":"ANT\u00d4NIO LUZ","cc":"SOLIDARIEDADE","nv":" ","e":"s","st":"Eleito","dvt":"V\u00e1lido","vap":"966","pvap":"   1,77"},{"seq":"68","sqcand":"100001088054","n":"55855","nm":"PROF KEL\u00c9","cc":"PSD","nv":" ","e":"n","st":"Suplente","dvt":"V\u00e1lido","vap":"147","pvap":"   0,27"},{"seq":"267","sqcand":"100001192463","n":"15345","nm":"DI\u00d3 ","cc":"MDB","nv":" ","e":"n","st":"N\u00e3o eleito","dvt":"V\u00e1lido","vap":"18","pvap":"   0,03"},{"seq":"289","sqcand":"100001253310","n":"17237","nm":"SUZANE BESSA","cc":"PSL","nv":" ","e":"n","st":"N\u00e3o eleito","dvt":"V\u00e1lido","vap":"0","pvap":"00.00"},{"seq":"18","sqcand":"100001133679","n":"90321","nm":"WANDERSON DA TRIZIDELA","cc":"PROS","nv":" ","e":"s","st":"Eleito","dvt":"V\u00e1lido","vap":"639","pvap":"   1,17"},{"seq":"31","sqcand":"100001190214","n":"12366","nm":"ANA CELIA DUAILIBE","cc":"PDT","nv":" ","e":"n","st":"Suplente","dvt":"V\u00e1lido","vap":"550","pvap":"   1,01"},{"seq":"245","sqcand":"100001253298","n":"17488","nm":"FRANCISCO EUDES","cc":"PSL","nv":" ","e":"n","st":"N\u00e3o eleito","dvt":"V\u00e1lido","vap":"38","pvap":"   0,07"},{"seq":"27","sqcand":"100001101935","n":"10010","nm":"VALBER CABRAL","cc":"REPUBLICANOS","nv":" ","e":"n","st":"Suplente","dvt":"V\u00e1lido","vap":"612","pvap":"   1,12"},{"seq":"101","sqcand":"100001023911","n":"65432","nm":"CHAGUINHA DO JERUSAL\u00c9M","cc":"PC do B","nv":" ","e":"n","st":"Suplente","dvt":"V\u00e1lido","vap":"83","pvap":"   0,15"},{"seq":"190","sqcand":"100001126863","n":"22135","nm":"ALCIMAR O SEU AMARAL","cc":"PL","nv":" ","e":"n","st":"Suplente","dvt":"V\u00e1lido","vap":"11","pvap":"   0,02"},{"seq":"152","sqcand":"100001101930","n":"10123","nm":"RAIMUNDO RIBEIRO","cc":"REPUBLICANOS","nv":" ","e":"n","st":"Suplente","dvt":"V\u00e1lido","vap":"35","pvap":"   0,06"},{"seq":"112","sqcand":"100001088062","n":"55678","nm":"PROF\u00aa SOCORRO ROCHA","cc":"PSD","nv":" ","e":"n","st":"Suplente","dvt":"V\u00e1lido","vap":"71","pvap":"   0,13"},{"seq":"96","sqcand":"100001126269","n":"18888","nm":"MAYARA DO AMARAL","cc":"REDE","nv":" ","e":"n","st":"Suplente","dvt":"V\u00e1lido","vap":"89","pvap":"   0,16"},{"seq":"192","sqcand":"100001241216","n":"23890","nm":"ARLETE LIMA","cc":"CIDADANIA","nv":" ","e":"n","st":"Suplente","dvt":"V\u00e1lido","vap":"11","pvap":"   0,02"},{"seq":"23","sqcand":"100001023914","n":"65777","nm":"ARLINDO SALAZAR","cc":"PC do B","nv":" ","e":"n","st":"Suplente","dvt":"V\u00e1lido","vap":"765","pvap":"   1,40"},{"seq":"109","sqcand":"100001241219","n":"23156","nm":"CHINGUARA DO DEZESSETE","cc":"CIDADANIA","nv":" ","e":"n","st":"Suplente","dvt":"V\u00e1lido","vap":"75","pvap":"   0,14"},{"seq":"197","sqcand":"100001101933","n":"10345","nm":"CRISTIANE TINA","cc":"REPUBLICANOS","nv":" ","e":"n","st":"Suplente","dvt":"V\u00e1lido","vap":"6","pvap":"   0,01"},{"seq":"85","sqcand":"100001241203","n":"23789","nm":"DAS DORES DO CORR\u00d3","cc":"CIDADANIA","nv":" ","e":"n","st":"Suplente","dvt":"V\u00e1lido","vap":"111","pvap":"   0,20"},{"seq":"211","sqcand":"100001101921","n":"10323","nm":"FRANCIMAR","cc":"REPUBLICANOS","nv":" ","e":"n","st":"Suplente","dvt":"V\u00e1lido","vap":"0","pvap":"00.00"},{"seq":"255","sqcand":"100001023098","n":"14444","nm":"DETETIVE CHARLES","cc":"PTB","nv":" ","e":"n","st":"N\u00e3o eleito","dvt":"V\u00e1lido","vap":"23","pvap":"   0,04"},{"seq":"54","sqcand":"100001190215","n":"12456","nm":"PAIX\u00c3O NOVAIS","cc":"PDT","nv":" ","e":"n","st":"Suplente","dvt":"V\u00e1lido","vap":"211","pvap":"   0,39"},{"seq":"234","sqcand":"100001023109","n":"14111","nm":"MISSION\u00c1RIA N\u00daBIA","cc":"PTB","nv":" ","e":"n","st":"N\u00e3o eleito","dvt":"V\u00e1lido","vap":"54","pvap":"   0,10"},{"seq":"194","sqcand":"100001046228","n":"11777","nm":"JUUH DO GADO","cc":"PP","nv":" ","e":"n","st":"Suplente","dvt":"V\u00e1lido","vap":"10","pvap":"   0,02"},{"seq":"246","sqcand":"100001190007","n":"13666","nm":"PROFESSOR CLEMILTON MARLEY","cc":"PT","nv":" ","e":"n","st":"N\u00e3o eleito","dvt":"V\u00e1lido","vap":"35","pvap":"   0,06"},{"seq":"167","sqcand":"100001126853","n":"22333","nm":"SARA","cc":"PL","nv":" ","e":"n","st":"Suplente","dvt":"V\u00e1lido","vap":"22","pvap":"   0,04"},{"seq":"189","sqcand":"100001194200","n":"40567","nm":"FRANCISCA CAMELO","cc":"PSB","nv":" ","e":"n","st":"Suplente","dvt":"V\u00e1lido","vap":"14","pvap":"   0,03"},{"seq":"251","sqcand":"100001190012","n":"13444","nm":"IRM\u00c3O BARTOLOMEU","cc":"PT","nv":" ","e":"n","st":"N\u00e3o eleito","dvt":"V\u00e1lido","vap":"29","pvap":"   0,05"},{"seq":"134","sqcand":"100001088060","n":"55699","nm":"WASHIGTON","cc":"PSD","nv":" ","e":"n","st":"Suplente","dvt":"V\u00e1lido","vap":"49","pvap":"   0,09"},{"seq":"3","sqcand":"100001190209","n":"12345","nm":"DELEGADO ROMULO","cc":"PDT","nv":" ","e":"s","st":"Eleito","dvt":"V\u00e1lido","vap":"1425","pvap":"   2,60"},{"seq":"32","sqcand":"100000880226","n":"77444","nm":"SARU\u00ca","cc":"SOLIDARIEDADE","nv":" ","e":"n","st":"Suplente","dvt":"V\u00e1lido","vap":"544","pvap":"   0,99"},{"seq":"272","sqcand":"100001023088","n":"14417","nm":"IRM\u00c3O ENOFRE","cc":"PTB","nv":" ","e":"n","st":"N\u00e3o eleito","dvt":"V\u00e1lido","vap":"15","pvap":"   0,03"},{"seq":"74","sqcand":"100001101937","n":"10231","nm":"SAMARA DELGADO","cc":"REPUBLICANOS","nv":" ","e":"n","st":"Suplente","dvt":"V\u00e1lido","vap":"134","pvap":"   0,24"},{"seq":"6","sqcand":"100001190216","n":"12343","nm":"PASTOR MAX","cc":"PDT","nv":" ","e":"s","st":"Eleito","dvt":"V\u00e1lido","vap":"1146","pvap":"   2,09"},{"seq":"37","sqcand":"100001133681","n":"90999","nm":"FERNANDO DO SANTANA","cc":"PROS","nv":" ","e":"n","st":"Suplente","dvt":"V\u00e1lido","vap":"439","pvap":"   0,80"},{"seq":"229","sqcand":"100001190014","n":"13999","nm":"PROFESSORA ERISMAR","cc":"PT","nv":" ","e":"n","st":"N\u00e3o eleito","dvt":"V\u00e1lido","vap":"69","pvap":"   0,13"},{"seq":"26","sqcand":"100001194336","n":"25555","nm":"DIOGO TITO","cc":"DEM","nv":" ","e":"n","st":"Suplente","dvt":"V\u00e1lido","vap":"666","pvap":"   1,22"},{"seq":"270","sqcand":"100001192466","n":"15789","nm":"ZEZINHO","cc":"MDB","nv":" ","e":"n","st":"N\u00e3o eleito","dvt":"V\u00e1lido","vap":"17","pvap":"   0,03"},{"seq":"21","sqcand":"100001194337","n":"25222","nm":"PROCOPIO NETO","cc":"DEM","nv":" ","e":"n","st":"Suplente","dvt":"V\u00e1lido","vap":"816","pvap":"   1,49"},{"seq":"171","sqcand":"100001194194","n":"40777","nm":"FRANCISCA TORRES","cc":"PSB","nv":" ","e":"n","st":"Suplente","dvt":"V\u00e1lido","vap":"21","pvap":"   0,04"},{"seq":"185","sqcand":"100001023900","n":"65678","nm":"IRM\u00c3O SARGENTO BANDEIRA","cc":"PC do B","nv":" ","e":"n","st":"Suplente","dvt":"V\u00e1lido","vap":"15","pvap":"   0,03"},{"seq":"218","sqcand":"100001253309","n":"17777","nm":"JUNIOR","cc":"PSL","nv":" ","e":"n","st":"N\u00e3o eleito","dvt":"V\u00e1lido","vap":"355","pvap":"   0,65"},{"seq":"92","sqcand":"100001046235","n":"11622","nm":"LICA CONSTRU\u00c7\u00d5ES","cc":"PP","nv":" ","e":"n","st":"Suplente","dvt":"V\u00e1lido","vap":"96","pvap":"   0,18"},{"seq":"235","sqcand":"100001190005","n":"13225","nm":"CARLOS VENANCIO O PRIMO","cc":"PT","nv":" ","e":"n","st":"N\u00e3o eleito","dvt":"V\u00e1lido","vap":"53","pvap":"   0,10"},{"seq":"99","sqcand":"100001194195","n":"40345","nm":"ALDEANE","cc":"PSB","nv":" ","e":"n","st":"Suplente","dvt":"V\u00e1lido","vap":"86","pvap":"   0,16"},{"seq":"175","sqcand":"100001023898","n":"65444","nm":"EURISMAR","cc":"PC do B","nv":" ","e":"n","st":"Suplente","dvt":"V\u00e1lido","vap":"19","pvap":"   0,03"},{"seq":"284","sqcand":"100001192461","n":"15900","nm":"CLEONICE","cc":"MDB","nv":" ","e":"n","st":"N\u00e3o eleito","dvt":"V\u00e1lido","vap":"1","pvap":"   0,00"},{"seq":"98","sqcand":"100001190212","n":"12000","nm":"BRUNO MACIEL","cc":"PDT","nv":" ","e":"n","st":"Suplente","dvt":"V\u00e1lido","vap":"88","pvap":"   0,16"},{"seq":"64","sqcand":"100001133680","n":"90456","nm":"MAURO PAIVA","cc":"PROS","nv":" ","e":"n","st":"Suplente","dvt":"V\u00e1lido","vap":"157","pvap":"   0,29"},{"seq":"205","sqcand":"100001101940","n":"10876","nm":"ANT\u00d4NIA DE JESUS","cc":"REPUBLICANOS","nv":" ","e":"n","st":"Suplente","dvt":"V\u00e1lido","vap":"1","pvap":"   0,00"},{"seq":"230","sqcand":"100001190002","n":"13000","nm":"MAGNO DO PT","cc":"PT","nv":" ","e":"n","st":"N\u00e3o eleito","dvt":"V\u00e1lido","vap":"68","pvap":"   0,12"},{"seq":"283","sqcand":"100001253301","n":"17200","nm":"SORRISO","cc":"PSL","nv":" ","e":"n","st":"N\u00e3o eleito","dvt":"V\u00e1lido","vap":"2","pvap":"   0,00"},{"seq":"149","sqcand":"100001194341","n":"25678","nm":"BIRA DO BAR","cc":"DEM","nv":" ","e":"n","st":"Suplente","dvt":"V\u00e1lido","vap":"37","pvap":"   0,07"},{"seq":"232","sqcand":"100001190011","n":"13822","nm":"MARCELINO MECANICO","cc":"PT","nv":" ","e":"n","st":"N\u00e3o eleito","dvt":"V\u00e1lido","vap":"61","pvap":"   0,11"},{"seq":"247","sqcand":"100001023091","n":"14321","nm":"JOEL O MENINO SONHADOR","cc":"PTB","nv":" ","e":"n","st":"N\u00e3o eleito","dvt":"V\u00e1lido","vap":"34","pvap":"   0,06"},{"seq":"119","sqcand":"100001126861","n":"22000","nm":"SONIA RAQUEL","cc":"PL","nv":" ","e":"n","st":"Suplente","dvt":"V\u00e1lido","vap":"62","pvap":"   0,11"},{"seq":"204","sqcand":"100001133683","n":"90998","nm":"SANDRA DO OLIVEIRA","cc":"PROS","nv":" ","e":"n","st":"Suplente","dvt":"V\u00e1lido","vap":"1","pvap":"   0,00"},{"seq":"142","sqcand":"100001046231","n":"11332","nm":"MARLY","cc":"PP","nv":" ","e":"n","st":"Suplente","dvt":"V\u00e1lido","vap":"43","pvap":"   0,08"},{"seq":"42","sqcand":"100001133674","n":"90555","nm":"CHIQUINHO DA CASA RAQUEL","cc":"PROS","nv":" ","e":"n","st":"Suplente","dvt":"V\u00e1lido","vap":"367","pvap":"   0,67"},{"seq":"206","sqcand":"100001194345","n":"25999","nm":"LUCIOLINA CORTEZ","cc":"DEM","nv":" ","e":"n","st":"Suplente","dvt":"V\u00e1lido","vap":"0","pvap":"00.00"},{"seq":"231","sqcand":"100001253302","n":"17017","nm":"CUNHADINHO","cc":"PSL","nv":" ","e":"n","st":"N\u00e3o eleito","dvt":"V\u00e1lido","vap":"61","pvap":"   0,11"},{"seq":"266","sqcand":"100001253315","n":"17800","nm":"YEDA MARTYNS","cc":"PSL","nv":" ","e":"n","st":"N\u00e3o eleito","dvt":"V\u00e1lido","vap":"19","pvap":"   0,03"},{"seq":"285","sqcand":"100001253292","n":"17333","nm":"FRANCISCA GOMES","cc":"PSL","nv":" ","e":"n","st":"N\u00e3o eleito","dvt":"V\u00e1lido","vap":"1","pvap":"   0,00"},{"seq":"82","sqcand":"100001088067","n":"55999","nm":"GENIVALDO COBRA","cc":"PSD","nv":" ","e":"n","st":"Suplente","dvt":"V\u00e1lido","vap":"116","pvap":"   0,21"},{"seq":"170","sqcand":"100001194196","n":"40456","nm":"Z\u00c9 PEDRO","cc":"PSB","nv":" ","e":"n","st":"Suplente","dvt":"V\u00e1lido","vap":"21","pvap":"   0,04"},{"seq":"41","sqcand":"100001133664","n":"90789","nm":"ELIEL LIMA","cc":"PROS","nv":" ","e":"n","st":"Suplente","dvt":"V\u00e1lido","vap":"388","pvap":"   0,71"},{"seq":"138","sqcand":"100001126281","n":"18999","nm":"BEBETUR","cc":"REDE","nv":" ","e":"n","st":"Suplente","dvt":"V\u00e1lido","vap":"47","pvap":"   0,09"},{"seq":"51","sqcand":"100001194191","n":"40400","nm":"ROBERTO MAGNO","cc":"PSB","nv":" ","e":"n","st":"Suplente","dvt":"V\u00e1lido","vap":"231","pvap":"   0,42"},{"seq":"29","sqcand":"100001194192","n":"40555","nm":"EDSON COBEL","cc":"PSB","nv":" ","e":"n","st":"Suplente","dvt":"V\u00e1lido","vap":"609","pvap":"   1,11"},{"seq":"263","sqcand":"100001253294","n":"17666","nm":"OSMAR MOREIRA","cc":"PSL","nv":" ","e":"n","st":"N\u00e3o eleito","dvt":"V\u00e1lido","vap":"20","pvap":"   0,04"},{"seq":"8","sqcand":"100001190219","n":"12123","nm":"GALILEIA","cc":"PDT","nv":" ","e":"s","st":"Eleito","dvt":"V\u00e1lido","vap":"1011","pvap":"   1,85"},{"seq":"135","sqcand":"100001088071","n":"55333","nm":"ANA VAL\u00c9RIA","cc":"PSD","nv":" ","e":"n","st":"Suplente","dvt":"V\u00e1lido","vap":"49","pvap":"   0,09"},{"seq":"276","sqcand":"100001192462","n":"15888","nm":"ELISMAR","cc":"MDB","nv":" ","e":"n","st":"N\u00e3o eleito","dvt":"V\u00e1lido","vap":"9","pvap":"   0,02"},{"seq":"139","sqcand":"100001088059","n":"55133","nm":"DORINHA","cc":"PSD","nv":" ","e":"n","st":"Suplente","dvt":"V\u00e1lido","vap":"47","pvap":"   0,09"},{"seq":"260","sqcand":"100001192465","n":"15000","nm":"PROFESSOR MOIS\u00c9S","cc":"MDB","nv":" ","e":"n","st":"N\u00e3o eleito","dvt":"V\u00e1lido","vap":"22","pvap":"   0,04"},{"seq":"121","sqcand":"100001101945","n":"10004","nm":"CUTIA","cc":"REPUBLICANOS","nv":" ","e":"n","st":"Suplente","dvt":"V\u00e1lido","vap":"60","pvap":"   0,11"},{"seq":"262","sqcand":"100001192468","n":"15100","nm":"DEDE","cc":"MDB","nv":" ","e":"n","st":"N\u00e3o eleito","dvt":"V\u00e1lido","vap":"20","pvap":"   0,04"},{"seq":"125","sqcand":"100001194198","n":"40222","nm":"DJALMA DO BITA","cc":"PSB","nv":" ","e":"n","st":"Suplente","dvt":"V\u00e1lido","vap":"57","pvap":"   0,10"},{"seq":"286","sqcand":"100001023108","n":"14430","nm":"PATR\u00cdCIA MOUR\u00c3O","cc":"PTB","nv":" ","e":"n","st":"N\u00e3o eleito","dvt":"V\u00e1lido","vap":"1","pvap":"   0,00"},{"seq":"177","sqcand":"100001133667","n":"90369","nm":"LUCAS SOARES","cc":"PROS","nv":" ","e":"n","st":"Suplente","dvt":"V\u00e1lido","vap":"19","pvap":"   0,03"},{"seq":"100","sqcand":"100001088065","n":"55777","nm":"NONATO RODRIGUES","cc":"PSD","nv":" ","e":"n","st":"Suplente","dvt":"V\u00e1lido","vap":"84","pvap":"   0,15"},{"seq":"191","sqcand":"100001046232","n":"11458","nm":"AIRTIN DA TRIZIDELA","cc":"PP","nv":" ","e":"n","st":"Suplente","dvt":"V\u00e1lido","vap":"11","pvap":"   0,02"},{"seq":"46","sqcand":"100001126846","n":"22123","nm":"FRAN CARDOSO","cc":"PL","nv":" ","e":"n","st":"Suplente","dvt":"V\u00e1lido","vap":"282","pvap":"   0,52"},{"seq":"53","sqcand":"100001101946","n":"10255","nm":"CHICO PRETO","cc":"REPUBLICANOS","nv":" ","e":"n","st":"Suplente","dvt":"V\u00e1lido","vap":"218","pvap":"   0,40"},{"seq":"169","sqcand":"100001023906","n":"65100","nm":"CARMINHA DA BR","cc":"PC do B","nv":" ","e":"n","st":"Suplente","dvt":"V\u00e1lido","vap":"21","pvap":"   0,04"},{"seq":"164","sqcand":"100001241201","n":"23444","nm":"BRUNO QUEIROZ","cc":"CIDADANIA","nv":" ","e":"n","st":"Suplente","dvt":"V\u00e1lido","vap":"24","pvap":"   0,04"},{"seq":"188","sqcand":"100001133666","n":"90678","nm":"DRA JARLANE CINTIA","cc":"PROS","nv":" ","e":"n","st":"Suplente","dvt":"V\u00e1lido","vap":"15","pvap":"   0,03"},{"seq":"248","sqcand":"100001190009","n":"13046","nm":"FRANCA DO PT","cc":"PT","nv":" ","e":"n","st":"N\u00e3o eleito","dvt":"V\u00e1lido","vap":"33","pvap":"   0,06"},{"seq":"80","sqcand":"100001126844","n":"22555","nm":"ELIANE TURISMO","cc":"PL","nv":" ","e":"n","st":"Suplente","dvt":"V\u00e1lido","vap":"118","pvap":"   0,22"},{"seq":"278","sqcand":"100001023094","n":"14501","nm":"PROFESSOR RAIMUNDO NONATO","cc":"PTB","nv":" ","e":"n","st":"N\u00e3o eleito","dvt":"V\u00e1lido","vap":"6","pvap":"   0,01"},{"seq":"215","sqcand":"100001253300","n":"17890","nm":"LEO ARAUJO","cc":"PSL","nv":" ","e":"n","st":"N\u00e3o eleito","dvt":"V\u00e1lido","vap":"579","pvap":"   1,06"},{"seq":"181","sqcand":"100001101942","n":"10567","nm":"FRANCISCA SANTOS","cc":"REPUBLICANOS","nv":" ","e":"n","st":"Suplente","dvt":"V\u00e1lido","vap":"17","pvap":"   0,03"},{"seq":"72","sqcand":"100001241208","n":"23390","nm":"JAMILSON DOS SANTOS","cc":"CIDADANIA","nv":" ","e":"n","st":"Suplente","dvt":"V\u00e1lido","vap":"137","pvap":"   0,25"},{"seq":"133","sqcand":"100001023902","n":"65456","nm":"PAI ANT\u00d4NIO FILHO","cc":"PC do B","nv":" ","e":"n","st":"Suplente","dvt":"V\u00e1lido","vap":"49","pvap":"   0,09"},{"seq":"130","sqcand":"100001023904","n":"65333","nm":"NALDO DOIDO","cc":"PC do B","nv":" ","e":"n","st":"Suplente","dvt":"V\u00e1lido","vap":"50","pvap":"   0,09"},{"seq":"129","sqcand":"100001046238","n":"11119","nm":"PROFESSOR JESUS","cc":"PP","nv":" ","e":"n","st":"Suplente","dvt":"V\u00e1lido","vap":"54","pvap":"   0,10"},{"seq":"71","sqcand":"100001126855","n":"22221","nm":"SILAS JACAREZINHO","cc":"PL","nv":" ","e":"n","st":"Suplente","dvt":"V\u00e1lido","vap":"139","pvap":"   0,25"},{"seq":"93","sqcand":"100001088072","n":"55666","nm":"TET\u00ca DELGADO","cc":"PSD","nv":" ","e":"n","st":"Suplente","dvt":"V\u00e1lido","vap":"90","pvap":"   0,16"},{"seq":"146","sqcand":"100001088069","n":"55789","nm":"Z\u00c9 DOMINGOS REFRIGERA\u00c7\u00c3O","cc":"PSD","nv":" ","e":"n","st":"Suplente","dvt":"V\u00e1lido","vap":"38","pvap":"   0,07"},{"seq":"237","sqcand":"100001023095","n":"14100","nm":"VALTERVI CRUZ","cc":"PTB","nv":" ","e":"n","st":"N\u00e3o eleito","dvt":"V\u00e1lido","vap":"50","pvap":"   0,09"},{"seq":"40","sqcand":"100001126276","n":"18000","nm":"AUGUSTO SERRA","cc":"REDE","nv":" ","e":"n","st":"Suplente","dvt":"V\u00e1lido","vap":"402","pvap":"   0,73"},{"seq":"195","sqcand":"100001101927","n":"10444","nm":"AQUILES BARBOSA ","cc":"REPUBLICANOS","nv":" ","e":"n","st":"Suplente","dvt":"V\u00e1lido","vap":"9","pvap":"   0,02"},{"seq":"280","sqcand":"100001023097","n":"14414","nm":"MAIRLA","cc":"PTB","nv":" ","e":"n","st":"N\u00e3o eleito","dvt":"V\u00e1lido","vap":"4","pvap":"   0,01"},{"seq":"184","sqcand":"100001241210","n":"23421","nm":"JUNIOR BLACK","cc":"CIDADANIA","nv":" ","e":"n","st":"Suplente","dvt":"V\u00e1lido","vap":"16","pvap":"   0,03"},{"seq":"168","sqcand":"100001101943","n":"10987","nm":"ANA PRADO","cc":"REPUBLICANOS","nv":" ","e":"n","st":"Suplente","dvt":"V\u00e1lido","vap":"21","pvap":"   0,04"},{"seq":"290","sqcand":"100001253314","n":"17999","nm":"THALITA JANSEN","cc":"PSL","nv":" ","e":"n","st":"N\u00e3o eleito","dvt":"V\u00e1lido","vap":"0","pvap":"00.00"},{"seq":"228","sqcand":"100001023104","n":"14922","nm":"TOINHO DO PEIXE","cc":"PTB","nv":" ","e":"n","st":"N\u00e3o eleito","dvt":"V\u00e1lido","vap":"71","pvap":"   0,13"},{"seq":"274","sqcand":"100001023096","n":"14300","nm":"IRM\u00c3O Z\u00c9 BRANCO","cc":"PTB","nv":" ","e":"n","st":"N\u00e3o eleito","dvt":"V\u00e1lido","vap":"11","pvap":"   0,02"},{"seq":"249","sqcand":"100001023087","n":"14888","nm":"RAIMUNDO DA SHALON","cc":"PTB","nv":" ","e":"n","st":"N\u00e3o eleito","dvt":"V\u00e1lido","vap":"33","pvap":"   0,06"},{"seq":"66","sqcand":"100000880219","n":"77567","nm":"IRM\u00c3O SANTANA","cc":"SOLIDARIEDADE","nv":" ","e":"n","st":"Suplente","dvt":"V\u00e1lido","vap":"149","pvap":"   0,27"},{"seq":"43","sqcand":"100001133687","n":"90190","nm":"AFONSO NEO","cc":"PROS","nv":" ","e":"n","st":"Suplente","dvt":"V\u00e1lido","vap":"342","pvap":"   0,62"},{"seq":"116","sqcand":"100001126849","n":"22322","nm":"CABA DO PO\u00c7O","cc":"PL","nv":" ","e":"n","st":"Suplente","dvt":"V\u00e1lido","vap":"66","pvap":"   0,12"},{"seq":"39","sqcand":"100001190211","n":"12190","nm":"SARGENTO DENILSON","cc":"PDT","nv":" ","e":"n","st":"Suplente","dvt":"V\u00e1lido","vap":"407","pvap":"   0,74"},{"seq":"113","sqcand":"100001023905","n":"65300","nm":"MILAGRES DAS QUEBRAD DE COCO","cc":"PC do B","nv":" ","e":"n","st":"Suplente","dvt":"V\u00e1lido","vap":"67","pvap":"   0,12"},{"seq":"105","sqcand":"100001133677","n":"90580","nm":"LUCAS MATHEUS KTT","cc":"PROS","nv":" ","e":"n","st":"Suplente","dvt":"V\u00e1lido","vap":"81","pvap":"   0,15"},{"seq":"111","sqcand":"100001101941","n":"10321","nm":"DUCA TERESA","cc":"REPUBLICANOS","nv":" ","e":"n","st":"Suplente","dvt":"V\u00e1lido","vap":"73","pvap":"   0,13"},{"seq":"115","sqcand":"100001126270","n":"18666","nm":"DALMA ELANNE","cc":"REDE","nv":" ","e":"n","st":"Suplente","dvt":"V\u00e1lido","vap":"67","pvap":"   0,12"},{"seq":"9","sqcand":"100000880228","n":"77000","nm":"RAIMUNDO CARLOS","cc":"SOLIDARIEDADE","nv":" ","e":"s","st":"Eleito","dvt":"V\u00e1lido","vap":"997","pvap":"   1,82"},{"seq":"178","sqcand":"100001046240","n":"11000","nm":"CASILDA","cc":"PP","nv":" ","e":"n","st":"Suplente","dvt":"V\u00e1lido","vap":"18","pvap":"   0,03"},{"seq":"97","sqcand":"100001101936","n":"10111","nm":"FELIP\u00c3O DO LIMOEIRO","cc":"REPUBLICANOS","nv":" ","e":"n","st":"Suplente","dvt":"V\u00e1lido","vap":"88","pvap":"   0,16"},{"seq":"220","sqcand":"100000879625","n":"51222","nm":"EDUARDO","cc":"PATRIOTA","nv":" ","e":"n","st":"N\u00e3o eleito","dvt":"Anulado sub judice","vap":"274","pvap":"   0,50"},{"seq":"124","sqcand":"100001241215","n":"23999","nm":"DIEGO BELO","cc":"CIDADANIA","nv":" ","e":"n","st":"Suplente","dvt":"V\u00e1lido","vap":"59","pvap":"   0,11"},{"seq":"227","sqcand":"100001190013","n":"13333","nm":"PROFESSORA LIDIA","cc":"PT","nv":" ","e":"n","st":"N\u00e3o eleito","dvt":"V\u00e1lido","vap":"77","pvap":"   0,14"},{"seq":"62","sqcand":"100000880227","n":"77222","nm":"NALVINHA MESKITA","cc":"SOLIDARIEDADE","nv":" ","e":"n","st":"Suplente","dvt":"V\u00e1lido","vap":"172","pvap":"   0,31"},{"seq":"209","sqcand":"100001101944","n":"10008","nm":"ANTONIO FIGUEIREDO","cc":"REPUBLICANOS","nv":" ","e":"n","st":"Suplente","dvt":"V\u00e1lido","vap":"0","pvap":"00.00"},{"seq":"38","sqcand":"100001046229","n":"11223","nm":"ENFERMEIRO KENNEDY SALITO","cc":"PP","nv":" ","e":"n","st":"Suplente","dvt":"V\u00e1lido","vap":"426","pvap":"   0,78"},{"seq":"273","sqcand":"100001253317","n":"17300","nm":"LEO CARIOCA","cc":"PSL","nv":" ","e":"n","st":"N\u00e3o eleito","dvt":"V\u00e1lido","vap":"13","pvap":"   0,02"},{"seq":"242","sqcand":"100001023102","n":"14500","nm":"PASTORA REJANE","cc":"PTB","nv":" ","e":"n","st":"N\u00e3o eleito","dvt":"V\u00e1lido","vap":"39","pvap":"   0,07"},{"seq":"224","sqcand":"100001023090","n":"14555","nm":"Z\u00c9 FILHO","cc":"PTB","nv":" ","e":"n","st":"N\u00e3o eleito","dvt":"V\u00e1lido","vap":"147","pvap":"   0,27"},{"seq":"155","sqcand":"100001241217","n":"23023","nm":"L\u00c9O DO BOLO","cc":"CIDADANIA","nv":" ","e":"n","st":"Suplente","dvt":"V\u00e1lido","vap":"34","pvap":"   0,06"},{"seq":"269","sqcand":"100001253304","n":"17147","nm":"MIZAEL SANTANA","cc":"PSL","nv":" ","e":"n","st":"N\u00e3o eleito","dvt":"V\u00e1lido","vap":"17","pvap":"   0,03"},{"seq":"63","sqcand":"100001126845","n":"22777","nm":"LUCINETE VIANA","cc":"PL","nv":" ","e":"n","st":"Suplente","dvt":"V\u00e1lido","vap":"170","pvap":"   0,31"},{"seq":"160","sqcand":"100001126848","n":"22444","nm":"CLAUDIO ARAUJO","cc":"PL","nv":" ","e":"n","st":"Suplente","dvt":"V\u00e1lido","vap":"29","pvap":"   0,05"},{"seq":"253","sqcand":"100001023107","n":"14222","nm":"IRM\u00c3 JORD\u00c2NIA","cc":"PTB","nv":" ","e":"n","st":"N\u00e3o eleito","dvt":"V\u00e1lido","vap":"26","pvap":"   0,05"},{"seq":"76","sqcand":"100000880214","n":"77122","nm":"MANO DO PRETO","cc":"SOLIDARIEDADE","nv":" ","e":"n","st":"Suplente","dvt":"V\u00e1lido","vap":"130","pvap":"   0,24"},{"seq":"183","sqcand":"100001126271","n":"18123","nm":"PROFESSORA RISALVA","cc":"REDE","nv":" ","e":"n","st":"Suplente","dvt":"V\u00e1lido","vap":"16","pvap":"   0,03"},{"seq":"243","sqcand":"100001190006","n":"13220","nm":"ZEZAO DO AMORIM","cc":"PT","nv":" ","e":"n","st":"N\u00e3o eleito","dvt":"V\u00e1lido","vap":"38","pvap":"   0,07"},{"seq":"118","sqcand":"100001194339","n":"25456","nm":"FERNANDO","cc":"DEM","nv":" ","e":"n","st":"Suplente","dvt":"V\u00e1lido","vap":"62","pvap":"   0,11"},{"seq":"127","sqcand":"100001133678","n":"90987","nm":"MISAIAS LIMAS","cc":"PROS","nv":" ","e":"n","st":"Suplente","dvt":"V\u00e1lido","vap":"56","pvap":"   0,10"},{"seq":"216","sqcand":"100001190004","n":"13111","nm":"ANTONIO BARROS","cc":"PT","nv":" ","e":"n","st":"N\u00e3o eleito","dvt":"V\u00e1lido","vap":"468","pvap":"   0,86"},{"seq":"179","sqcand":"100001126857","n":"22580","nm":"CHAVERINHO","cc":"PL","nv":" ","e":"n","st":"Suplente","dvt":"V\u00e1lido","vap":"18","pvap":"   0,03"},{"seq":"166","sqcand":"100001126862","n":"22666","nm":"ROSANA","cc":"PL","nv":" ","e":"n","st":"Suplente","dvt":"V\u00e1lido","vap":"23","pvap":"   0,04"},{"seq":"180","sqcand":"100001190213","n":"12369","nm":"JUNIOR DA VAN","cc":"PDT","nv":" ","e":"n","st":"Suplente","dvt":"V\u00e1lido","vap":"17","pvap":"   0,03"},{"seq":"70","sqcand":"100001046239","n":"11999","nm":"PATRICIA MAIA","cc":"PP","nv":" ","e":"n","st":"Suplente","dvt":"V\u00e1lido","vap":"142","pvap":"   0,26"},{"seq":"233","sqcand":"100001023101","n":"14400","nm":"MAGNO FREITAS","cc":"PTB","nv":" ","e":"n","st":"N\u00e3o eleito","dvt":"V\u00e1lido","vap":"60","pvap":"   0,11"},{"seq":"83","sqcand":"100001101934","n":"10001","nm":"VITOR COELHO","cc":"REPUBLICANOS","nv":" ","e":"n","st":"Suplente","dvt":"V\u00e1lido","vap":"116","pvap":"   0,21"},{"seq":"198","sqcand":"100001088066","n":"55321","nm":"GABRIELA OLIVEIRA","cc":"PSD","nv":" ","e":"n","st":"Suplente","dvt":"V\u00e1lido","vap":"6","pvap":"   0,01"},{"seq":"158","sqcand":"100001088058","n":"55345","nm":"REJANE REIS","cc":"PSD","nv":" ","e":"n","st":"Suplente","dvt":"V\u00e1lido","vap":"29","pvap":"   0,05"},{"seq":"214","sqcand":"100001133665","n":"90223","nm":"IVYLA CAROLINE","cc":"PROS","nv":" ","e":"n","st":"Suplente","dvt":"V\u00e1lido","vap":"0","pvap":"00.00"},{"seq":"281","sqcand":"100001023092","n":"14101","nm":"KAREN ARA\u00daJO","cc":"PTB","nv":" ","e":"n","st":"N\u00e3o eleito","dvt":"V\u00e1lido","vap":"4","pvap":"   0,01"},{"seq":"1","sqcand":"100000880215","n":"77333","nm":"ARA\u00daJO NETO","cc":"SOLIDARIEDADE","nv":" ","e":"s","st":"Eleito","dvt":"V\u00e1lido","vap":"1809","pvap":"   3,31"},{"seq":"275","sqcand":"100001023105","n":"14499","nm":"RAIMUNDA ASSUN\u00c7\u00c3O","cc":"PTB","nv":" ","e":"n","st":"N\u00e3o eleito","dvt":"V\u00e1lido","vap":"10","pvap":"   0,02"},{"seq":"13","sqcand":"100001126272","n":"18444","nm":"ITAMAR DA SAUDE","cc":"REDE","nv":" ","e":"s","st":"Eleito","dvt":"V\u00e1lido","vap":"825","pvap":"   1,51"},{"seq":"117","sqcand":"100001088063","n":"55222","nm":"ARIMAT\u00c9IA","cc":"PSD","nv":" ","e":"n","st":"Suplente","dvt":"V\u00e1lido","vap":"63","pvap":"   0,12"},{"seq":"126","sqcand":"100001133668","n":"90333","nm":"GORDINHO DA TRIZIDELA","cc":"PROS","nv":" ","e":"n","st":"Suplente","dvt":"V\u00e1lido","vap":"57","pvap":"   0,10"},{"seq":"73","sqcand":"100001241206","n":"23678","nm":"ROG\u00c9RIO RAIO X","cc":"CIDADANIA","nv":" ","e":"n","st":"Suplente","dvt":"V\u00e1lido","vap":"136","pvap":"   0,25"},{"seq":"56","sqcand":"100001023899","n":"65123","nm":"BOB\u00d4","cc":"PC do B","nv":" ","e":"n","st":"Suplente","dvt":"V\u00e1lido","vap":"201","pvap":"   0,37"},{"seq":"187","sqcand":"100001133673","n":"90654","nm":"PROFESSORA LUZIA VELOSO","cc":"PROS","nv":" ","e":"n","st":"Suplente","dvt":"V\u00e1lido","vap":"15","pvap":"   0,03"},{"seq":"148","sqcand":"100001126274","n":"18777","nm":"ZILA MOURA","cc":"REDE","nv":" ","e":"n","st":"Suplente","dvt":"V\u00e1lido","vap":"37","pvap":"   0,07"},{"seq":"282","sqcand":"100001192469","n":"15222","nm":"SEBASTIANA SILVA","cc":"MDB","nv":" ","e":"n","st":"N\u00e3o eleito","dvt":"V\u00e1lido","vap":"3","pvap":"   0,01"},{"seq":"202","sqcand":"100001126851","n":"22377","nm":"JOSE FIGUEIREDO","cc":"PL","nv":" ","e":"n","st":"Suplente","dvt":"V\u00e1lido","vap":"2","pvap":"   0,00"},{"seq":"67","sqcand":"100001126852","n":"22345","nm":"PROFESSOR MILTON","cc":"PL","nv":" ","e":"n","st":"Suplente","dvt":"V\u00e1lido","vap":"148","pvap":"   0,27"},{"seq":"225","sqcand":"100001253295","n":"17000","nm":"BRANCO DE CAJAZEIRAS","cc":"PSL","nv":" ","e":"n","st":"N\u00e3o eleito","dvt":"V\u00e1lido","vap":"143","pvap":"   0,26"},{"seq":"77","sqcand":"100000880225","n":"77789","nm":"MARCELO PAZ","cc":"SOLIDARIEDADE","nv":" ","e":"n","st":"Suplente","dvt":"V\u00e1lido","vap":"129","pvap":"   0,24"},{"seq":"257","sqcand":"100001190016","n":"13123","nm":"JOSIAS PEREIRA","cc":"PT","nv":" ","e":"n","st":"N\u00e3o eleito","dvt":"V\u00e1lido","vap":"22","pvap":"   0,04"},{"seq":"244","sqcand":"100001253305","n":"17112","nm":"RAIMUNDO NONATO","cc":"PSL","nv":" ","e":"n","st":"N\u00e3o eleito","dvt":"V\u00e1lido","vap":"38","pvap":"   0,07"},{"seq":"17","sqcand":"100001133685","n":"90000","nm":"DED\u00c9 DO Z\u00c9 GARIMPEIRO","cc":"PROS","nv":" ","e":"s","st":"Eleito","dvt":"V\u00e1lido","vap":"692","pvap":"   1,26"},{"seq":"104","sqcand":"100001194199","n":"40123","nm":"MAGDA FL\u00c1VIA","cc":"PSB","nv":" ","e":"n","st":"Suplente","dvt":"V\u00e1lido","vap":"82","pvap":"   0,15"},{"seq":"222","sqcand":"100001023110","n":"14000","nm":"PROF ANTONIO CARLOS","cc":"PTB","nv":" ","e":"n","st":"N\u00e3o eleito","dvt":"V\u00e1lido","vap":"193","pvap":"   0,35"},{"seq":"271","sqcand":"100001192472","n":"15800","nm":"CARL\u00c3O","cc":"MDB","nv":" ","e":"n","st":"N\u00e3o eleito","dvt":"V\u00e1lido","vap":"15","pvap":"   0,03"},{"seq":"103","sqcand":"100001190210","n":"12777","nm":"MARIA JOSE","cc":"PDT","nv":" ","e":"n","st":"Suplente","dvt":"V\u00e1lido","vap":"82","pvap":"   0,15"},{"seq":"150","sqcand":"100000880229","n":"77896","nm":"MANOEL VELOSO","cc":"SOLIDARIEDADE","nv":" ","e":"n","st":"Suplente","dvt":"V\u00e1lido","vap":"37","pvap":"   0,07"},{"seq":"5","sqcand":"100001046237","n":"11111","nm":"ANDR\u00c9 JANSEN","cc":"PP","nv":" ","e":"s","st":"Eleito","dvt":"V\u00e1lido","vap":"1379","pvap":"   2,52"},{"seq":"87","sqcand":"100001046230","n":"11222","nm":"NATIVIDADE","cc":"PP","nv":" ","e":"n","st":"Suplente","dvt":"V\u00e1lido","vap":"103","pvap":"   0,19"},{"seq":"131","sqcand":"100001126856","n":"22122","nm":"ABELHA","cc":"PL","nv":" ","e":"n","st":"Suplente","dvt":"V\u00e1lido","vap":"49","pvap":"   0,09"},{"seq":"157","sqcand":"100001101932","n":"10005","nm":"WILLAS","cc":"REPUBLICANOS","nv":" ","e":"n","st":"Suplente","dvt":"V\u00e1lido","vap":"29","pvap":"   0,05"},{"seq":"277","sqcand":"100001253303","n":"17444","nm":"JOSE FRANCISCO DAMASCENO","cc":"PSL","nv":" ","e":"n","st":"N\u00e3o eleito","dvt":"V\u00e1lido","vap":"7","pvap":"   0,01"},{"seq":"154","sqcand":"100001088053","n":"55200","nm":"CHICO PAULINO","cc":"PSD","nv":" ","e":"n","st":"Suplente","dvt":"V\u00e1lido","vap":"34","pvap":"   0,06"},{"seq":"261","sqcand":"100001190010","n":"13777","nm":"LUCIA HAIR","cc":"PT","nv":" ","e":"n","st":"N\u00e3o eleito","dvt":"V\u00e1lido","vap":"21","pvap":"   0,04"},{"seq":"193","sqcand":"100001133669","n":"90221","nm":"SEBASTI\u00c3O RODRIGUES","cc":"PROS","nv":" ","e":"n","st":"Suplente","dvt":"V\u00e1lido","vap":"11","pvap":"   0,02"},{"seq":"55","sqcand":"100001101924","n":"10333","nm":"CL\u00c1UDIO FOTOGRAFO","cc":"REPUBLICANOS","nv":" ","e":"n","st":"Suplente","dvt":"V\u00e1lido","vap":"204","pvap":"   0,37"},{"seq":"254","sqcand":"100001253316","n":"17100","nm":"MARCIO SOUZA","cc":"PSL","nv":" ","e":"n","st":"N\u00e3o eleito","dvt":"V\u00e1lido","vap":"25","pvap":"   0,05"},{"seq":"213","sqcand":"100001133671","n":"90543","nm":"IRM\u00c3 MIRIAM","cc":"PROS","nv":" ","e":"n","st":"Suplente","dvt":"V\u00e1lido","vap":"0","pvap":"00.00"},{"seq":"252","sqcand":"100001253306","n":"17068","nm":"SANDRA DO TRAILER","cc":"PSL","nv":" ","e":"n","st":"N\u00e3o eleito","dvt":"V\u00e1lido","vap":"29","pvap":"   0,05"},{"seq":"174","sqcand":"100001241207","n":"23222","nm":"NONATO PAIVA O CANTOR","cc":"CIDADANIA","nv":" ","e":"n","st":"Suplente","dvt":"V\u00e1lido","vap":"20","pvap":"   0,04"},{"seq":"65","sqcand":"100000880213","n":"77111","nm":"CLEANE DO DEZESSETE","cc":"SOLIDARIEDADE","nv":" ","e":"n","st":"Suplente","dvt":"V\u00e1lido","vap":"151","pvap":"   0,28"},{"seq":"136","sqcand":"100001101925","n":"10555","nm":"ARLINDO BARROSO ","cc":"REPUBLICANOS","nv":" ","e":"n","st":"Suplente","dvt":"V\u00e1lido","vap":"48","pvap":"   0,09"},{"seq":"122","sqcand":"100001194193","n":"40100","nm":"ELINA TASSIA","cc":"PSB","nv":" ","e":"n","st":"Suplente","dvt":"V\u00e1lido","vap":"59","pvap":"   0,11"},{"seq":"28","sqcand":"100001126278","n":"18222","nm":"NUNES DO NAUTICO","cc":"REDE","nv":" ","e":"n","st":"Suplente","dvt":"V\u00e1lido","vap":"611","pvap":"   1,12"},{"seq":"81","sqcand":"100000880224","n":"77321","nm":"HERDON BORGES","cc":"SOLIDARIEDADE","nv":" ","e":"n","st":"Suplente","dvt":"V\u00e1lido","vap":"117","pvap":"   0,21"},{"seq":"2","sqcand":"100001046242","n":"11444","nm":"EVIMAR BARBOSA","cc":"PP","nv":" ","e":"s","st":"Eleito","dvt":"V\u00e1lido","vap":"1597","pvap":"   2,92"},{"seq":"91","sqcand":"100001194344","n":"25000","nm":"DI\u00caGO FROTA","cc":"DEM","nv":" ","e":"n","st":"Suplente","dvt":"V\u00e1lido","vap":"98","pvap":"   0,18"},{"seq":"110","sqcand":"100001133672","n":"90222","nm":"ADRIANA DA TRIZIDELA","cc":"PROS","nv":" ","e":"n","st":"Suplente","dvt":"V\u00e1lido","vap":"74","pvap":"   0,14"},{"seq":"90","sqcand":"100001126859","n":"22999","nm":"EVALDO DA MOVELAR","cc":"PL","nv":" ","e":"n","st":"Suplente","dvt":"V\u00e1lido","vap":"100","pvap":"   0,18"},{"seq":"223","sqcand":"100001190015","n":"13555","nm":"LUANA DA BARRA DO SACO","cc":"PT","nv":" ","e":"n","st":"N\u00e3o eleito","dvt":"V\u00e1lido","vap":"149","pvap":"   0,27"},{"seq":"288","sqcand":"100001253297","n":"17888","nm":"ELIZANGELA ARAUJO","cc":"PSL","nv":" ","e":"n","st":"N\u00e3o eleito","dvt":"V\u00e1lido","vap":"0","pvap":"00.00"},{"seq":"144","sqcand":"100001046236","n":"11623","nm":"PATR\u00cdCIA GUILHON","cc":"PP","nv":" ","e":"n","st":"Suplente","dvt":"V\u00e1lido","vap":"42","pvap":"   0,08"},{"seq":"33","sqcand":"100001023909","n":"65000","nm":"CHAGUINHA DA C\u00c2MERA","cc":"PC do B","nv":" ","e":"n","st":"Suplente","dvt":"V\u00e1lido","vap":"499","pvap":"   0,91"},{"seq":"24","sqcand":"100001126268","n":"18789","nm":"MARIA PAZ","cc":"REDE","nv":" ","e":"n","st":"Suplente","dvt":"V\u00e1lido","vap":"732","pvap":"   1,34"},{"seq":"10","sqcand":"100001126847","n":"22222","nm":"GRACINALDO","cc":"PL","nv":" ","e":"s","st":"Eleito","dvt":"V\u00e1lido","vap":"993","pvap":"   1,81"},{"seq":"20","sqcand":"100001241212","n":"23333","nm":"MILSON DA GABRIELA","cc":"CIDADANIA","nv":" ","e":"n","st":"Suplente","dvt":"V\u00e1lido","vap":"943","pvap":"   1,72"},{"seq":"199","sqcand":"100001241218","n":"23873","nm":"GALBA","cc":"CIDADANIA","nv":" ","e":"n","st":"Suplente","dvt":"V\u00e1lido","vap":"5","pvap":"   0,01"},{"seq":"212","sqcand":"100001133682","n":"90665","nm":"IRACY","cc":"PROS","nv":" ","e":"n","st":"Suplente","dvt":"V\u00e1lido","vap":"0","pvap":"00.00"},{"seq":"45","sqcand":"100001046241","n":"11333","nm":"VALDECY FRAZ\u00c3O","cc":"PP","nv":" ","e":"n","st":"Suplente","dvt":"V\u00e1lido","vap":"306","pvap":"   0,56"},{"seq":"161","sqcand":"100001101929","n":"10222","nm":"B MARTINS ","cc":"REPUBLICANOS","nv":" ","e":"n","st":"Suplente","dvt":"V\u00e1lido","vap":"28","pvap":"   0,05"},{"seq":"12","sqcand":"100001023915","n":"65555","nm":"DOMINGOS REIS","cc":"PC do B","nv":" ","e":"s","st":"Eleito","dvt":"V\u00e1lido","vap":"921","pvap":"   1,68"},{"seq":"22","sqcand":"100001046233","n":"11234","nm":"VALDECK FROTA","cc":"PP","nv":" ","e":"n","st":"Suplente","dvt":"V\u00e1lido","vap":"784","pvap":"   1,43"},{"seq":"36","sqcand":"100001101928","n":"10456","nm":"CARRIM CONSTRU\u00c7\u00c3O","cc":"REPUBLICANOS","nv":" ","e":"n","st":"Suplente","dvt":"V\u00e1lido","vap":"443","pvap":"   0,81"},{"seq":"94","sqcand":"100001126275","n":"18230","nm":"PAULO SILVA","cc":"REDE","nv":" ","e":"n","st":"Suplente","dvt":"V\u00e1lido","vap":"89","pvap":"   0,16"},{"seq":"264","sqcand":"100001190001","n":"13222","nm":"NONATO ENFERMEIRO","cc":"PT","nv":" ","e":"n","st":"N\u00e3o eleito","dvt":"V\u00e1lido","vap":"19","pvap":"   0,03"},{"seq":"203","sqcand":"100001190217","n":"12580","nm":"BIG ALEX","cc":"PDT","nv":" ","e":"n","st":"Suplente","dvt":"V\u00e1lido","vap":"2","pvap":"   0,00"},{"seq":"30","sqcand":"100000880216","n":"77999","nm":"IVAN DO NABY","cc":"SOLIDARIEDADE","nv":" ","e":"n","st":"Suplente","dvt":"V\u00e1lido","vap":"574","pvap":"   1,05"},{"seq":"128","sqcand":"100001241205","n":"23233","nm":"EFIG\u00caNIA","cc":"CIDADANIA","nv":" ","e":"n","st":"Suplente","dvt":"V\u00e1lido","vap":"54","pvap":"   0,10"},{"seq":"34","sqcand":"100001023910","n":"65411","nm":"SOCORRO BELO","cc":"PC do B","nv":" ","e":"n","st":"Suplente","dvt":"V\u00e1lido","vap":"476","pvap":"   0,87"}]}
