{"ele":"426","tpabr":"mu","cdabr":"07722","carper":"13","t":"1","f":"o","dt":"15/11/2020","ht":"21:53:19","dv":"s","tf":"s","v":"11","esae":"n","mnae":"","s":"56","st":"56","pst":" 100,00","snt":"0","psnt":"   0,00","si":"56","psi":" 100,00","sni":"0","psni":"   0,00","sa":"56","psa":" 100,00","sna":"0","psna":"   0,00","e":"18578","ea":"18578","pea":" 100,00","ena":"0","pena":"   0,00","esi":"18578","pesi":" 100,00","esni":"0","pesni":"   0,00","c":"14784","pc":"  79,58","a":"3794","pa":"  20,42","vscv":"0","vnom":"13238","vl":"742","pvnom":"  94,69","pvl":"   5,31","vvc":"14264","pvvc":"  96,48","vb":"93","pvb":"   0,63","tvn":"427","ptvn":"   2,89","vn":"427","pvn":" 100,00","vnt":"0","pvnt":"   0,00","vp":"0","pvp":"   0,00","vv":"13980","pvv":"  98,01","van":"0","pvan":"   0,00","vansj":"284","pvansj":"   1,99","tv":"14784","cand":[{"seq":"97","sqcand":"100000831057","n":"20321","nm":"LUCIANO MARTINS","cc":"PSC","nv":" ","e":"n","st":"N\u00e3o eleito","dvt":"V\u00e1lido","vap":"26","pvap":"   0,18"},{"seq":"52","sqcand":"100001095734","n":"25222","nm":"EVANDRO DO IPANEMA","cc":"DEM","nv":" ","e":"n","st":"Suplente","dvt":"V\u00e1lido","vap":"44","pvap":"   0,31"},{"seq":"45","sqcand":"100001090533","n":"10234","nm":"BRUNO LEITE","cc":"REPUBLICANOS","nv":" ","e":"n","st":"Suplente","dvt":"V\u00e1lido","vap":"65","pvap":"   0,46"},{"seq":"87","sqcand":"100000831055","n":"20000","nm":"GABRIEL","cc":"PSC","nv":" ","e":"n","st":"N\u00e3o eleito","dvt":"V\u00e1lido","vap":"176","pvap":"   1,23"},{"seq":"35","sqcand":"100000858420","n":"19019","nm":"NEGAO DO MIGUEL","cc":"PODE","nv":" ","e":"n","st":"Suplente","dvt":"V\u00e1lido","vap":"125","pvap":"   0,88"},{"seq":"72","sqcand":"100000858409","n":"19321","nm":"NONATA CONTADORA","cc":"PODE","nv":" ","e":"n","st":"Suplente","dvt":"V\u00e1lido","vap":"12","pvap":"   0,08"},{"seq":"102","sqcand":"100000831060","n":"20234","nm":"TIAGO AMARAL","cc":"PSC","nv":" ","e":"n","st":"N\u00e3o eleito","dvt":"V\u00e1lido","vap":"13","pvap":"   0,09"},{"seq":"44","sqcand":"100001090527","n":"10153","nm":"RENNER RODRIGUES","cc":"REPUBLICANOS","nv":" ","e":"n","st":"Suplente","dvt":"V\u00e1lido","vap":"69","pvap":"   0,48"},{"seq":"57","sqcand":"100000858421","n":"19678","nm":"FERNANDINHO LIMA","cc":"PODE","nv":" ","e":"n","st":"Suplente","dvt":"V\u00e1lido","vap":"33","pvap":"   0,23"},{"seq":"66","sqcand":"100001090537","n":"10110","nm":"LUANA DANADEL","cc":"REPUBLICANOS","nv":" ","e":"n","st":"Suplente","dvt":"V\u00e1lido","vap":"18","pvap":"   0,13"},{"seq":"92","sqcand":"100000831058","n":"20333","nm":"EDNALVA DA SA\u00daDE","cc":"PSC","nv":" ","e":"n","st":"N\u00e3o eleito","dvt":"V\u00e1lido","vap":"44","pvap":"   0,31"},{"seq":"13","sqcand":"100001090526","n":"10444","nm":"FILIPE DA ZONA RURAL","cc":"REPUBLICANOS","nv":" ","e":"n","st":"Suplente","dvt":"V\u00e1lido","vap":"329","pvap":"   2,31"},{"seq":"51","sqcand":"100000858410","n":"19345","nm":"IRM\u00c3 DENIZE","cc":"PODE","nv":" ","e":"n","st":"Suplente","dvt":"V\u00e1lido","vap":"45","pvap":"   0,32"},{"seq":"67","sqcand":"100000924551","n":"13451","nm":"LUIZINHO DO CANADA","cc":"PT","nv":" ","e":"n","st":"Suplente","dvt":"V\u00e1lido","vap":"17","pvap":"   0,12"},{"seq":"104","sqcand":"100000831053","n":"20222","nm":"RAILON DA ZONA RURAL","cc":"PSC","nv":" ","e":"n","st":"N\u00e3o eleito","dvt":"V\u00e1lido","vap":"10","pvap":"   0,07"},{"seq":"83","sqcand":"100000858423","n":"19700","nm":"CHIQUINHA QUEIROZ","cc":"PODE","nv":" ","e":"n","st":"Suplente","dvt":"V\u00e1lido","vap":"1","pvap":"   0,01"},{"seq":"28","sqcand":"100001090532","n":"10456","nm":"FABAO","cc":"REPUBLICANOS","nv":" ","e":"n","st":"Suplente","dvt":"V\u00e1lido","vap":"162","pvap":"   1,14"},{"seq":"63","sqcand":"100000924549","n":"13555","nm":"PROFETA","cc":"PT","nv":" ","e":"n","st":"Suplente","dvt":"V\u00e1lido","vap":"19","pvap":"   0,13"},{"seq":"30","sqcand":"100001091058","n":"11222","nm":"ERLON JHONY","cc":"PP","nv":" ","e":"n","st":"Suplente","dvt":"V\u00e1lido","vap":"157","pvap":"   1,10"},{"seq":"64","sqcand":"100000924548","n":"13110","nm":"NEGUINHO DO DEZ","cc":"PT","nv":" ","e":"n","st":"Suplente","dvt":"V\u00e1lido","vap":"19","pvap":"   0,13"},{"seq":"77","sqcand":"100001095738","n":"25225","nm":"REGYS CANTOR","cc":"DEM","nv":" ","e":"n","st":"Suplente","dvt":"V\u00e1lido","vap":"6","pvap":"   0,04"},{"seq":"31","sqcand":"100000924540","n":"13333","nm":"JOSEVALDO DA ZONA RURAL","cc":"PT","nv":" ","e":"n","st":"Suplente","dvt":"V\u00e1lido","vap":"157","pvap":"   1,10"},{"seq":"14","sqcand":"100001090531","n":"10111","nm":"PROFESSOR GILDEAN","cc":"REPUBLICANOS","nv":" ","e":"n","st":"Suplente","dvt":"V\u00e1lido","vap":"317","pvap":"   2,22"},{"seq":"81","sqcand":"100001091056","n":"11258","nm":"BISPA LUIZA","cc":"PP","nv":" ","e":"n","st":"Suplente","dvt":"V\u00e1lido","vap":"5","pvap":"   0,04"},{"seq":"49","sqcand":"100000924546","n":"13151","nm":"HELI SOCIAL","cc":"PT","nv":" ","e":"n","st":"Suplente","dvt":"V\u00e1lido","vap":"49","pvap":"   0,34"},{"seq":"41","sqcand":"100001089068","n":"12222","nm":"CRISTIANE","cc":"PDT","nv":" ","e":"n","st":"Suplente","dvt":"V\u00e1lido","vap":"88","pvap":"   0,62"},{"seq":"105","sqcand":"100000831061","n":"20555","nm":"DIACONISA VANUSA","cc":"PSC","nv":" ","e":"n","st":"N\u00e3o eleito","dvt":"V\u00e1lido","vap":"4","pvap":"   0,03"},{"seq":"85","sqcand":"100000831054","n":"20123","nm":"PROFESSOR ZELACY","cc":"PSC","nv":" ","e":"n","st":"N\u00e3o eleito","dvt":"V\u00e1lido","vap":"256","pvap":"   1,79"},{"seq":"107","sqcand":"100001196267","n":"55000","nm":"FERNANDA DA ZONA RURAL","cc":"PSD","nv":" ","e":"n","st":"N\u00e3o eleito","dvt":"V\u00e1lido","vap":"1","pvap":"   0,01"},{"seq":"82","sqcand":"100001091049","n":"11999","nm":"FATIMA DO COQUEIRAL","cc":"PP","nv":" ","e":"n","st":"Suplente","dvt":"V\u00e1lido","vap":"2","pvap":"   0,01"},{"seq":"80","sqcand":"100000858412","n":"19333","nm":"PROFESSORA PRISCILA","cc":"PODE","nv":" ","e":"n","st":"Suplente","dvt":"V\u00e1lido","vap":"5","pvap":"   0,04"},{"seq":"88","sqcand":"100000831056","n":"20100","nm":"RAIMUNDA AZEVEDO","cc":"PSC","nv":" ","e":"n","st":"N\u00e3o eleito","dvt":"V\u00e1lido","vap":"112","pvap":"   0,79"},{"seq":"59","sqcand":"100000924556","n":"13500","nm":"BRUNO MARCOS","cc":"PT","nv":" ","e":"n","st":"Suplente","dvt":"V\u00e1lido","vap":"25","pvap":"   0,18"},{"seq":"4","sqcand":"100001090525","n":"10123","nm":"PRETINHO SETIMO SELO","cc":"REPUBLICANOS","nv":" ","e":"s","st":"Eleito","dvt":"V\u00e1lido","vap":"534","pvap":"   3,74"},{"seq":"89","sqcand":"100001196273","n":"55123","nm":"MAYARA MARTINS","cc":"PSD","nv":" ","e":"n","st":"N\u00e3o eleito","dvt":"V\u00e1lido","vap":"109","pvap":"   0,76"},{"seq":"5","sqcand":"100000924552","n":"13123","nm":"LEANDRO CORDEIRO","cc":"PT","nv":" ","e":"s","st":"Eleito","dvt":"V\u00e1lido","vap":"485","pvap":"   3,40"},{"seq":"101","sqcand":"100000831052","n":"20202","nm":"PROFESSOR COD\u00d3","cc":"PSC","nv":" ","e":"n","st":"N\u00e3o eleito","dvt":"V\u00e1lido","vap":"13","pvap":"   0,09"},{"seq":"74","sqcand":"100000924554","n":"13000","nm":"PROFESSOR Z\u00c9 WILSON","cc":"PT","nv":" ","e":"n","st":"Suplente","dvt":"V\u00e1lido","vap":"9","pvap":"   0,06"},{"seq":"8","sqcand":"100001090529","n":"10145","nm":"ALOIZO MOTO TAXI","cc":"REPUBLICANOS","nv":" ","e":"s","st":"Eleito","dvt":"V\u00e1lido","vap":"387","pvap":"   2,71"},{"seq":"48","sqcand":"100001095742","n":"25123","nm":"POLIANE FRANCO","cc":"DEM","nv":" ","e":"n","st":"Suplente","dvt":"V\u00e1lido","vap":"55","pvap":"   0,39"},{"seq":"75","sqcand":"100001089063","n":"12121","nm":"ANDREIA TUPPERWARE","cc":"PDT","nv":" ","e":"n","st":"Suplente","dvt":"V\u00e1lido","vap":"9","pvap":"   0,06"},{"seq":"90","sqcand":"100000831059","n":"20111","nm":"GLEYDSON DO PAULIST\u00c3O","cc":"PSC","nv":" ","e":"n","st":"N\u00e3o eleito","dvt":"V\u00e1lido","vap":"61","pvap":"   0,43"},{"seq":"76","sqcand":"100001091055","n":"11888","nm":"FERNANDA ROLDAO","cc":"PP","nv":" ","e":"n","st":"Suplente","dvt":"V\u00e1lido","vap":"8","pvap":"   0,06"},{"seq":"7","sqcand":"100001089065","n":"12789","nm":"RAIDEAN","cc":"PDT","nv":" ","e":"s","st":"Eleito","dvt":"V\u00e1lido","vap":"436","pvap":"   3,06"},{"seq":"25","sqcand":"100001089070","n":"12000","nm":"JONES DE CASTRO","cc":"PDT","nv":" ","e":"n","st":"Suplente","dvt":"V\u00e1lido","vap":"203","pvap":"   1,42"},{"seq":"78","sqcand":"100000858413","n":"19777","nm":"MANOEL DO GAS","cc":"PODE","nv":" ","e":"n","st":"Suplente","dvt":"V\u00e1lido","vap":"5","pvap":"   0,04"},{"seq":"1","sqcand":"100001089067","n":"12345","nm":"RUBINHO","cc":"PDT","nv":" ","e":"s","st":"Eleito","dvt":"V\u00e1lido","vap":"584","pvap":"   4,09"},{"seq":"91","sqcand":"100001196271","n":"55017","nm":"RAFACELL","cc":"PSD","nv":" ","e":"n","st":"N\u00e3o eleito","dvt":"V\u00e1lido","vap":"46","pvap":"   0,32"},{"seq":"79","sqcand":"100001091057","n":"11555","nm":"MOABE","cc":"PP","nv":" ","e":"n","st":"Suplente","dvt":"V\u00e1lido","vap":"5","pvap":"   0,04"},{"seq":"55","sqcand":"100000858414","n":"19999","nm":"PASTOR MESQUITA","cc":"PODE","nv":" ","e":"n","st":"Suplente","dvt":"V\u00e1lido","vap":"35","pvap":"   0,25"},{"seq":"9","sqcand":"100001095743","n":"25025","nm":"CHIQUINHO","cc":"DEM","nv":" ","e":"s","st":"Eleito","dvt":"V\u00e1lido","vap":"335","pvap":"   2,35"},{"seq":"58","sqcand":"100001095741","n":"25789","nm":"POLIANE ARAUJO","cc":"DEM","nv":" ","e":"n","st":"Suplente","dvt":"V\u00e1lido","vap":"30","pvap":"   0,21"},{"seq":"94","sqcand":"100001196268","n":"55555","nm":"BOBDYLA","cc":"PSD","nv":" ","e":"n","st":"N\u00e3o eleito","dvt":"V\u00e1lido","vap":"31","pvap":"   0,22"},{"seq":"71","sqcand":"100000924541","n":"13113","nm":"ELENY","cc":"PT","nv":" ","e":"n","st":"Suplente","dvt":"V\u00e1lido","vap":"12","pvap":"   0,08"},{"seq":"26","sqcand":"100001095739","n":"25111","nm":"SILVANO RODRIGUES","cc":"DEM","nv":" ","e":"n","st":"Suplente","dvt":"V\u00e1lido","vap":"196","pvap":"   1,37"},{"seq":"54","sqcand":"100000924542","n":"13130","nm":"ALANA CRISTINA","cc":"PT","nv":" ","e":"n","st":"Suplente","dvt":"V\u00e1lido","vap":"40","pvap":"   0,28"},{"seq":"27","sqcand":"100000858415","n":"19000","nm":"MARCIO DA CIVIL","cc":"PODE","nv":" ","e":"n","st":"Suplente","dvt":"V\u00e1lido","vap":"183","pvap":"   1,28"},{"seq":"95","sqcand":"100001196272","n":"55222","nm":"THALINE DO CAJ\u00da","cc":"PSD","nv":" ","e":"n","st":"N\u00e3o eleito","dvt":"V\u00e1lido","vap":"30","pvap":"   0,21"},{"seq":"93","sqcand":"100001196269","n":"55321","nm":"HELTON","cc":"PSD","nv":" ","e":"n","st":"N\u00e3o eleito","dvt":"V\u00e1lido","vap":"43","pvap":"   0,30"},{"seq":"6","sqcand":"100001090524","n":"10000","nm":"TANIA FERNADES","cc":"REPUBLICANOS","nv":" ","e":"s","st":"Eleito","dvt":"V\u00e1lido","vap":"478","pvap":"   3,35"},{"seq":"37","sqcand":"100001090523","n":"10222","nm":"MARIA DO SAO SEBASTIAO","cc":"REPUBLICANOS","nv":" ","e":"n","st":"Suplente","dvt":"V\u00e1lido","vap":"101","pvap":"   0,71"},{"seq":"46","sqcand":"100001090536","n":"10777","nm":"IRMA EDILENE MACEDO","cc":"REPUBLICANOS","nv":" ","e":"n","st":"Suplente","dvt":"V\u00e1lido","vap":"64","pvap":"   0,45"},{"seq":"29","sqcand":"100000924544","n":"13300","nm":"PROFESSOR CLAUDEMIR","cc":"PT","nv":" ","e":"n","st":"Suplente","dvt":"V\u00e1lido","vap":"161","pvap":"   1,13"},{"seq":"62","sqcand":"100001090535","n":"10333","nm":"CINTURA","cc":"REPUBLICANOS","nv":" ","e":"n","st":"Suplente","dvt":"V\u00e1lido","vap":"19","pvap":"   0,13"},{"seq":"84","sqcand":"100000858416","n":"19789","nm":"RIVELINO DA PESCA","cc":"PODE","nv":" ","e":"n","st":"N\u00e3o eleito","dvt":"Anulado sub judice","vap":"284","pvap":"   1,99"},{"seq":"100","sqcand":"100001195978","n":"20762","nm":"JARDIEL DO CAJU","cc":"PSC","nv":" ","e":"n","st":"N\u00e3o eleito","dvt":"V\u00e1lido","vap":"15","pvap":"   0,11"},{"seq":"39","sqcand":"100000858424","n":"19567","nm":"LEO DO GRANDAO","cc":"PODE","nv":" ","e":"n","st":"Suplente","dvt":"V\u00e1lido","vap":"95","pvap":"   0,67"},{"seq":"42","sqcand":"100001090522","n":"10567","nm":"MARCIO AREDONIO","cc":"REPUBLICANOS","nv":" ","e":"n","st":"Suplente","dvt":"V\u00e1lido","vap":"76","pvap":"   0,53"},{"seq":"53","sqcand":"100001091045","n":"11011","nm":"TOIN CABELEIREIRO","cc":"PP","nv":" ","e":"n","st":"Suplente","dvt":"V\u00e1lido","vap":"40","pvap":"   0,28"},{"seq":"43","sqcand":"100001090528","n":"10789","nm":"VALDERY","cc":"REPUBLICANOS","nv":" ","e":"n","st":"Suplente","dvt":"V\u00e1lido","vap":"69","pvap":"   0,48"},{"seq":"33","sqcand":"100001095735","n":"25369","nm":"JARNILAN","cc":"DEM","nv":" ","e":"n","st":"Suplente","dvt":"V\u00e1lido","vap":"142","pvap":"   1,00"},{"seq":"11","sqcand":"100000858411","n":"19123","nm":"PROFESSORA GARD\u00caNIA","cc":"PODE","nv":" ","e":"s","st":"Eleito","dvt":"V\u00e1lido","vap":"275","pvap":"   1,93"},{"seq":"10","sqcand":"100001091060","n":"11777","nm":"WIL DO SINDICATO","cc":"PP","nv":" ","e":"s","st":"Eleito","dvt":"V\u00e1lido","vap":"327","pvap":"   2,29"},{"seq":"50","sqcand":"100001091046","n":"11123","nm":"RUY BENES","cc":"PP","nv":" ","e":"n","st":"Suplente","dvt":"V\u00e1lido","vap":"47","pvap":"   0,33"},{"seq":"20","sqcand":"100000858422","n":"19222","nm":"JEFFERSON","cc":"PODE","nv":" ","e":"n","st":"Suplente","dvt":"V\u00e1lido","vap":"243","pvap":"   1,70"},{"seq":"21","sqcand":"100000858417","n":"19234","nm":"QUINHA BRAGA","cc":"PODE","nv":" ","e":"n","st":"Suplente","dvt":"V\u00e1lido","vap":"234","pvap":"   1,64"},{"seq":"99","sqcand":"100001091897","n":"14111","nm":"IRMAO PAULO ABREU","cc":"PTB","nv":" ","e":"n","st":"N\u00e3o eleito","dvt":"V\u00e1lido","vap":"18","pvap":"   0,13"},{"seq":"18","sqcand":"100001091047","n":"11111","nm":"RAIMUNDO NETO","cc":"PP","nv":" ","e":"n","st":"Suplente","dvt":"V\u00e1lido","vap":"260","pvap":"   1,82"},{"seq":"103","sqcand":"100001196266","n":"55100","nm":"FERNANDO LAVADOR","cc":"PSD","nv":" ","e":"n","st":"N\u00e3o eleito","dvt":"V\u00e1lido","vap":"12","pvap":"   0,08"},{"seq":"70","sqcand":"100000924550","n":"13456","nm":"MADALENA DO PT","cc":"PT","nv":" ","e":"n","st":"Suplente","dvt":"V\u00e1lido","vap":"16","pvap":"   0,11"},{"seq":"38","sqcand":"100000924553","n":"13478","nm":"CUMPADRE LUIZ","cc":"PT","nv":" ","e":"n","st":"Suplente","dvt":"V\u00e1lido","vap":"98","pvap":"   0,69"},{"seq":"16","sqcand":"100001091050","n":"11000","nm":"ELINHO REIS","cc":"PP","nv":" ","e":"n","st":"Suplente","dvt":"V\u00e1lido","vap":"281","pvap":"   1,97"},{"seq":"23","sqcand":"100000858418","n":"19456","nm":"SALOMAO","cc":"PODE","nv":" ","e":"n","st":"Suplente","dvt":"V\u00e1lido","vap":"210","pvap":"   1,47"},{"seq":"22","sqcand":"100001095737","n":"25555","nm":"RONI DO TAXI","cc":"DEM","nv":" ","e":"n","st":"Suplente","dvt":"V\u00e1lido","vap":"219","pvap":"   1,54"},{"seq":"68","sqcand":"100001089069","n":"12555","nm":"ELZINHA","cc":"PDT","nv":" ","e":"n","st":"Suplente","dvt":"V\u00e1lido","vap":"17","pvap":"   0,12"},{"seq":"12","sqcand":"100001090534","n":"10345","nm":"QUEDIA VIANA","cc":"REPUBLICANOS","nv":" ","e":"n","st":"Suplente","dvt":"V\u00e1lido","vap":"366","pvap":"   2,57"},{"seq":"69","sqcand":"100001089066","n":"12777","nm":"PASTOR MARDONE","cc":"PDT","nv":" ","e":"n","st":"Suplente","dvt":"V\u00e1lido","vap":"17","pvap":"   0,12"},{"seq":"19","sqcand":"100001095736","n":"25000","nm":"GEL","cc":"DEM","nv":" ","e":"n","st":"Suplente","dvt":"V\u00e1lido","vap":"246","pvap":"   1,72"},{"seq":"106","sqcand":"100001196270","n":"55145","nm":"BIGULIM","cc":"PSD","nv":" ","e":"n","st":"N\u00e3o eleito","dvt":"V\u00e1lido","vap":"3","pvap":"   0,02"},{"seq":"24","sqcand":"100001091052","n":"11456","nm":"SAMUEL CONCORDIA","cc":"PP","nv":" ","e":"n","st":"Suplente","dvt":"V\u00e1lido","vap":"208","pvap":"   1,46"},{"seq":"40","sqcand":"100001095740","n":"25888","nm":"BR\u00cdGIDA","cc":"DEM","nv":" ","e":"n","st":"Suplente","dvt":"V\u00e1lido","vap":"88","pvap":"   0,62"},{"seq":"15","sqcand":"100001089064","n":"12456","nm":"ROGENIA","cc":"PDT","nv":" ","e":"n","st":"Suplente","dvt":"V\u00e1lido","vap":"299","pvap":"   2,10"},{"seq":"61","sqcand":"100001091048","n":"11333","nm":"DIJ\u00c9 DO CAJUAPARA","cc":"PP","nv":" ","e":"n","st":"Suplente","dvt":"V\u00e1lido","vap":"20","pvap":"   0,14"},{"seq":"65","sqcand":"100001089062","n":"12444","nm":"MARIA DO RELOGIO","cc":"PDT","nv":" ","e":"n","st":"Suplente","dvt":"V\u00e1lido","vap":"18","pvap":"   0,13"},{"seq":"73","sqcand":"100000924547","n":"13444","nm":"PROFESSORA MARICELIA","cc":"PT","nv":" ","e":"n","st":"Suplente","dvt":"V\u00e1lido","vap":"10","pvap":"   0,07"},{"seq":"56","sqcand":"100000924545","n":"13777","nm":"MATEUS FELIPE","cc":"PT","nv":" ","e":"n","st":"Suplente","dvt":"V\u00e1lido","vap":"34","pvap":"   0,24"},{"seq":"3","sqcand":"100001091054","n":"11147","nm":"FABINHO DO COQUEIRAL","cc":"PP","nv":" ","e":"s","st":"Eleito","dvt":"V\u00e1lido","vap":"549","pvap":"   3,85"},{"seq":"36","sqcand":"100001091051","n":"11234","nm":"LACERDA","cc":"PP","nv":" ","e":"n","st":"Suplente","dvt":"V\u00e1lido","vap":"119","pvap":"   0,83"},{"seq":"2","sqcand":"100000858419","n":"19200","nm":"CABOCO","cc":"PODE","nv":" ","e":"s","st":"Eleito","dvt":"V\u00e1lido","vap":"576","pvap":"   4,04"},{"seq":"98","sqcand":"100000831062","n":"20777","nm":"PASTORA NEIDE","cc":"PSC","nv":" ","e":"n","st":"N\u00e3o eleito","dvt":"V\u00e1lido","vap":"25","pvap":"   0,18"},{"seq":"17","sqcand":"100001090530","n":"10555","nm":"GARDEM RIBEIRO","cc":"REPUBLICANOS","nv":" ","e":"n","st":"Suplente","dvt":"V\u00e1lido","vap":"265","pvap":"   1,86"},{"seq":"47","sqcand":"100000924543","n":"13111","nm":"ERNANDE DIAS","cc":"PT","nv":" ","e":"n","st":"Suplente","dvt":"V\u00e1lido","vap":"58","pvap":"   0,41"},{"seq":"32","sqcand":"100000924555","n":"13789","nm":"JANUZA DO SANDRO DA LOCADORA","cc":"PT","nv":" ","e":"n","st":"Suplente","dvt":"V\u00e1lido","vap":"148","pvap":"   1,04"},{"seq":"34","sqcand":"100001091059","n":"11236","nm":"GRAND\u00c3O DO CAJU","cc":"PP","nv":" ","e":"n","st":"Suplente","dvt":"V\u00e1lido","vap":"128","pvap":"   0,90"},{"seq":"86","sqcand":"100001091896","n":"14123","nm":"PR GREGORIO","cc":"PTB","nv":" ","e":"n","st":"N\u00e3o eleito","dvt":"V\u00e1lido","vap":"202","pvap":"   1,42"},{"seq":"60","sqcand":"100001091053","n":"11444","nm":"ZULEIDE","cc":"PP","nv":" ","e":"n","st":"Suplente","dvt":"V\u00e1lido","vap":"21","pvap":"   0,15"},{"seq":"96","sqcand":"100001091898","n":"14222","nm":"IRMA CLOTILDES","cc":"PTB","nv":" ","e":"n","st":"N\u00e3o eleito","dvt":"V\u00e1lido","vap":"26","pvap":"   0,18"}]}
