{"ele":"426","tpabr":"mu","cdabr":"07749","carper":"13","t":"1","f":"o","dt":"15/11/2020","ht":"22:51:24","dv":"s","tf":"s","v":"9","esae":"n","mnae":"","s":"21","st":"21","pst":" 100,00","snt":"0","psnt":"   0,00","si":"21","psi":" 100,00","sni":"0","psni":"   0,00","sa":"21","psa":" 100,00","sna":"0","psna":"   0,00","e":"7022","ea":"7022","pea":" 100,00","ena":"0","pena":"   0,00","esi":"7022","pesi":" 100,00","esni":"0","pesni":"   0,00","c":"5784","pc":"  82,37","a":"1238","pa":"  17,63","vscv":"0","vnom":"5310","vl":"239","pvnom":"  95,69","pvl":"   4,31","vvc":"5549","pvvc":"  95,94","vb":"37","pvb":"   0,64","tvn":"198","ptvn":"   3,42","vn":"198","pvn":" 100,00","vnt":"0","pvnt":"   0,00","vp":"0","pvp":"   0,00","vv":"5549","pvv":" 100,00","van":"0","pvan":"   0,00","vansj":"0","pvansj":"   0,00","tv":"5784","cand":[{"seq":"9","sqcand":"100000838551","n":"14555","nm":"PROFESSOR ANTONIO GOMES","cc":"PTB","nv":" ","e":"s","st":"Eleito","dvt":"V\u00e1lido","vap":"203","pvap":"   3,66"},{"seq":"7","sqcand":"100000838552","n":"14789","nm":"PROFESSOR SEBA","cc":"PTB","nv":" ","e":"s","st":"Eleito","dvt":"V\u00e1lido","vap":"260","pvap":"   4,69"},{"seq":"8","sqcand":"100001196462","n":"12333","nm":"SEBASTI\u00c3O DO AXIX\u00c1","cc":"PDT","nv":" ","e":"s","st":"Eleito","dvt":"V\u00e1lido","vap":"217","pvap":"   3,91"},{"seq":"15","sqcand":"100000838556","n":"14222","nm":"ROG\u00c9RIO DA TABOCA","cc":"PTB","nv":" ","e":"n","st":"Suplente","dvt":"V\u00e1lido","vap":"104","pvap":"   1,87"},{"seq":"3","sqcand":"100000838554","n":"14111","nm":"LUZIVAN","cc":"PTB","nv":" ","e":"s","st":"Eleito","dvt":"V\u00e1lido","vap":"493","pvap":"   8,88"},{"seq":"14","sqcand":"100001196458","n":"12777","nm":"VALDECI DA LAGOA DA SERRA","cc":"PDT","nv":" ","e":"n","st":"Suplente","dvt":"V\u00e1lido","vap":"109","pvap":"   1,96"},{"seq":"2","sqcand":"100000838548","n":"14777","nm":"Z\u00c9 DO POVO","cc":"PTB","nv":" ","e":"s","st":"Eleito","dvt":"V\u00e1lido","vap":"706","pvap":"  12,72"},{"seq":"11","sqcand":"100001196463","n":"12444","nm":"BRANCO FELIX","cc":"PDT","nv":" ","e":"n","st":"Suplente","dvt":"V\u00e1lido","vap":"194","pvap":"   3,50"},{"seq":"4","sqcand":"100001196456","n":"12345","nm":"CINZA","cc":"PDT","nv":" ","e":"s","st":"Eleito","dvt":"V\u00e1lido","vap":"467","pvap":"   8,42"},{"seq":"6","sqcand":"100000838557","n":"14000","nm":"ROMILDO DO AXIX\u00c1","cc":"PTB","nv":" ","e":"s","st":"Eleito","dvt":"V\u00e1lido","vap":"296","pvap":"   5,33"},{"seq":"18","sqcand":"100000838549","n":"14144","nm":"CONCEI\u00c7\u00c3O DO ANTONIO MIGUEL","cc":"PTB","nv":" ","e":"n","st":"Suplente","dvt":"V\u00e1lido","vap":"35","pvap":"   0,63"},{"seq":"10","sqcand":"100001196455","n":"12789","nm":"RONALDO GOMES","cc":"PDT","nv":" ","e":"n","st":"Suplente","dvt":"V\u00e1lido","vap":"206","pvap":"   3,71"},{"seq":"26","sqcand":"100000838519","n":"65000","nm":"DAPHINE ARAUJO","cc":"PC do B","nv":" ","e":"n","st":"N\u00e3o eleito","dvt":"V\u00e1lido","vap":"21","pvap":"   0,38"},{"seq":"21","sqcand":"100000838547","n":"14567","nm":"SINVAL DO AXIX\u00c1","cc":"PTB","nv":" ","e":"n","st":"Suplente","dvt":"V\u00e1lido","vap":"15","pvap":"   0,27"},{"seq":"13","sqcand":"100000838553","n":"14333","nm":"RONALDO","cc":"PTB","nv":" ","e":"n","st":"Suplente","dvt":"V\u00e1lido","vap":"131","pvap":"   2,36"},{"seq":"22","sqcand":"100000838555","n":"14012","nm":"PAIX\u00c3O","cc":"PTB","nv":" ","e":"n","st":"Suplente","dvt":"V\u00e1lido","vap":"5","pvap":"   0,09"},{"seq":"1","sqcand":"100000838558","n":"14444","nm":"JONATHA","cc":"PTB","nv":" ","e":"s","st":"Eleito","dvt":"V\u00e1lido","vap":"791","pvap":"  14,25"},{"seq":"19","sqcand":"100000838559","n":"14123","nm":"FERNANDA LIMA","cc":"PTB","nv":" ","e":"n","st":"Suplente","dvt":"V\u00e1lido","vap":"32","pvap":"   0,58"},{"seq":"25","sqcand":"100000838517","n":"65555","nm":"ANTONIO DO DAVI","cc":"PC do B","nv":" ","e":"n","st":"N\u00e3o eleito","dvt":"V\u00e1lido","vap":"150","pvap":"   2,70"},{"seq":"12","sqcand":"100001196464","n":"12111","nm":"JO\u00c3O AQUINO","cc":"PDT","nv":" ","e":"n","st":"Suplente","dvt":"V\u00e1lido","vap":"146","pvap":"   2,63"},{"seq":"16","sqcand":"100001196459","n":"12999","nm":"NEGO DO OLHO D&apos;GUA","cc":"PDT","nv":" ","e":"n","st":"Suplente","dvt":"V\u00e1lido","vap":"75","pvap":"   1,35"},{"seq":"5","sqcand":"100001196454","n":"12000","nm":"CUTIA","cc":"PDT","nv":" ","e":"s","st":"Eleito","dvt":"V\u00e1lido","vap":"344","pvap":"   6,20"},{"seq":"20","sqcand":"100000838550","n":"14456","nm":"RAIMUNDINHA","cc":"PTB","nv":" ","e":"n","st":"Suplente","dvt":"V\u00e1lido","vap":"23","pvap":"   0,41"},{"seq":"23","sqcand":"100001196457","n":"12523","nm":"ANANDA","cc":"PDT","nv":" ","e":"n","st":"Suplente","dvt":"V\u00e1lido","vap":"0","pvap":"00.00"},{"seq":"17","sqcand":"100001196460","n":"12555","nm":"ELZILENE","cc":"PDT","nv":" ","e":"n","st":"Suplente","dvt":"V\u00e1lido","vap":"56","pvap":"   1,01"},{"seq":"24","sqcand":"100000838518","n":"65444","nm":"JOEL BARROSO","cc":"PC do B","nv":" ","e":"n","st":"N\u00e3o eleito","dvt":"V\u00e1lido","vap":"231","pvap":"   4,16"}]}
