{"ele":"426","tpabr":"mu","cdabr":"07846","carper":"13","t":"1","f":"o","dt":"15/11/2020","ht":"21:44:31","dv":"s","tf":"n","v":"9","esae":"n","mnae":"","s":"26","st":"26","pst":" 100,00","snt":"0","psnt":"   0,00","si":"26","psi":" 100,00","sni":"0","psni":"   0,00","sa":"26","psa":" 100,00","sna":"0","psna":"   0,00","e":"9363","ea":"9363","pea":" 100,00","ena":"0","pena":"   0,00","esi":"9363","pesi":" 100,00","esni":"0","pesni":"   0,00","c":"7761","pc":"  82,89","a":"1602","pa":"  17,11","vscv":"0","vnom":"7301","vl":"226","pvnom":"  97,00","pvl":"   3,00","vvc":"7527","pvvc":"  96,98","vb":"26","pvb":"   0,34","tvn":"208","ptvn":"   2,68","vn":"208","pvn":" 100,00","vnt":"0","pvnt":"   0,00","vp":"0","pvp":"   0,00","vv":"7527","pvv":" 100,00","van":"0","pvan":"   0,00","vansj":"0","pvansj":"   0,00","tv":"7761","cand":[{"seq":"1","sqcand":"100001014062","n":"13111","nm":"LEUSA DO NALDO","cc":"PT","nv":" ","e":"n","st":"","dvt":"V\u00e1lido","vap":"665","pvap":"   8,83"},{"seq":"13","sqcand":"100000918707","n":"45111","nm":"MARCEONE","cc":"PSDB","nv":" ","e":"n","st":"","dvt":"V\u00e1lido","vap":"269","pvap":"   3,57"},{"seq":"28","sqcand":"100000918700","n":"45983","nm":"PROF PETRONIO","cc":"PSDB","nv":" ","e":"n","st":"","dvt":"V\u00e1lido","vap":"14","pvap":"   0,19"},{"seq":"4","sqcand":"100001014061","n":"13456","nm":"PROFESSOR OGLES","cc":"PT","nv":" ","e":"n","st":"","dvt":"V\u00e1lido","vap":"437","pvap":"   5,81"},{"seq":"9","sqcand":"100000918706","n":"45222","nm":"ELTO AMORIM","cc":"PSDB","nv":" ","e":"n","st":"","dvt":"V\u00e1lido","vap":"401","pvap":"   5,33"},{"seq":"17","sqcand":"100000918692","n":"15000","nm":"YONARA DO PRET\u00c3O","cc":"MDB","nv":" ","e":"n","st":"","dvt":"V\u00e1lido","vap":"230","pvap":"   3,06"},{"seq":"8","sqcand":"100000918704","n":"45789","nm":"RUAN DANTAS","cc":"PSDB","nv":" ","e":"n","st":"","dvt":"V\u00e1lido","vap":"410","pvap":"   5,45"},{"seq":"6","sqcand":"100001014072","n":"13333","nm":"VILA DA NILDE","cc":"PT","nv":" ","e":"n","st":"","dvt":"V\u00e1lido","vap":"421","pvap":"   5,59"},{"seq":"5","sqcand":"100001014063","n":"13999","nm":"DONIZETE AMARAL","cc":"PT","nv":" ","e":"n","st":"","dvt":"V\u00e1lido","vap":"434","pvap":"   5,77"},{"seq":"27","sqcand":"100000918702","n":"45888","nm":"IOLANDA DA SILVA POLICARPO","cc":"PSDB","nv":" ","e":"n","st":"","dvt":"V\u00e1lido","vap":"27","pvap":"   0,36"},{"seq":"11","sqcand":"100001014068","n":"13000","nm":"RAIMUNDO ROSA","cc":"PT","nv":" ","e":"n","st":"","dvt":"V\u00e1lido","vap":"335","pvap":"   4,45"},{"seq":"10","sqcand":"100001014070","n":"13444","nm":"POMBO","cc":"PT","nv":" ","e":"n","st":"","dvt":"V\u00e1lido","vap":"352","pvap":"   4,68"},{"seq":"3","sqcand":"100001014073","n":"13777","nm":"CINARA DO BIBI","cc":"PT","nv":" ","e":"n","st":"","dvt":"V\u00e1lido","vap":"493","pvap":"   6,55"},{"seq":"19","sqcand":"100000918701","n":"45123","nm":"EDILSON LIMA","cc":"PSDB","nv":" ","e":"n","st":"","dvt":"V\u00e1lido","vap":"161","pvap":"   2,14"},{"seq":"2","sqcand":"100000918690","n":"15111","nm":"EDIVAN EUGENIO","cc":"MDB","nv":" ","e":"n","st":"","dvt":"V\u00e1lido","vap":"585","pvap":"   7,77"},{"seq":"20","sqcand":"100000918699","n":"45555","nm":"GRACIETE VIERA","cc":"PSDB","nv":" ","e":"n","st":"","dvt":"V\u00e1lido","vap":"103","pvap":"   1,37"},{"seq":"18","sqcand":"100000918708","n":"45000","nm":"CHAMBARI","cc":"PSDB","nv":" ","e":"n","st":"","dvt":"V\u00e1lido","vap":"164","pvap":"   2,18"},{"seq":"24","sqcand":"100001014064","n":"13013","nm":"MACIEL","cc":"PT","nv":" ","e":"n","st":"","dvt":"V\u00e1lido","vap":"37","pvap":"   0,49"},{"seq":"29","sqcand":"100000918697","n":"15678","nm":"ALTAS HORAS","cc":"MDB","nv":" ","e":"n","st":"","dvt":"V\u00e1lido","vap":"14","pvap":"   0,19"},{"seq":"23","sqcand":"100000918703","n":"45678","nm":"ISABEL","cc":"PSDB","nv":" ","e":"n","st":"","dvt":"V\u00e1lido","vap":"41","pvap":"   0,54"},{"seq":"26","sqcand":"100001014065","n":"13888","nm":"TIRIRICA","cc":"PT","nv":" ","e":"n","st":"","dvt":"V\u00e1lido","vap":"28","pvap":"   0,37"},{"seq":"12","sqcand":"100000918693","n":"15555","nm":"VALBER SILVA","cc":"MDB","nv":" ","e":"n","st":"","dvt":"V\u00e1lido","vap":"305","pvap":"   4,05"},{"seq":"14","sqcand":"100000918694","n":"15333","nm":"ELZA DO ANANIAS","cc":"MDB","nv":" ","e":"n","st":"","dvt":"V\u00e1lido","vap":"251","pvap":"   3,33"},{"seq":"30","sqcand":"100000918698","n":"15444","nm":"CAZINHA","cc":"MDB","nv":" ","e":"n","st":"","dvt":"V\u00e1lido","vap":"12","pvap":"   0,16"},{"seq":"16","sqcand":"100001014069","n":"13123","nm":"TELMA","cc":"PT","nv":" ","e":"n","st":"","dvt":"V\u00e1lido","vap":"240","pvap":"   3,19"},{"seq":"21","sqcand":"100000918696","n":"15110","nm":"IRM\u00c3O CARECA","cc":"MDB","nv":" ","e":"n","st":"","dvt":"V\u00e1lido","vap":"90","pvap":"   1,20"},{"seq":"31","sqcand":"100000918695","n":"15789","nm":"LAVINIA","cc":"MDB","nv":" ","e":"n","st":"","dvt":"V\u00e1lido","vap":"11","pvap":"   0,15"},{"seq":"7","sqcand":"100001014071","n":"13555","nm":"LEOPOLDO","cc":"PT","nv":" ","e":"n","st":"","dvt":"V\u00e1lido","vap":"417","pvap":"   5,54"},{"seq":"22","sqcand":"100001014067","n":"13789","nm":"ELIANE","cc":"PT","nv":" ","e":"n","st":"","dvt":"V\u00e1lido","vap":"80","pvap":"   1,06"},{"seq":"25","sqcand":"100000918691","n":"15222","nm":"CHICO CIRILO","cc":"MDB","nv":" ","e":"n","st":"","dvt":"V\u00e1lido","vap":"32","pvap":"   0,43"},{"seq":"15","sqcand":"100000918705","n":"45999","nm":"AD\u00c3O ANDRADE","cc":"PSDB","nv":" ","e":"n","st":"","dvt":"V\u00e1lido","vap":"242","pvap":"   3,22"}]}
