{"ele":"426","tpabr":"mu","cdabr":"07870","carper":"13","t":"1","f":"o","dt":"15/11/2020","ht":"23:00:23","dv":"s","tf":"s","v":"9","esae":"n","mnae":"","s":"27","st":"27","pst":" 100,00","snt":"0","psnt":"   0,00","si":"27","psi":" 100,00","sni":"0","psni":"   0,00","sa":"27","psa":" 100,00","sna":"0","psna":"   0,00","e":"8591","ea":"8591","pea":" 100,00","ena":"0","pena":"   0,00","esi":"8591","pesi":" 100,00","esni":"0","pesni":"   0,00","c":"6872","pc":"  79,99","a":"1719","pa":"  20,01","vscv":"0","vnom":"6190","vl":"309","pvnom":"  95,25","pvl":"   4,75","vvc":"6499","pvvc":"  94,57","vb":"49","pvb":"   0,72","tvn":"324","ptvn":"   4,71","vn":"324","pvn":" 100,00","vnt":"0","pvnt":"   0,00","vp":"0","pvp":"   0,00","vv":"6499","pvv":" 100,00","van":"0","pvan":"   0,00","vansj":"0","pvansj":"   0,00","tv":"6872","cand":[{"seq":"10","sqcand":"100001030975","n":"12222","nm":"TONIVALDO","cc":"PDT","nv":" ","e":"n","st":"Suplente","dvt":"V\u00e1lido","vap":"350","pvap":"   5,39"},{"seq":"8","sqcand":"100001030979","n":"12111","nm":"Z\u00c9 WALTER","cc":"PDT","nv":" ","e":"s","st":"Eleito","dvt":"V\u00e1lido","vap":"392","pvap":"   6,03"},{"seq":"1","sqcand":"100000914790","n":"51999","nm":"DR THIAGO","cc":"PATRIOTA","nv":" ","e":"s","st":"Eleito","dvt":"V\u00e1lido","vap":"895","pvap":"  13,77"},{"seq":"3","sqcand":"100000914785","n":"51123","nm":"ENFERMEIRO RICARDO","cc":"PATRIOTA","nv":" ","e":"s","st":"Eleito","dvt":"V\u00e1lido","vap":"570","pvap":"   8,77"},{"seq":"14","sqcand":"100000914792","n":"51000","nm":"VILMAR","cc":"PATRIOTA","nv":" ","e":"n","st":"Suplente","dvt":"V\u00e1lido","vap":"174","pvap":"   2,68"},{"seq":"13","sqcand":"100001030973","n":"12555","nm":"FRANCISCO BARBEIRO","cc":"PDT","nv":" ","e":"n","st":"Suplente","dvt":"V\u00e1lido","vap":"207","pvap":"   3,19"},{"seq":"5","sqcand":"100001030980","n":"12000","nm":"WANDERSON","cc":"PDT","nv":" ","e":"s","st":"Eleito","dvt":"V\u00e1lido","vap":"542","pvap":"   8,34"},{"seq":"4","sqcand":"100001030976","n":"12444","nm":"JESUS DO DONATO","cc":"PDT","nv":" ","e":"s","st":"Eleito","dvt":"V\u00e1lido","vap":"549","pvap":"   8,45"},{"seq":"11","sqcand":"100001030974","n":"12121","nm":"LEO","cc":"PDT","nv":" ","e":"n","st":"Suplente","dvt":"V\u00e1lido","vap":"220","pvap":"   3,39"},{"seq":"6","sqcand":"100001030977","n":"12333","nm":"ANDRESSA FENELON","cc":"PDT","nv":" ","e":"s","st":"Eleito","dvt":"V\u00e1lido","vap":"512","pvap":"   7,88"},{"seq":"7","sqcand":"100000914788","n":"51222","nm":"ONESIO MONTEIRO","cc":"PATRIOTA","nv":" ","e":"s","st":"Eleito","dvt":"V\u00e1lido","vap":"500","pvap":"   7,69"},{"seq":"15","sqcand":"100000914786","n":"51444","nm":"JANAINA DO BALINHA","cc":"PATRIOTA","nv":" ","e":"n","st":"Suplente","dvt":"V\u00e1lido","vap":"88","pvap":"   1,35"},{"seq":"17","sqcand":"100001267678","n":"12777","nm":"ADELINA","cc":"PDT","nv":" ","e":"n","st":"Suplente","dvt":"V\u00e1lido","vap":"39","pvap":"   0,60"},{"seq":"12","sqcand":"100000914791","n":"51111","nm":"NEUMA LUCAS","cc":"PATRIOTA","nv":" ","e":"n","st":"Suplente","dvt":"V\u00e1lido","vap":"213","pvap":"   3,28"},{"seq":"9","sqcand":"100000914789","n":"51555","nm":"JOAO LUIS","cc":"PATRIOTA","nv":" ","e":"s","st":"Eleito","dvt":"V\u00e1lido","vap":"305","pvap":"   4,69"},{"seq":"16","sqcand":"100000914787","n":"51666","nm":"DENILDA","cc":"PATRIOTA","nv":" ","e":"n","st":"Suplente","dvt":"V\u00e1lido","vap":"55","pvap":"   0,85"},{"seq":"2","sqcand":"100001030978","n":"12369","nm":"JO\u00c3O BATISTA","cc":"PDT","nv":" ","e":"s","st":"Eleito","dvt":"V\u00e1lido","vap":"579","pvap":"   8,91"}]}
