{"ele":"426","tpabr":"mu","cdabr":"07897","carper":"13","t":"1","f":"o","dt":"15/11/2020","ht":"21:43:57","dv":"s","tf":"s","v":"11","esae":"n","mnae":"","s":"40","st":"40","pst":" 100,00","snt":"0","psnt":"   0,00","si":"40","psi":" 100,00","sni":"0","psni":"   0,00","sa":"40","psa":" 100,00","sna":"0","psna":"   0,00","e":"11524","ea":"11524","pea":" 100,00","ena":"0","pena":"   0,00","esi":"11524","pesi":" 100,00","esni":"0","pesni":"   0,00","c":"8892","pc":"  77,16","a":"2632","pa":"  22,84","vscv":"0","vnom":"7958","vl":"565","pvnom":"  93,37","pvl":"   6,63","vvc":"8523","pvvc":"  95,85","vb":"81","pvb":"   0,91","tvn":"288","ptvn":"   3,24","vn":"288","pvn":" 100,00","vnt":"0","pvnt":"   0,00","vp":"0","pvp":"   0,00","vv":"8523","pvv":" 100,00","van":"0","pvan":"   0,00","vansj":"0","pvansj":"   0,00","tv":"8892","cand":[{"seq":"26","sqcand":"100001085651","n":"22333","nm":"WANIA","cc":"PL","nv":" ","e":"n","st":"Suplente","dvt":"V\u00e1lido","vap":"3","pvap":"   0,04"},{"seq":"23","sqcand":"100000986843","n":"14777","nm":"IAGO VIANA","cc":"PTB","nv":" ","e":"n","st":"Suplente","dvt":"V\u00e1lido","vap":"37","pvap":"   0,43"},{"seq":"22","sqcand":"100000986840","n":"14333","nm":"RONALDO GALV\u00c3O","cc":"PTB","nv":" ","e":"n","st":"Suplente","dvt":"V\u00e1lido","vap":"45","pvap":"   0,53"},{"seq":"8","sqcand":"100001085642","n":"22456","nm":"JO\u00c3O TIBIRI","cc":"PL","nv":" ","e":"s","st":"Eleito","dvt":"V\u00e1lido","vap":"377","pvap":"   4,42"},{"seq":"32","sqcand":"100001083591","n":"55223","nm":"BAZIM CACIMB\u00c3O","cc":"PSD","nv":" ","e":"n","st":"N\u00e3o eleito","dvt":"V\u00e1lido","vap":"1","pvap":"   0,01"},{"seq":"24","sqcand":"100001085641","n":"22455","nm":"JOVENILIA","cc":"PL","nv":" ","e":"n","st":"Suplente","dvt":"V\u00e1lido","vap":"7","pvap":"   0,08"},{"seq":"18","sqcand":"100000983541","n":"12333","nm":"ELMA MORAIS","cc":"PDT","nv":" ","e":"n","st":"Suplente","dvt":"V\u00e1lido","vap":"188","pvap":"   2,21"},{"seq":"31","sqcand":"100001083593","n":"55456","nm":"MILENA CARDOSO","cc":"PSD","nv":" ","e":"n","st":"N\u00e3o eleito","dvt":"V\u00e1lido","vap":"2","pvap":"   0,02"},{"seq":"11","sqcand":"100000986845","n":"14456","nm":"LAURA RIBEIRO","cc":"PTB","nv":" ","e":"s","st":"Eleito","dvt":"V\u00e1lido","vap":"328","pvap":"   3,85"},{"seq":"21","sqcand":"100000983540","n":"12555","nm":"DED\u00c9 LOCUTOR","cc":"PDT","nv":" ","e":"n","st":"Suplente","dvt":"V\u00e1lido","vap":"65","pvap":"   0,76"},{"seq":"12","sqcand":"100000986839","n":"14555","nm":"SULENILDO DO CACIMB\u00c3O","cc":"PTB","nv":" ","e":"n","st":"Suplente","dvt":"V\u00e1lido","vap":"292","pvap":"   3,43"},{"seq":"19","sqcand":"100001085643","n":"22234","nm":"MAUR\u00c3O","cc":"PL","nv":" ","e":"n","st":"Suplente","dvt":"V\u00e1lido","vap":"181","pvap":"   2,12"},{"seq":"14","sqcand":"100001085644","n":"22555","nm":"OSTO FILHO","cc":"PL","nv":" ","e":"n","st":"Suplente","dvt":"V\u00e1lido","vap":"266","pvap":"   3,12"},{"seq":"1","sqcand":"100000983546","n":"12789","nm":"ANA MARY","cc":"PDT","nv":" ","e":"s","st":"Eleito","dvt":"V\u00e1lido","vap":"853","pvap":"  10,01"},{"seq":"25","sqcand":"100000986842","n":"14222","nm":"VANESSA DO CANA\u00c3","cc":"PTB","nv":" ","e":"n","st":"Suplente","dvt":"V\u00e1lido","vap":"7","pvap":"   0,08"},{"seq":"6","sqcand":"100000986838","n":"14444","nm":"GARD\u00caNIA DO SOCORRO","cc":"PTB","nv":" ","e":"s","st":"Eleito","dvt":"V\u00e1lido","vap":"446","pvap":"   5,23"},{"seq":"16","sqcand":"100001085645","n":"22110","nm":"BATISTA DA VAN","cc":"PL","nv":" ","e":"n","st":"Suplente","dvt":"V\u00e1lido","vap":"224","pvap":"   2,63"},{"seq":"20","sqcand":"100001085648","n":"22111","nm":"EDILTON DO CACIMB\u00c3O","cc":"PL","nv":" ","e":"n","st":"Suplente","dvt":"V\u00e1lido","vap":"78","pvap":"   0,92"},{"seq":"29","sqcand":"100001083595","n":"55555","nm":"JACY LOPES","cc":"PSD","nv":" ","e":"n","st":"N\u00e3o eleito","dvt":"V\u00e1lido","vap":"32","pvap":"   0,38"},{"seq":"27","sqcand":"100001085646","n":"22000","nm":"RAQUELMA","cc":"PL","nv":" ","e":"n","st":"Suplente","dvt":"V\u00e1lido","vap":"1","pvap":"   0,01"},{"seq":"7","sqcand":"100000983543","n":"12345","nm":"RENATINHO","cc":"PDT","nv":" ","e":"s","st":"Eleito","dvt":"V\u00e1lido","vap":"389","pvap":"   4,56"},{"seq":"17","sqcand":"100000986841","n":"14123","nm":"VALDIR FERNANDES","cc":"PTB","nv":" ","e":"n","st":"Suplente","dvt":"V\u00e1lido","vap":"188","pvap":"   2,21"},{"seq":"4","sqcand":"100000983547","n":"12456","nm":"ISAC","cc":"PDT","nv":" ","e":"s","st":"Eleito","dvt":"V\u00e1lido","vap":"495","pvap":"   5,81"},{"seq":"10","sqcand":"100001085650","n":"22123","nm":"FRANCIMAR","cc":"PL","nv":" ","e":"s","st":"Eleito","dvt":"V\u00e1lido","vap":"348","pvap":"   4,08"},{"seq":"13","sqcand":"100000986844","n":"14789","nm":"GILDO","cc":"PTB","nv":" ","e":"n","st":"Suplente","dvt":"V\u00e1lido","vap":"275","pvap":"   3,23"},{"seq":"28","sqcand":"100001083594","n":"55123","nm":"NEGUINHA DO S\u00c3O PEDRO","cc":"PSD","nv":" ","e":"n","st":"N\u00e3o eleito","dvt":"V\u00e1lido","vap":"59","pvap":"   0,69"},{"seq":"5","sqcand":"100001085647","n":"22345","nm":"WALLAS AURINHA","cc":"PL","nv":" ","e":"s","st":"Eleito","dvt":"V\u00e1lido","vap":"467","pvap":"   5,48"},{"seq":"2","sqcand":"100000983545","n":"12222","nm":"ELIANE MATOS","cc":"PDT","nv":" ","e":"s","st":"Eleito","dvt":"V\u00e1lido","vap":"839","pvap":"   9,84"},{"seq":"15","sqcand":"100000983539","n":"12123","nm":"BOMBOM","cc":"PDT","nv":" ","e":"n","st":"Suplente","dvt":"V\u00e1lido","vap":"256","pvap":"   3,00"},{"seq":"30","sqcand":"100001083592","n":"55222","nm":"JO\u00c3O FABR\u00cdCIO","cc":"PSD","nv":" ","e":"n","st":"N\u00e3o eleito","dvt":"V\u00e1lido","vap":"19","pvap":"   0,22"},{"seq":"3","sqcand":"100000986846","n":"14000","nm":"ILVAM BRITO","cc":"PTB","nv":" ","e":"s","st":"Eleito","dvt":"V\u00e1lido","vap":"830","pvap":"   9,74"},{"seq":"9","sqcand":"100000983542","n":"12111","nm":"VALFREDO","cc":"PDT","nv":" ","e":"s","st":"Eleito","dvt":"V\u00e1lido","vap":"360","pvap":"   4,22"}]}
