{"ele":"426","tpabr":"mu","cdabr":"07919","carper":"13","t":"1","f":"o","dt":"15/11/2020","ht":"21:44:16","dv":"s","tf":"s","v":"9","esae":"n","mnae":"","s":"18","st":"18","pst":" 100,00","snt":"0","psnt":"   0,00","si":"18","psi":" 100,00","sni":"0","psni":"   0,00","sa":"18","psa":" 100,00","sna":"0","psna":"   0,00","e":"6111","ea":"6111","pea":" 100,00","ena":"0","pena":"   0,00","esi":"6111","pesi":" 100,00","esni":"0","pesni":"   0,00","c":"5080","pc":"  83,13","a":"1031","pa":"  16,87","vscv":"0","vnom":"4769","vl":"149","pvnom":"  96,97","pvl":"   3,03","vvc":"4927","pvvc":"  96,99","vb":"13","pvb":"   0,25","tvn":"140","ptvn":"   2,76","vn":"140","pvn":" 100,00","vnt":"0","pvnt":"   0,00","vp":"0","pvp":"   0,00","vv":"4918","pvv":"  99,82","van":"0","pvan":"   0,00","vansj":"9","pvansj":"   0,18","tv":"5080","cand":[{"seq":"32","sqcand":"100000936516","n":"19123","nm":"DANILO VIEIRA","cc":"PODE","nv":" ","e":"n","st":"N\u00e3o eleito","dvt":"V\u00e1lido","vap":"8","pvap":"   0,16"},{"seq":"10","sqcand":"100001082891","n":"13456","nm":"Z\u00c9 TAVARES","cc":"PT","nv":" ","e":"n","st":"Suplente","dvt":"V\u00e1lido","vap":"252","pvap":"   5,11"},{"seq":"3","sqcand":"100001082884","n":"13000","nm":"RAILSON SOARES","cc":"PT","nv":" ","e":"s","st":"Eleito","dvt":"V\u00e1lido","vap":"322","pvap":"   6,54"},{"seq":"6","sqcand":"100001082888","n":"13111","nm":"RUZEVEL","cc":"PT","nv":" ","e":"s","st":"Eleito","dvt":"V\u00e1lido","vap":"271","pvap":"   5,50"},{"seq":"29","sqcand":"100000936518","n":"19111","nm":"ABRA\u00c3O SOARES","cc":"PODE","nv":" ","e":"n","st":"N\u00e3o eleito","dvt":"V\u00e1lido","vap":"20","pvap":"   0,41"},{"seq":"13","sqcand":"100000654626","n":"12345","nm":"SIDINEI ","cc":"PDT","nv":" ","e":"n","st":"Suplente","dvt":"V\u00e1lido","vap":"196","pvap":"   3,98"},{"seq":"18","sqcand":"100001082887","n":"13234","nm":"Z\u00c9 CELSON","cc":"PT","nv":" ","e":"n","st":"Suplente","dvt":"V\u00e1lido","vap":"74","pvap":"   1,50"},{"seq":"1","sqcand":"100000654631","n":"12111","nm":"VONALDO ","cc":"PDT","nv":" ","e":"s","st":"Eleito","dvt":"V\u00e1lido","vap":"599","pvap":"  12,16"},{"seq":"24","sqcand":"100000654627","n":"12125","nm":"MILCILENE","cc":"PDT","nv":" ","e":"n","st":"Suplente","dvt":"V\u00e1lido","vap":"15","pvap":"   0,30"},{"seq":"31","sqcand":"100001082882","n":"13789","nm":"ADRIANA","cc":"PT","nv":" ","e":"n","st":"N\u00e3o eleito","dvt":"Anulado sub judice","vap":"9","pvap":"   0,18"},{"seq":"25","sqcand":"100001082889","n":"13555","nm":"EVA","cc":"PT","nv":" ","e":"n","st":"Suplente","dvt":"V\u00e1lido","vap":"4","pvap":"   0,08"},{"seq":"26","sqcand":"100001274341","n":"13999","nm":"CARLA CARDOSO","cc":"PT","nv":" ","e":"n","st":"Suplente","dvt":"V\u00e1lido","vap":"4","pvap":"   0,08"},{"seq":"2","sqcand":"100000654624","n":"12123","nm":"PAULO FOGUETE","cc":"PDT","nv":" ","e":"s","st":"Eleito","dvt":"V\u00e1lido","vap":"380","pvap":"   7,71"},{"seq":"5","sqcand":"100001082886","n":"13123","nm":"SOUSA RAMOS","cc":"PT","nv":" ","e":"s","st":"Eleito","dvt":"V\u00e1lido","vap":"275","pvap":"   5,58"},{"seq":"17","sqcand":"100000654633","n":"12580","nm":"IREUDE PEREIRA","cc":"PDT","nv":" ","e":"n","st":"Suplente","dvt":"V\u00e1lido","vap":"111","pvap":"   2,25"},{"seq":"22","sqcand":"100000654635","n":"12777","nm":"PROFESSORA VALDA","cc":"PDT","nv":" ","e":"n","st":"Suplente","dvt":"V\u00e1lido","vap":"29","pvap":"   0,59"},{"seq":"19","sqcand":"100000654637","n":"12369","nm":"DRA  ANA CLEIDE","cc":"PDT","nv":" ","e":"n","st":"Suplente","dvt":"V\u00e1lido","vap":"56","pvap":"   1,14"},{"seq":"33","sqcand":"100000936521","n":"19456","nm":"MIRIAN GALDINO","cc":"PODE","nv":" ","e":"n","st":"N\u00e3o eleito","dvt":"V\u00e1lido","vap":"0","pvap":"00.00"},{"seq":"8","sqcand":"100000654629","n":"12000","nm":"NETO CARVALHO","cc":"PDT","nv":" ","e":"s","st":"Eleito","dvt":"V\u00e1lido","vap":"239","pvap":"   4,85"},{"seq":"4","sqcand":"100000654632","n":"12222","nm":"RAIMUNDO  PARAIBANO","cc":"PDT","nv":" ","e":"s","st":"Eleito","dvt":"V\u00e1lido","vap":"316","pvap":"   6,41"},{"seq":"15","sqcand":"100001082890","n":"13222","nm":"MAYLSON","cc":"PT","nv":" ","e":"n","st":"Suplente","dvt":"V\u00e1lido","vap":"162","pvap":"   3,29"},{"seq":"11","sqcand":"100001082883","n":"13455","nm":"ANTONIO MANGABEIRA","cc":"PT","nv":" ","e":"n","st":"Suplente","dvt":"V\u00e1lido","vap":"221","pvap":"   4,49"},{"seq":"16","sqcand":"100000654634","n":"12444","nm":"IRMAO ARNOR","cc":"PDT","nv":" ","e":"n","st":"Suplente","dvt":"V\u00e1lido","vap":"145","pvap":"   2,94"},{"seq":"23","sqcand":"100001082894","n":"13141","nm":"JUCILENE","cc":"PT","nv":" ","e":"n","st":"Suplente","dvt":"V\u00e1lido","vap":"27","pvap":"   0,55"},{"seq":"12","sqcand":"100001082885","n":"13444","nm":"REIMA","cc":"PT","nv":" ","e":"n","st":"Suplente","dvt":"V\u00e1lido","vap":"216","pvap":"   4,38"},{"seq":"28","sqcand":"100000936520","n":"19000","nm":"CLEITOMAR PORTO","cc":"PODE","nv":" ","e":"n","st":"N\u00e3o eleito","dvt":"V\u00e1lido","vap":"24","pvap":"   0,49"},{"seq":"30","sqcand":"100000936519","n":"19789","nm":"IOLANDA BORGES","cc":"PODE","nv":" ","e":"n","st":"N\u00e3o eleito","dvt":"V\u00e1lido","vap":"10","pvap":"   0,20"},{"seq":"9","sqcand":"100000654628","n":"12456","nm":"BENEDITO","cc":"PDT","nv":" ","e":"s","st":"Eleito","dvt":"V\u00e1lido","vap":"223","pvap":"   4,53"},{"seq":"27","sqcand":"100000936517","n":"19999","nm":"LAILTON RODRIGUES","cc":"PODE","nv":" ","e":"n","st":"N\u00e3o eleito","dvt":"V\u00e1lido","vap":"36","pvap":"   0,73"},{"seq":"14","sqcand":"100000654630","n":"12555","nm":"EDNALDO ","cc":"PDT","nv":" ","e":"n","st":"Suplente","dvt":"V\u00e1lido","vap":"191","pvap":"   3,88"},{"seq":"20","sqcand":"100000654625","n":"12789","nm":"RAIMUNDA DO JOAQUIM","cc":"PDT","nv":" ","e":"n","st":"Suplente","dvt":"V\u00e1lido","vap":"39","pvap":"   0,79"},{"seq":"7","sqcand":"100000654636","n":"12333","nm":"RAIMUNDIM","cc":"PDT","nv":" ","e":"s","st":"Eleito","dvt":"V\u00e1lido","vap":"270","pvap":"   5,48"},{"seq":"21","sqcand":"100001082893","n":"13333","nm":"TETA","cc":"PT","nv":" ","e":"n","st":"Suplente","dvt":"V\u00e1lido","vap":"34","pvap":"   0,69"}]}
