{"ele":"426","tpabr":"mu","cdabr":"08079","carper":"13","t":"1","f":"o","dt":"15/11/2020","ht":"22:03:33","dv":"s","tf":"s","v":"15","esae":"n","mnae":"","s":"128","st":"128","pst":" 100,00","snt":"0","psnt":"   0,00","si":"128","psi":" 100,00","sni":"0","psni":"   0,00","sa":"128","psa":" 100,00","sna":"0","psna":"   0,00","e":"42583","ea":"42583","pea":" 100,00","ena":"0","pena":"   0,00","esi":"42583","pesi":" 100,00","esni":"0","pesni":"   0,00","c":"35333","pc":"  82,97","a":"7250","pa":"  17,03","vscv":"0","vnom":"31363","vl":"1750","pvnom":"  94,72","pvl":"   5,28","vvc":"34028","pvvc":"  96,31","vb":"336","pvb":"   0,95","tvn":"969","ptvn":"   2,74","vn":"947","pvn":"  97,73","vnt":"22","pvnt":"   2,27","vp":"0","pvp":"   0,00","vv":"33113","pvv":"  97,31","van":"0","pvan":"   0,00","vansj":"915","pvansj":"   2,69","tv":"35333","cand":[{"seq":"19","sqcand":"100000728699","n":"65000","nm":"DENIS CARVALHO","cc":"PC do B","nv":" ","e":"n","st":"Suplente","dvt":"V\u00e1lido","vap":"432","pvap":"   1,27"},{"seq":"26","sqcand":"100000944368","n":"40789","nm":"WALTER MENDES","cc":"PSB","nv":" ","e":"n","st":"Suplente","dvt":"V\u00e1lido","vap":"369","pvap":"   1,08"},{"seq":"224","sqcand":"100001033355","n":"77345","nm":"MARIA FRANCISCA","cc":"SOLIDARIEDADE","nv":" ","e":"n","st":"N\u00e3o eleito","dvt":"V\u00e1lido","vap":"7","pvap":"   0,02"},{"seq":"33","sqcand":"100000944367","n":"40888","nm":"NOGUEIRA","cc":"PSB","nv":" ","e":"n","st":"Suplente","dvt":"V\u00e1lido","vap":"338","pvap":"   0,99"},{"seq":"103","sqcand":"100000868007","n":"51234","nm":"LEUDIANE","cc":"PATRIOTA","nv":" ","e":"n","st":"Suplente","dvt":"V\u00e1lido","vap":"68","pvap":"   0,20"},{"seq":"53","sqcand":"100000865310","n":"12232","nm":"CLEITON SANTOS","cc":"PDT","nv":" ","e":"n","st":"Suplente","dvt":"V\u00e1lido","vap":"206","pvap":"   0,61"},{"seq":"113","sqcand":"100001048923","n":"13133","nm":"EDNA DO PT","cc":"PT","nv":" ","e":"n","st":"Suplente","dvt":"V\u00e1lido","vap":"56","pvap":"   0,16"},{"seq":"230","sqcand":"100001215901","n":"27007","nm":"CLEUDIANE FERREIRA","cc":"DC","nv":" ","e":"n","st":"N\u00e3o eleito","dvt":"V\u00e1lido","vap":"1","pvap":"   0,00"},{"seq":"228","sqcand":"100001032865","n":"45199","nm":"ROBERTA","cc":"PSDB","nv":" ","e":"n","st":"N\u00e3o eleito","dvt":"V\u00e1lido","vap":"2","pvap":"   0,01"},{"seq":"203","sqcand":"100001167223","n":"14140","nm":"CARLINHOS NEGA VELHA","cc":"PTB","nv":" ","e":"n","st":"N\u00e3o eleito","dvt":"V\u00e1lido","vap":"30","pvap":"   0,09"},{"seq":"225","sqcand":"100001033383","n":"50089","nm":"MARCELO GLIFE","cc":"PSOL","nv":" ","e":"n","st":"N\u00e3o eleito","dvt":"Anulado sub judice","vap":"5","pvap":"   0,01"},{"seq":"94","sqcand":"100000777941","n":"55888","nm":"FILHO DE BIBI","cc":"PSD","nv":" ","e":"n","st":"Suplente","dvt":"V\u00e1lido","vap":"85","pvap":"   0,25"},{"seq":"38","sqcand":"100000728113","n":"10100","nm":"ELIAS QUILOMBOLA","cc":"REPUBLICANOS","nv":" ","e":"n","st":"Suplente","dvt":"V\u00e1lido","vap":"289","pvap":"   0,85"},{"seq":"31","sqcand":"100000916366","n":"70333","nm":"NEGUINHO DA SAUDE","cc":"AVANTE","nv":" ","e":"n","st":"Suplente","dvt":"V\u00e1lido","vap":"352","pvap":"   1,03"},{"seq":"200","sqcand":"100001032855","n":"45200","nm":"ROSA DO REM\u00c9DIO","cc":"PSDB","nv":" ","e":"n","st":"N\u00e3o eleito","dvt":"V\u00e1lido","vap":"51","pvap":"   0,15"},{"seq":"22","sqcand":"100000728489","n":"33123","nm":"RIBAMAR DA RONDA","cc":"PMN","nv":" ","e":"n","st":"Suplente","dvt":"V\u00e1lido","vap":"401","pvap":"   1,18"},{"seq":"197","sqcand":"100001032866","n":"45000","nm":"LUIS BASTOS","cc":"PSDB","nv":" ","e":"n","st":"N\u00e3o eleito","dvt":"V\u00e1lido","vap":"57","pvap":"   0,17"},{"seq":"111","sqcand":"100000728491","n":"33888","nm":"MARINA","cc":"PMN","nv":" ","e":"n","st":"Suplente","dvt":"V\u00e1lido","vap":"58","pvap":"   0,17"},{"seq":"169","sqcand":"100000728711","n":"65150","nm":"JOSEMAR DA CATARINA","cc":"PC do B","nv":" ","e":"n","st":"Suplente","dvt":"V\u00e1lido","vap":"7","pvap":"   0,02"},{"seq":"199","sqcand":"100001032856","n":"45222","nm":"SALLES","cc":"PSDB","nv":" ","e":"n","st":"N\u00e3o eleito","dvt":"V\u00e1lido","vap":"52","pvap":"   0,15"},{"seq":"9","sqcand":"100000868014","n":"51777","nm":"DANIEL DA CERAMICA","cc":"PATRIOTA","nv":" ","e":"s","st":"Eleito","dvt":"V\u00e1lido","vap":"463","pvap":"   1,36"},{"seq":"108","sqcand":"100000865311","n":"12624","nm":"BIA DO RIBEIRO","cc":"PDT","nv":" ","e":"n","st":"Suplente","dvt":"V\u00e1lido","vap":"65","pvap":"   0,19"},{"seq":"124","sqcand":"100000728496","n":"33567","nm":"MIGUEL DA CULTURA NEGRA","cc":"PMN","nv":" ","e":"n","st":"Suplente","dvt":"V\u00e1lido","vap":"39","pvap":"   0,11"},{"seq":"12","sqcand":"100000975741","n":"17111","nm":"JACILENE DA SAUDE","cc":"PSL","nv":" ","e":"s","st":"Eleito","dvt":"V\u00e1lido","vap":"378","pvap":"   1,11"},{"seq":"99","sqcand":"100000728500","n":"33555","nm":"YOQTAN","cc":"PMN","nv":" ","e":"n","st":"Suplente","dvt":"V\u00e1lido","vap":"74","pvap":"   0,22"},{"seq":"132","sqcand":"100001115444","n":"90555","nm":"TOIM DO S\u00c3O PATRICIO","cc":"PROS","nv":" ","e":"n","st":"Suplente","dvt":"V\u00e1lido","vap":"28","pvap":"   0,08"},{"seq":"170","sqcand":"100001264974","n":"90111","nm":"DINIR GOMES","cc":"PROS","nv":" ","e":"n","st":"Suplente","dvt":"V\u00e1lido","vap":"6","pvap":"   0,02"},{"seq":"153","sqcand":"100000728486","n":"33122","nm":"LUIZA DA NOVENTA","cc":"PMN","nv":" ","e":"n","st":"Suplente","dvt":"V\u00e1lido","vap":"15","pvap":"   0,04"},{"seq":"211","sqcand":"100001273338","n":"50197","nm":"MARIA DA MALVINA","cc":"PSOL","nv":" ","e":"n","st":"N\u00e3o eleito","dvt":"V\u00e1lido","vap":"20","pvap":"   0,06"},{"seq":"174","sqcand":"100000777947","n":"55677","nm":"PROFESSORA VERA","cc":"PSD","nv":" ","e":"n","st":"Suplente","dvt":"V\u00e1lido","vap":"4","pvap":"   0,01"},{"seq":"43","sqcand":"100000868013","n":"51223","nm":"KASSIA NASCIMENTO","cc":"PATRIOTA","nv":" ","e":"n","st":"Suplente","dvt":"V\u00e1lido","vap":"268","pvap":"   0,79"},{"seq":"175","sqcand":"100000728501","n":"33787","nm":"LINDOVANIA","cc":"PMN","nv":" ","e":"n","st":"Suplente","dvt":"V\u00e1lido","vap":"4","pvap":"   0,01"},{"seq":"58","sqcand":"100000944351","n":"40666","nm":"EDUARDO DO F\u00d3RUM","cc":"PSB","nv":" ","e":"n","st":"Suplente","dvt":"V\u00e1lido","vap":"188","pvap":"   0,55"},{"seq":"133","sqcand":"100000865298","n":"12346","nm":"SEU JUCA","cc":"PDT","nv":" ","e":"n","st":"Suplente","dvt":"V\u00e1lido","vap":"27","pvap":"   0,08"},{"seq":"209","sqcand":"100001032861","n":"45135","nm":"CICERO LACERDA","cc":"PSDB","nv":" ","e":"n","st":"N\u00e3o eleito","dvt":"V\u00e1lido","vap":"22","pvap":"   0,06"},{"seq":"156","sqcand":"100000865314","n":"12159","nm":"NORA MATIAS","cc":"PDT","nv":" ","e":"n","st":"Suplente","dvt":"V\u00e1lido","vap":"13","pvap":"   0,04"},{"seq":"48","sqcand":"100000868012","n":"51888","nm":"REIZINHA DO TABULEIRAO","cc":"PATRIOTA","nv":" ","e":"n","st":"Suplente","dvt":"V\u00e1lido","vap":"245","pvap":"   0,72"},{"seq":"25","sqcand":"100000868006","n":"51456","nm":"PROFESSORA CONCEICAO AGUIAR","cc":"PATRIOTA","nv":" ","e":"n","st":"Suplente","dvt":"V\u00e1lido","vap":"389","pvap":"   1,14"},{"seq":"202","sqcand":"100001032859","n":"45445","nm":"AD\u00c3O DO POV\u00c3O","cc":"PSDB","nv":" ","e":"n","st":"N\u00e3o eleito","dvt":"V\u00e1lido","vap":"42","pvap":"   0,12"},{"seq":"32","sqcand":"100000944355","n":"40000","nm":"PROFESSOR EDY","cc":"PSB","nv":" ","e":"n","st":"Suplente","dvt":"V\u00e1lido","vap":"348","pvap":"   1,02"},{"seq":"162","sqcand":"100000865312","n":"12832","nm":"IRM\u00c3O DIEGO","cc":"PDT","nv":" ","e":"n","st":"Suplente","dvt":"V\u00e1lido","vap":"9","pvap":"   0,03"},{"seq":"131","sqcand":"100001048917","n":"13123","nm":"SEBASTI\u00c3OZINHO","cc":"PT","nv":" ","e":"n","st":"Suplente","dvt":"V\u00e1lido","vap":"30","pvap":"   0,09"},{"seq":"213","sqcand":"100001215903","n":"27777","nm":"EVALDINHO","cc":"DC","nv":" ","e":"n","st":"N\u00e3o eleito","dvt":"V\u00e1lido","vap":"19","pvap":"   0,06"},{"seq":"140","sqcand":"100000728490","n":"33999","nm":"SIQUEIRA","cc":"PMN","nv":" ","e":"n","st":"Suplente","dvt":"V\u00e1lido","vap":"24","pvap":"   0,07"},{"seq":"176","sqcand":"100000975744","n":"17678","nm":"RIBAMAR MORAIS","cc":"PSL","nv":" ","e":"n","st":"Suplente","dvt":"V\u00e1lido","vap":"3","pvap":"   0,01"},{"seq":"219","sqcand":"100001033393","n":"50678","nm":"ROSA DA MALVINA","cc":"PSOL","nv":" ","e":"n","st":"N\u00e3o eleito","dvt":"V\u00e1lido","vap":"13","pvap":"   0,04"},{"seq":"227","sqcand":"100001047841","n":"28280","nm":"DAIANE DO GUANAR\u00c9","cc":"PRTB","nv":" ","e":"n","st":"N\u00e3o eleito","dvt":"V\u00e1lido","vap":"2","pvap":"   0,01"},{"seq":"145","sqcand":"100000865299","n":"12666","nm":"EDILSON DA CACHOEIRA","cc":"PDT","nv":" ","e":"n","st":"Suplente","dvt":"V\u00e1lido","vap":"22","pvap":"   0,06"},{"seq":"160","sqcand":"100000728484","n":"33000","nm":"CARLA DAS DIVAS","cc":"PMN","nv":" ","e":"n","st":"Suplente","dvt":"V\u00e1lido","vap":"10","pvap":"   0,03"},{"seq":"134","sqcand":"100001115440","n":"90147","nm":"PROFESSORA ROS\u00c1RIO","cc":"PROS","nv":" ","e":"n","st":"Suplente","dvt":"V\u00e1lido","vap":"27","pvap":"   0,08"},{"seq":"105","sqcand":"100000777942","n":"55777","nm":"ROSANA CARVALHO","cc":"PSD","nv":" ","e":"n","st":"Suplente","dvt":"V\u00e1lido","vap":"67","pvap":"   0,20"},{"seq":"4","sqcand":"100000944359","n":"40555","nm":"CLEOMAR RODRIGUES","cc":"PSB","nv":" ","e":"s","st":"Eleito","dvt":"V\u00e1lido","vap":"652","pvap":"   1,92"},{"seq":"136","sqcand":"100001048924","n":"13245","nm":"ANA SEVERA","cc":"PT","nv":" ","e":"n","st":"Suplente","dvt":"V\u00e1lido","vap":"26","pvap":"   0,08"},{"seq":"221","sqcand":"100001032864","n":"45444","nm":"NALVA MENDES","cc":"PSDB","nv":" ","e":"n","st":"N\u00e3o eleito","dvt":"V\u00e1lido","vap":"10","pvap":"   0,03"},{"seq":"47","sqcand":"100000728497","n":"33777","nm":"GILSON MIRANDA","cc":"PMN","nv":" ","e":"n","st":"Suplente","dvt":"V\u00e1lido","vap":"246","pvap":"   0,72"},{"seq":"5","sqcand":"100000868002","n":"51233","nm":"NILSINHO DE SEBASTIANA","cc":"PATRIOTA","nv":" ","e":"s","st":"Eleito","dvt":"V\u00e1lido","vap":"603","pvap":"   1,77"},{"seq":"196","sqcand":"100001167231","n":"14123","nm":"JACK MOTO TAXI","cc":"PTB","nv":" ","e":"n","st":"N\u00e3o eleito","dvt":"V\u00e1lido","vap":"62","pvap":"   0,18"},{"seq":"178","sqcand":"100000916365","n":"70555","nm":"ROSIMARY SILVA","cc":"AVANTE","nv":" ","e":"n","st":"Suplente","dvt":"V\u00e1lido","vap":"2","pvap":"   0,01"},{"seq":"125","sqcand":"100000944366","n":"40258","nm":"ROSY MELO","cc":"PSB","nv":" ","e":"n","st":"Suplente","dvt":"V\u00e1lido","vap":"39","pvap":"   0,11"},{"seq":"15","sqcand":"100001115443","n":"90333","nm":"ROBERTO DA BRIGADA","cc":"PROS","nv":" ","e":"s","st":"Eleito","dvt":"V\u00e1lido","vap":"266","pvap":"   0,78"},{"seq":"151","sqcand":"100000865303","n":"12123","nm":"KELE","cc":"PDT","nv":" ","e":"n","st":"Suplente","dvt":"V\u00e1lido","vap":"15","pvap":"   0,04"},{"seq":"207","sqcand":"100001033389","n":"50555","nm":"BENEDITO MONTEIRO","cc":"PSOL","nv":" ","e":"n","st":"N\u00e3o eleito","dvt":"V\u00e1lido","vap":"25","pvap":"   0,07"},{"seq":"75","sqcand":"100001048927","n":"13222","nm":"DONA ELICE","cc":"PT","nv":" ","e":"n","st":"Suplente","dvt":"V\u00e1lido","vap":"126","pvap":"   0,37"},{"seq":"97","sqcand":"100000975738","n":"17234","nm":"O CABRITA","cc":"PSL","nv":" ","e":"n","st":"Suplente","dvt":"V\u00e1lido","vap":"80","pvap":"   0,24"},{"seq":"62","sqcand":"100001115450","n":"90999","nm":"SEVERINO RODRIGUES","cc":"PROS","nv":" ","e":"n","st":"Suplente","dvt":"V\u00e1lido","vap":"177","pvap":"   0,52"},{"seq":"226","sqcand":"100001033390","n":"50444","nm":"CARLEANE SOUSA","cc":"PSOL","nv":" ","e":"n","st":"N\u00e3o eleito","dvt":"V\u00e1lido","vap":"4","pvap":"   0,01"},{"seq":"80","sqcand":"100000865313","n":"12444","nm":"WILNA JAMILE","cc":"PDT","nv":" ","e":"n","st":"Suplente","dvt":"V\u00e1lido","vap":"116","pvap":"   0,34"},{"seq":"212","sqcand":"100001215900","n":"27890","nm":"BOANERGES COSTA FILHO","cc":"DC","nv":" ","e":"n","st":"N\u00e3o eleito","dvt":"V\u00e1lido","vap":"20","pvap":"   0,06"},{"seq":"101","sqcand":"100000916370","n":"70456","nm":"PROFESSOR FRANKLIN","cc":"AVANTE","nv":" ","e":"n","st":"Suplente","dvt":"V\u00e1lido","vap":"70","pvap":"   0,21"},{"seq":"37","sqcand":"100001048915","n":"13333","nm":"RICARDO DO JR","cc":"PT","nv":" ","e":"n","st":"Suplente","dvt":"V\u00e1lido","vap":"292","pvap":"   0,86"},{"seq":"128","sqcand":"100000944363","n":"40999","nm":"HELOISA NAIVA","cc":"PSB","nv":" ","e":"n","st":"Suplente","dvt":"V\u00e1lido","vap":"34","pvap":"   0,10"},{"seq":"117","sqcand":"100000777946","n":"55321","nm":"JOAO BATISTA","cc":"PSD","nv":" ","e":"n","st":"Suplente","dvt":"V\u00e1lido","vap":"50","pvap":"   0,15"},{"seq":"41","sqcand":"100000865315","n":"12222","nm":"MARCIO PEDROSA","cc":"PDT","nv":" ","e":"n","st":"Suplente","dvt":"V\u00e1lido","vap":"276","pvap":"   0,81"},{"seq":"118","sqcand":"100001115448","n":"90369","nm":"NEILSON COSTA","cc":"PROS","nv":" ","e":"n","st":"Suplente","dvt":"V\u00e1lido","vap":"48","pvap":"   0,14"},{"seq":"116","sqcand":"100001115441","n":"90989","nm":"ZECA DA CULTURA","cc":"PROS","nv":" ","e":"n","st":"Suplente","dvt":"V\u00e1lido","vap":"51","pvap":"   0,15"},{"seq":"139","sqcand":"100001264976","n":"40400","nm":"ROSILENE COELHO","cc":"PSB","nv":" ","e":"n","st":"Suplente","dvt":"V\u00e1lido","vap":"25","pvap":"   0,07"},{"seq":"84","sqcand":"100000975729","n":"17333","nm":"ANDREA CASTELO","cc":"PSL","nv":" ","e":"n","st":"Suplente","dvt":"V\u00e1lido","vap":"103","pvap":"   0,30"},{"seq":"67","sqcand":"100001115438","n":"90123","nm":"ZECA CRUZ","cc":"PROS","nv":" ","e":"n","st":"Suplente","dvt":"V\u00e1lido","vap":"168","pvap":"   0,49"},{"seq":"206","sqcand":"100001033386","n":"50567","nm":"MACILEIA DA TORRE","cc":"PSOL","nv":" ","e":"n","st":"N\u00e3o eleito","dvt":"V\u00e1lido","vap":"26","pvap":"   0,08"},{"seq":"55","sqcand":"100000728703","n":"65777","nm":"TAILTON SAMPAIO","cc":"PC do B","nv":" ","e":"n","st":"Suplente","dvt":"V\u00e1lido","vap":"200","pvap":"   0,59"},{"seq":"187","sqcand":"100001167221","n":"14555","nm":"LOURO DO JAMIL","cc":"PTB","nv":" ","e":"n","st":"N\u00e3o eleito","dvt":"V\u00e1lido","vap":"187","pvap":"   0,55"},{"seq":"148","sqcand":"100000865302","n":"12678","nm":"ADRIANA","cc":"PDT","nv":" ","e":"n","st":"Suplente","dvt":"V\u00e1lido","vap":"19","pvap":"   0,06"},{"seq":"223","sqcand":"100001033387","n":"50333","nm":"ZEQUINHA DA ESTRADA","cc":"PSOL","nv":" ","e":"n","st":"N\u00e3o eleito","dvt":"V\u00e1lido","vap":"8","pvap":"   0,02"},{"seq":"191","sqcand":"100001032858","n":"45555","nm":"MARCELO LOPES","cc":"PSDB","nv":" ","e":"n","st":"N\u00e3o eleito","dvt":"V\u00e1lido","vap":"94","pvap":"   0,28"},{"seq":"149","sqcand":"100001048919","n":"13456","nm":"WASHINGTON NASCIMENTO","cc":"PT","nv":" ","e":"n","st":"Suplente","dvt":"V\u00e1lido","vap":"18","pvap":"   0,05"},{"seq":"79","sqcand":"100000916372","n":"70111","nm":"VANI","cc":"AVANTE","nv":" ","e":"n","st":"Suplente","dvt":"V\u00e1lido","vap":"116","pvap":"   0,34"},{"seq":"235","sqcand":"100001167226","n":"14001","nm":"CARLA LAIANE","cc":"PTB","nv":" ","e":"n","st":"N\u00e3o eleito","dvt":"Anulado sub judice","vap":"0","pvap":"00.00"},{"seq":"13","sqcand":"100000944352","n":"40567","nm":"ALLAN CAPISTRANO","cc":"PSB","nv":" ","e":"s","st":"Eleito","dvt":"V\u00e1lido","vap":"373","pvap":"   1,10"},{"seq":"127","sqcand":"100000728114","n":"10400","nm":"ELIS FONSECA","cc":"REPUBLICANOS","nv":" ","e":"n","st":"Suplente","dvt":"V\u00e1lido","vap":"34","pvap":"   0,10"},{"seq":"89","sqcand":"100000865309","n":"12233","nm":"SARGENTO CABRAL","cc":"PDT","nv":" ","e":"n","st":"Suplente","dvt":"V\u00e1lido","vap":"96","pvap":"   0,28"},{"seq":"171","sqcand":"100000868017","n":"51013","nm":"FATIMA FREITAS","cc":"PATRIOTA","nv":" ","e":"n","st":"Suplente","dvt":"V\u00e1lido","vap":"6","pvap":"   0,02"},{"seq":"126","sqcand":"100000975737","n":"17345","nm":"GORDINHA","cc":"PSL","nv":" ","e":"n","st":"Suplente","dvt":"V\u00e1lido","vap":"35","pvap":"   0,10"},{"seq":"158","sqcand":"100000975731","n":"17888","nm":"IRM\u00c3O NONATO","cc":"PSL","nv":" ","e":"n","st":"Suplente","dvt":"V\u00e1lido","vap":"11","pvap":"   0,03"},{"seq":"3","sqcand":"100000728116","n":"10000","nm":"CARLOS JUNIOR","cc":"REPUBLICANOS","nv":" ","e":"s","st":"Eleito","dvt":"V\u00e1lido","vap":"825","pvap":"   2,42"},{"seq":"201","sqcand":"100001033385","n":"50111","nm":"EDMAR DO VILA REAL","cc":"PSOL","nv":" ","e":"n","st":"N\u00e3o eleito","dvt":"Anulado sub judice","vap":"51","pvap":"   0,15"},{"seq":"60","sqcand":"100000975734","n":"17322","nm":"EDER DO SINDICATO","cc":"PSL","nv":" ","e":"n","st":"Suplente","dvt":"V\u00e1lido","vap":"182","pvap":"   0,53"},{"seq":"70","sqcand":"100000777936","n":"55789","nm":"IRM\u00c3O FRANCISCO","cc":"PSD","nv":" ","e":"n","st":"Suplente","dvt":"V\u00e1lido","vap":"136","pvap":"   0,40"},{"seq":"112","sqcand":"100000865300","n":"12522","nm":"ROSEANE MOURA","cc":"PDT","nv":" ","e":"n","st":"Suplente","dvt":"V\u00e1lido","vap":"58","pvap":"   0,17"},{"seq":"57","sqcand":"100001048916","n":"13666","nm":"FERNANDO FK","cc":"PT","nv":" ","e":"n","st":"Suplente","dvt":"V\u00e1lido","vap":"192","pvap":"   0,56"},{"seq":"82","sqcand":"100000865304","n":"12456","nm":"JUNIOR LAGO","cc":"PDT","nv":" ","e":"n","st":"Suplente","dvt":"V\u00e1lido","vap":"111","pvap":"   0,33"},{"seq":"119","sqcand":"100000975732","n":"17444","nm":"JUNIOR ALBANO","cc":"PSL","nv":" ","e":"n","st":"Suplente","dvt":"V\u00e1lido","vap":"47","pvap":"   0,14"},{"seq":"172","sqcand":"100000916375","n":"70345","nm":"BIANCA SOUSA","cc":"AVANTE","nv":" ","e":"n","st":"Suplente","dvt":"V\u00e1lido","vap":"5","pvap":"   0,01"},{"seq":"29","sqcand":"100000868018","n":"51000","nm":"MARIA DOMINGAS","cc":"PATRIOTA","nv":" ","e":"n","st":"Suplente","dvt":"V\u00e1lido","vap":"358","pvap":"   1,05"},{"seq":"96","sqcand":"100000777950","n":"55567","nm":"IRMA ANA","cc":"PSD","nv":" ","e":"n","st":"Suplente","dvt":"V\u00e1lido","vap":"82","pvap":"   0,24"},{"seq":"11","sqcand":"100000728498","n":"33789","nm":"NENEM BARRADAS","cc":"PMN","nv":" ","e":"s","st":"Eleito","dvt":"V\u00e1lido","vap":"446","pvap":"   1,31"},{"seq":"180","sqcand":"100000916373","n":"70070","nm":"ADMA","cc":"AVANTE","nv":" ","e":"n","st":"Suplente","dvt":"V\u00e1lido","vap":"0","pvap":"00.00"},{"seq":"93","sqcand":"100000728708","n":"65135","nm":"ALDERINA ENFERMEIRA","cc":"PC do B","nv":" ","e":"n","st":"Suplente","dvt":"V\u00e1lido","vap":"85","pvap":"   0,25"},{"seq":"217","sqcand":"100001167234","n":"14567","nm":"ZE MARIA SANTOS","cc":"PTB","nv":" ","e":"n","st":"N\u00e3o eleito","dvt":"Anulado sub judice","vap":"16","pvap":"   0,05"},{"seq":"95","sqcand":"100000728704","n":"65666","nm":"CARLOS SANTOS","cc":"PC do B","nv":" ","e":"n","st":"Suplente","dvt":"V\u00e1lido","vap":"83","pvap":"   0,24"},{"seq":"52","sqcand":"100000944364","n":"40444","nm":"LEONARDO SILVEIRA","cc":"PSB","nv":" ","e":"n","st":"Suplente","dvt":"V\u00e1lido","vap":"208","pvap":"   0,61"},{"seq":"189","sqcand":"100001033396","n":"50115","nm":"FRANCISCO DA ROSEANA SARNEY","cc":"PSOL","nv":" ","e":"n","st":"N\u00e3o eleito","dvt":"V\u00e1lido","vap":"102","pvap":"   0,30"},{"seq":"115","sqcand":"100000777937","n":"55666","nm":"RIBAMAR SOUZA","cc":"PSD","nv":" ","e":"n","st":"Suplente","dvt":"V\u00e1lido","vap":"52","pvap":"   0,15"},{"seq":"54","sqcand":"100000728705","n":"65333","nm":"CARLINHOS TAXISTA","cc":"PC do B","nv":" ","e":"n","st":"Suplente","dvt":"V\u00e1lido","vap":"200","pvap":"   0,59"},{"seq":"177","sqcand":"100000868005","n":"51444","nm":"AMARILDO SIQUEIRA","cc":"PATRIOTA","nv":" ","e":"n","st":"Suplente","dvt":"V\u00e1lido","vap":"2","pvap":"   0,01"},{"seq":"155","sqcand":"100000916364","n":"70789","nm":"WELLINGTON DO POVO","cc":"AVANTE","nv":" ","e":"n","st":"Suplente","dvt":"V\u00e1lido","vap":"14","pvap":"   0,04"},{"seq":"21","sqcand":"100000777938","n":"55123","nm":"MARQUINHOS AZEVEDO","cc":"PSD","nv":" ","e":"n","st":"Suplente","dvt":"V\u00e1lido","vap":"408","pvap":"   1,20"},{"seq":"147","sqcand":"100000728109","n":"10999","nm":"MARIA DO ROSARIO","cc":"REPUBLICANOS","nv":" ","e":"n","st":"Suplente","dvt":"V\u00e1lido","vap":"19","pvap":"   0,06"},{"seq":"183","sqcand":"100001033395","n":"50234","nm":"ALDEIRAN DE JUSTO","cc":"PSOL","nv":" ","e":"n","st":"N\u00e3o eleito","dvt":"Anulado sub judice","vap":"361","pvap":"   1,06"},{"seq":"92","sqcand":"100000777953","n":"55345","nm":"ROBSON LIMA","cc":"PSD","nv":" ","e":"n","st":"Suplente","dvt":"V\u00e1lido","vap":"86","pvap":"   0,25"},{"seq":"76","sqcand":"100000944369","n":"40234","nm":"Z\u00c9 ANT\u00d4NIO DO LAGO ENCANTADO","cc":"PSB","nv":" ","e":"n","st":"Suplente","dvt":"V\u00e1lido","vap":"123","pvap":"   0,36"},{"seq":"85","sqcand":"100000868008","n":"51051","nm":"DILMA DO ENTRONCAMENTO","cc":"PATRIOTA","nv":" ","e":"n","st":"Suplente","dvt":"V\u00e1lido","vap":"103","pvap":"   0,30"},{"seq":"110","sqcand":"100001115446","n":"90777","nm":"CAROL SILVA","cc":"PROS","nv":" ","e":"n","st":"Suplente","dvt":"V\u00e1lido","vap":"61","pvap":"   0,18"},{"seq":"234","sqcand":"100001032867","n":"45345","nm":"ELIENE DA TORRE","cc":"PSDB","nv":" ","e":"n","st":"N\u00e3o eleito","dvt":"V\u00e1lido","vap":"0","pvap":"00.00"},{"seq":"231","sqcand":"100001265201","n":"14789","nm":"ARIADNA","cc":"PTB","nv":" ","e":"n","st":"N\u00e3o eleito","dvt":"V\u00e1lido","vap":"1","pvap":"   0,00"},{"seq":"193","sqcand":"100001032860","n":"45234","nm":"EVANE ELETRICISTA","cc":"PSDB","nv":" ","e":"n","st":"N\u00e3o eleito","dvt":"V\u00e1lido","vap":"82","pvap":"   0,24"},{"seq":"107","sqcand":"100000777944","n":"55223","nm":"ZE MARIA DO GRUPO JMC","cc":"PSD","nv":" ","e":"n","st":"Suplente","dvt":"V\u00e1lido","vap":"65","pvap":"   0,19"},{"seq":"188","sqcand":"100001032857","n":"45100","nm":"DEISE CHAVES","cc":"PSDB","nv":" ","e":"n","st":"N\u00e3o eleito","dvt":"V\u00e1lido","vap":"124","pvap":"   0,36"},{"seq":"181","sqcand":"100001115452","n":"90444","nm":"K\u00c1TIA","cc":"PROS","nv":" ","e":"n","st":"Suplente","dvt":"V\u00e1lido","vap":"0","pvap":"00.00"},{"seq":"14","sqcand":"100000865306","n":"12345","nm":"ABRA\u00c3O","cc":"PDT","nv":" ","e":"s","st":"Eleito","dvt":"V\u00e1lido","vap":"297","pvap":"   0,87"},{"seq":"24","sqcand":"100000868016","n":"51555","nm":"ALEXANDRE DO KID","cc":"PATRIOTA","nv":" ","e":"n","st":"Suplente","dvt":"V\u00e1lido","vap":"390","pvap":"   1,15"},{"seq":"61","sqcand":"100000865305","n":"12000","nm":"JO\u00c3O DOD\u00d3","cc":"PDT","nv":" ","e":"n","st":"Suplente","dvt":"V\u00e1lido","vap":"180","pvap":"   0,53"},{"seq":"106","sqcand":"100000944365","n":"40333","nm":"RITA ARA\u00daJO","cc":"PSB","nv":" ","e":"n","st":"Suplente","dvt":"V\u00e1lido","vap":"66","pvap":"   0,19"},{"seq":"88","sqcand":"100000777951","n":"55222","nm":"DAVID RAMON","cc":"PSD","nv":" ","e":"n","st":"Suplente","dvt":"V\u00e1lido","vap":"97","pvap":"   0,29"},{"seq":"184","sqcand":"100000944361","n":"40111","nm":"BOLINHA DA AGROMENDES","cc":"PSB","nv":" ","e":"n","st":"N\u00e3o eleito","dvt":"Anulado sub judice","vap":"346","pvap":"   1,02"},{"seq":"150","sqcand":"100001115451","n":"90321","nm":"RODRIGO COELHO","cc":"PROS","nv":" ","e":"n","st":"Suplente","dvt":"V\u00e1lido","vap":"17","pvap":"   0,05"},{"seq":"69","sqcand":"100000728494","n":"33111","nm":"T\u00c9VEZ","cc":"PMN","nv":" ","e":"n","st":"Suplente","dvt":"V\u00e1lido","vap":"151","pvap":"   0,44"},{"seq":"2","sqcand":"100000777939","n":"55234","nm":"MILENA AMORIM","cc":"PSD","nv":" ","e":"s","st":"Eleito","dvt":"V\u00e1lido","vap":"877","pvap":"   2,58"},{"seq":"214","sqcand":"100001033391","n":"50100","nm":"JOSY RODRIGUES","cc":"PSOL","nv":" ","e":"n","st":"N\u00e3o eleito","dvt":"Anulado sub judice","vap":"18","pvap":"   0,05"},{"seq":"68","sqcand":"100000728706","n":"65123","nm":"CLEUDY COSTA","cc":"PC do B","nv":" ","e":"n","st":"Suplente","dvt":"V\u00e1lido","vap":"152","pvap":"   0,45"},{"seq":"6","sqcand":"100000728710","n":"65546","nm":"HELIO LUCENA","cc":"PC do B","nv":" ","e":"s","st":"Eleito","dvt":"V\u00e1lido","vap":"600","pvap":"   1,76"},{"seq":"1","sqcand":"100000728487","n":"33456","nm":"EMERSON CEAR\u00c1","cc":"PMN","nv":" ","e":"s","st":"Eleito","dvt":"V\u00e1lido","vap":"1022","pvap":"   3,00"},{"seq":"165","sqcand":"100000777943","n":"55587","nm":"WELMA","cc":"PSD","nv":" ","e":"n","st":"Suplente","dvt":"V\u00e1lido","vap":"8","pvap":"   0,02"},{"seq":"7","sqcand":"100000777949","n":"55000","nm":"IRMAO ANTONIO","cc":"PSD","nv":" ","e":"s","st":"Eleito","dvt":"V\u00e1lido","vap":"503","pvap":"   1,48"},{"seq":"34","sqcand":"100000944350","n":"40678","nm":"ROZANA","cc":"PSB","nv":" ","e":"n","st":"Suplente","dvt":"V\u00e1lido","vap":"309","pvap":"   0,91"},{"seq":"130","sqcand":"100000975745","n":"17222","nm":"RIBAMAR MARTINS","cc":"PSL","nv":" ","e":"n","st":"Suplente","dvt":"V\u00e1lido","vap":"31","pvap":"   0,09"},{"seq":"218","sqcand":"100001033392","n":"50345","nm":"CAMPELO","cc":"PSOL","nv":" ","e":"n","st":"N\u00e3o eleito","dvt":"V\u00e1lido","vap":"15","pvap":"   0,04"},{"seq":"123","sqcand":"100000865308","n":"12352","nm":"RIBAMAR DE MAURO","cc":"PDT","nv":" ","e":"n","st":"Suplente","dvt":"V\u00e1lido","vap":"42","pvap":"   0,12"},{"seq":"185","sqcand":"100001167229","n":"14000","nm":"FRAN\u00c7A DO G\u00c1S","cc":"PTB","nv":" ","e":"n","st":"N\u00e3o eleito","dvt":"V\u00e1lido","vap":"309","pvap":"   0,91"},{"seq":"161","sqcand":"100000728707","n":"65888","nm":"LUANA RODRIGUES","cc":"PC do B","nv":" ","e":"n","st":"Suplente","dvt":"V\u00e1lido","vap":"10","pvap":"   0,03"},{"seq":"66","sqcand":"100000728111","n":"10444","nm":"WILLAM SAMPAIO","cc":"REPUBLICANOS","nv":" ","e":"n","st":"Suplente","dvt":"V\u00e1lido","vap":"170","pvap":"   0,50"},{"seq":"182","sqcand":"100001033388","n":"50123","nm":"HELIO COSTA","cc":"PSOL","nv":" ","e":"n","st":"N\u00e3o eleito","dvt":"V\u00e1lido","vap":"370","pvap":"   1,09"},{"seq":"233","sqcand":"100001047837","n":"28333","nm":"CLEOMENES ","cc":"PRTB","nv":" ","e":"n","st":"N\u00e3o eleito","dvt":"V\u00e1lido","vap":"0","pvap":"00.00"},{"seq":"173","sqcand":"100000728108","n":"10456","nm":"UBIRAJARA","cc":"REPUBLICANOS","nv":" ","e":"n","st":"Suplente","dvt":"V\u00e1lido","vap":"4","pvap":"   0,01"},{"seq":"186","sqcand":"100001167220","n":"14444","nm":"PROFESSOR DOUGLAS SANTOS","cc":"PTB","nv":" ","e":"n","st":"N\u00e3o eleito","dvt":"V\u00e1lido","vap":"253","pvap":"   0,74"},{"seq":"35","sqcand":"100000975739","n":"17789","nm":"ERNANDY ROOTS","cc":"PSL","nv":" ","e":"n","st":"Suplente","dvt":"V\u00e1lido","vap":"302","pvap":"   0,89"},{"seq":"39","sqcand":"100000777935","n":"55456","nm":"IRMAO JOAO BATISTA","cc":"PSD","nv":" ","e":"n","st":"Suplente","dvt":"V\u00e1lido","vap":"280","pvap":"   0,82"},{"seq":"114","sqcand":"100000777940","n":"55100","nm":"IRMAO RICARDO","cc":"PSD","nv":" ","e":"n","st":"Suplente","dvt":"V\u00e1lido","vap":"55","pvap":"   0,16"},{"seq":"27","sqcand":"100000728119","n":"10111","nm":"ENES AGUIAR","cc":"REPUBLICANOS","nv":" ","e":"n","st":"Suplente","dvt":"V\u00e1lido","vap":"368","pvap":"   1,08"},{"seq":"17","sqcand":"100000728115","n":"10789","nm":"ADELINO RODRIGUES","cc":"REPUBLICANOS","nv":" ","e":"n","st":"Suplente","dvt":"V\u00e1lido","vap":"486","pvap":"   1,43"},{"seq":"87","sqcand":"100000868001","n":"51666","nm":"SANDRA DO POV\u00c3O","cc":"PATRIOTA","nv":" ","e":"n","st":"Suplente","dvt":"V\u00e1lido","vap":"97","pvap":"   0,29"},{"seq":"74","sqcand":"100000728493","n":"33666","nm":"DIEGO FARMA","cc":"PMN","nv":" ","e":"n","st":"Suplente","dvt":"V\u00e1lido","vap":"131","pvap":"   0,38"},{"seq":"90","sqcand":"100000728118","n":"10122","nm":"HELLEN JACQUELINE QUILOMBOLA","cc":"REPUBLICANOS","nv":" ","e":"n","st":"Suplente","dvt":"V\u00e1lido","vap":"96","pvap":"   0,28"},{"seq":"159","sqcand":"100000944356","n":"40410","nm":"GLEISE CASTRO","cc":"PSB","nv":" ","e":"n","st":"Suplente","dvt":"V\u00e1lido","vap":"11","pvap":"   0,03"},{"seq":"63","sqcand":"100001115442","n":"90222","nm":"IRENE DA SA\u00daDE","cc":"PROS","nv":" ","e":"n","st":"Suplente","dvt":"V\u00e1lido","vap":"176","pvap":"   0,52"},{"seq":"220","sqcand":"100001215898","n":"27123","nm":"IRM\u00c3 FABIANA","cc":"DC","nv":" ","e":"n","st":"N\u00e3o eleito","dvt":"V\u00e1lido","vap":"13","pvap":"   0,04"},{"seq":"222","sqcand":"100001215899","n":"27000","nm":"NILSON MECANICO","cc":"DC","nv":" ","e":"n","st":"N\u00e3o eleito","dvt":"V\u00e1lido","vap":"8","pvap":"   0,02"},{"seq":"122","sqcand":"100000728117","n":"10124","nm":"LUCIANO TAXISTA","cc":"REPUBLICANOS","nv":" ","e":"n","st":"Suplente","dvt":"V\u00e1lido","vap":"43","pvap":"   0,13"},{"seq":"190","sqcand":"100001033382","n":"50789","nm":"MESSIAS DA BORRACHARIA","cc":"PSOL","nv":" ","e":"n","st":"N\u00e3o eleito","dvt":"V\u00e1lido","vap":"95","pvap":"   0,28"},{"seq":"73","sqcand":"100000944362","n":"40456","nm":"JO\u00c3O MEC\u00c2NICO","cc":"PSB","nv":" ","e":"n","st":"Suplente","dvt":"V\u00e1lido","vap":"135","pvap":"   0,40"},{"seq":"16","sqcand":"100000777945","n":"55678","nm":"VERDE","cc":"PSD","nv":" ","e":"n","st":"Suplente","dvt":"V\u00e1lido","vap":"499","pvap":"   1,47"},{"seq":"163","sqcand":"100000975740","n":"17654","nm":"LEONICE PRADO","cc":"PSL","nv":" ","e":"n","st":"Suplente","dvt":"V\u00e1lido","vap":"8","pvap":"   0,02"},{"seq":"166","sqcand":"100000868003","n":"51123","nm":"PAULO DE TARSO","cc":"PATRIOTA","nv":" ","e":"n","st":"Suplente","dvt":"V\u00e1lido","vap":"8","pvap":"   0,02"},{"seq":"154","sqcand":"100000916374","n":"70999","nm":"B\u00caU","cc":"AVANTE","nv":" ","e":"n","st":"Suplente","dvt":"V\u00e1lido","vap":"14","pvap":"   0,04"},{"seq":"179","sqcand":"100000728495","n":"33321","nm":"MAYRLA COSTA","cc":"PMN","nv":" ","e":"n","st":"Suplente","dvt":"V\u00e1lido","vap":"1","pvap":"   0,00"},{"seq":"215","sqcand":"100001032863","n":"45123","nm":"IOLANDA MENDES","cc":"PSDB","nv":" ","e":"n","st":"N\u00e3o eleito","dvt":"V\u00e1lido","vap":"17","pvap":"   0,05"},{"seq":"59","sqcand":"100000728110","n":"10222","nm":"MARINETE SOUSA","cc":"REPUBLICANOS","nv":" ","e":"n","st":"Suplente","dvt":"V\u00e1lido","vap":"184","pvap":"   0,54"},{"seq":"144","sqcand":"100000865307","n":"12555","nm":"MARINILDE DO BOCA","cc":"PDT","nv":" ","e":"n","st":"Suplente","dvt":"V\u00e1lido","vap":"22","pvap":"   0,06"},{"seq":"42","sqcand":"100000975746","n":"17555","nm":"SHEILA AGAPITO","cc":"PSL","nv":" ","e":"n","st":"Suplente","dvt":"V\u00e1lido","vap":"274","pvap":"   0,81"},{"seq":"46","sqcand":"100000944360","n":"40777","nm":"RAIMUNDO DA FELIPA","cc":"PSB","nv":" ","e":"n","st":"Suplente","dvt":"V\u00e1lido","vap":"256","pvap":"   0,75"},{"seq":"64","sqcand":"100000728502","n":"33444","nm":"BORRALHO FILHO","cc":"PMN","nv":" ","e":"n","st":"Suplente","dvt":"V\u00e1lido","vap":"174","pvap":"   0,51"},{"seq":"216","sqcand":"100001167232","n":"14022","nm":"ENFERMEIRO ROBSON DA MIQUILINA","cc":"PTB","nv":" ","e":"n","st":"N\u00e3o eleito","dvt":"V\u00e1lido","vap":"16","pvap":"   0,05"},{"seq":"28","sqcand":"100000868015","n":"51222","nm":"ROGERIO MALUF","cc":"PATRIOTA","nv":" ","e":"n","st":"Suplente","dvt":"V\u00e1lido","vap":"367","pvap":"   1,08"},{"seq":"45","sqcand":"100000916368","n":"70000","nm":"ADAILTON VERDE","cc":"AVANTE","nv":" ","e":"n","st":"Suplente","dvt":"V\u00e1lido","vap":"259","pvap":"   0,76"},{"seq":"135","sqcand":"100000728701","n":"65165","nm":"ZICO PE\u00c7AS","cc":"PC do B","nv":" ","e":"n","st":"Suplente","dvt":"V\u00e1lido","vap":"26","pvap":"   0,08"},{"seq":"10","sqcand":"100000916363","n":"70234","nm":"ALBERTO FERREIRA","cc":"AVANTE","nv":" ","e":"s","st":"Eleito","dvt":"V\u00e1lido","vap":"449","pvap":"   1,32"},{"seq":"232","sqcand":"100001167228","n":"14010","nm":"VALERIA RODRIGUES","cc":"PTB","nv":" ","e":"n","st":"N\u00e3o eleito","dvt":"V\u00e1lido","vap":"1","pvap":"   0,00"},{"seq":"157","sqcand":"100000728702","n":"65222","nm":"MANOEL DO CREDIARIO DO REMEDIO","cc":"PC do B","nv":" ","e":"n","st":"Suplente","dvt":"V\u00e1lido","vap":"11","pvap":"   0,03"},{"seq":"81","sqcand":"100000975736","n":"17777","nm":"LEHON AMORIM","cc":"PSL","nv":" ","e":"n","st":"Suplente","dvt":"V\u00e1lido","vap":"113","pvap":"   0,33"},{"seq":"138","sqcand":"100000777952","n":"55466","nm":"MARCIA PERNAMBUCANA","cc":"PSD","nv":" ","e":"n","st":"Suplente","dvt":"V\u00e1lido","vap":"25","pvap":"   0,07"},{"seq":"51","sqcand":"100000975728","n":"17123","nm":"JOSIVALDO VERAS","cc":"PSL","nv":" ","e":"n","st":"Suplente","dvt":"V\u00e1lido","vap":"210","pvap":"   0,62"},{"seq":"129","sqcand":"100001115439","n":"90113","nm":"NASCIMENTO DO ONIBUS","cc":"PROS","nv":" ","e":"n","st":"Suplente","dvt":"V\u00e1lido","vap":"33","pvap":"   0,10"},{"seq":"102","sqcand":"100000944357","n":"40345","nm":"FRANCISCA ROCHA","cc":"PSB","nv":" ","e":"n","st":"Suplente","dvt":"V\u00e1lido","vap":"69","pvap":"   0,20"},{"seq":"152","sqcand":"100000728488","n":"33678","nm":"Z\u00c9 FILHO","cc":"PMN","nv":" ","e":"n","st":"Suplente","dvt":"V\u00e1lido","vap":"15","pvap":"   0,04"},{"seq":"77","sqcand":"100000944354","n":"40300","nm":"EDMILSON TUTURUBAR","cc":"PSB","nv":" ","e":"n","st":"Suplente","dvt":"V\u00e1lido","vap":"122","pvap":"   0,36"},{"seq":"109","sqcand":"100000868009","n":"51226","nm":"ROGERIO DA MIQUILINA","cc":"PATRIOTA","nv":" ","e":"n","st":"Suplente","dvt":"V\u00e1lido","vap":"61","pvap":"   0,18"},{"seq":"141","sqcand":"100000728485","n":"33132","nm":"PRETINHA DO CUSCUZ","cc":"PMN","nv":" ","e":"n","st":"Suplente","dvt":"V\u00e1lido","vap":"24","pvap":"   0,07"},{"seq":"198","sqcand":"100001047840","n":"28000","nm":"ROBINHO GAMA GUARDA MUNICIPAL","cc":"PRTB","nv":" ","e":"n","st":"N\u00e3o eleito","dvt":"V\u00e1lido","vap":"54","pvap":"   0,16"},{"seq":"23","sqcand":"100001048926","n":"13213","nm":"NETINHO DONALDSON","cc":"PT","nv":" ","e":"n","st":"Suplente","dvt":"V\u00e1lido","vap":"392","pvap":"   1,15"},{"seq":"40","sqcand":"100000916369","n":"70222","nm":"HENRIQUE MARTINS","cc":"AVANTE","nv":" ","e":"n","st":"Suplente","dvt":"V\u00e1lido","vap":"276","pvap":"   0,81"},{"seq":"204","sqcand":"100001032862","n":"45111","nm":"GALILEU","cc":"PSDB","nv":" ","e":"n","st":"N\u00e3o eleito","dvt":"V\u00e1lido","vap":"30","pvap":"   0,09"},{"seq":"121","sqcand":"100000944358","n":"40222","nm":"PAULO DA CAEMA","cc":"PSB","nv":" ","e":"n","st":"Suplente","dvt":"V\u00e1lido","vap":"43","pvap":"   0,13"},{"seq":"164","sqcand":"100001264973","n":"90789","nm":"VENANCIA","cc":"PROS","nv":" ","e":"n","st":"Suplente","dvt":"V\u00e1lido","vap":"8","pvap":"   0,02"},{"seq":"142","sqcand":"100001048925","n":"13247","nm":"ZECA DO LEITE","cc":"PT","nv":" ","e":"n","st":"Suplente","dvt":"V\u00e1lido","vap":"23","pvap":"   0,07"},{"seq":"210","sqcand":"100001167230","n":"14014","nm":"MARIA LINDALVA","cc":"PTB","nv":" ","e":"n","st":"N\u00e3o eleito","dvt":"Anulado sub judice","vap":"21","pvap":"   0,06"},{"seq":"168","sqcand":"100000868010","n":"51650","nm":"FRANCISCA LINHARES","cc":"PATRIOTA","nv":" ","e":"n","st":"Suplente","dvt":"V\u00e1lido","vap":"7","pvap":"   0,02"},{"seq":"195","sqcand":"100000728700","n":"65999","nm":"FRANCISCO DO G\u00c1S","cc":"PC do B","nv":" ","e":"n","st":"N\u00e3o eleito","dvt":"Anulado sub judice","vap":"71","pvap":"   0,21"},{"seq":"91","sqcand":"100000728112","n":"10123","nm":"EVALTO DINIZ","cc":"REPUBLICANOS","nv":" ","e":"n","st":"Suplente","dvt":"V\u00e1lido","vap":"88","pvap":"   0,26"},{"seq":"78","sqcand":"100001115447","n":"90234","nm":"IRMAO PEDRO","cc":"PROS","nv":" ","e":"n","st":"Suplente","dvt":"V\u00e1lido","vap":"116","pvap":"   0,34"},{"seq":"192","sqcand":"100001167222","n":"14777","nm":"RONALDO SILVA","cc":"PTB","nv":" ","e":"n","st":"N\u00e3o eleito","dvt":"V\u00e1lido","vap":"88","pvap":"   0,26"},{"seq":"208","sqcand":"100001215902","n":"27010","nm":"ELIVANGES MENDES","cc":"DC","nv":" ","e":"n","st":"N\u00e3o eleito","dvt":"V\u00e1lido","vap":"24","pvap":"   0,07"},{"seq":"83","sqcand":"100001115445","n":"90233","nm":"CLAUDIO BADAR\u00d3","cc":"PROS","nv":" ","e":"n","st":"Suplente","dvt":"V\u00e1lido","vap":"109","pvap":"   0,32"},{"seq":"167","sqcand":"100001048920","n":"13240","nm":"RAIMUNDA DO DOIS MIL","cc":"PT","nv":" ","e":"n","st":"Suplente","dvt":"V\u00e1lido","vap":"8","pvap":"   0,02"},{"seq":"50","sqcand":"100000975735","n":"17567","nm":"FILHO ELETRICISTA","cc":"PSL","nv":" ","e":"n","st":"Suplente","dvt":"V\u00e1lido","vap":"218","pvap":"   0,64"},{"seq":"229","sqcand":"100001033356","n":"77000","nm":"PEDRO JUNIOR","cc":"SOLIDARIEDADE","nv":" ","e":"n","st":"N\u00e3o eleito","dvt":"V\u00e1lido","vap":"1","pvap":"   0,00"},{"seq":"86","sqcand":"100000944370","n":"40123","nm":"DR JUAREZ","cc":"PSB","nv":" ","e":"n","st":"Suplente","dvt":"V\u00e1lido","vap":"97","pvap":"   0,29"},{"seq":"98","sqcand":"100000975733","n":"17122","nm":"CAMILA","cc":"PSL","nv":" ","e":"n","st":"Suplente","dvt":"V\u00e1lido","vap":"80","pvap":"   0,24"},{"seq":"44","sqcand":"100000868004","n":"51111","nm":"PAIZINHA ARAG\u00c3O","cc":"PATRIOTA","nv":" ","e":"n","st":"Suplente","dvt":"V\u00e1lido","vap":"260","pvap":"   0,76"},{"seq":"120","sqcand":"100000728492","n":"33333","nm":"ANDRE RIBEIRO","cc":"PMN","nv":" ","e":"n","st":"Suplente","dvt":"V\u00e1lido","vap":"47","pvap":"   0,14"},{"seq":"137","sqcand":"100000916371","n":"70888","nm":"JACK DO POV\u00c3O","cc":"AVANTE","nv":" ","e":"n","st":"Suplente","dvt":"V\u00e1lido","vap":"26","pvap":"   0,08"},{"seq":"236","sqcand":"100001167227","n":"14111","nm":"JHEMILLY FIGUEIREDO","cc":"PTB","nv":" ","e":"n","st":"N\u00e3o eleito","dvt":"Anulado sub judice","vap":"0","pvap":"00.00"},{"seq":"100","sqcand":"100000865316","n":"12789","nm":"SANDOR DA SANTA ROSA","cc":"PDT","nv":" ","e":"n","st":"Suplente","dvt":"V\u00e1lido","vap":"71","pvap":"   0,21"},{"seq":"65","sqcand":"100001115437","n":"90122","nm":"IVALDO DA CIGANA","cc":"PROS","nv":" ","e":"n","st":"Suplente","dvt":"V\u00e1lido","vap":"172","pvap":"   0,51"},{"seq":"49","sqcand":"100000728698","n":"65555","nm":"JORGE MATOS","cc":"PC do B","nv":" ","e":"n","st":"Suplente","dvt":"V\u00e1lido","vap":"230","pvap":"   0,68"},{"seq":"20","sqcand":"100000728503","n":"33345","nm":"Z\u00c9 PRETO DO RANCHO","cc":"PMN","nv":" ","e":"n","st":"Suplente","dvt":"V\u00e1lido","vap":"424","pvap":"   1,25"},{"seq":"104","sqcand":"100001048918","n":"13111","nm":"ARIONE","cc":"PT","nv":" ","e":"n","st":"Suplente","dvt":"V\u00e1lido","vap":"67","pvap":"   0,20"},{"seq":"30","sqcand":"100000728120","n":"10333","nm":"CLEMILTON DO LEITE","cc":"REPUBLICANOS","nv":" ","e":"n","st":"Suplente","dvt":"V\u00e1lido","vap":"358","pvap":"   1,05"},{"seq":"146","sqcand":"100000868000","n":"51245","nm":"DIJ\u00c9","cc":"PATRIOTA","nv":" ","e":"n","st":"Suplente","dvt":"V\u00e1lido","vap":"19","pvap":"   0,06"},{"seq":"18","sqcand":"100000777948","n":"55555","nm":"IRMAO WILSON TAXISTA","cc":"PSD","nv":" ","e":"n","st":"Suplente","dvt":"V\u00e1lido","vap":"472","pvap":"   1,39"},{"seq":"194","sqcand":"100001167224","n":"14222","nm":"ITALO CARDOSO","cc":"PTB","nv":" ","e":"n","st":"N\u00e3o eleito","dvt":"V\u00e1lido","vap":"72","pvap":"   0,21"},{"seq":"143","sqcand":"100000728697","n":"65444","nm":"MELQUIADES","cc":"PC do B","nv":" ","e":"n","st":"Suplente","dvt":"V\u00e1lido","vap":"22","pvap":"   0,06"},{"seq":"36","sqcand":"100000916367","n":"70123","nm":"CAMBEBA MOTO TAXI","cc":"AVANTE","nv":" ","e":"n","st":"Suplente","dvt":"V\u00e1lido","vap":"296","pvap":"   0,87"},{"seq":"8","sqcand":"100001048921","n":"13000","nm":"IRM\u00c3O DENTISTA","cc":"PT","nv":" ","e":"s","st":"Eleito","dvt":"V\u00e1lido","vap":"475","pvap":"   1,40"},{"seq":"56","sqcand":"100000728696","n":"65111","nm":"PROFESSORA EDNA","cc":"PC do B","nv":" ","e":"n","st":"Suplente","dvt":"V\u00e1lido","vap":"199","pvap":"   0,58"},{"seq":"72","sqcand":"100001115449","n":"90000","nm":"PAULO SERGIO","cc":"PROS","nv":" ","e":"n","st":"Suplente","dvt":"V\u00e1lido","vap":"135","pvap":"   0,40"},{"seq":"205","sqcand":"100001167225","n":"14888","nm":"MUNDICO DO MONTE BELO","cc":"PTB","nv":" ","e":"n","st":"N\u00e3o eleito","dvt":"Anulado sub judice","vap":"26","pvap":"   0,08"},{"seq":"71","sqcand":"100000975730","n":"17000","nm":"IRMAO MESAQUE DO POV\u00c3O","cc":"PSL","nv":" ","e":"n","st":"Suplente","dvt":"V\u00e1lido","vap":"135","pvap":"   0,40"}]}
