{"ele":"426","tpabr":"mu","cdabr":"08095","carper":"13","t":"1","f":"o","dt":"15/11/2020","ht":"21:41:16","dv":"s","tf":"n","v":"11","esae":"n","mnae":"","s":"58","st":"58","pst":" 100,00","snt":"0","psnt":"   0,00","si":"58","psi":" 100,00","sni":"0","psni":"   0,00","sa":"58","psa":" 100,00","sna":"0","psna":"   0,00","e":"18848","ea":"18848","pea":" 100,00","ena":"0","pena":"   0,00","esi":"18848","pesi":" 100,00","esni":"0","pesni":"   0,00","c":"16307","pc":"  86,52","a":"2541","pa":"  13,48","vscv":"0","vnom":"15026","vl":"536","pvnom":"  96,56","pvl":"   3,44","vvc":"15566","pvvc":"  95,46","vb":"143","pvb":"   0,87","tvn":"598","ptvn":"   3,67","vn":"598","pvn":" 100,00","vnt":"0","pvnt":"   0,00","vp":"0","pvp":"   0,00","vv":"15562","pvv":"  99,97","van":"0","pvan":"   0,00","vansj":"4","pvansj":"   0,03","tv":"16307","cand":[{"seq":"63","sqcand":"100001060650","n":"14789","nm":"ZECA MOTOCAR","cc":"PTB","nv":" ","e":"n","st":"","dvt":"V\u00e1lido","vap":"25","pvap":"   0,16"},{"seq":"44","sqcand":"100000848777","n":"10555","nm":"CHIQUIM","cc":"REPUBLICANOS","nv":" ","e":"n","st":"","dvt":"V\u00e1lido","vap":"65","pvap":"   0,42"},{"seq":"31","sqcand":"100001226449","n":"77789","nm":"LINDOMAR DA CAPEMBA","cc":"SOLIDARIEDADE","nv":" ","e":"n","st":"","dvt":"V\u00e1lido","vap":"192","pvap":"   1,23"},{"seq":"69","sqcand":"100000851724","n":"12789","nm":"ALACIDES BRITO&apos;S","cc":"PDT","nv":" ","e":"n","st":"","dvt":"V\u00e1lido","vap":"18","pvap":"   0,12"},{"seq":"61","sqcand":"100001226458","n":"77444","nm":"PROFESSORA NOEMEA","cc":"SOLIDARIEDADE","nv":" ","e":"n","st":"","dvt":"V\u00e1lido","vap":"30","pvap":"   0,19"},{"seq":"48","sqcand":"100000848771","n":"10333","nm":"Z\u00c9 NILTON DA CIDADE NOVA","cc":"REPUBLICANOS","nv":" ","e":"n","st":"","dvt":"V\u00e1lido","vap":"60","pvap":"   0,39"},{"seq":"54","sqcand":"100001228337","n":"65777","nm":"ADELINO","cc":"PC do B","nv":" ","e":"n","st":"","dvt":"V\u00e1lido","vap":"44","pvap":"   0,28"},{"seq":"74","sqcand":"100000767221","n":"15333","nm":"DOMINGOS DAMASCENO","cc":"MDB","nv":" ","e":"n","st":"","dvt":"V\u00e1lido","vap":"10","pvap":"   0,06"},{"seq":"7","sqcand":"100001060641","n":"14111","nm":"CARLA ROCHA","cc":"PTB","nv":" ","e":"n","st":"","dvt":"V\u00e1lido","vap":"527","pvap":"   3,39"},{"seq":"28","sqcand":"100000848780","n":"10777","nm":"ROBERTO MACENA","cc":"REPUBLICANOS","nv":" ","e":"n","st":"","dvt":"V\u00e1lido","vap":"223","pvap":"   1,43"},{"seq":"79","sqcand":"100000936926","n":"50111","nm":"IRM\u00c3 IRENILDE","cc":"PSOL","nv":" ","e":"n","st":"","dvt":"Anulado sub judice","vap":"4","pvap":"   0,03"},{"seq":"46","sqcand":"100001226453","n":"77000","nm":"MARCIA ACS","cc":"SOLIDARIEDADE","nv":" ","e":"n","st":"","dvt":"V\u00e1lido","vap":"63","pvap":"   0,40"},{"seq":"25","sqcand":"100000851723","n":"12345","nm":"NEWTON JUNIOR","cc":"PDT","nv":" ","e":"n","st":"","dvt":"V\u00e1lido","vap":"243","pvap":"   1,56"},{"seq":"60","sqcand":"100001226456","n":"77222","nm":"FRANCISCO CHEIA","cc":"SOLIDARIEDADE","nv":" ","e":"n","st":"","dvt":"V\u00e1lido","vap":"32","pvap":"   0,21"},{"seq":"8","sqcand":"100000851726","n":"12456","nm":"PROF. FRANCIMAR CARVALHO","cc":"PDT","nv":" ","e":"n","st":"","dvt":"V\u00e1lido","vap":"482","pvap":"   3,10"},{"seq":"76","sqcand":"100001075240","n":"17996","nm":"RAILAN SOARES","cc":"PSL","nv":" ","e":"n","st":"","dvt":"V\u00e1lido","vap":"8","pvap":"   0,05"},{"seq":"42","sqcand":"100001060645","n":"14477","nm":"IRM\u00c3O ANTONIO MOURA","cc":"PTB","nv":" ","e":"n","st":"","dvt":"V\u00e1lido","vap":"76","pvap":"   0,49"},{"seq":"30","sqcand":"100000851721","n":"12321","nm":"KEILIANO","cc":"PDT","nv":" ","e":"n","st":"","dvt":"V\u00e1lido","vap":"202","pvap":"   1,30"},{"seq":"80","sqcand":"100000936928","n":"50000","nm":"FERNANDO FERNANDES","cc":"PSOL","nv":" ","e":"n","st":"","dvt":"V\u00e1lido","vap":"4","pvap":"   0,03"},{"seq":"10","sqcand":"100001226459","n":"77110","nm":"BA\u00c9 DA NORTE SUL","cc":"SOLIDARIEDADE","nv":" ","e":"n","st":"","dvt":"V\u00e1lido","vap":"476","pvap":"   3,06"},{"seq":"19","sqcand":"100001226455","n":"77123","nm":"FRANCINALDO FARIAS","cc":"SOLIDARIEDADE","nv":" ","e":"n","st":"","dvt":"V\u00e1lido","vap":"333","pvap":"   2,14"},{"seq":"4","sqcand":"100000848776","n":"10987","nm":"JO\u00c3O FILHO","cc":"REPUBLICANOS","nv":" ","e":"n","st":"","dvt":"V\u00e1lido","vap":"570","pvap":"   3,66"},{"seq":"5","sqcand":"100000767219","n":"15456","nm":"VIVIANE","cc":"MDB","nv":" ","e":"n","st":"","dvt":"V\u00e1lido","vap":"569","pvap":"   3,66"},{"seq":"11","sqcand":"100000851722","n":"12555","nm":"PROF\u00aa. EVA MAGNA","cc":"PDT","nv":" ","e":"n","st":"","dvt":"V\u00e1lido","vap":"467","pvap":"   3,00"},{"seq":"49","sqcand":"100001060642","n":"14223","nm":"EDIVAM DAS TAPIOCAS","cc":"PTB","nv":" ","e":"n","st":"","dvt":"V\u00e1lido","vap":"60","pvap":"   0,39"},{"seq":"56","sqcand":"100001226452","n":"77666","nm":"VAL DA SILVA","cc":"SOLIDARIEDADE","nv":" ","e":"n","st":"","dvt":"V\u00e1lido","vap":"42","pvap":"   0,27"},{"seq":"33","sqcand":"100001060649","n":"14222","nm":"PR. JO\u00c3O RODRIGUES","cc":"PTB","nv":" ","e":"n","st":"","dvt":"V\u00e1lido","vap":"167","pvap":"   1,07"},{"seq":"16","sqcand":"100000848779","n":"10789","nm":"NEGO DA EDNA","cc":"REPUBLICANOS","nv":" ","e":"n","st":"","dvt":"V\u00e1lido","vap":"379","pvap":"   2,43"},{"seq":"20","sqcand":"100000851715","n":"12123","nm":"PROFESSOR JORBESON","cc":"PDT","nv":" ","e":"n","st":"","dvt":"V\u00e1lido","vap":"324","pvap":"   2,08"},{"seq":"57","sqcand":"100001228339","n":"65003","nm":"ADRIANO FERREIRA","cc":"PC do B","nv":" ","e":"n","st":"","dvt":"V\u00e1lido","vap":"41","pvap":"   0,26"},{"seq":"47","sqcand":"100000848784","n":"10010","nm":"RITA FAUSTINO","cc":"REPUBLICANOS","nv":" ","e":"n","st":"","dvt":"V\u00e1lido","vap":"60","pvap":"   0,39"},{"seq":"26","sqcand":"100001228332","n":"65444","nm":"BETH DO TOINHO","cc":"PC do B","nv":" ","e":"n","st":"","dvt":"V\u00e1lido","vap":"238","pvap":"   1,53"},{"seq":"23","sqcand":"100001226447","n":"77777","nm":"JACKSON ROCHA","cc":"SOLIDARIEDADE","nv":" ","e":"n","st":"","dvt":"V\u00e1lido","vap":"294","pvap":"   1,89"},{"seq":"1","sqcand":"100000848773","n":"10000","nm":"RONI MARCELINO","cc":"REPUBLICANOS","nv":" ","e":"n","st":"","dvt":"V\u00e1lido","vap":"740","pvap":"   4,75"},{"seq":"55","sqcand":"100001060640","n":"14567","nm":"JO\u00c3O  ALFREDO","cc":"PTB","nv":" ","e":"n","st":"","dvt":"V\u00e1lido","vap":"43","pvap":"   0,28"},{"seq":"67","sqcand":"100001060644","n":"14333","nm":"ADONNAY MATHEUS","cc":"PTB","nv":" ","e":"n","st":"","dvt":"V\u00e1lido","vap":"20","pvap":"   0,13"},{"seq":"2","sqcand":"100000851718","n":"12444","nm":"MARCONES OLIVEIRA","cc":"PDT","nv":" ","e":"n","st":"","dvt":"V\u00e1lido","vap":"726","pvap":"   4,66"},{"seq":"68","sqcand":"100001060651","n":"14555","nm":"MARIZETE","cc":"PTB","nv":" ","e":"n","st":"","dvt":"V\u00e1lido","vap":"19","pvap":"   0,12"},{"seq":"62","sqcand":"100000767222","n":"15123","nm":"DOGI DA IRENI","cc":"MDB","nv":" ","e":"n","st":"","dvt":"V\u00e1lido","vap":"25","pvap":"   0,16"},{"seq":"13","sqcand":"100000848785","n":"10123","nm":"EVALDO SELEDOR","cc":"REPUBLICANOS","nv":" ","e":"n","st":"","dvt":"V\u00e1lido","vap":"434","pvap":"   2,79"},{"seq":"65","sqcand":"100000767220","n":"15222","nm":"JESSICA ALVES","cc":"MDB","nv":" ","e":"n","st":"","dvt":"V\u00e1lido","vap":"22","pvap":"   0,14"},{"seq":"64","sqcand":"100001060647","n":"14234","nm":"IRM\u00c3O LEVI FRAZ\u00c3O","cc":"PTB","nv":" ","e":"n","st":"","dvt":"V\u00e1lido","vap":"25","pvap":"   0,16"},{"seq":"50","sqcand":"100001228341","n":"65666","nm":"ALDENORA","cc":"PC do B","nv":" ","e":"n","st":"","dvt":"V\u00e1lido","vap":"55","pvap":"   0,35"},{"seq":"39","sqcand":"100001226446","n":"77555","nm":"PASTORA FERNANDA","cc":"SOLIDARIEDADE","nv":" ","e":"n","st":"","dvt":"V\u00e1lido","vap":"117","pvap":"   0,75"},{"seq":"43","sqcand":"100000851725","n":"12888","nm":"FRANCILDO SILVA","cc":"PDT","nv":" ","e":"n","st":"","dvt":"V\u00e1lido","vap":"67","pvap":"   0,43"},{"seq":"12","sqcand":"100001228334","n":"65111","nm":"PROFESSOR FRANCISCO TAYLON","cc":"PC do B","nv":" ","e":"n","st":"","dvt":"V\u00e1lido","vap":"442","pvap":"   2,84"},{"seq":"45","sqcand":"100001226454","n":"77888","nm":"ADRIANO NASCIMENTO","cc":"SOLIDARIEDADE","nv":" ","e":"n","st":"","dvt":"V\u00e1lido","vap":"64","pvap":"   0,41"},{"seq":"37","sqcand":"100001060646","n":"14444","nm":"SUELANE SANTOS","cc":"PTB","nv":" ","e":"n","st":"","dvt":"V\u00e1lido","vap":"132","pvap":"   0,85"},{"seq":"41","sqcand":"100000851720","n":"12344","nm":"JOCELIO NUNES","cc":"PDT","nv":" ","e":"n","st":"","dvt":"V\u00e1lido","vap":"86","pvap":"   0,55"},{"seq":"59","sqcand":"100000767223","n":"15000","nm":"RANGEL BANANA","cc":"MDB","nv":" ","e":"n","st":"","dvt":"V\u00e1lido","vap":"34","pvap":"   0,22"},{"seq":"27","sqcand":"100000848782","n":"10222","nm":"BRANCO DA LISBOA","cc":"REPUBLICANOS","nv":" ","e":"n","st":"","dvt":"V\u00e1lido","vap":"232","pvap":"   1,49"},{"seq":"3","sqcand":"100000848775","n":"10456","nm":"MEURYANE","cc":"REPUBLICANOS","nv":" ","e":"n","st":"","dvt":"V\u00e1lido","vap":"634","pvap":"   4,07"},{"seq":"81","sqcand":"100001075239","n":"17000","nm":"JHONATA","cc":"PSL","nv":" ","e":"n","st":"","dvt":"V\u00e1lido","vap":"4","pvap":"   0,03"},{"seq":"36","sqcand":"100001228343","n":"65065","nm":"JUNIOR HOLANDA","cc":"PC do B","nv":" ","e":"n","st":"","dvt":"V\u00e1lido","vap":"142","pvap":"   0,91"},{"seq":"35","sqcand":"100001228338","n":"65555","nm":"MAGNO PRE MOLDADOS","cc":"PC do B","nv":" ","e":"n","st":"","dvt":"V\u00e1lido","vap":"154","pvap":"   0,99"},{"seq":"72","sqcand":"100000851712","n":"12200","nm":"ISA CABELEREIRA","cc":"PDT","nv":" ","e":"n","st":"","dvt":"V\u00e1lido","vap":"12","pvap":"   0,08"},{"seq":"75","sqcand":"100001267192","n":"77077","nm":"MARIA AM\u00c9LIA","cc":"SOLIDARIEDADE","nv":" ","e":"n","st":"","dvt":"V\u00e1lido","vap":"8","pvap":"   0,05"},{"seq":"58","sqcand":"100001228342","n":"65358","nm":"SILVIO SANTOS","cc":"PC do B","nv":" ","e":"n","st":"","dvt":"V\u00e1lido","vap":"37","pvap":"   0,24"},{"seq":"6","sqcand":"100000851716","n":"12333","nm":"JO\u00c3O LUIS NOGUEIRA","cc":"PDT","nv":" ","e":"n","st":"","dvt":"V\u00e1lido","vap":"528","pvap":"   3,39"},{"seq":"14","sqcand":"100000848783","n":"10444","nm":"DE\u00cdDE MOURA","cc":"REPUBLICANOS","nv":" ","e":"n","st":"","dvt":"V\u00e1lido","vap":"419","pvap":"   2,69"},{"seq":"78","sqcand":"100001226448","n":"77755","nm":"CANTORA VALDENISCE","cc":"SOLIDARIEDADE","nv":" ","e":"n","st":"","dvt":"V\u00e1lido","vap":"6","pvap":"   0,04"},{"seq":"18","sqcand":"100001228333","n":"65123","nm":"PAULO HENRIQUE","cc":"PC do B","nv":" ","e":"n","st":"","dvt":"V\u00e1lido","vap":"362","pvap":"   2,33"},{"seq":"21","sqcand":"100000851727","n":"12777","nm":"VAL MOTA","cc":"PDT","nv":" ","e":"n","st":"","dvt":"V\u00e1lido","vap":"308","pvap":"   1,98"},{"seq":"17","sqcand":"100001060643","n":"14123","nm":"IRM\u00c3 FABIA","cc":"PTB","nv":" ","e":"n","st":"","dvt":"V\u00e1lido","vap":"369","pvap":"   2,37"},{"seq":"73","sqcand":"100000851714","n":"12000","nm":"MEIRE DA NORTE SUL","cc":"PDT","nv":" ","e":"n","st":"","dvt":"V\u00e1lido","vap":"11","pvap":"   0,07"},{"seq":"52","sqcand":"100000848770","n":"10112","nm":"MARIA DO ESPIRITO SANTO","cc":"REPUBLICANOS","nv":" ","e":"n","st":"","dvt":"V\u00e1lido","vap":"50","pvap":"   0,32"},{"seq":"77","sqcand":"100000936927","n":"50123","nm":"GABRIEL SANDES","cc":"PSOL","nv":" ","e":"n","st":"","dvt":"V\u00e1lido","vap":"7","pvap":"   0,04"},{"seq":"66","sqcand":"100000848774","n":"10999","nm":"PASTORA ALILANDIA","cc":"REPUBLICANOS","nv":" ","e":"n","st":"","dvt":"V\u00e1lido","vap":"21","pvap":"   0,13"},{"seq":"71","sqcand":"100001075238","n":"17123","nm":"SOL ARAUJO","cc":"PSL","nv":" ","e":"n","st":"","dvt":"V\u00e1lido","vap":"17","pvap":"   0,11"},{"seq":"34","sqcand":"100000848781","n":"10234","nm":"MARIA DO SINDICATO","cc":"REPUBLICANOS","nv":" ","e":"n","st":"","dvt":"V\u00e1lido","vap":"164","pvap":"   1,05"},{"seq":"22","sqcand":"100001228340","n":"65222","nm":"NAYARA RAYANNE","cc":"PC do B","nv":" ","e":"n","st":"","dvt":"V\u00e1lido","vap":"307","pvap":"   1,97"},{"seq":"53","sqcand":"100001228336","n":"65156","nm":"T\u00c2NIA SANTOS","cc":"PC do B","nv":" ","e":"n","st":"","dvt":"V\u00e1lido","vap":"47","pvap":"   0,30"},{"seq":"29","sqcand":"100001266373","n":"65333","nm":"TAISA DO VALDOMIRO","cc":"PC do B","nv":" ","e":"n","st":"","dvt":"V\u00e1lido","vap":"218","pvap":"   1,40"},{"seq":"9","sqcand":"100001060648","n":"14000","nm":"GENEILSON DOURADO","cc":"PTB","nv":" ","e":"n","st":"","dvt":"V\u00e1lido","vap":"478","pvap":"   3,07"},{"seq":"38","sqcand":"100001226451","n":"77456","nm":"DEYWERTON OLIVEIRA","cc":"SOLIDARIEDADE","nv":" ","e":"n","st":"","dvt":"V\u00e1lido","vap":"123","pvap":"   0,79"},{"seq":"70","sqcand":"100000851713","n":"12012","nm":"AURIDEA","cc":"PDT","nv":" ","e":"n","st":"","dvt":"V\u00e1lido","vap":"18","pvap":"   0,12"},{"seq":"51","sqcand":"100000851719","n":"12641","nm":"MAIKON DO CAI\u00c7ARA","cc":"PDT","nv":" ","e":"n","st":"","dvt":"V\u00e1lido","vap":"52","pvap":"   0,33"},{"seq":"82","sqcand":"100000767218","n":"15111","nm":"PROFESORA LURDITA","cc":"MDB","nv":" ","e":"n","st":"","dvt":"V\u00e1lido","vap":"0","pvap":"00.00"},{"seq":"24","sqcand":"100001228335","n":"65000","nm":"Z\u00c9 DA MUNDOCA","cc":"PC do B","nv":" ","e":"n","st":"","dvt":"V\u00e1lido","vap":"276","pvap":"   1,77"},{"seq":"40","sqcand":"100000851717","n":"12111","nm":"KARLENILTON BRAND\u00c3O","cc":"PDT","nv":" ","e":"n","st":"","dvt":"V\u00e1lido","vap":"91","pvap":"   0,58"},{"seq":"32","sqcand":"100001226457","n":"77333","nm":"MANOEL DENTISTA","cc":"SOLIDARIEDADE","nv":" ","e":"n","st":"","dvt":"V\u00e1lido","vap":"168","pvap":"   1,08"},{"seq":"15","sqcand":"100000848772","n":"10111","nm":"CARLIOMAR DO CACAU","cc":"REPUBLICANOS","nv":" ","e":"n","st":"","dvt":"V\u00e1lido","vap":"388","pvap":"   2,49"}]}
