{"ele":"426","tpabr":"mu","cdabr":"08354","carper":"13","t":"1","f":"o","dt":"15/11/2020","ht":"22:24:50","dv":"s","tf":"s","v":"9","esae":"n","mnae":"","s":"30","st":"30","pst":" 100,00","snt":"0","psnt":"   0,00","si":"30","psi":" 100,00","sni":"0","psni":"   0,00","sa":"30","psa":" 100,00","sna":"0","psna":"   0,00","e":"10324","ea":"10324","pea":" 100,00","ena":"0","pena":"   0,00","esi":"10324","pesi":" 100,00","esni":"0","pesni":"   0,00","c":"8779","pc":"  85,03","a":"1545","pa":"  14,97","vscv":"0","vnom":"7936","vl":"494","pvnom":"  94,14","pvl":"   5,86","vvc":"8430","pvvc":"  96,02","vb":"125","pvb":"   1,43","tvn":"224","ptvn":"   2,55","vn":"220","pvn":"  98,21","vnt":"4","pvnt":"   1,79","vp":"0","pvp":"   0,00","vv":"8430","pvv":" 100,00","van":"0","pvan":"   0,00","vansj":"0","pvansj":"   0,00","tv":"8779","cand":[{"seq":"54","sqcand":"100001032774","n":"20444","nm":"IRAN DO SOFA","cc":"PSC","nv":" ","e":"n","st":"Suplente","dvt":"V\u00e1lido","vap":"20","pvap":"   0,24"},{"seq":"8","sqcand":"100001031800","n":"10123","nm":"LUIZ DO GURUTIL","cc":"REPUBLICANOS","nv":" ","e":"s","st":"Eleito","dvt":"V\u00e1lido","vap":"370","pvap":"   4,39"},{"seq":"73","sqcand":"100001032239","n":"13113","nm":"DAYLLY SOUZA","cc":"PT","nv":" ","e":"n","st":"N\u00e3o eleito","dvt":"V\u00e1lido","vap":"37","pvap":"   0,44"},{"seq":"23","sqcand":"100001032773","n":"20000","nm":"EDSON MUAY THAI","cc":"PSC","nv":" ","e":"n","st":"Suplente","dvt":"V\u00e1lido","vap":"93","pvap":"   1,10"},{"seq":"83","sqcand":"100000773114","n":"23222","nm":"Z\u00c9 CAMPELO","cc":"CIDADANIA","nv":" ","e":"n","st":"N\u00e3o eleito","dvt":"V\u00e1lido","vap":"10","pvap":"   0,12"},{"seq":"84","sqcand":"100000773140","n":"15678","nm":"ELIETE MACHADO","cc":"MDB","nv":" ","e":"n","st":"N\u00e3o eleito","dvt":"V\u00e1lido","vap":"9","pvap":"   0,11"},{"seq":"59","sqcand":"100001032767","n":"20100","nm":"AYRLES","cc":"PSC","nv":" ","e":"n","st":"Suplente","dvt":"V\u00e1lido","vap":"11","pvap":"   0,13"},{"seq":"64","sqcand":"100001195763","n":"40333","nm":"SEU CLEO","cc":"PSB","nv":" ","e":"n","st":"Suplente","dvt":"V\u00e1lido","vap":"6","pvap":"   0,07"},{"seq":"53","sqcand":"100000926891","n":"77123","nm":"KARLA","cc":"SOLIDARIEDADE","nv":" ","e":"n","st":"Suplente","dvt":"V\u00e1lido","vap":"21","pvap":"   0,25"},{"seq":"58","sqcand":"100001198801","n":"12789","nm":"CARLA MAURY","cc":"PDT","nv":" ","e":"n","st":"Suplente","dvt":"V\u00e1lido","vap":"13","pvap":"   0,15"},{"seq":"61","sqcand":"100001195757","n":"40444","nm":"BUI\u00da DA COL\u00d4NIA","cc":"PSB","nv":" ","e":"n","st":"Suplente","dvt":"V\u00e1lido","vap":"8","pvap":"   0,09"},{"seq":"71","sqcand":"100001032240","n":"13111","nm":"IVALDO DO RETIRO","cc":"PT","nv":" ","e":"n","st":"N\u00e3o eleito","dvt":"V\u00e1lido","vap":"57","pvap":"   0,68"},{"seq":"24","sqcand":"100001198804","n":"12012","nm":"CARLOS TAINHA","cc":"PDT","nv":" ","e":"n","st":"Suplente","dvt":"V\u00e1lido","vap":"91","pvap":"   1,08"},{"seq":"11","sqcand":"100001198794","n":"12612","nm":"WILLIAM FERREIRA","cc":"PDT","nv":" ","e":"n","st":"Suplente","dvt":"V\u00e1lido","vap":"185","pvap":"   2,19"},{"seq":"48","sqcand":"100001032769","n":"20157","nm":"GENEZIO","cc":"PSC","nv":" ","e":"n","st":"Suplente","dvt":"V\u00e1lido","vap":"29","pvap":"   0,34"},{"seq":"35","sqcand":"100001209862","n":"11411","nm":"BRENO BOMBONS QUERO MAIS","cc":"PP","nv":" ","e":"n","st":"Suplente","dvt":"V\u00e1lido","vap":"55","pvap":"   0,65"},{"seq":"30","sqcand":"100000926890","n":"77771","nm":"ORLANDO","cc":"SOLIDARIEDADE","nv":" ","e":"n","st":"Suplente","dvt":"V\u00e1lido","vap":"75","pvap":"   0,89"},{"seq":"86","sqcand":"100000773116","n":"23543","nm":"PASTOR GUSTAVO","cc":"CIDADANIA","nv":" ","e":"n","st":"N\u00e3o eleito","dvt":"V\u00e1lido","vap":"0","pvap":"00.00"},{"seq":"5","sqcand":"100001032770","n":"20800","nm":"WLISSES ","cc":"PSC","nv":" ","e":"s","st":"Eleito","dvt":"V\u00e1lido","vap":"421","pvap":"   4,99"},{"seq":"2","sqcand":"100001209856","n":"11444","nm":"ROBERTO AGUIAR","cc":"PP","nv":" ","e":"s","st":"Eleito","dvt":"V\u00e1lido","vap":"476","pvap":"   5,65"},{"seq":"72","sqcand":"100001032236","n":"13456","nm":"IRM\u00c3O JO\u00c3O","cc":"PT","nv":" ","e":"n","st":"N\u00e3o eleito","dvt":"V\u00e1lido","vap":"37","pvap":"   0,44"},{"seq":"55","sqcand":"100001198803","n":"12333","nm":"LEIDE DAYANA","cc":"PDT","nv":" ","e":"n","st":"Suplente","dvt":"V\u00e1lido","vap":"18","pvap":"   0,21"},{"seq":"50","sqcand":"100000926892","n":"77773","nm":"PAJ\u00c9","cc":"SOLIDARIEDADE","nv":" ","e":"n","st":"Suplente","dvt":"V\u00e1lido","vap":"27","pvap":"   0,32"},{"seq":"22","sqcand":"100001198798","n":"12777","nm":"NAILMA","cc":"PDT","nv":" ","e":"n","st":"Suplente","dvt":"V\u00e1lido","vap":"100","pvap":"   1,19"},{"seq":"9","sqcand":"100000926894","n":"77122","nm":"YOIDY","cc":"SOLIDARIEDADE","nv":" ","e":"s","st":"Eleito","dvt":"V\u00e1lido","vap":"369","pvap":"   4,38"},{"seq":"6","sqcand":"100001209864","n":"11333","nm":"JOSU\u00c9","cc":"PP","nv":" ","e":"s","st":"Eleito","dvt":"V\u00e1lido","vap":"408","pvap":"   4,84"},{"seq":"70","sqcand":"100001031798","n":"10333","nm":"EMERSON KABULOSO","cc":"REPUBLICANOS","nv":" ","e":"n","st":"Suplente","dvt":"V\u00e1lido","vap":"1","pvap":"   0,01"},{"seq":"82","sqcand":"100001032237","n":"13013","nm":"C\u00c9LIA CAMPOS","cc":"PT","nv":" ","e":"n","st":"N\u00e3o eleito","dvt":"V\u00e1lido","vap":"11","pvap":"   0,13"},{"seq":"68","sqcand":"100001273931","n":"77778","nm":"VAL\u00c9RIA","cc":"SOLIDARIEDADE","nv":" ","e":"n","st":"Suplente","dvt":"V\u00e1lido","vap":"5","pvap":"   0,06"},{"seq":"43","sqcand":"100001031806","n":"10456","nm":"MORENA","cc":"REPUBLICANOS","nv":" ","e":"n","st":"Suplente","dvt":"V\u00e1lido","vap":"37","pvap":"   0,44"},{"seq":"32","sqcand":"100001032765","n":"20123","nm":"IRANILCE","cc":"PSC","nv":" ","e":"n","st":"Suplente","dvt":"V\u00e1lido","vap":"67","pvap":"   0,79"},{"seq":"57","sqcand":"100001031804","n":"10210","nm":"FERNANDO CUBA","cc":"REPUBLICANOS","nv":" ","e":"n","st":"Suplente","dvt":"V\u00e1lido","vap":"15","pvap":"   0,18"},{"seq":"56","sqcand":"100000926889","n":"77222","nm":"MARLENE","cc":"SOLIDARIEDADE","nv":" ","e":"n","st":"Suplente","dvt":"V\u00e1lido","vap":"16","pvap":"   0,19"},{"seq":"77","sqcand":"100001032234","n":"13123","nm":"WEVERTON URSO","cc":"PT","nv":" ","e":"n","st":"N\u00e3o eleito","dvt":"V\u00e1lido","vap":"20","pvap":"   0,24"},{"seq":"38","sqcand":"100001031797","n":"10222","nm":"ZE MARIA PREMOLDADO","cc":"REPUBLICANOS","nv":" ","e":"n","st":"Suplente","dvt":"V\u00e1lido","vap":"46","pvap":"   0,55"},{"seq":"20","sqcand":"100000926895","n":"77777","nm":"CER\u00d4","cc":"SOLIDARIEDADE","nv":" ","e":"n","st":"Suplente","dvt":"V\u00e1lido","vap":"111","pvap":"   1,32"},{"seq":"62","sqcand":"100001195759","n":"40224","nm":"NILZA","cc":"PSB","nv":" ","e":"n","st":"Suplente","dvt":"V\u00e1lido","vap":"7","pvap":"   0,08"},{"seq":"65","sqcand":"100001209865","n":"11999","nm":"ANTONIA MARIA","cc":"PP","nv":" ","e":"n","st":"Suplente","dvt":"V\u00e1lido","vap":"5","pvap":"   0,06"},{"seq":"69","sqcand":"100001032763","n":"20510","nm":"RUTH","cc":"PSC","nv":" ","e":"n","st":"Suplente","dvt":"V\u00e1lido","vap":"3","pvap":"   0,04"},{"seq":"25","sqcand":"100001032768","n":"20200","nm":"JERRY LEMOS","cc":"PSC","nv":" ","e":"n","st":"Suplente","dvt":"V\u00e1lido","vap":"84","pvap":"   1,00"},{"seq":"39","sqcand":"100001195761","n":"40065","nm":"NH\u00d4 CHICO","cc":"PSB","nv":" ","e":"n","st":"Suplente","dvt":"V\u00e1lido","vap":"41","pvap":"   0,49"},{"seq":"4","sqcand":"100001031799","n":"10000","nm":"LEANDRO","cc":"REPUBLICANOS","nv":" ","e":"s","st":"Eleito","dvt":"V\u00e1lido","vap":"435","pvap":"   5,16"},{"seq":"37","sqcand":"100001265511","n":"11211","nm":"PAULINHO DO PORTO","cc":"PP","nv":" ","e":"n","st":"Suplente","dvt":"V\u00e1lido","vap":"47","pvap":"   0,56"},{"seq":"36","sqcand":"100001209857","n":"11111","nm":"PREGUINHO","cc":"PP","nv":" ","e":"n","st":"Suplente","dvt":"V\u00e1lido","vap":"53","pvap":"   0,63"},{"seq":"16","sqcand":"100001032771","n":"20333","nm":"RAELSON","cc":"PSC","nv":" ","e":"n","st":"Suplente","dvt":"V\u00e1lido","vap":"159","pvap":"   1,89"},{"seq":"51","sqcand":"100001032761","n":"20555","nm":"FRAN\u00c7A SPIDER","cc":"PSC","nv":" ","e":"n","st":"Suplente","dvt":"V\u00e1lido","vap":"26","pvap":"   0,31"},{"seq":"42","sqcand":"100001032766","n":"20777","nm":"LAYDE ARAUJO","cc":"PSC","nv":" ","e":"n","st":"Suplente","dvt":"V\u00e1lido","vap":"39","pvap":"   0,46"},{"seq":"19","sqcand":"100000926885","n":"77000","nm":"TONZINHO","cc":"SOLIDARIEDADE","nv":" ","e":"n","st":"Suplente","dvt":"V\u00e1lido","vap":"111","pvap":"   1,32"},{"seq":"74","sqcand":"100000773139","n":"15000","nm":"AZUL","cc":"MDB","nv":" ","e":"n","st":"N\u00e3o eleito","dvt":"V\u00e1lido","vap":"27","pvap":"   0,32"},{"seq":"46","sqcand":"100001032762","n":"20456","nm":"BARAO NETO","cc":"PSC","nv":" ","e":"n","st":"Suplente","dvt":"V\u00e1lido","vap":"33","pvap":"   0,39"},{"seq":"63","sqcand":"100001198795","n":"12444","nm":"BESOURO","cc":"PDT","nv":" ","e":"n","st":"Suplente","dvt":"V\u00e1lido","vap":"6","pvap":"   0,07"},{"seq":"13","sqcand":"100001031796","n":"10777","nm":"EVERALDO CONTADOR","cc":"REPUBLICANOS","nv":" ","e":"n","st":"Suplente","dvt":"V\u00e1lido","vap":"168","pvap":"   1,99"},{"seq":"75","sqcand":"100000773117","n":"23456","nm":"IRM\u00c3 DOMINGAS","cc":"CIDADANIA","nv":" ","e":"n","st":"N\u00e3o eleito","dvt":"V\u00e1lido","vap":"26","pvap":"   0,31"},{"seq":"17","sqcand":"100001031802","n":"10112","nm":"WAGUINHO MATOS","cc":"REPUBLICANOS","nv":" ","e":"n","st":"Suplente","dvt":"V\u00e1lido","vap":"140","pvap":"   1,66"},{"seq":"85","sqcand":"100001032241","n":"13444","nm":"IRM\u00c3 JUCILDA","cc":"PT","nv":" ","e":"n","st":"N\u00e3o eleito","dvt":"V\u00e1lido","vap":"7","pvap":"   0,08"},{"seq":"28","sqcand":"100001198797","n":"12222","nm":"PAULINHO SURURINA","cc":"PDT","nv":" ","e":"n","st":"Suplente","dvt":"V\u00e1lido","vap":"81","pvap":"   0,96"},{"seq":"34","sqcand":"100001032764","n":"20222","nm":"PAULO NETO","cc":"PSC","nv":" ","e":"n","st":"Suplente","dvt":"V\u00e1lido","vap":"62","pvap":"   0,74"},{"seq":"45","sqcand":"100001209866","n":"11789","nm":"JOWSY ARA\u00daJO","cc":"PP","nv":" ","e":"n","st":"Suplente","dvt":"V\u00e1lido","vap":"34","pvap":"   0,40"},{"seq":"21","sqcand":"100001198800","n":"12123","nm":"GON\u00c7ALO JUNIOR","cc":"PDT","nv":" ","e":"n","st":"Suplente","dvt":"V\u00e1lido","vap":"103","pvap":"   1,22"},{"seq":"78","sqcand":"100000773113","n":"23700","nm":"CHRISTHARLES","cc":"CIDADANIA","nv":" ","e":"n","st":"N\u00e3o eleito","dvt":"V\u00e1lido","vap":"18","pvap":"   0,21"},{"seq":"47","sqcand":"100001032772","n":"20111","nm":"FOGUINHO","cc":"PSC","nv":" ","e":"n","st":"Suplente","dvt":"V\u00e1lido","vap":"33","pvap":"   0,39"},{"seq":"10","sqcand":"100001209860","n":"11222","nm":"DIRCEU RIBEIRO","cc":"PP","nv":" ","e":"n","st":"Suplente","dvt":"V\u00e1lido","vap":"343","pvap":"   4,07"},{"seq":"67","sqcand":"100001031805","n":"10556","nm":"PRETA","cc":"REPUBLICANOS","nv":" ","e":"n","st":"Suplente","dvt":"V\u00e1lido","vap":"5","pvap":"   0,06"},{"seq":"31","sqcand":"100001031803","n":"10102","nm":"LAURA","cc":"REPUBLICANOS","nv":" ","e":"n","st":"Suplente","dvt":"V\u00e1lido","vap":"74","pvap":"   0,88"},{"seq":"60","sqcand":"100001195762","n":"40555","nm":"ZEQUINHA DE IVANILDO","cc":"PSB","nv":" ","e":"n","st":"Suplente","dvt":"V\u00e1lido","vap":"9","pvap":"   0,11"},{"seq":"1","sqcand":"100001195758","n":"40123","nm":"DANYRA","cc":"PSB","nv":" ","e":"s","st":"Eleito","dvt":"V\u00e1lido","vap":"478","pvap":"   5,67"},{"seq":"81","sqcand":"100001032235","n":"13222","nm":"EDIVAN SILVA","cc":"PT","nv":" ","e":"n","st":"N\u00e3o eleito","dvt":"V\u00e1lido","vap":"12","pvap":"   0,14"},{"seq":"18","sqcand":"100001209858","n":"11125","nm":"PAULO HENRIQUE","cc":"PP","nv":" ","e":"n","st":"Suplente","dvt":"V\u00e1lido","vap":"131","pvap":"   1,55"},{"seq":"33","sqcand":"100001209867","n":"11234","nm":"NHA","cc":"PP","nv":" ","e":"n","st":"Suplente","dvt":"V\u00e1lido","vap":"62","pvap":"   0,74"},{"seq":"49","sqcand":"100001209863","n":"11456","nm":"SEU DENA","cc":"PP","nv":" ","e":"n","st":"Suplente","dvt":"V\u00e1lido","vap":"27","pvap":"   0,32"},{"seq":"80","sqcand":"100000773112","n":"23123","nm":"ALEILDE RODRIGUES","cc":"CIDADANIA","nv":" ","e":"n","st":"N\u00e3o eleito","dvt":"V\u00e1lido","vap":"13","pvap":"   0,15"},{"seq":"41","sqcand":"100001195760","n":"40000","nm":"PURAN","cc":"PSB","nv":" ","e":"n","st":"Suplente","dvt":"V\u00e1lido","vap":"40","pvap":"   0,47"},{"seq":"3","sqcand":"100001198802","n":"12000","nm":"BETO","cc":"PDT","nv":" ","e":"s","st":"Eleito","dvt":"V\u00e1lido","vap":"437","pvap":"   5,18"},{"seq":"40","sqcand":"100000926884","n":"77743","nm":"MARIA DE JESUS","cc":"SOLIDARIEDADE","nv":" ","e":"n","st":"Suplente","dvt":"V\u00e1lido","vap":"41","pvap":"   0,49"},{"seq":"52","sqcand":"100001195756","n":"40222","nm":"GORDINHO","cc":"PSB","nv":" ","e":"n","st":"Suplente","dvt":"V\u00e1lido","vap":"23","pvap":"   0,27"},{"seq":"66","sqcand":"100001198799","n":"12456","nm":"JUNIOR EXTREME","cc":"PDT","nv":" ","e":"n","st":"Suplente","dvt":"V\u00e1lido","vap":"5","pvap":"   0,06"},{"seq":"14","sqcand":"100001195755","n":"40111","nm":"TAN\u00c1","cc":"PSB","nv":" ","e":"n","st":"Suplente","dvt":"V\u00e1lido","vap":"166","pvap":"   1,97"},{"seq":"12","sqcand":"100001198796","n":"12345","nm":"DENNIS RIBEIRO","cc":"PDT","nv":" ","e":"n","st":"Suplente","dvt":"V\u00e1lido","vap":"179","pvap":"   2,12"},{"seq":"76","sqcand":"100000773115","n":"23000","nm":"DR JO\u00c3O BENEDITO","cc":"CIDADANIA","nv":" ","e":"n","st":"N\u00e3o eleito","dvt":"V\u00e1lido","vap":"26","pvap":"   0,31"},{"seq":"79","sqcand":"100001032238","n":"13333","nm":"MARIA CECILIA","cc":"PT","nv":" ","e":"n","st":"N\u00e3o eleito","dvt":"V\u00e1lido","vap":"16","pvap":"   0,19"},{"seq":"44","sqcand":"100001198805","n":"12415","nm":"CLAUDIA CASTRO","cc":"PDT","nv":" ","e":"n","st":"Suplente","dvt":"V\u00e1lido","vap":"35","pvap":"   0,42"},{"seq":"27","sqcand":"100001031801","n":"10113","nm":"MARINILDE","cc":"REPUBLICANOS","nv":" ","e":"n","st":"Suplente","dvt":"V\u00e1lido","vap":"82","pvap":"   0,97"},{"seq":"29","sqcand":"100001209859","n":"11112","nm":"MARIA POP","cc":"PP","nv":" ","e":"n","st":"Suplente","dvt":"V\u00e1lido","vap":"80","pvap":"   0,95"},{"seq":"26","sqcand":"100001195754","n":"40456","nm":"SOCORRO NASCIMENTO","cc":"PSB","nv":" ","e":"n","st":"Suplente","dvt":"V\u00e1lido","vap":"83","pvap":"   0,98"},{"seq":"7","sqcand":"100001209861","n":"11000","nm":"DED\u00ca","cc":"PP","nv":" ","e":"s","st":"Eleito","dvt":"V\u00e1lido","vap":"386","pvap":"   4,58"},{"seq":"15","sqcand":"100000926888","n":"77111","nm":"CEC\u00cdLIO","cc":"SOLIDARIEDADE","nv":" ","e":"n","st":"Suplente","dvt":"V\u00e1lido","vap":"160","pvap":"   1,90"}]}
