{"ele":"426","tpabr":"mu","cdabr":"08508","carper":"13","t":"1","f":"o","dt":"15/11/2020","ht":"21:59:57","dv":"s","tf":"n","v":"11","esae":"n","mnae":"","s":"38","st":"38","pst":" 100,00","snt":"0","psnt":"   0,00","si":"38","psi":" 100,00","sni":"0","psni":"   0,00","sa":"38","psa":" 100,00","sna":"0","psna":"   0,00","e":"12663","ea":"12663","pea":" 100,00","ena":"0","pena":"   0,00","esi":"12663","pesi":" 100,00","esni":"0","pesni":"   0,00","c":"9890","pc":"  78,10","a":"2773","pa":"  21,90","vscv":"0","vnom":"8997","vl":"335","pvnom":"  96,41","pvl":"   3,59","vvc":"9332","pvvc":"  94,36","vb":"86","pvb":"   0,87","tvn":"472","ptvn":"   4,77","vn":"472","pvn":" 100,00","vnt":"0","pvnt":"   0,00","vp":"0","pvp":"   0,00","vv":"9332","pvv":" 100,00","van":"0","pvan":"   0,00","vansj":"0","pvansj":"   0,00","tv":"9890","cand":[{"seq":"4","sqcand":"100000739328","n":"55333","nm":"HILTOM MIRANDA","cc":"PSD","nv":" ","e":"n","st":"","dvt":"V\u00e1lido","vap":"496","pvap":"   5,32"},{"seq":"21","sqcand":"100001057378","n":"25321","nm":"SANTILO","cc":"DEM","nv":" ","e":"n","st":"","dvt":"V\u00e1lido","vap":"165","pvap":"   1,77"},{"seq":"13","sqcand":"100001057384","n":"25678","nm":"JAKELINE DA RAIMUNDINHA","cc":"DEM","nv":" ","e":"n","st":"","dvt":"V\u00e1lido","vap":"304","pvap":"   3,26"},{"seq":"31","sqcand":"100000739333","n":"55444","nm":"JOYCE GRAC\u00caS","cc":"PSD","nv":" ","e":"n","st":"","dvt":"V\u00e1lido","vap":"43","pvap":"   0,46"},{"seq":"3","sqcand":"100001057383","n":"25444","nm":"RITA BARROSO","cc":"DEM","nv":" ","e":"n","st":"","dvt":"V\u00e1lido","vap":"537","pvap":"   5,75"},{"seq":"43","sqcand":"100000733113","n":"13999","nm":"IRAILDE SOUSA","cc":"PT","nv":" ","e":"n","st":"","dvt":"V\u00e1lido","vap":"14","pvap":"   0,15"},{"seq":"36","sqcand":"100000852387","n":"17456","nm":"NATO DOS CURRAIS","cc":"PSL","nv":" ","e":"n","st":"","dvt":"V\u00e1lido","vap":"31","pvap":"   0,33"},{"seq":"48","sqcand":"100001055893","n":"51789","nm":"ERINALDO","cc":"PATRIOTA","nv":" ","e":"n","st":"","dvt":"V\u00e1lido","vap":"1","pvap":"   0,01"},{"seq":"45","sqcand":"100000733114","n":"13777","nm":"DANIELA MACIEL","cc":"PT","nv":" ","e":"n","st":"","dvt":"V\u00e1lido","vap":"11","pvap":"   0,12"},{"seq":"9","sqcand":"100000733116","n":"13000","nm":"FELIPE DE NOVA BRASILIA","cc":"PT","nv":" ","e":"n","st":"","dvt":"V\u00e1lido","vap":"353","pvap":"   3,78"},{"seq":"17","sqcand":"100001057391","n":"25111","nm":"PROFESSORA FATINHA","cc":"DEM","nv":" ","e":"n","st":"","dvt":"V\u00e1lido","vap":"252","pvap":"   2,70"},{"seq":"18","sqcand":"100000733110","n":"13013","nm":"JAELSON DO A\u00c7AILZAL","cc":"PT","nv":" ","e":"n","st":"","dvt":"V\u00e1lido","vap":"250","pvap":"   2,68"},{"seq":"42","sqcand":"100000852388","n":"17113","nm":"LUZIA","cc":"PSL","nv":" ","e":"n","st":"","dvt":"V\u00e1lido","vap":"16","pvap":"   0,17"},{"seq":"8","sqcand":"100001057379","n":"25222","nm":"IRMAO BENTO","cc":"DEM","nv":" ","e":"n","st":"","dvt":"V\u00e1lido","vap":"361","pvap":"   3,87"},{"seq":"26","sqcand":"100001057387","n":"25777","nm":"CELIA SANTOS","cc":"DEM","nv":" ","e":"n","st":"","dvt":"V\u00e1lido","vap":"80","pvap":"   0,86"},{"seq":"24","sqcand":"100001057376","n":"25000","nm":"RAFAEL","cc":"DEM","nv":" ","e":"n","st":"","dvt":"V\u00e1lido","vap":"154","pvap":"   1,65"},{"seq":"34","sqcand":"100001057389","n":"25999","nm":"REGIVAN DO CHICO ANT\u00d4NIO","cc":"DEM","nv":" ","e":"n","st":"","dvt":"V\u00e1lido","vap":"36","pvap":"   0,39"},{"seq":"37","sqcand":"100000852386","n":"17777","nm":"FRAN","cc":"PSL","nv":" ","e":"n","st":"","dvt":"V\u00e1lido","vap":"30","pvap":"   0,32"},{"seq":"38","sqcand":"100000739335","n":"55222","nm":"DAS NEVES","cc":"PSD","nv":" ","e":"n","st":"","dvt":"V\u00e1lido","vap":"26","pvap":"   0,28"},{"seq":"11","sqcand":"100000739334","n":"55555","nm":"JAELSON DO SIM\u00c3O","cc":"PSD","nv":" ","e":"n","st":"","dvt":"V\u00e1lido","vap":"342","pvap":"   3,66"},{"seq":"5","sqcand":"100001057386","n":"25025","nm":"THAYNAN OLIVEIRA","cc":"DEM","nv":" ","e":"n","st":"","dvt":"V\u00e1lido","vap":"483","pvap":"   5,18"},{"seq":"23","sqcand":"100000739331","n":"55111","nm":"IRM\u00c3 IRANEIDE","cc":"PSD","nv":" ","e":"n","st":"","dvt":"V\u00e1lido","vap":"155","pvap":"   1,66"},{"seq":"40","sqcand":"100001055887","n":"51777","nm":"LUZENIR","cc":"PATRIOTA","nv":" ","e":"n","st":"","dvt":"V\u00e1lido","vap":"19","pvap":"   0,20"},{"seq":"15","sqcand":"100001057388","n":"25888","nm":"DEUSA","cc":"DEM","nv":" ","e":"n","st":"","dvt":"V\u00e1lido","vap":"288","pvap":"   3,09"},{"seq":"25","sqcand":"100000733115","n":"13111","nm":"CHAGAS","cc":"PT","nv":" ","e":"n","st":"","dvt":"V\u00e1lido","vap":"113","pvap":"   1,21"},{"seq":"39","sqcand":"100000733112","n":"13222","nm":"FRAN\u00c7A DO DEUS QUER","cc":"PT","nv":" ","e":"n","st":"","dvt":"V\u00e1lido","vap":"21","pvap":"   0,23"},{"seq":"35","sqcand":"100000739338","n":"55678","nm":"IRM\u00c3 LEVINA","cc":"PSD","nv":" ","e":"n","st":"","dvt":"V\u00e1lido","vap":"34","pvap":"   0,36"},{"seq":"46","sqcand":"100001055890","n":"51000","nm":"MARINHO","cc":"PATRIOTA","nv":" ","e":"n","st":"","dvt":"V\u00e1lido","vap":"10","pvap":"   0,11"},{"seq":"22","sqcand":"100000733111","n":"13123","nm":"NAYLTON MISTER M","cc":"PT","nv":" ","e":"n","st":"","dvt":"V\u00e1lido","vap":"164","pvap":"   1,76"},{"seq":"30","sqcand":"100001057382","n":"25456","nm":"ASSIS\u00c3O","cc":"DEM","nv":" ","e":"n","st":"","dvt":"V\u00e1lido","vap":"50","pvap":"   0,54"},{"seq":"29","sqcand":"100001055888","n":"51111","nm":"TIA WILMA","cc":"PATRIOTA","nv":" ","e":"n","st":"","dvt":"V\u00e1lido","vap":"57","pvap":"   0,61"},{"seq":"7","sqcand":"100001057377","n":"25800","nm":"FERNANDA DO MANEZIM","cc":"DEM","nv":" ","e":"n","st":"","dvt":"V\u00e1lido","vap":"398","pvap":"   4,26"},{"seq":"27","sqcand":"100001057385","n":"25233","nm":"MANETA","cc":"DEM","nv":" ","e":"n","st":"","dvt":"V\u00e1lido","vap":"68","pvap":"   0,73"},{"seq":"20","sqcand":"100001057390","n":"25557","nm":"JEAN","cc":"DEM","nv":" ","e":"n","st":"","dvt":"V\u00e1lido","vap":"173","pvap":"   1,85"},{"seq":"16","sqcand":"100000733107","n":"13555","nm":"ANT\u00d4NIO ROSA","cc":"PT","nv":" ","e":"n","st":"","dvt":"V\u00e1lido","vap":"256","pvap":"   2,74"},{"seq":"1","sqcand":"100001057381","n":"25123","nm":"OZIMA CURY RAD","cc":"DEM","nv":" ","e":"n","st":"","dvt":"V\u00e1lido","vap":"849","pvap":"   9,10"},{"seq":"2","sqcand":"100000739329","n":"55000","nm":"MARLON DA COIMBRA","cc":"PSD","nv":" ","e":"n","st":"","dvt":"V\u00e1lido","vap":"578","pvap":"   6,19"},{"seq":"41","sqcand":"100001055894","n":"51123","nm":"LEILA CABELEIREIRA","cc":"PATRIOTA","nv":" ","e":"n","st":"","dvt":"V\u00e1lido","vap":"18","pvap":"   0,19"},{"seq":"50","sqcand":"100001055889","n":"51888","nm":"SARA","cc":"PATRIOTA","nv":" ","e":"n","st":"","dvt":"V\u00e1lido","vap":"0","pvap":"00.00"},{"seq":"32","sqcand":"100000739337","n":"55888","nm":"VINICIUS SILVA","cc":"PSD","nv":" ","e":"n","st":"","dvt":"V\u00e1lido","vap":"43","pvap":"   0,46"},{"seq":"47","sqcand":"100001055892","n":"51222","nm":"DALVA","cc":"PATRIOTA","nv":" ","e":"n","st":"","dvt":"V\u00e1lido","vap":"5","pvap":"   0,05"},{"seq":"10","sqcand":"100000733109","n":"13456","nm":"ROMILDO RODRIGUES","cc":"PT","nv":" ","e":"n","st":"","dvt":"V\u00e1lido","vap":"344","pvap":"   3,69"},{"seq":"14","sqcand":"100001057380","n":"25333","nm":"GRACA CARNEIRO","cc":"DEM","nv":" ","e":"n","st":"","dvt":"V\u00e1lido","vap":"299","pvap":"   3,20"},{"seq":"6","sqcand":"100000739330","n":"55123","nm":"PROF EVERALDO","cc":"PSD","nv":" ","e":"n","st":"","dvt":"V\u00e1lido","vap":"437","pvap":"   4,68"},{"seq":"19","sqcand":"100000733118","n":"13888","nm":"CHIQUIM GALDINO","cc":"PT","nv":" ","e":"n","st":"","dvt":"V\u00e1lido","vap":"201","pvap":"   2,15"},{"seq":"12","sqcand":"100001057392","n":"25555","nm":"MARIC\u00c9LIA MENEZES","cc":"DEM","nv":" ","e":"n","st":"","dvt":"V\u00e1lido","vap":"320","pvap":"   3,43"},{"seq":"33","sqcand":"100000739327","n":"55234","nm":"EDSON SILVA","cc":"PSD","nv":" ","e":"n","st":"","dvt":"V\u00e1lido","vap":"37","pvap":"   0,40"},{"seq":"28","sqcand":"100000739336","n":"55999","nm":"JOSA ESPORTE","cc":"PSD","nv":" ","e":"n","st":"","dvt":"V\u00e1lido","vap":"63","pvap":"   0,68"},{"seq":"44","sqcand":"100000739332","n":"55777","nm":"IVALDO VEICULOS","cc":"PSD","nv":" ","e":"n","st":"","dvt":"V\u00e1lido","vap":"12","pvap":"   0,13"},{"seq":"49","sqcand":"100001055891","n":"51444","nm":"WHARLEY","cc":"PATRIOTA","nv":" ","e":"n","st":"","dvt":"V\u00e1lido","vap":"0","pvap":"00.00"}]}
