{"ele":"426","tpabr":"mu","cdabr":"08524","carper":"13","t":"1","f":"o","dt":"15/11/2020","ht":"22:22:58","dv":"s","tf":"s","v":"9","esae":"n","mnae":"","s":"28","st":"28","pst":" 100,00","snt":"0","psnt":"   0,00","si":"28","psi":" 100,00","sni":"0","psni":"   0,00","sa":"28","psa":" 100,00","sna":"0","psna":"   0,00","e":"8545","ea":"8545","pea":" 100,00","ena":"0","pena":"   0,00","esi":"8545","pesi":" 100,00","esni":"0","pesni":"   0,00","c":"6951","pc":"  81,35","a":"1594","pa":"  18,65","vscv":"0","vnom":"6316","vl":"354","pvnom":"  94,69","pvl":"   5,31","vvc":"6701","pvvc":"  96,40","vb":"75","pvb":"   1,08","tvn":"175","ptvn":"   2,52","vn":"175","pvn":" 100,00","vnt":"0","pvnt":"   0,00","vp":"0","pvp":"   0,00","vv":"6670","pvv":"  99,54","van":"0","pvan":"   0,00","vansj":"31","pvansj":"   0,46","tv":"6951","cand":[{"seq":"33","sqcand":"100000909797","n":"13123","nm":"LUIS FERNANDO","cc":"PT","nv":" ","e":"n","st":"Suplente","dvt":"V\u00e1lido","vap":"50","pvap":"   0,75"},{"seq":"11","sqcand":"100000909953","n":"20888","nm":"JO\u00c3O BATISTA","cc":"PSC","nv":" ","e":"n","st":"Suplente","dvt":"V\u00e1lido","vap":"214","pvap":"   3,19"},{"seq":"38","sqcand":"100000909802","n":"13555","nm":"DIDI","cc":"PT","nv":" ","e":"n","st":"Suplente","dvt":"V\u00e1lido","vap":"36","pvap":"   0,54"},{"seq":"15","sqcand":"100000909949","n":"20100","nm":"PROF ANTONILSON","cc":"PSC","nv":" ","e":"n","st":"Suplente","dvt":"V\u00e1lido","vap":"172","pvap":"   2,57"},{"seq":"13","sqcand":"100001108165","n":"12345","nm":"LUIS CARLOS REGGAE","cc":"PDT","nv":" ","e":"n","st":"Suplente","dvt":"V\u00e1lido","vap":"178","pvap":"   2,66"},{"seq":"17","sqcand":"100000910925","n":"22444","nm":"GRACILENE","cc":"PL","nv":" ","e":"n","st":"Suplente","dvt":"V\u00e1lido","vap":"164","pvap":"   2,45"},{"seq":"40","sqcand":"100000910926","n":"22419","nm":"EMILENE ALVES","cc":"PL","nv":" ","e":"n","st":"Suplente","dvt":"V\u00e1lido","vap":"33","pvap":"   0,49"},{"seq":"12","sqcand":"100001108168","n":"12000","nm":"ZECA DINIZ","cc":"PDT","nv":" ","e":"n","st":"Suplente","dvt":"V\u00e1lido","vap":"200","pvap":"   2,98"},{"seq":"48","sqcand":"100000909794","n":"13000","nm":"ALMERI","cc":"PT","nv":" ","e":"n","st":"Suplente","dvt":"V\u00e1lido","vap":"10","pvap":"   0,15"},{"seq":"36","sqcand":"100001108166","n":"12123","nm":"ADRIANA","cc":"PDT","nv":" ","e":"n","st":"Suplente","dvt":"V\u00e1lido","vap":"37","pvap":"   0,55"},{"seq":"28","sqcand":"100001245076","n":"13888","nm":"IRM\u00c3O DOM","cc":"PT","nv":" ","e":"n","st":"Suplente","dvt":"V\u00e1lido","vap":"69","pvap":"   1,03"},{"seq":"50","sqcand":"100000910999","n":"40222","nm":"PORF RENATO BROWN","cc":"PSB","nv":" ","e":"n","st":"N\u00e3o eleito","dvt":"V\u00e1lido","vap":"84","pvap":"   1,25"},{"seq":"43","sqcand":"100000909793","n":"13444","nm":"MANU DO PT","cc":"PT","nv":" ","e":"n","st":"Suplente","dvt":"V\u00e1lido","vap":"19","pvap":"   0,28"},{"seq":"3","sqcand":"100000910920","n":"22345","nm":"BAIXINHO DA PRACINHA","cc":"PL","nv":" ","e":"s","st":"Eleito","dvt":"V\u00e1lido","vap":"362","pvap":"   5,40"},{"seq":"52","sqcand":"100000909801","n":"13234","nm":"BITECO","cc":"PT","nv":" ","e":"n","st":"N\u00e3o eleito","dvt":"Anulado sub judice","vap":"31","pvap":"   0,46"},{"seq":"47","sqcand":"100001108163","n":"12456","nm":"SERGIO","cc":"PDT","nv":" ","e":"n","st":"Suplente","dvt":"V\u00e1lido","vap":"12","pvap":"   0,18"},{"seq":"19","sqcand":"100000910918","n":"22333","nm":"EREMILTON QUILOMBOLA","cc":"PL","nv":" ","e":"n","st":"Suplente","dvt":"V\u00e1lido","vap":"144","pvap":"   2,15"},{"seq":"8","sqcand":"100000909956","n":"20456","nm":"LETICIA","cc":"PSC","nv":" ","e":"s","st":"Eleito","dvt":"V\u00e1lido","vap":"216","pvap":"   3,22"},{"seq":"21","sqcand":"100001108164","n":"12333","nm":"PROFA ZELENE","cc":"PDT","nv":" ","e":"n","st":"Suplente","dvt":"V\u00e1lido","vap":"142","pvap":"   2,12"},{"seq":"7","sqcand":"100000909798","n":"13456","nm":"EGNELIO","cc":"PT","nv":" ","e":"s","st":"Eleito","dvt":"V\u00e1lido","vap":"238","pvap":"   3,55"},{"seq":"9","sqcand":"100001108174","n":"12555","nm":"ROGERIO CASTRO","cc":"PDT","nv":" ","e":"s","st":"Eleito","dvt":"V\u00e1lido","vap":"203","pvap":"   3,03"},{"seq":"30","sqcand":"100001108169","n":"12369","nm":"PROFA EDNALVA","cc":"PDT","nv":" ","e":"n","st":"Suplente","dvt":"V\u00e1lido","vap":"58","pvap":"   0,87"},{"seq":"14","sqcand":"100000909796","n":"13333","nm":"PROF JOSENALDO PRETO","cc":"PT","nv":" ","e":"n","st":"Suplente","dvt":"V\u00e1lido","vap":"172","pvap":"   2,57"},{"seq":"18","sqcand":"100001108173","n":"12777","nm":"IRM\u00c3O ANDINHO","cc":"PDT","nv":" ","e":"n","st":"Suplente","dvt":"V\u00e1lido","vap":"156","pvap":"   2,33"},{"seq":"2","sqcand":"100001108162","n":"12567","nm":"LOURO PORTINHO","cc":"PDT","nv":" ","e":"s","st":"Eleito","dvt":"V\u00e1lido","vap":"368","pvap":"   5,49"},{"seq":"45","sqcand":"100001108171","n":"12888","nm":"DEUZENI","cc":"PDT","nv":" ","e":"n","st":"Suplente","dvt":"V\u00e1lido","vap":"17","pvap":"   0,25"},{"seq":"4","sqcand":"100000910917","n":"22111","nm":"WILTON ABREU","cc":"PL","nv":" ","e":"s","st":"Eleito","dvt":"V\u00e1lido","vap":"316","pvap":"   4,72"},{"seq":"32","sqcand":"100000910916","n":"22147","nm":"NILCE CABELEREIRA","cc":"PL","nv":" ","e":"n","st":"Suplente","dvt":"V\u00e1lido","vap":"52","pvap":"   0,78"},{"seq":"31","sqcand":"100000909805","n":"17888","nm":"MAR\u00c7AL DE CABANIL","cc":"PSL","nv":" ","e":"n","st":"Suplente","dvt":"V\u00e1lido","vap":"55","pvap":"   0,82"},{"seq":"34","sqcand":"100000910921","n":"22369","nm":"PIV\u00d4","cc":"PL","nv":" ","e":"n","st":"Suplente","dvt":"V\u00e1lido","vap":"41","pvap":"   0,61"},{"seq":"44","sqcand":"100000909795","n":"13111","nm":"CL\u00c9IA ALVES","cc":"PT","nv":" ","e":"n","st":"Suplente","dvt":"V\u00e1lido","vap":"19","pvap":"   0,28"},{"seq":"22","sqcand":"100000909950","n":"20111","nm":"CEBOLA","cc":"PSC","nv":" ","e":"n","st":"Suplente","dvt":"V\u00e1lido","vap":"124","pvap":"   1,85"},{"seq":"49","sqcand":"100000909952","n":"20777","nm":"DRICA","cc":"PSC","nv":" ","e":"n","st":"Suplente","dvt":"V\u00e1lido","vap":"10","pvap":"   0,15"},{"seq":"46","sqcand":"100000909799","n":"13222","nm":"GEDILSON","cc":"PT","nv":" ","e":"n","st":"Suplente","dvt":"V\u00e1lido","vap":"16","pvap":"   0,24"},{"seq":"41","sqcand":"100000909804","n":"17777","nm":"MARIA JOSE","cc":"PSL","nv":" ","e":"n","st":"Suplente","dvt":"V\u00e1lido","vap":"30","pvap":"   0,45"},{"seq":"6","sqcand":"100001266417","n":"17111","nm":"VANDERLLY DE HERMININHO","cc":"PSL","nv":" ","e":"s","st":"Eleito","dvt":"V\u00e1lido","vap":"243","pvap":"   3,63"},{"seq":"23","sqcand":"100000909951","n":"20222","nm":"NEGUINHO DA JU\u00c7ARA","cc":"PSC","nv":" ","e":"n","st":"Suplente","dvt":"V\u00e1lido","vap":"123","pvap":"   1,84"},{"seq":"24","sqcand":"100000910927","n":"22456","nm":"GORDO DE SANTA FILOMENA","cc":"PL","nv":" ","e":"n","st":"Suplente","dvt":"V\u00e1lido","vap":"121","pvap":"   1,81"},{"seq":"29","sqcand":"100000910923","n":"22222","nm":"WAGNER MARADONA","cc":"PL","nv":" ","e":"n","st":"Suplente","dvt":"V\u00e1lido","vap":"62","pvap":"   0,93"},{"seq":"37","sqcand":"100000909800","n":"13777","nm":"RIBA DE BRASILIA","cc":"PT","nv":" ","e":"n","st":"Suplente","dvt":"V\u00e1lido","vap":"37","pvap":"   0,55"},{"seq":"20","sqcand":"100001108172","n":"12222","nm":"JORBINHO","cc":"PDT","nv":" ","e":"n","st":"Suplente","dvt":"V\u00e1lido","vap":"144","pvap":"   2,15"},{"seq":"42","sqcand":"100001268847","n":"13789","nm":"TICA DO QUILOMBO MARIANO","cc":"PT","nv":" ","e":"n","st":"Suplente","dvt":"V\u00e1lido","vap":"20","pvap":"   0,30"},{"seq":"27","sqcand":"100000909806","n":"17000","nm":"COCO DE MOCAL","cc":"PSL","nv":" ","e":"n","st":"Suplente","dvt":"V\u00e1lido","vap":"77","pvap":"   1,15"},{"seq":"51","sqcand":"100000911000","n":"40123","nm":"ADRIELE COSTA","cc":"PSB","nv":" ","e":"n","st":"N\u00e3o eleito","dvt":"V\u00e1lido","vap":"75","pvap":"   1,12"},{"seq":"26","sqcand":"100000909955","n":"20123","nm":"MANO","cc":"PSC","nv":" ","e":"n","st":"Suplente","dvt":"V\u00e1lido","vap":"108","pvap":"   1,61"},{"seq":"1","sqcand":"100000910919","n":"22122","nm":"AFONSO","cc":"PL","nv":" ","e":"s","st":"Eleito","dvt":"V\u00e1lido","vap":"464","pvap":"   6,92"},{"seq":"10","sqcand":"100000909803","n":"17333","nm":"ISRAEL","cc":"PSL","nv":" ","e":"n","st":"Suplente","dvt":"V\u00e1lido","vap":"223","pvap":"   3,33"},{"seq":"5","sqcand":"100001108170","n":"12444","nm":"PROF NOIR SANTOS","cc":"PDT","nv":" ","e":"s","st":"Eleito","dvt":"V\u00e1lido","vap":"243","pvap":"   3,63"},{"seq":"16","sqcand":"100000909954","n":"20000","nm":"TIGR\u00c3O","cc":"PSC","nv":" ","e":"n","st":"Suplente","dvt":"V\u00e1lido","vap":"170","pvap":"   2,54"},{"seq":"25","sqcand":"100001108167","n":"12223","nm":"NADICO","cc":"PDT","nv":" ","e":"n","st":"Suplente","dvt":"V\u00e1lido","vap":"116","pvap":"   1,73"},{"seq":"35","sqcand":"100000910922","n":"22123","nm":"ZANNA MARLEY","cc":"PL","nv":" ","e":"n","st":"Suplente","dvt":"V\u00e1lido","vap":"40","pvap":"   0,60"},{"seq":"39","sqcand":"100000910924","n":"22232","nm":"BUGUELO","cc":"PL","nv":" ","e":"n","st":"Suplente","dvt":"V\u00e1lido","vap":"33","pvap":"   0,49"}]}
