{"ele":"426","tpabr":"mu","cdabr":"08532","carper":"13","t":"1","f":"o","dt":"15/11/2020","ht":"22:11:05","dv":"s","tf":"s","v":"11","esae":"n","mnae":"","s":"38","st":"38","pst":" 100,00","snt":"0","psnt":"   0,00","si":"38","psi":" 100,00","sni":"0","psni":"   0,00","sa":"38","psa":" 100,00","sna":"0","psna":"   0,00","e":"13886","ea":"13886","pea":" 100,00","ena":"0","pena":"   0,00","esi":"13886","pesi":" 100,00","esni":"0","pesni":"   0,00","c":"11222","pc":"  80,82","a":"2664","pa":"  19,18","vscv":"0","vnom":"9672","vl":"641","pvnom":"  93,78","pvl":"   6,22","vvc":"10313","pvvc":"  91,90","vb":"149","pvb":"   1,33","tvn":"760","ptvn":"   6,77","vn":"760","pvn":" 100,00","vnt":"0","pvnt":"   0,00","vp":"0","pvp":"   0,00","vv":"10313","pvv":" 100,00","van":"0","pvan":"   0,00","vansj":"0","pvansj":"   0,00","tv":"11222","cand":[{"seq":"15","sqcand":"100001250078","n":"65888","nm":"MURILO DA SULAMITA","cc":"PC do B","nv":" ","e":"n","st":"Suplente","dvt":"V\u00e1lido","vap":"288","pvap":"   2,79"},{"seq":"5","sqcand":"100001250086","n":"65123","nm":"LOPES DA LUCIMAR ENFERMEIRA","cc":"PC do B","nv":" ","e":"s","st":"Eleito","dvt":"V\u00e1lido","vap":"578","pvap":"   5,60"},{"seq":"26","sqcand":"100000994679","n":"14414","nm":"SOCORRO DA ALICE","cc":"PTB","nv":" ","e":"n","st":"Suplente","dvt":"V\u00e1lido","vap":"47","pvap":"   0,46"},{"seq":"13","sqcand":"100001250085","n":"65670","nm":"TICO LEITE","cc":"PC do B","nv":" ","e":"n","st":"Suplente","dvt":"V\u00e1lido","vap":"347","pvap":"   3,36"},{"seq":"14","sqcand":"100001250084","n":"65666","nm":"CHIQUINHO DA AGUA","cc":"PC do B","nv":" ","e":"n","st":"Suplente","dvt":"V\u00e1lido","vap":"342","pvap":"   3,32"},{"seq":"19","sqcand":"100000994684","n":"14333","nm":"SEFORA BRITO","cc":"PTB","nv":" ","e":"n","st":"Suplente","dvt":"V\u00e1lido","vap":"208","pvap":"   2,02"},{"seq":"10","sqcand":"100000994680","n":"14777","nm":"T\u00c2NIA SANTOS","cc":"PTB","nv":" ","e":"s","st":"Eleito","dvt":"V\u00e1lido","vap":"465","pvap":"   4,51"},{"seq":"35","sqcand":"100001257872","n":"13222","nm":"IRM\u00c3 SOLIMAR","cc":"PT","nv":" ","e":"n","st":"N\u00e3o eleito","dvt":"V\u00e1lido","vap":"5","pvap":"   0,05"},{"seq":"22","sqcand":"100001250079","n":"65212","nm":"FABIO MOTOS","cc":"PC do B","nv":" ","e":"n","st":"Suplente","dvt":"V\u00e1lido","vap":"108","pvap":"   1,05"},{"seq":"12","sqcand":"100000994671","n":"14000","nm":"C\u00c9LIA DA APARECIDA","cc":"PTB","nv":" ","e":"n","st":"Suplente","dvt":"V\u00e1lido","vap":"445","pvap":"   4,31"},{"seq":"17","sqcand":"100001250083","n":"65444","nm":"AURIANA DO SALMITO","cc":"PC do B","nv":" ","e":"n","st":"Suplente","dvt":"V\u00e1lido","vap":"265","pvap":"   2,57"},{"seq":"18","sqcand":"100001250077","n":"65650","nm":"JAKSON CABELEIREIRO","cc":"PC do B","nv":" ","e":"n","st":"Suplente","dvt":"V\u00e1lido","vap":"238","pvap":"   2,31"},{"seq":"38","sqcand":"100000995248","n":"28123","nm":"LUCIANA RODRIGUES ","cc":"PRTB","nv":" ","e":"n","st":"N\u00e3o eleito","dvt":"V\u00e1lido","vap":"0","pvap":"00.00"},{"seq":"24","sqcand":"100000994682","n":"14789","nm":"MARCELO BARRETO","cc":"PTB","nv":" ","e":"n","st":"Suplente","dvt":"V\u00e1lido","vap":"90","pvap":"   0,87"},{"seq":"6","sqcand":"100000994674","n":"14222","nm":"ANDR\u00c9 ALVES","cc":"PTB","nv":" ","e":"s","st":"Eleito","dvt":"V\u00e1lido","vap":"570","pvap":"   5,53"},{"seq":"9","sqcand":"100000994672","n":"14123","nm":"NILTON PIT\u00d3","cc":"PTB","nv":" ","e":"s","st":"Eleito","dvt":"V\u00e1lido","vap":"478","pvap":"   4,63"},{"seq":"3","sqcand":"100000994681","n":"14111","nm":"ELIZANGELA DA TABOROA","cc":"PTB","nv":" ","e":"s","st":"Eleito","dvt":"V\u00e1lido","vap":"626","pvap":"   6,07"},{"seq":"32","sqcand":"100001257874","n":"13555","nm":"ALCIONE","cc":"PT","nv":" ","e":"n","st":"N\u00e3o eleito","dvt":"V\u00e1lido","vap":"19","pvap":"   0,18"},{"seq":"7","sqcand":"100000994676","n":"14444","nm":"D\u00caNIS NASCIMENTO","cc":"PTB","nv":" ","e":"s","st":"Eleito","dvt":"V\u00e1lido","vap":"569","pvap":"   5,52"},{"seq":"27","sqcand":"100000994678","n":"14140","nm":"NEURACY CADEIRANTE","cc":"PTB","nv":" ","e":"n","st":"Suplente","dvt":"V\u00e1lido","vap":"42","pvap":"   0,41"},{"seq":"2","sqcand":"100001250082","n":"65000","nm":"RICARDO XAVIER","cc":"PC do B","nv":" ","e":"s","st":"Eleito","dvt":"V\u00e1lido","vap":"692","pvap":"   6,71"},{"seq":"16","sqcand":"100000994677","n":"14122","nm":"TONH\u00c3O","cc":"PTB","nv":" ","e":"n","st":"Suplente","dvt":"V\u00e1lido","vap":"284","pvap":"   2,75"},{"seq":"20","sqcand":"100000994670","n":"14666","nm":"FRANCISCO CONTADOR","cc":"PTB","nv":" ","e":"n","st":"Suplente","dvt":"V\u00e1lido","vap":"203","pvap":"   1,97"},{"seq":"25","sqcand":"100000994675","n":"14567","nm":"CHECA","cc":"PTB","nv":" ","e":"n","st":"Suplente","dvt":"V\u00e1lido","vap":"73","pvap":"   0,71"},{"seq":"29","sqcand":"100001250075","n":"65660","nm":"DANILA","cc":"PC do B","nv":" ","e":"n","st":"Suplente","dvt":"V\u00e1lido","vap":"16","pvap":"   0,16"},{"seq":"11","sqcand":"100001250080","n":"65234","nm":"DOALDO","cc":"PC do B","nv":" ","e":"s","st":"Eleito","dvt":"V\u00e1lido","vap":"411","pvap":"   3,99"},{"seq":"23","sqcand":"100000994683","n":"14888","nm":"MILTON SOUSA","cc":"PTB","nv":" ","e":"n","st":"Suplente","dvt":"V\u00e1lido","vap":"94","pvap":"   0,91"},{"seq":"31","sqcand":"100000995249","n":"28277","nm":"REN\u00ca","cc":"PRTB","nv":" ","e":"n","st":"N\u00e3o eleito","dvt":"V\u00e1lido","vap":"30","pvap":"   0,29"},{"seq":"30","sqcand":"100001257869","n":"13999","nm":"ADRIANO","cc":"PT","nv":" ","e":"n","st":"N\u00e3o eleito","dvt":"V\u00e1lido","vap":"33","pvap":"   0,32"},{"seq":"1","sqcand":"100000994685","n":"14555","nm":"JO\u00c3O MARCELO","cc":"PTB","nv":" ","e":"s","st":"Eleito","dvt":"V\u00e1lido","vap":"766","pvap":"   7,43"},{"seq":"36","sqcand":"100000995250","n":"28230","nm":"PAULO LUCENA","cc":"PRTB","nv":" ","e":"n","st":"N\u00e3o eleito","dvt":"V\u00e1lido","vap":"4","pvap":"   0,04"},{"seq":"28","sqcand":"100001250081","n":"65789","nm":"SABRINA","cc":"PC do B","nv":" ","e":"n","st":"Suplente","dvt":"V\u00e1lido","vap":"31","pvap":"   0,30"},{"seq":"37","sqcand":"100001257871","n":"13444","nm":"FERNANDES BRASILINO","cc":"PT","nv":" ","e":"n","st":"N\u00e3o eleito","dvt":"V\u00e1lido","vap":"0","pvap":"00.00"},{"seq":"33","sqcand":"100001257873","n":"13000","nm":"ANT\u00d4NIO DA BENTA","cc":"PT","nv":" ","e":"n","st":"N\u00e3o eleito","dvt":"V\u00e1lido","vap":"10","pvap":"   0,10"},{"seq":"8","sqcand":"100001250074","n":"65555","nm":"D\u00caNIA SA","cc":"PC do B","nv":" ","e":"s","st":"Eleito","dvt":"V\u00e1lido","vap":"547","pvap":"   5,30"},{"seq":"4","sqcand":"100001250076","n":"65111","nm":"NEURIVAN PIT\u00d3","cc":"PC do B","nv":" ","e":"s","st":"Eleito","dvt":"V\u00e1lido","vap":"584","pvap":"   5,66"},{"seq":"21","sqcand":"100000994673","n":"14400","nm":"IRM\u00c3O PAULO","cc":"PTB","nv":" ","e":"n","st":"Suplente","dvt":"V\u00e1lido","vap":"154","pvap":"   1,49"},{"seq":"34","sqcand":"100001257870","n":"13777","nm":"NETA GUEDES","cc":"PT","nv":" ","e":"n","st":"N\u00e3o eleito","dvt":"V\u00e1lido","vap":"10","pvap":"   0,10"}]}
