{"ele":"426","tpabr":"mu","cdabr":"08540","carper":"13","t":"1","f":"o","dt":"15/11/2020","ht":"22:02:13","dv":"s","tf":"s","v":"9","esae":"n","mnae":"","s":"14","st":"14","pst":" 100,00","snt":"0","psnt":"   0,00","si":"14","psi":" 100,00","sni":"0","psni":"   0,00","sa":"14","psa":" 100,00","sna":"0","psna":"   0,00","e":"4535","ea":"4535","pea":" 100,00","ena":"0","pena":"   0,00","esi":"4535","pesi":" 100,00","esni":"0","pesni":"   0,00","c":"3863","pc":"  85,18","a":"672","pa":"  14,82","vscv":"0","vnom":"3483","vl":"139","pvnom":"  96,16","pvl":"   3,84","vvc":"3622","pvvc":"  93,76","vb":"36","pvb":"   0,93","tvn":"205","ptvn":"   5,31","vn":"205","pvn":" 100,00","vnt":"0","pvnt":"   0,00","vp":"0","pvp":"   0,00","vv":"3622","pvv":" 100,00","van":"0","pvan":"   0,00","vansj":"0","pvansj":"   0,00","tv":"3863","cand":[{"seq":"29","sqcand":"100001263287","n":"15234","nm":"ANTONIA CELIA","cc":"MDB","nv":" ","e":"n","st":"N\u00e3o eleito","dvt":"V\u00e1lido","vap":"9","pvap":"   0,25"},{"seq":"30","sqcand":"100001207736","n":"15123","nm":"ZEL\u00c2NDIA","cc":"MDB","nv":" ","e":"n","st":"N\u00e3o eleito","dvt":"V\u00e1lido","vap":"8","pvap":"   0,22"},{"seq":"27","sqcand":"100001207740","n":"15233","nm":"JUCELINO","cc":"MDB","nv":" ","e":"n","st":"N\u00e3o eleito","dvt":"V\u00e1lido","vap":"20","pvap":"   0,55"},{"seq":"16","sqcand":"100001062075","n":"25456","nm":"PROF ADELAIDE","cc":"DEM","nv":" ","e":"n","st":"Suplente","dvt":"V\u00e1lido","vap":"60","pvap":"   1,66"},{"seq":"17","sqcand":"100000996577","n":"65456","nm":"SUSANE","cc":"PC do B","nv":" ","e":"n","st":"Suplente","dvt":"V\u00e1lido","vap":"56","pvap":"   1,55"},{"seq":"23","sqcand":"100001062071","n":"25789","nm":"LUIS GELA GUELA","cc":"DEM","nv":" ","e":"n","st":"Suplente","dvt":"V\u00e1lido","vap":"20","pvap":"   0,55"},{"seq":"12","sqcand":"100000996573","n":"65234","nm":"CIDR\u00c3O","cc":"PC do B","nv":" ","e":"n","st":"Suplente","dvt":"V\u00e1lido","vap":"175","pvap":"   4,83"},{"seq":"7","sqcand":"100001062066","n":"25000","nm":"JOSIVAN","cc":"DEM","nv":" ","e":"s","st":"Eleito","dvt":"V\u00e1lido","vap":"207","pvap":"   5,72"},{"seq":"24","sqcand":"100000996569","n":"65111","nm":"NETO PEREIRA","cc":"PC do B","nv":" ","e":"n","st":"Suplente","dvt":"V\u00e1lido","vap":"6","pvap":"   0,17"},{"seq":"11","sqcand":"100001062074","n":"25222","nm":"ALAN DO SAPUCAIA","cc":"DEM","nv":" ","e":"n","st":"Suplente","dvt":"V\u00e1lido","vap":"187","pvap":"   5,16"},{"seq":"2","sqcand":"100001062073","n":"25888","nm":"TEO","cc":"DEM","nv":" ","e":"s","st":"Eleito","dvt":"V\u00e1lido","vap":"265","pvap":"   7,32"},{"seq":"19","sqcand":"100001062065","n":"25666","nm":"S\u00d4NIA DO DOMINGOS","cc":"DEM","nv":" ","e":"n","st":"Suplente","dvt":"V\u00e1lido","vap":"36","pvap":"   0,99"},{"seq":"1","sqcand":"100000996571","n":"65123","nm":"T\u00c2NIA DO KADI","cc":"PC do B","nv":" ","e":"s","st":"Eleito","dvt":"V\u00e1lido","vap":"346","pvap":"   9,55"},{"seq":"33","sqcand":"100001264989","n":"15015","nm":"FATIMA","cc":"MDB","nv":" ","e":"n","st":"N\u00e3o eleito","dvt":"V\u00e1lido","vap":"2","pvap":"   0,06"},{"seq":"15","sqcand":"100001062069","n":"25777","nm":"DJAVAN NERES","cc":"DEM","nv":" ","e":"n","st":"Suplente","dvt":"V\u00e1lido","vap":"108","pvap":"   2,98"},{"seq":"13","sqcand":"100000996578","n":"65789","nm":"PEDRO HENRIQUE","cc":"PC do B","nv":" ","e":"n","st":"Suplente","dvt":"V\u00e1lido","vap":"174","pvap":"   4,80"},{"seq":"31","sqcand":"100001207735","n":"15122","nm":"CAETANO","cc":"MDB","nv":" ","e":"n","st":"N\u00e3o eleito","dvt":"V\u00e1lido","vap":"6","pvap":"   0,17"},{"seq":"20","sqcand":"100000996572","n":"65678","nm":"FL\u00c1VIA","cc":"PC do B","nv":" ","e":"n","st":"Suplente","dvt":"V\u00e1lido","vap":"34","pvap":"   0,94"},{"seq":"18","sqcand":"100000996575","n":"65777","nm":"CHICO DO D\u00caJA","cc":"PC do B","nv":" ","e":"n","st":"Suplente","dvt":"V\u00e1lido","vap":"43","pvap":"   1,19"},{"seq":"9","sqcand":"100000996570","n":"65000","nm":"CRISTIANO","cc":"PC do B","nv":" ","e":"s","st":"Eleito","dvt":"V\u00e1lido","vap":"184","pvap":"   5,08"},{"seq":"6","sqcand":"100000996576","n":"65555","nm":"ARTUR","cc":"PC do B","nv":" ","e":"s","st":"Eleito","dvt":"V\u00e1lido","vap":"208","pvap":"   5,74"},{"seq":"3","sqcand":"100001062064","n":"25678","nm":"CARMELIA OLIVEIRA","cc":"DEM","nv":" ","e":"s","st":"Eleito","dvt":"V\u00e1lido","vap":"241","pvap":"   6,65"},{"seq":"5","sqcand":"100001062072","n":"25800","nm":"DERSON RIBEIRO","cc":"DEM","nv":" ","e":"s","st":"Eleito","dvt":"V\u00e1lido","vap":"218","pvap":"   6,02"},{"seq":"32","sqcand":"100001207737","n":"15000","nm":"JUNIOR ALMEIDA ","cc":"MDB","nv":" ","e":"n","st":"N\u00e3o eleito","dvt":"V\u00e1lido","vap":"6","pvap":"   0,17"},{"seq":"21","sqcand":"100000996574","n":"65222","nm":"LEVI","cc":"PC do B","nv":" ","e":"n","st":"Suplente","dvt":"V\u00e1lido","vap":"30","pvap":"   0,83"},{"seq":"28","sqcand":"100001207741","n":"15212","nm":"JARDEANE ","cc":"MDB","nv":" ","e":"n","st":"N\u00e3o eleito","dvt":"V\u00e1lido","vap":"13","pvap":"   0,36"},{"seq":"8","sqcand":"100000996568","n":"65333","nm":"ELORENA DO D\u00d4RO","cc":"PC do B","nv":" ","e":"s","st":"Eleito","dvt":"V\u00e1lido","vap":"192","pvap":"   5,30"},{"seq":"26","sqcand":"100001207738","n":"15678","nm":"EDUARDO FERRAZ","cc":"MDB","nv":" ","e":"n","st":"N\u00e3o eleito","dvt":"V\u00e1lido","vap":"23","pvap":"   0,64"},{"seq":"34","sqcand":"100001207739","n":"15222","nm":"LEANDRO","cc":"MDB","nv":" ","e":"n","st":"N\u00e3o eleito","dvt":"V\u00e1lido","vap":"0","pvap":"00.00"},{"seq":"10","sqcand":"100001062067","n":"25333","nm":"TEIXEIRA","cc":"DEM","nv":" ","e":"n","st":"Suplente","dvt":"V\u00e1lido","vap":"203","pvap":"   5,60"},{"seq":"14","sqcand":"100001062070","n":"25555","nm":"MARCIA DO Z\u00c9 GRAND\u00c3O","cc":"DEM","nv":" ","e":"n","st":"Suplente","dvt":"V\u00e1lido","vap":"111","pvap":"   3,06"},{"seq":"4","sqcand":"100001062068","n":"25123","nm":"ANTONIO LUIZ","cc":"DEM","nv":" ","e":"s","st":"Eleito","dvt":"V\u00e1lido","vap":"240","pvap":"   6,63"},{"seq":"25","sqcand":"100001207742","n":"15111","nm":"CHINA","cc":"MDB","nv":" ","e":"n","st":"N\u00e3o eleito","dvt":"V\u00e1lido","vap":"31","pvap":"   0,86"},{"seq":"22","sqcand":"100001062063","n":"25111","nm":"NEUS\u00c9LIO CARVALHO","cc":"DEM","nv":" ","e":"n","st":"Suplente","dvt":"V\u00e1lido","vap":"21","pvap":"   0,58"}]}
