{"ele":"426","tpabr":"mu","cdabr":"08621","carper":"13","t":"1","f":"o","dt":"15/11/2020","ht":"21:42:03","dv":"s","tf":"s","v":"9","esae":"n","mnae":"","s":"23","st":"23","pst":" 100,00","snt":"0","psnt":"   0,00","si":"23","psi":" 100,00","sni":"0","psni":"   0,00","sa":"23","psa":" 100,00","sna":"0","psna":"   0,00","e":"8316","ea":"8316","pea":" 100,00","ena":"0","pena":"   0,00","esi":"8316","pesi":" 100,00","esni":"0","pesni":"   0,00","c":"6874","pc":"  82,66","a":"1442","pa":"  17,34","vscv":"0","vnom":"6399","vl":"298","pvnom":"  95,55","pvl":"   4,45","vvc":"6697","pvvc":"  97,43","vb":"37","pvb":"   0,53","tvn":"140","ptvn":"   2,04","vn":"140","pvn":" 100,00","vnt":"0","pvnt":"   0,00","vp":"0","pvp":"   0,00","vv":"6697","pvv":" 100,00","van":"0","pvan":"   0,00","vansj":"0","pvansj":"   0,00","tv":"6874","cand":[{"seq":"10","sqcand":"100001049217","n":"70333","nm":"MEIOKILO","cc":"AVANTE","nv":" ","e":"n","st":"Suplente","dvt":"V\u00e1lido","vap":"270","pvap":"   4,03"},{"seq":"14","sqcand":"100001048196","n":"10222","nm":"SILVANO LAVEST","cc":"REPUBLICANOS","nv":" ","e":"n","st":"Suplente","dvt":"V\u00e1lido","vap":"184","pvap":"   2,75"},{"seq":"43","sqcand":"100001075198","n":"11333","nm":"JAILSON","cc":"PP","nv":" ","e":"n","st":"Suplente","dvt":"V\u00e1lido","vap":"34","pvap":"   0,51"},{"seq":"60","sqcand":"100000940411","n":"15380","nm":"GOIANO","cc":"MDB","nv":" ","e":"n","st":"N\u00e3o eleito","dvt":"V\u00e1lido","vap":"4","pvap":"   0,06"},{"seq":"48","sqcand":"100001049209","n":"70111","nm":"VALDINAR VIEIRA","cc":"AVANTE","nv":" ","e":"n","st":"Suplente","dvt":"V\u00e1lido","vap":"20","pvap":"   0,30"},{"seq":"36","sqcand":"100001049215","n":"70177","nm":"BRUNO DA JORDINHA","cc":"AVANTE","nv":" ","e":"n","st":"Suplente","dvt":"V\u00e1lido","vap":"44","pvap":"   0,66"},{"seq":"49","sqcand":"100001075190","n":"11777","nm":"VITORIA DO BAR","cc":"PP","nv":" ","e":"n","st":"Suplente","dvt":"V\u00e1lido","vap":"19","pvap":"   0,28"},{"seq":"27","sqcand":"100001075189","n":"22111","nm":"CAT\u00d3","cc":"PL","nv":" ","e":"n","st":"Suplente","dvt":"V\u00e1lido","vap":"80","pvap":"   1,19"},{"seq":"12","sqcand":"100001048199","n":"10555","nm":"JADIELSON FEITOSA","cc":"REPUBLICANOS","nv":" ","e":"n","st":"Suplente","dvt":"V\u00e1lido","vap":"234","pvap":"   3,49"},{"seq":"1","sqcand":"100001049214","n":"70123","nm":"RANIERE PINTO","cc":"AVANTE","nv":" ","e":"s","st":"Eleito","dvt":"V\u00e1lido","vap":"335","pvap":"   5,00"},{"seq":"33","sqcand":"100001075193","n":"11110","nm":"RAFAEL DA PADARIA","cc":"PP","nv":" ","e":"n","st":"Suplente","dvt":"V\u00e1lido","vap":"50","pvap":"   0,75"},{"seq":"18","sqcand":"100001075195","n":"11222","nm":"REGIS DO PIPIRA","cc":"PP","nv":" ","e":"n","st":"Suplente","dvt":"V\u00e1lido","vap":"156","pvap":"   2,33"},{"seq":"63","sqcand":"100000940407","n":"15123","nm":"MARCELO DO A\u00c7A\u00cd","cc":"MDB","nv":" ","e":"n","st":"N\u00e3o eleito","dvt":"V\u00e1lido","vap":"2","pvap":"   0,03"},{"seq":"30","sqcand":"100001075181","n":"22123","nm":"JOSUE","cc":"PL","nv":" ","e":"n","st":"Suplente","dvt":"V\u00e1lido","vap":"61","pvap":"   0,91"},{"seq":"20","sqcand":"100001075187","n":"22577","nm":"JOAO WYCLIFFE","cc":"PL","nv":" ","e":"n","st":"Suplente","dvt":"V\u00e1lido","vap":"126","pvap":"   1,88"},{"seq":"26","sqcand":"100001211516","n":"45000","nm":"RADIOLA","cc":"PSDB","nv":" ","e":"n","st":"Suplente","dvt":"V\u00e1lido","vap":"94","pvap":"   1,40"},{"seq":"32","sqcand":"100001075191","n":"11555","nm":"RAFELA SOUSA","cc":"PP","nv":" ","e":"n","st":"Suplente","dvt":"V\u00e1lido","vap":"51","pvap":"   0,76"},{"seq":"28","sqcand":"100001075183","n":"22777","nm":"PROFESSOR GILMAR","cc":"PL","nv":" ","e":"n","st":"Suplente","dvt":"V\u00e1lido","vap":"78","pvap":"   1,16"},{"seq":"2","sqcand":"100001048203","n":"10800","nm":"ISAC SOARES","cc":"REPUBLICANOS","nv":" ","e":"s","st":"Eleito","dvt":"V\u00e1lido","vap":"317","pvap":"   4,73"},{"seq":"53","sqcand":"100001049208","n":"70000","nm":"NETO BONFIM","cc":"AVANTE","nv":" ","e":"n","st":"Suplente","dvt":"V\u00e1lido","vap":"12","pvap":"   0,18"},{"seq":"23","sqcand":"100001075199","n":"11111","nm":"JANNE PINTO","cc":"PP","nv":" ","e":"n","st":"Suplente","dvt":"V\u00e1lido","vap":"106","pvap":"   1,58"},{"seq":"58","sqcand":"100000940408","n":"15000","nm":"MIRIAN","cc":"MDB","nv":" ","e":"n","st":"N\u00e3o eleito","dvt":"V\u00e1lido","vap":"8","pvap":"   0,12"},{"seq":"31","sqcand":"100001075178","n":"22000","nm":"CINTURA","cc":"PL","nv":" ","e":"n","st":"Suplente","dvt":"V\u00e1lido","vap":"54","pvap":"   0,81"},{"seq":"64","sqcand":"100000940406","n":"15024","nm":"JHENNYFER","cc":"MDB","nv":" ","e":"n","st":"N\u00e3o eleito","dvt":"V\u00e1lido","vap":"2","pvap":"   0,03"},{"seq":"25","sqcand":"100001211511","n":"45678","nm":"CLEANES MENDES","cc":"PSDB","nv":" ","e":"n","st":"Suplente","dvt":"V\u00e1lido","vap":"99","pvap":"   1,48"},{"seq":"35","sqcand":"100001075197","n":"11999","nm":"WALISSON DO JATOBAZINHO","cc":"PP","nv":" ","e":"n","st":"Suplente","dvt":"V\u00e1lido","vap":"49","pvap":"   0,73"},{"seq":"6","sqcand":"100001211507","n":"45555","nm":"DORISEL","cc":"PSDB","nv":" ","e":"s","st":"Eleito","dvt":"V\u00e1lido","vap":"286","pvap":"   4,27"},{"seq":"55","sqcand":"100001049216","n":"70444","nm":"PROFESSOR LUQUINHA","cc":"AVANTE","nv":" ","e":"n","st":"Suplente","dvt":"V\u00e1lido","vap":"7","pvap":"   0,10"},{"seq":"24","sqcand":"100001049210","n":"70888","nm":"TIANA DENTISTA","cc":"AVANTE","nv":" ","e":"n","st":"Suplente","dvt":"V\u00e1lido","vap":"101","pvap":"   1,51"},{"seq":"57","sqcand":"100001211515","n":"45888","nm":"FRAN FERREIRA","cc":"PSDB","nv":" ","e":"n","st":"Suplente","dvt":"V\u00e1lido","vap":"7","pvap":"   0,10"},{"seq":"42","sqcand":"100001049212","n":"70777","nm":"BIL\u00da","cc":"AVANTE","nv":" ","e":"n","st":"Suplente","dvt":"V\u00e1lido","vap":"35","pvap":"   0,52"},{"seq":"3","sqcand":"100001048202","n":"10333","nm":"LIA","cc":"REPUBLICANOS","nv":" ","e":"s","st":"Eleito","dvt":"V\u00e1lido","vap":"310","pvap":"   4,63"},{"seq":"15","sqcand":"100001048204","n":"10111","nm":"BOMBINHA","cc":"REPUBLICANOS","nv":" ","e":"n","st":"Suplente","dvt":"V\u00e1lido","vap":"171","pvap":"   2,55"},{"seq":"22","sqcand":"100001049213","n":"70122","nm":"NENEM DO LACI","cc":"AVANTE","nv":" ","e":"n","st":"Suplente","dvt":"V\u00e1lido","vap":"114","pvap":"   1,70"},{"seq":"56","sqcand":"100001075192","n":"11166","nm":"FLAVIO DA VAN","cc":"PP","nv":" ","e":"n","st":"Suplente","dvt":"V\u00e1lido","vap":"7","pvap":"   0,10"},{"seq":"52","sqcand":"100001075188","n":"22221","nm":"MAURA A\u00c7AI TEC","cc":"PL","nv":" ","e":"n","st":"Suplente","dvt":"V\u00e1lido","vap":"14","pvap":"   0,21"},{"seq":"47","sqcand":"100001211517","n":"45620","nm":"NEGO DO BOLINHA","cc":"PSDB","nv":" ","e":"n","st":"Suplente","dvt":"V\u00e1lido","vap":"25","pvap":"   0,37"},{"seq":"45","sqcand":"100001075185","n":"22999","nm":"ROSIMAR","cc":"PL","nv":" ","e":"n","st":"Suplente","dvt":"V\u00e1lido","vap":"31","pvap":"   0,46"},{"seq":"51","sqcand":"100001048205","n":"10452","nm":"MARCINHA","cc":"REPUBLICANOS","nv":" ","e":"n","st":"Suplente","dvt":"V\u00e1lido","vap":"15","pvap":"   0,22"},{"seq":"62","sqcand":"100000940412","n":"15111","nm":"EDEVALDO","cc":"MDB","nv":" ","e":"n","st":"N\u00e3o eleito","dvt":"V\u00e1lido","vap":"2","pvap":"   0,03"},{"seq":"8","sqcand":"100001075179","n":"22333","nm":"JOSEMAR DO OURO","cc":"PL","nv":" ","e":"s","st":"Eleito","dvt":"V\u00e1lido","vap":"237","pvap":"   3,54"},{"seq":"40","sqcand":"100001075177","n":"22888","nm":"MARIENE","cc":"PL","nv":" ","e":"n","st":"Suplente","dvt":"V\u00e1lido","vap":"38","pvap":"   0,57"},{"seq":"5","sqcand":"100001211514","n":"45777","nm":"VAN LEITE","cc":"PSDB","nv":" ","e":"s","st":"Eleito","dvt":"V\u00e1lido","vap":"289","pvap":"   4,32"},{"seq":"54","sqcand":"100001075200","n":"11234","nm":"DHEYLE CHAVITO","cc":"PP","nv":" ","e":"n","st":"Suplente","dvt":"V\u00e1lido","vap":"12","pvap":"   0,18"},{"seq":"59","sqcand":"100000940410","n":"15019","nm":"CAROL DO FILHO","cc":"MDB","nv":" ","e":"n","st":"N\u00e3o eleito","dvt":"V\u00e1lido","vap":"6","pvap":"   0,09"},{"seq":"17","sqcand":"100001075194","n":"11000","nm":"LEONARDO RAMOS","cc":"PP","nv":" ","e":"n","st":"Suplente","dvt":"V\u00e1lido","vap":"166","pvap":"   2,48"},{"seq":"46","sqcand":"100001049211","n":"70222","nm":"HILTON DA EDINUZA","cc":"AVANTE","nv":" ","e":"n","st":"Suplente","dvt":"V\u00e1lido","vap":"30","pvap":"   0,45"},{"seq":"61","sqcand":"100000940409","n":"15678","nm":"THALIA","cc":"MDB","nv":" ","e":"n","st":"N\u00e3o eleito","dvt":"V\u00e1lido","vap":"4","pvap":"   0,06"},{"seq":"9","sqcand":"100001211512","n":"45444","nm":"KIKI","cc":"PSDB","nv":" ","e":"s","st":"Eleito","dvt":"V\u00e1lido","vap":"235","pvap":"   3,51"},{"seq":"29","sqcand":"100001211509","n":"45333","nm":"CLEONICE","cc":"PSDB","nv":" ","e":"n","st":"Suplente","dvt":"V\u00e1lido","vap":"67","pvap":"   1,00"},{"seq":"37","sqcand":"100001048201","n":"10456","nm":"CLEANE DO SINDICATO","cc":"REPUBLICANOS","nv":" ","e":"n","st":"Suplente","dvt":"V\u00e1lido","vap":"41","pvap":"   0,61"},{"seq":"50","sqcand":"100001075201","n":"11888","nm":"FRANCISCO DA CURVA","cc":"PP","nv":" ","e":"n","st":"Suplente","dvt":"V\u00e1lido","vap":"17","pvap":"   0,25"},{"seq":"16","sqcand":"100001211510","n":"45111","nm":"PROFESSOR RENATO VIANA","cc":"PSDB","nv":" ","e":"n","st":"Suplente","dvt":"V\u00e1lido","vap":"169","pvap":"   2,52"},{"seq":"34","sqcand":"100001211518","n":"45123","nm":"DURREIS BRAND\u00c3O","cc":"PSDB","nv":" ","e":"n","st":"Suplente","dvt":"V\u00e1lido","vap":"49","pvap":"   0,73"},{"seq":"13","sqcand":"100001075182","n":"22555","nm":"RICARDO DO SOCORAO","cc":"PL","nv":" ","e":"n","st":"Suplente","dvt":"V\u00e1lido","vap":"214","pvap":"   3,20"},{"seq":"19","sqcand":"100001048195","n":"10000","nm":"MADALENA","cc":"REPUBLICANOS","nv":" ","e":"n","st":"Suplente","dvt":"V\u00e1lido","vap":"143","pvap":"   2,14"},{"seq":"4","sqcand":"100001075202","n":"11123","nm":"GIL SANTA MARTA","cc":"PP","nv":" ","e":"s","st":"Eleito","dvt":"V\u00e1lido","vap":"291","pvap":"   4,35"},{"seq":"21","sqcand":"100001211513","n":"45812","nm":"FRANCISCO DA FRUTARIA","cc":"PSDB","nv":" ","e":"n","st":"Suplente","dvt":"V\u00e1lido","vap":"117","pvap":"   1,75"},{"seq":"11","sqcand":"100001048197","n":"10123","nm":"BADEBA","cc":"REPUBLICANOS","nv":" ","e":"n","st":"Suplente","dvt":"V\u00e1lido","vap":"251","pvap":"   3,75"},{"seq":"39","sqcand":"100001075196","n":"11444","nm":"NILSON  DO NIGT CLUB","cc":"PP","nv":" ","e":"n","st":"Suplente","dvt":"V\u00e1lido","vap":"38","pvap":"   0,57"},{"seq":"41","sqcand":"100001211508","n":"45222","nm":"NEILTON GOMES","cc":"PSDB","nv":" ","e":"n","st":"Suplente","dvt":"V\u00e1lido","vap":"37","pvap":"   0,55"},{"seq":"7","sqcand":"100001048198","n":"10777","nm":"JO\u00c3O FREDSON","cc":"REPUBLICANOS","nv":" ","e":"s","st":"Eleito","dvt":"V\u00e1lido","vap":"260","pvap":"   3,88"},{"seq":"38","sqcand":"100001048200","n":"10110","nm":"TOIN DA MO\u00c7A","cc":"REPUBLICANOS","nv":" ","e":"n","st":"Suplente","dvt":"V\u00e1lido","vap":"40","pvap":"   0,60"},{"seq":"44","sqcand":"100001049179","n":"10888","nm":"CEZAR DA KOMBI","cc":"REPUBLICANOS","nv":" ","e":"n","st":"Suplente","dvt":"V\u00e1lido","vap":"34","pvap":"   0,51"}]}
