{"ele":"426","tpabr":"mu","cdabr":"08630","carper":"13","t":"1","f":"o","dt":"15/11/2020","ht":"22:34:15","dv":"s","tf":"s","v":"13","esae":"n","mnae":"","s":"84","st":"84","pst":" 100,00","snt":"0","psnt":"   0,00","si":"84","psi":" 100,00","sni":"0","psni":"   0,00","sa":"84","psa":" 100,00","sna":"0","psna":"   0,00","e":"26493","ea":"26493","pea":" 100,00","ena":"0","pena":"   0,00","esi":"26493","pesi":" 100,00","esni":"0","pesni":"   0,00","c":"19624","pc":"  74,07","a":"6869","pa":"  25,93","vscv":"0","vnom":"17796","vl":"1298","pvnom":"  93,20","pvl":"   6,80","vvc":"19094","pvvc":"  97,30","vb":"111","pvb":"   0,56","tvn":"419","ptvn":"   2,14","vn":"419","pvn":" 100,00","vnt":"0","pvnt":"   0,00","vp":"0","pvp":"   0,00","vv":"19094","pvv":" 100,00","van":"0","pvan":"   0,00","vansj":"0","pvansj":"   0,00","tv":"19624","cand":[{"seq":"74","sqcand":"100000840528","n":"65123","nm":"MATEUS MENDES","cc":"PC do B","nv":" ","e":"n","st":"N\u00e3o eleito","dvt":"V\u00e1lido","vap":"60","pvap":"   0,31"},{"seq":"52","sqcand":"100001222244","n":"10788","nm":"PROFESSOR C\u00c9SAR","cc":"REPUBLICANOS","nv":" ","e":"n","st":"Suplente","dvt":"V\u00e1lido","vap":"44","pvap":"   0,23"},{"seq":"100","sqcand":"100000953102","n":"13789","nm":"FABRICIO DA LAGOA","cc":"PT","nv":" ","e":"n","st":"N\u00e3o eleito","dvt":"V\u00e1lido","vap":"5","pvap":"   0,03"},{"seq":"76","sqcand":"100000727842","n":"45555","nm":"MARIA SALES","cc":"PSDB","nv":" ","e":"n","st":"N\u00e3o eleito","dvt":"V\u00e1lido","vap":"38","pvap":"   0,20"},{"seq":"16","sqcand":"100001222259","n":"10223","nm":"PROFESSOR ALCEMIR","cc":"REPUBLICANOS","nv":" ","e":"n","st":"Suplente","dvt":"V\u00e1lido","vap":"438","pvap":"   2,29"},{"seq":"15","sqcand":"100001222622","n":"11000","nm":"PEL\u00c9 DO JARAGUAIA","cc":"PP","nv":" ","e":"n","st":"Suplente","dvt":"V\u00e1lido","vap":"471","pvap":"   2,47"},{"seq":"62","sqcand":"100001222242","n":"10888","nm":"NILVA SANTOS","cc":"REPUBLICANOS","nv":" ","e":"n","st":"Suplente","dvt":"V\u00e1lido","vap":"12","pvap":"   0,06"},{"seq":"53","sqcand":"100000839896","n":"12242","nm":"RAKENE DO OITEIRO","cc":"PDT","nv":" ","e":"n","st":"Suplente","dvt":"V\u00e1lido","vap":"44","pvap":"   0,23"},{"seq":"24","sqcand":"100001222248","n":"10123","nm":"ALBERTO ABREU","cc":"REPUBLICANOS","nv":" ","e":"n","st":"Suplente","dvt":"V\u00e1lido","vap":"248","pvap":"   1,30"},{"seq":"11","sqcand":"100000840158","n":"25800","nm":"JOAO DO FORUM","cc":"DEM","nv":" ","e":"s","st":"Eleito","dvt":"V\u00e1lido","vap":"443","pvap":"   2,32"},{"seq":"6","sqcand":"100001222631","n":"11111","nm":"LUARA DE Z\u00c9 ROBERTO","cc":"PP","nv":" ","e":"s","st":"Eleito","dvt":"V\u00e1lido","vap":"674","pvap":"   3,53"},{"seq":"51","sqcand":"100001222620","n":"11456","nm":"JAMAIR","cc":"PP","nv":" ","e":"n","st":"Suplente","dvt":"V\u00e1lido","vap":"54","pvap":"   0,28"},{"seq":"72","sqcand":"100000727841","n":"45678","nm":"DALVIZA DO JUCA MOTOS","cc":"PSDB","nv":" ","e":"n","st":"N\u00e3o eleito","dvt":"V\u00e1lido","vap":"74","pvap":"   0,39"},{"seq":"54","sqcand":"100000840164","n":"25123","nm":"AQUILES ABREU","cc":"DEM","nv":" ","e":"n","st":"Suplente","dvt":"V\u00e1lido","vap":"40","pvap":"   0,21"},{"seq":"41","sqcand":"100001222252","n":"10555","nm":"LOURINHA DO JACAR\u00c9","cc":"REPUBLICANOS","nv":" ","e":"n","st":"Suplente","dvt":"V\u00e1lido","vap":"117","pvap":"   0,61"},{"seq":"10","sqcand":"100000840163","n":"25222","nm":"SIMAS NETO","cc":"DEM","nv":" ","e":"s","st":"Eleito","dvt":"V\u00e1lido","vap":"457","pvap":"   2,39"},{"seq":"46","sqcand":"100000840156","n":"25520","nm":"QQ DO POVO","cc":"DEM","nv":" ","e":"n","st":"Suplente","dvt":"V\u00e1lido","vap":"86","pvap":"   0,45"},{"seq":"63","sqcand":"100001265323","n":"10777","nm":"PAREQUE","cc":"REPUBLICANOS","nv":" ","e":"n","st":"Suplente","dvt":"V\u00e1lido","vap":"5","pvap":"   0,03"},{"seq":"64","sqcand":"100000840167","n":"25321","nm":"PANCAD\u00c3O","cc":"DEM","nv":" ","e":"n","st":"Suplente","dvt":"V\u00e1lido","vap":"5","pvap":"   0,03"},{"seq":"81","sqcand":"100001078531","n":"17000","nm":"IRM\u00c3O ZEQUINHA","cc":"PSL","nv":" ","e":"n","st":"N\u00e3o eleito","dvt":"V\u00e1lido","vap":"26","pvap":"   0,14"},{"seq":"23","sqcand":"100000839905","n":"12222","nm":"PATINHO","cc":"PDT","nv":" ","e":"n","st":"Suplente","dvt":"V\u00e1lido","vap":"271","pvap":"   1,42"},{"seq":"13","sqcand":"100000839902","n":"12356","nm":"JOAO DE DELEGADO","cc":"PDT","nv":" ","e":"s","st":"Eleito","dvt":"V\u00e1lido","vap":"359","pvap":"   1,88"},{"seq":"3","sqcand":"100001222626","n":"11444","nm":"VINICIUS DE TITA","cc":"PP","nv":" ","e":"s","st":"Eleito","dvt":"V\u00e1lido","vap":"793","pvap":"   4,15"},{"seq":"8","sqcand":"100001222251","n":"10444","nm":"CENIL DO ANIL","cc":"REPUBLICANOS","nv":" ","e":"s","st":"Eleito","dvt":"V\u00e1lido","vap":"521","pvap":"   2,73"},{"seq":"12","sqcand":"100000839895","n":"12347","nm":"NONATO CUECA","cc":"PDT","nv":" ","e":"s","st":"Eleito","dvt":"V\u00e1lido","vap":"439","pvap":"   2,30"},{"seq":"102","sqcand":"100001078530","n":"17999","nm":"SANDILA BRAGA","cc":"PSL","nv":" ","e":"n","st":"N\u00e3o eleito","dvt":"V\u00e1lido","vap":"5","pvap":"   0,03"},{"seq":"14","sqcand":"100001222627","n":"11555","nm":"EDUARDO NUNES","cc":"PP","nv":" ","e":"n","st":"Suplente","dvt":"V\u00e1lido","vap":"558","pvap":"   2,92"},{"seq":"18","sqcand":"100000840165","n":"25678","nm":"MESAQUE VELOSO","cc":"DEM","nv":" ","e":"n","st":"Suplente","dvt":"V\u00e1lido","vap":"358","pvap":"   1,87"},{"seq":"73","sqcand":"100000727845","n":"45222","nm":"TEOTONINHO","cc":"PSDB","nv":" ","e":"n","st":"N\u00e3o eleito","dvt":"V\u00e1lido","vap":"67","pvap":"   0,35"},{"seq":"55","sqcand":"100001222254","n":"10611","nm":"LIDIA COIFFEUR","cc":"REPUBLICANOS","nv":" ","e":"n","st":"Suplente","dvt":"V\u00e1lido","vap":"39","pvap":"   0,20"},{"seq":"47","sqcand":"100000840160","n":"25888","nm":"VANEIDE ABREU","cc":"DEM","nv":" ","e":"n","st":"Suplente","dvt":"V\u00e1lido","vap":"70","pvap":"   0,37"},{"seq":"75","sqcand":"100000648466","n":"17777","nm":"BIRA VEIGA","cc":"PSL","nv":" ","e":"n","st":"N\u00e3o eleito","dvt":"V\u00e1lido","vap":"42","pvap":"   0,22"},{"seq":"56","sqcand":"100000840159","n":"25778","nm":"VALDIRENE GASPAR","cc":"DEM","nv":" ","e":"n","st":"Suplente","dvt":"V\u00e1lido","vap":"34","pvap":"   0,18"},{"seq":"70","sqcand":"100000648458","n":"17111","nm":"PADECO DO OURO","cc":"PSL","nv":" ","e":"n","st":"N\u00e3o eleito","dvt":"V\u00e1lido","vap":"80","pvap":"   0,42"},{"seq":"69","sqcand":"100000727850","n":"45234","nm":"JHAN ","cc":"PSDB","nv":" ","e":"n","st":"N\u00e3o eleito","dvt":"V\u00e1lido","vap":"98","pvap":"   0,51"},{"seq":"27","sqcand":"100000839904","n":"12678","nm":"IRM\u00c3O WALNIR","cc":"PDT","nv":" ","e":"n","st":"Suplente","dvt":"V\u00e1lido","vap":"230","pvap":"   1,20"},{"seq":"91","sqcand":"100000727843","n":"45345","nm":"GEREMIAS DA PI\u00c7ARREIRA","cc":"PSDB","nv":" ","e":"n","st":"N\u00e3o eleito","dvt":"V\u00e1lido","vap":"15","pvap":"   0,08"},{"seq":"43","sqcand":"100001222256","n":"10456","nm":"BIBI DE NOGUEIRA","cc":"REPUBLICANOS","nv":" ","e":"n","st":"Suplente","dvt":"V\u00e1lido","vap":"103","pvap":"   0,54"},{"seq":"37","sqcand":"100000840170","n":"25333","nm":"ROSA DE SAPUCAIA","cc":"DEM","nv":" ","e":"n","st":"Suplente","dvt":"V\u00e1lido","vap":"166","pvap":"   0,87"},{"seq":"61","sqcand":"100001222625","n":"11124","nm":"BYLLRENNER","cc":"PP","nv":" ","e":"n","st":"Suplente","dvt":"V\u00e1lido","vap":"12","pvap":"   0,06"},{"seq":"42","sqcand":"100001222258","n":"10022","nm":"LINDOMAR AGENTE DE SAUDE","cc":"REPUBLICANOS","nv":" ","e":"n","st":"Suplente","dvt":"V\u00e1lido","vap":"115","pvap":"   0,60"},{"seq":"89","sqcand":"100000648444","n":"15000","nm":"LUANA RODRIGUES","cc":"MDB","nv":" ","e":"n","st":"N\u00e3o eleito","dvt":"V\u00e1lido","vap":"16","pvap":"   0,08"},{"seq":"22","sqcand":"100001222243","n":"10222","nm":"AQUINO NETO","cc":"REPUBLICANOS","nv":" ","e":"n","st":"Suplente","dvt":"V\u00e1lido","vap":"303","pvap":"   1,59"},{"seq":"93","sqcand":"100000840525","n":"65555","nm":"JESSIANE DE C\u00c1SSIA","cc":"PC do B","nv":" ","e":"n","st":"N\u00e3o eleito","dvt":"V\u00e1lido","vap":"14","pvap":"   0,07"},{"seq":"39","sqcand":"100001222621","n":"11333","nm":"CLAUDETE DE PERRETE","cc":"PP","nv":" ","e":"n","st":"Suplente","dvt":"V\u00e1lido","vap":"132","pvap":"   0,69"},{"seq":"71","sqcand":"100000727840","n":"45456","nm":"NETO DO GAS","cc":"PSDB","nv":" ","e":"n","st":"N\u00e3o eleito","dvt":"V\u00e1lido","vap":"75","pvap":"   0,39"},{"seq":"88","sqcand":"100000840527","n":"65222","nm":"RAIMUNDA JOANA","cc":"PC do B","nv":" ","e":"n","st":"N\u00e3o eleito","dvt":"V\u00e1lido","vap":"16","pvap":"   0,08"},{"seq":"96","sqcand":"100001077458","n":"15678","nm":"EDINHO JANSEN","cc":"MDB","nv":" ","e":"n","st":"N\u00e3o eleito","dvt":"V\u00e1lido","vap":"10","pvap":"   0,05"},{"seq":"48","sqcand":"100001222250","n":"10789","nm":"Z\u00c9 MARIA","cc":"REPUBLICANOS","nv":" ","e":"n","st":"Suplente","dvt":"V\u00e1lido","vap":"64","pvap":"   0,34"},{"seq":"5","sqcand":"100000839892","n":"12123","nm":"JAMES DO FORUM","cc":"PDT","nv":" ","e":"s","st":"Eleito","dvt":"V\u00e1lido","vap":"704","pvap":"   3,69"},{"seq":"95","sqcand":"100000727851","n":"45567","nm":"MISSIONARIA RUTE","cc":"PSDB","nv":" ","e":"n","st":"N\u00e3o eleito","dvt":"V\u00e1lido","vap":"10","pvap":"   0,05"},{"seq":"45","sqcand":"100000840157","n":"25000","nm":"CABE\u00c7A SOARES","cc":"DEM","nv":" ","e":"n","st":"Suplente","dvt":"V\u00e1lido","vap":"94","pvap":"   0,49"},{"seq":"21","sqcand":"100000840166","n":"25555","nm":"FLAVIA MOREIRA","cc":"DEM","nv":" ","e":"n","st":"Suplente","dvt":"V\u00e1lido","vap":"306","pvap":"   1,60"},{"seq":"99","sqcand":"100000648446","n":"15999","nm":"DOMINGOS BARROS","cc":"MDB","nv":" ","e":"n","st":"N\u00e3o eleito","dvt":"V\u00e1lido","vap":"6","pvap":"   0,03"},{"seq":"82","sqcand":"100000840523","n":"65444","nm":"NONATO DO OURO","cc":"PC do B","nv":" ","e":"n","st":"N\u00e3o eleito","dvt":"V\u00e1lido","vap":"25","pvap":"   0,13"},{"seq":"66","sqcand":"100000953103","n":"13000","nm":"NICE DO PT","cc":"PT","nv":" ","e":"n","st":"N\u00e3o eleito","dvt":"V\u00e1lido","vap":"208","pvap":"   1,09"},{"seq":"101","sqcand":"100001077457","n":"15555","nm":"RAFAELA DINIZ","cc":"MDB","nv":" ","e":"n","st":"N\u00e3o eleito","dvt":"V\u00e1lido","vap":"5","pvap":"   0,03"},{"seq":"87","sqcand":"100000648464","n":"17222","nm":"ZE RAIMUNDO SAO BRAS","cc":"PSL","nv":" ","e":"n","st":"N\u00e3o eleito","dvt":"V\u00e1lido","vap":"18","pvap":"   0,09"},{"seq":"98","sqcand":"100000648461","n":"17888","nm":"DIANA SOUZA","cc":"PSL","nv":" ","e":"n","st":"N\u00e3o eleito","dvt":"V\u00e1lido","vap":"9","pvap":"   0,05"},{"seq":"83","sqcand":"100000648460","n":"17666","nm":"MIGUELZINHO LIG\u00c3O","cc":"PSL","nv":" ","e":"n","st":"N\u00e3o eleito","dvt":"V\u00e1lido","vap":"22","pvap":"   0,12"},{"seq":"59","sqcand":"100001222618","n":"11221","nm":"SELMA MEL\u00d4NIO","cc":"PP","nv":" ","e":"n","st":"Suplente","dvt":"V\u00e1lido","vap":"23","pvap":"   0,12"},{"seq":"78","sqcand":"100000727848","n":"45000","nm":"DINIZ MIRANTE FILHO","cc":"PSDB","nv":" ","e":"n","st":"N\u00e3o eleito","dvt":"V\u00e1lido","vap":"35","pvap":"   0,18"},{"seq":"50","sqcand":"100001222629","n":"11100","nm":"CLAUDIO GOMES","cc":"PP","nv":" ","e":"n","st":"Suplente","dvt":"V\u00e1lido","vap":"61","pvap":"   0,32"},{"seq":"68","sqcand":"100000648445","n":"15123","nm":"ELSON NOGUEIRA","cc":"MDB","nv":" ","e":"n","st":"N\u00e3o eleito","dvt":"V\u00e1lido","vap":"158","pvap":"   0,83"},{"seq":"92","sqcand":"100001077459","n":"15233","nm":"DORGE","cc":"MDB","nv":" ","e":"n","st":"N\u00e3o eleito","dvt":"V\u00e1lido","vap":"14","pvap":"   0,07"},{"seq":"28","sqcand":"100000839897","n":"12012","nm":"NEIDE MORAIS","cc":"PDT","nv":" ","e":"n","st":"Suplente","dvt":"V\u00e1lido","vap":"216","pvap":"   1,13"},{"seq":"79","sqcand":"100000648467","n":"17123","nm":"NEILA LIMA","cc":"PSL","nv":" ","e":"n","st":"N\u00e3o eleito","dvt":"V\u00e1lido","vap":"30","pvap":"   0,16"},{"seq":"29","sqcand":"100000839901","n":"12225","nm":"ROSA DO SINDICATO","cc":"PDT","nv":" ","e":"n","st":"Suplente","dvt":"V\u00e1lido","vap":"214","pvap":"   1,12"},{"seq":"7","sqcand":"100001222257","n":"10000","nm":"ROSINHA LANCHEIRA","cc":"REPUBLICANOS","nv":" ","e":"s","st":"Eleito","dvt":"V\u00e1lido","vap":"662","pvap":"   3,47"},{"seq":"35","sqcand":"100000839906","n":"12312","nm":"NAT\u00c1LIA RODRIGUES","cc":"PDT","nv":" ","e":"n","st":"Suplente","dvt":"V\u00e1lido","vap":"184","pvap":"   0,96"},{"seq":"26","sqcand":"100000839894","n":"12777","nm":"NILIOMAR DINIZ","cc":"PDT","nv":" ","e":"n","st":"Suplente","dvt":"V\u00e1lido","vap":"236","pvap":"   1,24"},{"seq":"80","sqcand":"100000727849","n":"45123","nm":"AFONSO GAMA","cc":"PSDB","nv":" ","e":"n","st":"N\u00e3o eleito","dvt":"V\u00e1lido","vap":"30","pvap":"   0,16"},{"seq":"94","sqcand":"100000648465","n":"17444","nm":"MOLHA O BICO","cc":"PSL","nv":" ","e":"n","st":"N\u00e3o eleito","dvt":"V\u00e1lido","vap":"13","pvap":"   0,07"},{"seq":"38","sqcand":"100001222260","n":"10010","nm":"HUDSON CUTRIM","cc":"REPUBLICANOS","nv":" ","e":"n","st":"Suplente","dvt":"V\u00e1lido","vap":"147","pvap":"   0,77"},{"seq":"34","sqcand":"100001222628","n":"11999","nm":"MARINALDO MENDON\u00c7A","cc":"PP","nv":" ","e":"n","st":"Suplente","dvt":"V\u00e1lido","vap":"184","pvap":"   0,96"},{"seq":"20","sqcand":"100001222255","n":"10678","nm":"CAJ\u00da","cc":"REPUBLICANOS","nv":" ","e":"n","st":"Suplente","dvt":"V\u00e1lido","vap":"353","pvap":"   1,85"},{"seq":"33","sqcand":"100001222619","n":"11888","nm":"MARCOS SANTOS","cc":"PP","nv":" ","e":"n","st":"Suplente","dvt":"V\u00e1lido","vap":"186","pvap":"   0,97"},{"seq":"77","sqcand":"100000727844","n":"45213","nm":"BIN\u00c9 DO MUNIZ","cc":"PSDB","nv":" ","e":"n","st":"N\u00e3o eleito","dvt":"V\u00e1lido","vap":"37","pvap":"   0,19"},{"seq":"31","sqcand":"100000840162","n":"25444","nm":"JANIO DE TINGO","cc":"DEM","nv":" ","e":"n","st":"Suplente","dvt":"V\u00e1lido","vap":"191","pvap":"   1,00"},{"seq":"44","sqcand":"100001222245","n":"10333","nm":"CHARLES BROWN","cc":"REPUBLICANOS","nv":" ","e":"n","st":"Suplente","dvt":"V\u00e1lido","vap":"103","pvap":"   0,54"},{"seq":"58","sqcand":"100001222624","n":"11223","nm":"NEIDE DE BIRINO","cc":"PP","nv":" ","e":"n","st":"Suplente","dvt":"V\u00e1lido","vap":"31","pvap":"   0,16"},{"seq":"19","sqcand":"100000839900","n":"12789","nm":"PROFESSOR GEOFRAN","cc":"PDT","nv":" ","e":"n","st":"Suplente","dvt":"V\u00e1lido","vap":"356","pvap":"   1,86"},{"seq":"36","sqcand":"100000840169","n":"25456","nm":"JUNIOR DE BA\u00cdCO","cc":"DEM","nv":" ","e":"n","st":"Suplente","dvt":"V\u00e1lido","vap":"168","pvap":"   0,88"},{"seq":"85","sqcand":"100000648459","n":"17333","nm":"BAIXINHO DO BAIRRO NOVO","cc":"PSL","nv":" ","e":"n","st":"N\u00e3o eleito","dvt":"V\u00e1lido","vap":"18","pvap":"   0,09"},{"seq":"1","sqcand":"100001222623","n":"11222","nm":"LUANA DA COL\u00d4NIA","cc":"PP","nv":" ","e":"s","st":"Eleito","dvt":"V\u00e1lido","vap":"900","pvap":"   4,71"},{"seq":"4","sqcand":"100001222253","n":"10111","nm":"NONATO SILVEIRA","cc":"REPUBLICANOS","nv":" ","e":"s","st":"Eleito","dvt":"V\u00e1lido","vap":"717","pvap":"   3,76"},{"seq":"84","sqcand":"100000727846","n":"45045","nm":"NETO DAS FORMIGAS ","cc":"PSDB","nv":" ","e":"n","st":"N\u00e3o eleito","dvt":"V\u00e1lido","vap":"19","pvap":"   0,10"},{"seq":"30","sqcand":"100000840161","n":"25666","nm":"KITO","cc":"DEM","nv":" ","e":"n","st":"Suplente","dvt":"V\u00e1lido","vap":"213","pvap":"   1,12"},{"seq":"40","sqcand":"100001222247","n":"10345","nm":"FECO DO JACAR\u00c9","cc":"REPUBLICANOS","nv":" ","e":"n","st":"Suplente","dvt":"V\u00e1lido","vap":"127","pvap":"   0,67"},{"seq":"2","sqcand":"100001222616","n":"11777","nm":"PIERRE","cc":"PP","nv":" ","e":"s","st":"Eleito","dvt":"V\u00e1lido","vap":"797","pvap":"   4,17"},{"seq":"9","sqcand":"100000839898","n":"12345","nm":"FERNANDO DE LUNER","cc":"PDT","nv":" ","e":"s","st":"Eleito","dvt":"V\u00e1lido","vap":"487","pvap":"   2,55"},{"seq":"90","sqcand":"100000727847","n":"45789","nm":"FERNANDA CUNHA","cc":"PSDB","nv":" ","e":"n","st":"N\u00e3o eleito","dvt":"V\u00e1lido","vap":"15","pvap":"   0,08"},{"seq":"60","sqcand":"100001222249","n":"10423","nm":"DAYANE SANTOS","cc":"REPUBLICANOS","nv":" ","e":"n","st":"Suplente","dvt":"V\u00e1lido","vap":"23","pvap":"   0,12"},{"seq":"86","sqcand":"100000648463","n":"17899","nm":"NOCA AMARAL","cc":"PSL","nv":" ","e":"n","st":"N\u00e3o eleito","dvt":"V\u00e1lido","vap":"18","pvap":"   0,09"},{"seq":"67","sqcand":"100000840526","n":"65000","nm":"JONILSON BABY","cc":"PC do B","nv":" ","e":"n","st":"N\u00e3o eleito","dvt":"V\u00e1lido","vap":"186","pvap":"   0,97"},{"seq":"32","sqcand":"100000839899","n":"12237","nm":"FILIPINHO","cc":"PDT","nv":" ","e":"n","st":"Suplente","dvt":"V\u00e1lido","vap":"188","pvap":"   0,98"},{"seq":"65","sqcand":"100001222630","n":"11567","nm":"FRANK","cc":"PP","nv":" ","e":"n","st":"Suplente","dvt":"V\u00e1lido","vap":"3","pvap":"   0,02"},{"seq":"25","sqcand":"100000839893","n":"12456","nm":"GEVALDO MORAES","cc":"PDT","nv":" ","e":"n","st":"Suplente","dvt":"V\u00e1lido","vap":"236","pvap":"   1,24"},{"seq":"17","sqcand":"100001222617","n":"11220","nm":"IRENE DO SINDICATO","cc":"PP","nv":" ","e":"n","st":"Suplente","dvt":"V\u00e1lido","vap":"361","pvap":"   1,89"},{"seq":"97","sqcand":"100000840524","n":"65111","nm":"EDIVALDO SILVEIRA","cc":"PC do B","nv":" ","e":"n","st":"N\u00e3o eleito","dvt":"V\u00e1lido","vap":"9","pvap":"   0,05"},{"seq":"57","sqcand":"100000840168","n":"25112","nm":"TOTY COBRA DAGUA","cc":"DEM","nv":" ","e":"n","st":"Suplente","dvt":"V\u00e1lido","vap":"32","pvap":"   0,17"},{"seq":"49","sqcand":"100000839903","n":"12112","nm":"PIXITA","cc":"PDT","nv":" ","e":"n","st":"Suplente","dvt":"V\u00e1lido","vap":"62","pvap":"   0,32"}]}
