{"ele":"426","tpabr":"mu","cdabr":"08656","carper":"13","t":"1","f":"o","dt":"15/11/2020","ht":"21:52:01","dv":"s","tf":"s","v":"9","esae":"n","mnae":"","s":"32","st":"32","pst":" 100,00","snt":"0","psnt":"   0,00","si":"32","psi":" 100,00","sni":"0","psni":"   0,00","sa":"32","psa":" 100,00","sna":"0","psna":"   0,00","e":"11864","ea":"11864","pea":" 100,00","ena":"0","pena":"   0,00","esi":"11864","pesi":" 100,00","esni":"0","pesni":"   0,00","c":"9332","pc":"  78,66","a":"2532","pa":"  21,34","vscv":"0","vnom":"8572","vl":"507","pvnom":"  94,42","pvl":"   5,58","vvc":"9079","pvvc":"  97,29","vb":"92","pvb":"   0,98","tvn":"161","ptvn":"   1,73","vn":"161","pvn":" 100,00","vnt":"0","pvnt":"   0,00","vp":"0","pvp":"   0,00","vv":"9079","pvv":" 100,00","van":"0","pvan":"   0,00","vansj":"0","pvansj":"   0,00","tv":"9332","cand":[{"seq":"42","sqcand":"100001253983","n":"15333","nm":"IANE PEREIRA","cc":"MDB","nv":" ","e":"n","st":"Suplente","dvt":"V\u00e1lido","vap":"16","pvap":"   0,18"},{"seq":"33","sqcand":"100001256719","n":"65321","nm":"MARIA DO SOCORRO","cc":"PC do B","nv":" ","e":"n","st":"Suplente","dvt":"V\u00e1lido","vap":"29","pvap":"   0,32"},{"seq":"40","sqcand":"100001264335","n":"12777","nm":"DECA DE SANTANA","cc":"PDT","nv":" ","e":"n","st":"Suplente","dvt":"V\u00e1lido","vap":"18","pvap":"   0,20"},{"seq":"55","sqcand":"100000700828","n":"23444","nm":"JACIANE DO JU\u00c7ARAL","cc":"CIDADANIA","nv":" ","e":"n","st":"N\u00e3o eleito","dvt":"V\u00e1lido","vap":"14","pvap":"   0,15"},{"seq":"48","sqcand":"100000700835","n":"23789","nm":"ALAN PEREIRA","cc":"CIDADANIA","nv":" ","e":"n","st":"N\u00e3o eleito","dvt":"V\u00e1lido","vap":"216","pvap":"   2,38"},{"seq":"41","sqcand":"100001253988","n":"15777","nm":"PAIN","cc":"MDB","nv":" ","e":"n","st":"Suplente","dvt":"V\u00e1lido","vap":"18","pvap":"   0,20"},{"seq":"7","sqcand":"100001253987","n":"15789","nm":"DR CHARLES","cc":"MDB","nv":" ","e":"s","st":"Eleito","dvt":"V\u00e1lido","vap":"354","pvap":"   3,90"},{"seq":"44","sqcand":"100001241948","n":"12456","nm":"NEIDE FERREIRA","cc":"PDT","nv":" ","e":"n","st":"Suplente","dvt":"V\u00e1lido","vap":"12","pvap":"   0,13"},{"seq":"52","sqcand":"100000700831","n":"23333","nm":"CLEIDE DO ME\u00c3O","cc":"CIDADANIA","nv":" ","e":"n","st":"N\u00e3o eleito","dvt":"V\u00e1lido","vap":"35","pvap":"   0,39"},{"seq":"50","sqcand":"100000700834","n":"23123","nm":"IRM\u00c3O VANEY","cc":"CIDADANIA","nv":" ","e":"n","st":"N\u00e3o eleito","dvt":"V\u00e1lido","vap":"81","pvap":"   0,89"},{"seq":"13","sqcand":"100001256713","n":"65000","nm":"AD DE ABIMAEI","cc":"PC do B","nv":" ","e":"n","st":"Suplente","dvt":"V\u00e1lido","vap":"248","pvap":"   2,73"},{"seq":"21","sqcand":"100001241946","n":"12366","nm":"BATISTINHA","cc":"PDT","nv":" ","e":"n","st":"Suplente","dvt":"V\u00e1lido","vap":"144","pvap":"   1,59"},{"seq":"6","sqcand":"100001256723","n":"65555","nm":"CHICO GRANDE","cc":"PC do B","nv":" ","e":"s","st":"Eleito","dvt":"V\u00e1lido","vap":"390","pvap":"   4,30"},{"seq":"4","sqcand":"100001241955","n":"12333","nm":"PABLO GOMES","cc":"PDT","nv":" ","e":"s","st":"Eleito","dvt":"V\u00e1lido","vap":"540","pvap":"   5,95"},{"seq":"24","sqcand":"100001264337","n":"12348","nm":"IRM\u00c3O FERNANDO","cc":"PDT","nv":" ","e":"n","st":"Suplente","dvt":"V\u00e1lido","vap":"107","pvap":"   1,18"},{"seq":"58","sqcand":"100001107693","n":"13000","nm":"TUCA","cc":"PT","nv":" ","e":"n","st":"N\u00e3o eleito","dvt":"V\u00e1lido","vap":"10","pvap":"   0,11"},{"seq":"43","sqcand":"100001256634","n":"17144","nm":"WELTON","cc":"PSL","nv":" ","e":"n","st":"Suplente","dvt":"V\u00e1lido","vap":"15","pvap":"   0,17"},{"seq":"1","sqcand":"100001241950","n":"12345","nm":"OTONIEL COQUEIRO","cc":"PDT","nv":" ","e":"s","st":"Eleito","dvt":"V\u00e1lido","vap":"596","pvap":"   6,56"},{"seq":"38","sqcand":"100001256630","n":"17111","nm":"CURTINHA","cc":"PSL","nv":" ","e":"n","st":"Suplente","dvt":"V\u00e1lido","vap":"19","pvap":"   0,21"},{"seq":"23","sqcand":"100001256717","n":"65888","nm":"JUCILDO","cc":"PC do B","nv":" ","e":"n","st":"Suplente","dvt":"V\u00e1lido","vap":"111","pvap":"   1,22"},{"seq":"51","sqcand":"100000700830","n":"23666","nm":"DANIEL ROOTS","cc":"CIDADANIA","nv":" ","e":"n","st":"N\u00e3o eleito","dvt":"V\u00e1lido","vap":"48","pvap":"   0,53"},{"seq":"57","sqcand":"100001240635","n":"14567","nm":"CHOTA","cc":"PTB","nv":" ","e":"n","st":"N\u00e3o eleito","dvt":"V\u00e1lido","vap":"10","pvap":"   0,11"},{"seq":"31","sqcand":"100001256714","n":"65655","nm":"BRANCO DE DULCINDA","cc":"PC do B","nv":" ","e":"n","st":"Suplente","dvt":"V\u00e1lido","vap":"42","pvap":"   0,46"},{"seq":"3","sqcand":"100001241949","n":"12111","nm":"IURY SERR\u00c3O","cc":"PDT","nv":" ","e":"s","st":"Eleito","dvt":"V\u00e1lido","vap":"550","pvap":"   6,06"},{"seq":"49","sqcand":"100000700833","n":"23456","nm":"VADICO","cc":"CIDADANIA","nv":" ","e":"n","st":"N\u00e3o eleito","dvt":"V\u00e1lido","vap":"131","pvap":"   1,44"},{"seq":"27","sqcand":"100001256716","n":"65101","nm":"EDNA CRISTINA","cc":"PC do B","nv":" ","e":"n","st":"Suplente","dvt":"V\u00e1lido","vap":"67","pvap":"   0,74"},{"seq":"9","sqcand":"100001256721","n":"65444","nm":"CLEOMAR PEREIRA","cc":"PC do B","nv":" ","e":"s","st":"Eleito","dvt":"V\u00e1lido","vap":"293","pvap":"   3,23"},{"seq":"15","sqcand":"100001253991","n":"15123","nm":"DR EZEQUIAS","cc":"MDB","nv":" ","e":"n","st":"Suplente","dvt":"V\u00e1lido","vap":"218","pvap":"   2,40"},{"seq":"56","sqcand":"100001240637","n":"14222","nm":"ROSILENE","cc":"PTB","nv":" ","e":"n","st":"N\u00e3o eleito","dvt":"V\u00e1lido","vap":"12","pvap":"   0,13"},{"seq":"29","sqcand":"100001256725","n":"65456","nm":"VALERIANO DINIZ","cc":"PC do B","nv":" ","e":"n","st":"Suplente","dvt":"V\u00e1lido","vap":"52","pvap":"   0,57"},{"seq":"5","sqcand":"100001253992","n":"15555","nm":"MARCOS BORDALO","cc":"MDB","nv":" ","e":"s","st":"Eleito","dvt":"V\u00e1lido","vap":"399","pvap":"   4,39"},{"seq":"10","sqcand":"100001256629","n":"17000","nm":"IRM\u00c3O EDNALDO","cc":"PSL","nv":" ","e":"n","st":"Suplente","dvt":"V\u00e1lido","vap":"334","pvap":"   3,68"},{"seq":"18","sqcand":"100001241952","n":"12000","nm":"PROF. GISA MARTINS","cc":"PDT","nv":" ","e":"n","st":"Suplente","dvt":"V\u00e1lido","vap":"166","pvap":"   1,83"},{"seq":"26","sqcand":"100001253986","n":"15223","nm":"MARILIA DOS PESCADORES","cc":"MDB","nv":" ","e":"n","st":"Suplente","dvt":"V\u00e1lido","vap":"71","pvap":"   0,78"},{"seq":"45","sqcand":"100001253993","n":"15888","nm":"L\u00daCIA","cc":"MDB","nv":" ","e":"n","st":"Suplente","dvt":"V\u00e1lido","vap":"7","pvap":"   0,08"},{"seq":"2","sqcand":"100001256631","n":"17777","nm":"TELMA PENHA","cc":"PSL","nv":" ","e":"s","st":"Eleito","dvt":"V\u00e1lido","vap":"578","pvap":"   6,37"},{"seq":"59","sqcand":"100001114383","n":"11123","nm":"PROFESSORA L\u00c9A CARMEM","cc":"PP","nv":" ","e":"n","st":"N\u00e3o eleito","dvt":"V\u00e1lido","vap":"9","pvap":"   0,10"},{"seq":"16","sqcand":"100001253990","n":"15222","nm":"ZAQUEU PEREIRA","cc":"MDB","nv":" ","e":"n","st":"Suplente","dvt":"V\u00e1lido","vap":"185","pvap":"   2,04"},{"seq":"14","sqcand":"100001256628","n":"17888","nm":"SANDRO DA CANTANHEDE","cc":"PSL","nv":" ","e":"n","st":"Suplente","dvt":"V\u00e1lido","vap":"238","pvap":"   2,62"},{"seq":"39","sqcand":"100001256722","n":"65999","nm":"MICHELE DE TECA","cc":"PC do B","nv":" ","e":"n","st":"Suplente","dvt":"V\u00e1lido","vap":"19","pvap":"   0,21"},{"seq":"8","sqcand":"100001241951","n":"12123","nm":"JOUBERT ACS","cc":"PDT","nv":" ","e":"s","st":"Eleito","dvt":"V\u00e1lido","vap":"315","pvap":"   3,47"},{"seq":"12","sqcand":"100001241945","n":"12222","nm":"LECONDES","cc":"PDT","nv":" ","e":"n","st":"Suplente","dvt":"V\u00e1lido","vap":"259","pvap":"   2,85"},{"seq":"20","sqcand":"100001256636","n":"17333","nm":"CABRAL","cc":"PSL","nv":" ","e":"n","st":"Suplente","dvt":"V\u00e1lido","vap":"153","pvap":"   1,69"},{"seq":"60","sqcand":"100001114385","n":"11877","nm":"CLEIDINALVA","cc":"PP","nv":" ","e":"n","st":"N\u00e3o eleito","dvt":"V\u00e1lido","vap":"7","pvap":"   0,08"},{"seq":"54","sqcand":"100001114381","n":"11222","nm":"GONCALVES","cc":"PP","nv":" ","e":"n","st":"N\u00e3o eleito","dvt":"V\u00e1lido","vap":"22","pvap":"   0,24"},{"seq":"37","sqcand":"100001256632","n":"17555","nm":"PASTOR CIDINHO","cc":"PSL","nv":" ","e":"n","st":"Suplente","dvt":"V\u00e1lido","vap":"22","pvap":"   0,24"},{"seq":"22","sqcand":"100001253984","n":"15000","nm":"PROFESSOR NILSON","cc":"MDB","nv":" ","e":"n","st":"Suplente","dvt":"V\u00e1lido","vap":"117","pvap":"   1,29"},{"seq":"35","sqcand":"100001253985","n":"15111","nm":"ANA ROSA DE LEBEL","cc":"MDB","nv":" ","e":"n","st":"Suplente","dvt":"V\u00e1lido","vap":"26","pvap":"   0,29"},{"seq":"17","sqcand":"100001241954","n":"12444","nm":"FABIO DO T\u00c1XI","cc":"PDT","nv":" ","e":"n","st":"Suplente","dvt":"V\u00e1lido","vap":"172","pvap":"   1,89"},{"seq":"32","sqcand":"100001256715","n":"65789","nm":"BASTICO","cc":"PC do B","nv":" ","e":"n","st":"Suplente","dvt":"V\u00e1lido","vap":"30","pvap":"   0,33"},{"seq":"19","sqcand":"100001256724","n":"65123","nm":"ADRIANO DO JIQUI","cc":"PC do B","nv":" ","e":"n","st":"Suplente","dvt":"V\u00e1lido","vap":"158","pvap":"   1,74"},{"seq":"28","sqcand":"100001241953","n":"12321","nm":"SUELY NAT\u00c1LIA","cc":"PDT","nv":" ","e":"n","st":"Suplente","dvt":"V\u00e1lido","vap":"53","pvap":"   0,58"},{"seq":"61","sqcand":"100000700832","n":"23109","nm":"ELZIANE NUNES","cc":"CIDADANIA","nv":" ","e":"n","st":"N\u00e3o eleito","dvt":"V\u00e1lido","vap":"5","pvap":"   0,06"},{"seq":"36","sqcand":"100001264336","n":"12369","nm":"NEIDINHA","cc":"PDT","nv":" ","e":"n","st":"Suplente","dvt":"V\u00e1lido","vap":"26","pvap":"   0,29"},{"seq":"25","sqcand":"100001241947","n":"12555","nm":"AGNALDO DE NH\u00d4","cc":"PDT","nv":" ","e":"n","st":"Suplente","dvt":"V\u00e1lido","vap":"90","pvap":"   0,99"},{"seq":"30","sqcand":"100001256627","n":"17031","nm":"DR ANDR\u00c9 MENDES","cc":"PSL","nv":" ","e":"n","st":"Suplente","dvt":"V\u00e1lido","vap":"44","pvap":"   0,48"},{"seq":"34","sqcand":"100001256720","n":"65777","nm":"JOCA DE MAR\u00c7AL","cc":"PC do B","nv":" ","e":"n","st":"Suplente","dvt":"V\u00e1lido","vap":"27","pvap":"   0,30"},{"seq":"11","sqcand":"100001253989","n":"15444","nm":"BIN\u00c9 CABE\u00c7A","cc":"MDB","nv":" ","e":"n","st":"Suplente","dvt":"V\u00e1lido","vap":"328","pvap":"   3,61"},{"seq":"46","sqcand":"100001256718","n":"65369","nm":"ANA REIS","cc":"PC do B","nv":" ","e":"n","st":"Suplente","dvt":"V\u00e1lido","vap":"6","pvap":"   0,07"},{"seq":"47","sqcand":"100001114382","n":"11111","nm":"RUI","cc":"PP","nv":" ","e":"n","st":"N\u00e3o eleito","dvt":"V\u00e1lido","vap":"275","pvap":"   3,03"},{"seq":"62","sqcand":"100000700829","n":"23555","nm":"DIDI","cc":"CIDADANIA","nv":" ","e":"n","st":"N\u00e3o eleito","dvt":"V\u00e1lido","vap":"2","pvap":"   0,02"},{"seq":"53","sqcand":"100001240636","n":"14444","nm":"MICA","cc":"PTB","nv":" ","e":"n","st":"N\u00e3o eleito","dvt":"V\u00e1lido","vap":"33","pvap":"   0,36"}]}
