{"ele":"426","tpabr":"mu","cdabr":"08699","carper":"13","t":"1","f":"o","dt":"15/11/2020","ht":"22:33:35","dv":"s","tf":"s","v":"17","esae":"n","mnae":"","s":"149","st":"149","pst":" 100,00","snt":"0","psnt":"   0,00","si":"149","psi":" 100,00","sni":"0","psni":"   0,00","sa":"149","psa":" 100,00","sna":"0","psna":"   0,00","e":"53854","ea":"53854","pea":" 100,00","ena":"0","pena":"   0,00","esi":"53854","pesi":" 100,00","esni":"0","pesni":"   0,00","c":"44464","pc":"  82,56","a":"9390","pa":"  17,44","vscv":"0","vnom":"40690","vl":"2330","pvnom":"  94,58","pvl":"   5,42","vvc":"43253","pvvc":"  97,28","vb":"537","pvb":"   1,20","tvn":"674","ptvn":"   1,52","vn":"674","pvn":" 100,00","vnt":"0","pvnt":"   0,00","vp":"0","pvp":"   0,00","vv":"43020","pvv":"  99,46","van":"0","pvan":"   0,00","vansj":"233","pvansj":"   0,54","tv":"44464","cand":[{"seq":"43","sqcand":"100001246545","n":"12011","nm":"SAPO KIOLA SARNEY","cc":"PDT","nv":" ","e":"n","st":"Suplente","dvt":"V\u00e1lido","vap":"287","pvap":"   0,66"},{"seq":"126","sqcand":"100001219473","n":"90789","nm":"JO\u00c3OZINHO DE SANTA SOFIA","cc":"PROS","nv":" ","e":"n","st":"N\u00e3o eleito","dvt":"V\u00e1lido","vap":"37","pvap":"   0,09"},{"seq":"83","sqcand":"100001246533","n":"12888","nm":"RAIMUNDA DO ROS\u00c1RIO","cc":"PDT","nv":" ","e":"n","st":"Suplente","dvt":"V\u00e1lido","vap":"15","pvap":"   0,03"},{"seq":"44","sqcand":"100001158921","n":"22562","nm":"CONCITA DE LUIS PAJ\u00c9","cc":"PL","nv":" ","e":"n","st":"Suplente","dvt":"V\u00e1lido","vap":"279","pvap":"   0,65"},{"seq":"55","sqcand":"100001158939","n":"22633","nm":"LOURO PEDRA","cc":"PL","nv":" ","e":"n","st":"Suplente","dvt":"V\u00e1lido","vap":"179","pvap":"   0,41"},{"seq":"118","sqcand":"100001245988","n":"13444","nm":"ROSE EMBELEZE","cc":"PT","nv":" ","e":"n","st":"N\u00e3o eleito","dvt":"V\u00e1lido","vap":"56","pvap":"   0,13"},{"seq":"54","sqcand":"100001158938","n":"22555","nm":"LOURO DO REF\u00daGIO","cc":"PL","nv":" ","e":"n","st":"Suplente","dvt":"V\u00e1lido","vap":"179","pvap":"   0,41"},{"seq":"116","sqcand":"100001246004","n":"13413","nm":"PROFESSORA LUCINES","cc":"PT","nv":" ","e":"n","st":"N\u00e3o eleito","dvt":"V\u00e1lido","vap":"57","pvap":"   0,13"},{"seq":"130","sqcand":"100001245992","n":"13224","nm":"JAELSON  DO COM\u00c9RCIO","cc":"PT","nv":" ","e":"n","st":"N\u00e3o eleito","dvt":"V\u00e1lido","vap":"19","pvap":"   0,04"},{"seq":"20","sqcand":"100001246549","n":"12333","nm":"PAULINHO ENFERMEIRO","cc":"PDT","nv":" ","e":"n","st":"Suplente","dvt":"V\u00e1lido","vap":"814","pvap":"   1,88"},{"seq":"141","sqcand":"100001245995","n":"13999","nm":"NETA ENFERMEIRA","cc":"PT","nv":" ","e":"n","st":"N\u00e3o eleito","dvt":"V\u00e1lido","vap":"8","pvap":"   0,02"},{"seq":"137","sqcand":"100001262456","n":"15224","nm":"DENIS DO PUR\u00c3O","cc":"MDB","nv":" ","e":"n","st":"N\u00e3o eleito","dvt":"Anulado sub judice","vap":"12","pvap":"   0,03"},{"seq":"42","sqcand":"100001158928","n":"22777","nm":"C\u00c9SAR DE VITALINA","cc":"PL","nv":" ","e":"n","st":"Suplente","dvt":"V\u00e1lido","vap":"305","pvap":"   0,71"},{"seq":"64","sqcand":"100001158929","n":"22222","nm":"PROFESSOR RONNY","cc":"PL","nv":" ","e":"n","st":"Suplente","dvt":"V\u00e1lido","vap":"115","pvap":"   0,27"},{"seq":"21","sqcand":"100001246530","n":"12345","nm":"CAPADINHO","cc":"PDT","nv":" ","e":"n","st":"Suplente","dvt":"V\u00e1lido","vap":"709","pvap":"   1,64"},{"seq":"15","sqcand":"100001158927","n":"22456","nm":"JAELSON ARA\u00daJO","cc":"PL","nv":" ","e":"s","st":"Eleito","dvt":"V\u00e1lido","vap":"656","pvap":"   1,52"},{"seq":"39","sqcand":"100001087731","n":"11011","nm":"BIANCA DO SOCIAL","cc":"PP","nv":" ","e":"n","st":"Suplente","dvt":"V\u00e1lido","vap":"411","pvap":"   0,95"},{"seq":"86","sqcand":"100001244797","n":"15000","nm":"ORLANIA AMARAL","cc":"MDB","nv":" ","e":"n","st":"Suplente","dvt":"V\u00e1lido","vap":"1","pvap":"   0,00"},{"seq":"66","sqcand":"100001244784","n":"15345","nm":"VADICO MENDES","cc":"MDB","nv":" ","e":"n","st":"Suplente","dvt":"V\u00e1lido","vap":"104","pvap":"   0,24"},{"seq":"140","sqcand":"100001221069","n":"55678","nm":"SANDRA MARTINS","cc":"PSD","nv":" ","e":"n","st":"N\u00e3o eleito","dvt":"V\u00e1lido","vap":"9","pvap":"   0,02"},{"seq":"129","sqcand":"100000738149","n":"45111","nm":"GL\u00d3RIA","cc":"PSDB","nv":" ","e":"n","st":"N\u00e3o eleito","dvt":"V\u00e1lido","vap":"31","pvap":"   0,07"},{"seq":"22","sqcand":"100001087730","n":"11233","nm":"LAYANNA FERREIRA","cc":"PP","nv":" ","e":"n","st":"Suplente","dvt":"V\u00e1lido","vap":"693","pvap":"   1,60"},{"seq":"61","sqcand":"100001087733","n":"11133","nm":"ANTONIO DA BRISA","cc":"PP","nv":" ","e":"n","st":"Suplente","dvt":"V\u00e1lido","vap":"131","pvap":"   0,30"},{"seq":"88","sqcand":"100001275290","n":"22115","nm":"HYASMIN PADRE","cc":"PL","nv":" ","e":"n","st":"Suplente","dvt":"V\u00e1lido","vap":"1","pvap":"   0,00"},{"seq":"142","sqcand":"100001219470","n":"90333","nm":"ALESSANDRO PRAZERES","cc":"PROS","nv":" ","e":"n","st":"N\u00e3o eleito","dvt":"V\u00e1lido","vap":"3","pvap":"   0,01"},{"seq":"123","sqcand":"100001245991","n":"13555","nm":"FELIPE SODR\u00c9","cc":"PT","nv":" ","e":"n","st":"N\u00e3o eleito","dvt":"V\u00e1lido","vap":"46","pvap":"   0,11"},{"seq":"27","sqcand":"100001244793","n":"15456","nm":"SINVAL SOUZA","cc":"MDB","nv":" ","e":"n","st":"Suplente","dvt":"V\u00e1lido","vap":"496","pvap":"   1,15"},{"seq":"4","sqcand":"100001087716","n":"11123","nm":"LUCAS DO BEIRAD\u00c3O","cc":"PP","nv":" ","e":"s","st":"Eleito","dvt":"V\u00e1lido","vap":"1287","pvap":"   2,98"},{"seq":"84","sqcand":"100001158925","n":"22013","nm":"ADRIANNE MARCELLE","cc":"PL","nv":" ","e":"n","st":"Suplente","dvt":"V\u00e1lido","vap":"9","pvap":"   0,02"},{"seq":"136","sqcand":"100000738158","n":"45555","nm":"GRANDE PAULO","cc":"PSDB","nv":" ","e":"n","st":"N\u00e3o eleito","dvt":"V\u00e1lido","vap":"15","pvap":"   0,03"},{"seq":"92","sqcand":"100001275227","n":"13333","nm":"KEIMILSON DE ZEZINHO DE D\u00c1CIO","cc":"PT","nv":" ","e":"n","st":"N\u00e3o eleito","dvt":"V\u00e1lido","vap":"445","pvap":"   1,03"},{"seq":"117","sqcand":"100001246005","n":"13013","nm":"ROG\u00c9RIO BARROS","cc":"PT","nv":" ","e":"n","st":"N\u00e3o eleito","dvt":"V\u00e1lido","vap":"57","pvap":"   0,13"},{"seq":"17","sqcand":"100001158933","n":"22345","nm":"RIBA DO BOM VIVER","cc":"PL","nv":" ","e":"s","st":"Eleito","dvt":"V\u00e1lido","vap":"467","pvap":"   1,08"},{"seq":"35","sqcand":"100001246547","n":"12233","nm":"ALEXSANDRA KOQUEIRO","cc":"PDT","nv":" ","e":"n","st":"Suplente","dvt":"V\u00e1lido","vap":"449","pvap":"   1,04"},{"seq":"90","sqcand":"100001262458","n":"15022","nm":"SANDRA SERR\u00c3O","cc":"MDB","nv":" ","e":"n","st":"Suplente","dvt":"V\u00e1lido","vap":"0","pvap":"00.00"},{"seq":"81","sqcand":"100001158934","n":"22444","nm":"BULLDOG","cc":"PL","nv":" ","e":"n","st":"Suplente","dvt":"V\u00e1lido","vap":"39","pvap":"   0,09"},{"seq":"106","sqcand":"100001245994","n":"13000","nm":"PROFESSORA ROSELIA","cc":"PT","nv":" ","e":"n","st":"N\u00e3o eleito","dvt":"V\u00e1lido","vap":"90","pvap":"   0,21"},{"seq":"121","sqcand":"100000738155","n":"45789","nm":"CHINA PIMENTA","cc":"PSDB","nv":" ","e":"n","st":"N\u00e3o eleito","dvt":"V\u00e1lido","vap":"54","pvap":"   0,12"},{"seq":"59","sqcand":"100001244794","n":"15015","nm":"JARDIEL PACHECO","cc":"MDB","nv":" ","e":"n","st":"Suplente","dvt":"V\u00e1lido","vap":"137","pvap":"   0,32"},{"seq":"63","sqcand":"100001246537","n":"12222","nm":"NOELMA DE ROXINHO","cc":"PDT","nv":" ","e":"n","st":"Suplente","dvt":"V\u00e1lido","vap":"130","pvap":"   0,30"},{"seq":"101","sqcand":"100001245986","n":"13122","nm":"JULIO POTE","cc":"PT","nv":" ","e":"n","st":"N\u00e3o eleito","dvt":"V\u00e1lido","vap":"140","pvap":"   0,32"},{"seq":"128","sqcand":"100001246001","n":"13777","nm":"RAIMUNDA FRAS\u00c3O","cc":"PT","nv":" ","e":"n","st":"N\u00e3o eleito","dvt":"V\u00e1lido","vap":"32","pvap":"   0,07"},{"seq":"53","sqcand":"100001087736","n":"11211","nm":"TEREZINHA DURANS","cc":"PP","nv":" ","e":"n","st":"Suplente","dvt":"V\u00e1lido","vap":"184","pvap":"   0,43"},{"seq":"93","sqcand":"100000738157","n":"45123","nm":"HENRIQUE","cc":"PSDB","nv":" ","e":"n","st":"N\u00e3o eleito","dvt":"V\u00e1lido","vap":"321","pvap":"   0,74"},{"seq":"144","sqcand":"100000738159","n":"45455","nm":"EDILENE","cc":"PSDB","nv":" ","e":"n","st":"N\u00e3o eleito","dvt":"V\u00e1lido","vap":"0","pvap":"00.00"},{"seq":"13","sqcand":"100001087722","n":"11456","nm":"ALESSANDRO MONTENEGRO","cc":"PP","nv":" ","e":"s","st":"Eleito","dvt":"V\u00e1lido","vap":"885","pvap":"   2,05"},{"seq":"132","sqcand":"100001246006","n":"13044","nm":"FRANCISCO","cc":"PT","nv":" ","e":"n","st":"N\u00e3o eleito","dvt":"V\u00e1lido","vap":"17","pvap":"   0,04"},{"seq":"48","sqcand":"100001087714","n":"11234","nm":"ANTONIO DAS BOLSAS","cc":"PP","nv":" ","e":"n","st":"Suplente","dvt":"V\u00e1lido","vap":"217","pvap":"   0,50"},{"seq":"25","sqcand":"100001087723","n":"11000","nm":"GREGORIO PEREIRA","cc":"PP","nv":" ","e":"n","st":"Suplente","dvt":"V\u00e1lido","vap":"563","pvap":"   1,30"},{"seq":"77","sqcand":"100001275281","n":"22369","nm":"SEREIA DO POVO","cc":"PL","nv":" ","e":"n","st":"Suplente","dvt":"V\u00e1lido","vap":"54","pvap":"   0,12"},{"seq":"70","sqcand":"100001246550","n":"12211","nm":"CELIA DA BUBALINA","cc":"PDT","nv":" ","e":"n","st":"Suplente","dvt":"V\u00e1lido","vap":"79","pvap":"   0,18"},{"seq":"67","sqcand":"100001244790","n":"15150","nm":"DOD\u00d4 DO FRANGO","cc":"MDB","nv":" ","e":"n","st":"Suplente","dvt":"V\u00e1lido","vap":"104","pvap":"   0,24"},{"seq":"71","sqcand":"100001158931","n":"22567","nm":"FABINHO CAMPOS","cc":"PL","nv":" ","e":"n","st":"Suplente","dvt":"V\u00e1lido","vap":"78","pvap":"   0,18"},{"seq":"115","sqcand":"100001221062","n":"55333","nm":"SARGES","cc":"PSD","nv":" ","e":"n","st":"N\u00e3o eleito","dvt":"Anulado sub judice","vap":"58","pvap":"   0,13"},{"seq":"26","sqcand":"100001244786","n":"15555","nm":"BETO DE RIB\u00c3O","cc":"MDB","nv":" ","e":"n","st":"Suplente","dvt":"V\u00e1lido","vap":"538","pvap":"   1,24"},{"seq":"133","sqcand":"100001221070","n":"55339","nm":"LAERCIO GUTERRES","cc":"PSD","nv":" ","e":"n","st":"N\u00e3o eleito","dvt":"V\u00e1lido","vap":"16","pvap":"   0,04"},{"seq":"1","sqcand":"100001087738","n":"11111","nm":"ELIZEU DE TANTAN","cc":"PP","nv":" ","e":"s","st":"Eleito","dvt":"V\u00e1lido","vap":"1727","pvap":"   3,99"},{"seq":"87","sqcand":"100001158926","n":"22717","nm":"BIANCA BRAGA","cc":"PL","nv":" ","e":"n","st":"Suplente","dvt":"V\u00e1lido","vap":"1","pvap":"   0,00"},{"seq":"97","sqcand":"100000738160","n":"45999","nm":"DR RAIMUNDO ARAUJO","cc":"PSDB","nv":" ","e":"n","st":"N\u00e3o eleito","dvt":"V\u00e1lido","vap":"214","pvap":"   0,49"},{"seq":"108","sqcand":"100000738150","n":"45500","nm":"J\u00daLIO DO CORREIO","cc":"PSDB","nv":" ","e":"n","st":"N\u00e3o eleito","dvt":"V\u00e1lido","vap":"84","pvap":"   0,19"},{"seq":"98","sqcand":"100000738153","n":"45000","nm":"MOACIR SANTOS","cc":"PSDB","nv":" ","e":"n","st":"N\u00e3o eleito","dvt":"V\u00e1lido","vap":"189","pvap":"   0,44"},{"seq":"104","sqcand":"100001219478","n":"90222","nm":"GORD\u00c3O","cc":"PROS","nv":" ","e":"n","st":"N\u00e3o eleito","dvt":"V\u00e1lido","vap":"109","pvap":"   0,25"},{"seq":"18","sqcand":"100001087725","n":"11640","nm":"JO\u00c3O MORAIS","cc":"PP","nv":" ","e":"n","st":"Suplente","dvt":"V\u00e1lido","vap":"869","pvap":"   2,01"},{"seq":"138","sqcand":"100001219475","n":"90191","nm":"JOAREZ","cc":"PROS","nv":" ","e":"n","st":"N\u00e3o eleito","dvt":"V\u00e1lido","vap":"12","pvap":"   0,03"},{"seq":"40","sqcand":"100001158936","n":"22123","nm":"VALTER SOARES","cc":"PL","nv":" ","e":"n","st":"Suplente","dvt":"V\u00e1lido","vap":"400","pvap":"   0,92"},{"seq":"58","sqcand":"100001158943","n":"22147","nm":"JANI DA BOA VISTA","cc":"PL","nv":" ","e":"n","st":"Suplente","dvt":"V\u00e1lido","vap":"138","pvap":"   0,32"},{"seq":"120","sqcand":"100001221065","n":"55155","nm":"MISTER WENDELL","cc":"PSD","nv":" ","e":"n","st":"N\u00e3o eleito","dvt":"V\u00e1lido","vap":"55","pvap":"   0,13"},{"seq":"103","sqcand":"100001245985","n":"13145","nm":"VIVALDO BIN\u00d4","cc":"PT","nv":" ","e":"n","st":"N\u00e3o eleito","dvt":"V\u00e1lido","vap":"113","pvap":"   0,26"},{"seq":"37","sqcand":"100001158924","n":"22333","nm":"DOMINGOS ENCARREGADO","cc":"PL","nv":" ","e":"n","st":"Suplente","dvt":"V\u00e1lido","vap":"436","pvap":"   1,01"},{"seq":"73","sqcand":"100001158942","n":"22223","nm":"PROFESSORA IVONI","cc":"PL","nv":" ","e":"n","st":"Suplente","dvt":"V\u00e1lido","vap":"64","pvap":"   0,15"},{"seq":"100","sqcand":"100001221068","n":"55111","nm":"EDU FERREIRA","cc":"PSD","nv":" ","e":"n","st":"N\u00e3o eleito","dvt":"V\u00e1lido","vap":"157","pvap":"   0,36"},{"seq":"127","sqcand":"100001221066","n":"55555","nm":"LUCIA DA BUBALINA","cc":"PSD","nv":" ","e":"n","st":"N\u00e3o eleito","dvt":"Anulado sub judice","vap":"34","pvap":"   0,08"},{"seq":"50","sqcand":"100001244789","n":"15229","nm":"CARLOS GOMES","cc":"MDB","nv":" ","e":"n","st":"Suplente","dvt":"V\u00e1lido","vap":"208","pvap":"   0,48"},{"seq":"9","sqcand":"100001087739","n":"11007","nm":"WILLIAN VIEIRA DA TV","cc":"PP","nv":" ","e":"s","st":"Eleito","dvt":"V\u00e1lido","vap":"994","pvap":"   2,30"},{"seq":"7","sqcand":"100001246541","n":"12000","nm":"EDMILSON SILVA","cc":"PDT","nv":" ","e":"s","st":"Eleito","dvt":"V\u00e1lido","vap":"1094","pvap":"   2,53"},{"seq":"143","sqcand":"100001219477","n":"90741","nm":"ELUISA","cc":"PROS","nv":" ","e":"n","st":"N\u00e3o eleito","dvt":"V\u00e1lido","vap":"3","pvap":"   0,01"},{"seq":"36","sqcand":"100001158922","n":"22022","nm":"JO\u00c3O DO VALE","cc":"PL","nv":" ","e":"n","st":"Suplente","dvt":"V\u00e1lido","vap":"449","pvap":"   1,04"},{"seq":"124","sqcand":"100001245993","n":"13456","nm":"PIABA","cc":"PT","nv":" ","e":"n","st":"N\u00e3o eleito","dvt":"V\u00e1lido","vap":"43","pvap":"   0,10"},{"seq":"14","sqcand":"100001262457","n":"15222","nm":"FELIPE DE CHIC\u00c3O","cc":"MDB","nv":" ","e":"s","st":"Eleito","dvt":"V\u00e1lido","vap":"763","pvap":"   1,76"},{"seq":"57","sqcand":"100001087727","n":"11017","nm":"JACKSON GENESIO","cc":"PP","nv":" ","e":"n","st":"Suplente","dvt":"V\u00e1lido","vap":"155","pvap":"   0,36"},{"seq":"2","sqcand":"100001246531","n":"12770","nm":"FABRICIA DO SINDICATO","cc":"PDT","nv":" ","e":"s","st":"Eleito","dvt":"V\u00e1lido","vap":"1584","pvap":"   3,66"},{"seq":"112","sqcand":"100001246000","n":"13130","nm":"GENELSON  CORREA","cc":"PT","nv":" ","e":"n","st":"N\u00e3o eleito","dvt":"V\u00e1lido","vap":"66","pvap":"   0,15"},{"seq":"125","sqcand":"100000738152","n":"45444","nm":"PROFESSORA DINELE","cc":"PSDB","nv":" ","e":"n","st":"N\u00e3o eleito","dvt":"V\u00e1lido","vap":"42","pvap":"   0,10"},{"seq":"52","sqcand":"100001158932","n":"22234","nm":"TEREZA SARGES","cc":"PL","nv":" ","e":"n","st":"Suplente","dvt":"V\u00e1lido","vap":"186","pvap":"   0,43"},{"seq":"30","sqcand":"100001246542","n":"12223","nm":"DIASSIS SERRAO","cc":"PDT","nv":" ","e":"n","st":"Suplente","dvt":"V\u00e1lido","vap":"468","pvap":"   1,08"},{"seq":"45","sqcand":"100001244791","n":"15789","nm":"JOEL NUNES","cc":"MDB","nv":" ","e":"n","st":"Suplente","dvt":"V\u00e1lido","vap":"273","pvap":"   0,63"},{"seq":"119","sqcand":"100001221063","n":"55123","nm":"EDINHO","cc":"PSD","nv":" ","e":"n","st":"N\u00e3o eleito","dvt":"Anulado sub judice","vap":"55","pvap":"   0,13"},{"seq":"29","sqcand":"100001244795","n":"15123","nm":"OZIEL MENEZES","cc":"MDB","nv":" ","e":"n","st":"Suplente","dvt":"V\u00e1lido","vap":"483","pvap":"   1,12"},{"seq":"8","sqcand":"100001246529","n":"12456","nm":"EDINILDO","cc":"PDT","nv":" ","e":"s","st":"Eleito","dvt":"V\u00e1lido","vap":"1085","pvap":"   2,51"},{"seq":"62","sqcand":"100001087720","n":"11010","nm":"DUCARMO CARDOSO","cc":"PP","nv":" ","e":"n","st":"Suplente","dvt":"V\u00e1lido","vap":"131","pvap":"   0,30"},{"seq":"6","sqcand":"100001087726","n":"11789","nm":"ALBININHO","cc":"PP","nv":" ","e":"s","st":"Eleito","dvt":"V\u00e1lido","vap":"1203","pvap":"   2,78"},{"seq":"107","sqcand":"100001245989","n":"13222","nm":"ED NUNES","cc":"PT","nv":" ","e":"n","st":"N\u00e3o eleito","dvt":"V\u00e1lido","vap":"86","pvap":"   0,20"},{"seq":"114","sqcand":"100001221071","n":"55055","nm":"WENDELL FRAN\u00c7A","cc":"PSD","nv":" ","e":"n","st":"N\u00e3o eleito","dvt":"Anulado sub judice","vap":"59","pvap":"   0,14"},{"seq":"94","sqcand":"100000738156","n":"45678","nm":"MOCINHO DE PACAS","cc":"PSDB","nv":" ","e":"n","st":"N\u00e3o eleito","dvt":"V\u00e1lido","vap":"293","pvap":"   0,68"},{"seq":"65","sqcand":"100001246543","n":"12445","nm":"NATIELE LOBATO","cc":"PDT","nv":" ","e":"n","st":"Suplente","dvt":"V\u00e1lido","vap":"107","pvap":"   0,25"},{"seq":"91","sqcand":"100001244787","n":"15016","nm":"THAISE CRISTINA","cc":"MDB","nv":" ","e":"n","st":"Suplente","dvt":"V\u00e1lido","vap":"0","pvap":"00.00"},{"seq":"41","sqcand":"100001246538","n":"12111","nm":"WELLINGTON SERGIO","cc":"PDT","nv":" ","e":"n","st":"Suplente","dvt":"V\u00e1lido","vap":"349","pvap":"   0,81"},{"seq":"23","sqcand":"100001246546","n":"12122","nm":"EVILSON SANTOS","cc":"PDT","nv":" ","e":"n","st":"Suplente","dvt":"V\u00e1lido","vap":"629","pvap":"   1,45"},{"seq":"10","sqcand":"100001246535","n":"12012","nm":"SANDRO LIMA","cc":"PDT","nv":" ","e":"s","st":"Eleito","dvt":"V\u00e1lido","vap":"963","pvap":"   2,23"},{"seq":"96","sqcand":"100001221067","n":"55222","nm":"BUD\u00ca DE COZINHA","cc":"PSD","nv":" ","e":"n","st":"N\u00e3o eleito","dvt":"V\u00e1lido","vap":"229","pvap":"   0,53"},{"seq":"46","sqcand":"100001246544","n":"12777","nm":"DENIS BRAGA","cc":"PDT","nv":" ","e":"n","st":"Suplente","dvt":"V\u00e1lido","vap":"272","pvap":"   0,63"},{"seq":"74","sqcand":"100001244783","n":"15151","nm":"ANA ALICE","cc":"MDB","nv":" ","e":"n","st":"Suplente","dvt":"V\u00e1lido","vap":"63","pvap":"   0,15"},{"seq":"109","sqcand":"100001245998","n":"13789","nm":"CHIQUITITA","cc":"PT","nv":" ","e":"n","st":"N\u00e3o eleito","dvt":"V\u00e1lido","vap":"72","pvap":"   0,17"},{"seq":"11","sqcand":"100001087724","n":"11777","nm":"SELMA DA COLONIA","cc":"PP","nv":" ","e":"s","st":"Eleito","dvt":"V\u00e1lido","vap":"954","pvap":"   2,21"},{"seq":"69","sqcand":"100001158935","n":"22232","nm":"RONALDO PIMENTA","cc":"PL","nv":" ","e":"n","st":"Suplente","dvt":"V\u00e1lido","vap":"101","pvap":"   0,23"},{"seq":"95","sqcand":"100001264290","n":"13888","nm":"CLAYTON COQUEIRO","cc":"PT","nv":" ","e":"n","st":"N\u00e3o eleito","dvt":"V\u00e1lido","vap":"270","pvap":"   0,62"},{"seq":"78","sqcand":"100001087737","n":"11321","nm":"RIBA DA VITORIA","cc":"PP","nv":" ","e":"n","st":"Suplente","dvt":"V\u00e1lido","vap":"49","pvap":"   0,11"},{"seq":"102","sqcand":"100000738154","n":"45222","nm":"PROF SINVAL","cc":"PSDB","nv":" ","e":"n","st":"N\u00e3o eleito","dvt":"V\u00e1lido","vap":"123","pvap":"   0,28"},{"seq":"12","sqcand":"100001246534","n":"12010","nm":"HERASMO LEITE","cc":"PDT","nv":" ","e":"s","st":"Eleito","dvt":"V\u00e1lido","vap":"885","pvap":"   2,05"},{"seq":"68","sqcand":"100001087735","n":"11333","nm":"ENFERMEIRA EDNA","cc":"PP","nv":" ","e":"n","st":"Suplente","dvt":"V\u00e1lido","vap":"103","pvap":"   0,24"},{"seq":"122","sqcand":"100001221064","n":"55789","nm":"ANACLAN","cc":"PSD","nv":" ","e":"n","st":"N\u00e3o eleito","dvt":"V\u00e1lido","vap":"50","pvap":"   0,12"},{"seq":"72","sqcand":"100001244781","n":"15333","nm":"CICERO LIMA","cc":"MDB","nv":" ","e":"n","st":"Suplente","dvt":"V\u00e1lido","vap":"70","pvap":"   0,16"},{"seq":"56","sqcand":"100001087728","n":"11555","nm":"DUDA MOREIRA","cc":"PP","nv":" ","e":"n","st":"Suplente","dvt":"V\u00e1lido","vap":"172","pvap":"   0,40"},{"seq":"105","sqcand":"100001245996","n":"13123","nm":"RAI COSTA","cc":"PT","nv":" ","e":"n","st":"N\u00e3o eleito","dvt":"V\u00e1lido","vap":"92","pvap":"   0,21"},{"seq":"135","sqcand":"100001244788","n":"15777","nm":"IOLETE SOARES","cc":"MDB","nv":" ","e":"n","st":"N\u00e3o eleito","dvt":"Anulado sub judice","vap":"15","pvap":"   0,03"},{"seq":"33","sqcand":"100001246536","n":"12013","nm":"CARLA JANSEN","cc":"PDT","nv":" ","e":"n","st":"Suplente","dvt":"V\u00e1lido","vap":"457","pvap":"   1,06"},{"seq":"28","sqcand":"100001246548","n":"12133","nm":"MAGUINHO DO KIOLA","cc":"PDT","nv":" ","e":"n","st":"Suplente","dvt":"V\u00e1lido","vap":"486","pvap":"   1,12"},{"seq":"19","sqcand":"100001087715","n":"11369","nm":"PROFESSOR ST\u00c9LIO","cc":"PP","nv":" ","e":"n","st":"Suplente","dvt":"V\u00e1lido","vap":"857","pvap":"   1,98"},{"seq":"110","sqcand":"100001219471","n":"90900","nm":"DORACI DO SINDICATO","cc":"PROS","nv":" ","e":"n","st":"N\u00e3o eleito","dvt":"V\u00e1lido","vap":"71","pvap":"   0,16"},{"seq":"31","sqcand":"100001087729","n":"11888","nm":"PROFESSORA IARA","cc":"PP","nv":" ","e":"n","st":"Suplente","dvt":"V\u00e1lido","vap":"467","pvap":"   1,08"},{"seq":"24","sqcand":"100001246539","n":"12789","nm":"L\u00c9O LOBATO","cc":"PDT","nv":" ","e":"n","st":"Suplente","dvt":"V\u00e1lido","vap":"609","pvap":"   1,41"},{"seq":"80","sqcand":"100001244792","n":"15227","nm":"MARCELO LEMOS","cc":"MDB","nv":" ","e":"n","st":"Suplente","dvt":"V\u00e1lido","vap":"41","pvap":"   0,09"},{"seq":"76","sqcand":"100001087721","n":"11311","nm":"AMANDA MICAELE","cc":"PP","nv":" ","e":"n","st":"Suplente","dvt":"V\u00e1lido","vap":"55","pvap":"   0,13"},{"seq":"75","sqcand":"100001087717","n":"11122","nm":"CHRIS FRAN\u00c7A","cc":"PP","nv":" ","e":"n","st":"Suplente","dvt":"V\u00e1lido","vap":"55","pvap":"   0,13"},{"seq":"16","sqcand":"100001158940","n":"22789","nm":"GUTO","cc":"PL","nv":" ","e":"s","st":"Eleito","dvt":"V\u00e1lido","vap":"489","pvap":"   1,13"},{"seq":"139","sqcand":"100001219480","n":"90090","nm":"MARANH\u00c3O","cc":"PROS","nv":" ","e":"n","st":"N\u00e3o eleito","dvt":"V\u00e1lido","vap":"12","pvap":"   0,03"},{"seq":"113","sqcand":"100001219472","n":"90121","nm":"IVALDO VIGILANTE","cc":"PROS","nv":" ","e":"n","st":"N\u00e3o eleito","dvt":"V\u00e1lido","vap":"65","pvap":"   0,15"},{"seq":"3","sqcand":"100001246532","n":"12555","nm":"Z\u00c9 FILHO","cc":"PDT","nv":" ","e":"s","st":"Eleito","dvt":"V\u00e1lido","vap":"1556","pvap":"   3,60"},{"seq":"111","sqcand":"100001246002","n":"13112","nm":"SARGENTO CHAGAS","cc":"PT","nv":" ","e":"n","st":"N\u00e3o eleito","dvt":"V\u00e1lido","vap":"71","pvap":"   0,16"},{"seq":"49","sqcand":"100001087732","n":"11611","nm":"HELENO DO PARAISO","cc":"PP","nv":" ","e":"n","st":"Suplente","dvt":"V\u00e1lido","vap":"213","pvap":"   0,49"},{"seq":"51","sqcand":"100001158944","n":"22666","nm":"LADEILSON RODRIGUES","cc":"PL","nv":" ","e":"n","st":"Suplente","dvt":"V\u00e1lido","vap":"200","pvap":"   0,46"},{"seq":"131","sqcand":"100001219474","n":"90456","nm":"ADRIELLE","cc":"PROS","nv":" ","e":"n","st":"N\u00e3o eleito","dvt":"V\u00e1lido","vap":"18","pvap":"   0,04"},{"seq":"82","sqcand":"100001087719","n":"11345","nm":"LUIS PALAVRA","cc":"PP","nv":" ","e":"n","st":"Suplente","dvt":"V\u00e1lido","vap":"32","pvap":"   0,07"},{"seq":"79","sqcand":"100001244785","n":"15225","nm":"ANA CEC\u00cdLIA","cc":"MDB","nv":" ","e":"n","st":"Suplente","dvt":"V\u00e1lido","vap":"48","pvap":"   0,11"},{"seq":"47","sqcand":"100001087734","n":"11222","nm":"ARNALDO RODRIGUES","cc":"PP","nv":" ","e":"n","st":"Suplente","dvt":"V\u00e1lido","vap":"219","pvap":"   0,51"},{"seq":"60","sqcand":"100001244782","n":"15115","nm":"BITECO DO JO\u00c3O CASTELO","cc":"MDB","nv":" ","e":"n","st":"Suplente","dvt":"V\u00e1lido","vap":"131","pvap":"   0,30"},{"seq":"99","sqcand":"100001245990","n":"13111","nm":"AUCIRENE SHAMPO","cc":"PT","nv":" ","e":"n","st":"N\u00e3o eleito","dvt":"V\u00e1lido","vap":"164","pvap":"   0,38"},{"seq":"134","sqcand":"100001245987","n":"13113","nm":"NIVALDO DA PESCA","cc":"PT","nv":" ","e":"n","st":"N\u00e3o eleito","dvt":"V\u00e1lido","vap":"16","pvap":"   0,04"},{"seq":"5","sqcand":"100001246540","n":"12123","nm":"RUBEMAR RIBEIRO","cc":"PDT","nv":" ","e":"s","st":"Eleito","dvt":"V\u00e1lido","vap":"1246","pvap":"   2,88"},{"seq":"32","sqcand":"100001158923","n":"22233","nm":"NESIO FERREIRA","cc":"PL","nv":" ","e":"n","st":"Suplente","dvt":"V\u00e1lido","vap":"463","pvap":"   1,07"},{"seq":"89","sqcand":"100001158930","n":"22043","nm":"ISAILDE GOMES","cc":"PL","nv":" ","e":"n","st":"Suplente","dvt":"V\u00e1lido","vap":"0","pvap":"00.00"},{"seq":"38","sqcand":"100001158920","n":"22000","nm":"GEAN FREITAS","cc":"PL","nv":" ","e":"n","st":"Suplente","dvt":"V\u00e1lido","vap":"413","pvap":"   0,95"},{"seq":"145","sqcand":"100000738151","n":"45045","nm":"MARIA L\u00daCIA","cc":"PSDB","nv":" ","e":"n","st":"N\u00e3o eleito","dvt":"V\u00e1lido","vap":"0","pvap":"00.00"},{"seq":"34","sqcand":"100001087718","n":"11013","nm":"PAULO RICARDO","cc":"PP","nv":" ","e":"n","st":"Suplente","dvt":"V\u00e1lido","vap":"452","pvap":"   1,05"},{"seq":"85","sqcand":"100001275284","n":"22537","nm":"ANDRESSA MATOS","cc":"PL","nv":" ","e":"n","st":"Suplente","dvt":"V\u00e1lido","vap":"6","pvap":"   0,01"}]}
