{"ele":"426","tpabr":"mu","cdabr":"08710","carper":"13","t":"1","f":"o","dt":"16/11/2020","ht":"00:28:42","dv":"s","tf":"n","v":"11","esae":"n","mnae":"","s":"58","st":"58","pst":" 100,00","snt":"0","psnt":"   0,00","si":"58","psi":" 100,00","sni":"0","psni":"   0,00","sa":"58","psa":" 100,00","sna":"0","psna":"   0,00","e":"19842","ea":"19842","pea":" 100,00","ena":"0","pena":"   0,00","esi":"19842","pesi":" 100,00","esni":"0","pesni":"   0,00","c":"15333","pc":"  77,28","a":"4509","pa":"  22,72","vscv":"0","vnom":"13694","vl":"942","pvnom":"  93,56","pvl":"   6,44","vvc":"14636","pvvc":"  95,45","vb":"160","pvb":"   1,05","tvn":"537","ptvn":"   3,50","vn":"537","pvn":" 100,00","vnt":"0","pvnt":"   0,00","vp":"0","pvp":"   0,00","vv":"14636","pvv":" 100,00","van":"0","pvan":"   0,00","vansj":"0","pvansj":"   0,00","tv":"15333","cand":[{"seq":"4","sqcand":"100000769311","n":"22222","nm":"VALDEREZ FURTADO","cc":"PL","nv":" ","e":"n","st":"","dvt":"V\u00e1lido","vap":"651","pvap":"   4,45"},{"seq":"20","sqcand":"100000939213","n":"25123","nm":"OENE QUARESMA","cc":"DEM","nv":" ","e":"n","st":"","dvt":"V\u00e1lido","vap":"296","pvap":"   2,02"},{"seq":"46","sqcand":"100000938509","n":"11888","nm":"MARIA MACAP\u00c1","cc":"PP","nv":" ","e":"n","st":"","dvt":"V\u00e1lido","vap":"15","pvap":"   0,10"},{"seq":"43","sqcand":"100000769298","n":"22345","nm":"LUCIANA","cc":"PL","nv":" ","e":"n","st":"","dvt":"V\u00e1lido","vap":"18","pvap":"   0,12"},{"seq":"18","sqcand":"100000939211","n":"25444","nm":"LAESTRO PEREIRA","cc":"DEM","nv":" ","e":"n","st":"","dvt":"V\u00e1lido","vap":"338","pvap":"   2,31"},{"seq":"11","sqcand":"100000938503","n":"11236","nm":"VELOSO FILHO","cc":"PP","nv":" ","e":"n","st":"","dvt":"V\u00e1lido","vap":"492","pvap":"   3,36"},{"seq":"13","sqcand":"100000938493","n":"11611","nm":"PATR\u00cdCIA PEREIRA","cc":"PP","nv":" ","e":"n","st":"","dvt":"V\u00e1lido","vap":"449","pvap":"   3,07"},{"seq":"28","sqcand":"100000939201","n":"25000","nm":"MARQUINHO DA PIZZARIA","cc":"DEM","nv":" ","e":"n","st":"","dvt":"V\u00e1lido","vap":"147","pvap":"   1,00"},{"seq":"17","sqcand":"100000769309","n":"22333","nm":"PAULO GUILHERME","cc":"PL","nv":" ","e":"n","st":"","dvt":"V\u00e1lido","vap":"378","pvap":"   2,58"},{"seq":"34","sqcand":"100000939209","n":"25456","nm":"JO\u00c3O DA MATA","cc":"DEM","nv":" ","e":"n","st":"","dvt":"V\u00e1lido","vap":"92","pvap":"   0,63"},{"seq":"23","sqcand":"100000938499","n":"11112","nm":"PEQUENO DO SINDICATO","cc":"PP","nv":" ","e":"n","st":"","dvt":"V\u00e1lido","vap":"259","pvap":"   1,77"},{"seq":"32","sqcand":"100000769306","n":"22555","nm":"BARBARA CARDOSO","cc":"PL","nv":" ","e":"n","st":"","dvt":"V\u00e1lido","vap":"108","pvap":"   0,74"},{"seq":"39","sqcand":"100000938508","n":"11777","nm":"JOSILDO DO PICOL\u00c9","cc":"PP","nv":" ","e":"n","st":"","dvt":"V\u00e1lido","vap":"39","pvap":"   0,27"},{"seq":"22","sqcand":"100000769301","n":"22221","nm":"ZEZINHO DO BACURI","cc":"PL","nv":" ","e":"n","st":"","dvt":"V\u00e1lido","vap":"282","pvap":"   1,93"},{"seq":"40","sqcand":"100000938505","n":"11456","nm":"MYRLENE FONTINELE","cc":"PP","nv":" ","e":"n","st":"","dvt":"V\u00e1lido","vap":"39","pvap":"   0,27"},{"seq":"6","sqcand":"100000939200","n":"25555","nm":"VICENTE SIQUEIRA","cc":"DEM","nv":" ","e":"n","st":"","dvt":"V\u00e1lido","vap":"536","pvap":"   3,66"},{"seq":"15","sqcand":"100000769297","n":"22580","nm":"IVAN CAVALCANTE","cc":"PL","nv":" ","e":"n","st":"","dvt":"V\u00e1lido","vap":"429","pvap":"   2,93"},{"seq":"1","sqcand":"100000939207","n":"25777","nm":"HILQUIAS OLIVEIRA","cc":"DEM","nv":" ","e":"n","st":"","dvt":"V\u00e1lido","vap":"1316","pvap":"   8,99"},{"seq":"29","sqcand":"100000938495","n":"11444","nm":"JOEL CARDOSO","cc":"PP","nv":" ","e":"n","st":"","dvt":"V\u00e1lido","vap":"129","pvap":"   0,88"},{"seq":"38","sqcand":"100000769304","n":"22999","nm":"PASTOR FRANCISCO","cc":"PL","nv":" ","e":"n","st":"","dvt":"V\u00e1lido","vap":"51","pvap":"   0,35"},{"seq":"31","sqcand":"100000939205","n":"25222","nm":"ROGGER DO ESPORTE","cc":"DEM","nv":" ","e":"n","st":"","dvt":"V\u00e1lido","vap":"109","pvap":"   0,74"},{"seq":"25","sqcand":"100000939212","n":"25678","nm":"FRANCISCO PEDRA","cc":"DEM","nv":" ","e":"n","st":"","dvt":"V\u00e1lido","vap":"198","pvap":"   1,35"},{"seq":"10","sqcand":"100000769305","n":"22000","nm":"ZERO DO BAIRRO","cc":"PL","nv":" ","e":"n","st":"","dvt":"V\u00e1lido","vap":"495","pvap":"   3,38"},{"seq":"44","sqcand":"100000768708","n":"10222","nm":"GONZALEDE","cc":"REPUBLICANOS","nv":" ","e":"n","st":"","dvt":"V\u00e1lido","vap":"16","pvap":"   0,11"},{"seq":"30","sqcand":"100000769307","n":"22190","nm":"SARGENTO LIMA","cc":"PL","nv":" ","e":"n","st":"","dvt":"V\u00e1lido","vap":"113","pvap":"   0,77"},{"seq":"24","sqcand":"100000769310","n":"22111","nm":"NETO DA ACADEMIA","cc":"PL","nv":" ","e":"n","st":"","dvt":"V\u00e1lido","vap":"224","pvap":"   1,53"},{"seq":"7","sqcand":"100000769300","n":"22456","nm":"MARCELO QUARESMA","cc":"PL","nv":" ","e":"n","st":"","dvt":"V\u00e1lido","vap":"533","pvap":"   3,64"},{"seq":"50","sqcand":"100000938496","n":"11123","nm":"ADRIANO DO CORDEIRO","cc":"PP","nv":" ","e":"n","st":"","dvt":"V\u00e1lido","vap":"4","pvap":"   0,03"},{"seq":"21","sqcand":"100000938502","n":"11000","nm":"MARCIA DO GEORTHON","cc":"PP","nv":" ","e":"n","st":"","dvt":"V\u00e1lido","vap":"285","pvap":"   1,95"},{"seq":"33","sqcand":"100000938497","n":"11114","nm":"LOURO FERREIRA","cc":"PP","nv":" ","e":"n","st":"","dvt":"V\u00e1lido","vap":"106","pvap":"   0,72"},{"seq":"19","sqcand":"100000939202","n":"25666","nm":"IVONEIDE BA\u00da","cc":"DEM","nv":" ","e":"n","st":"","dvt":"V\u00e1lido","vap":"333","pvap":"   2,28"},{"seq":"36","sqcand":"100000769308","n":"22369","nm":"MARDSON FILHO DO ZE CANDIDO","cc":"PL","nv":" ","e":"n","st":"","dvt":"V\u00e1lido","vap":"67","pvap":"   0,46"},{"seq":"35","sqcand":"100000938506","n":"11100","nm":"SAB\u00c3O PRA LAVAR","cc":"PP","nv":" ","e":"n","st":"","dvt":"V\u00e1lido","vap":"83","pvap":"   0,57"},{"seq":"14","sqcand":"100000939204","n":"25333","nm":"DEUSIVAN MOTOS","cc":"DEM","nv":" ","e":"n","st":"","dvt":"V\u00e1lido","vap":"435","pvap":"   2,97"},{"seq":"27","sqcand":"100000768709","n":"10000","nm":"ANTONIO DOIDO","cc":"REPUBLICANOS","nv":" ","e":"n","st":"","dvt":"V\u00e1lido","vap":"155","pvap":"   1,06"},{"seq":"45","sqcand":"100000769299","n":"22123","nm":"FRAN MACIEL","cc":"PL","nv":" ","e":"n","st":"","dvt":"V\u00e1lido","vap":"16","pvap":"   0,11"},{"seq":"3","sqcand":"100000939203","n":"25111","nm":"GABRIELA LIMA","cc":"DEM","nv":" ","e":"n","st":"","dvt":"V\u00e1lido","vap":"813","pvap":"   5,55"},{"seq":"9","sqcand":"100000938494","n":"11111","nm":"ABIAS LOPES","cc":"PP","nv":" ","e":"n","st":"","dvt":"V\u00e1lido","vap":"510","pvap":"   3,48"},{"seq":"5","sqcand":"100000939210","n":"25122","nm":"MOI PEREIRA","cc":"DEM","nv":" ","e":"n","st":"","dvt":"V\u00e1lido","vap":"544","pvap":"   3,72"},{"seq":"8","sqcand":"100000938501","n":"11233","nm":"DAVI FILHO","cc":"PP","nv":" ","e":"n","st":"","dvt":"V\u00e1lido","vap":"519","pvap":"   3,55"},{"seq":"47","sqcand":"100000939206","n":"25567","nm":"TIA PRETINHA","cc":"DEM","nv":" ","e":"n","st":"","dvt":"V\u00e1lido","vap":"12","pvap":"   0,08"},{"seq":"26","sqcand":"100000938507","n":"11222","nm":"PELADO DO ESPORTE","cc":"PP","nv":" ","e":"n","st":"","dvt":"V\u00e1lido","vap":"190","pvap":"   1,30"},{"seq":"41","sqcand":"100000938500","n":"11555","nm":"SHYRLLEY RHEYS","cc":"PP","nv":" ","e":"n","st":"","dvt":"V\u00e1lido","vap":"20","pvap":"   0,14"},{"seq":"37","sqcand":"100000939208","n":"25789","nm":"PROFESSORA TANIA","cc":"DEM","nv":" ","e":"n","st":"","dvt":"V\u00e1lido","vap":"58","pvap":"   0,40"},{"seq":"42","sqcand":"100000769296","n":"22777","nm":"ARIADINE","cc":"PL","nv":" ","e":"n","st":"","dvt":"V\u00e1lido","vap":"19","pvap":"   0,13"},{"seq":"2","sqcand":"100000769303","n":"22223","nm":"CHICO LOPES","cc":"PL","nv":" ","e":"n","st":"","dvt":"V\u00e1lido","vap":"888","pvap":"   6,07"},{"seq":"12","sqcand":"100000938504","n":"11234","nm":"LINDO DO BACURI","cc":"PP","nv":" ","e":"n","st":"","dvt":"V\u00e1lido","vap":"475","pvap":"   3,25"},{"seq":"48","sqcand":"100000769302","n":"22112","nm":"DORILENE LIRA","cc":"PL","nv":" ","e":"n","st":"","dvt":"V\u00e1lido","vap":"6","pvap":"   0,04"},{"seq":"16","sqcand":"100000939199","n":"25888","nm":"IRM\u00c3O ENEAS","cc":"DEM","nv":" ","e":"n","st":"","dvt":"V\u00e1lido","vap":"398","pvap":"   2,72"},{"seq":"49","sqcand":"100000939214","n":"25345","nm":"RAFAELA","cc":"DEM","nv":" ","e":"n","st":"","dvt":"V\u00e1lido","vap":"6","pvap":"   0,04"}]}
