{"ele":"426","tpabr":"mu","cdabr":"08737","carper":"13","t":"1","f":"o","dt":"15/11/2020","ht":"20:50:14","dv":"s","tf":"s","v":"11","esae":"n","mnae":"","s":"35","st":"35","pst":" 100,00","snt":"0","psnt":"   0,00","si":"35","psi":" 100,00","sni":"0","psni":"   0,00","sa":"35","psa":" 100,00","sna":"0","psna":"   0,00","e":"11913","ea":"11913","pea":" 100,00","ena":"0","pena":"   0,00","esi":"11913","pesi":" 100,00","esni":"0","pesni":"   0,00","c":"10013","pc":"  84,05","a":"1900","pa":"  15,95","vscv":"0","vnom":"8985","vl":"501","pvnom":"  94,72","pvl":"   5,28","vvc":"9486","pvvc":"  94,74","vb":"85","pvb":"   0,85","tvn":"442","ptvn":"   4,41","vn":"442","pvn":" 100,00","vnt":"0","pvnt":"   0,00","vp":"0","pvp":"   0,00","vv":"9486","pvv":" 100,00","van":"0","pvan":"   0,00","vansj":"0","pvansj":"   0,00","tv":"10013","cand":[{"seq":"19","sqcand":"100000838996","n":"36666","nm":"VIVIANE DA \u00c1GUA","cc":"PTC","nv":" ","e":"n","st":"Suplente","dvt":"V\u00e1lido","vap":"190","pvap":"   2,00"},{"seq":"1","sqcand":"100000838987","n":"36444","nm":"IRM\u00c3O FRANCISCO","cc":"PTC","nv":" ","e":"s","st":"Eleito","dvt":"V\u00e1lido","vap":"644","pvap":"   6,79"},{"seq":"28","sqcand":"100000838991","n":"36222","nm":"IRM\u00c3O JURACY","cc":"PTC","nv":" ","e":"n","st":"Suplente","dvt":"V\u00e1lido","vap":"136","pvap":"   1,43"},{"seq":"40","sqcand":"100000837854","n":"70888","nm":"JULINHO DA JOVELINA","cc":"AVANTE","nv":" ","e":"n","st":"Suplente","dvt":"V\u00e1lido","vap":"73","pvap":"   0,77"},{"seq":"33","sqcand":"100000839542","n":"22223","nm":"ERIFRANKLIN","cc":"PL","nv":" ","e":"n","st":"Suplente","dvt":"V\u00e1lido","vap":"101","pvap":"   1,06"},{"seq":"18","sqcand":"100000839342","n":"10888","nm":"GUSTAVO DO NONATO DA LOURA","cc":"REPUBLICANOS","nv":" ","e":"n","st":"Suplente","dvt":"V\u00e1lido","vap":"227","pvap":"   2,39"},{"seq":"49","sqcand":"100000837852","n":"70100","nm":"ILZILENE MONTEIRO","cc":"AVANTE","nv":" ","e":"n","st":"Suplente","dvt":"V\u00e1lido","vap":"22","pvap":"   0,23"},{"seq":"36","sqcand":"100000838986","n":"36333","nm":"COMPANHEIRA DAS DORES","cc":"PTC","nv":" ","e":"n","st":"Suplente","dvt":"V\u00e1lido","vap":"99","pvap":"   1,04"},{"seq":"17","sqcand":"100000839333","n":"10555","nm":"ZECA RODRIGUES","cc":"REPUBLICANOS","nv":" ","e":"n","st":"Suplente","dvt":"V\u00e1lido","vap":"230","pvap":"   2,42"},{"seq":"27","sqcand":"100000839539","n":"22456","nm":"JADER LU\u00cdS","cc":"PL","nv":" ","e":"n","st":"Suplente","dvt":"V\u00e1lido","vap":"147","pvap":"   1,55"},{"seq":"12","sqcand":"100000839334","n":"10222","nm":"GALEGO","cc":"REPUBLICANOS","nv":" ","e":"n","st":"Suplente","dvt":"V\u00e1lido","vap":"285","pvap":"   3,00"},{"seq":"52","sqcand":"100000839540","n":"22200","nm":"PAULA DO BOLO","cc":"PL","nv":" ","e":"n","st":"Suplente","dvt":"V\u00e1lido","vap":"14","pvap":"   0,15"},{"seq":"55","sqcand":"100000839530","n":"22999","nm":"ROBSON SALES","cc":"PL","nv":" ","e":"n","st":"Suplente","dvt":"V\u00e1lido","vap":"5","pvap":"   0,05"},{"seq":"29","sqcand":"100000839532","n":"22444","nm":"ED DO FOGOI\u00d3","cc":"PL","nv":" ","e":"n","st":"Suplente","dvt":"V\u00e1lido","vap":"131","pvap":"   1,38"},{"seq":"13","sqcand":"100000839340","n":"10333","nm":"DUCA RIOS","cc":"REPUBLICANOS","nv":" ","e":"n","st":"Suplente","dvt":"V\u00e1lido","vap":"270","pvap":"   2,85"},{"seq":"42","sqcand":"100000838994","n":"36555","nm":"JUNIOR ARA\u00daJO","cc":"PTC","nv":" ","e":"n","st":"Suplente","dvt":"V\u00e1lido","vap":"49","pvap":"   0,52"},{"seq":"20","sqcand":"100000838985","n":"36111","nm":"TUNICA","cc":"PTC","nv":" ","e":"n","st":"Suplente","dvt":"V\u00e1lido","vap":"186","pvap":"   1,96"},{"seq":"30","sqcand":"100000837857","n":"70999","nm":"VALDECI ROCHA","cc":"AVANTE","nv":" ","e":"n","st":"Suplente","dvt":"V\u00e1lido","vap":"115","pvap":"   1,21"},{"seq":"5","sqcand":"100000839335","n":"10100","nm":"BICO DO ONIBUS","cc":"REPUBLICANOS","nv":" ","e":"s","st":"Eleito","dvt":"V\u00e1lido","vap":"333","pvap":"   3,51"},{"seq":"53","sqcand":"100000837855","n":"70333","nm":"CHEBA","cc":"AVANTE","nv":" ","e":"n","st":"Suplente","dvt":"V\u00e1lido","vap":"12","pvap":"   0,13"},{"seq":"21","sqcand":"100000837848","n":"70000","nm":"BATISTA DA TORRE","cc":"AVANTE","nv":" ","e":"n","st":"Suplente","dvt":"V\u00e1lido","vap":"181","pvap":"   1,91"},{"seq":"2","sqcand":"100000838989","n":"36000","nm":"JUNIOR DO POSTO","cc":"PTC","nv":" ","e":"s","st":"Eleito","dvt":"V\u00e1lido","vap":"532","pvap":"   5,61"},{"seq":"32","sqcand":"100000838992","n":"36789","nm":"IRM\u00c3O AM\u00c9RICO","cc":"PTC","nv":" ","e":"n","st":"Suplente","dvt":"V\u00e1lido","vap":"102","pvap":"   1,08"},{"seq":"22","sqcand":"100000837856","n":"70777","nm":"MACIEL TINTINO","cc":"AVANTE","nv":" ","e":"n","st":"Suplente","dvt":"V\u00e1lido","vap":"176","pvap":"   1,86"},{"seq":"35","sqcand":"100000838988","n":"36366","nm":"M\u00d4NICA LIMA","cc":"PTC","nv":" ","e":"n","st":"Suplente","dvt":"V\u00e1lido","vap":"100","pvap":"   1,05"},{"seq":"54","sqcand":"100000839543","n":"22666","nm":"JO\u00c3O CARNA\u00daBA","cc":"PL","nv":" ","e":"n","st":"Suplente","dvt":"V\u00e1lido","vap":"8","pvap":"   0,08"},{"seq":"34","sqcand":"100000838997","n":"36888","nm":"MORENO","cc":"PTC","nv":" ","e":"n","st":"Suplente","dvt":"V\u00e1lido","vap":"100","pvap":"   1,05"},{"seq":"9","sqcand":"100000838993","n":"36999","nm":"HELENI DO LULU","cc":"PTC","nv":" ","e":"s","st":"Eleito","dvt":"V\u00e1lido","vap":"260","pvap":"   2,74"},{"seq":"14","sqcand":"100000837851","n":"70222","nm":"PEDRO ALEXANDRE","cc":"AVANTE","nv":" ","e":"n","st":"Suplente","dvt":"V\u00e1lido","vap":"247","pvap":"   2,60"},{"seq":"39","sqcand":"100000837846","n":"70444","nm":"CURI\u00d3 DO BREGA","cc":"AVANTE","nv":" ","e":"n","st":"Suplente","dvt":"V\u00e1lido","vap":"78","pvap":"   0,82"},{"seq":"44","sqcand":"100000839337","n":"10455","nm":"BRANCA DO ZE DE CUSTODIO","cc":"REPUBLICANOS","nv":" ","e":"n","st":"Suplente","dvt":"V\u00e1lido","vap":"40","pvap":"   0,42"},{"seq":"4","sqcand":"100000839343","n":"10111","nm":"IRM\u00c3 VANUZA","cc":"REPUBLICANOS","nv":" ","e":"s","st":"Eleito","dvt":"V\u00e1lido","vap":"435","pvap":"   4,59"},{"seq":"41","sqcand":"100000839533","n":"22123","nm":"ALEXANDRE DO CHUCA","cc":"PL","nv":" ","e":"n","st":"Suplente","dvt":"V\u00e1lido","vap":"70","pvap":"   0,74"},{"seq":"8","sqcand":"100000839345","n":"10666","nm":"ENFERMEIRA RAPHAELA","cc":"REPUBLICANOS","nv":" ","e":"s","st":"Eleito","dvt":"V\u00e1lido","vap":"291","pvap":"   3,07"},{"seq":"16","sqcand":"100000839348","n":"10000","nm":"ZECA  DE DR JO\u00c3O","cc":"REPUBLICANOS","nv":" ","e":"n","st":"Suplente","dvt":"V\u00e1lido","vap":"235","pvap":"   2,48"},{"seq":"31","sqcand":"100000839349","n":"10789","nm":"ENFERMEIRA PATRICIA","cc":"REPUBLICANOS","nv":" ","e":"n","st":"Suplente","dvt":"V\u00e1lido","vap":"110","pvap":"   1,16"},{"seq":"48","sqcand":"100000837859","n":"70111","nm":"EDILSON DA CADEIRA DE RODAS","cc":"AVANTE","nv":" ","e":"n","st":"Suplente","dvt":"V\u00e1lido","vap":"24","pvap":"   0,25"},{"seq":"7","sqcand":"100000837849","n":"70123","nm":"UACY","cc":"AVANTE","nv":" ","e":"s","st":"Eleito","dvt":"V\u00e1lido","vap":"318","pvap":"   3,35"},{"seq":"58","sqcand":"100000837858","n":"70778","nm":"CRIS URSO","cc":"AVANTE","nv":" ","e":"n","st":"Suplente","dvt":"V\u00e1lido","vap":"0","pvap":"00.00"},{"seq":"3","sqcand":"100000838990","n":"36123","nm":"PEDRO ARA\u00daJO","cc":"PTC","nv":" ","e":"s","st":"Eleito","dvt":"V\u00e1lido","vap":"460","pvap":"   4,85"},{"seq":"56","sqcand":"100000837847","n":"70963","nm":"BRANCA DO S\u00c3O BARTOLOMEU","cc":"AVANTE","nv":" ","e":"n","st":"Suplente","dvt":"V\u00e1lido","vap":"4","pvap":"   0,04"},{"seq":"38","sqcand":"100000837850","n":"70555","nm":"ANA MARIA","cc":"AVANTE","nv":" ","e":"n","st":"Suplente","dvt":"V\u00e1lido","vap":"94","pvap":"   0,99"},{"seq":"37","sqcand":"100000839346","n":"10321","nm":"FRANCINALDO DO CHICO BRANCO","cc":"REPUBLICANOS","nv":" ","e":"n","st":"Suplente","dvt":"V\u00e1lido","vap":"98","pvap":"   1,03"},{"seq":"26","sqcand":"100000839344","n":"10777","nm":"BARBARA CORREA","cc":"REPUBLICANOS","nv":" ","e":"n","st":"Suplente","dvt":"V\u00e1lido","vap":"150","pvap":"   1,58"},{"seq":"46","sqcand":"100000838995","n":"36777","nm":"MANAB\u00da","cc":"PTC","nv":" ","e":"n","st":"Suplente","dvt":"V\u00e1lido","vap":"37","pvap":"   0,39"},{"seq":"10","sqcand":"100000839536","n":"22111","nm":"ALAN","cc":"PL","nv":" ","e":"s","st":"Eleito","dvt":"V\u00e1lido","vap":"214","pvap":"   2,26"},{"seq":"23","sqcand":"100000839339","n":"10345","nm":"PROFESSOR FRANCISCO","cc":"REPUBLICANOS","nv":" ","e":"n","st":"Suplente","dvt":"V\u00e1lido","vap":"166","pvap":"   1,75"},{"seq":"50","sqcand":"100000839537","n":"22888","nm":"SANDRA","cc":"PL","nv":" ","e":"n","st":"Suplente","dvt":"V\u00e1lido","vap":"21","pvap":"   0,22"},{"seq":"15","sqcand":"100000839341","n":"10456","nm":"NATINHO MELO","cc":"REPUBLICANOS","nv":" ","e":"n","st":"Suplente","dvt":"V\u00e1lido","vap":"243","pvap":"   2,56"},{"seq":"45","sqcand":"100000839535","n":"22555","nm":"PROFESSORA ELITA","cc":"PL","nv":" ","e":"n","st":"Suplente","dvt":"V\u00e1lido","vap":"39","pvap":"   0,41"},{"seq":"25","sqcand":"100000839534","n":"22333","nm":"IRM\u00c3O PEZ\u00c3O","cc":"PL","nv":" ","e":"n","st":"Suplente","dvt":"V\u00e1lido","vap":"151","pvap":"   1,59"},{"seq":"24","sqcand":"100000839545","n":"22000","nm":"DR. LU\u00cdS DE FRAN\u00c7A","cc":"PL","nv":" ","e":"n","st":"Suplente","dvt":"V\u00e1lido","vap":"158","pvap":"   1,67"},{"seq":"59","sqcand":"100000837853","n":"70456","nm":"GENILTON","cc":"AVANTE","nv":" ","e":"n","st":"Suplente","dvt":"V\u00e1lido","vap":"0","pvap":"00.00"},{"seq":"43","sqcand":"100000839336","n":"10999","nm":"ZEQUINHA DA NOVA PIRAPEMAS","cc":"REPUBLICANOS","nv":" ","e":"n","st":"Suplente","dvt":"V\u00e1lido","vap":"40","pvap":"   0,42"},{"seq":"47","sqcand":"100000839541","n":"22233","nm":"DEUSA MARTILIANO","cc":"PL","nv":" ","e":"n","st":"Suplente","dvt":"V\u00e1lido","vap":"36","pvap":"   0,38"},{"seq":"11","sqcand":"100000839544","n":"22222","nm":"EDIMAR MOTA","cc":"PL","nv":" ","e":"s","st":"Eleito","dvt":"V\u00e1lido","vap":"159","pvap":"   1,68"},{"seq":"6","sqcand":"100000839347","n":"10123","nm":"JO\u00c3O MARCUS PINDAR\u00c9","cc":"REPUBLICANOS","nv":" ","e":"s","st":"Eleito","dvt":"V\u00e1lido","vap":"319","pvap":"   3,36"},{"seq":"57","sqcand":"100000837845","n":"70500","nm":"MARTA GELMA","cc":"AVANTE","nv":" ","e":"n","st":"Suplente","dvt":"V\u00e1lido","vap":"0","pvap":"00.00"},{"seq":"51","sqcand":"100000839538","n":"22100","nm":"SENHORINHA","cc":"PL","nv":" ","e":"n","st":"Suplente","dvt":"V\u00e1lido","vap":"20","pvap":"   0,21"}]}
