{"ele":"426","tpabr":"mu","cdabr":"08753","carper":"13","t":"1","f":"o","dt":"15/11/2020","ht":"21:54:03","dv":"s","tf":"s","v":"11","esae":"n","mnae":"","s":"55","st":"55","pst":" 100,00","snt":"0","psnt":"   0,00","si":"55","psi":" 100,00","sni":"0","psni":"   0,00","sa":"55","psa":" 100,00","sna":"0","psna":"   0,00","e":"14410","ea":"14410","pea":" 100,00","ena":"0","pena":"   0,00","esi":"14410","pesi":" 100,00","esni":"0","pesni":"   0,00","c":"12362","pc":"  85,79","a":"2048","pa":"  14,21","vscv":"0","vnom":"11319","vl":"547","pvnom":"  95,39","pvl":"   4,61","vvc":"11868","pvvc":"  96,00","vb":"97","pvb":"   0,79","tvn":"397","ptvn":"   3,21","vn":"397","pvn":" 100,00","vnt":"0","pvnt":"   0,00","vp":"0","pvp":"   0,00","vv":"11866","pvv":"  99,98","van":"0","pvan":"   0,00","vansj":"2","pvansj":"   0,02","tv":"12362","cand":[{"seq":"29","sqcand":"100000762497","n":"12580","nm":"JERL\u00c2NDIA DA HORA","cc":"PDT","nv":" ","e":"n","st":"Suplente","dvt":"V\u00e1lido","vap":"29","pvap":"   0,24"},{"seq":"38","sqcand":"100000766516","n":"35777","nm":"IRM\u00c3 GRA\u00c7A","cc":"PMB","nv":" ","e":"n","st":"N\u00e3o eleito","dvt":"V\u00e1lido","vap":"4","pvap":"   0,03"},{"seq":"10","sqcand":"100000762495","n":"12444","nm":"DI\u00c1 DO BARRO VERMELHO","cc":"PDT","nv":" ","e":"s","st":"Eleito","dvt":"V\u00e1lido","vap":"544","pvap":"   4,58"},{"seq":"18","sqcand":"100001045016","n":"14456","nm":"JUNIOR ARAGAO","cc":"PTB","nv":" ","e":"n","st":"Suplente","dvt":"V\u00e1lido","vap":"269","pvap":"   2,27"},{"seq":"23","sqcand":"100000762499","n":"12122","nm":"ANA EVA","cc":"PDT","nv":" ","e":"n","st":"Suplente","dvt":"V\u00e1lido","vap":"150","pvap":"   1,26"},{"seq":"24","sqcand":"100000762494","n":"12012","nm":"MARLY HOLANDA","cc":"PDT","nv":" ","e":"n","st":"Suplente","dvt":"V\u00e1lido","vap":"118","pvap":"   0,99"},{"seq":"16","sqcand":"100000762492","n":"12999","nm":"ERIVALDO CARLOS","cc":"PDT","nv":" ","e":"n","st":"Suplente","dvt":"V\u00e1lido","vap":"310","pvap":"   2,61"},{"seq":"41","sqcand":"100000766518","n":"35678","nm":"FRANCISCO MACEDO","cc":"PMB","nv":" ","e":"n","st":"N\u00e3o eleito","dvt":"V\u00e1lido","vap":"2","pvap":"   0,02"},{"seq":"43","sqcand":"100000918900","n":"23000","nm":"SIMONE","cc":"CIDADANIA","nv":" ","e":"n","st":"N\u00e3o eleito","dvt":"V\u00e1lido","vap":"0","pvap":"00.00"},{"seq":"7","sqcand":"100000762505","n":"12222","nm":"GRANDE","cc":"PDT","nv":" ","e":"s","st":"Eleito","dvt":"V\u00e1lido","vap":"606","pvap":"   5,11"},{"seq":"35","sqcand":"100000918898","n":"23444","nm":"PROFESSOR ADRIANO NUNES","cc":"CIDADANIA","nv":" ","e":"n","st":"N\u00e3o eleito","dvt":"V\u00e1lido","vap":"17","pvap":"   0,14"},{"seq":"19","sqcand":"100000762500","n":"12456","nm":"VALDEIR","cc":"PDT","nv":" ","e":"n","st":"Suplente","dvt":"V\u00e1lido","vap":"242","pvap":"   2,04"},{"seq":"37","sqcand":"100000918899","n":"23333","nm":"CLAUDIO SANTOS","cc":"CIDADANIA","nv":" ","e":"n","st":"N\u00e3o eleito","dvt":"V\u00e1lido","vap":"10","pvap":"   0,08"},{"seq":"6","sqcand":"100000762491","n":"12333","nm":"MANO LIMA","cc":"PDT","nv":" ","e":"s","st":"Eleito","dvt":"V\u00e1lido","vap":"660","pvap":"   5,56"},{"seq":"32","sqcand":"100001045026","n":"14145","nm":"BIR\u00c1 DO CALDO","cc":"PTB","nv":" ","e":"n","st":"Suplente","dvt":"V\u00e1lido","vap":"9","pvap":"   0,08"},{"seq":"13","sqcand":"100000762489","n":"12111","nm":"PROFESSOR ROBERTO","cc":"PDT","nv":" ","e":"n","st":"Suplente","dvt":"V\u00e1lido","vap":"496","pvap":"   4,18"},{"seq":"27","sqcand":"100001045021","n":"14141","nm":"WANNY LINHARES","cc":"PTB","nv":" ","e":"n","st":"Suplente","dvt":"V\u00e1lido","vap":"73","pvap":"   0,62"},{"seq":"34","sqcand":"100000918902","n":"23456","nm":"PROFESSORA FERNANDA","cc":"CIDADANIA","nv":" ","e":"n","st":"N\u00e3o eleito","dvt":"V\u00e1lido","vap":"18","pvap":"   0,15"},{"seq":"26","sqcand":"100000762502","n":"12789","nm":"Z\u00c9 ROBERTO","cc":"PDT","nv":" ","e":"n","st":"Suplente","dvt":"V\u00e1lido","vap":"110","pvap":"   0,93"},{"seq":"15","sqcand":"100001045015","n":"14222","nm":"MATEUS MARIANO","cc":"PTB","nv":" ","e":"n","st":"Suplente","dvt":"V\u00e1lido","vap":"401","pvap":"   3,38"},{"seq":"3","sqcand":"100000762498","n":"12000","nm":"JOAQUIM FILHO","cc":"PDT","nv":" ","e":"s","st":"Eleito","dvt":"V\u00e1lido","vap":"689","pvap":"   5,81"},{"seq":"40","sqcand":"100000766517","n":"35635","nm":"NEN\u00c9M DA CONTABILIDADE","cc":"PMB","nv":" ","e":"n","st":"N\u00e3o eleito","dvt":"V\u00e1lido","vap":"3","pvap":"   0,03"},{"seq":"33","sqcand":"100000918901","n":"23123","nm":"JOEL ESCRIV\u00c3O","cc":"CIDADANIA","nv":" ","e":"n","st":"N\u00e3o eleito","dvt":"V\u00e1lido","vap":"44","pvap":"   0,37"},{"seq":"4","sqcand":"100000762501","n":"12345","nm":"MATEUS CRO\u00c1","cc":"PDT","nv":" ","e":"s","st":"Eleito","dvt":"V\u00e1lido","vap":"682","pvap":"   5,75"},{"seq":"28","sqcand":"100001045025","n":"14333","nm":"PADRE BALTAZAR","cc":"PTB","nv":" ","e":"n","st":"Suplente","dvt":"V\u00e1lido","vap":"51","pvap":"   0,43"},{"seq":"14","sqcand":"100001045022","n":"14111","nm":"ANDR\u00c9 DA FORTALEZA","cc":"PTB","nv":" ","e":"n","st":"Suplente","dvt":"V\u00e1lido","vap":"432","pvap":"   3,64"},{"seq":"42","sqcand":"100001045023","n":"14777","nm":"AILTON PONTES","cc":"PTB","nv":" ","e":"n","st":"N\u00e3o eleito","dvt":"Anulado sub judice","vap":"2","pvap":"   0,02"},{"seq":"2","sqcand":"100001045020","n":"14999","nm":"PROFESSORA SONIA","cc":"PTB","nv":" ","e":"s","st":"Eleito","dvt":"V\u00e1lido","vap":"701","pvap":"   5,91"},{"seq":"5","sqcand":"100000762504","n":"12777","nm":"EDNA BRITO","cc":"PDT","nv":" ","e":"s","st":"Eleito","dvt":"V\u00e1lido","vap":"664","pvap":"   5,59"},{"seq":"17","sqcand":"100001045014","n":"14555","nm":"ANTONIO SILVA","cc":"PTB","nv":" ","e":"n","st":"Suplente","dvt":"V\u00e1lido","vap":"294","pvap":"   2,48"},{"seq":"8","sqcand":"100001045018","n":"14000","nm":"RAY SILVA","cc":"PTB","nv":" ","e":"s","st":"Eleito","dvt":"V\u00e1lido","vap":"599","pvap":"   5,05"},{"seq":"12","sqcand":"100000762496","n":"12121","nm":"ALISON DO BORGES","cc":"PDT","nv":" ","e":"n","st":"Suplente","dvt":"V\u00e1lido","vap":"520","pvap":"   4,38"},{"seq":"9","sqcand":"100000762490","n":"12555","nm":"ANGELA","cc":"PDT","nv":" ","e":"s","st":"Eleito","dvt":"V\u00e1lido","vap":"549","pvap":"   4,63"},{"seq":"25","sqcand":"100001045024","n":"14123","nm":"PROA","cc":"PTB","nv":" ","e":"n","st":"Suplente","dvt":"V\u00e1lido","vap":"117","pvap":"   0,99"},{"seq":"36","sqcand":"100000766519","n":"35432","nm":"CELMA CAVALCANTE","cc":"PMB","nv":" ","e":"n","st":"N\u00e3o eleito","dvt":"V\u00e1lido","vap":"14","pvap":"   0,12"},{"seq":"1","sqcand":"100001045013","n":"14147","nm":"DANIELE BRASIL","cc":"PTB","nv":" ","e":"s","st":"Eleito","dvt":"V\u00e1lido","vap":"876","pvap":"   7,38"},{"seq":"30","sqcand":"100000762503","n":"12123","nm":"MARILENE CRO\u00c1","cc":"PDT","nv":" ","e":"n","st":"Suplente","dvt":"V\u00e1lido","vap":"27","pvap":"   0,23"},{"seq":"31","sqcand":"100001045012","n":"14789","nm":"ELZA PINHEIRO","cc":"PTB","nv":" ","e":"n","st":"Suplente","dvt":"V\u00e1lido","vap":"14","pvap":"   0,12"},{"seq":"39","sqcand":"100000766515","n":"35555","nm":"RAIMUNDO DA PADARIA","cc":"PMB","nv":" ","e":"n","st":"N\u00e3o eleito","dvt":"V\u00e1lido","vap":"4","pvap":"   0,03"},{"seq":"22","sqcand":"100001045019","n":"14144","nm":"PEDRO DA MARINHA","cc":"PTB","nv":" ","e":"n","st":"Suplente","dvt":"V\u00e1lido","vap":"165","pvap":"   1,39"},{"seq":"20","sqcand":"100000762493","n":"12369","nm":"CAZUZA LINHARES","cc":"PDT","nv":" ","e":"n","st":"Suplente","dvt":"V\u00e1lido","vap":"187","pvap":"   1,58"},{"seq":"21","sqcand":"100001045017","n":"14888","nm":"RAIMUNDA FORTES","cc":"PTB","nv":" ","e":"n","st":"Suplente","dvt":"V\u00e1lido","vap":"185","pvap":"   1,56"},{"seq":"11","sqcand":"100001045027","n":"14444","nm":"DUTA","cc":"PTB","nv":" ","e":"s","st":"Eleito","dvt":"V\u00e1lido","vap":"434","pvap":"   3,66"}]}
