{"ele":"426","tpabr":"mu","cdabr":"08770","carper":"13","t":"1","f":"o","dt":"15/11/2020","ht":"22:09:25","dv":"s","tf":"s","v":"11","esae":"n","mnae":"","s":"42","st":"42","pst":" 100,00","snt":"0","psnt":"   0,00","si":"42","psi":" 100,00","sni":"0","psni":"   0,00","sa":"42","psa":" 100,00","sna":"0","psna":"   0,00","e":"16605","ea":"16605","pea":" 100,00","ena":"0","pena":"   0,00","esi":"16605","pesi":" 100,00","esni":"0","pesni":"   0,00","c":"14306","pc":"  86,15","a":"2299","pa":"  13,85","vscv":"0","vnom":"13398","vl":"544","pvnom":"  96,10","pvl":"   3,90","vvc":"13942","pvvc":"  97,46","vb":"101","pvb":"   0,70","tvn":"263","ptvn":"   1,84","vn":"263","pvn":" 100,00","vnt":"0","pvnt":"   0,00","vp":"0","pvp":"   0,00","vv":"13942","pvv":" 100,00","van":"0","pvan":"   0,00","vansj":"0","pvansj":"   0,00","tv":"14306","cand":[{"seq":"59","sqcand":"100000986180","n":"50456","nm":"PAULO RICARDO AGUIAR","cc":"PSOL","nv":" ","e":"n","st":"N\u00e3o eleito","dvt":"V\u00e1lido","vap":"0","pvap":"00.00"},{"seq":"49","sqcand":"100001021235","n":"22580","nm":"DINALVA SILVA","cc":"PL","nv":" ","e":"n","st":"Suplente","dvt":"V\u00e1lido","vap":"13","pvap":"   0,09"},{"seq":"32","sqcand":"100001021019","n":"12789","nm":"EDIVAN DA SUCAM","cc":"PDT","nv":" ","e":"n","st":"Suplente","dvt":"V\u00e1lido","vap":"116","pvap":"   0,83"},{"seq":"41","sqcand":"100000984959","n":"25055","nm":"VANDERLENE BARROS","cc":"DEM","nv":" ","e":"n","st":"Suplente","dvt":"V\u00e1lido","vap":"64","pvap":"   0,46"},{"seq":"31","sqcand":"100001021237","n":"22444","nm":"MANOEL MACAMBIRA","cc":"PL","nv":" ","e":"n","st":"Suplente","dvt":"V\u00e1lido","vap":"117","pvap":"   0,84"},{"seq":"29","sqcand":"100000984968","n":"25999","nm":"PAULINHO DO COIT\u00c9","cc":"DEM","nv":" ","e":"n","st":"Suplente","dvt":"V\u00e1lido","vap":"128","pvap":"   0,92"},{"seq":"44","sqcand":"100001021018","n":"12116","nm":"LUCINDA DA VACINA","cc":"PDT","nv":" ","e":"n","st":"Suplente","dvt":"V\u00e1lido","vap":"44","pvap":"   0,32"},{"seq":"20","sqcand":"100001021248","n":"22345","nm":"HERM\u00cdNIO DA FARMACIA","cc":"PL","nv":" ","e":"n","st":"Suplente","dvt":"V\u00e1lido","vap":"255","pvap":"   1,83"},{"seq":"50","sqcand":"100000986181","n":"50000","nm":"EDVAN DA CULTURA","cc":"PSOL","nv":" ","e":"n","st":"N\u00e3o eleito","dvt":"V\u00e1lido","vap":"209","pvap":"   1,50"},{"seq":"5","sqcand":"100000984967","n":"25777","nm":"EDIDACIO LOPES","cc":"DEM","nv":" ","e":"s","st":"Eleito","dvt":"V\u00e1lido","vap":"586","pvap":"   4,20"},{"seq":"36","sqcand":"100000984964","n":"25678","nm":"L\u00c9LIA PINTO","cc":"DEM","nv":" ","e":"n","st":"Suplente","dvt":"V\u00e1lido","vap":"88","pvap":"   0,63"},{"seq":"34","sqcand":"100001021029","n":"12000","nm":"DIONE DA VAN","cc":"PDT","nv":" ","e":"n","st":"Suplente","dvt":"V\u00e1lido","vap":"107","pvap":"   0,77"},{"seq":"54","sqcand":"100000986179","n":"50123","nm":"COCA-COLA","cc":"PSOL","nv":" ","e":"n","st":"N\u00e3o eleito","dvt":"V\u00e1lido","vap":"25","pvap":"   0,18"},{"seq":"51","sqcand":"100000986177","n":"50222","nm":"TIA CILEIDE","cc":"PSOL","nv":" ","e":"n","st":"N\u00e3o eleito","dvt":"V\u00e1lido","vap":"65","pvap":"   0,47"},{"seq":"38","sqcand":"100001021024","n":"12777","nm":"GERMANIM","cc":"PDT","nv":" ","e":"n","st":"Suplente","dvt":"V\u00e1lido","vap":"85","pvap":"   0,61"},{"seq":"4","sqcand":"100000984957","n":"25789","nm":"CAFURINGA","cc":"DEM","nv":" ","e":"s","st":"Eleito","dvt":"V\u00e1lido","vap":"619","pvap":"   4,44"},{"seq":"45","sqcand":"100000984958","n":"25321","nm":"IDELMAR","cc":"DEM","nv":" ","e":"n","st":"Suplente","dvt":"V\u00e1lido","vap":"43","pvap":"   0,31"},{"seq":"48","sqcand":"100001021026","n":"12112","nm":"SIMONE MELLO","cc":"PDT","nv":" ","e":"n","st":"Suplente","dvt":"V\u00e1lido","vap":"27","pvap":"   0,19"},{"seq":"7","sqcand":"100001021241","n":"22555","nm":"VAN","cc":"PL","nv":" ","e":"s","st":"Eleito","dvt":"V\u00e1lido","vap":"486","pvap":"   3,49"},{"seq":"8","sqcand":"100001021022","n":"12123","nm":"NETO","cc":"PDT","nv":" ","e":"s","st":"Eleito","dvt":"V\u00e1lido","vap":"484","pvap":"   3,47"},{"seq":"28","sqcand":"100001021023","n":"12567","nm":"PROFESSOR NEURIVALDO","cc":"PDT","nv":" ","e":"n","st":"Suplente","dvt":"V\u00e1lido","vap":"220","pvap":"   1,58"},{"seq":"3","sqcand":"100001021250","n":"22222","nm":"FELIPE AGUIAR","cc":"PL","nv":" ","e":"s","st":"Eleito","dvt":"V\u00e1lido","vap":"742","pvap":"   5,32"},{"seq":"25","sqcand":"100001021025","n":"12344","nm":"PRETO DA MOTO CICLE","cc":"PDT","nv":" ","e":"n","st":"Suplente","dvt":"V\u00e1lido","vap":"237","pvap":"   1,70"},{"seq":"40","sqcand":"100001021243","n":"22777","nm":"KABECINHA","cc":"PL","nv":" ","e":"n","st":"Suplente","dvt":"V\u00e1lido","vap":"73","pvap":"   0,52"},{"seq":"43","sqcand":"100000984953","n":"25444","nm":"MARIA DO LABORAT\u00d3RIO","cc":"DEM","nv":" ","e":"n","st":"Suplente","dvt":"V\u00e1lido","vap":"48","pvap":"   0,34"},{"seq":"10","sqcand":"100000984960","n":"25345","nm":"SAL\u00d3 GER\u00c9","cc":"DEM","nv":" ","e":"s","st":"Eleito","dvt":"V\u00e1lido","vap":"433","pvap":"   3,11"},{"seq":"23","sqcand":"100000984955","n":"25333","nm":"TERESINHA DE JESUS TJ","cc":"DEM","nv":" ","e":"n","st":"Suplente","dvt":"V\u00e1lido","vap":"238","pvap":"   1,71"},{"seq":"27","sqcand":"100001021244","n":"22789","nm":"EDIMAR DA AGROPORTO","cc":"PL","nv":" ","e":"n","st":"Suplente","dvt":"V\u00e1lido","vap":"231","pvap":"   1,66"},{"seq":"22","sqcand":"100001021031","n":"12100","nm":"LOURIENE MOREIRA","cc":"PDT","nv":" ","e":"n","st":"Suplente","dvt":"V\u00e1lido","vap":"245","pvap":"   1,76"},{"seq":"11","sqcand":"100001021030","n":"12312","nm":"PROFESSORA NALVA","cc":"PDT","nv":" ","e":"s","st":"Eleito","dvt":"V\u00e1lido","vap":"310","pvap":"   2,22"},{"seq":"24","sqcand":"100001021027","n":"12444","nm":"ARLENE DO TENENTE","cc":"PDT","nv":" ","e":"n","st":"Suplente","dvt":"V\u00e1lido","vap":"238","pvap":"   1,71"},{"seq":"16","sqcand":"100001021247","n":"22123","nm":"PROFESSOR DIMAS","cc":"PL","nv":" ","e":"n","st":"Suplente","dvt":"V\u00e1lido","vap":"389","pvap":"   2,79"},{"seq":"14","sqcand":"100000984962","n":"25456","nm":"SEME\u00c3O SOBRAL VILELA","cc":"DEM","nv":" ","e":"n","st":"Suplente","dvt":"V\u00e1lido","vap":"429","pvap":"   3,08"},{"seq":"33","sqcand":"100000984956","n":"25223","nm":"ANA PAULA SANTANA","cc":"DEM","nv":" ","e":"n","st":"Suplente","dvt":"V\u00e1lido","vap":"109","pvap":"   0,78"},{"seq":"35","sqcand":"100001021242","n":"22111","nm":"MARIA CLARA MILHOMEM","cc":"PL","nv":" ","e":"n","st":"Suplente","dvt":"V\u00e1lido","vap":"103","pvap":"   0,74"},{"seq":"17","sqcand":"100001021020","n":"12345","nm":"RUBENS DE S\u00c1","cc":"PDT","nv":" ","e":"n","st":"Suplente","dvt":"V\u00e1lido","vap":"307","pvap":"   2,20"},{"seq":"13","sqcand":"100000984961","n":"25888","nm":"PASTINHA","cc":"DEM","nv":" ","e":"n","st":"Suplente","dvt":"V\u00e1lido","vap":"433","pvap":"   3,11"},{"seq":"57","sqcand":"100000986175","n":"50501","nm":"PEDRO ALVES","cc":"PSOL","nv":" ","e":"n","st":"N\u00e3o eleito","dvt":"V\u00e1lido","vap":"11","pvap":"   0,08"},{"seq":"39","sqcand":"100001021236","n":"22000","nm":"JHONATAN BAGACEIRA","cc":"PL","nv":" ","e":"n","st":"Suplente","dvt":"V\u00e1lido","vap":"82","pvap":"   0,59"},{"seq":"52","sqcand":"100000986176","n":"50111","nm":"EDMILSON DO TRANSPORTE","cc":"PSOL","nv":" ","e":"n","st":"N\u00e3o eleito","dvt":"V\u00e1lido","vap":"35","pvap":"   0,25"},{"seq":"37","sqcand":"100001021028","n":"12333","nm":"DJARDES ABREU","cc":"PDT","nv":" ","e":"n","st":"Suplente","dvt":"V\u00e1lido","vap":"87","pvap":"   0,62"},{"seq":"53","sqcand":"100000986178","n":"50777","nm":"RESENDE","cc":"PSOL","nv":" ","e":"n","st":"N\u00e3o eleito","dvt":"V\u00e1lido","vap":"32","pvap":"   0,23"},{"seq":"12","sqcand":"100001021238","n":"22888","nm":"OSAMA DA DISTRIBUIDORA","cc":"PL","nv":" ","e":"n","st":"Suplente","dvt":"V\u00e1lido","vap":"469","pvap":"   3,36"},{"seq":"47","sqcand":"100000984954","n":"25147","nm":"DEUSA DA VILA","cc":"DEM","nv":" ","e":"n","st":"Suplente","dvt":"V\u00e1lido","vap":"34","pvap":"   0,24"},{"seq":"1","sqcand":"100000984966","n":"25000","nm":"CAFIMFIM","cc":"DEM","nv":" ","e":"s","st":"Eleito","dvt":"V\u00e1lido","vap":"815","pvap":"   5,85"},{"seq":"6","sqcand":"100001021240","n":"22999","nm":"GLEISON RODRIGUES","cc":"PL","nv":" ","e":"s","st":"Eleito","dvt":"V\u00e1lido","vap":"501","pvap":"   3,59"},{"seq":"15","sqcand":"100000984963","n":"25123","nm":"PASTOR VALMIR","cc":"DEM","nv":" ","e":"n","st":"Suplente","dvt":"V\u00e1lido","vap":"401","pvap":"   2,88"},{"seq":"55","sqcand":"100000986183","n":"50333","nm":"APOLLO GUERREIRO DO POVO","cc":"PSOL","nv":" ","e":"n","st":"N\u00e3o eleito","dvt":"V\u00e1lido","vap":"23","pvap":"   0,16"},{"seq":"30","sqcand":"100001021021","n":"12456","nm":"NEGUIM DO MAZIM","cc":"PDT","nv":" ","e":"n","st":"Suplente","dvt":"V\u00e1lido","vap":"119","pvap":"   0,85"},{"seq":"2","sqcand":"100001021033","n":"12222","nm":"ROG\u00c9RIO DA VAN","cc":"PDT","nv":" ","e":"s","st":"Eleito","dvt":"V\u00e1lido","vap":"809","pvap":"   5,80"},{"seq":"58","sqcand":"100000986182","n":"50121","nm":"HELINIR PINHEIRO","cc":"PSOL","nv":" ","e":"n","st":"N\u00e3o eleito","dvt":"V\u00e1lido","vap":"11","pvap":"   0,08"},{"seq":"21","sqcand":"100000984969","n":"25111","nm":"WILLIAN MAIOR","cc":"DEM","nv":" ","e":"n","st":"Suplente","dvt":"V\u00e1lido","vap":"252","pvap":"   1,81"},{"seq":"56","sqcand":"100001134266","n":"17777","nm":"DR BALTAZAR","cc":"PSL","nv":" ","e":"n","st":"N\u00e3o eleito","dvt":"V\u00e1lido","vap":"15","pvap":"   0,11"},{"seq":"18","sqcand":"100001021032","n":"12111","nm":"CL\u00c1UDIO FAMA","cc":"PDT","nv":" ","e":"n","st":"Suplente","dvt":"V\u00e1lido","vap":"292","pvap":"   2,09"},{"seq":"46","sqcand":"100001021239","n":"22666","nm":"SOCORRO DO LABORATORIO","cc":"PL","nv":" ","e":"n","st":"Suplente","dvt":"V\u00e1lido","vap":"43","pvap":"   0,31"},{"seq":"9","sqcand":"100000984965","n":"25555","nm":"AMIG\u00c3O","cc":"DEM","nv":" ","e":"s","st":"Eleito","dvt":"V\u00e1lido","vap":"438","pvap":"   3,14"},{"seq":"26","sqcand":"100001021245","n":"22147","nm":"SANDIRA MILHOMEM","cc":"PL","nv":" ","e":"n","st":"Suplente","dvt":"V\u00e1lido","vap":"235","pvap":"   1,69"},{"seq":"19","sqcand":"100001021246","n":"22333","nm":"EDIVAN DA SA\u00daDE","cc":"PL","nv":" ","e":"n","st":"Suplente","dvt":"V\u00e1lido","vap":"291","pvap":"   2,09"},{"seq":"42","sqcand":"100001021249","n":"22456","nm":"SEBASTIANA DA VEREDA SECA","cc":"PL","nv":" ","e":"n","st":"Suplente","dvt":"V\u00e1lido","vap":"57","pvap":"   0,41"}]}
