{"ele":"426","tpabr":"mu","cdabr":"08931","carper":"13","t":"1","f":"o","dt":"15/11/2020","ht":"22:25:59","dv":"s","tf":"s","v":"9","esae":"n","mnae":"","s":"16","st":"16","pst":" 100,00","snt":"0","psnt":"   0,00","si":"16","psi":" 100,00","sni":"0","psni":"   0,00","sa":"16","psa":" 100,00","sna":"0","psna":"   0,00","e":"5569","ea":"5569","pea":" 100,00","ena":"0","pena":"   0,00","esi":"5569","pesi":" 100,00","esni":"0","pesni":"   0,00","c":"5010","pc":"  89,96","a":"559","pa":"  10,04","vscv":"0","vnom":"4670","vl":"156","pvnom":"  96,77","pvl":"   3,23","vvc":"4826","pvvc":"  96,33","vb":"21","pvb":"   0,42","tvn":"163","ptvn":"   3,25","vn":"163","pvn":" 100,00","vnt":"0","pvnt":"   0,00","vp":"0","pvp":"   0,00","vv":"4826","pvv":" 100,00","van":"0","pvan":"   0,00","vansj":"0","pvansj":"   0,00","tv":"5010","cand":[{"seq":"14","sqcand":"100001077316","n":"25888","nm":"EDELTO DO MUSEU","cc":"DEM","nv":" ","e":"n","st":"Suplente","dvt":"V\u00e1lido","vap":"203","pvap":"   4,21"},{"seq":"2","sqcand":"100001077319","n":"25147","nm":"FRANCILENE DO SINDICATO","cc":"DEM","nv":" ","e":"s","st":"Eleito","dvt":"V\u00e1lido","vap":"336","pvap":"   6,96"},{"seq":"4","sqcand":"100000880922","n":"11369","nm":"CIMAR POLI","cc":"PP","nv":" ","e":"s","st":"Eleito","dvt":"V\u00e1lido","vap":"328","pvap":"   6,80"},{"seq":"11","sqcand":"100001077324","n":"25333","nm":"EM\u00cdLIO PAZ","cc":"DEM","nv":" ","e":"n","st":"Suplente","dvt":"V\u00e1lido","vap":"246","pvap":"   5,10"},{"seq":"5","sqcand":"100001077321","n":"25222","nm":"ADEVANDRO","cc":"DEM","nv":" ","e":"s","st":"Eleito","dvt":"V\u00e1lido","vap":"323","pvap":"   6,69"},{"seq":"19","sqcand":"100000880930","n":"11333","nm":"PEDIM TEIXEIRA","cc":"PP","nv":" ","e":"n","st":"Suplente","dvt":"V\u00e1lido","vap":"57","pvap":"   1,18"},{"seq":"13","sqcand":"100001077317","n":"25123","nm":"JUACY BRAGA","cc":"DEM","nv":" ","e":"n","st":"Suplente","dvt":"V\u00e1lido","vap":"211","pvap":"   4,37"},{"seq":"7","sqcand":"100000880927","n":"11456","nm":"LUZIA MOTA","cc":"PP","nv":" ","e":"s","st":"Eleito","dvt":"V\u00e1lido","vap":"314","pvap":"   6,51"},{"seq":"15","sqcand":"100001077318","n":"25111","nm":"FRANKIN","cc":"DEM","nv":" ","e":"n","st":"Suplente","dvt":"V\u00e1lido","vap":"156","pvap":"   3,23"},{"seq":"9","sqcand":"100001077322","n":"25678","nm":"OTAIR DIAS","cc":"DEM","nv":" ","e":"s","st":"Eleito","dvt":"V\u00e1lido","vap":"268","pvap":"   5,55"},{"seq":"12","sqcand":"100000880925","n":"11444","nm":"RAIMUNDO JOVEM","cc":"PP","nv":" ","e":"n","st":"Suplente","dvt":"V\u00e1lido","vap":"212","pvap":"   4,39"},{"seq":"18","sqcand":"100000880931","n":"11345","nm":"JOAO MARCOS","cc":"PP","nv":" ","e":"n","st":"Suplente","dvt":"V\u00e1lido","vap":"114","pvap":"   2,36"},{"seq":"8","sqcand":"100001077315","n":"25555","nm":"MIGUEL ROCHA","cc":"DEM","nv":" ","e":"s","st":"Eleito","dvt":"V\u00e1lido","vap":"288","pvap":"   5,97"},{"seq":"1","sqcand":"100000880932","n":"11000","nm":"SOCORRO COUTINHO","cc":"PP","nv":" ","e":"s","st":"Eleito","dvt":"V\u00e1lido","vap":"349","pvap":"   7,23"},{"seq":"17","sqcand":"100000880929","n":"11555","nm":"ALEX DA VAN","cc":"PP","nv":" ","e":"n","st":"Suplente","dvt":"V\u00e1lido","vap":"117","pvap":"   2,42"},{"seq":"6","sqcand":"100000880923","n":"11111","nm":"PATRICIA DO LUCIANO","cc":"PP","nv":" ","e":"s","st":"Eleito","dvt":"V\u00e1lido","vap":"322","pvap":"   6,67"},{"seq":"20","sqcand":"100001077320","n":"25234","nm":"MARA COSTA","cc":"DEM","nv":" ","e":"n","st":"Suplente","dvt":"V\u00e1lido","vap":"57","pvap":"   1,18"},{"seq":"3","sqcand":"100000880926","n":"11478","nm":"EMIR OLIVEIRA","cc":"PP","nv":" ","e":"s","st":"Eleito","dvt":"V\u00e1lido","vap":"336","pvap":"   6,96"},{"seq":"16","sqcand":"100000880928","n":"11789","nm":"PASTORA MARCILEIA","cc":"PP","nv":" ","e":"n","st":"Suplente","dvt":"V\u00e1lido","vap":"132","pvap":"   2,74"},{"seq":"10","sqcand":"100000880924","n":"11777","nm":"ANTONIO RAMALHO","cc":"PP","nv":" ","e":"n","st":"Suplente","dvt":"V\u00e1lido","vap":"266","pvap":"   5,51"},{"seq":"21","sqcand":"100001077323","n":"25456","nm":"ROSANA","cc":"DEM","nv":" ","e":"n","st":"Suplente","dvt":"V\u00e1lido","vap":"35","pvap":"   0,73"}]}
