{"ele":"426","tpabr":"mu","cdabr":"09075","carper":"13","t":"1","f":"o","dt":"15/11/2020","ht":"22:01:00","dv":"s","tf":"s","v":"13","esae":"n","mnae":"","s":"79","st":"79","pst":" 100,00","snt":"0","psnt":"   0,00","si":"79","psi":" 100,00","sni":"0","psni":"   0,00","sa":"79","psa":" 100,00","sna":"0","psna":"   0,00","e":"27237","ea":"27237","pea":" 100,00","ena":"0","pena":"   0,00","esi":"27237","pesi":" 100,00","esni":"0","pesni":"   0,00","c":"22367","pc":"  82,12","a":"4870","pa":"  17,88","vscv":"0","vnom":"20386","vl":"1227","pvnom":"  94,32","pvl":"   5,68","vvc":"21613","pvvc":"  96,63","vb":"248","pvb":"   1,11","tvn":"506","ptvn":"   2,26","vn":"495","pvn":"  97,83","vnt":"11","pvnt":"   2,17","vp":"0","pvp":"   0,00","vv":"21613","pvv":" 100,00","van":"0","pvan":"   0,00","vansj":"0","pvansj":"   0,00","tv":"22367","cand":[{"seq":"44","sqcand":"100000942871","n":"12234","nm":"ZECA SANTOS","cc":"PDT","nv":" ","e":"n","st":"Suplente","dvt":"V\u00e1lido","vap":"100","pvap":"   0,46"},{"seq":"79","sqcand":"100000674092","n":"22147","nm":"NILDE PADILHA","cc":"PL","nv":" ","e":"n","st":"Suplente","dvt":"V\u00e1lido","vap":"28","pvap":"   0,13"},{"seq":"98","sqcand":"100000719353","n":"65221","nm":"NASCIMENTO","cc":"PC do B","nv":" ","e":"n","st":"Suplente","dvt":"V\u00e1lido","vap":"7","pvap":"   0,03"},{"seq":"4","sqcand":"100000719587","n":"13444","nm":"AM\u00c9RICO DA SA\u00daDE","cc":"PT","nv":" ","e":"s","st":"Eleito","dvt":"V\u00e1lido","vap":"655","pvap":"   3,03"},{"seq":"113","sqcand":"100000915337","n":"20011","nm":"TIBURCIO","cc":"PSC","nv":" ","e":"n","st":"N\u00e3o eleito","dvt":"V\u00e1lido","vap":"26","pvap":"   0,12"},{"seq":"61","sqcand":"100000666820","n":"45456","nm":"ROSE","cc":"PSDB","nv":" ","e":"n","st":"Suplente","dvt":"V\u00e1lido","vap":"51","pvap":"   0,24"},{"seq":"17","sqcand":"100000666812","n":"45678","nm":"JUNIOR DE REGINALDO","cc":"PSDB","nv":" ","e":"n","st":"Suplente","dvt":"V\u00e1lido","vap":"438","pvap":"   2,03"},{"seq":"35","sqcand":"100000674096","n":"22777","nm":"CLAUDIO DIAS","cc":"PL","nv":" ","e":"n","st":"Suplente","dvt":"V\u00e1lido","vap":"218","pvap":"   1,01"},{"seq":"99","sqcand":"100000719356","n":"65666","nm":"DIVA BRASIL","cc":"PC do B","nv":" ","e":"n","st":"Suplente","dvt":"V\u00e1lido","vap":"7","pvap":"   0,03"},{"seq":"111","sqcand":"100000915342","n":"20013","nm":"ROBERTO","cc":"PSC","nv":" ","e":"n","st":"N\u00e3o eleito","dvt":"V\u00e1lido","vap":"35","pvap":"   0,16"},{"seq":"46","sqcand":"100000674086","n":"22345","nm":"BRANCO ROCHA","cc":"PL","nv":" ","e":"n","st":"Suplente","dvt":"V\u00e1lido","vap":"87","pvap":"   0,40"},{"seq":"34","sqcand":"100000666809","n":"45888","nm":"BENTINHO COSTA","cc":"PSDB","nv":" ","e":"n","st":"Suplente","dvt":"V\u00e1lido","vap":"224","pvap":"   1,04"},{"seq":"24","sqcand":"100000719363","n":"65888","nm":"COCO","cc":"PC do B","nv":" ","e":"n","st":"Suplente","dvt":"V\u00e1lido","vap":"348","pvap":"   1,61"},{"seq":"9","sqcand":"100000666804","n":"45000","nm":"GENTIL","cc":"PSDB","nv":" ","e":"s","st":"Eleito","dvt":"V\u00e1lido","vap":"537","pvap":"   2,48"},{"seq":"45","sqcand":"100000719591","n":"13888","nm":"DOUTORA DE Z\u00c9 DONATO","cc":"PT","nv":" ","e":"n","st":"Suplente","dvt":"V\u00e1lido","vap":"95","pvap":"   0,44"},{"seq":"73","sqcand":"100000942872","n":"12666","nm":"ALEXANDRE BELAS \u00c1GUAS","cc":"PDT","nv":" ","e":"n","st":"Suplente","dvt":"V\u00e1lido","vap":"35","pvap":"   0,16"},{"seq":"62","sqcand":"100000719586","n":"13440","nm":"OTAVIANO S\u00c1","cc":"PT","nv":" ","e":"n","st":"Suplente","dvt":"V\u00e1lido","vap":"51","pvap":"   0,24"},{"seq":"86","sqcand":"100000719588","n":"13612","nm":"F\u00c1BIO CHUPA DEDO","cc":"PT","nv":" ","e":"n","st":"Suplente","dvt":"V\u00e1lido","vap":"22","pvap":"   0,10"},{"seq":"107","sqcand":"100001074948","n":"15222","nm":"LUQUINHA","cc":"MDB","nv":" ","e":"n","st":"N\u00e3o eleito","dvt":"V\u00e1lido","vap":"44","pvap":"   0,20"},{"seq":"90","sqcand":"100000674094","n":"22022","nm":"ROSY","cc":"PL","nv":" ","e":"n","st":"Suplente","dvt":"V\u00e1lido","vap":"17","pvap":"   0,08"},{"seq":"110","sqcand":"100000632253","n":"27100","nm":"EVARISTO COSTA","cc":"DC","nv":" ","e":"n","st":"N\u00e3o eleito","dvt":"V\u00e1lido","vap":"38","pvap":"   0,18"},{"seq":"30","sqcand":"100000942880","n":"12222","nm":"APOLO JR","cc":"PDT","nv":" ","e":"n","st":"Suplente","dvt":"V\u00e1lido","vap":"285","pvap":"   1,32"},{"seq":"63","sqcand":"100000719583","n":"13456","nm":"BOBOLA","cc":"PT","nv":" ","e":"n","st":"Suplente","dvt":"V\u00e1lido","vap":"51","pvap":"   0,24"},{"seq":"26","sqcand":"100000674078","n":"22322","nm":"NIVALDO BOMBEIRO","cc":"PL","nv":" ","e":"n","st":"Suplente","dvt":"V\u00e1lido","vap":"330","pvap":"   1,53"},{"seq":"59","sqcand":"100000942884","n":"12444","nm":"ITALINA DO CAF\u00c9","cc":"PDT","nv":" ","e":"n","st":"Suplente","dvt":"V\u00e1lido","vap":"53","pvap":"   0,25"},{"seq":"23","sqcand":"100000674079","n":"22522","nm":"INALDO PEREIRA","cc":"PL","nv":" ","e":"n","st":"Suplente","dvt":"V\u00e1lido","vap":"363","pvap":"   1,68"},{"seq":"7","sqcand":"100000666811","n":"45222","nm":"MARIN\u00caS DA ISAACL\u00c2NDIA","cc":"PSDB","nv":" ","e":"s","st":"Eleito","dvt":"V\u00e1lido","vap":"593","pvap":"   2,74"},{"seq":"72","sqcand":"100000674090","n":"22444","nm":"DIONISIA LOPES","cc":"PL","nv":" ","e":"n","st":"Suplente","dvt":"V\u00e1lido","vap":"38","pvap":"   0,18"},{"seq":"97","sqcand":"100000674080","n":"22622","nm":"TATHY SALES","cc":"PL","nv":" ","e":"n","st":"Suplente","dvt":"V\u00e1lido","vap":"8","pvap":"   0,04"},{"seq":"125","sqcand":"100001074942","n":"15029","nm":"ANA LUCIA","cc":"MDB","nv":" ","e":"n","st":"N\u00e3o eleito","dvt":"V\u00e1lido","vap":"0","pvap":"00.00"},{"seq":"67","sqcand":"100000942868","n":"12354","nm":"CELIA DE CHARLES TATUADOR","cc":"PDT","nv":" ","e":"n","st":"Suplente","dvt":"V\u00e1lido","vap":"45","pvap":"   0,21"},{"seq":"123","sqcand":"100001074949","n":"15123","nm":"REMI","cc":"MDB","nv":" ","e":"n","st":"N\u00e3o eleito","dvt":"V\u00e1lido","vap":"3","pvap":"   0,01"},{"seq":"106","sqcand":"100001074943","n":"15725","nm":"ZEZECA","cc":"MDB","nv":" ","e":"n","st":"N\u00e3o eleito","dvt":"V\u00e1lido","vap":"59","pvap":"   0,27"},{"seq":"19","sqcand":"100000666821","n":"45123","nm":"SANDRO BACUTE","cc":"PSDB","nv":" ","e":"n","st":"Suplente","dvt":"V\u00e1lido","vap":"406","pvap":"   1,88"},{"seq":"40","sqcand":"100000719601","n":"13769","nm":"VALDELINA MORAES","cc":"PT","nv":" ","e":"n","st":"Suplente","dvt":"V\u00e1lido","vap":"143","pvap":"   0,66"},{"seq":"70","sqcand":"100000666802","n":"45444","nm":"ANDRELINA CASTRO","cc":"PSDB","nv":" ","e":"n","st":"Suplente","dvt":"V\u00e1lido","vap":"41","pvap":"   0,19"},{"seq":"114","sqcand":"100000915335","n":"20134","nm":"BRANCA","cc":"PSC","nv":" ","e":"n","st":"N\u00e3o eleito","dvt":"V\u00e1lido","vap":"26","pvap":"   0,12"},{"seq":"8","sqcand":"100000674085","n":"22000","nm":"JO\u00c3OZINHO DE JO\u00c3O DE SANGUE","cc":"PL","nv":" ","e":"s","st":"Eleito","dvt":"V\u00e1lido","vap":"544","pvap":"   2,52"},{"seq":"100","sqcand":"100000674082","n":"22223","nm":"NAZIRA","cc":"PL","nv":" ","e":"n","st":"Suplente","dvt":"V\u00e1lido","vap":"6","pvap":"   0,03"},{"seq":"42","sqcand":"100000719351","n":"65456","nm":"JALDIR PINHEIRO","cc":"PC do B","nv":" ","e":"n","st":"Suplente","dvt":"V\u00e1lido","vap":"108","pvap":"   0,50"},{"seq":"57","sqcand":"100000719598","n":"13111","nm":"SAMURAY","cc":"PT","nv":" ","e":"n","st":"Suplente","dvt":"V\u00e1lido","vap":"60","pvap":"   0,28"},{"seq":"53","sqcand":"100000719596","n":"13300","nm":"PROFESSOR J\u00daNIOR","cc":"PT","nv":" ","e":"n","st":"Suplente","dvt":"V\u00e1lido","vap":"73","pvap":"   0,34"},{"seq":"118","sqcand":"100000632252","n":"27000","nm":"BRUNA KARINE","cc":"DC","nv":" ","e":"n","st":"N\u00e3o eleito","dvt":"V\u00e1lido","vap":"19","pvap":"   0,09"},{"seq":"11","sqcand":"100000674093","n":"22222","nm":"PROFESSORA MARIA DO ROSARIO","cc":"PL","nv":" ","e":"s","st":"Eleito","dvt":"V\u00e1lido","vap":"513","pvap":"   2,37"},{"seq":"56","sqcand":"100000674089","n":"22789","nm":"Z\u00c9 ROBERTO","cc":"PL","nv":" ","e":"n","st":"Suplente","dvt":"V\u00e1lido","vap":"60","pvap":"   0,28"},{"seq":"27","sqcand":"100000719365","n":"65000","nm":"GAMA","cc":"PC do B","nv":" ","e":"n","st":"Suplente","dvt":"V\u00e1lido","vap":"318","pvap":"   1,47"},{"seq":"28","sqcand":"100000942873","n":"12777","nm":"IRM\u00c3O ROMILDO","cc":"PDT","nv":" ","e":"n","st":"Suplente","dvt":"V\u00e1lido","vap":"318","pvap":"   1,47"},{"seq":"121","sqcand":"100001074129","n":"17123","nm":"SANDRO MATOS","cc":"PSL","nv":" ","e":"n","st":"N\u00e3o eleito","dvt":"V\u00e1lido","vap":"6","pvap":"   0,03"},{"seq":"50","sqcand":"100000666817","n":"45111","nm":"REGINA DE BEIJA","cc":"PSDB","nv":" ","e":"n","st":"Suplente","dvt":"V\u00e1lido","vap":"78","pvap":"   0,36"},{"seq":"92","sqcand":"100001245362","n":"65999","nm":"NAZAR\u00c9 DE MELEIRO","cc":"PC do B","nv":" ","e":"n","st":"Suplente","dvt":"V\u00e1lido","vap":"14","pvap":"   0,06"},{"seq":"31","sqcand":"100000719597","n":"13222","nm":"PROFESSOR MANECO","cc":"PT","nv":" ","e":"n","st":"Suplente","dvt":"V\u00e1lido","vap":"271","pvap":"   1,25"},{"seq":"85","sqcand":"100000719590","n":"13789","nm":"LOURDES PROFESSORA","cc":"PT","nv":" ","e":"n","st":"Suplente","dvt":"V\u00e1lido","vap":"22","pvap":"   0,10"},{"seq":"37","sqcand":"100000666819","n":"45011","nm":"NETO AUGUSTO","cc":"PSDB","nv":" ","e":"n","st":"Suplente","dvt":"V\u00e1lido","vap":"176","pvap":"   0,81"},{"seq":"68","sqcand":"100000666808","n":"45999","nm":"WTCHARLLY SOUSA","cc":"PSDB","nv":" ","e":"n","st":"Suplente","dvt":"V\u00e1lido","vap":"43","pvap":"   0,20"},{"seq":"88","sqcand":"100000719593","n":"13333","nm":"FLOR DO S\u00c3O BENEDITO","cc":"PT","nv":" ","e":"n","st":"Suplente","dvt":"V\u00e1lido","vap":"18","pvap":"   0,08"},{"seq":"83","sqcand":"100000666816","n":"45545","nm":"ZEQUINHA","cc":"PSDB","nv":" ","e":"n","st":"Suplente","dvt":"V\u00e1lido","vap":"26","pvap":"   0,12"},{"seq":"101","sqcand":"100000915339","n":"20111","nm":"JACINEIVA","cc":"PSC","nv":" ","e":"n","st":"N\u00e3o eleito","dvt":"V\u00e1lido","vap":"320","pvap":"   1,48"},{"seq":"105","sqcand":"100000915345","n":"20555","nm":"VALDO","cc":"PSC","nv":" ","e":"n","st":"N\u00e3o eleito","dvt":"V\u00e1lido","vap":"109","pvap":"   0,50"},{"seq":"58","sqcand":"100000719367","n":"65444","nm":"ANDERSON SARAIVA","cc":"PC do B","nv":" ","e":"n","st":"Suplente","dvt":"V\u00e1lido","vap":"58","pvap":"   0,27"},{"seq":"71","sqcand":"100000942881","n":"12555","nm":"ANA BOTELHO","cc":"PDT","nv":" ","e":"n","st":"Suplente","dvt":"V\u00e1lido","vap":"40","pvap":"   0,19"},{"seq":"10","sqcand":"100000719589","n":"13000","nm":"PROFESSOR HENRIQUE VALE","cc":"PT","nv":" ","e":"s","st":"Eleito","dvt":"V\u00e1lido","vap":"518","pvap":"   2,40"},{"seq":"64","sqcand":"100000942874","n":"12255","nm":"RANINHA DO GRAJAU","cc":"PDT","nv":" ","e":"n","st":"Suplente","dvt":"V\u00e1lido","vap":"47","pvap":"   0,22"},{"seq":"112","sqcand":"100000915338","n":"20000","nm":"PIXITO","cc":"PSC","nv":" ","e":"n","st":"N\u00e3o eleito","dvt":"V\u00e1lido","vap":"32","pvap":"   0,15"},{"seq":"33","sqcand":"100000942885","n":"12345","nm":"NILSINHO BRAGA DA TV","cc":"PDT","nv":" ","e":"n","st":"Suplente","dvt":"V\u00e1lido","vap":"241","pvap":"   1,12"},{"seq":"122","sqcand":"100001074944","n":"15115","nm":"SOCORRO","cc":"MDB","nv":" ","e":"n","st":"N\u00e3o eleito","dvt":"V\u00e1lido","vap":"5","pvap":"   0,02"},{"seq":"52","sqcand":"100000942886","n":"12221","nm":"NATALIA MEDEIROS","cc":"PDT","nv":" ","e":"n","st":"Suplente","dvt":"V\u00e1lido","vap":"78","pvap":"   0,36"},{"seq":"47","sqcand":"100000666807","n":"45345","nm":"VAL PINHEIRO","cc":"PSDB","nv":" ","e":"n","st":"Suplente","dvt":"V\u00e1lido","vap":"84","pvap":"   0,39"},{"seq":"95","sqcand":"100000666814","n":"45645","nm":"EDILSON","cc":"PSDB","nv":" ","e":"n","st":"Suplente","dvt":"V\u00e1lido","vap":"9","pvap":"   0,04"},{"seq":"78","sqcand":"100000719585","n":"13246","nm":"CARLOS TAXISTA","cc":"PT","nv":" ","e":"n","st":"Suplente","dvt":"V\u00e1lido","vap":"29","pvap":"   0,13"},{"seq":"108","sqcand":"100000915346","n":"20113","nm":"GENIVAL","cc":"PSC","nv":" ","e":"n","st":"N\u00e3o eleito","dvt":"V\u00e1lido","vap":"41","pvap":"   0,19"},{"seq":"20","sqcand":"100000674095","n":"22999","nm":"POPITO MARTINS","cc":"PL","nv":" ","e":"n","st":"Suplente","dvt":"V\u00e1lido","vap":"375","pvap":"   1,74"},{"seq":"25","sqcand":"100000942879","n":"12123","nm":"DIDI DE RUFINO","cc":"PDT","nv":" ","e":"n","st":"Suplente","dvt":"V\u00e1lido","vap":"336","pvap":"   1,55"},{"seq":"55","sqcand":"100000719366","n":"65101","nm":"JOELSON DA PASSAGEM","cc":"PC do B","nv":" ","e":"n","st":"Suplente","dvt":"V\u00e1lido","vap":"61","pvap":"   0,28"},{"seq":"6","sqcand":"100000719364","n":"65555","nm":"DERCIO PINTO","cc":"PC do B","nv":" ","e":"s","st":"Eleito","dvt":"V\u00e1lido","vap":"621","pvap":"   2,87"},{"seq":"16","sqcand":"100000719592","n":"13123","nm":"M\u00c1RIO BARROS","cc":"PT","nv":" ","e":"n","st":"Suplente","dvt":"V\u00e1lido","vap":"442","pvap":"   2,05"},{"seq":"103","sqcand":"100000915344","n":"20456","nm":"ANDRENOEL","cc":"PSC","nv":" ","e":"n","st":"N\u00e3o eleito","dvt":"V\u00e1lido","vap":"217","pvap":"   1,00"},{"seq":"3","sqcand":"100000674081","n":"22111","nm":"VALMIR GOMES","cc":"PL","nv":" ","e":"s","st":"Eleito","dvt":"V\u00e1lido","vap":"666","pvap":"   3,08"},{"seq":"65","sqcand":"100000719358","n":"65111","nm":"GENILSON BOTELHO","cc":"PC do B","nv":" ","e":"n","st":"Suplente","dvt":"V\u00e1lido","vap":"46","pvap":"   0,21"},{"seq":"94","sqcand":"100000719355","n":"65345","nm":"THALITA PACHECO","cc":"PC do B","nv":" ","e":"n","st":"Suplente","dvt":"V\u00e1lido","vap":"10","pvap":"   0,05"},{"seq":"38","sqcand":"100000674077","n":"22888","nm":"RONIVALDO DO EMPRESTIMO","cc":"PL","nv":" ","e":"n","st":"Suplente","dvt":"V\u00e1lido","vap":"159","pvap":"   0,74"},{"seq":"51","sqcand":"100000719352","n":"65222","nm":"ALINE DINIZ AROUCHA","cc":"PC do B","nv":" ","e":"n","st":"Suplente","dvt":"V\u00e1lido","vap":"78","pvap":"   0,36"},{"seq":"89","sqcand":"100000719354","n":"65777","nm":"ROR\u00d3","cc":"PC do B","nv":" ","e":"n","st":"Suplente","dvt":"V\u00e1lido","vap":"18","pvap":"   0,08"},{"seq":"13","sqcand":"100000942869","n":"12111","nm":"NETO DO SINDICATO","cc":"PDT","nv":" ","e":"s","st":"Eleito","dvt":"V\u00e1lido","vap":"390","pvap":"   1,80"},{"seq":"115","sqcand":"100000915336","n":"20123","nm":"ALESSANDRO VIEGAS","cc":"PSC","nv":" ","e":"n","st":"N\u00e3o eleito","dvt":"V\u00e1lido","vap":"25","pvap":"   0,12"},{"seq":"74","sqcand":"100000719594","n":"13457","nm":"GUEMINHO DA SKAY","cc":"PT","nv":" ","e":"n","st":"Suplente","dvt":"V\u00e1lido","vap":"32","pvap":"   0,15"},{"seq":"36","sqcand":"100000674088","n":"22336","nm":"LEANDRO FRAN\u00c7A","cc":"PL","nv":" ","e":"n","st":"Suplente","dvt":"V\u00e1lido","vap":"199","pvap":"   0,92"},{"seq":"21","sqcand":"100000674084","n":"22456","nm":"JUNIOR DE SILVERIO","cc":"PL","nv":" ","e":"n","st":"Suplente","dvt":"V\u00e1lido","vap":"368","pvap":"   1,70"},{"seq":"29","sqcand":"100000942878","n":"12333","nm":"TONINHO BACUTE","cc":"PDT","nv":" ","e":"n","st":"Suplente","dvt":"V\u00e1lido","vap":"300","pvap":"   1,39"},{"seq":"66","sqcand":"100000942882","n":"12122","nm":"PIRROZINHO","cc":"PDT","nv":" ","e":"n","st":"Suplente","dvt":"V\u00e1lido","vap":"45","pvap":"   0,21"},{"seq":"104","sqcand":"100000915343","n":"20333","nm":"CACHORR\u00c3O","cc":"PSC","nv":" ","e":"n","st":"N\u00e3o eleito","dvt":"V\u00e1lido","vap":"184","pvap":"   0,85"},{"seq":"18","sqcand":"100000666813","n":"45555","nm":"BECO PENHA","cc":"PSDB","nv":" ","e":"n","st":"Suplente","dvt":"V\u00e1lido","vap":"431","pvap":"   1,99"},{"seq":"32","sqcand":"100000719360","n":"65065","nm":"RAILON MORAES","cc":"PC do B","nv":" ","e":"n","st":"Suplente","dvt":"V\u00e1lido","vap":"241","pvap":"   1,12"},{"seq":"120","sqcand":"100000915334","n":"20135","nm":"LUZIA","cc":"PSC","nv":" ","e":"n","st":"N\u00e3o eleito","dvt":"V\u00e1lido","vap":"12","pvap":"   0,06"},{"seq":"12","sqcand":"100000674091","n":"22555","nm":"RAILSON CAMPOS","cc":"PL","nv":" ","e":"s","st":"Eleito","dvt":"V\u00e1lido","vap":"427","pvap":"   1,98"},{"seq":"14","sqcand":"100000666810","n":"45666","nm":"PROFESSOR CARLINHOS","cc":"PSDB","nv":" ","e":"n","st":"Suplente","dvt":"V\u00e1lido","vap":"523","pvap":"   2,42"},{"seq":"75","sqcand":"100000719584","n":"13400","nm":"PEDRO DAS BICICLETAS","cc":"PT","nv":" ","e":"n","st":"Suplente","dvt":"V\u00e1lido","vap":"31","pvap":"   0,14"},{"seq":"49","sqcand":"100000719361","n":"65655","nm":"MONICA CASTRO","cc":"PC do B","nv":" ","e":"n","st":"Suplente","dvt":"V\u00e1lido","vap":"79","pvap":"   0,37"},{"seq":"69","sqcand":"100000942867","n":"12265","nm":"JOTA DO G\u00c1S","cc":"PDT","nv":" ","e":"n","st":"Suplente","dvt":"V\u00e1lido","vap":"41","pvap":"   0,19"},{"seq":"22","sqcand":"100000719600","n":"13013","nm":"RUBEMAR","cc":"PT","nv":" ","e":"n","st":"Suplente","dvt":"V\u00e1lido","vap":"367","pvap":"   1,70"},{"seq":"77","sqcand":"100000719599","n":"13224","nm":"PROFESSORA IENE RIBEIRO","cc":"PT","nv":" ","e":"n","st":"Suplente","dvt":"V\u00e1lido","vap":"30","pvap":"   0,14"},{"seq":"81","sqcand":"100000942876","n":"12200","nm":"YEDA COSTA","cc":"PDT","nv":" ","e":"n","st":"Suplente","dvt":"V\u00e1lido","vap":"26","pvap":"   0,12"},{"seq":"39","sqcand":"100000942875","n":"12888","nm":"ERNANDES RIO DO MEIO","cc":"PDT","nv":" ","e":"n","st":"Suplente","dvt":"V\u00e1lido","vap":"154","pvap":"   0,71"},{"seq":"124","sqcand":"100000915333","n":"20311","nm":"MACIEL","cc":"PSC","nv":" ","e":"n","st":"N\u00e3o eleito","dvt":"V\u00e1lido","vap":"2","pvap":"   0,01"},{"seq":"109","sqcand":"100000915340","n":"20155","nm":"CLEUDILENE","cc":"PSC","nv":" ","e":"n","st":"N\u00e3o eleito","dvt":"V\u00e1lido","vap":"40","pvap":"   0,19"},{"seq":"1","sqcand":"100000666815","n":"45045","nm":"IGOR PAIVA","cc":"PSDB","nv":" ","e":"s","st":"Eleito","dvt":"V\u00e1lido","vap":"791","pvap":"   3,66"},{"seq":"119","sqcand":"100000915348","n":"20020","nm":"PASTOR PEDRO","cc":"PSC","nv":" ","e":"n","st":"N\u00e3o eleito","dvt":"V\u00e1lido","vap":"14","pvap":"   0,06"},{"seq":"48","sqcand":"100000674087","n":"22333","nm":"DENGA RADICAL","cc":"PL","nv":" ","e":"n","st":"Suplente","dvt":"V\u00e1lido","vap":"80","pvap":"   0,37"},{"seq":"15","sqcand":"100000719368","n":"65321","nm":"WALMIZ\u00c3O DA SA\u00daDE","cc":"PC do B","nv":" ","e":"n","st":"Suplente","dvt":"V\u00e1lido","vap":"515","pvap":"   2,38"},{"seq":"91","sqcand":"100000942870","n":"12456","nm":"DIOMAR","cc":"PDT","nv":" ","e":"n","st":"Suplente","dvt":"V\u00e1lido","vap":"16","pvap":"   0,07"},{"seq":"76","sqcand":"100000666805","n":"45445","nm":"NICANORA","cc":"PSDB","nv":" ","e":"n","st":"Suplente","dvt":"V\u00e1lido","vap":"30","pvap":"   0,14"},{"seq":"80","sqcand":"100000719595","n":"13313","nm":"RENATA DE C\u00c1SSIA","cc":"PT","nv":" ","e":"n","st":"Suplente","dvt":"V\u00e1lido","vap":"27","pvap":"   0,12"},{"seq":"43","sqcand":"100000719602","n":"13555","nm":"ALLYSON PESTANA","cc":"PT","nv":" ","e":"n","st":"Suplente","dvt":"V\u00e1lido","vap":"106","pvap":"   0,49"},{"seq":"102","sqcand":"100001074945","n":"15456","nm":"ISANEY DIAS","cc":"MDB","nv":" ","e":"n","st":"N\u00e3o eleito","dvt":"V\u00e1lido","vap":"237","pvap":"   1,10"},{"seq":"84","sqcand":"100000666806","n":"45333","nm":"NETO BAIXINHO","cc":"PSDB","nv":" ","e":"n","st":"Suplente","dvt":"V\u00e1lido","vap":"26","pvap":"   0,12"},{"seq":"5","sqcand":"100000942877","n":"12000","nm":"IRANEY TRINTA","cc":"PDT","nv":" ","e":"s","st":"Eleito","dvt":"V\u00e1lido","vap":"634","pvap":"   2,93"},{"seq":"93","sqcand":"100000942883","n":"12133","nm":"MINGOR","cc":"PDT","nv":" ","e":"n","st":"Suplente","dvt":"V\u00e1lido","vap":"10","pvap":"   0,05"},{"seq":"87","sqcand":"100000666818","n":"45110","nm":"RAFAEL FRADE","cc":"PSDB","nv":" ","e":"n","st":"Suplente","dvt":"V\u00e1lido","vap":"19","pvap":"   0,09"},{"seq":"82","sqcand":"100000719359","n":"65333","nm":"MARCELA LUZ","cc":"PC do B","nv":" ","e":"n","st":"Suplente","dvt":"V\u00e1lido","vap":"26","pvap":"   0,12"},{"seq":"116","sqcand":"100001074950","n":"15015","nm":"MITO","cc":"MDB","nv":" ","e":"n","st":"N\u00e3o eleito","dvt":"V\u00e1lido","vap":"22","pvap":"   0,10"},{"seq":"117","sqcand":"100000915347","n":"20222","nm":"NENEN","cc":"PSC","nv":" ","e":"n","st":"N\u00e3o eleito","dvt":"V\u00e1lido","vap":"20","pvap":"   0,09"},{"seq":"54","sqcand":"100000674083","n":"22120","nm":"Z\u00c9 LUIS","cc":"PL","nv":" ","e":"n","st":"Suplente","dvt":"V\u00e1lido","vap":"71","pvap":"   0,33"},{"seq":"60","sqcand":"100000666803","n":"45777","nm":"BIBIL","cc":"PSDB","nv":" ","e":"n","st":"Suplente","dvt":"V\u00e1lido","vap":"52","pvap":"   0,24"},{"seq":"2","sqcand":"100000719357","n":"65123","nm":"DJALMA PEREIRA","cc":"PC do B","nv":" ","e":"s","st":"Eleito","dvt":"V\u00e1lido","vap":"775","pvap":"   3,59"},{"seq":"96","sqcand":"100000719362","n":"65234","nm":"SILVANA SANTOS","cc":"PC do B","nv":" ","e":"n","st":"Suplente","dvt":"V\u00e1lido","vap":"9","pvap":"   0,04"},{"seq":"41","sqcand":"100000719369","n":"65789","nm":"LUCINEIDE MARQUES","cc":"PC do B","nv":" ","e":"n","st":"Suplente","dvt":"V\u00e1lido","vap":"139","pvap":"   0,64"}]}
