{"ele":"426","tpabr":"mu","cdabr":"09113","carper":"13","t":"1","f":"o","dt":"15/11/2020","ht":"22:11:33","dv":"s","tf":"s","v":"13","esae":"n","mnae":"","s":"83","st":"83","pst":" 100,00","snt":"0","psnt":"   0,00","si":"83","psi":" 100,00","sni":"0","psni":"   0,00","sa":"83","psa":" 100,00","sna":"0","psna":"   0,00","e":"27905","ea":"27905","pea":" 100,00","ena":"0","pena":"   0,00","esi":"27905","pesi":" 100,00","esni":"0","pesni":"   0,00","c":"22015","pc":"  78,89","a":"5890","pa":"  21,11","vscv":"0","vnom":"19574","vl":"1376","pvnom":"  93,43","pvl":"   6,57","vvc":"20950","pvvc":"  95,16","vb":"295","pvb":"   1,34","tvn":"770","ptvn":"   3,50","vn":"770","pvn":" 100,00","vnt":"0","pvnt":"   0,00","vp":"0","pvp":"   0,00","vv":"20950","pvv":" 100,00","van":"0","pvan":"   0,00","vansj":"0","pvansj":"   0,00","tv":"22015","cand":[{"seq":"57","sqcand":"100001165489","n":"51024","nm":"P\u00c3O DE QUEIJO","cc":"PATRIOTA","nv":" ","e":"n","st":"N\u00e3o eleito","dvt":"V\u00e1lido","vap":"7","pvap":"   0,03"},{"seq":"56","sqcand":"100000825674","n":"13578","nm":"ZIMAR","cc":"PT","nv":" ","e":"n","st":"N\u00e3o eleito","dvt":"V\u00e1lido","vap":"9","pvap":"   0,04"},{"seq":"1","sqcand":"100001044378","n":"15123","nm":"MOADIR PAI","cc":"MDB","nv":" ","e":"s","st":"Eleito","dvt":"V\u00e1lido","vap":"1438","pvap":"   6,86"},{"seq":"29","sqcand":"100001165446","n":"25610","nm":"GALV\u00c3O","cc":"DEM","nv":" ","e":"n","st":"Suplente","dvt":"V\u00e1lido","vap":"187","pvap":"   0,89"},{"seq":"31","sqcand":"100001165444","n":"25123","nm":"PROFESSORA ELIENE MOURA","cc":"DEM","nv":" ","e":"n","st":"Suplente","dvt":"V\u00e1lido","vap":"118","pvap":"   0,56"},{"seq":"46","sqcand":"100001165484","n":"51251","nm":"ACS JULIO CESAR","cc":"PATRIOTA","nv":" ","e":"n","st":"N\u00e3o eleito","dvt":"V\u00e1lido","vap":"42","pvap":"   0,20"},{"seq":"35","sqcand":"100001044381","n":"15615","nm":"MANAIA","cc":"MDB","nv":" ","e":"n","st":"Suplente","dvt":"V\u00e1lido","vap":"37","pvap":"   0,18"},{"seq":"41","sqcand":"100000825672","n":"13000","nm":"FRANCISCO DO SINDICATO","cc":"PT","nv":" ","e":"n","st":"N\u00e3o eleito","dvt":"V\u00e1lido","vap":"152","pvap":"   0,73"},{"seq":"18","sqcand":"100001044374","n":"15620","nm":"TATA DO PEDRO FLOR","cc":"MDB","nv":" ","e":"n","st":"Suplente","dvt":"V\u00e1lido","vap":"547","pvap":"   2,61"},{"seq":"58","sqcand":"100000825682","n":"13444","nm":"EDIMILSON","cc":"PT","nv":" ","e":"n","st":"N\u00e3o eleito","dvt":"V\u00e1lido","vap":"6","pvap":"   0,03"},{"seq":"51","sqcand":"100001165483","n":"51555","nm":"EDMILSON DOS BRINQUEDOS","cc":"PATRIOTA","nv":" ","e":"n","st":"N\u00e3o eleito","dvt":"V\u00e1lido","vap":"24","pvap":"   0,11"},{"seq":"38","sqcand":"100001165445","n":"25369","nm":"KARINA CARDOSO","cc":"DEM","nv":" ","e":"n","st":"Suplente","dvt":"V\u00e1lido","vap":"0","pvap":"00.00"},{"seq":"21","sqcand":"100001035658","n":"11444","nm":"QUEIJEIR\u00c3O","cc":"PP","nv":" ","e":"n","st":"Suplente","dvt":"V\u00e1lido","vap":"347","pvap":"   1,66"},{"seq":"20","sqcand":"100001165447","n":"25000","nm":"G\u00caRA DA VIOLA","cc":"DEM","nv":" ","e":"n","st":"Suplente","dvt":"V\u00e1lido","vap":"462","pvap":"   2,21"},{"seq":"3","sqcand":"100001035657","n":"11123","nm":"ASTOLFO SEABRA","cc":"PP","nv":" ","e":"s","st":"Eleito","dvt":"V\u00e1lido","vap":"985","pvap":"   4,70"},{"seq":"22","sqcand":"100001165440","n":"25605","nm":"JARES LEITE","cc":"DEM","nv":" ","e":"n","st":"Suplente","dvt":"V\u00e1lido","vap":"280","pvap":"   1,34"},{"seq":"39","sqcand":"100000825675","n":"13333","nm":"WHAUBTYFRAN O BISCOITO","cc":"PT","nv":" ","e":"n","st":"N\u00e3o eleito","dvt":"V\u00e1lido","vap":"388","pvap":"   1,85"},{"seq":"15","sqcand":"100001035648","n":"11333","nm":"ROSEANE SANTOS","cc":"PP","nv":" ","e":"n","st":"Suplente","dvt":"V\u00e1lido","vap":"677","pvap":"   3,23"},{"seq":"33","sqcand":"100001165450","n":"25888","nm":"ADAILTA BANDEIRA","cc":"DEM","nv":" ","e":"n","st":"Suplente","dvt":"V\u00e1lido","vap":"74","pvap":"   0,35"},{"seq":"5","sqcand":"100001035651","n":"11000","nm":"NILDO","cc":"PP","nv":" ","e":"s","st":"Eleito","dvt":"V\u00e1lido","vap":"876","pvap":"   4,18"},{"seq":"2","sqcand":"100001044380","n":"15000","nm":"WEZIL","cc":"MDB","nv":" ","e":"s","st":"Eleito","dvt":"V\u00e1lido","vap":"1410","pvap":"   6,73"},{"seq":"60","sqcand":"100000825678","n":"13456","nm":"MARY","cc":"PT","nv":" ","e":"n","st":"N\u00e3o eleito","dvt":"V\u00e1lido","vap":"0","pvap":"00.00"},{"seq":"37","sqcand":"100001035653","n":"11100","nm":"FABIANO LOPES","cc":"PP","nv":" ","e":"n","st":"Suplente","dvt":"V\u00e1lido","vap":"6","pvap":"   0,03"},{"seq":"11","sqcand":"100001035652","n":"11369","nm":"WILS\u00c3O","cc":"PP","nv":" ","e":"s","st":"Eleito","dvt":"V\u00e1lido","vap":"709","pvap":"   3,38"},{"seq":"17","sqcand":"100001035656","n":"11192","nm":"CLEINHA","cc":"PP","nv":" ","e":"n","st":"Suplente","dvt":"V\u00e1lido","vap":"550","pvap":"   2,63"},{"seq":"47","sqcand":"100001165486","n":"51122","nm":"MARIA CAF\u00c9","cc":"PATRIOTA","nv":" ","e":"n","st":"N\u00e3o eleito","dvt":"V\u00e1lido","vap":"41","pvap":"   0,20"},{"seq":"9","sqcand":"100001035659","n":"11222","nm":"VALERIA BRAND\u00c3O","cc":"PP","nv":" ","e":"s","st":"Eleito","dvt":"V\u00e1lido","vap":"756","pvap":"   3,61"},{"seq":"53","sqcand":"100000825673","n":"13011","nm":"PANTA","cc":"PT","nv":" ","e":"n","st":"N\u00e3o eleito","dvt":"V\u00e1lido","vap":"14","pvap":"   0,07"},{"seq":"19","sqcand":"100001035655","n":"11555","nm":"JANIO DO SEU URBANO","cc":"PP","nv":" ","e":"n","st":"Suplente","dvt":"V\u00e1lido","vap":"464","pvap":"   2,21"},{"seq":"54","sqcand":"100000825679","n":"13555","nm":"THIAGO DA VILA LINDOR","cc":"PT","nv":" ","e":"n","st":"N\u00e3o eleito","dvt":"V\u00e1lido","vap":"11","pvap":"   0,05"},{"seq":"32","sqcand":"100001165448","n":"25111","nm":"MARIQUINHA DO POVO","cc":"DEM","nv":" ","e":"n","st":"Suplente","dvt":"V\u00e1lido","vap":"74","pvap":"   0,35"},{"seq":"26","sqcand":"100001044375","n":"15133","nm":"PROFESSOR IRAN","cc":"MDB","nv":" ","e":"n","st":"Suplente","dvt":"V\u00e1lido","vap":"220","pvap":"   1,05"},{"seq":"13","sqcand":"100001165449","n":"25670","nm":"NETO DO NATAL","cc":"DEM","nv":" ","e":"s","st":"Eleito","dvt":"V\u00e1lido","vap":"531","pvap":"   2,53"},{"seq":"14","sqcand":"100001044376","n":"15111","nm":"ANTONIO CIPO","cc":"MDB","nv":" ","e":"n","st":"Suplente","dvt":"V\u00e1lido","vap":"750","pvap":"   3,58"},{"seq":"8","sqcand":"100001044373","n":"15630","nm":"MOURA","cc":"MDB","nv":" ","e":"s","st":"Eleito","dvt":"V\u00e1lido","vap":"763","pvap":"   3,64"},{"seq":"52","sqcand":"100000825683","n":"13133","nm":"LULA","cc":"PT","nv":" ","e":"n","st":"N\u00e3o eleito","dvt":"V\u00e1lido","vap":"16","pvap":"   0,08"},{"seq":"28","sqcand":"100001044382","n":"15015","nm":"JOSEMIR CACHORR\u00c3O","cc":"MDB","nv":" ","e":"n","st":"Suplente","dvt":"V\u00e1lido","vap":"196","pvap":"   0,94"},{"seq":"6","sqcand":"100001044377","n":"15333","nm":"CARLOS DO BANDEIRA","cc":"MDB","nv":" ","e":"s","st":"Eleito","dvt":"V\u00e1lido","vap":"837","pvap":"   4,00"},{"seq":"55","sqcand":"100001165485","n":"51155","nm":"DHONE PINTOR","cc":"PATRIOTA","nv":" ","e":"n","st":"N\u00e3o eleito","dvt":"V\u00e1lido","vap":"10","pvap":"   0,05"},{"seq":"49","sqcand":"100001165481","n":"51333","nm":"IRM\u00c3 NETE","cc":"PATRIOTA","nv":" ","e":"n","st":"N\u00e3o eleito","dvt":"V\u00e1lido","vap":"26","pvap":"   0,12"},{"seq":"16","sqcand":"100001035646","n":"11233","nm":"CI\u00c7\u00c3O DO COCAL","cc":"PP","nv":" ","e":"n","st":"Suplente","dvt":"V\u00e1lido","vap":"585","pvap":"   2,79"},{"seq":"23","sqcand":"100001035654","n":"11110","nm":"CIMAR ACS","cc":"PP","nv":" ","e":"n","st":"Suplente","dvt":"V\u00e1lido","vap":"245","pvap":"   1,17"},{"seq":"34","sqcand":"100001261320","n":"11159","nm":"C\u00d4TA DO JERUZIO","cc":"PP","nv":" ","e":"n","st":"Suplente","dvt":"V\u00e1lido","vap":"47","pvap":"   0,22"},{"seq":"43","sqcand":"100000825681","n":"13013","nm":"CHEIRO LIMA","cc":"PT","nv":" ","e":"n","st":"N\u00e3o eleito","dvt":"V\u00e1lido","vap":"80","pvap":"   0,38"},{"seq":"7","sqcand":"100001044383","n":"15610","nm":"IRISLANE AVELAR","cc":"MDB","nv":" ","e":"s","st":"Eleito","dvt":"V\u00e1lido","vap":"824","pvap":"   3,93"},{"seq":"25","sqcand":"100001165443","n":"25333","nm":"CHICO T\u00d4CO","cc":"DEM","nv":" ","e":"n","st":"Suplente","dvt":"V\u00e1lido","vap":"227","pvap":"   1,08"},{"seq":"10","sqcand":"100001035650","n":"11111","nm":"BRAZ FACUNDES","cc":"PP","nv":" ","e":"s","st":"Eleito","dvt":"V\u00e1lido","vap":"744","pvap":"   3,55"},{"seq":"42","sqcand":"100000825676","n":"13222","nm":"ELILDO FILHO DO BAIX\u00c3O","cc":"PT","nv":" ","e":"n","st":"N\u00e3o eleito","dvt":"V\u00e1lido","vap":"83","pvap":"   0,40"},{"seq":"27","sqcand":"100001165441","n":"25555","nm":"LUCAS BATISTA","cc":"DEM","nv":" ","e":"n","st":"Suplente","dvt":"V\u00e1lido","vap":"210","pvap":"   1,00"},{"seq":"50","sqcand":"100001165487","n":"51133","nm":"PAIVINHA DA MADEIREIRA","cc":"PATRIOTA","nv":" ","e":"n","st":"N\u00e3o eleito","dvt":"V\u00e1lido","vap":"25","pvap":"   0,12"},{"seq":"24","sqcand":"100001044385","n":"15888","nm":"DAS DORES DA SUMAUMA","cc":"MDB","nv":" ","e":"n","st":"Suplente","dvt":"V\u00e1lido","vap":"244","pvap":"   1,16"},{"seq":"45","sqcand":"100001165480","n":"51234","nm":"RAIMUNDO RENOVATO","cc":"PATRIOTA","nv":" ","e":"n","st":"N\u00e3o eleito","dvt":"V\u00e1lido","vap":"48","pvap":"   0,23"},{"seq":"12","sqcand":"100001165442","n":"25222","nm":"DR RAFAEL TORRES","cc":"DEM","nv":" ","e":"s","st":"Eleito","dvt":"V\u00e1lido","vap":"658","pvap":"   3,14"},{"seq":"4","sqcand":"100001044379","n":"15555","nm":"DRA RAYSSA MARIANO","cc":"MDB","nv":" ","e":"s","st":"Eleito","dvt":"V\u00e1lido","vap":"895","pvap":"   4,27"},{"seq":"48","sqcand":"100001165488","n":"51777","nm":"RITA DO MAURILIO","cc":"PATRIOTA","nv":" ","e":"n","st":"N\u00e3o eleito","dvt":"V\u00e1lido","vap":"33","pvap":"   0,16"},{"seq":"40","sqcand":"100001165482","n":"51222","nm":"THIMOTHEO LUCENA","cc":"PATRIOTA","nv":" ","e":"n","st":"N\u00e3o eleito","dvt":"V\u00e1lido","vap":"332","pvap":"   1,58"},{"seq":"36","sqcand":"100001035649","n":"11234","nm":"NIVIA GOMES","cc":"PP","nv":" ","e":"n","st":"Suplente","dvt":"V\u00e1lido","vap":"23","pvap":"   0,11"},{"seq":"30","sqcand":"100001035660","n":"11455","nm":"GERALDO ROLD\u00c3O","cc":"PP","nv":" ","e":"n","st":"Suplente","dvt":"V\u00e1lido","vap":"157","pvap":"   0,75"},{"seq":"44","sqcand":"100000825677","n":"13111","nm":"ZEFINHA","cc":"PT","nv":" ","e":"n","st":"N\u00e3o eleito","dvt":"V\u00e1lido","vap":"71","pvap":"   0,34"},{"seq":"59","sqcand":"100000825680","n":"13123","nm":"JOSELIA","cc":"PT","nv":" ","e":"n","st":"N\u00e3o eleito","dvt":"V\u00e1lido","vap":"3","pvap":"   0,01"}]}
