{"ele":"426","tpabr":"mu","cdabr":"00019","carper":"11","t":"1","f":"o","dt":"15/11/2020","ht":"21:45:01","dv":"s","tf":"s","v":"1","esae":"n","mnae":"","s":"74","st":"74","pst":" 100,00","snt":"0","psnt":"   0,00","si":"74","psi":" 100,00","sni":"0","psni":"   0,00","sa":"74","psa":" 100,00","sna":"0","psna":"   0,00","e":"27740","ea":"27740","pea":" 100,00","ena":"0","pena":"   0,00","esi":"27740","pesi":" 100,00","esni":"0","pesni":"   0,00","c":"19986","pc":"  72,05","a":"7754","pa":"  27,95","vscv":"0","vnom":"18988","pvnom":" 100,00","vvc":"18988","pvvc":"  95,01","vb":"361","pvb":"   1,80","tvn":"637","ptvn":"   3,19","vn":"637","pvn":" 100,00","vnt":"0","pvnt":"   0,00","vp":"0","pvp":"   0,00","vv":"18988","pvv":" 100,00","van":"0","pvan":"   0,00","vansj":"0","pvansj":"   0,00","tv":"19986","cand":[{"seq":"10","sqcand":"220000738725","n":"55","nm":"GERSON MAIA","cc":"PSD","nv":"RASSENE ABRAHIM","e":"n","st":"N\u00e3o eleito","dvt":"V\u00e1lido","vap":"299","pvap":"   1,57"},{"seq":"8","sqcand":"220000671881","n":"70","nm":"MAUR\u00cdCIO DIBAS","cc":"AVANTE","nv":"EDUARDO ASSUN\u00c7\u00c3O","e":"n","st":"N\u00e3o eleito","dvt":"V\u00e1lido","vap":"455","pvap":"   2,40"},{"seq":"9","sqcand":"220001005836","n":"13","nm":"PROFA LILIAN","cc":"PT","nv":"DANI GIL","e":"n","st":"N\u00e3o eleito","dvt":"V\u00e1lido","vap":"400","pvap":"   2,11"},{"seq":"3","sqcand":"220000977510","n":"43","nm":"DRA TAISSA SOUSA","cc":"PV - PROS / PSC / PV","nv":"LUIZ NEGUINHO","e":"n","st":"N\u00e3o eleito","dvt":"V\u00e1lido","vap":"3463","pvap":"  18,24"},{"seq":"2","sqcand":"220000751294","n":"51","nm":"JOAO SOARES","cc":"PATRIOTA - PATRIOTA / PDT","nv":"NETINHO","e":"n","st":"N\u00e3o eleito","dvt":"V\u00e1lido","vap":"4284","pvap":"  22,56"},{"seq":"6","sqcand":"220001252077","n":"40","nm":"DR AURISON FLORENTINO","cc":"PSB","nv":"CRISTIELY DE SOUZA","e":"n","st":"N\u00e3o eleito","dvt":"V\u00e1lido","vap":"908","pvap":"   4,78"},{"seq":"5","sqcand":"220001157553","n":"17","nm":"CA\u00c7ADOR","cc":"PSL","nv":"SANDRA REIS","e":"n","st":"N\u00e3o eleito","dvt":"V\u00e1lido","vap":"926","pvap":"   4,88"},{"seq":"4","sqcand":"220000751297","n":"10","nm":"VIRGILIO GOMES","cc":"REPUBLICANOS","nv":"NASCIMENTO","e":"n","st":"N\u00e3o eleito","dvt":"V\u00e1lido","vap":"3167","pvap":"  16,68"},{"seq":"1","sqcand":"220000955987","n":"15","nm":"RAISSA BENTO","cc":"MDB - PODE / MDB / PSDB","nv":"MARY GRANEMANN","e":"s","st":"Eleito","dvt":"V\u00e1lido","vap":"4575","pvap":"  24,09"},{"seq":"7","sqcand":"220001252037","n":"22","nm":"NAIFE","cc":"PL","nv":"CARLITO DO PEIXE","e":"n","st":"N\u00e3o eleito","dvt":"V\u00e1lido","vap":"511","pvap":"   2,69"}]}
