{"ele":"426","tpabr":"mu","cdabr":"00035","carper":"11","t":"1","f":"o","dt":"15/11/2020","ht":"21:38:49","dv":"s","tf":"s","v":"1","esae":"n","mnae":"","s":"842","st":"842","pst":" 100,00","snt":"0","psnt":"   0,00","si":"842","psi":" 100,00","sni":"0","psni":"   0,00","sa":"842","psa":" 100,00","sna":"0","psna":"   0,00","e":"333031","ea":"333031","pea":" 100,00","ena":"0","pena":"   0,00","esi":"333031","pesi":" 100,00","esni":"0","pesni":"   0,00","c":"241180","pc":"  72,42","a":"91851","pa":"  27,58","vscv":"0","vnom":"219749","pvnom":" 100,00","vvc":"219749","pvvc":"  91,11","vb":"8630","pvb":"   3,58","tvn":"12801","ptvn":"   5,31","vn":"12801","pvn":" 100,00","vnt":"0","pvnt":"   0,00","vp":"0","pvp":"   0,00","vv":"219749","pvv":" 100,00","van":"0","pvan":"   0,00","vansj":"0","pvansj":"   0,00","tv":"241180","cand":[{"seq":"11","sqcand":"220001105767","n":"14","nm":"LEONEL BERTOLIN","cc":"PTB - PTB / DC","nv":"DR. IVO BENITEZ","e":"n","st":"N\u00e3o eleito","dvt":"V\u00e1lido","vap":"1624","pvap":"   0,74"},{"seq":"2","sqcand":"220001172317","n":"11","nm":"CRISTIANE LOPES","cc":"PP - PP / PROS","nv":"DELEGADO PEDRO MANCEBO","e":"s","st":"2\u00ba turno","dvt":"V\u00e1lido","vap":"31461","pvap":"  14,32"},{"seq":"5","sqcand":"220001181050","n":"77","nm":"CORONEL RONALDO FLORES","cc":"SOLIDARIEDADE - SOLIDARIEDADE / PV / PSB / PMN","nv":"PASTORA CILA","e":"n","st":"N\u00e3o eleito","dvt":"V\u00e1lido","vap":"16750","pvap":"   7,62"},{"seq":"13","sqcand":"220001083155","n":"50","nm":"PIMENTA DE ROND\u00d4NIA","cc":"PSOL","nv":"PASTOR RAIMUNDO","e":"n","st":"N\u00e3o eleito","dvt":"V\u00e1lido","vap":"1180","pvap":"   0,54"},{"seq":"14","sqcand":"220001273642","n":"28","nm":"PASTOR LEONARDO LUZ","cc":"PRTB","nv":"ROMANO MOREY","e":"n","st":"N\u00e3o eleito","dvt":"V\u00e1lido","vap":"741","pvap":"   0,34"},{"seq":"12","sqcand":"220000685117","n":"65","nm":"SAMUEL COSTA","cc":"PC do B","nv":"PROFESSOR PANTERA","e":"n","st":"N\u00e3o eleito","dvt":"V\u00e1lido","vap":"1229","pvap":"   0,56"},{"seq":"3","sqcand":"220001169383","n":"23","nm":"VINICIUS MIGUEL","cc":"CIDADANIA - CIDADANIA / REDE / PDT","nv":"HELINE BRAGA","e":"n","st":"N\u00e3o eleito","dvt":"V\u00e1lido","vap":"29369","pvap":"  13,36"},{"seq":"9","sqcand":"220001082524","n":"17","nm":"SARGENTO EYDER BRASIL","cc":"PSL","nv":"TENENTE COSTA","e":"n","st":"N\u00e3o eleito","dvt":"V\u00e1lido","vap":"5620","pvap":"   2,56"},{"seq":"6","sqcand":"220001081445","n":"10","nm":"LINDOMAR GAR\u00c7ON","cc":"REPUBLICANOS","nv":"CABO MILENE BARRETO","e":"n","st":"N\u00e3o eleito","dvt":"V\u00e1lido","vap":"12061","pvap":"   5,49"},{"seq":"8","sqcand":"220001170262","n":"13","nm":"RAMON CUJUI","cc":"PT","nv":"DR LHANO","e":"n","st":"N\u00e3o eleito","dvt":"V\u00e1lido","vap":"7069","pvap":"   3,22"},{"seq":"1","sqcand":"220001051415","n":"45","nm":"HILDON CHAVES","cc":"PSDB - PSD / PL / PSDB / DEM","nv":"MAURICIO CARVALHO","e":"s","st":"2\u00ba turno","dvt":"V\u00e1lido","vap":"74728","pvap":"  34,01"},{"seq":"10","sqcand":"220001138361","n":"20","nm":"EDVALDO SOARES","cc":"PSC","nv":"ROSI MUNIZ","e":"n","st":"N\u00e3o eleito","dvt":"V\u00e1lido","vap":"4154","pvap":"   1,89"},{"seq":"7","sqcand":"220001221000","n":"15","nm":"PIMENTEL","cc":"MDB","nv":"MARCO ANT\u00d4NIO","e":"n","st":"N\u00e3o eleito","dvt":"V\u00e1lido","vap":"8195","pvap":"   3,73"},{"seq":"4","sqcand":"220001225148","n":"70","nm":"DR. BRENO MENDES","cc":"AVANTE - PATRIOTA / AVANTE","nv":"PASTOR JOZINELIO","e":"n","st":"N\u00e3o eleito","dvt":"V\u00e1lido","vap":"25270","pvap":"  11,50"},{"seq":"15","sqcand":"220000638048","n":"16","nm":"GENECI GON\u00c7ALVES","cc":"PSTU","nv":"VITOR ROCHA","e":"n","st":"N\u00e3o eleito","dvt":"V\u00e1lido","vap":"298","pvap":"   0,14"}]}
