{"ele":"426","tpabr":"mu","cdabr":"00051","carper":"11","t":"1","f":"o","dt":"15/11/2020","ht":"21:12:19","dv":"s","tf":"s","v":"1","esae":"n","mnae":"","s":"226","st":"226","pst":" 100,00","snt":"0","psnt":"   0,00","si":"226","psi":" 100,00","sni":"0","psni":"   0,00","sa":"226","psa":" 100,00","sna":"0","psna":"   0,00","e":"88732","ea":"88732","pea":" 100,00","ena":"0","pena":"   0,00","esi":"88732","pesi":" 100,00","esni":"0","pesni":"   0,00","c":"62074","pc":"  69,96","a":"26658","pa":"  30,04","vscv":"0","vnom":"56946","pvnom":" 100,00","vvc":"56946","pvvc":"  91,74","vb":"2129","pvb":"   3,43","tvn":"2999","ptvn":"   4,83","vn":"2999","pvn":" 100,00","vnt":"0","pvnt":"   0,00","vp":"0","pvp":"   0,00","vv":"56946","pvv":" 100,00","van":"0","pvan":"   0,00","vansj":"0","pvansj":"   0,00","tv":"62074","cand":[{"seq":"4","sqcand":"220001266918","n":"12","nm":"JULIAN CUADAL","cc":"PDT - PDT / PL / PSB / PSDB / DEM / PSD / SOLIDARIEDADE","nv":"ANARU","e":"n","st":"N\u00e3o eleito","dvt":"V\u00e1lido","vap":"8358","pvap":"  14,68"},{"seq":"5","sqcand":"220001050484","n":"13","nm":"CL\u00c1UDIA DE JESUS","cc":"PT","nv":"DIVAN MACEDO","e":"n","st":"N\u00e3o eleito","dvt":"V\u00e1lido","vap":"7885","pvap":"  13,85"},{"seq":"3","sqcand":"220001049846","n":"11","nm":"DR JOAO DURVAL","cc":"PP - PP / PSC","nv":"ESEQUIEL BARBOSA","e":"n","st":"N\u00e3o eleito","dvt":"V\u00e1lido","vap":"10456","pvap":"  18,36"},{"seq":"1","sqcand":"220000791439","n":"15","nm":"ISAU FONSECA","cc":"MDB - MDB / PTB / PROS","nv":"JOAQUIM TEIXEIRA","e":"s","st":"Eleito","dvt":"V\u00e1lido","vap":"15699","pvap":"  27,57"},{"seq":"6","sqcand":"220000791644","n":"28","nm":"DR LINCOLN ASTRE","cc":"PRTB","nv":"DRA MADALENA ALENCAR","e":"n","st":"N\u00e3o eleito","dvt":"V\u00e1lido","vap":"3247","pvap":"   5,70"},{"seq":"2","sqcand":"220001241045","n":"10","nm":"JHONY PAIX\u00c3O","cc":"REPUBLICANOS - PATRIOTA / REPUBLICANOS / PSL / PODE","nv":"JOSE MOITA","e":"n","st":"N\u00e3o eleito","dvt":"V\u00e1lido","vap":"11301","pvap":"  19,85"}]}
