{"ele":"426","tpabr":"mu","cdabr":"00175","carper":"11","t":"1","f":"o","dt":"15/11/2020","ht":"21:50:31","dv":"s","tf":"s","v":"1","esae":"n","mnae":"","s":"76","st":"76","pst":" 100,00","snt":"0","psnt":"   0,00","si":"76","psi":" 100,00","sni":"0","psni":"   0,00","sa":"76","psa":" 100,00","sna":"0","psna":"   0,00","e":"30390","ea":"30390","pea":" 100,00","ena":"0","pena":"   0,00","esi":"30390","pesi":" 100,00","esni":"0","pesni":"   0,00","c":"20712","pc":"  68,15","a":"9678","pa":"  31,85","vscv":"0","vnom":"19632","pvnom":" 100,00","vvc":"19632","pvvc":"  94,79","vb":"322","pvb":"   1,55","tvn":"758","ptvn":"   3,66","vn":"758","pvn":" 100,00","vnt":"0","pvnt":"   0,00","vp":"0","pvp":"   0,00","vv":"19632","pvv":" 100,00","van":"0","pvan":"   0,00","vansj":"0","pvansj":"   0,00","tv":"20712","cand":[{"seq":"1","sqcand":"220001200095","n":"25","nm":"ALEX TESTONI","cc":"DEM - PROS / PODE / PDT / PSD / PSDB / REPUBLICANOS / DEM","nv":"DR PERAGIBE FELIX","e":"s","st":"Eleito","dvt":"V\u00e1lido","vap":"9961","pvap":"  50,74"},{"seq":"2","sqcand":"220000941426","n":"15","nm":"VAGNO PANISOLY","cc":"MDB - MDB / PV / DC","nv":"ELIENAI POCID\u00d4NIO","e":"n","st":"N\u00e3o eleito","dvt":"V\u00e1lido","vap":"9671","pvap":"  49,26"}]}
