{"ele":"426","tpabr":"mu","cdabr":"00191","carper":"11","t":"1","f":"o","dt":"15/11/2020","ht":"21:13:06","dv":"s","tf":"s","v":"1","esae":"n","mnae":"","s":"41","st":"41","pst":" 100,00","snt":"0","psnt":"   0,00","si":"41","psi":" 100,00","sni":"0","psni":"   0,00","sa":"41","psa":" 100,00","sna":"0","psna":"   0,00","e":"15389","ea":"15389","pea":" 100,00","ena":"0","pena":"   0,00","esi":"15389","pesi":" 100,00","esni":"0","pesni":"   0,00","c":"11257","pc":"  73,15","a":"4132","pa":"  26,85","vscv":"0","vnom":"10550","pvnom":" 100,00","vvc":"10550","pvvc":"  93,72","vb":"263","pvb":"   2,34","tvn":"444","ptvn":"   3,94","vn":"444","pvn":" 100,00","vnt":"0","pvnt":"   0,00","vp":"0","pvp":"   0,00","vv":"10550","pvv":" 100,00","van":"0","pvan":"   0,00","vansj":"0","pvansj":"   0,00","tv":"11257","cand":[{"seq":"4","sqcand":"220001227055","n":"28","nm":"DR GILVAN DE CASTRO","cc":"PRTB - PT / PRTB","nv":"JORGE DO ZEL\u00c3O","e":"n","st":"N\u00e3o eleito","dvt":"V\u00e1lido","vap":"442","pvap":"   4,19"},{"seq":"1","sqcand":"220001056527","n":"45","nm":"EDILSON ALENCAR","cc":"PSDB - PSDB / MDB / DEM","nv":"Z\u00c9 CARLOS DO MORUMBI","e":"s","st":"Eleito","dvt":"V\u00e1lido","vap":"5202","pvap":"  49,31"},{"seq":"3","sqcand":"220000927852","n":"19","nm":"HANDERSON BRITO ","cc":"PODE - PODE / PROS / PSB","nv":"JADERSON COLARES","e":"n","st":"N\u00e3o eleito","dvt":"V\u00e1lido","vap":"1261","pvap":"  11,95"},{"seq":"2","sqcand":"220001057737","n":"55","nm":"T\u00d3DINHA","cc":"PSD - PDT / PSL / SOLIDARIEDADE / PSD","nv":"TENENTE DANIEL","e":"n","st":"N\u00e3o eleito","dvt":"V\u00e1lido","vap":"3645","pvap":"  34,55"}]}
