{"ele":"426","tpabr":"mu","cdabr":"00310","carper":"11","t":"1","f":"o","dt":"15/11/2020","ht":"21:12:11","dv":"s","tf":"s","v":"1","esae":"n","mnae":"","s":"54","st":"54","pst":" 100,00","snt":"0","psnt":"   0,00","si":"54","psi":" 100,00","sni":"0","psni":"   0,00","sa":"54","psa":" 100,00","sna":"0","psna":"   0,00","e":"19478","ea":"19478","pea":" 100,00","ena":"0","pena":"   0,00","esi":"19478","pesi":" 100,00","esni":"0","pesni":"   0,00","c":"14015","pc":"  71,95","a":"5463","pa":"  28,05","vscv":"0","vnom":"13120","pvnom":" 100,00","vvc":"13120","pvvc":"  93,61","vb":"289","pvb":"   2,07","tvn":"606","ptvn":"   4,32","vn":"606","pvn":" 100,00","vnt":"0","pvnt":"   0,00","vp":"0","pvp":"   0,00","vv":"13120","pvv":" 100,00","van":"0","pvan":"   0,00","vansj":"0","pvansj":"   0,00","tv":"14015","cand":[{"seq":"4","sqcand":"220001123081","n":"27","nm":"PAULO DO CART\u00d3RIO","cc":"DC","nv":"VANDERLEY RAASCH","e":"n","st":"N\u00e3o eleito","dvt":"V\u00e1lido","vap":"326","pvap":"   2,48"},{"seq":"1","sqcand":"220001187738","n":"19","nm":"GIO DAMO","cc":"PODE - PL / PODE","nv":"ROBSON UGOLINI","e":"s","st":"Eleito","dvt":"V\u00e1lido","vap":"7536","pvap":"  57,44"},{"seq":"3","sqcand":"220000768332","n":"13","nm":"PROFESSOR ADEMAR","cc":"PT","nv":"VICTOR","e":"n","st":"N\u00e3o eleito","dvt":"V\u00e1lido","vap":"732","pvap":"   5,58"},{"seq":"2","sqcand":"220001055240","n":"12","nm":"VANTUIL DO POSTO","cc":"PDT - PSB / DEM / PSD / PDT","nv":"ALVARO BUENO","e":"n","st":"N\u00e3o eleito","dvt":"V\u00e1lido","vap":"4526","pvap":"  34,50"}]}
