{"ele":"426","tpabr":"mu","cdabr":"00353","carper":"11","t":"1","f":"o","dt":"15/11/2020","ht":"21:23:28","dv":"s","tf":"s","v":"1","esae":"n","mnae":"","s":"19","st":"19","pst":" 100,00","snt":"0","psnt":"   0,00","si":"19","psi":" 100,00","sni":"0","psni":"   0,00","sa":"19","psa":" 100,00","sna":"0","psna":"   0,00","e":"6757","ea":"6757","pea":" 100,00","ena":"0","pena":"   0,00","esi":"6757","pesi":" 100,00","esni":"0","pesni":"   0,00","c":"5320","pc":"  78,73","a":"1437","pa":"  21,27","vscv":"0","vnom":"4983","pvnom":" 100,00","vvc":"4983","pvvc":"  93,67","vb":"94","pvb":"   1,76","tvn":"243","ptvn":"   4,57","vn":"243","pvn":" 100,00","vnt":"0","pvnt":"   0,00","vp":"0","pvp":"   0,00","vv":"4983","pvv":" 100,00","van":"0","pvan":"   0,00","vansj":"0","pvansj":"   0,00","tv":"5320","cand":[{"seq":"1","sqcand":"220000773198","n":"19","nm":"JURANDIR DE OLIVEIRA","cc":"PODE - PSD / DEM / PSB / PODE","nv":"NEY","e":"s","st":"Eleito","dvt":"V\u00e1lido","vap":"2755","pvap":"  55,29"},{"seq":"2","sqcand":"220000987854","n":"51","nm":"PERITO VARK","cc":"PATRIOTA - MDB / PDT / PATRIOTA / REPUBLICANOS","nv":"PR NILSON","e":"n","st":"N\u00e3o eleito","dvt":"V\u00e1lido","vap":"2228","pvap":"  44,71"}]}
