{"ele":"426","tpabr":"mu","cdabr":"00370","carper":"11","t":"1","f":"o","dt":"15/11/2020","ht":"21:20:12","dv":"s","tf":"s","v":"1","esae":"n","mnae":"","s":"37","st":"37","pst":" 100,00","snt":"0","psnt":"   0,00","si":"37","psi":" 100,00","sni":"0","psni":"   0,00","sa":"37","psa":" 100,00","sna":"0","psna":"   0,00","e":"14097","ea":"14097","pea":" 100,00","ena":"0","pena":"   0,00","esi":"14097","pesi":" 100,00","esni":"0","pesni":"   0,00","c":"10204","pc":"  72,38","a":"3893","pa":"  27,62","vscv":"0","vnom":"9683","pvnom":" 100,00","vvc":"9683","pvvc":"  94,89","vb":"165","pvb":"   1,62","tvn":"356","ptvn":"   3,49","vn":"356","pvn":" 100,00","vnt":"0","pvnt":"   0,00","vp":"0","pvp":"   0,00","vv":"9683","pvv":" 100,00","van":"0","pvan":"   0,00","vansj":"0","pvansj":"   0,00","tv":"10204","cand":[{"seq":"2","sqcand":"220000649456","n":"25","nm":"SILAS BORGES","cc":"DEM - PDT / MDB / PL / DEM / PSB / PSDB / SOLIDARIEDADE / PROS / PSC / REPUBLICANOS","nv":"VAND\u00c3O","e":"n","st":"N\u00e3o eleito","dvt":"V\u00e1lido","vap":"4491","pvap":"  46,38"},{"seq":"1","sqcand":"220000881712","n":"11","nm":"HELIO MENDES","cc":"PP - PP / PSD / PSL","nv":"ALTEME DA 13","e":"s","st":"Eleito","dvt":"V\u00e1lido","vap":"4537","pvap":"  46,86"},{"seq":"3","sqcand":"220000684711","n":"13","nm":"PROFESSOR EMERSON","cc":"PT","nv":"NEUZA MACHADO","e":"n","st":"N\u00e3o eleito","dvt":"V\u00e1lido","vap":"655","pvap":"   6,76"}]}
