{"ele":"426","tpabr":"mu","cdabr":"00434","carper":"11","t":"1","f":"o","dt":"15/11/2020","ht":"21:45:31","dv":"s","tf":"s","v":"1","esae":"n","mnae":"","s":"46","st":"46","pst":" 100,00","snt":"0","psnt":"   0,00","si":"46","psi":" 100,00","sni":"0","psni":"   0,00","sa":"46","psa":" 100,00","sna":"0","psna":"   0,00","e":"17335","ea":"17335","pea":" 100,00","ena":"0","pena":"   0,00","esi":"17335","pesi":" 100,00","esni":"0","pesni":"   0,00","c":"12626","pc":"  72,84","a":"4709","pa":"  27,16","vscv":"0","vnom":"11928","pvnom":" 100,00","vvc":"11928","pvvc":"  94,47","vb":"192","pvb":"   1,52","tvn":"506","ptvn":"   4,01","vn":"506","pvn":" 100,00","vnt":"0","pvnt":"   0,00","vp":"0","pvp":"   0,00","vv":"11928","pvv":" 100,00","van":"0","pvan":"   0,00","vansj":"0","pvansj":"   0,00","tv":"12626","cand":[{"seq":"2","sqcand":"220001076561","n":"12","nm":"DR WELISON NUNES","cc":"PDT - REPUBLICANOS / PDT / PSL","nv":"TAMANINHO","e":"n","st":"N\u00e3o eleito","dvt":"V\u00e1lido","vap":"3389","pvap":"  28,41"},{"seq":"3","sqcand":"220001243084","n":"15","nm":"DR ALEXANDRE  NOGUEIRA","cc":"MDB","nv":"SANDRINHO","e":"n","st":"N\u00e3o eleito","dvt":"V\u00e1lido","vap":"3143","pvap":"  26,35"},{"seq":"1","sqcand":"220000636214","n":"25","nm":"MARC\u00c9LIO BRASILEIRO","cc":"DEM - DEM / PODE / PT / PP / PSD / PSB / PSDB","nv":"S\u00c9RGIO BERMOND","e":"s","st":"Eleito","dvt":"V\u00e1lido","vap":"4326","pvap":"  36,27"},{"seq":"4","sqcand":"220001141214","n":"77","nm":"NAT\u00c3 FELICIANO DO SIND RURAL","cc":"SOLIDARIEDADE","nv":"MARCOS DA PSICULTURA","e":"n","st":"N\u00e3o eleito","dvt":"V\u00e1lido","vap":"1070","pvap":"   8,97"}]}
