{"ele":"426","tpabr":"mu","cdabr":"00450","carper":"11","t":"1","f":"o","dt":"15/11/2020","ht":"21:10:08","dv":"s","tf":"s","v":"1","esae":"n","mnae":"","s":"13","st":"13","pst":" 100,00","snt":"0","psnt":"   0,00","si":"13","psi":" 100,00","sni":"0","psni":"   0,00","sa":"13","psa":" 100,00","sna":"0","psna":"   0,00","e":"4681","ea":"4681","pea":" 100,00","ena":"0","pena":"   0,00","esi":"4681","pesi":" 100,00","esni":"0","pesni":"   0,00","c":"3774","pc":"  80,62","a":"907","pa":"  19,38","vscv":"0","vnom":"3630","pvnom":" 100,00","vvc":"3630","pvvc":"  96,18","vb":"30","pvb":"   0,80","tvn":"114","ptvn":"   3,02","vn":"114","pvn":" 100,00","vnt":"0","pvnt":"   0,00","vp":"0","pvp":"   0,00","vv":"3630","pvv":" 100,00","van":"0","pvan":"   0,00","vansj":"0","pvansj":"   0,00","tv":"3774","cand":[{"seq":"1","sqcand":"220000955267","n":"11","nm":"IZAEL","cc":"PP - PV / PP / DEM / PDT / SOLIDARIEDADE","nv":"CHICAO","e":"s","st":"Eleito","dvt":"V\u00e1lido","vap":"2242","pvap":"  61,76"},{"seq":"3","sqcand":"220001137117","n":"51","nm":"ADILSON FAGUNDES","cc":"PATRIOTA","nv":"J\u00c9SSICA DOS ANJOS","e":"n","st":"N\u00e3o eleito","dvt":"V\u00e1lido","vap":"200","pvap":"   5,51"},{"seq":"2","sqcand":"220001193423","n":"45","nm":"ROSELY BARROSO","cc":"PSDB - PSDB / MDB","nv":"GALERA","e":"n","st":"N\u00e3o eleito","dvt":"V\u00e1lido","vap":"1188","pvap":"  32,73"}]}
