{"ele":"426","tpabr":"mu","cdabr":"00477","carper":"11","t":"1","f":"o","dt":"15/11/2020","ht":"21:33:56","dv":"s","tf":"s","v":"1","esae":"n","mnae":"","s":"47","st":"47","pst":" 100,00","snt":"0","psnt":"   0,00","si":"47","psi":" 100,00","sni":"0","psni":"   0,00","sa":"47","psa":" 100,00","sna":"0","psna":"   0,00","e":"18023","ea":"18023","pea":" 100,00","ena":"0","pena":"   0,00","esi":"18023","pesi":" 100,00","esni":"0","pesni":"   0,00","c":"13288","pc":"  73,73","a":"4735","pa":"  26,27","vscv":"0","vnom":"12541","pvnom":" 100,00","vvc":"12541","pvvc":"  94,38","vb":"261","pvb":"   1,96","tvn":"486","ptvn":"   3,66","vn":"486","pvn":" 100,00","vnt":"0","pvnt":"   0,00","vp":"0","pvp":"   0,00","vv":"12541","pvv":" 100,00","van":"0","pvan":"   0,00","vansj":"0","pvansj":"   0,00","tv":"13288","cand":[{"seq":"1","sqcand":"220000772035","n":"51","nm":"VALTEIR QUEIROZ","cc":"PATRIOTA - PSB / PMN / PV / PATRIOTA","nv":"TONIN CEREJEIRAS","e":"s","st":"Eleito","dvt":"V\u00e1lido","vap":"5815","pvap":"  46,37"},{"seq":"2","sqcand":"220001242620","n":"70","nm":"LUCIVALDO FABRICIO","cc":"AVANTE - REPUBLICANOS / PSL / AVANTE / PP","nv":"ANDR\u00c9 BEM","e":"n","st":"N\u00e3o eleito","dvt":"V\u00e1lido","vap":"4573","pvap":"  36,46"},{"seq":"3","sqcand":"220001245966","n":"15","nm":"GRINGO","cc":"MDB","nv":"MARIO JOAQUIM DOS SANTOS","e":"n","st":"N\u00e3o eleito","dvt":"V\u00e1lido","vap":"2153","pvap":"  17,17"}]}
