{"ele":"426","tpabr":"mu","cdabr":"00493","carper":"11","t":"1","f":"o","dt":"15/11/2020","ht":"21:13:38","dv":"s","tf":"s","v":"1","esae":"n","mnae":"","s":"18","st":"18","pst":" 100,00","snt":"0","psnt":"   0,00","si":"18","psi":" 100,00","sni":"0","psni":"   0,00","sa":"18","psa":" 100,00","sna":"0","psna":"   0,00","e":"6397","ea":"6397","pea":" 100,00","ena":"0","pena":"   0,00","esi":"6397","pesi":" 100,00","esni":"0","pesni":"   0,00","c":"4564","pc":"  71,35","a":"1833","pa":"  28,65","vscv":"0","vnom":"4408","pvnom":" 100,00","vvc":"4408","pvvc":"  96,58","vb":"44","pvb":"   0,97","tvn":"112","ptvn":"   2,45","vn":"112","pvn":" 100,00","vnt":"0","pvnt":"   0,00","vp":"0","pvp":"   0,00","vv":"4408","pvv":" 100,00","van":"0","pvan":"   0,00","vansj":"0","pvansj":"   0,00","tv":"4564","cand":[{"seq":"1","sqcand":"220001064316","n":"15","nm":"MOISES CAVALHEIRO","cc":"MDB - MDB / REPUBLICANOS","nv":"PAULO TRAMONTIN","e":"s","st":"Eleito","dvt":"V\u00e1lido","vap":"2175","pvap":"  49,34"},{"seq":"2","sqcand":"220000993799","n":"51","nm":"PROF ALTAIR","cc":"PATRIOTA - PATRIOTA / PV / PSDB","nv":"CIDINHO DO VIVEIRO","e":"n","st":"N\u00e3o eleito","dvt":"V\u00e1lido","vap":"1877","pvap":"  42,58"},{"seq":"3","sqcand":"220000944349","n":"40","nm":"DR CRISTALINO","cc":"PSB - PMN / PSB","nv":"PASTOR EZEQUIEL","e":"n","st":"N\u00e3o eleito","dvt":"V\u00e1lido","vap":"356","pvap":"   8,08"}]}
