{"ele":"426","tpabr":"mu","cdabr":"00531","carper":"11","t":"1","f":"o","dt":"15/11/2020","ht":"21:22:55","dv":"s","tf":"s","v":"1","esae":"n","mnae":"","s":"9","st":"9","pst":" 100,00","snt":"0","psnt":"   0,00","si":"9","psi":" 100,00","sni":"0","psni":"   0,00","sa":"9","psa":" 100,00","sna":"0","psna":"   0,00","e":"3116","ea":"3116","pea":" 100,00","ena":"0","pena":"   0,00","esi":"3116","pesi":" 100,00","esni":"0","pesni":"   0,00","c":"2471","pc":"  79,30","a":"645","pa":"  20,70","vscv":"0","vnom":"1445","pvnom":" 100,00","vvc":"2379","pvvc":"  96,28","vb":"36","pvb":"   1,45","tvn":"56","ptvn":"   2,27","vn":"56","pvn":" 100,00","vnt":"0","pvnt":"   0,00","vp":"0","pvp":"   0,00","vv":"1445","pvv":"  60,74","van":"0","pvan":"   0,00","vansj":"934","pvansj":"  39,26","tv":"2471","cand":[{"seq":"1","sqcand":"220000653325","n":"11","nm":"C\u00cdCERO GODOI","cc":"PP - PP / MDB","nv":"ONIAS PAIZANTE","e":"s","st":"Eleito","dvt":"V\u00e1lido","vap":"1008","pvap":"  42,37"},{"seq":"2","sqcand":"220000684243","n":"55","nm":"ALCIDES DO SOM","cc":"PSD - DEM / PSD","nv":"SIDINEI ELIEZER","e":"n","st":"N\u00e3o eleito","dvt":"Anulado sub judice","vap":"934","pvap":"  39,26"},{"seq":"3","sqcand":"220000790000","n":"14","nm":"LUCIANO MORAES","cc":"PTB - PODE / PATRIOTA / PTB","nv":"TIAGO POLLA","e":"n","st":"N\u00e3o eleito","dvt":"V\u00e1lido","vap":"437","pvap":"  18,37"}]}
