{"ele":"426","tpabr":"mu","cdabr":"00558","carper":"11","t":"1","f":"o","dt":"15/11/2020","ht":"21:28:28","dv":"s","tf":"s","v":"1","esae":"n","mnae":"","s":"16","st":"16","pst":" 100,00","snt":"0","psnt":"   0,00","si":"16","psi":" 100,00","sni":"0","psni":"   0,00","sa":"16","psa":" 100,00","sna":"0","psna":"   0,00","e":"6202","ea":"6202","pea":" 100,00","ena":"0","pena":"   0,00","esi":"6202","pesi":" 100,00","esni":"0","pesni":"   0,00","c":"4732","pc":"  76,30","a":"1470","pa":"  23,70","vscv":"0","vnom":"4470","pvnom":" 100,00","vvc":"4470","pvvc":"  94,46","vb":"57","pvb":"   1,21","tvn":"205","ptvn":"   4,33","vn":"205","pvn":" 100,00","vnt":"0","pvnt":"   0,00","vp":"0","pvp":"   0,00","vv":"4470","pvv":" 100,00","van":"0","pvan":"   0,00","vansj":"0","pvansj":"   0,00","tv":"4732","cand":[{"seq":"1","sqcand":"220001275174","n":"90","nm":"PROFESSORA POLIANA GASQUI","cc":"PROS - PROS / PSDB / DEM / PSD / PSL / PSB","nv":"ADRIANO ROXA","e":"s","st":"Eleito","dvt":"V\u00e1lido","vap":"2484","pvap":"  55,57"},{"seq":"2","sqcand":"220000768517","n":"15","nm":"LUIZ DO HOTEL","cc":"MDB - MDB / PODE / PATRIOTA","nv":"ALFREDO JUNIOR","e":"n","st":"N\u00e3o eleito","dvt":"V\u00e1lido","vap":"1986","pvap":"  44,43"}]}
