{"ele":"426","tpabr":"mu","cdabr":"00566","carper":"11","t":"1","f":"o","dt":"15/11/2020","ht":"21:15:40","dv":"s","tf":"s","v":"1","esae":"n","mnae":"","s":"25","st":"25","pst":" 100,00","snt":"0","psnt":"   0,00","si":"25","psi":" 100,00","sni":"0","psni":"   0,00","sa":"25","psa":" 100,00","sna":"0","psna":"   0,00","e":"9749","ea":"9749","pea":" 100,00","ena":"0","pena":"   0,00","esi":"9749","pesi":" 100,00","esni":"0","pesni":"   0,00","c":"7182","pc":"  73,67","a":"2567","pa":"  26,33","vscv":"0","vnom":"6602","pvnom":" 100,00","vvc":"6863","pvvc":"  95,56","vb":"101","pvb":"   1,40","tvn":"218","ptvn":"   3,04","vn":"218","pvn":" 100,00","vnt":"0","pvnt":"   0,00","vp":"0","pvp":"   0,00","vv":"6602","pvv":"  96,20","van":"0","pvan":"   0,00","vansj":"261","pvansj":"   3,80","tv":"7182","cand":[{"seq":"5","sqcand":"220001256807","n":"15","nm":"RENI","cc":"MDB","nv":"DIRCEU","e":"n","st":"N\u00e3o eleito","dvt":"Anulado sub judice","vap":"261","pvap":"   3,80"},{"seq":"4","sqcand":"220000786318","n":"40","nm":"MARCELO DA PC","cc":"PSB","nv":"RUB\u00c3O DA PADARIA","e":"n","st":"N\u00e3o eleito","dvt":"V\u00e1lido","vap":"563","pvap":"   8,20"},{"seq":"2","sqcand":"220001136294","n":"14","nm":"SERJ\u00c3O","cc":"PTB - REPUBLICANOS / PTB","nv":"BRANCO DA T VINTE","e":"n","st":"N\u00e3o eleito","dvt":"V\u00e1lido","vap":"1842","pvap":"  26,84"},{"seq":"1","sqcand":"220000991849","n":"11","nm":"CELIO LANG","cc":"PP - PP / PDT / DEM / PV / PATRIOTA","nv":"ROBERTO","e":"s","st":"Eleito","dvt":"V\u00e1lido","vap":"3591","pvap":"  52,32"},{"seq":"3","sqcand":"220000653184","n":"90","nm":"JULIO DA C DOIS","cc":"PROS","nv":"SERGINHO DA QUATORZE","e":"n","st":"N\u00e3o eleito","dvt":"V\u00e1lido","vap":"606","pvap":"   8,83"}]}
