{"ele":"426","tpabr":"mu","cdabr":"00647","carper":"11","t":"1","f":"o","dt":"15/11/2020","ht":"19:06:17","dv":"s","tf":"s","v":"1","esae":"n","mnae":"","s":"8","st":"8","pst":" 100,00","snt":"0","psnt":"   0,00","si":"8","psi":" 100,00","sni":"0","psni":"   0,00","sa":"8","psa":" 100,00","sna":"0","psna":"   0,00","e":"3412","ea":"3412","pea":" 100,00","ena":"0","pena":"   0,00","esi":"3412","pesi":" 100,00","esni":"0","pesni":"   0,00","c":"2644","pc":"  77,49","a":"768","pa":"  22,51","vscv":"0","vnom":"2566","pvnom":" 100,00","vvc":"2566","pvvc":"  97,05","vb":"26","pvb":"   0,98","tvn":"52","ptvn":"   1,97","vn":"52","pvn":" 100,00","vnt":"0","pvnt":"   0,00","vp":"0","pvp":"   0,00","vv":"2566","pvv":" 100,00","van":"0","pvan":"   0,00","vansj":"0","pvansj":"   0,00","tv":"2644","cand":[{"seq":"1","sqcand":"220000661798","n":"55","nm":"LEZ\u00c3O","cc":"PSD - REPUBLICANOS / DEM / PSD","nv":"CASSIANE","e":"s","st":"Eleito","dvt":"V\u00e1lido","vap":"1613","pvap":"  62,86"},{"seq":"2","sqcand":"220000890308","n":"15","nm":"EUDES","cc":"MDB - MDB / PP","nv":"TATU","e":"n","st":"N\u00e3o eleito","dvt":"V\u00e1lido","vap":"828","pvap":"  32,27"},{"seq":"3","sqcand":"220000846936","n":"12","nm":"DR AGUINALDO","cc":"PDT","nv":"ISAIAS BOTINHA","e":"n","st":"N\u00e3o eleito","dvt":"V\u00e1lido","vap":"125","pvap":"   4,87"}]}
