{"ele":"426","tpabr":"mu","cdabr":"00663","carper":"11","t":"1","f":"o","dt":"15/11/2020","ht":"21:34:31","dv":"s","tf":"s","v":"1","esae":"n","mnae":"","s":"26","st":"26","pst":" 100,00","snt":"0","psnt":"   0,00","si":"26","psi":" 100,00","sni":"0","psni":"   0,00","sa":"26","psa":" 100,00","sna":"0","psna":"   0,00","e":"9949","ea":"9949","pea":" 100,00","ena":"0","pena":"   0,00","esi":"9949","pesi":" 100,00","esni":"0","pesni":"   0,00","c":"7134","pc":"  71,71","a":"2815","pa":"  28,29","vscv":"0","vnom":"6793","pvnom":" 100,00","vvc":"6793","pvvc":"  95,22","vb":"100","pvb":"   1,40","tvn":"241","ptvn":"   3,38","vn":"241","pvn":" 100,00","vnt":"0","pvnt":"   0,00","vp":"0","pvp":"   0,00","vv":"6793","pvv":" 100,00","van":"0","pvan":"   0,00","vansj":"0","pvansj":"   0,00","tv":"7134","cand":[{"seq":"5","sqcand":"220000650622","n":"10","nm":"MARILENE CRISTIAN","cc":"REPUBLICANOS - PP / REPUBLICANOS","nv":"HELIO VERDUREIRO","e":"n","st":"N\u00e3o eleito","dvt":"V\u00e1lido","vap":"372","pvap":"   5,48"},{"seq":"2","sqcand":"220000936288","n":"25","nm":"EVANDRO MARQUES","cc":"DEM - DEM / PSDB","nv":"JOAQUIM SERENO","e":"n","st":"N\u00e3o eleito","dvt":"V\u00e1lido","vap":"1941","pvap":"  28,57"},{"seq":"1","sqcand":"220001067603","n":"55","nm":"IVAIR FERNANDES","cc":"PSD - PSD / MDB","nv":"MARCIA FAGUNDES","e":"s","st":"Eleito","dvt":"V\u00e1lido","vap":"2714","pvap":"  39,95"},{"seq":"4","sqcand":"220001193666","n":"43","nm":"PROF. MARINEIDE RODRIGUES","cc":"PV - PSB / PV","nv":"ROSI DA 25","e":"n","st":"N\u00e3o eleito","dvt":"V\u00e1lido","vap":"416","pvap":"   6,12"},{"seq":"3","sqcand":"220001269771","n":"12","nm":"TONIN BARROSO","cc":"PDT - PATRIOTA / PDT","nv":"VIRGILIO","e":"n","st":"N\u00e3o eleito","dvt":"V\u00e1lido","vap":"1350","pvap":"  19,87"}]}
