{"ele":"426","tpabr":"mu","cdabr":"00671","carper":"11","t":"1","f":"o","dt":"15/11/2020","ht":"22:15:17","dv":"s","tf":"s","v":"1","esae":"n","mnae":"","s":"21","st":"21","pst":" 100,00","snt":"0","psnt":"   0,00","si":"21","psi":" 100,00","sni":"0","psni":"   0,00","sa":"21","psa":" 100,00","sna":"0","psna":"   0,00","e":"7773","ea":"7773","pea":" 100,00","ena":"0","pena":"   0,00","esi":"7773","pesi":" 100,00","esni":"0","pesni":"   0,00","c":"5491","pc":"  70,64","a":"2282","pa":"  29,36","vscv":"0","vnom":"5266","pvnom":" 100,00","vvc":"5266","pvvc":"  95,90","vb":"72","pvb":"   1,31","tvn":"153","ptvn":"   2,79","vn":"153","pvn":" 100,00","vnt":"0","pvnt":"   0,00","vp":"0","pvp":"   0,00","vv":"5266","pvv":" 100,00","van":"0","pvan":"   0,00","vansj":"0","pvansj":"   0,00","tv":"5491","cand":[{"seq":"2","sqcand":"220000808906","n":"55","nm":"SOCORRO","cc":"PSD - PTB / PSD","nv":"VANILDO DO RIO BRANCO","e":"n","st":"N\u00e3o eleito","dvt":"V\u00e1lido","vap":"2304","pvap":"  43,75"},{"seq":"1","sqcand":"220001061283","n":"12","nm":"ALEXANDRE DO FORTALEZA","cc":"PDT - PDT / REPUBLICANOS","nv":"ADEILSON DO RIO BRANCO","e":"s","st":"Eleito","dvt":"V\u00e1lido","vap":"2962","pvap":"  56,25"}]}
