{"ele":"426","tpabr":"mu","cdabr":"00680","carper":"11","t":"1","f":"o","dt":"15/11/2020","ht":"21:10:43","dv":"s","tf":"s","v":"1","esae":"n","mnae":"","s":"27","st":"27","pst":" 100,00","snt":"0","psnt":"   0,00","si":"27","psi":" 100,00","sni":"0","psni":"   0,00","sa":"27","psa":" 100,00","sna":"0","psna":"   0,00","e":"10544","ea":"10544","pea":" 100,00","ena":"0","pena":"   0,00","esi":"10544","pesi":" 100,00","esni":"0","pesni":"   0,00","c":"7755","pc":"  73,55","a":"2789","pa":"  26,45","vscv":"0","vnom":"7422","pvnom":" 100,00","vvc":"7422","pvvc":"  95,71","vb":"82","pvb":"   1,05","tvn":"251","ptvn":"   3,24","vn":"251","pvn":" 100,00","vnt":"0","pvnt":"   0,00","vp":"0","pvp":"   0,00","vv":"7422","pvv":" 100,00","van":"0","pvan":"   0,00","vansj":"0","pvansj":"   0,00","tv":"7755","cand":[{"seq":"1","sqcand":"220000783726","n":"25","nm":"PEDRO FERNANDES","cc":"DEM - DEM / PDT / PP / PROS / PSD / REPUBLICANOS","nv":"JO\u00c3O BECKER","e":"s","st":"Eleito","dvt":"V\u00e1lido","vap":"3364","pvap":"  45,32"},{"seq":"3","sqcand":"220001108724","n":"19","nm":"LUANA MUNARI","cc":"PODE - PODE / PSL","nv":"BARRETO","e":"n","st":"N\u00e3o eleito","dvt":"V\u00e1lido","vap":"1149","pvap":"  15,48"},{"seq":"4","sqcand":"220000986022","n":"28","nm":"CHIC\u00c3O DO BOI","cc":"PRTB","nv":"JUNIOR","e":"n","st":"N\u00e3o eleito","dvt":"V\u00e1lido","vap":"153","pvap":"   2,06"},{"seq":"2","sqcand":"220001108770","n":"20","nm":"SOBRAL","cc":"PSC - PSC / SOLIDARIEDADE / PTB","nv":"DORE","e":"n","st":"N\u00e3o eleito","dvt":"V\u00e1lido","vap":"2756","pvap":"  37,13"}]}
