{"ele":"426","tpabr":"mu","cdabr":"00698","carper":"11","t":"1","f":"o","dt":"15/11/2020","ht":"21:30:20","dv":"s","tf":"s","v":"1","esae":"n","mnae":"","s":"15","st":"15","pst":" 100,00","snt":"0","psnt":"   0,00","si":"15","psi":" 100,00","sni":"0","psni":"   0,00","sa":"15","psa":" 100,00","sna":"0","psna":"   0,00","e":"6335","ea":"6335","pea":" 100,00","ena":"0","pena":"   0,00","esi":"6335","pesi":" 100,00","esni":"0","pesni":"   0,00","c":"4817","pc":"  76,04","a":"1518","pa":"  23,96","vscv":"0","vnom":"4597","pvnom":" 100,00","vvc":"4597","pvvc":"  95,43","vb":"49","pvb":"   1,02","tvn":"171","ptvn":"   3,55","vn":"171","pvn":" 100,00","vnt":"0","pvnt":"   0,00","vp":"0","pvp":"   0,00","vv":"4597","pvv":" 100,00","van":"0","pvan":"   0,00","vansj":"0","pvansj":"   0,00","tv":"4817","cand":[{"seq":"1","sqcand":"220001152291","n":"15","nm":"ANILDO ALBERTON","cc":"MDB - PT / PSDB / PSB / PSD / MDB","nv":"ANT\u00d4NIO DO MICRO \u00d4NIBUS","e":"s","st":"Eleito","dvt":"V\u00e1lido","vap":"3133","pvap":"  68,15"},{"seq":"2","sqcand":"220000987896","n":"12","nm":"AFONSO FREITAS","cc":"PDT - REPUBLICANOS / PDT / PTB","nv":"EDINALDO DA SA\u00daDE","e":"n","st":"N\u00e3o eleito","dvt":"V\u00e1lido","vap":"1464","pvap":"  31,85"}]}
