{"ele":"426","tpabr":"mu","cdabr":"00701","carper":"11","t":"1","f":"o","dt":"15/11/2020","ht":"21:24:15","dv":"s","tf":"s","v":"1","esae":"n","mnae":"","s":"11","st":"11","pst":" 100,00","snt":"0","psnt":"   0,00","si":"11","psi":" 100,00","sni":"0","psni":"   0,00","sa":"11","psa":" 100,00","sna":"0","psna":"   0,00","e":"3279","ea":"3279","pea":" 100,00","ena":"0","pena":"   0,00","esi":"3279","pesi":" 100,00","esni":"0","pesni":"   0,00","c":"2687","pc":"  81,95","a":"592","pa":"  18,05","vscv":"0","vnom":"2615","pvnom":" 100,00","vvc":"2615","pvvc":"  97,32","vb":"16","pvb":"   0,60","tvn":"56","ptvn":"   2,08","vn":"56","pvn":" 100,00","vnt":"0","pvnt":"   0,00","vp":"0","pvp":"   0,00","vv":"2615","pvv":" 100,00","van":"0","pvan":"   0,00","vansj":"0","pvansj":"   0,00","tv":"2687","cand":[{"seq":"2","sqcand":"220000655119","n":"12","nm":"DRA GECILENE","cc":"PDT - PDT / PT / PSD / MDB","nv":"CELIO SIMINHUK","e":"n","st":"N\u00e3o eleito","dvt":"V\u00e1lido","vap":"928","pvap":"  35,49"},{"seq":"1","sqcand":"220001063746","n":"40","nm":"MARCONDES DE CARVALHO","cc":"PSB - PSL / PSB","nv":"FABIANA","e":"s","st":"Eleito","dvt":"V\u00e1lido","vap":"1293","pvap":"  49,45"},{"seq":"3","sqcand":"220000726899","n":"25","nm":"LUTERO PARAISO","cc":"DEM","nv":"ISRAEL","e":"n","st":"N\u00e3o eleito","dvt":"V\u00e1lido","vap":"394","pvap":"  15,07"}]}
