{"ele":"426","tpabr":"mu","cdabr":"00728","carper":"11","t":"1","f":"o","dt":"15/11/2020","ht":"21:08:04","dv":"s","tf":"s","v":"1","esae":"n","mnae":"","s":"8","st":"8","pst":" 100,00","snt":"0","psnt":"   0,00","si":"8","psi":" 100,00","sni":"0","psni":"   0,00","sa":"8","psa":" 100,00","sna":"0","psna":"   0,00","e":"2803","ea":"2803","pea":" 100,00","ena":"0","pena":"   0,00","esi":"2803","pesi":" 100,00","esni":"0","pesni":"   0,00","c":"2216","pc":"  79,06","a":"587","pa":"  20,94","vscv":"0","vnom":"2062","pvnom":" 100,00","vvc":"2062","pvvc":"  93,05","vb":"53","pvb":"   2,39","tvn":"101","ptvn":"   4,56","vn":"101","pvn":" 100,00","vnt":"0","pvnt":"   0,00","vp":"0","pvp":"   0,00","vv":"2062","pvv":" 100,00","van":"0","pvan":"   0,00","vansj":"0","pvansj":"   0,00","tv":"2216","cand":[{"seq":"1","sqcand":"220000851296","n":"10","nm":"EDUARDO BERTOLETTI","cc":"REPUBLICANOS - REPUBLICANOS / PP / PDT","nv":"MARQUINHOS DA SAUDE","e":"s","st":"Eleito","dvt":"V\u00e1lido","vap":"1227","pvap":"  59,51"},{"seq":"2","sqcand":"220000927942","n":"55","nm":"ENFERMEIRA CONCEI\u00c7\u00c3O","cc":"PSD","nv":"IZABEL FERREIRA","e":"n","st":"N\u00e3o eleito","dvt":"V\u00e1lido","vap":"835","pvap":"  40,49"}]}
