{"ele":"426","tpabr":"mu","cdabr":"00736","carper":"11","t":"1","f":"o","dt":"15/11/2020","ht":"21:25:08","dv":"s","tf":"s","v":"1","esae":"n","mnae":"","s":"21","st":"21","pst":" 100,00","snt":"0","psnt":"   0,00","si":"21","psi":" 100,00","sni":"0","psni":"   0,00","sa":"21","psa":" 100,00","sna":"0","psna":"   0,00","e":"8093","ea":"8093","pea":" 100,00","ena":"0","pena":"   0,00","esi":"8093","pesi":" 100,00","esni":"0","pesni":"   0,00","c":"6306","pc":"  77,92","a":"1787","pa":"  22,08","vscv":"0","vnom":"6049","pvnom":" 100,00","vvc":"6049","pvvc":"  95,92","vb":"80","pvb":"   1,27","tvn":"177","ptvn":"   2,81","vn":"177","pvn":" 100,00","vnt":"0","pvnt":"   0,00","vp":"0","pvp":"   0,00","vv":"6049","pvv":" 100,00","van":"0","pvan":"   0,00","vansj":"0","pvansj":"   0,00","tv":"6306","cand":[{"seq":"3","sqcand":"220001114404","n":"40","nm":" MARCOS AURELIO ","cc":"PSB - PT / PSB","nv":"JUAREZ COLETA DE SOUZA ","e":"n","st":"N\u00e3o eleito","dvt":"V\u00e1lido","vap":"785","pvap":"  12,98"},{"seq":"1","sqcand":"220001064312","n":"25","nm":"DENA","cc":"DEM - DEM / PODE","nv":"EDILSON DOS SANTOS","e":"s","st":"Eleito","dvt":"V\u00e1lido","vap":"2682","pvap":"  44,34"},{"seq":"2","sqcand":"220000986873","n":"45","nm":"JUNIOR MATT","cc":"PSDB - PSDB / PATRIOTA / PL","nv":"WANDERLEY","e":"n","st":"N\u00e3o eleito","dvt":"V\u00e1lido","vap":"2246","pvap":"  37,13"},{"seq":"4","sqcand":"220000655097","n":"12","nm":"JAIME DA MATA","cc":"PDT","nv":"PROF JOCIEL","e":"n","st":"N\u00e3o eleito","dvt":"V\u00e1lido","vap":"336","pvap":"   5,55"}]}
