{"ele":"426","tpabr":"mu","cdabr":"00752","carper":"11","t":"1","f":"o","dt":"15/11/2020","ht":"21:17:15","dv":"s","tf":"s","v":"1","esae":"n","mnae":"","s":"10","st":"10","pst":" 100,00","snt":"0","psnt":"   0,00","si":"10","psi":" 100,00","sni":"0","psni":"   0,00","sa":"10","psa":" 100,00","sna":"0","psna":"   0,00","e":"4110","ea":"4110","pea":" 100,00","ena":"0","pena":"   0,00","esi":"4110","pesi":" 100,00","esni":"0","pesni":"   0,00","c":"3192","pc":"  77,66","a":"918","pa":"  22,34","vscv":"0","vnom":"3124","pvnom":" 100,00","vvc":"3124","pvvc":"  97,87","vb":"30","pvb":"   0,94","tvn":"38","ptvn":"   1,19","vn":"38","pvn":" 100,00","vnt":"0","pvnt":"   0,00","vp":"0","pvp":"   0,00","vv":"3124","pvv":" 100,00","van":"0","pvan":"   0,00","vansj":"0","pvansj":"   0,00","tv":"3192","cand":[{"seq":"2","sqcand":"220000731145","n":"15","nm":"OSMY TOLEDO","cc":"MDB","nv":"ELIEUZA AMORIM","e":"n","st":"N\u00e3o eleito","dvt":"V\u00e1lido","vap":"1266","pvap":"  40,52"},{"seq":"1","sqcand":"220000872155","n":"13","nm":"TONIN ZOTESSO","cc":"PT - PSD / PT","nv":"JOSMAR TEIXEIRA","e":"s","st":"Eleito","dvt":"V\u00e1lido","vap":"1507","pvap":"  48,24"},{"seq":"3","sqcand":"220001041163","n":"11","nm":"VALDIR MENDES DE CASTRO","cc":"PP","nv":"JAIRO COELHO","e":"n","st":"N\u00e3o eleito","dvt":"V\u00e1lido","vap":"351","pvap":"  11,24"}]}
