{"ele":"426","tpabr":"mu","cdabr":"00787","carper":"11","t":"1","f":"o","dt":"15/11/2020","ht":"21:07:12","dv":"s","tf":"s","v":"1","esae":"n","mnae":"","s":"5","st":"5","pst":" 100,00","snt":"0","psnt":"   0,00","si":"5","psi":" 100,00","sni":"0","psni":"   0,00","sa":"5","psa":" 100,00","sna":"0","psna":"   0,00","e":"1944","ea":"1944","pea":" 100,00","ena":"0","pena":"   0,00","esi":"1944","pesi":" 100,00","esni":"0","pesni":"   0,00","c":"1642","pc":"  84,47","a":"302","pa":"  15,53","vscv":"0","vnom":"1583","pvnom":" 100,00","vvc":"1583","pvvc":"  96,41","vb":"13","pvb":"   0,79","tvn":"46","ptvn":"   2,80","vn":"46","pvn":" 100,00","vnt":"0","pvnt":"   0,00","vp":"0","pvp":"   0,00","vv":"1583","pvv":" 100,00","van":"0","pvan":"   0,00","vansj":"0","pvansj":"   0,00","tv":"1642","cand":[{"seq":"4","sqcand":"220001065610","n":"43","nm":"JUCILEIDE","cc":"PV - PSDB / PV","nv":"BAIANO","e":"n","st":"N\u00e3o eleito","dvt":"V\u00e1lido","vap":"228","pvap":"  14,40"},{"seq":"1","sqcand":"220001198452","n":"11","nm":"VALERIA GARCIA","cc":"PP - PP / PDT","nv":"MOIZES PENHA","e":"s","st":"Eleito","dvt":"V\u00e1lido","vap":"598","pvap":"  37,78"},{"seq":"2","sqcand":"220001199424","n":"25","nm":"D\u00d4RA","cc":"DEM - DEM / PSL","nv":"JORGE DO HOMERO","e":"n","st":"N\u00e3o eleito","dvt":"V\u00e1lido","vap":"499","pvap":"  31,52"},{"seq":"3","sqcand":"220001143135","n":"40","nm":"CL\u00c1UDIO DO G\u00c1S","cc":"PSB","nv":"CLAUDOIR JOSE NENO","e":"n","st":"N\u00e3o eleito","dvt":"V\u00e1lido","vap":"258","pvap":"  16,30"}]}
