{"ele":"426","tpabr":"mu","cdabr":"00795","carper":"11","t":"1","f":"o","dt":"15/11/2020","ht":"21:17:34","dv":"s","tf":"s","v":"1","esae":"n","mnae":"","s":"34","st":"34","pst":" 100,00","snt":"0","psnt":"   0,00","si":"34","psi":" 100,00","sni":"0","psni":"   0,00","sa":"34","psa":" 100,00","sna":"0","psna":"   0,00","e":"12248","ea":"12248","pea":" 100,00","ena":"0","pena":"   0,00","esi":"12248","pesi":" 100,00","esni":"0","pesni":"   0,00","c":"9342","pc":"  76,27","a":"2906","pa":"  23,73","vscv":"0","vnom":"8856","pvnom":" 100,00","vvc":"8856","pvvc":"  94,80","vb":"207","pvb":"   2,21","tvn":"279","ptvn":"   2,99","vn":"279","pvn":" 100,00","vnt":"0","pvnt":"   0,00","vp":"0","pvp":"   0,00","vv":"8856","pvv":" 100,00","van":"0","pvan":"   0,00","vansj":"0","pvansj":"   0,00","tv":"9342","cand":[{"seq":"3","sqcand":"220000926418","n":"40","nm":"SAMUEL CAVALCANTE","cc":"PSB","nv":"LUIZ LOUCUTOR","e":"n","st":"N\u00e3o eleito","dvt":"V\u00e1lido","vap":"1362","pvap":"  15,38"},{"seq":"1","sqcand":"220000638851","n":"15","nm":"TINOCO","cc":"MDB - MDB / DEM","nv":"JIAME DO MERCADO","e":"s","st":"Eleito","dvt":"V\u00e1lido","vap":"4633","pvap":"  52,31"},{"seq":"4","sqcand":"220000775193","n":"77","nm":"GESSI ROCHA","cc":"SOLIDARIEDADE","nv":"DR ROGERIO","e":"n","st":"N\u00e3o eleito","dvt":"V\u00e1lido","vap":"432","pvap":"   4,88"},{"seq":"2","sqcand":"220000926523","n":"12","nm":"ABR\u00c3O PAULINO","cc":"PDT - PDT / PSD","nv":"ELIAS DO TININ","e":"n","st":"N\u00e3o eleito","dvt":"V\u00e1lido","vap":"2429","pvap":"  27,43"}]}
