{"ele":"426","tpabr":"mu","cdabr":"00809","carper":"11","t":"1","f":"o","dt":"15/11/2020","ht":"21:21:24","dv":"s","tf":"s","v":"1","esae":"n","mnae":"","s":"20","st":"20","pst":" 100,00","snt":"0","psnt":"   0,00","si":"20","psi":" 100,00","sni":"0","psni":"   0,00","sa":"20","psa":" 100,00","sna":"0","psna":"   0,00","e":"7266","ea":"7266","pea":" 100,00","ena":"0","pena":"   0,00","esi":"7266","pesi":" 100,00","esni":"0","pesni":"   0,00","c":"5522","pc":"  76,00","a":"1744","pa":"  24,00","vscv":"0","vnom":"5257","pvnom":" 100,00","vvc":"5257","pvvc":"  95,20","vb":"60","pvb":"   1,09","tvn":"205","ptvn":"   3,71","vn":"205","pvn":" 100,00","vnt":"0","pvnt":"   0,00","vp":"0","pvp":"   0,00","vv":"5257","pvv":" 100,00","van":"0","pvan":"   0,00","vansj":"0","pvansj":"   0,00","tv":"5522","cand":[{"seq":"1","sqcand":"220000790663","n":"25","nm":"DOUTORA SHEILA","cc":"DEM - DEM / PSB / PV / PSDB / PSD","nv":"DANIEL PARAISO","e":"s","st":"Eleito","dvt":"V\u00e1lido","vap":"2460","pvap":"  46,79"},{"seq":"3","sqcand":"220000639408","n":"51","nm":"VALDECIR BAGATTOLI","cc":"PATRIOTA","nv":"LENIVALDO GORDO","e":"n","st":"N\u00e3o eleito","dvt":"V\u00e1lido","vap":"504","pvap":"   9,59"},{"seq":"4","sqcand":"220000790507","n":"13","nm":"ROQUE","cc":"PT","nv":"JULIO EISENBRAUN","e":"n","st":"N\u00e3o eleito","dvt":"V\u00e1lido","vap":"27","pvap":"   0,51"},{"seq":"2","sqcand":"220001271135","n":"11","nm":"DR WESLEY WANDERLEY","cc":"PP - PTB / PDT / PP / MDB / REPUBLICANOS","nv":"ZULMIR DO NOVO PLANO","e":"n","st":"N\u00e3o eleito","dvt":"V\u00e1lido","vap":"2266","pvap":"  43,10"}]}
