{"ele":"426","tpabr":"mu","cdabr":"01015","carper":"11","t":"1","f":"o","dt":"15/11/2020","ht":"20:36:15","dv":"s","tf":"s","v":"1","esae":"n","mnae":"","s":"30","st":"30","pst":" 100,00","snt":"0","psnt":"   0,00","si":"30","psi":" 100,00","sni":"0","psni":"   0,00","sa":"30","psa":" 100,00","sna":"0","psna":"   0,00","e":"7540","ea":"7540","pea":" 100,00","ena":"0","pena":"   0,00","esi":"7540","pesi":" 100,00","esni":"0","pesni":"   0,00","c":"6108","pc":"  81,01","a":"1432","pa":"  18,99","vscv":"0","vnom":"5897","pvnom":" 100,00","vvc":"5897","pvvc":"  96,55","vb":"43","pvb":"   0,70","tvn":"168","ptvn":"   2,75","vn":"168","pvn":" 100,00","vnt":"0","pvnt":"   0,00","vp":"0","pvp":"   0,00","vv":"5897","pvv":" 100,00","van":"0","pvan":"   0,00","vansj":"0","pvansj":"   0,00","tv":"6108","cand":[{"seq":"3","sqcand":"10000880701","n":"13","nm":"SERRARIA","cc":"PT - PT / PSD","nv":"GEDE\u00c3O","e":"n","st":"N\u00e3o eleito","dvt":"V\u00e1lido","vap":"1228","pvap":"  20,82"},{"seq":"1","sqcand":"10001106777","n":"25","nm":"MANOEL MAIA","cc":"DEM - DEM / SOLIDARIEDADE / PSDB / PROS / PP","nv":"RICHARD LIMA","e":"s","st":"Eleito","dvt":"V\u00e1lido","vap":"2627","pvap":"  44,55"},{"seq":"4","sqcand":"10001012671","n":"14","nm":"ENFERMEIRO LAMARTINE","cc":"PTB - PTB / DC","nv":"ENFERMEIRO NONATINHO","e":"n","st":"N\u00e3o eleito","dvt":"V\u00e1lido","vap":"724","pvap":"  12,28"},{"seq":"2","sqcand":"10001253565","n":"15","nm":"JO\u00c3OZINHO","cc":"MDB - REPUBLICANOS / PL / PDT / MDB","nv":"GEORGE","e":"n","st":"N\u00e3o eleito","dvt":"V\u00e1lido","vap":"1318","pvap":"  22,35"}]}
