{"ele":"426","tpabr":"mu","cdabr":"01023","carper":"11","t":"1","f":"o","dt":"15/11/2020","ht":"21:03:54","dv":"s","tf":"s","v":"1","esae":"n","mnae":"","s":"47","st":"47","pst":" 100,00","snt":"0","psnt":"   0,00","si":"47","psi":" 100,00","sni":"0","psni":"   0,00","sa":"47","psa":" 100,00","sna":"0","psna":"   0,00","e":"12639","ea":"12639","pea":" 100,00","ena":"0","pena":"   0,00","esi":"12639","pesi":" 100,00","esni":"0","pesni":"   0,00","c":"10026","pc":"  79,33","a":"2613","pa":"  20,67","vscv":"0","vnom":"9531","pvnom":" 100,00","vvc":"9531","pvvc":"  95,06","vb":"137","pvb":"   1,37","tvn":"358","ptvn":"   3,57","vn":"358","pvn":" 100,00","vnt":"0","pvnt":"   0,00","vp":"0","pvp":"   0,00","vv":"9531","pvv":" 100,00","van":"0","pvan":"   0,00","vansj":"0","pvansj":"   0,00","tv":"10026","cand":[{"seq":"4","sqcand":"10000806621","n":"17","nm":"BALAL GOMES","cc":"PSL","nv":"PROFESSOR RAIMUNDO","e":"n","st":"N\u00e3o eleito","dvt":"V\u00e1lido","vap":"169","pvap":"   1,77"},{"seq":"2","sqcand":"10000964638","n":"15","nm":"Z\u00c9 MARIA","cc":"MDB - MDB / PSDB / PROS / PL / SOLIDARIEDADE","nv":"MESSIAS CARUTA","e":"n","st":"N\u00e3o eleito","dvt":"V\u00e1lido","vap":"2761","pvap":"  28,97"},{"seq":"3","sqcand":"10000647115","n":"10","nm":"BAR\u00c3OZINHO","cc":"REPUBLICANOS","nv":"DORINHA GADELHA","e":"n","st":"N\u00e3o eleito","dvt":"V\u00e1lido","vap":"1063","pvap":"  11,15"},{"seq":"1","sqcand":"10001013554","n":"11","nm":"BEN\u00c9 DAMASCENO","cc":"PP - DEM / PT / PP / PTB / PSD / PC do B","nv":"EDNA CUIABANO","e":"s","st":"Eleito","dvt":"V\u00e1lido","vap":"5415","pvap":"  56,81"},{"seq":"5","sqcand":"10001205900","n":"40","nm":"MOACIR NOGUEIRA","cc":"PSB - PSB / PDT","nv":"THIAGO GON\u00c7ALVES","e":"n","st":"N\u00e3o eleito","dvt":"V\u00e1lido","vap":"123","pvap":"   1,29"}]}
