{"ele":"426","tpabr":"mu","cdabr":"01031","carper":"11","t":"1","f":"o","dt":"15/11/2020","ht":"21:31:57","dv":"s","tf":"s","v":"1","esae":"n","mnae":"","s":"12","st":"12","pst":" 100,00","snt":"0","psnt":"   0,00","si":"12","psi":" 100,00","sni":"0","psni":"   0,00","sa":"12","psa":" 100,00","sna":"0","psna":"   0,00","e":"3566","ea":"3566","pea":" 100,00","ena":"0","pena":"   0,00","esi":"3566","pesi":" 100,00","esni":"0","pesni":"   0,00","c":"2992","pc":"  83,90","a":"574","pa":"  16,10","vscv":"0","vnom":"2845","pvnom":" 100,00","vvc":"2867","pvvc":"  95,82","vb":"14","pvb":"   0,47","tvn":"111","ptvn":"   3,71","vn":"111","pvn":" 100,00","vnt":"0","pvnt":"   0,00","vp":"0","pvp":"   0,00","vv":"2845","pvv":"  99,23","van":"0","pvan":"   0,00","vansj":"22","pvansj":"   0,77","tv":"2992","cand":[{"seq":"5","sqcand":"10001208172","n":"77","nm":"RIVELINO MOTA","cc":"SOLIDARIEDADE","nv":"MAURI KULINA","e":"n","st":"N\u00e3o eleito","dvt":"Anulado sub judice","vap":"22","pvap":"   0,77"},{"seq":"3","sqcand":"10001078969","n":"45","nm":"ALDO MOURA","cc":"PSDB - PSDB / AVANTE","nv":"VIVALDO KAXINAW\u00c1","e":"n","st":"N\u00e3o eleito","dvt":"V\u00e1lido","vap":"579","pvap":"  20,20"},{"seq":"4","sqcand":"10000809638","n":"90","nm":"ODEIZA GOMES","cc":"PROS","nv":"CHICO DO AUR\u00c9LIO","e":"n","st":"N\u00e3o eleito","dvt":"V\u00e1lido","vap":"94","pvap":"   3,28"},{"seq":"2","sqcand":"10000984525","n":"11","nm":"ASSIS MOURA","cc":"PP - DEM / PP / PT","nv":"NEGO KAXINAW\u00c1","e":"n","st":"N\u00e3o eleito","dvt":"V\u00e1lido","vap":"1016","pvap":"  35,44"},{"seq":"1","sqcand":"10000809636","n":"15","nm":"TAMIR DE S\u00c1","cc":"MDB - PSD / PL / MDB","nv":"VALDIR KAXINAWA","e":"s","st":"Eleito","dvt":"V\u00e1lido","vap":"1156","pvap":"  40,32"}]}
