{"ele":"426","tpabr":"mu","cdabr":"01058","carper":"11","t":"1","f":"o","dt":"15/11/2020","ht":"21:07:17","dv":"s","tf":"s","v":"1","esae":"n","mnae":"","s":"51","st":"51","pst":" 100,00","snt":"0","psnt":"   0,00","si":"51","psi":" 100,00","sni":"0","psni":"   0,00","sa":"51","psa":" 100,00","sna":"0","psna":"   0,00","e":"16844","ea":"16844","pea":" 100,00","ena":"0","pena":"   0,00","esi":"16844","pesi":" 100,00","esni":"0","pesni":"   0,00","c":"13522","pc":"  80,28","a":"3322","pa":"  19,72","vscv":"0","vnom":"12868","pvnom":" 100,00","vvc":"12868","pvvc":"  95,16","vb":"125","pvb":"   0,93","tvn":"529","ptvn":"   3,91","vn":"529","pvn":" 100,00","vnt":"0","pvnt":"   0,00","vp":"0","pvp":"   0,00","vv":"12868","pvv":" 100,00","van":"0","pvan":"   0,00","vansj":"0","pvansj":"   0,00","tv":"13522","cand":[{"seq":"1","sqcand":"10001211015","n":"13","nm":"FERNANDA HASSEM","cc":"PT - SOLIDARIEDADE / PC do B / DC / PROS / PSB / PT / PP","nv":"CARLINHOS DO PELADO","e":"s","st":"Eleito","dvt":"V\u00e1lido","vap":"7651","pvap":"  59,46"},{"seq":"3","sqcand":"10000733704","n":"45","nm":"MANOEL PRETE","cc":"PSDB","nv":"EVARISTO","e":"n","st":"N\u00e3o eleito","dvt":"V\u00e1lido","vap":"627","pvap":"   4,87"},{"seq":"2","sqcand":"10001156734","n":"15","nm":"LEILA GALV\u00c3O","cc":"MDB - MDB / PTB / PSL / PL / AVANTE / PSD","nv":"CHARBEL REIS SAADY","e":"n","st":"N\u00e3o eleito","dvt":"V\u00e1lido","vap":"4590","pvap":"  35,67"}]}
