{"ele":"426","tpabr":"mu","cdabr":"01074","carper":"11","t":"1","f":"o","dt":"15/11/2020","ht":"20:10:06","dv":"s","tf":"n","v":"1","esae":"n","mnae":"","s":"168","st":"168","pst":" 100,00","snt":"0","psnt":"   0,00","si":"168","psi":" 100,00","sni":"0","psni":"   0,00","sa":"168","psa":" 100,00","sna":"0","psna":"   0,00","e":"55749","ea":"55749","pea":" 100,00","ena":"0","pena":"   0,00","esi":"55749","pesi":" 100,00","esni":"0","pesni":"   0,00","c":"44533","pc":"  79,88","a":"11216","pa":"  20,12","vscv":"0","vnom":"42509","pvnom":" 100,00","vvc":"42509","pvvc":"  95,46","vb":"583","pvb":"   1,30","tvn":"1441","ptvn":"   3,24","vn":"1441","pvn":" 100,00","vnt":"0","pvnt":"   0,00","vp":"0","pvp":"   0,00","vv":"42509","pvv":" 100,00","van":"0","pvan":"   0,00","vansj":"0","pvansj":"   0,00","tv":"44533","cand":[{"seq":"1","sqcand":"10001208679","n":"11","nm":"ZEQUINHA LIMA","cc":"PP - PDT / PSB / SOLIDARIEDADE / PP / PSD / PROS / PC do B / PT / DC","nv":"HENRIQUE AFONSO ","e":"n","st":"","dvt":"V\u00e1lido","vap":"18766","pvap":"  44,15"},{"seq":"3","sqcand":"10001066850","n":"17","nm":"SARGENTO ADONIS","cc":"PSL - PSL / DEM","nv":"SUELEN CARLA","e":"n","st":"","dvt":"V\u00e1lido","vap":"9077","pvap":"  21,35"},{"seq":"2","sqcand":"10000805605","n":"15","nm":"FAGNER SALES","cc":"MDB - PMN / MDB / PSDB / REPUBLICANOS / PSC / AVANTE / PL","nv":"LUIZ CUNHA","e":"n","st":"","dvt":"V\u00e1lido","vap":"14666","pvap":"  34,50"}]}
