{"ele":"426","tpabr":"mu","cdabr":"01090","carper":"11","t":"1","f":"o","dt":"15/11/2020","ht":"20:34:02","dv":"s","tf":"n","v":"1","esae":"n","mnae":"","s":"42","st":"40","pst":"  95,24","snt":"2","psnt":"   4,76","si":"40","psi":"  95,24","sni":"0","psni":"   0,00","sa":"40","psa":" 100,00","sna":"0","psna":"   0,00","e":"13141","ea":"12680","pea":" 100,00","ena":"0","pena":"   0,00","esi":"12680","pesi":"  95,24","esni":"0","pesni":"   0,00","c":"10578","pc":"  83,42","a":"2102","pa":"  16,58","vscv":"0","vnom":"7295","pvnom":" 100,00","vvc":"7295","pvvc":"  68,96","vb":"68","pvb":"   0,65","tvn":"3215","ptvn":"  30,39","vn":"270","pvn":"   8,40","vnt":"2945","pvnt":"  91,60","vp":"0","pvp":"   0,00","vv":"7295","pvv":" 100,00","van":"0","pvan":"   0,00","vansj":"0","pvansj":"   0,00","tv":"10578","cand":[{"seq":"1","sqcand":"10000645733","n":"13","nm":"ISAAC LIMA","cc":"PT - PT / REPUBLICANOS / PDT / PSD / PC do B","nv":"ANGELA VALENTE","e":"n","st":"","dvt":"V\u00e1lido","vap":"3960","pvap":"  54,28"},{"seq":"2","sqcand":"10000664751","n":"15","nm":"CHIC\u00c3O","cc":"MDB - MDB / PSDB / PL","nv":"ISETE PINHEIRO","e":"n","st":"","dvt":"V\u00e1lido","vap":"3335","pvap":"  45,72"}]}
