{"ele":"426","tpabr":"mu","cdabr":"01104","carper":"11","t":"1","f":"o","dt":"15/11/2020","ht":"20:04:41","dv":"s","tf":"n","v":"1","esae":"n","mnae":"","s":"18","st":"17","pst":"  94,44","snt":"1","psnt":"   5,56","si":"17","psi":"  94,44","sni":"0","psni":"   0,00","sa":"17","psa":" 100,00","sna":"0","psna":"   0,00","e":"5209","ea":"4761","pea":" 100,00","ena":"0","pena":"   0,00","esi":"4761","pesi":"  94,44","esni":"0","pesni":"   0,00","c":"3931","pc":"  82,57","a":"830","pa":"  17,43","vscv":"0","vnom":"3812","pvnom":" 100,00","vvc":"3812","pvvc":"  96,97","vb":"14","pvb":"   0,36","tvn":"105","ptvn":"   2,67","vn":"105","pvn":" 100,00","vnt":"0","pvnt":"   0,00","vp":"0","pvp":"   0,00","vv":"3812","pvv":" 100,00","van":"0","pvan":"   0,00","vansj":"0","pvansj":"   0,00","tv":"3931","cand":[{"seq":"5","sqcand":"10000824349","n":"22","nm":"JO\u00c3O DA MANGUABA","cc":"PL","nv":"ELIAS PAULINO","e":"n","st":"","dvt":"V\u00e1lido","vap":"185","pvap":"   4,85"},{"seq":"4","sqcand":"10001137142","n":"65","nm":"MARCEL RITHER","cc":"PC do B - PC do B / PP","nv":"SANDRA MENDON\u00c7A","e":"n","st":"","dvt":"V\u00e1lido","vap":"725","pvap":"  19,02"},{"seq":"3","sqcand":"10000808597","n":"13","nm":"PROFESSORA N\u00c1GELA","cc":"PT - PSD / PT","nv":"EDIVAN ALBUQUERQUE","e":"n","st":"","dvt":"V\u00e1lido","vap":"864","pvap":"  22,67"},{"seq":"2","sqcand":"10001135791","n":"15","nm":"ZEINA MELO","cc":"MDB - PSDB / MDB","nv":"IRM\u00c3O BARROTE","e":"n","st":"","dvt":"V\u00e1lido","vap":"916","pvap":"  24,03"},{"seq":"1","sqcand":"10000807983","n":"12","nm":"NAUDO RIBEIRO","cc":"PDT","nv":"FERNANDO SI\u00c3","e":"n","st":"","dvt":"V\u00e1lido","vap":"1122","pvap":"  29,43"}]}
