{"ele":"426","tpabr":"mu","cdabr":"01112","carper":"11","t":"1","f":"o","dt":"15/11/2020","ht":"20:39:27","dv":"s","tf":"s","v":"1","esae":"n","mnae":"","s":"34","st":"34","pst":" 100,00","snt":"0","psnt":"   0,00","si":"34","psi":" 100,00","sni":"0","psni":"   0,00","sa":"34","psa":" 100,00","sna":"0","psna":"   0,00","e":"11732","ea":"11732","pea":" 100,00","ena":"0","pena":"   0,00","esi":"11732","pesi":" 100,00","esni":"0","pesni":"   0,00","c":"9447","pc":"  80,52","a":"2285","pa":"  19,48","vscv":"0","vnom":"9036","pvnom":" 100,00","vvc":"9036","pvvc":"  95,65","vb":"94","pvb":"   0,99","tvn":"317","ptvn":"   3,36","vn":"317","pvn":" 100,00","vnt":"0","pvnt":"   0,00","vp":"0","pvp":"   0,00","vv":"9036","pvv":" 100,00","van":"0","pvan":"   0,00","vansj":"0","pvansj":"   0,00","tv":"9447","cand":[{"seq":"4","sqcand":"10000888115","n":"11","nm":"TI\u00c3O FLORES","cc":"PP - PL / PP / MDB","nv":"RODRIGO DO Z\u00c9 BAIXINHO","e":"n","st":"N\u00e3o eleito","dvt":"V\u00e1lido","vap":"741","pvap":"   8,20"},{"seq":"2","sqcand":"10001216117","n":"17","nm":"EVERTON SOARES","cc":"PSL - PSL / SOLIDARIEDADE / PSD / DEM","nv":"CHIQUINHO CHAVES","e":"n","st":"N\u00e3o eleito","dvt":"V\u00e1lido","vap":"3328","pvap":"  36,83"},{"seq":"1","sqcand":"10000775749","n":"45","nm":"DELEGADO SERGIO LOPES ","cc":"PSDB - PROS / PODE / PSDB","nv":"PROFESSOR SOARES","e":"s","st":"Eleito","dvt":"V\u00e1lido","vap":"3984","pvap":"  44,09"},{"seq":"3","sqcand":"10000888298","n":"13","nm":"NEIDE LOPES","cc":"PT","nv":"JENEZIO BEZERRA","e":"n","st":"N\u00e3o eleito","dvt":"V\u00e1lido","vap":"983","pvap":"  10,88"}]}
