{"ele":"426","tpabr":"mu","cdabr":"01139","carper":"11","t":"1","f":"o","dt":"15/11/2020","ht":"20:04:40","dv":"s","tf":"n","v":"1","esae":"n","mnae":"","s":"63","st":"62","pst":"  98,41","snt":"1","psnt":"   1,59","si":"62","psi":"  98,41","sni":"0","psni":"   0,00","sa":"62","psa":" 100,00","sna":"0","psna":"   0,00","e":"21561","ea":"21188","pea":" 100,00","ena":"0","pena":"   0,00","esi":"21188","pesi":"  98,41","esni":"0","pesni":"   0,00","c":"15943","pc":"  75,25","a":"5245","pa":"  24,75","vscv":"0","vnom":"15244","pvnom":" 100,00","vvc":"15244","pvvc":"  95,62","vb":"88","pvb":"   0,55","tvn":"611","ptvn":"   3,83","vn":"611","pvn":" 100,00","vnt":"0","pvnt":"   0,00","vp":"0","pvp":"   0,00","vv":"15244","pvv":" 100,00","van":"0","pvan":"   0,00","vansj":"0","pvansj":"   0,00","tv":"15943","cand":[{"seq":"3","sqcand":"10001049674","n":"13","nm":"MAURO DEFESON","cc":"PT","nv":"VI DO SINDICATO","e":"n","st":"","dvt":"V\u00e1lido","vap":"699","pvap":"   4,59"},{"seq":"2","sqcand":"10001096190","n":"15","nm":"FRANCIMAR FERNANDES","cc":"MDB - PL / MDB / PC do B / PSDB","nv":"PEL\u00c9 CAMPOS","e":"n","st":"","dvt":"V\u00e1lido","vap":"5635","pvap":"  36,97"},{"seq":"1","sqcand":"10000809574","n":"11","nm":"KIEFER CAVALCANTE","cc":"PP - PP / PSD / DEM / SOLIDARIEDADE / PDT / PSB","nv":"ELSON JOSE","e":"n","st":"","dvt":"V\u00e1lido","vap":"8368","pvap":"  54,89"},{"seq":"4","sqcand":"10001051009","n":"17","nm":"GERSON MEIRELES","cc":"PSL","nv":"CHICARLOS","e":"n","st":"","dvt":"V\u00e1lido","vap":"542","pvap":"   3,56"}]}
