{"ele":"426","tpabr":"mu","cdabr":"01392","carper":"11","t":"1","f":"o","dt":"15/11/2020","ht":"21:04:04","dv":"s","tf":"s","v":"1","esae":"n","mnae":"","s":"707","st":"707","pst":" 100,00","snt":"0","psnt":"   0,00","si":"707","psi":" 100,00","sni":"0","psni":"   0,00","sa":"707","psa":" 100,00","sna":"0","psna":"   0,00","e":"256673","ea":"256673","pea":" 100,00","ena":"0","pena":"   0,00","esi":"256673","pesi":" 100,00","esni":"0","pesni":"   0,00","c":"186769","pc":"  72,77","a":"69904","pa":"  27,23","vscv":"0","vnom":"177462","pvnom":" 100,00","vvc":"177462","pvvc":"  95,02","vb":"3368","pvb":"   1,80","tvn":"5939","ptvn":"   3,18","vn":"5939","pvn":" 100,00","vnt":"0","pvnt":"   0,00","vp":"0","pvp":"   0,00","vv":"177462","pvv":" 100,00","van":"0","pvan":"   0,00","vansj":"0","pvansj":"   0,00","tv":"186769","cand":[{"seq":"6","sqcand":"10001201470","n":"70","nm":"JARBAS SOSTER","cc":"AVANTE - DC / PMN / PMB / PATRIOTA / AVANTE","nv":"AFONSO FERNANDES","e":"n","st":"N\u00e3o eleito","dvt":"V\u00e1lido","vap":"2294","pvap":"   1,29"},{"seq":"5","sqcand":"10000848975","n":"13","nm":"DANIEL ZEN","cc":"PT - PT / PSOL / PC do B","nv":"CLAUDIO EZEQUIEL ","e":"n","st":"N\u00e3o eleito","dvt":"V\u00e1lido","vap":"7121","pvap":"   4,01"},{"seq":"1","sqcand":"10001003637","n":"11","nm":"TI\u00c3O BOCALOM","cc":"PP - PSD / PP","nv":"MARFISA GALV\u00c3O","e":"s","st":"2\u00ba turno","dvt":"V\u00e1lido","vap":"87987","pvap":"  49,58"},{"seq":"3","sqcand":"10000969608","n":"45","nm":"MINORU KINPARA","cc":"PSDB - CIDADANIA / PSL / PSDB","nv":"CELESTINO OLIVEIRA","e":"n","st":"N\u00e3o eleito","dvt":"V\u00e1lido","vap":"25939","pvap":"  14,62"},{"seq":"7","sqcand":"10000849828","n":"20","nm":"JAMYL ASFURY","cc":"PSC","nv":"VANDA DE PAULA","e":"n","st":"N\u00e3o eleito","dvt":"V\u00e1lido","vap":"1509","pvap":"   0,85"},{"seq":"4","sqcand":"10000965109","n":"15","nm":"ROBERTO DUARTE","cc":"MDB - MDB / REPUBLICANOS / PTB / PL","nv":"ANTONIA LUCIA","e":"n","st":"N\u00e3o eleito","dvt":"V\u00e1lido","vap":"12362","pvap":"   6,97"},{"seq":"2","sqcand":"10001154203","n":"40","nm":"SOCORRO NERI","cc":"PSB - PSB / PODE / PROS / SOLIDARIEDADE / PDT / PV / DEM / PTC","nv":"EDUARDO RIBEIRO","e":"s","st":"2\u00ba turno","dvt":"V\u00e1lido","vap":"40250","pvap":"  22,68"}]}
