{"ele":"426","tpabr":"mu","cdabr":"01457","carper":"11","t":"1","f":"o","dt":"15/11/2020","ht":"20:15:15","dv":"s","tf":"s","v":"1","esae":"n","mnae":"","s":"87","st":"87","pst":" 100,00","snt":"0","psnt":"   0,00","si":"87","psi":" 100,00","sni":"0","psni":"   0,00","sa":"87","psa":" 100,00","sna":"0","psna":"   0,00","e":"28985","ea":"28985","pea":" 100,00","ena":"0","pena":"   0,00","esi":"28985","pesi":" 100,00","esni":"0","pesni":"   0,00","c":"22382","pc":"  77,22","a":"6603","pa":"  22,78","vscv":"0","vnom":"21512","pvnom":" 100,00","vvc":"21512","pvvc":"  96,11","vb":"234","pvb":"   1,05","tvn":"636","ptvn":"   2,84","vn":"636","pvn":" 100,00","vnt":"0","pvnt":"   0,00","vp":"0","pvp":"   0,00","vv":"21512","pvv":" 100,00","van":"0","pvan":"   0,00","vansj":"0","pvansj":"   0,00","tv":"22382","cand":[{"seq":"2","sqcand":"10000968458","n":"11","nm":"GERLEN DINIZ","cc":"PP - CIDADANIA / PTB / PDT / PP / PSDB","nv":"TOINHA VIEIRA","e":"n","st":"N\u00e3o eleito","dvt":"V\u00e1lido","vap":"9329","pvap":"  43,37"},{"seq":"1","sqcand":"10000874689","n":"15","nm":"MAZINHO SERAFIM","cc":"MDB - DEM / PSB / PL / PSD / MDB / PSL","nv":"GILBERTO LIRA","e":"s","st":"Eleito","dvt":"V\u00e1lido","vap":"12183","pvap":"  56,63"}]}
