{"ele":"426","tpabr":"mu","cdabr":"01473","carper":"11","t":"1","f":"o","dt":"15/11/2020","ht":"20:04:42","dv":"s","tf":"n","v":"1","esae":"n","mnae":"","s":"92","st":"92","pst":" 100,00","snt":"0","psnt":"   0,00","si":"92","psi":" 100,00","sni":"0","psni":"   0,00","sa":"92","psa":" 100,00","sna":"0","psna":"   0,00","e":"26354","ea":"26354","pea":" 100,00","ena":"0","pena":"   0,00","esi":"26354","pesi":" 100,00","esni":"0","pesni":"   0,00","c":"19649","pc":"  74,56","a":"6705","pa":"  25,44","vscv":"0","vnom":"18562","pvnom":" 100,00","vvc":"18562","pvvc":"  94,47","vb":"199","pvb":"   1,01","tvn":"888","ptvn":"   4,52","vn":"888","pvn":" 100,00","vnt":"0","pvnt":"   0,00","vp":"0","pvp":"   0,00","vv":"18562","pvv":" 100,00","van":"0","pvan":"   0,00","vansj":"0","pvansj":"   0,00","tv":"19649","cand":[{"seq":"3","sqcand":"10001255918","n":"65","nm":"BATISTA","cc":"PC do B - PT / PC do B / PSB","nv":"PRINCIPE","e":"n","st":"","dvt":"V\u00e1lido","vap":"4480","pvap":"  24,14"},{"seq":"2","sqcand":"10001131546","n":"25","nm":"ABDIAS DA FARMACIA","cc":"DEM - DEM / PSDB","nv":"BEB\u00c9 DAMASCENO","e":"n","st":"","dvt":"V\u00e1lido","vap":"4650","pvap":"  25,05"},{"seq":"5","sqcand":"10000644872","n":"50","nm":"PROFESSOR BASTO VIANA","cc":"PSOL","nv":"C\u00c9LIO ROCHA","e":"n","st":"","dvt":"V\u00e1lido","vap":"280","pvap":"   1,51"},{"seq":"4","sqcand":"10000739945","n":"15","nm":"JUNIOR FEITOSA","cc":"MDB - PL / PP / MDB / DC","nv":"JANA\u00cdNA FURTADO","e":"n","st":"","dvt":"V\u00e1lido","vap":"3634","pvap":"  19,58"},{"seq":"1","sqcand":"10001075708","n":"12","nm":"MARIA LUCIN\u00c9IA","cc":"PDT - PDT / PSD","nv":"MARANGUAPE","e":"n","st":"","dvt":"V\u00e1lido","vap":"5461","pvap":"  29,42"},{"seq":"6","sqcand":"10000766416","n":"14","nm":"R SETE","cc":"PTB","nv":"CREUSA VIANA","e":"n","st":"","dvt":"V\u00e1lido","vap":"57","pvap":"   0,31"}]}
