{"ele":"426","tpabr":"mu","cdabr":"01490","carper":"11","t":"1","f":"o","dt":"15/11/2020","ht":"20:38:38","dv":"s","tf":"s","v":"1","esae":"n","mnae":"","s":"50","st":"50","pst":" 100,00","snt":"0","psnt":"   0,00","si":"50","psi":" 100,00","sni":"0","psni":"   0,00","sa":"50","psa":" 100,00","sna":"0","psna":"   0,00","e":"11399","ea":"11399","pea":" 100,00","ena":"0","pena":"   0,00","esi":"11399","pesi":" 100,00","esni":"0","pesni":"   0,00","c":"9228","pc":"  80,95","a":"2171","pa":"  19,05","vscv":"0","vnom":"8797","pvnom":" 100,00","vvc":"8797","pvvc":"  95,33","vb":"76","pvb":"   0,82","tvn":"355","ptvn":"   3,85","vn":"355","pvn":" 100,00","vnt":"0","pvnt":"   0,00","vp":"0","pvp":"   0,00","vv":"8797","pvv":" 100,00","van":"0","pvan":"   0,00","vansj":"0","pvansj":"   0,00","tv":"9228","cand":[{"seq":"3","sqcand":"10001240949","n":"15","nm":"CARLOS VEN\u00cdCIUS","cc":"MDB","nv":"PROFESSORA ROSA","e":"n","st":"N\u00e3o eleito","dvt":"V\u00e1lido","vap":"1443","pvap":"  16,40"},{"seq":"2","sqcand":"10001126600","n":"11","nm":"CARLA MENDON\u00c7A","cc":"PP - PP / DEM","nv":"FABIANO CADEIRANTE","e":"n","st":"N\u00e3o eleito","dvt":"V\u00e1lido","vap":"2338","pvap":"  26,58"},{"seq":"1","sqcand":"10001149361","n":"13","nm":"BIRA VASCONCELOS","cc":"PT - PT / PSB","nv":"MARIA AUXILIADORA","e":"s","st":"Eleito","dvt":"V\u00e1lido","vap":"3815","pvap":"  43,37"},{"seq":"4","sqcand":"10001149608","n":"55","nm":"GESSI CAPEL\u00c3O","cc":"PSD","nv":"CEZ\u00c1RIO MINEIRO","e":"n","st":"N\u00e3o eleito","dvt":"V\u00e1lido","vap":"1201","pvap":"  13,65"}]}
