{"ele":"426","tpabr":"mu","cdabr":"01538","carper":"11","t":"1","f":"o","dt":"15/11/2020","ht":"22:10:29","dv":"s","tf":"s","v":"1","esae":"n","mnae":"","s":"71","st":"71","pst":" 100,00","snt":"0","psnt":"   0,00","si":"71","psi":" 100,00","sni":"0","psni":"   0,00","sa":"71","psa":" 100,00","sna":"0","psna":"   0,00","e":"17552","ea":"17552","pea":" 100,00","ena":"0","pena":"   0,00","esi":"17552","pesi":" 100,00","esni":"0","pesni":"   0,00","c":"14140","pc":"  80,56","a":"3412","pa":"  19,44","vscv":"0","vnom":"13618","pvnom":" 100,00","vvc":"13618","pvvc":"  96,31","vb":"209","pvb":"   1,48","tvn":"313","ptvn":"   2,21","vn":"313","pvn":" 100,00","vnt":"0","pvnt":"   0,00","vp":"0","pvp":"   0,00","vv":"13618","pvv":" 100,00","van":"0","pvan":"   0,00","vansj":"0","pvansj":"   0,00","tv":"14140","cand":[{"seq":"2","sqcand":"10000854194","n":"77","nm":"GILSON DA FUNER\u00c1RIA","cc":"SOLIDARIEDADE","nv":"DOUTOR DEISON","e":"n","st":"N\u00e3o eleito","dvt":"V\u00e1lido","vap":"3993","pvap":"  29,32"},{"seq":"4","sqcand":"10001063677","n":"45","nm":"BRANCA MENEZES","cc":"PSDB - PSDB / REPUBLICANOS","nv":"RENN\u00ca RIBEIRO","e":"n","st":"N\u00e3o eleito","dvt":"V\u00e1lido","vap":"1662","pvap":"  12,20"},{"seq":"1","sqcand":"10000969669","n":"11","nm":"ROSANA GOMES","cc":"PP - PP / PSD","nv":"NEY DO MILT\u00c3O","e":"s","st":"Eleito","dvt":"V\u00e1lido","vap":"4428","pvap":"  32,52"},{"seq":"5","sqcand":"10001061241","n":"17","nm":"JO\u00c3O CARVALHO","cc":"PSL","nv":"GLEISON VACA MAGRA","e":"n","st":"N\u00e3o eleito","dvt":"V\u00e1lido","vap":"263","pvap":"   1,93"},{"seq":"3","sqcand":"10001058727","n":"15","nm":"ANDR\u00c9 MAIA","cc":"MDB - MDB / PL","nv":"PASTOR TARAUAC\u00c1","e":"n","st":"N\u00e3o eleito","dvt":"V\u00e1lido","vap":"3272","pvap":"  24,03"}]}
