{"ele":"426","tpabr":"mu","cdabr":"01554","carper":"11","t":"1","f":"o","dt":"15/11/2020","ht":"20:16:10","dv":"s","tf":"s","v":"1","esae":"n","mnae":"","s":"23","st":"23","pst":" 100,00","snt":"0","psnt":"   0,00","si":"23","psi":" 100,00","sni":"0","psni":"   0,00","sa":"23","psa":" 100,00","sna":"0","psna":"   0,00","e":"7209","ea":"7209","pea":" 100,00","ena":"0","pena":"   0,00","esi":"7209","pesi":" 100,00","esni":"0","pesni":"   0,00","c":"5716","pc":"  79,29","a":"1493","pa":"  20,71","vscv":"0","vnom":"5396","pvnom":" 100,00","vvc":"5396","pvvc":"  94,40","vb":"52","pvb":"   0,91","tvn":"268","ptvn":"   4,69","vn":"268","pvn":" 100,00","vnt":"0","pvnt":"   0,00","vp":"0","pvp":"   0,00","vv":"5396","pvv":" 100,00","van":"0","pvan":"   0,00","vansj":"0","pvansj":"   0,00","tv":"5716","cand":[{"seq":"1","sqcand":"10000650857","n":"15","nm":"TAN\u00cdZO S\u00c1","cc":"MDB - PP / PSDB / PSL / MDB","nv":"TOSCANO","e":"s","st":"Eleito","dvt":"V\u00e1lido","vap":"3082","pvap":"  57,12"},{"seq":"2","sqcand":"10000805780","n":"55","nm":"PASTOR ALDEMAR","cc":"PSD - PT / PL / PSB / PSD / PC do B / DEM","nv":"IZAUTE VAZ","e":"n","st":"N\u00e3o eleito","dvt":"V\u00e1lido","vap":"2314","pvap":"  42,88"}]}
