{"ele":"426","tpabr":"mu","cdabr":"01570","carper":"11","t":"1","f":"o","dt":"15/11/2020","ht":"21:00:50","dv":"s","tf":"s","v":"1","esae":"n","mnae":"","s":"20","st":"20","pst":" 100,00","snt":"0","psnt":"   0,00","si":"20","psi":" 100,00","sni":"0","psni":"   0,00","sa":"20","psa":" 100,00","sna":"0","psna":"   0,00","e":"5913","ea":"5913","pea":" 100,00","ena":"0","pena":"   0,00","esi":"5913","pesi":" 100,00","esni":"0","pesni":"   0,00","c":"4918","pc":"  83,17","a":"995","pa":"  16,83","vscv":"0","vnom":"4765","pvnom":" 100,00","vvc":"4765","pvvc":"  96,89","vb":"24","pvb":"   0,49","tvn":"129","ptvn":"   2,62","vn":"129","pvn":" 100,00","vnt":"0","pvnt":"   0,00","vp":"0","pvp":"   0,00","vv":"4765","pvv":" 100,00","van":"0","pvan":"   0,00","vansj":"0","pvansj":"   0,00","tv":"4918","cand":[{"seq":"3","sqcand":"10001217602","n":"45","nm":"ZUM","cc":"PSDB - PSDB / PSL","nv":"ARLEUDO (NOVO)","e":"n","st":"N\u00e3o eleito","dvt":"V\u00e1lido","vap":"964","pvap":"  20,23"},{"seq":"5","sqcand":"10001156357","n":"15","nm":"JO\u00c3O J\u00daNIOR","cc":"MDB - PL / MDB","nv":"FRANCISCO MONTEIRO","e":"n","st":"N\u00e3o eleito","dvt":"V\u00e1lido","vap":"387","pvap":"   8,12"},{"seq":"1","sqcand":"10000884961","n":"13","nm":"PROFESSOR JERRY","cc":"PT","nv":"SARGENTO REGINALDO MARTINS","e":"s","st":"Eleito","dvt":"V\u00e1lido","vap":"1583","pvap":"  33,22"},{"seq":"2","sqcand":"10000650671","n":"55","nm":"ZE DO POSTO","cc":"PSD - PP / PSD","nv":"NILDIM","e":"n","st":"N\u00e3o eleito","dvt":"V\u00e1lido","vap":"1082","pvap":"  22,71"},{"seq":"4","sqcand":"10000750117","n":"65","nm":"PILIQUE","cc":"PC do B - PC do B / PSB","nv":"MIRIAM","e":"n","st":"N\u00e3o eleito","dvt":"V\u00e1lido","vap":"749","pvap":"  15,72"}]}
