{"ele":"426","tpabr":"mu","cdabr":"02011","carper":"11","t":"1","f":"o","dt":"15/11/2020","ht":"21:12:53","dv":"s","tf":"s","v":"1","esae":"n","mnae":"","s":"31","st":"31","pst":" 100,00","snt":"0","psnt":"   0,00","si":"31","psi":" 100,00","sni":"0","psni":"   0,00","sa":"31","psa":" 100,00","sna":"0","psna":"   0,00","e":"10748","ea":"10748","pea":" 100,00","ena":"0","pena":"   0,00","esi":"10748","pesi":" 100,00","esni":"0","pesni":"   0,00","c":"9012","pc":"  83,85","a":"1736","pa":"  16,15","vscv":"0","vnom":"8741","pvnom":" 100,00","vvc":"8741","pvvc":"  96,99","vb":"50","pvb":"   0,56","tvn":"221","ptvn":"   2,45","vn":"221","pvn":" 100,00","vnt":"0","pvnt":"   0,00","vp":"0","pvp":"   0,00","vv":"8741","pvv":" 100,00","van":"0","pvan":"   0,00","vansj":"0","pvansj":"   0,00","tv":"9012","cand":[{"seq":"5","sqcand":"40001096567","n":"40","nm":"ESTERZINHA","cc":"PSB","nv":"ARQUITETO JONY FERREIRA","e":"n","st":"N\u00e3o eleito","dvt":"V\u00e1lido","vap":"117","pvap":"   1,34"},{"seq":"1","sqcand":"40000669493","n":"20","nm":"FREDERICO JUNIOR","cc":"PSC - REPUBLICANOS / MDB / PSL / PSC / PSD","nv":"BALIZA","e":"s","st":"Eleito","dvt":"V\u00e1lido","vap":"5639","pvap":"  64,51"},{"seq":"2","sqcand":"40000923183","n":"45","nm":"VICTOR SANTOS","cc":"PSDB - DEM / PSDB","nv":"ADEVILSON DI","e":"n","st":"N\u00e3o eleito","dvt":"V\u00e1lido","vap":"1457","pvap":"  16,67"},{"seq":"3","sqcand":"40000740067","n":"11","nm":"ANDERSON DA INTERNET","cc":"PP - AVANTE / PP","nv":"ADERSON MANCILHA","e":"n","st":"N\u00e3o eleito","dvt":"V\u00e1lido","vap":"1342","pvap":"  15,35"},{"seq":"4","sqcand":"40000730781","n":"77","nm":"PROFESSOR MASSARICO","cc":"SOLIDARIEDADE","nv":"MARLENE","e":"n","st":"N\u00e3o eleito","dvt":"V\u00e1lido","vap":"186","pvap":"   2,13"}]}
