{"ele":"426","tpabr":"mu","cdabr":"02038","carper":"11","t":"1","f":"o","dt":"15/11/2020","ht":"21:40:08","dv":"s","tf":"s","v":"1","esae":"n","mnae":"","s":"27","st":"27","pst":" 100,00","snt":"0","psnt":"   0,00","si":"27","psi":" 100,00","sni":"0","psni":"   0,00","sa":"27","psa":" 100,00","sna":"0","psna":"   0,00","e":"10266","ea":"10266","pea":" 100,00","ena":"0","pena":"   0,00","esi":"10266","pesi":" 100,00","esni":"0","pesni":"   0,00","c":"8693","pc":"  84,68","a":"1573","pa":"  15,32","vscv":"0","vnom":"5495","pvnom":" 100,00","vvc":"8480","pvvc":"  97,55","vb":"32","pvb":"   0,37","tvn":"181","ptvn":"   2,08","vn":"181","pvn":" 100,00","vnt":"0","pvnt":"   0,00","vp":"0","pvp":"   0,00","vv":"5495","pvv":"  64,80","van":"0","pvan":"   0,00","vansj":"2985","pvansj":"  35,20","tv":"8693","cand":[{"seq":"1","sqcand":"40000640317","n":"10","nm":"REGIS NAZARE","cc":"REPUBLICANOS - REPUBLICANOS / MDB","nv":"RAIMUNDO BRANCO","e":"s","st":"Eleito","dvt":"V\u00e1lido","vap":"5495","pvap":"  64,80"},{"seq":"2","sqcand":"40001073259","n":"55","nm":"SANSURAY XAVIER","cc":"PSD - PSD / PTB / PT / PSC","nv":"SIDI","e":"n","st":"N\u00e3o eleito","dvt":"Anulado sub judice","vap":"2985","pvap":"  35,20"}]}
