{"ele":"426","tpabr":"mu","cdabr":"02046","carper":"11","t":"1","f":"o","dt":"15/11/2020","ht":"22:20:11","dv":"s","tf":"n","v":"1","esae":"n","mnae":"","s":"50","st":"50","pst":" 100,00","snt":"0","psnt":"   0,00","si":"50","psi":" 100,00","sni":"0","psni":"   0,00","sa":"50","psa":" 100,00","sna":"0","psna":"   0,00","e":"15775","ea":"15775","pea":" 100,00","ena":"0","pena":"   0,00","esi":"15775","pesi":" 100,00","esni":"0","pesni":"   0,00","c":"13308","pc":"  84,36","a":"2467","pa":"  15,64","vscv":"0","vnom":"12937","pvnom":" 100,00","vvc":"12937","pvvc":"  97,21","vb":"77","pvb":"   0,58","tvn":"294","ptvn":"   2,21","vn":"294","pvn":" 100,00","vnt":"0","pvnt":"   0,00","vp":"0","pvp":"   0,00","vv":"12937","pvv":" 100,00","van":"0","pvan":"   0,00","vansj":"0","pvansj":"   0,00","tv":"13308","cand":[{"seq":"1","sqcand":"40000659009","n":"55","nm":"PEDRO GUEDES","cc":"PSD - REPUBLICANOS / PSD","nv":"CONCEI\u00c7\u00c3O COSTA","e":"n","st":"","dvt":"V\u00e1lido","vap":"5202","pvap":"  40,21"},{"seq":"5","sqcand":"40000692988","n":"36","nm":"ABDON PIRES","cc":"PTC","nv":"LEILA CRAVEIRO","e":"n","st":"","dvt":"V\u00e1lido","vap":"89","pvap":"   0,69"},{"seq":"3","sqcand":"40000879774","n":"11","nm":"KEDSON ARAUJO","cc":"PP - PP / PSC","nv":"DORIMAR GUEDES","e":"n","st":"","dvt":"V\u00e1lido","vap":"3142","pvap":"  24,29"},{"seq":"4","sqcand":"40001230573","n":"14","nm":"AUGUSTO","cc":"PTB","nv":"MARIOMAR NASCIMENTO","e":"n","st":"","dvt":"V\u00e1lido","vap":"229","pvap":"   1,77"},{"seq":"2","sqcand":"40000880429","n":"15","nm":"RAMIRO GON\u00c7ALVES","cc":"MDB - PSDB / PL / PSL / DEM / PATRIOTA / MDB","nv":"ARNALDO","e":"n","st":"","dvt":"V\u00e1lido","vap":"4275","pvap":"  33,04"}]}
