{"ele":"426","tpabr":"mu","cdabr":"02119","carper":"11","t":"1","f":"o","dt":"15/11/2020","ht":"21:10:38","dv":"s","tf":"s","v":"1","esae":"n","mnae":"","s":"56","st":"56","pst":" 100,00","snt":"0","psnt":"   0,00","si":"56","psi":" 100,00","sni":"0","psni":"   0,00","sa":"56","psa":" 100,00","sna":"0","psna":"   0,00","e":"20100","ea":"20100","pea":" 100,00","ena":"0","pena":"   0,00","esi":"20100","pesi":" 100,00","esni":"0","pesni":"   0,00","c":"16577","pc":"  82,47","a":"3523","pa":"  17,53","vscv":"0","vnom":"16022","pvnom":" 100,00","vvc":"16022","pvvc":"  96,65","vb":"50","pvb":"   0,30","tvn":"505","ptvn":"   3,05","vn":"505","pvn":" 100,00","vnt":"0","pvnt":"   0,00","vp":"0","pvp":"   0,00","vv":"16022","pvv":" 100,00","van":"0","pvan":"   0,00","vansj":"0","pvansj":"   0,00","tv":"16577","cand":[{"seq":"1","sqcand":"40001240569","n":"15","nm":"GLENIO SEIXAS","cc":"MDB - PP / PL / MDB / REPUBLICANOS / PDT","nv":"RIDSON BARBOSA","e":"s","st":"Eleito","dvt":"V\u00e1lido","vap":"9697","pvap":"  60,52"},{"seq":"3","sqcand":"40001251268","n":"51","nm":"DR BOSCO CARDOSO","cc":"PATRIOTA","nv":"JONESMAR","e":"n","st":"N\u00e3o eleito","dvt":"V\u00e1lido","vap":"107","pvap":"   0,67"},{"seq":"2","sqcand":"40000860086","n":"20","nm":"LUIS PICANCO","cc":"PSC - PSC / AVANTE / PT / PSD","nv":"FABRICIO ROCHA","e":"n","st":"N\u00e3o eleito","dvt":"V\u00e1lido","vap":"6218","pvap":"  38,81"}]}
