{"ele":"426","tpabr":"mu","cdabr":"02151","carper":"11","t":"1","f":"o","dt":"15/11/2020","ht":"21:12:41","dv":"s","tf":"s","v":"1","esae":"n","mnae":"","s":"58","st":"58","pst":" 100,00","snt":"0","psnt":"   0,00","si":"58","psi":" 100,00","sni":"0","psni":"   0,00","sa":"58","psa":" 100,00","sna":"0","psna":"   0,00","e":"22558","ea":"22558","pea":" 100,00","ena":"0","pena":"   0,00","esi":"22558","pesi":" 100,00","esni":"0","pesni":"   0,00","c":"17327","pc":"  76,81","a":"5231","pa":"  23,19","vscv":"0","vnom":"16546","pvnom":" 100,00","vvc":"16546","pvvc":"  95,49","vb":"133","pvb":"   0,77","tvn":"648","ptvn":"   3,74","vn":"648","pvn":" 100,00","vnt":"0","pvnt":"   0,00","vp":"0","pvp":"   0,00","vv":"16546","pvv":" 100,00","van":"0","pvan":"   0,00","vansj":"0","pvansj":"   0,00","tv":"17327","cand":[{"seq":"2","sqcand":"40001088308","n":"70","nm":"IRAN LIMA","cc":"AVANTE - AVANTE / CIDADANIA / PODE","nv":"CARLINHOS DA FARM\u00c1CIA","e":"n","st":"N\u00e3o eleito","dvt":"V\u00e1lido","vap":"6086","pvap":"  36,78"},{"seq":"1","sqcand":"40001048871","n":"11","nm":"ZECA CRUZ","cc":"PP - PP / PSC / PSD / REPUBLICANOS","nv":"LUCIANA MELO","e":"s","st":"Eleito","dvt":"V\u00e1lido","vap":"7831","pvap":"  47,33"},{"seq":"6","sqcand":"40000767917","n":"51","nm":"PASTOR ANGELO BRANCO","cc":"PATRIOTA","nv":"DINALDO","e":"n","st":"N\u00e3o eleito","dvt":"V\u00e1lido","vap":"89","pvap":"   0,54"},{"seq":"5","sqcand":"40000767570","n":"40","nm":"DR PENA","cc":"PSB - PSB / PT / PROS","nv":"EL\u00c1DIO NUNES","e":"n","st":"N\u00e3o eleito","dvt":"V\u00e1lido","vap":"589","pvap":"   3,56"},{"seq":"3","sqcand":"40000827097","n":"18","nm":"TENISON ONOFRE","cc":"REDE","nv":"PAULO DO GELO","e":"n","st":"N\u00e3o eleito","dvt":"V\u00e1lido","vap":"1309","pvap":"   7,91"},{"seq":"4","sqcand":"40000766297","n":"25","nm":"AGUINALDO SOUZA","cc":"DEM - DEM / SOLIDARIEDADE","nv":"ODEMIR RAULINO","e":"n","st":"N\u00e3o eleito","dvt":"V\u00e1lido","vap":"642","pvap":"   3,88"}]}
