{"ele":"426","tpabr":"mu","cdabr":"02178","carper":"11","t":"1","f":"o","dt":"15/11/2020","ht":"22:20:33","dv":"s","tf":"s","v":"1","esae":"n","mnae":"","s":"65","st":"65","pst":" 100,00","snt":"0","psnt":"   0,00","si":"65","psi":" 100,00","sni":"0","psni":"   0,00","sa":"65","psa":" 100,00","sna":"0","psna":"   0,00","e":"22473","ea":"22473","pea":" 100,00","ena":"0","pena":"   0,00","esi":"22473","pesi":" 100,00","esni":"0","pesni":"   0,00","c":"18305","pc":"  81,45","a":"4168","pa":"  18,55","vscv":"0","vnom":"17728","pvnom":" 100,00","vvc":"17728","pvvc":"  96,85","vb":"75","pvb":"   0,41","tvn":"502","ptvn":"   2,74","vn":"502","pvn":" 100,00","vnt":"0","pvnt":"   0,00","vp":"0","pvp":"   0,00","vv":"17728","pvv":" 100,00","van":"0","pvan":"   0,00","vansj":"0","pvansj":"   0,00","tv":"18305","cand":[{"seq":"3","sqcand":"40000844581","n":"17","nm":"NILDO COLARES","cc":"PSL - CIDADANIA / PODE / PSL","nv":"Z\u00c9 HOLANDA","e":"n","st":"N\u00e3o eleito","dvt":"V\u00e1lido","vap":"3720","pvap":"  20,98"},{"seq":"2","sqcand":"40001043479","n":"10","nm":"TOCO SANTANA","cc":"REPUBLICANOS - PSC / REPUBLICANOS","nv":"PAULINHO CRUZ","e":"n","st":"N\u00e3o eleito","dvt":"V\u00e1lido","vap":"4745","pvap":"  26,77"},{"seq":"5","sqcand":"40001252817","n":"13","nm":"JANIO SANTANA","cc":"PT","nv":"TONGAO","e":"n","st":"N\u00e3o eleito","dvt":"V\u00e1lido","vap":"99","pvap":"   0,56"},{"seq":"1","sqcand":"40001043808","n":"11","nm":"SIMAO PEIXOTO","cc":"PP - AVANTE / PP / PSD / MDB / DEM","nv":"ZE PEDRO GRA\u00c7A","e":"s","st":"Eleito","dvt":"V\u00e1lido","vap":"5499","pvap":"  31,02"},{"seq":"4","sqcand":"40000663314","n":"14","nm":"BA\u00cdA","cc":"PTB - PTB / PL / PV","nv":"TOINHO CIDADE","e":"n","st":"N\u00e3o eleito","dvt":"V\u00e1lido","vap":"3665","pvap":"  20,67"}]}
