{"ele":"426","tpabr":"mu","cdabr":"02194","carper":"11","t":"1","f":"o","dt":"15/11/2020","ht":"22:07:18","dv":"s","tf":"s","v":"1","esae":"n","mnae":"","s":"28","st":"28","pst":" 100,00","snt":"0","psnt":"   0,00","si":"28","psi":" 100,00","sni":"0","psni":"   0,00","sa":"28","psa":" 100,00","sna":"0","psna":"   0,00","e":"9238","ea":"9238","pea":" 100,00","ena":"0","pena":"   0,00","esi":"9238","pesi":" 100,00","esni":"0","pesni":"   0,00","c":"7441","pc":"  80,55","a":"1797","pa":"  19,45","vscv":"0","vnom":"7135","pvnom":" 100,00","vvc":"7135","pvvc":"  95,89","vb":"36","pvb":"   0,48","tvn":"270","ptvn":"   3,63","vn":"270","pvn":" 100,00","vnt":"0","pvnt":"   0,00","vp":"0","pvp":"   0,00","vv":"7135","pvv":" 100,00","van":"0","pvan":"   0,00","vansj":"0","pvansj":"   0,00","tv":"7441","cand":[{"seq":"1","sqcand":"40000832158","n":"20","nm":"ZE ROBERTO ","cc":"PSC - MDB / PSC / REPUBLICANOS","nv":"CARLOS MENEZES","e":"s","st":"Eleito","dvt":"V\u00e1lido","vap":"3719","pvap":"  52,12"},{"seq":"3","sqcand":"40001097563","n":"45","nm":"OCIVALDO AMORIM","cc":"PSDB - PMN / PSDB","nv":"PAULO DO 17","e":"n","st":"N\u00e3o eleito","dvt":"V\u00e1lido","vap":"934","pvap":"  13,09"},{"seq":"2","sqcand":"40000808492","n":"11","nm":"OTANIEL LYRA","cc":"PP - PP / PL","nv":"Z\u00c9 CORDEIRO","e":"n","st":"N\u00e3o eleito","dvt":"V\u00e1lido","vap":"2482","pvap":"  34,79"}]}
