{"ele":"426","tpabr":"mu","cdabr":"02216","carper":"11","t":"1","f":"o","dt":"15/11/2020","ht":"21:08:08","dv":"s","tf":"s","v":"1","esae":"n","mnae":"","s":"58","st":"58","pst":" 100,00","snt":"0","psnt":"   0,00","si":"58","psi":" 100,00","sni":"0","psni":"   0,00","sa":"58","psa":" 100,00","sna":"0","psna":"   0,00","e":"20626","ea":"20626","pea":" 100,00","ena":"0","pena":"   0,00","esi":"20626","pesi":" 100,00","esni":"0","pesni":"   0,00","c":"15415","pc":"  74,74","a":"5211","pa":"  25,26","vscv":"0","vnom":"14813","pvnom":" 100,00","vvc":"14813","pvvc":"  96,09","vb":"79","pvb":"   0,52","tvn":"523","ptvn":"   3,39","vn":"523","pvn":" 100,00","vnt":"0","pvnt":"   0,00","vp":"0","pvp":"   0,00","vv":"14813","pvv":" 100,00","van":"0","pvan":"   0,00","vansj":"0","pvansj":"   0,00","tv":"15415","cand":[{"seq":"3","sqcand":"40000638644","n":"10","nm":"DR LINYLSON FRAN\u00c7A","cc":"REPUBLICANOS","nv":"MALABYN","e":"n","st":"N\u00e3o eleito","dvt":"V\u00e1lido","vap":"498","pvap":"   3,36"},{"seq":"1","sqcand":"40001128430","n":"15","nm":"BRUNO RAMALHO","cc":"MDB - PP / MDB / PSD / PL","nv":"Z\u00c9 VIANA","e":"s","st":"Eleito","dvt":"V\u00e1lido","vap":"9015","pvap":"  60,86"},{"seq":"2","sqcand":"40000690296","n":"20","nm":"MANOEL THIAGO","cc":"PSC - PSC / PSB","nv":"ANDREW CABRAL","e":"n","st":"N\u00e3o eleito","dvt":"V\u00e1lido","vap":"5300","pvap":"  35,78"}]}
