{"ele":"426","tpabr":"mu","cdabr":"02275","carper":"11","t":"1","f":"o","dt":"15/11/2020","ht":"21:14:03","dv":"s","tf":"s","v":"1","esae":"n","mnae":"","s":"46","st":"46","pst":" 100,00","snt":"0","psnt":"   0,00","si":"46","psi":" 100,00","sni":"0","psni":"   0,00","sa":"46","psa":" 100,00","sna":"0","psna":"   0,00","e":"15680","ea":"15680","pea":" 100,00","ena":"0","pena":"   0,00","esi":"15680","pesi":" 100,00","esni":"0","pesni":"   0,00","c":"12572","pc":"  80,18","a":"3108","pa":"  19,82","vscv":"0","vnom":"12259","pvnom":" 100,00","vvc":"12259","pvvc":"  97,51","vb":"43","pvb":"   0,34","tvn":"270","ptvn":"   2,15","vn":"270","pvn":" 100,00","vnt":"0","pvnt":"   0,00","vp":"0","pvp":"   0,00","vv":"12259","pvv":" 100,00","van":"0","pvan":"   0,00","vansj":"0","pvansj":"   0,00","tv":"12572","cand":[{"seq":"3","sqcand":"40000911161","n":"27","nm":"PITOCO","cc":"DC - PT / DC","nv":"HALISON CUNHA","e":"n","st":"N\u00e3o eleito","dvt":"V\u00e1lido","vap":"697","pvap":"   5,69"},{"seq":"2","sqcand":"40000688768","n":"15","nm":"MIQUEIAS CARVALHO","cc":"MDB - MDB / REPUBLICANOS","nv":"GOG\u00d3","e":"n","st":"N\u00e3o eleito","dvt":"V\u00e1lido","vap":"5054","pvap":"  41,23"},{"seq":"1","sqcand":"40000965106","n":"11","nm":"TONHO","cc":"PP - AVANTE / PP","nv":"PROF&#186; CLEUCIVAN","e":"s","st":"Eleito","dvt":"V\u00e1lido","vap":"6301","pvap":"  51,40"},{"seq":"4","sqcand":"40000994259","n":"45","nm":"JOEL","cc":"PSDB","nv":"MARIO CARVALHO","e":"n","st":"N\u00e3o eleito","dvt":"V\u00e1lido","vap":"207","pvap":"   1,69"}]}
