{"ele":"426","tpabr":"mu","cdabr":"02291","carper":"11","t":"1","f":"o","dt":"15/11/2020","ht":"21:05:37","dv":"s","tf":"s","v":"1","esae":"n","mnae":"","s":"57","st":"57","pst":" 100,00","snt":"0","psnt":"   0,00","si":"57","psi":" 100,00","sni":"0","psni":"   0,00","sa":"57","psa":" 100,00","sna":"0","psna":"   0,00","e":"22381","ea":"22381","pea":" 100,00","ena":"0","pena":"   0,00","esi":"22381","pesi":" 100,00","esni":"0","pesni":"   0,00","c":"16453","pc":"  73,51","a":"5928","pa":"  26,49","vscv":"0","vnom":"15482","pvnom":" 100,00","vvc":"15482","pvvc":"  94,10","vb":"143","pvb":"   0,87","tvn":"828","ptvn":"   5,03","vn":"828","pvn":" 100,00","vnt":"0","pvnt":"   0,00","vp":"0","pvp":"   0,00","vv":"15482","pvv":" 100,00","van":"0","pvan":"   0,00","vansj":"0","pvansj":"   0,00","tv":"16453","cand":[{"seq":"3","sqcand":"40000743368","n":"10","nm":"PROF. AMARO","cc":"REPUBLICANOS - REPUBLICANOS / PSL","nv":"PASTOR FILIPE","e":"n","st":"N\u00e3o eleito","dvt":"V\u00e1lido","vap":"664","pvap":"   4,29"},{"seq":"5","sqcand":"40001078624","n":"90","nm":"ENILTON ALENCAR","cc":"PROS","nv":"J\u00daNIOR","e":"n","st":"N\u00e3o eleito","dvt":"V\u00e1lido","vap":"118","pvap":"   0,76"},{"seq":"4","sqcand":"40001076846","n":"70","nm":"FRED DA CIVIL","cc":"AVANTE","nv":"PROFESSOR PORTELA","e":"n","st":"N\u00e3o eleito","dvt":"V\u00e1lido","vap":"196","pvap":"   1,27"},{"seq":"2","sqcand":"40001250558","n":"20","nm":"AMAURILIO TOMAZ","cc":"PSC","nv":"TI\u00c3O CAVALCANTE","e":"n","st":"N\u00e3o eleito","dvt":"V\u00e1lido","vap":"5483","pvap":"  35,42"},{"seq":"1","sqcand":"40000685292","n":"25","nm":"RAYLAN BARROSO","cc":"DEM - DEM / CIDADANIA / PL / PV","nv":"SERGIONY  TOMAZ","e":"s","st":"Eleito","dvt":"V\u00e1lido","vap":"9021","pvap":"  58,27"}]}
