{"ele":"426","tpabr":"mu","cdabr":"02330","carper":"11","t":"1","f":"o","dt":"15/11/2020","ht":"22:48:58","dv":"s","tf":"s","v":"1","esae":"n","mnae":"","s":"43","st":"43","pst":" 100,00","snt":"0","psnt":"   0,00","si":"43","psi":" 100,00","sni":"0","psni":"   0,00","sa":"43","psa":" 100,00","sna":"0","psna":"   0,00","e":"15485","ea":"15485","pea":" 100,00","ena":"0","pena":"   0,00","esi":"15485","pesi":" 100,00","esni":"0","pesni":"   0,00","c":"12724","pc":"  82,17","a":"2761","pa":"  17,83","vscv":"0","vnom":"12332","pvnom":" 100,00","vvc":"12332","pvvc":"  96,92","vb":"60","pvb":"   0,47","tvn":"332","ptvn":"   2,61","vn":"332","pvn":" 100,00","vnt":"0","pvnt":"   0,00","vp":"0","pvp":"   0,00","vv":"12332","pvv":" 100,00","van":"0","pvan":"   0,00","vansj":"0","pvansj":"   0,00","tv":"12724","cand":[{"seq":"3","sqcand":"40000868969","n":"17","nm":"DR LAZARO","cc":"PSL - PP / PSL / REPUBLICANOS / PODE / DC","nv":"DR. CALISTHENES LINS","e":"n","st":"N\u00e3o eleito","dvt":"V\u00e1lido","vap":"2740","pvap":"  22,22"},{"seq":"1","sqcand":"40001047859","n":"22","nm":"BIQUINHO","cc":"PL - PL / CIDADANIA","nv":"ALAILSON","e":"s","st":"Eleito","dvt":"V\u00e1lido","vap":"5170","pvap":"  41,92"},{"seq":"2","sqcand":"40000892050","n":"55","nm":"SU\u00c9","cc":"PSD - MDB / PSC / PATRIOTA / PSDB / PSD","nv":"MATHEUS LISBOA","e":"n","st":"N\u00e3o eleito","dvt":"V\u00e1lido","vap":"4242","pvap":"  34,40"},{"seq":"4","sqcand":"40001234851","n":"70","nm":"JOHN RAY","cc":"AVANTE - PROS / AVANTE","nv":"ADAIR","e":"n","st":"N\u00e3o eleito","dvt":"V\u00e1lido","vap":"180","pvap":"   1,46"}]}
