{"ele":"426","tpabr":"mu","cdabr":"02356","carper":"11","t":"1","f":"o","dt":"15/11/2020","ht":"22:14:13","dv":"s","tf":"s","v":"1","esae":"n","mnae":"","s":"90","st":"90","pst":" 100,00","snt":"0","psnt":"   0,00","si":"90","psi":" 100,00","sni":"0","psni":"   0,00","sa":"90","psa":" 100,00","sna":"0","psna":"   0,00","e":"31604","ea":"31604","pea":" 100,00","ena":"0","pena":"   0,00","esi":"31604","pesi":" 100,00","esni":"0","pesni":"   0,00","c":"24800","pc":"  78,47","a":"6804","pa":"  21,53","vscv":"0","vnom":"23992","pvnom":" 100,00","vvc":"24018","pvvc":"  96,85","vb":"212","pvb":"   0,85","tvn":"570","ptvn":"   2,30","vn":"570","pvn":" 100,00","vnt":"0","pvnt":"   0,00","vp":"0","pvp":"   0,00","vv":"23992","pvv":"  99,89","van":"0","pvan":"   0,00","vansj":"26","pvansj":"   0,11","tv":"24800","cand":[{"seq":"3","sqcand":"40001250917","n":"51","nm":"LEANDRO DA KAIR\u00d3S","cc":"PATRIOTA","nv":"PROF BEATRIZ DOS SANTOS","e":"n","st":"N\u00e3o eleito","dvt":"V\u00e1lido","vap":"3356","pvap":"  13,97"},{"seq":"2","sqcand":"40001250053","n":"22","nm":"HERIVANEO SEIXAS","cc":"PL - PP / PL / MDB / PT / PSD","nv":"SIDNEY TEMO","e":"n","st":"N\u00e3o eleito","dvt":"V\u00e1lido","vap":"9210","pvap":"  38,35"},{"seq":"4","sqcand":"40001248085","n":"50","nm":"ALOISIO RIBEIRO","cc":"PSOL","nv":"AMAURI DO SINDICATO","e":"n","st":"N\u00e3o eleito","dvt":"V\u00e1lido","vap":"642","pvap":"   2,67"},{"seq":"5","sqcand":"40001248203","n":"36","nm":"CAPIT\u00c3O ITAMAR","cc":"PTC - PODE / PTC","nv":"DRA ALTANIRA","e":"n","st":"N\u00e3o eleito","dvt":"V\u00e1lido","vap":"367","pvap":"   1,53"},{"seq":"1","sqcand":"40001251282","n":"20","nm":"DEDEI LOBO","cc":"PSC - REPUBLICANOS / PSB / PSC","nv":"ALEXANDRE PEROTE","e":"s","st":"Eleito","dvt":"V\u00e1lido","vap":"10417","pvap":"  43,37"},{"seq":"6","sqcand":"40001247779","n":"25","nm":"ADEMIR CASTELLANI","cc":"DEM","nv":"ZILDA DA CRISTOLANDIA","e":"n","st":"N\u00e3o eleito","dvt":"Anulado sub judice","vap":"26","pvap":"   0,11"}]}
