{"ele":"426","tpabr":"mu","cdabr":"02372","carper":"11","t":"1","f":"o","dt":"15/11/2020","ht":"19:18:57","dv":"s","tf":"s","v":"1","esae":"s","mnae":"Candidato com maior vota\u00e7\u00e3o nominal anulada ou anulada sub judice.Soma de votos de candidatos com vota\u00e7\u00e3o anulada e anulada sub judice ultrapassou 50% do total da vota\u00e7\u00e3o nominal.","s":"22","st":"22","pst":" 100,00","snt":"0","psnt":"   0,00","si":"22","psi":" 100,00","sni":"0","psni":"   0,00","sa":"22","psa":" 100,00","sna":"0","psna":"   0,00","e":"8353","ea":"8353","pea":" 100,00","ena":"0","pena":"   0,00","esi":"8353","pesi":" 100,00","esni":"0","pesni":"   0,00","c":"5936","pc":"  71,06","a":"2417","pa":"  28,94","vscv":"0","vnom":"1801","pvnom":" 100,00","vvc":"5738","pvvc":"  96,66","vb":"45","pvb":"   0,76","tvn":"153","ptvn":"   2,58","vn":"153","pvn":" 100,00","vnt":"0","pvnt":"   0,00","vp":"0","pvp":"   0,00","vv":"1801","pvv":"  31,39","van":"0","pvan":"   0,00","vansj":"3937","pvansj":"  68,61","tv":"5936","cand":[{"seq":"3","sqcand":"40000808616","n":"17","nm":"PROF MARIAZINHA","cc":"PSL","nv":"PROF ALESSANDRO","e":"n","st":"N\u00e3o eleito","dvt":"V\u00e1lido","vap":"533","pvap":"   9,29"},{"seq":"6","sqcand":"40000940456","n":"33","nm":"GILVANFONTES","cc":"PMN - PMN / CIDADANIA","nv":"GLAUCIOFONTES","e":"n","st":"N\u00e3o eleito","dvt":"V\u00e1lido","vap":"235","pvap":"   4,10"},{"seq":"2","sqcand":"40001233733","n":"15","nm":"CARECA","cc":"MDB - PV / PDT / MDB / PODE / DEM / PATRIOTA / PC do B","nv":"FRANK RODRIGUES","e":"n","st":"N\u00e3o eleito","dvt":"Anulado sub judice","vap":"1575","pvap":"  27,45"},{"seq":"1","sqcand":"40001109533","n":"11","nm":"BELEZA","cc":"PP - PP / PT / PSDB","nv":"ALICE BELEZA","e":"n","st":"N\u00e3o eleito","dvt":"Anulado sub judice","vap":"2362","pvap":"  41,16"},{"seq":"5","sqcand":"40001235756","n":"55","nm":"RUBENS NETO","cc":"PSD - PSD / PTC","nv":"BRITO","e":"n","st":"N\u00e3o eleito","dvt":"V\u00e1lido","vap":"337","pvap":"   5,87"},{"seq":"7","sqcand":"40000941183","n":"50","nm":"FIDELIS BANIWA","cc":"PSOL","nv":"ALEX PAISANO","e":"n","st":"N\u00e3o eleito","dvt":"V\u00e1lido","vap":"231","pvap":"   4,03"},{"seq":"4","sqcand":"40001239058","n":"77","nm":"CARLOS SANTOS","cc":"SOLIDARIEDADE - SOLIDARIEDADE / PSB","nv":"BITINHO","e":"n","st":"N\u00e3o eleito","dvt":"V\u00e1lido","vap":"465","pvap":"   8,10"}]}
