{"ele":"426","tpabr":"mu","cdabr":"02399","carper":"11","t":"1","f":"o","dt":"15/11/2020","ht":"21:29:20","dv":"s","tf":"s","v":"1","esae":"n","mnae":"","s":"33","st":"33","pst":" 100,00","snt":"0","psnt":"   0,00","si":"33","psi":" 100,00","sni":"0","psni":"   0,00","sa":"33","psa":" 100,00","sna":"0","psna":"   0,00","e":"11608","ea":"11608","pea":" 100,00","ena":"0","pena":"   0,00","esi":"11608","pesi":" 100,00","esni":"0","pesni":"   0,00","c":"9201","pc":"  79,26","a":"2407","pa":"  20,74","vscv":"0","vnom":"8877","pvnom":" 100,00","vvc":"8877","pvvc":"  96,48","vb":"34","pvb":"   0,37","tvn":"290","ptvn":"   3,15","vn":"290","pvn":" 100,00","vnt":"0","pvnt":"   0,00","vp":"0","pvp":"   0,00","vv":"8877","pvv":" 100,00","van":"0","pvan":"   0,00","vansj":"0","pvansj":"   0,00","tv":"9201","cand":[{"seq":"3","sqcand":"40001120656","n":"70","nm":"ADALBERTO ARAG\u00c3O","cc":"AVANTE","nv":"JOSE ALVES","e":"n","st":"N\u00e3o eleito","dvt":"V\u00e1lido","vap":"69","pvap":"   0,78"},{"seq":"2","sqcand":"40000862867","n":"55","nm":"ROGERIO SILV\u00c9RIO","cc":"PSD - REPUBLICANOS / PSD","nv":"CESINHA","e":"n","st":"N\u00e3o eleito","dvt":"V\u00e1lido","vap":"3403","pvap":"  38,34"},{"seq":"1","sqcand":"40000858059","n":"45","nm":"MARIA OLIVEIRA","cc":"PSDB - PP / MDB / PL / PSDB","nv":"RODRIGO SARAIVA","e":"s","st":"Eleito","dvt":"V\u00e1lido","vap":"5405","pvap":"  60,89"}]}
