{"ele":"426","tpabr":"mu","cdabr":"02410","carper":"11","t":"1","f":"o","dt":"15/11/2020","ht":"21:20:13","dv":"s","tf":"n","v":"1","esae":"n","mnae":"","s":"199","st":"197","pst":"  98,99","snt":"2","psnt":"   1,01","si":"197","psi":"  98,99","sni":"0","psni":"   0,00","sa":"197","psa":" 100,00","sna":"0","psna":"   0,00","e":"67270","ea":"66874","pea":" 100,00","ena":"0","pena":"   0,00","esi":"66874","pesi":"  98,99","esni":"0","pesni":"   0,00","c":"52677","pc":"  78,77","a":"14197","pa":"  21,23","vscv":"0","vnom":"43254","pvnom":" 100,00","vvc":"51341","pvvc":"  97,46","vb":"296","pvb":"   0,57","tvn":"1040","ptvn":"   1,97","vn":"1040","pvn":" 100,00","vnt":"0","pvnt":"   0,00","vp":"0","pvp":"   0,00","vv":"43254","pvv":"  84,25","van":"0","pvan":"   0,00","vansj":"8087","pvansj":"  15,75","tv":"52677","cand":[{"seq":"4","sqcand":"40001243850","n":"13","nm":"PEIXOTO","cc":"PT - PP / PC do B / DC / PTC / PT","nv":"RYCHARDSON FRANCO","e":"n","st":"","dvt":"Anulado sub judice","vap":"8087","pvap":"  15,75"},{"seq":"5","sqcand":"40001237939","n":"10","nm":"JEAN NEDER","cc":"REPUBLICANOS - REPUBLICANOS / PATRIOTA","nv":"CORONEL CASTRO ALVES","e":"n","st":"","dvt":"V\u00e1lido","vap":"1805","pvap":"   3,52"},{"seq":"3","sqcand":"40001255359","n":"70","nm":"MAMOUD AMED","cc":"AVANTE","nv":"JHOSELITO","e":"n","st":"","dvt":"V\u00e1lido","vap":"8118","pvap":"  15,81"},{"seq":"7","sqcand":"40000787785","n":"18","nm":"GRA\u00c7A MENEZES","cc":"REDE - REDE / PSOL","nv":"ZEZINHO DA ADEFITA","e":"n","st":"","dvt":"V\u00e1lido","vap":"401","pvap":"   0,78"},{"seq":"1","sqcand":"40001237800","n":"20","nm":"M\u00c1RIO ABRAHIM","cc":"PSC - PTB / PSL / PSC / DEM / SOLIDARIEDADE","nv":"SELANE SABINO","e":"n","st":"","dvt":"V\u00e1lido","vap":"19722","pvap":"  38,41"},{"seq":"6","sqcand":"40001237610","n":"45","nm":"DON","cc":"PSDB - PSB / PODE / PSDB","nv":"ANDR\u00c9 MAIA","e":"n","st":"","dvt":"V\u00e1lido","vap":"1099","pvap":"   2,14"},{"seq":"2","sqcand":"40001237869","n":"22","nm":"CABO MACIEL","cc":"PL - PL / PV / PSD / PROS / CIDADANIA","nv":"ELENIZE HOLANDA","e":"n","st":"","dvt":"V\u00e1lido","vap":"12109","pvap":"  23,59"}]}
