{"ele":"426","tpabr":"mu","cdabr":"02496","carper":"11","t":"1","f":"o","dt":"15/11/2020","ht":"21:10:57","dv":"s","tf":"s","v":"1","esae":"n","mnae":"","s":"33","st":"33","pst":" 100,00","snt":"0","psnt":"   0,00","si":"33","psi":" 100,00","sni":"0","psni":"   0,00","sa":"33","psa":" 100,00","sna":"0","psna":"   0,00","e":"13329","ea":"13329","pea":" 100,00","ena":"0","pena":"   0,00","esi":"13329","pesi":" 100,00","esni":"0","pesni":"   0,00","c":"10896","pc":"  81,75","a":"2433","pa":"  18,25","vscv":"0","vnom":"10480","pvnom":" 100,00","vvc":"10480","pvvc":"  96,18","vb":"30","pvb":"   0,28","tvn":"386","ptvn":"   3,54","vn":"386","pvn":" 100,00","vnt":"0","pvnt":"   0,00","vp":"0","pvp":"   0,00","vv":"10480","pvv":" 100,00","van":"0","pvan":"   0,00","vansj":"0","pvansj":"   0,00","tv":"10896","cand":[{"seq":"2","sqcand":"40001220716","n":"23","nm":"CHIQUINHO GARIMPEIRO","cc":"CIDADANIA - REPUBLICANOS / PT / MDB / PSD / CIDADANIA","nv":"MARLENE GON\u00c7ALVES","e":"n","st":"N\u00e3o eleito","dvt":"V\u00e1lido","vap":"3811","pvap":"  36,36"},{"seq":"1","sqcand":"40001219382","n":"12","nm":"PEDRINHO","cc":"PDT - PDT / PP / PROS","nv":"MERCEDES","e":"s","st":"Eleito","dvt":"V\u00e1lido","vap":"6517","pvap":"  62,19"},{"seq":"3","sqcand":"40001226855","n":"25","nm":"IZAIAS LEMOS","cc":"DEM - PSC / DEM","nv":"PASTOR AGUIAR","e":"n","st":"N\u00e3o eleito","dvt":"V\u00e1lido","vap":"152","pvap":"   1,45"}]}
