{"ele":"426","tpabr":"mu","cdabr":"02518","carper":"11","t":"1","f":"o","dt":"15/11/2020","ht":"21:04:34","dv":"s","tf":"n","v":"1","esae":"n","mnae":"","s":"78","st":"77","pst":"  98,72","snt":"1","psnt":"   1,28","si":"77","psi":"  98,72","sni":"0","psni":"   0,00","sa":"77","psa":" 100,00","sna":"0","psna":"   0,00","e":"25441","ea":"25233","pea":" 100,00","ena":"0","pena":"   0,00","esi":"25233","pesi":"  98,72","esni":"0","pesni":"   0,00","c":"19306","pc":"  76,51","a":"5927","pa":"  23,49","vscv":"0","vnom":"18314","pvnom":" 100,00","vvc":"18314","pvvc":"  94,86","vb":"177","pvb":"   0,92","tvn":"815","ptvn":"   4,22","vn":"815","pvn":" 100,00","vnt":"0","pvnt":"   0,00","vp":"0","pvp":"   0,00","vv":"18314","pvv":" 100,00","van":"0","pvan":"   0,00","vansj":"0","pvansj":"   0,00","tv":"19306","cand":[{"seq":"3","sqcand":"40000778358","n":"45","nm":"ADALFRANK O NEG\u00c3O","cc":"PSDB","nv":"MARGARETE TEIXEIRA","e":"n","st":"","dvt":"V\u00e1lido","vap":"2103","pvap":"  11,48"},{"seq":"2","sqcand":"40000974408","n":"43","nm":"JO\u00c3O ROBERTO","cc":"PV - PTB / PTC / PV","nv":"CORONEL CLAUDENIR","e":"n","st":"","dvt":"V\u00e1lido","vap":"2589","pvap":"  14,14"},{"seq":"1","sqcand":"40001152862","n":"15","nm":"GEAN BARROS","cc":"MDB - PSC / REPUBLICANOS / MDB / PT / PL / PSD / PP","nv":"MABI","e":"n","st":"","dvt":"V\u00e1lido","vap":"13622","pvap":"  74,38"}]}
