{"ele":"426","tpabr":"mu","cdabr":"02534","carper":"11","t":"1","f":"o","dt":"15/11/2020","ht":"22:22:11","dv":"s","tf":"s","v":"1","esae":"n","mnae":"","s":"187","st":"187","pst":" 100,00","snt":"0","psnt":"   0,00","si":"187","psi":" 100,00","sni":"0","psni":"   0,00","sa":"187","psa":" 100,00","sna":"0","psna":"   0,00","e":"67504","ea":"67504","pea":" 100,00","ena":"0","pena":"   0,00","esi":"67504","pesi":" 100,00","esni":"0","pesni":"   0,00","c":"55924","pc":"  82,85","a":"11580","pa":"  17,15","vscv":"0","vnom":"53987","pvnom":" 100,00","vvc":"53987","pvvc":"  96,54","vb":"432","pvb":"   0,77","tvn":"1505","ptvn":"   2,69","vn":"1505","pvn":" 100,00","vnt":"0","pvnt":"   0,00","vp":"0","pvp":"   0,00","vv":"53987","pvv":" 100,00","van":"0","pvan":"   0,00","vansj":"0","pvansj":"   0,00","tv":"55924","cand":[{"seq":"3","sqcand":"40000678749","n":"70","nm":"BEZERRA","cc":"AVANTE - AVANTE / PDT / DC","nv":"NATO RODRIGUES","e":"n","st":"N\u00e3o eleito","dvt":"V\u00e1lido","vap":"2842","pvap":"   5,26"},{"seq":"5","sqcand":"40000835692","n":"18","nm":" DR. MASULO","cc":"REDE","nv":"JECA SOLIM\u00d5ES","e":"n","st":"N\u00e3o eleito","dvt":"V\u00e1lido","vap":"620","pvap":"   1,15"},{"seq":"4","sqcand":"40000768711","n":"17","nm":"FANTINO CASTRO","cc":"PSL","nv":"ELIVON LIRA","e":"n","st":"N\u00e3o eleito","dvt":"V\u00e1lido","vap":"2133","pvap":"   3,95"},{"seq":"2","sqcand":"40001126484","n":"20","nm":"ANGELUS FIGUEIRA","cc":"PSC - PP / SOLIDARIEDADE / PRTB / PSB / PT / PSC / DEM / PSD","nv":"CAPELA","e":"n","st":"N\u00e3o eleito","dvt":"V\u00e1lido","vap":"22626","pvap":"  41,91"},{"seq":"1","sqcand":"40000983360","n":"10","nm":"BETO D ANGELO","cc":"REPUBLICANOS - PTC / REPUBLICANOS / MDB / CIDADANIA / PSDB / PC do B","nv":"VALCILEIA MACIEL","e":"s","st":"Eleito","dvt":"V\u00e1lido","vap":"25766","pvap":"  47,73"}]}
