{"ele":"426","tpabr":"mu","cdabr":"02577","carper":"11","t":"1","f":"o","dt":"15/11/2020","ht":"22:50:01","dv":"s","tf":"n","v":"1","esae":"n","mnae":"","s":"92","st":"91","pst":"  98,91","snt":"1","psnt":"   1,09","si":"91","psi":"  98,91","sni":"0","psni":"   0,00","sa":"91","psa":" 100,00","sna":"0","psna":"   0,00","e":"30846","ea":"30514","pea":" 100,00","ena":"0","pena":"   0,00","esi":"30514","pesi":"  98,91","esni":"0","pesni":"   0,00","c":"24040","pc":"  78,78","a":"6474","pa":"  21,22","vscv":"0","vnom":"23361","pvnom":" 100,00","vvc":"23361","pvvc":"  97,18","vb":"134","pvb":"   0,55","tvn":"545","ptvn":"   2,27","vn":"545","pvn":" 100,00","vnt":"0","pvnt":"   0,00","vp":"0","pvp":"   0,00","vv":"23361","pvv":" 100,00","van":"0","pvan":"   0,00","vansj":"0","pvansj":"   0,00","tv":"24040","cand":[{"seq":"2","sqcand":"40000775100","n":"15","nm":"JUNH\u00c3O","cc":"MDB - MDB / PROS / PP / AVANTE / PT","nv":"DRA VERA","e":"n","st":"","dvt":"V\u00e1lido","vap":"7237","pvap":"  30,98"},{"seq":"4","sqcand":"40001261007","n":"27","nm":"CARLINHO DA QUINZE","cc":"DC","nv":"ITALO FERNANDO","e":"n","st":"","dvt":"V\u00e1lido","vap":"56","pvap":"   0,24"},{"seq":"1","sqcand":"40000750599","n":"55","nm":"LUCIO FLAVIO","cc":"PSD - PTB / PSC / DEM / CIDADANIA / PSD / PC do B / REPUBLICANOS / PDT","nv":"PAULO S\u00c9RGIO","e":"n","st":"","dvt":"V\u00e1lido","vap":"11286","pvap":"  48,31"},{"seq":"3","sqcand":"40000776056","n":"45","nm":"RUB\u00c3O","cc":"PSDB - PODE / PV / PSDB / SOLIDARIEDADE","nv":"NARA","e":"n","st":"","dvt":"V\u00e1lido","vap":"4782","pvap":"  20,47"}]}
