{"ele":"426","tpabr":"mu","cdabr":"02593","carper":"11","t":"1","f":"o","dt":"15/11/2020","ht":"21:41:54","dv":"s","tf":"s","v":"1","esae":"n","mnae":"","s":"25","st":"25","pst":" 100,00","snt":"0","psnt":"   0,00","si":"25","psi":" 100,00","sni":"0","psni":"   0,00","sa":"25","psa":" 100,00","sna":"0","psna":"   0,00","e":"9616","ea":"9616","pea":" 100,00","ena":"0","pena":"   0,00","esi":"9616","pesi":" 100,00","esni":"0","pesni":"   0,00","c":"7582","pc":"  78,85","a":"2034","pa":"  21,15","vscv":"0","vnom":"7344","pvnom":" 100,00","vvc":"7344","pvvc":"  96,86","vb":"20","pvb":"   0,26","tvn":"218","ptvn":"   2,88","vn":"218","pvn":" 100,00","vnt":"0","pvnt":"   0,00","vp":"0","pvp":"   0,00","vv":"7344","pvv":" 100,00","van":"0","pvan":"   0,00","vansj":"0","pvansj":"   0,00","tv":"7582","cand":[{"seq":"3","sqcand":"40000935667","n":"20","nm":"BEBE NASCIMENTO","cc":"PSC - AVANTE / PSC / PT","nv":"RUITER BRAGA","e":"n","st":"N\u00e3o eleito","dvt":"V\u00e1lido","vap":"1355","pvap":"  18,45"},{"seq":"2","sqcand":"40000937286","n":"55","nm":"PROFESSORA VERA","cc":"PSD - PSD / PSDB / PV / PMN / PDT","nv":"PROFESSORA PRETINHA","e":"n","st":"N\u00e3o eleito","dvt":"V\u00e1lido","vap":"2319","pvap":"  31,58"},{"seq":"6","sqcand":"40001245898","n":"27","nm":"ENEIAS SOLART","cc":"DC","nv":"LUZILETE","e":"n","st":"N\u00e3o eleito","dvt":"V\u00e1lido","vap":"9","pvap":"   0,12"},{"seq":"5","sqcand":"40001012131","n":"65","nm":"ODORMAN DUARTE","cc":"PC do B","nv":"RALCIELLE SILVA","e":"n","st":"N\u00e3o eleito","dvt":"V\u00e1lido","vap":"15","pvap":"   0,20"},{"seq":"1","sqcand":"40001011963","n":"10","nm":"PR. EDIR CASTELO BRANCO","cc":"REPUBLICANOS - REPUBLICANOS / MDB / PP","nv":"CHICO DA CEAM","e":"s","st":"Eleito","dvt":"V\u00e1lido","vap":"2969","pvap":"  40,43"},{"seq":"4","sqcand":"40001030849","n":"25","nm":"EDIMILSON PALANQUETA","cc":"DEM","nv":"PR JONATA","e":"n","st":"N\u00e3o eleito","dvt":"V\u00e1lido","vap":"677","pvap":"   9,22"}]}
