{"ele":"426","tpabr":"mu","cdabr":"02615","carper":"11","t":"1","f":"o","dt":"15/11/2020","ht":"21:30:11","dv":"s","tf":"n","v":"1","esae":"n","mnae":"","s":"96","st":"91","pst":"  94,79","snt":"5","psnt":"   5,21","si":"91","psi":"  94,79","sni":"0","psni":"   0,00","sa":"91","psa":" 100,00","sna":"0","psna":"   0,00","e":"34283","ea":"32625","pea":" 100,00","ena":"0","pena":"   0,00","esi":"32625","pesi":"  94,79","esni":"0","pesni":"   0,00","c":"25617","pc":"  78,52","a":"7008","pa":"  21,48","vscv":"0","vnom":"24727","pvnom":" 100,00","vvc":"24727","pvvc":"  96,53","vb":"181","pvb":"   0,70","tvn":"709","ptvn":"   2,77","vn":"709","pvn":" 100,00","vnt":"0","pvnt":"   0,00","vp":"0","pvp":"   0,00","vv":"24727","pvv":" 100,00","van":"0","pvan":"   0,00","vansj":"0","pvansj":"   0,00","tv":"25617","cand":[{"seq":"2","sqcand":"40001155231","n":"22","nm":"ALFREDO ALMEIDA","cc":"PL - PL / PP / PDT / PODE / DC / PRTB / PMN / PSB / PSDB / PSOL / PC do B / AVANTE","nv":"MACELLY VERAS","e":"n","st":"","dvt":"V\u00e1lido","vap":"9820","pvap":"  39,71"},{"seq":"3","sqcand":"40001039451","n":"51","nm":"JUNIOR CB","cc":"PATRIOTA","nv":"SEU NEY","e":"n","st":"","dvt":"V\u00e1lido","vap":"814","pvap":"   3,29"},{"seq":"1","sqcand":"40000658883","n":"20","nm":"JUNIOR LEITE","cc":"PSC - REPUBLICANOS / PT / PTB / MDB / PSL / PSC / CIDADANIA / DEM / PV / PSD / PTC","nv":"MAZZINI","e":"n","st":"","dvt":"V\u00e1lido","vap":"14093","pvap":"  56,99"}]}
