{"ele":"426","tpabr":"mu","cdabr":"02674","carper":"11","t":"1","f":"o","dt":"15/11/2020","ht":"21:05:03","dv":"s","tf":"s","v":"1","esae":"n","mnae":"","s":"37","st":"37","pst":" 100,00","snt":"0","psnt":"   0,00","si":"37","psi":" 100,00","sni":"0","psni":"   0,00","sa":"37","psa":" 100,00","sna":"0","psna":"   0,00","e":"13070","ea":"13070","pea":" 100,00","ena":"0","pena":"   0,00","esi":"13070","pesi":" 100,00","esni":"0","pesni":"   0,00","c":"10338","pc":"  79,10","a":"2732","pa":"  20,90","vscv":"0","vnom":"9937","pvnom":" 100,00","vvc":"9937","pvvc":"  96,12","vb":"57","pvb":"   0,55","tvn":"344","ptvn":"   3,33","vn":"344","pvn":" 100,00","vnt":"0","pvnt":"   0,00","vp":"0","pvp":"   0,00","vv":"9937","pvv":" 100,00","van":"0","pvan":"   0,00","vansj":"0","pvansj":"   0,00","tv":"10338","cand":[{"seq":"2","sqcand":"40000880396","n":"20","nm":"PEIXOTINHO","cc":"PSC - PV / PSC / PRTB","nv":"FRANCINHO PINTO","e":"n","st":"N\u00e3o eleito","dvt":"V\u00e1lido","vap":"3837","pvap":"  38,61"},{"seq":"1","sqcand":"40000849612","n":"45","nm":"JOCIONE SOUZA","cc":"PSDB - PP / MDB / PSDB / DEM","nv":"RAIZ","e":"s","st":"Eleito","dvt":"V\u00e1lido","vap":"5192","pvap":"  52,25"},{"seq":"4","sqcand":"40000849142","n":"23","nm":"VANDERLY REIS","cc":"CIDADANIA - PSOL / CIDADANIA","nv":"SILVA","e":"n","st":"N\u00e3o eleito","dvt":"V\u00e1lido","vap":"420","pvap":"   4,23"},{"seq":"3","sqcand":"40001064453","n":"55","nm":"ARLEY SANTANA","cc":"PSD - REPUBLICANOS / PSB / SOLIDARIEDADE / PSD / PT","nv":"CULEO MAR","e":"n","st":"N\u00e3o eleito","dvt":"V\u00e1lido","vap":"488","pvap":"   4,91"}]}
