{"ele":"426","tpabr":"mu","cdabr":"02712","carper":"11","t":"1","f":"o","dt":"15/11/2020","ht":"21:20:14","dv":"s","tf":"n","v":"1","esae":"n","mnae":"","s":"29","st":"29","pst":" 100,00","snt":"0","psnt":"   0,00","si":"29","psi":" 100,00","sni":"0","psni":"   0,00","sa":"29","psa":" 100,00","sna":"0","psna":"   0,00","e":"10681","ea":"10681","pea":" 100,00","ena":"0","pena":"   0,00","esi":"10681","pesi":" 100,00","esni":"0","pesni":"   0,00","c":"8300","pc":"  77,71","a":"2381","pa":"  22,29","vscv":"0","vnom":"8081","pvnom":" 100,00","vvc":"8081","pvvc":"  97,36","vb":"21","pvb":"   0,25","tvn":"198","ptvn":"   2,39","vn":"198","pvn":" 100,00","vnt":"0","pvnt":"   0,00","vp":"0","pvp":"   0,00","vv":"8081","pvv":" 100,00","van":"0","pvan":"   0,00","vansj":"0","pvansj":"   0,00","tv":"8300","cand":[{"seq":"1","sqcand":"40000632388","n":"55","nm":"RENATO AFONSO","cc":"PSD - PL / PSD / SOLIDARIEDADE","nv":"PAULO DA GASOLINA","e":"n","st":"","dvt":"V\u00e1lido","vap":"4938","pvap":"  61,11"},{"seq":"3","sqcand":"40000831540","n":"40","nm":"PROFESSOR DIDI","cc":"PSB","nv":"PROFESSOR EDMUNDO","e":"n","st":"","dvt":"V\u00e1lido","vap":"77","pvap":"   0,95"},{"seq":"2","sqcand":"40000760971","n":"15","nm":"ELIANA AMORIM","cc":"MDB - REPUBLICANOS / PP / MDB / PC do B","nv":"ANTONIO ARAUJO","e":"n","st":"","dvt":"V\u00e1lido","vap":"3066","pvap":"  37,94"}]}
