{"ele":"426","tpabr":"mu","cdabr":"02755","carper":"11","t":"1","f":"o","dt":"15/11/2020","ht":"22:56:08","dv":"s","tf":"s","v":"1","esae":"n","mnae":"","s":"51","st":"51","pst":" 100,00","snt":"0","psnt":"   0,00","si":"51","psi":" 100,00","sni":"0","psni":"   0,00","sa":"51","psa":" 100,00","sna":"0","psna":"   0,00","e":"17604","ea":"17604","pea":" 100,00","ena":"0","pena":"   0,00","esi":"17604","pesi":" 100,00","esni":"0","pesni":"   0,00","c":"15225","pc":"  86,49","a":"2379","pa":"  13,51","vscv":"0","vnom":"14694","pvnom":" 100,00","vvc":"14694","pvvc":"  96,51","vb":"55","pvb":"   0,36","tvn":"476","ptvn":"   3,13","vn":"476","pvn":" 100,00","vnt":"0","pvnt":"   0,00","vp":"0","pvp":"   0,00","vv":"14694","pvv":" 100,00","van":"0","pvan":"   0,00","vansj":"0","pvansj":"   0,00","tv":"15225","cand":[{"seq":"3","sqcand":"40000848743","n":"20","nm":"Z\u00c9 CARLOS","cc":"PSC - PSC / MDB","nv":"PROFESSOR ISMAEL","e":"n","st":"N\u00e3o eleito","dvt":"V\u00e1lido","vap":"1575","pvap":"  10,72"},{"seq":"1","sqcand":"40000832098","n":"10","nm":"GIBE","cc":"REPUBLICANOS - PSD / REPUBLICANOS / PT","nv":"ANA FERMIN","e":"s","st":"Eleito","dvt":"V\u00e1lido","vap":"7143","pvap":"  48,61"},{"seq":"2","sqcand":"40001159466","n":"11","nm":"PAULO MAFRA","cc":"PP - PP / PL / PSDB","nv":"MAZINHO","e":"n","st":"N\u00e3o eleito","dvt":"V\u00e1lido","vap":"5759","pvap":"  39,19"},{"seq":"4","sqcand":"40001102383","n":"65","nm":"PROFESSORA IVANISE","cc":"PC do B - DEM / PC do B","nv":"ADY LIBERATO FIGUEIREDO","e":"n","st":"N\u00e3o eleito","dvt":"V\u00e1lido","vap":"217","pvap":"   1,48"}]}
