{"ele":"426","tpabr":"mu","cdabr":"02810","carper":"11","t":"1","f":"o","dt":"15/11/2020","ht":"21:11:31","dv":"s","tf":"s","v":"1","esae":"n","mnae":"","s":"118","st":"118","pst":" 100,00","snt":"0","psnt":"   0,00","si":"118","psi":" 100,00","sni":"0","psni":"   0,00","sa":"118","psa":" 100,00","sna":"0","psna":"   0,00","e":"44504","ea":"44504","pea":" 100,00","ena":"0","pena":"   0,00","esi":"44504","pesi":" 100,00","esni":"0","pesni":"   0,00","c":"35075","pc":"  78,81","a":"9429","pa":"  21,19","vscv":"0","vnom":"33963","pvnom":" 100,00","vvc":"33963","pvvc":"  96,83","vb":"205","pvb":"   0,58","tvn":"907","ptvn":"   2,59","vn":"907","pvn":" 100,00","vnt":"0","pvnt":"   0,00","vp":"0","pvp":"   0,00","vv":"33963","pvv":" 100,00","van":"0","pvan":"   0,00","vansj":"0","pvansj":"   0,00","tv":"35075","cand":[{"seq":"3","sqcand":"40000840685","n":"40","nm":"WISEMAN","cc":"PSB - PDT / PSB","nv":"DR. DUARTE MENEZES ","e":"n","st":"N\u00e3o eleito","dvt":"V\u00e1lido","vap":"2236","pvap":"   6,58"},{"seq":"6","sqcand":"40001205286","n":"77","nm":"NORMA PANTOJA","cc":"SOLIDARIEDADE","nv":"PROFESSOR EVERTON","e":"n","st":"N\u00e3o eleito","dvt":"V\u00e1lido","vap":"260","pvap":"   0,77"},{"seq":"2","sqcand":"40001010870","n":"11","nm":"NORMANDO BESSA","cc":"PP - REPUBLICANOS / PP / PT / DEM / PC do B / PSOL","nv":"JEAN ROBSON","e":"n","st":"N\u00e3o eleito","dvt":"V\u00e1lido","vap":"13897","pvap":"  40,92"},{"seq":"5","sqcand":"40001251969","n":"51","nm":"TONINHO PINGUIM","cc":"PATRIOTA","nv":"RAQUEL ALMEIDA","e":"n","st":"N\u00e3o eleito","dvt":"V\u00e1lido","vap":"353","pvap":"   1,04"},{"seq":"1","sqcand":"40001015264","n":"14","nm":"NICSON MARREIRA","cc":"PTB - PTB / MDB / AVANTE / PSC / PSD","nv":"PRETO VELOSO","e":"s","st":"Eleito","dvt":"V\u00e1lido","vap":"16349","pvap":"  48,14"},{"seq":"4","sqcand":"40000953440","n":"17","nm":"PR SINDERLEI","cc":"PSL","nv":"OSNILSON","e":"n","st":"N\u00e3o eleito","dvt":"V\u00e1lido","vap":"730","pvap":"   2,15"},{"seq":"7","sqcand":"40000982484","n":"19","nm":"MANOEL DE SOUZA","cc":"PODE","nv":"ELIAS TRINDADE","e":"n","st":"N\u00e3o eleito","dvt":"V\u00e1lido","vap":"138","pvap":"   0,41"}]}
