{"ele":"426","tpabr":"mu","cdabr":"02836","carper":"11","t":"1","f":"o","dt":"15/11/2020","ht":"21:39:35","dv":"s","tf":"s","v":"1","esae":"n","mnae":"","s":"91","st":"91","pst":" 100,00","snt":"0","psnt":"   0,00","si":"91","psi":" 100,00","sni":"0","psni":"   0,00","sa":"91","psa":" 100,00","sna":"0","psna":"   0,00","e":"31185","ea":"31185","pea":" 100,00","ena":"0","pena":"   0,00","esi":"31185","pesi":" 100,00","esni":"0","pesni":"   0,00","c":"22938","pc":"  73,55","a":"8247","pa":"  26,45","vscv":"0","vnom":"22236","pvnom":" 100,00","vvc":"22236","pvvc":"  96,94","vb":"136","pvb":"   0,59","tvn":"566","ptvn":"   2,47","vn":"566","pvn":" 100,00","vnt":"0","pvnt":"   0,00","vp":"0","pvp":"   0,00","vv":"22236","pvv":" 100,00","van":"0","pvan":"   0,00","vansj":"0","pvansj":"   0,00","tv":"22938","cand":[{"seq":"3","sqcand":"40001001048","n":"20","nm":"EDINHO GON\u00c7ALVES","cc":"PSC - PSL / PSC / PRTB / REPUBLICANOS","nv":"MARGARETE DE PAULA","e":"n","st":"N\u00e3o eleito","dvt":"V\u00e1lido","vap":"2292","pvap":"  10,31"},{"seq":"6","sqcand":"40000852806","n":"77","nm":"PASCOAL","cc":"SOLIDARIEDADE","nv":"IRINEU BANIWA","e":"n","st":"N\u00e3o eleito","dvt":"V\u00e1lido","vap":"496","pvap":"   2,23"},{"seq":"4","sqcand":"40000852726","n":"43","nm":"PROFESSOR GERALDO","cc":"PV - PV / PP","nv":"GENIVALDO AMAZONENSE","e":"n","st":"N\u00e3o eleito","dvt":"V\u00e1lido","vap":"1753","pvap":"   7,88"},{"seq":"1","sqcand":"40000854101","n":"13","nm":"CLOVIS CURUB\u00c3O","cc":"PT - DEM / PATRIOTA / PT / PC do B","nv":"ELIANE FALC\u00c3O","e":"s","st":"Eleito","dvt":"V\u00e1lido","vap":"11197","pvap":"  50,36"},{"seq":"2","sqcand":"40001005080","n":"19","nm":"CLAUDIO PONTES","cc":"PODE - PODE / PSDB / PSD / PL","nv":"PROFESSOR ANACLETO","e":"n","st":"N\u00e3o eleito","dvt":"V\u00e1lido","vap":"6001","pvap":"  26,99"},{"seq":"5","sqcand":"40001192127","n":"27","nm":"ADVOGADO EDNALDO","cc":"DC","nv":"PROFESSOR RONALDO","e":"n","st":"N\u00e3o eleito","dvt":"V\u00e1lido","vap":"497","pvap":"   2,24"}]}
