{"ele":"426","tpabr":"mu","cdabr":"02852","carper":"11","t":"1","f":"o","dt":"15/11/2020","ht":"21:06:34","dv":"s","tf":"s","v":"1","esae":"n","mnae":"","s":"32","st":"32","pst":" 100,00","snt":"0","psnt":"   0,00","si":"32","psi":" 100,00","sni":"0","psni":"   0,00","sa":"32","psa":" 100,00","sna":"0","psna":"   0,00","e":"11723","ea":"11723","pea":" 100,00","ena":"0","pena":"   0,00","esi":"11723","pesi":" 100,00","esni":"0","pesni":"   0,00","c":"9779","pc":"  83,42","a":"1944","pa":"  16,58","vscv":"0","vnom":"9561","pvnom":" 100,00","vvc":"9561","pvvc":"  97,77","vb":"36","pvb":"   0,37","tvn":"182","ptvn":"   1,86","vn":"182","pvn":" 100,00","vnt":"0","pvnt":"   0,00","vp":"0","pvp":"   0,00","vv":"9561","pvv":" 100,00","van":"0","pvan":"   0,00","vansj":"0","pvansj":"   0,00","tv":"9779","cand":[{"seq":"2","sqcand":"40001113590","n":"20","nm":"ULISSES GUIMAR\u00c3ES","cc":"PSC - REPUBLICANOS / PP / PSC / PSB","nv":"NORM\u00c9LIA SERR\u00c3O","e":"n","st":"N\u00e3o eleito","dvt":"V\u00e1lido","vap":"3524","pvap":"  36,86"},{"seq":"1","sqcand":"40000927786","n":"15","nm":"ENRICO FALABELLA","cc":"MDB - MDB / PSL / PT / PRTB / SOLIDARIEDADE","nv":"ANA TEREZA","e":"s","st":"Eleito","dvt":"V\u00e1lido","vap":"5799","pvap":"  60,65"},{"seq":"5","sqcand":"40000927977","n":"51","nm":"J\u00d4 ALVES","cc":"PATRIOTA","nv":"PROF FELIPE PAES","e":"n","st":"N\u00e3o eleito","dvt":"V\u00e1lido","vap":"39","pvap":"   0,41"},{"seq":"4","sqcand":"40000743431","n":"19","nm":"MAJOR FONSECA PAES","cc":"PODE","nv":"ELIZEU GON\u00c7ALVES","e":"n","st":"N\u00e3o eleito","dvt":"V\u00e1lido","vap":"74","pvap":"   0,77"},{"seq":"3","sqcand":"40000976676","n":"14","nm":"DLEA GOMES","cc":"PTB","nv":"PR JOS\u00c9 RAMOS","e":"n","st":"N\u00e3o eleito","dvt":"V\u00e1lido","vap":"125","pvap":"   1,31"}]}
