{"ele":"426","tpabr":"mu","cdabr":"02879","carper":"11","t":"1","f":"o","dt":"15/11/2020","ht":"21:33:13","dv":"s","tf":"s","v":"1","esae":"n","mnae":"","s":"35","st":"35","pst":" 100,00","snt":"0","psnt":"   0,00","si":"35","psi":" 100,00","sni":"0","psni":"   0,00","sa":"35","psa":" 100,00","sna":"0","psna":"   0,00","e":"12592","ea":"12592","pea":" 100,00","ena":"0","pena":"   0,00","esi":"12592","pesi":" 100,00","esni":"0","pesni":"   0,00","c":"10491","pc":"  83,31","a":"2101","pa":"  16,69","vscv":"0","vnom":"10197","pvnom":" 100,00","vvc":"10197","pvvc":"  97,20","vb":"50","pvb":"   0,47","tvn":"244","ptvn":"   2,33","vn":"244","pvn":" 100,00","vnt":"0","pvnt":"   0,00","vp":"0","pvp":"   0,00","vv":"10197","pvv":" 100,00","van":"0","pvan":"   0,00","vansj":"0","pvansj":"   0,00","tv":"10491","cand":[{"seq":"1","sqcand":"40000882127","n":"13","nm":"SABUGO","cc":"PT - AVANTE / PC do B / PP / PT / REPUBLICANOS / MDB / PSL / PSD / DEM / PDT / CIDADANIA / SOLIDARIEDADE","nv":"LEONCIO TUNDIS","e":"s","st":"Eleito","dvt":"V\u00e1lido","vap":"8181","pvap":"  80,23"},{"seq":"3","sqcand":"40000947289","n":"19","nm":"RANULFO","cc":"PODE - PODE / PATRIOTA","nv":"ZEZINHO","e":"n","st":"N\u00e3o eleito","dvt":"V\u00e1lido","vap":"993","pvap":"   9,74"},{"seq":"2","sqcand":"40000786478","n":"14","nm":"MARIO MELO","cc":"PTB - PTB / PSC / PSB","nv":"SANDRA LUCENA","e":"n","st":"N\u00e3o eleito","dvt":"V\u00e1lido","vap":"1023","pvap":"  10,03"}]}
