{"ele":"426","tpabr":"mu","cdabr":"02917","carper":"11","t":"1","f":"o","dt":"15/11/2020","ht":"21:13:49","dv":"s","tf":"s","v":"1","esae":"n","mnae":"","s":"20","st":"20","pst":" 100,00","snt":"0","psnt":"   0,00","si":"20","psi":" 100,00","sni":"0","psni":"   0,00","sa":"20","psa":" 100,00","sna":"0","psna":"   0,00","e":"6432","ea":"6432","pea":" 100,00","ena":"0","pena":"   0,00","esi":"6432","pesi":" 100,00","esni":"0","pesni":"   0,00","c":"5559","pc":"  86,43","a":"873","pa":"  13,57","vscv":"0","vnom":"5156","pvnom":" 100,00","vvc":"5342","pvvc":"  96,10","vb":"27","pvb":"   0,48","tvn":"190","ptvn":"   3,42","vn":"190","pvn":" 100,00","vnt":"0","pvnt":"   0,00","vp":"0","pvp":"   0,00","vv":"5156","pvv":"  96,52","van":"0","pvan":"   0,00","vansj":"186","pvansj":"   3,48","tv":"5559","cand":[{"seq":"4","sqcand":"40000676410","n":"13","nm":"JOAO BRAGA","cc":"PT","nv":"ELIZANGELA DOS SANTOS","e":"n","st":"N\u00e3o eleito","dvt":"Anulado sub judice","vap":"186","pvap":"   3,48"},{"seq":"1","sqcand":"40001159337","n":"90","nm":"ZEZINHO EUFRASIO","cc":"PROS - AVANTE / PROS","nv":"EVANDRO LOPES","e":"s","st":"Eleito","dvt":"V\u00e1lido","vap":"1935","pvap":"  36,22"},{"seq":"2","sqcand":"40000755892","n":"15","nm":"CORADO","cc":"MDB - MDB / PP / REPUBLICANOS / CIDADANIA / PSDB / SOLIDARIEDADE","nv":"NAZARE","e":"n","st":"N\u00e3o eleito","dvt":"V\u00e1lido","vap":"1784","pvap":"  33,40"},{"seq":"3","sqcand":"40001160061","n":"20","nm":"DR  BRUNO","cc":"PSC - PSD / PTB / PV / PSC","nv":"GIL E SILVA SARAIVA","e":"n","st":"N\u00e3o eleito","dvt":"V\u00e1lido","vap":"1437","pvap":"  26,90"}]}
