{"ele":"426","tpabr":"mu","cdabr":"02950","carper":"11","t":"1","f":"o","dt":"15/11/2020","ht":"21:18:10","dv":"s","tf":"s","v":"1","esae":"n","mnae":"","s":"34","st":"34","pst":" 100,00","snt":"0","psnt":"   0,00","si":"34","psi":" 100,00","sni":"0","psni":"   0,00","sa":"34","psa":" 100,00","sna":"0","psna":"   0,00","e":"12916","ea":"12916","pea":" 100,00","ena":"0","pena":"   0,00","esi":"12916","pesi":" 100,00","esni":"0","pesni":"   0,00","c":"10995","pc":"  85,13","a":"1921","pa":"  14,87","vscv":"0","vnom":"10713","pvnom":" 100,00","vvc":"10713","pvvc":"  97,44","vb":"40","pvb":"   0,36","tvn":"242","ptvn":"   2,20","vn":"242","pvn":" 100,00","vnt":"0","pvnt":"   0,00","vp":"0","pvp":"   0,00","vv":"10713","pvv":" 100,00","van":"0","pvan":"   0,00","vansj":"0","pvansj":"   0,00","tv":"10995","cand":[{"seq":"2","sqcand":"40000693136","n":"10","nm":"JOAO AMARO","cc":"REPUBLICANOS - REPUBLICANOS / PROS","nv":"JAFE","e":"n","st":"N\u00e3o eleito","dvt":"V\u00e1lido","vap":"2562","pvap":"  23,91"},{"seq":"1","sqcand":"40000873027","n":"15","nm":"DONA MARIA","cc":"MDB - MDB / PP / AVANTE","nv":"LANDINHO","e":"s","st":"Eleito","dvt":"V\u00e1lido","vap":"4257","pvap":"  39,74"},{"seq":"4","sqcand":"40000831003","n":"55","nm":"DEMIS","cc":"PSD - PSD / PSC","nv":"EMERSON MELO","e":"n","st":"N\u00e3o eleito","dvt":"V\u00e1lido","vap":"1469","pvap":"  13,71"},{"seq":"6","sqcand":"40000978910","n":"23","nm":"VILA MAFRA","cc":"CIDADANIA - PDT / CIDADANIA","nv":"FERREIRINHA","e":"n","st":"N\u00e3o eleito","dvt":"V\u00e1lido","vap":"222","pvap":"   2,07"},{"seq":"5","sqcand":"40000742724","n":"17","nm":"ABMAEL SANTANA","cc":"PSL - PSL / PODE","nv":"NEGO","e":"n","st":"N\u00e3o eleito","dvt":"V\u00e1lido","vap":"341","pvap":"   3,18"},{"seq":"3","sqcand":"40001107047","n":"25","nm":"MANUEL SID\u00d4","cc":"DEM - PMB / DEM","nv":"REJANE MORAES","e":"n","st":"N\u00e3o eleito","dvt":"V\u00e1lido","vap":"1698","pvap":"  15,85"},{"seq":"8","sqcand":"40000763420","n":"27","nm":"PR ROMERIO","cc":"DC","nv":"PR DUVALE","e":"n","st":"N\u00e3o eleito","dvt":"V\u00e1lido","vap":"70","pvap":"   0,65"},{"seq":"7","sqcand":"40000828096","n":"51","nm":"DR FRANK","cc":"PATRIOTA","nv":"DOMINGOS","e":"n","st":"N\u00e3o eleito","dvt":"V\u00e1lido","vap":"94","pvap":"   0,88"}]}
