{"ele":"426","tpabr":"mu","cdabr":"02976","carper":"11","t":"1","f":"o","dt":"15/11/2020","ht":"22:10:58","dv":"s","tf":"n","v":"1","esae":"n","mnae":"","s":"33","st":"33","pst":" 100,00","snt":"0","psnt":"   0,00","si":"33","psi":" 100,00","sni":"0","psni":"   0,00","sa":"33","psa":" 100,00","sna":"0","psna":"   0,00","e":"11667","ea":"11667","pea":" 100,00","ena":"0","pena":"   0,00","esi":"11667","pesi":" 100,00","esni":"0","pesni":"   0,00","c":"9795","pc":"  83,95","a":"1872","pa":"  16,05","vscv":"0","vnom":"9591","pvnom":" 100,00","vvc":"9591","pvvc":"  97,92","vb":"26","pvb":"   0,26","tvn":"178","ptvn":"   1,82","vn":"178","pvn":" 100,00","vnt":"0","pvnt":"   0,00","vp":"0","pvp":"   0,00","vv":"9591","pvv":" 100,00","van":"0","pvan":"   0,00","vansj":"0","pvansj":"   0,00","tv":"9795","cand":[{"seq":"1","sqcand":"40001092087","n":"20","nm":"ERALDO CB","cc":"PSC - REPUBLICANOS / PP / PSC / PL / MDB / PSDB","nv":"JUNIOR ANDRADE","e":"n","st":"","dvt":"V\u00e1lido","vap":"5322","pvap":"  55,49"},{"seq":"2","sqcand":"40001155227","n":"55","nm":"DR ALEXANDRE","cc":"PSD - PSD / PTB / PODE / AVANTE / PATRIOTA","nv":"MARIETA TRINDADE","e":"n","st":"","dvt":"V\u00e1lido","vap":"4269","pvap":"  44,51"}]}
