{"ele":"426","tpabr":"mu","cdabr":"02992","carper":"11","t":"1","f":"o","dt":"15/11/2020","ht":"21:15:58","dv":"s","tf":"s","v":"1","esae":"n","mnae":"","s":"24","st":"24","pst":" 100,00","snt":"0","psnt":"   0,00","si":"24","psi":" 100,00","sni":"0","psni":"   0,00","sa":"24","psa":" 100,00","sna":"0","psna":"   0,00","e":"8966","ea":"8966","pea":" 100,00","ena":"0","pena":"   0,00","esi":"8966","pesi":" 100,00","esni":"0","pesni":"   0,00","c":"7473","pc":"  83,35","a":"1493","pa":"  16,65","vscv":"0","vnom":"7297","pvnom":" 100,00","vvc":"7297","pvvc":"  97,64","vb":"29","pvb":"   0,39","tvn":"147","ptvn":"   1,97","vn":"147","pvn":" 100,00","vnt":"0","pvnt":"   0,00","vp":"0","pvp":"   0,00","vv":"7297","pvv":" 100,00","van":"0","pvan":"   0,00","vansj":"0","pvansj":"   0,00","tv":"7473","cand":[{"seq":"1","sqcand":"40001075286","n":"20","nm":"TICO BRAZ","cc":"PSC - PSC / PT / MDB / PTB / PROS","nv":"RAIMUNDO MARTINS","e":"s","st":"Eleito","dvt":"V\u00e1lido","vap":"4752","pvap":"  65,12"},{"seq":"2","sqcand":"40001127298","n":"11","nm":"ZILMAR SALES","cc":"PP - PP / PSD / REPUBLICANOS","nv":"JOSUE GOMES","e":"n","st":"N\u00e3o eleito","dvt":"V\u00e1lido","vap":"2545","pvap":"  34,88"}]}
