{"ele":"426","tpabr":"mu","cdabr":"03026","carper":"11","t":"1","f":"o","dt":"15/11/2020","ht":"21:13:50","dv":"s","tf":"s","v":"1","esae":"n","mnae":"","s":"19","st":"19","pst":" 100,00","snt":"0","psnt":"   0,00","si":"19","psi":" 100,00","sni":"0","psni":"   0,00","sa":"19","psa":" 100,00","sna":"0","psna":"   0,00","e":"5328","ea":"5328","pea":" 100,00","ena":"0","pena":"   0,00","esi":"5328","pesi":" 100,00","esni":"0","pesni":"   0,00","c":"4500","pc":"  84,46","a":"828","pa":"  15,54","vscv":"0","vnom":"4208","pvnom":" 100,00","vvc":"4208","pvvc":"  93,51","vb":"90","pvb":"   2,00","tvn":"202","ptvn":"   4,49","vn":"193","pvn":"  95,54","vnt":"9","pvnt":"   4,46","vp":"0","pvp":"   0,00","vv":"4208","pvv":" 100,00","van":"0","pvan":"   0,00","vansj":"0","pvansj":"   0,00","tv":"4500","cand":[{"seq":"1","sqcand":"230000673967","n":"15","nm":"JAIRO RIBEIRO","cc":"MDB - REPUBLICANOS / SOLIDARIEDADE / PP / MDB","nv":"KIKO","e":"s","st":"Eleito","dvt":"V\u00e1lido","vap":"2943","pvap":"  69,94"},{"seq":"2","sqcand":"230000735987","n":"90","nm":"JALA DA VAN","cc":"PROS - PROS / PATRIOTA","nv":"VALDIR SOTHE","e":"n","st":"N\u00e3o eleito","dvt":"V\u00e1lido","vap":"1265","pvap":"  30,06"}]}
