{"ele":"426","tpabr":"mu","cdabr":"03069","carper":"11","t":"1","f":"o","dt":"15/11/2020","ht":"21:11:29","dv":"s","tf":"s","v":"1","esae":"n","mnae":"","s":"49","st":"49","pst":" 100,00","snt":"0","psnt":"   0,00","si":"49","psi":" 100,00","sni":"0","psni":"   0,00","sa":"49","psa":" 100,00","sna":"0","psna":"   0,00","e":"12894","ea":"12894","pea":" 100,00","ena":"0","pena":"   0,00","esi":"12894","pesi":" 100,00","esni":"0","pesni":"   0,00","c":"10768","pc":"  83,51","a":"2126","pa":"  16,49","vscv":"0","vnom":"10349","pvnom":" 100,00","vvc":"10349","pvvc":"  96,11","vb":"94","pvb":"   0,87","tvn":"325","ptvn":"   3,02","vn":"325","pvn":" 100,00","vnt":"0","pvnt":"   0,00","vp":"0","pvp":"   0,00","vv":"10349","pvv":" 100,00","van":"0","pvan":"   0,00","vansj":"0","pvansj":"   0,00","tv":"10768","cand":[{"seq":"1","sqcand":"230000726689","n":"11","nm":"ANDR\u00c9 CASTRO","cc":"PP - PP / MDB / CIDADANIA / PATRIOTA / PSDB","nv":"ANGELO DO CANT\u00c1","e":"s","st":"Eleito","dvt":"V\u00e1lido","vap":"5508","pvap":"  53,22"},{"seq":"3","sqcand":"230000766430","n":"77","nm":"JO\u00c3O DO TRIGO","cc":"SOLIDARIEDADE - PTB / SOLIDARIEDADE / PSB","nv":"RENATO CARVALHO","e":"n","st":"N\u00e3o eleito","dvt":"V\u00e1lido","vap":"1379","pvap":"  13,32"},{"seq":"2","sqcand":"230000840287","n":"90","nm":"CARLOS BARBUDO","cc":"PROS - PC do B / PROS / AVANTE / PODE / REDE","nv":"PASTOR GILL ROCHA","e":"n","st":"N\u00e3o eleito","dvt":"V\u00e1lido","vap":"3171","pvap":"  30,64"},{"seq":"4","sqcand":"230000765651","n":"55","nm":"JOVENAL MACIEL","cc":"PSD - PSC / PSD","nv":"M\u00c1RIO C\u00c9SAR","e":"n","st":"N\u00e3o eleito","dvt":"V\u00e1lido","vap":"291","pvap":"   2,81"}]}
