{"ele":"426","tpabr":"mu","cdabr":"03077","carper":"11","t":"1","f":"o","dt":"15/11/2020","ht":"21:13:23","dv":"s","tf":"s","v":"1","esae":"n","mnae":"","s":"39","st":"39","pst":" 100,00","snt":"0","psnt":"   0,00","si":"39","psi":" 100,00","sni":"0","psni":"   0,00","sa":"39","psa":" 100,00","sna":"0","psna":"   0,00","e":"9665","ea":"9665","pea":" 100,00","ena":"0","pena":"   0,00","esi":"9665","pesi":" 100,00","esni":"0","pesni":"   0,00","c":"8211","pc":"  84,96","a":"1454","pa":"  15,04","vscv":"0","vnom":"7305","pvnom":" 100,00","vvc":"7872","pvvc":"  95,87","vb":"74","pvb":"   0,90","tvn":"265","ptvn":"   3,23","vn":"265","pvn":" 100,00","vnt":"0","pvnt":"   0,00","vp":"0","pvp":"   0,00","vv":"7305","pvv":"  92,80","van":"0","pvan":"   0,00","vansj":"567","pvansj":"   7,20","tv":"8211","cand":[{"seq":"1","sqcand":"230000634942","n":"10","nm":"JONER CHAGAS","cc":"REPUBLICANOS - REPUBLICANOS / REDE / PL / CIDADANIA / PROS / PRTB","nv":"MARIO NICACIO","e":"s","st":"Eleito","dvt":"V\u00e1lido","vap":"5261","pvap":"  66,83"},{"seq":"4","sqcand":"230000655144","n":"43","nm":"MAQUILES MOTA","cc":"PV","nv":"IRM\u00c3 SOL FIEL","e":"n","st":"N\u00e3o eleito","dvt":"V\u00e1lido","vap":"404","pvap":"   5,13"},{"seq":"2","sqcand":"230000726897","n":"40","nm":"DARLENE TIRIRICA","cc":"PSB - PSB / PSC / PSD","nv":"JORGE VILENA","e":"n","st":"N\u00e3o eleito","dvt":"V\u00e1lido","vap":"1640","pvap":"  20,83"},{"seq":"3","sqcand":"230000667757","n":"12","nm":"NANDO MACEDO","cc":"PDT","nv":"DR RONILDO BEZERRA","e":"n","st":"N\u00e3o eleito","dvt":"Anulado sub judice","vap":"567","pvap":"   7,20"}]}
