{"ele":"426","tpabr":"mu","cdabr":"03093","carper":"11","t":"1","f":"o","dt":"15/11/2020","ht":"21:14:42","dv":"s","tf":"s","v":"1","esae":"n","mnae":"","s":"42","st":"42","pst":" 100,00","snt":"0","psnt":"   0,00","si":"42","psi":" 100,00","sni":"0","psni":"   0,00","sa":"42","psa":" 100,00","sna":"0","psna":"   0,00","e":"11929","ea":"11929","pea":" 100,00","ena":"0","pena":"   0,00","esi":"11929","pesi":" 100,00","esni":"0","pesni":"   0,00","c":"9968","pc":"  83,56","a":"1961","pa":"  16,44","vscv":"0","vnom":"9579","pvnom":" 100,00","vvc":"9579","pvvc":"  96,10","vb":"110","pvb":"   1,10","tvn":"279","ptvn":"   2,80","vn":"279","pvn":" 100,00","vnt":"0","pvnt":"   0,00","vp":"0","pvp":"   0,00","vv":"9579","pvv":" 100,00","van":"0","pvan":"   0,00","vansj":"0","pvansj":"   0,00","tv":"9968","cand":[{"seq":"3","sqcand":"230000673931","n":"43","nm":"CLAUDIO DINIZ","cc":"PV","nv":"CARLOTA","e":"n","st":"N\u00e3o eleito","dvt":"V\u00e1lido","vap":"103","pvap":"   1,08"},{"seq":"2","sqcand":"230000781324","n":"10","nm":"COCADA","cc":"REPUBLICANOS - PROS / PSDB / REPUBLICANOS","nv":"EDSON DA EUCATUR","e":"n","st":"N\u00e3o eleito","dvt":"V\u00e1lido","vap":"4071","pvap":"  42,50"},{"seq":"1","sqcand":"230000646227","n":"22","nm":"DONA NEGA","cc":"PL - SOLIDARIEDADE / CIDADANIA / MDB / PL","nv":"KEKEU","e":"s","st":"Eleito","dvt":"V\u00e1lido","vap":"5405","pvap":"  56,43"}]}
