{"ele":"426","tpabr":"mu","cdabr":"03123","carper":"11","t":"1","f":"o","dt":"15/11/2020","ht":"21:22:20","dv":"s","tf":"s","v":"1","esae":"n","mnae":"","s":"33","st":"33","pst":" 100,00","snt":"0","psnt":"   0,00","si":"33","psi":" 100,00","sni":"0","psni":"   0,00","sa":"33","psa":" 100,00","sna":"0","psna":"   0,00","e":"8133","ea":"8133","pea":" 100,00","ena":"0","pena":"   0,00","esi":"8133","pesi":" 100,00","esni":"0","pesni":"   0,00","c":"6316","pc":"  77,66","a":"1817","pa":"  22,34","vscv":"0","vnom":"6085","pvnom":" 100,00","vvc":"6085","pvvc":"  96,34","vb":"75","pvb":"   1,19","tvn":"156","ptvn":"   2,47","vn":"156","pvn":" 100,00","vnt":"0","pvnt":"   0,00","vp":"0","pvp":"   0,00","vv":"6085","pvv":" 100,00","van":"0","pvan":"   0,00","vansj":"0","pvansj":"   0,00","tv":"6316","cand":[{"seq":"3","sqcand":"230001217795","n":"90","nm":"ALTEMIR CAMPOS","cc":"PROS","nv":"JORD\u00c3O DO CONT\u00c3O","e":"n","st":"N\u00e3o eleito","dvt":"V\u00e1lido","vap":"585","pvap":"   9,61"},{"seq":"1","sqcand":"230000975698","n":"10","nm":"JULIANO TORQUATO","cc":"REPUBLICANOS - REPUBLICANOS / CIDADANIA / PV / PSDB / SOLIDARIEDADE","nv":"SIMEAO PEIXOTO","e":"s","st":"Eleito","dvt":"V\u00e1lido","vap":"2959","pvap":"  48,63"},{"seq":"2","sqcand":"230000657676","n":"28","nm":"WALDERY DAVILA","cc":"PRTB - PRTB / PDT / REDE","nv":"GABRIEL PEIXOTO","e":"n","st":"N\u00e3o eleito","dvt":"V\u00e1lido","vap":"2541","pvap":"  41,76"}]}
