{"ele":"426","tpabr":"mu","cdabr":"04014","carper":"11","t":"1","f":"o","dt":"15/11/2020","ht":"22:17:43","dv":"s","tf":"s","v":"1","esae":"n","mnae":"","s":"346","st":"346","pst":" 100,00","snt":"0","psnt":"   0,00","si":"346","psi":" 100,00","sni":"0","psni":"   0,00","sa":"346","psa":" 100,00","sna":"0","psna":"   0,00","e":"113661","ea":"113661","pea":" 100,00","ena":"0","pena":"   0,00","esi":"113661","pesi":" 100,00","esni":"0","pesni":"   0,00","c":"95032","pc":"  83,61","a":"18629","pa":"  16,39","vscv":"0","vnom":"91313","pvnom":" 100,00","vvc":"91313","pvvc":"  96,09","vb":"1095","pvb":"   1,15","tvn":"2624","ptvn":"   2,76","vn":"2624","pvn":" 100,00","vnt":"0","pvnt":"   0,00","vp":"0","pvp":"   0,00","vv":"91313","pvv":" 100,00","van":"0","pvan":"   0,00","vansj":"0","pvansj":"   0,00","tv":"95032","cand":[{"seq":"3","sqcand":"140000843932","n":"10","nm":"PEDRO HENRIQUE","cc":"REPUBLICANOS - PSB / PATRIOTA / REPUBLICANOS / PODE / AVANTE / CIDADANIA / PMB / PROS","nv":"SARGENTO DHONY","e":"n","st":"N\u00e3o eleito","dvt":"V\u00e1lido","vap":"17683","pvap":"  19,37"},{"seq":"5","sqcand":"140001040663","n":"14","nm":"ADAMOR BITENCOURT","cc":"PTB - PTB / PSL","nv":"MILENA POMPEU","e":"n","st":"N\u00e3o eleito","dvt":"V\u00e1lido","vap":"12867","pvap":"  14,09"},{"seq":"1","sqcand":"140000880315","n":"45","nm":"FRANCINETI CARVALHO","cc":"PSDB - PSDB / SOLIDARIEDADE","nv":"GITO","e":"s","st":"Eleito","dvt":"V\u00e1lido","vap":"26153","pvap":"  28,64"},{"seq":"4","sqcand":"140000881183","n":"12","nm":"EVERSON CARLOS","cc":"PDT - PT / PDT / PSOL","nv":"FAUSTO DO PT ","e":"n","st":"N\u00e3o eleito","dvt":"V\u00e1lido","vap":"13995","pvap":"  15,33"},{"seq":"2","sqcand":"140001227096","n":"15","nm":"CHITA","cc":"MDB - PSD / PL / DEM / MDB / PSC / PV","nv":"JANDIRA CORREA","e":"n","st":"N\u00e3o eleito","dvt":"V\u00e1lido","vap":"20615","pvap":"  22,58"}]}
