{"ele":"426","tpabr":"mu","cdabr":"04022","carper":"11","t":"1","f":"o","dt":"15/11/2020","ht":"22:22:35","dv":"s","tf":"s","v":"1","esae":"n","mnae":"","s":"159","st":"159","pst":" 100,00","snt":"0","psnt":"   0,00","si":"159","psi":" 100,00","sni":"0","psni":"   0,00","sa":"159","psa":" 100,00","sna":"0","psna":"   0,00","e":"51187","ea":"51187","pea":" 100,00","ena":"0","pena":"   0,00","esi":"51187","pesi":" 100,00","esni":"0","pesni":"   0,00","c":"40500","pc":"  79,12","a":"10687","pa":"  20,88","vscv":"0","vnom":"38600","pvnom":" 100,00","vvc":"38600","pvvc":"  95,31","vb":"381","pvb":"   0,94","tvn":"1519","ptvn":"   3,75","vn":"1519","pvn":" 100,00","vnt":"0","pvnt":"   0,00","vp":"0","pvp":"   0,00","vv":"38600","pvv":" 100,00","van":"0","pvan":"   0,00","vansj":"0","pvansj":"   0,00","tv":"40500","cand":[{"seq":"1","sqcand":"140001219123","n":"15","nm":"MACARR\u00c3O","cc":"MDB - MDB / PDT / PODE / PT / PC do B","nv":"REGINA G\u00d3ES","e":"s","st":"Eleito","dvt":"V\u00e1lido","vap":"22031","pvap":"  57,08"},{"seq":"2","sqcand":"140001214966","n":"22","nm":"ALEM\u00c3O","cc":"PL - PROS / PSB / PL / SOLIDARIEDADE / REPUBLICANOS / PSDB","nv":"JAKELINE NETO","e":"n","st":"N\u00e3o eleito","dvt":"V\u00e1lido","vap":"16569","pvap":"  42,92"}]}
