{"ele":"426","tpabr":"mu","cdabr":"04049","carper":"11","t":"1","f":"o","dt":"15/11/2020","ht":"22:22:46","dv":"s","tf":"s","v":"1","esae":"n","mnae":"","s":"37","st":"37","pst":" 100,00","snt":"0","psnt":"   0,00","si":"37","psi":" 100,00","sni":"0","psni":"   0,00","sa":"37","psa":" 100,00","sna":"0","psna":"   0,00","e":"9952","ea":"9952","pea":" 100,00","ena":"0","pena":"   0,00","esi":"9952","pesi":" 100,00","esni":"0","pesni":"   0,00","c":"8538","pc":"  85,79","a":"1414","pa":"  14,21","vscv":"0","vnom":"8074","pvnom":" 100,00","vvc":"8074","pvvc":"  94,57","vb":"75","pvb":"   0,87","tvn":"389","ptvn":"   4,56","vn":"389","pvn":" 100,00","vnt":"0","pvnt":"   0,00","vp":"0","pvp":"   0,00","vv":"8074","pvv":" 100,00","van":"0","pvan":"   0,00","vansj":"0","pvansj":"   0,00","tv":"8538","cand":[{"seq":"1","sqcand":"140000645397","n":"20","nm":"JO\u00c3OZINHO ROCHA","cc":"PSC - MDB / PSC / CIDADANIA / PSB","nv":"JEILSON REIS","e":"s","st":"Eleito","dvt":"V\u00e1lido","vap":"5887","pvap":"  72,91"},{"seq":"2","sqcand":"140000740206","n":"13","nm":"DR SIDNEY","cc":"PT - PT / PDT / PC do B","nv":"IVAN\u00caS RIBEIRO","e":"n","st":"N\u00e3o eleito","dvt":"V\u00e1lido","vap":"2187","pvap":"  27,09"}]}
