{"ele":"426","tpabr":"mu","cdabr":"04081","carper":"11","t":"1","f":"o","dt":"15/11/2020","ht":"22:09:52","dv":"s","tf":"s","v":"1","esae":"n","mnae":"","s":"84","st":"84","pst":" 100,00","snt":"0","psnt":"   0,00","si":"84","psi":" 100,00","sni":"0","psni":"   0,00","sa":"84","psa":" 100,00","sna":"0","psna":"   0,00","e":"27669","ea":"27669","pea":" 100,00","ena":"0","pena":"   0,00","esi":"27669","pesi":" 100,00","esni":"0","pesni":"   0,00","c":"20517","pc":"  74,15","a":"7152","pa":"  25,85","vscv":"0","vnom":"19807","pvnom":" 100,00","vvc":"19807","pvvc":"  96,54","vb":"222","pvb":"   1,08","tvn":"488","ptvn":"   2,38","vn":"488","pvn":" 100,00","vnt":"0","pvnt":"   0,00","vp":"0","pvp":"   0,00","vv":"19807","pvv":" 100,00","van":"0","pvan":"   0,00","vansj":"0","pvansj":"   0,00","tv":"20517","cand":[{"seq":"4","sqcand":"140000791817","n":"12","nm":"CESAR MENDON\u00c7A","cc":"PDT - PDT / PL","nv":"CARL\u00c3O DO JK","e":"n","st":"N\u00e3o eleito","dvt":"V\u00e1lido","vap":"2170","pvap":"  10,96"},{"seq":"3","sqcand":"140001027203","n":"15","nm":"CHICO DO AZOUGUE","cc":"MDB - MDB / PTB","nv":"RAPHAEL ANT\u00d4NIO","e":"n","st":"N\u00e3o eleito","dvt":"V\u00e1lido","vap":"4081","pvap":"  20,60"},{"seq":"1","sqcand":"140001110312","n":"45","nm":"DR CELSO","cc":"PSDB - PSDB / PSD","nv":"DR WANDERLEY","e":"s","st":"Eleito","dvt":"V\u00e1lido","vap":"5937","pvap":"  29,97"},{"seq":"7","sqcand":"140000992084","n":"17","nm":"CARLINHOS GONTIJO","cc":"PSL","nv":"MARCOS PYLES","e":"n","st":"N\u00e3o eleito","dvt":"V\u00e1lido","vap":"372","pvap":"   1,88"},{"seq":"6","sqcand":"140001064352","n":"20","nm":"PASTOR ALEX","cc":"PSC","nv":"DONA NELMA","e":"n","st":"N\u00e3o eleito","dvt":"V\u00e1lido","vap":"1093","pvap":"   5,52"},{"seq":"8","sqcand":"140000741469","n":"51","nm":"JEAN DA TROPICAL","cc":"PATRIOTA - PATRIOTA / SOLIDARIEDADE","nv":"GELSON GN","e":"n","st":"N\u00e3o eleito","dvt":"V\u00e1lido","vap":"313","pvap":"   1,58"},{"seq":"2","sqcand":"140001027395","n":"25","nm":"DR. MIGUEL","cc":"DEM - DEM / PP / PSB","nv":"JOEL DA P. 14","e":"n","st":"N\u00e3o eleito","dvt":"V\u00e1lido","vap":"4094","pvap":"  20,67"},{"seq":"5","sqcand":"140000759777","n":"10","nm":"JUNIOR BEZERRA","cc":"REPUBLICANOS - REPUBLICANOS / AVANTE","nv":"JULINHO O REI DAS BICICLETAS","e":"n","st":"N\u00e3o eleito","dvt":"V\u00e1lido","vap":"1747","pvap":"   8,82"}]}
