{"ele":"426","tpabr":"mu","cdabr":"04103","carper":"11","t":"1","f":"o","dt":"15/11/2020","ht":"22:34:55","dv":"s","tf":"s","v":"1","esae":"n","mnae":"","s":"82","st":"82","pst":" 100,00","snt":"0","psnt":"   0,00","si":"82","psi":" 100,00","sni":"0","psni":"   0,00","sa":"82","psa":" 100,00","sna":"0","psna":"   0,00","e":"25688","ea":"25688","pea":" 100,00","ena":"0","pena":"   0,00","esi":"25688","pesi":" 100,00","esni":"0","pesni":"   0,00","c":"19827","pc":"  77,18","a":"5861","pa":"  22,82","vscv":"0","vnom":"18858","pvnom":" 100,00","vvc":"18858","pvvc":"  95,11","vb":"252","pvb":"   1,27","tvn":"717","ptvn":"   3,62","vn":"703","pvn":"  98,05","vnt":"14","pvnt":"   1,95","vp":"0","pvp":"   0,00","vv":"18858","pvv":" 100,00","van":"0","pvan":"   0,00","vansj":"0","pvansj":"   0,00","tv":"19827","cand":[{"seq":"4","sqcand":"140001039438","n":"12","nm":"NATAN","cc":"PDT - SOLIDARIEDADE / PDT / PV","nv":"WALTER LUZ","e":"n","st":"N\u00e3o eleito","dvt":"V\u00e1lido","vap":"738","pvap":"   3,91"},{"seq":"5","sqcand":"140000756266","n":"51","nm":"ENOK","cc":"PATRIOTA - PTC / PATRIOTA","nv":"CARLINHOS RUFINO","e":"n","st":"N\u00e3o eleito","dvt":"V\u00e1lido","vap":"516","pvap":"   2,74"},{"seq":"1","sqcand":"140000926312","n":"15","nm":"DOIDO RABELO","cc":"MDB - REPUBLICANOS / DEM / MDB / PSDB / PODE","nv":"DONA L\u00c9IA","e":"s","st":"Eleito","dvt":"V\u00e1lido","vap":"10625","pvap":"  56,34"},{"seq":"6","sqcand":"140000933353","n":"28","nm":"NILTON ARANHA","cc":"PRTB","nv":"OSVALDO CONTADOR","e":"n","st":"N\u00e3o eleito","dvt":"V\u00e1lido","vap":"236","pvap":"   1,25"},{"seq":"2","sqcand":"140000731376","n":"13","nm":"BADEL","cc":"PT - PT / PSD / AVANTE","nv":"LILLYANE DO EUCLIDES","e":"n","st":"N\u00e3o eleito","dvt":"V\u00e1lido","vap":"5045","pvap":"  26,75"},{"seq":"3","sqcand":"140001032284","n":"14","nm":"NAN\u00c1","cc":"PTB - PTB / PP","nv":"REGI DO KM 33","e":"n","st":"N\u00e3o eleito","dvt":"V\u00e1lido","vap":"1698","pvap":"   9,00"}]}
