{"ele":"426","tpabr":"mu","cdabr":"04111","carper":"11","t":"1","f":"o","dt":"15/11/2020","ht":"22:19:33","dv":"s","tf":"s","v":"1","esae":"n","mnae":"","s":"263","st":"263","pst":" 100,00","snt":"0","psnt":"   0,00","si":"263","psi":" 100,00","sni":"0","psni":"   0,00","sa":"263","psa":" 100,00","sna":"0","psna":"   0,00","e":"86463","ea":"86463","pea":" 100,00","ena":"0","pena":"   0,00","esi":"86463","pesi":" 100,00","esni":"0","pesni":"   0,00","c":"62118","pc":"  71,84","a":"24345","pa":"  28,16","vscv":"0","vnom":"58377","pvnom":" 100,00","vvc":"58377","pvvc":"  93,98","vb":"1173","pvb":"   1,89","tvn":"2568","ptvn":"   4,13","vn":"2568","pvn":" 100,00","vnt":"0","pvnt":"   0,00","vp":"0","pvp":"   0,00","vv":"58377","pvv":" 100,00","van":"0","pvan":"   0,00","vansj":"0","pvansj":"   0,00","tv":"62118","cand":[{"seq":"4","sqcand":"140001170095","n":"15","nm":"RAIMUNDINHO AGUIAR","cc":"MDB - MDB / PODE / AVANTE","nv":"DR RENAN","e":"n","st":"N\u00e3o eleito","dvt":"V\u00e1lido","vap":"6653","pvap":"  11,40"},{"seq":"5","sqcand":"140000804519","n":"50","nm":"PROFESSORA NETINHA","cc":"PSOL - PSOL / REDE / PC do B","nv":"JACKSON DIAS","e":"n","st":"N\u00e3o eleito","dvt":"V\u00e1lido","vap":"1279","pvap":"   2,19"},{"seq":"1","sqcand":"140000724175","n":"40","nm":"CLAUDOMIRO GOMES","cc":"PSB - PSB / REPUBLICANOS / PP / PSC / DEM / PSD","nv":"JORGE DROGAMINAS","e":"s","st":"Eleito","dvt":"V\u00e1lido","vap":"26950","pvap":"  46,17"},{"seq":"2","sqcand":"140000723950","n":"14","nm":"DR LOREDAN","cc":"PTB - PTB / PATRIOTA / SOLIDARIEDADE / PSL / PDT","nv":"MIRO GON\u00c7ALVES","e":"n","st":"N\u00e3o eleito","dvt":"V\u00e1lido","vap":"11969","pvap":"  20,50"},{"seq":"3","sqcand":"140000983100","n":"22","nm":"MARQUINHO","cc":"PL - PT / PL / DC / PSDB","nv":"DR.GILMAR SANTANA","e":"n","st":"N\u00e3o eleito","dvt":"V\u00e1lido","vap":"11526","pvap":"  19,74"}]}
