{"ele":"426","tpabr":"mu","cdabr":"04146","carper":"11","t":"1","f":"o","dt":"15/11/2020","ht":"22:07:02","dv":"s","tf":"s","v":"1","esae":"n","mnae":"","s":"57","st":"57","pst":" 100,00","snt":"0","psnt":"   0,00","si":"57","psi":" 100,00","sni":"0","psni":"   0,00","sa":"57","psa":" 100,00","sna":"0","psna":"   0,00","e":"17036","ea":"17036","pea":" 100,00","ena":"0","pena":"   0,00","esi":"17036","pesi":" 100,00","esni":"0","pesni":"   0,00","c":"13790","pc":"  80,95","a":"3246","pa":"  19,05","vscv":"0","vnom":"13206","pvnom":" 100,00","vvc":"13206","pvvc":"  95,77","vb":"103","pvb":"   0,74","tvn":"481","ptvn":"   3,49","vn":"481","pvn":" 100,00","vnt":"0","pvnt":"   0,00","vp":"0","pvp":"   0,00","vv":"13206","pvv":" 100,00","van":"0","pvan":"   0,00","vansj":"0","pvansj":"   0,00","tv":"13790","cand":[{"seq":"4","sqcand":"140001252883","n":"70","nm":"LEANDRO LIMA","cc":"AVANTE","nv":"JAKSON GON\u00c7ALVES","e":"n","st":"N\u00e3o eleito","dvt":"V\u00e1lido","vap":"530","pvap":"   4,01"},{"seq":"3","sqcand":"140000983249","n":"13","nm":"LUCIA MACHADO","cc":"PT - PT / PSOL","nv":"VIVIANE ARAUJO","e":"n","st":"N\u00e3o eleito","dvt":"V\u00e1lido","vap":"1832","pvap":"  13,87"},{"seq":"1","sqcand":"140000761587","n":"40","nm":"ADAMOR AIRES","cc":"PSB - PSB / DEM","nv":"BODE","e":"s","st":"Eleito","dvt":"V\u00e1lido","vap":"6005","pvap":"  45,47"},{"seq":"2","sqcand":"140001252880","n":"15","nm":"EDNO ALVES","cc":"MDB - MDB / PL","nv":"TI\u00c3O OLIVEIRA","e":"n","st":"N\u00e3o eleito","dvt":"V\u00e1lido","vap":"4839","pvap":"  36,64"}]}
