{"ele":"426","tpabr":"mu","cdabr":"04154","carper":"11","t":"1","f":"o","dt":"15/11/2020","ht":"22:04:33","dv":"s","tf":"s","v":"1","esae":"n","mnae":"","s":"877","st":"877","pst":" 100,00","snt":"0","psnt":"   0,00","si":"877","psi":" 100,00","sni":"0","psni":"   0,00","sa":"877","psa":" 100,00","sna":"0","psna":"   0,00","e":"330014","ea":"330014","pea":" 100,00","ena":"0","pena":"   0,00","esi":"330014","pesi":" 100,00","esni":"0","pesni":"   0,00","c":"262938","pc":"  79,67","a":"67076","pa":"  20,33","vscv":"0","vnom":"225056","pvnom":" 100,00","vvc":"225056","pvvc":"  85,59","vb":"15421","pvb":"   5,87","tvn":"22461","ptvn":"   8,54","vn":"22461","pvn":" 100,00","vnt":"0","pvnt":"   0,00","vp":"0","pvp":"   0,00","vv":"225056","pvv":" 100,00","van":"0","pvan":"   0,00","vansj":"0","pvansj":"   0,00","tv":"262938","cand":[{"seq":"3","sqcand":"140000851227","n":"55","nm":"CARLITO BEGOT","cc":"PSD","nv":"LA\u00c9RCIO","e":"n","st":"N\u00e3o eleito","dvt":"V\u00e1lido","vap":"19832","pvap":"   8,81"},{"seq":"6","sqcand":"140001233216","n":"36","nm":"JO\u00c3O","cc":"PTC","nv":"HELISMAURO LOUREIRO","e":"n","st":"N\u00e3o eleito","dvt":"V\u00e1lido","vap":"1379","pvap":"   0,61"},{"seq":"1","sqcand":"140001027099","n":"15","nm":"DR DANIEL","cc":"MDB - REPUBLICANOS / DEM / PSDB / SOLIDARIEDADE / PROS / PC do B / PSL / MDB / PSC / PL / PSB / PV / AVANTE / PODE / PATRIOTA","nv":"ERICK MONTEIRO","e":"s","st":"Eleito","dvt":"V\u00e1lido","vap":"152352","pvap":"  67,70"},{"seq":"2","sqcand":"140001153343","n":"50","nm":"L\u00cdVIA NORONHA","cc":"PSOL","nv":"ANTONIO CARLOS","e":"n","st":"N\u00e3o eleito","dvt":"V\u00e1lido","vap":"27098","pvap":"  12,04"},{"seq":"4","sqcand":"140001006091","n":"23","nm":"ALLAN BITAR","cc":"CIDADANIA","nv":"DORA CUNHA","e":"n","st":"N\u00e3o eleito","dvt":"V\u00e1lido","vap":"18903","pvap":"   8,40"},{"seq":"7","sqcand":"140001198330","n":"28","nm":"JACKSON AZEVEDO","cc":"PRTB","nv":"SGT. DANTAS","e":"n","st":"N\u00e3o eleito","dvt":"V\u00e1lido","vap":"1372","pvap":"   0,61"},{"seq":"5","sqcand":"140001103300","n":"13","nm":"PEDRO SOARES","cc":"PT","nv":"F\u00c1TIMA AFONSO","e":"n","st":"N\u00e3o eleito","dvt":"V\u00e1lido","vap":"4120","pvap":"   1,83"}]}
