{"ele":"426","tpabr":"mu","cdabr":"04170","carper":"11","t":"1","f":"o","dt":"15/11/2020","ht":"22:44:54","dv":"s","tf":"s","v":"1","esae":"n","mnae":"","s":"115","st":"115","pst":" 100,00","snt":"0","psnt":"   0,00","si":"115","psi":" 100,00","sni":"0","psni":"   0,00","sa":"115","psa":" 100,00","sna":"0","psna":"   0,00","e":"32787","ea":"32787","pea":" 100,00","ena":"0","pena":"   0,00","esi":"32787","pesi":" 100,00","esni":"0","pesni":"   0,00","c":"28113","pc":"  85,74","a":"4674","pa":"  14,26","vscv":"0","vnom":"26771","pvnom":" 100,00","vvc":"26771","pvvc":"  95,23","vb":"154","pvb":"   0,54","tvn":"1188","ptvn":"   4,23","vn":"1188","pvn":" 100,00","vnt":"0","pvnt":"   0,00","vp":"0","pvp":"   0,00","vv":"26771","pvv":" 100,00","van":"0","pvan":"   0,00","vansj":"0","pvansj":"   0,00","tv":"28113","cand":[{"seq":"1","sqcand":"140000767273","n":"15","nm":"ESTRELA","cc":"MDB - PDT / MDB / PSD / SOLIDARIEDADE / PROS","nv":"ELVIS BEZERRA","e":"s","st":"Eleito","dvt":"V\u00e1lido","vap":"14808","pvap":"  55,31"},{"seq":"2","sqcand":"140001231112","n":"25","nm":"FILHO BARRETO","cc":"DEM - DEM / PT / PSB / REPUBLICANOS","nv":"ROMANA REIS","e":"n","st":"N\u00e3o eleito","dvt":"V\u00e1lido","vap":"9882","pvap":"  36,91"},{"seq":"3","sqcand":"140000805395","n":"28","nm":"ENFERMEIRO VANDO ALVES","cc":"PRTB","nv":"ZILDA CORR\u00caA","e":"n","st":"N\u00e3o eleito","dvt":"V\u00e1lido","vap":"1545","pvap":"   5,77"},{"seq":"4","sqcand":"140000666991","n":"14","nm":"PROFESSORA GLA\u00daCIA S\u00c9RIO","cc":"PTB","nv":"CARLOS","e":"n","st":"N\u00e3o eleito","dvt":"V\u00e1lido","vap":"536","pvap":"   2,00"}]}
