{"ele":"426","tpabr":"mu","cdabr":"04189","carper":"11","t":"1","f":"o","dt":"15/11/2020","ht":"22:43:42","dv":"s","tf":"s","v":"1","esae":"n","mnae":"","s":"77","st":"77","pst":" 100,00","snt":"0","psnt":"   0,00","si":"77","psi":" 100,00","sni":"0","psni":"   0,00","sa":"77","psa":" 100,00","sna":"0","psna":"   0,00","e":"23827","ea":"23827","pea":" 100,00","ena":"0","pena":"   0,00","esi":"23827","pesi":" 100,00","esni":"0","pesni":"   0,00","c":"19183","pc":"  80,51","a":"4644","pa":"  19,49","vscv":"0","vnom":"18136","pvnom":" 100,00","vvc":"18396","pvvc":"  95,90","vb":"109","pvb":"   0,57","tvn":"678","ptvn":"   3,53","vn":"678","pvn":" 100,00","vnt":"0","pvnt":"   0,00","vp":"0","pvp":"   0,00","vv":"18136","pvv":"  98,59","van":"0","pvan":"   0,00","vansj":"260","pvansj":"   1,41","tv":"19183","cand":[{"seq":"2","sqcand":"140000746408","n":"13","nm":"KATIANE CUNHA","cc":"PT - PDT / PC do B / PSB / DEM / PT","nv":"ADAILTON REIS","e":"n","st":"N\u00e3o eleito","dvt":"V\u00e1lido","vap":"8722","pvap":"  47,41"},{"seq":"1","sqcand":"140000733764","n":"55","nm":"ARTEMES OLIVEIRA","cc":"PSD - PSD / PSC / PL / DC / PTB","nv":"Z\u00c9 CARLOS ANTUNES","e":"s","st":"Eleito","dvt":"V\u00e1lido","vap":"9414","pvap":"  51,17"},{"seq":"3","sqcand":"140001280163","n":"15","nm":"CLEIA RENARA","cc":"MDB - REPUBLICANOS / MDB","nv":"RUTH MAGNO","e":"n","st":"N\u00e3o eleito","dvt":"Anulado sub judice","vap":"260","pvap":"   1,41"}]}
