{"ele":"426","tpabr":"mu","cdabr":"04197","carper":"11","t":"1","f":"o","dt":"15/11/2020","ht":"23:20:07","dv":"s","tf":"s","v":"1","esae":"n","mnae":"","s":"49","st":"49","pst":" 100,00","snt":"0","psnt":"   0,00","si":"49","psi":" 100,00","sni":"0","psni":"   0,00","sa":"49","psa":" 100,00","sna":"0","psna":"   0,00","e":"10752","ea":"10752","pea":" 100,00","ena":"0","pena":"   0,00","esi":"10752","pesi":" 100,00","esni":"0","pesni":"   0,00","c":"8363","pc":"  77,78","a":"2389","pa":"  22,22","vscv":"0","vnom":"8089","pvnom":" 100,00","vvc":"8089","pvvc":"  96,72","vb":"42","pvb":"   0,51","tvn":"232","ptvn":"   2,77","vn":"232","pvn":" 100,00","vnt":"0","pvnt":"   0,00","vp":"0","pvp":"   0,00","vv":"8089","pvv":" 100,00","van":"0","pvan":"   0,00","vansj":"0","pvansj":"   0,00","tv":"8363","cand":[{"seq":"3","sqcand":"140000775705","n":"10","nm":"RANILSON PRADO","cc":"REPUBLICANOS - SOLIDARIEDADE / REPUBLICANOS","nv":"MARILENY ","e":"n","st":"N\u00e3o eleito","dvt":"V\u00e1lido","vap":"1291","pvap":"  15,96"},{"seq":"2","sqcand":"140000658875","n":"25","nm":"FERNANDO SOARES","cc":"DEM - DEM / PSDB","nv":"MIGUEL XAVIER","e":"n","st":"N\u00e3o eleito","dvt":"V\u00e1lido","vap":"2518","pvap":"  31,13"},{"seq":"1","sqcand":"140000677328","n":"15","nm":"VILSON GON\u00c7ALVES","cc":"MDB - MDB / PL / PSB","nv":"CONCY SANTIAGO","e":"s","st":"Eleito","dvt":"V\u00e1lido","vap":"3972","pvap":"  49,10"},{"seq":"4","sqcand":"140000663578","n":"11","nm":"GUILHERME BENTES","cc":"PP","nv":"CLAUDIO FERREIRA","e":"n","st":"N\u00e3o eleito","dvt":"V\u00e1lido","vap":"308","pvap":"   3,81"}]}
