{"ele":"426","tpabr":"mu","cdabr":"04219","carper":"11","t":"1","f":"o","dt":"15/11/2020","ht":"22:43:17","dv":"s","tf":"s","v":"1","esae":"n","mnae":"","s":"46","st":"46","pst":" 100,00","snt":"0","psnt":"   0,00","si":"46","psi":" 100,00","sni":"0","psni":"   0,00","sa":"46","psa":" 100,00","sna":"0","psna":"   0,00","e":"14935","ea":"14935","pea":" 100,00","ena":"0","pena":"   0,00","esi":"14935","pesi":" 100,00","esni":"0","pesni":"   0,00","c":"12317","pc":"  82,47","a":"2618","pa":"  17,53","vscv":"0","vnom":"11924","pvnom":" 100,00","vvc":"11924","pvvc":"  96,81","vb":"30","pvb":"   0,24","tvn":"363","ptvn":"   2,95","vn":"363","pvn":" 100,00","vnt":"0","pvnt":"   0,00","vp":"0","pvp":"   0,00","vv":"11924","pvv":" 100,00","van":"0","pvan":"   0,00","vansj":"0","pvansj":"   0,00","tv":"12317","cand":[{"seq":"1","sqcand":"140000688770","n":"55","nm":"CLEBINHO","cc":"PSD - MDB / PSD","nv":"TICA SENA","e":"s","st":"Eleito","dvt":"V\u00e1lido","vap":"5650","pvap":"  47,38"},{"seq":"3","sqcand":"140000760979","n":"10","nm":"JUNIOR ASSIS","cc":"REPUBLICANOS - CIDADANIA / REPUBLICANOS","nv":"CES\u00c3O","e":"n","st":"N\u00e3o eleito","dvt":"V\u00e1lido","vap":"1410","pvap":"  11,82"},{"seq":"2","sqcand":"140001032714","n":"70","nm":"IRIS DO GORDO","cc":"AVANTE - PSB / AVANTE / PROS","nv":"MIXICA DA PESCA","e":"n","st":"N\u00e3o eleito","dvt":"V\u00e1lido","vap":"4864","pvap":"  40,79"}]}
