{"ele":"426","tpabr":"mu","cdabr":"04235","carper":"11","t":"1","f":"o","dt":"15/11/2020","ht":"22:52:26","dv":"s","tf":"s","v":"1","esae":"n","mnae":"","s":"83","st":"83","pst":" 100,00","snt":"0","psnt":"   0,00","si":"83","psi":" 100,00","sni":"0","psni":"   0,00","sa":"83","psa":" 100,00","sna":"0","psna":"   0,00","e":"24831","ea":"24831","pea":" 100,00","ena":"0","pena":"   0,00","esi":"24831","pesi":" 100,00","esni":"0","pesni":"   0,00","c":"21013","pc":"  84,62","a":"3818","pa":"  15,38","vscv":"0","vnom":"17250","pvnom":" 100,00","vvc":"20390","pvvc":"  97,04","vb":"142","pvb":"   0,67","tvn":"481","ptvn":"   2,29","vn":"481","pvn":" 100,00","vnt":"0","pvnt":"   0,00","vp":"0","pvp":"   0,00","vv":"17250","pvv":"  84,60","van":"0","pvan":"   0,00","vansj":"3140","pvansj":"  15,40","tv":"21013","cand":[{"seq":"1","sqcand":"140000712661","n":"55","nm":"DR LOCA","cc":"PSD","nv":"M\u00c1CIO DO ITUQUARA","e":"s","st":"Eleito","dvt":"V\u00e1lido","vap":"8867","pvap":"  43,49"},{"seq":"3","sqcand":"140000931744","n":"15","nm":"JANDIRA DO PILAR","cc":"MDB","nv":"RAIMUNDO RAMOS","e":"n","st":"N\u00e3o eleito","dvt":"Anulado sub judice","vap":"3140","pvap":"  15,40"},{"seq":"2","sqcand":"140001060675","n":"19","nm":"DR EDILSON RAMOS","cc":"PODE - PODE / PL / PSDB / REPUBLICANOS","nv":"LUCIANO MAU\u00c9S","e":"n","st":"N\u00e3o eleito","dvt":"V\u00e1lido","vap":"5044","pvap":"  24,74"},{"seq":"5","sqcand":"140001030775","n":"43","nm":"TA\u00c7ARA","cc":"PV","nv":"CLEICE DA AMERICA","e":"n","st":"N\u00e3o eleito","dvt":"V\u00e1lido","vap":"706","pvap":"   3,46"},{"seq":"6","sqcand":"140001063734","n":"20","nm":"GALILEU LOBO","cc":"PSC - PATRIOTA / PSC","nv":"PROF. IRMA ROSANGELA POMPEU","e":"n","st":"N\u00e3o eleito","dvt":"V\u00e1lido","vap":"42","pvap":"   0,21"},{"seq":"4","sqcand":"140001271931","n":"13","nm":"DRA NINA","cc":"PT","nv":"PASTORA LAURA","e":"n","st":"N\u00e3o eleito","dvt":"V\u00e1lido","vap":"2591","pvap":"  12,71"}]}
