{"ele":"426","tpabr":"mu","cdabr":"04251","carper":"11","t":"1","f":"o","dt":"15/11/2020","ht":"22:05:18","dv":"s","tf":"s","v":"1","esae":"n","mnae":"","s":"276","st":"276","pst":" 100,00","snt":"0","psnt":"   0,00","si":"276","psi":" 100,00","sni":"0","psni":"   0,00","sa":"276","psa":" 100,00","sna":"0","psna":"   0,00","e":"88274","ea":"88274","pea":" 100,00","ena":"0","pena":"   0,00","esi":"88274","pesi":" 100,00","esni":"0","pesni":"   0,00","c":"73004","pc":"  82,70","a":"15270","pa":"  17,30","vscv":"0","vnom":"67004","pvnom":" 100,00","vvc":"67864","pvvc":"  92,96","vb":"1958","pvb":"   2,68","tvn":"3182","ptvn":"   4,36","vn":"3182","pvn":" 100,00","vnt":"0","pvnt":"   0,00","vp":"0","pvp":"   0,00","vv":"67004","pvv":"  98,73","van":"0","pvan":"   0,00","vansj":"860","pvansj":"   1,27","tv":"73004","cand":[{"seq":"4","sqcand":"140000635244","n":"55","nm":"CL\u00c1UDIA FI\u00daZA","cc":"PSD","nv":"NALRISON JOS\u00c9","e":"n","st":"N\u00e3o eleito","dvt":"V\u00e1lido","vap":"1105","pvap":"   1,63"},{"seq":"5","sqcand":"140001077590","n":"65","nm":"PROFESSOR GILVANDRO","cc":"PC do B","nv":"DONA SABA","e":"n","st":"N\u00e3o eleito","dvt":"Anulado sub judice","vap":"860","pvap":"   1,27"},{"seq":"2","sqcand":"140000789063","n":"14","nm":"LUIS DA SUCESSO","cc":"PTB","nv":"MARCIA OLIVEIRA","e":"n","st":"N\u00e3o eleito","dvt":"V\u00e1lido","vap":"14647","pvap":"  21,58"},{"seq":"1","sqcand":"140000719816","n":"22","nm":"RENATO OGAWA","cc":"PL - PL / MDB / PSC / AVANTE / DC / PSL / PV / REPUBLICANOS / PT / PODE / PDT / CIDADANIA","nv":"CRISTINA VILA\u00c7A","e":"s","st":"Eleito","dvt":"V\u00e1lido","vap":"37834","pvap":"  55,75"},{"seq":"3","sqcand":"140001098770","n":"45","nm":"DRA. ANA CUNHA","cc":"PSDB - PRTB / SOLIDARIEDADE / PMB / PSDB","nv":"IRM\u00c3 SILVANA","e":"n","st":"N\u00e3o eleito","dvt":"V\u00e1lido","vap":"13418","pvap":"  19,77"}]}
