{"ele":"426","tpabr":"mu","cdabr":"04260","carper":"11","t":"1","f":"o","dt":"15/11/2020","ht":"23:02:39","dv":"s","tf":"s","v":"1","esae":"n","mnae":"","s":"30","st":"30","pst":" 100,00","snt":"0","psnt":"   0,00","si":"30","psi":" 100,00","sni":"0","psni":"   0,00","sa":"30","psa":" 100,00","sna":"0","psna":"   0,00","e":"9344","ea":"9344","pea":" 100,00","ena":"0","pena":"   0,00","esi":"9344","pesi":" 100,00","esni":"0","pesni":"   0,00","c":"8157","pc":"  87,30","a":"1187","pa":"  12,70","vscv":"0","vnom":"7878","pvnom":" 100,00","vvc":"7878","pvvc":"  96,58","vb":"35","pvb":"   0,43","tvn":"244","ptvn":"   2,99","vn":"244","pvn":" 100,00","vnt":"0","pvnt":"   0,00","vp":"0","pvp":"   0,00","vv":"7878","pvv":" 100,00","van":"0","pvan":"   0,00","vansj":"0","pvansj":"   0,00","tv":"8157","cand":[{"seq":"2","sqcand":"140001000071","n":"15","nm":"RENAN","cc":"MDB - MDB / PTB / PT / PSC","nv":"NETINHO","e":"n","st":"N\u00e3o eleito","dvt":"V\u00e1lido","vap":"3418","pvap":"  43,39"},{"seq":"3","sqcand":"140001231232","n":"22","nm":"DRA CATIA","cc":"PL - PL / PATRIOTA","nv":"JEAN DA CANAD\u00c1","e":"n","st":"N\u00e3o eleito","dvt":"V\u00e1lido","vap":"529","pvap":"   6,71"},{"seq":"1","sqcand":"140001046523","n":"45","nm":"VANDIN","cc":"PSDB - PSB / PSDB / REPUBLICANOS","nv":"TONHAO DA CANADA","e":"s","st":"Eleito","dvt":"V\u00e1lido","vap":"3931","pvap":"  49,90"}]}
