{"ele":"426","tpabr":"mu","cdabr":"04278","carper":"11","t":"1","f":"o","dt":"15/11/2020","ht":"21:35:55","dv":"s","tf":"s","v":"1","esae":"n","mnae":"","s":"2562","st":"2562","pst":" 100,00","snt":"0","psnt":"   0,00","si":"2562","psi":" 100,00","sni":"0","psni":"   0,00","sa":"2562","psa":" 100,00","sna":"0","psna":"   0,00","e":"1009731","ea":"1009731","pea":" 100,00","ena":"0","pena":"   0,00","esi":"1009731","pesi":" 100,00","esni":"0","pesni":"   0,00","c":"800140","pc":"  79,24","a":"209591","pa":"  20,76","vscv":"0","vnom":"725647","pvnom":" 100,00","vvc":"726937","pvvc":"  90,85","vb":"27205","pvb":"   3,40","tvn":"45998","ptvn":"   5,75","vn":"45998","pvn":" 100,00","vnt":"0","pvnt":"   0,00","vp":"0","pvp":"   0,00","vv":"725647","pvv":"  99,82","van":"0","pvan":"   0,00","vansj":"1290","pvansj":"   0,18","tv":"800140","cand":[{"seq":"7","sqcand":"140001194405","n":"55","nm":"GUSTAVO SEFER","cc":"PSD - PSD / PP","nv":"ALEXANDRE PADILLA","e":"n","st":"N\u00e3o eleito","dvt":"V\u00e1lido","vap":"22996","pvap":"   3,16"},{"seq":"12","sqcand":"140001192970","n":"29","nm":"JAIR LOPES","cc":"PCO","nv":"CRISTIANO SOBRAL","e":"n","st":"N\u00e3o eleito","dvt":"Anulado sub judice","vap":"130","pvap":"   0,02"},{"seq":"11","sqcand":"140000762463","n":"35","nm":"DR JERONIMO","cc":"PMB","nv":"DR ANA PAULA","e":"n","st":"N\u00e3o eleito","dvt":"V\u00e1lido","vap":"759","pvap":"   0,10"},{"seq":"8","sqcand":"140000698875","n":"36","nm":"GUILHERME LESSA","cc":"PTC","nv":"MAJOR DIAMANTINA","e":"n","st":"N\u00e3o eleito","dvt":"V\u00e1lido","vap":"2417","pvap":"   0,33"},{"seq":"6","sqcand":"140000762516","n":"10","nm":"VAV\u00c1 MARTINS","cc":"REPUBLICANOS","nv":"SARGENTO GON\u00c7ALVES","e":"n","st":"N\u00e3o eleito","dvt":"V\u00e1lido","vap":"49476","pvap":"   6,81"},{"seq":"3","sqcand":"140001125824","n":"15","nm":"PRIANTE","cc":"MDB - MDB / PTB / PSL / PODE / PSC / PL / DC","nv":"PATRICIA QUEIROZ","e":"n","st":"N\u00e3o eleito","dvt":"V\u00e1lido","vap":"123808","pvap":"  17,03"},{"seq":"5","sqcand":"140000801174","n":"40","nm":"CASSIO ANDRADE","cc":"PSB - SOLIDARIEDADE / AVANTE / PROS / PSB","nv":"MAX LIMA","e":"n","st":"N\u00e3o eleito","dvt":"V\u00e1lido","vap":"49988","pvap":"   6,88"},{"seq":"9","sqcand":"140001230533","n":"28","nm":"MARIO COUTO","cc":"PRTB","nv":"ALEXANDRE SOTAO","e":"n","st":"N\u00e3o eleito","dvt":"Anulado sub judice","vap":"1160","pvap":"   0,16"},{"seq":"10","sqcand":"140000637323","n":"16","nm":"CLEBER RABELO","cc":"PSTU","nv":"SEU ALEX","e":"n","st":"N\u00e3o eleito","dvt":"V\u00e1lido","vap":"1026","pvap":"   0,14"},{"seq":"2","sqcand":"140001196861","n":"51","nm":"DELEGADO FEDERAL EGUCHI","cc":"PATRIOTA","nv":"SARGENTO QUEMER","e":"s","st":"2\u00ba turno","dvt":"V\u00e1lido","vap":"167599","pvap":"  23,06"},{"seq":"1","sqcand":"140000744291","n":"50","nm":"EDMILSON RODRIGUES","cc":"PSOL - PT / REDE / UP / PC do B / PSOL / PDT","nv":"EDILSON MOURA","e":"s","st":"2\u00ba turno","dvt":"V\u00e1lido","vap":"248751","pvap":"  34,22"},{"seq":"4","sqcand":"140001226722","n":"23","nm":"THIAGO ARAUJO","cc":"CIDADANIA - PMN / CIDADANIA / PSDB / DEM / PV","nv":"MARY MUNIZ","e":"n","st":"N\u00e3o eleito","dvt":"V\u00e1lido","vap":"58827","pvap":"   8,09"}]}
