{"ele":"426","tpabr":"mu","cdabr":"04286","carper":"11","t":"1","f":"o","dt":"15/11/2020","ht":"22:13:41","dv":"s","tf":"s","v":"1","esae":"n","mnae":"","s":"37","st":"37","pst":" 100,00","snt":"0","psnt":"   0,00","si":"37","psi":" 100,00","sni":"0","psni":"   0,00","sa":"37","psa":" 100,00","sna":"0","psna":"   0,00","e":"11300","ea":"11300","pea":" 100,00","ena":"0","pena":"   0,00","esi":"11300","pesi":" 100,00","esni":"0","pesni":"   0,00","c":"8703","pc":"  77,02","a":"2597","pa":"  22,98","vscv":"0","vnom":"8315","pvnom":" 100,00","vvc":"8315","pvvc":"  95,54","vb":"65","pvb":"   0,75","tvn":"323","ptvn":"   3,71","vn":"323","pvn":" 100,00","vnt":"0","pvnt":"   0,00","vp":"0","pvp":"   0,00","vv":"8315","pvv":" 100,00","van":"0","pvan":"   0,00","vansj":"0","pvansj":"   0,00","tv":"8703","cand":[{"seq":"2","sqcand":"140000778292","n":"15","nm":"DANILO MIRANDA","cc":"MDB - REPUBLICANOS / MDB / PT / PSC","nv":"PORTO DA FARM\u00c1CIA","e":"n","st":"N\u00e3o eleito","dvt":"V\u00e1lido","vap":"3402","pvap":"  40,91"},{"seq":"1","sqcand":"140001210526","n":"22","nm":"DJANGO","cc":"PL - PL / PSDB","nv":"MAURICIO DE LIMA","e":"s","st":"Eleito","dvt":"V\u00e1lido","vap":"4913","pvap":"  59,09"}]}
