{"ele":"426","tpabr":"mu","cdabr":"04294","carper":"11","t":"1","f":"o","dt":"15/11/2020","ht":"23:56:36","dv":"s","tf":"s","v":"1","esae":"n","mnae":"","s":"124","st":"124","pst":" 100,00","snt":"0","psnt":"   0,00","si":"124","psi":" 100,00","sni":"0","psni":"   0,00","sa":"124","psa":" 100,00","sna":"0","psna":"   0,00","e":"44925","ea":"44925","pea":" 100,00","ena":"0","pena":"   0,00","esi":"44925","pesi":" 100,00","esni":"0","pesni":"   0,00","c":"37046","pc":"  82,46","a":"7879","pa":"  17,54","vscv":"0","vnom":"23758","pvnom":" 100,00","vvc":"34932","pvvc":"  94,29","vb":"566","pvb":"   1,53","tvn":"1548","ptvn":"   4,18","vn":"1548","pvn":" 100,00","vnt":"0","pvnt":"   0,00","vp":"0","pvp":"   0,00","vv":"23758","pvv":"  68,01","van":"0","pvan":"   0,00","vansj":"11174","pvansj":"  31,99","tv":"37046","cand":[{"seq":"5","sqcand":"140001257722","n":"28","nm":"CATARINO","cc":"PRTB","nv":"BETO MARAT\u00c1","e":"n","st":"N\u00e3o eleito","dvt":"V\u00e1lido","vap":"673","pvap":"   1,93"},{"seq":"6","sqcand":"140001101184","n":"50","nm":"PROFESSOR MARCEL","cc":"PSOL","nv":"ROZANA BISPO","e":"n","st":"N\u00e3o eleito","dvt":"V\u00e1lido","vap":"498","pvap":"   1,43"},{"seq":"3","sqcand":"140001242753","n":"51","nm":"PAULO LOBATO","cc":"PATRIOTA","nv":"LILIA SERGIO","e":"n","st":"N\u00e3o eleito","dvt":"V\u00e1lido","vap":"1458","pvap":"   4,17"},{"seq":"4","sqcand":"140000993317","n":"10","nm":"PROFESSOR FREDSON","cc":"REPUBLICANOS","nv":"PROFESSORA LENINHA","e":"n","st":"N\u00e3o eleito","dvt":"V\u00e1lido","vap":"1130","pvap":"   3,23"},{"seq":"2","sqcand":"140001277381","n":"55","nm":"LUZINEIDE FARIA","cc":"PSD - PTC / SOLIDARIEDADE / PDT / PTB / PSC / PSD / AVANTE / PROS / MDB","nv":"ALBA DE JESUS","e":"n","st":"N\u00e3o eleito","dvt":"Anulado sub judice","vap":"11174","pvap":"  31,99"},{"seq":"1","sqcand":"140000833765","n":"19","nm":"LUZIANE SOLON","cc":"PODE - PSDB / DEM / PSB / PT / PODE","nv":"PROFESSORA EDIVANA","e":"s","st":"Eleito","dvt":"V\u00e1lido","vap":"19999","pvap":"  57,25"}]}
