{"ele":"426","tpabr":"mu","cdabr":"04308","carper":"11","t":"1","f":"o","dt":"15/11/2020","ht":"22:04:14","dv":"s","tf":"s","v":"1","esae":"n","mnae":"","s":"24","st":"24","pst":" 100,00","snt":"0","psnt":"   0,00","si":"24","psi":" 100,00","sni":"0","psni":"   0,00","sa":"24","psa":" 100,00","sna":"0","psna":"   0,00","e":"7701","ea":"7701","pea":" 100,00","ena":"0","pena":"   0,00","esi":"7701","pesi":" 100,00","esni":"0","pesni":"   0,00","c":"6025","pc":"  78,24","a":"1676","pa":"  21,76","vscv":"0","vnom":"5851","pvnom":" 100,00","vvc":"5851","pvvc":"  97,11","vb":"36","pvb":"   0,60","tvn":"138","ptvn":"   2,29","vn":"138","pvn":" 100,00","vnt":"0","pvnt":"   0,00","vp":"0","pvp":"   0,00","vv":"5851","pvv":" 100,00","van":"0","pvan":"   0,00","vansj":"0","pvansj":"   0,00","tv":"6025","cand":[{"seq":"3","sqcand":"140001252277","n":"15","nm":"MAURICIO CAVALCANTI","cc":"MDB","nv":"NETO DO EXPEDITO","e":"n","st":"N\u00e3o eleito","dvt":"V\u00e1lido","vap":"1422","pvap":"  24,30"},{"seq":"2","sqcand":"140001252285","n":"77","nm":"DOMINGOS ENFERMEIRO","cc":"SOLIDARIEDADE - SOLIDARIEDADE / PSDB","nv":"RAIMUNDO DA SILVA","e":"n","st":"N\u00e3o eleito","dvt":"V\u00e1lido","vap":"1645","pvap":"  28,11"},{"seq":"1","sqcand":"140000828918","n":"19","nm":"FREDSON","cc":"PODE - PSD / PODE / PSC / PT","nv":"MARLENE DO BAU","e":"s","st":"Eleito","dvt":"V\u00e1lido","vap":"2784","pvap":"  47,58"}]}
