{"ele":"426","tpabr":"mu","cdabr":"04316","carper":"11","t":"1","f":"o","dt":"15/11/2020","ht":"22:07:43","dv":"s","tf":"s","v":"1","esae":"n","mnae":"","s":"40","st":"40","pst":" 100,00","snt":"0","psnt":"   0,00","si":"40","psi":" 100,00","sni":"0","psni":"   0,00","sa":"40","psa":" 100,00","sna":"0","psna":"   0,00","e":"11736","ea":"11736","pea":" 100,00","ena":"0","pena":"   0,00","esi":"11736","pesi":" 100,00","esni":"0","pesni":"   0,00","c":"10360","pc":"  88,28","a":"1376","pa":"  11,72","vscv":"0","vnom":"10027","pvnom":" 100,00","vvc":"10027","pvvc":"  96,79","vb":"66","pvb":"   0,63","tvn":"267","ptvn":"   2,58","vn":"267","pvn":" 100,00","vnt":"0","pvnt":"   0,00","vp":"0","pvp":"   0,00","vv":"10027","pvv":" 100,00","van":"0","pvan":"   0,00","vansj":"0","pvansj":"   0,00","tv":"10360","cand":[{"seq":"2","sqcand":"140000633251","n":"22","nm":"ALEXINHO","cc":"PL - REPUBLICANOS / PL / AVANTE","nv":"JANAINA DO BIRUNGA","e":"n","st":"N\u00e3o eleito","dvt":"V\u00e1lido","vap":"4632","pvap":"  46,20"},{"seq":"3","sqcand":"140001105130","n":"20","nm":"REIS DA SA\u00daDE","cc":"PSC","nv":"CARLOS ALBERTO","e":"n","st":"N\u00e3o eleito","dvt":"V\u00e1lido","vap":"246","pvap":"   2,45"},{"seq":"4","sqcand":"140001129739","n":"13","nm":"ALBERTO BARBOSA","cc":"PT","nv":"JOEL DO Z\u00c9 CRENTE","e":"n","st":"N\u00e3o eleito","dvt":"V\u00e1lido","vap":"29","pvap":"   0,29"},{"seq":"1","sqcand":"140000639362","n":"14","nm":"MICHEL ASSAD","cc":"PTB - PTB / MDB","nv":"NICOLA","e":"s","st":"Eleito","dvt":"V\u00e1lido","vap":"5120","pvap":"  51,06"}]}
