{"ele":"426","tpabr":"mu","cdabr":"04340","carper":"11","t":"1","f":"o","dt":"15/11/2020","ht":"22:43:09","dv":"s","tf":"s","v":"1","esae":"n","mnae":"","s":"63","st":"63","pst":" 100,00","snt":"0","psnt":"   0,00","si":"63","psi":" 100,00","sni":"0","psni":"   0,00","sa":"63","psa":" 100,00","sna":"0","psna":"   0,00","e":"18846","ea":"18846","pea":" 100,00","ena":"0","pena":"   0,00","esi":"18846","pesi":" 100,00","esni":"0","pesni":"   0,00","c":"15060","pc":"  79,91","a":"3786","pa":"  20,09","vscv":"0","vnom":"14428","pvnom":" 100,00","vvc":"14428","pvvc":"  95,80","vb":"95","pvb":"   0,63","tvn":"537","ptvn":"   3,57","vn":"537","pvn":" 100,00","vnt":"0","pvnt":"   0,00","vp":"0","pvp":"   0,00","vv":"14428","pvv":" 100,00","van":"0","pvan":"   0,00","vansj":"0","pvansj":"   0,00","tv":"15060","cand":[{"seq":"3","sqcand":"140001253485","n":"13","nm":"ASSIS DA AGRICULTURA","cc":"PT - PT / PSC","nv":"DR SILVANE","e":"n","st":"N\u00e3o eleito","dvt":"V\u00e1lido","vap":"1134","pvap":"   7,86"},{"seq":"1","sqcand":"140000776966","n":"15","nm":"VANESSA GUSM\u00c3O","cc":"MDB - MDB / PSD","nv":"BETO ARAUJO","e":"s","st":"Eleito","dvt":"V\u00e1lido","vap":"7136","pvap":"  49,46"},{"seq":"4","sqcand":"140001158035","n":"77","nm":"BRANCA DO CRAS","cc":"SOLIDARIEDADE","nv":"EDMILSON DA FARINHA","e":"n","st":"N\u00e3o eleito","dvt":"V\u00e1lido","vap":"61","pvap":"   0,42"},{"seq":"2","sqcand":"140000816614","n":"10","nm":"MANIM DE AURORA","cc":"REPUBLICANOS - PC do B / REPUBLICANOS / DEM","nv":"JUNINHO VIDAL","e":"n","st":"N\u00e3o eleito","dvt":"V\u00e1lido","vap":"6097","pvap":"  42,26"}]}
