{"ele":"426","tpabr":"mu","cdabr":"04405","carper":"11","t":"1","f":"o","dt":"15/11/2020","ht":"22:20:16","dv":"s","tf":"s","v":"1","esae":"n","mnae":"","s":"44","st":"44","pst":" 100,00","snt":"0","psnt":"   0,00","si":"44","psi":" 100,00","sni":"0","psni":"   0,00","sa":"44","psa":" 100,00","sna":"0","psna":"   0,00","e":"13782","ea":"13782","pea":" 100,00","ena":"0","pena":"   0,00","esi":"13782","pesi":" 100,00","esni":"0","pesni":"   0,00","c":"11575","pc":"  83,99","a":"2207","pa":"  16,01","vscv":"0","vnom":"11167","pvnom":" 100,00","vvc":"11167","pvvc":"  96,48","vb":"63","pvb":"   0,54","tvn":"345","ptvn":"   2,98","vn":"345","pvn":" 100,00","vnt":"0","pvnt":"   0,00","vp":"0","pvp":"   0,00","vv":"11167","pvv":" 100,00","van":"0","pvan":"   0,00","vansj":"0","pvansj":"   0,00","tv":"11575","cand":[{"seq":"2","sqcand":"140000816891","n":"15","nm":"JOSY AMARAL","cc":"MDB - PT / PROS / REPUBLICANOS / MDB / PODE / PSDB / AVANTE","nv":"NENGO TAXISTA","e":"n","st":"N\u00e3o eleito","dvt":"V\u00e1lido","vap":"4024","pvap":"  36,03"},{"seq":"1","sqcand":"140000723997","n":"40","nm":"MARCIO DO POVO","cc":"PSB - PTB / PSB / PC do B","nv":"ROGERIO PEREIRA","e":"s","st":"Eleito","dvt":"V\u00e1lido","vap":"6037","pvap":"  54,06"},{"seq":"4","sqcand":"140000816857","n":"11","nm":"PRETINHO CUIABANO","cc":"PP","nv":"LUZIA","e":"n","st":"N\u00e3o eleito","dvt":"V\u00e1lido","vap":"325","pvap":"   2,91"},{"seq":"3","sqcand":"140000797130","n":"28","nm":"AMARAL","cc":"PRTB","nv":"LANE DROSDOSKI","e":"n","st":"N\u00e3o eleito","dvt":"V\u00e1lido","vap":"781","pvap":"   6,99"}]}
