{"ele":"426","tpabr":"mu","cdabr":"04413","carper":"11","t":"1","f":"o","dt":"15/11/2020","ht":"22:56:54","dv":"s","tf":"s","v":"1","esae":"n","mnae":"","s":"297","st":"297","pst":" 100,00","snt":"0","psnt":"   0,00","si":"297","psi":" 100,00","sni":"0","psni":"   0,00","sa":"297","psa":" 100,00","sna":"0","psna":"   0,00","e":"93166","ea":"93166","pea":" 100,00","ena":"0","pena":"   0,00","esi":"93166","pesi":" 100,00","esni":"0","pesni":"   0,00","c":"79213","pc":"  85,02","a":"13953","pa":"  14,98","vscv":"0","vnom":"50221","pvnom":" 100,00","vvc":"76632","pvvc":"  96,74","vb":"636","pvb":"   0,80","tvn":"1945","ptvn":"   2,46","vn":"1945","pvn":" 100,00","vnt":"0","pvnt":"   0,00","vp":"0","pvp":"   0,00","vv":"50221","pvv":"  65,54","van":"0","pvan":"   0,00","vansj":"26411","pvansj":"  34,46","tv":"79213","cand":[{"seq":"1","sqcand":"140000741580","n":"15","nm":"VICTOR CASSIANO","cc":"MDB - PTB / DEM / MDB / PODE / PC do B","nv":"ENIO","e":"s","st":"Eleito","dvt":"V\u00e1lido","vap":"35722","pvap":"  46,61"},{"seq":"2","sqcand":"140001181642","n":"20","nm":"WALDOLI VALENTE","cc":"PSC - REPUBLICANOS / PP / PDT / PSC / PSB / PSDB","nv":"PROFESSOR Z\u00c9 DOMINGOS","e":"n","st":"N\u00e3o eleito","dvt":"Anulado sub judice","vap":"26411","pvap":"  34,46"},{"seq":"3","sqcand":"140000741381","n":"13","nm":"CLEIDINHO","cc":"PT - PROS / PSD / PL / PT","nv":"POMPEU","e":"n","st":"N\u00e3o eleito","dvt":"V\u00e1lido","vap":"14499","pvap":"  18,92"}]}
