{"ele":"426","tpabr":"mu","cdabr":"04464","carper":"11","t":"1","f":"o","dt":"15/11/2020","ht":"22:48:49","dv":"s","tf":"s","v":"1","esae":"n","mnae":"","s":"55","st":"55","pst":" 100,00","snt":"0","psnt":"   0,00","si":"55","psi":" 100,00","sni":"0","psni":"   0,00","sa":"55","psa":" 100,00","sna":"0","psna":"   0,00","e":"16660","ea":"16660","pea":" 100,00","ena":"0","pena":"   0,00","esi":"16660","pesi":" 100,00","esni":"0","pesni":"   0,00","c":"12732","pc":"  76,42","a":"3928","pa":"  23,58","vscv":"0","vnom":"12095","pvnom":" 100,00","vvc":"12095","pvvc":"  95,00","vb":"108","pvb":"   0,85","tvn":"529","ptvn":"   4,15","vn":"529","pvn":" 100,00","vnt":"0","pvnt":"   0,00","vp":"0","pvp":"   0,00","vv":"12095","pvv":" 100,00","van":"0","pvan":"   0,00","vansj":"0","pvansj":"   0,00","tv":"12732","cand":[{"seq":"2","sqcand":"140000984240","n":"17","nm":"DIKA","cc":"PSL - PL / PDT / PSL / PTB / CIDADANIA / PC do B / PSDB","nv":"PHABLO DO LUIZIN","e":"n","st":"N\u00e3o eleito","dvt":"V\u00e1lido","vap":"4213","pvap":"  34,83"},{"seq":"3","sqcand":"140001004956","n":"20","nm":"ALEX FABIANO","cc":"PSC","nv":"ZE BUCHIM","e":"n","st":"N\u00e3o eleito","dvt":"V\u00e1lido","vap":"86","pvap":"   0,71"},{"seq":"1","sqcand":"140001214381","n":"15","nm":"ELIZANE","cc":"MDB - MDB / PT / PSD","nv":"MAURIENE","e":"s","st":"Eleito","dvt":"V\u00e1lido","vap":"7796","pvap":"  64,46"}]}
