{"ele":"426","tpabr":"mu","cdabr":"04480","carper":"11","t":"1","f":"o","dt":"15/11/2020","ht":"22:23:27","dv":"s","tf":"s","v":"1","esae":"n","mnae":"","s":"44","st":"44","pst":" 100,00","snt":"0","psnt":"   0,00","si":"44","psi":" 100,00","sni":"0","psni":"   0,00","sa":"44","psa":" 100,00","sna":"0","psna":"   0,00","e":"15847","ea":"15847","pea":" 100,00","ena":"0","pena":"   0,00","esi":"15847","pesi":" 100,00","esni":"0","pesni":"   0,00","c":"13134","pc":"  82,88","a":"2713","pa":"  17,12","vscv":"0","vnom":"12637","pvnom":" 100,00","vvc":"12637","pvvc":"  96,22","vb":"75","pvb":"   0,57","tvn":"422","ptvn":"   3,21","vn":"422","pvn":" 100,00","vnt":"0","pvnt":"   0,00","vp":"0","pvp":"   0,00","vv":"12637","pvv":" 100,00","van":"0","pvan":"   0,00","vansj":"0","pvansj":"   0,00","tv":"13134","cand":[{"seq":"2","sqcand":"140001171085","n":"22","nm":"VALCIRLEI HOLANDA","cc":"PL - PP / PT / PL","nv":"ANTONIO AGUIAR","e":"n","st":"N\u00e3o eleito","dvt":"V\u00e1lido","vap":"6135","pvap":"  48,55"},{"seq":"3","sqcand":"140000743062","n":"23","nm":"PROFESSOR SILVANDO","cc":"CIDADANIA","nv":"RISO BASTOS","e":"n","st":"N\u00e3o eleito","dvt":"V\u00e1lido","vap":"287","pvap":"   2,27"},{"seq":"1","sqcand":"140000742885","n":"15","nm":"ALCINEIA FERRO","cc":"MDB - MDB / PSDB","nv":"ASSUERIO OLIVEIRA","e":"s","st":"Eleito","dvt":"V\u00e1lido","vap":"6215","pvap":"  49,18"}]}
