{"ele":"426","tpabr":"mu","cdabr":"04499","carper":"11","t":"1","f":"o","dt":"15/11/2020","ht":"18:03:46","dv":"s","tf":"s","v":"1","esae":"n","mnae":"","s":"51","st":"51","pst":" 100,00","snt":"0","psnt":"   0,00","si":"51","psi":" 100,00","sni":"0","psni":"   0,00","sa":"51","psa":" 100,00","sna":"0","psna":"   0,00","e":"13298","ea":"13298","pea":" 100,00","ena":"0","pena":"   0,00","esi":"13298","pesi":" 100,00","esni":"0","pesni":"   0,00","c":"10964","pc":"  82,45","a":"2334","pa":"  17,55","vscv":"0","vnom":"10486","pvnom":" 100,00","vvc":"10486","pvvc":"  95,64","vb":"45","pvb":"   0,41","tvn":"433","ptvn":"   3,95","vn":"433","pvn":" 100,00","vnt":"0","pvnt":"   0,00","vp":"0","pvp":"   0,00","vv":"10486","pvv":" 100,00","van":"0","pvan":"   0,00","vansj":"0","pvansj":"   0,00","tv":"10964","cand":[{"seq":"5","sqcand":"140001143137","n":"19","nm":"PROFESSOR EDGAR QUADROS","cc":"PODE - PODE / PDT","nv":"RONEIDE CUNHA","e":"n","st":"N\u00e3o eleito","dvt":"V\u00e1lido","vap":"857","pvap":"   8,17"},{"seq":"4","sqcand":"140001143293","n":"15","nm":"SOLANGE LOBATO","cc":"MDB - MDB / CIDADANIA","nv":"ALFREDO BRITO","e":"n","st":"N\u00e3o eleito","dvt":"V\u00e1lido","vap":"1882","pvap":"  17,95"},{"seq":"1","sqcand":"140001102992","n":"14","nm":"PASTOR ZEQUINHA","cc":"PTB - PTB / PATRIOTA / PT","nv":"MIGUEL PAMPLONA","e":"s","st":"Eleito","dvt":"V\u00e1lido","vap":"2969","pvap":"  28,31"},{"seq":"3","sqcand":"140000693654","n":"25","nm":"ALDEMIR RAMOS","cc":"DEM","nv":"JORGE MARTINS","e":"n","st":"N\u00e3o eleito","dvt":"V\u00e1lido","vap":"2070","pvap":"  19,74"},{"seq":"2","sqcand":"140001142242","n":"22","nm":"ISRAEL LOUZEIRO","cc":"PL - PP / PL / PSD","nv":"D\u00caNIS NOGUEIRA","e":"n","st":"N\u00e3o eleito","dvt":"V\u00e1lido","vap":"2708","pvap":"  25,82"}]}
