{"ele":"426","tpabr":"mu","cdabr":"04502","carper":"11","t":"1","f":"o","dt":"15/11/2020","ht":"22:19:44","dv":"s","tf":"s","v":"1","esae":"n","mnae":"","s":"18","st":"18","pst":" 100,00","snt":"0","psnt":"   0,00","si":"18","psi":" 100,00","sni":"0","psni":"   0,00","sa":"18","psa":" 100,00","sna":"0","psna":"   0,00","e":"5331","ea":"5331","pea":" 100,00","ena":"0","pena":"   0,00","esi":"5331","pesi":" 100,00","esni":"0","pesni":"   0,00","c":"4680","pc":"  87,79","a":"651","pa":"  12,21","vscv":"0","vnom":"4577","pvnom":" 100,00","vvc":"4577","pvvc":"  97,80","vb":"16","pvb":"   0,34","tvn":"87","ptvn":"   1,86","vn":"87","pvn":" 100,00","vnt":"0","pvnt":"   0,00","vp":"0","pvp":"   0,00","vv":"4577","pvv":" 100,00","van":"0","pvan":"   0,00","vansj":"0","pvansj":"   0,00","tv":"4680","cand":[{"seq":"2","sqcand":"140000762001","n":"11","nm":"HIDELFONSO","cc":"PP - PP / MDB","nv":"KEILINHA","e":"n","st":"N\u00e3o eleito","dvt":"V\u00e1lido","vap":"2248","pvap":"  49,12"},{"seq":"1","sqcand":"140001034077","n":"22","nm":"ANT\u00d4NIO CALHAU","cc":"PL - PL / PSC / PSB","nv":"EVANDRO DA SERRARIA","e":"s","st":"Eleito","dvt":"V\u00e1lido","vap":"2329","pvap":"  50,88"}]}
