{"ele":"426","tpabr":"mu","cdabr":"04510","carper":"11","t":"1","f":"o","dt":"15/11/2020","ht":"23:09:58","dv":"s","tf":"s","v":"1","esae":"s","mnae":"Candidato com maior vota\u00e7\u00e3o nominal anulada ou anulada sub judice.Soma de votos de candidatos com vota\u00e7\u00e3o anulada e anulada sub judice ultrapassou 50% do total da vota\u00e7\u00e3o nominal.","s":"37","st":"37","pst":" 100,00","snt":"0","psnt":"   0,00","si":"37","psi":" 100,00","sni":"0","psni":"   0,00","sa":"37","psa":" 100,00","sna":"0","psna":"   0,00","e":"10815","ea":"10815","pea":" 100,00","ena":"0","pena":"   0,00","esi":"10815","pesi":" 100,00","esni":"0","pesni":"   0,00","c":"9027","pc":"  83,47","a":"1788","pa":"  16,53","vscv":"0","vnom":"3913","pvnom":" 100,00","vvc":"8741","pvvc":"  96,83","vb":"63","pvb":"   0,70","tvn":"223","ptvn":"   2,47","vn":"223","pvn":" 100,00","vnt":"0","pvnt":"   0,00","vp":"0","pvp":"   0,00","vv":"3913","pvv":"  44,77","van":"0","pvan":"   0,00","vansj":"4828","pvansj":"  55,23","tv":"9027","cand":[{"seq":"1","sqcand":"140000723364","n":"15","nm":"MARIA LUCIMAR","cc":"MDB - PROS / PMN / PSD / MDB","nv":"NILZINHO","e":"n","st":"N\u00e3o eleito","dvt":"Anulado sub judice","vap":"4828","pvap":"  55,23"},{"seq":"2","sqcand":"140000883221","n":"45","nm":"CAMAR\u00c3O","cc":"PSDB - PSDB / PDT / REPUBLICANOS / PSC","nv":"JEFINHO","e":"n","st":"N\u00e3o eleito","dvt":"V\u00e1lido","vap":"3913","pvap":"  44,77"}]}
