{"ele":"426","tpabr":"mu","cdabr":"04529","carper":"11","t":"1","f":"o","dt":"15/11/2020","ht":"22:03:55","dv":"s","tf":"s","v":"1","esae":"n","mnae":"","s":"24","st":"24","pst":" 100,00","snt":"0","psnt":"   0,00","si":"24","psi":" 100,00","sni":"0","psni":"   0,00","sa":"24","psa":" 100,00","sna":"0","psna":"   0,00","e":"6577","ea":"6577","pea":" 100,00","ena":"0","pena":"   0,00","esi":"6577","pesi":" 100,00","esni":"0","pesni":"   0,00","c":"5677","pc":"  86,32","a":"900","pa":"  13,68","vscv":"0","vnom":"5489","pvnom":" 100,00","vvc":"5489","pvvc":"  96,69","vb":"27","pvb":"   0,47","tvn":"161","ptvn":"   2,84","vn":"161","pvn":" 100,00","vnt":"0","pvnt":"   0,00","vp":"0","pvp":"   0,00","vv":"5489","pvv":" 100,00","van":"0","pvan":"   0,00","vansj":"0","pvansj":"   0,00","tv":"5677","cand":[{"seq":"5","sqcand":"140001253919","n":"65","nm":"PROF EDVAN RODRIGUES","cc":"PC do B - PC do B / CIDADANIA","nv":"MARCOS ANDRE","e":"n","st":"N\u00e3o eleito","dvt":"V\u00e1lido","vap":"14","pvap":"   0,26"},{"seq":"1","sqcand":"140000862824","n":"15","nm":"NEGO","cc":"MDB - MDB / PSB / PATRIOTA","nv":"RIBINHA","e":"s","st":"Eleito","dvt":"V\u00e1lido","vap":"2169","pvap":"  39,52"},{"seq":"2","sqcand":"140001252258","n":"22","nm":"ADEMILSON CLEMENTE","cc":"PL - PDT / PL","nv":"JO\u00c3O VICTOR","e":"n","st":"N\u00e3o eleito","dvt":"V\u00e1lido","vap":"1809","pvap":"  32,96"},{"seq":"4","sqcand":"140001252275","n":"14","nm":"PROFESSORA VILMINHA","cc":"PTB","nv":"IRM\u00c3 LUZIA","e":"n","st":"N\u00e3o eleito","dvt":"V\u00e1lido","vap":"211","pvap":"   3,84"},{"seq":"3","sqcand":"140001252274","n":"20","nm":"ELIZEU ARA\u00daJO","cc":"PSC - PSD / PSC","nv":"DR. MARCIO","e":"n","st":"N\u00e3o eleito","dvt":"V\u00e1lido","vap":"1286","pvap":"  23,43"}]}
