{"ele":"426","tpabr":"mu","cdabr":"04553","carper":"11","t":"1","f":"o","dt":"15/11/2020","ht":"22:55:22","dv":"s","tf":"s","v":"1","esae":"n","mnae":"","s":"73","st":"73","pst":" 100,00","snt":"0","psnt":"   0,00","si":"73","psi":" 100,00","sni":"0","psni":"   0,00","sa":"73","psa":" 100,00","sna":"0","psna":"   0,00","e":"21900","ea":"21900","pea":" 100,00","ena":"0","pena":"   0,00","esi":"21900","pesi":" 100,00","esni":"0","pesni":"   0,00","c":"18553","pc":"  84,72","a":"3347","pa":"  15,28","vscv":"0","vnom":"17934","pvnom":" 100,00","vvc":"17934","pvvc":"  96,66","vb":"75","pvb":"   0,41","tvn":"544","ptvn":"   2,93","vn":"544","pvn":" 100,00","vnt":"0","pvnt":"   0,00","vp":"0","pvp":"   0,00","vv":"17934","pvv":" 100,00","van":"0","pvan":"   0,00","vansj":"0","pvansj":"   0,00","tv":"18553","cand":[{"seq":"2","sqcand":"140001103034","n":"15","nm":"ALDA AIRES","cc":"MDB - MDB / PODE / PROS","nv":"ZUZUCA","e":"n","st":"N\u00e3o eleito","dvt":"V\u00e1lido","vap":"6859","pvap":"  38,25"},{"seq":"1","sqcand":"140001178085","n":"55","nm":"CLEBER EDSON","cc":"PSD - PATRIOTA / PMN / PSD / PL","nv":"ANTONIO PONTES","e":"s","st":"Eleito","dvt":"V\u00e1lido","vap":"7236","pvap":"  40,35"},{"seq":"6","sqcand":"140000885794","n":"28","nm":"COMANDANTE RONALDO","cc":"PRTB","nv":"LUCIO SANTOS","e":"n","st":"N\u00e3o eleito","dvt":"V\u00e1lido","vap":"112","pvap":"   0,62"},{"seq":"3","sqcand":"140001167523","n":"13","nm":"LEILA ARRUDA","cc":"PT - PT / PSC / PSB","nv":"ELINHO","e":"n","st":"N\u00e3o eleito","dvt":"V\u00e1lido","vap":"3022","pvap":"  16,85"},{"seq":"4","sqcand":"140000995247","n":"70","nm":"MARADONA","cc":"AVANTE - AVANTE / PTC","nv":"BOTELHO","e":"n","st":"N\u00e3o eleito","dvt":"V\u00e1lido","vap":"580","pvap":"   3,23"},{"seq":"5","sqcand":"140001178083","n":"25","nm":"HELIODORO OLIVEIRA","cc":"DEM","nv":"SALAZAR ALMEIDA","e":"n","st":"N\u00e3o eleito","dvt":"V\u00e1lido","vap":"125","pvap":"   0,70"}]}
