{"ele":"426","tpabr":"mu","cdabr":"04588","carper":"11","t":"1","f":"o","dt":"15/11/2020","ht":"22:02:43","dv":"s","tf":"s","v":"1","esae":"n","mnae":"","s":"11","st":"11","pst":" 100,00","snt":"0","psnt":"   0,00","si":"11","psi":" 100,00","sni":"0","psni":"   0,00","sa":"11","psa":" 100,00","sna":"0","psna":"   0,00","e":"2876","ea":"2876","pea":" 100,00","ena":"0","pena":"   0,00","esi":"2876","pesi":" 100,00","esni":"0","pesni":"   0,00","c":"2464","pc":"  85,67","a":"412","pa":"  14,33","vscv":"0","vnom":"1309","pvnom":" 100,00","vvc":"2384","pvvc":"  96,75","vb":"11","pvb":"   0,45","tvn":"69","ptvn":"   2,80","vn":"69","pvn":" 100,00","vnt":"0","pvnt":"   0,00","vp":"0","pvp":"   0,00","vv":"1309","pvv":"  54,91","van":"0","pvan":"   0,00","vansj":"1075","pvansj":"  45,09","tv":"2464","cand":[{"seq":"2","sqcand":"140000690620","n":"40","nm":"VALBER MILHOMEM","cc":"PSB - PSDB / PSB","nv":"CARLINHO DO POVO","e":"n","st":"N\u00e3o eleito","dvt":"Anulado sub judice","vap":"1075","pvap":"  45,09"},{"seq":"3","sqcand":"140000873935","n":"55","nm":"JOSIMAR BRACINHO","cc":"PSD","nv":"SANTIM","e":"n","st":"N\u00e3o eleito","dvt":"V\u00e1lido","vap":"127","pvap":"   5,33"},{"seq":"1","sqcand":"140000707429","n":"15","nm":"LUCINEIA ALVES","cc":"MDB - REPUBLICANOS / PT / PSC / MDB / PODE / PL","nv":"Z\u00c9 ANTONIO","e":"s","st":"Eleito","dvt":"V\u00e1lido","vap":"1182","pvap":"  49,58"}]}
