{"ele":"426","tpabr":"mu","cdabr":"04596","carper":"11","t":"1","f":"o","dt":"15/11/2020","ht":"22:32:05","dv":"s","tf":"s","v":"1","esae":"n","mnae":"","s":"22","st":"22","pst":" 100,00","snt":"0","psnt":"   0,00","si":"22","psi":" 100,00","sni":"0","psni":"   0,00","sa":"22","psa":" 100,00","sna":"0","psna":"   0,00","e":"6449","ea":"6449","pea":" 100,00","ena":"0","pena":"   0,00","esi":"6449","pesi":" 100,00","esni":"0","pesni":"   0,00","c":"5494","pc":"  85,19","a":"955","pa":"  14,81","vscv":"0","vnom":"3097","pvnom":" 100,00","vvc":"5412","pvvc":"  98,51","vb":"13","pvb":"   0,23","tvn":"69","ptvn":"   1,26","vn":"69","pvn":" 100,00","vnt":"0","pvnt":"   0,00","vp":"0","pvp":"   0,00","vv":"3097","pvv":"  57,22","van":"0","pvan":"   0,00","vansj":"2315","pvansj":"  42,78","tv":"5494","cand":[{"seq":"1","sqcand":"140001052136","n":"55","nm":"PAULO CARVALHO","cc":"PSD - PTB / DEM / PSD","nv":"BAICA","e":"s","st":"Eleito","dvt":"V\u00e1lido","vap":"3035","pvap":"  56,08"},{"seq":"3","sqcand":"140000789574","n":"17","nm":"ENFERMEIRA WAL","cc":"PSL","nv":"ANDREA SENA","e":"n","st":"N\u00e3o eleito","dvt":"V\u00e1lido","vap":"62","pvap":"   1,15"},{"seq":"2","sqcand":"140000747462","n":"15","nm":"JADY VIANA","cc":"MDB - PROS / MDB / PSDB / PRTB","nv":"SOCORRO SIQUEIRA","e":"n","st":"N\u00e3o eleito","dvt":"Anulado sub judice","vap":"2315","pvap":"  42,78"}]}
