{"ele":"426","tpabr":"mu","cdabr":"04600","carper":"11","t":"1","f":"o","dt":"15/11/2020","ht":"21:03:54","dv":"s","tf":"s","v":"1","esae":"n","mnae":"","s":"34","st":"34","pst":" 100,00","snt":"0","psnt":"   0,00","si":"34","psi":" 100,00","sni":"0","psni":"   0,00","sa":"34","psa":" 100,00","sna":"0","psna":"   0,00","e":"9926","ea":"9926","pea":" 100,00","ena":"0","pena":"   0,00","esi":"9926","pesi":" 100,00","esni":"0","pesni":"   0,00","c":"8611","pc":"  86,75","a":"1315","pa":"  13,25","vscv":"0","vnom":"8137","pvnom":" 100,00","vvc":"8137","pvvc":"  94,50","vb":"80","pvb":"   0,92","tvn":"394","ptvn":"   4,58","vn":"394","pvn":" 100,00","vnt":"0","pvnt":"   0,00","vp":"0","pvp":"   0,00","vv":"8137","pvv":" 100,00","van":"0","pvan":"   0,00","vansj":"0","pvansj":"   0,00","tv":"8611","cand":[{"seq":"2","sqcand":"140000649014","n":"55","nm":"ALVARENGA","cc":"PSD - PSD / PDT / PTB","nv":"DORA AMARAL","e":"n","st":"N\u00e3o eleito","dvt":"V\u00e1lido","vap":"4033","pvap":"  49,56"},{"seq":"1","sqcand":"140000865564","n":"15","nm":"DRA GRA\u00c7A","cc":"MDB - PT / PSC / PSB / MDB","nv":"PROF NEIDE","e":"s","st":"Eleito","dvt":"V\u00e1lido","vap":"4104","pvap":"  50,44"}]}
