{"ele":"426","tpabr":"mu","cdabr":"04618","carper":"11","t":"1","f":"o","dt":"15/11/2020","ht":"22:49:36","dv":"s","tf":"s","v":"1","esae":"n","mnae":"","s":"68","st":"68","pst":" 100,00","snt":"0","psnt":"   0,00","si":"68","psi":" 100,00","sni":"0","psni":"   0,00","sa":"68","psa":" 100,00","sna":"0","psna":"   0,00","e":"19911","ea":"19911","pea":" 100,00","ena":"0","pena":"   0,00","esi":"19911","pesi":" 100,00","esni":"0","pesni":"   0,00","c":"16942","pc":"  85,09","a":"2969","pa":"  14,91","vscv":"0","vnom":"16460","pvnom":" 100,00","vvc":"16460","pvvc":"  97,15","vb":"39","pvb":"   0,24","tvn":"443","ptvn":"   2,61","vn":"443","pvn":" 100,00","vnt":"0","pvnt":"   0,00","vp":"0","pvp":"   0,00","vv":"16460","pvv":" 100,00","van":"0","pvan":"   0,00","vansj":"0","pvansj":"   0,00","tv":"16942","cand":[{"seq":"2","sqcand":"140000835371","n":"13","nm":"BEN\u00c9 GAMA","cc":"PT - PT / PP","nv":"DAVISON PALHETA","e":"n","st":"N\u00e3o eleito","dvt":"V\u00e1lido","vap":"6565","pvap":"  39,88"},{"seq":"1","sqcand":"140000806913","n":"15","nm":"JO\u00c3OZINHO BATISTA","cc":"MDB - PATRIOTA / PL / PROS / MDB / PSD","nv":"IRACILDA ALHO","e":"s","st":"Eleito","dvt":"V\u00e1lido","vap":"8159","pvap":"  49,57"},{"seq":"3","sqcand":"140000981054","n":"20","nm":"MARCIO SHERLO","cc":"PSC","nv":"POMBINHO","e":"n","st":"N\u00e3o eleito","dvt":"V\u00e1lido","vap":"1736","pvap":"  10,55"}]}
