{"ele":"426","tpabr":"mu","cdabr":"04626","carper":"11","t":"1","f":"o","dt":"15/11/2020","ht":"22:27:21","dv":"s","tf":"s","v":"1","esae":"n","mnae":"","s":"45","st":"45","pst":" 100,00","snt":"0","psnt":"   0,00","si":"45","psi":" 100,00","sni":"0","psni":"   0,00","sa":"45","psa":" 100,00","sna":"0","psna":"   0,00","e":"12793","ea":"12793","pea":" 100,00","ena":"0","pena":"   0,00","esi":"12793","pesi":" 100,00","esni":"0","pesni":"   0,00","c":"10374","pc":"  81,09","a":"2419","pa":"  18,91","vscv":"0","vnom":"9697","pvnom":" 100,00","vvc":"9697","pvvc":"  93,47","vb":"174","pvb":"   1,68","tvn":"503","ptvn":"   4,85","vn":"503","pvn":" 100,00","vnt":"0","pvnt":"   0,00","vp":"0","pvp":"   0,00","vv":"9697","pvv":" 100,00","van":"0","pvan":"   0,00","vansj":"0","pvansj":"   0,00","tv":"10374","cand":[{"seq":"1","sqcand":"140001155665","n":"15","nm":"RAQUEL","cc":"MDB - MDB / PSDB","nv":"LEONIR HERMES","e":"s","st":"Eleito","dvt":"V\u00e1lido","vap":"6618","pvap":"  68,25"},{"seq":"2","sqcand":"140000827555","n":"20","nm":"GILBERTO MATIAS","cc":"PSC - DEM / PT / PSC","nv":"RODRIGO FALEIRO","e":"n","st":"N\u00e3o eleito","dvt":"V\u00e1lido","vap":"3079","pvap":"  31,75"}]}
