{"ele":"426","tpabr":"mu","cdabr":"04634","carper":"11","t":"1","f":"o","dt":"15/11/2020","ht":"22:18:06","dv":"s","tf":"s","v":"1","esae":"n","mnae":"","s":"96","st":"96","pst":" 100,00","snt":"0","psnt":"   0,00","si":"96","psi":" 100,00","sni":"0","psni":"   0,00","sa":"96","psa":" 100,00","sna":"0","psna":"   0,00","e":"30139","ea":"30139","pea":" 100,00","ena":"0","pena":"   0,00","esi":"30139","pesi":" 100,00","esni":"0","pesni":"   0,00","c":"24524","pc":"  81,37","a":"5615","pa":"  18,63","vscv":"0","vnom":"23578","pvnom":" 100,00","vvc":"23578","pvvc":"  96,14","vb":"282","pvb":"   1,15","tvn":"664","ptvn":"   2,71","vn":"664","pvn":" 100,00","vnt":"0","pvnt":"   0,00","vp":"0","pvp":"   0,00","vv":"23578","pvv":" 100,00","van":"0","pvan":"   0,00","vansj":"0","pvansj":"   0,00","tv":"24524","cand":[{"seq":"2","sqcand":"140000731372","n":"15","nm":"SANDRA UESUGI","cc":"MDB - MDB / PSD","nv":"BOSCO","e":"n","st":"N\u00e3o eleito","dvt":"V\u00e1lido","vap":"7029","pvap":"  29,81"},{"seq":"7","sqcand":"140001028697","n":"17","nm":"ZECA DA POTY","cc":"PSL","nv":"DIEGO DO PO\u00c7O","e":"n","st":"N\u00e3o eleito","dvt":"V\u00e1lido","vap":"266","pvap":"   1,13"},{"seq":"1","sqcand":"140000889837","n":"45","nm":"NORMANDO RIACH\u00c3O","cc":"PSDB","nv":"KARLA ANDIARA","e":"s","st":"Eleito","dvt":"V\u00e1lido","vap":"11132","pvap":"  47,21"},{"seq":"3","sqcand":"140000682000","n":"10","nm":"DR RONALDO LOPES","cc":"REPUBLICANOS","nv":"ROSINALDO AGUIAR","e":"n","st":"N\u00e3o eleito","dvt":"V\u00e1lido","vap":"3182","pvap":"  13,50"},{"seq":"6","sqcand":"140000943708","n":"90","nm":"BETO TORRES","cc":"PROS","nv":"VANINHA TAVARES","e":"n","st":"N\u00e3o eleito","dvt":"V\u00e1lido","vap":"510","pvap":"   2,16"},{"seq":"4","sqcand":"140000746332","n":"14","nm":"PAULO DA FUNER\u00c1RIA","cc":"PTB","nv":"VALDIR","e":"n","st":"N\u00e3o eleito","dvt":"V\u00e1lido","vap":"809","pvap":"   3,43"},{"seq":"5","sqcand":"140001033359","n":"50","nm":"RENILTON CRUZ","cc":"PSOL - PSOL / PT","nv":"DIVA","e":"n","st":"N\u00e3o eleito","dvt":"V\u00e1lido","vap":"650","pvap":"   2,76"}]}
