{"ele":"426","tpabr":"mu","cdabr":"04642","carper":"11","t":"1","f":"o","dt":"15/11/2020","ht":"23:57:18","dv":"s","tf":"s","v":"1","esae":"n","mnae":"","s":"219","st":"219","pst":" 100,00","snt":"0","psnt":"   0,00","si":"219","psi":" 100,00","sni":"0","psni":"   0,00","sa":"219","psa":" 100,00","sna":"0","psna":"   0,00","e":"77810","ea":"77810","pea":" 100,00","ena":"0","pena":"   0,00","esi":"77810","pesi":" 100,00","esni":"0","pesni":"   0,00","c":"65435","pc":"  84,10","a":"12375","pa":"  15,90","vscv":"0","vnom":"62064","pvnom":" 100,00","vvc":"62064","pvvc":"  94,85","vb":"1192","pvb":"   1,82","tvn":"2179","ptvn":"   3,33","vn":"2179","pvn":" 100,00","vnt":"0","pvnt":"   0,00","vp":"0","pvp":"   0,00","vv":"62064","pvv":" 100,00","van":"0","pvan":"   0,00","vansj":"0","pvansj":"   0,00","tv":"65435","cand":[{"seq":"5","sqcand":"140001206489","n":"22","nm":"ROBERTO ALCANTARA","cc":"PL - PL / PMB","nv":"ELIENE BEZERRA","e":"n","st":"N\u00e3o eleito","dvt":"V\u00e1lido","vap":"1089","pvap":"   1,75"},{"seq":"3","sqcand":"140001247024","n":"55","nm":"BATISTA","cc":"PSD - PROS / PRTB / PV / PSD / SOLIDARIEDADE / PSC / DC","nv":"BRUNO ROCHA","e":"n","st":"N\u00e3o eleito","dvt":"V\u00e1lido","vap":"10742","pvap":"  17,31"},{"seq":"6","sqcand":"140000951409","n":"50","nm":"BRUNO SANTIAGO ","cc":"PSOL","nv":"MEL SILVA","e":"n","st":"N\u00e3o eleito","dvt":"V\u00e1lido","vap":"353","pvap":"   0,57"},{"seq":"4","sqcand":"140001073706","n":"15","nm":"MELLO","cc":"MDB - MDB / PT / AVANTE / PSL / PDT","nv":"PROFESSORA L\u00d4RI","e":"n","st":"N\u00e3o eleito","dvt":"V\u00e1lido","vap":"6075","pvap":"   9,79"},{"seq":"1","sqcand":"140001202461","n":"10","nm":"PATRICIA","cc":"REPUBLICANOS - REPUBLICANOS / PODE / PTC / PP / PSB / REDE / PSDB / PATRIOTA","nv":"PASTORA RAFAELA","e":"s","st":"Eleito","dvt":"V\u00e1lido","vap":"21950","pvap":"  35,37"},{"seq":"2","sqcand":"140000833576","n":"14","nm":"EVERALDO ALEIXO","cc":"PTB - PTB / DEM / CIDADANIA","nv":"SILVANA CHAVES","e":"n","st":"N\u00e3o eleito","dvt":"V\u00e1lido","vap":"21516","pvap":"  34,67"},{"seq":"7","sqcand":"140001246691","n":"65","nm":"JORGE SANTA BRIGIDA","cc":"PC do B","nv":"PAULO FONTELLES","e":"n","st":"N\u00e3o eleito","dvt":"V\u00e1lido","vap":"339","pvap":"   0,55"}]}
