{"ele":"426","tpabr":"mu","cdabr":"04650","carper":"11","t":"1","f":"o","dt":"15/11/2020","ht":"22:18:12","dv":"s","tf":"s","v":"1","esae":"n","mnae":"","s":"149","st":"149","pst":" 100,00","snt":"0","psnt":"   0,00","si":"149","psi":" 100,00","sni":"0","psni":"   0,00","sa":"149","psa":" 100,00","sna":"0","psna":"   0,00","e":"48670","ea":"48670","pea":" 100,00","ena":"0","pena":"   0,00","esi":"48670","pesi":" 100,00","esni":"0","pesni":"   0,00","c":"40577","pc":"  83,37","a":"8093","pa":"  16,63","vscv":"0","vnom":"39122","pvnom":" 100,00","vvc":"39122","pvvc":"  96,41","vb":"367","pvb":"   0,91","tvn":"1088","ptvn":"   2,68","vn":"1088","pvn":" 100,00","vnt":"0","pvnt":"   0,00","vp":"0","pvp":"   0,00","vv":"39122","pvv":" 100,00","van":"0","pvan":"   0,00","vansj":"0","pvansj":"   0,00","tv":"40577","cand":[{"seq":"7","sqcand":"140001141642","n":"35","nm":"PROF JO\u00c3O BATISTA","cc":"PMB","nv":"JESUS","e":"n","st":"N\u00e3o eleito","dvt":"V\u00e1lido","vap":"135","pvap":"   0,35"},{"seq":"4","sqcand":"140000928730","n":"15","nm":"TONINHO PESO PESADO","cc":"MDB - MDB / PSD / PSC","nv":"JOCA PANTOJA","e":"n","st":"N\u00e3o eleito","dvt":"V\u00e1lido","vap":"7333","pvap":"  18,74"},{"seq":"3","sqcand":"140000745987","n":"22","nm":"DARINHO","cc":"PL - PRTB / PL","nv":"DRA. MAR\u00cdLIA","e":"n","st":"N\u00e3o eleito","dvt":"V\u00e1lido","vap":"8053","pvap":"  20,58"},{"seq":"6","sqcand":"140000671827","n":"43","nm":"ALADIM MARTINS","cc":"PV","nv":"DILMA MACIEL","e":"n","st":"N\u00e3o eleito","dvt":"V\u00e1lido","vap":"142","pvap":"   0,36"},{"seq":"2","sqcand":"140000744955","n":"90","nm":"ANTONIEL MIRANDA","cc":"PROS - PATRIOTA / PROS / PTB","nv":"CARMOSINHA","e":"n","st":"N\u00e3o eleito","dvt":"V\u00e1lido","vap":"10243","pvap":"  26,18"},{"seq":"5","sqcand":"140000880442","n":"50","nm":"PROFESSOR ISAAC ","cc":"PSOL","nv":"ROBERTO GARRINCHA ","e":"n","st":"N\u00e3o eleito","dvt":"V\u00e1lido","vap":"310","pvap":"   0,79"},{"seq":"1","sqcand":"140000664706","n":"13","nm":"PINA","cc":"PT - REPUBLICANOS / PT / CIDADANIA / PSB / PC do B","nv":"MARCELO CORREA","e":"s","st":"Eleito","dvt":"V\u00e1lido","vap":"12906","pvap":"  32,99"}]}
