{"ele":"426","tpabr":"mu","cdabr":"04677","carper":"11","t":"1","f":"o","dt":"15/11/2020","ht":"22:06:39","dv":"s","tf":"s","v":"1","esae":"n","mnae":"","s":"29","st":"29","pst":" 100,00","snt":"0","psnt":"   0,00","si":"29","psi":" 100,00","sni":"0","psni":"   0,00","sa":"29","psa":" 100,00","sna":"0","psna":"   0,00","e":"8402","ea":"8402","pea":" 100,00","ena":"0","pena":"   0,00","esi":"8402","pesi":" 100,00","esni":"0","pesni":"   0,00","c":"7546","pc":"  89,81","a":"856","pa":"  10,19","vscv":"0","vnom":"6250","pvnom":" 100,00","vvc":"7195","pvvc":"  95,35","vb":"96","pvb":"   1,27","tvn":"255","ptvn":"   3,38","vn":"255","pvn":" 100,00","vnt":"0","pvnt":"   0,00","vp":"0","pvp":"   0,00","vv":"6250","pvv":"  86,87","van":"0","pvan":"   0,00","vansj":"945","pvansj":"  13,13","tv":"7546","cand":[{"seq":"1","sqcand":"140000720835","n":"25","nm":"EGILASIO FEITOSA","cc":"DEM - PDT / PSD / DEM","nv":"NAZO","e":"s","st":"Eleito","dvt":"V\u00e1lido","vap":"3507","pvap":"  48,74"},{"seq":"3","sqcand":"140000742213","n":"65","nm":"PATRICIA BITTENCOURT","cc":"PC do B - PC do B / SOLIDARIEDADE","nv":"LIEDE MARTA SOUZA MONTEIRO","e":"n","st":"N\u00e3o eleito","dvt":"Anulado sub judice","vap":"945","pvap":"  13,13"},{"seq":"4","sqcand":"140001237224","n":"10","nm":"PROFESSOR REINALDO","cc":"REPUBLICANOS - REPUBLICANOS / PATRIOTA","nv":"GEOVANE PIRES","e":"n","st":"N\u00e3o eleito","dvt":"V\u00e1lido","vap":"752","pvap":"  10,45"},{"seq":"5","sqcand":"140001118600","n":"33","nm":"OTAVIO MORAES","cc":"PMN","nv":"VICTOR DO ROSARIO","e":"n","st":"N\u00e3o eleito","dvt":"V\u00e1lido","vap":"151","pvap":"   2,10"},{"seq":"2","sqcand":"140001035394","n":"22","nm":"CUBIL","cc":"PL - PL / MDB","nv":"HAROLDO","e":"n","st":"N\u00e3o eleito","dvt":"V\u00e1lido","vap":"1840","pvap":"  25,57"}]}
