{"ele":"426","tpabr":"mu","cdabr":"04707","carper":"11","t":"1","f":"o","dt":"15/11/2020","ht":"22:32:46","dv":"s","tf":"s","v":"1","esae":"n","mnae":"","s":"111","st":"111","pst":" 100,00","snt":"0","psnt":"   0,00","si":"111","psi":" 100,00","sni":"0","psni":"   0,00","sa":"111","psa":" 100,00","sna":"0","psna":"   0,00","e":"40583","ea":"40583","pea":" 100,00","ena":"0","pena":"   0,00","esi":"40583","pesi":" 100,00","esni":"0","pesni":"   0,00","c":"31920","pc":"  78,65","a":"8663","pa":"  21,35","vscv":"0","vnom":"28818","pvnom":" 100,00","vvc":"30758","pvvc":"  96,36","vb":"309","pvb":"   0,97","tvn":"853","ptvn":"   2,67","vn":"853","pvn":" 100,00","vnt":"0","pvnt":"   0,00","vp":"0","pvp":"   0,00","vv":"28818","pvv":"  93,69","van":"0","pvan":"   0,00","vansj":"1940","pvansj":"   6,31","tv":"31920","cand":[{"seq":"1","sqcand":"140000840251","n":"15","nm":"JOSEMIRA","cc":"MDB - MDB / PDT / PT / PP / PTB / PSC / PV / PROS","nv":"ZITO AUGUSTO","e":"s","st":"Eleito","dvt":"V\u00e1lido","vap":"18535","pvap":"  60,26"},{"seq":"3","sqcand":"140000840315","n":"28","nm":"ARILDO DA ESCRIMAT","cc":"PRTB","nv":"SAULIN","e":"n","st":"N\u00e3o eleito","dvt":"Anulado sub judice","vap":"1940","pvap":"   6,31"},{"seq":"4","sqcand":"140001034273","n":"45","nm":"JUNIOR SUPER","cc":"PSDB - PSDB / SOLIDARIEDADE","nv":"MARLENE NASCIMENTO","e":"n","st":"N\u00e3o eleito","dvt":"V\u00e1lido","vap":"184","pvap":"   0,60"},{"seq":"2","sqcand":"140000726192","n":"19","nm":"JEAN CARLOS","cc":"PODE - REPUBLICANOS / PATRIOTA / PODE / PSL / PL / DEM / PSD / AVANTE","nv":"GESIEL RIBEIRO","e":"n","st":"N\u00e3o eleito","dvt":"V\u00e1lido","vap":"9964","pvap":"  32,39"},{"seq":"5","sqcand":"140000655240","n":"36","nm":"ALEXSANDRO DA BONAN\u00c7A","cc":"PTC","nv":"PROFESSOR SAMUEL","e":"n","st":"N\u00e3o eleito","dvt":"V\u00e1lido","vap":"135","pvap":"   0,44"}]}
