{"ele":"426","tpabr":"mu","cdabr":"04715","carper":"11","t":"1","f":"o","dt":"15/11/2020","ht":"22:24:31","dv":"s","tf":"s","v":"1","esae":"n","mnae":"","s":"261","st":"261","pst":" 100,00","snt":"0","psnt":"   0,00","si":"261","psi":" 100,00","sni":"0","psni":"   0,00","sa":"261","psa":" 100,00","sna":"0","psna":"   0,00","e":"83975","ea":"83975","pea":" 100,00","ena":"0","pena":"   0,00","esi":"83975","pesi":" 100,00","esni":"0","pesni":"   0,00","c":"57574","pc":"  68,56","a":"26401","pa":"  31,44","vscv":"0","vnom":"54347","pvnom":" 100,00","vvc":"54347","pvvc":"  94,40","vb":"1091","pvb":"   1,89","tvn":"2136","ptvn":"   3,71","vn":"2136","pvn":" 100,00","vnt":"0","pvnt":"   0,00","vp":"0","pvp":"   0,00","vv":"54347","pvv":" 100,00","van":"0","pvan":"   0,00","vansj":"0","pvansj":"   0,00","tv":"57574","cand":[{"seq":"1","sqcand":"140000777897","n":"15","nm":"VALMIR CLIMACO","cc":"MDB - MDB / PSL / PP / AVANTE / PT / REPUBLICANOS / PRTB / DEM / SOLIDARIEDADE","nv":"NICODEMOS AGUIAR","e":"s","st":"Eleito","dvt":"V\u00e1lido","vap":"42077","pvap":"  77,42"},{"seq":"2","sqcand":"140000870112","n":"22","nm":"IVAN DALMEIDA","cc":"PL - PL / PTB / PSD / PDT / PSB","nv":"ROSELITO FILHO","e":"n","st":"N\u00e3o eleito","dvt":"V\u00e1lido","vap":"12270","pvap":"  22,58"}]}
