{"ele":"426","tpabr":"mu","cdabr":"04723","carper":"11","t":"1","f":"o","dt":"15/11/2020","ht":"22:48:33","dv":"s","tf":"s","v":"1","esae":"n","mnae":"","s":"62","st":"62","pst":" 100,00","snt":"0","psnt":"   0,00","si":"62","psi":" 100,00","sni":"0","psni":"   0,00","sa":"62","psa":" 100,00","sna":"0","psna":"   0,00","e":"21807","ea":"21807","pea":" 100,00","ena":"0","pena":"   0,00","esi":"21807","pesi":" 100,00","esni":"0","pesni":"   0,00","c":"17463","pc":"  80,08","a":"4344","pa":"  19,92","vscv":"0","vnom":"16478","pvnom":" 100,00","vvc":"16478","pvvc":"  94,36","vb":"198","pvb":"   1,13","tvn":"787","ptvn":"   4,51","vn":"787","pvn":" 100,00","vnt":"0","pvnt":"   0,00","vp":"0","pvp":"   0,00","vv":"16478","pvv":" 100,00","van":"0","pvan":"   0,00","vansj":"0","pvansj":"   0,00","tv":"17463","cand":[{"seq":"2","sqcand":"140000873882","n":"20","nm":"REGIS DOS POV\u00c3O","cc":"PSC - PT / PSC","nv":"JO\u00c3O UCHOA","e":"n","st":"N\u00e3o eleito","dvt":"V\u00e1lido","vap":"4414","pvap":"  26,79"},{"seq":"4","sqcand":"140000873351","n":"28","nm":"DRA. VERBENA PAZ","cc":"PRTB","nv":"OTONIEL DO DURVAL","e":"n","st":"N\u00e3o eleito","dvt":"V\u00e1lido","vap":"346","pvap":"   2,10"},{"seq":"1","sqcand":"140000858208","n":"15","nm":"AELTON FONSECA","cc":"MDB - PSDB / MDB / PSD","nv":"VANDA","e":"s","st":"Eleito","dvt":"V\u00e1lido","vap":"7478","pvap":"  45,38"},{"seq":"3","sqcand":"140001009765","n":"14","nm":"JOACY BOI FORTE","cc":"PTB - PTB / PATRIOTA","nv":"TOT\u00d3","e":"n","st":"N\u00e3o eleito","dvt":"V\u00e1lido","vap":"4240","pvap":"  25,73"}]}
