{"ele":"426","tpabr":"mu","cdabr":"04766","carper":"11","t":"1","f":"o","dt":"15/11/2020","ht":"22:13:25","dv":"s","tf":"s","v":"1","esae":"n","mnae":"","s":"50","st":"50","pst":" 100,00","snt":"0","psnt":"   0,00","si":"50","psi":" 100,00","sni":"0","psni":"   0,00","sa":"50","psa":" 100,00","sna":"0","psna":"   0,00","e":"14219","ea":"14219","pea":" 100,00","ena":"0","pena":"   0,00","esi":"14219","pesi":" 100,00","esni":"0","pesni":"   0,00","c":"11133","pc":"  78,30","a":"3086","pa":"  21,70","vscv":"0","vnom":"10795","pvnom":" 100,00","vvc":"10795","pvvc":"  96,96","vb":"53","pvb":"   0,48","tvn":"285","ptvn":"   2,56","vn":"285","pvn":" 100,00","vnt":"0","pvnt":"   0,00","vp":"0","pvp":"   0,00","vv":"10795","pvv":" 100,00","van":"0","pvan":"   0,00","vansj":"0","pvansj":"   0,00","tv":"11133","cand":[{"seq":"1","sqcand":"140000721256","n":"77","nm":"MUND\u00d4","cc":"SOLIDARIEDADE","nv":"MAGNO","e":"s","st":"Eleito","dvt":"V\u00e1lido","vap":"6121","pvap":"  56,70"},{"seq":"2","sqcand":"140000666823","n":"22","nm":"LEONARDO VALE","cc":"PL - PL / MDB / PT","nv":"ROSANGELA","e":"n","st":"N\u00e3o eleito","dvt":"V\u00e1lido","vap":"4674","pvap":"  43,30"}]}
