{"ele":"426","tpabr":"mu","cdabr":"04782","carper":"11","t":"1","f":"o","dt":"15/11/2020","ht":"22:36:33","dv":"s","tf":"s","v":"1","esae":"n","mnae":"","s":"34","st":"34","pst":" 100,00","snt":"0","psnt":"   0,00","si":"34","psi":" 100,00","sni":"0","psni":"   0,00","sa":"34","psa":" 100,00","sna":"0","psna":"   0,00","e":"9739","ea":"9739","pea":" 100,00","ena":"0","pena":"   0,00","esi":"9739","pesi":" 100,00","esni":"0","pesni":"   0,00","c":"7476","pc":"  76,76","a":"2263","pa":"  23,24","vscv":"0","vnom":"7205","pvnom":" 100,00","vvc":"7205","pvvc":"  96,38","vb":"41","pvb":"   0,54","tvn":"230","ptvn":"   3,08","vn":"230","pvn":" 100,00","vnt":"0","pvnt":"   0,00","vp":"0","pvp":"   0,00","vv":"7205","pvv":" 100,00","van":"0","pvan":"   0,00","vansj":"0","pvansj":"   0,00","tv":"7476","cand":[{"seq":"2","sqcand":"140000853543","n":"12","nm":"RICARDO BARROS","cc":"PDT - PSC / PDT","nv":"FLAVIO VIDAL","e":"n","st":"N\u00e3o eleito","dvt":"V\u00e1lido","vap":"3144","pvap":"  43,64"},{"seq":"1","sqcand":"140001006824","n":"15","nm":"LAANE BARROS","cc":"MDB - PT / MDB / PODE / PSB / PSD","nv":"MARCOS ROG\u00c9RIO","e":"s","st":"Eleito","dvt":"V\u00e1lido","vap":"4061","pvap":"  56,36"}]}
