{"ele":"426","tpabr":"mu","cdabr":"04790","carper":"11","t":"1","f":"o","dt":"15/11/2020","ht":"22:28:06","dv":"s","tf":"s","v":"1","esae":"n","mnae":"","s":"64","st":"64","pst":" 100,00","snt":"0","psnt":"   0,00","si":"64","psi":" 100,00","sni":"0","psni":"   0,00","sa":"64","psa":" 100,00","sna":"0","psna":"   0,00","e":"20464","ea":"20464","pea":" 100,00","ena":"0","pena":"   0,00","esi":"20464","pesi":" 100,00","esni":"0","pesni":"   0,00","c":"18084","pc":"  88,37","a":"2380","pa":"  11,63","vscv":"0","vnom":"17661","pvnom":" 100,00","vvc":"17661","pvvc":"  97,66","vb":"76","pvb":"   0,42","tvn":"347","ptvn":"   1,92","vn":"347","pvn":" 100,00","vnt":"0","pvnt":"   0,00","vp":"0","pvp":"   0,00","vv":"17661","pvv":" 100,00","van":"0","pvan":"   0,00","vansj":"0","pvansj":"   0,00","tv":"18084","cand":[{"seq":"1","sqcand":"140000725171","n":"45","nm":"ALCIDES","cc":"PSDB - PSDB / PDT / PSC","nv":"AVI\u00da","e":"s","st":"Eleito","dvt":"V\u00e1lido","vap":"9450","pvap":"  53,51"},{"seq":"4","sqcand":"140000727260","n":"50","nm":"PROF ISRAEL","cc":"PSOL","nv":"BERTOLDO TRINDADE","e":"n","st":"N\u00e3o eleito","dvt":"V\u00e1lido","vap":"162","pvap":"   0,92"},{"seq":"2","sqcand":"140000921749","n":"13","nm":"CARLINHOS","cc":"PT - PT / PODE / PSB","nv":"VALDIR GAIA","e":"n","st":"N\u00e3o eleito","dvt":"V\u00e1lido","vap":"7773","pvap":"  44,01"},{"seq":"3","sqcand":"140000724725","n":"22","nm":"LUCIVAL LE\u00c3O","cc":"PL - PL / DEM","nv":"CELINO ALVES","e":"n","st":"N\u00e3o eleito","dvt":"V\u00e1lido","vap":"276","pvap":"   1,56"}]}
