{"ele":"426","tpabr":"mu","cdabr":"04812","carper":"11","t":"1","f":"o","dt":"15/11/2020","ht":"22:21:21","dv":"s","tf":"s","v":"1","esae":"n","mnae":"","s":"29","st":"29","pst":" 100,00","snt":"0","psnt":"   0,00","si":"29","psi":" 100,00","sni":"0","psni":"   0,00","sa":"29","psa":" 100,00","sna":"0","psna":"   0,00","e":"8075","ea":"8075","pea":" 100,00","ena":"0","pena":"   0,00","esi":"8075","pesi":" 100,00","esni":"0","pesni":"   0,00","c":"6865","pc":"  85,02","a":"1210","pa":"  14,98","vscv":"0","vnom":"6696","pvnom":" 100,00","vvc":"6733","pvvc":"  98,08","vb":"27","pvb":"   0,39","tvn":"105","ptvn":"   1,53","vn":"105","pvn":" 100,00","vnt":"0","pvnt":"   0,00","vp":"0","pvp":"   0,00","vv":"6696","pvv":"  99,45","van":"0","pvan":"   0,00","vansj":"37","pvansj":"   0,55","tv":"6865","cand":[{"seq":"2","sqcand":"140000890026","n":"45","nm":"BUJARU","cc":"PSDB - PSDB / SOLIDARIEDADE","nv":"TICO","e":"n","st":"N\u00e3o eleito","dvt":"V\u00e1lido","vap":"2084","pvap":"  30,95"},{"seq":"3","sqcand":"140000772862","n":"12","nm":"RUY PAIX\u00c3O","cc":"PDT","nv":"BOCA","e":"n","st":"N\u00e3o eleito","dvt":"V\u00e1lido","vap":"479","pvap":"   7,11"},{"seq":"1","sqcand":"140001033972","n":"55","nm":"PROFESSORA MARLENE BORGE","cc":"PSD - PTC / PSD","nv":"BARRIGA","e":"s","st":"Eleito","dvt":"V\u00e1lido","vap":"3348","pvap":"  49,73"},{"seq":"6","sqcand":"140000928464","n":"23","nm":"MANFRINI","cc":"CIDADANIA","nv":"PROFESSORA LUCILENE","e":"n","st":"N\u00e3o eleito","dvt":"V\u00e1lido","vap":"195","pvap":"   2,90"},{"seq":"8","sqcand":"140001226489","n":"19","nm":"AZLE BRAGA","cc":"PODE","nv":"NALDO SANTOS","e":"n","st":"N\u00e3o eleito","dvt":"V\u00e1lido","vap":"0","pvap":"00.00"},{"seq":"5","sqcand":"140001123094","n":"22","nm":"YARA BOMFIM","cc":"PL","nv":"PASTOR WELLINGTON","e":"n","st":"N\u00e3o eleito","dvt":"V\u00e1lido","vap":"266","pvap":"   3,95"},{"seq":"7","sqcand":"140001145179","n":"15","nm":"GERSON MIRANDA","cc":"MDB - MDB / PTB","nv":"TINHO","e":"n","st":"N\u00e3o eleito","dvt":"Anulado sub judice","vap":"37","pvap":"   0,55"},{"seq":"4","sqcand":"140000819160","n":"20","nm":"RISALVA TEIXEIRA","cc":"PSC","nv":"PASTORA CLAUDETE","e":"n","st":"N\u00e3o eleito","dvt":"V\u00e1lido","vap":"324","pvap":"   4,81"}]}
