{"ele":"426","tpabr":"mu","cdabr":"04820","carper":"11","t":"1","f":"o","dt":"15/11/2020","ht":"22:13:28","dv":"s","tf":"s","v":"1","esae":"n","mnae":"","s":"18","st":"18","pst":" 100,00","snt":"0","psnt":"   0,00","si":"18","psi":" 100,00","sni":"0","psni":"   0,00","sa":"18","psa":" 100,00","sna":"0","psna":"   0,00","e":"5482","ea":"5482","pea":" 100,00","ena":"0","pena":"   0,00","esi":"5482","pesi":" 100,00","esni":"0","pesni":"   0,00","c":"4806","pc":"  87,67","a":"676","pa":"  12,33","vscv":"0","vnom":"4660","pvnom":" 100,00","vvc":"4660","pvvc":"  96,96","vb":"37","pvb":"   0,77","tvn":"109","ptvn":"   2,27","vn":"109","pvn":" 100,00","vnt":"0","pvnt":"   0,00","vp":"0","pvp":"   0,00","vv":"4660","pvv":" 100,00","van":"0","pvan":"   0,00","vansj":"0","pvansj":"   0,00","tv":"4806","cand":[{"seq":"2","sqcand":"140000841472","n":"45","nm":"CARLOS FEITOSA","cc":"PSDB - DEM / PSD / PSDB / PDT","nv":"ILZO CRISTO","e":"n","st":"N\u00e3o eleito","dvt":"V\u00e1lido","vap":"2023","pvap":"  43,41"},{"seq":"3","sqcand":"140000990987","n":"20","nm":"DAN FELIX","cc":"PSC","nv":"LENY COUTO","e":"n","st":"N\u00e3o eleito","dvt":"V\u00e1lido","vap":"184","pvap":"   3,95"},{"seq":"1","sqcand":"140001170119","n":"15","nm":"PASTOR FLORIANO","cc":"MDB - PT / MDB","nv":"ROSO","e":"s","st":"Eleito","dvt":"V\u00e1lido","vap":"2453","pvap":"  52,64"}]}
