{"ele":"426","tpabr":"mu","cdabr":"04910","carper":"11","t":"1","f":"o","dt":"15/11/2020","ht":"22:53:08","dv":"s","tf":"s","v":"1","esae":"n","mnae":"","s":"81","st":"81","pst":" 100,00","snt":"0","psnt":"   0,00","si":"81","psi":" 100,00","sni":"0","psni":"   0,00","sa":"81","psa":" 100,00","sna":"0","psna":"   0,00","e":"25361","ea":"25361","pea":" 100,00","ena":"0","pena":"   0,00","esi":"25361","pesi":" 100,00","esni":"0","pesni":"   0,00","c":"21565","pc":"  85,03","a":"3796","pa":"  14,97","vscv":"0","vnom":"21005","pvnom":" 100,00","vvc":"21005","pvvc":"  97,40","vb":"132","pvb":"   0,62","tvn":"428","ptvn":"   1,98","vn":"428","pvn":" 100,00","vnt":"0","pvnt":"   0,00","vp":"0","pvp":"   0,00","vv":"21005","pvv":" 100,00","van":"0","pvan":"   0,00","vansj":"0","pvansj":"   0,00","tv":"21565","cand":[{"seq":"2","sqcand":"140000712711","n":"77","nm":"ROSIEL COSTA","cc":"SOLIDARIEDADE - CIDADANIA / PT / SOLIDARIEDADE","nv":"EDNO ROCHA","e":"n","st":"N\u00e3o eleito","dvt":"V\u00e1lido","vap":"7632","pvap":"  36,33"},{"seq":"1","sqcand":"140000929868","n":"15","nm":"COSME MACEDO","cc":"MDB - MDB / PMB / PSC / PL / PROS","nv":"ALUISIO DO TECA","e":"s","st":"Eleito","dvt":"V\u00e1lido","vap":"9646","pvap":"  45,92"},{"seq":"3","sqcand":"140000798131","n":"11","nm":"EDER BAIA","cc":"PP - PP / PSB / PSDB","nv":"DANIEL CUNHA","e":"n","st":"N\u00e3o eleito","dvt":"V\u00e1lido","vap":"3727","pvap":"  17,74"}]}
