{"ele":"426","tpabr":"mu","cdabr":"04952","carper":"11","t":"1","f":"o","dt":"15/11/2020","ht":"22:57:34","dv":"s","tf":"s","v":"1","esae":"n","mnae":"","s":"190","st":"190","pst":" 100,00","snt":"0","psnt":"   0,00","si":"190","psi":" 100,00","sni":"0","psni":"   0,00","sa":"190","psa":" 100,00","sna":"0","psna":"   0,00","e":"47773","ea":"47773","pea":" 100,00","ena":"0","pena":"   0,00","esi":"47773","pesi":" 100,00","esni":"0","pesni":"   0,00","c":"37113","pc":"  77,69","a":"10660","pa":"  22,31","vscv":"0","vnom":"34316","pvnom":" 100,00","vvc":"35776","pvvc":"  96,40","vb":"397","pvb":"   1,07","tvn":"940","ptvn":"   2,53","vn":"940","pvn":" 100,00","vnt":"0","pvnt":"   0,00","vp":"0","pvp":"   0,00","vv":"34316","pvv":"  95,92","van":"0","pvan":"   0,00","vansj":"1460","pvansj":"   4,08","tv":"37113","cand":[{"seq":"7","sqcand":"140001274679","n":"51","nm":"PITTA JUNIOR","cc":"PATRIOTA","nv":"MARCHA","e":"n","st":"N\u00e3o eleito","dvt":"V\u00e1lido","vap":"107","pvap":"   0,30"},{"seq":"4","sqcand":"140000985647","n":"10","nm":"ENG. RUD\u00c1 SALES","cc":"REPUBLICANOS","nv":"LEONIDAS DOS SANTOS","e":"n","st":"N\u00e3o eleito","dvt":"V\u00e1lido","vap":"2220","pvap":"   6,21"},{"seq":"5","sqcand":"140001155506","n":"14","nm":"JEAN VASCONCELOS","cc":"PTB - PROS / PTB","nv":"ONILDO MIRANDA","e":"n","st":"N\u00e3o eleito","dvt":"Anulado sub judice","vap":"1460","pvap":"   4,08"},{"seq":"1","sqcand":"140001155209","n":"15","nm":"MATHEUS ALMEIDA","cc":"MDB - MDB / PL","nv":"CABO LEONARDO","e":"s","st":"Eleito","dvt":"V\u00e1lido","vap":"11106","pvap":"  31,04"},{"seq":"3","sqcand":"140000987502","n":"20","nm":"FRANCE VASCONCELOS","cc":"PSC - PSC / PT","nv":"JOEL RIBEIRO","e":"n","st":"N\u00e3o eleito","dvt":"V\u00e1lido","vap":"8460","pvap":"  23,65"},{"seq":"6","sqcand":"140001155213","n":"18","nm":"JOAO EDSON","cc":"REDE","nv":"JUNIOR","e":"n","st":"N\u00e3o eleito","dvt":"V\u00e1lido","vap":"1435","pvap":"   4,01"},{"seq":"2","sqcand":"140000806463","n":"45","nm":"ANSELMO PICAN\u00c7O","cc":"PSDB - PSDB / PSD","nv":"ARINOS CHAVES","e":"n","st":"N\u00e3o eleito","dvt":"V\u00e1lido","vap":"10988","pvap":"  30,71"}]}
