{"ele":"426","tpabr":"mu","cdabr":"05010","carper":"11","t":"1","f":"o","dt":"15/11/2020","ht":"22:21:20","dv":"s","tf":"s","v":"1","esae":"n","mnae":"","s":"156","st":"156","pst":" 100,00","snt":"0","psnt":"   0,00","si":"156","psi":" 100,00","sni":"0","psni":"   0,00","sa":"156","psa":" 100,00","sna":"0","psna":"   0,00","e":"36094","ea":"36094","pea":" 100,00","ena":"0","pena":"   0,00","esi":"36094","pesi":" 100,00","esni":"0","pesni":"   0,00","c":"28103","pc":"  77,86","a":"7991","pa":"  22,14","vscv":"0","vnom":"27115","pvnom":" 100,00","vvc":"27115","pvvc":"  96,48","vb":"289","pvb":"   1,03","tvn":"699","ptvn":"   2,49","vn":"699","pvn":" 100,00","vnt":"0","pvnt":"   0,00","vp":"0","pvp":"   0,00","vv":"27115","pvv":" 100,00","van":"0","pvan":"   0,00","vansj":"0","pvansj":"   0,00","tv":"28103","cand":[{"seq":"2","sqcand":"140001145996","n":"22","nm":"CHICO ALFAIA","cc":"PL - PL / PSC / PSDB","nv":"ERALDO TAVARES","e":"n","st":"N\u00e3o eleito","dvt":"V\u00e1lido","vap":"8218","pvap":"  30,31"},{"seq":"1","sqcand":"140001146648","n":"15","nm":"JAIME SILVA","cc":"MDB - MDB / PSD","nv":"LINDOMAR MARINHO","e":"s","st":"Eleito","dvt":"V\u00e1lido","vap":"11156","pvap":"  41,14"},{"seq":"4","sqcand":"140001013993","n":"65","nm":"ISOMAR BARROS","cc":"PC do B","nv":"PROFESSOR ROSIVALDO","e":"n","st":"N\u00e3o eleito","dvt":"V\u00e1lido","vap":"956","pvap":"   3,53"},{"seq":"5","sqcand":"140000852790","n":"10","nm":"ROSE BARROS","cc":"REPUBLICANOS - CIDADANIA / REPUBLICANOS","nv":"RONALD SANTOS","e":"n","st":"N\u00e3o eleito","dvt":"V\u00e1lido","vap":"944","pvap":"   3,48"},{"seq":"7","sqcand":"140001231718","n":"70","nm":"C\u00c1RLEA BARA\u00daNA","cc":"AVANTE","nv":"GRACINHO SOUSA","e":"n","st":"N\u00e3o eleito","dvt":"V\u00e1lido","vap":"442","pvap":"   1,63"},{"seq":"3","sqcand":"140000975077","n":"19","nm":"ROSINALDO CARDOSO","cc":"PODE - PODE / PMN","nv":"DERINALDO BI\u00c1","e":"n","st":"N\u00e3o eleito","dvt":"V\u00e1lido","vap":"4848","pvap":"  17,88"},{"seq":"6","sqcand":"140000892606","n":"13","nm":"JORJAO","cc":"PT","nv":"AUTA SANTAREM","e":"n","st":"N\u00e3o eleito","dvt":"V\u00e1lido","vap":"551","pvap":"   2,03"}]}
