{"ele":"426","tpabr":"mu","cdabr":"05037","carper":"11","t":"1","f":"o","dt":"15/11/2020","ht":"21:00:38","dv":"s","tf":"s","v":"1","esae":"n","mnae":"","s":"71","st":"71","pst":" 100,00","snt":"0","psnt":"   0,00","si":"71","psi":" 100,00","sni":"0","psni":"   0,00","sa":"71","psa":" 100,00","sna":"0","psna":"   0,00","e":"22007","ea":"22007","pea":" 100,00","ena":"0","pena":"   0,00","esi":"22007","pesi":" 100,00","esni":"0","pesni":"   0,00","c":"18839","pc":"  85,60","a":"3168","pa":"  14,40","vscv":"0","vnom":"18288","pvnom":" 100,00","vvc":"18288","pvvc":"  97,08","vb":"70","pvb":"   0,37","tvn":"481","ptvn":"   2,55","vn":"481","pvn":" 100,00","vnt":"0","pvnt":"   0,00","vp":"0","pvp":"   0,00","vv":"18288","pvv":" 100,00","van":"0","pvan":"   0,00","vansj":"0","pvansj":"   0,00","tv":"18839","cand":[{"seq":"3","sqcand":"140000642246","n":"20","nm":"IVAIL ARA\u00daJO (VADOCA)","cc":"PSC - PSC / PL","nv":"\u00c1UREA PINHEIRO LINDALVA","e":"n","st":"N\u00e3o eleito","dvt":"V\u00e1lido","vap":"4416","pvap":"  24,15"},{"seq":"2","sqcand":"140000746777","n":"15","nm":"DINALDO AIRES","cc":"MDB - MDB / PP","nv":"CARECA NABI\u00c7A","e":"n","st":"N\u00e3o eleito","dvt":"V\u00e1lido","vap":"4546","pvap":"  24,86"},{"seq":"4","sqcand":"140000746855","n":"12","nm":"JESUS NAHUM","cc":"PDT","nv":"RUBENS NELSON","e":"n","st":"N\u00e3o eleito","dvt":"V\u00e1lido","vap":"3494","pvap":"  19,11"},{"seq":"6","sqcand":"140000834351","n":"36","nm":"TATU","cc":"PTC","nv":"JANE LILIAN","e":"n","st":"N\u00e3o eleito","dvt":"V\u00e1lido","vap":"34","pvap":"   0,19"},{"seq":"5","sqcand":"140000803306","n":"55","nm":"ELY BATISTA","cc":"PSD - PT / PSD","nv":"ANDERSON ALMEIDA","e":"n","st":"N\u00e3o eleito","dvt":"V\u00e1lido","vap":"1202","pvap":"   6,57"},{"seq":"1","sqcand":"140001170748","n":"33","nm":"GILMA RIBEIRO","cc":"PMN - PMN / PSDB","nv":"JOSE SILVA SIQUEIRA","e":"s","st":"Eleito","dvt":"V\u00e1lido","vap":"4596","pvap":"  25,13"}]}
