{"ele":"426","tpabr":"mu","cdabr":"05053","carper":"11","t":"1","f":"o","dt":"15/11/2020","ht":"22:11:02","dv":"s","tf":"s","v":"1","esae":"n","mnae":"","s":"169","st":"169","pst":" 100,00","snt":"0","psnt":"   0,00","si":"169","psi":" 100,00","sni":"0","psni":"   0,00","sa":"169","psa":" 100,00","sna":"0","psna":"   0,00","e":"46340","ea":"46340","pea":" 100,00","ena":"0","pena":"   0,00","esi":"46340","pesi":" 100,00","esni":"0","pesni":"   0,00","c":"37032","pc":"  79,91","a":"9308","pa":"  20,09","vscv":"0","vnom":"27380","pvnom":" 100,00","vvc":"35980","pvvc":"  97,16","vb":"189","pvb":"   0,51","tvn":"863","ptvn":"   2,33","vn":"863","pvn":" 100,00","vnt":"0","pvnt":"   0,00","vp":"0","pvp":"   0,00","vv":"27380","pvv":"  76,10","van":"0","pvan":"   0,00","vansj":"8600","pvansj":"  23,90","tv":"37032","cand":[{"seq":"5","sqcand":"140001230209","n":"51","nm":"H\u00c9RCULES SOUZA","cc":"PATRIOTA","nv":"JO\u00c3O PAULO","e":"n","st":"N\u00e3o eleito","dvt":"V\u00e1lido","vap":"160","pvap":"   0,44"},{"seq":"2","sqcand":"140000792945","n":"14","nm":"ANGELO FERRARI","cc":"PTB - PTB / CIDADANIA / PSB / PSD / REPUBLICANOS / MDB / PODE","nv":"BRENO SOUZA","e":"n","st":"N\u00e3o eleito","dvt":"V\u00e1lido","vap":"13175","pvap":"  36,62"},{"seq":"1","sqcand":"140001231201","n":"28","nm":"DELEGADO FONSECA","cc":"PRTB - PSC / PRTB","nv":"ARGEMIRO DINIZ","e":"s","st":"Eleito","dvt":"V\u00e1lido","vap":"13277","pvap":"  36,90"},{"seq":"4","sqcand":"140001234163","n":"13","nm":"ZEQUINHA","cc":"PT","nv":"PROFESSOR SAVIO","e":"n","st":"N\u00e3o eleito","dvt":"V\u00e1lido","vap":"768","pvap":"   2,13"},{"seq":"3","sqcand":"140001242599","n":"45","nm":"GONZAGA","cc":"PSDB","nv":"PRETO SARUBI","e":"n","st":"N\u00e3o eleito","dvt":"Anulado sub judice","vap":"8486","pvap":"  23,59"},{"seq":"6","sqcand":"140001255127","n":"65","nm":"PASTOR ADILSON CORR\u00caA","cc":"PC do B","nv":"IRM\u00c3 NEUZA","e":"n","st":"N\u00e3o eleito","dvt":"Anulado sub judice","vap":"114","pvap":"   0,32"}]}
