{"ele":"426","tpabr":"mu","cdabr":"05096","carper":"11","t":"1","f":"o","dt":"15/11/2020","ht":"22:22:19","dv":"s","tf":"s","v":"1","esae":"n","mnae":"","s":"204","st":"204","pst":" 100,00","snt":"0","psnt":"   0,00","si":"204","psi":" 100,00","sni":"0","psni":"   0,00","sa":"204","psa":" 100,00","sna":"0","psna":"   0,00","e":"70282","ea":"70282","pea":" 100,00","ena":"0","pena":"   0,00","esi":"70282","pesi":" 100,00","esni":"0","pesni":"   0,00","c":"52655","pc":"  74,92","a":"17627","pa":"  25,08","vscv":"0","vnom":"49632","pvnom":" 100,00","vvc":"49632","pvvc":"  94,26","vb":"759","pvb":"   1,44","tvn":"2264","ptvn":"   4,30","vn":"2264","pvn":" 100,00","vnt":"0","pvnt":"   0,00","vp":"0","pvp":"   0,00","vv":"49632","pvv":" 100,00","van":"0","pvan":"   0,00","vansj":"0","pvansj":"   0,00","tv":"52655","cand":[{"seq":"3","sqcand":"140001035549","n":"51","nm":"PROFESSOR COLARES","cc":"PATRIOTA","nv":"CABO JACICLEI","e":"n","st":"N\u00e3o eleito","dvt":"V\u00e1lido","vap":"2229","pvap":"   4,49"},{"seq":"2","sqcand":"140000764587","n":"15","nm":"SIDNEY ROSA","cc":"MDB - PODE / PDT / MDB / PSDB / DC / DEM / PT / CIDADANIA / AVANTE","nv":"MOZIMEIRE","e":"n","st":"N\u00e3o eleito","dvt":"V\u00e1lido","vap":"22964","pvap":"  46,27"},{"seq":"1","sqcand":"140001151200","n":"55","nm":"DOUTOR LUCIDIO","cc":"PSD - PSD / PP / PTB / PSL / PSC / PSB","nv":"IRM\u00c3 VERA","e":"s","st":"Eleito","dvt":"V\u00e1lido","vap":"24439","pvap":"  49,24"}]}
