{"ele":"426","tpabr":"mu","cdabr":"05134","carper":"11","t":"1","f":"o","dt":"15/11/2020","ht":"23:14:11","dv":"s","tf":"s","v":"1","esae":"n","mnae":"","s":"60","st":"60","pst":" 100,00","snt":"0","psnt":"   0,00","si":"60","psi":" 100,00","sni":"0","psni":"   0,00","sa":"60","psa":" 100,00","sna":"0","psna":"   0,00","e":"20308","ea":"20308","pea":" 100,00","ena":"0","pena":"   0,00","esi":"20308","pesi":" 100,00","esni":"0","pesni":"   0,00","c":"16875","pc":"  83,10","a":"3433","pa":"  16,90","vscv":"0","vnom":"16260","pvnom":" 100,00","vvc":"16260","pvvc":"  96,36","vb":"100","pvb":"   0,59","tvn":"515","ptvn":"   3,05","vn":"515","pvn":" 100,00","vnt":"0","pvnt":"   0,00","vp":"0","pvp":"   0,00","vv":"16260","pvv":" 100,00","van":"0","pvan":"   0,00","vansj":"0","pvansj":"   0,00","tv":"16875","cand":[{"seq":"1","sqcand":"140000641532","n":"55","nm":"CONSUELO CASTRO","cc":"PSD - PSD / DEM / PP / PSDB / PSB / PTB","nv":"SANDOVAL BARBOSA","e":"s","st":"Eleito","dvt":"V\u00e1lido","vap":"4499","pvap":"  27,67"},{"seq":"7","sqcand":"140000733845","n":"23","nm":"MIGUEL BAIA","cc":"CIDADANIA","nv":"PROFESSORA ALINE","e":"n","st":"N\u00e3o eleito","dvt":"V\u00e1lido","vap":"554","pvap":"   3,41"},{"seq":"3","sqcand":"140000945330","n":"19","nm":"CICERO BRITO","cc":"PODE - PDT / PODE","nv":"GERMANO","e":"n","st":"N\u00e3o eleito","dvt":"V\u00e1lido","vap":"3192","pvap":"  19,63"},{"seq":"2","sqcand":"140000982483","n":"13","nm":"DED\u00c9 DA PESCA","cc":"PT - PT / MDB","nv":"DRA RUTH MAIA","e":"n","st":"N\u00e3o eleito","dvt":"V\u00e1lido","vap":"3780","pvap":"  23,25"},{"seq":"6","sqcand":"140000818211","n":"36","nm":"DR BERNARD","cc":"PTC","nv":"DIRCI AMANAJ\u00c1S","e":"n","st":"N\u00e3o eleito","dvt":"V\u00e1lido","vap":"610","pvap":"   3,75"},{"seq":"5","sqcand":"140000870448","n":"22","nm":"ELDA","cc":"PL - PL / PROS","nv":"CHARLES SHAN","e":"n","st":"N\u00e3o eleito","dvt":"V\u00e1lido","vap":"997","pvap":"   6,13"},{"seq":"4","sqcand":"140000639688","n":"20","nm":"BENE COLARES","cc":"PSC","nv":"ELIELSON DAMASCENO","e":"n","st":"N\u00e3o eleito","dvt":"V\u00e1lido","vap":"2628","pvap":"  16,16"}]}
