{"ele":"426","tpabr":"mu","cdabr":"05177","carper":"11","t":"1","f":"o","dt":"15/11/2020","ht":"22:04:25","dv":"s","tf":"s","v":"1","esae":"n","mnae":"","s":"70","st":"70","pst":" 100,00","snt":"0","psnt":"   0,00","si":"70","psi":" 100,00","sni":"0","psni":"   0,00","sa":"70","psa":" 100,00","sna":"0","psna":"   0,00","e":"21345","ea":"21345","pea":" 100,00","ena":"0","pena":"   0,00","esi":"21345","pesi":" 100,00","esni":"0","pesni":"   0,00","c":"18063","pc":"  84,62","a":"3282","pa":"  15,38","vscv":"0","vnom":"17600","pvnom":" 100,00","vvc":"17600","pvvc":"  97,44","vb":"51","pvb":"   0,28","tvn":"412","ptvn":"   2,28","vn":"412","pvn":" 100,00","vnt":"0","pvnt":"   0,00","vp":"0","pvp":"   0,00","vv":"17600","pvv":" 100,00","van":"0","pvan":"   0,00","vansj":"0","pvansj":"   0,00","tv":"18063","cand":[{"seq":"3","sqcand":"140001145168","n":"13","nm":"ANTONIO DUARTE","cc":"PT","nv":"GAL\u00c3","e":"n","st":"N\u00e3o eleito","dvt":"V\u00e1lido","vap":"124","pvap":"   0,70"},{"seq":"2","sqcand":"140000963856","n":"22","nm":"RAY DIESEL","cc":"PL - PL / DEM / REPUBLICANOS / PSDB","nv":"ELIANA LIMA","e":"n","st":"N\u00e3o eleito","dvt":"V\u00e1lido","vap":"7775","pvap":"  44,18"},{"seq":"1","sqcand":"140000748523","n":"14","nm":"BERG TRABALHO CAMPOS","cc":"PTB - PTB / MDB / PSC / PSD","nv":"PR ISMAEL","e":"s","st":"Eleito","dvt":"V\u00e1lido","vap":"9701","pvap":"  55,12"}]}
