{"ele":"426","tpabr":"mu","cdabr":"05290","carper":"11","t":"1","f":"o","dt":"15/11/2020","ht":"22:33:04","dv":"s","tf":"s","v":"1","esae":"n","mnae":"","s":"139","st":"139","pst":" 100,00","snt":"0","psnt":"   0,00","si":"139","psi":" 100,00","sni":"0","psni":"   0,00","sa":"139","psa":" 100,00","sna":"0","psna":"   0,00","e":"46590","ea":"46590","pea":" 100,00","ena":"0","pena":"   0,00","esi":"46590","pesi":" 100,00","esni":"0","pesni":"   0,00","c":"38376","pc":"  82,37","a":"8214","pa":"  17,63","vscv":"0","vnom":"36377","pvnom":" 100,00","vvc":"36377","pvvc":"  94,79","vb":"517","pvb":"   1,35","tvn":"1482","ptvn":"   3,86","vn":"1482","pvn":" 100,00","vnt":"0","pvnt":"   0,00","vp":"0","pvp":"   0,00","vv":"36377","pvv":" 100,00","van":"0","pvan":"   0,00","vansj":"0","pvansj":"   0,00","tv":"38376","cand":[{"seq":"2","sqcand":"140000935348","n":"27","nm":"TOT\u00d3","cc":"DC - PV / DC / MDB / PMB","nv":"SHIGUEO","e":"n","st":"N\u00e3o eleito","dvt":"V\u00e1lido","vap":"16003","pvap":"  43,99"},{"seq":"4","sqcand":"140000802206","n":"13","nm":"CORONEL ROCHA","cc":"PT - PT / PC do B / PDT / PSOL","nv":"PROFESSOR FRANCIEL PAZ","e":"n","st":"N\u00e3o eleito","dvt":"V\u00e1lido","vap":"1246","pvap":"   3,43"},{"seq":"5","sqcand":"140000759614","n":"11","nm":"IVANEIDE PESSOA","cc":"PP","nv":"IRANDIR PINTO","e":"n","st":"N\u00e3o eleito","dvt":"V\u00e1lido","vap":"605","pvap":"   1,66"},{"seq":"1","sqcand":"140000856825","n":"25","nm":"EVANDRO WATANABE","cc":"DEM - PTB / PODE / PSC / CIDADANIA / DEM / PSB / PSDB / PSD / PROS","nv":"GILSON FREITAS","e":"s","st":"Eleito","dvt":"V\u00e1lido","vap":"17074","pvap":"  46,94"},{"seq":"3","sqcand":"140000971983","n":"10","nm":"JAIME BRITO","cc":"REPUBLICANOS","nv":"VIRGILIO KENEDY","e":"n","st":"N\u00e3o eleito","dvt":"V\u00e1lido","vap":"1449","pvap":"   3,98"}]}
