{"ele":"426","tpabr":"mu","cdabr":"05312","carper":"11","t":"1","f":"o","dt":"15/11/2020","ht":"21:45:03","dv":"s","tf":"s","v":"1","esae":"n","mnae":"","s":"60","st":"60","pst":" 100,00","snt":"0","psnt":"   0,00","si":"60","psi":" 100,00","sni":"0","psni":"   0,00","sa":"60","psa":" 100,00","sna":"0","psna":"   0,00","e":"19553","ea":"19553","pea":" 100,00","ena":"0","pena":"   0,00","esi":"19553","pesi":" 100,00","esni":"0","pesni":"   0,00","c":"16969","pc":"  86,78","a":"2584","pa":"  13,22","vscv":"0","vnom":"16206","pvnom":" 100,00","vvc":"16206","pvvc":"  95,50","vb":"189","pvb":"   1,12","tvn":"574","ptvn":"   3,38","vn":"574","pvn":" 100,00","vnt":"0","pvnt":"   0,00","vp":"0","pvp":"   0,00","vv":"16206","pvv":" 100,00","van":"0","pvan":"   0,00","vansj":"0","pvansj":"   0,00","tv":"16969","cand":[{"seq":"1","sqcand":"140001170114","n":"55","nm":"ALCIR COSTA","cc":"PSD - PSDB / CIDADANIA / PSD / REPUBLICANOS / PATRIOTA","nv":"THIAGO LUCAS","e":"s","st":"Eleito","dvt":"V\u00e1lido","vap":"7854","pvap":"  48,46"},{"seq":"2","sqcand":"140000889297","n":"22","nm":"DIANA MELO","cc":"PL - PT / PL / PSC / DEM / MDB","nv":"PAULO GUERREIRO","e":"n","st":"N\u00e3o eleito","dvt":"V\u00e1lido","vap":"7815","pvap":"  48,22"},{"seq":"3","sqcand":"140000841490","n":"50","nm":"VANDERLEY DA SA\u00daDE","cc":"PSOL","nv":"CLEBSON PAIX\u00c3O","e":"n","st":"N\u00e3o eleito","dvt":"V\u00e1lido","vap":"537","pvap":"   3,31"}]}
