{"ele":"426","tpabr":"mu","cdabr":"05355","carper":"11","t":"1","f":"o","dt":"15/11/2020","ht":"22:49:07","dv":"s","tf":"s","v":"1","esae":"n","mnae":"","s":"754","st":"754","pst":" 100,00","snt":"0","psnt":"   0,00","si":"754","psi":" 100,00","sni":"0","psni":"   0,00","sa":"754","psa":" 100,00","sna":"0","psna":"   0,00","e":"221537","ea":"221537","pea":" 100,00","ena":"0","pena":"   0,00","esi":"221537","pesi":" 100,00","esni":"0","pesni":"   0,00","c":"174472","pc":"  78,76","a":"47065","pa":"  21,24","vscv":"0","vnom":"166449","pvnom":" 100,00","vvc":"166449","pvvc":"  95,40","vb":"2813","pvb":"   1,61","tvn":"5210","ptvn":"   2,99","vn":"5210","pvn":" 100,00","vnt":"0","pvnt":"   0,00","vp":"0","pvp":"   0,00","vv":"166449","pvv":" 100,00","van":"0","pvan":"   0,00","vansj":"0","pvansj":"   0,00","tv":"174472","cand":[{"seq":"3","sqcand":"140000750744","n":"20","nm":"JO\u00c3O PINGARILHO","cc":"PSC - PTC / PSC","nv":"ENFERMEIRA DANIELA","e":"n","st":"N\u00e3o eleito","dvt":"V\u00e1lido","vap":"13378","pvap":"   8,04"},{"seq":"6","sqcand":"140001119768","n":"43","nm":"VALDIR MATIAS JR","cc":"PV - PV / DC","nv":"RICARDO ALENCAR","e":"n","st":"N\u00e3o eleito","dvt":"V\u00e1lido","vap":"2815","pvap":"   1,69"},{"seq":"2","sqcand":"140001124992","n":"13","nm":"MARIA","cc":"PT - PT / PSB / PC do B / PP / PROS / REDE","nv":"BRUNO PAR\u00c1","e":"s","st":"2\u00ba turno","dvt":"V\u00e1lido","vap":"60051","pvap":"  36,08"},{"seq":"5","sqcand":"140001238802","n":"45","nm":"NEY SANTANA","cc":"PSDB","nv":"ROSIVALDO COLARES","e":"n","st":"N\u00e3o eleito","dvt":"V\u00e1lido","vap":"6672","pvap":"   4,01"},{"seq":"8","sqcand":"140000653605","n":"28","nm":"JESSON SANTOS","cc":"PRTB","nv":"CABO KATIANE","e":"n","st":"N\u00e3o eleito","dvt":"V\u00e1lido","vap":"1756","pvap":"   1,05"},{"seq":"4","sqcand":"140001119593","n":"51","nm":"CORONEL  TOMASO","cc":"PATRIOTA - PATRIOTA / PMN","nv":"PROFESSOR EDIVALDO BERNARDO","e":"n","st":"N\u00e3o eleito","dvt":"V\u00e1lido","vap":"7488","pvap":"   4,50"},{"seq":"1","sqcand":"140001124785","n":"25","nm":"N\u00c9LIO AGUIAR","cc":"DEM - REPUBLICANOS / PTB / CIDADANIA / PMB / PSD / AVANTE / PODE / PL / SOLIDARIEDADE / DEM / MDB","nv":"JOS\u00c9 MARIA TAPAJ\u00d3S","e":"s","st":"2\u00ba turno","dvt":"V\u00e1lido","vap":"71594","pvap":"  43,01"},{"seq":"7","sqcand":"140000653673","n":"17","nm":"PAULO BARRUDADA","cc":"PSL","nv":"PAUL\u00c3O DO CURUAI","e":"n","st":"N\u00e3o eleito","dvt":"V\u00e1lido","vap":"2695","pvap":"   1,62"}]}
