{"ele":"426","tpabr":"mu","cdabr":"05479","carper":"11","t":"1","f":"o","dt":"15/11/2020","ht":"22:21:52","dv":"s","tf":"s","v":"1","esae":"n","mnae":"","s":"49","st":"49","pst":" 100,00","snt":"0","psnt":"   0,00","si":"49","psi":" 100,00","sni":"0","psni":"   0,00","sa":"49","psa":" 100,00","sna":"0","psna":"   0,00","e":"14719","ea":"14719","pea":" 100,00","ena":"0","pena":"   0,00","esi":"14719","pesi":" 100,00","esni":"0","pesni":"   0,00","c":"12617","pc":"  85,72","a":"2102","pa":"  14,28","vscv":"0","vnom":"12175","pvnom":" 100,00","vvc":"12175","pvvc":"  96,50","vb":"98","pvb":"   0,77","tvn":"344","ptvn":"   2,73","vn":"341","pvn":"  99,13","vnt":"3","pvnt":"   0,87","vp":"0","pvp":"   0,00","vv":"12175","pvv":" 100,00","van":"0","pvan":"   0,00","vansj":"0","pvansj":"   0,00","tv":"12617","cand":[{"seq":"4","sqcand":"140001029713","n":"77","nm":"SIRI DA LATA","cc":"SOLIDARIEDADE","nv":"ANTONIO CAR\u00c1","e":"n","st":"N\u00e3o eleito","dvt":"V\u00e1lido","vap":"187","pvap":"   1,54"},{"seq":"1","sqcand":"140001035306","n":"55","nm":"PROFESSOR MARCOS","cc":"PSD - MDB / PSD / PSC","nv":"JESSICA MOTA","e":"s","st":"Eleito","dvt":"V\u00e1lido","vap":"5790","pvap":"  47,56"},{"seq":"3","sqcand":"140001028396","n":"11","nm":"AGUINALDO DO XER\u00c9M","cc":"PP - PTB / PL / PP","nv":"ASSIS DO PEBA","e":"n","st":"N\u00e3o eleito","dvt":"V\u00e1lido","vap":"653","pvap":"   5,36"},{"seq":"2","sqcand":"140000773400","n":"43","nm":"RONALDO NOBRE","cc":"PV - PSDB / PV / DEM","nv":"HUGO FONSECA","e":"n","st":"N\u00e3o eleito","dvt":"V\u00e1lido","vap":"5545","pvap":"  45,54"}]}
