{"ele":"426","tpabr":"mu","cdabr":"05576","carper":"11","t":"1","f":"o","dt":"15/11/2020","ht":"22:16:09","dv":"s","tf":"s","v":"1","esae":"n","mnae":"","s":"63","st":"63","pst":" 100,00","snt":"0","psnt":"   0,00","si":"63","psi":" 100,00","sni":"0","psni":"   0,00","sa":"63","psa":" 100,00","sna":"0","psna":"   0,00","e":"20865","ea":"20865","pea":" 100,00","ena":"0","pena":"   0,00","esi":"20865","pesi":" 100,00","esni":"0","pesni":"   0,00","c":"16902","pc":"  81,01","a":"3963","pa":"  18,99","vscv":"0","vnom":"16318","pvnom":" 100,00","vvc":"16318","pvvc":"  96,54","vb":"131","pvb":"   0,78","tvn":"453","ptvn":"   2,68","vn":"453","pvn":" 100,00","vnt":"0","pvnt":"   0,00","vp":"0","pvp":"   0,00","vv":"16318","pvv":" 100,00","van":"0","pvan":"   0,00","vansj":"0","pvansj":"   0,00","tv":"16902","cand":[{"seq":"2","sqcand":"140001100794","n":"13","nm":"PROF&#186;. NIC J\u00daNIOR","cc":"PT - SOLIDARIEDADE / PDT / DEM / PODE / PT","nv":"CASSIANO TIO CAPI","e":"n","st":"N\u00e3o eleito","dvt":"V\u00e1lido","vap":"5944","pvap":"  36,43"},{"seq":"1","sqcand":"140001133440","n":"22","nm":"GUTO GOUVEA","cc":"PL - PSL / PROS / PSC / PL / PTB / MDB","nv":"ALDRIN NUNES","e":"s","st":"Eleito","dvt":"V\u00e1lido","vap":"9977","pvap":"  61,14"},{"seq":"3","sqcand":"140000888837","n":"10","nm":"MEL\u00c9M","cc":"REPUBLICANOS","nv":"TINH\u00c3O","e":"n","st":"N\u00e3o eleito","dvt":"V\u00e1lido","vap":"397","pvap":"   2,43"}]}
