{"ele":"426","tpabr":"mu","cdabr":"05592","carper":"11","t":"1","f":"o","dt":"15/11/2020","ht":"22:07:59","dv":"s","tf":"s","v":"1","esae":"s","mnae":"Candidato com maior vota\u00e7\u00e3o nominal anulada ou anulada sub judice.Soma de votos de candidatos com vota\u00e7\u00e3o anulada e anulada sub judice ultrapassou 50% do total da vota\u00e7\u00e3o nominal.","s":"152","st":"152","pst":" 100,00","snt":"0","psnt":"   0,00","si":"152","psi":" 100,00","sni":"0","psni":"   0,00","sa":"152","psa":" 100,00","sna":"0","psna":"   0,00","e":"49807","ea":"49807","pea":" 100,00","ena":"0","pena":"   0,00","esi":"49807","pesi":" 100,00","esni":"0","pesni":"   0,00","c":"39859","pc":"  80,03","a":"9948","pa":"  19,97","vscv":"0","vnom":"8979","pvnom":" 100,00","vvc":"38122","pvvc":"  95,64","vb":"454","pvb":"   1,14","tvn":"1283","ptvn":"   3,22","vn":"1283","pvn":" 100,00","vnt":"0","pvnt":"   0,00","vp":"0","pvp":"   0,00","vv":"8979","pvv":"  23,55","van":"0","pvan":"   0,00","vansj":"29143","pvansj":"  76,45","tv":"39859","cand":[{"seq":"5","sqcand":"140000660650","n":"36","nm":"PAULO PAULADA","cc":"PTC","nv":"PASTOR EZEQUIEL","e":"n","st":"N\u00e3o eleito","dvt":"V\u00e1lido","vap":"297","pvap":"   0,78"},{"seq":"1","sqcand":"140000644809","n":"22","nm":"CARLOS VINICIOS","cc":"PL - PDT / PTB / PODE / CIDADANIA / DEM / PSOL / PSD / PL","nv":"LUCIENE","e":"n","st":"N\u00e3o eleito","dvt":"Anulado sub judice","vap":"29143","pvap":"  76,45"},{"seq":"3","sqcand":"140000924607","n":"51","nm":"MARCELO BARRETO","cc":"PATRIOTA - PATRIOTA / PSL","nv":"EVALDSON","e":"n","st":"N\u00e3o eleito","dvt":"V\u00e1lido","vap":"2906","pvap":"   7,62"},{"seq":"2","sqcand":"140001062571","n":"15","nm":"AURENICE RIBEIRO","cc":"MDB - PSB / PSDB / REPUBLICANOS / PT / MDB / PMN / PSC / PROS / DC","nv":"AMILTON CALIMAN","e":"n","st":"N\u00e3o eleito","dvt":"V\u00e1lido","vap":"5175","pvap":"  13,57"},{"seq":"4","sqcand":"140000644806","n":"28","nm":"PASTOR ABIMAEL SILVA","cc":"PRTB","nv":"PASTOR IVANDECI","e":"n","st":"N\u00e3o eleito","dvt":"V\u00e1lido","vap":"601","pvap":"   1,58"}]}
