{"ele":"426","tpabr":"mu","cdabr":"05630","carper":"11","t":"1","f":"o","dt":"15/11/2020","ht":"23:11:56","dv":"s","tf":"s","v":"1","esae":"n","mnae":"","s":"123","st":"123","pst":" 100,00","snt":"0","psnt":"   0,00","si":"123","psi":" 100,00","sni":"0","psni":"   0,00","sa":"123","psa":" 100,00","sna":"0","psna":"   0,00","e":"38612","ea":"38612","pea":" 100,00","ena":"0","pena":"   0,00","esi":"38612","pesi":" 100,00","esni":"0","pesni":"   0,00","c":"29991","pc":"  77,67","a":"8621","pa":"  22,33","vscv":"0","vnom":"28993","pvnom":" 100,00","vvc":"28993","pvvc":"  96,67","vb":"346","pvb":"   1,16","tvn":"652","ptvn":"   2,17","vn":"652","pvn":" 100,00","vnt":"0","pvnt":"   0,00","vp":"0","pvp":"   0,00","vv":"28993","pvv":" 100,00","van":"0","pvan":"   0,00","vansj":"0","pvansj":"   0,00","tv":"29991","cand":[{"seq":"3","sqcand":"140001205298","n":"22","nm":"NO\u00c9 PALHETA","cc":"PL","nv":"SIM\u00c3O DA JUBIRACA","e":"n","st":"N\u00e3o eleito","dvt":"V\u00e1lido","vap":"4810","pvap":"  16,59"},{"seq":"5","sqcand":"140000883317","n":"51","nm":"HOR\u00c1CIO MONTEIRO","cc":"PATRIOTA","nv":"CL\u00c1UDIO","e":"n","st":"N\u00e3o eleito","dvt":"V\u00e1lido","vap":"787","pvap":"   2,71"},{"seq":"2","sqcand":"140001039498","n":"15","nm":"MAURO ALEXANDRE","cc":"MDB - REPUBLICANOS / MDB","nv":"RONALDO MARIZ","e":"n","st":"N\u00e3o eleito","dvt":"V\u00e1lido","vap":"8625","pvap":"  29,75"},{"seq":"1","sqcand":"140000810142","n":"55","nm":"JOB JUNIOR","cc":"PSD - PT / PROS / PSD","nv":"MARCELO MIKALOKA","e":"s","st":"Eleito","dvt":"V\u00e1lido","vap":"10161","pvap":"  35,05"},{"seq":"4","sqcand":"140001124977","n":"45","nm":"CAMILLE VASCONCELOS","cc":"PSDB - PSDB / PDT / PSC","nv":"JESSICA PORTO","e":"n","st":"N\u00e3o eleito","dvt":"V\u00e1lido","vap":"4610","pvap":"  15,90"}]}
