{"ele":"426","tpabr":"mu","cdabr":"05738","carper":"11","t":"1","f":"o","dt":"15/11/2020","ht":"22:11:36","dv":"s","tf":"s","v":"1","esae":"n","mnae":"","s":"94","st":"94","pst":" 100,00","snt":"0","psnt":"   0,00","si":"94","psi":" 100,00","sni":"0","psni":"   0,00","sa":"94","psa":" 100,00","sna":"0","psna":"   0,00","e":"29722","ea":"29722","pea":" 100,00","ena":"0","pena":"   0,00","esi":"29722","pesi":" 100,00","esni":"0","pesni":"   0,00","c":"21256","pc":"  71,52","a":"8466","pa":"  28,48","vscv":"0","vnom":"20208","pvnom":" 100,00","vvc":"20208","pvvc":"  95,07","vb":"209","pvb":"   0,98","tvn":"839","ptvn":"   3,95","vn":"839","pvn":" 100,00","vnt":"0","pvnt":"   0,00","vp":"0","pvp":"   0,00","vv":"20208","pvv":" 100,00","van":"0","pvan":"   0,00","vansj":"0","pvansj":"   0,00","tv":"21256","cand":[{"seq":"4","sqcand":"140001235970","n":"51","nm":"JOAO DEMACON","cc":"PATRIOTA","nv":"PASTOR EDUARDO","e":"n","st":"N\u00e3o eleito","dvt":"V\u00e1lido","vap":"396","pvap":"   1,96"},{"seq":"3","sqcand":"140001030800","n":"17","nm":"DR ANTONIO","cc":"PSL","nv":"ADMA DE PAULA","e":"n","st":"N\u00e3o eleito","dvt":"V\u00e1lido","vap":"1373","pvap":"   6,79"},{"seq":"5","sqcand":"140000723787","n":"65","nm":"IRMAO TIZIU","cc":"PC do B","nv":"GIL DA GRAFICA","e":"n","st":"N\u00e3o eleito","dvt":"V\u00e1lido","vap":"48","pvap":"   0,24"},{"seq":"1","sqcand":"140000933609","n":"15","nm":"ADRIANA ANDRADE","cc":"MDB - PSC / PT / MDB / PSD / REPUBLICANOS","nv":"DAHU CARLOS BURANI MACHADO","e":"s","st":"Eleito","dvt":"V\u00e1lido","vap":"9818","pvap":"  48,58"},{"seq":"2","sqcand":"140000829145","n":"45","nm":"ARNALDO ROCHA","cc":"PSDB - PSDB / PDT / PODE / SOLIDARIEDADE / DEM","nv":"VOLMAR ","e":"n","st":"N\u00e3o eleito","dvt":"V\u00e1lido","vap":"8573","pvap":"  42,42"}]}
