{"ele":"426","tpabr":"mu","cdabr":"05770","carper":"11","t":"1","f":"o","dt":"15/11/2020","ht":"22:25:45","dv":"s","tf":"s","v":"1","esae":"n","mnae":"","s":"63","st":"63","pst":" 100,00","snt":"0","psnt":"   0,00","si":"63","psi":" 100,00","sni":"0","psni":"   0,00","sa":"63","psa":" 100,00","sna":"0","psna":"   0,00","e":"19092","ea":"19092","pea":" 100,00","ena":"0","pena":"   0,00","esi":"19092","pesi":" 100,00","esni":"0","pesni":"   0,00","c":"15542","pc":"  81,41","a":"3550","pa":"  18,59","vscv":"0","vnom":"14839","pvnom":" 100,00","vvc":"14839","pvvc":"  95,48","vb":"165","pvb":"   1,06","tvn":"538","ptvn":"   3,46","vn":"538","pvn":" 100,00","vnt":"0","pvnt":"   0,00","vp":"0","pvp":"   0,00","vv":"14839","pvv":" 100,00","van":"0","pvan":"   0,00","vansj":"0","pvansj":"   0,00","tv":"15542","cand":[{"seq":"4","sqcand":"140000986794","n":"40","nm":"TIAO LEITE","cc":"PSB","nv":"EVALDO SANTANA","e":"n","st":"N\u00e3o eleito","dvt":"V\u00e1lido","vap":"1223","pvap":"   8,24"},{"seq":"2","sqcand":"140000804210","n":"15","nm":"CELSO TRZECIAK","cc":"MDB - MDB / PROS / DEM","nv":"IRM\u00c3O LULA","e":"n","st":"N\u00e3o eleito","dvt":"V\u00e1lido","vap":"5453","pvap":"  36,75"},{"seq":"3","sqcand":"140000750892","n":"14","nm":"CLEDER BARTH","cc":"PTB - PTB / AVANTE","nv":"ADRIANA COUTO","e":"n","st":"N\u00e3o eleito","dvt":"V\u00e1lido","vap":"1762","pvap":"  11,87"},{"seq":"1","sqcand":"140000750691","n":"45","nm":"DR JULIO","cc":"PSDB - PDT / PT / PATRIOTA / PSC / PSDB / REPUBLICANOS","nv":"PENHA TEIXEIRA","e":"s","st":"Eleito","dvt":"V\u00e1lido","vap":"6401","pvap":"  43,14"}]}
