{"ele":"426","tpabr":"mu","cdabr":"05797","carper":"11","t":"1","f":"o","dt":"15/11/2020","ht":"22:35:23","dv":"s","tf":"s","v":"1","esae":"n","mnae":"","s":"72","st":"72","pst":" 100,00","snt":"0","psnt":"   0,00","si":"72","psi":" 100,00","sni":"0","psni":"   0,00","sa":"72","psa":" 100,00","sna":"0","psna":"   0,00","e":"20744","ea":"20744","pea":" 100,00","ena":"0","pena":"   0,00","esi":"20744","pesi":" 100,00","esni":"0","pesni":"   0,00","c":"15469","pc":"  74,57","a":"5275","pa":"  25,43","vscv":"0","vnom":"14749","pvnom":" 100,00","vvc":"14787","pvvc":"  95,59","vb":"102","pvb":"   0,66","tvn":"580","ptvn":"   3,75","vn":"580","pvn":" 100,00","vnt":"0","pvnt":"   0,00","vp":"0","pvp":"   0,00","vv":"14749","pvv":"  99,74","van":"0","pvan":"   0,00","vansj":"38","pvansj":"   0,26","tv":"15469","cand":[{"seq":"3","sqcand":"140001263025","n":"17","nm":"PAI DA PEDRA","cc":"PSL","nv":"GAROTINHO FORROZEIRO","e":"n","st":"N\u00e3o eleito","dvt":"Anulado sub judice","vap":"38","pvap":"   0,26"},{"seq":"1","sqcand":"140000925634","n":"14","nm":"DR JEFFERSON","cc":"PTB","nv":"DR EDISON","e":"s","st":"Eleito","dvt":"V\u00e1lido","vap":"8845","pvap":"  59,82"},{"seq":"2","sqcand":"140000745601","n":"15","nm":"BALA","cc":"MDB - PSDB / REPUBLICANOS / MDB / AVANTE / PL / PSC","nv":"MARCIA COSTA","e":"n","st":"N\u00e3o eleito","dvt":"V\u00e1lido","vap":"5904","pvap":"  39,93"}]}
