{"ele":"426","tpabr":"mu","cdabr":"05894","carper":"11","t":"1","f":"o","dt":"15/11/2020","ht":"22:27:39","dv":"s","tf":"s","v":"1","esae":"n","mnae":"","s":"67","st":"67","pst":" 100,00","snt":"0","psnt":"   0,00","si":"67","psi":" 100,00","sni":"0","psni":"   0,00","sa":"67","psa":" 100,00","sna":"0","psna":"   0,00","e":"18512","ea":"18512","pea":" 100,00","ena":"0","pena":"   0,00","esi":"18512","pesi":" 100,00","esni":"0","pesni":"   0,00","c":"14335","pc":"  77,44","a":"4177","pa":"  22,56","vscv":"0","vnom":"13845","pvnom":" 100,00","vvc":"13845","pvvc":"  96,58","vb":"124","pvb":"   0,87","tvn":"366","ptvn":"   2,55","vn":"366","pvn":" 100,00","vnt":"0","pvnt":"   0,00","vp":"0","pvp":"   0,00","vv":"13845","pvv":" 100,00","van":"0","pvan":"   0,00","vansj":"0","pvansj":"   0,00","tv":"14335","cand":[{"seq":"2","sqcand":"140000948083","n":"11","nm":"Z\u00c9 FILHO DA FARMACIA","cc":"PP - PP / PTB / PRTB / PSB / PDT","nv":"IRLEDIO DO SETENTA","e":"n","st":"N\u00e3o eleito","dvt":"V\u00e1lido","vap":"5821","pvap":"  42,04"},{"seq":"1","sqcand":"140001060210","n":"15","nm":"TAK\u00c1","cc":"MDB - PT / MDB / PSC","nv":"NENEM","e":"s","st":"Eleito","dvt":"V\u00e1lido","vap":"7558","pvap":"  54,59"},{"seq":"3","sqcand":"140001156581","n":"23","nm":"SIM\u00c3O DADALT","cc":"CIDADANIA","nv":"JOEL BOIADEIRO","e":"n","st":"N\u00e3o eleito","dvt":"V\u00e1lido","vap":"466","pvap":"   3,37"}]}
