{"ele":"426","tpabr":"mu","cdabr":"05932","carper":"11","t":"1","f":"o","dt":"15/11/2020","ht":"22:50:35","dv":"s","tf":"s","v":"1","esae":"n","mnae":"","s":"24","st":"24","pst":" 100,00","snt":"0","psnt":"   0,00","si":"24","psi":" 100,00","sni":"0","psni":"   0,00","sa":"24","psa":" 100,00","sna":"0","psna":"   0,00","e":"5958","ea":"5958","pea":" 100,00","ena":"0","pena":"   0,00","esi":"5958","pesi":" 100,00","esni":"0","pesni":"   0,00","c":"5363","pc":"  90,01","a":"595","pa":"   9,99","vscv":"0","vnom":"5243","pvnom":" 100,00","vvc":"5243","pvvc":"  97,76","vb":"15","pvb":"   0,28","tvn":"105","ptvn":"   1,96","vn":"105","pvn":" 100,00","vnt":"0","pvnt":"   0,00","vp":"0","pvp":"   0,00","vv":"5243","pvv":" 100,00","van":"0","pvan":"   0,00","vansj":"0","pvansj":"   0,00","tv":"5363","cand":[{"seq":"2","sqcand":"140001222240","n":"15","nm":"GERALDO BILA","cc":"MDB - PTB / MDB / PL / PSC","nv":"DERSON LINO DA SILVA","e":"n","st":"N\u00e3o eleito","dvt":"V\u00e1lido","vap":"2445","pvap":"  46,63"},{"seq":"1","sqcand":"140000855685","n":"12","nm":"JESUALDO","cc":"PDT - PSD / PSDB / PDT","nv":"FL\u00c1VIO DA INFORM\u00c1TICA","e":"s","st":"Eleito","dvt":"V\u00e1lido","vap":"2798","pvap":"  53,37"}]}
