{"ele":"426","tpabr":"mu","cdabr":"06009","carper":"11","t":"1","f":"o","dt":"15/11/2020","ht":"22:17:17","dv":"s","tf":"s","v":"1","esae":"n","mnae":"","s":"15","st":"15","pst":" 100,00","snt":"0","psnt":"   0,00","si":"15","psi":" 100,00","sni":"0","psni":"   0,00","sa":"15","psa":" 100,00","sna":"0","psna":"   0,00","e":"3544","ea":"3544","pea":" 100,00","ena":"0","pena":"   0,00","esi":"3544","pesi":" 100,00","esni":"0","pesni":"   0,00","c":"3106","pc":"  87,64","a":"438","pa":"  12,36","vscv":"0","vnom":"3046","pvnom":" 100,00","vvc":"3046","pvvc":"  98,07","vb":"8","pvb":"   0,26","tvn":"52","ptvn":"   1,67","vn":"52","pvn":" 100,00","vnt":"0","pvnt":"   0,00","vp":"0","pvp":"   0,00","vv":"3046","pvv":" 100,00","van":"0","pvan":"   0,00","vansj":"0","pvansj":"   0,00","tv":"3106","cand":[{"seq":"2","sqcand":"30001058189","n":"90","nm":"BELI","cc":"PROS - DEM / PROS","nv":"DAYANE","e":"n","st":"N\u00e3o eleito","dvt":"V\u00e1lido","vap":"819","pvap":"  26,89"},{"seq":"5","sqcand":"30001028846","n":"17","nm":"PR MIQU\u00c9IAS","cc":"PSL - PSL / PP","nv":"JOSY ALFAIA","e":"n","st":"N\u00e3o eleito","dvt":"V\u00e1lido","vap":"202","pvap":"   6,63"},{"seq":"4","sqcand":"30001086848","n":"40","nm":"JOAO","cc":"PSB - PSB / REDE","nv":"VALDECI","e":"n","st":"N\u00e3o eleito","dvt":"V\u00e1lido","vap":"247","pvap":"   8,11"},{"seq":"1","sqcand":"30000817344","n":"10","nm":"JUNIOR LEITE","cc":"REPUBLICANOS - REPUBLICANOS / PL / PSDB","nv":"ELEMAR","e":"s","st":"Eleito","dvt":"V\u00e1lido","vap":"1023","pvap":"  33,59"},{"seq":"3","sqcand":"30001131727","n":"12","nm":"ROBERTO MOURA","cc":"PDT - PDT / PSD","nv":"LENOIR FILHO","e":"n","st":"N\u00e3o eleito","dvt":"V\u00e1lido","vap":"755","pvap":"  24,79"}]}
