{"ele":"426","tpabr":"mu","cdabr":"06017","carper":"11","t":"1","f":"o","dt":"15/11/2020","ht":"18:49:48","dv":"s","tf":"s","v":"1","esae":"n","mnae":"","s":"21","st":"21","pst":" 100,00","snt":"0","psnt":"   0,00","si":"21","psi":" 100,00","sni":"0","psni":"   0,00","sa":"21","psa":" 100,00","sna":"0","psna":"   0,00","e":"6497","ea":"6497","pea":" 100,00","ena":"0","pena":"   0,00","esi":"6497","pesi":" 100,00","esni":"0","pesni":"   0,00","c":"5299","pc":"  81,56","a":"1198","pa":"  18,44","vscv":"0","vnom":"5123","pvnom":" 100,00","vvc":"5123","pvvc":"  96,68","vb":"40","pvb":"   0,75","tvn":"136","ptvn":"   2,57","vn":"136","pvn":" 100,00","vnt":"0","pvnt":"   0,00","vp":"0","pvp":"   0,00","vv":"5123","pvv":" 100,00","van":"0","pvan":"   0,00","vansj":"0","pvansj":"   0,00","tv":"5299","cand":[{"seq":"2","sqcand":"30000771741","n":"11","nm":"NATAN LAGE","cc":"PP - PP / REDE","nv":"MARANH\u00c3O","e":"n","st":"N\u00e3o eleito","dvt":"V\u00e1lido","vap":"1662","pvap":"  32,44"},{"seq":"3","sqcand":"30000817675","n":"17","nm":"MARINELIO","cc":"PSL - PSL / PSC","nv":"FRANCISCO ALMEIDA","e":"n","st":"N\u00e3o eleito","dvt":"V\u00e1lido","vap":"266","pvap":"   5,19"},{"seq":"1","sqcand":"30000817792","n":"25","nm":"CARLOS SAMPAIO","cc":"DEM - PDT / PL / DEM","nv":"OZEAS","e":"s","st":"Eleito","dvt":"V\u00e1lido","vap":"3195","pvap":"  62,37"}]}
