{"ele":"426","tpabr":"mu","cdabr":"06041","carper":"11","t":"1","f":"o","dt":"15/11/2020","ht":"20:27:11","dv":"s","tf":"s","v":"1","esae":"n","mnae":"","s":"22","st":"22","pst":" 100,00","snt":"0","psnt":"   0,00","si":"22","psi":" 100,00","sni":"0","psni":"   0,00","sa":"22","psa":" 100,00","sna":"0","psna":"   0,00","e":"7365","ea":"7365","pea":" 100,00","ena":"0","pena":"   0,00","esi":"7365","pesi":" 100,00","esni":"0","pesni":"   0,00","c":"6271","pc":"  85,15","a":"1094","pa":"  14,85","vscv":"0","vnom":"6094","pvnom":" 100,00","vvc":"6100","pvvc":"  97,27","vb":"44","pvb":"   0,70","tvn":"127","ptvn":"   2,03","vn":"127","pvn":" 100,00","vnt":"0","pvnt":"   0,00","vp":"0","pvp":"   0,00","vv":"6094","pvv":"  99,90","van":"0","pvan":"   0,00","vansj":"6","pvansj":"   0,10","tv":"6271","cand":[{"seq":"3","sqcand":"30001106012","n":"17","nm":"PROFESSOR GIL","cc":"PSL - PROS / PSL / SOLIDARIEDADE","nv":"PROF ALESSANDRA","e":"n","st":"N\u00e3o eleito","dvt":"V\u00e1lido","vap":"1167","pvap":"  19,13"},{"seq":"2","sqcand":"30000743064","n":"55","nm":"TECO","cc":"PSD - PSD / PSOL","nv":"HELENA","e":"n","st":"N\u00e3o eleito","dvt":"V\u00e1lido","vap":"1972","pvap":"  32,33"},{"seq":"6","sqcand":"30000775747","n":"40","nm":"DONIO","cc":"PSB - PSB / MDB","nv":"F\u00c1TIMA PESSOA","e":"n","st":"N\u00e3o eleito","dvt":"Anulado sub judice","vap":"6","pvap":"   0,10"},{"seq":"4","sqcand":"30000847513","n":"65","nm":"GILSON HOMOBONO","cc":"PC do B - CIDADANIA / PC do B","nv":"BACURAL","e":"n","st":"N\u00e3o eleito","dvt":"V\u00e1lido","vap":"506","pvap":"   8,30"},{"seq":"5","sqcand":"30000725667","n":"28","nm":"GENERAL","cc":"PRTB","nv":"PASTOR ADAILSON","e":"n","st":"N\u00e3o eleito","dvt":"V\u00e1lido","vap":"241","pvap":"   3,95"},{"seq":"1","sqcand":"30000963626","n":"22","nm":"SERAFIM","cc":"PL - DEM / REDE / PL / REPUBLICANOS / PDT","nv":"PROFESSORA KARLA","e":"s","st":"Eleito","dvt":"V\u00e1lido","vap":"2208","pvap":"  36,20"}]}
