{"ele":"426","tpabr":"mu","cdabr":"06068","carper":"11","t":"1","f":"o","dt":"15/11/2020","ht":"20:41:35","dv":"s","tf":"s","v":"1","esae":"n","mnae":"","s":"14","st":"14","pst":" 100,00","snt":"0","psnt":"   0,00","si":"14","psi":" 100,00","sni":"0","psni":"   0,00","sa":"14","psa":" 100,00","sna":"0","psna":"   0,00","e":"4808","ea":"4808","pea":" 100,00","ena":"0","pena":"   0,00","esi":"4808","pesi":" 100,00","esni":"0","pesni":"   0,00","c":"4140","pc":"  86,11","a":"668","pa":"  13,89","vscv":"0","vnom":"4066","pvnom":" 100,00","vvc":"4066","pvvc":"  98,21","vb":"7","pvb":"   0,17","tvn":"67","ptvn":"   1,62","vn":"67","pvn":" 100,00","vnt":"0","pvnt":"   0,00","vp":"0","pvp":"   0,00","vv":"4066","pvv":" 100,00","van":"0","pvan":"   0,00","vansj":"0","pvansj":"   0,00","tv":"4140","cand":[{"seq":"2","sqcand":"30000869349","n":"22","nm":"J\u00daNIOR MOUR\u00c3O","cc":"PL - PODE / PL","nv":"ELI FURTADO","e":"n","st":"N\u00e3o eleito","dvt":"V\u00e1lido","vap":"1779","pvap":"  43,75"},{"seq":"1","sqcand":"30000868985","n":"90","nm":"PROFESSOR AMANAJ\u00c1S","cc":"PROS - PROS / DEM / PDT","nv":"BRANCO MIRA","e":"s","st":"Eleito","dvt":"V\u00e1lido","vap":"1860","pvap":"  45,75"},{"seq":"4","sqcand":"30001104995","n":"45","nm":"SERGIO RURAP","cc":"PSDB","nv":"MARLETE SARGES","e":"n","st":"N\u00e3o eleito","dvt":"V\u00e1lido","vap":"133","pvap":"   3,27"},{"seq":"3","sqcand":"30001013062","n":"10","nm":"PEREIRINHA","cc":"REPUBLICANOS - PC do B / REPUBLICANOS","nv":"PATRICK MIRA","e":"n","st":"N\u00e3o eleito","dvt":"V\u00e1lido","vap":"294","pvap":"   7,23"}]}
