{"ele":"426","tpabr":"mu","cdabr":"06084","carper":"11","t":"1","f":"o","dt":"15/11/2020","ht":"20:20:21","dv":"s","tf":"s","v":"1","esae":"n","mnae":"","s":"26","st":"26","pst":" 100,00","snt":"0","psnt":"   0,00","si":"26","psi":" 100,00","sni":"0","psni":"   0,00","sa":"26","psa":" 100,00","sna":"0","psna":"   0,00","e":"9546","ea":"9546","pea":" 100,00","ena":"0","pena":"   0,00","esi":"9546","pesi":" 100,00","esni":"0","pesni":"   0,00","c":"7546","pc":"  79,05","a":"2000","pa":"  20,95","vscv":"0","vnom":"7327","pvnom":" 100,00","vvc":"7327","pvvc":"  97,10","vb":"35","pvb":"   0,46","tvn":"184","ptvn":"   2,44","vn":"184","pvn":" 100,00","vnt":"0","pvnt":"   0,00","vp":"0","pvp":"   0,00","vv":"7327","pvv":" 100,00","van":"0","pvan":"   0,00","vansj":"0","pvansj":"   0,00","tv":"7546","cand":[{"seq":"2","sqcand":"30000778246","n":"90","nm":"IRM\u00c3O WILSON","cc":"PROS - PROS / PSC","nv":"JOELMA FORTUNA","e":"n","st":"N\u00e3o eleito","dvt":"V\u00e1lido","vap":"1992","pvap":"  27,19"},{"seq":"1","sqcand":"30000710430","n":"25","nm":"BETH PELAES","cc":"DEM - DEM / PSL / PSDB / PDT / PL / PP","nv":"MARCELO PANTOJA","e":"s","st":"Eleito","dvt":"V\u00e1lido","vap":"4192","pvap":"  57,21"},{"seq":"3","sqcand":"30000991012","n":"65","nm":"PARA\u00cdBA","cc":"PC do B - SOLIDARIEDADE / REPUBLICANOS / PC do B / REDE / PSD / PSB","nv":"MARINA","e":"n","st":"N\u00e3o eleito","dvt":"V\u00e1lido","vap":"1143","pvap":"  15,60"}]}
