{"ele":"426","tpabr":"mu","cdabr":"06106","carper":"11","t":"1","f":"o","dt":"15/11/2020","ht":"20:37:07","dv":"s","tf":"s","v":"1","esae":"n","mnae":"","s":"11","st":"11","pst":" 100,00","snt":"0","psnt":"   0,00","si":"11","psi":" 100,00","sni":"0","psni":"   0,00","sa":"11","psa":" 100,00","sna":"0","psna":"   0,00","e":"3778","ea":"3778","pea":" 100,00","ena":"0","pena":"   0,00","esi":"3778","pesi":" 100,00","esni":"0","pesni":"   0,00","c":"3057","pc":"  80,92","a":"721","pa":"  19,08","vscv":"0","vnom":"3012","pvnom":" 100,00","vvc":"3012","pvvc":"  98,53","vb":"10","pvb":"   0,33","tvn":"35","ptvn":"   1,14","vn":"35","pvn":" 100,00","vnt":"0","pvnt":"   0,00","vp":"0","pvp":"   0,00","vv":"3012","pvv":" 100,00","van":"0","pvan":"   0,00","vansj":"0","pvansj":"   0,00","tv":"3057","cand":[{"seq":"2","sqcand":"30000722366","n":"10","nm":"JEZIEL","cc":"REPUBLICANOS - REPUBLICANOS / PL / CIDADANIA","nv":"PAULO J\u00daNIOR","e":"n","st":"N\u00e3o eleito","dvt":"V\u00e1lido","vap":"747","pvap":"  24,80"},{"seq":"1","sqcand":"30001202036","n":"70","nm":"ELSON BELO","cc":"AVANTE - AVANTE / PP / PROS / MDB","nv":"PAULINHA","e":"s","st":"Eleito","dvt":"V\u00e1lido","vap":"1135","pvap":"  37,68"},{"seq":"4","sqcand":"30001202050","n":"55","nm":"FRANCIMAR","cc":"PSD - PT / PSD","nv":"IRM\u00c3OZINHO","e":"n","st":"N\u00e3o eleito","dvt":"V\u00e1lido","vap":"422","pvap":"  14,01"},{"seq":"5","sqcand":"30000819197","n":"12","nm":"ZE MARIA","cc":"PDT - PDT / SOLIDARIEDADE","nv":"ADRIANA CORDEIRO","e":"n","st":"N\u00e3o eleito","dvt":"V\u00e1lido","vap":"201","pvap":"   6,67"},{"seq":"3","sqcand":"30001201682","n":"25","nm":"ELINDOMAR","cc":"DEM","nv":"EDIMILSON RABELO","e":"n","st":"N\u00e3o eleito","dvt":"V\u00e1lido","vap":"507","pvap":"  16,83"}]}
