{"ele":"426","tpabr":"mu","cdabr":"06114","carper":"11","t":"1","f":"o","dt":"15/11/2020","ht":"20:26:35","dv":"s","tf":"s","v":"1","esae":"n","mnae":"","s":"17","st":"17","pst":" 100,00","snt":"0","psnt":"   0,00","si":"17","psi":" 100,00","sni":"0","psni":"   0,00","sa":"17","psa":" 100,00","sna":"0","psna":"   0,00","e":"5478","ea":"5478","pea":" 100,00","ena":"0","pena":"   0,00","esi":"5478","pesi":" 100,00","esni":"0","pesni":"   0,00","c":"4933","pc":"  90,05","a":"545","pa":"   9,95","vscv":"0","vnom":"4804","pvnom":" 100,00","vvc":"4804","pvvc":"  97,38","vb":"27","pvb":"   0,55","tvn":"102","ptvn":"   2,07","vn":"102","pvn":" 100,00","vnt":"0","pvnt":"   0,00","vp":"0","pvp":"   0,00","vv":"4804","pvv":" 100,00","van":"0","pvan":"   0,00","vansj":"0","pvansj":"   0,00","tv":"4933","cand":[{"seq":"3","sqcand":"30001202551","n":"10","nm":"DAVICKSON AMORAS","cc":"REPUBLICANOS - REPUBLICANOS / MDB","nv":"PROFESSORA ELITA","e":"n","st":"N\u00e3o eleito","dvt":"V\u00e1lido","vap":"806","pvap":"  16,78"},{"seq":"4","sqcand":"30000964811","n":"50","nm":"PROFESSOR MORONI","cc":"PSOL","nv":"VALDELI CORREIA","e":"n","st":"N\u00e3o eleito","dvt":"V\u00e1lido","vap":"89","pvap":"   1,85"},{"seq":"5","sqcand":"30000688285","n":"13","nm":"PROFESSOR MARCIO MARCELLO","cc":"PT","nv":"DINA","e":"n","st":"N\u00e3o eleito","dvt":"V\u00e1lido","vap":"12","pvap":"   0,25"},{"seq":"2","sqcand":"30000729815","n":"77","nm":"PROFESSOR GIRO","cc":"SOLIDARIEDADE - PL / PSD / PODE / SOLIDARIEDADE / CIDADANIA","nv":"DINELSON ARA\u00daJO","e":"n","st":"N\u00e3o eleito","dvt":"V\u00e1lido","vap":"1615","pvap":"  33,62"},{"seq":"1","sqcand":"30000677045","n":"11","nm":"DIVINO ROCHA","cc":"PP - PP / PDT / DEM / PROS / PSC / PSDB / PTB / PSL","nv":"DIANA MOREIRA","e":"s","st":"Eleito","dvt":"V\u00e1lido","vap":"2282","pvap":"  47,50"}]}
