{"ele":"426","tpabr":"mu","cdabr":"06122","carper":"11","t":"1","f":"o","dt":"15/11/2020","ht":"22:12:15","dv":"s","tf":"s","v":"1","esae":"n","mnae":"","s":"34","st":"34","pst":" 100,00","snt":"0","psnt":"   0,00","si":"34","psi":" 100,00","sni":"0","psni":"   0,00","sa":"34","psa":" 100,00","sna":"0","psna":"   0,00","e":"9916","ea":"9916","pea":" 100,00","ena":"0","pena":"   0,00","esi":"9916","pesi":" 100,00","esni":"0","pesni":"   0,00","c":"7816","pc":"  78,82","a":"2100","pa":"  21,18","vscv":"0","vnom":"7598","pvnom":" 100,00","vvc":"7598","pvvc":"  97,21","vb":"29","pvb":"   0,37","tvn":"189","ptvn":"   2,42","vn":"189","pvn":" 100,00","vnt":"0","pvnt":"   0,00","vp":"0","pvp":"   0,00","vv":"7598","pvv":" 100,00","van":"0","pvan":"   0,00","vansj":"0","pvansj":"   0,00","tv":"7816","cand":[{"seq":"5","sqcand":"30000726449","n":"14","nm":"MAGNO BASTOS","cc":"PTB - PTB / PV","nv":"PROF EVANDRO","e":"n","st":"N\u00e3o eleito","dvt":"V\u00e1lido","vap":"171","pvap":"   2,25"},{"seq":"4","sqcand":"30001133717","n":"22","nm":"PROF LENO","cc":"PL - PSL / PL","nv":"PASTOR IZAIAS","e":"n","st":"N\u00e3o eleito","dvt":"V\u00e1lido","vap":"446","pvap":"   5,87"},{"seq":"1","sqcand":"30000789864","n":"25","nm":"ARY DUARTE","cc":"DEM - PDT / DEM / REDE / PSD","nv":"PROFESSOR WALDEZ","e":"s","st":"Eleito","dvt":"V\u00e1lido","vap":"2707","pvap":"  35,63"},{"seq":"6","sqcand":"30000738178","n":"19","nm":"SARGENTO PAULO ANDR\u00c9","cc":"PODE","nv":"SARGENTO HELIELSON","e":"n","st":"N\u00e3o eleito","dvt":"V\u00e1lido","vap":"149","pvap":"   1,96"},{"seq":"2","sqcand":"30000646207","n":"90","nm":"RAIMUNDA BEIR\u00c3O","cc":"PROS - PROS / MDB / SOLIDARIEDADE","nv":"GERRAR","e":"n","st":"N\u00e3o eleito","dvt":"V\u00e1lido","vap":"2591","pvap":"  34,10"},{"seq":"3","sqcand":"30001201298","n":"10","nm":"GABRIEL","cc":"REPUBLICANOS - REPUBLICANOS / PSDB","nv":"EDCARLOS","e":"n","st":"N\u00e3o eleito","dvt":"V\u00e1lido","vap":"1432","pvap":"  18,85"},{"seq":"7","sqcand":"30000636064","n":"11","nm":"RAY TAXISTA","cc":"PP - PP / PRTB","nv":"CUTIA","e":"n","st":"N\u00e3o eleito","dvt":"V\u00e1lido","vap":"102","pvap":"   1,34"}]}
