{"ele":"426","tpabr":"mu","cdabr":"06157","carper":"11","t":"1","f":"o","dt":"15/11/2020","ht":"22:22:04","dv":"s","tf":"s","v":"1","esae":"n","mnae":"","s":"191","st":"191","pst":" 100,00","snt":"0","psnt":"   0,00","si":"191","psi":" 100,00","sni":"0","psni":"   0,00","sa":"191","psa":" 100,00","sna":"0","psna":"   0,00","e":"78332","ea":"78332","pea":" 100,00","ena":"0","pena":"   0,00","esi":"78332","pesi":" 100,00","esni":"0","pesni":"   0,00","c":"61999","pc":"  79,15","a":"16333","pa":"  20,85","vscv":"0","vnom":"58550","pvnom":" 100,00","vvc":"58550","pvvc":"  94,44","vb":"1277","pvb":"   2,06","tvn":"2172","ptvn":"   3,50","vn":"2172","pvn":" 100,00","vnt":"0","pvnt":"   0,00","vp":"0","pvp":"   0,00","vv":"58550","pvv":" 100,00","van":"0","pvan":"   0,00","vansj":"0","pvansj":"   0,00","tv":"61999","cand":[{"seq":"8","sqcand":"30001247325","n":"19","nm":"PROFESSOR RAI ROSA","cc":"PODE","nv":"PROFESSORA JOANA ABREU","e":"n","st":"N\u00e3o eleito","dvt":"V\u00e1lido","vap":"352","pvap":"   0,60"},{"seq":"4","sqcand":"30001032477","n":"15","nm":"DILSON BORGES","cc":"MDB - MDB / PATRIOTA","nv":"CORONEL BARBOSA","e":"n","st":"N\u00e3o eleito","dvt":"V\u00e1lido","vap":"5433","pvap":"   9,28"},{"seq":"5","sqcand":"30001199658","n":"10","nm":"RARISON SANTIAGO","cc":"REPUBLICANOS","nv":"KEILA FASCIO","e":"n","st":"N\u00e3o eleito","dvt":"V\u00e1lido","vap":"1878","pvap":"   3,21"},{"seq":"7","sqcand":"30000698290","n":"28","nm":"TEN ANT\u00d4NIO LUIZ","cc":"PRTB","nv":"ST BM ANGELICA","e":"n","st":"N\u00e3o eleito","dvt":"V\u00e1lido","vap":"1066","pvap":"   1,82"},{"seq":"9","sqcand":"30001133564","n":"40","nm":"MAURICIO MEDEIROS","cc":"PSB","nv":"MADEIRA","e":"n","st":"N\u00e3o eleito","dvt":"V\u00e1lido","vap":"307","pvap":"   0,52"},{"seq":"2","sqcand":"30001201013","n":"70","nm":"OFIRNEY SADALA","cc":"AVANTE - PTB / AVANTE / PROS / PSC / PL / PSL","nv":"ANGELO FAVACHO","e":"n","st":"N\u00e3o eleito","dvt":"V\u00e1lido","vap":"15197","pvap":"  25,96"},{"seq":"6","sqcand":"30000789994","n":"23","nm":"PROFESSOR SERGINHO","cc":"CIDADANIA","nv":"TENENTE ELSON ANTUNES","e":"n","st":"N\u00e3o eleito","dvt":"V\u00e1lido","vap":"1744","pvap":"   2,98"},{"seq":"1","sqcand":"30000777462","n":"11","nm":"BALA ROCHA","cc":"PP - PT / PP / DC / SOLIDARIEDADE / PSDB / DEM","nv":"ISABEL NOGUEIRA","e":"s","st":"Eleito","dvt":"V\u00e1lido","vap":"21340","pvap":"  36,45"},{"seq":"3","sqcand":"30001133478","n":"65","nm":"PROFESSORA MARCIVANIA","cc":"PC do B - PDT / PC do B / PSD","nv":"PATRIC UANDREL","e":"n","st":"N\u00e3o eleito","dvt":"V\u00e1lido","vap":"11233","pvap":"  19,19"}]}
