{"ele":"426","tpabr":"mu","cdabr":"06173","carper":"11","t":"1","f":"o","dt":"15/11/2020","ht":"22:05:41","dv":"s","tf":"s","v":"1","esae":"n","mnae":"","s":"41","st":"41","pst":" 100,00","snt":"0","psnt":"   0,00","si":"41","psi":" 100,00","sni":"0","psni":"   0,00","sa":"41","psa":" 100,00","sna":"0","psna":"   0,00","e":"9727","ea":"9727","pea":" 100,00","ena":"0","pena":"   0,00","esi":"9727","pesi":" 100,00","esni":"0","pesni":"   0,00","c":"8021","pc":"  82,46","a":"1706","pa":"  17,54","vscv":"0","vnom":"7769","pvnom":" 100,00","vvc":"7769","pvvc":"  96,86","vb":"36","pvb":"   0,45","tvn":"216","ptvn":"   2,69","vn":"216","pvn":" 100,00","vnt":"0","pvnt":"   0,00","vp":"0","pvp":"   0,00","vv":"7769","pvv":" 100,00","van":"0","pvan":"   0,00","vansj":"0","pvansj":"   0,00","tv":"8021","cand":[{"seq":"4","sqcand":"30001201858","n":"28","nm":"PAULO CACHOEIRA","cc":"PRTB","nv":"CORONEL RR FIGUEIRA","e":"n","st":"N\u00e3o eleito","dvt":"V\u00e1lido","vap":"162","pvap":"   2,09"},{"seq":"1","sqcand":"30001201990","n":"25","nm":"BRUNO MINEIRO","cc":"DEM - PL / REPUBLICANOS / CIDADANIA / DEM","nv":"JAV\u00c3","e":"s","st":"Eleito","dvt":"V\u00e1lido","vap":"3567","pvap":"  45,91"},{"seq":"3","sqcand":"30000680020","n":"55","nm":"RIVA","cc":"PSD - PSD / PC do B","nv":"PROF JEFFERSON","e":"n","st":"N\u00e3o eleito","dvt":"V\u00e1lido","vap":"864","pvap":"  11,12"},{"seq":"2","sqcand":"30000818624","n":"15","nm":"RILDO OLIVEIRA","cc":"MDB - MDB / PP / PDT","nv":"FIGUEIREDO","e":"n","st":"N\u00e3o eleito","dvt":"V\u00e1lido","vap":"3176","pvap":"  40,88"}]}
