{"ele":"426","tpabr":"mu","cdabr":"07005","carper":"11","t":"1","f":"o","dt":"15/11/2020","ht":"21:52:39","dv":"s","tf":"s","v":"1","esae":"n","mnae":"","s":"37","st":"37","pst":" 100,00","snt":"0","psnt":"   0,00","si":"37","psi":" 100,00","sni":"0","psni":"   0,00","sa":"37","psa":" 100,00","sna":"0","psna":"   0,00","e":"11886","ea":"11886","pea":" 100,00","ena":"0","pena":"   0,00","esi":"11886","pesi":" 100,00","esni":"0","pesni":"   0,00","c":"9143","pc":"  76,92","a":"2743","pa":"  23,08","vscv":"0","vnom":"8778","pvnom":" 100,00","vvc":"8778","pvvc":"  96,01","vb":"81","pvb":"   0,88","tvn":"284","ptvn":"   3,11","vn":"284","pvn":" 100,00","vnt":"0","pvnt":"   0,00","vp":"0","pvp":"   0,00","vv":"8778","pvv":" 100,00","van":"0","pvan":"   0,00","vansj":"0","pvansj":"   0,00","tv":"9143","cand":[{"seq":"2","sqcand":"100000724638","n":"10","nm":"OSVALDO","cc":"REPUBLICANOS - REPUBLICANOS / PSL","nv":"VANILSON","e":"n","st":"N\u00e3o eleito","dvt":"V\u00e1lido","vap":"3952","pvap":"  45,02"},{"seq":"3","sqcand":"100000830566","n":"22","nm":"VINICIUS CASTELO BRANCO","cc":"PL","nv":"CHIQUINHO DA LOJA","e":"n","st":"N\u00e3o eleito","dvt":"V\u00e1lido","vap":"154","pvap":"   1,75"},{"seq":"1","sqcand":"100001041524","n":"15","nm":"THALITA DIAS","cc":"MDB - PDT / MDB","nv":"WILLIAM LIMA","e":"s","st":"Eleito","dvt":"V\u00e1lido","vap":"4672","pvap":"  53,22"}]}
