{"ele":"426","tpabr":"mu","cdabr":"07030","carper":"11","t":"1","f":"o","dt":"15/11/2020","ht":"22:12:16","dv":"s","tf":"s","v":"1","esae":"n","mnae":"","s":"66","st":"66","pst":" 100,00","snt":"0","psnt":"   0,00","si":"66","psi":" 100,00","sni":"0","psni":"   0,00","sa":"66","psa":" 100,00","sna":"0","psna":"   0,00","e":"17722","ea":"17722","pea":" 100,00","ena":"0","pena":"   0,00","esi":"17722","pesi":" 100,00","esni":"0","pesni":"   0,00","c":"13672","pc":"  77,15","a":"4050","pa":"  22,85","vscv":"0","vnom":"13060","pvnom":" 100,00","vvc":"13060","pvvc":"  95,52","vb":"177","pvb":"   1,30","tvn":"435","ptvn":"   3,18","vn":"435","pvn":" 100,00","vnt":"0","pvnt":"   0,00","vp":"0","pvp":"   0,00","vv":"13060","pvv":" 100,00","van":"0","pvan":"   0,00","vansj":"0","pvansj":"   0,00","tv":"13672","cand":[{"seq":"2","sqcand":"100001201300","n":"65","nm":"ANDERSON","cc":"PC do B - PP / PDT / PC do B","nv":"IVAN FERREIRA","e":"n","st":"N\u00e3o eleito","dvt":"V\u00e1lido","vap":"4372","pvap":"  33,48"},{"seq":"1","sqcand":"100001073419","n":"22","nm":"PADRE WILLIAM","cc":"PL - PL / PROS / AVANTE / PT","nv":"NIVALDO ARAUJO","e":"s","st":"Eleito","dvt":"V\u00e1lido","vap":"7874","pvap":"  60,29"},{"seq":"4","sqcand":"100001074246","n":"17","nm":"ANTONIO ROSA","cc":"PSL","nv":"DAGOMIR","e":"n","st":"N\u00e3o eleito","dvt":"V\u00e1lido","vap":"99","pvap":"   0,76"},{"seq":"3","sqcand":"100000652699","n":"19","nm":"SARGENTO LEIT\u00c3O","cc":"PODE","nv":"ALEX VIEGAS","e":"n","st":"N\u00e3o eleito","dvt":"V\u00e1lido","vap":"715","pvap":"   5,47"}]}
