{"ele":"426","tpabr":"mu","cdabr":"07048","carper":"11","t":"1","f":"o","dt":"15/11/2020","ht":"23:43:12","dv":"s","tf":"s","v":"1","esae":"n","mnae":"","s":"68","st":"68","pst":" 100,00","snt":"0","psnt":"   0,00","si":"68","psi":" 100,00","sni":"0","psni":"   0,00","sa":"68","psa":" 100,00","sna":"0","psna":"   0,00","e":"21949","ea":"21949","pea":" 100,00","ena":"0","pena":"   0,00","esi":"21949","pesi":" 100,00","esni":"0","pesni":"   0,00","c":"15913","pc":"  72,50","a":"6036","pa":"  27,50","vscv":"0","vnom":"15179","pvnom":" 100,00","vvc":"15179","pvvc":"  95,39","vb":"116","pvb":"   0,73","tvn":"618","ptvn":"   3,88","vn":"618","pvn":" 100,00","vnt":"0","pvnt":"   0,00","vp":"0","pvp":"   0,00","vv":"15179","pvv":" 100,00","van":"0","pvan":"   0,00","vansj":"0","pvansj":"   0,00","tv":"15913","cand":[{"seq":"3","sqcand":"100000743737","n":"22","nm":"NETINHO BARROSO","cc":"PL","nv":"PINDARE","e":"n","st":"N\u00e3o eleito","dvt":"V\u00e1lido","vap":"267","pvap":"   1,76"},{"seq":"2","sqcand":"100000825509","n":"20","nm":"VILENE SIQUEIRA","cc":"PSC - PTB / PSC","nv":"CLAUDIO","e":"n","st":"N\u00e3o eleito","dvt":"V\u00e1lido","vap":"5565","pvap":"  36,66"},{"seq":"1","sqcand":"100000825225","n":"11","nm":"FUFUCA","cc":"PP - REPUBLICANOS / PT / PP","nv":"GENIVAL DO PT","e":"s","st":"Eleito","dvt":"V\u00e1lido","vap":"9347","pvap":"  61,58"}]}
