{"ele":"426","tpabr":"mu","cdabr":"07099","carper":"11","t":"1","f":"o","dt":"15/11/2020","ht":"21:53:22","dv":"s","tf":"s","v":"1","esae":"n","mnae":"","s":"26","st":"26","pst":" 100,00","snt":"0","psnt":"   0,00","si":"26","psi":" 100,00","sni":"0","psni":"   0,00","sa":"26","psa":" 100,00","sna":"0","psna":"   0,00","e":"8162","ea":"8162","pea":" 100,00","ena":"0","pena":"   0,00","esi":"8162","pesi":" 100,00","esni":"0","pesni":"   0,00","c":"6553","pc":"  80,29","a":"1609","pa":"  19,71","vscv":"0","vnom":"6218","pvnom":" 100,00","vvc":"6218","pvvc":"  94,89","vb":"37","pvb":"   0,56","tvn":"298","ptvn":"   4,55","vn":"247","pvn":"  82,89","vnt":"51","pvnt":"  17,11","vp":"0","pvp":"   0,00","vv":"6218","pvv":" 100,00","van":"0","pvan":"   0,00","vansj":"0","pvansj":"   0,00","tv":"6553","cand":[{"seq":"1","sqcand":"100000976816","n":"12","nm":"ITAMAR VIEIRA","cc":"PDT","nv":"PEDRO LOPES","e":"s","st":"Eleito","dvt":"V\u00e1lido","vap":"3068","pvap":"  49,34"},{"seq":"2","sqcand":"100001187263","n":"10","nm":"RUBENS JAPON\u00caS","cc":"REPUBLICANOS - REPUBLICANOS / PC do B","nv":"AGNALDO","e":"n","st":"N\u00e3o eleito","dvt":"V\u00e1lido","vap":"3037","pvap":"  48,84"},{"seq":"4","sqcand":"100000680354","n":"50","nm":"LUCIANO ARALDI","cc":"PSOL","nv":"DELMON CASTRO RODRIGUES","e":"n","st":"N\u00e3o eleito","dvt":"V\u00e1lido","vap":"38","pvap":"   0,61"},{"seq":"3","sqcand":"100001037207","n":"36","nm":"ENOQUE ANTUNES LOPES","cc":"PTC","nv":"JO\u00c3O FERREIRA","e":"n","st":"N\u00e3o eleito","dvt":"V\u00e1lido","vap":"75","pvap":"   1,21"}]}
