{"ele":"426","tpabr":"mu","cdabr":"07102","carper":"11","t":"1","f":"o","dt":"15/11/2020","ht":"22:05:28","dv":"s","tf":"s","v":"1","esae":"n","mnae":"","s":"26","st":"26","pst":" 100,00","snt":"0","psnt":"   0,00","si":"26","psi":" 100,00","sni":"0","psni":"   0,00","sa":"26","psa":" 100,00","sna":"0","psna":"   0,00","e":"8170","ea":"8170","pea":" 100,00","ena":"0","pena":"   0,00","esi":"8170","pesi":" 100,00","esni":"0","pesni":"   0,00","c":"6273","pc":"  76,78","a":"1897","pa":"  23,22","vscv":"0","vnom":"6091","pvnom":" 100,00","vvc":"6091","pvvc":"  97,10","vb":"25","pvb":"   0,40","tvn":"157","ptvn":"   2,50","vn":"157","pvn":" 100,00","vnt":"0","pvnt":"   0,00","vp":"0","pvp":"   0,00","vv":"6091","pvv":" 100,00","van":"0","pvan":"   0,00","vansj":"0","pvansj":"   0,00","tv":"6273","cand":[{"seq":"1","sqcand":"100000720314","n":"22","nm":"FL\u00c1VIO AMORIM","cc":"PL - PL / AVANTE","nv":"ROSINALDO MORAIS","e":"s","st":"Eleito","dvt":"V\u00e1lido","vap":"3674","pvap":"  60,32"},{"seq":"2","sqcand":"100000810564","n":"65","nm":"WILLIAM PINHEIRO","cc":"PC do B - PC do B / PSC","nv":"NENEN LIRA","e":"n","st":"N\u00e3o eleito","dvt":"V\u00e1lido","vap":"2417","pvap":"  39,68"}]}
