{"ele":"426","tpabr":"mu","cdabr":"07110","carper":"11","t":"1","f":"o","dt":"15/11/2020","ht":"23:43:12","dv":"s","tf":"s","v":"1","esae":"n","mnae":"","s":"81","st":"81","pst":" 100,00","snt":"0","psnt":"   0,00","si":"81","psi":" 100,00","sni":"0","psni":"   0,00","sa":"81","psa":" 100,00","sna":"0","psna":"   0,00","e":"25968","ea":"25968","pea":" 100,00","ena":"0","pena":"   0,00","esi":"25968","pesi":" 100,00","esni":"0","pesni":"   0,00","c":"20847","pc":"  80,28","a":"5121","pa":"  19,72","vscv":"0","vnom":"19780","pvnom":" 100,00","vvc":"19780","pvvc":"  94,88","vb":"112","pvb":"   0,54","tvn":"955","ptvn":"   4,58","vn":"955","pvn":" 100,00","vnt":"0","pvnt":"   0,00","vp":"0","pvp":"   0,00","vv":"19780","pvv":" 100,00","van":"0","pvan":"   0,00","vansj":"0","pvansj":"   0,00","tv":"20847","cand":[{"seq":"3","sqcand":"100000946115","n":"11","nm":"DRA ROSELIS","cc":"PP - PP / DC","nv":"ANTONIO ALBERTO","e":"n","st":"N\u00e3o eleito","dvt":"V\u00e1lido","vap":"532","pvap":"   2,69"},{"seq":"1","sqcand":"100000951759","n":"51","nm":"VANDERLY DO COMERCIO","cc":"PATRIOTA - PDT / PT / PC do B / PATRIOTA","nv":"CLEIVA ","e":"s","st":"Eleito","dvt":"V\u00e1lido","vap":"10091","pvap":"  51,02"},{"seq":"2","sqcand":"100001039629","n":"10","nm":"ADRIANA RIBEIRO","cc":"REPUBLICANOS - REPUBLICANOS / PL","nv":"RAIMUNDINHO CARLOTA","e":"n","st":"N\u00e3o eleito","dvt":"V\u00e1lido","vap":"9157","pvap":"  46,29"}]}
