{"ele":"426","tpabr":"mu","cdabr":"07137","carper":"11","t":"1","f":"o","dt":"15/11/2020","ht":"23:02:20","dv":"s","tf":"s","v":"1","esae":"n","mnae":"","s":"58","st":"58","pst":" 100,00","snt":"0","psnt":"   0,00","si":"58","psi":" 100,00","sni":"0","psni":"   0,00","sa":"58","psa":" 100,00","sna":"0","psna":"   0,00","e":"17577","ea":"17577","pea":" 100,00","ena":"0","pena":"   0,00","esi":"17577","pesi":" 100,00","esni":"0","pesni":"   0,00","c":"15395","pc":"  87,59","a":"2182","pa":"  12,41","vscv":"0","vnom":"14676","pvnom":" 100,00","vvc":"14676","pvvc":"  95,33","vb":"123","pvb":"   0,80","tvn":"596","ptvn":"   3,87","vn":"596","pvn":" 100,00","vnt":"0","pvnt":"   0,00","vp":"0","pvp":"   0,00","vv":"14676","pvv":" 100,00","van":"0","pvan":"   0,00","vansj":"0","pvansj":"   0,00","tv":"15395","cand":[{"seq":"2","sqcand":"100001209462","n":"65","nm":"JAMES MENDES","cc":"PC do B - PT / PSB / PC do B","nv":"MARIA DE NECO","e":"n","st":"N\u00e3o eleito","dvt":"V\u00e1lido","vap":"4567","pvap":"  31,12"},{"seq":"4","sqcand":"100001073192","n":"90","nm":"VALDEMIR VIANA","cc":"PROS","nv":"ELIELTON PEREIRA","e":"n","st":"N\u00e3o eleito","dvt":"V\u00e1lido","vap":"293","pvap":"   2,00"},{"seq":"5","sqcand":"100001207486","n":"77","nm":"ADRIANO RODRIGUES","cc":"SOLIDARIEDADE","nv":"FERNANDA COSTA","e":"n","st":"N\u00e3o eleito","dvt":"V\u00e1lido","vap":"87","pvap":"   0,59"},{"seq":"1","sqcand":"100000983211","n":"15","nm":"HELDER ARAG\u00c3O","cc":"MDB - PSDB / REPUBLICANOS / MDB / PDT / PSC","nv":"DANIELLE","e":"s","st":"Eleito","dvt":"V\u00e1lido","vap":"8653","pvap":"  58,96"},{"seq":"3","sqcand":"100001201929","n":"22","nm":"LAISE DE DOUTOR NILTON","cc":"PL","nv":"NILTON GUIA","e":"n","st":"N\u00e3o eleito","dvt":"V\u00e1lido","vap":"1076","pvap":"   7,33"}]}
