{"ele":"426","tpabr":"mu","cdabr":"07226","carper":"11","t":"1","f":"o","dt":"15/11/2020","ht":"21:41:39","dv":"s","tf":"s","v":"1","esae":"n","mnae":"","s":"28","st":"28","pst":" 100,00","snt":"0","psnt":"   0,00","si":"28","psi":" 100,00","sni":"0","psni":"   0,00","sa":"28","psa":" 100,00","sna":"0","psna":"   0,00","e":"8620","ea":"8620","pea":" 100,00","ena":"0","pena":"   0,00","esi":"8620","pesi":" 100,00","esni":"0","pesni":"   0,00","c":"6879","pc":"  79,80","a":"1741","pa":"  20,20","vscv":"0","vnom":"6737","pvnom":" 100,00","vvc":"6737","pvvc":"  97,94","vb":"22","pvb":"   0,32","tvn":"120","ptvn":"   1,74","vn":"120","pvn":" 100,00","vnt":"0","pvnt":"   0,00","vp":"0","pvp":"   0,00","vv":"6737","pvv":" 100,00","van":"0","pvan":"   0,00","vansj":"0","pvansj":"   0,00","tv":"6879","cand":[{"seq":"2","sqcand":"100001234508","n":"15","nm":"TONH\u00c3O","cc":"MDB - PDT / MDB","nv":"BAGO","e":"n","st":"N\u00e3o eleito","dvt":"V\u00e1lido","vap":"2034","pvap":"  30,19"},{"seq":"1","sqcand":"100000672737","n":"22","nm":"CESAR CASTRO","cc":"PL - PL / PMN","nv":"DONA SOCORRO","e":"s","st":"Eleito","dvt":"V\u00e1lido","vap":"4703","pvap":"  69,81"}]}
