{"ele":"426","tpabr":"mu","cdabr":"07269","carper":"11","t":"1","f":"o","dt":"15/11/2020","ht":"22:57:46","dv":"s","tf":"s","v":"1","esae":"n","mnae":"","s":"74","st":"74","pst":" 100,00","snt":"0","psnt":"   0,00","si":"74","psi":" 100,00","sni":"0","psni":"   0,00","sa":"74","psa":" 100,00","sna":"0","psna":"   0,00","e":"21191","ea":"21191","pea":" 100,00","ena":"0","pena":"   0,00","esi":"21191","pesi":" 100,00","esni":"0","pesni":"   0,00","c":"16925","pc":"  79,87","a":"4266","pa":"  20,13","vscv":"0","vnom":"16402","pvnom":" 100,00","vvc":"16402","pvvc":"  96,91","vb":"64","pvb":"   0,38","tvn":"459","ptvn":"   2,71","vn":"459","pvn":" 100,00","vnt":"0","pvnt":"   0,00","vp":"0","pvp":"   0,00","vv":"16402","pvv":" 100,00","van":"0","pvan":"   0,00","vansj":"0","pvansj":"   0,00","tv":"16925","cand":[{"seq":"1","sqcand":"100000947732","n":"12","nm":"FERNANDO COELHO","cc":"PDT - REPUBLICANOS / PDT / PL","nv":"FRANKLIM DUARTE","e":"s","st":"Eleito","dvt":"V\u00e1lido","vap":"9414","pvap":"  57,40"},{"seq":"2","sqcand":"100000831564","n":"20","nm":"CRISTIANE DAMI\u00c3O","cc":"PSC - MDB / PSC / PATRIOTA","nv":"JUNIOR DO SABRY","e":"n","st":"N\u00e3o eleito","dvt":"V\u00e1lido","vap":"6988","pvap":"  42,60"}]}
