{"ele":"426","tpabr":"mu","cdabr":"07277","carper":"11","t":"1","f":"o","dt":"15/11/2020","ht":"22:15:00","dv":"s","tf":"s","v":"1","esae":"n","mnae":"","s":"158","st":"158","pst":" 100,00","snt":"0","psnt":"   0,00","si":"158","psi":" 100,00","sni":"0","psni":"   0,00","sa":"158","psa":" 100,00","sna":"0","psna":"   0,00","e":"59203","ea":"59203","pea":" 100,00","ena":"0","pena":"   0,00","esi":"59203","pesi":" 100,00","esni":"0","pesni":"   0,00","c":"47017","pc":"  79,42","a":"12186","pa":"  20,58","vscv":"0","vnom":"44627","pvnom":" 100,00","vvc":"44627","pvvc":"  94,92","vb":"539","pvb":"   1,14","tvn":"1851","ptvn":"   3,94","vn":"1851","pvn":" 100,00","vnt":"0","pvnt":"   0,00","vp":"0","pvp":"   0,00","vv":"44627","pvv":" 100,00","van":"0","pvan":"   0,00","vansj":"0","pvansj":"   0,00","tv":"47017","cand":[{"seq":"1","sqcand":"100001042729","n":"12","nm":"DR. ERIK","cc":"PDT - MDB / DEM / DC / PSD / PC do B / PDT / PT / PSB / PV / PP","nv":"CELSO HENRIQUE","e":"s","st":"Eleito","dvt":"V\u00e1lido","vap":"37475","pvap":"  83,97"},{"seq":"2","sqcand":"100001238321","n":"17","nm":"Z\u00c9 GABRIEL","cc":"PSL","nv":"CLEONESIO","e":"n","st":"N\u00e3o eleito","dvt":"V\u00e1lido","vap":"7152","pvap":"  16,03"}]}
