{"ele":"426","tpabr":"mu","cdabr":"07315","carper":"11","t":"1","f":"o","dt":"15/11/2020","ht":"22:38:30","dv":"s","tf":"s","v":"1","esae":"n","mnae":"","s":"183","st":"183","pst":" 100,00","snt":"0","psnt":"   0,00","si":"183","psi":" 100,00","sni":"0","psni":"   0,00","sa":"183","psa":" 100,00","sna":"0","psna":"   0,00","e":"56807","ea":"56807","pea":" 100,00","ena":"0","pena":"   0,00","esi":"56807","pesi":" 100,00","esni":"0","pesni":"   0,00","c":"45290","pc":"  79,73","a":"11517","pa":"  20,27","vscv":"0","vnom":"42764","pvnom":" 100,00","vvc":"42764","pvvc":"  94,42","vb":"541","pvb":"   1,20","tvn":"1985","ptvn":"   4,38","vn":"1985","pvn":" 100,00","vnt":"0","pvnt":"   0,00","vp":"0","pvp":"   0,00","vv":"42764","pvv":" 100,00","van":"0","pvan":"   0,00","vansj":"0","pvansj":"   0,00","tv":"45290","cand":[{"seq":"2","sqcand":"100000980409","n":"65","nm":"GIL LOPES","cc":"PC do B - PDT / PRTB / PSB / PC do B / SOLIDARIEDADE / CIDADANIA","nv":"VITALZINHO","e":"n","st":"N\u00e3o eleito","dvt":"V\u00e1lido","vap":"17902","pvap":"  41,86"},{"seq":"1","sqcand":"100000745610","n":"22","nm":"RIGO TELES","cc":"PL - REPUBLICANOS / PT / MDB / PL / PSDB","nv":"MARCOS UNILLAR","e":"s","st":"Eleito","dvt":"V\u00e1lido","vap":"24034","pvap":"  56,20"},{"seq":"3","sqcand":"100000769902","n":"17","nm":"AD\u00c3O NUNES","cc":"PSL - PSL / PTB","nv":"RAIMUNDO CARVALHO","e":"n","st":"N\u00e3o eleito","dvt":"V\u00e1lido","vap":"828","pvap":"   1,94"}]}
