{"ele":"426","tpabr":"mu","cdabr":"07323","carper":"11","t":"1","f":"o","dt":"15/11/2020","ht":"23:02:06","dv":"s","tf":"s","v":"1","esae":"n","mnae":"","s":"17","st":"17","pst":" 100,00","snt":"0","psnt":"   0,00","si":"17","psi":" 100,00","sni":"0","psni":"   0,00","sa":"17","psa":" 100,00","sna":"0","psna":"   0,00","e":"6151","ea":"6151","pea":" 100,00","ena":"0","pena":"   0,00","esi":"6151","pesi":" 100,00","esni":"0","pesni":"   0,00","c":"5040","pc":"  81,94","a":"1111","pa":"  18,06","vscv":"0","vnom":"4909","pvnom":" 100,00","vvc":"4909","pvvc":"  97,40","vb":"14","pvb":"   0,28","tvn":"117","ptvn":"   2,32","vn":"117","pvn":" 100,00","vnt":"0","pvnt":"   0,00","vp":"0","pvp":"   0,00","vv":"4909","pvv":" 100,00","van":"0","pvan":"   0,00","vansj":"0","pvansj":"   0,00","tv":"5040","cand":[{"seq":"2","sqcand":"100001265502","n":"15","nm":"ENFERMEIRA RAIANA","cc":"MDB - PC do B / MDB / PSDB","nv":"ADIELZINHO","e":"n","st":"N\u00e3o eleito","dvt":"V\u00e1lido","vap":"2276","pvap":"  46,36"},{"seq":"3","sqcand":"100000637699","n":"18","nm":"PROF JAZOM GUEDES","cc":"REDE","nv":"MARCELO RODRIGUES","e":"n","st":"N\u00e3o eleito","dvt":"V\u00e1lido","vap":"86","pvap":"   1,75"},{"seq":"1","sqcand":"100001001153","n":"22","nm":"DILCILENE OLIVEIRA","cc":"PL - PL / AVANTE","nv":"MARQUINHO DA PESCA","e":"s","st":"Eleito","dvt":"V\u00e1lido","vap":"2547","pvap":"  51,88"}]}
