{"ele":"426","tpabr":"mu","cdabr":"07340","carper":"11","t":"1","f":"o","dt":"15/11/2020","ht":"22:21:44","dv":"s","tf":"n","v":"1","esae":"n","mnae":"","s":"126","st":"124","pst":"  98,41","snt":"2","psnt":"   1,59","si":"124","psi":"  98,41","sni":"0","psni":"   0,00","sa":"124","psa":" 100,00","sna":"0","psna":"   0,00","e":"38075","ea":"37410","pea":" 100,00","ena":"0","pena":"   0,00","esi":"37410","pesi":"  98,41","esni":"0","pesni":"   0,00","c":"30392","pc":"  81,24","a":"7018","pa":"  18,76","vscv":"0","vnom":"29474","pvnom":" 100,00","vvc":"29474","pvvc":"  96,98","vb":"183","pvb":"   0,60","tvn":"735","ptvn":"   2,42","vn":"735","pvn":" 100,00","vnt":"0","pvnt":"   0,00","vp":"0","pvp":"   0,00","vv":"29474","pvv":" 100,00","van":"0","pvan":"   0,00","vansj":"0","pvansj":"   0,00","tv":"30392","cand":[{"seq":"3","sqcand":"100001039392","n":"15","nm":"RAIMUNDO FILHO","cc":"MDB - MDB / PDT / REPUBLICANOS","nv":"ARISTIDES","e":"n","st":"","dvt":"V\u00e1lido","vap":"7811","pvap":"  26,50"},{"seq":"2","sqcand":"100001046552","n":"77","nm":"ARNOLDO DO FRANGO","cc":"SOLIDARIEDADE - PSDB / SOLIDARIEDADE / PSD / PSB","nv":"MUND\u00d4 DO SUPERMERCADO","e":"n","st":"","dvt":"V\u00e1lido","vap":"8399","pvap":"  28,50"},{"seq":"4","sqcand":"100000815935","n":"22","nm":"FRANCISCA PRIMO","cc":"PL - PT / PL / PROS / PP","nv":"CHICO DO ARMAZ\u00c9M","e":"n","st":"","dvt":"V\u00e1lido","vap":"3581","pvap":"  12,15"},{"seq":"9","sqcand":"100001142440","n":"50","nm":"MARIANA LIRA","cc":"PSOL","nv":"VILA NOVA","e":"n","st":"","dvt":"V\u00e1lido","vap":"75","pvap":"   0,25"},{"seq":"5","sqcand":"100001094670","n":"20","nm":"CHAGUINHA MACEDO","cc":"PSC","nv":"ALINE SANTOS","e":"n","st":"","dvt":"V\u00e1lido","vap":"385","pvap":"   1,31"},{"seq":"8","sqcand":"100001098758","n":"25","nm":"ERONDINO VALERO","cc":"DEM","nv":"CLEOVAN","e":"n","st":"","dvt":"V\u00e1lido","vap":"112","pvap":"   0,38"},{"seq":"7","sqcand":"100000668162","n":"18","nm":"PROFESSOR DANIEL","cc":"REDE","nv":"AIRTON SOARES","e":"n","st":"","dvt":"V\u00e1lido","vap":"144","pvap":"   0,49"},{"seq":"1","sqcand":"100000667380","n":"51","nm":"JOAO CARLOS","cc":"PATRIOTA","nv":"JOSE ANTONIO","e":"n","st":"","dvt":"V\u00e1lido","vap":"8722","pvap":"  29,59"},{"seq":"6","sqcand":"100001197313","n":"14","nm":"GRANDE","cc":"PTB","nv":"PROFESSOR GUILHON","e":"n","st":"","dvt":"V\u00e1lido","vap":"245","pvap":"   0,83"}]}
