{"ele":"426","tpabr":"mu","cdabr":"07358","carper":"11","t":"1","f":"o","dt":"15/11/2020","ht":"19:42:31","dv":"s","tf":"s","v":"1","esae":"n","mnae":"","s":"11","st":"11","pst":" 100,00","snt":"0","psnt":"   0,00","si":"11","psi":" 100,00","sni":"0","psni":"   0,00","sa":"11","psa":" 100,00","sna":"0","psna":"   0,00","e":"4049","ea":"4049","pea":" 100,00","ena":"0","pena":"   0,00","esi":"4049","pesi":" 100,00","esni":"0","pesni":"   0,00","c":"3596","pc":"  88,81","a":"453","pa":"  11,19","vscv":"0","vnom":"3472","pvnom":" 100,00","vvc":"3472","pvvc":"  96,55","vb":"15","pvb":"   0,42","tvn":"109","ptvn":"   3,03","vn":"109","pvn":" 100,00","vnt":"0","pvnt":"   0,00","vp":"0","pvp":"   0,00","vv":"3472","pvv":" 100,00","van":"0","pvan":"   0,00","vansj":"0","pvansj":"   0,00","tv":"3596","cand":[{"seq":"2","sqcand":"100001025158","n":"10","nm":"RODRIGO COELHO","cc":"REPUBLICANOS - REPUBLICANOS / PDT / PT","nv":"JUNIOR DOS COCOS","e":"n","st":"N\u00e3o eleito","dvt":"V\u00e1lido","vap":"1668","pvap":"  48,04"},{"seq":"1","sqcand":"100001024479","n":"65","nm":"RAMON BARROS","cc":"PC do B - PP / PC do B","nv":"DIROMAR SANTANA","e":"s","st":"Eleito","dvt":"V\u00e1lido","vap":"1804","pvap":"  51,96"}]}
