{"ele":"426","tpabr":"mu","cdabr":"07366","carper":"11","t":"1","f":"o","dt":"15/11/2020","ht":"23:40:02","dv":"s","tf":"n","v":"1","esae":"n","mnae":"","s":"35","st":"35","pst":" 100,00","snt":"0","psnt":"   0,00","si":"35","psi":" 100,00","sni":"0","psni":"   0,00","sa":"35","psa":" 100,00","sna":"0","psna":"   0,00","e":"11711","ea":"11711","pea":" 100,00","ena":"0","pena":"   0,00","esi":"11711","pesi":" 100,00","esni":"0","pesni":"   0,00","c":"9643","pc":"  82,34","a":"2068","pa":"  17,66","vscv":"0","vnom":"9293","pvnom":" 100,00","vvc":"9293","pvvc":"  96,37","vb":"80","pvb":"   0,83","tvn":"270","ptvn":"   2,80","vn":"270","pvn":" 100,00","vnt":"0","pvnt":"   0,00","vp":"0","pvp":"   0,00","vv":"9293","pvv":" 100,00","van":"0","pvan":"   0,00","vansj":"0","pvansj":"   0,00","tv":"9643","cand":[{"seq":"1","sqcand":"100000762991","n":"12","nm":"TONY BRAND\u00c3O","cc":"PDT - PDT / PC do B / REPUBLICANOS","nv":"JUNIOR DO SESSE","e":"n","st":"","dvt":"V\u00e1lido","vap":"5700","pvap":"  61,34"},{"seq":"2","sqcand":"100000844778","n":"14","nm":"NETO DO SUPERMERCADO","cc":"PTB - PTB / MDB / PSL / PL / PSB","nv":"MUNDICO LEONCIO","e":"n","st":"","dvt":"V\u00e1lido","vap":"3580","pvap":"  38,52"},{"seq":"3","sqcand":"100000969058","n":"13","nm":"PROF SILVANETE","cc":"PT","nv":"NATUM DO MORAIS","e":"n","st":"","dvt":"V\u00e1lido","vap":"13","pvap":"   0,14"}]}
