{"ele":"426","tpabr":"mu","cdabr":"07374","carper":"11","t":"1","f":"o","dt":"15/11/2020","ht":"21:43:35","dv":"s","tf":"s","v":"1","esae":"n","mnae":"","s":"53","st":"53","pst":" 100,00","snt":"0","psnt":"   0,00","si":"53","psi":" 100,00","sni":"0","psni":"   0,00","sa":"53","psa":" 100,00","sna":"0","psna":"   0,00","e":"18708","ea":"18708","pea":" 100,00","ena":"0","pena":"   0,00","esi":"18708","pesi":" 100,00","esni":"0","pesni":"   0,00","c":"15260","pc":"  81,57","a":"3448","pa":"  18,43","vscv":"0","vnom":"14616","pvnom":" 100,00","vvc":"14616","pvvc":"  95,78","vb":"244","pvb":"   1,60","tvn":"400","ptvn":"   2,62","vn":"400","pvn":" 100,00","vnt":"0","pvnt":"   0,00","vp":"0","pvp":"   0,00","vv":"14616","pvv":" 100,00","van":"0","pvan":"   0,00","vansj":"0","pvansj":"   0,00","tv":"15260","cand":[{"seq":"4","sqcand":"100001256646","n":"25","nm":"DINHA PINHEIRO","cc":"DEM","nv":"DECA ALVES","e":"n","st":"N\u00e3o eleito","dvt":"V\u00e1lido","vap":"200","pvap":"   1,37"},{"seq":"5","sqcand":"100000654044","n":"17","nm":"CORONEL LOPES","cc":"PSL","nv":"SCHITO","e":"n","st":"N\u00e3o eleito","dvt":"V\u00e1lido","vap":"130","pvap":"   0,89"},{"seq":"1","sqcand":"100000825471","n":"15","nm":"JOAO MARTINS","cc":"MDB - PV / MDB / PT","nv":"MAGAL","e":"s","st":"Eleito","dvt":"V\u00e1lido","vap":"7412","pvap":"  50,71"},{"seq":"6","sqcand":"100001256573","n":"10","nm":"CESAR CANTANHEDE","cc":"REPUBLICANOS","nv":"TALVANY SOUSA","e":"n","st":"N\u00e3o eleito","dvt":"V\u00e1lido","vap":"14","pvap":"   0,10"},{"seq":"3","sqcand":"100001264789","n":"12","nm":"ANT\u00d4NIO DINIZ","cc":"PDT - PSD / PC do B / PDT","nv":"FREDSON","e":"n","st":"N\u00e3o eleito","dvt":"V\u00e1lido","vap":"3226","pvap":"  22,07"},{"seq":"2","sqcand":"100001256647","n":"22","nm":"ROBSON CHEIRA","cc":"PL - AVANTE / PRTB / PL","nv":"SINHOR OU NESTOR","e":"n","st":"N\u00e3o eleito","dvt":"V\u00e1lido","vap":"3634","pvap":"  24,86"}]}
