{"ele":"426","tpabr":"mu","cdabr":"07382","carper":"11","t":"1","f":"o","dt":"15/11/2020","ht":"22:24:11","dv":"s","tf":"s","v":"1","esae":"n","mnae":"","s":"29","st":"29","pst":" 100,00","snt":"0","psnt":"   0,00","si":"29","psi":" 100,00","sni":"0","psni":"   0,00","sa":"29","psa":" 100,00","sna":"0","psna":"   0,00","e":"10090","ea":"10090","pea":" 100,00","ena":"0","pena":"   0,00","esi":"10090","pesi":" 100,00","esni":"0","pesni":"   0,00","c":"7850","pc":"  77,80","a":"2240","pa":"  22,20","vscv":"0","vnom":"7631","pvnom":" 100,00","vvc":"7631","pvvc":"  97,21","vb":"33","pvb":"   0,42","tvn":"186","ptvn":"   2,37","vn":"186","pvn":" 100,00","vnt":"0","pvnt":"   0,00","vp":"0","pvp":"   0,00","vv":"7631","pvv":" 100,00","van":"0","pvan":"   0,00","vansj":"0","pvansj":"   0,00","tv":"7850","cand":[{"seq":"1","sqcand":"100000984809","n":"40","nm":"FERNANDO BERMUDA","cc":"PSB - PSB / PSDB","nv":"NAT\u00c1LIA DO AFONSO","e":"s","st":"Eleito","dvt":"V\u00e1lido","vap":"3153","pvap":"  41,32"},{"seq":"2","sqcand":"100000764989","n":"13","nm":"PABLO RODRIGUES","cc":"PT - PT / PP / PDT","nv":"GIOVANNI MACEDO","e":"n","st":"N\u00e3o eleito","dvt":"V\u00e1lido","vap":"2718","pvap":"  35,62"},{"seq":"3","sqcand":"100000910066","n":"51","nm":"REBECA FERNANDES","cc":"PATRIOTA - PTC / PATRIOTA","nv":"GRILO","e":"n","st":"N\u00e3o eleito","dvt":"V\u00e1lido","vap":"1760","pvap":"  23,06"}]}
