{"ele":"426","tpabr":"mu","cdabr":"07390","carper":"11","t":"1","f":"o","dt":"15/11/2020","ht":"22:11:00","dv":"s","tf":"s","v":"1","esae":"n","mnae":"","s":"67","st":"67","pst":" 100,00","snt":"0","psnt":"   0,00","si":"67","psi":" 100,00","sni":"0","psni":"   0,00","sa":"67","psa":" 100,00","sna":"0","psna":"   0,00","e":"22581","ea":"22581","pea":" 100,00","ena":"0","pena":"   0,00","esi":"22581","pesi":" 100,00","esni":"0","pesni":"   0,00","c":"19603","pc":"  86,81","a":"2978","pa":"  13,19","vscv":"0","vnom":"18737","pvnom":" 100,00","vvc":"18737","pvvc":"  95,58","vb":"154","pvb":"   0,79","tvn":"712","ptvn":"   3,63","vn":"712","pvn":" 100,00","vnt":"0","pvnt":"   0,00","vp":"0","pvp":"   0,00","vv":"18737","pvv":" 100,00","van":"0","pvan":"   0,00","vansj":"0","pvansj":"   0,00","tv":"19603","cand":[{"seq":"2","sqcand":"100000727361","n":"10","nm":"OLIVIA CALDAS","cc":"REPUBLICANOS - REPUBLICANOS / PTB / PSD","nv":"PROFESSORA IDENILDE","e":"n","st":"N\u00e3o eleito","dvt":"V\u00e1lido","vap":"7476","pvap":"  39,90"},{"seq":"1","sqcand":"100001055806","n":"12","nm":"Z\u00c9 FARIAS","cc":"PDT - PDT / PODE / PC do B / PT / MDB","nv":"G\u00d3","e":"s","st":"Eleito","dvt":"V\u00e1lido","vap":"11261","pvap":"  60,10"}]}
