{"ele":"426","tpabr":"mu","cdabr":"07404","carper":"11","t":"1","f":"o","dt":"15/11/2020","ht":"22:01:46","dv":"s","tf":"s","v":"1","esae":"n","mnae":"","s":"26","st":"26","pst":" 100,00","snt":"0","psnt":"   0,00","si":"26","psi":" 100,00","sni":"0","psni":"   0,00","sa":"26","psa":" 100,00","sna":"0","psna":"   0,00","e":"9092","ea":"9092","pea":" 100,00","ena":"0","pena":"   0,00","esi":"9092","pesi":" 100,00","esni":"0","pesni":"   0,00","c":"7563","pc":"  83,18","a":"1529","pa":"  16,82","vscv":"0","vnom":"7151","pvnom":" 100,00","vvc":"7151","pvvc":"  94,55","vb":"85","pvb":"   1,13","tvn":"327","ptvn":"   4,32","vn":"327","pvn":" 100,00","vnt":"0","pvnt":"   0,00","vp":"0","pvp":"   0,00","vv":"7151","pvv":" 100,00","van":"0","pvan":"   0,00","vansj":"0","pvansj":"   0,00","tv":"7563","cand":[{"seq":"2","sqcand":"100000910928","n":"22","nm":"DAELI MIRANDA","cc":"PL - PL / PP","nv":"BELOCO DA FARMACIA","e":"n","st":"N\u00e3o eleito","dvt":"V\u00e1lido","vap":"2484","pvap":"  34,74"},{"seq":"1","sqcand":"100000688283","n":"65","nm":"ANDRE PORTELA","cc":"PC do B - PC do B / PSC","nv":"PRETA DO ARNALDO","e":"s","st":"Eleito","dvt":"V\u00e1lido","vap":"4667","pvap":"  65,26"}]}
