{"ele":"426","tpabr":"mu","cdabr":"07412","carper":"11","t":"1","f":"o","dt":"15/11/2020","ht":"22:03:18","dv":"s","tf":"s","v":"1","esae":"n","mnae":"","s":"67","st":"67","pst":" 100,00","snt":"0","psnt":"   0,00","si":"67","psi":" 100,00","sni":"0","psni":"   0,00","sa":"67","psa":" 100,00","sna":"0","psna":"   0,00","e":"21759","ea":"21759","pea":" 100,00","ena":"0","pena":"   0,00","esi":"21759","pesi":" 100,00","esni":"0","pesni":"   0,00","c":"17066","pc":"  78,43","a":"4693","pa":"  21,57","vscv":"0","vnom":"16369","pvnom":" 100,00","vvc":"16369","pvvc":"  95,92","vb":"141","pvb":"   0,82","tvn":"556","ptvn":"   3,26","vn":"556","pvn":" 100,00","vnt":"0","pvnt":"   0,00","vp":"0","pvp":"   0,00","vv":"16369","pvv":" 100,00","van":"0","pvan":"   0,00","vansj":"0","pvansj":"   0,00","tv":"17066","cand":[{"seq":"2","sqcand":"100001051638","n":"20","nm":"NALDO BATISTA","cc":"PSC - PC do B / PSC / REPUBLICANOS","nv":"ANTONIO FLORA","e":"n","st":"N\u00e3o eleito","dvt":"V\u00e1lido","vap":"7519","pvap":"  45,93"},{"seq":"6","sqcand":"100000985423","n":"18","nm":"GERALDINHO","cc":"REDE","nv":"RIBAMAR","e":"n","st":"N\u00e3o eleito","dvt":"V\u00e1lido","vap":"59","pvap":"   0,36"},{"seq":"4","sqcand":"100000740704","n":"33","nm":"RENATO BARROS","cc":"PMN","nv":"NONON","e":"n","st":"N\u00e3o eleito","dvt":"V\u00e1lido","vap":"246","pvap":"   1,50"},{"seq":"1","sqcand":"100001161572","n":"22","nm":"ARNALDO CARDOSO","cc":"PL - PATRIOTA / PL","nv":"JENILSON GOUVEIA","e":"s","st":"Eleito","dvt":"V\u00e1lido","vap":"7861","pvap":"  48,02"},{"seq":"3","sqcand":"100001201466","n":"11","nm":"EVANDRO MOUR\u00c3O","cc":"PP","nv":"FRANCIMAR FREITAS","e":"n","st":"N\u00e3o eleito","dvt":"V\u00e1lido","vap":"570","pvap":"   3,48"},{"seq":"5","sqcand":"100001245047","n":"13","nm":"EDIVAN DO BEL\u00c9M","cc":"PT","nv":"VILMAR VERAS","e":"n","st":"N\u00e3o eleito","dvt":"V\u00e1lido","vap":"114","pvap":"   0,70"}]}
