{"ele":"426","tpabr":"mu","cdabr":"07420","carper":"11","t":"1","f":"o","dt":"15/11/2020","ht":"22:40:24","dv":"s","tf":"s","v":"1","esae":"n","mnae":"","s":"22","st":"22","pst":" 100,00","snt":"0","psnt":"   0,00","si":"22","psi":" 100,00","sni":"0","psni":"   0,00","sa":"22","psa":" 100,00","sna":"0","psna":"   0,00","e":"7740","ea":"7740","pea":" 100,00","ena":"0","pena":"   0,00","esi":"7740","pesi":" 100,00","esni":"0","pesni":"   0,00","c":"6038","pc":"  78,01","a":"1702","pa":"  21,99","vscv":"0","vnom":"5724","pvnom":" 100,00","vvc":"5724","pvvc":"  94,80","vb":"33","pvb":"   0,55","tvn":"281","ptvn":"   4,65","vn":"281","pvn":" 100,00","vnt":"0","pvnt":"   0,00","vp":"0","pvp":"   0,00","vv":"5724","pvv":" 100,00","van":"0","pvan":"   0,00","vansj":"0","pvansj":"   0,00","tv":"6038","cand":[{"seq":"1","sqcand":"100000925808","n":"10","nm":"FECHINHA","cc":"REPUBLICANOS - MDB / REPUBLICANOS / PP","nv":"EDVAR","e":"s","st":"Eleito","dvt":"V\u00e1lido","vap":"2727","pvap":"  47,64"},{"seq":"3","sqcand":"100001197167","n":"43","nm":"ITAMAR AGUIAR","cc":"PV","nv":"VALDINHO BARROS","e":"n","st":"N\u00e3o eleito","dvt":"V\u00e1lido","vap":"533","pvap":"   9,31"},{"seq":"2","sqcand":"100001033192","n":"65","nm":"ISMAEL MONTEIRO","cc":"PC do B - PC do B / PT","nv":"DANIEL FLOR ","e":"n","st":"N\u00e3o eleito","dvt":"V\u00e1lido","vap":"2464","pvap":"  43,05"}]}
