{"ele":"426","tpabr":"mu","cdabr":"07439","carper":"11","t":"1","f":"o","dt":"15/11/2020","ht":"22:44:50","dv":"s","tf":"s","v":"1","esae":"n","mnae":"","s":"60","st":"60","pst":" 100,00","snt":"0","psnt":"   0,00","si":"60","psi":" 100,00","sni":"0","psni":"   0,00","sa":"60","psa":" 100,00","sna":"0","psna":"   0,00","e":"18366","ea":"18366","pea":" 100,00","ena":"0","pena":"   0,00","esi":"18366","pesi":" 100,00","esni":"0","pesni":"   0,00","c":"13722","pc":"  74,71","a":"4644","pa":"  25,29","vscv":"0","vnom":"6964","pvnom":" 100,00","vvc":"12722","pvvc":"  92,71","vb":"91","pvb":"   0,67","tvn":"909","ptvn":"   6,62","vn":"909","pvn":" 100,00","vnt":"0","pvnt":"   0,00","vp":"0","pvp":"   0,00","vv":"6964","pvv":"  54,74","van":"0","pvan":"   0,00","vansj":"5758","pvansj":"  45,26","tv":"13722","cand":[{"seq":"2","sqcand":"100001021281","n":"90","nm":"NONATO PEREIRA","cc":"PROS - PTB / PROS","nv":"FERNANDO BRITO","e":"n","st":"N\u00e3o eleito","dvt":"Anulado sub judice","vap":"5758","pvap":"  45,26"},{"seq":"1","sqcand":"100000683940","n":"65","nm":"LUCIANA LEOCADIO","cc":"PC do B - REPUBLICANOS / PP / PATRIOTA / PC do B","nv":"WELSON AMORIM","e":"s","st":"Eleito","dvt":"V\u00e1lido","vap":"6964","pvap":"  54,74"}]}
