{"ele":"426","tpabr":"mu","cdabr":"07447","carper":"11","t":"1","f":"o","dt":"15/11/2020","ht":"23:46:31","dv":"s","tf":"s","v":"1","esae":"n","mnae":"","s":"23","st":"23","pst":" 100,00","snt":"0","psnt":"   0,00","si":"23","psi":" 100,00","sni":"0","psni":"   0,00","sa":"23","psa":" 100,00","sna":"0","psna":"   0,00","e":"7402","ea":"7402","pea":" 100,00","ena":"0","pena":"   0,00","esi":"7402","pesi":" 100,00","esni":"0","pesni":"   0,00","c":"5970","pc":"  80,65","a":"1432","pa":"  19,35","vscv":"0","vnom":"5677","pvnom":" 100,00","vvc":"5677","pvvc":"  95,09","vb":"150","pvb":"   2,51","tvn":"143","ptvn":"   2,40","vn":"143","pvn":" 100,00","vnt":"0","pvnt":"   0,00","vp":"0","pvp":"   0,00","vv":"5677","pvv":" 100,00","van":"0","pvan":"   0,00","vansj":"0","pvansj":"   0,00","tv":"5970","cand":[{"seq":"3","sqcand":"100001145734","n":"50","nm":"NONATO CONSTRUTOR","cc":"PSOL","nv":"RIB\u00c3O DA QUARENTA E CINCO","e":"n","st":"N\u00e3o eleito","dvt":"V\u00e1lido","vap":"101","pvap":"   1,78"},{"seq":"2","sqcand":"100000746004","n":"20","nm":"NABI","cc":"PSC - PSC / PSDB","nv":"P\u00d3VOAS","e":"n","st":"N\u00e3o eleito","dvt":"V\u00e1lido","vap":"778","pvap":"  13,70"},{"seq":"1","sqcand":"100000747612","n":"22","nm":"Z\u00c9 DE D\u00c1RIO","cc":"PL - PL / AVANTE","nv":"DR IVES EVANGELISTA","e":"s","st":"Eleito","dvt":"V\u00e1lido","vap":"4798","pvap":"  84,52"}]}
