{"ele":"426","tpabr":"mu","cdabr":"07463","carper":"11","t":"1","f":"o","dt":"15/11/2020","ht":"21:49:16","dv":"s","tf":"s","v":"1","esae":"n","mnae":"","s":"39","st":"39","pst":" 100,00","snt":"0","psnt":"   0,00","si":"39","psi":" 100,00","sni":"0","psni":"   0,00","sa":"39","psa":" 100,00","sna":"0","psna":"   0,00","e":"11732","ea":"11732","pea":" 100,00","ena":"0","pena":"   0,00","esi":"11732","pesi":" 100,00","esni":"0","pesni":"   0,00","c":"9494","pc":"  80,92","a":"2238","pa":"  19,08","vscv":"0","vnom":"9224","pvnom":" 100,00","vvc":"9224","pvvc":"  97,16","vb":"37","pvb":"   0,39","tvn":"233","ptvn":"   2,45","vn":"233","pvn":" 100,00","vnt":"0","pvnt":"   0,00","vp":"0","pvp":"   0,00","vv":"9224","pvv":" 100,00","van":"0","pvan":"   0,00","vansj":"0","pvansj":"   0,00","tv":"9494","cand":[{"seq":"2","sqcand":"100001145450","n":"65","nm":"DIVA SILVA","cc":"PC do B","nv":"DRA THAIS ARAUJO","e":"n","st":"N\u00e3o eleito","dvt":"V\u00e1lido","vap":"2612","pvap":"  28,32"},{"seq":"1","sqcand":"100000637774","n":"11","nm":"JUNIOR GARIMPEIRO","cc":"PP - PP / MDB / PATRIOTA","nv":"MOAB","e":"s","st":"Eleito","dvt":"V\u00e1lido","vap":"4221","pvap":"  45,76"},{"seq":"3","sqcand":"100001145054","n":"22","nm":"NEY PASSINHO","cc":"PL","nv":"DR LINDOMAR","e":"n","st":"N\u00e3o eleito","dvt":"V\u00e1lido","vap":"2180","pvap":"  23,63"},{"seq":"4","sqcand":"100000637730","n":"35","nm":"PROFESSOR ADEMAR","cc":"PMB","nv":"PASTOR SATIRO","e":"n","st":"N\u00e3o eleito","dvt":"V\u00e1lido","vap":"211","pvap":"   2,29"}]}
