{"ele":"426","tpabr":"mu","cdabr":"07498","carper":"11","t":"1","f":"o","dt":"15/11/2020","ht":"22:02:46","dv":"s","tf":"s","v":"1","esae":"n","mnae":"","s":"48","st":"48","pst":" 100,00","snt":"0","psnt":"   0,00","si":"48","psi":" 100,00","sni":"0","psni":"   0,00","sa":"48","psa":" 100,00","sna":"0","psna":"   0,00","e":"15936","ea":"15936","pea":" 100,00","ena":"0","pena":"   0,00","esi":"15936","pesi":" 100,00","esni":"0","pesni":"   0,00","c":"12625","pc":"  79,22","a":"3311","pa":"  20,78","vscv":"0","vnom":"12250","pvnom":" 100,00","vvc":"12250","pvvc":"  97,03","vb":"70","pvb":"   0,55","tvn":"305","ptvn":"   2,42","vn":"305","pvn":" 100,00","vnt":"0","pvnt":"   0,00","vp":"0","pvp":"   0,00","vv":"12250","pvv":" 100,00","van":"0","pvan":"   0,00","vansj":"0","pvansj":"   0,00","tv":"12625","cand":[{"seq":"2","sqcand":"100000754600","n":"65","nm":"CRISTOVAO LEITE","cc":"PC do B - PP / PC do B","nv":"IRMAO RAO","e":"n","st":"N\u00e3o eleito","dvt":"V\u00e1lido","vap":"2927","pvap":"  23,89"},{"seq":"1","sqcand":"100000754140","n":"22","nm":"FACINHO","cc":"PL - PL / PSDB / AVANTE","nv":"AL\u00ca DO POVO","e":"s","st":"Eleito","dvt":"V\u00e1lido","vap":"5940","pvap":"  48,49"},{"seq":"4","sqcand":"100000745140","n":"55","nm":"WANDERLEY BRAZ","cc":"PSD","nv":"JOJ\u00d3 DO BAR\u00c3O","e":"n","st":"N\u00e3o eleito","dvt":"V\u00e1lido","vap":"671","pvap":"   5,48"},{"seq":"3","sqcand":"100000753497","n":"12","nm":"JOFRAN BRAGA JB","cc":"PDT - DEM / SOLIDARIEDADE / PDT / PSL / PSC","nv":"DR. SAVIO","e":"n","st":"N\u00e3o eleito","dvt":"V\u00e1lido","vap":"2712","pvap":"  22,14"}]}
