{"ele":"426","tpabr":"mu","cdabr":"07501","carper":"11","t":"1","f":"o","dt":"15/11/2020","ht":"22:20:15","dv":"s","tf":"s","v":"1","esae":"n","mnae":"","s":"38","st":"38","pst":" 100,00","snt":"0","psnt":"   0,00","si":"38","psi":" 100,00","sni":"0","psni":"   0,00","sa":"38","psa":" 100,00","sna":"0","psna":"   0,00","e":"11561","ea":"11561","pea":" 100,00","ena":"0","pena":"   0,00","esi":"11561","pesi":" 100,00","esni":"0","pesni":"   0,00","c":"9395","pc":"  81,26","a":"2166","pa":"  18,74","vscv":"0","vnom":"9070","pvnom":" 100,00","vvc":"9070","pvvc":"  96,54","vb":"56","pvb":"   0,60","tvn":"269","ptvn":"   2,86","vn":"269","pvn":" 100,00","vnt":"0","pvnt":"   0,00","vp":"0","pvp":"   0,00","vv":"9070","pvv":" 100,00","van":"0","pvan":"   0,00","vansj":"0","pvansj":"   0,00","tv":"9395","cand":[{"seq":"2","sqcand":"100001047281","n":"25","nm":"Z\u00c9 C\u00d4CO","cc":"DEM - PSB / DEM / PSC","nv":"JUARILDO SOUSA FERNANDES","e":"n","st":"N\u00e3o eleito","dvt":"V\u00e1lido","vap":"4228","pvap":"  46,62"},{"seq":"3","sqcand":"100000827377","n":"11","nm":"ZUINGLES BASTOS","cc":"PP","nv":"GABRIEL DA FARM\u00c1CIA","e":"n","st":"N\u00e3o eleito","dvt":"V\u00e1lido","vap":"283","pvap":"   3,12"},{"seq":"1","sqcand":"100000971122","n":"22","nm":"ALEXANDRE LAVEPEL","cc":"PL - PL / PATRIOTA / PC do B","nv":"MARCIA DANTAS","e":"s","st":"Eleito","dvt":"V\u00e1lido","vap":"4559","pvap":"  50,26"}]}
