{"ele":"426","tpabr":"mu","cdabr":"07510","carper":"11","t":"1","f":"o","dt":"15/11/2020","ht":"22:03:07","dv":"s","tf":"s","v":"1","esae":"n","mnae":"","s":"38","st":"38","pst":" 100,00","snt":"0","psnt":"   0,00","si":"38","psi":" 100,00","sni":"0","psni":"   0,00","sa":"38","psa":" 100,00","sna":"0","psna":"   0,00","e":"13998","ea":"13998","pea":" 100,00","ena":"0","pena":"   0,00","esi":"13998","pesi":" 100,00","esni":"0","pesni":"   0,00","c":"11055","pc":"  78,98","a":"2943","pa":"  21,02","vscv":"0","vnom":"10634","pvnom":" 100,00","vvc":"10634","pvvc":"  96,19","vb":"82","pvb":"   0,74","tvn":"339","ptvn":"   3,07","vn":"333","pvn":"  98,23","vnt":"6","pvnt":"   1,77","vp":"0","pvp":"   0,00","vv":"10634","pvv":" 100,00","van":"0","pvan":"   0,00","vansj":"0","pvansj":"   0,00","tv":"11055","cand":[{"seq":"2","sqcand":"100000729188","n":"11","nm":"RUIVO","cc":"PP - PP / PT / DEM / PATRIOTA / SOLIDARIEDADE","nv":"DR ELVY SOARES","e":"n","st":"N\u00e3o eleito","dvt":"V\u00e1lido","vap":"4637","pvap":"  43,61"},{"seq":"1","sqcand":"100001133093","n":"12","nm":"Z\u00c9 MARTINHO","cc":"PDT - PDT / MDB / PL / REPUBLICANOS","nv":"JORISMAR","e":"s","st":"Eleito","dvt":"V\u00e1lido","vap":"5997","pvap":"  56,39"}]}
