{"ele":"426","tpabr":"mu","cdabr":"07528","carper":"11","t":"1","f":"o","dt":"15/11/2020","ht":"22:07:57","dv":"s","tf":"s","v":"1","esae":"n","mnae":"","s":"19","st":"19","pst":" 100,00","snt":"0","psnt":"   0,00","si":"19","psi":" 100,00","sni":"0","psni":"   0,00","sa":"19","psa":" 100,00","sna":"0","psna":"   0,00","e":"6059","ea":"6059","pea":" 100,00","ena":"0","pena":"   0,00","esi":"6059","pesi":" 100,00","esni":"0","pesni":"   0,00","c":"5456","pc":"  90,05","a":"603","pa":"   9,95","vscv":"0","vnom":"5264","pvnom":" 100,00","vvc":"5264","pvvc":"  96,48","vb":"31","pvb":"   0,57","tvn":"161","ptvn":"   2,95","vn":"161","pvn":" 100,00","vnt":"0","pvnt":"   0,00","vp":"0","pvp":"   0,00","vv":"5264","pvv":" 100,00","van":"0","pvan":"   0,00","vansj":"0","pvansj":"   0,00","tv":"5456","cand":[{"seq":"2","sqcand":"100000972186","n":"25","nm":"TIAGO DANTAS","cc":"DEM - PT / DEM","nv":"ARISTIDES","e":"n","st":"N\u00e3o eleito","dvt":"V\u00e1lido","vap":"2441","pvap":"  46,37"},{"seq":"1","sqcand":"100001036249","n":"55","nm":"LUIZA COUTINHO","cc":"PSD - PSD / REPUBLICANOS","nv":"ELEITE BARROS","e":"s","st":"Eleito","dvt":"V\u00e1lido","vap":"2823","pvap":"  53,63"}]}
