{"ele":"426","tpabr":"mu","cdabr":"07536","carper":"11","t":"1","f":"o","dt":"15/11/2020","ht":"20:52:37","dv":"s","tf":"s","v":"1","esae":"n","mnae":"","s":"60","st":"60","pst":" 100,00","snt":"0","psnt":"   0,00","si":"60","psi":" 100,00","sni":"0","psni":"   0,00","sa":"60","psa":" 100,00","sna":"0","psna":"   0,00","e":"18642","ea":"18642","pea":" 100,00","ena":"0","pena":"   0,00","esi":"18642","pesi":" 100,00","esni":"0","pesni":"   0,00","c":"14732","pc":"  79,03","a":"3910","pa":"  20,97","vscv":"0","vnom":"14209","pvnom":" 100,00","vvc":"14209","pvvc":"  96,45","vb":"114","pvb":"   0,77","tvn":"409","ptvn":"   2,78","vn":"409","pvn":" 100,00","vnt":"0","pvnt":"   0,00","vp":"0","pvp":"   0,00","vv":"14209","pvv":" 100,00","van":"0","pvan":"   0,00","vansj":"0","pvansj":"   0,00","tv":"14732","cand":[{"seq":"3","sqcand":"100000689755","n":"25","nm":"GILMA BARROS","cc":"DEM","nv":"IRAN ROCHA","e":"n","st":"N\u00e3o eleito","dvt":"V\u00e1lido","vap":"1481","pvap":"  10,42"},{"seq":"1","sqcand":"100000752459","n":"22","nm":"DR ERIVELTON","cc":"PL - PT / PL / AVANTE","nv":"PROFESSOR ESIO","e":"s","st":"Eleito","dvt":"V\u00e1lido","vap":"7269","pvap":"  51,16"},{"seq":"2","sqcand":"100000823007","n":"45","nm":"JAYME FONSECA","cc":"PSDB - PDT / MDB / PSDB / PSD","nv":"ERNESTO NASCIMENTO","e":"n","st":"N\u00e3o eleito","dvt":"V\u00e1lido","vap":"5459","pvap":"  38,42"}]}
