{"ele":"426","tpabr":"mu","cdabr":"07544","carper":"11","t":"1","f":"o","dt":"15/11/2020","ht":"21:38:06","dv":"s","tf":"s","v":"1","esae":"n","mnae":"","s":"27","st":"27","pst":" 100,00","snt":"0","psnt":"   0,00","si":"27","psi":" 100,00","sni":"0","psni":"   0,00","sa":"27","psa":" 100,00","sna":"0","psna":"   0,00","e":"8861","ea":"8861","pea":" 100,00","ena":"0","pena":"   0,00","esi":"8861","pesi":" 100,00","esni":"0","pesni":"   0,00","c":"8165","pc":"  92,15","a":"696","pa":"   7,85","vscv":"0","vnom":"8000","pvnom":" 100,00","vvc":"8000","pvvc":"  97,98","vb":"22","pvb":"   0,27","tvn":"143","ptvn":"   1,75","vn":"143","pvn":" 100,00","vnt":"0","pvnt":"   0,00","vp":"0","pvp":"   0,00","vv":"8000","pvv":" 100,00","van":"0","pvan":"   0,00","vansj":"0","pvansj":"   0,00","tv":"8165","cand":[{"seq":"2","sqcand":"100000640863","n":"65","nm":"VOV\u00d3 CREZIA","cc":"PC do B - PP / PC do B","nv":"IRM\u00c3 IVONE","e":"n","st":"N\u00e3o eleito","dvt":"V\u00e1lido","vap":"3690","pvap":"  46,13"},{"seq":"1","sqcand":"100000640836","n":"12","nm":"RAIMUNDA DO JOSEMAR","cc":"PDT - PDT / MDB","nv":"PROFESSORA NEIDE","e":"s","st":"Eleito","dvt":"V\u00e1lido","vap":"4310","pvap":"  53,88"}]}
