{"ele":"426","tpabr":"mu","cdabr":"07552","carper":"11","t":"1","f":"o","dt":"15/11/2020","ht":"22:02:35","dv":"s","tf":"s","v":"1","esae":"n","mnae":"","s":"56","st":"56","pst":" 100,00","snt":"0","psnt":"   0,00","si":"56","psi":" 100,00","sni":"0","psni":"   0,00","sa":"56","psa":" 100,00","sna":"0","psna":"   0,00","e":"18097","ea":"18097","pea":" 100,00","ena":"0","pena":"   0,00","esi":"18097","pesi":" 100,00","esni":"0","pesni":"   0,00","c":"14284","pc":"  78,93","a":"3813","pa":"  21,07","vscv":"0","vnom":"13784","pvnom":" 100,00","vvc":"13784","pvvc":"  96,50","vb":"92","pvb":"   0,64","tvn":"408","ptvn":"   2,86","vn":"408","pvn":" 100,00","vnt":"0","pvnt":"   0,00","vp":"0","pvp":"   0,00","vv":"13784","pvv":" 100,00","van":"0","pvan":"   0,00","vansj":"0","pvansj":"   0,00","tv":"14284","cand":[{"seq":"1","sqcand":"100001191738","n":"77","nm":"DR AIRTON","cc":"SOLIDARIEDADE - SOLIDARIEDADE / PC do B / PT","nv":"NILSON GUERRA","e":"s","st":"Eleito","dvt":"V\u00e1lido","vap":"6059","pvap":"  43,96"},{"seq":"3","sqcand":"100001178561","n":"10","nm":"CORDEIRO DE DEUS","cc":"REPUBLICANOS - REPUBLICANOS / PTC / PSL","nv":"MARCOS SALOM\u00c3O","e":"n","st":"N\u00e3o eleito","dvt":"V\u00e1lido","vap":"1708","pvap":"  12,39"},{"seq":"2","sqcand":"100001273568","n":"70","nm":"AMIN QUEMEL","cc":"AVANTE - PL / AVANTE","nv":"GEREMIAS GUERRA","e":"n","st":"N\u00e3o eleito","dvt":"V\u00e1lido","vap":"6017","pvap":"  43,65"}]}
