{"ele":"426","tpabr":"mu","cdabr":"07609","carper":"11","t":"1","f":"o","dt":"15/11/2020","ht":"22:24:09","dv":"s","tf":"s","v":"1","esae":"n","mnae":"","s":"40","st":"40","pst":" 100,00","snt":"0","psnt":"   0,00","si":"40","psi":" 100,00","sni":"0","psni":"   0,00","sa":"40","psa":" 100,00","sna":"0","psna":"   0,00","e":"14697","ea":"14697","pea":" 100,00","ena":"0","pena":"   0,00","esi":"14697","pesi":" 100,00","esni":"0","pesni":"   0,00","c":"12080","pc":"  82,19","a":"2617","pa":"  17,81","vscv":"0","vnom":"11594","pvnom":" 100,00","vvc":"11594","pvvc":"  95,98","vb":"110","pvb":"   0,91","tvn":"376","ptvn":"   3,11","vn":"376","pvn":" 100,00","vnt":"0","pvnt":"   0,00","vp":"0","pvp":"   0,00","vv":"11594","pvv":" 100,00","van":"0","pvan":"   0,00","vansj":"0","pvansj":"   0,00","tv":"12080","cand":[{"seq":"3","sqcand":"100000638739","n":"20","nm":"NEUTON TALISM\u00c3","cc":"PSC","nv":"MARCOS PAIVA","e":"n","st":"N\u00e3o eleito","dvt":"V\u00e1lido","vap":"902","pvap":"   7,78"},{"seq":"1","sqcand":"100000839514","n":"65","nm":"PROFESSOR GERALDO BRAGA","cc":"PC do B - PDT / PATRIOTA / PC do B","nv":"FL\u00c1VIO MATERIAL DE CONSTRU\u00c7\u00c3O","e":"s","st":"Eleito","dvt":"V\u00e1lido","vap":"5359","pvap":"  46,22"},{"seq":"2","sqcand":"100000845364","n":"55","nm":"TELMA PLACIDO","cc":"PSD - REPUBLICANOS / PTB / PSD / PT","nv":"PROFESSOR CALIANDRO ABREU","e":"n","st":"N\u00e3o eleito","dvt":"V\u00e1lido","vap":"5333","pvap":"  46,00"}]}
