{"ele":"426","tpabr":"mu","cdabr":"07617","carper":"11","t":"1","f":"o","dt":"15/11/2020","ht":"22:02:52","dv":"s","tf":"s","v":"1","esae":"n","mnae":"","s":"148","st":"148","pst":" 100,00","snt":"0","psnt":"   0,00","si":"148","psi":" 100,00","sni":"0","psni":"   0,00","sa":"148","psa":" 100,00","sna":"0","psna":"   0,00","e":"49980","ea":"49980","pea":" 100,00","ena":"0","pena":"   0,00","esi":"49980","pesi":" 100,00","esni":"0","pesni":"   0,00","c":"42576","pc":"  85,19","a":"7404","pa":"  14,81","vscv":"0","vnom":"40796","pvnom":" 100,00","vvc":"40796","pvvc":"  95,82","vb":"420","pvb":"   0,99","tvn":"1360","ptvn":"   3,19","vn":"1360","pvn":" 100,00","vnt":"0","pvnt":"   0,00","vp":"0","pvp":"   0,00","vv":"40796","pvv":" 100,00","van":"0","pvan":"   0,00","vansj":"0","pvansj":"   0,00","tv":"42576","cand":[{"seq":"4","sqcand":"100000725367","n":"25","nm":"ALDY JUNIOR","cc":"DEM - PSD / DEM","nv":"DENILSON LIRA ","e":"n","st":"N\u00e3o eleito","dvt":"V\u00e1lido","vap":"965","pvap":"   2,37"},{"seq":"5","sqcand":"100000914977","n":"17","nm":"NETO PONTES","cc":"PSL","nv":"CELIA","e":"n","st":"N\u00e3o eleito","dvt":"V\u00e1lido","vap":"603","pvap":"   1,48"},{"seq":"2","sqcand":"100000836166","n":"40","nm":"HIGOR","cc":"PSB - PDT / PT / PSB / PROS","nv":"MARCELO MARINHEIRO","e":"n","st":"N\u00e3o eleito","dvt":"V\u00e1lido","vap":"12070","pvap":"  29,59"},{"seq":"3","sqcand":"100001183701","n":"23","nm":"DR MAGNO","cc":"CIDADANIA - PP / PV / PTB / MDB / CIDADANIA","nv":"ISAIAS","e":"n","st":"N\u00e3o eleito","dvt":"V\u00e1lido","vap":"10214","pvap":"  25,04"},{"seq":"7","sqcand":"100001255090","n":"35","nm":"MARCIA GOMES","cc":"PMB","nv":"RIBA DO ALAGADI\u00c7O GRANDE","e":"n","st":"N\u00e3o eleito","dvt":"V\u00e1lido","vap":"2","pvap":"   0,00"},{"seq":"1","sqcand":"100000725861","n":"22","nm":"BELEZINHA","cc":"PL - PL / REPUBLICANOS / PATRIOTA / PC do B / AVANTE","nv":"DR. LEVI PONTES","e":"s","st":"Eleito","dvt":"V\u00e1lido","vap":"16846","pvap":"  41,29"},{"seq":"6","sqcand":"100001109646","n":"50","nm":"PROFESSOR J\u00c2NIO PJ","cc":"PSOL","nv":"CHICO DA COHAB","e":"n","st":"N\u00e3o eleito","dvt":"V\u00e1lido","vap":"96","pvap":"   0,24"}]}
