{"ele":"426","tpabr":"mu","cdabr":"07633","carper":"11","t":"1","f":"o","dt":"15/11/2020","ht":"21:58:36","dv":"s","tf":"s","v":"1","esae":"n","mnae":"","s":"203","st":"203","pst":" 100,00","snt":"0","psnt":"   0,00","si":"203","psi":" 100,00","sni":"0","psni":"   0,00","sa":"203","psa":" 100,00","sna":"0","psna":"   0,00","e":"72921","ea":"72921","pea":" 100,00","ena":"0","pena":"   0,00","esi":"72921","pesi":" 100,00","esni":"0","pesni":"   0,00","c":"56882","pc":"  78,00","a":"16039","pa":"  22,00","vscv":"0","vnom":"53653","pvnom":" 100,00","vvc":"53653","pvvc":"  94,32","vb":"623","pvb":"   1,10","tvn":"2606","ptvn":"   4,58","vn":"2606","pvn":" 100,00","vnt":"0","pvnt":"   0,00","vp":"0","pvp":"   0,00","vv":"53653","pvv":" 100,00","van":"0","pvan":"   0,00","vansj":"0","pvansj":"   0,00","tv":"56882","cand":[{"seq":"1","sqcand":"100000891425","n":"55","nm":"DR Z\u00c9 FRANCISCO","cc":"PSD - PSDB / MDB / PODE / PSD / REPUBLICANOS / PL / PT / PV","nv":"CAMILO FIGUEIREDO","e":"s","st":"Eleito","dvt":"V\u00e1lido","vap":"28331","pvap":"  52,80"},{"seq":"3","sqcand":"100000825196","n":"36","nm":"CABO BEZERRA","cc":"PTC","nv":"BISPO GERCIONE BARROS","e":"n","st":"N\u00e3o eleito","dvt":"V\u00e1lido","vap":"1004","pvap":"   1,87"},{"seq":"2","sqcand":"100001190999","n":"12","nm":"ZITO ROLIM","cc":"PDT - PP / PTB / PROS / PDT / DEM / SOLIDARIEDADE / CIDADANIA / REDE / PSL / PSB / PC do B","nv":"JADIEL REIS","e":"n","st":"N\u00e3o eleito","dvt":"V\u00e1lido","vap":"24318","pvap":"  45,32"}]}
