{"ele":"426","tpabr":"mu","cdabr":"07641","carper":"11","t":"1","f":"o","dt":"15/11/2020","ht":"22:05:40","dv":"s","tf":"s","v":"1","esae":"n","mnae":"","s":"29","st":"29","pst":" 100,00","snt":"0","psnt":"   0,00","si":"29","psi":" 100,00","sni":"0","psni":"   0,00","sa":"29","psa":" 100,00","sna":"0","psna":"   0,00","e":"8010","ea":"8010","pea":" 100,00","ena":"0","pena":"   0,00","esi":"8010","pesi":" 100,00","esni":"0","pesni":"   0,00","c":"6115","pc":"  76,34","a":"1895","pa":"  23,66","vscv":"0","vnom":"5945","pvnom":" 100,00","vvc":"5945","pvvc":"  97,22","vb":"28","pvb":"   0,46","tvn":"142","ptvn":"   2,32","vn":"142","pvn":" 100,00","vnt":"0","pvnt":"   0,00","vp":"0","pvp":"   0,00","vv":"5945","pvv":" 100,00","van":"0","pvan":"   0,00","vansj":"0","pvansj":"   0,00","tv":"6115","cand":[{"seq":"1","sqcand":"100000722321","n":"22","nm":"ROBERTO DO POSTO","cc":"PL - PL / AVANTE","nv":"TOTOZINHO","e":"s","st":"Eleito","dvt":"V\u00e1lido","vap":"3423","pvap":"  57,58"},{"seq":"3","sqcand":"100001153058","n":"15","nm":"DOUGLAS BRAND\u00c3O","cc":"MDB","nv":"IRM\u00c3O ANTONIO","e":"n","st":"N\u00e3o eleito","dvt":"V\u00e1lido","vap":"261","pvap":"   4,39"},{"seq":"2","sqcand":"100000749874","n":"20","nm":"BARROSINHO","cc":"PSC - PSC / PODE","nv":"NEGO DA UNI\u00c3O","e":"n","st":"N\u00e3o eleito","dvt":"V\u00e1lido","vap":"2261","pvap":"  38,03"}]}
