{"ele":"426","tpabr":"mu","cdabr":"07650","carper":"11","t":"1","f":"o","dt":"15/11/2020","ht":"21:39:47","dv":"s","tf":"s","v":"1","esae":"n","mnae":"","s":"82","st":"82","pst":" 100,00","snt":"0","psnt":"   0,00","si":"82","psi":" 100,00","sni":"0","psni":"   0,00","sa":"82","psa":" 100,00","sna":"0","psna":"   0,00","e":"29901","ea":"29901","pea":" 100,00","ena":"0","pena":"   0,00","esi":"29901","pesi":" 100,00","esni":"0","pesni":"   0,00","c":"24878","pc":"  83,20","a":"5023","pa":"  16,80","vscv":"0","vnom":"23575","pvnom":" 100,00","vvc":"23575","pvvc":"  94,76","vb":"307","pvb":"   1,24","tvn":"996","ptvn":"   4,00","vn":"996","pvn":" 100,00","vnt":"0","pvnt":"   0,00","vp":"0","pvp":"   0,00","vv":"23575","pvv":" 100,00","van":"0","pvan":"   0,00","vansj":"0","pvansj":"   0,00","tv":"24878","cand":[{"seq":"1","sqcand":"100001235393","n":"11","nm":"BRUNO SILVA","cc":"PP - PSL / PROS / PP / MDB","nv":"ANT\u00d4NIO LUSTOSA","e":"s","st":"Eleito","dvt":"V\u00e1lido","vap":"13795","pvap":"  58,52"},{"seq":"2","sqcand":"100001196189","n":"13","nm":"AM\u00c9RICO","cc":"PT - PT / PDT / PSB / PC do B","nv":"RAVANNE","e":"n","st":"N\u00e3o eleito","dvt":"V\u00e1lido","vap":"6397","pvap":"  27,13"},{"seq":"5","sqcand":"100001045832","n":"27","nm":"VAL CARA LEGAL","cc":"DC","nv":"ASLANDERSON SOUSA","e":"n","st":"N\u00e3o eleito","dvt":"V\u00e1lido","vap":"0","pvap":"00.00"},{"seq":"4","sqcand":"100001046380","n":"35","nm":"ILSON BAIANO","cc":"PMB - PRTB / PMB","nv":"MILTON VIEIRA ","e":"n","st":"N\u00e3o eleito","dvt":"V\u00e1lido","vap":"171","pvap":"   0,73"},{"seq":"3","sqcand":"100001044386","n":"22","nm":"ANTONIO PIRES","cc":"PL - PL / CIDADANIA / DEM","nv":"ALBINO KLAUBETH","e":"n","st":"N\u00e3o eleito","dvt":"V\u00e1lido","vap":"3212","pvap":"  13,62"}]}
