{"ele":"426","tpabr":"mu","cdabr":"07668","carper":"11","t":"1","f":"o","dt":"15/11/2020","ht":"23:47:02","dv":"s","tf":"s","v":"1","esae":"n","mnae":"","s":"52","st":"52","pst":" 100,00","snt":"0","psnt":"   0,00","si":"52","psi":" 100,00","sni":"0","psni":"   0,00","sa":"52","psa":" 100,00","sna":"0","psna":"   0,00","e":"17641","ea":"17641","pea":" 100,00","ena":"0","pena":"   0,00","esi":"17641","pesi":" 100,00","esni":"0","pesni":"   0,00","c":"14026","pc":"  79,51","a":"3615","pa":"  20,49","vscv":"0","vnom":"13540","pvnom":" 100,00","vvc":"13540","pvvc":"  96,54","vb":"48","pvb":"   0,34","tvn":"438","ptvn":"   3,12","vn":"373","pvn":"  85,16","vnt":"65","pvnt":"  14,84","vp":"0","pvp":"   0,00","vv":"13540","pvv":" 100,00","van":"0","pvan":"   0,00","vansj":"0","pvansj":"   0,00","tv":"14026","cand":[{"seq":"2","sqcand":"100001145556","n":"22","nm":"FERNANDO PL","cc":"PL - PL / AVANTE / PATRIOTA / MDB","nv":"FRANCISCA FREIRES","e":"n","st":"N\u00e3o eleito","dvt":"V\u00e1lido","vap":"5256","pvap":"  38,82"},{"seq":"6","sqcand":"100001258756","n":"36","nm":"IRMAO CARLOS","cc":"PTC","nv":"PASTOR MANOEL","e":"n","st":"N\u00e3o eleito","dvt":"V\u00e1lido","vap":"54","pvap":"   0,40"},{"seq":"4","sqcand":"100001169001","n":"77","nm":"DRA REGINA","cc":"SOLIDARIEDADE","nv":"PASTOR FRANCISCO PEREIRA","e":"n","st":"N\u00e3o eleito","dvt":"V\u00e1lido","vap":"94","pvap":"   0,69"},{"seq":"3","sqcand":"100000861921","n":"27","nm":"DOUTOR HAROLDO","cc":"DC","nv":"PROFESSORA GENILDE","e":"n","st":"N\u00e3o eleito","dvt":"V\u00e1lido","vap":"208","pvap":"   1,54"},{"seq":"5","sqcand":"100000969529","n":"50","nm":"JONAS DO BACURI","cc":"PSOL","nv":"Z\u00c9 VIEIRA","e":"n","st":"N\u00e3o eleito","dvt":"V\u00e1lido","vap":"79","pvap":"   0,58"},{"seq":"1","sqcand":"100000862477","n":"40","nm":"JOSIMAR DA SERRARIA","cc":"PSB - PT / PDT / PSB / PV / PSDB","nv":"JOSUE FERREIRA","e":"s","st":"Eleito","dvt":"V\u00e1lido","vap":"7849","pvap":"  57,97"}]}
