{"ele":"426","tpabr":"mu","cdabr":"07676","carper":"11","t":"1","f":"o","dt":"15/11/2020","ht":"22:50:14","dv":"s","tf":"s","v":"1","esae":"n","mnae":"","s":"70","st":"70","pst":" 100,00","snt":"0","psnt":"   0,00","si":"70","psi":" 100,00","sni":"0","psni":"   0,00","sa":"70","psa":" 100,00","sna":"0","psna":"   0,00","e":"24945","ea":"24945","pea":" 100,00","ena":"0","pena":"   0,00","esi":"24945","pesi":" 100,00","esni":"0","pesni":"   0,00","c":"21111","pc":"  84,63","a":"3834","pa":"  15,37","vscv":"0","vnom":"19961","pvnom":" 100,00","vvc":"19961","pvvc":"  94,55","vb":"211","pvb":"   1,00","tvn":"939","ptvn":"   4,45","vn":"939","pvn":" 100,00","vnt":"0","pvnt":"   0,00","vp":"0","pvp":"   0,00","vv":"19961","pvv":" 100,00","van":"0","pvan":"   0,00","vansj":"0","pvansj":"   0,00","tv":"21111","cand":[{"seq":"3","sqcand":"100001240951","n":"28","nm":"VINICIUS","cc":"PRTB","nv":"RAIMUNDO","e":"n","st":"N\u00e3o eleito","dvt":"V\u00e1lido","vap":"105","pvap":"   0,53"},{"seq":"2","sqcand":"100001195258","n":"20","nm":"DR ANTONIO CARLOS","cc":"PSC - PTB / PSC / PSDB / PSD","nv":"DR REINALDO FILHO","e":"n","st":"N\u00e3o eleito","dvt":"V\u00e1lido","vap":"8759","pvap":"  43,88"},{"seq":"1","sqcand":"100001113933","n":"10","nm":"VALMIRA MIRANDA","cc":"REPUBLICANOS - REPUBLICANOS / CIDADANIA / PC do B / PP / MDB / PSL / PT","nv":"JOAO HAROLDO","e":"s","st":"Eleito","dvt":"V\u00e1lido","vap":"11097","pvap":"  55,59"}]}
