{"ele":"426","tpabr":"mu","cdabr":"07692","carper":"11","t":"1","f":"o","dt":"15/11/2020","ht":"21:49:21","dv":"s","tf":"s","v":"1","esae":"n","mnae":"","s":"113","st":"113","pst":" 100,00","snt":"0","psnt":"   0,00","si":"113","psi":" 100,00","sni":"0","psni":"   0,00","sa":"113","psa":" 100,00","sna":"0","psna":"   0,00","e":"42304","ea":"42304","pea":" 100,00","ena":"0","pena":"   0,00","esi":"42304","pesi":" 100,00","esni":"0","pesni":"   0,00","c":"34109","pc":"  80,63","a":"8195","pa":"  19,37","vscv":"0","vnom":"32185","pvnom":" 100,00","vvc":"32185","pvvc":"  94,36","vb":"334","pvb":"   0,98","tvn":"1590","ptvn":"   4,66","vn":"1590","pvn":" 100,00","vnt":"0","pvnt":"   0,00","vp":"0","pvp":"   0,00","vv":"32185","pvv":" 100,00","van":"0","pvan":"   0,00","vansj":"0","pvansj":"   0,00","tv":"34109","cand":[{"seq":"2","sqcand":"100001195244","n":"10","nm":"EDIMAR FRANCO","cc":"REPUBLICANOS - PSL / REPUBLICANOS / PSC / PL / PSB","nv":"DOMINGOS ALBERTO","e":"n","st":"N\u00e3o eleito","dvt":"V\u00e1lido","vap":"10572","pvap":"  32,85"},{"seq":"4","sqcand":"100000656243","n":"25","nm":"PAULO SANTANA","cc":"DEM","nv":"RUBENS MARQUES","e":"n","st":"N\u00e3o eleito","dvt":"V\u00e1lido","vap":"230","pvap":"   0,71"},{"seq":"3","sqcand":"100001195461","n":"45","nm":"RICARDO MURAD","cc":"PSDB - PSD / PODE / PSDB","nv":"IRM\u00c3O ALBERTINHO","e":"n","st":"N\u00e3o eleito","dvt":"V\u00e1lido","vap":"7431","pvap":"  23,09"},{"seq":"1","sqcand":"100000765133","n":"13","nm":"LUIS DA AMOVELAR FILHO","cc":"PT - PT / PC do B / PDT","nv":"JUSCELINO DA FAZENDINHA","e":"s","st":"Eleito","dvt":"V\u00e1lido","vap":"13952","pvap":"  43,35"}]}
