{"ele":"426","tpabr":"mu","cdabr":"07706","carper":"11","t":"1","f":"o","dt":"15/11/2020","ht":"21:53:49","dv":"s","tf":"s","v":"1","esae":"n","mnae":"","s":"26","st":"26","pst":" 100,00","snt":"0","psnt":"   0,00","si":"26","psi":" 100,00","sni":"0","psni":"   0,00","sa":"26","psa":" 100,00","sna":"0","psna":"   0,00","e":"9022","ea":"9022","pea":" 100,00","ena":"0","pena":"   0,00","esi":"9022","pesi":" 100,00","esni":"0","pesni":"   0,00","c":"8083","pc":"  89,59","a":"939","pa":"  10,41","vscv":"0","vnom":"7937","pvnom":" 100,00","vvc":"7937","pvvc":"  98,19","vb":"9","pvb":"   0,12","tvn":"137","ptvn":"   1,69","vn":"137","pvn":" 100,00","vnt":"0","pvnt":"   0,00","vp":"0","pvp":"   0,00","vv":"7937","pvv":" 100,00","van":"0","pvan":"   0,00","vansj":"0","pvansj":"   0,00","tv":"8083","cand":[{"seq":"3","sqcand":"100000861813","n":"45","nm":"MARCONE FRANCO","cc":"PSDB","nv":"IRM\u00c3O ADALTO","e":"n","st":"N\u00e3o eleito","dvt":"V\u00e1lido","vap":"2","pvap":"   0,03"},{"seq":"1","sqcand":"100001035244","n":"12","nm":"JUNIOR DO POSTO","cc":"PDT - PC do B / PDT","nv":"ADALIO LIMA","e":"s","st":"Eleito","dvt":"V\u00e1lido","vap":"3995","pvap":"  50,33"},{"seq":"2","sqcand":"100001124163","n":"14","nm":"Z\u00c9 WILSON","cc":"PTB - CIDADANIA / PTB","nv":"JONAS DO NO\u00c9","e":"n","st":"N\u00e3o eleito","dvt":"V\u00e1lido","vap":"3940","pvap":"  49,64"}]}
