{"ele":"426","tpabr":"mu","cdabr":"07722","carper":"11","t":"1","f":"o","dt":"15/11/2020","ht":"21:53:14","dv":"s","tf":"s","v":"1","esae":"n","mnae":"","s":"56","st":"56","pst":" 100,00","snt":"0","psnt":"   0,00","si":"56","psi":" 100,00","sni":"0","psni":"   0,00","sa":"56","psa":" 100,00","sna":"0","psna":"   0,00","e":"18578","ea":"18578","pea":" 100,00","ena":"0","pena":"   0,00","esi":"18578","pesi":" 100,00","esni":"0","pesni":"   0,00","c":"14784","pc":"  79,58","a":"3794","pa":"  20,42","vscv":"0","vnom":"14221","pvnom":" 100,00","vvc":"14221","pvvc":"  96,19","vb":"101","pvb":"   0,68","tvn":"462","ptvn":"   3,13","vn":"462","pvn":" 100,00","vnt":"0","pvnt":"   0,00","vp":"0","pvp":"   0,00","vv":"14221","pvv":" 100,00","van":"0","pvan":"   0,00","vansj":"0","pvansj":"   0,00","tv":"14784","cand":[{"seq":"1","sqcand":"100001087781","n":"45","nm":"LUCIO","cc":"PSDB - REPUBLICANOS / PSDB / PP / PTB / PSD","nv":"JAMEL","e":"s","st":"Eleito","dvt":"V\u00e1lido","vap":"4897","pvap":"  34,43"},{"seq":"4","sqcand":"100000840227","n":"20","nm":"TENENTE MAURO","cc":"PSC","nv":"CARLOS BRITO","e":"n","st":"N\u00e3o eleito","dvt":"V\u00e1lido","vap":"1281","pvap":"   9,01"},{"seq":"5","sqcand":"100000940915","n":"23","nm":"PROFESSORA CLERIS","cc":"CIDADANIA","nv":"PROFESSORA TANILDE","e":"n","st":"N\u00e3o eleito","dvt":"V\u00e1lido","vap":"87","pvap":"   0,61"},{"seq":"3","sqcand":"100000853043","n":"12","nm":"LUIZ BILA","cc":"PDT - PDT / MDB / DEM","nv":"ALZENIR","e":"n","st":"N\u00e3o eleito","dvt":"V\u00e1lido","vap":"3836","pvap":"  26,97"},{"seq":"2","sqcand":"100000924866","n":"13","nm":"VETE BOTELHO","cc":"PT - PT / PODE","nv":"PAULO BIRITA","e":"n","st":"N\u00e3o eleito","dvt":"V\u00e1lido","vap":"4120","pvap":"  28,97"}]}
