{"ele":"426","tpabr":"mu","cdabr":"07749","carper":"11","t":"1","f":"o","dt":"15/11/2020","ht":"22:51:20","dv":"s","tf":"s","v":"1","esae":"n","mnae":"","s":"21","st":"21","pst":" 100,00","snt":"0","psnt":"   0,00","si":"21","psi":" 100,00","sni":"0","psni":"   0,00","sa":"21","psa":" 100,00","sna":"0","psna":"   0,00","e":"7022","ea":"7022","pea":" 100,00","ena":"0","pena":"   0,00","esi":"7022","pesi":" 100,00","esni":"0","pesni":"   0,00","c":"5784","pc":"  82,37","a":"1238","pa":"  17,63","vscv":"0","vnom":"5503","pvnom":" 100,00","vvc":"5503","pvvc":"  95,14","vb":"27","pvb":"   0,47","tvn":"254","ptvn":"   4,39","vn":"254","pvn":" 100,00","vnt":"0","pvnt":"   0,00","vp":"0","pvp":"   0,00","vv":"5503","pvv":" 100,00","van":"0","pvan":"   0,00","vansj":"0","pvansj":"   0,00","tv":"5784","cand":[{"seq":"2","sqcand":"100000838468","n":"65","nm":"DR GERSON","cc":"PC do B - PC do B / PDT","nv":"GIL DOS CACHIMBOS","e":"n","st":"N\u00e3o eleito","dvt":"V\u00e1lido","vap":"2643","pvap":"  48,03"},{"seq":"1","sqcand":"100000838120","n":"14","nm":"ROBERTINHO","cc":"PTB","nv":"ROM\u00c1RIO","e":"s","st":"Eleito","dvt":"V\u00e1lido","vap":"2860","pvap":"  51,97"}]}
