{"ele":"426","tpabr":"mu","cdabr":"07765","carper":"11","t":"1","f":"o","dt":"16/11/2020","ht":"00:10:31","dv":"s","tf":"s","v":"1","esae":"n","mnae":"","s":"42","st":"42","pst":" 100,00","snt":"0","psnt":"   0,00","si":"42","psi":" 100,00","sni":"0","psni":"   0,00","sa":"42","psa":" 100,00","sna":"0","psna":"   0,00","e":"11999","ea":"11999","pea":" 100,00","ena":"0","pena":"   0,00","esi":"11999","pesi":" 100,00","esni":"0","pesni":"   0,00","c":"10725","pc":"  89,38","a":"1274","pa":"  10,62","vscv":"0","vnom":"10311","pvnom":" 100,00","vvc":"10311","pvvc":"  96,14","vb":"43","pvb":"   0,40","tvn":"371","ptvn":"   3,46","vn":"371","pvn":" 100,00","vnt":"0","pvnt":"   0,00","vp":"0","pvp":"   0,00","vv":"10311","pvv":" 100,00","van":"0","pvan":"   0,00","vansj":"0","pvansj":"   0,00","tv":"10725","cand":[{"seq":"1","sqcand":"100000729705","n":"12","nm":"ARNOBIO DO CARRO VELHO","cc":"PDT - PDT / MDB","nv":"OSMAR RAMOS","e":"s","st":"Eleito","dvt":"V\u00e1lido","vap":"5480","pvap":"  53,15"},{"seq":"2","sqcand":"100000758274","n":"14","nm":"MOISES VENTURA","cc":"PTB - REDE / PTB / PSDB / PC do B","nv":"ILNAR VIEIRA","e":"n","st":"N\u00e3o eleito","dvt":"V\u00e1lido","vap":"4831","pvap":"  46,85"}]}
