{"ele":"426","tpabr":"mu","cdabr":"07781","carper":"11","t":"1","f":"o","dt":"15/11/2020","ht":"21:50:20","dv":"s","tf":"s","v":"1","esae":"n","mnae":"","s":"15","st":"15","pst":" 100,00","snt":"0","psnt":"   0,00","si":"15","psi":" 100,00","sni":"0","psni":"   0,00","sa":"15","psa":" 100,00","sna":"0","psna":"   0,00","e":"4978","ea":"4978","pea":" 100,00","ena":"0","pena":"   0,00","esi":"4978","pesi":" 100,00","esni":"0","pesni":"   0,00","c":"4335","pc":"  87,08","a":"643","pa":"  12,92","vscv":"0","vnom":"4245","pvnom":" 100,00","vvc":"4245","pvvc":"  97,92","vb":"12","pvb":"   0,28","tvn":"78","ptvn":"   1,80","vn":"78","pvn":" 100,00","vnt":"0","pvnt":"   0,00","vp":"0","pvp":"   0,00","vv":"4245","pvv":" 100,00","van":"0","pvan":"   0,00","vansj":"0","pvansj":"   0,00","tv":"4335","cand":[{"seq":"1","sqcand":"100000763938","n":"65","nm":"ANTONIO FILHO","cc":"PC do B - PC do B / REPUBLICANOS / PT","nv":"JOSA","e":"s","st":"Eleito","dvt":"V\u00e1lido","vap":"2380","pvap":"  56,07"},{"seq":"2","sqcand":"100000749148","n":"22","nm":"SUELY","cc":"PL","nv":"DAIZINHO","e":"n","st":"N\u00e3o eleito","dvt":"V\u00e1lido","vap":"1865","pvap":"  43,93"}]}
