{"ele":"426","tpabr":"mu","cdabr":"07811","carper":"11","t":"1","f":"o","dt":"15/11/2020","ht":"22:11:59","dv":"s","tf":"s","v":"1","esae":"n","mnae":"","s":"40","st":"40","pst":" 100,00","snt":"0","psnt":"   0,00","si":"40","psi":" 100,00","sni":"0","psni":"   0,00","sa":"40","psa":" 100,00","sna":"0","psna":"   0,00","e":"12554","ea":"12554","pea":" 100,00","ena":"0","pena":"   0,00","esi":"12554","pesi":" 100,00","esni":"0","pesni":"   0,00","c":"9780","pc":"  77,90","a":"2774","pa":"  22,10","vscv":"0","vnom":"9252","pvnom":" 100,00","vvc":"9252","pvvc":"  94,60","vb":"76","pvb":"   0,78","tvn":"452","ptvn":"   4,62","vn":"452","pvn":" 100,00","vnt":"0","pvnt":"   0,00","vp":"0","pvp":"   0,00","vv":"9252","pvv":" 100,00","van":"0","pvan":"   0,00","vansj":"0","pvansj":"   0,00","tv":"9780","cand":[{"seq":"2","sqcand":"100001034916","n":"10","nm":"VICTOR MEIRELLES","cc":"REPUBLICANOS - PDT / REPUBLICANOS","nv":"RODRIGO COELHO","e":"n","st":"N\u00e3o eleito","dvt":"V\u00e1lido","vap":"3658","pvap":"  39,54"},{"seq":"1","sqcand":"100001165233","n":"14","nm":"SEBASTI\u00c3O","cc":"PTB - PTB / PC do B / PP","nv":"FRANCISCA","e":"s","st":"Eleito","dvt":"V\u00e1lido","vap":"5594","pvap":"  60,46"}]}
