{"ele":"426","tpabr":"mu","cdabr":"07854","carper":"11","t":"1","f":"o","dt":"15/11/2020","ht":"21:43:22","dv":"s","tf":"s","v":"1","esae":"n","mnae":"","s":"40","st":"40","pst":" 100,00","snt":"0","psnt":"   0,00","si":"40","psi":" 100,00","sni":"0","psni":"   0,00","sa":"40","psa":" 100,00","sna":"0","psna":"   0,00","e":"13441","ea":"13441","pea":" 100,00","ena":"0","pena":"   0,00","esi":"13441","pesi":" 100,00","esni":"0","pesni":"   0,00","c":"10715","pc":"  79,72","a":"2726","pa":"  20,28","vscv":"0","vnom":"10330","pvnom":" 100,00","vvc":"10330","pvvc":"  96,41","vb":"55","pvb":"   0,51","tvn":"330","ptvn":"   3,08","vn":"330","pvn":" 100,00","vnt":"0","pvnt":"   0,00","vp":"0","pvp":"   0,00","vv":"10330","pvv":" 100,00","van":"0","pvan":"   0,00","vansj":"0","pvansj":"   0,00","tv":"10715","cand":[{"seq":"2","sqcand":"100001133032","n":"65","nm":"VILSON ANDRADE","cc":"PC do B - PC do B / PSD","nv":"IRACEMA SILVEIRA","e":"n","st":"N\u00e3o eleito","dvt":"V\u00e1lido","vap":"4872","pvap":"  47,16"},{"seq":"1","sqcand":"100000941516","n":"25","nm":"TOINHO PATIOBA","cc":"DEM - PT / PATRIOTA / PSB / DEM","nv":"SUANE DIAS","e":"s","st":"Eleito","dvt":"V\u00e1lido","vap":"5458","pvap":"  52,84"}]}
