{"ele":"426","tpabr":"mu","cdabr":"07862","carper":"11","t":"1","f":"o","dt":"15/11/2020","ht":"22:46:05","dv":"s","tf":"s","v":"1","esae":"n","mnae":"","s":"20","st":"20","pst":" 100,00","snt":"0","psnt":"   0,00","si":"20","psi":" 100,00","sni":"0","psni":"   0,00","sa":"20","psa":" 100,00","sna":"0","psna":"   0,00","e":"5700","ea":"5700","pea":" 100,00","ena":"0","pena":"   0,00","esi":"5700","pesi":" 100,00","esni":"0","pesni":"   0,00","c":"5167","pc":"  90,65","a":"533","pa":"   9,35","vscv":"0","vnom":"5092","pvnom":" 100,00","vvc":"5092","pvvc":"  98,55","vb":"21","pvb":"   0,40","tvn":"54","ptvn":"   1,05","vn":"54","pvn":" 100,00","vnt":"0","pvnt":"   0,00","vp":"0","pvp":"   0,00","vv":"5092","pvv":" 100,00","van":"0","pvan":"   0,00","vansj":"0","pvansj":"   0,00","tv":"5167","cand":[{"seq":"2","sqcand":"100001130488","n":"10","nm":"RAIMUNDINHO BARROS","cc":"REPUBLICANOS - PSB / PRTB / REPUBLICANOS","nv":"DR EDSON","e":"n","st":"N\u00e3o eleito","dvt":"V\u00e1lido","vap":"1676","pvap":"  32,91"},{"seq":"3","sqcand":"100000829554","n":"14","nm":"ITAIRES ANDRADE","cc":"PTB - PTB / PSD","nv":"LUCIA","e":"n","st":"N\u00e3o eleito","dvt":"V\u00e1lido","vap":"1011","pvap":"  19,85"},{"seq":"1","sqcand":"100000873353","n":"12","nm":"ANA L\u00c9A","cc":"PDT - PC do B / PDT / DEM","nv":"LUANA DO DETE","e":"s","st":"Eleito","dvt":"V\u00e1lido","vap":"2405","pvap":"  47,23"}]}
