{"ele":"426","tpabr":"mu","cdabr":"07870","carper":"11","t":"1","f":"o","dt":"15/11/2020","ht":"23:00:19","dv":"s","tf":"s","v":"1","esae":"n","mnae":"","s":"27","st":"27","pst":" 100,00","snt":"0","psnt":"   0,00","si":"27","psi":" 100,00","sni":"0","psni":"   0,00","sa":"27","psa":" 100,00","sna":"0","psna":"   0,00","e":"8591","ea":"8591","pea":" 100,00","ena":"0","pena":"   0,00","esi":"8591","pesi":" 100,00","esni":"0","pesni":"   0,00","c":"6872","pc":"  79,99","a":"1719","pa":"  20,01","vscv":"0","vnom":"6657","pvnom":" 100,00","vvc":"6657","pvvc":"  96,87","vb":"38","pvb":"   0,55","tvn":"177","ptvn":"   2,58","vn":"177","pvn":" 100,00","vnt":"0","pvnt":"   0,00","vp":"0","pvp":"   0,00","vv":"6657","pvv":" 100,00","van":"0","pvan":"   0,00","vansj":"0","pvansj":"   0,00","tv":"6872","cand":[{"seq":"1","sqcand":"100001272218","n":"12","nm":"PROFESSORA LEIDE","cc":"PDT - PC do B / PDT / PTB","nv":"MAM\u00c9DIO","e":"s","st":"Eleito","dvt":"V\u00e1lido","vap":"3589","pvap":"  53,91"},{"seq":"2","sqcand":"100000838075","n":"51","nm":"DRA JESUS","cc":"PATRIOTA","nv":"ANTONIO NERES","e":"n","st":"N\u00e3o eleito","dvt":"V\u00e1lido","vap":"3068","pvap":"  46,09"}]}
