{"ele":"426","tpabr":"mu","cdabr":"07889","carper":"11","t":"1","f":"o","dt":"15/11/2020","ht":"20:51:42","dv":"s","tf":"s","v":"1","esae":"n","mnae":"","s":"38","st":"38","pst":" 100,00","snt":"0","psnt":"   0,00","si":"38","psi":" 100,00","sni":"0","psni":"   0,00","sa":"38","psa":" 100,00","sna":"0","psna":"   0,00","e":"13716","ea":"13716","pea":" 100,00","ena":"0","pena":"   0,00","esi":"13716","pesi":" 100,00","esni":"0","pesni":"   0,00","c":"11700","pc":"  85,30","a":"2016","pa":"  14,70","vscv":"0","vnom":"11348","pvnom":" 100,00","vvc":"11348","pvvc":"  96,99","vb":"65","pvb":"   0,56","tvn":"287","ptvn":"   2,45","vn":"287","pvn":" 100,00","vnt":"0","pvnt":"   0,00","vp":"0","pvp":"   0,00","vv":"11348","pvv":" 100,00","van":"0","pvan":"   0,00","vansj":"0","pvansj":"   0,00","tv":"11700","cand":[{"seq":"1","sqcand":"100000831646","n":"22","nm":"TIO GAL","cc":"PL - AVANTE / PL","nv":"TINA","e":"s","st":"Eleito","dvt":"V\u00e1lido","vap":"5934","pvap":"  52,29"},{"seq":"3","sqcand":"100000862700","n":"19","nm":"ADRIANO  ANDRADE","cc":"PODE","nv":"IRM\u00c3O MARCIO HENRIQUE","e":"n","st":"N\u00e3o eleito","dvt":"V\u00e1lido","vap":"245","pvap":"   2,16"},{"seq":"2","sqcand":"100000661248","n":"25","nm":"LAMARCK","cc":"DEM - CIDADANIA / DEM / PV","nv":"DANIEL","e":"n","st":"N\u00e3o eleito","dvt":"V\u00e1lido","vap":"5077","pvap":"  44,74"},{"seq":"5","sqcand":"100000750060","n":"51","nm":"WILTON PATRIOTA","cc":"PATRIOTA","nv":"ESTER PEROTE","e":"n","st":"N\u00e3o eleito","dvt":"V\u00e1lido","vap":"24","pvap":"   0,21"},{"seq":"4","sqcand":"100000747472","n":"13","nm":"FRANCISCO COSTA","cc":"PT","nv":"ZEQUINHA SAMPAIO","e":"n","st":"N\u00e3o eleito","dvt":"V\u00e1lido","vap":"68","pvap":"   0,60"}]}
