{"ele":"426","tpabr":"mu","cdabr":"07927","carper":"11","t":"1","f":"o","dt":"15/11/2020","ht":"23:57:54","dv":"s","tf":"s","v":"1","esae":"n","mnae":"","s":"25","st":"25","pst":" 100,00","snt":"0","psnt":"   0,00","si":"25","psi":" 100,00","sni":"0","psni":"   0,00","sa":"25","psa":" 100,00","sna":"0","psna":"   0,00","e":"7878","ea":"7878","pea":" 100,00","ena":"0","pena":"   0,00","esi":"7878","pesi":" 100,00","esni":"0","pesni":"   0,00","c":"6298","pc":"  79,94","a":"1580","pa":"  20,06","vscv":"0","vnom":"5979","pvnom":" 100,00","vvc":"5979","pvvc":"  94,93","vb":"125","pvb":"   1,99","tvn":"194","ptvn":"   3,08","vn":"194","pvn":" 100,00","vnt":"0","pvnt":"   0,00","vp":"0","pvp":"   0,00","vv":"5979","pvv":" 100,00","van":"0","pvan":"   0,00","vansj":"0","pvansj":"   0,00","tv":"6298","cand":[{"seq":"3","sqcand":"100000968892","n":"13","nm":"IRMAO DA PISCINA","cc":"PT","nv":"JAILSON DOS SANTOS SIQUEIRA","e":"n","st":"N\u00e3o eleito","dvt":"V\u00e1lido","vap":"211","pvap":"   3,53"},{"seq":"1","sqcand":"100000754845","n":"22","nm":"DEUSINHA","cc":"PL - PL / AVANTE","nv":"NEM","e":"s","st":"Eleito","dvt":"V\u00e1lido","vap":"4662","pvap":"  77,97"},{"seq":"2","sqcand":"100000863618","n":"50","nm":"ALCILENE FERREIRA","cc":"PSOL","nv":"IRM\u00c3O CARLITO","e":"n","st":"N\u00e3o eleito","dvt":"V\u00e1lido","vap":"1106","pvap":"  18,50"}]}
