{"ele":"426","tpabr":"mu","cdabr":"07935","carper":"11","t":"1","f":"o","dt":"15/11/2020","ht":"22:37:32","dv":"s","tf":"s","v":"1","esae":"n","mnae":"","s":"130","st":"130","pst":" 100,00","snt":"0","psnt":"   0,00","si":"130","psi":" 100,00","sni":"0","psni":"   0,00","sa":"130","psa":" 100,00","sna":"0","psna":"   0,00","e":"42766","ea":"42766","pea":" 100,00","ena":"0","pena":"   0,00","esi":"42766","pesi":" 100,00","esni":"0","pesni":"   0,00","c":"36081","pc":"  84,37","a":"6685","pa":"  15,63","vscv":"0","vnom":"34453","pvnom":" 100,00","vvc":"34453","pvvc":"  95,49","vb":"378","pvb":"   1,05","tvn":"1250","ptvn":"   3,46","vn":"1250","pvn":" 100,00","vnt":"0","pvnt":"   0,00","vp":"0","pvp":"   0,00","vv":"34453","pvv":" 100,00","van":"0","pvan":"   0,00","vansj":"0","pvansj":"   0,00","tv":"36081","cand":[{"seq":"1","sqcand":"100001218382","n":"15","nm":"MERCIAL ARRUDA","cc":"MDB - MDB / PODE / PSD / PSL / PT / PSDB","nv":"Z\u00c9 DO DIMAS","e":"s","st":"Eleito","dvt":"V\u00e1lido","vap":"17289","pvap":"  50,18"},{"seq":"2","sqcand":"100000862210","n":"12","nm":"MARINALDO DO GESSO","cc":"PDT - SOLIDARIEDADE / PC do B / PDT","nv":"DR PAULO FACUNDO","e":"n","st":"N\u00e3o eleito","dvt":"V\u00e1lido","vap":"14177","pvap":"  41,15"},{"seq":"4","sqcand":"100001218978","n":"18","nm":"ALEX GALV\u00c3O","cc":"REDE","nv":"GEN\u00c9ZIO LOPES","e":"n","st":"N\u00e3o eleito","dvt":"V\u00e1lido","vap":"270","pvap":"   0,78"},{"seq":"3","sqcand":"100000862504","n":"10","nm":"ARTUZINHO","cc":"REPUBLICANOS - REPUBLICANOS / DEM / PROS / PTC","nv":"RAQUEL PASSINHO","e":"n","st":"N\u00e3o eleito","dvt":"V\u00e1lido","vap":"2717","pvap":"   7,89"}]}
