{"ele":"426","tpabr":"mu","cdabr":"07951","carper":"11","t":"1","f":"o","dt":"15/11/2020","ht":"22:40:53","dv":"s","tf":"s","v":"1","esae":"n","mnae":"","s":"31","st":"31","pst":" 100,00","snt":"0","psnt":"   0,00","si":"31","psi":" 100,00","sni":"0","psni":"   0,00","sa":"31","psa":" 100,00","sna":"0","psna":"   0,00","e":"9185","ea":"9185","pea":" 100,00","ena":"0","pena":"   0,00","esi":"9185","pesi":" 100,00","esni":"0","pesni":"   0,00","c":"7504","pc":"  81,70","a":"1681","pa":"  18,30","vscv":"0","vnom":"4175","pvnom":" 100,00","vvc":"7100","pvvc":"  94,62","vb":"109","pvb":"   1,45","tvn":"295","ptvn":"   3,93","vn":"295","pvn":" 100,00","vnt":"0","pvnt":"   0,00","vp":"0","pvp":"   0,00","vv":"4175","pvv":"  58,80","van":"0","pvan":"   0,00","vansj":"2925","pvansj":"  41,20","tv":"7504","cand":[{"seq":"3","sqcand":"100000773032","n":"10","nm":"IGOR AGUIAR","cc":"REPUBLICANOS - PMB / REPUBLICANOS","nv":"FERNANDA GUERREIRO","e":"n","st":"N\u00e3o eleito","dvt":"V\u00e1lido","vap":"801","pvap":"  11,28"},{"seq":"1","sqcand":"100000734715","n":"12","nm":"OSVALDO GOMES","cc":"PDT - PTB / PV / PC do B / PDT / PATRIOTA / PSB / CIDADANIA","nv":"DR MAXWELL","e":"s","st":"Eleito","dvt":"V\u00e1lido","vap":"3374","pvap":"  47,52"},{"seq":"2","sqcand":"100001198235","n":"20","nm":"ARTUR FARIAS","cc":"PSC - PSC / PL / PT / PROS","nv":"Z\u00c9 MURILO","e":"n","st":"N\u00e3o eleito","dvt":"Anulado sub judice","vap":"2925","pvap":"  41,20"}]}
