{"ele":"426","tpabr":"mu","cdabr":"07960","carper":"11","t":"1","f":"o","dt":"15/11/2020","ht":"23:02:46","dv":"s","tf":"s","v":"1","esae":"n","mnae":"","s":"20","st":"20","pst":" 100,00","snt":"0","psnt":"   0,00","si":"20","psi":" 100,00","sni":"0","psni":"   0,00","sa":"20","psa":" 100,00","sna":"0","psna":"   0,00","e":"5964","ea":"5964","pea":" 100,00","ena":"0","pena":"   0,00","esi":"5964","pesi":" 100,00","esni":"0","pesni":"   0,00","c":"5043","pc":"  84,56","a":"921","pa":"  15,44","vscv":"0","vnom":"4814","pvnom":" 100,00","vvc":"4814","pvvc":"  95,46","vb":"23","pvb":"   0,46","tvn":"206","ptvn":"   4,08","vn":"206","pvn":" 100,00","vnt":"0","pvnt":"   0,00","vp":"0","pvp":"   0,00","vv":"4814","pvv":" 100,00","van":"0","pvan":"   0,00","vansj":"0","pvansj":"   0,00","tv":"5043","cand":[{"seq":"2","sqcand":"100000727609","n":"65","nm":"PROF CLAUDETE","cc":"PC do B - PT / PC do B","nv":"PROF ELISANGELA","e":"n","st":"N\u00e3o eleito","dvt":"V\u00e1lido","vap":"2341","pvap":"  48,63"},{"seq":"1","sqcand":"100001166384","n":"10","nm":"JOS\u00c9 AUGUSTO","cc":"REPUBLICANOS","nv":"DONA GRA\u00c7A","e":"s","st":"Eleito","dvt":"V\u00e1lido","vap":"2473","pvap":"  51,37"}]}
