{"ele":"426","tpabr":"mu","cdabr":"07978","carper":"11","t":"1","f":"o","dt":"16/11/2020","ht":"00:03:04","dv":"s","tf":"s","v":"1","esae":"n","mnae":"","s":"72","st":"72","pst":" 100,00","snt":"0","psnt":"   0,00","si":"72","psi":" 100,00","sni":"0","psni":"   0,00","sa":"72","psa":" 100,00","sna":"0","psna":"   0,00","e":"22581","ea":"22581","pea":" 100,00","ena":"0","pena":"   0,00","esi":"22581","pesi":" 100,00","esni":"0","pesni":"   0,00","c":"18133","pc":"  80,30","a":"4448","pa":"  19,70","vscv":"0","vnom":"17306","pvnom":" 100,00","vvc":"17306","pvvc":"  95,44","vb":"96","pvb":"   0,53","tvn":"731","ptvn":"   4,03","vn":"731","pvn":" 100,00","vnt":"0","pvnt":"   0,00","vp":"0","pvp":"   0,00","vv":"17306","pvv":" 100,00","van":"0","pvan":"   0,00","vansj":"0","pvansj":"   0,00","tv":"18133","cand":[{"seq":"3","sqcand":"100000867782","n":"14","nm":"GARD\u00caNIA","cc":"PTB - PDT / PSC / PTB / PC do B / PT / PL","nv":"NETA MACHADO","e":"n","st":"N\u00e3o eleito","dvt":"V\u00e1lido","vap":"3521","pvap":"  20,35"},{"seq":"1","sqcand":"100001030344","n":"25","nm":"LUIS FERNANDO","cc":"DEM","nv":"MOISES DE FALA FRACO ","e":"s","st":"Eleito","dvt":"V\u00e1lido","vap":"7919","pvap":"  45,76"},{"seq":"2","sqcand":"100001030403","n":"40","nm":"Z\u00c9 RIBAMAR","cc":"PSB - DC / PSD / PSB / PODE","nv":"JAM","e":"n","st":"N\u00e3o eleito","dvt":"V\u00e1lido","vap":"5866","pvap":"  33,90"}]}
