{"ele":"426","tpabr":"mu","cdabr":"08001","carper":"11","t":"1","f":"o","dt":"15/11/2020","ht":"22:00:07","dv":"s","tf":"s","v":"1","esae":"n","mnae":"","s":"44","st":"44","pst":" 100,00","snt":"0","psnt":"   0,00","si":"44","psi":" 100,00","sni":"0","psni":"   0,00","sa":"44","psa":" 100,00","sna":"0","psna":"   0,00","e":"13281","ea":"13281","pea":" 100,00","ena":"0","pena":"   0,00","esi":"13281","pesi":" 100,00","esni":"0","pesni":"   0,00","c":"10261","pc":"  77,26","a":"3020","pa":"  22,74","vscv":"0","vnom":"9834","pvnom":" 100,00","vvc":"9834","pvvc":"  95,84","vb":"86","pvb":"   0,84","tvn":"341","ptvn":"   3,32","vn":"341","pvn":" 100,00","vnt":"0","pvnt":"   0,00","vp":"0","pvp":"   0,00","vv":"9834","pvv":" 100,00","van":"0","pvan":"   0,00","vansj":"0","pvansj":"   0,00","tv":"10261","cand":[{"seq":"2","sqcand":"100000743405","n":"10","nm":"CLELIA BARROS","cc":"REPUBLICANOS - PSB / REPUBLICANOS / PT","nv":"WELLINGTON BARBOSA","e":"n","st":"N\u00e3o eleito","dvt":"V\u00e1lido","vap":"3704","pvap":"  37,67"},{"seq":"3","sqcand":"100000649195","n":"65","nm":"PROF GERR\u00c1","cc":"PC do B","nv":"JO\u00c3O BATISTA","e":"n","st":"N\u00e3o eleito","dvt":"V\u00e1lido","vap":"435","pvap":"   4,42"},{"seq":"1","sqcand":"100000856579","n":"11","nm":"IRACY WEBA","cc":"PP - PP / DEM / MDB / PL","nv":"Z\u00c9 ALBERTO","e":"s","st":"Eleito","dvt":"V\u00e1lido","vap":"5695","pvap":"  57,91"}]}
