{"ele":"426","tpabr":"mu","cdabr":"08028","carper":"11","t":"1","f":"o","dt":"15/11/2020","ht":"22:17:47","dv":"s","tf":"s","v":"1","esae":"n","mnae":"","s":"30","st":"30","pst":" 100,00","snt":"0","psnt":"   0,00","si":"30","psi":" 100,00","sni":"0","psni":"   0,00","sa":"30","psa":" 100,00","sna":"0","psna":"   0,00","e":"11233","ea":"11233","pea":" 100,00","ena":"0","pena":"   0,00","esi":"11233","pesi":" 100,00","esni":"0","pesni":"   0,00","c":"8871","pc":"  78,97","a":"2362","pa":"  21,03","vscv":"0","vnom":"8508","pvnom":" 100,00","vvc":"8508","pvvc":"  95,91","vb":"68","pvb":"   0,76","tvn":"295","ptvn":"   3,33","vn":"295","pvn":" 100,00","vnt":"0","pvnt":"   0,00","vp":"0","pvp":"   0,00","vv":"8508","pvv":" 100,00","van":"0","pvan":"   0,00","vansj":"0","pvansj":"   0,00","tv":"8871","cand":[{"seq":"2","sqcand":"100000810285","n":"20","nm":"MO\u00c7A DE RIBA","cc":"PSC - MDB / PSC / PL / PC do B","nv":"MAICON CUTRIM","e":"n","st":"N\u00e3o eleito","dvt":"V\u00e1lido","vap":"3398","pvap":"  39,94"},{"seq":"1","sqcand":"100000810271","n":"12","nm":"CONCEI\u00c7\u00c3O","cc":"PDT - PT / CIDADANIA / PDT / PSL","nv":"ROBSON DA PAMPA","e":"s","st":"Eleito","dvt":"V\u00e1lido","vap":"5110","pvap":"  60,06"}]}
