{"ele":"426","tpabr":"mu","cdabr":"08044","carper":"11","t":"1","f":"o","dt":"15/11/2020","ht":"21:46:46","dv":"s","tf":"s","v":"1","esae":"s","mnae":"Candidato com maior vota\u00e7\u00e3o nominal anulada ou anulada sub judice.Soma de votos de candidatos com vota\u00e7\u00e3o anulada e anulada sub judice ultrapassou 50% do total da vota\u00e7\u00e3o nominal.","s":"50","st":"50","pst":" 100,00","snt":"0","psnt":"   0,00","si":"50","psi":" 100,00","sni":"0","psni":"   0,00","sa":"50","psa":" 100,00","sna":"0","psna":"   0,00","e":"14449","ea":"14449","pea":" 100,00","ena":"0","pena":"   0,00","esi":"14449","pesi":" 100,00","esni":"0","pesni":"   0,00","c":"11744","pc":"  81,28","a":"2705","pa":"  18,72","vscv":"0","vnom":"5704","pvnom":" 100,00","vvc":"11413","pvvc":"  97,18","vb":"55","pvb":"   0,47","tvn":"276","ptvn":"   2,35","vn":"276","pvn":" 100,00","vnt":"0","pvnt":"   0,00","vp":"0","pvp":"   0,00","vv":"5704","pvv":"  49,98","van":"0","pvan":"   0,00","vansj":"5709","pvansj":"  50,02","tv":"11744","cand":[{"seq":"1","sqcand":"100001170126","n":"10","nm":"RAIMUNDINHO LIDIO","cc":"REPUBLICANOS - PT / REPUBLICANOS / PV","nv":"RAIMUNDINHA DO SINDICATO","e":"n","st":"N\u00e3o eleito","dvt":"Anulado sub judice","vap":"5709","pvap":"  50,02"},{"seq":"2","sqcand":"100000726691","n":"20","nm":"ROBERTO MAUES","cc":"PSC - PSC / PODE","nv":"AMADEUZINHO","e":"n","st":"N\u00e3o eleito","dvt":"V\u00e1lido","vap":"5498","pvap":"  48,17"},{"seq":"4","sqcand":"100001171596","n":"14","nm":"MARCELA FERREIRA","cc":"PTB","nv":"MARIA APARECIDA","e":"n","st":"N\u00e3o eleito","dvt":"V\u00e1lido","vap":"24","pvap":"   0,21"},{"seq":"3","sqcand":"100001178984","n":"15","nm":"NETO RODRIGUES","cc":"MDB","nv":"SUZANA REIS","e":"n","st":"N\u00e3o eleito","dvt":"V\u00e1lido","vap":"182","pvap":"   1,59"}]}
