{"ele":"426","tpabr":"mu","cdabr":"08052","carper":"11","t":"1","f":"o","dt":"15/11/2020","ht":"22:17:11","dv":"s","tf":"s","v":"1","esae":"n","mnae":"","s":"44","st":"44","pst":" 100,00","snt":"0","psnt":"   0,00","si":"44","psi":" 100,00","sni":"0","psni":"   0,00","sa":"44","psa":" 100,00","sna":"0","psna":"   0,00","e":"16460","ea":"16460","pea":" 100,00","ena":"0","pena":"   0,00","esi":"16460","pesi":" 100,00","esni":"0","pesni":"   0,00","c":"13804","pc":"  83,86","a":"2656","pa":"  16,14","vscv":"0","vnom":"13192","pvnom":" 100,00","vvc":"13192","pvvc":"  95,57","vb":"84","pvb":"   0,61","tvn":"528","ptvn":"   3,82","vn":"528","pvn":" 100,00","vnt":"0","pvnt":"   0,00","vp":"0","pvp":"   0,00","vv":"13192","pvv":" 100,00","van":"0","pvan":"   0,00","vansj":"0","pvansj":"   0,00","tv":"13804","cand":[{"seq":"3","sqcand":"100001211832","n":"45","nm":"MAURO BORGES","cc":"PSDB - PSDB / PV","nv":"A`D\u00c3O DO COURO","e":"n","st":"N\u00e3o eleito","dvt":"V\u00e1lido","vap":"81","pvap":"   0,61"},{"seq":"1","sqcand":"100000845619","n":"12","nm":"DR JUNIOR","cc":"PDT - PC do B / PDT / PT","nv":"DALVAN","e":"s","st":"Eleito","dvt":"V\u00e1lido","vap":"6755","pvap":"  51,21"},{"seq":"2","sqcand":"100000668136","n":"10","nm":"MARIA JOS\u00c9 CARVALHO","cc":"REPUBLICANOS - REPUBLICANOS / PTB / MDB / PSD","nv":"NETO FORTES","e":"n","st":"N\u00e3o eleito","dvt":"V\u00e1lido","vap":"6356","pvap":"  48,18"}]}
