{"ele":"426","tpabr":"mu","cdabr":"08060","carper":"11","t":"1","f":"o","dt":"15/11/2020","ht":"23:26:49","dv":"s","tf":"s","v":"1","esae":"n","mnae":"","s":"56","st":"56","pst":" 100,00","snt":"0","psnt":"   0,00","si":"56","psi":" 100,00","sni":"0","psni":"   0,00","sa":"56","psa":" 100,00","sna":"0","psna":"   0,00","e":"18405","ea":"18405","pea":" 100,00","ena":"0","pena":"   0,00","esi":"18405","pesi":" 100,00","esni":"0","pesni":"   0,00","c":"14448","pc":"  78,50","a":"3957","pa":"  21,50","vscv":"0","vnom":"13848","pvnom":" 100,00","vvc":"13856","pvvc":"  95,90","vb":"77","pvb":"   0,54","tvn":"515","ptvn":"   3,56","vn":"515","pvn":" 100,00","vnt":"0","pvnt":"   0,00","vp":"0","pvp":"   0,00","vv":"13848","pvv":"  99,94","van":"0","pvan":"   0,00","vansj":"8","pvansj":"   0,06","tv":"14448","cand":[{"seq":"6","sqcand":"100001188329","n":"77","nm":"FERNANDO FURTADO","cc":"SOLIDARIEDADE","nv":"GUARACY","e":"n","st":"N\u00e3o eleito","dvt":"Anulado sub judice","vap":"8","pvap":"   0,06"},{"seq":"2","sqcand":"100000781197","n":"22","nm":"RAIMUNDO ANTONIO","cc":"PL - PDT / AVANTE / PL","nv":"LEIDIANA DO SINDICATO","e":"n","st":"N\u00e3o eleito","dvt":"V\u00e1lido","vap":"5160","pvap":"  37,24"},{"seq":"4","sqcand":"100001182490","n":"35","nm":"ANTONIO BARBUDO","cc":"PMB - PMB / PV","nv":"ALLANA DO CARTORIO ","e":"n","st":"N\u00e3o eleito","dvt":"V\u00e1lido","vap":"246","pvap":"   1,78"},{"seq":"3","sqcand":"100000823362","n":"11","nm":"IOLANDA","cc":"PP - PP / MDB","nv":"ROZALINO","e":"n","st":"N\u00e3o eleito","dvt":"V\u00e1lido","vap":"904","pvap":"   6,52"},{"seq":"5","sqcand":"100001184241","n":"10","nm":"JORGE LOBATO","cc":"REPUBLICANOS","nv":"ISRAEL NUNES","e":"n","st":"N\u00e3o eleito","dvt":"V\u00e1lido","vap":"121","pvap":"   0,87"},{"seq":"1","sqcand":"100000647243","n":"65","nm":"TOCA SERRA","cc":"PC do B - PSL / PTC / PATRIOTA / PC do B","nv":"F\u00c1BIO MENDES","e":"s","st":"Eleito","dvt":"V\u00e1lido","vap":"7417","pvap":"  53,53"}]}
