{"ele":"426","tpabr":"mu","cdabr":"08087","carper":"11","t":"1","f":"o","dt":"15/11/2020","ht":"22:07:28","dv":"s","tf":"s","v":"1","esae":"n","mnae":"","s":"45","st":"45","pst":" 100,00","snt":"0","psnt":"   0,00","si":"45","psi":" 100,00","sni":"0","psni":"   0,00","sa":"45","psa":" 100,00","sna":"0","psna":"   0,00","e":"15155","ea":"15155","pea":" 100,00","ena":"0","pena":"   0,00","esi":"15155","pesi":" 100,00","esni":"0","pesni":"   0,00","c":"13024","pc":"  85,94","a":"2131","pa":"  14,06","vscv":"0","vnom":"12502","pvnom":" 100,00","vvc":"12502","pvvc":"  95,99","vb":"100","pvb":"   0,77","tvn":"422","ptvn":"   3,24","vn":"422","pvn":" 100,00","vnt":"0","pvnt":"   0,00","vp":"0","pvp":"   0,00","vv":"12502","pvv":" 100,00","van":"0","pvan":"   0,00","vansj":"0","pvansj":"   0,00","tv":"13024","cand":[{"seq":"1","sqcand":"100000867712","n":"11","nm":"DR JUNIOR","cc":"PP - PP / PDT / PL / PMB","nv":"JOANA DA AMOVELAR","e":"s","st":"Eleito","dvt":"V\u00e1lido","vap":"7591","pvap":"  60,72"},{"seq":"2","sqcand":"100000673633","n":"20","nm":"DR RAFAEL","cc":"PSC - PSC / PTB","nv":"JORGINHO MURAD","e":"n","st":"N\u00e3o eleito","dvt":"V\u00e1lido","vap":"4911","pvap":"  39,28"}]}
