{"ele":"426","tpabr":"mu","cdabr":"08109","carper":"11","t":"1","f":"o","dt":"15/11/2020","ht":"22:19:04","dv":"s","tf":"s","v":"1","esae":"n","mnae":"","s":"21","st":"21","pst":" 100,00","snt":"0","psnt":"   0,00","si":"21","psi":" 100,00","sni":"0","psni":"   0,00","sa":"21","psa":" 100,00","sna":"0","psna":"   0,00","e":"6972","ea":"6972","pea":" 100,00","ena":"0","pena":"   0,00","esi":"6972","pesi":" 100,00","esni":"0","pesni":"   0,00","c":"5925","pc":"  84,98","a":"1047","pa":"  15,02","vscv":"0","vnom":"5769","pvnom":" 100,00","vvc":"5769","pvvc":"  97,37","vb":"29","pvb":"   0,49","tvn":"127","ptvn":"   2,14","vn":"127","pvn":" 100,00","vnt":"0","pvnt":"   0,00","vp":"0","pvp":"   0,00","vv":"5769","pvv":" 100,00","van":"0","pvan":"   0,00","vansj":"0","pvansj":"   0,00","tv":"5925","cand":[{"seq":"2","sqcand":"100000653851","n":"65","nm":"DRA TATYANA MENDES","cc":"PC do B - PSB / PT / PC do B","nv":"JO\u00c3O LOUZEIRO","e":"n","st":"N\u00e3o eleito","dvt":"V\u00e1lido","vap":"2334","pvap":"  40,46"},{"seq":"3","sqcand":"100000734869","n":"45","nm":"FL\u00c1VIO DO SANTA MARIA","cc":"PSDB","nv":"ROSA ","e":"n","st":"N\u00e3o eleito","dvt":"V\u00e1lido","vap":"981","pvap":"  17,00"},{"seq":"1","sqcand":"100001032596","n":"22","nm":"ALDO BROWN","cc":"PL - PL / AVANTE","nv":"ZEQUINHA","e":"s","st":"Eleito","dvt":"V\u00e1lido","vap":"2454","pvap":"  42,54"}]}
