{"ele":"426","tpabr":"mu","cdabr":"08133","carper":"11","t":"1","f":"o","dt":"16/11/2020","ht":"00:50:19","dv":"s","tf":"s","v":"1","esae":"n","mnae":"","s":"95","st":"95","pst":" 100,00","snt":"0","psnt":"   0,00","si":"95","psi":" 100,00","sni":"0","psni":"   0,00","sa":"95","psa":" 100,00","sna":"0","psna":"   0,00","e":"31090","ea":"31090","pea":" 100,00","ena":"0","pena":"   0,00","esi":"31090","pesi":" 100,00","esni":"0","pesni":"   0,00","c":"26636","pc":"  85,67","a":"4454","pa":"  14,33","vscv":"0","vnom":"25727","pvnom":" 100,00","vvc":"25727","pvvc":"  96,59","vb":"171","pvb":"   0,64","tvn":"738","ptvn":"   2,77","vn":"738","pvn":" 100,00","vnt":"0","pvnt":"   0,00","vp":"0","pvp":"   0,00","vv":"25727","pvv":" 100,00","van":"0","pvan":"   0,00","vansj":"0","pvansj":"   0,00","tv":"26636","cand":[{"seq":"3","sqcand":"100001068835","n":"90","nm":"DR WEULER","cc":"PROS","nv":"DR MARCIO PORTILHO","e":"n","st":"N\u00e3o eleito","dvt":"V\u00e1lido","vap":"201","pvap":"   0,78"},{"seq":"1","sqcand":"100000944227","n":"45","nm":"MAURA JORGE","cc":"PSDB - MDB / PDT / PSDB","nv":"GERALDO CATINGUEIRO","e":"s","st":"Eleito","dvt":"V\u00e1lido","vap":"13428","pvap":"  52,19"},{"seq":"2","sqcand":"100001081957","n":"65","nm":"LAERCIO ARRUDA","cc":"PC do B - PT / DEM / PC do B","nv":"HILARIO NETO","e":"n","st":"N\u00e3o eleito","dvt":"V\u00e1lido","vap":"12098","pvap":"  47,02"}]}
