{"ele":"426","tpabr":"mu","cdabr":"08150","carper":"11","t":"1","f":"o","dt":"16/11/2020","ht":"00:50:37","dv":"s","tf":"s","v":"1","esae":"s","mnae":"Candidato com maior vota\u00e7\u00e3o nominal anulada ou anulada sub judice.Soma de votos de candidatos com vota\u00e7\u00e3o anulada e anulada sub judice ultrapassou 50% do total da vota\u00e7\u00e3o nominal.","s":"27","st":"27","pst":" 100,00","snt":"0","psnt":"   0,00","si":"27","psi":" 100,00","sni":"0","psni":"   0,00","sa":"27","psa":" 100,00","sna":"0","psna":"   0,00","e":"8446","ea":"8446","pea":" 100,00","ena":"0","pena":"   0,00","esi":"8446","pesi":" 100,00","esni":"0","pesni":"   0,00","c":"6742","pc":"  79,82","a":"1704","pa":"  20,18","vscv":"0","vnom":"2776","pvnom":" 100,00","vvc":"6446","pvvc":"  95,61","vb":"61","pvb":"   0,90","tvn":"235","ptvn":"   3,49","vn":"235","pvn":" 100,00","vnt":"0","pvnt":"   0,00","vp":"0","pvp":"   0,00","vv":"2776","pvv":"  43,07","van":"0","pvan":"   0,00","vansj":"3670","pvansj":"  56,93","tv":"6742","cand":[{"seq":"2","sqcand":"100001226409","n":"65","nm":"ENOC LOPES","cc":"PC do B - MDB / PC do B","nv":"ZEZ\u00c9 NUNES","e":"n","st":"N\u00e3o eleito","dvt":"V\u00e1lido","vap":"2776","pvap":"  43,07"},{"seq":"1","sqcand":"100000789149","n":"12","nm":"EDINA FONTES","cc":"PDT - PDT / PT / PL","nv":"PROFESSOR JOSIEL","e":"n","st":"N\u00e3o eleito","dvt":"Anulado sub judice","vap":"3670","pvap":"  56,93"}]}
