{"ele":"426","tpabr":"mu","cdabr":"08168","carper":"11","t":"1","f":"o","dt":"15/11/2020","ht":"22:35:25","dv":"s","tf":"s","v":"1","esae":"n","mnae":"","s":"53","st":"53","pst":" 100,00","snt":"0","psnt":"   0,00","si":"53","psi":" 100,00","sni":"0","psni":"   0,00","sa":"53","psa":" 100,00","sna":"0","psna":"   0,00","e":"19095","ea":"19095","pea":" 100,00","ena":"0","pena":"   0,00","esi":"19095","pesi":" 100,00","esni":"0","pesni":"   0,00","c":"16403","pc":"  85,90","a":"2692","pa":"  14,10","vscv":"0","vnom":"15705","pvnom":" 100,00","vvc":"15705","pvvc":"  95,74","vb":"240","pvb":"   1,47","tvn":"458","ptvn":"   2,79","vn":"458","pvn":" 100,00","vnt":"0","pvnt":"   0,00","vp":"0","pvp":"   0,00","vv":"15705","pvv":" 100,00","van":"0","pvan":"   0,00","vansj":"0","pvansj":"   0,00","tv":"16403","cand":[{"seq":"1","sqcand":"100000826448","n":"22","nm":"EUDES BARROS","cc":"PL - PL / PC do B / DC / REPUBLICANOS","nv":"MARCIO GREIK","e":"s","st":"Eleito","dvt":"V\u00e1lido","vap":"6741","pvap":"  42,92"},{"seq":"4","sqcand":"100000775791","n":"77","nm":"PADRE ANTONIO ABEN\u00c7OADO","cc":"SOLIDARIEDADE","nv":"F\u00c1TIMA SILVA","e":"n","st":"N\u00e3o eleito","dvt":"V\u00e1lido","vap":"145","pvap":"   0,92"},{"seq":"3","sqcand":"100000824689","n":"55","nm":"ANDR\u00c9A DA COL\u00d4NIA","cc":"PSD - PSD / PMN","nv":"PASTOR HEITOR","e":"n","st":"N\u00e3o eleito","dvt":"V\u00e1lido","vap":"2510","pvap":"  15,98"},{"seq":"2","sqcand":"100000678931","n":"45","nm":"OCILEIA FERNANDES","cc":"PSDB - PSL / PSDB","nv":"ALLAN DA MADEIREIRA","e":"n","st":"N\u00e3o eleito","dvt":"V\u00e1lido","vap":"6309","pvap":"  40,17"}]}
