{"ele":"426","tpabr":"mu","cdabr":"08176","carper":"11","t":"1","f":"o","dt":"16/11/2020","ht":"00:25:37","dv":"s","tf":"s","v":"1","esae":"n","mnae":"","s":"39","st":"39","pst":" 100,00","snt":"0","psnt":"   0,00","si":"39","psi":" 100,00","sni":"0","psni":"   0,00","sa":"39","psa":" 100,00","sna":"0","psna":"   0,00","e":"13033","ea":"13033","pea":" 100,00","ena":"0","pena":"   0,00","esi":"13033","pesi":" 100,00","esni":"0","pesni":"   0,00","c":"10318","pc":"  79,17","a":"2715","pa":"  20,83","vscv":"0","vnom":"9996","pvnom":" 100,00","vvc":"9996","pvvc":"  96,88","vb":"55","pvb":"   0,53","tvn":"267","ptvn":"   2,59","vn":"267","pvn":" 100,00","vnt":"0","pvnt":"   0,00","vp":"0","pvp":"   0,00","vv":"9996","pvv":" 100,00","van":"0","pvan":"   0,00","vansj":"0","pvansj":"   0,00","tv":"10318","cand":[{"seq":"2","sqcand":"100000723221","n":"25","nm":"ERICA REVIL","cc":"DEM - PTB / PSL / DEM","nv":"LAECIO LIMA","e":"n","st":"N\u00e3o eleito","dvt":"V\u00e1lido","vap":"4157","pvap":"  41,59"},{"seq":"4","sqcand":"100001048025","n":"10","nm":"CHICO PILINO","cc":"REPUBLICANOS - PC do B / REPUBLICANOS","nv":"MIGUELZINHO DO LAGO LIMPO","e":"n","st":"N\u00e3o eleito","dvt":"V\u00e1lido","vap":"284","pvap":"   2,84"},{"seq":"1","sqcand":"100000830362","n":"11","nm":"ALEX ALMEIDA","cc":"PP - PP / PV","nv":"GILZIM COCO","e":"s","st":"Eleito","dvt":"V\u00e1lido","vap":"4244","pvap":"  42,46"},{"seq":"5","sqcand":"100001046975","n":"27","nm":"IRM\u00c3O ANTONILTO","cc":"DC","nv":"IRM\u00c3O IVALDO","e":"n","st":"N\u00e3o eleito","dvt":"V\u00e1lido","vap":"17","pvap":"   0,17"},{"seq":"3","sqcand":"100001193174","n":"22","nm":"PROF OLIVEIRA","cc":"PL - PSB / PL","nv":"DIA","e":"n","st":"N\u00e3o eleito","dvt":"V\u00e1lido","vap":"1294","pvap":"  12,95"}]}
