{"ele":"426","tpabr":"mu","cdabr":"08192","carper":"11","t":"1","f":"o","dt":"15/11/2020","ht":"21:45:15","dv":"s","tf":"s","v":"1","esae":"n","mnae":"","s":"33","st":"33","pst":" 100,00","snt":"0","psnt":"   0,00","si":"33","psi":" 100,00","sni":"0","psni":"   0,00","sa":"33","psa":" 100,00","sna":"0","psna":"   0,00","e":"10569","ea":"10569","pea":" 100,00","ena":"0","pena":"   0,00","esi":"10569","pesi":" 100,00","esni":"0","pesni":"   0,00","c":"8545","pc":"  80,85","a":"2024","pa":"  19,15","vscv":"0","vnom":"8183","pvnom":" 100,00","vvc":"8183","pvvc":"  95,76","vb":"80","pvb":"   0,94","tvn":"282","ptvn":"   3,30","vn":"282","pvn":" 100,00","vnt":"0","pvnt":"   0,00","vp":"0","pvp":"   0,00","vv":"8183","pvv":" 100,00","van":"0","pvan":"   0,00","vansj":"0","pvansj":"   0,00","tv":"8545","cand":[{"seq":"1","sqcand":"100000733645","n":"12","nm":"DIRCE DO JAILSON","cc":"PDT - PDT / PL / DEM","nv":"VICENTE NETO","e":"s","st":"Eleito","dvt":"V\u00e1lido","vap":"5383","pvap":"  65,78"},{"seq":"2","sqcand":"100000641465","n":"14","nm":"ESTEVINHO","cc":"PTB - PTB / PATRIOTA / PC do B","nv":"MARTA LIMA","e":"n","st":"N\u00e3o eleito","dvt":"V\u00e1lido","vap":"2800","pvap":"  34,22"}]}
