{"ele":"426","tpabr":"mu","cdabr":"08222","carper":"11","t":"1","f":"o","dt":"15/11/2020","ht":"22:26:17","dv":"s","tf":"s","v":"1","esae":"n","mnae":"","s":"27","st":"27","pst":" 100,00","snt":"0","psnt":"   0,00","si":"27","psi":" 100,00","sni":"0","psni":"   0,00","sa":"27","psa":" 100,00","sna":"0","psna":"   0,00","e":"8523","ea":"8523","pea":" 100,00","ena":"0","pena":"   0,00","esi":"8523","pesi":" 100,00","esni":"0","pesni":"   0,00","c":"6572","pc":"  77,11","a":"1951","pa":"  22,89","vscv":"0","vnom":"6361","pvnom":" 100,00","vvc":"6361","pvvc":"  96,79","vb":"31","pvb":"   0,47","tvn":"180","ptvn":"   2,74","vn":"180","pvn":" 100,00","vnt":"0","pvnt":"   0,00","vp":"0","pvp":"   0,00","vv":"6361","pvv":" 100,00","van":"0","pvan":"   0,00","vansj":"0","pvansj":"   0,00","tv":"6572","cand":[{"seq":"1","sqcand":"100001226892","n":"22","nm":"MARCIO SANTIAGO","cc":"PL - PTB / PC do B / SOLIDARIEDADE / PL","nv":"ANGELA OLIVEIRA","e":"s","st":"Eleito","dvt":"V\u00e1lido","vap":"3570","pvap":"  56,12"},{"seq":"3","sqcand":"100001227342","n":"17","nm":"ELDA SOARES","cc":"PSL - PSL / PDT","nv":"MARCELO DO CECILIO","e":"n","st":"N\u00e3o eleito","dvt":"V\u00e1lido","vap":"446","pvap":"   7,01"},{"seq":"2","sqcand":"100001225637","n":"90","nm":"REGINHO","cc":"PROS","nv":"EUDA SPINDOLA","e":"n","st":"N\u00e3o eleito","dvt":"V\u00e1lido","vap":"2345","pvap":"  36,87"}]}
