{"ele":"426","tpabr":"mu","cdabr":"08249","carper":"11","t":"1","f":"o","dt":"15/11/2020","ht":"21:47:19","dv":"s","tf":"s","v":"1","esae":"n","mnae":"","s":"42","st":"42","pst":" 100,00","snt":"0","psnt":"   0,00","si":"42","psi":" 100,00","sni":"0","psni":"   0,00","sa":"42","psa":" 100,00","sna":"0","psna":"   0,00","e":"10921","ea":"10921","pea":" 100,00","ena":"0","pena":"   0,00","esi":"10921","pesi":" 100,00","esni":"0","pesni":"   0,00","c":"9642","pc":"  88,29","a":"1279","pa":"  11,71","vscv":"0","vnom":"9123","pvnom":" 100,00","vvc":"9123","pvvc":"  94,62","vb":"64","pvb":"   0,66","tvn":"455","ptvn":"   4,72","vn":"455","pvn":" 100,00","vnt":"0","pvnt":"   0,00","vp":"0","pvp":"   0,00","vv":"9123","pvv":" 100,00","van":"0","pvan":"   0,00","vansj":"0","pvansj":"   0,00","tv":"9642","cand":[{"seq":"3","sqcand":"100001210553","n":"51","nm":"RENILTON MARREIROS","cc":"PATRIOTA","nv":"JORGE LOUZIERO","e":"n","st":"N\u00e3o eleito","dvt":"V\u00e1lido","vap":"296","pvap":"   3,24"},{"seq":"2","sqcand":"100000956976","n":"20","nm":"Z\u00c9 HERNANI","cc":"PSC - PSC / PP / PSD","nv":"DOMINGAS LISBOA","e":"n","st":"N\u00e3o eleito","dvt":"V\u00e1lido","vap":"3552","pvap":"  38,93"},{"seq":"4","sqcand":"100001246996","n":"14","nm":"JORIM ITHAMAR","cc":"PTB","nv":"NETO BANANA","e":"n","st":"N\u00e3o eleito","dvt":"V\u00e1lido","vap":"5","pvap":"   0,05"},{"seq":"1","sqcand":"100000868310","n":"65","nm":"LEANDRO MOURA","cc":"PC do B - PC do B / REPUBLICANOS / PDT","nv":"MARIA JOS\u00c9 DO SINDICATO","e":"s","st":"Eleito","dvt":"V\u00e1lido","vap":"5270","pvap":"  57,77"}]}
