{"ele":"426","tpabr":"mu","cdabr":"08273","carper":"11","t":"1","f":"o","dt":"15/11/2020","ht":"22:03:34","dv":"s","tf":"s","v":"1","esae":"n","mnae":"","s":"40","st":"40","pst":" 100,00","snt":"0","psnt":"   0,00","si":"40","psi":" 100,00","sni":"0","psni":"   0,00","sa":"40","psa":" 100,00","sna":"0","psna":"   0,00","e":"13485","ea":"13485","pea":" 100,00","ena":"0","pena":"   0,00","esi":"13485","pesi":" 100,00","esni":"0","pesni":"   0,00","c":"12206","pc":"  90,52","a":"1279","pa":"   9,48","vscv":"0","vnom":"5973","pvnom":" 100,00","vvc":"11818","pvvc":"  96,82","vb":"88","pvb":"   0,72","tvn":"300","ptvn":"   2,46","vn":"300","pvn":" 100,00","vnt":"0","pvnt":"   0,00","vp":"0","pvp":"   0,00","vv":"5973","pvv":"  50,54","van":"0","pvan":"   0,00","vansj":"5845","pvansj":"  49,46","tv":"12206","cand":[{"seq":"1","sqcand":"100001187500","n":"12","nm":"BESALIEL","cc":"PDT - PL / PDT / PT / MDB / PC do B","nv":"ARAUJO DINIZ","e":"s","st":"Eleito","dvt":"V\u00e1lido","vap":"5907","pvap":"  49,98"},{"seq":"2","sqcand":"100000915434","n":"25","nm":"CARMEM NETO","cc":"DEM - DEM / REPUBLICANOS","nv":"ABEDNEGO GARRETO","e":"n","st":"N\u00e3o eleito","dvt":"Anulado sub judice","vap":"5845","pvap":"  49,46"},{"seq":"3","sqcand":"100000835946","n":"50","nm":"FERNANDA","cc":"PSOL","nv":"FAF\u00c1","e":"n","st":"N\u00e3o eleito","dvt":"V\u00e1lido","vap":"66","pvap":"   0,56"}]}
