{"ele":"426","tpabr":"mu","cdabr":"08290","carper":"11","t":"1","f":"o","dt":"15/11/2020","ht":"22:16:51","dv":"s","tf":"s","v":"1","esae":"n","mnae":"","s":"53","st":"53","pst":" 100,00","snt":"0","psnt":"   0,00","si":"53","psi":" 100,00","sni":"0","psni":"   0,00","sa":"53","psa":" 100,00","sna":"0","psna":"   0,00","e":"18065","ea":"18065","pea":" 100,00","ena":"0","pena":"   0,00","esi":"18065","pesi":" 100,00","esni":"0","pesni":"   0,00","c":"15871","pc":"  87,85","a":"2194","pa":"  12,15","vscv":"0","vnom":"15145","pvnom":" 100,00","vvc":"15145","pvvc":"  95,43","vb":"179","pvb":"   1,12","tvn":"547","ptvn":"   3,45","vn":"547","pvn":" 100,00","vnt":"0","pvnt":"   0,00","vp":"0","pvp":"   0,00","vv":"15145","pvv":" 100,00","van":"0","pvan":"   0,00","vansj":"0","pvansj":"   0,00","tv":"15871","cand":[{"seq":"2","sqcand":"100000810257","n":"12","nm":"DR EMANO","cc":"PDT - PDT / PSL / PSD / PV / REPUBLICANOS","nv":"ELIANE DE BETO PIXUTA","e":"n","st":"N\u00e3o eleito","dvt":"V\u00e1lido","vap":"5237","pvap":"  34,58"},{"seq":"1","sqcand":"100000897475","n":"65","nm":"LINIELDA DE ELDO","cc":"PC do B - PT / PSDB / PATRIOTA / PC do B","nv":"NARLON SILVA","e":"s","st":"Eleito","dvt":"V\u00e1lido","vap":"7951","pvap":"  52,50"},{"seq":"3","sqcand":"100000810264","n":"22","nm":"JUNIOR DE RAQUIMA","cc":"PL","nv":"JOSUE RODRIGUES","e":"n","st":"N\u00e3o eleito","dvt":"V\u00e1lido","vap":"1957","pvap":"  12,92"}]}
