{"ele":"426","tpabr":"mu","cdabr":"08311","carper":"11","t":"1","f":"o","dt":"15/11/2020","ht":"21:52:20","dv":"s","tf":"s","v":"1","esae":"n","mnae":"","s":"71","st":"71","pst":" 100,00","snt":"0","psnt":"   0,00","si":"71","psi":" 100,00","sni":"0","psni":"   0,00","sa":"71","psa":" 100,00","sna":"0","psna":"   0,00","e":"24285","ea":"24285","pea":" 100,00","ena":"0","pena":"   0,00","esi":"24285","pesi":" 100,00","esni":"0","pesni":"   0,00","c":"20231","pc":"  83,31","a":"4054","pa":"  16,69","vscv":"0","vnom":"19389","pvnom":" 100,00","vvc":"19389","pvvc":"  95,84","vb":"114","pvb":"   0,56","tvn":"728","ptvn":"   3,60","vn":"728","pvn":" 100,00","vnt":"0","pvnt":"   0,00","vp":"0","pvp":"   0,00","vv":"19389","pvv":" 100,00","van":"0","pvan":"   0,00","vansj":"0","pvansj":"   0,00","tv":"20231","cand":[{"seq":"2","sqcand":"100000954885","n":"11","nm":"GABRIEL TENORIO","cc":"PP - PC do B / PP / PDT","nv":"GILMAR ALMEIDA","e":"n","st":"N\u00e3o eleito","dvt":"V\u00e1lido","vap":"9226","pvap":"  47,58"},{"seq":"1","sqcand":"100000958008","n":"25","nm":"FERDINANDO COUTINHO","cc":"DEM - DEM / CIDADANIA","nv":"OZIEL SILVA","e":"s","st":"Eleito","dvt":"V\u00e1lido","vap":"10163","pvap":"  52,42"}]}
