{"ele":"426","tpabr":"mu","cdabr":"08320","carper":"11","t":"1","f":"o","dt":"15/11/2020","ht":"20:07:00","dv":"s","tf":"s","v":"1","esae":"n","mnae":"","s":"28","st":"28","pst":" 100,00","snt":"0","psnt":"   0,00","si":"28","psi":" 100,00","sni":"0","psni":"   0,00","sa":"28","psa":" 100,00","sna":"0","psna":"   0,00","e":"8578","ea":"8578","pea":" 100,00","ena":"0","pena":"   0,00","esi":"8578","pesi":" 100,00","esni":"0","pesni":"   0,00","c":"7191","pc":"  83,83","a":"1387","pa":"  16,17","vscv":"0","vnom":"6925","pvnom":" 100,00","vvc":"6925","pvvc":"  96,30","vb":"40","pvb":"   0,56","tvn":"226","ptvn":"   3,14","vn":"226","pvn":" 100,00","vnt":"0","pvnt":"   0,00","vp":"0","pvp":"   0,00","vv":"6925","pvv":" 100,00","van":"0","pvan":"   0,00","vansj":"0","pvansj":"   0,00","tv":"7191","cand":[{"seq":"3","sqcand":"100001114402","n":"10","nm":"DR THIAGO","cc":"REPUBLICANOS - PT / REPUBLICANOS","nv":"PASTOR ANT\u00d4NIO","e":"n","st":"N\u00e3o eleito","dvt":"V\u00e1lido","vap":"844","pvap":"  12,19"},{"seq":"1","sqcand":"100000887168","n":"65","nm":"BETO REGIS","cc":"PC do B - PATRIOTA / PSB / PC do B","nv":"JO\u00c3O PAULO DA LUIZINHA","e":"s","st":"Eleito","dvt":"V\u00e1lido","vap":"3335","pvap":"  48,16"},{"seq":"2","sqcand":"100000750125","n":"12","nm":"MARCOS VINICIUS","cc":"PDT - PDT / PTB","nv":"RENAN CASTRO","e":"n","st":"N\u00e3o eleito","dvt":"V\u00e1lido","vap":"2746","pvap":"  39,65"}]}
