{"ele":"426","tpabr":"mu","cdabr":"08346","carper":"11","t":"1","f":"o","dt":"15/11/2020","ht":"22:21:35","dv":"s","tf":"s","v":"1","esae":"n","mnae":"","s":"38","st":"38","pst":" 100,00","snt":"0","psnt":"   0,00","si":"38","psi":" 100,00","sni":"0","psni":"   0,00","sa":"38","psa":" 100,00","sna":"0","psna":"   0,00","e":"12770","ea":"12770","pea":" 100,00","ena":"0","pena":"   0,00","esi":"12770","pesi":" 100,00","esni":"0","pesni":"   0,00","c":"10985","pc":"  86,02","a":"1785","pa":"  13,98","vscv":"0","vnom":"10543","pvnom":" 100,00","vvc":"10563","pvvc":"  96,16","vb":"56","pvb":"   0,51","tvn":"366","ptvn":"   3,33","vn":"366","pvn":" 100,00","vnt":"0","pvnt":"   0,00","vp":"0","pvp":"   0,00","vv":"10543","pvv":"  99,81","van":"0","pvan":"   0,00","vansj":"20","pvansj":"   0,19","tv":"10985","cand":[{"seq":"2","sqcand":"100001090050","n":"12","nm":"WELLINGTON MOURA","cc":"PDT - PDT / PC do B","nv":"ROSA BEZERRA","e":"n","st":"N\u00e3o eleito","dvt":"V\u00e1lido","vap":"4394","pvap":"  41,60"},{"seq":"3","sqcand":"100001090289","n":"45","nm":"DR TAIRO ROCHA","cc":"PSDB","nv":"JAMIS MOURA","e":"n","st":"N\u00e3o eleito","dvt":"Anulado sub judice","vap":"20","pvap":"   0,19"},{"seq":"1","sqcand":"100000927923","n":"10","nm":"JOSA","cc":"REPUBLICANOS - REPUBLICANOS / PTC","nv":"LACERDA","e":"s","st":"Eleito","dvt":"V\u00e1lido","vap":"6149","pvap":"  58,21"}]}
