{"ele":"426","tpabr":"mu","cdabr":"08362","carper":"11","t":"1","f":"o","dt":"15/11/2020","ht":"23:12:58","dv":"s","tf":"s","v":"1","esae":"n","mnae":"","s":"19","st":"19","pst":" 100,00","snt":"0","psnt":"   0,00","si":"19","psi":" 100,00","sni":"0","psni":"   0,00","sa":"19","psa":" 100,00","sna":"0","psna":"   0,00","e":"5975","ea":"5975","pea":" 100,00","ena":"0","pena":"   0,00","esi":"5975","pesi":" 100,00","esni":"0","pesni":"   0,00","c":"5278","pc":"  88,33","a":"697","pa":"  11,67","vscv":"0","vnom":"5154","pvnom":" 100,00","vvc":"5154","pvvc":"  97,65","vb":"44","pvb":"   0,83","tvn":"80","ptvn":"   1,52","vn":"80","pvn":" 100,00","vnt":"0","pvnt":"   0,00","vp":"0","pvp":"   0,00","vv":"5154","pvv":" 100,00","van":"0","pvan":"   0,00","vansj":"0","pvansj":"   0,00","tv":"5278","cand":[{"seq":"1","sqcand":"100000803256","n":"10","nm":"FARINHA PA\u00c9","cc":"REPUBLICANOS - REPUBLICANOS / PC do B / PDT","nv":"RONALDO VIEIRA","e":"s","st":"Eleito","dvt":"V\u00e1lido","vap":"2598","pvap":"  50,41"},{"seq":"2","sqcand":"100000978458","n":"11","nm":"JURIVAN","cc":"PP - PV / PP","nv":"CHIC\u00d5","e":"n","st":"N\u00e3o eleito","dvt":"V\u00e1lido","vap":"1441","pvap":"  27,96"},{"seq":"3","sqcand":"100000780178","n":"20","nm":"WALTER RIOGRANDENSE","cc":"PSC","nv":"MILSON BARBOSA","e":"n","st":"N\u00e3o eleito","dvt":"V\u00e1lido","vap":"1115","pvap":"  21,63"}]}
