{"ele":"426","tpabr":"mu","cdabr":"08397","carper":"11","t":"1","f":"o","dt":"15/11/2020","ht":"22:03:12","dv":"s","tf":"s","v":"1","esae":"n","mnae":"","s":"20","st":"20","pst":" 100,00","snt":"0","psnt":"   0,00","si":"20","psi":" 100,00","sni":"0","psni":"   0,00","sa":"20","psa":" 100,00","sna":"0","psna":"   0,00","e":"6733","ea":"6733","pea":" 100,00","ena":"0","pena":"   0,00","esi":"6733","pesi":" 100,00","esni":"0","pesni":"   0,00","c":"5948","pc":"  88,34","a":"785","pa":"  11,66","vscv":"0","vnom":"5691","pvnom":" 100,00","vvc":"5691","pvvc":"  95,68","vb":"50","pvb":"   0,84","tvn":"207","ptvn":"   3,48","vn":"207","pvn":" 100,00","vnt":"0","pvnt":"   0,00","vp":"0","pvp":"   0,00","vv":"5691","pvv":" 100,00","van":"0","pvan":"   0,00","vansj":"0","pvansj":"   0,00","tv":"5948","cand":[{"seq":"1","sqcand":"100001224543","n":"14","nm":"DOMINGOS FRAN\u00c7A","cc":"PTB - PTB / PATRIOTA / REPUBLICANOS / PDT","nv":"DR. GARIBALDINHO","e":"s","st":"Eleito","dvt":"V\u00e1lido","vap":"3224","pvap":"  56,65"},{"seq":"3","sqcand":"100001062775","n":"17","nm":"PAULINHO BARROS","cc":"PSL","nv":"YASKARA NEIVA","e":"n","st":"N\u00e3o eleito","dvt":"V\u00e1lido","vap":"199","pvap":"   3,50"},{"seq":"4","sqcand":"100001227095","n":"77","nm":"ELTON GOMES","cc":"SOLIDARIEDADE","nv":"MARCIA MARINHO","e":"n","st":"N\u00e3o eleito","dvt":"V\u00e1lido","vap":"146","pvap":"   2,57"},{"seq":"2","sqcand":"100000841083","n":"55","nm":"DR. VALBERTO","cc":"PSD","nv":"EDVAN","e":"n","st":"N\u00e3o eleito","dvt":"V\u00e1lido","vap":"2122","pvap":"  37,29"}]}
