{"ele":"426","tpabr":"mu","cdabr":"08400","carper":"11","t":"1","f":"o","dt":"15/11/2020","ht":"18:11:02","dv":"s","tf":"s","v":"1","esae":"n","mnae":"","s":"13","st":"13","pst":" 100,00","snt":"0","psnt":"   0,00","si":"13","psi":" 100,00","sni":"0","psni":"   0,00","sa":"13","psa":" 100,00","sna":"0","psna":"   0,00","e":"4360","ea":"4360","pea":" 100,00","ena":"0","pena":"   0,00","esi":"4360","pesi":" 100,00","esni":"0","pesni":"   0,00","c":"3662","pc":"  83,99","a":"698","pa":"  16,01","vscv":"0","vnom":"3480","pvnom":" 100,00","vvc":"3480","pvvc":"  95,03","vb":"96","pvb":"   2,62","tvn":"86","ptvn":"   2,35","vn":"86","pvn":" 100,00","vnt":"0","pvnt":"   0,00","vp":"0","pvp":"   0,00","vv":"3480","pvv":" 100,00","van":"0","pvan":"   0,00","vansj":"0","pvansj":"   0,00","tv":"3662","cand":[{"seq":"1","sqcand":"100000825685","n":"17","nm":"DR LAHESIO BONFIM","cc":"PSL - PSL / PT","nv":"ROMULO","e":"s","st":"Eleito","dvt":"V\u00e1lido","vap":"3136","pvap":"  90,11"},{"seq":"2","sqcand":"100001161962","n":"10","nm":"LEILA COUTINHO","cc":"REPUBLICANOS","nv":"MANIM DO PT","e":"n","st":"N\u00e3o eleito","dvt":"V\u00e1lido","vap":"344","pvap":"   9,89"}]}
