{"ele":"426","tpabr":"mu","cdabr":"08427","carper":"11","t":"1","f":"o","dt":"15/11/2020","ht":"21:53:03","dv":"s","tf":"s","v":"1","esae":"n","mnae":"","s":"19","st":"19","pst":" 100,00","snt":"0","psnt":"   0,00","si":"19","psi":" 100,00","sni":"0","psni":"   0,00","sa":"19","psa":" 100,00","sna":"0","psna":"   0,00","e":"5480","ea":"5480","pea":" 100,00","ena":"0","pena":"   0,00","esi":"5480","pesi":" 100,00","esni":"0","pesni":"   0,00","c":"4481","pc":"  81,77","a":"999","pa":"  18,23","vscv":"0","vnom":"4264","pvnom":" 100,00","vvc":"4264","pvvc":"  95,16","vb":"27","pvb":"   0,60","tvn":"190","ptvn":"   4,24","vn":"190","pvn":" 100,00","vnt":"0","pvnt":"   0,00","vp":"0","pvp":"   0,00","vv":"4264","pvv":" 100,00","van":"0","pvan":"   0,00","vansj":"0","pvansj":"   0,00","tv":"4481","cand":[{"seq":"2","sqcand":"100000768796","n":"65","nm":"FAGNER MOURA","cc":"PC do B - PC do B / SOLIDARIEDADE","nv":"GLEIANE SERRA","e":"n","st":"N\u00e3o eleito","dvt":"V\u00e1lido","vap":"1859","pvap":"  43,60"},{"seq":"1","sqcand":"100000750819","n":"12","nm":"SELITON MIRANDA","cc":"PDT - PDT / PL / DEM","nv":"EUDES SILVA","e":"s","st":"Eleito","dvt":"V\u00e1lido","vap":"2405","pvap":"  56,40"}]}
