{"ele":"426","tpabr":"mu","cdabr":"08435","carper":"11","t":"1","f":"o","dt":"15/11/2020","ht":"21:56:55","dv":"s","tf":"s","v":"1","esae":"n","mnae":"","s":"30","st":"30","pst":" 100,00","snt":"0","psnt":"   0,00","si":"30","psi":" 100,00","sni":"0","psni":"   0,00","sa":"30","psa":" 100,00","sna":"0","psna":"   0,00","e":"9508","ea":"9508","pea":" 100,00","ena":"0","pena":"   0,00","esi":"9508","pesi":" 100,00","esni":"0","pesni":"   0,00","c":"7729","pc":"  81,29","a":"1779","pa":"  18,71","vscv":"0","vnom":"7366","pvnom":" 100,00","vvc":"7366","pvvc":"  95,30","vb":"86","pvb":"   1,12","tvn":"277","ptvn":"   3,58","vn":"277","pvn":" 100,00","vnt":"0","pvnt":"   0,00","vp":"0","pvp":"   0,00","vv":"7366","pvv":" 100,00","van":"0","pvan":"   0,00","vansj":"0","pvansj":"   0,00","tv":"7729","cand":[{"seq":"1","sqcand":"100000787957","n":"12","nm":"RODRIGUES DA IARA","cc":"PDT - PT / PDT / MDB","nv":"PEDRO","e":"s","st":"Eleito","dvt":"V\u00e1lido","vap":"5537","pvap":"  75,17"},{"seq":"3","sqcand":"100000816746","n":"45","nm":"BETA COUTINHO","cc":"PSDB - REPUBLICANOS / PSDB","nv":"SEREJO","e":"n","st":"N\u00e3o eleito","dvt":"V\u00e1lido","vap":"477","pvap":"   6,48"},{"seq":"2","sqcand":"100000880579","n":"17","nm":"RAMON DO POVO","cc":"PSL - PSL / PL","nv":"M\u00c1RIO DA VAN","e":"n","st":"N\u00e3o eleito","dvt":"V\u00e1lido","vap":"1352","pvap":"  18,35"}]}
