{"ele":"426","tpabr":"mu","cdabr":"08443","carper":"11","t":"1","f":"o","dt":"15/11/2020","ht":"21:53:24","dv":"s","tf":"s","v":"1","esae":"n","mnae":"","s":"15","st":"15","pst":" 100,00","snt":"0","psnt":"   0,00","si":"15","psi":" 100,00","sni":"0","psni":"   0,00","sa":"15","psa":" 100,00","sna":"0","psna":"   0,00","e":"4712","ea":"4712","pea":" 100,00","ena":"0","pena":"   0,00","esi":"4712","pesi":" 100,00","esni":"0","pesni":"   0,00","c":"3971","pc":"  84,27","a":"741","pa":"  15,73","vscv":"0","vnom":"3806","pvnom":" 100,00","vvc":"3806","pvvc":"  95,84","vb":"13","pvb":"   0,33","tvn":"152","ptvn":"   3,83","vn":"152","pvn":" 100,00","vnt":"0","pvnt":"   0,00","vp":"0","pvp":"   0,00","vv":"3806","pvv":" 100,00","van":"0","pvan":"   0,00","vansj":"0","pvansj":"   0,00","tv":"3971","cand":[{"seq":"2","sqcand":"100000819553","n":"12","nm":"JECIVALDO","cc":"PDT - PDT / REPUBLICANOS","nv":"ELSON FILHO","e":"n","st":"N\u00e3o eleito","dvt":"V\u00e1lido","vap":"1617","pvap":"  42,49"},{"seq":"3","sqcand":"100000744119","n":"36","nm":"LAIONES","cc":"PTC - PSB / MDB / PTC","nv":"JUCIENE","e":"n","st":"N\u00e3o eleito","dvt":"V\u00e1lido","vap":"352","pvap":"   9,25"},{"seq":"1","sqcand":"100001274825","n":"14","nm":"DANIELLY TRABULSI","cc":"PTB - PT** / PTB","nv":"DALZILENE","e":"s","st":"Eleito","dvt":"V\u00e1lido","vap":"1837","pvap":"  48,27"}]}
