{"ele":"426","tpabr":"mu","cdabr":"08486","carper":"11","t":"1","f":"o","dt":"15/11/2020","ht":"22:02:49","dv":"s","tf":"s","v":"1","esae":"n","mnae":"","s":"27","st":"27","pst":" 100,00","snt":"0","psnt":"   0,00","si":"27","psi":" 100,00","sni":"0","psni":"   0,00","sa":"27","psa":" 100,00","sna":"0","psna":"   0,00","e":"8382","ea":"8382","pea":" 100,00","ena":"0","pena":"   0,00","esi":"8382","pesi":" 100,00","esni":"0","pesni":"   0,00","c":"6756","pc":"  80,60","a":"1626","pa":"  19,40","vscv":"0","vnom":"6486","pvnom":" 100,00","vvc":"6486","pvvc":"  96,00","vb":"50","pvb":"   0,74","tvn":"220","ptvn":"   3,26","vn":"220","pvn":" 100,00","vnt":"0","pvnt":"   0,00","vp":"0","pvp":"   0,00","vv":"6486","pvv":" 100,00","van":"0","pvan":"   0,00","vansj":"0","pvansj":"   0,00","tv":"6756","cand":[{"seq":"1","sqcand":"100000816997","n":"65","nm":"DR ORLANDO","cc":"PC do B - PC do B / PSC / PP","nv":"ROSE","e":"s","st":"Eleito","dvt":"V\u00e1lido","vap":"3674","pvap":"  56,65"},{"seq":"2","sqcand":"100000927868","n":"55","nm":"DR FRANCILIO","cc":"PSD - PSD / PTB / REPUBLICANOS","nv":"PROFESSOR GIVA","e":"n","st":"N\u00e3o eleito","dvt":"V\u00e1lido","vap":"2812","pvap":"  43,35"}]}
