{"ele":"426","tpabr":"mu","cdabr":"08508","carper":"11","t":"1","f":"o","dt":"15/11/2020","ht":"21:59:57","dv":"s","tf":"n","v":"1","esae":"n","mnae":"","s":"38","st":"38","pst":" 100,00","snt":"0","psnt":"   0,00","si":"38","psi":" 100,00","sni":"0","psni":"   0,00","sa":"38","psa":" 100,00","sna":"0","psna":"   0,00","e":"12663","ea":"12663","pea":" 100,00","ena":"0","pena":"   0,00","esi":"12663","pesi":" 100,00","esni":"0","pesni":"   0,00","c":"9890","pc":"  78,10","a":"2773","pa":"  21,90","vscv":"0","vnom":"9519","pvnom":" 100,00","vvc":"9519","pvvc":"  96,25","vb":"69","pvb":"   0,70","tvn":"302","ptvn":"   3,05","vn":"302","pvn":" 100,00","vnt":"0","pvnt":"   0,00","vp":"0","pvp":"   0,00","vv":"9519","pvv":" 100,00","van":"0","pvan":"   0,00","vansj":"0","pvansj":"   0,00","tv":"9890","cand":[{"seq":"1","sqcand":"100000726739","n":"10","nm":"PROFESSOR BARTOLOMEU","cc":"REPUBLICANOS - PSD / REPUBLICANOS / PT / PTB","nv":"CARAZIM","e":"n","st":"","dvt":"V\u00e1lido","vap":"5015","pvap":"  52,68"},{"seq":"2","sqcand":"100000856647","n":"25","nm":"DARIO","cc":"DEM - DEM / PC do B / PDT","nv":"CICIM LE\u00c3O","e":"n","st":"","dvt":"V\u00e1lido","vap":"4442","pvap":"  46,66"},{"seq":"3","sqcand":"100000730430","n":"17","nm":"DR. ALDE\u00c3O","cc":"PSL","nv":"FRANCINEDES","e":"n","st":"","dvt":"V\u00e1lido","vap":"62","pvap":"   0,65"}]}
