{"ele":"426","tpabr":"mu","cdabr":"08516","carper":"11","t":"1","f":"o","dt":"15/11/2020","ht":"21:55:27","dv":"s","tf":"s","v":"1","esae":"n","mnae":"","s":"48","st":"48","pst":" 100,00","snt":"0","psnt":"   0,00","si":"48","psi":" 100,00","sni":"0","psni":"   0,00","sa":"48","psa":" 100,00","sna":"0","psna":"   0,00","e":"16769","ea":"16769","pea":" 100,00","ena":"0","pena":"   0,00","esi":"16769","pesi":" 100,00","esni":"0","pesni":"   0,00","c":"13274","pc":"  79,16","a":"3495","pa":"  20,84","vscv":"0","vnom":"12692","pvnom":" 100,00","vvc":"12692","pvvc":"  95,62","vb":"122","pvb":"   0,91","tvn":"460","ptvn":"   3,47","vn":"460","pvn":" 100,00","vnt":"0","pvnt":"   0,00","vp":"0","pvp":"   0,00","vv":"12692","pvv":" 100,00","van":"0","pvan":"   0,00","vansj":"0","pvansj":"   0,00","tv":"13274","cand":[{"seq":"1","sqcand":"100000789426","n":"10","nm":"EDILSON DA ALVORADA","cc":"REPUBLICANOS - DEM / REPUBLICANOS / PSL / PMN / PSDB / PC do B","nv":"L\u00daCIO","e":"s","st":"Eleito","dvt":"V\u00e1lido","vap":"7269","pvap":"  57,27"},{"seq":"2","sqcand":"100000719415","n":"11","nm":"NILSON GARCIA","cc":"PP - PP / PRTB / PSB / PL / AVANTE","nv":"FRANCIVALDO AROUCHA","e":"n","st":"N\u00e3o eleito","dvt":"V\u00e1lido","vap":"5423","pvap":"  42,73"}]}
