{"ele":"426","tpabr":"mu","cdabr":"08524","carper":"11","t":"1","f":"o","dt":"15/11/2020","ht":"22:22:52","dv":"s","tf":"s","v":"1","esae":"n","mnae":"","s":"28","st":"28","pst":" 100,00","snt":"0","psnt":"   0,00","si":"28","psi":" 100,00","sni":"0","psni":"   0,00","sa":"28","psa":" 100,00","sna":"0","psna":"   0,00","e":"8545","ea":"8545","pea":" 100,00","ena":"0","pena":"   0,00","esi":"8545","pesi":" 100,00","esni":"0","pesni":"   0,00","c":"6951","pc":"  81,35","a":"1594","pa":"  18,65","vscv":"0","vnom":"6583","pvnom":" 100,00","vvc":"6583","pvvc":"  94,71","vb":"97","pvb":"   1,39","tvn":"271","ptvn":"   3,90","vn":"271","pvn":" 100,00","vnt":"0","pvnt":"   0,00","vp":"0","pvp":"   0,00","vv":"6583","pvv":" 100,00","van":"0","pvan":"   0,00","vansj":"0","pvansj":"   0,00","tv":"6951","cand":[{"seq":"2","sqcand":"100001108801","n":"13","nm":"ZANA DE SERRANO","cc":"PT - PSL / PSC / PT / PSB","nv":"VANUSA DE HERMININHO","e":"n","st":"N\u00e3o eleito","dvt":"V\u00e1lido","vap":"2016","pvap":"  30,62"},{"seq":"1","sqcand":"100000737258","n":"22","nm":"VAL CUNHA","cc":"PL - PDT / PL","nv":"PROFESSORA ROSENI","e":"s","st":"Eleito","dvt":"V\u00e1lido","vap":"4567","pvap":"  69,38"}]}
