{"ele":"426","tpabr":"mu","cdabr":"08540","carper":"11","t":"1","f":"o","dt":"15/11/2020","ht":"22:02:06","dv":"s","tf":"s","v":"1","esae":"n","mnae":"","s":"14","st":"14","pst":" 100,00","snt":"0","psnt":"   0,00","si":"14","psi":" 100,00","sni":"0","psni":"   0,00","sa":"14","psa":" 100,00","sna":"0","psna":"   0,00","e":"4535","ea":"4535","pea":" 100,00","ena":"0","pena":"   0,00","esi":"4535","pesi":" 100,00","esni":"0","pesni":"   0,00","c":"3863","pc":"  85,18","a":"672","pa":"  14,82","vscv":"0","vnom":"3684","pvnom":" 100,00","vvc":"3684","pvvc":"  95,37","vb":"23","pvb":"   0,59","tvn":"156","ptvn":"   4,04","vn":"156","pvn":" 100,00","vnt":"0","pvnt":"   0,00","vp":"0","pvp":"   0,00","vv":"3684","pvv":" 100,00","van":"0","pvan":"   0,00","vansj":"0","pvansj":"   0,00","tv":"3863","cand":[{"seq":"3","sqcand":"100001206607","n":"15","nm":"REGINA","cc":"MDB","nv":"CRISTINA DO CHINA","e":"n","st":"N\u00e3o eleito","dvt":"V\u00e1lido","vap":"82","pvap":"   2,23"},{"seq":"1","sqcand":"100001060652","n":"25","nm":"WALTER AZEVEDO","cc":"DEM - DEM / REPUBLICANOS","nv":"DHIEGO MORAIS","e":"s","st":"Eleito","dvt":"V\u00e1lido","vap":"2052","pvap":"  55,70"},{"seq":"2","sqcand":"100000995855","n":"14","nm":"EDMILSON CARVALHO","cc":"PTB - PTB / PC do B","nv":"MOIS\u00c9S","e":"n","st":"N\u00e3o eleito","dvt":"V\u00e1lido","vap":"1550","pvap":"  42,07"}]}
