{"ele":"426","tpabr":"mu","cdabr":"08559","carper":"11","t":"1","f":"o","dt":"15/11/2020","ht":"21:36:13","dv":"s","tf":"s","v":"1","esae":"n","mnae":"","s":"86","st":"86","pst":" 100,00","snt":"0","psnt":"   0,00","si":"86","psi":" 100,00","sni":"0","psni":"   0,00","sa":"86","psa":" 100,00","sna":"0","psna":"   0,00","e":"26934","ea":"26934","pea":" 100,00","ena":"0","pena":"   0,00","esi":"26934","pesi":" 100,00","esni":"0","pesni":"   0,00","c":"20384","pc":"  75,68","a":"6550","pa":"  24,32","vscv":"0","vnom":"19121","pvnom":" 100,00","vvc":"19121","pvvc":"  93,80","vb":"240","pvb":"   1,18","tvn":"1023","ptvn":"   5,02","vn":"1006","pvn":"  98,34","vnt":"17","pvnt":"   1,66","vp":"0","pvp":"   0,00","vv":"19121","pvv":" 100,00","van":"0","pvan":"   0,00","vansj":"0","pvansj":"   0,00","tv":"20384","cand":[{"seq":"1","sqcand":"100000634510","n":"90","nm":"RAIMUNDO SILVEIRA","cc":"PROS - PP / PC do B / PROS","nv":"GILSON MOURA","e":"s","st":"Eleito","dvt":"V\u00e1lido","vap":"10096","pvap":"  52,80"},{"seq":"2","sqcand":"100000742405","n":"12","nm":"REMILDO FONSECA","cc":"PDT - PDT / SOLIDARIEDADE / PATRIOTA","nv":"Z\u00c9 WASHINGTON","e":"n","st":"N\u00e3o eleito","dvt":"V\u00e1lido","vap":"9025","pvap":"  47,20"}]}
