{"ele":"426","tpabr":"mu","cdabr":"08575","carper":"11","t":"1","f":"o","dt":"15/11/2020","ht":"21:47:07","dv":"s","tf":"s","v":"1","esae":"n","mnae":"","s":"37","st":"37","pst":" 100,00","snt":"0","psnt":"   0,00","si":"37","psi":" 100,00","sni":"0","psni":"   0,00","sa":"37","psa":" 100,00","sna":"0","psna":"   0,00","e":"12816","ea":"12816","pea":" 100,00","ena":"0","pena":"   0,00","esi":"12816","pesi":" 100,00","esni":"0","pesni":"   0,00","c":"10817","pc":"  84,40","a":"1999","pa":"  15,60","vscv":"0","vnom":"10363","pvnom":" 100,00","vvc":"10363","pvvc":"  95,80","vb":"77","pvb":"   0,71","tvn":"377","ptvn":"   3,49","vn":"377","pvn":" 100,00","vnt":"0","pvnt":"   0,00","vp":"0","pvp":"   0,00","vv":"10363","pvv":" 100,00","van":"0","pvan":"   0,00","vansj":"0","pvansj":"   0,00","tv":"10817","cand":[{"seq":"1","sqcand":"100001021231","n":"14","nm":"MARLON TORRES","cc":"PTB","nv":"J\u00daNIOR DO GORDIM","e":"s","st":"Eleito","dvt":"V\u00e1lido","vap":"5330","pvap":"  51,43"},{"seq":"2","sqcand":"100000945332","n":"11","nm":"CHIC\u00c3O DA PARABOLICA","cc":"PP - PP / PSD","nv":"MARTHA PORTO","e":"n","st":"N\u00e3o eleito","dvt":"V\u00e1lido","vap":"5033","pvap":"  48,57"}]}
