{"ele":"426","tpabr":"mu","cdabr":"08583","carper":"11","t":"1","f":"o","dt":"15/11/2020","ht":"21:43:52","dv":"s","tf":"s","v":"1","esae":"n","mnae":"","s":"19","st":"19","pst":" 100,00","snt":"0","psnt":"   0,00","si":"19","psi":" 100,00","sni":"0","psni":"   0,00","sa":"19","psa":" 100,00","sna":"0","psna":"   0,00","e":"5819","ea":"5819","pea":" 100,00","ena":"0","pena":"   0,00","esi":"5819","pesi":" 100,00","esni":"0","pesni":"   0,00","c":"4915","pc":"  84,46","a":"904","pa":"  15,54","vscv":"0","vnom":"4759","pvnom":" 100,00","vvc":"4759","pvvc":"  96,83","vb":"25","pvb":"   0,50","tvn":"131","ptvn":"   2,67","vn":"131","pvn":" 100,00","vnt":"0","pvnt":"   0,00","vp":"0","pvp":"   0,00","vv":"4759","pvv":" 100,00","van":"0","pvan":"   0,00","vansj":"0","pvansj":"   0,00","tv":"4915","cand":[{"seq":"2","sqcand":"100001274257","n":"65","nm":"REBECCA","cc":"PC do B - PC do B / PP / PTC","nv":"BARR\u00c3O","e":"n","st":"N\u00e3o eleito","dvt":"V\u00e1lido","vap":"1681","pvap":"  35,32"},{"seq":"3","sqcand":"100000857131","n":"19","nm":"DR ELIEL","cc":"PODE","nv":"BERNARDO VIANA","e":"n","st":"N\u00e3o eleito","dvt":"V\u00e1lido","vap":"83","pvap":"   1,74"},{"seq":"4","sqcand":"100000735963","n":"77","nm":"ADROALDO","cc":"SOLIDARIEDADE","nv":"NINA BRASIL","e":"n","st":"N\u00e3o eleito","dvt":"V\u00e1lido","vap":"11","pvap":"   0,23"},{"seq":"1","sqcand":"100000641917","n":"22","nm":"VILDE","cc":"PL","nv":"JOABY","e":"s","st":"Eleito","dvt":"V\u00e1lido","vap":"2984","pvap":"  62,70"}]}
