{"ele":"426","tpabr":"mu","cdabr":"08613","carper":"11","t":"1","f":"o","dt":"15/11/2020","ht":"22:00:34","dv":"s","tf":"s","v":"1","esae":"n","mnae":"","s":"92","st":"92","pst":" 100,00","snt":"0","psnt":"   0,00","si":"92","psi":" 100,00","sni":"0","psni":"   0,00","sa":"92","psa":" 100,00","sna":"0","psna":"   0,00","e":"30005","ea":"30005","pea":" 100,00","ena":"0","pena":"   0,00","esi":"30005","pesi":" 100,00","esni":"0","pesni":"   0,00","c":"22898","pc":"  76,31","a":"7107","pa":"  23,69","vscv":"0","vnom":"22022","pvnom":" 100,00","vvc":"22022","pvvc":"  96,17","vb":"227","pvb":"   1,00","tvn":"649","ptvn":"   2,83","vn":"649","pvn":" 100,00","vnt":"0","pvnt":"   0,00","vp":"0","pvp":"   0,00","vv":"22022","pvv":" 100,00","van":"0","pvan":"   0,00","vansj":"0","pvansj":"   0,00","tv":"22898","cand":[{"seq":"3","sqcand":"100000775506","n":"25","nm":"ANTONIO FRAN\u00c7A","cc":"DEM - PC do B / PTB / DEM / PSB","nv":"JARDEL REIS","e":"n","st":"N\u00e3o eleito","dvt":"V\u00e1lido","vap":"6262","pvap":"  28,44"},{"seq":"2","sqcand":"100000944763","n":"20","nm":"DR HUMBERTO","cc":"PSC - REPUBLICANOS / PSC / PL","nv":"PRISCILLA LOURO","e":"n","st":"N\u00e3o eleito","dvt":"V\u00e1lido","vap":"6624","pvap":"  30,08"},{"seq":"1","sqcand":"100000673342","n":"77","nm":"VANESSA MAIA","cc":"SOLIDARIEDADE - PDT / SOLIDARIEDADE","nv":"DR WALBER","e":"s","st":"Eleito","dvt":"V\u00e1lido","vap":"8066","pvap":"  36,63"},{"seq":"4","sqcand":"100001034218","n":"13","nm":"ALEXANDRE ASSAIANTE","cc":"PT","nv":"MANUEL SANTANA","e":"n","st":"N\u00e3o eleito","dvt":"V\u00e1lido","vap":"560","pvap":"   2,54"},{"seq":"5","sqcand":"100000835381","n":"19","nm":"PASTOR ODAIAS","cc":"PODE","nv":"EDINALDO","e":"n","st":"N\u00e3o eleito","dvt":"V\u00e1lido","vap":"393","pvap":"   1,78"},{"seq":"6","sqcand":"100001181656","n":"43","nm":"DR WALTERBY","cc":"PV - PV / PSL","nv":"LUIS SAMPAIO","e":"n","st":"N\u00e3o eleito","dvt":"V\u00e1lido","vap":"117","pvap":"   0,53"}]}
