{"ele":"426","tpabr":"mu","cdabr":"08656","carper":"11","t":"1","f":"o","dt":"15/11/2020","ht":"21:51:57","dv":"s","tf":"s","v":"1","esae":"n","mnae":"","s":"32","st":"32","pst":" 100,00","snt":"0","psnt":"   0,00","si":"32","psi":" 100,00","sni":"0","psni":"   0,00","sa":"32","psa":" 100,00","sna":"0","psna":"   0,00","e":"11864","ea":"11864","pea":" 100,00","ena":"0","pena":"   0,00","esi":"11864","pesi":" 100,00","esni":"0","pesni":"   0,00","c":"9332","pc":"  78,66","a":"2532","pa":"  21,34","vscv":"0","vnom":"8829","pvnom":" 100,00","vvc":"8829","pvvc":"  94,61","vb":"107","pvb":"   1,15","tvn":"396","ptvn":"   4,24","vn":"396","pvn":" 100,00","vnt":"0","pvnt":"   0,00","vp":"0","pvp":"   0,00","vv":"8829","pvv":" 100,00","van":"0","pvan":"   0,00","vansj":"0","pvansj":"   0,00","tv":"9332","cand":[{"seq":"3","sqcand":"100001100375","n":"13","nm":"ROSA PINHEIRO","cc":"PT","nv":"JOSEMIAS DO INAMBU","e":"n","st":"N\u00e3o eleito","dvt":"V\u00e1lido","vap":"206","pvap":"   2,33"},{"seq":"1","sqcand":"100000769664","n":"65","nm":"HELIEZER DO POVO","cc":"PC do B - PC do B / PDT / PTB","nv":"DR VILASIO","e":"s","st":"Eleito","dvt":"V\u00e1lido","vap":"6065","pvap":"  68,69"},{"seq":"2","sqcand":"100000741399","n":"23","nm":"GILMAR PEREIRA","cc":"CIDADANIA","nv":"IRM\u00c3O RANIERE","e":"n","st":"N\u00e3o eleito","dvt":"V\u00e1lido","vap":"2558","pvap":"  28,97"}]}
