{"ele":"426","tpabr":"mu","cdabr":"08672","carper":"11","t":"1","f":"o","dt":"15/11/2020","ht":"21:42:56","dv":"s","tf":"s","v":"1","esae":"n","mnae":"","s":"69","st":"69","pst":" 100,00","snt":"0","psnt":"   0,00","si":"69","psi":" 100,00","sni":"0","psni":"   0,00","sa":"69","psa":" 100,00","sna":"0","psna":"   0,00","e":"24345","ea":"24345","pea":" 100,00","ena":"0","pena":"   0,00","esi":"24345","pesi":" 100,00","esni":"0","pesni":"   0,00","c":"20050","pc":"  82,36","a":"4295","pa":"  17,64","vscv":"0","vnom":"19220","pvnom":" 100,00","vvc":"19220","pvvc":"  95,86","vb":"164","pvb":"   0,82","tvn":"666","ptvn":"   3,32","vn":"666","pvn":" 100,00","vnt":"0","pvnt":"   0,00","vp":"0","pvp":"   0,00","vv":"19220","pvv":" 100,00","van":"0","pvan":"   0,00","vansj":"0","pvansj":"   0,00","tv":"20050","cand":[{"seq":"2","sqcand":"100000856617","n":"22","nm":"ANNE CLEIDE CARCARA","cc":"PL","nv":"BOB\u00d3","e":"n","st":"N\u00e3o eleito","dvt":"V\u00e1lido","vap":"6162","pvap":"  32,06"},{"seq":"1","sqcand":"100000868104","n":"10","nm":"ALEXANDRE COLARES","cc":"REPUBLICANOS - REPUBLICANOS / PT / CIDADANIA / PSB / PSDB","nv":"M\u00c1RCIO MENDES","e":"s","st":"Eleito","dvt":"V\u00e1lido","vap":"13058","pvap":"  67,94"}]}
