{"ele":"426","tpabr":"mu","cdabr":"08834","carper":"11","t":"1","f":"o","dt":"16/11/2020","ht":"00:44:19","dv":"s","tf":"s","v":"1","esae":"n","mnae":"","s":"33","st":"33","pst":" 100,00","snt":"0","psnt":"   0,00","si":"33","psi":" 100,00","sni":"0","psni":"   0,00","sa":"33","psa":" 100,00","sna":"0","psna":"   0,00","e":"10132","ea":"10132","pea":" 100,00","ena":"0","pena":"   0,00","esi":"10132","pesi":" 100,00","esni":"0","pesni":"   0,00","c":"8374","pc":"  82,65","a":"1758","pa":"  17,35","vscv":"0","vnom":"7621","pvnom":" 100,00","vvc":"7621","pvvc":"  91,01","vb":"71","pvb":"   0,85","tvn":"682","ptvn":"   8,14","vn":"682","pvn":" 100,00","vnt":"0","pvnt":"   0,00","vp":"0","pvp":"   0,00","vv":"7621","pvv":" 100,00","van":"0","pvan":"   0,00","vansj":"0","pvansj":"   0,00","tv":"8374","cand":[{"seq":"1","sqcand":"100000881852","n":"12","nm":"FABIANA","cc":"PDT - PDT / PC do B / DEM","nv":"JUNIOR DO PERI","e":"s","st":"Eleito","dvt":"V\u00e1lido","vap":"4227","pvap":"  55,47"},{"seq":"3","sqcand":"100001229407","n":"22","nm":"ROBERTO COQUEIRO","cc":"PL - PL / PSDB","nv":"PROFESSOR LUIS","e":"n","st":"N\u00e3o eleito","dvt":"V\u00e1lido","vap":"341","pvap":"   4,47"},{"seq":"4","sqcand":"100000884614","n":"13","nm":"VALQUIRIA RODRIGUES","cc":"PT","nv":"MARIA MACHADO","e":"n","st":"N\u00e3o eleito","dvt":"V\u00e1lido","vap":"226","pvap":"   2,97"},{"seq":"2","sqcand":"100001197126","n":"10","nm":"CINETE BARROS","cc":"REPUBLICANOS - PV / REPUBLICANOS","nv":"ADEILSON BARROS","e":"n","st":"N\u00e3o eleito","dvt":"V\u00e1lido","vap":"2764","pvap":"  36,27"},{"seq":"5","sqcand":"100001204079","n":"36","nm":"PROFESSORA JOSY UCH\u00d4A","cc":"PTC","nv":"PROFESSORA DAMASIA","e":"n","st":"N\u00e3o eleito","dvt":"V\u00e1lido","vap":"63","pvap":"   0,83"}]}
