{"ele":"426","tpabr":"mu","cdabr":"08850","carper":"11","t":"1","f":"o","dt":"15/11/2020","ht":"21:44:33","dv":"s","tf":"s","v":"1","esae":"n","mnae":"","s":"39","st":"39","pst":" 100,00","snt":"0","psnt":"   0,00","si":"39","psi":" 100,00","sni":"0","psni":"   0,00","sa":"39","psa":" 100,00","sna":"0","psna":"   0,00","e":"10717","ea":"10717","pea":" 100,00","ena":"0","pena":"   0,00","esi":"10717","pesi":" 100,00","esni":"0","pesni":"   0,00","c":"8871","pc":"  82,78","a":"1846","pa":"  17,22","vscv":"0","vnom":"8516","pvnom":" 100,00","vvc":"8516","pvvc":"  96,00","vb":"46","pvb":"   0,52","tvn":"309","ptvn":"   3,48","vn":"309","pvn":" 100,00","vnt":"0","pvnt":"   0,00","vp":"0","pvp":"   0,00","vv":"8516","pvv":" 100,00","van":"0","pvan":"   0,00","vansj":"0","pvansj":"   0,00","tv":"8871","cand":[{"seq":"1","sqcand":"100001029883","n":"10","nm":"NILSON DO CASS\u00d3","cc":"REPUBLICANOS - REPUBLICANOS / PDT / MDB","nv":"BOMBA","e":"s","st":"Eleito","dvt":"V\u00e1lido","vap":"4614","pvap":"  54,18"},{"seq":"2","sqcand":"100000868341","n":"65","nm":"DR GUILHERME","cc":"PC do B - PSB / PT / PSD / PC do B","nv":"EDSON","e":"n","st":"N\u00e3o eleito","dvt":"V\u00e1lido","vap":"3847","pvap":"  45,17"},{"seq":"3","sqcand":"100000930274","n":"23","nm":"ALEJANDRO SIM\u00d5ES","cc":"CIDADANIA","nv":"LOURIVAL SIM\u00d5ES","e":"n","st":"N\u00e3o eleito","dvt":"V\u00e1lido","vap":"55","pvap":"   0,65"}]}
