{"ele":"426","tpabr":"mu","cdabr":"08893","carper":"11","t":"1","f":"o","dt":"15/11/2020","ht":"22:48:05","dv":"s","tf":"s","v":"1","esae":"n","mnae":"","s":"294","st":"294","pst":" 100,00","snt":"0","psnt":"   0,00","si":"294","psi":" 100,00","sni":"0","psni":"   0,00","sa":"294","psa":" 100,00","sna":"0","psna":"   0,00","e":"105328","ea":"105328","pea":" 100,00","ena":"0","pena":"   0,00","esi":"105328","pesi":" 100,00","esni":"0","pesni":"   0,00","c":"84890","pc":"  80,60","a":"20438","pa":"  19,40","vscv":"0","vnom":"75486","pvnom":" 100,00","vvc":"75914","pvvc":"  89,43","vb":"4537","pvb":"   5,34","tvn":"4439","ptvn":"   5,23","vn":"4439","pvn":" 100,00","vnt":"0","pvnt":"   0,00","vp":"0","pvp":"   0,00","vv":"75486","pvv":"  99,44","van":"0","pvan":"   0,00","vansj":"428","pvansj":"   0,56","tv":"84890","cand":[{"seq":"6","sqcand":"100001237172","n":"50","nm":"MAG\u00c3O","cc":"PSOL","nv":"CHICO LIMA","e":"n","st":"N\u00e3o eleito","dvt":"Anulado sub judice","vap":"428","pvap":"   0,56"},{"seq":"3","sqcand":"100001199338","n":"10","nm":"BETO DAS VILAS","cc":"REPUBLICANOS - PSD / REPUBLICANOS / PTC / PV / PSB","nv":"LAIS ALENCAR","e":"n","st":"N\u00e3o eleito","dvt":"V\u00e1lido","vap":"11545","pvap":"  15,21"},{"seq":"4","sqcand":"100000723204","n":"12","nm":"JOTA PINTO","cc":"PDT - PDT / PT / DEM / PMB / PC do B / REDE","nv":"SANTANA","e":"n","st":"N\u00e3o eleito","dvt":"V\u00e1lido","vap":"9262","pvap":"  12,20"},{"seq":"1","sqcand":"100000915886","n":"22","nm":"DR JULINHO","cc":"PL - PSL / AVANTE / PATRIOTA / PL","nv":"JUNIOR LAGO","e":"s","st":"Eleito","dvt":"V\u00e1lido","vap":"27504","pvap":"  36,23"},{"seq":"5","sqcand":"100001200267","n":"15","nm":"EDSON JUNIOR","cc":"MDB - PMN / MDB","nv":"ALZENIR COELHO","e":"n","st":"N\u00e3o eleito","dvt":"V\u00e1lido","vap":"6450","pvap":"   8,50"},{"seq":"2","sqcand":"100001036183","n":"14","nm":"EUDES SAMPAIO","cc":"PTB - CIDADANIA / SOLIDARIEDADE / PP / PROS / PTB","nv":"TIAGO FERNANDES","e":"n","st":"N\u00e3o eleito","dvt":"V\u00e1lido","vap":"20725","pvap":"  27,30"}]}
