{"ele":"426","tpabr":"mu","cdabr":"08931","carper":"11","t":"1","f":"o","dt":"15/11/2020","ht":"21:42:17","dv":"s","tf":"s","v":"1","esae":"n","mnae":"","s":"16","st":"16","pst":" 100,00","snt":"0","psnt":"   0,00","si":"16","psi":" 100,00","sni":"0","psni":"   0,00","sa":"16","psa":" 100,00","sna":"0","psna":"   0,00","e":"5569","ea":"5569","pea":" 100,00","ena":"0","pena":"   0,00","esi":"5569","pesi":" 100,00","esni":"0","pesni":"   0,00","c":"5010","pc":"  89,96","a":"559","pa":"  10,04","vscv":"0","vnom":"4908","pvnom":" 100,00","vvc":"4908","pvvc":"  97,96","vb":"15","pvb":"   0,30","tvn":"87","ptvn":"   1,74","vn":"87","pvn":" 100,00","vnt":"0","pvnt":"   0,00","vp":"0","pvp":"   0,00","vv":"4908","pvv":" 100,00","van":"0","pvan":"   0,00","vansj":"0","pvansj":"   0,00","tv":"5010","cand":[{"seq":"2","sqcand":"100001008615","n":"12","nm":"DRA POLIANA","cc":"PDT - PDT / DEM","nv":"FERNANDO","e":"n","st":"N\u00e3o eleito","dvt":"V\u00e1lido","vap":"2228","pvap":"  45,40"},{"seq":"1","sqcand":"100000878287","n":"11","nm":"FATIMA DANTAS","cc":"PP - PP / REPUBLICANOS","nv":"LUIS CARLOS","e":"s","st":"Eleito","dvt":"V\u00e1lido","vap":"2680","pvap":"  54,60"}]}
