{"ele":"426","tpabr":"mu","cdabr":"08958","carper":"11","t":"1","f":"o","dt":"15/11/2020","ht":"22:17:11","dv":"s","tf":"s","v":"1","esae":"n","mnae":"","s":"78","st":"78","pst":" 100,00","snt":"0","psnt":"   0,00","si":"78","psi":" 100,00","sni":"0","psni":"   0,00","sa":"78","psa":" 100,00","sna":"0","psna":"   0,00","e":"21758","ea":"21758","pea":" 100,00","ena":"0","pena":"   0,00","esi":"21758","pesi":" 100,00","esni":"0","pesni":"   0,00","c":"18328","pc":"  84,24","a":"3430","pa":"  15,76","vscv":"0","vnom":"17820","pvnom":" 100,00","vvc":"17820","pvvc":"  97,23","vb":"130","pvb":"   0,71","tvn":"378","ptvn":"   2,06","vn":"378","pvn":" 100,00","vnt":"0","pvnt":"   0,00","vp":"0","pvp":"   0,00","vv":"17820","pvv":" 100,00","van":"0","pvan":"   0,00","vansj":"0","pvansj":"   0,00","tv":"18328","cand":[{"seq":"3","sqcand":"100000661500","n":"22","nm":"JURANDI MENDON\u00c7A","cc":"PL - PL / AVANTE","nv":"PAJOCA","e":"n","st":"N\u00e3o eleito","dvt":"V\u00e1lido","vap":"3338","pvap":"  18,73"},{"seq":"1","sqcand":"100000723158","n":"14","nm":"ZEZILDO ALMEIDA","cc":"PTB - PTB / MDB / PSDB / PP / PSD / PODE / PC do B / PDT","nv":"JO\u00c3OZINHO PAV\u00c3O","e":"s","st":"Eleito","dvt":"V\u00e1lido","vap":"8375","pvap":"  47,00"},{"seq":"4","sqcand":"100000919463","n":"90","nm":"NATANAEL PAV\u00c3O","cc":"PROS","nv":"HELTON NOGUEIRA","e":"n","st":"N\u00e3o eleito","dvt":"V\u00e1lido","vap":"47","pvap":"   0,26"},{"seq":"2","sqcand":"100000640271","n":"23","nm":"DR LOBATO","cc":"CIDADANIA - CIDADANIA / PT / PSC","nv":"VANDA ROLAND","e":"n","st":"N\u00e3o eleito","dvt":"V\u00e1lido","vap":"6060","pvap":"  34,01"}]}
