{"ele":"426","tpabr":"mu","cdabr":"08974","carper":"11","t":"1","f":"o","dt":"15/11/2020","ht":"22:04:29","dv":"s","tf":"s","v":"1","esae":"n","mnae":"","s":"138","st":"138","pst":" 100,00","snt":"0","psnt":"   0,00","si":"138","psi":" 100,00","sni":"0","psni":"   0,00","sa":"138","psa":" 100,00","sna":"0","psna":"   0,00","e":"40690","ea":"40690","pea":" 100,00","ena":"0","pena":"   0,00","esi":"40690","pesi":" 100,00","esni":"0","pesni":"   0,00","c":"33693","pc":"  82,80","a":"6997","pa":"  17,20","vscv":"0","vnom":"32082","pvnom":" 100,00","vvc":"32082","pvvc":"  95,22","vb":"387","pvb":"   1,15","tvn":"1224","ptvn":"   3,63","vn":"1224","pvn":" 100,00","vnt":"0","pvnt":"   0,00","vp":"0","pvp":"   0,00","vv":"32082","pvv":" 100,00","van":"0","pvan":"   0,00","vansj":"0","pvansj":"   0,00","tv":"33693","cand":[{"seq":"3","sqcand":"100001064373","n":"17","nm":"LUIS EDUARDO","cc":"PSL","nv":"WISLENE MUNIZ","e":"n","st":"N\u00e3o eleito","dvt":"V\u00e1lido","vap":"892","pvap":"   2,78"},{"seq":"5","sqcand":"100001126869","n":"50","nm":"PROFESSORA MILAGRES","cc":"PSOL","nv":"PROFESSOR ANTONIO","e":"n","st":"N\u00e3o eleito","dvt":"V\u00e1lido","vap":"230","pvap":"   0,72"},{"seq":"4","sqcand":"100000917372","n":"45","nm":"GENILSON NOVATO","cc":"PSDB - PTC / PSDB","nv":"RIBA DA CONSTRU\u00c7AO CIVIL","e":"n","st":"N\u00e3o eleito","dvt":"V\u00e1lido","vap":"466","pvap":"   1,45"},{"seq":"1","sqcand":"100000634425","n":"11","nm":"FRANCA DO MACAQUINHO","cc":"PP - PP / PDT / PATRIOTA / PSB / PC do B","nv":"JUSCELINO MARRECA","e":"s","st":"Eleito","dvt":"V\u00e1lido","vap":"19305","pvap":"  60,17"},{"seq":"2","sqcand":"100001066672","n":"25","nm":"NEWTON CAVALCANTE","cc":"DEM - PT / DEM / PSD","nv":"PROFESSORA FRAN","e":"n","st":"N\u00e3o eleito","dvt":"V\u00e1lido","vap":"11189","pvap":"  34,88"}]}
