{"ele":"426","tpabr":"mu","cdabr":"09016","carper":"11","t":"1","f":"o","dt":"15/11/2020","ht":"22:01:24","dv":"s","tf":"s","v":"1","esae":"n","mnae":"","s":"70","st":"70","pst":" 100,00","snt":"0","psnt":"   0,00","si":"70","psi":" 100,00","sni":"0","psni":"   0,00","sa":"70","psa":" 100,00","sna":"0","psna":"   0,00","e":"23036","ea":"23036","pea":" 100,00","ena":"0","pena":"   0,00","esi":"23036","pesi":" 100,00","esni":"0","pesni":"   0,00","c":"18500","pc":"  80,31","a":"4536","pa":"  19,69","vscv":"0","vnom":"17457","pvnom":" 100,00","vvc":"17457","pvvc":"  94,36","vb":"276","pvb":"   1,49","tvn":"767","ptvn":"   4,15","vn":"767","pvn":" 100,00","vnt":"0","pvnt":"   0,00","vp":"0","pvp":"   0,00","vv":"17457","pvv":" 100,00","van":"0","pvan":"   0,00","vansj":"0","pvansj":"   0,00","tv":"18500","cand":[{"seq":"1","sqcand":"100000856737","n":"33","nm":"DR HILTON","cc":"PMN - PMN / PODE / CIDADANIA / PSDB / PT","nv":"BERRE","e":"s","st":"Eleito","dvt":"V\u00e1lido","vap":"9832","pvap":"  56,32"},{"seq":"2","sqcand":"100001163510","n":"65","nm":"JANCIMAURO ALBUQUERQUE","cc":"PC do B - PC do B / DEM","nv":"CASSIA LICAR","e":"n","st":"N\u00e3o eleito","dvt":"V\u00e1lido","vap":"7625","pvap":"  43,68"}]}
