{"ele":"426","tpabr":"mu","cdabr":"09059","carper":"11","t":"1","f":"o","dt":"15/11/2020","ht":"22:30:46","dv":"s","tf":"s","v":"1","esae":"n","mnae":"","s":"43","st":"43","pst":" 100,00","snt":"0","psnt":"   0,00","si":"43","psi":" 100,00","sni":"0","psni":"   0,00","sa":"43","psa":" 100,00","sna":"0","psna":"   0,00","e":"13344","ea":"13344","pea":" 100,00","ena":"0","pena":"   0,00","esi":"13344","pesi":" 100,00","esni":"0","pesni":"   0,00","c":"11999","pc":"  89,92","a":"1345","pa":"  10,08","vscv":"0","vnom":"11413","pvnom":" 100,00","vvc":"11413","pvvc":"  95,12","vb":"94","pvb":"   0,78","tvn":"492","ptvn":"   4,10","vn":"492","pvn":" 100,00","vnt":"0","pvnt":"   0,00","vp":"0","pvp":"   0,00","vv":"11413","pvv":" 100,00","van":"0","pvan":"   0,00","vansj":"0","pvansj":"   0,00","tv":"11999","cand":[{"seq":"1","sqcand":"100000837185","n":"20","nm":"WALLAS ROCHA","cc":"PSC - REPUBLICANOS / PSC","nv":"DEBORA MESQUITA","e":"s","st":"Eleito","dvt":"V\u00e1lido","vap":"5781","pvap":"  50,65"},{"seq":"2","sqcand":"100000747610","n":"65","nm":"DR BONIF\u00c1CIO","cc":"PC do B - DEM / PDT / PSDB / PC do B","nv":"IRAPUAN","e":"n","st":"N\u00e3o eleito","dvt":"V\u00e1lido","vap":"5632","pvap":"  49,35"}]}
