{"ele":"426","tpabr":"mu","cdabr":"09113","carper":"11","t":"1","f":"o","dt":"15/11/2020","ht":"22:11:29","dv":"s","tf":"s","v":"1","esae":"n","mnae":"","s":"83","st":"83","pst":" 100,00","snt":"0","psnt":"   0,00","si":"83","psi":" 100,00","sni":"0","psni":"   0,00","sa":"83","psa":" 100,00","sna":"0","psna":"   0,00","e":"27905","ea":"27905","pea":" 100,00","ena":"0","pena":"   0,00","esi":"27905","pesi":" 100,00","esni":"0","pesni":"   0,00","c":"22015","pc":"  78,89","a":"5890","pa":"  21,11","vscv":"0","vnom":"21261","pvnom":" 100,00","vvc":"21261","pvvc":"  96,58","vb":"188","pvb":"   0,85","tvn":"566","ptvn":"   2,57","vn":"566","pvn":" 100,00","vnt":"0","pvnt":"   0,00","vp":"0","pvp":"   0,00","vv":"21261","pvv":" 100,00","van":"0","pvan":"   0,00","vansj":"0","pvansj":"   0,00","tv":"22015","cand":[{"seq":"1","sqcand":"100001035627","n":"11","nm":"KLEBER TRATORZ\u00c3O","cc":"PP - PP / PDT / PC do B","nv":"DIDA","e":"s","st":"Eleito","dvt":"V\u00e1lido","vap":"9640","pvap":"  45,34"},{"seq":"3","sqcand":"100001165195","n":"25","nm":"EDSON DO TOTONHO","cc":"DEM - PATRIOTA / DEM / PSB","nv":"HORACIO NETO","e":"n","st":"N\u00e3o eleito","dvt":"V\u00e1lido","vap":"2437","pvap":"  11,46"},{"seq":"2","sqcand":"100001036842","n":"15","nm":"Z\u00c9 DA FOLHA","cc":"MDB","nv":"DR FL\u00c1VIO","e":"n","st":"N\u00e3o eleito","dvt":"V\u00e1lido","vap":"9184","pvap":"  43,20"}]}
