{"ele":"426","tpabr":"mu","cdabr":"09130","carper":"11","t":"1","f":"o","dt":"15/11/2020","ht":"21:48:07","dv":"s","tf":"s","v":"1","esae":"n","mnae":"","s":"12","st":"12","pst":" 100,00","snt":"0","psnt":"   0,00","si":"12","psi":" 100,00","sni":"0","psni":"   0,00","sa":"12","psa":" 100,00","sna":"0","psna":"   0,00","e":"4191","ea":"4191","pea":" 100,00","ena":"0","pena":"   0,00","esi":"4191","pesi":" 100,00","esni":"0","pesni":"   0,00","c":"3579","pc":"  85,40","a":"612","pa":"  14,60","vscv":"0","vnom":"3412","pvnom":" 100,00","vvc":"3412","pvvc":"  95,33","vb":"25","pvb":"   0,70","tvn":"142","ptvn":"   3,97","vn":"142","pvn":" 100,00","vnt":"0","pvnt":"   0,00","vp":"0","pvp":"   0,00","vv":"3412","pvv":" 100,00","van":"0","pvan":"   0,00","vansj":"0","pvansj":"   0,00","tv":"3579","cand":[{"seq":"2","sqcand":"100000985666","n":"55","nm":"MARCIAL COSTA","cc":"PSD - MDB / PSD / PDT / DEM","nv":"CEZAR REZENDE","e":"n","st":"N\u00e3o eleito","dvt":"V\u00e1lido","vap":"1462","pvap":"  42,85"},{"seq":"1","sqcand":"100000982739","n":"65","nm":"MARCIO PONTES","cc":"PC do B - PT / PROS / PC do B","nv":"RONALDO DOURADO","e":"s","st":"Eleito","dvt":"V\u00e1lido","vap":"1950","pvap":"  57,15"}]}
