{"ele":"426","tpabr":"mu","cdabr":"09199","carper":"11","t":"1","f":"o","dt":"15/11/2020","ht":"21:48:09","dv":"s","tf":"s","v":"1","esae":"n","mnae":"","s":"55","st":"55","pst":" 100,00","snt":"0","psnt":"   0,00","si":"55","psi":" 100,00","sni":"0","psni":"   0,00","sa":"55","psa":" 100,00","sna":"0","psna":"   0,00","e":"20259","ea":"20259","pea":" 100,00","ena":"0","pena":"   0,00","esi":"20259","pesi":" 100,00","esni":"0","pesni":"   0,00","c":"15520","pc":"  76,61","a":"4739","pa":"  23,39","vscv":"0","vnom":"10043","pvnom":" 100,00","vvc":"14836","pvvc":"  95,59","vb":"177","pvb":"   1,14","tvn":"507","ptvn":"   3,27","vn":"507","pvn":" 100,00","vnt":"0","pvnt":"   0,00","vp":"0","pvp":"   0,00","vv":"10043","pvv":"  67,69","van":"0","pvan":"   0,00","vansj":"4793","pvansj":"  32,31","tv":"15520","cand":[{"seq":"2","sqcand":"100001086034","n":"12","nm":"GILVANA DO Z\u00c9 M\u00c1RIO","cc":"PDT - PDT / PC do B / PSL / PT","nv":"JOAO LUCAS","e":"n","st":"N\u00e3o eleito","dvt":"Anulado sub judice","vap":"4793","pvap":"  32,31"},{"seq":"1","sqcand":"100001225187","n":"14","nm":"DR ALEXANDRE","cc":"PTB - PP / PTB / MDB / DEM / PSDB / PROS","nv":"M\u00c1RCIO KIZOEIRA","e":"s","st":"Eleito","dvt":"V\u00e1lido","vap":"10043","pvap":"  67,69"}]}
