{"ele":"426","tpabr":"mu","cdabr":"09253","carper":"11","t":"1","f":"o","dt":"15/11/2020","ht":"22:25:39","dv":"s","tf":"s","v":"1","esae":"n","mnae":"","s":"45","st":"45","pst":" 100,00","snt":"0","psnt":"   0,00","si":"45","psi":" 100,00","sni":"0","psni":"   0,00","sa":"45","psa":" 100,00","sna":"0","psna":"   0,00","e":"15451","ea":"15451","pea":" 100,00","ena":"0","pena":"   0,00","esi":"15451","pesi":" 100,00","esni":"0","pesni":"   0,00","c":"12763","pc":"  82,60","a":"2688","pa":"  17,40","vscv":"0","vnom":"12430","pvnom":" 100,00","vvc":"12430","pvvc":"  97,39","vb":"71","pvb":"   0,56","tvn":"262","ptvn":"   2,05","vn":"262","pvn":" 100,00","vnt":"0","pvnt":"   0,00","vp":"0","pvp":"   0,00","vv":"12430","pvv":" 100,00","van":"0","pvan":"   0,00","vansj":"0","pvansj":"   0,00","tv":"12763","cand":[{"seq":"3","sqcand":"100001196505","n":"22","nm":"FERNANDO AB\u00d3BORA","cc":"PL","nv":"RODRIGO ALVES","e":"n","st":"N\u00e3o eleito","dvt":"V\u00e1lido","vap":"10","pvap":"   0,08"},{"seq":"2","sqcand":"100001119401","n":"77","nm":"FRANCISMAR CARVALHO","cc":"SOLIDARIEDADE - PC do B / PT / SOLIDARIEDADE","nv":"CHARLIS MAIA","e":"n","st":"N\u00e3o eleito","dvt":"V\u00e1lido","vap":"5559","pvap":"  44,72"},{"seq":"1","sqcand":"100001078313","n":"55","nm":"ACCIOLY CARDOSO","cc":"PSD - REPUBLICANOS / PSD / PP / PDT / MDB / DEM / PSB","nv":"DR. ADILTON","e":"s","st":"Eleito","dvt":"V\u00e1lido","vap":"6861","pvap":"  55,20"}]}
