{"ele":"426","tpabr":"mu","cdabr":"09270","carper":"11","t":"1","f":"o","dt":"15/11/2020","ht":"22:25:01","dv":"s","tf":"s","v":"1","esae":"n","mnae":"","s":"46","st":"46","pst":" 100,00","snt":"0","psnt":"   0,00","si":"46","psi":" 100,00","sni":"0","psni":"   0,00","sa":"46","psa":" 100,00","sna":"0","psna":"   0,00","e":"15975","ea":"15975","pea":" 100,00","ena":"0","pena":"   0,00","esi":"15975","pesi":" 100,00","esni":"0","pesni":"   0,00","c":"12708","pc":"  79,55","a":"3267","pa":"  20,45","vscv":"0","vnom":"12119","pvnom":" 100,00","vvc":"12119","pvvc":"  95,37","vb":"128","pvb":"   1,00","tvn":"461","ptvn":"   3,63","vn":"461","pvn":" 100,00","vnt":"0","pvnt":"   0,00","vp":"0","pvp":"   0,00","vv":"12119","pvv":" 100,00","van":"0","pvan":"   0,00","vansj":"0","pvansj":"   0,00","tv":"12708","cand":[{"seq":"2","sqcand":"100000769960","n":"70","nm":"LEL\u00c9 AROUCHE","cc":"AVANTE - PSL / PATRIOTA / AVANTE","nv":"TABA DE CURURU","e":"n","st":"N\u00e3o eleito","dvt":"V\u00e1lido","vap":"3412","pvap":"  28,15"},{"seq":"3","sqcand":"100001085968","n":"12","nm":"DR RIBAMAR","cc":"PDT - PDT / PSB","nv":"DRA SHIRLEY","e":"n","st":"N\u00e3o eleito","dvt":"V\u00e1lido","vap":"2736","pvap":"  22,58"},{"seq":"1","sqcand":"100000732925","n":"25","nm":"ADRIANO FREITAS","cc":"DEM - DEM / PL / PT / PC do B","nv":"DR MAURO","e":"s","st":"Eleito","dvt":"V\u00e1lido","vap":"5135","pvap":"  42,37"},{"seq":"4","sqcand":"100001087958","n":"10","nm":"LUIS FERNANDO","cc":"REPUBLICANOS","nv":"EDINALDO DA KISS MELL","e":"n","st":"N\u00e3o eleito","dvt":"V\u00e1lido","vap":"836","pvap":"   6,90"}]}
