{"ele":"426","tpabr":"mu","cdabr":"09334","carper":"11","t":"1","f":"o","dt":"15/11/2020","ht":"22:35:54","dv":"s","tf":"s","v":"1","esae":"n","mnae":"","s":"21","st":"21","pst":" 100,00","snt":"0","psnt":"   0,00","si":"21","psi":" 100,00","sni":"0","psni":"   0,00","sa":"21","psa":" 100,00","sna":"0","psna":"   0,00","e":"6956","ea":"6956","pea":" 100,00","ena":"0","pena":"   0,00","esi":"6956","pesi":" 100,00","esni":"0","pesni":"   0,00","c":"5970","pc":"  85,83","a":"986","pa":"  14,17","vscv":"0","vnom":"5757","pvnom":" 100,00","vvc":"5757","pvvc":"  96,43","vb":"46","pvb":"   0,77","tvn":"167","ptvn":"   2,80","vn":"167","pvn":" 100,00","vnt":"0","pvnt":"   0,00","vp":"0","pvp":"   0,00","vv":"5757","pvv":" 100,00","van":"0","pvan":"   0,00","vansj":"0","pvansj":"   0,00","tv":"5970","cand":[{"seq":"2","sqcand":"100001248542","n":"55","nm":"REGINALDA","cc":"PSD - DEM / PSD / PV","nv":"ANINHA DE NEGUIM","e":"n","st":"N\u00e3o eleito","dvt":"V\u00e1lido","vap":"2614","pvap":"  45,41"},{"seq":"1","sqcand":"100001047270","n":"10","nm":"DR ROBERTH","cc":"REPUBLICANOS - REPUBLICANOS / PDT / AVANTE","nv":"MARCOS LOPES","e":"s","st":"Eleito","dvt":"V\u00e1lido","vap":"3059","pvap":"  53,14"},{"seq":"3","sqcand":"100000976821","n":"15","nm":"VANDA MOTA","cc":"MDB","nv":"PEDRO SANTANA","e":"n","st":"N\u00e3o eleito","dvt":"V\u00e1lido","vap":"84","pvap":"   1,46"}]}
