{"ele": "426", "carper": "13", "t": "1", "f": "O", "esae": "N", "mnae": " ", "dg": "15/11/2020", "hg": "23:22:50", "dv": "S", "nadf": "ac01007-c0013-e000426-003-f", "abr": [{"dt": "15/11/2020", "ht": "21:15:01", "tf": "S", "and": "F", "tpabr": "MU", "cdabr": "01007", "s": "25", "st": "25", "snt": "0", "si": "25", "sni": "0", "sa": "25", "sna": "0", "pst": " 100,00", "psnt": "   0,00", "psi": " 100,00", "psni": "   0,00", "psa": " 100,00", "psna": "   0,00", "e": "9613", "ea": "9613", "ena": "0", "esi": "9613", "esni": "0", "c": "7387", "a": "2226", "pea": " 100,00", "pena": "   0,00", "pesi": " 100,00", "pesni": "   0,00", "pa": "  23,16", "pc": "  76,84", "vscv": "0", "vnom": "6726", "vl": "453", "tv": "7387", "vvc": "7179", "vb": "75", "tvn": "133", "vn": "132", "vnt": "1", "vp": "0", "vv": "7179", "van": "0", "vansj": "0", "pvnom": "  93,69", "pvl": "   6,31", "pvvc": "  97,18", "pvb": "   1,02", "ptvn": "   1,80", "pvn": "  99,25", "pvnt": "   0,75", "pvp": "   0,00", "pvv": " 100,00", "pvan": "   0,00", "pvansj": "   0,00", "colig": [{"n": "10000118189", "tvtn": "685", "tvan": "685", "vag": "1", "tvtl": "16", "tval": "16"}, {"n": "10000111889", "tvtn": "1396", "tvan": "1396", "vag": "3", "tvtl": "103", "tval": "103"}, {"n": "10000111422", "tvtn": "526", "tvan": "526", "vag": "1", "tvtl": "187", "tval": "187"}, {"n": "10000070708", "tvtn": "431", "tvan": "431", "vag": "1", "tvtl": "7", "tval": "7"}, {"n": "10000070585", "tvtn": "847", "tvan": "848", "vag": "1", "tvtl": "17", "tval": "17"}, {"n": "10000060251", "tvtn": "356", "tvan": "356", "vag": "0", "tvtl": "32", "tval": "32"}, {"n": "10000070471", "tvtn": "588", "tvan": "588", "vag": "1", "tvtl": "11", "tval": "11"}, {"n": "10000149271", "tvtn": "560", "tvan": "560", "vag": "1", "tvtl": "17", "tval": "17"}, {"n": "10000112280", "tvtn": "267", "tvan": "267", "vag": "0", "tvtl": "17", "tval": "17"}, {"n": "10000065734", "tvtn": "362", "tvan": "362", "vag": "0", "tvtl": "2", "tval": "2"}, {"n": "10000058469", "tvtn": "316", "tvan": "316", "vag": "0", "tvtl": "11", "tval": "11"}, {"n": "10000117857", "tvtn": "392", "tvan": "392", "vag": "0", "tvtl": "33", "tval": "33"}], "part": [{"n": "15", "tvtn": "685", "tvan": "685", "tvtl": "16", "tval": "16"}, {"n": "11", "tvtn": "1396", "tvan": "1396", "tvtl": "103", "tval": "103"}, {"n": "12", "tvtn": "526", "tvan": "526", "tvtl": "187", "tval": "187"}, {"n": "65", "tvtn": "431", "tvan": "431", "tvtl": "7", "tval": "7"}, {"n": "90", "tvtn": "847", "tvan": "847", "tvtl": "17", "tval": "17"}, {"n": "40", "tvtn": "356", "tvan": "356", "tvtl": "32", "tval": "32"}, {"n": "55", "tvtn": "588", "tvan": "588", "tvtl": "11", "tval": "11"}, {"n": "45", "tvtn": "560", "tvan": "560", "tvtl": "17", "tval": "17"}, {"n": "13", "tvtn": "267", "tvan": "267", "tvtl": "17", "tval": "17"}, {"n": "51", "tvtn": "362", "tvan": "362", "tvtl": "2", "tval": "2"}, {"n": "10", "tvtn": "316", "tvan": "316", "tvtl": "11", "tval": "11"}, {"n": "77", "tvtn": "392", "tvan": "392", "tvtl": "33", "tval": "33"}], "cand": [{"seq": "56", "n": "15111", "vap": "21", "pvap": "   0,29", "e": "N", "st": "Suplente"}, {"seq": "68", "n": "15999", "vap": "12", "pvap": "   0,17", "e": "N", "st": "Suplente"}, {"seq": "51", "n": "15666", "vap": "28", "pvap": "   0,39", "e": "N", "st": "Suplente"}, {"seq": "5", "n": "15555", "vap": "185", "pvap": "   2,58", "e": "S", "st": "Eleito"}, {"seq": "61", "n": "15888", "vap": "18", "pvap": "   0,25", "e": "N", "st": "Suplente"}, {"seq": "29", "n": "15552", "vap": "59", "pvap": "   0,82", "e": "N", "st": "Suplente"}, {"seq": "66", "n": "15850", "vap": "14", "pvap": "   0,20", "e": "N", "st": "Suplente"}, {"seq": "59", "n": "15333", "vap": "20", "pvap": "   0,28", "e": "N", "st": "Suplente"}, {"seq": "45", "n": "15444", "vap": "37", "pvap": "   0,52", "e": "N", "st": "Suplente"}, {"seq": "24", "n": "15789", "vap": "83", "pvap": "   1,16", "e": "N", "st": "Suplente"}, {"seq": "10", "n": "15123", "vap": "181", "pvap": "   2,52", "e": "N", "st": "Suplente"}, {"seq": "70", "n": "15000", "vap": "10", "pvap": "   0,14", "e": "N", "st": "Suplente"}, {"seq": "64", "n": "15222", "vap": "17", "pvap": "   0,24", "e": "N", "st": "Suplente"}, {"seq": "30", "n": "11125", "vap": "59", "pvap": "   0,82", "e": "N", "st": "Suplente"}, {"seq": "3", "n": "11123", "vap": "243", "pvap": "   3,38", "e": "S", "st": "Eleito"}, {"seq": "57", "n": "11345", "vap": "21", "pvap": "   0,29", "e": "N", "st": "Suplente"}, {"seq": "1", "n": "11789", "vap": "254", "pvap": "   3,54", "e": "S", "st": "Eleito"}, {"seq": "26", "n": "11000", "vap": "74", "pvap": "   1,03", "e": "N", "st": "Suplente"}, {"seq": "12", "n": "11456", "vap": "151", "pvap": "   2,10", "e": "N", "st": "Suplente"}, {"seq": "22", "n": "11234", "vap": "86", "pvap": "   1,20", "e": "N", "st": "Suplente"}, {"seq": "36", "n": "11150", "vap": "46", "pvap": "   0,64", "e": "N", "st": "Suplente"}, {"seq": "13", "n": "11112", "vap": "133", "pvap": "   1,85", "e": "N", "st": "Suplente"}, {"seq": "6", "n": "11111", "vap": "167", "pvap": "   2,33", "e": "S", "st": "Eleito"}, {"seq": "34", "n": "11333", "vap": "48", "pvap": "   0,67", "e": "N", "st": "Suplente"}, {"seq": "58", "n": "11555", "vap": "20", "pvap": "   0,28", "e": "N", "st": "Suplente"}, {"seq": "19", "n": "11777", "vap": "94", "pvap": "   1,31", "e": "N", "st": "Suplente"}, {"seq": "65", "n": "12111", "vap": "15", "pvap": "   0,21", "e": "N", "st": "Suplente"}, {"seq": "71", "n": "12777", "vap": "10", "pvap": "   0,14", "e": "N", "st": "Suplente"}, {"seq": "7", "n": "12123", "vap": "155", "pvap": "   2,16", "e": "S", "st": "Eleito"}, {"seq": "55", "n": "12000", "vap": "22", "pvap": "   0,31", "e": "N", "st": "Suplente"}, {"seq": "37", "n": "12222", "vap": "43", "pvap": "   0,60", "e": "N", "st": "Suplente"}, {"seq": "40", "n": "12333", "vap": "41", "pvap": "   0,57", "e": "N", "st": "Suplente"}, {"seq": "15", "n": "12555", "vap": "100", "pvap": "   1,39", "e": "N", "st": "Suplente"}, {"seq": "49", "n": "12666", "vap": "29", "pvap": "   0,40", "e": "N", "st": "Suplente"}, {"seq": "63", "n": "12345", "vap": "17", "pvap": "   0,24", "e": "N", "st": "Suplente"}, {"seq": "18", "n": "12444", "vap": "94", "pvap": "   1,31", "e": "N", "st": "Suplente"}, {"seq": "8", "n": "65789", "vap": "147", "pvap": "   2,05", "e": "S", "st": "Eleito"}, {"seq": "60", "n": "65493", "vap": "20", "pvap": "   0,28", "e": "N", "st": "Suplente"}, {"seq": "74", "n": "65444", "vap": "6", "pvap": "   0,08", "e": "N", "st": "Suplente"}, {"seq": "50", "n": "65133", "vap": "29", "pvap": "   0,40", "e": "N", "st": "Suplente"}, {"seq": "69", "n": "65000", "vap": "11", "pvap": "   0,15", "e": "N", "st": "Suplente"}, {"seq": "67", "n": "65065", "vap": "14", "pvap": "   0,20", "e": "N", "st": "Suplente"}, {"seq": "75", "n": "65432", "vap": "5", "pvap": "   0,07", "e": "N", "st": "Suplente"}, {"seq": "32", "n": "65555", "vap": "55", "pvap": "   0,77", "e": "N", "st": "Suplente"}, {"seq": "16", "n": "65012", "vap": "96", "pvap": "   1,34", "e": "N", "st": "Suplente"}, {"seq": "72", "n": "65567", "vap": "10", "pvap": "   0,14", "e": "N", "st": "Suplente"}, {"seq": "44", "n": "65123", "vap": "38", "pvap": "   0,53", "e": "N", "st": "Suplente"}, {"seq": "27", "n": "90333", "vap": "72", "pvap": "   1,00", "e": "N", "st": "Suplente"}, {"seq": "21", "n": "90555", "vap": "88", "pvap": "   1,23", "e": "N", "st": "Suplente"}, {"seq": "11", "n": "90444", "vap": "172", "pvap": "   2,40", "e": "N", "st": "Suplente"}, {"seq": "17", "n": "90111", "vap": "95", "pvap": "   1,32", "e": "N", "st": "Suplente"}, {"seq": "77", "n": "90990", "vap": "0", "pvap": "00.00", "e": "N", "st": "Suplente"}, {"seq": "42", "n": "90123", "vap": "40", "pvap": "   0,56", "e": "N", "st": "Suplente"}, {"seq": "62", "n": "90222", "vap": "17", "pvap": "   0,24", "e": "N", "st": "Suplente"}, {"seq": "14", "n": "90456", "vap": "117", "pvap": "   1,63", "e": "N", "st": "Suplente"}, {"seq": "2", "n": "90690", "vap": "246", "pvap": "   3,43", "e": "S", "st": "Eleito"}, {"seq": "93", "n": "40388", "vap": "41", "pvap": "   0,57", "e": "N", "st": "N\u00e3o eleito"}, {"seq": "116", "n": "40439", "vap": "8", "pvap": "   0,11", "e": "N", "st": "N\u00e3o eleito"}, {"seq": "79", "n": "40000", "vap": "159", "pvap": "   2,21", "e": "N", "st": "N\u00e3o eleito"}, {"seq": "118", "n": "40123", "vap": "5", "pvap": "   0,07", "e": "N", "st": "N\u00e3o eleito"}, {"seq": "102", "n": "40444", "vap": "22", "pvap": "   0,31", "e": "N", "st": "N\u00e3o eleito"}, {"seq": "114", "n": "40367", "vap": "10", "pvap": "   0,14", "e": "N", "st": "N\u00e3o eleito"}, {"seq": "89", "n": "40111", "vap": "47", "pvap": "   0,65", "e": "N", "st": "N\u00e3o eleito"}, {"seq": "107", "n": "40222", "vap": "15", "pvap": "   0,21", "e": "N", "st": "N\u00e3o eleito"}, {"seq": "87", "n": "40456", "vap": "49", "pvap": "   0,68", "e": "N", "st": "N\u00e3o eleito"}, {"seq": "122", "n": "40234", "vap": "0", "pvap": "00.00", "e": "N", "st": "N\u00e3o eleito"}, {"seq": "31", "n": "55777", "vap": "58", "pvap": "   0,81", "e": "N", "st": "Suplente"}, {"seq": "48", "n": "55110", "vap": "30", "pvap": "   0,42", "e": "N", "st": "Suplente"}, {"seq": "20", "n": "55000", "vap": "89", "pvap": "   1,24", "e": "N", "st": "Suplente"}, {"seq": "9", "n": "55123", "vap": "130", "pvap": "   1,81", "e": "S", "st": "Eleito"}, {"seq": "46", "n": "55555", "vap": "31", "pvap": "   0,43", "e": "N", "st": "Suplente"}, {"seq": "25", "n": "55333", "vap": "79", "pvap": "   1,10", "e": "N", "st": "Suplente"}, {"seq": "53", "n": "55356", "vap": "25", "pvap": "   0,35", "e": "N", "st": "Suplente"}, {"seq": "28", "n": "55024", "vap": "65", "pvap": "   0,91", "e": "N", "st": "Suplente"}, {"seq": "73", "n": "55456", "vap": "9", "pvap": "   0,13", "e": "N", "st": "Suplente"}, {"seq": "47", "n": "55345", "vap": "30", "pvap": "   0,42", "e": "N", "st": "Suplente"}, {"seq": "39", "n": "55111", "vap": "42", "pvap": "   0,59", "e": "N", "st": "Suplente"}, {"seq": "4", "n": "45678", "vap": "202", "pvap": "   2,81", "e": "S", "st": "Eleito"}, {"seq": "33", "n": "45111", "vap": "49", "pvap": "   0,68", "e": "N", "st": "Suplente"}, {"seq": "76", "n": "45222", "vap": "5", "pvap": "   0,07", "e": "N", "st": "Suplente"}, {"seq": "23", "n": "45112", "vap": "85", "pvap": "   1,18", "e": "N", "st": "Suplente"}, {"seq": "43", "n": "45234", "vap": "39", "pvap": "   0,54", "e": "N", "st": "Suplente"}, {"seq": "52", "n": "45444", "vap": "25", "pvap": "   0,35", "e": "N", "st": "Suplente"}, {"seq": "38", "n": "45333", "vap": "43", "pvap": "   0,60", "e": "N", "st": "Suplente"}, {"seq": "54", "n": "45455", "vap": "24", "pvap": "   0,33", "e": "N", "st": "Suplente"}, {"seq": "35", "n": "45123", "vap": "47", "pvap": "   0,65", "e": "N", "st": "Suplente"}, {"seq": "41", "n": "45555", "vap": "41", "pvap": "   0,57", "e": "N", "st": "Suplente"}, {"seq": "97", "n": "13234", "vap": "30", "pvap": "   0,42", "e": "N", "st": "N\u00e3o eleito"}, {"seq": "112", "n": "13135", "vap": "12", "pvap": "   0,17", "e": "N", "st": "N\u00e3o eleito"}, {"seq": "115", "n": "13333", "vap": "9", "pvap": "   0,13", "e": "N", "st": "N\u00e3o eleito"}, {"seq": "120", "n": "13444", "vap": "3", "pvap": "   0,04", "e": "N", "st": "N\u00e3o eleito"}, {"seq": "109", "n": "13123", "vap": "15", "pvap": "   0,21", "e": "N", "st": "N\u00e3o eleito"}, {"seq": "105", "n": "13555", "vap": "17", "pvap": "   0,24", "e": "N", "st": "N\u00e3o eleito"}, {"seq": "80", "n": "13000", "vap": "139", "pvap": "   1,94", "e": "N", "st": "N\u00e3o eleito"}, {"seq": "110", "n": "13456", "vap": "13", "pvap": "   0,18", "e": "N", "st": "N\u00e3o eleito"}, {"seq": "99", "n": "13111", "vap": "29", "pvap": "   0,40", "e": "N", "st": "N\u00e3o eleito"}, {"seq": "111", "n": "51234", "vap": "12", "pvap": "   0,17", "e": "N", "st": "N\u00e3o eleito"}, {"seq": "121", "n": "51444", "vap": "3", "pvap": "   0,04", "e": "N", "st": "N\u00e3o eleito"}, {"seq": "86", "n": "51551", "vap": "53", "pvap": "   0,74", "e": "N", "st": "N\u00e3o eleito"}, {"seq": "91", "n": "51222", "vap": "42", "pvap": "   0,59", "e": "N", "st": "N\u00e3o eleito"}, {"seq": "104", "n": "51123", "vap": "18", "pvap": "   0,25", "e": "N", "st": "N\u00e3o eleito"}, {"seq": "119", "n": "51456", "vap": "4", "pvap": "   0,06", "e": "N", "st": "N\u00e3o eleito"}, {"seq": "101", "n": "51000", "vap": "25", "pvap": "   0,35", "e": "N", "st": "N\u00e3o eleito"}, {"seq": "78", "n": "51111", "vap": "172", "pvap": "   2,40", "e": "N", "st": "N\u00e3o eleito"}, {"seq": "95", "n": "51655", "vap": "33", "pvap": "   0,46", "e": "N", "st": "N\u00e3o eleito"}, {"seq": "90", "n": "10111", "vap": "46", "pvap": "   0,64", "e": "N", "st": "N\u00e3o eleito"}, {"seq": "94", "n": "10333", "vap": "38", "pvap": "   0,53", "e": "N", "st": "N\u00e3o eleito"}, {"seq": "113", "n": "10444", "vap": "10", "pvap": "   0,14", "e": "N", "st": "N\u00e3o eleito"}, {"seq": "81", "n": "10123", "vap": "92", "pvap": "   1,28", "e": "N", "st": "N\u00e3o eleito"}, {"seq": "85", "n": "10456", "vap": "60", "pvap": "   0,84", "e": "N", "st": "N\u00e3o eleito"}, {"seq": "88", "n": "10789", "vap": "47", "pvap": "   0,65", "e": "N", "st": "N\u00e3o eleito"}, {"seq": "106", "n": "10023", "vap": "16", "pvap": "   0,22", "e": "N", "st": "N\u00e3o eleito"}, {"seq": "117", "n": "10087", "vap": "7", "pvap": "   0,10", "e": "N", "st": "N\u00e3o eleito"}, {"seq": "83", "n": "77333", "vap": "75", "pvap": "   1,04", "e": "N", "st": "N\u00e3o eleito"}, {"seq": "108", "n": "77888", "vap": "15", "pvap": "   0,21", "e": "N", "st": "N\u00e3o eleito"}, {"seq": "100", "n": "77700", "vap": "28", "pvap": "   0,39", "e": "N", "st": "N\u00e3o eleito"}, {"seq": "82", "n": "77123", "vap": "84", "pvap": "   1,17", "e": "N", "st": "N\u00e3o eleito"}, {"seq": "84", "n": "77999", "vap": "68", "pvap": "   0,95", "e": "N", "st": "N\u00e3o eleito"}, {"seq": "103", "n": "77192", "vap": "21", "pvap": "   0,29", "e": "N", "st": "N\u00e3o eleito"}, {"seq": "98", "n": "77555", "vap": "29", "pvap": "   0,40", "e": "N", "st": "N\u00e3o eleito"}, {"seq": "92", "n": "77177", "vap": "41", "pvap": "   0,57", "e": "N", "st": "N\u00e3o eleito"}, {"seq": "96", "n": "77777", "vap": "31", "pvap": "   0,43", "e": "N", "st": "N\u00e3o eleito"}]}, {"dt": "15/11/2020", "ht": "21:15:01", "tf": "S", "and": "F", "tpabr": "ZONA", "cdabr": "9", "s": "25", "st": "25", "snt": "0", "si": "25", "sni": "0", "sa": "25", "sna": "0", "pst": " 100,00", "psnt": "   0,00", "psi": " 100,00", "psni": "   0,00", "psa": " 100,00", "psna": "   0,00", "e": "9613", "ea": "9613", "ena": "0", "esi": "9613", "esni": "0", "a": "2226", "c": "7387", "pea": " 100,00", "pena": "   0,00", "pesi": " 100,00", "pesni": "   0,00", "pa": "  23,16", "pc": "  76,84", "vnom": "6726", "vscv": "0", "vl": "453", "tv": "7387", "vvc": "7179", "vb": "75", "tvn": "133", "vn": "132", "vnt": "1", "vp": "0", "vv": "7179", "van": "0", "vansj": "0", "pvnom": "  93,69", "pvl": "   6,31", "pvvc": "  97,18", "pvb": "   1,02", "ptvn": "   1,80", "pvn": "  99,25", "pvnt": "   0,75", "pvp": "   0,00", "pvv": " 100,00", "pvan": "   0,00", "pvansj": "   0,00", "cand": [{"seq": "1", "n": "11789", "vap": "254", "pvap": "   3,54", "e": "S", "st": "Eleito"}, {"seq": "3", "n": "11123", "vap": "243", "pvap": "   3,38", "e": "S", "st": "Eleito"}, {"seq": "6", "n": "11111", "vap": "167", "pvap": "   2,33", "e": "S", "st": "Eleito"}, {"seq": "12", "n": "11456", "vap": "151", "pvap": "   2,10", "e": "N", "st": "Suplente"}, {"seq": "13", "n": "11112", "vap": "133", "pvap": "   1,85", "e": "N", "st": "Suplente"}, {"seq": "19", "n": "11777", "vap": "94", "pvap": "   1,31", "e": "N", "st": "Suplente"}, {"seq": "22", "n": "11234", "vap": "86", "pvap": "   1,20", "e": "N", "st": "Suplente"}, {"seq": "26", "n": "11000", "vap": "74", "pvap": "   1,03", "e": "N", "st": "Suplente"}, {"seq": "30", "n": "11125", "vap": "59", "pvap": "   0,82", "e": "N", "st": "Suplente"}, {"seq": "34", "n": "11333", "vap": "48", "pvap": "   0,67", "e": "N", "st": "Suplente"}, {"seq": "36", "n": "11150", "vap": "46", "pvap": "   0,64", "e": "N", "st": "Suplente"}, {"seq": "57", "n": "11345", "vap": "21", "pvap": "   0,29", "e": "N", "st": "Suplente"}, {"seq": "58", "n": "11555", "vap": "20", "pvap": "   0,28", "e": "N", "st": "Suplente"}, {"seq": "80", "n": "13000", "vap": "139", "pvap": "   1,94", "e": "N", "st": "N\u00e3o eleito"}, {"seq": "97", "n": "13234", "vap": "30", "pvap": "   0,42", "e": "N", "st": "N\u00e3o eleito"}, {"seq": "99", "n": "13111", "vap": "29", "pvap": "   0,40", "e": "N", "st": "N\u00e3o eleito"}, {"seq": "105", "n": "13555", "vap": "17", "pvap": "   0,24", "e": "N", "st": "N\u00e3o eleito"}, {"seq": "109", "n": "13123", "vap": "15", "pvap": "   0,21", "e": "N", "st": "N\u00e3o eleito"}, {"seq": "110", "n": "13456", "vap": "13", "pvap": "   0,18", "e": "N", "st": "N\u00e3o eleito"}, {"seq": "112", "n": "13135", "vap": "12", "pvap": "   0,17", "e": "N", "st": "N\u00e3o eleito"}, {"seq": "115", "n": "13333", "vap": "9", "pvap": "   0,13", "e": "N", "st": "N\u00e3o eleito"}, {"seq": "120", "n": "13444", "vap": "3", "pvap": "   0,04", "e": "N", "st": "N\u00e3o eleito"}, {"seq": "4", "n": "45678", "vap": "202", "pvap": "   2,81", "e": "S", "st": "Eleito"}, {"seq": "23", "n": "45112", "vap": "85", "pvap": "   1,18", "e": "N", "st": "Suplente"}, {"seq": "33", "n": "45111", "vap": "49", "pvap": "   0,68", "e": "N", "st": "Suplente"}, {"seq": "35", "n": "45123", "vap": "47", "pvap": "   0,65", "e": "N", "st": "Suplente"}, {"seq": "38", "n": "45333", "vap": "43", "pvap": "   0,60", "e": "N", "st": "Suplente"}, {"seq": "41", "n": "45555", "vap": "41", "pvap": "   0,57", "e": "N", "st": "Suplente"}, {"seq": "43", "n": "45234", "vap": "39", "pvap": "   0,54", "e": "N", "st": "Suplente"}, {"seq": "52", "n": "45444", "vap": "25", "pvap": "   0,35", "e": "N", "st": "Suplente"}, {"seq": "54", "n": "45455", "vap": "24", "pvap": "   0,33", "e": "N", "st": "Suplente"}, {"seq": "76", "n": "45222", "vap": "5", "pvap": "   0,07", "e": "N", "st": "Suplente"}, {"seq": "78", "n": "51111", "vap": "172", "pvap": "   2,40", "e": "N", "st": "N\u00e3o eleito"}, {"seq": "86", "n": "51551", "vap": "53", "pvap": "   0,74", "e": "N", "st": "N\u00e3o eleito"}, {"seq": "91", "n": "51222", "vap": "42", "pvap": "   0,59", "e": "N", "st": "N\u00e3o eleito"}, {"seq": "95", "n": "51655", "vap": "33", "pvap": "   0,46", "e": "N", "st": "N\u00e3o eleito"}, {"seq": "101", "n": "51000", "vap": "25", "pvap": "   0,35", "e": "N", "st": "N\u00e3o eleito"}, {"seq": "104", "n": "51123", "vap": "18", "pvap": "   0,25", "e": "N", "st": "N\u00e3o eleito"}, {"seq": "111", "n": "51234", "vap": "12", "pvap": "   0,17", "e": "N", "st": "N\u00e3o eleito"}, {"seq": "119", "n": "51456", "vap": "4", "pvap": "   0,06", "e": "N", "st": "N\u00e3o eleito"}, {"seq": "121", "n": "51444", "vap": "3", "pvap": "   0,04", "e": "N", "st": "N\u00e3o eleito"}, {"seq": "82", "n": "77123", "vap": "84", "pvap": "   1,17", "e": "N", "st": "N\u00e3o eleito"}, {"seq": "83", "n": "77333", "vap": "75", "pvap": "   1,04", "e": "N", "st": "N\u00e3o eleito"}, {"seq": "84", "n": "77999", "vap": "68", "pvap": "   0,95", "e": "N", "st": "N\u00e3o eleito"}, {"seq": "92", "n": "77177", "vap": "41", "pvap": "   0,57", "e": "N", "st": "N\u00e3o eleito"}, {"seq": "96", "n": "77777", "vap": "31", "pvap": "   0,43", "e": "N", "st": "N\u00e3o eleito"}, {"seq": "98", "n": "77555", "vap": "29", "pvap": "   0,40", "e": "N", "st": "N\u00e3o eleito"}, {"seq": "100", "n": "77700", "vap": "28", "pvap": "   0,39", "e": "N", "st": "N\u00e3o eleito"}, {"seq": "103", "n": "77192", "vap": "21", "pvap": "   0,29", "e": "N", "st": "N\u00e3o eleito"}, {"seq": "108", "n": "77888", "vap": "15", "pvap": "   0,21", "e": "N", "st": "N\u00e3o eleito"}, {"seq": "8", "n": "65789", "vap": "147", "pvap": "   2,05", "e": "S", "st": "Eleito"}, {"seq": "16", "n": "65012", "vap": "96", "pvap": "   1,34", "e": "N", "st": "Suplente"}, {"seq": "32", "n": "65555", "vap": "55", "pvap": "   0,77", "e": "N", "st": "Suplente"}, {"seq": "44", "n": "65123", "vap": "38", "pvap": "   0,53", "e": "N", "st": "Suplente"}, {"seq": "50", "n": "65133", "vap": "29", "pvap": "   0,40", "e": "N", "st": "Suplente"}, {"seq": "60", "n": "65493", "vap": "20", "pvap": "   0,28", "e": "N", "st": "Suplente"}, {"seq": "67", "n": "65065", "vap": "14", "pvap": "   0,20", "e": "N", "st": "Suplente"}, {"seq": "69", "n": "65000", "vap": "11", "pvap": "   0,15", "e": "N", "st": "Suplente"}, {"seq": "72", "n": "65567", "vap": "10", "pvap": "   0,14", "e": "N", "st": "Suplente"}, {"seq": "74", "n": "65444", "vap": "6", "pvap": "   0,08", "e": "N", "st": "Suplente"}, {"seq": "75", "n": "65432", "vap": "5", "pvap": "   0,07", "e": "N", "st": "Suplente"}, {"seq": "9", "n": "55123", "vap": "130", "pvap": "   1,81", "e": "S", "st": "Eleito"}, {"seq": "20", "n": "55000", "vap": "89", "pvap": "   1,24", "e": "N", "st": "Suplente"}, {"seq": "25", "n": "55333", "vap": "79", "pvap": "   1,10", "e": "N", "st": "Suplente"}, {"seq": "28", "n": "55024", "vap": "65", "pvap": "   0,91", "e": "N", "st": "Suplente"}, {"seq": "31", "n": "55777", "vap": "58", "pvap": "   0,81", "e": "N", "st": "Suplente"}, {"seq": "39", "n": "55111", "vap": "42", "pvap": "   0,59", "e": "N", "st": "Suplente"}, {"seq": "46", "n": "55555", "vap": "31", "pvap": "   0,43", "e": "N", "st": "Suplente"}, {"seq": "47", "n": "55345", "vap": "30", "pvap": "   0,42", "e": "N", "st": "Suplente"}, {"seq": "48", "n": "55110", "vap": "30", "pvap": "   0,42", "e": "N", "st": "Suplente"}, {"seq": "53", "n": "55356", "vap": "25", "pvap": "   0,35", "e": "N", "st": "Suplente"}, {"seq": "73", "n": "55456", "vap": "9", "pvap": "   0,13", "e": "N", "st": "Suplente"}, {"seq": "5", "n": "15555", "vap": "185", "pvap": "   2,58", "e": "S", "st": "Eleito"}, {"seq": "10", "n": "15123", "vap": "181", "pvap": "   2,52", "e": "N", "st": "Suplente"}, {"seq": "24", "n": "15789", "vap": "83", "pvap": "   1,16", "e": "N", "st": "Suplente"}, {"seq": "29", "n": "15552", "vap": "59", "pvap": "   0,82", "e": "N", "st": "Suplente"}, {"seq": "45", "n": "15444", "vap": "37", "pvap": "   0,52", "e": "N", "st": "Suplente"}, {"seq": "51", "n": "15666", "vap": "28", "pvap": "   0,39", "e": "N", "st": "Suplente"}, {"seq": "56", "n": "15111", "vap": "21", "pvap": "   0,29", "e": "N", "st": "Suplente"}, {"seq": "59", "n": "15333", "vap": "20", "pvap": "   0,28", "e": "N", "st": "Suplente"}, {"seq": "61", "n": "15888", "vap": "18", "pvap": "   0,25", "e": "N", "st": "Suplente"}, {"seq": "64", "n": "15222", "vap": "17", "pvap": "   0,24", "e": "N", "st": "Suplente"}, {"seq": "66", "n": "15850", "vap": "14", "pvap": "   0,20", "e": "N", "st": "Suplente"}, {"seq": "68", "n": "15999", "vap": "12", "pvap": "   0,17", "e": "N", "st": "Suplente"}, {"seq": "70", "n": "15000", "vap": "10", "pvap": "   0,14", "e": "N", "st": "Suplente"}, {"seq": "81", "n": "10123", "vap": "92", "pvap": "   1,28", "e": "N", "st": "N\u00e3o eleito"}, {"seq": "85", "n": "10456", "vap": "60", "pvap": "   0,84", "e": "N", "st": "N\u00e3o eleito"}, {"seq": "88", "n": "10789", "vap": "47", "pvap": "   0,65", "e": "N", "st": "N\u00e3o eleito"}, {"seq": "90", "n": "10111", "vap": "46", "pvap": "   0,64", "e": "N", "st": "N\u00e3o eleito"}, {"seq": "94", "n": "10333", "vap": "38", "pvap": "   0,53", "e": "N", "st": "N\u00e3o eleito"}, {"seq": "106", "n": "10023", "vap": "16", "pvap": "   0,22", "e": "N", "st": "N\u00e3o eleito"}, {"seq": "113", "n": "10444", "vap": "10", "pvap": "   0,14", "e": "N", "st": "N\u00e3o eleito"}, {"seq": "117", "n": "10087", "vap": "7", "pvap": "   0,10", "e": "N", "st": "N\u00e3o eleito"}, {"seq": "79", "n": "40000", "vap": "159", "pvap": "   2,21", "e": "N", "st": "N\u00e3o eleito"}, {"seq": "87", "n": "40456", "vap": "49", "pvap": "   0,68", "e": "N", "st": "N\u00e3o eleito"}, {"seq": "89", "n": "40111", "vap": "47", "pvap": "   0,65", "e": "N", "st": "N\u00e3o eleito"}, {"seq": "93", "n": "40388", "vap": "41", "pvap": "   0,57", "e": "N", "st": "N\u00e3o eleito"}, {"seq": "102", "n": "40444", "vap": "22", "pvap": "   0,31", "e": "N", "st": "N\u00e3o eleito"}, {"seq": "107", "n": "40222", "vap": "15", "pvap": "   0,21", "e": "N", "st": "N\u00e3o eleito"}, {"seq": "114", "n": "40367", "vap": "10", "pvap": "   0,14", "e": "N", "st": "N\u00e3o eleito"}, {"seq": "116", "n": "40439", "vap": "8", "pvap": "   0,11", "e": "N", "st": "N\u00e3o eleito"}, {"seq": "118", "n": "40123", "vap": "5", "pvap": "   0,07", "e": "N", "st": "N\u00e3o eleito"}, {"seq": "122", "n": "40234", "vap": "0", "pvap": "00.00", "e": "N", "st": "N\u00e3o eleito"}, {"seq": "7", "n": "12123", "vap": "155", "pvap": "   2,16", "e": "S", "st": "Eleito"}, {"seq": "15", "n": "12555", "vap": "100", "pvap": "   1,39", "e": "N", "st": "Suplente"}, {"seq": "18", "n": "12444", "vap": "94", "pvap": "   1,31", "e": "N", "st": "Suplente"}, {"seq": "37", "n": "12222", "vap": "43", "pvap": "   0,60", "e": "N", "st": "Suplente"}, {"seq": "40", "n": "12333", "vap": "41", "pvap": "   0,57", "e": "N", "st": "Suplente"}, {"seq": "49", "n": "12666", "vap": "29", "pvap": "   0,40", "e": "N", "st": "Suplente"}, {"seq": "55", "n": "12000", "vap": "22", "pvap": "   0,31", "e": "N", "st": "Suplente"}, {"seq": "63", "n": "12345", "vap": "17", "pvap": "   0,24", "e": "N", "st": "Suplente"}, {"seq": "65", "n": "12111", "vap": "15", "pvap": "   0,21", "e": "N", "st": "Suplente"}, {"seq": "71", "n": "12777", "vap": "10", "pvap": "   0,14", "e": "N", "st": "Suplente"}, {"seq": "2", "n": "90690", "vap": "246", "pvap": "   3,43", "e": "S", "st": "Eleito"}, {"seq": "11", "n": "90444", "vap": "172", "pvap": "   2,40", "e": "N", "st": "Suplente"}, {"seq": "14", "n": "90456", "vap": "117", "pvap": "   1,63", "e": "N", "st": "Suplente"}, {"seq": "17", "n": "90111", "vap": "95", "pvap": "   1,32", "e": "N", "st": "Suplente"}, {"seq": "21", "n": "90555", "vap": "88", "pvap": "   1,23", "e": "N", "st": "Suplente"}, {"seq": "27", "n": "90333", "vap": "72", "pvap": "   1,00", "e": "N", "st": "Suplente"}, {"seq": "42", "n": "90123", "vap": "40", "pvap": "   0,56", "e": "N", "st": "Suplente"}, {"seq": "62", "n": "90222", "vap": "17", "pvap": "   0,24", "e": "N", "st": "Suplente"}, {"seq": "77", "n": "90990", "vap": "0", "pvap": "00.00", "e": "N", "st": "Suplente"}]}]}