{"ele": "426", "carper": "13", "t": "1", "f": "O", "esae": "N", "mnae": " ", "dg": "15/11/2020", "hg": "23:41:34", "dv": "S", "nadf": "al27758-c0013-e000426-003-f", "abr": [{"dt": "15/11/2020", "ht": "23:32:36", "tf": "S", "and": "F", "tpabr": "MU", "cdabr": "27758", "s": "36", "st": "36", "snt": "0", "si": "36", "sni": "0", "sa": "36", "sna": "0", "pst": " 100,00", "psnt": "   0,00", "psi": " 100,00", "psni": "   0,00", "psa": " 100,00", "psna": "   0,00", "e": "14056", "ea": "14056", "ena": "0", "esi": "14056", "esni": "0", "c": "11168", "a": "2888", "pea": " 100,00", "pena": "   0,00", "pesi": " 100,00", "pesni": "   0,00", "pa": "  20,55", "pc": "  79,45", "vscv": "0", "vnom": "9877", "vl": "730", "tv": "11168", "vvc": "10607", "vb": "106", "tvn": "455", "vn": "455", "vnt": "0", "vp": "0", "vv": "10607", "van": "0", "vansj": "0", "pvnom": "  93,12", "pvl": "   6,88", "pvvc": "  94,98", "pvb": "   0,95", "ptvn": "   4,07", "pvn": " 100,00", "pvnt": "   0,00", "pvp": "   0,00", "pvv": " 100,00", "pvan": "   0,00", "pvansj": "   0,00", "colig": [{"n": "20000105706", "tvtn": "1478", "tvan": "1478", "vag": "2", "tvtl": "248", "tval": "248"}, {"n": "20000105768", "tvtn": "1769", "tvan": "1769", "vag": "2", "tvtl": "37", "tval": "37"}, {"n": "20000067892", "tvtn": "134", "tvan": "134", "vag": "0", "tvtl": "7", "tval": "7"}, {"n": "20000093910", "tvtn": "379", "tvan": "379", "vag": "0", "tvtl": "12", "tval": "12"}, {"n": "20000150342", "tvtn": "6117", "tvan": "6117", "vag": "7", "tvtl": "426", "tval": "426"}], "part": [{"n": "11", "tvtn": "1478", "tvan": "1478", "tvtl": "248", "tval": "248"}, {"n": "22", "tvtn": "1769", "tvan": "1769", "tvtl": "37", "tval": "37"}, {"n": "17", "tvtn": "134", "tvan": "134", "tvtl": "7", "tval": "7"}, {"n": "55", "tvtn": "379", "tvan": "379", "tvtl": "12", "tval": "12"}, {"n": "14", "tvtn": "6117", "tvan": "6117", "tvtl": "426", "tval": "426"}], "cand": [{"seq": "31", "n": "11555", "vap": "18", "pvap": "   0,17", "e": "N", "st": "Suplente"}, {"seq": "5", "n": "11000", "vap": "566", "pvap": "   5,34", "e": "S", "st": "Eleito"}, {"seq": "23", "n": "11113", "vap": "83", "pvap": "   0,78", "e": "N", "st": "Suplente"}, {"seq": "25", "n": "11234", "vap": "56", "pvap": "   0,53", "e": "N", "st": "Suplente"}, {"seq": "34", "n": "11456", "vap": "11", "pvap": "   0,10", "e": "N", "st": "Suplente"}, {"seq": "11", "n": "11111", "vap": "322", "pvap": "   3,04", "e": "S", "st": "Eleito"}, {"seq": "38", "n": "11178", "vap": "1", "pvap": "   0,01", "e": "N", "st": "Suplente"}, {"seq": "32", "n": "11888", "vap": "15", "pvap": "   0,14", "e": "N", "st": "Suplente"}, {"seq": "15", "n": "11999", "vap": "276", "pvap": "   2,60", "e": "N", "st": "Suplente"}, {"seq": "39", "n": "11011", "vap": "0", "pvap": "00.00", "e": "N", "st": "Suplente"}, {"seq": "21", "n": "11678", "vap": "130", "pvap": "   1,23", "e": "N", "st": "Suplente"}, {"seq": "26", "n": "22333", "vap": "36", "pvap": "   0,34", "e": "N", "st": "Suplente"}, {"seq": "36", "n": "22444", "vap": "3", "pvap": "   0,03", "e": "N", "st": "Suplente"}, {"seq": "29", "n": "22345", "vap": "25", "pvap": "   0,24", "e": "N", "st": "Suplente"}, {"seq": "33", "n": "22113", "vap": "11", "pvap": "   0,10", "e": "N", "st": "Suplente"}, {"seq": "10", "n": "22111", "vap": "389", "pvap": "   3,67", "e": "S", "st": "Eleito"}, {"seq": "37", "n": "22000", "vap": "3", "pvap": "   0,03", "e": "N", "st": "Suplente"}, {"seq": "20", "n": "22777", "vap": "140", "pvap": "   1,32", "e": "N", "st": "Suplente"}, {"seq": "35", "n": "22200", "vap": "7", "pvap": "   0,07", "e": "N", "st": "Suplente"}, {"seq": "22", "n": "22223", "vap": "89", "pvap": "   0,84", "e": "N", "st": "Suplente"}, {"seq": "28", "n": "22555", "vap": "32", "pvap": "   0,30", "e": "N", "st": "Suplente"}, {"seq": "30", "n": "22123", "vap": "22", "pvap": "   0,21", "e": "N", "st": "Suplente"}, {"seq": "1", "n": "22222", "vap": "1012", "pvap": "   9,54", "e": "S", "st": "Eleito"}, {"seq": "45", "n": "17444", "vap": "28", "pvap": "   0,26", "e": "N", "st": "N\u00e3o eleito"}, {"seq": "43", "n": "17777", "vap": "45", "pvap": "   0,42", "e": "N", "st": "N\u00e3o eleito"}, {"seq": "44", "n": "17222", "vap": "36", "pvap": "   0,34", "e": "N", "st": "N\u00e3o eleito"}, {"seq": "46", "n": "17555", "vap": "25", "pvap": "   0,24", "e": "N", "st": "N\u00e3o eleito"}, {"seq": "41", "n": "55555", "vap": "136", "pvap": "   1,28", "e": "N", "st": "N\u00e3o eleito"}, {"seq": "42", "n": "55789", "vap": "50", "pvap": "   0,47", "e": "N", "st": "N\u00e3o eleito"}, {"seq": "47", "n": "55123", "vap": "1", "pvap": "   0,01", "e": "N", "st": "N\u00e3o eleito"}, {"seq": "40", "n": "55666", "vap": "192", "pvap": "   1,81", "e": "N", "st": "N\u00e3o eleito"}, {"seq": "48", "n": "55111", "vap": "0", "pvap": "00.00", "e": "N", "st": "N\u00e3o eleito"}, {"seq": "7", "n": "14456", "vap": "459", "pvap": "   4,33", "e": "S", "st": "Eleito"}, {"seq": "16", "n": "14000", "vap": "264", "pvap": "   2,49", "e": "N", "st": "Suplente"}, {"seq": "6", "n": "14444", "vap": "471", "pvap": "   4,44", "e": "S", "st": "Eleito"}, {"seq": "3", "n": "14700", "vap": "674", "pvap": "   6,35", "e": "S", "st": "Eleito"}, {"seq": "17", "n": "14666", "vap": "231", "pvap": "   2,18", "e": "N", "st": "Suplente"}, {"seq": "8", "n": "14777", "vap": "457", "pvap": "   4,31", "e": "S", "st": "Eleito"}, {"seq": "2", "n": "14222", "vap": "863", "pvap": "   8,14", "e": "S", "st": "Eleito"}, {"seq": "27", "n": "14468", "vap": "32", "pvap": "   0,30", "e": "N", "st": "Suplente"}, {"seq": "24", "n": "14999", "vap": "66", "pvap": "   0,62", "e": "N", "st": "Suplente"}, {"seq": "12", "n": "14500", "vap": "401", "pvap": "   3,78", "e": "N", "st": "Suplente"}, {"seq": "19", "n": "14369", "vap": "224", "pvap": "   2,11", "e": "N", "st": "Suplente"}, {"seq": "9", "n": "14111", "vap": "414", "pvap": "   3,90", "e": "S", "st": "Eleito"}, {"seq": "13", "n": "14555", "vap": "384", "pvap": "   3,62", "e": "N", "st": "Suplente"}, {"seq": "4", "n": "14123", "vap": "648", "pvap": "   6,11", "e": "S", "st": "Eleito"}, {"seq": "18", "n": "14333", "vap": "225", "pvap": "   2,12", "e": "N", "st": "Suplente"}, {"seq": "14", "n": "14567", "vap": "304", "pvap": "   2,87", "e": "N", "st": "Suplente"}]}, {"dt": "15/11/2020", "ht": "23:32:36", "tf": "S", "and": "F", "tpabr": "ZONA", "cdabr": "53", "s": "36", "st": "36", "snt": "0", "si": "36", "sni": "0", "sa": "36", "sna": "0", "pst": " 100,00", "psnt": "   0,00", "psi": " 100,00", "psni": "   0,00", "psa": " 100,00", "psna": "   0,00", "e": "14056", "ea": "14056", "ena": "0", "esi": "14056", "esni": "0", "a": "2888", "c": "11168", "pea": " 100,00", "pena": "   0,00", "pesi": " 100,00", "pesni": "   0,00", "pa": "  20,55", "pc": "  79,45", "vnom": "9877", "vscv": "0", "vl": "730", "tv": "11168", "vvc": "10607", "vb": "106", "tvn": "455", "vn": "455", "vnt": "0", "vp": "0", "vv": "10607", "van": "0", "vansj": "0", "pvnom": "  93,12", "pvl": "   6,88", "pvvc": "  94,98", "pvb": "   0,95", "ptvn": "   4,07", "pvn": " 100,00", "pvnt": "   0,00", "pvp": "   0,00", "pvv": " 100,00", "pvan": "   0,00", "pvansj": "   0,00", "cand": [{"seq": "40", "n": "55666", "vap": "192", "pvap": "   1,81", "e": "N", "st": "N\u00e3o eleito"}, {"seq": "41", "n": "55555", "vap": "136", "pvap": "   1,28", "e": "N", "st": "N\u00e3o eleito"}, {"seq": "42", "n": "55789", "vap": "50", "pvap": "   0,47", "e": "N", "st": "N\u00e3o eleito"}, {"seq": "47", "n": "55123", "vap": "1", "pvap": "   0,01", "e": "N", "st": "N\u00e3o eleito"}, {"seq": "48", "n": "55111", "vap": "0", "pvap": "00.00", "e": "N", "st": "N\u00e3o eleito"}, {"seq": "5", "n": "11000", "vap": "566", "pvap": "   5,34", "e": "S", "st": "Eleito"}, {"seq": "11", "n": "11111", "vap": "322", "pvap": "   3,04", "e": "S", "st": "Eleito"}, {"seq": "15", "n": "11999", "vap": "276", "pvap": "   2,60", "e": "N", "st": "Suplente"}, {"seq": "21", "n": "11678", "vap": "130", "pvap": "   1,23", "e": "N", "st": "Suplente"}, {"seq": "23", "n": "11113", "vap": "83", "pvap": "   0,78", "e": "N", "st": "Suplente"}, {"seq": "25", "n": "11234", "vap": "56", "pvap": "   0,53", "e": "N", "st": "Suplente"}, {"seq": "31", "n": "11555", "vap": "18", "pvap": "   0,17", "e": "N", "st": "Suplente"}, {"seq": "32", "n": "11888", "vap": "15", "pvap": "   0,14", "e": "N", "st": "Suplente"}, {"seq": "34", "n": "11456", "vap": "11", "pvap": "   0,10", "e": "N", "st": "Suplente"}, {"seq": "38", "n": "11178", "vap": "1", "pvap": "   0,01", "e": "N", "st": "Suplente"}, {"seq": "39", "n": "11011", "vap": "0", "pvap": "00.00", "e": "N", "st": "Suplente"}, {"seq": "1", "n": "22222", "vap": "1012", "pvap": "   9,54", "e": "S", "st": "Eleito"}, {"seq": "10", "n": "22111", "vap": "389", "pvap": "   3,67", "e": "S", "st": "Eleito"}, {"seq": "20", "n": "22777", "vap": "140", "pvap": "   1,32", "e": "N", "st": "Suplente"}, {"seq": "22", "n": "22223", "vap": "89", "pvap": "   0,84", "e": "N", "st": "Suplente"}, {"seq": "26", "n": "22333", "vap": "36", "pvap": "   0,34", "e": "N", "st": "Suplente"}, {"seq": "28", "n": "22555", "vap": "32", "pvap": "   0,30", "e": "N", "st": "Suplente"}, {"seq": "29", "n": "22345", "vap": "25", "pvap": "   0,24", "e": "N", "st": "Suplente"}, {"seq": "30", "n": "22123", "vap": "22", "pvap": "   0,21", "e": "N", "st": "Suplente"}, {"seq": "33", "n": "22113", "vap": "11", "pvap": "   0,10", "e": "N", "st": "Suplente"}, {"seq": "35", "n": "22200", "vap": "7", "pvap": "   0,07", "e": "N", "st": "Suplente"}, {"seq": "36", "n": "22444", "vap": "3", "pvap": "   0,03", "e": "N", "st": "Suplente"}, {"seq": "37", "n": "22000", "vap": "3", "pvap": "   0,03", "e": "N", "st": "Suplente"}, {"seq": "2", "n": "14222", "vap": "863", "pvap": "   8,14", "e": "S", "st": "Eleito"}, {"seq": "3", "n": "14700", "vap": "674", "pvap": "   6,35", "e": "S", "st": "Eleito"}, {"seq": "4", "n": "14123", "vap": "648", "pvap": "   6,11", "e": "S", "st": "Eleito"}, {"seq": "6", "n": "14444", "vap": "471", "pvap": "   4,44", "e": "S", "st": "Eleito"}, {"seq": "7", "n": "14456", "vap": "459", "pvap": "   4,33", "e": "S", "st": "Eleito"}, {"seq": "8", "n": "14777", "vap": "457", "pvap": "   4,31", "e": "S", "st": "Eleito"}, {"seq": "9", "n": "14111", "vap": "414", "pvap": "   3,90", "e": "S", "st": "Eleito"}, {"seq": "12", "n": "14500", "vap": "401", "pvap": "   3,78", "e": "N", "st": "Suplente"}, {"seq": "13", "n": "14555", "vap": "384", "pvap": "   3,62", "e": "N", "st": "Suplente"}, {"seq": "14", "n": "14567", "vap": "304", "pvap": "   2,87", "e": "N", "st": "Suplente"}, {"seq": "16", "n": "14000", "vap": "264", "pvap": "   2,49", "e": "N", "st": "Suplente"}, {"seq": "17", "n": "14666", "vap": "231", "pvap": "   2,18", "e": "N", "st": "Suplente"}, {"seq": "18", "n": "14333", "vap": "225", "pvap": "   2,12", "e": "N", "st": "Suplente"}, {"seq": "19", "n": "14369", "vap": "224", "pvap": "   2,11", "e": "N", "st": "Suplente"}, {"seq": "24", "n": "14999", "vap": "66", "pvap": "   0,62", "e": "N", "st": "Suplente"}, {"seq": "27", "n": "14468", "vap": "32", "pvap": "   0,30", "e": "N", "st": "Suplente"}, {"seq": "43", "n": "17777", "vap": "45", "pvap": "   0,42", "e": "N", "st": "N\u00e3o eleito"}, {"seq": "44", "n": "17222", "vap": "36", "pvap": "   0,34", "e": "N", "st": "N\u00e3o eleito"}, {"seq": "45", "n": "17444", "vap": "28", "pvap": "   0,26", "e": "N", "st": "N\u00e3o eleito"}, {"seq": "46", "n": "17555", "vap": "25", "pvap": "   0,24", "e": "N", "st": "N\u00e3o eleito"}]}]}