{"ele": "426", "carper": "13", "t": "1", "f": "O", "esae": "N", "mnae": " ", "dg": "15/11/2020", "hg": "22:14:51", "dv": "S", "nadf": "al27278-c0013-e000426-003-f", "abr": [{"dt": "15/11/2020", "ht": "22:10:32", "tf": "S", "and": "F", "tpabr": "MU", "cdabr": "27278", "s": "62", "st": "62", "snt": "0", "si": "62", "sni": "0", "sa": "62", "sna": "0", "pst": " 100,00", "psnt": "   0,00", "psi": " 100,00", "psni": "   0,00", "psa": " 100,00", "psna": "   0,00", "e": "24642", "ea": "24642", "ena": "0", "esi": "24642", "esni": "0", "c": "18501", "a": "6141", "pea": " 100,00", "pena": "   0,00", "pesi": " 100,00", "pesni": "   0,00", "pa": "  24,92", "pc": "  75,08", "vscv": "0", "vnom": "16652", "vl": "924", "tv": "18501", "vvc": "17576", "vb": "274", "tvn": "651", "vn": "651", "vnt": "0", "vp": "0", "vv": "17576", "van": "0", "vansj": "0", "pvnom": "  94,74", "pvl": "   5,26", "pvvc": "  95,00", "pvb": "   1,48", "ptvn": "   3,52", "pvn": " 100,00", "pvnt": "   0,00", "pvp": "   0,00", "pvv": " 100,00", "pvan": "   0,00", "pvansj": "   0,00", "colig": [{"n": "20000085903", "tvtn": "7580", "tvan": "7580", "vag": "7", "tvtl": "492", "tval": "492"}, {"n": "20000085940", "tvtn": "7160", "tvan": "7160", "vag": "6", "tvtl": "152", "tval": "152"}, {"n": "20000072921", "tvtn": "1890", "tvan": "1890", "vag": "2", "tvtl": "267", "tval": "267"}, {"n": "20000098491", "tvtn": "22", "tvan": "22", "vag": "0", "tvtl": "13", "tval": "13"}], "part": [{"n": "11", "tvtn": "7580", "tvan": "7580", "tvtl": "492", "tval": "492"}, {"n": "15", "tvtn": "7160", "tvan": "7160", "tvtl": "152", "tval": "152"}, {"n": "14", "tvtn": "1890", "tvan": "1890", "tvtl": "267", "tval": "267"}, {"n": "13", "tvtn": "22", "tvan": "22", "tvtl": "13", "tval": "13"}], "cand": [{"seq": "18", "n": "11112", "vap": "543", "pvap": "   3,09", "e": "N", "st": "Suplente"}, {"seq": "9", "n": "11456", "vap": "656", "pvap": "   3,73", "e": "S", "st": "Eleito"}, {"seq": "3", "n": "11555", "vap": "885", "pvap": "   5,04", "e": "S", "st": "Eleito"}, {"seq": "44", "n": "11500", "vap": "17", "pvap": "   0,10", "e": "N", "st": "Suplente"}, {"seq": "53", "n": "11234", "vap": "3", "pvap": "   0,02", "e": "N", "st": "Suplente"}, {"seq": "22", "n": "11444", "vap": "454", "pvap": "   2,58", "e": "N", "st": "Suplente"}, {"seq": "37", "n": "11789", "vap": "24", "pvap": "   0,14", "e": "N", "st": "Suplente"}, {"seq": "47", "n": "11999", "vap": "13", "pvap": "   0,07", "e": "N", "st": "Suplente"}, {"seq": "28", "n": "11333", "vap": "120", "pvap": "   0,68", "e": "N", "st": "Suplente"}, {"seq": "10", "n": "11222", "vap": "653", "pvap": "   3,72", "e": "S", "st": "Eleito"}, {"seq": "45", "n": "11255", "vap": "16", "pvap": "   0,09", "e": "N", "st": "Suplente"}, {"seq": "13", "n": "11888", "vap": "598", "pvap": "   3,40", "e": "S", "st": "Eleito"}, {"seq": "6", "n": "11111", "vap": "822", "pvap": "   4,68", "e": "S", "st": "Eleito"}, {"seq": "26", "n": "11011", "vap": "189", "pvap": "   1,08", "e": "N", "st": "Suplente"}, {"seq": "41", "n": "11258", "vap": "18", "pvap": "   0,10", "e": "N", "st": "Suplente"}, {"seq": "27", "n": "11122", "vap": "188", "pvap": "   1,07", "e": "N", "st": "Suplente"}, {"seq": "48", "n": "11666", "vap": "11", "pvap": "   0,06", "e": "N", "st": "Suplente"}, {"seq": "25", "n": "11123", "vap": "193", "pvap": "   1,10", "e": "N", "st": "Suplente"}, {"seq": "12", "n": "11777", "vap": "620", "pvap": "   3,53", "e": "S", "st": "Eleito"}, {"seq": "30", "n": "11100", "vap": "80", "pvap": "   0,46", "e": "N", "st": "Suplente"}, {"seq": "19", "n": "11699", "vap": "539", "pvap": "   3,07", "e": "N", "st": "Suplente"}, {"seq": "1", "n": "11000", "vap": "938", "pvap": "   5,34", "e": "S", "st": "Eleito"}, {"seq": "5", "n": "15333", "vap": "838", "pvap": "   4,77", "e": "S", "st": "Eleito"}, {"seq": "2", "n": "15000", "vap": "915", "pvap": "   5,21", "e": "S", "st": "Eleito"}, {"seq": "21", "n": "15888", "vap": "500", "pvap": "   2,84", "e": "N", "st": "Suplente"}, {"seq": "16", "n": "15111", "vap": "635", "pvap": "   3,61", "e": "N", "st": "Suplente"}, {"seq": "35", "n": "15666", "vap": "34", "pvap": "   0,19", "e": "N", "st": "Suplente"}, {"seq": "29", "n": "15133", "vap": "106", "pvap": "   0,60", "e": "N", "st": "Suplente"}, {"seq": "39", "n": "15678", "vap": "22", "pvap": "   0,13", "e": "N", "st": "Suplente"}, {"seq": "7", "n": "15999", "vap": "750", "pvap": "   4,27", "e": "S", "st": "Eleito"}, {"seq": "36", "n": "15100", "vap": "27", "pvap": "   0,15", "e": "N", "st": "Suplente"}, {"seq": "17", "n": "15555", "vap": "564", "pvap": "   3,21", "e": "N", "st": "Suplente"}, {"seq": "4", "n": "15369", "vap": "855", "pvap": "   4,86", "e": "S", "st": "Eleito"}, {"seq": "43", "n": "15234", "vap": "17", "pvap": "   0,10", "e": "N", "st": "Suplente"}, {"seq": "20", "n": "15777", "vap": "521", "pvap": "   2,96", "e": "N", "st": "Suplente"}, {"seq": "8", "n": "15123", "vap": "715", "pvap": "   4,07", "e": "S", "st": "Eleito"}, {"seq": "40", "n": "15444", "vap": "22", "pvap": "   0,13", "e": "N", "st": "Suplente"}, {"seq": "11", "n": "15222", "vap": "639", "pvap": "   3,64", "e": "S", "st": "Eleito"}, {"seq": "49", "n": "14713", "vap": "10", "pvap": "   0,06", "e": "N", "st": "Suplente"}, {"seq": "33", "n": "14555", "vap": "57", "pvap": "   0,32", "e": "N", "st": "Suplente"}, {"seq": "15", "n": "14444", "vap": "472", "pvap": "   2,69", "e": "S", "st": "Eleito"}, {"seq": "31", "n": "14456", "vap": "65", "pvap": "   0,37", "e": "N", "st": "Suplente"}, {"seq": "32", "n": "14123", "vap": "60", "pvap": "   0,34", "e": "N", "st": "Suplente"}, {"seq": "38", "n": "14333", "vap": "24", "pvap": "   0,14", "e": "N", "st": "Suplente"}, {"seq": "42", "n": "14000", "vap": "17", "pvap": "   0,10", "e": "N", "st": "Suplente"}, {"seq": "14", "n": "14222", "vap": "585", "pvap": "   3,33", "e": "S", "st": "Eleito"}, {"seq": "46", "n": "14666", "vap": "14", "pvap": "   0,08", "e": "N", "st": "Suplente"}, {"seq": "50", "n": "14789", "vap": "8", "pvap": "   0,05", "e": "N", "st": "Suplente"}, {"seq": "34", "n": "14024", "vap": "51", "pvap": "   0,29", "e": "N", "st": "Suplente"}, {"seq": "52", "n": "14321", "vap": "5", "pvap": "   0,03", "e": "N", "st": "Suplente"}, {"seq": "24", "n": "14777", "vap": "198", "pvap": "   1,13", "e": "N", "st": "Suplente"}, {"seq": "51", "n": "14414", "vap": "6", "pvap": "   0,03", "e": "N", "st": "Suplente"}, {"seq": "23", "n": "14111", "vap": "318", "pvap": "   1,81", "e": "N", "st": "Suplente"}, {"seq": "54", "n": "13000", "vap": "22", "pvap": "   0,13", "e": "N", "st": "N\u00e3o eleito"}]}, {"dt": "15/11/2020", "ht": "22:10:32", "tf": "S", "and": "F", "tpabr": "ZONA", "cdabr": "47", "s": "62", "st": "62", "snt": "0", "si": "62", "sni": "0", "sa": "62", "sna": "0", "pst": " 100,00", "psnt": "   0,00", "psi": " 100,00", "psni": "   0,00", "psa": " 100,00", "psna": "   0,00", "e": "24642", "ea": "24642", "ena": "0", "esi": "24642", "esni": "0", "a": "6141", "c": "18501", "pea": " 100,00", "pena": "   0,00", "pesi": " 100,00", "pesni": "   0,00", "pa": "  24,92", "pc": "  75,08", "vnom": "16652", "vscv": "0", "vl": "924", "tv": "18501", "vvc": "17576", "vb": "274", "tvn": "651", "vn": "651", "vnt": "0", "vp": "0", "vv": "17576", "van": "0", "vansj": "0", "pvnom": "  94,74", "pvl": "   5,26", "pvvc": "  95,00", "pvb": "   1,48", "ptvn": "   3,52", "pvn": " 100,00", "pvnt": "   0,00", "pvp": "   0,00", "pvv": " 100,00", "pvan": "   0,00", "pvansj": "   0,00", "cand": [{"seq": "14", "n": "14222", "vap": "585", "pvap": "   3,33", "e": "S", "st": "Eleito"}, {"seq": "15", "n": "14444", "vap": "472", "pvap": "   2,69", "e": "S", "st": "Eleito"}, {"seq": "23", "n": "14111", "vap": "318", "pvap": "   1,81", "e": "N", "st": "Suplente"}, {"seq": "24", "n": "14777", "vap": "198", "pvap": "   1,13", "e": "N", "st": "Suplente"}, {"seq": "31", "n": "14456", "vap": "65", "pvap": "   0,37", "e": "N", "st": "Suplente"}, {"seq": "32", "n": "14123", "vap": "60", "pvap": "   0,34", "e": "N", "st": "Suplente"}, {"seq": "33", "n": "14555", "vap": "57", "pvap": "   0,32", "e": "N", "st": "Suplente"}, {"seq": "34", "n": "14024", "vap": "51", "pvap": "   0,29", "e": "N", "st": "Suplente"}, {"seq": "38", "n": "14333", "vap": "24", "pvap": "   0,14", "e": "N", "st": "Suplente"}, {"seq": "42", "n": "14000", "vap": "17", "pvap": "   0,10", "e": "N", "st": "Suplente"}, {"seq": "46", "n": "14666", "vap": "14", "pvap": "   0,08", "e": "N", "st": "Suplente"}, {"seq": "49", "n": "14713", "vap": "10", "pvap": "   0,06", "e": "N", "st": "Suplente"}, {"seq": "50", "n": "14789", "vap": "8", "pvap": "   0,05", "e": "N", "st": "Suplente"}, {"seq": "51", "n": "14414", "vap": "6", "pvap": "   0,03", "e": "N", "st": "Suplente"}, {"seq": "52", "n": "14321", "vap": "5", "pvap": "   0,03", "e": "N", "st": "Suplente"}, {"seq": "54", "n": "13000", "vap": "22", "pvap": "   0,13", "e": "N", "st": "N\u00e3o eleito"}, {"seq": "1", "n": "11000", "vap": "938", "pvap": "   5,34", "e": "S", "st": "Eleito"}, {"seq": "3", "n": "11555", "vap": "885", "pvap": "   5,04", "e": "S", "st": "Eleito"}, {"seq": "6", "n": "11111", "vap": "822", "pvap": "   4,68", "e": "S", "st": "Eleito"}, {"seq": "9", "n": "11456", "vap": "656", "pvap": "   3,73", "e": "S", "st": "Eleito"}, {"seq": "10", "n": "11222", "vap": "653", "pvap": "   3,72", "e": "S", "st": "Eleito"}, {"seq": "12", "n": "11777", "vap": "620", "pvap": "   3,53", "e": "S", "st": "Eleito"}, {"seq": "13", "n": "11888", "vap": "598", "pvap": "   3,40", "e": "S", "st": "Eleito"}, {"seq": "18", "n": "11112", "vap": "543", "pvap": "   3,09", "e": "N", "st": "Suplente"}, {"seq": "19", "n": "11699", "vap": "539", "pvap": "   3,07", "e": "N", "st": "Suplente"}, {"seq": "22", "n": "11444", "vap": "454", "pvap": "   2,58", "e": "N", "st": "Suplente"}, {"seq": "25", "n": "11123", "vap": "193", "pvap": "   1,10", "e": "N", "st": "Suplente"}, {"seq": "26", "n": "11011", "vap": "189", "pvap": "   1,08", "e": "N", "st": "Suplente"}, {"seq": "27", "n": "11122", "vap": "188", "pvap": "   1,07", "e": "N", "st": "Suplente"}, {"seq": "28", "n": "11333", "vap": "120", "pvap": "   0,68", "e": "N", "st": "Suplente"}, {"seq": "30", "n": "11100", "vap": "80", "pvap": "   0,46", "e": "N", "st": "Suplente"}, {"seq": "37", "n": "11789", "vap": "24", "pvap": "   0,14", "e": "N", "st": "Suplente"}, {"seq": "41", "n": "11258", "vap": "18", "pvap": "   0,10", "e": "N", "st": "Suplente"}, {"seq": "44", "n": "11500", "vap": "17", "pvap": "   0,10", "e": "N", "st": "Suplente"}, {"seq": "45", "n": "11255", "vap": "16", "pvap": "   0,09", "e": "N", "st": "Suplente"}, {"seq": "47", "n": "11999", "vap": "13", "pvap": "   0,07", "e": "N", "st": "Suplente"}, {"seq": "48", "n": "11666", "vap": "11", "pvap": "   0,06", "e": "N", "st": "Suplente"}, {"seq": "53", "n": "11234", "vap": "3", "pvap": "   0,02", "e": "N", "st": "Suplente"}, {"seq": "2", "n": "15000", "vap": "915", "pvap": "   5,21", "e": "S", "st": "Eleito"}, {"seq": "4", "n": "15369", "vap": "855", "pvap": "   4,86", "e": "S", "st": "Eleito"}, {"seq": "5", "n": "15333", "vap": "838", "pvap": "   4,77", "e": "S", "st": "Eleito"}, {"seq": "7", "n": "15999", "vap": "750", "pvap": "   4,27", "e": "S", "st": "Eleito"}, {"seq": "8", "n": "15123", "vap": "715", "pvap": "   4,07", "e": "S", "st": "Eleito"}, {"seq": "11", "n": "15222", "vap": "639", "pvap": "   3,64", "e": "S", "st": "Eleito"}, {"seq": "16", "n": "15111", "vap": "635", "pvap": "   3,61", "e": "N", "st": "Suplente"}, {"seq": "17", "n": "15555", "vap": "564", "pvap": "   3,21", "e": "N", "st": "Suplente"}, {"seq": "20", "n": "15777", "vap": "521", "pvap": "   2,96", "e": "N", "st": "Suplente"}, {"seq": "21", "n": "15888", "vap": "500", "pvap": "   2,84", "e": "N", "st": "Suplente"}, {"seq": "29", "n": "15133", "vap": "106", "pvap": "   0,60", "e": "N", "st": "Suplente"}, {"seq": "35", "n": "15666", "vap": "34", "pvap": "   0,19", "e": "N", "st": "Suplente"}, {"seq": "36", "n": "15100", "vap": "27", "pvap": "   0,15", "e": "N", "st": "Suplente"}, {"seq": "39", "n": "15678", "vap": "22", "pvap": "   0,13", "e": "N", "st": "Suplente"}, {"seq": "40", "n": "15444", "vap": "22", "pvap": "   0,13", "e": "N", "st": "Suplente"}, {"seq": "43", "n": "15234", "vap": "17", "pvap": "   0,10", "e": "N", "st": "Suplente"}]}]}