{"ele": "426", "carper": "13", "t": "1", "f": "O", "esae": "N", "mnae": " ", "dg": "15/11/2020", "hg": "22:14:52", "dv": "S", "nadf": "al27618-c0013-e000426-002-f", "abr": [{"dt": "15/11/2020", "ht": "22:04:41", "tf": "S", "and": "F", "tpabr": "MU", "cdabr": "27618", "s": "51", "st": "51", "snt": "0", "si": "51", "sni": "0", "sa": "51", "sna": "0", "pst": " 100,00", "psnt": "   0,00", "psi": " 100,00", "psni": "   0,00", "psa": " 100,00", "psna": "   0,00", "e": "19425", "ea": "19425", "ena": "0", "esi": "19425", "esni": "0", "c": "14625", "a": "4800", "pea": " 100,00", "pena": "   0,00", "pesi": " 100,00", "pesni": "   0,00", "pa": "  24,71", "pc": "  75,29", "vscv": "0", "vnom": "12946", "vl": "869", "tv": "14625", "vvc": "13830", "vb": "198", "tvn": "597", "vn": "597", "vnt": "0", "vp": "0", "vv": "13815", "van": "0", "vansj": "15", "pvnom": "  93,71", "pvl": "   6,29", "pvvc": "  94,56", "pvb": "   1,36", "ptvn": "   4,08", "pvn": " 100,00", "pvnt": "   0,00", "pvp": "   0,00", "pvv": "  99,89", "pvan": "   0,00", "pvansj": "   0,11", "colig": [{"n": "20000123472", "tvtn": "3887", "tvan": "3887", "vag": "3", "tvtl": "83", "tval": "83"}, {"n": "20000085154", "tvtn": "5486", "tvan": "5486", "vag": "5", "tvtl": "384", "tval": "384"}, {"n": "20000085200", "tvtn": "70", "tvan": "85", "vag": "0", "tvtl": "2", "tval": "2"}, {"n": "20000123475", "tvtn": "3503", "tvan": "3503", "vag": "3", "tvtl": "400", "tval": "400"}], "part": [{"n": "23", "tvtn": "3887", "tvan": "3887", "tvtl": "83", "tval": "83"}, {"n": "11", "tvtn": "5486", "tvan": "5486", "tvtl": "384", "tval": "384"}, {"n": "90", "tvtn": "70", "tvan": "85", "tvtl": "2", "tval": "2"}, {"n": "14", "tvtn": "3503", "tvan": "3503", "tvtl": "400", "tval": "400"}], "cand": [{"seq": "20", "n": "23999", "vap": "273", "pvap": "   1,97", "e": "N", "st": "Suplente"}, {"seq": "31", "n": "23244", "vap": "45", "pvap": "   0,33", "e": "N", "st": "Suplente"}, {"seq": "17", "n": "23222", "vap": "336", "pvap": "   2,43", "e": "N", "st": "Suplente"}, {"seq": "24", "n": "23456", "vap": "210", "pvap": "   1,52", "e": "N", "st": "Suplente"}, {"seq": "2", "n": "23333", "vap": "857", "pvap": "   6,20", "e": "S", "st": "Eleito"}, {"seq": "11", "n": "23444", "vap": "490", "pvap": "   3,54", "e": "S", "st": "Eleito"}, {"seq": "23", "n": "23555", "vap": "229", "pvap": "   1,66", "e": "N", "st": "Suplente"}, {"seq": "12", "n": "23888", "vap": "470", "pvap": "   3,40", "e": "N", "st": "Suplente"}, {"seq": "14", "n": "23000", "vap": "442", "pvap": "   3,20", "e": "N", "st": "Suplente"}, {"seq": "10", "n": "23111", "vap": "535", "pvap": "   3,87", "e": "S", "st": "Eleito"}, {"seq": "18", "n": "11000", "vap": "318", "pvap": "   2,30", "e": "N", "st": "Suplente"}, {"seq": "32", "n": "11789", "vap": "23", "pvap": "   0,17", "e": "N", "st": "Suplente"}, {"seq": "22", "n": "11777", "vap": "265", "pvap": "   1,92", "e": "N", "st": "Suplente"}, {"seq": "3", "n": "11444", "vap": "792", "pvap": "   5,73", "e": "S", "st": "Eleito"}, {"seq": "25", "n": "11234", "vap": "193", "pvap": "   1,40", "e": "N", "st": "Suplente"}, {"seq": "1", "n": "11333", "vap": "1117", "pvap": "   8,08", "e": "S", "st": "Eleito"}, {"seq": "33", "n": "11133", "vap": "20", "pvap": "   0,14", "e": "N", "st": "Suplente"}, {"seq": "6", "n": "11888", "vap": "621", "pvap": "   4,49", "e": "S", "st": "Eleito"}, {"seq": "19", "n": "11111", "vap": "290", "pvap": "   2,10", "e": "N", "st": "Suplente"}, {"seq": "29", "n": "11555", "vap": "103", "pvap": "   0,74", "e": "N", "st": "Suplente"}, {"seq": "30", "n": "11112", "vap": "89", "pvap": "   0,64", "e": "N", "st": "Suplente"}, {"seq": "13", "n": "11222", "vap": "468", "pvap": "   3,38", "e": "N", "st": "Suplente"}, {"seq": "9", "n": "11999", "vap": "559", "pvap": "   4,04", "e": "S", "st": "Eleito"}, {"seq": "7", "n": "11666", "vap": "619", "pvap": "   4,48", "e": "S", "st": "Eleito"}, {"seq": "35", "n": "11005", "vap": "9", "pvap": "   0,07", "e": "N", "st": "Suplente"}, {"seq": "37", "n": "90111", "vap": "15", "pvap": "   0,11", "e": "N", "st": "N\u00e3o eleito"}, {"seq": "36", "n": "90000", "vap": "70", "pvap": "   0,51", "e": "N", "st": "N\u00e3o eleito"}, {"seq": "5", "n": "14555", "vap": "664", "pvap": "   4,80", "e": "S", "st": "Eleito"}, {"seq": "28", "n": "14222", "vap": "142", "pvap": "   1,03", "e": "N", "st": "Suplente"}, {"seq": "16", "n": "14111", "vap": "358", "pvap": "   2,59", "e": "N", "st": "Suplente"}, {"seq": "27", "n": "14100", "vap": "143", "pvap": "   1,03", "e": "N", "st": "Suplente"}, {"seq": "26", "n": "14144", "vap": "154", "pvap": "   1,11", "e": "N", "st": "Suplente"}, {"seq": "21", "n": "14231", "vap": "266", "pvap": "   1,92", "e": "N", "st": "Suplente"}, {"seq": "34", "n": "14333", "vap": "12", "pvap": "   0,09", "e": "N", "st": "Suplente"}, {"seq": "8", "n": "14444", "vap": "559", "pvap": "   4,04", "e": "S", "st": "Eleito"}, {"seq": "4", "n": "14000", "vap": "765", "pvap": "   5,53", "e": "S", "st": "Eleito"}, {"seq": "15", "n": "14777", "vap": "440", "pvap": "   3,18", "e": "N", "st": "Suplente"}]}, {"dt": "15/11/2020", "ht": "22:04:41", "tf": "S", "and": "F", "tpabr": "ZONA", "cdabr": "45", "s": "51", "st": "51", "snt": "0", "si": "51", "sni": "0", "sa": "51", "sna": "0", "pst": " 100,00", "psnt": "   0,00", "psi": " 100,00", "psni": "   0,00", "psa": " 100,00", "psna": "   0,00", "e": "19425", "ea": "19425", "ena": "0", "esi": "19425", "esni": "0", "a": "4800", "c": "14625", "pea": " 100,00", "pena": "   0,00", "pesi": " 100,00", "pesni": "   0,00", "pa": "  24,71", "pc": "  75,29", "vnom": "12946", "vscv": "0", "vl": "869", "tv": "14625", "vvc": "13830", "vb": "198", "tvn": "597", "vn": "597", "vnt": "0", "vp": "0", "vv": "13815", "van": "0", "vansj": "15", "pvnom": "  93,71", "pvl": "   6,29", "pvvc": "  94,56", "pvb": "   1,36", "ptvn": "   4,08", "pvn": " 100,00", "pvnt": "   0,00", "pvp": "   0,00", "pvv": "  99,89", "pvan": "   0,00", "pvansj": "   0,11", "cand": [{"seq": "36", "n": "90000", "vap": "70", "pvap": "   0,51", "e": "N", "st": "N\u00e3o eleito"}, {"seq": "37", "n": "90111", "vap": "15", "pvap": "   0,11", "e": "N", "st": "N\u00e3o eleito"}, {"seq": "1", "n": "11333", "vap": "1117", "pvap": "   8,08", "e": "S", "st": "Eleito"}, {"seq": "3", "n": "11444", "vap": "792", "pvap": "   5,73", "e": "S", "st": "Eleito"}, {"seq": "6", "n": "11888", "vap": "621", "pvap": "   4,49", "e": "S", "st": "Eleito"}, {"seq": "7", "n": "11666", "vap": "619", "pvap": "   4,48", "e": "S", "st": "Eleito"}, {"seq": "9", "n": "11999", "vap": "559", "pvap": "   4,04", "e": "S", "st": "Eleito"}, {"seq": "13", "n": "11222", "vap": "468", "pvap": "   3,38", "e": "N", "st": "Suplente"}, {"seq": "18", "n": "11000", "vap": "318", "pvap": "   2,30", "e": "N", "st": "Suplente"}, {"seq": "19", "n": "11111", "vap": "290", "pvap": "   2,10", "e": "N", "st": "Suplente"}, {"seq": "22", "n": "11777", "vap": "265", "pvap": "   1,92", "e": "N", "st": "Suplente"}, {"seq": "25", "n": "11234", "vap": "193", "pvap": "   1,40", "e": "N", "st": "Suplente"}, {"seq": "29", "n": "11555", "vap": "103", "pvap": "   0,74", "e": "N", "st": "Suplente"}, {"seq": "30", "n": "11112", "vap": "89", "pvap": "   0,64", "e": "N", "st": "Suplente"}, {"seq": "32", "n": "11789", "vap": "23", "pvap": "   0,17", "e": "N", "st": "Suplente"}, {"seq": "33", "n": "11133", "vap": "20", "pvap": "   0,14", "e": "N", "st": "Suplente"}, {"seq": "35", "n": "11005", "vap": "9", "pvap": "   0,07", "e": "N", "st": "Suplente"}, {"seq": "2", "n": "23333", "vap": "857", "pvap": "   6,20", "e": "S", "st": "Eleito"}, {"seq": "10", "n": "23111", "vap": "535", "pvap": "   3,87", "e": "S", "st": "Eleito"}, {"seq": "11", "n": "23444", "vap": "490", "pvap": "   3,54", "e": "S", "st": "Eleito"}, {"seq": "12", "n": "23888", "vap": "470", "pvap": "   3,40", "e": "N", "st": "Suplente"}, {"seq": "14", "n": "23000", "vap": "442", "pvap": "   3,20", "e": "N", "st": "Suplente"}, {"seq": "17", "n": "23222", "vap": "336", "pvap": "   2,43", "e": "N", "st": "Suplente"}, {"seq": "20", "n": "23999", "vap": "273", "pvap": "   1,97", "e": "N", "st": "Suplente"}, {"seq": "23", "n": "23555", "vap": "229", "pvap": "   1,66", "e": "N", "st": "Suplente"}, {"seq": "24", "n": "23456", "vap": "210", "pvap": "   1,52", "e": "N", "st": "Suplente"}, {"seq": "31", "n": "23244", "vap": "45", "pvap": "   0,33", "e": "N", "st": "Suplente"}, {"seq": "4", "n": "14000", "vap": "765", "pvap": "   5,53", "e": "S", "st": "Eleito"}, {"seq": "5", "n": "14555", "vap": "664", "pvap": "   4,80", "e": "S", "st": "Eleito"}, {"seq": "8", "n": "14444", "vap": "559", "pvap": "   4,04", "e": "S", "st": "Eleito"}, {"seq": "15", "n": "14777", "vap": "440", "pvap": "   3,18", "e": "N", "st": "Suplente"}, {"seq": "16", "n": "14111", "vap": "358", "pvap": "   2,59", "e": "N", "st": "Suplente"}, {"seq": "21", "n": "14231", "vap": "266", "pvap": "   1,92", "e": "N", "st": "Suplente"}, {"seq": "26", "n": "14144", "vap": "154", "pvap": "   1,11", "e": "N", "st": "Suplente"}, {"seq": "27", "n": "14100", "vap": "143", "pvap": "   1,03", "e": "N", "st": "Suplente"}, {"seq": "28", "n": "14222", "vap": "142", "pvap": "   1,03", "e": "N", "st": "Suplente"}, {"seq": "34", "n": "14333", "vap": "12", "pvap": "   0,09", "e": "N", "st": "Suplente"}]}]}