{"ele": "426", "carper": "13", "t": "1", "f": "O", "esae": "N", "mnae": " ", "dg": "16/11/2020", "hg": "10:42:21", "dv": "S", "nadf": "am02046-c0013-e000426-003-f", "abr": [{"dt": "16/11/2020", "ht": "09:13:17", "tf": "S", "and": "F", "tpabr": "MU", "cdabr": "02046", "s": "50", "st": "50", "snt": "0", "si": "50", "sni": "0", "sa": "50", "sna": "0", "pst": " 100,00", "psnt": "   0,00", "psi": " 100,00", "psni": "   0,00", "psa": " 100,00", "psna": "   0,00", "e": "15775", "ea": "15775", "ena": "0", "esi": "15775", "esni": "0", "c": "13308", "a": "2467", "pea": " 100,00", "pena": "   0,00", "pesi": " 100,00", "pesni": "   0,00", "pa": "  15,64", "pc": "  84,36", "vscv": "0", "vnom": "12305", "vl": "691", "tv": "13308", "vvc": "12996", "vb": "84", "tvn": "228", "vn": "228", "vnt": "0", "vp": "0", "vv": "12996", "van": "0", "vansj": "0", "pvnom": "  94,68", "pvl": "   5,32", "pvvc": "  97,66", "pvb": "   0,63", "ptvn": "   1,71", "pvn": " 100,00", "pvnt": "   0,00", "pvp": "   0,00", "pvv": " 100,00", "pvan": "   0,00", "pvansj": "   0,00", "colig": [{"n": "40000070543", "tvtn": "655", "tvan": "655", "vag": "0", "tvtl": "20", "tval": "20"}, {"n": "40000070554", "tvtn": "1165", "tvan": "1165", "vag": "1", "tvtl": "168", "tval": "168"}, {"n": "40000097935", "tvtn": "1494", "tvan": "1494", "vag": "1", "tvtl": "133", "tval": "133"}, {"n": "40000151997", "tvtn": "41", "tvan": "41", "vag": "0", "tvtl": "20", "tval": "20"}, {"n": "40000064036", "tvtn": "27", "tvan": "27", "vag": "0", "tvtl": "7", "tval": "7"}, {"n": "40000068017", "tvtn": "1191", "tvan": "1191", "vag": "1", "tvtl": "26", "tval": "26"}, {"n": "40000068018", "tvtn": "148", "tvan": "148", "vag": "0", "tvtl": "5", "tval": "5"}, {"n": "40000058531", "tvtn": "2010", "tvan": "2010", "vag": "2", "tvtl": "32", "tval": "32"}, {"n": "40000067987", "tvtn": "869", "tvan": "869", "vag": "1", "tvtl": "33", "tval": "33"}, {"n": "40000064037", "tvtn": "3431", "tvan": "3431", "vag": "4", "tvtl": "217", "tval": "217"}, {"n": "40000097995", "tvtn": "1168", "tvan": "1168", "vag": "1", "tvtl": "22", "tval": "22"}, {"n": "40000067986", "tvtn": "106", "tvan": "106", "vag": "0", "tvtl": "8", "tval": "8"}], "part": [{"n": "25", "tvtn": "655", "tvan": "655", "tvtl": "20", "tval": "20"}, {"n": "15", "tvtn": "1165", "tvan": "1165", "tvtl": "168", "tval": "168"}, {"n": "11", "tvtn": "1494", "tvan": "1494", "tvtl": "133", "tval": "133"}, {"n": "14", "tvtn": "41", "tvan": "41", "tvtl": "20", "tval": "20"}, {"n": "36", "tvtn": "27", "tvan": "27", "tvtl": "7", "tval": "7"}, {"n": "45", "tvtn": "1191", "tvan": "1191", "tvtl": "26", "tval": "26"}, {"n": "51", "tvtn": "148", "tvan": "148", "tvtl": "5", "tval": "5"}, {"n": "10", "tvtn": "2010", "tvan": "2010", "tvtl": "32", "tval": "32"}, {"n": "22", "tvtn": "869", "tvan": "869", "tvtl": "33", "tval": "33"}, {"n": "55", "tvtn": "3431", "tvan": "3431", "tvtl": "217", "tval": "217"}, {"n": "20", "tvtn": "1168", "tvan": "1168", "tvtl": "22", "tval": "22"}, {"n": "17", "tvtn": "106", "tvan": "106", "tvtl": "8", "tval": "8"}], "cand": [{"seq": "84", "n": "25234", "vap": "150", "pvap": "   1,15", "e": "N", "st": "N\u00e3o eleito"}, {"seq": "87", "n": "25132", "vap": "81", "pvap": "   0,62", "e": "N", "st": "N\u00e3o eleito"}, {"seq": "83", "n": "25000", "vap": "247", "pvap": "   1,90", "e": "N", "st": "N\u00e3o eleito"}, {"seq": "95", "n": "25600", "vap": "14", "pvap": "   0,11", "e": "N", "st": "N\u00e3o eleito"}, {"seq": "90", "n": "25111", "vap": "31", "pvap": "   0,24", "e": "N", "st": "N\u00e3o eleito"}, {"seq": "85", "n": "25789", "vap": "132", "pvap": "   1,02", "e": "N", "st": "N\u00e3o eleito"}, {"seq": "79", "n": "15007", "vap": "6", "pvap": "   0,05", "e": "N", "st": "Suplente"}, {"seq": "20", "n": "15789", "vap": "197", "pvap": "   1,52", "e": "N", "st": "Suplente"}, {"seq": "68", "n": "15244", "vap": "17", "pvap": "   0,13", "e": "N", "st": "Suplente"}, {"seq": "54", "n": "15150", "vap": "43", "pvap": "   0,33", "e": "N", "st": "Suplente"}, {"seq": "25", "n": "15777", "vap": "159", "pvap": "   1,22", "e": "N", "st": "Suplente"}, {"seq": "28", "n": "15123", "vap": "135", "pvap": "   1,04", "e": "N", "st": "Suplente"}, {"seq": "7", "n": "15000", "vap": "396", "pvap": "   3,05", "e": "S", "st": "Eleito"}, {"seq": "17", "n": "15678", "vap": "212", "pvap": "   1,63", "e": "N", "st": "Suplente"}, {"seq": "65", "n": "11223", "vap": "21", "pvap": "   0,16", "e": "N", "st": "Suplente"}, {"seq": "78", "n": "11222", "vap": "6", "pvap": "   0,05", "e": "N", "st": "Suplente"}, {"seq": "74", "n": "11255", "vap": "11", "pvap": "   0,08", "e": "N", "st": "Suplente"}, {"seq": "57", "n": "11345", "vap": "39", "pvap": "   0,30", "e": "N", "st": "Suplente"}, {"seq": "56", "n": "11555", "vap": "39", "pvap": "   0,30", "e": "N", "st": "Suplente"}, {"seq": "47", "n": "11700", "vap": "69", "pvap": "   0,53", "e": "N", "st": "Suplente"}, {"seq": "40", "n": "11319", "vap": "91", "pvap": "   0,70", "e": "N", "st": "Suplente"}, {"seq": "64", "n": "11111", "vap": "23", "pvap": "   0,18", "e": "N", "st": "Suplente"}, {"seq": "55", "n": "11456", "vap": "41", "pvap": "   0,32", "e": "N", "st": "Suplente"}, {"seq": "29", "n": "11245", "vap": "135", "pvap": "   1,04", "e": "N", "st": "Suplente"}, {"seq": "51", "n": "11777", "vap": "52", "pvap": "   0,40", "e": "N", "st": "Suplente"}, {"seq": "18", "n": "11100", "vap": "208", "pvap": "   1,60", "e": "N", "st": "Suplente"}, {"seq": "23", "n": "11321", "vap": "171", "pvap": "   1,32", "e": "N", "st": "Suplente"}, {"seq": "52", "n": "11789", "vap": "46", "pvap": "   0,35", "e": "N", "st": "Suplente"}, {"seq": "43", "n": "11123", "vap": "78", "pvap": "   0,60", "e": "N", "st": "Suplente"}, {"seq": "27", "n": "11000", "vap": "142", "pvap": "   1,09", "e": "N", "st": "Suplente"}, {"seq": "10", "n": "11234", "vap": "322", "pvap": "   2,48", "e": "S", "st": "Eleito"}, {"seq": "94", "n": "14321", "vap": "15", "pvap": "   0,12", "e": "N", "st": "N\u00e3o eleito"}, {"seq": "91", "n": "14000", "vap": "26", "pvap": "   0,20", "e": "N", "st": "N\u00e3o eleito"}, {"seq": "93", "n": "36777", "vap": "17", "pvap": "   0,13", "e": "N", "st": "N\u00e3o eleito"}, {"seq": "101", "n": "36123", "vap": "3", "pvap": "   0,02", "e": "N", "st": "N\u00e3o eleito"}, {"seq": "99", "n": "36111", "vap": "7", "pvap": "   0,05", "e": "N", "st": "N\u00e3o eleito"}, {"seq": "75", "n": "45223", "vap": "8", "pvap": "   0,06", "e": "N", "st": "Suplente"}, {"seq": "12", "n": "45000", "vap": "553", "pvap": "   4,26", "e": "N", "st": "Suplente"}, {"seq": "72", "n": "45222", "vap": "15", "pvap": "   0,12", "e": "N", "st": "Suplente"}, {"seq": "1", "n": "45123", "vap": "615", "pvap": "   4,73", "e": "S", "st": "Eleito"}, {"seq": "89", "n": "51007", "vap": "35", "pvap": "   0,27", "e": "N", "st": "N\u00e3o eleito"}, {"seq": "97", "n": "51236", "vap": "9", "pvap": "   0,07", "e": "N", "st": "N\u00e3o eleito"}, {"seq": "92", "n": "51222", "vap": "19", "pvap": "   0,15", "e": "N", "st": "N\u00e3o eleito"}, {"seq": "98", "n": "51001", "vap": "9", "pvap": "   0,07", "e": "N", "st": "N\u00e3o eleito"}, {"seq": "88", "n": "51234", "vap": "72", "pvap": "   0,55", "e": "N", "st": "N\u00e3o eleito"}, {"seq": "100", "n": "51996", "vap": "4", "pvap": "   0,03", "e": "N", "st": "N\u00e3o eleito"}, {"seq": "36", "n": "10556", "vap": "109", "pvap": "   0,84", "e": "N", "st": "Suplente"}, {"seq": "2", "n": "10123", "vap": "521", "pvap": "   4,01", "e": "S", "st": "Eleito"}, {"seq": "80", "n": "10277", "vap": "6", "pvap": "   0,05", "e": "N", "st": "Suplente"}, {"seq": "15", "n": "10555", "vap": "245", "pvap": "   1,89", "e": "N", "st": "Suplente"}, {"seq": "50", "n": "10000", "vap": "57", "pvap": "   0,44", "e": "N", "st": "Suplente"}, {"seq": "81", "n": "10888", "vap": "5", "pvap": "   0,04", "e": "N", "st": "Suplente"}, {"seq": "46", "n": "10321", "vap": "71", "pvap": "   0,55", "e": "N", "st": "Suplente"}, {"seq": "35", "n": "10999", "vap": "109", "pvap": "   0,84", "e": "N", "st": "Suplente"}, {"seq": "62", "n": "10234", "vap": "24", "pvap": "   0,18", "e": "N", "st": "Suplente"}, {"seq": "73", "n": "10333", "vap": "11", "pvap": "   0,08", "e": "N", "st": "Suplente"}, {"seq": "14", "n": "10222", "vap": "298", "pvap": "   2,29", "e": "N", "st": "Suplente"}, {"seq": "63", "n": "10010", "vap": "23", "pvap": "   0,18", "e": "N", "st": "Suplente"}, {"seq": "61", "n": "10122", "vap": "25", "pvap": "   0,19", "e": "N", "st": "Suplente"}, {"seq": "32", "n": "10577", "vap": "122", "pvap": "   0,94", "e": "N", "st": "Suplente"}, {"seq": "9", "n": "10777", "vap": "384", "pvap": "   2,95", "e": "S", "st": "Eleito"}, {"seq": "26", "n": "22456", "vap": "145", "pvap": "   1,12", "e": "N", "st": "Suplente"}, {"seq": "76", "n": "22553", "vap": "6", "pvap": "   0,05", "e": "N", "st": "Suplente"}, {"seq": "67", "n": "22333", "vap": "18", "pvap": "   0,14", "e": "N", "st": "Suplente"}, {"seq": "82", "n": "22888", "vap": "1", "pvap": "   0,01", "e": "N", "st": "Suplente"}, {"seq": "8", "n": "22000", "vap": "392", "pvap": "   3,02", "e": "S", "st": "Eleito"}, {"seq": "37", "n": "22007", "vap": "107", "pvap": "   0,82", "e": "N", "st": "Suplente"}, {"seq": "21", "n": "22222", "vap": "180", "pvap": "   1,39", "e": "N", "st": "Suplente"}, {"seq": "66", "n": "22777", "vap": "20", "pvap": "   0,15", "e": "N", "st": "Suplente"}, {"seq": "6", "n": "55666", "vap": "414", "pvap": "   3,19", "e": "S", "st": "Eleito"}, {"seq": "34", "n": "55660", "vap": "111", "pvap": "   0,85", "e": "N", "st": "Suplente"}, {"seq": "31", "n": "55055", "vap": "124", "pvap": "   0,95", "e": "N", "st": "Suplente"}, {"seq": "13", "n": "55999", "vap": "389", "pvap": "   2,99", "e": "N", "st": "Suplente"}, {"seq": "5", "n": "55123", "vap": "420", "pvap": "   3,23", "e": "S", "st": "Eleito"}, {"seq": "58", "n": "55331", "vap": "31", "pvap": "   0,24", "e": "N", "st": "Suplente"}, {"seq": "48", "n": "55234", "vap": "65", "pvap": "   0,50", "e": "N", "st": "Suplente"}, {"seq": "16", "n": "55456", "vap": "231", "pvap": "   1,78", "e": "N", "st": "Suplente"}, {"seq": "3", "n": "55555", "vap": "511", "pvap": "   3,93", "e": "S", "st": "Eleito"}, {"seq": "22", "n": "55444", "vap": "177", "pvap": "   1,36", "e": "N", "st": "Suplente"}, {"seq": "59", "n": "55789", "vap": "28", "pvap": "   0,22", "e": "N", "st": "Suplente"}, {"seq": "38", "n": "55369", "vap": "105", "pvap": "   0,81", "e": "N", "st": "Suplente"}, {"seq": "4", "n": "55222", "vap": "468", "pvap": "   3,60", "e": "S", "st": "Eleito"}, {"seq": "71", "n": "55333", "vap": "16", "pvap": "   0,12", "e": "N", "st": "Suplente"}, {"seq": "44", "n": "55777", "vap": "76", "pvap": "   0,58", "e": "N", "st": "Suplente"}, {"seq": "39", "n": "55111", "vap": "100", "pvap": "   0,77", "e": "N", "st": "Suplente"}, {"seq": "24", "n": "55446", "vap": "165", "pvap": "   1,27", "e": "N", "st": "Suplente"}, {"seq": "11", "n": "20000", "vap": "302", "pvap": "   2,32", "e": "S", "st": "Eleito"}, {"seq": "60", "n": "20012", "vap": "26", "pvap": "   0,20", "e": "N", "st": "Suplente"}, {"seq": "77", "n": "20234", "vap": "6", "pvap": "   0,05", "e": "N", "st": "Suplente"}, {"seq": "70", "n": "20202", "vap": "17", "pvap": "   0,13", "e": "N", "st": "Suplente"}, {"seq": "42", "n": "20555", "vap": "85", "pvap": "   0,65", "e": "N", "st": "Suplente"}, {"seq": "30", "n": "20123", "vap": "134", "pvap": "   1,03", "e": "N", "st": "Suplente"}, {"seq": "69", "n": "20222", "vap": "17", "pvap": "   0,13", "e": "N", "st": "Suplente"}, {"seq": "45", "n": "20777", "vap": "75", "pvap": "   0,58", "e": "N", "st": "Suplente"}, {"seq": "19", "n": "20235", "vap": "199", "pvap": "   1,53", "e": "N", "st": "Suplente"}, {"seq": "41", "n": "20500", "vap": "91", "pvap": "   0,70", "e": "N", "st": "Suplente"}, {"seq": "53", "n": "20111", "vap": "43", "pvap": "   0,33", "e": "N", "st": "Suplente"}, {"seq": "33", "n": "20020", "vap": "116", "pvap": "   0,89", "e": "N", "st": "Suplente"}, {"seq": "49", "n": "20654", "vap": "57", "pvap": "   0,44", "e": "N", "st": "Suplente"}, {"seq": "86", "n": "17123", "vap": "95", "pvap": "   0,73", "e": "N", "st": "N\u00e3o eleito"}, {"seq": "96", "n": "17222", "vap": "11", "pvap": "   0,08", "e": "N", "st": "N\u00e3o eleito"}]}, {"dt": "16/11/2020", "ht": "09:13:17", "tf": "S", "and": "F", "tpabr": "ZONA", "cdabr": "31", "s": "50", "st": "50", "snt": "0", "si": "50", "sni": "0", "sa": "50", "sna": "0", "pst": " 100,00", "psnt": "   0,00", "psi": " 100,00", "psni": "   0,00", "psa": " 100,00", "psna": "   0,00", "e": "15775", "ea": "15775", "ena": "0", "esi": "15775", "esni": "0", "a": "2467", "c": "13308", "pea": " 100,00", "pena": "   0,00", "pesi": " 100,00", "pesni": "   0,00", "pa": "  15,64", "pc": "  84,36", "vnom": "12305", "vscv": "0", "vl": "691", "tv": "13308", "vvc": "12996", "vb": "84", "tvn": "228", "vn": "228", "vnt": "0", "vp": "0", "vv": "12996", "van": "0", "vansj": "0", "pvnom": "  94,68", "pvl": "   5,32", "pvvc": "  97,66", "pvb": "   0,63", "ptvn": "   1,71", "pvn": " 100,00", "pvnt": "   0,00", "pvp": "   0,00", "pvv": " 100,00", "pvan": "   0,00", "pvansj": "   0,00", "cand": [{"seq": "44", "n": "55777", "vap": "76", "pvap": "   0,58", "e": "N", "st": "Suplente"}, {"seq": "13", "n": "55999", "vap": "389", "pvap": "   2,99", "e": "N", "st": "Suplente"}, {"seq": "38", "n": "55369", "vap": "105", "pvap": "   0,81", "e": "N", "st": "Suplente"}, {"seq": "48", "n": "55234", "vap": "65", "pvap": "   0,50", "e": "N", "st": "Suplente"}, {"seq": "34", "n": "55660", "vap": "111", "pvap": "   0,85", "e": "N", "st": "Suplente"}, {"seq": "22", "n": "55444", "vap": "177", "pvap": "   1,36", "e": "N", "st": "Suplente"}, {"seq": "39", "n": "55111", "vap": "100", "pvap": "   0,77", "e": "N", "st": "Suplente"}, {"seq": "31", "n": "55055", "vap": "124", "pvap": "   0,95", "e": "N", "st": "Suplente"}, {"seq": "5", "n": "55123", "vap": "420", "pvap": "   3,23", "e": "S", "st": "Eleito"}, {"seq": "3", "n": "55555", "vap": "511", "pvap": "   3,93", "e": "S", "st": "Eleito"}, {"seq": "58", "n": "55331", "vap": "31", "pvap": "   0,24", "e": "N", "st": "Suplente"}, {"seq": "16", "n": "55456", "vap": "231", "pvap": "   1,78", "e": "N", "st": "Suplente"}, {"seq": "4", "n": "55222", "vap": "468", "pvap": "   3,60", "e": "S", "st": "Eleito"}, {"seq": "24", "n": "55446", "vap": "165", "pvap": "   1,27", "e": "N", "st": "Suplente"}, {"seq": "6", "n": "55666", "vap": "414", "pvap": "   3,19", "e": "S", "st": "Eleito"}, {"seq": "59", "n": "55789", "vap": "28", "pvap": "   0,22", "e": "N", "st": "Suplente"}, {"seq": "71", "n": "55333", "vap": "16", "pvap": "   0,12", "e": "N", "st": "Suplente"}, {"seq": "86", "n": "17123", "vap": "95", "pvap": "   0,73", "e": "N", "st": "N\u00e3o eleito"}, {"seq": "96", "n": "17222", "vap": "11", "pvap": "   0,08", "e": "N", "st": "N\u00e3o eleito"}, {"seq": "66", "n": "22777", "vap": "20", "pvap": "   0,15", "e": "N", "st": "Suplente"}, {"seq": "37", "n": "22007", "vap": "107", "pvap": "   0,82", "e": "N", "st": "Suplente"}, {"seq": "26", "n": "22456", "vap": "145", "pvap": "   1,12", "e": "N", "st": "Suplente"}, {"seq": "76", "n": "22553", "vap": "6", "pvap": "   0,05", "e": "N", "st": "Suplente"}, {"seq": "21", "n": "22222", "vap": "180", "pvap": "   1,39", "e": "N", "st": "Suplente"}, {"seq": "8", "n": "22000", "vap": "392", "pvap": "   3,02", "e": "S", "st": "Eleito"}, {"seq": "82", "n": "22888", "vap": "1", "pvap": "   0,01", "e": "N", "st": "Suplente"}, {"seq": "67", "n": "22333", "vap": "18", "pvap": "   0,14", "e": "N", "st": "Suplente"}, {"seq": "95", "n": "25600", "vap": "14", "pvap": "   0,11", "e": "N", "st": "N\u00e3o eleito"}, {"seq": "84", "n": "25234", "vap": "150", "pvap": "   1,15", "e": "N", "st": "N\u00e3o eleito"}, {"seq": "83", "n": "25000", "vap": "247", "pvap": "   1,90", "e": "N", "st": "N\u00e3o eleito"}, {"seq": "85", "n": "25789", "vap": "132", "pvap": "   1,02", "e": "N", "st": "N\u00e3o eleito"}, {"seq": "87", "n": "25132", "vap": "81", "pvap": "   0,62", "e": "N", "st": "N\u00e3o eleito"}, {"seq": "90", "n": "25111", "vap": "31", "pvap": "   0,24", "e": "N", "st": "N\u00e3o eleito"}, {"seq": "1", "n": "45123", "vap": "615", "pvap": "   4,73", "e": "S", "st": "Eleito"}, {"seq": "72", "n": "45222", "vap": "15", "pvap": "   0,12", "e": "N", "st": "Suplente"}, {"seq": "75", "n": "45223", "vap": "8", "pvap": "   0,06", "e": "N", "st": "Suplente"}, {"seq": "12", "n": "45000", "vap": "553", "pvap": "   4,26", "e": "N", "st": "Suplente"}, {"seq": "92", "n": "51222", "vap": "19", "pvap": "   0,15", "e": "N", "st": "N\u00e3o eleito"}, {"seq": "88", "n": "51234", "vap": "72", "pvap": "   0,55", "e": "N", "st": "N\u00e3o eleito"}, {"seq": "98", "n": "51001", "vap": "9", "pvap": "   0,07", "e": "N", "st": "N\u00e3o eleito"}, {"seq": "97", "n": "51236", "vap": "9", "pvap": "   0,07", "e": "N", "st": "N\u00e3o eleito"}, {"seq": "89", "n": "51007", "vap": "35", "pvap": "   0,27", "e": "N", "st": "N\u00e3o eleito"}, {"seq": "100", "n": "51996", "vap": "4", "pvap": "   0,03", "e": "N", "st": "N\u00e3o eleito"}, {"seq": "94", "n": "14321", "vap": "15", "pvap": "   0,12", "e": "N", "st": "N\u00e3o eleito"}, {"seq": "91", "n": "14000", "vap": "26", "pvap": "   0,20", "e": "N", "st": "N\u00e3o eleito"}, {"seq": "101", "n": "36123", "vap": "3", "pvap": "   0,02", "e": "N", "st": "N\u00e3o eleito"}, {"seq": "99", "n": "36111", "vap": "7", "pvap": "   0,05", "e": "N", "st": "N\u00e3o eleito"}, {"seq": "93", "n": "36777", "vap": "17", "pvap": "   0,13", "e": "N", "st": "N\u00e3o eleito"}, {"seq": "18", "n": "11100", "vap": "208", "pvap": "   1,60", "e": "N", "st": "Suplente"}, {"seq": "64", "n": "11111", "vap": "23", "pvap": "   0,18", "e": "N", "st": "Suplente"}, {"seq": "65", "n": "11223", "vap": "21", "pvap": "   0,16", "e": "N", "st": "Suplente"}, {"seq": "10", "n": "11234", "vap": "322", "pvap": "   2,48", "e": "S", "st": "Eleito"}, {"seq": "23", "n": "11321", "vap": "171", "pvap": "   1,32", "e": "N", "st": "Suplente"}, {"seq": "55", "n": "11456", "vap": "41", "pvap": "   0,32", "e": "N", "st": "Suplente"}, {"seq": "56", "n": "11555", "vap": "39", "pvap": "   0,30", "e": "N", "st": "Suplente"}, {"seq": "51", "n": "11777", "vap": "52", "pvap": "   0,40", "e": "N", "st": "Suplente"}, {"seq": "78", "n": "11222", "vap": "6", "pvap": "   0,05", "e": "N", "st": "Suplente"}, {"seq": "29", "n": "11245", "vap": "135", "pvap": "   1,04", "e": "N", "st": "Suplente"}, {"seq": "47", "n": "11700", "vap": "69", "pvap": "   0,53", "e": "N", "st": "Suplente"}, {"seq": "27", "n": "11000", "vap": "142", "pvap": "   1,09", "e": "N", "st": "Suplente"}, {"seq": "57", "n": "11345", "vap": "39", "pvap": "   0,30", "e": "N", "st": "Suplente"}, {"seq": "40", "n": "11319", "vap": "91", "pvap": "   0,70", "e": "N", "st": "Suplente"}, {"seq": "74", "n": "11255", "vap": "11", "pvap": "   0,08", "e": "N", "st": "Suplente"}, {"seq": "52", "n": "11789", "vap": "46", "pvap": "   0,35", "e": "N", "st": "Suplente"}, {"seq": "43", "n": "11123", "vap": "78", "pvap": "   0,60", "e": "N", "st": "Suplente"}, {"seq": "45", "n": "20777", "vap": "75", "pvap": "   0,58", "e": "N", "st": "Suplente"}, {"seq": "19", "n": "20235", "vap": "199", "pvap": "   1,53", "e": "N", "st": "Suplente"}, {"seq": "49", "n": "20654", "vap": "57", "pvap": "   0,44", "e": "N", "st": "Suplente"}, {"seq": "53", "n": "20111", "vap": "43", "pvap": "   0,33", "e": "N", "st": "Suplente"}, {"seq": "33", "n": "20020", "vap": "116", "pvap": "   0,89", "e": "N", "st": "Suplente"}, {"seq": "30", "n": "20123", "vap": "134", "pvap": "   1,03", "e": "N", "st": "Suplente"}, {"seq": "41", "n": "20500", "vap": "91", "pvap": "   0,70", "e": "N", "st": "Suplente"}, {"seq": "69", "n": "20222", "vap": "17", "pvap": "   0,13", "e": "N", "st": "Suplente"}, {"seq": "42", "n": "20555", "vap": "85", "pvap": "   0,65", "e": "N", "st": "Suplente"}, {"seq": "70", "n": "20202", "vap": "17", "pvap": "   0,13", "e": "N", "st": "Suplente"}, {"seq": "77", "n": "20234", "vap": "6", "pvap": "   0,05", "e": "N", "st": "Suplente"}, {"seq": "60", "n": "20012", "vap": "26", "pvap": "   0,20", "e": "N", "st": "Suplente"}, {"seq": "11", "n": "20000", "vap": "302", "pvap": "   2,32", "e": "S", "st": "Eleito"}, {"seq": "2", "n": "10123", "vap": "521", "pvap": "   4,01", "e": "S", "st": "Eleito"}, {"seq": "81", "n": "10888", "vap": "5", "pvap": "   0,04", "e": "N", "st": "Suplente"}, {"seq": "63", "n": "10010", "vap": "23", "pvap": "   0,18", "e": "N", "st": "Suplente"}, {"seq": "73", "n": "10333", "vap": "11", "pvap": "   0,08", "e": "N", "st": "Suplente"}, {"seq": "32", "n": "10577", "vap": "122", "pvap": "   0,94", "e": "N", "st": "Suplente"}, {"seq": "35", "n": "10999", "vap": "109", "pvap": "   0,84", "e": "N", "st": "Suplente"}, {"seq": "9", "n": "10777", "vap": "384", "pvap": "   2,95", "e": "S", "st": "Eleito"}, {"seq": "61", "n": "10122", "vap": "25", "pvap": "   0,19", "e": "N", "st": "Suplente"}, {"seq": "62", "n": "10234", "vap": "24", "pvap": "   0,18", "e": "N", "st": "Suplente"}, {"seq": "14", "n": "10222", "vap": "298", "pvap": "   2,29", "e": "N", "st": "Suplente"}, {"seq": "15", "n": "10555", "vap": "245", "pvap": "   1,89", "e": "N", "st": "Suplente"}, {"seq": "46", "n": "10321", "vap": "71", "pvap": "   0,55", "e": "N", "st": "Suplente"}, {"seq": "36", "n": "10556", "vap": "109", "pvap": "   0,84", "e": "N", "st": "Suplente"}, {"seq": "80", "n": "10277", "vap": "6", "pvap": "   0,05", "e": "N", "st": "Suplente"}, {"seq": "50", "n": "10000", "vap": "57", "pvap": "   0,44", "e": "N", "st": "Suplente"}, {"seq": "54", "n": "15150", "vap": "43", "pvap": "   0,33", "e": "N", "st": "Suplente"}, {"seq": "20", "n": "15789", "vap": "197", "pvap": "   1,52", "e": "N", "st": "Suplente"}, {"seq": "7", "n": "15000", "vap": "396", "pvap": "   3,05", "e": "S", "st": "Eleito"}, {"seq": "79", "n": "15007", "vap": "6", "pvap": "   0,05", "e": "N", "st": "Suplente"}, {"seq": "25", "n": "15777", "vap": "159", "pvap": "   1,22", "e": "N", "st": "Suplente"}, {"seq": "28", "n": "15123", "vap": "135", "pvap": "   1,04", "e": "N", "st": "Suplente"}, {"seq": "68", "n": "15244", "vap": "17", "pvap": "   0,13", "e": "N", "st": "Suplente"}, {"seq": "17", "n": "15678", "vap": "212", "pvap": "   1,63", "e": "N", "st": "Suplente"}]}]}