{"ele": "426", "carper": "13", "t": "1", "f": "O", "esae": "N", "mnae": " ", "dg": "15/11/2020", "hg": "22:39:43", "dv": "S", "nadf": "ba30996-c0013-e000426-003-f", "abr": [{"dt": "15/11/2020", "ht": "22:36:40", "tf": "S", "and": "F", "tpabr": "MU", "cdabr": "30996", "s": "48", "st": "48", "snt": "0", "si": "48", "sni": "0", "sa": "48", "sna": "0", "pst": " 100,00", "psnt": "   0,00", "psi": " 100,00", "psni": "   0,00", "psa": " 100,00", "psna": "   0,00", "e": "18573", "ea": "18573", "ena": "0", "esi": "18573", "esni": "0", "c": "15108", "a": "3465", "pea": " 100,00", "pena": "   0,00", "pesi": " 100,00", "pesni": "   0,00", "pa": "  18,66", "pc": "  81,34", "vscv": "0", "vnom": "13296", "vl": "752", "tv": "15108", "vvc": "14417", "vb": "155", "tvn": "536", "vn": "536", "vnt": "0", "vp": "0", "vv": "14048", "van": "0", "vansj": "369", "pvnom": "  94,65", "pvl": "   5,35", "pvvc": "  95,43", "pvb": "   1,02", "ptvn": "   3,55", "pvn": " 100,00", "pvnt": "   0,00", "pvp": "   0,00", "pvv": "  97,44", "pvan": "   0,00", "pvansj": "   2,56", "colig": [{"n": "50000154029", "tvtn": "2220", "tvan": "2220", "vag": "2", "tvtl": "50", "tval": "50"}, {"n": "50000154091", "tvtn": "4352", "tvan": "4352", "vag": "4", "tvtl": "322", "tval": "322"}, {"n": "50000154098", "tvtn": "1413", "tvan": "1413", "vag": "1", "tvtl": "18", "tval": "18"}, {"n": "50000154090", "tvtn": "1048", "tvan": "1048", "vag": "0", "tvtl": "20", "tval": "20"}, {"n": "50000060737", "tvtn": "4263", "tvan": "4632", "vag": "4", "tvtl": "342", "tval": "342"}], "part": [{"n": "13", "tvtn": "2220", "tvan": "2220", "tvtl": "50", "tval": "50"}, {"n": "22", "tvtn": "4352", "tvan": "4352", "tvtl": "322", "tval": "322"}, {"n": "65", "tvtn": "1413", "tvan": "1413", "tvtl": "18", "tval": "18"}, {"n": "40", "tvtn": "1048", "tvan": "1048", "tvtl": "20", "tval": "20"}, {"n": "55", "tvtn": "4263", "tvan": "4632", "tvtl": "342", "tval": "342"}], "cand": [{"seq": "36", "n": "13000", "vap": "42", "pvap": "   0,29", "e": "N", "st": "Suplente"}, {"seq": "7", "n": "13111", "vap": "579", "pvap": "   4,02", "e": "S", "st": "Eleito"}, {"seq": "22", "n": "13222", "vap": "223", "pvap": "   1,55", "e": "N", "st": "Suplente"}, {"seq": "31", "n": "13006", "vap": "75", "pvap": "   0,52", "e": "N", "st": "Suplente"}, {"seq": "33", "n": "13456", "vap": "56", "pvap": "   0,39", "e": "N", "st": "Suplente"}, {"seq": "12", "n": "13444", "vap": "515", "pvap": "   3,57", "e": "N", "st": "Suplente"}, {"seq": "2", "n": "13123", "vap": "730", "pvap": "   5,06", "e": "S", "st": "Eleito"}, {"seq": "25", "n": "22238", "vap": "154", "pvap": "   1,07", "e": "N", "st": "Suplente"}, {"seq": "17", "n": "22789", "vap": "312", "pvap": "   2,16", "e": "N", "st": "Suplente"}, {"seq": "16", "n": "22000", "vap": "336", "pvap": "   2,33", "e": "N", "st": "Suplente"}, {"seq": "28", "n": "22221", "vap": "113", "pvap": "   0,78", "e": "N", "st": "Suplente"}, {"seq": "38", "n": "22456", "vap": "22", "pvap": "   0,15", "e": "N", "st": "Suplente"}, {"seq": "3", "n": "22123", "vap": "730", "pvap": "   5,06", "e": "S", "st": "Eleito"}, {"seq": "11", "n": "22555", "vap": "416", "pvap": "   2,89", "e": "S", "st": "Eleito"}, {"seq": "18", "n": "22333", "vap": "294", "pvap": "   2,04", "e": "N", "st": "Suplente"}, {"seq": "8", "n": "22013", "vap": "570", "pvap": "   3,95", "e": "S", "st": "Eleito"}, {"seq": "1", "n": "22222", "vap": "1135", "pvap": "   7,87", "e": "S", "st": "Eleito"}, {"seq": "19", "n": "22111", "vap": "270", "pvap": "   1,87", "e": "N", "st": "Suplente"}, {"seq": "39", "n": "65777", "vap": "22", "pvap": "   0,15", "e": "N", "st": "Suplente"}, {"seq": "43", "n": "65122", "vap": "8", "pvap": "   0,06", "e": "N", "st": "Suplente"}, {"seq": "30", "n": "65125", "vap": "76", "pvap": "   0,53", "e": "N", "st": "Suplente"}, {"seq": "23", "n": "65444", "vap": "180", "pvap": "   1,25", "e": "N", "st": "Suplente"}, {"seq": "41", "n": "65555", "vap": "21", "pvap": "   0,15", "e": "N", "st": "Suplente"}, {"seq": "35", "n": "65111", "vap": "49", "pvap": "   0,34", "e": "N", "st": "Suplente"}, {"seq": "15", "n": "65123", "vap": "424", "pvap": "   2,94", "e": "N", "st": "Suplente"}, {"seq": "9", "n": "65333", "vap": "500", "pvap": "   3,47", "e": "S", "st": "Eleito"}, {"seq": "29", "n": "65000", "vap": "101", "pvap": "   0,70", "e": "N", "st": "Suplente"}, {"seq": "37", "n": "65133", "vap": "32", "pvap": "   0,22", "e": "N", "st": "Suplente"}, {"seq": "48", "n": "40456", "vap": "118", "pvap": "   0,82", "e": "N", "st": "N\u00e3o eleito"}, {"seq": "47", "n": "40040", "vap": "123", "pvap": "   0,85", "e": "N", "st": "N\u00e3o eleito"}, {"seq": "53", "n": "40000", "vap": "30", "pvap": "   0,21", "e": "N", "st": "N\u00e3o eleito"}, {"seq": "51", "n": "40333", "vap": "37", "pvap": "   0,26", "e": "N", "st": "N\u00e3o eleito"}, {"seq": "44", "n": "40222", "vap": "381", "pvap": "   2,64", "e": "N", "st": "N\u00e3o eleito"}, {"seq": "55", "n": "40155", "vap": "12", "pvap": "   0,08", "e": "N", "st": "N\u00e3o eleito"}, {"seq": "52", "n": "40444", "vap": "35", "pvap": "   0,24", "e": "N", "st": "N\u00e3o eleito"}, {"seq": "46", "n": "40678", "vap": "155", "pvap": "   1,08", "e": "N", "st": "N\u00e3o eleito"}, {"seq": "50", "n": "40400", "vap": "50", "pvap": "   0,35", "e": "N", "st": "N\u00e3o eleito"}, {"seq": "54", "n": "40555", "vap": "18", "pvap": "   0,12", "e": "N", "st": "N\u00e3o eleito"}, {"seq": "49", "n": "40123", "vap": "89", "pvap": "   0,62", "e": "N", "st": "N\u00e3o eleito"}, {"seq": "27", "n": "55620", "vap": "129", "pvap": "   0,89", "e": "N", "st": "Suplente"}, {"seq": "32", "n": "55577", "vap": "62", "pvap": "   0,43", "e": "N", "st": "Suplente"}, {"seq": "6", "n": "55123", "vap": "588", "pvap": "   4,08", "e": "S", "st": "Eleito"}, {"seq": "10", "n": "55101", "vap": "474", "pvap": "   3,29", "e": "S", "st": "Eleito"}, {"seq": "24", "n": "55222", "vap": "162", "pvap": "   1,12", "e": "N", "st": "Suplente"}, {"seq": "26", "n": "55111", "vap": "133", "pvap": "   0,92", "e": "N", "st": "Suplente"}, {"seq": "14", "n": "55369", "vap": "436", "pvap": "   3,02", "e": "N", "st": "Suplente"}, {"seq": "20", "n": "55456", "vap": "258", "pvap": "   1,79", "e": "N", "st": "Suplente"}, {"seq": "34", "n": "55333", "vap": "51", "pvap": "   0,35", "e": "N", "st": "Suplente"}, {"seq": "42", "n": "55689", "vap": "12", "pvap": "   0,08", "e": "N", "st": "Suplente"}, {"seq": "5", "n": "55888", "vap": "624", "pvap": "   4,33", "e": "S", "st": "Eleito"}, {"seq": "40", "n": "55666", "vap": "22", "pvap": "   0,15", "e": "N", "st": "Suplente"}, {"seq": "21", "n": "55255", "vap": "245", "pvap": "   1,70", "e": "N", "st": "Suplente"}, {"seq": "4", "n": "55555", "vap": "626", "pvap": "   4,34", "e": "S", "st": "Eleito"}, {"seq": "45", "n": "55789", "vap": "369", "pvap": "   2,56", "e": "N", "st": "N\u00e3o eleito"}, {"seq": "13", "n": "55000", "vap": "441", "pvap": "   3,06", "e": "N", "st": "Suplente"}]}, {"dt": "15/11/2020", "ht": "22:36:40", "tf": "S", "and": "F", "tpabr": "ZONA", "cdabr": "199", "s": "48", "st": "48", "snt": "0", "si": "48", "sni": "0", "sa": "48", "sna": "0", "pst": " 100,00", "psnt": "   0,00", "psi": " 100,00", "psni": "   0,00", "psa": " 100,00", "psna": "   0,00", "e": "18573", "ea": "18573", "ena": "0", "esi": "18573", "esni": "0", "a": "3465", "c": "15108", "pea": " 100,00", "pena": "   0,00", "pesi": " 100,00", "pesni": "   0,00", "pa": "  18,66", "pc": "  81,34", "vnom": "13296", "vscv": "0", "vl": "752", "tv": "15108", "vvc": "14417", "vb": "155", "tvn": "536", "vn": "536", "vnt": "0", "vp": "0", "vv": "14048", "van": "0", "vansj": "369", "pvnom": "  94,65", "pvl": "   5,35", "pvvc": "  95,43", "pvb": "   1,02", "ptvn": "   3,55", "pvn": " 100,00", "pvnt": "   0,00", "pvp": "   0,00", "pvv": "  97,44", "pvan": "   0,00", "pvansj": "   2,56", "cand": [{"seq": "2", "n": "13123", "vap": "730", "pvap": "   5,06", "e": "S", "st": "Eleito"}, {"seq": "7", "n": "13111", "vap": "579", "pvap": "   4,02", "e": "S", "st": "Eleito"}, {"seq": "12", "n": "13444", "vap": "515", "pvap": "   3,57", "e": "N", "st": "Suplente"}, {"seq": "22", "n": "13222", "vap": "223", "pvap": "   1,55", "e": "N", "st": "Suplente"}, {"seq": "31", "n": "13006", "vap": "75", "pvap": "   0,52", "e": "N", "st": "Suplente"}, {"seq": "33", "n": "13456", "vap": "56", "pvap": "   0,39", "e": "N", "st": "Suplente"}, {"seq": "36", "n": "13000", "vap": "42", "pvap": "   0,29", "e": "N", "st": "Suplente"}, {"seq": "44", "n": "40222", "vap": "381", "pvap": "   2,64", "e": "N", "st": "N\u00e3o eleito"}, {"seq": "46", "n": "40678", "vap": "155", "pvap": "   1,08", "e": "N", "st": "N\u00e3o eleito"}, {"seq": "47", "n": "40040", "vap": "123", "pvap": "   0,85", "e": "N", "st": "N\u00e3o eleito"}, {"seq": "48", "n": "40456", "vap": "118", "pvap": "   0,82", "e": "N", "st": "N\u00e3o eleito"}, {"seq": "49", "n": "40123", "vap": "89", "pvap": "   0,62", "e": "N", "st": "N\u00e3o eleito"}, {"seq": "50", "n": "40400", "vap": "50", "pvap": "   0,35", "e": "N", "st": "N\u00e3o eleito"}, {"seq": "51", "n": "40333", "vap": "37", "pvap": "   0,26", "e": "N", "st": "N\u00e3o eleito"}, {"seq": "52", "n": "40444", "vap": "35", "pvap": "   0,24", "e": "N", "st": "N\u00e3o eleito"}, {"seq": "53", "n": "40000", "vap": "30", "pvap": "   0,21", "e": "N", "st": "N\u00e3o eleito"}, {"seq": "54", "n": "40555", "vap": "18", "pvap": "   0,12", "e": "N", "st": "N\u00e3o eleito"}, {"seq": "55", "n": "40155", "vap": "12", "pvap": "   0,08", "e": "N", "st": "N\u00e3o eleito"}, {"seq": "1", "n": "22222", "vap": "1135", "pvap": "   7,87", "e": "S", "st": "Eleito"}, {"seq": "3", "n": "22123", "vap": "730", "pvap": "   5,06", "e": "S", "st": "Eleito"}, {"seq": "8", "n": "22013", "vap": "570", "pvap": "   3,95", "e": "S", "st": "Eleito"}, {"seq": "11", "n": "22555", "vap": "416", "pvap": "   2,89", "e": "S", "st": "Eleito"}, {"seq": "16", "n": "22000", "vap": "336", "pvap": "   2,33", "e": "N", "st": "Suplente"}, {"seq": "17", "n": "22789", "vap": "312", "pvap": "   2,16", "e": "N", "st": "Suplente"}, {"seq": "18", "n": "22333", "vap": "294", "pvap": "   2,04", "e": "N", "st": "Suplente"}, {"seq": "19", "n": "22111", "vap": "270", "pvap": "   1,87", "e": "N", "st": "Suplente"}, {"seq": "25", "n": "22238", "vap": "154", "pvap": "   1,07", "e": "N", "st": "Suplente"}, {"seq": "28", "n": "22221", "vap": "113", "pvap": "   0,78", "e": "N", "st": "Suplente"}, {"seq": "38", "n": "22456", "vap": "22", "pvap": "   0,15", "e": "N", "st": "Suplente"}, {"seq": "4", "n": "55555", "vap": "626", "pvap": "   4,34", "e": "S", "st": "Eleito"}, {"seq": "5", "n": "55888", "vap": "624", "pvap": "   4,33", "e": "S", "st": "Eleito"}, {"seq": "6", "n": "55123", "vap": "588", "pvap": "   4,08", "e": "S", "st": "Eleito"}, {"seq": "10", "n": "55101", "vap": "474", "pvap": "   3,29", "e": "S", "st": "Eleito"}, {"seq": "13", "n": "55000", "vap": "441", "pvap": "   3,06", "e": "N", "st": "Suplente"}, {"seq": "14", "n": "55369", "vap": "436", "pvap": "   3,02", "e": "N", "st": "Suplente"}, {"seq": "20", "n": "55456", "vap": "258", "pvap": "   1,79", "e": "N", "st": "Suplente"}, {"seq": "21", "n": "55255", "vap": "245", "pvap": "   1,70", "e": "N", "st": "Suplente"}, {"seq": "24", "n": "55222", "vap": "162", "pvap": "   1,12", "e": "N", "st": "Suplente"}, {"seq": "26", "n": "55111", "vap": "133", "pvap": "   0,92", "e": "N", "st": "Suplente"}, {"seq": "27", "n": "55620", "vap": "129", "pvap": "   0,89", "e": "N", "st": "Suplente"}, {"seq": "32", "n": "55577", "vap": "62", "pvap": "   0,43", "e": "N", "st": "Suplente"}, {"seq": "34", "n": "55333", "vap": "51", "pvap": "   0,35", "e": "N", "st": "Suplente"}, {"seq": "40", "n": "55666", "vap": "22", "pvap": "   0,15", "e": "N", "st": "Suplente"}, {"seq": "42", "n": "55689", "vap": "12", "pvap": "   0,08", "e": "N", "st": "Suplente"}, {"seq": "45", "n": "55789", "vap": "369", "pvap": "   2,56", "e": "N", "st": "N\u00e3o eleito"}, {"seq": "9", "n": "65333", "vap": "500", "pvap": "   3,47", "e": "S", "st": "Eleito"}, {"seq": "15", "n": "65123", "vap": "424", "pvap": "   2,94", "e": "N", "st": "Suplente"}, {"seq": "23", "n": "65444", "vap": "180", "pvap": "   1,25", "e": "N", "st": "Suplente"}, {"seq": "29", "n": "65000", "vap": "101", "pvap": "   0,70", "e": "N", "st": "Suplente"}, {"seq": "30", "n": "65125", "vap": "76", "pvap": "   0,53", "e": "N", "st": "Suplente"}, {"seq": "35", "n": "65111", "vap": "49", "pvap": "   0,34", "e": "N", "st": "Suplente"}, {"seq": "37", "n": "65133", "vap": "32", "pvap": "   0,22", "e": "N", "st": "Suplente"}, {"seq": "39", "n": "65777", "vap": "22", "pvap": "   0,15", "e": "N", "st": "Suplente"}, {"seq": "41", "n": "65555", "vap": "21", "pvap": "   0,15", "e": "N", "st": "Suplente"}, {"seq": "43", "n": "65122", "vap": "8", "pvap": "   0,06", "e": "N", "st": "Suplente"}]}]}