{"ele": "426", "carper": "13", "t": "1", "f": "O", "esae": "N", "mnae": " ", "dg": "15/11/2020", "hg": "23:02:21", "dv": "S", "nadf": "ba39454-c0013-e000426-002-f", "abr": [{"dt": "15/11/2020", "ht": "22:53:30", "tf": "S", "and": "F", "tpabr": "MU", "cdabr": "39454", "s": "31", "st": "31", "snt": "0", "si": "31", "sni": "0", "sa": "31", "sna": "0", "pst": " 100,00", "psnt": "   0,00", "psi": " 100,00", "psni": "   0,00", "psa": " 100,00", "psna": "   0,00", "e": "11931", "ea": "11931", "ena": "0", "esi": "11931", "esni": "0", "c": "9806", "a": "2125", "pea": " 100,00", "pena": "   0,00", "pesi": " 100,00", "pesni": "   0,00", "pa": "  17,81", "pc": "  82,19", "vscv": "0", "vnom": "8808", "vl": "449", "tv": "9806", "vvc": "9257", "vb": "69", "tvn": "480", "vn": "480", "vnt": "0", "vp": "0", "vv": "9257", "van": "0", "vansj": "0", "pvnom": "  95,15", "pvl": "   4,85", "pvvc": "  94,40", "pvb": "   0,71", "ptvn": "   4,89", "pvn": " 100,00", "pvnt": "   0,00", "pvp": "   0,00", "pvv": " 100,00", "pvan": "   0,00", "pvansj": "   0,00", "colig": [{"n": "50000085414", "tvtn": "647", "tvan": "647", "vag": "0", "tvtl": "23", "tval": "23"}, {"n": "50000085374", "tvtn": "2029", "tvan": "2029", "vag": "3", "tvtl": "43", "tval": "43"}, {"n": "50000051692", "tvtn": "3070", "tvan": "3070", "vag": "4", "tvtl": "71", "tval": "71"}, {"n": "50000074343", "tvtn": "198", "tvan": "198", "vag": "0", "tvtl": "5", "tval": "5"}, {"n": "50000051693", "tvtn": "2821", "tvan": "2821", "vag": "4", "tvtl": "254", "tval": "254"}, {"n": "50000076253", "tvtn": "43", "tvan": "43", "vag": "0", "tvtl": "53", "tval": "53"}], "part": [{"n": "25", "tvtn": "647", "tvan": "647", "tvtl": "23", "tval": "23"}, {"n": "15", "tvtn": "2029", "tvan": "2029", "tvtl": "43", "tval": "43"}, {"n": "11", "tvtn": "3070", "tvan": "3070", "tvtl": "71", "tval": "71"}, {"n": "17", "tvtn": "198", "tvan": "198", "tvtl": "5", "tval": "5"}, {"n": "40", "tvtn": "2821", "tvan": "2821", "tvtl": "254", "tval": "254"}, {"n": "55", "tvtn": "43", "tvan": "43", "tvtl": "53", "tval": "53"}], "cand": [{"seq": "53", "n": "25777", "vap": "17", "pvap": "   0,18", "e": "N", "st": "N\u00e3o eleito"}, {"seq": "52", "n": "25444", "vap": "28", "pvap": "   0,30", "e": "N", "st": "N\u00e3o eleito"}, {"seq": "44", "n": "25111", "vap": "236", "pvap": "   2,55", "e": "N", "st": "N\u00e3o eleito"}, {"seq": "50", "n": "25000", "vap": "37", "pvap": "   0,40", "e": "N", "st": "N\u00e3o eleito"}, {"seq": "57", "n": "25222", "vap": "5", "pvap": "   0,05", "e": "N", "st": "N\u00e3o eleito"}, {"seq": "61", "n": "25456", "vap": "2", "pvap": "   0,02", "e": "N", "st": "N\u00e3o eleito"}, {"seq": "45", "n": "25500", "vap": "194", "pvap": "   2,10", "e": "N", "st": "N\u00e3o eleito"}, {"seq": "59", "n": "25179", "vap": "3", "pvap": "   0,03", "e": "N", "st": "N\u00e3o eleito"}, {"seq": "46", "n": "25555", "vap": "125", "pvap": "   1,35", "e": "N", "st": "N\u00e3o eleito"}, {"seq": "65", "n": "25350", "vap": "0", "pvap": "00.00", "e": "N", "st": "N\u00e3o eleito"}, {"seq": "30", "n": "15007", "vap": "48", "pvap": "   0,52", "e": "N", "st": "Suplente"}, {"seq": "8", "n": "15333", "vap": "368", "pvap": "   3,98", "e": "S", "st": "Eleito"}, {"seq": "43", "n": "15700", "vap": "0", "pvap": "00.00", "e": "N", "st": "Suplente"}, {"seq": "32", "n": "15222", "vap": "30", "pvap": "   0,32", "e": "N", "st": "Suplente"}, {"seq": "40", "n": "15625", "vap": "6", "pvap": "   0,06", "e": "N", "st": "Suplente"}, {"seq": "42", "n": "15789", "vap": "2", "pvap": "   0,02", "e": "N", "st": "Suplente"}, {"seq": "16", "n": "15444", "vap": "251", "pvap": "   2,71", "e": "N", "st": "Suplente"}, {"seq": "17", "n": "15555", "vap": "243", "pvap": "   2,63", "e": "N", "st": "Suplente"}, {"seq": "38", "n": "15111", "vap": "9", "pvap": "   0,10", "e": "N", "st": "Suplente"}, {"seq": "11", "n": "15000", "vap": "272", "pvap": "   2,94", "e": "S", "st": "Eleito"}, {"seq": "29", "n": "15400", "vap": "49", "pvap": "   0,53", "e": "N", "st": "Suplente"}, {"seq": "2", "n": "15123", "vap": "490", "pvap": "   5,29", "e": "S", "st": "Eleito"}, {"seq": "14", "n": "15777", "vap": "261", "pvap": "   2,82", "e": "N", "st": "Suplente"}, {"seq": "37", "n": "11777", "vap": "10", "pvap": "   0,11", "e": "N", "st": "Suplente"}, {"seq": "21", "n": "11000", "vap": "191", "pvap": "   2,06", "e": "N", "st": "Suplente"}, {"seq": "28", "n": "11999", "vap": "56", "pvap": "   0,60", "e": "N", "st": "Suplente"}, {"seq": "19", "n": "11234", "vap": "205", "pvap": "   2,21", "e": "N", "st": "Suplente"}, {"seq": "1", "n": "11333", "vap": "509", "pvap": "   5,50", "e": "S", "st": "Eleito"}, {"seq": "5", "n": "11111", "vap": "403", "pvap": "   4,35", "e": "S", "st": "Eleito"}, {"seq": "18", "n": "11222", "vap": "216", "pvap": "   2,33", "e": "N", "st": "Suplente"}, {"seq": "39", "n": "11666", "vap": "7", "pvap": "   0,08", "e": "N", "st": "Suplente"}, {"seq": "24", "n": "11123", "vap": "135", "pvap": "   1,46", "e": "N", "st": "Suplente"}, {"seq": "7", "n": "11211", "vap": "377", "pvap": "   4,07", "e": "S", "st": "Eleito"}, {"seq": "27", "n": "11110", "vap": "80", "pvap": "   0,86", "e": "N", "st": "Suplente"}, {"seq": "23", "n": "11444", "vap": "147", "pvap": "   1,59", "e": "N", "st": "Suplente"}, {"seq": "13", "n": "11555", "vap": "264", "pvap": "   2,85", "e": "N", "st": "Suplente"}, {"seq": "41", "n": "11456", "vap": "3", "pvap": "   0,03", "e": "N", "st": "Suplente"}, {"seq": "4", "n": "11011", "vap": "447", "pvap": "   4,83", "e": "S", "st": "Eleito"}, {"seq": "34", "n": "11155", "vap": "20", "pvap": "   0,22", "e": "N", "st": "Suplente"}, {"seq": "62", "n": "17222", "vap": "2", "pvap": "   0,02", "e": "N", "st": "N\u00e3o eleito"}, {"seq": "58", "n": "17333", "vap": "3", "pvap": "   0,03", "e": "N", "st": "N\u00e3o eleito"}, {"seq": "48", "n": "17777", "vap": "44", "pvap": "   0,48", "e": "N", "st": "N\u00e3o eleito"}, {"seq": "54", "n": "17123", "vap": "14", "pvap": "   0,15", "e": "N", "st": "N\u00e3o eleito"}, {"seq": "47", "n": "17111", "vap": "79", "pvap": "   0,85", "e": "N", "st": "N\u00e3o eleito"}, {"seq": "55", "n": "17444", "vap": "12", "pvap": "   0,13", "e": "N", "st": "N\u00e3o eleito"}, {"seq": "49", "n": "17555", "vap": "44", "pvap": "   0,48", "e": "N", "st": "N\u00e3o eleito"}, {"seq": "35", "n": "40888", "vap": "19", "pvap": "   0,21", "e": "N", "st": "Suplente"}, {"seq": "9", "n": "40123", "vap": "365", "pvap": "   3,94", "e": "S", "st": "Eleito"}, {"seq": "6", "n": "40111", "vap": "401", "pvap": "   4,33", "e": "S", "st": "Eleito"}, {"seq": "20", "n": "40789", "vap": "195", "pvap": "   2,11", "e": "N", "st": "Suplente"}, {"seq": "31", "n": "40040", "vap": "35", "pvap": "   0,38", "e": "N", "st": "Suplente"}, {"seq": "33", "n": "40333", "vap": "22", "pvap": "   0,24", "e": "N", "st": "Suplente"}, {"seq": "36", "n": "40233", "vap": "16", "pvap": "   0,17", "e": "N", "st": "Suplente"}, {"seq": "26", "n": "40404", "vap": "94", "pvap": "   1,02", "e": "N", "st": "Suplente"}, {"seq": "10", "n": "40444", "vap": "334", "pvap": "   3,61", "e": "S", "st": "Eleito"}, {"seq": "22", "n": "40999", "vap": "176", "pvap": "   1,90", "e": "N", "st": "Suplente"}, {"seq": "15", "n": "40456", "vap": "260", "pvap": "   2,81", "e": "N", "st": "Suplente"}, {"seq": "3", "n": "40000", "vap": "474", "pvap": "   5,12", "e": "S", "st": "Eleito"}, {"seq": "25", "n": "40222", "vap": "124", "pvap": "   1,34", "e": "N", "st": "Suplente"}, {"seq": "12", "n": "40555", "vap": "306", "pvap": "   3,31", "e": "N", "st": "Suplente"}, {"seq": "56", "n": "55000", "vap": "8", "pvap": "   0,09", "e": "N", "st": "N\u00e3o eleito"}, {"seq": "60", "n": "55555", "vap": "3", "pvap": "   0,03", "e": "N", "st": "N\u00e3o eleito"}, {"seq": "51", "n": "55123", "vap": "31", "pvap": "   0,33", "e": "N", "st": "N\u00e3o eleito"}, {"seq": "64", "n": "55789", "vap": "0", "pvap": "00.00", "e": "N", "st": "N\u00e3o eleito"}, {"seq": "63", "n": "55390", "vap": "1", "pvap": "   0,01", "e": "N", "st": "N\u00e3o eleito"}]}, {"dt": "15/11/2020", "ht": "22:53:30", "tf": "S", "and": "F", "tpabr": "ZONA", "cdabr": "134", "s": "31", "st": "31", "snt": "0", "si": "31", "sni": "0", "sa": "31", "sna": "0", "pst": " 100,00", "psnt": "   0,00", "psi": " 100,00", "psni": "   0,00", "psa": " 100,00", "psna": "   0,00", "e": "11931", "ea": "11931", "ena": "0", "esi": "11931", "esni": "0", "a": "2125", "c": "9806", "pea": " 100,00", "pena": "   0,00", "pesi": " 100,00", "pesni": "   0,00", "pa": "  17,81", "pc": "  82,19", "vnom": "8808", "vscv": "0", "vl": "449", "tv": "9806", "vvc": "9257", "vb": "69", "tvn": "480", "vn": "480", "vnt": "0", "vp": "0", "vv": "9257", "van": "0", "vansj": "0", "pvnom": "  95,15", "pvl": "   4,85", "pvvc": "  94,40", "pvb": "   0,71", "ptvn": "   4,89", "pvn": " 100,00", "pvnt": "   0,00", "pvp": "   0,00", "pvv": " 100,00", "pvan": "   0,00", "pvansj": "   0,00", "cand": [{"seq": "47", "n": "17111", "vap": "79", "pvap": "   0,85", "e": "N", "st": "N\u00e3o eleito"}, {"seq": "48", "n": "17777", "vap": "44", "pvap": "   0,48", "e": "N", "st": "N\u00e3o eleito"}, {"seq": "49", "n": "17555", "vap": "44", "pvap": "   0,48", "e": "N", "st": "N\u00e3o eleito"}, {"seq": "54", "n": "17123", "vap": "14", "pvap": "   0,15", "e": "N", "st": "N\u00e3o eleito"}, {"seq": "55", "n": "17444", "vap": "12", "pvap": "   0,13", "e": "N", "st": "N\u00e3o eleito"}, {"seq": "58", "n": "17333", "vap": "3", "pvap": "   0,03", "e": "N", "st": "N\u00e3o eleito"}, {"seq": "62", "n": "17222", "vap": "2", "pvap": "   0,02", "e": "N", "st": "N\u00e3o eleito"}, {"seq": "2", "n": "15123", "vap": "490", "pvap": "   5,29", "e": "S", "st": "Eleito"}, {"seq": "8", "n": "15333", "vap": "368", "pvap": "   3,98", "e": "S", "st": "Eleito"}, {"seq": "11", "n": "15000", "vap": "272", "pvap": "   2,94", "e": "S", "st": "Eleito"}, {"seq": "14", "n": "15777", "vap": "261", "pvap": "   2,82", "e": "N", "st": "Suplente"}, {"seq": "16", "n": "15444", "vap": "251", "pvap": "   2,71", "e": "N", "st": "Suplente"}, {"seq": "17", "n": "15555", "vap": "243", "pvap": "   2,63", "e": "N", "st": "Suplente"}, {"seq": "29", "n": "15400", "vap": "49", "pvap": "   0,53", "e": "N", "st": "Suplente"}, {"seq": "30", "n": "15007", "vap": "48", "pvap": "   0,52", "e": "N", "st": "Suplente"}, {"seq": "32", "n": "15222", "vap": "30", "pvap": "   0,32", "e": "N", "st": "Suplente"}, {"seq": "38", "n": "15111", "vap": "9", "pvap": "   0,10", "e": "N", "st": "Suplente"}, {"seq": "40", "n": "15625", "vap": "6", "pvap": "   0,06", "e": "N", "st": "Suplente"}, {"seq": "42", "n": "15789", "vap": "2", "pvap": "   0,02", "e": "N", "st": "Suplente"}, {"seq": "43", "n": "15700", "vap": "0", "pvap": "00.00", "e": "N", "st": "Suplente"}, {"seq": "3", "n": "40000", "vap": "474", "pvap": "   5,12", "e": "S", "st": "Eleito"}, {"seq": "6", "n": "40111", "vap": "401", "pvap": "   4,33", "e": "S", "st": "Eleito"}, {"seq": "9", "n": "40123", "vap": "365", "pvap": "   3,94", "e": "S", "st": "Eleito"}, {"seq": "10", "n": "40444", "vap": "334", "pvap": "   3,61", "e": "S", "st": "Eleito"}, {"seq": "12", "n": "40555", "vap": "306", "pvap": "   3,31", "e": "N", "st": "Suplente"}, {"seq": "15", "n": "40456", "vap": "260", "pvap": "   2,81", "e": "N", "st": "Suplente"}, {"seq": "20", "n": "40789", "vap": "195", "pvap": "   2,11", "e": "N", "st": "Suplente"}, {"seq": "22", "n": "40999", "vap": "176", "pvap": "   1,90", "e": "N", "st": "Suplente"}, {"seq": "25", "n": "40222", "vap": "124", "pvap": "   1,34", "e": "N", "st": "Suplente"}, {"seq": "26", "n": "40404", "vap": "94", "pvap": "   1,02", "e": "N", "st": "Suplente"}, {"seq": "31", "n": "40040", "vap": "35", "pvap": "   0,38", "e": "N", "st": "Suplente"}, {"seq": "33", "n": "40333", "vap": "22", "pvap": "   0,24", "e": "N", "st": "Suplente"}, {"seq": "35", "n": "40888", "vap": "19", "pvap": "   0,21", "e": "N", "st": "Suplente"}, {"seq": "36", "n": "40233", "vap": "16", "pvap": "   0,17", "e": "N", "st": "Suplente"}, {"seq": "51", "n": "55123", "vap": "31", "pvap": "   0,33", "e": "N", "st": "N\u00e3o eleito"}, {"seq": "56", "n": "55000", "vap": "8", "pvap": "   0,09", "e": "N", "st": "N\u00e3o eleito"}, {"seq": "60", "n": "55555", "vap": "3", "pvap": "   0,03", "e": "N", "st": "N\u00e3o eleito"}, {"seq": "63", "n": "55390", "vap": "1", "pvap": "   0,01", "e": "N", "st": "N\u00e3o eleito"}, {"seq": "64", "n": "55789", "vap": "0", "pvap": "00.00", "e": "N", "st": "N\u00e3o eleito"}, {"seq": "1", "n": "11333", "vap": "509", "pvap": "   5,50", "e": "S", "st": "Eleito"}, {"seq": "4", "n": "11011", "vap": "447", "pvap": "   4,83", "e": "S", "st": "Eleito"}, {"seq": "5", "n": "11111", "vap": "403", "pvap": "   4,35", "e": "S", "st": "Eleito"}, {"seq": "7", "n": "11211", "vap": "377", "pvap": "   4,07", "e": "S", "st": "Eleito"}, {"seq": "13", "n": "11555", "vap": "264", "pvap": "   2,85", "e": "N", "st": "Suplente"}, {"seq": "18", "n": "11222", "vap": "216", "pvap": "   2,33", "e": "N", "st": "Suplente"}, {"seq": "19", "n": "11234", "vap": "205", "pvap": "   2,21", "e": "N", "st": "Suplente"}, {"seq": "21", "n": "11000", "vap": "191", "pvap": "   2,06", "e": "N", "st": "Suplente"}, {"seq": "23", "n": "11444", "vap": "147", "pvap": "   1,59", "e": "N", "st": "Suplente"}, {"seq": "24", "n": "11123", "vap": "135", "pvap": "   1,46", "e": "N", "st": "Suplente"}, {"seq": "27", "n": "11110", "vap": "80", "pvap": "   0,86", "e": "N", "st": "Suplente"}, {"seq": "28", "n": "11999", "vap": "56", "pvap": "   0,60", "e": "N", "st": "Suplente"}, {"seq": "34", "n": "11155", "vap": "20", "pvap": "   0,22", "e": "N", "st": "Suplente"}, {"seq": "37", "n": "11777", "vap": "10", "pvap": "   0,11", "e": "N", "st": "Suplente"}, {"seq": "39", "n": "11666", "vap": "7", "pvap": "   0,08", "e": "N", "st": "Suplente"}, {"seq": "41", "n": "11456", "vap": "3", "pvap": "   0,03", "e": "N", "st": "Suplente"}, {"seq": "44", "n": "25111", "vap": "236", "pvap": "   2,55", "e": "N", "st": "N\u00e3o eleito"}, {"seq": "45", "n": "25500", "vap": "194", "pvap": "   2,10", "e": "N", "st": "N\u00e3o eleito"}, {"seq": "46", "n": "25555", "vap": "125", "pvap": "   1,35", "e": "N", "st": "N\u00e3o eleito"}, {"seq": "50", "n": "25000", "vap": "37", "pvap": "   0,40", "e": "N", "st": "N\u00e3o eleito"}, {"seq": "52", "n": "25444", "vap": "28", "pvap": "   0,30", "e": "N", "st": "N\u00e3o eleito"}, {"seq": "53", "n": "25777", "vap": "17", "pvap": "   0,18", "e": "N", "st": "N\u00e3o eleito"}, {"seq": "57", "n": "25222", "vap": "5", "pvap": "   0,05", "e": "N", "st": "N\u00e3o eleito"}, {"seq": "59", "n": "25179", "vap": "3", "pvap": "   0,03", "e": "N", "st": "N\u00e3o eleito"}, {"seq": "61", "n": "25456", "vap": "2", "pvap": "   0,02", "e": "N", "st": "N\u00e3o eleito"}, {"seq": "65", "n": "25350", "vap": "0", "pvap": "00.00", "e": "N", "st": "N\u00e3o eleito"}]}]}