{"ele": "426", "carper": "13", "t": "1", "f": "O", "esae": "N", "mnae": " ", "dg": "15/11/2020", "hg": "22:39:45", "dv": "S", "nadf": "ba36056-c0013-e000426-002-f", "abr": [{"dt": "15/11/2020", "ht": "22:28:39", "tf": "S", "and": "F", "tpabr": "MU", "cdabr": "36056", "s": "31", "st": "31", "snt": "0", "si": "31", "sni": "0", "sa": "31", "sna": "0", "pst": " 100,00", "psnt": "   0,00", "psi": " 100,00", "psni": "   0,00", "psa": " 100,00", "psna": "   0,00", "e": "11408", "ea": "11408", "ena": "0", "esi": "11408", "esni": "0", "c": "9125", "a": "2283", "pea": " 100,00", "pena": "   0,00", "pesi": " 100,00", "pesni": "   0,00", "pa": "  20,01", "pc": "  79,99", "vscv": "0", "vnom": "7965", "vl": "682", "tv": "9125", "vvc": "8647", "vb": "93", "tvn": "385", "vn": "384", "vnt": "1", "vp": "0", "vv": "8647", "van": "0", "vansj": "0", "pvnom": "  92,11", "pvl": "   7,89", "pvvc": "  94,76", "pvb": "   1,02", "ptvn": "   4,22", "pvn": "  99,74", "pvnt": "   0,26", "pvp": "   0,00", "pvv": " 100,00", "pvan": "   0,00", "pvansj": "   0,00", "colig": [{"n": "50000136546", "tvtn": "38", "tvan": "38", "vag": "0", "tvtl": "0", "tval": "0"}, {"n": "50000136459", "tvtn": "1798", "tvan": "1798", "vag": "3", "tvtl": "161", "tval": "161"}, {"n": "50000109847", "tvtn": "295", "tvan": "295", "vag": "0", "tvtl": "12", "tval": "12"}, {"n": "50000095447", "tvtn": "1459", "tvan": "1459", "vag": "2", "tvtl": "60", "tval": "60"}, {"n": "50000101781", "tvtn": "73", "tvan": "73", "vag": "0", "tvtl": "35", "tval": "35"}, {"n": "50000136378", "tvtn": "844", "tvan": "844", "vag": "1", "tvtl": "41", "tval": "41"}, {"n": "50000095320", "tvtn": "2369", "tvan": "2369", "vag": "4", "tvtl": "233", "tval": "233"}, {"n": "50000136729", "tvtn": "1089", "tvan": "1090", "vag": "1", "tvtl": "140", "tval": "140"}], "part": [{"n": "18", "tvtn": "38", "tvan": "38", "tvtl": "0", "tval": "0"}, {"n": "25", "tvtn": "1798", "tvan": "1798", "tvtl": "161", "tval": "161"}, {"n": "15", "tvtn": "295", "tvan": "295", "tvtl": "12", "tval": "12"}, {"n": "11", "tvtn": "1459", "tvan": "1459", "tvtl": "60", "tval": "60"}, {"n": "12", "tvtn": "73", "tvan": "73", "tvtl": "35", "tval": "35"}, {"n": "22", "tvtn": "844", "tvan": "844", "tvtl": "41", "tval": "41"}, {"n": "65", "tvtn": "2369", "tvan": "2369", "tvtl": "233", "tval": "233"}, {"n": "55", "tvtn": "1089", "tvan": "1089", "tvtl": "140", "tval": "140"}], "cand": [{"seq": "79", "n": "18000", "vap": "36", "pvap": "   0,42", "e": "N", "st": "N\u00e3o eleito"}, {"seq": "89", "n": "18123", "vap": "2", "pvap": "   0,02", "e": "N", "st": "N\u00e3o eleito"}, {"seq": "26", "n": "25666", "vap": "94", "pvap": "   1,09", "e": "N", "st": "Suplente"}, {"seq": "13", "n": "25888", "vap": "221", "pvap": "   2,56", "e": "N", "st": "Suplente"}, {"seq": "53", "n": "25333", "vap": "15", "pvap": "   0,17", "e": "N", "st": "Suplente"}, {"seq": "17", "n": "25025", "vap": "152", "pvap": "   1,76", "e": "N", "st": "Suplente"}, {"seq": "15", "n": "25111", "vap": "174", "pvap": "   2,01", "e": "N", "st": "Suplente"}, {"seq": "30", "n": "25369", "vap": "72", "pvap": "   0,83", "e": "N", "st": "Suplente"}, {"seq": "9", "n": "25444", "vap": "252", "pvap": "   2,91", "e": "S", "st": "Eleito"}, {"seq": "22", "n": "25000", "vap": "105", "pvap": "   1,21", "e": "N", "st": "Suplente"}, {"seq": "75", "n": "25788", "vap": "2", "pvap": "   0,02", "e": "N", "st": "Suplente"}, {"seq": "73", "n": "25015", "vap": "3", "pvap": "   0,03", "e": "N", "st": "Suplente"}, {"seq": "47", "n": "25999", "vap": "33", "pvap": "   0,38", "e": "N", "st": "Suplente"}, {"seq": "40", "n": "25123", "vap": "54", "pvap": "   0,62", "e": "N", "st": "Suplente"}, {"seq": "8", "n": "25555", "vap": "259", "pvap": "   3,00", "e": "S", "st": "Eleito"}, {"seq": "44", "n": "25777", "vap": "41", "pvap": "   0,47", "e": "N", "st": "Suplente"}, {"seq": "7", "n": "25222", "vap": "321", "pvap": "   3,71", "e": "S", "st": "Eleito"}, {"seq": "84", "n": "15000", "vap": "12", "pvap": "   0,14", "e": "N", "st": "N\u00e3o eleito"}, {"seq": "76", "n": "15555", "vap": "128", "pvap": "   1,48", "e": "N", "st": "N\u00e3o eleito"}, {"seq": "83", "n": "15400", "vap": "14", "pvap": "   0,16", "e": "N", "st": "N\u00e3o eleito"}, {"seq": "77", "n": "15007", "vap": "63", "pvap": "   0,73", "e": "N", "st": "N\u00e3o eleito"}, {"seq": "86", "n": "15111", "vap": "5", "pvap": "   0,06", "e": "N", "st": "N\u00e3o eleito"}, {"seq": "82", "n": "15300", "vap": "15", "pvap": "   0,17", "e": "N", "st": "N\u00e3o eleito"}, {"seq": "78", "n": "15333", "vap": "57", "pvap": "   0,66", "e": "N", "st": "N\u00e3o eleito"}, {"seq": "90", "n": "15015", "vap": "1", "pvap": "   0,01", "e": "N", "st": "N\u00e3o eleito"}, {"seq": "54", "n": "11234", "vap": "12", "pvap": "   0,14", "e": "N", "st": "Suplente"}, {"seq": "32", "n": "11666", "vap": "70", "pvap": "   0,81", "e": "N", "st": "Suplente"}, {"seq": "58", "n": "11123", "vap": "9", "pvap": "   0,10", "e": "N", "st": "Suplente"}, {"seq": "28", "n": "11999", "vap": "88", "pvap": "   1,02", "e": "N", "st": "Suplente"}, {"seq": "61", "n": "11567", "vap": "7", "pvap": "   0,08", "e": "N", "st": "Suplente"}, {"seq": "45", "n": "11444", "vap": "38", "pvap": "   0,44", "e": "N", "st": "Suplente"}, {"seq": "50", "n": "11000", "vap": "19", "pvap": "   0,22", "e": "N", "st": "Suplente"}, {"seq": "62", "n": "11888", "vap": "7", "pvap": "   0,08", "e": "N", "st": "Suplente"}, {"seq": "1", "n": "11111", "vap": "537", "pvap": "   6,21", "e": "S", "st": "Eleito"}, {"seq": "66", "n": "11678", "vap": "5", "pvap": "   0,06", "e": "N", "st": "Suplente"}, {"seq": "55", "n": "11777", "vap": "11", "pvap": "   0,13", "e": "N", "st": "Suplente"}, {"seq": "35", "n": "11345", "vap": "61", "pvap": "   0,71", "e": "N", "st": "Suplente"}, {"seq": "31", "n": "11222", "vap": "71", "pvap": "   0,82", "e": "N", "st": "Suplente"}, {"seq": "2", "n": "11333", "vap": "508", "pvap": "   5,87", "e": "S", "st": "Eleito"}, {"seq": "59", "n": "11789", "vap": "9", "pvap": "   0,10", "e": "N", "st": "Suplente"}, {"seq": "63", "n": "11555", "vap": "7", "pvap": "   0,08", "e": "N", "st": "Suplente"}, {"seq": "88", "n": "12777", "vap": "3", "pvap": "   0,03", "e": "N", "st": "N\u00e3o eleito"}, {"seq": "80", "n": "12999", "vap": "35", "pvap": "   0,40", "e": "N", "st": "N\u00e3o eleito"}, {"seq": "81", "n": "12555", "vap": "25", "pvap": "   0,29", "e": "N", "st": "N\u00e3o eleito"}, {"seq": "87", "n": "12222", "vap": "4", "pvap": "   0,05", "e": "N", "st": "N\u00e3o eleito"}, {"seq": "85", "n": "12111", "vap": "6", "pvap": "   0,07", "e": "N", "st": "N\u00e3o eleito"}, {"seq": "49", "n": "22613", "vap": "25", "pvap": "   0,29", "e": "N", "st": "Suplente"}, {"seq": "10", "n": "22345", "vap": "211", "pvap": "   2,44", "e": "S", "st": "Eleito"}, {"seq": "74", "n": "22789", "vap": "3", "pvap": "   0,03", "e": "N", "st": "Suplente"}, {"seq": "37", "n": "22555", "vap": "58", "pvap": "   0,67", "e": "N", "st": "Suplente"}, {"seq": "16", "n": "22444", "vap": "169", "pvap": "   1,95", "e": "N", "st": "Suplente"}, {"seq": "24", "n": "22111", "vap": "104", "pvap": "   1,20", "e": "N", "st": "Suplente"}, {"seq": "67", "n": "22123", "vap": "5", "pvap": "   0,06", "e": "N", "st": "Suplente"}, {"seq": "56", "n": "22777", "vap": "11", "pvap": "   0,13", "e": "N", "st": "Suplente"}, {"seq": "68", "n": "22022", "vap": "4", "pvap": "   0,05", "e": "N", "st": "Suplente"}, {"seq": "38", "n": "22000", "vap": "57", "pvap": "   0,66", "e": "N", "st": "Suplente"}, {"seq": "39", "n": "22999", "vap": "55", "pvap": "   0,64", "e": "N", "st": "Suplente"}, {"seq": "33", "n": "22222", "vap": "69", "pvap": "   0,80", "e": "N", "st": "Suplente"}, {"seq": "29", "n": "22333", "vap": "73", "pvap": "   0,84", "e": "N", "st": "Suplente"}, {"seq": "20", "n": "65888", "vap": "136", "pvap": "   1,57", "e": "N", "st": "Suplente"}, {"seq": "34", "n": "65222", "vap": "63", "pvap": "   0,73", "e": "N", "st": "Suplente"}, {"seq": "6", "n": "65999", "vap": "342", "pvap": "   3,96", "e": "S", "st": "Eleito"}, {"seq": "4", "n": "65000", "vap": "395", "pvap": "   4,57", "e": "S", "st": "Eleito"}, {"seq": "72", "n": "65345", "vap": "3", "pvap": "   0,03", "e": "N", "st": "Suplente"}, {"seq": "69", "n": "65655", "vap": "4", "pvap": "   0,05", "e": "N", "st": "Suplente"}, {"seq": "60", "n": "65666", "vap": "7", "pvap": "   0,08", "e": "N", "st": "Suplente"}, {"seq": "57", "n": "65777", "vap": "9", "pvap": "   0,10", "e": "N", "st": "Suplente"}, {"seq": "43", "n": "65234", "vap": "43", "pvap": "   0,50", "e": "N", "st": "Suplente"}, {"seq": "12", "n": "65444", "vap": "279", "pvap": "   3,23", "e": "N", "st": "Suplente"}, {"seq": "42", "n": "65733", "vap": "46", "pvap": "   0,53", "e": "N", "st": "Suplente"}, {"seq": "5", "n": "65111", "vap": "377", "pvap": "   4,36", "e": "S", "st": "Eleito"}, {"seq": "46", "n": "65333", "vap": "37", "pvap": "   0,43", "e": "N", "st": "Suplente"}, {"seq": "14", "n": "65123", "vap": "197", "pvap": "   2,28", "e": "N", "st": "Suplente"}, {"seq": "3", "n": "65555", "vap": "431", "pvap": "   4,98", "e": "S", "st": "Eleito"}, {"seq": "19", "n": "55789", "vap": "139", "pvap": "   1,61", "e": "N", "st": "Suplente"}, {"seq": "52", "n": "55777", "vap": "17", "pvap": "   0,20", "e": "N", "st": "Suplente"}, {"seq": "25", "n": "55333", "vap": "99", "pvap": "   1,14", "e": "N", "st": "Suplente"}, {"seq": "11", "n": "55551", "vap": "188", "pvap": "   2,17", "e": "S", "st": "Eleito"}, {"seq": "18", "n": "55222", "vap": "148", "pvap": "   1,71", "e": "N", "st": "Suplente"}, {"seq": "65", "n": "55001", "vap": "5", "pvap": "   0,06", "e": "N", "st": "Suplente"}, {"seq": "64", "n": "55888", "vap": "6", "pvap": "   0,07", "e": "N", "st": "Suplente"}, {"seq": "51", "n": "55678", "vap": "19", "pvap": "   0,22", "e": "N", "st": "Suplente"}, {"seq": "48", "n": "55000", "vap": "33", "pvap": "   0,38", "e": "N", "st": "Suplente"}, {"seq": "41", "n": "55552", "vap": "52", "pvap": "   0,60", "e": "N", "st": "Suplente"}, {"seq": "21", "n": "55555", "vap": "120", "pvap": "   1,39", "e": "N", "st": "Suplente"}, {"seq": "36", "n": "55111", "vap": "60", "pvap": "   0,69", "e": "N", "st": "Suplente"}, {"seq": "71", "n": "55511", "vap": "4", "pvap": "   0,05", "e": "N", "st": "Suplente"}, {"seq": "27", "n": "55500", "vap": "91", "pvap": "   1,05", "e": "N", "st": "Suplente"}, {"seq": "70", "n": "55999", "vap": "4", "pvap": "   0,05", "e": "N", "st": "Suplente"}, {"seq": "23", "n": "55123", "vap": "104", "pvap": "   1,20", "e": "N", "st": "Suplente"}]}, {"dt": "15/11/2020", "ht": "22:28:39", "tf": "S", "and": "F", "tpabr": "ZONA", "cdabr": "147", "s": "31", "st": "31", "snt": "0", "si": "31", "sni": "0", "sa": "31", "sna": "0", "pst": " 100,00", "psnt": "   0,00", "psi": " 100,00", "psni": "   0,00", "psa": " 100,00", "psna": "   0,00", "e": "11408", "ea": "11408", "ena": "0", "esi": "11408", "esni": "0", "a": "2283", "c": "9125", "pea": " 100,00", "pena": "   0,00", "pesi": " 100,00", "pesni": "   0,00", "pa": "  20,01", "pc": "  79,99", "vnom": "7965", "vscv": "0", "vl": "682", "tv": "9125", "vvc": "8647", "vb": "93", "tvn": "385", "vn": "384", "vnt": "1", "vp": "0", "vv": "8647", "van": "0", "vansj": "0", "pvnom": "  92,11", "pvl": "   7,89", "pvvc": "  94,76", "pvb": "   1,02", "ptvn": "   4,22", "pvn": "  99,74", "pvnt": "   0,26", "pvp": "   0,00", "pvv": " 100,00", "pvan": "   0,00", "pvansj": "   0,00", "cand": [{"seq": "79", "n": "18000", "vap": "36", "pvap": "   0,42", "e": "N", "st": "N\u00e3o eleito"}, {"seq": "89", "n": "18123", "vap": "2", "pvap": "   0,02", "e": "N", "st": "N\u00e3o eleito"}, {"seq": "3", "n": "65555", "vap": "431", "pvap": "   4,98", "e": "S", "st": "Eleito"}, {"seq": "4", "n": "65000", "vap": "395", "pvap": "   4,57", "e": "S", "st": "Eleito"}, {"seq": "5", "n": "65111", "vap": "377", "pvap": "   4,36", "e": "S", "st": "Eleito"}, {"seq": "6", "n": "65999", "vap": "342", "pvap": "   3,96", "e": "S", "st": "Eleito"}, {"seq": "12", "n": "65444", "vap": "279", "pvap": "   3,23", "e": "N", "st": "Suplente"}, {"seq": "14", "n": "65123", "vap": "197", "pvap": "   2,28", "e": "N", "st": "Suplente"}, {"seq": "20", "n": "65888", "vap": "136", "pvap": "   1,57", "e": "N", "st": "Suplente"}, {"seq": "34", "n": "65222", "vap": "63", "pvap": "   0,73", "e": "N", "st": "Suplente"}, {"seq": "42", "n": "65733", "vap": "46", "pvap": "   0,53", "e": "N", "st": "Suplente"}, {"seq": "43", "n": "65234", "vap": "43", "pvap": "   0,50", "e": "N", "st": "Suplente"}, {"seq": "46", "n": "65333", "vap": "37", "pvap": "   0,43", "e": "N", "st": "Suplente"}, {"seq": "57", "n": "65777", "vap": "9", "pvap": "   0,10", "e": "N", "st": "Suplente"}, {"seq": "60", "n": "65666", "vap": "7", "pvap": "   0,08", "e": "N", "st": "Suplente"}, {"seq": "69", "n": "65655", "vap": "4", "pvap": "   0,05", "e": "N", "st": "Suplente"}, {"seq": "72", "n": "65345", "vap": "3", "pvap": "   0,03", "e": "N", "st": "Suplente"}, {"seq": "80", "n": "12999", "vap": "35", "pvap": "   0,40", "e": "N", "st": "N\u00e3o eleito"}, {"seq": "81", "n": "12555", "vap": "25", "pvap": "   0,29", "e": "N", "st": "N\u00e3o eleito"}, {"seq": "85", "n": "12111", "vap": "6", "pvap": "   0,07", "e": "N", "st": "N\u00e3o eleito"}, {"seq": "87", "n": "12222", "vap": "4", "pvap": "   0,05", "e": "N", "st": "N\u00e3o eleito"}, {"seq": "88", "n": "12777", "vap": "3", "pvap": "   0,03", "e": "N", "st": "N\u00e3o eleito"}, {"seq": "11", "n": "55551", "vap": "188", "pvap": "   2,17", "e": "S", "st": "Eleito"}, {"seq": "18", "n": "55222", "vap": "148", "pvap": "   1,71", "e": "N", "st": "Suplente"}, {"seq": "19", "n": "55789", "vap": "139", "pvap": "   1,61", "e": "N", "st": "Suplente"}, {"seq": "21", "n": "55555", "vap": "120", "pvap": "   1,39", "e": "N", "st": "Suplente"}, {"seq": "23", "n": "55123", "vap": "104", "pvap": "   1,20", "e": "N", "st": "Suplente"}, {"seq": "25", "n": "55333", "vap": "99", "pvap": "   1,14", "e": "N", "st": "Suplente"}, {"seq": "27", "n": "55500", "vap": "91", "pvap": "   1,05", "e": "N", "st": "Suplente"}, {"seq": "36", "n": "55111", "vap": "60", "pvap": "   0,69", "e": "N", "st": "Suplente"}, {"seq": "41", "n": "55552", "vap": "52", "pvap": "   0,60", "e": "N", "st": "Suplente"}, {"seq": "48", "n": "55000", "vap": "33", "pvap": "   0,38", "e": "N", "st": "Suplente"}, {"seq": "51", "n": "55678", "vap": "19", "pvap": "   0,22", "e": "N", "st": "Suplente"}, {"seq": "52", "n": "55777", "vap": "17", "pvap": "   0,20", "e": "N", "st": "Suplente"}, {"seq": "64", "n": "55888", "vap": "6", "pvap": "   0,07", "e": "N", "st": "Suplente"}, {"seq": "65", "n": "55001", "vap": "5", "pvap": "   0,06", "e": "N", "st": "Suplente"}, {"seq": "70", "n": "55999", "vap": "4", "pvap": "   0,05", "e": "N", "st": "Suplente"}, {"seq": "71", "n": "55511", "vap": "4", "pvap": "   0,05", "e": "N", "st": "Suplente"}, {"seq": "1", "n": "11111", "vap": "537", "pvap": "   6,21", "e": "S", "st": "Eleito"}, {"seq": "2", "n": "11333", "vap": "508", "pvap": "   5,87", "e": "S", "st": "Eleito"}, {"seq": "28", "n": "11999", "vap": "88", "pvap": "   1,02", "e": "N", "st": "Suplente"}, {"seq": "31", "n": "11222", "vap": "71", "pvap": "   0,82", "e": "N", "st": "Suplente"}, {"seq": "32", "n": "11666", "vap": "70", "pvap": "   0,81", "e": "N", "st": "Suplente"}, {"seq": "35", "n": "11345", "vap": "61", "pvap": "   0,71", "e": "N", "st": "Suplente"}, {"seq": "45", "n": "11444", "vap": "38", "pvap": "   0,44", "e": "N", "st": "Suplente"}, {"seq": "50", "n": "11000", "vap": "19", "pvap": "   0,22", "e": "N", "st": "Suplente"}, {"seq": "54", "n": "11234", "vap": "12", "pvap": "   0,14", "e": "N", "st": "Suplente"}, {"seq": "55", "n": "11777", "vap": "11", "pvap": "   0,13", "e": "N", "st": "Suplente"}, {"seq": "58", "n": "11123", "vap": "9", "pvap": "   0,10", "e": "N", "st": "Suplente"}, {"seq": "59", "n": "11789", "vap": "9", "pvap": "   0,10", "e": "N", "st": "Suplente"}, {"seq": "61", "n": "11567", "vap": "7", "pvap": "   0,08", "e": "N", "st": "Suplente"}, {"seq": "62", "n": "11888", "vap": "7", "pvap": "   0,08", "e": "N", "st": "Suplente"}, {"seq": "63", "n": "11555", "vap": "7", "pvap": "   0,08", "e": "N", "st": "Suplente"}, {"seq": "66", "n": "11678", "vap": "5", "pvap": "   0,06", "e": "N", "st": "Suplente"}, {"seq": "10", "n": "22345", "vap": "211", "pvap": "   2,44", "e": "S", "st": "Eleito"}, {"seq": "16", "n": "22444", "vap": "169", "pvap": "   1,95", "e": "N", "st": "Suplente"}, {"seq": "24", "n": "22111", "vap": "104", "pvap": "   1,20", "e": "N", "st": "Suplente"}, {"seq": "29", "n": "22333", "vap": "73", "pvap": "   0,84", "e": "N", "st": "Suplente"}, {"seq": "33", "n": "22222", "vap": "69", "pvap": "   0,80", "e": "N", "st": "Suplente"}, {"seq": "37", "n": "22555", "vap": "58", "pvap": "   0,67", "e": "N", "st": "Suplente"}, {"seq": "38", "n": "22000", "vap": "57", "pvap": "   0,66", "e": "N", "st": "Suplente"}, {"seq": "39", "n": "22999", "vap": "55", "pvap": "   0,64", "e": "N", "st": "Suplente"}, {"seq": "49", "n": "22613", "vap": "25", "pvap": "   0,29", "e": "N", "st": "Suplente"}, {"seq": "56", "n": "22777", "vap": "11", "pvap": "   0,13", "e": "N", "st": "Suplente"}, {"seq": "67", "n": "22123", "vap": "5", "pvap": "   0,06", "e": "N", "st": "Suplente"}, {"seq": "68", "n": "22022", "vap": "4", "pvap": "   0,05", "e": "N", "st": "Suplente"}, {"seq": "74", "n": "22789", "vap": "3", "pvap": "   0,03", "e": "N", "st": "Suplente"}, {"seq": "7", "n": "25222", "vap": "321", "pvap": "   3,71", "e": "S", "st": "Eleito"}, {"seq": "8", "n": "25555", "vap": "259", "pvap": "   3,00", "e": "S", "st": "Eleito"}, {"seq": "9", "n": "25444", "vap": "252", "pvap": "   2,91", "e": "S", "st": "Eleito"}, {"seq": "13", "n": "25888", "vap": "221", "pvap": "   2,56", "e": "N", "st": "Suplente"}, {"seq": "15", "n": "25111", "vap": "174", "pvap": "   2,01", "e": "N", "st": "Suplente"}, {"seq": "17", "n": "25025", "vap": "152", "pvap": "   1,76", "e": "N", "st": "Suplente"}, {"seq": "22", "n": "25000", "vap": "105", "pvap": "   1,21", "e": "N", "st": "Suplente"}, {"seq": "26", "n": "25666", "vap": "94", "pvap": "   1,09", "e": "N", "st": "Suplente"}, {"seq": "30", "n": "25369", "vap": "72", "pvap": "   0,83", "e": "N", "st": "Suplente"}, {"seq": "40", "n": "25123", "vap": "54", "pvap": "   0,62", "e": "N", "st": "Suplente"}, {"seq": "44", "n": "25777", "vap": "41", "pvap": "   0,47", "e": "N", "st": "Suplente"}, {"seq": "47", "n": "25999", "vap": "33", "pvap": "   0,38", "e": "N", "st": "Suplente"}, {"seq": "53", "n": "25333", "vap": "15", "pvap": "   0,17", "e": "N", "st": "Suplente"}, {"seq": "73", "n": "25015", "vap": "3", "pvap": "   0,03", "e": "N", "st": "Suplente"}, {"seq": "75", "n": "25788", "vap": "2", "pvap": "   0,02", "e": "N", "st": "Suplente"}, {"seq": "76", "n": "15555", "vap": "128", "pvap": "   1,48", "e": "N", "st": "N\u00e3o eleito"}, {"seq": "77", "n": "15007", "vap": "63", "pvap": "   0,73", "e": "N", "st": "N\u00e3o eleito"}, {"seq": "78", "n": "15333", "vap": "57", "pvap": "   0,66", "e": "N", "st": "N\u00e3o eleito"}, {"seq": "82", "n": "15300", "vap": "15", "pvap": "   0,17", "e": "N", "st": "N\u00e3o eleito"}, {"seq": "83", "n": "15400", "vap": "14", "pvap": "   0,16", "e": "N", "st": "N\u00e3o eleito"}, {"seq": "84", "n": "15000", "vap": "12", "pvap": "   0,14", "e": "N", "st": "N\u00e3o eleito"}, {"seq": "86", "n": "15111", "vap": "5", "pvap": "   0,06", "e": "N", "st": "N\u00e3o eleito"}, {"seq": "90", "n": "15015", "vap": "1", "pvap": "   0,01", "e": "N", "st": "N\u00e3o eleito"}]}]}