{"ele": "426", "carper": "13", "t": "1", "f": "O", "esae": "N", "mnae": " ", "dg": "15/11/2020", "hg": "23:02:06", "dv": "S", "nadf": "ba37079-c0013-e000426-002-f", "abr": [{"dt": "15/11/2020", "ht": "22:58:55", "tf": "S", "and": "F", "tpabr": "MU", "cdabr": "37079", "s": "19", "st": "19", "snt": "0", "si": "19", "sni": "0", "sa": "19", "sna": "0", "pst": " 100,00", "psnt": "   0,00", "psi": " 100,00", "psni": "   0,00", "psa": " 100,00", "psna": "   0,00", "e": "7226", "ea": "7226", "ena": "0", "esi": "7226", "esni": "0", "c": "6607", "a": "619", "pea": " 100,00", "pena": "   0,00", "pesi": " 100,00", "pesni": "   0,00", "pa": "   8,57", "pc": "  91,43", "vscv": "0", "vnom": "6067", "vl": "339", "tv": "6607", "vvc": "6406", "vb": "43", "tvn": "158", "vn": "158", "vnt": "0", "vp": "0", "vv": "6406", "van": "0", "vansj": "0", "pvnom": "  94,71", "pvl": "   5,29", "pvvc": "  96,96", "pvb": "   0,65", "ptvn": "   2,39", "pvn": " 100,00", "pvnt": "   0,00", "pvp": "   0,00", "pvv": " 100,00", "pvan": "   0,00", "pvansj": "   0,00", "colig": [{"n": "50000058313", "tvtn": "2715", "tvan": "2715", "vag": "4", "tvtl": "164", "tval": "164"}, {"n": "50000055885", "tvtn": "2231", "tvan": "2231", "vag": "4", "tvtl": "138", "tval": "138"}, {"n": "50000055887", "tvtn": "1121", "tvan": "1121", "vag": "1", "tvtl": "37", "tval": "37"}], "part": [{"n": "11", "tvtn": "2715", "tvan": "2715", "tvtl": "164", "tval": "164"}, {"n": "55", "tvtn": "2231", "tvan": "2231", "tvtl": "138", "tval": "138"}, {"n": "13", "tvtn": "1121", "tvan": "1121", "tvtl": "37", "tval": "37"}], "cand": [{"seq": "19", "n": "11222", "vap": "70", "pvap": "   1,09", "e": "N", "st": "Suplente"}, {"seq": "16", "n": "11888", "vap": "140", "pvap": "   2,19", "e": "N", "st": "Suplente"}, {"seq": "27", "n": "11369", "vap": "3", "pvap": "   0,05", "e": "N", "st": "Suplente"}, {"seq": "5", "n": "11000", "vap": "423", "pvap": "   6,60", "e": "S", "st": "Eleito"}, {"seq": "26", "n": "11223", "vap": "3", "pvap": "   0,05", "e": "N", "st": "Suplente"}, {"seq": "1", "n": "11333", "vap": "727", "pvap": "  11,35", "e": "S", "st": "Eleito"}, {"seq": "7", "n": "11111", "vap": "347", "pvap": "   5,42", "e": "S", "st": "Eleito"}, {"seq": "25", "n": "11456", "vap": "4", "pvap": "   0,06", "e": "N", "st": "Suplente"}, {"seq": "8", "n": "11123", "vap": "327", "pvap": "   5,10", "e": "S", "st": "Eleito"}, {"seq": "20", "n": "11999", "vap": "62", "pvap": "   0,97", "e": "N", "st": "Suplente"}, {"seq": "12", "n": "11444", "vap": "237", "pvap": "   3,70", "e": "N", "st": "Suplente"}, {"seq": "21", "n": "11555", "vap": "50", "pvap": "   0,78", "e": "N", "st": "Suplente"}, {"seq": "17", "n": "11666", "vap": "129", "pvap": "   2,01", "e": "N", "st": "Suplente"}, {"seq": "14", "n": "11777", "vap": "193", "pvap": "   3,01", "e": "N", "st": "Suplente"}, {"seq": "2", "n": "55555", "vap": "625", "pvap": "   9,76", "e": "S", "st": "Eleito"}, {"seq": "3", "n": "55222", "vap": "594", "pvap": "   9,27", "e": "S", "st": "Eleito"}, {"seq": "15", "n": "55123", "vap": "165", "pvap": "   2,58", "e": "N", "st": "Suplente"}, {"seq": "22", "n": "55321", "vap": "11", "pvap": "   0,17", "e": "N", "st": "Suplente"}, {"seq": "6", "n": "55888", "vap": "381", "pvap": "   5,95", "e": "S", "st": "Eleito"}, {"seq": "4", "n": "55000", "vap": "448", "pvap": "   6,99", "e": "S", "st": "Eleito"}, {"seq": "23", "n": "55678", "vap": "7", "pvap": "   0,11", "e": "N", "st": "Suplente"}, {"seq": "13", "n": "13000", "vap": "206", "pvap": "   3,22", "e": "N", "st": "Suplente"}, {"seq": "24", "n": "13777", "vap": "6", "pvap": "   0,09", "e": "N", "st": "Suplente"}, {"seq": "11", "n": "13555", "vap": "263", "pvap": "   4,11", "e": "N", "st": "Suplente"}, {"seq": "10", "n": "13666", "vap": "268", "pvap": "   4,18", "e": "N", "st": "Suplente"}, {"seq": "9", "n": "13333", "vap": "303", "pvap": "   4,73", "e": "S", "st": "Eleito"}, {"seq": "18", "n": "13222", "vap": "75", "pvap": "   1,17", "e": "N", "st": "Suplente"}]}, {"dt": "15/11/2020", "ht": "22:58:55", "tf": "S", "and": "F", "tpabr": "ZONA", "cdabr": "90", "s": "19", "st": "19", "snt": "0", "si": "19", "sni": "0", "sa": "19", "sna": "0", "pst": " 100,00", "psnt": "   0,00", "psi": " 100,00", "psni": "   0,00", "psa": " 100,00", "psna": "   0,00", "e": "7226", "ea": "7226", "ena": "0", "esi": "7226", "esni": "0", "a": "619", "c": "6607", "pea": " 100,00", "pena": "   0,00", "pesi": " 100,00", "pesni": "   0,00", "pa": "   8,57", "pc": "  91,43", "vnom": "6067", "vscv": "0", "vl": "339", "tv": "6607", "vvc": "6406", "vb": "43", "tvn": "158", "vn": "158", "vnt": "0", "vp": "0", "vv": "6406", "van": "0", "vansj": "0", "pvnom": "  94,71", "pvl": "   5,29", "pvvc": "  96,96", "pvb": "   0,65", "ptvn": "   2,39", "pvn": " 100,00", "pvnt": "   0,00", "pvp": "   0,00", "pvv": " 100,00", "pvan": "   0,00", "pvansj": "   0,00", "cand": [{"seq": "2", "n": "55555", "vap": "625", "pvap": "   9,76", "e": "S", "st": "Eleito"}, {"seq": "3", "n": "55222", "vap": "594", "pvap": "   9,27", "e": "S", "st": "Eleito"}, {"seq": "4", "n": "55000", "vap": "448", "pvap": "   6,99", "e": "S", "st": "Eleito"}, {"seq": "6", "n": "55888", "vap": "381", "pvap": "   5,95", "e": "S", "st": "Eleito"}, {"seq": "15", "n": "55123", "vap": "165", "pvap": "   2,58", "e": "N", "st": "Suplente"}, {"seq": "22", "n": "55321", "vap": "11", "pvap": "   0,17", "e": "N", "st": "Suplente"}, {"seq": "23", "n": "55678", "vap": "7", "pvap": "   0,11", "e": "N", "st": "Suplente"}, {"seq": "1", "n": "11333", "vap": "727", "pvap": "  11,35", "e": "S", "st": "Eleito"}, {"seq": "5", "n": "11000", "vap": "423", "pvap": "   6,60", "e": "S", "st": "Eleito"}, {"seq": "7", "n": "11111", "vap": "347", "pvap": "   5,42", "e": "S", "st": "Eleito"}, {"seq": "8", "n": "11123", "vap": "327", "pvap": "   5,10", "e": "S", "st": "Eleito"}, {"seq": "12", "n": "11444", "vap": "237", "pvap": "   3,70", "e": "N", "st": "Suplente"}, {"seq": "14", "n": "11777", "vap": "193", "pvap": "   3,01", "e": "N", "st": "Suplente"}, {"seq": "16", "n": "11888", "vap": "140", "pvap": "   2,19", "e": "N", "st": "Suplente"}, {"seq": "17", "n": "11666", "vap": "129", "pvap": "   2,01", "e": "N", "st": "Suplente"}, {"seq": "19", "n": "11222", "vap": "70", "pvap": "   1,09", "e": "N", "st": "Suplente"}, {"seq": "20", "n": "11999", "vap": "62", "pvap": "   0,97", "e": "N", "st": "Suplente"}, {"seq": "21", "n": "11555", "vap": "50", "pvap": "   0,78", "e": "N", "st": "Suplente"}, {"seq": "25", "n": "11456", "vap": "4", "pvap": "   0,06", "e": "N", "st": "Suplente"}, {"seq": "26", "n": "11223", "vap": "3", "pvap": "   0,05", "e": "N", "st": "Suplente"}, {"seq": "27", "n": "11369", "vap": "3", "pvap": "   0,05", "e": "N", "st": "Suplente"}, {"seq": "9", "n": "13333", "vap": "303", "pvap": "   4,73", "e": "S", "st": "Eleito"}, {"seq": "10", "n": "13666", "vap": "268", "pvap": "   4,18", "e": "N", "st": "Suplente"}, {"seq": "11", "n": "13555", "vap": "263", "pvap": "   4,11", "e": "N", "st": "Suplente"}, {"seq": "13", "n": "13000", "vap": "206", "pvap": "   3,22", "e": "N", "st": "Suplente"}, {"seq": "18", "n": "13222", "vap": "75", "pvap": "   1,17", "e": "N", "st": "Suplente"}, {"seq": "24", "n": "13777", "vap": "6", "pvap": "   0,09", "e": "N", "st": "Suplente"}]}]}