{"ele": "426", "carper": "13", "t": "1", "f": "O", "esae": "N", "mnae": " ", "dg": "15/11/2020", "hg": "23:01:48", "dv": "S", "nadf": "ce14060-c0013-e000426-004-f", "abr": [{"dt": "15/11/2020", "ht": "22:53:07", "tf": "S", "and": "F", "tpabr": "MU", "cdabr": "14060", "s": "37", "st": "37", "snt": "0", "si": "37", "sni": "0", "sa": "37", "sna": "0", "pst": " 100,00", "psnt": "   0,00", "psi": " 100,00", "psni": "   0,00", "psa": " 100,00", "psna": "   0,00", "e": "11510", "ea": "11510", "ena": "0", "esi": "11510", "esni": "0", "c": "10391", "a": "1119", "pea": " 100,00", "pena": "   0,00", "pesi": " 100,00", "pesni": "   0,00", "pa": "   9,72", "pc": "  90,28", "vscv": "0", "vnom": "9560", "vl": "537", "tv": "10391", "vvc": "10097", "vb": "99", "tvn": "195", "vn": "195", "vnt": "0", "vp": "0", "vv": "10097", "van": "0", "vansj": "0", "pvnom": "  94,68", "pvl": "   5,32", "pvvc": "  97,17", "pvb": "   0,95", "ptvn": "   1,88", "pvn": " 100,00", "pvnt": "   0,00", "pvp": "   0,00", "pvv": " 100,00", "pvan": "   0,00", "pvansj": "   0,00", "colig": [{"n": "60000148386", "tvtn": "1267", "tvan": "1267", "vag": "1", "tvtl": "30", "tval": "30"}, {"n": "60000117353", "tvtn": "348", "tvan": "348", "vag": "0", "tvtl": "66", "tval": "66"}, {"n": "60000146800", "tvtn": "1596", "tvan": "1596", "vag": "2", "tvtl": "120", "tval": "120"}, {"n": "60000110930", "tvtn": "2836", "tvan": "2836", "vag": "3", "tvtl": "97", "tval": "97"}, {"n": "60000147302", "tvtn": "944", "tvan": "944", "vag": "1", "tvtl": "10", "tval": "10"}, {"n": "60000145447", "tvtn": "1316", "tvan": "1316", "vag": "1", "tvtl": "103", "tval": "103"}, {"n": "60000151599", "tvtn": "1253", "tvan": "1253", "vag": "1", "tvtl": "111", "tval": "111"}], "part": [{"n": "15", "tvtn": "1267", "tvan": "1267", "tvtl": "30", "tval": "30"}, {"n": "11", "tvtn": "348", "tvan": "348", "tvtl": "66", "tval": "66"}, {"n": "25", "tvtn": "1596", "tvan": "1596", "tvtl": "120", "tval": "120"}, {"n": "12", "tvtn": "2836", "tvan": "2836", "tvtl": "97", "tval": "97"}, {"n": "65", "tvtn": "944", "tvan": "944", "tvtl": "10", "tval": "10"}, {"n": "55", "tvtn": "1316", "tvan": "1316", "tvtl": "103", "tval": "103"}, {"n": "13", "tvtn": "1253", "tvan": "1253", "tvtl": "111", "tval": "111"}], "cand": [{"seq": "11", "n": "15555", "vap": "423", "pvap": "   4,19", "e": "N", "st": "Suplente"}, {"seq": "36", "n": "15888", "vap": "17", "pvap": "   0,17", "e": "N", "st": "Suplente"}, {"seq": "37", "n": "15333", "vap": "13", "pvap": "   0,13", "e": "N", "st": "Suplente"}, {"seq": "3", "n": "15789", "vap": "543", "pvap": "   5,38", "e": "S", "st": "Eleito"}, {"seq": "16", "n": "15222", "vap": "271", "pvap": "   2,68", "e": "N", "st": "Suplente"}, {"seq": "44", "n": "11000", "vap": "132", "pvap": "   1,31", "e": "N", "st": "N\u00e3o eleito"}, {"seq": "46", "n": "11777", "vap": "5", "pvap": "   0,05", "e": "N", "st": "N\u00e3o eleito"}, {"seq": "43", "n": "11111", "vap": "173", "pvap": "   1,71", "e": "N", "st": "N\u00e3o eleito"}, {"seq": "45", "n": "11333", "vap": "38", "pvap": "   0,38", "e": "N", "st": "N\u00e3o eleito"}, {"seq": "9", "n": "25123", "vap": "307", "pvap": "   3,04", "e": "S", "st": "Eleito"}, {"seq": "25", "n": "25999", "vap": "194", "pvap": "   1,92", "e": "N", "st": "Suplente"}, {"seq": "22", "n": "25111", "vap": "226", "pvap": "   2,24", "e": "N", "st": "Suplente"}, {"seq": "21", "n": "25888", "vap": "239", "pvap": "   2,37", "e": "N", "st": "Suplente"}, {"seq": "7", "n": "25555", "vap": "349", "pvap": "   3,46", "e": "S", "st": "Eleito"}, {"seq": "14", "n": "25222", "vap": "281", "pvap": "   2,78", "e": "N", "st": "Suplente"}, {"seq": "19", "n": "12222", "vap": "252", "pvap": "   2,50", "e": "N", "st": "Suplente"}, {"seq": "12", "n": "12622", "vap": "383", "pvap": "   3,79", "e": "N", "st": "Suplente"}, {"seq": "10", "n": "12444", "vap": "433", "pvap": "   4,29", "e": "N", "st": "Suplente"}, {"seq": "4", "n": "12000", "vap": "536", "pvap": "   5,31", "e": "S", "st": "Eleito"}, {"seq": "2", "n": "12333", "vap": "589", "pvap": "   5,83", "e": "S", "st": "Eleito"}, {"seq": "1", "n": "12345", "vap": "643", "pvap": "   6,37", "e": "S", "st": "Eleito"}, {"seq": "38", "n": "65777", "vap": "11", "pvap": "   0,11", "e": "N", "st": "Suplente"}, {"seq": "32", "n": "65190", "vap": "28", "pvap": "   0,28", "e": "N", "st": "Suplente"}, {"seq": "42", "n": "65111", "vap": "1", "pvap": "   0,01", "e": "N", "st": "Suplente"}, {"seq": "15", "n": "65444", "vap": "280", "pvap": "   2,77", "e": "N", "st": "Suplente"}, {"seq": "26", "n": "65888", "vap": "180", "pvap": "   1,78", "e": "N", "st": "Suplente"}, {"seq": "40", "n": "65222", "vap": "9", "pvap": "   0,09", "e": "N", "st": "Suplente"}, {"seq": "33", "n": "65000", "vap": "24", "pvap": "   0,24", "e": "N", "st": "Suplente"}, {"seq": "5", "n": "65555", "vap": "411", "pvap": "   4,07", "e": "S", "st": "Eleito"}, {"seq": "6", "n": "55666", "vap": "355", "pvap": "   3,52", "e": "S", "st": "Eleito"}, {"seq": "17", "n": "55555", "vap": "261", "pvap": "   2,58", "e": "N", "st": "Suplente"}, {"seq": "27", "n": "55444", "vap": "121", "pvap": "   1,20", "e": "N", "st": "Suplente"}, {"seq": "29", "n": "55380", "vap": "61", "pvap": "   0,60", "e": "N", "st": "Suplente"}, {"seq": "31", "n": "55522", "vap": "29", "pvap": "   0,29", "e": "N", "st": "Suplente"}, {"seq": "24", "n": "55111", "vap": "195", "pvap": "   1,93", "e": "N", "st": "Suplente"}, {"seq": "28", "n": "55222", "vap": "85", "pvap": "   0,84", "e": "N", "st": "Suplente"}, {"seq": "23", "n": "55000", "vap": "209", "pvap": "   2,07", "e": "N", "st": "Suplente"}, {"seq": "8", "n": "13456", "vap": "335", "pvap": "   3,32", "e": "S", "st": "Eleito"}, {"seq": "35", "n": "13131", "vap": "17", "pvap": "   0,17", "e": "N", "st": "Suplente"}, {"seq": "13", "n": "13333", "vap": "326", "pvap": "   3,23", "e": "N", "st": "Suplente"}, {"seq": "39", "n": "13789", "vap": "10", "pvap": "   0,10", "e": "N", "st": "Suplente"}, {"seq": "41", "n": "13111", "vap": "2", "pvap": "   0,02", "e": "N", "st": "Suplente"}, {"seq": "20", "n": "13444", "vap": "245", "pvap": "   2,43", "e": "N", "st": "Suplente"}, {"seq": "34", "n": "13555", "vap": "22", "pvap": "   0,22", "e": "N", "st": "Suplente"}, {"seq": "30", "n": "13123", "vap": "42", "pvap": "   0,42", "e": "N", "st": "Suplente"}, {"seq": "18", "n": "13222", "vap": "254", "pvap": "   2,52", "e": "N", "st": "Suplente"}]}, {"dt": "15/11/2020", "ht": "22:53:07", "tf": "S", "and": "F", "tpabr": "ZONA", "cdabr": "6", "s": "37", "st": "37", "snt": "0", "si": "37", "sni": "0", "sa": "37", "sna": "0", "pst": " 100,00", "psnt": "   0,00", "psi": " 100,00", "psni": "   0,00", "psa": " 100,00", "psna": "   0,00", "e": "11510", "ea": "11510", "ena": "0", "esi": "11510", "esni": "0", "a": "1119", "c": "10391", "pea": " 100,00", "pena": "   0,00", "pesi": " 100,00", "pesni": "   0,00", "pa": "   9,72", "pc": "  90,28", "vnom": "9560", "vscv": "0", "vl": "537", "tv": "10391", "vvc": "10097", "vb": "99", "tvn": "195", "vn": "195", "vnt": "0", "vp": "0", "vv": "10097", "van": "0", "vansj": "0", "pvnom": "  94,68", "pvl": "   5,32", "pvvc": "  97,17", "pvb": "   0,95", "ptvn": "   1,88", "pvn": " 100,00", "pvnt": "   0,00", "pvp": "   0,00", "pvv": " 100,00", "pvan": "   0,00", "pvansj": "   0,00", "cand": [{"seq": "38", "n": "65777", "vap": "11", "pvap": "   0,11", "e": "N", "st": "Suplente"}, {"seq": "5", "n": "65555", "vap": "411", "pvap": "   4,07", "e": "S", "st": "Eleito"}, {"seq": "42", "n": "65111", "vap": "1", "pvap": "   0,01", "e": "N", "st": "Suplente"}, {"seq": "15", "n": "65444", "vap": "280", "pvap": "   2,77", "e": "N", "st": "Suplente"}, {"seq": "33", "n": "65000", "vap": "24", "pvap": "   0,24", "e": "N", "st": "Suplente"}, {"seq": "40", "n": "65222", "vap": "9", "pvap": "   0,09", "e": "N", "st": "Suplente"}, {"seq": "26", "n": "65888", "vap": "180", "pvap": "   1,78", "e": "N", "st": "Suplente"}, {"seq": "32", "n": "65190", "vap": "28", "pvap": "   0,28", "e": "N", "st": "Suplente"}, {"seq": "45", "n": "11333", "vap": "38", "pvap": "   0,38", "e": "N", "st": "N\u00e3o eleito"}, {"seq": "43", "n": "11111", "vap": "173", "pvap": "   1,71", "e": "N", "st": "N\u00e3o eleito"}, {"seq": "44", "n": "11000", "vap": "132", "pvap": "   1,31", "e": "N", "st": "N\u00e3o eleito"}, {"seq": "46", "n": "11777", "vap": "5", "pvap": "   0,05", "e": "N", "st": "N\u00e3o eleito"}, {"seq": "21", "n": "25888", "vap": "239", "pvap": "   2,37", "e": "N", "st": "Suplente"}, {"seq": "22", "n": "25111", "vap": "226", "pvap": "   2,24", "e": "N", "st": "Suplente"}, {"seq": "25", "n": "25999", "vap": "194", "pvap": "   1,92", "e": "N", "st": "Suplente"}, {"seq": "9", "n": "25123", "vap": "307", "pvap": "   3,04", "e": "S", "st": "Eleito"}, {"seq": "7", "n": "25555", "vap": "349", "pvap": "   3,46", "e": "S", "st": "Eleito"}, {"seq": "14", "n": "25222", "vap": "281", "pvap": "   2,78", "e": "N", "st": "Suplente"}, {"seq": "19", "n": "12222", "vap": "252", "pvap": "   2,50", "e": "N", "st": "Suplente"}, {"seq": "4", "n": "12000", "vap": "536", "pvap": "   5,31", "e": "S", "st": "Eleito"}, {"seq": "2", "n": "12333", "vap": "589", "pvap": "   5,83", "e": "S", "st": "Eleito"}, {"seq": "1", "n": "12345", "vap": "643", "pvap": "   6,37", "e": "S", "st": "Eleito"}, {"seq": "10", "n": "12444", "vap": "433", "pvap": "   4,29", "e": "N", "st": "Suplente"}, {"seq": "12", "n": "12622", "vap": "383", "pvap": "   3,79", "e": "N", "st": "Suplente"}, {"seq": "39", "n": "13789", "vap": "10", "pvap": "   0,10", "e": "N", "st": "Suplente"}, {"seq": "13", "n": "13333", "vap": "326", "pvap": "   3,23", "e": "N", "st": "Suplente"}, {"seq": "20", "n": "13444", "vap": "245", "pvap": "   2,43", "e": "N", "st": "Suplente"}, {"seq": "8", "n": "13456", "vap": "335", "pvap": "   3,32", "e": "S", "st": "Eleito"}, {"seq": "41", "n": "13111", "vap": "2", "pvap": "   0,02", "e": "N", "st": "Suplente"}, {"seq": "18", "n": "13222", "vap": "254", "pvap": "   2,52", "e": "N", "st": "Suplente"}, {"seq": "30", "n": "13123", "vap": "42", "pvap": "   0,42", "e": "N", "st": "Suplente"}, {"seq": "35", "n": "13131", "vap": "17", "pvap": "   0,17", "e": "N", "st": "Suplente"}, {"seq": "34", "n": "13555", "vap": "22", "pvap": "   0,22", "e": "N", "st": "Suplente"}, {"seq": "11", "n": "15555", "vap": "423", "pvap": "   4,19", "e": "N", "st": "Suplente"}, {"seq": "37", "n": "15333", "vap": "13", "pvap": "   0,13", "e": "N", "st": "Suplente"}, {"seq": "16", "n": "15222", "vap": "271", "pvap": "   2,68", "e": "N", "st": "Suplente"}, {"seq": "36", "n": "15888", "vap": "17", "pvap": "   0,17", "e": "N", "st": "Suplente"}, {"seq": "3", "n": "15789", "vap": "543", "pvap": "   5,38", "e": "S", "st": "Eleito"}, {"seq": "17", "n": "55555", "vap": "261", "pvap": "   2,58", "e": "N", "st": "Suplente"}, {"seq": "27", "n": "55444", "vap": "121", "pvap": "   1,20", "e": "N", "st": "Suplente"}, {"seq": "24", "n": "55111", "vap": "195", "pvap": "   1,93", "e": "N", "st": "Suplente"}, {"seq": "31", "n": "55522", "vap": "29", "pvap": "   0,29", "e": "N", "st": "Suplente"}, {"seq": "28", "n": "55222", "vap": "85", "pvap": "   0,84", "e": "N", "st": "Suplente"}, {"seq": "6", "n": "55666", "vap": "355", "pvap": "   3,52", "e": "S", "st": "Eleito"}, {"seq": "29", "n": "55380", "vap": "61", "pvap": "   0,60", "e": "N", "st": "Suplente"}, {"seq": "23", "n": "55000", "vap": "209", "pvap": "   2,07", "e": "N", "st": "Suplente"}]}]}