{"ele": "426", "carper": "13", "t": "1", "f": "O", "esae": "N", "mnae": " ", "dg": "15/11/2020", "hg": "22:38:36", "dv": "S", "nadf": "ce15016-c0013-e000426-003-f", "abr": [{"dt": "15/11/2020", "ht": "22:23:15", "tf": "S", "and": "F", "tpabr": "MU", "cdabr": "15016", "s": "26", "st": "26", "snt": "0", "si": "26", "sni": "0", "sa": "26", "sna": "0", "pst": " 100,00", "psnt": "   0,00", "psi": " 100,00", "psni": "   0,00", "psa": " 100,00", "psna": "   0,00", "e": "8674", "ea": "8674", "ena": "0", "esi": "8674", "esni": "0", "c": "7903", "a": "771", "pea": " 100,00", "pena": "   0,00", "pesi": " 100,00", "pesni": "   0,00", "pa": "   8,89", "pc": "  91,11", "vscv": "0", "vnom": "7310", "vl": "394", "tv": "7903", "vvc": "7704", "vb": "67", "tvn": "132", "vn": "132", "vnt": "0", "vp": "0", "vv": "7704", "van": "0", "vansj": "0", "pvnom": "  94,89", "pvl": "   5,11", "pvvc": "  97,48", "pvb": "   0,85", "ptvn": "   1,67", "pvn": " 100,00", "pvnt": "   0,00", "pvp": "   0,00", "pvv": " 100,00", "pvan": "   0,00", "pvansj": "   0,00", "colig": [{"n": "60000077148", "tvtn": "724", "tvan": "724", "vag": "1", "tvtl": "37", "tval": "37"}, {"n": "60000077075", "tvtn": "2311", "tvan": "2311", "vag": "3", "tvtl": "126", "tval": "126"}, {"n": "60000099057", "tvtn": "1007", "tvan": "1007", "vag": "1", "tvtl": "12", "tval": "12"}, {"n": "60000113771", "tvtn": "238", "tvan": "238", "vag": "0", "tvtl": "6", "tval": "6"}, {"n": "60000077200", "tvtn": "655", "tvan": "655", "vag": "1", "tvtl": "84", "tval": "84"}, {"n": "60000098986", "tvtn": "2375", "tvan": "2375", "vag": "3", "tvtl": "129", "tval": "129"}], "part": [{"n": "11", "tvtn": "724", "tvan": "724", "tvtl": "37", "tval": "37"}, {"n": "55", "tvtn": "2311", "tvan": "2311", "tvtl": "126", "tval": "126"}, {"n": "40", "tvtn": "1007", "tvan": "1007", "tvtl": "12", "tval": "12"}, {"n": "17", "tvtn": "238", "tvan": "238", "tvtl": "6", "tval": "6"}, {"n": "12", "tvtn": "655", "tvan": "655", "tvtl": "84", "tval": "84"}, {"n": "13", "tvtn": "2375", "tvan": "2375", "tvtl": "129", "tval": "129"}], "cand": [{"seq": "40", "n": "11344", "vap": "35", "pvap": "   0,45", "e": "N", "st": "Suplente"}, {"seq": "19", "n": "11222", "vap": "150", "pvap": "   1,95", "e": "N", "st": "Suplente"}, {"seq": "50", "n": "11123", "vap": "10", "pvap": "   0,13", "e": "N", "st": "Suplente"}, {"seq": "43", "n": "11619", "vap": "28", "pvap": "   0,36", "e": "N", "st": "Suplente"}, {"seq": "54", "n": "11888", "vap": "2", "pvap": "   0,03", "e": "N", "st": "Suplente"}, {"seq": "47", "n": "11526", "vap": "18", "pvap": "   0,23", "e": "N", "st": "Suplente"}, {"seq": "39", "n": "11111", "vap": "38", "pvap": "   0,49", "e": "N", "st": "Suplente"}, {"seq": "41", "n": "11225", "vap": "35", "pvap": "   0,45", "e": "N", "st": "Suplente"}, {"seq": "44", "n": "11777", "vap": "28", "pvap": "   0,36", "e": "N", "st": "Suplente"}, {"seq": "9", "n": "11618", "vap": "190", "pvap": "   2,47", "e": "S", "st": "Eleito"}, {"seq": "31", "n": "11333", "vap": "65", "pvap": "   0,84", "e": "N", "st": "Suplente"}, {"seq": "26", "n": "11456", "vap": "125", "pvap": "   1,62", "e": "N", "st": "Suplente"}, {"seq": "12", "n": "55333", "vap": "194", "pvap": "   2,52", "e": "N", "st": "Suplente"}, {"seq": "17", "n": "55222", "vap": "172", "pvap": "   2,23", "e": "N", "st": "Suplente"}, {"seq": "5", "n": "55555", "vap": "347", "pvap": "   4,50", "e": "S", "st": "Eleito"}, {"seq": "25", "n": "55123", "vap": "126", "pvap": "   1,64", "e": "N", "st": "Suplente"}, {"seq": "38", "n": "55777", "vap": "38", "pvap": "   0,49", "e": "N", "st": "Suplente"}, {"seq": "51", "n": "55444", "vap": "6", "pvap": "   0,08", "e": "N", "st": "Suplente"}, {"seq": "11", "n": "55678", "vap": "206", "pvap": "   2,67", "e": "N", "st": "Suplente"}, {"seq": "10", "n": "55699", "vap": "341", "pvap": "   4,43", "e": "N", "st": "Suplente"}, {"seq": "4", "n": "55666", "vap": "349", "pvap": "   4,53", "e": "S", "st": "Eleito"}, {"seq": "3", "n": "55369", "vap": "438", "pvap": "   5,69", "e": "S", "st": "Eleito"}, {"seq": "28", "n": "55610", "vap": "94", "pvap": "   1,22", "e": "N", "st": "Suplente"}, {"seq": "20", "n": "40213", "vap": "145", "pvap": "   1,88", "e": "N", "st": "Suplente"}, {"seq": "24", "n": "40222", "vap": "133", "pvap": "   1,73", "e": "N", "st": "Suplente"}, {"seq": "33", "n": "40123", "vap": "50", "pvap": "   0,65", "e": "N", "st": "Suplente"}, {"seq": "27", "n": "40333", "vap": "124", "pvap": "   1,61", "e": "N", "st": "Suplente"}, {"seq": "29", "n": "40888", "vap": "85", "pvap": "   1,10", "e": "N", "st": "Suplente"}, {"seq": "18", "n": "40000", "vap": "169", "pvap": "   2,19", "e": "N", "st": "Suplente"}, {"seq": "8", "n": "40444", "vap": "203", "pvap": "   2,63", "e": "S", "st": "Eleito"}, {"seq": "32", "n": "40111", "vap": "51", "pvap": "   0,66", "e": "N", "st": "Suplente"}, {"seq": "34", "n": "40040", "vap": "47", "pvap": "   0,61", "e": "N", "st": "Suplente"}, {"seq": "56", "n": "17000", "vap": "75", "pvap": "   0,97", "e": "N", "st": "N\u00e3o eleito"}, {"seq": "57", "n": "17777", "vap": "28", "pvap": "   0,36", "e": "N", "st": "N\u00e3o eleito"}, {"seq": "55", "n": "17555", "vap": "135", "pvap": "   1,75", "e": "N", "st": "N\u00e3o eleito"}, {"seq": "6", "n": "12123", "vap": "225", "pvap": "   2,92", "e": "S", "st": "Eleito"}, {"seq": "16", "n": "12345", "vap": "173", "pvap": "   2,25", "e": "N", "st": "Suplente"}, {"seq": "42", "n": "12333", "vap": "29", "pvap": "   0,38", "e": "N", "st": "Suplente"}, {"seq": "58", "n": "12322", "vap": "0", "pvap": "00.00", "e": "N", "st": "N\u00e3o eleito"}, {"seq": "45", "n": "12789", "vap": "26", "pvap": "   0,34", "e": "N", "st": "Suplente"}, {"seq": "21", "n": "12555", "vap": "136", "pvap": "   1,77", "e": "N", "st": "Suplente"}, {"seq": "46", "n": "12234", "vap": "21", "pvap": "   0,27", "e": "N", "st": "Suplente"}, {"seq": "36", "n": "12111", "vap": "40", "pvap": "   0,52", "e": "N", "st": "Suplente"}, {"seq": "52", "n": "12000", "vap": "5", "pvap": "   0,06", "e": "N", "st": "Suplente"}, {"seq": "15", "n": "13444", "vap": "180", "pvap": "   2,34", "e": "N", "st": "Suplente"}, {"seq": "1", "n": "13123", "vap": "618", "pvap": "   8,02", "e": "S", "st": "Eleito"}, {"seq": "35", "n": "13560", "vap": "45", "pvap": "   0,58", "e": "N", "st": "Suplente"}, {"seq": "48", "n": "13613", "vap": "18", "pvap": "   0,23", "e": "N", "st": "Suplente"}, {"seq": "2", "n": "13000", "vap": "519", "pvap": "   6,74", "e": "S", "st": "Eleito"}, {"seq": "23", "n": "13333", "vap": "134", "pvap": "   1,74", "e": "N", "st": "Suplente"}, {"seq": "53", "n": "13147", "vap": "3", "pvap": "   0,04", "e": "N", "st": "Suplente"}, {"seq": "7", "n": "13789", "vap": "214", "pvap": "   2,78", "e": "S", "st": "Eleito"}, {"seq": "30", "n": "13456", "vap": "75", "pvap": "   0,97", "e": "N", "st": "Suplente"}, {"seq": "14", "n": "13223", "vap": "188", "pvap": "   2,44", "e": "N", "st": "Suplente"}, {"seq": "37", "n": "13210", "vap": "38", "pvap": "   0,49", "e": "N", "st": "Suplente"}, {"seq": "49", "n": "13413", "vap": "18", "pvap": "   0,23", "e": "N", "st": "Suplente"}, {"seq": "13", "n": "13222", "vap": "190", "pvap": "   2,47", "e": "N", "st": "Suplente"}, {"seq": "22", "n": "13133", "vap": "135", "pvap": "   1,75", "e": "N", "st": "Suplente"}]}, {"dt": "15/11/2020", "ht": "22:23:15", "tf": "S", "and": "F", "tpabr": "ZONA", "cdabr": "9", "s": "26", "st": "26", "snt": "0", "si": "26", "sni": "0", "sa": "26", "sna": "0", "pst": " 100,00", "psnt": "   0,00", "psi": " 100,00", "psni": "   0,00", "psa": " 100,00", "psna": "   0,00", "e": "8674", "ea": "8674", "ena": "0", "esi": "8674", "esni": "0", "a": "771", "c": "7903", "pea": " 100,00", "pena": "   0,00", "pesi": " 100,00", "pesni": "   0,00", "pa": "   8,89", "pc": "  91,11", "vnom": "7310", "vscv": "0", "vl": "394", "tv": "7903", "vvc": "7704", "vb": "67", "tvn": "132", "vn": "132", "vnt": "0", "vp": "0", "vv": "7704", "van": "0", "vansj": "0", "pvnom": "  94,89", "pvl": "   5,11", "pvvc": "  97,48", "pvb": "   0,85", "ptvn": "   1,67", "pvn": " 100,00", "pvnt": "   0,00", "pvp": "   0,00", "pvv": " 100,00", "pvan": "   0,00", "pvansj": "   0,00", "cand": [{"seq": "1", "n": "13123", "vap": "618", "pvap": "   8,02", "e": "S", "st": "Eleito"}, {"seq": "2", "n": "13000", "vap": "519", "pvap": "   6,74", "e": "S", "st": "Eleito"}, {"seq": "7", "n": "13789", "vap": "214", "pvap": "   2,78", "e": "S", "st": "Eleito"}, {"seq": "13", "n": "13222", "vap": "190", "pvap": "   2,47", "e": "N", "st": "Suplente"}, {"seq": "14", "n": "13223", "vap": "188", "pvap": "   2,44", "e": "N", "st": "Suplente"}, {"seq": "15", "n": "13444", "vap": "180", "pvap": "   2,34", "e": "N", "st": "Suplente"}, {"seq": "22", "n": "13133", "vap": "135", "pvap": "   1,75", "e": "N", "st": "Suplente"}, {"seq": "23", "n": "13333", "vap": "134", "pvap": "   1,74", "e": "N", "st": "Suplente"}, {"seq": "30", "n": "13456", "vap": "75", "pvap": "   0,97", "e": "N", "st": "Suplente"}, {"seq": "35", "n": "13560", "vap": "45", "pvap": "   0,58", "e": "N", "st": "Suplente"}, {"seq": "37", "n": "13210", "vap": "38", "pvap": "   0,49", "e": "N", "st": "Suplente"}, {"seq": "48", "n": "13613", "vap": "18", "pvap": "   0,23", "e": "N", "st": "Suplente"}, {"seq": "49", "n": "13413", "vap": "18", "pvap": "   0,23", "e": "N", "st": "Suplente"}, {"seq": "53", "n": "13147", "vap": "3", "pvap": "   0,04", "e": "N", "st": "Suplente"}, {"seq": "9", "n": "11618", "vap": "190", "pvap": "   2,47", "e": "S", "st": "Eleito"}, {"seq": "19", "n": "11222", "vap": "150", "pvap": "   1,95", "e": "N", "st": "Suplente"}, {"seq": "26", "n": "11456", "vap": "125", "pvap": "   1,62", "e": "N", "st": "Suplente"}, {"seq": "31", "n": "11333", "vap": "65", "pvap": "   0,84", "e": "N", "st": "Suplente"}, {"seq": "39", "n": "11111", "vap": "38", "pvap": "   0,49", "e": "N", "st": "Suplente"}, {"seq": "40", "n": "11344", "vap": "35", "pvap": "   0,45", "e": "N", "st": "Suplente"}, {"seq": "41", "n": "11225", "vap": "35", "pvap": "   0,45", "e": "N", "st": "Suplente"}, {"seq": "43", "n": "11619", "vap": "28", "pvap": "   0,36", "e": "N", "st": "Suplente"}, {"seq": "44", "n": "11777", "vap": "28", "pvap": "   0,36", "e": "N", "st": "Suplente"}, {"seq": "47", "n": "11526", "vap": "18", "pvap": "   0,23", "e": "N", "st": "Suplente"}, {"seq": "50", "n": "11123", "vap": "10", "pvap": "   0,13", "e": "N", "st": "Suplente"}, {"seq": "54", "n": "11888", "vap": "2", "pvap": "   0,03", "e": "N", "st": "Suplente"}, {"seq": "55", "n": "17555", "vap": "135", "pvap": "   1,75", "e": "N", "st": "N\u00e3o eleito"}, {"seq": "56", "n": "17000", "vap": "75", "pvap": "   0,97", "e": "N", "st": "N\u00e3o eleito"}, {"seq": "57", "n": "17777", "vap": "28", "pvap": "   0,36", "e": "N", "st": "N\u00e3o eleito"}, {"seq": "3", "n": "55369", "vap": "438", "pvap": "   5,69", "e": "S", "st": "Eleito"}, {"seq": "4", "n": "55666", "vap": "349", "pvap": "   4,53", "e": "S", "st": "Eleito"}, {"seq": "5", "n": "55555", "vap": "347", "pvap": "   4,50", "e": "S", "st": "Eleito"}, {"seq": "10", "n": "55699", "vap": "341", "pvap": "   4,43", "e": "N", "st": "Suplente"}, {"seq": "11", "n": "55678", "vap": "206", "pvap": "   2,67", "e": "N", "st": "Suplente"}, {"seq": "12", "n": "55333", "vap": "194", "pvap": "   2,52", "e": "N", "st": "Suplente"}, {"seq": "17", "n": "55222", "vap": "172", "pvap": "   2,23", "e": "N", "st": "Suplente"}, {"seq": "25", "n": "55123", "vap": "126", "pvap": "   1,64", "e": "N", "st": "Suplente"}, {"seq": "28", "n": "55610", "vap": "94", "pvap": "   1,22", "e": "N", "st": "Suplente"}, {"seq": "38", "n": "55777", "vap": "38", "pvap": "   0,49", "e": "N", "st": "Suplente"}, {"seq": "51", "n": "55444", "vap": "6", "pvap": "   0,08", "e": "N", "st": "Suplente"}, {"seq": "6", "n": "12123", "vap": "225", "pvap": "   2,92", "e": "S", "st": "Eleito"}, {"seq": "16", "n": "12345", "vap": "173", "pvap": "   2,25", "e": "N", "st": "Suplente"}, {"seq": "21", "n": "12555", "vap": "136", "pvap": "   1,77", "e": "N", "st": "Suplente"}, {"seq": "36", "n": "12111", "vap": "40", "pvap": "   0,52", "e": "N", "st": "Suplente"}, {"seq": "42", "n": "12333", "vap": "29", "pvap": "   0,38", "e": "N", "st": "Suplente"}, {"seq": "45", "n": "12789", "vap": "26", "pvap": "   0,34", "e": "N", "st": "Suplente"}, {"seq": "46", "n": "12234", "vap": "21", "pvap": "   0,27", "e": "N", "st": "Suplente"}, {"seq": "52", "n": "12000", "vap": "5", "pvap": "   0,06", "e": "N", "st": "Suplente"}, {"seq": "58", "n": "12322", "vap": "0", "pvap": "00.00", "e": "N", "st": "N\u00e3o eleito"}, {"seq": "8", "n": "40444", "vap": "203", "pvap": "   2,63", "e": "S", "st": "Eleito"}, {"seq": "18", "n": "40000", "vap": "169", "pvap": "   2,19", "e": "N", "st": "Suplente"}, {"seq": "20", "n": "40213", "vap": "145", "pvap": "   1,88", "e": "N", "st": "Suplente"}, {"seq": "24", "n": "40222", "vap": "133", "pvap": "   1,73", "e": "N", "st": "Suplente"}, {"seq": "27", "n": "40333", "vap": "124", "pvap": "   1,61", "e": "N", "st": "Suplente"}, {"seq": "29", "n": "40888", "vap": "85", "pvap": "   1,10", "e": "N", "st": "Suplente"}, {"seq": "32", "n": "40111", "vap": "51", "pvap": "   0,66", "e": "N", "st": "Suplente"}, {"seq": "33", "n": "40123", "vap": "50", "pvap": "   0,65", "e": "N", "st": "Suplente"}, {"seq": "34", "n": "40040", "vap": "47", "pvap": "   0,61", "e": "N", "st": "Suplente"}]}]}