{"ele": "426", "carper": "13", "t": "1", "f": "O", "esae": "N", "mnae": " ", "dg": "15/11/2020", "hg": "22:13:56", "dv": "S", "nadf": "ce13331-c0013-e000426-003-f", "abr": [{"dt": "15/11/2020", "ht": "22:07:48", "tf": "S", "and": "F", "tpabr": "MU", "cdabr": "13331", "s": "61", "st": "61", "snt": "0", "si": "61", "sni": "0", "sa": "61", "sna": "0", "pst": " 100,00", "psnt": "   0,00", "psi": " 100,00", "psni": "   0,00", "psa": " 100,00", "psna": "   0,00", "e": "19526", "ea": "19526", "ena": "0", "esi": "19526", "esni": "0", "c": "16600", "a": "2926", "pea": " 100,00", "pena": "   0,00", "pesi": " 100,00", "pesni": "   0,00", "pa": "  14,99", "pc": "  85,01", "vscv": "0", "vnom": "14947", "vl": "761", "tv": "16600", "vvc": "15708", "vb": "193", "tvn": "699", "vn": "699", "vnt": "0", "vp": "0", "vv": "15708", "van": "0", "vansj": "0", "pvnom": "  95,16", "pvl": "   4,84", "pvvc": "  94,63", "pvb": "   1,16", "ptvn": "   4,21", "pvn": " 100,00", "pvnt": "   0,00", "pvp": "   0,00", "pvv": " 100,00", "pvan": "   0,00", "pvansj": "   0,00", "colig": [{"n": "60000131518", "tvtn": "5332", "tvan": "5332", "vag": "4", "tvtl": "320", "tval": "320"}, {"n": "60000087239", "tvtn": "6850", "tvan": "6850", "vag": "6", "tvtl": "345", "tval": "345"}, {"n": "60000129487", "tvtn": "606", "tvan": "606", "vag": "0", "tvtl": "37", "tval": "37"}, {"n": "60000051777", "tvtn": "1821", "tvan": "1821", "vag": "1", "tvtl": "49", "tval": "49"}, {"n": "60000129491", "tvtn": "338", "tvan": "338", "vag": "0", "tvtl": "10", "tval": "10"}], "part": [{"n": "15", "tvtn": "5332", "tvan": "5332", "tvtl": "320", "tval": "320"}, {"n": "55", "tvtn": "6850", "tvan": "6850", "tvtl": "345", "tval": "345"}, {"n": "40", "tvtn": "606", "tvan": "606", "tvtl": "37", "tval": "37"}, {"n": "10", "tvtn": "1821", "tvan": "1821", "tvtl": "49", "tval": "49"}, {"n": "19", "tvtn": "338", "tvan": "338", "tvtl": "10", "tval": "10"}], "cand": [{"seq": "8", "n": "15000", "vap": "880", "pvap": "   5,60", "e": "S", "st": "Eleito"}, {"seq": "5", "n": "15222", "vap": "910", "pvap": "   5,79", "e": "S", "st": "Eleito"}, {"seq": "25", "n": "15888", "vap": "51", "pvap": "   0,32", "e": "N", "st": "Suplente"}, {"seq": "13", "n": "15555", "vap": "434", "pvap": "   2,76", "e": "N", "st": "Suplente"}, {"seq": "2", "n": "15999", "vap": "1412", "pvap": "   8,99", "e": "S", "st": "Eleito"}, {"seq": "17", "n": "15123", "vap": "346", "pvap": "   2,20", "e": "N", "st": "Suplente"}, {"seq": "7", "n": "15333", "vap": "880", "pvap": "   5,60", "e": "S", "st": "Eleito"}, {"seq": "14", "n": "15111", "vap": "419", "pvap": "   2,67", "e": "N", "st": "Suplente"}, {"seq": "6", "n": "55123", "vap": "894", "pvap": "   5,69", "e": "S", "st": "Eleito"}, {"seq": "12", "n": "55000", "vap": "498", "pvap": "   3,17", "e": "N", "st": "Suplente"}, {"seq": "18", "n": "55999", "vap": "261", "pvap": "   1,66", "e": "N", "st": "Suplente"}, {"seq": "32", "n": "55588", "vap": "3", "pvap": "   0,02", "e": "N", "st": "Suplente"}, {"seq": "1", "n": "55333", "vap": "1413", "pvap": "   9,00", "e": "S", "st": "Eleito"}, {"seq": "23", "n": "55511", "vap": "85", "pvap": "   0,54", "e": "N", "st": "Suplente"}, {"seq": "11", "n": "55550", "vap": "513", "pvap": "   3,27", "e": "S", "st": "Eleito"}, {"seq": "9", "n": "55222", "vap": "713", "pvap": "   4,54", "e": "S", "st": "Eleito"}, {"seq": "27", "n": "55444", "vap": "38", "pvap": "   0,24", "e": "N", "st": "Suplente"}, {"seq": "4", "n": "55111", "vap": "1001", "pvap": "   6,37", "e": "S", "st": "Eleito"}, {"seq": "20", "n": "55100", "vap": "171", "pvap": "   1,09", "e": "N", "st": "Suplente"}, {"seq": "21", "n": "55888", "vap": "147", "pvap": "   0,94", "e": "N", "st": "Suplente"}, {"seq": "26", "n": "55666", "vap": "41", "pvap": "   0,26", "e": "N", "st": "Suplente"}, {"seq": "3", "n": "55555", "vap": "1069", "pvap": "   6,81", "e": "S", "st": "Eleito"}, {"seq": "33", "n": "55987", "vap": "3", "pvap": "   0,02", "e": "N", "st": "Suplente"}, {"seq": "38", "n": "40222", "vap": "93", "pvap": "   0,59", "e": "N", "st": "N\u00e3o eleito"}, {"seq": "42", "n": "40444", "vap": "24", "pvap": "   0,15", "e": "N", "st": "N\u00e3o eleito"}, {"seq": "40", "n": "40000", "vap": "36", "pvap": "   0,23", "e": "N", "st": "N\u00e3o eleito"}, {"seq": "39", "n": "40400", "vap": "83", "pvap": "   0,53", "e": "N", "st": "N\u00e3o eleito"}, {"seq": "36", "n": "40123", "vap": "104", "pvap": "   0,66", "e": "N", "st": "N\u00e3o eleito"}, {"seq": "43", "n": "40111", "vap": "14", "pvap": "   0,09", "e": "N", "st": "N\u00e3o eleito"}, {"seq": "34", "n": "40404", "vap": "252", "pvap": "   1,60", "e": "N", "st": "N\u00e3o eleito"}, {"seq": "29", "n": "10100", "vap": "5", "pvap": "   0,03", "e": "N", "st": "Suplente"}, {"seq": "16", "n": "10000", "vap": "384", "pvap": "   2,44", "e": "N", "st": "Suplente"}, {"seq": "10", "n": "10123", "vap": "606", "pvap": "   3,86", "e": "S", "st": "Eleito"}, {"seq": "19", "n": "10222", "vap": "217", "pvap": "   1,38", "e": "N", "st": "Suplente"}, {"seq": "30", "n": "10456", "vap": "4", "pvap": "   0,03", "e": "N", "st": "Suplente"}, {"seq": "31", "n": "10333", "vap": "3", "pvap": "   0,02", "e": "N", "st": "Suplente"}, {"seq": "15", "n": "10111", "vap": "416", "pvap": "   2,65", "e": "N", "st": "Suplente"}, {"seq": "24", "n": "10444", "vap": "56", "pvap": "   0,36", "e": "N", "st": "Suplente"}, {"seq": "22", "n": "10555", "vap": "125", "pvap": "   0,80", "e": "N", "st": "Suplente"}, {"seq": "28", "n": "10666", "vap": "5", "pvap": "   0,03", "e": "N", "st": "Suplente"}, {"seq": "37", "n": "19999", "vap": "96", "pvap": "   0,61", "e": "N", "st": "N\u00e3o eleito"}, {"seq": "35", "n": "19222", "vap": "212", "pvap": "   1,35", "e": "N", "st": "N\u00e3o eleito"}, {"seq": "41", "n": "19333", "vap": "30", "pvap": "   0,19", "e": "N", "st": "N\u00e3o eleito"}]}, {"dt": "15/11/2020", "ht": "22:07:48", "tf": "S", "and": "F", "tpabr": "ZONA", "cdabr": "69", "s": "61", "st": "61", "snt": "0", "si": "61", "sni": "0", "sa": "61", "sna": "0", "pst": " 100,00", "psnt": "   0,00", "psi": " 100,00", "psni": "   0,00", "psa": " 100,00", "psna": "   0,00", "e": "19526", "ea": "19526", "ena": "0", "esi": "19526", "esni": "0", "a": "2926", "c": "16600", "pea": " 100,00", "pena": "   0,00", "pesi": " 100,00", "pesni": "   0,00", "pa": "  14,99", "pc": "  85,01", "vnom": "14947", "vscv": "0", "vl": "761", "tv": "16600", "vvc": "15708", "vb": "193", "tvn": "699", "vn": "699", "vnt": "0", "vp": "0", "vv": "15708", "van": "0", "vansj": "0", "pvnom": "  95,16", "pvl": "   4,84", "pvvc": "  94,63", "pvb": "   1,16", "ptvn": "   4,21", "pvn": " 100,00", "pvnt": "   0,00", "pvp": "   0,00", "pvv": " 100,00", "pvan": "   0,00", "pvansj": "   0,00", "cand": [{"seq": "10", "n": "10123", "vap": "606", "pvap": "   3,86", "e": "S", "st": "Eleito"}, {"seq": "15", "n": "10111", "vap": "416", "pvap": "   2,65", "e": "N", "st": "Suplente"}, {"seq": "16", "n": "10000", "vap": "384", "pvap": "   2,44", "e": "N", "st": "Suplente"}, {"seq": "19", "n": "10222", "vap": "217", "pvap": "   1,38", "e": "N", "st": "Suplente"}, {"seq": "22", "n": "10555", "vap": "125", "pvap": "   0,80", "e": "N", "st": "Suplente"}, {"seq": "24", "n": "10444", "vap": "56", "pvap": "   0,36", "e": "N", "st": "Suplente"}, {"seq": "28", "n": "10666", "vap": "5", "pvap": "   0,03", "e": "N", "st": "Suplente"}, {"seq": "29", "n": "10100", "vap": "5", "pvap": "   0,03", "e": "N", "st": "Suplente"}, {"seq": "30", "n": "10456", "vap": "4", "pvap": "   0,03", "e": "N", "st": "Suplente"}, {"seq": "31", "n": "10333", "vap": "3", "pvap": "   0,02", "e": "N", "st": "Suplente"}, {"seq": "34", "n": "40404", "vap": "252", "pvap": "   1,60", "e": "N", "st": "N\u00e3o eleito"}, {"seq": "36", "n": "40123", "vap": "104", "pvap": "   0,66", "e": "N", "st": "N\u00e3o eleito"}, {"seq": "38", "n": "40222", "vap": "93", "pvap": "   0,59", "e": "N", "st": "N\u00e3o eleito"}, {"seq": "39", "n": "40400", "vap": "83", "pvap": "   0,53", "e": "N", "st": "N\u00e3o eleito"}, {"seq": "40", "n": "40000", "vap": "36", "pvap": "   0,23", "e": "N", "st": "N\u00e3o eleito"}, {"seq": "42", "n": "40444", "vap": "24", "pvap": "   0,15", "e": "N", "st": "N\u00e3o eleito"}, {"seq": "43", "n": "40111", "vap": "14", "pvap": "   0,09", "e": "N", "st": "N\u00e3o eleito"}, {"seq": "35", "n": "19222", "vap": "212", "pvap": "   1,35", "e": "N", "st": "N\u00e3o eleito"}, {"seq": "37", "n": "19999", "vap": "96", "pvap": "   0,61", "e": "N", "st": "N\u00e3o eleito"}, {"seq": "41", "n": "19333", "vap": "30", "pvap": "   0,19", "e": "N", "st": "N\u00e3o eleito"}, {"seq": "2", "n": "15999", "vap": "1412", "pvap": "   8,99", "e": "S", "st": "Eleito"}, {"seq": "5", "n": "15222", "vap": "910", "pvap": "   5,79", "e": "S", "st": "Eleito"}, {"seq": "7", "n": "15333", "vap": "880", "pvap": "   5,60", "e": "S", "st": "Eleito"}, {"seq": "8", "n": "15000", "vap": "880", "pvap": "   5,60", "e": "S", "st": "Eleito"}, {"seq": "13", "n": "15555", "vap": "434", "pvap": "   2,76", "e": "N", "st": "Suplente"}, {"seq": "14", "n": "15111", "vap": "419", "pvap": "   2,67", "e": "N", "st": "Suplente"}, {"seq": "17", "n": "15123", "vap": "346", "pvap": "   2,20", "e": "N", "st": "Suplente"}, {"seq": "25", "n": "15888", "vap": "51", "pvap": "   0,32", "e": "N", "st": "Suplente"}, {"seq": "1", "n": "55333", "vap": "1413", "pvap": "   9,00", "e": "S", "st": "Eleito"}, {"seq": "3", "n": "55555", "vap": "1069", "pvap": "   6,81", "e": "S", "st": "Eleito"}, {"seq": "4", "n": "55111", "vap": "1001", "pvap": "   6,37", "e": "S", "st": "Eleito"}, {"seq": "6", "n": "55123", "vap": "894", "pvap": "   5,69", "e": "S", "st": "Eleito"}, {"seq": "9", "n": "55222", "vap": "713", "pvap": "   4,54", "e": "S", "st": "Eleito"}, {"seq": "11", "n": "55550", "vap": "513", "pvap": "   3,27", "e": "S", "st": "Eleito"}, {"seq": "12", "n": "55000", "vap": "498", "pvap": "   3,17", "e": "N", "st": "Suplente"}, {"seq": "18", "n": "55999", "vap": "261", "pvap": "   1,66", "e": "N", "st": "Suplente"}, {"seq": "20", "n": "55100", "vap": "171", "pvap": "   1,09", "e": "N", "st": "Suplente"}, {"seq": "21", "n": "55888", "vap": "147", "pvap": "   0,94", "e": "N", "st": "Suplente"}, {"seq": "23", "n": "55511", "vap": "85", "pvap": "   0,54", "e": "N", "st": "Suplente"}, {"seq": "26", "n": "55666", "vap": "41", "pvap": "   0,26", "e": "N", "st": "Suplente"}, {"seq": "27", "n": "55444", "vap": "38", "pvap": "   0,24", "e": "N", "st": "Suplente"}, {"seq": "32", "n": "55588", "vap": "3", "pvap": "   0,02", "e": "N", "st": "Suplente"}, {"seq": "33", "n": "55987", "vap": "3", "pvap": "   0,02", "e": "N", "st": "Suplente"}]}]}