{"ele": "426", "carper": "13", "t": "1", "f": "O", "esae": "N", "mnae": " ", "dg": "15/11/2020", "hg": "23:01:47", "dv": "S", "nadf": "ce14052-c0013-e000426-003-f", "abr": [{"dt": "15/11/2020", "ht": "22:55:25", "tf": "S", "and": "F", "tpabr": "MU", "cdabr": "14052", "s": "47", "st": "47", "snt": "0", "si": "47", "sni": "0", "sa": "47", "sna": "0", "pst": " 100,00", "psnt": "   0,00", "psi": " 100,00", "psni": "   0,00", "psa": " 100,00", "psna": "   0,00", "e": "14518", "ea": "14518", "ena": "0", "esi": "14518", "esni": "0", "c": "12512", "a": "2006", "pea": " 100,00", "pena": "   0,00", "pesi": " 100,00", "pesni": "   0,00", "pa": "  13,82", "pc": "  86,18", "vscv": "0", "vnom": "11439", "vl": "627", "tv": "12512", "vvc": "12066", "vb": "85", "tvn": "361", "vn": "361", "vnt": "0", "vp": "0", "vv": "12066", "van": "0", "vansj": "0", "pvnom": "  94,80", "pvl": "   5,20", "pvvc": "  96,44", "pvb": "   0,67", "ptvn": "   2,89", "pvn": " 100,00", "pvnt": "   0,00", "pvp": "   0,00", "pvv": " 100,00", "pvan": "   0,00", "pvansj": "   0,00", "colig": [{"n": "60000131070", "tvtn": "8112", "tvan": "8112", "vag": "9", "tvtl": "409", "tval": "409"}, {"n": "60000099202", "tvtn": "1635", "tvan": "1635", "vag": "1", "tvtl": "37", "tval": "37"}, {"n": "60000099269", "tvtn": "772", "tvan": "772", "vag": "0", "tvtl": "15", "tval": "15"}, {"n": "60000099272", "tvtn": "920", "tvan": "920", "vag": "1", "tvtl": "166", "tval": "166"}], "part": [{"n": "12", "tvtn": "8112", "tvan": "8112", "tvtl": "409", "tval": "409"}, {"n": "22", "tvtn": "1635", "tvan": "1635", "tvtl": "37", "tval": "37"}, {"n": "90", "tvtn": "772", "tvan": "772", "tvtl": "15", "tval": "15"}, {"n": "40", "tvtn": "920", "tvan": "920", "tvtl": "166", "tval": "166"}], "cand": [{"seq": "13", "n": "12888", "vap": "487", "pvap": "   4,04", "e": "N", "st": "Suplente"}, {"seq": "16", "n": "12777", "vap": "301", "pvap": "   2,49", "e": "N", "st": "Suplente"}, {"seq": "10", "n": "12000", "vap": "519", "pvap": "   4,30", "e": "S", "st": "Eleito"}, {"seq": "3", "n": "12345", "vap": "745", "pvap": "   6,17", "e": "S", "st": "Eleito"}, {"seq": "7", "n": "12123", "vap": "637", "pvap": "   5,28", "e": "S", "st": "Eleito"}, {"seq": "5", "n": "12999", "vap": "713", "pvap": "   5,91", "e": "S", "st": "Eleito"}, {"seq": "18", "n": "12666", "vap": "229", "pvap": "   1,90", "e": "N", "st": "Suplente"}, {"seq": "4", "n": "12555", "vap": "738", "pvap": "   6,12", "e": "S", "st": "Eleito"}, {"seq": "15", "n": "12111", "vap": "322", "pvap": "   2,67", "e": "N", "st": "Suplente"}, {"seq": "14", "n": "12333", "vap": "396", "pvap": "   3,28", "e": "N", "st": "Suplente"}, {"seq": "23", "n": "12789", "vap": "128", "pvap": "   1,06", "e": "N", "st": "Suplente"}, {"seq": "2", "n": "12456", "vap": "762", "pvap": "   6,32", "e": "S", "st": "Eleito"}, {"seq": "21", "n": "12300", "vap": "154", "pvap": "   1,28", "e": "N", "st": "Suplente"}, {"seq": "8", "n": "12344", "vap": "621", "pvap": "   5,15", "e": "S", "st": "Eleito"}, {"seq": "9", "n": "12444", "vap": "566", "pvap": "   4,69", "e": "S", "st": "Eleito"}, {"seq": "1", "n": "12222", "vap": "794", "pvap": "   6,58", "e": "S", "st": "Eleito"}, {"seq": "27", "n": "22300", "vap": "19", "pvap": "   0,16", "e": "N", "st": "Suplente"}, {"seq": "6", "n": "22111", "vap": "663", "pvap": "   5,49", "e": "S", "st": "Eleito"}, {"seq": "12", "n": "22000", "vap": "572", "pvap": "   4,74", "e": "N", "st": "Suplente"}, {"seq": "30", "n": "22150", "vap": "6", "pvap": "   0,05", "e": "N", "st": "Suplente"}, {"seq": "20", "n": "22555", "vap": "172", "pvap": "   1,43", "e": "N", "st": "Suplente"}, {"seq": "25", "n": "22333", "vap": "65", "pvap": "   0,54", "e": "N", "st": "Suplente"}, {"seq": "29", "n": "22222", "vap": "7", "pvap": "   0,06", "e": "N", "st": "Suplente"}, {"seq": "22", "n": "22345", "vap": "129", "pvap": "   1,07", "e": "N", "st": "Suplente"}, {"seq": "31", "n": "22777", "vap": "2", "pvap": "   0,02", "e": "N", "st": "Suplente"}, {"seq": "34", "n": "90333", "vap": "142", "pvap": "   1,18", "e": "N", "st": "N\u00e3o eleito"}, {"seq": "33", "n": "90222", "vap": "190", "pvap": "   1,57", "e": "N", "st": "N\u00e3o eleito"}, {"seq": "32", "n": "90444", "vap": "246", "pvap": "   2,04", "e": "N", "st": "N\u00e3o eleito"}, {"seq": "35", "n": "90123", "vap": "65", "pvap": "   0,54", "e": "N", "st": "N\u00e3o eleito"}, {"seq": "37", "n": "90000", "vap": "47", "pvap": "   0,39", "e": "N", "st": "N\u00e3o eleito"}, {"seq": "40", "n": "90666", "vap": "1", "pvap": "   0,01", "e": "N", "st": "N\u00e3o eleito"}, {"seq": "39", "n": "90555", "vap": "4", "pvap": "   0,03", "e": "N", "st": "N\u00e3o eleito"}, {"seq": "36", "n": "90111", "vap": "58", "pvap": "   0,48", "e": "N", "st": "N\u00e3o eleito"}, {"seq": "38", "n": "90777", "vap": "19", "pvap": "   0,16", "e": "N", "st": "N\u00e3o eleito"}, {"seq": "17", "n": "40000", "vap": "230", "pvap": "   1,91", "e": "N", "st": "Suplente"}, {"seq": "26", "n": "40111", "vap": "47", "pvap": "   0,39", "e": "N", "st": "Suplente"}, {"seq": "11", "n": "40123", "vap": "357", "pvap": "   2,96", "e": "S", "st": "Eleito"}, {"seq": "28", "n": "40333", "vap": "19", "pvap": "   0,16", "e": "N", "st": "Suplente"}, {"seq": "24", "n": "40888", "vap": "91", "pvap": "   0,75", "e": "N", "st": "Suplente"}, {"seq": "19", "n": "40555", "vap": "176", "pvap": "   1,46", "e": "N", "st": "Suplente"}]}, {"dt": "15/11/2020", "ht": "22:55:25", "tf": "S", "and": "F", "tpabr": "ZONA", "cdabr": "54", "s": "47", "st": "47", "snt": "0", "si": "47", "sni": "0", "sa": "47", "sna": "0", "pst": " 100,00", "psnt": "   0,00", "psi": " 100,00", "psni": "   0,00", "psa": " 100,00", "psna": "   0,00", "e": "14518", "ea": "14518", "ena": "0", "esi": "14518", "esni": "0", "a": "2006", "c": "12512", "pea": " 100,00", "pena": "   0,00", "pesi": " 100,00", "pesni": "   0,00", "pa": "  13,82", "pc": "  86,18", "vnom": "11439", "vscv": "0", "vl": "627", "tv": "12512", "vvc": "12066", "vb": "85", "tvn": "361", "vn": "361", "vnt": "0", "vp": "0", "vv": "12066", "van": "0", "vansj": "0", "pvnom": "  94,80", "pvl": "   5,20", "pvvc": "  96,44", "pvb": "   0,67", "ptvn": "   2,89", "pvn": " 100,00", "pvnt": "   0,00", "pvp": "   0,00", "pvv": " 100,00", "pvan": "   0,00", "pvansj": "   0,00", "cand": [{"seq": "14", "n": "12333", "vap": "396", "pvap": "   3,28", "e": "N", "st": "Suplente"}, {"seq": "18", "n": "12666", "vap": "229", "pvap": "   1,90", "e": "N", "st": "Suplente"}, {"seq": "10", "n": "12000", "vap": "519", "pvap": "   4,30", "e": "S", "st": "Eleito"}, {"seq": "15", "n": "12111", "vap": "322", "pvap": "   2,67", "e": "N", "st": "Suplente"}, {"seq": "1", "n": "12222", "vap": "794", "pvap": "   6,58", "e": "S", "st": "Eleito"}, {"seq": "4", "n": "12555", "vap": "738", "pvap": "   6,12", "e": "S", "st": "Eleito"}, {"seq": "13", "n": "12888", "vap": "487", "pvap": "   4,04", "e": "N", "st": "Suplente"}, {"seq": "7", "n": "12123", "vap": "637", "pvap": "   5,28", "e": "S", "st": "Eleito"}, {"seq": "23", "n": "12789", "vap": "128", "pvap": "   1,06", "e": "N", "st": "Suplente"}, {"seq": "21", "n": "12300", "vap": "154", "pvap": "   1,28", "e": "N", "st": "Suplente"}, {"seq": "3", "n": "12345", "vap": "745", "pvap": "   6,17", "e": "S", "st": "Eleito"}, {"seq": "2", "n": "12456", "vap": "762", "pvap": "   6,32", "e": "S", "st": "Eleito"}, {"seq": "9", "n": "12444", "vap": "566", "pvap": "   4,69", "e": "S", "st": "Eleito"}, {"seq": "5", "n": "12999", "vap": "713", "pvap": "   5,91", "e": "S", "st": "Eleito"}, {"seq": "16", "n": "12777", "vap": "301", "pvap": "   2,49", "e": "N", "st": "Suplente"}, {"seq": "8", "n": "12344", "vap": "621", "pvap": "   5,15", "e": "S", "st": "Eleito"}, {"seq": "11", "n": "40123", "vap": "357", "pvap": "   2,96", "e": "S", "st": "Eleito"}, {"seq": "28", "n": "40333", "vap": "19", "pvap": "   0,16", "e": "N", "st": "Suplente"}, {"seq": "26", "n": "40111", "vap": "47", "pvap": "   0,39", "e": "N", "st": "Suplente"}, {"seq": "17", "n": "40000", "vap": "230", "pvap": "   1,91", "e": "N", "st": "Suplente"}, {"seq": "19", "n": "40555", "vap": "176", "pvap": "   1,46", "e": "N", "st": "Suplente"}, {"seq": "24", "n": "40888", "vap": "91", "pvap": "   0,75", "e": "N", "st": "Suplente"}, {"seq": "27", "n": "22300", "vap": "19", "pvap": "   0,16", "e": "N", "st": "Suplente"}, {"seq": "29", "n": "22222", "vap": "7", "pvap": "   0,06", "e": "N", "st": "Suplente"}, {"seq": "25", "n": "22333", "vap": "65", "pvap": "   0,54", "e": "N", "st": "Suplente"}, {"seq": "6", "n": "22111", "vap": "663", "pvap": "   5,49", "e": "S", "st": "Eleito"}, {"seq": "30", "n": "22150", "vap": "6", "pvap": "   0,05", "e": "N", "st": "Suplente"}, {"seq": "20", "n": "22555", "vap": "172", "pvap": "   1,43", "e": "N", "st": "Suplente"}, {"seq": "31", "n": "22777", "vap": "2", "pvap": "   0,02", "e": "N", "st": "Suplente"}, {"seq": "22", "n": "22345", "vap": "129", "pvap": "   1,07", "e": "N", "st": "Suplente"}, {"seq": "12", "n": "22000", "vap": "572", "pvap": "   4,74", "e": "N", "st": "Suplente"}, {"seq": "34", "n": "90333", "vap": "142", "pvap": "   1,18", "e": "N", "st": "N\u00e3o eleito"}, {"seq": "37", "n": "90000", "vap": "47", "pvap": "   0,39", "e": "N", "st": "N\u00e3o eleito"}, {"seq": "35", "n": "90123", "vap": "65", "pvap": "   0,54", "e": "N", "st": "N\u00e3o eleito"}, {"seq": "39", "n": "90555", "vap": "4", "pvap": "   0,03", "e": "N", "st": "N\u00e3o eleito"}, {"seq": "32", "n": "90444", "vap": "246", "pvap": "   2,04", "e": "N", "st": "N\u00e3o eleito"}, {"seq": "40", "n": "90666", "vap": "1", "pvap": "   0,01", "e": "N", "st": "N\u00e3o eleito"}, {"seq": "38", "n": "90777", "vap": "19", "pvap": "   0,16", "e": "N", "st": "N\u00e3o eleito"}, {"seq": "33", "n": "90222", "vap": "190", "pvap": "   1,57", "e": "N", "st": "N\u00e3o eleito"}, {"seq": "36", "n": "90111", "vap": "58", "pvap": "   0,48", "e": "N", "st": "N\u00e3o eleito"}]}]}