{"ele": "426", "carper": "13", "t": "1", "f": "O", "esae": "N", "mnae": " ", "dg": "15/11/2020", "hg": "22:14:14", "dv": "S", "nadf": "es56170-c0013-e000426-004-f", "abr": [{"dt": "15/11/2020", "ht": "20:26:43", "tf": "S", "and": "F", "tpabr": "MU", "cdabr": "56170", "s": "87", "st": "87", "snt": "0", "si": "87", "sni": "0", "sa": "87", "sna": "0", "pst": " 100,00", "psnt": "   0,00", "psi": " 100,00", "psni": "   0,00", "psa": " 100,00", "psna": "   0,00", "e": "33544", "ea": "33544", "ena": "0", "esi": "33544", "esni": "0", "c": "24151", "a": "9393", "pea": " 100,00", "pena": "   0,00", "pesi": " 100,00", "pesni": "   0,00", "pa": "  28,00", "pc": "  72,00", "vscv": "0", "vnom": "22285", "vl": "1149", "tv": "24151", "vvc": "23434", "vb": "359", "tvn": "358", "vn": "358", "vnt": "0", "vp": "0", "vv": "23434", "van": "0", "vansj": "0", "pvnom": "  95,10", "pvl": "   4,90", "pvvc": "  97,03", "pvb": "   1,49", "ptvn": "   1,48", "pvn": " 100,00", "pvnt": "   0,00", "pvp": "   0,00", "pvv": " 100,00", "pvan": "   0,00", "pvansj": "   0,00", "colig": [{"n": "80000117988", "tvtn": "2550", "tvan": "2550", "vag": "2", "tvtl": "36", "tval": "36"}, {"n": "80000126185", "tvtn": "2079", "tvan": "2079", "vag": "1", "tvtl": "60", "tval": "60"}, {"n": "80000147246", "tvtn": "1433", "tvan": "1433", "vag": "1", "tvtl": "212", "tval": "212"}, {"n": "80000145764", "tvtn": "901", "tvan": "901", "vag": "0", "tvtl": "41", "tval": "41"}, {"n": "80000107251", "tvtn": "5057", "tvan": "5057", "vag": "5", "tvtl": "537", "tval": "537"}, {"n": "80000126521", "tvtn": "551", "tvan": "551", "vag": "0", "tvtl": "19", "tval": "19"}, {"n": "80000107388", "tvtn": "930", "tvan": "930", "vag": "0", "tvtl": "26", "tval": "26"}, {"n": "80000147343", "tvtn": "157", "tvan": "157", "vag": "0", "tvtl": "8", "tval": "8"}, {"n": "80000126410", "tvtn": "950", "tvan": "950", "vag": "0", "tvtl": "16", "tval": "16"}, {"n": "80000107424", "tvtn": "816", "tvan": "816", "vag": "0", "tvtl": "19", "tval": "19"}, {"n": "80000148881", "tvtn": "3108", "tvan": "3108", "vag": "2", "tvtl": "37", "tval": "37"}, {"n": "80000095444", "tvtn": "2597", "tvan": "2597", "vag": "2", "tvtl": "38", "tval": "38"}, {"n": "80000148732", "tvtn": "820", "tvan": "820", "vag": "0", "tvtl": "10", "tval": "10"}, {"n": "80000117149", "tvtn": "336", "tvan": "336", "vag": "0", "tvtl": "90", "tval": "90"}], "part": [{"n": "23", "tvtn": "2550", "tvan": "2550", "tvtl": "36", "tval": "36"}, {"n": "15", "tvtn": "2079", "tvan": "2079", "tvtl": "60", "tval": "60"}, {"n": "11", "tvtn": "1433", "tvan": "1433", "tvtl": "212", "tval": "212"}, {"n": "12", "tvtn": "901", "tvan": "901", "tvtl": "41", "tval": "41"}, {"n": "55", "tvtn": "5057", "tvan": "5057", "tvtl": "537", "tval": "537"}, {"n": "14", "tvtn": "551", "tvan": "551", "tvtl": "19", "tval": "19"}, {"n": "45", "tvtn": "930", "tvan": "930", "tvtl": "26", "tval": "26"}, {"n": "33", "tvtn": "157", "tvan": "157", "tvtl": "8", "tval": "8"}, {"n": "40", "tvtn": "950", "tvan": "950", "tvtl": "16", "tval": "16"}, {"n": "13", "tvtn": "816", "tvan": "816", "tvtl": "19", "tval": "19"}, {"n": "19", "tvtn": "3108", "tvan": "3108", "tvtl": "37", "tval": "37"}, {"n": "10", "tvtn": "2597", "tvan": "2597", "tvtl": "38", "tval": "38"}, {"n": "18", "tvtn": "820", "tvan": "820", "tvtl": "10", "tval": "10"}, {"n": "77", "tvtn": "336", "tvan": "336", "tvtl": "90", "tval": "90"}], "cand": [{"seq": "15", "n": "23456", "vap": "416", "pvap": "   1,78", "e": "N", "st": "Suplente"}, {"seq": "76", "n": "23333", "vap": "13", "pvap": "   0,06", "e": "N", "st": "Suplente"}, {"seq": "60", "n": "23763", "vap": "35", "pvap": "   0,15", "e": "N", "st": "Suplente"}, {"seq": "49", "n": "23700", "vap": "66", "pvap": "   0,28", "e": "N", "st": "Suplente"}, {"seq": "47", "n": "23000", "vap": "69", "pvap": "   0,29", "e": "N", "st": "Suplente"}, {"seq": "28", "n": "23789", "vap": "199", "pvap": "   0,85", "e": "N", "st": "Suplente"}, {"seq": "27", "n": "23558", "vap": "210", "pvap": "   0,90", "e": "N", "st": "Suplente"}, {"seq": "93", "n": "23666", "vap": "6", "pvap": "   0,03", "e": "N", "st": "Suplente"}, {"seq": "9", "n": "23690", "vap": "494", "pvap": "   2,11", "e": "S", "st": "Eleito"}, {"seq": "45", "n": "23444", "vap": "81", "pvap": "   0,35", "e": "N", "st": "Suplente"}, {"seq": "81", "n": "23150", "vap": "12", "pvap": "   0,05", "e": "N", "st": "Suplente"}, {"seq": "6", "n": "23123", "vap": "656", "pvap": "   2,80", "e": "S", "st": "Eleito"}, {"seq": "58", "n": "23777", "vap": "46", "pvap": "   0,20", "e": "N", "st": "Suplente"}, {"seq": "68", "n": "23193", "vap": "16", "pvap": "   0,07", "e": "N", "st": "Suplente"}, {"seq": "43", "n": "23192", "vap": "83", "pvap": "   0,35", "e": "N", "st": "Suplente"}, {"seq": "34", "n": "23234", "vap": "148", "pvap": "   0,63", "e": "N", "st": "Suplente"}, {"seq": "66", "n": "15111", "vap": "18", "pvap": "   0,08", "e": "N", "st": "Suplente"}, {"seq": "75", "n": "15400", "vap": "14", "pvap": "   0,06", "e": "N", "st": "Suplente"}, {"seq": "87", "n": "15100", "vap": "9", "pvap": "   0,04", "e": "N", "st": "Suplente"}, {"seq": "51", "n": "15444", "vap": "59", "pvap": "   0,25", "e": "N", "st": "Suplente"}, {"seq": "86", "n": "15200", "vap": "10", "pvap": "   0,04", "e": "N", "st": "Suplente"}, {"seq": "95", "n": "15666", "vap": "5", "pvap": "   0,02", "e": "N", "st": "Suplente"}, {"seq": "70", "n": "15888", "vap": "16", "pvap": "   0,07", "e": "N", "st": "Suplente"}, {"seq": "42", "n": "15678", "vap": "88", "pvap": "   0,38", "e": "N", "st": "Suplente"}, {"seq": "97", "n": "15600", "vap": "4", "pvap": "   0,02", "e": "N", "st": "Suplente"}, {"seq": "77", "n": "15777", "vap": "13", "pvap": "   0,06", "e": "N", "st": "Suplente"}, {"seq": "101", "n": "15300", "vap": "1", "pvap": "   0,00", "e": "N", "st": "Suplente"}, {"seq": "18", "n": "15555", "vap": "326", "pvap": "   1,39", "e": "N", "st": "Suplente"}, {"seq": "5", "n": "15123", "vap": "785", "pvap": "   3,35", "e": "S", "st": "Eleito"}, {"seq": "14", "n": "15000", "vap": "630", "pvap": "   2,69", "e": "N", "st": "Suplente"}, {"seq": "89", "n": "15456", "vap": "8", "pvap": "   0,03", "e": "N", "st": "Suplente"}, {"seq": "54", "n": "15333", "vap": "49", "pvap": "   0,21", "e": "N", "st": "Suplente"}, {"seq": "94", "n": "15222", "vap": "5", "pvap": "   0,02", "e": "N", "st": "Suplente"}, {"seq": "61", "n": "15500", "vap": "35", "pvap": "   0,15", "e": "N", "st": "Suplente"}, {"seq": "98", "n": "15789", "vap": "4", "pvap": "   0,02", "e": "N", "st": "Suplente"}, {"seq": "99", "n": "11125", "vap": "3", "pvap": "   0,01", "e": "N", "st": "Suplente"}, {"seq": "52", "n": "11100", "vap": "59", "pvap": "   0,25", "e": "N", "st": "Suplente"}, {"seq": "64", "n": "11123", "vap": "21", "pvap": "   0,09", "e": "N", "st": "Suplente"}, {"seq": "85", "n": "11600", "vap": "10", "pvap": "   0,04", "e": "N", "st": "Suplente"}, {"seq": "25", "n": "11000", "vap": "237", "pvap": "   1,01", "e": "N", "st": "Suplente"}, {"seq": "13", "n": "11200", "vap": "252", "pvap": "   1,08", "e": "S", "st": "Eleito"}, {"seq": "40", "n": "11500", "vap": "106", "pvap": "   0,45", "e": "N", "st": "Suplente"}, {"seq": "38", "n": "11234", "vap": "117", "pvap": "   0,50", "e": "N", "st": "Suplente"}, {"seq": "46", "n": "11900", "vap": "78", "pvap": "   0,33", "e": "N", "st": "Suplente"}, {"seq": "31", "n": "11456", "vap": "193", "pvap": "   0,82", "e": "N", "st": "Suplente"}, {"seq": "53", "n": "11111", "vap": "57", "pvap": "   0,24", "e": "N", "st": "Suplente"}, {"seq": "29", "n": "11333", "vap": "199", "pvap": "   0,85", "e": "N", "st": "Suplente"}, {"seq": "65", "n": "11400", "vap": "20", "pvap": "   0,09", "e": "N", "st": "Suplente"}, {"seq": "69", "n": "11878", "vap": "16", "pvap": "   0,07", "e": "N", "st": "Suplente"}, {"seq": "100", "n": "11999", "vap": "2", "pvap": "   0,01", "e": "N", "st": "Suplente"}, {"seq": "50", "n": "11222", "vap": "63", "pvap": "   0,27", "e": "N", "st": "Suplente"}, {"seq": "103", "n": "12123", "vap": "268", "pvap": "   1,14", "e": "N", "st": "N\u00e3o eleito"}, {"seq": "184", "n": "12179", "vap": "10", "pvap": "   0,04", "e": "N", "st": "N\u00e3o eleito"}, {"seq": "188", "n": "12777", "vap": "8", "pvap": "   0,03", "e": "N", "st": "N\u00e3o eleito"}, {"seq": "139", "n": "12888", "vap": "48", "pvap": "   0,20", "e": "N", "st": "N\u00e3o eleito"}, {"seq": "190", "n": "12244", "vap": "5", "pvap": "   0,02", "e": "N", "st": "N\u00e3o eleito"}, {"seq": "168", "n": "12456", "vap": "15", "pvap": "   0,06", "e": "N", "st": "N\u00e3o eleito"}, {"seq": "154", "n": "12222", "vap": "27", "pvap": "   0,12", "e": "N", "st": "N\u00e3o eleito"}, {"seq": "133", "n": "12333", "vap": "64", "pvap": "   0,27", "e": "N", "st": "N\u00e3o eleito"}, {"seq": "194", "n": "12011", "vap": "3", "pvap": "   0,01", "e": "N", "st": "N\u00e3o eleito"}, {"seq": "140", "n": "12000", "vap": "48", "pvap": "   0,20", "e": "N", "st": "N\u00e3o eleito"}, {"seq": "177", "n": "12012", "vap": "12", "pvap": "   0,05", "e": "N", "st": "N\u00e3o eleito"}, {"seq": "111", "n": "12999", "vap": "129", "pvap": "   0,55", "e": "N", "st": "N\u00e3o eleito"}, {"seq": "104", "n": "12345", "vap": "252", "pvap": "   1,08", "e": "N", "st": "N\u00e3o eleito"}, {"seq": "193", "n": "12344", "vap": "4", "pvap": "   0,02", "e": "N", "st": "N\u00e3o eleito"}, {"seq": "187", "n": "12444", "vap": "8", "pvap": "   0,03", "e": "N", "st": "N\u00e3o eleito"}, {"seq": "74", "n": "55500", "vap": "15", "pvap": "   0,06", "e": "N", "st": "Suplente"}, {"seq": "1", "n": "55000", "vap": "1323", "pvap": "   5,65", "e": "S", "st": "Eleito"}, {"seq": "55", "n": "55777", "vap": "49", "pvap": "   0,21", "e": "N", "st": "Suplente"}, {"seq": "21", "n": "55111", "vap": "278", "pvap": "   1,19", "e": "N", "st": "Suplente"}, {"seq": "71", "n": "55178", "vap": "16", "pvap": "   0,07", "e": "N", "st": "Suplente"}, {"seq": "72", "n": "55255", "vap": "16", "pvap": "   0,07", "e": "N", "st": "Suplente"}, {"seq": "11", "n": "55444", "vap": "397", "pvap": "   1,69", "e": "S", "st": "Eleito"}, {"seq": "83", "n": "55112", "vap": "10", "pvap": "   0,04", "e": "N", "st": "Suplente"}, {"seq": "56", "n": "55456", "vap": "48", "pvap": "   0,20", "e": "N", "st": "Suplente"}, {"seq": "57", "n": "55333", "vap": "47", "pvap": "   0,20", "e": "N", "st": "Suplente"}, {"seq": "91", "n": "55655", "vap": "7", "pvap": "   0,03", "e": "N", "st": "Suplente"}, {"seq": "2", "n": "55789", "vap": "1112", "pvap": "   4,75", "e": "S", "st": "Eleito"}, {"seq": "12", "n": "55555", "vap": "322", "pvap": "   1,37", "e": "S", "st": "Eleito"}, {"seq": "3", "n": "55123", "vap": "910", "pvap": "   3,88", "e": "S", "st": "Eleito"}, {"seq": "41", "n": "55630", "vap": "105", "pvap": "   0,45", "e": "N", "st": "Suplente"}, {"seq": "36", "n": "55888", "vap": "129", "pvap": "   0,55", "e": "N", "st": "Suplente"}, {"seq": "23", "n": "55678", "vap": "257", "pvap": "   1,10", "e": "N", "st": "Suplente"}, {"seq": "73", "n": "55163", "vap": "16", "pvap": "   0,07", "e": "N", "st": "Suplente"}, {"seq": "137", "n": "14777", "vap": "61", "pvap": "   0,26", "e": "N", "st": "N\u00e3o eleito"}, {"seq": "167", "n": "14017", "vap": "16", "pvap": "   0,07", "e": "N", "st": "N\u00e3o eleito"}, {"seq": "180", "n": "14456", "vap": "12", "pvap": "   0,05", "e": "N", "st": "N\u00e3o eleito"}, {"seq": "179", "n": "14888", "vap": "12", "pvap": "   0,05", "e": "N", "st": "N\u00e3o eleito"}, {"seq": "119", "n": "14000", "vap": "90", "pvap": "   0,38", "e": "N", "st": "N\u00e3o eleito"}, {"seq": "195", "n": "14640", "vap": "3", "pvap": "   0,01", "e": "N", "st": "N\u00e3o eleito"}, {"seq": "149", "n": "14318", "vap": "33", "pvap": "   0,14", "e": "N", "st": "N\u00e3o eleito"}, {"seq": "159", "n": "14133", "vap": "22", "pvap": "   0,09", "e": "N", "st": "N\u00e3o eleito"}, {"seq": "142", "n": "14444", "vap": "44", "pvap": "   0,19", "e": "N", "st": "N\u00e3o eleito"}, {"seq": "176", "n": "14555", "vap": "13", "pvap": "   0,06", "e": "N", "st": "N\u00e3o eleito"}, {"seq": "155", "n": "14999", "vap": "23", "pvap": "   0,10", "e": "N", "st": "N\u00e3o eleito"}, {"seq": "171", "n": "14100", "vap": "15", "pvap": "   0,06", "e": "N", "st": "N\u00e3o eleito"}, {"seq": "150", "n": "14200", "vap": "32", "pvap": "   0,14", "e": "N", "st": "N\u00e3o eleito"}, {"seq": "138", "n": "14117", "vap": "51", "pvap": "   0,22", "e": "N", "st": "N\u00e3o eleito"}, {"seq": "151", "n": "14244", "vap": "30", "pvap": "   0,13", "e": "N", "st": "N\u00e3o eleito"}, {"seq": "144", "n": "14055", "vap": "40", "pvap": "   0,17", "e": "N", "st": "N\u00e3o eleito"}, {"seq": "170", "n": "14082", "vap": "15", "pvap": "   0,06", "e": "N", "st": "N\u00e3o eleito"}, {"seq": "146", "n": "14123", "vap": "39", "pvap": "   0,17", "e": "N", "st": "N\u00e3o eleito"}, {"seq": "161", "n": "45600", "vap": "20", "pvap": "   0,09", "e": "N", "st": "N\u00e3o eleito"}, {"seq": "109", "n": "45777", "vap": "166", "pvap": "   0,71", "e": "N", "st": "N\u00e3o eleito"}, {"seq": "106", "n": "45555", "vap": "234", "pvap": "   1,00", "e": "N", "st": "N\u00e3o eleito"}, {"seq": "153", "n": "45444", "vap": "28", "pvap": "   0,12", "e": "N", "st": "N\u00e3o eleito"}, {"seq": "192", "n": "45000", "vap": "5", "pvap": "   0,02", "e": "N", "st": "N\u00e3o eleito"}, {"seq": "124", "n": "45666", "vap": "75", "pvap": "   0,32", "e": "N", "st": "N\u00e3o eleito"}, {"seq": "185", "n": "45123", "vap": "9", "pvap": "   0,04", "e": "N", "st": "N\u00e3o eleito"}, {"seq": "182", "n": "45678", "vap": "10", "pvap": "   0,04", "e": "N", "st": "N\u00e3o eleito"}, {"seq": "125", "n": "45111", "vap": "73", "pvap": "   0,31", "e": "N", "st": "N\u00e3o eleito"}, {"seq": "169", "n": "45888", "vap": "15", "pvap": "   0,06", "e": "N", "st": "N\u00e3o eleito"}, {"seq": "186", "n": "45540", "vap": "8", "pvap": "   0,03", "e": "N", "st": "N\u00e3o eleito"}, {"seq": "196", "n": "45420", "vap": "3", "pvap": "   0,01", "e": "N", "st": "N\u00e3o eleito"}, {"seq": "191", "n": "45456", "vap": "5", "pvap": "   0,02", "e": "N", "st": "N\u00e3o eleito"}, {"seq": "162", "n": "45400", "vap": "20", "pvap": "   0,09", "e": "N", "st": "N\u00e3o eleito"}, {"seq": "147", "n": "45333", "vap": "37", "pvap": "   0,16", "e": "N", "st": "N\u00e3o eleito"}, {"seq": "134", "n": "45999", "vap": "64", "pvap": "   0,27", "e": "N", "st": "N\u00e3o eleito"}, {"seq": "152", "n": "45556", "vap": "29", "pvap": "   0,12", "e": "N", "st": "N\u00e3o eleito"}, {"seq": "116", "n": "45222", "vap": "100", "pvap": "   0,43", "e": "N", "st": "N\u00e3o eleito"}, {"seq": "172", "n": "45045", "vap": "15", "pvap": "   0,06", "e": "N", "st": "N\u00e3o eleito"}, {"seq": "174", "n": "45300", "vap": "14", "pvap": "   0,06", "e": "N", "st": "N\u00e3o eleito"}, {"seq": "117", "n": "33456", "vap": "99", "pvap": "   0,42", "e": "N", "st": "N\u00e3o eleito"}, {"seq": "175", "n": "33200", "vap": "13", "pvap": "   0,06", "e": "N", "st": "N\u00e3o eleito"}, {"seq": "148", "n": "33123", "vap": "33", "pvap": "   0,14", "e": "N", "st": "N\u00e3o eleito"}, {"seq": "178", "n": "33222", "vap": "12", "pvap": "   0,05", "e": "N", "st": "N\u00e3o eleito"}, {"seq": "143", "n": "40222", "vap": "43", "pvap": "   0,18", "e": "N", "st": "N\u00e3o eleito"}, {"seq": "141", "n": "40777", "vap": "47", "pvap": "   0,20", "e": "N", "st": "N\u00e3o eleito"}, {"seq": "157", "n": "40555", "vap": "23", "pvap": "   0,10", "e": "N", "st": "N\u00e3o eleito"}, {"seq": "164", "n": "40197", "vap": "19", "pvap": "   0,08", "e": "N", "st": "N\u00e3o eleito"}, {"seq": "158", "n": "40111", "vap": "23", "pvap": "   0,10", "e": "N", "st": "N\u00e3o eleito"}, {"seq": "102", "n": "40000", "vap": "385", "pvap": "   1,64", "e": "N", "st": "N\u00e3o eleito"}, {"seq": "135", "n": "40333", "vap": "64", "pvap": "   0,27", "e": "N", "st": "N\u00e3o eleito"}, {"seq": "156", "n": "40888", "vap": "23", "pvap": "   0,10", "e": "N", "st": "N\u00e3o eleito"}, {"seq": "127", "n": "40999", "vap": "71", "pvap": "   0,30", "e": "N", "st": "N\u00e3o eleito"}, {"seq": "122", "n": "40456", "vap": "77", "pvap": "   0,33", "e": "N", "st": "N\u00e3o eleito"}, {"seq": "131", "n": "40444", "vap": "67", "pvap": "   0,29", "e": "N", "st": "N\u00e3o eleito"}, {"seq": "129", "n": "40123", "vap": "69", "pvap": "   0,29", "e": "N", "st": "N\u00e3o eleito"}, {"seq": "145", "n": "40666", "vap": "39", "pvap": "   0,17", "e": "N", "st": "N\u00e3o eleito"}, {"seq": "120", "n": "13222", "vap": "89", "pvap": "   0,38", "e": "N", "st": "N\u00e3o eleito"}, {"seq": "110", "n": "13333", "vap": "142", "pvap": "   0,61", "e": "N", "st": "N\u00e3o eleito"}, {"seq": "126", "n": "13456", "vap": "72", "pvap": "   0,31", "e": "N", "st": "N\u00e3o eleito"}, {"seq": "114", "n": "13123", "vap": "105", "pvap": "   0,45", "e": "N", "st": "N\u00e3o eleito"}, {"seq": "132", "n": "13111", "vap": "66", "pvap": "   0,28", "e": "N", "st": "N\u00e3o eleito"}, {"seq": "130", "n": "13000", "vap": "67", "pvap": "   0,29", "e": "N", "st": "N\u00e3o eleito"}, {"seq": "181", "n": "13789", "vap": "11", "pvap": "   0,05", "e": "N", "st": "N\u00e3o eleito"}, {"seq": "107", "n": "13444", "vap": "187", "pvap": "   0,80", "e": "N", "st": "N\u00e3o eleito"}, {"seq": "123", "n": "13999", "vap": "77", "pvap": "   0,33", "e": "N", "st": "N\u00e3o eleito"}, {"seq": "44", "n": "19456", "vap": "82", "pvap": "   0,35", "e": "N", "st": "Suplente"}, {"seq": "88", "n": "19156", "vap": "8", "pvap": "   0,03", "e": "N", "st": "Suplente"}, {"seq": "20", "n": "19000", "vap": "304", "pvap": "   1,30", "e": "N", "st": "Suplente"}, {"seq": "26", "n": "19100", "vap": "214", "pvap": "   0,91", "e": "N", "st": "Suplente"}, {"seq": "16", "n": "19888", "vap": "382", "pvap": "   1,63", "e": "N", "st": "Suplente"}, {"seq": "17", "n": "19333", "vap": "350", "pvap": "   1,49", "e": "N", "st": "Suplente"}, {"seq": "32", "n": "19111", "vap": "192", "pvap": "   0,82", "e": "N", "st": "Suplente"}, {"seq": "79", "n": "19789", "vap": "12", "pvap": "   0,05", "e": "N", "st": "Suplente"}, {"seq": "48", "n": "19999", "vap": "68", "pvap": "   0,29", "e": "N", "st": "Suplente"}, {"seq": "10", "n": "19123", "vap": "452", "pvap": "   1,93", "e": "S", "st": "Eleito"}, {"seq": "63", "n": "19222", "vap": "24", "pvap": "   0,10", "e": "N", "st": "Suplente"}, {"seq": "92", "n": "19444", "vap": "6", "pvap": "   0,03", "e": "N", "st": "Suplente"}, {"seq": "7", "n": "19777", "vap": "549", "pvap": "   2,34", "e": "S", "st": "Eleito"}, {"seq": "82", "n": "19900", "vap": "11", "pvap": "   0,05", "e": "N", "st": "Suplente"}, {"seq": "67", "n": "19800", "vap": "16", "pvap": "   0,07", "e": "N", "st": "Suplente"}, {"seq": "39", "n": "19700", "vap": "113", "pvap": "   0,48", "e": "N", "st": "Suplente"}, {"seq": "37", "n": "19500", "vap": "126", "pvap": "   0,54", "e": "N", "st": "Suplente"}, {"seq": "30", "n": "19555", "vap": "199", "pvap": "   0,85", "e": "N", "st": "Suplente"}, {"seq": "96", "n": "10321", "vap": "4", "pvap": "   0,02", "e": "N", "st": "Suplente"}, {"seq": "84", "n": "10666", "vap": "10", "pvap": "   0,04", "e": "N", "st": "Suplente"}, {"seq": "78", "n": "10777", "vap": "13", "pvap": "   0,06", "e": "N", "st": "Suplente"}, {"seq": "8", "n": "10789", "vap": "522", "pvap": "   2,23", "e": "S", "st": "Eleito"}, {"seq": "24", "n": "10000", "vap": "256", "pvap": "   1,09", "e": "N", "st": "Suplente"}, {"seq": "33", "n": "10333", "vap": "163", "pvap": "   0,70", "e": "N", "st": "Suplente"}, {"seq": "80", "n": "10456", "vap": "12", "pvap": "   0,05", "e": "N", "st": "Suplente"}, {"seq": "4", "n": "10888", "vap": "827", "pvap": "   3,53", "e": "S", "st": "Eleito"}, {"seq": "59", "n": "10999", "vap": "37", "pvap": "   0,16", "e": "N", "st": "Suplente"}, {"seq": "19", "n": "10111", "vap": "308", "pvap": "   1,31", "e": "N", "st": "Suplente"}, {"seq": "35", "n": "10123", "vap": "136", "pvap": "   0,58", "e": "N", "st": "Suplente"}, {"seq": "22", "n": "10222", "vap": "272", "pvap": "   1,16", "e": "N", "st": "Suplente"}, {"seq": "62", "n": "10444", "vap": "30", "pvap": "   0,13", "e": "N", "st": "Suplente"}, {"seq": "90", "n": "10555", "vap": "7", "pvap": "   0,03", "e": "N", "st": "Suplente"}, {"seq": "189", "n": "18444", "vap": "5", "pvap": "   0,02", "e": "N", "st": "N\u00e3o eleito"}, {"seq": "160", "n": "18456", "vap": "20", "pvap": "   0,09", "e": "N", "st": "N\u00e3o eleito"}, {"seq": "108", "n": "18555", "vap": "179", "pvap": "   0,76", "e": "N", "st": "N\u00e3o eleito"}, {"seq": "115", "n": "18123", "vap": "101", "pvap": "   0,43", "e": "N", "st": "N\u00e3o eleito"}, {"seq": "165", "n": "18777", "vap": "17", "pvap": "   0,07", "e": "N", "st": "N\u00e3o eleito"}, {"seq": "183", "n": "18266", "vap": "10", "pvap": "   0,04", "e": "N", "st": "N\u00e3o eleito"}, {"seq": "173", "n": "18111", "vap": "14", "pvap": "   0,06", "e": "N", "st": "N\u00e3o eleito"}, {"seq": "112", "n": "18222", "vap": "119", "pvap": "   0,51", "e": "N", "st": "N\u00e3o eleito"}, {"seq": "163", "n": "18600", "vap": "19", "pvap": "   0,08", "e": "N", "st": "N\u00e3o eleito"}, {"seq": "118", "n": "18000", "vap": "96", "pvap": "   0,41", "e": "N", "st": "N\u00e3o eleito"}, {"seq": "105", "n": "18888", "vap": "240", "pvap": "   1,02", "e": "N", "st": "N\u00e3o eleito"}, {"seq": "197", "n": "77000", "vap": "0", "pvap": "00.00", "e": "N", "st": "N\u00e3o eleito"}, {"seq": "113", "n": "77123", "vap": "107", "pvap": "   0,46", "e": "N", "st": "N\u00e3o eleito"}, {"seq": "166", "n": "77789", "vap": "17", "pvap": "   0,07", "e": "N", "st": "N\u00e3o eleito"}, {"seq": "136", "n": "77555", "vap": "62", "pvap": "   0,26", "e": "N", "st": "N\u00e3o eleito"}, {"seq": "121", "n": "77777", "vap": "79", "pvap": "   0,34", "e": "N", "st": "N\u00e3o eleito"}, {"seq": "128", "n": "77888", "vap": "71", "pvap": "   0,30", "e": "N", "st": "N\u00e3o eleito"}]}, {"dt": "15/11/2020", "ht": "20:26:43", "tf": "S", "and": "F", "tpabr": "ZONA", "cdabr": "23", "s": "87", "st": "87", "snt": "0", "si": "87", "sni": "0", "sa": "87", "sna": "0", "pst": " 100,00", "psnt": "   0,00", "psi": " 100,00", "psni": "   0,00", "psa": " 100,00", "psna": "   0,00", "e": "33544", "ea": "33544", "ena": "0", "esi": "33544", "esni": "0", "a": "9393", "c": "24151", "pea": " 100,00", "pena": "   0,00", "pesi": " 100,00", "pesni": "   0,00", "pa": "  28,00", "pc": "  72,00", "vnom": "22285", "vscv": "0", "vl": "1149", "tv": "24151", "vvc": "23434", "vb": "359", "tvn": "358", "vn": "358", "vnt": "0", "vp": "0", "vv": "23434", "van": "0", "vansj": "0", "pvnom": "  95,10", "pvl": "   4,90", "pvvc": "  97,03", "pvb": "   1,49", "ptvn": "   1,48", "pvn": " 100,00", "pvnt": "   0,00", "pvp": "   0,00", "pvv": " 100,00", "pvan": "   0,00", "pvansj": "   0,00", "cand": [{"seq": "32", "n": "19111", "vap": "192", "pvap": "   0,82", "e": "N", "st": "Suplente"}, {"seq": "88", "n": "19156", "vap": "8", "pvap": "   0,03", "e": "N", "st": "Suplente"}, {"seq": "92", "n": "19444", "vap": "6", "pvap": "   0,03", "e": "N", "st": "Suplente"}, {"seq": "7", "n": "19777", "vap": "549", "pvap": "   2,34", "e": "S", "st": "Eleito"}, {"seq": "26", "n": "19100", "vap": "214", "pvap": "   0,91", "e": "N", "st": "Suplente"}, {"seq": "10", "n": "19123", "vap": "452", "pvap": "   1,93", "e": "S", "st": "Eleito"}, {"seq": "67", "n": "19800", "vap": "16", "pvap": "   0,07", "e": "N", "st": "Suplente"}, {"seq": "63", "n": "19222", "vap": "24", "pvap": "   0,10", "e": "N", "st": "Suplente"}, {"seq": "17", "n": "19333", "vap": "350", "pvap": "   1,49", "e": "N", "st": "Suplente"}, {"seq": "37", "n": "19500", "vap": "126", "pvap": "   0,54", "e": "N", "st": "Suplente"}, {"seq": "30", "n": "19555", "vap": "199", "pvap": "   0,85", "e": "N", "st": "Suplente"}, {"seq": "82", "n": "19900", "vap": "11", "pvap": "   0,05", "e": "N", "st": "Suplente"}, {"seq": "20", "n": "19000", "vap": "304", "pvap": "   1,30", "e": "N", "st": "Suplente"}, {"seq": "16", "n": "19888", "vap": "382", "pvap": "   1,63", "e": "N", "st": "Suplente"}, {"seq": "79", "n": "19789", "vap": "12", "pvap": "   0,05", "e": "N", "st": "Suplente"}, {"seq": "48", "n": "19999", "vap": "68", "pvap": "   0,29", "e": "N", "st": "Suplente"}, {"seq": "39", "n": "19700", "vap": "113", "pvap": "   0,48", "e": "N", "st": "Suplente"}, {"seq": "44", "n": "19456", "vap": "82", "pvap": "   0,35", "e": "N", "st": "Suplente"}, {"seq": "64", "n": "11123", "vap": "21", "pvap": "   0,09", "e": "N", "st": "Suplente"}, {"seq": "29", "n": "11333", "vap": "199", "pvap": "   0,85", "e": "N", "st": "Suplente"}, {"seq": "85", "n": "11600", "vap": "10", "pvap": "   0,04", "e": "N", "st": "Suplente"}, {"seq": "52", "n": "11100", "vap": "59", "pvap": "   0,25", "e": "N", "st": "Suplente"}, {"seq": "25", "n": "11000", "vap": "237", "pvap": "   1,01", "e": "N", "st": "Suplente"}, {"seq": "46", "n": "11900", "vap": "78", "pvap": "   0,33", "e": "N", "st": "Suplente"}, {"seq": "99", "n": "11125", "vap": "3", "pvap": "   0,01", "e": "N", "st": "Suplente"}, {"seq": "50", "n": "11222", "vap": "63", "pvap": "   0,27", "e": "N", "st": "Suplente"}, {"seq": "53", "n": "11111", "vap": "57", "pvap": "   0,24", "e": "N", "st": "Suplente"}, {"seq": "69", "n": "11878", "vap": "16", "pvap": "   0,07", "e": "N", "st": "Suplente"}, {"seq": "13", "n": "11200", "vap": "252", "pvap": "   1,08", "e": "S", "st": "Eleito"}, {"seq": "38", "n": "11234", "vap": "117", "pvap": "   0,50", "e": "N", "st": "Suplente"}, {"seq": "31", "n": "11456", "vap": "193", "pvap": "   0,82", "e": "N", "st": "Suplente"}, {"seq": "65", "n": "11400", "vap": "20", "pvap": "   0,09", "e": "N", "st": "Suplente"}, {"seq": "40", "n": "11500", "vap": "106", "pvap": "   0,45", "e": "N", "st": "Suplente"}, {"seq": "100", "n": "11999", "vap": "2", "pvap": "   0,01", "e": "N", "st": "Suplente"}, {"seq": "175", "n": "33200", "vap": "13", "pvap": "   0,06", "e": "N", "st": "N\u00e3o eleito"}, {"seq": "178", "n": "33222", "vap": "12", "pvap": "   0,05", "e": "N", "st": "N\u00e3o eleito"}, {"seq": "117", "n": "33456", "vap": "99", "pvap": "   0,42", "e": "N", "st": "N\u00e3o eleito"}, {"seq": "148", "n": "33123", "vap": "33", "pvap": "   0,14", "e": "N", "st": "N\u00e3o eleito"}, {"seq": "128", "n": "77888", "vap": "71", "pvap": "   0,30", "e": "N", "st": "N\u00e3o eleito"}, {"seq": "113", "n": "77123", "vap": "107", "pvap": "   0,46", "e": "N", "st": "N\u00e3o eleito"}, {"seq": "166", "n": "77789", "vap": "17", "pvap": "   0,07", "e": "N", "st": "N\u00e3o eleito"}, {"seq": "121", "n": "77777", "vap": "79", "pvap": "   0,34", "e": "N", "st": "N\u00e3o eleito"}, {"seq": "136", "n": "77555", "vap": "62", "pvap": "   0,26", "e": "N", "st": "N\u00e3o eleito"}, {"seq": "197", "n": "77000", "vap": "0", "pvap": "00.00", "e": "N", "st": "N\u00e3o eleito"}, {"seq": "19", "n": "10111", "vap": "308", "pvap": "   1,31", "e": "N", "st": "Suplente"}, {"seq": "78", "n": "10777", "vap": "13", "pvap": "   0,06", "e": "N", "st": "Suplente"}, {"seq": "96", "n": "10321", "vap": "4", "pvap": "   0,02", "e": "N", "st": "Suplente"}, {"seq": "84", "n": "10666", "vap": "10", "pvap": "   0,04", "e": "N", "st": "Suplente"}, {"seq": "4", "n": "10888", "vap": "827", "pvap": "   3,53", "e": "S", "st": "Eleito"}, {"seq": "22", "n": "10222", "vap": "272", "pvap": "   1,16", "e": "N", "st": "Suplente"}, {"seq": "80", "n": "10456", "vap": "12", "pvap": "   0,05", "e": "N", "st": "Suplente"}, {"seq": "8", "n": "10789", "vap": "522", "pvap": "   2,23", "e": "S", "st": "Eleito"}, {"seq": "33", "n": "10333", "vap": "163", "pvap": "   0,70", "e": "N", "st": "Suplente"}, {"seq": "90", "n": "10555", "vap": "7", "pvap": "   0,03", "e": "N", "st": "Suplente"}, {"seq": "24", "n": "10000", "vap": "256", "pvap": "   1,09", "e": "N", "st": "Suplente"}, {"seq": "35", "n": "10123", "vap": "136", "pvap": "   0,58", "e": "N", "st": "Suplente"}, {"seq": "62", "n": "10444", "vap": "30", "pvap": "   0,13", "e": "N", "st": "Suplente"}, {"seq": "59", "n": "10999", "vap": "37", "pvap": "   0,16", "e": "N", "st": "Suplente"}, {"seq": "176", "n": "14555", "vap": "13", "pvap": "   0,06", "e": "N", "st": "N\u00e3o eleito"}, {"seq": "179", "n": "14888", "vap": "12", "pvap": "   0,05", "e": "N", "st": "N\u00e3o eleito"}, {"seq": "144", "n": "14055", "vap": "40", "pvap": "   0,17", "e": "N", "st": "N\u00e3o eleito"}, {"seq": "146", "n": "14123", "vap": "39", "pvap": "   0,17", "e": "N", "st": "N\u00e3o eleito"}, {"seq": "151", "n": "14244", "vap": "30", "pvap": "   0,13", "e": "N", "st": "N\u00e3o eleito"}, {"seq": "137", "n": "14777", "vap": "61", "pvap": "   0,26", "e": "N", "st": "N\u00e3o eleito"}, {"seq": "149", "n": "14318", "vap": "33", "pvap": "   0,14", "e": "N", "st": "N\u00e3o eleito"}, {"seq": "159", "n": "14133", "vap": "22", "pvap": "   0,09", "e": "N", "st": "N\u00e3o eleito"}, {"seq": "180", "n": "14456", "vap": "12", "pvap": "   0,05", "e": "N", "st": "N\u00e3o eleito"}, {"seq": "150", "n": "14200", "vap": "32", "pvap": "   0,14", "e": "N", "st": "N\u00e3o eleito"}, {"seq": "170", "n": "14082", "vap": "15", "pvap": "   0,06", "e": "N", "st": "N\u00e3o eleito"}, {"seq": "142", "n": "14444", "vap": "44", "pvap": "   0,19", "e": "N", "st": "N\u00e3o eleito"}, {"seq": "167", "n": "14017", "vap": "16", "pvap": "   0,07", "e": "N", "st": "N\u00e3o eleito"}, {"seq": "138", "n": "14117", "vap": "51", "pvap": "   0,22", "e": "N", "st": "N\u00e3o eleito"}, {"seq": "195", "n": "14640", "vap": "3", "pvap": "   0,01", "e": "N", "st": "N\u00e3o eleito"}, {"seq": "155", "n": "14999", "vap": "23", "pvap": "   0,10", "e": "N", "st": "N\u00e3o eleito"}, {"seq": "119", "n": "14000", "vap": "90", "pvap": "   0,38", "e": "N", "st": "N\u00e3o eleito"}, {"seq": "171", "n": "14100", "vap": "15", "pvap": "   0,06", "e": "N", "st": "N\u00e3o eleito"}, {"seq": "74", "n": "55500", "vap": "15", "pvap": "   0,06", "e": "N", "st": "Suplente"}, {"seq": "3", "n": "55123", "vap": "910", "pvap": "   3,88", "e": "S", "st": "Eleito"}, {"seq": "55", "n": "55777", "vap": "49", "pvap": "   0,21", "e": "N", "st": "Suplente"}, {"seq": "21", "n": "55111", "vap": "278", "pvap": "   1,19", "e": "N", "st": "Suplente"}, {"seq": "41", "n": "55630", "vap": "105", "pvap": "   0,45", "e": "N", "st": "Suplente"}, {"seq": "83", "n": "55112", "vap": "10", "pvap": "   0,04", "e": "N", "st": "Suplente"}, {"seq": "1", "n": "55000", "vap": "1323", "pvap": "   5,65", "e": "S", "st": "Eleito"}, {"seq": "23", "n": "55678", "vap": "257", "pvap": "   1,10", "e": "N", "st": "Suplente"}, {"seq": "57", "n": "55333", "vap": "47", "pvap": "   0,20", "e": "N", "st": "Suplente"}, {"seq": "56", "n": "55456", "vap": "48", "pvap": "   0,20", "e": "N", "st": "Suplente"}, {"seq": "11", "n": "55444", "vap": "397", "pvap": "   1,69", "e": "S", "st": "Eleito"}, {"seq": "71", "n": "55178", "vap": "16", "pvap": "   0,07", "e": "N", "st": "Suplente"}, {"seq": "73", "n": "55163", "vap": "16", "pvap": "   0,07", "e": "N", "st": "Suplente"}, {"seq": "36", "n": "55888", "vap": "129", "pvap": "   0,55", "e": "N", "st": "Suplente"}, {"seq": "91", "n": "55655", "vap": "7", "pvap": "   0,03", "e": "N", "st": "Suplente"}, {"seq": "12", "n": "55555", "vap": "322", "pvap": "   1,37", "e": "S", "st": "Eleito"}, {"seq": "2", "n": "55789", "vap": "1112", "pvap": "   4,75", "e": "S", "st": "Eleito"}, {"seq": "72", "n": "55255", "vap": "16", "pvap": "   0,07", "e": "N", "st": "Suplente"}, {"seq": "181", "n": "13789", "vap": "11", "pvap": "   0,05", "e": "N", "st": "N\u00e3o eleito"}, {"seq": "120", "n": "13222", "vap": "89", "pvap": "   0,38", "e": "N", "st": "N\u00e3o eleito"}, {"seq": "107", "n": "13444", "vap": "187", "pvap": "   0,80", "e": "N", "st": "N\u00e3o eleito"}, {"seq": "110", "n": "13333", "vap": "142", "pvap": "   0,61", "e": "N", "st": "N\u00e3o eleito"}, {"seq": "130", "n": "13000", "vap": "67", "pvap": "   0,29", "e": "N", "st": "N\u00e3o eleito"}, {"seq": "126", "n": "13456", "vap": "72", "pvap": "   0,31", "e": "N", "st": "N\u00e3o eleito"}, {"seq": "123", "n": "13999", "vap": "77", "pvap": "   0,33", "e": "N", "st": "N\u00e3o eleito"}, {"seq": "114", "n": "13123", "vap": "105", "pvap": "   0,45", "e": "N", "st": "N\u00e3o eleito"}, {"seq": "132", "n": "13111", "vap": "66", "pvap": "   0,28", "e": "N", "st": "N\u00e3o eleito"}, {"seq": "109", "n": "45777", "vap": "166", "pvap": "   0,71", "e": "N", "st": "N\u00e3o eleito"}, {"seq": "161", "n": "45600", "vap": "20", "pvap": "   0,09", "e": "N", "st": "N\u00e3o eleito"}, {"seq": "116", "n": "45222", "vap": "100", "pvap": "   0,43", "e": "N", "st": "N\u00e3o eleito"}, {"seq": "125", "n": "45111", "vap": "73", "pvap": "   0,31", "e": "N", "st": "N\u00e3o eleito"}, {"seq": "182", "n": "45678", "vap": "10", "pvap": "   0,04", "e": "N", "st": "N\u00e3o eleito"}, {"seq": "124", "n": "45666", "vap": "75", "pvap": "   0,32", "e": "N", "st": "N\u00e3o eleito"}, {"seq": "192", "n": "45000", "vap": "5", "pvap": "   0,02", "e": "N", "st": "N\u00e3o eleito"}, {"seq": "134", "n": "45999", "vap": "64", "pvap": "   0,27", "e": "N", "st": "N\u00e3o eleito"}, {"seq": "191", "n": "45456", "vap": "5", "pvap": "   0,02", "e": "N", "st": "N\u00e3o eleito"}, {"seq": "185", "n": "45123", "vap": "9", "pvap": "   0,04", "e": "N", "st": "N\u00e3o eleito"}, {"seq": "169", "n": "45888", "vap": "15", "pvap": "   0,06", "e": "N", "st": "N\u00e3o eleito"}, {"seq": "153", "n": "45444", "vap": "28", "pvap": "   0,12", "e": "N", "st": "N\u00e3o eleito"}, {"seq": "172", "n": "45045", "vap": "15", "pvap": "   0,06", "e": "N", "st": "N\u00e3o eleito"}, {"seq": "106", "n": "45555", "vap": "234", "pvap": "   1,00", "e": "N", "st": "N\u00e3o eleito"}, {"seq": "186", "n": "45540", "vap": "8", "pvap": "   0,03", "e": "N", "st": "N\u00e3o eleito"}, {"seq": "196", "n": "45420", "vap": "3", "pvap": "   0,01", "e": "N", "st": "N\u00e3o eleito"}, {"seq": "152", "n": "45556", "vap": "29", "pvap": "   0,12", "e": "N", "st": "N\u00e3o eleito"}, {"seq": "162", "n": "45400", "vap": "20", "pvap": "   0,09", "e": "N", "st": "N\u00e3o eleito"}, {"seq": "147", "n": "45333", "vap": "37", "pvap": "   0,16", "e": "N", "st": "N\u00e3o eleito"}, {"seq": "174", "n": "45300", "vap": "14", "pvap": "   0,06", "e": "N", "st": "N\u00e3o eleito"}, {"seq": "165", "n": "18777", "vap": "17", "pvap": "   0,07", "e": "N", "st": "N\u00e3o eleito"}, {"seq": "173", "n": "18111", "vap": "14", "pvap": "   0,06", "e": "N", "st": "N\u00e3o eleito"}, {"seq": "160", "n": "18456", "vap": "20", "pvap": "   0,09", "e": "N", "st": "N\u00e3o eleito"}, {"seq": "118", "n": "18000", "vap": "96", "pvap": "   0,41", "e": "N", "st": "N\u00e3o eleito"}, {"seq": "108", "n": "18555", "vap": "179", "pvap": "   0,76", "e": "N", "st": "N\u00e3o eleito"}, {"seq": "105", "n": "18888", "vap": "240", "pvap": "   1,02", "e": "N", "st": "N\u00e3o eleito"}, {"seq": "183", "n": "18266", "vap": "10", "pvap": "   0,04", "e": "N", "st": "N\u00e3o eleito"}, {"seq": "163", "n": "18600", "vap": "19", "pvap": "   0,08", "e": "N", "st": "N\u00e3o eleito"}, {"seq": "115", "n": "18123", "vap": "101", "pvap": "   0,43", "e": "N", "st": "N\u00e3o eleito"}, {"seq": "112", "n": "18222", "vap": "119", "pvap": "   0,51", "e": "N", "st": "N\u00e3o eleito"}, {"seq": "189", "n": "18444", "vap": "5", "pvap": "   0,02", "e": "N", "st": "N\u00e3o eleito"}, {"seq": "127", "n": "40999", "vap": "71", "pvap": "   0,30", "e": "N", "st": "N\u00e3o eleito"}, {"seq": "156", "n": "40888", "vap": "23", "pvap": "   0,10", "e": "N", "st": "N\u00e3o eleito"}, {"seq": "143", "n": "40222", "vap": "43", "pvap": "   0,18", "e": "N", "st": "N\u00e3o eleito"}, {"seq": "158", "n": "40111", "vap": "23", "pvap": "   0,10", "e": "N", "st": "N\u00e3o eleito"}, {"seq": "131", "n": "40444", "vap": "67", "pvap": "   0,29", "e": "N", "st": "N\u00e3o eleito"}, {"seq": "145", "n": "40666", "vap": "39", "pvap": "   0,17", "e": "N", "st": "N\u00e3o eleito"}, {"seq": "129", "n": "40123", "vap": "69", "pvap": "   0,29", "e": "N", "st": "N\u00e3o eleito"}, {"seq": "164", "n": "40197", "vap": "19", "pvap": "   0,08", "e": "N", "st": "N\u00e3o eleito"}, {"seq": "157", "n": "40555", "vap": "23", "pvap": "   0,10", "e": "N", "st": "N\u00e3o eleito"}, {"seq": "135", "n": "40333", "vap": "64", "pvap": "   0,27", "e": "N", "st": "N\u00e3o eleito"}, {"seq": "102", "n": "40000", "vap": "385", "pvap": "   1,64", "e": "N", "st": "N\u00e3o eleito"}, {"seq": "141", "n": "40777", "vap": "47", "pvap": "   0,20", "e": "N", "st": "N\u00e3o eleito"}, {"seq": "122", "n": "40456", "vap": "77", "pvap": "   0,33", "e": "N", "st": "N\u00e3o eleito"}, {"seq": "58", "n": "23777", "vap": "46", "pvap": "   0,20", "e": "N", "st": "Suplente"}, {"seq": "45", "n": "23444", "vap": "81", "pvap": "   0,35", "e": "N", "st": "Suplente"}, {"seq": "27", "n": "23558", "vap": "210", "pvap": "   0,90", "e": "N", "st": "Suplente"}, {"seq": "81", "n": "23150", "vap": "12", "pvap": "   0,05", "e": "N", "st": "Suplente"}, {"seq": "43", "n": "23192", "vap": "83", "pvap": "   0,35", "e": "N", "st": "Suplente"}, {"seq": "15", "n": "23456", "vap": "416", "pvap": "   1,78", "e": "N", "st": "Suplente"}, {"seq": "47", "n": "23000", "vap": "69", "pvap": "   0,29", "e": "N", "st": "Suplente"}, {"seq": "6", "n": "23123", "vap": "656", "pvap": "   2,80", "e": "S", "st": "Eleito"}, {"seq": "68", "n": "23193", "vap": "16", "pvap": "   0,07", "e": "N", "st": "Suplente"}, {"seq": "60", "n": "23763", "vap": "35", "pvap": "   0,15", "e": "N", "st": "Suplente"}, {"seq": "76", "n": "23333", "vap": "13", "pvap": "   0,06", "e": "N", "st": "Suplente"}, {"seq": "9", "n": "23690", "vap": "494", "pvap": "   2,11", "e": "S", "st": "Eleito"}, {"seq": "49", "n": "23700", "vap": "66", "pvap": "   0,28", "e": "N", "st": "Suplente"}, {"seq": "28", "n": "23789", "vap": "199", "pvap": "   0,85", "e": "N", "st": "Suplente"}, {"seq": "34", "n": "23234", "vap": "148", "pvap": "   0,63", "e": "N", "st": "Suplente"}, {"seq": "93", "n": "23666", "vap": "6", "pvap": "   0,03", "e": "N", "st": "Suplente"}, {"seq": "194", "n": "12011", "vap": "3", "pvap": "   0,01", "e": "N", "st": "N\u00e3o eleito"}, {"seq": "177", "n": "12012", "vap": "12", "pvap": "   0,05", "e": "N", "st": "N\u00e3o eleito"}, {"seq": "139", "n": "12888", "vap": "48", "pvap": "   0,20", "e": "N", "st": "N\u00e3o eleito"}, {"seq": "190", "n": "12244", "vap": "5", "pvap": "   0,02", "e": "N", "st": "N\u00e3o eleito"}, {"seq": "188", "n": "12777", "vap": "8", "pvap": "   0,03", "e": "N", "st": "N\u00e3o eleito"}, {"seq": "154", "n": "12222", "vap": "27", "pvap": "   0,12", "e": "N", "st": "N\u00e3o eleito"}, {"seq": "104", "n": "12345", "vap": "252", "pvap": "   1,08", "e": "N", "st": "N\u00e3o eleito"}, {"seq": "187", "n": "12444", "vap": "8", "pvap": "   0,03", "e": "N", "st": "N\u00e3o eleito"}, {"seq": "140", "n": "12000", "vap": "48", "pvap": "   0,20", "e": "N", "st": "N\u00e3o eleito"}, {"seq": "184", "n": "12179", "vap": "10", "pvap": "   0,04", "e": "N", "st": "N\u00e3o eleito"}, {"seq": "133", "n": "12333", "vap": "64", "pvap": "   0,27", "e": "N", "st": "N\u00e3o eleito"}, {"seq": "193", "n": "12344", "vap": "4", "pvap": "   0,02", "e": "N", "st": "N\u00e3o eleito"}, {"seq": "168", "n": "12456", "vap": "15", "pvap": "   0,06", "e": "N", "st": "N\u00e3o eleito"}, {"seq": "111", "n": "12999", "vap": "129", "pvap": "   0,55", "e": "N", "st": "N\u00e3o eleito"}, {"seq": "103", "n": "12123", "vap": "268", "pvap": "   1,14", "e": "N", "st": "N\u00e3o eleito"}, {"seq": "66", "n": "15111", "vap": "18", "pvap": "   0,08", "e": "N", "st": "Suplente"}, {"seq": "75", "n": "15400", "vap": "14", "pvap": "   0,06", "e": "N", "st": "Suplente"}, {"seq": "98", "n": "15789", "vap": "4", "pvap": "   0,02", "e": "N", "st": "Suplente"}, {"seq": "5", "n": "15123", "vap": "785", "pvap": "   3,35", "e": "S", "st": "Eleito"}, {"seq": "94", "n": "15222", "vap": "5", "pvap": "   0,02", "e": "N", "st": "Suplente"}, {"seq": "89", "n": "15456", "vap": "8", "pvap": "   0,03", "e": "N", "st": "Suplente"}, {"seq": "42", "n": "15678", "vap": "88", "pvap": "   0,38", "e": "N", "st": "Suplente"}, {"seq": "86", "n": "15200", "vap": "10", "pvap": "   0,04", "e": "N", "st": "Suplente"}, {"seq": "95", "n": "15666", "vap": "5", "pvap": "   0,02", "e": "N", "st": "Suplente"}, {"seq": "70", "n": "15888", "vap": "16", "pvap": "   0,07", "e": "N", "st": "Suplente"}, {"seq": "14", "n": "15000", "vap": "630", "pvap": "   2,69", "e": "N", "st": "Suplente"}, {"seq": "51", "n": "15444", "vap": "59", "pvap": "   0,25", "e": "N", "st": "Suplente"}, {"seq": "97", "n": "15600", "vap": "4", "pvap": "   0,02", "e": "N", "st": "Suplente"}, {"seq": "77", "n": "15777", "vap": "13", "pvap": "   0,06", "e": "N", "st": "Suplente"}, {"seq": "54", "n": "15333", "vap": "49", "pvap": "   0,21", "e": "N", "st": "Suplente"}, {"seq": "101", "n": "15300", "vap": "1", "pvap": "   0,00", "e": "N", "st": "Suplente"}, {"seq": "18", "n": "15555", "vap": "326", "pvap": "   1,39", "e": "N", "st": "Suplente"}, {"seq": "87", "n": "15100", "vap": "9", "pvap": "   0,04", "e": "N", "st": "Suplente"}, {"seq": "61", "n": "15500", "vap": "35", "pvap": "   0,15", "e": "N", "st": "Suplente"}]}]}