{"ele": "426", "carper": "13", "t": "1", "f": "O", "esae": "N", "mnae": " ", "dg": "15/11/2020", "hg": "22:14:15", "dv": "S", "nadf": "es56332-c0013-e000426-004-f", "abr": [{"dt": "15/11/2020", "ht": "20:41:44", "tf": "S", "and": "F", "tpabr": "MU", "cdabr": "56332", "s": "29", "st": "29", "snt": "0", "si": "29", "sni": "0", "sa": "29", "sna": "0", "pst": " 100,00", "psnt": "   0,00", "psi": " 100,00", "psni": "   0,00", "psa": " 100,00", "psna": "   0,00", "e": "10074", "ea": "10074", "ena": "0", "esi": "10074", "esni": "0", "c": "7608", "a": "2466", "pea": " 100,00", "pena": "   0,00", "pesi": " 100,00", "pesni": "   0,00", "pa": "  24,48", "pc": "  75,52", "vscv": "0", "vnom": "6474", "vl": "418", "tv": "7608", "vvc": "6973", "vb": "244", "tvn": "391", "vn": "390", "vnt": "1", "vp": "0", "vv": "6892", "van": "0", "vansj": "81", "pvnom": "  93,93", "pvl": "   6,07", "pvvc": "  91,65", "pvb": "   3,21", "ptvn": "   5,14", "pvn": "  99,74", "pvnt": "   0,26", "pvp": "   0,00", "pvv": "  98,84", "pvan": "   0,00", "pvansj": "   1,16", "colig": [{"n": "80000151646", "tvtn": "352", "tvan": "352", "vag": "0", "tvtl": "85", "tval": "85"}, {"n": "80000136353", "tvtn": "1136", "tvan": "1136", "vag": "2", "tvtl": "120", "tval": "120"}, {"n": "80000092699", "tvtn": "614", "tvan": "614", "vag": "1", "tvtl": "14", "tval": "14"}, {"n": "80000075779", "tvtn": "637", "tvan": "637", "vag": "1", "tvtl": "23", "tval": "23"}, {"n": "80000146642", "tvtn": "913", "tvan": "913", "vag": "1", "tvtl": "39", "tval": "39"}, {"n": "80000058933", "tvtn": "1729", "tvan": "1729", "vag": "3", "tvtl": "114", "tval": "114"}, {"n": "80000145700", "tvtn": "607", "tvan": "607", "vag": "1", "tvtl": "15", "tval": "15"}, {"n": "80000132002", "tvtn": "193", "tvan": "193", "vag": "0", "tvtl": "2", "tval": "2"}, {"n": "80000131993", "tvtn": "293", "tvan": "375", "vag": "0", "tvtl": "6", "tval": "6"}], "part": [{"n": "70", "tvtn": "352", "tvan": "352", "tvtl": "85", "tval": "85"}, {"n": "23", "tvtn": "1136", "tvan": "1136", "tvtl": "120", "tval": "120"}, {"n": "11", "tvtn": "614", "tvan": "614", "tvtl": "14", "tval": "14"}, {"n": "12", "tvtn": "637", "tvan": "637", "tvtl": "23", "tval": "23"}, {"n": "45", "tvtn": "913", "tvan": "913", "tvtl": "39", "tval": "39"}, {"n": "40", "tvtn": "1729", "tvan": "1729", "tvtl": "114", "tval": "114"}, {"n": "10", "tvtn": "607", "tvan": "607", "tvtl": "15", "tval": "15"}, {"n": "19", "tvtn": "193", "tvan": "193", "tvtl": "2", "tval": "2"}, {"n": "51", "tvtn": "293", "tvan": "374", "tvtl": "6", "tval": "6"}], "cand": [{"seq": "82", "n": "70222", "vap": "13", "pvap": "   0,19", "e": "N", "st": "N\u00e3o eleito"}, {"seq": "93", "n": "70666", "vap": "4", "pvap": "   0,06", "e": "N", "st": "N\u00e3o eleito"}, {"seq": "92", "n": "70007", "vap": "4", "pvap": "   0,06", "e": "N", "st": "N\u00e3o eleito"}, {"seq": "88", "n": "70777", "vap": "7", "pvap": "   0,10", "e": "N", "st": "N\u00e3o eleito"}, {"seq": "96", "n": "70000", "vap": "1", "pvap": "   0,01", "e": "N", "st": "N\u00e3o eleito"}, {"seq": "89", "n": "70888", "vap": "6", "pvap": "   0,09", "e": "N", "st": "N\u00e3o eleito"}, {"seq": "70", "n": "70555", "vap": "38", "pvap": "   0,54", "e": "N", "st": "N\u00e3o eleito"}, {"seq": "67", "n": "70123", "vap": "54", "pvap": "   0,77", "e": "N", "st": "N\u00e3o eleito"}, {"seq": "66", "n": "70789", "vap": "58", "pvap": "   0,83", "e": "N", "st": "N\u00e3o eleito"}, {"seq": "65", "n": "70242", "vap": "63", "pvap": "   0,90", "e": "N", "st": "N\u00e3o eleito"}, {"seq": "69", "n": "70111", "vap": "42", "pvap": "   0,60", "e": "N", "st": "N\u00e3o eleito"}, {"seq": "68", "n": "70333", "vap": "43", "pvap": "   0,62", "e": "N", "st": "N\u00e3o eleito"}, {"seq": "77", "n": "70444", "vap": "19", "pvap": "   0,27", "e": "N", "st": "N\u00e3o eleito"}, {"seq": "29", "n": "23555", "vap": "46", "pvap": "   0,66", "e": "N", "st": "Suplente"}, {"seq": "3", "n": "23000", "vap": "298", "pvap": "   4,27", "e": "S", "st": "Eleito"}, {"seq": "33", "n": "23777", "vap": "37", "pvap": "   0,53", "e": "N", "st": "Suplente"}, {"seq": "10", "n": "23456", "vap": "267", "pvap": "   3,83", "e": "N", "st": "Suplente"}, {"seq": "60", "n": "23666", "vap": "0", "pvap": "00.00", "e": "N", "st": "Suplente"}, {"seq": "54", "n": "23444", "vap": "4", "pvap": "   0,06", "e": "N", "st": "Suplente"}, {"seq": "2", "n": "23333", "vap": "365", "pvap": "   5,23", "e": "S", "st": "Eleito"}, {"seq": "30", "n": "23888", "vap": "45", "pvap": "   0,65", "e": "N", "st": "Suplente"}, {"seq": "31", "n": "23459", "vap": "43", "pvap": "   0,62", "e": "N", "st": "Suplente"}, {"seq": "39", "n": "23233", "vap": "31", "pvap": "   0,44", "e": "N", "st": "Suplente"}, {"seq": "25", "n": "11555", "vap": "60", "pvap": "   0,86", "e": "N", "st": "Suplente"}, {"seq": "41", "n": "11200", "vap": "27", "pvap": "   0,39", "e": "N", "st": "Suplente"}, {"seq": "44", "n": "11122", "vap": "22", "pvap": "   0,32", "e": "N", "st": "Suplente"}, {"seq": "49", "n": "11015", "vap": "13", "pvap": "   0,19", "e": "N", "st": "Suplente"}, {"seq": "47", "n": "11123", "vap": "21", "pvap": "   0,30", "e": "N", "st": "Suplente"}, {"seq": "7", "n": "11111", "vap": "251", "pvap": "   3,60", "e": "S", "st": "Eleito"}, {"seq": "52", "n": "11112", "vap": "10", "pvap": "   0,14", "e": "N", "st": "Suplente"}, {"seq": "23", "n": "11222", "vap": "62", "pvap": "   0,89", "e": "N", "st": "Suplente"}, {"seq": "37", "n": "11000", "vap": "33", "pvap": "   0,47", "e": "N", "st": "Suplente"}, {"seq": "43", "n": "11333", "vap": "23", "pvap": "   0,33", "e": "N", "st": "Suplente"}, {"seq": "59", "n": "11999", "vap": "1", "pvap": "   0,01", "e": "N", "st": "Suplente"}, {"seq": "26", "n": "11777", "vap": "54", "pvap": "   0,77", "e": "N", "st": "Suplente"}, {"seq": "34", "n": "11400", "vap": "37", "pvap": "   0,53", "e": "N", "st": "Suplente"}, {"seq": "48", "n": "12666", "vap": "19", "pvap": "   0,27", "e": "N", "st": "Suplente"}, {"seq": "13", "n": "12345", "vap": "210", "pvap": "   3,01", "e": "N", "st": "Suplente"}, {"seq": "61", "n": "12113", "vap": "0", "pvap": "00.00", "e": "N", "st": "Suplente"}, {"seq": "15", "n": "12000", "vap": "137", "pvap": "   1,96", "e": "N", "st": "Suplente"}, {"seq": "51", "n": "12100", "vap": "11", "pvap": "   0,16", "e": "N", "st": "Suplente"}, {"seq": "9", "n": "12111", "vap": "238", "pvap": "   3,41", "e": "S", "st": "Eleito"}, {"seq": "45", "n": "12123", "vap": "22", "pvap": "   0,32", "e": "N", "st": "Suplente"}, {"seq": "40", "n": "45333", "vap": "30", "pvap": "   0,43", "e": "N", "st": "Suplente"}, {"seq": "50", "n": "45013", "vap": "11", "pvap": "   0,16", "e": "N", "st": "Suplente"}, {"seq": "57", "n": "45111", "vap": "3", "pvap": "   0,04", "e": "N", "st": "Suplente"}, {"seq": "58", "n": "45615", "vap": "2", "pvap": "   0,03", "e": "N", "st": "Suplente"}, {"seq": "11", "n": "45123", "vap": "263", "pvap": "   3,77", "e": "N", "st": "Suplente"}, {"seq": "5", "n": "45345", "vap": "268", "pvap": "   3,84", "e": "S", "st": "Eleito"}, {"seq": "35", "n": "45505", "vap": "35", "pvap": "   0,50", "e": "N", "st": "Suplente"}, {"seq": "32", "n": "45321", "vap": "43", "pvap": "   0,62", "e": "N", "st": "Suplente"}, {"seq": "12", "n": "45000", "vap": "255", "pvap": "   3,66", "e": "N", "st": "Suplente"}, {"seq": "56", "n": "45456", "vap": "3", "pvap": "   0,04", "e": "N", "st": "Suplente"}, {"seq": "46", "n": "40333", "vap": "21", "pvap": "   0,30", "e": "N", "st": "Suplente"}, {"seq": "18", "n": "40999", "vap": "110", "pvap": "   1,58", "e": "N", "st": "Suplente"}, {"seq": "8", "n": "40555", "vap": "244", "pvap": "   3,50", "e": "S", "st": "Eleito"}, {"seq": "1", "n": "40500", "vap": "406", "pvap": "   5,82", "e": "S", "st": "Eleito"}, {"seq": "38", "n": "40608", "vap": "32", "pvap": "   0,46", "e": "N", "st": "Suplente"}, {"seq": "19", "n": "40456", "vap": "108", "pvap": "   1,55", "e": "N", "st": "Suplente"}, {"seq": "20", "n": "40111", "vap": "108", "pvap": "   1,55", "e": "N", "st": "Suplente"}, {"seq": "22", "n": "40223", "vap": "69", "pvap": "   0,99", "e": "N", "st": "Suplente"}, {"seq": "55", "n": "40777", "vap": "3", "pvap": "   0,04", "e": "N", "st": "Suplente"}, {"seq": "4", "n": "40000", "vap": "272", "pvap": "   3,90", "e": "S", "st": "Eleito"}, {"seq": "14", "n": "40123", "vap": "150", "pvap": "   2,15", "e": "N", "st": "Suplente"}, {"seq": "17", "n": "40444", "vap": "115", "pvap": "   1,65", "e": "N", "st": "Suplente"}, {"seq": "21", "n": "40222", "vap": "91", "pvap": "   1,31", "e": "N", "st": "Suplente"}, {"seq": "16", "n": "10333", "vap": "124", "pvap": "   1,78", "e": "N", "st": "Suplente"}, {"seq": "28", "n": "10500", "vap": "49", "pvap": "   0,70", "e": "N", "st": "Suplente"}, {"seq": "36", "n": "10200", "vap": "33", "pvap": "   0,47", "e": "N", "st": "Suplente"}, {"seq": "24", "n": "10123", "vap": "61", "pvap": "   0,87", "e": "N", "st": "Suplente"}, {"seq": "42", "n": "10555", "vap": "24", "pvap": "   0,34", "e": "N", "st": "Suplente"}, {"seq": "6", "n": "10000", "vap": "261", "pvap": "   3,74", "e": "S", "st": "Eleito"}, {"seq": "53", "n": "10111", "vap": "4", "pvap": "   0,06", "e": "N", "st": "Suplente"}, {"seq": "27", "n": "10222", "vap": "51", "pvap": "   0,73", "e": "N", "st": "Suplente"}, {"seq": "90", "n": "19111", "vap": "6", "pvap": "   0,09", "e": "N", "st": "N\u00e3o eleito"}, {"seq": "71", "n": "19197", "vap": "28", "pvap": "   0,40", "e": "N", "st": "N\u00e3o eleito"}, {"seq": "85", "n": "19222", "vap": "12", "pvap": "   0,17", "e": "N", "st": "N\u00e3o eleito"}, {"seq": "83", "n": "19999", "vap": "13", "pvap": "   0,19", "e": "N", "st": "N\u00e3o eleito"}, {"seq": "84", "n": "19555", "vap": "12", "pvap": "   0,17", "e": "N", "st": "N\u00e3o eleito"}, {"seq": "64", "n": "19000", "vap": "77", "pvap": "   1,10", "e": "N", "st": "N\u00e3o eleito"}, {"seq": "91", "n": "19444", "vap": "6", "pvap": "   0,09", "e": "N", "st": "N\u00e3o eleito"}, {"seq": "74", "n": "19500", "vap": "25", "pvap": "   0,36", "e": "N", "st": "N\u00e3o eleito"}, {"seq": "81", "n": "19333", "vap": "14", "pvap": "   0,20", "e": "N", "st": "N\u00e3o eleito"}, {"seq": "95", "n": "51003", "vap": "2", "pvap": "   0,03", "e": "N", "st": "N\u00e3o eleito"}, {"seq": "76", "n": "51300", "vap": "21", "pvap": "   0,30", "e": "N", "st": "N\u00e3o eleito"}, {"seq": "79", "n": "51570", "vap": "16", "pvap": "   0,23", "e": "N", "st": "N\u00e3o eleito"}, {"seq": "87", "n": "51355", "vap": "9", "pvap": "   0,13", "e": "N", "st": "N\u00e3o eleito"}, {"seq": "86", "n": "51151", "vap": "10", "pvap": "   0,14", "e": "N", "st": "N\u00e3o eleito"}, {"seq": "62", "n": "51970", "vap": "125", "pvap": "   1,79", "e": "N", "st": "N\u00e3o eleito"}, {"seq": "80", "n": "51555", "vap": "15", "pvap": "   0,22", "e": "N", "st": "N\u00e3o eleito"}, {"seq": "73", "n": "51079", "vap": "25", "pvap": "   0,36", "e": "N", "st": "N\u00e3o eleito"}, {"seq": "94", "n": "51000", "vap": "3", "pvap": "   0,04", "e": "N", "st": "N\u00e3o eleito"}, {"seq": "75", "n": "51120", "vap": "22", "pvap": "   0,32", "e": "N", "st": "N\u00e3o eleito"}, {"seq": "78", "n": "51122", "vap": "18", "pvap": "   0,26", "e": "N", "st": "N\u00e3o eleito"}, {"seq": "63", "n": "51150", "vap": "81", "pvap": "   1,16", "e": "N", "st": "N\u00e3o eleito"}, {"seq": "72", "n": "51444", "vap": "27", "pvap": "   0,39", "e": "N", "st": "N\u00e3o eleito"}]}, {"dt": "15/11/2020", "ht": "20:41:44", "tf": "S", "and": "F", "tpabr": "ZONA", "cdabr": "40", "s": "29", "st": "29", "snt": "0", "si": "29", "sni": "0", "sa": "29", "sna": "0", "pst": " 100,00", "psnt": "   0,00", "psi": " 100,00", "psni": "   0,00", "psa": " 100,00", "psna": "   0,00", "e": "10074", "ea": "10074", "ena": "0", "esi": "10074", "esni": "0", "a": "2466", "c": "7608", "pea": " 100,00", "pena": "   0,00", "pesi": " 100,00", "pesni": "   0,00", "pa": "  24,48", "pc": "  75,52", "vnom": "6474", "vscv": "0", "vl": "418", "tv": "7608", "vvc": "6973", "vb": "244", "tvn": "391", "vn": "390", "vnt": "1", "vp": "0", "vv": "6892", "van": "0", "vansj": "81", "pvnom": "  93,93", "pvl": "   6,07", "pvvc": "  91,65", "pvb": "   3,21", "ptvn": "   5,14", "pvn": "  99,74", "pvnt": "   0,26", "pvp": "   0,00", "pvv": "  98,84", "pvan": "   0,00", "pvansj": "   1,16", "cand": [{"seq": "60", "n": "23666", "vap": "0", "pvap": "00.00", "e": "N", "st": "Suplente"}, {"seq": "39", "n": "23233", "vap": "31", "pvap": "   0,44", "e": "N", "st": "Suplente"}, {"seq": "30", "n": "23888", "vap": "45", "pvap": "   0,65", "e": "N", "st": "Suplente"}, {"seq": "10", "n": "23456", "vap": "267", "pvap": "   3,83", "e": "N", "st": "Suplente"}, {"seq": "54", "n": "23444", "vap": "4", "pvap": "   0,06", "e": "N", "st": "Suplente"}, {"seq": "3", "n": "23000", "vap": "298", "pvap": "   4,27", "e": "S", "st": "Eleito"}, {"seq": "31", "n": "23459", "vap": "43", "pvap": "   0,62", "e": "N", "st": "Suplente"}, {"seq": "2", "n": "23333", "vap": "365", "pvap": "   5,23", "e": "S", "st": "Eleito"}, {"seq": "33", "n": "23777", "vap": "37", "pvap": "   0,53", "e": "N", "st": "Suplente"}, {"seq": "29", "n": "23555", "vap": "46", "pvap": "   0,66", "e": "N", "st": "Suplente"}, {"seq": "65", "n": "70242", "vap": "63", "pvap": "   0,90", "e": "N", "st": "N\u00e3o eleito"}, {"seq": "92", "n": "70007", "vap": "4", "pvap": "   0,06", "e": "N", "st": "N\u00e3o eleito"}, {"seq": "67", "n": "70123", "vap": "54", "pvap": "   0,77", "e": "N", "st": "N\u00e3o eleito"}, {"seq": "82", "n": "70222", "vap": "13", "pvap": "   0,19", "e": "N", "st": "N\u00e3o eleito"}, {"seq": "93", "n": "70666", "vap": "4", "pvap": "   0,06", "e": "N", "st": "N\u00e3o eleito"}, {"seq": "69", "n": "70111", "vap": "42", "pvap": "   0,60", "e": "N", "st": "N\u00e3o eleito"}, {"seq": "77", "n": "70444", "vap": "19", "pvap": "   0,27", "e": "N", "st": "N\u00e3o eleito"}, {"seq": "68", "n": "70333", "vap": "43", "pvap": "   0,62", "e": "N", "st": "N\u00e3o eleito"}, {"seq": "88", "n": "70777", "vap": "7", "pvap": "   0,10", "e": "N", "st": "N\u00e3o eleito"}, {"seq": "66", "n": "70789", "vap": "58", "pvap": "   0,83", "e": "N", "st": "N\u00e3o eleito"}, {"seq": "96", "n": "70000", "vap": "1", "pvap": "   0,01", "e": "N", "st": "N\u00e3o eleito"}, {"seq": "70", "n": "70555", "vap": "38", "pvap": "   0,54", "e": "N", "st": "N\u00e3o eleito"}, {"seq": "89", "n": "70888", "vap": "6", "pvap": "   0,09", "e": "N", "st": "N\u00e3o eleito"}, {"seq": "42", "n": "10555", "vap": "24", "pvap": "   0,34", "e": "N", "st": "Suplente"}, {"seq": "6", "n": "10000", "vap": "261", "pvap": "   3,74", "e": "S", "st": "Eleito"}, {"seq": "36", "n": "10200", "vap": "33", "pvap": "   0,47", "e": "N", "st": "Suplente"}, {"seq": "27", "n": "10222", "vap": "51", "pvap": "   0,73", "e": "N", "st": "Suplente"}, {"seq": "28", "n": "10500", "vap": "49", "pvap": "   0,70", "e": "N", "st": "Suplente"}, {"seq": "53", "n": "10111", "vap": "4", "pvap": "   0,06", "e": "N", "st": "Suplente"}, {"seq": "16", "n": "10333", "vap": "124", "pvap": "   1,78", "e": "N", "st": "Suplente"}, {"seq": "24", "n": "10123", "vap": "61", "pvap": "   0,87", "e": "N", "st": "Suplente"}, {"seq": "45", "n": "12123", "vap": "22", "pvap": "   0,32", "e": "N", "st": "Suplente"}, {"seq": "13", "n": "12345", "vap": "210", "pvap": "   3,01", "e": "N", "st": "Suplente"}, {"seq": "51", "n": "12100", "vap": "11", "pvap": "   0,16", "e": "N", "st": "Suplente"}, {"seq": "15", "n": "12000", "vap": "137", "pvap": "   1,96", "e": "N", "st": "Suplente"}, {"seq": "48", "n": "12666", "vap": "19", "pvap": "   0,27", "e": "N", "st": "Suplente"}, {"seq": "9", "n": "12111", "vap": "238", "pvap": "   3,41", "e": "S", "st": "Eleito"}, {"seq": "61", "n": "12113", "vap": "0", "pvap": "00.00", "e": "N", "st": "Suplente"}, {"seq": "95", "n": "51003", "vap": "2", "pvap": "   0,03", "e": "N", "st": "N\u00e3o eleito"}, {"seq": "86", "n": "51151", "vap": "10", "pvap": "   0,14", "e": "N", "st": "N\u00e3o eleito"}, {"seq": "76", "n": "51300", "vap": "21", "pvap": "   0,30", "e": "N", "st": "N\u00e3o eleito"}, {"seq": "94", "n": "51000", "vap": "3", "pvap": "   0,04", "e": "N", "st": "N\u00e3o eleito"}, {"seq": "73", "n": "51079", "vap": "25", "pvap": "   0,36", "e": "N", "st": "N\u00e3o eleito"}, {"seq": "87", "n": "51355", "vap": "9", "pvap": "   0,13", "e": "N", "st": "N\u00e3o eleito"}, {"seq": "63", "n": "51150", "vap": "81", "pvap": "   1,16", "e": "N", "st": "N\u00e3o eleito"}, {"seq": "80", "n": "51555", "vap": "15", "pvap": "   0,22", "e": "N", "st": "N\u00e3o eleito"}, {"seq": "72", "n": "51444", "vap": "27", "pvap": "   0,39", "e": "N", "st": "N\u00e3o eleito"}, {"seq": "62", "n": "51970", "vap": "125", "pvap": "   1,79", "e": "N", "st": "N\u00e3o eleito"}, {"seq": "78", "n": "51122", "vap": "18", "pvap": "   0,26", "e": "N", "st": "N\u00e3o eleito"}, {"seq": "79", "n": "51570", "vap": "16", "pvap": "   0,23", "e": "N", "st": "N\u00e3o eleito"}, {"seq": "75", "n": "51120", "vap": "22", "pvap": "   0,32", "e": "N", "st": "N\u00e3o eleito"}, {"seq": "71", "n": "19197", "vap": "28", "pvap": "   0,40", "e": "N", "st": "N\u00e3o eleito"}, {"seq": "85", "n": "19222", "vap": "12", "pvap": "   0,17", "e": "N", "st": "N\u00e3o eleito"}, {"seq": "74", "n": "19500", "vap": "25", "pvap": "   0,36", "e": "N", "st": "N\u00e3o eleito"}, {"seq": "83", "n": "19999", "vap": "13", "pvap": "   0,19", "e": "N", "st": "N\u00e3o eleito"}, {"seq": "81", "n": "19333", "vap": "14", "pvap": "   0,20", "e": "N", "st": "N\u00e3o eleito"}, {"seq": "91", "n": "19444", "vap": "6", "pvap": "   0,09", "e": "N", "st": "N\u00e3o eleito"}, {"seq": "84", "n": "19555", "vap": "12", "pvap": "   0,17", "e": "N", "st": "N\u00e3o eleito"}, {"seq": "64", "n": "19000", "vap": "77", "pvap": "   1,10", "e": "N", "st": "N\u00e3o eleito"}, {"seq": "90", "n": "19111", "vap": "6", "pvap": "   0,09", "e": "N", "st": "N\u00e3o eleito"}, {"seq": "37", "n": "11000", "vap": "33", "pvap": "   0,47", "e": "N", "st": "Suplente"}, {"seq": "47", "n": "11123", "vap": "21", "pvap": "   0,30", "e": "N", "st": "Suplente"}, {"seq": "43", "n": "11333", "vap": "23", "pvap": "   0,33", "e": "N", "st": "Suplente"}, {"seq": "25", "n": "11555", "vap": "60", "pvap": "   0,86", "e": "N", "st": "Suplente"}, {"seq": "44", "n": "11122", "vap": "22", "pvap": "   0,32", "e": "N", "st": "Suplente"}, {"seq": "23", "n": "11222", "vap": "62", "pvap": "   0,89", "e": "N", "st": "Suplente"}, {"seq": "34", "n": "11400", "vap": "37", "pvap": "   0,53", "e": "N", "st": "Suplente"}, {"seq": "52", "n": "11112", "vap": "10", "pvap": "   0,14", "e": "N", "st": "Suplente"}, {"seq": "7", "n": "11111", "vap": "251", "pvap": "   3,60", "e": "S", "st": "Eleito"}, {"seq": "49", "n": "11015", "vap": "13", "pvap": "   0,19", "e": "N", "st": "Suplente"}, {"seq": "41", "n": "11200", "vap": "27", "pvap": "   0,39", "e": "N", "st": "Suplente"}, {"seq": "26", "n": "11777", "vap": "54", "pvap": "   0,77", "e": "N", "st": "Suplente"}, {"seq": "59", "n": "11999", "vap": "1", "pvap": "   0,01", "e": "N", "st": "Suplente"}, {"seq": "21", "n": "40222", "vap": "91", "pvap": "   1,31", "e": "N", "st": "Suplente"}, {"seq": "20", "n": "40111", "vap": "108", "pvap": "   1,55", "e": "N", "st": "Suplente"}, {"seq": "4", "n": "40000", "vap": "272", "pvap": "   3,90", "e": "S", "st": "Eleito"}, {"seq": "14", "n": "40123", "vap": "150", "pvap": "   2,15", "e": "N", "st": "Suplente"}, {"seq": "46", "n": "40333", "vap": "21", "pvap": "   0,30", "e": "N", "st": "Suplente"}, {"seq": "1", "n": "40500", "vap": "406", "pvap": "   5,82", "e": "S", "st": "Eleito"}, {"seq": "8", "n": "40555", "vap": "244", "pvap": "   3,50", "e": "S", "st": "Eleito"}, {"seq": "55", "n": "40777", "vap": "3", "pvap": "   0,04", "e": "N", "st": "Suplente"}, {"seq": "19", "n": "40456", "vap": "108", "pvap": "   1,55", "e": "N", "st": "Suplente"}, {"seq": "38", "n": "40608", "vap": "32", "pvap": "   0,46", "e": "N", "st": "Suplente"}, {"seq": "22", "n": "40223", "vap": "69", "pvap": "   0,99", "e": "N", "st": "Suplente"}, {"seq": "17", "n": "40444", "vap": "115", "pvap": "   1,65", "e": "N", "st": "Suplente"}, {"seq": "18", "n": "40999", "vap": "110", "pvap": "   1,58", "e": "N", "st": "Suplente"}, {"seq": "12", "n": "45000", "vap": "255", "pvap": "   3,66", "e": "N", "st": "Suplente"}, {"seq": "58", "n": "45615", "vap": "2", "pvap": "   0,03", "e": "N", "st": "Suplente"}, {"seq": "56", "n": "45456", "vap": "3", "pvap": "   0,04", "e": "N", "st": "Suplente"}, {"seq": "40", "n": "45333", "vap": "30", "pvap": "   0,43", "e": "N", "st": "Suplente"}, {"seq": "57", "n": "45111", "vap": "3", "pvap": "   0,04", "e": "N", "st": "Suplente"}, {"seq": "11", "n": "45123", "vap": "263", "pvap": "   3,77", "e": "N", "st": "Suplente"}, {"seq": "32", "n": "45321", "vap": "43", "pvap": "   0,62", "e": "N", "st": "Suplente"}, {"seq": "5", "n": "45345", "vap": "268", "pvap": "   3,84", "e": "S", "st": "Eleito"}, {"seq": "35", "n": "45505", "vap": "35", "pvap": "   0,50", "e": "N", "st": "Suplente"}, {"seq": "50", "n": "45013", "vap": "11", "pvap": "   0,16", "e": "N", "st": "Suplente"}]}]}