{"ele": "426", "carper": "13", "t": "1", "f": "O", "esae": "N", "mnae": " ", "dg": "15/11/2020", "hg": "22:14:07", "dv": "S", "nadf": "es56758-c0013-e000426-003-f", "abr": [{"dt": "15/11/2020", "ht": "20:19:27", "tf": "S", "and": "F", "tpabr": "MU", "cdabr": "56758", "s": "29", "st": "29", "snt": "0", "si": "29", "sni": "0", "sa": "29", "sna": "0", "pst": " 100,00", "psnt": "   0,00", "psi": " 100,00", "psni": "   0,00", "psa": " 100,00", "psna": "   0,00", "e": "10918", "ea": "10918", "ena": "0", "esi": "10918", "esni": "0", "c": "8982", "a": "1936", "pea": " 100,00", "pena": "   0,00", "pesi": " 100,00", "pesni": "   0,00", "pa": "  17,73", "pc": "  82,27", "vscv": "0", "vnom": "8006", "vl": "523", "tv": "8982", "vvc": "8529", "vb": "178", "tvn": "275", "vn": "262", "vnt": "13", "vp": "0", "vv": "8529", "van": "0", "vansj": "0", "pvnom": "  93,87", "pvl": "   6,13", "pvvc": "  94,96", "pvb": "   1,98", "ptvn": "   3,06", "pvn": "  95,27", "pvnt": "   4,73", "pvp": "   0,00", "pvv": " 100,00", "pvan": "   0,00", "pvansj": "   0,00", "colig": [{"n": "80000147892", "tvtn": "1031", "tvan": "1031", "vag": "1", "tvtl": "21", "tval": "21"}, {"n": "80000146162", "tvtn": "116", "tvan": "129", "vag": "0", "tvtl": "14", "tval": "14"}, {"n": "80000148130", "tvtn": "1182", "tvan": "1182", "vag": "1", "tvtl": "132", "tval": "132"}, {"n": "80000146869", "tvtn": "1327", "tvan": "1327", "vag": "2", "tvtl": "36", "tval": "36"}, {"n": "80000147284", "tvtn": "220", "tvan": "220", "vag": "0", "tvtl": "4", "tval": "4"}, {"n": "80000147019", "tvtn": "1166", "tvan": "1166", "vag": "1", "tvtl": "17", "tval": "17"}, {"n": "80000148620", "tvtn": "1395", "tvan": "1395", "vag": "2", "tvtl": "183", "tval": "183"}, {"n": "80000074601", "tvtn": "1569", "tvan": "1569", "vag": "2", "tvtl": "116", "tval": "116"}], "part": [{"n": "23", "tvtn": "1031", "tvan": "1031", "tvtl": "21", "tval": "21"}, {"n": "11", "tvtn": "116", "tvan": "116", "tvtl": "14", "tval": "14"}, {"n": "25", "tvtn": "1182", "tvan": "1182", "tvtl": "132", "tval": "132"}, {"n": "12", "tvtn": "1327", "tvan": "1327", "tvtl": "36", "tval": "36"}, {"n": "20", "tvtn": "220", "tvan": "220", "tvtl": "4", "tval": "4"}, {"n": "14", "tvtn": "1166", "tvan": "1166", "tvtl": "17", "tval": "17"}, {"n": "40", "tvtn": "1395", "tvan": "1395", "tvtl": "183", "tval": "183"}, {"n": "10", "tvtn": "1569", "tvan": "1569", "tvtl": "116", "tval": "116"}], "cand": [{"seq": "35", "n": "23999", "vap": "85", "pvap": "   1,00", "e": "N", "st": "Suplente"}, {"seq": "16", "n": "23600", "vap": "164", "pvap": "   1,92", "e": "N", "st": "Suplente"}, {"seq": "39", "n": "23777", "vap": "63", "pvap": "   0,74", "e": "N", "st": "Suplente"}, {"seq": "11", "n": "23456", "vap": "260", "pvap": "   3,05", "e": "N", "st": "Suplente"}, {"seq": "73", "n": "23021", "vap": "7", "pvap": "   0,08", "e": "N", "st": "Suplente"}, {"seq": "75", "n": "23285", "vap": "4", "pvap": "   0,05", "e": "N", "st": "Suplente"}, {"seq": "4", "n": "23000", "vap": "265", "pvap": "   3,11", "e": "S", "st": "Eleito"}, {"seq": "15", "n": "23123", "vap": "167", "pvap": "   1,96", "e": "N", "st": "Suplente"}, {"seq": "72", "n": "23500", "vap": "10", "pvap": "   0,12", "e": "N", "st": "Suplente"}, {"seq": "74", "n": "23222", "vap": "6", "pvap": "   0,07", "e": "N", "st": "Suplente"}, {"seq": "84", "n": "11020", "vap": "15", "pvap": "   0,18", "e": "N", "st": "N\u00e3o eleito"}, {"seq": "83", "n": "11040", "vap": "18", "pvap": "   0,21", "e": "N", "st": "N\u00e3o eleito"}, {"seq": "96", "n": "11777", "vap": "2", "pvap": "   0,02", "e": "N", "st": "N\u00e3o eleito"}, {"seq": "87", "n": "11123", "vap": "11", "pvap": "   0,13", "e": "N", "st": "N\u00e3o eleito"}, {"seq": "89", "n": "11555", "vap": "10", "pvap": "   0,12", "e": "N", "st": "N\u00e3o eleito"}, {"seq": "82", "n": "11234", "vap": "18", "pvap": "   0,21", "e": "N", "st": "N\u00e3o eleito"}, {"seq": "90", "n": "11990", "vap": "10", "pvap": "   0,12", "e": "N", "st": "N\u00e3o eleito"}, {"seq": "79", "n": "11222", "vap": "32", "pvap": "   0,38", "e": "N", "st": "N\u00e3o eleito"}, {"seq": "25", "n": "25511", "vap": "140", "pvap": "   1,64", "e": "N", "st": "Suplente"}, {"seq": "59", "n": "25973", "vap": "26", "pvap": "   0,30", "e": "N", "st": "Suplente"}, {"seq": "67", "n": "25333", "vap": "15", "pvap": "   0,18", "e": "N", "st": "Suplente"}, {"seq": "21", "n": "25525", "vap": "153", "pvap": "   1,79", "e": "N", "st": "Suplente"}, {"seq": "32", "n": "25100", "vap": "90", "pvap": "   1,06", "e": "N", "st": "Suplente"}, {"seq": "43", "n": "25456", "vap": "53", "pvap": "   0,62", "e": "N", "st": "Suplente"}, {"seq": "65", "n": "25500", "vap": "18", "pvap": "   0,21", "e": "N", "st": "Suplente"}, {"seq": "13", "n": "25234", "vap": "199", "pvap": "   2,33", "e": "N", "st": "Suplente"}, {"seq": "56", "n": "25126", "vap": "35", "pvap": "   0,41", "e": "N", "st": "Suplente"}, {"seq": "7", "n": "25680", "vap": "230", "pvap": "   2,70", "e": "S", "st": "Eleito"}, {"seq": "26", "n": "25560", "vap": "128", "pvap": "   1,50", "e": "N", "st": "Suplente"}, {"seq": "64", "n": "25300", "vap": "18", "pvap": "   0,21", "e": "N", "st": "Suplente"}, {"seq": "36", "n": "25123", "vap": "77", "pvap": "   0,90", "e": "N", "st": "Suplente"}, {"seq": "42", "n": "12222", "vap": "56", "pvap": "   0,66", "e": "N", "st": "Suplente"}, {"seq": "30", "n": "12111", "vap": "99", "pvap": "   1,16", "e": "N", "st": "Suplente"}, {"seq": "47", "n": "12777", "vap": "48", "pvap": "   0,56", "e": "N", "st": "Suplente"}, {"seq": "12", "n": "12300", "vap": "202", "pvap": "   2,37", "e": "N", "st": "Suplente"}, {"seq": "22", "n": "12000", "vap": "144", "pvap": "   1,69", "e": "N", "st": "Suplente"}, {"seq": "46", "n": "12123", "vap": "50", "pvap": "   0,59", "e": "N", "st": "Suplente"}, {"seq": "69", "n": "12689", "vap": "13", "pvap": "   0,15", "e": "N", "st": "Suplente"}, {"seq": "57", "n": "12600", "vap": "35", "pvap": "   0,41", "e": "N", "st": "Suplente"}, {"seq": "48", "n": "12567", "vap": "47", "pvap": "   0,55", "e": "N", "st": "Suplente"}, {"seq": "8", "n": "12345", "vap": "219", "pvap": "   2,57", "e": "S", "st": "Eleito"}, {"seq": "20", "n": "12596", "vap": "156", "pvap": "   1,83", "e": "N", "st": "Suplente"}, {"seq": "5", "n": "12333", "vap": "258", "pvap": "   3,02", "e": "S", "st": "Eleito"}, {"seq": "76", "n": "12320", "vap": "0", "pvap": "00.00", "e": "N", "st": "Suplente"}, {"seq": "77", "n": "20800", "vap": "58", "pvap": "   0,68", "e": "N", "st": "N\u00e3o eleito"}, {"seq": "86", "n": "20123", "vap": "11", "pvap": "   0,13", "e": "N", "st": "N\u00e3o eleito"}, {"seq": "88", "n": "20600", "vap": "10", "pvap": "   0,12", "e": "N", "st": "N\u00e3o eleito"}, {"seq": "95", "n": "20200", "vap": "5", "pvap": "   0,06", "e": "N", "st": "N\u00e3o eleito"}, {"seq": "80", "n": "20100", "vap": "22", "pvap": "   0,26", "e": "N", "st": "N\u00e3o eleito"}, {"seq": "94", "n": "20888", "vap": "5", "pvap": "   0,06", "e": "N", "st": "N\u00e3o eleito"}, {"seq": "81", "n": "20500", "vap": "20", "pvap": "   0,23", "e": "N", "st": "N\u00e3o eleito"}, {"seq": "78", "n": "20000", "vap": "56", "pvap": "   0,66", "e": "N", "st": "N\u00e3o eleito"}, {"seq": "92", "n": "20777", "vap": "7", "pvap": "   0,08", "e": "N", "st": "N\u00e3o eleito"}, {"seq": "91", "n": "20111", "vap": "8", "pvap": "   0,09", "e": "N", "st": "N\u00e3o eleito"}, {"seq": "85", "n": "20333", "vap": "12", "pvap": "   0,14", "e": "N", "st": "N\u00e3o eleito"}, {"seq": "93", "n": "20222", "vap": "6", "pvap": "   0,07", "e": "N", "st": "N\u00e3o eleito"}, {"seq": "40", "n": "14444", "vap": "59", "pvap": "   0,69", "e": "N", "st": "Suplente"}, {"seq": "37", "n": "14555", "vap": "72", "pvap": "   0,84", "e": "N", "st": "Suplente"}, {"seq": "49", "n": "14222", "vap": "47", "pvap": "   0,55", "e": "N", "st": "Suplente"}, {"seq": "70", "n": "14333", "vap": "12", "pvap": "   0,14", "e": "N", "st": "Suplente"}, {"seq": "14", "n": "14100", "vap": "186", "pvap": "   2,18", "e": "N", "st": "Suplente"}, {"seq": "23", "n": "14600", "vap": "143", "pvap": "   1,68", "e": "N", "st": "Suplente"}, {"seq": "53", "n": "14111", "vap": "39", "pvap": "   0,46", "e": "N", "st": "Suplente"}, {"seq": "6", "n": "14660", "vap": "238", "pvap": "   2,79", "e": "S", "st": "Eleito"}, {"seq": "71", "n": "14014", "vap": "10", "pvap": "   0,12", "e": "N", "st": "Suplente"}, {"seq": "55", "n": "14960", "vap": "35", "pvap": "   0,41", "e": "N", "st": "Suplente"}, {"seq": "51", "n": "14123", "vap": "43", "pvap": "   0,50", "e": "N", "st": "Suplente"}, {"seq": "19", "n": "14400", "vap": "157", "pvap": "   1,84", "e": "N", "st": "Suplente"}, {"seq": "66", "n": "14777", "vap": "17", "pvap": "   0,20", "e": "N", "st": "Suplente"}, {"seq": "27", "n": "14000", "vap": "108", "pvap": "   1,27", "e": "N", "st": "Suplente"}, {"seq": "45", "n": "40789", "vap": "51", "pvap": "   0,60", "e": "N", "st": "Suplente"}, {"seq": "54", "n": "40222", "vap": "36", "pvap": "   0,42", "e": "N", "st": "Suplente"}, {"seq": "29", "n": "40444", "vap": "100", "pvap": "   1,17", "e": "N", "st": "Suplente"}, {"seq": "58", "n": "40111", "vap": "26", "pvap": "   0,30", "e": "N", "st": "Suplente"}, {"seq": "28", "n": "40123", "vap": "107", "pvap": "   1,25", "e": "N", "st": "Suplente"}, {"seq": "34", "n": "40000", "vap": "85", "pvap": "   1,00", "e": "N", "st": "Suplente"}, {"seq": "9", "n": "40777", "vap": "178", "pvap": "   2,09", "e": "S", "st": "Eleito"}, {"seq": "33", "n": "40500", "vap": "86", "pvap": "   1,01", "e": "N", "st": "Suplente"}, {"seq": "68", "n": "40321", "vap": "15", "pvap": "   0,18", "e": "N", "st": "Suplente"}, {"seq": "2", "n": "40456", "vap": "382", "pvap": "   4,48", "e": "S", "st": "Eleito"}, {"seq": "31", "n": "40157", "vap": "93", "pvap": "   1,09", "e": "N", "st": "Suplente"}, {"seq": "41", "n": "40655", "vap": "56", "pvap": "   0,66", "e": "N", "st": "Suplente"}, {"seq": "18", "n": "40333", "vap": "159", "pvap": "   1,86", "e": "N", "st": "Suplente"}, {"seq": "63", "n": "40377", "vap": "21", "pvap": "   0,25", "e": "N", "st": "Suplente"}, {"seq": "10", "n": "10123", "vap": "275", "pvap": "   3,22", "e": "N", "st": "Suplente"}, {"seq": "1", "n": "10789", "vap": "409", "pvap": "   4,80", "e": "S", "st": "Eleito"}, {"seq": "24", "n": "10678", "vap": "140", "pvap": "   1,64", "e": "N", "st": "Suplente"}, {"seq": "62", "n": "10777", "vap": "22", "pvap": "   0,26", "e": "N", "st": "Suplente"}, {"seq": "50", "n": "10444", "vap": "45", "pvap": "   0,53", "e": "N", "st": "Suplente"}, {"seq": "17", "n": "10234", "vap": "159", "pvap": "   1,86", "e": "N", "st": "Suplente"}, {"seq": "3", "n": "10000", "vap": "316", "pvap": "   3,71", "e": "S", "st": "Eleito"}, {"seq": "60", "n": "10700", "vap": "24", "pvap": "   0,28", "e": "N", "st": "Suplente"}, {"seq": "61", "n": "10345", "vap": "22", "pvap": "   0,26", "e": "N", "st": "Suplente"}, {"seq": "38", "n": "10300", "vap": "65", "pvap": "   0,76", "e": "N", "st": "Suplente"}, {"seq": "44", "n": "10500", "vap": "52", "pvap": "   0,61", "e": "N", "st": "Suplente"}, {"seq": "52", "n": "10111", "vap": "40", "pvap": "   0,47", "e": "N", "st": "Suplente"}]}, {"dt": "15/11/2020", "ht": "20:19:27", "tf": "S", "and": "F", "tpabr": "ZONA", "cdabr": "5", "s": "29", "st": "29", "snt": "0", "si": "29", "sni": "0", "sa": "29", "sna": "0", "pst": " 100,00", "psnt": "   0,00", "psi": " 100,00", "psni": "   0,00", "psa": " 100,00", "psna": "   0,00", "e": "10918", "ea": "10918", "ena": "0", "esi": "10918", "esni": "0", "a": "1936", "c": "8982", "pea": " 100,00", "pena": "   0,00", "pesi": " 100,00", "pesni": "   0,00", "pa": "  17,73", "pc": "  82,27", "vnom": "8006", "vscv": "0", "vl": "523", "tv": "8982", "vvc": "8529", "vb": "178", "tvn": "275", "vn": "262", "vnt": "13", "vp": "0", "vv": "8529", "van": "0", "vansj": "0", "pvnom": "  93,87", "pvl": "   6,13", "pvvc": "  94,96", "pvb": "   1,98", "ptvn": "   3,06", "pvn": "  95,27", "pvnt": "   4,73", "pvp": "   0,00", "pvv": " 100,00", "pvan": "   0,00", "pvansj": "   0,00", "cand": [{"seq": "9", "n": "40777", "vap": "178", "pvap": "   2,09", "e": "S", "st": "Eleito"}, {"seq": "58", "n": "40111", "vap": "26", "pvap": "   0,30", "e": "N", "st": "Suplente"}, {"seq": "68", "n": "40321", "vap": "15", "pvap": "   0,18", "e": "N", "st": "Suplente"}, {"seq": "63", "n": "40377", "vap": "21", "pvap": "   0,25", "e": "N", "st": "Suplente"}, {"seq": "41", "n": "40655", "vap": "56", "pvap": "   0,66", "e": "N", "st": "Suplente"}, {"seq": "45", "n": "40789", "vap": "51", "pvap": "   0,60", "e": "N", "st": "Suplente"}, {"seq": "2", "n": "40456", "vap": "382", "pvap": "   4,48", "e": "S", "st": "Eleito"}, {"seq": "33", "n": "40500", "vap": "86", "pvap": "   1,01", "e": "N", "st": "Suplente"}, {"seq": "28", "n": "40123", "vap": "107", "pvap": "   1,25", "e": "N", "st": "Suplente"}, {"seq": "34", "n": "40000", "vap": "85", "pvap": "   1,00", "e": "N", "st": "Suplente"}, {"seq": "18", "n": "40333", "vap": "159", "pvap": "   1,86", "e": "N", "st": "Suplente"}, {"seq": "54", "n": "40222", "vap": "36", "pvap": "   0,42", "e": "N", "st": "Suplente"}, {"seq": "31", "n": "40157", "vap": "93", "pvap": "   1,09", "e": "N", "st": "Suplente"}, {"seq": "29", "n": "40444", "vap": "100", "pvap": "   1,17", "e": "N", "st": "Suplente"}, {"seq": "95", "n": "20200", "vap": "5", "pvap": "   0,06", "e": "N", "st": "N\u00e3o eleito"}, {"seq": "92", "n": "20777", "vap": "7", "pvap": "   0,08", "e": "N", "st": "N\u00e3o eleito"}, {"seq": "78", "n": "20000", "vap": "56", "pvap": "   0,66", "e": "N", "st": "N\u00e3o eleito"}, {"seq": "93", "n": "20222", "vap": "6", "pvap": "   0,07", "e": "N", "st": "N\u00e3o eleito"}, {"seq": "77", "n": "20800", "vap": "58", "pvap": "   0,68", "e": "N", "st": "N\u00e3o eleito"}, {"seq": "80", "n": "20100", "vap": "22", "pvap": "   0,26", "e": "N", "st": "N\u00e3o eleito"}, {"seq": "94", "n": "20888", "vap": "5", "pvap": "   0,06", "e": "N", "st": "N\u00e3o eleito"}, {"seq": "86", "n": "20123", "vap": "11", "pvap": "   0,13", "e": "N", "st": "N\u00e3o eleito"}, {"seq": "85", "n": "20333", "vap": "12", "pvap": "   0,14", "e": "N", "st": "N\u00e3o eleito"}, {"seq": "88", "n": "20600", "vap": "10", "pvap": "   0,12", "e": "N", "st": "N\u00e3o eleito"}, {"seq": "91", "n": "20111", "vap": "8", "pvap": "   0,09", "e": "N", "st": "N\u00e3o eleito"}, {"seq": "81", "n": "20500", "vap": "20", "pvap": "   0,23", "e": "N", "st": "N\u00e3o eleito"}, {"seq": "48", "n": "12567", "vap": "47", "pvap": "   0,55", "e": "N", "st": "Suplente"}, {"seq": "8", "n": "12345", "vap": "219", "pvap": "   2,57", "e": "S", "st": "Eleito"}, {"seq": "12", "n": "12300", "vap": "202", "pvap": "   2,37", "e": "N", "st": "Suplente"}, {"seq": "30", "n": "12111", "vap": "99", "pvap": "   1,16", "e": "N", "st": "Suplente"}, {"seq": "57", "n": "12600", "vap": "35", "pvap": "   0,41", "e": "N", "st": "Suplente"}, {"seq": "76", "n": "12320", "vap": "0", "pvap": "00.00", "e": "N", "st": "Suplente"}, {"seq": "47", "n": "12777", "vap": "48", "pvap": "   0,56", "e": "N", "st": "Suplente"}, {"seq": "20", "n": "12596", "vap": "156", "pvap": "   1,83", "e": "N", "st": "Suplente"}, {"seq": "46", "n": "12123", "vap": "50", "pvap": "   0,59", "e": "N", "st": "Suplente"}, {"seq": "42", "n": "12222", "vap": "56", "pvap": "   0,66", "e": "N", "st": "Suplente"}, {"seq": "69", "n": "12689", "vap": "13", "pvap": "   0,15", "e": "N", "st": "Suplente"}, {"seq": "5", "n": "12333", "vap": "258", "pvap": "   3,02", "e": "S", "st": "Eleito"}, {"seq": "22", "n": "12000", "vap": "144", "pvap": "   1,69", "e": "N", "st": "Suplente"}, {"seq": "43", "n": "25456", "vap": "53", "pvap": "   0,62", "e": "N", "st": "Suplente"}, {"seq": "21", "n": "25525", "vap": "153", "pvap": "   1,79", "e": "N", "st": "Suplente"}, {"seq": "26", "n": "25560", "vap": "128", "pvap": "   1,50", "e": "N", "st": "Suplente"}, {"seq": "65", "n": "25500", "vap": "18", "pvap": "   0,21", "e": "N", "st": "Suplente"}, {"seq": "56", "n": "25126", "vap": "35", "pvap": "   0,41", "e": "N", "st": "Suplente"}, {"seq": "32", "n": "25100", "vap": "90", "pvap": "   1,06", "e": "N", "st": "Suplente"}, {"seq": "59", "n": "25973", "vap": "26", "pvap": "   0,30", "e": "N", "st": "Suplente"}, {"seq": "25", "n": "25511", "vap": "140", "pvap": "   1,64", "e": "N", "st": "Suplente"}, {"seq": "67", "n": "25333", "vap": "15", "pvap": "   0,18", "e": "N", "st": "Suplente"}, {"seq": "64", "n": "25300", "vap": "18", "pvap": "   0,21", "e": "N", "st": "Suplente"}, {"seq": "36", "n": "25123", "vap": "77", "pvap": "   0,90", "e": "N", "st": "Suplente"}, {"seq": "13", "n": "25234", "vap": "199", "pvap": "   2,33", "e": "N", "st": "Suplente"}, {"seq": "7", "n": "25680", "vap": "230", "pvap": "   2,70", "e": "S", "st": "Eleito"}, {"seq": "24", "n": "10678", "vap": "140", "pvap": "   1,64", "e": "N", "st": "Suplente"}, {"seq": "44", "n": "10500", "vap": "52", "pvap": "   0,61", "e": "N", "st": "Suplente"}, {"seq": "61", "n": "10345", "vap": "22", "pvap": "   0,26", "e": "N", "st": "Suplente"}, {"seq": "1", "n": "10789", "vap": "409", "pvap": "   4,80", "e": "S", "st": "Eleito"}, {"seq": "3", "n": "10000", "vap": "316", "pvap": "   3,71", "e": "S", "st": "Eleito"}, {"seq": "38", "n": "10300", "vap": "65", "pvap": "   0,76", "e": "N", "st": "Suplente"}, {"seq": "52", "n": "10111", "vap": "40", "pvap": "   0,47", "e": "N", "st": "Suplente"}, {"seq": "17", "n": "10234", "vap": "159", "pvap": "   1,86", "e": "N", "st": "Suplente"}, {"seq": "62", "n": "10777", "vap": "22", "pvap": "   0,26", "e": "N", "st": "Suplente"}, {"seq": "50", "n": "10444", "vap": "45", "pvap": "   0,53", "e": "N", "st": "Suplente"}, {"seq": "60", "n": "10700", "vap": "24", "pvap": "   0,28", "e": "N", "st": "Suplente"}, {"seq": "10", "n": "10123", "vap": "275", "pvap": "   3,22", "e": "N", "st": "Suplente"}, {"seq": "40", "n": "14444", "vap": "59", "pvap": "   0,69", "e": "N", "st": "Suplente"}, {"seq": "49", "n": "14222", "vap": "47", "pvap": "   0,55", "e": "N", "st": "Suplente"}, {"seq": "6", "n": "14660", "vap": "238", "pvap": "   2,79", "e": "S", "st": "Eleito"}, {"seq": "70", "n": "14333", "vap": "12", "pvap": "   0,14", "e": "N", "st": "Suplente"}, {"seq": "37", "n": "14555", "vap": "72", "pvap": "   0,84", "e": "N", "st": "Suplente"}, {"seq": "55", "n": "14960", "vap": "35", "pvap": "   0,41", "e": "N", "st": "Suplente"}, {"seq": "66", "n": "14777", "vap": "17", "pvap": "   0,20", "e": "N", "st": "Suplente"}, {"seq": "19", "n": "14400", "vap": "157", "pvap": "   1,84", "e": "N", "st": "Suplente"}, {"seq": "14", "n": "14100", "vap": "186", "pvap": "   2,18", "e": "N", "st": "Suplente"}, {"seq": "71", "n": "14014", "vap": "10", "pvap": "   0,12", "e": "N", "st": "Suplente"}, {"seq": "27", "n": "14000", "vap": "108", "pvap": "   1,27", "e": "N", "st": "Suplente"}, {"seq": "23", "n": "14600", "vap": "143", "pvap": "   1,68", "e": "N", "st": "Suplente"}, {"seq": "53", "n": "14111", "vap": "39", "pvap": "   0,46", "e": "N", "st": "Suplente"}, {"seq": "51", "n": "14123", "vap": "43", "pvap": "   0,50", "e": "N", "st": "Suplente"}, {"seq": "75", "n": "23285", "vap": "4", "pvap": "   0,05", "e": "N", "st": "Suplente"}, {"seq": "35", "n": "23999", "vap": "85", "pvap": "   1,00", "e": "N", "st": "Suplente"}, {"seq": "39", "n": "23777", "vap": "63", "pvap": "   0,74", "e": "N", "st": "Suplente"}, {"seq": "15", "n": "23123", "vap": "167", "pvap": "   1,96", "e": "N", "st": "Suplente"}, {"seq": "74", "n": "23222", "vap": "6", "pvap": "   0,07", "e": "N", "st": "Suplente"}, {"seq": "73", "n": "23021", "vap": "7", "pvap": "   0,08", "e": "N", "st": "Suplente"}, {"seq": "4", "n": "23000", "vap": "265", "pvap": "   3,11", "e": "S", "st": "Eleito"}, {"seq": "11", "n": "23456", "vap": "260", "pvap": "   3,05", "e": "N", "st": "Suplente"}, {"seq": "72", "n": "23500", "vap": "10", "pvap": "   0,12", "e": "N", "st": "Suplente"}, {"seq": "16", "n": "23600", "vap": "164", "pvap": "   1,92", "e": "N", "st": "Suplente"}, {"seq": "82", "n": "11234", "vap": "18", "pvap": "   0,21", "e": "N", "st": "N\u00e3o eleito"}, {"seq": "79", "n": "11222", "vap": "32", "pvap": "   0,38", "e": "N", "st": "N\u00e3o eleito"}, {"seq": "83", "n": "11040", "vap": "18", "pvap": "   0,21", "e": "N", "st": "N\u00e3o eleito"}, {"seq": "84", "n": "11020", "vap": "15", "pvap": "   0,18", "e": "N", "st": "N\u00e3o eleito"}, {"seq": "96", "n": "11777", "vap": "2", "pvap": "   0,02", "e": "N", "st": "N\u00e3o eleito"}, {"seq": "89", "n": "11555", "vap": "10", "pvap": "   0,12", "e": "N", "st": "N\u00e3o eleito"}, {"seq": "90", "n": "11990", "vap": "10", "pvap": "   0,12", "e": "N", "st": "N\u00e3o eleito"}, {"seq": "87", "n": "11123", "vap": "11", "pvap": "   0,13", "e": "N", "st": "N\u00e3o eleito"}]}]}