{"ele": "426", "carper": "13", "t": "1", "f": "O", "esae": "N", "mnae": " ", "dg": "15/11/2020", "hg": "22:20:13", "dv": "S", "nadf": "go95117-c0013-e000426-002-f", "abr": [{"dt": "15/11/2020", "ht": "21:51:04", "tf": "S", "and": "F", "tpabr": "MU", "cdabr": "95117", "s": "61", "st": "61", "snt": "0", "si": "61", "sni": "0", "sa": "61", "sna": "0", "pst": " 100,00", "psnt": "   0,00", "psi": " 100,00", "psni": "   0,00", "psa": " 100,00", "psna": "   0,00", "e": "21033", "ea": "21033", "ena": "0", "esi": "21033", "esni": "0", "c": "16088", "a": "4945", "pea": " 100,00", "pena": "   0,00", "pesi": " 100,00", "pesni": "   0,00", "pa": "  23,51", "pc": "  76,49", "vscv": "0", "vnom": "14582", "vl": "792", "tv": "16088", "vvc": "15399", "vb": "229", "tvn": "460", "vn": "460", "vnt": "0", "vp": "0", "vv": "15374", "van": "0", "vansj": "25", "pvnom": "  94,85", "pvl": "   5,15", "pvvc": "  95,72", "pvb": "   1,42", "ptvn": "   2,86", "pvn": " 100,00", "pvnt": "   0,00", "pvp": "   0,00", "pvv": "  99,84", "pvan": "   0,00", "pvansj": "   0,16", "colig": [{"n": "90000071470", "tvtn": "379", "tvan": "379", "vag": "0", "tvtl": "7", "tval": "7"}, {"n": "90000163309", "tvtn": "498", "tvan": "523", "vag": "0", "tvtl": "10", "tval": "10"}, {"n": "90000112913", "tvtn": "1893", "tvan": "1893", "vag": "1", "tvtl": "28", "tval": "28"}, {"n": "90000111142", "tvtn": "908", "tvan": "908", "vag": "0", "tvtl": "61", "tval": "61"}, {"n": "90000060532", "tvtn": "3746", "tvan": "3746", "vag": "4", "tvtl": "444", "tval": "444"}, {"n": "90000059256", "tvtn": "2872", "tvan": "2872", "vag": "3", "tvtl": "42", "tval": "42"}, {"n": "90000063023", "tvtn": "1749", "tvan": "1749", "vag": "1", "tvtl": "28", "tval": "28"}, {"n": "90000071418", "tvtn": "325", "tvan": "325", "vag": "0", "tvtl": "12", "tval": "12"}, {"n": "90000107546", "tvtn": "2015", "tvan": "2015", "vag": "2", "tvtl": "138", "tval": "138"}, {"n": "90000134030", "tvtn": "133", "tvan": "133", "vag": "0", "tvtl": "17", "tval": "17"}, {"n": "90000071472", "tvtn": "64", "tvan": "64", "vag": "0", "tvtl": "5", "tval": "5"}], "part": [{"n": "70", "tvtn": "379", "tvan": "379", "tvtl": "7", "tval": "7"}, {"n": "23", "tvtn": "498", "tvan": "523", "tvtl": "10", "tval": "10"}, {"n": "25", "tvtn": "1893", "tvan": "1893", "tvtl": "28", "tval": "28"}, {"n": "17", "tvtn": "908", "tvan": "908", "tvtl": "61", "tval": "61"}, {"n": "45", "tvtn": "3746", "tvan": "3746", "tvtl": "444", "tval": "444"}, {"n": "40", "tvtn": "2872", "tvan": "2872", "tvtl": "42", "tval": "42"}, {"n": "36", "tvtn": "1749", "tvan": "1749", "tvtl": "28", "tval": "28"}, {"n": "19", "tvtn": "325", "tvan": "325", "tvtl": "12", "tval": "12"}, {"n": "10", "tvtn": "2015", "tvan": "2015", "tvtl": "138", "tval": "138"}, {"n": "51", "tvtn": "133", "tvan": "133", "tvtl": "17", "tval": "17"}, {"n": "77", "tvtn": "64", "tvan": "64", "tvtl": "5", "tval": "5"}], "cand": [{"seq": "94", "n": "70222", "vap": "64", "pvap": "   0,42", "e": "N", "st": "N\u00e3o eleito"}, {"seq": "113", "n": "70000", "vap": "25", "pvap": "   0,16", "e": "N", "st": "N\u00e3o eleito"}, {"seq": "121", "n": "70007", "vap": "17", "pvap": "   0,11", "e": "N", "st": "N\u00e3o eleito"}, {"seq": "89", "n": "70100", "vap": "98", "pvap": "   0,64", "e": "N", "st": "N\u00e3o eleito"}, {"seq": "109", "n": "70111", "vap": "34", "pvap": "   0,22", "e": "N", "st": "N\u00e3o eleito"}, {"seq": "115", "n": "70145", "vap": "19", "pvap": "   0,12", "e": "N", "st": "N\u00e3o eleito"}, {"seq": "120", "n": "70333", "vap": "17", "pvap": "   0,11", "e": "N", "st": "N\u00e3o eleito"}, {"seq": "130", "n": "70115", "vap": "13", "pvap": "   0,08", "e": "N", "st": "N\u00e3o eleito"}, {"seq": "142", "n": "70444", "vap": "7", "pvap": "   0,05", "e": "N", "st": "N\u00e3o eleito"}, {"seq": "124", "n": "70456", "vap": "15", "pvap": "   0,10", "e": "N", "st": "N\u00e3o eleito"}, {"seq": "103", "n": "70345", "vap": "39", "pvap": "   0,25", "e": "N", "st": "N\u00e3o eleito"}, {"seq": "126", "n": "70666", "vap": "14", "pvap": "   0,09", "e": "N", "st": "N\u00e3o eleito"}, {"seq": "122", "n": "70700", "vap": "17", "pvap": "   0,11", "e": "N", "st": "N\u00e3o eleito"}, {"seq": "145", "n": "70123", "vap": "0", "pvap": "00.00", "e": "N", "st": "N\u00e3o eleito"}, {"seq": "112", "n": "23000", "vap": "25", "pvap": "   0,16", "e": "N", "st": "N\u00e3o eleito"}, {"seq": "116", "n": "23115", "vap": "19", "pvap": "   0,12", "e": "N", "st": "N\u00e3o eleito"}, {"seq": "136", "n": "23028", "vap": "9", "pvap": "   0,06", "e": "N", "st": "N\u00e3o eleito"}, {"seq": "125", "n": "23251", "vap": "14", "pvap": "   0,09", "e": "N", "st": "N\u00e3o eleito"}, {"seq": "143", "n": "23327", "vap": "5", "pvap": "   0,03", "e": "N", "st": "N\u00e3o eleito"}, {"seq": "88", "n": "23100", "vap": "108", "pvap": "   0,70", "e": "N", "st": "N\u00e3o eleito"}, {"seq": "144", "n": "23456", "vap": "5", "pvap": "   0,03", "e": "N", "st": "N\u00e3o eleito"}, {"seq": "139", "n": "23321", "vap": "8", "pvap": "   0,05", "e": "N", "st": "N\u00e3o eleito"}, {"seq": "100", "n": "23235", "vap": "45", "pvap": "   0,29", "e": "N", "st": "N\u00e3o eleito"}, {"seq": "86", "n": "23123", "vap": "142", "pvap": "   0,92", "e": "N", "st": "N\u00e3o eleito"}, {"seq": "137", "n": "23300", "vap": "8", "pvap": "   0,05", "e": "N", "st": "N\u00e3o eleito"}, {"seq": "87", "n": "23333", "vap": "135", "pvap": "   0,88", "e": "N", "st": "N\u00e3o eleito"}, {"seq": "34", "n": "25000", "vap": "122", "pvap": "   0,79", "e": "N", "st": "Suplente"}, {"seq": "44", "n": "25125", "vap": "76", "pvap": "   0,49", "e": "N", "st": "Suplente"}, {"seq": "52", "n": "25190", "vap": "61", "pvap": "   0,40", "e": "N", "st": "Suplente"}, {"seq": "57", "n": "25222", "vap": "50", "pvap": "   0,32", "e": "N", "st": "Suplente"}, {"seq": "15", "n": "25777", "vap": "331", "pvap": "   2,15", "e": "N", "st": "Suplente"}, {"seq": "82", "n": "25655", "vap": "10", "pvap": "   0,06", "e": "N", "st": "Suplente"}, {"seq": "60", "n": "25333", "vap": "42", "pvap": "   0,27", "e": "N", "st": "Suplente"}, {"seq": "5", "n": "25123", "vap": "425", "pvap": "   2,76", "e": "S", "st": "Eleito"}, {"seq": "50", "n": "25100", "vap": "64", "pvap": "   0,42", "e": "N", "st": "Suplente"}, {"seq": "81", "n": "25193", "vap": "13", "pvap": "   0,08", "e": "N", "st": "Suplente"}, {"seq": "75", "n": "25555", "vap": "19", "pvap": "   0,12", "e": "N", "st": "Suplente"}, {"seq": "12", "n": "25025", "vap": "407", "pvap": "   2,64", "e": "N", "st": "Suplente"}, {"seq": "39", "n": "25789", "vap": "83", "pvap": "   0,54", "e": "N", "st": "Suplente"}, {"seq": "29", "n": "25111", "vap": "146", "pvap": "   0,95", "e": "N", "st": "Suplente"}, {"seq": "61", "n": "25999", "vap": "41", "pvap": "   0,27", "e": "N", "st": "Suplente"}, {"seq": "83", "n": "25525", "vap": "3", "pvap": "   0,02", "e": "N", "st": "Suplente"}, {"seq": "92", "n": "17017", "vap": "72", "pvap": "   0,47", "e": "N", "st": "N\u00e3o eleito"}, {"seq": "134", "n": "17888", "vap": "11", "pvap": "   0,07", "e": "N", "st": "N\u00e3o eleito"}, {"seq": "84", "n": "17777", "vap": "189", "pvap": "   1,23", "e": "N", "st": "N\u00e3o eleito"}, {"seq": "105", "n": "17333", "vap": "37", "pvap": "   0,24", "e": "N", "st": "N\u00e3o eleito"}, {"seq": "104", "n": "17999", "vap": "37", "pvap": "   0,24", "e": "N", "st": "N\u00e3o eleito"}, {"seq": "91", "n": "17123", "vap": "85", "pvap": "   0,55", "e": "N", "st": "N\u00e3o eleito"}, {"seq": "119", "n": "17700", "vap": "17", "pvap": "   0,11", "e": "N", "st": "N\u00e3o eleito"}, {"seq": "106", "n": "17222", "vap": "35", "pvap": "   0,23", "e": "N", "st": "N\u00e3o eleito"}, {"seq": "85", "n": "17000", "vap": "162", "pvap": "   1,05", "e": "N", "st": "N\u00e3o eleito"}, {"seq": "110", "n": "17444", "vap": "33", "pvap": "   0,21", "e": "N", "st": "N\u00e3o eleito"}, {"seq": "95", "n": "17789", "vap": "52", "pvap": "   0,34", "e": "N", "st": "N\u00e3o eleito"}, {"seq": "129", "n": "17770", "vap": "13", "pvap": "   0,08", "e": "N", "st": "N\u00e3o eleito"}, {"seq": "108", "n": "17456", "vap": "34", "pvap": "   0,22", "e": "N", "st": "N\u00e3o eleito"}, {"seq": "99", "n": "17001", "vap": "45", "pvap": "   0,29", "e": "N", "st": "N\u00e3o eleito"}, {"seq": "90", "n": "17555", "vap": "86", "pvap": "   0,56", "e": "N", "st": "N\u00e3o eleito"}, {"seq": "23", "n": "45445", "vap": "208", "pvap": "   1,35", "e": "N", "st": "Suplente"}, {"seq": "67", "n": "45100", "vap": "32", "pvap": "   0,21", "e": "N", "st": "Suplente"}, {"seq": "65", "n": "45222", "vap": "34", "pvap": "   0,22", "e": "N", "st": "Suplente"}, {"seq": "69", "n": "45555", "vap": "30", "pvap": "   0,19", "e": "N", "st": "Suplente"}, {"seq": "41", "n": "45333", "vap": "81", "pvap": "   0,53", "e": "N", "st": "Suplente"}, {"seq": "9", "n": "45456", "vap": "387", "pvap": "   2,51", "e": "S", "st": "Eleito"}, {"seq": "1", "n": "45678", "vap": "755", "pvap": "   4,90", "e": "S", "st": "Eleito"}, {"seq": "14", "n": "45622", "vap": "363", "pvap": "   2,36", "e": "N", "st": "Suplente"}, {"seq": "70", "n": "45122", "vap": "27", "pvap": "   0,18", "e": "N", "st": "Suplente"}, {"seq": "37", "n": "45192", "vap": "107", "pvap": "   0,69", "e": "N", "st": "Suplente"}, {"seq": "22", "n": "45111", "vap": "208", "pvap": "   1,35", "e": "N", "st": "Suplente"}, {"seq": "74", "n": "45142", "vap": "21", "pvap": "   0,14", "e": "N", "st": "Suplente"}, {"seq": "2", "n": "45045", "vap": "504", "pvap": "   3,27", "e": "S", "st": "Eleito"}, {"seq": "31", "n": "45789", "vap": "134", "pvap": "   0,87", "e": "N", "st": "Suplente"}, {"seq": "78", "n": "45150", "vap": "13", "pvap": "   0,08", "e": "N", "st": "Suplente"}, {"seq": "13", "n": "45212", "vap": "370", "pvap": "   2,40", "e": "N", "st": "Suplente"}, {"seq": "3", "n": "45123", "vap": "472", "pvap": "   3,07", "e": "S", "st": "Eleito"}, {"seq": "33", "n": "40555", "vap": "125", "pvap": "   0,81", "e": "N", "st": "Suplente"}, {"seq": "38", "n": "40147", "vap": "92", "pvap": "   0,60", "e": "N", "st": "Suplente"}, {"seq": "36", "n": "40444", "vap": "112", "pvap": "   0,73", "e": "N", "st": "Suplente"}, {"seq": "26", "n": "40100", "vap": "178", "pvap": "   1,16", "e": "N", "st": "Suplente"}, {"seq": "17", "n": "40999", "vap": "249", "pvap": "   1,62", "e": "N", "st": "Suplente"}, {"seq": "72", "n": "40200", "vap": "23", "pvap": "   0,15", "e": "N", "st": "Suplente"}, {"seq": "20", "n": "40000", "vap": "213", "pvap": "   1,38", "e": "N", "st": "Suplente"}, {"seq": "43", "n": "40111", "vap": "76", "pvap": "   0,49", "e": "N", "st": "Suplente"}, {"seq": "66", "n": "40222", "vap": "33", "pvap": "   0,21", "e": "N", "st": "Suplente"}, {"seq": "24", "n": "40777", "vap": "207", "pvap": "   1,34", "e": "N", "st": "Suplente"}, {"seq": "19", "n": "40852", "vap": "225", "pvap": "   1,46", "e": "N", "st": "Suplente"}, {"seq": "42", "n": "40888", "vap": "78", "pvap": "   0,51", "e": "N", "st": "Suplente"}, {"seq": "73", "n": "40400", "vap": "22", "pvap": "   0,14", "e": "N", "st": "Suplente"}, {"seq": "8", "n": "40123", "vap": "393", "pvap": "   2,55", "e": "S", "st": "Eleito"}, {"seq": "4", "n": "40789", "vap": "467", "pvap": "   3,03", "e": "S", "st": "Eleito"}, {"seq": "48", "n": "40333", "vap": "67", "pvap": "   0,44", "e": "N", "st": "Suplente"}, {"seq": "11", "n": "40456", "vap": "312", "pvap": "   2,03", "e": "S", "st": "Eleito"}, {"seq": "35", "n": "36190", "vap": "115", "pvap": "   0,75", "e": "N", "st": "Suplente"}, {"seq": "49", "n": "36369", "vap": "66", "pvap": "   0,43", "e": "N", "st": "Suplente"}, {"seq": "21", "n": "36111", "vap": "210", "pvap": "   1,36", "e": "N", "st": "Suplente"}, {"seq": "63", "n": "36333", "vap": "35", "pvap": "   0,23", "e": "N", "st": "Suplente"}, {"seq": "10", "n": "36789", "vap": "347", "pvap": "   2,25", "e": "S", "st": "Eleito"}, {"seq": "64", "n": "36555", "vap": "35", "pvap": "   0,23", "e": "N", "st": "Suplente"}, {"seq": "79", "n": "36144", "vap": "13", "pvap": "   0,08", "e": "N", "st": "Suplente"}, {"seq": "53", "n": "36000", "vap": "58", "pvap": "   0,38", "e": "N", "st": "Suplente"}, {"seq": "46", "n": "36222", "vap": "73", "pvap": "   0,47", "e": "N", "st": "Suplente"}, {"seq": "40", "n": "36456", "vap": "82", "pvap": "   0,53", "e": "N", "st": "Suplente"}, {"seq": "18", "n": "36036", "vap": "237", "pvap": "   1,54", "e": "N", "st": "Suplente"}, {"seq": "47", "n": "36224", "vap": "68", "pvap": "   0,44", "e": "N", "st": "Suplente"}, {"seq": "54", "n": "36223", "vap": "58", "pvap": "   0,38", "e": "N", "st": "Suplente"}, {"seq": "62", "n": "36345", "vap": "40", "pvap": "   0,26", "e": "N", "st": "Suplente"}, {"seq": "16", "n": "36123", "vap": "267", "pvap": "   1,73", "e": "N", "st": "Suplente"}, {"seq": "58", "n": "36999", "vap": "45", "pvap": "   0,29", "e": "N", "st": "Suplente"}, {"seq": "132", "n": "19111", "vap": "11", "pvap": "   0,07", "e": "N", "st": "N\u00e3o eleito"}, {"seq": "107", "n": "19123", "vap": "34", "pvap": "   0,22", "e": "N", "st": "N\u00e3o eleito"}, {"seq": "96", "n": "19045", "vap": "47", "pvap": "   0,31", "e": "N", "st": "N\u00e3o eleito"}, {"seq": "138", "n": "19145", "vap": "8", "pvap": "   0,05", "e": "N", "st": "N\u00e3o eleito"}, {"seq": "111", "n": "19888", "vap": "30", "pvap": "   0,19", "e": "N", "st": "N\u00e3o eleito"}, {"seq": "97", "n": "19555", "vap": "46", "pvap": "   0,30", "e": "N", "st": "N\u00e3o eleito"}, {"seq": "102", "n": "19222", "vap": "42", "pvap": "   0,27", "e": "N", "st": "N\u00e3o eleito"}, {"seq": "101", "n": "19999", "vap": "44", "pvap": "   0,29", "e": "N", "st": "N\u00e3o eleito"}, {"seq": "114", "n": "19019", "vap": "20", "pvap": "   0,13", "e": "N", "st": "N\u00e3o eleito"}, {"seq": "127", "n": "19456", "vap": "14", "pvap": "   0,09", "e": "N", "st": "N\u00e3o eleito"}, {"seq": "128", "n": "19013", "vap": "13", "pvap": "   0,08", "e": "N", "st": "N\u00e3o eleito"}, {"seq": "141", "n": "19333", "vap": "8", "pvap": "   0,05", "e": "N", "st": "N\u00e3o eleito"}, {"seq": "140", "n": "19001", "vap": "8", "pvap": "   0,05", "e": "N", "st": "N\u00e3o eleito"}, {"seq": "25", "n": "10111", "vap": "190", "pvap": "   1,23", "e": "N", "st": "Suplente"}, {"seq": "32", "n": "10987", "vap": "133", "pvap": "   0,86", "e": "N", "st": "Suplente"}, {"seq": "51", "n": "10999", "vap": "64", "pvap": "   0,42", "e": "N", "st": "Suplente"}, {"seq": "7", "n": "10123", "vap": "407", "pvap": "   2,64", "e": "S", "st": "Eleito"}, {"seq": "6", "n": "10456", "vap": "414", "pvap": "   2,69", "e": "S", "st": "Eleito"}, {"seq": "55", "n": "10100", "vap": "57", "pvap": "   0,37", "e": "N", "st": "Suplente"}, {"seq": "56", "n": "10222", "vap": "52", "pvap": "   0,34", "e": "N", "st": "Suplente"}, {"seq": "27", "n": "10234", "vap": "178", "pvap": "   1,16", "e": "N", "st": "Suplente"}, {"seq": "45", "n": "10500", "vap": "75", "pvap": "   0,49", "e": "N", "st": "Suplente"}, {"seq": "68", "n": "10110", "vap": "31", "pvap": "   0,20", "e": "N", "st": "Suplente"}, {"seq": "80", "n": "10000", "vap": "13", "pvap": "   0,08", "e": "N", "st": "Suplente"}, {"seq": "28", "n": "10678", "vap": "157", "pvap": "   1,02", "e": "N", "st": "Suplente"}, {"seq": "71", "n": "10333", "vap": "25", "pvap": "   0,16", "e": "N", "st": "Suplente"}, {"seq": "76", "n": "10789", "vap": "16", "pvap": "   0,10", "e": "N", "st": "Suplente"}, {"seq": "30", "n": "10121", "vap": "144", "pvap": "   0,94", "e": "N", "st": "Suplente"}, {"seq": "77", "n": "10555", "vap": "15", "pvap": "   0,10", "e": "N", "st": "Suplente"}, {"seq": "59", "n": "10101", "vap": "44", "pvap": "   0,29", "e": "N", "st": "Suplente"}, {"seq": "133", "n": "51200", "vap": "11", "pvap": "   0,07", "e": "N", "st": "N\u00e3o eleito"}, {"seq": "118", "n": "51111", "vap": "19", "pvap": "   0,12", "e": "N", "st": "N\u00e3o eleito"}, {"seq": "135", "n": "51055", "vap": "10", "pvap": "   0,06", "e": "N", "st": "N\u00e3o eleito"}, {"seq": "98", "n": "51617", "vap": "46", "pvap": "   0,30", "e": "N", "st": "N\u00e3o eleito"}, {"seq": "123", "n": "51180", "vap": "16", "pvap": "   0,10", "e": "N", "st": "N\u00e3o eleito"}, {"seq": "131", "n": "51007", "vap": "12", "pvap": "   0,08", "e": "N", "st": "N\u00e3o eleito"}, {"seq": "117", "n": "51060", "vap": "19", "pvap": "   0,12", "e": "N", "st": "N\u00e3o eleito"}, {"seq": "93", "n": "77000", "vap": "64", "pvap": "   0,42", "e": "N", "st": "N\u00e3o eleito"}]}, {"dt": "15/11/2020", "ht": "21:51:04", "tf": "S", "and": "F", "tpabr": "ZONA", "cdabr": "20", "s": "61", "st": "61", "snt": "0", "si": "61", "sni": "0", "sa": "61", "sna": "0", "pst": " 100,00", "psnt": "   0,00", "psi": " 100,00", "psni": "   0,00", "psa": " 100,00", "psna": "   0,00", "e": "21033", "ea": "21033", "ena": "0", "esi": "21033", "esni": "0", "a": "4945", "c": "16088", "pea": " 100,00", "pena": "   0,00", "pesi": " 100,00", "pesni": "   0,00", "pa": "  23,51", "pc": "  76,49", "vnom": "14582", "vscv": "0", "vl": "792", "tv": "16088", "vvc": "15399", "vb": "229", "tvn": "460", "vn": "460", "vnt": "0", "vp": "0", "vv": "15374", "van": "0", "vansj": "25", "pvnom": "  94,85", "pvl": "   5,15", "pvvc": "  95,72", "pvb": "   1,42", "ptvn": "   2,86", "pvn": " 100,00", "pvnt": "   0,00", "pvp": "   0,00", "pvv": "  99,84", "pvan": "   0,00", "pvansj": "   0,16", "cand": [{"seq": "80", "n": "10000", "vap": "13", "pvap": "   0,08", "e": "N", "st": "Suplente"}, {"seq": "59", "n": "10101", "vap": "44", "pvap": "   0,29", "e": "N", "st": "Suplente"}, {"seq": "45", "n": "10500", "vap": "75", "pvap": "   0,49", "e": "N", "st": "Suplente"}, {"seq": "27", "n": "10234", "vap": "178", "pvap": "   1,16", "e": "N", "st": "Suplente"}, {"seq": "71", "n": "10333", "vap": "25", "pvap": "   0,16", "e": "N", "st": "Suplente"}, {"seq": "77", "n": "10555", "vap": "15", "pvap": "   0,10", "e": "N", "st": "Suplente"}, {"seq": "25", "n": "10111", "vap": "190", "pvap": "   1,23", "e": "N", "st": "Suplente"}, {"seq": "7", "n": "10123", "vap": "407", "pvap": "   2,64", "e": "S", "st": "Eleito"}, {"seq": "55", "n": "10100", "vap": "57", "pvap": "   0,37", "e": "N", "st": "Suplente"}, {"seq": "68", "n": "10110", "vap": "31", "pvap": "   0,20", "e": "N", "st": "Suplente"}, {"seq": "6", "n": "10456", "vap": "414", "pvap": "   2,69", "e": "S", "st": "Eleito"}, {"seq": "30", "n": "10121", "vap": "144", "pvap": "   0,94", "e": "N", "st": "Suplente"}, {"seq": "56", "n": "10222", "vap": "52", "pvap": "   0,34", "e": "N", "st": "Suplente"}, {"seq": "28", "n": "10678", "vap": "157", "pvap": "   1,02", "e": "N", "st": "Suplente"}, {"seq": "76", "n": "10789", "vap": "16", "pvap": "   0,10", "e": "N", "st": "Suplente"}, {"seq": "51", "n": "10999", "vap": "64", "pvap": "   0,42", "e": "N", "st": "Suplente"}, {"seq": "32", "n": "10987", "vap": "133", "pvap": "   0,86", "e": "N", "st": "Suplente"}, {"seq": "141", "n": "19333", "vap": "8", "pvap": "   0,05", "e": "N", "st": "N\u00e3o eleito"}, {"seq": "127", "n": "19456", "vap": "14", "pvap": "   0,09", "e": "N", "st": "N\u00e3o eleito"}, {"seq": "132", "n": "19111", "vap": "11", "pvap": "   0,07", "e": "N", "st": "N\u00e3o eleito"}, {"seq": "97", "n": "19555", "vap": "46", "pvap": "   0,30", "e": "N", "st": "N\u00e3o eleito"}, {"seq": "111", "n": "19888", "vap": "30", "pvap": "   0,19", "e": "N", "st": "N\u00e3o eleito"}, {"seq": "128", "n": "19013", "vap": "13", "pvap": "   0,08", "e": "N", "st": "N\u00e3o eleito"}, {"seq": "107", "n": "19123", "vap": "34", "pvap": "   0,22", "e": "N", "st": "N\u00e3o eleito"}, {"seq": "101", "n": "19999", "vap": "44", "pvap": "   0,29", "e": "N", "st": "N\u00e3o eleito"}, {"seq": "114", "n": "19019", "vap": "20", "pvap": "   0,13", "e": "N", "st": "N\u00e3o eleito"}, {"seq": "96", "n": "19045", "vap": "47", "pvap": "   0,31", "e": "N", "st": "N\u00e3o eleito"}, {"seq": "138", "n": "19145", "vap": "8", "pvap": "   0,05", "e": "N", "st": "N\u00e3o eleito"}, {"seq": "102", "n": "19222", "vap": "42", "pvap": "   0,27", "e": "N", "st": "N\u00e3o eleito"}, {"seq": "140", "n": "19001", "vap": "8", "pvap": "   0,05", "e": "N", "st": "N\u00e3o eleito"}, {"seq": "48", "n": "40333", "vap": "67", "pvap": "   0,44", "e": "N", "st": "Suplente"}, {"seq": "11", "n": "40456", "vap": "312", "pvap": "   2,03", "e": "S", "st": "Eleito"}, {"seq": "33", "n": "40555", "vap": "125", "pvap": "   0,81", "e": "N", "st": "Suplente"}, {"seq": "20", "n": "40000", "vap": "213", "pvap": "   1,38", "e": "N", "st": "Suplente"}, {"seq": "66", "n": "40222", "vap": "33", "pvap": "   0,21", "e": "N", "st": "Suplente"}, {"seq": "73", "n": "40400", "vap": "22", "pvap": "   0,14", "e": "N", "st": "Suplente"}, {"seq": "19", "n": "40852", "vap": "225", "pvap": "   1,46", "e": "N", "st": "Suplente"}, {"seq": "36", "n": "40444", "vap": "112", "pvap": "   0,73", "e": "N", "st": "Suplente"}, {"seq": "24", "n": "40777", "vap": "207", "pvap": "   1,34", "e": "N", "st": "Suplente"}, {"seq": "42", "n": "40888", "vap": "78", "pvap": "   0,51", "e": "N", "st": "Suplente"}, {"seq": "43", "n": "40111", "vap": "76", "pvap": "   0,49", "e": "N", "st": "Suplente"}, {"seq": "17", "n": "40999", "vap": "249", "pvap": "   1,62", "e": "N", "st": "Suplente"}, {"seq": "26", "n": "40100", "vap": "178", "pvap": "   1,16", "e": "N", "st": "Suplente"}, {"seq": "8", "n": "40123", "vap": "393", "pvap": "   2,55", "e": "S", "st": "Eleito"}, {"seq": "38", "n": "40147", "vap": "92", "pvap": "   0,60", "e": "N", "st": "Suplente"}, {"seq": "72", "n": "40200", "vap": "23", "pvap": "   0,15", "e": "N", "st": "Suplente"}, {"seq": "4", "n": "40789", "vap": "467", "pvap": "   3,03", "e": "S", "st": "Eleito"}, {"seq": "58", "n": "36999", "vap": "45", "pvap": "   0,29", "e": "N", "st": "Suplente"}, {"seq": "79", "n": "36144", "vap": "13", "pvap": "   0,08", "e": "N", "st": "Suplente"}, {"seq": "40", "n": "36456", "vap": "82", "pvap": "   0,53", "e": "N", "st": "Suplente"}, {"seq": "64", "n": "36555", "vap": "35", "pvap": "   0,23", "e": "N", "st": "Suplente"}, {"seq": "10", "n": "36789", "vap": "347", "pvap": "   2,25", "e": "S", "st": "Eleito"}, {"seq": "62", "n": "36345", "vap": "40", "pvap": "   0,26", "e": "N", "st": "Suplente"}, {"seq": "53", "n": "36000", "vap": "58", "pvap": "   0,38", "e": "N", "st": "Suplente"}, {"seq": "47", "n": "36224", "vap": "68", "pvap": "   0,44", "e": "N", "st": "Suplente"}, {"seq": "63", "n": "36333", "vap": "35", "pvap": "   0,23", "e": "N", "st": "Suplente"}, {"seq": "18", "n": "36036", "vap": "237", "pvap": "   1,54", "e": "N", "st": "Suplente"}, {"seq": "16", "n": "36123", "vap": "267", "pvap": "   1,73", "e": "N", "st": "Suplente"}, {"seq": "35", "n": "36190", "vap": "115", "pvap": "   0,75", "e": "N", "st": "Suplente"}, {"seq": "46", "n": "36222", "vap": "73", "pvap": "   0,47", "e": "N", "st": "Suplente"}, {"seq": "49", "n": "36369", "vap": "66", "pvap": "   0,43", "e": "N", "st": "Suplente"}, {"seq": "21", "n": "36111", "vap": "210", "pvap": "   1,36", "e": "N", "st": "Suplente"}, {"seq": "54", "n": "36223", "vap": "58", "pvap": "   0,38", "e": "N", "st": "Suplente"}, {"seq": "121", "n": "70007", "vap": "17", "pvap": "   0,11", "e": "N", "st": "N\u00e3o eleito"}, {"seq": "109", "n": "70111", "vap": "34", "pvap": "   0,22", "e": "N", "st": "N\u00e3o eleito"}, {"seq": "94", "n": "70222", "vap": "64", "pvap": "   0,42", "e": "N", "st": "N\u00e3o eleito"}, {"seq": "122", "n": "70700", "vap": "17", "pvap": "   0,11", "e": "N", "st": "N\u00e3o eleito"}, {"seq": "145", "n": "70123", "vap": "0", "pvap": "00.00", "e": "N", "st": "N\u00e3o eleito"}, {"seq": "113", "n": "70000", "vap": "25", "pvap": "   0,16", "e": "N", "st": "N\u00e3o eleito"}, {"seq": "120", "n": "70333", "vap": "17", "pvap": "   0,11", "e": "N", "st": "N\u00e3o eleito"}, {"seq": "142", "n": "70444", "vap": "7", "pvap": "   0,05", "e": "N", "st": "N\u00e3o eleito"}, {"seq": "115", "n": "70145", "vap": "19", "pvap": "   0,12", "e": "N", "st": "N\u00e3o eleito"}, {"seq": "130", "n": "70115", "vap": "13", "pvap": "   0,08", "e": "N", "st": "N\u00e3o eleito"}, {"seq": "103", "n": "70345", "vap": "39", "pvap": "   0,25", "e": "N", "st": "N\u00e3o eleito"}, {"seq": "89", "n": "70100", "vap": "98", "pvap": "   0,64", "e": "N", "st": "N\u00e3o eleito"}, {"seq": "126", "n": "70666", "vap": "14", "pvap": "   0,09", "e": "N", "st": "N\u00e3o eleito"}, {"seq": "124", "n": "70456", "vap": "15", "pvap": "   0,10", "e": "N", "st": "N\u00e3o eleito"}, {"seq": "116", "n": "23115", "vap": "19", "pvap": "   0,12", "e": "N", "st": "N\u00e3o eleito"}, {"seq": "100", "n": "23235", "vap": "45", "pvap": "   0,29", "e": "N", "st": "N\u00e3o eleito"}, {"seq": "87", "n": "23333", "vap": "135", "pvap": "   0,88", "e": "N", "st": "N\u00e3o eleito"}, {"seq": "144", "n": "23456", "vap": "5", "pvap": "   0,03", "e": "N", "st": "N\u00e3o eleito"}, {"seq": "112", "n": "23000", "vap": "25", "pvap": "   0,16", "e": "N", "st": "N\u00e3o eleito"}, {"seq": "139", "n": "23321", "vap": "8", "pvap": "   0,05", "e": "N", "st": "N\u00e3o eleito"}, {"seq": "125", "n": "23251", "vap": "14", "pvap": "   0,09", "e": "N", "st": "N\u00e3o eleito"}, {"seq": "86", "n": "23123", "vap": "142", "pvap": "   0,92", "e": "N", "st": "N\u00e3o eleito"}, {"seq": "136", "n": "23028", "vap": "9", "pvap": "   0,06", "e": "N", "st": "N\u00e3o eleito"}, {"seq": "88", "n": "23100", "vap": "108", "pvap": "   0,70", "e": "N", "st": "N\u00e3o eleito"}, {"seq": "137", "n": "23300", "vap": "8", "pvap": "   0,05", "e": "N", "st": "N\u00e3o eleito"}, {"seq": "143", "n": "23327", "vap": "5", "pvap": "   0,03", "e": "N", "st": "N\u00e3o eleito"}, {"seq": "90", "n": "17555", "vap": "86", "pvap": "   0,56", "e": "N", "st": "N\u00e3o eleito"}, {"seq": "99", "n": "17001", "vap": "45", "pvap": "   0,29", "e": "N", "st": "N\u00e3o eleito"}, {"seq": "91", "n": "17123", "vap": "85", "pvap": "   0,55", "e": "N", "st": "N\u00e3o eleito"}, {"seq": "84", "n": "17777", "vap": "189", "pvap": "   1,23", "e": "N", "st": "N\u00e3o eleito"}, {"seq": "95", "n": "17789", "vap": "52", "pvap": "   0,34", "e": "N", "st": "N\u00e3o eleito"}, {"seq": "134", "n": "17888", "vap": "11", "pvap": "   0,07", "e": "N", "st": "N\u00e3o eleito"}, {"seq": "108", "n": "17456", "vap": "34", "pvap": "   0,22", "e": "N", "st": "N\u00e3o eleito"}, {"seq": "105", "n": "17333", "vap": "37", "pvap": "   0,24", "e": "N", "st": "N\u00e3o eleito"}, {"seq": "110", "n": "17444", "vap": "33", "pvap": "   0,21", "e": "N", "st": "N\u00e3o eleito"}, {"seq": "104", "n": "17999", "vap": "37", "pvap": "   0,24", "e": "N", "st": "N\u00e3o eleito"}, {"seq": "92", "n": "17017", "vap": "72", "pvap": "   0,47", "e": "N", "st": "N\u00e3o eleito"}, {"seq": "106", "n": "17222", "vap": "35", "pvap": "   0,23", "e": "N", "st": "N\u00e3o eleito"}, {"seq": "119", "n": "17700", "vap": "17", "pvap": "   0,11", "e": "N", "st": "N\u00e3o eleito"}, {"seq": "85", "n": "17000", "vap": "162", "pvap": "   1,05", "e": "N", "st": "N\u00e3o eleito"}, {"seq": "129", "n": "17770", "vap": "13", "pvap": "   0,08", "e": "N", "st": "N\u00e3o eleito"}, {"seq": "135", "n": "51055", "vap": "10", "pvap": "   0,06", "e": "N", "st": "N\u00e3o eleito"}, {"seq": "123", "n": "51180", "vap": "16", "pvap": "   0,10", "e": "N", "st": "N\u00e3o eleito"}, {"seq": "98", "n": "51617", "vap": "46", "pvap": "   0,30", "e": "N", "st": "N\u00e3o eleito"}, {"seq": "133", "n": "51200", "vap": "11", "pvap": "   0,07", "e": "N", "st": "N\u00e3o eleito"}, {"seq": "117", "n": "51060", "vap": "19", "pvap": "   0,12", "e": "N", "st": "N\u00e3o eleito"}, {"seq": "118", "n": "51111", "vap": "19", "pvap": "   0,12", "e": "N", "st": "N\u00e3o eleito"}, {"seq": "131", "n": "51007", "vap": "12", "pvap": "   0,08", "e": "N", "st": "N\u00e3o eleito"}, {"seq": "74", "n": "45142", "vap": "21", "pvap": "   0,14", "e": "N", "st": "Suplente"}, {"seq": "69", "n": "45555", "vap": "30", "pvap": "   0,19", "e": "N", "st": "Suplente"}, {"seq": "37", "n": "45192", "vap": "107", "pvap": "   0,69", "e": "N", "st": "Suplente"}, {"seq": "70", "n": "45122", "vap": "27", "pvap": "   0,18", "e": "N", "st": "Suplente"}, {"seq": "3", "n": "45123", "vap": "472", "pvap": "   3,07", "e": "S", "st": "Eleito"}, {"seq": "41", "n": "45333", "vap": "81", "pvap": "   0,53", "e": "N", "st": "Suplente"}, {"seq": "31", "n": "45789", "vap": "134", "pvap": "   0,87", "e": "N", "st": "Suplente"}, {"seq": "67", "n": "45100", "vap": "32", "pvap": "   0,21", "e": "N", "st": "Suplente"}, {"seq": "65", "n": "45222", "vap": "34", "pvap": "   0,22", "e": "N", "st": "Suplente"}, {"seq": "2", "n": "45045", "vap": "504", "pvap": "   3,27", "e": "S", "st": "Eleito"}, {"seq": "78", "n": "45150", "vap": "13", "pvap": "   0,08", "e": "N", "st": "Suplente"}, {"seq": "1", "n": "45678", "vap": "755", "pvap": "   4,90", "e": "S", "st": "Eleito"}, {"seq": "22", "n": "45111", "vap": "208", "pvap": "   1,35", "e": "N", "st": "Suplente"}, {"seq": "23", "n": "45445", "vap": "208", "pvap": "   1,35", "e": "N", "st": "Suplente"}, {"seq": "14", "n": "45622", "vap": "363", "pvap": "   2,36", "e": "N", "st": "Suplente"}, {"seq": "13", "n": "45212", "vap": "370", "pvap": "   2,40", "e": "N", "st": "Suplente"}, {"seq": "9", "n": "45456", "vap": "387", "pvap": "   2,51", "e": "S", "st": "Eleito"}, {"seq": "93", "n": "77000", "vap": "64", "pvap": "   0,42", "e": "N", "st": "N\u00e3o eleito"}, {"seq": "50", "n": "25100", "vap": "64", "pvap": "   0,42", "e": "N", "st": "Suplente"}, {"seq": "60", "n": "25333", "vap": "42", "pvap": "   0,27", "e": "N", "st": "Suplente"}, {"seq": "39", "n": "25789", "vap": "83", "pvap": "   0,54", "e": "N", "st": "Suplente"}, {"seq": "29", "n": "25111", "vap": "146", "pvap": "   0,95", "e": "N", "st": "Suplente"}, {"seq": "34", "n": "25000", "vap": "122", "pvap": "   0,79", "e": "N", "st": "Suplente"}, {"seq": "52", "n": "25190", "vap": "61", "pvap": "   0,40", "e": "N", "st": "Suplente"}, {"seq": "44", "n": "25125", "vap": "76", "pvap": "   0,49", "e": "N", "st": "Suplente"}, {"seq": "81", "n": "25193", "vap": "13", "pvap": "   0,08", "e": "N", "st": "Suplente"}, {"seq": "83", "n": "25525", "vap": "3", "pvap": "   0,02", "e": "N", "st": "Suplente"}, {"seq": "75", "n": "25555", "vap": "19", "pvap": "   0,12", "e": "N", "st": "Suplente"}, {"seq": "15", "n": "25777", "vap": "331", "pvap": "   2,15", "e": "N", "st": "Suplente"}, {"seq": "5", "n": "25123", "vap": "425", "pvap": "   2,76", "e": "S", "st": "Eleito"}, {"seq": "82", "n": "25655", "vap": "10", "pvap": "   0,06", "e": "N", "st": "Suplente"}, {"seq": "61", "n": "25999", "vap": "41", "pvap": "   0,27", "e": "N", "st": "Suplente"}, {"seq": "12", "n": "25025", "vap": "407", "pvap": "   2,64", "e": "N", "st": "Suplente"}, {"seq": "57", "n": "25222", "vap": "50", "pvap": "   0,32", "e": "N", "st": "Suplente"}]}]}