{"ele": "426", "carper": "13", "t": "1", "f": "O", "esae": "N", "mnae": " ", "dg": "15/11/2020", "hg": "22:20:05", "dv": "S", "nadf": "go93998-c0013-e000426-003-f", "abr": [{"dt": "15/11/2020", "ht": "21:05:16", "tf": "S", "and": "F", "tpabr": "MU", "cdabr": "93998", "s": "65", "st": "65", "snt": "0", "si": "65", "sni": "0", "sa": "65", "sna": "0", "pst": " 100,00", "psnt": "   0,00", "psi": " 100,00", "psni": "   0,00", "psa": " 100,00", "psna": "   0,00", "e": "24721", "ea": "24721", "ena": "0", "esi": "24721", "esni": "0", "c": "18907", "a": "5814", "pea": " 100,00", "pena": "   0,00", "pesi": " 100,00", "pesni": "   0,00", "pa": "  23,52", "pc": "  76,48", "vscv": "0", "vnom": "16838", "vl": "917", "tv": "18907", "vvc": "18151", "vb": "263", "tvn": "493", "vn": "493", "vnt": "0", "vp": "0", "vv": "17755", "van": "0", "vansj": "396", "pvnom": "  94,84", "pvl": "   5,16", "pvvc": "  96,00", "pvb": "   1,39", "ptvn": "   2,61", "pvn": " 100,00", "pvnt": "   0,00", "pvp": "   0,00", "pvv": "  97,82", "pvan": "   0,00", "pvansj": "   2,18", "colig": [{"n": "90000097713", "tvtn": "1540", "tvan": "1540", "vag": "1", "tvtl": "81", "tval": "81"}, {"n": "90000067514", "tvtn": "1869", "tvan": "1869", "vag": "1", "tvtl": "45", "tval": "45"}, {"n": "90000079386", "tvtn": "2065", "tvan": "2065", "vag": "2", "tvtl": "141", "tval": "141"}, {"n": "90000097478", "tvtn": "2212", "tvan": "2212", "vag": "2", "tvtl": "232", "tval": "232"}, {"n": "90000133266", "tvtn": "203", "tvan": "203", "vag": "0", "tvtl": "18", "tval": "18"}, {"n": "90000146491", "tvtn": "353", "tvan": "353", "vag": "0", "tvtl": "7", "tval": "7"}, {"n": "90000146296", "tvtn": "426", "tvan": "436", "vag": "0", "tvtl": "14", "tval": "14"}, {"n": "90000097384", "tvtn": "2073", "tvan": "2459", "vag": "2", "tvtl": "295", "tval": "295"}, {"n": "90000091688", "tvtn": "2181", "tvan": "2181", "vag": "2", "tvtl": "18", "tval": "18"}, {"n": "90000136089", "tvtn": "2798", "tvan": "2798", "vag": "2", "tvtl": "36", "tval": "36"}, {"n": "90000097702", "tvtn": "1118", "tvan": "1118", "vag": "1", "tvtl": "30", "tval": "30"}], "part": [{"n": "23", "tvtn": "1540", "tvan": "1540", "tvtl": "81", "tval": "81"}, {"n": "11", "tvtn": "1869", "tvan": "1869", "tvtl": "45", "tval": "45"}, {"n": "25", "tvtn": "2065", "tvan": "2065", "tvtl": "141", "tval": "141"}, {"n": "15", "tvtn": "2212", "tvan": "2212", "tvtl": "232", "tval": "232"}, {"n": "50", "tvtn": "203", "tvan": "203", "tvtl": "18", "tval": "18"}, {"n": "17", "tvtn": "353", "tvan": "353", "tvtl": "7", "tval": "7"}, {"n": "55", "tvtn": "426", "tvan": "436", "tvtl": "14", "tval": "14"}, {"n": "45", "tvtn": "2073", "tvan": "2459", "tvtl": "295", "tval": "295"}, {"n": "14", "tvtn": "2181", "tvan": "2181", "tvtl": "18", "tval": "18"}, {"n": "10", "tvtn": "2798", "tvan": "2798", "tvtl": "36", "tval": "36"}, {"n": "13", "tvtn": "1118", "tvan": "1118", "tvtl": "30", "tval": "30"}], "cand": [{"seq": "68", "n": "23123", "vap": "71", "pvap": "   0,39", "e": "N", "st": "Suplente"}, {"seq": "77", "n": "23523", "vap": "57", "pvap": "   0,31", "e": "N", "st": "Suplente"}, {"seq": "82", "n": "23147", "vap": "51", "pvap": "   0,28", "e": "N", "st": "Suplente"}, {"seq": "105", "n": "23456", "vap": "20", "pvap": "   0,11", "e": "N", "st": "Suplente"}, {"seq": "95", "n": "23789", "vap": "31", "pvap": "   0,17", "e": "N", "st": "Suplente"}, {"seq": "35", "n": "23674", "vap": "167", "pvap": "   0,92", "e": "N", "st": "Suplente"}, {"seq": "18", "n": "23000", "vap": "275", "pvap": "   1,52", "e": "N", "st": "Suplente"}, {"seq": "112", "n": "23222", "vap": "10", "pvap": "   0,06", "e": "N", "st": "Suplente"}, {"seq": "13", "n": "23555", "vap": "276", "pvap": "   1,52", "e": "S", "st": "Eleito"}, {"seq": "74", "n": "23023", "vap": "61", "pvap": "   0,34", "e": "N", "st": "Suplente"}, {"seq": "57", "n": "23333", "vap": "93", "pvap": "   0,51", "e": "N", "st": "Suplente"}, {"seq": "23", "n": "23111", "vap": "236", "pvap": "   1,30", "e": "N", "st": "Suplente"}, {"seq": "113", "n": "23458", "vap": "10", "pvap": "   0,06", "e": "N", "st": "Suplente"}, {"seq": "96", "n": "23444", "vap": "30", "pvap": "   0,17", "e": "N", "st": "Suplente"}, {"seq": "87", "n": "23777", "vap": "43", "pvap": "   0,24", "e": "N", "st": "Suplente"}, {"seq": "88", "n": "23345", "vap": "41", "pvap": "   0,23", "e": "N", "st": "Suplente"}, {"seq": "80", "n": "23999", "vap": "52", "pvap": "   0,29", "e": "N", "st": "Suplente"}, {"seq": "107", "n": "23666", "vap": "16", "pvap": "   0,09", "e": "N", "st": "Suplente"}, {"seq": "73", "n": "11112", "vap": "61", "pvap": "   0,34", "e": "N", "st": "Suplente"}, {"seq": "108", "n": "11333", "vap": "16", "pvap": "   0,09", "e": "N", "st": "Suplente"}, {"seq": "47", "n": "11123", "vap": "122", "pvap": "   0,67", "e": "N", "st": "Suplente"}, {"seq": "17", "n": "11222", "vap": "293", "pvap": "   1,61", "e": "N", "st": "Suplente"}, {"seq": "104", "n": "11456", "vap": "23", "pvap": "   0,13", "e": "N", "st": "Suplente"}, {"seq": "51", "n": "11234", "vap": "110", "pvap": "   0,61", "e": "N", "st": "Suplente"}, {"seq": "41", "n": "11555", "vap": "142", "pvap": "   0,78", "e": "N", "st": "Suplente"}, {"seq": "42", "n": "11666", "vap": "132", "pvap": "   0,73", "e": "N", "st": "Suplente"}, {"seq": "64", "n": "11888", "vap": "83", "pvap": "   0,46", "e": "N", "st": "Suplente"}, {"seq": "53", "n": "11444", "vap": "103", "pvap": "   0,57", "e": "N", "st": "Suplente"}, {"seq": "20", "n": "11111", "vap": "265", "pvap": "   1,46", "e": "N", "st": "Suplente"}, {"seq": "2", "n": "11777", "vap": "519", "pvap": "   2,86", "e": "S", "st": "Eleito"}, {"seq": "61", "n": "25111", "vap": "88", "pvap": "   0,48", "e": "N", "st": "Suplente"}, {"seq": "92", "n": "25555", "vap": "36", "pvap": "   0,20", "e": "N", "st": "Suplente"}, {"seq": "72", "n": "25000", "vap": "61", "pvap": "   0,34", "e": "N", "st": "Suplente"}, {"seq": "34", "n": "25025", "vap": "169", "pvap": "   0,93", "e": "N", "st": "Suplente"}, {"seq": "67", "n": "25777", "vap": "77", "pvap": "   0,42", "e": "N", "st": "Suplente"}, {"seq": "110", "n": "25100", "vap": "12", "pvap": "   0,07", "e": "N", "st": "Suplente"}, {"seq": "12", "n": "25500", "vap": "296", "pvap": "   1,63", "e": "S", "st": "Eleito"}, {"seq": "90", "n": "25674", "vap": "39", "pvap": "   0,21", "e": "N", "st": "Suplente"}, {"seq": "94", "n": "25007", "vap": "31", "pvap": "   0,17", "e": "N", "st": "Suplente"}, {"seq": "11", "n": "25678", "vap": "298", "pvap": "   1,64", "e": "S", "st": "Eleito"}, {"seq": "52", "n": "25200", "vap": "104", "pvap": "   0,57", "e": "N", "st": "Suplente"}, {"seq": "21", "n": "25611", "vap": "253", "pvap": "   1,39", "e": "N", "st": "Suplente"}, {"seq": "79", "n": "25023", "vap": "55", "pvap": "   0,30", "e": "N", "st": "Suplente"}, {"seq": "101", "n": "25225", "vap": "24", "pvap": "   0,13", "e": "N", "st": "Suplente"}, {"seq": "81", "n": "25345", "vap": "52", "pvap": "   0,29", "e": "N", "st": "Suplente"}, {"seq": "32", "n": "25190", "vap": "179", "pvap": "   0,99", "e": "N", "st": "Suplente"}, {"seq": "86", "n": "25123", "vap": "46", "pvap": "   0,25", "e": "N", "st": "Suplente"}, {"seq": "39", "n": "25333", "vap": "144", "pvap": "   0,79", "e": "N", "st": "Suplente"}, {"seq": "55", "n": "25125", "vap": "101", "pvap": "   0,56", "e": "N", "st": "Suplente"}, {"seq": "111", "n": "15300", "vap": "11", "pvap": "   0,06", "e": "N", "st": "Suplente"}, {"seq": "49", "n": "15015", "vap": "117", "pvap": "   0,64", "e": "N", "st": "Suplente"}, {"seq": "44", "n": "15555", "vap": "130", "pvap": "   0,72", "e": "N", "st": "Suplente"}, {"seq": "69", "n": "15200", "vap": "65", "pvap": "   0,36", "e": "N", "st": "Suplente"}, {"seq": "60", "n": "15567", "vap": "89", "pvap": "   0,49", "e": "N", "st": "Suplente"}, {"seq": "98", "n": "15305", "vap": "29", "pvap": "   0,16", "e": "N", "st": "Suplente"}, {"seq": "109", "n": "15500", "vap": "13", "pvap": "   0,07", "e": "N", "st": "Suplente"}, {"seq": "106", "n": "15615", "vap": "19", "pvap": "   0,10", "e": "N", "st": "Suplente"}, {"seq": "24", "n": "15190", "vap": "221", "pvap": "   1,22", "e": "N", "st": "Suplente"}, {"seq": "97", "n": "15151", "vap": "29", "pvap": "   0,16", "e": "N", "st": "Suplente"}, {"seq": "31", "n": "15100", "vap": "181", "pvap": "   1,00", "e": "N", "st": "Suplente"}, {"seq": "63", "n": "15999", "vap": "85", "pvap": "   0,47", "e": "N", "st": "Suplente"}, {"seq": "6", "n": "15614", "vap": "425", "pvap": "   2,34", "e": "S", "st": "Eleito"}, {"seq": "37", "n": "15888", "vap": "157", "pvap": "   0,86", "e": "N", "st": "Suplente"}, {"seq": "50", "n": "15000", "vap": "114", "pvap": "   0,63", "e": "N", "st": "Suplente"}, {"seq": "84", "n": "15025", "vap": "48", "pvap": "   0,26", "e": "N", "st": "Suplente"}, {"seq": "54", "n": "15121", "vap": "102", "pvap": "   0,56", "e": "N", "st": "Suplente"}, {"seq": "10", "n": "15123", "vap": "336", "pvap": "   1,85", "e": "S", "st": "Eleito"}, {"seq": "89", "n": "15111", "vap": "41", "pvap": "   0,23", "e": "N", "st": "Suplente"}, {"seq": "141", "n": "50101", "vap": "8", "pvap": "   0,04", "e": "N", "st": "N\u00e3o eleito"}, {"seq": "122", "n": "50200", "vap": "46", "pvap": "   0,25", "e": "N", "st": "N\u00e3o eleito"}, {"seq": "138", "n": "50000", "vap": "9", "pvap": "   0,05", "e": "N", "st": "N\u00e3o eleito"}, {"seq": "142", "n": "50160", "vap": "3", "pvap": "   0,02", "e": "N", "st": "N\u00e3o eleito"}, {"seq": "140", "n": "50100", "vap": "8", "pvap": "   0,04", "e": "N", "st": "N\u00e3o eleito"}, {"seq": "124", "n": "50123", "vap": "38", "pvap": "   0,21", "e": "N", "st": "N\u00e3o eleito"}, {"seq": "135", "n": "50105", "vap": "12", "pvap": "   0,07", "e": "N", "st": "N\u00e3o eleito"}, {"seq": "123", "n": "50120", "vap": "43", "pvap": "   0,24", "e": "N", "st": "N\u00e3o eleito"}, {"seq": "133", "n": "50777", "vap": "16", "pvap": "   0,09", "e": "N", "st": "N\u00e3o eleito"}, {"seq": "130", "n": "50107", "vap": "20", "pvap": "   0,11", "e": "N", "st": "N\u00e3o eleito"}, {"seq": "120", "n": "17000", "vap": "58", "pvap": "   0,32", "e": "N", "st": "N\u00e3o eleito"}, {"seq": "126", "n": "17444", "vap": "33", "pvap": "   0,18", "e": "N", "st": "N\u00e3o eleito"}, {"seq": "139", "n": "17123", "vap": "9", "pvap": "   0,05", "e": "N", "st": "N\u00e3o eleito"}, {"seq": "118", "n": "17017", "vap": "108", "pvap": "   0,60", "e": "N", "st": "N\u00e3o eleito"}, {"seq": "128", "n": "17450", "vap": "29", "pvap": "   0,16", "e": "N", "st": "N\u00e3o eleito"}, {"seq": "131", "n": "17777", "vap": "19", "pvap": "   0,10", "e": "N", "st": "N\u00e3o eleito"}, {"seq": "143", "n": "17888", "vap": "3", "pvap": "   0,02", "e": "N", "st": "N\u00e3o eleito"}, {"seq": "127", "n": "17111", "vap": "32", "pvap": "   0,18", "e": "N", "st": "N\u00e3o eleito"}, {"seq": "134", "n": "17222", "vap": "13", "pvap": "   0,07", "e": "N", "st": "N\u00e3o eleito"}, {"seq": "121", "n": "17555", "vap": "49", "pvap": "   0,27", "e": "N", "st": "N\u00e3o eleito"}, {"seq": "119", "n": "55001", "vap": "102", "pvap": "   0,56", "e": "N", "st": "N\u00e3o eleito"}, {"seq": "137", "n": "55333", "vap": "10", "pvap": "   0,06", "e": "N", "st": "N\u00e3o eleito"}, {"seq": "132", "n": "55111", "vap": "17", "pvap": "   0,09", "e": "N", "st": "N\u00e3o eleito"}, {"seq": "129", "n": "55556", "vap": "26", "pvap": "   0,14", "e": "N", "st": "N\u00e3o eleito"}, {"seq": "144", "n": "55222", "vap": "3", "pvap": "   0,02", "e": "N", "st": "N\u00e3o eleito"}, {"seq": "117", "n": "55555", "vap": "234", "pvap": "   1,29", "e": "N", "st": "N\u00e3o eleito"}, {"seq": "125", "n": "55123", "vap": "33", "pvap": "   0,18", "e": "N", "st": "N\u00e3o eleito"}, {"seq": "136", "n": "55432", "vap": "11", "pvap": "   0,06", "e": "N", "st": "N\u00e3o eleito"}, {"seq": "116", "n": "45000", "vap": "386", "pvap": "   2,13", "e": "N", "st": "N\u00e3o eleito"}, {"seq": "62", "n": "45678", "vap": "86", "pvap": "   0,47", "e": "N", "st": "Suplente"}, {"seq": "102", "n": "45111", "vap": "24", "pvap": "   0,13", "e": "N", "st": "Suplente"}, {"seq": "3", "n": "45555", "vap": "476", "pvap": "   2,62", "e": "S", "st": "Eleito"}, {"seq": "103", "n": "45100", "vap": "24", "pvap": "   0,13", "e": "N", "st": "Suplente"}, {"seq": "1", "n": "45123", "vap": "609", "pvap": "   3,36", "e": "S", "st": "Eleito"}, {"seq": "36", "n": "45222", "vap": "164", "pvap": "   0,90", "e": "N", "st": "Suplente"}, {"seq": "93", "n": "45113", "vap": "31", "pvap": "   0,17", "e": "N", "st": "Suplente"}, {"seq": "19", "n": "45190", "vap": "270", "pvap": "   1,49", "e": "N", "st": "Suplente"}, {"seq": "14", "n": "45777", "vap": "389", "pvap": "   2,14", "e": "N", "st": "Suplente"}, {"seq": "56", "n": "14999", "vap": "96", "pvap": "   0,53", "e": "N", "st": "Suplente"}, {"seq": "115", "n": "14114", "vap": "6", "pvap": "   0,03", "e": "N", "st": "Suplente"}, {"seq": "29", "n": "14555", "vap": "195", "pvap": "   1,07", "e": "N", "st": "Suplente"}, {"seq": "15", "n": "14444", "vap": "340", "pvap": "   1,87", "e": "N", "st": "Suplente"}, {"seq": "30", "n": "14111", "vap": "187", "pvap": "   1,03", "e": "N", "st": "Suplente"}, {"seq": "99", "n": "14888", "vap": "27", "pvap": "   0,15", "e": "N", "st": "Suplente"}, {"seq": "40", "n": "14123", "vap": "143", "pvap": "   0,79", "e": "N", "st": "Suplente"}, {"seq": "4", "n": "14000", "vap": "469", "pvap": "   2,58", "e": "S", "st": "Eleito"}, {"seq": "16", "n": "14777", "vap": "305", "pvap": "   1,68", "e": "N", "st": "Suplente"}, {"seq": "7", "n": "14333", "vap": "413", "pvap": "   2,28", "e": "S", "st": "Eleito"}, {"seq": "25", "n": "10111", "vap": "216", "pvap": "   1,19", "e": "N", "st": "Suplente"}, {"seq": "9", "n": "10190", "vap": "350", "pvap": "   1,93", "e": "S", "st": "Eleito"}, {"seq": "22", "n": "10101", "vap": "249", "pvap": "   1,37", "e": "N", "st": "Suplente"}, {"seq": "27", "n": "10100", "vap": "202", "pvap": "   1,11", "e": "N", "st": "Suplente"}, {"seq": "85", "n": "10051", "vap": "47", "pvap": "   0,26", "e": "N", "st": "Suplente"}, {"seq": "83", "n": "10999", "vap": "51", "pvap": "   0,28", "e": "N", "st": "Suplente"}, {"seq": "48", "n": "10444", "vap": "121", "pvap": "   0,67", "e": "N", "st": "Suplente"}, {"seq": "28", "n": "10700", "vap": "201", "pvap": "   1,11", "e": "N", "st": "Suplente"}, {"seq": "70", "n": "10300", "vap": "65", "pvap": "   0,36", "e": "N", "st": "Suplente"}, {"seq": "45", "n": "10777", "vap": "126", "pvap": "   0,69", "e": "N", "st": "Suplente"}, {"seq": "76", "n": "10123", "vap": "58", "pvap": "   0,32", "e": "N", "st": "Suplente"}, {"seq": "78", "n": "10333", "vap": "57", "pvap": "   0,31", "e": "N", "st": "Suplente"}, {"seq": "26", "n": "10000", "vap": "210", "pvap": "   1,16", "e": "N", "st": "Suplente"}, {"seq": "5", "n": "10222", "vap": "439", "pvap": "   2,42", "e": "S", "st": "Eleito"}, {"seq": "59", "n": "10555", "vap": "90", "pvap": "   0,50", "e": "N", "st": "Suplente"}, {"seq": "65", "n": "10674", "vap": "78", "pvap": "   0,43", "e": "N", "st": "Suplente"}, {"seq": "75", "n": "10200", "vap": "60", "pvap": "   0,33", "e": "N", "st": "Suplente"}, {"seq": "33", "n": "10500", "vap": "178", "pvap": "   0,98", "e": "N", "st": "Suplente"}, {"seq": "43", "n": "13188", "vap": "131", "pvap": "   0,72", "e": "N", "st": "Suplente"}, {"seq": "114", "n": "13333", "vap": "6", "pvap": "   0,03", "e": "N", "st": "Suplente"}, {"seq": "58", "n": "13200", "vap": "92", "pvap": "   0,51", "e": "N", "st": "Suplente"}, {"seq": "8", "n": "13700", "vap": "405", "pvap": "   2,23", "e": "S", "st": "Eleito"}, {"seq": "46", "n": "13500", "vap": "125", "pvap": "   0,69", "e": "N", "st": "Suplente"}, {"seq": "38", "n": "13100", "vap": "156", "pvap": "   0,86", "e": "N", "st": "Suplente"}, {"seq": "100", "n": "13674", "vap": "25", "pvap": "   0,14", "e": "N", "st": "Suplente"}, {"seq": "71", "n": "13123", "vap": "62", "pvap": "   0,34", "e": "N", "st": "Suplente"}, {"seq": "66", "n": "13013", "vap": "77", "pvap": "   0,42", "e": "N", "st": "Suplente"}, {"seq": "91", "n": "13000", "vap": "39", "pvap": "   0,21", "e": "N", "st": "Suplente"}]}, {"dt": "15/11/2020", "ht": "21:05:16", "tf": "S", "and": "F", "tpabr": "ZONA", "cdabr": "53", "s": "65", "st": "65", "snt": "0", "si": "65", "sni": "0", "sa": "65", "sna": "0", "pst": " 100,00", "psnt": "   0,00", "psi": " 100,00", "psni": "   0,00", "psa": " 100,00", "psna": "   0,00", "e": "24721", "ea": "24721", "ena": "0", "esi": "24721", "esni": "0", "a": "5814", "c": "18907", "pea": " 100,00", "pena": "   0,00", "pesi": " 100,00", "pesni": "   0,00", "pa": "  23,52", "pc": "  76,48", "vnom": "16838", "vscv": "0", "vl": "917", "tv": "18907", "vvc": "18151", "vb": "263", "tvn": "493", "vn": "493", "vnt": "0", "vp": "0", "vv": "17755", "van": "0", "vansj": "396", "pvnom": "  94,84", "pvl": "   5,16", "pvvc": "  96,00", "pvb": "   1,39", "ptvn": "   2,61", "pvn": " 100,00", "pvnt": "   0,00", "pvp": "   0,00", "pvv": "  97,82", "pvan": "   0,00", "pvansj": "   2,18", "cand": [{"seq": "2", "n": "11777", "vap": "519", "pvap": "   2,86", "e": "S", "st": "Eleito"}, {"seq": "17", "n": "11222", "vap": "293", "pvap": "   1,61", "e": "N", "st": "Suplente"}, {"seq": "20", "n": "11111", "vap": "265", "pvap": "   1,46", "e": "N", "st": "Suplente"}, {"seq": "41", "n": "11555", "vap": "142", "pvap": "   0,78", "e": "N", "st": "Suplente"}, {"seq": "42", "n": "11666", "vap": "132", "pvap": "   0,73", "e": "N", "st": "Suplente"}, {"seq": "47", "n": "11123", "vap": "122", "pvap": "   0,67", "e": "N", "st": "Suplente"}, {"seq": "51", "n": "11234", "vap": "110", "pvap": "   0,61", "e": "N", "st": "Suplente"}, {"seq": "53", "n": "11444", "vap": "103", "pvap": "   0,57", "e": "N", "st": "Suplente"}, {"seq": "64", "n": "11888", "vap": "83", "pvap": "   0,46", "e": "N", "st": "Suplente"}, {"seq": "73", "n": "11112", "vap": "61", "pvap": "   0,34", "e": "N", "st": "Suplente"}, {"seq": "104", "n": "11456", "vap": "23", "pvap": "   0,13", "e": "N", "st": "Suplente"}, {"seq": "108", "n": "11333", "vap": "16", "pvap": "   0,09", "e": "N", "st": "Suplente"}, {"seq": "8", "n": "13700", "vap": "405", "pvap": "   2,23", "e": "S", "st": "Eleito"}, {"seq": "38", "n": "13100", "vap": "156", "pvap": "   0,86", "e": "N", "st": "Suplente"}, {"seq": "43", "n": "13188", "vap": "131", "pvap": "   0,72", "e": "N", "st": "Suplente"}, {"seq": "46", "n": "13500", "vap": "125", "pvap": "   0,69", "e": "N", "st": "Suplente"}, {"seq": "58", "n": "13200", "vap": "92", "pvap": "   0,51", "e": "N", "st": "Suplente"}, {"seq": "66", "n": "13013", "vap": "77", "pvap": "   0,42", "e": "N", "st": "Suplente"}, {"seq": "71", "n": "13123", "vap": "62", "pvap": "   0,34", "e": "N", "st": "Suplente"}, {"seq": "91", "n": "13000", "vap": "39", "pvap": "   0,21", "e": "N", "st": "Suplente"}, {"seq": "100", "n": "13674", "vap": "25", "pvap": "   0,14", "e": "N", "st": "Suplente"}, {"seq": "114", "n": "13333", "vap": "6", "pvap": "   0,03", "e": "N", "st": "Suplente"}, {"seq": "118", "n": "17017", "vap": "108", "pvap": "   0,60", "e": "N", "st": "N\u00e3o eleito"}, {"seq": "120", "n": "17000", "vap": "58", "pvap": "   0,32", "e": "N", "st": "N\u00e3o eleito"}, {"seq": "121", "n": "17555", "vap": "49", "pvap": "   0,27", "e": "N", "st": "N\u00e3o eleito"}, {"seq": "126", "n": "17444", "vap": "33", "pvap": "   0,18", "e": "N", "st": "N\u00e3o eleito"}, {"seq": "127", "n": "17111", "vap": "32", "pvap": "   0,18", "e": "N", "st": "N\u00e3o eleito"}, {"seq": "128", "n": "17450", "vap": "29", "pvap": "   0,16", "e": "N", "st": "N\u00e3o eleito"}, {"seq": "131", "n": "17777", "vap": "19", "pvap": "   0,10", "e": "N", "st": "N\u00e3o eleito"}, {"seq": "134", "n": "17222", "vap": "13", "pvap": "   0,07", "e": "N", "st": "N\u00e3o eleito"}, {"seq": "139", "n": "17123", "vap": "9", "pvap": "   0,05", "e": "N", "st": "N\u00e3o eleito"}, {"seq": "143", "n": "17888", "vap": "3", "pvap": "   0,02", "e": "N", "st": "N\u00e3o eleito"}, {"seq": "11", "n": "25678", "vap": "298", "pvap": "   1,64", "e": "S", "st": "Eleito"}, {"seq": "12", "n": "25500", "vap": "296", "pvap": "   1,63", "e": "S", "st": "Eleito"}, {"seq": "21", "n": "25611", "vap": "253", "pvap": "   1,39", "e": "N", "st": "Suplente"}, {"seq": "32", "n": "25190", "vap": "179", "pvap": "   0,99", "e": "N", "st": "Suplente"}, {"seq": "34", "n": "25025", "vap": "169", "pvap": "   0,93", "e": "N", "st": "Suplente"}, {"seq": "39", "n": "25333", "vap": "144", "pvap": "   0,79", "e": "N", "st": "Suplente"}, {"seq": "52", "n": "25200", "vap": "104", "pvap": "   0,57", "e": "N", "st": "Suplente"}, {"seq": "55", "n": "25125", "vap": "101", "pvap": "   0,56", "e": "N", "st": "Suplente"}, {"seq": "61", "n": "25111", "vap": "88", "pvap": "   0,48", "e": "N", "st": "Suplente"}, {"seq": "67", "n": "25777", "vap": "77", "pvap": "   0,42", "e": "N", "st": "Suplente"}, {"seq": "72", "n": "25000", "vap": "61", "pvap": "   0,34", "e": "N", "st": "Suplente"}, {"seq": "79", "n": "25023", "vap": "55", "pvap": "   0,30", "e": "N", "st": "Suplente"}, {"seq": "81", "n": "25345", "vap": "52", "pvap": "   0,29", "e": "N", "st": "Suplente"}, {"seq": "86", "n": "25123", "vap": "46", "pvap": "   0,25", "e": "N", "st": "Suplente"}, {"seq": "90", "n": "25674", "vap": "39", "pvap": "   0,21", "e": "N", "st": "Suplente"}, {"seq": "92", "n": "25555", "vap": "36", "pvap": "   0,20", "e": "N", "st": "Suplente"}, {"seq": "94", "n": "25007", "vap": "31", "pvap": "   0,17", "e": "N", "st": "Suplente"}, {"seq": "101", "n": "25225", "vap": "24", "pvap": "   0,13", "e": "N", "st": "Suplente"}, {"seq": "110", "n": "25100", "vap": "12", "pvap": "   0,07", "e": "N", "st": "Suplente"}, {"seq": "117", "n": "55555", "vap": "234", "pvap": "   1,29", "e": "N", "st": "N\u00e3o eleito"}, {"seq": "119", "n": "55001", "vap": "102", "pvap": "   0,56", "e": "N", "st": "N\u00e3o eleito"}, {"seq": "125", "n": "55123", "vap": "33", "pvap": "   0,18", "e": "N", "st": "N\u00e3o eleito"}, {"seq": "129", "n": "55556", "vap": "26", "pvap": "   0,14", "e": "N", "st": "N\u00e3o eleito"}, {"seq": "132", "n": "55111", "vap": "17", "pvap": "   0,09", "e": "N", "st": "N\u00e3o eleito"}, {"seq": "136", "n": "55432", "vap": "11", "pvap": "   0,06", "e": "N", "st": "N\u00e3o eleito"}, {"seq": "137", "n": "55333", "vap": "10", "pvap": "   0,06", "e": "N", "st": "N\u00e3o eleito"}, {"seq": "144", "n": "55222", "vap": "3", "pvap": "   0,02", "e": "N", "st": "N\u00e3o eleito"}, {"seq": "1", "n": "45123", "vap": "609", "pvap": "   3,36", "e": "S", "st": "Eleito"}, {"seq": "3", "n": "45555", "vap": "476", "pvap": "   2,62", "e": "S", "st": "Eleito"}, {"seq": "14", "n": "45777", "vap": "389", "pvap": "   2,14", "e": "N", "st": "Suplente"}, {"seq": "19", "n": "45190", "vap": "270", "pvap": "   1,49", "e": "N", "st": "Suplente"}, {"seq": "36", "n": "45222", "vap": "164", "pvap": "   0,90", "e": "N", "st": "Suplente"}, {"seq": "62", "n": "45678", "vap": "86", "pvap": "   0,47", "e": "N", "st": "Suplente"}, {"seq": "93", "n": "45113", "vap": "31", "pvap": "   0,17", "e": "N", "st": "Suplente"}, {"seq": "102", "n": "45111", "vap": "24", "pvap": "   0,13", "e": "N", "st": "Suplente"}, {"seq": "103", "n": "45100", "vap": "24", "pvap": "   0,13", "e": "N", "st": "Suplente"}, {"seq": "116", "n": "45000", "vap": "386", "pvap": "   2,13", "e": "N", "st": "N\u00e3o eleito"}, {"seq": "13", "n": "23555", "vap": "276", "pvap": "   1,52", "e": "S", "st": "Eleito"}, {"seq": "18", "n": "23000", "vap": "275", "pvap": "   1,52", "e": "N", "st": "Suplente"}, {"seq": "23", "n": "23111", "vap": "236", "pvap": "   1,30", "e": "N", "st": "Suplente"}, {"seq": "35", "n": "23674", "vap": "167", "pvap": "   0,92", "e": "N", "st": "Suplente"}, {"seq": "57", "n": "23333", "vap": "93", "pvap": "   0,51", "e": "N", "st": "Suplente"}, {"seq": "68", "n": "23123", "vap": "71", "pvap": "   0,39", "e": "N", "st": "Suplente"}, {"seq": "74", "n": "23023", "vap": "61", "pvap": "   0,34", "e": "N", "st": "Suplente"}, {"seq": "77", "n": "23523", "vap": "57", "pvap": "   0,31", "e": "N", "st": "Suplente"}, {"seq": "80", "n": "23999", "vap": "52", "pvap": "   0,29", "e": "N", "st": "Suplente"}, {"seq": "82", "n": "23147", "vap": "51", "pvap": "   0,28", "e": "N", "st": "Suplente"}, {"seq": "87", "n": "23777", "vap": "43", "pvap": "   0,24", "e": "N", "st": "Suplente"}, {"seq": "88", "n": "23345", "vap": "41", "pvap": "   0,23", "e": "N", "st": "Suplente"}, {"seq": "95", "n": "23789", "vap": "31", "pvap": "   0,17", "e": "N", "st": "Suplente"}, {"seq": "96", "n": "23444", "vap": "30", "pvap": "   0,17", "e": "N", "st": "Suplente"}, {"seq": "105", "n": "23456", "vap": "20", "pvap": "   0,11", "e": "N", "st": "Suplente"}, {"seq": "107", "n": "23666", "vap": "16", "pvap": "   0,09", "e": "N", "st": "Suplente"}, {"seq": "112", "n": "23222", "vap": "10", "pvap": "   0,06", "e": "N", "st": "Suplente"}, {"seq": "113", "n": "23458", "vap": "10", "pvap": "   0,06", "e": "N", "st": "Suplente"}, {"seq": "122", "n": "50200", "vap": "46", "pvap": "   0,25", "e": "N", "st": "N\u00e3o eleito"}, {"seq": "123", "n": "50120", "vap": "43", "pvap": "   0,24", "e": "N", "st": "N\u00e3o eleito"}, {"seq": "124", "n": "50123", "vap": "38", "pvap": "   0,21", "e": "N", "st": "N\u00e3o eleito"}, {"seq": "130", "n": "50107", "vap": "20", "pvap": "   0,11", "e": "N", "st": "N\u00e3o eleito"}, {"seq": "133", "n": "50777", "vap": "16", "pvap": "   0,09", "e": "N", "st": "N\u00e3o eleito"}, {"seq": "135", "n": "50105", "vap": "12", "pvap": "   0,07", "e": "N", "st": "N\u00e3o eleito"}, {"seq": "138", "n": "50000", "vap": "9", "pvap": "   0,05", "e": "N", "st": "N\u00e3o eleito"}, {"seq": "140", "n": "50100", "vap": "8", "pvap": "   0,04", "e": "N", "st": "N\u00e3o eleito"}, {"seq": "141", "n": "50101", "vap": "8", "pvap": "   0,04", "e": "N", "st": "N\u00e3o eleito"}, {"seq": "142", "n": "50160", "vap": "3", "pvap": "   0,02", "e": "N", "st": "N\u00e3o eleito"}, {"seq": "6", "n": "15614", "vap": "425", "pvap": "   2,34", "e": "S", "st": "Eleito"}, {"seq": "10", "n": "15123", "vap": "336", "pvap": "   1,85", "e": "S", "st": "Eleito"}, {"seq": "24", "n": "15190", "vap": "221", "pvap": "   1,22", "e": "N", "st": "Suplente"}, {"seq": "31", "n": "15100", "vap": "181", "pvap": "   1,00", "e": "N", "st": "Suplente"}, {"seq": "37", "n": "15888", "vap": "157", "pvap": "   0,86", "e": "N", "st": "Suplente"}, {"seq": "44", "n": "15555", "vap": "130", "pvap": "   0,72", "e": "N", "st": "Suplente"}, {"seq": "49", "n": "15015", "vap": "117", "pvap": "   0,64", "e": "N", "st": "Suplente"}, {"seq": "50", "n": "15000", "vap": "114", "pvap": "   0,63", "e": "N", "st": "Suplente"}, {"seq": "54", "n": "15121", "vap": "102", "pvap": "   0,56", "e": "N", "st": "Suplente"}, {"seq": "60", "n": "15567", "vap": "89", "pvap": "   0,49", "e": "N", "st": "Suplente"}, {"seq": "63", "n": "15999", "vap": "85", "pvap": "   0,47", "e": "N", "st": "Suplente"}, {"seq": "69", "n": "15200", "vap": "65", "pvap": "   0,36", "e": "N", "st": "Suplente"}, {"seq": "84", "n": "15025", "vap": "48", "pvap": "   0,26", "e": "N", "st": "Suplente"}, {"seq": "89", "n": "15111", "vap": "41", "pvap": "   0,23", "e": "N", "st": "Suplente"}, {"seq": "97", "n": "15151", "vap": "29", "pvap": "   0,16", "e": "N", "st": "Suplente"}, {"seq": "98", "n": "15305", "vap": "29", "pvap": "   0,16", "e": "N", "st": "Suplente"}, {"seq": "106", "n": "15615", "vap": "19", "pvap": "   0,10", "e": "N", "st": "Suplente"}, {"seq": "109", "n": "15500", "vap": "13", "pvap": "   0,07", "e": "N", "st": "Suplente"}, {"seq": "111", "n": "15300", "vap": "11", "pvap": "   0,06", "e": "N", "st": "Suplente"}, {"seq": "5", "n": "10222", "vap": "439", "pvap": "   2,42", "e": "S", "st": "Eleito"}, {"seq": "9", "n": "10190", "vap": "350", "pvap": "   1,93", "e": "S", "st": "Eleito"}, {"seq": "22", "n": "10101", "vap": "249", "pvap": "   1,37", "e": "N", "st": "Suplente"}, {"seq": "25", "n": "10111", "vap": "216", "pvap": "   1,19", "e": "N", "st": "Suplente"}, {"seq": "26", "n": "10000", "vap": "210", "pvap": "   1,16", "e": "N", "st": "Suplente"}, {"seq": "27", "n": "10100", "vap": "202", "pvap": "   1,11", "e": "N", "st": "Suplente"}, {"seq": "28", "n": "10700", "vap": "201", "pvap": "   1,11", "e": "N", "st": "Suplente"}, {"seq": "33", "n": "10500", "vap": "178", "pvap": "   0,98", "e": "N", "st": "Suplente"}, {"seq": "45", "n": "10777", "vap": "126", "pvap": "   0,69", "e": "N", "st": "Suplente"}, {"seq": "48", "n": "10444", "vap": "121", "pvap": "   0,67", "e": "N", "st": "Suplente"}, {"seq": "59", "n": "10555", "vap": "90", "pvap": "   0,50", "e": "N", "st": "Suplente"}, {"seq": "65", "n": "10674", "vap": "78", "pvap": "   0,43", "e": "N", "st": "Suplente"}, {"seq": "70", "n": "10300", "vap": "65", "pvap": "   0,36", "e": "N", "st": "Suplente"}, {"seq": "75", "n": "10200", "vap": "60", "pvap": "   0,33", "e": "N", "st": "Suplente"}, {"seq": "76", "n": "10123", "vap": "58", "pvap": "   0,32", "e": "N", "st": "Suplente"}, {"seq": "78", "n": "10333", "vap": "57", "pvap": "   0,31", "e": "N", "st": "Suplente"}, {"seq": "83", "n": "10999", "vap": "51", "pvap": "   0,28", "e": "N", "st": "Suplente"}, {"seq": "85", "n": "10051", "vap": "47", "pvap": "   0,26", "e": "N", "st": "Suplente"}, {"seq": "4", "n": "14000", "vap": "469", "pvap": "   2,58", "e": "S", "st": "Eleito"}, {"seq": "7", "n": "14333", "vap": "413", "pvap": "   2,28", "e": "S", "st": "Eleito"}, {"seq": "15", "n": "14444", "vap": "340", "pvap": "   1,87", "e": "N", "st": "Suplente"}, {"seq": "16", "n": "14777", "vap": "305", "pvap": "   1,68", "e": "N", "st": "Suplente"}, {"seq": "29", "n": "14555", "vap": "195", "pvap": "   1,07", "e": "N", "st": "Suplente"}, {"seq": "30", "n": "14111", "vap": "187", "pvap": "   1,03", "e": "N", "st": "Suplente"}, {"seq": "40", "n": "14123", "vap": "143", "pvap": "   0,79", "e": "N", "st": "Suplente"}, {"seq": "56", "n": "14999", "vap": "96", "pvap": "   0,53", "e": "N", "st": "Suplente"}, {"seq": "99", "n": "14888", "vap": "27", "pvap": "   0,15", "e": "N", "st": "Suplente"}, {"seq": "115", "n": "14114", "vap": "6", "pvap": "   0,03", "e": "N", "st": "Suplente"}]}]}