{"ele": "426", "carper": "13", "t": "1", "f": "O", "esae": "N", "mnae": " ", "dg": "15/11/2020", "hg": "22:43:24", "dv": "S", "nadf": "go93670-c0013-e000426-002-f", "abr": [{"dt": "15/11/2020", "ht": "22:22:20", "tf": "S", "and": "F", "tpabr": "MU", "cdabr": "93670", "s": "32", "st": "32", "snt": "0", "si": "32", "sni": "0", "sa": "32", "sna": "0", "pst": " 100,00", "psnt": "   0,00", "psi": " 100,00", "psni": "   0,00", "psa": " 100,00", "psna": "   0,00", "e": "10299", "ea": "10299", "ena": "0", "esi": "10299", "esni": "0", "c": "8506", "a": "1793", "pea": " 100,00", "pena": "   0,00", "pesi": " 100,00", "pesni": "   0,00", "pa": "  17,41", "pc": "  82,59", "vscv": "0", "vnom": "7834", "vl": "433", "tv": "8506", "vvc": "8267", "vb": "80", "tvn": "159", "vn": "159", "vnt": "0", "vp": "0", "vv": "8267", "van": "0", "vansj": "0", "pvnom": "  94,76", "pvl": "   5,24", "pvvc": "  97,19", "pvb": "   0,94", "ptvn": "   1,87", "pvn": " 100,00", "pvnt": "   0,00", "pvp": "   0,00", "pvv": " 100,00", "pvan": "   0,00", "pvansj": "   0,00", "colig": [{"n": "90000073714", "tvtn": "177", "tvan": "177", "vag": "0", "tvtl": "26", "tval": "26"}, {"n": "90000099690", "tvtn": "867", "tvan": "867", "vag": "1", "tvtl": "123", "tval": "123"}, {"n": "90000122630", "tvtn": "479", "tvan": "479", "vag": "0", "tvtl": "48", "tval": "48"}, {"n": "90000099805", "tvtn": "1220", "tvan": "1220", "vag": "2", "tvtl": "17", "tval": "17"}, {"n": "90000078983", "tvtn": "1121", "tvan": "1121", "vag": "1", "tvtl": "33", "tval": "33"}, {"n": "90000122651", "tvtn": "1020", "tvan": "1020", "vag": "1", "tvtl": "19", "tval": "19"}, {"n": "90000128825", "tvtn": "1454", "tvan": "1454", "vag": "2", "tvtl": "129", "tval": "129"}, {"n": "90000137872", "tvtn": "366", "tvan": "366", "vag": "0", "tvtl": "6", "tval": "6"}, {"n": "90000132222", "tvtn": "1130", "tvan": "1130", "vag": "2", "tvtl": "32", "tval": "32"}], "part": [{"n": "22", "tvtn": "177", "tvan": "177", "tvtl": "26", "tval": "26"}, {"n": "11", "tvtn": "867", "tvan": "867", "tvtl": "123", "tval": "123"}, {"n": "55", "tvtn": "479", "tvan": "479", "tvtl": "48", "tval": "48"}, {"n": "20", "tvtn": "1220", "tvan": "1220", "tvtl": "17", "tval": "17"}, {"n": "25", "tvtn": "1121", "tvan": "1121", "tvtl": "33", "tval": "33"}, {"n": "15", "tvtn": "1020", "tvan": "1020", "tvtl": "19", "tval": "19"}, {"n": "23", "tvtn": "1454", "tvan": "1454", "tvtl": "129", "tval": "129"}, {"n": "19", "tvtn": "366", "tvan": "366", "tvtl": "6", "tval": "6"}, {"n": "45", "tvtn": "1130", "tvan": "1130", "tvtl": "32", "tval": "32"}], "cand": [{"seq": "100", "n": "22022", "vap": "8", "pvap": "   0,10", "e": "N", "st": "N\u00e3o eleito"}, {"seq": "71", "n": "22222", "vap": "55", "pvap": "   0,67", "e": "N", "st": "N\u00e3o eleito"}, {"seq": "81", "n": "22123", "vap": "27", "pvap": "   0,33", "e": "N", "st": "N\u00e3o eleito"}, {"seq": "104", "n": "22100", "vap": "3", "pvap": "   0,04", "e": "N", "st": "N\u00e3o eleito"}, {"seq": "91", "n": "22456", "vap": "18", "pvap": "   0,22", "e": "N", "st": "N\u00e3o eleito"}, {"seq": "92", "n": "22333", "vap": "16", "pvap": "   0,19", "e": "N", "st": "N\u00e3o eleito"}, {"seq": "82", "n": "22450", "vap": "25", "pvap": "   0,30", "e": "N", "st": "N\u00e3o eleito"}, {"seq": "83", "n": "22321", "vap": "25", "pvap": "   0,30", "e": "N", "st": "N\u00e3o eleito"}, {"seq": "11", "n": "11456", "vap": "242", "pvap": "   2,93", "e": "N", "st": "Suplente"}, {"seq": "4", "n": "11233", "vap": "325", "pvap": "   3,93", "e": "S", "st": "Eleito"}, {"seq": "29", "n": "11123", "vap": "94", "pvap": "   1,14", "e": "N", "st": "Suplente"}, {"seq": "22", "n": "11111", "vap": "134", "pvap": "   1,62", "e": "N", "st": "Suplente"}, {"seq": "49", "n": "11625", "vap": "30", "pvap": "   0,36", "e": "N", "st": "Suplente"}, {"seq": "48", "n": "11120", "vap": "30", "pvap": "   0,36", "e": "N", "st": "Suplente"}, {"seq": "61", "n": "11190", "vap": "12", "pvap": "   0,15", "e": "N", "st": "Suplente"}, {"seq": "94", "n": "55222", "vap": "16", "pvap": "   0,19", "e": "N", "st": "N\u00e3o eleito"}, {"seq": "80", "n": "55456", "vap": "28", "pvap": "   0,34", "e": "N", "st": "N\u00e3o eleito"}, {"seq": "99", "n": "55321", "vap": "12", "pvap": "   0,15", "e": "N", "st": "N\u00e3o eleito"}, {"seq": "73", "n": "55000", "vap": "50", "pvap": "   0,60", "e": "N", "st": "N\u00e3o eleito"}, {"seq": "85", "n": "55789", "vap": "23", "pvap": "   0,28", "e": "N", "st": "N\u00e3o eleito"}, {"seq": "79", "n": "55055", "vap": "29", "pvap": "   0,35", "e": "N", "st": "N\u00e3o eleito"}, {"seq": "89", "n": "55123", "vap": "20", "pvap": "   0,24", "e": "N", "st": "N\u00e3o eleito"}, {"seq": "98", "n": "55556", "vap": "13", "pvap": "   0,16", "e": "N", "st": "N\u00e3o eleito"}, {"seq": "74", "n": "55333", "vap": "49", "pvap": "   0,59", "e": "N", "st": "N\u00e3o eleito"}, {"seq": "84", "n": "55777", "vap": "23", "pvap": "   0,28", "e": "N", "st": "N\u00e3o eleito"}, {"seq": "72", "n": "55555", "vap": "53", "pvap": "   0,64", "e": "N", "st": "N\u00e3o eleito"}, {"seq": "87", "n": "55190", "vap": "21", "pvap": "   0,25", "e": "N", "st": "N\u00e3o eleito"}, {"seq": "69", "n": "55678", "vap": "123", "pvap": "   1,49", "e": "N", "st": "N\u00e3o eleito"}, {"seq": "90", "n": "55780", "vap": "19", "pvap": "   0,23", "e": "N", "st": "N\u00e3o eleito"}, {"seq": "51", "n": "20111", "vap": "28", "pvap": "   0,34", "e": "N", "st": "Suplente"}, {"seq": "54", "n": "20444", "vap": "22", "pvap": "   0,27", "e": "N", "st": "Suplente"}, {"seq": "12", "n": "20000", "vap": "235", "pvap": "   2,84", "e": "N", "st": "Suplente"}, {"seq": "35", "n": "20321", "vap": "60", "pvap": "   0,73", "e": "N", "st": "Suplente"}, {"seq": "65", "n": "20020", "vap": "9", "pvap": "   0,11", "e": "N", "st": "Suplente"}, {"seq": "5", "n": "20678", "vap": "299", "pvap": "   3,62", "e": "S", "st": "Eleito"}, {"seq": "2", "n": "20123", "vap": "335", "pvap": "   4,05", "e": "S", "st": "Eleito"}, {"seq": "42", "n": "20110", "vap": "35", "pvap": "   0,42", "e": "N", "st": "Suplente"}, {"seq": "26", "n": "20680", "vap": "105", "pvap": "   1,27", "e": "N", "st": "Suplente"}, {"seq": "31", "n": "20100", "vap": "92", "pvap": "   1,11", "e": "N", "st": "Suplente"}, {"seq": "36", "n": "25789", "vap": "58", "pvap": "   0,70", "e": "N", "st": "Suplente"}, {"seq": "20", "n": "25012", "vap": "138", "pvap": "   1,67", "e": "N", "st": "Suplente"}, {"seq": "34", "n": "25100", "vap": "62", "pvap": "   0,75", "e": "N", "st": "Suplente"}, {"seq": "9", "n": "25555", "vap": "169", "pvap": "   2,04", "e": "S", "st": "Eleito"}, {"seq": "60", "n": "25025", "vap": "15", "pvap": "   0,18", "e": "N", "st": "Suplente"}, {"seq": "30", "n": "25111", "vap": "92", "pvap": "   1,11", "e": "N", "st": "Suplente"}, {"seq": "27", "n": "25678", "vap": "102", "pvap": "   1,23", "e": "N", "st": "Suplente"}, {"seq": "19", "n": "25123", "vap": "151", "pvap": "   1,83", "e": "N", "st": "Suplente"}, {"seq": "16", "n": "25800", "vap": "168", "pvap": "   2,03", "e": "N", "st": "Suplente"}, {"seq": "44", "n": "25200", "vap": "32", "pvap": "   0,39", "e": "N", "st": "Suplente"}, {"seq": "43", "n": "25000", "vap": "34", "pvap": "   0,41", "e": "N", "st": "Suplente"}, {"seq": "41", "n": "25888", "vap": "37", "pvap": "   0,45", "e": "N", "st": "Suplente"}, {"seq": "33", "n": "25690", "vap": "63", "pvap": "   0,76", "e": "N", "st": "Suplente"}, {"seq": "50", "n": "15151", "vap": "28", "pvap": "   0,34", "e": "N", "st": "Suplente"}, {"seq": "10", "n": "15000", "vap": "271", "pvap": "   3,28", "e": "N", "st": "Suplente"}, {"seq": "38", "n": "15700", "vap": "42", "pvap": "   0,51", "e": "N", "st": "Suplente"}, {"seq": "32", "n": "15789", "vap": "76", "pvap": "   0,92", "e": "N", "st": "Suplente"}, {"seq": "45", "n": "15555", "vap": "32", "pvap": "   0,39", "e": "N", "st": "Suplente"}, {"seq": "1", "n": "15123", "vap": "351", "pvap": "   4,25", "e": "S", "st": "Eleito"}, {"seq": "21", "n": "15115", "vap": "137", "pvap": "   1,66", "e": "N", "st": "Suplente"}, {"seq": "58", "n": "15074", "vap": "15", "pvap": "   0,18", "e": "N", "st": "Suplente"}, {"seq": "63", "n": "15107", "vap": "12", "pvap": "   0,15", "e": "N", "st": "Suplente"}, {"seq": "67", "n": "15333", "vap": "4", "pvap": "   0,05", "e": "N", "st": "Suplente"}, {"seq": "62", "n": "15222", "vap": "12", "pvap": "   0,15", "e": "N", "st": "Suplente"}, {"seq": "66", "n": "15888", "vap": "8", "pvap": "   0,10", "e": "N", "st": "Suplente"}, {"seq": "46", "n": "15678", "vap": "32", "pvap": "   0,39", "e": "N", "st": "Suplente"}, {"seq": "24", "n": "23444", "vap": "121", "pvap": "   1,46", "e": "N", "st": "Suplente"}, {"seq": "28", "n": "23456", "vap": "98", "pvap": "   1,19", "e": "N", "st": "Suplente"}, {"seq": "68", "n": "23300", "vap": "2", "pvap": "   0,02", "e": "N", "st": "Suplente"}, {"seq": "53", "n": "23022", "vap": "24", "pvap": "   0,29", "e": "N", "st": "Suplente"}, {"seq": "55", "n": "23023", "vap": "17", "pvap": "   0,21", "e": "N", "st": "Suplente"}, {"seq": "18", "n": "23555", "vap": "157", "pvap": "   1,90", "e": "N", "st": "Suplente"}, {"seq": "40", "n": "23123", "vap": "38", "pvap": "   0,46", "e": "N", "st": "Suplente"}, {"seq": "17", "n": "23789", "vap": "162", "pvap": "   1,96", "e": "N", "st": "Suplente"}, {"seq": "37", "n": "23200", "vap": "50", "pvap": "   0,60", "e": "N", "st": "Suplente"}, {"seq": "13", "n": "23233", "vap": "220", "pvap": "   2,66", "e": "N", "st": "Suplente"}, {"seq": "6", "n": "23000", "vap": "222", "pvap": "   2,69", "e": "S", "st": "Eleito"}, {"seq": "56", "n": "23366", "vap": "17", "pvap": "   0,21", "e": "N", "st": "Suplente"}, {"seq": "3", "n": "23333", "vap": "326", "pvap": "   3,94", "e": "S", "st": "Eleito"}, {"seq": "93", "n": "19321", "vap": "16", "pvap": "   0,19", "e": "N", "st": "N\u00e3o eleito"}, {"seq": "101", "n": "19000", "vap": "8", "pvap": "   0,10", "e": "N", "st": "N\u00e3o eleito"}, {"seq": "76", "n": "19029", "vap": "45", "pvap": "   0,54", "e": "N", "st": "N\u00e3o eleito"}, {"seq": "78", "n": "19456", "vap": "39", "pvap": "   0,47", "e": "N", "st": "N\u00e3o eleito"}, {"seq": "86", "n": "19345", "vap": "22", "pvap": "   0,27", "e": "N", "st": "N\u00e3o eleito"}, {"seq": "70", "n": "19123", "vap": "80", "pvap": "   0,97", "e": "N", "st": "N\u00e3o eleito"}, {"seq": "75", "n": "19111", "vap": "45", "pvap": "   0,54", "e": "N", "st": "N\u00e3o eleito"}, {"seq": "102", "n": "19180", "vap": "6", "pvap": "   0,07", "e": "N", "st": "N\u00e3o eleito"}, {"seq": "97", "n": "19789", "vap": "13", "pvap": "   0,16", "e": "N", "st": "N\u00e3o eleito"}, {"seq": "95", "n": "19190", "vap": "14", "pvap": "   0,17", "e": "N", "st": "N\u00e3o eleito"}, {"seq": "88", "n": "19234", "vap": "20", "pvap": "   0,24", "e": "N", "st": "N\u00e3o eleito"}, {"seq": "77", "n": "19019", "vap": "41", "pvap": "   0,50", "e": "N", "st": "N\u00e3o eleito"}, {"seq": "96", "n": "19344", "vap": "14", "pvap": "   0,17", "e": "N", "st": "N\u00e3o eleito"}, {"seq": "103", "n": "19120", "vap": "3", "pvap": "   0,04", "e": "N", "st": "N\u00e3o eleito"}, {"seq": "14", "n": "45555", "vap": "177", "pvap": "   2,14", "e": "N", "st": "Suplente"}, {"seq": "8", "n": "45900", "vap": "191", "pvap": "   2,31", "e": "S", "st": "Eleito"}, {"seq": "7", "n": "45123", "vap": "215", "pvap": "   2,60", "e": "S", "st": "Eleito"}, {"seq": "64", "n": "45999", "vap": "9", "pvap": "   0,11", "e": "N", "st": "Suplente"}, {"seq": "23", "n": "45000", "vap": "127", "pvap": "   1,54", "e": "N", "st": "Suplente"}, {"seq": "57", "n": "45222", "vap": "16", "pvap": "   0,19", "e": "N", "st": "Suplente"}, {"seq": "59", "n": "45145", "vap": "15", "pvap": "   0,18", "e": "N", "st": "Suplente"}, {"seq": "52", "n": "45963", "vap": "26", "pvap": "   0,31", "e": "N", "st": "Suplente"}, {"seq": "39", "n": "45888", "vap": "41", "pvap": "   0,50", "e": "N", "st": "Suplente"}, {"seq": "15", "n": "45678", "vap": "171", "pvap": "   2,07", "e": "N", "st": "Suplente"}, {"seq": "25", "n": "45456", "vap": "112", "pvap": "   1,35", "e": "N", "st": "Suplente"}, {"seq": "47", "n": "45444", "vap": "30", "pvap": "   0,36", "e": "N", "st": "Suplente"}]}, {"dt": "15/11/2020", "ht": "22:22:20", "tf": "S", "and": "F", "tpabr": "ZONA", "cdabr": "3", "s": "32", "st": "32", "snt": "0", "si": "32", "sni": "0", "sa": "32", "sna": "0", "pst": " 100,00", "psnt": "   0,00", "psi": " 100,00", "psni": "   0,00", "psa": " 100,00", "psna": "   0,00", "e": "10299", "ea": "10299", "ena": "0", "esi": "10299", "esni": "0", "a": "1793", "c": "8506", "pea": " 100,00", "pena": "   0,00", "pesi": " 100,00", "pesni": "   0,00", "pa": "  17,41", "pc": "  82,59", "vnom": "7834", "vscv": "0", "vl": "433", "tv": "8506", "vvc": "8267", "vb": "80", "tvn": "159", "vn": "159", "vnt": "0", "vp": "0", "vv": "8267", "van": "0", "vansj": "0", "pvnom": "  94,76", "pvl": "   5,24", "pvvc": "  97,19", "pvb": "   0,94", "ptvn": "   1,87", "pvn": " 100,00", "pvnt": "   0,00", "pvp": "   0,00", "pvv": " 100,00", "pvan": "   0,00", "pvansj": "   0,00", "cand": [{"seq": "83", "n": "22321", "vap": "25", "pvap": "   0,30", "e": "N", "st": "N\u00e3o eleito"}, {"seq": "82", "n": "22450", "vap": "25", "pvap": "   0,30", "e": "N", "st": "N\u00e3o eleito"}, {"seq": "92", "n": "22333", "vap": "16", "pvap": "   0,19", "e": "N", "st": "N\u00e3o eleito"}, {"seq": "104", "n": "22100", "vap": "3", "pvap": "   0,04", "e": "N", "st": "N\u00e3o eleito"}, {"seq": "81", "n": "22123", "vap": "27", "pvap": "   0,33", "e": "N", "st": "N\u00e3o eleito"}, {"seq": "100", "n": "22022", "vap": "8", "pvap": "   0,10", "e": "N", "st": "N\u00e3o eleito"}, {"seq": "91", "n": "22456", "vap": "18", "pvap": "   0,22", "e": "N", "st": "N\u00e3o eleito"}, {"seq": "71", "n": "22222", "vap": "55", "pvap": "   0,67", "e": "N", "st": "N\u00e3o eleito"}, {"seq": "84", "n": "55777", "vap": "23", "pvap": "   0,28", "e": "N", "st": "N\u00e3o eleito"}, {"seq": "74", "n": "55333", "vap": "49", "pvap": "   0,59", "e": "N", "st": "N\u00e3o eleito"}, {"seq": "80", "n": "55456", "vap": "28", "pvap": "   0,34", "e": "N", "st": "N\u00e3o eleito"}, {"seq": "79", "n": "55055", "vap": "29", "pvap": "   0,35", "e": "N", "st": "N\u00e3o eleito"}, {"seq": "99", "n": "55321", "vap": "12", "pvap": "   0,15", "e": "N", "st": "N\u00e3o eleito"}, {"seq": "90", "n": "55780", "vap": "19", "pvap": "   0,23", "e": "N", "st": "N\u00e3o eleito"}, {"seq": "69", "n": "55678", "vap": "123", "pvap": "   1,49", "e": "N", "st": "N\u00e3o eleito"}, {"seq": "73", "n": "55000", "vap": "50", "pvap": "   0,60", "e": "N", "st": "N\u00e3o eleito"}, {"seq": "85", "n": "55789", "vap": "23", "pvap": "   0,28", "e": "N", "st": "N\u00e3o eleito"}, {"seq": "98", "n": "55556", "vap": "13", "pvap": "   0,16", "e": "N", "st": "N\u00e3o eleito"}, {"seq": "72", "n": "55555", "vap": "53", "pvap": "   0,64", "e": "N", "st": "N\u00e3o eleito"}, {"seq": "89", "n": "55123", "vap": "20", "pvap": "   0,24", "e": "N", "st": "N\u00e3o eleito"}, {"seq": "87", "n": "55190", "vap": "21", "pvap": "   0,25", "e": "N", "st": "N\u00e3o eleito"}, {"seq": "94", "n": "55222", "vap": "16", "pvap": "   0,19", "e": "N", "st": "N\u00e3o eleito"}, {"seq": "62", "n": "15222", "vap": "12", "pvap": "   0,15", "e": "N", "st": "Suplente"}, {"seq": "10", "n": "15000", "vap": "271", "pvap": "   3,28", "e": "N", "st": "Suplente"}, {"seq": "66", "n": "15888", "vap": "8", "pvap": "   0,10", "e": "N", "st": "Suplente"}, {"seq": "38", "n": "15700", "vap": "42", "pvap": "   0,51", "e": "N", "st": "Suplente"}, {"seq": "1", "n": "15123", "vap": "351", "pvap": "   4,25", "e": "S", "st": "Eleito"}, {"seq": "63", "n": "15107", "vap": "12", "pvap": "   0,15", "e": "N", "st": "Suplente"}, {"seq": "32", "n": "15789", "vap": "76", "pvap": "   0,92", "e": "N", "st": "Suplente"}, {"seq": "46", "n": "15678", "vap": "32", "pvap": "   0,39", "e": "N", "st": "Suplente"}, {"seq": "67", "n": "15333", "vap": "4", "pvap": "   0,05", "e": "N", "st": "Suplente"}, {"seq": "50", "n": "15151", "vap": "28", "pvap": "   0,34", "e": "N", "st": "Suplente"}, {"seq": "45", "n": "15555", "vap": "32", "pvap": "   0,39", "e": "N", "st": "Suplente"}, {"seq": "21", "n": "15115", "vap": "137", "pvap": "   1,66", "e": "N", "st": "Suplente"}, {"seq": "58", "n": "15074", "vap": "15", "pvap": "   0,18", "e": "N", "st": "Suplente"}, {"seq": "36", "n": "25789", "vap": "58", "pvap": "   0,70", "e": "N", "st": "Suplente"}, {"seq": "43", "n": "25000", "vap": "34", "pvap": "   0,41", "e": "N", "st": "Suplente"}, {"seq": "20", "n": "25012", "vap": "138", "pvap": "   1,67", "e": "N", "st": "Suplente"}, {"seq": "41", "n": "25888", "vap": "37", "pvap": "   0,45", "e": "N", "st": "Suplente"}, {"seq": "27", "n": "25678", "vap": "102", "pvap": "   1,23", "e": "N", "st": "Suplente"}, {"seq": "16", "n": "25800", "vap": "168", "pvap": "   2,03", "e": "N", "st": "Suplente"}, {"seq": "9", "n": "25555", "vap": "169", "pvap": "   2,04", "e": "S", "st": "Eleito"}, {"seq": "33", "n": "25690", "vap": "63", "pvap": "   0,76", "e": "N", "st": "Suplente"}, {"seq": "30", "n": "25111", "vap": "92", "pvap": "   1,11", "e": "N", "st": "Suplente"}, {"seq": "44", "n": "25200", "vap": "32", "pvap": "   0,39", "e": "N", "st": "Suplente"}, {"seq": "60", "n": "25025", "vap": "15", "pvap": "   0,18", "e": "N", "st": "Suplente"}, {"seq": "34", "n": "25100", "vap": "62", "pvap": "   0,75", "e": "N", "st": "Suplente"}, {"seq": "19", "n": "25123", "vap": "151", "pvap": "   1,83", "e": "N", "st": "Suplente"}, {"seq": "49", "n": "11625", "vap": "30", "pvap": "   0,36", "e": "N", "st": "Suplente"}, {"seq": "22", "n": "11111", "vap": "134", "pvap": "   1,62", "e": "N", "st": "Suplente"}, {"seq": "61", "n": "11190", "vap": "12", "pvap": "   0,15", "e": "N", "st": "Suplente"}, {"seq": "29", "n": "11123", "vap": "94", "pvap": "   1,14", "e": "N", "st": "Suplente"}, {"seq": "11", "n": "11456", "vap": "242", "pvap": "   2,93", "e": "N", "st": "Suplente"}, {"seq": "4", "n": "11233", "vap": "325", "pvap": "   3,93", "e": "S", "st": "Eleito"}, {"seq": "48", "n": "11120", "vap": "30", "pvap": "   0,36", "e": "N", "st": "Suplente"}, {"seq": "75", "n": "19111", "vap": "45", "pvap": "   0,54", "e": "N", "st": "N\u00e3o eleito"}, {"seq": "76", "n": "19029", "vap": "45", "pvap": "   0,54", "e": "N", "st": "N\u00e3o eleito"}, {"seq": "86", "n": "19345", "vap": "22", "pvap": "   0,27", "e": "N", "st": "N\u00e3o eleito"}, {"seq": "88", "n": "19234", "vap": "20", "pvap": "   0,24", "e": "N", "st": "N\u00e3o eleito"}, {"seq": "102", "n": "19180", "vap": "6", "pvap": "   0,07", "e": "N", "st": "N\u00e3o eleito"}, {"seq": "93", "n": "19321", "vap": "16", "pvap": "   0,19", "e": "N", "st": "N\u00e3o eleito"}, {"seq": "77", "n": "19019", "vap": "41", "pvap": "   0,50", "e": "N", "st": "N\u00e3o eleito"}, {"seq": "78", "n": "19456", "vap": "39", "pvap": "   0,47", "e": "N", "st": "N\u00e3o eleito"}, {"seq": "103", "n": "19120", "vap": "3", "pvap": "   0,04", "e": "N", "st": "N\u00e3o eleito"}, {"seq": "95", "n": "19190", "vap": "14", "pvap": "   0,17", "e": "N", "st": "N\u00e3o eleito"}, {"seq": "101", "n": "19000", "vap": "8", "pvap": "   0,10", "e": "N", "st": "N\u00e3o eleito"}, {"seq": "97", "n": "19789", "vap": "13", "pvap": "   0,16", "e": "N", "st": "N\u00e3o eleito"}, {"seq": "96", "n": "19344", "vap": "14", "pvap": "   0,17", "e": "N", "st": "N\u00e3o eleito"}, {"seq": "70", "n": "19123", "vap": "80", "pvap": "   0,97", "e": "N", "st": "N\u00e3o eleito"}, {"seq": "2", "n": "20123", "vap": "335", "pvap": "   4,05", "e": "S", "st": "Eleito"}, {"seq": "26", "n": "20680", "vap": "105", "pvap": "   1,27", "e": "N", "st": "Suplente"}, {"seq": "12", "n": "20000", "vap": "235", "pvap": "   2,84", "e": "N", "st": "Suplente"}, {"seq": "5", "n": "20678", "vap": "299", "pvap": "   3,62", "e": "S", "st": "Eleito"}, {"seq": "51", "n": "20111", "vap": "28", "pvap": "   0,34", "e": "N", "st": "Suplente"}, {"seq": "65", "n": "20020", "vap": "9", "pvap": "   0,11", "e": "N", "st": "Suplente"}, {"seq": "35", "n": "20321", "vap": "60", "pvap": "   0,73", "e": "N", "st": "Suplente"}, {"seq": "42", "n": "20110", "vap": "35", "pvap": "   0,42", "e": "N", "st": "Suplente"}, {"seq": "54", "n": "20444", "vap": "22", "pvap": "   0,27", "e": "N", "st": "Suplente"}, {"seq": "31", "n": "20100", "vap": "92", "pvap": "   1,11", "e": "N", "st": "Suplente"}, {"seq": "28", "n": "23456", "vap": "98", "pvap": "   1,19", "e": "N", "st": "Suplente"}, {"seq": "13", "n": "23233", "vap": "220", "pvap": "   2,66", "e": "N", "st": "Suplente"}, {"seq": "53", "n": "23022", "vap": "24", "pvap": "   0,29", "e": "N", "st": "Suplente"}, {"seq": "3", "n": "23333", "vap": "326", "pvap": "   3,94", "e": "S", "st": "Eleito"}, {"seq": "56", "n": "23366", "vap": "17", "pvap": "   0,21", "e": "N", "st": "Suplente"}, {"seq": "6", "n": "23000", "vap": "222", "pvap": "   2,69", "e": "S", "st": "Eleito"}, {"seq": "24", "n": "23444", "vap": "121", "pvap": "   1,46", "e": "N", "st": "Suplente"}, {"seq": "18", "n": "23555", "vap": "157", "pvap": "   1,90", "e": "N", "st": "Suplente"}, {"seq": "40", "n": "23123", "vap": "38", "pvap": "   0,46", "e": "N", "st": "Suplente"}, {"seq": "55", "n": "23023", "vap": "17", "pvap": "   0,21", "e": "N", "st": "Suplente"}, {"seq": "68", "n": "23300", "vap": "2", "pvap": "   0,02", "e": "N", "st": "Suplente"}, {"seq": "37", "n": "23200", "vap": "50", "pvap": "   0,60", "e": "N", "st": "Suplente"}, {"seq": "17", "n": "23789", "vap": "162", "pvap": "   1,96", "e": "N", "st": "Suplente"}, {"seq": "23", "n": "45000", "vap": "127", "pvap": "   1,54", "e": "N", "st": "Suplente"}, {"seq": "8", "n": "45900", "vap": "191", "pvap": "   2,31", "e": "S", "st": "Eleito"}, {"seq": "39", "n": "45888", "vap": "41", "pvap": "   0,50", "e": "N", "st": "Suplente"}, {"seq": "47", "n": "45444", "vap": "30", "pvap": "   0,36", "e": "N", "st": "Suplente"}, {"seq": "25", "n": "45456", "vap": "112", "pvap": "   1,35", "e": "N", "st": "Suplente"}, {"seq": "52", "n": "45963", "vap": "26", "pvap": "   0,31", "e": "N", "st": "Suplente"}, {"seq": "59", "n": "45145", "vap": "15", "pvap": "   0,18", "e": "N", "st": "Suplente"}, {"seq": "14", "n": "45555", "vap": "177", "pvap": "   2,14", "e": "N", "st": "Suplente"}, {"seq": "57", "n": "45222", "vap": "16", "pvap": "   0,19", "e": "N", "st": "Suplente"}, {"seq": "64", "n": "45999", "vap": "9", "pvap": "   0,11", "e": "N", "st": "Suplente"}, {"seq": "7", "n": "45123", "vap": "215", "pvap": "   2,60", "e": "S", "st": "Eleito"}, {"seq": "15", "n": "45678", "vap": "171", "pvap": "   2,07", "e": "N", "st": "Suplente"}]}]}