{"ele": "426", "carper": "13", "t": "1", "f": "O", "esae": "N", "mnae": " ", "dg": "15/11/2020", "hg": "22:20:09", "dv": "S", "nadf": "go96318-c0013-e000426-002-f", "abr": [{"dt": "15/11/2020", "ht": "20:49:12", "tf": "S", "and": "F", "tpabr": "MU", "cdabr": "96318", "s": "16", "st": "16", "snt": "0", "si": "16", "sni": "0", "sa": "16", "sna": "0", "pst": " 100,00", "psnt": "   0,00", "psi": " 100,00", "psni": "   0,00", "psa": " 100,00", "psna": "   0,00", "e": "4804", "ea": "4804", "ena": "0", "esi": "4804", "esni": "0", "c": "4078", "a": "726", "pea": " 100,00", "pena": "   0,00", "pesi": " 100,00", "pesni": "   0,00", "pa": "  15,11", "pc": "  84,89", "vscv": "0", "vnom": "3735", "vl": "195", "tv": "4078", "vvc": "3930", "vb": "41", "tvn": "107", "vn": "107", "vnt": "0", "vp": "0", "vv": "3930", "van": "0", "vansj": "0", "pvnom": "  95,04", "pvl": "   4,96", "pvvc": "  96,37", "pvb": "   1,01", "ptvn": "   2,62", "pvn": " 100,00", "pvnt": "   0,00", "pvp": "   0,00", "pvv": " 100,00", "pvan": "   0,00", "pvansj": "   0,00", "colig": [{"n": "90000132927", "tvtn": "1901", "tvan": "1901", "vag": "5", "tvtl": "121", "tval": "121"}, {"n": "90000055226", "tvtn": "641", "tvan": "641", "vag": "1", "tvtl": "15", "tval": "15"}, {"n": "90000060157", "tvtn": "1193", "tvan": "1193", "vag": "3", "tvtl": "59", "tval": "59"}], "part": [{"n": "25", "tvtn": "1901", "tvan": "1901", "tvtl": "121", "tval": "121"}, {"n": "15", "tvtn": "641", "tvan": "641", "tvtl": "15", "tval": "15"}, {"n": "12", "tvtn": "1193", "tvan": "1193", "tvtl": "59", "tval": "59"}], "cand": [{"seq": "29", "n": "25177", "vap": "8", "pvap": "   0,20", "e": "N", "st": "Suplente"}, {"seq": "7", "n": "25800", "vap": "224", "pvap": "   5,70", "e": "S", "st": "Eleito"}, {"seq": "15", "n": "25611", "vap": "100", "pvap": "   2,54", "e": "N", "st": "Suplente"}, {"seq": "12", "n": "25111", "vap": "179", "pvap": "   4,55", "e": "N", "st": "Suplente"}, {"seq": "9", "n": "25222", "vap": "196", "pvap": "   4,99", "e": "S", "st": "Eleito"}, {"seq": "2", "n": "25025", "vap": "304", "pvap": "   7,74", "e": "S", "st": "Eleito"}, {"seq": "10", "n": "25123", "vap": "189", "pvap": "   4,81", "e": "N", "st": "Suplente"}, {"seq": "8", "n": "25110", "vap": "208", "pvap": "   5,29", "e": "S", "st": "Eleito"}, {"seq": "27", "n": "25000", "vap": "16", "pvap": "   0,41", "e": "N", "st": "Suplente"}, {"seq": "19", "n": "25777", "vap": "56", "pvap": "   1,42", "e": "N", "st": "Suplente"}, {"seq": "5", "n": "25900", "vap": "236", "pvap": "   6,01", "e": "S", "st": "Eleito"}, {"seq": "11", "n": "25555", "vap": "185", "pvap": "   4,71", "e": "N", "st": "Suplente"}, {"seq": "1", "n": "15123", "vap": "306", "pvap": "   7,79", "e": "S", "st": "Eleito"}, {"seq": "14", "n": "15000", "vap": "115", "pvap": "   2,93", "e": "N", "st": "Suplente"}, {"seq": "30", "n": "15555", "vap": "6", "pvap": "   0,15", "e": "N", "st": "Suplente"}, {"seq": "13", "n": "15333", "vap": "177", "pvap": "   4,50", "e": "N", "st": "Suplente"}, {"seq": "21", "n": "15111", "vap": "37", "pvap": "   0,94", "e": "N", "st": "Suplente"}, {"seq": "23", "n": "12040", "vap": "24", "pvap": "   0,61", "e": "N", "st": "Suplente"}, {"seq": "28", "n": "12777", "vap": "8", "pvap": "   0,20", "e": "N", "st": "Suplente"}, {"seq": "20", "n": "12100", "vap": "44", "pvap": "   1,12", "e": "N", "st": "Suplente"}, {"seq": "4", "n": "12345", "vap": "255", "pvap": "   6,49", "e": "S", "st": "Eleito"}, {"seq": "18", "n": "12000", "vap": "71", "pvap": "   1,81", "e": "N", "st": "Suplente"}, {"seq": "17", "n": "12333", "vap": "84", "pvap": "   2,14", "e": "N", "st": "Suplente"}, {"seq": "25", "n": "12312", "vap": "19", "pvap": "   0,48", "e": "N", "st": "Suplente"}, {"seq": "16", "n": "12200", "vap": "96", "pvap": "   2,44", "e": "N", "st": "Suplente"}, {"seq": "26", "n": "12600", "vap": "18", "pvap": "   0,46", "e": "N", "st": "Suplente"}, {"seq": "3", "n": "12012", "vap": "297", "pvap": "   7,56", "e": "S", "st": "Eleito"}, {"seq": "22", "n": "12500", "vap": "31", "pvap": "   0,79", "e": "N", "st": "Suplente"}, {"seq": "6", "n": "12222", "vap": "226", "pvap": "   5,75", "e": "S", "st": "Eleito"}, {"seq": "24", "n": "12300", "vap": "20", "pvap": "   0,51", "e": "N", "st": "Suplente"}]}, {"dt": "15/11/2020", "ht": "20:49:12", "tf": "S", "and": "F", "tpabr": "ZONA", "cdabr": "63", "s": "16", "st": "16", "snt": "0", "si": "16", "sni": "0", "sa": "16", "sna": "0", "pst": " 100,00", "psnt": "   0,00", "psi": " 100,00", "psni": "   0,00", "psa": " 100,00", "psna": "   0,00", "e": "4804", "ea": "4804", "ena": "0", "esi": "4804", "esni": "0", "a": "726", "c": "4078", "pea": " 100,00", "pena": "   0,00", "pesi": " 100,00", "pesni": "   0,00", "pa": "  15,11", "pc": "  84,89", "vnom": "3735", "vscv": "0", "vl": "195", "tv": "4078", "vvc": "3930", "vb": "41", "tvn": "107", "vn": "107", "vnt": "0", "vp": "0", "vv": "3930", "van": "0", "vansj": "0", "pvnom": "  95,04", "pvl": "   4,96", "pvvc": "  96,37", "pvb": "   1,01", "ptvn": "   2,62", "pvn": " 100,00", "pvnt": "   0,00", "pvp": "   0,00", "pvv": " 100,00", "pvan": "   0,00", "pvansj": "   0,00", "cand": [{"seq": "3", "n": "12012", "vap": "297", "pvap": "   7,56", "e": "S", "st": "Eleito"}, {"seq": "4", "n": "12345", "vap": "255", "pvap": "   6,49", "e": "S", "st": "Eleito"}, {"seq": "6", "n": "12222", "vap": "226", "pvap": "   5,75", "e": "S", "st": "Eleito"}, {"seq": "16", "n": "12200", "vap": "96", "pvap": "   2,44", "e": "N", "st": "Suplente"}, {"seq": "17", "n": "12333", "vap": "84", "pvap": "   2,14", "e": "N", "st": "Suplente"}, {"seq": "18", "n": "12000", "vap": "71", "pvap": "   1,81", "e": "N", "st": "Suplente"}, {"seq": "20", "n": "12100", "vap": "44", "pvap": "   1,12", "e": "N", "st": "Suplente"}, {"seq": "22", "n": "12500", "vap": "31", "pvap": "   0,79", "e": "N", "st": "Suplente"}, {"seq": "23", "n": "12040", "vap": "24", "pvap": "   0,61", "e": "N", "st": "Suplente"}, {"seq": "24", "n": "12300", "vap": "20", "pvap": "   0,51", "e": "N", "st": "Suplente"}, {"seq": "25", "n": "12312", "vap": "19", "pvap": "   0,48", "e": "N", "st": "Suplente"}, {"seq": "26", "n": "12600", "vap": "18", "pvap": "   0,46", "e": "N", "st": "Suplente"}, {"seq": "28", "n": "12777", "vap": "8", "pvap": "   0,20", "e": "N", "st": "Suplente"}, {"seq": "2", "n": "25025", "vap": "304", "pvap": "   7,74", "e": "S", "st": "Eleito"}, {"seq": "5", "n": "25900", "vap": "236", "pvap": "   6,01", "e": "S", "st": "Eleito"}, {"seq": "7", "n": "25800", "vap": "224", "pvap": "   5,70", "e": "S", "st": "Eleito"}, {"seq": "8", "n": "25110", "vap": "208", "pvap": "   5,29", "e": "S", "st": "Eleito"}, {"seq": "9", "n": "25222", "vap": "196", "pvap": "   4,99", "e": "S", "st": "Eleito"}, {"seq": "10", "n": "25123", "vap": "189", "pvap": "   4,81", "e": "N", "st": "Suplente"}, {"seq": "11", "n": "25555", "vap": "185", "pvap": "   4,71", "e": "N", "st": "Suplente"}, {"seq": "12", "n": "25111", "vap": "179", "pvap": "   4,55", "e": "N", "st": "Suplente"}, {"seq": "15", "n": "25611", "vap": "100", "pvap": "   2,54", "e": "N", "st": "Suplente"}, {"seq": "19", "n": "25777", "vap": "56", "pvap": "   1,42", "e": "N", "st": "Suplente"}, {"seq": "27", "n": "25000", "vap": "16", "pvap": "   0,41", "e": "N", "st": "Suplente"}, {"seq": "29", "n": "25177", "vap": "8", "pvap": "   0,20", "e": "N", "st": "Suplente"}, {"seq": "1", "n": "15123", "vap": "306", "pvap": "   7,79", "e": "S", "st": "Eleito"}, {"seq": "13", "n": "15333", "vap": "177", "pvap": "   4,50", "e": "N", "st": "Suplente"}, {"seq": "14", "n": "15000", "vap": "115", "pvap": "   2,93", "e": "N", "st": "Suplente"}, {"seq": "21", "n": "15111", "vap": "37", "pvap": "   0,94", "e": "N", "st": "Suplente"}, {"seq": "30", "n": "15555", "vap": "6", "pvap": "   0,15", "e": "N", "st": "Suplente"}]}]}