{"ele": "426", "carper": "13", "t": "1", "f": "O", "esae": "N", "mnae": " ", "dg": "15/11/2020", "hg": "22:20:15", "dv": "S", "nadf": "go92550-c0013-e000426-002-f", "abr": [{"dt": "15/11/2020", "ht": "21:44:09", "tf": "S", "and": "F", "tpabr": "MU", "cdabr": "92550", "s": "7", "st": "7", "snt": "0", "si": "7", "sni": "0", "sa": "7", "sna": "0", "pst": " 100,00", "psnt": "   0,00", "psi": " 100,00", "psni": "   0,00", "psa": " 100,00", "psna": "   0,00", "e": "3159", "ea": "3159", "ena": "0", "esi": "3159", "esni": "0", "c": "2859", "a": "300", "pea": " 100,00", "pena": "   0,00", "pesi": " 100,00", "pesni": "   0,00", "pa": "   9,50", "pc": "  90,50", "vscv": "0", "vnom": "2705", "vl": "83", "tv": "2859", "vvc": "2788", "vb": "13", "tvn": "58", "vn": "58", "vnt": "0", "vp": "0", "vv": "2788", "van": "0", "vansj": "0", "pvnom": "  97,02", "pvl": "   2,98", "pvvc": "  97,52", "pvb": "   0,45", "ptvn": "   2,03", "pvn": " 100,00", "pvnt": "   0,00", "pvp": "   0,00", "pvv": " 100,00", "pvan": "   0,00", "pvansj": "   0,00", "colig": [{"n": "90000144342", "tvtn": "434", "tvan": "434", "vag": "1", "tvtl": "11", "tval": "11"}, {"n": "90000145256", "tvtn": "700", "tvan": "700", "vag": "3", "tvtl": "37", "tval": "37"}, {"n": "90000135399", "tvtn": "360", "tvan": "360", "vag": "1", "tvtl": "12", "tval": "12"}, {"n": "90000145266", "tvtn": "330", "tvan": "330", "vag": "1", "tvtl": "4", "tval": "4"}, {"n": "90000123886", "tvtn": "881", "tvan": "881", "vag": "3", "tvtl": "19", "tval": "19"}], "part": [{"n": "11", "tvtn": "434", "tvan": "434", "tvtl": "11", "tval": "11"}, {"n": "25", "tvtn": "700", "tvan": "700", "tvtl": "37", "tval": "37"}, {"n": "12", "tvtn": "360", "tvan": "360", "tvtl": "12", "tval": "12"}, {"n": "17", "tvtn": "330", "tvan": "330", "tvtl": "4", "tval": "4"}, {"n": "10", "tvtn": "881", "tvan": "881", "tvtl": "19", "tval": "19"}], "cand": [{"seq": "26", "n": "11123", "vap": "23", "pvap": "   0,82", "e": "N", "st": "Suplente"}, {"seq": "10", "n": "11333", "vap": "121", "pvap": "   4,34", "e": "N", "st": "Suplente"}, {"seq": "25", "n": "11111", "vap": "32", "pvap": "   1,15", "e": "N", "st": "Suplente"}, {"seq": "23", "n": "11345", "vap": "35", "pvap": "   1,26", "e": "N", "st": "Suplente"}, {"seq": "9", "n": "11555", "vap": "132", "pvap": "   4,73", "e": "S", "st": "Eleito"}, {"seq": "12", "n": "11000", "vap": "91", "pvap": "   3,26", "e": "N", "st": "Suplente"}, {"seq": "3", "n": "25000", "vap": "194", "pvap": "   6,96", "e": "S", "st": "Eleito"}, {"seq": "27", "n": "25025", "vap": "19", "pvap": "   0,68", "e": "N", "st": "Suplente"}, {"seq": "18", "n": "25111", "vap": "56", "pvap": "   2,01", "e": "N", "st": "Suplente"}, {"seq": "24", "n": "25123", "vap": "32", "pvap": "   1,15", "e": "N", "st": "Suplente"}, {"seq": "19", "n": "25890", "vap": "54", "pvap": "   1,94", "e": "N", "st": "Suplente"}, {"seq": "22", "n": "25222", "vap": "36", "pvap": "   1,29", "e": "N", "st": "Suplente"}, {"seq": "4", "n": "25678", "vap": "174", "pvap": "   6,24", "e": "S", "st": "Eleito"}, {"seq": "8", "n": "25555", "vap": "135", "pvap": "   4,84", "e": "S", "st": "Eleito"}, {"seq": "2", "n": "12012", "vap": "231", "pvap": "   8,29", "e": "S", "st": "Eleito"}, {"seq": "17", "n": "12222", "vap": "59", "pvap": "   2,12", "e": "N", "st": "Suplente"}, {"seq": "16", "n": "12123", "vap": "70", "pvap": "   2,51", "e": "N", "st": "Suplente"}, {"seq": "5", "n": "17777", "vap": "160", "pvap": "   5,74", "e": "S", "st": "Eleito"}, {"seq": "15", "n": "17123", "vap": "76", "pvap": "   2,73", "e": "N", "st": "Suplente"}, {"seq": "20", "n": "17456", "vap": "53", "pvap": "   1,90", "e": "N", "st": "Suplente"}, {"seq": "32", "n": "17333", "vap": "12", "pvap": "   0,43", "e": "N", "st": "Suplente"}, {"seq": "31", "n": "17017", "vap": "14", "pvap": "   0,50", "e": "N", "st": "Suplente"}, {"seq": "28", "n": "17789", "vap": "15", "pvap": "   0,54", "e": "N", "st": "Suplente"}, {"seq": "11", "n": "10555", "vap": "97", "pvap": "   3,48", "e": "N", "st": "Suplente"}, {"seq": "14", "n": "10777", "vap": "86", "pvap": "   3,08", "e": "N", "st": "Suplente"}, {"seq": "29", "n": "10111", "vap": "15", "pvap": "   0,54", "e": "N", "st": "Suplente"}, {"seq": "21", "n": "10222", "vap": "41", "pvap": "   1,47", "e": "N", "st": "Suplente"}, {"seq": "7", "n": "10610", "vap": "138", "pvap": "   4,95", "e": "S", "st": "Eleito"}, {"seq": "1", "n": "10123", "vap": "259", "pvap": "   9,29", "e": "S", "st": "Eleito"}, {"seq": "30", "n": "10333", "vap": "14", "pvap": "   0,50", "e": "N", "st": "Suplente"}, {"seq": "13", "n": "10456", "vap": "89", "pvap": "   3,19", "e": "N", "st": "Suplente"}, {"seq": "6", "n": "10000", "vap": "142", "pvap": "   5,09", "e": "S", "st": "Eleito"}]}, {"dt": "15/11/2020", "ht": "21:44:09", "tf": "S", "and": "F", "tpabr": "ZONA", "cdabr": "57", "s": "7", "st": "7", "snt": "0", "si": "7", "sni": "0", "sa": "7", "sna": "0", "pst": " 100,00", "psnt": "   0,00", "psi": " 100,00", "psni": "   0,00", "psa": " 100,00", "psna": "   0,00", "e": "3159", "ea": "3159", "ena": "0", "esi": "3159", "esni": "0", "a": "300", "c": "2859", "pea": " 100,00", "pena": "   0,00", "pesi": " 100,00", "pesni": "   0,00", "pa": "   9,50", "pc": "  90,50", "vnom": "2705", "vscv": "0", "vl": "83", "tv": "2859", "vvc": "2788", "vb": "13", "tvn": "58", "vn": "58", "vnt": "0", "vp": "0", "vv": "2788", "van": "0", "vansj": "0", "pvnom": "  97,02", "pvl": "   2,98", "pvvc": "  97,52", "pvb": "   0,45", "ptvn": "   2,03", "pvn": " 100,00", "pvnt": "   0,00", "pvp": "   0,00", "pvv": " 100,00", "pvan": "   0,00", "pvansj": "   0,00", "cand": [{"seq": "9", "n": "11555", "vap": "132", "pvap": "   4,73", "e": "S", "st": "Eleito"}, {"seq": "10", "n": "11333", "vap": "121", "pvap": "   4,34", "e": "N", "st": "Suplente"}, {"seq": "12", "n": "11000", "vap": "91", "pvap": "   3,26", "e": "N", "st": "Suplente"}, {"seq": "23", "n": "11345", "vap": "35", "pvap": "   1,26", "e": "N", "st": "Suplente"}, {"seq": "25", "n": "11111", "vap": "32", "pvap": "   1,15", "e": "N", "st": "Suplente"}, {"seq": "26", "n": "11123", "vap": "23", "pvap": "   0,82", "e": "N", "st": "Suplente"}, {"seq": "2", "n": "12012", "vap": "231", "pvap": "   8,29", "e": "S", "st": "Eleito"}, {"seq": "16", "n": "12123", "vap": "70", "pvap": "   2,51", "e": "N", "st": "Suplente"}, {"seq": "17", "n": "12222", "vap": "59", "pvap": "   2,12", "e": "N", "st": "Suplente"}, {"seq": "1", "n": "10123", "vap": "259", "pvap": "   9,29", "e": "S", "st": "Eleito"}, {"seq": "6", "n": "10000", "vap": "142", "pvap": "   5,09", "e": "S", "st": "Eleito"}, {"seq": "7", "n": "10610", "vap": "138", "pvap": "   4,95", "e": "S", "st": "Eleito"}, {"seq": "11", "n": "10555", "vap": "97", "pvap": "   3,48", "e": "N", "st": "Suplente"}, {"seq": "13", "n": "10456", "vap": "89", "pvap": "   3,19", "e": "N", "st": "Suplente"}, {"seq": "14", "n": "10777", "vap": "86", "pvap": "   3,08", "e": "N", "st": "Suplente"}, {"seq": "21", "n": "10222", "vap": "41", "pvap": "   1,47", "e": "N", "st": "Suplente"}, {"seq": "29", "n": "10111", "vap": "15", "pvap": "   0,54", "e": "N", "st": "Suplente"}, {"seq": "30", "n": "10333", "vap": "14", "pvap": "   0,50", "e": "N", "st": "Suplente"}, {"seq": "3", "n": "25000", "vap": "194", "pvap": "   6,96", "e": "S", "st": "Eleito"}, {"seq": "4", "n": "25678", "vap": "174", "pvap": "   6,24", "e": "S", "st": "Eleito"}, {"seq": "8", "n": "25555", "vap": "135", "pvap": "   4,84", "e": "S", "st": "Eleito"}, {"seq": "18", "n": "25111", "vap": "56", "pvap": "   2,01", "e": "N", "st": "Suplente"}, {"seq": "19", "n": "25890", "vap": "54", "pvap": "   1,94", "e": "N", "st": "Suplente"}, {"seq": "22", "n": "25222", "vap": "36", "pvap": "   1,29", "e": "N", "st": "Suplente"}, {"seq": "24", "n": "25123", "vap": "32", "pvap": "   1,15", "e": "N", "st": "Suplente"}, {"seq": "27", "n": "25025", "vap": "19", "pvap": "   0,68", "e": "N", "st": "Suplente"}, {"seq": "5", "n": "17777", "vap": "160", "pvap": "   5,74", "e": "S", "st": "Eleito"}, {"seq": "15", "n": "17123", "vap": "76", "pvap": "   2,73", "e": "N", "st": "Suplente"}, {"seq": "20", "n": "17456", "vap": "53", "pvap": "   1,90", "e": "N", "st": "Suplente"}, {"seq": "28", "n": "17789", "vap": "15", "pvap": "   0,54", "e": "N", "st": "Suplente"}, {"seq": "31", "n": "17017", "vap": "14", "pvap": "   0,50", "e": "N", "st": "Suplente"}, {"seq": "32", "n": "17333", "vap": "12", "pvap": "   0,43", "e": "N", "st": "Suplente"}]}]}