{"ele": "426", "carper": "13", "t": "1", "f": "O", "esae": "N", "mnae": " ", "dg": "15/11/2020", "hg": "22:20:06", "dv": "S", "nadf": "go94536-c0013-e000426-002-f", "abr": [{"dt": "15/11/2020", "ht": "22:05:48", "tf": "S", "and": "F", "tpabr": "MU", "cdabr": "94536", "s": "7", "st": "7", "snt": "0", "si": "7", "sni": "0", "sa": "7", "sna": "0", "pst": " 100,00", "psnt": "   0,00", "psi": " 100,00", "psni": "   0,00", "psa": " 100,00", "psna": "   0,00", "e": "2490", "ea": "2490", "ena": "0", "esi": "2490", "esni": "0", "c": "2246", "a": "244", "pea": " 100,00", "pena": "   0,00", "pesi": " 100,00", "pesni": "   0,00", "pa": "   9,80", "pc": "  90,20", "vscv": "0", "vnom": "2019", "vl": "78", "tv": "2246", "vvc": "2201", "vb": "5", "tvn": "40", "vn": "40", "vnt": "0", "vp": "0", "vv": "2097", "van": "0", "vansj": "104", "pvnom": "  96,28", "pvl": "   3,72", "pvvc": "  98,00", "pvb": "   0,22", "ptvn": "   1,78", "pvn": " 100,00", "pvnt": "   0,00", "pvp": "   0,00", "pvv": "  95,27", "pvan": "   0,00", "pvansj": "   4,73", "colig": [{"n": "90000088647", "tvtn": "168", "tvan": "168", "vag": "0", "tvtl": "3", "tval": "3"}, {"n": "90000078231", "tvtn": "768", "tvan": "872", "vag": "4", "tvtl": "39", "tval": "39"}, {"n": "90000069932", "tvtn": "1083", "tvan": "1083", "vag": "5", "tvtl": "36", "tval": "36"}], "part": [{"n": "25", "tvtn": "168", "tvan": "168", "tvtl": "3", "tval": "3"}, {"n": "15", "tvtn": "768", "tvan": "872", "tvtl": "39", "tval": "39"}, {"n": "20", "tvtn": "1083", "tvan": "1083", "tvtl": "36", "tval": "36"}], "cand": [{"seq": "23", "n": "25222", "vap": "86", "pvap": "   3,91", "e": "N", "st": "N\u00e3o eleito"}, {"seq": "24", "n": "25123", "vap": "47", "pvap": "   2,14", "e": "N", "st": "N\u00e3o eleito"}, {"seq": "25", "n": "25333", "vap": "35", "pvap": "   1,59", "e": "N", "st": "N\u00e3o eleito"}, {"seq": "22", "n": "15678", "vap": "104", "pvap": "   4,73", "e": "N", "st": "N\u00e3o eleito"}, {"seq": "15", "n": "15333", "vap": "61", "pvap": "   2,77", "e": "N", "st": "Suplente"}, {"seq": "7", "n": "15123", "vap": "112", "pvap": "   5,09", "e": "S", "st": "Eleito"}, {"seq": "5", "n": "15153", "vap": "118", "pvap": "   5,36", "e": "S", "st": "Eleito"}, {"seq": "10", "n": "15234", "vap": "99", "pvap": "   4,50", "e": "N", "st": "Suplente"}, {"seq": "1", "n": "15000", "vap": "191", "pvap": "   8,68", "e": "S", "st": "Eleito"}, {"seq": "3", "n": "15555", "vap": "141", "pvap": "   6,41", "e": "S", "st": "Eleito"}, {"seq": "20", "n": "15015", "vap": "17", "pvap": "   0,77", "e": "N", "st": "Suplente"}, {"seq": "18", "n": "15115", "vap": "29", "pvap": "   1,32", "e": "N", "st": "Suplente"}, {"seq": "13", "n": "20456", "vap": "77", "pvap": "   3,50", "e": "N", "st": "Suplente"}, {"seq": "17", "n": "20700", "vap": "57", "pvap": "   2,59", "e": "N", "st": "Suplente"}, {"seq": "12", "n": "20777", "vap": "84", "pvap": "   3,82", "e": "N", "st": "Suplente"}, {"seq": "9", "n": "20102", "vap": "90", "pvap": "   4,09", "e": "S", "st": "Eleito"}, {"seq": "16", "n": "20120", "vap": "60", "pvap": "   2,73", "e": "N", "st": "Suplente"}, {"seq": "8", "n": "20100", "vap": "110", "pvap": "   5,00", "e": "S", "st": "Eleito"}, {"seq": "21", "n": "20147", "vap": "10", "pvap": "   0,45", "e": "N", "st": "Suplente"}, {"seq": "4", "n": "20000", "vap": "133", "pvap": "   6,04", "e": "S", "st": "Eleito"}, {"seq": "14", "n": "20333", "vap": "64", "pvap": "   2,91", "e": "N", "st": "Suplente"}, {"seq": "2", "n": "20123", "vap": "172", "pvap": "   7,81", "e": "S", "st": "Eleito"}, {"seq": "6", "n": "20111", "vap": "118", "pvap": "   5,36", "e": "S", "st": "Eleito"}, {"seq": "11", "n": "20555", "vap": "85", "pvap": "   3,86", "e": "N", "st": "Suplente"}, {"seq": "19", "n": "20020", "vap": "23", "pvap": "   1,04", "e": "N", "st": "Suplente"}]}, {"dt": "15/11/2020", "ht": "22:05:48", "tf": "S", "and": "F", "tpabr": "ZONA", "cdabr": "7", "s": "7", "st": "7", "snt": "0", "si": "7", "sni": "0", "sa": "7", "sna": "0", "pst": " 100,00", "psnt": "   0,00", "psi": " 100,00", "psni": "   0,00", "psa": " 100,00", "psna": "   0,00", "e": "2490", "ea": "2490", "ena": "0", "esi": "2490", "esni": "0", "a": "244", "c": "2246", "pea": " 100,00", "pena": "   0,00", "pesi": " 100,00", "pesni": "   0,00", "pa": "   9,80", "pc": "  90,20", "vnom": "2019", "vscv": "0", "vl": "78", "tv": "2246", "vvc": "2201", "vb": "5", "tvn": "40", "vn": "40", "vnt": "0", "vp": "0", "vv": "2097", "van": "0", "vansj": "104", "pvnom": "  96,28", "pvl": "   3,72", "pvvc": "  98,00", "pvb": "   0,22", "ptvn": "   1,78", "pvn": " 100,00", "pvnt": "   0,00", "pvp": "   0,00", "pvv": "  95,27", "pvan": "   0,00", "pvansj": "   4,73", "cand": [{"seq": "23", "n": "25222", "vap": "86", "pvap": "   3,91", "e": "N", "st": "N\u00e3o eleito"}, {"seq": "24", "n": "25123", "vap": "47", "pvap": "   2,14", "e": "N", "st": "N\u00e3o eleito"}, {"seq": "25", "n": "25333", "vap": "35", "pvap": "   1,59", "e": "N", "st": "N\u00e3o eleito"}, {"seq": "1", "n": "15000", "vap": "191", "pvap": "   8,68", "e": "S", "st": "Eleito"}, {"seq": "3", "n": "15555", "vap": "141", "pvap": "   6,41", "e": "S", "st": "Eleito"}, {"seq": "5", "n": "15153", "vap": "118", "pvap": "   5,36", "e": "S", "st": "Eleito"}, {"seq": "7", "n": "15123", "vap": "112", "pvap": "   5,09", "e": "S", "st": "Eleito"}, {"seq": "10", "n": "15234", "vap": "99", "pvap": "   4,50", "e": "N", "st": "Suplente"}, {"seq": "15", "n": "15333", "vap": "61", "pvap": "   2,77", "e": "N", "st": "Suplente"}, {"seq": "18", "n": "15115", "vap": "29", "pvap": "   1,32", "e": "N", "st": "Suplente"}, {"seq": "20", "n": "15015", "vap": "17", "pvap": "   0,77", "e": "N", "st": "Suplente"}, {"seq": "22", "n": "15678", "vap": "104", "pvap": "   4,73", "e": "N", "st": "N\u00e3o eleito"}, {"seq": "2", "n": "20123", "vap": "172", "pvap": "   7,81", "e": "S", "st": "Eleito"}, {"seq": "4", "n": "20000", "vap": "133", "pvap": "   6,04", "e": "S", "st": "Eleito"}, {"seq": "6", "n": "20111", "vap": "118", "pvap": "   5,36", "e": "S", "st": "Eleito"}, {"seq": "8", "n": "20100", "vap": "110", "pvap": "   5,00", "e": "S", "st": "Eleito"}, {"seq": "9", "n": "20102", "vap": "90", "pvap": "   4,09", "e": "S", "st": "Eleito"}, {"seq": "11", "n": "20555", "vap": "85", "pvap": "   3,86", "e": "N", "st": "Suplente"}, {"seq": "12", "n": "20777", "vap": "84", "pvap": "   3,82", "e": "N", "st": "Suplente"}, {"seq": "13", "n": "20456", "vap": "77", "pvap": "   3,50", "e": "N", "st": "Suplente"}, {"seq": "14", "n": "20333", "vap": "64", "pvap": "   2,91", "e": "N", "st": "Suplente"}, {"seq": "16", "n": "20120", "vap": "60", "pvap": "   2,73", "e": "N", "st": "Suplente"}, {"seq": "17", "n": "20700", "vap": "57", "pvap": "   2,59", "e": "N", "st": "Suplente"}, {"seq": "19", "n": "20020", "vap": "23", "pvap": "   1,04", "e": "N", "st": "Suplente"}, {"seq": "21", "n": "20147", "vap": "10", "pvap": "   0,45", "e": "N", "st": "Suplente"}]}]}