{"ele": "426", "carper": "13", "t": "1", "f": "O", "esae": "N", "mnae": " ", "dg": "15/11/2020", "hg": "22:13:36", "dv": "S", "nadf": "ma09539-c0013-e000426-002-f", "abr": [{"dt": "15/11/2020", "ht": "21:54:12", "tf": "S", "and": "F", "tpabr": "MU", "cdabr": "09539", "s": "77", "st": "77", "snt": "0", "si": "77", "sni": "0", "sa": "77", "sna": "0", "pst": " 100,00", "psnt": "   0,00", "psi": " 100,00", "psni": "   0,00", "psa": " 100,00", "psna": "   0,00", "e": "24610", "ea": "24610", "ena": "0", "esi": "24610", "esni": "0", "c": "18441", "a": "6169", "pea": " 100,00", "pena": "   0,00", "pesi": " 100,00", "pesni": "   0,00", "pa": "  25,07", "pc": "  74,93", "vscv": "0", "vnom": "16415", "vl": "952", "tv": "18441", "vvc": "17367", "vb": "211", "tvn": "863", "vn": "863", "vnt": "0", "vp": "0", "vv": "17367", "van": "0", "vansj": "0", "pvnom": "  94,52", "pvl": "   5,48", "pvvc": "  94,18", "pvb": "   1,14", "ptvn": "   4,68", "pvn": " 100,00", "pvnt": "   0,00", "pvp": "   0,00", "pvv": " 100,00", "pvan": "   0,00", "pvansj": "   0,00", "colig": [{"n": "100000111445", "tvtn": "10323", "tvan": "10323", "vag": "10", "tvtl": "631", "tval": "631"}, {"n": "100000095565", "tvtn": "1067", "tvan": "1067", "vag": "0", "tvtl": "19", "tval": "19"}, {"n": "100000070785", "tvtn": "167", "tvan": "167", "vag": "0", "tvtl": "63", "tval": "63"}, {"n": "100000154424", "tvtn": "44", "tvan": "44", "vag": "0", "tvtl": "9", "tval": "9"}, {"n": "100000063570", "tvtn": "86", "tvan": "86", "vag": "0", "tvtl": "16", "tval": "16"}, {"n": "100000087523", "tvtn": "2955", "tvan": "2955", "vag": "2", "tvtl": "97", "tval": "97"}, {"n": "100000095408", "tvtn": "31", "tvan": "31", "vag": "0", "tvtl": "8", "tval": "8"}, {"n": "100000073339", "tvtn": "1742", "tvan": "1742", "vag": "1", "tvtl": "109", "tval": "109"}], "part": [{"n": "25", "tvtn": "10323", "tvan": "10323", "tvtl": "631", "tval": "631"}, {"n": "40", "tvtn": "1067", "tvan": "1067", "tvtl": "19", "tval": "19"}, {"n": "23", "tvtn": "167", "tvan": "167", "tvtl": "63", "tval": "63"}, {"n": "27", "tvtn": "44", "tvan": "44", "tvtl": "9", "tval": "9"}, {"n": "13", "tvtn": "86", "tvan": "86", "tvtl": "16", "tval": "16"}, {"n": "10", "tvtn": "2955", "tvan": "2955", "tvtl": "97", "tval": "97"}, {"n": "50", "tvtn": "31", "tvan": "31", "tvtl": "8", "tval": "8"}, {"n": "22", "tvtn": "1742", "tvan": "1742", "tvtl": "109", "tval": "109"}], "cand": [{"seq": "6", "n": "25145", "vap": "800", "pvap": "   4,61", "e": "S", "st": "Eleito"}, {"seq": "5", "n": "25025", "vap": "807", "pvap": "   4,65", "e": "S", "st": "Eleito"}, {"seq": "1", "n": "25123", "vap": "1430", "pvap": "   8,23", "e": "S", "st": "Eleito"}, {"seq": "4", "n": "25333", "vap": "831", "pvap": "   4,78", "e": "S", "st": "Eleito"}, {"seq": "19", "n": "25800", "vap": "333", "pvap": "   1,92", "e": "N", "st": "Suplente"}, {"seq": "3", "n": "25456", "vap": "849", "pvap": "   4,89", "e": "S", "st": "Eleito"}, {"seq": "24", "n": "25888", "vap": "126", "pvap": "   0,73", "e": "N", "st": "Suplente"}, {"seq": "29", "n": "25222", "vap": "50", "pvap": "   0,29", "e": "N", "st": "Suplente"}, {"seq": "32", "n": "25380", "vap": "23", "pvap": "   0,13", "e": "N", "st": "Suplente"}, {"seq": "14", "n": "25234", "vap": "610", "pvap": "   3,51", "e": "N", "st": "Suplente"}, {"seq": "9", "n": "25000", "vap": "729", "pvap": "   4,20", "e": "S", "st": "Eleito"}, {"seq": "12", "n": "25369", "vap": "657", "pvap": "   3,78", "e": "S", "st": "Eleito"}, {"seq": "18", "n": "25010", "vap": "420", "pvap": "   2,42", "e": "N", "st": "Suplente"}, {"seq": "2", "n": "25789", "vap": "896", "pvap": "   5,16", "e": "S", "st": "Eleito"}, {"seq": "7", "n": "25555", "vap": "765", "pvap": "   4,40", "e": "S", "st": "Eleito"}, {"seq": "21", "n": "25444", "vap": "285", "pvap": "   1,64", "e": "N", "st": "Suplente"}, {"seq": "11", "n": "25111", "vap": "712", "pvap": "   4,10", "e": "S", "st": "Eleito"}, {"seq": "37", "n": "40123", "vap": "352", "pvap": "   2,03", "e": "N", "st": "N\u00e3o eleito"}, {"seq": "40", "n": "40000", "vap": "62", "pvap": "   0,36", "e": "N", "st": "N\u00e3o eleito"}, {"seq": "41", "n": "40555", "vap": "58", "pvap": "   0,33", "e": "N", "st": "N\u00e3o eleito"}, {"seq": "47", "n": "40444", "vap": "14", "pvap": "   0,08", "e": "N", "st": "N\u00e3o eleito"}, {"seq": "36", "n": "40222", "vap": "581", "pvap": "   3,35", "e": "N", "st": "N\u00e3o eleito"}, {"seq": "45", "n": "23123", "vap": "24", "pvap": "   0,14", "e": "N", "st": "N\u00e3o eleito"}, {"seq": "39", "n": "23333", "vap": "64", "pvap": "   0,37", "e": "N", "st": "N\u00e3o eleito"}, {"seq": "38", "n": "23456", "vap": "79", "pvap": "   0,45", "e": "N", "st": "N\u00e3o eleito"}, {"seq": "42", "n": "27777", "vap": "44", "pvap": "   0,25", "e": "N", "st": "N\u00e3o eleito"}, {"seq": "52", "n": "13214", "vap": "3", "pvap": "   0,02", "e": "N", "st": "N\u00e3o eleito"}, {"seq": "53", "n": "13190", "vap": "0", "pvap": "00.00", "e": "N", "st": "N\u00e3o eleito"}, {"seq": "50", "n": "13478", "vap": "6", "pvap": "   0,03", "e": "N", "st": "N\u00e3o eleito"}, {"seq": "48", "n": "13258", "vap": "11", "pvap": "   0,06", "e": "N", "st": "N\u00e3o eleito"}, {"seq": "44", "n": "13456", "vap": "28", "pvap": "   0,16", "e": "N", "st": "N\u00e3o eleito"}, {"seq": "46", "n": "13234", "vap": "24", "pvap": "   0,14", "e": "N", "st": "N\u00e3o eleito"}, {"seq": "49", "n": "13213", "vap": "10", "pvap": "   0,06", "e": "N", "st": "N\u00e3o eleito"}, {"seq": "51", "n": "13789", "vap": "4", "pvap": "   0,02", "e": "N", "st": "N\u00e3o eleito"}, {"seq": "28", "n": "10337", "vap": "51", "pvap": "   0,29", "e": "N", "st": "Suplente"}, {"seq": "10", "n": "10123", "vap": "720", "pvap": "   4,15", "e": "S", "st": "Eleito"}, {"seq": "30", "n": "10182", "vap": "40", "pvap": "   0,23", "e": "N", "st": "Suplente"}, {"seq": "31", "n": "10111", "vap": "27", "pvap": "   0,16", "e": "N", "st": "Suplente"}, {"seq": "17", "n": "10258", "vap": "457", "pvap": "   2,63", "e": "N", "st": "Suplente"}, {"seq": "25", "n": "10456", "vap": "99", "pvap": "   0,57", "e": "N", "st": "Suplente"}, {"seq": "8", "n": "10000", "vap": "762", "pvap": "   4,39", "e": "S", "st": "Eleito"}, {"seq": "16", "n": "10369", "vap": "487", "pvap": "   2,80", "e": "N", "st": "Suplente"}, {"seq": "20", "n": "10789", "vap": "312", "pvap": "   1,80", "e": "N", "st": "Suplente"}, {"seq": "43", "n": "50000", "vap": "31", "pvap": "   0,18", "e": "N", "st": "N\u00e3o eleito"}, {"seq": "27", "n": "22123", "vap": "57", "pvap": "   0,33", "e": "N", "st": "Suplente"}, {"seq": "22", "n": "22456", "vap": "196", "pvap": "   1,13", "e": "N", "st": "Suplente"}, {"seq": "26", "n": "22000", "vap": "92", "pvap": "   0,53", "e": "N", "st": "Suplente"}, {"seq": "13", "n": "22333", "vap": "650", "pvap": "   3,74", "e": "S", "st": "Eleito"}, {"seq": "35", "n": "22789", "vap": "0", "pvap": "00.00", "e": "N", "st": "Suplente"}, {"seq": "15", "n": "22222", "vap": "538", "pvap": "   3,10", "e": "N", "st": "Suplente"}, {"seq": "23", "n": "22111", "vap": "184", "pvap": "   1,06", "e": "N", "st": "Suplente"}, {"seq": "33", "n": "22223", "vap": "17", "pvap": "   0,10", "e": "N", "st": "Suplente"}, {"seq": "34", "n": "22444", "vap": "8", "pvap": "   0,05", "e": "N", "st": "Suplente"}]}, {"dt": "15/11/2020", "ht": "21:54:12", "tf": "S", "and": "F", "tpabr": "ZONA", "cdabr": "49", "s": "77", "st": "77", "snt": "0", "si": "77", "sni": "0", "sa": "77", "sna": "0", "pst": " 100,00", "psnt": "   0,00", "psi": " 100,00", "psni": "   0,00", "psa": " 100,00", "psna": "   0,00", "e": "24610", "ea": "24610", "ena": "0", "esi": "24610", "esni": "0", "a": "6169", "c": "18441", "pea": " 100,00", "pena": "   0,00", "pesi": " 100,00", "pesni": "   0,00", "pa": "  25,07", "pc": "  74,93", "vnom": "16415", "vscv": "0", "vl": "952", "tv": "18441", "vvc": "17367", "vb": "211", "tvn": "863", "vn": "863", "vnt": "0", "vp": "0", "vv": "17367", "van": "0", "vansj": "0", "pvnom": "  94,52", "pvl": "   5,48", "pvvc": "  94,18", "pvb": "   1,14", "ptvn": "   4,68", "pvn": " 100,00", "pvnt": "   0,00", "pvp": "   0,00", "pvv": " 100,00", "pvan": "   0,00", "pvansj": "   0,00", "cand": [{"seq": "47", "n": "40444", "vap": "14", "pvap": "   0,08", "e": "N", "st": "N\u00e3o eleito"}, {"seq": "41", "n": "40555", "vap": "58", "pvap": "   0,33", "e": "N", "st": "N\u00e3o eleito"}, {"seq": "37", "n": "40123", "vap": "352", "pvap": "   2,03", "e": "N", "st": "N\u00e3o eleito"}, {"seq": "36", "n": "40222", "vap": "581", "pvap": "   3,35", "e": "N", "st": "N\u00e3o eleito"}, {"seq": "40", "n": "40000", "vap": "62", "pvap": "   0,36", "e": "N", "st": "N\u00e3o eleito"}, {"seq": "14", "n": "25234", "vap": "610", "pvap": "   3,51", "e": "N", "st": "Suplente"}, {"seq": "32", "n": "25380", "vap": "23", "pvap": "   0,13", "e": "N", "st": "Suplente"}, {"seq": "19", "n": "25800", "vap": "333", "pvap": "   1,92", "e": "N", "st": "Suplente"}, {"seq": "24", "n": "25888", "vap": "126", "pvap": "   0,73", "e": "N", "st": "Suplente"}, {"seq": "11", "n": "25111", "vap": "712", "pvap": "   4,10", "e": "S", "st": "Eleito"}, {"seq": "5", "n": "25025", "vap": "807", "pvap": "   4,65", "e": "S", "st": "Eleito"}, {"seq": "6", "n": "25145", "vap": "800", "pvap": "   4,61", "e": "S", "st": "Eleito"}, {"seq": "7", "n": "25555", "vap": "765", "pvap": "   4,40", "e": "S", "st": "Eleito"}, {"seq": "9", "n": "25000", "vap": "729", "pvap": "   4,20", "e": "S", "st": "Eleito"}, {"seq": "12", "n": "25369", "vap": "657", "pvap": "   3,78", "e": "S", "st": "Eleito"}, {"seq": "3", "n": "25456", "vap": "849", "pvap": "   4,89", "e": "S", "st": "Eleito"}, {"seq": "2", "n": "25789", "vap": "896", "pvap": "   5,16", "e": "S", "st": "Eleito"}, {"seq": "1", "n": "25123", "vap": "1430", "pvap": "   8,23", "e": "S", "st": "Eleito"}, {"seq": "21", "n": "25444", "vap": "285", "pvap": "   1,64", "e": "N", "st": "Suplente"}, {"seq": "4", "n": "25333", "vap": "831", "pvap": "   4,78", "e": "S", "st": "Eleito"}, {"seq": "29", "n": "25222", "vap": "50", "pvap": "   0,29", "e": "N", "st": "Suplente"}, {"seq": "18", "n": "25010", "vap": "420", "pvap": "   2,42", "e": "N", "st": "Suplente"}, {"seq": "43", "n": "50000", "vap": "31", "pvap": "   0,18", "e": "N", "st": "N\u00e3o eleito"}, {"seq": "10", "n": "10123", "vap": "720", "pvap": "   4,15", "e": "S", "st": "Eleito"}, {"seq": "31", "n": "10111", "vap": "27", "pvap": "   0,16", "e": "N", "st": "Suplente"}, {"seq": "25", "n": "10456", "vap": "99", "pvap": "   0,57", "e": "N", "st": "Suplente"}, {"seq": "28", "n": "10337", "vap": "51", "pvap": "   0,29", "e": "N", "st": "Suplente"}, {"seq": "30", "n": "10182", "vap": "40", "pvap": "   0,23", "e": "N", "st": "Suplente"}, {"seq": "16", "n": "10369", "vap": "487", "pvap": "   2,80", "e": "N", "st": "Suplente"}, {"seq": "20", "n": "10789", "vap": "312", "pvap": "   1,80", "e": "N", "st": "Suplente"}, {"seq": "8", "n": "10000", "vap": "762", "pvap": "   4,39", "e": "S", "st": "Eleito"}, {"seq": "17", "n": "10258", "vap": "457", "pvap": "   2,63", "e": "N", "st": "Suplente"}, {"seq": "13", "n": "22333", "vap": "650", "pvap": "   3,74", "e": "S", "st": "Eleito"}, {"seq": "33", "n": "22223", "vap": "17", "pvap": "   0,10", "e": "N", "st": "Suplente"}, {"seq": "23", "n": "22111", "vap": "184", "pvap": "   1,06", "e": "N", "st": "Suplente"}, {"seq": "35", "n": "22789", "vap": "0", "pvap": "00.00", "e": "N", "st": "Suplente"}, {"seq": "34", "n": "22444", "vap": "8", "pvap": "   0,05", "e": "N", "st": "Suplente"}, {"seq": "15", "n": "22222", "vap": "538", "pvap": "   3,10", "e": "N", "st": "Suplente"}, {"seq": "22", "n": "22456", "vap": "196", "pvap": "   1,13", "e": "N", "st": "Suplente"}, {"seq": "26", "n": "22000", "vap": "92", "pvap": "   0,53", "e": "N", "st": "Suplente"}, {"seq": "27", "n": "22123", "vap": "57", "pvap": "   0,33", "e": "N", "st": "Suplente"}, {"seq": "39", "n": "23333", "vap": "64", "pvap": "   0,37", "e": "N", "st": "N\u00e3o eleito"}, {"seq": "45", "n": "23123", "vap": "24", "pvap": "   0,14", "e": "N", "st": "N\u00e3o eleito"}, {"seq": "38", "n": "23456", "vap": "79", "pvap": "   0,45", "e": "N", "st": "N\u00e3o eleito"}, {"seq": "42", "n": "27777", "vap": "44", "pvap": "   0,25", "e": "N", "st": "N\u00e3o eleito"}, {"seq": "52", "n": "13214", "vap": "3", "pvap": "   0,02", "e": "N", "st": "N\u00e3o eleito"}, {"seq": "51", "n": "13789", "vap": "4", "pvap": "   0,02", "e": "N", "st": "N\u00e3o eleito"}, {"seq": "53", "n": "13190", "vap": "0", "pvap": "00.00", "e": "N", "st": "N\u00e3o eleito"}, {"seq": "48", "n": "13258", "vap": "11", "pvap": "   0,06", "e": "N", "st": "N\u00e3o eleito"}, {"seq": "44", "n": "13456", "vap": "28", "pvap": "   0,16", "e": "N", "st": "N\u00e3o eleito"}, {"seq": "49", "n": "13213", "vap": "10", "pvap": "   0,06", "e": "N", "st": "N\u00e3o eleito"}, {"seq": "50", "n": "13478", "vap": "6", "pvap": "   0,03", "e": "N", "st": "N\u00e3o eleito"}, {"seq": "46", "n": "13234", "vap": "24", "pvap": "   0,14", "e": "N", "st": "N\u00e3o eleito"}]}]}