{"ele": "426", "carper": "13", "t": "1", "f": "O", "esae": "N", "mnae": " ", "dg": "15/11/2020", "hg": "22:13:40", "dv": "S", "nadf": "ma07722-c0013-e000426-002-f", "abr": [{"dt": "15/11/2020", "ht": "21:53:19", "tf": "S", "and": "F", "tpabr": "MU", "cdabr": "07722", "s": "56", "st": "56", "snt": "0", "si": "56", "sni": "0", "sa": "56", "sna": "0", "pst": " 100,00", "psnt": "   0,00", "psi": " 100,00", "psni": "   0,00", "psa": " 100,00", "psna": "   0,00", "e": "18578", "ea": "18578", "ena": "0", "esi": "18578", "esni": "0", "c": "14784", "a": "3794", "pea": " 100,00", "pena": "   0,00", "pesi": " 100,00", "pesni": "   0,00", "pa": "  20,42", "pc": "  79,58", "vscv": "0", "vnom": "13238", "vl": "742", "tv": "14784", "vvc": "14264", "vb": "93", "tvn": "427", "vn": "427", "vnt": "0", "vp": "0", "vv": "13980", "van": "0", "vansj": "284", "pvnom": "  94,69", "pvl": "   5,31", "pvvc": "  96,48", "pvb": "   0,63", "ptvn": "   2,89", "pvn": " 100,00", "pvnt": "   0,00", "pvp": "   0,00", "pvv": "  98,01", "pvan": "   0,00", "pvansj": "   1,99", "colig": [{"n": "100000132133", "tvtn": "2177", "tvan": "2177", "vag": "2", "tvtl": "110", "tval": "110"}, {"n": "100000132731", "tvtn": "1361", "tvan": "1361", "vag": "1", "tvtl": "30", "tval": "30"}, {"n": "100000132232", "tvtn": "246", "tvan": "246", "vag": "0", "tvtl": "22", "tval": "22"}, {"n": "100000132075", "tvtn": "3319", "tvan": "3319", "vag": "3", "tvtl": "74", "tval": "74"}, {"n": "100000106408", "tvtn": "1357", "tvan": "1357", "vag": "1", "tvtl": "171", "tval": "171"}, {"n": "100000093507", "tvtn": "2077", "tvan": "2361", "vag": "2", "tvtl": "50", "tval": "50"}, {"n": "100000087691", "tvtn": "755", "tvan": "755", "vag": "0", "tvtl": "60", "tval": "60"}, {"n": "100000147055", "tvtn": "275", "tvan": "275", "vag": "0", "tvtl": "10", "tval": "10"}, {"n": "100000131872", "tvtn": "1671", "tvan": "1671", "vag": "2", "tvtl": "215", "tval": "215"}], "part": [{"n": "11", "tvtn": "2177", "tvan": "2177", "tvtl": "110", "tval": "110"}, {"n": "25", "tvtn": "1361", "tvan": "1361", "tvtl": "30", "tval": "30"}, {"n": "14", "tvtn": "246", "tvan": "246", "tvtl": "22", "tval": "22"}, {"n": "10", "tvtn": "3319", "tvan": "3319", "tvtl": "74", "tval": "74"}, {"n": "13", "tvtn": "1357", "tvan": "1357", "tvtl": "171", "tval": "171"}, {"n": "19", "tvtn": "2077", "tvan": "2361", "tvtl": "50", "tval": "50"}, {"n": "20", "tvtn": "755", "tvan": "755", "tvtl": "60", "tval": "60"}, {"n": "55", "tvtn": "275", "tvan": "275", "tvtl": "10", "tval": "10"}, {"n": "12", "tvtn": "1671", "tvan": "1671", "tvtl": "215", "tval": "215"}], "cand": [{"seq": "60", "n": "11444", "vap": "21", "pvap": "   0,15", "e": "N", "st": "Suplente"}, {"seq": "61", "n": "11333", "vap": "20", "pvap": "   0,14", "e": "N", "st": "Suplente"}, {"seq": "53", "n": "11011", "vap": "40", "pvap": "   0,28", "e": "N", "st": "Suplente"}, {"seq": "18", "n": "11111", "vap": "260", "pvap": "   1,82", "e": "N", "st": "Suplente"}, {"seq": "79", "n": "11555", "vap": "5", "pvap": "   0,04", "e": "N", "st": "Suplente"}, {"seq": "50", "n": "11123", "vap": "47", "pvap": "   0,33", "e": "N", "st": "Suplente"}, {"seq": "81", "n": "11258", "vap": "5", "pvap": "   0,04", "e": "N", "st": "Suplente"}, {"seq": "36", "n": "11234", "vap": "119", "pvap": "   0,83", "e": "N", "st": "Suplente"}, {"seq": "10", "n": "11777", "vap": "327", "pvap": "   2,29", "e": "S", "st": "Eleito"}, {"seq": "3", "n": "11147", "vap": "549", "pvap": "   3,85", "e": "S", "st": "Eleito"}, {"seq": "30", "n": "11222", "vap": "157", "pvap": "   1,10", "e": "N", "st": "Suplente"}, {"seq": "76", "n": "11888", "vap": "8", "pvap": "   0,06", "e": "N", "st": "Suplente"}, {"seq": "82", "n": "11999", "vap": "2", "pvap": "   0,01", "e": "N", "st": "Suplente"}, {"seq": "16", "n": "11000", "vap": "281", "pvap": "   1,97", "e": "N", "st": "Suplente"}, {"seq": "24", "n": "11456", "vap": "208", "pvap": "   1,46", "e": "N", "st": "Suplente"}, {"seq": "34", "n": "11236", "vap": "128", "pvap": "   0,90", "e": "N", "st": "Suplente"}, {"seq": "9", "n": "25025", "vap": "335", "pvap": "   2,35", "e": "S", "st": "Eleito"}, {"seq": "48", "n": "25123", "vap": "55", "pvap": "   0,39", "e": "N", "st": "Suplente"}, {"seq": "40", "n": "25888", "vap": "88", "pvap": "   0,62", "e": "N", "st": "Suplente"}, {"seq": "58", "n": "25789", "vap": "30", "pvap": "   0,21", "e": "N", "st": "Suplente"}, {"seq": "52", "n": "25222", "vap": "44", "pvap": "   0,31", "e": "N", "st": "Suplente"}, {"seq": "19", "n": "25000", "vap": "246", "pvap": "   1,72", "e": "N", "st": "Suplente"}, {"seq": "77", "n": "25225", "vap": "6", "pvap": "   0,04", "e": "N", "st": "Suplente"}, {"seq": "22", "n": "25555", "vap": "219", "pvap": "   1,54", "e": "N", "st": "Suplente"}, {"seq": "26", "n": "25111", "vap": "196", "pvap": "   1,37", "e": "N", "st": "Suplente"}, {"seq": "33", "n": "25369", "vap": "142", "pvap": "   1,00", "e": "N", "st": "Suplente"}, {"seq": "99", "n": "14111", "vap": "18", "pvap": "   0,13", "e": "N", "st": "N\u00e3o eleito"}, {"seq": "86", "n": "14123", "vap": "202", "pvap": "   1,42", "e": "N", "st": "N\u00e3o eleito"}, {"seq": "96", "n": "14222", "vap": "26", "pvap": "   0,18", "e": "N", "st": "N\u00e3o eleito"}, {"seq": "8", "n": "10145", "vap": "387", "pvap": "   2,71", "e": "S", "st": "Eleito"}, {"seq": "17", "n": "10555", "vap": "265", "pvap": "   1,86", "e": "N", "st": "Suplente"}, {"seq": "4", "n": "10123", "vap": "534", "pvap": "   3,74", "e": "S", "st": "Eleito"}, {"seq": "12", "n": "10345", "vap": "366", "pvap": "   2,57", "e": "N", "st": "Suplente"}, {"seq": "44", "n": "10153", "vap": "69", "pvap": "   0,48", "e": "N", "st": "Suplente"}, {"seq": "28", "n": "10456", "vap": "162", "pvap": "   1,14", "e": "N", "st": "Suplente"}, {"seq": "66", "n": "10110", "vap": "18", "pvap": "   0,13", "e": "N", "st": "Suplente"}, {"seq": "62", "n": "10333", "vap": "19", "pvap": "   0,13", "e": "N", "st": "Suplente"}, {"seq": "46", "n": "10777", "vap": "64", "pvap": "   0,45", "e": "N", "st": "Suplente"}, {"seq": "13", "n": "10444", "vap": "329", "pvap": "   2,31", "e": "N", "st": "Suplente"}, {"seq": "14", "n": "10111", "vap": "317", "pvap": "   2,22", "e": "N", "st": "Suplente"}, {"seq": "37", "n": "10222", "vap": "101", "pvap": "   0,71", "e": "N", "st": "Suplente"}, {"seq": "45", "n": "10234", "vap": "65", "pvap": "   0,46", "e": "N", "st": "Suplente"}, {"seq": "42", "n": "10567", "vap": "76", "pvap": "   0,53", "e": "N", "st": "Suplente"}, {"seq": "43", "n": "10789", "vap": "69", "pvap": "   0,48", "e": "N", "st": "Suplente"}, {"seq": "6", "n": "10000", "vap": "478", "pvap": "   3,35", "e": "S", "st": "Eleito"}, {"seq": "74", "n": "13000", "vap": "9", "pvap": "   0,06", "e": "N", "st": "Suplente"}, {"seq": "71", "n": "13113", "vap": "12", "pvap": "   0,08", "e": "N", "st": "Suplente"}, {"seq": "70", "n": "13456", "vap": "16", "pvap": "   0,11", "e": "N", "st": "Suplente"}, {"seq": "31", "n": "13333", "vap": "157", "pvap": "   1,10", "e": "N", "st": "Suplente"}, {"seq": "54", "n": "13130", "vap": "40", "pvap": "   0,28", "e": "N", "st": "Suplente"}, {"seq": "73", "n": "13444", "vap": "10", "pvap": "   0,07", "e": "N", "st": "Suplente"}, {"seq": "5", "n": "13123", "vap": "485", "pvap": "   3,40", "e": "S", "st": "Eleito"}, {"seq": "64", "n": "13110", "vap": "19", "pvap": "   0,13", "e": "N", "st": "Suplente"}, {"seq": "29", "n": "13300", "vap": "161", "pvap": "   1,13", "e": "N", "st": "Suplente"}, {"seq": "67", "n": "13451", "vap": "17", "pvap": "   0,12", "e": "N", "st": "Suplente"}, {"seq": "38", "n": "13478", "vap": "98", "pvap": "   0,69", "e": "N", "st": "Suplente"}, {"seq": "32", "n": "13789", "vap": "148", "pvap": "   1,04", "e": "N", "st": "Suplente"}, {"seq": "63", "n": "13555", "vap": "19", "pvap": "   0,13", "e": "N", "st": "Suplente"}, {"seq": "56", "n": "13777", "vap": "34", "pvap": "   0,24", "e": "N", "st": "Suplente"}, {"seq": "47", "n": "13111", "vap": "58", "pvap": "   0,41", "e": "N", "st": "Suplente"}, {"seq": "59", "n": "13500", "vap": "25", "pvap": "   0,18", "e": "N", "st": "Suplente"}, {"seq": "49", "n": "13151", "vap": "49", "pvap": "   0,34", "e": "N", "st": "Suplente"}, {"seq": "2", "n": "19200", "vap": "576", "pvap": "   4,04", "e": "S", "st": "Eleito"}, {"seq": "11", "n": "19123", "vap": "275", "pvap": "   1,93", "e": "S", "st": "Eleito"}, {"seq": "83", "n": "19700", "vap": "1", "pvap": "   0,01", "e": "N", "st": "Suplente"}, {"seq": "80", "n": "19333", "vap": "5", "pvap": "   0,04", "e": "N", "st": "Suplente"}, {"seq": "55", "n": "19999", "vap": "35", "pvap": "   0,25", "e": "N", "st": "Suplente"}, {"seq": "78", "n": "19777", "vap": "5", "pvap": "   0,04", "e": "N", "st": "Suplente"}, {"seq": "21", "n": "19234", "vap": "234", "pvap": "   1,64", "e": "N", "st": "Suplente"}, {"seq": "35", "n": "19019", "vap": "125", "pvap": "   0,88", "e": "N", "st": "Suplente"}, {"seq": "27", "n": "19000", "vap": "183", "pvap": "   1,28", "e": "N", "st": "Suplente"}, {"seq": "39", "n": "19567", "vap": "95", "pvap": "   0,67", "e": "N", "st": "Suplente"}, {"seq": "84", "n": "19789", "vap": "284", "pvap": "   1,99", "e": "N", "st": "N\u00e3o eleito"}, {"seq": "57", "n": "19678", "vap": "33", "pvap": "   0,23", "e": "N", "st": "Suplente"}, {"seq": "51", "n": "19345", "vap": "45", "pvap": "   0,32", "e": "N", "st": "Suplente"}, {"seq": "72", "n": "19321", "vap": "12", "pvap": "   0,08", "e": "N", "st": "Suplente"}, {"seq": "20", "n": "19222", "vap": "243", "pvap": "   1,70", "e": "N", "st": "Suplente"}, {"seq": "23", "n": "19456", "vap": "210", "pvap": "   1,47", "e": "N", "st": "Suplente"}, {"seq": "90", "n": "20111", "vap": "61", "pvap": "   0,43", "e": "N", "st": "N\u00e3o eleito"}, {"seq": "97", "n": "20321", "vap": "26", "pvap": "   0,18", "e": "N", "st": "N\u00e3o eleito"}, {"seq": "101", "n": "20202", "vap": "13", "pvap": "   0,09", "e": "N", "st": "N\u00e3o eleito"}, {"seq": "92", "n": "20333", "vap": "44", "pvap": "   0,31", "e": "N", "st": "N\u00e3o eleito"}, {"seq": "102", "n": "20234", "vap": "13", "pvap": "   0,09", "e": "N", "st": "N\u00e3o eleito"}, {"seq": "98", "n": "20777", "vap": "25", "pvap": "   0,18", "e": "N", "st": "N\u00e3o eleito"}, {"seq": "85", "n": "20123", "vap": "256", "pvap": "   1,79", "e": "N", "st": "N\u00e3o eleito"}, {"seq": "105", "n": "20555", "vap": "4", "pvap": "   0,03", "e": "N", "st": "N\u00e3o eleito"}, {"seq": "100", "n": "20762", "vap": "15", "pvap": "   0,11", "e": "N", "st": "N\u00e3o eleito"}, {"seq": "88", "n": "20100", "vap": "112", "pvap": "   0,79", "e": "N", "st": "N\u00e3o eleito"}, {"seq": "87", "n": "20000", "vap": "176", "pvap": "   1,23", "e": "N", "st": "N\u00e3o eleito"}, {"seq": "104", "n": "20222", "vap": "10", "pvap": "   0,07", "e": "N", "st": "N\u00e3o eleito"}, {"seq": "93", "n": "55321", "vap": "43", "pvap": "   0,30", "e": "N", "st": "N\u00e3o eleito"}, {"seq": "91", "n": "55017", "vap": "46", "pvap": "   0,32", "e": "N", "st": "N\u00e3o eleito"}, {"seq": "103", "n": "55100", "vap": "12", "pvap": "   0,08", "e": "N", "st": "N\u00e3o eleito"}, {"seq": "89", "n": "55123", "vap": "109", "pvap": "   0,76", "e": "N", "st": "N\u00e3o eleito"}, {"seq": "106", "n": "55145", "vap": "3", "pvap": "   0,02", "e": "N", "st": "N\u00e3o eleito"}, {"seq": "107", "n": "55000", "vap": "1", "pvap": "   0,01", "e": "N", "st": "N\u00e3o eleito"}, {"seq": "95", "n": "55222", "vap": "30", "pvap": "   0,21", "e": "N", "st": "N\u00e3o eleito"}, {"seq": "94", "n": "55555", "vap": "31", "pvap": "   0,22", "e": "N", "st": "N\u00e3o eleito"}, {"seq": "69", "n": "12777", "vap": "17", "pvap": "   0,12", "e": "N", "st": "Suplente"}, {"seq": "41", "n": "12222", "vap": "88", "pvap": "   0,62", "e": "N", "st": "Suplente"}, {"seq": "68", "n": "12555", "vap": "17", "pvap": "   0,12", "e": "N", "st": "Suplente"}, {"seq": "15", "n": "12456", "vap": "299", "pvap": "   2,10", "e": "N", "st": "Suplente"}, {"seq": "65", "n": "12444", "vap": "18", "pvap": "   0,13", "e": "N", "st": "Suplente"}, {"seq": "7", "n": "12789", "vap": "436", "pvap": "   3,06", "e": "S", "st": "Eleito"}, {"seq": "25", "n": "12000", "vap": "203", "pvap": "   1,42", "e": "N", "st": "Suplente"}, {"seq": "75", "n": "12121", "vap": "9", "pvap": "   0,06", "e": "N", "st": "Suplente"}, {"seq": "1", "n": "12345", "vap": "584", "pvap": "   4,09", "e": "S", "st": "Eleito"}]}, {"dt": "15/11/2020", "ht": "21:53:19", "tf": "S", "and": "F", "tpabr": "ZONA", "cdabr": "98", "s": "56", "st": "56", "snt": "0", "si": "56", "sni": "0", "sa": "56", "sna": "0", "pst": " 100,00", "psnt": "   0,00", "psi": " 100,00", "psni": "   0,00", "psa": " 100,00", "psna": "   0,00", "e": "18578", "ea": "18578", "ena": "0", "esi": "18578", "esni": "0", "a": "3794", "c": "14784", "pea": " 100,00", "pena": "   0,00", "pesi": " 100,00", "pesni": "   0,00", "pa": "  20,42", "pc": "  79,58", "vnom": "13238", "vscv": "0", "vl": "742", "tv": "14784", "vvc": "14264", "vb": "93", "tvn": "427", "vn": "427", "vnt": "0", "vp": "0", "vv": "13980", "van": "0", "vansj": "284", "pvnom": "  94,69", "pvl": "   5,31", "pvvc": "  96,48", "pvb": "   0,63", "ptvn": "   2,89", "pvn": " 100,00", "pvnt": "   0,00", "pvp": "   0,00", "pvv": "  98,01", "pvan": "   0,00", "pvansj": "   1,99", "cand": [{"seq": "6", "n": "10000", "vap": "478", "pvap": "   3,35", "e": "S", "st": "Eleito"}, {"seq": "45", "n": "10234", "vap": "65", "pvap": "   0,46", "e": "N", "st": "Suplente"}, {"seq": "46", "n": "10777", "vap": "64", "pvap": "   0,45", "e": "N", "st": "Suplente"}, {"seq": "43", "n": "10789", "vap": "69", "pvap": "   0,48", "e": "N", "st": "Suplente"}, {"seq": "17", "n": "10555", "vap": "265", "pvap": "   1,86", "e": "N", "st": "Suplente"}, {"seq": "62", "n": "10333", "vap": "19", "pvap": "   0,13", "e": "N", "st": "Suplente"}, {"seq": "42", "n": "10567", "vap": "76", "pvap": "   0,53", "e": "N", "st": "Suplente"}, {"seq": "28", "n": "10456", "vap": "162", "pvap": "   1,14", "e": "N", "st": "Suplente"}, {"seq": "14", "n": "10111", "vap": "317", "pvap": "   2,22", "e": "N", "st": "Suplente"}, {"seq": "12", "n": "10345", "vap": "366", "pvap": "   2,57", "e": "N", "st": "Suplente"}, {"seq": "66", "n": "10110", "vap": "18", "pvap": "   0,13", "e": "N", "st": "Suplente"}, {"seq": "8", "n": "10145", "vap": "387", "pvap": "   2,71", "e": "S", "st": "Eleito"}, {"seq": "13", "n": "10444", "vap": "329", "pvap": "   2,31", "e": "N", "st": "Suplente"}, {"seq": "4", "n": "10123", "vap": "534", "pvap": "   3,74", "e": "S", "st": "Eleito"}, {"seq": "44", "n": "10153", "vap": "69", "pvap": "   0,48", "e": "N", "st": "Suplente"}, {"seq": "37", "n": "10222", "vap": "101", "pvap": "   0,71", "e": "N", "st": "Suplente"}, {"seq": "93", "n": "55321", "vap": "43", "pvap": "   0,30", "e": "N", "st": "N\u00e3o eleito"}, {"seq": "103", "n": "55100", "vap": "12", "pvap": "   0,08", "e": "N", "st": "N\u00e3o eleito"}, {"seq": "91", "n": "55017", "vap": "46", "pvap": "   0,32", "e": "N", "st": "N\u00e3o eleito"}, {"seq": "95", "n": "55222", "vap": "30", "pvap": "   0,21", "e": "N", "st": "N\u00e3o eleito"}, {"seq": "107", "n": "55000", "vap": "1", "pvap": "   0,01", "e": "N", "st": "N\u00e3o eleito"}, {"seq": "94", "n": "55555", "vap": "31", "pvap": "   0,22", "e": "N", "st": "N\u00e3o eleito"}, {"seq": "106", "n": "55145", "vap": "3", "pvap": "   0,02", "e": "N", "st": "N\u00e3o eleito"}, {"seq": "89", "n": "55123", "vap": "109", "pvap": "   0,76", "e": "N", "st": "N\u00e3o eleito"}, {"seq": "67", "n": "13451", "vap": "17", "pvap": "   0,12", "e": "N", "st": "Suplente"}, {"seq": "59", "n": "13500", "vap": "25", "pvap": "   0,18", "e": "N", "st": "Suplente"}, {"seq": "63", "n": "13555", "vap": "19", "pvap": "   0,13", "e": "N", "st": "Suplente"}, {"seq": "54", "n": "13130", "vap": "40", "pvap": "   0,28", "e": "N", "st": "Suplente"}, {"seq": "47", "n": "13111", "vap": "58", "pvap": "   0,41", "e": "N", "st": "Suplente"}, {"seq": "31", "n": "13333", "vap": "157", "pvap": "   1,10", "e": "N", "st": "Suplente"}, {"seq": "71", "n": "13113", "vap": "12", "pvap": "   0,08", "e": "N", "st": "Suplente"}, {"seq": "29", "n": "13300", "vap": "161", "pvap": "   1,13", "e": "N", "st": "Suplente"}, {"seq": "64", "n": "13110", "vap": "19", "pvap": "   0,13", "e": "N", "st": "Suplente"}, {"seq": "49", "n": "13151", "vap": "49", "pvap": "   0,34", "e": "N", "st": "Suplente"}, {"seq": "73", "n": "13444", "vap": "10", "pvap": "   0,07", "e": "N", "st": "Suplente"}, {"seq": "56", "n": "13777", "vap": "34", "pvap": "   0,24", "e": "N", "st": "Suplente"}, {"seq": "74", "n": "13000", "vap": "9", "pvap": "   0,06", "e": "N", "st": "Suplente"}, {"seq": "38", "n": "13478", "vap": "98", "pvap": "   0,69", "e": "N", "st": "Suplente"}, {"seq": "32", "n": "13789", "vap": "148", "pvap": "   1,04", "e": "N", "st": "Suplente"}, {"seq": "70", "n": "13456", "vap": "16", "pvap": "   0,11", "e": "N", "st": "Suplente"}, {"seq": "5", "n": "13123", "vap": "485", "pvap": "   3,40", "e": "S", "st": "Eleito"}, {"seq": "58", "n": "25789", "vap": "30", "pvap": "   0,21", "e": "N", "st": "Suplente"}, {"seq": "40", "n": "25888", "vap": "88", "pvap": "   0,62", "e": "N", "st": "Suplente"}, {"seq": "33", "n": "25369", "vap": "142", "pvap": "   1,00", "e": "N", "st": "Suplente"}, {"seq": "26", "n": "25111", "vap": "196", "pvap": "   1,37", "e": "N", "st": "Suplente"}, {"seq": "77", "n": "25225", "vap": "6", "pvap": "   0,04", "e": "N", "st": "Suplente"}, {"seq": "52", "n": "25222", "vap": "44", "pvap": "   0,31", "e": "N", "st": "Suplente"}, {"seq": "9", "n": "25025", "vap": "335", "pvap": "   2,35", "e": "S", "st": "Eleito"}, {"seq": "22", "n": "25555", "vap": "219", "pvap": "   1,54", "e": "N", "st": "Suplente"}, {"seq": "19", "n": "25000", "vap": "246", "pvap": "   1,72", "e": "N", "st": "Suplente"}, {"seq": "48", "n": "25123", "vap": "55", "pvap": "   0,39", "e": "N", "st": "Suplente"}, {"seq": "99", "n": "14111", "vap": "18", "pvap": "   0,13", "e": "N", "st": "N\u00e3o eleito"}, {"seq": "96", "n": "14222", "vap": "26", "pvap": "   0,18", "e": "N", "st": "N\u00e3o eleito"}, {"seq": "86", "n": "14123", "vap": "202", "pvap": "   1,42", "e": "N", "st": "N\u00e3o eleito"}, {"seq": "2", "n": "19200", "vap": "576", "pvap": "   4,04", "e": "S", "st": "Eleito"}, {"seq": "80", "n": "19333", "vap": "5", "pvap": "   0,04", "e": "N", "st": "Suplente"}, {"seq": "21", "n": "19234", "vap": "234", "pvap": "   1,64", "e": "N", "st": "Suplente"}, {"seq": "20", "n": "19222", "vap": "243", "pvap": "   1,70", "e": "N", "st": "Suplente"}, {"seq": "27", "n": "19000", "vap": "183", "pvap": "   1,28", "e": "N", "st": "Suplente"}, {"seq": "35", "n": "19019", "vap": "125", "pvap": "   0,88", "e": "N", "st": "Suplente"}, {"seq": "39", "n": "19567", "vap": "95", "pvap": "   0,67", "e": "N", "st": "Suplente"}, {"seq": "57", "n": "19678", "vap": "33", "pvap": "   0,23", "e": "N", "st": "Suplente"}, {"seq": "83", "n": "19700", "vap": "1", "pvap": "   0,01", "e": "N", "st": "Suplente"}, {"seq": "84", "n": "19789", "vap": "284", "pvap": "   1,99", "e": "N", "st": "N\u00e3o eleito"}, {"seq": "55", "n": "19999", "vap": "35", "pvap": "   0,25", "e": "N", "st": "Suplente"}, {"seq": "11", "n": "19123", "vap": "275", "pvap": "   1,93", "e": "S", "st": "Eleito"}, {"seq": "23", "n": "19456", "vap": "210", "pvap": "   1,47", "e": "N", "st": "Suplente"}, {"seq": "78", "n": "19777", "vap": "5", "pvap": "   0,04", "e": "N", "st": "Suplente"}, {"seq": "72", "n": "19321", "vap": "12", "pvap": "   0,08", "e": "N", "st": "Suplente"}, {"seq": "51", "n": "19345", "vap": "45", "pvap": "   0,32", "e": "N", "st": "Suplente"}, {"seq": "53", "n": "11011", "vap": "40", "pvap": "   0,28", "e": "N", "st": "Suplente"}, {"seq": "3", "n": "11147", "vap": "549", "pvap": "   3,85", "e": "S", "st": "Eleito"}, {"seq": "30", "n": "11222", "vap": "157", "pvap": "   1,10", "e": "N", "st": "Suplente"}, {"seq": "50", "n": "11123", "vap": "47", "pvap": "   0,33", "e": "N", "st": "Suplente"}, {"seq": "36", "n": "11234", "vap": "119", "pvap": "   0,83", "e": "N", "st": "Suplente"}, {"seq": "60", "n": "11444", "vap": "21", "pvap": "   0,15", "e": "N", "st": "Suplente"}, {"seq": "24", "n": "11456", "vap": "208", "pvap": "   1,46", "e": "N", "st": "Suplente"}, {"seq": "18", "n": "11111", "vap": "260", "pvap": "   1,82", "e": "N", "st": "Suplente"}, {"seq": "61", "n": "11333", "vap": "20", "pvap": "   0,14", "e": "N", "st": "Suplente"}, {"seq": "79", "n": "11555", "vap": "5", "pvap": "   0,04", "e": "N", "st": "Suplente"}, {"seq": "82", "n": "11999", "vap": "2", "pvap": "   0,01", "e": "N", "st": "Suplente"}, {"seq": "10", "n": "11777", "vap": "327", "pvap": "   2,29", "e": "S", "st": "Eleito"}, {"seq": "76", "n": "11888", "vap": "8", "pvap": "   0,06", "e": "N", "st": "Suplente"}, {"seq": "16", "n": "11000", "vap": "281", "pvap": "   1,97", "e": "N", "st": "Suplente"}, {"seq": "34", "n": "11236", "vap": "128", "pvap": "   0,90", "e": "N", "st": "Suplente"}, {"seq": "81", "n": "11258", "vap": "5", "pvap": "   0,04", "e": "N", "st": "Suplente"}, {"seq": "1", "n": "12345", "vap": "584", "pvap": "   4,09", "e": "S", "st": "Eleito"}, {"seq": "75", "n": "12121", "vap": "9", "pvap": "   0,06", "e": "N", "st": "Suplente"}, {"seq": "41", "n": "12222", "vap": "88", "pvap": "   0,62", "e": "N", "st": "Suplente"}, {"seq": "68", "n": "12555", "vap": "17", "pvap": "   0,12", "e": "N", "st": "Suplente"}, {"seq": "15", "n": "12456", "vap": "299", "pvap": "   2,10", "e": "N", "st": "Suplente"}, {"seq": "7", "n": "12789", "vap": "436", "pvap": "   3,06", "e": "S", "st": "Eleito"}, {"seq": "25", "n": "12000", "vap": "203", "pvap": "   1,42", "e": "N", "st": "Suplente"}, {"seq": "69", "n": "12777", "vap": "17", "pvap": "   0,12", "e": "N", "st": "Suplente"}, {"seq": "65", "n": "12444", "vap": "18", "pvap": "   0,13", "e": "N", "st": "Suplente"}, {"seq": "87", "n": "20000", "vap": "176", "pvap": "   1,23", "e": "N", "st": "N\u00e3o eleito"}, {"seq": "102", "n": "20234", "vap": "13", "pvap": "   0,09", "e": "N", "st": "N\u00e3o eleito"}, {"seq": "105", "n": "20555", "vap": "4", "pvap": "   0,03", "e": "N", "st": "N\u00e3o eleito"}, {"seq": "100", "n": "20762", "vap": "15", "pvap": "   0,11", "e": "N", "st": "N\u00e3o eleito"}, {"seq": "97", "n": "20321", "vap": "26", "pvap": "   0,18", "e": "N", "st": "N\u00e3o eleito"}, {"seq": "92", "n": "20333", "vap": "44", "pvap": "   0,31", "e": "N", "st": "N\u00e3o eleito"}, {"seq": "90", "n": "20111", "vap": "61", "pvap": "   0,43", "e": "N", "st": "N\u00e3o eleito"}, {"seq": "101", "n": "20202", "vap": "13", "pvap": "   0,09", "e": "N", "st": "N\u00e3o eleito"}, {"seq": "98", "n": "20777", "vap": "25", "pvap": "   0,18", "e": "N", "st": "N\u00e3o eleito"}, {"seq": "85", "n": "20123", "vap": "256", "pvap": "   1,79", "e": "N", "st": "N\u00e3o eleito"}, {"seq": "88", "n": "20100", "vap": "112", "pvap": "   0,79", "e": "N", "st": "N\u00e3o eleito"}, {"seq": "104", "n": "20222", "vap": "10", "pvap": "   0,07", "e": "N", "st": "N\u00e3o eleito"}]}]}