{"ele": "426", "carper": "13", "t": "1", "f": "O", "esae": "N", "mnae": " ", "dg": "15/11/2020", "hg": "22:13:34", "dv": "S", "nadf": "ma07064-c0013-e000426-002-f", "abr": [{"dt": "15/11/2020", "ht": "21:38:02", "tf": "S", "and": "F", "tpabr": "MU", "cdabr": "07064", "s": "38", "st": "38", "snt": "0", "si": "38", "sni": "0", "sa": "38", "sna": "0", "pst": " 100,00", "psnt": "   0,00", "psi": " 100,00", "psni": "   0,00", "psa": " 100,00", "psna": "   0,00", "e": "13124", "ea": "13124", "ena": "0", "esi": "13124", "esni": "0", "c": "11144", "a": "1980", "pea": " 100,00", "pena": "   0,00", "pesi": " 100,00", "pesni": "   0,00", "pa": "  15,09", "pc": "  84,91", "vscv": "0", "vnom": "10395", "vl": "459", "tv": "11144", "vvc": "10928", "vb": "60", "tvn": "156", "vn": "156", "vnt": "0", "vp": "0", "vv": "10854", "van": "0", "vansj": "74", "pvnom": "  95,77", "pvl": "   4,23", "pvvc": "  98,06", "pvb": "   0,54", "ptvn": "   1,40", "pvn": " 100,00", "pvnt": "   0,00", "pvp": "   0,00", "pvv": "  99,32", "pvan": "   0,00", "pvansj": "   0,68", "colig": [{"n": "100000135005", "tvtn": "540", "tvan": "540", "vag": "0", "tvtl": "15", "tval": "15"}, {"n": "100000069414", "tvtn": "364", "tvan": "364", "vag": "0", "tvtl": "8", "tval": "8"}, {"n": "100000069373", "tvtn": "1649", "tvan": "1649", "vag": "2", "tvtl": "34", "tval": "34"}, {"n": "100000104512", "tvtn": "2565", "tvan": "2639", "vag": "3", "tvtl": "143", "tval": "143"}, {"n": "100000149835", "tvtn": "26", "tvan": "26", "vag": "0", "tvtl": "4", "tval": "4"}, {"n": "100000134766", "tvtn": "2340", "tvan": "2340", "vag": "3", "tvtl": "189", "tval": "189"}, {"n": "100000069376", "tvtn": "2911", "tvan": "2911", "vag": "3", "tvtl": "66", "tval": "66"}], "part": [{"n": "77", "tvtn": "540", "tvan": "540", "tvtl": "15", "tval": "15"}, {"n": "33", "tvtn": "364", "tvan": "364", "tvtl": "8", "tval": "8"}, {"n": "10", "tvtn": "1649", "tvan": "1649", "tvtl": "34", "tval": "34"}, {"n": "20", "tvtn": "2565", "tvan": "2639", "tvtl": "143", "tval": "143"}, {"n": "17", "tvtn": "26", "tvan": "26", "tvtl": "4", "tval": "4"}, {"n": "22", "tvtn": "2340", "tvan": "2340", "tvtl": "189", "tval": "189"}, {"n": "12", "tvtn": "2911", "tvan": "2911", "tvtl": "66", "tval": "66"}], "cand": [{"seq": "62", "n": "77789", "vap": "33", "pvap": "   0,30", "e": "N", "st": "N\u00e3o eleito"}, {"seq": "63", "n": "77125", "vap": "32", "pvap": "   0,29", "e": "N", "st": "N\u00e3o eleito"}, {"seq": "64", "n": "77720", "vap": "22", "pvap": "   0,20", "e": "N", "st": "N\u00e3o eleito"}, {"seq": "72", "n": "77132", "vap": "2", "pvap": "   0,02", "e": "N", "st": "N\u00e3o eleito"}, {"seq": "55", "n": "77444", "vap": "63", "pvap": "   0,58", "e": "N", "st": "N\u00e3o eleito"}, {"seq": "51", "n": "77123", "vap": "99", "pvap": "   0,91", "e": "N", "st": "N\u00e3o eleito"}, {"seq": "53", "n": "77777", "vap": "68", "pvap": "   0,62", "e": "N", "st": "N\u00e3o eleito"}, {"seq": "57", "n": "77377", "vap": "55", "pvap": "   0,50", "e": "N", "st": "N\u00e3o eleito"}, {"seq": "52", "n": "77222", "vap": "89", "pvap": "   0,81", "e": "N", "st": "N\u00e3o eleito"}, {"seq": "59", "n": "77555", "vap": "34", "pvap": "   0,31", "e": "N", "st": "N\u00e3o eleito"}, {"seq": "70", "n": "77111", "vap": "10", "pvap": "   0,09", "e": "N", "st": "N\u00e3o eleito"}, {"seq": "61", "n": "77000", "vap": "33", "pvap": "   0,30", "e": "N", "st": "N\u00e3o eleito"}, {"seq": "65", "n": "33123", "vap": "22", "pvap": "   0,20", "e": "N", "st": "N\u00e3o eleito"}, {"seq": "54", "n": "33000", "vap": "65", "pvap": "   0,59", "e": "N", "st": "N\u00e3o eleito"}, {"seq": "50", "n": "33456", "vap": "172", "pvap": "   1,57", "e": "N", "st": "N\u00e3o eleito"}, {"seq": "60", "n": "33007", "vap": "34", "pvap": "   0,31", "e": "N", "st": "N\u00e3o eleito"}, {"seq": "67", "n": "33789", "vap": "13", "pvap": "   0,12", "e": "N", "st": "N\u00e3o eleito"}, {"seq": "56", "n": "33333", "vap": "58", "pvap": "   0,53", "e": "N", "st": "N\u00e3o eleito"}, {"seq": "10", "n": "10505", "vap": "269", "pvap": "   2,46", "e": "S", "st": "Eleito"}, {"seq": "31", "n": "10111", "vap": "94", "pvap": "   0,86", "e": "N", "st": "Suplente"}, {"seq": "39", "n": "10110", "vap": "41", "pvap": "   0,38", "e": "N", "st": "Suplente"}, {"seq": "35", "n": "10101", "vap": "63", "pvap": "   0,58", "e": "N", "st": "Suplente"}, {"seq": "9", "n": "10123", "vap": "315", "pvap": "   2,88", "e": "S", "st": "Eleito"}, {"seq": "23", "n": "10456", "vap": "180", "pvap": "   1,65", "e": "N", "st": "Suplente"}, {"seq": "25", "n": "10789", "vap": "168", "pvap": "   1,54", "e": "N", "st": "Suplente"}, {"seq": "38", "n": "10225", "vap": "44", "pvap": "   0,40", "e": "N", "st": "Suplente"}, {"seq": "16", "n": "10266", "vap": "243", "pvap": "   2,22", "e": "N", "st": "Suplente"}, {"seq": "27", "n": "10634", "vap": "127", "pvap": "   1,16", "e": "N", "st": "Suplente"}, {"seq": "29", "n": "10235", "vap": "105", "pvap": "   0,96", "e": "N", "st": "Suplente"}, {"seq": "2", "n": "20789", "vap": "629", "pvap": "   5,76", "e": "S", "st": "Eleito"}, {"seq": "43", "n": "20275", "vap": "31", "pvap": "   0,28", "e": "N", "st": "Suplente"}, {"seq": "48", "n": "20777", "vap": "3", "pvap": "   0,03", "e": "N", "st": "Suplente"}, {"seq": "30", "n": "20135", "vap": "96", "pvap": "   0,88", "e": "N", "st": "Suplente"}, {"seq": "66", "n": "20111", "vap": "21", "pvap": "   0,19", "e": "N", "st": "N\u00e3o eleito"}, {"seq": "11", "n": "20456", "vap": "261", "pvap": "   2,39", "e": "S", "st": "Eleito"}, {"seq": "22", "n": "20123", "vap": "194", "pvap": "   1,78", "e": "N", "st": "Suplente"}, {"seq": "40", "n": "20107", "vap": "35", "pvap": "   0,32", "e": "N", "st": "Suplente"}, {"seq": "24", "n": "20222", "vap": "171", "pvap": "   1,56", "e": "N", "st": "Suplente"}, {"seq": "33", "n": "20110", "vap": "71", "pvap": "   0,65", "e": "N", "st": "Suplente"}, {"seq": "19", "n": "20120", "vap": "223", "pvap": "   2,04", "e": "N", "st": "Suplente"}, {"seq": "1", "n": "20369", "vap": "666", "pvap": "   6,09", "e": "S", "st": "Eleito"}, {"seq": "37", "n": "20147", "vap": "56", "pvap": "   0,51", "e": "N", "st": "Suplente"}, {"seq": "58", "n": "20134", "vap": "53", "pvap": "   0,48", "e": "N", "st": "N\u00e3o eleito"}, {"seq": "28", "n": "20234", "vap": "122", "pvap": "   1,12", "e": "N", "st": "Suplente"}, {"seq": "47", "n": "20321", "vap": "7", "pvap": "   0,06", "e": "N", "st": "Suplente"}, {"seq": "69", "n": "17220", "vap": "10", "pvap": "   0,09", "e": "N", "st": "N\u00e3o eleito"}, {"seq": "68", "n": "17123", "vap": "12", "pvap": "   0,11", "e": "N", "st": "N\u00e3o eleito"}, {"seq": "74", "n": "17567", "vap": "0", "pvap": "00.00", "e": "N", "st": "N\u00e3o eleito"}, {"seq": "71", "n": "17890", "vap": "4", "pvap": "   0,04", "e": "N", "st": "N\u00e3o eleito"}, {"seq": "73", "n": "17456", "vap": "0", "pvap": "00.00", "e": "N", "st": "N\u00e3o eleito"}, {"seq": "36", "n": "22321", "vap": "61", "pvap": "   0,56", "e": "N", "st": "Suplente"}, {"seq": "42", "n": "22022", "vap": "31", "pvap": "   0,28", "e": "N", "st": "Suplente"}, {"seq": "21", "n": "22789", "vap": "204", "pvap": "   1,87", "e": "N", "st": "Suplente"}, {"seq": "5", "n": "22111", "vap": "480", "pvap": "   4,39", "e": "S", "st": "Eleito"}, {"seq": "32", "n": "22567", "vap": "91", "pvap": "   0,83", "e": "N", "st": "Suplente"}, {"seq": "17", "n": "22243", "vap": "238", "pvap": "   2,18", "e": "N", "st": "Suplente"}, {"seq": "26", "n": "22345", "vap": "137", "pvap": "   1,25", "e": "N", "st": "Suplente"}, {"seq": "15", "n": "22000", "vap": "265", "pvap": "   2,42", "e": "N", "st": "Suplente"}, {"seq": "44", "n": "22333", "vap": "18", "pvap": "   0,16", "e": "N", "st": "Suplente"}, {"seq": "8", "n": "22123", "vap": "337", "pvap": "   3,08", "e": "S", "st": "Eleito"}, {"seq": "46", "n": "22222", "vap": "7", "pvap": "   0,06", "e": "N", "st": "Suplente"}, {"seq": "6", "n": "22555", "vap": "436", "pvap": "   3,99", "e": "S", "st": "Eleito"}, {"seq": "41", "n": "22456", "vap": "35", "pvap": "   0,32", "e": "N", "st": "Suplente"}, {"seq": "34", "n": "12456", "vap": "67", "pvap": "   0,61", "e": "N", "st": "Suplente"}, {"seq": "45", "n": "12666", "vap": "8", "pvap": "   0,07", "e": "N", "st": "Suplente"}, {"seq": "20", "n": "12123", "vap": "206", "pvap": "   1,89", "e": "N", "st": "Suplente"}, {"seq": "18", "n": "12000", "vap": "230", "pvap": "   2,10", "e": "N", "st": "Suplente"}, {"seq": "12", "n": "12789", "vap": "304", "pvap": "   2,78", "e": "N", "st": "Suplente"}, {"seq": "4", "n": "12333", "vap": "545", "pvap": "   4,99", "e": "S", "st": "Eleito"}, {"seq": "49", "n": "12777", "vap": "1", "pvap": "   0,01", "e": "N", "st": "Suplente"}, {"seq": "13", "n": "12222", "vap": "301", "pvap": "   2,75", "e": "N", "st": "Suplente"}, {"seq": "7", "n": "12345", "vap": "399", "pvap": "   3,65", "e": "S", "st": "Eleito"}, {"seq": "3", "n": "12369", "vap": "565", "pvap": "   5,17", "e": "S", "st": "Eleito"}, {"seq": "14", "n": "12678", "vap": "285", "pvap": "   2,61", "e": "N", "st": "Suplente"}]}, {"dt": "15/11/2020", "ht": "21:38:02", "tf": "S", "and": "F", "tpabr": "ZONA", "cdabr": "107", "s": "38", "st": "38", "snt": "0", "si": "38", "sni": "0", "sa": "38", "sna": "0", "pst": " 100,00", "psnt": "   0,00", "psi": " 100,00", "psni": "   0,00", "psa": " 100,00", "psna": "   0,00", "e": "13124", "ea": "13124", "ena": "0", "esi": "13124", "esni": "0", "a": "1980", "c": "11144", "pea": " 100,00", "pena": "   0,00", "pesi": " 100,00", "pesni": "   0,00", "pa": "  15,09", "pc": "  84,91", "vnom": "10395", "vscv": "0", "vl": "459", "tv": "11144", "vvc": "10928", "vb": "60", "tvn": "156", "vn": "156", "vnt": "0", "vp": "0", "vv": "10854", "van": "0", "vansj": "74", "pvnom": "  95,77", "pvl": "   4,23", "pvvc": "  98,06", "pvb": "   0,54", "ptvn": "   1,40", "pvn": " 100,00", "pvnt": "   0,00", "pvp": "   0,00", "pvv": "  99,32", "pvan": "   0,00", "pvansj": "   0,68", "cand": [{"seq": "50", "n": "33456", "vap": "172", "pvap": "   1,57", "e": "N", "st": "N\u00e3o eleito"}, {"seq": "54", "n": "33000", "vap": "65", "pvap": "   0,59", "e": "N", "st": "N\u00e3o eleito"}, {"seq": "56", "n": "33333", "vap": "58", "pvap": "   0,53", "e": "N", "st": "N\u00e3o eleito"}, {"seq": "60", "n": "33007", "vap": "34", "pvap": "   0,31", "e": "N", "st": "N\u00e3o eleito"}, {"seq": "65", "n": "33123", "vap": "22", "pvap": "   0,20", "e": "N", "st": "N\u00e3o eleito"}, {"seq": "67", "n": "33789", "vap": "13", "pvap": "   0,12", "e": "N", "st": "N\u00e3o eleito"}, {"seq": "51", "n": "77123", "vap": "99", "pvap": "   0,91", "e": "N", "st": "N\u00e3o eleito"}, {"seq": "52", "n": "77222", "vap": "89", "pvap": "   0,81", "e": "N", "st": "N\u00e3o eleito"}, {"seq": "53", "n": "77777", "vap": "68", "pvap": "   0,62", "e": "N", "st": "N\u00e3o eleito"}, {"seq": "55", "n": "77444", "vap": "63", "pvap": "   0,58", "e": "N", "st": "N\u00e3o eleito"}, {"seq": "57", "n": "77377", "vap": "55", "pvap": "   0,50", "e": "N", "st": "N\u00e3o eleito"}, {"seq": "59", "n": "77555", "vap": "34", "pvap": "   0,31", "e": "N", "st": "N\u00e3o eleito"}, {"seq": "61", "n": "77000", "vap": "33", "pvap": "   0,30", "e": "N", "st": "N\u00e3o eleito"}, {"seq": "62", "n": "77789", "vap": "33", "pvap": "   0,30", "e": "N", "st": "N\u00e3o eleito"}, {"seq": "63", "n": "77125", "vap": "32", "pvap": "   0,29", "e": "N", "st": "N\u00e3o eleito"}, {"seq": "64", "n": "77720", "vap": "22", "pvap": "   0,20", "e": "N", "st": "N\u00e3o eleito"}, {"seq": "70", "n": "77111", "vap": "10", "pvap": "   0,09", "e": "N", "st": "N\u00e3o eleito"}, {"seq": "72", "n": "77132", "vap": "2", "pvap": "   0,02", "e": "N", "st": "N\u00e3o eleito"}, {"seq": "5", "n": "22111", "vap": "480", "pvap": "   4,39", "e": "S", "st": "Eleito"}, {"seq": "6", "n": "22555", "vap": "436", "pvap": "   3,99", "e": "S", "st": "Eleito"}, {"seq": "8", "n": "22123", "vap": "337", "pvap": "   3,08", "e": "S", "st": "Eleito"}, {"seq": "15", "n": "22000", "vap": "265", "pvap": "   2,42", "e": "N", "st": "Suplente"}, {"seq": "17", "n": "22243", "vap": "238", "pvap": "   2,18", "e": "N", "st": "Suplente"}, {"seq": "21", "n": "22789", "vap": "204", "pvap": "   1,87", "e": "N", "st": "Suplente"}, {"seq": "26", "n": "22345", "vap": "137", "pvap": "   1,25", "e": "N", "st": "Suplente"}, {"seq": "32", "n": "22567", "vap": "91", "pvap": "   0,83", "e": "N", "st": "Suplente"}, {"seq": "36", "n": "22321", "vap": "61", "pvap": "   0,56", "e": "N", "st": "Suplente"}, {"seq": "41", "n": "22456", "vap": "35", "pvap": "   0,32", "e": "N", "st": "Suplente"}, {"seq": "42", "n": "22022", "vap": "31", "pvap": "   0,28", "e": "N", "st": "Suplente"}, {"seq": "44", "n": "22333", "vap": "18", "pvap": "   0,16", "e": "N", "st": "Suplente"}, {"seq": "46", "n": "22222", "vap": "7", "pvap": "   0,06", "e": "N", "st": "Suplente"}, {"seq": "1", "n": "20369", "vap": "666", "pvap": "   6,09", "e": "S", "st": "Eleito"}, {"seq": "2", "n": "20789", "vap": "629", "pvap": "   5,76", "e": "S", "st": "Eleito"}, {"seq": "11", "n": "20456", "vap": "261", "pvap": "   2,39", "e": "S", "st": "Eleito"}, {"seq": "19", "n": "20120", "vap": "223", "pvap": "   2,04", "e": "N", "st": "Suplente"}, {"seq": "22", "n": "20123", "vap": "194", "pvap": "   1,78", "e": "N", "st": "Suplente"}, {"seq": "24", "n": "20222", "vap": "171", "pvap": "   1,56", "e": "N", "st": "Suplente"}, {"seq": "28", "n": "20234", "vap": "122", "pvap": "   1,12", "e": "N", "st": "Suplente"}, {"seq": "30", "n": "20135", "vap": "96", "pvap": "   0,88", "e": "N", "st": "Suplente"}, {"seq": "33", "n": "20110", "vap": "71", "pvap": "   0,65", "e": "N", "st": "Suplente"}, {"seq": "37", "n": "20147", "vap": "56", "pvap": "   0,51", "e": "N", "st": "Suplente"}, {"seq": "40", "n": "20107", "vap": "35", "pvap": "   0,32", "e": "N", "st": "Suplente"}, {"seq": "43", "n": "20275", "vap": "31", "pvap": "   0,28", "e": "N", "st": "Suplente"}, {"seq": "47", "n": "20321", "vap": "7", "pvap": "   0,06", "e": "N", "st": "Suplente"}, {"seq": "48", "n": "20777", "vap": "3", "pvap": "   0,03", "e": "N", "st": "Suplente"}, {"seq": "58", "n": "20134", "vap": "53", "pvap": "   0,48", "e": "N", "st": "N\u00e3o eleito"}, {"seq": "66", "n": "20111", "vap": "21", "pvap": "   0,19", "e": "N", "st": "N\u00e3o eleito"}, {"seq": "68", "n": "17123", "vap": "12", "pvap": "   0,11", "e": "N", "st": "N\u00e3o eleito"}, {"seq": "69", "n": "17220", "vap": "10", "pvap": "   0,09", "e": "N", "st": "N\u00e3o eleito"}, {"seq": "71", "n": "17890", "vap": "4", "pvap": "   0,04", "e": "N", "st": "N\u00e3o eleito"}, {"seq": "73", "n": "17456", "vap": "0", "pvap": "00.00", "e": "N", "st": "N\u00e3o eleito"}, {"seq": "74", "n": "17567", "vap": "0", "pvap": "00.00", "e": "N", "st": "N\u00e3o eleito"}, {"seq": "9", "n": "10123", "vap": "315", "pvap": "   2,88", "e": "S", "st": "Eleito"}, {"seq": "10", "n": "10505", "vap": "269", "pvap": "   2,46", "e": "S", "st": "Eleito"}, {"seq": "16", "n": "10266", "vap": "243", "pvap": "   2,22", "e": "N", "st": "Suplente"}, {"seq": "23", "n": "10456", "vap": "180", "pvap": "   1,65", "e": "N", "st": "Suplente"}, {"seq": "25", "n": "10789", "vap": "168", "pvap": "   1,54", "e": "N", "st": "Suplente"}, {"seq": "27", "n": "10634", "vap": "127", "pvap": "   1,16", "e": "N", "st": "Suplente"}, {"seq": "29", "n": "10235", "vap": "105", "pvap": "   0,96", "e": "N", "st": "Suplente"}, {"seq": "31", "n": "10111", "vap": "94", "pvap": "   0,86", "e": "N", "st": "Suplente"}, {"seq": "35", "n": "10101", "vap": "63", "pvap": "   0,58", "e": "N", "st": "Suplente"}, {"seq": "38", "n": "10225", "vap": "44", "pvap": "   0,40", "e": "N", "st": "Suplente"}, {"seq": "39", "n": "10110", "vap": "41", "pvap": "   0,38", "e": "N", "st": "Suplente"}, {"seq": "3", "n": "12369", "vap": "565", "pvap": "   5,17", "e": "S", "st": "Eleito"}, {"seq": "4", "n": "12333", "vap": "545", "pvap": "   4,99", "e": "S", "st": "Eleito"}, {"seq": "7", "n": "12345", "vap": "399", "pvap": "   3,65", "e": "S", "st": "Eleito"}, {"seq": "12", "n": "12789", "vap": "304", "pvap": "   2,78", "e": "N", "st": "Suplente"}, {"seq": "13", "n": "12222", "vap": "301", "pvap": "   2,75", "e": "N", "st": "Suplente"}, {"seq": "14", "n": "12678", "vap": "285", "pvap": "   2,61", "e": "N", "st": "Suplente"}, {"seq": "18", "n": "12000", "vap": "230", "pvap": "   2,10", "e": "N", "st": "Suplente"}, {"seq": "20", "n": "12123", "vap": "206", "pvap": "   1,89", "e": "N", "st": "Suplente"}, {"seq": "34", "n": "12456", "vap": "67", "pvap": "   0,61", "e": "N", "st": "Suplente"}, {"seq": "45", "n": "12666", "vap": "8", "pvap": "   0,07", "e": "N", "st": "Suplente"}, {"seq": "49", "n": "12777", "vap": "1", "pvap": "   0,01", "e": "N", "st": "Suplente"}]}]}