{"ele": "426", "carper": "13", "t": "1", "f": "O", "esae": "N", "mnae": " ", "dg": "15/11/2020", "hg": "22:13:50", "dv": "S", "nadf": "ma07897-c0013-e000426-002-f", "abr": [{"dt": "15/11/2020", "ht": "21:43:57", "tf": "S", "and": "F", "tpabr": "MU", "cdabr": "07897", "s": "40", "st": "40", "snt": "0", "si": "40", "sni": "0", "sa": "40", "sna": "0", "pst": " 100,00", "psnt": "   0,00", "psi": " 100,00", "psni": "   0,00", "psa": " 100,00", "psna": "   0,00", "e": "11524", "ea": "11524", "ena": "0", "esi": "11524", "esni": "0", "c": "8892", "a": "2632", "pea": " 100,00", "pena": "   0,00", "pesi": " 100,00", "pesni": "   0,00", "pa": "  22,84", "pc": "  77,16", "vscv": "0", "vnom": "7958", "vl": "565", "tv": "8892", "vvc": "8523", "vb": "81", "tvn": "288", "vn": "288", "vnt": "0", "vp": "0", "vv": "8523", "van": "0", "vansj": "0", "pvnom": "  93,37", "pvl": "   6,63", "pvvc": "  95,85", "pvb": "   0,91", "ptvn": "   3,24", "pvn": " 100,00", "pvnt": "   0,00", "pvp": "   0,00", "pvv": " 100,00", "pvan": "   0,00", "pvansj": "   0,00", "colig": [{"n": "100000115514", "tvtn": "2448", "tvan": "2448", "vag": "3", "tvtl": "156", "tval": "156"}, {"n": "100000131182", "tvtn": "113", "tvan": "113", "vag": "0", "tvtl": "12", "tval": "12"}, {"n": "100000131443", "tvtn": "1952", "tvan": "1952", "vag": "3", "tvtl": "130", "tval": "130"}, {"n": "100000114996", "tvtn": "3445", "tvan": "3445", "vag": "5", "tvtl": "267", "tval": "267"}], "part": [{"n": "14", "tvtn": "2448", "tvan": "2448", "tvtl": "156", "tval": "156"}, {"n": "55", "tvtn": "113", "tvan": "113", "tvtl": "12", "tval": "12"}, {"n": "22", "tvtn": "1952", "tvan": "1952", "tvtl": "130", "tval": "130"}, {"n": "12", "tvtn": "3445", "tvan": "3445", "tvtl": "267", "tval": "267"}], "cand": [{"seq": "6", "n": "14444", "vap": "446", "pvap": "   5,23", "e": "S", "st": "Eleito"}, {"seq": "3", "n": "14000", "vap": "830", "pvap": "   9,74", "e": "S", "st": "Eleito"}, {"seq": "13", "n": "14789", "vap": "275", "pvap": "   3,23", "e": "N", "st": "Suplente"}, {"seq": "12", "n": "14555", "vap": "292", "pvap": "   3,43", "e": "N", "st": "Suplente"}, {"seq": "17", "n": "14123", "vap": "188", "pvap": "   2,21", "e": "N", "st": "Suplente"}, {"seq": "25", "n": "14222", "vap": "7", "pvap": "   0,08", "e": "N", "st": "Suplente"}, {"seq": "22", "n": "14333", "vap": "45", "pvap": "   0,53", "e": "N", "st": "Suplente"}, {"seq": "11", "n": "14456", "vap": "328", "pvap": "   3,85", "e": "S", "st": "Eleito"}, {"seq": "23", "n": "14777", "vap": "37", "pvap": "   0,43", "e": "N", "st": "Suplente"}, {"seq": "28", "n": "55123", "vap": "59", "pvap": "   0,69", "e": "N", "st": "N\u00e3o eleito"}, {"seq": "29", "n": "55555", "vap": "32", "pvap": "   0,38", "e": "N", "st": "N\u00e3o eleito"}, {"seq": "32", "n": "55223", "vap": "1", "pvap": "   0,01", "e": "N", "st": "N\u00e3o eleito"}, {"seq": "30", "n": "55222", "vap": "19", "pvap": "   0,22", "e": "N", "st": "N\u00e3o eleito"}, {"seq": "31", "n": "55456", "vap": "2", "pvap": "   0,02", "e": "N", "st": "N\u00e3o eleito"}, {"seq": "26", "n": "22333", "vap": "3", "pvap": "   0,04", "e": "N", "st": "Suplente"}, {"seq": "27", "n": "22000", "vap": "1", "pvap": "   0,01", "e": "N", "st": "Suplente"}, {"seq": "14", "n": "22555", "vap": "266", "pvap": "   3,12", "e": "N", "st": "Suplente"}, {"seq": "10", "n": "22123", "vap": "348", "pvap": "   4,08", "e": "S", "st": "Eleito"}, {"seq": "24", "n": "22455", "vap": "7", "pvap": "   0,08", "e": "N", "st": "Suplente"}, {"seq": "16", "n": "22110", "vap": "224", "pvap": "   2,63", "e": "N", "st": "Suplente"}, {"seq": "5", "n": "22345", "vap": "467", "pvap": "   5,48", "e": "S", "st": "Eleito"}, {"seq": "20", "n": "22111", "vap": "78", "pvap": "   0,92", "e": "N", "st": "Suplente"}, {"seq": "19", "n": "22234", "vap": "181", "pvap": "   2,12", "e": "N", "st": "Suplente"}, {"seq": "8", "n": "22456", "vap": "377", "pvap": "   4,42", "e": "S", "st": "Eleito"}, {"seq": "4", "n": "12456", "vap": "495", "pvap": "   5,81", "e": "S", "st": "Eleito"}, {"seq": "15", "n": "12123", "vap": "256", "pvap": "   3,00", "e": "N", "st": "Suplente"}, {"seq": "1", "n": "12789", "vap": "853", "pvap": "  10,01", "e": "S", "st": "Eleito"}, {"seq": "2", "n": "12222", "vap": "839", "pvap": "   9,84", "e": "S", "st": "Eleito"}, {"seq": "21", "n": "12555", "vap": "65", "pvap": "   0,76", "e": "N", "st": "Suplente"}, {"seq": "9", "n": "12111", "vap": "360", "pvap": "   4,22", "e": "S", "st": "Eleito"}, {"seq": "18", "n": "12333", "vap": "188", "pvap": "   2,21", "e": "N", "st": "Suplente"}, {"seq": "7", "n": "12345", "vap": "389", "pvap": "   4,56", "e": "S", "st": "Eleito"}]}, {"dt": "15/11/2020", "ht": "21:43:57", "tf": "S", "and": "F", "tpabr": "ZONA", "cdabr": "108", "s": "40", "st": "40", "snt": "0", "si": "40", "sni": "0", "sa": "40", "sna": "0", "pst": " 100,00", "psnt": "   0,00", "psi": " 100,00", "psni": "   0,00", "psa": " 100,00", "psna": "   0,00", "e": "11524", "ea": "11524", "ena": "0", "esi": "11524", "esni": "0", "a": "2632", "c": "8892", "pea": " 100,00", "pena": "   0,00", "pesi": " 100,00", "pesni": "   0,00", "pa": "  22,84", "pc": "  77,16", "vnom": "7958", "vscv": "0", "vl": "565", "tv": "8892", "vvc": "8523", "vb": "81", "tvn": "288", "vn": "288", "vnt": "0", "vp": "0", "vv": "8523", "van": "0", "vansj": "0", "pvnom": "  93,37", "pvl": "   6,63", "pvvc": "  95,85", "pvb": "   0,91", "ptvn": "   3,24", "pvn": " 100,00", "pvnt": "   0,00", "pvp": "   0,00", "pvv": " 100,00", "pvan": "   0,00", "pvansj": "   0,00", "cand": [{"seq": "21", "n": "12555", "vap": "65", "pvap": "   0,76", "e": "N", "st": "Suplente"}, {"seq": "15", "n": "12123", "vap": "256", "pvap": "   3,00", "e": "N", "st": "Suplente"}, {"seq": "18", "n": "12333", "vap": "188", "pvap": "   2,21", "e": "N", "st": "Suplente"}, {"seq": "9", "n": "12111", "vap": "360", "pvap": "   4,22", "e": "S", "st": "Eleito"}, {"seq": "7", "n": "12345", "vap": "389", "pvap": "   4,56", "e": "S", "st": "Eleito"}, {"seq": "2", "n": "12222", "vap": "839", "pvap": "   9,84", "e": "S", "st": "Eleito"}, {"seq": "4", "n": "12456", "vap": "495", "pvap": "   5,81", "e": "S", "st": "Eleito"}, {"seq": "1", "n": "12789", "vap": "853", "pvap": "  10,01", "e": "S", "st": "Eleito"}, {"seq": "22", "n": "14333", "vap": "45", "pvap": "   0,53", "e": "N", "st": "Suplente"}, {"seq": "3", "n": "14000", "vap": "830", "pvap": "   9,74", "e": "S", "st": "Eleito"}, {"seq": "13", "n": "14789", "vap": "275", "pvap": "   3,23", "e": "N", "st": "Suplente"}, {"seq": "6", "n": "14444", "vap": "446", "pvap": "   5,23", "e": "S", "st": "Eleito"}, {"seq": "17", "n": "14123", "vap": "188", "pvap": "   2,21", "e": "N", "st": "Suplente"}, {"seq": "12", "n": "14555", "vap": "292", "pvap": "   3,43", "e": "N", "st": "Suplente"}, {"seq": "11", "n": "14456", "vap": "328", "pvap": "   3,85", "e": "S", "st": "Eleito"}, {"seq": "23", "n": "14777", "vap": "37", "pvap": "   0,43", "e": "N", "st": "Suplente"}, {"seq": "25", "n": "14222", "vap": "7", "pvap": "   0,08", "e": "N", "st": "Suplente"}, {"seq": "26", "n": "22333", "vap": "3", "pvap": "   0,04", "e": "N", "st": "Suplente"}, {"seq": "5", "n": "22345", "vap": "467", "pvap": "   5,48", "e": "S", "st": "Eleito"}, {"seq": "8", "n": "22456", "vap": "377", "pvap": "   4,42", "e": "S", "st": "Eleito"}, {"seq": "10", "n": "22123", "vap": "348", "pvap": "   4,08", "e": "S", "st": "Eleito"}, {"seq": "20", "n": "22111", "vap": "78", "pvap": "   0,92", "e": "N", "st": "Suplente"}, {"seq": "24", "n": "22455", "vap": "7", "pvap": "   0,08", "e": "N", "st": "Suplente"}, {"seq": "27", "n": "22000", "vap": "1", "pvap": "   0,01", "e": "N", "st": "Suplente"}, {"seq": "14", "n": "22555", "vap": "266", "pvap": "   3,12", "e": "N", "st": "Suplente"}, {"seq": "19", "n": "22234", "vap": "181", "pvap": "   2,12", "e": "N", "st": "Suplente"}, {"seq": "16", "n": "22110", "vap": "224", "pvap": "   2,63", "e": "N", "st": "Suplente"}, {"seq": "32", "n": "55223", "vap": "1", "pvap": "   0,01", "e": "N", "st": "N\u00e3o eleito"}, {"seq": "29", "n": "55555", "vap": "32", "pvap": "   0,38", "e": "N", "st": "N\u00e3o eleito"}, {"seq": "31", "n": "55456", "vap": "2", "pvap": "   0,02", "e": "N", "st": "N\u00e3o eleito"}, {"seq": "28", "n": "55123", "vap": "59", "pvap": "   0,69", "e": "N", "st": "N\u00e3o eleito"}, {"seq": "30", "n": "55222", "vap": "19", "pvap": "   0,22", "e": "N", "st": "N\u00e3o eleito"}]}]}