{"ele": "426", "carper": "13", "t": "1", "f": "O", "esae": "N", "mnae": " ", "dg": "15/11/2020", "hg": "22:13:51", "dv": "S", "nadf": "ma08877-c0013-e000426-002-f", "abr": [{"dt": "15/11/2020", "ht": "21:45:40", "tf": "S", "and": "F", "tpabr": "MU", "cdabr": "08877", "s": "42", "st": "42", "snt": "0", "si": "42", "sni": "0", "sa": "42", "sna": "0", "pst": " 100,00", "psnt": "   0,00", "psi": " 100,00", "psni": "   0,00", "psa": " 100,00", "psna": "   0,00", "e": "15293", "ea": "15293", "ena": "0", "esi": "15293", "esni": "0", "c": "12854", "a": "2439", "pea": " 100,00", "pena": "   0,00", "pesi": " 100,00", "pesni": "   0,00", "pa": "  15,95", "pc": "  84,05", "vscv": "0", "vnom": "11385", "vl": "687", "tv": "12854", "vvc": "12072", "vb": "124", "tvn": "658", "vn": "658", "vnt": "0", "vp": "0", "vv": "12072", "van": "0", "vansj": "0", "pvnom": "  94,31", "pvl": "   5,69", "pvvc": "  93,92", "pvb": "   0,96", "ptvn": "   5,12", "pvn": " 100,00", "pvnt": "   0,00", "pvp": "   0,00", "pvv": " 100,00", "pvan": "   0,00", "pvansj": "   0,00", "colig": [{"n": "100000148213", "tvtn": "4679", "tvan": "4679", "vag": "5", "tvtl": "141", "tval": "141"}, {"n": "100000148044", "tvtn": "679", "tvan": "679", "vag": "0", "tvtl": "31", "tval": "31"}, {"n": "100000158578", "tvtn": "20", "tvan": "20", "vag": "0", "tvtl": "5", "tval": "5"}, {"n": "100000125085", "tvtn": "4354", "tvan": "4354", "vag": "5", "tvtl": "347", "tval": "347"}, {"n": "100000147985", "tvtn": "1653", "tvan": "1653", "vag": "1", "tvtl": "163", "tval": "163"}], "part": [{"n": "45", "tvtn": "4679", "tvan": "4679", "tvtl": "141", "tval": "141"}, {"n": "13", "tvtn": "679", "tvan": "679", "tvtl": "31", "tval": "31"}, {"n": "17", "tvtn": "20", "tvan": "20", "tvtl": "5", "tval": "5"}, {"n": "55", "tvtn": "4354", "tvan": "4354", "tvtl": "347", "tval": "347"}, {"n": "12", "tvtn": "1653", "tvan": "1653", "tvtl": "163", "tval": "163"}], "cand": [{"seq": "9", "n": "45555", "vap": "430", "pvap": "   3,56", "e": "S", "st": "Eleito"}, {"seq": "1", "n": "45777", "vap": "824", "pvap": "   6,83", "e": "S", "st": "Eleito"}, {"seq": "2", "n": "45678", "vap": "820", "pvap": "   6,79", "e": "S", "st": "Eleito"}, {"seq": "31", "n": "45115", "vap": "69", "pvap": "   0,57", "e": "N", "st": "Suplente"}, {"seq": "16", "n": "45222", "vap": "336", "pvap": "   2,78", "e": "N", "st": "Suplente"}, {"seq": "10", "n": "45333", "vap": "401", "pvap": "   3,32", "e": "S", "st": "Eleito"}, {"seq": "38", "n": "45600", "vap": "37", "pvap": "   0,31", "e": "N", "st": "Suplente"}, {"seq": "27", "n": "45321", "vap": "79", "pvap": "   0,65", "e": "N", "st": "Suplente"}, {"seq": "37", "n": "45888", "vap": "41", "pvap": "   0,34", "e": "N", "st": "Suplente"}, {"seq": "3", "n": "45111", "vap": "688", "pvap": "   5,70", "e": "S", "st": "Eleito"}, {"seq": "15", "n": "45123", "vap": "349", "pvap": "   2,89", "e": "N", "st": "Suplente"}, {"seq": "43", "n": "45345", "vap": "23", "pvap": "   0,19", "e": "N", "st": "Suplente"}, {"seq": "14", "n": "45000", "vap": "360", "pvap": "   2,98", "e": "N", "st": "Suplente"}, {"seq": "24", "n": "45900", "vap": "114", "pvap": "   0,94", "e": "N", "st": "Suplente"}, {"seq": "48", "n": "45045", "vap": "11", "pvap": "   0,09", "e": "N", "st": "Suplente"}, {"seq": "25", "n": "45999", "vap": "97", "pvap": "   0,80", "e": "N", "st": "Suplente"}, {"seq": "52", "n": "13127", "vap": "94", "pvap": "   0,78", "e": "N", "st": "N\u00e3o eleito"}, {"seq": "51", "n": "13123", "vap": "128", "pvap": "   1,06", "e": "N", "st": "N\u00e3o eleito"}, {"seq": "50", "n": "13333", "vap": "140", "pvap": "   1,16", "e": "N", "st": "N\u00e3o eleito"}, {"seq": "57", "n": "13110", "vap": "12", "pvap": "   0,10", "e": "N", "st": "N\u00e3o eleito"}, {"seq": "49", "n": "13113", "vap": "197", "pvap": "   1,63", "e": "N", "st": "N\u00e3o eleito"}, {"seq": "53", "n": "13013", "vap": "38", "pvap": "   0,31", "e": "N", "st": "N\u00e3o eleito"}, {"seq": "55", "n": "13000", "vap": "34", "pvap": "   0,28", "e": "N", "st": "N\u00e3o eleito"}, {"seq": "54", "n": "13111", "vap": "36", "pvap": "   0,30", "e": "N", "st": "N\u00e3o eleito"}, {"seq": "56", "n": "17777", "vap": "17", "pvap": "   0,14", "e": "N", "st": "N\u00e3o eleito"}, {"seq": "58", "n": "17000", "vap": "3", "pvap": "   0,02", "e": "N", "st": "N\u00e3o eleito"}, {"seq": "20", "n": "55051", "vap": "192", "pvap": "   1,59", "e": "N", "st": "Suplente"}, {"seq": "39", "n": "55147", "vap": "34", "pvap": "   0,28", "e": "N", "st": "Suplente"}, {"seq": "47", "n": "55789", "vap": "12", "pvap": "   0,10", "e": "N", "st": "Suplente"}, {"seq": "12", "n": "55800", "vap": "418", "pvap": "   3,46", "e": "N", "st": "Suplente"}, {"seq": "45", "n": "55235", "vap": "17", "pvap": "   0,14", "e": "N", "st": "Suplente"}, {"seq": "13", "n": "55678", "vap": "405", "pvap": "   3,35", "e": "N", "st": "Suplente"}, {"seq": "5", "n": "55123", "vap": "574", "pvap": "   4,75", "e": "S", "st": "Eleito"}, {"seq": "21", "n": "55444", "vap": "147", "pvap": "   1,22", "e": "N", "st": "Suplente"}, {"seq": "7", "n": "55222", "vap": "483", "pvap": "   4,00", "e": "S", "st": "Eleito"}, {"seq": "4", "n": "55333", "vap": "634", "pvap": "   5,25", "e": "S", "st": "Eleito"}, {"seq": "22", "n": "55000", "vap": "137", "pvap": "   1,13", "e": "N", "st": "Suplente"}, {"seq": "29", "n": "55111", "vap": "73", "pvap": "   0,60", "e": "N", "st": "Suplente"}, {"seq": "6", "n": "55888", "vap": "489", "pvap": "   4,05", "e": "S", "st": "Eleito"}, {"seq": "8", "n": "55555", "vap": "435", "pvap": "   3,60", "e": "S", "st": "Eleito"}, {"seq": "34", "n": "55456", "vap": "55", "pvap": "   0,46", "e": "N", "st": "Suplente"}, {"seq": "44", "n": "55999", "vap": "22", "pvap": "   0,18", "e": "N", "st": "Suplente"}, {"seq": "19", "n": "55777", "vap": "227", "pvap": "   1,88", "e": "N", "st": "Suplente"}, {"seq": "30", "n": "12789", "vap": "72", "pvap": "   0,60", "e": "N", "st": "Suplente"}, {"seq": "35", "n": "12567", "vap": "49", "pvap": "   0,41", "e": "N", "st": "Suplente"}, {"seq": "26", "n": "12000", "vap": "79", "pvap": "   0,65", "e": "N", "st": "Suplente"}, {"seq": "40", "n": "12111", "vap": "29", "pvap": "   0,24", "e": "N", "st": "Suplente"}, {"seq": "32", "n": "12333", "vap": "66", "pvap": "   0,55", "e": "N", "st": "Suplente"}, {"seq": "36", "n": "12135", "vap": "48", "pvap": "   0,40", "e": "N", "st": "Suplente"}, {"seq": "41", "n": "12121", "vap": "28", "pvap": "   0,23", "e": "N", "st": "Suplente"}, {"seq": "28", "n": "12612", "vap": "78", "pvap": "   0,65", "e": "N", "st": "Suplente"}, {"seq": "17", "n": "12345", "vap": "326", "pvap": "   2,70", "e": "N", "st": "Suplente"}, {"seq": "33", "n": "12456", "vap": "65", "pvap": "   0,54", "e": "N", "st": "Suplente"}, {"seq": "18", "n": "12120", "vap": "280", "pvap": "   2,32", "e": "N", "st": "Suplente"}, {"seq": "42", "n": "12115", "vap": "26", "pvap": "   0,22", "e": "N", "st": "Suplente"}, {"seq": "23", "n": "12222", "vap": "134", "pvap": "   1,11", "e": "N", "st": "Suplente"}, {"seq": "11", "n": "12123", "vap": "357", "pvap": "   2,96", "e": "S", "st": "Eleito"}, {"seq": "46", "n": "12543", "vap": "16", "pvap": "   0,13", "e": "N", "st": "Suplente"}]}, {"dt": "15/11/2020", "ht": "21:45:40", "tf": "S", "and": "F", "tpabr": "ZONA", "cdabr": "75", "s": "42", "st": "42", "snt": "0", "si": "42", "sni": "0", "sa": "42", "sna": "0", "pst": " 100,00", "psnt": "   0,00", "psi": " 100,00", "psni": "   0,00", "psa": " 100,00", "psna": "   0,00", "e": "15293", "ea": "15293", "ena": "0", "esi": "15293", "esni": "0", "a": "2439", "c": "12854", "pea": " 100,00", "pena": "   0,00", "pesi": " 100,00", "pesni": "   0,00", "pa": "  15,95", "pc": "  84,05", "vnom": "11385", "vscv": "0", "vl": "687", "tv": "12854", "vvc": "12072", "vb": "124", "tvn": "658", "vn": "658", "vnt": "0", "vp": "0", "vv": "12072", "van": "0", "vansj": "0", "pvnom": "  94,31", "pvl": "   5,69", "pvvc": "  93,92", "pvb": "   0,96", "ptvn": "   5,12", "pvn": " 100,00", "pvnt": "   0,00", "pvp": "   0,00", "pvv": " 100,00", "pvan": "   0,00", "pvansj": "   0,00", "cand": [{"seq": "55", "n": "13000", "vap": "34", "pvap": "   0,28", "e": "N", "st": "N\u00e3o eleito"}, {"seq": "54", "n": "13111", "vap": "36", "pvap": "   0,30", "e": "N", "st": "N\u00e3o eleito"}, {"seq": "52", "n": "13127", "vap": "94", "pvap": "   0,78", "e": "N", "st": "N\u00e3o eleito"}, {"seq": "51", "n": "13123", "vap": "128", "pvap": "   1,06", "e": "N", "st": "N\u00e3o eleito"}, {"seq": "57", "n": "13110", "vap": "12", "pvap": "   0,10", "e": "N", "st": "N\u00e3o eleito"}, {"seq": "49", "n": "13113", "vap": "197", "pvap": "   1,63", "e": "N", "st": "N\u00e3o eleito"}, {"seq": "50", "n": "13333", "vap": "140", "pvap": "   1,16", "e": "N", "st": "N\u00e3o eleito"}, {"seq": "53", "n": "13013", "vap": "38", "pvap": "   0,31", "e": "N", "st": "N\u00e3o eleito"}, {"seq": "58", "n": "17000", "vap": "3", "pvap": "   0,02", "e": "N", "st": "N\u00e3o eleito"}, {"seq": "56", "n": "17777", "vap": "17", "pvap": "   0,14", "e": "N", "st": "N\u00e3o eleito"}, {"seq": "23", "n": "12222", "vap": "134", "pvap": "   1,11", "e": "N", "st": "Suplente"}, {"seq": "41", "n": "12121", "vap": "28", "pvap": "   0,23", "e": "N", "st": "Suplente"}, {"seq": "36", "n": "12135", "vap": "48", "pvap": "   0,40", "e": "N", "st": "Suplente"}, {"seq": "28", "n": "12612", "vap": "78", "pvap": "   0,65", "e": "N", "st": "Suplente"}, {"seq": "46", "n": "12543", "vap": "16", "pvap": "   0,13", "e": "N", "st": "Suplente"}, {"seq": "42", "n": "12115", "vap": "26", "pvap": "   0,22", "e": "N", "st": "Suplente"}, {"seq": "17", "n": "12345", "vap": "326", "pvap": "   2,70", "e": "N", "st": "Suplente"}, {"seq": "30", "n": "12789", "vap": "72", "pvap": "   0,60", "e": "N", "st": "Suplente"}, {"seq": "35", "n": "12567", "vap": "49", "pvap": "   0,41", "e": "N", "st": "Suplente"}, {"seq": "40", "n": "12111", "vap": "29", "pvap": "   0,24", "e": "N", "st": "Suplente"}, {"seq": "33", "n": "12456", "vap": "65", "pvap": "   0,54", "e": "N", "st": "Suplente"}, {"seq": "26", "n": "12000", "vap": "79", "pvap": "   0,65", "e": "N", "st": "Suplente"}, {"seq": "32", "n": "12333", "vap": "66", "pvap": "   0,55", "e": "N", "st": "Suplente"}, {"seq": "11", "n": "12123", "vap": "357", "pvap": "   2,96", "e": "S", "st": "Eleito"}, {"seq": "18", "n": "12120", "vap": "280", "pvap": "   2,32", "e": "N", "st": "Suplente"}, {"seq": "45", "n": "55235", "vap": "17", "pvap": "   0,14", "e": "N", "st": "Suplente"}, {"seq": "5", "n": "55123", "vap": "574", "pvap": "   4,75", "e": "S", "st": "Eleito"}, {"seq": "7", "n": "55222", "vap": "483", "pvap": "   4,00", "e": "S", "st": "Eleito"}, {"seq": "20", "n": "55051", "vap": "192", "pvap": "   1,59", "e": "N", "st": "Suplente"}, {"seq": "8", "n": "55555", "vap": "435", "pvap": "   3,60", "e": "S", "st": "Eleito"}, {"seq": "19", "n": "55777", "vap": "227", "pvap": "   1,88", "e": "N", "st": "Suplente"}, {"seq": "12", "n": "55800", "vap": "418", "pvap": "   3,46", "e": "N", "st": "Suplente"}, {"seq": "22", "n": "55000", "vap": "137", "pvap": "   1,13", "e": "N", "st": "Suplente"}, {"seq": "47", "n": "55789", "vap": "12", "pvap": "   0,10", "e": "N", "st": "Suplente"}, {"seq": "44", "n": "55999", "vap": "22", "pvap": "   0,18", "e": "N", "st": "Suplente"}, {"seq": "21", "n": "55444", "vap": "147", "pvap": "   1,22", "e": "N", "st": "Suplente"}, {"seq": "34", "n": "55456", "vap": "55", "pvap": "   0,46", "e": "N", "st": "Suplente"}, {"seq": "13", "n": "55678", "vap": "405", "pvap": "   3,35", "e": "N", "st": "Suplente"}, {"seq": "6", "n": "55888", "vap": "489", "pvap": "   4,05", "e": "S", "st": "Eleito"}, {"seq": "29", "n": "55111", "vap": "73", "pvap": "   0,60", "e": "N", "st": "Suplente"}, {"seq": "39", "n": "55147", "vap": "34", "pvap": "   0,28", "e": "N", "st": "Suplente"}, {"seq": "4", "n": "55333", "vap": "634", "pvap": "   5,25", "e": "S", "st": "Eleito"}, {"seq": "43", "n": "45345", "vap": "23", "pvap": "   0,19", "e": "N", "st": "Suplente"}, {"seq": "38", "n": "45600", "vap": "37", "pvap": "   0,31", "e": "N", "st": "Suplente"}, {"seq": "2", "n": "45678", "vap": "820", "pvap": "   6,79", "e": "S", "st": "Eleito"}, {"seq": "24", "n": "45900", "vap": "114", "pvap": "   0,94", "e": "N", "st": "Suplente"}, {"seq": "27", "n": "45321", "vap": "79", "pvap": "   0,65", "e": "N", "st": "Suplente"}, {"seq": "9", "n": "45555", "vap": "430", "pvap": "   3,56", "e": "S", "st": "Eleito"}, {"seq": "1", "n": "45777", "vap": "824", "pvap": "   6,83", "e": "S", "st": "Eleito"}, {"seq": "37", "n": "45888", "vap": "41", "pvap": "   0,34", "e": "N", "st": "Suplente"}, {"seq": "15", "n": "45123", "vap": "349", "pvap": "   2,89", "e": "N", "st": "Suplente"}, {"seq": "48", "n": "45045", "vap": "11", "pvap": "   0,09", "e": "N", "st": "Suplente"}, {"seq": "3", "n": "45111", "vap": "688", "pvap": "   5,70", "e": "S", "st": "Eleito"}, {"seq": "31", "n": "45115", "vap": "69", "pvap": "   0,57", "e": "N", "st": "Suplente"}, {"seq": "16", "n": "45222", "vap": "336", "pvap": "   2,78", "e": "N", "st": "Suplente"}, {"seq": "25", "n": "45999", "vap": "97", "pvap": "   0,80", "e": "N", "st": "Suplente"}, {"seq": "14", "n": "45000", "vap": "360", "pvap": "   2,98", "e": "N", "st": "Suplente"}, {"seq": "10", "n": "45333", "vap": "401", "pvap": "   3,32", "e": "S", "st": "Eleito"}]}]}