{"ele": "426", "carper": "13", "t": "1", "f": "O", "esae": "N", "mnae": " ", "dg": "15/11/2020", "hg": "22:13:34", "dv": "S", "nadf": "ma09237-c0013-e000426-002-f", "abr": [{"dt": "15/11/2020", "ht": "21:55:28", "tf": "S", "and": "F", "tpabr": "MU", "cdabr": "09237", "s": "68", "st": "68", "snt": "0", "si": "68", "sni": "0", "sa": "68", "sna": "0", "pst": " 100,00", "psnt": "   0,00", "psi": " 100,00", "psni": "   0,00", "psa": " 100,00", "psna": "   0,00", "e": "25385", "ea": "25385", "ena": "0", "esi": "25385", "esni": "0", "c": "20609", "a": "4776", "pea": " 100,00", "pena": "   0,00", "pesi": " 100,00", "pesni": "   0,00", "pa": "  18,81", "pc": "  81,19", "vscv": "0", "vnom": "18108", "vl": "1230", "tv": "20609", "vvc": "19656", "vb": "259", "tvn": "694", "vn": "694", "vnt": "0", "vp": "0", "vv": "19338", "van": "0", "vansj": "318", "pvnom": "  93,64", "pvl": "   6,36", "pvvc": "  95,38", "pvb": "   1,25", "ptvn": "   3,37", "pvn": " 100,00", "pvnt": "   0,00", "pvp": "   0,00", "pvv": "  98,38", "pvan": "   0,00", "pvansj": "   1,62", "colig": [{"n": "100000132188", "tvtn": "3105", "tvan": "3105", "vag": "2", "tvtl": "95", "tval": "95"}, {"n": "100000104795", "tvtn": "1271", "tvan": "1271", "vag": "1", "tvtl": "78", "tval": "78"}, {"n": "100000136970", "tvtn": "2370", "tvan": "2370", "vag": "2", "tvtl": "353", "tval": "353"}, {"n": "100000147155", "tvtn": "3741", "tvan": "3741", "vag": "3", "tvtl": "377", "tval": "377"}, {"n": "100000113480", "tvtn": "1365", "tvan": "1365", "vag": "1", "tvtl": "46", "tval": "46"}, {"n": "100000104792", "tvtn": "1629", "tvan": "1907", "vag": "1", "tvtl": "67", "tval": "67"}, {"n": "100000087382", "tvtn": "236", "tvan": "236", "vag": "0", "tvtl": "31", "tval": "31"}, {"n": "100000113477", "tvtn": "1596", "tvan": "1636", "vag": "1", "tvtl": "42", "tval": "42"}, {"n": "100000118359", "tvtn": "2795", "tvan": "2795", "vag": "2", "tvtl": "141", "tval": "141"}], "part": [{"n": "77", "tvtn": "3105", "tvan": "3105", "tvtl": "95", "tval": "95"}, {"n": "45", "tvtn": "1271", "tvan": "1271", "tvtl": "78", "tval": "78"}, {"n": "43", "tvtn": "2370", "tvan": "2370", "tvtl": "353", "tval": "353"}, {"n": "40", "tvtn": "3741", "tvan": "3741", "tvtl": "377", "tval": "377"}, {"n": "51", "tvtn": "1365", "tvan": "1365", "tvtl": "46", "tval": "46"}, {"n": "13", "tvtn": "1629", "tvan": "1907", "tvtl": "67", "tval": "67"}, {"n": "17", "tvtn": "236", "tvan": "236", "tvtl": "31", "tval": "31"}, {"n": "55", "tvtn": "1596", "tvan": "1636", "tvtl": "42", "tval": "42"}, {"n": "12", "tvtn": "2795", "tvan": "2795", "tvtl": "141", "tval": "141"}], "cand": [{"seq": "1", "n": "77000", "vap": "919", "pvap": "   4,68", "e": "S", "st": "Eleito"}, {"seq": "34", "n": "77888", "vap": "182", "pvap": "   0,93", "e": "N", "st": "Suplente"}, {"seq": "22", "n": "77555", "vap": "314", "pvap": "   1,60", "e": "N", "st": "Suplente"}, {"seq": "20", "n": "77456", "vap": "318", "pvap": "   1,62", "e": "N", "st": "Suplente"}, {"seq": "21", "n": "77678", "vap": "317", "pvap": "   1,61", "e": "N", "st": "Suplente"}, {"seq": "41", "n": "77123", "vap": "150", "pvap": "   0,76", "e": "N", "st": "Suplente"}, {"seq": "70", "n": "77333", "vap": "43", "pvap": "   0,22", "e": "N", "st": "Suplente"}, {"seq": "37", "n": "77999", "vap": "167", "pvap": "   0,85", "e": "N", "st": "Suplente"}, {"seq": "61", "n": "77877", "vap": "61", "pvap": "   0,31", "e": "N", "st": "Suplente"}, {"seq": "54", "n": "77222", "vap": "85", "pvap": "   0,43", "e": "N", "st": "Suplente"}, {"seq": "100", "n": "77444", "vap": "10", "pvap": "   0,05", "e": "N", "st": "Suplente"}, {"seq": "7", "n": "77111", "vap": "539", "pvap": "   2,74", "e": "S", "st": "Eleito"}, {"seq": "83", "n": "45789", "vap": "28", "pvap": "   0,14", "e": "N", "st": "Suplente"}, {"seq": "45", "n": "45333", "vap": "118", "pvap": "   0,60", "e": "N", "st": "Suplente"}, {"seq": "59", "n": "45444", "vap": "62", "pvap": "   0,32", "e": "N", "st": "Suplente"}, {"seq": "88", "n": "45111", "vap": "24", "pvap": "   0,12", "e": "N", "st": "Suplente"}, {"seq": "76", "n": "45145", "vap": "39", "pvap": "   0,20", "e": "N", "st": "Suplente"}, {"seq": "4", "n": "45555", "vap": "631", "pvap": "   3,21", "e": "S", "st": "Eleito"}, {"seq": "49", "n": "45678", "vap": "106", "pvap": "   0,54", "e": "N", "st": "Suplente"}, {"seq": "90", "n": "45222", "vap": "22", "pvap": "   0,11", "e": "N", "st": "Suplente"}, {"seq": "77", "n": "45777", "vap": "39", "pvap": "   0,20", "e": "N", "st": "Suplente"}, {"seq": "32", "n": "45000", "vap": "202", "pvap": "   1,03", "e": "N", "st": "Suplente"}, {"seq": "52", "n": "43043", "vap": "98", "pvap": "   0,50", "e": "N", "st": "Suplente"}, {"seq": "81", "n": "43444", "vap": "33", "pvap": "   0,17", "e": "N", "st": "Suplente"}, {"seq": "75", "n": "43000", "vap": "40", "pvap": "   0,20", "e": "N", "st": "Suplente"}, {"seq": "56", "n": "43222", "vap": "67", "pvap": "   0,34", "e": "N", "st": "Suplente"}, {"seq": "67", "n": "43555", "vap": "50", "pvap": "   0,25", "e": "N", "st": "Suplente"}, {"seq": "94", "n": "43234", "vap": "15", "pvap": "   0,08", "e": "N", "st": "Suplente"}, {"seq": "64", "n": "43125", "vap": "60", "pvap": "   0,31", "e": "N", "st": "Suplente"}, {"seq": "80", "n": "43777", "vap": "34", "pvap": "   0,17", "e": "N", "st": "Suplente"}, {"seq": "103", "n": "43111", "vap": "5", "pvap": "   0,03", "e": "N", "st": "Suplente"}, {"seq": "8", "n": "43333", "vap": "523", "pvap": "   2,66", "e": "S", "st": "Eleito"}, {"seq": "78", "n": "43567", "vap": "38", "pvap": "   0,19", "e": "N", "st": "Suplente"}, {"seq": "18", "n": "43130", "vap": "386", "pvap": "   1,96", "e": "N", "st": "Suplente"}, {"seq": "10", "n": "43456", "vap": "502", "pvap": "   2,55", "e": "S", "st": "Eleito"}, {"seq": "25", "n": "43789", "vap": "282", "pvap": "   1,43", "e": "N", "st": "Suplente"}, {"seq": "99", "n": "43124", "vap": "12", "pvap": "   0,06", "e": "N", "st": "Suplente"}, {"seq": "29", "n": "43123", "vap": "219", "pvap": "   1,11", "e": "N", "st": "Suplente"}, {"seq": "102", "n": "43631", "vap": "6", "pvap": "   0,03", "e": "N", "st": "Suplente"}, {"seq": "50", "n": "40111", "vap": "105", "pvap": "   0,53", "e": "N", "st": "Suplente"}, {"seq": "14", "n": "40456", "vap": "504", "pvap": "   2,56", "e": "N", "st": "Suplente"}, {"seq": "2", "n": "40100", "vap": "654", "pvap": "   3,33", "e": "S", "st": "Eleito"}, {"seq": "63", "n": "40112", "vap": "60", "pvap": "   0,31", "e": "N", "st": "Suplente"}, {"seq": "89", "n": "40777", "vap": "23", "pvap": "   0,12", "e": "N", "st": "Suplente"}, {"seq": "62", "n": "40666", "vap": "61", "pvap": "   0,31", "e": "N", "st": "Suplente"}, {"seq": "106", "n": "40040", "vap": "2", "pvap": "   0,01", "e": "N", "st": "Suplente"}, {"seq": "27", "n": "40140", "vap": "255", "pvap": "   1,30", "e": "N", "st": "Suplente"}, {"seq": "5", "n": "40122", "vap": "573", "pvap": "   2,92", "e": "S", "st": "Eleito"}, {"seq": "43", "n": "40444", "vap": "131", "pvap": "   0,67", "e": "N", "st": "Suplente"}, {"seq": "16", "n": "40222", "vap": "405", "pvap": "   2,06", "e": "N", "st": "Suplente"}, {"seq": "6", "n": "40000", "vap": "551", "pvap": "   2,80", "e": "S", "st": "Eleito"}, {"seq": "71", "n": "40321", "vap": "43", "pvap": "   0,22", "e": "N", "st": "Suplente"}, {"seq": "26", "n": "40123", "vap": "267", "pvap": "   1,36", "e": "N", "st": "Suplente"}, {"seq": "48", "n": "40333", "vap": "107", "pvap": "   0,54", "e": "N", "st": "Suplente"}, {"seq": "109", "n": "51555", "vap": "1", "pvap": "   0,01", "e": "N", "st": "Suplente"}, {"seq": "91", "n": "51333", "vap": "18", "pvap": "   0,09", "e": "N", "st": "Suplente"}, {"seq": "74", "n": "51511", "vap": "40", "pvap": "   0,20", "e": "N", "st": "Suplente"}, {"seq": "55", "n": "51000", "vap": "79", "pvap": "   0,40", "e": "N", "st": "Suplente"}, {"seq": "28", "n": "51234", "vap": "229", "pvap": "   1,17", "e": "N", "st": "Suplente"}, {"seq": "42", "n": "51111", "vap": "132", "pvap": "   0,67", "e": "N", "st": "Suplente"}, {"seq": "85", "n": "51345", "vap": "27", "pvap": "   0,14", "e": "N", "st": "Suplente"}, {"seq": "72", "n": "51500", "vap": "42", "pvap": "   0,21", "e": "N", "st": "Suplente"}, {"seq": "31", "n": "51123", "vap": "211", "pvap": "   1,07", "e": "N", "st": "Suplente"}, {"seq": "66", "n": "51444", "vap": "53", "pvap": "   0,27", "e": "N", "st": "Suplente"}, {"seq": "92", "n": "51777", "vap": "17", "pvap": "   0,09", "e": "N", "st": "Suplente"}, {"seq": "101", "n": "51222", "vap": "8", "pvap": "   0,04", "e": "N", "st": "Suplente"}, {"seq": "108", "n": "51999", "vap": "1", "pvap": "   0,01", "e": "N", "st": "Suplente"}, {"seq": "69", "n": "51513", "vap": "45", "pvap": "   0,23", "e": "N", "st": "Suplente"}, {"seq": "11", "n": "51380", "vap": "462", "pvap": "   2,35", "e": "S", "st": "Eleito"}, {"seq": "110", "n": "13222", "vap": "278", "pvap": "   1,41", "e": "N", "st": "N\u00e3o eleito"}, {"seq": "93", "n": "13000", "vap": "16", "pvap": "   0,08", "e": "N", "st": "Suplente"}, {"seq": "68", "n": "13180", "vap": "45", "pvap": "   0,23", "e": "N", "st": "Suplente"}, {"seq": "33", "n": "13333", "vap": "189", "pvap": "   0,96", "e": "N", "st": "Suplente"}, {"seq": "40", "n": "13513", "vap": "150", "pvap": "   0,76", "e": "N", "st": "Suplente"}, {"seq": "87", "n": "13129", "vap": "26", "pvap": "   0,13", "e": "N", "st": "Suplente"}, {"seq": "13", "n": "13111", "vap": "321", "pvap": "   1,63", "e": "S", "st": "Eleito"}, {"seq": "39", "n": "13789", "vap": "152", "pvap": "   0,77", "e": "N", "st": "Suplente"}, {"seq": "79", "n": "13113", "vap": "35", "pvap": "   0,18", "e": "N", "st": "Suplente"}, {"seq": "47", "n": "13678", "vap": "108", "pvap": "   0,55", "e": "N", "st": "Suplente"}, {"seq": "38", "n": "13456", "vap": "161", "pvap": "   0,82", "e": "N", "st": "Suplente"}, {"seq": "51", "n": "13123", "vap": "100", "pvap": "   0,51", "e": "N", "st": "Suplente"}, {"seq": "58", "n": "13127", "vap": "64", "pvap": "   0,33", "e": "N", "st": "Suplente"}, {"seq": "82", "n": "13500", "vap": "31", "pvap": "   0,16", "e": "N", "st": "Suplente"}, {"seq": "35", "n": "13413", "vap": "178", "pvap": "   0,91", "e": "N", "st": "Suplente"}, {"seq": "95", "n": "13258", "vap": "14", "pvap": "   0,07", "e": "N", "st": "Suplente"}, {"seq": "84", "n": "13300", "vap": "27", "pvap": "   0,14", "e": "N", "st": "Suplente"}, {"seq": "97", "n": "13777", "vap": "12", "pvap": "   0,06", "e": "N", "st": "Suplente"}, {"seq": "114", "n": "17007", "vap": "33", "pvap": "   0,17", "e": "N", "st": "N\u00e3o eleito"}, {"seq": "116", "n": "17566", "vap": "21", "pvap": "   0,11", "e": "N", "st": "N\u00e3o eleito"}, {"seq": "117", "n": "17123", "vap": "19", "pvap": "   0,10", "e": "N", "st": "N\u00e3o eleito"}, {"seq": "118", "n": "17333", "vap": "18", "pvap": "   0,09", "e": "N", "st": "N\u00e3o eleito"}, {"seq": "112", "n": "17777", "vap": "52", "pvap": "   0,26", "e": "N", "st": "N\u00e3o eleito"}, {"seq": "111", "n": "17222", "vap": "66", "pvap": "   0,34", "e": "N", "st": "N\u00e3o eleito"}, {"seq": "115", "n": "17000", "vap": "27", "pvap": "   0,14", "e": "N", "st": "N\u00e3o eleito"}, {"seq": "24", "n": "55123", "vap": "298", "pvap": "   1,52", "e": "N", "st": "Suplente"}, {"seq": "46", "n": "55000", "vap": "109", "pvap": "   0,55", "e": "N", "st": "Suplente"}, {"seq": "113", "n": "55222", "vap": "40", "pvap": "   0,20", "e": "N", "st": "N\u00e3o eleito"}, {"seq": "57", "n": "55777", "vap": "66", "pvap": "   0,34", "e": "N", "st": "Suplente"}, {"seq": "86", "n": "55456", "vap": "27", "pvap": "   0,14", "e": "N", "st": "Suplente"}, {"seq": "65", "n": "55555", "vap": "54", "pvap": "   0,27", "e": "N", "st": "Suplente"}, {"seq": "3", "n": "55789", "vap": "644", "pvap": "   3,28", "e": "S", "st": "Eleito"}, {"seq": "104", "n": "55888", "vap": "4", "pvap": "   0,02", "e": "N", "st": "Suplente"}, {"seq": "107", "n": "55251", "vap": "2", "pvap": "   0,01", "e": "N", "st": "Suplente"}, {"seq": "36", "n": "55147", "vap": "174", "pvap": "   0,89", "e": "N", "st": "Suplente"}, {"seq": "98", "n": "55235", "vap": "12", "pvap": "   0,06", "e": "N", "st": "Suplente"}, {"seq": "105", "n": "55200", "vap": "3", "pvap": "   0,02", "e": "N", "st": "Suplente"}, {"seq": "44", "n": "55999", "vap": "128", "pvap": "   0,65", "e": "N", "st": "Suplente"}, {"seq": "60", "n": "55111", "vap": "62", "pvap": "   0,32", "e": "N", "st": "Suplente"}, {"seq": "96", "n": "55666", "vap": "13", "pvap": "   0,07", "e": "N", "st": "Suplente"}, {"seq": "23", "n": "12555", "vap": "303", "pvap": "   1,54", "e": "N", "st": "Suplente"}, {"seq": "9", "n": "12123", "vap": "503", "pvap": "   2,56", "e": "S", "st": "Eleito"}, {"seq": "17", "n": "12345", "vap": "394", "pvap": "   2,00", "e": "N", "st": "Suplente"}, {"seq": "12", "n": "12222", "vap": "447", "pvap": "   2,27", "e": "S", "st": "Eleito"}, {"seq": "73", "n": "12012", "vap": "41", "pvap": "   0,21", "e": "N", "st": "Suplente"}, {"seq": "19", "n": "12111", "vap": "362", "pvap": "   1,84", "e": "N", "st": "Suplente"}, {"seq": "15", "n": "12333", "vap": "431", "pvap": "   2,19", "e": "N", "st": "Suplente"}, {"seq": "53", "n": "12369", "vap": "96", "pvap": "   0,49", "e": "N", "st": "Suplente"}, {"seq": "30", "n": "12000", "vap": "218", "pvap": "   1,11", "e": "N", "st": "Suplente"}]}, {"dt": "15/11/2020", "ht": "21:55:28", "tf": "S", "and": "F", "tpabr": "ZONA", "cdabr": "84", "s": "68", "st": "68", "snt": "0", "si": "68", "sni": "0", "sa": "68", "sna": "0", "pst": " 100,00", "psnt": "   0,00", "psi": " 100,00", "psni": "   0,00", "psa": " 100,00", "psna": "   0,00", "e": "25385", "ea": "25385", "ena": "0", "esi": "25385", "esni": "0", "a": "4776", "c": "20609", "pea": " 100,00", "pena": "   0,00", "pesi": " 100,00", "pesni": "   0,00", "pa": "  18,81", "pc": "  81,19", "vnom": "18108", "vscv": "0", "vl": "1230", "tv": "20609", "vvc": "19656", "vb": "259", "tvn": "694", "vn": "694", "vnt": "0", "vp": "0", "vv": "19338", "van": "0", "vansj": "318", "pvnom": "  93,64", "pvl": "   6,36", "pvvc": "  95,38", "pvb": "   1,25", "ptvn": "   3,37", "pvn": " 100,00", "pvnt": "   0,00", "pvp": "   0,00", "pvv": "  98,38", "pvan": "   0,00", "pvansj": "   1,62", "cand": [{"seq": "25", "n": "43789", "vap": "282", "pvap": "   1,43", "e": "N", "st": "Suplente"}, {"seq": "29", "n": "43123", "vap": "219", "pvap": "   1,11", "e": "N", "st": "Suplente"}, {"seq": "56", "n": "43222", "vap": "67", "pvap": "   0,34", "e": "N", "st": "Suplente"}, {"seq": "10", "n": "43456", "vap": "502", "pvap": "   2,55", "e": "S", "st": "Eleito"}, {"seq": "78", "n": "43567", "vap": "38", "pvap": "   0,19", "e": "N", "st": "Suplente"}, {"seq": "52", "n": "43043", "vap": "98", "pvap": "   0,50", "e": "N", "st": "Suplente"}, {"seq": "67", "n": "43555", "vap": "50", "pvap": "   0,25", "e": "N", "st": "Suplente"}, {"seq": "75", "n": "43000", "vap": "40", "pvap": "   0,20", "e": "N", "st": "Suplente"}, {"seq": "64", "n": "43125", "vap": "60", "pvap": "   0,31", "e": "N", "st": "Suplente"}, {"seq": "18", "n": "43130", "vap": "386", "pvap": "   1,96", "e": "N", "st": "Suplente"}, {"seq": "81", "n": "43444", "vap": "33", "pvap": "   0,17", "e": "N", "st": "Suplente"}, {"seq": "103", "n": "43111", "vap": "5", "pvap": "   0,03", "e": "N", "st": "Suplente"}, {"seq": "94", "n": "43234", "vap": "15", "pvap": "   0,08", "e": "N", "st": "Suplente"}, {"seq": "80", "n": "43777", "vap": "34", "pvap": "   0,17", "e": "N", "st": "Suplente"}, {"seq": "102", "n": "43631", "vap": "6", "pvap": "   0,03", "e": "N", "st": "Suplente"}, {"seq": "99", "n": "43124", "vap": "12", "pvap": "   0,06", "e": "N", "st": "Suplente"}, {"seq": "8", "n": "43333", "vap": "523", "pvap": "   2,66", "e": "S", "st": "Eleito"}, {"seq": "36", "n": "55147", "vap": "174", "pvap": "   0,89", "e": "N", "st": "Suplente"}, {"seq": "57", "n": "55777", "vap": "66", "pvap": "   0,34", "e": "N", "st": "Suplente"}, {"seq": "44", "n": "55999", "vap": "128", "pvap": "   0,65", "e": "N", "st": "Suplente"}, {"seq": "46", "n": "55000", "vap": "109", "pvap": "   0,55", "e": "N", "st": "Suplente"}, {"seq": "65", "n": "55555", "vap": "54", "pvap": "   0,27", "e": "N", "st": "Suplente"}, {"seq": "3", "n": "55789", "vap": "644", "pvap": "   3,28", "e": "S", "st": "Eleito"}, {"seq": "60", "n": "55111", "vap": "62", "pvap": "   0,32", "e": "N", "st": "Suplente"}, {"seq": "98", "n": "55235", "vap": "12", "pvap": "   0,06", "e": "N", "st": "Suplente"}, {"seq": "107", "n": "55251", "vap": "2", "pvap": "   0,01", "e": "N", "st": "Suplente"}, {"seq": "113", "n": "55222", "vap": "40", "pvap": "   0,20", "e": "N", "st": "N\u00e3o eleito"}, {"seq": "96", "n": "55666", "vap": "13", "pvap": "   0,07", "e": "N", "st": "Suplente"}, {"seq": "104", "n": "55888", "vap": "4", "pvap": "   0,02", "e": "N", "st": "Suplente"}, {"seq": "24", "n": "55123", "vap": "298", "pvap": "   1,52", "e": "N", "st": "Suplente"}, {"seq": "105", "n": "55200", "vap": "3", "pvap": "   0,02", "e": "N", "st": "Suplente"}, {"seq": "86", "n": "55456", "vap": "27", "pvap": "   0,14", "e": "N", "st": "Suplente"}, {"seq": "111", "n": "17222", "vap": "66", "pvap": "   0,34", "e": "N", "st": "N\u00e3o eleito"}, {"seq": "115", "n": "17000", "vap": "27", "pvap": "   0,14", "e": "N", "st": "N\u00e3o eleito"}, {"seq": "114", "n": "17007", "vap": "33", "pvap": "   0,17", "e": "N", "st": "N\u00e3o eleito"}, {"seq": "118", "n": "17333", "vap": "18", "pvap": "   0,09", "e": "N", "st": "N\u00e3o eleito"}, {"seq": "116", "n": "17566", "vap": "21", "pvap": "   0,11", "e": "N", "st": "N\u00e3o eleito"}, {"seq": "117", "n": "17123", "vap": "19", "pvap": "   0,10", "e": "N", "st": "N\u00e3o eleito"}, {"seq": "112", "n": "17777", "vap": "52", "pvap": "   0,26", "e": "N", "st": "N\u00e3o eleito"}, {"seq": "35", "n": "13413", "vap": "178", "pvap": "   0,91", "e": "N", "st": "Suplente"}, {"seq": "82", "n": "13500", "vap": "31", "pvap": "   0,16", "e": "N", "st": "Suplente"}, {"seq": "39", "n": "13789", "vap": "152", "pvap": "   0,77", "e": "N", "st": "Suplente"}, {"seq": "79", "n": "13113", "vap": "35", "pvap": "   0,18", "e": "N", "st": "Suplente"}, {"seq": "51", "n": "13123", "vap": "100", "pvap": "   0,51", "e": "N", "st": "Suplente"}, {"seq": "87", "n": "13129", "vap": "26", "pvap": "   0,13", "e": "N", "st": "Suplente"}, {"seq": "68", "n": "13180", "vap": "45", "pvap": "   0,23", "e": "N", "st": "Suplente"}, {"seq": "84", "n": "13300", "vap": "27", "pvap": "   0,14", "e": "N", "st": "Suplente"}, {"seq": "33", "n": "13333", "vap": "189", "pvap": "   0,96", "e": "N", "st": "Suplente"}, {"seq": "47", "n": "13678", "vap": "108", "pvap": "   0,55", "e": "N", "st": "Suplente"}, {"seq": "38", "n": "13456", "vap": "161", "pvap": "   0,82", "e": "N", "st": "Suplente"}, {"seq": "40", "n": "13513", "vap": "150", "pvap": "   0,76", "e": "N", "st": "Suplente"}, {"seq": "97", "n": "13777", "vap": "12", "pvap": "   0,06", "e": "N", "st": "Suplente"}, {"seq": "93", "n": "13000", "vap": "16", "pvap": "   0,08", "e": "N", "st": "Suplente"}, {"seq": "58", "n": "13127", "vap": "64", "pvap": "   0,33", "e": "N", "st": "Suplente"}, {"seq": "110", "n": "13222", "vap": "278", "pvap": "   1,41", "e": "N", "st": "N\u00e3o eleito"}, {"seq": "13", "n": "13111", "vap": "321", "pvap": "   1,63", "e": "S", "st": "Eleito"}, {"seq": "95", "n": "13258", "vap": "14", "pvap": "   0,07", "e": "N", "st": "Suplente"}, {"seq": "55", "n": "51000", "vap": "79", "pvap": "   0,40", "e": "N", "st": "Suplente"}, {"seq": "74", "n": "51511", "vap": "40", "pvap": "   0,20", "e": "N", "st": "Suplente"}, {"seq": "72", "n": "51500", "vap": "42", "pvap": "   0,21", "e": "N", "st": "Suplente"}, {"seq": "69", "n": "51513", "vap": "45", "pvap": "   0,23", "e": "N", "st": "Suplente"}, {"seq": "91", "n": "51333", "vap": "18", "pvap": "   0,09", "e": "N", "st": "Suplente"}, {"seq": "66", "n": "51444", "vap": "53", "pvap": "   0,27", "e": "N", "st": "Suplente"}, {"seq": "92", "n": "51777", "vap": "17", "pvap": "   0,09", "e": "N", "st": "Suplente"}, {"seq": "11", "n": "51380", "vap": "462", "pvap": "   2,35", "e": "S", "st": "Eleito"}, {"seq": "108", "n": "51999", "vap": "1", "pvap": "   0,01", "e": "N", "st": "Suplente"}, {"seq": "42", "n": "51111", "vap": "132", "pvap": "   0,67", "e": "N", "st": "Suplente"}, {"seq": "31", "n": "51123", "vap": "211", "pvap": "   1,07", "e": "N", "st": "Suplente"}, {"seq": "101", "n": "51222", "vap": "8", "pvap": "   0,04", "e": "N", "st": "Suplente"}, {"seq": "109", "n": "51555", "vap": "1", "pvap": "   0,01", "e": "N", "st": "Suplente"}, {"seq": "28", "n": "51234", "vap": "229", "pvap": "   1,17", "e": "N", "st": "Suplente"}, {"seq": "85", "n": "51345", "vap": "27", "pvap": "   0,14", "e": "N", "st": "Suplente"}, {"seq": "53", "n": "12369", "vap": "96", "pvap": "   0,49", "e": "N", "st": "Suplente"}, {"seq": "19", "n": "12111", "vap": "362", "pvap": "   1,84", "e": "N", "st": "Suplente"}, {"seq": "23", "n": "12555", "vap": "303", "pvap": "   1,54", "e": "N", "st": "Suplente"}, {"seq": "17", "n": "12345", "vap": "394", "pvap": "   2,00", "e": "N", "st": "Suplente"}, {"seq": "73", "n": "12012", "vap": "41", "pvap": "   0,21", "e": "N", "st": "Suplente"}, {"seq": "12", "n": "12222", "vap": "447", "pvap": "   2,27", "e": "S", "st": "Eleito"}, {"seq": "9", "n": "12123", "vap": "503", "pvap": "   2,56", "e": "S", "st": "Eleito"}, {"seq": "15", "n": "12333", "vap": "431", "pvap": "   2,19", "e": "N", "st": "Suplente"}, {"seq": "30", "n": "12000", "vap": "218", "pvap": "   1,11", "e": "N", "st": "Suplente"}, {"seq": "63", "n": "40112", "vap": "60", "pvap": "   0,31", "e": "N", "st": "Suplente"}, {"seq": "2", "n": "40100", "vap": "654", "pvap": "   3,33", "e": "S", "st": "Eleito"}, {"seq": "71", "n": "40321", "vap": "43", "pvap": "   0,22", "e": "N", "st": "Suplente"}, {"seq": "106", "n": "40040", "vap": "2", "pvap": "   0,01", "e": "N", "st": "Suplente"}, {"seq": "50", "n": "40111", "vap": "105", "pvap": "   0,53", "e": "N", "st": "Suplente"}, {"seq": "43", "n": "40444", "vap": "131", "pvap": "   0,67", "e": "N", "st": "Suplente"}, {"seq": "62", "n": "40666", "vap": "61", "pvap": "   0,31", "e": "N", "st": "Suplente"}, {"seq": "5", "n": "40122", "vap": "573", "pvap": "   2,92", "e": "S", "st": "Eleito"}, {"seq": "16", "n": "40222", "vap": "405", "pvap": "   2,06", "e": "N", "st": "Suplente"}, {"seq": "14", "n": "40456", "vap": "504", "pvap": "   2,56", "e": "N", "st": "Suplente"}, {"seq": "48", "n": "40333", "vap": "107", "pvap": "   0,54", "e": "N", "st": "Suplente"}, {"seq": "89", "n": "40777", "vap": "23", "pvap": "   0,12", "e": "N", "st": "Suplente"}, {"seq": "6", "n": "40000", "vap": "551", "pvap": "   2,80", "e": "S", "st": "Eleito"}, {"seq": "26", "n": "40123", "vap": "267", "pvap": "   1,36", "e": "N", "st": "Suplente"}, {"seq": "27", "n": "40140", "vap": "255", "pvap": "   1,30", "e": "N", "st": "Suplente"}, {"seq": "90", "n": "45222", "vap": "22", "pvap": "   0,11", "e": "N", "st": "Suplente"}, {"seq": "4", "n": "45555", "vap": "631", "pvap": "   3,21", "e": "S", "st": "Eleito"}, {"seq": "83", "n": "45789", "vap": "28", "pvap": "   0,14", "e": "N", "st": "Suplente"}, {"seq": "32", "n": "45000", "vap": "202", "pvap": "   1,03", "e": "N", "st": "Suplente"}, {"seq": "49", "n": "45678", "vap": "106", "pvap": "   0,54", "e": "N", "st": "Suplente"}, {"seq": "77", "n": "45777", "vap": "39", "pvap": "   0,20", "e": "N", "st": "Suplente"}, {"seq": "88", "n": "45111", "vap": "24", "pvap": "   0,12", "e": "N", "st": "Suplente"}, {"seq": "76", "n": "45145", "vap": "39", "pvap": "   0,20", "e": "N", "st": "Suplente"}, {"seq": "45", "n": "45333", "vap": "118", "pvap": "   0,60", "e": "N", "st": "Suplente"}, {"seq": "59", "n": "45444", "vap": "62", "pvap": "   0,32", "e": "N", "st": "Suplente"}, {"seq": "34", "n": "77888", "vap": "182", "pvap": "   0,93", "e": "N", "st": "Suplente"}, {"seq": "37", "n": "77999", "vap": "167", "pvap": "   0,85", "e": "N", "st": "Suplente"}, {"seq": "20", "n": "77456", "vap": "318", "pvap": "   1,62", "e": "N", "st": "Suplente"}, {"seq": "22", "n": "77555", "vap": "314", "pvap": "   1,60", "e": "N", "st": "Suplente"}, {"seq": "54", "n": "77222", "vap": "85", "pvap": "   0,43", "e": "N", "st": "Suplente"}, {"seq": "100", "n": "77444", "vap": "10", "pvap": "   0,05", "e": "N", "st": "Suplente"}, {"seq": "21", "n": "77678", "vap": "317", "pvap": "   1,61", "e": "N", "st": "Suplente"}, {"seq": "7", "n": "77111", "vap": "539", "pvap": "   2,74", "e": "S", "st": "Eleito"}, {"seq": "70", "n": "77333", "vap": "43", "pvap": "   0,22", "e": "N", "st": "Suplente"}, {"seq": "1", "n": "77000", "vap": "919", "pvap": "   4,68", "e": "S", "st": "Eleito"}, {"seq": "41", "n": "77123", "vap": "150", "pvap": "   0,76", "e": "N", "st": "Suplente"}, {"seq": "61", "n": "77877", "vap": "61", "pvap": "   0,31", "e": "N", "st": "Suplente"}]}]}