{"ele": "426", "carper": "13", "t": "1", "f": "O", "esae": "N", "mnae": " ", "dg": "15/11/2020", "hg": "22:40:27", "dv": "S", "nadf": "ma07277-c0013-e000426-003-f", "abr": [{"dt": "15/11/2020", "ht": "22:15:10", "tf": "S", "and": "F", "tpabr": "MU", "cdabr": "07277", "s": "158", "st": "158", "snt": "0", "si": "158", "sni": "0", "sa": "158", "sna": "0", "pst": " 100,00", "psnt": "   0,00", "psi": " 100,00", "psni": "   0,00", "psa": " 100,00", "psna": "   0,00", "e": "59203", "ea": "59203", "ena": "0", "esi": "59203", "esni": "0", "c": "47017", "a": "12186", "pea": " 100,00", "pena": "   0,00", "pesi": " 100,00", "pesni": "   0,00", "pa": "  20,58", "pc": "  79,42", "vscv": "0", "vnom": "42625", "vl": "2799", "tv": "47017", "vvc": "45517", "vb": "630", "tvn": "870", "vn": "867", "vnt": "3", "vp": "0", "vv": "45424", "van": "0", "vansj": "93", "pvnom": "  93,84", "pvl": "   6,16", "pvvc": "  96,81", "pvb": "   1,34", "ptvn": "   1,85", "pvn": "  99,66", "pvnt": "   0,34", "pvp": "   0,00", "pvv": "  99,80", "pvan": "   0,00", "pvansj": "   0,20", "colig": [{"n": "100000126308", "tvtn": "3256", "tvan": "3256", "vag": "1", "tvtl": "69", "tval": "69"}, {"n": "100000143489", "tvtn": "3475", "tvan": "3475", "vag": "1", "tvtl": "278", "tval": "278"}, {"n": "100000089218", "tvtn": "5318", "tvan": "5318", "vag": "2", "tvtl": "137", "tval": "137"}, {"n": "100000126222", "tvtn": "2526", "tvan": "2526", "vag": "1", "tvtl": "43", "tval": "43"}, {"n": "100000151095", "tvtn": "1245", "tvan": "1245", "vag": "0", "tvtl": "29", "tval": "29"}, {"n": "100000141677", "tvtn": "12631", "tvan": "12631", "vag": "7", "tvtl": "1837", "tval": "1837"}, {"n": "100000140213", "tvtn": "439", "tvan": "487", "vag": "0", "tvtl": "8", "tval": "8"}, {"n": "100000134289", "tvtn": "1883", "tvan": "1886", "vag": "0", "tvtl": "72", "tval": "72"}, {"n": "100000140170", "tvtn": "6882", "tvan": "6882", "vag": "3", "tvtl": "202", "tval": "202"}, {"n": "100000125950", "tvtn": "4488", "tvan": "4490", "vag": "2", "tvtl": "92", "tval": "92"}, {"n": "100000151090", "tvtn": "482", "tvan": "525", "vag": "0", "tvtl": "32", "tval": "32"}], "part": [{"n": "55", "tvtn": "3256", "tvan": "3256", "tvtl": "69", "tval": "69"}, {"n": "17", "tvtn": "3475", "tvan": "3475", "tvtl": "278", "tval": "278"}, {"n": "13", "tvtn": "5318", "tvan": "5318", "tvtl": "137", "tval": "137"}, {"n": "40", "tvtn": "2526", "tvan": "2526", "tvtl": "43", "tval": "43"}, {"n": "14", "tvtn": "1245", "tvan": "1245", "tvtl": "29", "tval": "29"}, {"n": "12", "tvtn": "12631", "tvan": "12631", "tvtl": "1837", "tval": "1837"}, {"n": "65", "tvtn": "439", "tvan": "487", "tvtl": "8", "tval": "8"}, {"n": "22", "tvtn": "1883", "tvan": "1883", "tvtl": "72", "tval": "72"}, {"n": "11", "tvtn": "6882", "tvan": "6882", "tvtl": "202", "tval": "202"}, {"n": "25", "tvtn": "4488", "tvan": "4490", "tvtl": "92", "tval": "92"}, {"n": "15", "tvtn": "482", "tvan": "525", "tvtl": "32", "tval": "32"}], "cand": [{"seq": "100", "n": "55555", "vap": "52", "pvap": "   0,11", "e": "N", "st": "Suplente"}, {"seq": "58", "n": "55333", "vap": "211", "pvap": "   0,46", "e": "N", "st": "Suplente"}, {"seq": "79", "n": "55000", "vap": "89", "pvap": "   0,20", "e": "N", "st": "Suplente"}, {"seq": "25", "n": "55789", "vap": "522", "pvap": "   1,15", "e": "N", "st": "Suplente"}, {"seq": "126", "n": "55100", "vap": "18", "pvap": "   0,04", "e": "N", "st": "Suplente"}, {"seq": "65", "n": "55345", "vap": "161", "pvap": "   0,35", "e": "N", "st": "Suplente"}, {"seq": "111", "n": "55011", "vap": "36", "pvap": "   0,08", "e": "N", "st": "Suplente"}, {"seq": "56", "n": "55444", "vap": "220", "pvap": "   0,48", "e": "N", "st": "Suplente"}, {"seq": "10", "n": "55222", "vap": "760", "pvap": "   1,67", "e": "S", "st": "Eleito"}, {"seq": "28", "n": "55055", "vap": "503", "pvap": "   1,11", "e": "N", "st": "Suplente"}, {"seq": "75", "n": "55679", "vap": "104", "pvap": "   0,23", "e": "N", "st": "Suplente"}, {"seq": "127", "n": "55888", "vap": "16", "pvap": "   0,04", "e": "N", "st": "Suplente"}, {"seq": "38", "n": "55123", "vap": "419", "pvap": "   0,92", "e": "N", "st": "Suplente"}, {"seq": "138", "n": "55131", "vap": "7", "pvap": "   0,02", "e": "N", "st": "Suplente"}, {"seq": "93", "n": "55777", "vap": "65", "pvap": "   0,14", "e": "N", "st": "Suplente"}, {"seq": "87", "n": "55111", "vap": "73", "pvap": "   0,16", "e": "N", "st": "Suplente"}, {"seq": "94", "n": "17333", "vap": "58", "pvap": "   0,13", "e": "N", "st": "Suplente"}, {"seq": "117", "n": "17633", "vap": "25", "pvap": "   0,05", "e": "N", "st": "Suplente"}, {"seq": "2", "n": "17190", "vap": "1853", "pvap": "   4,07", "e": "S", "st": "Eleito"}, {"seq": "66", "n": "17010", "vap": "153", "pvap": "   0,34", "e": "N", "st": "Suplente"}, {"seq": "108", "n": "17030", "vap": "39", "pvap": "   0,09", "e": "N", "st": "Suplente"}, {"seq": "92", "n": "17500", "vap": "65", "pvap": "   0,14", "e": "N", "st": "Suplente"}, {"seq": "77", "n": "17007", "vap": "91", "pvap": "   0,20", "e": "N", "st": "Suplente"}, {"seq": "43", "n": "17123", "vap": "399", "pvap": "   0,88", "e": "N", "st": "Suplente"}, {"seq": "68", "n": "17777", "vap": "149", "pvap": "   0,33", "e": "N", "st": "Suplente"}, {"seq": "46", "n": "17000", "vap": "372", "pvap": "   0,82", "e": "N", "st": "Suplente"}, {"seq": "133", "n": "17700", "vap": "11", "pvap": "   0,02", "e": "N", "st": "Suplente"}, {"seq": "72", "n": "17025", "vap": "120", "pvap": "   0,26", "e": "N", "st": "Suplente"}, {"seq": "125", "n": "17100", "vap": "19", "pvap": "   0,04", "e": "N", "st": "Suplente"}, {"seq": "107", "n": "17800", "vap": "41", "pvap": "   0,09", "e": "N", "st": "Suplente"}, {"seq": "91", "n": "17038", "vap": "67", "pvap": "   0,15", "e": "N", "st": "Suplente"}, {"seq": "131", "n": "17380", "vap": "13", "pvap": "   0,03", "e": "N", "st": "Suplente"}, {"seq": "40", "n": "13333", "vap": "406", "pvap": "   0,89", "e": "N", "st": "Suplente"}, {"seq": "62", "n": "13356", "vap": "183", "pvap": "   0,40", "e": "N", "st": "Suplente"}, {"seq": "11", "n": "13999", "vap": "743", "pvap": "   1,63", "e": "S", "st": "Eleito"}, {"seq": "102", "n": "13555", "vap": "49", "pvap": "   0,11", "e": "N", "st": "Suplente"}, {"seq": "67", "n": "13000", "vap": "150", "pvap": "   0,33", "e": "N", "st": "Suplente"}, {"seq": "132", "n": "13770", "vap": "11", "pvap": "   0,02", "e": "N", "st": "Suplente"}, {"seq": "124", "n": "13225", "vap": "19", "pvap": "   0,04", "e": "N", "st": "Suplente"}, {"seq": "19", "n": "13111", "vap": "674", "pvap": "   1,48", "e": "N", "st": "Suplente"}, {"seq": "81", "n": "13020", "vap": "83", "pvap": "   0,18", "e": "N", "st": "Suplente"}, {"seq": "121", "n": "13500", "vap": "20", "pvap": "   0,04", "e": "N", "st": "Suplente"}, {"seq": "49", "n": "13456", "vap": "341", "pvap": "   0,75", "e": "N", "st": "Suplente"}, {"seq": "76", "n": "13123", "vap": "103", "pvap": "   0,23", "e": "N", "st": "Suplente"}, {"seq": "114", "n": "13777", "vap": "28", "pvap": "   0,06", "e": "N", "st": "Suplente"}, {"seq": "118", "n": "13113", "vap": "21", "pvap": "   0,05", "e": "N", "st": "Suplente"}, {"seq": "39", "n": "13223", "vap": "414", "pvap": "   0,91", "e": "N", "st": "Suplente"}, {"seq": "18", "n": "13700", "vap": "721", "pvap": "   1,58", "e": "N", "st": "Suplente"}, {"seq": "136", "n": "13011", "vap": "10", "pvap": "   0,02", "e": "N", "st": "Suplente"}, {"seq": "47", "n": "13222", "vap": "359", "pvap": "   0,79", "e": "N", "st": "Suplente"}, {"seq": "69", "n": "13444", "vap": "130", "pvap": "   0,29", "e": "N", "st": "Suplente"}, {"seq": "6", "n": "13541", "vap": "853", "pvap": "   1,87", "e": "S", "st": "Eleito"}, {"seq": "84", "n": "40333", "vap": "81", "pvap": "   0,18", "e": "N", "st": "Suplente"}, {"seq": "83", "n": "40700", "vap": "81", "pvap": "   0,18", "e": "N", "st": "Suplente"}, {"seq": "73", "n": "40123", "vap": "118", "pvap": "   0,26", "e": "N", "st": "Suplente"}, {"seq": "99", "n": "40567", "vap": "53", "pvap": "   0,12", "e": "N", "st": "Suplente"}, {"seq": "103", "n": "40122", "vap": "46", "pvap": "   0,10", "e": "N", "st": "Suplente"}, {"seq": "90", "n": "40444", "vap": "67", "pvap": "   0,15", "e": "N", "st": "Suplente"}, {"seq": "17", "n": "40999", "vap": "381", "pvap": "   0,84", "e": "S", "st": "Eleito"}, {"seq": "122", "n": "40200", "vap": "20", "pvap": "   0,04", "e": "N", "st": "Suplente"}, {"seq": "82", "n": "40777", "vap": "83", "pvap": "   0,18", "e": "N", "st": "Suplente"}, {"seq": "97", "n": "40100", "vap": "54", "pvap": "   0,12", "e": "N", "st": "Suplente"}, {"seq": "129", "n": "40234", "vap": "15", "pvap": "   0,03", "e": "N", "st": "Suplente"}, {"seq": "74", "n": "40147", "vap": "105", "pvap": "   0,23", "e": "N", "st": "Suplente"}, {"seq": "123", "n": "40193", "vap": "20", "pvap": "   0,04", "e": "N", "st": "Suplente"}, {"seq": "106", "n": "40133", "vap": "42", "pvap": "   0,09", "e": "N", "st": "Suplente"}, {"seq": "61", "n": "40153", "vap": "191", "pvap": "   0,42", "e": "N", "st": "Suplente"}, {"seq": "50", "n": "40222", "vap": "303", "pvap": "   0,67", "e": "N", "st": "Suplente"}, {"seq": "116", "n": "40400", "vap": "27", "pvap": "   0,06", "e": "N", "st": "Suplente"}, {"seq": "140", "n": "40040", "vap": "7", "pvap": "   0,02", "e": "N", "st": "Suplente"}, {"seq": "54", "n": "40000", "vap": "261", "pvap": "   0,57", "e": "N", "st": "Suplente"}, {"seq": "139", "n": "40167", "vap": "7", "pvap": "   0,02", "e": "N", "st": "Suplente"}, {"seq": "96", "n": "40888", "vap": "54", "pvap": "   0,12", "e": "N", "st": "Suplente"}, {"seq": "104", "n": "40666", "vap": "46", "pvap": "   0,10", "e": "N", "st": "Suplente"}, {"seq": "95", "n": "40192", "vap": "57", "pvap": "   0,13", "e": "N", "st": "Suplente"}, {"seq": "64", "n": "40403", "vap": "161", "pvap": "   0,35", "e": "N", "st": "Suplente"}, {"seq": "113", "n": "40111", "vap": "32", "pvap": "   0,07", "e": "N", "st": "Suplente"}, {"seq": "57", "n": "40190", "vap": "214", "pvap": "   0,47", "e": "N", "st": "Suplente"}, {"seq": "176", "n": "14333", "vap": "14", "pvap": "   0,03", "e": "N", "st": "N\u00e3o eleito"}, {"seq": "146", "n": "14777", "vap": "265", "pvap": "   0,58", "e": "N", "st": "N\u00e3o eleito"}, {"seq": "147", "n": "14123", "vap": "211", "pvap": "   0,46", "e": "N", "st": "N\u00e3o eleito"}, {"seq": "145", "n": "14100", "vap": "288", "pvap": "   0,63", "e": "N", "st": "N\u00e3o eleito"}, {"seq": "155", "n": "14234", "vap": "86", "pvap": "   0,19", "e": "N", "st": "N\u00e3o eleito"}, {"seq": "181", "n": "14111", "vap": "4", "pvap": "   0,01", "e": "N", "st": "N\u00e3o eleito"}, {"seq": "172", "n": "14113", "vap": "16", "pvap": "   0,04", "e": "N", "st": "N\u00e3o eleito"}, {"seq": "148", "n": "14190", "vap": "210", "pvap": "   0,46", "e": "N", "st": "N\u00e3o eleito"}, {"seq": "152", "n": "14222", "vap": "151", "pvap": "   0,33", "e": "N", "st": "N\u00e3o eleito"}, {"seq": "24", "n": "12456", "vap": "522", "pvap": "   1,15", "e": "N", "st": "Suplente"}, {"seq": "4", "n": "12345", "vap": "1295", "pvap": "   2,85", "e": "S", "st": "Eleito"}, {"seq": "14", "n": "12222", "vap": "620", "pvap": "   1,36", "e": "S", "st": "Eleito"}, {"seq": "3", "n": "12712", "vap": "1322", "pvap": "   2,90", "e": "S", "st": "Eleito"}, {"seq": "7", "n": "12333", "vap": "838", "pvap": "   1,84", "e": "S", "st": "Eleito"}, {"seq": "53", "n": "12100", "vap": "267", "pvap": "   0,59", "e": "N", "st": "Suplente"}, {"seq": "22", "n": "12200", "vap": "524", "pvap": "   1,15", "e": "N", "st": "Suplente"}, {"seq": "20", "n": "12444", "vap": "581", "pvap": "   1,28", "e": "N", "st": "Suplente"}, {"seq": "45", "n": "12777", "vap": "391", "pvap": "   0,86", "e": "N", "st": "Suplente"}, {"seq": "88", "n": "12800", "vap": "73", "pvap": "   0,16", "e": "N", "st": "Suplente"}, {"seq": "9", "n": "12000", "vap": "785", "pvap": "   1,72", "e": "S", "st": "Eleito"}, {"seq": "1", "n": "12789", "vap": "2286", "pvap": "   5,02", "e": "S", "st": "Eleito"}, {"seq": "60", "n": "12112", "vap": "195", "pvap": "   0,43", "e": "N", "st": "Suplente"}, {"seq": "55", "n": "12111", "vap": "224", "pvap": "   0,49", "e": "N", "st": "Suplente"}, {"seq": "12", "n": "12190", "vap": "665", "pvap": "   1,46", "e": "S", "st": "Eleito"}, {"seq": "29", "n": "12122", "vap": "489", "pvap": "   1,07", "e": "N", "st": "Suplente"}, {"seq": "78", "n": "12012", "vap": "90", "pvap": "   0,20", "e": "N", "st": "Suplente"}, {"seq": "30", "n": "12310", "vap": "474", "pvap": "   1,04", "e": "N", "st": "Suplente"}, {"seq": "26", "n": "12555", "vap": "518", "pvap": "   1,14", "e": "N", "st": "Suplente"}, {"seq": "32", "n": "12123", "vap": "472", "pvap": "   1,04", "e": "N", "st": "Suplente"}, {"seq": "169", "n": "65800", "vap": "18", "pvap": "   0,04", "e": "N", "st": "N\u00e3o eleito"}, {"seq": "157", "n": "65478", "vap": "70", "pvap": "   0,15", "e": "N", "st": "N\u00e3o eleito"}, {"seq": "171", "n": "65123", "vap": "17", "pvap": "   0,04", "e": "N", "st": "N\u00e3o eleito"}, {"seq": "154", "n": "65190", "vap": "87", "pvap": "   0,19", "e": "N", "st": "N\u00e3o eleito"}, {"seq": "167", "n": "65666", "vap": "21", "pvap": "   0,05", "e": "N", "st": "N\u00e3o eleito"}, {"seq": "156", "n": "65500", "vap": "73", "pvap": "   0,16", "e": "N", "st": "N\u00e3o eleito"}, {"seq": "185", "n": "65678", "vap": "0", "pvap": "00.00", "e": "N", "st": "N\u00e3o eleito"}, {"seq": "151", "n": "65100", "vap": "153", "pvap": "   0,34", "e": "N", "st": "N\u00e3o eleito"}, {"seq": "162", "n": "65656", "vap": "48", "pvap": "   0,11", "e": "N", "st": "N\u00e3o eleito"}, {"seq": "142", "n": "22444", "vap": "547", "pvap": "   1,20", "e": "N", "st": "N\u00e3o eleito"}, {"seq": "161", "n": "22111", "vap": "59", "pvap": "   0,13", "e": "N", "st": "N\u00e3o eleito"}, {"seq": "149", "n": "22555", "vap": "199", "pvap": "   0,44", "e": "N", "st": "N\u00e3o eleito"}, {"seq": "177", "n": "22101", "vap": "13", "pvap": "   0,03", "e": "N", "st": "N\u00e3o eleito"}, {"seq": "150", "n": "22333", "vap": "176", "pvap": "   0,39", "e": "N", "st": "N\u00e3o eleito"}, {"seq": "179", "n": "22223", "vap": "12", "pvap": "   0,03", "e": "N", "st": "N\u00e3o eleito"}, {"seq": "144", "n": "22222", "vap": "391", "pvap": "   0,86", "e": "N", "st": "N\u00e3o eleito"}, {"seq": "143", "n": "22000", "vap": "430", "pvap": "   0,94", "e": "N", "st": "N\u00e3o eleito"}, {"seq": "175", "n": "22345", "vap": "14", "pvap": "   0,03", "e": "N", "st": "N\u00e3o eleito"}, {"seq": "183", "n": "22666", "vap": "0", "pvap": "00.00", "e": "N", "st": "N\u00e3o eleito"}, {"seq": "166", "n": "22777", "vap": "26", "pvap": "   0,06", "e": "N", "st": "N\u00e3o eleito"}, {"seq": "173", "n": "22888", "vap": "16", "pvap": "   0,04", "e": "N", "st": "N\u00e3o eleito"}, {"seq": "37", "n": "11888", "vap": "426", "pvap": "   0,94", "e": "N", "st": "Suplente"}, {"seq": "130", "n": "11999", "vap": "15", "pvap": "   0,03", "e": "N", "st": "Suplente"}, {"seq": "36", "n": "11000", "vap": "432", "pvap": "   0,95", "e": "N", "st": "Suplente"}, {"seq": "134", "n": "11345", "vap": "11", "pvap": "   0,02", "e": "N", "st": "Suplente"}, {"seq": "13", "n": "11100", "vap": "649", "pvap": "   1,43", "e": "S", "st": "Eleito"}, {"seq": "48", "n": "11155", "vap": "356", "pvap": "   0,78", "e": "N", "st": "Suplente"}, {"seq": "27", "n": "11012", "vap": "503", "pvap": "   1,11", "e": "N", "st": "Suplente"}, {"seq": "51", "n": "11234", "vap": "301", "pvap": "   0,66", "e": "N", "st": "Suplente"}, {"seq": "21", "n": "11112", "vap": "549", "pvap": "   1,21", "e": "N", "st": "Suplente"}, {"seq": "109", "n": "11322", "vap": "38", "pvap": "   0,08", "e": "N", "st": "Suplente"}, {"seq": "52", "n": "11045", "vap": "299", "pvap": "   0,66", "e": "N", "st": "Suplente"}, {"seq": "105", "n": "11456", "vap": "45", "pvap": "   0,10", "e": "N", "st": "Suplente"}, {"seq": "59", "n": "11007", "vap": "204", "pvap": "   0,45", "e": "N", "st": "Suplente"}, {"seq": "70", "n": "11010", "vap": "129", "pvap": "   0,28", "e": "N", "st": "Suplente"}, {"seq": "8", "n": "11011", "vap": "806", "pvap": "   1,77", "e": "S", "st": "Eleito"}, {"seq": "33", "n": "11555", "vap": "471", "pvap": "   1,03", "e": "N", "st": "Suplente"}, {"seq": "85", "n": "11666", "vap": "79", "pvap": "   0,17", "e": "N", "st": "Suplente"}, {"seq": "16", "n": "11123", "vap": "568", "pvap": "   1,25", "e": "S", "st": "Eleito"}, {"seq": "34", "n": "11222", "vap": "443", "pvap": "   0,97", "e": "N", "st": "Suplente"}, {"seq": "89", "n": "11111", "vap": "69", "pvap": "   0,15", "e": "N", "st": "Suplente"}, {"seq": "128", "n": "11444", "vap": "16", "pvap": "   0,04", "e": "N", "st": "Suplente"}, {"seq": "31", "n": "11777", "vap": "473", "pvap": "   1,04", "e": "N", "st": "Suplente"}, {"seq": "5", "n": "25025", "vap": "1007", "pvap": "   2,21", "e": "S", "st": "Eleito"}, {"seq": "120", "n": "25121", "vap": "21", "pvap": "   0,05", "e": "N", "st": "Suplente"}, {"seq": "182", "n": "25147", "vap": "2", "pvap": "   0,00", "e": "N", "st": "N\u00e3o eleito"}, {"seq": "101", "n": "25199", "vap": "50", "pvap": "   0,11", "e": "N", "st": "Suplente"}, {"seq": "23", "n": "25222", "vap": "523", "pvap": "   1,15", "e": "N", "st": "Suplente"}, {"seq": "15", "n": "25010", "vap": "609", "pvap": "   1,34", "e": "S", "st": "Eleito"}, {"seq": "44", "n": "25020", "vap": "392", "pvap": "   0,86", "e": "N", "st": "Suplente"}, {"seq": "135", "n": "25000", "vap": "10", "pvap": "   0,02", "e": "N", "st": "Suplente"}, {"seq": "137", "n": "25234", "vap": "8", "pvap": "   0,02", "e": "N", "st": "Suplente"}, {"seq": "110", "n": "25555", "vap": "38", "pvap": "   0,08", "e": "N", "st": "Suplente"}, {"seq": "42", "n": "25800", "vap": "401", "pvap": "   0,88", "e": "N", "st": "Suplente"}, {"seq": "35", "n": "25111", "vap": "434", "pvap": "   0,95", "e": "N", "st": "Suplente"}, {"seq": "71", "n": "25012", "vap": "121", "pvap": "   0,27", "e": "N", "st": "Suplente"}, {"seq": "112", "n": "25015", "vap": "35", "pvap": "   0,08", "e": "N", "st": "Suplente"}, {"seq": "63", "n": "25628", "vap": "173", "pvap": "   0,38", "e": "N", "st": "Suplente"}, {"seq": "141", "n": "25666", "vap": "0", "pvap": "00.00", "e": "N", "st": "Suplente"}, {"seq": "86", "n": "25333", "vap": "74", "pvap": "   0,16", "e": "N", "st": "Suplente"}, {"seq": "98", "n": "25133", "vap": "53", "pvap": "   0,12", "e": "N", "st": "Suplente"}, {"seq": "80", "n": "25678", "vap": "85", "pvap": "   0,19", "e": "N", "st": "Suplente"}, {"seq": "119", "n": "25888", "vap": "21", "pvap": "   0,05", "e": "N", "st": "Suplente"}, {"seq": "41", "n": "25123", "vap": "405", "pvap": "   0,89", "e": "N", "st": "Suplente"}, {"seq": "115", "n": "25192", "vap": "28", "pvap": "   0,06", "e": "N", "st": "Suplente"}, {"seq": "164", "n": "15000", "vap": "40", "pvap": "   0,09", "e": "N", "st": "N\u00e3o eleito"}, {"seq": "184", "n": "15015", "vap": "0", "pvap": "00.00", "e": "N", "st": "N\u00e3o eleito"}, {"seq": "178", "n": "15215", "vap": "12", "pvap": "   0,03", "e": "N", "st": "N\u00e3o eleito"}, {"seq": "180", "n": "15500", "vap": "8", "pvap": "   0,02", "e": "N", "st": "N\u00e3o eleito"}, {"seq": "170", "n": "15333", "vap": "17", "pvap": "   0,04", "e": "N", "st": "N\u00e3o eleito"}, {"seq": "153", "n": "15222", "vap": "135", "pvap": "   0,30", "e": "N", "st": "N\u00e3o eleito"}, {"seq": "158", "n": "15555", "vap": "68", "pvap": "   0,15", "e": "N", "st": "N\u00e3o eleito"}, {"seq": "160", "n": "15777", "vap": "64", "pvap": "   0,14", "e": "N", "st": "N\u00e3o eleito"}, {"seq": "159", "n": "15888", "vap": "67", "pvap": "   0,15", "e": "N", "st": "N\u00e3o eleito"}, {"seq": "163", "n": "15678", "vap": "43", "pvap": "   0,09", "e": "N", "st": "N\u00e3o eleito"}, {"seq": "165", "n": "15123", "vap": "36", "pvap": "   0,08", "e": "N", "st": "N\u00e3o eleito"}, {"seq": "174", "n": "15541", "vap": "15", "pvap": "   0,03", "e": "N", "st": "N\u00e3o eleito"}, {"seq": "168", "n": "15999", "vap": "20", "pvap": "   0,04", "e": "N", "st": "N\u00e3o eleito"}]}, {"dt": "15/11/2020", "ht": "22:15:10", "tf": "S", "and": "F", "tpabr": "ZONA", "cdabr": "22", "s": "158", "st": "158", "snt": "0", "si": "158", "sni": "0", "sa": "158", "sna": "0", "pst": " 100,00", "psnt": "   0,00", "psi": " 100,00", "psni": "   0,00", "psa": " 100,00", "psna": "   0,00", "e": "59203", "ea": "59203", "ena": "0", "esi": "59203", "esni": "0", "a": "12186", "c": "47017", "pea": " 100,00", "pena": "   0,00", "pesi": " 100,00", "pesni": "   0,00", "pa": "  20,58", "pc": "  79,42", "vnom": "42625", "vscv": "0", "vl": "2799", "tv": "47017", "vvc": "45517", "vb": "630", "tvn": "870", "vn": "867", "vnt": "3", "vp": "0", "vv": "45424", "van": "0", "vansj": "93", "pvnom": "  93,84", "pvl": "   6,16", "pvvc": "  96,81", "pvb": "   1,34", "ptvn": "   1,85", "pvn": "  99,66", "pvnt": "   0,34", "pvp": "   0,00", "pvv": "  99,80", "pvan": "   0,00", "pvansj": "   0,20", "cand": [{"seq": "153", "n": "15222", "vap": "135", "pvap": "   0,30", "e": "N", "st": "N\u00e3o eleito"}, {"seq": "158", "n": "15555", "vap": "68", "pvap": "   0,15", "e": "N", "st": "N\u00e3o eleito"}, {"seq": "159", "n": "15888", "vap": "67", "pvap": "   0,15", "e": "N", "st": "N\u00e3o eleito"}, {"seq": "160", "n": "15777", "vap": "64", "pvap": "   0,14", "e": "N", "st": "N\u00e3o eleito"}, {"seq": "163", "n": "15678", "vap": "43", "pvap": "   0,09", "e": "N", "st": "N\u00e3o eleito"}, {"seq": "164", "n": "15000", "vap": "40", "pvap": "   0,09", "e": "N", "st": "N\u00e3o eleito"}, {"seq": "165", "n": "15123", "vap": "36", "pvap": "   0,08", "e": "N", "st": "N\u00e3o eleito"}, {"seq": "168", "n": "15999", "vap": "20", "pvap": "   0,04", "e": "N", "st": "N\u00e3o eleito"}, {"seq": "170", "n": "15333", "vap": "17", "pvap": "   0,04", "e": "N", "st": "N\u00e3o eleito"}, {"seq": "174", "n": "15541", "vap": "15", "pvap": "   0,03", "e": "N", "st": "N\u00e3o eleito"}, {"seq": "178", "n": "15215", "vap": "12", "pvap": "   0,03", "e": "N", "st": "N\u00e3o eleito"}, {"seq": "180", "n": "15500", "vap": "8", "pvap": "   0,02", "e": "N", "st": "N\u00e3o eleito"}, {"seq": "184", "n": "15015", "vap": "0", "pvap": "00.00", "e": "N", "st": "N\u00e3o eleito"}, {"seq": "142", "n": "22444", "vap": "547", "pvap": "   1,20", "e": "N", "st": "N\u00e3o eleito"}, {"seq": "143", "n": "22000", "vap": "430", "pvap": "   0,94", "e": "N", "st": "N\u00e3o eleito"}, {"seq": "144", "n": "22222", "vap": "391", "pvap": "   0,86", "e": "N", "st": "N\u00e3o eleito"}, {"seq": "149", "n": "22555", "vap": "199", "pvap": "   0,44", "e": "N", "st": "N\u00e3o eleito"}, {"seq": "150", "n": "22333", "vap": "176", "pvap": "   0,39", "e": "N", "st": "N\u00e3o eleito"}, {"seq": "161", "n": "22111", "vap": "59", "pvap": "   0,13", "e": "N", "st": "N\u00e3o eleito"}, {"seq": "166", "n": "22777", "vap": "26", "pvap": "   0,06", "e": "N", "st": "N\u00e3o eleito"}, {"seq": "173", "n": "22888", "vap": "16", "pvap": "   0,04", "e": "N", "st": "N\u00e3o eleito"}, {"seq": "175", "n": "22345", "vap": "14", "pvap": "   0,03", "e": "N", "st": "N\u00e3o eleito"}, {"seq": "177", "n": "22101", "vap": "13", "pvap": "   0,03", "e": "N", "st": "N\u00e3o eleito"}, {"seq": "179", "n": "22223", "vap": "12", "pvap": "   0,03", "e": "N", "st": "N\u00e3o eleito"}, {"seq": "183", "n": "22666", "vap": "0", "pvap": "00.00", "e": "N", "st": "N\u00e3o eleito"}, {"seq": "5", "n": "25025", "vap": "1007", "pvap": "   2,21", "e": "S", "st": "Eleito"}, {"seq": "15", "n": "25010", "vap": "609", "pvap": "   1,34", "e": "S", "st": "Eleito"}, {"seq": "23", "n": "25222", "vap": "523", "pvap": "   1,15", "e": "N", "st": "Suplente"}, {"seq": "35", "n": "25111", "vap": "434", "pvap": "   0,95", "e": "N", "st": "Suplente"}, {"seq": "41", "n": "25123", "vap": "405", "pvap": "   0,89", "e": "N", "st": "Suplente"}, {"seq": "42", "n": "25800", "vap": "401", "pvap": "   0,88", "e": "N", "st": "Suplente"}, {"seq": "44", "n": "25020", "vap": "392", "pvap": "   0,86", "e": "N", "st": "Suplente"}, {"seq": "63", "n": "25628", "vap": "173", "pvap": "   0,38", "e": "N", "st": "Suplente"}, {"seq": "71", "n": "25012", "vap": "121", "pvap": "   0,27", "e": "N", "st": "Suplente"}, {"seq": "80", "n": "25678", "vap": "85", "pvap": "   0,19", "e": "N", "st": "Suplente"}, {"seq": "86", "n": "25333", "vap": "74", "pvap": "   0,16", "e": "N", "st": "Suplente"}, {"seq": "98", "n": "25133", "vap": "53", "pvap": "   0,12", "e": "N", "st": "Suplente"}, {"seq": "101", "n": "25199", "vap": "50", "pvap": "   0,11", "e": "N", "st": "Suplente"}, {"seq": "110", "n": "25555", "vap": "38", "pvap": "   0,08", "e": "N", "st": "Suplente"}, {"seq": "112", "n": "25015", "vap": "35", "pvap": "   0,08", "e": "N", "st": "Suplente"}, {"seq": "115", "n": "25192", "vap": "28", "pvap": "   0,06", "e": "N", "st": "Suplente"}, {"seq": "119", "n": "25888", "vap": "21", "pvap": "   0,05", "e": "N", "st": "Suplente"}, {"seq": "120", "n": "25121", "vap": "21", "pvap": "   0,05", "e": "N", "st": "Suplente"}, {"seq": "135", "n": "25000", "vap": "10", "pvap": "   0,02", "e": "N", "st": "Suplente"}, {"seq": "137", "n": "25234", "vap": "8", "pvap": "   0,02", "e": "N", "st": "Suplente"}, {"seq": "141", "n": "25666", "vap": "0", "pvap": "00.00", "e": "N", "st": "Suplente"}, {"seq": "182", "n": "25147", "vap": "2", "pvap": "   0,00", "e": "N", "st": "N\u00e3o eleito"}, {"seq": "10", "n": "55222", "vap": "760", "pvap": "   1,67", "e": "S", "st": "Eleito"}, {"seq": "25", "n": "55789", "vap": "522", "pvap": "   1,15", "e": "N", "st": "Suplente"}, {"seq": "28", "n": "55055", "vap": "503", "pvap": "   1,11", "e": "N", "st": "Suplente"}, {"seq": "38", "n": "55123", "vap": "419", "pvap": "   0,92", "e": "N", "st": "Suplente"}, {"seq": "56", "n": "55444", "vap": "220", "pvap": "   0,48", "e": "N", "st": "Suplente"}, {"seq": "58", "n": "55333", "vap": "211", "pvap": "   0,46", "e": "N", "st": "Suplente"}, {"seq": "65", "n": "55345", "vap": "161", "pvap": "   0,35", "e": "N", "st": "Suplente"}, {"seq": "75", "n": "55679", "vap": "104", "pvap": "   0,23", "e": "N", "st": "Suplente"}, {"seq": "79", "n": "55000", "vap": "89", "pvap": "   0,20", "e": "N", "st": "Suplente"}, {"seq": "87", "n": "55111", "vap": "73", "pvap": "   0,16", "e": "N", "st": "Suplente"}, {"seq": "93", "n": "55777", "vap": "65", "pvap": "   0,14", "e": "N", "st": "Suplente"}, {"seq": "100", "n": "55555", "vap": "52", "pvap": "   0,11", "e": "N", "st": "Suplente"}, {"seq": "111", "n": "55011", "vap": "36", "pvap": "   0,08", "e": "N", "st": "Suplente"}, {"seq": "126", "n": "55100", "vap": "18", "pvap": "   0,04", "e": "N", "st": "Suplente"}, {"seq": "127", "n": "55888", "vap": "16", "pvap": "   0,04", "e": "N", "st": "Suplente"}, {"seq": "138", "n": "55131", "vap": "7", "pvap": "   0,02", "e": "N", "st": "Suplente"}, {"seq": "2", "n": "17190", "vap": "1853", "pvap": "   4,07", "e": "S", "st": "Eleito"}, {"seq": "43", "n": "17123", "vap": "399", "pvap": "   0,88", "e": "N", "st": "Suplente"}, {"seq": "46", "n": "17000", "vap": "372", "pvap": "   0,82", "e": "N", "st": "Suplente"}, {"seq": "66", "n": "17010", "vap": "153", "pvap": "   0,34", "e": "N", "st": "Suplente"}, {"seq": "68", "n": "17777", "vap": "149", "pvap": "   0,33", "e": "N", "st": "Suplente"}, {"seq": "72", "n": "17025", "vap": "120", "pvap": "   0,26", "e": "N", "st": "Suplente"}, {"seq": "77", "n": "17007", "vap": "91", "pvap": "   0,20", "e": "N", "st": "Suplente"}, {"seq": "91", "n": "17038", "vap": "67", "pvap": "   0,15", "e": "N", "st": "Suplente"}, {"seq": "92", "n": "17500", "vap": "65", "pvap": "   0,14", "e": "N", "st": "Suplente"}, {"seq": "94", "n": "17333", "vap": "58", "pvap": "   0,13", "e": "N", "st": "Suplente"}, {"seq": "107", "n": "17800", "vap": "41", "pvap": "   0,09", "e": "N", "st": "Suplente"}, {"seq": "108", "n": "17030", "vap": "39", "pvap": "   0,09", "e": "N", "st": "Suplente"}, {"seq": "117", "n": "17633", "vap": "25", "pvap": "   0,05", "e": "N", "st": "Suplente"}, {"seq": "125", "n": "17100", "vap": "19", "pvap": "   0,04", "e": "N", "st": "Suplente"}, {"seq": "131", "n": "17380", "vap": "13", "pvap": "   0,03", "e": "N", "st": "Suplente"}, {"seq": "133", "n": "17700", "vap": "11", "pvap": "   0,02", "e": "N", "st": "Suplente"}, {"seq": "145", "n": "14100", "vap": "288", "pvap": "   0,63", "e": "N", "st": "N\u00e3o eleito"}, {"seq": "146", "n": "14777", "vap": "265", "pvap": "   0,58", "e": "N", "st": "N\u00e3o eleito"}, {"seq": "147", "n": "14123", "vap": "211", "pvap": "   0,46", "e": "N", "st": "N\u00e3o eleito"}, {"seq": "148", "n": "14190", "vap": "210", "pvap": "   0,46", "e": "N", "st": "N\u00e3o eleito"}, {"seq": "152", "n": "14222", "vap": "151", "pvap": "   0,33", "e": "N", "st": "N\u00e3o eleito"}, {"seq": "155", "n": "14234", "vap": "86", "pvap": "   0,19", "e": "N", "st": "N\u00e3o eleito"}, {"seq": "172", "n": "14113", "vap": "16", "pvap": "   0,04", "e": "N", "st": "N\u00e3o eleito"}, {"seq": "176", "n": "14333", "vap": "14", "pvap": "   0,03", "e": "N", "st": "N\u00e3o eleito"}, {"seq": "181", "n": "14111", "vap": "4", "pvap": "   0,01", "e": "N", "st": "N\u00e3o eleito"}, {"seq": "1", "n": "12789", "vap": "2286", "pvap": "   5,02", "e": "S", "st": "Eleito"}, {"seq": "3", "n": "12712", "vap": "1322", "pvap": "   2,90", "e": "S", "st": "Eleito"}, {"seq": "4", "n": "12345", "vap": "1295", "pvap": "   2,85", "e": "S", "st": "Eleito"}, {"seq": "7", "n": "12333", "vap": "838", "pvap": "   1,84", "e": "S", "st": "Eleito"}, {"seq": "9", "n": "12000", "vap": "785", "pvap": "   1,72", "e": "S", "st": "Eleito"}, {"seq": "12", "n": "12190", "vap": "665", "pvap": "   1,46", "e": "S", "st": "Eleito"}, {"seq": "14", "n": "12222", "vap": "620", "pvap": "   1,36", "e": "S", "st": "Eleito"}, {"seq": "20", "n": "12444", "vap": "581", "pvap": "   1,28", "e": "N", "st": "Suplente"}, {"seq": "22", "n": "12200", "vap": "524", "pvap": "   1,15", "e": "N", "st": "Suplente"}, {"seq": "24", "n": "12456", "vap": "522", "pvap": "   1,15", "e": "N", "st": "Suplente"}, {"seq": "26", "n": "12555", "vap": "518", "pvap": "   1,14", "e": "N", "st": "Suplente"}, {"seq": "29", "n": "12122", "vap": "489", "pvap": "   1,07", "e": "N", "st": "Suplente"}, {"seq": "30", "n": "12310", "vap": "474", "pvap": "   1,04", "e": "N", "st": "Suplente"}, {"seq": "32", "n": "12123", "vap": "472", "pvap": "   1,04", "e": "N", "st": "Suplente"}, {"seq": "45", "n": "12777", "vap": "391", "pvap": "   0,86", "e": "N", "st": "Suplente"}, {"seq": "53", "n": "12100", "vap": "267", "pvap": "   0,59", "e": "N", "st": "Suplente"}, {"seq": "55", "n": "12111", "vap": "224", "pvap": "   0,49", "e": "N", "st": "Suplente"}, {"seq": "60", "n": "12112", "vap": "195", "pvap": "   0,43", "e": "N", "st": "Suplente"}, {"seq": "78", "n": "12012", "vap": "90", "pvap": "   0,20", "e": "N", "st": "Suplente"}, {"seq": "88", "n": "12800", "vap": "73", "pvap": "   0,16", "e": "N", "st": "Suplente"}, {"seq": "8", "n": "11011", "vap": "806", "pvap": "   1,77", "e": "S", "st": "Eleito"}, {"seq": "13", "n": "11100", "vap": "649", "pvap": "   1,43", "e": "S", "st": "Eleito"}, {"seq": "16", "n": "11123", "vap": "568", "pvap": "   1,25", "e": "S", "st": "Eleito"}, {"seq": "21", "n": "11112", "vap": "549", "pvap": "   1,21", "e": "N", "st": "Suplente"}, {"seq": "27", "n": "11012", "vap": "503", "pvap": "   1,11", "e": "N", "st": "Suplente"}, {"seq": "31", "n": "11777", "vap": "473", "pvap": "   1,04", "e": "N", "st": "Suplente"}, {"seq": "33", "n": "11555", "vap": "471", "pvap": "   1,03", "e": "N", "st": "Suplente"}, {"seq": "34", "n": "11222", "vap": "443", "pvap": "   0,97", "e": "N", "st": "Suplente"}, {"seq": "36", "n": "11000", "vap": "432", "pvap": "   0,95", "e": "N", "st": "Suplente"}, {"seq": "37", "n": "11888", "vap": "426", "pvap": "   0,94", "e": "N", "st": "Suplente"}, {"seq": "48", "n": "11155", "vap": "356", "pvap": "   0,78", "e": "N", "st": "Suplente"}, {"seq": "51", "n": "11234", "vap": "301", "pvap": "   0,66", "e": "N", "st": "Suplente"}, {"seq": "52", "n": "11045", "vap": "299", "pvap": "   0,66", "e": "N", "st": "Suplente"}, {"seq": "59", "n": "11007", "vap": "204", "pvap": "   0,45", "e": "N", "st": "Suplente"}, {"seq": "70", "n": "11010", "vap": "129", "pvap": "   0,28", "e": "N", "st": "Suplente"}, {"seq": "85", "n": "11666", "vap": "79", "pvap": "   0,17", "e": "N", "st": "Suplente"}, {"seq": "89", "n": "11111", "vap": "69", "pvap": "   0,15", "e": "N", "st": "Suplente"}, {"seq": "105", "n": "11456", "vap": "45", "pvap": "   0,10", "e": "N", "st": "Suplente"}, {"seq": "109", "n": "11322", "vap": "38", "pvap": "   0,08", "e": "N", "st": "Suplente"}, {"seq": "128", "n": "11444", "vap": "16", "pvap": "   0,04", "e": "N", "st": "Suplente"}, {"seq": "130", "n": "11999", "vap": "15", "pvap": "   0,03", "e": "N", "st": "Suplente"}, {"seq": "134", "n": "11345", "vap": "11", "pvap": "   0,02", "e": "N", "st": "Suplente"}, {"seq": "6", "n": "13541", "vap": "853", "pvap": "   1,87", "e": "S", "st": "Eleito"}, {"seq": "11", "n": "13999", "vap": "743", "pvap": "   1,63", "e": "S", "st": "Eleito"}, {"seq": "18", "n": "13700", "vap": "721", "pvap": "   1,58", "e": "N", "st": "Suplente"}, {"seq": "19", "n": "13111", "vap": "674", "pvap": "   1,48", "e": "N", "st": "Suplente"}, {"seq": "39", "n": "13223", "vap": "414", "pvap": "   0,91", "e": "N", "st": "Suplente"}, {"seq": "40", "n": "13333", "vap": "406", "pvap": "   0,89", "e": "N", "st": "Suplente"}, {"seq": "47", "n": "13222", "vap": "359", "pvap": "   0,79", "e": "N", "st": "Suplente"}, {"seq": "49", "n": "13456", "vap": "341", "pvap": "   0,75", "e": "N", "st": "Suplente"}, {"seq": "62", "n": "13356", "vap": "183", "pvap": "   0,40", "e": "N", "st": "Suplente"}, {"seq": "67", "n": "13000", "vap": "150", "pvap": "   0,33", "e": "N", "st": "Suplente"}, {"seq": "69", "n": "13444", "vap": "130", "pvap": "   0,29", "e": "N", "st": "Suplente"}, {"seq": "76", "n": "13123", "vap": "103", "pvap": "   0,23", "e": "N", "st": "Suplente"}, {"seq": "81", "n": "13020", "vap": "83", "pvap": "   0,18", "e": "N", "st": "Suplente"}, {"seq": "102", "n": "13555", "vap": "49", "pvap": "   0,11", "e": "N", "st": "Suplente"}, {"seq": "114", "n": "13777", "vap": "28", "pvap": "   0,06", "e": "N", "st": "Suplente"}, {"seq": "118", "n": "13113", "vap": "21", "pvap": "   0,05", "e": "N", "st": "Suplente"}, {"seq": "121", "n": "13500", "vap": "20", "pvap": "   0,04", "e": "N", "st": "Suplente"}, {"seq": "124", "n": "13225", "vap": "19", "pvap": "   0,04", "e": "N", "st": "Suplente"}, {"seq": "132", "n": "13770", "vap": "11", "pvap": "   0,02", "e": "N", "st": "Suplente"}, {"seq": "136", "n": "13011", "vap": "10", "pvap": "   0,02", "e": "N", "st": "Suplente"}, {"seq": "151", "n": "65100", "vap": "153", "pvap": "   0,34", "e": "N", "st": "N\u00e3o eleito"}, {"seq": "154", "n": "65190", "vap": "87", "pvap": "   0,19", "e": "N", "st": "N\u00e3o eleito"}, {"seq": "156", "n": "65500", "vap": "73", "pvap": "   0,16", "e": "N", "st": "N\u00e3o eleito"}, {"seq": "157", "n": "65478", "vap": "70", "pvap": "   0,15", "e": "N", "st": "N\u00e3o eleito"}, {"seq": "162", "n": "65656", "vap": "48", "pvap": "   0,11", "e": "N", "st": "N\u00e3o eleito"}, {"seq": "167", "n": "65666", "vap": "21", "pvap": "   0,05", "e": "N", "st": "N\u00e3o eleito"}, {"seq": "169", "n": "65800", "vap": "18", "pvap": "   0,04", "e": "N", "st": "N\u00e3o eleito"}, {"seq": "171", "n": "65123", "vap": "17", "pvap": "   0,04", "e": "N", "st": "N\u00e3o eleito"}, {"seq": "185", "n": "65678", "vap": "0", "pvap": "00.00", "e": "N", "st": "N\u00e3o eleito"}, {"seq": "17", "n": "40999", "vap": "381", "pvap": "   0,84", "e": "S", "st": "Eleito"}, {"seq": "50", "n": "40222", "vap": "303", "pvap": "   0,67", "e": "N", "st": "Suplente"}, {"seq": "54", "n": "40000", "vap": "261", "pvap": "   0,57", "e": "N", "st": "Suplente"}, {"seq": "57", "n": "40190", "vap": "214", "pvap": "   0,47", "e": "N", "st": "Suplente"}, {"seq": "61", "n": "40153", "vap": "191", "pvap": "   0,42", "e": "N", "st": "Suplente"}, {"seq": "64", "n": "40403", "vap": "161", "pvap": "   0,35", "e": "N", "st": "Suplente"}, {"seq": "73", "n": "40123", "vap": "118", "pvap": "   0,26", "e": "N", "st": "Suplente"}, {"seq": "74", "n": "40147", "vap": "105", "pvap": "   0,23", "e": "N", "st": "Suplente"}, {"seq": "82", "n": "40777", "vap": "83", "pvap": "   0,18", "e": "N", "st": "Suplente"}, {"seq": "83", "n": "40700", "vap": "81", "pvap": "   0,18", "e": "N", "st": "Suplente"}, {"seq": "84", "n": "40333", "vap": "81", "pvap": "   0,18", "e": "N", "st": "Suplente"}, {"seq": "90", "n": "40444", "vap": "67", "pvap": "   0,15", "e": "N", "st": "Suplente"}, {"seq": "95", "n": "40192", "vap": "57", "pvap": "   0,13", "e": "N", "st": "Suplente"}, {"seq": "96", "n": "40888", "vap": "54", "pvap": "   0,12", "e": "N", "st": "Suplente"}, {"seq": "97", "n": "40100", "vap": "54", "pvap": "   0,12", "e": "N", "st": "Suplente"}, {"seq": "99", "n": "40567", "vap": "53", "pvap": "   0,12", "e": "N", "st": "Suplente"}, {"seq": "103", "n": "40122", "vap": "46", "pvap": "   0,10", "e": "N", "st": "Suplente"}, {"seq": "104", "n": "40666", "vap": "46", "pvap": "   0,10", "e": "N", "st": "Suplente"}, {"seq": "106", "n": "40133", "vap": "42", "pvap": "   0,09", "e": "N", "st": "Suplente"}, {"seq": "113", "n": "40111", "vap": "32", "pvap": "   0,07", "e": "N", "st": "Suplente"}, {"seq": "116", "n": "40400", "vap": "27", "pvap": "   0,06", "e": "N", "st": "Suplente"}, {"seq": "122", "n": "40200", "vap": "20", "pvap": "   0,04", "e": "N", "st": "Suplente"}, {"seq": "123", "n": "40193", "vap": "20", "pvap": "   0,04", "e": "N", "st": "Suplente"}, {"seq": "129", "n": "40234", "vap": "15", "pvap": "   0,03", "e": "N", "st": "Suplente"}, {"seq": "139", "n": "40167", "vap": "7", "pvap": "   0,02", "e": "N", "st": "Suplente"}, {"seq": "140", "n": "40040", "vap": "7", "pvap": "   0,02", "e": "N", "st": "Suplente"}]}]}