{"ele": "426", "carper": "13", "t": "1", "f": "O", "esae": "N", "mnae": " ", "dg": "15/11/2020", "hg": "22:13:39", "dv": "S", "nadf": "ma07170-c0013-e000426-003-f", "abr": [{"dt": "15/11/2020", "ht": "21:51:57", "tf": "S", "and": "F", "tpabr": "MU", "cdabr": "07170", "s": "102", "st": "102", "snt": "0", "si": "102", "sni": "0", "sa": "102", "sna": "0", "pst": " 100,00", "psnt": "   0,00", "psi": " 100,00", "psni": "   0,00", "psa": " 100,00", "psna": "   0,00", "e": "33562", "ea": "33562", "ena": "0", "esi": "33562", "esni": "0", "c": "25272", "a": "8290", "pea": " 100,00", "pena": "   0,00", "pesi": " 100,00", "pesni": "   0,00", "pa": "  24,70", "pc": "  75,30", "vscv": "0", "vnom": "22520", "vl": "1480", "tv": "25272", "vvc": "24000", "vb": "349", "tvn": "923", "vn": "923", "vnt": "0", "vp": "0", "vv": "24000", "van": "0", "vansj": "0", "pvnom": "  93,83", "pvl": "   6,17", "pvvc": "  94,97", "pvb": "   1,38", "ptvn": "   3,65", "pvn": " 100,00", "pvnt": "   0,00", "pvp": "   0,00", "pvv": " 100,00", "pvan": "   0,00", "pvansj": "   0,00", "colig": [{"n": "100000127368", "tvtn": "2365", "tvan": "2365", "vag": "1", "tvtl": "192", "tval": "192"}, {"n": "100000150172", "tvtn": "92", "tvan": "92", "vag": "0", "tvtl": "32", "tval": "32"}, {"n": "100000110478", "tvtn": "618", "tvan": "618", "vag": "0", "tvtl": "37", "tval": "37"}, {"n": "100000073629", "tvtn": "1442", "tvan": "1442", "vag": "1", "tvtl": "52", "tval": "52"}, {"n": "100000067577", "tvtn": "273", "tvan": "273", "vag": "0", "tvtl": "19", "tval": "19"}, {"n": "100000051742", "tvtn": "777", "tvan": "777", "vag": "0", "tvtl": "51", "tval": "51"}, {"n": "100000150049", "tvtn": "4113", "tvan": "4113", "vag": "3", "tvtl": "170", "tval": "170"}, {"n": "100000150100", "tvtn": "182", "tvan": "182", "vag": "0", "tvtl": "14", "tval": "14"}, {"n": "100000087628", "tvtn": "396", "tvan": "396", "vag": "0", "tvtl": "37", "tval": "37"}, {"n": "100000073623", "tvtn": "5294", "tvan": "5294", "vag": "3", "tvtl": "150", "tval": "150"}, {"n": "100000150240", "tvtn": "2447", "tvan": "2447", "vag": "2", "tvtl": "310", "tval": "310"}, {"n": "100000058130", "tvtn": "19", "tvan": "19", "vag": "0", "tvtl": "8", "tval": "8"}, {"n": "100000087720", "tvtn": "4424", "tvan": "4424", "vag": "3", "tvtl": "405", "tval": "405"}, {"n": "100000150241", "tvtn": "78", "tvan": "78", "vag": "0", "tvtl": "3", "tval": "3"}], "part": [{"n": "77", "tvtn": "2365", "tvan": "2365", "tvtl": "192", "tval": "192"}, {"n": "18", "tvtn": "92", "tvan": "92", "tvtl": "32", "tval": "32"}, {"n": "15", "tvtn": "618", "tvan": "618", "tvtl": "37", "tval": "37"}, {"n": "25", "tvtn": "1442", "tvan": "1442", "tvtl": "52", "tval": "52"}, {"n": "40", "tvtn": "273", "tvan": "273", "tvtl": "19", "tval": "19"}, {"n": "23", "tvtn": "777", "tvan": "777", "tvtl": "51", "tval": "51"}, {"n": "10", "tvtn": "4113", "tvan": "4113", "tvtl": "170", "tval": "170"}, {"n": "13", "tvtn": "182", "tvan": "182", "tvtl": "14", "tval": "14"}, {"n": "19", "tvtn": "396", "tvan": "396", "tvtl": "37", "tval": "37"}, {"n": "20", "tvtn": "5294", "tvan": "5294", "tvtl": "150", "tval": "150"}, {"n": "65", "tvtn": "2447", "tvan": "2447", "tvtl": "310", "tval": "310"}, {"n": "28", "tvtn": "19", "tvan": "19", "tvtl": "8", "tval": "8"}, {"n": "22", "tvtn": "4424", "tvan": "4424", "tvtl": "405", "tval": "405"}, {"n": "90", "tvtn": "78", "tvan": "78", "tvtl": "3", "tval": "3"}], "cand": [{"seq": "32", "n": "77700", "vap": "245", "pvap": "   1,02", "e": "N", "st": "Suplente"}, {"seq": "61", "n": "77000", "vap": "67", "pvap": "   0,28", "e": "N", "st": "Suplente"}, {"seq": "24", "n": "77555", "vap": "343", "pvap": "   1,43", "e": "N", "st": "Suplente"}, {"seq": "49", "n": "77444", "vap": "92", "pvap": "   0,38", "e": "N", "st": "Suplente"}, {"seq": "84", "n": "77789", "vap": "21", "pvap": "   0,09", "e": "N", "st": "Suplente"}, {"seq": "97", "n": "77799", "vap": "10", "pvap": "   0,04", "e": "N", "st": "Suplente"}, {"seq": "57", "n": "77711", "vap": "73", "pvap": "   0,30", "e": "N", "st": "Suplente"}, {"seq": "58", "n": "77770", "vap": "72", "pvap": "   0,30", "e": "N", "st": "Suplente"}, {"seq": "83", "n": "77727", "vap": "21", "pvap": "   0,09", "e": "N", "st": "Suplente"}, {"seq": "70", "n": "77222", "vap": "38", "pvap": "   0,16", "e": "N", "st": "Suplente"}, {"seq": "75", "n": "77788", "vap": "33", "pvap": "   0,14", "e": "N", "st": "Suplente"}, {"seq": "37", "n": "77123", "vap": "185", "pvap": "   0,77", "e": "N", "st": "Suplente"}, {"seq": "12", "n": "77771", "vap": "442", "pvap": "   1,84", "e": "S", "st": "Eleito"}, {"seq": "71", "n": "77666", "vap": "37", "pvap": "   0,15", "e": "N", "st": "Suplente"}, {"seq": "55", "n": "77456", "vap": "76", "pvap": "   0,32", "e": "N", "st": "Suplente"}, {"seq": "42", "n": "77888", "vap": "120", "pvap": "   0,50", "e": "N", "st": "Suplente"}, {"seq": "23", "n": "77111", "vap": "348", "pvap": "   1,45", "e": "N", "st": "Suplente"}, {"seq": "81", "n": "77333", "vap": "23", "pvap": "   0,10", "e": "N", "st": "Suplente"}, {"seq": "43", "n": "77777", "vap": "119", "pvap": "   0,50", "e": "N", "st": "Suplente"}, {"seq": "117", "n": "18333", "vap": "47", "pvap": "   0,20", "e": "N", "st": "N\u00e3o eleito"}, {"seq": "119", "n": "18123", "vap": "42", "pvap": "   0,18", "e": "N", "st": "N\u00e3o eleito"}, {"seq": "154", "n": "18018", "vap": "3", "pvap": "   0,01", "e": "N", "st": "N\u00e3o eleito"}, {"seq": "103", "n": "15333", "vap": "118", "pvap": "   0,49", "e": "N", "st": "N\u00e3o eleito"}, {"seq": "112", "n": "15777", "vap": "59", "pvap": "   0,25", "e": "N", "st": "N\u00e3o eleito"}, {"seq": "132", "n": "15444", "vap": "19", "pvap": "   0,08", "e": "N", "st": "N\u00e3o eleito"}, {"seq": "110", "n": "15557", "vap": "71", "pvap": "   0,30", "e": "N", "st": "N\u00e3o eleito"}, {"seq": "139", "n": "15999", "vap": "12", "pvap": "   0,05", "e": "N", "st": "N\u00e3o eleito"}, {"seq": "106", "n": "15000", "vap": "104", "pvap": "   0,43", "e": "N", "st": "N\u00e3o eleito"}, {"seq": "105", "n": "15555", "vap": "107", "pvap": "   0,45", "e": "N", "st": "N\u00e3o eleito"}, {"seq": "153", "n": "15773", "vap": "4", "pvap": "   0,02", "e": "N", "st": "N\u00e3o eleito"}, {"seq": "126", "n": "15111", "vap": "26", "pvap": "   0,11", "e": "N", "st": "N\u00e3o eleito"}, {"seq": "107", "n": "15123", "vap": "98", "pvap": "   0,41", "e": "N", "st": "N\u00e3o eleito"}, {"seq": "52", "n": "25444", "vap": "82", "pvap": "   0,34", "e": "N", "st": "Suplente"}, {"seq": "9", "n": "25222", "vap": "510", "pvap": "   2,13", "e": "S", "st": "Eleito"}, {"seq": "82", "n": "25126", "vap": "21", "pvap": "   0,09", "e": "N", "st": "Suplente"}, {"seq": "25", "n": "25555", "vap": "338", "pvap": "   1,41", "e": "N", "st": "Suplente"}, {"seq": "79", "n": "25234", "vap": "26", "pvap": "   0,11", "e": "N", "st": "Suplente"}, {"seq": "53", "n": "25123", "vap": "81", "pvap": "   0,34", "e": "N", "st": "Suplente"}, {"seq": "22", "n": "25666", "vap": "384", "pvap": "   1,60", "e": "N", "st": "Suplente"}, {"seq": "125", "n": "40446", "vap": "26", "pvap": "   0,11", "e": "N", "st": "N\u00e3o eleito"}, {"seq": "130", "n": "40000", "vap": "22", "pvap": "   0,09", "e": "N", "st": "N\u00e3o eleito"}, {"seq": "102", "n": "40113", "vap": "135", "pvap": "   0,56", "e": "N", "st": "N\u00e3o eleito"}, {"seq": "156", "n": "40118", "vap": "1", "pvap": "   0,00", "e": "N", "st": "N\u00e3o eleito"}, {"seq": "141", "n": "40117", "vap": "12", "pvap": "   0,05", "e": "N", "st": "N\u00e3o eleito"}, {"seq": "145", "n": "40123", "vap": "9", "pvap": "   0,04", "e": "N", "st": "N\u00e3o eleito"}, {"seq": "123", "n": "40789", "vap": "28", "pvap": "   0,12", "e": "N", "st": "N\u00e3o eleito"}, {"seq": "122", "n": "40415", "vap": "33", "pvap": "   0,14", "e": "N", "st": "N\u00e3o eleito"}, {"seq": "149", "n": "40222", "vap": "7", "pvap": "   0,03", "e": "N", "st": "N\u00e3o eleito"}, {"seq": "157", "n": "40201", "vap": "0", "pvap": "00.00", "e": "N", "st": "N\u00e3o eleito"}, {"seq": "111", "n": "23111", "vap": "66", "pvap": "   0,28", "e": "N", "st": "N\u00e3o eleito"}, {"seq": "135", "n": "23216", "vap": "14", "pvap": "   0,06", "e": "N", "st": "N\u00e3o eleito"}, {"seq": "155", "n": "23590", "vap": "3", "pvap": "   0,01", "e": "N", "st": "N\u00e3o eleito"}, {"seq": "136", "n": "23456", "vap": "13", "pvap": "   0,05", "e": "N", "st": "N\u00e3o eleito"}, {"seq": "140", "n": "23153", "vap": "12", "pvap": "   0,05", "e": "N", "st": "N\u00e3o eleito"}, {"seq": "121", "n": "23223", "vap": "33", "pvap": "   0,14", "e": "N", "st": "N\u00e3o eleito"}, {"seq": "133", "n": "23777", "vap": "15", "pvap": "   0,06", "e": "N", "st": "N\u00e3o eleito"}, {"seq": "101", "n": "23555", "vap": "480", "pvap": "   2,00", "e": "N", "st": "N\u00e3o eleito"}, {"seq": "114", "n": "23030", "vap": "55", "pvap": "   0,23", "e": "N", "st": "N\u00e3o eleito"}, {"seq": "143", "n": "23615", "vap": "10", "pvap": "   0,04", "e": "N", "st": "N\u00e3o eleito"}, {"seq": "113", "n": "23333", "vap": "55", "pvap": "   0,23", "e": "N", "st": "N\u00e3o eleito"}, {"seq": "131", "n": "23123", "vap": "21", "pvap": "   0,09", "e": "N", "st": "N\u00e3o eleito"}, {"seq": "8", "n": "10234", "vap": "662", "pvap": "   2,76", "e": "S", "st": "Eleito"}, {"seq": "27", "n": "10369", "vap": "308", "pvap": "   1,28", "e": "N", "st": "Suplente"}, {"seq": "40", "n": "10345", "vap": "131", "pvap": "   0,55", "e": "N", "st": "Suplente"}, {"seq": "74", "n": "10145", "vap": "34", "pvap": "   0,14", "e": "N", "st": "Suplente"}, {"seq": "78", "n": "10456", "vap": "31", "pvap": "   0,13", "e": "N", "st": "Suplente"}, {"seq": "85", "n": "10741", "vap": "20", "pvap": "   0,08", "e": "N", "st": "Suplente"}, {"seq": "77", "n": "10321", "vap": "31", "pvap": "   0,13", "e": "N", "st": "Suplente"}, {"seq": "14", "n": "10888", "vap": "608", "pvap": "   2,53", "e": "N", "st": "Suplente"}, {"seq": "60", "n": "10999", "vap": "68", "pvap": "   0,28", "e": "N", "st": "Suplente"}, {"seq": "30", "n": "10123", "vap": "276", "pvap": "   1,15", "e": "N", "st": "Suplente"}, {"seq": "59", "n": "10111", "vap": "69", "pvap": "   0,29", "e": "N", "st": "Suplente"}, {"seq": "91", "n": "10258", "vap": "16", "pvap": "   0,07", "e": "N", "st": "Suplente"}, {"seq": "44", "n": "10333", "vap": "118", "pvap": "   0,49", "e": "N", "st": "Suplente"}, {"seq": "90", "n": "10100", "vap": "17", "pvap": "   0,07", "e": "N", "st": "Suplente"}, {"seq": "94", "n": "10567", "vap": "15", "pvap": "   0,06", "e": "N", "st": "Suplente"}, {"seq": "6", "n": "10147", "vap": "685", "pvap": "   2,85", "e": "S", "st": "Eleito"}, {"seq": "67", "n": "10156", "vap": "49", "pvap": "   0,20", "e": "N", "st": "Suplente"}, {"seq": "5", "n": "10000", "vap": "731", "pvap": "   3,05", "e": "S", "st": "Eleito"}, {"seq": "73", "n": "10580", "vap": "37", "pvap": "   0,15", "e": "N", "st": "Suplente"}, {"seq": "35", "n": "10789", "vap": "207", "pvap": "   0,86", "e": "N", "st": "Suplente"}, {"seq": "118", "n": "13555", "vap": "43", "pvap": "   0,18", "e": "N", "st": "N\u00e3o eleito"}, {"seq": "129", "n": "13333", "vap": "23", "pvap": "   0,10", "e": "N", "st": "N\u00e3o eleito"}, {"seq": "104", "n": "13000", "vap": "116", "pvap": "   0,48", "e": "N", "st": "N\u00e3o eleito"}, {"seq": "148", "n": "19989", "vap": "8", "pvap": "   0,03", "e": "N", "st": "N\u00e3o eleito"}, {"seq": "120", "n": "19999", "vap": "35", "pvap": "   0,15", "e": "N", "st": "N\u00e3o eleito"}, {"seq": "109", "n": "19111", "vap": "90", "pvap": "   0,38", "e": "N", "st": "N\u00e3o eleito"}, {"seq": "137", "n": "19234", "vap": "13", "pvap": "   0,05", "e": "N", "st": "N\u00e3o eleito"}, {"seq": "108", "n": "19888", "vap": "92", "pvap": "   0,38", "e": "N", "st": "N\u00e3o eleito"}, {"seq": "134", "n": "19123", "vap": "15", "pvap": "   0,06", "e": "N", "st": "N\u00e3o eleito"}, {"seq": "142", "n": "19190", "vap": "11", "pvap": "   0,05", "e": "N", "st": "N\u00e3o eleito"}, {"seq": "150", "n": "19122", "vap": "5", "pvap": "   0,02", "e": "N", "st": "N\u00e3o eleito"}, {"seq": "128", "n": "19199", "vap": "24", "pvap": "   0,10", "e": "N", "st": "N\u00e3o eleito"}, {"seq": "147", "n": "19987", "vap": "9", "pvap": "   0,04", "e": "N", "st": "N\u00e3o eleito"}, {"seq": "116", "n": "19191", "vap": "48", "pvap": "   0,20", "e": "N", "st": "N\u00e3o eleito"}, {"seq": "146", "n": "19555", "vap": "9", "pvap": "   0,04", "e": "N", "st": "N\u00e3o eleito"}, {"seq": "127", "n": "19222", "vap": "24", "pvap": "   0,10", "e": "N", "st": "N\u00e3o eleito"}, {"seq": "138", "n": "19444", "vap": "13", "pvap": "   0,05", "e": "N", "st": "N\u00e3o eleito"}, {"seq": "19", "n": "20222", "vap": "410", "pvap": "   1,71", "e": "N", "st": "Suplente"}, {"seq": "38", "n": "20666", "vap": "183", "pvap": "   0,76", "e": "N", "st": "Suplente"}, {"seq": "80", "n": "20334", "vap": "24", "pvap": "   0,10", "e": "N", "st": "Suplente"}, {"seq": "45", "n": "20202", "vap": "117", "pvap": "   0,49", "e": "N", "st": "Suplente"}, {"seq": "50", "n": "20999", "vap": "88", "pvap": "   0,37", "e": "N", "st": "Suplente"}, {"seq": "16", "n": "20000", "vap": "545", "pvap": "   2,27", "e": "N", "st": "Suplente"}, {"seq": "34", "n": "20100", "vap": "214", "pvap": "   0,89", "e": "N", "st": "Suplente"}, {"seq": "76", "n": "20123", "vap": "31", "pvap": "   0,13", "e": "N", "st": "Suplente"}, {"seq": "4", "n": "20333", "vap": "742", "pvap": "   3,09", "e": "S", "st": "Eleito"}, {"seq": "95", "n": "20103", "vap": "15", "pvap": "   0,06", "e": "N", "st": "Suplente"}, {"seq": "88", "n": "20304", "vap": "18", "pvap": "   0,08", "e": "N", "st": "Suplente"}, {"seq": "66", "n": "20414", "vap": "55", "pvap": "   0,23", "e": "N", "st": "Suplente"}, {"seq": "26", "n": "20111", "vap": "311", "pvap": "   1,30", "e": "N", "st": "Suplente"}, {"seq": "15", "n": "20555", "vap": "595", "pvap": "   2,48", "e": "N", "st": "Suplente"}, {"seq": "3", "n": "20605", "vap": "765", "pvap": "   3,19", "e": "S", "st": "Eleito"}, {"seq": "17", "n": "20345", "vap": "512", "pvap": "   2,13", "e": "N", "st": "Suplente"}, {"seq": "7", "n": "20456", "vap": "669", "pvap": "   2,79", "e": "S", "st": "Eleito"}, {"seq": "65", "n": "65133", "vap": "55", "pvap": "   0,23", "e": "N", "st": "Suplente"}, {"seq": "48", "n": "65000", "vap": "93", "pvap": "   0,39", "e": "N", "st": "Suplente"}, {"seq": "92", "n": "65255", "vap": "16", "pvap": "   0,07", "e": "N", "st": "Suplente"}, {"seq": "31", "n": "65327", "vap": "252", "pvap": "   1,05", "e": "N", "st": "Suplente"}, {"seq": "36", "n": "65221", "vap": "202", "pvap": "   0,84", "e": "N", "st": "Suplente"}, {"seq": "98", "n": "65331", "vap": "8", "pvap": "   0,03", "e": "N", "st": "Suplente"}, {"seq": "10", "n": "65123", "vap": "486", "pvap": "   2,03", "e": "S", "st": "Eleito"}, {"seq": "54", "n": "65650", "vap": "76", "pvap": "   0,32", "e": "N", "st": "Suplente"}, {"seq": "13", "n": "65777", "vap": "295", "pvap": "   1,23", "e": "S", "st": "Eleito"}, {"seq": "100", "n": "65112", "vap": "0", "pvap": "00.00", "e": "N", "st": "Suplente"}, {"seq": "46", "n": "65222", "vap": "108", "pvap": "   0,45", "e": "N", "st": "Suplente"}, {"seq": "99", "n": "65232", "vap": "0", "pvap": "00.00", "e": "N", "st": "Suplente"}, {"seq": "29", "n": "65444", "vap": "283", "pvap": "   1,18", "e": "N", "st": "Suplente"}, {"seq": "62", "n": "65555", "vap": "61", "pvap": "   0,25", "e": "N", "st": "Suplente"}, {"seq": "87", "n": "65220", "vap": "19", "pvap": "   0,08", "e": "N", "st": "Suplente"}, {"seq": "69", "n": "65111", "vap": "42", "pvap": "   0,18", "e": "N", "st": "Suplente"}, {"seq": "39", "n": "65223", "vap": "160", "pvap": "   0,67", "e": "N", "st": "Suplente"}, {"seq": "64", "n": "65778", "vap": "58", "pvap": "   0,24", "e": "N", "st": "Suplente"}, {"seq": "33", "n": "65666", "vap": "233", "pvap": "   0,97", "e": "N", "st": "Suplente"}, {"seq": "144", "n": "28144", "vap": "10", "pvap": "   0,04", "e": "N", "st": "N\u00e3o eleito"}, {"seq": "151", "n": "28151", "vap": "5", "pvap": "   0,02", "e": "N", "st": "N\u00e3o eleito"}, {"seq": "152", "n": "28135", "vap": "4", "pvap": "   0,02", "e": "N", "st": "N\u00e3o eleito"}, {"seq": "11", "n": "22221", "vap": "466", "pvap": "   1,94", "e": "S", "st": "Eleito"}, {"seq": "86", "n": "22900", "vap": "20", "pvap": "   0,08", "e": "N", "st": "Suplente"}, {"seq": "41", "n": "22132", "vap": "125", "pvap": "   0,52", "e": "N", "st": "Suplente"}, {"seq": "63", "n": "22333", "vap": "59", "pvap": "   0,25", "e": "N", "st": "Suplente"}, {"seq": "18", "n": "22000", "vap": "451", "pvap": "   1,88", "e": "N", "st": "Suplente"}, {"seq": "51", "n": "22777", "vap": "87", "pvap": "   0,36", "e": "N", "st": "Suplente"}, {"seq": "2", "n": "22456", "vap": "832", "pvap": "   3,47", "e": "S", "st": "Eleito"}, {"seq": "21", "n": "22555", "vap": "390", "pvap": "   1,63", "e": "N", "st": "Suplente"}, {"seq": "72", "n": "22277", "vap": "37", "pvap": "   0,15", "e": "N", "st": "Suplente"}, {"seq": "68", "n": "22244", "vap": "42", "pvap": "   0,18", "e": "N", "st": "Suplente"}, {"seq": "96", "n": "22551", "vap": "12", "pvap": "   0,05", "e": "N", "st": "Suplente"}, {"seq": "1", "n": "22666", "vap": "996", "pvap": "   4,15", "e": "S", "st": "Eleito"}, {"seq": "20", "n": "22111", "vap": "399", "pvap": "   1,66", "e": "N", "st": "Suplente"}, {"seq": "47", "n": "22224", "vap": "95", "pvap": "   0,40", "e": "N", "st": "Suplente"}, {"seq": "89", "n": "22238", "vap": "17", "pvap": "   0,07", "e": "N", "st": "Suplente"}, {"seq": "28", "n": "22222", "vap": "305", "pvap": "   1,27", "e": "N", "st": "Suplente"}, {"seq": "56", "n": "22123", "vap": "75", "pvap": "   0,31", "e": "N", "st": "Suplente"}, {"seq": "93", "n": "22022", "vap": "16", "pvap": "   0,07", "e": "N", "st": "Suplente"}, {"seq": "124", "n": "90789", "vap": "27", "pvap": "   0,11", "e": "N", "st": "N\u00e3o eleito"}, {"seq": "115", "n": "90666", "vap": "51", "pvap": "   0,21", "e": "N", "st": "N\u00e3o eleito"}]}, {"dt": "15/11/2020", "ht": "21:51:57", "tf": "S", "and": "F", "tpabr": "ZONA", "cdabr": "12", "s": "102", "st": "102", "snt": "0", "si": "102", "sni": "0", "sa": "102", "sna": "0", "pst": " 100,00", "psnt": "   0,00", "psi": " 100,00", "psni": "   0,00", "psa": " 100,00", "psna": "   0,00", "e": "33562", "ea": "33562", "ena": "0", "esi": "33562", "esni": "0", "a": "8290", "c": "25272", "pea": " 100,00", "pena": "   0,00", "pesi": " 100,00", "pesni": "   0,00", "pa": "  24,70", "pc": "  75,30", "vnom": "22520", "vscv": "0", "vl": "1480", "tv": "25272", "vvc": "24000", "vb": "349", "tvn": "923", "vn": "923", "vnt": "0", "vp": "0", "vv": "24000", "van": "0", "vansj": "0", "pvnom": "  93,83", "pvl": "   6,17", "pvvc": "  94,97", "pvb": "   1,38", "ptvn": "   3,65", "pvn": " 100,00", "pvnt": "   0,00", "pvp": "   0,00", "pvv": " 100,00", "pvan": "   0,00", "pvansj": "   0,00", "cand": [{"seq": "117", "n": "18333", "vap": "47", "pvap": "   0,20", "e": "N", "st": "N\u00e3o eleito"}, {"seq": "119", "n": "18123", "vap": "42", "pvap": "   0,18", "e": "N", "st": "N\u00e3o eleito"}, {"seq": "154", "n": "18018", "vap": "3", "pvap": "   0,01", "e": "N", "st": "N\u00e3o eleito"}, {"seq": "152", "n": "28135", "vap": "4", "pvap": "   0,02", "e": "N", "st": "N\u00e3o eleito"}, {"seq": "151", "n": "28151", "vap": "5", "pvap": "   0,02", "e": "N", "st": "N\u00e3o eleito"}, {"seq": "144", "n": "28144", "vap": "10", "pvap": "   0,04", "e": "N", "st": "N\u00e3o eleito"}, {"seq": "129", "n": "13333", "vap": "23", "pvap": "   0,10", "e": "N", "st": "N\u00e3o eleito"}, {"seq": "118", "n": "13555", "vap": "43", "pvap": "   0,18", "e": "N", "st": "N\u00e3o eleito"}, {"seq": "104", "n": "13000", "vap": "116", "pvap": "   0,48", "e": "N", "st": "N\u00e3o eleito"}, {"seq": "114", "n": "23030", "vap": "55", "pvap": "   0,23", "e": "N", "st": "N\u00e3o eleito"}, {"seq": "101", "n": "23555", "vap": "480", "pvap": "   2,00", "e": "N", "st": "N\u00e3o eleito"}, {"seq": "131", "n": "23123", "vap": "21", "pvap": "   0,09", "e": "N", "st": "N\u00e3o eleito"}, {"seq": "133", "n": "23777", "vap": "15", "pvap": "   0,06", "e": "N", "st": "N\u00e3o eleito"}, {"seq": "136", "n": "23456", "vap": "13", "pvap": "   0,05", "e": "N", "st": "N\u00e3o eleito"}, {"seq": "155", "n": "23590", "vap": "3", "pvap": "   0,01", "e": "N", "st": "N\u00e3o eleito"}, {"seq": "121", "n": "23223", "vap": "33", "pvap": "   0,14", "e": "N", "st": "N\u00e3o eleito"}, {"seq": "113", "n": "23333", "vap": "55", "pvap": "   0,23", "e": "N", "st": "N\u00e3o eleito"}, {"seq": "143", "n": "23615", "vap": "10", "pvap": "   0,04", "e": "N", "st": "N\u00e3o eleito"}, {"seq": "140", "n": "23153", "vap": "12", "pvap": "   0,05", "e": "N", "st": "N\u00e3o eleito"}, {"seq": "135", "n": "23216", "vap": "14", "pvap": "   0,06", "e": "N", "st": "N\u00e3o eleito"}, {"seq": "111", "n": "23111", "vap": "66", "pvap": "   0,28", "e": "N", "st": "N\u00e3o eleito"}, {"seq": "99", "n": "65232", "vap": "0", "pvap": "00.00", "e": "N", "st": "Suplente"}, {"seq": "39", "n": "65223", "vap": "160", "pvap": "   0,67", "e": "N", "st": "Suplente"}, {"seq": "46", "n": "65222", "vap": "108", "pvap": "   0,45", "e": "N", "st": "Suplente"}, {"seq": "65", "n": "65133", "vap": "55", "pvap": "   0,23", "e": "N", "st": "Suplente"}, {"seq": "54", "n": "65650", "vap": "76", "pvap": "   0,32", "e": "N", "st": "Suplente"}, {"seq": "69", "n": "65111", "vap": "42", "pvap": "   0,18", "e": "N", "st": "Suplente"}, {"seq": "64", "n": "65778", "vap": "58", "pvap": "   0,24", "e": "N", "st": "Suplente"}, {"seq": "13", "n": "65777", "vap": "295", "pvap": "   1,23", "e": "S", "st": "Eleito"}, {"seq": "87", "n": "65220", "vap": "19", "pvap": "   0,08", "e": "N", "st": "Suplente"}, {"seq": "100", "n": "65112", "vap": "0", "pvap": "00.00", "e": "N", "st": "Suplente"}, {"seq": "36", "n": "65221", "vap": "202", "pvap": "   0,84", "e": "N", "st": "Suplente"}, {"seq": "33", "n": "65666", "vap": "233", "pvap": "   0,97", "e": "N", "st": "Suplente"}, {"seq": "29", "n": "65444", "vap": "283", "pvap": "   1,18", "e": "N", "st": "Suplente"}, {"seq": "92", "n": "65255", "vap": "16", "pvap": "   0,07", "e": "N", "st": "Suplente"}, {"seq": "10", "n": "65123", "vap": "486", "pvap": "   2,03", "e": "S", "st": "Eleito"}, {"seq": "31", "n": "65327", "vap": "252", "pvap": "   1,05", "e": "N", "st": "Suplente"}, {"seq": "62", "n": "65555", "vap": "61", "pvap": "   0,25", "e": "N", "st": "Suplente"}, {"seq": "98", "n": "65331", "vap": "8", "pvap": "   0,03", "e": "N", "st": "Suplente"}, {"seq": "48", "n": "65000", "vap": "93", "pvap": "   0,39", "e": "N", "st": "Suplente"}, {"seq": "12", "n": "77771", "vap": "442", "pvap": "   1,84", "e": "S", "st": "Eleito"}, {"seq": "24", "n": "77555", "vap": "343", "pvap": "   1,43", "e": "N", "st": "Suplente"}, {"seq": "37", "n": "77123", "vap": "185", "pvap": "   0,77", "e": "N", "st": "Suplente"}, {"seq": "84", "n": "77789", "vap": "21", "pvap": "   0,09", "e": "N", "st": "Suplente"}, {"seq": "83", "n": "77727", "vap": "21", "pvap": "   0,09", "e": "N", "st": "Suplente"}, {"seq": "55", "n": "77456", "vap": "76", "pvap": "   0,32", "e": "N", "st": "Suplente"}, {"seq": "75", "n": "77788", "vap": "33", "pvap": "   0,14", "e": "N", "st": "Suplente"}, {"seq": "57", "n": "77711", "vap": "73", "pvap": "   0,30", "e": "N", "st": "Suplente"}, {"seq": "32", "n": "77700", "vap": "245", "pvap": "   1,02", "e": "N", "st": "Suplente"}, {"seq": "42", "n": "77888", "vap": "120", "pvap": "   0,50", "e": "N", "st": "Suplente"}, {"seq": "70", "n": "77222", "vap": "38", "pvap": "   0,16", "e": "N", "st": "Suplente"}, {"seq": "81", "n": "77333", "vap": "23", "pvap": "   0,10", "e": "N", "st": "Suplente"}, {"seq": "58", "n": "77770", "vap": "72", "pvap": "   0,30", "e": "N", "st": "Suplente"}, {"seq": "71", "n": "77666", "vap": "37", "pvap": "   0,15", "e": "N", "st": "Suplente"}, {"seq": "97", "n": "77799", "vap": "10", "pvap": "   0,04", "e": "N", "st": "Suplente"}, {"seq": "43", "n": "77777", "vap": "119", "pvap": "   0,50", "e": "N", "st": "Suplente"}, {"seq": "49", "n": "77444", "vap": "92", "pvap": "   0,38", "e": "N", "st": "Suplente"}, {"seq": "23", "n": "77111", "vap": "348", "pvap": "   1,45", "e": "N", "st": "Suplente"}, {"seq": "61", "n": "77000", "vap": "67", "pvap": "   0,28", "e": "N", "st": "Suplente"}, {"seq": "110", "n": "15557", "vap": "71", "pvap": "   0,30", "e": "N", "st": "N\u00e3o eleito"}, {"seq": "105", "n": "15555", "vap": "107", "pvap": "   0,45", "e": "N", "st": "N\u00e3o eleito"}, {"seq": "112", "n": "15777", "vap": "59", "pvap": "   0,25", "e": "N", "st": "N\u00e3o eleito"}, {"seq": "139", "n": "15999", "vap": "12", "pvap": "   0,05", "e": "N", "st": "N\u00e3o eleito"}, {"seq": "126", "n": "15111", "vap": "26", "pvap": "   0,11", "e": "N", "st": "N\u00e3o eleito"}, {"seq": "107", "n": "15123", "vap": "98", "pvap": "   0,41", "e": "N", "st": "N\u00e3o eleito"}, {"seq": "132", "n": "15444", "vap": "19", "pvap": "   0,08", "e": "N", "st": "N\u00e3o eleito"}, {"seq": "153", "n": "15773", "vap": "4", "pvap": "   0,02", "e": "N", "st": "N\u00e3o eleito"}, {"seq": "103", "n": "15333", "vap": "118", "pvap": "   0,49", "e": "N", "st": "N\u00e3o eleito"}, {"seq": "106", "n": "15000", "vap": "104", "pvap": "   0,43", "e": "N", "st": "N\u00e3o eleito"}, {"seq": "2", "n": "22456", "vap": "832", "pvap": "   3,47", "e": "S", "st": "Eleito"}, {"seq": "86", "n": "22900", "vap": "20", "pvap": "   0,08", "e": "N", "st": "Suplente"}, {"seq": "93", "n": "22022", "vap": "16", "pvap": "   0,07", "e": "N", "st": "Suplente"}, {"seq": "21", "n": "22555", "vap": "390", "pvap": "   1,63", "e": "N", "st": "Suplente"}, {"seq": "47", "n": "22224", "vap": "95", "pvap": "   0,40", "e": "N", "st": "Suplente"}, {"seq": "68", "n": "22244", "vap": "42", "pvap": "   0,18", "e": "N", "st": "Suplente"}, {"seq": "96", "n": "22551", "vap": "12", "pvap": "   0,05", "e": "N", "st": "Suplente"}, {"seq": "51", "n": "22777", "vap": "87", "pvap": "   0,36", "e": "N", "st": "Suplente"}, {"seq": "20", "n": "22111", "vap": "399", "pvap": "   1,66", "e": "N", "st": "Suplente"}, {"seq": "11", "n": "22221", "vap": "466", "pvap": "   1,94", "e": "S", "st": "Eleito"}, {"seq": "89", "n": "22238", "vap": "17", "pvap": "   0,07", "e": "N", "st": "Suplente"}, {"seq": "72", "n": "22277", "vap": "37", "pvap": "   0,15", "e": "N", "st": "Suplente"}, {"seq": "1", "n": "22666", "vap": "996", "pvap": "   4,15", "e": "S", "st": "Eleito"}, {"seq": "18", "n": "22000", "vap": "451", "pvap": "   1,88", "e": "N", "st": "Suplente"}, {"seq": "41", "n": "22132", "vap": "125", "pvap": "   0,52", "e": "N", "st": "Suplente"}, {"seq": "63", "n": "22333", "vap": "59", "pvap": "   0,25", "e": "N", "st": "Suplente"}, {"seq": "56", "n": "22123", "vap": "75", "pvap": "   0,31", "e": "N", "st": "Suplente"}, {"seq": "28", "n": "22222", "vap": "305", "pvap": "   1,27", "e": "N", "st": "Suplente"}, {"seq": "74", "n": "10145", "vap": "34", "pvap": "   0,14", "e": "N", "st": "Suplente"}, {"seq": "6", "n": "10147", "vap": "685", "pvap": "   2,85", "e": "S", "st": "Eleito"}, {"seq": "77", "n": "10321", "vap": "31", "pvap": "   0,13", "e": "N", "st": "Suplente"}, {"seq": "78", "n": "10456", "vap": "31", "pvap": "   0,13", "e": "N", "st": "Suplente"}, {"seq": "30", "n": "10123", "vap": "276", "pvap": "   1,15", "e": "N", "st": "Suplente"}, {"seq": "35", "n": "10789", "vap": "207", "pvap": "   0,86", "e": "N", "st": "Suplente"}, {"seq": "59", "n": "10111", "vap": "69", "pvap": "   0,29", "e": "N", "st": "Suplente"}, {"seq": "5", "n": "10000", "vap": "731", "pvap": "   3,05", "e": "S", "st": "Eleito"}, {"seq": "91", "n": "10258", "vap": "16", "pvap": "   0,07", "e": "N", "st": "Suplente"}, {"seq": "44", "n": "10333", "vap": "118", "pvap": "   0,49", "e": "N", "st": "Suplente"}, {"seq": "85", "n": "10741", "vap": "20", "pvap": "   0,08", "e": "N", "st": "Suplente"}, {"seq": "14", "n": "10888", "vap": "608", "pvap": "   2,53", "e": "N", "st": "Suplente"}, {"seq": "90", "n": "10100", "vap": "17", "pvap": "   0,07", "e": "N", "st": "Suplente"}, {"seq": "8", "n": "10234", "vap": "662", "pvap": "   2,76", "e": "S", "st": "Eleito"}, {"seq": "67", "n": "10156", "vap": "49", "pvap": "   0,20", "e": "N", "st": "Suplente"}, {"seq": "27", "n": "10369", "vap": "308", "pvap": "   1,28", "e": "N", "st": "Suplente"}, {"seq": "94", "n": "10567", "vap": "15", "pvap": "   0,06", "e": "N", "st": "Suplente"}, {"seq": "60", "n": "10999", "vap": "68", "pvap": "   0,28", "e": "N", "st": "Suplente"}, {"seq": "73", "n": "10580", "vap": "37", "pvap": "   0,15", "e": "N", "st": "Suplente"}, {"seq": "40", "n": "10345", "vap": "131", "pvap": "   0,55", "e": "N", "st": "Suplente"}, {"seq": "108", "n": "19888", "vap": "92", "pvap": "   0,38", "e": "N", "st": "N\u00e3o eleito"}, {"seq": "150", "n": "19122", "vap": "5", "pvap": "   0,02", "e": "N", "st": "N\u00e3o eleito"}, {"seq": "134", "n": "19123", "vap": "15", "pvap": "   0,06", "e": "N", "st": "N\u00e3o eleito"}, {"seq": "146", "n": "19555", "vap": "9", "pvap": "   0,04", "e": "N", "st": "N\u00e3o eleito"}, {"seq": "148", "n": "19989", "vap": "8", "pvap": "   0,03", "e": "N", "st": "N\u00e3o eleito"}, {"seq": "147", "n": "19987", "vap": "9", "pvap": "   0,04", "e": "N", "st": "N\u00e3o eleito"}, {"seq": "120", "n": "19999", "vap": "35", "pvap": "   0,15", "e": "N", "st": "N\u00e3o eleito"}, {"seq": "116", "n": "19191", "vap": "48", "pvap": "   0,20", "e": "N", "st": "N\u00e3o eleito"}, {"seq": "137", "n": "19234", "vap": "13", "pvap": "   0,05", "e": "N", "st": "N\u00e3o eleito"}, {"seq": "138", "n": "19444", "vap": "13", "pvap": "   0,05", "e": "N", "st": "N\u00e3o eleito"}, {"seq": "128", "n": "19199", "vap": "24", "pvap": "   0,10", "e": "N", "st": "N\u00e3o eleito"}, {"seq": "142", "n": "19190", "vap": "11", "pvap": "   0,05", "e": "N", "st": "N\u00e3o eleito"}, {"seq": "127", "n": "19222", "vap": "24", "pvap": "   0,10", "e": "N", "st": "N\u00e3o eleito"}, {"seq": "109", "n": "19111", "vap": "90", "pvap": "   0,38", "e": "N", "st": "N\u00e3o eleito"}, {"seq": "80", "n": "20334", "vap": "24", "pvap": "   0,10", "e": "N", "st": "Suplente"}, {"seq": "3", "n": "20605", "vap": "765", "pvap": "   3,19", "e": "S", "st": "Eleito"}, {"seq": "4", "n": "20333", "vap": "742", "pvap": "   3,09", "e": "S", "st": "Eleito"}, {"seq": "17", "n": "20345", "vap": "512", "pvap": "   2,13", "e": "N", "st": "Suplente"}, {"seq": "95", "n": "20103", "vap": "15", "pvap": "   0,06", "e": "N", "st": "Suplente"}, {"seq": "15", "n": "20555", "vap": "595", "pvap": "   2,48", "e": "N", "st": "Suplente"}, {"seq": "50", "n": "20999", "vap": "88", "pvap": "   0,37", "e": "N", "st": "Suplente"}, {"seq": "16", "n": "20000", "vap": "545", "pvap": "   2,27", "e": "N", "st": "Suplente"}, {"seq": "38", "n": "20666", "vap": "183", "pvap": "   0,76", "e": "N", "st": "Suplente"}, {"seq": "34", "n": "20100", "vap": "214", "pvap": "   0,89", "e": "N", "st": "Suplente"}, {"seq": "45", "n": "20202", "vap": "117", "pvap": "   0,49", "e": "N", "st": "Suplente"}, {"seq": "7", "n": "20456", "vap": "669", "pvap": "   2,79", "e": "S", "st": "Eleito"}, {"seq": "88", "n": "20304", "vap": "18", "pvap": "   0,08", "e": "N", "st": "Suplente"}, {"seq": "19", "n": "20222", "vap": "410", "pvap": "   1,71", "e": "N", "st": "Suplente"}, {"seq": "66", "n": "20414", "vap": "55", "pvap": "   0,23", "e": "N", "st": "Suplente"}, {"seq": "26", "n": "20111", "vap": "311", "pvap": "   1,30", "e": "N", "st": "Suplente"}, {"seq": "76", "n": "20123", "vap": "31", "pvap": "   0,13", "e": "N", "st": "Suplente"}, {"seq": "115", "n": "90666", "vap": "51", "pvap": "   0,21", "e": "N", "st": "N\u00e3o eleito"}, {"seq": "124", "n": "90789", "vap": "27", "pvap": "   0,11", "e": "N", "st": "N\u00e3o eleito"}, {"seq": "9", "n": "25222", "vap": "510", "pvap": "   2,13", "e": "S", "st": "Eleito"}, {"seq": "25", "n": "25555", "vap": "338", "pvap": "   1,41", "e": "N", "st": "Suplente"}, {"seq": "22", "n": "25666", "vap": "384", "pvap": "   1,60", "e": "N", "st": "Suplente"}, {"seq": "53", "n": "25123", "vap": "81", "pvap": "   0,34", "e": "N", "st": "Suplente"}, {"seq": "82", "n": "25126", "vap": "21", "pvap": "   0,09", "e": "N", "st": "Suplente"}, {"seq": "52", "n": "25444", "vap": "82", "pvap": "   0,34", "e": "N", "st": "Suplente"}, {"seq": "79", "n": "25234", "vap": "26", "pvap": "   0,11", "e": "N", "st": "Suplente"}, {"seq": "130", "n": "40000", "vap": "22", "pvap": "   0,09", "e": "N", "st": "N\u00e3o eleito"}, {"seq": "149", "n": "40222", "vap": "7", "pvap": "   0,03", "e": "N", "st": "N\u00e3o eleito"}, {"seq": "125", "n": "40446", "vap": "26", "pvap": "   0,11", "e": "N", "st": "N\u00e3o eleito"}, {"seq": "156", "n": "40118", "vap": "1", "pvap": "   0,00", "e": "N", "st": "N\u00e3o eleito"}, {"seq": "123", "n": "40789", "vap": "28", "pvap": "   0,12", "e": "N", "st": "N\u00e3o eleito"}, {"seq": "145", "n": "40123", "vap": "9", "pvap": "   0,04", "e": "N", "st": "N\u00e3o eleito"}, {"seq": "157", "n": "40201", "vap": "0", "pvap": "00.00", "e": "N", "st": "N\u00e3o eleito"}, {"seq": "102", "n": "40113", "vap": "135", "pvap": "   0,56", "e": "N", "st": "N\u00e3o eleito"}, {"seq": "141", "n": "40117", "vap": "12", "pvap": "   0,05", "e": "N", "st": "N\u00e3o eleito"}, {"seq": "122", "n": "40415", "vap": "33", "pvap": "   0,14", "e": "N", "st": "N\u00e3o eleito"}]}]}