{"ele": "426", "carper": "13", "t": "1", "f": "O", "esae": "N", "mnae": " ", "dg": "15/11/2020", "hg": "22:40:35", "dv": "S", "nadf": "ma09350-c0013-e000426-003-f", "abr": [{"dt": "15/11/2020", "ht": "22:24:13", "tf": "S", "and": "F", "tpabr": "MU", "cdabr": "09350", "s": "55", "st": "55", "snt": "0", "si": "55", "sni": "0", "sa": "55", "sna": "0", "pst": " 100,00", "psnt": "   0,00", "psi": " 100,00", "psni": "   0,00", "psa": " 100,00", "psna": "   0,00", "e": "19372", "ea": "19372", "ena": "0", "esi": "19372", "esni": "0", "c": "15540", "a": "3832", "pea": " 100,00", "pena": "   0,00", "pesi": " 100,00", "pesni": "   0,00", "pa": "  19,78", "pc": "  80,22", "vscv": "0", "vnom": "13834", "vl": "1012", "tv": "15540", "vvc": "14846", "vb": "116", "tvn": "578", "vn": "578", "vnt": "0", "vp": "0", "vv": "14846", "van": "0", "vansj": "0", "pvnom": "  93,18", "pvl": "   6,82", "pvvc": "  95,53", "pvb": "   0,75", "ptvn": "   3,72", "pvn": " 100,00", "pvnt": "   0,00", "pvp": "   0,00", "pvv": " 100,00", "pvan": "   0,00", "pvansj": "   0,00", "colig": [{"n": "100000146387", "tvtn": "1209", "tvan": "1209", "vag": "1", "tvtl": "74", "tval": "74"}, {"n": "100000051538", "tvtn": "121", "tvan": "121", "vag": "0", "tvtl": "18", "tval": "18"}, {"n": "100000078892", "tvtn": "2416", "tvan": "2416", "vag": "2", "tvtl": "254", "tval": "254"}, {"n": "100000086545", "tvtn": "823", "tvan": "823", "vag": "1", "tvtl": "195", "tval": "195"}, {"n": "100000078927", "tvtn": "3259", "tvan": "3259", "vag": "3", "tvtl": "66", "tval": "66"}, {"n": "100000078861", "tvtn": "2289", "tvan": "2289", "vag": "2", "tvtl": "113", "tval": "113"}, {"n": "100000062671", "tvtn": "1624", "tvan": "1624", "vag": "1", "tvtl": "187", "tval": "187"}, {"n": "100000107737", "tvtn": "492", "tvan": "492", "vag": "0", "tvtl": "29", "tval": "29"}, {"n": "100000059771", "tvtn": "1601", "tvan": "1601", "vag": "1", "tvtl": "76", "tval": "76"}], "part": [{"n": "10", "tvtn": "1209", "tvan": "1209", "tvtl": "74", "tval": "74"}, {"n": "13", "tvtn": "121", "tvan": "121", "tvtl": "18", "tval": "18"}, {"n": "51", "tvtn": "2416", "tvan": "2416", "tvtl": "254", "tval": "254"}, {"n": "45", "tvtn": "823", "tvan": "823", "tvtl": "195", "tval": "195"}, {"n": "70", "tvtn": "3259", "tvan": "3259", "tvtl": "66", "tval": "66"}, {"n": "12", "tvtn": "2289", "tvan": "2289", "tvtl": "113", "tval": "113"}, {"n": "65", "tvtn": "1624", "tvan": "1624", "tvtl": "187", "tval": "187"}, {"n": "22", "tvtn": "492", "tvan": "492", "tvtl": "29", "tval": "29"}, {"n": "11", "tvtn": "1601", "tvan": "1601", "tvtl": "76", "tval": "76"}], "cand": [{"seq": "75", "n": "10345", "vap": "31", "pvap": "   0,21", "e": "N", "st": "Suplente"}, {"seq": "94", "n": "10888", "vap": "9", "pvap": "   0,06", "e": "N", "st": "Suplente"}, {"seq": "10", "n": "10555", "vap": "271", "pvap": "   1,83", "e": "S", "st": "Eleito"}, {"seq": "38", "n": "10123", "vap": "120", "pvap": "   0,81", "e": "N", "st": "Suplente"}, {"seq": "60", "n": "10333", "vap": "58", "pvap": "   0,39", "e": "N", "st": "Suplente"}, {"seq": "20", "n": "10456", "vap": "221", "pvap": "   1,49", "e": "N", "st": "Suplente"}, {"seq": "77", "n": "10444", "vap": "29", "pvap": "   0,20", "e": "N", "st": "Suplente"}, {"seq": "64", "n": "10000", "vap": "49", "pvap": "   0,33", "e": "N", "st": "Suplente"}, {"seq": "59", "n": "10111", "vap": "64", "pvap": "   0,43", "e": "N", "st": "Suplente"}, {"seq": "86", "n": "10789", "vap": "16", "pvap": "   0,11", "e": "N", "st": "Suplente"}, {"seq": "97", "n": "10176", "vap": "2", "pvap": "   0,01", "e": "N", "st": "Suplente"}, {"seq": "93", "n": "10001", "vap": "9", "pvap": "   0,06", "e": "N", "st": "Suplente"}, {"seq": "87", "n": "10234", "vap": "16", "pvap": "   0,11", "e": "N", "st": "Suplente"}, {"seq": "22", "n": "10222", "vap": "218", "pvap": "   1,47", "e": "N", "st": "Suplente"}, {"seq": "85", "n": "10925", "vap": "18", "pvap": "   0,12", "e": "N", "st": "Suplente"}, {"seq": "52", "n": "10999", "vap": "78", "pvap": "   0,53", "e": "N", "st": "Suplente"}, {"seq": "105", "n": "13222", "vap": "26", "pvap": "   0,18", "e": "N", "st": "N\u00e3o eleito"}, {"seq": "120", "n": "13013", "vap": "5", "pvap": "   0,03", "e": "N", "st": "N\u00e3o eleito"}, {"seq": "121", "n": "13555", "vap": "1", "pvap": "   0,01", "e": "N", "st": "N\u00e3o eleito"}, {"seq": "119", "n": "13456", "vap": "6", "pvap": "   0,04", "e": "N", "st": "N\u00e3o eleito"}, {"seq": "115", "n": "13621", "vap": "12", "pvap": "   0,08", "e": "N", "st": "N\u00e3o eleito"}, {"seq": "112", "n": "13444", "vap": "16", "pvap": "   0,11", "e": "N", "st": "N\u00e3o eleito"}, {"seq": "101", "n": "13333", "vap": "55", "pvap": "   0,37", "e": "N", "st": "N\u00e3o eleito"}, {"seq": "13", "n": "51123", "vap": "327", "pvap": "   2,20", "e": "N", "st": "Suplente"}, {"seq": "69", "n": "51555", "vap": "41", "pvap": "   0,28", "e": "N", "st": "Suplente"}, {"seq": "72", "n": "51100", "vap": "36", "pvap": "   0,24", "e": "N", "st": "Suplente"}, {"seq": "5", "n": "51477", "vap": "436", "pvap": "   2,94", "e": "S", "st": "Eleito"}, {"seq": "44", "n": "51222", "vap": "91", "pvap": "   0,61", "e": "N", "st": "Suplente"}, {"seq": "12", "n": "51111", "vap": "373", "pvap": "   2,51", "e": "N", "st": "Suplente"}, {"seq": "4", "n": "51444", "vap": "486", "pvap": "   3,27", "e": "S", "st": "Eleito"}, {"seq": "48", "n": "51456", "vap": "87", "pvap": "   0,59", "e": "N", "st": "Suplente"}, {"seq": "30", "n": "51234", "vap": "174", "pvap": "   1,17", "e": "N", "st": "Suplente"}, {"seq": "67", "n": "51236", "vap": "42", "pvap": "   0,28", "e": "N", "st": "Suplente"}, {"seq": "58", "n": "51000", "vap": "64", "pvap": "   0,43", "e": "N", "st": "Suplente"}, {"seq": "19", "n": "51333", "vap": "259", "pvap": "   1,74", "e": "N", "st": "Suplente"}, {"seq": "92", "n": "45333", "vap": "9", "pvap": "   0,06", "e": "N", "st": "Suplente"}, {"seq": "89", "n": "45115", "vap": "13", "pvap": "   0,09", "e": "N", "st": "Suplente"}, {"seq": "55", "n": "45555", "vap": "74", "pvap": "   0,50", "e": "N", "st": "Suplente"}, {"seq": "71", "n": "45777", "vap": "38", "pvap": "   0,26", "e": "N", "st": "Suplente"}, {"seq": "76", "n": "45582", "vap": "29", "pvap": "   0,20", "e": "N", "st": "Suplente"}, {"seq": "54", "n": "45222", "vap": "76", "pvap": "   0,51", "e": "N", "st": "Suplente"}, {"seq": "11", "n": "45678", "vap": "171", "pvap": "   1,15", "e": "S", "st": "Eleito"}, {"seq": "78", "n": "45186", "vap": "28", "pvap": "   0,19", "e": "N", "st": "Suplente"}, {"seq": "91", "n": "45110", "vap": "10", "pvap": "   0,07", "e": "N", "st": "Suplente"}, {"seq": "73", "n": "45234", "vap": "35", "pvap": "   0,24", "e": "N", "st": "Suplente"}, {"seq": "33", "n": "45000", "vap": "160", "pvap": "   1,08", "e": "N", "st": "Suplente"}, {"seq": "96", "n": "45137", "vap": "4", "pvap": "   0,03", "e": "N", "st": "Suplente"}, {"seq": "63", "n": "45666", "vap": "51", "pvap": "   0,34", "e": "N", "st": "Suplente"}, {"seq": "51", "n": "45123", "vap": "84", "pvap": "   0,57", "e": "N", "st": "Suplente"}, {"seq": "68", "n": "45670", "vap": "41", "pvap": "   0,28", "e": "N", "st": "Suplente"}, {"seq": "28", "n": "70444", "vap": "195", "pvap": "   1,31", "e": "N", "st": "Suplente"}, {"seq": "26", "n": "70999", "vap": "197", "pvap": "   1,33", "e": "N", "st": "Suplente"}, {"seq": "98", "n": "70400", "vap": "1", "pvap": "   0,01", "e": "N", "st": "Suplente"}, {"seq": "3", "n": "70222", "vap": "562", "pvap": "   3,79", "e": "S", "st": "Eleito"}, {"seq": "57", "n": "70001", "vap": "67", "pvap": "   0,45", "e": "N", "st": "Suplente"}, {"seq": "50", "n": "70456", "vap": "85", "pvap": "   0,57", "e": "N", "st": "Suplente"}, {"seq": "37", "n": "70111", "vap": "120", "pvap": "   0,81", "e": "N", "st": "Suplente"}, {"seq": "6", "n": "70777", "vap": "364", "pvap": "   2,45", "e": "S", "st": "Eleito"}, {"seq": "21", "n": "70123", "vap": "221", "pvap": "   1,49", "e": "N", "st": "Suplente"}, {"seq": "18", "n": "70333", "vap": "262", "pvap": "   1,76", "e": "N", "st": "Suplente"}, {"seq": "8", "n": "70888", "vap": "330", "pvap": "   2,22", "e": "S", "st": "Eleito"}, {"seq": "25", "n": "70700", "vap": "209", "pvap": "   1,41", "e": "N", "st": "Suplente"}, {"seq": "24", "n": "70000", "vap": "214", "pvap": "   1,44", "e": "N", "st": "Suplente"}, {"seq": "16", "n": "70555", "vap": "283", "pvap": "   1,91", "e": "N", "st": "Suplente"}, {"seq": "35", "n": "70789", "vap": "149", "pvap": "   1,00", "e": "N", "st": "Suplente"}, {"seq": "39", "n": "12000", "vap": "119", "pvap": "   0,80", "e": "N", "st": "Suplente"}, {"seq": "90", "n": "12153", "vap": "12", "pvap": "   0,08", "e": "N", "st": "Suplente"}, {"seq": "81", "n": "12444", "vap": "24", "pvap": "   0,16", "e": "N", "st": "Suplente"}, {"seq": "56", "n": "12123", "vap": "70", "pvap": "   0,47", "e": "N", "st": "Suplente"}, {"seq": "1", "n": "12121", "vap": "682", "pvap": "   4,59", "e": "S", "st": "Eleito"}, {"seq": "27", "n": "12222", "vap": "196", "pvap": "   1,32", "e": "N", "st": "Suplente"}, {"seq": "15", "n": "12333", "vap": "291", "pvap": "   1,96", "e": "N", "st": "Suplente"}, {"seq": "17", "n": "12555", "vap": "281", "pvap": "   1,89", "e": "N", "st": "Suplente"}, {"seq": "2", "n": "12345", "vap": "589", "pvap": "   3,97", "e": "S", "st": "Eleito"}, {"seq": "80", "n": "12777", "vap": "25", "pvap": "   0,17", "e": "N", "st": "Suplente"}, {"seq": "70", "n": "65010", "vap": "39", "pvap": "   0,26", "e": "N", "st": "Suplente"}, {"seq": "42", "n": "65123", "vap": "98", "pvap": "   0,66", "e": "N", "st": "Suplente"}, {"seq": "79", "n": "65444", "vap": "27", "pvap": "   0,18", "e": "N", "st": "Suplente"}, {"seq": "53", "n": "65456", "vap": "77", "pvap": "   0,52", "e": "N", "st": "Suplente"}, {"seq": "40", "n": "65555", "vap": "110", "pvap": "   0,74", "e": "N", "st": "Suplente"}, {"seq": "41", "n": "65333", "vap": "109", "pvap": "   0,73", "e": "N", "st": "Suplente"}, {"seq": "49", "n": "65777", "vap": "86", "pvap": "   0,58", "e": "N", "st": "Suplente"}, {"seq": "23", "n": "65222", "vap": "216", "pvap": "   1,45", "e": "N", "st": "Suplente"}, {"seq": "31", "n": "65789", "vap": "168", "pvap": "   1,13", "e": "N", "st": "Suplente"}, {"seq": "88", "n": "65420", "vap": "14", "pvap": "   0,09", "e": "N", "st": "Suplente"}, {"seq": "74", "n": "65233", "vap": "31", "pvap": "   0,21", "e": "N", "st": "Suplente"}, {"seq": "46", "n": "65111", "vap": "88", "pvap": "   0,59", "e": "N", "st": "Suplente"}, {"seq": "7", "n": "65000", "vap": "338", "pvap": "   2,28", "e": "S", "st": "Eleito"}, {"seq": "32", "n": "65678", "vap": "167", "pvap": "   1,12", "e": "N", "st": "Suplente"}, {"seq": "61", "n": "65012", "vap": "56", "pvap": "   0,38", "e": "N", "st": "Suplente"}, {"seq": "103", "n": "22125", "vap": "35", "pvap": "   0,24", "e": "N", "st": "N\u00e3o eleito"}, {"seq": "100", "n": "22223", "vap": "98", "pvap": "   0,66", "e": "N", "st": "N\u00e3o eleito"}, {"seq": "109", "n": "22121", "vap": "18", "pvap": "   0,12", "e": "N", "st": "N\u00e3o eleito"}, {"seq": "104", "n": "22224", "vap": "27", "pvap": "   0,18", "e": "N", "st": "N\u00e3o eleito"}, {"seq": "113", "n": "22444", "vap": "15", "pvap": "   0,10", "e": "N", "st": "N\u00e3o eleito"}, {"seq": "107", "n": "22555", "vap": "25", "pvap": "   0,17", "e": "N", "st": "N\u00e3o eleito"}, {"seq": "114", "n": "22122", "vap": "13", "pvap": "   0,09", "e": "N", "st": "N\u00e3o eleito"}, {"seq": "99", "n": "22345", "vap": "111", "pvap": "   0,75", "e": "N", "st": "N\u00e3o eleito"}, {"seq": "118", "n": "22111", "vap": "8", "pvap": "   0,05", "e": "N", "st": "N\u00e3o eleito"}, {"seq": "116", "n": "22456", "vap": "10", "pvap": "   0,07", "e": "N", "st": "N\u00e3o eleito"}, {"seq": "111", "n": "22678", "vap": "16", "pvap": "   0,11", "e": "N", "st": "N\u00e3o eleito"}, {"seq": "108", "n": "22221", "vap": "23", "pvap": "   0,15", "e": "N", "st": "N\u00e3o eleito"}, {"seq": "102", "n": "22123", "vap": "40", "pvap": "   0,27", "e": "N", "st": "N\u00e3o eleito"}, {"seq": "106", "n": "22333", "vap": "26", "pvap": "   0,18", "e": "N", "st": "N\u00e3o eleito"}, {"seq": "117", "n": "22888", "vap": "9", "pvap": "   0,06", "e": "N", "st": "N\u00e3o eleito"}, {"seq": "110", "n": "22222", "vap": "18", "pvap": "   0,12", "e": "N", "st": "N\u00e3o eleito"}, {"seq": "65", "n": "11888", "vap": "46", "pvap": "   0,31", "e": "N", "st": "Suplente"}, {"seq": "14", "n": "11222", "vap": "316", "pvap": "   2,13", "e": "N", "st": "Suplente"}, {"seq": "29", "n": "11777", "vap": "180", "pvap": "   1,21", "e": "N", "st": "Suplente"}, {"seq": "83", "n": "11333", "vap": "19", "pvap": "   0,13", "e": "N", "st": "Suplente"}, {"seq": "84", "n": "11789", "vap": "19", "pvap": "   0,13", "e": "N", "st": "Suplente"}, {"seq": "43", "n": "11586", "vap": "94", "pvap": "   0,63", "e": "N", "st": "Suplente"}, {"seq": "62", "n": "11456", "vap": "56", "pvap": "   0,38", "e": "N", "st": "Suplente"}, {"seq": "47", "n": "11444", "vap": "88", "pvap": "   0,59", "e": "N", "st": "Suplente"}, {"seq": "34", "n": "11123", "vap": "153", "pvap": "   1,03", "e": "N", "st": "Suplente"}, {"seq": "36", "n": "11555", "vap": "142", "pvap": "   0,96", "e": "N", "st": "Suplente"}, {"seq": "82", "n": "11000", "vap": "24", "pvap": "   0,16", "e": "N", "st": "Suplente"}, {"seq": "45", "n": "11580", "vap": "90", "pvap": "   0,61", "e": "N", "st": "Suplente"}, {"seq": "66", "n": "11234", "vap": "45", "pvap": "   0,30", "e": "N", "st": "Suplente"}, {"seq": "95", "n": "11667", "vap": "7", "pvap": "   0,05", "e": "N", "st": "Suplente"}, {"seq": "9", "n": "11111", "vap": "322", "pvap": "   2,17", "e": "S", "st": "Eleito"}]}, {"dt": "15/11/2020", "ht": "22:24:13", "tf": "S", "and": "F", "tpabr": "ZONA", "cdabr": "7", "s": "55", "st": "55", "snt": "0", "si": "55", "sni": "0", "sa": "55", "sna": "0", "pst": " 100,00", "psnt": "   0,00", "psi": " 100,00", "psni": "   0,00", "psa": " 100,00", "psna": "   0,00", "e": "19372", "ea": "19372", "ena": "0", "esi": "19372", "esni": "0", "a": "3832", "c": "15540", "pea": " 100,00", "pena": "   0,00", "pesi": " 100,00", "pesni": "   0,00", "pa": "  19,78", "pc": "  80,22", "vnom": "13834", "vscv": "0", "vl": "1012", "tv": "15540", "vvc": "14846", "vb": "116", "tvn": "578", "vn": "578", "vnt": "0", "vp": "0", "vv": "14846", "van": "0", "vansj": "0", "pvnom": "  93,18", "pvl": "   6,82", "pvvc": "  95,53", "pvb": "   0,75", "ptvn": "   3,72", "pvn": " 100,00", "pvnt": "   0,00", "pvp": "   0,00", "pvv": " 100,00", "pvan": "   0,00", "pvansj": "   0,00", "cand": [{"seq": "9", "n": "11111", "vap": "322", "pvap": "   2,17", "e": "S", "st": "Eleito"}, {"seq": "14", "n": "11222", "vap": "316", "pvap": "   2,13", "e": "N", "st": "Suplente"}, {"seq": "29", "n": "11777", "vap": "180", "pvap": "   1,21", "e": "N", "st": "Suplente"}, {"seq": "34", "n": "11123", "vap": "153", "pvap": "   1,03", "e": "N", "st": "Suplente"}, {"seq": "36", "n": "11555", "vap": "142", "pvap": "   0,96", "e": "N", "st": "Suplente"}, {"seq": "43", "n": "11586", "vap": "94", "pvap": "   0,63", "e": "N", "st": "Suplente"}, {"seq": "45", "n": "11580", "vap": "90", "pvap": "   0,61", "e": "N", "st": "Suplente"}, {"seq": "47", "n": "11444", "vap": "88", "pvap": "   0,59", "e": "N", "st": "Suplente"}, {"seq": "62", "n": "11456", "vap": "56", "pvap": "   0,38", "e": "N", "st": "Suplente"}, {"seq": "65", "n": "11888", "vap": "46", "pvap": "   0,31", "e": "N", "st": "Suplente"}, {"seq": "66", "n": "11234", "vap": "45", "pvap": "   0,30", "e": "N", "st": "Suplente"}, {"seq": "82", "n": "11000", "vap": "24", "pvap": "   0,16", "e": "N", "st": "Suplente"}, {"seq": "83", "n": "11333", "vap": "19", "pvap": "   0,13", "e": "N", "st": "Suplente"}, {"seq": "84", "n": "11789", "vap": "19", "pvap": "   0,13", "e": "N", "st": "Suplente"}, {"seq": "95", "n": "11667", "vap": "7", "pvap": "   0,05", "e": "N", "st": "Suplente"}, {"seq": "4", "n": "51444", "vap": "486", "pvap": "   3,27", "e": "S", "st": "Eleito"}, {"seq": "5", "n": "51477", "vap": "436", "pvap": "   2,94", "e": "S", "st": "Eleito"}, {"seq": "12", "n": "51111", "vap": "373", "pvap": "   2,51", "e": "N", "st": "Suplente"}, {"seq": "13", "n": "51123", "vap": "327", "pvap": "   2,20", "e": "N", "st": "Suplente"}, {"seq": "19", "n": "51333", "vap": "259", "pvap": "   1,74", "e": "N", "st": "Suplente"}, {"seq": "30", "n": "51234", "vap": "174", "pvap": "   1,17", "e": "N", "st": "Suplente"}, {"seq": "44", "n": "51222", "vap": "91", "pvap": "   0,61", "e": "N", "st": "Suplente"}, {"seq": "48", "n": "51456", "vap": "87", "pvap": "   0,59", "e": "N", "st": "Suplente"}, {"seq": "58", "n": "51000", "vap": "64", "pvap": "   0,43", "e": "N", "st": "Suplente"}, {"seq": "67", "n": "51236", "vap": "42", "pvap": "   0,28", "e": "N", "st": "Suplente"}, {"seq": "69", "n": "51555", "vap": "41", "pvap": "   0,28", "e": "N", "st": "Suplente"}, {"seq": "72", "n": "51100", "vap": "36", "pvap": "   0,24", "e": "N", "st": "Suplente"}, {"seq": "7", "n": "65000", "vap": "338", "pvap": "   2,28", "e": "S", "st": "Eleito"}, {"seq": "23", "n": "65222", "vap": "216", "pvap": "   1,45", "e": "N", "st": "Suplente"}, {"seq": "31", "n": "65789", "vap": "168", "pvap": "   1,13", "e": "N", "st": "Suplente"}, {"seq": "32", "n": "65678", "vap": "167", "pvap": "   1,12", "e": "N", "st": "Suplente"}, {"seq": "40", "n": "65555", "vap": "110", "pvap": "   0,74", "e": "N", "st": "Suplente"}, {"seq": "41", "n": "65333", "vap": "109", "pvap": "   0,73", "e": "N", "st": "Suplente"}, {"seq": "42", "n": "65123", "vap": "98", "pvap": "   0,66", "e": "N", "st": "Suplente"}, {"seq": "46", "n": "65111", "vap": "88", "pvap": "   0,59", "e": "N", "st": "Suplente"}, {"seq": "49", "n": "65777", "vap": "86", "pvap": "   0,58", "e": "N", "st": "Suplente"}, {"seq": "53", "n": "65456", "vap": "77", "pvap": "   0,52", "e": "N", "st": "Suplente"}, {"seq": "61", "n": "65012", "vap": "56", "pvap": "   0,38", "e": "N", "st": "Suplente"}, {"seq": "70", "n": "65010", "vap": "39", "pvap": "   0,26", "e": "N", "st": "Suplente"}, {"seq": "74", "n": "65233", "vap": "31", "pvap": "   0,21", "e": "N", "st": "Suplente"}, {"seq": "79", "n": "65444", "vap": "27", "pvap": "   0,18", "e": "N", "st": "Suplente"}, {"seq": "88", "n": "65420", "vap": "14", "pvap": "   0,09", "e": "N", "st": "Suplente"}, {"seq": "1", "n": "12121", "vap": "682", "pvap": "   4,59", "e": "S", "st": "Eleito"}, {"seq": "2", "n": "12345", "vap": "589", "pvap": "   3,97", "e": "S", "st": "Eleito"}, {"seq": "15", "n": "12333", "vap": "291", "pvap": "   1,96", "e": "N", "st": "Suplente"}, {"seq": "17", "n": "12555", "vap": "281", "pvap": "   1,89", "e": "N", "st": "Suplente"}, {"seq": "27", "n": "12222", "vap": "196", "pvap": "   1,32", "e": "N", "st": "Suplente"}, {"seq": "39", "n": "12000", "vap": "119", "pvap": "   0,80", "e": "N", "st": "Suplente"}, {"seq": "56", "n": "12123", "vap": "70", "pvap": "   0,47", "e": "N", "st": "Suplente"}, {"seq": "80", "n": "12777", "vap": "25", "pvap": "   0,17", "e": "N", "st": "Suplente"}, {"seq": "81", "n": "12444", "vap": "24", "pvap": "   0,16", "e": "N", "st": "Suplente"}, {"seq": "90", "n": "12153", "vap": "12", "pvap": "   0,08", "e": "N", "st": "Suplente"}, {"seq": "101", "n": "13333", "vap": "55", "pvap": "   0,37", "e": "N", "st": "N\u00e3o eleito"}, {"seq": "105", "n": "13222", "vap": "26", "pvap": "   0,18", "e": "N", "st": "N\u00e3o eleito"}, {"seq": "112", "n": "13444", "vap": "16", "pvap": "   0,11", "e": "N", "st": "N\u00e3o eleito"}, {"seq": "115", "n": "13621", "vap": "12", "pvap": "   0,08", "e": "N", "st": "N\u00e3o eleito"}, {"seq": "119", "n": "13456", "vap": "6", "pvap": "   0,04", "e": "N", "st": "N\u00e3o eleito"}, {"seq": "120", "n": "13013", "vap": "5", "pvap": "   0,03", "e": "N", "st": "N\u00e3o eleito"}, {"seq": "121", "n": "13555", "vap": "1", "pvap": "   0,01", "e": "N", "st": "N\u00e3o eleito"}, {"seq": "10", "n": "10555", "vap": "271", "pvap": "   1,83", "e": "S", "st": "Eleito"}, {"seq": "20", "n": "10456", "vap": "221", "pvap": "   1,49", "e": "N", "st": "Suplente"}, {"seq": "22", "n": "10222", "vap": "218", "pvap": "   1,47", "e": "N", "st": "Suplente"}, {"seq": "38", "n": "10123", "vap": "120", "pvap": "   0,81", "e": "N", "st": "Suplente"}, {"seq": "52", "n": "10999", "vap": "78", "pvap": "   0,53", "e": "N", "st": "Suplente"}, {"seq": "59", "n": "10111", "vap": "64", "pvap": "   0,43", "e": "N", "st": "Suplente"}, {"seq": "60", "n": "10333", "vap": "58", "pvap": "   0,39", "e": "N", "st": "Suplente"}, {"seq": "64", "n": "10000", "vap": "49", "pvap": "   0,33", "e": "N", "st": "Suplente"}, {"seq": "75", "n": "10345", "vap": "31", "pvap": "   0,21", "e": "N", "st": "Suplente"}, {"seq": "77", "n": "10444", "vap": "29", "pvap": "   0,20", "e": "N", "st": "Suplente"}, {"seq": "85", "n": "10925", "vap": "18", "pvap": "   0,12", "e": "N", "st": "Suplente"}, {"seq": "86", "n": "10789", "vap": "16", "pvap": "   0,11", "e": "N", "st": "Suplente"}, {"seq": "87", "n": "10234", "vap": "16", "pvap": "   0,11", "e": "N", "st": "Suplente"}, {"seq": "93", "n": "10001", "vap": "9", "pvap": "   0,06", "e": "N", "st": "Suplente"}, {"seq": "94", "n": "10888", "vap": "9", "pvap": "   0,06", "e": "N", "st": "Suplente"}, {"seq": "97", "n": "10176", "vap": "2", "pvap": "   0,01", "e": "N", "st": "Suplente"}, {"seq": "11", "n": "45678", "vap": "171", "pvap": "   1,15", "e": "S", "st": "Eleito"}, {"seq": "33", "n": "45000", "vap": "160", "pvap": "   1,08", "e": "N", "st": "Suplente"}, {"seq": "51", "n": "45123", "vap": "84", "pvap": "   0,57", "e": "N", "st": "Suplente"}, {"seq": "54", "n": "45222", "vap": "76", "pvap": "   0,51", "e": "N", "st": "Suplente"}, {"seq": "55", "n": "45555", "vap": "74", "pvap": "   0,50", "e": "N", "st": "Suplente"}, {"seq": "63", "n": "45666", "vap": "51", "pvap": "   0,34", "e": "N", "st": "Suplente"}, {"seq": "68", "n": "45670", "vap": "41", "pvap": "   0,28", "e": "N", "st": "Suplente"}, {"seq": "71", "n": "45777", "vap": "38", "pvap": "   0,26", "e": "N", "st": "Suplente"}, {"seq": "73", "n": "45234", "vap": "35", "pvap": "   0,24", "e": "N", "st": "Suplente"}, {"seq": "76", "n": "45582", "vap": "29", "pvap": "   0,20", "e": "N", "st": "Suplente"}, {"seq": "78", "n": "45186", "vap": "28", "pvap": "   0,19", "e": "N", "st": "Suplente"}, {"seq": "89", "n": "45115", "vap": "13", "pvap": "   0,09", "e": "N", "st": "Suplente"}, {"seq": "91", "n": "45110", "vap": "10", "pvap": "   0,07", "e": "N", "st": "Suplente"}, {"seq": "92", "n": "45333", "vap": "9", "pvap": "   0,06", "e": "N", "st": "Suplente"}, {"seq": "96", "n": "45137", "vap": "4", "pvap": "   0,03", "e": "N", "st": "Suplente"}, {"seq": "3", "n": "70222", "vap": "562", "pvap": "   3,79", "e": "S", "st": "Eleito"}, {"seq": "6", "n": "70777", "vap": "364", "pvap": "   2,45", "e": "S", "st": "Eleito"}, {"seq": "8", "n": "70888", "vap": "330", "pvap": "   2,22", "e": "S", "st": "Eleito"}, {"seq": "16", "n": "70555", "vap": "283", "pvap": "   1,91", "e": "N", "st": "Suplente"}, {"seq": "18", "n": "70333", "vap": "262", "pvap": "   1,76", "e": "N", "st": "Suplente"}, {"seq": "21", "n": "70123", "vap": "221", "pvap": "   1,49", "e": "N", "st": "Suplente"}, {"seq": "24", "n": "70000", "vap": "214", "pvap": "   1,44", "e": "N", "st": "Suplente"}, {"seq": "25", "n": "70700", "vap": "209", "pvap": "   1,41", "e": "N", "st": "Suplente"}, {"seq": "26", "n": "70999", "vap": "197", "pvap": "   1,33", "e": "N", "st": "Suplente"}, {"seq": "28", "n": "70444", "vap": "195", "pvap": "   1,31", "e": "N", "st": "Suplente"}, {"seq": "35", "n": "70789", "vap": "149", "pvap": "   1,00", "e": "N", "st": "Suplente"}, {"seq": "37", "n": "70111", "vap": "120", "pvap": "   0,81", "e": "N", "st": "Suplente"}, {"seq": "50", "n": "70456", "vap": "85", "pvap": "   0,57", "e": "N", "st": "Suplente"}, {"seq": "57", "n": "70001", "vap": "67", "pvap": "   0,45", "e": "N", "st": "Suplente"}, {"seq": "98", "n": "70400", "vap": "1", "pvap": "   0,01", "e": "N", "st": "Suplente"}, {"seq": "99", "n": "22345", "vap": "111", "pvap": "   0,75", "e": "N", "st": "N\u00e3o eleito"}, {"seq": "100", "n": "22223", "vap": "98", "pvap": "   0,66", "e": "N", "st": "N\u00e3o eleito"}, {"seq": "102", "n": "22123", "vap": "40", "pvap": "   0,27", "e": "N", "st": "N\u00e3o eleito"}, {"seq": "103", "n": "22125", "vap": "35", "pvap": "   0,24", "e": "N", "st": "N\u00e3o eleito"}, {"seq": "104", "n": "22224", "vap": "27", "pvap": "   0,18", "e": "N", "st": "N\u00e3o eleito"}, {"seq": "106", "n": "22333", "vap": "26", "pvap": "   0,18", "e": "N", "st": "N\u00e3o eleito"}, {"seq": "107", "n": "22555", "vap": "25", "pvap": "   0,17", "e": "N", "st": "N\u00e3o eleito"}, {"seq": "108", "n": "22221", "vap": "23", "pvap": "   0,15", "e": "N", "st": "N\u00e3o eleito"}, {"seq": "109", "n": "22121", "vap": "18", "pvap": "   0,12", "e": "N", "st": "N\u00e3o eleito"}, {"seq": "110", "n": "22222", "vap": "18", "pvap": "   0,12", "e": "N", "st": "N\u00e3o eleito"}, {"seq": "111", "n": "22678", "vap": "16", "pvap": "   0,11", "e": "N", "st": "N\u00e3o eleito"}, {"seq": "113", "n": "22444", "vap": "15", "pvap": "   0,10", "e": "N", "st": "N\u00e3o eleito"}, {"seq": "114", "n": "22122", "vap": "13", "pvap": "   0,09", "e": "N", "st": "N\u00e3o eleito"}, {"seq": "116", "n": "22456", "vap": "10", "pvap": "   0,07", "e": "N", "st": "N\u00e3o eleito"}, {"seq": "117", "n": "22888", "vap": "9", "pvap": "   0,06", "e": "N", "st": "N\u00e3o eleito"}, {"seq": "118", "n": "22111", "vap": "8", "pvap": "   0,05", "e": "N", "st": "N\u00e3o eleito"}]}]}