{"ele": "426", "carper": "13", "t": "1", "f": "O", "esae": "N", "mnae": " ", "dg": "15/11/2020", "hg": "22:13:36", "dv": "S", "nadf": "ma08567-c0013-e000426-002-f", "abr": [{"dt": "15/11/2020", "ht": "21:28:40", "tf": "S", "and": "F", "tpabr": "MU", "cdabr": "08567", "s": "49", "st": "49", "snt": "0", "si": "49", "sni": "0", "sa": "49", "sna": "0", "pst": " 100,00", "psnt": "   0,00", "psi": " 100,00", "psni": "   0,00", "psa": " 100,00", "psna": "   0,00", "e": "15930", "ea": "15930", "ena": "0", "esi": "15930", "esni": "0", "c": "13312", "a": "2618", "pea": " 100,00", "pena": "   0,00", "pesi": " 100,00", "pesni": "   0,00", "pa": "  16,43", "pc": "  83,57", "vscv": "0", "vnom": "12086", "vl": "608", "tv": "13312", "vvc": "12694", "vb": "94", "tvn": "524", "vn": "524", "vnt": "0", "vp": "0", "vv": "12694", "van": "0", "vansj": "0", "pvnom": "  95,21", "pvl": "   4,79", "pvvc": "  95,36", "pvb": "   0,70", "ptvn": "   3,94", "pvn": " 100,00", "pvnt": "   0,00", "pvp": "   0,00", "pvv": " 100,00", "pvan": "   0,00", "pvansj": "   0,00", "colig": [{"n": "100000060368", "tvtn": "4565", "tvan": "4565", "vag": "4", "tvtl": "114", "tval": "114"}, {"n": "100000060353", "tvtn": "1260", "tvan": "1260", "vag": "1", "tvtl": "39", "tval": "39"}, {"n": "100000146458", "tvtn": "1206", "tvan": "1206", "vag": "1", "tvtl": "24", "tval": "24"}, {"n": "100000060339", "tvtn": "5055", "tvan": "5055", "vag": "5", "tvtl": "431", "tval": "431"}], "part": [{"n": "25", "tvtn": "4565", "tvan": "4565", "tvtl": "114", "tval": "114"}, {"n": "14", "tvtn": "1260", "tvan": "1260", "tvtl": "39", "tval": "39"}, {"n": "65", "tvtn": "1206", "tvan": "1206", "tvtl": "24", "tval": "24"}, {"n": "12", "tvtn": "5055", "tvan": "5055", "tvtl": "431", "tval": "431"}], "cand": [{"seq": "32", "n": "25789", "vap": "115", "pvap": "   0,91", "e": "N", "st": "Suplente"}, {"seq": "17", "n": "25888", "vap": "313", "pvap": "   2,47", "e": "N", "st": "Suplente"}, {"seq": "9", "n": "25123", "vap": "428", "pvap": "   3,37", "e": "S", "st": "Eleito"}, {"seq": "51", "n": "25234", "vap": "38", "pvap": "   0,30", "e": "N", "st": "Suplente"}, {"seq": "16", "n": "25222", "vap": "318", "pvap": "   2,51", "e": "N", "st": "Suplente"}, {"seq": "15", "n": "25678", "vap": "323", "pvap": "   2,54", "e": "N", "st": "Suplente"}, {"seq": "1", "n": "25444", "vap": "921", "pvap": "   7,26", "e": "S", "st": "Eleito"}, {"seq": "21", "n": "25456", "vap": "227", "pvap": "   1,79", "e": "N", "st": "Suplente"}, {"seq": "4", "n": "25000", "vap": "605", "pvap": "   4,77", "e": "S", "st": "Eleito"}, {"seq": "41", "n": "25111", "vap": "59", "pvap": "   0,46", "e": "N", "st": "Suplente"}, {"seq": "44", "n": "25777", "vap": "50", "pvap": "   0,39", "e": "N", "st": "Suplente"}, {"seq": "45", "n": "25115", "vap": "49", "pvap": "   0,39", "e": "N", "st": "Suplente"}, {"seq": "20", "n": "25999", "vap": "246", "pvap": "   1,94", "e": "N", "st": "Suplente"}, {"seq": "14", "n": "25333", "vap": "335", "pvap": "   2,64", "e": "N", "st": "Suplente"}, {"seq": "5", "n": "25555", "vap": "538", "pvap": "   4,24", "e": "S", "st": "Eleito"}, {"seq": "23", "n": "14770", "vap": "188", "pvap": "   1,48", "e": "N", "st": "Suplente"}, {"seq": "35", "n": "14014", "vap": "101", "pvap": "   0,80", "e": "N", "st": "Suplente"}, {"seq": "37", "n": "14666", "vap": "84", "pvap": "   0,66", "e": "N", "st": "Suplente"}, {"seq": "31", "n": "14200", "vap": "126", "pvap": "   0,99", "e": "N", "st": "Suplente"}, {"seq": "47", "n": "14777", "vap": "43", "pvap": "   0,34", "e": "N", "st": "Suplente"}, {"seq": "43", "n": "14444", "vap": "54", "pvap": "   0,43", "e": "N", "st": "Suplente"}, {"seq": "48", "n": "14567", "vap": "41", "pvap": "   0,32", "e": "N", "st": "Suplente"}, {"seq": "46", "n": "14278", "vap": "45", "pvap": "   0,35", "e": "N", "st": "Suplente"}, {"seq": "52", "n": "14555", "vap": "38", "pvap": "   0,30", "e": "N", "st": "Suplente"}, {"seq": "56", "n": "14000", "vap": "28", "pvap": "   0,22", "e": "N", "st": "Suplente"}, {"seq": "38", "n": "14333", "vap": "68", "pvap": "   0,54", "e": "N", "st": "Suplente"}, {"seq": "57", "n": "14001", "vap": "28", "pvap": "   0,22", "e": "N", "st": "Suplente"}, {"seq": "50", "n": "14121", "vap": "41", "pvap": "   0,32", "e": "N", "st": "Suplente"}, {"seq": "61", "n": "14722", "vap": "14", "pvap": "   0,11", "e": "N", "st": "Suplente"}, {"seq": "49", "n": "14111", "vap": "41", "pvap": "   0,32", "e": "N", "st": "Suplente"}, {"seq": "11", "n": "14123", "vap": "206", "pvap": "   1,62", "e": "S", "st": "Eleito"}, {"seq": "33", "n": "14222", "vap": "114", "pvap": "   0,90", "e": "N", "st": "Suplente"}, {"seq": "10", "n": "65888", "vap": "262", "pvap": "   2,06", "e": "S", "st": "Eleito"}, {"seq": "36", "n": "65777", "vap": "93", "pvap": "   0,73", "e": "N", "st": "Suplente"}, {"seq": "55", "n": "65999", "vap": "29", "pvap": "   0,23", "e": "N", "st": "Suplente"}, {"seq": "53", "n": "65222", "vap": "33", "pvap": "   0,26", "e": "N", "st": "Suplente"}, {"seq": "42", "n": "65111", "vap": "56", "pvap": "   0,44", "e": "N", "st": "Suplente"}, {"seq": "34", "n": "65555", "vap": "114", "pvap": "   0,90", "e": "N", "st": "Suplente"}, {"seq": "63", "n": "65065", "vap": "7", "pvap": "   0,06", "e": "N", "st": "Suplente"}, {"seq": "29", "n": "65000", "vap": "143", "pvap": "   1,13", "e": "N", "st": "Suplente"}, {"seq": "59", "n": "65313", "vap": "22", "pvap": "   0,17", "e": "N", "st": "Suplente"}, {"seq": "40", "n": "65987", "vap": "61", "pvap": "   0,48", "e": "N", "st": "Suplente"}, {"seq": "26", "n": "65444", "vap": "165", "pvap": "   1,30", "e": "N", "st": "Suplente"}, {"seq": "30", "n": "65234", "vap": "128", "pvap": "   1,01", "e": "N", "st": "Suplente"}, {"seq": "39", "n": "65789", "vap": "62", "pvap": "   0,49", "e": "N", "st": "Suplente"}, {"seq": "58", "n": "65123", "vap": "22", "pvap": "   0,17", "e": "N", "st": "Suplente"}, {"seq": "62", "n": "65432", "vap": "9", "pvap": "   0,07", "e": "N", "st": "Suplente"}, {"seq": "60", "n": "12999", "vap": "15", "pvap": "   0,12", "e": "N", "st": "Suplente"}, {"seq": "27", "n": "12121", "vap": "149", "pvap": "   1,17", "e": "N", "st": "Suplente"}, {"seq": "7", "n": "12258", "vap": "445", "pvap": "   3,51", "e": "S", "st": "Eleito"}, {"seq": "28", "n": "12333", "vap": "144", "pvap": "   1,13", "e": "N", "st": "Suplente"}, {"seq": "3", "n": "12888", "vap": "611", "pvap": "   4,81", "e": "S", "st": "Eleito"}, {"seq": "54", "n": "12456", "vap": "30", "pvap": "   0,24", "e": "N", "st": "Suplente"}, {"seq": "13", "n": "12555", "vap": "411", "pvap": "   3,24", "e": "N", "st": "Suplente"}, {"seq": "8", "n": "12777", "vap": "436", "pvap": "   3,43", "e": "S", "st": "Eleito"}, {"seq": "12", "n": "12222", "vap": "433", "pvap": "   3,41", "e": "N", "st": "Suplente"}, {"seq": "19", "n": "12580", "vap": "287", "pvap": "   2,26", "e": "N", "st": "Suplente"}, {"seq": "2", "n": "12123", "vap": "771", "pvap": "   6,07", "e": "S", "st": "Eleito"}, {"seq": "24", "n": "12444", "vap": "185", "pvap": "   1,46", "e": "N", "st": "Suplente"}, {"seq": "18", "n": "12345", "vap": "310", "pvap": "   2,44", "e": "N", "st": "Suplente"}, {"seq": "6", "n": "12000", "vap": "457", "pvap": "   3,60", "e": "S", "st": "Eleito"}, {"seq": "25", "n": "12111", "vap": "178", "pvap": "   1,40", "e": "N", "st": "Suplente"}, {"seq": "22", "n": "12122", "vap": "193", "pvap": "   1,52", "e": "N", "st": "Suplente"}]}, {"dt": "15/11/2020", "ht": "21:28:40", "tf": "S", "and": "F", "tpabr": "ZONA", "cdabr": "9", "s": "49", "st": "49", "snt": "0", "si": "49", "sni": "0", "sa": "49", "sna": "0", "pst": " 100,00", "psnt": "   0,00", "psi": " 100,00", "psni": "   0,00", "psa": " 100,00", "psna": "   0,00", "e": "15930", "ea": "15930", "ena": "0", "esi": "15930", "esni": "0", "a": "2618", "c": "13312", "pea": " 100,00", "pena": "   0,00", "pesi": " 100,00", "pesni": "   0,00", "pa": "  16,43", "pc": "  83,57", "vnom": "12086", "vscv": "0", "vl": "608", "tv": "13312", "vvc": "12694", "vb": "94", "tvn": "524", "vn": "524", "vnt": "0", "vp": "0", "vv": "12694", "van": "0", "vansj": "0", "pvnom": "  95,21", "pvl": "   4,79", "pvvc": "  95,36", "pvb": "   0,70", "ptvn": "   3,94", "pvn": " 100,00", "pvnt": "   0,00", "pvp": "   0,00", "pvv": " 100,00", "pvan": "   0,00", "pvansj": "   0,00", "cand": [{"seq": "43", "n": "14444", "vap": "54", "pvap": "   0,43", "e": "N", "st": "Suplente"}, {"seq": "49", "n": "14111", "vap": "41", "pvap": "   0,32", "e": "N", "st": "Suplente"}, {"seq": "35", "n": "14014", "vap": "101", "pvap": "   0,80", "e": "N", "st": "Suplente"}, {"seq": "37", "n": "14666", "vap": "84", "pvap": "   0,66", "e": "N", "st": "Suplente"}, {"seq": "52", "n": "14555", "vap": "38", "pvap": "   0,30", "e": "N", "st": "Suplente"}, {"seq": "57", "n": "14001", "vap": "28", "pvap": "   0,22", "e": "N", "st": "Suplente"}, {"seq": "38", "n": "14333", "vap": "68", "pvap": "   0,54", "e": "N", "st": "Suplente"}, {"seq": "56", "n": "14000", "vap": "28", "pvap": "   0,22", "e": "N", "st": "Suplente"}, {"seq": "47", "n": "14777", "vap": "43", "pvap": "   0,34", "e": "N", "st": "Suplente"}, {"seq": "50", "n": "14121", "vap": "41", "pvap": "   0,32", "e": "N", "st": "Suplente"}, {"seq": "23", "n": "14770", "vap": "188", "pvap": "   1,48", "e": "N", "st": "Suplente"}, {"seq": "31", "n": "14200", "vap": "126", "pvap": "   0,99", "e": "N", "st": "Suplente"}, {"seq": "61", "n": "14722", "vap": "14", "pvap": "   0,11", "e": "N", "st": "Suplente"}, {"seq": "48", "n": "14567", "vap": "41", "pvap": "   0,32", "e": "N", "st": "Suplente"}, {"seq": "46", "n": "14278", "vap": "45", "pvap": "   0,35", "e": "N", "st": "Suplente"}, {"seq": "11", "n": "14123", "vap": "206", "pvap": "   1,62", "e": "S", "st": "Eleito"}, {"seq": "33", "n": "14222", "vap": "114", "pvap": "   0,90", "e": "N", "st": "Suplente"}, {"seq": "55", "n": "65999", "vap": "29", "pvap": "   0,23", "e": "N", "st": "Suplente"}, {"seq": "42", "n": "65111", "vap": "56", "pvap": "   0,44", "e": "N", "st": "Suplente"}, {"seq": "63", "n": "65065", "vap": "7", "pvap": "   0,06", "e": "N", "st": "Suplente"}, {"seq": "53", "n": "65222", "vap": "33", "pvap": "   0,26", "e": "N", "st": "Suplente"}, {"seq": "30", "n": "65234", "vap": "128", "pvap": "   1,01", "e": "N", "st": "Suplente"}, {"seq": "26", "n": "65444", "vap": "165", "pvap": "   1,30", "e": "N", "st": "Suplente"}, {"seq": "39", "n": "65789", "vap": "62", "pvap": "   0,49", "e": "N", "st": "Suplente"}, {"seq": "29", "n": "65000", "vap": "143", "pvap": "   1,13", "e": "N", "st": "Suplente"}, {"seq": "58", "n": "65123", "vap": "22", "pvap": "   0,17", "e": "N", "st": "Suplente"}, {"seq": "10", "n": "65888", "vap": "262", "pvap": "   2,06", "e": "S", "st": "Eleito"}, {"seq": "59", "n": "65313", "vap": "22", "pvap": "   0,17", "e": "N", "st": "Suplente"}, {"seq": "34", "n": "65555", "vap": "114", "pvap": "   0,90", "e": "N", "st": "Suplente"}, {"seq": "36", "n": "65777", "vap": "93", "pvap": "   0,73", "e": "N", "st": "Suplente"}, {"seq": "40", "n": "65987", "vap": "61", "pvap": "   0,48", "e": "N", "st": "Suplente"}, {"seq": "62", "n": "65432", "vap": "9", "pvap": "   0,07", "e": "N", "st": "Suplente"}, {"seq": "54", "n": "12456", "vap": "30", "pvap": "   0,24", "e": "N", "st": "Suplente"}, {"seq": "25", "n": "12111", "vap": "178", "pvap": "   1,40", "e": "N", "st": "Suplente"}, {"seq": "28", "n": "12333", "vap": "144", "pvap": "   1,13", "e": "N", "st": "Suplente"}, {"seq": "60", "n": "12999", "vap": "15", "pvap": "   0,12", "e": "N", "st": "Suplente"}, {"seq": "2", "n": "12123", "vap": "771", "pvap": "   6,07", "e": "S", "st": "Eleito"}, {"seq": "18", "n": "12345", "vap": "310", "pvap": "   2,44", "e": "N", "st": "Suplente"}, {"seq": "13", "n": "12555", "vap": "411", "pvap": "   3,24", "e": "N", "st": "Suplente"}, {"seq": "24", "n": "12444", "vap": "185", "pvap": "   1,46", "e": "N", "st": "Suplente"}, {"seq": "12", "n": "12222", "vap": "433", "pvap": "   3,41", "e": "N", "st": "Suplente"}, {"seq": "6", "n": "12000", "vap": "457", "pvap": "   3,60", "e": "S", "st": "Eleito"}, {"seq": "3", "n": "12888", "vap": "611", "pvap": "   4,81", "e": "S", "st": "Eleito"}, {"seq": "27", "n": "12121", "vap": "149", "pvap": "   1,17", "e": "N", "st": "Suplente"}, {"seq": "8", "n": "12777", "vap": "436", "pvap": "   3,43", "e": "S", "st": "Eleito"}, {"seq": "19", "n": "12580", "vap": "287", "pvap": "   2,26", "e": "N", "st": "Suplente"}, {"seq": "22", "n": "12122", "vap": "193", "pvap": "   1,52", "e": "N", "st": "Suplente"}, {"seq": "7", "n": "12258", "vap": "445", "pvap": "   3,51", "e": "S", "st": "Eleito"}, {"seq": "16", "n": "25222", "vap": "318", "pvap": "   2,51", "e": "N", "st": "Suplente"}, {"seq": "15", "n": "25678", "vap": "323", "pvap": "   2,54", "e": "N", "st": "Suplente"}, {"seq": "20", "n": "25999", "vap": "246", "pvap": "   1,94", "e": "N", "st": "Suplente"}, {"seq": "41", "n": "25111", "vap": "59", "pvap": "   0,46", "e": "N", "st": "Suplente"}, {"seq": "9", "n": "25123", "vap": "428", "pvap": "   3,37", "e": "S", "st": "Eleito"}, {"seq": "21", "n": "25456", "vap": "227", "pvap": "   1,79", "e": "N", "st": "Suplente"}, {"seq": "17", "n": "25888", "vap": "313", "pvap": "   2,47", "e": "N", "st": "Suplente"}, {"seq": "45", "n": "25115", "vap": "49", "pvap": "   0,39", "e": "N", "st": "Suplente"}, {"seq": "14", "n": "25333", "vap": "335", "pvap": "   2,64", "e": "N", "st": "Suplente"}, {"seq": "5", "n": "25555", "vap": "538", "pvap": "   4,24", "e": "S", "st": "Eleito"}, {"seq": "51", "n": "25234", "vap": "38", "pvap": "   0,30", "e": "N", "st": "Suplente"}, {"seq": "32", "n": "25789", "vap": "115", "pvap": "   0,91", "e": "N", "st": "Suplente"}, {"seq": "4", "n": "25000", "vap": "605", "pvap": "   4,77", "e": "S", "st": "Eleito"}, {"seq": "1", "n": "25444", "vap": "921", "pvap": "   7,26", "e": "S", "st": "Eleito"}, {"seq": "44", "n": "25777", "vap": "50", "pvap": "   0,39", "e": "N", "st": "Suplente"}]}]}