{"ele": "426", "carper": "13", "t": "1", "f": "O", "esae": "N", "mnae": " ", "dg": "16/11/2020", "hg": "01:59:44", "dv": "S", "nadf": "mg41882-c0013-e000426-002-f", "abr": [{"dt": "16/11/2020", "ht": "01:10:28", "tf": "S", "and": "F", "tpabr": "MU", "cdabr": "41882", "s": "26", "st": "26", "snt": "0", "si": "26", "sni": "0", "sa": "26", "sna": "0", "pst": " 100,00", "psnt": "   0,00", "psi": " 100,00", "psni": "   0,00", "psa": " 100,00", "psna": "   0,00", "e": "8566", "ea": "8566", "ena": "0", "esi": "8566", "esni": "0", "c": "6803", "a": "1763", "pea": " 100,00", "pena": "   0,00", "pesi": " 100,00", "pesni": "   0,00", "pa": "  20,58", "pc": "  79,42", "vscv": "0", "vnom": "6239", "vl": "362", "tv": "6803", "vvc": "6601", "vb": "58", "tvn": "144", "vn": "144", "vnt": "0", "vp": "0", "vv": "6601", "van": "0", "vansj": "0", "pvnom": "  94,52", "pvl": "   5,48", "pvvc": "  97,03", "pvb": "   0,85", "ptvn": "   2,12", "pvn": " 100,00", "pvnt": "   0,00", "pvp": "   0,00", "pvv": " 100,00", "pvan": "   0,00", "pvansj": "   0,00", "colig": [{"n": "130000099318", "tvtn": "625", "tvan": "625", "vag": "1", "tvtl": "12", "tval": "12"}, {"n": "130000099552", "tvtn": "970", "tvan": "970", "vag": "1", "tvtl": "84", "tval": "84"}, {"n": "130000099109", "tvtn": "1005", "tvan": "1005", "vag": "1", "tvtl": "40", "tval": "40"}, {"n": "130000099150", "tvtn": "1198", "tvan": "1198", "vag": "2", "tvtl": "42", "tval": "42"}, {"n": "130000099609", "tvtn": "1288", "tvan": "1288", "vag": "2", "tvtl": "85", "tval": "85"}, {"n": "130000099562", "tvtn": "599", "tvan": "599", "vag": "1", "tvtl": "83", "tval": "83"}, {"n": "130000099639", "tvtn": "554", "tvan": "554", "vag": "1", "tvtl": "16", "tval": "16"}], "part": [{"n": "19", "tvtn": "625", "tvan": "625", "tvtl": "12", "tval": "12"}, {"n": "70", "tvtn": "970", "tvan": "970", "tvtl": "84", "tval": "84"}, {"n": "11", "tvtn": "1005", "tvan": "1005", "tvtl": "40", "tval": "40"}, {"n": "12", "tvtn": "1198", "tvan": "1198", "tvtl": "42", "tval": "42"}, {"n": "90", "tvtn": "1288", "tvan": "1288", "tvtl": "85", "tval": "85"}, {"n": "55", "tvtn": "599", "tvan": "599", "tvtl": "83", "tval": "83"}, {"n": "77", "tvtn": "554", "tvan": "554", "tvtl": "16", "tval": "16"}], "cand": [{"seq": "7", "n": "19999", "vap": "201", "pvap": "   3,04", "e": "S", "st": "Eleito"}, {"seq": "28", "n": "19111", "vap": "87", "pvap": "   1,32", "e": "N", "st": "Suplente"}, {"seq": "22", "n": "19555", "vap": "119", "pvap": "   1,80", "e": "N", "st": "Suplente"}, {"seq": "50", "n": "19456", "vap": "22", "pvap": "   0,33", "e": "N", "st": "Suplente"}, {"seq": "46", "n": "19789", "vap": "37", "pvap": "   0,56", "e": "N", "st": "Suplente"}, {"seq": "64", "n": "19000", "vap": "6", "pvap": "   0,09", "e": "N", "st": "Suplente"}, {"seq": "62", "n": "19300", "vap": "9", "pvap": "   0,14", "e": "N", "st": "Suplente"}, {"seq": "26", "n": "19123", "vap": "91", "pvap": "   1,38", "e": "N", "st": "Suplente"}, {"seq": "39", "n": "19129", "vap": "49", "pvap": "   0,74", "e": "N", "st": "Suplente"}, {"seq": "68", "n": "19321", "vap": "4", "pvap": "   0,06", "e": "N", "st": "Suplente"}, {"seq": "18", "n": "70234", "vap": "137", "pvap": "   2,08", "e": "N", "st": "Suplente"}, {"seq": "35", "n": "70111", "vap": "57", "pvap": "   0,86", "e": "N", "st": "Suplente"}, {"seq": "4", "n": "70000", "vap": "262", "pvap": "   3,97", "e": "S", "st": "Eleito"}, {"seq": "23", "n": "70456", "vap": "117", "pvap": "   1,77", "e": "N", "st": "Suplente"}, {"seq": "14", "n": "70123", "vap": "146", "pvap": "   2,21", "e": "N", "st": "Suplente"}, {"seq": "27", "n": "70777", "vap": "90", "pvap": "   1,36", "e": "N", "st": "Suplente"}, {"seq": "57", "n": "70321", "vap": "16", "pvap": "   0,24", "e": "N", "st": "Suplente"}, {"seq": "16", "n": "70333", "vap": "145", "pvap": "   2,20", "e": "N", "st": "Suplente"}, {"seq": "19", "n": "11123", "vap": "127", "pvap": "   1,92", "e": "N", "st": "Suplente"}, {"seq": "32", "n": "11222", "vap": "66", "pvap": "   1,00", "e": "N", "st": "Suplente"}, {"seq": "60", "n": "11666", "vap": "10", "pvap": "   0,15", "e": "N", "st": "Suplente"}, {"seq": "59", "n": "11112", "vap": "11", "pvap": "   0,17", "e": "N", "st": "Suplente"}, {"seq": "44", "n": "11000", "vap": "41", "pvap": "   0,62", "e": "N", "st": "Suplente"}, {"seq": "24", "n": "11777", "vap": "109", "pvap": "   1,65", "e": "N", "st": "Suplente"}, {"seq": "3", "n": "11444", "vap": "266", "pvap": "   4,03", "e": "S", "st": "Eleito"}, {"seq": "38", "n": "11333", "vap": "49", "pvap": "   0,74", "e": "N", "st": "Suplente"}, {"seq": "54", "n": "11888", "vap": "21", "pvap": "   0,32", "e": "N", "st": "Suplente"}, {"seq": "66", "n": "11456", "vap": "6", "pvap": "   0,09", "e": "N", "st": "Suplente"}, {"seq": "10", "n": "11111", "vap": "255", "pvap": "   3,86", "e": "N", "st": "Suplente"}, {"seq": "42", "n": "11555", "vap": "44", "pvap": "   0,67", "e": "N", "st": "Suplente"}, {"seq": "15", "n": "12345", "vap": "145", "pvap": "   2,20", "e": "N", "st": "Suplente"}, {"seq": "25", "n": "12369", "vap": "101", "pvap": "   1,53", "e": "N", "st": "Suplente"}, {"seq": "8", "n": "12222", "vap": "197", "pvap": "   2,98", "e": "S", "st": "Eleito"}, {"seq": "11", "n": "12789", "vap": "193", "pvap": "   2,92", "e": "N", "st": "Suplente"}, {"seq": "5", "n": "12000", "vap": "227", "pvap": "   3,44", "e": "S", "st": "Eleito"}, {"seq": "67", "n": "12100", "vap": "5", "pvap": "   0,08", "e": "N", "st": "Suplente"}, {"seq": "17", "n": "12333", "vap": "142", "pvap": "   2,15", "e": "N", "st": "Suplente"}, {"seq": "65", "n": "12678", "vap": "6", "pvap": "   0,09", "e": "N", "st": "Suplente"}, {"seq": "12", "n": "12123", "vap": "182", "pvap": "   2,76", "e": "N", "st": "Suplente"}, {"seq": "43", "n": "90029", "vap": "43", "pvap": "   0,65", "e": "N", "st": "Suplente"}, {"seq": "36", "n": "90222", "vap": "50", "pvap": "   0,76", "e": "N", "st": "Suplente"}, {"seq": "45", "n": "90888", "vap": "41", "pvap": "   0,62", "e": "N", "st": "Suplente"}, {"seq": "13", "n": "90111", "vap": "178", "pvap": "   2,70", "e": "N", "st": "Suplente"}, {"seq": "2", "n": "90555", "vap": "311", "pvap": "   4,71", "e": "S", "st": "Eleito"}, {"seq": "47", "n": "90123", "vap": "37", "pvap": "   0,56", "e": "N", "st": "Suplente"}, {"seq": "49", "n": "90900", "vap": "23", "pvap": "   0,35", "e": "N", "st": "Suplente"}, {"seq": "30", "n": "90456", "vap": "81", "pvap": "   1,23", "e": "N", "st": "Suplente"}, {"seq": "48", "n": "90333", "vap": "29", "pvap": "   0,44", "e": "N", "st": "Suplente"}, {"seq": "1", "n": "90000", "vap": "488", "pvap": "   7,39", "e": "S", "st": "Eleito"}, {"seq": "63", "n": "90999", "vap": "7", "pvap": "   0,11", "e": "N", "st": "Suplente"}, {"seq": "41", "n": "55222", "vap": "47", "pvap": "   0,71", "e": "N", "st": "Suplente"}, {"seq": "20", "n": "55123", "vap": "127", "pvap": "   1,92", "e": "N", "st": "Suplente"}, {"seq": "61", "n": "55126", "vap": "10", "pvap": "   0,15", "e": "N", "st": "Suplente"}, {"seq": "58", "n": "55000", "vap": "13", "pvap": "   0,20", "e": "N", "st": "Suplente"}, {"seq": "29", "n": "55550", "vap": "81", "pvap": "   1,23", "e": "N", "st": "Suplente"}, {"seq": "51", "n": "55655", "vap": "22", "pvap": "   0,33", "e": "N", "st": "Suplente"}, {"seq": "6", "n": "55555", "vap": "208", "pvap": "   3,15", "e": "S", "st": "Eleito"}, {"seq": "52", "n": "55456", "vap": "22", "pvap": "   0,33", "e": "N", "st": "Suplente"}, {"seq": "37", "n": "55444", "vap": "50", "pvap": "   0,76", "e": "N", "st": "Suplente"}, {"seq": "55", "n": "55361", "vap": "19", "pvap": "   0,29", "e": "N", "st": "Suplente"}, {"seq": "33", "n": "77123", "vap": "59", "pvap": "   0,89", "e": "N", "st": "Suplente"}, {"seq": "56", "n": "77000", "vap": "17", "pvap": "   0,26", "e": "N", "st": "Suplente"}, {"seq": "31", "n": "77100", "vap": "68", "pvap": "   1,03", "e": "N", "st": "Suplente"}, {"seq": "53", "n": "77456", "vap": "21", "pvap": "   0,32", "e": "N", "st": "Suplente"}, {"seq": "40", "n": "77777", "vap": "48", "pvap": "   0,73", "e": "N", "st": "Suplente"}, {"seq": "9", "n": "77222", "vap": "157", "pvap": "   2,38", "e": "S", "st": "Eleito"}, {"seq": "34", "n": "77077", "vap": "58", "pvap": "   0,88", "e": "N", "st": "Suplente"}, {"seq": "21", "n": "77111", "vap": "126", "pvap": "   1,91", "e": "N", "st": "Suplente"}]}, {"dt": "16/11/2020", "ht": "01:10:28", "tf": "S", "and": "F", "tpabr": "ZONA", "cdabr": "320", "s": "26", "st": "26", "snt": "0", "si": "26", "sni": "0", "sa": "26", "sna": "0", "pst": " 100,00", "psnt": "   0,00", "psi": " 100,00", "psni": "   0,00", "psa": " 100,00", "psna": "   0,00", "e": "8566", "ea": "8566", "ena": "0", "esi": "8566", "esni": "0", "a": "1763", "c": "6803", "pea": " 100,00", "pena": "   0,00", "pesi": " 100,00", "pesni": "   0,00", "pa": "  20,58", "pc": "  79,42", "vnom": "6239", "vscv": "0", "vl": "362", "tv": "6803", "vvc": "6601", "vb": "58", "tvn": "144", "vn": "144", "vnt": "0", "vp": "0", "vv": "6601", "van": "0", "vansj": "0", "pvnom": "  94,52", "pvl": "   5,48", "pvvc": "  97,03", "pvb": "   0,85", "ptvn": "   2,12", "pvn": " 100,00", "pvnt": "   0,00", "pvp": "   0,00", "pvv": " 100,00", "pvan": "   0,00", "pvansj": "   0,00", "cand": [{"seq": "13", "n": "90111", "vap": "178", "pvap": "   2,70", "e": "N", "st": "Suplente"}, {"seq": "49", "n": "90900", "vap": "23", "pvap": "   0,35", "e": "N", "st": "Suplente"}, {"seq": "30", "n": "90456", "vap": "81", "pvap": "   1,23", "e": "N", "st": "Suplente"}, {"seq": "36", "n": "90222", "vap": "50", "pvap": "   0,76", "e": "N", "st": "Suplente"}, {"seq": "2", "n": "90555", "vap": "311", "pvap": "   4,71", "e": "S", "st": "Eleito"}, {"seq": "63", "n": "90999", "vap": "7", "pvap": "   0,11", "e": "N", "st": "Suplente"}, {"seq": "1", "n": "90000", "vap": "488", "pvap": "   7,39", "e": "S", "st": "Eleito"}, {"seq": "43", "n": "90029", "vap": "43", "pvap": "   0,65", "e": "N", "st": "Suplente"}, {"seq": "47", "n": "90123", "vap": "37", "pvap": "   0,56", "e": "N", "st": "Suplente"}, {"seq": "48", "n": "90333", "vap": "29", "pvap": "   0,44", "e": "N", "st": "Suplente"}, {"seq": "45", "n": "90888", "vap": "41", "pvap": "   0,62", "e": "N", "st": "Suplente"}, {"seq": "65", "n": "12678", "vap": "6", "pvap": "   0,09", "e": "N", "st": "Suplente"}, {"seq": "67", "n": "12100", "vap": "5", "pvap": "   0,08", "e": "N", "st": "Suplente"}, {"seq": "5", "n": "12000", "vap": "227", "pvap": "   3,44", "e": "S", "st": "Eleito"}, {"seq": "8", "n": "12222", "vap": "197", "pvap": "   2,98", "e": "S", "st": "Eleito"}, {"seq": "12", "n": "12123", "vap": "182", "pvap": "   2,76", "e": "N", "st": "Suplente"}, {"seq": "15", "n": "12345", "vap": "145", "pvap": "   2,20", "e": "N", "st": "Suplente"}, {"seq": "25", "n": "12369", "vap": "101", "pvap": "   1,53", "e": "N", "st": "Suplente"}, {"seq": "11", "n": "12789", "vap": "193", "pvap": "   2,92", "e": "N", "st": "Suplente"}, {"seq": "17", "n": "12333", "vap": "142", "pvap": "   2,15", "e": "N", "st": "Suplente"}, {"seq": "20", "n": "55123", "vap": "127", "pvap": "   1,92", "e": "N", "st": "Suplente"}, {"seq": "37", "n": "55444", "vap": "50", "pvap": "   0,76", "e": "N", "st": "Suplente"}, {"seq": "6", "n": "55555", "vap": "208", "pvap": "   3,15", "e": "S", "st": "Eleito"}, {"seq": "41", "n": "55222", "vap": "47", "pvap": "   0,71", "e": "N", "st": "Suplente"}, {"seq": "58", "n": "55000", "vap": "13", "pvap": "   0,20", "e": "N", "st": "Suplente"}, {"seq": "51", "n": "55655", "vap": "22", "pvap": "   0,33", "e": "N", "st": "Suplente"}, {"seq": "52", "n": "55456", "vap": "22", "pvap": "   0,33", "e": "N", "st": "Suplente"}, {"seq": "61", "n": "55126", "vap": "10", "pvap": "   0,15", "e": "N", "st": "Suplente"}, {"seq": "29", "n": "55550", "vap": "81", "pvap": "   1,23", "e": "N", "st": "Suplente"}, {"seq": "55", "n": "55361", "vap": "19", "pvap": "   0,29", "e": "N", "st": "Suplente"}, {"seq": "62", "n": "19300", "vap": "9", "pvap": "   0,14", "e": "N", "st": "Suplente"}, {"seq": "50", "n": "19456", "vap": "22", "pvap": "   0,33", "e": "N", "st": "Suplente"}, {"seq": "7", "n": "19999", "vap": "201", "pvap": "   3,04", "e": "S", "st": "Eleito"}, {"seq": "22", "n": "19555", "vap": "119", "pvap": "   1,80", "e": "N", "st": "Suplente"}, {"seq": "68", "n": "19321", "vap": "4", "pvap": "   0,06", "e": "N", "st": "Suplente"}, {"seq": "64", "n": "19000", "vap": "6", "pvap": "   0,09", "e": "N", "st": "Suplente"}, {"seq": "39", "n": "19129", "vap": "49", "pvap": "   0,74", "e": "N", "st": "Suplente"}, {"seq": "26", "n": "19123", "vap": "91", "pvap": "   1,38", "e": "N", "st": "Suplente"}, {"seq": "46", "n": "19789", "vap": "37", "pvap": "   0,56", "e": "N", "st": "Suplente"}, {"seq": "28", "n": "19111", "vap": "87", "pvap": "   1,32", "e": "N", "st": "Suplente"}, {"seq": "3", "n": "11444", "vap": "266", "pvap": "   4,03", "e": "S", "st": "Eleito"}, {"seq": "59", "n": "11112", "vap": "11", "pvap": "   0,17", "e": "N", "st": "Suplente"}, {"seq": "42", "n": "11555", "vap": "44", "pvap": "   0,67", "e": "N", "st": "Suplente"}, {"seq": "24", "n": "11777", "vap": "109", "pvap": "   1,65", "e": "N", "st": "Suplente"}, {"seq": "44", "n": "11000", "vap": "41", "pvap": "   0,62", "e": "N", "st": "Suplente"}, {"seq": "38", "n": "11333", "vap": "49", "pvap": "   0,74", "e": "N", "st": "Suplente"}, {"seq": "66", "n": "11456", "vap": "6", "pvap": "   0,09", "e": "N", "st": "Suplente"}, {"seq": "19", "n": "11123", "vap": "127", "pvap": "   1,92", "e": "N", "st": "Suplente"}, {"seq": "10", "n": "11111", "vap": "255", "pvap": "   3,86", "e": "N", "st": "Suplente"}, {"seq": "32", "n": "11222", "vap": "66", "pvap": "   1,00", "e": "N", "st": "Suplente"}, {"seq": "60", "n": "11666", "vap": "10", "pvap": "   0,15", "e": "N", "st": "Suplente"}, {"seq": "54", "n": "11888", "vap": "21", "pvap": "   0,32", "e": "N", "st": "Suplente"}, {"seq": "9", "n": "77222", "vap": "157", "pvap": "   2,38", "e": "S", "st": "Eleito"}, {"seq": "40", "n": "77777", "vap": "48", "pvap": "   0,73", "e": "N", "st": "Suplente"}, {"seq": "31", "n": "77100", "vap": "68", "pvap": "   1,03", "e": "N", "st": "Suplente"}, {"seq": "34", "n": "77077", "vap": "58", "pvap": "   0,88", "e": "N", "st": "Suplente"}, {"seq": "56", "n": "77000", "vap": "17", "pvap": "   0,26", "e": "N", "st": "Suplente"}, {"seq": "21", "n": "77111", "vap": "126", "pvap": "   1,91", "e": "N", "st": "Suplente"}, {"seq": "53", "n": "77456", "vap": "21", "pvap": "   0,32", "e": "N", "st": "Suplente"}, {"seq": "33", "n": "77123", "vap": "59", "pvap": "   0,89", "e": "N", "st": "Suplente"}, {"seq": "27", "n": "70777", "vap": "90", "pvap": "   1,36", "e": "N", "st": "Suplente"}, {"seq": "57", "n": "70321", "vap": "16", "pvap": "   0,24", "e": "N", "st": "Suplente"}, {"seq": "23", "n": "70456", "vap": "117", "pvap": "   1,77", "e": "N", "st": "Suplente"}, {"seq": "35", "n": "70111", "vap": "57", "pvap": "   0,86", "e": "N", "st": "Suplente"}, {"seq": "14", "n": "70123", "vap": "146", "pvap": "   2,21", "e": "N", "st": "Suplente"}, {"seq": "4", "n": "70000", "vap": "262", "pvap": "   3,97", "e": "S", "st": "Eleito"}, {"seq": "16", "n": "70333", "vap": "145", "pvap": "   2,20", "e": "N", "st": "Suplente"}, {"seq": "18", "n": "70234", "vap": "137", "pvap": "   2,08", "e": "N", "st": "Suplente"}]}]}