{"ele": "426", "carper": "13", "t": "1", "f": "O", "esae": "N", "mnae": " ", "dg": "16/11/2020", "hg": "00:37:21", "dv": "S", "nadf": "mg40100-c0013-e000426-002-f", "abr": [{"dt": "16/11/2020", "ht": "00:03:35", "tf": "S", "and": "F", "tpabr": "MU", "cdabr": "40100", "s": "23", "st": "23", "snt": "0", "si": "23", "sni": "0", "sa": "23", "sna": "0", "pst": " 100,00", "psnt": "   0,00", "psi": " 100,00", "psni": "   0,00", "psa": " 100,00", "psna": "   0,00", "e": "7870", "ea": "7870", "ena": "0", "esi": "7870", "esni": "0", "c": "6222", "a": "1648", "pea": " 100,00", "pena": "   0,00", "pesi": " 100,00", "pesni": "   0,00", "pa": "  20,94", "pc": "  79,06", "vscv": "0", "vnom": "5548", "vl": "404", "tv": "6222", "vvc": "5952", "vb": "57", "tvn": "213", "vn": "213", "vnt": "0", "vp": "0", "vv": "5952", "van": "0", "vansj": "0", "pvnom": "  93,21", "pvl": "   6,79", "pvvc": "  95,66", "pvb": "   0,92", "ptvn": "   3,42", "pvn": " 100,00", "pvnt": "   0,00", "pvp": "   0,00", "pvv": " 100,00", "pvan": "   0,00", "pvansj": "   0,00", "colig": [{"n": "130000144516", "tvtn": "914", "tvan": "914", "vag": "2", "tvtl": "12", "tval": "12"}, {"n": "130000074503", "tvtn": "721", "tvan": "721", "vag": "1", "tvtl": "109", "tval": "109"}, {"n": "130000126728", "tvtn": "445", "tvan": "445", "vag": "0", "tvtl": "6", "tval": "6"}, {"n": "130000074626", "tvtn": "567", "tvan": "567", "vag": "1", "tvtl": "10", "tval": "10"}, {"n": "130000144175", "tvtn": "667", "tvan": "667", "vag": "1", "tvtl": "120", "tval": "120"}, {"n": "130000074510", "tvtn": "964", "tvan": "964", "vag": "2", "tvtl": "36", "tval": "36"}, {"n": "130000074746", "tvtn": "641", "tvan": "641", "vag": "1", "tvtl": "21", "tval": "21"}, {"n": "130000126756", "tvtn": "441", "tvan": "441", "vag": "1", "tvtl": "61", "tval": "61"}, {"n": "130000135539", "tvtn": "188", "tvan": "188", "vag": "0", "tvtl": "29", "tval": "29"}], "part": [{"n": "70", "tvtn": "914", "tvan": "914", "tvtl": "12", "tval": "12"}, {"n": "25", "tvtn": "721", "tvan": "721", "tvtl": "109", "tval": "109"}, {"n": "65", "tvtn": "445", "tvan": "445", "tvtl": "6", "tval": "6"}, {"n": "28", "tvtn": "567", "tvan": "567", "tvtl": "10", "tval": "10"}, {"n": "12", "tvtn": "667", "tvan": "667", "tvtl": "120", "tval": "120"}, {"n": "22", "tvtn": "964", "tvan": "964", "tvtl": "36", "tval": "36"}, {"n": "40", "tvtn": "641", "tvan": "641", "tvtl": "21", "tval": "21"}, {"n": "36", "tvtn": "441", "tvan": "441", "tvtl": "61", "tval": "61"}, {"n": "77", "tvtn": "188", "tvan": "188", "tvtl": "29", "tval": "29"}], "cand": [{"seq": "22", "n": "70666", "vap": "79", "pvap": "   1,33", "e": "N", "st": "Suplente"}, {"seq": "66", "n": "70111", "vap": "8", "pvap": "   0,13", "e": "N", "st": "Suplente"}, {"seq": "30", "n": "70777", "vap": "67", "pvap": "   1,13", "e": "N", "st": "Suplente"}, {"seq": "46", "n": "70888", "vap": "32", "pvap": "   0,54", "e": "N", "st": "Suplente"}, {"seq": "71", "n": "70444", "vap": "6", "pvap": "   0,10", "e": "N", "st": "Suplente"}, {"seq": "53", "n": "70233", "vap": "23", "pvap": "   0,39", "e": "N", "st": "Suplente"}, {"seq": "13", "n": "70999", "vap": "150", "pvap": "   2,52", "e": "N", "st": "Suplente"}, {"seq": "54", "n": "70369", "vap": "22", "pvap": "   0,37", "e": "N", "st": "Suplente"}, {"seq": "4", "n": "70000", "vap": "176", "pvap": "   2,96", "e": "S", "st": "Eleito"}, {"seq": "27", "n": "70555", "vap": "73", "pvap": "   1,23", "e": "N", "st": "Suplente"}, {"seq": "7", "n": "70789", "vap": "152", "pvap": "   2,55", "e": "S", "st": "Eleito"}, {"seq": "14", "n": "70123", "vap": "117", "pvap": "   1,97", "e": "N", "st": "Suplente"}, {"seq": "62", "n": "70001", "vap": "9", "pvap": "   0,15", "e": "N", "st": "Suplente"}, {"seq": "55", "n": "25222", "vap": "19", "pvap": "   0,32", "e": "N", "st": "Suplente"}, {"seq": "39", "n": "25888", "vap": "42", "pvap": "   0,71", "e": "N", "st": "Suplente"}, {"seq": "76", "n": "25221", "vap": "4", "pvap": "   0,07", "e": "N", "st": "Suplente"}, {"seq": "75", "n": "25456", "vap": "4", "pvap": "   0,07", "e": "N", "st": "Suplente"}, {"seq": "12", "n": "25000", "vap": "157", "pvap": "   2,64", "e": "N", "st": "Suplente"}, {"seq": "60", "n": "25333", "vap": "12", "pvap": "   0,20", "e": "N", "st": "Suplente"}, {"seq": "64", "n": "25666", "vap": "9", "pvap": "   0,15", "e": "N", "st": "Suplente"}, {"seq": "1", "n": "25555", "vap": "247", "pvap": "   4,15", "e": "S", "st": "Eleito"}, {"seq": "33", "n": "25111", "vap": "63", "pvap": "   1,06", "e": "N", "st": "Suplente"}, {"seq": "11", "n": "25123", "vap": "164", "pvap": "   2,76", "e": "N", "st": "Suplente"}, {"seq": "83", "n": "65123", "vap": "33", "pvap": "   0,55", "e": "N", "st": "N\u00e3o eleito"}, {"seq": "95", "n": "65777", "vap": "3", "pvap": "   0,05", "e": "N", "st": "N\u00e3o eleito"}, {"seq": "92", "n": "65222", "vap": "7", "pvap": "   0,12", "e": "N", "st": "N\u00e3o eleito"}, {"seq": "88", "n": "65000", "vap": "12", "pvap": "   0,20", "e": "N", "st": "N\u00e3o eleito"}, {"seq": "81", "n": "65444", "vap": "67", "pvap": "   1,13", "e": "N", "st": "N\u00e3o eleito"}, {"seq": "90", "n": "65789", "vap": "9", "pvap": "   0,15", "e": "N", "st": "N\u00e3o eleito"}, {"seq": "84", "n": "65456", "vap": "21", "pvap": "   0,35", "e": "N", "st": "N\u00e3o eleito"}, {"seq": "86", "n": "65111", "vap": "15", "pvap": "   0,25", "e": "N", "st": "N\u00e3o eleito"}, {"seq": "79", "n": "65555", "vap": "273", "pvap": "   4,59", "e": "N", "st": "N\u00e3o eleito"}, {"seq": "93", "n": "65666", "vap": "5", "pvap": "   0,08", "e": "N", "st": "N\u00e3o eleito"}, {"seq": "73", "n": "28234", "vap": "5", "pvap": "   0,08", "e": "N", "st": "Suplente"}, {"seq": "63", "n": "28765", "vap": "9", "pvap": "   0,15", "e": "N", "st": "Suplente"}, {"seq": "26", "n": "28900", "vap": "74", "pvap": "   1,24", "e": "N", "st": "Suplente"}, {"seq": "40", "n": "28999", "vap": "41", "pvap": "   0,69", "e": "N", "st": "Suplente"}, {"seq": "48", "n": "28777", "vap": "31", "pvap": "   0,52", "e": "N", "st": "Suplente"}, {"seq": "72", "n": "28222", "vap": "5", "pvap": "   0,08", "e": "N", "st": "Suplente"}, {"seq": "19", "n": "28789", "vap": "102", "pvap": "   1,71", "e": "N", "st": "Suplente"}, {"seq": "50", "n": "28123", "vap": "28", "pvap": "   0,47", "e": "N", "st": "Suplente"}, {"seq": "38", "n": "28000", "vap": "43", "pvap": "   0,72", "e": "N", "st": "Suplente"}, {"seq": "34", "n": "28111", "vap": "61", "pvap": "   1,02", "e": "N", "st": "Suplente"}, {"seq": "6", "n": "28888", "vap": "153", "pvap": "   2,57", "e": "S", "st": "Eleito"}, {"seq": "57", "n": "28321", "vap": "15", "pvap": "   0,25", "e": "N", "st": "Suplente"}, {"seq": "74", "n": "12456", "vap": "4", "pvap": "   0,07", "e": "N", "st": "Suplente"}, {"seq": "36", "n": "12999", "vap": "51", "pvap": "   0,86", "e": "N", "st": "Suplente"}, {"seq": "58", "n": "12111", "vap": "13", "pvap": "   0,22", "e": "N", "st": "Suplente"}, {"seq": "45", "n": "12333", "vap": "35", "pvap": "   0,59", "e": "N", "st": "Suplente"}, {"seq": "65", "n": "12444", "vap": "9", "pvap": "   0,15", "e": "N", "st": "Suplente"}, {"seq": "5", "n": "12345", "vap": "159", "pvap": "   2,67", "e": "S", "st": "Eleito"}, {"seq": "24", "n": "12580", "vap": "75", "pvap": "   1,26", "e": "N", "st": "Suplente"}, {"seq": "18", "n": "12000", "vap": "108", "pvap": "   1,81", "e": "N", "st": "Suplente"}, {"seq": "47", "n": "12123", "vap": "32", "pvap": "   0,54", "e": "N", "st": "Suplente"}, {"seq": "21", "n": "12369", "vap": "83", "pvap": "   1,39", "e": "N", "st": "Suplente"}, {"seq": "20", "n": "12222", "vap": "96", "pvap": "   1,61", "e": "N", "st": "Suplente"}, {"seq": "78", "n": "12777", "vap": "2", "pvap": "   0,03", "e": "N", "st": "Suplente"}, {"seq": "16", "n": "22000", "vap": "113", "pvap": "   1,90", "e": "N", "st": "Suplente"}, {"seq": "43", "n": "22333", "vap": "37", "pvap": "   0,62", "e": "N", "st": "Suplente"}, {"seq": "37", "n": "22111", "vap": "48", "pvap": "   0,81", "e": "N", "st": "Suplente"}, {"seq": "3", "n": "22345", "vap": "183", "pvap": "   3,07", "e": "S", "st": "Eleito"}, {"seq": "31", "n": "22444", "vap": "65", "pvap": "   1,09", "e": "N", "st": "Suplente"}, {"seq": "2", "n": "22222", "vap": "236", "pvap": "   3,97", "e": "S", "st": "Eleito"}, {"seq": "67", "n": "22555", "vap": "8", "pvap": "   0,13", "e": "N", "st": "Suplente"}, {"seq": "23", "n": "22123", "vap": "78", "pvap": "   1,31", "e": "N", "st": "Suplente"}, {"seq": "77", "n": "22443", "vap": "3", "pvap": "   0,05", "e": "N", "st": "Suplente"}, {"seq": "10", "n": "22456", "vap": "167", "pvap": "   2,81", "e": "N", "st": "Suplente"}, {"seq": "52", "n": "22445", "vap": "26", "pvap": "   0,44", "e": "N", "st": "Suplente"}, {"seq": "69", "n": "40999", "vap": "7", "pvap": "   0,12", "e": "N", "st": "Suplente"}, {"seq": "28", "n": "40123", "vap": "71", "pvap": "   1,19", "e": "N", "st": "Suplente"}, {"seq": "68", "n": "40666", "vap": "7", "pvap": "   0,12", "e": "N", "st": "Suplente"}, {"seq": "9", "n": "40555", "vap": "138", "pvap": "   2,32", "e": "S", "st": "Eleito"}, {"seq": "17", "n": "40000", "vap": "112", "pvap": "   1,88", "e": "N", "st": "Suplente"}, {"seq": "44", "n": "40111", "vap": "36", "pvap": "   0,60", "e": "N", "st": "Suplente"}, {"seq": "41", "n": "40242", "vap": "40", "pvap": "   0,67", "e": "N", "st": "Suplente"}, {"seq": "25", "n": "40777", "vap": "75", "pvap": "   1,26", "e": "N", "st": "Suplente"}, {"seq": "42", "n": "40444", "vap": "40", "pvap": "   0,67", "e": "N", "st": "Suplente"}, {"seq": "15", "n": "40888", "vap": "115", "pvap": "   1,93", "e": "N", "st": "Suplente"}, {"seq": "56", "n": "36000", "vap": "17", "pvap": "   0,29", "e": "N", "st": "Suplente"}, {"seq": "32", "n": "36789", "vap": "63", "pvap": "   1,06", "e": "N", "st": "Suplente"}, {"seq": "70", "n": "36333", "vap": "6", "pvap": "   0,10", "e": "N", "st": "Suplente"}, {"seq": "61", "n": "36777", "vap": "11", "pvap": "   0,18", "e": "N", "st": "Suplente"}, {"seq": "8", "n": "36666", "vap": "151", "pvap": "   2,54", "e": "S", "st": "Eleito"}, {"seq": "51", "n": "36555", "vap": "27", "pvap": "   0,45", "e": "N", "st": "Suplente"}, {"seq": "59", "n": "36456", "vap": "12", "pvap": "   0,20", "e": "N", "st": "Suplente"}, {"seq": "49", "n": "36123", "vap": "28", "pvap": "   0,47", "e": "N", "st": "Suplente"}, {"seq": "29", "n": "36999", "vap": "68", "pvap": "   1,14", "e": "N", "st": "Suplente"}, {"seq": "35", "n": "36444", "vap": "58", "pvap": "   0,97", "e": "N", "st": "Suplente"}, {"seq": "96", "n": "77166", "vap": "2", "pvap": "   0,03", "e": "N", "st": "N\u00e3o eleito"}, {"seq": "80", "n": "77170", "vap": "81", "pvap": "   1,36", "e": "N", "st": "N\u00e3o eleito"}, {"seq": "94", "n": "77555", "vap": "4", "pvap": "   0,07", "e": "N", "st": "N\u00e3o eleito"}, {"seq": "91", "n": "77888", "vap": "8", "pvap": "   0,13", "e": "N", "st": "N\u00e3o eleito"}, {"seq": "85", "n": "77890", "vap": "16", "pvap": "   0,27", "e": "N", "st": "N\u00e3o eleito"}, {"seq": "89", "n": "77444", "vap": "11", "pvap": "   0,18", "e": "N", "st": "N\u00e3o eleito"}, {"seq": "82", "n": "77777", "vap": "52", "pvap": "   0,87", "e": "N", "st": "N\u00e3o eleito"}, {"seq": "87", "n": "77123", "vap": "14", "pvap": "   0,24", "e": "N", "st": "N\u00e3o eleito"}]}, {"dt": "16/11/2020", "ht": "00:03:35", "tf": "S", "and": "F", "tpabr": "ZONA", "cdabr": "196", "s": "23", "st": "23", "snt": "0", "si": "23", "sni": "0", "sa": "23", "sna": "0", "pst": " 100,00", "psnt": "   0,00", "psi": " 100,00", "psni": "   0,00", "psa": " 100,00", "psna": "   0,00", "e": "7870", "ea": "7870", "ena": "0", "esi": "7870", "esni": "0", "a": "1648", "c": "6222", "pea": " 100,00", "pena": "   0,00", "pesi": " 100,00", "pesni": "   0,00", "pa": "  20,94", "pc": "  79,06", "vnom": "5548", "vscv": "0", "vl": "404", "tv": "6222", "vvc": "5952", "vb": "57", "tvn": "213", "vn": "213", "vnt": "0", "vp": "0", "vv": "5952", "van": "0", "vansj": "0", "pvnom": "  93,21", "pvl": "   6,79", "pvvc": "  95,66", "pvb": "   0,92", "ptvn": "   3,42", "pvn": " 100,00", "pvnt": "   0,00", "pvp": "   0,00", "pvv": " 100,00", "pvan": "   0,00", "pvansj": "   0,00", "cand": [{"seq": "57", "n": "28321", "vap": "15", "pvap": "   0,25", "e": "N", "st": "Suplente"}, {"seq": "63", "n": "28765", "vap": "9", "pvap": "   0,15", "e": "N", "st": "Suplente"}, {"seq": "40", "n": "28999", "vap": "41", "pvap": "   0,69", "e": "N", "st": "Suplente"}, {"seq": "38", "n": "28000", "vap": "43", "pvap": "   0,72", "e": "N", "st": "Suplente"}, {"seq": "6", "n": "28888", "vap": "153", "pvap": "   2,57", "e": "S", "st": "Eleito"}, {"seq": "50", "n": "28123", "vap": "28", "pvap": "   0,47", "e": "N", "st": "Suplente"}, {"seq": "73", "n": "28234", "vap": "5", "pvap": "   0,08", "e": "N", "st": "Suplente"}, {"seq": "48", "n": "28777", "vap": "31", "pvap": "   0,52", "e": "N", "st": "Suplente"}, {"seq": "34", "n": "28111", "vap": "61", "pvap": "   1,02", "e": "N", "st": "Suplente"}, {"seq": "72", "n": "28222", "vap": "5", "pvap": "   0,08", "e": "N", "st": "Suplente"}, {"seq": "19", "n": "28789", "vap": "102", "pvap": "   1,71", "e": "N", "st": "Suplente"}, {"seq": "26", "n": "28900", "vap": "74", "pvap": "   1,24", "e": "N", "st": "Suplente"}, {"seq": "28", "n": "40123", "vap": "71", "pvap": "   1,19", "e": "N", "st": "Suplente"}, {"seq": "15", "n": "40888", "vap": "115", "pvap": "   1,93", "e": "N", "st": "Suplente"}, {"seq": "44", "n": "40111", "vap": "36", "pvap": "   0,60", "e": "N", "st": "Suplente"}, {"seq": "9", "n": "40555", "vap": "138", "pvap": "   2,32", "e": "S", "st": "Eleito"}, {"seq": "25", "n": "40777", "vap": "75", "pvap": "   1,26", "e": "N", "st": "Suplente"}, {"seq": "68", "n": "40666", "vap": "7", "pvap": "   0,12", "e": "N", "st": "Suplente"}, {"seq": "42", "n": "40444", "vap": "40", "pvap": "   0,67", "e": "N", "st": "Suplente"}, {"seq": "17", "n": "40000", "vap": "112", "pvap": "   1,88", "e": "N", "st": "Suplente"}, {"seq": "69", "n": "40999", "vap": "7", "pvap": "   0,12", "e": "N", "st": "Suplente"}, {"seq": "41", "n": "40242", "vap": "40", "pvap": "   0,67", "e": "N", "st": "Suplente"}, {"seq": "45", "n": "12333", "vap": "35", "pvap": "   0,59", "e": "N", "st": "Suplente"}, {"seq": "24", "n": "12580", "vap": "75", "pvap": "   1,26", "e": "N", "st": "Suplente"}, {"seq": "18", "n": "12000", "vap": "108", "pvap": "   1,81", "e": "N", "st": "Suplente"}, {"seq": "5", "n": "12345", "vap": "159", "pvap": "   2,67", "e": "S", "st": "Eleito"}, {"seq": "36", "n": "12999", "vap": "51", "pvap": "   0,86", "e": "N", "st": "Suplente"}, {"seq": "47", "n": "12123", "vap": "32", "pvap": "   0,54", "e": "N", "st": "Suplente"}, {"seq": "21", "n": "12369", "vap": "83", "pvap": "   1,39", "e": "N", "st": "Suplente"}, {"seq": "74", "n": "12456", "vap": "4", "pvap": "   0,07", "e": "N", "st": "Suplente"}, {"seq": "78", "n": "12777", "vap": "2", "pvap": "   0,03", "e": "N", "st": "Suplente"}, {"seq": "58", "n": "12111", "vap": "13", "pvap": "   0,22", "e": "N", "st": "Suplente"}, {"seq": "65", "n": "12444", "vap": "9", "pvap": "   0,15", "e": "N", "st": "Suplente"}, {"seq": "20", "n": "12222", "vap": "96", "pvap": "   1,61", "e": "N", "st": "Suplente"}, {"seq": "70", "n": "36333", "vap": "6", "pvap": "   0,10", "e": "N", "st": "Suplente"}, {"seq": "8", "n": "36666", "vap": "151", "pvap": "   2,54", "e": "S", "st": "Eleito"}, {"seq": "29", "n": "36999", "vap": "68", "pvap": "   1,14", "e": "N", "st": "Suplente"}, {"seq": "35", "n": "36444", "vap": "58", "pvap": "   0,97", "e": "N", "st": "Suplente"}, {"seq": "56", "n": "36000", "vap": "17", "pvap": "   0,29", "e": "N", "st": "Suplente"}, {"seq": "59", "n": "36456", "vap": "12", "pvap": "   0,20", "e": "N", "st": "Suplente"}, {"seq": "49", "n": "36123", "vap": "28", "pvap": "   0,47", "e": "N", "st": "Suplente"}, {"seq": "51", "n": "36555", "vap": "27", "pvap": "   0,45", "e": "N", "st": "Suplente"}, {"seq": "61", "n": "36777", "vap": "11", "pvap": "   0,18", "e": "N", "st": "Suplente"}, {"seq": "32", "n": "36789", "vap": "63", "pvap": "   1,06", "e": "N", "st": "Suplente"}, {"seq": "92", "n": "65222", "vap": "7", "pvap": "   0,12", "e": "N", "st": "N\u00e3o eleito"}, {"seq": "79", "n": "65555", "vap": "273", "pvap": "   4,59", "e": "N", "st": "N\u00e3o eleito"}, {"seq": "88", "n": "65000", "vap": "12", "pvap": "   0,20", "e": "N", "st": "N\u00e3o eleito"}, {"seq": "95", "n": "65777", "vap": "3", "pvap": "   0,05", "e": "N", "st": "N\u00e3o eleito"}, {"seq": "86", "n": "65111", "vap": "15", "pvap": "   0,25", "e": "N", "st": "N\u00e3o eleito"}, {"seq": "83", "n": "65123", "vap": "33", "pvap": "   0,55", "e": "N", "st": "N\u00e3o eleito"}, {"seq": "93", "n": "65666", "vap": "5", "pvap": "   0,08", "e": "N", "st": "N\u00e3o eleito"}, {"seq": "81", "n": "65444", "vap": "67", "pvap": "   1,13", "e": "N", "st": "N\u00e3o eleito"}, {"seq": "84", "n": "65456", "vap": "21", "pvap": "   0,35", "e": "N", "st": "N\u00e3o eleito"}, {"seq": "90", "n": "65789", "vap": "9", "pvap": "   0,15", "e": "N", "st": "N\u00e3o eleito"}, {"seq": "96", "n": "77166", "vap": "2", "pvap": "   0,03", "e": "N", "st": "N\u00e3o eleito"}, {"seq": "89", "n": "77444", "vap": "11", "pvap": "   0,18", "e": "N", "st": "N\u00e3o eleito"}, {"seq": "91", "n": "77888", "vap": "8", "pvap": "   0,13", "e": "N", "st": "N\u00e3o eleito"}, {"seq": "87", "n": "77123", "vap": "14", "pvap": "   0,24", "e": "N", "st": "N\u00e3o eleito"}, {"seq": "82", "n": "77777", "vap": "52", "pvap": "   0,87", "e": "N", "st": "N\u00e3o eleito"}, {"seq": "94", "n": "77555", "vap": "4", "pvap": "   0,07", "e": "N", "st": "N\u00e3o eleito"}, {"seq": "80", "n": "77170", "vap": "81", "pvap": "   1,36", "e": "N", "st": "N\u00e3o eleito"}, {"seq": "85", "n": "77890", "vap": "16", "pvap": "   0,27", "e": "N", "st": "N\u00e3o eleito"}, {"seq": "23", "n": "22123", "vap": "78", "pvap": "   1,31", "e": "N", "st": "Suplente"}, {"seq": "2", "n": "22222", "vap": "236", "pvap": "   3,97", "e": "S", "st": "Eleito"}, {"seq": "43", "n": "22333", "vap": "37", "pvap": "   0,62", "e": "N", "st": "Suplente"}, {"seq": "37", "n": "22111", "vap": "48", "pvap": "   0,81", "e": "N", "st": "Suplente"}, {"seq": "3", "n": "22345", "vap": "183", "pvap": "   3,07", "e": "S", "st": "Eleito"}, {"seq": "31", "n": "22444", "vap": "65", "pvap": "   1,09", "e": "N", "st": "Suplente"}, {"seq": "77", "n": "22443", "vap": "3", "pvap": "   0,05", "e": "N", "st": "Suplente"}, {"seq": "10", "n": "22456", "vap": "167", "pvap": "   2,81", "e": "N", "st": "Suplente"}, {"seq": "67", "n": "22555", "vap": "8", "pvap": "   0,13", "e": "N", "st": "Suplente"}, {"seq": "16", "n": "22000", "vap": "113", "pvap": "   1,90", "e": "N", "st": "Suplente"}, {"seq": "52", "n": "22445", "vap": "26", "pvap": "   0,44", "e": "N", "st": "Suplente"}, {"seq": "33", "n": "25111", "vap": "63", "pvap": "   1,06", "e": "N", "st": "Suplente"}, {"seq": "64", "n": "25666", "vap": "9", "pvap": "   0,15", "e": "N", "st": "Suplente"}, {"seq": "75", "n": "25456", "vap": "4", "pvap": "   0,07", "e": "N", "st": "Suplente"}, {"seq": "60", "n": "25333", "vap": "12", "pvap": "   0,20", "e": "N", "st": "Suplente"}, {"seq": "55", "n": "25222", "vap": "19", "pvap": "   0,32", "e": "N", "st": "Suplente"}, {"seq": "1", "n": "25555", "vap": "247", "pvap": "   4,15", "e": "S", "st": "Eleito"}, {"seq": "12", "n": "25000", "vap": "157", "pvap": "   2,64", "e": "N", "st": "Suplente"}, {"seq": "11", "n": "25123", "vap": "164", "pvap": "   2,76", "e": "N", "st": "Suplente"}, {"seq": "76", "n": "25221", "vap": "4", "pvap": "   0,07", "e": "N", "st": "Suplente"}, {"seq": "39", "n": "25888", "vap": "42", "pvap": "   0,71", "e": "N", "st": "Suplente"}, {"seq": "27", "n": "70555", "vap": "73", "pvap": "   1,23", "e": "N", "st": "Suplente"}, {"seq": "46", "n": "70888", "vap": "32", "pvap": "   0,54", "e": "N", "st": "Suplente"}, {"seq": "54", "n": "70369", "vap": "22", "pvap": "   0,37", "e": "N", "st": "Suplente"}, {"seq": "53", "n": "70233", "vap": "23", "pvap": "   0,39", "e": "N", "st": "Suplente"}, {"seq": "30", "n": "70777", "vap": "67", "pvap": "   1,13", "e": "N", "st": "Suplente"}, {"seq": "62", "n": "70001", "vap": "9", "pvap": "   0,15", "e": "N", "st": "Suplente"}, {"seq": "22", "n": "70666", "vap": "79", "pvap": "   1,33", "e": "N", "st": "Suplente"}, {"seq": "7", "n": "70789", "vap": "152", "pvap": "   2,55", "e": "S", "st": "Eleito"}, {"seq": "66", "n": "70111", "vap": "8", "pvap": "   0,13", "e": "N", "st": "Suplente"}, {"seq": "14", "n": "70123", "vap": "117", "pvap": "   1,97", "e": "N", "st": "Suplente"}, {"seq": "71", "n": "70444", "vap": "6", "pvap": "   0,10", "e": "N", "st": "Suplente"}, {"seq": "13", "n": "70999", "vap": "150", "pvap": "   2,52", "e": "N", "st": "Suplente"}, {"seq": "4", "n": "70000", "vap": "176", "pvap": "   2,96", "e": "S", "st": "Eleito"}]}]}