{"ele": "426", "carper": "13", "t": "1", "f": "O", "esae": "N", "mnae": " ", "dg": "16/11/2020", "hg": "01:59:50", "dv": "S", "nadf": "mg45233-c0013-e000426-003-f", "abr": [{"dt": "16/11/2020", "ht": "00:41:42", "tf": "S", "and": "F", "tpabr": "MU", "cdabr": "45233", "s": "17", "st": "17", "snt": "0", "si": "17", "sni": "0", "sa": "17", "sna": "0", "pst": " 100,00", "psnt": "   0,00", "psi": " 100,00", "psni": "   0,00", "psa": " 100,00", "psna": "   0,00", "e": "5729", "ea": "5729", "ena": "0", "esi": "5729", "esni": "0", "c": "4808", "a": "921", "pea": " 100,00", "pena": "   0,00", "pesi": " 100,00", "pesni": "   0,00", "pa": "  16,08", "pc": "  83,92", "vscv": "0", "vnom": "4421", "vl": "242", "tv": "4808", "vvc": "4663", "vb": "31", "tvn": "114", "vn": "113", "vnt": "1", "vp": "0", "vv": "4663", "van": "0", "vansj": "0", "pvnom": "  94,81", "pvl": "   5,19", "pvvc": "  96,98", "pvb": "   0,65", "ptvn": "   2,37", "pvn": "  99,12", "pvnt": "   0,88", "pvp": "   0,00", "pvv": " 100,00", "pvan": "   0,00", "pvansj": "   0,00", "colig": [{"n": "130000118216", "tvtn": "360", "tvan": "361", "vag": "1", "tvtl": "7", "tval": "7"}, {"n": "130000148532", "tvtn": "810", "tvan": "810", "vag": "2", "tvtl": "78", "tval": "78"}, {"n": "130000118257", "tvtn": "574", "tvan": "574", "vag": "1", "tvtl": "8", "tval": "8"}, {"n": "130000148824", "tvtn": "1008", "tvan": "1008", "vag": "2", "tvtl": "26", "tval": "26"}, {"n": "130000118176", "tvtn": "289", "tvan": "289", "vag": "0", "tvtl": "10", "tval": "10"}, {"n": "130000148679", "tvtn": "884", "tvan": "884", "vag": "2", "tvtl": "103", "tval": "103"}, {"n": "130000149051", "tvtn": "496", "tvan": "496", "vag": "1", "tvtl": "10", "tval": "10"}], "part": [{"n": "51", "tvtn": "360", "tvan": "360", "tvtl": "7", "tval": "7"}, {"n": "23", "tvtn": "810", "tvan": "810", "tvtl": "78", "tval": "78"}, {"n": "70", "tvtn": "574", "tvan": "574", "tvtl": "8", "tval": "8"}, {"n": "25", "tvtn": "1008", "tvan": "1008", "tvtl": "26", "tval": "26"}, {"n": "15", "tvtn": "289", "tvan": "289", "tvtl": "10", "tval": "10"}, {"n": "22", "tvtn": "884", "tvan": "884", "tvtl": "103", "tval": "103"}, {"n": "55", "tvtn": "496", "tvan": "496", "tvtl": "10", "tval": "10"}], "cand": [{"seq": "8", "n": "51555", "vap": "153", "pvap": "   3,28", "e": "S", "st": "Eleito"}, {"seq": "55", "n": "51190", "vap": "4", "pvap": "   0,09", "e": "N", "st": "Suplente"}, {"seq": "26", "n": "51333", "vap": "54", "pvap": "   1,16", "e": "N", "st": "Suplente"}, {"seq": "47", "n": "51222", "vap": "9", "pvap": "   0,19", "e": "N", "st": "Suplente"}, {"seq": "18", "n": "51111", "vap": "100", "pvap": "   2,14", "e": "N", "st": "Suplente"}, {"seq": "44", "n": "51100", "vap": "14", "pvap": "   0,30", "e": "N", "st": "Suplente"}, {"seq": "37", "n": "51456", "vap": "26", "pvap": "   0,56", "e": "N", "st": "Suplente"}, {"seq": "14", "n": "23333", "vap": "143", "pvap": "   3,07", "e": "N", "st": "Suplente"}, {"seq": "15", "n": "23222", "vap": "139", "pvap": "   2,98", "e": "N", "st": "Suplente"}, {"seq": "27", "n": "23000", "vap": "54", "pvap": "   1,16", "e": "N", "st": "Suplente"}, {"seq": "7", "n": "23123", "vap": "172", "pvap": "   3,69", "e": "S", "st": "Eleito"}, {"seq": "31", "n": "23111", "vap": "40", "pvap": "   0,86", "e": "N", "st": "Suplente"}, {"seq": "42", "n": "23100", "vap": "16", "pvap": "   0,34", "e": "N", "st": "Suplente"}, {"seq": "6", "n": "23567", "vap": "174", "pvap": "   3,73", "e": "S", "st": "Eleito"}, {"seq": "21", "n": "23555", "vap": "72", "pvap": "   1,54", "e": "N", "st": "Suplente"}, {"seq": "52", "n": "70555", "vap": "5", "pvap": "   0,11", "e": "N", "st": "Suplente"}, {"seq": "22", "n": "70777", "vap": "67", "pvap": "   1,44", "e": "N", "st": "Suplente"}, {"seq": "51", "n": "70333", "vap": "6", "pvap": "   0,13", "e": "N", "st": "Suplente"}, {"seq": "19", "n": "70580", "vap": "86", "pvap": "   1,84", "e": "N", "st": "Suplente"}, {"seq": "43", "n": "70111", "vap": "15", "pvap": "   0,32", "e": "N", "st": "Suplente"}, {"seq": "33", "n": "70222", "vap": "34", "pvap": "   0,73", "e": "N", "st": "Suplente"}, {"seq": "45", "n": "70666", "vap": "12", "pvap": "   0,26", "e": "N", "st": "Suplente"}, {"seq": "9", "n": "70122", "vap": "115", "pvap": "   2,47", "e": "S", "st": "Eleito"}, {"seq": "20", "n": "70123", "vap": "79", "pvap": "   1,69", "e": "N", "st": "Suplente"}, {"seq": "24", "n": "70145", "vap": "56", "pvap": "   1,20", "e": "N", "st": "Suplente"}, {"seq": "53", "n": "70999", "vap": "5", "pvap": "   0,11", "e": "N", "st": "Suplente"}, {"seq": "32", "n": "70000", "vap": "37", "pvap": "   0,79", "e": "N", "st": "Suplente"}, {"seq": "34", "n": "70077", "vap": "30", "pvap": "   0,64", "e": "N", "st": "Suplente"}, {"seq": "35", "n": "70380", "vap": "27", "pvap": "   0,58", "e": "N", "st": "Suplente"}, {"seq": "3", "n": "25000", "vap": "196", "pvap": "   4,20", "e": "S", "st": "Eleito"}, {"seq": "30", "n": "25888", "vap": "41", "pvap": "   0,88", "e": "N", "st": "Suplente"}, {"seq": "12", "n": "25666", "vap": "160", "pvap": "   3,43", "e": "N", "st": "Suplente"}, {"seq": "2", "n": "25258", "vap": "260", "pvap": "   5,58", "e": "S", "st": "Eleito"}, {"seq": "17", "n": "25111", "vap": "102", "pvap": "   2,19", "e": "N", "st": "Suplente"}, {"seq": "39", "n": "25222", "vap": "21", "pvap": "   0,45", "e": "N", "st": "Suplente"}, {"seq": "29", "n": "25444", "vap": "49", "pvap": "   1,05", "e": "N", "st": "Suplente"}, {"seq": "10", "n": "25555", "vap": "170", "pvap": "   3,65", "e": "N", "st": "Suplente"}, {"seq": "46", "n": "25999", "vap": "9", "pvap": "   0,19", "e": "N", "st": "Suplente"}, {"seq": "58", "n": "15123", "vap": "82", "pvap": "   1,76", "e": "N", "st": "N\u00e3o eleito"}, {"seq": "57", "n": "15369", "vap": "93", "pvap": "   1,99", "e": "N", "st": "N\u00e3o eleito"}, {"seq": "59", "n": "15555", "vap": "13", "pvap": "   0,28", "e": "N", "st": "N\u00e3o eleito"}, {"seq": "56", "n": "15550", "vap": "101", "pvap": "   2,17", "e": "N", "st": "N\u00e3o eleito"}, {"seq": "11", "n": "22444", "vap": "167", "pvap": "   3,58", "e": "N", "st": "Suplente"}, {"seq": "25", "n": "22226", "vap": "56", "pvap": "   1,20", "e": "N", "st": "Suplente"}, {"seq": "54", "n": "22888", "vap": "4", "pvap": "   0,09", "e": "N", "st": "Suplente"}, {"seq": "16", "n": "22333", "vap": "112", "pvap": "   2,40", "e": "N", "st": "Suplente"}, {"seq": "23", "n": "22111", "vap": "60", "pvap": "   1,29", "e": "N", "st": "Suplente"}, {"seq": "49", "n": "22777", "vap": "7", "pvap": "   0,15", "e": "N", "st": "Suplente"}, {"seq": "1", "n": "22222", "vap": "290", "pvap": "   6,22", "e": "S", "st": "Eleito"}, {"seq": "4", "n": "22223", "vap": "188", "pvap": "   4,03", "e": "S", "st": "Eleito"}, {"seq": "48", "n": "55999", "vap": "8", "pvap": "   0,17", "e": "N", "st": "Suplente"}, {"seq": "13", "n": "55678", "vap": "159", "pvap": "   3,41", "e": "N", "st": "Suplente"}, {"seq": "41", "n": "55333", "vap": "18", "pvap": "   0,39", "e": "N", "st": "Suplente"}, {"seq": "38", "n": "55666", "vap": "22", "pvap": "   0,47", "e": "N", "st": "Suplente"}, {"seq": "36", "n": "55000", "vap": "27", "pvap": "   0,58", "e": "N", "st": "Suplente"}, {"seq": "5", "n": "55555", "vap": "186", "pvap": "   3,99", "e": "S", "st": "Eleito"}, {"seq": "28", "n": "55222", "vap": "49", "pvap": "   1,05", "e": "N", "st": "Suplente"}, {"seq": "50", "n": "55111", "vap": "7", "pvap": "   0,15", "e": "N", "st": "Suplente"}, {"seq": "40", "n": "55190", "vap": "20", "pvap": "   0,43", "e": "N", "st": "Suplente"}]}, {"dt": "16/11/2020", "ht": "00:41:42", "tf": "S", "and": "F", "tpabr": "ZONA", "cdabr": "324", "s": "17", "st": "17", "snt": "0", "si": "17", "sni": "0", "sa": "17", "sna": "0", "pst": " 100,00", "psnt": "   0,00", "psi": " 100,00", "psni": "   0,00", "psa": " 100,00", "psna": "   0,00", "e": "5729", "ea": "5729", "ena": "0", "esi": "5729", "esni": "0", "a": "921", "c": "4808", "pea": " 100,00", "pena": "   0,00", "pesi": " 100,00", "pesni": "   0,00", "pa": "  16,08", "pc": "  83,92", "vnom": "4421", "vscv": "0", "vl": "242", "tv": "4808", "vvc": "4663", "vb": "31", "tvn": "114", "vn": "113", "vnt": "1", "vp": "0", "vv": "4663", "van": "0", "vansj": "0", "pvnom": "  94,81", "pvl": "   5,19", "pvvc": "  96,98", "pvb": "   0,65", "ptvn": "   2,37", "pvn": "  99,12", "pvnt": "   0,88", "pvp": "   0,00", "pvv": " 100,00", "pvan": "   0,00", "pvansj": "   0,00", "cand": [{"seq": "4", "n": "22223", "vap": "188", "pvap": "   4,03", "e": "S", "st": "Eleito"}, {"seq": "23", "n": "22111", "vap": "60", "pvap": "   1,29", "e": "N", "st": "Suplente"}, {"seq": "11", "n": "22444", "vap": "167", "pvap": "   3,58", "e": "N", "st": "Suplente"}, {"seq": "16", "n": "22333", "vap": "112", "pvap": "   2,40", "e": "N", "st": "Suplente"}, {"seq": "54", "n": "22888", "vap": "4", "pvap": "   0,09", "e": "N", "st": "Suplente"}, {"seq": "1", "n": "22222", "vap": "290", "pvap": "   6,22", "e": "S", "st": "Eleito"}, {"seq": "25", "n": "22226", "vap": "56", "pvap": "   1,20", "e": "N", "st": "Suplente"}, {"seq": "49", "n": "22777", "vap": "7", "pvap": "   0,15", "e": "N", "st": "Suplente"}, {"seq": "58", "n": "15123", "vap": "82", "pvap": "   1,76", "e": "N", "st": "N\u00e3o eleito"}, {"seq": "59", "n": "15555", "vap": "13", "pvap": "   0,28", "e": "N", "st": "N\u00e3o eleito"}, {"seq": "57", "n": "15369", "vap": "93", "pvap": "   1,99", "e": "N", "st": "N\u00e3o eleito"}, {"seq": "56", "n": "15550", "vap": "101", "pvap": "   2,17", "e": "N", "st": "N\u00e3o eleito"}, {"seq": "43", "n": "70111", "vap": "15", "pvap": "   0,32", "e": "N", "st": "Suplente"}, {"seq": "51", "n": "70333", "vap": "6", "pvap": "   0,13", "e": "N", "st": "Suplente"}, {"seq": "32", "n": "70000", "vap": "37", "pvap": "   0,79", "e": "N", "st": "Suplente"}, {"seq": "53", "n": "70999", "vap": "5", "pvap": "   0,11", "e": "N", "st": "Suplente"}, {"seq": "34", "n": "70077", "vap": "30", "pvap": "   0,64", "e": "N", "st": "Suplente"}, {"seq": "24", "n": "70145", "vap": "56", "pvap": "   1,20", "e": "N", "st": "Suplente"}, {"seq": "33", "n": "70222", "vap": "34", "pvap": "   0,73", "e": "N", "st": "Suplente"}, {"seq": "35", "n": "70380", "vap": "27", "pvap": "   0,58", "e": "N", "st": "Suplente"}, {"seq": "22", "n": "70777", "vap": "67", "pvap": "   1,44", "e": "N", "st": "Suplente"}, {"seq": "9", "n": "70122", "vap": "115", "pvap": "   2,47", "e": "S", "st": "Eleito"}, {"seq": "20", "n": "70123", "vap": "79", "pvap": "   1,69", "e": "N", "st": "Suplente"}, {"seq": "45", "n": "70666", "vap": "12", "pvap": "   0,26", "e": "N", "st": "Suplente"}, {"seq": "52", "n": "70555", "vap": "5", "pvap": "   0,11", "e": "N", "st": "Suplente"}, {"seq": "19", "n": "70580", "vap": "86", "pvap": "   1,84", "e": "N", "st": "Suplente"}, {"seq": "21", "n": "23555", "vap": "72", "pvap": "   1,54", "e": "N", "st": "Suplente"}, {"seq": "31", "n": "23111", "vap": "40", "pvap": "   0,86", "e": "N", "st": "Suplente"}, {"seq": "7", "n": "23123", "vap": "172", "pvap": "   3,69", "e": "S", "st": "Eleito"}, {"seq": "6", "n": "23567", "vap": "174", "pvap": "   3,73", "e": "S", "st": "Eleito"}, {"seq": "27", "n": "23000", "vap": "54", "pvap": "   1,16", "e": "N", "st": "Suplente"}, {"seq": "14", "n": "23333", "vap": "143", "pvap": "   3,07", "e": "N", "st": "Suplente"}, {"seq": "15", "n": "23222", "vap": "139", "pvap": "   2,98", "e": "N", "st": "Suplente"}, {"seq": "42", "n": "23100", "vap": "16", "pvap": "   0,34", "e": "N", "st": "Suplente"}, {"seq": "3", "n": "25000", "vap": "196", "pvap": "   4,20", "e": "S", "st": "Eleito"}, {"seq": "12", "n": "25666", "vap": "160", "pvap": "   3,43", "e": "N", "st": "Suplente"}, {"seq": "17", "n": "25111", "vap": "102", "pvap": "   2,19", "e": "N", "st": "Suplente"}, {"seq": "2", "n": "25258", "vap": "260", "pvap": "   5,58", "e": "S", "st": "Eleito"}, {"seq": "39", "n": "25222", "vap": "21", "pvap": "   0,45", "e": "N", "st": "Suplente"}, {"seq": "10", "n": "25555", "vap": "170", "pvap": "   3,65", "e": "N", "st": "Suplente"}, {"seq": "29", "n": "25444", "vap": "49", "pvap": "   1,05", "e": "N", "st": "Suplente"}, {"seq": "30", "n": "25888", "vap": "41", "pvap": "   0,88", "e": "N", "st": "Suplente"}, {"seq": "46", "n": "25999", "vap": "9", "pvap": "   0,19", "e": "N", "st": "Suplente"}, {"seq": "37", "n": "51456", "vap": "26", "pvap": "   0,56", "e": "N", "st": "Suplente"}, {"seq": "18", "n": "51111", "vap": "100", "pvap": "   2,14", "e": "N", "st": "Suplente"}, {"seq": "55", "n": "51190", "vap": "4", "pvap": "   0,09", "e": "N", "st": "Suplente"}, {"seq": "47", "n": "51222", "vap": "9", "pvap": "   0,19", "e": "N", "st": "Suplente"}, {"seq": "26", "n": "51333", "vap": "54", "pvap": "   1,16", "e": "N", "st": "Suplente"}, {"seq": "44", "n": "51100", "vap": "14", "pvap": "   0,30", "e": "N", "st": "Suplente"}, {"seq": "8", "n": "51555", "vap": "153", "pvap": "   3,28", "e": "S", "st": "Eleito"}, {"seq": "40", "n": "55190", "vap": "20", "pvap": "   0,43", "e": "N", "st": "Suplente"}, {"seq": "48", "n": "55999", "vap": "8", "pvap": "   0,17", "e": "N", "st": "Suplente"}, {"seq": "28", "n": "55222", "vap": "49", "pvap": "   1,05", "e": "N", "st": "Suplente"}, {"seq": "41", "n": "55333", "vap": "18", "pvap": "   0,39", "e": "N", "st": "Suplente"}, {"seq": "5", "n": "55555", "vap": "186", "pvap": "   3,99", "e": "S", "st": "Eleito"}, {"seq": "36", "n": "55000", "vap": "27", "pvap": "   0,58", "e": "N", "st": "Suplente"}, {"seq": "50", "n": "55111", "vap": "7", "pvap": "   0,15", "e": "N", "st": "Suplente"}, {"seq": "38", "n": "55666", "vap": "22", "pvap": "   0,47", "e": "N", "st": "Suplente"}, {"seq": "13", "n": "55678", "vap": "159", "pvap": "   3,41", "e": "N", "st": "Suplente"}]}]}