{"ele": "426", "carper": "13", "t": "1", "f": "O", "esae": "N", "mnae": " ", "dg": "15/11/2020", "hg": "23:24:01", "dv": "S", "nadf": "mg40045-c0013-e000426-002-f", "abr": [{"dt": "15/11/2020", "ht": "22:47:21", "tf": "S", "and": "F", "tpabr": "MU", "cdabr": "40045", "s": "31", "st": "31", "snt": "0", "si": "31", "sni": "0", "sa": "31", "sna": "0", "pst": " 100,00", "psnt": "   0,00", "psi": " 100,00", "psni": "   0,00", "psa": " 100,00", "psna": "   0,00", "e": "11449", "ea": "11449", "ena": "0", "esi": "11449", "esni": "0", "c": "9303", "a": "2146", "pea": " 100,00", "pena": "   0,00", "pesi": " 100,00", "pesni": "   0,00", "pa": "  18,74", "pc": "  81,26", "vscv": "0", "vnom": "8595", "vl": "404", "tv": "9303", "vvc": "9016", "vb": "87", "tvn": "200", "vn": "200", "vnt": "0", "vp": "0", "vv": "8999", "van": "0", "vansj": "17", "pvnom": "  95,51", "pvl": "   4,49", "pvvc": "  96,91", "pvb": "   0,94", "ptvn": "   2,15", "pvn": " 100,00", "pvnt": "   0,00", "pvp": "   0,00", "pvv": "  99,81", "pvan": "   0,00", "pvansj": "   0,19", "colig": [{"n": "130000124338", "tvtn": "1738", "tvan": "1738", "vag": "2", "tvtl": "117", "tval": "117"}, {"n": "130000138879", "tvtn": "1106", "tvan": "1106", "vag": "1", "tvtl": "146", "tval": "146"}, {"n": "130000124408", "tvtn": "1571", "tvan": "1571", "vag": "2", "tvtl": "21", "tval": "21"}, {"n": "130000062208", "tvtn": "290", "tvan": "290", "vag": "0", "tvtl": "6", "tval": "6"}, {"n": "130000124629", "tvtn": "187", "tvan": "204", "vag": "0", "tvtl": "5", "tval": "5"}, {"n": "130000070606", "tvtn": "225", "tvan": "225", "vag": "0", "tvtl": "13", "tval": "13"}, {"n": "130000072646", "tvtn": "1064", "tvan": "1064", "vag": "1", "tvtl": "61", "tval": "61"}, {"n": "130000139264", "tvtn": "1074", "tvan": "1074", "vag": "1", "tvtl": "21", "tval": "21"}, {"n": "130000139083", "tvtn": "1340", "tvan": "1340", "vag": "2", "tvtl": "14", "tval": "14"}], "part": [{"n": "15", "tvtn": "1738", "tvan": "1738", "tvtl": "117", "tval": "117"}, {"n": "11", "tvtn": "1106", "tvan": "1106", "tvtl": "146", "tval": "146"}, {"n": "22", "tvtn": "1571", "tvan": "1571", "tvtl": "21", "tval": "21"}, {"n": "90", "tvtn": "290", "tvan": "290", "tvtl": "6", "tval": "6"}, {"n": "36", "tvtn": "187", "tvan": "204", "tvtl": "5", "tval": "5"}, {"n": "13", "tvtn": "225", "tvan": "225", "tvtl": "13", "tval": "13"}, {"n": "33", "tvtn": "1064", "tvan": "1064", "tvtl": "61", "tval": "61"}, {"n": "77", "tvtn": "1074", "tvan": "1074", "tvtl": "21", "tval": "21"}, {"n": "19", "tvtn": "1340", "tvan": "1340", "tvtl": "14", "tval": "14"}], "cand": [{"seq": "42", "n": "15630", "vap": "58", "pvap": "   0,64", "e": "N", "st": "Suplente"}, {"seq": "1", "n": "15234", "vap": "445", "pvap": "   4,94", "e": "S", "st": "Eleito"}, {"seq": "20", "n": "15555", "vap": "163", "pvap": "   1,81", "e": "N", "st": "Suplente"}, {"seq": "10", "n": "15456", "vap": "251", "pvap": "   2,78", "e": "N", "st": "Suplente"}, {"seq": "7", "n": "15123", "vap": "254", "pvap": "   2,82", "e": "S", "st": "Eleito"}, {"seq": "44", "n": "15330", "vap": "56", "pvap": "   0,62", "e": "N", "st": "Suplente"}, {"seq": "67", "n": "15006", "vap": "11", "pvap": "   0,12", "e": "N", "st": "Suplente"}, {"seq": "68", "n": "15200", "vap": "11", "pvap": "   0,12", "e": "N", "st": "Suplente"}, {"seq": "72", "n": "15015", "vap": "4", "pvap": "   0,04", "e": "N", "st": "Suplente"}, {"seq": "27", "n": "15789", "vap": "92", "pvap": "   1,02", "e": "N", "st": "Suplente"}, {"seq": "22", "n": "15777", "vap": "140", "pvap": "   1,55", "e": "N", "st": "Suplente"}, {"seq": "63", "n": "15000", "vap": "17", "pvap": "   0,19", "e": "N", "st": "Suplente"}, {"seq": "11", "n": "15800", "vap": "236", "pvap": "   2,62", "e": "N", "st": "Suplente"}, {"seq": "55", "n": "11287", "vap": "31", "pvap": "   0,34", "e": "N", "st": "Suplente"}, {"seq": "19", "n": "11234", "vap": "168", "pvap": "   1,86", "e": "N", "st": "Suplente"}, {"seq": "38", "n": "11000", "vap": "68", "pvap": "   0,75", "e": "N", "st": "Suplente"}, {"seq": "43", "n": "11222", "vap": "58", "pvap": "   0,64", "e": "N", "st": "Suplente"}, {"seq": "54", "n": "11999", "vap": "31", "pvap": "   0,34", "e": "N", "st": "Suplente"}, {"seq": "30", "n": "11789", "vap": "89", "pvap": "   0,99", "e": "N", "st": "Suplente"}, {"seq": "61", "n": "11369", "vap": "21", "pvap": "   0,23", "e": "N", "st": "Suplente"}, {"seq": "13", "n": "11123", "vap": "224", "pvap": "   2,48", "e": "N", "st": "Suplente"}, {"seq": "56", "n": "11500", "vap": "30", "pvap": "   0,33", "e": "N", "st": "Suplente"}, {"seq": "23", "n": "11333", "vap": "128", "pvap": "   1,42", "e": "N", "st": "Suplente"}, {"seq": "9", "n": "11111", "vap": "225", "pvap": "   2,50", "e": "S", "st": "Eleito"}, {"seq": "53", "n": "11725", "vap": "33", "pvap": "   0,37", "e": "N", "st": "Suplente"}, {"seq": "36", "n": "22500", "vap": "72", "pvap": "   0,80", "e": "N", "st": "Suplente"}, {"seq": "2", "n": "22999", "vap": "444", "pvap": "   4,92", "e": "S", "st": "Eleito"}, {"seq": "40", "n": "22222", "vap": "64", "pvap": "   0,71", "e": "N", "st": "Suplente"}, {"seq": "41", "n": "22333", "vap": "62", "pvap": "   0,69", "e": "N", "st": "Suplente"}, {"seq": "12", "n": "22000", "vap": "235", "pvap": "   2,61", "e": "N", "st": "Suplente"}, {"seq": "3", "n": "22800", "vap": "311", "pvap": "   3,45", "e": "S", "st": "Eleito"}, {"seq": "46", "n": "22190", "vap": "53", "pvap": "   0,59", "e": "N", "st": "Suplente"}, {"seq": "70", "n": "22580", "vap": "7", "pvap": "   0,08", "e": "N", "st": "Suplente"}, {"seq": "49", "n": "22123", "vap": "40", "pvap": "   0,44", "e": "N", "st": "Suplente"}, {"seq": "35", "n": "22555", "vap": "74", "pvap": "   0,82", "e": "N", "st": "Suplente"}, {"seq": "51", "n": "22022", "vap": "35", "pvap": "   0,39", "e": "N", "st": "Suplente"}, {"seq": "47", "n": "22300", "vap": "46", "pvap": "   0,51", "e": "N", "st": "Suplente"}, {"seq": "24", "n": "22444", "vap": "128", "pvap": "   1,42", "e": "N", "st": "Suplente"}, {"seq": "89", "n": "90113", "vap": "15", "pvap": "   0,17", "e": "N", "st": "N\u00e3o eleito"}, {"seq": "100", "n": "90100", "vap": "8", "pvap": "   0,09", "e": "N", "st": "N\u00e3o eleito"}, {"seq": "81", "n": "90444", "vap": "33", "pvap": "   0,37", "e": "N", "st": "N\u00e3o eleito"}, {"seq": "74", "n": "90123", "vap": "94", "pvap": "   1,04", "e": "N", "st": "N\u00e3o eleito"}, {"seq": "75", "n": "90222", "vap": "78", "pvap": "   0,87", "e": "N", "st": "N\u00e3o eleito"}, {"seq": "96", "n": "90777", "vap": "10", "pvap": "   0,11", "e": "N", "st": "N\u00e3o eleito"}, {"seq": "93", "n": "90000", "vap": "13", "pvap": "   0,14", "e": "N", "st": "N\u00e3o eleito"}, {"seq": "90", "n": "90555", "vap": "14", "pvap": "   0,16", "e": "N", "st": "N\u00e3o eleito"}, {"seq": "83", "n": "90118", "vap": "25", "pvap": "   0,28", "e": "N", "st": "N\u00e3o eleito"}, {"seq": "84", "n": "36000", "vap": "20", "pvap": "   0,22", "e": "N", "st": "N\u00e3o eleito"}, {"seq": "77", "n": "36456", "vap": "47", "pvap": "   0,52", "e": "N", "st": "N\u00e3o eleito"}, {"seq": "102", "n": "36789", "vap": "2", "pvap": "   0,02", "e": "N", "st": "N\u00e3o eleito"}, {"seq": "101", "n": "36444", "vap": "3", "pvap": "   0,03", "e": "N", "st": "N\u00e3o eleito"}, {"seq": "86", "n": "36123", "vap": "20", "pvap": "   0,22", "e": "N", "st": "N\u00e3o eleito"}, {"seq": "88", "n": "36333", "vap": "17", "pvap": "   0,19", "e": "N", "st": "N\u00e3o eleito"}, {"seq": "103", "n": "36345", "vap": "0", "pvap": "00.00", "e": "N", "st": "N\u00e3o eleito"}, {"seq": "94", "n": "36777", "vap": "11", "pvap": "   0,12", "e": "N", "st": "N\u00e3o eleito"}, {"seq": "99", "n": "36223", "vap": "8", "pvap": "   0,09", "e": "N", "st": "N\u00e3o eleito"}, {"seq": "82", "n": "36222", "vap": "32", "pvap": "   0,35", "e": "N", "st": "N\u00e3o eleito"}, {"seq": "85", "n": "36234", "vap": "20", "pvap": "   0,22", "e": "N", "st": "N\u00e3o eleito"}, {"seq": "91", "n": "36567", "vap": "13", "pvap": "   0,14", "e": "N", "st": "N\u00e3o eleito"}, {"seq": "95", "n": "36555", "vap": "11", "pvap": "   0,12", "e": "N", "st": "N\u00e3o eleito"}, {"seq": "80", "n": "13780", "vap": "39", "pvap": "   0,43", "e": "N", "st": "N\u00e3o eleito"}, {"seq": "98", "n": "13777", "vap": "9", "pvap": "   0,10", "e": "N", "st": "N\u00e3o eleito"}, {"seq": "97", "n": "13333", "vap": "10", "pvap": "   0,11", "e": "N", "st": "N\u00e3o eleito"}, {"seq": "78", "n": "13456", "vap": "45", "pvap": "   0,50", "e": "N", "st": "N\u00e3o eleito"}, {"seq": "76", "n": "13000", "vap": "49", "pvap": "   0,54", "e": "N", "st": "N\u00e3o eleito"}, {"seq": "92", "n": "13888", "vap": "13", "pvap": "   0,14", "e": "N", "st": "N\u00e3o eleito"}, {"seq": "87", "n": "13125", "vap": "18", "pvap": "   0,20", "e": "N", "st": "N\u00e3o eleito"}, {"seq": "79", "n": "13123", "vap": "42", "pvap": "   0,47", "e": "N", "st": "N\u00e3o eleito"}, {"seq": "45", "n": "33637", "vap": "56", "pvap": "   0,62", "e": "N", "st": "Suplente"}, {"seq": "39", "n": "33733", "vap": "65", "pvap": "   0,72", "e": "N", "st": "Suplente"}, {"seq": "52", "n": "33345", "vap": "34", "pvap": "   0,38", "e": "N", "st": "Suplente"}, {"seq": "17", "n": "33000", "vap": "197", "pvap": "   2,19", "e": "N", "st": "Suplente"}, {"seq": "26", "n": "33147", "vap": "107", "pvap": "   1,19", "e": "N", "st": "Suplente"}, {"seq": "32", "n": "33577", "vap": "83", "pvap": "   0,92", "e": "N", "st": "Suplente"}, {"seq": "71", "n": "33333", "vap": "6", "pvap": "   0,07", "e": "N", "st": "Suplente"}, {"seq": "25", "n": "33123", "vap": "110", "pvap": "   1,22", "e": "N", "st": "Suplente"}, {"seq": "34", "n": "33456", "vap": "76", "pvap": "   0,84", "e": "N", "st": "Suplente"}, {"seq": "6", "n": "33789", "vap": "280", "pvap": "   3,11", "e": "S", "st": "Eleito"}, {"seq": "57", "n": "33133", "vap": "26", "pvap": "   0,29", "e": "N", "st": "Suplente"}, {"seq": "62", "n": "33159", "vap": "20", "pvap": "   0,22", "e": "N", "st": "Suplente"}, {"seq": "73", "n": "33999", "vap": "4", "pvap": "   0,04", "e": "N", "st": "Suplente"}, {"seq": "58", "n": "77151", "vap": "23", "pvap": "   0,26", "e": "N", "st": "Suplente"}, {"seq": "28", "n": "77789", "vap": "90", "pvap": "   1,00", "e": "N", "st": "Suplente"}, {"seq": "50", "n": "77333", "vap": "36", "pvap": "   0,40", "e": "N", "st": "Suplente"}, {"seq": "21", "n": "77123", "vap": "152", "pvap": "   1,69", "e": "N", "st": "Suplente"}, {"seq": "65", "n": "77277", "vap": "13", "pvap": "   0,14", "e": "N", "st": "Suplente"}, {"seq": "5", "n": "77456", "vap": "284", "pvap": "   3,15", "e": "S", "st": "Eleito"}, {"seq": "14", "n": "77234", "vap": "220", "pvap": "   2,44", "e": "N", "st": "Suplente"}, {"seq": "64", "n": "77777", "vap": "16", "pvap": "   0,18", "e": "N", "st": "Suplente"}, {"seq": "15", "n": "77000", "vap": "210", "pvap": "   2,33", "e": "N", "st": "Suplente"}, {"seq": "60", "n": "77555", "vap": "21", "pvap": "   0,23", "e": "N", "st": "Suplente"}, {"seq": "69", "n": "77222", "vap": "9", "pvap": "   0,10", "e": "N", "st": "Suplente"}, {"seq": "59", "n": "19019", "vap": "23", "pvap": "   0,26", "e": "N", "st": "Suplente"}, {"seq": "16", "n": "19456", "vap": "209", "pvap": "   2,32", "e": "N", "st": "Suplente"}, {"seq": "31", "n": "19789", "vap": "89", "pvap": "   0,99", "e": "N", "st": "Suplente"}, {"seq": "33", "n": "19500", "vap": "77", "pvap": "   0,85", "e": "N", "st": "Suplente"}, {"seq": "37", "n": "19555", "vap": "71", "pvap": "   0,79", "e": "N", "st": "Suplente"}, {"seq": "66", "n": "19111", "vap": "12", "pvap": "   0,13", "e": "N", "st": "Suplente"}, {"seq": "8", "n": "19000", "vap": "231", "pvap": "   2,56", "e": "S", "st": "Eleito"}, {"seq": "18", "n": "19123", "vap": "191", "pvap": "   2,12", "e": "N", "st": "Suplente"}, {"seq": "4", "n": "19234", "vap": "304", "pvap": "   3,37", "e": "S", "st": "Eleito"}, {"seq": "29", "n": "19007", "vap": "90", "pvap": "   1,00", "e": "N", "st": "Suplente"}, {"seq": "48", "n": "19444", "vap": "43", "pvap": "   0,48", "e": "N", "st": "Suplente"}]}, {"dt": "15/11/2020", "ht": "22:47:21", "tf": "S", "and": "F", "tpabr": "ZONA", "cdabr": "151", "s": "31", "st": "31", "snt": "0", "si": "31", "sni": "0", "sa": "31", "sna": "0", "pst": " 100,00", "psnt": "   0,00", "psi": " 100,00", "psni": "   0,00", "psa": " 100,00", "psna": "   0,00", "e": "11449", "ea": "11449", "ena": "0", "esi": "11449", "esni": "0", "a": "2146", "c": "9303", "pea": " 100,00", "pena": "   0,00", "pesi": " 100,00", "pesni": "   0,00", "pa": "  18,74", "pc": "  81,26", "vnom": "8595", "vscv": "0", "vl": "404", "tv": "9303", "vvc": "9016", "vb": "87", "tvn": "200", "vn": "200", "vnt": "0", "vp": "0", "vv": "8999", "van": "0", "vansj": "17", "pvnom": "  95,51", "pvl": "   4,49", "pvvc": "  96,91", "pvb": "   0,94", "ptvn": "   2,15", "pvn": " 100,00", "pvnt": "   0,00", "pvp": "   0,00", "pvv": "  99,81", "pvan": "   0,00", "pvansj": "   0,19", "cand": [{"seq": "7", "n": "15123", "vap": "254", "pvap": "   2,82", "e": "S", "st": "Eleito"}, {"seq": "72", "n": "15015", "vap": "4", "pvap": "   0,04", "e": "N", "st": "Suplente"}, {"seq": "1", "n": "15234", "vap": "445", "pvap": "   4,94", "e": "S", "st": "Eleito"}, {"seq": "11", "n": "15800", "vap": "236", "pvap": "   2,62", "e": "N", "st": "Suplente"}, {"seq": "27", "n": "15789", "vap": "92", "pvap": "   1,02", "e": "N", "st": "Suplente"}, {"seq": "22", "n": "15777", "vap": "140", "pvap": "   1,55", "e": "N", "st": "Suplente"}, {"seq": "44", "n": "15330", "vap": "56", "pvap": "   0,62", "e": "N", "st": "Suplente"}, {"seq": "67", "n": "15006", "vap": "11", "pvap": "   0,12", "e": "N", "st": "Suplente"}, {"seq": "63", "n": "15000", "vap": "17", "pvap": "   0,19", "e": "N", "st": "Suplente"}, {"seq": "42", "n": "15630", "vap": "58", "pvap": "   0,64", "e": "N", "st": "Suplente"}, {"seq": "10", "n": "15456", "vap": "251", "pvap": "   2,78", "e": "N", "st": "Suplente"}, {"seq": "20", "n": "15555", "vap": "163", "pvap": "   1,81", "e": "N", "st": "Suplente"}, {"seq": "68", "n": "15200", "vap": "11", "pvap": "   0,12", "e": "N", "st": "Suplente"}, {"seq": "19", "n": "11234", "vap": "168", "pvap": "   1,86", "e": "N", "st": "Suplente"}, {"seq": "55", "n": "11287", "vap": "31", "pvap": "   0,34", "e": "N", "st": "Suplente"}, {"seq": "13", "n": "11123", "vap": "224", "pvap": "   2,48", "e": "N", "st": "Suplente"}, {"seq": "56", "n": "11500", "vap": "30", "pvap": "   0,33", "e": "N", "st": "Suplente"}, {"seq": "61", "n": "11369", "vap": "21", "pvap": "   0,23", "e": "N", "st": "Suplente"}, {"seq": "53", "n": "11725", "vap": "33", "pvap": "   0,37", "e": "N", "st": "Suplente"}, {"seq": "9", "n": "11111", "vap": "225", "pvap": "   2,50", "e": "S", "st": "Eleito"}, {"seq": "38", "n": "11000", "vap": "68", "pvap": "   0,75", "e": "N", "st": "Suplente"}, {"seq": "30", "n": "11789", "vap": "89", "pvap": "   0,99", "e": "N", "st": "Suplente"}, {"seq": "54", "n": "11999", "vap": "31", "pvap": "   0,34", "e": "N", "st": "Suplente"}, {"seq": "23", "n": "11333", "vap": "128", "pvap": "   1,42", "e": "N", "st": "Suplente"}, {"seq": "43", "n": "11222", "vap": "58", "pvap": "   0,64", "e": "N", "st": "Suplente"}, {"seq": "12", "n": "22000", "vap": "235", "pvap": "   2,61", "e": "N", "st": "Suplente"}, {"seq": "70", "n": "22580", "vap": "7", "pvap": "   0,08", "e": "N", "st": "Suplente"}, {"seq": "41", "n": "22333", "vap": "62", "pvap": "   0,69", "e": "N", "st": "Suplente"}, {"seq": "3", "n": "22800", "vap": "311", "pvap": "   3,45", "e": "S", "st": "Eleito"}, {"seq": "47", "n": "22300", "vap": "46", "pvap": "   0,51", "e": "N", "st": "Suplente"}, {"seq": "36", "n": "22500", "vap": "72", "pvap": "   0,80", "e": "N", "st": "Suplente"}, {"seq": "2", "n": "22999", "vap": "444", "pvap": "   4,92", "e": "S", "st": "Eleito"}, {"seq": "35", "n": "22555", "vap": "74", "pvap": "   0,82", "e": "N", "st": "Suplente"}, {"seq": "49", "n": "22123", "vap": "40", "pvap": "   0,44", "e": "N", "st": "Suplente"}, {"seq": "46", "n": "22190", "vap": "53", "pvap": "   0,59", "e": "N", "st": "Suplente"}, {"seq": "24", "n": "22444", "vap": "128", "pvap": "   1,42", "e": "N", "st": "Suplente"}, {"seq": "40", "n": "22222", "vap": "64", "pvap": "   0,71", "e": "N", "st": "Suplente"}, {"seq": "51", "n": "22022", "vap": "35", "pvap": "   0,39", "e": "N", "st": "Suplente"}, {"seq": "80", "n": "13780", "vap": "39", "pvap": "   0,43", "e": "N", "st": "N\u00e3o eleito"}, {"seq": "92", "n": "13888", "vap": "13", "pvap": "   0,14", "e": "N", "st": "N\u00e3o eleito"}, {"seq": "78", "n": "13456", "vap": "45", "pvap": "   0,50", "e": "N", "st": "N\u00e3o eleito"}, {"seq": "79", "n": "13123", "vap": "42", "pvap": "   0,47", "e": "N", "st": "N\u00e3o eleito"}, {"seq": "98", "n": "13777", "vap": "9", "pvap": "   0,10", "e": "N", "st": "N\u00e3o eleito"}, {"seq": "97", "n": "13333", "vap": "10", "pvap": "   0,11", "e": "N", "st": "N\u00e3o eleito"}, {"seq": "87", "n": "13125", "vap": "18", "pvap": "   0,20", "e": "N", "st": "N\u00e3o eleito"}, {"seq": "76", "n": "13000", "vap": "49", "pvap": "   0,54", "e": "N", "st": "N\u00e3o eleito"}, {"seq": "86", "n": "36123", "vap": "20", "pvap": "   0,22", "e": "N", "st": "N\u00e3o eleito"}, {"seq": "95", "n": "36555", "vap": "11", "pvap": "   0,12", "e": "N", "st": "N\u00e3o eleito"}, {"seq": "103", "n": "36345", "vap": "0", "pvap": "00.00", "e": "N", "st": "N\u00e3o eleito"}, {"seq": "77", "n": "36456", "vap": "47", "pvap": "   0,52", "e": "N", "st": "N\u00e3o eleito"}, {"seq": "91", "n": "36567", "vap": "13", "pvap": "   0,14", "e": "N", "st": "N\u00e3o eleito"}, {"seq": "102", "n": "36789", "vap": "2", "pvap": "   0,02", "e": "N", "st": "N\u00e3o eleito"}, {"seq": "84", "n": "36000", "vap": "20", "pvap": "   0,22", "e": "N", "st": "N\u00e3o eleito"}, {"seq": "82", "n": "36222", "vap": "32", "pvap": "   0,35", "e": "N", "st": "N\u00e3o eleito"}, {"seq": "88", "n": "36333", "vap": "17", "pvap": "   0,19", "e": "N", "st": "N\u00e3o eleito"}, {"seq": "101", "n": "36444", "vap": "3", "pvap": "   0,03", "e": "N", "st": "N\u00e3o eleito"}, {"seq": "94", "n": "36777", "vap": "11", "pvap": "   0,12", "e": "N", "st": "N\u00e3o eleito"}, {"seq": "99", "n": "36223", "vap": "8", "pvap": "   0,09", "e": "N", "st": "N\u00e3o eleito"}, {"seq": "85", "n": "36234", "vap": "20", "pvap": "   0,22", "e": "N", "st": "N\u00e3o eleito"}, {"seq": "31", "n": "19789", "vap": "89", "pvap": "   0,99", "e": "N", "st": "Suplente"}, {"seq": "29", "n": "19007", "vap": "90", "pvap": "   1,00", "e": "N", "st": "Suplente"}, {"seq": "37", "n": "19555", "vap": "71", "pvap": "   0,79", "e": "N", "st": "Suplente"}, {"seq": "16", "n": "19456", "vap": "209", "pvap": "   2,32", "e": "N", "st": "Suplente"}, {"seq": "48", "n": "19444", "vap": "43", "pvap": "   0,48", "e": "N", "st": "Suplente"}, {"seq": "59", "n": "19019", "vap": "23", "pvap": "   0,26", "e": "N", "st": "Suplente"}, {"seq": "66", "n": "19111", "vap": "12", "pvap": "   0,13", "e": "N", "st": "Suplente"}, {"seq": "8", "n": "19000", "vap": "231", "pvap": "   2,56", "e": "S", "st": "Eleito"}, {"seq": "33", "n": "19500", "vap": "77", "pvap": "   0,85", "e": "N", "st": "Suplente"}, {"seq": "4", "n": "19234", "vap": "304", "pvap": "   3,37", "e": "S", "st": "Eleito"}, {"seq": "18", "n": "19123", "vap": "191", "pvap": "   2,12", "e": "N", "st": "Suplente"}, {"seq": "69", "n": "77222", "vap": "9", "pvap": "   0,10", "e": "N", "st": "Suplente"}, {"seq": "64", "n": "77777", "vap": "16", "pvap": "   0,18", "e": "N", "st": "Suplente"}, {"seq": "5", "n": "77456", "vap": "284", "pvap": "   3,15", "e": "S", "st": "Eleito"}, {"seq": "15", "n": "77000", "vap": "210", "pvap": "   2,33", "e": "N", "st": "Suplente"}, {"seq": "60", "n": "77555", "vap": "21", "pvap": "   0,23", "e": "N", "st": "Suplente"}, {"seq": "58", "n": "77151", "vap": "23", "pvap": "   0,26", "e": "N", "st": "Suplente"}, {"seq": "65", "n": "77277", "vap": "13", "pvap": "   0,14", "e": "N", "st": "Suplente"}, {"seq": "50", "n": "77333", "vap": "36", "pvap": "   0,40", "e": "N", "st": "Suplente"}, {"seq": "28", "n": "77789", "vap": "90", "pvap": "   1,00", "e": "N", "st": "Suplente"}, {"seq": "21", "n": "77123", "vap": "152", "pvap": "   1,69", "e": "N", "st": "Suplente"}, {"seq": "14", "n": "77234", "vap": "220", "pvap": "   2,44", "e": "N", "st": "Suplente"}, {"seq": "39", "n": "33733", "vap": "65", "pvap": "   0,72", "e": "N", "st": "Suplente"}, {"seq": "73", "n": "33999", "vap": "4", "pvap": "   0,04", "e": "N", "st": "Suplente"}, {"seq": "26", "n": "33147", "vap": "107", "pvap": "   1,19", "e": "N", "st": "Suplente"}, {"seq": "71", "n": "33333", "vap": "6", "pvap": "   0,07", "e": "N", "st": "Suplente"}, {"seq": "34", "n": "33456", "vap": "76", "pvap": "   0,84", "e": "N", "st": "Suplente"}, {"seq": "52", "n": "33345", "vap": "34", "pvap": "   0,38", "e": "N", "st": "Suplente"}, {"seq": "45", "n": "33637", "vap": "56", "pvap": "   0,62", "e": "N", "st": "Suplente"}, {"seq": "25", "n": "33123", "vap": "110", "pvap": "   1,22", "e": "N", "st": "Suplente"}, {"seq": "57", "n": "33133", "vap": "26", "pvap": "   0,29", "e": "N", "st": "Suplente"}, {"seq": "32", "n": "33577", "vap": "83", "pvap": "   0,92", "e": "N", "st": "Suplente"}, {"seq": "62", "n": "33159", "vap": "20", "pvap": "   0,22", "e": "N", "st": "Suplente"}, {"seq": "6", "n": "33789", "vap": "280", "pvap": "   3,11", "e": "S", "st": "Eleito"}, {"seq": "17", "n": "33000", "vap": "197", "pvap": "   2,19", "e": "N", "st": "Suplente"}, {"seq": "81", "n": "90444", "vap": "33", "pvap": "   0,37", "e": "N", "st": "N\u00e3o eleito"}, {"seq": "100", "n": "90100", "vap": "8", "pvap": "   0,09", "e": "N", "st": "N\u00e3o eleito"}, {"seq": "96", "n": "90777", "vap": "10", "pvap": "   0,11", "e": "N", "st": "N\u00e3o eleito"}, {"seq": "93", "n": "90000", "vap": "13", "pvap": "   0,14", "e": "N", "st": "N\u00e3o eleito"}, {"seq": "89", "n": "90113", "vap": "15", "pvap": "   0,17", "e": "N", "st": "N\u00e3o eleito"}, {"seq": "90", "n": "90555", "vap": "14", "pvap": "   0,16", "e": "N", "st": "N\u00e3o eleito"}, {"seq": "83", "n": "90118", "vap": "25", "pvap": "   0,28", "e": "N", "st": "N\u00e3o eleito"}, {"seq": "74", "n": "90123", "vap": "94", "pvap": "   1,04", "e": "N", "st": "N\u00e3o eleito"}, {"seq": "75", "n": "90222", "vap": "78", "pvap": "   0,87", "e": "N", "st": "N\u00e3o eleito"}]}]}