{"ele": "426", "carper": "13", "t": "1", "f": "O", "esae": "N", "mnae": " ", "dg": "15/11/2020", "hg": "23:23:32", "dv": "S", "nadf": "mg43230-c0013-e000426-002-f", "abr": [{"dt": "15/11/2020", "ht": "23:17:01", "tf": "S", "and": "F", "tpabr": "MU", "cdabr": "43230", "s": "8", "st": "8", "snt": "0", "si": "8", "sni": "0", "sa": "8", "sna": "0", "pst": " 100,00", "psnt": "   0,00", "psi": " 100,00", "psni": "   0,00", "psa": " 100,00", "psna": "   0,00", "e": "2965", "ea": "2965", "ena": "0", "esi": "2965", "esni": "0", "c": "2670", "a": "295", "pea": " 100,00", "pena": "   0,00", "pesi": " 100,00", "pesni": "   0,00", "pa": "   9,95", "pc": "  90,05", "vscv": "0", "vnom": "2428", "vl": "137", "tv": "2670", "vvc": "2565", "vb": "30", "tvn": "75", "vn": "75", "vnt": "0", "vp": "0", "vv": "2565", "van": "0", "vansj": "0", "pvnom": "  94,66", "pvl": "   5,34", "pvvc": "  96,07", "pvb": "   1,12", "ptvn": "   2,81", "pvn": " 100,00", "pvnt": "   0,00", "pvp": "   0,00", "pvv": " 100,00", "pvan": "   0,00", "pvansj": "   0,00", "colig": [{"n": "130000063986", "tvtn": "322", "tvan": "322", "vag": "1", "tvtl": "36", "tval": "36"}, {"n": "130000063744", "tvtn": "376", "tvan": "376", "vag": "1", "tvtl": "12", "tval": "12"}, {"n": "130000064020", "tvtn": "469", "tvan": "469", "vag": "2", "tvtl": "13", "tval": "13"}, {"n": "130000075247", "tvtn": "311", "tvan": "311", "vag": "1", "tvtl": "11", "tval": "11"}, {"n": "130000094366", "tvtn": "203", "tvan": "203", "vag": "1", "tvtl": "11", "tval": "11"}, {"n": "130000064023", "tvtn": "418", "tvan": "418", "vag": "2", "tvtl": "9", "tval": "9"}, {"n": "130000079637", "tvtn": "329", "tvan": "329", "vag": "1", "tvtl": "45", "tval": "45"}], "part": [{"n": "15", "tvtn": "322", "tvan": "322", "tvtl": "36", "tval": "36"}, {"n": "25", "tvtn": "376", "tvan": "376", "tvtl": "12", "tval": "12"}, {"n": "22", "tvtn": "469", "tvan": "469", "tvtl": "13", "tval": "13"}, {"n": "20", "tvtn": "311", "tvan": "311", "tvtl": "11", "tval": "11"}, {"n": "17", "tvtn": "203", "tvan": "203", "tvtl": "11", "tval": "11"}, {"n": "40", "tvtn": "418", "tvan": "418", "tvtl": "9", "tval": "9"}, {"n": "45", "tvtn": "329", "tvan": "329", "tvtl": "45", "tval": "45"}], "cand": [{"seq": "22", "n": "15123", "vap": "33", "pvap": "   1,29", "e": "N", "st": "Suplente"}, {"seq": "57", "n": "15333", "vap": "4", "pvap": "   0,16", "e": "N", "st": "Suplente"}, {"seq": "3", "n": "15610", "vap": "140", "pvap": "   5,46", "e": "S", "st": "Eleito"}, {"seq": "41", "n": "15000", "vap": "10", "pvap": "   0,39", "e": "N", "st": "Suplente"}, {"seq": "46", "n": "15555", "vap": "9", "pvap": "   0,35", "e": "N", "st": "Suplente"}, {"seq": "10", "n": "15615", "vap": "126", "pvap": "   4,91", "e": "N", "st": "Suplente"}, {"seq": "29", "n": "25133", "vap": "23", "pvap": "   0,90", "e": "N", "st": "Suplente"}, {"seq": "52", "n": "25121", "vap": "6", "pvap": "   0,23", "e": "N", "st": "Suplente"}, {"seq": "35", "n": "25123", "vap": "14", "pvap": "   0,55", "e": "N", "st": "Suplente"}, {"seq": "27", "n": "25550", "vap": "24", "pvap": "   0,94", "e": "N", "st": "Suplente"}, {"seq": "28", "n": "25604", "vap": "23", "pvap": "   0,90", "e": "N", "st": "Suplente"}, {"seq": "14", "n": "25678", "vap": "73", "pvap": "   2,85", "e": "N", "st": "Suplente"}, {"seq": "7", "n": "25555", "vap": "130", "pvap": "   5,07", "e": "S", "st": "Eleito"}, {"seq": "37", "n": "25025", "vap": "12", "pvap": "   0,47", "e": "N", "st": "Suplente"}, {"seq": "21", "n": "25211", "vap": "34", "pvap": "   1,33", "e": "N", "st": "Suplente"}, {"seq": "19", "n": "25522", "vap": "37", "pvap": "   1,44", "e": "N", "st": "Suplente"}, {"seq": "1", "n": "22123", "vap": "157", "pvap": "   6,12", "e": "S", "st": "Eleito"}, {"seq": "18", "n": "22315", "vap": "47", "pvap": "   1,83", "e": "N", "st": "Suplente"}, {"seq": "11", "n": "22000", "vap": "91", "pvap": "   3,55", "e": "N", "st": "Suplente"}, {"seq": "30", "n": "22322", "vap": "21", "pvap": "   0,82", "e": "N", "st": "Suplente"}, {"seq": "34", "n": "22222", "vap": "15", "pvap": "   0,58", "e": "N", "st": "Suplente"}, {"seq": "4", "n": "22456", "vap": "138", "pvap": "   5,38", "e": "S", "st": "Eleito"}, {"seq": "17", "n": "20127", "vap": "48", "pvap": "   1,87", "e": "N", "st": "Suplente"}, {"seq": "24", "n": "20777", "vap": "30", "pvap": "   1,17", "e": "N", "st": "Suplente"}, {"seq": "60", "n": "20002", "vap": "1", "pvap": "   0,04", "e": "N", "st": "Suplente"}, {"seq": "2", "n": "20222", "vap": "148", "pvap": "   5,77", "e": "S", "st": "Eleito"}, {"seq": "53", "n": "20456", "vap": "5", "pvap": "   0,19", "e": "N", "st": "Suplente"}, {"seq": "61", "n": "20201", "vap": "1", "pvap": "   0,04", "e": "N", "st": "Suplente"}, {"seq": "13", "n": "20123", "vap": "76", "pvap": "   2,96", "e": "N", "st": "Suplente"}, {"seq": "59", "n": "20555", "vap": "2", "pvap": "   0,08", "e": "N", "st": "Suplente"}, {"seq": "56", "n": "17456", "vap": "5", "pvap": "   0,19", "e": "N", "st": "Suplente"}, {"seq": "20", "n": "17555", "vap": "36", "pvap": "   1,40", "e": "N", "st": "Suplente"}, {"seq": "45", "n": "17111", "vap": "9", "pvap": "   0,35", "e": "N", "st": "Suplente"}, {"seq": "23", "n": "17777", "vap": "30", "pvap": "   1,17", "e": "N", "st": "Suplente"}, {"seq": "39", "n": "17444", "vap": "11", "pvap": "   0,43", "e": "N", "st": "Suplente"}, {"seq": "40", "n": "17222", "vap": "11", "pvap": "   0,43", "e": "N", "st": "Suplente"}, {"seq": "55", "n": "17123", "vap": "5", "pvap": "   0,19", "e": "N", "st": "Suplente"}, {"seq": "8", "n": "17666", "vap": "91", "pvap": "   3,55", "e": "S", "st": "Eleito"}, {"seq": "54", "n": "17102", "vap": "5", "pvap": "   0,19", "e": "N", "st": "Suplente"}, {"seq": "36", "n": "40888", "vap": "14", "pvap": "   0,55", "e": "N", "st": "Suplente"}, {"seq": "43", "n": "40210", "vap": "10", "pvap": "   0,39", "e": "N", "st": "Suplente"}, {"seq": "58", "n": "40333", "vap": "2", "pvap": "   0,08", "e": "N", "st": "Suplente"}, {"seq": "9", "n": "40123", "vap": "84", "pvap": "   3,27", "e": "S", "st": "Eleito"}, {"seq": "5", "n": "40000", "vap": "137", "pvap": "   5,34", "e": "S", "st": "Eleito"}, {"seq": "12", "n": "40233", "vap": "82", "pvap": "   3,20", "e": "N", "st": "Suplente"}, {"seq": "26", "n": "40012", "vap": "25", "pvap": "   0,97", "e": "N", "st": "Suplente"}, {"seq": "25", "n": "40611", "vap": "28", "pvap": "   1,09", "e": "N", "st": "Suplente"}, {"seq": "42", "n": "40001", "vap": "10", "pvap": "   0,39", "e": "N", "st": "Suplente"}, {"seq": "33", "n": "40122", "vap": "16", "pvap": "   0,62", "e": "N", "st": "Suplente"}, {"seq": "44", "n": "40222", "vap": "10", "pvap": "   0,39", "e": "N", "st": "Suplente"}, {"seq": "51", "n": "45146", "vap": "7", "pvap": "   0,27", "e": "N", "st": "Suplente"}, {"seq": "16", "n": "45309", "vap": "50", "pvap": "   1,95", "e": "N", "st": "Suplente"}, {"seq": "50", "n": "45667", "vap": "7", "pvap": "   0,27", "e": "N", "st": "Suplente"}, {"seq": "15", "n": "45136", "vap": "62", "pvap": "   2,42", "e": "N", "st": "Suplente"}, {"seq": "31", "n": "45234", "vap": "19", "pvap": "   0,74", "e": "N", "st": "Suplente"}, {"seq": "38", "n": "45123", "vap": "11", "pvap": "   0,43", "e": "N", "st": "Suplente"}, {"seq": "32", "n": "45555", "vap": "16", "pvap": "   0,62", "e": "N", "st": "Suplente"}, {"seq": "49", "n": "45444", "vap": "8", "pvap": "   0,31", "e": "N", "st": "Suplente"}, {"seq": "48", "n": "45333", "vap": "9", "pvap": "   0,35", "e": "N", "st": "Suplente"}, {"seq": "47", "n": "45644", "vap": "9", "pvap": "   0,35", "e": "N", "st": "Suplente"}, {"seq": "6", "n": "45133", "vap": "131", "pvap": "   5,11", "e": "S", "st": "Eleito"}]}, {"dt": "15/11/2020", "ht": "23:17:01", "tf": "S", "and": "F", "tpabr": "ZONA", "cdabr": "170", "s": "8", "st": "8", "snt": "0", "si": "8", "sni": "0", "sa": "8", "sna": "0", "pst": " 100,00", "psnt": "   0,00", "psi": " 100,00", "psni": "   0,00", "psa": " 100,00", "psna": "   0,00", "e": "2965", "ea": "2965", "ena": "0", "esi": "2965", "esni": "0", "a": "295", "c": "2670", "pea": " 100,00", "pena": "   0,00", "pesi": " 100,00", "pesni": "   0,00", "pa": "   9,95", "pc": "  90,05", "vnom": "2428", "vscv": "0", "vl": "137", "tv": "2670", "vvc": "2565", "vb": "30", "tvn": "75", "vn": "75", "vnt": "0", "vp": "0", "vv": "2565", "van": "0", "vansj": "0", "pvnom": "  94,66", "pvl": "   5,34", "pvvc": "  96,07", "pvb": "   1,12", "ptvn": "   2,81", "pvn": " 100,00", "pvnt": "   0,00", "pvp": "   0,00", "pvv": " 100,00", "pvan": "   0,00", "pvansj": "   0,00", "cand": [{"seq": "8", "n": "17666", "vap": "91", "pvap": "   3,55", "e": "S", "st": "Eleito"}, {"seq": "20", "n": "17555", "vap": "36", "pvap": "   1,40", "e": "N", "st": "Suplente"}, {"seq": "23", "n": "17777", "vap": "30", "pvap": "   1,17", "e": "N", "st": "Suplente"}, {"seq": "39", "n": "17444", "vap": "11", "pvap": "   0,43", "e": "N", "st": "Suplente"}, {"seq": "40", "n": "17222", "vap": "11", "pvap": "   0,43", "e": "N", "st": "Suplente"}, {"seq": "45", "n": "17111", "vap": "9", "pvap": "   0,35", "e": "N", "st": "Suplente"}, {"seq": "54", "n": "17102", "vap": "5", "pvap": "   0,19", "e": "N", "st": "Suplente"}, {"seq": "55", "n": "17123", "vap": "5", "pvap": "   0,19", "e": "N", "st": "Suplente"}, {"seq": "56", "n": "17456", "vap": "5", "pvap": "   0,19", "e": "N", "st": "Suplente"}, {"seq": "6", "n": "45133", "vap": "131", "pvap": "   5,11", "e": "S", "st": "Eleito"}, {"seq": "15", "n": "45136", "vap": "62", "pvap": "   2,42", "e": "N", "st": "Suplente"}, {"seq": "16", "n": "45309", "vap": "50", "pvap": "   1,95", "e": "N", "st": "Suplente"}, {"seq": "31", "n": "45234", "vap": "19", "pvap": "   0,74", "e": "N", "st": "Suplente"}, {"seq": "32", "n": "45555", "vap": "16", "pvap": "   0,62", "e": "N", "st": "Suplente"}, {"seq": "38", "n": "45123", "vap": "11", "pvap": "   0,43", "e": "N", "st": "Suplente"}, {"seq": "47", "n": "45644", "vap": "9", "pvap": "   0,35", "e": "N", "st": "Suplente"}, {"seq": "48", "n": "45333", "vap": "9", "pvap": "   0,35", "e": "N", "st": "Suplente"}, {"seq": "49", "n": "45444", "vap": "8", "pvap": "   0,31", "e": "N", "st": "Suplente"}, {"seq": "50", "n": "45667", "vap": "7", "pvap": "   0,27", "e": "N", "st": "Suplente"}, {"seq": "51", "n": "45146", "vap": "7", "pvap": "   0,27", "e": "N", "st": "Suplente"}, {"seq": "3", "n": "15610", "vap": "140", "pvap": "   5,46", "e": "S", "st": "Eleito"}, {"seq": "10", "n": "15615", "vap": "126", "pvap": "   4,91", "e": "N", "st": "Suplente"}, {"seq": "22", "n": "15123", "vap": "33", "pvap": "   1,29", "e": "N", "st": "Suplente"}, {"seq": "41", "n": "15000", "vap": "10", "pvap": "   0,39", "e": "N", "st": "Suplente"}, {"seq": "46", "n": "15555", "vap": "9", "pvap": "   0,35", "e": "N", "st": "Suplente"}, {"seq": "57", "n": "15333", "vap": "4", "pvap": "   0,16", "e": "N", "st": "Suplente"}, {"seq": "2", "n": "20222", "vap": "148", "pvap": "   5,77", "e": "S", "st": "Eleito"}, {"seq": "13", "n": "20123", "vap": "76", "pvap": "   2,96", "e": "N", "st": "Suplente"}, {"seq": "17", "n": "20127", "vap": "48", "pvap": "   1,87", "e": "N", "st": "Suplente"}, {"seq": "24", "n": "20777", "vap": "30", "pvap": "   1,17", "e": "N", "st": "Suplente"}, {"seq": "53", "n": "20456", "vap": "5", "pvap": "   0,19", "e": "N", "st": "Suplente"}, {"seq": "59", "n": "20555", "vap": "2", "pvap": "   0,08", "e": "N", "st": "Suplente"}, {"seq": "60", "n": "20002", "vap": "1", "pvap": "   0,04", "e": "N", "st": "Suplente"}, {"seq": "61", "n": "20201", "vap": "1", "pvap": "   0,04", "e": "N", "st": "Suplente"}, {"seq": "5", "n": "40000", "vap": "137", "pvap": "   5,34", "e": "S", "st": "Eleito"}, {"seq": "9", "n": "40123", "vap": "84", "pvap": "   3,27", "e": "S", "st": "Eleito"}, {"seq": "12", "n": "40233", "vap": "82", "pvap": "   3,20", "e": "N", "st": "Suplente"}, {"seq": "25", "n": "40611", "vap": "28", "pvap": "   1,09", "e": "N", "st": "Suplente"}, {"seq": "26", "n": "40012", "vap": "25", "pvap": "   0,97", "e": "N", "st": "Suplente"}, {"seq": "33", "n": "40122", "vap": "16", "pvap": "   0,62", "e": "N", "st": "Suplente"}, {"seq": "36", "n": "40888", "vap": "14", "pvap": "   0,55", "e": "N", "st": "Suplente"}, {"seq": "42", "n": "40001", "vap": "10", "pvap": "   0,39", "e": "N", "st": "Suplente"}, {"seq": "43", "n": "40210", "vap": "10", "pvap": "   0,39", "e": "N", "st": "Suplente"}, {"seq": "44", "n": "40222", "vap": "10", "pvap": "   0,39", "e": "N", "st": "Suplente"}, {"seq": "58", "n": "40333", "vap": "2", "pvap": "   0,08", "e": "N", "st": "Suplente"}, {"seq": "1", "n": "22123", "vap": "157", "pvap": "   6,12", "e": "S", "st": "Eleito"}, {"seq": "4", "n": "22456", "vap": "138", "pvap": "   5,38", "e": "S", "st": "Eleito"}, {"seq": "11", "n": "22000", "vap": "91", "pvap": "   3,55", "e": "N", "st": "Suplente"}, {"seq": "18", "n": "22315", "vap": "47", "pvap": "   1,83", "e": "N", "st": "Suplente"}, {"seq": "30", "n": "22322", "vap": "21", "pvap": "   0,82", "e": "N", "st": "Suplente"}, {"seq": "34", "n": "22222", "vap": "15", "pvap": "   0,58", "e": "N", "st": "Suplente"}, {"seq": "7", "n": "25555", "vap": "130", "pvap": "   5,07", "e": "S", "st": "Eleito"}, {"seq": "14", "n": "25678", "vap": "73", "pvap": "   2,85", "e": "N", "st": "Suplente"}, {"seq": "19", "n": "25522", "vap": "37", "pvap": "   1,44", "e": "N", "st": "Suplente"}, {"seq": "21", "n": "25211", "vap": "34", "pvap": "   1,33", "e": "N", "st": "Suplente"}, {"seq": "27", "n": "25550", "vap": "24", "pvap": "   0,94", "e": "N", "st": "Suplente"}, {"seq": "28", "n": "25604", "vap": "23", "pvap": "   0,90", "e": "N", "st": "Suplente"}, {"seq": "29", "n": "25133", "vap": "23", "pvap": "   0,90", "e": "N", "st": "Suplente"}, {"seq": "35", "n": "25123", "vap": "14", "pvap": "   0,55", "e": "N", "st": "Suplente"}, {"seq": "37", "n": "25025", "vap": "12", "pvap": "   0,47", "e": "N", "st": "Suplente"}, {"seq": "52", "n": "25121", "vap": "6", "pvap": "   0,23", "e": "N", "st": "Suplente"}]}]}