{"ele": "426", "carper": "13", "t": "1", "f": "O", "esae": "N", "mnae": " ", "dg": "15/11/2020", "hg": "23:23:48", "dv": "S", "nadf": "mg46310-c0013-e000426-002-f", "abr": [{"dt": "15/11/2020", "ht": "23:05:57", "tf": "S", "and": "F", "tpabr": "MU", "cdabr": "46310", "s": "18", "st": "18", "snt": "0", "si": "18", "sni": "0", "sa": "18", "sna": "0", "pst": " 100,00", "psnt": "   0,00", "psi": " 100,00", "psni": "   0,00", "psa": " 100,00", "psna": "   0,00", "e": "6104", "ea": "6104", "ena": "0", "esi": "6104", "esni": "0", "c": "5511", "a": "593", "pea": " 100,00", "pena": "   0,00", "pesi": " 100,00", "pesni": "   0,00", "pa": "   9,71", "pc": "  90,29", "vscv": "0", "vnom": "5100", "vl": "249", "tv": "5511", "vvc": "5349", "vb": "51", "tvn": "111", "vn": "111", "vnt": "0", "vp": "0", "vv": "5349", "van": "0", "vansj": "0", "pvnom": "  95,34", "pvl": "   4,66", "pvvc": "  97,06", "pvb": "   0,93", "ptvn": "   2,01", "pvn": " 100,00", "pvnt": "   0,00", "pvp": "   0,00", "pvv": " 100,00", "pvan": "   0,00", "pvansj": "   0,00", "colig": [{"n": "130000060538", "tvtn": "2402", "tvan": "2402", "vag": "4", "tvtl": "129", "tval": "129"}, {"n": "130000060541", "tvtn": "729", "tvan": "729", "vag": "1", "tvtl": "17", "tval": "17"}, {"n": "130000107960", "tvtn": "1969", "tvan": "1969", "vag": "4", "tvtl": "103", "tval": "103"}], "part": [{"n": "12", "tvtn": "2402", "tvan": "2402", "tvtl": "129", "tval": "129"}, {"n": "22", "tvtn": "729", "tvan": "729", "tvtl": "17", "tval": "17"}, {"n": "90", "tvtn": "1969", "tvan": "1969", "tvtl": "103", "tval": "103"}], "cand": [{"seq": "30", "n": "12369", "vap": "44", "pvap": "   0,82", "e": "N", "st": "Suplente"}, {"seq": "21", "n": "12112", "vap": "90", "pvap": "   1,68", "e": "N", "st": "Suplente"}, {"seq": "5", "n": "12135", "vap": "252", "pvap": "   4,71", "e": "S", "st": "Eleito"}, {"seq": "39", "n": "12012", "vap": "5", "pvap": "   0,09", "e": "N", "st": "Suplente"}, {"seq": "22", "n": "12000", "vap": "86", "pvap": "   1,61", "e": "N", "st": "Suplente"}, {"seq": "3", "n": "12123", "vap": "326", "pvap": "   6,09", "e": "S", "st": "Eleito"}, {"seq": "1", "n": "12612", "vap": "485", "pvap": "   9,07", "e": "S", "st": "Eleito"}, {"seq": "17", "n": "12122", "vap": "148", "pvap": "   2,77", "e": "N", "st": "Suplente"}, {"seq": "14", "n": "12912", "vap": "155", "pvap": "   2,90", "e": "N", "st": "Suplente"}, {"seq": "2", "n": "12222", "vap": "463", "pvap": "   8,66", "e": "S", "st": "Eleito"}, {"seq": "29", "n": "12345", "vap": "45", "pvap": "   0,84", "e": "N", "st": "Suplente"}, {"seq": "34", "n": "12412", "vap": "16", "pvap": "   0,30", "e": "N", "st": "Suplente"}, {"seq": "24", "n": "12100", "vap": "62", "pvap": "   1,16", "e": "N", "st": "Suplente"}, {"seq": "10", "n": "12220", "vap": "225", "pvap": "   4,21", "e": "N", "st": "Suplente"}, {"seq": "40", "n": "22555", "vap": "2", "pvap": "   0,04", "e": "N", "st": "Suplente"}, {"seq": "27", "n": "22100", "vap": "51", "pvap": "   0,95", "e": "N", "st": "Suplente"}, {"seq": "35", "n": "22500", "vap": "15", "pvap": "   0,28", "e": "N", "st": "Suplente"}, {"seq": "31", "n": "22580", "vap": "39", "pvap": "   0,73", "e": "N", "st": "Suplente"}, {"seq": "38", "n": "22111", "vap": "8", "pvap": "   0,15", "e": "N", "st": "Suplente"}, {"seq": "36", "n": "22022", "vap": "11", "pvap": "   0,21", "e": "N", "st": "Suplente"}, {"seq": "23", "n": "22044", "vap": "63", "pvap": "   1,18", "e": "N", "st": "Suplente"}, {"seq": "33", "n": "22150", "vap": "24", "pvap": "   0,45", "e": "N", "st": "Suplente"}, {"seq": "8", "n": "22222", "vap": "206", "pvap": "   3,85", "e": "S", "st": "Eleito"}, {"seq": "19", "n": "22123", "vap": "111", "pvap": "   2,08", "e": "N", "st": "Suplente"}, {"seq": "28", "n": "22333", "vap": "48", "pvap": "   0,90", "e": "N", "st": "Suplente"}, {"seq": "16", "n": "22040", "vap": "151", "pvap": "   2,82", "e": "N", "st": "Suplente"}, {"seq": "6", "n": "90222", "vap": "224", "pvap": "   4,19", "e": "S", "st": "Eleito"}, {"seq": "4", "n": "90590", "vap": "266", "pvap": "   4,97", "e": "S", "st": "Eleito"}, {"seq": "37", "n": "90181", "vap": "11", "pvap": "   0,21", "e": "N", "st": "Suplente"}, {"seq": "25", "n": "90890", "vap": "58", "pvap": "   1,08", "e": "N", "st": "Suplente"}, {"seq": "11", "n": "90000", "vap": "183", "pvap": "   3,42", "e": "N", "st": "Suplente"}, {"seq": "12", "n": "90789", "vap": "177", "pvap": "   3,31", "e": "N", "st": "Suplente"}, {"seq": "26", "n": "90333", "vap": "54", "pvap": "   1,01", "e": "N", "st": "Suplente"}, {"seq": "13", "n": "90015", "vap": "165", "pvap": "   3,08", "e": "N", "st": "Suplente"}, {"seq": "18", "n": "90900", "vap": "128", "pvap": "   2,39", "e": "N", "st": "Suplente"}, {"seq": "7", "n": "90123", "vap": "220", "pvap": "   4,11", "e": "S", "st": "Eleito"}, {"seq": "9", "n": "90999", "vap": "204", "pvap": "   3,81", "e": "S", "st": "Eleito"}, {"seq": "20", "n": "90456", "vap": "96", "pvap": "   1,79", "e": "N", "st": "Suplente"}, {"seq": "32", "n": "90100", "vap": "31", "pvap": "   0,58", "e": "N", "st": "Suplente"}, {"seq": "15", "n": "90555", "vap": "152", "pvap": "   2,84", "e": "N", "st": "Suplente"}]}, {"dt": "15/11/2020", "ht": "23:05:57", "tf": "S", "and": "F", "tpabr": "ZONA", "cdabr": "110", "s": "18", "st": "18", "snt": "0", "si": "18", "sni": "0", "sa": "18", "sna": "0", "pst": " 100,00", "psnt": "   0,00", "psi": " 100,00", "psni": "   0,00", "psa": " 100,00", "psna": "   0,00", "e": "6104", "ea": "6104", "ena": "0", "esi": "6104", "esni": "0", "a": "593", "c": "5511", "pea": " 100,00", "pena": "   0,00", "pesi": " 100,00", "pesni": "   0,00", "pa": "   9,71", "pc": "  90,29", "vnom": "5100", "vscv": "0", "vl": "249", "tv": "5511", "vvc": "5349", "vb": "51", "tvn": "111", "vn": "111", "vnt": "0", "vp": "0", "vv": "5349", "van": "0", "vansj": "0", "pvnom": "  95,34", "pvl": "   4,66", "pvvc": "  97,06", "pvb": "   0,93", "ptvn": "   2,01", "pvn": " 100,00", "pvnt": "   0,00", "pvp": "   0,00", "pvv": " 100,00", "pvan": "   0,00", "pvansj": "   0,00", "cand": [{"seq": "4", "n": "90590", "vap": "266", "pvap": "   4,97", "e": "S", "st": "Eleito"}, {"seq": "6", "n": "90222", "vap": "224", "pvap": "   4,19", "e": "S", "st": "Eleito"}, {"seq": "7", "n": "90123", "vap": "220", "pvap": "   4,11", "e": "S", "st": "Eleito"}, {"seq": "9", "n": "90999", "vap": "204", "pvap": "   3,81", "e": "S", "st": "Eleito"}, {"seq": "11", "n": "90000", "vap": "183", "pvap": "   3,42", "e": "N", "st": "Suplente"}, {"seq": "12", "n": "90789", "vap": "177", "pvap": "   3,31", "e": "N", "st": "Suplente"}, {"seq": "13", "n": "90015", "vap": "165", "pvap": "   3,08", "e": "N", "st": "Suplente"}, {"seq": "15", "n": "90555", "vap": "152", "pvap": "   2,84", "e": "N", "st": "Suplente"}, {"seq": "18", "n": "90900", "vap": "128", "pvap": "   2,39", "e": "N", "st": "Suplente"}, {"seq": "20", "n": "90456", "vap": "96", "pvap": "   1,79", "e": "N", "st": "Suplente"}, {"seq": "25", "n": "90890", "vap": "58", "pvap": "   1,08", "e": "N", "st": "Suplente"}, {"seq": "26", "n": "90333", "vap": "54", "pvap": "   1,01", "e": "N", "st": "Suplente"}, {"seq": "32", "n": "90100", "vap": "31", "pvap": "   0,58", "e": "N", "st": "Suplente"}, {"seq": "37", "n": "90181", "vap": "11", "pvap": "   0,21", "e": "N", "st": "Suplente"}, {"seq": "1", "n": "12612", "vap": "485", "pvap": "   9,07", "e": "S", "st": "Eleito"}, {"seq": "2", "n": "12222", "vap": "463", "pvap": "   8,66", "e": "S", "st": "Eleito"}, {"seq": "3", "n": "12123", "vap": "326", "pvap": "   6,09", "e": "S", "st": "Eleito"}, {"seq": "5", "n": "12135", "vap": "252", "pvap": "   4,71", "e": "S", "st": "Eleito"}, {"seq": "10", "n": "12220", "vap": "225", "pvap": "   4,21", "e": "N", "st": "Suplente"}, {"seq": "14", "n": "12912", "vap": "155", "pvap": "   2,90", "e": "N", "st": "Suplente"}, {"seq": "17", "n": "12122", "vap": "148", "pvap": "   2,77", "e": "N", "st": "Suplente"}, {"seq": "21", "n": "12112", "vap": "90", "pvap": "   1,68", "e": "N", "st": "Suplente"}, {"seq": "22", "n": "12000", "vap": "86", "pvap": "   1,61", "e": "N", "st": "Suplente"}, {"seq": "24", "n": "12100", "vap": "62", "pvap": "   1,16", "e": "N", "st": "Suplente"}, {"seq": "29", "n": "12345", "vap": "45", "pvap": "   0,84", "e": "N", "st": "Suplente"}, {"seq": "30", "n": "12369", "vap": "44", "pvap": "   0,82", "e": "N", "st": "Suplente"}, {"seq": "34", "n": "12412", "vap": "16", "pvap": "   0,30", "e": "N", "st": "Suplente"}, {"seq": "39", "n": "12012", "vap": "5", "pvap": "   0,09", "e": "N", "st": "Suplente"}, {"seq": "8", "n": "22222", "vap": "206", "pvap": "   3,85", "e": "S", "st": "Eleito"}, {"seq": "16", "n": "22040", "vap": "151", "pvap": "   2,82", "e": "N", "st": "Suplente"}, {"seq": "19", "n": "22123", "vap": "111", "pvap": "   2,08", "e": "N", "st": "Suplente"}, {"seq": "23", "n": "22044", "vap": "63", "pvap": "   1,18", "e": "N", "st": "Suplente"}, {"seq": "27", "n": "22100", "vap": "51", "pvap": "   0,95", "e": "N", "st": "Suplente"}, {"seq": "28", "n": "22333", "vap": "48", "pvap": "   0,90", "e": "N", "st": "Suplente"}, {"seq": "31", "n": "22580", "vap": "39", "pvap": "   0,73", "e": "N", "st": "Suplente"}, {"seq": "33", "n": "22150", "vap": "24", "pvap": "   0,45", "e": "N", "st": "Suplente"}, {"seq": "35", "n": "22500", "vap": "15", "pvap": "   0,28", "e": "N", "st": "Suplente"}, {"seq": "36", "n": "22022", "vap": "11", "pvap": "   0,21", "e": "N", "st": "Suplente"}, {"seq": "38", "n": "22111", "vap": "8", "pvap": "   0,15", "e": "N", "st": "Suplente"}, {"seq": "40", "n": "22555", "vap": "2", "pvap": "   0,04", "e": "N", "st": "Suplente"}]}]}