{"ele": "426", "carper": "13", "t": "1", "f": "O", "esae": "N", "mnae": " ", "dg": "16/11/2020", "hg": "00:37:42", "dv": "S", "nadf": "mg47350-c0013-e000426-003-f", "abr": [{"dt": "15/11/2020", "ht": "23:52:53", "tf": "S", "and": "F", "tpabr": "MU", "cdabr": "47350", "s": "14", "st": "14", "snt": "0", "si": "14", "sni": "0", "sa": "14", "sna": "0", "pst": " 100,00", "psnt": "   0,00", "psi": " 100,00", "psni": "   0,00", "psa": " 100,00", "psna": "   0,00", "e": "4461", "ea": "4461", "ena": "0", "esi": "4461", "esni": "0", "c": "3868", "a": "593", "pea": " 100,00", "pena": "   0,00", "pesi": " 100,00", "pesni": "   0,00", "pa": "  13,29", "pc": "  86,71", "vscv": "0", "vnom": "3599", "vl": "170", "tv": "3868", "vvc": "3769", "vb": "29", "tvn": "70", "vn": "70", "vnt": "0", "vp": "0", "vv": "3769", "van": "0", "vansj": "0", "pvnom": "  95,49", "pvl": "   4,51", "pvvc": "  97,44", "pvb": "   0,75", "ptvn": "   1,81", "pvn": " 100,00", "pvnt": "   0,00", "pvp": "   0,00", "pvv": " 100,00", "pvan": "   0,00", "pvansj": "   0,00", "colig": [{"n": "130000144138", "tvtn": "946", "tvan": "946", "vag": "3", "tvtl": "48", "tval": "48"}, {"n": "130000164894", "tvtn": "461", "tvan": "461", "vag": "1", "tvtl": "11", "tval": "11"}, {"n": "130000144243", "tvtn": "357", "tvan": "357", "vag": "1", "tvtl": "2", "tval": "2"}, {"n": "130000128155", "tvtn": "481", "tvan": "481", "vag": "1", "tvtl": "64", "tval": "64"}, {"n": "130000128156", "tvtn": "798", "tvan": "798", "vag": "2", "tvtl": "15", "tval": "15"}, {"n": "130000128153", "tvtn": "5", "tvan": "5", "vag": "0", "tvtl": "25", "tval": "25"}, {"n": "130000144278", "tvtn": "551", "tvan": "551", "vag": "1", "tvtl": "5", "tval": "5"}], "part": [{"n": "11", "tvtn": "946", "tvan": "946", "tvtl": "48", "tval": "48"}, {"n": "12", "tvtn": "461", "tvan": "461", "tvtl": "11", "tval": "11"}, {"n": "55", "tvtn": "357", "tvan": "357", "tvtl": "2", "tval": "2"}, {"n": "45", "tvtn": "481", "tvan": "481", "tvtl": "64", "tval": "64"}, {"n": "51", "tvtn": "798", "tvan": "798", "tvtl": "15", "tval": "15"}, {"n": "13", "tvtn": "5", "tvan": "5", "tvtl": "25", "tval": "25"}, {"n": "77", "tvtn": "551", "tvan": "551", "tvtl": "5", "tval": "5"}], "cand": [{"seq": "7", "n": "11123", "vap": "136", "pvap": "   3,61", "e": "S", "st": "Eleito"}, {"seq": "4", "n": "11333", "vap": "174", "pvap": "   4,62", "e": "S", "st": "Eleito"}, {"seq": "20", "n": "11106", "vap": "85", "pvap": "   2,26", "e": "N", "st": "Suplente"}, {"seq": "18", "n": "11369", "vap": "87", "pvap": "   2,31", "e": "N", "st": "Suplente"}, {"seq": "27", "n": "11222", "vap": "45", "pvap": "   1,19", "e": "N", "st": "Suplente"}, {"seq": "22", "n": "11440", "vap": "69", "pvap": "   1,83", "e": "N", "st": "Suplente"}, {"seq": "2", "n": "11111", "vap": "281", "pvap": "   7,46", "e": "S", "st": "Eleito"}, {"seq": "53", "n": "11444", "vap": "0", "pvap": "00.00", "e": "N", "st": "Suplente"}, {"seq": "23", "n": "11000", "vap": "68", "pvap": "   1,80", "e": "N", "st": "Suplente"}, {"seq": "51", "n": "11210", "vap": "1", "pvap": "   0,03", "e": "N", "st": "Suplente"}, {"seq": "30", "n": "12500", "vap": "28", "pvap": "   0,74", "e": "N", "st": "Suplente"}, {"seq": "39", "n": "12222", "vap": "7", "pvap": "   0,19", "e": "N", "st": "Suplente"}, {"seq": "15", "n": "12456", "vap": "99", "pvap": "   2,63", "e": "N", "st": "Suplente"}, {"seq": "50", "n": "12210", "vap": "1", "pvap": "   0,03", "e": "N", "st": "Suplente"}, {"seq": "12", "n": "12345", "vap": "120", "pvap": "   3,18", "e": "N", "st": "Suplente"}, {"seq": "6", "n": "12369", "vap": "153", "pvap": "   4,06", "e": "S", "st": "Eleito"}, {"seq": "28", "n": "12000", "vap": "34", "pvap": "   0,90", "e": "N", "st": "Suplente"}, {"seq": "47", "n": "12789", "vap": "3", "pvap": "   0,08", "e": "N", "st": "Suplente"}, {"seq": "34", "n": "12123", "vap": "16", "pvap": "   0,42", "e": "N", "st": "Suplente"}, {"seq": "54", "n": "55200", "vap": "0", "pvap": "00.00", "e": "N", "st": "Suplente"}, {"seq": "43", "n": "55122", "vap": "6", "pvap": "   0,16", "e": "N", "st": "Suplente"}, {"seq": "46", "n": "55000", "vap": "4", "pvap": "   0,11", "e": "N", "st": "Suplente"}, {"seq": "48", "n": "55100", "vap": "3", "pvap": "   0,08", "e": "N", "st": "Suplente"}, {"seq": "33", "n": "55333", "vap": "18", "pvap": "   0,48", "e": "N", "st": "Suplente"}, {"seq": "21", "n": "55222", "vap": "77", "pvap": "   2,04", "e": "N", "st": "Suplente"}, {"seq": "9", "n": "55555", "vap": "108", "pvap": "   2,87", "e": "S", "st": "Eleito"}, {"seq": "17", "n": "55123", "vap": "91", "pvap": "   2,41", "e": "N", "st": "Suplente"}, {"seq": "26", "n": "55435", "vap": "50", "pvap": "   1,33", "e": "N", "st": "Suplente"}, {"seq": "35", "n": "45888", "vap": "13", "pvap": "   0,34", "e": "N", "st": "Suplente"}, {"seq": "40", "n": "45966", "vap": "7", "pvap": "   0,19", "e": "N", "st": "Suplente"}, {"seq": "29", "n": "45678", "vap": "33", "pvap": "   0,88", "e": "N", "st": "Suplente"}, {"seq": "3", "n": "45555", "vap": "205", "pvap": "   5,44", "e": "S", "st": "Eleito"}, {"seq": "24", "n": "45123", "vap": "63", "pvap": "   1,67", "e": "N", "st": "Suplente"}, {"seq": "52", "n": "45045", "vap": "0", "pvap": "00.00", "e": "N", "st": "Suplente"}, {"seq": "45", "n": "45777", "vap": "5", "pvap": "   0,13", "e": "N", "st": "Suplente"}, {"seq": "11", "n": "45333", "vap": "155", "pvap": "   4,11", "e": "N", "st": "Suplente"}, {"seq": "5", "n": "51000", "vap": "167", "pvap": "   4,43", "e": "S", "st": "Eleito"}, {"seq": "16", "n": "51316", "vap": "97", "pvap": "   2,57", "e": "N", "st": "Suplente"}, {"seq": "37", "n": "51138", "vap": "11", "pvap": "   0,29", "e": "N", "st": "Suplente"}, {"seq": "41", "n": "51777", "vap": "7", "pvap": "   0,19", "e": "N", "st": "Suplente"}, {"seq": "38", "n": "51111", "vap": "9", "pvap": "   0,24", "e": "N", "st": "Suplente"}, {"seq": "14", "n": "51222", "vap": "101", "pvap": "   2,68", "e": "N", "st": "Suplente"}, {"seq": "8", "n": "51611", "vap": "110", "pvap": "   2,92", "e": "S", "st": "Eleito"}, {"seq": "36", "n": "51333", "vap": "13", "pvap": "   0,34", "e": "N", "st": "Suplente"}, {"seq": "13", "n": "51444", "vap": "109", "pvap": "   2,89", "e": "N", "st": "Suplente"}, {"seq": "42", "n": "51555", "vap": "6", "pvap": "   0,16", "e": "N", "st": "Suplente"}, {"seq": "25", "n": "51123", "vap": "59", "pvap": "   1,57", "e": "N", "st": "Suplente"}, {"seq": "19", "n": "51456", "vap": "86", "pvap": "   2,28", "e": "N", "st": "Suplente"}, {"seq": "32", "n": "51113", "vap": "23", "pvap": "   0,61", "e": "N", "st": "Suplente"}, {"seq": "55", "n": "13123", "vap": "4", "pvap": "   0,11", "e": "N", "st": "N\u00e3o eleito"}, {"seq": "56", "n": "13000", "vap": "1", "pvap": "   0,03", "e": "N", "st": "N\u00e3o eleito"}, {"seq": "49", "n": "77500", "vap": "1", "pvap": "   0,03", "e": "N", "st": "Suplente"}, {"seq": "31", "n": "77000", "vap": "24", "pvap": "   0,64", "e": "N", "st": "Suplente"}, {"seq": "1", "n": "77111", "vap": "289", "pvap": "   7,67", "e": "S", "st": "Eleito"}, {"seq": "10", "n": "77777", "vap": "232", "pvap": "   6,16", "e": "N", "st": "Suplente"}, {"seq": "44", "n": "77100", "vap": "5", "pvap": "   0,13", "e": "N", "st": "Suplente"}]}, {"dt": "15/11/2020", "ht": "23:52:53", "tf": "S", "and": "F", "tpabr": "ZONA", "cdabr": "185", "s": "14", "st": "14", "snt": "0", "si": "14", "sni": "0", "sa": "14", "sna": "0", "pst": " 100,00", "psnt": "   0,00", "psi": " 100,00", "psni": "   0,00", "psa": " 100,00", "psna": "   0,00", "e": "4461", "ea": "4461", "ena": "0", "esi": "4461", "esni": "0", "a": "593", "c": "3868", "pea": " 100,00", "pena": "   0,00", "pesi": " 100,00", "pesni": "   0,00", "pa": "  13,29", "pc": "  86,71", "vnom": "3599", "vscv": "0", "vl": "170", "tv": "3868", "vvc": "3769", "vb": "29", "tvn": "70", "vn": "70", "vnt": "0", "vp": "0", "vv": "3769", "van": "0", "vansj": "0", "pvnom": "  95,49", "pvl": "   4,51", "pvvc": "  97,44", "pvb": "   0,75", "ptvn": "   1,81", "pvn": " 100,00", "pvnt": "   0,00", "pvp": "   0,00", "pvv": " 100,00", "pvan": "   0,00", "pvansj": "   0,00", "cand": [{"seq": "44", "n": "77100", "vap": "5", "pvap": "   0,13", "e": "N", "st": "Suplente"}, {"seq": "31", "n": "77000", "vap": "24", "pvap": "   0,64", "e": "N", "st": "Suplente"}, {"seq": "49", "n": "77500", "vap": "1", "pvap": "   0,03", "e": "N", "st": "Suplente"}, {"seq": "1", "n": "77111", "vap": "289", "pvap": "   7,67", "e": "S", "st": "Eleito"}, {"seq": "10", "n": "77777", "vap": "232", "pvap": "   6,16", "e": "N", "st": "Suplente"}, {"seq": "51", "n": "11210", "vap": "1", "pvap": "   0,03", "e": "N", "st": "Suplente"}, {"seq": "7", "n": "11123", "vap": "136", "pvap": "   3,61", "e": "S", "st": "Eleito"}, {"seq": "22", "n": "11440", "vap": "69", "pvap": "   1,83", "e": "N", "st": "Suplente"}, {"seq": "2", "n": "11111", "vap": "281", "pvap": "   7,46", "e": "S", "st": "Eleito"}, {"seq": "53", "n": "11444", "vap": "0", "pvap": "00.00", "e": "N", "st": "Suplente"}, {"seq": "27", "n": "11222", "vap": "45", "pvap": "   1,19", "e": "N", "st": "Suplente"}, {"seq": "18", "n": "11369", "vap": "87", "pvap": "   2,31", "e": "N", "st": "Suplente"}, {"seq": "23", "n": "11000", "vap": "68", "pvap": "   1,80", "e": "N", "st": "Suplente"}, {"seq": "20", "n": "11106", "vap": "85", "pvap": "   2,26", "e": "N", "st": "Suplente"}, {"seq": "4", "n": "11333", "vap": "174", "pvap": "   4,62", "e": "S", "st": "Eleito"}, {"seq": "29", "n": "45678", "vap": "33", "pvap": "   0,88", "e": "N", "st": "Suplente"}, {"seq": "45", "n": "45777", "vap": "5", "pvap": "   0,13", "e": "N", "st": "Suplente"}, {"seq": "11", "n": "45333", "vap": "155", "pvap": "   4,11", "e": "N", "st": "Suplente"}, {"seq": "24", "n": "45123", "vap": "63", "pvap": "   1,67", "e": "N", "st": "Suplente"}, {"seq": "52", "n": "45045", "vap": "0", "pvap": "00.00", "e": "N", "st": "Suplente"}, {"seq": "35", "n": "45888", "vap": "13", "pvap": "   0,34", "e": "N", "st": "Suplente"}, {"seq": "40", "n": "45966", "vap": "7", "pvap": "   0,19", "e": "N", "st": "Suplente"}, {"seq": "3", "n": "45555", "vap": "205", "pvap": "   5,44", "e": "S", "st": "Eleito"}, {"seq": "8", "n": "51611", "vap": "110", "pvap": "   2,92", "e": "S", "st": "Eleito"}, {"seq": "13", "n": "51444", "vap": "109", "pvap": "   2,89", "e": "N", "st": "Suplente"}, {"seq": "25", "n": "51123", "vap": "59", "pvap": "   1,57", "e": "N", "st": "Suplente"}, {"seq": "42", "n": "51555", "vap": "6", "pvap": "   0,16", "e": "N", "st": "Suplente"}, {"seq": "36", "n": "51333", "vap": "13", "pvap": "   0,34", "e": "N", "st": "Suplente"}, {"seq": "37", "n": "51138", "vap": "11", "pvap": "   0,29", "e": "N", "st": "Suplente"}, {"seq": "16", "n": "51316", "vap": "97", "pvap": "   2,57", "e": "N", "st": "Suplente"}, {"seq": "5", "n": "51000", "vap": "167", "pvap": "   4,43", "e": "S", "st": "Eleito"}, {"seq": "14", "n": "51222", "vap": "101", "pvap": "   2,68", "e": "N", "st": "Suplente"}, {"seq": "41", "n": "51777", "vap": "7", "pvap": "   0,19", "e": "N", "st": "Suplente"}, {"seq": "19", "n": "51456", "vap": "86", "pvap": "   2,28", "e": "N", "st": "Suplente"}, {"seq": "32", "n": "51113", "vap": "23", "pvap": "   0,61", "e": "N", "st": "Suplente"}, {"seq": "38", "n": "51111", "vap": "9", "pvap": "   0,24", "e": "N", "st": "Suplente"}, {"seq": "34", "n": "12123", "vap": "16", "pvap": "   0,42", "e": "N", "st": "Suplente"}, {"seq": "28", "n": "12000", "vap": "34", "pvap": "   0,90", "e": "N", "st": "Suplente"}, {"seq": "15", "n": "12456", "vap": "99", "pvap": "   2,63", "e": "N", "st": "Suplente"}, {"seq": "47", "n": "12789", "vap": "3", "pvap": "   0,08", "e": "N", "st": "Suplente"}, {"seq": "39", "n": "12222", "vap": "7", "pvap": "   0,19", "e": "N", "st": "Suplente"}, {"seq": "30", "n": "12500", "vap": "28", "pvap": "   0,74", "e": "N", "st": "Suplente"}, {"seq": "50", "n": "12210", "vap": "1", "pvap": "   0,03", "e": "N", "st": "Suplente"}, {"seq": "12", "n": "12345", "vap": "120", "pvap": "   3,18", "e": "N", "st": "Suplente"}, {"seq": "6", "n": "12369", "vap": "153", "pvap": "   4,06", "e": "S", "st": "Eleito"}, {"seq": "46", "n": "55000", "vap": "4", "pvap": "   0,11", "e": "N", "st": "Suplente"}, {"seq": "48", "n": "55100", "vap": "3", "pvap": "   0,08", "e": "N", "st": "Suplente"}, {"seq": "33", "n": "55333", "vap": "18", "pvap": "   0,48", "e": "N", "st": "Suplente"}, {"seq": "54", "n": "55200", "vap": "0", "pvap": "00.00", "e": "N", "st": "Suplente"}, {"seq": "43", "n": "55122", "vap": "6", "pvap": "   0,16", "e": "N", "st": "Suplente"}, {"seq": "17", "n": "55123", "vap": "91", "pvap": "   2,41", "e": "N", "st": "Suplente"}, {"seq": "21", "n": "55222", "vap": "77", "pvap": "   2,04", "e": "N", "st": "Suplente"}, {"seq": "26", "n": "55435", "vap": "50", "pvap": "   1,33", "e": "N", "st": "Suplente"}, {"seq": "9", "n": "55555", "vap": "108", "pvap": "   2,87", "e": "S", "st": "Eleito"}, {"seq": "55", "n": "13123", "vap": "4", "pvap": "   0,11", "e": "N", "st": "N\u00e3o eleito"}, {"seq": "56", "n": "13000", "vap": "1", "pvap": "   0,03", "e": "N", "st": "N\u00e3o eleito"}]}]}