{"ele": "426", "carper": "13", "t": "1", "f": "O", "esae": "N", "mnae": " ", "dg": "15/11/2020", "hg": "22:14:55", "dv": "S", "nadf": "mg48470-c0013-e000426-002-f", "abr": [{"dt": "15/11/2020", "ht": "22:08:20", "tf": "S", "and": "F", "tpabr": "MU", "cdabr": "48470", "s": "19", "st": "19", "snt": "0", "si": "19", "sni": "0", "sa": "19", "sna": "0", "pst": " 100,00", "psnt": "   0,00", "psi": " 100,00", "psni": "   0,00", "psa": " 100,00", "psna": "   0,00", "e": "6711", "ea": "6711", "ena": "0", "esi": "6711", "esni": "0", "c": "5601", "a": "1110", "pea": " 100,00", "pena": "   0,00", "pesi": " 100,00", "pesni": "   0,00", "pa": "  16,54", "pc": "  83,46", "vscv": "0", "vnom": "5141", "vl": "305", "tv": "5601", "vvc": "5446", "vb": "67", "tvn": "88", "vn": "88", "vnt": "0", "vp": "0", "vv": "5446", "van": "0", "vansj": "0", "pvnom": "  94,40", "pvl": "   5,60", "pvvc": "  97,23", "pvb": "   1,20", "ptvn": "   1,57", "pvn": " 100,00", "pvnt": "   0,00", "pvp": "   0,00", "pvv": " 100,00", "pvan": "   0,00", "pvansj": "   0,00", "colig": [{"n": "130000119208", "tvtn": "460", "tvan": "460", "vag": "1", "tvtl": "20", "tval": "20"}, {"n": "130000123321", "tvtn": "883", "tvan": "883", "vag": "1", "tvtl": "16", "tval": "16"}, {"n": "130000118688", "tvtn": "1351", "tvan": "1351", "vag": "3", "tvtl": "165", "tval": "165"}, {"n": "130000098780", "tvtn": "1116", "tvan": "1116", "vag": "2", "tvtl": "75", "tval": "75"}, {"n": "130000119175", "tvtn": "1135", "tvan": "1135", "vag": "2", "tvtl": "23", "tval": "23"}, {"n": "130000118703", "tvtn": "196", "tvan": "196", "vag": "0", "tvtl": "6", "tval": "6"}], "part": [{"n": "14", "tvtn": "460", "tvan": "460", "tvtl": "20", "tval": "20"}, {"n": "25", "tvtn": "883", "tvan": "883", "tvtl": "16", "tval": "16"}, {"n": "15", "tvtn": "1351", "tvan": "1351", "tvtl": "165", "tval": "165"}, {"n": "70", "tvtn": "1116", "tvan": "1116", "tvtl": "75", "tval": "75"}, {"n": "12", "tvtn": "1135", "tvan": "1135", "tvtl": "23", "tval": "23"}, {"n": "22", "tvtn": "196", "tvan": "196", "tvtl": "6", "tval": "6"}], "cand": [{"seq": "58", "n": "14210", "vap": "5", "pvap": "   0,09", "e": "N", "st": "Suplente"}, {"seq": "56", "n": "14200", "vap": "6", "pvap": "   0,11", "e": "N", "st": "Suplente"}, {"seq": "55", "n": "14440", "vap": "6", "pvap": "   0,11", "e": "N", "st": "Suplente"}, {"seq": "20", "n": "14555", "vap": "111", "pvap": "   2,04", "e": "N", "st": "Suplente"}, {"seq": "54", "n": "14678", "vap": "6", "pvap": "   0,11", "e": "N", "st": "Suplente"}, {"seq": "22", "n": "14123", "vap": "101", "pvap": "   1,85", "e": "N", "st": "Suplente"}, {"seq": "9", "n": "14567", "vap": "139", "pvap": "   2,55", "e": "S", "st": "Eleito"}, {"seq": "46", "n": "14300", "vap": "14", "pvap": "   0,26", "e": "N", "st": "Suplente"}, {"seq": "39", "n": "14000", "vap": "35", "pvap": "   0,64", "e": "N", "st": "Suplente"}, {"seq": "42", "n": "14444", "vap": "22", "pvap": "   0,40", "e": "N", "st": "Suplente"}, {"seq": "45", "n": "14789", "vap": "15", "pvap": "   0,28", "e": "N", "st": "Suplente"}, {"seq": "27", "n": "25225", "vap": "82", "pvap": "   1,51", "e": "N", "st": "Suplente"}, {"seq": "48", "n": "25130", "vap": "14", "pvap": "   0,26", "e": "N", "st": "Suplente"}, {"seq": "53", "n": "25157", "vap": "7", "pvap": "   0,13", "e": "N", "st": "Suplente"}, {"seq": "50", "n": "25612", "vap": "12", "pvap": "   0,22", "e": "N", "st": "Suplente"}, {"seq": "14", "n": "25888", "vap": "131", "pvap": "   2,41", "e": "N", "st": "Suplente"}, {"seq": "17", "n": "25125", "vap": "121", "pvap": "   2,22", "e": "N", "st": "Suplente"}, {"seq": "41", "n": "25801", "vap": "29", "pvap": "   0,53", "e": "N", "st": "Suplente"}, {"seq": "15", "n": "25555", "vap": "124", "pvap": "   2,28", "e": "N", "st": "Suplente"}, {"seq": "1", "n": "25615", "vap": "283", "pvap": "   5,20", "e": "S", "st": "Eleito"}, {"seq": "29", "n": "25678", "vap": "80", "pvap": "   1,47", "e": "N", "st": "Suplente"}, {"seq": "32", "n": "15115", "vap": "57", "pvap": "   1,05", "e": "N", "st": "Suplente"}, {"seq": "7", "n": "15650", "vap": "174", "pvap": "   3,20", "e": "S", "st": "Eleito"}, {"seq": "28", "n": "15615", "vap": "80", "pvap": "   1,47", "e": "N", "st": "Suplente"}, {"seq": "26", "n": "15600", "vap": "83", "pvap": "   1,52", "e": "N", "st": "Suplente"}, {"seq": "13", "n": "15123", "vap": "141", "pvap": "   2,59", "e": "N", "st": "Suplente"}, {"seq": "21", "n": "15666", "vap": "104", "pvap": "   1,91", "e": "N", "st": "Suplente"}, {"seq": "51", "n": "15155", "vap": "11", "pvap": "   0,20", "e": "N", "st": "Suplente"}, {"seq": "34", "n": "15110", "vap": "45", "pvap": "   0,83", "e": "N", "st": "Suplente"}, {"seq": "47", "n": "15001", "vap": "14", "pvap": "   0,26", "e": "N", "st": "Suplente"}, {"seq": "25", "n": "15645", "vap": "97", "pvap": "   1,78", "e": "N", "st": "Suplente"}, {"seq": "18", "n": "15111", "vap": "117", "pvap": "   2,15", "e": "N", "st": "Suplente"}, {"seq": "8", "n": "15427", "vap": "150", "pvap": "   2,75", "e": "S", "st": "Eleito"}, {"seq": "3", "n": "15100", "vap": "245", "pvap": "   4,50", "e": "S", "st": "Eleito"}, {"seq": "40", "n": "15678", "vap": "33", "pvap": "   0,61", "e": "N", "st": "Suplente"}, {"seq": "5", "n": "70000", "vap": "204", "pvap": "   3,75", "e": "S", "st": "Eleito"}, {"seq": "36", "n": "70777", "vap": "39", "pvap": "   0,72", "e": "N", "st": "Suplente"}, {"seq": "10", "n": "70123", "vap": "178", "pvap": "   3,27", "e": "N", "st": "Suplente"}, {"seq": "12", "n": "70147", "vap": "149", "pvap": "   2,74", "e": "N", "st": "Suplente"}, {"seq": "37", "n": "70133", "vap": "37", "pvap": "   0,68", "e": "N", "st": "Suplente"}, {"seq": "6", "n": "70456", "vap": "202", "pvap": "   3,71", "e": "S", "st": "Eleito"}, {"seq": "23", "n": "70986", "vap": "99", "pvap": "   1,82", "e": "N", "st": "Suplente"}, {"seq": "52", "n": "70111", "vap": "8", "pvap": "   0,15", "e": "N", "st": "Suplente"}, {"seq": "43", "n": "70250", "vap": "21", "pvap": "   0,39", "e": "N", "st": "Suplente"}, {"seq": "38", "n": "70214", "vap": "37", "pvap": "   0,68", "e": "N", "st": "Suplente"}, {"seq": "33", "n": "70789", "vap": "45", "pvap": "   0,83", "e": "N", "st": "Suplente"}, {"seq": "24", "n": "70890", "vap": "97", "pvap": "   1,78", "e": "N", "st": "Suplente"}, {"seq": "59", "n": "12222", "vap": "2", "pvap": "   0,04", "e": "N", "st": "Suplente"}, {"seq": "16", "n": "12115", "vap": "123", "pvap": "   2,26", "e": "N", "st": "Suplente"}, {"seq": "30", "n": "12757", "vap": "68", "pvap": "   1,25", "e": "N", "st": "Suplente"}, {"seq": "31", "n": "12615", "vap": "67", "pvap": "   1,23", "e": "N", "st": "Suplente"}, {"seq": "11", "n": "12345", "vap": "168", "pvap": "   3,08", "e": "N", "st": "Suplente"}, {"seq": "57", "n": "12415", "vap": "5", "pvap": "   0,09", "e": "N", "st": "Suplente"}, {"seq": "49", "n": "12315", "vap": "14", "pvap": "   0,26", "e": "N", "st": "Suplente"}, {"seq": "44", "n": "12224", "vap": "15", "pvap": "   0,28", "e": "N", "st": "Suplente"}, {"seq": "4", "n": "12555", "vap": "243", "pvap": "   4,46", "e": "S", "st": "Eleito"}, {"seq": "35", "n": "12777", "vap": "43", "pvap": "   0,79", "e": "N", "st": "Suplente"}, {"seq": "2", "n": "12123", "vap": "271", "pvap": "   4,98", "e": "S", "st": "Eleito"}, {"seq": "19", "n": "12612", "vap": "116", "pvap": "   2,13", "e": "N", "st": "Suplente"}, {"seq": "63", "n": "22456", "vap": "17", "pvap": "   0,31", "e": "N", "st": "N\u00e3o eleito"}, {"seq": "60", "n": "22222", "vap": "96", "pvap": "   1,76", "e": "N", "st": "N\u00e3o eleito"}, {"seq": "62", "n": "22333", "vap": "35", "pvap": "   0,64", "e": "N", "st": "N\u00e3o eleito"}, {"seq": "61", "n": "22621", "vap": "38", "pvap": "   0,70", "e": "N", "st": "N\u00e3o eleito"}, {"seq": "64", "n": "22123", "vap": "10", "pvap": "   0,18", "e": "N", "st": "N\u00e3o eleito"}]}, {"dt": "15/11/2020", "ht": "22:08:20", "tf": "S", "and": "F", "tpabr": "ZONA", "cdabr": "45", "s": "19", "st": "19", "snt": "0", "si": "19", "sni": "0", "sa": "19", "sna": "0", "pst": " 100,00", "psnt": "   0,00", "psi": " 100,00", "psni": "   0,00", "psa": " 100,00", "psna": "   0,00", "e": "6711", "ea": "6711", "ena": "0", "esi": "6711", "esni": "0", "a": "1110", "c": "5601", "pea": " 100,00", "pena": "   0,00", "pesi": " 100,00", "pesni": "   0,00", "pa": "  16,54", "pc": "  83,46", "vnom": "5141", "vscv": "0", "vl": "305", "tv": "5601", "vvc": "5446", "vb": "67", "tvn": "88", "vn": "88", "vnt": "0", "vp": "0", "vv": "5446", "van": "0", "vansj": "0", "pvnom": "  94,40", "pvl": "   5,60", "pvvc": "  97,23", "pvb": "   1,20", "ptvn": "   1,57", "pvn": " 100,00", "pvnt": "   0,00", "pvp": "   0,00", "pvv": " 100,00", "pvan": "   0,00", "pvansj": "   0,00", "cand": [{"seq": "12", "n": "70147", "vap": "149", "pvap": "   2,74", "e": "N", "st": "Suplente"}, {"seq": "5", "n": "70000", "vap": "204", "pvap": "   3,75", "e": "S", "st": "Eleito"}, {"seq": "23", "n": "70986", "vap": "99", "pvap": "   1,82", "e": "N", "st": "Suplente"}, {"seq": "24", "n": "70890", "vap": "97", "pvap": "   1,78", "e": "N", "st": "Suplente"}, {"seq": "36", "n": "70777", "vap": "39", "pvap": "   0,72", "e": "N", "st": "Suplente"}, {"seq": "6", "n": "70456", "vap": "202", "pvap": "   3,71", "e": "S", "st": "Eleito"}, {"seq": "43", "n": "70250", "vap": "21", "pvap": "   0,39", "e": "N", "st": "Suplente"}, {"seq": "38", "n": "70214", "vap": "37", "pvap": "   0,68", "e": "N", "st": "Suplente"}, {"seq": "37", "n": "70133", "vap": "37", "pvap": "   0,68", "e": "N", "st": "Suplente"}, {"seq": "33", "n": "70789", "vap": "45", "pvap": "   0,83", "e": "N", "st": "Suplente"}, {"seq": "10", "n": "70123", "vap": "178", "pvap": "   3,27", "e": "N", "st": "Suplente"}, {"seq": "52", "n": "70111", "vap": "8", "pvap": "   0,15", "e": "N", "st": "Suplente"}, {"seq": "17", "n": "25125", "vap": "121", "pvap": "   2,22", "e": "N", "st": "Suplente"}, {"seq": "48", "n": "25130", "vap": "14", "pvap": "   0,26", "e": "N", "st": "Suplente"}, {"seq": "14", "n": "25888", "vap": "131", "pvap": "   2,41", "e": "N", "st": "Suplente"}, {"seq": "1", "n": "25615", "vap": "283", "pvap": "   5,20", "e": "S", "st": "Eleito"}, {"seq": "27", "n": "25225", "vap": "82", "pvap": "   1,51", "e": "N", "st": "Suplente"}, {"seq": "29", "n": "25678", "vap": "80", "pvap": "   1,47", "e": "N", "st": "Suplente"}, {"seq": "15", "n": "25555", "vap": "124", "pvap": "   2,28", "e": "N", "st": "Suplente"}, {"seq": "50", "n": "25612", "vap": "12", "pvap": "   0,22", "e": "N", "st": "Suplente"}, {"seq": "41", "n": "25801", "vap": "29", "pvap": "   0,53", "e": "N", "st": "Suplente"}, {"seq": "53", "n": "25157", "vap": "7", "pvap": "   0,13", "e": "N", "st": "Suplente"}, {"seq": "26", "n": "15600", "vap": "83", "pvap": "   1,52", "e": "N", "st": "Suplente"}, {"seq": "7", "n": "15650", "vap": "174", "pvap": "   3,20", "e": "S", "st": "Eleito"}, {"seq": "21", "n": "15666", "vap": "104", "pvap": "   1,91", "e": "N", "st": "Suplente"}, {"seq": "32", "n": "15115", "vap": "57", "pvap": "   1,05", "e": "N", "st": "Suplente"}, {"seq": "51", "n": "15155", "vap": "11", "pvap": "   0,20", "e": "N", "st": "Suplente"}, {"seq": "25", "n": "15645", "vap": "97", "pvap": "   1,78", "e": "N", "st": "Suplente"}, {"seq": "47", "n": "15001", "vap": "14", "pvap": "   0,26", "e": "N", "st": "Suplente"}, {"seq": "18", "n": "15111", "vap": "117", "pvap": "   2,15", "e": "N", "st": "Suplente"}, {"seq": "40", "n": "15678", "vap": "33", "pvap": "   0,61", "e": "N", "st": "Suplente"}, {"seq": "3", "n": "15100", "vap": "245", "pvap": "   4,50", "e": "S", "st": "Eleito"}, {"seq": "34", "n": "15110", "vap": "45", "pvap": "   0,83", "e": "N", "st": "Suplente"}, {"seq": "13", "n": "15123", "vap": "141", "pvap": "   2,59", "e": "N", "st": "Suplente"}, {"seq": "8", "n": "15427", "vap": "150", "pvap": "   2,75", "e": "S", "st": "Eleito"}, {"seq": "28", "n": "15615", "vap": "80", "pvap": "   1,47", "e": "N", "st": "Suplente"}, {"seq": "63", "n": "22456", "vap": "17", "pvap": "   0,31", "e": "N", "st": "N\u00e3o eleito"}, {"seq": "62", "n": "22333", "vap": "35", "pvap": "   0,64", "e": "N", "st": "N\u00e3o eleito"}, {"seq": "64", "n": "22123", "vap": "10", "pvap": "   0,18", "e": "N", "st": "N\u00e3o eleito"}, {"seq": "61", "n": "22621", "vap": "38", "pvap": "   0,70", "e": "N", "st": "N\u00e3o eleito"}, {"seq": "60", "n": "22222", "vap": "96", "pvap": "   1,76", "e": "N", "st": "N\u00e3o eleito"}, {"seq": "16", "n": "12115", "vap": "123", "pvap": "   2,26", "e": "N", "st": "Suplente"}, {"seq": "31", "n": "12615", "vap": "67", "pvap": "   1,23", "e": "N", "st": "Suplente"}, {"seq": "35", "n": "12777", "vap": "43", "pvap": "   0,79", "e": "N", "st": "Suplente"}, {"seq": "11", "n": "12345", "vap": "168", "pvap": "   3,08", "e": "N", "st": "Suplente"}, {"seq": "49", "n": "12315", "vap": "14", "pvap": "   0,26", "e": "N", "st": "Suplente"}, {"seq": "59", "n": "12222", "vap": "2", "pvap": "   0,04", "e": "N", "st": "Suplente"}, {"seq": "2", "n": "12123", "vap": "271", "pvap": "   4,98", "e": "S", "st": "Eleito"}, {"seq": "19", "n": "12612", "vap": "116", "pvap": "   2,13", "e": "N", "st": "Suplente"}, {"seq": "4", "n": "12555", "vap": "243", "pvap": "   4,46", "e": "S", "st": "Eleito"}, {"seq": "44", "n": "12224", "vap": "15", "pvap": "   0,28", "e": "N", "st": "Suplente"}, {"seq": "30", "n": "12757", "vap": "68", "pvap": "   1,25", "e": "N", "st": "Suplente"}, {"seq": "57", "n": "12415", "vap": "5", "pvap": "   0,09", "e": "N", "st": "Suplente"}, {"seq": "9", "n": "14567", "vap": "139", "pvap": "   2,55", "e": "S", "st": "Eleito"}, {"seq": "56", "n": "14200", "vap": "6", "pvap": "   0,11", "e": "N", "st": "Suplente"}, {"seq": "42", "n": "14444", "vap": "22", "pvap": "   0,40", "e": "N", "st": "Suplente"}, {"seq": "55", "n": "14440", "vap": "6", "pvap": "   0,11", "e": "N", "st": "Suplente"}, {"seq": "46", "n": "14300", "vap": "14", "pvap": "   0,26", "e": "N", "st": "Suplente"}, {"seq": "45", "n": "14789", "vap": "15", "pvap": "   0,28", "e": "N", "st": "Suplente"}, {"seq": "58", "n": "14210", "vap": "5", "pvap": "   0,09", "e": "N", "st": "Suplente"}, {"seq": "20", "n": "14555", "vap": "111", "pvap": "   2,04", "e": "N", "st": "Suplente"}, {"seq": "39", "n": "14000", "vap": "35", "pvap": "   0,64", "e": "N", "st": "Suplente"}, {"seq": "22", "n": "14123", "vap": "101", "pvap": "   1,85", "e": "N", "st": "Suplente"}, {"seq": "54", "n": "14678", "vap": "6", "pvap": "   0,11", "e": "N", "st": "Suplente"}]}]}