{"ele": "426", "carper": "13", "t": "1", "f": "O", "esae": "N", "mnae": " ", "dg": "15/11/2020", "hg": "23:24:01", "dv": "S", "nadf": "mg43516-c0013-e000426-003-f", "abr": [{"dt": "15/11/2020", "ht": "22:53:55", "tf": "S", "and": "F", "tpabr": "MU", "cdabr": "43516", "s": "15", "st": "15", "snt": "0", "si": "15", "sni": "0", "sa": "15", "sna": "0", "pst": " 100,00", "psnt": "   0,00", "psi": " 100,00", "psni": "   0,00", "psa": " 100,00", "psna": "   0,00", "e": "5082", "ea": "5082", "ena": "0", "esi": "5082", "esni": "0", "c": "4234", "a": "848", "pea": " 100,00", "pena": "   0,00", "pesi": " 100,00", "pesni": "   0,00", "pa": "  16,69", "pc": "  83,31", "vscv": "0", "vnom": "3873", "vl": "120", "tv": "4234", "vvc": "3993", "vb": "59", "tvn": "182", "vn": "182", "vnt": "0", "vp": "0", "vv": "3993", "van": "0", "vansj": "0", "pvnom": "  96,99", "pvl": "   3,01", "pvvc": "  94,31", "pvb": "   1,39", "ptvn": "   4,30", "pvn": " 100,00", "pvnt": "   0,00", "pvp": "   0,00", "pvv": " 100,00", "pvan": "   0,00", "pvansj": "   0,00", "colig": [{"n": "130000059325", "tvtn": "122", "tvan": "122", "vag": "0", "tvtl": "8", "tval": "8"}, {"n": "130000154641", "tvtn": "392", "tvan": "392", "vag": "1", "tvtl": "7", "tval": "7"}, {"n": "130000058540", "tvtn": "799", "tvan": "799", "vag": "2", "tvtl": "28", "tval": "28"}, {"n": "130000136476", "tvtn": "526", "tvan": "526", "vag": "1", "tvtl": "9", "tval": "9"}, {"n": "130000127819", "tvtn": "965", "tvan": "965", "vag": "2", "tvtl": "18", "tval": "18"}, {"n": "130000154614", "tvtn": "25", "tvan": "25", "vag": "0", "tvtl": "4", "tval": "4"}, {"n": "130000154646", "tvtn": "351", "tvan": "351", "vag": "1", "tvtl": "8", "tval": "8"}, {"n": "130000129579", "tvtn": "693", "tvan": "693", "vag": "2", "tvtl": "38", "tval": "38"}], "part": [{"n": "70", "tvtn": "122", "tvan": "122", "tvtl": "8", "tval": "8"}, {"n": "28", "tvtn": "392", "tvan": "392", "tvtl": "7", "tval": "7"}, {"n": "55", "tvtn": "799", "tvan": "799", "tvtl": "28", "tval": "28"}, {"n": "43", "tvtn": "526", "tvan": "526", "tvtl": "9", "tval": "9"}, {"n": "17", "tvtn": "965", "tvan": "965", "tvtl": "18", "tval": "18"}, {"n": "13", "tvtn": "25", "tvan": "25", "tvtl": "4", "tval": "4"}, {"n": "45", "tvtn": "351", "tvan": "351", "tvtl": "8", "tval": "8"}, {"n": "18", "tvtn": "693", "tvan": "693", "tvtl": "38", "tval": "38"}], "cand": [{"seq": "72", "n": "70777", "vap": "17", "pvap": "   0,43", "e": "N", "st": "N\u00e3o eleito"}, {"seq": "70", "n": "70123", "vap": "63", "pvap": "   1,58", "e": "N", "st": "N\u00e3o eleito"}, {"seq": "76", "n": "70040", "vap": "4", "pvap": "   0,10", "e": "N", "st": "N\u00e3o eleito"}, {"seq": "73", "n": "70456", "vap": "16", "pvap": "   0,40", "e": "N", "st": "N\u00e3o eleito"}, {"seq": "77", "n": "70234", "vap": "3", "pvap": "   0,08", "e": "N", "st": "N\u00e3o eleito"}, {"seq": "71", "n": "70150", "vap": "19", "pvap": "   0,48", "e": "N", "st": "N\u00e3o eleito"}, {"seq": "29", "n": "28123", "vap": "33", "pvap": "   0,83", "e": "N", "st": "Suplente"}, {"seq": "4", "n": "28500", "vap": "183", "pvap": "   4,58", "e": "S", "st": "Eleito"}, {"seq": "59", "n": "28300", "vap": "4", "pvap": "   0,10", "e": "N", "st": "Suplente"}, {"seq": "15", "n": "28000", "vap": "99", "pvap": "   2,48", "e": "N", "st": "Suplente"}, {"seq": "51", "n": "28600", "vap": "7", "pvap": "   0,18", "e": "N", "st": "Suplente"}, {"seq": "38", "n": "28101", "vap": "18", "pvap": "   0,45", "e": "N", "st": "Suplente"}, {"seq": "69", "n": "28290", "vap": "0", "pvap": "00.00", "e": "N", "st": "Suplente"}, {"seq": "43", "n": "28789", "vap": "13", "pvap": "   0,33", "e": "N", "st": "Suplente"}, {"seq": "34", "n": "28333", "vap": "22", "pvap": "   0,55", "e": "N", "st": "Suplente"}, {"seq": "62", "n": "28111", "vap": "3", "pvap": "   0,08", "e": "N", "st": "Suplente"}, {"seq": "57", "n": "28777", "vap": "5", "pvap": "   0,13", "e": "N", "st": "Suplente"}, {"seq": "58", "n": "28900", "vap": "5", "pvap": "   0,13", "e": "N", "st": "Suplente"}, {"seq": "16", "n": "55444", "vap": "88", "pvap": "   2,20", "e": "N", "st": "Suplente"}, {"seq": "6", "n": "55678", "vap": "159", "pvap": "   3,98", "e": "S", "st": "Eleito"}, {"seq": "60", "n": "55999", "vap": "4", "pvap": "   0,10", "e": "N", "st": "Suplente"}, {"seq": "10", "n": "55000", "vap": "134", "pvap": "   3,36", "e": "N", "st": "Suplente"}, {"seq": "67", "n": "55267", "vap": "1", "pvap": "   0,03", "e": "N", "st": "Suplente"}, {"seq": "30", "n": "55333", "vap": "32", "pvap": "   0,80", "e": "N", "st": "Suplente"}, {"seq": "21", "n": "55123", "vap": "77", "pvap": "   1,93", "e": "N", "st": "Suplente"}, {"seq": "1", "n": "55555", "vap": "299", "pvap": "   7,49", "e": "S", "st": "Eleito"}, {"seq": "56", "n": "55261", "vap": "5", "pvap": "   0,13", "e": "N", "st": "Suplente"}, {"seq": "19", "n": "43123", "vap": "80", "pvap": "   2,00", "e": "N", "st": "Suplente"}, {"seq": "35", "n": "43900", "vap": "21", "pvap": "   0,53", "e": "N", "st": "Suplente"}, {"seq": "66", "n": "43777", "vap": "2", "pvap": "   0,05", "e": "N", "st": "Suplente"}, {"seq": "63", "n": "43750", "vap": "3", "pvap": "   0,08", "e": "N", "st": "Suplente"}, {"seq": "3", "n": "43555", "vap": "243", "pvap": "   6,09", "e": "S", "st": "Eleito"}, {"seq": "65", "n": "43700", "vap": "2", "pvap": "   0,05", "e": "N", "st": "Suplente"}, {"seq": "40", "n": "43333", "vap": "14", "pvap": "   0,35", "e": "N", "st": "Suplente"}, {"seq": "36", "n": "43800", "vap": "20", "pvap": "   0,50", "e": "N", "st": "Suplente"}, {"seq": "12", "n": "43000", "vap": "129", "pvap": "   3,23", "e": "N", "st": "Suplente"}, {"seq": "49", "n": "43650", "vap": "7", "pvap": "   0,18", "e": "N", "st": "Suplente"}, {"seq": "55", "n": "43222", "vap": "5", "pvap": "   0,13", "e": "N", "st": "Suplente"}, {"seq": "37", "n": "17300", "vap": "19", "pvap": "   0,48", "e": "N", "st": "Suplente"}, {"seq": "11", "n": "17123", "vap": "134", "pvap": "   3,36", "e": "N", "st": "Suplente"}, {"seq": "13", "n": "17333", "vap": "123", "pvap": "   3,08", "e": "N", "st": "Suplente"}, {"seq": "44", "n": "17222", "vap": "11", "pvap": "   0,28", "e": "N", "st": "Suplente"}, {"seq": "25", "n": "17700", "vap": "42", "pvap": "   1,05", "e": "N", "st": "Suplente"}, {"seq": "2", "n": "17000", "vap": "289", "pvap": "   7,24", "e": "S", "st": "Eleito"}, {"seq": "7", "n": "17555", "vap": "139", "pvap": "   3,48", "e": "S", "st": "Eleito"}, {"seq": "45", "n": "17150", "vap": "10", "pvap": "   0,25", "e": "N", "st": "Suplente"}, {"seq": "64", "n": "17250", "vap": "3", "pvap": "   0,08", "e": "N", "st": "Suplente"}, {"seq": "14", "n": "17500", "vap": "117", "pvap": "   2,93", "e": "N", "st": "Suplente"}, {"seq": "23", "n": "17456", "vap": "66", "pvap": "   1,65", "e": "N", "st": "Suplente"}, {"seq": "53", "n": "17556", "vap": "5", "pvap": "   0,13", "e": "N", "st": "Suplente"}, {"seq": "50", "n": "17777", "vap": "7", "pvap": "   0,18", "e": "N", "st": "Suplente"}, {"seq": "79", "n": "13026", "vap": "0", "pvap": "00.00", "e": "N", "st": "N\u00e3o eleito"}, {"seq": "74", "n": "13022", "vap": "14", "pvap": "   0,35", "e": "N", "st": "N\u00e3o eleito"}, {"seq": "75", "n": "13333", "vap": "11", "pvap": "   0,28", "e": "N", "st": "N\u00e3o eleito"}, {"seq": "78", "n": "13025", "vap": "0", "pvap": "00.00", "e": "N", "st": "N\u00e3o eleito"}, {"seq": "46", "n": "45100", "vap": "9", "pvap": "   0,23", "e": "N", "st": "Suplente"}, {"seq": "8", "n": "45123", "vap": "114", "pvap": "   2,85", "e": "S", "st": "Eleito"}, {"seq": "18", "n": "45355", "vap": "84", "pvap": "   2,10", "e": "N", "st": "Suplente"}, {"seq": "47", "n": "45444", "vap": "9", "pvap": "   0,23", "e": "N", "st": "Suplente"}, {"seq": "61", "n": "45888", "vap": "4", "pvap": "   0,10", "e": "N", "st": "Suplente"}, {"seq": "52", "n": "45111", "vap": "6", "pvap": "   0,15", "e": "N", "st": "Suplente"}, {"seq": "42", "n": "45777", "vap": "14", "pvap": "   0,35", "e": "N", "st": "Suplente"}, {"seq": "20", "n": "45200", "vap": "80", "pvap": "   2,00", "e": "N", "st": "Suplente"}, {"seq": "33", "n": "45555", "vap": "23", "pvap": "   0,58", "e": "N", "st": "Suplente"}, {"seq": "48", "n": "45222", "vap": "8", "pvap": "   0,20", "e": "N", "st": "Suplente"}, {"seq": "5", "n": "18000", "vap": "162", "pvap": "   4,06", "e": "S", "st": "Eleito"}, {"seq": "27", "n": "18444", "vap": "38", "pvap": "   0,95", "e": "N", "st": "Suplente"}, {"seq": "31", "n": "18666", "vap": "28", "pvap": "   0,70", "e": "N", "st": "Suplente"}, {"seq": "9", "n": "18123", "vap": "104", "pvap": "   2,60", "e": "S", "st": "Eleito"}, {"seq": "22", "n": "18333", "vap": "69", "pvap": "   1,73", "e": "N", "st": "Suplente"}, {"seq": "17", "n": "18222", "vap": "88", "pvap": "   2,20", "e": "N", "st": "Suplente"}, {"seq": "24", "n": "18999", "vap": "64", "pvap": "   1,60", "e": "N", "st": "Suplente"}, {"seq": "26", "n": "18018", "vap": "41", "pvap": "   1,03", "e": "N", "st": "Suplente"}, {"seq": "39", "n": "18112", "vap": "17", "pvap": "   0,43", "e": "N", "st": "Suplente"}, {"seq": "68", "n": "18456", "vap": "1", "pvap": "   0,03", "e": "N", "st": "Suplente"}, {"seq": "41", "n": "18888", "vap": "14", "pvap": "   0,35", "e": "N", "st": "Suplente"}, {"seq": "54", "n": "18567", "vap": "5", "pvap": "   0,13", "e": "N", "st": "Suplente"}, {"seq": "32", "n": "18555", "vap": "25", "pvap": "   0,63", "e": "N", "st": "Suplente"}, {"seq": "28", "n": "18111", "vap": "37", "pvap": "   0,93", "e": "N", "st": "Suplente"}]}, {"dt": "15/11/2020", "ht": "22:53:55", "tf": "S", "and": "F", "tpabr": "ZONA", "cdabr": "219", "s": "15", "st": "15", "snt": "0", "si": "15", "sni": "0", "sa": "15", "sna": "0", "pst": " 100,00", "psnt": "   0,00", "psi": " 100,00", "psni": "   0,00", "psa": " 100,00", "psna": "   0,00", "e": "5082", "ea": "5082", "ena": "0", "esi": "5082", "esni": "0", "a": "848", "c": "4234", "pea": " 100,00", "pena": "   0,00", "pesi": " 100,00", "pesni": "   0,00", "pa": "  16,69", "pc": "  83,31", "vnom": "3873", "vscv": "0", "vl": "120", "tv": "4234", "vvc": "3993", "vb": "59", "tvn": "182", "vn": "182", "vnt": "0", "vp": "0", "vv": "3993", "van": "0", "vansj": "0", "pvnom": "  96,99", "pvl": "   3,01", "pvvc": "  94,31", "pvb": "   1,39", "ptvn": "   4,30", "pvn": " 100,00", "pvnt": "   0,00", "pvp": "   0,00", "pvv": " 100,00", "pvan": "   0,00", "pvansj": "   0,00", "cand": [{"seq": "2", "n": "17000", "vap": "289", "pvap": "   7,24", "e": "S", "st": "Eleito"}, {"seq": "7", "n": "17555", "vap": "139", "pvap": "   3,48", "e": "S", "st": "Eleito"}, {"seq": "11", "n": "17123", "vap": "134", "pvap": "   3,36", "e": "N", "st": "Suplente"}, {"seq": "13", "n": "17333", "vap": "123", "pvap": "   3,08", "e": "N", "st": "Suplente"}, {"seq": "14", "n": "17500", "vap": "117", "pvap": "   2,93", "e": "N", "st": "Suplente"}, {"seq": "23", "n": "17456", "vap": "66", "pvap": "   1,65", "e": "N", "st": "Suplente"}, {"seq": "25", "n": "17700", "vap": "42", "pvap": "   1,05", "e": "N", "st": "Suplente"}, {"seq": "37", "n": "17300", "vap": "19", "pvap": "   0,48", "e": "N", "st": "Suplente"}, {"seq": "44", "n": "17222", "vap": "11", "pvap": "   0,28", "e": "N", "st": "Suplente"}, {"seq": "45", "n": "17150", "vap": "10", "pvap": "   0,25", "e": "N", "st": "Suplente"}, {"seq": "50", "n": "17777", "vap": "7", "pvap": "   0,18", "e": "N", "st": "Suplente"}, {"seq": "53", "n": "17556", "vap": "5", "pvap": "   0,13", "e": "N", "st": "Suplente"}, {"seq": "64", "n": "17250", "vap": "3", "pvap": "   0,08", "e": "N", "st": "Suplente"}, {"seq": "4", "n": "28500", "vap": "183", "pvap": "   4,58", "e": "S", "st": "Eleito"}, {"seq": "15", "n": "28000", "vap": "99", "pvap": "   2,48", "e": "N", "st": "Suplente"}, {"seq": "29", "n": "28123", "vap": "33", "pvap": "   0,83", "e": "N", "st": "Suplente"}, {"seq": "34", "n": "28333", "vap": "22", "pvap": "   0,55", "e": "N", "st": "Suplente"}, {"seq": "38", "n": "28101", "vap": "18", "pvap": "   0,45", "e": "N", "st": "Suplente"}, {"seq": "43", "n": "28789", "vap": "13", "pvap": "   0,33", "e": "N", "st": "Suplente"}, {"seq": "51", "n": "28600", "vap": "7", "pvap": "   0,18", "e": "N", "st": "Suplente"}, {"seq": "57", "n": "28777", "vap": "5", "pvap": "   0,13", "e": "N", "st": "Suplente"}, {"seq": "58", "n": "28900", "vap": "5", "pvap": "   0,13", "e": "N", "st": "Suplente"}, {"seq": "59", "n": "28300", "vap": "4", "pvap": "   0,10", "e": "N", "st": "Suplente"}, {"seq": "62", "n": "28111", "vap": "3", "pvap": "   0,08", "e": "N", "st": "Suplente"}, {"seq": "69", "n": "28290", "vap": "0", "pvap": "00.00", "e": "N", "st": "Suplente"}, {"seq": "3", "n": "43555", "vap": "243", "pvap": "   6,09", "e": "S", "st": "Eleito"}, {"seq": "12", "n": "43000", "vap": "129", "pvap": "   3,23", "e": "N", "st": "Suplente"}, {"seq": "19", "n": "43123", "vap": "80", "pvap": "   2,00", "e": "N", "st": "Suplente"}, {"seq": "35", "n": "43900", "vap": "21", "pvap": "   0,53", "e": "N", "st": "Suplente"}, {"seq": "36", "n": "43800", "vap": "20", "pvap": "   0,50", "e": "N", "st": "Suplente"}, {"seq": "40", "n": "43333", "vap": "14", "pvap": "   0,35", "e": "N", "st": "Suplente"}, {"seq": "49", "n": "43650", "vap": "7", "pvap": "   0,18", "e": "N", "st": "Suplente"}, {"seq": "55", "n": "43222", "vap": "5", "pvap": "   0,13", "e": "N", "st": "Suplente"}, {"seq": "63", "n": "43750", "vap": "3", "pvap": "   0,08", "e": "N", "st": "Suplente"}, {"seq": "65", "n": "43700", "vap": "2", "pvap": "   0,05", "e": "N", "st": "Suplente"}, {"seq": "66", "n": "43777", "vap": "2", "pvap": "   0,05", "e": "N", "st": "Suplente"}, {"seq": "70", "n": "70123", "vap": "63", "pvap": "   1,58", "e": "N", "st": "N\u00e3o eleito"}, {"seq": "71", "n": "70150", "vap": "19", "pvap": "   0,48", "e": "N", "st": "N\u00e3o eleito"}, {"seq": "72", "n": "70777", "vap": "17", "pvap": "   0,43", "e": "N", "st": "N\u00e3o eleito"}, {"seq": "73", "n": "70456", "vap": "16", "pvap": "   0,40", "e": "N", "st": "N\u00e3o eleito"}, {"seq": "76", "n": "70040", "vap": "4", "pvap": "   0,10", "e": "N", "st": "N\u00e3o eleito"}, {"seq": "77", "n": "70234", "vap": "3", "pvap": "   0,08", "e": "N", "st": "N\u00e3o eleito"}, {"seq": "74", "n": "13022", "vap": "14", "pvap": "   0,35", "e": "N", "st": "N\u00e3o eleito"}, {"seq": "75", "n": "13333", "vap": "11", "pvap": "   0,28", "e": "N", "st": "N\u00e3o eleito"}, {"seq": "78", "n": "13025", "vap": "0", "pvap": "00.00", "e": "N", "st": "N\u00e3o eleito"}, {"seq": "79", "n": "13026", "vap": "0", "pvap": "00.00", "e": "N", "st": "N\u00e3o eleito"}, {"seq": "5", "n": "18000", "vap": "162", "pvap": "   4,06", "e": "S", "st": "Eleito"}, {"seq": "9", "n": "18123", "vap": "104", "pvap": "   2,60", "e": "S", "st": "Eleito"}, {"seq": "17", "n": "18222", "vap": "88", "pvap": "   2,20", "e": "N", "st": "Suplente"}, {"seq": "22", "n": "18333", "vap": "69", "pvap": "   1,73", "e": "N", "st": "Suplente"}, {"seq": "24", "n": "18999", "vap": "64", "pvap": "   1,60", "e": "N", "st": "Suplente"}, {"seq": "26", "n": "18018", "vap": "41", "pvap": "   1,03", "e": "N", "st": "Suplente"}, {"seq": "27", "n": "18444", "vap": "38", "pvap": "   0,95", "e": "N", "st": "Suplente"}, {"seq": "28", "n": "18111", "vap": "37", "pvap": "   0,93", "e": "N", "st": "Suplente"}, {"seq": "31", "n": "18666", "vap": "28", "pvap": "   0,70", "e": "N", "st": "Suplente"}, {"seq": "32", "n": "18555", "vap": "25", "pvap": "   0,63", "e": "N", "st": "Suplente"}, {"seq": "39", "n": "18112", "vap": "17", "pvap": "   0,43", "e": "N", "st": "Suplente"}, {"seq": "41", "n": "18888", "vap": "14", "pvap": "   0,35", "e": "N", "st": "Suplente"}, {"seq": "54", "n": "18567", "vap": "5", "pvap": "   0,13", "e": "N", "st": "Suplente"}, {"seq": "68", "n": "18456", "vap": "1", "pvap": "   0,03", "e": "N", "st": "Suplente"}, {"seq": "8", "n": "45123", "vap": "114", "pvap": "   2,85", "e": "S", "st": "Eleito"}, {"seq": "18", "n": "45355", "vap": "84", "pvap": "   2,10", "e": "N", "st": "Suplente"}, {"seq": "20", "n": "45200", "vap": "80", "pvap": "   2,00", "e": "N", "st": "Suplente"}, {"seq": "33", "n": "45555", "vap": "23", "pvap": "   0,58", "e": "N", "st": "Suplente"}, {"seq": "42", "n": "45777", "vap": "14", "pvap": "   0,35", "e": "N", "st": "Suplente"}, {"seq": "46", "n": "45100", "vap": "9", "pvap": "   0,23", "e": "N", "st": "Suplente"}, {"seq": "47", "n": "45444", "vap": "9", "pvap": "   0,23", "e": "N", "st": "Suplente"}, {"seq": "48", "n": "45222", "vap": "8", "pvap": "   0,20", "e": "N", "st": "Suplente"}, {"seq": "52", "n": "45111", "vap": "6", "pvap": "   0,15", "e": "N", "st": "Suplente"}, {"seq": "61", "n": "45888", "vap": "4", "pvap": "   0,10", "e": "N", "st": "Suplente"}, {"seq": "1", "n": "55555", "vap": "299", "pvap": "   7,49", "e": "S", "st": "Eleito"}, {"seq": "6", "n": "55678", "vap": "159", "pvap": "   3,98", "e": "S", "st": "Eleito"}, {"seq": "10", "n": "55000", "vap": "134", "pvap": "   3,36", "e": "N", "st": "Suplente"}, {"seq": "16", "n": "55444", "vap": "88", "pvap": "   2,20", "e": "N", "st": "Suplente"}, {"seq": "21", "n": "55123", "vap": "77", "pvap": "   1,93", "e": "N", "st": "Suplente"}, {"seq": "30", "n": "55333", "vap": "32", "pvap": "   0,80", "e": "N", "st": "Suplente"}, {"seq": "56", "n": "55261", "vap": "5", "pvap": "   0,13", "e": "N", "st": "Suplente"}, {"seq": "60", "n": "55999", "vap": "4", "pvap": "   0,10", "e": "N", "st": "Suplente"}, {"seq": "67", "n": "55267", "vap": "1", "pvap": "   0,03", "e": "N", "st": "Suplente"}]}]}