{"ele": "426", "carper": "13", "t": "1", "f": "O", "esae": "N", "mnae": " ", "dg": "15/11/2020", "hg": "23:23:44", "dv": "S", "nadf": "mg41963-c0013-e000426-002-f", "abr": [{"dt": "15/11/2020", "ht": "23:11:18", "tf": "S", "and": "F", "tpabr": "MU", "cdabr": "41963", "s": "12", "st": "12", "snt": "0", "si": "12", "sni": "0", "sa": "12", "sna": "0", "pst": " 100,00", "psnt": "   0,00", "psi": " 100,00", "psni": "   0,00", "psa": " 100,00", "psna": "   0,00", "e": "4819", "ea": "4819", "ena": "0", "esi": "4819", "esni": "0", "c": "3827", "a": "992", "pea": " 100,00", "pena": "   0,00", "pesi": " 100,00", "pesni": "   0,00", "pa": "  20,59", "pc": "  79,41", "vscv": "0", "vnom": "3311", "vl": "335", "tv": "3827", "vvc": "3646", "vb": "25", "tvn": "156", "vn": "156", "vnt": "0", "vp": "0", "vv": "3646", "van": "0", "vansj": "0", "pvnom": "  90,81", "pvl": "   9,19", "pvvc": "  95,27", "pvb": "   0,65", "ptvn": "   4,08", "pvn": " 100,00", "pvnt": "   0,00", "pvp": "   0,00", "pvv": " 100,00", "pvan": "   0,00", "pvansj": "   0,00", "colig": [{"n": "130000086249", "tvtn": "555", "tvan": "555", "vag": "1", "tvtl": "12", "tval": "12"}, {"n": "130000134621", "tvtn": "423", "tvan": "423", "vag": "1", "tvtl": "13", "tval": "13"}, {"n": "130000133582", "tvtn": "308", "tvan": "308", "vag": "1", "tvtl": "48", "tval": "48"}, {"n": "130000133889", "tvtn": "664", "tvan": "664", "vag": "2", "tvtl": "104", "tval": "104"}, {"n": "130000134184", "tvtn": "523", "tvan": "523", "vag": "1", "tvtl": "21", "tval": "21"}, {"n": "130000086103", "tvtn": "838", "tvan": "838", "vag": "3", "tvtl": "137", "tval": "137"}], "part": [{"n": "15", "tvtn": "555", "tvan": "555", "tvtl": "12", "tval": "12"}, {"n": "70", "tvtn": "423", "tvan": "423", "tvtl": "13", "tval": "13"}, {"n": "12", "tvtn": "308", "tvan": "308", "tvtl": "48", "tval": "48"}, {"n": "14", "tvtn": "664", "tvan": "664", "tvtl": "104", "tval": "104"}, {"n": "17", "tvtn": "523", "tvan": "523", "tvtl": "21", "tval": "21"}, {"n": "13", "tvtn": "838", "tvan": "838", "tvtl": "137", "tval": "137"}], "cand": [{"seq": "40", "n": "15000", "vap": "16", "pvap": "   0,44", "e": "N", "st": "Suplente"}, {"seq": "37", "n": "15333", "vap": "22", "pvap": "   0,60", "e": "N", "st": "Suplente"}, {"seq": "42", "n": "15444", "vap": "7", "pvap": "   0,19", "e": "N", "st": "Suplente"}, {"seq": "21", "n": "15123", "vap": "75", "pvap": "   2,06", "e": "N", "st": "Suplente"}, {"seq": "10", "n": "15678", "vap": "117", "pvap": "   3,21", "e": "N", "st": "Suplente"}, {"seq": "41", "n": "15777", "vap": "9", "pvap": "   0,25", "e": "N", "st": "Suplente"}, {"seq": "38", "n": "15111", "vap": "18", "pvap": "   0,49", "e": "N", "st": "Suplente"}, {"seq": "13", "n": "15222", "vap": "110", "pvap": "   3,02", "e": "N", "st": "Suplente"}, {"seq": "2", "n": "15555", "vap": "181", "pvap": "   4,96", "e": "S", "st": "Eleito"}, {"seq": "24", "n": "70111", "vap": "66", "pvap": "   1,81", "e": "N", "st": "Suplente"}, {"seq": "6", "n": "70456", "vap": "145", "pvap": "   3,98", "e": "S", "st": "Eleito"}, {"seq": "23", "n": "70222", "vap": "70", "pvap": "   1,92", "e": "N", "st": "Suplente"}, {"seq": "45", "n": "70787", "vap": "3", "pvap": "   0,08", "e": "N", "st": "Suplente"}, {"seq": "34", "n": "70123", "vap": "25", "pvap": "   0,69", "e": "N", "st": "Suplente"}, {"seq": "11", "n": "70000", "vap": "114", "pvap": "   3,13", "e": "N", "st": "Suplente"}, {"seq": "4", "n": "12345", "vap": "169", "pvap": "   4,64", "e": "S", "st": "Eleito"}, {"seq": "16", "n": "12123", "vap": "94", "pvap": "   2,58", "e": "N", "st": "Suplente"}, {"seq": "27", "n": "12333", "vap": "45", "pvap": "   1,23", "e": "N", "st": "Suplente"}, {"seq": "12", "n": "14456", "vap": "114", "pvap": "   3,13", "e": "N", "st": "Suplente"}, {"seq": "14", "n": "14444", "vap": "104", "pvap": "   2,85", "e": "N", "st": "Suplente"}, {"seq": "44", "n": "14300", "vap": "4", "pvap": "   0,11", "e": "N", "st": "Suplente"}, {"seq": "43", "n": "14555", "vap": "6", "pvap": "   0,16", "e": "N", "st": "Suplente"}, {"seq": "48", "n": "14100", "vap": "0", "pvap": "00.00", "e": "N", "st": "Suplente"}, {"seq": "7", "n": "14777", "vap": "137", "pvap": "   3,76", "e": "S", "st": "Eleito"}, {"seq": "29", "n": "14578", "vap": "35", "pvap": "   0,96", "e": "N", "st": "Suplente"}, {"seq": "5", "n": "14111", "vap": "161", "pvap": "   4,42", "e": "S", "st": "Eleito"}, {"seq": "39", "n": "14000", "vap": "18", "pvap": "   0,49", "e": "N", "st": "Suplente"}, {"seq": "18", "n": "14222", "vap": "85", "pvap": "   2,33", "e": "N", "st": "Suplente"}, {"seq": "47", "n": "17888", "vap": "0", "pvap": "00.00", "e": "N", "st": "Suplente"}, {"seq": "22", "n": "17000", "vap": "71", "pvap": "   1,95", "e": "N", "st": "Suplente"}, {"seq": "46", "n": "17800", "vap": "1", "pvap": "   0,03", "e": "N", "st": "Suplente"}, {"seq": "36", "n": "17234", "vap": "22", "pvap": "   0,60", "e": "N", "st": "Suplente"}, {"seq": "33", "n": "17123", "vap": "30", "pvap": "   0,82", "e": "N", "st": "Suplente"}, {"seq": "20", "n": "17444", "vap": "75", "pvap": "   2,06", "e": "N", "st": "Suplente"}, {"seq": "17", "n": "17111", "vap": "92", "pvap": "   2,52", "e": "N", "st": "Suplente"}, {"seq": "15", "n": "17456", "vap": "103", "pvap": "   2,83", "e": "N", "st": "Suplente"}, {"seq": "8", "n": "17777", "vap": "129", "pvap": "   3,54", "e": "S", "st": "Eleito"}, {"seq": "25", "n": "13456", "vap": "54", "pvap": "   1,48", "e": "N", "st": "Suplente"}, {"seq": "3", "n": "13123", "vap": "181", "pvap": "   4,96", "e": "S", "st": "Eleito"}, {"seq": "1", "n": "13333", "vap": "213", "pvap": "   5,84", "e": "S", "st": "Eleito"}, {"seq": "31", "n": "13999", "vap": "32", "pvap": "   0,88", "e": "N", "st": "Suplente"}, {"seq": "32", "n": "13789", "vap": "31", "pvap": "   0,85", "e": "N", "st": "Suplente"}, {"seq": "30", "n": "13444", "vap": "35", "pvap": "   0,96", "e": "N", "st": "Suplente"}, {"seq": "35", "n": "13222", "vap": "24", "pvap": "   0,66", "e": "N", "st": "Suplente"}, {"seq": "19", "n": "13666", "vap": "76", "pvap": "   2,08", "e": "N", "st": "Suplente"}, {"seq": "28", "n": "13111", "vap": "42", "pvap": "   1,15", "e": "N", "st": "Suplente"}, {"seq": "9", "n": "13555", "vap": "102", "pvap": "   2,80", "e": "S", "st": "Eleito"}, {"seq": "26", "n": "13000", "vap": "48", "pvap": "   1,32", "e": "N", "st": "Suplente"}]}, {"dt": "15/11/2020", "ht": "23:11:18", "tf": "S", "and": "F", "tpabr": "ZONA", "cdabr": "73", "s": "12", "st": "12", "snt": "0", "si": "12", "sni": "0", "sa": "12", "sna": "0", "pst": " 100,00", "psnt": "   0,00", "psi": " 100,00", "psni": "   0,00", "psa": " 100,00", "psna": "   0,00", "e": "4819", "ea": "4819", "ena": "0", "esi": "4819", "esni": "0", "a": "992", "c": "3827", "pea": " 100,00", "pena": "   0,00", "pesi": " 100,00", "pesni": "   0,00", "pa": "  20,59", "pc": "  79,41", "vnom": "3311", "vscv": "0", "vl": "335", "tv": "3827", "vvc": "3646", "vb": "25", "tvn": "156", "vn": "156", "vnt": "0", "vp": "0", "vv": "3646", "van": "0", "vansj": "0", "pvnom": "  90,81", "pvl": "   9,19", "pvvc": "  95,27", "pvb": "   0,65", "ptvn": "   4,08", "pvn": " 100,00", "pvnt": "   0,00", "pvp": "   0,00", "pvv": " 100,00", "pvan": "   0,00", "pvansj": "   0,00", "cand": [{"seq": "2", "n": "15555", "vap": "181", "pvap": "   4,96", "e": "S", "st": "Eleito"}, {"seq": "10", "n": "15678", "vap": "117", "pvap": "   3,21", "e": "N", "st": "Suplente"}, {"seq": "13", "n": "15222", "vap": "110", "pvap": "   3,02", "e": "N", "st": "Suplente"}, {"seq": "21", "n": "15123", "vap": "75", "pvap": "   2,06", "e": "N", "st": "Suplente"}, {"seq": "37", "n": "15333", "vap": "22", "pvap": "   0,60", "e": "N", "st": "Suplente"}, {"seq": "38", "n": "15111", "vap": "18", "pvap": "   0,49", "e": "N", "st": "Suplente"}, {"seq": "40", "n": "15000", "vap": "16", "pvap": "   0,44", "e": "N", "st": "Suplente"}, {"seq": "41", "n": "15777", "vap": "9", "pvap": "   0,25", "e": "N", "st": "Suplente"}, {"seq": "42", "n": "15444", "vap": "7", "pvap": "   0,19", "e": "N", "st": "Suplente"}, {"seq": "8", "n": "17777", "vap": "129", "pvap": "   3,54", "e": "S", "st": "Eleito"}, {"seq": "15", "n": "17456", "vap": "103", "pvap": "   2,83", "e": "N", "st": "Suplente"}, {"seq": "17", "n": "17111", "vap": "92", "pvap": "   2,52", "e": "N", "st": "Suplente"}, {"seq": "20", "n": "17444", "vap": "75", "pvap": "   2,06", "e": "N", "st": "Suplente"}, {"seq": "22", "n": "17000", "vap": "71", "pvap": "   1,95", "e": "N", "st": "Suplente"}, {"seq": "33", "n": "17123", "vap": "30", "pvap": "   0,82", "e": "N", "st": "Suplente"}, {"seq": "36", "n": "17234", "vap": "22", "pvap": "   0,60", "e": "N", "st": "Suplente"}, {"seq": "46", "n": "17800", "vap": "1", "pvap": "   0,03", "e": "N", "st": "Suplente"}, {"seq": "47", "n": "17888", "vap": "0", "pvap": "00.00", "e": "N", "st": "Suplente"}, {"seq": "4", "n": "12345", "vap": "169", "pvap": "   4,64", "e": "S", "st": "Eleito"}, {"seq": "16", "n": "12123", "vap": "94", "pvap": "   2,58", "e": "N", "st": "Suplente"}, {"seq": "27", "n": "12333", "vap": "45", "pvap": "   1,23", "e": "N", "st": "Suplente"}, {"seq": "1", "n": "13333", "vap": "213", "pvap": "   5,84", "e": "S", "st": "Eleito"}, {"seq": "3", "n": "13123", "vap": "181", "pvap": "   4,96", "e": "S", "st": "Eleito"}, {"seq": "9", "n": "13555", "vap": "102", "pvap": "   2,80", "e": "S", "st": "Eleito"}, {"seq": "19", "n": "13666", "vap": "76", "pvap": "   2,08", "e": "N", "st": "Suplente"}, {"seq": "25", "n": "13456", "vap": "54", "pvap": "   1,48", "e": "N", "st": "Suplente"}, {"seq": "26", "n": "13000", "vap": "48", "pvap": "   1,32", "e": "N", "st": "Suplente"}, {"seq": "28", "n": "13111", "vap": "42", "pvap": "   1,15", "e": "N", "st": "Suplente"}, {"seq": "30", "n": "13444", "vap": "35", "pvap": "   0,96", "e": "N", "st": "Suplente"}, {"seq": "31", "n": "13999", "vap": "32", "pvap": "   0,88", "e": "N", "st": "Suplente"}, {"seq": "32", "n": "13789", "vap": "31", "pvap": "   0,85", "e": "N", "st": "Suplente"}, {"seq": "35", "n": "13222", "vap": "24", "pvap": "   0,66", "e": "N", "st": "Suplente"}, {"seq": "5", "n": "14111", "vap": "161", "pvap": "   4,42", "e": "S", "st": "Eleito"}, {"seq": "7", "n": "14777", "vap": "137", "pvap": "   3,76", "e": "S", "st": "Eleito"}, {"seq": "12", "n": "14456", "vap": "114", "pvap": "   3,13", "e": "N", "st": "Suplente"}, {"seq": "14", "n": "14444", "vap": "104", "pvap": "   2,85", "e": "N", "st": "Suplente"}, {"seq": "18", "n": "14222", "vap": "85", "pvap": "   2,33", "e": "N", "st": "Suplente"}, {"seq": "29", "n": "14578", "vap": "35", "pvap": "   0,96", "e": "N", "st": "Suplente"}, {"seq": "39", "n": "14000", "vap": "18", "pvap": "   0,49", "e": "N", "st": "Suplente"}, {"seq": "43", "n": "14555", "vap": "6", "pvap": "   0,16", "e": "N", "st": "Suplente"}, {"seq": "44", "n": "14300", "vap": "4", "pvap": "   0,11", "e": "N", "st": "Suplente"}, {"seq": "48", "n": "14100", "vap": "0", "pvap": "00.00", "e": "N", "st": "Suplente"}, {"seq": "6", "n": "70456", "vap": "145", "pvap": "   3,98", "e": "S", "st": "Eleito"}, {"seq": "11", "n": "70000", "vap": "114", "pvap": "   3,13", "e": "N", "st": "Suplente"}, {"seq": "23", "n": "70222", "vap": "70", "pvap": "   1,92", "e": "N", "st": "Suplente"}, {"seq": "24", "n": "70111", "vap": "66", "pvap": "   1,81", "e": "N", "st": "Suplente"}, {"seq": "34", "n": "70123", "vap": "25", "pvap": "   0,69", "e": "N", "st": "Suplente"}, {"seq": "45", "n": "70787", "vap": "3", "pvap": "   0,08", "e": "N", "st": "Suplente"}]}]}