{"ele": "426", "carper": "13", "t": "1", "f": "O", "esae": "N", "mnae": " ", "dg": "15/11/2020", "hg": "23:24:08", "dv": "S", "nadf": "mg41637-c0013-e000426-003-f", "abr": [{"dt": "15/11/2020", "ht": "23:00:49", "tf": "S", "and": "F", "tpabr": "MU", "cdabr": "41637", "s": "12", "st": "12", "snt": "0", "si": "12", "sni": "0", "sa": "12", "sna": "0", "pst": " 100,00", "psnt": "   0,00", "psi": " 100,00", "psni": "   0,00", "psa": " 100,00", "psna": "   0,00", "e": "5001", "ea": "5001", "ena": "0", "esi": "5001", "esni": "0", "c": "3939", "a": "1062", "pea": " 100,00", "pena": "   0,00", "pesi": " 100,00", "pesni": "   0,00", "pa": "  21,24", "pc": "  78,76", "vscv": "0", "vnom": "3627", "vl": "195", "tv": "3939", "vvc": "3822", "vb": "31", "tvn": "86", "vn": "86", "vnt": "0", "vp": "0", "vv": "3822", "van": "0", "vansj": "0", "pvnom": "  94,90", "pvl": "   5,10", "pvvc": "  97,03", "pvb": "   0,79", "ptvn": "   2,18", "pvn": " 100,00", "pvnt": "   0,00", "pvp": "   0,00", "pvv": " 100,00", "pvan": "   0,00", "pvansj": "   0,00", "colig": [{"n": "130000139632", "tvtn": "1083", "tvan": "1083", "vag": "3", "tvtl": "71", "tval": "71"}, {"n": "130000139593", "tvtn": "23", "tvan": "23", "vag": "0", "tvtl": "1", "tval": "1"}, {"n": "130000139590", "tvtn": "266", "tvan": "266", "vag": "0", "tvtl": "15", "tval": "15"}, {"n": "130000088044", "tvtn": "161", "tvan": "161", "vag": "0", "tvtl": "11", "tval": "11"}, {"n": "130000088160", "tvtn": "694", "tvan": "694", "vag": "2", "tvtl": "20", "tval": "20"}, {"n": "130000139340", "tvtn": "47", "tvan": "47", "vag": "0", "tvtl": "0", "tval": "0"}, {"n": "130000150895", "tvtn": "188", "tvan": "188", "vag": "0", "tvtl": "1", "tval": "1"}, {"n": "130000088161", "tvtn": "1135", "tvan": "1135", "vag": "4", "tvtl": "70", "tval": "70"}, {"n": "130000152938", "tvtn": "30", "tvan": "30", "vag": "0", "tvtl": "6", "tval": "6"}], "part": [{"n": "25", "tvtn": "1083", "tvan": "1083", "tvtl": "71", "tval": "71"}, {"n": "15", "tvtn": "23", "tvan": "23", "tvtl": "1", "tval": "1"}, {"n": "12", "tvtn": "266", "tvan": "266", "tvtl": "15", "tval": "15"}, {"n": "22", "tvtn": "161", "tvan": "161", "tvtl": "11", "tval": "11"}, {"n": "55", "tvtn": "694", "tvan": "694", "tvtl": "20", "tval": "20"}, {"n": "90", "tvtn": "47", "tvan": "47", "tvtl": "0", "tval": "0"}, {"n": "43", "tvtn": "188", "tvan": "188", "tvtl": "1", "tval": "1"}, {"n": "40", "tvtn": "1135", "tvan": "1135", "tvtl": "70", "tval": "70"}, {"n": "51", "tvtn": "30", "tvan": "30", "tvtl": "6", "tval": "6"}], "cand": [{"seq": "14", "n": "25625", "vap": "82", "pvap": "   2,15", "e": "N", "st": "Suplente"}, {"seq": "27", "n": "25025", "vap": "16", "pvap": "   0,42", "e": "N", "st": "Suplente"}, {"seq": "3", "n": "25630", "vap": "203", "pvap": "   5,31", "e": "S", "st": "Eleito"}, {"seq": "16", "n": "25675", "vap": "73", "pvap": "   1,91", "e": "N", "st": "Suplente"}, {"seq": "29", "n": "25555", "vap": "5", "pvap": "   0,13", "e": "N", "st": "Suplente"}, {"seq": "6", "n": "25800", "vap": "180", "pvap": "   4,71", "e": "S", "st": "Eleito"}, {"seq": "8", "n": "25123", "vap": "161", "pvap": "   4,21", "e": "S", "st": "Eleito"}, {"seq": "19", "n": "25456", "vap": "45", "pvap": "   1,18", "e": "N", "st": "Suplente"}, {"seq": "28", "n": "25678", "vap": "7", "pvap": "   0,18", "e": "N", "st": "Suplente"}, {"seq": "11", "n": "25193", "vap": "132", "pvap": "   3,45", "e": "N", "st": "Suplente"}, {"seq": "20", "n": "25777", "vap": "42", "pvap": "   1,10", "e": "N", "st": "Suplente"}, {"seq": "13", "n": "25111", "vap": "118", "pvap": "   3,09", "e": "N", "st": "Suplente"}, {"seq": "26", "n": "25482", "vap": "19", "pvap": "   0,50", "e": "N", "st": "Suplente"}, {"seq": "41", "n": "15555", "vap": "19", "pvap": "   0,50", "e": "N", "st": "N\u00e3o eleito"}, {"seq": "45", "n": "15666", "vap": "4", "pvap": "   0,10", "e": "N", "st": "N\u00e3o eleito"}, {"seq": "34", "n": "12123", "vap": "55", "pvap": "   1,44", "e": "N", "st": "N\u00e3o eleito"}, {"seq": "30", "n": "12612", "vap": "122", "pvap": "   3,19", "e": "N", "st": "N\u00e3o eleito"}, {"seq": "36", "n": "12111", "vap": "34", "pvap": "   0,89", "e": "N", "st": "N\u00e3o eleito"}, {"seq": "35", "n": "12345", "vap": "55", "pvap": "   1,44", "e": "N", "st": "N\u00e3o eleito"}, {"seq": "40", "n": "22222", "vap": "26", "pvap": "   0,68", "e": "N", "st": "N\u00e3o eleito"}, {"seq": "39", "n": "22123", "vap": "26", "pvap": "   0,68", "e": "N", "st": "N\u00e3o eleito"}, {"seq": "38", "n": "22111", "vap": "29", "pvap": "   0,76", "e": "N", "st": "N\u00e3o eleito"}, {"seq": "33", "n": "22675", "vap": "80", "pvap": "   2,09", "e": "N", "st": "N\u00e3o eleito"}, {"seq": "12", "n": "55612", "vap": "130", "pvap": "   3,40", "e": "N", "st": "Suplente"}, {"seq": "1", "n": "55675", "vap": "293", "pvap": "   7,67", "e": "S", "st": "Eleito"}, {"seq": "17", "n": "55111", "vap": "61", "pvap": "   1,60", "e": "N", "st": "Suplente"}, {"seq": "7", "n": "55000", "vap": "173", "pvap": "   4,53", "e": "S", "st": "Eleito"}, {"seq": "21", "n": "55555", "vap": "37", "pvap": "   0,97", "e": "N", "st": "Suplente"}, {"seq": "42", "n": "90000", "vap": "17", "pvap": "   0,44", "e": "N", "st": "N\u00e3o eleito"}, {"seq": "37", "n": "90123", "vap": "30", "pvap": "   0,78", "e": "N", "st": "N\u00e3o eleito"}, {"seq": "46", "n": "43200", "vap": "2", "pvap": "   0,05", "e": "N", "st": "N\u00e3o eleito"}, {"seq": "31", "n": "43456", "vap": "102", "pvap": "   2,67", "e": "N", "st": "N\u00e3o eleito"}, {"seq": "32", "n": "43123", "vap": "84", "pvap": "   2,20", "e": "N", "st": "N\u00e3o eleito"}, {"seq": "25", "n": "40565", "vap": "20", "pvap": "   0,52", "e": "N", "st": "Suplente"}, {"seq": "4", "n": "40234", "vap": "195", "pvap": "   5,10", "e": "S", "st": "Eleito"}, {"seq": "18", "n": "40456", "vap": "54", "pvap": "   1,41", "e": "N", "st": "Suplente"}, {"seq": "24", "n": "40369", "vap": "25", "pvap": "   0,65", "e": "N", "st": "Suplente"}, {"seq": "5", "n": "40333", "vap": "190", "pvap": "   4,97", "e": "S", "st": "Eleito"}, {"seq": "2", "n": "40888", "vap": "236", "pvap": "   6,17", "e": "S", "st": "Eleito"}, {"seq": "10", "n": "40123", "vap": "138", "pvap": "   3,61", "e": "N", "st": "Suplente"}, {"seq": "9", "n": "40444", "vap": "145", "pvap": "   3,79", "e": "S", "st": "Eleito"}, {"seq": "22", "n": "40777", "vap": "30", "pvap": "   0,78", "e": "N", "st": "Suplente"}, {"seq": "48", "n": "40000", "vap": "0", "pvap": "00.00", "e": "N", "st": "N\u00e3o eleito"}, {"seq": "23", "n": "40040", "vap": "27", "pvap": "   0,71", "e": "N", "st": "Suplente"}, {"seq": "15", "n": "40852", "vap": "75", "pvap": "   1,96", "e": "N", "st": "Suplente"}, {"seq": "44", "n": "51000", "vap": "14", "pvap": "   0,37", "e": "N", "st": "N\u00e3o eleito"}, {"seq": "43", "n": "51123", "vap": "16", "pvap": "   0,42", "e": "N", "st": "N\u00e3o eleito"}, {"seq": "47", "n": "51675", "vap": "0", "pvap": "00.00", "e": "N", "st": "N\u00e3o eleito"}]}, {"dt": "15/11/2020", "ht": "23:00:49", "tf": "S", "and": "F", "tpabr": "ZONA", "cdabr": "329", "s": "12", "st": "12", "snt": "0", "si": "12", "sni": "0", "sa": "12", "sna": "0", "pst": " 100,00", "psnt": "   0,00", "psi": " 100,00", "psni": "   0,00", "psa": " 100,00", "psna": "   0,00", "e": "5001", "ea": "5001", "ena": "0", "esi": "5001", "esni": "0", "a": "1062", "c": "3939", "pea": " 100,00", "pena": "   0,00", "pesi": " 100,00", "pesni": "   0,00", "pa": "  21,24", "pc": "  78,76", "vnom": "3627", "vscv": "0", "vl": "195", "tv": "3939", "vvc": "3822", "vb": "31", "tvn": "86", "vn": "86", "vnt": "0", "vp": "0", "vv": "3822", "van": "0", "vansj": "0", "pvnom": "  94,90", "pvl": "   5,10", "pvvc": "  97,03", "pvb": "   0,79", "ptvn": "   2,18", "pvn": " 100,00", "pvnt": "   0,00", "pvp": "   0,00", "pvv": " 100,00", "pvan": "   0,00", "pvansj": "   0,00", "cand": [{"seq": "43", "n": "51123", "vap": "16", "pvap": "   0,42", "e": "N", "st": "N\u00e3o eleito"}, {"seq": "44", "n": "51000", "vap": "14", "pvap": "   0,37", "e": "N", "st": "N\u00e3o eleito"}, {"seq": "47", "n": "51675", "vap": "0", "pvap": "00.00", "e": "N", "st": "N\u00e3o eleito"}, {"seq": "3", "n": "25630", "vap": "203", "pvap": "   5,31", "e": "S", "st": "Eleito"}, {"seq": "6", "n": "25800", "vap": "180", "pvap": "   4,71", "e": "S", "st": "Eleito"}, {"seq": "8", "n": "25123", "vap": "161", "pvap": "   4,21", "e": "S", "st": "Eleito"}, {"seq": "11", "n": "25193", "vap": "132", "pvap": "   3,45", "e": "N", "st": "Suplente"}, {"seq": "13", "n": "25111", "vap": "118", "pvap": "   3,09", "e": "N", "st": "Suplente"}, {"seq": "14", "n": "25625", "vap": "82", "pvap": "   2,15", "e": "N", "st": "Suplente"}, {"seq": "16", "n": "25675", "vap": "73", "pvap": "   1,91", "e": "N", "st": "Suplente"}, {"seq": "19", "n": "25456", "vap": "45", "pvap": "   1,18", "e": "N", "st": "Suplente"}, {"seq": "20", "n": "25777", "vap": "42", "pvap": "   1,10", "e": "N", "st": "Suplente"}, {"seq": "26", "n": "25482", "vap": "19", "pvap": "   0,50", "e": "N", "st": "Suplente"}, {"seq": "27", "n": "25025", "vap": "16", "pvap": "   0,42", "e": "N", "st": "Suplente"}, {"seq": "28", "n": "25678", "vap": "7", "pvap": "   0,18", "e": "N", "st": "Suplente"}, {"seq": "29", "n": "25555", "vap": "5", "pvap": "   0,13", "e": "N", "st": "Suplente"}, {"seq": "2", "n": "40888", "vap": "236", "pvap": "   6,17", "e": "S", "st": "Eleito"}, {"seq": "4", "n": "40234", "vap": "195", "pvap": "   5,10", "e": "S", "st": "Eleito"}, {"seq": "5", "n": "40333", "vap": "190", "pvap": "   4,97", "e": "S", "st": "Eleito"}, {"seq": "9", "n": "40444", "vap": "145", "pvap": "   3,79", "e": "S", "st": "Eleito"}, {"seq": "10", "n": "40123", "vap": "138", "pvap": "   3,61", "e": "N", "st": "Suplente"}, {"seq": "15", "n": "40852", "vap": "75", "pvap": "   1,96", "e": "N", "st": "Suplente"}, {"seq": "18", "n": "40456", "vap": "54", "pvap": "   1,41", "e": "N", "st": "Suplente"}, {"seq": "22", "n": "40777", "vap": "30", "pvap": "   0,78", "e": "N", "st": "Suplente"}, {"seq": "23", "n": "40040", "vap": "27", "pvap": "   0,71", "e": "N", "st": "Suplente"}, {"seq": "24", "n": "40369", "vap": "25", "pvap": "   0,65", "e": "N", "st": "Suplente"}, {"seq": "25", "n": "40565", "vap": "20", "pvap": "   0,52", "e": "N", "st": "Suplente"}, {"seq": "48", "n": "40000", "vap": "0", "pvap": "00.00", "e": "N", "st": "N\u00e3o eleito"}, {"seq": "1", "n": "55675", "vap": "293", "pvap": "   7,67", "e": "S", "st": "Eleito"}, {"seq": "7", "n": "55000", "vap": "173", "pvap": "   4,53", "e": "S", "st": "Eleito"}, {"seq": "12", "n": "55612", "vap": "130", "pvap": "   3,40", "e": "N", "st": "Suplente"}, {"seq": "17", "n": "55111", "vap": "61", "pvap": "   1,60", "e": "N", "st": "Suplente"}, {"seq": "21", "n": "55555", "vap": "37", "pvap": "   0,97", "e": "N", "st": "Suplente"}, {"seq": "37", "n": "90123", "vap": "30", "pvap": "   0,78", "e": "N", "st": "N\u00e3o eleito"}, {"seq": "42", "n": "90000", "vap": "17", "pvap": "   0,44", "e": "N", "st": "N\u00e3o eleito"}, {"seq": "31", "n": "43456", "vap": "102", "pvap": "   2,67", "e": "N", "st": "N\u00e3o eleito"}, {"seq": "32", "n": "43123", "vap": "84", "pvap": "   2,20", "e": "N", "st": "N\u00e3o eleito"}, {"seq": "46", "n": "43200", "vap": "2", "pvap": "   0,05", "e": "N", "st": "N\u00e3o eleito"}, {"seq": "30", "n": "12612", "vap": "122", "pvap": "   3,19", "e": "N", "st": "N\u00e3o eleito"}, {"seq": "34", "n": "12123", "vap": "55", "pvap": "   1,44", "e": "N", "st": "N\u00e3o eleito"}, {"seq": "35", "n": "12345", "vap": "55", "pvap": "   1,44", "e": "N", "st": "N\u00e3o eleito"}, {"seq": "36", "n": "12111", "vap": "34", "pvap": "   0,89", "e": "N", "st": "N\u00e3o eleito"}, {"seq": "33", "n": "22675", "vap": "80", "pvap": "   2,09", "e": "N", "st": "N\u00e3o eleito"}, {"seq": "38", "n": "22111", "vap": "29", "pvap": "   0,76", "e": "N", "st": "N\u00e3o eleito"}, {"seq": "39", "n": "22123", "vap": "26", "pvap": "   0,68", "e": "N", "st": "N\u00e3o eleito"}, {"seq": "40", "n": "22222", "vap": "26", "pvap": "   0,68", "e": "N", "st": "N\u00e3o eleito"}, {"seq": "41", "n": "15555", "vap": "19", "pvap": "   0,50", "e": "N", "st": "N\u00e3o eleito"}, {"seq": "45", "n": "15666", "vap": "4", "pvap": "   0,10", "e": "N", "st": "N\u00e3o eleito"}]}]}