{"ele": "426", "carper": "13", "t": "1", "f": "O", "esae": "N", "mnae": " ", "dg": "15/11/2020", "hg": "22:15:20", "dv": "S", "nadf": "mg45691-c0013-e000426-002-f", "abr": [{"dt": "15/11/2020", "ht": "20:11:46", "tf": "S", "and": "F", "tpabr": "MU", "cdabr": "45691", "s": "7", "st": "7", "snt": "0", "si": "7", "sni": "0", "sa": "7", "sna": "0", "pst": " 100,00", "psnt": "   0,00", "psi": " 100,00", "psni": "   0,00", "psa": " 100,00", "psna": "   0,00", "e": "3571", "ea": "3571", "ena": "0", "esi": "3571", "esni": "0", "c": "3008", "a": "563", "pea": " 100,00", "pena": "   0,00", "pesi": " 100,00", "pesni": "   0,00", "pa": "  15,77", "pc": "  84,23", "vscv": "0", "vnom": "2727", "vl": "143", "tv": "3008", "vvc": "2870", "vb": "50", "tvn": "88", "vn": "88", "vnt": "0", "vp": "0", "vv": "2870", "van": "0", "vansj": "0", "pvnom": "  95,02", "pvl": "   4,98", "pvvc": "  95,41", "pvb": "   1,66", "ptvn": "   2,93", "pvn": " 100,00", "pvnt": "   0,00", "pvp": "   0,00", "pvv": " 100,00", "pvan": "   0,00", "pvansj": "   0,00", "colig": [{"n": "130000071590", "tvtn": "831", "tvan": "831", "vag": "3", "tvtl": "61", "tval": "61"}, {"n": "130000057031", "tvtn": "736", "tvan": "736", "vag": "3", "tvtl": "54", "tval": "54"}, {"n": "130000071589", "tvtn": "240", "tvan": "240", "vag": "0", "tvtl": "2", "tval": "2"}, {"n": "130000093594", "tvtn": "526", "tvan": "526", "vag": "2", "tvtl": "14", "tval": "14"}, {"n": "130000057106", "tvtn": "394", "tvan": "394", "vag": "1", "tvtl": "12", "tval": "12"}], "part": [{"n": "45", "tvtn": "831", "tvan": "831", "tvtl": "61", "tval": "61"}, {"n": "77", "tvtn": "736", "tvan": "736", "tvtl": "54", "tval": "54"}, {"n": "15", "tvtn": "240", "tvan": "240", "tvtl": "2", "tval": "2"}, {"n": "25", "tvtn": "526", "tvan": "526", "tvtl": "14", "tval": "14"}, {"n": "22", "tvtn": "394", "tvan": "394", "tvtl": "12", "tval": "12"}], "cand": [{"seq": "45", "n": "45789", "vap": "4", "pvap": "   0,14", "e": "N", "st": "Suplente"}, {"seq": "35", "n": "45111", "vap": "12", "pvap": "   0,42", "e": "N", "st": "Suplente"}, {"seq": "16", "n": "45250", "vap": "63", "pvap": "   2,20", "e": "N", "st": "Suplente"}, {"seq": "11", "n": "45123", "vap": "108", "pvap": "   3,76", "e": "N", "st": "Suplente"}, {"seq": "17", "n": "45555", "vap": "57", "pvap": "   1,99", "e": "N", "st": "Suplente"}, {"seq": "1", "n": "45456", "vap": "201", "pvap": "   7,00", "e": "S", "st": "Eleito"}, {"seq": "37", "n": "45444", "vap": "10", "pvap": "   0,35", "e": "N", "st": "Suplente"}, {"seq": "5", "n": "45007", "vap": "131", "pvap": "   4,56", "e": "S", "st": "Eleito"}, {"seq": "26", "n": "45000", "vap": "24", "pvap": "   0,84", "e": "N", "st": "Suplente"}, {"seq": "7", "n": "45610", "vap": "126", "pvap": "   4,39", "e": "S", "st": "Eleito"}, {"seq": "29", "n": "45550", "vap": "20", "pvap": "   0,70", "e": "N", "st": "Suplente"}, {"seq": "44", "n": "45888", "vap": "4", "pvap": "   0,14", "e": "N", "st": "Suplente"}, {"seq": "14", "n": "45777", "vap": "71", "pvap": "   2,47", "e": "N", "st": "Suplente"}, {"seq": "20", "n": "77345", "vap": "52", "pvap": "   1,81", "e": "N", "st": "Suplente"}, {"seq": "38", "n": "77177", "vap": "10", "pvap": "   0,35", "e": "N", "st": "Suplente"}, {"seq": "30", "n": "77111", "vap": "18", "pvap": "   0,63", "e": "N", "st": "Suplente"}, {"seq": "23", "n": "77000", "vap": "34", "pvap": "   1,18", "e": "N", "st": "Suplente"}, {"seq": "3", "n": "77777", "vap": "140", "pvap": "   4,88", "e": "S", "st": "Eleito"}, {"seq": "9", "n": "77555", "vap": "98", "pvap": "   3,41", "e": "S", "st": "Eleito"}, {"seq": "19", "n": "77007", "vap": "56", "pvap": "   1,95", "e": "N", "st": "Suplente"}, {"seq": "24", "n": "77899", "vap": "33", "pvap": "   1,15", "e": "N", "st": "Suplente"}, {"seq": "34", "n": "77331", "vap": "14", "pvap": "   0,49", "e": "N", "st": "Suplente"}, {"seq": "28", "n": "77088", "vap": "21", "pvap": "   0,73", "e": "N", "st": "Suplente"}, {"seq": "18", "n": "77456", "vap": "56", "pvap": "   1,95", "e": "N", "st": "Suplente"}, {"seq": "2", "n": "77123", "vap": "155", "pvap": "   5,40", "e": "S", "st": "Eleito"}, {"seq": "21", "n": "77644", "vap": "49", "pvap": "   1,71", "e": "N", "st": "Suplente"}, {"seq": "47", "n": "15123", "vap": "132", "pvap": "   4,60", "e": "N", "st": "N\u00e3o eleito"}, {"seq": "51", "n": "15100", "vap": "9", "pvap": "   0,31", "e": "N", "st": "N\u00e3o eleito"}, {"seq": "50", "n": "15000", "vap": "18", "pvap": "   0,63", "e": "N", "st": "N\u00e3o eleito"}, {"seq": "52", "n": "15777", "vap": "8", "pvap": "   0,28", "e": "N", "st": "N\u00e3o eleito"}, {"seq": "53", "n": "15789", "vap": "3", "pvap": "   0,10", "e": "N", "st": "N\u00e3o eleito"}, {"seq": "49", "n": "15555", "vap": "23", "pvap": "   0,80", "e": "N", "st": "N\u00e3o eleito"}, {"seq": "48", "n": "15333", "vap": "44", "pvap": "   1,53", "e": "N", "st": "N\u00e3o eleito"}, {"seq": "54", "n": "15999", "vap": "3", "pvap": "   0,10", "e": "N", "st": "N\u00e3o eleito"}, {"seq": "8", "n": "25777", "vap": "116", "pvap": "   4,04", "e": "S", "st": "Eleito"}, {"seq": "12", "n": "25000", "vap": "99", "pvap": "   3,45", "e": "N", "st": "Suplente"}, {"seq": "41", "n": "25789", "vap": "8", "pvap": "   0,28", "e": "N", "st": "Suplente"}, {"seq": "40", "n": "25666", "vap": "9", "pvap": "   0,31", "e": "N", "st": "Suplente"}, {"seq": "36", "n": "25555", "vap": "12", "pvap": "   0,42", "e": "N", "st": "Suplente"}, {"seq": "13", "n": "25123", "vap": "71", "pvap": "   2,47", "e": "N", "st": "Suplente"}, {"seq": "39", "n": "25456", "vap": "9", "pvap": "   0,31", "e": "N", "st": "Suplente"}, {"seq": "31", "n": "25999", "vap": "18", "pvap": "   0,63", "e": "N", "st": "Suplente"}, {"seq": "27", "n": "25010", "vap": "21", "pvap": "   0,73", "e": "N", "st": "Suplente"}, {"seq": "25", "n": "25550", "vap": "29", "pvap": "   1,01", "e": "N", "st": "Suplente"}, {"seq": "4", "n": "25222", "vap": "134", "pvap": "   4,67", "e": "S", "st": "Eleito"}, {"seq": "43", "n": "22093", "vap": "6", "pvap": "   0,21", "e": "N", "st": "Suplente"}, {"seq": "42", "n": "22345", "vap": "8", "pvap": "   0,28", "e": "N", "st": "Suplente"}, {"seq": "22", "n": "22010", "vap": "41", "pvap": "   1,43", "e": "N", "st": "Suplente"}, {"seq": "46", "n": "22777", "vap": "2", "pvap": "   0,07", "e": "N", "st": "Suplente"}, {"seq": "10", "n": "22123", "vap": "111", "pvap": "   3,87", "e": "N", "st": "Suplente"}, {"seq": "15", "n": "22456", "vap": "69", "pvap": "   2,40", "e": "N", "st": "Suplente"}, {"seq": "6", "n": "22122", "vap": "127", "pvap": "   4,43", "e": "S", "st": "Eleito"}, {"seq": "33", "n": "22333", "vap": "14", "pvap": "   0,49", "e": "N", "st": "Suplente"}, {"seq": "32", "n": "22369", "vap": "16", "pvap": "   0,56", "e": "N", "st": "Suplente"}]}, {"dt": "15/11/2020", "ht": "20:11:46", "tf": "S", "and": "F", "tpabr": "ZONA", "cdabr": "42", "s": "7", "st": "7", "snt": "0", "si": "7", "sni": "0", "sa": "7", "sna": "0", "pst": " 100,00", "psnt": "   0,00", "psi": " 100,00", "psni": "   0,00", "psa": " 100,00", "psna": "   0,00", "e": "3571", "ea": "3571", "ena": "0", "esi": "3571", "esni": "0", "a": "563", "c": "3008", "pea": " 100,00", "pena": "   0,00", "pesi": " 100,00", "pesni": "   0,00", "pa": "  15,77", "pc": "  84,23", "vnom": "2727", "vscv": "0", "vl": "143", "tv": "3008", "vvc": "2870", "vb": "50", "tvn": "88", "vn": "88", "vnt": "0", "vp": "0", "vv": "2870", "van": "0", "vansj": "0", "pvnom": "  95,02", "pvl": "   4,98", "pvvc": "  95,41", "pvb": "   1,66", "ptvn": "   2,93", "pvn": " 100,00", "pvnt": "   0,00", "pvp": "   0,00", "pvv": " 100,00", "pvan": "   0,00", "pvansj": "   0,00", "cand": [{"seq": "6", "n": "22122", "vap": "127", "pvap": "   4,43", "e": "S", "st": "Eleito"}, {"seq": "10", "n": "22123", "vap": "111", "pvap": "   3,87", "e": "N", "st": "Suplente"}, {"seq": "15", "n": "22456", "vap": "69", "pvap": "   2,40", "e": "N", "st": "Suplente"}, {"seq": "22", "n": "22010", "vap": "41", "pvap": "   1,43", "e": "N", "st": "Suplente"}, {"seq": "32", "n": "22369", "vap": "16", "pvap": "   0,56", "e": "N", "st": "Suplente"}, {"seq": "33", "n": "22333", "vap": "14", "pvap": "   0,49", "e": "N", "st": "Suplente"}, {"seq": "42", "n": "22345", "vap": "8", "pvap": "   0,28", "e": "N", "st": "Suplente"}, {"seq": "43", "n": "22093", "vap": "6", "pvap": "   0,21", "e": "N", "st": "Suplente"}, {"seq": "46", "n": "22777", "vap": "2", "pvap": "   0,07", "e": "N", "st": "Suplente"}, {"seq": "47", "n": "15123", "vap": "132", "pvap": "   4,60", "e": "N", "st": "N\u00e3o eleito"}, {"seq": "48", "n": "15333", "vap": "44", "pvap": "   1,53", "e": "N", "st": "N\u00e3o eleito"}, {"seq": "49", "n": "15555", "vap": "23", "pvap": "   0,80", "e": "N", "st": "N\u00e3o eleito"}, {"seq": "50", "n": "15000", "vap": "18", "pvap": "   0,63", "e": "N", "st": "N\u00e3o eleito"}, {"seq": "51", "n": "15100", "vap": "9", "pvap": "   0,31", "e": "N", "st": "N\u00e3o eleito"}, {"seq": "52", "n": "15777", "vap": "8", "pvap": "   0,28", "e": "N", "st": "N\u00e3o eleito"}, {"seq": "53", "n": "15789", "vap": "3", "pvap": "   0,10", "e": "N", "st": "N\u00e3o eleito"}, {"seq": "54", "n": "15999", "vap": "3", "pvap": "   0,10", "e": "N", "st": "N\u00e3o eleito"}, {"seq": "2", "n": "77123", "vap": "155", "pvap": "   5,40", "e": "S", "st": "Eleito"}, {"seq": "3", "n": "77777", "vap": "140", "pvap": "   4,88", "e": "S", "st": "Eleito"}, {"seq": "9", "n": "77555", "vap": "98", "pvap": "   3,41", "e": "S", "st": "Eleito"}, {"seq": "18", "n": "77456", "vap": "56", "pvap": "   1,95", "e": "N", "st": "Suplente"}, {"seq": "19", "n": "77007", "vap": "56", "pvap": "   1,95", "e": "N", "st": "Suplente"}, {"seq": "20", "n": "77345", "vap": "52", "pvap": "   1,81", "e": "N", "st": "Suplente"}, {"seq": "21", "n": "77644", "vap": "49", "pvap": "   1,71", "e": "N", "st": "Suplente"}, {"seq": "23", "n": "77000", "vap": "34", "pvap": "   1,18", "e": "N", "st": "Suplente"}, {"seq": "24", "n": "77899", "vap": "33", "pvap": "   1,15", "e": "N", "st": "Suplente"}, {"seq": "28", "n": "77088", "vap": "21", "pvap": "   0,73", "e": "N", "st": "Suplente"}, {"seq": "30", "n": "77111", "vap": "18", "pvap": "   0,63", "e": "N", "st": "Suplente"}, {"seq": "34", "n": "77331", "vap": "14", "pvap": "   0,49", "e": "N", "st": "Suplente"}, {"seq": "38", "n": "77177", "vap": "10", "pvap": "   0,35", "e": "N", "st": "Suplente"}, {"seq": "4", "n": "25222", "vap": "134", "pvap": "   4,67", "e": "S", "st": "Eleito"}, {"seq": "8", "n": "25777", "vap": "116", "pvap": "   4,04", "e": "S", "st": "Eleito"}, {"seq": "12", "n": "25000", "vap": "99", "pvap": "   3,45", "e": "N", "st": "Suplente"}, {"seq": "13", "n": "25123", "vap": "71", "pvap": "   2,47", "e": "N", "st": "Suplente"}, {"seq": "25", "n": "25550", "vap": "29", "pvap": "   1,01", "e": "N", "st": "Suplente"}, {"seq": "27", "n": "25010", "vap": "21", "pvap": "   0,73", "e": "N", "st": "Suplente"}, {"seq": "31", "n": "25999", "vap": "18", "pvap": "   0,63", "e": "N", "st": "Suplente"}, {"seq": "36", "n": "25555", "vap": "12", "pvap": "   0,42", "e": "N", "st": "Suplente"}, {"seq": "39", "n": "25456", "vap": "9", "pvap": "   0,31", "e": "N", "st": "Suplente"}, {"seq": "40", "n": "25666", "vap": "9", "pvap": "   0,31", "e": "N", "st": "Suplente"}, {"seq": "41", "n": "25789", "vap": "8", "pvap": "   0,28", "e": "N", "st": "Suplente"}, {"seq": "1", "n": "45456", "vap": "201", "pvap": "   7,00", "e": "S", "st": "Eleito"}, {"seq": "5", "n": "45007", "vap": "131", "pvap": "   4,56", "e": "S", "st": "Eleito"}, {"seq": "7", "n": "45610", "vap": "126", "pvap": "   4,39", "e": "S", "st": "Eleito"}, {"seq": "11", "n": "45123", "vap": "108", "pvap": "   3,76", "e": "N", "st": "Suplente"}, {"seq": "14", "n": "45777", "vap": "71", "pvap": "   2,47", "e": "N", "st": "Suplente"}, {"seq": "16", "n": "45250", "vap": "63", "pvap": "   2,20", "e": "N", "st": "Suplente"}, {"seq": "17", "n": "45555", "vap": "57", "pvap": "   1,99", "e": "N", "st": "Suplente"}, {"seq": "26", "n": "45000", "vap": "24", "pvap": "   0,84", "e": "N", "st": "Suplente"}, {"seq": "29", "n": "45550", "vap": "20", "pvap": "   0,70", "e": "N", "st": "Suplente"}, {"seq": "35", "n": "45111", "vap": "12", "pvap": "   0,42", "e": "N", "st": "Suplente"}, {"seq": "37", "n": "45444", "vap": "10", "pvap": "   0,35", "e": "N", "st": "Suplente"}, {"seq": "44", "n": "45888", "vap": "4", "pvap": "   0,14", "e": "N", "st": "Suplente"}, {"seq": "45", "n": "45789", "vap": "4", "pvap": "   0,14", "e": "N", "st": "Suplente"}]}]}