{"ele": "426", "carper": "13", "t": "1", "f": "O", "esae": "N", "mnae": " ", "dg": "15/11/2020", "hg": "23:23:55", "dv": "S", "nadf": "mg48810-c0013-e000426-002-f", "abr": [{"dt": "15/11/2020", "ht": "22:37:54", "tf": "S", "and": "F", "tpabr": "MU", "cdabr": "48810", "s": "50", "st": "50", "snt": "0", "si": "50", "sni": "0", "sa": "50", "sna": "0", "pst": " 100,00", "psnt": "   0,00", "psi": " 100,00", "psni": "   0,00", "psa": " 100,00", "psna": "   0,00", "e": "17764", "ea": "17764", "ena": "0", "esi": "17764", "esni": "0", "c": "13385", "a": "4379", "pea": " 100,00", "pena": "   0,00", "pesi": " 100,00", "pesni": "   0,00", "pa": "  24,65", "pc": "  75,35", "vscv": "0", "vnom": "11902", "vl": "639", "tv": "13385", "vvc": "12541", "vb": "417", "tvn": "427", "vn": "423", "vnt": "4", "vp": "0", "vv": "12541", "van": "0", "vansj": "0", "pvnom": "  94,90", "pvl": "   5,10", "pvvc": "  93,69", "pvb": "   3,12", "ptvn": "   3,19", "pvn": "  99,06", "pvnt": "   0,94", "pvp": "   0,00", "pvv": " 100,00", "pvan": "   0,00", "pvansj": "   0,00", "colig": [{"n": "130000093609", "tvtn": "1384", "tvan": "1384", "vag": "1", "tvtl": "25", "tval": "25"}, {"n": "130000093633", "tvtn": "1440", "tvan": "1444", "vag": "1", "tvtl": "26", "tval": "26"}, {"n": "130000095360", "tvtn": "2024", "tvan": "2024", "vag": "2", "tvtl": "237", "tval": "237"}, {"n": "130000123161", "tvtn": "1229", "tvan": "1229", "vag": "1", "tvtl": "142", "tval": "142"}, {"n": "130000123192", "tvtn": "1498", "tvan": "1498", "vag": "1", "tvtl": "30", "tval": "30"}, {"n": "130000093563", "tvtn": "1545", "tvan": "1545", "vag": "2", "tvtl": "17", "tval": "17"}, {"n": "130000143914", "tvtn": "1785", "tvan": "1785", "vag": "2", "tvtl": "145", "tval": "145"}, {"n": "130000143944", "tvtn": "997", "tvan": "997", "vag": "1", "tvtl": "17", "tval": "17"}], "part": [{"n": "70", "tvtn": "1384", "tvan": "1384", "tvtl": "25", "tval": "25"}, {"n": "25", "tvtn": "1440", "tvan": "1440", "tvtl": "26", "tval": "26"}, {"n": "22", "tvtn": "2024", "tvan": "2024", "tvtl": "237", "tval": "237"}, {"n": "55", "tvtn": "1229", "tvan": "1229", "tvtl": "142", "tval": "142"}, {"n": "14", "tvtn": "1498", "tvan": "1498", "tvtl": "30", "tval": "30"}, {"n": "40", "tvtn": "1545", "tvan": "1545", "tvtl": "17", "tval": "17"}, {"n": "77", "tvtn": "1785", "tvan": "1785", "tvtl": "145", "tval": "145"}, {"n": "19", "tvtn": "997", "tvan": "997", "tvtl": "17", "tval": "17"}], "cand": [{"seq": "100", "n": "70010", "vap": "11", "pvap": "   0,09", "e": "N", "st": "Suplente"}, {"seq": "97", "n": "70137", "vap": "13", "pvap": "   0,10", "e": "N", "st": "Suplente"}, {"seq": "37", "n": "70111", "vap": "117", "pvap": "   0,93", "e": "N", "st": "Suplente"}, {"seq": "59", "n": "70789", "vap": "62", "pvap": "   0,49", "e": "N", "st": "Suplente"}, {"seq": "58", "n": "70222", "vap": "70", "pvap": "   0,56", "e": "N", "st": "Suplente"}, {"seq": "48", "n": "70444", "vap": "85", "pvap": "   0,68", "e": "N", "st": "Suplente"}, {"seq": "26", "n": "70456", "vap": "148", "pvap": "   1,18", "e": "N", "st": "Suplente"}, {"seq": "76", "n": "70110", "vap": "44", "pvap": "   0,35", "e": "N", "st": "Suplente"}, {"seq": "52", "n": "70700", "vap": "77", "pvap": "   0,61", "e": "N", "st": "Suplente"}, {"seq": "50", "n": "70250", "vap": "84", "pvap": "   0,67", "e": "N", "st": "Suplente"}, {"seq": "33", "n": "70200", "vap": "122", "pvap": "   0,97", "e": "N", "st": "Suplente"}, {"seq": "11", "n": "70777", "vap": "215", "pvap": "   1,71", "e": "S", "st": "Eleito"}, {"seq": "24", "n": "70555", "vap": "157", "pvap": "   1,25", "e": "N", "st": "Suplente"}, {"seq": "69", "n": "70333", "vap": "51", "pvap": "   0,41", "e": "N", "st": "Suplente"}, {"seq": "56", "n": "70123", "vap": "71", "pvap": "   0,57", "e": "N", "st": "Suplente"}, {"seq": "65", "n": "70000", "vap": "57", "pvap": "   0,45", "e": "N", "st": "Suplente"}, {"seq": "12", "n": "25555", "vap": "321", "pvap": "   2,56", "e": "N", "st": "Suplente"}, {"seq": "63", "n": "25525", "vap": "58", "pvap": "   0,46", "e": "N", "st": "Suplente"}, {"seq": "96", "n": "25225", "vap": "14", "pvap": "   0,11", "e": "N", "st": "Suplente"}, {"seq": "78", "n": "25222", "vap": "40", "pvap": "   0,32", "e": "N", "st": "Suplente"}, {"seq": "99", "n": "25666", "vap": "13", "pvap": "   0,10", "e": "N", "st": "Suplente"}, {"seq": "4", "n": "25123", "vap": "403", "pvap": "   3,21", "e": "S", "st": "Eleito"}, {"seq": "87", "n": "25255", "vap": "25", "pvap": "   0,20", "e": "N", "st": "Suplente"}, {"seq": "101", "n": "25131", "vap": "10", "pvap": "   0,08", "e": "N", "st": "Suplente"}, {"seq": "15", "n": "25000", "vap": "242", "pvap": "   1,93", "e": "N", "st": "Suplente"}, {"seq": "92", "n": "25025", "vap": "18", "pvap": "   0,14", "e": "N", "st": "Suplente"}, {"seq": "42", "n": "25333", "vap": "96", "pvap": "   0,77", "e": "N", "st": "Suplente"}, {"seq": "27", "n": "25321", "vap": "140", "pvap": "   1,12", "e": "N", "st": "Suplente"}, {"seq": "61", "n": "25500", "vap": "60", "pvap": "   0,48", "e": "N", "st": "Suplente"}, {"seq": "89", "n": "22111", "vap": "24", "pvap": "   0,19", "e": "N", "st": "Suplente"}, {"seq": "54", "n": "22022", "vap": "74", "pvap": "   0,59", "e": "N", "st": "Suplente"}, {"seq": "13", "n": "22222", "vap": "274", "pvap": "   2,18", "e": "N", "st": "Suplente"}, {"seq": "62", "n": "22777", "vap": "59", "pvap": "   0,47", "e": "N", "st": "Suplente"}, {"seq": "84", "n": "22133", "vap": "30", "pvap": "   0,24", "e": "N", "st": "Suplente"}, {"seq": "45", "n": "22123", "vap": "88", "pvap": "   0,70", "e": "N", "st": "Suplente"}, {"seq": "49", "n": "22456", "vap": "84", "pvap": "   0,67", "e": "N", "st": "Suplente"}, {"seq": "86", "n": "22555", "vap": "25", "pvap": "   0,20", "e": "N", "st": "Suplente"}, {"seq": "93", "n": "22567", "vap": "17", "pvap": "   0,14", "e": "N", "st": "Suplente"}, {"seq": "20", "n": "22000", "vap": "198", "pvap": "   1,58", "e": "N", "st": "Suplente"}, {"seq": "6", "n": "22033", "vap": "338", "pvap": "   2,70", "e": "S", "st": "Eleito"}, {"seq": "2", "n": "22333", "vap": "587", "pvap": "   4,68", "e": "S", "st": "Eleito"}, {"seq": "16", "n": "22500", "vap": "226", "pvap": "   1,80", "e": "N", "st": "Suplente"}, {"seq": "67", "n": "55100", "vap": "54", "pvap": "   0,43", "e": "N", "st": "Suplente"}, {"seq": "53", "n": "55123", "vap": "75", "pvap": "   0,60", "e": "N", "st": "Suplente"}, {"seq": "39", "n": "55055", "vap": "104", "pvap": "   0,83", "e": "N", "st": "Suplente"}, {"seq": "41", "n": "55333", "vap": "97", "pvap": "   0,77", "e": "N", "st": "Suplente"}, {"seq": "98", "n": "55777", "vap": "13", "pvap": "   0,10", "e": "N", "st": "Suplente"}, {"seq": "64", "n": "55444", "vap": "57", "pvap": "   0,45", "e": "N", "st": "Suplente"}, {"seq": "17", "n": "55111", "vap": "226", "pvap": "   1,80", "e": "N", "st": "Suplente"}, {"seq": "90", "n": "55700", "vap": "24", "pvap": "   0,19", "e": "N", "st": "Suplente"}, {"seq": "28", "n": "55000", "vap": "140", "pvap": "   1,12", "e": "N", "st": "Suplente"}, {"seq": "103", "n": "55744", "vap": "8", "pvap": "   0,06", "e": "N", "st": "Suplente"}, {"seq": "3", "n": "55555", "vap": "431", "pvap": "   3,44", "e": "S", "st": "Eleito"}, {"seq": "73", "n": "14444", "vap": "47", "pvap": "   0,37", "e": "N", "st": "Suplente"}, {"seq": "18", "n": "14014", "vap": "213", "pvap": "   1,70", "e": "N", "st": "Suplente"}, {"seq": "102", "n": "14777", "vap": "8", "pvap": "   0,06", "e": "N", "st": "Suplente"}, {"seq": "47", "n": "14010", "vap": "85", "pvap": "   0,68", "e": "N", "st": "Suplente"}, {"seq": "14", "n": "14000", "vap": "257", "pvap": "   2,05", "e": "N", "st": "Suplente"}, {"seq": "21", "n": "14789", "vap": "176", "pvap": "   1,40", "e": "N", "st": "Suplente"}, {"seq": "57", "n": "14222", "vap": "71", "pvap": "   0,57", "e": "N", "st": "Suplente"}, {"seq": "8", "n": "14123", "vap": "266", "pvap": "   2,12", "e": "S", "st": "Eleito"}, {"seq": "35", "n": "14333", "vap": "120", "pvap": "   0,96", "e": "N", "st": "Suplente"}, {"seq": "38", "n": "14111", "vap": "115", "pvap": "   0,92", "e": "N", "st": "Suplente"}, {"seq": "30", "n": "14007", "vap": "136", "pvap": "   1,08", "e": "N", "st": "Suplente"}, {"seq": "107", "n": "14650", "vap": "4", "pvap": "   0,03", "e": "N", "st": "Suplente"}, {"seq": "80", "n": "40444", "vap": "38", "pvap": "   0,30", "e": "N", "st": "Suplente"}, {"seq": "22", "n": "40321", "vap": "175", "pvap": "   1,40", "e": "N", "st": "Suplente"}, {"seq": "95", "n": "40300", "vap": "14", "pvap": "   0,11", "e": "N", "st": "Suplente"}, {"seq": "32", "n": "40500", "vap": "122", "pvap": "   0,97", "e": "N", "st": "Suplente"}, {"seq": "5", "n": "40000", "vap": "373", "pvap": "   2,97", "e": "S", "st": "Eleito"}, {"seq": "83", "n": "40222", "vap": "32", "pvap": "   0,26", "e": "N", "st": "Suplente"}, {"seq": "29", "n": "40456", "vap": "136", "pvap": "   1,08", "e": "N", "st": "Suplente"}, {"seq": "66", "n": "40440", "vap": "56", "pvap": "   0,45", "e": "N", "st": "Suplente"}, {"seq": "74", "n": "40400", "vap": "45", "pvap": "   0,36", "e": "N", "st": "Suplente"}, {"seq": "34", "n": "40123", "vap": "121", "pvap": "   0,96", "e": "N", "st": "Suplente"}, {"seq": "9", "n": "40789", "vap": "240", "pvap": "   1,91", "e": "S", "st": "Eleito"}, {"seq": "77", "n": "40777", "vap": "42", "pvap": "   0,33", "e": "N", "st": "Suplente"}, {"seq": "31", "n": "40111", "vap": "126", "pvap": "   1,00", "e": "N", "st": "Suplente"}, {"seq": "88", "n": "40333", "vap": "25", "pvap": "   0,20", "e": "N", "st": "Suplente"}, {"seq": "71", "n": "77077", "vap": "49", "pvap": "   0,39", "e": "N", "st": "Suplente"}, {"seq": "72", "n": "77888", "vap": "49", "pvap": "   0,39", "e": "N", "st": "Suplente"}, {"seq": "106", "n": "77200", "vap": "5", "pvap": "   0,04", "e": "N", "st": "Suplente"}, {"seq": "25", "n": "77700", "vap": "154", "pvap": "   1,23", "e": "N", "st": "Suplente"}, {"seq": "55", "n": "77713", "vap": "72", "pvap": "   0,57", "e": "N", "st": "Suplente"}, {"seq": "43", "n": "77789", "vap": "91", "pvap": "   0,73", "e": "N", "st": "Suplente"}, {"seq": "40", "n": "77100", "vap": "103", "pvap": "   0,82", "e": "N", "st": "Suplente"}, {"seq": "46", "n": "77147", "vap": "88", "pvap": "   0,70", "e": "N", "st": "Suplente"}, {"seq": "91", "n": "77222", "vap": "19", "pvap": "   0,15", "e": "N", "st": "Suplente"}, {"seq": "23", "n": "77128", "vap": "159", "pvap": "   1,27", "e": "N", "st": "Suplente"}, {"seq": "7", "n": "77000", "vap": "309", "pvap": "   2,46", "e": "S", "st": "Eleito"}, {"seq": "75", "n": "77500", "vap": "45", "pvap": "   0,36", "e": "N", "st": "Suplente"}, {"seq": "1", "n": "77123", "vap": "589", "pvap": "   4,70", "e": "S", "st": "Eleito"}, {"seq": "68", "n": "77321", "vap": "53", "pvap": "   0,42", "e": "N", "st": "Suplente"}, {"seq": "70", "n": "19777", "vap": "50", "pvap": "   0,40", "e": "N", "st": "Suplente"}, {"seq": "19", "n": "19000", "vap": "208", "pvap": "   1,66", "e": "N", "st": "Suplente"}, {"seq": "51", "n": "19019", "vap": "82", "pvap": "   0,65", "e": "N", "st": "Suplente"}, {"seq": "85", "n": "19500", "vap": "27", "pvap": "   0,22", "e": "N", "st": "Suplente"}, {"seq": "82", "n": "19121", "vap": "36", "pvap": "   0,29", "e": "N", "st": "Suplente"}, {"seq": "79", "n": "19999", "vap": "38", "pvap": "   0,30", "e": "N", "st": "Suplente"}, {"seq": "94", "n": "19123", "vap": "17", "pvap": "   0,14", "e": "N", "st": "Suplente"}, {"seq": "81", "n": "19120", "vap": "37", "pvap": "   0,30", "e": "N", "st": "Suplente"}, {"seq": "60", "n": "19222", "vap": "61", "pvap": "   0,49", "e": "N", "st": "Suplente"}, {"seq": "36", "n": "19001", "vap": "120", "pvap": "   0,96", "e": "N", "st": "Suplente"}, {"seq": "104", "n": "19234", "vap": "7", "pvap": "   0,06", "e": "N", "st": "Suplente"}, {"seq": "105", "n": "19199", "vap": "5", "pvap": "   0,04", "e": "N", "st": "Suplente"}, {"seq": "44", "n": "19100", "vap": "89", "pvap": "   0,71", "e": "N", "st": "Suplente"}, {"seq": "10", "n": "19333", "vap": "220", "pvap": "   1,75", "e": "S", "st": "Eleito"}]}, {"dt": "15/11/2020", "ht": "22:37:54", "tf": "S", "and": "F", "tpabr": "ZONA", "cdabr": "189", "s": "50", "st": "50", "snt": "0", "si": "50", "sni": "0", "sa": "50", "sna": "0", "pst": " 100,00", "psnt": "   0,00", "psi": " 100,00", "psni": "   0,00", "psa": " 100,00", "psna": "   0,00", "e": "17764", "ea": "17764", "ena": "0", "esi": "17764", "esni": "0", "a": "4379", "c": "13385", "pea": " 100,00", "pena": "   0,00", "pesi": " 100,00", "pesni": "   0,00", "pa": "  24,65", "pc": "  75,35", "vnom": "11902", "vscv": "0", "vl": "639", "tv": "13385", "vvc": "12541", "vb": "417", "tvn": "427", "vn": "423", "vnt": "4", "vp": "0", "vv": "12541", "van": "0", "vansj": "0", "pvnom": "  94,90", "pvl": "   5,10", "pvvc": "  93,69", "pvb": "   3,12", "ptvn": "   3,19", "pvn": "  99,06", "pvnt": "   0,94", "pvp": "   0,00", "pvv": " 100,00", "pvan": "   0,00", "pvansj": "   0,00", "cand": [{"seq": "2", "n": "22333", "vap": "587", "pvap": "   4,68", "e": "S", "st": "Eleito"}, {"seq": "6", "n": "22033", "vap": "338", "pvap": "   2,70", "e": "S", "st": "Eleito"}, {"seq": "13", "n": "22222", "vap": "274", "pvap": "   2,18", "e": "N", "st": "Suplente"}, {"seq": "16", "n": "22500", "vap": "226", "pvap": "   1,80", "e": "N", "st": "Suplente"}, {"seq": "20", "n": "22000", "vap": "198", "pvap": "   1,58", "e": "N", "st": "Suplente"}, {"seq": "45", "n": "22123", "vap": "88", "pvap": "   0,70", "e": "N", "st": "Suplente"}, {"seq": "49", "n": "22456", "vap": "84", "pvap": "   0,67", "e": "N", "st": "Suplente"}, {"seq": "54", "n": "22022", "vap": "74", "pvap": "   0,59", "e": "N", "st": "Suplente"}, {"seq": "62", "n": "22777", "vap": "59", "pvap": "   0,47", "e": "N", "st": "Suplente"}, {"seq": "84", "n": "22133", "vap": "30", "pvap": "   0,24", "e": "N", "st": "Suplente"}, {"seq": "86", "n": "22555", "vap": "25", "pvap": "   0,20", "e": "N", "st": "Suplente"}, {"seq": "89", "n": "22111", "vap": "24", "pvap": "   0,19", "e": "N", "st": "Suplente"}, {"seq": "93", "n": "22567", "vap": "17", "pvap": "   0,14", "e": "N", "st": "Suplente"}, {"seq": "8", "n": "14123", "vap": "266", "pvap": "   2,12", "e": "S", "st": "Eleito"}, {"seq": "14", "n": "14000", "vap": "257", "pvap": "   2,05", "e": "N", "st": "Suplente"}, {"seq": "18", "n": "14014", "vap": "213", "pvap": "   1,70", "e": "N", "st": "Suplente"}, {"seq": "21", "n": "14789", "vap": "176", "pvap": "   1,40", "e": "N", "st": "Suplente"}, {"seq": "30", "n": "14007", "vap": "136", "pvap": "   1,08", "e": "N", "st": "Suplente"}, {"seq": "35", "n": "14333", "vap": "120", "pvap": "   0,96", "e": "N", "st": "Suplente"}, {"seq": "38", "n": "14111", "vap": "115", "pvap": "   0,92", "e": "N", "st": "Suplente"}, {"seq": "47", "n": "14010", "vap": "85", "pvap": "   0,68", "e": "N", "st": "Suplente"}, {"seq": "57", "n": "14222", "vap": "71", "pvap": "   0,57", "e": "N", "st": "Suplente"}, {"seq": "73", "n": "14444", "vap": "47", "pvap": "   0,37", "e": "N", "st": "Suplente"}, {"seq": "102", "n": "14777", "vap": "8", "pvap": "   0,06", "e": "N", "st": "Suplente"}, {"seq": "107", "n": "14650", "vap": "4", "pvap": "   0,03", "e": "N", "st": "Suplente"}, {"seq": "3", "n": "55555", "vap": "431", "pvap": "   3,44", "e": "S", "st": "Eleito"}, {"seq": "17", "n": "55111", "vap": "226", "pvap": "   1,80", "e": "N", "st": "Suplente"}, {"seq": "28", "n": "55000", "vap": "140", "pvap": "   1,12", "e": "N", "st": "Suplente"}, {"seq": "39", "n": "55055", "vap": "104", "pvap": "   0,83", "e": "N", "st": "Suplente"}, {"seq": "41", "n": "55333", "vap": "97", "pvap": "   0,77", "e": "N", "st": "Suplente"}, {"seq": "53", "n": "55123", "vap": "75", "pvap": "   0,60", "e": "N", "st": "Suplente"}, {"seq": "64", "n": "55444", "vap": "57", "pvap": "   0,45", "e": "N", "st": "Suplente"}, {"seq": "67", "n": "55100", "vap": "54", "pvap": "   0,43", "e": "N", "st": "Suplente"}, {"seq": "90", "n": "55700", "vap": "24", "pvap": "   0,19", "e": "N", "st": "Suplente"}, {"seq": "98", "n": "55777", "vap": "13", "pvap": "   0,10", "e": "N", "st": "Suplente"}, {"seq": "103", "n": "55744", "vap": "8", "pvap": "   0,06", "e": "N", "st": "Suplente"}, {"seq": "11", "n": "70777", "vap": "215", "pvap": "   1,71", "e": "S", "st": "Eleito"}, {"seq": "24", "n": "70555", "vap": "157", "pvap": "   1,25", "e": "N", "st": "Suplente"}, {"seq": "26", "n": "70456", "vap": "148", "pvap": "   1,18", "e": "N", "st": "Suplente"}, {"seq": "33", "n": "70200", "vap": "122", "pvap": "   0,97", "e": "N", "st": "Suplente"}, {"seq": "37", "n": "70111", "vap": "117", "pvap": "   0,93", "e": "N", "st": "Suplente"}, {"seq": "48", "n": "70444", "vap": "85", "pvap": "   0,68", "e": "N", "st": "Suplente"}, {"seq": "50", "n": "70250", "vap": "84", "pvap": "   0,67", "e": "N", "st": "Suplente"}, {"seq": "52", "n": "70700", "vap": "77", "pvap": "   0,61", "e": "N", "st": "Suplente"}, {"seq": "56", "n": "70123", "vap": "71", "pvap": "   0,57", "e": "N", "st": "Suplente"}, {"seq": "58", "n": "70222", "vap": "70", "pvap": "   0,56", "e": "N", "st": "Suplente"}, {"seq": "59", "n": "70789", "vap": "62", "pvap": "   0,49", "e": "N", "st": "Suplente"}, {"seq": "65", "n": "70000", "vap": "57", "pvap": "   0,45", "e": "N", "st": "Suplente"}, {"seq": "69", "n": "70333", "vap": "51", "pvap": "   0,41", "e": "N", "st": "Suplente"}, {"seq": "76", "n": "70110", "vap": "44", "pvap": "   0,35", "e": "N", "st": "Suplente"}, {"seq": "97", "n": "70137", "vap": "13", "pvap": "   0,10", "e": "N", "st": "Suplente"}, {"seq": "100", "n": "70010", "vap": "11", "pvap": "   0,09", "e": "N", "st": "Suplente"}, {"seq": "1", "n": "77123", "vap": "589", "pvap": "   4,70", "e": "S", "st": "Eleito"}, {"seq": "7", "n": "77000", "vap": "309", "pvap": "   2,46", "e": "S", "st": "Eleito"}, {"seq": "23", "n": "77128", "vap": "159", "pvap": "   1,27", "e": "N", "st": "Suplente"}, {"seq": "25", "n": "77700", "vap": "154", "pvap": "   1,23", "e": "N", "st": "Suplente"}, {"seq": "40", "n": "77100", "vap": "103", "pvap": "   0,82", "e": "N", "st": "Suplente"}, {"seq": "43", "n": "77789", "vap": "91", "pvap": "   0,73", "e": "N", "st": "Suplente"}, {"seq": "46", "n": "77147", "vap": "88", "pvap": "   0,70", "e": "N", "st": "Suplente"}, {"seq": "55", "n": "77713", "vap": "72", "pvap": "   0,57", "e": "N", "st": "Suplente"}, {"seq": "68", "n": "77321", "vap": "53", "pvap": "   0,42", "e": "N", "st": "Suplente"}, {"seq": "71", "n": "77077", "vap": "49", "pvap": "   0,39", "e": "N", "st": "Suplente"}, {"seq": "72", "n": "77888", "vap": "49", "pvap": "   0,39", "e": "N", "st": "Suplente"}, {"seq": "75", "n": "77500", "vap": "45", "pvap": "   0,36", "e": "N", "st": "Suplente"}, {"seq": "91", "n": "77222", "vap": "19", "pvap": "   0,15", "e": "N", "st": "Suplente"}, {"seq": "106", "n": "77200", "vap": "5", "pvap": "   0,04", "e": "N", "st": "Suplente"}, {"seq": "4", "n": "25123", "vap": "403", "pvap": "   3,21", "e": "S", "st": "Eleito"}, {"seq": "12", "n": "25555", "vap": "321", "pvap": "   2,56", "e": "N", "st": "Suplente"}, {"seq": "15", "n": "25000", "vap": "242", "pvap": "   1,93", "e": "N", "st": "Suplente"}, {"seq": "27", "n": "25321", "vap": "140", "pvap": "   1,12", "e": "N", "st": "Suplente"}, {"seq": "42", "n": "25333", "vap": "96", "pvap": "   0,77", "e": "N", "st": "Suplente"}, {"seq": "61", "n": "25500", "vap": "60", "pvap": "   0,48", "e": "N", "st": "Suplente"}, {"seq": "63", "n": "25525", "vap": "58", "pvap": "   0,46", "e": "N", "st": "Suplente"}, {"seq": "78", "n": "25222", "vap": "40", "pvap": "   0,32", "e": "N", "st": "Suplente"}, {"seq": "87", "n": "25255", "vap": "25", "pvap": "   0,20", "e": "N", "st": "Suplente"}, {"seq": "92", "n": "25025", "vap": "18", "pvap": "   0,14", "e": "N", "st": "Suplente"}, {"seq": "96", "n": "25225", "vap": "14", "pvap": "   0,11", "e": "N", "st": "Suplente"}, {"seq": "99", "n": "25666", "vap": "13", "pvap": "   0,10", "e": "N", "st": "Suplente"}, {"seq": "101", "n": "25131", "vap": "10", "pvap": "   0,08", "e": "N", "st": "Suplente"}, {"seq": "5", "n": "40000", "vap": "373", "pvap": "   2,97", "e": "S", "st": "Eleito"}, {"seq": "9", "n": "40789", "vap": "240", "pvap": "   1,91", "e": "S", "st": "Eleito"}, {"seq": "22", "n": "40321", "vap": "175", "pvap": "   1,40", "e": "N", "st": "Suplente"}, {"seq": "29", "n": "40456", "vap": "136", "pvap": "   1,08", "e": "N", "st": "Suplente"}, {"seq": "31", "n": "40111", "vap": "126", "pvap": "   1,00", "e": "N", "st": "Suplente"}, {"seq": "32", "n": "40500", "vap": "122", "pvap": "   0,97", "e": "N", "st": "Suplente"}, {"seq": "34", "n": "40123", "vap": "121", "pvap": "   0,96", "e": "N", "st": "Suplente"}, {"seq": "66", "n": "40440", "vap": "56", "pvap": "   0,45", "e": "N", "st": "Suplente"}, {"seq": "74", "n": "40400", "vap": "45", "pvap": "   0,36", "e": "N", "st": "Suplente"}, {"seq": "77", "n": "40777", "vap": "42", "pvap": "   0,33", "e": "N", "st": "Suplente"}, {"seq": "80", "n": "40444", "vap": "38", "pvap": "   0,30", "e": "N", "st": "Suplente"}, {"seq": "83", "n": "40222", "vap": "32", "pvap": "   0,26", "e": "N", "st": "Suplente"}, {"seq": "88", "n": "40333", "vap": "25", "pvap": "   0,20", "e": "N", "st": "Suplente"}, {"seq": "95", "n": "40300", "vap": "14", "pvap": "   0,11", "e": "N", "st": "Suplente"}, {"seq": "10", "n": "19333", "vap": "220", "pvap": "   1,75", "e": "S", "st": "Eleito"}, {"seq": "19", "n": "19000", "vap": "208", "pvap": "   1,66", "e": "N", "st": "Suplente"}, {"seq": "36", "n": "19001", "vap": "120", "pvap": "   0,96", "e": "N", "st": "Suplente"}, {"seq": "44", "n": "19100", "vap": "89", "pvap": "   0,71", "e": "N", "st": "Suplente"}, {"seq": "51", "n": "19019", "vap": "82", "pvap": "   0,65", "e": "N", "st": "Suplente"}, {"seq": "60", "n": "19222", "vap": "61", "pvap": "   0,49", "e": "N", "st": "Suplente"}, {"seq": "70", "n": "19777", "vap": "50", "pvap": "   0,40", "e": "N", "st": "Suplente"}, {"seq": "79", "n": "19999", "vap": "38", "pvap": "   0,30", "e": "N", "st": "Suplente"}, {"seq": "81", "n": "19120", "vap": "37", "pvap": "   0,30", "e": "N", "st": "Suplente"}, {"seq": "82", "n": "19121", "vap": "36", "pvap": "   0,29", "e": "N", "st": "Suplente"}, {"seq": "85", "n": "19500", "vap": "27", "pvap": "   0,22", "e": "N", "st": "Suplente"}, {"seq": "94", "n": "19123", "vap": "17", "pvap": "   0,14", "e": "N", "st": "Suplente"}, {"seq": "104", "n": "19234", "vap": "7", "pvap": "   0,06", "e": "N", "st": "Suplente"}, {"seq": "105", "n": "19199", "vap": "5", "pvap": "   0,04", "e": "N", "st": "Suplente"}]}]}