{"ele": "426", "carper": "13", "t": "1", "f": "O", "esae": "N", "mnae": " ", "dg": "15/11/2020", "hg": "23:23:34", "dv": "S", "nadf": "mg51659-c0013-e000426-002-f", "abr": [{"dt": "15/11/2020", "ht": "22:55:49", "tf": "S", "and": "F", "tpabr": "MU", "cdabr": "51659", "s": "15", "st": "15", "snt": "0", "si": "15", "sni": "0", "sa": "15", "sna": "0", "pst": " 100,00", "psnt": "   0,00", "psi": " 100,00", "psni": "   0,00", "psa": " 100,00", "psna": "   0,00", "e": "5863", "ea": "5863", "ena": "0", "esi": "5863", "esni": "0", "c": "4970", "a": "893", "pea": " 100,00", "pena": "   0,00", "pesi": " 100,00", "pesni": "   0,00", "pa": "  15,23", "pc": "  84,77", "vscv": "0", "vnom": "4380", "vl": "329", "tv": "4970", "vvc": "4709", "vb": "133", "tvn": "128", "vn": "128", "vnt": "0", "vp": "0", "vv": "4709", "van": "0", "vansj": "0", "pvnom": "  93,01", "pvl": "   6,99", "pvvc": "  94,75", "pvb": "   2,67", "ptvn": "   2,58", "pvn": " 100,00", "pvnt": "   0,00", "pvp": "   0,00", "pvv": " 100,00", "pvan": "   0,00", "pvansj": "   0,00", "colig": [{"n": "130000065854", "tvtn": "474", "tvan": "474", "vag": "1", "tvtl": "17", "tval": "17"}, {"n": "130000072797", "tvtn": "838", "tvan": "838", "vag": "2", "tvtl": "43", "tval": "43"}, {"n": "130000129989", "tvtn": "281", "tvan": "281", "vag": "0", "tvtl": "15", "tval": "15"}, {"n": "130000106080", "tvtn": "1256", "tvan": "1256", "vag": "3", "tvtl": "89", "tval": "89"}, {"n": "130000072783", "tvtn": "645", "tvan": "645", "vag": "1", "tvtl": "90", "tval": "90"}, {"n": "130000129946", "tvtn": "886", "tvan": "886", "vag": "2", "tvtl": "75", "tval": "75"}], "part": [{"n": "15", "tvtn": "474", "tvan": "474", "tvtl": "17", "tval": "17"}, {"n": "12", "tvtn": "838", "tvan": "838", "tvtl": "43", "tval": "43"}, {"n": "11", "tvtn": "281", "tvan": "281", "tvtl": "15", "tval": "15"}, {"n": "55", "tvtn": "1256", "tvan": "1256", "tvtl": "89", "tval": "89"}, {"n": "14", "tvtn": "645", "tvan": "645", "tvtl": "90", "tval": "90"}, {"n": "13", "tvtn": "886", "tvan": "886", "tvtl": "75", "tval": "75"}], "cand": [{"seq": "5", "n": "15222", "vap": "177", "pvap": "   3,76", "e": "S", "st": "Eleito"}, {"seq": "57", "n": "15111", "vap": "2", "pvap": "   0,04", "e": "N", "st": "Suplente"}, {"seq": "48", "n": "15789", "vap": "15", "pvap": "   0,32", "e": "N", "st": "Suplente"}, {"seq": "44", "n": "15444", "vap": "23", "pvap": "   0,49", "e": "N", "st": "Suplente"}, {"seq": "55", "n": "15153", "vap": "7", "pvap": "   0,15", "e": "N", "st": "Suplente"}, {"seq": "34", "n": "15102", "vap": "45", "pvap": "   0,96", "e": "N", "st": "Suplente"}, {"seq": "51", "n": "15150", "vap": "14", "pvap": "   0,30", "e": "N", "st": "Suplente"}, {"seq": "49", "n": "15555", "vap": "15", "pvap": "   0,32", "e": "N", "st": "Suplente"}, {"seq": "17", "n": "15123", "vap": "83", "pvap": "   1,76", "e": "N", "st": "Suplente"}, {"seq": "42", "n": "15000", "vap": "27", "pvap": "   0,57", "e": "N", "st": "Suplente"}, {"seq": "35", "n": "15400", "vap": "42", "pvap": "   0,89", "e": "N", "st": "Suplente"}, {"seq": "45", "n": "15333", "vap": "18", "pvap": "   0,38", "e": "N", "st": "Suplente"}, {"seq": "56", "n": "15678", "vap": "6", "pvap": "   0,13", "e": "N", "st": "Suplente"}, {"seq": "50", "n": "12650", "vap": "14", "pvap": "   0,30", "e": "N", "st": "Suplente"}, {"seq": "12", "n": "12777", "vap": "123", "pvap": "   2,61", "e": "N", "st": "Suplente"}, {"seq": "18", "n": "12190", "vap": "79", "pvap": "   1,68", "e": "N", "st": "Suplente"}, {"seq": "8", "n": "12200", "vap": "149", "pvap": "   3,16", "e": "S", "st": "Eleito"}, {"seq": "7", "n": "12123", "vap": "157", "pvap": "   3,33", "e": "S", "st": "Eleito"}, {"seq": "47", "n": "12786", "vap": "17", "pvap": "   0,36", "e": "N", "st": "Suplente"}, {"seq": "28", "n": "12222", "vap": "58", "pvap": "   1,23", "e": "N", "st": "Suplente"}, {"seq": "19", "n": "12111", "vap": "74", "pvap": "   1,57", "e": "N", "st": "Suplente"}, {"seq": "15", "n": "12333", "vap": "94", "pvap": "   2,00", "e": "N", "st": "Suplente"}, {"seq": "23", "n": "12345", "vap": "64", "pvap": "   1,36", "e": "N", "st": "Suplente"}, {"seq": "53", "n": "12500", "vap": "9", "pvap": "   0,19", "e": "N", "st": "Suplente"}, {"seq": "58", "n": "11111", "vap": "83", "pvap": "   1,76", "e": "N", "st": "N\u00e3o eleito"}, {"seq": "59", "n": "11000", "vap": "61", "pvap": "   1,30", "e": "N", "st": "N\u00e3o eleito"}, {"seq": "61", "n": "11670", "vap": "27", "pvap": "   0,57", "e": "N", "st": "N\u00e3o eleito"}, {"seq": "65", "n": "11123", "vap": "10", "pvap": "   0,21", "e": "N", "st": "N\u00e3o eleito"}, {"seq": "62", "n": "11100", "vap": "27", "pvap": "   0,57", "e": "N", "st": "N\u00e3o eleito"}, {"seq": "60", "n": "11777", "vap": "31", "pvap": "   0,66", "e": "N", "st": "N\u00e3o eleito"}, {"seq": "63", "n": "11333", "vap": "23", "pvap": "   0,49", "e": "N", "st": "N\u00e3o eleito"}, {"seq": "64", "n": "11234", "vap": "19", "pvap": "   0,40", "e": "N", "st": "N\u00e3o eleito"}, {"seq": "22", "n": "55049", "vap": "64", "pvap": "   1,36", "e": "N", "st": "Suplente"}, {"seq": "10", "n": "55555", "vap": "162", "pvap": "   3,44", "e": "N", "st": "Suplente"}, {"seq": "21", "n": "55222", "vap": "65", "pvap": "   1,38", "e": "N", "st": "Suplente"}, {"seq": "4", "n": "55111", "vap": "183", "pvap": "   3,89", "e": "S", "st": "Eleito"}, {"seq": "6", "n": "55000", "vap": "163", "pvap": "   3,46", "e": "S", "st": "Eleito"}, {"seq": "11", "n": "55123", "vap": "135", "pvap": "   2,87", "e": "N", "st": "Suplente"}, {"seq": "13", "n": "55100", "vap": "120", "pvap": "   2,55", "e": "N", "st": "Suplente"}, {"seq": "40", "n": "55666", "vap": "31", "pvap": "   0,66", "e": "N", "st": "Suplente"}, {"seq": "38", "n": "55570", "vap": "32", "pvap": "   0,68", "e": "N", "st": "Suplente"}, {"seq": "3", "n": "55360", "vap": "227", "pvap": "   4,82", "e": "S", "st": "Eleito"}, {"seq": "33", "n": "55122", "vap": "49", "pvap": "   1,04", "e": "N", "st": "Suplente"}, {"seq": "43", "n": "55333", "vap": "25", "pvap": "   0,53", "e": "N", "st": "Suplente"}, {"seq": "41", "n": "14123", "vap": "27", "pvap": "   0,57", "e": "N", "st": "Suplente"}, {"seq": "31", "n": "14444", "vap": "51", "pvap": "   1,08", "e": "N", "st": "Suplente"}, {"seq": "1", "n": "14777", "vap": "319", "pvap": "   6,77", "e": "S", "st": "Eleito"}, {"seq": "32", "n": "14888", "vap": "50", "pvap": "   1,06", "e": "N", "st": "Suplente"}, {"seq": "36", "n": "14555", "vap": "37", "pvap": "   0,79", "e": "N", "st": "Suplente"}, {"seq": "30", "n": "14333", "vap": "52", "pvap": "   1,10", "e": "N", "st": "Suplente"}, {"seq": "20", "n": "14000", "vap": "67", "pvap": "   1,42", "e": "N", "st": "Suplente"}, {"seq": "37", "n": "14111", "vap": "35", "pvap": "   0,74", "e": "N", "st": "Suplente"}, {"seq": "54", "n": "14140", "vap": "7", "pvap": "   0,15", "e": "N", "st": "Suplente"}, {"seq": "29", "n": "13200", "vap": "57", "pvap": "   1,21", "e": "N", "st": "Suplente"}, {"seq": "16", "n": "13222", "vap": "93", "pvap": "   1,97", "e": "N", "st": "Suplente"}, {"seq": "9", "n": "13007", "vap": "104", "pvap": "   2,21", "e": "S", "st": "Eleito"}, {"seq": "24", "n": "13456", "vap": "63", "pvap": "   1,34", "e": "N", "st": "Suplente"}, {"seq": "27", "n": "13100", "vap": "59", "pvap": "   1,25", "e": "N", "st": "Suplente"}, {"seq": "14", "n": "13123", "vap": "100", "pvap": "   2,12", "e": "N", "st": "Suplente"}, {"seq": "25", "n": "13333", "vap": "59", "pvap": "   1,25", "e": "N", "st": "Suplente"}, {"seq": "2", "n": "13131", "vap": "233", "pvap": "   4,95", "e": "S", "st": "Eleito"}, {"seq": "26", "n": "13300", "vap": "59", "pvap": "   1,25", "e": "N", "st": "Suplente"}, {"seq": "39", "n": "13122", "vap": "32", "pvap": "   0,68", "e": "N", "st": "Suplente"}, {"seq": "52", "n": "13000", "vap": "10", "pvap": "   0,21", "e": "N", "st": "Suplente"}, {"seq": "46", "n": "13321", "vap": "17", "pvap": "   0,36", "e": "N", "st": "Suplente"}]}, {"dt": "15/11/2020", "ht": "22:55:49", "tf": "S", "and": "F", "tpabr": "ZONA", "cdabr": "273", "s": "15", "st": "15", "snt": "0", "si": "15", "sni": "0", "sa": "15", "sna": "0", "pst": " 100,00", "psnt": "   0,00", "psi": " 100,00", "psni": "   0,00", "psa": " 100,00", "psna": "   0,00", "e": "5863", "ea": "5863", "ena": "0", "esi": "5863", "esni": "0", "a": "893", "c": "4970", "pea": " 100,00", "pena": "   0,00", "pesi": " 100,00", "pesni": "   0,00", "pa": "  15,23", "pc": "  84,77", "vnom": "4380", "vscv": "0", "vl": "329", "tv": "4970", "vvc": "4709", "vb": "133", "tvn": "128", "vn": "128", "vnt": "0", "vp": "0", "vv": "4709", "van": "0", "vansj": "0", "pvnom": "  93,01", "pvl": "   6,99", "pvvc": "  94,75", "pvb": "   2,67", "ptvn": "   2,58", "pvn": " 100,00", "pvnt": "   0,00", "pvp": "   0,00", "pvv": " 100,00", "pvan": "   0,00", "pvansj": "   0,00", "cand": [{"seq": "7", "n": "12123", "vap": "157", "pvap": "   3,33", "e": "S", "st": "Eleito"}, {"seq": "8", "n": "12200", "vap": "149", "pvap": "   3,16", "e": "S", "st": "Eleito"}, {"seq": "12", "n": "12777", "vap": "123", "pvap": "   2,61", "e": "N", "st": "Suplente"}, {"seq": "15", "n": "12333", "vap": "94", "pvap": "   2,00", "e": "N", "st": "Suplente"}, {"seq": "18", "n": "12190", "vap": "79", "pvap": "   1,68", "e": "N", "st": "Suplente"}, {"seq": "19", "n": "12111", "vap": "74", "pvap": "   1,57", "e": "N", "st": "Suplente"}, {"seq": "23", "n": "12345", "vap": "64", "pvap": "   1,36", "e": "N", "st": "Suplente"}, {"seq": "28", "n": "12222", "vap": "58", "pvap": "   1,23", "e": "N", "st": "Suplente"}, {"seq": "47", "n": "12786", "vap": "17", "pvap": "   0,36", "e": "N", "st": "Suplente"}, {"seq": "50", "n": "12650", "vap": "14", "pvap": "   0,30", "e": "N", "st": "Suplente"}, {"seq": "53", "n": "12500", "vap": "9", "pvap": "   0,19", "e": "N", "st": "Suplente"}, {"seq": "1", "n": "14777", "vap": "319", "pvap": "   6,77", "e": "S", "st": "Eleito"}, {"seq": "20", "n": "14000", "vap": "67", "pvap": "   1,42", "e": "N", "st": "Suplente"}, {"seq": "30", "n": "14333", "vap": "52", "pvap": "   1,10", "e": "N", "st": "Suplente"}, {"seq": "31", "n": "14444", "vap": "51", "pvap": "   1,08", "e": "N", "st": "Suplente"}, {"seq": "32", "n": "14888", "vap": "50", "pvap": "   1,06", "e": "N", "st": "Suplente"}, {"seq": "36", "n": "14555", "vap": "37", "pvap": "   0,79", "e": "N", "st": "Suplente"}, {"seq": "37", "n": "14111", "vap": "35", "pvap": "   0,74", "e": "N", "st": "Suplente"}, {"seq": "41", "n": "14123", "vap": "27", "pvap": "   0,57", "e": "N", "st": "Suplente"}, {"seq": "54", "n": "14140", "vap": "7", "pvap": "   0,15", "e": "N", "st": "Suplente"}, {"seq": "58", "n": "11111", "vap": "83", "pvap": "   1,76", "e": "N", "st": "N\u00e3o eleito"}, {"seq": "59", "n": "11000", "vap": "61", "pvap": "   1,30", "e": "N", "st": "N\u00e3o eleito"}, {"seq": "60", "n": "11777", "vap": "31", "pvap": "   0,66", "e": "N", "st": "N\u00e3o eleito"}, {"seq": "61", "n": "11670", "vap": "27", "pvap": "   0,57", "e": "N", "st": "N\u00e3o eleito"}, {"seq": "62", "n": "11100", "vap": "27", "pvap": "   0,57", "e": "N", "st": "N\u00e3o eleito"}, {"seq": "63", "n": "11333", "vap": "23", "pvap": "   0,49", "e": "N", "st": "N\u00e3o eleito"}, {"seq": "64", "n": "11234", "vap": "19", "pvap": "   0,40", "e": "N", "st": "N\u00e3o eleito"}, {"seq": "65", "n": "11123", "vap": "10", "pvap": "   0,21", "e": "N", "st": "N\u00e3o eleito"}, {"seq": "5", "n": "15222", "vap": "177", "pvap": "   3,76", "e": "S", "st": "Eleito"}, {"seq": "17", "n": "15123", "vap": "83", "pvap": "   1,76", "e": "N", "st": "Suplente"}, {"seq": "34", "n": "15102", "vap": "45", "pvap": "   0,96", "e": "N", "st": "Suplente"}, {"seq": "35", "n": "15400", "vap": "42", "pvap": "   0,89", "e": "N", "st": "Suplente"}, {"seq": "42", "n": "15000", "vap": "27", "pvap": "   0,57", "e": "N", "st": "Suplente"}, {"seq": "44", "n": "15444", "vap": "23", "pvap": "   0,49", "e": "N", "st": "Suplente"}, {"seq": "45", "n": "15333", "vap": "18", "pvap": "   0,38", "e": "N", "st": "Suplente"}, {"seq": "48", "n": "15789", "vap": "15", "pvap": "   0,32", "e": "N", "st": "Suplente"}, {"seq": "49", "n": "15555", "vap": "15", "pvap": "   0,32", "e": "N", "st": "Suplente"}, {"seq": "51", "n": "15150", "vap": "14", "pvap": "   0,30", "e": "N", "st": "Suplente"}, {"seq": "55", "n": "15153", "vap": "7", "pvap": "   0,15", "e": "N", "st": "Suplente"}, {"seq": "56", "n": "15678", "vap": "6", "pvap": "   0,13", "e": "N", "st": "Suplente"}, {"seq": "57", "n": "15111", "vap": "2", "pvap": "   0,04", "e": "N", "st": "Suplente"}, {"seq": "3", "n": "55360", "vap": "227", "pvap": "   4,82", "e": "S", "st": "Eleito"}, {"seq": "4", "n": "55111", "vap": "183", "pvap": "   3,89", "e": "S", "st": "Eleito"}, {"seq": "6", "n": "55000", "vap": "163", "pvap": "   3,46", "e": "S", "st": "Eleito"}, {"seq": "10", "n": "55555", "vap": "162", "pvap": "   3,44", "e": "N", "st": "Suplente"}, {"seq": "11", "n": "55123", "vap": "135", "pvap": "   2,87", "e": "N", "st": "Suplente"}, {"seq": "13", "n": "55100", "vap": "120", "pvap": "   2,55", "e": "N", "st": "Suplente"}, {"seq": "21", "n": "55222", "vap": "65", "pvap": "   1,38", "e": "N", "st": "Suplente"}, {"seq": "22", "n": "55049", "vap": "64", "pvap": "   1,36", "e": "N", "st": "Suplente"}, {"seq": "33", "n": "55122", "vap": "49", "pvap": "   1,04", "e": "N", "st": "Suplente"}, {"seq": "38", "n": "55570", "vap": "32", "pvap": "   0,68", "e": "N", "st": "Suplente"}, {"seq": "40", "n": "55666", "vap": "31", "pvap": "   0,66", "e": "N", "st": "Suplente"}, {"seq": "43", "n": "55333", "vap": "25", "pvap": "   0,53", "e": "N", "st": "Suplente"}, {"seq": "2", "n": "13131", "vap": "233", "pvap": "   4,95", "e": "S", "st": "Eleito"}, {"seq": "9", "n": "13007", "vap": "104", "pvap": "   2,21", "e": "S", "st": "Eleito"}, {"seq": "14", "n": "13123", "vap": "100", "pvap": "   2,12", "e": "N", "st": "Suplente"}, {"seq": "16", "n": "13222", "vap": "93", "pvap": "   1,97", "e": "N", "st": "Suplente"}, {"seq": "24", "n": "13456", "vap": "63", "pvap": "   1,34", "e": "N", "st": "Suplente"}, {"seq": "25", "n": "13333", "vap": "59", "pvap": "   1,25", "e": "N", "st": "Suplente"}, {"seq": "26", "n": "13300", "vap": "59", "pvap": "   1,25", "e": "N", "st": "Suplente"}, {"seq": "27", "n": "13100", "vap": "59", "pvap": "   1,25", "e": "N", "st": "Suplente"}, {"seq": "29", "n": "13200", "vap": "57", "pvap": "   1,21", "e": "N", "st": "Suplente"}, {"seq": "39", "n": "13122", "vap": "32", "pvap": "   0,68", "e": "N", "st": "Suplente"}, {"seq": "46", "n": "13321", "vap": "17", "pvap": "   0,36", "e": "N", "st": "Suplente"}, {"seq": "52", "n": "13000", "vap": "10", "pvap": "   0,21", "e": "N", "st": "Suplente"}]}]}