{"ele": "426", "carper": "13", "t": "1", "f": "O", "esae": "N", "mnae": " ", "dg": "15/11/2020", "hg": "23:42:11", "dv": "S", "nadf": "mg50857-c0013-e000426-003-f", "abr": [{"dt": "15/11/2020", "ht": "23:38:03", "tf": "S", "and": "F", "tpabr": "MU", "cdabr": "50857", "s": "37", "st": "37", "snt": "0", "si": "37", "sni": "0", "sa": "37", "sna": "0", "pst": " 100,00", "psnt": "   0,00", "psi": " 100,00", "psni": "   0,00", "psa": " 100,00", "psna": "   0,00", "e": "13022", "ea": "13022", "ena": "0", "esi": "13022", "esni": "0", "c": "9430", "a": "3592", "pea": " 100,00", "pena": "   0,00", "pesi": " 100,00", "pesni": "   0,00", "pa": "  27,58", "pc": "  72,42", "vscv": "0", "vnom": "8713", "vl": "447", "tv": "9430", "vvc": "9160", "vb": "132", "tvn": "138", "vn": "138", "vnt": "0", "vp": "0", "vv": "9160", "van": "0", "vansj": "0", "pvnom": "  95,12", "pvl": "   4,88", "pvvc": "  97,14", "pvb": "   1,40", "ptvn": "   1,46", "pvn": " 100,00", "pvnt": "   0,00", "pvp": "   0,00", "pvv": " 100,00", "pvan": "   0,00", "pvansj": "   0,00", "colig": [{"n": "130000139421", "tvtn": "1718", "tvan": "1718", "vag": "3", "tvtl": "259", "tval": "259"}, {"n": "130000113750", "tvtn": "1250", "tvan": "1250", "vag": "2", "tvtl": "33", "tval": "33"}, {"n": "130000139564", "tvtn": "979", "tvan": "979", "vag": "1", "tvtl": "15", "tval": "15"}, {"n": "130000113894", "tvtn": "1593", "tvan": "1593", "vag": "2", "tvtl": "30", "tval": "30"}, {"n": "130000138009", "tvtn": "492", "tvan": "492", "vag": "0", "tvtl": "7", "tval": "7"}, {"n": "130000138969", "tvtn": "474", "tvan": "474", "vag": "0", "tvtl": "61", "tval": "61"}, {"n": "130000139314", "tvtn": "2207", "tvan": "2207", "vag": "3", "tvtl": "42", "tval": "42"}], "part": [{"n": "11", "tvtn": "1718", "tvan": "1718", "tvtl": "259", "tval": "259"}, {"n": "12", "tvtn": "1250", "tvan": "1250", "tvtl": "33", "tval": "33"}, {"n": "17", "tvtn": "979", "tvan": "979", "tvtl": "15", "tval": "15"}, {"n": "55", "tvtn": "1593", "tvan": "1593", "tvtl": "30", "tval": "30"}, {"n": "14", "tvtn": "492", "tvan": "492", "tvtl": "7", "tval": "7"}, {"n": "77", "tvtn": "474", "tvan": "474", "tvtl": "61", "tval": "61"}, {"n": "10", "tvtn": "2207", "tvan": "2207", "tvtl": "42", "tval": "42"}], "cand": [{"seq": "6", "n": "11123", "vap": "356", "pvap": "   3,89", "e": "S", "st": "Eleito"}, {"seq": "49", "n": "11555", "vap": "26", "pvap": "   0,28", "e": "N", "st": "Suplente"}, {"seq": "29", "n": "11456", "vap": "72", "pvap": "   0,79", "e": "N", "st": "Suplente"}, {"seq": "3", "n": "11111", "vap": "484", "pvap": "   5,28", "e": "S", "st": "Eleito"}, {"seq": "63", "n": "11112", "vap": "8", "pvap": "   0,09", "e": "N", "st": "Suplente"}, {"seq": "58", "n": "11345", "vap": "11", "pvap": "   0,12", "e": "N", "st": "Suplente"}, {"seq": "40", "n": "11222", "vap": "36", "pvap": "   0,39", "e": "N", "st": "Suplente"}, {"seq": "44", "n": "11444", "vap": "30", "pvap": "   0,33", "e": "N", "st": "Suplente"}, {"seq": "39", "n": "11100", "vap": "37", "pvap": "   0,40", "e": "N", "st": "Suplente"}, {"seq": "36", "n": "11009", "vap": "44", "pvap": "   0,48", "e": "N", "st": "Suplente"}, {"seq": "31", "n": "11333", "vap": "59", "pvap": "   0,64", "e": "N", "st": "Suplente"}, {"seq": "2", "n": "11000", "vap": "504", "pvap": "   5,50", "e": "S", "st": "Eleito"}, {"seq": "34", "n": "11011", "vap": "51", "pvap": "   0,56", "e": "N", "st": "Suplente"}, {"seq": "38", "n": "12190", "vap": "37", "pvap": "   0,40", "e": "N", "st": "Suplente"}, {"seq": "43", "n": "12777", "vap": "32", "pvap": "   0,35", "e": "N", "st": "Suplente"}, {"seq": "45", "n": "12555", "vap": "30", "pvap": "   0,33", "e": "N", "st": "Suplente"}, {"seq": "48", "n": "12500", "vap": "27", "pvap": "   0,29", "e": "N", "st": "Suplente"}, {"seq": "66", "n": "12888", "vap": "5", "pvap": "   0,05", "e": "N", "st": "Suplente"}, {"seq": "30", "n": "12123", "vap": "64", "pvap": "   0,70", "e": "N", "st": "Suplente"}, {"seq": "70", "n": "12999", "vap": "3", "pvap": "   0,03", "e": "N", "st": "Suplente"}, {"seq": "54", "n": "12125", "vap": "17", "pvap": "   0,19", "e": "N", "st": "Suplente"}, {"seq": "7", "n": "12345", "vap": "336", "pvap": "   3,67", "e": "S", "st": "Eleito"}, {"seq": "33", "n": "12114", "vap": "51", "pvap": "   0,56", "e": "N", "st": "Suplente"}, {"seq": "22", "n": "12222", "vap": "111", "pvap": "   1,21", "e": "N", "st": "Suplente"}, {"seq": "50", "n": "12000", "vap": "24", "pvap": "   0,26", "e": "N", "st": "Suplente"}, {"seq": "27", "n": "12111", "vap": "78", "pvap": "   0,85", "e": "N", "st": "Suplente"}, {"seq": "14", "n": "12444", "vap": "197", "pvap": "   2,15", "e": "N", "st": "Suplente"}, {"seq": "55", "n": "12456", "vap": "17", "pvap": "   0,19", "e": "N", "st": "Suplente"}, {"seq": "11", "n": "12333", "vap": "221", "pvap": "   2,41", "e": "S", "st": "Eleito"}, {"seq": "25", "n": "17017", "vap": "94", "pvap": "   1,03", "e": "N", "st": "Suplente"}, {"seq": "42", "n": "17255", "vap": "33", "pvap": "   0,36", "e": "N", "st": "Suplente"}, {"seq": "56", "n": "17777", "vap": "14", "pvap": "   0,15", "e": "N", "st": "Suplente"}, {"seq": "15", "n": "17111", "vap": "190", "pvap": "   2,07", "e": "N", "st": "Suplente"}, {"seq": "4", "n": "17222", "vap": "469", "pvap": "   5,12", "e": "S", "st": "Eleito"}, {"seq": "41", "n": "17164", "vap": "35", "pvap": "   0,38", "e": "N", "st": "Suplente"}, {"seq": "65", "n": "17010", "vap": "6", "pvap": "   0,07", "e": "N", "st": "Suplente"}, {"seq": "64", "n": "17555", "vap": "6", "pvap": "   0,07", "e": "N", "st": "Suplente"}, {"seq": "53", "n": "17888", "vap": "20", "pvap": "   0,22", "e": "N", "st": "Suplente"}, {"seq": "51", "n": "17333", "vap": "23", "pvap": "   0,25", "e": "N", "st": "Suplente"}, {"seq": "32", "n": "17000", "vap": "57", "pvap": "   0,62", "e": "N", "st": "Suplente"}, {"seq": "47", "n": "17007", "vap": "29", "pvap": "   0,32", "e": "N", "st": "Suplente"}, {"seq": "69", "n": "17009", "vap": "3", "pvap": "   0,03", "e": "N", "st": "Suplente"}, {"seq": "67", "n": "55100", "vap": "4", "pvap": "   0,04", "e": "N", "st": "Suplente"}, {"seq": "60", "n": "55444", "vap": "10", "pvap": "   0,11", "e": "N", "st": "Suplente"}, {"seq": "46", "n": "55321", "vap": "30", "pvap": "   0,33", "e": "N", "st": "Suplente"}, {"seq": "12", "n": "55000", "vap": "384", "pvap": "   4,19", "e": "N", "st": "Suplente"}, {"seq": "61", "n": "55500", "vap": "9", "pvap": "   0,10", "e": "N", "st": "Suplente"}, {"seq": "57", "n": "55777", "vap": "13", "pvap": "   0,14", "e": "N", "st": "Suplente"}, {"seq": "62", "n": "55456", "vap": "9", "pvap": "   0,10", "e": "N", "st": "Suplente"}, {"seq": "5", "n": "55123", "vap": "430", "pvap": "   4,69", "e": "S", "st": "Eleito"}, {"seq": "23", "n": "55333", "vap": "110", "pvap": "   1,20", "e": "N", "st": "Suplente"}, {"seq": "59", "n": "55222", "vap": "11", "pvap": "   0,12", "e": "N", "st": "Suplente"}, {"seq": "71", "n": "55789", "vap": "2", "pvap": "   0,02", "e": "N", "st": "Suplente"}, {"seq": "52", "n": "55678", "vap": "23", "pvap": "   0,25", "e": "N", "st": "Suplente"}, {"seq": "1", "n": "55555", "vap": "558", "pvap": "   6,09", "e": "S", "st": "Eleito"}, {"seq": "79", "n": "14123", "vap": "39", "pvap": "   0,43", "e": "N", "st": "N\u00e3o eleito"}, {"seq": "85", "n": "14999", "vap": "19", "pvap": "   0,21", "e": "N", "st": "N\u00e3o eleito"}, {"seq": "82", "n": "14777", "vap": "30", "pvap": "   0,33", "e": "N", "st": "N\u00e3o eleito"}, {"seq": "76", "n": "14333", "vap": "86", "pvap": "   0,94", "e": "N", "st": "N\u00e3o eleito"}, {"seq": "75", "n": "14444", "vap": "93", "pvap": "   1,02", "e": "N", "st": "N\u00e3o eleito"}, {"seq": "90", "n": "14410", "vap": "0", "pvap": "00.00", "e": "N", "st": "N\u00e3o eleito"}, {"seq": "81", "n": "14800", "vap": "32", "pvap": "   0,35", "e": "N", "st": "N\u00e3o eleito"}, {"seq": "87", "n": "14500", "vap": "14", "pvap": "   0,15", "e": "N", "st": "N\u00e3o eleito"}, {"seq": "72", "n": "14555", "vap": "179", "pvap": "   1,95", "e": "N", "st": "N\u00e3o eleito"}, {"seq": "73", "n": "77123", "vap": "135", "pvap": "   1,47", "e": "N", "st": "N\u00e3o eleito"}, {"seq": "84", "n": "77432", "vap": "25", "pvap": "   0,27", "e": "N", "st": "N\u00e3o eleito"}, {"seq": "86", "n": "77000", "vap": "15", "pvap": "   0,16", "e": "N", "st": "N\u00e3o eleito"}, {"seq": "80", "n": "77333", "vap": "33", "pvap": "   0,36", "e": "N", "st": "N\u00e3o eleito"}, {"seq": "88", "n": "77456", "vap": "8", "pvap": "   0,09", "e": "N", "st": "N\u00e3o eleito"}, {"seq": "74", "n": "77100", "vap": "114", "pvap": "   1,24", "e": "N", "st": "N\u00e3o eleito"}, {"seq": "77", "n": "77777", "vap": "66", "pvap": "   0,72", "e": "N", "st": "N\u00e3o eleito"}, {"seq": "89", "n": "77555", "vap": "7", "pvap": "   0,08", "e": "N", "st": "N\u00e3o eleito"}, {"seq": "78", "n": "77200", "vap": "45", "pvap": "   0,49", "e": "N", "st": "N\u00e3o eleito"}, {"seq": "83", "n": "77177", "vap": "26", "pvap": "   0,28", "e": "N", "st": "N\u00e3o eleito"}, {"seq": "18", "n": "10000", "vap": "136", "pvap": "   1,48", "e": "N", "st": "Suplente"}, {"seq": "20", "n": "10010", "vap": "122", "pvap": "   1,33", "e": "N", "st": "Suplente"}, {"seq": "37", "n": "10700", "vap": "43", "pvap": "   0,47", "e": "N", "st": "Suplente"}, {"seq": "10", "n": "10123", "vap": "249", "pvap": "   2,72", "e": "S", "st": "Eleito"}, {"seq": "16", "n": "10310", "vap": "187", "pvap": "   2,04", "e": "N", "st": "Suplente"}, {"seq": "21", "n": "10444", "vap": "121", "pvap": "   1,32", "e": "N", "st": "Suplente"}, {"seq": "28", "n": "10200", "vap": "72", "pvap": "   0,79", "e": "N", "st": "Suplente"}, {"seq": "35", "n": "10300", "vap": "47", "pvap": "   0,51", "e": "N", "st": "Suplente"}, {"seq": "68", "n": "10333", "vap": "4", "pvap": "   0,04", "e": "N", "st": "Suplente"}, {"seq": "24", "n": "10222", "vap": "109", "pvap": "   1,19", "e": "N", "st": "Suplente"}, {"seq": "17", "n": "10100", "vap": "143", "pvap": "   1,56", "e": "N", "st": "Suplente"}, {"seq": "13", "n": "10777", "vap": "211", "pvap": "   2,30", "e": "N", "st": "Suplente"}, {"seq": "9", "n": "10555", "vap": "272", "pvap": "   2,97", "e": "S", "st": "Eleito"}, {"seq": "19", "n": "10111", "vap": "132", "pvap": "   1,44", "e": "N", "st": "Suplente"}, {"seq": "26", "n": "10789", "vap": "80", "pvap": "   0,87", "e": "N", "st": "Suplente"}, {"seq": "8", "n": "10999", "vap": "279", "pvap": "   3,05", "e": "S", "st": "Eleito"}]}, {"dt": "15/11/2020", "ht": "23:38:03", "tf": "S", "and": "F", "tpabr": "ZONA", "cdabr": "233", "s": "37", "st": "37", "snt": "0", "si": "37", "sni": "0", "sa": "37", "sna": "0", "pst": " 100,00", "psnt": "   0,00", "psi": " 100,00", "psni": "   0,00", "psa": " 100,00", "psna": "   0,00", "e": "13022", "ea": "13022", "ena": "0", "esi": "13022", "esni": "0", "a": "3592", "c": "9430", "pea": " 100,00", "pena": "   0,00", "pesi": " 100,00", "pesni": "   0,00", "pa": "  27,58", "pc": "  72,42", "vnom": "8713", "vscv": "0", "vl": "447", "tv": "9430", "vvc": "9160", "vb": "132", "tvn": "138", "vn": "138", "vnt": "0", "vp": "0", "vv": "9160", "van": "0", "vansj": "0", "pvnom": "  95,12", "pvl": "   4,88", "pvvc": "  97,14", "pvb": "   1,40", "ptvn": "   1,46", "pvn": " 100,00", "pvnt": "   0,00", "pvp": "   0,00", "pvv": " 100,00", "pvan": "   0,00", "pvansj": "   0,00", "cand": [{"seq": "36", "n": "11009", "vap": "44", "pvap": "   0,48", "e": "N", "st": "Suplente"}, {"seq": "6", "n": "11123", "vap": "356", "pvap": "   3,89", "e": "S", "st": "Eleito"}, {"seq": "29", "n": "11456", "vap": "72", "pvap": "   0,79", "e": "N", "st": "Suplente"}, {"seq": "49", "n": "11555", "vap": "26", "pvap": "   0,28", "e": "N", "st": "Suplente"}, {"seq": "2", "n": "11000", "vap": "504", "pvap": "   5,50", "e": "S", "st": "Eleito"}, {"seq": "40", "n": "11222", "vap": "36", "pvap": "   0,39", "e": "N", "st": "Suplente"}, {"seq": "58", "n": "11345", "vap": "11", "pvap": "   0,12", "e": "N", "st": "Suplente"}, {"seq": "44", "n": "11444", "vap": "30", "pvap": "   0,33", "e": "N", "st": "Suplente"}, {"seq": "3", "n": "11111", "vap": "484", "pvap": "   5,28", "e": "S", "st": "Eleito"}, {"seq": "34", "n": "11011", "vap": "51", "pvap": "   0,56", "e": "N", "st": "Suplente"}, {"seq": "39", "n": "11100", "vap": "37", "pvap": "   0,40", "e": "N", "st": "Suplente"}, {"seq": "63", "n": "11112", "vap": "8", "pvap": "   0,09", "e": "N", "st": "Suplente"}, {"seq": "31", "n": "11333", "vap": "59", "pvap": "   0,64", "e": "N", "st": "Suplente"}, {"seq": "83", "n": "77177", "vap": "26", "pvap": "   0,28", "e": "N", "st": "N\u00e3o eleito"}, {"seq": "80", "n": "77333", "vap": "33", "pvap": "   0,36", "e": "N", "st": "N\u00e3o eleito"}, {"seq": "84", "n": "77432", "vap": "25", "pvap": "   0,27", "e": "N", "st": "N\u00e3o eleito"}, {"seq": "78", "n": "77200", "vap": "45", "pvap": "   0,49", "e": "N", "st": "N\u00e3o eleito"}, {"seq": "86", "n": "77000", "vap": "15", "pvap": "   0,16", "e": "N", "st": "N\u00e3o eleito"}, {"seq": "74", "n": "77100", "vap": "114", "pvap": "   1,24", "e": "N", "st": "N\u00e3o eleito"}, {"seq": "73", "n": "77123", "vap": "135", "pvap": "   1,47", "e": "N", "st": "N\u00e3o eleito"}, {"seq": "88", "n": "77456", "vap": "8", "pvap": "   0,09", "e": "N", "st": "N\u00e3o eleito"}, {"seq": "89", "n": "77555", "vap": "7", "pvap": "   0,08", "e": "N", "st": "N\u00e3o eleito"}, {"seq": "77", "n": "77777", "vap": "66", "pvap": "   0,72", "e": "N", "st": "N\u00e3o eleito"}, {"seq": "50", "n": "12000", "vap": "24", "pvap": "   0,26", "e": "N", "st": "Suplente"}, {"seq": "33", "n": "12114", "vap": "51", "pvap": "   0,56", "e": "N", "st": "Suplente"}, {"seq": "54", "n": "12125", "vap": "17", "pvap": "   0,19", "e": "N", "st": "Suplente"}, {"seq": "27", "n": "12111", "vap": "78", "pvap": "   0,85", "e": "N", "st": "Suplente"}, {"seq": "70", "n": "12999", "vap": "3", "pvap": "   0,03", "e": "N", "st": "Suplente"}, {"seq": "43", "n": "12777", "vap": "32", "pvap": "   0,35", "e": "N", "st": "Suplente"}, {"seq": "11", "n": "12333", "vap": "221", "pvap": "   2,41", "e": "S", "st": "Eleito"}, {"seq": "66", "n": "12888", "vap": "5", "pvap": "   0,05", "e": "N", "st": "Suplente"}, {"seq": "45", "n": "12555", "vap": "30", "pvap": "   0,33", "e": "N", "st": "Suplente"}, {"seq": "55", "n": "12456", "vap": "17", "pvap": "   0,19", "e": "N", "st": "Suplente"}, {"seq": "14", "n": "12444", "vap": "197", "pvap": "   2,15", "e": "N", "st": "Suplente"}, {"seq": "38", "n": "12190", "vap": "37", "pvap": "   0,40", "e": "N", "st": "Suplente"}, {"seq": "30", "n": "12123", "vap": "64", "pvap": "   0,70", "e": "N", "st": "Suplente"}, {"seq": "48", "n": "12500", "vap": "27", "pvap": "   0,29", "e": "N", "st": "Suplente"}, {"seq": "7", "n": "12345", "vap": "336", "pvap": "   3,67", "e": "S", "st": "Eleito"}, {"seq": "22", "n": "12222", "vap": "111", "pvap": "   1,21", "e": "N", "st": "Suplente"}, {"seq": "41", "n": "17164", "vap": "35", "pvap": "   0,38", "e": "N", "st": "Suplente"}, {"seq": "56", "n": "17777", "vap": "14", "pvap": "   0,15", "e": "N", "st": "Suplente"}, {"seq": "69", "n": "17009", "vap": "3", "pvap": "   0,03", "e": "N", "st": "Suplente"}, {"seq": "53", "n": "17888", "vap": "20", "pvap": "   0,22", "e": "N", "st": "Suplente"}, {"seq": "65", "n": "17010", "vap": "6", "pvap": "   0,07", "e": "N", "st": "Suplente"}, {"seq": "15", "n": "17111", "vap": "190", "pvap": "   2,07", "e": "N", "st": "Suplente"}, {"seq": "25", "n": "17017", "vap": "94", "pvap": "   1,03", "e": "N", "st": "Suplente"}, {"seq": "51", "n": "17333", "vap": "23", "pvap": "   0,25", "e": "N", "st": "Suplente"}, {"seq": "42", "n": "17255", "vap": "33", "pvap": "   0,36", "e": "N", "st": "Suplente"}, {"seq": "4", "n": "17222", "vap": "469", "pvap": "   5,12", "e": "S", "st": "Eleito"}, {"seq": "64", "n": "17555", "vap": "6", "pvap": "   0,07", "e": "N", "st": "Suplente"}, {"seq": "47", "n": "17007", "vap": "29", "pvap": "   0,32", "e": "N", "st": "Suplente"}, {"seq": "32", "n": "17000", "vap": "57", "pvap": "   0,62", "e": "N", "st": "Suplente"}, {"seq": "24", "n": "10222", "vap": "109", "pvap": "   1,19", "e": "N", "st": "Suplente"}, {"seq": "21", "n": "10444", "vap": "121", "pvap": "   1,32", "e": "N", "st": "Suplente"}, {"seq": "13", "n": "10777", "vap": "211", "pvap": "   2,30", "e": "N", "st": "Suplente"}, {"seq": "20", "n": "10010", "vap": "122", "pvap": "   1,33", "e": "N", "st": "Suplente"}, {"seq": "28", "n": "10200", "vap": "72", "pvap": "   0,79", "e": "N", "st": "Suplente"}, {"seq": "16", "n": "10310", "vap": "187", "pvap": "   2,04", "e": "N", "st": "Suplente"}, {"seq": "37", "n": "10700", "vap": "43", "pvap": "   0,47", "e": "N", "st": "Suplente"}, {"seq": "8", "n": "10999", "vap": "279", "pvap": "   3,05", "e": "S", "st": "Eleito"}, {"seq": "18", "n": "10000", "vap": "136", "pvap": "   1,48", "e": "N", "st": "Suplente"}, {"seq": "10", "n": "10123", "vap": "249", "pvap": "   2,72", "e": "S", "st": "Eleito"}, {"seq": "35", "n": "10300", "vap": "47", "pvap": "   0,51", "e": "N", "st": "Suplente"}, {"seq": "68", "n": "10333", "vap": "4", "pvap": "   0,04", "e": "N", "st": "Suplente"}, {"seq": "17", "n": "10100", "vap": "143", "pvap": "   1,56", "e": "N", "st": "Suplente"}, {"seq": "19", "n": "10111", "vap": "132", "pvap": "   1,44", "e": "N", "st": "Suplente"}, {"seq": "9", "n": "10555", "vap": "272", "pvap": "   2,97", "e": "S", "st": "Eleito"}, {"seq": "26", "n": "10789", "vap": "80", "pvap": "   0,87", "e": "N", "st": "Suplente"}, {"seq": "60", "n": "55444", "vap": "10", "pvap": "   0,11", "e": "N", "st": "Suplente"}, {"seq": "46", "n": "55321", "vap": "30", "pvap": "   0,33", "e": "N", "st": "Suplente"}, {"seq": "12", "n": "55000", "vap": "384", "pvap": "   4,19", "e": "N", "st": "Suplente"}, {"seq": "1", "n": "55555", "vap": "558", "pvap": "   6,09", "e": "S", "st": "Eleito"}, {"seq": "57", "n": "55777", "vap": "13", "pvap": "   0,14", "e": "N", "st": "Suplente"}, {"seq": "61", "n": "55500", "vap": "9", "pvap": "   0,10", "e": "N", "st": "Suplente"}, {"seq": "67", "n": "55100", "vap": "4", "pvap": "   0,04", "e": "N", "st": "Suplente"}, {"seq": "52", "n": "55678", "vap": "23", "pvap": "   0,25", "e": "N", "st": "Suplente"}, {"seq": "23", "n": "55333", "vap": "110", "pvap": "   1,20", "e": "N", "st": "Suplente"}, {"seq": "59", "n": "55222", "vap": "11", "pvap": "   0,12", "e": "N", "st": "Suplente"}, {"seq": "62", "n": "55456", "vap": "9", "pvap": "   0,10", "e": "N", "st": "Suplente"}, {"seq": "71", "n": "55789", "vap": "2", "pvap": "   0,02", "e": "N", "st": "Suplente"}, {"seq": "5", "n": "55123", "vap": "430", "pvap": "   4,69", "e": "S", "st": "Eleito"}, {"seq": "81", "n": "14800", "vap": "32", "pvap": "   0,35", "e": "N", "st": "N\u00e3o eleito"}, {"seq": "90", "n": "14410", "vap": "0", "pvap": "00.00", "e": "N", "st": "N\u00e3o eleito"}, {"seq": "76", "n": "14333", "vap": "86", "pvap": "   0,94", "e": "N", "st": "N\u00e3o eleito"}, {"seq": "75", "n": "14444", "vap": "93", "pvap": "   1,02", "e": "N", "st": "N\u00e3o eleito"}, {"seq": "79", "n": "14123", "vap": "39", "pvap": "   0,43", "e": "N", "st": "N\u00e3o eleito"}, {"seq": "85", "n": "14999", "vap": "19", "pvap": "   0,21", "e": "N", "st": "N\u00e3o eleito"}, {"seq": "72", "n": "14555", "vap": "179", "pvap": "   1,95", "e": "N", "st": "N\u00e3o eleito"}, {"seq": "82", "n": "14777", "vap": "30", "pvap": "   0,33", "e": "N", "st": "N\u00e3o eleito"}, {"seq": "87", "n": "14500", "vap": "14", "pvap": "   0,15", "e": "N", "st": "N\u00e3o eleito"}]}]}