{"ele": "426", "carper": "13", "t": "1", "f": "O", "esae": "N", "mnae": " ", "dg": "16/11/2020", "hg": "00:37:28", "dv": "S", "nadf": "mg40886-c0013-e000426-002-f", "abr": [{"dt": "16/11/2020", "ht": "00:10:54", "tf": "S", "and": "F", "tpabr": "MU", "cdabr": "40886", "s": "23", "st": "23", "snt": "0", "si": "23", "sni": "0", "sa": "23", "sna": "0", "pst": " 100,00", "psnt": "   0,00", "psi": " 100,00", "psni": "   0,00", "psa": " 100,00", "psna": "   0,00", "e": "7456", "ea": "7456", "ena": "0", "esi": "7456", "esni": "0", "c": "5913", "a": "1543", "pea": " 100,00", "pena": "   0,00", "pesi": " 100,00", "pesni": "   0,00", "pa": "  20,69", "pc": "  79,31", "vscv": "0", "vnom": "5391", "vl": "372", "tv": "5913", "vvc": "5763", "vb": "35", "tvn": "115", "vn": "115", "vnt": "0", "vp": "0", "vv": "5763", "van": "0", "vansj": "0", "pvnom": "  93,55", "pvl": "   6,45", "pvvc": "  97,46", "pvb": "   0,60", "ptvn": "   1,94", "pvn": " 100,00", "pvnt": "   0,00", "pvp": "   0,00", "pvv": " 100,00", "pvan": "   0,00", "pvansj": "   0,00", "colig": [{"n": "130000117145", "tvtn": "785", "tvan": "785", "vag": "2", "tvtl": "30", "tval": "30"}, {"n": "130000099111", "tvtn": "684", "tvan": "684", "vag": "1", "tvtl": "32", "tval": "32"}, {"n": "130000099200", "tvtn": "227", "tvan": "227", "vag": "0", "tvtl": "53", "tval": "53"}, {"n": "130000099313", "tvtn": "87", "tvan": "87", "vag": "0", "tvtl": "6", "tval": "6"}, {"n": "130000099555", "tvtn": "459", "tvan": "459", "vag": "1", "tvtl": "97", "tval": "97"}, {"n": "130000136374", "tvtn": "1001", "tvan": "1001", "vag": "2", "tvtl": "68", "tval": "68"}, {"n": "130000136336", "tvtn": "649", "tvan": "649", "vag": "1", "tvtl": "32", "tval": "32"}, {"n": "130000117143", "tvtn": "644", "tvan": "644", "vag": "1", "tvtl": "13", "tval": "13"}, {"n": "130000099337", "tvtn": "688", "tvan": "688", "vag": "1", "tvtl": "37", "tval": "37"}, {"n": "130000117117", "tvtn": "167", "tvan": "167", "vag": "0", "tvtl": "4", "tval": "4"}], "part": [{"n": "25", "tvtn": "785", "tvan": "785", "tvtl": "30", "tval": "30"}, {"n": "11", "tvtn": "684", "tvan": "684", "tvtl": "32", "tval": "32"}, {"n": "12", "tvtn": "227", "tvan": "227", "tvtl": "53", "tval": "53"}, {"n": "20", "tvtn": "87", "tvan": "87", "tvtl": "6", "tval": "6"}, {"n": "55", "tvtn": "459", "tvan": "459", "tvtl": "97", "tval": "97"}, {"n": "33", "tvtn": "1001", "tvan": "1001", "tvtl": "68", "tval": "68"}, {"n": "40", "tvtn": "649", "tvan": "649", "tvtl": "32", "tval": "32"}, {"n": "14", "tvtn": "644", "tvan": "644", "tvtl": "13", "tval": "13"}, {"n": "51", "tvtn": "688", "tvan": "688", "tvtl": "37", "tval": "37"}, {"n": "13", "tvtn": "167", "tvan": "167", "tvtl": "4", "tval": "4"}], "cand": [{"seq": "6", "n": "25456", "vap": "169", "pvap": "   2,93", "e": "S", "st": "Eleito"}, {"seq": "48", "n": "25678", "vap": "32", "pvap": "   0,56", "e": "N", "st": "Suplente"}, {"seq": "47", "n": "25345", "vap": "35", "pvap": "   0,61", "e": "N", "st": "Suplente"}, {"seq": "19", "n": "25369", "vap": "91", "pvap": "   1,58", "e": "N", "st": "Suplente"}, {"seq": "54", "n": "25219", "vap": "24", "pvap": "   0,42", "e": "N", "st": "Suplente"}, {"seq": "42", "n": "25789", "vap": "44", "pvap": "   0,76", "e": "N", "st": "Suplente"}, {"seq": "70", "n": "25382", "vap": "7", "pvap": "   0,12", "e": "N", "st": "Suplente"}, {"seq": "50", "n": "25222", "vap": "28", "pvap": "   0,49", "e": "N", "st": "Suplente"}, {"seq": "10", "n": "25123", "vap": "149", "pvap": "   2,59", "e": "N", "st": "Suplente"}, {"seq": "4", "n": "25111", "vap": "178", "pvap": "   3,09", "e": "S", "st": "Eleito"}, {"seq": "74", "n": "25133", "vap": "2", "pvap": "   0,03", "e": "N", "st": "Suplente"}, {"seq": "52", "n": "25555", "vap": "26", "pvap": "   0,45", "e": "N", "st": "Suplente"}, {"seq": "13", "n": "11234", "vap": "105", "pvap": "   1,82", "e": "N", "st": "Suplente"}, {"seq": "16", "n": "11456", "vap": "93", "pvap": "   1,61", "e": "N", "st": "Suplente"}, {"seq": "64", "n": "11113", "vap": "11", "pvap": "   0,19", "e": "N", "st": "Suplente"}, {"seq": "1", "n": "11211", "vap": "327", "pvap": "   5,67", "e": "S", "st": "Eleito"}, {"seq": "62", "n": "11222", "vap": "14", "pvap": "   0,24", "e": "N", "st": "Suplente"}, {"seq": "73", "n": "11333", "vap": "4", "pvap": "   0,07", "e": "N", "st": "Suplente"}, {"seq": "65", "n": "11111", "vap": "11", "pvap": "   0,19", "e": "N", "st": "Suplente"}, {"seq": "60", "n": "11789", "vap": "18", "pvap": "   0,31", "e": "N", "st": "Suplente"}, {"seq": "25", "n": "11123", "vap": "81", "pvap": "   1,41", "e": "N", "st": "Suplente"}, {"seq": "58", "n": "11555", "vap": "20", "pvap": "   0,35", "e": "N", "st": "Suplente"}, {"seq": "77", "n": "12555", "vap": "47", "pvap": "   0,82", "e": "N", "st": "N\u00e3o eleito"}, {"seq": "91", "n": "12190", "vap": "12", "pvap": "   0,21", "e": "N", "st": "N\u00e3o eleito"}, {"seq": "89", "n": "12000", "vap": "16", "pvap": "   0,28", "e": "N", "st": "N\u00e3o eleito"}, {"seq": "81", "n": "12444", "vap": "24", "pvap": "   0,42", "e": "N", "st": "N\u00e3o eleito"}, {"seq": "84", "n": "12123", "vap": "22", "pvap": "   0,38", "e": "N", "st": "N\u00e3o eleito"}, {"seq": "97", "n": "12222", "vap": "5", "pvap": "   0,09", "e": "N", "st": "N\u00e3o eleito"}, {"seq": "76", "n": "12345", "vap": "71", "pvap": "   1,23", "e": "N", "st": "N\u00e3o eleito"}, {"seq": "83", "n": "12789", "vap": "22", "pvap": "   0,38", "e": "N", "st": "N\u00e3o eleito"}, {"seq": "94", "n": "12888", "vap": "8", "pvap": "   0,14", "e": "N", "st": "N\u00e3o eleito"}, {"seq": "86", "n": "20234", "vap": "18", "pvap": "   0,31", "e": "N", "st": "N\u00e3o eleito"}, {"seq": "95", "n": "20020", "vap": "8", "pvap": "   0,14", "e": "N", "st": "N\u00e3o eleito"}, {"seq": "93", "n": "20228", "vap": "11", "pvap": "   0,19", "e": "N", "st": "N\u00e3o eleito"}, {"seq": "96", "n": "20120", "vap": "6", "pvap": "   0,10", "e": "N", "st": "N\u00e3o eleito"}, {"seq": "90", "n": "20147", "vap": "16", "pvap": "   0,28", "e": "N", "st": "N\u00e3o eleito"}, {"seq": "87", "n": "20123", "vap": "17", "pvap": "   0,29", "e": "N", "st": "N\u00e3o eleito"}, {"seq": "92", "n": "20321", "vap": "11", "pvap": "   0,19", "e": "N", "st": "N\u00e3o eleito"}, {"seq": "53", "n": "55123", "vap": "24", "pvap": "   0,42", "e": "N", "st": "Suplente"}, {"seq": "49", "n": "55111", "vap": "31", "pvap": "   0,54", "e": "N", "st": "Suplente"}, {"seq": "8", "n": "55666", "vap": "131", "pvap": "   2,27", "e": "S", "st": "Eleito"}, {"seq": "45", "n": "55789", "vap": "35", "pvap": "   0,61", "e": "N", "st": "Suplente"}, {"seq": "35", "n": "55155", "vap": "54", "pvap": "   0,94", "e": "N", "st": "Suplente"}, {"seq": "40", "n": "55555", "vap": "48", "pvap": "   0,83", "e": "N", "st": "Suplente"}, {"seq": "71", "n": "55159", "vap": "6", "pvap": "   0,10", "e": "N", "st": "Suplente"}, {"seq": "37", "n": "55000", "vap": "52", "pvap": "   0,90", "e": "N", "st": "Suplente"}, {"seq": "27", "n": "55011", "vap": "78", "pvap": "   1,35", "e": "N", "st": "Suplente"}, {"seq": "20", "n": "33654", "vap": "89", "pvap": "   1,54", "e": "N", "st": "Suplente"}, {"seq": "46", "n": "33233", "vap": "35", "pvap": "   0,61", "e": "N", "st": "Suplente"}, {"seq": "5", "n": "33123", "vap": "174", "pvap": "   3,02", "e": "S", "st": "Eleito"}, {"seq": "21", "n": "33456", "vap": "88", "pvap": "   1,53", "e": "N", "st": "Suplente"}, {"seq": "39", "n": "33444", "vap": "49", "pvap": "   0,85", "e": "N", "st": "Suplente"}, {"seq": "15", "n": "33789", "vap": "93", "pvap": "   1,61", "e": "N", "st": "Suplente"}, {"seq": "17", "n": "33121", "vap": "92", "pvap": "   1,60", "e": "N", "st": "Suplente"}, {"seq": "18", "n": "33133", "vap": "91", "pvap": "   1,58", "e": "N", "st": "Suplente"}, {"seq": "51", "n": "33433", "vap": "28", "pvap": "   0,49", "e": "N", "st": "Suplente"}, {"seq": "68", "n": "33776", "vap": "9", "pvap": "   0,16", "e": "N", "st": "Suplente"}, {"seq": "34", "n": "33111", "vap": "62", "pvap": "   1,08", "e": "N", "st": "Suplente"}, {"seq": "2", "n": "33555", "vap": "191", "pvap": "   3,31", "e": "S", "st": "Eleito"}, {"seq": "30", "n": "40123", "vap": "73", "pvap": "   1,27", "e": "N", "st": "Suplente"}, {"seq": "29", "n": "40444", "vap": "76", "pvap": "   1,32", "e": "N", "st": "Suplente"}, {"seq": "66", "n": "40122", "vap": "10", "pvap": "   0,17", "e": "N", "st": "Suplente"}, {"seq": "63", "n": "40789", "vap": "12", "pvap": "   0,21", "e": "N", "st": "Suplente"}, {"seq": "33", "n": "40777", "vap": "63", "pvap": "   1,09", "e": "N", "st": "Suplente"}, {"seq": "43", "n": "40000", "vap": "43", "pvap": "   0,75", "e": "N", "st": "Suplente"}, {"seq": "11", "n": "40222", "vap": "143", "pvap": "   2,48", "e": "N", "st": "Suplente"}, {"seq": "7", "n": "40111", "vap": "156", "pvap": "   2,71", "e": "S", "st": "Eleito"}, {"seq": "38", "n": "40999", "vap": "50", "pvap": "   0,87", "e": "N", "st": "Suplente"}, {"seq": "56", "n": "40555", "vap": "23", "pvap": "   0,40", "e": "N", "st": "Suplente"}, {"seq": "41", "n": "14123", "vap": "47", "pvap": "   0,82", "e": "N", "st": "Suplente"}, {"seq": "31", "n": "14144", "vap": "72", "pvap": "   1,25", "e": "N", "st": "Suplente"}, {"seq": "26", "n": "14014", "vap": "81", "pvap": "   1,41", "e": "N", "st": "Suplente"}, {"seq": "57", "n": "14301", "vap": "23", "pvap": "   0,40", "e": "N", "st": "Suplente"}, {"seq": "12", "n": "14000", "vap": "136", "pvap": "   2,36", "e": "N", "st": "Suplente"}, {"seq": "3", "n": "14111", "vap": "187", "pvap": "   3,24", "e": "S", "st": "Eleito"}, {"seq": "67", "n": "14456", "vap": "10", "pvap": "   0,17", "e": "N", "st": "Suplente"}, {"seq": "75", "n": "14444", "vap": "0", "pvap": "00.00", "e": "N", "st": "Suplente"}, {"seq": "72", "n": "14200", "vap": "6", "pvap": "   0,10", "e": "N", "st": "Suplente"}, {"seq": "24", "n": "14141", "vap": "82", "pvap": "   1,42", "e": "N", "st": "Suplente"}, {"seq": "61", "n": "51999", "vap": "17", "pvap": "   0,29", "e": "N", "st": "Suplente"}, {"seq": "55", "n": "51789", "vap": "24", "pvap": "   0,42", "e": "N", "st": "Suplente"}, {"seq": "36", "n": "51741", "vap": "54", "pvap": "   0,94", "e": "N", "st": "Suplente"}, {"seq": "28", "n": "51500", "vap": "78", "pvap": "   1,35", "e": "N", "st": "Suplente"}, {"seq": "23", "n": "51123", "vap": "82", "pvap": "   1,42", "e": "N", "st": "Suplente"}, {"seq": "9", "n": "51051", "vap": "115", "pvap": "   2,00", "e": "S", "st": "Eleito"}, {"seq": "22", "n": "51000", "vap": "83", "pvap": "   1,44", "e": "N", "st": "Suplente"}, {"seq": "14", "n": "51111", "vap": "95", "pvap": "   1,65", "e": "N", "st": "Suplente"}, {"seq": "59", "n": "51444", "vap": "19", "pvap": "   0,33", "e": "N", "st": "Suplente"}, {"seq": "32", "n": "51555", "vap": "71", "pvap": "   1,23", "e": "N", "st": "Suplente"}, {"seq": "44", "n": "51234", "vap": "43", "pvap": "   0,75", "e": "N", "st": "Suplente"}, {"seq": "69", "n": "51630", "vap": "7", "pvap": "   0,12", "e": "N", "st": "Suplente"}, {"seq": "88", "n": "13131", "vap": "16", "pvap": "   0,28", "e": "N", "st": "N\u00e3o eleito"}, {"seq": "80", "n": "13300", "vap": "29", "pvap": "   0,50", "e": "N", "st": "N\u00e3o eleito"}, {"seq": "78", "n": "13000", "vap": "40", "pvap": "   0,69", "e": "N", "st": "N\u00e3o eleito"}, {"seq": "85", "n": "13400", "vap": "20", "pvap": "   0,35", "e": "N", "st": "N\u00e3o eleito"}, {"seq": "79", "n": "13123", "vap": "38", "pvap": "   0,66", "e": "N", "st": "N\u00e3o eleito"}, {"seq": "82", "n": "13113", "vap": "24", "pvap": "   0,42", "e": "N", "st": "N\u00e3o eleito"}]}, {"dt": "16/11/2020", "ht": "00:10:54", "tf": "S", "and": "F", "tpabr": "ZONA", "cdabr": "320", "s": "23", "st": "23", "snt": "0", "si": "23", "sni": "0", "sa": "23", "sna": "0", "pst": " 100,00", "psnt": "   0,00", "psi": " 100,00", "psni": "   0,00", "psa": " 100,00", "psna": "   0,00", "e": "7456", "ea": "7456", "ena": "0", "esi": "7456", "esni": "0", "a": "1543", "c": "5913", "pea": " 100,00", "pena": "   0,00", "pesi": " 100,00", "pesni": "   0,00", "pa": "  20,69", "pc": "  79,31", "vnom": "5391", "vscv": "0", "vl": "372", "tv": "5913", "vvc": "5763", "vb": "35", "tvn": "115", "vn": "115", "vnt": "0", "vp": "0", "vv": "5763", "van": "0", "vansj": "0", "pvnom": "  93,55", "pvl": "   6,45", "pvvc": "  97,46", "pvb": "   0,60", "ptvn": "   1,94", "pvn": " 100,00", "pvnt": "   0,00", "pvp": "   0,00", "pvv": " 100,00", "pvan": "   0,00", "pvansj": "   0,00", "cand": [{"seq": "6", "n": "25456", "vap": "169", "pvap": "   2,93", "e": "S", "st": "Eleito"}, {"seq": "4", "n": "25111", "vap": "178", "pvap": "   3,09", "e": "S", "st": "Eleito"}, {"seq": "47", "n": "25345", "vap": "35", "pvap": "   0,61", "e": "N", "st": "Suplente"}, {"seq": "74", "n": "25133", "vap": "2", "pvap": "   0,03", "e": "N", "st": "Suplente"}, {"seq": "48", "n": "25678", "vap": "32", "pvap": "   0,56", "e": "N", "st": "Suplente"}, {"seq": "19", "n": "25369", "vap": "91", "pvap": "   1,58", "e": "N", "st": "Suplente"}, {"seq": "42", "n": "25789", "vap": "44", "pvap": "   0,76", "e": "N", "st": "Suplente"}, {"seq": "10", "n": "25123", "vap": "149", "pvap": "   2,59", "e": "N", "st": "Suplente"}, {"seq": "50", "n": "25222", "vap": "28", "pvap": "   0,49", "e": "N", "st": "Suplente"}, {"seq": "52", "n": "25555", "vap": "26", "pvap": "   0,45", "e": "N", "st": "Suplente"}, {"seq": "70", "n": "25382", "vap": "7", "pvap": "   0,12", "e": "N", "st": "Suplente"}, {"seq": "54", "n": "25219", "vap": "24", "pvap": "   0,42", "e": "N", "st": "Suplente"}, {"seq": "27", "n": "55011", "vap": "78", "pvap": "   1,35", "e": "N", "st": "Suplente"}, {"seq": "40", "n": "55555", "vap": "48", "pvap": "   0,83", "e": "N", "st": "Suplente"}, {"seq": "71", "n": "55159", "vap": "6", "pvap": "   0,10", "e": "N", "st": "Suplente"}, {"seq": "53", "n": "55123", "vap": "24", "pvap": "   0,42", "e": "N", "st": "Suplente"}, {"seq": "45", "n": "55789", "vap": "35", "pvap": "   0,61", "e": "N", "st": "Suplente"}, {"seq": "37", "n": "55000", "vap": "52", "pvap": "   0,90", "e": "N", "st": "Suplente"}, {"seq": "35", "n": "55155", "vap": "54", "pvap": "   0,94", "e": "N", "st": "Suplente"}, {"seq": "8", "n": "55666", "vap": "131", "pvap": "   2,27", "e": "S", "st": "Eleito"}, {"seq": "49", "n": "55111", "vap": "31", "pvap": "   0,54", "e": "N", "st": "Suplente"}, {"seq": "94", "n": "12888", "vap": "8", "pvap": "   0,14", "e": "N", "st": "N\u00e3o eleito"}, {"seq": "89", "n": "12000", "vap": "16", "pvap": "   0,28", "e": "N", "st": "N\u00e3o eleito"}, {"seq": "76", "n": "12345", "vap": "71", "pvap": "   1,23", "e": "N", "st": "N\u00e3o eleito"}, {"seq": "97", "n": "12222", "vap": "5", "pvap": "   0,09", "e": "N", "st": "N\u00e3o eleito"}, {"seq": "77", "n": "12555", "vap": "47", "pvap": "   0,82", "e": "N", "st": "N\u00e3o eleito"}, {"seq": "84", "n": "12123", "vap": "22", "pvap": "   0,38", "e": "N", "st": "N\u00e3o eleito"}, {"seq": "81", "n": "12444", "vap": "24", "pvap": "   0,42", "e": "N", "st": "N\u00e3o eleito"}, {"seq": "91", "n": "12190", "vap": "12", "pvap": "   0,21", "e": "N", "st": "N\u00e3o eleito"}, {"seq": "83", "n": "12789", "vap": "22", "pvap": "   0,38", "e": "N", "st": "N\u00e3o eleito"}, {"seq": "80", "n": "13300", "vap": "29", "pvap": "   0,50", "e": "N", "st": "N\u00e3o eleito"}, {"seq": "79", "n": "13123", "vap": "38", "pvap": "   0,66", "e": "N", "st": "N\u00e3o eleito"}, {"seq": "85", "n": "13400", "vap": "20", "pvap": "   0,35", "e": "N", "st": "N\u00e3o eleito"}, {"seq": "88", "n": "13131", "vap": "16", "pvap": "   0,28", "e": "N", "st": "N\u00e3o eleito"}, {"seq": "82", "n": "13113", "vap": "24", "pvap": "   0,42", "e": "N", "st": "N\u00e3o eleito"}, {"seq": "78", "n": "13000", "vap": "40", "pvap": "   0,69", "e": "N", "st": "N\u00e3o eleito"}, {"seq": "12", "n": "14000", "vap": "136", "pvap": "   2,36", "e": "N", "st": "Suplente"}, {"seq": "72", "n": "14200", "vap": "6", "pvap": "   0,10", "e": "N", "st": "Suplente"}, {"seq": "24", "n": "14141", "vap": "82", "pvap": "   1,42", "e": "N", "st": "Suplente"}, {"seq": "75", "n": "14444", "vap": "0", "pvap": "00.00", "e": "N", "st": "Suplente"}, {"seq": "26", "n": "14014", "vap": "81", "pvap": "   1,41", "e": "N", "st": "Suplente"}, {"seq": "67", "n": "14456", "vap": "10", "pvap": "   0,17", "e": "N", "st": "Suplente"}, {"seq": "3", "n": "14111", "vap": "187", "pvap": "   3,24", "e": "S", "st": "Eleito"}, {"seq": "41", "n": "14123", "vap": "47", "pvap": "   0,82", "e": "N", "st": "Suplente"}, {"seq": "57", "n": "14301", "vap": "23", "pvap": "   0,40", "e": "N", "st": "Suplente"}, {"seq": "31", "n": "14144", "vap": "72", "pvap": "   1,25", "e": "N", "st": "Suplente"}, {"seq": "51", "n": "33433", "vap": "28", "pvap": "   0,49", "e": "N", "st": "Suplente"}, {"seq": "15", "n": "33789", "vap": "93", "pvap": "   1,61", "e": "N", "st": "Suplente"}, {"seq": "68", "n": "33776", "vap": "9", "pvap": "   0,16", "e": "N", "st": "Suplente"}, {"seq": "20", "n": "33654", "vap": "89", "pvap": "   1,54", "e": "N", "st": "Suplente"}, {"seq": "46", "n": "33233", "vap": "35", "pvap": "   0,61", "e": "N", "st": "Suplente"}, {"seq": "18", "n": "33133", "vap": "91", "pvap": "   1,58", "e": "N", "st": "Suplente"}, {"seq": "2", "n": "33555", "vap": "191", "pvap": "   3,31", "e": "S", "st": "Eleito"}, {"seq": "34", "n": "33111", "vap": "62", "pvap": "   1,08", "e": "N", "st": "Suplente"}, {"seq": "17", "n": "33121", "vap": "92", "pvap": "   1,60", "e": "N", "st": "Suplente"}, {"seq": "5", "n": "33123", "vap": "174", "pvap": "   3,02", "e": "S", "st": "Eleito"}, {"seq": "39", "n": "33444", "vap": "49", "pvap": "   0,85", "e": "N", "st": "Suplente"}, {"seq": "21", "n": "33456", "vap": "88", "pvap": "   1,53", "e": "N", "st": "Suplente"}, {"seq": "13", "n": "11234", "vap": "105", "pvap": "   1,82", "e": "N", "st": "Suplente"}, {"seq": "1", "n": "11211", "vap": "327", "pvap": "   5,67", "e": "S", "st": "Eleito"}, {"seq": "62", "n": "11222", "vap": "14", "pvap": "   0,24", "e": "N", "st": "Suplente"}, {"seq": "60", "n": "11789", "vap": "18", "pvap": "   0,31", "e": "N", "st": "Suplente"}, {"seq": "64", "n": "11113", "vap": "11", "pvap": "   0,19", "e": "N", "st": "Suplente"}, {"seq": "65", "n": "11111", "vap": "11", "pvap": "   0,19", "e": "N", "st": "Suplente"}, {"seq": "16", "n": "11456", "vap": "93", "pvap": "   1,61", "e": "N", "st": "Suplente"}, {"seq": "25", "n": "11123", "vap": "81", "pvap": "   1,41", "e": "N", "st": "Suplente"}, {"seq": "73", "n": "11333", "vap": "4", "pvap": "   0,07", "e": "N", "st": "Suplente"}, {"seq": "58", "n": "11555", "vap": "20", "pvap": "   0,35", "e": "N", "st": "Suplente"}, {"seq": "55", "n": "51789", "vap": "24", "pvap": "   0,42", "e": "N", "st": "Suplente"}, {"seq": "9", "n": "51051", "vap": "115", "pvap": "   2,00", "e": "S", "st": "Eleito"}, {"seq": "14", "n": "51111", "vap": "95", "pvap": "   1,65", "e": "N", "st": "Suplente"}, {"seq": "59", "n": "51444", "vap": "19", "pvap": "   0,33", "e": "N", "st": "Suplente"}, {"seq": "69", "n": "51630", "vap": "7", "pvap": "   0,12", "e": "N", "st": "Suplente"}, {"seq": "61", "n": "51999", "vap": "17", "pvap": "   0,29", "e": "N", "st": "Suplente"}, {"seq": "32", "n": "51555", "vap": "71", "pvap": "   1,23", "e": "N", "st": "Suplente"}, {"seq": "22", "n": "51000", "vap": "83", "pvap": "   1,44", "e": "N", "st": "Suplente"}, {"seq": "36", "n": "51741", "vap": "54", "pvap": "   0,94", "e": "N", "st": "Suplente"}, {"seq": "28", "n": "51500", "vap": "78", "pvap": "   1,35", "e": "N", "st": "Suplente"}, {"seq": "44", "n": "51234", "vap": "43", "pvap": "   0,75", "e": "N", "st": "Suplente"}, {"seq": "23", "n": "51123", "vap": "82", "pvap": "   1,42", "e": "N", "st": "Suplente"}, {"seq": "87", "n": "20123", "vap": "17", "pvap": "   0,29", "e": "N", "st": "N\u00e3o eleito"}, {"seq": "93", "n": "20228", "vap": "11", "pvap": "   0,19", "e": "N", "st": "N\u00e3o eleito"}, {"seq": "86", "n": "20234", "vap": "18", "pvap": "   0,31", "e": "N", "st": "N\u00e3o eleito"}, {"seq": "92", "n": "20321", "vap": "11", "pvap": "   0,19", "e": "N", "st": "N\u00e3o eleito"}, {"seq": "90", "n": "20147", "vap": "16", "pvap": "   0,28", "e": "N", "st": "N\u00e3o eleito"}, {"seq": "95", "n": "20020", "vap": "8", "pvap": "   0,14", "e": "N", "st": "N\u00e3o eleito"}, {"seq": "96", "n": "20120", "vap": "6", "pvap": "   0,10", "e": "N", "st": "N\u00e3o eleito"}, {"seq": "43", "n": "40000", "vap": "43", "pvap": "   0,75", "e": "N", "st": "Suplente"}, {"seq": "63", "n": "40789", "vap": "12", "pvap": "   0,21", "e": "N", "st": "Suplente"}, {"seq": "33", "n": "40777", "vap": "63", "pvap": "   1,09", "e": "N", "st": "Suplente"}, {"seq": "7", "n": "40111", "vap": "156", "pvap": "   2,71", "e": "S", "st": "Eleito"}, {"seq": "56", "n": "40555", "vap": "23", "pvap": "   0,40", "e": "N", "st": "Suplente"}, {"seq": "11", "n": "40222", "vap": "143", "pvap": "   2,48", "e": "N", "st": "Suplente"}, {"seq": "30", "n": "40123", "vap": "73", "pvap": "   1,27", "e": "N", "st": "Suplente"}, {"seq": "29", "n": "40444", "vap": "76", "pvap": "   1,32", "e": "N", "st": "Suplente"}, {"seq": "38", "n": "40999", "vap": "50", "pvap": "   0,87", "e": "N", "st": "Suplente"}, {"seq": "66", "n": "40122", "vap": "10", "pvap": "   0,17", "e": "N", "st": "Suplente"}]}]}