{"ele": "426", "carper": "13", "t": "1", "f": "O", "esae": "N", "mnae": " ", "dg": "15/11/2020", "hg": "22:38:33", "dv": "S", "nadf": "ms91030-c0013-e000426-004-f", "abr": [{"dt": "15/11/2020", "ht": "21:14:21", "tf": "S", "and": "F", "tpabr": "MU", "cdabr": "91030", "s": "46", "st": "46", "snt": "0", "si": "46", "sni": "0", "sa": "46", "sna": "0", "pst": " 100,00", "psnt": "   0,00", "psi": " 100,00", "psni": "   0,00", "psa": " 100,00", "psna": "   0,00", "e": "14212", "ea": "14212", "ena": "0", "esi": "14212", "esni": "0", "c": "10599", "a": "3613", "pea": " 100,00", "pena": "   0,00", "pesi": " 100,00", "pesni": "   0,00", "pa": "  25,42", "pc": "  74,58", "vscv": "0", "vnom": "9622", "vl": "481", "tv": "10599", "vvc": "10145", "vb": "213", "tvn": "241", "vn": "212", "vnt": "29", "vp": "0", "vv": "10103", "van": "0", "vansj": "42", "pvnom": "  95,24", "pvl": "   4,76", "pvvc": "  95,72", "pvb": "   2,01", "ptvn": "   2,27", "pvn": "  87,97", "pvnt": "  12,03", "pvp": "   0,00", "pvv": "  99,59", "pvan": "   0,00", "pvansj": "   0,41", "colig": [{"n": "120000148158", "tvtn": "46", "tvan": "63", "vag": "0", "tvtl": "4", "tval": "4"}, {"n": "120000114753", "tvtn": "969", "tvan": "969", "vag": "2", "tvtl": "99", "tval": "99"}, {"n": "120000131184", "tvtn": "100", "tvan": "100", "vag": "0", "tvtl": "15", "tval": "15"}, {"n": "120000114766", "tvtn": "587", "tvan": "615", "vag": "1", "tvtl": "107", "tval": "107"}, {"n": "120000153278", "tvtn": "714", "tvan": "728", "vag": "1", "tvtl": "25", "tval": "25"}, {"n": "120000148281", "tvtn": "418", "tvan": "418", "vag": "0", "tvtl": "15", "tval": "15"}, {"n": "120000069048", "tvtn": "500", "tvan": "500", "vag": "0", "tvtl": "27", "tval": "27"}, {"n": "120000099069", "tvtn": "331", "tvan": "331", "vag": "0", "tvtl": "11", "tval": "11"}, {"n": "120000148195", "tvtn": "811", "tvan": "811", "vag": "1", "tvtl": "9", "tval": "9"}, {"n": "120000131157", "tvtn": "1000", "tvan": "1000", "vag": "1", "tvtl": "10", "tval": "10"}, {"n": "120000068988", "tvtn": "952", "tvan": "952", "vag": "1", "tvtl": "11", "tval": "11"}, {"n": "120000131269", "tvtn": "412", "tvan": "412", "vag": "0", "tvtl": "6", "tval": "6"}, {"n": "120000148304", "tvtn": "129", "tvan": "129", "vag": "0", "tvtl": "22", "tval": "22"}, {"n": "120000148197", "tvtn": "659", "tvan": "659", "vag": "1", "tvtl": "96", "tval": "96"}, {"n": "120000077290", "tvtn": "1303", "tvan": "1303", "vag": "2", "tvtl": "17", "tval": "17"}, {"n": "120000099077", "tvtn": "691", "tvan": "703", "vag": "1", "tvtl": "7", "tval": "7"}], "part": [{"n": "70", "tvtn": "46", "tvan": "46", "tvtl": "4", "tval": "4"}, {"n": "25", "tvtn": "969", "tvan": "969", "tvtl": "99", "tval": "99"}, {"n": "23", "tvtn": "100", "tvan": "100", "tvtl": "15", "tval": "15"}, {"n": "15", "tvtn": "587", "tvan": "615", "tvtl": "107", "tval": "107"}, {"n": "12", "tvtn": "714", "tvan": "728", "tvtl": "25", "tval": "25"}, {"n": "11", "tvtn": "418", "tvan": "418", "tvtl": "15", "tval": "15"}, {"n": "17", "tvtn": "500", "tvan": "500", "tvtl": "27", "tval": "27"}, {"n": "20", "tvtn": "331", "tvan": "331", "tvtl": "11", "tval": "11"}, {"n": "55", "tvtn": "811", "tvan": "811", "tvtl": "9", "tval": "9"}, {"n": "40", "tvtn": "1000", "tvan": "1000", "tvtl": "10", "tval": "10"}, {"n": "14", "tvtn": "952", "tvan": "952", "tvtl": "11", "tval": "11"}, {"n": "51", "tvtn": "412", "tvan": "412", "tvtl": "6", "tval": "6"}, {"n": "13", "tvtn": "129", "tvan": "129", "tvtl": "22", "tval": "22"}, {"n": "45", "tvtn": "659", "tvan": "659", "tvtl": "96", "tval": "96"}, {"n": "10", "tvtn": "1303", "tvan": "1303", "tvtl": "17", "tval": "17"}, {"n": "19", "tvtn": "691", "tvan": "691", "tvtl": "7", "tval": "7"}], "cand": [{"seq": "130", "n": "70123", "vap": "46", "pvap": "   0,45", "e": "N", "st": "N\u00e3o eleito"}, {"seq": "62", "n": "25111", "vap": "32", "pvap": "   0,32", "e": "N", "st": "Suplente"}, {"seq": "91", "n": "25310", "vap": "12", "pvap": "   0,12", "e": "N", "st": "Suplente"}, {"seq": "16", "n": "25777", "vap": "150", "pvap": "   1,48", "e": "N", "st": "Suplente"}, {"seq": "119", "n": "25444", "vap": "0", "pvap": "00.00", "e": "N", "st": "Suplente"}, {"seq": "26", "n": "25678", "vap": "108", "pvap": "   1,06", "e": "N", "st": "Suplente"}, {"seq": "10", "n": "25123", "vap": "155", "pvap": "   1,53", "e": "S", "st": "Eleito"}, {"seq": "36", "n": "25322", "vap": "77", "pvap": "   0,76", "e": "N", "st": "Suplente"}, {"seq": "8", "n": "25000", "vap": "173", "pvap": "   1,71", "e": "S", "st": "Eleito"}, {"seq": "21", "n": "25333", "vap": "126", "pvap": "   1,24", "e": "N", "st": "Suplente"}, {"seq": "98", "n": "25555", "vap": "9", "pvap": "   0,09", "e": "N", "st": "Suplente"}, {"seq": "82", "n": "25226", "vap": "16", "pvap": "   0,16", "e": "N", "st": "Suplente"}, {"seq": "60", "n": "25888", "vap": "34", "pvap": "   0,34", "e": "N", "st": "Suplente"}, {"seq": "46", "n": "25025", "vap": "58", "pvap": "   0,57", "e": "N", "st": "Suplente"}, {"seq": "85", "n": "25222", "vap": "14", "pvap": "   0,14", "e": "N", "st": "Suplente"}, {"seq": "110", "n": "25321", "vap": "5", "pvap": "   0,05", "e": "N", "st": "Suplente"}, {"seq": "185", "n": "23444", "vap": "4", "pvap": "   0,04", "e": "N", "st": "N\u00e3o eleito"}, {"seq": "179", "n": "23333", "vap": "7", "pvap": "   0,07", "e": "N", "st": "N\u00e3o eleito"}, {"seq": "135", "n": "23000", "vap": "43", "pvap": "   0,42", "e": "N", "st": "N\u00e3o eleito"}, {"seq": "146", "n": "23789", "vap": "28", "pvap": "   0,28", "e": "N", "st": "N\u00e3o eleito"}, {"seq": "160", "n": "23222", "vap": "18", "pvap": "   0,18", "e": "N", "st": "N\u00e3o eleito"}, {"seq": "32", "n": "15015", "vap": "89", "pvap": "   0,88", "e": "N", "st": "Suplente"}, {"seq": "108", "n": "15252", "vap": "6", "pvap": "   0,06", "e": "N", "st": "Suplente"}, {"seq": "55", "n": "15555", "vap": "39", "pvap": "   0,38", "e": "N", "st": "Suplente"}, {"seq": "109", "n": "15175", "vap": "6", "pvap": "   0,06", "e": "N", "st": "Suplente"}, {"seq": "31", "n": "15100", "vap": "92", "pvap": "   0,91", "e": "N", "st": "Suplente"}, {"seq": "116", "n": "15001", "vap": "4", "pvap": "   0,04", "e": "N", "st": "Suplente"}, {"seq": "17", "n": "15000", "vap": "143", "pvap": "   1,41", "e": "N", "st": "Suplente"}, {"seq": "143", "n": "15177", "vap": "28", "pvap": "   0,28", "e": "N", "st": "N\u00e3o eleito"}, {"seq": "190", "n": "15777", "vap": "0", "pvap": "00.00", "e": "N", "st": "N\u00e3o eleito"}, {"seq": "6", "n": "15800", "vap": "187", "pvap": "   1,84", "e": "S", "st": "Eleito"}, {"seq": "81", "n": "15272", "vap": "17", "pvap": "   0,17", "e": "N", "st": "Suplente"}, {"seq": "113", "n": "15789", "vap": "4", "pvap": "   0,04", "e": "N", "st": "Suplente"}, {"seq": "115", "n": "12067", "vap": "4", "pvap": "   0,04", "e": "N", "st": "Suplente"}, {"seq": "114", "n": "12001", "vap": "4", "pvap": "   0,04", "e": "N", "st": "Suplente"}, {"seq": "95", "n": "12777", "vap": "11", "pvap": "   0,11", "e": "N", "st": "Suplente"}, {"seq": "169", "n": "12123", "vap": "14", "pvap": "   0,14", "e": "N", "st": "N\u00e3o eleito"}, {"seq": "86", "n": "12555", "vap": "14", "pvap": "   0,14", "e": "N", "st": "Suplente"}, {"seq": "75", "n": "12333", "vap": "21", "pvap": "   0,21", "e": "N", "st": "Suplente"}, {"seq": "84", "n": "12222", "vap": "15", "pvap": "   0,15", "e": "N", "st": "Suplente"}, {"seq": "94", "n": "12121", "vap": "11", "pvap": "   0,11", "e": "N", "st": "Suplente"}, {"seq": "15", "n": "12111", "vap": "166", "pvap": "   1,64", "e": "N", "st": "Suplente"}, {"seq": "96", "n": "12000", "vap": "10", "pvap": "   0,10", "e": "N", "st": "Suplente"}, {"seq": "118", "n": "12444", "vap": "1", "pvap": "   0,01", "e": "N", "st": "Suplente"}, {"seq": "101", "n": "12321", "vap": "7", "pvap": "   0,07", "e": "N", "st": "Suplente"}, {"seq": "1", "n": "12800", "vap": "344", "pvap": "   3,39", "e": "S", "st": "Eleito"}, {"seq": "28", "n": "12345", "vap": "100", "pvap": "   0,99", "e": "N", "st": "Suplente"}, {"seq": "106", "n": "12011", "vap": "6", "pvap": "   0,06", "e": "N", "st": "Suplente"}, {"seq": "170", "n": "11600", "vap": "13", "pvap": "   0,13", "e": "N", "st": "N\u00e3o eleito"}, {"seq": "182", "n": "11001", "vap": "6", "pvap": "   0,06", "e": "N", "st": "N\u00e3o eleito"}, {"seq": "121", "n": "11100", "vap": "90", "pvap": "   0,89", "e": "N", "st": "N\u00e3o eleito"}, {"seq": "158", "n": "11111", "vap": "19", "pvap": "   0,19", "e": "N", "st": "N\u00e3o eleito"}, {"seq": "180", "n": "11777", "vap": "7", "pvap": "   0,07", "e": "N", "st": "N\u00e3o eleito"}, {"seq": "126", "n": "11000", "vap": "62", "pvap": "   0,61", "e": "N", "st": "N\u00e3o eleito"}, {"seq": "159", "n": "11236", "vap": "18", "pvap": "   0,18", "e": "N", "st": "N\u00e3o eleito"}, {"seq": "168", "n": "11999", "vap": "14", "pvap": "   0,14", "e": "N", "st": "N\u00e3o eleito"}, {"seq": "144", "n": "11234", "vap": "28", "pvap": "   0,28", "e": "N", "st": "N\u00e3o eleito"}, {"seq": "186", "n": "11065", "vap": "3", "pvap": "   0,03", "e": "N", "st": "N\u00e3o eleito"}, {"seq": "125", "n": "11700", "vap": "73", "pvap": "   0,72", "e": "N", "st": "N\u00e3o eleito"}, {"seq": "123", "n": "11888", "vap": "85", "pvap": "   0,84", "e": "N", "st": "N\u00e3o eleito"}, {"seq": "120", "n": "17300", "vap": "112", "pvap": "   1,10", "e": "N", "st": "N\u00e3o eleito"}, {"seq": "129", "n": "17123", "vap": "48", "pvap": "   0,47", "e": "N", "st": "N\u00e3o eleito"}, {"seq": "145", "n": "17142", "vap": "28", "pvap": "   0,28", "e": "N", "st": "N\u00e3o eleito"}, {"seq": "137", "n": "17777", "vap": "41", "pvap": "   0,40", "e": "N", "st": "N\u00e3o eleito"}, {"seq": "136", "n": "17017", "vap": "41", "pvap": "   0,40", "e": "N", "st": "N\u00e3o eleito"}, {"seq": "150", "n": "17007", "vap": "25", "pvap": "   0,25", "e": "N", "st": "N\u00e3o eleito"}, {"seq": "138", "n": "17190", "vap": "38", "pvap": "   0,37", "e": "N", "st": "N\u00e3o eleito"}, {"seq": "175", "n": "17999", "vap": "10", "pvap": "   0,10", "e": "N", "st": "N\u00e3o eleito"}, {"seq": "131", "n": "17555", "vap": "46", "pvap": "   0,45", "e": "N", "st": "N\u00e3o eleito"}, {"seq": "157", "n": "17192", "vap": "19", "pvap": "   0,19", "e": "N", "st": "N\u00e3o eleito"}, {"seq": "133", "n": "17370", "vap": "46", "pvap": "   0,45", "e": "N", "st": "N\u00e3o eleito"}, {"seq": "132", "n": "17111", "vap": "46", "pvap": "   0,45", "e": "N", "st": "N\u00e3o eleito"}, {"seq": "188", "n": "20323", "vap": "1", "pvap": "   0,01", "e": "N", "st": "N\u00e3o eleito"}, {"seq": "154", "n": "20333", "vap": "22", "pvap": "   0,22", "e": "N", "st": "N\u00e3o eleito"}, {"seq": "151", "n": "20223", "vap": "25", "pvap": "   0,25", "e": "N", "st": "N\u00e3o eleito"}, {"seq": "153", "n": "20198", "vap": "23", "pvap": "   0,23", "e": "N", "st": "N\u00e3o eleito"}, {"seq": "134", "n": "20555", "vap": "45", "pvap": "   0,44", "e": "N", "st": "N\u00e3o eleito"}, {"seq": "181", "n": "20777", "vap": "6", "pvap": "   0,06", "e": "N", "st": "N\u00e3o eleito"}, {"seq": "173", "n": "20111", "vap": "11", "pvap": "   0,11", "e": "N", "st": "N\u00e3o eleito"}, {"seq": "183", "n": "20053", "vap": "5", "pvap": "   0,05", "e": "N", "st": "N\u00e3o eleito"}, {"seq": "122", "n": "20123", "vap": "85", "pvap": "   0,84", "e": "N", "st": "N\u00e3o eleito"}, {"seq": "177", "n": "20222", "vap": "9", "pvap": "   0,09", "e": "N", "st": "N\u00e3o eleito"}, {"seq": "155", "n": "20121", "vap": "21", "pvap": "   0,21", "e": "N", "st": "N\u00e3o eleito"}, {"seq": "184", "n": "20163", "vap": "4", "pvap": "   0,04", "e": "N", "st": "N\u00e3o eleito"}, {"seq": "147", "n": "20800", "vap": "28", "pvap": "   0,28", "e": "N", "st": "N\u00e3o eleito"}, {"seq": "141", "n": "20125", "vap": "29", "pvap": "   0,29", "e": "N", "st": "N\u00e3o eleito"}, {"seq": "162", "n": "20124", "vap": "17", "pvap": "   0,17", "e": "N", "st": "N\u00e3o eleito"}, {"seq": "107", "n": "55246", "vap": "6", "pvap": "   0,06", "e": "N", "st": "Suplente"}, {"seq": "70", "n": "55553", "vap": "25", "pvap": "   0,25", "e": "N", "st": "Suplente"}, {"seq": "65", "n": "55333", "vap": "31", "pvap": "   0,31", "e": "N", "st": "Suplente"}, {"seq": "30", "n": "55123", "vap": "96", "pvap": "   0,95", "e": "N", "st": "Suplente"}, {"seq": "44", "n": "55190", "vap": "60", "pvap": "   0,59", "e": "N", "st": "Suplente"}, {"seq": "4", "n": "55800", "vap": "283", "pvap": "   2,79", "e": "S", "st": "Eleito"}, {"seq": "33", "n": "55007", "vap": "88", "pvap": "   0,87", "e": "N", "st": "Suplente"}, {"seq": "61", "n": "55999", "vap": "33", "pvap": "   0,33", "e": "N", "st": "Suplente"}, {"seq": "102", "n": "55500", "vap": "7", "pvap": "   0,07", "e": "N", "st": "Suplente"}, {"seq": "74", "n": "55222", "vap": "21", "pvap": "   0,21", "e": "N", "st": "Suplente"}, {"seq": "64", "n": "55154", "vap": "31", "pvap": "   0,31", "e": "N", "st": "Suplente"}, {"seq": "19", "n": "55777", "vap": "130", "pvap": "   1,28", "e": "N", "st": "Suplente"}, {"seq": "43", "n": "40007", "vap": "61", "pvap": "   0,60", "e": "N", "st": "Suplente"}, {"seq": "23", "n": "40333", "vap": "122", "pvap": "   1,20", "e": "N", "st": "Suplente"}, {"seq": "78", "n": "40666", "vap": "21", "pvap": "   0,21", "e": "N", "st": "Suplente"}, {"seq": "13", "n": "40111", "vap": "187", "pvap": "   1,84", "e": "N", "st": "Suplente"}, {"seq": "49", "n": "40222", "vap": "53", "pvap": "   0,52", "e": "N", "st": "Suplente"}, {"seq": "87", "n": "40000", "vap": "13", "pvap": "   0,13", "e": "N", "st": "Suplente"}, {"seq": "51", "n": "40888", "vap": "45", "pvap": "   0,44", "e": "N", "st": "Suplente"}, {"seq": "57", "n": "40224", "vap": "39", "pvap": "   0,38", "e": "N", "st": "Suplente"}, {"seq": "77", "n": "40444", "vap": "21", "pvap": "   0,21", "e": "N", "st": "Suplente"}, {"seq": "2", "n": "40123", "vap": "313", "pvap": "   3,09", "e": "S", "st": "Eleito"}, {"seq": "40", "n": "40241", "vap": "66", "pvap": "   0,65", "e": "N", "st": "Suplente"}, {"seq": "45", "n": "40100", "vap": "59", "pvap": "   0,58", "e": "N", "st": "Suplente"}, {"seq": "48", "n": "14111", "vap": "54", "pvap": "   0,53", "e": "N", "st": "Suplente"}, {"seq": "37", "n": "14555", "vap": "76", "pvap": "   0,75", "e": "N", "st": "Suplente"}, {"seq": "67", "n": "14054", "vap": "28", "pvap": "   0,28", "e": "N", "st": "Suplente"}, {"seq": "27", "n": "14123", "vap": "102", "pvap": "   1,01", "e": "N", "st": "Suplente"}, {"seq": "3", "n": "14000", "vap": "310", "pvap": "   3,06", "e": "S", "st": "Eleito"}, {"seq": "56", "n": "14004", "vap": "39", "pvap": "   0,38", "e": "N", "st": "Suplente"}, {"seq": "88", "n": "14999", "vap": "13", "pvap": "   0,13", "e": "N", "st": "Suplente"}, {"seq": "63", "n": "14544", "vap": "31", "pvap": "   0,31", "e": "N", "st": "Suplente"}, {"seq": "92", "n": "14134", "vap": "11", "pvap": "   0,11", "e": "N", "st": "Suplente"}, {"seq": "100", "n": "14125", "vap": "8", "pvap": "   0,08", "e": "N", "st": "Suplente"}, {"seq": "12", "n": "14444", "vap": "267", "pvap": "   2,63", "e": "N", "st": "Suplente"}, {"seq": "97", "n": "14222", "vap": "9", "pvap": "   0,09", "e": "N", "st": "Suplente"}, {"seq": "112", "n": "14130", "vap": "4", "pvap": "   0,04", "e": "N", "st": "Suplente"}, {"seq": "161", "n": "51277", "vap": "17", "pvap": "   0,17", "e": "N", "st": "N\u00e3o eleito"}, {"seq": "152", "n": "51061", "vap": "24", "pvap": "   0,24", "e": "N", "st": "N\u00e3o eleito"}, {"seq": "164", "n": "51510", "vap": "16", "pvap": "   0,16", "e": "N", "st": "N\u00e3o eleito"}, {"seq": "178", "n": "51111", "vap": "8", "pvap": "   0,08", "e": "N", "st": "N\u00e3o eleito"}, {"seq": "149", "n": "51003", "vap": "26", "pvap": "   0,26", "e": "N", "st": "N\u00e3o eleito"}, {"seq": "176", "n": "51567", "vap": "10", "pvap": "   0,10", "e": "N", "st": "N\u00e3o eleito"}, {"seq": "166", "n": "51051", "vap": "15", "pvap": "   0,15", "e": "N", "st": "N\u00e3o eleito"}, {"seq": "148", "n": "51007", "vap": "27", "pvap": "   0,27", "e": "N", "st": "N\u00e3o eleito"}, {"seq": "127", "n": "51001", "vap": "58", "pvap": "   0,57", "e": "N", "st": "N\u00e3o eleito"}, {"seq": "167", "n": "51123", "vap": "14", "pvap": "   0,14", "e": "N", "st": "N\u00e3o eleito"}, {"seq": "140", "n": "51226", "vap": "37", "pvap": "   0,36", "e": "N", "st": "N\u00e3o eleito"}, {"seq": "171", "n": "51555", "vap": "13", "pvap": "   0,13", "e": "N", "st": "N\u00e3o eleito"}, {"seq": "124", "n": "51456", "vap": "79", "pvap": "   0,78", "e": "N", "st": "N\u00e3o eleito"}, {"seq": "172", "n": "51713", "vap": "11", "pvap": "   0,11", "e": "N", "st": "N\u00e3o eleito"}, {"seq": "189", "n": "51234", "vap": "1", "pvap": "   0,01", "e": "N", "st": "N\u00e3o eleito"}, {"seq": "128", "n": "51321", "vap": "56", "pvap": "   0,55", "e": "N", "st": "N\u00e3o eleito"}, {"seq": "165", "n": "13400", "vap": "15", "pvap": "   0,15", "e": "N", "st": "N\u00e3o eleito"}, {"seq": "156", "n": "13500", "vap": "20", "pvap": "   0,20", "e": "N", "st": "N\u00e3o eleito"}, {"seq": "174", "n": "13456", "vap": "10", "pvap": "   0,10", "e": "N", "st": "N\u00e3o eleito"}, {"seq": "142", "n": "13222", "vap": "29", "pvap": "   0,29", "e": "N", "st": "N\u00e3o eleito"}, {"seq": "187", "n": "13600", "vap": "2", "pvap": "   0,02", "e": "N", "st": "N\u00e3o eleito"}, {"seq": "163", "n": "13123", "vap": "16", "pvap": "   0,16", "e": "N", "st": "N\u00e3o eleito"}, {"seq": "139", "n": "13300", "vap": "37", "pvap": "   0,36", "e": "N", "st": "N\u00e3o eleito"}, {"seq": "9", "n": "45555", "vap": "163", "pvap": "   1,61", "e": "S", "st": "Eleito"}, {"seq": "103", "n": "45222", "vap": "7", "pvap": "   0,07", "e": "N", "st": "Suplente"}, {"seq": "80", "n": "45115", "vap": "18", "pvap": "   0,18", "e": "N", "st": "Suplente"}, {"seq": "25", "n": "45010", "vap": "110", "pvap": "   1,08", "e": "N", "st": "Suplente"}, {"seq": "90", "n": "45100", "vap": "12", "pvap": "   0,12", "e": "N", "st": "Suplente"}, {"seq": "99", "n": "45283", "vap": "9", "pvap": "   0,09", "e": "N", "st": "Suplente"}, {"seq": "104", "n": "45114", "vap": "7", "pvap": "   0,07", "e": "N", "st": "Suplente"}, {"seq": "105", "n": "45264", "vap": "6", "pvap": "   0,06", "e": "N", "st": "Suplente"}, {"seq": "38", "n": "45000", "vap": "75", "pvap": "   0,74", "e": "N", "st": "Suplente"}, {"seq": "29", "n": "45456", "vap": "99", "pvap": "   0,98", "e": "N", "st": "Suplente"}, {"seq": "58", "n": "45045", "vap": "36", "pvap": "   0,35", "e": "N", "st": "Suplente"}, {"seq": "47", "n": "45123", "vap": "56", "pvap": "   0,55", "e": "N", "st": "Suplente"}, {"seq": "76", "n": "45712", "vap": "21", "pvap": "   0,21", "e": "N", "st": "Suplente"}, {"seq": "79", "n": "45020", "vap": "18", "pvap": "   0,18", "e": "N", "st": "Suplente"}, {"seq": "73", "n": "45023", "vap": "22", "pvap": "   0,22", "e": "N", "st": "Suplente"}, {"seq": "93", "n": "10400", "vap": "11", "pvap": "   0,11", "e": "N", "st": "Suplente"}, {"seq": "7", "n": "10123", "vap": "175", "pvap": "   1,72", "e": "S", "st": "Eleito"}, {"seq": "22", "n": "10001", "vap": "122", "pvap": "   1,20", "e": "N", "st": "Suplente"}, {"seq": "5", "n": "10555", "vap": "264", "pvap": "   2,60", "e": "S", "st": "Eleito"}, {"seq": "89", "n": "10111", "vap": "12", "pvap": "   0,12", "e": "N", "st": "Suplente"}, {"seq": "117", "n": "10456", "vap": "1", "pvap": "   0,01", "e": "N", "st": "Suplente"}, {"seq": "18", "n": "10333", "vap": "133", "pvap": "   1,31", "e": "N", "st": "Suplente"}, {"seq": "34", "n": "10888", "vap": "79", "pvap": "   0,78", "e": "N", "st": "Suplente"}, {"seq": "24", "n": "10000", "vap": "111", "pvap": "   1,09", "e": "N", "st": "Suplente"}, {"seq": "41", "n": "10999", "vap": "66", "pvap": "   0,65", "e": "N", "st": "Suplente"}, {"seq": "14", "n": "10222", "vap": "168", "pvap": "   1,66", "e": "N", "st": "Suplente"}, {"seq": "39", "n": "10444", "vap": "72", "pvap": "   0,71", "e": "N", "st": "Suplente"}, {"seq": "111", "n": "10500", "vap": "5", "pvap": "   0,05", "e": "N", "st": "Suplente"}, {"seq": "52", "n": "10777", "vap": "44", "pvap": "   0,43", "e": "N", "st": "Suplente"}, {"seq": "54", "n": "10100", "vap": "40", "pvap": "   0,39", "e": "N", "st": "Suplente"}, {"seq": "59", "n": "19555", "vap": "36", "pvap": "   0,35", "e": "N", "st": "Suplente"}, {"seq": "83", "n": "19500", "vap": "16", "pvap": "   0,16", "e": "N", "st": "Suplente"}, {"seq": "69", "n": "19001", "vap": "25", "pvap": "   0,25", "e": "N", "st": "Suplente"}, {"seq": "66", "n": "19142", "vap": "28", "pvap": "   0,28", "e": "N", "st": "Suplente"}, {"seq": "35", "n": "19123", "vap": "78", "pvap": "   0,77", "e": "N", "st": "Suplente"}, {"seq": "20", "n": "19019", "vap": "128", "pvap": "   1,26", "e": "N", "st": "Suplente"}, {"seq": "68", "n": "19111", "vap": "27", "pvap": "   0,27", "e": "N", "st": "Suplente"}, {"seq": "50", "n": "19888", "vap": "48", "pvap": "   0,47", "e": "N", "st": "Suplente"}, {"seq": "53", "n": "19777", "vap": "43", "pvap": "   0,42", "e": "N", "st": "Suplente"}, {"seq": "72", "n": "19051", "vap": "22", "pvap": "   0,22", "e": "N", "st": "Suplente"}, {"seq": "71", "n": "19999", "vap": "23", "pvap": "   0,23", "e": "N", "st": "Suplente"}, {"seq": "42", "n": "19000", "vap": "64", "pvap": "   0,63", "e": "N", "st": "Suplente"}, {"seq": "11", "n": "19333", "vap": "153", "pvap": "   1,51", "e": "S", "st": "Eleito"}]}, {"dt": "15/11/2020", "ht": "21:14:21", "tf": "S", "and": "F", "tpabr": "ZONA", "cdabr": "50", "s": "46", "st": "46", "snt": "0", "si": "46", "sni": "0", "sa": "46", "sna": "0", "pst": " 100,00", "psnt": "   0,00", "psi": " 100,00", "psni": "   0,00", "psa": " 100,00", "psna": "   0,00", "e": "14212", "ea": "14212", "ena": "0", "esi": "14212", "esni": "0", "a": "3613", "c": "10599", "pea": " 100,00", "pena": "   0,00", "pesi": " 100,00", "pesni": "   0,00", "pa": "  25,42", "pc": "  74,58", "vnom": "9622", "vscv": "0", "vl": "481", "tv": "10599", "vvc": "10145", "vb": "213", "tvn": "241", "vn": "212", "vnt": "29", "vp": "0", "vv": "10103", "van": "0", "vansj": "42", "pvnom": "  95,24", "pvl": "   4,76", "pvvc": "  95,72", "pvb": "   2,01", "ptvn": "   2,27", "pvn": "  87,97", "pvnt": "  12,03", "pvp": "   0,00", "pvv": "  99,59", "pvan": "   0,00", "pvansj": "   0,41", "cand": [{"seq": "41", "n": "10999", "vap": "66", "pvap": "   0,65", "e": "N", "st": "Suplente"}, {"seq": "14", "n": "10222", "vap": "168", "pvap": "   1,66", "e": "N", "st": "Suplente"}, {"seq": "52", "n": "10777", "vap": "44", "pvap": "   0,43", "e": "N", "st": "Suplente"}, {"seq": "24", "n": "10000", "vap": "111", "pvap": "   1,09", "e": "N", "st": "Suplente"}, {"seq": "18", "n": "10333", "vap": "133", "pvap": "   1,31", "e": "N", "st": "Suplente"}, {"seq": "34", "n": "10888", "vap": "79", "pvap": "   0,78", "e": "N", "st": "Suplente"}, {"seq": "54", "n": "10100", "vap": "40", "pvap": "   0,39", "e": "N", "st": "Suplente"}, {"seq": "7", "n": "10123", "vap": "175", "pvap": "   1,72", "e": "S", "st": "Eleito"}, {"seq": "117", "n": "10456", "vap": "1", "pvap": "   0,01", "e": "N", "st": "Suplente"}, {"seq": "111", "n": "10500", "vap": "5", "pvap": "   0,05", "e": "N", "st": "Suplente"}, {"seq": "22", "n": "10001", "vap": "122", "pvap": "   1,20", "e": "N", "st": "Suplente"}, {"seq": "89", "n": "10111", "vap": "12", "pvap": "   0,12", "e": "N", "st": "Suplente"}, {"seq": "5", "n": "10555", "vap": "264", "pvap": "   2,60", "e": "S", "st": "Eleito"}, {"seq": "93", "n": "10400", "vap": "11", "pvap": "   0,11", "e": "N", "st": "Suplente"}, {"seq": "39", "n": "10444", "vap": "72", "pvap": "   0,71", "e": "N", "st": "Suplente"}, {"seq": "186", "n": "11065", "vap": "3", "pvap": "   0,03", "e": "N", "st": "N\u00e3o eleito"}, {"seq": "121", "n": "11100", "vap": "90", "pvap": "   0,89", "e": "N", "st": "N\u00e3o eleito"}, {"seq": "123", "n": "11888", "vap": "85", "pvap": "   0,84", "e": "N", "st": "N\u00e3o eleito"}, {"seq": "158", "n": "11111", "vap": "19", "pvap": "   0,19", "e": "N", "st": "N\u00e3o eleito"}, {"seq": "159", "n": "11236", "vap": "18", "pvap": "   0,18", "e": "N", "st": "N\u00e3o eleito"}, {"seq": "170", "n": "11600", "vap": "13", "pvap": "   0,13", "e": "N", "st": "N\u00e3o eleito"}, {"seq": "125", "n": "11700", "vap": "73", "pvap": "   0,72", "e": "N", "st": "N\u00e3o eleito"}, {"seq": "180", "n": "11777", "vap": "7", "pvap": "   0,07", "e": "N", "st": "N\u00e3o eleito"}, {"seq": "168", "n": "11999", "vap": "14", "pvap": "   0,14", "e": "N", "st": "N\u00e3o eleito"}, {"seq": "126", "n": "11000", "vap": "62", "pvap": "   0,61", "e": "N", "st": "N\u00e3o eleito"}, {"seq": "182", "n": "11001", "vap": "6", "pvap": "   0,06", "e": "N", "st": "N\u00e3o eleito"}, {"seq": "144", "n": "11234", "vap": "28", "pvap": "   0,28", "e": "N", "st": "N\u00e3o eleito"}, {"seq": "142", "n": "13222", "vap": "29", "pvap": "   0,29", "e": "N", "st": "N\u00e3o eleito"}, {"seq": "165", "n": "13400", "vap": "15", "pvap": "   0,15", "e": "N", "st": "N\u00e3o eleito"}, {"seq": "174", "n": "13456", "vap": "10", "pvap": "   0,10", "e": "N", "st": "N\u00e3o eleito"}, {"seq": "139", "n": "13300", "vap": "37", "pvap": "   0,36", "e": "N", "st": "N\u00e3o eleito"}, {"seq": "156", "n": "13500", "vap": "20", "pvap": "   0,20", "e": "N", "st": "N\u00e3o eleito"}, {"seq": "163", "n": "13123", "vap": "16", "pvap": "   0,16", "e": "N", "st": "N\u00e3o eleito"}, {"seq": "187", "n": "13600", "vap": "2", "pvap": "   0,02", "e": "N", "st": "N\u00e3o eleito"}, {"seq": "150", "n": "17007", "vap": "25", "pvap": "   0,25", "e": "N", "st": "N\u00e3o eleito"}, {"seq": "136", "n": "17017", "vap": "41", "pvap": "   0,40", "e": "N", "st": "N\u00e3o eleito"}, {"seq": "129", "n": "17123", "vap": "48", "pvap": "   0,47", "e": "N", "st": "N\u00e3o eleito"}, {"seq": "120", "n": "17300", "vap": "112", "pvap": "   1,10", "e": "N", "st": "N\u00e3o eleito"}, {"seq": "131", "n": "17555", "vap": "46", "pvap": "   0,45", "e": "N", "st": "N\u00e3o eleito"}, {"seq": "157", "n": "17192", "vap": "19", "pvap": "   0,19", "e": "N", "st": "N\u00e3o eleito"}, {"seq": "132", "n": "17111", "vap": "46", "pvap": "   0,45", "e": "N", "st": "N\u00e3o eleito"}, {"seq": "137", "n": "17777", "vap": "41", "pvap": "   0,40", "e": "N", "st": "N\u00e3o eleito"}, {"seq": "175", "n": "17999", "vap": "10", "pvap": "   0,10", "e": "N", "st": "N\u00e3o eleito"}, {"seq": "133", "n": "17370", "vap": "46", "pvap": "   0,45", "e": "N", "st": "N\u00e3o eleito"}, {"seq": "145", "n": "17142", "vap": "28", "pvap": "   0,28", "e": "N", "st": "N\u00e3o eleito"}, {"seq": "138", "n": "17190", "vap": "38", "pvap": "   0,37", "e": "N", "st": "N\u00e3o eleito"}, {"seq": "87", "n": "40000", "vap": "13", "pvap": "   0,13", "e": "N", "st": "Suplente"}, {"seq": "78", "n": "40666", "vap": "21", "pvap": "   0,21", "e": "N", "st": "Suplente"}, {"seq": "40", "n": "40241", "vap": "66", "pvap": "   0,65", "e": "N", "st": "Suplente"}, {"seq": "45", "n": "40100", "vap": "59", "pvap": "   0,58", "e": "N", "st": "Suplente"}, {"seq": "2", "n": "40123", "vap": "313", "pvap": "   3,09", "e": "S", "st": "Eleito"}, {"seq": "23", "n": "40333", "vap": "122", "pvap": "   1,20", "e": "N", "st": "Suplente"}, {"seq": "49", "n": "40222", "vap": "53", "pvap": "   0,52", "e": "N", "st": "Suplente"}, {"seq": "43", "n": "40007", "vap": "61", "pvap": "   0,60", "e": "N", "st": "Suplente"}, {"seq": "51", "n": "40888", "vap": "45", "pvap": "   0,44", "e": "N", "st": "Suplente"}, {"seq": "13", "n": "40111", "vap": "187", "pvap": "   1,84", "e": "N", "st": "Suplente"}, {"seq": "57", "n": "40224", "vap": "39", "pvap": "   0,38", "e": "N", "st": "Suplente"}, {"seq": "77", "n": "40444", "vap": "21", "pvap": "   0,21", "e": "N", "st": "Suplente"}, {"seq": "179", "n": "23333", "vap": "7", "pvap": "   0,07", "e": "N", "st": "N\u00e3o eleito"}, {"seq": "135", "n": "23000", "vap": "43", "pvap": "   0,42", "e": "N", "st": "N\u00e3o eleito"}, {"seq": "146", "n": "23789", "vap": "28", "pvap": "   0,28", "e": "N", "st": "N\u00e3o eleito"}, {"seq": "160", "n": "23222", "vap": "18", "pvap": "   0,18", "e": "N", "st": "N\u00e3o eleito"}, {"seq": "185", "n": "23444", "vap": "4", "pvap": "   0,04", "e": "N", "st": "N\u00e3o eleito"}, {"seq": "130", "n": "70123", "vap": "46", "pvap": "   0,45", "e": "N", "st": "N\u00e3o eleito"}, {"seq": "143", "n": "15177", "vap": "28", "pvap": "   0,28", "e": "N", "st": "N\u00e3o eleito"}, {"seq": "55", "n": "15555", "vap": "39", "pvap": "   0,38", "e": "N", "st": "Suplente"}, {"seq": "81", "n": "15272", "vap": "17", "pvap": "   0,17", "e": "N", "st": "Suplente"}, {"seq": "109", "n": "15175", "vap": "6", "pvap": "   0,06", "e": "N", "st": "Suplente"}, {"seq": "113", "n": "15789", "vap": "4", "pvap": "   0,04", "e": "N", "st": "Suplente"}, {"seq": "108", "n": "15252", "vap": "6", "pvap": "   0,06", "e": "N", "st": "Suplente"}, {"seq": "6", "n": "15800", "vap": "187", "pvap": "   1,84", "e": "S", "st": "Eleito"}, {"seq": "31", "n": "15100", "vap": "92", "pvap": "   0,91", "e": "N", "st": "Suplente"}, {"seq": "190", "n": "15777", "vap": "0", "pvap": "00.00", "e": "N", "st": "N\u00e3o eleito"}, {"seq": "17", "n": "15000", "vap": "143", "pvap": "   1,41", "e": "N", "st": "Suplente"}, {"seq": "116", "n": "15001", "vap": "4", "pvap": "   0,04", "e": "N", "st": "Suplente"}, {"seq": "32", "n": "15015", "vap": "89", "pvap": "   0,88", "e": "N", "st": "Suplente"}, {"seq": "152", "n": "51061", "vap": "24", "pvap": "   0,24", "e": "N", "st": "N\u00e3o eleito"}, {"seq": "164", "n": "51510", "vap": "16", "pvap": "   0,16", "e": "N", "st": "N\u00e3o eleito"}, {"seq": "166", "n": "51051", "vap": "15", "pvap": "   0,15", "e": "N", "st": "N\u00e3o eleito"}, {"seq": "128", "n": "51321", "vap": "56", "pvap": "   0,55", "e": "N", "st": "N\u00e3o eleito"}, {"seq": "167", "n": "51123", "vap": "14", "pvap": "   0,14", "e": "N", "st": "N\u00e3o eleito"}, {"seq": "176", "n": "51567", "vap": "10", "pvap": "   0,10", "e": "N", "st": "N\u00e3o eleito"}, {"seq": "178", "n": "51111", "vap": "8", "pvap": "   0,08", "e": "N", "st": "N\u00e3o eleito"}, {"seq": "140", "n": "51226", "vap": "37", "pvap": "   0,36", "e": "N", "st": "N\u00e3o eleito"}, {"seq": "171", "n": "51555", "vap": "13", "pvap": "   0,13", "e": "N", "st": "N\u00e3o eleito"}, {"seq": "127", "n": "51001", "vap": "58", "pvap": "   0,57", "e": "N", "st": "N\u00e3o eleito"}, {"seq": "172", "n": "51713", "vap": "11", "pvap": "   0,11", "e": "N", "st": "N\u00e3o eleito"}, {"seq": "149", "n": "51003", "vap": "26", "pvap": "   0,26", "e": "N", "st": "N\u00e3o eleito"}, {"seq": "161", "n": "51277", "vap": "17", "pvap": "   0,17", "e": "N", "st": "N\u00e3o eleito"}, {"seq": "148", "n": "51007", "vap": "27", "pvap": "   0,27", "e": "N", "st": "N\u00e3o eleito"}, {"seq": "189", "n": "51234", "vap": "1", "pvap": "   0,01", "e": "N", "st": "N\u00e3o eleito"}, {"seq": "124", "n": "51456", "vap": "79", "pvap": "   0,78", "e": "N", "st": "N\u00e3o eleito"}, {"seq": "100", "n": "14125", "vap": "8", "pvap": "   0,08", "e": "N", "st": "Suplente"}, {"seq": "56", "n": "14004", "vap": "39", "pvap": "   0,38", "e": "N", "st": "Suplente"}, {"seq": "67", "n": "14054", "vap": "28", "pvap": "   0,28", "e": "N", "st": "Suplente"}, {"seq": "37", "n": "14555", "vap": "76", "pvap": "   0,75", "e": "N", "st": "Suplente"}, {"seq": "88", "n": "14999", "vap": "13", "pvap": "   0,13", "e": "N", "st": "Suplente"}, {"seq": "112", "n": "14130", "vap": "4", "pvap": "   0,04", "e": "N", "st": "Suplente"}, {"seq": "97", "n": "14222", "vap": "9", "pvap": "   0,09", "e": "N", "st": "Suplente"}, {"seq": "12", "n": "14444", "vap": "267", "pvap": "   2,63", "e": "N", "st": "Suplente"}, {"seq": "3", "n": "14000", "vap": "310", "pvap": "   3,06", "e": "S", "st": "Eleito"}, {"seq": "92", "n": "14134", "vap": "11", "pvap": "   0,11", "e": "N", "st": "Suplente"}, {"seq": "63", "n": "14544", "vap": "31", "pvap": "   0,31", "e": "N", "st": "Suplente"}, {"seq": "48", "n": "14111", "vap": "54", "pvap": "   0,53", "e": "N", "st": "Suplente"}, {"seq": "27", "n": "14123", "vap": "102", "pvap": "   1,01", "e": "N", "st": "Suplente"}, {"seq": "114", "n": "12001", "vap": "4", "pvap": "   0,04", "e": "N", "st": "Suplente"}, {"seq": "15", "n": "12111", "vap": "166", "pvap": "   1,64", "e": "N", "st": "Suplente"}, {"seq": "94", "n": "12121", "vap": "11", "pvap": "   0,11", "e": "N", "st": "Suplente"}, {"seq": "84", "n": "12222", "vap": "15", "pvap": "   0,15", "e": "N", "st": "Suplente"}, {"seq": "101", "n": "12321", "vap": "7", "pvap": "   0,07", "e": "N", "st": "Suplente"}, {"seq": "115", "n": "12067", "vap": "4", "pvap": "   0,04", "e": "N", "st": "Suplente"}, {"seq": "28", "n": "12345", "vap": "100", "pvap": "   0,99", "e": "N", "st": "Suplente"}, {"seq": "95", "n": "12777", "vap": "11", "pvap": "   0,11", "e": "N", "st": "Suplente"}, {"seq": "1", "n": "12800", "vap": "344", "pvap": "   3,39", "e": "S", "st": "Eleito"}, {"seq": "96", "n": "12000", "vap": "10", "pvap": "   0,10", "e": "N", "st": "Suplente"}, {"seq": "106", "n": "12011", "vap": "6", "pvap": "   0,06", "e": "N", "st": "Suplente"}, {"seq": "169", "n": "12123", "vap": "14", "pvap": "   0,14", "e": "N", "st": "N\u00e3o eleito"}, {"seq": "75", "n": "12333", "vap": "21", "pvap": "   0,21", "e": "N", "st": "Suplente"}, {"seq": "86", "n": "12555", "vap": "14", "pvap": "   0,14", "e": "N", "st": "Suplente"}, {"seq": "118", "n": "12444", "vap": "1", "pvap": "   0,01", "e": "N", "st": "Suplente"}, {"seq": "188", "n": "20323", "vap": "1", "pvap": "   0,01", "e": "N", "st": "N\u00e3o eleito"}, {"seq": "181", "n": "20777", "vap": "6", "pvap": "   0,06", "e": "N", "st": "N\u00e3o eleito"}, {"seq": "183", "n": "20053", "vap": "5", "pvap": "   0,05", "e": "N", "st": "N\u00e3o eleito"}, {"seq": "173", "n": "20111", "vap": "11", "pvap": "   0,11", "e": "N", "st": "N\u00e3o eleito"}, {"seq": "155", "n": "20121", "vap": "21", "pvap": "   0,21", "e": "N", "st": "N\u00e3o eleito"}, {"seq": "177", "n": "20222", "vap": "9", "pvap": "   0,09", "e": "N", "st": "N\u00e3o eleito"}, {"seq": "184", "n": "20163", "vap": "4", "pvap": "   0,04", "e": "N", "st": "N\u00e3o eleito"}, {"seq": "147", "n": "20800", "vap": "28", "pvap": "   0,28", "e": "N", "st": "N\u00e3o eleito"}, {"seq": "141", "n": "20125", "vap": "29", "pvap": "   0,29", "e": "N", "st": "N\u00e3o eleito"}, {"seq": "134", "n": "20555", "vap": "45", "pvap": "   0,44", "e": "N", "st": "N\u00e3o eleito"}, {"seq": "162", "n": "20124", "vap": "17", "pvap": "   0,17", "e": "N", "st": "N\u00e3o eleito"}, {"seq": "151", "n": "20223", "vap": "25", "pvap": "   0,25", "e": "N", "st": "N\u00e3o eleito"}, {"seq": "154", "n": "20333", "vap": "22", "pvap": "   0,22", "e": "N", "st": "N\u00e3o eleito"}, {"seq": "122", "n": "20123", "vap": "85", "pvap": "   0,84", "e": "N", "st": "N\u00e3o eleito"}, {"seq": "153", "n": "20198", "vap": "23", "pvap": "   0,23", "e": "N", "st": "N\u00e3o eleito"}, {"seq": "85", "n": "25222", "vap": "14", "pvap": "   0,14", "e": "N", "st": "Suplente"}, {"seq": "26", "n": "25678", "vap": "108", "pvap": "   1,06", "e": "N", "st": "Suplente"}, {"seq": "8", "n": "25000", "vap": "173", "pvap": "   1,71", "e": "S", "st": "Eleito"}, {"seq": "36", "n": "25322", "vap": "77", "pvap": "   0,76", "e": "N", "st": "Suplente"}, {"seq": "98", "n": "25555", "vap": "9", "pvap": "   0,09", "e": "N", "st": "Suplente"}, {"seq": "60", "n": "25888", "vap": "34", "pvap": "   0,34", "e": "N", "st": "Suplente"}, {"seq": "62", "n": "25111", "vap": "32", "pvap": "   0,32", "e": "N", "st": "Suplente"}, {"seq": "10", "n": "25123", "vap": "155", "pvap": "   1,53", "e": "S", "st": "Eleito"}, {"seq": "46", "n": "25025", "vap": "58", "pvap": "   0,57", "e": "N", "st": "Suplente"}, {"seq": "91", "n": "25310", "vap": "12", "pvap": "   0,12", "e": "N", "st": "Suplente"}, {"seq": "119", "n": "25444", "vap": "0", "pvap": "00.00", "e": "N", "st": "Suplente"}, {"seq": "82", "n": "25226", "vap": "16", "pvap": "   0,16", "e": "N", "st": "Suplente"}, {"seq": "21", "n": "25333", "vap": "126", "pvap": "   1,24", "e": "N", "st": "Suplente"}, {"seq": "110", "n": "25321", "vap": "5", "pvap": "   0,05", "e": "N", "st": "Suplente"}, {"seq": "16", "n": "25777", "vap": "150", "pvap": "   1,48", "e": "N", "st": "Suplente"}, {"seq": "90", "n": "45100", "vap": "12", "pvap": "   0,12", "e": "N", "st": "Suplente"}, {"seq": "79", "n": "45020", "vap": "18", "pvap": "   0,18", "e": "N", "st": "Suplente"}, {"seq": "105", "n": "45264", "vap": "6", "pvap": "   0,06", "e": "N", "st": "Suplente"}, {"seq": "99", "n": "45283", "vap": "9", "pvap": "   0,09", "e": "N", "st": "Suplente"}, {"seq": "29", "n": "45456", "vap": "99", "pvap": "   0,98", "e": "N", "st": "Suplente"}, {"seq": "76", "n": "45712", "vap": "21", "pvap": "   0,21", "e": "N", "st": "Suplente"}, {"seq": "58", "n": "45045", "vap": "36", "pvap": "   0,35", "e": "N", "st": "Suplente"}, {"seq": "104", "n": "45114", "vap": "7", "pvap": "   0,07", "e": "N", "st": "Suplente"}, {"seq": "80", "n": "45115", "vap": "18", "pvap": "   0,18", "e": "N", "st": "Suplente"}, {"seq": "38", "n": "45000", "vap": "75", "pvap": "   0,74", "e": "N", "st": "Suplente"}, {"seq": "47", "n": "45123", "vap": "56", "pvap": "   0,55", "e": "N", "st": "Suplente"}, {"seq": "9", "n": "45555", "vap": "163", "pvap": "   1,61", "e": "S", "st": "Eleito"}, {"seq": "73", "n": "45023", "vap": "22", "pvap": "   0,22", "e": "N", "st": "Suplente"}, {"seq": "25", "n": "45010", "vap": "110", "pvap": "   1,08", "e": "N", "st": "Suplente"}, {"seq": "103", "n": "45222", "vap": "7", "pvap": "   0,07", "e": "N", "st": "Suplente"}, {"seq": "64", "n": "55154", "vap": "31", "pvap": "   0,31", "e": "N", "st": "Suplente"}, {"seq": "44", "n": "55190", "vap": "60", "pvap": "   0,59", "e": "N", "st": "Suplente"}, {"seq": "61", "n": "55999", "vap": "33", "pvap": "   0,33", "e": "N", "st": "Suplente"}, {"seq": "102", "n": "55500", "vap": "7", "pvap": "   0,07", "e": "N", "st": "Suplente"}, {"seq": "74", "n": "55222", "vap": "21", "pvap": "   0,21", "e": "N", "st": "Suplente"}, {"seq": "30", "n": "55123", "vap": "96", "pvap": "   0,95", "e": "N", "st": "Suplente"}, {"seq": "19", "n": "55777", "vap": "130", "pvap": "   1,28", "e": "N", "st": "Suplente"}, {"seq": "4", "n": "55800", "vap": "283", "pvap": "   2,79", "e": "S", "st": "Eleito"}, {"seq": "107", "n": "55246", "vap": "6", "pvap": "   0,06", "e": "N", "st": "Suplente"}, {"seq": "65", "n": "55333", "vap": "31", "pvap": "   0,31", "e": "N", "st": "Suplente"}, {"seq": "70", "n": "55553", "vap": "25", "pvap": "   0,25", "e": "N", "st": "Suplente"}, {"seq": "33", "n": "55007", "vap": "88", "pvap": "   0,87", "e": "N", "st": "Suplente"}, {"seq": "68", "n": "19111", "vap": "27", "pvap": "   0,27", "e": "N", "st": "Suplente"}, {"seq": "35", "n": "19123", "vap": "78", "pvap": "   0,77", "e": "N", "st": "Suplente"}, {"seq": "59", "n": "19555", "vap": "36", "pvap": "   0,35", "e": "N", "st": "Suplente"}, {"seq": "50", "n": "19888", "vap": "48", "pvap": "   0,47", "e": "N", "st": "Suplente"}, {"seq": "20", "n": "19019", "vap": "128", "pvap": "   1,26", "e": "N", "st": "Suplente"}, {"seq": "66", "n": "19142", "vap": "28", "pvap": "   0,28", "e": "N", "st": "Suplente"}, {"seq": "11", "n": "19333", "vap": "153", "pvap": "   1,51", "e": "S", "st": "Eleito"}, {"seq": "83", "n": "19500", "vap": "16", "pvap": "   0,16", "e": "N", "st": "Suplente"}, {"seq": "71", "n": "19999", "vap": "23", "pvap": "   0,23", "e": "N", "st": "Suplente"}, {"seq": "42", "n": "19000", "vap": "64", "pvap": "   0,63", "e": "N", "st": "Suplente"}, {"seq": "69", "n": "19001", "vap": "25", "pvap": "   0,25", "e": "N", "st": "Suplente"}, {"seq": "72", "n": "19051", "vap": "22", "pvap": "   0,22", "e": "N", "st": "Suplente"}, {"seq": "53", "n": "19777", "vap": "43", "pvap": "   0,42", "e": "N", "st": "Suplente"}]}]}