{"ele": "426", "carper": "13", "t": "1", "f": "O", "esae": "N", "mnae": " ", "dg": "15/11/2020", "hg": "20:14:20", "dv": "S", "nadf": "ms98116-c0013-e000426-004-f", "abr": [{"dt": "15/11/2020", "ht": "18:59:23", "tf": "S", "and": "F", "tpabr": "MU", "cdabr": "98116", "s": "22", "st": "22", "snt": "0", "si": "22", "sni": "0", "sa": "22", "sna": "0", "pst": " 100,00", "psnt": "   0,00", "psi": " 100,00", "psni": "   0,00", "psa": " 100,00", "psna": "   0,00", "e": "6670", "ea": "6670", "ena": "0", "esi": "6670", "esni": "0", "c": "5708", "a": "962", "pea": " 100,00", "pena": "   0,00", "pesi": " 100,00", "pesni": "   0,00", "pa": "  14,42", "pc": "  85,58", "vscv": "0", "vnom": "5257", "vl": "233", "tv": "5708", "vvc": "5537", "vb": "44", "tvn": "127", "vn": "127", "vnt": "0", "vp": "0", "vv": "5490", "van": "0", "vansj": "47", "pvnom": "  95,76", "pvl": "   4,24", "pvvc": "  97,00", "pvb": "   0,78", "ptvn": "   2,22", "pvn": " 100,00", "pvnt": "   0,00", "pvp": "   0,00", "pvv": "  99,15", "pvan": "   0,00", "pvansj": "   0,85", "colig": [{"n": "120000149912", "tvtn": "1498", "tvan": "1498", "vag": "2", "tvtl": "19", "tval": "19"}, {"n": "120000134755", "tvtn": "1094", "tvan": "1094", "vag": "2", "tvtl": "23", "tval": "23"}, {"n": "120000134567", "tvtn": "508", "tvan": "555", "vag": "1", "tvtl": "70", "tval": "70"}, {"n": "120000134576", "tvtn": "1172", "tvan": "1172", "vag": "2", "tvtl": "17", "tval": "17"}, {"n": "120000134890", "tvtn": "985", "tvan": "985", "vag": "2", "tvtl": "104", "tval": "104"}], "part": [{"n": "55", "tvtn": "1498", "tvan": "1498", "tvtl": "19", "tval": "19"}, {"n": "17", "tvtn": "1094", "tvan": "1094", "tvtl": "23", "tval": "23"}, {"n": "14", "tvtn": "508", "tvan": "555", "tvtl": "70", "tval": "70"}, {"n": "13", "tvtn": "1172", "tvan": "1172", "tvtl": "17", "tval": "17"}, {"n": "45", "tvtn": "985", "tvan": "985", "tvtl": "104", "tval": "104"}], "cand": [{"seq": "18", "n": "55148", "vap": "114", "pvap": "   2,06", "e": "N", "st": "Suplente"}, {"seq": "36", "n": "55333", "vap": "32", "pvap": "   0,58", "e": "N", "st": "Suplente"}, {"seq": "11", "n": "55111", "vap": "209", "pvap": "   3,77", "e": "N", "st": "Suplente"}, {"seq": "22", "n": "55555", "vap": "88", "pvap": "   1,59", "e": "N", "st": "Suplente"}, {"seq": "33", "n": "55246", "vap": "37", "pvap": "   0,67", "e": "N", "st": "Suplente"}, {"seq": "51", "n": "55300", "vap": "12", "pvap": "   0,22", "e": "N", "st": "Suplente"}, {"seq": "19", "n": "55000", "vap": "105", "pvap": "   1,90", "e": "N", "st": "Suplente"}, {"seq": "55", "n": "55134", "vap": "7", "pvap": "   0,13", "e": "N", "st": "Suplente"}, {"seq": "12", "n": "55456", "vap": "182", "pvap": "   3,29", "e": "N", "st": "Suplente"}, {"seq": "3", "n": "55123", "vap": "277", "pvap": "   5,00", "e": "S", "st": "Eleito"}, {"seq": "8", "n": "55789", "vap": "213", "pvap": "   3,85", "e": "S", "st": "Eleito"}, {"seq": "13", "n": "55140", "vap": "166", "pvap": "   3,00", "e": "N", "st": "Suplente"}, {"seq": "58", "n": "55222", "vap": "4", "pvap": "   0,07", "e": "N", "st": "Suplente"}, {"seq": "30", "n": "55234", "vap": "52", "pvap": "   0,94", "e": "N", "st": "Suplente"}, {"seq": "17", "n": "17777", "vap": "137", "pvap": "   2,47", "e": "N", "st": "Suplente"}, {"seq": "31", "n": "17222", "vap": "48", "pvap": "   0,87", "e": "N", "st": "Suplente"}, {"seq": "4", "n": "17120", "vap": "256", "pvap": "   4,62", "e": "S", "st": "Eleito"}, {"seq": "43", "n": "17123", "vap": "23", "pvap": "   0,42", "e": "N", "st": "Suplente"}, {"seq": "53", "n": "17555", "vap": "10", "pvap": "   0,18", "e": "N", "st": "Suplente"}, {"seq": "44", "n": "17321", "vap": "22", "pvap": "   0,40", "e": "N", "st": "Suplente"}, {"seq": "42", "n": "17800", "vap": "24", "pvap": "   0,43", "e": "N", "st": "Suplente"}, {"seq": "25", "n": "17071", "vap": "63", "pvap": "   1,14", "e": "N", "st": "Suplente"}, {"seq": "20", "n": "17171", "vap": "97", "pvap": "   1,75", "e": "N", "st": "Suplente"}, {"seq": "35", "n": "17500", "vap": "34", "pvap": "   0,61", "e": "N", "st": "Suplente"}, {"seq": "15", "n": "17000", "vap": "155", "pvap": "   2,80", "e": "N", "st": "Suplente"}, {"seq": "5", "n": "17456", "vap": "225", "pvap": "   4,06", "e": "S", "st": "Eleito"}, {"seq": "27", "n": "14789", "vap": "59", "pvap": "   1,07", "e": "N", "st": "Suplente"}, {"seq": "49", "n": "14444", "vap": "17", "pvap": "   0,31", "e": "N", "st": "Suplente"}, {"seq": "60", "n": "14000", "vap": "42", "pvap": "   0,76", "e": "N", "st": "N\u00e3o eleito"}, {"seq": "54", "n": "14333", "vap": "9", "pvap": "   0,16", "e": "N", "st": "Suplente"}, {"seq": "39", "n": "14123", "vap": "26", "pvap": "   0,47", "e": "N", "st": "Suplente"}, {"seq": "52", "n": "14014", "vap": "11", "pvap": "   0,20", "e": "N", "st": "Suplente"}, {"seq": "1", "n": "14300", "vap": "341", "pvap": "   6,16", "e": "S", "st": "Eleito"}, {"seq": "48", "n": "14321", "vap": "18", "pvap": "   0,33", "e": "N", "st": "Suplente"}, {"seq": "61", "n": "14100", "vap": "5", "pvap": "   0,09", "e": "N", "st": "N\u00e3o eleito"}, {"seq": "38", "n": "14555", "vap": "27", "pvap": "   0,49", "e": "N", "st": "Suplente"}, {"seq": "10", "n": "13500", "vap": "209", "pvap": "   3,77", "e": "N", "st": "Suplente"}, {"seq": "28", "n": "13456", "vap": "56", "pvap": "   1,01", "e": "N", "st": "Suplente"}, {"seq": "2", "n": "13200", "vap": "337", "pvap": "   6,09", "e": "S", "st": "Eleito"}, {"seq": "40", "n": "13113", "vap": "26", "pvap": "   0,47", "e": "N", "st": "Suplente"}, {"seq": "29", "n": "13300", "vap": "54", "pvap": "   0,98", "e": "N", "st": "Suplente"}, {"seq": "21", "n": "13013", "vap": "95", "pvap": "   1,72", "e": "N", "st": "Suplente"}, {"seq": "59", "n": "13193", "vap": "4", "pvap": "   0,07", "e": "N", "st": "Suplente"}, {"seq": "41", "n": "13000", "vap": "25", "pvap": "   0,45", "e": "N", "st": "Suplente"}, {"seq": "24", "n": "13111", "vap": "72", "pvap": "   1,30", "e": "N", "st": "Suplente"}, {"seq": "23", "n": "13123", "vap": "75", "pvap": "   1,35", "e": "N", "st": "Suplente"}, {"seq": "6", "n": "13333", "vap": "219", "pvap": "   3,96", "e": "S", "st": "Eleito"}, {"seq": "9", "n": "45321", "vap": "206", "pvap": "   3,72", "e": "S", "st": "Eleito"}, {"seq": "47", "n": "45222", "vap": "20", "pvap": "   0,36", "e": "N", "st": "Suplente"}, {"seq": "50", "n": "45300", "vap": "14", "pvap": "   0,25", "e": "N", "st": "Suplente"}, {"seq": "57", "n": "45333", "vap": "5", "pvap": "   0,09", "e": "N", "st": "Suplente"}, {"seq": "7", "n": "45123", "vap": "218", "pvap": "   3,94", "e": "S", "st": "Eleito"}, {"seq": "16", "n": "45000", "vap": "142", "pvap": "   2,56", "e": "N", "st": "Suplente"}, {"seq": "37", "n": "45600", "vap": "29", "pvap": "   0,52", "e": "N", "st": "Suplente"}, {"seq": "26", "n": "45190", "vap": "62", "pvap": "   1,12", "e": "N", "st": "Suplente"}, {"seq": "32", "n": "45456", "vap": "41", "pvap": "   0,74", "e": "N", "st": "Suplente"}, {"seq": "46", "n": "45555", "vap": "20", "pvap": "   0,36", "e": "N", "st": "Suplente"}, {"seq": "34", "n": "45789", "vap": "36", "pvap": "   0,65", "e": "N", "st": "Suplente"}, {"seq": "14", "n": "45678", "vap": "166", "pvap": "   3,00", "e": "N", "st": "Suplente"}, {"seq": "45", "n": "45234", "vap": "20", "pvap": "   0,36", "e": "N", "st": "Suplente"}, {"seq": "56", "n": "45200", "vap": "6", "pvap": "   0,11", "e": "N", "st": "Suplente"}]}, {"dt": "15/11/2020", "ht": "18:59:23", "tf": "S", "and": "F", "tpabr": "ZONA", "cdabr": "9", "s": "22", "st": "22", "snt": "0", "si": "22", "sni": "0", "sa": "22", "sna": "0", "pst": " 100,00", "psnt": "   0,00", "psi": " 100,00", "psni": "   0,00", "psa": " 100,00", "psna": "   0,00", "e": "6670", "ea": "6670", "ena": "0", "esi": "6670", "esni": "0", "a": "962", "c": "5708", "pea": " 100,00", "pena": "   0,00", "pesi": " 100,00", "pesni": "   0,00", "pa": "  14,42", "pc": "  85,58", "vnom": "5257", "vscv": "0", "vl": "233", "tv": "5708", "vvc": "5537", "vb": "44", "tvn": "127", "vn": "127", "vnt": "0", "vp": "0", "vv": "5490", "van": "0", "vansj": "47", "pvnom": "  95,76", "pvl": "   4,24", "pvvc": "  97,00", "pvb": "   0,78", "ptvn": "   2,22", "pvn": " 100,00", "pvnt": "   0,00", "pvp": "   0,00", "pvv": "  99,15", "pvan": "   0,00", "pvansj": "   0,85", "cand": [{"seq": "59", "n": "13193", "vap": "4", "pvap": "   0,07", "e": "N", "st": "Suplente"}, {"seq": "28", "n": "13456", "vap": "56", "pvap": "   1,01", "e": "N", "st": "Suplente"}, {"seq": "41", "n": "13000", "vap": "25", "pvap": "   0,45", "e": "N", "st": "Suplente"}, {"seq": "21", "n": "13013", "vap": "95", "pvap": "   1,72", "e": "N", "st": "Suplente"}, {"seq": "2", "n": "13200", "vap": "337", "pvap": "   6,09", "e": "S", "st": "Eleito"}, {"seq": "29", "n": "13300", "vap": "54", "pvap": "   0,98", "e": "N", "st": "Suplente"}, {"seq": "10", "n": "13500", "vap": "209", "pvap": "   3,77", "e": "N", "st": "Suplente"}, {"seq": "24", "n": "13111", "vap": "72", "pvap": "   1,30", "e": "N", "st": "Suplente"}, {"seq": "23", "n": "13123", "vap": "75", "pvap": "   1,35", "e": "N", "st": "Suplente"}, {"seq": "40", "n": "13113", "vap": "26", "pvap": "   0,47", "e": "N", "st": "Suplente"}, {"seq": "6", "n": "13333", "vap": "219", "pvap": "   3,96", "e": "S", "st": "Eleito"}, {"seq": "50", "n": "45300", "vap": "14", "pvap": "   0,25", "e": "N", "st": "Suplente"}, {"seq": "46", "n": "45555", "vap": "20", "pvap": "   0,36", "e": "N", "st": "Suplente"}, {"seq": "14", "n": "45678", "vap": "166", "pvap": "   3,00", "e": "N", "st": "Suplente"}, {"seq": "37", "n": "45600", "vap": "29", "pvap": "   0,52", "e": "N", "st": "Suplente"}, {"seq": "57", "n": "45333", "vap": "5", "pvap": "   0,09", "e": "N", "st": "Suplente"}, {"seq": "32", "n": "45456", "vap": "41", "pvap": "   0,74", "e": "N", "st": "Suplente"}, {"seq": "34", "n": "45789", "vap": "36", "pvap": "   0,65", "e": "N", "st": "Suplente"}, {"seq": "56", "n": "45200", "vap": "6", "pvap": "   0,11", "e": "N", "st": "Suplente"}, {"seq": "9", "n": "45321", "vap": "206", "pvap": "   3,72", "e": "S", "st": "Eleito"}, {"seq": "47", "n": "45222", "vap": "20", "pvap": "   0,36", "e": "N", "st": "Suplente"}, {"seq": "45", "n": "45234", "vap": "20", "pvap": "   0,36", "e": "N", "st": "Suplente"}, {"seq": "16", "n": "45000", "vap": "142", "pvap": "   2,56", "e": "N", "st": "Suplente"}, {"seq": "7", "n": "45123", "vap": "218", "pvap": "   3,94", "e": "S", "st": "Eleito"}, {"seq": "26", "n": "45190", "vap": "62", "pvap": "   1,12", "e": "N", "st": "Suplente"}, {"seq": "27", "n": "14789", "vap": "59", "pvap": "   1,07", "e": "N", "st": "Suplente"}, {"seq": "38", "n": "14555", "vap": "27", "pvap": "   0,49", "e": "N", "st": "Suplente"}, {"seq": "49", "n": "14444", "vap": "17", "pvap": "   0,31", "e": "N", "st": "Suplente"}, {"seq": "54", "n": "14333", "vap": "9", "pvap": "   0,16", "e": "N", "st": "Suplente"}, {"seq": "1", "n": "14300", "vap": "341", "pvap": "   6,16", "e": "S", "st": "Eleito"}, {"seq": "61", "n": "14100", "vap": "5", "pvap": "   0,09", "e": "N", "st": "N\u00e3o eleito"}, {"seq": "60", "n": "14000", "vap": "42", "pvap": "   0,76", "e": "N", "st": "N\u00e3o eleito"}, {"seq": "48", "n": "14321", "vap": "18", "pvap": "   0,33", "e": "N", "st": "Suplente"}, {"seq": "39", "n": "14123", "vap": "26", "pvap": "   0,47", "e": "N", "st": "Suplente"}, {"seq": "52", "n": "14014", "vap": "11", "pvap": "   0,20", "e": "N", "st": "Suplente"}, {"seq": "20", "n": "17171", "vap": "97", "pvap": "   1,75", "e": "N", "st": "Suplente"}, {"seq": "35", "n": "17500", "vap": "34", "pvap": "   0,61", "e": "N", "st": "Suplente"}, {"seq": "44", "n": "17321", "vap": "22", "pvap": "   0,40", "e": "N", "st": "Suplente"}, {"seq": "53", "n": "17555", "vap": "10", "pvap": "   0,18", "e": "N", "st": "Suplente"}, {"seq": "43", "n": "17123", "vap": "23", "pvap": "   0,42", "e": "N", "st": "Suplente"}, {"seq": "5", "n": "17456", "vap": "225", "pvap": "   4,06", "e": "S", "st": "Eleito"}, {"seq": "25", "n": "17071", "vap": "63", "pvap": "   1,14", "e": "N", "st": "Suplente"}, {"seq": "42", "n": "17800", "vap": "24", "pvap": "   0,43", "e": "N", "st": "Suplente"}, {"seq": "15", "n": "17000", "vap": "155", "pvap": "   2,80", "e": "N", "st": "Suplente"}, {"seq": "31", "n": "17222", "vap": "48", "pvap": "   0,87", "e": "N", "st": "Suplente"}, {"seq": "17", "n": "17777", "vap": "137", "pvap": "   2,47", "e": "N", "st": "Suplente"}, {"seq": "4", "n": "17120", "vap": "256", "pvap": "   4,62", "e": "S", "st": "Eleito"}, {"seq": "11", "n": "55111", "vap": "209", "pvap": "   3,77", "e": "N", "st": "Suplente"}, {"seq": "8", "n": "55789", "vap": "213", "pvap": "   3,85", "e": "S", "st": "Eleito"}, {"seq": "3", "n": "55123", "vap": "277", "pvap": "   5,00", "e": "S", "st": "Eleito"}, {"seq": "18", "n": "55148", "vap": "114", "pvap": "   2,06", "e": "N", "st": "Suplente"}, {"seq": "58", "n": "55222", "vap": "4", "pvap": "   0,07", "e": "N", "st": "Suplente"}, {"seq": "36", "n": "55333", "vap": "32", "pvap": "   0,58", "e": "N", "st": "Suplente"}, {"seq": "22", "n": "55555", "vap": "88", "pvap": "   1,59", "e": "N", "st": "Suplente"}, {"seq": "55", "n": "55134", "vap": "7", "pvap": "   0,13", "e": "N", "st": "Suplente"}, {"seq": "13", "n": "55140", "vap": "166", "pvap": "   3,00", "e": "N", "st": "Suplente"}, {"seq": "19", "n": "55000", "vap": "105", "pvap": "   1,90", "e": "N", "st": "Suplente"}, {"seq": "30", "n": "55234", "vap": "52", "pvap": "   0,94", "e": "N", "st": "Suplente"}, {"seq": "33", "n": "55246", "vap": "37", "pvap": "   0,67", "e": "N", "st": "Suplente"}, {"seq": "51", "n": "55300", "vap": "12", "pvap": "   0,22", "e": "N", "st": "Suplente"}, {"seq": "12", "n": "55456", "vap": "182", "pvap": "   3,29", "e": "N", "st": "Suplente"}]}]}