{"ele": "426", "carper": "13", "t": "1", "f": "O", "esae": "N", "mnae": " ", "dg": "15/11/2020", "hg": "22:38:42", "dv": "S", "nadf": "mt89958-c0013-e000426-003-f", "abr": [{"dt": "15/11/2020", "ht": "21:37:43", "tf": "S", "and": "F", "tpabr": "MU", "cdabr": "89958", "s": "10", "st": "10", "snt": "0", "si": "10", "sni": "0", "sa": "10", "sna": "0", "pst": " 100,00", "psnt": "   0,00", "psi": " 100,00", "psni": "   0,00", "psa": " 100,00", "psna": "   0,00", "e": "3893", "ea": "3893", "ena": "0", "esi": "3893", "esni": "0", "c": "3109", "a": "784", "pea": " 100,00", "pena": "   0,00", "pesi": " 100,00", "pesni": "   0,00", "pa": "  20,14", "pc": "  79,86", "vscv": "0", "vnom": "2851", "vl": "142", "tv": "3109", "vvc": "2993", "vb": "34", "tvn": "82", "vn": "81", "vnt": "1", "vp": "0", "vv": "2993", "van": "0", "vansj": "0", "pvnom": "  95,26", "pvl": "   4,74", "pvvc": "  96,27", "pvb": "   1,09", "ptvn": "   2,64", "pvn": "  98,78", "pvnt": "   1,22", "pvp": "   0,00", "pvv": " 100,00", "pvan": "   0,00", "pvansj": "   0,00", "colig": [{"n": "110000087617", "tvtn": "754", "tvan": "754", "vag": "3", "tvtl": "50", "tval": "50"}, {"n": "110000128387", "tvtn": "649", "tvan": "649", "vag": "2", "tvtl": "13", "tval": "13"}, {"n": "110000128817", "tvtn": "163", "tvan": "163", "vag": "0", "tvtl": "8", "tval": "8"}, {"n": "110000151882", "tvtn": "175", "tvan": "175", "vag": "0", "tvtl": "15", "tval": "15"}, {"n": "110000088275", "tvtn": "859", "tvan": "860", "vag": "3", "tvtl": "50", "tval": "50"}, {"n": "110000151525", "tvtn": "251", "tvan": "251", "vag": "1", "tvtl": "6", "tval": "6"}], "part": [{"n": "11", "tvtn": "754", "tvan": "754", "tvtl": "50", "tval": "50"}, {"n": "10", "tvtn": "649", "tvan": "649", "tvtl": "13", "tval": "13"}, {"n": "77", "tvtn": "163", "tvan": "163", "tvtl": "8", "tval": "8"}, {"n": "51", "tvtn": "175", "tvan": "175", "tvtl": "15", "tval": "15"}, {"n": "45", "tvtn": "859", "tvan": "859", "tvtl": "50", "tval": "50"}, {"n": "15", "tvtn": "251", "tvan": "251", "tvtl": "6", "tval": "6"}], "cand": [{"seq": "21", "n": "11000", "vap": "33", "pvap": "   1,10", "e": "N", "st": "Suplente"}, {"seq": "9", "n": "11456", "vap": "117", "pvap": "   3,91", "e": "S", "st": "Eleito"}, {"seq": "20", "n": "11567", "vap": "35", "pvap": "   1,17", "e": "N", "st": "Suplente"}, {"seq": "24", "n": "11333", "vap": "19", "pvap": "   0,63", "e": "N", "st": "Suplente"}, {"seq": "25", "n": "11234", "vap": "16", "pvap": "   0,53", "e": "N", "st": "Suplente"}, {"seq": "8", "n": "11111", "vap": "119", "pvap": "   3,98", "e": "S", "st": "Eleito"}, {"seq": "16", "n": "11444", "vap": "68", "pvap": "   2,27", "e": "N", "st": "Suplente"}, {"seq": "14", "n": "11555", "vap": "77", "pvap": "   2,57", "e": "N", "st": "Suplente"}, {"seq": "2", "n": "11123", "vap": "192", "pvap": "   6,41", "e": "S", "st": "Eleito"}, {"seq": "13", "n": "11222", "vap": "78", "pvap": "   2,61", "e": "N", "st": "Suplente"}, {"seq": "11", "n": "10111", "vap": "113", "pvap": "   3,78", "e": "N", "st": "Suplente"}, {"seq": "34", "n": "10333", "vap": "6", "pvap": "   0,20", "e": "N", "st": "Suplente"}, {"seq": "1", "n": "10000", "vap": "230", "pvap": "   7,68", "e": "S", "st": "Eleito"}, {"seq": "6", "n": "10999", "vap": "150", "pvap": "   5,01", "e": "S", "st": "Eleito"}, {"seq": "38", "n": "10555", "vap": "3", "pvap": "   0,10", "e": "N", "st": "Suplente"}, {"seq": "17", "n": "10888", "vap": "67", "pvap": "   2,24", "e": "N", "st": "Suplente"}, {"seq": "35", "n": "10222", "vap": "5", "pvap": "   0,17", "e": "N", "st": "Suplente"}, {"seq": "15", "n": "10001", "vap": "75", "pvap": "   2,51", "e": "N", "st": "Suplente"}, {"seq": "50", "n": "77444", "vap": "5", "pvap": "   0,17", "e": "N", "st": "N\u00e3o eleito"}, {"seq": "41", "n": "77000", "vap": "85", "pvap": "   2,84", "e": "N", "st": "N\u00e3o eleito"}, {"seq": "43", "n": "77666", "vap": "21", "pvap": "   0,70", "e": "N", "st": "N\u00e3o eleito"}, {"seq": "45", "n": "77111", "vap": "14", "pvap": "   0,47", "e": "N", "st": "N\u00e3o eleito"}, {"seq": "42", "n": "77555", "vap": "38", "pvap": "   1,27", "e": "N", "st": "N\u00e3o eleito"}, {"seq": "44", "n": "51321", "vap": "15", "pvap": "   0,50", "e": "N", "st": "N\u00e3o eleito"}, {"seq": "47", "n": "51189", "vap": "11", "pvap": "   0,37", "e": "N", "st": "N\u00e3o eleito"}, {"seq": "48", "n": "51380", "vap": "6", "pvap": "   0,20", "e": "N", "st": "N\u00e3o eleito"}, {"seq": "46", "n": "51134", "vap": "12", "pvap": "   0,40", "e": "N", "st": "N\u00e3o eleito"}, {"seq": "51", "n": "51756", "vap": "4", "pvap": "   0,13", "e": "N", "st": "N\u00e3o eleito"}, {"seq": "49", "n": "51456", "vap": "5", "pvap": "   0,17", "e": "N", "st": "N\u00e3o eleito"}, {"seq": "40", "n": "51234", "vap": "121", "pvap": "   4,04", "e": "N", "st": "N\u00e3o eleito"}, {"seq": "52", "n": "51231", "vap": "1", "pvap": "   0,03", "e": "N", "st": "N\u00e3o eleito"}, {"seq": "33", "n": "45888", "vap": "6", "pvap": "   0,20", "e": "N", "st": "Suplente"}, {"seq": "18", "n": "45678", "vap": "64", "pvap": "   2,14", "e": "N", "st": "Suplente"}, {"seq": "26", "n": "45045", "vap": "16", "pvap": "   0,53", "e": "N", "st": "Suplente"}, {"seq": "23", "n": "45500", "vap": "22", "pvap": "   0,74", "e": "N", "st": "Suplente"}, {"seq": "5", "n": "45777", "vap": "152", "pvap": "   5,08", "e": "S", "st": "Eleito"}, {"seq": "37", "n": "45333", "vap": "3", "pvap": "   0,10", "e": "N", "st": "Suplente"}, {"seq": "30", "n": "45250", "vap": "12", "pvap": "   0,40", "e": "N", "st": "Suplente"}, {"seq": "4", "n": "45123", "vap": "160", "pvap": "   5,35", "e": "S", "st": "Eleito"}, {"seq": "10", "n": "45666", "vap": "133", "pvap": "   4,44", "e": "N", "st": "Suplente"}, {"seq": "3", "n": "45000", "vap": "188", "pvap": "   6,28", "e": "S", "st": "Eleito"}, {"seq": "31", "n": "45444", "vap": "11", "pvap": "   0,37", "e": "N", "st": "Suplente"}, {"seq": "12", "n": "45555", "vap": "92", "pvap": "   3,07", "e": "N", "st": "Suplente"}, {"seq": "22", "n": "15000", "vap": "25", "pvap": "   0,84", "e": "N", "st": "Suplente"}, {"seq": "29", "n": "15777", "vap": "14", "pvap": "   0,47", "e": "N", "st": "Suplente"}, {"seq": "36", "n": "15333", "vap": "3", "pvap": "   0,10", "e": "N", "st": "Suplente"}, {"seq": "27", "n": "15222", "vap": "16", "pvap": "   0,53", "e": "N", "st": "Suplente"}, {"seq": "28", "n": "15234", "vap": "16", "pvap": "   0,53", "e": "N", "st": "Suplente"}, {"seq": "32", "n": "15111", "vap": "8", "pvap": "   0,27", "e": "N", "st": "Suplente"}, {"seq": "7", "n": "15015", "vap": "123", "pvap": "   4,11", "e": "S", "st": "Eleito"}, {"seq": "39", "n": "15123", "vap": "2", "pvap": "   0,07", "e": "N", "st": "Suplente"}, {"seq": "19", "n": "15555", "vap": "44", "pvap": "   1,47", "e": "N", "st": "Suplente"}]}, {"dt": "15/11/2020", "ht": "21:37:43", "tf": "S", "and": "F", "tpabr": "ZONA", "cdabr": "52", "s": "10", "st": "10", "snt": "0", "si": "10", "sni": "0", "sa": "10", "sna": "0", "pst": " 100,00", "psnt": "   0,00", "psi": " 100,00", "psni": "   0,00", "psa": " 100,00", "psna": "   0,00", "e": "3893", "ea": "3893", "ena": "0", "esi": "3893", "esni": "0", "a": "784", "c": "3109", "pea": " 100,00", "pena": "   0,00", "pesi": " 100,00", "pesni": "   0,00", "pa": "  20,14", "pc": "  79,86", "vnom": "2851", "vscv": "0", "vl": "142", "tv": "3109", "vvc": "2993", "vb": "34", "tvn": "82", "vn": "81", "vnt": "1", "vp": "0", "vv": "2993", "van": "0", "vansj": "0", "pvnom": "  95,26", "pvl": "   4,74", "pvvc": "  96,27", "pvb": "   1,09", "ptvn": "   2,64", "pvn": "  98,78", "pvnt": "   1,22", "pvp": "   0,00", "pvv": " 100,00", "pvan": "   0,00", "pvansj": "   0,00", "cand": [{"seq": "9", "n": "11456", "vap": "117", "pvap": "   3,91", "e": "S", "st": "Eleito"}, {"seq": "2", "n": "11123", "vap": "192", "pvap": "   6,41", "e": "S", "st": "Eleito"}, {"seq": "8", "n": "11111", "vap": "119", "pvap": "   3,98", "e": "S", "st": "Eleito"}, {"seq": "20", "n": "11567", "vap": "35", "pvap": "   1,17", "e": "N", "st": "Suplente"}, {"seq": "13", "n": "11222", "vap": "78", "pvap": "   2,61", "e": "N", "st": "Suplente"}, {"seq": "21", "n": "11000", "vap": "33", "pvap": "   1,10", "e": "N", "st": "Suplente"}, {"seq": "14", "n": "11555", "vap": "77", "pvap": "   2,57", "e": "N", "st": "Suplente"}, {"seq": "25", "n": "11234", "vap": "16", "pvap": "   0,53", "e": "N", "st": "Suplente"}, {"seq": "16", "n": "11444", "vap": "68", "pvap": "   2,27", "e": "N", "st": "Suplente"}, {"seq": "24", "n": "11333", "vap": "19", "pvap": "   0,63", "e": "N", "st": "Suplente"}, {"seq": "44", "n": "51321", "vap": "15", "pvap": "   0,50", "e": "N", "st": "N\u00e3o eleito"}, {"seq": "52", "n": "51231", "vap": "1", "pvap": "   0,03", "e": "N", "st": "N\u00e3o eleito"}, {"seq": "46", "n": "51134", "vap": "12", "pvap": "   0,40", "e": "N", "st": "N\u00e3o eleito"}, {"seq": "40", "n": "51234", "vap": "121", "pvap": "   4,04", "e": "N", "st": "N\u00e3o eleito"}, {"seq": "51", "n": "51756", "vap": "4", "pvap": "   0,13", "e": "N", "st": "N\u00e3o eleito"}, {"seq": "49", "n": "51456", "vap": "5", "pvap": "   0,17", "e": "N", "st": "N\u00e3o eleito"}, {"seq": "48", "n": "51380", "vap": "6", "pvap": "   0,20", "e": "N", "st": "N\u00e3o eleito"}, {"seq": "47", "n": "51189", "vap": "11", "pvap": "   0,37", "e": "N", "st": "N\u00e3o eleito"}, {"seq": "39", "n": "15123", "vap": "2", "pvap": "   0,07", "e": "N", "st": "Suplente"}, {"seq": "27", "n": "15222", "vap": "16", "pvap": "   0,53", "e": "N", "st": "Suplente"}, {"seq": "22", "n": "15000", "vap": "25", "pvap": "   0,84", "e": "N", "st": "Suplente"}, {"seq": "36", "n": "15333", "vap": "3", "pvap": "   0,10", "e": "N", "st": "Suplente"}, {"seq": "19", "n": "15555", "vap": "44", "pvap": "   1,47", "e": "N", "st": "Suplente"}, {"seq": "29", "n": "15777", "vap": "14", "pvap": "   0,47", "e": "N", "st": "Suplente"}, {"seq": "28", "n": "15234", "vap": "16", "pvap": "   0,53", "e": "N", "st": "Suplente"}, {"seq": "7", "n": "15015", "vap": "123", "pvap": "   4,11", "e": "S", "st": "Eleito"}, {"seq": "32", "n": "15111", "vap": "8", "pvap": "   0,27", "e": "N", "st": "Suplente"}, {"seq": "10", "n": "45666", "vap": "133", "pvap": "   4,44", "e": "N", "st": "Suplente"}, {"seq": "12", "n": "45555", "vap": "92", "pvap": "   3,07", "e": "N", "st": "Suplente"}, {"seq": "18", "n": "45678", "vap": "64", "pvap": "   2,14", "e": "N", "st": "Suplente"}, {"seq": "23", "n": "45500", "vap": "22", "pvap": "   0,74", "e": "N", "st": "Suplente"}, {"seq": "3", "n": "45000", "vap": "188", "pvap": "   6,28", "e": "S", "st": "Eleito"}, {"seq": "26", "n": "45045", "vap": "16", "pvap": "   0,53", "e": "N", "st": "Suplente"}, {"seq": "4", "n": "45123", "vap": "160", "pvap": "   5,35", "e": "S", "st": "Eleito"}, {"seq": "33", "n": "45888", "vap": "6", "pvap": "   0,20", "e": "N", "st": "Suplente"}, {"seq": "37", "n": "45333", "vap": "3", "pvap": "   0,10", "e": "N", "st": "Suplente"}, {"seq": "30", "n": "45250", "vap": "12", "pvap": "   0,40", "e": "N", "st": "Suplente"}, {"seq": "5", "n": "45777", "vap": "152", "pvap": "   5,08", "e": "S", "st": "Eleito"}, {"seq": "31", "n": "45444", "vap": "11", "pvap": "   0,37", "e": "N", "st": "Suplente"}, {"seq": "17", "n": "10888", "vap": "67", "pvap": "   2,24", "e": "N", "st": "Suplente"}, {"seq": "38", "n": "10555", "vap": "3", "pvap": "   0,10", "e": "N", "st": "Suplente"}, {"seq": "1", "n": "10000", "vap": "230", "pvap": "   7,68", "e": "S", "st": "Eleito"}, {"seq": "11", "n": "10111", "vap": "113", "pvap": "   3,78", "e": "N", "st": "Suplente"}, {"seq": "15", "n": "10001", "vap": "75", "pvap": "   2,51", "e": "N", "st": "Suplente"}, {"seq": "6", "n": "10999", "vap": "150", "pvap": "   5,01", "e": "S", "st": "Eleito"}, {"seq": "34", "n": "10333", "vap": "6", "pvap": "   0,20", "e": "N", "st": "Suplente"}, {"seq": "35", "n": "10222", "vap": "5", "pvap": "   0,17", "e": "N", "st": "Suplente"}, {"seq": "50", "n": "77444", "vap": "5", "pvap": "   0,17", "e": "N", "st": "N\u00e3o eleito"}, {"seq": "43", "n": "77666", "vap": "21", "pvap": "   0,70", "e": "N", "st": "N\u00e3o eleito"}, {"seq": "45", "n": "77111", "vap": "14", "pvap": "   0,47", "e": "N", "st": "N\u00e3o eleito"}, {"seq": "41", "n": "77000", "vap": "85", "pvap": "   2,84", "e": "N", "st": "N\u00e3o eleito"}, {"seq": "42", "n": "77555", "vap": "38", "pvap": "   1,27", "e": "N", "st": "N\u00e3o eleito"}]}]}