{"ele": "426", "carper": "13", "t": "1", "f": "O", "esae": "N", "mnae": " ", "dg": "15/11/2020", "hg": "22:15:47", "dv": "S", "nadf": "mt90441-c0013-e000426-002-f", "abr": [{"dt": "15/11/2020", "ht": "21:11:05", "tf": "S", "and": "F", "tpabr": "MU", "cdabr": "90441", "s": "6", "st": "6", "snt": "0", "si": "6", "sni": "0", "sa": "6", "sna": "0", "pst": " 100,00", "psnt": "   0,00", "psi": " 100,00", "psni": "   0,00", "psa": " 100,00", "psna": "   0,00", "e": "2109", "ea": "2109", "ena": "0", "esi": "2109", "esni": "0", "c": "1828", "a": "281", "pea": " 100,00", "pena": "   0,00", "pesi": " 100,00", "pesni": "   0,00", "pa": "  13,32", "pc": "  86,68", "vscv": "0", "vnom": "1703", "vl": "59", "tv": "1828", "vvc": "1762", "vb": "7", "tvn": "59", "vn": "59", "vnt": "0", "vp": "0", "vv": "1762", "van": "0", "vansj": "0", "pvnom": "  96,65", "pvl": "   3,35", "pvvc": "  96,39", "pvb": "   0,38", "ptvn": "   3,23", "pvn": " 100,00", "pvnt": "   0,00", "pvp": "   0,00", "pvv": " 100,00", "pvan": "   0,00", "pvansj": "   0,00", "colig": [{"n": "110000070607", "tvtn": "772", "tvan": "772", "vag": "4", "tvtl": "18", "tval": "18"}, {"n": "110000060474", "tvtn": "931", "tvan": "931", "vag": "5", "tvtl": "41", "tval": "41"}], "part": [{"n": "25", "tvtn": "772", "tvan": "772", "tvtl": "18", "tval": "18"}, {"n": "45", "tvtn": "931", "tvan": "931", "tvtl": "41", "tval": "41"}], "cand": [{"seq": "6", "n": "25678", "vap": "108", "pvap": "   6,13", "e": "S", "st": "Eleito"}, {"seq": "17", "n": "25025", "vap": "36", "pvap": "   2,04", "e": "N", "st": "Suplente"}, {"seq": "18", "n": "25333", "vap": "30", "pvap": "   1,70", "e": "N", "st": "Suplente"}, {"seq": "16", "n": "25444", "vap": "50", "pvap": "   2,84", "e": "N", "st": "Suplente"}, {"seq": "14", "n": "25111", "vap": "58", "pvap": "   3,29", "e": "N", "st": "Suplente"}, {"seq": "4", "n": "25555", "vap": "128", "pvap": "   7,26", "e": "S", "st": "Eleito"}, {"seq": "5", "n": "25123", "vap": "118", "pvap": "   6,70", "e": "S", "st": "Eleito"}, {"seq": "10", "n": "25666", "vap": "83", "pvap": "   4,71", "e": "N", "st": "Suplente"}, {"seq": "1", "n": "25000", "vap": "161", "pvap": "   9,14", "e": "S", "st": "Eleito"}, {"seq": "9", "n": "45123", "vap": "83", "pvap": "   4,71", "e": "S", "st": "Eleito"}, {"seq": "8", "n": "45000", "vap": "85", "pvap": "   4,82", "e": "S", "st": "Eleito"}, {"seq": "13", "n": "45045", "vap": "65", "pvap": "   3,69", "e": "N", "st": "Suplente"}, {"seq": "11", "n": "45225", "vap": "82", "pvap": "   4,65", "e": "N", "st": "Suplente"}, {"seq": "21", "n": "45111", "vap": "16", "pvap": "   0,91", "e": "N", "st": "Suplente"}, {"seq": "20", "n": "45777", "vap": "23", "pvap": "   1,31", "e": "N", "st": "Suplente"}, {"seq": "19", "n": "45555", "vap": "23", "pvap": "   1,31", "e": "N", "st": "Suplente"}, {"seq": "7", "n": "45666", "vap": "106", "pvap": "   6,02", "e": "S", "st": "Eleito"}, {"seq": "2", "n": "45222", "vap": "160", "pvap": "   9,08", "e": "S", "st": "Eleito"}, {"seq": "12", "n": "45999", "vap": "80", "pvap": "   4,54", "e": "N", "st": "Suplente"}, {"seq": "3", "n": "45678", "vap": "153", "pvap": "   8,68", "e": "S", "st": "Eleito"}, {"seq": "15", "n": "45444", "vap": "55", "pvap": "   3,12", "e": "N", "st": "Suplente"}]}, {"dt": "15/11/2020", "ht": "21:11:05", "tf": "S", "and": "F", "tpabr": "ZONA", "cdabr": "9", "s": "6", "st": "6", "snt": "0", "si": "6", "sni": "0", "sa": "6", "sna": "0", "pst": " 100,00", "psnt": "   0,00", "psi": " 100,00", "psni": "   0,00", "psa": " 100,00", "psna": "   0,00", "e": "2109", "ea": "2109", "ena": "0", "esi": "2109", "esni": "0", "a": "281", "c": "1828", "pea": " 100,00", "pena": "   0,00", "pesi": " 100,00", "pesni": "   0,00", "pa": "  13,32", "pc": "  86,68", "vnom": "1703", "vscv": "0", "vl": "59", "tv": "1828", "vvc": "1762", "vb": "7", "tvn": "59", "vn": "59", "vnt": "0", "vp": "0", "vv": "1762", "van": "0", "vansj": "0", "pvnom": "  96,65", "pvl": "   3,35", "pvvc": "  96,39", "pvb": "   0,38", "ptvn": "   3,23", "pvn": " 100,00", "pvnt": "   0,00", "pvp": "   0,00", "pvv": " 100,00", "pvan": "   0,00", "pvansj": "   0,00", "cand": [{"seq": "1", "n": "25000", "vap": "161", "pvap": "   9,14", "e": "S", "st": "Eleito"}, {"seq": "4", "n": "25555", "vap": "128", "pvap": "   7,26", "e": "S", "st": "Eleito"}, {"seq": "5", "n": "25123", "vap": "118", "pvap": "   6,70", "e": "S", "st": "Eleito"}, {"seq": "6", "n": "25678", "vap": "108", "pvap": "   6,13", "e": "S", "st": "Eleito"}, {"seq": "10", "n": "25666", "vap": "83", "pvap": "   4,71", "e": "N", "st": "Suplente"}, {"seq": "14", "n": "25111", "vap": "58", "pvap": "   3,29", "e": "N", "st": "Suplente"}, {"seq": "16", "n": "25444", "vap": "50", "pvap": "   2,84", "e": "N", "st": "Suplente"}, {"seq": "17", "n": "25025", "vap": "36", "pvap": "   2,04", "e": "N", "st": "Suplente"}, {"seq": "18", "n": "25333", "vap": "30", "pvap": "   1,70", "e": "N", "st": "Suplente"}, {"seq": "2", "n": "45222", "vap": "160", "pvap": "   9,08", "e": "S", "st": "Eleito"}, {"seq": "3", "n": "45678", "vap": "153", "pvap": "   8,68", "e": "S", "st": "Eleito"}, {"seq": "7", "n": "45666", "vap": "106", "pvap": "   6,02", "e": "S", "st": "Eleito"}, {"seq": "8", "n": "45000", "vap": "85", "pvap": "   4,82", "e": "S", "st": "Eleito"}, {"seq": "9", "n": "45123", "vap": "83", "pvap": "   4,71", "e": "S", "st": "Eleito"}, {"seq": "11", "n": "45225", "vap": "82", "pvap": "   4,65", "e": "N", "st": "Suplente"}, {"seq": "12", "n": "45999", "vap": "80", "pvap": "   4,54", "e": "N", "st": "Suplente"}, {"seq": "13", "n": "45045", "vap": "65", "pvap": "   3,69", "e": "N", "st": "Suplente"}, {"seq": "15", "n": "45444", "vap": "55", "pvap": "   3,12", "e": "N", "st": "Suplente"}, {"seq": "19", "n": "45555", "vap": "23", "pvap": "   1,31", "e": "N", "st": "Suplente"}, {"seq": "20", "n": "45777", "vap": "23", "pvap": "   1,31", "e": "N", "st": "Suplente"}, {"seq": "21", "n": "45111", "vap": "16", "pvap": "   0,91", "e": "N", "st": "Suplente"}]}]}