{"ele": "426", "carper": "13", "t": "1", "f": "O", "esae": "N", "mnae": " ", "dg": "15/11/2020", "hg": "22:38:39", "dv": "S", "nadf": "mt99031-c0013-e000426-002-f", "abr": [{"dt": "15/11/2020", "ht": "21:30:22", "tf": "S", "and": "F", "tpabr": "MU", "cdabr": "99031", "s": "7", "st": "7", "snt": "0", "si": "7", "sni": "0", "sa": "7", "sna": "0", "pst": " 100,00", "psnt": "   0,00", "psi": " 100,00", "psni": "   0,00", "psa": " 100,00", "psna": "   0,00", "e": "3085", "ea": "3085", "ena": "0", "esi": "3085", "esni": "0", "c": "2536", "a": "549", "pea": " 100,00", "pena": "   0,00", "pesi": " 100,00", "pesni": "   0,00", "pa": "  17,80", "pc": "  82,20", "vscv": "0", "vnom": "2343", "vl": "103", "tv": "2536", "vvc": "2446", "vb": "19", "tvn": "71", "vn": "71", "vnt": "0", "vp": "0", "vv": "2446", "van": "0", "vansj": "0", "pvnom": "  95,79", "pvl": "   4,21", "pvvc": "  96,45", "pvb": "   0,75", "ptvn": "   2,80", "pvn": " 100,00", "pvnt": "   0,00", "pvp": "   0,00", "pvv": " 100,00", "pvan": "   0,00", "pvansj": "   0,00", "colig": [{"n": "110000100346", "tvtn": "944", "tvan": "944", "vag": "4", "tvtl": "47", "tval": "47"}, {"n": "110000059399", "tvtn": "1399", "tvan": "1399", "vag": "5", "tvtl": "56", "tval": "56"}], "part": [{"n": "55", "tvtn": "944", "tvan": "944", "tvtl": "47", "tval": "47"}, {"n": "10", "tvtn": "1399", "tvan": "1399", "tvtl": "56", "tval": "56"}], "cand": [{"seq": "20", "n": "55000", "vap": "47", "pvap": "   1,92", "e": "N", "st": "Suplente"}, {"seq": "1", "n": "55333", "vap": "229", "pvap": "   9,36", "e": "S", "st": "Eleito"}, {"seq": "6", "n": "55111", "vap": "122", "pvap": "   4,99", "e": "S", "st": "Eleito"}, {"seq": "9", "n": "55222", "vap": "84", "pvap": "   3,43", "e": "S", "st": "Eleito"}, {"seq": "17", "n": "55234", "vap": "63", "pvap": "   2,58", "e": "N", "st": "Suplente"}, {"seq": "8", "n": "55123", "vap": "115", "pvap": "   4,70", "e": "S", "st": "Eleito"}, {"seq": "25", "n": "55235", "vap": "12", "pvap": "   0,49", "e": "N", "st": "Suplente"}, {"seq": "16", "n": "55456", "vap": "70", "pvap": "   2,86", "e": "N", "st": "Suplente"}, {"seq": "13", "n": "55555", "vap": "81", "pvap": "   3,31", "e": "N", "st": "Suplente"}, {"seq": "21", "n": "55789", "vap": "37", "pvap": "   1,51", "e": "N", "st": "Suplente"}, {"seq": "23", "n": "55999", "vap": "33", "pvap": "   1,35", "e": "N", "st": "Suplente"}, {"seq": "19", "n": "55655", "vap": "51", "pvap": "   2,09", "e": "N", "st": "Suplente"}, {"seq": "4", "n": "10678", "vap": "169", "pvap": "   6,91", "e": "S", "st": "Eleito"}, {"seq": "12", "n": "10333", "vap": "85", "pvap": "   3,48", "e": "N", "st": "Suplente"}, {"seq": "2", "n": "10123", "vap": "205", "pvap": "   8,38", "e": "S", "st": "Eleito"}, {"seq": "24", "n": "10111", "vap": "22", "pvap": "   0,90", "e": "N", "st": "Suplente"}, {"seq": "22", "n": "10001", "vap": "33", "pvap": "   1,35", "e": "N", "st": "Suplente"}, {"seq": "15", "n": "10888", "vap": "76", "pvap": "   3,11", "e": "N", "st": "Suplente"}, {"seq": "3", "n": "10000", "vap": "193", "pvap": "   7,89", "e": "S", "st": "Eleito"}, {"seq": "7", "n": "10222", "vap": "118", "pvap": "   4,82", "e": "S", "st": "Eleito"}, {"seq": "10", "n": "10777", "vap": "118", "pvap": "   4,82", "e": "N", "st": "Suplente"}, {"seq": "18", "n": "10235", "vap": "54", "pvap": "   2,21", "e": "N", "st": "Suplente"}, {"seq": "5", "n": "10789", "vap": "156", "pvap": "   6,38", "e": "S", "st": "Eleito"}, {"seq": "14", "n": "10456", "vap": "79", "pvap": "   3,23", "e": "N", "st": "Suplente"}, {"seq": "11", "n": "10345", "vap": "91", "pvap": "   3,72", "e": "N", "st": "Suplente"}]}, {"dt": "15/11/2020", "ht": "21:30:22", "tf": "S", "and": "F", "tpabr": "ZONA", "cdabr": "41", "s": "7", "st": "7", "snt": "0", "si": "7", "sni": "0", "sa": "7", "sna": "0", "pst": " 100,00", "psnt": "   0,00", "psi": " 100,00", "psni": "   0,00", "psa": " 100,00", "psna": "   0,00", "e": "3085", "ea": "3085", "ena": "0", "esi": "3085", "esni": "0", "a": "549", "c": "2536", "pea": " 100,00", "pena": "   0,00", "pesi": " 100,00", "pesni": "   0,00", "pa": "  17,80", "pc": "  82,20", "vnom": "2343", "vscv": "0", "vl": "103", "tv": "2536", "vvc": "2446", "vb": "19", "tvn": "71", "vn": "71", "vnt": "0", "vp": "0", "vv": "2446", "van": "0", "vansj": "0", "pvnom": "  95,79", "pvl": "   4,21", "pvvc": "  96,45", "pvb": "   0,75", "ptvn": "   2,80", "pvn": " 100,00", "pvnt": "   0,00", "pvp": "   0,00", "pvv": " 100,00", "pvan": "   0,00", "pvansj": "   0,00", "cand": [{"seq": "21", "n": "55789", "vap": "37", "pvap": "   1,51", "e": "N", "st": "Suplente"}, {"seq": "16", "n": "55456", "vap": "70", "pvap": "   2,86", "e": "N", "st": "Suplente"}, {"seq": "6", "n": "55111", "vap": "122", "pvap": "   4,99", "e": "S", "st": "Eleito"}, {"seq": "9", "n": "55222", "vap": "84", "pvap": "   3,43", "e": "S", "st": "Eleito"}, {"seq": "19", "n": "55655", "vap": "51", "pvap": "   2,09", "e": "N", "st": "Suplente"}, {"seq": "25", "n": "55235", "vap": "12", "pvap": "   0,49", "e": "N", "st": "Suplente"}, {"seq": "17", "n": "55234", "vap": "63", "pvap": "   2,58", "e": "N", "st": "Suplente"}, {"seq": "20", "n": "55000", "vap": "47", "pvap": "   1,92", "e": "N", "st": "Suplente"}, {"seq": "1", "n": "55333", "vap": "229", "pvap": "   9,36", "e": "S", "st": "Eleito"}, {"seq": "8", "n": "55123", "vap": "115", "pvap": "   4,70", "e": "S", "st": "Eleito"}, {"seq": "23", "n": "55999", "vap": "33", "pvap": "   1,35", "e": "N", "st": "Suplente"}, {"seq": "13", "n": "55555", "vap": "81", "pvap": "   3,31", "e": "N", "st": "Suplente"}, {"seq": "2", "n": "10123", "vap": "205", "pvap": "   8,38", "e": "S", "st": "Eleito"}, {"seq": "11", "n": "10345", "vap": "91", "pvap": "   3,72", "e": "N", "st": "Suplente"}, {"seq": "4", "n": "10678", "vap": "169", "pvap": "   6,91", "e": "S", "st": "Eleito"}, {"seq": "15", "n": "10888", "vap": "76", "pvap": "   3,11", "e": "N", "st": "Suplente"}, {"seq": "3", "n": "10000", "vap": "193", "pvap": "   7,89", "e": "S", "st": "Eleito"}, {"seq": "22", "n": "10001", "vap": "33", "pvap": "   1,35", "e": "N", "st": "Suplente"}, {"seq": "12", "n": "10333", "vap": "85", "pvap": "   3,48", "e": "N", "st": "Suplente"}, {"seq": "5", "n": "10789", "vap": "156", "pvap": "   6,38", "e": "S", "st": "Eleito"}, {"seq": "24", "n": "10111", "vap": "22", "pvap": "   0,90", "e": "N", "st": "Suplente"}, {"seq": "7", "n": "10222", "vap": "118", "pvap": "   4,82", "e": "S", "st": "Eleito"}, {"seq": "18", "n": "10235", "vap": "54", "pvap": "   2,21", "e": "N", "st": "Suplente"}, {"seq": "14", "n": "10456", "vap": "79", "pvap": "   3,23", "e": "N", "st": "Suplente"}, {"seq": "10", "n": "10777", "vap": "118", "pvap": "   4,82", "e": "N", "st": "Suplente"}]}]}