{"ele": "426", "carper": "13", "t": "1", "f": "O", "esae": "N", "mnae": " ", "dg": "15/11/2020", "hg": "23:01:12", "dv": "S", "nadf": "pa04340-c0013-e000426-003-f", "abr": [{"dt": "15/11/2020", "ht": "22:43:21", "tf": "S", "and": "F", "tpabr": "MU", "cdabr": "04340", "s": "63", "st": "63", "snt": "0", "si": "63", "sni": "0", "sa": "63", "sna": "0", "pst": " 100,00", "psnt": "   0,00", "psi": " 100,00", "psni": "   0,00", "psa": " 100,00", "psna": "   0,00", "e": "18846", "ea": "18846", "ena": "0", "esi": "18846", "esni": "0", "c": "15060", "a": "3786", "pea": " 100,00", "pena": "   0,00", "pesi": " 100,00", "pesni": "   0,00", "pa": "  20,09", "pc": "  79,91", "vscv": "0", "vnom": "13561", "vl": "864", "tv": "15060", "vvc": "14425", "vb": "106", "tvn": "529", "vn": "529", "vnt": "0", "vp": "0", "vv": "14425", "van": "0", "vansj": "0", "pvnom": "  94,01", "pvl": "   5,99", "pvvc": "  95,78", "pvb": "   0,71", "ptvn": "   3,51", "pvn": " 100,00", "pvnt": "   0,00", "pvp": "   0,00", "pvv": " 100,00", "pvan": "   0,00", "pvansj": "   0,00", "colig": [{"n": "140000140731", "tvtn": "392", "tvan": "392", "vag": "0", "tvtl": "20", "tval": "20"}, {"n": "140000085029", "tvtn": "1785", "tvan": "1785", "vag": "2", "tvtl": "220", "tval": "220"}, {"n": "140000084946", "tvtn": "995", "tvan": "995", "vag": "1", "tvtl": "23", "tval": "23"}, {"n": "140000109768", "tvtn": "3629", "tvan": "3629", "vag": "3", "tvtl": "309", "tval": "309"}, {"n": "140000084975", "tvtn": "3002", "tvan": "3002", "vag": "3", "tvtl": "88", "tval": "88"}, {"n": "140000157941", "tvtn": "471", "tvan": "471", "vag": "0", "tvtl": "13", "tval": "13"}, {"n": "140000089792", "tvtn": "2832", "tvan": "2832", "vag": "2", "tvtl": "125", "tval": "125"}, {"n": "140000157917", "tvtn": "455", "tvan": "455", "vag": "0", "tvtl": "66", "tval": "66"}], "part": [{"n": "77", "tvtn": "392", "tvan": "392", "tvtl": "20", "tval": "20"}, {"n": "10", "tvtn": "1785", "tvan": "1785", "tvtl": "220", "tval": "220"}, {"n": "65", "tvtn": "995", "tvan": "995", "tvtl": "23", "tval": "23"}, {"n": "15", "tvtn": "3629", "tvan": "3629", "tvtl": "309", "tval": "309"}, {"n": "25", "tvtn": "3002", "tvan": "3002", "tvtl": "88", "tval": "88"}, {"n": "20", "tvtn": "471", "tvan": "471", "tvtl": "13", "tval": "13"}, {"n": "55", "tvtn": "2832", "tvan": "2832", "tvtl": "125", "tval": "125"}, {"n": "13", "tvtn": "455", "tvan": "455", "tvtl": "66", "tval": "66"}], "cand": [{"seq": "75", "n": "77135", "vap": "25", "pvap": "   0,17", "e": "N", "st": "N\u00e3o eleito"}, {"seq": "77", "n": "77234", "vap": "21", "pvap": "   0,15", "e": "N", "st": "N\u00e3o eleito"}, {"seq": "71", "n": "77111", "vap": "48", "pvap": "   0,33", "e": "N", "st": "N\u00e3o eleito"}, {"seq": "76", "n": "77555", "vap": "21", "pvap": "   0,15", "e": "N", "st": "N\u00e3o eleito"}, {"seq": "85", "n": "77678", "vap": "0", "pvap": "00.00", "e": "N", "st": "N\u00e3o eleito"}, {"seq": "74", "n": "77123", "vap": "27", "pvap": "   0,19", "e": "N", "st": "N\u00e3o eleito"}, {"seq": "81", "n": "77222", "vap": "5", "pvap": "   0,03", "e": "N", "st": "N\u00e3o eleito"}, {"seq": "62", "n": "77000", "vap": "185", "pvap": "   1,28", "e": "N", "st": "N\u00e3o eleito"}, {"seq": "69", "n": "77777", "vap": "60", "pvap": "   0,42", "e": "N", "st": "N\u00e3o eleito"}, {"seq": "10", "n": "10456", "vap": "385", "pvap": "   2,67", "e": "S", "st": "Eleito"}, {"seq": "50", "n": "10999", "vap": "16", "pvap": "   0,11", "e": "N", "st": "Suplente"}, {"seq": "17", "n": "10122", "vap": "310", "pvap": "   2,15", "e": "N", "st": "Suplente"}, {"seq": "40", "n": "10179", "vap": "52", "pvap": "   0,36", "e": "N", "st": "Suplente"}, {"seq": "20", "n": "10000", "vap": "247", "pvap": "   1,71", "e": "N", "st": "Suplente"}, {"seq": "23", "n": "10123", "vap": "205", "pvap": "   1,42", "e": "N", "st": "Suplente"}, {"seq": "8", "n": "10222", "vap": "486", "pvap": "   3,37", "e": "S", "st": "Eleito"}, {"seq": "47", "n": "10110", "vap": "26", "pvap": "   0,18", "e": "N", "st": "Suplente"}, {"seq": "48", "n": "10555", "vap": "22", "pvap": "   0,15", "e": "N", "st": "Suplente"}, {"seq": "44", "n": "10777", "vap": "36", "pvap": "   0,25", "e": "N", "st": "Suplente"}, {"seq": "56", "n": "65150", "vap": "5", "pvap": "   0,03", "e": "N", "st": "Suplente"}, {"seq": "26", "n": "65222", "vap": "183", "pvap": "   1,27", "e": "N", "st": "Suplente"}, {"seq": "28", "n": "65111", "vap": "138", "pvap": "   0,96", "e": "N", "st": "Suplente"}, {"seq": "51", "n": "65000", "vap": "14", "pvap": "   0,10", "e": "N", "st": "Suplente"}, {"seq": "43", "n": "65444", "vap": "43", "pvap": "   0,30", "e": "N", "st": "Suplente"}, {"seq": "41", "n": "65123", "vap": "50", "pvap": "   0,35", "e": "N", "st": "Suplente"}, {"seq": "52", "n": "65333", "vap": "13", "pvap": "   0,09", "e": "N", "st": "Suplente"}, {"seq": "53", "n": "65165", "vap": "13", "pvap": "   0,09", "e": "N", "st": "Suplente"}, {"seq": "33", "n": "65777", "vap": "91", "pvap": "   0,63", "e": "N", "st": "Suplente"}, {"seq": "45", "n": "65512", "vap": "32", "pvap": "   0,22", "e": "N", "st": "Suplente"}, {"seq": "11", "n": "65555", "vap": "345", "pvap": "   2,39", "e": "S", "st": "Eleito"}, {"seq": "36", "n": "65655", "vap": "61", "pvap": "   0,42", "e": "N", "st": "Suplente"}, {"seq": "55", "n": "65658", "vap": "7", "pvap": "   0,05", "e": "N", "st": "Suplente"}, {"seq": "19", "n": "15888", "vap": "251", "pvap": "   1,74", "e": "N", "st": "Suplente"}, {"seq": "4", "n": "15456", "vap": "633", "pvap": "   4,39", "e": "S", "st": "Eleito"}, {"seq": "21", "n": "15777", "vap": "231", "pvap": "   1,60", "e": "N", "st": "Suplente"}, {"seq": "13", "n": "15000", "vap": "369", "pvap": "   2,56", "e": "N", "st": "Suplente"}, {"seq": "35", "n": "15986", "vap": "68", "pvap": "   0,47", "e": "N", "st": "Suplente"}, {"seq": "58", "n": "15444", "vap": "4", "pvap": "   0,03", "e": "N", "st": "Suplente"}, {"seq": "18", "n": "15111", "vap": "262", "pvap": "   1,82", "e": "N", "st": "Suplente"}, {"seq": "57", "n": "15002", "vap": "5", "pvap": "   0,03", "e": "N", "st": "Suplente"}, {"seq": "15", "n": "15001", "vap": "368", "pvap": "   2,55", "e": "N", "st": "Suplente"}, {"seq": "24", "n": "15222", "vap": "204", "pvap": "   1,41", "e": "N", "st": "Suplente"}, {"seq": "3", "n": "15555", "vap": "700", "pvap": "   4,85", "e": "S", "st": "Eleito"}, {"seq": "9", "n": "15123", "vap": "486", "pvap": "   3,37", "e": "S", "st": "Eleito"}, {"seq": "42", "n": "15333", "vap": "48", "pvap": "   0,33", "e": "N", "st": "Suplente"}, {"seq": "12", "n": "25555", "vap": "426", "pvap": "   2,95", "e": "N", "st": "Suplente"}, {"seq": "5", "n": "25678", "vap": "625", "pvap": "   4,33", "e": "S", "st": "Eleito"}, {"seq": "34", "n": "25777", "vap": "88", "pvap": "   0,61", "e": "N", "st": "Suplente"}, {"seq": "49", "n": "25250", "vap": "17", "pvap": "   0,12", "e": "N", "st": "Suplente"}, {"seq": "2", "n": "25123", "vap": "704", "pvap": "   4,88", "e": "S", "st": "Eleito"}, {"seq": "7", "n": "25000", "vap": "535", "pvap": "   3,71", "e": "S", "st": "Eleito"}, {"seq": "29", "n": "25112", "vap": "137", "pvap": "   0,95", "e": "N", "st": "Suplente"}, {"seq": "32", "n": "25615", "vap": "110", "pvap": "   0,76", "e": "N", "st": "Suplente"}, {"seq": "46", "n": "25611", "vap": "27", "pvap": "   0,19", "e": "N", "st": "Suplente"}, {"seq": "27", "n": "25111", "vap": "151", "pvap": "   1,05", "e": "N", "st": "Suplente"}, {"seq": "38", "n": "25007", "vap": "58", "pvap": "   0,40", "e": "N", "st": "Suplente"}, {"seq": "30", "n": "25116", "vap": "124", "pvap": "   0,86", "e": "N", "st": "Suplente"}, {"seq": "80", "n": "20777", "vap": "7", "pvap": "   0,05", "e": "N", "st": "N\u00e3o eleito"}, {"seq": "64", "n": "20222", "vap": "114", "pvap": "   0,79", "e": "N", "st": "N\u00e3o eleito"}, {"seq": "79", "n": "20555", "vap": "15", "pvap": "   0,10", "e": "N", "st": "N\u00e3o eleito"}, {"seq": "61", "n": "20123", "vap": "202", "pvap": "   1,40", "e": "N", "st": "N\u00e3o eleito"}, {"seq": "72", "n": "20888", "vap": "35", "pvap": "   0,24", "e": "N", "st": "N\u00e3o eleito"}, {"seq": "83", "n": "20001", "vap": "3", "pvap": "   0,02", "e": "N", "st": "N\u00e3o eleito"}, {"seq": "66", "n": "20000", "vap": "95", "pvap": "   0,66", "e": "N", "st": "N\u00e3o eleito"}, {"seq": "22", "n": "55123", "vap": "211", "pvap": "   1,46", "e": "N", "st": "Suplente"}, {"seq": "39", "n": "55555", "vap": "52", "pvap": "   0,36", "e": "N", "st": "Suplente"}, {"seq": "16", "n": "55222", "vap": "324", "pvap": "   2,25", "e": "N", "st": "Suplente"}, {"seq": "1", "n": "55612", "vap": "919", "pvap": "   6,37", "e": "S", "st": "Eleito"}, {"seq": "31", "n": "55777", "vap": "110", "pvap": "   0,76", "e": "N", "st": "Suplente"}, {"seq": "54", "n": "55333", "vap": "9", "pvap": "   0,06", "e": "N", "st": "Suplente"}, {"seq": "25", "n": "55630", "vap": "194", "pvap": "   1,34", "e": "N", "st": "Suplente"}, {"seq": "60", "n": "55297", "vap": "0", "pvap": "00.00", "e": "N", "st": "Suplente"}, {"seq": "59", "n": "55444", "vap": "3", "pvap": "   0,02", "e": "N", "st": "Suplente"}, {"seq": "37", "n": "55678", "vap": "58", "pvap": "   0,40", "e": "N", "st": "Suplente"}, {"seq": "6", "n": "55500", "vap": "583", "pvap": "   4,04", "e": "S", "st": "Eleito"}, {"seq": "14", "n": "55000", "vap": "369", "pvap": "   2,56", "e": "N", "st": "Suplente"}, {"seq": "73", "n": "13000", "vap": "34", "pvap": "   0,24", "e": "N", "st": "N\u00e3o eleito"}, {"seq": "63", "n": "13333", "vap": "119", "pvap": "   0,82", "e": "N", "st": "N\u00e3o eleito"}, {"seq": "70", "n": "13555", "vap": "51", "pvap": "   0,35", "e": "N", "st": "N\u00e3o eleito"}, {"seq": "78", "n": "13113", "vap": "16", "pvap": "   0,11", "e": "N", "st": "N\u00e3o eleito"}, {"seq": "82", "n": "13075", "vap": "4", "pvap": "   0,03", "e": "N", "st": "N\u00e3o eleito"}, {"seq": "65", "n": "13123", "vap": "103", "pvap": "   0,71", "e": "N", "st": "N\u00e3o eleito"}, {"seq": "84", "n": "13222", "vap": "1", "pvap": "   0,01", "e": "N", "st": "N\u00e3o eleito"}, {"seq": "67", "n": "13777", "vap": "67", "pvap": "   0,46", "e": "N", "st": "N\u00e3o eleito"}, {"seq": "68", "n": "13456", "vap": "60", "pvap": "   0,42", "e": "N", "st": "N\u00e3o eleito"}]}, {"dt": "15/11/2020", "ht": "22:43:21", "tf": "S", "and": "F", "tpabr": "ZONA", "cdabr": "49", "s": "63", "st": "63", "snt": "0", "si": "63", "sni": "0", "sa": "63", "sna": "0", "pst": " 100,00", "psnt": "   0,00", "psi": " 100,00", "psni": "   0,00", "psa": " 100,00", "psna": "   0,00", "e": "18846", "ea": "18846", "ena": "0", "esi": "18846", "esni": "0", "a": "3786", "c": "15060", "pea": " 100,00", "pena": "   0,00", "pesi": " 100,00", "pesni": "   0,00", "pa": "  20,09", "pc": "  79,91", "vnom": "13561", "vscv": "0", "vl": "864", "tv": "15060", "vvc": "14425", "vb": "106", "tvn": "529", "vn": "529", "vnt": "0", "vp": "0", "vv": "14425", "van": "0", "vansj": "0", "pvnom": "  94,01", "pvl": "   5,99", "pvvc": "  95,78", "pvb": "   0,71", "ptvn": "   3,51", "pvn": " 100,00", "pvnt": "   0,00", "pvp": "   0,00", "pvv": " 100,00", "pvan": "   0,00", "pvansj": "   0,00", "cand": [{"seq": "8", "n": "10222", "vap": "486", "pvap": "   3,37", "e": "S", "st": "Eleito"}, {"seq": "10", "n": "10456", "vap": "385", "pvap": "   2,67", "e": "S", "st": "Eleito"}, {"seq": "17", "n": "10122", "vap": "310", "pvap": "   2,15", "e": "N", "st": "Suplente"}, {"seq": "20", "n": "10000", "vap": "247", "pvap": "   1,71", "e": "N", "st": "Suplente"}, {"seq": "23", "n": "10123", "vap": "205", "pvap": "   1,42", "e": "N", "st": "Suplente"}, {"seq": "40", "n": "10179", "vap": "52", "pvap": "   0,36", "e": "N", "st": "Suplente"}, {"seq": "44", "n": "10777", "vap": "36", "pvap": "   0,25", "e": "N", "st": "Suplente"}, {"seq": "47", "n": "10110", "vap": "26", "pvap": "   0,18", "e": "N", "st": "Suplente"}, {"seq": "48", "n": "10555", "vap": "22", "pvap": "   0,15", "e": "N", "st": "Suplente"}, {"seq": "50", "n": "10999", "vap": "16", "pvap": "   0,11", "e": "N", "st": "Suplente"}, {"seq": "11", "n": "65555", "vap": "345", "pvap": "   2,39", "e": "S", "st": "Eleito"}, {"seq": "26", "n": "65222", "vap": "183", "pvap": "   1,27", "e": "N", "st": "Suplente"}, {"seq": "28", "n": "65111", "vap": "138", "pvap": "   0,96", "e": "N", "st": "Suplente"}, {"seq": "33", "n": "65777", "vap": "91", "pvap": "   0,63", "e": "N", "st": "Suplente"}, {"seq": "36", "n": "65655", "vap": "61", "pvap": "   0,42", "e": "N", "st": "Suplente"}, {"seq": "41", "n": "65123", "vap": "50", "pvap": "   0,35", "e": "N", "st": "Suplente"}, {"seq": "43", "n": "65444", "vap": "43", "pvap": "   0,30", "e": "N", "st": "Suplente"}, {"seq": "45", "n": "65512", "vap": "32", "pvap": "   0,22", "e": "N", "st": "Suplente"}, {"seq": "51", "n": "65000", "vap": "14", "pvap": "   0,10", "e": "N", "st": "Suplente"}, {"seq": "52", "n": "65333", "vap": "13", "pvap": "   0,09", "e": "N", "st": "Suplente"}, {"seq": "53", "n": "65165", "vap": "13", "pvap": "   0,09", "e": "N", "st": "Suplente"}, {"seq": "55", "n": "65658", "vap": "7", "pvap": "   0,05", "e": "N", "st": "Suplente"}, {"seq": "56", "n": "65150", "vap": "5", "pvap": "   0,03", "e": "N", "st": "Suplente"}, {"seq": "63", "n": "13333", "vap": "119", "pvap": "   0,82", "e": "N", "st": "N\u00e3o eleito"}, {"seq": "65", "n": "13123", "vap": "103", "pvap": "   0,71", "e": "N", "st": "N\u00e3o eleito"}, {"seq": "67", "n": "13777", "vap": "67", "pvap": "   0,46", "e": "N", "st": "N\u00e3o eleito"}, {"seq": "68", "n": "13456", "vap": "60", "pvap": "   0,42", "e": "N", "st": "N\u00e3o eleito"}, {"seq": "70", "n": "13555", "vap": "51", "pvap": "   0,35", "e": "N", "st": "N\u00e3o eleito"}, {"seq": "73", "n": "13000", "vap": "34", "pvap": "   0,24", "e": "N", "st": "N\u00e3o eleito"}, {"seq": "78", "n": "13113", "vap": "16", "pvap": "   0,11", "e": "N", "st": "N\u00e3o eleito"}, {"seq": "82", "n": "13075", "vap": "4", "pvap": "   0,03", "e": "N", "st": "N\u00e3o eleito"}, {"seq": "84", "n": "13222", "vap": "1", "pvap": "   0,01", "e": "N", "st": "N\u00e3o eleito"}, {"seq": "2", "n": "25123", "vap": "704", "pvap": "   4,88", "e": "S", "st": "Eleito"}, {"seq": "5", "n": "25678", "vap": "625", "pvap": "   4,33", "e": "S", "st": "Eleito"}, {"seq": "7", "n": "25000", "vap": "535", "pvap": "   3,71", "e": "S", "st": "Eleito"}, {"seq": "12", "n": "25555", "vap": "426", "pvap": "   2,95", "e": "N", "st": "Suplente"}, {"seq": "27", "n": "25111", "vap": "151", "pvap": "   1,05", "e": "N", "st": "Suplente"}, {"seq": "29", "n": "25112", "vap": "137", "pvap": "   0,95", "e": "N", "st": "Suplente"}, {"seq": "30", "n": "25116", "vap": "124", "pvap": "   0,86", "e": "N", "st": "Suplente"}, {"seq": "32", "n": "25615", "vap": "110", "pvap": "   0,76", "e": "N", "st": "Suplente"}, {"seq": "34", "n": "25777", "vap": "88", "pvap": "   0,61", "e": "N", "st": "Suplente"}, {"seq": "38", "n": "25007", "vap": "58", "pvap": "   0,40", "e": "N", "st": "Suplente"}, {"seq": "46", "n": "25611", "vap": "27", "pvap": "   0,19", "e": "N", "st": "Suplente"}, {"seq": "49", "n": "25250", "vap": "17", "pvap": "   0,12", "e": "N", "st": "Suplente"}, {"seq": "1", "n": "55612", "vap": "919", "pvap": "   6,37", "e": "S", "st": "Eleito"}, {"seq": "6", "n": "55500", "vap": "583", "pvap": "   4,04", "e": "S", "st": "Eleito"}, {"seq": "14", "n": "55000", "vap": "369", "pvap": "   2,56", "e": "N", "st": "Suplente"}, {"seq": "16", "n": "55222", "vap": "324", "pvap": "   2,25", "e": "N", "st": "Suplente"}, {"seq": "22", "n": "55123", "vap": "211", "pvap": "   1,46", "e": "N", "st": "Suplente"}, {"seq": "25", "n": "55630", "vap": "194", "pvap": "   1,34", "e": "N", "st": "Suplente"}, {"seq": "31", "n": "55777", "vap": "110", "pvap": "   0,76", "e": "N", "st": "Suplente"}, {"seq": "37", "n": "55678", "vap": "58", "pvap": "   0,40", "e": "N", "st": "Suplente"}, {"seq": "39", "n": "55555", "vap": "52", "pvap": "   0,36", "e": "N", "st": "Suplente"}, {"seq": "54", "n": "55333", "vap": "9", "pvap": "   0,06", "e": "N", "st": "Suplente"}, {"seq": "59", "n": "55444", "vap": "3", "pvap": "   0,02", "e": "N", "st": "Suplente"}, {"seq": "60", "n": "55297", "vap": "0", "pvap": "00.00", "e": "N", "st": "Suplente"}, {"seq": "3", "n": "15555", "vap": "700", "pvap": "   4,85", "e": "S", "st": "Eleito"}, {"seq": "4", "n": "15456", "vap": "633", "pvap": "   4,39", "e": "S", "st": "Eleito"}, {"seq": "9", "n": "15123", "vap": "486", "pvap": "   3,37", "e": "S", "st": "Eleito"}, {"seq": "13", "n": "15000", "vap": "369", "pvap": "   2,56", "e": "N", "st": "Suplente"}, {"seq": "15", "n": "15001", "vap": "368", "pvap": "   2,55", "e": "N", "st": "Suplente"}, {"seq": "18", "n": "15111", "vap": "262", "pvap": "   1,82", "e": "N", "st": "Suplente"}, {"seq": "19", "n": "15888", "vap": "251", "pvap": "   1,74", "e": "N", "st": "Suplente"}, {"seq": "21", "n": "15777", "vap": "231", "pvap": "   1,60", "e": "N", "st": "Suplente"}, {"seq": "24", "n": "15222", "vap": "204", "pvap": "   1,41", "e": "N", "st": "Suplente"}, {"seq": "35", "n": "15986", "vap": "68", "pvap": "   0,47", "e": "N", "st": "Suplente"}, {"seq": "42", "n": "15333", "vap": "48", "pvap": "   0,33", "e": "N", "st": "Suplente"}, {"seq": "57", "n": "15002", "vap": "5", "pvap": "   0,03", "e": "N", "st": "Suplente"}, {"seq": "58", "n": "15444", "vap": "4", "pvap": "   0,03", "e": "N", "st": "Suplente"}, {"seq": "61", "n": "20123", "vap": "202", "pvap": "   1,40", "e": "N", "st": "N\u00e3o eleito"}, {"seq": "64", "n": "20222", "vap": "114", "pvap": "   0,79", "e": "N", "st": "N\u00e3o eleito"}, {"seq": "66", "n": "20000", "vap": "95", "pvap": "   0,66", "e": "N", "st": "N\u00e3o eleito"}, {"seq": "72", "n": "20888", "vap": "35", "pvap": "   0,24", "e": "N", "st": "N\u00e3o eleito"}, {"seq": "79", "n": "20555", "vap": "15", "pvap": "   0,10", "e": "N", "st": "N\u00e3o eleito"}, {"seq": "80", "n": "20777", "vap": "7", "pvap": "   0,05", "e": "N", "st": "N\u00e3o eleito"}, {"seq": "83", "n": "20001", "vap": "3", "pvap": "   0,02", "e": "N", "st": "N\u00e3o eleito"}, {"seq": "62", "n": "77000", "vap": "185", "pvap": "   1,28", "e": "N", "st": "N\u00e3o eleito"}, {"seq": "69", "n": "77777", "vap": "60", "pvap": "   0,42", "e": "N", "st": "N\u00e3o eleito"}, {"seq": "71", "n": "77111", "vap": "48", "pvap": "   0,33", "e": "N", "st": "N\u00e3o eleito"}, {"seq": "74", "n": "77123", "vap": "27", "pvap": "   0,19", "e": "N", "st": "N\u00e3o eleito"}, {"seq": "75", "n": "77135", "vap": "25", "pvap": "   0,17", "e": "N", "st": "N\u00e3o eleito"}, {"seq": "76", "n": "77555", "vap": "21", "pvap": "   0,15", "e": "N", "st": "N\u00e3o eleito"}, {"seq": "77", "n": "77234", "vap": "21", "pvap": "   0,15", "e": "N", "st": "N\u00e3o eleito"}, {"seq": "81", "n": "77222", "vap": "5", "pvap": "   0,03", "e": "N", "st": "N\u00e3o eleito"}, {"seq": "85", "n": "77678", "vap": "0", "pvap": "00.00", "e": "N", "st": "N\u00e3o eleito"}]}]}