{"ele": "426", "carper": "13", "t": "1", "f": "O", "esae": "N", "mnae": " ", "dg": "15/11/2020", "hg": "22:13:35", "dv": "S", "nadf": "pa05070-c0013-e000426-002-f", "abr": [{"dt": "15/11/2020", "ht": "22:08:16", "tf": "S", "and": "F", "tpabr": "MU", "cdabr": "05070", "s": "51", "st": "51", "snt": "0", "si": "51", "sni": "0", "sa": "51", "sna": "0", "pst": " 100,00", "psnt": "   0,00", "psi": " 100,00", "psni": "   0,00", "psa": " 100,00", "psna": "   0,00", "e": "15721", "ea": "15721", "ena": "0", "esi": "15721", "esni": "0", "c": "12731", "a": "2990", "pea": " 100,00", "pena": "   0,00", "pesi": " 100,00", "pesni": "   0,00", "pa": "  19,02", "pc": "  80,98", "vscv": "0", "vnom": "11634", "vl": "661", "tv": "12731", "vvc": "12295", "vb": "122", "tvn": "314", "vn": "314", "vnt": "0", "vp": "0", "vv": "12295", "van": "0", "vansj": "0", "pvnom": "  94,62", "pvl": "   5,38", "pvvc": "  96,58", "pvb": "   0,95", "ptvn": "   2,47", "pvn": " 100,00", "pvnt": "   0,00", "pvp": "   0,00", "pvv": " 100,00", "pvan": "   0,00", "pvansj": "   0,00", "colig": [{"n": "140000105394", "tvtn": "1610", "tvan": "1610", "vag": "1", "tvtl": "185", "tval": "185"}, {"n": "140000117458", "tvtn": "1808", "tvan": "1808", "vag": "2", "tvtl": "54", "tval": "54"}, {"n": "140000152413", "tvtn": "672", "tvan": "672", "vag": "0", "tvtl": "59", "tval": "59"}, {"n": "140000117490", "tvtn": "1337", "tvan": "1337", "vag": "1", "tvtl": "23", "tval": "23"}, {"n": "140000117407", "tvtn": "1625", "tvan": "1625", "vag": "1", "tvtl": "199", "tval": "199"}, {"n": "140000117280", "tvtn": "2249", "tvan": "2249", "vag": "2", "tvtl": "26", "tval": "26"}, {"n": "140000076480", "tvtn": "2129", "tvan": "2129", "vag": "2", "tvtl": "107", "tval": "107"}, {"n": "140000077601", "tvtn": "204", "tvan": "204", "vag": "0", "tvtl": "8", "tval": "8"}], "part": [{"n": "15", "tvtn": "1610", "tvan": "1610", "tvtl": "185", "tval": "185"}, {"n": "25", "tvtn": "1808", "tvan": "1808", "tvtl": "54", "tval": "54"}, {"n": "22", "tvtn": "672", "tvan": "672", "tvtl": "59", "tval": "59"}, {"n": "20", "tvtn": "1337", "tvan": "1337", "tvtl": "23", "tval": "23"}, {"n": "45", "tvtn": "1625", "tvan": "1625", "tvtl": "199", "tval": "199"}, {"n": "40", "tvtn": "2249", "tvan": "2249", "tvtl": "26", "tval": "26"}, {"n": "13", "tvtn": "2129", "tvan": "2129", "tvtl": "107", "tval": "107"}, {"n": "10", "tvtn": "204", "tvan": "204", "tvtl": "8", "tval": "8"}], "cand": [{"seq": "35", "n": "15150", "vap": "73", "pvap": "   0,59", "e": "N", "st": "Suplente"}, {"seq": "17", "n": "15130", "vap": "256", "pvap": "   2,08", "e": "N", "st": "Suplente"}, {"seq": "28", "n": "15198", "vap": "123", "pvap": "   1,00", "e": "N", "st": "Suplente"}, {"seq": "39", "n": "15222", "vap": "61", "pvap": "   0,50", "e": "N", "st": "Suplente"}, {"seq": "49", "n": "15765", "vap": "23", "pvap": "   0,19", "e": "N", "st": "Suplente"}, {"seq": "16", "n": "15000", "vap": "269", "pvap": "   2,19", "e": "N", "st": "Suplente"}, {"seq": "37", "n": "15015", "vap": "65", "pvap": "   0,53", "e": "N", "st": "Suplente"}, {"seq": "18", "n": "15123", "vap": "249", "pvap": "   2,03", "e": "N", "st": "Suplente"}, {"seq": "5", "n": "15111", "vap": "491", "pvap": "   3,99", "e": "S", "st": "Eleito"}, {"seq": "44", "n": "25256", "vap": "44", "pvap": "   0,36", "e": "N", "st": "Suplente"}, {"seq": "6", "n": "25025", "vap": "489", "pvap": "   3,98", "e": "S", "st": "Eleito"}, {"seq": "52", "n": "25222", "vap": "17", "pvap": "   0,14", "e": "N", "st": "Suplente"}, {"seq": "10", "n": "25255", "vap": "461", "pvap": "   3,75", "e": "N", "st": "Suplente"}, {"seq": "42", "n": "25315", "vap": "47", "pvap": "   0,38", "e": "N", "st": "Suplente"}, {"seq": "41", "n": "25733", "vap": "48", "pvap": "   0,39", "e": "N", "st": "Suplente"}, {"seq": "1", "n": "25555", "vap": "656", "pvap": "   5,34", "e": "S", "st": "Eleito"}, {"seq": "43", "n": "25177", "vap": "46", "pvap": "   0,37", "e": "N", "st": "Suplente"}, {"seq": "63", "n": "22222", "vap": "229", "pvap": "   1,86", "e": "N", "st": "N\u00e3o eleito"}, {"seq": "69", "n": "22225", "vap": "27", "pvap": "   0,22", "e": "N", "st": "N\u00e3o eleito"}, {"seq": "73", "n": "22333", "vap": "21", "pvap": "   0,17", "e": "N", "st": "N\u00e3o eleito"}, {"seq": "64", "n": "22444", "vap": "188", "pvap": "   1,53", "e": "N", "st": "N\u00e3o eleito"}, {"seq": "68", "n": "22456", "vap": "68", "pvap": "   0,55", "e": "N", "st": "N\u00e3o eleito"}, {"seq": "72", "n": "22123", "vap": "21", "pvap": "   0,17", "e": "N", "st": "N\u00e3o eleito"}, {"seq": "65", "n": "22190", "vap": "118", "pvap": "   0,96", "e": "N", "st": "N\u00e3o eleito"}, {"seq": "46", "n": "20555", "vap": "36", "pvap": "   0,29", "e": "N", "st": "Suplente"}, {"seq": "25", "n": "20000", "vap": "144", "pvap": "   1,17", "e": "N", "st": "Suplente"}, {"seq": "9", "n": "20333", "vap": "339", "pvap": "   2,76", "e": "S", "st": "Eleito"}, {"seq": "40", "n": "20444", "vap": "56", "pvap": "   0,46", "e": "N", "st": "Suplente"}, {"seq": "62", "n": "20222", "vap": "0", "pvap": "00.00", "e": "N", "st": "Suplente"}, {"seq": "14", "n": "20777", "vap": "337", "pvap": "   2,74", "e": "N", "st": "Suplente"}, {"seq": "22", "n": "20100", "vap": "179", "pvap": "   1,46", "e": "N", "st": "Suplente"}, {"seq": "36", "n": "20888", "vap": "67", "pvap": "   0,54", "e": "N", "st": "Suplente"}, {"seq": "53", "n": "20234", "vap": "16", "pvap": "   0,13", "e": "N", "st": "Suplente"}, {"seq": "23", "n": "20123", "vap": "163", "pvap": "   1,33", "e": "N", "st": "Suplente"}, {"seq": "27", "n": "45200", "vap": "135", "pvap": "   1,10", "e": "N", "st": "Suplente"}, {"seq": "59", "n": "45633", "vap": "7", "pvap": "   0,06", "e": "N", "st": "Suplente"}, {"seq": "7", "n": "45045", "vap": "440", "pvap": "   3,58", "e": "S", "st": "Eleito"}, {"seq": "58", "n": "45025", "vap": "8", "pvap": "   0,07", "e": "N", "st": "Suplente"}, {"seq": "13", "n": "45123", "vap": "417", "pvap": "   3,39", "e": "N", "st": "Suplente"}, {"seq": "33", "n": "45333", "vap": "74", "pvap": "   0,60", "e": "N", "st": "Suplente"}, {"seq": "12", "n": "45678", "vap": "430", "pvap": "   3,50", "e": "N", "st": "Suplente"}, {"seq": "48", "n": "45130", "vap": "36", "pvap": "   0,29", "e": "N", "st": "Suplente"}, {"seq": "47", "n": "45129", "vap": "36", "pvap": "   0,29", "e": "N", "st": "Suplente"}, {"seq": "45", "n": "45555", "vap": "42", "pvap": "   0,34", "e": "N", "st": "Suplente"}, {"seq": "60", "n": "40456", "vap": "6", "pvap": "   0,05", "e": "N", "st": "Suplente"}, {"seq": "19", "n": "40777", "vap": "221", "pvap": "   1,80", "e": "N", "st": "Suplente"}, {"seq": "2", "n": "40000", "vap": "606", "pvap": "   4,93", "e": "S", "st": "Eleito"}, {"seq": "50", "n": "40045", "vap": "20", "pvap": "   0,16", "e": "N", "st": "Suplente"}, {"seq": "34", "n": "40222", "vap": "73", "pvap": "   0,59", "e": "N", "st": "Suplente"}, {"seq": "30", "n": "40333", "vap": "106", "pvap": "   0,86", "e": "N", "st": "Suplente"}, {"seq": "31", "n": "40040", "vap": "103", "pvap": "   0,84", "e": "N", "st": "Suplente"}, {"seq": "32", "n": "40444", "vap": "86", "pvap": "   0,70", "e": "N", "st": "Suplente"}, {"seq": "11", "n": "40555", "vap": "445", "pvap": "   3,62", "e": "N", "st": "Suplente"}, {"seq": "57", "n": "40211", "vap": "9", "pvap": "   0,07", "e": "N", "st": "Suplente"}, {"seq": "38", "n": "40111", "vap": "62", "pvap": "   0,50", "e": "N", "st": "Suplente"}, {"seq": "56", "n": "40400", "vap": "14", "pvap": "   0,11", "e": "N", "st": "Suplente"}, {"seq": "4", "n": "40123", "vap": "498", "pvap": "   4,05", "e": "S", "st": "Eleito"}, {"seq": "21", "n": "13456", "vap": "194", "pvap": "   1,58", "e": "N", "st": "Suplente"}, {"seq": "26", "n": "13777", "vap": "143", "pvap": "   1,16", "e": "N", "st": "Suplente"}, {"seq": "54", "n": "13013", "vap": "15", "pvap": "   0,12", "e": "N", "st": "Suplente"}, {"seq": "3", "n": "13444", "vap": "527", "pvap": "   4,29", "e": "S", "st": "Eleito"}, {"seq": "15", "n": "13333", "vap": "317", "pvap": "   2,58", "e": "N", "st": "Suplente"}, {"seq": "29", "n": "13024", "vap": "113", "pvap": "   0,92", "e": "N", "st": "Suplente"}, {"seq": "20", "n": "13123", "vap": "219", "pvap": "   1,78", "e": "N", "st": "Suplente"}, {"seq": "8", "n": "13000", "vap": "403", "pvap": "   3,28", "e": "S", "st": "Eleito"}, {"seq": "55", "n": "13121", "vap": "14", "pvap": "   0,11", "e": "N", "st": "Suplente"}, {"seq": "51", "n": "13555", "vap": "19", "pvap": "   0,15", "e": "N", "st": "Suplente"}, {"seq": "24", "n": "13174", "vap": "160", "pvap": "   1,30", "e": "N", "st": "Suplente"}, {"seq": "61", "n": "13272", "vap": "5", "pvap": "   0,04", "e": "N", "st": "Suplente"}, {"seq": "66", "n": "10555", "vap": "84", "pvap": "   0,68", "e": "N", "st": "N\u00e3o eleito"}, {"seq": "71", "n": "10111", "vap": "21", "pvap": "   0,17", "e": "N", "st": "N\u00e3o eleito"}, {"seq": "74", "n": "10987", "vap": "5", "pvap": "   0,04", "e": "N", "st": "N\u00e3o eleito"}, {"seq": "70", "n": "10333", "vap": "24", "pvap": "   0,20", "e": "N", "st": "N\u00e3o eleito"}, {"seq": "67", "n": "10123", "vap": "70", "pvap": "   0,57", "e": "N", "st": "N\u00e3o eleito"}]}, {"dt": "15/11/2020", "ht": "22:08:16", "tf": "S", "and": "F", "tpabr": "ZONA", "cdabr": "41", "s": "51", "st": "51", "snt": "0", "si": "51", "sni": "0", "sa": "51", "sna": "0", "pst": " 100,00", "psnt": "   0,00", "psi": " 100,00", "psni": "   0,00", "psa": " 100,00", "psna": "   0,00", "e": "15721", "ea": "15721", "ena": "0", "esi": "15721", "esni": "0", "a": "2990", "c": "12731", "pea": " 100,00", "pena": "   0,00", "pesi": " 100,00", "pesni": "   0,00", "pa": "  19,02", "pc": "  80,98", "vnom": "11634", "vscv": "0", "vl": "661", "tv": "12731", "vvc": "12295", "vb": "122", "tvn": "314", "vn": "314", "vnt": "0", "vp": "0", "vv": "12295", "van": "0", "vansj": "0", "pvnom": "  94,62", "pvl": "   5,38", "pvvc": "  96,58", "pvb": "   0,95", "ptvn": "   2,47", "pvn": " 100,00", "pvnt": "   0,00", "pvp": "   0,00", "pvv": " 100,00", "pvan": "   0,00", "pvansj": "   0,00", "cand": [{"seq": "24", "n": "13174", "vap": "160", "pvap": "   1,30", "e": "N", "st": "Suplente"}, {"seq": "21", "n": "13456", "vap": "194", "pvap": "   1,58", "e": "N", "st": "Suplente"}, {"seq": "51", "n": "13555", "vap": "19", "pvap": "   0,15", "e": "N", "st": "Suplente"}, {"seq": "29", "n": "13024", "vap": "113", "pvap": "   0,92", "e": "N", "st": "Suplente"}, {"seq": "8", "n": "13000", "vap": "403", "pvap": "   3,28", "e": "S", "st": "Eleito"}, {"seq": "15", "n": "13333", "vap": "317", "pvap": "   2,58", "e": "N", "st": "Suplente"}, {"seq": "55", "n": "13121", "vap": "14", "pvap": "   0,11", "e": "N", "st": "Suplente"}, {"seq": "54", "n": "13013", "vap": "15", "pvap": "   0,12", "e": "N", "st": "Suplente"}, {"seq": "20", "n": "13123", "vap": "219", "pvap": "   1,78", "e": "N", "st": "Suplente"}, {"seq": "61", "n": "13272", "vap": "5", "pvap": "   0,04", "e": "N", "st": "Suplente"}, {"seq": "26", "n": "13777", "vap": "143", "pvap": "   1,16", "e": "N", "st": "Suplente"}, {"seq": "3", "n": "13444", "vap": "527", "pvap": "   4,29", "e": "S", "st": "Eleito"}, {"seq": "1", "n": "25555", "vap": "656", "pvap": "   5,34", "e": "S", "st": "Eleito"}, {"seq": "43", "n": "25177", "vap": "46", "pvap": "   0,37", "e": "N", "st": "Suplente"}, {"seq": "41", "n": "25733", "vap": "48", "pvap": "   0,39", "e": "N", "st": "Suplente"}, {"seq": "42", "n": "25315", "vap": "47", "pvap": "   0,38", "e": "N", "st": "Suplente"}, {"seq": "52", "n": "25222", "vap": "17", "pvap": "   0,14", "e": "N", "st": "Suplente"}, {"seq": "6", "n": "25025", "vap": "489", "pvap": "   3,98", "e": "S", "st": "Eleito"}, {"seq": "10", "n": "25255", "vap": "461", "pvap": "   3,75", "e": "N", "st": "Suplente"}, {"seq": "44", "n": "25256", "vap": "44", "pvap": "   0,36", "e": "N", "st": "Suplente"}, {"seq": "23", "n": "20123", "vap": "163", "pvap": "   1,33", "e": "N", "st": "Suplente"}, {"seq": "36", "n": "20888", "vap": "67", "pvap": "   0,54", "e": "N", "st": "Suplente"}, {"seq": "40", "n": "20444", "vap": "56", "pvap": "   0,46", "e": "N", "st": "Suplente"}, {"seq": "62", "n": "20222", "vap": "0", "pvap": "00.00", "e": "N", "st": "Suplente"}, {"seq": "14", "n": "20777", "vap": "337", "pvap": "   2,74", "e": "N", "st": "Suplente"}, {"seq": "46", "n": "20555", "vap": "36", "pvap": "   0,29", "e": "N", "st": "Suplente"}, {"seq": "9", "n": "20333", "vap": "339", "pvap": "   2,76", "e": "S", "st": "Eleito"}, {"seq": "22", "n": "20100", "vap": "179", "pvap": "   1,46", "e": "N", "st": "Suplente"}, {"seq": "53", "n": "20234", "vap": "16", "pvap": "   0,13", "e": "N", "st": "Suplente"}, {"seq": "25", "n": "20000", "vap": "144", "pvap": "   1,17", "e": "N", "st": "Suplente"}, {"seq": "68", "n": "22456", "vap": "68", "pvap": "   0,55", "e": "N", "st": "N\u00e3o eleito"}, {"seq": "72", "n": "22123", "vap": "21", "pvap": "   0,17", "e": "N", "st": "N\u00e3o eleito"}, {"seq": "65", "n": "22190", "vap": "118", "pvap": "   0,96", "e": "N", "st": "N\u00e3o eleito"}, {"seq": "73", "n": "22333", "vap": "21", "pvap": "   0,17", "e": "N", "st": "N\u00e3o eleito"}, {"seq": "69", "n": "22225", "vap": "27", "pvap": "   0,22", "e": "N", "st": "N\u00e3o eleito"}, {"seq": "64", "n": "22444", "vap": "188", "pvap": "   1,53", "e": "N", "st": "N\u00e3o eleito"}, {"seq": "63", "n": "22222", "vap": "229", "pvap": "   1,86", "e": "N", "st": "N\u00e3o eleito"}, {"seq": "70", "n": "10333", "vap": "24", "pvap": "   0,20", "e": "N", "st": "N\u00e3o eleito"}, {"seq": "67", "n": "10123", "vap": "70", "pvap": "   0,57", "e": "N", "st": "N\u00e3o eleito"}, {"seq": "74", "n": "10987", "vap": "5", "pvap": "   0,04", "e": "N", "st": "N\u00e3o eleito"}, {"seq": "66", "n": "10555", "vap": "84", "pvap": "   0,68", "e": "N", "st": "N\u00e3o eleito"}, {"seq": "71", "n": "10111", "vap": "21", "pvap": "   0,17", "e": "N", "st": "N\u00e3o eleito"}, {"seq": "37", "n": "15015", "vap": "65", "pvap": "   0,53", "e": "N", "st": "Suplente"}, {"seq": "49", "n": "15765", "vap": "23", "pvap": "   0,19", "e": "N", "st": "Suplente"}, {"seq": "18", "n": "15123", "vap": "249", "pvap": "   2,03", "e": "N", "st": "Suplente"}, {"seq": "16", "n": "15000", "vap": "269", "pvap": "   2,19", "e": "N", "st": "Suplente"}, {"seq": "17", "n": "15130", "vap": "256", "pvap": "   2,08", "e": "N", "st": "Suplente"}, {"seq": "5", "n": "15111", "vap": "491", "pvap": "   3,99", "e": "S", "st": "Eleito"}, {"seq": "35", "n": "15150", "vap": "73", "pvap": "   0,59", "e": "N", "st": "Suplente"}, {"seq": "39", "n": "15222", "vap": "61", "pvap": "   0,50", "e": "N", "st": "Suplente"}, {"seq": "28", "n": "15198", "vap": "123", "pvap": "   1,00", "e": "N", "st": "Suplente"}, {"seq": "27", "n": "45200", "vap": "135", "pvap": "   1,10", "e": "N", "st": "Suplente"}, {"seq": "47", "n": "45129", "vap": "36", "pvap": "   0,29", "e": "N", "st": "Suplente"}, {"seq": "45", "n": "45555", "vap": "42", "pvap": "   0,34", "e": "N", "st": "Suplente"}, {"seq": "59", "n": "45633", "vap": "7", "pvap": "   0,06", "e": "N", "st": "Suplente"}, {"seq": "13", "n": "45123", "vap": "417", "pvap": "   3,39", "e": "N", "st": "Suplente"}, {"seq": "12", "n": "45678", "vap": "430", "pvap": "   3,50", "e": "N", "st": "Suplente"}, {"seq": "48", "n": "45130", "vap": "36", "pvap": "   0,29", "e": "N", "st": "Suplente"}, {"seq": "58", "n": "45025", "vap": "8", "pvap": "   0,07", "e": "N", "st": "Suplente"}, {"seq": "7", "n": "45045", "vap": "440", "pvap": "   3,58", "e": "S", "st": "Eleito"}, {"seq": "33", "n": "45333", "vap": "74", "pvap": "   0,60", "e": "N", "st": "Suplente"}, {"seq": "4", "n": "40123", "vap": "498", "pvap": "   4,05", "e": "S", "st": "Eleito"}, {"seq": "57", "n": "40211", "vap": "9", "pvap": "   0,07", "e": "N", "st": "Suplente"}, {"seq": "60", "n": "40456", "vap": "6", "pvap": "   0,05", "e": "N", "st": "Suplente"}, {"seq": "31", "n": "40040", "vap": "103", "pvap": "   0,84", "e": "N", "st": "Suplente"}, {"seq": "11", "n": "40555", "vap": "445", "pvap": "   3,62", "e": "N", "st": "Suplente"}, {"seq": "32", "n": "40444", "vap": "86", "pvap": "   0,70", "e": "N", "st": "Suplente"}, {"seq": "19", "n": "40777", "vap": "221", "pvap": "   1,80", "e": "N", "st": "Suplente"}, {"seq": "2", "n": "40000", "vap": "606", "pvap": "   4,93", "e": "S", "st": "Eleito"}, {"seq": "56", "n": "40400", "vap": "14", "pvap": "   0,11", "e": "N", "st": "Suplente"}, {"seq": "34", "n": "40222", "vap": "73", "pvap": "   0,59", "e": "N", "st": "Suplente"}, {"seq": "30", "n": "40333", "vap": "106", "pvap": "   0,86", "e": "N", "st": "Suplente"}, {"seq": "50", "n": "40045", "vap": "20", "pvap": "   0,16", "e": "N", "st": "Suplente"}, {"seq": "38", "n": "40111", "vap": "62", "pvap": "   0,50", "e": "N", "st": "Suplente"}]}]}