{"ele": "426", "carper": "13", "t": "1", "f": "O", "esae": "N", "mnae": " ", "dg": "15/11/2020", "hg": "22:13:32", "dv": "S", "nadf": "pb20214-c0013-e000426-002-f", "abr": [{"dt": "15/11/2020", "ht": "21:57:37", "tf": "S", "and": "F", "tpabr": "MU", "cdabr": "20214", "s": "66", "st": "66", "snt": "0", "si": "66", "sni": "0", "sa": "66", "sna": "0", "pst": " 100,00", "psnt": "   0,00", "psi": " 100,00", "psni": "   0,00", "psa": " 100,00", "psna": "   0,00", "e": "24253", "ea": "24253", "ena": "0", "esi": "24253", "esni": "0", "c": "20578", "a": "3675", "pea": " 100,00", "pena": "   0,00", "pesi": " 100,00", "pesni": "   0,00", "pa": "  15,15", "pc": "  84,85", "vscv": "0", "vnom": "18427", "vl": "666", "tv": "20578", "vvc": "19093", "vb": "444", "tvn": "1041", "vn": "1041", "vnt": "0", "vp": "0", "vv": "19093", "van": "0", "vansj": "0", "pvnom": "  96,51", "pvl": "   3,49", "pvvc": "  92,78", "pvb": "   2,16", "ptvn": "   5,06", "pvn": " 100,00", "pvnt": "   0,00", "pvp": "   0,00", "pvv": " 100,00", "pvan": "   0,00", "pvansj": "   0,00", "colig": [{"n": "150000058303", "tvtn": "12842", "tvan": "12842", "vag": "9", "tvtl": "524", "tval": "524"}, {"n": "150000067099", "tvtn": "5264", "tvan": "5264", "vag": "4", "tvtl": "98", "tval": "98"}, {"n": "150000123381", "tvtn": "148", "tvan": "148", "vag": "0", "tvtl": "32", "tval": "32"}, {"n": "150000089450", "tvtn": "173", "tvan": "173", "vag": "0", "tvtl": "12", "tval": "12"}], "part": [{"n": "11", "tvtn": "12842", "tvan": "12842", "tvtl": "524", "tval": "524"}, {"n": "20", "tvtn": "5264", "tvan": "5264", "tvtl": "98", "tval": "98"}, {"n": "17", "tvtn": "148", "tvan": "148", "tvtl": "32", "tval": "32"}, {"n": "19", "tvtn": "173", "tvan": "173", "tvtl": "12", "tval": "12"}], "cand": [{"seq": "31", "n": "11666", "vap": "85", "pvap": "   0,45", "e": "N", "st": "Suplente"}, {"seq": "14", "n": "11444", "vap": "782", "pvap": "   4,10", "e": "N", "st": "Suplente"}, {"seq": "4", "n": "11222", "vap": "1059", "pvap": "   5,55", "e": "S", "st": "Eleito"}, {"seq": "18", "n": "11333", "vap": "427", "pvap": "   2,24", "e": "N", "st": "Suplente"}, {"seq": "7", "n": "11123", "vap": "961", "pvap": "   5,03", "e": "S", "st": "Eleito"}, {"seq": "3", "n": "11456", "vap": "1081", "pvap": "   5,66", "e": "S", "st": "Eleito"}, {"seq": "29", "n": "11678", "vap": "163", "pvap": "   0,85", "e": "N", "st": "Suplente"}, {"seq": "1", "n": "11114", "vap": "1244", "pvap": "   6,52", "e": "S", "st": "Eleito"}, {"seq": "15", "n": "11789", "vap": "593", "pvap": "   3,11", "e": "N", "st": "Suplente"}, {"seq": "8", "n": "11567", "vap": "923", "pvap": "   4,83", "e": "S", "st": "Eleito"}, {"seq": "40", "n": "11888", "vap": "17", "pvap": "   0,09", "e": "N", "st": "Suplente"}, {"seq": "9", "n": "11555", "vap": "806", "pvap": "   4,22", "e": "S", "st": "Eleito"}, {"seq": "16", "n": "11611", "vap": "510", "pvap": "   2,67", "e": "N", "st": "Suplente"}, {"seq": "5", "n": "11110", "vap": "1016", "pvap": "   5,32", "e": "S", "st": "Eleito"}, {"seq": "17", "n": "11234", "vap": "449", "pvap": "   2,35", "e": "N", "st": "Suplente"}, {"seq": "6", "n": "11111", "vap": "1010", "pvap": "   5,29", "e": "S", "st": "Eleito"}, {"seq": "32", "n": "11174", "vap": "83", "pvap": "   0,43", "e": "N", "st": "Suplente"}, {"seq": "27", "n": "11999", "vap": "219", "pvap": "   1,15", "e": "N", "st": "Suplente"}, {"seq": "25", "n": "11115", "vap": "252", "pvap": "   1,32", "e": "N", "st": "Suplente"}, {"seq": "2", "n": "11000", "vap": "1162", "pvap": "   6,09", "e": "S", "st": "Eleito"}, {"seq": "33", "n": "20963", "vap": "81", "pvap": "   0,42", "e": "N", "st": "Suplente"}, {"seq": "19", "n": "20222", "vap": "425", "pvap": "   2,23", "e": "N", "st": "Suplente"}, {"seq": "28", "n": "20741", "vap": "194", "pvap": "   1,02", "e": "N", "st": "Suplente"}, {"seq": "37", "n": "20177", "vap": "31", "pvap": "   0,16", "e": "N", "st": "Suplente"}, {"seq": "13", "n": "20789", "vap": "567", "pvap": "   2,97", "e": "S", "st": "Eleito"}, {"seq": "34", "n": "20220", "vap": "59", "pvap": "   0,31", "e": "N", "st": "Suplente"}, {"seq": "10", "n": "20000", "vap": "649", "pvap": "   3,40", "e": "S", "st": "Eleito"}, {"seq": "12", "n": "20123", "vap": "628", "pvap": "   3,29", "e": "S", "st": "Eleito"}, {"seq": "20", "n": "20620", "vap": "390", "pvap": "   2,04", "e": "N", "st": "Suplente"}, {"seq": "38", "n": "20777", "vap": "30", "pvap": "   0,16", "e": "N", "st": "Suplente"}, {"seq": "11", "n": "20120", "vap": "631", "pvap": "   3,30", "e": "S", "st": "Eleito"}, {"seq": "23", "n": "20147", "vap": "264", "pvap": "   1,38", "e": "N", "st": "Suplente"}, {"seq": "26", "n": "20218", "vap": "241", "pvap": "   1,26", "e": "N", "st": "Suplente"}, {"seq": "24", "n": "20999", "vap": "252", "pvap": "   1,32", "e": "N", "st": "Suplente"}, {"seq": "36", "n": "20077", "vap": "39", "pvap": "   0,20", "e": "N", "st": "Suplente"}, {"seq": "35", "n": "20333", "vap": "42", "pvap": "   0,22", "e": "N", "st": "Suplente"}, {"seq": "39", "n": "20360", "vap": "29", "pvap": "   0,15", "e": "N", "st": "Suplente"}, {"seq": "30", "n": "20369", "vap": "89", "pvap": "   0,47", "e": "N", "st": "Suplente"}, {"seq": "22", "n": "20456", "vap": "273", "pvap": "   1,43", "e": "N", "st": "Suplente"}, {"seq": "21", "n": "20678", "vap": "350", "pvap": "   1,83", "e": "N", "st": "Suplente"}, {"seq": "41", "n": "17007", "vap": "74", "pvap": "   0,39", "e": "N", "st": "N\u00e3o eleito"}, {"seq": "48", "n": "17112", "vap": "7", "pvap": "   0,04", "e": "N", "st": "N\u00e3o eleito"}, {"seq": "51", "n": "17678", "vap": "3", "pvap": "   0,02", "e": "N", "st": "N\u00e3o eleito"}, {"seq": "50", "n": "17123", "vap": "5", "pvap": "   0,03", "e": "N", "st": "N\u00e3o eleito"}, {"seq": "42", "n": "17777", "vap": "59", "pvap": "   0,31", "e": "N", "st": "N\u00e3o eleito"}, {"seq": "46", "n": "19999", "vap": "13", "pvap": "   0,07", "e": "N", "st": "N\u00e3o eleito"}, {"seq": "43", "n": "19456", "vap": "51", "pvap": "   0,27", "e": "N", "st": "N\u00e3o eleito"}, {"seq": "44", "n": "19111", "vap": "47", "pvap": "   0,25", "e": "N", "st": "N\u00e3o eleito"}, {"seq": "49", "n": "19712", "vap": "7", "pvap": "   0,04", "e": "N", "st": "N\u00e3o eleito"}, {"seq": "45", "n": "19122", "vap": "44", "pvap": "   0,23", "e": "N", "st": "N\u00e3o eleito"}, {"seq": "47", "n": "19789", "vap": "11", "pvap": "   0,06", "e": "N", "st": "N\u00e3o eleito"}]}, {"dt": "15/11/2020", "ht": "21:57:37", "tf": "S", "and": "F", "tpabr": "ZONA", "cdabr": "19", "s": "66", "st": "66", "snt": "0", "si": "66", "sni": "0", "sa": "66", "sna": "0", "pst": " 100,00", "psnt": "   0,00", "psi": " 100,00", "psni": "   0,00", "psa": " 100,00", "psna": "   0,00", "e": "24253", "ea": "24253", "ena": "0", "esi": "24253", "esni": "0", "a": "3675", "c": "20578", "pea": " 100,00", "pena": "   0,00", "pesi": " 100,00", "pesni": "   0,00", "pa": "  15,15", "pc": "  84,85", "vnom": "18427", "vscv": "0", "vl": "666", "tv": "20578", "vvc": "19093", "vb": "444", "tvn": "1041", "vn": "1041", "vnt": "0", "vp": "0", "vv": "19093", "van": "0", "vansj": "0", "pvnom": "  96,51", "pvl": "   3,49", "pvvc": "  92,78", "pvb": "   2,16", "ptvn": "   5,06", "pvn": " 100,00", "pvnt": "   0,00", "pvp": "   0,00", "pvv": " 100,00", "pvan": "   0,00", "pvansj": "   0,00", "cand": [{"seq": "1", "n": "11114", "vap": "1244", "pvap": "   6,52", "e": "S", "st": "Eleito"}, {"seq": "2", "n": "11000", "vap": "1162", "pvap": "   6,09", "e": "S", "st": "Eleito"}, {"seq": "3", "n": "11456", "vap": "1081", "pvap": "   5,66", "e": "S", "st": "Eleito"}, {"seq": "4", "n": "11222", "vap": "1059", "pvap": "   5,55", "e": "S", "st": "Eleito"}, {"seq": "5", "n": "11110", "vap": "1016", "pvap": "   5,32", "e": "S", "st": "Eleito"}, {"seq": "6", "n": "11111", "vap": "1010", "pvap": "   5,29", "e": "S", "st": "Eleito"}, {"seq": "7", "n": "11123", "vap": "961", "pvap": "   5,03", "e": "S", "st": "Eleito"}, {"seq": "8", "n": "11567", "vap": "923", "pvap": "   4,83", "e": "S", "st": "Eleito"}, {"seq": "9", "n": "11555", "vap": "806", "pvap": "   4,22", "e": "S", "st": "Eleito"}, {"seq": "14", "n": "11444", "vap": "782", "pvap": "   4,10", "e": "N", "st": "Suplente"}, {"seq": "15", "n": "11789", "vap": "593", "pvap": "   3,11", "e": "N", "st": "Suplente"}, {"seq": "16", "n": "11611", "vap": "510", "pvap": "   2,67", "e": "N", "st": "Suplente"}, {"seq": "17", "n": "11234", "vap": "449", "pvap": "   2,35", "e": "N", "st": "Suplente"}, {"seq": "18", "n": "11333", "vap": "427", "pvap": "   2,24", "e": "N", "st": "Suplente"}, {"seq": "25", "n": "11115", "vap": "252", "pvap": "   1,32", "e": "N", "st": "Suplente"}, {"seq": "27", "n": "11999", "vap": "219", "pvap": "   1,15", "e": "N", "st": "Suplente"}, {"seq": "29", "n": "11678", "vap": "163", "pvap": "   0,85", "e": "N", "st": "Suplente"}, {"seq": "31", "n": "11666", "vap": "85", "pvap": "   0,45", "e": "N", "st": "Suplente"}, {"seq": "32", "n": "11174", "vap": "83", "pvap": "   0,43", "e": "N", "st": "Suplente"}, {"seq": "40", "n": "11888", "vap": "17", "pvap": "   0,09", "e": "N", "st": "Suplente"}, {"seq": "43", "n": "19456", "vap": "51", "pvap": "   0,27", "e": "N", "st": "N\u00e3o eleito"}, {"seq": "44", "n": "19111", "vap": "47", "pvap": "   0,25", "e": "N", "st": "N\u00e3o eleito"}, {"seq": "45", "n": "19122", "vap": "44", "pvap": "   0,23", "e": "N", "st": "N\u00e3o eleito"}, {"seq": "46", "n": "19999", "vap": "13", "pvap": "   0,07", "e": "N", "st": "N\u00e3o eleito"}, {"seq": "47", "n": "19789", "vap": "11", "pvap": "   0,06", "e": "N", "st": "N\u00e3o eleito"}, {"seq": "49", "n": "19712", "vap": "7", "pvap": "   0,04", "e": "N", "st": "N\u00e3o eleito"}, {"seq": "10", "n": "20000", "vap": "649", "pvap": "   3,40", "e": "S", "st": "Eleito"}, {"seq": "11", "n": "20120", "vap": "631", "pvap": "   3,30", "e": "S", "st": "Eleito"}, {"seq": "12", "n": "20123", "vap": "628", "pvap": "   3,29", "e": "S", "st": "Eleito"}, {"seq": "13", "n": "20789", "vap": "567", "pvap": "   2,97", "e": "S", "st": "Eleito"}, {"seq": "19", "n": "20222", "vap": "425", "pvap": "   2,23", "e": "N", "st": "Suplente"}, {"seq": "20", "n": "20620", "vap": "390", "pvap": "   2,04", "e": "N", "st": "Suplente"}, {"seq": "21", "n": "20678", "vap": "350", "pvap": "   1,83", "e": "N", "st": "Suplente"}, {"seq": "22", "n": "20456", "vap": "273", "pvap": "   1,43", "e": "N", "st": "Suplente"}, {"seq": "23", "n": "20147", "vap": "264", "pvap": "   1,38", "e": "N", "st": "Suplente"}, {"seq": "24", "n": "20999", "vap": "252", "pvap": "   1,32", "e": "N", "st": "Suplente"}, {"seq": "26", "n": "20218", "vap": "241", "pvap": "   1,26", "e": "N", "st": "Suplente"}, {"seq": "28", "n": "20741", "vap": "194", "pvap": "   1,02", "e": "N", "st": "Suplente"}, {"seq": "30", "n": "20369", "vap": "89", "pvap": "   0,47", "e": "N", "st": "Suplente"}, {"seq": "33", "n": "20963", "vap": "81", "pvap": "   0,42", "e": "N", "st": "Suplente"}, {"seq": "34", "n": "20220", "vap": "59", "pvap": "   0,31", "e": "N", "st": "Suplente"}, {"seq": "35", "n": "20333", "vap": "42", "pvap": "   0,22", "e": "N", "st": "Suplente"}, {"seq": "36", "n": "20077", "vap": "39", "pvap": "   0,20", "e": "N", "st": "Suplente"}, {"seq": "37", "n": "20177", "vap": "31", "pvap": "   0,16", "e": "N", "st": "Suplente"}, {"seq": "38", "n": "20777", "vap": "30", "pvap": "   0,16", "e": "N", "st": "Suplente"}, {"seq": "39", "n": "20360", "vap": "29", "pvap": "   0,15", "e": "N", "st": "Suplente"}, {"seq": "41", "n": "17007", "vap": "74", "pvap": "   0,39", "e": "N", "st": "N\u00e3o eleito"}, {"seq": "42", "n": "17777", "vap": "59", "pvap": "   0,31", "e": "N", "st": "N\u00e3o eleito"}, {"seq": "48", "n": "17112", "vap": "7", "pvap": "   0,04", "e": "N", "st": "N\u00e3o eleito"}, {"seq": "50", "n": "17123", "vap": "5", "pvap": "   0,03", "e": "N", "st": "N\u00e3o eleito"}, {"seq": "51", "n": "17678", "vap": "3", "pvap": "   0,02", "e": "N", "st": "N\u00e3o eleito"}]}]}