{"ele": "426", "carper": "13", "t": "1", "f": "O", "esae": "N", "mnae": " ", "dg": "15/11/2020", "hg": "22:13:31", "dv": "S", "nadf": "pb19950-c0013-e000426-002-f", "abr": [{"dt": "15/11/2020", "ht": "21:46:58", "tf": "S", "and": "F", "tpabr": "MU", "cdabr": "19950", "s": "16", "st": "16", "snt": "0", "si": "16", "sni": "0", "sa": "16", "sna": "0", "pst": " 100,00", "psnt": "   0,00", "psi": " 100,00", "psni": "   0,00", "psa": " 100,00", "psna": "   0,00", "e": "4972", "ea": "4972", "ena": "0", "esi": "4972", "esni": "0", "c": "4500", "a": "472", "pea": " 100,00", "pena": "   0,00", "pesi": " 100,00", "pesni": "   0,00", "pa": "   9,49", "pc": "  90,51", "vscv": "0", "vnom": "4160", "vl": "169", "tv": "4500", "vvc": "4329", "vb": "38", "tvn": "133", "vn": "133", "vnt": "0", "vp": "0", "vv": "4329", "van": "0", "vansj": "0", "pvnom": "  96,10", "pvl": "   3,90", "pvvc": "  96,20", "pvb": "   0,84", "ptvn": "   2,96", "pvn": " 100,00", "pvnt": "   0,00", "pvp": "   0,00", "pvv": " 100,00", "pvan": "   0,00", "pvansj": "   0,00", "colig": [{"n": "150000115367", "tvtn": "984", "tvan": "984", "vag": "2", "tvtl": "69", "tval": "69"}, {"n": "150000125355", "tvtn": "105", "tvan": "105", "vag": "0", "tvtl": "1", "tval": "1"}, {"n": "150000115425", "tvtn": "880", "tvan": "880", "vag": "2", "tvtl": "21", "tval": "21"}, {"n": "150000136134", "tvtn": "2191", "tvan": "2191", "vag": "5", "tvtl": "78", "tval": "78"}], "part": [{"n": "12", "tvtn": "984", "tvan": "984", "tvtl": "69", "tval": "69"}, {"n": "28", "tvtn": "105", "tvan": "105", "tvtl": "1", "tval": "1"}, {"n": "55", "tvtn": "880", "tvan": "880", "tvtl": "21", "tval": "21"}, {"n": "40", "tvtn": "2191", "tvan": "2191", "tvtl": "78", "tval": "78"}], "cand": [{"seq": "2", "n": "12000", "vap": "333", "pvap": "   7,69", "e": "S", "st": "Eleito"}, {"seq": "13", "n": "12333", "vap": "182", "pvap": "   4,20", "e": "N", "st": "Suplente"}, {"seq": "19", "n": "12222", "vap": "33", "pvap": "   0,76", "e": "N", "st": "Suplente"}, {"seq": "26", "n": "12444", "vap": "7", "pvap": "   0,16", "e": "N", "st": "Suplente"}, {"seq": "16", "n": "12345", "vap": "96", "pvap": "   2,22", "e": "N", "st": "Suplente"}, {"seq": "15", "n": "12111", "vap": "129", "pvap": "   2,98", "e": "N", "st": "Suplente"}, {"seq": "9", "n": "12456", "vap": "201", "pvap": "   4,64", "e": "S", "st": "Eleito"}, {"seq": "27", "n": "12123", "vap": "3", "pvap": "   0,07", "e": "N", "st": "Suplente"}, {"seq": "32", "n": "28333", "vap": "3", "pvap": "   0,07", "e": "N", "st": "N\u00e3o eleito"}, {"seq": "31", "n": "28789", "vap": "6", "pvap": "   0,14", "e": "N", "st": "N\u00e3o eleito"}, {"seq": "33", "n": "28000", "vap": "0", "pvap": "00.00", "e": "N", "st": "N\u00e3o eleito"}, {"seq": "28", "n": "28555", "vap": "73", "pvap": "   1,69", "e": "N", "st": "N\u00e3o eleito"}, {"seq": "30", "n": "28123", "vap": "10", "pvap": "   0,23", "e": "N", "st": "N\u00e3o eleito"}, {"seq": "29", "n": "28888", "vap": "13", "pvap": "   0,30", "e": "N", "st": "N\u00e3o eleito"}, {"seq": "23", "n": "55100", "vap": "22", "pvap": "   0,51", "e": "N", "st": "Suplente"}, {"seq": "1", "n": "55123", "vap": "335", "pvap": "   7,74", "e": "S", "st": "Eleito"}, {"seq": "21", "n": "55789", "vap": "24", "pvap": "   0,55", "e": "N", "st": "Suplente"}, {"seq": "6", "n": "55555", "vap": "242", "pvap": "   5,59", "e": "S", "st": "Eleito"}, {"seq": "22", "n": "55000", "vap": "23", "pvap": "   0,53", "e": "N", "st": "Suplente"}, {"seq": "10", "n": "55333", "vap": "234", "pvap": "   5,41", "e": "N", "st": "Suplente"}, {"seq": "18", "n": "40200", "vap": "78", "pvap": "   1,80", "e": "N", "st": "Suplente"}, {"seq": "14", "n": "40789", "vap": "178", "pvap": "   4,11", "e": "N", "st": "Suplente"}, {"seq": "12", "n": "40123", "vap": "215", "pvap": "   4,97", "e": "N", "st": "Suplente"}, {"seq": "8", "n": "40100", "vap": "239", "pvap": "   5,52", "e": "S", "st": "Eleito"}, {"seq": "4", "n": "40111", "vap": "274", "pvap": "   6,33", "e": "S", "st": "Eleito"}, {"seq": "5", "n": "40888", "vap": "273", "pvap": "   6,31", "e": "S", "st": "Eleito"}, {"seq": "7", "n": "40222", "vap": "241", "pvap": "   5,57", "e": "S", "st": "Eleito"}, {"seq": "20", "n": "40444", "vap": "30", "pvap": "   0,69", "e": "N", "st": "Suplente"}, {"seq": "17", "n": "40555", "vap": "88", "pvap": "   2,03", "e": "N", "st": "Suplente"}, {"seq": "24", "n": "40666", "vap": "19", "pvap": "   0,44", "e": "N", "st": "Suplente"}, {"seq": "3", "n": "40133", "vap": "312", "pvap": "   7,21", "e": "S", "st": "Eleito"}, {"seq": "11", "n": "40000", "vap": "227", "pvap": "   5,24", "e": "N", "st": "Suplente"}, {"seq": "25", "n": "40333", "vap": "17", "pvap": "   0,39", "e": "N", "st": "Suplente"}]}, {"dt": "15/11/2020", "ht": "21:46:58", "tf": "S", "and": "F", "tpabr": "ZONA", "cdabr": "43", "s": "16", "st": "16", "snt": "0", "si": "16", "sni": "0", "sa": "16", "sna": "0", "pst": " 100,00", "psnt": "   0,00", "psi": " 100,00", "psni": "   0,00", "psa": " 100,00", "psna": "   0,00", "e": "4972", "ea": "4972", "ena": "0", "esi": "4972", "esni": "0", "a": "472", "c": "4500", "pea": " 100,00", "pena": "   0,00", "pesi": " 100,00", "pesni": "   0,00", "pa": "   9,49", "pc": "  90,51", "vnom": "4160", "vscv": "0", "vl": "169", "tv": "4500", "vvc": "4329", "vb": "38", "tvn": "133", "vn": "133", "vnt": "0", "vp": "0", "vv": "4329", "van": "0", "vansj": "0", "pvnom": "  96,10", "pvl": "   3,90", "pvvc": "  96,20", "pvb": "   0,84", "ptvn": "   2,96", "pvn": " 100,00", "pvnt": "   0,00", "pvp": "   0,00", "pvv": " 100,00", "pvan": "   0,00", "pvansj": "   0,00", "cand": [{"seq": "5", "n": "40888", "vap": "273", "pvap": "   6,31", "e": "S", "st": "Eleito"}, {"seq": "12", "n": "40123", "vap": "215", "pvap": "   4,97", "e": "N", "st": "Suplente"}, {"seq": "24", "n": "40666", "vap": "19", "pvap": "   0,44", "e": "N", "st": "Suplente"}, {"seq": "18", "n": "40200", "vap": "78", "pvap": "   1,80", "e": "N", "st": "Suplente"}, {"seq": "3", "n": "40133", "vap": "312", "pvap": "   7,21", "e": "S", "st": "Eleito"}, {"seq": "4", "n": "40111", "vap": "274", "pvap": "   6,33", "e": "S", "st": "Eleito"}, {"seq": "8", "n": "40100", "vap": "239", "pvap": "   5,52", "e": "S", "st": "Eleito"}, {"seq": "14", "n": "40789", "vap": "178", "pvap": "   4,11", "e": "N", "st": "Suplente"}, {"seq": "7", "n": "40222", "vap": "241", "pvap": "   5,57", "e": "S", "st": "Eleito"}, {"seq": "17", "n": "40555", "vap": "88", "pvap": "   2,03", "e": "N", "st": "Suplente"}, {"seq": "11", "n": "40000", "vap": "227", "pvap": "   5,24", "e": "N", "st": "Suplente"}, {"seq": "20", "n": "40444", "vap": "30", "pvap": "   0,69", "e": "N", "st": "Suplente"}, {"seq": "25", "n": "40333", "vap": "17", "pvap": "   0,39", "e": "N", "st": "Suplente"}, {"seq": "10", "n": "55333", "vap": "234", "pvap": "   5,41", "e": "N", "st": "Suplente"}, {"seq": "22", "n": "55000", "vap": "23", "pvap": "   0,53", "e": "N", "st": "Suplente"}, {"seq": "1", "n": "55123", "vap": "335", "pvap": "   7,74", "e": "S", "st": "Eleito"}, {"seq": "23", "n": "55100", "vap": "22", "pvap": "   0,51", "e": "N", "st": "Suplente"}, {"seq": "21", "n": "55789", "vap": "24", "pvap": "   0,55", "e": "N", "st": "Suplente"}, {"seq": "6", "n": "55555", "vap": "242", "pvap": "   5,59", "e": "S", "st": "Eleito"}, {"seq": "31", "n": "28789", "vap": "6", "pvap": "   0,14", "e": "N", "st": "N\u00e3o eleito"}, {"seq": "32", "n": "28333", "vap": "3", "pvap": "   0,07", "e": "N", "st": "N\u00e3o eleito"}, {"seq": "30", "n": "28123", "vap": "10", "pvap": "   0,23", "e": "N", "st": "N\u00e3o eleito"}, {"seq": "28", "n": "28555", "vap": "73", "pvap": "   1,69", "e": "N", "st": "N\u00e3o eleito"}, {"seq": "29", "n": "28888", "vap": "13", "pvap": "   0,30", "e": "N", "st": "N\u00e3o eleito"}, {"seq": "33", "n": "28000", "vap": "0", "pvap": "00.00", "e": "N", "st": "N\u00e3o eleito"}, {"seq": "19", "n": "12222", "vap": "33", "pvap": "   0,76", "e": "N", "st": "Suplente"}, {"seq": "13", "n": "12333", "vap": "182", "pvap": "   4,20", "e": "N", "st": "Suplente"}, {"seq": "15", "n": "12111", "vap": "129", "pvap": "   2,98", "e": "N", "st": "Suplente"}, {"seq": "9", "n": "12456", "vap": "201", "pvap": "   4,64", "e": "S", "st": "Eleito"}, {"seq": "16", "n": "12345", "vap": "96", "pvap": "   2,22", "e": "N", "st": "Suplente"}, {"seq": "26", "n": "12444", "vap": "7", "pvap": "   0,16", "e": "N", "st": "Suplente"}, {"seq": "2", "n": "12000", "vap": "333", "pvap": "   7,69", "e": "S", "st": "Eleito"}, {"seq": "27", "n": "12123", "vap": "3", "pvap": "   0,07", "e": "N", "st": "Suplente"}]}]}