{"ele": "426", "carper": "13", "t": "1", "f": "O", "esae": "N", "mnae": " ", "dg": "15/11/2020", "hg": "18:56:10", "dv": "S", "nadf": "pb21237-c0013-e000426-002-f", "abr": [{"dt": "15/11/2020", "ht": "18:40:55", "tf": "S", "and": "F", "tpabr": "MU", "cdabr": "21237", "s": "17", "st": "17", "snt": "0", "si": "17", "sni": "0", "sa": "17", "sna": "0", "pst": " 100,00", "psnt": "   0,00", "psi": " 100,00", "psni": "   0,00", "psa": " 100,00", "psna": "   0,00", "e": "5798", "ea": "5798", "ena": "0", "esi": "5798", "esni": "0", "c": "5305", "a": "493", "pea": " 100,00", "pena": "   0,00", "pesi": " 100,00", "pesni": "   0,00", "pa": "   8,50", "pc": "  91,50", "vscv": "0", "vnom": "4820", "vl": "212", "tv": "5305", "vvc": "5032", "vb": "44", "tvn": "229", "vn": "229", "vnt": "0", "vp": "0", "vv": "5032", "van": "0", "vansj": "0", "pvnom": "  95,79", "pvl": "   4,21", "pvvc": "  94,85", "pvb": "   0,83", "ptvn": "   4,32", "pvn": " 100,00", "pvnt": "   0,00", "pvp": "   0,00", "pvv": " 100,00", "pvan": "   0,00", "pvansj": "   0,00", "colig": [{"n": "150000063435", "tvtn": "1889", "tvan": "1889", "vag": "4", "tvtl": "110", "tval": "110"}, {"n": "150000087051", "tvtn": "406", "tvan": "406", "vag": "0", "tvtl": "25", "tval": "25"}, {"n": "150000078287", "tvtn": "649", "tvan": "649", "vag": "1", "tvtl": "41", "tval": "41"}, {"n": "150000088648", "tvtn": "1876", "tvan": "1876", "vag": "4", "tvtl": "36", "tval": "36"}], "part": [{"n": "11", "tvtn": "1889", "tvan": "1889", "tvtl": "110", "tval": "110"}, {"n": "13", "tvtn": "406", "tvan": "406", "tvtl": "25", "tval": "25"}, {"n": "15", "tvtn": "649", "tvan": "649", "tvtl": "41", "tval": "41"}, {"n": "23", "tvtn": "1876", "tvan": "1876", "tvtl": "36", "tval": "36"}], "cand": [{"seq": "23", "n": "11477", "vap": "24", "pvap": "   0,48", "e": "N", "st": "Suplente"}, {"seq": "16", "n": "11369", "vap": "120", "pvap": "   2,38", "e": "N", "st": "Suplente"}, {"seq": "7", "n": "11611", "vap": "226", "pvap": "   4,49", "e": "S", "st": "Eleito"}, {"seq": "20", "n": "11333", "vap": "85", "pvap": "   1,69", "e": "N", "st": "Suplente"}, {"seq": "4", "n": "11456", "vap": "308", "pvap": "   6,12", "e": "S", "st": "Eleito"}, {"seq": "22", "n": "11444", "vap": "46", "pvap": "   0,91", "e": "N", "st": "Suplente"}, {"seq": "21", "n": "11789", "vap": "69", "pvap": "   1,37", "e": "N", "st": "Suplente"}, {"seq": "18", "n": "11258", "vap": "99", "pvap": "   1,97", "e": "N", "st": "Suplente"}, {"seq": "1", "n": "11111", "vap": "425", "pvap": "   8,45", "e": "S", "st": "Eleito"}, {"seq": "28", "n": "11654", "vap": "6", "pvap": "   0,12", "e": "N", "st": "Suplente"}, {"seq": "15", "n": "11222", "vap": "132", "pvap": "   2,62", "e": "N", "st": "Suplente"}, {"seq": "13", "n": "11123", "vap": "167", "pvap": "   3,32", "e": "N", "st": "Suplente"}, {"seq": "9", "n": "11000", "vap": "182", "pvap": "   3,62", "e": "S", "st": "Eleito"}, {"seq": "33", "n": "13123", "vap": "188", "pvap": "   3,74", "e": "N", "st": "N\u00e3o eleito"}, {"seq": "34", "n": "13456", "vap": "28", "pvap": "   0,56", "e": "N", "st": "N\u00e3o eleito"}, {"seq": "32", "n": "13013", "vap": "190", "pvap": "   3,78", "e": "N", "st": "N\u00e3o eleito"}, {"seq": "8", "n": "15000", "vap": "218", "pvap": "   4,33", "e": "S", "st": "Eleito"}, {"seq": "25", "n": "15444", "vap": "18", "pvap": "   0,36", "e": "N", "st": "Suplente"}, {"seq": "31", "n": "15777", "vap": "1", "pvap": "   0,02", "e": "N", "st": "Suplente"}, {"seq": "27", "n": "15101", "vap": "7", "pvap": "   0,14", "e": "N", "st": "Suplente"}, {"seq": "11", "n": "15555", "vap": "182", "pvap": "   3,62", "e": "N", "st": "Suplente"}, {"seq": "24", "n": "15111", "vap": "21", "pvap": "   0,42", "e": "N", "st": "Suplente"}, {"seq": "17", "n": "15789", "vap": "102", "pvap": "   2,03", "e": "N", "st": "Suplente"}, {"seq": "29", "n": "15222", "vap": "5", "pvap": "   0,10", "e": "N", "st": "Suplente"}, {"seq": "19", "n": "15123", "vap": "92", "pvap": "   1,83", "e": "N", "st": "Suplente"}, {"seq": "30", "n": "15333", "vap": "3", "pvap": "   0,06", "e": "N", "st": "Suplente"}, {"seq": "10", "n": "23123", "vap": "246", "pvap": "   4,89", "e": "N", "st": "Suplente"}, {"seq": "6", "n": "23333", "vap": "263", "pvap": "   5,23", "e": "S", "st": "Eleito"}, {"seq": "26", "n": "23444", "vap": "18", "pvap": "   0,36", "e": "N", "st": "Suplente"}, {"seq": "12", "n": "23555", "vap": "173", "pvap": "   3,44", "e": "N", "st": "Suplente"}, {"seq": "14", "n": "23789", "vap": "158", "pvap": "   3,14", "e": "N", "st": "Suplente"}, {"seq": "2", "n": "23000", "vap": "398", "pvap": "   7,91", "e": "S", "st": "Eleito"}, {"seq": "3", "n": "23456", "vap": "331", "pvap": "   6,58", "e": "S", "st": "Eleito"}, {"seq": "5", "n": "23222", "vap": "289", "pvap": "   5,74", "e": "S", "st": "Eleito"}]}, {"dt": "15/11/2020", "ht": "18:40:55", "tf": "S", "and": "F", "tpabr": "ZONA", "cdabr": "25", "s": "17", "st": "17", "snt": "0", "si": "17", "sni": "0", "sa": "17", "sna": "0", "pst": " 100,00", "psnt": "   0,00", "psi": " 100,00", "psni": "   0,00", "psa": " 100,00", "psna": "   0,00", "e": "5798", "ea": "5798", "ena": "0", "esi": "5798", "esni": "0", "a": "493", "c": "5305", "pea": " 100,00", "pena": "   0,00", "pesi": " 100,00", "pesni": "   0,00", "pa": "   8,50", "pc": "  91,50", "vnom": "4820", "vscv": "0", "vl": "212", "tv": "5305", "vvc": "5032", "vb": "44", "tvn": "229", "vn": "229", "vnt": "0", "vp": "0", "vv": "5032", "van": "0", "vansj": "0", "pvnom": "  95,79", "pvl": "   4,21", "pvvc": "  94,85", "pvb": "   0,83", "ptvn": "   4,32", "pvn": " 100,00", "pvnt": "   0,00", "pvp": "   0,00", "pvv": " 100,00", "pvan": "   0,00", "pvansj": "   0,00", "cand": [{"seq": "21", "n": "11789", "vap": "69", "pvap": "   1,37", "e": "N", "st": "Suplente"}, {"seq": "9", "n": "11000", "vap": "182", "pvap": "   3,62", "e": "S", "st": "Eleito"}, {"seq": "18", "n": "11258", "vap": "99", "pvap": "   1,97", "e": "N", "st": "Suplente"}, {"seq": "28", "n": "11654", "vap": "6", "pvap": "   0,12", "e": "N", "st": "Suplente"}, {"seq": "7", "n": "11611", "vap": "226", "pvap": "   4,49", "e": "S", "st": "Eleito"}, {"seq": "4", "n": "11456", "vap": "308", "pvap": "   6,12", "e": "S", "st": "Eleito"}, {"seq": "15", "n": "11222", "vap": "132", "pvap": "   2,62", "e": "N", "st": "Suplente"}, {"seq": "23", "n": "11477", "vap": "24", "pvap": "   0,48", "e": "N", "st": "Suplente"}, {"seq": "20", "n": "11333", "vap": "85", "pvap": "   1,69", "e": "N", "st": "Suplente"}, {"seq": "16", "n": "11369", "vap": "120", "pvap": "   2,38", "e": "N", "st": "Suplente"}, {"seq": "1", "n": "11111", "vap": "425", "pvap": "   8,45", "e": "S", "st": "Eleito"}, {"seq": "22", "n": "11444", "vap": "46", "pvap": "   0,91", "e": "N", "st": "Suplente"}, {"seq": "13", "n": "11123", "vap": "167", "pvap": "   3,32", "e": "N", "st": "Suplente"}, {"seq": "8", "n": "15000", "vap": "218", "pvap": "   4,33", "e": "S", "st": "Eleito"}, {"seq": "30", "n": "15333", "vap": "3", "pvap": "   0,06", "e": "N", "st": "Suplente"}, {"seq": "25", "n": "15444", "vap": "18", "pvap": "   0,36", "e": "N", "st": "Suplente"}, {"seq": "11", "n": "15555", "vap": "182", "pvap": "   3,62", "e": "N", "st": "Suplente"}, {"seq": "19", "n": "15123", "vap": "92", "pvap": "   1,83", "e": "N", "st": "Suplente"}, {"seq": "17", "n": "15789", "vap": "102", "pvap": "   2,03", "e": "N", "st": "Suplente"}, {"seq": "31", "n": "15777", "vap": "1", "pvap": "   0,02", "e": "N", "st": "Suplente"}, {"seq": "24", "n": "15111", "vap": "21", "pvap": "   0,42", "e": "N", "st": "Suplente"}, {"seq": "29", "n": "15222", "vap": "5", "pvap": "   0,10", "e": "N", "st": "Suplente"}, {"seq": "27", "n": "15101", "vap": "7", "pvap": "   0,14", "e": "N", "st": "Suplente"}, {"seq": "6", "n": "23333", "vap": "263", "pvap": "   5,23", "e": "S", "st": "Eleito"}, {"seq": "2", "n": "23000", "vap": "398", "pvap": "   7,91", "e": "S", "st": "Eleito"}, {"seq": "5", "n": "23222", "vap": "289", "pvap": "   5,74", "e": "S", "st": "Eleito"}, {"seq": "10", "n": "23123", "vap": "246", "pvap": "   4,89", "e": "N", "st": "Suplente"}, {"seq": "12", "n": "23555", "vap": "173", "pvap": "   3,44", "e": "N", "st": "Suplente"}, {"seq": "14", "n": "23789", "vap": "158", "pvap": "   3,14", "e": "N", "st": "Suplente"}, {"seq": "3", "n": "23456", "vap": "331", "pvap": "   6,58", "e": "S", "st": "Eleito"}, {"seq": "26", "n": "23444", "vap": "18", "pvap": "   0,36", "e": "N", "st": "Suplente"}, {"seq": "32", "n": "13013", "vap": "190", "pvap": "   3,78", "e": "N", "st": "N\u00e3o eleito"}, {"seq": "34", "n": "13456", "vap": "28", "pvap": "   0,56", "e": "N", "st": "N\u00e3o eleito"}, {"seq": "33", "n": "13123", "vap": "188", "pvap": "   3,74", "e": "N", "st": "N\u00e3o eleito"}]}]}