{"ele": "426", "carper": "13", "t": "1", "f": "O", "esae": "N", "mnae": " ", "dg": "15/11/2020", "hg": "20:15:21", "dv": "S", "nadf": "pb21610-c0013-e000426-003-f", "abr": [{"dt": "15/11/2020", "ht": "19:47:18", "tf": "S", "and": "F", "tpabr": "MU", "cdabr": "21610", "s": "8", "st": "8", "snt": "0", "si": "8", "sni": "0", "sa": "8", "sna": "0", "pst": " 100,00", "psnt": "   0,00", "psi": " 100,00", "psni": "   0,00", "psa": " 100,00", "psna": "   0,00", "e": "3284", "ea": "3284", "ena": "0", "esi": "3284", "esni": "0", "c": "3029", "a": "255", "pea": " 100,00", "pena": "   0,00", "pesi": " 100,00", "pesni": "   0,00", "pa": "   7,76", "pc": "  92,24", "vscv": "0", "vnom": "2832", "vl": "69", "tv": "3029", "vvc": "2901", "vb": "18", "tvn": "110", "vn": "110", "vnt": "0", "vp": "0", "vv": "2901", "van": "0", "vansj": "0", "pvnom": "  97,62", "pvl": "   2,38", "pvvc": "  95,77", "pvb": "   0,60", "ptvn": "   3,63", "pvn": " 100,00", "pvnt": "   0,00", "pvp": "   0,00", "pvv": " 100,00", "pvan": "   0,00", "pvansj": "   0,00", "colig": [{"n": "150000129860", "tvtn": "1597", "tvan": "1597", "vag": "5", "tvtl": "40", "tval": "40"}, {"n": "150000129867", "tvtn": "1235", "tvan": "1235", "vag": "4", "tvtl": "29", "tval": "29"}], "part": [{"n": "45", "tvtn": "1597", "tvan": "1597", "tvtl": "40", "tval": "40"}, {"n": "10", "tvtn": "1235", "tvan": "1235", "tvtl": "29", "tval": "29"}], "cand": [{"seq": "1", "n": "45222", "vap": "390", "pvap": "  13,44", "e": "S", "st": "Eleito"}, {"seq": "5", "n": "45555", "vap": "260", "pvap": "   8,96", "e": "S", "st": "Eleito"}, {"seq": "19", "n": "45777", "vap": "3", "pvap": "   0,10", "e": "N", "st": "Suplente"}, {"seq": "4", "n": "45111", "vap": "293", "pvap": "  10,10", "e": "S", "st": "Eleito"}, {"seq": "11", "n": "45000", "vap": "117", "pvap": "   4,03", "e": "N", "st": "Suplente"}, {"seq": "2", "n": "45678", "vap": "349", "pvap": "  12,03", "e": "S", "st": "Eleito"}, {"seq": "15", "n": "45123", "vap": "29", "pvap": "   1,00", "e": "N", "st": "Suplente"}, {"seq": "16", "n": "45666", "vap": "17", "pvap": "   0,59", "e": "N", "st": "Suplente"}, {"seq": "9", "n": "45444", "vap": "135", "pvap": "   4,65", "e": "S", "st": "Eleito"}, {"seq": "18", "n": "45333", "vap": "4", "pvap": "   0,14", "e": "N", "st": "Suplente"}, {"seq": "10", "n": "10123", "vap": "156", "pvap": "   5,38", "e": "N", "st": "Suplente"}, {"seq": "8", "n": "10555", "vap": "166", "pvap": "   5,72", "e": "S", "st": "Eleito"}, {"seq": "3", "n": "10444", "vap": "320", "pvap": "  11,03", "e": "S", "st": "Eleito"}, {"seq": "12", "n": "10789", "vap": "92", "pvap": "   3,17", "e": "N", "st": "Suplente"}, {"seq": "17", "n": "10234", "vap": "13", "pvap": "   0,45", "e": "N", "st": "Suplente"}, {"seq": "6", "n": "10322", "vap": "193", "pvap": "   6,65", "e": "S", "st": "Eleito"}, {"seq": "7", "n": "10604", "vap": "173", "pvap": "   5,96", "e": "S", "st": "Eleito"}, {"seq": "13", "n": "10456", "vap": "75", "pvap": "   2,59", "e": "N", "st": "Suplente"}, {"seq": "14", "n": "10000", "vap": "47", "pvap": "   1,62", "e": "N", "st": "Suplente"}]}, {"dt": "15/11/2020", "ht": "19:47:18", "tf": "S", "and": "F", "tpabr": "ZONA", "cdabr": "65", "s": "8", "st": "8", "snt": "0", "si": "8", "sni": "0", "sa": "8", "sna": "0", "pst": " 100,00", "psnt": "   0,00", "psi": " 100,00", "psni": "   0,00", "psa": " 100,00", "psna": "   0,00", "e": "3284", "ea": "3284", "ena": "0", "esi": "3284", "esni": "0", "a": "255", "c": "3029", "pea": " 100,00", "pena": "   0,00", "pesi": " 100,00", "pesni": "   0,00", "pa": "   7,76", "pc": "  92,24", "vnom": "2832", "vscv": "0", "vl": "69", "tv": "3029", "vvc": "2901", "vb": "18", "tvn": "110", "vn": "110", "vnt": "0", "vp": "0", "vv": "2901", "van": "0", "vansj": "0", "pvnom": "  97,62", "pvl": "   2,38", "pvvc": "  95,77", "pvb": "   0,60", "ptvn": "   3,63", "pvn": " 100,00", "pvnt": "   0,00", "pvp": "   0,00", "pvv": " 100,00", "pvan": "   0,00", "pvansj": "   0,00", "cand": [{"seq": "1", "n": "45222", "vap": "390", "pvap": "  13,44", "e": "S", "st": "Eleito"}, {"seq": "2", "n": "45678", "vap": "349", "pvap": "  12,03", "e": "S", "st": "Eleito"}, {"seq": "4", "n": "45111", "vap": "293", "pvap": "  10,10", "e": "S", "st": "Eleito"}, {"seq": "5", "n": "45555", "vap": "260", "pvap": "   8,96", "e": "S", "st": "Eleito"}, {"seq": "9", "n": "45444", "vap": "135", "pvap": "   4,65", "e": "S", "st": "Eleito"}, {"seq": "11", "n": "45000", "vap": "117", "pvap": "   4,03", "e": "N", "st": "Suplente"}, {"seq": "15", "n": "45123", "vap": "29", "pvap": "   1,00", "e": "N", "st": "Suplente"}, {"seq": "16", "n": "45666", "vap": "17", "pvap": "   0,59", "e": "N", "st": "Suplente"}, {"seq": "18", "n": "45333", "vap": "4", "pvap": "   0,14", "e": "N", "st": "Suplente"}, {"seq": "19", "n": "45777", "vap": "3", "pvap": "   0,10", "e": "N", "st": "Suplente"}, {"seq": "3", "n": "10444", "vap": "320", "pvap": "  11,03", "e": "S", "st": "Eleito"}, {"seq": "6", "n": "10322", "vap": "193", "pvap": "   6,65", "e": "S", "st": "Eleito"}, {"seq": "7", "n": "10604", "vap": "173", "pvap": "   5,96", "e": "S", "st": "Eleito"}, {"seq": "8", "n": "10555", "vap": "166", "pvap": "   5,72", "e": "S", "st": "Eleito"}, {"seq": "10", "n": "10123", "vap": "156", "pvap": "   5,38", "e": "N", "st": "Suplente"}, {"seq": "12", "n": "10789", "vap": "92", "pvap": "   3,17", "e": "N", "st": "Suplente"}, {"seq": "13", "n": "10456", "vap": "75", "pvap": "   2,59", "e": "N", "st": "Suplente"}, {"seq": "14", "n": "10000", "vap": "47", "pvap": "   1,62", "e": "N", "st": "Suplente"}, {"seq": "17", "n": "10234", "vap": "13", "pvap": "   0,45", "e": "N", "st": "Suplente"}]}]}