{"ele": "426", "carper": "13", "t": "1", "f": "O", "esae": "N", "mnae": " ", "dg": "15/11/2020", "hg": "22:13:38", "dv": "S", "nadf": "pb21857-c0013-e000426-004-f", "abr": [{"dt": "15/11/2020", "ht": "22:03:59", "tf": "S", "and": "F", "tpabr": "MU", "cdabr": "21857", "s": "16", "st": "16", "snt": "0", "si": "16", "sni": "0", "sa": "16", "sna": "0", "pst": " 100,00", "psnt": "   0,00", "psi": " 100,00", "psni": "   0,00", "psa": " 100,00", "psna": "   0,00", "e": "6439", "ea": "6439", "ena": "0", "esi": "6439", "esni": "0", "c": "5568", "a": "871", "pea": " 100,00", "pena": "   0,00", "pesi": " 100,00", "pesni": "   0,00", "pa": "  13,53", "pc": "  86,47", "vscv": "0", "vnom": "4863", "vl": "301", "tv": "5568", "vvc": "5169", "vb": "77", "tvn": "322", "vn": "321", "vnt": "1", "vp": "0", "vv": "5164", "van": "5", "vansj": "0", "pvnom": "  94,17", "pvl": "   5,83", "pvvc": "  92,83", "pvb": "   1,39", "ptvn": "   5,78", "pvn": "  99,69", "pvnt": "   0,31", "pvp": "   0,00", "pvv": "  99,90", "pvan": "   0,10", "pvansj": "   0,00", "colig": [{"n": "150000066821", "tvtn": "1392", "tvan": "1392", "vag": "2", "tvtl": "40", "tval": "40"}, {"n": "150000135022", "tvtn": "3471", "tvan": "3471", "vag": "7", "tvtl": "261", "tval": "261"}, {"n": "150000074306", "tvtn": "0", "tvan": "1", "vag": "0", "tvtl": "0", "tval": "0"}], "part": [{"n": "23", "tvtn": "1392", "tvan": "1392", "tvtl": "40", "tval": "40"}, {"n": "45", "tvtn": "3471", "tvan": "3471", "tvtl": "261", "tval": "261"}, {"n": "77", "tvtn": "0", "tvan": "0", "tvtl": "0", "tval": "0"}], "cand": [{"seq": "15", "n": "23456", "vap": "37", "pvap": "   0,72", "e": "N", "st": "Suplente"}, {"seq": "9", "n": "23000", "vap": "287", "pvap": "   5,55", "e": "S", "st": "Eleito"}, {"seq": "19", "n": "23256", "vap": "6", "pvap": "   0,12", "e": "N", "st": "Suplente"}, {"seq": "18", "n": "23111", "vap": "10", "pvap": "   0,19", "e": "N", "st": "Suplente"}, {"seq": "11", "n": "23555", "vap": "141", "pvap": "   2,73", "e": "N", "st": "Suplente"}, {"seq": "10", "n": "23444", "vap": "219", "pvap": "   4,24", "e": "N", "st": "Suplente"}, {"seq": "3", "n": "23333", "vap": "511", "pvap": "   9,89", "e": "S", "st": "Eleito"}, {"seq": "12", "n": "23123", "vap": "126", "pvap": "   2,44", "e": "N", "st": "Suplente"}, {"seq": "14", "n": "23222", "vap": "55", "pvap": "   1,06", "e": "N", "st": "Suplente"}, {"seq": "5", "n": "45555", "vap": "434", "pvap": "   8,40", "e": "S", "st": "Eleito"}, {"seq": "7", "n": "45123", "vap": "417", "pvap": "   8,07", "e": "S", "st": "Eleito"}, {"seq": "6", "n": "45111", "vap": "426", "pvap": "   8,24", "e": "S", "st": "Eleito"}, {"seq": "16", "n": "45125", "vap": "12", "pvap": "   0,23", "e": "N", "st": "Suplente"}, {"seq": "1", "n": "45333", "vap": "614", "pvap": "  11,88", "e": "S", "st": "Eleito"}, {"seq": "13", "n": "45678", "vap": "94", "pvap": "   1,82", "e": "N", "st": "Suplente"}, {"seq": "2", "n": "45666", "vap": "590", "pvap": "  11,41", "e": "S", "st": "Eleito"}, {"seq": "4", "n": "45245", "vap": "494", "pvap": "   9,56", "e": "S", "st": "Eleito"}, {"seq": "17", "n": "45222", "vap": "12", "pvap": "   0,23", "e": "N", "st": "Suplente"}, {"seq": "8", "n": "45777", "vap": "378", "pvap": "   7,31", "e": "S", "st": "Eleito"}]}, {"dt": "15/11/2020", "ht": "22:03:59", "tf": "S", "and": "F", "tpabr": "ZONA", "cdabr": "52", "s": "16", "st": "16", "snt": "0", "si": "16", "sni": "0", "sa": "16", "sna": "0", "pst": " 100,00", "psnt": "   0,00", "psi": " 100,00", "psni": "   0,00", "psa": " 100,00", "psna": "   0,00", "e": "6439", "ea": "6439", "ena": "0", "esi": "6439", "esni": "0", "a": "871", "c": "5568", "pea": " 100,00", "pena": "   0,00", "pesi": " 100,00", "pesni": "   0,00", "pa": "  13,53", "pc": "  86,47", "vnom": "4863", "vscv": "0", "vl": "301", "tv": "5568", "vvc": "5169", "vb": "77", "tvn": "322", "vn": "321", "vnt": "1", "vp": "0", "vv": "5164", "van": "5", "vansj": "0", "pvnom": "  94,17", "pvl": "   5,83", "pvvc": "  92,83", "pvb": "   1,39", "ptvn": "   5,78", "pvn": "  99,69", "pvnt": "   0,31", "pvp": "   0,00", "pvv": "  99,90", "pvan": "   0,10", "pvansj": "   0,00", "cand": [{"seq": "9", "n": "23000", "vap": "287", "pvap": "   5,55", "e": "S", "st": "Eleito"}, {"seq": "10", "n": "23444", "vap": "219", "pvap": "   4,24", "e": "N", "st": "Suplente"}, {"seq": "15", "n": "23456", "vap": "37", "pvap": "   0,72", "e": "N", "st": "Suplente"}, {"seq": "12", "n": "23123", "vap": "126", "pvap": "   2,44", "e": "N", "st": "Suplente"}, {"seq": "3", "n": "23333", "vap": "511", "pvap": "   9,89", "e": "S", "st": "Eleito"}, {"seq": "14", "n": "23222", "vap": "55", "pvap": "   1,06", "e": "N", "st": "Suplente"}, {"seq": "11", "n": "23555", "vap": "141", "pvap": "   2,73", "e": "N", "st": "Suplente"}, {"seq": "18", "n": "23111", "vap": "10", "pvap": "   0,19", "e": "N", "st": "Suplente"}, {"seq": "19", "n": "23256", "vap": "6", "pvap": "   0,12", "e": "N", "st": "Suplente"}, {"seq": "1", "n": "45333", "vap": "614", "pvap": "  11,88", "e": "S", "st": "Eleito"}, {"seq": "7", "n": "45123", "vap": "417", "pvap": "   8,07", "e": "S", "st": "Eleito"}, {"seq": "8", "n": "45777", "vap": "378", "pvap": "   7,31", "e": "S", "st": "Eleito"}, {"seq": "13", "n": "45678", "vap": "94", "pvap": "   1,82", "e": "N", "st": "Suplente"}, {"seq": "17", "n": "45222", "vap": "12", "pvap": "   0,23", "e": "N", "st": "Suplente"}, {"seq": "4", "n": "45245", "vap": "494", "pvap": "   9,56", "e": "S", "st": "Eleito"}, {"seq": "6", "n": "45111", "vap": "426", "pvap": "   8,24", "e": "S", "st": "Eleito"}, {"seq": "5", "n": "45555", "vap": "434", "pvap": "   8,40", "e": "S", "st": "Eleito"}, {"seq": "16", "n": "45125", "vap": "12", "pvap": "   0,23", "e": "N", "st": "Suplente"}, {"seq": "2", "n": "45666", "vap": "590", "pvap": "  11,41", "e": "S", "st": "Eleito"}]}]}