{"ele": "426", "carper": "13", "t": "1", "f": "O", "esae": "N", "mnae": " ", "dg": "15/11/2020", "hg": "22:39:57", "dv": "S", "nadf": "pe25275-c0013-e000426-003-f", "abr": [{"dt": "15/11/2020", "ht": "22:17:53", "tf": "S", "and": "F", "tpabr": "MU", "cdabr": "25275", "s": "32", "st": "32", "snt": "0", "si": "32", "sni": "0", "sa": "32", "sna": "0", "pst": " 100,00", "psnt": "   0,00", "psi": " 100,00", "psni": "   0,00", "psa": " 100,00", "psna": "   0,00", "e": "11630", "ea": "11630", "ena": "0", "esi": "11630", "esni": "0", "c": "9440", "a": "2190", "pea": " 100,00", "pena": "   0,00", "pesi": " 100,00", "pesni": "   0,00", "pa": "  18,83", "pc": "  81,17", "vscv": "0", "vnom": "8524", "vl": "526", "tv": "9440", "vvc": "9050", "vb": "129", "tvn": "261", "vn": "261", "vnt": "0", "vp": "0", "vv": "9050", "van": "0", "vansj": "0", "pvnom": "  94,19", "pvl": "   5,81", "pvvc": "  95,87", "pvb": "   1,37", "ptvn": "   2,76", "pvn": " 100,00", "pvnt": "   0,00", "pvp": "   0,00", "pvv": " 100,00", "pvan": "   0,00", "pvansj": "   0,00", "colig": [{"n": "170000147110", "tvtn": "1879", "tvan": "1879", "vag": "2", "tvtl": "40", "tval": "40"}, {"n": "170000147014", "tvtn": "1725", "tvan": "1725", "vag": "2", "tvtl": "137", "tval": "137"}, {"n": "170000126943", "tvtn": "2131", "tvan": "2131", "vag": "2", "tvtl": "226", "tval": "226"}, {"n": "170000151457", "tvtn": "1827", "tvan": "1827", "vag": "2", "tvtl": "62", "tval": "62"}, {"n": "170000134959", "tvtn": "962", "tvan": "962", "vag": "1", "tvtl": "61", "tval": "61"}], "part": [{"n": "25", "tvtn": "1879", "tvan": "1879", "tvtl": "40", "tval": "40"}, {"n": "55", "tvtn": "1725", "tvan": "1725", "tvtl": "137", "tval": "137"}, {"n": "40", "tvtn": "2131", "tvan": "2131", "tvtl": "226", "tval": "226"}, {"n": "12", "tvtn": "1827", "tvan": "1827", "tvtl": "62", "tval": "62"}, {"n": "22", "tvtn": "962", "tvan": "962", "tvtl": "61", "tval": "61"}], "cand": [{"seq": "16", "n": "25789", "vap": "208", "pvap": "   2,30", "e": "N", "st": "Suplente"}, {"seq": "9", "n": "25456", "vap": "246", "pvap": "   2,72", "e": "S", "st": "Eleito"}, {"seq": "40", "n": "25345", "vap": "34", "pvap": "   0,38", "e": "N", "st": "Suplente"}, {"seq": "29", "n": "25123", "vap": "104", "pvap": "   1,15", "e": "N", "st": "Suplente"}, {"seq": "5", "n": "25888", "vap": "431", "pvap": "   4,76", "e": "S", "st": "Eleito"}, {"seq": "41", "n": "25333", "vap": "32", "pvap": "   0,35", "e": "N", "st": "Suplente"}, {"seq": "21", "n": "25000", "vap": "174", "pvap": "   1,92", "e": "N", "st": "Suplente"}, {"seq": "23", "n": "25555", "vap": "156", "pvap": "   1,72", "e": "N", "st": "Suplente"}, {"seq": "49", "n": "25777", "vap": "16", "pvap": "   0,18", "e": "N", "st": "Suplente"}, {"seq": "44", "n": "25111", "vap": "24", "pvap": "   0,27", "e": "N", "st": "Suplente"}, {"seq": "14", "n": "25222", "vap": "239", "pvap": "   2,64", "e": "N", "st": "Suplente"}, {"seq": "15", "n": "25125", "vap": "215", "pvap": "   2,38", "e": "N", "st": "Suplente"}, {"seq": "26", "n": "55000", "vap": "137", "pvap": "   1,51", "e": "N", "st": "Suplente"}, {"seq": "7", "n": "55123", "vap": "347", "pvap": "   3,83", "e": "S", "st": "Eleito"}, {"seq": "18", "n": "55555", "vap": "200", "pvap": "   2,21", "e": "N", "st": "Suplente"}, {"seq": "12", "n": "55111", "vap": "275", "pvap": "   3,04", "e": "N", "st": "Suplente"}, {"seq": "8", "n": "55222", "vap": "289", "pvap": "   3,19", "e": "S", "st": "Eleito"}, {"seq": "35", "n": "55122", "vap": "67", "pvap": "   0,74", "e": "N", "st": "Suplente"}, {"seq": "52", "n": "55333", "vap": "9", "pvap": "   0,10", "e": "N", "st": "Suplente"}, {"seq": "25", "n": "55444", "vap": "153", "pvap": "   1,69", "e": "N", "st": "Suplente"}, {"seq": "36", "n": "55777", "vap": "65", "pvap": "   0,72", "e": "N", "st": "Suplente"}, {"seq": "24", "n": "55456", "vap": "154", "pvap": "   1,70", "e": "N", "st": "Suplente"}, {"seq": "42", "n": "55888", "vap": "29", "pvap": "   0,32", "e": "N", "st": "Suplente"}, {"seq": "27", "n": "40234", "vap": "131", "pvap": "   1,45", "e": "N", "st": "Suplente"}, {"seq": "58", "n": "40666", "vap": "0", "pvap": "00.00", "e": "N", "st": "Suplente"}, {"seq": "30", "n": "40888", "vap": "93", "pvap": "   1,03", "e": "N", "st": "Suplente"}, {"seq": "50", "n": "40456", "vap": "14", "pvap": "   0,15", "e": "N", "st": "Suplente"}, {"seq": "1", "n": "40123", "vap": "479", "pvap": "   5,29", "e": "S", "st": "Eleito"}, {"seq": "39", "n": "40321", "vap": "48", "pvap": "   0,53", "e": "N", "st": "Suplente"}, {"seq": "55", "n": "40777", "vap": "3", "pvap": "   0,03", "e": "N", "st": "Suplente"}, {"seq": "2", "n": "40555", "vap": "465", "pvap": "   5,14", "e": "S", "st": "Eleito"}, {"seq": "37", "n": "40345", "vap": "52", "pvap": "   0,57", "e": "N", "st": "Suplente"}, {"seq": "28", "n": "40222", "vap": "121", "pvap": "   1,34", "e": "N", "st": "Suplente"}, {"seq": "19", "n": "40444", "vap": "198", "pvap": "   2,19", "e": "N", "st": "Suplente"}, {"seq": "20", "n": "40333", "vap": "181", "pvap": "   2,00", "e": "N", "st": "Suplente"}, {"seq": "51", "n": "40111", "vap": "10", "pvap": "   0,11", "e": "N", "st": "Suplente"}, {"seq": "11", "n": "40000", "vap": "336", "pvap": "   3,71", "e": "N", "st": "Suplente"}, {"seq": "43", "n": "12363", "vap": "26", "pvap": "   0,29", "e": "N", "st": "Suplente"}, {"seq": "53", "n": "12777", "vap": "5", "pvap": "   0,06", "e": "N", "st": "Suplente"}, {"seq": "57", "n": "12999", "vap": "0", "pvap": "00.00", "e": "N", "st": "Suplente"}, {"seq": "4", "n": "12123", "vap": "434", "pvap": "   4,80", "e": "S", "st": "Eleito"}, {"seq": "56", "n": "12444", "vap": "3", "pvap": "   0,03", "e": "N", "st": "Suplente"}, {"seq": "10", "n": "12555", "vap": "423", "pvap": "   4,67", "e": "N", "st": "Suplente"}, {"seq": "48", "n": "12888", "vap": "17", "pvap": "   0,19", "e": "N", "st": "Suplente"}, {"seq": "3", "n": "12333", "vap": "441", "pvap": "   4,87", "e": "S", "st": "Eleito"}, {"seq": "13", "n": "12111", "vap": "272", "pvap": "   3,01", "e": "N", "st": "Suplente"}, {"seq": "32", "n": "12222", "vap": "79", "pvap": "   0,87", "e": "N", "st": "Suplente"}, {"seq": "33", "n": "12345", "vap": "77", "pvap": "   0,85", "e": "N", "st": "Suplente"}, {"seq": "38", "n": "12000", "vap": "50", "pvap": "   0,55", "e": "N", "st": "Suplente"}, {"seq": "47", "n": "22123", "vap": "20", "pvap": "   0,22", "e": "N", "st": "Suplente"}, {"seq": "45", "n": "22444", "vap": "23", "pvap": "   0,25", "e": "N", "st": "Suplente"}, {"seq": "46", "n": "22333", "vap": "21", "pvap": "   0,23", "e": "N", "st": "Suplente"}, {"seq": "54", "n": "22999", "vap": "4", "pvap": "   0,04", "e": "N", "st": "Suplente"}, {"seq": "34", "n": "22345", "vap": "77", "pvap": "   0,85", "e": "N", "st": "Suplente"}, {"seq": "6", "n": "22000", "vap": "362", "pvap": "   4,00", "e": "S", "st": "Eleito"}, {"seq": "22", "n": "22222", "vap": "167", "pvap": "   1,85", "e": "N", "st": "Suplente"}, {"seq": "17", "n": "22111", "vap": "204", "pvap": "   2,25", "e": "N", "st": "Suplente"}, {"seq": "31", "n": "22555", "vap": "84", "pvap": "   0,93", "e": "N", "st": "Suplente"}]}, {"dt": "15/11/2020", "ht": "22:17:53", "tf": "S", "and": "F", "tpabr": "ZONA", "cdabr": "31", "s": "32", "st": "32", "snt": "0", "si": "32", "sni": "0", "sa": "32", "sna": "0", "pst": " 100,00", "psnt": "   0,00", "psi": " 100,00", "psni": "   0,00", "psa": " 100,00", "psna": "   0,00", "e": "11630", "ea": "11630", "ena": "0", "esi": "11630", "esni": "0", "a": "2190", "c": "9440", "pea": " 100,00", "pena": "   0,00", "pesi": " 100,00", "pesni": "   0,00", "pa": "  18,83", "pc": "  81,17", "vnom": "8524", "vscv": "0", "vl": "526", "tv": "9440", "vvc": "9050", "vb": "129", "tvn": "261", "vn": "261", "vnt": "0", "vp": "0", "vv": "9050", "van": "0", "vansj": "0", "pvnom": "  94,19", "pvl": "   5,81", "pvvc": "  95,87", "pvb": "   1,37", "ptvn": "   2,76", "pvn": " 100,00", "pvnt": "   0,00", "pvp": "   0,00", "pvv": " 100,00", "pvan": "   0,00", "pvansj": "   0,00", "cand": [{"seq": "38", "n": "12000", "vap": "50", "pvap": "   0,55", "e": "N", "st": "Suplente"}, {"seq": "32", "n": "12222", "vap": "79", "pvap": "   0,87", "e": "N", "st": "Suplente"}, {"seq": "43", "n": "12363", "vap": "26", "pvap": "   0,29", "e": "N", "st": "Suplente"}, {"seq": "33", "n": "12345", "vap": "77", "pvap": "   0,85", "e": "N", "st": "Suplente"}, {"seq": "56", "n": "12444", "vap": "3", "pvap": "   0,03", "e": "N", "st": "Suplente"}, {"seq": "4", "n": "12123", "vap": "434", "pvap": "   4,80", "e": "S", "st": "Eleito"}, {"seq": "48", "n": "12888", "vap": "17", "pvap": "   0,19", "e": "N", "st": "Suplente"}, {"seq": "57", "n": "12999", "vap": "0", "pvap": "00.00", "e": "N", "st": "Suplente"}, {"seq": "13", "n": "12111", "vap": "272", "pvap": "   3,01", "e": "N", "st": "Suplente"}, {"seq": "10", "n": "12555", "vap": "423", "pvap": "   4,67", "e": "N", "st": "Suplente"}, {"seq": "53", "n": "12777", "vap": "5", "pvap": "   0,06", "e": "N", "st": "Suplente"}, {"seq": "3", "n": "12333", "vap": "441", "pvap": "   4,87", "e": "S", "st": "Eleito"}, {"seq": "31", "n": "22555", "vap": "84", "pvap": "   0,93", "e": "N", "st": "Suplente"}, {"seq": "45", "n": "22444", "vap": "23", "pvap": "   0,25", "e": "N", "st": "Suplente"}, {"seq": "22", "n": "22222", "vap": "167", "pvap": "   1,85", "e": "N", "st": "Suplente"}, {"seq": "6", "n": "22000", "vap": "362", "pvap": "   4,00", "e": "S", "st": "Eleito"}, {"seq": "47", "n": "22123", "vap": "20", "pvap": "   0,22", "e": "N", "st": "Suplente"}, {"seq": "17", "n": "22111", "vap": "204", "pvap": "   2,25", "e": "N", "st": "Suplente"}, {"seq": "46", "n": "22333", "vap": "21", "pvap": "   0,23", "e": "N", "st": "Suplente"}, {"seq": "34", "n": "22345", "vap": "77", "pvap": "   0,85", "e": "N", "st": "Suplente"}, {"seq": "54", "n": "22999", "vap": "4", "pvap": "   0,04", "e": "N", "st": "Suplente"}, {"seq": "39", "n": "40321", "vap": "48", "pvap": "   0,53", "e": "N", "st": "Suplente"}, {"seq": "50", "n": "40456", "vap": "14", "pvap": "   0,15", "e": "N", "st": "Suplente"}, {"seq": "2", "n": "40555", "vap": "465", "pvap": "   5,14", "e": "S", "st": "Eleito"}, {"seq": "28", "n": "40222", "vap": "121", "pvap": "   1,34", "e": "N", "st": "Suplente"}, {"seq": "30", "n": "40888", "vap": "93", "pvap": "   1,03", "e": "N", "st": "Suplente"}, {"seq": "51", "n": "40111", "vap": "10", "pvap": "   0,11", "e": "N", "st": "Suplente"}, {"seq": "55", "n": "40777", "vap": "3", "pvap": "   0,03", "e": "N", "st": "Suplente"}, {"seq": "58", "n": "40666", "vap": "0", "pvap": "00.00", "e": "N", "st": "Suplente"}, {"seq": "27", "n": "40234", "vap": "131", "pvap": "   1,45", "e": "N", "st": "Suplente"}, {"seq": "20", "n": "40333", "vap": "181", "pvap": "   2,00", "e": "N", "st": "Suplente"}, {"seq": "37", "n": "40345", "vap": "52", "pvap": "   0,57", "e": "N", "st": "Suplente"}, {"seq": "1", "n": "40123", "vap": "479", "pvap": "   5,29", "e": "S", "st": "Eleito"}, {"seq": "19", "n": "40444", "vap": "198", "pvap": "   2,19", "e": "N", "st": "Suplente"}, {"seq": "11", "n": "40000", "vap": "336", "pvap": "   3,71", "e": "N", "st": "Suplente"}, {"seq": "35", "n": "55122", "vap": "67", "pvap": "   0,74", "e": "N", "st": "Suplente"}, {"seq": "7", "n": "55123", "vap": "347", "pvap": "   3,83", "e": "S", "st": "Eleito"}, {"seq": "26", "n": "55000", "vap": "137", "pvap": "   1,51", "e": "N", "st": "Suplente"}, {"seq": "12", "n": "55111", "vap": "275", "pvap": "   3,04", "e": "N", "st": "Suplente"}, {"seq": "25", "n": "55444", "vap": "153", "pvap": "   1,69", "e": "N", "st": "Suplente"}, {"seq": "24", "n": "55456", "vap": "154", "pvap": "   1,70", "e": "N", "st": "Suplente"}, {"seq": "18", "n": "55555", "vap": "200", "pvap": "   2,21", "e": "N", "st": "Suplente"}, {"seq": "36", "n": "55777", "vap": "65", "pvap": "   0,72", "e": "N", "st": "Suplente"}, {"seq": "8", "n": "55222", "vap": "289", "pvap": "   3,19", "e": "S", "st": "Eleito"}, {"seq": "52", "n": "55333", "vap": "9", "pvap": "   0,10", "e": "N", "st": "Suplente"}, {"seq": "42", "n": "55888", "vap": "29", "pvap": "   0,32", "e": "N", "st": "Suplente"}, {"seq": "49", "n": "25777", "vap": "16", "pvap": "   0,18", "e": "N", "st": "Suplente"}, {"seq": "9", "n": "25456", "vap": "246", "pvap": "   2,72", "e": "S", "st": "Eleito"}, {"seq": "41", "n": "25333", "vap": "32", "pvap": "   0,35", "e": "N", "st": "Suplente"}, {"seq": "15", "n": "25125", "vap": "215", "pvap": "   2,38", "e": "N", "st": "Suplente"}, {"seq": "14", "n": "25222", "vap": "239", "pvap": "   2,64", "e": "N", "st": "Suplente"}, {"seq": "21", "n": "25000", "vap": "174", "pvap": "   1,92", "e": "N", "st": "Suplente"}, {"seq": "29", "n": "25123", "vap": "104", "pvap": "   1,15", "e": "N", "st": "Suplente"}, {"seq": "16", "n": "25789", "vap": "208", "pvap": "   2,30", "e": "N", "st": "Suplente"}, {"seq": "23", "n": "25555", "vap": "156", "pvap": "   1,72", "e": "N", "st": "Suplente"}, {"seq": "5", "n": "25888", "vap": "431", "pvap": "   4,76", "e": "S", "st": "Eleito"}, {"seq": "44", "n": "25111", "vap": "24", "pvap": "   0,27", "e": "N", "st": "Suplente"}, {"seq": "40", "n": "25345", "vap": "34", "pvap": "   0,38", "e": "N", "st": "Suplente"}]}]}