{"ele": "426", "carper": "13", "t": "1", "f": "O", "esae": "N", "mnae": " ", "dg": "15/11/2020", "hg": "23:01:31", "dv": "S", "nadf": "pe26158-c0013-e000426-002-f", "abr": [{"dt": "15/11/2020", "ht": "22:41:30", "tf": "S", "and": "F", "tpabr": "MU", "cdabr": "26158", "s": "56", "st": "56", "snt": "0", "si": "56", "sni": "0", "sa": "56", "sna": "0", "pst": " 100,00", "psnt": "   0,00", "psi": " 100,00", "psni": "   0,00", "psa": " 100,00", "psna": "   0,00", "e": "17889", "ea": "17889", "ena": "0", "esi": "17889", "esni": "0", "c": "12983", "a": "4906", "pea": " 100,00", "pena": "   0,00", "pesi": " 100,00", "pesni": "   0,00", "pa": "  27,42", "pc": "  72,58", "vscv": "0", "vnom": "11155", "vl": "833", "tv": "12983", "vvc": "11988", "vb": "204", "tvn": "791", "vn": "790", "vnt": "1", "vp": "0", "vv": "11988", "van": "0", "vansj": "0", "pvnom": "  93,05", "pvl": "   6,95", "pvvc": "  92,34", "pvb": "   1,57", "ptvn": "   6,09", "pvn": "  99,87", "pvnt": "   0,13", "pvp": "   0,00", "pvv": " 100,00", "pvan": "   0,00", "pvansj": "   0,00", "colig": [{"n": "170000076888", "tvtn": "2471", "tvan": "2471", "vag": "3", "tvtl": "328", "tval": "328"}, {"n": "170000076892", "tvtn": "1281", "tvan": "1281", "vag": "1", "tvtl": "127", "tval": "127"}, {"n": "170000134641", "tvtn": "25", "tvan": "26", "vag": "0", "tvtl": "2", "tval": "2"}, {"n": "170000134461", "tvtn": "3757", "tvan": "3757", "vag": "4", "tvtl": "267", "tval": "267"}, {"n": "170000134393", "tvtn": "230", "tvan": "230", "vag": "0", "tvtl": "17", "tval": "17"}, {"n": "170000076897", "tvtn": "1754", "tvan": "1754", "vag": "2", "tvtl": "43", "tval": "43"}, {"n": "170000134492", "tvtn": "1637", "tvan": "1637", "vag": "1", "tvtl": "49", "tval": "49"}], "part": [{"n": "11", "tvtn": "2471", "tvan": "2471", "tvtl": "328", "tval": "328"}, {"n": "15", "tvtn": "1281", "tvan": "1281", "tvtl": "127", "tval": "127"}, {"n": "65", "tvtn": "25", "tvan": "25", "tvtl": "2", "tval": "2"}, {"n": "40", "tvtn": "3757", "tvan": "3757", "tvtl": "267", "tval": "267"}, {"n": "10", "tvtn": "230", "tvan": "230", "tvtl": "17", "tval": "17"}, {"n": "51", "tvtn": "1754", "tvan": "1754", "tvtl": "43", "tval": "43"}, {"n": "13", "tvtn": "1637", "tvan": "1637", "tvtl": "49", "tval": "49"}], "cand": [{"seq": "64", "n": "11303", "vap": "2", "pvap": "   0,02", "e": "N", "st": "Suplente"}, {"seq": "26", "n": "11122", "vap": "121", "pvap": "   1,01", "e": "N", "st": "Suplente"}, {"seq": "56", "n": "11777", "vap": "9", "pvap": "   0,08", "e": "N", "st": "Suplente"}, {"seq": "38", "n": "11121", "vap": "66", "pvap": "   0,55", "e": "N", "st": "Suplente"}, {"seq": "21", "n": "11222", "vap": "163", "pvap": "   1,36", "e": "N", "st": "Suplente"}, {"seq": "67", "n": "11666", "vap": "1", "pvap": "   0,01", "e": "N", "st": "Suplente"}, {"seq": "42", "n": "11234", "vap": "51", "pvap": "   0,43", "e": "N", "st": "Suplente"}, {"seq": "54", "n": "11888", "vap": "17", "pvap": "   0,14", "e": "N", "st": "Suplente"}, {"seq": "46", "n": "11333", "vap": "37", "pvap": "   0,31", "e": "N", "st": "Suplente"}, {"seq": "3", "n": "11111", "vap": "648", "pvap": "   5,41", "e": "S", "st": "Eleito"}, {"seq": "24", "n": "11555", "vap": "135", "pvap": "   1,13", "e": "N", "st": "Suplente"}, {"seq": "4", "n": "11444", "vap": "592", "pvap": "   4,94", "e": "S", "st": "Eleito"}, {"seq": "9", "n": "11000", "vap": "402", "pvap": "   3,35", "e": "S", "st": "Eleito"}, {"seq": "36", "n": "11123", "vap": "68", "pvap": "   0,57", "e": "N", "st": "Suplente"}, {"seq": "22", "n": "11999", "vap": "159", "pvap": "   1,33", "e": "N", "st": "Suplente"}, {"seq": "31", "n": "15000", "vap": "96", "pvap": "   0,80", "e": "N", "st": "Suplente"}, {"seq": "41", "n": "15666", "vap": "53", "pvap": "   0,44", "e": "N", "st": "Suplente"}, {"seq": "59", "n": "15456", "vap": "5", "pvap": "   0,04", "e": "N", "st": "Suplente"}, {"seq": "27", "n": "15777", "vap": "108", "pvap": "   0,90", "e": "N", "st": "Suplente"}, {"seq": "10", "n": "15222", "vap": "373", "pvap": "   3,11", "e": "S", "st": "Eleito"}, {"seq": "20", "n": "15678", "vap": "169", "pvap": "   1,41", "e": "N", "st": "Suplente"}, {"seq": "16", "n": "15444", "vap": "214", "pvap": "   1,79", "e": "N", "st": "Suplente"}, {"seq": "32", "n": "15888", "vap": "87", "pvap": "   0,73", "e": "N", "st": "Suplente"}, {"seq": "48", "n": "15555", "vap": "37", "pvap": "   0,31", "e": "N", "st": "Suplente"}, {"seq": "45", "n": "15333", "vap": "40", "pvap": "   0,33", "e": "N", "st": "Suplente"}, {"seq": "53", "n": "15999", "vap": "20", "pvap": "   0,17", "e": "N", "st": "Suplente"}, {"seq": "43", "n": "15111", "vap": "46", "pvap": "   0,38", "e": "N", "st": "Suplente"}, {"seq": "63", "n": "15602", "vap": "3", "pvap": "   0,03", "e": "N", "st": "Suplente"}, {"seq": "60", "n": "15015", "vap": "4", "pvap": "   0,03", "e": "N", "st": "Suplente"}, {"seq": "51", "n": "15123", "vap": "26", "pvap": "   0,22", "e": "N", "st": "Suplente"}, {"seq": "73", "n": "65555", "vap": "22", "pvap": "   0,18", "e": "N", "st": "N\u00e3o eleito"}, {"seq": "74", "n": "65111", "vap": "3", "pvap": "   0,03", "e": "N", "st": "N\u00e3o eleito"}, {"seq": "44", "n": "40540", "vap": "45", "pvap": "   0,38", "e": "N", "st": "Suplente"}, {"seq": "29", "n": "40440", "vap": "100", "pvap": "   0,83", "e": "N", "st": "Suplente"}, {"seq": "33", "n": "40140", "vap": "87", "pvap": "   0,73", "e": "N", "st": "Suplente"}, {"seq": "23", "n": "40840", "vap": "142", "pvap": "   1,18", "e": "N", "st": "Suplente"}, {"seq": "1", "n": "40999", "vap": "801", "pvap": "   6,68", "e": "S", "st": "Eleito"}, {"seq": "49", "n": "40640", "vap": "36", "pvap": "   0,30", "e": "N", "st": "Suplente"}, {"seq": "5", "n": "40740", "vap": "582", "pvap": "   4,85", "e": "S", "st": "Eleito"}, {"seq": "7", "n": "40333", "vap": "531", "pvap": "   4,43", "e": "S", "st": "Eleito"}, {"seq": "47", "n": "40404", "vap": "37", "pvap": "   0,31", "e": "N", "st": "Suplente"}, {"seq": "13", "n": "40444", "vap": "294", "pvap": "   2,45", "e": "N", "st": "Suplente"}, {"seq": "28", "n": "40888", "vap": "103", "pvap": "   0,86", "e": "N", "st": "Suplente"}, {"seq": "70", "n": "40408", "vap": "0", "pvap": "00.00", "e": "N", "st": "Suplente"}, {"seq": "34", "n": "40400", "vap": "80", "pvap": "   0,67", "e": "N", "st": "Suplente"}, {"seq": "8", "n": "40000", "vap": "507", "pvap": "   4,23", "e": "S", "st": "Eleito"}, {"seq": "17", "n": "40555", "vap": "210", "pvap": "   1,75", "e": "N", "st": "Suplente"}, {"seq": "58", "n": "40340", "vap": "6", "pvap": "   0,05", "e": "N", "st": "Suplente"}, {"seq": "18", "n": "40240", "vap": "196", "pvap": "   1,63", "e": "N", "st": "Suplente"}, {"seq": "71", "n": "10333", "vap": "169", "pvap": "   1,41", "e": "N", "st": "N\u00e3o eleito"}, {"seq": "75", "n": "10123", "vap": "1", "pvap": "   0,01", "e": "N", "st": "N\u00e3o eleito"}, {"seq": "72", "n": "10000", "vap": "60", "pvap": "   0,50", "e": "N", "st": "N\u00e3o eleito"}, {"seq": "6", "n": "51111", "vap": "555", "pvap": "   4,63", "e": "S", "st": "Eleito"}, {"seq": "61", "n": "51999", "vap": "4", "pvap": "   0,03", "e": "N", "st": "Suplente"}, {"seq": "37", "n": "51666", "vap": "67", "pvap": "   0,56", "e": "N", "st": "Suplente"}, {"seq": "50", "n": "51333", "vap": "26", "pvap": "   0,22", "e": "N", "st": "Suplente"}, {"seq": "14", "n": "51555", "vap": "254", "pvap": "   2,12", "e": "N", "st": "Suplente"}, {"seq": "52", "n": "51114", "vap": "23", "pvap": "   0,19", "e": "N", "st": "Suplente"}, {"seq": "11", "n": "51888", "vap": "263", "pvap": "   2,19", "e": "S", "st": "Eleito"}, {"seq": "55", "n": "51234", "vap": "11", "pvap": "   0,09", "e": "N", "st": "Suplente"}, {"seq": "19", "n": "51123", "vap": "177", "pvap": "   1,48", "e": "N", "st": "Suplente"}, {"seq": "15", "n": "51000", "vap": "243", "pvap": "   2,03", "e": "N", "st": "Suplente"}, {"seq": "57", "n": "51444", "vap": "7", "pvap": "   0,06", "e": "N", "st": "Suplente"}, {"seq": "68", "n": "51222", "vap": "1", "pvap": "   0,01", "e": "N", "st": "Suplente"}, {"seq": "25", "n": "51777", "vap": "123", "pvap": "   1,03", "e": "N", "st": "Suplente"}, {"seq": "30", "n": "13000", "vap": "99", "pvap": "   0,83", "e": "N", "st": "Suplente"}, {"seq": "66", "n": "13440", "vap": "2", "pvap": "   0,02", "e": "N", "st": "Suplente"}, {"seq": "35", "n": "13999", "vap": "77", "pvap": "   0,64", "e": "N", "st": "Suplente"}, {"seq": "2", "n": "13333", "vap": "761", "pvap": "   6,35", "e": "S", "st": "Eleito"}, {"seq": "39", "n": "13613", "vap": "60", "pvap": "   0,50", "e": "N", "st": "Suplente"}, {"seq": "69", "n": "13404", "vap": "0", "pvap": "00.00", "e": "N", "st": "Suplente"}, {"seq": "40", "n": "13444", "vap": "57", "pvap": "   0,48", "e": "N", "st": "Suplente"}, {"seq": "65", "n": "13240", "vap": "2", "pvap": "   0,02", "e": "N", "st": "Suplente"}, {"seq": "62", "n": "13222", "vap": "3", "pvap": "   0,03", "e": "N", "st": "Suplente"}, {"seq": "12", "n": "13777", "vap": "576", "pvap": "   4,80", "e": "N", "st": "Suplente"}]}, {"dt": "15/11/2020", "ht": "22:41:30", "tf": "S", "and": "F", "tpabr": "ZONA", "cdabr": "143", "s": "56", "st": "56", "snt": "0", "si": "56", "sni": "0", "sa": "56", "sna": "0", "pst": " 100,00", "psnt": "   0,00", "psi": " 100,00", "psni": "   0,00", "psa": " 100,00", "psna": "   0,00", "e": "17889", "ea": "17889", "ena": "0", "esi": "17889", "esni": "0", "a": "4906", "c": "12983", "pea": " 100,00", "pena": "   0,00", "pesi": " 100,00", "pesni": "   0,00", "pa": "  27,42", "pc": "  72,58", "vnom": "11155", "vscv": "0", "vl": "833", "tv": "12983", "vvc": "11988", "vb": "204", "tvn": "791", "vn": "790", "vnt": "1", "vp": "0", "vv": "11988", "van": "0", "vansj": "0", "pvnom": "  93,05", "pvl": "   6,95", "pvvc": "  92,34", "pvb": "   1,57", "ptvn": "   6,09", "pvn": "  99,87", "pvnt": "   0,13", "pvp": "   0,00", "pvv": " 100,00", "pvan": "   0,00", "pvansj": "   0,00", "cand": [{"seq": "10", "n": "15222", "vap": "373", "pvap": "   3,11", "e": "S", "st": "Eleito"}, {"seq": "16", "n": "15444", "vap": "214", "pvap": "   1,79", "e": "N", "st": "Suplente"}, {"seq": "20", "n": "15678", "vap": "169", "pvap": "   1,41", "e": "N", "st": "Suplente"}, {"seq": "27", "n": "15777", "vap": "108", "pvap": "   0,90", "e": "N", "st": "Suplente"}, {"seq": "31", "n": "15000", "vap": "96", "pvap": "   0,80", "e": "N", "st": "Suplente"}, {"seq": "32", "n": "15888", "vap": "87", "pvap": "   0,73", "e": "N", "st": "Suplente"}, {"seq": "41", "n": "15666", "vap": "53", "pvap": "   0,44", "e": "N", "st": "Suplente"}, {"seq": "43", "n": "15111", "vap": "46", "pvap": "   0,38", "e": "N", "st": "Suplente"}, {"seq": "45", "n": "15333", "vap": "40", "pvap": "   0,33", "e": "N", "st": "Suplente"}, {"seq": "48", "n": "15555", "vap": "37", "pvap": "   0,31", "e": "N", "st": "Suplente"}, {"seq": "51", "n": "15123", "vap": "26", "pvap": "   0,22", "e": "N", "st": "Suplente"}, {"seq": "53", "n": "15999", "vap": "20", "pvap": "   0,17", "e": "N", "st": "Suplente"}, {"seq": "59", "n": "15456", "vap": "5", "pvap": "   0,04", "e": "N", "st": "Suplente"}, {"seq": "60", "n": "15015", "vap": "4", "pvap": "   0,03", "e": "N", "st": "Suplente"}, {"seq": "63", "n": "15602", "vap": "3", "pvap": "   0,03", "e": "N", "st": "Suplente"}, {"seq": "6", "n": "51111", "vap": "555", "pvap": "   4,63", "e": "S", "st": "Eleito"}, {"seq": "11", "n": "51888", "vap": "263", "pvap": "   2,19", "e": "S", "st": "Eleito"}, {"seq": "14", "n": "51555", "vap": "254", "pvap": "   2,12", "e": "N", "st": "Suplente"}, {"seq": "15", "n": "51000", "vap": "243", "pvap": "   2,03", "e": "N", "st": "Suplente"}, {"seq": "19", "n": "51123", "vap": "177", "pvap": "   1,48", "e": "N", "st": "Suplente"}, {"seq": "25", "n": "51777", "vap": "123", "pvap": "   1,03", "e": "N", "st": "Suplente"}, {"seq": "37", "n": "51666", "vap": "67", "pvap": "   0,56", "e": "N", "st": "Suplente"}, {"seq": "50", "n": "51333", "vap": "26", "pvap": "   0,22", "e": "N", "st": "Suplente"}, {"seq": "52", "n": "51114", "vap": "23", "pvap": "   0,19", "e": "N", "st": "Suplente"}, {"seq": "55", "n": "51234", "vap": "11", "pvap": "   0,09", "e": "N", "st": "Suplente"}, {"seq": "57", "n": "51444", "vap": "7", "pvap": "   0,06", "e": "N", "st": "Suplente"}, {"seq": "61", "n": "51999", "vap": "4", "pvap": "   0,03", "e": "N", "st": "Suplente"}, {"seq": "68", "n": "51222", "vap": "1", "pvap": "   0,01", "e": "N", "st": "Suplente"}, {"seq": "2", "n": "13333", "vap": "761", "pvap": "   6,35", "e": "S", "st": "Eleito"}, {"seq": "12", "n": "13777", "vap": "576", "pvap": "   4,80", "e": "N", "st": "Suplente"}, {"seq": "30", "n": "13000", "vap": "99", "pvap": "   0,83", "e": "N", "st": "Suplente"}, {"seq": "35", "n": "13999", "vap": "77", "pvap": "   0,64", "e": "N", "st": "Suplente"}, {"seq": "39", "n": "13613", "vap": "60", "pvap": "   0,50", "e": "N", "st": "Suplente"}, {"seq": "40", "n": "13444", "vap": "57", "pvap": "   0,48", "e": "N", "st": "Suplente"}, {"seq": "62", "n": "13222", "vap": "3", "pvap": "   0,03", "e": "N", "st": "Suplente"}, {"seq": "65", "n": "13240", "vap": "2", "pvap": "   0,02", "e": "N", "st": "Suplente"}, {"seq": "66", "n": "13440", "vap": "2", "pvap": "   0,02", "e": "N", "st": "Suplente"}, {"seq": "69", "n": "13404", "vap": "0", "pvap": "00.00", "e": "N", "st": "Suplente"}, {"seq": "3", "n": "11111", "vap": "648", "pvap": "   5,41", "e": "S", "st": "Eleito"}, {"seq": "4", "n": "11444", "vap": "592", "pvap": "   4,94", "e": "S", "st": "Eleito"}, {"seq": "9", "n": "11000", "vap": "402", "pvap": "   3,35", "e": "S", "st": "Eleito"}, {"seq": "21", "n": "11222", "vap": "163", "pvap": "   1,36", "e": "N", "st": "Suplente"}, {"seq": "22", "n": "11999", "vap": "159", "pvap": "   1,33", "e": "N", "st": "Suplente"}, {"seq": "24", "n": "11555", "vap": "135", "pvap": "   1,13", "e": "N", "st": "Suplente"}, {"seq": "26", "n": "11122", "vap": "121", "pvap": "   1,01", "e": "N", "st": "Suplente"}, {"seq": "36", "n": "11123", "vap": "68", "pvap": "   0,57", "e": "N", "st": "Suplente"}, {"seq": "38", "n": "11121", "vap": "66", "pvap": "   0,55", "e": "N", "st": "Suplente"}, {"seq": "42", "n": "11234", "vap": "51", "pvap": "   0,43", "e": "N", "st": "Suplente"}, {"seq": "46", "n": "11333", "vap": "37", "pvap": "   0,31", "e": "N", "st": "Suplente"}, {"seq": "54", "n": "11888", "vap": "17", "pvap": "   0,14", "e": "N", "st": "Suplente"}, {"seq": "56", "n": "11777", "vap": "9", "pvap": "   0,08", "e": "N", "st": "Suplente"}, {"seq": "64", "n": "11303", "vap": "2", "pvap": "   0,02", "e": "N", "st": "Suplente"}, {"seq": "67", "n": "11666", "vap": "1", "pvap": "   0,01", "e": "N", "st": "Suplente"}, {"seq": "71", "n": "10333", "vap": "169", "pvap": "   1,41", "e": "N", "st": "N\u00e3o eleito"}, {"seq": "72", "n": "10000", "vap": "60", "pvap": "   0,50", "e": "N", "st": "N\u00e3o eleito"}, {"seq": "75", "n": "10123", "vap": "1", "pvap": "   0,01", "e": "N", "st": "N\u00e3o eleito"}, {"seq": "73", "n": "65555", "vap": "22", "pvap": "   0,18", "e": "N", "st": "N\u00e3o eleito"}, {"seq": "74", "n": "65111", "vap": "3", "pvap": "   0,03", "e": "N", "st": "N\u00e3o eleito"}, {"seq": "1", "n": "40999", "vap": "801", "pvap": "   6,68", "e": "S", "st": "Eleito"}, {"seq": "5", "n": "40740", "vap": "582", "pvap": "   4,85", "e": "S", "st": "Eleito"}, {"seq": "7", "n": "40333", "vap": "531", "pvap": "   4,43", "e": "S", "st": "Eleito"}, {"seq": "8", "n": "40000", "vap": "507", "pvap": "   4,23", "e": "S", "st": "Eleito"}, {"seq": "13", "n": "40444", "vap": "294", "pvap": "   2,45", "e": "N", "st": "Suplente"}, {"seq": "17", "n": "40555", "vap": "210", "pvap": "   1,75", "e": "N", "st": "Suplente"}, {"seq": "18", "n": "40240", "vap": "196", "pvap": "   1,63", "e": "N", "st": "Suplente"}, {"seq": "23", "n": "40840", "vap": "142", "pvap": "   1,18", "e": "N", "st": "Suplente"}, {"seq": "28", "n": "40888", "vap": "103", "pvap": "   0,86", "e": "N", "st": "Suplente"}, {"seq": "29", "n": "40440", "vap": "100", "pvap": "   0,83", "e": "N", "st": "Suplente"}, {"seq": "33", "n": "40140", "vap": "87", "pvap": "   0,73", "e": "N", "st": "Suplente"}, {"seq": "34", "n": "40400", "vap": "80", "pvap": "   0,67", "e": "N", "st": "Suplente"}, {"seq": "44", "n": "40540", "vap": "45", "pvap": "   0,38", "e": "N", "st": "Suplente"}, {"seq": "47", "n": "40404", "vap": "37", "pvap": "   0,31", "e": "N", "st": "Suplente"}, {"seq": "49", "n": "40640", "vap": "36", "pvap": "   0,30", "e": "N", "st": "Suplente"}, {"seq": "58", "n": "40340", "vap": "6", "pvap": "   0,05", "e": "N", "st": "Suplente"}, {"seq": "70", "n": "40408", "vap": "0", "pvap": "00.00", "e": "N", "st": "Suplente"}]}]}