{"ele": "426", "carper": "13", "t": "1", "f": "O", "esae": "N", "mnae": " ", "dg": "15/11/2020", "hg": "22:14:54", "dv": "S", "nadf": "pi10111-c0013-e000426-002-f", "abr": [{"dt": "15/11/2020", "ht": "21:12:37", "tf": "S", "and": "F", "tpabr": "MU", "cdabr": "10111", "s": "22", "st": "22", "snt": "0", "si": "22", "sni": "0", "sa": "22", "sna": "0", "pst": " 100,00", "psnt": "   0,00", "psi": " 100,00", "psni": "   0,00", "psa": " 100,00", "psna": "   0,00", "e": "6474", "ea": "6474", "ena": "0", "esi": "6474", "esni": "0", "c": "5595", "a": "879", "pea": " 100,00", "pena": "   0,00", "pesi": " 100,00", "pesni": "   0,00", "pa": "  13,58", "pc": "  86,42", "vscv": "0", "vnom": "5183", "vl": "232", "tv": "5595", "vvc": "5415", "vb": "41", "tvn": "139", "vn": "139", "vnt": "0", "vp": "0", "vv": "5415", "van": "0", "vansj": "0", "pvnom": "  95,72", "pvl": "   4,28", "pvvc": "  96,78", "pvb": "   0,74", "ptvn": "   2,48", "pvn": " 100,00", "pvnt": "   0,00", "pvp": "   0,00", "pvv": " 100,00", "pvan": "   0,00", "pvansj": "   0,00", "colig": [{"n": "180000094037", "tvtn": "1208", "tvan": "1208", "vag": "2", "tvtl": "79", "tval": "79"}, {"n": "180000066945", "tvtn": "1350", "tvan": "1350", "vag": "3", "tvtl": "103", "tval": "103"}, {"n": "180000066946", "tvtn": "1789", "tvan": "1789", "vag": "3", "tvtl": "32", "tval": "32"}, {"n": "180000066958", "tvtn": "836", "tvan": "836", "vag": "1", "tvtl": "18", "tval": "18"}], "part": [{"n": "11", "tvtn": "1208", "tvan": "1208", "tvtl": "79", "tval": "79"}, {"n": "15", "tvtn": "1350", "tvan": "1350", "tvtl": "103", "tval": "103"}, {"n": "22", "tvtn": "1789", "tvan": "1789", "tvtl": "32", "tval": "32"}, {"n": "13", "tvtn": "836", "tvan": "836", "tvtl": "18", "tval": "18"}], "cand": [{"seq": "5", "n": "11000", "vap": "307", "pvap": "   5,67", "e": "S", "st": "Eleito"}, {"seq": "19", "n": "11236", "vap": "126", "pvap": "   2,33", "e": "N", "st": "Suplente"}, {"seq": "20", "n": "11444", "vap": "125", "pvap": "   2,31", "e": "N", "st": "Suplente"}, {"seq": "29", "n": "11333", "vap": "43", "pvap": "   0,79", "e": "N", "st": "Suplente"}, {"seq": "13", "n": "11555", "vap": "167", "pvap": "   3,08", "e": "N", "st": "Suplente"}, {"seq": "2", "n": "11111", "vap": "331", "pvap": "   6,11", "e": "S", "st": "Eleito"}, {"seq": "24", "n": "11222", "vap": "103", "pvap": "   1,90", "e": "N", "st": "Suplente"}, {"seq": "36", "n": "11123", "vap": "6", "pvap": "   0,11", "e": "N", "st": "Suplente"}, {"seq": "10", "n": "15999", "vap": "192", "pvap": "   3,55", "e": "N", "st": "Suplente"}, {"seq": "26", "n": "15111", "vap": "49", "pvap": "   0,90", "e": "N", "st": "Suplente"}, {"seq": "33", "n": "15398", "vap": "17", "pvap": "   0,31", "e": "N", "st": "Suplente"}, {"seq": "28", "n": "15000", "vap": "44", "pvap": "   0,81", "e": "N", "st": "Suplente"}, {"seq": "1", "n": "15555", "vap": "378", "pvap": "   6,98", "e": "S", "st": "Eleito"}, {"seq": "35", "n": "15333", "vap": "13", "pvap": "   0,24", "e": "N", "st": "Suplente"}, {"seq": "7", "n": "15123", "vap": "277", "pvap": "   5,12", "e": "S", "st": "Eleito"}, {"seq": "30", "n": "15014", "vap": "40", "pvap": "   0,74", "e": "N", "st": "Suplente"}, {"seq": "32", "n": "15678", "vap": "21", "pvap": "   0,39", "e": "N", "st": "Suplente"}, {"seq": "3", "n": "15777", "vap": "319", "pvap": "   5,89", "e": "S", "st": "Eleito"}, {"seq": "16", "n": "22666", "vap": "139", "pvap": "   2,57", "e": "N", "st": "Suplente"}, {"seq": "23", "n": "22555", "vap": "106", "pvap": "   1,96", "e": "N", "st": "Suplente"}, {"seq": "6", "n": "22444", "vap": "285", "pvap": "   5,26", "e": "S", "st": "Eleito"}, {"seq": "21", "n": "22345", "vap": "115", "pvap": "   2,12", "e": "N", "st": "Suplente"}, {"seq": "9", "n": "22222", "vap": "215", "pvap": "   3,97", "e": "S", "st": "Eleito"}, {"seq": "4", "n": "22000", "vap": "307", "pvap": "   5,67", "e": "S", "st": "Eleito"}, {"seq": "17", "n": "22111", "vap": "137", "pvap": "   2,53", "e": "N", "st": "Suplente"}, {"seq": "14", "n": "22123", "vap": "161", "pvap": "   2,97", "e": "N", "st": "Suplente"}, {"seq": "15", "n": "22888", "vap": "140", "pvap": "   2,59", "e": "N", "st": "Suplente"}, {"seq": "11", "n": "22333", "vap": "184", "pvap": "   3,40", "e": "N", "st": "Suplente"}, {"seq": "12", "n": "13123", "vap": "177", "pvap": "   3,27", "e": "N", "st": "Suplente"}, {"seq": "18", "n": "13333", "vap": "136", "pvap": "   2,51", "e": "N", "st": "Suplente"}, {"seq": "8", "n": "13444", "vap": "238", "pvap": "   4,40", "e": "S", "st": "Eleito"}, {"seq": "31", "n": "13111", "vap": "29", "pvap": "   0,54", "e": "N", "st": "Suplente"}, {"seq": "27", "n": "13015", "vap": "47", "pvap": "   0,87", "e": "N", "st": "Suplente"}, {"seq": "25", "n": "13222", "vap": "86", "pvap": "   1,59", "e": "N", "st": "Suplente"}, {"seq": "34", "n": "13555", "vap": "16", "pvap": "   0,30", "e": "N", "st": "Suplente"}, {"seq": "22", "n": "13456", "vap": "107", "pvap": "   1,98", "e": "N", "st": "Suplente"}]}, {"dt": "15/11/2020", "ht": "21:12:37", "tf": "S", "and": "F", "tpabr": "ZONA", "cdabr": "84", "s": "22", "st": "22", "snt": "0", "si": "22", "sni": "0", "sa": "22", "sna": "0", "pst": " 100,00", "psnt": "   0,00", "psi": " 100,00", "psni": "   0,00", "psa": " 100,00", "psna": "   0,00", "e": "6474", "ea": "6474", "ena": "0", "esi": "6474", "esni": "0", "a": "879", "c": "5595", "pea": " 100,00", "pena": "   0,00", "pesi": " 100,00", "pesni": "   0,00", "pa": "  13,58", "pc": "  86,42", "vnom": "5183", "vscv": "0", "vl": "232", "tv": "5595", "vvc": "5415", "vb": "41", "tvn": "139", "vn": "139", "vnt": "0", "vp": "0", "vv": "5415", "van": "0", "vansj": "0", "pvnom": "  95,72", "pvl": "   4,28", "pvvc": "  96,78", "pvb": "   0,74", "ptvn": "   2,48", "pvn": " 100,00", "pvnt": "   0,00", "pvp": "   0,00", "pvv": " 100,00", "pvan": "   0,00", "pvansj": "   0,00", "cand": [{"seq": "34", "n": "13555", "vap": "16", "pvap": "   0,30", "e": "N", "st": "Suplente"}, {"seq": "12", "n": "13123", "vap": "177", "pvap": "   3,27", "e": "N", "st": "Suplente"}, {"seq": "22", "n": "13456", "vap": "107", "pvap": "   1,98", "e": "N", "st": "Suplente"}, {"seq": "18", "n": "13333", "vap": "136", "pvap": "   2,51", "e": "N", "st": "Suplente"}, {"seq": "25", "n": "13222", "vap": "86", "pvap": "   1,59", "e": "N", "st": "Suplente"}, {"seq": "31", "n": "13111", "vap": "29", "pvap": "   0,54", "e": "N", "st": "Suplente"}, {"seq": "8", "n": "13444", "vap": "238", "pvap": "   4,40", "e": "S", "st": "Eleito"}, {"seq": "27", "n": "13015", "vap": "47", "pvap": "   0,87", "e": "N", "st": "Suplente"}, {"seq": "2", "n": "11111", "vap": "331", "pvap": "   6,11", "e": "S", "st": "Eleito"}, {"seq": "19", "n": "11236", "vap": "126", "pvap": "   2,33", "e": "N", "st": "Suplente"}, {"seq": "29", "n": "11333", "vap": "43", "pvap": "   0,79", "e": "N", "st": "Suplente"}, {"seq": "24", "n": "11222", "vap": "103", "pvap": "   1,90", "e": "N", "st": "Suplente"}, {"seq": "5", "n": "11000", "vap": "307", "pvap": "   5,67", "e": "S", "st": "Eleito"}, {"seq": "20", "n": "11444", "vap": "125", "pvap": "   2,31", "e": "N", "st": "Suplente"}, {"seq": "36", "n": "11123", "vap": "6", "pvap": "   0,11", "e": "N", "st": "Suplente"}, {"seq": "13", "n": "11555", "vap": "167", "pvap": "   3,08", "e": "N", "st": "Suplente"}, {"seq": "15", "n": "22888", "vap": "140", "pvap": "   2,59", "e": "N", "st": "Suplente"}, {"seq": "16", "n": "22666", "vap": "139", "pvap": "   2,57", "e": "N", "st": "Suplente"}, {"seq": "6", "n": "22444", "vap": "285", "pvap": "   5,26", "e": "S", "st": "Eleito"}, {"seq": "11", "n": "22333", "vap": "184", "pvap": "   3,40", "e": "N", "st": "Suplente"}, {"seq": "9", "n": "22222", "vap": "215", "pvap": "   3,97", "e": "S", "st": "Eleito"}, {"seq": "4", "n": "22000", "vap": "307", "pvap": "   5,67", "e": "S", "st": "Eleito"}, {"seq": "21", "n": "22345", "vap": "115", "pvap": "   2,12", "e": "N", "st": "Suplente"}, {"seq": "17", "n": "22111", "vap": "137", "pvap": "   2,53", "e": "N", "st": "Suplente"}, {"seq": "23", "n": "22555", "vap": "106", "pvap": "   1,96", "e": "N", "st": "Suplente"}, {"seq": "14", "n": "22123", "vap": "161", "pvap": "   2,97", "e": "N", "st": "Suplente"}, {"seq": "35", "n": "15333", "vap": "13", "pvap": "   0,24", "e": "N", "st": "Suplente"}, {"seq": "3", "n": "15777", "vap": "319", "pvap": "   5,89", "e": "S", "st": "Eleito"}, {"seq": "30", "n": "15014", "vap": "40", "pvap": "   0,74", "e": "N", "st": "Suplente"}, {"seq": "1", "n": "15555", "vap": "378", "pvap": "   6,98", "e": "S", "st": "Eleito"}, {"seq": "33", "n": "15398", "vap": "17", "pvap": "   0,31", "e": "N", "st": "Suplente"}, {"seq": "10", "n": "15999", "vap": "192", "pvap": "   3,55", "e": "N", "st": "Suplente"}, {"seq": "32", "n": "15678", "vap": "21", "pvap": "   0,39", "e": "N", "st": "Suplente"}, {"seq": "28", "n": "15000", "vap": "44", "pvap": "   0,81", "e": "N", "st": "Suplente"}, {"seq": "7", "n": "15123", "vap": "277", "pvap": "   5,12", "e": "S", "st": "Eleito"}, {"seq": "26", "n": "15111", "vap": "49", "pvap": "   0,90", "e": "N", "st": "Suplente"}]}]}