{"ele": "426", "carper": "13", "t": "1", "f": "O", "esae": "N", "mnae": " ", "dg": "16/11/2020", "hg": "00:28:40", "dv": "S", "nadf": "pi12238-c0013-e000426-002-f", "abr": [{"dt": "15/11/2020", "ht": "23:46:16", "tf": "S", "and": "F", "tpabr": "MU", "cdabr": "12238", "s": "60", "st": "60", "snt": "0", "si": "60", "sni": "0", "sa": "60", "sna": "0", "pst": " 100,00", "psnt": "   0,00", "psi": " 100,00", "psni": "   0,00", "psa": " 100,00", "psna": "   0,00", "e": "16721", "ea": "16721", "ena": "0", "esi": "16721", "esni": "0", "c": "14288", "a": "2433", "pea": " 100,00", "pena": "   0,00", "pesi": " 100,00", "pesni": "   0,00", "pa": "  14,55", "pc": "  85,45", "vscv": "0", "vnom": "12978", "vl": "838", "tv": "14288", "vvc": "13816", "vb": "152", "tvn": "320", "vn": "320", "vnt": "0", "vp": "0", "vv": "13816", "van": "0", "vansj": "0", "pvnom": "  93,93", "pvl": "   6,07", "pvvc": "  96,70", "pvb": "   1,06", "ptvn": "   2,24", "pvn": " 100,00", "pvnt": "   0,00", "pvp": "   0,00", "pvv": " 100,00", "pvan": "   0,00", "pvansj": "   0,00", "colig": [{"n": "180000125964", "tvtn": "4216", "tvan": "4216", "vag": "5", "tvtl": "376", "tval": "376"}, {"n": "180000104813", "tvtn": "3044", "tvan": "3044", "vag": "3", "tvtl": "253", "tval": "253"}, {"n": "180000150413", "tvtn": "695", "tvan": "695", "vag": "0", "tvtl": "56", "tval": "56"}, {"n": "180000085164", "tvtn": "43", "tvan": "43", "vag": "0", "tvtl": "7", "tval": "7"}, {"n": "180000143932", "tvtn": "375", "tvan": "375", "vag": "0", "tvtl": "5", "tval": "5"}, {"n": "180000104794", "tvtn": "751", "tvan": "751", "vag": "0", "tvtl": "15", "tval": "15"}, {"n": "180000104812", "tvtn": "1555", "tvan": "1555", "vag": "1", "tvtl": "65", "tval": "65"}, {"n": "180000085289", "tvtn": "2299", "tvan": "2299", "vag": "2", "tvtl": "61", "tval": "61"}], "part": [{"n": "11", "tvtn": "4216", "tvan": "4216", "tvtl": "376", "tval": "376"}, {"n": "15", "tvtn": "3044", "tvan": "3044", "tvtl": "253", "tval": "253"}, {"n": "12", "tvtn": "695", "tvan": "695", "tvtl": "56", "tval": "56"}, {"n": "20", "tvtn": "43", "tvan": "43", "tvtl": "7", "tval": "7"}, {"n": "43", "tvtn": "375", "tvan": "375", "tvtl": "5", "tval": "5"}, {"n": "14", "tvtn": "751", "tvan": "751", "tvtl": "15", "tval": "15"}, {"n": "13", "tvtn": "1555", "tvan": "1555", "tvtl": "65", "tval": "65"}, {"n": "77", "tvtn": "2299", "tvan": "2299", "tvtl": "61", "tval": "61"}], "cand": [{"seq": "19", "n": "11123", "vap": "293", "pvap": "   2,12", "e": "N", "st": "Suplente"}, {"seq": "23", "n": "11110", "vap": "247", "pvap": "   1,79", "e": "N", "st": "Suplente"}, {"seq": "15", "n": "11111", "vap": "350", "pvap": "   2,53", "e": "N", "st": "Suplente"}, {"seq": "9", "n": "11369", "vap": "438", "pvap": "   3,17", "e": "S", "st": "Eleito"}, {"seq": "3", "n": "11456", "vap": "538", "pvap": "   3,89", "e": "S", "st": "Eleito"}, {"seq": "6", "n": "11100", "vap": "464", "pvap": "   3,36", "e": "S", "st": "Eleito"}, {"seq": "12", "n": "11000", "vap": "419", "pvap": "   3,03", "e": "N", "st": "Suplente"}, {"seq": "25", "n": "11321", "vap": "215", "pvap": "   1,56", "e": "N", "st": "Suplente"}, {"seq": "31", "n": "11022", "vap": "116", "pvap": "   0,84", "e": "N", "st": "Suplente"}, {"seq": "22", "n": "11222", "vap": "257", "pvap": "   1,86", "e": "N", "st": "Suplente"}, {"seq": "7", "n": "11122", "vap": "457", "pvap": "   3,31", "e": "S", "st": "Eleito"}, {"seq": "10", "n": "11234", "vap": "422", "pvap": "   3,05", "e": "S", "st": "Eleito"}, {"seq": "17", "n": "15111", "vap": "323", "pvap": "   2,34", "e": "N", "st": "Suplente"}, {"seq": "14", "n": "15678", "vap": "371", "pvap": "   2,69", "e": "N", "st": "Suplente"}, {"seq": "8", "n": "15000", "vap": "450", "pvap": "   3,26", "e": "S", "st": "Eleito"}, {"seq": "26", "n": "15555", "vap": "213", "pvap": "   1,54", "e": "N", "st": "Suplente"}, {"seq": "2", "n": "15110", "vap": "584", "pvap": "   4,23", "e": "S", "st": "Eleito"}, {"seq": "1", "n": "15222", "vap": "677", "pvap": "   4,90", "e": "S", "st": "Eleito"}, {"seq": "33", "n": "15456", "vap": "96", "pvap": "   0,69", "e": "N", "st": "Suplente"}, {"seq": "43", "n": "15333", "vap": "11", "pvap": "   0,08", "e": "N", "st": "Suplente"}, {"seq": "18", "n": "15123", "vap": "309", "pvap": "   2,24", "e": "N", "st": "Suplente"}, {"seq": "44", "n": "15112", "vap": "10", "pvap": "   0,07", "e": "N", "st": "Suplente"}, {"seq": "69", "n": "12000", "vap": "10", "pvap": "   0,07", "e": "N", "st": "N\u00e3o eleito"}, {"seq": "54", "n": "12551", "vap": "60", "pvap": "   0,43", "e": "N", "st": "N\u00e3o eleito"}, {"seq": "70", "n": "12100", "vap": "9", "pvap": "   0,07", "e": "N", "st": "N\u00e3o eleito"}, {"seq": "71", "n": "12555", "vap": "9", "pvap": "   0,07", "e": "N", "st": "N\u00e3o eleito"}, {"seq": "50", "n": "12222", "vap": "103", "pvap": "   0,75", "e": "N", "st": "N\u00e3o eleito"}, {"seq": "68", "n": "12444", "vap": "12", "pvap": "   0,09", "e": "N", "st": "N\u00e3o eleito"}, {"seq": "46", "n": "12345", "vap": "408", "pvap": "   2,95", "e": "N", "st": "N\u00e3o eleito"}, {"seq": "62", "n": "12234", "vap": "23", "pvap": "   0,17", "e": "N", "st": "N\u00e3o eleito"}, {"seq": "60", "n": "12333", "vap": "24", "pvap": "   0,17", "e": "N", "st": "N\u00e3o eleito"}, {"seq": "56", "n": "12111", "vap": "37", "pvap": "   0,27", "e": "N", "st": "N\u00e3o eleito"}, {"seq": "64", "n": "20123", "vap": "19", "pvap": "   0,14", "e": "N", "st": "N\u00e3o eleito"}, {"seq": "72", "n": "20020", "vap": "7", "pvap": "   0,05", "e": "N", "st": "N\u00e3o eleito"}, {"seq": "66", "n": "20220", "vap": "17", "pvap": "   0,12", "e": "N", "st": "N\u00e3o eleito"}, {"seq": "65", "n": "43315", "vap": "18", "pvap": "   0,13", "e": "N", "st": "N\u00e3o eleito"}, {"seq": "52", "n": "43319", "vap": "81", "pvap": "   0,59", "e": "N", "st": "N\u00e3o eleito"}, {"seq": "67", "n": "43321", "vap": "17", "pvap": "   0,12", "e": "N", "st": "N\u00e3o eleito"}, {"seq": "57", "n": "43311", "vap": "37", "pvap": "   0,27", "e": "N", "st": "N\u00e3o eleito"}, {"seq": "63", "n": "43312", "vap": "20", "pvap": "   0,14", "e": "N", "st": "N\u00e3o eleito"}, {"seq": "51", "n": "43322", "vap": "101", "pvap": "   0,73", "e": "N", "st": "N\u00e3o eleito"}, {"seq": "73", "n": "43313", "vap": "2", "pvap": "   0,01", "e": "N", "st": "N\u00e3o eleito"}, {"seq": "61", "n": "43310", "vap": "23", "pvap": "   0,17", "e": "N", "st": "N\u00e3o eleito"}, {"seq": "74", "n": "43316", "vap": "1", "pvap": "   0,01", "e": "N", "st": "N\u00e3o eleito"}, {"seq": "75", "n": "43314", "vap": "0", "pvap": "00.00", "e": "N", "st": "N\u00e3o eleito"}, {"seq": "55", "n": "43317", "vap": "47", "pvap": "   0,34", "e": "N", "st": "N\u00e3o eleito"}, {"seq": "58", "n": "43320", "vap": "28", "pvap": "   0,20", "e": "N", "st": "N\u00e3o eleito"}, {"seq": "49", "n": "14555", "vap": "132", "pvap": "   0,96", "e": "N", "st": "N\u00e3o eleito"}, {"seq": "48", "n": "14789", "vap": "173", "pvap": "   1,25", "e": "N", "st": "N\u00e3o eleito"}, {"seq": "53", "n": "14111", "vap": "74", "pvap": "   0,54", "e": "N", "st": "N\u00e3o eleito"}, {"seq": "47", "n": "14444", "vap": "345", "pvap": "   2,50", "e": "N", "st": "N\u00e3o eleito"}, {"seq": "59", "n": "14000", "vap": "27", "pvap": "   0,20", "e": "N", "st": "N\u00e3o eleito"}, {"seq": "28", "n": "13000", "vap": "137", "pvap": "   0,99", "e": "N", "st": "Suplente"}, {"seq": "37", "n": "13567", "vap": "43", "pvap": "   0,31", "e": "N", "st": "Suplente"}, {"seq": "35", "n": "13369", "vap": "57", "pvap": "   0,41", "e": "N", "st": "Suplente"}, {"seq": "4", "n": "13123", "vap": "474", "pvap": "   3,43", "e": "S", "st": "Eleito"}, {"seq": "41", "n": "13333", "vap": "24", "pvap": "   0,17", "e": "N", "st": "Suplente"}, {"seq": "45", "n": "13222", "vap": "4", "pvap": "   0,03", "e": "N", "st": "Suplente"}, {"seq": "21", "n": "13111", "vap": "263", "pvap": "   1,90", "e": "N", "st": "Suplente"}, {"seq": "30", "n": "13234", "vap": "118", "pvap": "   0,85", "e": "N", "st": "Suplente"}, {"seq": "24", "n": "13147", "vap": "241", "pvap": "   1,74", "e": "N", "st": "Suplente"}, {"seq": "39", "n": "13131", "vap": "31", "pvap": "   0,22", "e": "N", "st": "Suplente"}, {"seq": "27", "n": "13456", "vap": "163", "pvap": "   1,18", "e": "N", "st": "Suplente"}, {"seq": "29", "n": "77123", "vap": "131", "pvap": "   0,95", "e": "N", "st": "Suplente"}, {"seq": "16", "n": "77444", "vap": "341", "pvap": "   2,47", "e": "N", "st": "Suplente"}, {"seq": "38", "n": "77555", "vap": "38", "pvap": "   0,28", "e": "N", "st": "Suplente"}, {"seq": "20", "n": "77345", "vap": "273", "pvap": "   1,98", "e": "N", "st": "Suplente"}, {"seq": "11", "n": "77888", "vap": "398", "pvap": "   2,88", "e": "S", "st": "Eleito"}, {"seq": "42", "n": "77890", "vap": "16", "pvap": "   0,12", "e": "N", "st": "Suplente"}, {"seq": "13", "n": "77777", "vap": "388", "pvap": "   2,81", "e": "N", "st": "Suplente"}, {"seq": "34", "n": "77789", "vap": "70", "pvap": "   0,51", "e": "N", "st": "Suplente"}, {"seq": "40", "n": "77111", "vap": "27", "pvap": "   0,20", "e": "N", "st": "Suplente"}, {"seq": "5", "n": "77456", "vap": "470", "pvap": "   3,40", "e": "S", "st": "Eleito"}, {"seq": "32", "n": "77000", "vap": "101", "pvap": "   0,73", "e": "N", "st": "Suplente"}, {"seq": "36", "n": "77222", "vap": "46", "pvap": "   0,33", "e": "N", "st": "Suplente"}]}, {"dt": "15/11/2020", "ht": "23:46:16", "tf": "S", "and": "F", "tpabr": "ZONA", "cdabr": "14", "s": "60", "st": "60", "snt": "0", "si": "60", "sni": "0", "sa": "60", "sna": "0", "pst": " 100,00", "psnt": "   0,00", "psi": " 100,00", "psni": "   0,00", "psa": " 100,00", "psna": "   0,00", "e": "16721", "ea": "16721", "ena": "0", "esi": "16721", "esni": "0", "a": "2433", "c": "14288", "pea": " 100,00", "pena": "   0,00", "pesi": " 100,00", "pesni": "   0,00", "pa": "  14,55", "pc": "  85,45", "vnom": "12978", "vscv": "0", "vl": "838", "tv": "14288", "vvc": "13816", "vb": "152", "tvn": "320", "vn": "320", "vnt": "0", "vp": "0", "vv": "13816", "van": "0", "vansj": "0", "pvnom": "  93,93", "pvl": "   6,07", "pvvc": "  96,70", "pvb": "   1,06", "ptvn": "   2,24", "pvn": " 100,00", "pvnt": "   0,00", "pvp": "   0,00", "pvv": " 100,00", "pvan": "   0,00", "pvansj": "   0,00", "cand": [{"seq": "64", "n": "20123", "vap": "19", "pvap": "   0,14", "e": "N", "st": "N\u00e3o eleito"}, {"seq": "66", "n": "20220", "vap": "17", "pvap": "   0,12", "e": "N", "st": "N\u00e3o eleito"}, {"seq": "72", "n": "20020", "vap": "7", "pvap": "   0,05", "e": "N", "st": "N\u00e3o eleito"}, {"seq": "5", "n": "77456", "vap": "470", "pvap": "   3,40", "e": "S", "st": "Eleito"}, {"seq": "11", "n": "77888", "vap": "398", "pvap": "   2,88", "e": "S", "st": "Eleito"}, {"seq": "13", "n": "77777", "vap": "388", "pvap": "   2,81", "e": "N", "st": "Suplente"}, {"seq": "16", "n": "77444", "vap": "341", "pvap": "   2,47", "e": "N", "st": "Suplente"}, {"seq": "20", "n": "77345", "vap": "273", "pvap": "   1,98", "e": "N", "st": "Suplente"}, {"seq": "29", "n": "77123", "vap": "131", "pvap": "   0,95", "e": "N", "st": "Suplente"}, {"seq": "32", "n": "77000", "vap": "101", "pvap": "   0,73", "e": "N", "st": "Suplente"}, {"seq": "34", "n": "77789", "vap": "70", "pvap": "   0,51", "e": "N", "st": "Suplente"}, {"seq": "36", "n": "77222", "vap": "46", "pvap": "   0,33", "e": "N", "st": "Suplente"}, {"seq": "38", "n": "77555", "vap": "38", "pvap": "   0,28", "e": "N", "st": "Suplente"}, {"seq": "40", "n": "77111", "vap": "27", "pvap": "   0,20", "e": "N", "st": "Suplente"}, {"seq": "42", "n": "77890", "vap": "16", "pvap": "   0,12", "e": "N", "st": "Suplente"}, {"seq": "51", "n": "43322", "vap": "101", "pvap": "   0,73", "e": "N", "st": "N\u00e3o eleito"}, {"seq": "52", "n": "43319", "vap": "81", "pvap": "   0,59", "e": "N", "st": "N\u00e3o eleito"}, {"seq": "55", "n": "43317", "vap": "47", "pvap": "   0,34", "e": "N", "st": "N\u00e3o eleito"}, {"seq": "57", "n": "43311", "vap": "37", "pvap": "   0,27", "e": "N", "st": "N\u00e3o eleito"}, {"seq": "58", "n": "43320", "vap": "28", "pvap": "   0,20", "e": "N", "st": "N\u00e3o eleito"}, {"seq": "61", "n": "43310", "vap": "23", "pvap": "   0,17", "e": "N", "st": "N\u00e3o eleito"}, {"seq": "63", "n": "43312", "vap": "20", "pvap": "   0,14", "e": "N", "st": "N\u00e3o eleito"}, {"seq": "65", "n": "43315", "vap": "18", "pvap": "   0,13", "e": "N", "st": "N\u00e3o eleito"}, {"seq": "67", "n": "43321", "vap": "17", "pvap": "   0,12", "e": "N", "st": "N\u00e3o eleito"}, {"seq": "73", "n": "43313", "vap": "2", "pvap": "   0,01", "e": "N", "st": "N\u00e3o eleito"}, {"seq": "74", "n": "43316", "vap": "1", "pvap": "   0,01", "e": "N", "st": "N\u00e3o eleito"}, {"seq": "75", "n": "43314", "vap": "0", "pvap": "00.00", "e": "N", "st": "N\u00e3o eleito"}, {"seq": "3", "n": "11456", "vap": "538", "pvap": "   3,89", "e": "S", "st": "Eleito"}, {"seq": "6", "n": "11100", "vap": "464", "pvap": "   3,36", "e": "S", "st": "Eleito"}, {"seq": "7", "n": "11122", "vap": "457", "pvap": "   3,31", "e": "S", "st": "Eleito"}, {"seq": "9", "n": "11369", "vap": "438", "pvap": "   3,17", "e": "S", "st": "Eleito"}, {"seq": "10", "n": "11234", "vap": "422", "pvap": "   3,05", "e": "S", "st": "Eleito"}, {"seq": "12", "n": "11000", "vap": "419", "pvap": "   3,03", "e": "N", "st": "Suplente"}, {"seq": "15", "n": "11111", "vap": "350", "pvap": "   2,53", "e": "N", "st": "Suplente"}, {"seq": "19", "n": "11123", "vap": "293", "pvap": "   2,12", "e": "N", "st": "Suplente"}, {"seq": "22", "n": "11222", "vap": "257", "pvap": "   1,86", "e": "N", "st": "Suplente"}, {"seq": "23", "n": "11110", "vap": "247", "pvap": "   1,79", "e": "N", "st": "Suplente"}, {"seq": "25", "n": "11321", "vap": "215", "pvap": "   1,56", "e": "N", "st": "Suplente"}, {"seq": "31", "n": "11022", "vap": "116", "pvap": "   0,84", "e": "N", "st": "Suplente"}, {"seq": "46", "n": "12345", "vap": "408", "pvap": "   2,95", "e": "N", "st": "N\u00e3o eleito"}, {"seq": "50", "n": "12222", "vap": "103", "pvap": "   0,75", "e": "N", "st": "N\u00e3o eleito"}, {"seq": "54", "n": "12551", "vap": "60", "pvap": "   0,43", "e": "N", "st": "N\u00e3o eleito"}, {"seq": "56", "n": "12111", "vap": "37", "pvap": "   0,27", "e": "N", "st": "N\u00e3o eleito"}, {"seq": "60", "n": "12333", "vap": "24", "pvap": "   0,17", "e": "N", "st": "N\u00e3o eleito"}, {"seq": "62", "n": "12234", "vap": "23", "pvap": "   0,17", "e": "N", "st": "N\u00e3o eleito"}, {"seq": "68", "n": "12444", "vap": "12", "pvap": "   0,09", "e": "N", "st": "N\u00e3o eleito"}, {"seq": "69", "n": "12000", "vap": "10", "pvap": "   0,07", "e": "N", "st": "N\u00e3o eleito"}, {"seq": "70", "n": "12100", "vap": "9", "pvap": "   0,07", "e": "N", "st": "N\u00e3o eleito"}, {"seq": "71", "n": "12555", "vap": "9", "pvap": "   0,07", "e": "N", "st": "N\u00e3o eleito"}, {"seq": "47", "n": "14444", "vap": "345", "pvap": "   2,50", "e": "N", "st": "N\u00e3o eleito"}, {"seq": "48", "n": "14789", "vap": "173", "pvap": "   1,25", "e": "N", "st": "N\u00e3o eleito"}, {"seq": "49", "n": "14555", "vap": "132", "pvap": "   0,96", "e": "N", "st": "N\u00e3o eleito"}, {"seq": "53", "n": "14111", "vap": "74", "pvap": "   0,54", "e": "N", "st": "N\u00e3o eleito"}, {"seq": "59", "n": "14000", "vap": "27", "pvap": "   0,20", "e": "N", "st": "N\u00e3o eleito"}, {"seq": "4", "n": "13123", "vap": "474", "pvap": "   3,43", "e": "S", "st": "Eleito"}, {"seq": "21", "n": "13111", "vap": "263", "pvap": "   1,90", "e": "N", "st": "Suplente"}, {"seq": "24", "n": "13147", "vap": "241", "pvap": "   1,74", "e": "N", "st": "Suplente"}, {"seq": "27", "n": "13456", "vap": "163", "pvap": "   1,18", "e": "N", "st": "Suplente"}, {"seq": "28", "n": "13000", "vap": "137", "pvap": "   0,99", "e": "N", "st": "Suplente"}, {"seq": "30", "n": "13234", "vap": "118", "pvap": "   0,85", "e": "N", "st": "Suplente"}, {"seq": "35", "n": "13369", "vap": "57", "pvap": "   0,41", "e": "N", "st": "Suplente"}, {"seq": "37", "n": "13567", "vap": "43", "pvap": "   0,31", "e": "N", "st": "Suplente"}, {"seq": "39", "n": "13131", "vap": "31", "pvap": "   0,22", "e": "N", "st": "Suplente"}, {"seq": "41", "n": "13333", "vap": "24", "pvap": "   0,17", "e": "N", "st": "Suplente"}, {"seq": "45", "n": "13222", "vap": "4", "pvap": "   0,03", "e": "N", "st": "Suplente"}, {"seq": "1", "n": "15222", "vap": "677", "pvap": "   4,90", "e": "S", "st": "Eleito"}, {"seq": "2", "n": "15110", "vap": "584", "pvap": "   4,23", "e": "S", "st": "Eleito"}, {"seq": "8", "n": "15000", "vap": "450", "pvap": "   3,26", "e": "S", "st": "Eleito"}, {"seq": "14", "n": "15678", "vap": "371", "pvap": "   2,69", "e": "N", "st": "Suplente"}, {"seq": "17", "n": "15111", "vap": "323", "pvap": "   2,34", "e": "N", "st": "Suplente"}, {"seq": "18", "n": "15123", "vap": "309", "pvap": "   2,24", "e": "N", "st": "Suplente"}, {"seq": "26", "n": "15555", "vap": "213", "pvap": "   1,54", "e": "N", "st": "Suplente"}, {"seq": "33", "n": "15456", "vap": "96", "pvap": "   0,69", "e": "N", "st": "Suplente"}, {"seq": "43", "n": "15333", "vap": "11", "pvap": "   0,08", "e": "N", "st": "Suplente"}, {"seq": "44", "n": "15112", "vap": "10", "pvap": "   0,07", "e": "N", "st": "Suplente"}]}]}