{"ele": "426", "carper": "13", "t": "1", "f": "O", "esae": "N", "mnae": " ", "dg": "15/11/2020", "hg": "22:38:03", "dv": "S", "nadf": "pi12092-c0013-e000426-002-f", "abr": [{"dt": "15/11/2020", "ht": "22:15:22", "tf": "S", "and": "F", "tpabr": "MU", "cdabr": "12092", "s": "34", "st": "34", "snt": "0", "si": "34", "sni": "0", "sa": "34", "sna": "0", "pst": " 100,00", "psnt": "   0,00", "psi": " 100,00", "psni": "   0,00", "psa": " 100,00", "psna": "   0,00", "e": "10552", "ea": "10552", "ena": "0", "esi": "10552", "esni": "0", "c": "9231", "a": "1321", "pea": " 100,00", "pena": "   0,00", "pesi": " 100,00", "pesni": "   0,00", "pa": "  12,52", "pc": "  87,48", "vscv": "0", "vnom": "8434", "vl": "495", "tv": "9231", "vvc": "8929", "vb": "49", "tvn": "253", "vn": "252", "vnt": "1", "vp": "0", "vv": "8929", "van": "0", "vansj": "0", "pvnom": "  94,46", "pvl": "   5,54", "pvvc": "  96,73", "pvb": "   0,53", "ptvn": "   2,74", "pvn": "  99,60", "pvnt": "   0,40", "pvp": "   0,00", "pvv": " 100,00", "pvan": "   0,00", "pvansj": "   0,00", "colig": [{"n": "180000147763", "tvtn": "3932", "tvan": "3932", "vag": "5", "tvtl": "238", "tval": "238"}, {"n": "180000147735", "tvtn": "1527", "tvan": "1527", "vag": "2", "tvtl": "46", "tval": "46"}, {"n": "180000111742", "tvtn": "702", "tvan": "702", "vag": "0", "tvtl": "36", "tval": "36"}, {"n": "180000111638", "tvtn": "726", "tvan": "726", "vag": "1", "tvtl": "24", "tval": "24"}, {"n": "180000147804", "tvtn": "429", "tvan": "429", "vag": "0", "tvtl": "21", "tval": "21"}, {"n": "180000112190", "tvtn": "790", "tvan": "791", "vag": "1", "tvtl": "35", "tval": "35"}, {"n": "180000146935", "tvtn": "328", "tvan": "328", "vag": "0", "tvtl": "95", "tval": "95"}], "part": [{"n": "11", "tvtn": "3932", "tvan": "3932", "tvtl": "238", "tval": "238"}, {"n": "15", "tvtn": "1527", "tvan": "1527", "tvtl": "46", "tval": "46"}, {"n": "22", "tvtn": "702", "tvan": "702", "tvtl": "36", "tval": "36"}, {"n": "14", "tvtn": "726", "tvan": "726", "tvtl": "24", "tval": "24"}, {"n": "13", "tvtn": "429", "tvan": "429", "tvtl": "21", "tval": "21"}, {"n": "45", "tvtn": "790", "tvan": "790", "tvtl": "35", "tval": "35"}, {"n": "10", "tvtn": "328", "tvan": "328", "tvtl": "95", "tval": "95"}], "cand": [{"seq": "6", "n": "11123", "vap": "341", "pvap": "   3,82", "e": "S", "st": "Eleito"}, {"seq": "12", "n": "11369", "vap": "311", "pvap": "   3,48", "e": "N", "st": "Suplente"}, {"seq": "4", "n": "11222", "vap": "379", "pvap": "   4,24", "e": "S", "st": "Eleito"}, {"seq": "5", "n": "11000", "vap": "355", "pvap": "   3,98", "e": "S", "st": "Eleito"}, {"seq": "11", "n": "11111", "vap": "323", "pvap": "   3,62", "e": "N", "st": "Suplente"}, {"seq": "1", "n": "11789", "vap": "604", "pvap": "   6,76", "e": "S", "st": "Eleito"}, {"seq": "13", "n": "11345", "vap": "289", "pvap": "   3,24", "e": "N", "st": "Suplente"}, {"seq": "16", "n": "11321", "vap": "214", "pvap": "   2,40", "e": "N", "st": "Suplente"}, {"seq": "23", "n": "11234", "vap": "118", "pvap": "   1,32", "e": "N", "st": "Suplente"}, {"seq": "17", "n": "11444", "vap": "185", "pvap": "   2,07", "e": "N", "st": "Suplente"}, {"seq": "35", "n": "11555", "vap": "29", "pvap": "   0,32", "e": "N", "st": "Suplente"}, {"seq": "2", "n": "11478", "vap": "461", "pvap": "   5,16", "e": "S", "st": "Eleito"}, {"seq": "10", "n": "11456", "vap": "323", "pvap": "   3,62", "e": "N", "st": "Suplente"}, {"seq": "7", "n": "15678", "vap": "312", "pvap": "   3,49", "e": "S", "st": "Eleito"}, {"seq": "41", "n": "15333", "vap": "9", "pvap": "   0,10", "e": "N", "st": "Suplente"}, {"seq": "38", "n": "15444", "vap": "16", "pvap": "   0,18", "e": "N", "st": "Suplente"}, {"seq": "22", "n": "15321", "vap": "118", "pvap": "   1,32", "e": "N", "st": "Suplente"}, {"seq": "39", "n": "15222", "vap": "13", "pvap": "   0,15", "e": "N", "st": "Suplente"}, {"seq": "3", "n": "15123", "vap": "401", "pvap": "   4,49", "e": "S", "st": "Eleito"}, {"seq": "15", "n": "15111", "vap": "228", "pvap": "   2,55", "e": "N", "st": "Suplente"}, {"seq": "18", "n": "15000", "vap": "167", "pvap": "   1,87", "e": "N", "st": "Suplente"}, {"seq": "14", "n": "15555", "vap": "263", "pvap": "   2,95", "e": "N", "st": "Suplente"}, {"seq": "45", "n": "22000", "vap": "175", "pvap": "   1,96", "e": "N", "st": "N\u00e3o eleito"}, {"seq": "63", "n": "22111", "vap": "12", "pvap": "   0,13", "e": "N", "st": "N\u00e3o eleito"}, {"seq": "48", "n": "22555", "vap": "79", "pvap": "   0,88", "e": "N", "st": "N\u00e3o eleito"}, {"seq": "67", "n": "22999", "vap": "5", "pvap": "   0,06", "e": "N", "st": "N\u00e3o eleito"}, {"seq": "43", "n": "22222", "vap": "327", "pvap": "   3,66", "e": "N", "st": "N\u00e3o eleito"}, {"seq": "49", "n": "22789", "vap": "74", "pvap": "   0,83", "e": "N", "st": "N\u00e3o eleito"}, {"seq": "60", "n": "22123", "vap": "14", "pvap": "   0,16", "e": "N", "st": "N\u00e3o eleito"}, {"seq": "64", "n": "22456", "vap": "10", "pvap": "   0,11", "e": "N", "st": "N\u00e3o eleito"}, {"seq": "65", "n": "22345", "vap": "6", "pvap": "   0,07", "e": "N", "st": "N\u00e3o eleito"}, {"seq": "20", "n": "14444", "vap": "137", "pvap": "   1,53", "e": "N", "st": "Suplente"}, {"seq": "37", "n": "14555", "vap": "17", "pvap": "   0,19", "e": "N", "st": "Suplente"}, {"seq": "34", "n": "14222", "vap": "36", "pvap": "   0,40", "e": "N", "st": "Suplente"}, {"seq": "26", "n": "14000", "vap": "83", "pvap": "   0,93", "e": "N", "st": "Suplente"}, {"seq": "24", "n": "14224", "vap": "99", "pvap": "   1,11", "e": "N", "st": "Suplente"}, {"seq": "32", "n": "14122", "vap": "42", "pvap": "   0,47", "e": "N", "st": "Suplente"}, {"seq": "27", "n": "14123", "vap": "67", "pvap": "   0,75", "e": "N", "st": "Suplente"}, {"seq": "28", "n": "14111", "vap": "58", "pvap": "   0,65", "e": "N", "st": "Suplente"}, {"seq": "9", "n": "14456", "vap": "179", "pvap": "   2,00", "e": "S", "st": "Eleito"}, {"seq": "42", "n": "14950", "vap": "8", "pvap": "   0,09", "e": "N", "st": "Suplente"}, {"seq": "62", "n": "13456", "vap": "13", "pvap": "   0,15", "e": "N", "st": "N\u00e3o eleito"}, {"seq": "46", "n": "13333", "vap": "123", "pvap": "   1,38", "e": "N", "st": "N\u00e3o eleito"}, {"seq": "51", "n": "13000", "vap": "41", "pvap": "   0,46", "e": "N", "st": "N\u00e3o eleito"}, {"seq": "59", "n": "13666", "vap": "16", "pvap": "   0,18", "e": "N", "st": "N\u00e3o eleito"}, {"seq": "53", "n": "13123", "vap": "32", "pvap": "   0,36", "e": "N", "st": "N\u00e3o eleito"}, {"seq": "57", "n": "13777", "vap": "24", "pvap": "   0,27", "e": "N", "st": "N\u00e3o eleito"}, {"seq": "47", "n": "13999", "vap": "100", "pvap": "   1,12", "e": "N", "st": "N\u00e3o eleito"}, {"seq": "56", "n": "13222", "vap": "26", "pvap": "   0,29", "e": "N", "st": "N\u00e3o eleito"}, {"seq": "61", "n": "13555", "vap": "13", "pvap": "   0,15", "e": "N", "st": "N\u00e3o eleito"}, {"seq": "68", "n": "13444", "vap": "5", "pvap": "   0,06", "e": "N", "st": "N\u00e3o eleito"}, {"seq": "66", "n": "13888", "vap": "6", "pvap": "   0,07", "e": "N", "st": "N\u00e3o eleito"}, {"seq": "54", "n": "13111", "vap": "30", "pvap": "   0,34", "e": "N", "st": "N\u00e3o eleito"}, {"seq": "36", "n": "45258", "vap": "26", "pvap": "   0,29", "e": "N", "st": "Suplente"}, {"seq": "8", "n": "45236", "vap": "211", "pvap": "   2,36", "e": "S", "st": "Eleito"}, {"seq": "19", "n": "45389", "vap": "149", "pvap": "   1,67", "e": "N", "st": "Suplente"}, {"seq": "30", "n": "45123", "vap": "45", "pvap": "   0,50", "e": "N", "st": "Suplente"}, {"seq": "25", "n": "45378", "vap": "97", "pvap": "   1,09", "e": "N", "st": "Suplente"}, {"seq": "21", "n": "45678", "vap": "122", "pvap": "   1,37", "e": "N", "st": "Suplente"}, {"seq": "33", "n": "45147", "vap": "38", "pvap": "   0,43", "e": "N", "st": "Suplente"}, {"seq": "31", "n": "45456", "vap": "44", "pvap": "   0,49", "e": "N", "st": "Suplente"}, {"seq": "40", "n": "45237", "vap": "13", "pvap": "   0,15", "e": "N", "st": "Suplente"}, {"seq": "29", "n": "45369", "vap": "45", "pvap": "   0,50", "e": "N", "st": "Suplente"}, {"seq": "55", "n": "10334", "vap": "28", "pvap": "   0,31", "e": "N", "st": "N\u00e3o eleito"}, {"seq": "52", "n": "10000", "vap": "33", "pvap": "   0,37", "e": "N", "st": "N\u00e3o eleito"}, {"seq": "58", "n": "10123", "vap": "17", "pvap": "   0,19", "e": "N", "st": "N\u00e3o eleito"}, {"seq": "44", "n": "10852", "vap": "192", "pvap": "   2,15", "e": "N", "st": "N\u00e3o eleito"}, {"seq": "50", "n": "10333", "vap": "58", "pvap": "   0,65", "e": "N", "st": "N\u00e3o eleito"}]}, {"dt": "15/11/2020", "ht": "22:15:22", "tf": "S", "and": "F", "tpabr": "ZONA", "cdabr": "30", "s": "34", "st": "34", "snt": "0", "si": "34", "sni": "0", "sa": "34", "sna": "0", "pst": " 100,00", "psnt": "   0,00", "psi": " 100,00", "psni": "   0,00", "psa": " 100,00", "psna": "   0,00", "e": "10552", "ea": "10552", "ena": "0", "esi": "10552", "esni": "0", "a": "1321", "c": "9231", "pea": " 100,00", "pena": "   0,00", "pesi": " 100,00", "pesni": "   0,00", "pa": "  12,52", "pc": "  87,48", "vnom": "8434", "vscv": "0", "vl": "495", "tv": "9231", "vvc": "8929", "vb": "49", "tvn": "253", "vn": "252", "vnt": "1", "vp": "0", "vv": "8929", "van": "0", "vansj": "0", "pvnom": "  94,46", "pvl": "   5,54", "pvvc": "  96,73", "pvb": "   0,53", "ptvn": "   2,74", "pvn": "  99,60", "pvnt": "   0,40", "pvp": "   0,00", "pvv": " 100,00", "pvan": "   0,00", "pvansj": "   0,00", "cand": [{"seq": "1", "n": "11789", "vap": "604", "pvap": "   6,76", "e": "S", "st": "Eleito"}, {"seq": "2", "n": "11478", "vap": "461", "pvap": "   5,16", "e": "S", "st": "Eleito"}, {"seq": "4", "n": "11222", "vap": "379", "pvap": "   4,24", "e": "S", "st": "Eleito"}, {"seq": "5", "n": "11000", "vap": "355", "pvap": "   3,98", "e": "S", "st": "Eleito"}, {"seq": "6", "n": "11123", "vap": "341", "pvap": "   3,82", "e": "S", "st": "Eleito"}, {"seq": "10", "n": "11456", "vap": "323", "pvap": "   3,62", "e": "N", "st": "Suplente"}, {"seq": "11", "n": "11111", "vap": "323", "pvap": "   3,62", "e": "N", "st": "Suplente"}, {"seq": "12", "n": "11369", "vap": "311", "pvap": "   3,48", "e": "N", "st": "Suplente"}, {"seq": "13", "n": "11345", "vap": "289", "pvap": "   3,24", "e": "N", "st": "Suplente"}, {"seq": "16", "n": "11321", "vap": "214", "pvap": "   2,40", "e": "N", "st": "Suplente"}, {"seq": "17", "n": "11444", "vap": "185", "pvap": "   2,07", "e": "N", "st": "Suplente"}, {"seq": "23", "n": "11234", "vap": "118", "pvap": "   1,32", "e": "N", "st": "Suplente"}, {"seq": "35", "n": "11555", "vap": "29", "pvap": "   0,32", "e": "N", "st": "Suplente"}, {"seq": "3", "n": "15123", "vap": "401", "pvap": "   4,49", "e": "S", "st": "Eleito"}, {"seq": "7", "n": "15678", "vap": "312", "pvap": "   3,49", "e": "S", "st": "Eleito"}, {"seq": "14", "n": "15555", "vap": "263", "pvap": "   2,95", "e": "N", "st": "Suplente"}, {"seq": "15", "n": "15111", "vap": "228", "pvap": "   2,55", "e": "N", "st": "Suplente"}, {"seq": "18", "n": "15000", "vap": "167", "pvap": "   1,87", "e": "N", "st": "Suplente"}, {"seq": "22", "n": "15321", "vap": "118", "pvap": "   1,32", "e": "N", "st": "Suplente"}, {"seq": "38", "n": "15444", "vap": "16", "pvap": "   0,18", "e": "N", "st": "Suplente"}, {"seq": "39", "n": "15222", "vap": "13", "pvap": "   0,15", "e": "N", "st": "Suplente"}, {"seq": "41", "n": "15333", "vap": "9", "pvap": "   0,10", "e": "N", "st": "Suplente"}, {"seq": "8", "n": "45236", "vap": "211", "pvap": "   2,36", "e": "S", "st": "Eleito"}, {"seq": "19", "n": "45389", "vap": "149", "pvap": "   1,67", "e": "N", "st": "Suplente"}, {"seq": "21", "n": "45678", "vap": "122", "pvap": "   1,37", "e": "N", "st": "Suplente"}, {"seq": "25", "n": "45378", "vap": "97", "pvap": "   1,09", "e": "N", "st": "Suplente"}, {"seq": "29", "n": "45369", "vap": "45", "pvap": "   0,50", "e": "N", "st": "Suplente"}, {"seq": "30", "n": "45123", "vap": "45", "pvap": "   0,50", "e": "N", "st": "Suplente"}, {"seq": "31", "n": "45456", "vap": "44", "pvap": "   0,49", "e": "N", "st": "Suplente"}, {"seq": "33", "n": "45147", "vap": "38", "pvap": "   0,43", "e": "N", "st": "Suplente"}, {"seq": "36", "n": "45258", "vap": "26", "pvap": "   0,29", "e": "N", "st": "Suplente"}, {"seq": "40", "n": "45237", "vap": "13", "pvap": "   0,15", "e": "N", "st": "Suplente"}, {"seq": "9", "n": "14456", "vap": "179", "pvap": "   2,00", "e": "S", "st": "Eleito"}, {"seq": "20", "n": "14444", "vap": "137", "pvap": "   1,53", "e": "N", "st": "Suplente"}, {"seq": "24", "n": "14224", "vap": "99", "pvap": "   1,11", "e": "N", "st": "Suplente"}, {"seq": "26", "n": "14000", "vap": "83", "pvap": "   0,93", "e": "N", "st": "Suplente"}, {"seq": "27", "n": "14123", "vap": "67", "pvap": "   0,75", "e": "N", "st": "Suplente"}, {"seq": "28", "n": "14111", "vap": "58", "pvap": "   0,65", "e": "N", "st": "Suplente"}, {"seq": "32", "n": "14122", "vap": "42", "pvap": "   0,47", "e": "N", "st": "Suplente"}, {"seq": "34", "n": "14222", "vap": "36", "pvap": "   0,40", "e": "N", "st": "Suplente"}, {"seq": "37", "n": "14555", "vap": "17", "pvap": "   0,19", "e": "N", "st": "Suplente"}, {"seq": "42", "n": "14950", "vap": "8", "pvap": "   0,09", "e": "N", "st": "Suplente"}, {"seq": "46", "n": "13333", "vap": "123", "pvap": "   1,38", "e": "N", "st": "N\u00e3o eleito"}, {"seq": "47", "n": "13999", "vap": "100", "pvap": "   1,12", "e": "N", "st": "N\u00e3o eleito"}, {"seq": "51", "n": "13000", "vap": "41", "pvap": "   0,46", "e": "N", "st": "N\u00e3o eleito"}, {"seq": "53", "n": "13123", "vap": "32", "pvap": "   0,36", "e": "N", "st": "N\u00e3o eleito"}, {"seq": "54", "n": "13111", "vap": "30", "pvap": "   0,34", "e": "N", "st": "N\u00e3o eleito"}, {"seq": "56", "n": "13222", "vap": "26", "pvap": "   0,29", "e": "N", "st": "N\u00e3o eleito"}, {"seq": "57", "n": "13777", "vap": "24", "pvap": "   0,27", "e": "N", "st": "N\u00e3o eleito"}, {"seq": "59", "n": "13666", "vap": "16", "pvap": "   0,18", "e": "N", "st": "N\u00e3o eleito"}, {"seq": "61", "n": "13555", "vap": "13", "pvap": "   0,15", "e": "N", "st": "N\u00e3o eleito"}, {"seq": "62", "n": "13456", "vap": "13", "pvap": "   0,15", "e": "N", "st": "N\u00e3o eleito"}, {"seq": "66", "n": "13888", "vap": "6", "pvap": "   0,07", "e": "N", "st": "N\u00e3o eleito"}, {"seq": "68", "n": "13444", "vap": "5", "pvap": "   0,06", "e": "N", "st": "N\u00e3o eleito"}, {"seq": "43", "n": "22222", "vap": "327", "pvap": "   3,66", "e": "N", "st": "N\u00e3o eleito"}, {"seq": "45", "n": "22000", "vap": "175", "pvap": "   1,96", "e": "N", "st": "N\u00e3o eleito"}, {"seq": "48", "n": "22555", "vap": "79", "pvap": "   0,88", "e": "N", "st": "N\u00e3o eleito"}, {"seq": "49", "n": "22789", "vap": "74", "pvap": "   0,83", "e": "N", "st": "N\u00e3o eleito"}, {"seq": "60", "n": "22123", "vap": "14", "pvap": "   0,16", "e": "N", "st": "N\u00e3o eleito"}, {"seq": "63", "n": "22111", "vap": "12", "pvap": "   0,13", "e": "N", "st": "N\u00e3o eleito"}, {"seq": "64", "n": "22456", "vap": "10", "pvap": "   0,11", "e": "N", "st": "N\u00e3o eleito"}, {"seq": "65", "n": "22345", "vap": "6", "pvap": "   0,07", "e": "N", "st": "N\u00e3o eleito"}, {"seq": "67", "n": "22999", "vap": "5", "pvap": "   0,06", "e": "N", "st": "N\u00e3o eleito"}, {"seq": "44", "n": "10852", "vap": "192", "pvap": "   2,15", "e": "N", "st": "N\u00e3o eleito"}, {"seq": "50", "n": "10333", "vap": "58", "pvap": "   0,65", "e": "N", "st": "N\u00e3o eleito"}, {"seq": "52", "n": "10000", "vap": "33", "pvap": "   0,37", "e": "N", "st": "N\u00e3o eleito"}, {"seq": "55", "n": "10334", "vap": "28", "pvap": "   0,31", "e": "N", "st": "N\u00e3o eleito"}, {"seq": "58", "n": "10123", "vap": "17", "pvap": "   0,19", "e": "N", "st": "N\u00e3o eleito"}]}]}