{"ele": "426", "carper": "13", "t": "1", "f": "O", "esae": "N", "mnae": " ", "dg": "15/11/2020", "hg": "20:15:28", "dv": "S", "nadf": "pi10405-c0013-e000426-003-f", "abr": [{"dt": "15/11/2020", "ht": "20:10:13", "tf": "S", "and": "F", "tpabr": "MU", "cdabr": "10405", "s": "14", "st": "14", "snt": "0", "si": "14", "sni": "0", "sa": "14", "sna": "0", "pst": " 100,00", "psnt": "   0,00", "psi": " 100,00", "psni": "   0,00", "psa": " 100,00", "psna": "   0,00", "e": "3836", "ea": "3836", "ena": "0", "esi": "3836", "esni": "0", "c": "3348", "a": "488", "pea": " 100,00", "pena": "   0,00", "pesi": " 100,00", "pesni": "   0,00", "pa": "  12,72", "pc": "  87,28", "vscv": "0", "vnom": "3076", "vl": "176", "tv": "3348", "vvc": "3252", "vb": "20", "tvn": "76", "vn": "76", "vnt": "0", "vp": "0", "vv": "3252", "van": "0", "vansj": "0", "pvnom": "  94,59", "pvl": "   5,41", "pvvc": "  97,13", "pvb": "   0,60", "ptvn": "   2,27", "pvn": " 100,00", "pvnt": "   0,00", "pvp": "   0,00", "pvv": " 100,00", "pvan": "   0,00", "pvansj": "   0,00", "colig": [{"n": "180000126712", "tvtn": "95", "tvan": "95", "vag": "0", "tvtl": "9", "tval": "9"}, {"n": "180000098210", "tvtn": "407", "tvan": "407", "vag": "1", "tvtl": "14", "tval": "14"}, {"n": "180000095511", "tvtn": "220", "tvan": "220", "vag": "0", "tvtl": "6", "tval": "6"}, {"n": "180000148995", "tvtn": "1080", "tvan": "1080", "vag": "4", "tvtl": "85", "tval": "85"}, {"n": "180000126604", "tvtn": "995", "tvan": "995", "vag": "3", "tvtl": "61", "tval": "61"}, {"n": "180000124407", "tvtn": "279", "tvan": "279", "vag": "1", "tvtl": "1", "tval": "1"}], "part": [{"n": "55", "tvtn": "95", "tvan": "95", "tvtl": "9", "tval": "9"}, {"n": "40", "tvtn": "407", "tvan": "407", "tvtl": "14", "tval": "14"}, {"n": "13", "tvtn": "220", "tvan": "220", "tvtl": "6", "tval": "6"}, {"n": "45", "tvtn": "1080", "tvan": "1080", "tvtl": "85", "tval": "85"}, {"n": "11", "tvtn": "995", "tvan": "995", "tvtl": "61", "tval": "61"}, {"n": "15", "tvtn": "279", "tvan": "279", "tvtl": "1", "tval": "1"}], "cand": [{"seq": "29", "n": "55888", "vap": "23", "pvap": "   0,71", "e": "N", "st": "N\u00e3o eleito"}, {"seq": "30", "n": "55123", "vap": "8", "pvap": "   0,25", "e": "N", "st": "N\u00e3o eleito"}, {"seq": "26", "n": "55555", "vap": "64", "pvap": "   1,97", "e": "N", "st": "N\u00e3o eleito"}, {"seq": "15", "n": "40111", "vap": "81", "pvap": "   2,49", "e": "N", "st": "Suplente"}, {"seq": "18", "n": "40000", "vap": "49", "pvap": "   1,51", "e": "N", "st": "Suplente"}, {"seq": "20", "n": "40123", "vap": "36", "pvap": "   1,11", "e": "N", "st": "Suplente"}, {"seq": "11", "n": "40555", "vap": "107", "pvap": "   3,29", "e": "N", "st": "Suplente"}, {"seq": "8", "n": "40333", "vap": "134", "pvap": "   4,12", "e": "S", "st": "Eleito"}, {"seq": "28", "n": "13113", "vap": "35", "pvap": "   1,08", "e": "N", "st": "N\u00e3o eleito"}, {"seq": "25", "n": "13111", "vap": "145", "pvap": "   4,46", "e": "N", "st": "N\u00e3o eleito"}, {"seq": "27", "n": "13123", "vap": "40", "pvap": "   1,23", "e": "N", "st": "N\u00e3o eleito"}, {"seq": "21", "n": "45888", "vap": "18", "pvap": "   0,55", "e": "N", "st": "Suplente"}, {"seq": "7", "n": "45222", "vap": "147", "pvap": "   4,52", "e": "S", "st": "Eleito"}, {"seq": "1", "n": "45555", "vap": "300", "pvap": "   9,23", "e": "S", "st": "Eleito"}, {"seq": "9", "n": "45333", "vap": "120", "pvap": "   3,69", "e": "S", "st": "Eleito"}, {"seq": "12", "n": "45678", "vap": "96", "pvap": "   2,95", "e": "N", "st": "Suplente"}, {"seq": "14", "n": "45444", "vap": "83", "pvap": "   2,55", "e": "N", "st": "Suplente"}, {"seq": "17", "n": "45000", "vap": "69", "pvap": "   2,12", "e": "N", "st": "Suplente"}, {"seq": "3", "n": "45123", "vap": "247", "pvap": "   7,60", "e": "S", "st": "Eleito"}, {"seq": "10", "n": "11123", "vap": "139", "pvap": "   4,27", "e": "N", "st": "Suplente"}, {"seq": "24", "n": "11777", "vap": "12", "pvap": "   0,37", "e": "N", "st": "Suplente"}, {"seq": "16", "n": "11234", "vap": "72", "pvap": "   2,21", "e": "N", "st": "Suplente"}, {"seq": "13", "n": "11555", "vap": "89", "pvap": "   2,74", "e": "N", "st": "Suplente"}, {"seq": "22", "n": "11222", "vap": "16", "pvap": "   0,49", "e": "N", "st": "Suplente"}, {"seq": "6", "n": "11444", "vap": "165", "pvap": "   5,07", "e": "S", "st": "Eleito"}, {"seq": "4", "n": "11100", "vap": "232", "pvap": "   7,13", "e": "S", "st": "Eleito"}, {"seq": "2", "n": "11111", "vap": "270", "pvap": "   8,30", "e": "S", "st": "Eleito"}, {"seq": "5", "n": "15555", "vap": "219", "pvap": "   6,73", "e": "S", "st": "Eleito"}, {"seq": "19", "n": "15333", "vap": "46", "pvap": "   1,41", "e": "N", "st": "Suplente"}, {"seq": "23", "n": "15123", "vap": "14", "pvap": "   0,43", "e": "N", "st": "Suplente"}]}, {"dt": "15/11/2020", "ht": "20:10:13", "tf": "S", "and": "F", "tpabr": "ZONA", "cdabr": "74", "s": "14", "st": "14", "snt": "0", "si": "14", "sni": "0", "sa": "14", "sna": "0", "pst": " 100,00", "psnt": "   0,00", "psi": " 100,00", "psni": "   0,00", "psa": " 100,00", "psna": "   0,00", "e": "3836", "ea": "3836", "ena": "0", "esi": "3836", "esni": "0", "a": "488", "c": "3348", "pea": " 100,00", "pena": "   0,00", "pesi": " 100,00", "pesni": "   0,00", "pa": "  12,72", "pc": "  87,28", "vnom": "3076", "vscv": "0", "vl": "176", "tv": "3348", "vvc": "3252", "vb": "20", "tvn": "76", "vn": "76", "vnt": "0", "vp": "0", "vv": "3252", "van": "0", "vansj": "0", "pvnom": "  94,59", "pvl": "   5,41", "pvvc": "  97,13", "pvb": "   0,60", "ptvn": "   2,27", "pvn": " 100,00", "pvnt": "   0,00", "pvp": "   0,00", "pvv": " 100,00", "pvan": "   0,00", "pvansj": "   0,00", "cand": [{"seq": "4", "n": "11100", "vap": "232", "pvap": "   7,13", "e": "S", "st": "Eleito"}, {"seq": "2", "n": "11111", "vap": "270", "pvap": "   8,30", "e": "S", "st": "Eleito"}, {"seq": "13", "n": "11555", "vap": "89", "pvap": "   2,74", "e": "N", "st": "Suplente"}, {"seq": "6", "n": "11444", "vap": "165", "pvap": "   5,07", "e": "S", "st": "Eleito"}, {"seq": "16", "n": "11234", "vap": "72", "pvap": "   2,21", "e": "N", "st": "Suplente"}, {"seq": "10", "n": "11123", "vap": "139", "pvap": "   4,27", "e": "N", "st": "Suplente"}, {"seq": "24", "n": "11777", "vap": "12", "pvap": "   0,37", "e": "N", "st": "Suplente"}, {"seq": "22", "n": "11222", "vap": "16", "pvap": "   0,49", "e": "N", "st": "Suplente"}, {"seq": "28", "n": "13113", "vap": "35", "pvap": "   1,08", "e": "N", "st": "N\u00e3o eleito"}, {"seq": "25", "n": "13111", "vap": "145", "pvap": "   4,46", "e": "N", "st": "N\u00e3o eleito"}, {"seq": "27", "n": "13123", "vap": "40", "pvap": "   1,23", "e": "N", "st": "N\u00e3o eleito"}, {"seq": "18", "n": "40000", "vap": "49", "pvap": "   1,51", "e": "N", "st": "Suplente"}, {"seq": "8", "n": "40333", "vap": "134", "pvap": "   4,12", "e": "S", "st": "Eleito"}, {"seq": "20", "n": "40123", "vap": "36", "pvap": "   1,11", "e": "N", "st": "Suplente"}, {"seq": "11", "n": "40555", "vap": "107", "pvap": "   3,29", "e": "N", "st": "Suplente"}, {"seq": "15", "n": "40111", "vap": "81", "pvap": "   2,49", "e": "N", "st": "Suplente"}, {"seq": "19", "n": "15333", "vap": "46", "pvap": "   1,41", "e": "N", "st": "Suplente"}, {"seq": "5", "n": "15555", "vap": "219", "pvap": "   6,73", "e": "S", "st": "Eleito"}, {"seq": "23", "n": "15123", "vap": "14", "pvap": "   0,43", "e": "N", "st": "Suplente"}, {"seq": "21", "n": "45888", "vap": "18", "pvap": "   0,55", "e": "N", "st": "Suplente"}, {"seq": "14", "n": "45444", "vap": "83", "pvap": "   2,55", "e": "N", "st": "Suplente"}, {"seq": "9", "n": "45333", "vap": "120", "pvap": "   3,69", "e": "S", "st": "Eleito"}, {"seq": "3", "n": "45123", "vap": "247", "pvap": "   7,60", "e": "S", "st": "Eleito"}, {"seq": "7", "n": "45222", "vap": "147", "pvap": "   4,52", "e": "S", "st": "Eleito"}, {"seq": "1", "n": "45555", "vap": "300", "pvap": "   9,23", "e": "S", "st": "Eleito"}, {"seq": "12", "n": "45678", "vap": "96", "pvap": "   2,95", "e": "N", "st": "Suplente"}, {"seq": "17", "n": "45000", "vap": "69", "pvap": "   2,12", "e": "N", "st": "Suplente"}, {"seq": "30", "n": "55123", "vap": "8", "pvap": "   0,25", "e": "N", "st": "N\u00e3o eleito"}, {"seq": "26", "n": "55555", "vap": "64", "pvap": "   1,97", "e": "N", "st": "N\u00e3o eleito"}, {"seq": "29", "n": "55888", "vap": "23", "pvap": "   0,71", "e": "N", "st": "N\u00e3o eleito"}]}]}