{"ele": "426", "carper": "13", "t": "1", "f": "O", "esae": "N", "mnae": " ", "dg": "15/11/2020", "hg": "22:14:56", "dv": "S", "nadf": "pi11614-c0013-e000426-002-f", "abr": [{"dt": "15/11/2020", "ht": "22:11:41", "tf": "S", "and": "F", "tpabr": "MU", "cdabr": "11614", "s": "36", "st": "36", "snt": "0", "si": "36", "sni": "0", "sa": "36", "sna": "0", "pst": " 100,00", "psnt": "   0,00", "psi": " 100,00", "psni": "   0,00", "psa": " 100,00", "psna": "   0,00", "e": "8594", "ea": "8594", "ena": "0", "esi": "8594", "esni": "0", "c": "7639", "a": "955", "pea": " 100,00", "pena": "   0,00", "pesi": " 100,00", "pesni": "   0,00", "pa": "  11,11", "pc": "  88,89", "vscv": "0", "vnom": "6394", "vl": "491", "tv": "7639", "vvc": "7340", "vb": "37", "tvn": "262", "vn": "262", "vnt": "0", "vp": "0", "vv": "6885", "van": "0", "vansj": "455", "pvnom": "  92,87", "pvl": "   7,13", "pvvc": "  96,09", "pvb": "   0,48", "ptvn": "   3,43", "pvn": " 100,00", "pvnt": "   0,00", "pvp": "   0,00", "pvv": "  93,80", "pvan": "   0,00", "pvansj": "   6,20", "colig": [{"n": "180000067500", "tvtn": "648", "tvan": "648", "vag": "1", "tvtl": "93", "tval": "93"}, {"n": "180000075541", "tvtn": "1171", "tvan": "1451", "vag": "2", "tvtl": "141", "tval": "141"}, {"n": "180000058077", "tvtn": "4156", "tvan": "4331", "vag": "6", "tvtl": "238", "tval": "238"}, {"n": "180000078827", "tvtn": "419", "tvan": "419", "vag": "0", "tvtl": "19", "tval": "19"}], "part": [{"n": "11", "tvtn": "648", "tvan": "648", "tvtl": "93", "tval": "93"}, {"n": "15", "tvtn": "1171", "tvan": "1451", "tvtl": "141", "tval": "141"}, {"n": "14", "tvtn": "4156", "tvan": "4331", "tvtl": "238", "tval": "238"}, {"n": "13", "tvtn": "419", "tvan": "419", "tvtl": "19", "tval": "19"}], "cand": [{"seq": "14", "n": "11112", "vap": "77", "pvap": "   1,05", "e": "N", "st": "Suplente"}, {"seq": "15", "n": "11111", "vap": "75", "pvap": "   1,02", "e": "N", "st": "Suplente"}, {"seq": "17", "n": "11222", "vap": "64", "pvap": "   0,87", "e": "N", "st": "Suplente"}, {"seq": "16", "n": "11444", "vap": "75", "pvap": "   1,02", "e": "N", "st": "Suplente"}, {"seq": "25", "n": "11126", "vap": "13", "pvap": "   0,18", "e": "N", "st": "Suplente"}, {"seq": "18", "n": "11555", "vap": "54", "pvap": "   0,74", "e": "N", "st": "Suplente"}, {"seq": "26", "n": "11011", "vap": "2", "pvap": "   0,03", "e": "N", "st": "Suplente"}, {"seq": "23", "n": "11000", "vap": "13", "pvap": "   0,18", "e": "N", "st": "Suplente"}, {"seq": "24", "n": "11151", "vap": "13", "pvap": "   0,18", "e": "N", "st": "Suplente"}, {"seq": "9", "n": "11123", "vap": "262", "pvap": "   3,57", "e": "S", "st": "Eleito"}, {"seq": "2", "n": "15111", "vap": "550", "pvap": "   7,49", "e": "S", "st": "Eleito"}, {"seq": "7", "n": "15611", "vap": "411", "pvap": "   5,60", "e": "S", "st": "Eleito"}, {"seq": "21", "n": "15555", "vap": "23", "pvap": "   0,31", "e": "N", "st": "Suplente"}, {"seq": "20", "n": "15101", "vap": "24", "pvap": "   0,33", "e": "N", "st": "Suplente"}, {"seq": "13", "n": "15610", "vap": "163", "pvap": "   2,22", "e": "N", "st": "Suplente"}, {"seq": "28", "n": "15123", "vap": "280", "pvap": "   3,81", "e": "N", "st": "N\u00e3o eleito"}, {"seq": "19", "n": "14456", "vap": "39", "pvap": "   0,53", "e": "N", "st": "Suplente"}, {"seq": "11", "n": "14660", "vap": "318", "pvap": "   4,33", "e": "N", "st": "Suplente"}, {"seq": "10", "n": "14123", "vap": "341", "pvap": "   4,65", "e": "N", "st": "Suplente"}, {"seq": "3", "n": "14601", "vap": "540", "pvap": "   7,36", "e": "S", "st": "Eleito"}, {"seq": "12", "n": "14454", "vap": "242", "pvap": "   3,30", "e": "N", "st": "Suplente"}, {"seq": "5", "n": "14444", "vap": "439", "pvap": "   5,98", "e": "S", "st": "Eleito"}, {"seq": "1", "n": "14567", "vap": "927", "pvap": "  12,63", "e": "S", "st": "Eleito"}, {"seq": "8", "n": "14789", "vap": "401", "pvap": "   5,46", "e": "S", "st": "Eleito"}, {"seq": "6", "n": "14222", "vap": "439", "pvap": "   5,98", "e": "S", "st": "Eleito"}, {"seq": "4", "n": "14666", "vap": "449", "pvap": "   6,12", "e": "S", "st": "Eleito"}, {"seq": "22", "n": "14111", "vap": "21", "pvap": "   0,29", "e": "N", "st": "Suplente"}, {"seq": "29", "n": "14777", "vap": "175", "pvap": "   2,38", "e": "N", "st": "N\u00e3o eleito"}, {"seq": "30", "n": "13444", "vap": "58", "pvap": "   0,79", "e": "N", "st": "N\u00e3o eleito"}, {"seq": "31", "n": "13456", "vap": "11", "pvap": "   0,15", "e": "N", "st": "N\u00e3o eleito"}, {"seq": "27", "n": "13123", "vap": "350", "pvap": "   4,77", "e": "N", "st": "N\u00e3o eleito"}]}, {"dt": "15/11/2020", "ht": "22:11:41", "tf": "S", "and": "F", "tpabr": "ZONA", "cdabr": "89", "s": "36", "st": "36", "snt": "0", "si": "36", "sni": "0", "sa": "36", "sna": "0", "pst": " 100,00", "psnt": "   0,00", "psi": " 100,00", "psni": "   0,00", "psa": " 100,00", "psna": "   0,00", "e": "8594", "ea": "8594", "ena": "0", "esi": "8594", "esni": "0", "a": "955", "c": "7639", "pea": " 100,00", "pena": "   0,00", "pesi": " 100,00", "pesni": "   0,00", "pa": "  11,11", "pc": "  88,89", "vnom": "6394", "vscv": "0", "vl": "491", "tv": "7639", "vvc": "7340", "vb": "37", "tvn": "262", "vn": "262", "vnt": "0", "vp": "0", "vv": "6885", "van": "0", "vansj": "455", "pvnom": "  92,87", "pvl": "   7,13", "pvvc": "  96,09", "pvb": "   0,48", "ptvn": "   3,43", "pvn": " 100,00", "pvnt": "   0,00", "pvp": "   0,00", "pvv": "  93,80", "pvan": "   0,00", "pvansj": "   6,20", "cand": [{"seq": "17", "n": "11222", "vap": "64", "pvap": "   0,87", "e": "N", "st": "Suplente"}, {"seq": "14", "n": "11112", "vap": "77", "pvap": "   1,05", "e": "N", "st": "Suplente"}, {"seq": "23", "n": "11000", "vap": "13", "pvap": "   0,18", "e": "N", "st": "Suplente"}, {"seq": "9", "n": "11123", "vap": "262", "pvap": "   3,57", "e": "S", "st": "Eleito"}, {"seq": "18", "n": "11555", "vap": "54", "pvap": "   0,74", "e": "N", "st": "Suplente"}, {"seq": "26", "n": "11011", "vap": "2", "pvap": "   0,03", "e": "N", "st": "Suplente"}, {"seq": "25", "n": "11126", "vap": "13", "pvap": "   0,18", "e": "N", "st": "Suplente"}, {"seq": "15", "n": "11111", "vap": "75", "pvap": "   1,02", "e": "N", "st": "Suplente"}, {"seq": "16", "n": "11444", "vap": "75", "pvap": "   1,02", "e": "N", "st": "Suplente"}, {"seq": "24", "n": "11151", "vap": "13", "pvap": "   0,18", "e": "N", "st": "Suplente"}, {"seq": "20", "n": "15101", "vap": "24", "pvap": "   0,33", "e": "N", "st": "Suplente"}, {"seq": "2", "n": "15111", "vap": "550", "pvap": "   7,49", "e": "S", "st": "Eleito"}, {"seq": "7", "n": "15611", "vap": "411", "pvap": "   5,60", "e": "S", "st": "Eleito"}, {"seq": "28", "n": "15123", "vap": "280", "pvap": "   3,81", "e": "N", "st": "N\u00e3o eleito"}, {"seq": "21", "n": "15555", "vap": "23", "pvap": "   0,31", "e": "N", "st": "Suplente"}, {"seq": "13", "n": "15610", "vap": "163", "pvap": "   2,22", "e": "N", "st": "Suplente"}, {"seq": "31", "n": "13456", "vap": "11", "pvap": "   0,15", "e": "N", "st": "N\u00e3o eleito"}, {"seq": "30", "n": "13444", "vap": "58", "pvap": "   0,79", "e": "N", "st": "N\u00e3o eleito"}, {"seq": "27", "n": "13123", "vap": "350", "pvap": "   4,77", "e": "N", "st": "N\u00e3o eleito"}, {"seq": "22", "n": "14111", "vap": "21", "pvap": "   0,29", "e": "N", "st": "Suplente"}, {"seq": "5", "n": "14444", "vap": "439", "pvap": "   5,98", "e": "S", "st": "Eleito"}, {"seq": "19", "n": "14456", "vap": "39", "pvap": "   0,53", "e": "N", "st": "Suplente"}, {"seq": "29", "n": "14777", "vap": "175", "pvap": "   2,38", "e": "N", "st": "N\u00e3o eleito"}, {"seq": "8", "n": "14789", "vap": "401", "pvap": "   5,46", "e": "S", "st": "Eleito"}, {"seq": "6", "n": "14222", "vap": "439", "pvap": "   5,98", "e": "S", "st": "Eleito"}, {"seq": "12", "n": "14454", "vap": "242", "pvap": "   3,30", "e": "N", "st": "Suplente"}, {"seq": "1", "n": "14567", "vap": "927", "pvap": "  12,63", "e": "S", "st": "Eleito"}, {"seq": "10", "n": "14123", "vap": "341", "pvap": "   4,65", "e": "N", "st": "Suplente"}, {"seq": "3", "n": "14601", "vap": "540", "pvap": "   7,36", "e": "S", "st": "Eleito"}, {"seq": "4", "n": "14666", "vap": "449", "pvap": "   6,12", "e": "S", "st": "Eleito"}, {"seq": "11", "n": "14660", "vap": "318", "pvap": "   4,33", "e": "N", "st": "Suplente"}]}]}