{"ele": "426", "carper": "13", "t": "1", "f": "O", "esae": "N", "mnae": " ", "dg": "15/11/2020", "hg": "22:14:55", "dv": "S", "nadf": "pi10820-c0013-e000426-002-f", "abr": [{"dt": "15/11/2020", "ht": "22:07:18", "tf": "S", "and": "F", "tpabr": "MU", "cdabr": "10820", "s": "26", "st": "26", "snt": "0", "si": "26", "sni": "0", "sa": "26", "sna": "0", "pst": " 100,00", "psnt": "   0,00", "psi": " 100,00", "psni": "   0,00", "psa": " 100,00", "psna": "   0,00", "e": "8063", "ea": "8063", "ena": "0", "esi": "8063", "esni": "0", "c": "6906", "a": "1157", "pea": " 100,00", "pena": "   0,00", "pesi": " 100,00", "pesni": "   0,00", "pa": "  14,35", "pc": "  85,65", "vscv": "0", "vnom": "6275", "vl": "346", "tv": "6906", "vvc": "6621", "vb": "82", "tvn": "203", "vn": "190", "vnt": "13", "vp": "0", "vv": "6621", "van": "0", "vansj": "0", "pvnom": "  94,77", "pvl": "   5,23", "pvvc": "  95,87", "pvb": "   1,19", "ptvn": "   2,94", "pvn": "  93,60", "pvnt": "   6,40", "pvp": "   0,00", "pvv": " 100,00", "pvan": "   0,00", "pvansj": "   0,00", "colig": [{"n": "180000086351", "tvtn": "1631", "tvan": "1631", "vag": "3", "tvtl": "167", "tval": "167"}, {"n": "180000086406", "tvtn": "1679", "tvan": "1679", "vag": "3", "tvtl": "34", "tval": "34"}, {"n": "180000126967", "tvtn": "715", "tvan": "728", "vag": "1", "tvtl": "76", "tval": "76"}, {"n": "180000129156", "tvtn": "697", "tvan": "697", "vag": "1", "tvtl": "34", "tval": "34"}, {"n": "180000086368", "tvtn": "482", "tvan": "482", "vag": "0", "tvtl": "10", "tval": "10"}, {"n": "180000086414", "tvtn": "1071", "tvan": "1071", "vag": "1", "tvtl": "25", "tval": "25"}], "part": [{"n": "11", "tvtn": "1631", "tvan": "1631", "tvtl": "167", "tval": "167"}, {"n": "15", "tvtn": "1679", "tvan": "1679", "tvtl": "34", "tval": "34"}, {"n": "22", "tvtn": "715", "tvan": "715", "tvtl": "76", "tval": "76"}, {"n": "55", "tvtn": "697", "tvan": "697", "tvtl": "34", "tval": "34"}, {"n": "13", "tvtn": "482", "tvan": "482", "tvtl": "10", "tval": "10"}, {"n": "77", "tvtn": "1071", "tvan": "1071", "tvtl": "25", "tval": "25"}], "cand": [{"seq": "31", "n": "11121", "vap": "55", "pvap": "   0,83", "e": "N", "st": "Suplente"}, {"seq": "44", "n": "11234", "vap": "22", "pvap": "   0,33", "e": "N", "st": "Suplente"}, {"seq": "1", "n": "11555", "vap": "427", "pvap": "   6,45", "e": "S", "st": "Eleito"}, {"seq": "17", "n": "11777", "vap": "138", "pvap": "   2,08", "e": "N", "st": "Suplente"}, {"seq": "32", "n": "11000", "vap": "54", "pvap": "   0,82", "e": "N", "st": "Suplente"}, {"seq": "27", "n": "11113", "vap": "68", "pvap": "   1,03", "e": "N", "st": "Suplente"}, {"seq": "37", "n": "11222", "vap": "37", "pvap": "   0,56", "e": "N", "st": "Suplente"}, {"seq": "39", "n": "11110", "vap": "31", "pvap": "   0,47", "e": "N", "st": "Suplente"}, {"seq": "38", "n": "11588", "vap": "33", "pvap": "   0,50", "e": "N", "st": "Suplente"}, {"seq": "2", "n": "11175", "vap": "422", "pvap": "   6,37", "e": "S", "st": "Eleito"}, {"seq": "23", "n": "11333", "vap": "85", "pvap": "   1,28", "e": "N", "st": "Suplente"}, {"seq": "25", "n": "11123", "vap": "80", "pvap": "   1,21", "e": "N", "st": "Suplente"}, {"seq": "9", "n": "11111", "vap": "179", "pvap": "   2,70", "e": "S", "st": "Eleito"}, {"seq": "15", "n": "15777", "vap": "147", "pvap": "   2,22", "e": "N", "st": "Suplente"}, {"seq": "8", "n": "15565", "vap": "214", "pvap": "   3,23", "e": "S", "st": "Eleito"}, {"seq": "7", "n": "15555", "vap": "230", "pvap": "   3,47", "e": "S", "st": "Eleito"}, {"seq": "34", "n": "15000", "vap": "48", "pvap": "   0,72", "e": "N", "st": "Suplente"}, {"seq": "46", "n": "15456", "vap": "19", "pvap": "   0,29", "e": "N", "st": "Suplente"}, {"seq": "4", "n": "15123", "vap": "379", "pvap": "   5,72", "e": "S", "st": "Eleito"}, {"seq": "47", "n": "15889", "vap": "19", "pvap": "   0,29", "e": "N", "st": "Suplente"}, {"seq": "51", "n": "15110", "vap": "11", "pvap": "   0,17", "e": "N", "st": "Suplente"}, {"seq": "20", "n": "15678", "vap": "93", "pvap": "   1,40", "e": "N", "st": "Suplente"}, {"seq": "18", "n": "15111", "vap": "129", "pvap": "   1,95", "e": "N", "st": "Suplente"}, {"seq": "11", "n": "15222", "vap": "202", "pvap": "   3,05", "e": "N", "st": "Suplente"}, {"seq": "29", "n": "15524", "vap": "63", "pvap": "   0,95", "e": "N", "st": "Suplente"}, {"seq": "19", "n": "15666", "vap": "101", "pvap": "   1,53", "e": "N", "st": "Suplente"}, {"seq": "42", "n": "15333", "vap": "24", "pvap": "   0,36", "e": "N", "st": "Suplente"}, {"seq": "16", "n": "22346", "vap": "145", "pvap": "   2,19", "e": "N", "st": "Suplente"}, {"seq": "52", "n": "22633", "vap": "9", "pvap": "   0,14", "e": "N", "st": "Suplente"}, {"seq": "35", "n": "22606", "vap": "39", "pvap": "   0,59", "e": "N", "st": "Suplente"}, {"seq": "43", "n": "22149", "vap": "22", "pvap": "   0,33", "e": "N", "st": "Suplente"}, {"seq": "30", "n": "22123", "vap": "58", "pvap": "   0,88", "e": "N", "st": "Suplente"}, {"seq": "12", "n": "22222", "vap": "173", "pvap": "   2,61", "e": "N", "st": "Suplente"}, {"seq": "5", "n": "22345", "vap": "236", "pvap": "   3,56", "e": "S", "st": "Eleito"}, {"seq": "50", "n": "22334", "vap": "12", "pvap": "   0,18", "e": "N", "st": "Suplente"}, {"seq": "45", "n": "22212", "vap": "21", "pvap": "   0,32", "e": "N", "st": "Suplente"}, {"seq": "55", "n": "55111", "vap": "4", "pvap": "   0,06", "e": "N", "st": "Suplente"}, {"seq": "33", "n": "55021", "vap": "54", "pvap": "   0,82", "e": "N", "st": "Suplente"}, {"seq": "28", "n": "55555", "vap": "67", "pvap": "   1,01", "e": "N", "st": "Suplente"}, {"seq": "13", "n": "55123", "vap": "156", "pvap": "   2,36", "e": "N", "st": "Suplente"}, {"seq": "3", "n": "55789", "vap": "389", "pvap": "   5,88", "e": "S", "st": "Eleito"}, {"seq": "40", "n": "55369", "vap": "27", "pvap": "   0,41", "e": "N", "st": "Suplente"}, {"seq": "62", "n": "13456", "vap": "11", "pvap": "   0,17", "e": "N", "st": "N\u00e3o eleito"}, {"seq": "63", "n": "13333", "vap": "7", "pvap": "   0,11", "e": "N", "st": "N\u00e3o eleito"}, {"seq": "59", "n": "13000", "vap": "44", "pvap": "   0,66", "e": "N", "st": "N\u00e3o eleito"}, {"seq": "61", "n": "13777", "vap": "12", "pvap": "   0,18", "e": "N", "st": "N\u00e3o eleito"}, {"seq": "57", "n": "13455", "vap": "160", "pvap": "   2,42", "e": "N", "st": "N\u00e3o eleito"}, {"seq": "56", "n": "13123", "vap": "166", "pvap": "   2,51", "e": "N", "st": "N\u00e3o eleito"}, {"seq": "58", "n": "13222", "vap": "52", "pvap": "   0,79", "e": "N", "st": "N\u00e3o eleito"}, {"seq": "60", "n": "13111", "vap": "30", "pvap": "   0,45", "e": "N", "st": "N\u00e3o eleito"}, {"seq": "6", "n": "77123", "vap": "235", "pvap": "   3,55", "e": "S", "st": "Eleito"}, {"seq": "24", "n": "77777", "vap": "83", "pvap": "   1,25", "e": "N", "st": "Suplente"}, {"seq": "26", "n": "77112", "vap": "80", "pvap": "   1,21", "e": "N", "st": "Suplente"}, {"seq": "36", "n": "77114", "vap": "38", "pvap": "   0,57", "e": "N", "st": "Suplente"}, {"seq": "21", "n": "77999", "vap": "90", "pvap": "   1,36", "e": "N", "st": "Suplente"}, {"seq": "48", "n": "77333", "vap": "17", "pvap": "   0,26", "e": "N", "st": "Suplente"}, {"seq": "14", "n": "77111", "vap": "153", "pvap": "   2,31", "e": "N", "st": "Suplente"}, {"seq": "10", "n": "77222", "vap": "232", "pvap": "   3,50", "e": "N", "st": "Suplente"}, {"seq": "54", "n": "77722", "vap": "7", "pvap": "   0,11", "e": "N", "st": "Suplente"}, {"seq": "41", "n": "77124", "vap": "24", "pvap": "   0,36", "e": "N", "st": "Suplente"}, {"seq": "22", "n": "77217", "vap": "88", "pvap": "   1,33", "e": "N", "st": "Suplente"}, {"seq": "53", "n": "77321", "vap": "7", "pvap": "   0,11", "e": "N", "st": "Suplente"}, {"seq": "49", "n": "77789", "vap": "17", "pvap": "   0,26", "e": "N", "st": "Suplente"}]}, {"dt": "15/11/2020", "ht": "22:07:18", "tf": "S", "and": "F", "tpabr": "ZONA", "cdabr": "4", "s": "26", "st": "26", "snt": "0", "si": "26", "sni": "0", "sa": "26", "sna": "0", "pst": " 100,00", "psnt": "   0,00", "psi": " 100,00", "psni": "   0,00", "psa": " 100,00", "psna": "   0,00", "e": "8063", "ea": "8063", "ena": "0", "esi": "8063", "esni": "0", "a": "1157", "c": "6906", "pea": " 100,00", "pena": "   0,00", "pesi": " 100,00", "pesni": "   0,00", "pa": "  14,35", "pc": "  85,65", "vnom": "6275", "vscv": "0", "vl": "346", "tv": "6906", "vvc": "6621", "vb": "82", "tvn": "203", "vn": "190", "vnt": "13", "vp": "0", "vv": "6621", "van": "0", "vansj": "0", "pvnom": "  94,77", "pvl": "   5,23", "pvvc": "  95,87", "pvb": "   1,19", "ptvn": "   2,94", "pvn": "  93,60", "pvnt": "   6,40", "pvp": "   0,00", "pvv": " 100,00", "pvan": "   0,00", "pvansj": "   0,00", "cand": [{"seq": "41", "n": "77124", "vap": "24", "pvap": "   0,36", "e": "N", "st": "Suplente"}, {"seq": "54", "n": "77722", "vap": "7", "pvap": "   0,11", "e": "N", "st": "Suplente"}, {"seq": "24", "n": "77777", "vap": "83", "pvap": "   1,25", "e": "N", "st": "Suplente"}, {"seq": "49", "n": "77789", "vap": "17", "pvap": "   0,26", "e": "N", "st": "Suplente"}, {"seq": "6", "n": "77123", "vap": "235", "pvap": "   3,55", "e": "S", "st": "Eleito"}, {"seq": "53", "n": "77321", "vap": "7", "pvap": "   0,11", "e": "N", "st": "Suplente"}, {"seq": "10", "n": "77222", "vap": "232", "pvap": "   3,50", "e": "N", "st": "Suplente"}, {"seq": "14", "n": "77111", "vap": "153", "pvap": "   2,31", "e": "N", "st": "Suplente"}, {"seq": "48", "n": "77333", "vap": "17", "pvap": "   0,26", "e": "N", "st": "Suplente"}, {"seq": "36", "n": "77114", "vap": "38", "pvap": "   0,57", "e": "N", "st": "Suplente"}, {"seq": "22", "n": "77217", "vap": "88", "pvap": "   1,33", "e": "N", "st": "Suplente"}, {"seq": "21", "n": "77999", "vap": "90", "pvap": "   1,36", "e": "N", "st": "Suplente"}, {"seq": "26", "n": "77112", "vap": "80", "pvap": "   1,21", "e": "N", "st": "Suplente"}, {"seq": "58", "n": "13222", "vap": "52", "pvap": "   0,79", "e": "N", "st": "N\u00e3o eleito"}, {"seq": "60", "n": "13111", "vap": "30", "pvap": "   0,45", "e": "N", "st": "N\u00e3o eleito"}, {"seq": "56", "n": "13123", "vap": "166", "pvap": "   2,51", "e": "N", "st": "N\u00e3o eleito"}, {"seq": "63", "n": "13333", "vap": "7", "pvap": "   0,11", "e": "N", "st": "N\u00e3o eleito"}, {"seq": "61", "n": "13777", "vap": "12", "pvap": "   0,18", "e": "N", "st": "N\u00e3o eleito"}, {"seq": "62", "n": "13456", "vap": "11", "pvap": "   0,17", "e": "N", "st": "N\u00e3o eleito"}, {"seq": "59", "n": "13000", "vap": "44", "pvap": "   0,66", "e": "N", "st": "N\u00e3o eleito"}, {"seq": "57", "n": "13455", "vap": "160", "pvap": "   2,42", "e": "N", "st": "N\u00e3o eleito"}, {"seq": "3", "n": "55789", "vap": "389", "pvap": "   5,88", "e": "S", "st": "Eleito"}, {"seq": "28", "n": "55555", "vap": "67", "pvap": "   1,01", "e": "N", "st": "Suplente"}, {"seq": "55", "n": "55111", "vap": "4", "pvap": "   0,06", "e": "N", "st": "Suplente"}, {"seq": "40", "n": "55369", "vap": "27", "pvap": "   0,41", "e": "N", "st": "Suplente"}, {"seq": "33", "n": "55021", "vap": "54", "pvap": "   0,82", "e": "N", "st": "Suplente"}, {"seq": "13", "n": "55123", "vap": "156", "pvap": "   2,36", "e": "N", "st": "Suplente"}, {"seq": "52", "n": "22633", "vap": "9", "pvap": "   0,14", "e": "N", "st": "Suplente"}, {"seq": "43", "n": "22149", "vap": "22", "pvap": "   0,33", "e": "N", "st": "Suplente"}, {"seq": "30", "n": "22123", "vap": "58", "pvap": "   0,88", "e": "N", "st": "Suplente"}, {"seq": "50", "n": "22334", "vap": "12", "pvap": "   0,18", "e": "N", "st": "Suplente"}, {"seq": "16", "n": "22346", "vap": "145", "pvap": "   2,19", "e": "N", "st": "Suplente"}, {"seq": "5", "n": "22345", "vap": "236", "pvap": "   3,56", "e": "S", "st": "Eleito"}, {"seq": "35", "n": "22606", "vap": "39", "pvap": "   0,59", "e": "N", "st": "Suplente"}, {"seq": "45", "n": "22212", "vap": "21", "pvap": "   0,32", "e": "N", "st": "Suplente"}, {"seq": "12", "n": "22222", "vap": "173", "pvap": "   2,61", "e": "N", "st": "Suplente"}, {"seq": "42", "n": "15333", "vap": "24", "pvap": "   0,36", "e": "N", "st": "Suplente"}, {"seq": "8", "n": "15565", "vap": "214", "pvap": "   3,23", "e": "S", "st": "Eleito"}, {"seq": "15", "n": "15777", "vap": "147", "pvap": "   2,22", "e": "N", "st": "Suplente"}, {"seq": "18", "n": "15111", "vap": "129", "pvap": "   1,95", "e": "N", "st": "Suplente"}, {"seq": "47", "n": "15889", "vap": "19", "pvap": "   0,29", "e": "N", "st": "Suplente"}, {"seq": "46", "n": "15456", "vap": "19", "pvap": "   0,29", "e": "N", "st": "Suplente"}, {"seq": "7", "n": "15555", "vap": "230", "pvap": "   3,47", "e": "S", "st": "Eleito"}, {"seq": "34", "n": "15000", "vap": "48", "pvap": "   0,72", "e": "N", "st": "Suplente"}, {"seq": "4", "n": "15123", "vap": "379", "pvap": "   5,72", "e": "S", "st": "Eleito"}, {"seq": "29", "n": "15524", "vap": "63", "pvap": "   0,95", "e": "N", "st": "Suplente"}, {"seq": "11", "n": "15222", "vap": "202", "pvap": "   3,05", "e": "N", "st": "Suplente"}, {"seq": "20", "n": "15678", "vap": "93", "pvap": "   1,40", "e": "N", "st": "Suplente"}, {"seq": "19", "n": "15666", "vap": "101", "pvap": "   1,53", "e": "N", "st": "Suplente"}, {"seq": "51", "n": "15110", "vap": "11", "pvap": "   0,17", "e": "N", "st": "Suplente"}, {"seq": "1", "n": "11555", "vap": "427", "pvap": "   6,45", "e": "S", "st": "Eleito"}, {"seq": "23", "n": "11333", "vap": "85", "pvap": "   1,28", "e": "N", "st": "Suplente"}, {"seq": "31", "n": "11121", "vap": "55", "pvap": "   0,83", "e": "N", "st": "Suplente"}, {"seq": "37", "n": "11222", "vap": "37", "pvap": "   0,56", "e": "N", "st": "Suplente"}, {"seq": "9", "n": "11111", "vap": "179", "pvap": "   2,70", "e": "S", "st": "Eleito"}, {"seq": "38", "n": "11588", "vap": "33", "pvap": "   0,50", "e": "N", "st": "Suplente"}, {"seq": "17", "n": "11777", "vap": "138", "pvap": "   2,08", "e": "N", "st": "Suplente"}, {"seq": "27", "n": "11113", "vap": "68", "pvap": "   1,03", "e": "N", "st": "Suplente"}, {"seq": "2", "n": "11175", "vap": "422", "pvap": "   6,37", "e": "S", "st": "Eleito"}, {"seq": "32", "n": "11000", "vap": "54", "pvap": "   0,82", "e": "N", "st": "Suplente"}, {"seq": "44", "n": "11234", "vap": "22", "pvap": "   0,33", "e": "N", "st": "Suplente"}, {"seq": "25", "n": "11123", "vap": "80", "pvap": "   1,21", "e": "N", "st": "Suplente"}, {"seq": "39", "n": "11110", "vap": "31", "pvap": "   0,47", "e": "N", "st": "Suplente"}]}]}