{"ele": "426", "carper": "13", "t": "1", "f": "O", "esae": "N", "mnae": " ", "dg": "16/11/2020", "hg": "00:28:40", "dv": "S", "nadf": "pi12351-c0013-e000426-002-f", "abr": [{"dt": "15/11/2020", "ht": "23:55:02", "tf": "S", "and": "F", "tpabr": "MU", "cdabr": "12351", "s": "19", "st": "19", "snt": "0", "si": "19", "sni": "0", "sa": "19", "sna": "0", "pst": " 100,00", "psnt": "   0,00", "psi": " 100,00", "psni": "   0,00", "psa": " 100,00", "psna": "   0,00", "e": "4151", "ea": "4151", "ena": "0", "esi": "4151", "esni": "0", "c": "3802", "a": "349", "pea": " 100,00", "pena": "   0,00", "pesi": " 100,00", "pesni": "   0,00", "pa": "   8,41", "pc": "  91,59", "vscv": "0", "vnom": "3488", "vl": "188", "tv": "3802", "vvc": "3676", "vb": "12", "tvn": "114", "vn": "114", "vnt": "0", "vp": "0", "vv": "3676", "van": "0", "vansj": "0", "pvnom": "  94,89", "pvl": "   5,11", "pvvc": "  96,69", "pvb": "   0,31", "ptvn": "   3,00", "pvn": " 100,00", "pvnt": "   0,00", "pvp": "   0,00", "pvv": " 100,00", "pvan": "   0,00", "pvansj": "   0,00", "colig": [{"n": "180000149503", "tvtn": "1020", "tvan": "1020", "vag": "3", "tvtl": "64", "tval": "64"}, {"n": "180000152407", "tvtn": "705", "tvan": "705", "vag": "2", "tvtl": "31", "tval": "31"}, {"n": "180000091200", "tvtn": "1285", "tvan": "1285", "vag": "3", "tvtl": "70", "tval": "70"}, {"n": "180000124825", "tvtn": "478", "tvan": "478", "vag": "1", "tvtl": "23", "tval": "23"}], "part": [{"n": "11", "tvtn": "1020", "tvan": "1020", "tvtl": "64", "tval": "64"}, {"n": "15", "tvtn": "705", "tvan": "705", "tvtl": "31", "tval": "31"}, {"n": "14", "tvtn": "1285", "tvan": "1285", "tvtl": "70", "tval": "70"}, {"n": "13", "tvtn": "478", "tvan": "478", "tvtl": "23", "tval": "23"}], "cand": [{"seq": "8", "n": "11000", "vap": "151", "pvap": "   4,11", "e": "S", "st": "Eleito"}, {"seq": "1", "n": "11456", "vap": "408", "pvap": "  11,10", "e": "S", "st": "Eleito"}, {"seq": "24", "n": "11777", "vap": "5", "pvap": "   0,14", "e": "N", "st": "Suplente"}, {"seq": "21", "n": "11444", "vap": "7", "pvap": "   0,19", "e": "N", "st": "Suplente"}, {"seq": "3", "n": "11111", "vap": "332", "pvap": "   9,03", "e": "S", "st": "Eleito"}, {"seq": "15", "n": "11222", "vap": "117", "pvap": "   3,18", "e": "N", "st": "Suplente"}, {"seq": "9", "n": "15555", "vap": "142", "pvap": "   3,86", "e": "S", "st": "Eleito"}, {"seq": "20", "n": "15678", "vap": "37", "pvap": "   1,01", "e": "N", "st": "Suplente"}, {"seq": "14", "n": "15123", "vap": "129", "pvap": "   3,51", "e": "N", "st": "Suplente"}, {"seq": "18", "n": "15789", "vap": "55", "pvap": "   1,50", "e": "N", "st": "Suplente"}, {"seq": "6", "n": "15000", "vap": "211", "pvap": "   5,74", "e": "S", "st": "Eleito"}, {"seq": "13", "n": "15111", "vap": "131", "pvap": "   3,56", "e": "N", "st": "Suplente"}, {"seq": "16", "n": "14222", "vap": "107", "pvap": "   2,91", "e": "N", "st": "Suplente"}, {"seq": "25", "n": "14100", "vap": "3", "pvap": "   0,08", "e": "N", "st": "Suplente"}, {"seq": "10", "n": "14567", "vap": "205", "pvap": "   5,58", "e": "N", "st": "Suplente"}, {"seq": "4", "n": "14777", "vap": "226", "pvap": "   6,15", "e": "S", "st": "Eleito"}, {"seq": "11", "n": "14666", "vap": "174", "pvap": "   4,73", "e": "N", "st": "Suplente"}, {"seq": "5", "n": "14789", "vap": "225", "pvap": "   6,12", "e": "S", "st": "Eleito"}, {"seq": "2", "n": "14123", "vap": "345", "pvap": "   9,39", "e": "S", "st": "Eleito"}, {"seq": "22", "n": "13555", "vap": "7", "pvap": "   0,19", "e": "N", "st": "Suplente"}, {"seq": "23", "n": "13113", "vap": "6", "pvap": "   0,16", "e": "N", "st": "Suplente"}, {"seq": "12", "n": "13000", "vap": "147", "pvap": "   4,00", "e": "N", "st": "Suplente"}, {"seq": "19", "n": "13333", "vap": "49", "pvap": "   1,33", "e": "N", "st": "Suplente"}, {"seq": "17", "n": "13123", "vap": "85", "pvap": "   2,31", "e": "N", "st": "Suplente"}, {"seq": "7", "n": "13456", "vap": "184", "pvap": "   5,01", "e": "S", "st": "Eleito"}]}, {"dt": "15/11/2020", "ht": "23:55:02", "tf": "S", "and": "F", "tpabr": "ZONA", "cdabr": "69", "s": "19", "st": "19", "snt": "0", "si": "19", "sni": "0", "sa": "19", "sna": "0", "pst": " 100,00", "psnt": "   0,00", "psi": " 100,00", "psni": "   0,00", "psa": " 100,00", "psna": "   0,00", "e": "4151", "ea": "4151", "ena": "0", "esi": "4151", "esni": "0", "a": "349", "c": "3802", "pea": " 100,00", "pena": "   0,00", "pesi": " 100,00", "pesni": "   0,00", "pa": "   8,41", "pc": "  91,59", "vnom": "3488", "vscv": "0", "vl": "188", "tv": "3802", "vvc": "3676", "vb": "12", "tvn": "114", "vn": "114", "vnt": "0", "vp": "0", "vv": "3676", "van": "0", "vansj": "0", "pvnom": "  94,89", "pvl": "   5,11", "pvvc": "  96,69", "pvb": "   0,31", "ptvn": "   3,00", "pvn": " 100,00", "pvnt": "   0,00", "pvp": "   0,00", "pvv": " 100,00", "pvan": "   0,00", "pvansj": "   0,00", "cand": [{"seq": "6", "n": "15000", "vap": "211", "pvap": "   5,74", "e": "S", "st": "Eleito"}, {"seq": "9", "n": "15555", "vap": "142", "pvap": "   3,86", "e": "S", "st": "Eleito"}, {"seq": "13", "n": "15111", "vap": "131", "pvap": "   3,56", "e": "N", "st": "Suplente"}, {"seq": "14", "n": "15123", "vap": "129", "pvap": "   3,51", "e": "N", "st": "Suplente"}, {"seq": "18", "n": "15789", "vap": "55", "pvap": "   1,50", "e": "N", "st": "Suplente"}, {"seq": "20", "n": "15678", "vap": "37", "pvap": "   1,01", "e": "N", "st": "Suplente"}, {"seq": "1", "n": "11456", "vap": "408", "pvap": "  11,10", "e": "S", "st": "Eleito"}, {"seq": "3", "n": "11111", "vap": "332", "pvap": "   9,03", "e": "S", "st": "Eleito"}, {"seq": "8", "n": "11000", "vap": "151", "pvap": "   4,11", "e": "S", "st": "Eleito"}, {"seq": "15", "n": "11222", "vap": "117", "pvap": "   3,18", "e": "N", "st": "Suplente"}, {"seq": "21", "n": "11444", "vap": "7", "pvap": "   0,19", "e": "N", "st": "Suplente"}, {"seq": "24", "n": "11777", "vap": "5", "pvap": "   0,14", "e": "N", "st": "Suplente"}, {"seq": "2", "n": "14123", "vap": "345", "pvap": "   9,39", "e": "S", "st": "Eleito"}, {"seq": "4", "n": "14777", "vap": "226", "pvap": "   6,15", "e": "S", "st": "Eleito"}, {"seq": "5", "n": "14789", "vap": "225", "pvap": "   6,12", "e": "S", "st": "Eleito"}, {"seq": "10", "n": "14567", "vap": "205", "pvap": "   5,58", "e": "N", "st": "Suplente"}, {"seq": "11", "n": "14666", "vap": "174", "pvap": "   4,73", "e": "N", "st": "Suplente"}, {"seq": "16", "n": "14222", "vap": "107", "pvap": "   2,91", "e": "N", "st": "Suplente"}, {"seq": "25", "n": "14100", "vap": "3", "pvap": "   0,08", "e": "N", "st": "Suplente"}, {"seq": "7", "n": "13456", "vap": "184", "pvap": "   5,01", "e": "S", "st": "Eleito"}, {"seq": "12", "n": "13000", "vap": "147", "pvap": "   4,00", "e": "N", "st": "Suplente"}, {"seq": "17", "n": "13123", "vap": "85", "pvap": "   2,31", "e": "N", "st": "Suplente"}, {"seq": "19", "n": "13333", "vap": "49", "pvap": "   1,33", "e": "N", "st": "Suplente"}, {"seq": "22", "n": "13555", "vap": "7", "pvap": "   0,19", "e": "N", "st": "Suplente"}, {"seq": "23", "n": "13113", "vap": "6", "pvap": "   0,16", "e": "N", "st": "Suplente"}]}]}