{"ele": "426", "carper": "13", "t": "1", "f": "O", "esae": "N", "mnae": " ", "dg": "15/11/2020", "hg": "23:08:11", "dv": "S", "nadf": "pr77259-c0013-e000426-002-f", "abr": [{"dt": "15/11/2020", "ht": "22:27:11", "tf": "S", "and": "F", "tpabr": "MU", "cdabr": "77259", "s": "26", "st": "26", "snt": "0", "si": "26", "sni": "0", "sa": "26", "sna": "0", "pst": " 100,00", "psnt": "   0,00", "psi": " 100,00", "psni": "   0,00", "psa": " 100,00", "psna": "   0,00", "e": "10458", "ea": "10458", "ena": "0", "esi": "10458", "esni": "0", "c": "7350", "a": "3108", "pea": " 100,00", "pena": "   0,00", "pesi": " 100,00", "pesni": "   0,00", "pa": "  29,72", "pc": "  70,28", "vscv": "0", "vnom": "6549", "vl": "342", "tv": "7350", "vvc": "6891", "vb": "214", "tvn": "245", "vn": "245", "vnt": "0", "vp": "0", "vv": "6891", "van": "0", "vansj": "0", "pvnom": "  95,04", "pvl": "   4,96", "pvvc": "  93,76", "pvb": "   2,91", "ptvn": "   3,33", "pvn": " 100,00", "pvnt": "   0,00", "pvp": "   0,00", "pvv": " 100,00", "pvan": "   0,00", "pvansj": "   0,00", "colig": [{"n": "160000087341", "tvtn": "136", "tvan": "136", "vag": "0", "tvtl": "23", "tval": "23"}, {"n": "160000057761", "tvtn": "1641", "tvan": "1641", "vag": "2", "tvtl": "37", "tval": "37"}, {"n": "160000144279", "tvtn": "1318", "tvan": "1318", "vag": "2", "tvtl": "102", "tval": "102"}, {"n": "160000144429", "tvtn": "684", "tvan": "684", "vag": "1", "tvtl": "10", "tval": "10"}, {"n": "160000058106", "tvtn": "2311", "tvan": "2311", "vag": "4", "tvtl": "153", "tval": "153"}, {"n": "160000055433", "tvtn": "63", "tvan": "63", "vag": "0", "tvtl": "1", "tval": "1"}, {"n": "160000104925", "tvtn": "75", "tvan": "75", "vag": "0", "tvtl": "9", "tval": "9"}, {"n": "160000056803", "tvtn": "321", "tvan": "321", "vag": "0", "tvtl": "7", "tval": "7"}], "part": [{"n": "70", "tvtn": "136", "tvan": "136", "tvtl": "23", "tval": "23"}, {"n": "12", "tvtn": "1641", "tvan": "1641", "tvtl": "37", "tval": "37"}, {"n": "11", "tvtn": "1318", "tvan": "1318", "tvtl": "102", "tval": "102"}, {"n": "40", "tvtn": "684", "tvan": "684", "tvtl": "10", "tval": "10"}, {"n": "20", "tvtn": "2311", "tvan": "2311", "tvtl": "153", "tval": "153"}, {"n": "15", "tvtn": "63", "tvan": "63", "tvtl": "1", "tval": "1"}, {"n": "77", "tvtn": "75", "tvan": "75", "tvtl": "9", "tval": "9"}, {"n": "13", "tvtn": "321", "tvan": "321", "tvtl": "7", "tval": "7"}], "cand": [{"seq": "65", "n": "70555", "vap": "9", "pvap": "   0,13", "e": "N", "st": "N\u00e3o eleito"}, {"seq": "66", "n": "70051", "vap": "7", "pvap": "   0,10", "e": "N", "st": "N\u00e3o eleito"}, {"seq": "63", "n": "70777", "vap": "15", "pvap": "   0,22", "e": "N", "st": "N\u00e3o eleito"}, {"seq": "59", "n": "70007", "vap": "22", "pvap": "   0,32", "e": "N", "st": "N\u00e3o eleito"}, {"seq": "57", "n": "70333", "vap": "24", "pvap": "   0,35", "e": "N", "st": "N\u00e3o eleito"}, {"seq": "73", "n": "70111", "vap": "2", "pvap": "   0,03", "e": "N", "st": "N\u00e3o eleito"}, {"seq": "72", "n": "70789", "vap": "2", "pvap": "   0,03", "e": "N", "st": "N\u00e3o eleito"}, {"seq": "62", "n": "70666", "vap": "19", "pvap": "   0,28", "e": "N", "st": "N\u00e3o eleito"}, {"seq": "64", "n": "70222", "vap": "14", "pvap": "   0,20", "e": "N", "st": "N\u00e3o eleito"}, {"seq": "60", "n": "70000", "vap": "22", "pvap": "   0,32", "e": "N", "st": "N\u00e3o eleito"}, {"seq": "43", "n": "12777", "vap": "32", "pvap": "   0,46", "e": "N", "st": "Suplente"}, {"seq": "39", "n": "12069", "vap": "42", "pvap": "   0,61", "e": "N", "st": "Suplente"}, {"seq": "45", "n": "12012", "vap": "20", "pvap": "   0,29", "e": "N", "st": "Suplente"}, {"seq": "11", "n": "12111", "vap": "187", "pvap": "   2,71", "e": "N", "st": "Suplente"}, {"seq": "1", "n": "12444", "vap": "396", "pvap": "   5,75", "e": "S", "st": "Eleito"}, {"seq": "19", "n": "12678", "vap": "133", "pvap": "   1,93", "e": "N", "st": "Suplente"}, {"seq": "38", "n": "12888", "vap": "46", "pvap": "   0,67", "e": "N", "st": "Suplente"}, {"seq": "28", "n": "12000", "vap": "89", "pvap": "   1,29", "e": "N", "st": "Suplente"}, {"seq": "10", "n": "12123", "vap": "238", "pvap": "   3,45", "e": "N", "st": "Suplente"}, {"seq": "40", "n": "12456", "vap": "39", "pvap": "   0,57", "e": "N", "st": "Suplente"}, {"seq": "44", "n": "12105", "vap": "32", "pvap": "   0,46", "e": "N", "st": "Suplente"}, {"seq": "6", "n": "12333", "vap": "255", "pvap": "   3,70", "e": "S", "st": "Eleito"}, {"seq": "20", "n": "12222", "vap": "132", "pvap": "   1,92", "e": "N", "st": "Suplente"}, {"seq": "48", "n": "11298", "vap": "8", "pvap": "   0,12", "e": "N", "st": "Suplente"}, {"seq": "5", "n": "11000", "vap": "256", "pvap": "   3,71", "e": "S", "st": "Eleito"}, {"seq": "31", "n": "11345", "vap": "80", "pvap": "   1,16", "e": "N", "st": "Suplente"}, {"seq": "27", "n": "11123", "vap": "93", "pvap": "   1,35", "e": "N", "st": "Suplente"}, {"seq": "29", "n": "11015", "vap": "86", "pvap": "   1,25", "e": "N", "st": "Suplente"}, {"seq": "9", "n": "11369", "vap": "156", "pvap": "   2,26", "e": "S", "st": "Eleito"}, {"seq": "16", "n": "11456", "vap": "136", "pvap": "   1,97", "e": "N", "st": "Suplente"}, {"seq": "34", "n": "11117", "vap": "57", "pvap": "   0,83", "e": "N", "st": "Suplente"}, {"seq": "32", "n": "11111", "vap": "68", "pvap": "   0,99", "e": "N", "st": "Suplente"}, {"seq": "35", "n": "11333", "vap": "48", "pvap": "   0,70", "e": "N", "st": "Suplente"}, {"seq": "22", "n": "11789", "vap": "108", "pvap": "   1,57", "e": "N", "st": "Suplente"}, {"seq": "21", "n": "11234", "vap": "120", "pvap": "   1,74", "e": "N", "st": "Suplente"}, {"seq": "24", "n": "11222", "vap": "102", "pvap": "   1,48", "e": "N", "st": "Suplente"}, {"seq": "30", "n": "40456", "vap": "80", "pvap": "   1,16", "e": "N", "st": "Suplente"}, {"seq": "7", "n": "40123", "vap": "226", "pvap": "   3,28", "e": "S", "st": "Eleito"}, {"seq": "47", "n": "40345", "vap": "14", "pvap": "   0,20", "e": "N", "st": "Suplente"}, {"seq": "33", "n": "40000", "vap": "65", "pvap": "   0,94", "e": "N", "st": "Suplente"}, {"seq": "49", "n": "40567", "vap": "8", "pvap": "   0,12", "e": "N", "st": "Suplente"}, {"seq": "26", "n": "40190", "vap": "97", "pvap": "   1,41", "e": "N", "st": "Suplente"}, {"seq": "50", "n": "40678", "vap": "4", "pvap": "   0,06", "e": "N", "st": "Suplente"}, {"seq": "51", "n": "40111", "vap": "2", "pvap": "   0,03", "e": "N", "st": "Suplente"}, {"seq": "46", "n": "40140", "vap": "16", "pvap": "   0,23", "e": "N", "st": "Suplente"}, {"seq": "41", "n": "40555", "vap": "38", "pvap": "   0,55", "e": "N", "st": "Suplente"}, {"seq": "17", "n": "40444", "vap": "134", "pvap": "   1,94", "e": "N", "st": "Suplente"}, {"seq": "23", "n": "20222", "vap": "103", "pvap": "   1,49", "e": "N", "st": "Suplente"}, {"seq": "42", "n": "20123", "vap": "34", "pvap": "   0,49", "e": "N", "st": "Suplente"}, {"seq": "25", "n": "20678", "vap": "102", "pvap": "   1,48", "e": "N", "st": "Suplente"}, {"seq": "3", "n": "20020", "vap": "301", "pvap": "   4,37", "e": "S", "st": "Eleito"}, {"seq": "36", "n": "20025", "vap": "48", "pvap": "   0,70", "e": "N", "st": "Suplente"}, {"seq": "4", "n": "20111", "vap": "295", "pvap": "   4,28", "e": "S", "st": "Eleito"}, {"seq": "15", "n": "20100", "vap": "158", "pvap": "   2,29", "e": "N", "st": "Suplente"}, {"seq": "2", "n": "20520", "vap": "394", "pvap": "   5,72", "e": "S", "st": "Eleito"}, {"seq": "13", "n": "20001", "vap": "168", "pvap": "   2,44", "e": "N", "st": "Suplente"}, {"seq": "8", "n": "20555", "vap": "187", "pvap": "   2,71", "e": "S", "st": "Eleito"}, {"seq": "37", "n": "20770", "vap": "48", "pvap": "   0,70", "e": "N", "st": "Suplente"}, {"seq": "18", "n": "20777", "vap": "134", "pvap": "   1,94", "e": "N", "st": "Suplente"}, {"seq": "12", "n": "20333", "vap": "173", "pvap": "   2,51", "e": "N", "st": "Suplente"}, {"seq": "14", "n": "20000", "vap": "166", "pvap": "   2,41", "e": "N", "st": "Suplente"}, {"seq": "56", "n": "15123", "vap": "40", "pvap": "   0,58", "e": "N", "st": "N\u00e3o eleito"}, {"seq": "58", "n": "15190", "vap": "23", "pvap": "   0,33", "e": "N", "st": "N\u00e3o eleito"}, {"seq": "74", "n": "15789", "vap": "0", "pvap": "00.00", "e": "N", "st": "N\u00e3o eleito"}, {"seq": "55", "n": "77888", "vap": "53", "pvap": "   0,77", "e": "N", "st": "N\u00e3o eleito"}, {"seq": "67", "n": "77444", "vap": "7", "pvap": "   0,10", "e": "N", "st": "N\u00e3o eleito"}, {"seq": "68", "n": "77777", "vap": "5", "pvap": "   0,07", "e": "N", "st": "N\u00e3o eleito"}, {"seq": "69", "n": "77555", "vap": "5", "pvap": "   0,07", "e": "N", "st": "N\u00e3o eleito"}, {"seq": "70", "n": "77789", "vap": "5", "pvap": "   0,07", "e": "N", "st": "N\u00e3o eleito"}, {"seq": "52", "n": "13111", "vap": "144", "pvap": "   2,09", "e": "N", "st": "N\u00e3o eleito"}, {"seq": "53", "n": "13123", "vap": "79", "pvap": "   1,15", "e": "N", "st": "N\u00e3o eleito"}, {"seq": "61", "n": "13456", "vap": "20", "pvap": "   0,29", "e": "N", "st": "N\u00e3o eleito"}, {"seq": "54", "n": "13013", "vap": "74", "pvap": "   1,07", "e": "N", "st": "N\u00e3o eleito"}, {"seq": "71", "n": "13092", "vap": "4", "pvap": "   0,06", "e": "N", "st": "N\u00e3o eleito"}]}, {"dt": "15/11/2020", "ht": "22:27:11", "tf": "S", "and": "F", "tpabr": "ZONA", "cdabr": "96", "s": "26", "st": "26", "snt": "0", "si": "26", "sni": "0", "sa": "26", "sna": "0", "pst": " 100,00", "psnt": "   0,00", "psi": " 100,00", "psni": "   0,00", "psa": " 100,00", "psna": "   0,00", "e": "10458", "ea": "10458", "ena": "0", "esi": "10458", "esni": "0", "a": "3108", "c": "7350", "pea": " 100,00", "pena": "   0,00", "pesi": " 100,00", "pesni": "   0,00", "pa": "  29,72", "pc": "  70,28", "vnom": "6549", "vscv": "0", "vl": "342", "tv": "7350", "vvc": "6891", "vb": "214", "tvn": "245", "vn": "245", "vnt": "0", "vp": "0", "vv": "6891", "van": "0", "vansj": "0", "pvnom": "  95,04", "pvl": "   4,96", "pvvc": "  93,76", "pvb": "   2,91", "ptvn": "   3,33", "pvn": " 100,00", "pvnt": "   0,00", "pvp": "   0,00", "pvv": " 100,00", "pvan": "   0,00", "pvansj": "   0,00", "cand": [{"seq": "2", "n": "20520", "vap": "394", "pvap": "   5,72", "e": "S", "st": "Eleito"}, {"seq": "3", "n": "20020", "vap": "301", "pvap": "   4,37", "e": "S", "st": "Eleito"}, {"seq": "4", "n": "20111", "vap": "295", "pvap": "   4,28", "e": "S", "st": "Eleito"}, {"seq": "8", "n": "20555", "vap": "187", "pvap": "   2,71", "e": "S", "st": "Eleito"}, {"seq": "12", "n": "20333", "vap": "173", "pvap": "   2,51", "e": "N", "st": "Suplente"}, {"seq": "13", "n": "20001", "vap": "168", "pvap": "   2,44", "e": "N", "st": "Suplente"}, {"seq": "14", "n": "20000", "vap": "166", "pvap": "   2,41", "e": "N", "st": "Suplente"}, {"seq": "15", "n": "20100", "vap": "158", "pvap": "   2,29", "e": "N", "st": "Suplente"}, {"seq": "18", "n": "20777", "vap": "134", "pvap": "   1,94", "e": "N", "st": "Suplente"}, {"seq": "23", "n": "20222", "vap": "103", "pvap": "   1,49", "e": "N", "st": "Suplente"}, {"seq": "25", "n": "20678", "vap": "102", "pvap": "   1,48", "e": "N", "st": "Suplente"}, {"seq": "36", "n": "20025", "vap": "48", "pvap": "   0,70", "e": "N", "st": "Suplente"}, {"seq": "37", "n": "20770", "vap": "48", "pvap": "   0,70", "e": "N", "st": "Suplente"}, {"seq": "42", "n": "20123", "vap": "34", "pvap": "   0,49", "e": "N", "st": "Suplente"}, {"seq": "5", "n": "11000", "vap": "256", "pvap": "   3,71", "e": "S", "st": "Eleito"}, {"seq": "9", "n": "11369", "vap": "156", "pvap": "   2,26", "e": "S", "st": "Eleito"}, {"seq": "16", "n": "11456", "vap": "136", "pvap": "   1,97", "e": "N", "st": "Suplente"}, {"seq": "21", "n": "11234", "vap": "120", "pvap": "   1,74", "e": "N", "st": "Suplente"}, {"seq": "22", "n": "11789", "vap": "108", "pvap": "   1,57", "e": "N", "st": "Suplente"}, {"seq": "24", "n": "11222", "vap": "102", "pvap": "   1,48", "e": "N", "st": "Suplente"}, {"seq": "27", "n": "11123", "vap": "93", "pvap": "   1,35", "e": "N", "st": "Suplente"}, {"seq": "29", "n": "11015", "vap": "86", "pvap": "   1,25", "e": "N", "st": "Suplente"}, {"seq": "31", "n": "11345", "vap": "80", "pvap": "   1,16", "e": "N", "st": "Suplente"}, {"seq": "32", "n": "11111", "vap": "68", "pvap": "   0,99", "e": "N", "st": "Suplente"}, {"seq": "34", "n": "11117", "vap": "57", "pvap": "   0,83", "e": "N", "st": "Suplente"}, {"seq": "35", "n": "11333", "vap": "48", "pvap": "   0,70", "e": "N", "st": "Suplente"}, {"seq": "48", "n": "11298", "vap": "8", "pvap": "   0,12", "e": "N", "st": "Suplente"}, {"seq": "56", "n": "15123", "vap": "40", "pvap": "   0,58", "e": "N", "st": "N\u00e3o eleito"}, {"seq": "58", "n": "15190", "vap": "23", "pvap": "   0,33", "e": "N", "st": "N\u00e3o eleito"}, {"seq": "74", "n": "15789", "vap": "0", "pvap": "00.00", "e": "N", "st": "N\u00e3o eleito"}, {"seq": "57", "n": "70333", "vap": "24", "pvap": "   0,35", "e": "N", "st": "N\u00e3o eleito"}, {"seq": "59", "n": "70007", "vap": "22", "pvap": "   0,32", "e": "N", "st": "N\u00e3o eleito"}, {"seq": "60", "n": "70000", "vap": "22", "pvap": "   0,32", "e": "N", "st": "N\u00e3o eleito"}, {"seq": "62", "n": "70666", "vap": "19", "pvap": "   0,28", "e": "N", "st": "N\u00e3o eleito"}, {"seq": "63", "n": "70777", "vap": "15", "pvap": "   0,22", "e": "N", "st": "N\u00e3o eleito"}, {"seq": "64", "n": "70222", "vap": "14", "pvap": "   0,20", "e": "N", "st": "N\u00e3o eleito"}, {"seq": "65", "n": "70555", "vap": "9", "pvap": "   0,13", "e": "N", "st": "N\u00e3o eleito"}, {"seq": "66", "n": "70051", "vap": "7", "pvap": "   0,10", "e": "N", "st": "N\u00e3o eleito"}, {"seq": "72", "n": "70789", "vap": "2", "pvap": "   0,03", "e": "N", "st": "N\u00e3o eleito"}, {"seq": "73", "n": "70111", "vap": "2", "pvap": "   0,03", "e": "N", "st": "N\u00e3o eleito"}, {"seq": "52", "n": "13111", "vap": "144", "pvap": "   2,09", "e": "N", "st": "N\u00e3o eleito"}, {"seq": "53", "n": "13123", "vap": "79", "pvap": "   1,15", "e": "N", "st": "N\u00e3o eleito"}, {"seq": "54", "n": "13013", "vap": "74", "pvap": "   1,07", "e": "N", "st": "N\u00e3o eleito"}, {"seq": "61", "n": "13456", "vap": "20", "pvap": "   0,29", "e": "N", "st": "N\u00e3o eleito"}, {"seq": "71", "n": "13092", "vap": "4", "pvap": "   0,06", "e": "N", "st": "N\u00e3o eleito"}, {"seq": "55", "n": "77888", "vap": "53", "pvap": "   0,77", "e": "N", "st": "N\u00e3o eleito"}, {"seq": "67", "n": "77444", "vap": "7", "pvap": "   0,10", "e": "N", "st": "N\u00e3o eleito"}, {"seq": "68", "n": "77777", "vap": "5", "pvap": "   0,07", "e": "N", "st": "N\u00e3o eleito"}, {"seq": "69", "n": "77555", "vap": "5", "pvap": "   0,07", "e": "N", "st": "N\u00e3o eleito"}, {"seq": "70", "n": "77789", "vap": "5", "pvap": "   0,07", "e": "N", "st": "N\u00e3o eleito"}, {"seq": "1", "n": "12444", "vap": "396", "pvap": "   5,75", "e": "S", "st": "Eleito"}, {"seq": "6", "n": "12333", "vap": "255", "pvap": "   3,70", "e": "S", "st": "Eleito"}, {"seq": "10", "n": "12123", "vap": "238", "pvap": "   3,45", "e": "N", "st": "Suplente"}, {"seq": "11", "n": "12111", "vap": "187", "pvap": "   2,71", "e": "N", "st": "Suplente"}, {"seq": "19", "n": "12678", "vap": "133", "pvap": "   1,93", "e": "N", "st": "Suplente"}, {"seq": "20", "n": "12222", "vap": "132", "pvap": "   1,92", "e": "N", "st": "Suplente"}, {"seq": "28", "n": "12000", "vap": "89", "pvap": "   1,29", "e": "N", "st": "Suplente"}, {"seq": "38", "n": "12888", "vap": "46", "pvap": "   0,67", "e": "N", "st": "Suplente"}, {"seq": "39", "n": "12069", "vap": "42", "pvap": "   0,61", "e": "N", "st": "Suplente"}, {"seq": "40", "n": "12456", "vap": "39", "pvap": "   0,57", "e": "N", "st": "Suplente"}, {"seq": "43", "n": "12777", "vap": "32", "pvap": "   0,46", "e": "N", "st": "Suplente"}, {"seq": "44", "n": "12105", "vap": "32", "pvap": "   0,46", "e": "N", "st": "Suplente"}, {"seq": "45", "n": "12012", "vap": "20", "pvap": "   0,29", "e": "N", "st": "Suplente"}, {"seq": "7", "n": "40123", "vap": "226", "pvap": "   3,28", "e": "S", "st": "Eleito"}, {"seq": "17", "n": "40444", "vap": "134", "pvap": "   1,94", "e": "N", "st": "Suplente"}, {"seq": "26", "n": "40190", "vap": "97", "pvap": "   1,41", "e": "N", "st": "Suplente"}, {"seq": "30", "n": "40456", "vap": "80", "pvap": "   1,16", "e": "N", "st": "Suplente"}, {"seq": "33", "n": "40000", "vap": "65", "pvap": "   0,94", "e": "N", "st": "Suplente"}, {"seq": "41", "n": "40555", "vap": "38", "pvap": "   0,55", "e": "N", "st": "Suplente"}, {"seq": "46", "n": "40140", "vap": "16", "pvap": "   0,23", "e": "N", "st": "Suplente"}, {"seq": "47", "n": "40345", "vap": "14", "pvap": "   0,20", "e": "N", "st": "Suplente"}, {"seq": "49", "n": "40567", "vap": "8", "pvap": "   0,12", "e": "N", "st": "Suplente"}, {"seq": "50", "n": "40678", "vap": "4", "pvap": "   0,06", "e": "N", "st": "Suplente"}, {"seq": "51", "n": "40111", "vap": "2", "pvap": "   0,03", "e": "N", "st": "Suplente"}]}]}