{"ele": "426", "carper": "13", "t": "1", "f": "O", "esae": "N", "mnae": " ", "dg": "15/11/2020", "hg": "17:39:06", "dv": "S", "nadf": "pr74209-c0013-e000426-001-f", "abr": [{"dt": "15/11/2020", "ht": "17:33:52", "tf": "S", "and": "F", "tpabr": "MU", "cdabr": "74209", "s": "11", "st": "11", "snt": "0", "si": "11", "sni": "0", "sa": "11", "sna": "0", "pst": " 100,00", "psnt": "   0,00", "psi": " 100,00", "psni": "   0,00", "psa": " 100,00", "psna": "   0,00", "e": "4009", "ea": "4009", "ena": "0", "esi": "4009", "esni": "0", "c": "3395", "a": "614", "pea": " 100,00", "pena": "   0,00", "pesi": " 100,00", "pesni": "   0,00", "pa": "  15,32", "pc": "  84,68", "vscv": "0", "vnom": "3174", "vl": "99", "tv": "3395", "vvc": "3273", "vb": "43", "tvn": "79", "vn": "79", "vnt": "0", "vp": "0", "vv": "3273", "van": "0", "vansj": "0", "pvnom": "  96,98", "pvl": "   3,02", "pvvc": "  96,41", "pvb": "   1,26", "ptvn": "   2,33", "pvn": " 100,00", "pvnt": "   0,00", "pvp": "   0,00", "pvv": " 100,00", "pvan": "   0,00", "pvansj": "   0,00", "colig": [{"n": "160000135348", "tvtn": "1496", "tvan": "1496", "vag": "4", "tvtl": "25", "tval": "25"}, {"n": "160000136761", "tvtn": "1678", "tvan": "1678", "vag": "5", "tvtl": "74", "tval": "74"}], "part": [{"n": "55", "tvtn": "1496", "tvan": "1496", "tvtl": "25", "tval": "25"}, {"n": "40", "tvtn": "1678", "tvan": "1678", "tvtl": "74", "tval": "74"}], "cand": [{"seq": "24", "n": "55444", "vap": "16", "pvap": "   0,49", "e": "N", "st": "Suplente"}, {"seq": "10", "n": "55555", "vap": "131", "pvap": "   4,00", "e": "N", "st": "Suplente"}, {"seq": "26", "n": "55222", "vap": "10", "pvap": "   0,31", "e": "N", "st": "Suplente"}, {"seq": "12", "n": "55111", "vap": "128", "pvap": "   3,91", "e": "N", "st": "Suplente"}, {"seq": "1", "n": "55123", "vap": "338", "pvap": "  10,33", "e": "S", "st": "Eleito"}, {"seq": "8", "n": "55888", "vap": "167", "pvap": "   5,10", "e": "S", "st": "Eleito"}, {"seq": "6", "n": "55000", "vap": "203", "pvap": "   6,20", "e": "S", "st": "Eleito"}, {"seq": "22", "n": "55152", "vap": "23", "pvap": "   0,70", "e": "N", "st": "Suplente"}, {"seq": "21", "n": "55666", "vap": "43", "pvap": "   1,31", "e": "N", "st": "Suplente"}, {"seq": "11", "n": "55678", "vap": "129", "pvap": "   3,94", "e": "N", "st": "Suplente"}, {"seq": "5", "n": "55015", "vap": "206", "pvap": "   6,29", "e": "S", "st": "Eleito"}, {"seq": "15", "n": "55777", "vap": "90", "pvap": "   2,75", "e": "N", "st": "Suplente"}, {"seq": "25", "n": "55999", "vap": "12", "pvap": "   0,37", "e": "N", "st": "Suplente"}, {"seq": "18", "n": "40200", "vap": "50", "pvap": "   1,53", "e": "N", "st": "Suplente"}, {"seq": "19", "n": "40888", "vap": "49", "pvap": "   1,50", "e": "N", "st": "Suplente"}, {"seq": "9", "n": "40550", "vap": "139", "pvap": "   4,25", "e": "S", "st": "Eleito"}, {"seq": "23", "n": "40555", "vap": "17", "pvap": "   0,52", "e": "N", "st": "Suplente"}, {"seq": "13", "n": "40789", "vap": "126", "pvap": "   3,85", "e": "N", "st": "Suplente"}, {"seq": "16", "n": "40666", "vap": "60", "pvap": "   1,83", "e": "N", "st": "Suplente"}, {"seq": "14", "n": "40000", "vap": "103", "pvap": "   3,15", "e": "N", "st": "Suplente"}, {"seq": "20", "n": "40456", "vap": "45", "pvap": "   1,37", "e": "N", "st": "Suplente"}, {"seq": "4", "n": "40500", "vap": "265", "pvap": "   8,10", "e": "S", "st": "Eleito"}, {"seq": "3", "n": "40123", "vap": "281", "pvap": "   8,59", "e": "S", "st": "Eleito"}, {"seq": "2", "n": "40222", "vap": "307", "pvap": "   9,38", "e": "S", "st": "Eleito"}, {"seq": "7", "n": "40111", "vap": "181", "pvap": "   5,53", "e": "S", "st": "Eleito"}, {"seq": "17", "n": "40333", "vap": "55", "pvap": "   1,68", "e": "N", "st": "Suplente"}]}, {"dt": "15/11/2020", "ht": "17:33:52", "tf": "S", "and": "F", "tpabr": "ZONA", "cdabr": "97", "s": "11", "st": "11", "snt": "0", "si": "11", "sni": "0", "sa": "11", "sna": "0", "pst": " 100,00", "psnt": "   0,00", "psi": " 100,00", "psni": "   0,00", "psa": " 100,00", "psna": "   0,00", "e": "4009", "ea": "4009", "ena": "0", "esi": "4009", "esni": "0", "a": "614", "c": "3395", "pea": " 100,00", "pena": "   0,00", "pesi": " 100,00", "pesni": "   0,00", "pa": "  15,32", "pc": "  84,68", "vnom": "3174", "vscv": "0", "vl": "99", "tv": "3395", "vvc": "3273", "vb": "43", "tvn": "79", "vn": "79", "vnt": "0", "vp": "0", "vv": "3273", "van": "0", "vansj": "0", "pvnom": "  96,98", "pvl": "   3,02", "pvvc": "  96,41", "pvb": "   1,26", "ptvn": "   2,33", "pvn": " 100,00", "pvnt": "   0,00", "pvp": "   0,00", "pvv": " 100,00", "pvan": "   0,00", "pvansj": "   0,00", "cand": [{"seq": "5", "n": "55015", "vap": "206", "pvap": "   6,29", "e": "S", "st": "Eleito"}, {"seq": "6", "n": "55000", "vap": "203", "pvap": "   6,20", "e": "S", "st": "Eleito"}, {"seq": "26", "n": "55222", "vap": "10", "pvap": "   0,31", "e": "N", "st": "Suplente"}, {"seq": "10", "n": "55555", "vap": "131", "pvap": "   4,00", "e": "N", "st": "Suplente"}, {"seq": "11", "n": "55678", "vap": "129", "pvap": "   3,94", "e": "N", "st": "Suplente"}, {"seq": "22", "n": "55152", "vap": "23", "pvap": "   0,70", "e": "N", "st": "Suplente"}, {"seq": "25", "n": "55999", "vap": "12", "pvap": "   0,37", "e": "N", "st": "Suplente"}, {"seq": "8", "n": "55888", "vap": "167", "pvap": "   5,10", "e": "S", "st": "Eleito"}, {"seq": "12", "n": "55111", "vap": "128", "pvap": "   3,91", "e": "N", "st": "Suplente"}, {"seq": "24", "n": "55444", "vap": "16", "pvap": "   0,49", "e": "N", "st": "Suplente"}, {"seq": "21", "n": "55666", "vap": "43", "pvap": "   1,31", "e": "N", "st": "Suplente"}, {"seq": "15", "n": "55777", "vap": "90", "pvap": "   2,75", "e": "N", "st": "Suplente"}, {"seq": "1", "n": "55123", "vap": "338", "pvap": "  10,33", "e": "S", "st": "Eleito"}, {"seq": "16", "n": "40666", "vap": "60", "pvap": "   1,83", "e": "N", "st": "Suplente"}, {"seq": "19", "n": "40888", "vap": "49", "pvap": "   1,50", "e": "N", "st": "Suplente"}, {"seq": "18", "n": "40200", "vap": "50", "pvap": "   1,53", "e": "N", "st": "Suplente"}, {"seq": "13", "n": "40789", "vap": "126", "pvap": "   3,85", "e": "N", "st": "Suplente"}, {"seq": "7", "n": "40111", "vap": "181", "pvap": "   5,53", "e": "S", "st": "Eleito"}, {"seq": "23", "n": "40555", "vap": "17", "pvap": "   0,52", "e": "N", "st": "Suplente"}, {"seq": "3", "n": "40123", "vap": "281", "pvap": "   8,59", "e": "S", "st": "Eleito"}, {"seq": "17", "n": "40333", "vap": "55", "pvap": "   1,68", "e": "N", "st": "Suplente"}, {"seq": "20", "n": "40456", "vap": "45", "pvap": "   1,37", "e": "N", "st": "Suplente"}, {"seq": "14", "n": "40000", "vap": "103", "pvap": "   3,15", "e": "N", "st": "Suplente"}, {"seq": "4", "n": "40500", "vap": "265", "pvap": "   8,10", "e": "S", "st": "Eleito"}, {"seq": "2", "n": "40222", "vap": "307", "pvap": "   9,38", "e": "S", "st": "Eleito"}, {"seq": "9", "n": "40550", "vap": "139", "pvap": "   4,25", "e": "S", "st": "Eleito"}]}]}