{"ele": "426", "carper": "13", "t": "1", "f": "O", "esae": "N", "mnae": " ", "dg": "15/11/2020", "hg": "22:14:45", "dv": "S", "nadf": "pr78638-c0013-e000426-002-f", "abr": [{"dt": "15/11/2020", "ht": "21:01:03", "tf": "S", "and": "F", "tpabr": "MU", "cdabr": "78638", "s": "5", "st": "5", "snt": "0", "si": "5", "sni": "0", "sa": "5", "sna": "0", "pst": " 100,00", "psnt": "   0,00", "psi": " 100,00", "psni": "   0,00", "psa": " 100,00", "psna": "   0,00", "e": "2112", "ea": "2112", "ena": "0", "esi": "2112", "esni": "0", "c": "1918", "a": "194", "pea": " 100,00", "pena": "   0,00", "pesi": " 100,00", "pesni": "   0,00", "pa": "   9,19", "pc": "  90,81", "vscv": "0", "vnom": "1791", "vl": "56", "tv": "1918", "vvc": "1847", "vb": "16", "tvn": "55", "vn": "55", "vnt": "0", "vp": "0", "vv": "1847", "van": "0", "vansj": "0", "pvnom": "  96,97", "pvl": "   3,03", "pvvc": "  96,30", "pvb": "   0,83", "ptvn": "   2,87", "pvn": " 100,00", "pvnt": "   0,00", "pvp": "   0,00", "pvv": " 100,00", "pvan": "   0,00", "pvansj": "   0,00", "colig": [{"n": "160000079111", "tvtn": "185", "tvan": "185", "vag": "1", "tvtl": "6", "tval": "6"}, {"n": "160000106528", "tvtn": "354", "tvan": "354", "vag": "2", "tvtl": "24", "tval": "24"}, {"n": "160000118068", "tvtn": "1227", "tvan": "1227", "vag": "6", "tvtl": "23", "tval": "23"}, {"n": "160000116545", "tvtn": "25", "tvan": "25", "vag": "0", "tvtl": "3", "tval": "3"}], "part": [{"n": "55", "tvtn": "185", "tvan": "185", "tvtl": "6", "tval": "6"}, {"n": "17", "tvtn": "354", "tvan": "354", "tvtl": "24", "tval": "24"}, {"n": "43", "tvtn": "1227", "tvan": "1227", "tvtl": "23", "tval": "23"}, {"n": "33", "tvtn": "25", "tvan": "25", "tvtl": "3", "tval": "3"}], "cand": [{"seq": "16", "n": "55123", "vap": "30", "pvap": "   1,62", "e": "N", "st": "Suplente"}, {"seq": "3", "n": "55555", "vap": "155", "pvap": "   8,39", "e": "S", "st": "Eleito"}, {"seq": "17", "n": "17777", "vap": "18", "pvap": "   0,97", "e": "N", "st": "Suplente"}, {"seq": "22", "n": "17789", "vap": "2", "pvap": "   0,11", "e": "N", "st": "Suplente"}, {"seq": "19", "n": "17555", "vap": "7", "pvap": "   0,38", "e": "N", "st": "Suplente"}, {"seq": "4", "n": "17888", "vap": "149", "pvap": "   8,07", "e": "S", "st": "Eleito"}, {"seq": "9", "n": "17123", "vap": "94", "pvap": "   5,09", "e": "S", "st": "Eleito"}, {"seq": "18", "n": "17222", "vap": "7", "pvap": "   0,38", "e": "N", "st": "Suplente"}, {"seq": "20", "n": "17111", "vap": "6", "pvap": "   0,32", "e": "N", "st": "Suplente"}, {"seq": "12", "n": "17000", "vap": "71", "pvap": "   3,84", "e": "N", "st": "Suplente"}, {"seq": "1", "n": "43555", "vap": "187", "pvap": "  10,12", "e": "S", "st": "Eleito"}, {"seq": "2", "n": "43111", "vap": "165", "pvap": "   8,93", "e": "S", "st": "Eleito"}, {"seq": "11", "n": "43000", "vap": "95", "pvap": "   5,14", "e": "N", "st": "Suplente"}, {"seq": "7", "n": "43333", "vap": "125", "pvap": "   6,77", "e": "S", "st": "Eleito"}, {"seq": "8", "n": "43666", "vap": "115", "pvap": "   6,23", "e": "S", "st": "Eleito"}, {"seq": "13", "n": "43444", "vap": "66", "pvap": "   3,57", "e": "N", "st": "Suplente"}, {"seq": "21", "n": "43999", "vap": "3", "pvap": "   0,16", "e": "N", "st": "Suplente"}, {"seq": "14", "n": "43300", "vap": "57", "pvap": "   3,09", "e": "N", "st": "Suplente"}, {"seq": "15", "n": "43222", "vap": "32", "pvap": "   1,73", "e": "N", "st": "Suplente"}, {"seq": "6", "n": "43789", "vap": "134", "pvap": "   7,26", "e": "S", "st": "Eleito"}, {"seq": "10", "n": "43456", "vap": "102", "pvap": "   5,52", "e": "N", "st": "Suplente"}, {"seq": "5", "n": "43123", "vap": "146", "pvap": "   7,90", "e": "S", "st": "Eleito"}, {"seq": "24", "n": "33000", "vap": "11", "pvap": "   0,60", "e": "N", "st": "N\u00e3o eleito"}, {"seq": "25", "n": "33222", "vap": "1", "pvap": "   0,05", "e": "N", "st": "N\u00e3o eleito"}, {"seq": "23", "n": "33111", "vap": "13", "pvap": "   0,70", "e": "N", "st": "N\u00e3o eleito"}]}, {"dt": "15/11/2020", "ht": "21:01:03", "tf": "S", "and": "F", "tpabr": "ZONA", "cdabr": "99", "s": "5", "st": "5", "snt": "0", "si": "5", "sni": "0", "sa": "5", "sna": "0", "pst": " 100,00", "psnt": "   0,00", "psi": " 100,00", "psni": "   0,00", "psa": " 100,00", "psna": "   0,00", "e": "2112", "ea": "2112", "ena": "0", "esi": "2112", "esni": "0", "a": "194", "c": "1918", "pea": " 100,00", "pena": "   0,00", "pesi": " 100,00", "pesni": "   0,00", "pa": "   9,19", "pc": "  90,81", "vnom": "1791", "vscv": "0", "vl": "56", "tv": "1918", "vvc": "1847", "vb": "16", "tvn": "55", "vn": "55", "vnt": "0", "vp": "0", "vv": "1847", "van": "0", "vansj": "0", "pvnom": "  96,97", "pvl": "   3,03", "pvvc": "  96,30", "pvb": "   0,83", "ptvn": "   2,87", "pvn": " 100,00", "pvnt": "   0,00", "pvp": "   0,00", "pvv": " 100,00", "pvan": "   0,00", "pvansj": "   0,00", "cand": [{"seq": "24", "n": "33000", "vap": "11", "pvap": "   0,60", "e": "N", "st": "N\u00e3o eleito"}, {"seq": "25", "n": "33222", "vap": "1", "pvap": "   0,05", "e": "N", "st": "N\u00e3o eleito"}, {"seq": "23", "n": "33111", "vap": "13", "pvap": "   0,70", "e": "N", "st": "N\u00e3o eleito"}, {"seq": "1", "n": "43555", "vap": "187", "pvap": "  10,12", "e": "S", "st": "Eleito"}, {"seq": "11", "n": "43000", "vap": "95", "pvap": "   5,14", "e": "N", "st": "Suplente"}, {"seq": "14", "n": "43300", "vap": "57", "pvap": "   3,09", "e": "N", "st": "Suplente"}, {"seq": "6", "n": "43789", "vap": "134", "pvap": "   7,26", "e": "S", "st": "Eleito"}, {"seq": "15", "n": "43222", "vap": "32", "pvap": "   1,73", "e": "N", "st": "Suplente"}, {"seq": "7", "n": "43333", "vap": "125", "pvap": "   6,77", "e": "S", "st": "Eleito"}, {"seq": "8", "n": "43666", "vap": "115", "pvap": "   6,23", "e": "S", "st": "Eleito"}, {"seq": "10", "n": "43456", "vap": "102", "pvap": "   5,52", "e": "N", "st": "Suplente"}, {"seq": "5", "n": "43123", "vap": "146", "pvap": "   7,90", "e": "S", "st": "Eleito"}, {"seq": "21", "n": "43999", "vap": "3", "pvap": "   0,16", "e": "N", "st": "Suplente"}, {"seq": "2", "n": "43111", "vap": "165", "pvap": "   8,93", "e": "S", "st": "Eleito"}, {"seq": "13", "n": "43444", "vap": "66", "pvap": "   3,57", "e": "N", "st": "Suplente"}, {"seq": "16", "n": "55123", "vap": "30", "pvap": "   1,62", "e": "N", "st": "Suplente"}, {"seq": "3", "n": "55555", "vap": "155", "pvap": "   8,39", "e": "S", "st": "Eleito"}, {"seq": "12", "n": "17000", "vap": "71", "pvap": "   3,84", "e": "N", "st": "Suplente"}, {"seq": "17", "n": "17777", "vap": "18", "pvap": "   0,97", "e": "N", "st": "Suplente"}, {"seq": "9", "n": "17123", "vap": "94", "pvap": "   5,09", "e": "S", "st": "Eleito"}, {"seq": "20", "n": "17111", "vap": "6", "pvap": "   0,32", "e": "N", "st": "Suplente"}, {"seq": "18", "n": "17222", "vap": "7", "pvap": "   0,38", "e": "N", "st": "Suplente"}, {"seq": "4", "n": "17888", "vap": "149", "pvap": "   8,07", "e": "S", "st": "Eleito"}, {"seq": "22", "n": "17789", "vap": "2", "pvap": "   0,11", "e": "N", "st": "Suplente"}, {"seq": "19", "n": "17555", "vap": "7", "pvap": "   0,38", "e": "N", "st": "Suplente"}]}]}