{"ele": "426", "carper": "13", "t": "1", "f": "O", "esae": "N", "mnae": " ", "dg": "15/11/2020", "hg": "22:14:45", "dv": "S", "nadf": "pr79472-c0013-e000426-002-f", "abr": [{"dt": "15/11/2020", "ht": "22:12:38", "tf": "S", "and": "F", "tpabr": "MU", "cdabr": "79472", "s": "15", "st": "15", "snt": "0", "si": "15", "sni": "0", "sa": "15", "sna": "0", "pst": " 100,00", "psnt": "   0,00", "psi": " 100,00", "psni": "   0,00", "psa": " 100,00", "psna": "   0,00", "e": "5547", "ea": "5547", "ena": "0", "esi": "5547", "esni": "0", "c": "4449", "a": "1098", "pea": " 100,00", "pena": "   0,00", "pesi": " 100,00", "pesni": "   0,00", "pa": "  19,79", "pc": "  80,21", "vscv": "0", "vnom": "3991", "vl": "220", "tv": "4449", "vvc": "4211", "vb": "109", "tvn": "129", "vn": "129", "vnt": "0", "vp": "0", "vv": "4211", "van": "0", "vansj": "0", "pvnom": "  94,78", "pvl": "   5,22", "pvvc": "  94,65", "pvb": "   2,45", "ptvn": "   2,90", "pvn": " 100,00", "pvnt": "   0,00", "pvp": "   0,00", "pvv": " 100,00", "pvan": "   0,00", "pvansj": "   0,00", "colig": [{"n": "160000090304", "tvtn": "370", "tvan": "370", "vag": "1", "tvtl": "31", "tval": "31"}, {"n": "160000096964", "tvtn": "911", "tvan": "911", "vag": "2", "tvtl": "18", "tval": "18"}, {"n": "160000070148", "tvtn": "1060", "tvan": "1060", "vag": "3", "tvtl": "92", "tval": "92"}, {"n": "160000127297", "tvtn": "444", "tvan": "444", "vag": "1", "tvtl": "6", "tval": "6"}, {"n": "160000114434", "tvtn": "225", "tvan": "225", "vag": "0", "tvtl": "15", "tval": "15"}, {"n": "160000115955", "tvtn": "981", "tvan": "981", "vag": "2", "tvtl": "58", "tval": "58"}], "part": [{"n": "23", "tvtn": "370", "tvan": "370", "tvtl": "31", "tval": "31"}, {"n": "55", "tvtn": "911", "tvan": "911", "tvtl": "18", "tval": "18"}, {"n": "28", "tvtn": "1060", "tvan": "1060", "tvtl": "92", "tval": "92"}, {"n": "20", "tvtn": "444", "tvan": "444", "tvtl": "6", "tval": "6"}, {"n": "22", "tvtn": "225", "tvan": "225", "tvtl": "15", "tval": "15"}, {"n": "17", "tvtn": "981", "tvan": "981", "tvtl": "58", "tval": "58"}], "cand": [{"seq": "16", "n": "23955", "vap": "53", "pvap": "   1,26", "e": "N", "st": "Suplente"}, {"seq": "42", "n": "23880", "vap": "11", "pvap": "   0,26", "e": "N", "st": "Suplente"}, {"seq": "23", "n": "23619", "vap": "40", "pvap": "   0,95", "e": "N", "st": "Suplente"}, {"seq": "26", "n": "23777", "vap": "35", "pvap": "   0,83", "e": "N", "st": "Suplente"}, {"seq": "14", "n": "23230", "vap": "64", "pvap": "   1,52", "e": "N", "st": "Suplente"}, {"seq": "9", "n": "23456", "vap": "108", "pvap": "   2,56", "e": "S", "st": "Eleito"}, {"seq": "50", "n": "23660", "vap": "3", "pvap": "   0,07", "e": "N", "st": "Suplente"}, {"seq": "39", "n": "23023", "vap": "16", "pvap": "   0,38", "e": "N", "st": "Suplente"}, {"seq": "22", "n": "23567", "vap": "40", "pvap": "   0,95", "e": "N", "st": "Suplente"}, {"seq": "29", "n": "55789", "vap": "30", "pvap": "   0,71", "e": "N", "st": "Suplente"}, {"seq": "25", "n": "55450", "vap": "38", "pvap": "   0,90", "e": "N", "st": "Suplente"}, {"seq": "5", "n": "55800", "vap": "219", "pvap": "   5,20", "e": "S", "st": "Eleito"}, {"seq": "4", "n": "55123", "vap": "236", "pvap": "   5,60", "e": "S", "st": "Eleito"}, {"seq": "12", "n": "55456", "vap": "173", "pvap": "   4,11", "e": "N", "st": "Suplente"}, {"seq": "10", "n": "55503", "vap": "215", "pvap": "   5,11", "e": "N", "st": "Suplente"}, {"seq": "32", "n": "28321", "vap": "27", "pvap": "   0,64", "e": "N", "st": "Suplente"}, {"seq": "27", "n": "28422", "vap": "31", "pvap": "   0,74", "e": "N", "st": "Suplente"}, {"seq": "43", "n": "28345", "vap": "8", "pvap": "   0,19", "e": "N", "st": "Suplente"}, {"seq": "35", "n": "28765", "vap": "21", "pvap": "   0,50", "e": "N", "st": "Suplente"}, {"seq": "2", "n": "28999", "vap": "329", "pvap": "   7,81", "e": "S", "st": "Eleito"}, {"seq": "7", "n": "28888", "vap": "196", "pvap": "   4,65", "e": "S", "st": "Eleito"}, {"seq": "6", "n": "28159", "vap": "215", "pvap": "   5,11", "e": "S", "st": "Eleito"}, {"seq": "40", "n": "28457", "vap": "15", "pvap": "   0,36", "e": "N", "st": "Suplente"}, {"seq": "17", "n": "28566", "vap": "52", "pvap": "   1,23", "e": "N", "st": "Suplente"}, {"seq": "47", "n": "28232", "vap": "6", "pvap": "   0,14", "e": "N", "st": "Suplente"}, {"seq": "28", "n": "28123", "vap": "31", "pvap": "   0,74", "e": "N", "st": "Suplente"}, {"seq": "37", "n": "28150", "vap": "19", "pvap": "   0,45", "e": "N", "st": "Suplente"}, {"seq": "13", "n": "28288", "vap": "110", "pvap": "   2,61", "e": "N", "st": "Suplente"}, {"seq": "48", "n": "20004", "vap": "5", "pvap": "   0,12", "e": "N", "st": "Suplente"}, {"seq": "8", "n": "20000", "vap": "148", "pvap": "   3,51", "e": "S", "st": "Eleito"}, {"seq": "19", "n": "20123", "vap": "46", "pvap": "   1,09", "e": "N", "st": "Suplente"}, {"seq": "36", "n": "20001", "vap": "20", "pvap": "   0,47", "e": "N", "st": "Suplente"}, {"seq": "34", "n": "20100", "vap": "24", "pvap": "   0,57", "e": "N", "st": "Suplente"}, {"seq": "21", "n": "20789", "vap": "40", "pvap": "   0,95", "e": "N", "st": "Suplente"}, {"seq": "15", "n": "20200", "vap": "60", "pvap": "   1,42", "e": "N", "st": "Suplente"}, {"seq": "18", "n": "20111", "vap": "48", "pvap": "   1,14", "e": "N", "st": "Suplente"}, {"seq": "20", "n": "20345", "vap": "45", "pvap": "   1,07", "e": "N", "st": "Suplente"}, {"seq": "44", "n": "20555", "vap": "8", "pvap": "   0,19", "e": "N", "st": "Suplente"}, {"seq": "52", "n": "22234", "vap": "107", "pvap": "   2,54", "e": "N", "st": "N\u00e3o eleito"}, {"seq": "51", "n": "22222", "vap": "118", "pvap": "   2,80", "e": "N", "st": "N\u00e3o eleito"}, {"seq": "1", "n": "17000", "vap": "338", "pvap": "   8,03", "e": "S", "st": "Eleito"}, {"seq": "11", "n": "17123", "vap": "211", "pvap": "   5,01", "e": "N", "st": "Suplente"}, {"seq": "38", "n": "17189", "vap": "16", "pvap": "   0,38", "e": "N", "st": "Suplente"}, {"seq": "41", "n": "17345", "vap": "13", "pvap": "   0,31", "e": "N", "st": "Suplente"}, {"seq": "46", "n": "17177", "vap": "7", "pvap": "   0,17", "e": "N", "st": "Suplente"}, {"seq": "33", "n": "17121", "vap": "27", "pvap": "   0,64", "e": "N", "st": "Suplente"}, {"seq": "31", "n": "17789", "vap": "28", "pvap": "   0,66", "e": "N", "st": "Suplente"}, {"seq": "49", "n": "17500", "vap": "5", "pvap": "   0,12", "e": "N", "st": "Suplente"}, {"seq": "24", "n": "17231", "vap": "39", "pvap": "   0,93", "e": "N", "st": "Suplente"}, {"seq": "30", "n": "17555", "vap": "30", "pvap": "   0,71", "e": "N", "st": "Suplente"}, {"seq": "45", "n": "17133", "vap": "8", "pvap": "   0,19", "e": "N", "st": "Suplente"}, {"seq": "3", "n": "17777", "vap": "259", "pvap": "   6,15", "e": "S", "st": "Eleito"}]}, {"dt": "15/11/2020", "ht": "22:12:38", "tf": "S", "and": "F", "tpabr": "ZONA", "cdabr": "73", "s": "15", "st": "15", "snt": "0", "si": "15", "sni": "0", "sa": "15", "sna": "0", "pst": " 100,00", "psnt": "   0,00", "psi": " 100,00", "psni": "   0,00", "psa": " 100,00", "psna": "   0,00", "e": "5547", "ea": "5547", "ena": "0", "esi": "5547", "esni": "0", "a": "1098", "c": "4449", "pea": " 100,00", "pena": "   0,00", "pesi": " 100,00", "pesni": "   0,00", "pa": "  19,79", "pc": "  80,21", "vnom": "3991", "vscv": "0", "vl": "220", "tv": "4449", "vvc": "4211", "vb": "109", "tvn": "129", "vn": "129", "vnt": "0", "vp": "0", "vv": "4211", "van": "0", "vansj": "0", "pvnom": "  94,78", "pvl": "   5,22", "pvvc": "  94,65", "pvb": "   2,45", "ptvn": "   2,90", "pvn": " 100,00", "pvnt": "   0,00", "pvp": "   0,00", "pvv": " 100,00", "pvan": "   0,00", "pvansj": "   0,00", "cand": [{"seq": "51", "n": "22222", "vap": "118", "pvap": "   2,80", "e": "N", "st": "N\u00e3o eleito"}, {"seq": "52", "n": "22234", "vap": "107", "pvap": "   2,54", "e": "N", "st": "N\u00e3o eleito"}, {"seq": "22", "n": "23567", "vap": "40", "pvap": "   0,95", "e": "N", "st": "Suplente"}, {"seq": "26", "n": "23777", "vap": "35", "pvap": "   0,83", "e": "N", "st": "Suplente"}, {"seq": "50", "n": "23660", "vap": "3", "pvap": "   0,07", "e": "N", "st": "Suplente"}, {"seq": "9", "n": "23456", "vap": "108", "pvap": "   2,56", "e": "S", "st": "Eleito"}, {"seq": "16", "n": "23955", "vap": "53", "pvap": "   1,26", "e": "N", "st": "Suplente"}, {"seq": "23", "n": "23619", "vap": "40", "pvap": "   0,95", "e": "N", "st": "Suplente"}, {"seq": "39", "n": "23023", "vap": "16", "pvap": "   0,38", "e": "N", "st": "Suplente"}, {"seq": "42", "n": "23880", "vap": "11", "pvap": "   0,26", "e": "N", "st": "Suplente"}, {"seq": "14", "n": "23230", "vap": "64", "pvap": "   1,52", "e": "N", "st": "Suplente"}, {"seq": "10", "n": "55503", "vap": "215", "pvap": "   5,11", "e": "N", "st": "Suplente"}, {"seq": "25", "n": "55450", "vap": "38", "pvap": "   0,90", "e": "N", "st": "Suplente"}, {"seq": "4", "n": "55123", "vap": "236", "pvap": "   5,60", "e": "S", "st": "Eleito"}, {"seq": "5", "n": "55800", "vap": "219", "pvap": "   5,20", "e": "S", "st": "Eleito"}, {"seq": "12", "n": "55456", "vap": "173", "pvap": "   4,11", "e": "N", "st": "Suplente"}, {"seq": "29", "n": "55789", "vap": "30", "pvap": "   0,71", "e": "N", "st": "Suplente"}, {"seq": "15", "n": "20200", "vap": "60", "pvap": "   1,42", "e": "N", "st": "Suplente"}, {"seq": "34", "n": "20100", "vap": "24", "pvap": "   0,57", "e": "N", "st": "Suplente"}, {"seq": "48", "n": "20004", "vap": "5", "pvap": "   0,12", "e": "N", "st": "Suplente"}, {"seq": "19", "n": "20123", "vap": "46", "pvap": "   1,09", "e": "N", "st": "Suplente"}, {"seq": "18", "n": "20111", "vap": "48", "pvap": "   1,14", "e": "N", "st": "Suplente"}, {"seq": "20", "n": "20345", "vap": "45", "pvap": "   1,07", "e": "N", "st": "Suplente"}, {"seq": "44", "n": "20555", "vap": "8", "pvap": "   0,19", "e": "N", "st": "Suplente"}, {"seq": "36", "n": "20001", "vap": "20", "pvap": "   0,47", "e": "N", "st": "Suplente"}, {"seq": "21", "n": "20789", "vap": "40", "pvap": "   0,95", "e": "N", "st": "Suplente"}, {"seq": "8", "n": "20000", "vap": "148", "pvap": "   3,51", "e": "S", "st": "Eleito"}, {"seq": "2", "n": "28999", "vap": "329", "pvap": "   7,81", "e": "S", "st": "Eleito"}, {"seq": "13", "n": "28288", "vap": "110", "pvap": "   2,61", "e": "N", "st": "Suplente"}, {"seq": "35", "n": "28765", "vap": "21", "pvap": "   0,50", "e": "N", "st": "Suplente"}, {"seq": "27", "n": "28422", "vap": "31", "pvap": "   0,74", "e": "N", "st": "Suplente"}, {"seq": "28", "n": "28123", "vap": "31", "pvap": "   0,74", "e": "N", "st": "Suplente"}, {"seq": "37", "n": "28150", "vap": "19", "pvap": "   0,45", "e": "N", "st": "Suplente"}, {"seq": "43", "n": "28345", "vap": "8", "pvap": "   0,19", "e": "N", "st": "Suplente"}, {"seq": "40", "n": "28457", "vap": "15", "pvap": "   0,36", "e": "N", "st": "Suplente"}, {"seq": "47", "n": "28232", "vap": "6", "pvap": "   0,14", "e": "N", "st": "Suplente"}, {"seq": "32", "n": "28321", "vap": "27", "pvap": "   0,64", "e": "N", "st": "Suplente"}, {"seq": "6", "n": "28159", "vap": "215", "pvap": "   5,11", "e": "S", "st": "Eleito"}, {"seq": "17", "n": "28566", "vap": "52", "pvap": "   1,23", "e": "N", "st": "Suplente"}, {"seq": "7", "n": "28888", "vap": "196", "pvap": "   4,65", "e": "S", "st": "Eleito"}, {"seq": "24", "n": "17231", "vap": "39", "pvap": "   0,93", "e": "N", "st": "Suplente"}, {"seq": "31", "n": "17789", "vap": "28", "pvap": "   0,66", "e": "N", "st": "Suplente"}, {"seq": "46", "n": "17177", "vap": "7", "pvap": "   0,17", "e": "N", "st": "Suplente"}, {"seq": "1", "n": "17000", "vap": "338", "pvap": "   8,03", "e": "S", "st": "Eleito"}, {"seq": "30", "n": "17555", "vap": "30", "pvap": "   0,71", "e": "N", "st": "Suplente"}, {"seq": "45", "n": "17133", "vap": "8", "pvap": "   0,19", "e": "N", "st": "Suplente"}, {"seq": "41", "n": "17345", "vap": "13", "pvap": "   0,31", "e": "N", "st": "Suplente"}, {"seq": "3", "n": "17777", "vap": "259", "pvap": "   6,15", "e": "S", "st": "Eleito"}, {"seq": "38", "n": "17189", "vap": "16", "pvap": "   0,38", "e": "N", "st": "Suplente"}, {"seq": "49", "n": "17500", "vap": "5", "pvap": "   0,12", "e": "N", "st": "Suplente"}, {"seq": "11", "n": "17123", "vap": "211", "pvap": "   5,01", "e": "N", "st": "Suplente"}, {"seq": "33", "n": "17121", "vap": "27", "pvap": "   0,64", "e": "N", "st": "Suplente"}]}]}