{"ele": "426", "carper": "13", "t": "1", "f": "O", "esae": "N", "mnae": " ", "dg": "15/11/2020", "hg": "22:14:42", "dv": "S", "nadf": "pr84697-c0013-e000426-003-f", "abr": [{"dt": "15/11/2020", "ht": "22:09:27", "tf": "S", "and": "F", "tpabr": "MU", "cdabr": "84697", "s": "25", "st": "25", "snt": "0", "si": "25", "sni": "0", "sa": "25", "sna": "0", "pst": " 100,00", "psnt": "   0,00", "psi": " 100,00", "psni": "   0,00", "psa": " 100,00", "psna": "   0,00", "e": "9253", "ea": "9253", "ena": "0", "esi": "9253", "esni": "0", "c": "7835", "a": "1418", "pea": " 100,00", "pena": "   0,00", "pesi": " 100,00", "pesni": "   0,00", "pa": "  15,32", "pc": "  84,68", "vscv": "0", "vnom": "7149", "vl": "376", "tv": "7835", "vvc": "7525", "vb": "121", "tvn": "189", "vn": "189", "vnt": "0", "vp": "0", "vv": "7525", "van": "0", "vansj": "0", "pvnom": "  95,00", "pvl": "   5,00", "pvvc": "  96,04", "pvb": "   1,55", "ptvn": "   2,41", "pvn": " 100,00", "pvnt": "   0,00", "pvp": "   0,00", "pvv": " 100,00", "pvan": "   0,00", "pvansj": "   0,00", "colig": [{"n": "160000079192", "tvtn": "2467", "tvan": "2467", "vag": "3", "tvtl": "166", "tval": "166"}, {"n": "160000117124", "tvtn": "1121", "tvan": "1121", "vag": "1", "tvtl": "32", "tval": "32"}, {"n": "160000117375", "tvtn": "1981", "tvan": "1981", "vag": "3", "tvtl": "147", "tval": "147"}, {"n": "160000117629", "tvtn": "1580", "tvan": "1580", "vag": "2", "tvtl": "31", "tval": "31"}], "part": [{"n": "25", "tvtn": "2467", "tvan": "2467", "tvtl": "166", "tval": "166"}, {"n": "11", "tvtn": "1121", "tvan": "1121", "tvtl": "32", "tval": "32"}, {"n": "15", "tvtn": "1981", "tvan": "1981", "tvtl": "147", "tval": "147"}, {"n": "55", "tvtn": "1580", "tvan": "1580", "tvtl": "31", "tval": "31"}], "cand": [{"seq": "6", "n": "25555", "vap": "384", "pvap": "   5,10", "e": "S", "st": "Eleito"}, {"seq": "10", "n": "25025", "vap": "342", "pvap": "   4,54", "e": "N", "st": "Suplente"}, {"seq": "35", "n": "25000", "vap": "20", "pvap": "   0,27", "e": "N", "st": "Suplente"}, {"seq": "21", "n": "25123", "vap": "137", "pvap": "   1,82", "e": "N", "st": "Suplente"}, {"seq": "11", "n": "25678", "vap": "252", "pvap": "   3,35", "e": "N", "st": "Suplente"}, {"seq": "2", "n": "25222", "vap": "500", "pvap": "   6,64", "e": "S", "st": "Eleito"}, {"seq": "26", "n": "25250", "vap": "71", "pvap": "   0,94", "e": "N", "st": "Suplente"}, {"seq": "1", "n": "25606", "vap": "527", "pvap": "   7,00", "e": "S", "st": "Eleito"}, {"seq": "12", "n": "25130", "vap": "234", "pvap": "   3,11", "e": "N", "st": "Suplente"}, {"seq": "16", "n": "11123", "vap": "178", "pvap": "   2,37", "e": "N", "st": "Suplente"}, {"seq": "5", "n": "11789", "vap": "462", "pvap": "   6,14", "e": "S", "st": "Eleito"}, {"seq": "18", "n": "11234", "vap": "164", "pvap": "   2,18", "e": "N", "st": "Suplente"}, {"seq": "27", "n": "11456", "vap": "71", "pvap": "   0,94", "e": "N", "st": "Suplente"}, {"seq": "14", "n": "11111", "vap": "227", "pvap": "   3,02", "e": "N", "st": "Suplente"}, {"seq": "36", "n": "11023", "vap": "19", "pvap": "   0,25", "e": "N", "st": "Suplente"}, {"seq": "34", "n": "15015", "vap": "25", "pvap": "   0,33", "e": "N", "st": "Suplente"}, {"seq": "25", "n": "15000", "vap": "86", "pvap": "   1,14", "e": "N", "st": "Suplente"}, {"seq": "29", "n": "15555", "vap": "60", "pvap": "   0,80", "e": "N", "st": "Suplente"}, {"seq": "8", "n": "15112", "vap": "329", "pvap": "   4,37", "e": "S", "st": "Eleito"}, {"seq": "24", "n": "15100", "vap": "97", "pvap": "   1,29", "e": "N", "st": "Suplente"}, {"seq": "33", "n": "15222", "vap": "25", "pvap": "   0,33", "e": "N", "st": "Suplente"}, {"seq": "17", "n": "15615", "vap": "177", "pvap": "   2,35", "e": "N", "st": "Suplente"}, {"seq": "7", "n": "15123", "vap": "364", "pvap": "   4,84", "e": "S", "st": "Eleito"}, {"seq": "15", "n": "15190", "vap": "205", "pvap": "   2,72", "e": "N", "st": "Suplente"}, {"seq": "9", "n": "15215", "vap": "258", "pvap": "   3,43", "e": "S", "st": "Eleito"}, {"seq": "23", "n": "15333", "vap": "122", "pvap": "   1,62", "e": "N", "st": "Suplente"}, {"seq": "13", "n": "15777", "vap": "233", "pvap": "   3,10", "e": "N", "st": "Suplente"}, {"seq": "32", "n": "55055", "vap": "26", "pvap": "   0,35", "e": "N", "st": "Suplente"}, {"seq": "31", "n": "55321", "vap": "38", "pvap": "   0,50", "e": "N", "st": "Suplente"}, {"seq": "3", "n": "55620", "vap": "493", "pvap": "   6,55", "e": "S", "st": "Eleito"}, {"seq": "30", "n": "55455", "vap": "43", "pvap": "   0,57", "e": "N", "st": "Suplente"}, {"seq": "19", "n": "55222", "vap": "156", "pvap": "   2,07", "e": "N", "st": "Suplente"}, {"seq": "20", "n": "55456", "vap": "148", "pvap": "   1,97", "e": "N", "st": "Suplente"}, {"seq": "28", "n": "55123", "vap": "61", "pvap": "   0,81", "e": "N", "st": "Suplente"}, {"seq": "4", "n": "55555", "vap": "481", "pvap": "   6,39", "e": "S", "st": "Eleito"}, {"seq": "22", "n": "55999", "vap": "134", "pvap": "   1,78", "e": "N", "st": "Suplente"}]}, {"dt": "15/11/2020", "ht": "22:09:27", "tf": "S", "and": "F", "tpabr": "ZONA", "cdabr": "114", "s": "25", "st": "25", "snt": "0", "si": "25", "sni": "0", "sa": "25", "sna": "0", "pst": " 100,00", "psnt": "   0,00", "psi": " 100,00", "psni": "   0,00", "psa": " 100,00", "psna": "   0,00", "e": "9253", "ea": "9253", "ena": "0", "esi": "9253", "esni": "0", "a": "1418", "c": "7835", "pea": " 100,00", "pena": "   0,00", "pesi": " 100,00", "pesni": "   0,00", "pa": "  15,32", "pc": "  84,68", "vnom": "7149", "vscv": "0", "vl": "376", "tv": "7835", "vvc": "7525", "vb": "121", "tvn": "189", "vn": "189", "vnt": "0", "vp": "0", "vv": "7525", "van": "0", "vansj": "0", "pvnom": "  95,00", "pvl": "   5,00", "pvvc": "  96,04", "pvb": "   1,55", "ptvn": "   2,41", "pvn": " 100,00", "pvnt": "   0,00", "pvp": "   0,00", "pvv": " 100,00", "pvan": "   0,00", "pvansj": "   0,00", "cand": [{"seq": "3", "n": "55620", "vap": "493", "pvap": "   6,55", "e": "S", "st": "Eleito"}, {"seq": "4", "n": "55555", "vap": "481", "pvap": "   6,39", "e": "S", "st": "Eleito"}, {"seq": "19", "n": "55222", "vap": "156", "pvap": "   2,07", "e": "N", "st": "Suplente"}, {"seq": "20", "n": "55456", "vap": "148", "pvap": "   1,97", "e": "N", "st": "Suplente"}, {"seq": "22", "n": "55999", "vap": "134", "pvap": "   1,78", "e": "N", "st": "Suplente"}, {"seq": "28", "n": "55123", "vap": "61", "pvap": "   0,81", "e": "N", "st": "Suplente"}, {"seq": "30", "n": "55455", "vap": "43", "pvap": "   0,57", "e": "N", "st": "Suplente"}, {"seq": "31", "n": "55321", "vap": "38", "pvap": "   0,50", "e": "N", "st": "Suplente"}, {"seq": "32", "n": "55055", "vap": "26", "pvap": "   0,35", "e": "N", "st": "Suplente"}, {"seq": "5", "n": "11789", "vap": "462", "pvap": "   6,14", "e": "S", "st": "Eleito"}, {"seq": "14", "n": "11111", "vap": "227", "pvap": "   3,02", "e": "N", "st": "Suplente"}, {"seq": "16", "n": "11123", "vap": "178", "pvap": "   2,37", "e": "N", "st": "Suplente"}, {"seq": "18", "n": "11234", "vap": "164", "pvap": "   2,18", "e": "N", "st": "Suplente"}, {"seq": "27", "n": "11456", "vap": "71", "pvap": "   0,94", "e": "N", "st": "Suplente"}, {"seq": "36", "n": "11023", "vap": "19", "pvap": "   0,25", "e": "N", "st": "Suplente"}, {"seq": "1", "n": "25606", "vap": "527", "pvap": "   7,00", "e": "S", "st": "Eleito"}, {"seq": "2", "n": "25222", "vap": "500", "pvap": "   6,64", "e": "S", "st": "Eleito"}, {"seq": "6", "n": "25555", "vap": "384", "pvap": "   5,10", "e": "S", "st": "Eleito"}, {"seq": "10", "n": "25025", "vap": "342", "pvap": "   4,54", "e": "N", "st": "Suplente"}, {"seq": "11", "n": "25678", "vap": "252", "pvap": "   3,35", "e": "N", "st": "Suplente"}, {"seq": "12", "n": "25130", "vap": "234", "pvap": "   3,11", "e": "N", "st": "Suplente"}, {"seq": "21", "n": "25123", "vap": "137", "pvap": "   1,82", "e": "N", "st": "Suplente"}, {"seq": "26", "n": "25250", "vap": "71", "pvap": "   0,94", "e": "N", "st": "Suplente"}, {"seq": "35", "n": "25000", "vap": "20", "pvap": "   0,27", "e": "N", "st": "Suplente"}, {"seq": "7", "n": "15123", "vap": "364", "pvap": "   4,84", "e": "S", "st": "Eleito"}, {"seq": "8", "n": "15112", "vap": "329", "pvap": "   4,37", "e": "S", "st": "Eleito"}, {"seq": "9", "n": "15215", "vap": "258", "pvap": "   3,43", "e": "S", "st": "Eleito"}, {"seq": "13", "n": "15777", "vap": "233", "pvap": "   3,10", "e": "N", "st": "Suplente"}, {"seq": "15", "n": "15190", "vap": "205", "pvap": "   2,72", "e": "N", "st": "Suplente"}, {"seq": "17", "n": "15615", "vap": "177", "pvap": "   2,35", "e": "N", "st": "Suplente"}, {"seq": "23", "n": "15333", "vap": "122", "pvap": "   1,62", "e": "N", "st": "Suplente"}, {"seq": "24", "n": "15100", "vap": "97", "pvap": "   1,29", "e": "N", "st": "Suplente"}, {"seq": "25", "n": "15000", "vap": "86", "pvap": "   1,14", "e": "N", "st": "Suplente"}, {"seq": "29", "n": "15555", "vap": "60", "pvap": "   0,80", "e": "N", "st": "Suplente"}, {"seq": "33", "n": "15222", "vap": "25", "pvap": "   0,33", "e": "N", "st": "Suplente"}, {"seq": "34", "n": "15015", "vap": "25", "pvap": "   0,33", "e": "N", "st": "Suplente"}]}]}