{"ele": "426", "carper": "13", "t": "1", "f": "O", "esae": "N", "mnae": " ", "dg": "15/11/2020", "hg": "22:14:27", "dv": "S", "nadf": "pr78336-c0013-e000426-002-f", "abr": [{"dt": "15/11/2020", "ht": "22:05:10", "tf": "S", "and": "F", "tpabr": "MU", "cdabr": "78336", "s": "14", "st": "14", "snt": "0", "si": "14", "sni": "0", "sa": "14", "sna": "0", "pst": " 100,00", "psnt": "   0,00", "psi": " 100,00", "psni": "   0,00", "psa": " 100,00", "psna": "   0,00", "e": "3579", "ea": "3579", "ena": "0", "esi": "3579", "esni": "0", "c": "3145", "a": "434", "pea": " 100,00", "pena": "   0,00", "pesi": " 100,00", "pesni": "   0,00", "pa": "  12,13", "pc": "  87,87", "vscv": "0", "vnom": "2829", "vl": "147", "tv": "3145", "vvc": "2976", "vb": "106", "tvn": "63", "vn": "63", "vnt": "0", "vp": "0", "vv": "2976", "van": "0", "vansj": "0", "pvnom": "  95,06", "pvl": "   4,94", "pvvc": "  94,63", "pvb": "   3,37", "ptvn": "   2,00", "pvn": " 100,00", "pvnt": "   0,00", "pvp": "   0,00", "pvv": " 100,00", "pvan": "   0,00", "pvansj": "   0,00", "colig": [{"n": "160000148465", "tvtn": "218", "tvan": "218", "vag": "0", "tvtl": "5", "tval": "5"}, {"n": "160000113714", "tvtn": "2218", "tvan": "2218", "vag": "8", "tvtl": "133", "tval": "133"}, {"n": "160000148909", "tvtn": "393", "tvan": "393", "vag": "1", "tvtl": "9", "tval": "9"}], "part": [{"n": "20", "tvtn": "218", "tvan": "218", "tvtl": "5", "tval": "5"}, {"n": "17", "tvtn": "2218", "tvan": "2218", "tvtl": "133", "tval": "133"}, {"n": "13", "tvtn": "393", "tvan": "393", "tvtl": "9", "tval": "9"}], "cand": [{"seq": "20", "n": "20000", "vap": "185", "pvap": "   6,22", "e": "N", "st": "N\u00e3o eleito"}, {"seq": "21", "n": "20222", "vap": "33", "pvap": "   1,11", "e": "N", "st": "N\u00e3o eleito"}, {"seq": "13", "n": "17653", "vap": "89", "pvap": "   2,99", "e": "N", "st": "Suplente"}, {"seq": "5", "n": "17350", "vap": "197", "pvap": "   6,62", "e": "S", "st": "Eleito"}, {"seq": "1", "n": "17789", "vap": "263", "pvap": "   8,84", "e": "S", "st": "Eleito"}, {"seq": "17", "n": "17000", "vap": "55", "pvap": "   1,85", "e": "N", "st": "Suplente"}, {"seq": "9", "n": "17222", "vap": "125", "pvap": "   4,20", "e": "S", "st": "Eleito"}, {"seq": "14", "n": "17211", "vap": "80", "pvap": "   2,69", "e": "N", "st": "Suplente"}, {"seq": "4", "n": "17123", "vap": "224", "pvap": "   7,53", "e": "S", "st": "Eleito"}, {"seq": "3", "n": "17555", "vap": "240", "pvap": "   8,06", "e": "S", "st": "Eleito"}, {"seq": "2", "n": "17654", "vap": "241", "pvap": "   8,10", "e": "S", "st": "Eleito"}, {"seq": "10", "n": "17999", "vap": "124", "pvap": "   4,17", "e": "N", "st": "Suplente"}, {"seq": "12", "n": "17890", "vap": "115", "pvap": "   3,86", "e": "N", "st": "Suplente"}, {"seq": "11", "n": "17345", "vap": "124", "pvap": "   4,17", "e": "N", "st": "Suplente"}, {"seq": "8", "n": "17777", "vap": "149", "pvap": "   5,01", "e": "S", "st": "Eleito"}, {"seq": "6", "n": "17888", "vap": "192", "pvap": "   6,45", "e": "S", "st": "Eleito"}, {"seq": "16", "n": "13333", "vap": "76", "pvap": "   2,55", "e": "N", "st": "Suplente"}, {"seq": "19", "n": "13444", "vap": "30", "pvap": "   1,01", "e": "N", "st": "Suplente"}, {"seq": "15", "n": "13123", "vap": "78", "pvap": "   2,62", "e": "N", "st": "Suplente"}, {"seq": "18", "n": "13133", "vap": "36", "pvap": "   1,21", "e": "N", "st": "Suplente"}, {"seq": "7", "n": "13456", "vap": "173", "pvap": "   5,81", "e": "S", "st": "Eleito"}]}, {"dt": "15/11/2020", "ht": "22:05:10", "tf": "S", "and": "F", "tpabr": "ZONA", "cdabr": "131", "s": "14", "st": "14", "snt": "0", "si": "14", "sni": "0", "sa": "14", "sna": "0", "pst": " 100,00", "psnt": "   0,00", "psi": " 100,00", "psni": "   0,00", "psa": " 100,00", "psna": "   0,00", "e": "3579", "ea": "3579", "ena": "0", "esi": "3579", "esni": "0", "a": "434", "c": "3145", "pea": " 100,00", "pena": "   0,00", "pesi": " 100,00", "pesni": "   0,00", "pa": "  12,13", "pc": "  87,87", "vnom": "2829", "vscv": "0", "vl": "147", "tv": "3145", "vvc": "2976", "vb": "106", "tvn": "63", "vn": "63", "vnt": "0", "vp": "0", "vv": "2976", "van": "0", "vansj": "0", "pvnom": "  95,06", "pvl": "   4,94", "pvvc": "  94,63", "pvb": "   3,37", "ptvn": "   2,00", "pvn": " 100,00", "pvnt": "   0,00", "pvp": "   0,00", "pvv": " 100,00", "pvan": "   0,00", "pvansj": "   0,00", "cand": [{"seq": "10", "n": "17999", "vap": "124", "pvap": "   4,17", "e": "N", "st": "Suplente"}, {"seq": "1", "n": "17789", "vap": "263", "pvap": "   8,84", "e": "S", "st": "Eleito"}, {"seq": "9", "n": "17222", "vap": "125", "pvap": "   4,20", "e": "S", "st": "Eleito"}, {"seq": "13", "n": "17653", "vap": "89", "pvap": "   2,99", "e": "N", "st": "Suplente"}, {"seq": "17", "n": "17000", "vap": "55", "pvap": "   1,85", "e": "N", "st": "Suplente"}, {"seq": "5", "n": "17350", "vap": "197", "pvap": "   6,62", "e": "S", "st": "Eleito"}, {"seq": "11", "n": "17345", "vap": "124", "pvap": "   4,17", "e": "N", "st": "Suplente"}, {"seq": "4", "n": "17123", "vap": "224", "pvap": "   7,53", "e": "S", "st": "Eleito"}, {"seq": "3", "n": "17555", "vap": "240", "pvap": "   8,06", "e": "S", "st": "Eleito"}, {"seq": "2", "n": "17654", "vap": "241", "pvap": "   8,10", "e": "S", "st": "Eleito"}, {"seq": "12", "n": "17890", "vap": "115", "pvap": "   3,86", "e": "N", "st": "Suplente"}, {"seq": "6", "n": "17888", "vap": "192", "pvap": "   6,45", "e": "S", "st": "Eleito"}, {"seq": "14", "n": "17211", "vap": "80", "pvap": "   2,69", "e": "N", "st": "Suplente"}, {"seq": "8", "n": "17777", "vap": "149", "pvap": "   5,01", "e": "S", "st": "Eleito"}, {"seq": "20", "n": "20000", "vap": "185", "pvap": "   6,22", "e": "N", "st": "N\u00e3o eleito"}, {"seq": "21", "n": "20222", "vap": "33", "pvap": "   1,11", "e": "N", "st": "N\u00e3o eleito"}, {"seq": "15", "n": "13123", "vap": "78", "pvap": "   2,62", "e": "N", "st": "Suplente"}, {"seq": "19", "n": "13444", "vap": "30", "pvap": "   1,01", "e": "N", "st": "Suplente"}, {"seq": "7", "n": "13456", "vap": "173", "pvap": "   5,81", "e": "S", "st": "Eleito"}, {"seq": "16", "n": "13333", "vap": "76", "pvap": "   2,55", "e": "N", "st": "Suplente"}, {"seq": "18", "n": "13133", "vap": "36", "pvap": "   1,21", "e": "N", "st": "Suplente"}]}]}