{"ele": "426", "carper": "13", "t": "1", "f": "O", "esae": "N", "mnae": " ", "dg": "15/11/2020", "hg": "22:14:19", "dv": "S", "nadf": "pr75809-c0013-e000426-001-f", "abr": [{"dt": "15/11/2020", "ht": "20:17:25", "tf": "S", "and": "F", "tpabr": "MU", "cdabr": "75809", "s": "14", "st": "14", "snt": "0", "si": "14", "sni": "0", "sa": "14", "sna": "0", "pst": " 100,00", "psnt": "   0,00", "psi": " 100,00", "psni": "   0,00", "psa": " 100,00", "psna": "   0,00", "e": "5688", "ea": "5688", "ena": "0", "esi": "5688", "esni": "0", "c": "4734", "a": "954", "pea": " 100,00", "pena": "   0,00", "pesi": " 100,00", "pesni": "   0,00", "pa": "  16,77", "pc": "  83,23", "vscv": "0", "vnom": "4250", "vl": "307", "tv": "4734", "vvc": "4557", "vb": "77", "tvn": "100", "vn": "100", "vnt": "0", "vp": "0", "vv": "4557", "van": "0", "vansj": "0", "pvnom": "  93,26", "pvl": "   6,74", "pvvc": "  96,26", "pvb": "   1,63", "ptvn": "   2,11", "pvn": " 100,00", "pvnt": "   0,00", "pvp": "   0,00", "pvv": " 100,00", "pvan": "   0,00", "pvansj": "   0,00", "colig": [{"n": "160000136246", "tvtn": "489", "tvan": "489", "vag": "1", "tvtl": "66", "tval": "66"}, {"n": "160000097312", "tvtn": "1606", "tvan": "1606", "vag": "4", "tvtl": "47", "tval": "47"}, {"n": "160000134900", "tvtn": "507", "tvan": "507", "vag": "1", "tvtl": "71", "tval": "71"}, {"n": "160000097595", "tvtn": "683", "tvan": "683", "vag": "1", "tvtl": "97", "tval": "97"}, {"n": "160000097685", "tvtn": "965", "tvan": "965", "vag": "2", "tvtl": "26", "tval": "26"}], "part": [{"n": "23", "tvtn": "489", "tvan": "489", "tvtl": "66", "tval": "66"}, {"n": "12", "tvtn": "1606", "tvan": "1606", "tvtl": "47", "tval": "47"}, {"n": "15", "tvtn": "507", "tvan": "507", "tvtl": "71", "tval": "71"}, {"n": "55", "tvtn": "683", "tvan": "683", "tvtl": "97", "tval": "97"}, {"n": "22", "tvtn": "965", "tvan": "965", "tvtl": "26", "tval": "26"}], "cand": [{"seq": "25", "n": "23333", "vap": "64", "pvap": "   1,40", "e": "N", "st": "Suplente"}, {"seq": "13", "n": "23123", "vap": "121", "pvap": "   2,66", "e": "N", "st": "Suplente"}, {"seq": "8", "n": "23222", "vap": "166", "pvap": "   3,64", "e": "S", "st": "Eleito"}, {"seq": "23", "n": "23421", "vap": "68", "pvap": "   1,49", "e": "N", "st": "Suplente"}, {"seq": "24", "n": "23111", "vap": "65", "pvap": "   1,43", "e": "N", "st": "Suplente"}, {"seq": "53", "n": "23789", "vap": "5", "pvap": "   0,11", "e": "N", "st": "Suplente"}, {"seq": "21", "n": "12147", "vap": "83", "pvap": "   1,82", "e": "N", "st": "Suplente"}, {"seq": "7", "n": "12333", "vap": "186", "pvap": "   4,08", "e": "S", "st": "Eleito"}, {"seq": "54", "n": "12111", "vap": "4", "pvap": "   0,09", "e": "N", "st": "Suplente"}, {"seq": "4", "n": "12123", "vap": "212", "pvap": "   4,65", "e": "S", "st": "Eleito"}, {"seq": "5", "n": "12567", "vap": "195", "pvap": "   4,28", "e": "S", "st": "Eleito"}, {"seq": "1", "n": "12789", "vap": "337", "pvap": "   7,40", "e": "S", "st": "Eleito"}, {"seq": "12", "n": "12999", "vap": "134", "pvap": "   2,94", "e": "N", "st": "Suplente"}, {"seq": "11", "n": "12456", "vap": "173", "pvap": "   3,80", "e": "N", "st": "Suplente"}, {"seq": "40", "n": "12777", "vap": "20", "pvap": "   0,44", "e": "N", "st": "Suplente"}, {"seq": "16", "n": "12068", "vap": "103", "pvap": "   2,26", "e": "N", "st": "Suplente"}, {"seq": "18", "n": "12345", "vap": "96", "pvap": "   2,11", "e": "N", "st": "Suplente"}, {"seq": "32", "n": "12222", "vap": "31", "pvap": "   0,68", "e": "N", "st": "Suplente"}, {"seq": "30", "n": "12000", "vap": "32", "pvap": "   0,70", "e": "N", "st": "Suplente"}, {"seq": "52", "n": "15118", "vap": "6", "pvap": "   0,13", "e": "N", "st": "Suplente"}, {"seq": "50", "n": "15120", "vap": "8", "pvap": "   0,18", "e": "N", "st": "Suplente"}, {"seq": "29", "n": "15222", "vap": "42", "pvap": "   0,92", "e": "N", "st": "Suplente"}, {"seq": "49", "n": "15123", "vap": "10", "pvap": "   0,22", "e": "N", "st": "Suplente"}, {"seq": "20", "n": "15016", "vap": "85", "pvap": "   1,87", "e": "N", "st": "Suplente"}, {"seq": "17", "n": "15555", "vap": "103", "pvap": "   2,26", "e": "N", "st": "Suplente"}, {"seq": "35", "n": "15500", "vap": "28", "pvap": "   0,61", "e": "N", "st": "Suplente"}, {"seq": "46", "n": "15317", "vap": "12", "pvap": "   0,26", "e": "N", "st": "Suplente"}, {"seq": "37", "n": "15015", "vap": "25", "pvap": "   0,55", "e": "N", "st": "Suplente"}, {"seq": "6", "n": "15678", "vap": "188", "pvap": "   4,13", "e": "S", "st": "Eleito"}, {"seq": "33", "n": "55190", "vap": "29", "pvap": "   0,64", "e": "N", "st": "Suplente"}, {"seq": "36", "n": "55205", "vap": "26", "pvap": "   0,57", "e": "N", "st": "Suplente"}, {"seq": "34", "n": "55666", "vap": "28", "pvap": "   0,61", "e": "N", "st": "Suplente"}, {"seq": "48", "n": "55372", "vap": "11", "pvap": "   0,24", "e": "N", "st": "Suplente"}, {"seq": "3", "n": "55789", "vap": "236", "pvap": "   5,18", "e": "S", "st": "Eleito"}, {"seq": "38", "n": "55555", "vap": "25", "pvap": "   0,55", "e": "N", "st": "Suplente"}, {"seq": "41", "n": "55888", "vap": "17", "pvap": "   0,37", "e": "N", "st": "Suplente"}, {"seq": "44", "n": "55345", "vap": "14", "pvap": "   0,31", "e": "N", "st": "Suplente"}, {"seq": "47", "n": "55147", "vap": "11", "pvap": "   0,24", "e": "N", "st": "Suplente"}, {"seq": "39", "n": "55258", "vap": "21", "pvap": "   0,46", "e": "N", "st": "Suplente"}, {"seq": "28", "n": "55777", "vap": "49", "pvap": "   1,08", "e": "N", "st": "Suplente"}, {"seq": "31", "n": "55333", "vap": "32", "pvap": "   0,70", "e": "N", "st": "Suplente"}, {"seq": "10", "n": "55123", "vap": "184", "pvap": "   4,04", "e": "N", "st": "Suplente"}, {"seq": "26", "n": "22111", "vap": "59", "pvap": "   1,29", "e": "N", "st": "Suplente"}, {"seq": "45", "n": "22777", "vap": "12", "pvap": "   0,26", "e": "N", "st": "Suplente"}, {"seq": "15", "n": "22345", "vap": "104", "pvap": "   2,28", "e": "N", "st": "Suplente"}, {"seq": "42", "n": "22148", "vap": "16", "pvap": "   0,35", "e": "N", "st": "Suplente"}, {"seq": "14", "n": "22333", "vap": "104", "pvap": "   2,28", "e": "N", "st": "Suplente"}, {"seq": "19", "n": "22222", "vap": "86", "pvap": "   1,89", "e": "N", "st": "Suplente"}, {"seq": "2", "n": "22123", "vap": "284", "pvap": "   6,23", "e": "S", "st": "Eleito"}, {"seq": "9", "n": "22456", "vap": "142", "pvap": "   3,12", "e": "S", "st": "Eleito"}, {"seq": "43", "n": "22444", "vap": "16", "pvap": "   0,35", "e": "N", "st": "Suplente"}, {"seq": "22", "n": "22622", "vap": "81", "pvap": "   1,78", "e": "N", "st": "Suplente"}, {"seq": "51", "n": "22000", "vap": "6", "pvap": "   0,13", "e": "N", "st": "Suplente"}, {"seq": "27", "n": "22122", "vap": "55", "pvap": "   1,21", "e": "N", "st": "Suplente"}]}, {"dt": "15/11/2020", "ht": "20:17:25", "tf": "S", "and": "F", "tpabr": "ZONA", "cdabr": "183", "s": "14", "st": "14", "snt": "0", "si": "14", "sni": "0", "sa": "14", "sna": "0", "pst": " 100,00", "psnt": "   0,00", "psi": " 100,00", "psni": "   0,00", "psa": " 100,00", "psna": "   0,00", "e": "5688", "ea": "5688", "ena": "0", "esi": "5688", "esni": "0", "a": "954", "c": "4734", "pea": " 100,00", "pena": "   0,00", "pesi": " 100,00", "pesni": "   0,00", "pa": "  16,77", "pc": "  83,23", "vnom": "4250", "vscv": "0", "vl": "307", "tv": "4734", "vvc": "4557", "vb": "77", "tvn": "100", "vn": "100", "vnt": "0", "vp": "0", "vv": "4557", "van": "0", "vansj": "0", "pvnom": "  93,26", "pvl": "   6,74", "pvvc": "  96,26", "pvb": "   1,63", "ptvn": "   2,11", "pvn": " 100,00", "pvnt": "   0,00", "pvp": "   0,00", "pvv": " 100,00", "pvan": "   0,00", "pvansj": "   0,00", "cand": [{"seq": "10", "n": "55123", "vap": "184", "pvap": "   4,04", "e": "N", "st": "Suplente"}, {"seq": "28", "n": "55777", "vap": "49", "pvap": "   1,08", "e": "N", "st": "Suplente"}, {"seq": "41", "n": "55888", "vap": "17", "pvap": "   0,37", "e": "N", "st": "Suplente"}, {"seq": "48", "n": "55372", "vap": "11", "pvap": "   0,24", "e": "N", "st": "Suplente"}, {"seq": "34", "n": "55666", "vap": "28", "pvap": "   0,61", "e": "N", "st": "Suplente"}, {"seq": "36", "n": "55205", "vap": "26", "pvap": "   0,57", "e": "N", "st": "Suplente"}, {"seq": "47", "n": "55147", "vap": "11", "pvap": "   0,24", "e": "N", "st": "Suplente"}, {"seq": "44", "n": "55345", "vap": "14", "pvap": "   0,31", "e": "N", "st": "Suplente"}, {"seq": "39", "n": "55258", "vap": "21", "pvap": "   0,46", "e": "N", "st": "Suplente"}, {"seq": "33", "n": "55190", "vap": "29", "pvap": "   0,64", "e": "N", "st": "Suplente"}, {"seq": "3", "n": "55789", "vap": "236", "pvap": "   5,18", "e": "S", "st": "Eleito"}, {"seq": "38", "n": "55555", "vap": "25", "pvap": "   0,55", "e": "N", "st": "Suplente"}, {"seq": "31", "n": "55333", "vap": "32", "pvap": "   0,70", "e": "N", "st": "Suplente"}, {"seq": "52", "n": "15118", "vap": "6", "pvap": "   0,13", "e": "N", "st": "Suplente"}, {"seq": "37", "n": "15015", "vap": "25", "pvap": "   0,55", "e": "N", "st": "Suplente"}, {"seq": "17", "n": "15555", "vap": "103", "pvap": "   2,26", "e": "N", "st": "Suplente"}, {"seq": "50", "n": "15120", "vap": "8", "pvap": "   0,18", "e": "N", "st": "Suplente"}, {"seq": "35", "n": "15500", "vap": "28", "pvap": "   0,61", "e": "N", "st": "Suplente"}, {"seq": "29", "n": "15222", "vap": "42", "pvap": "   0,92", "e": "N", "st": "Suplente"}, {"seq": "49", "n": "15123", "vap": "10", "pvap": "   0,22", "e": "N", "st": "Suplente"}, {"seq": "6", "n": "15678", "vap": "188", "pvap": "   4,13", "e": "S", "st": "Eleito"}, {"seq": "46", "n": "15317", "vap": "12", "pvap": "   0,26", "e": "N", "st": "Suplente"}, {"seq": "20", "n": "15016", "vap": "85", "pvap": "   1,87", "e": "N", "st": "Suplente"}, {"seq": "24", "n": "23111", "vap": "65", "pvap": "   1,43", "e": "N", "st": "Suplente"}, {"seq": "25", "n": "23333", "vap": "64", "pvap": "   1,40", "e": "N", "st": "Suplente"}, {"seq": "13", "n": "23123", "vap": "121", "pvap": "   2,66", "e": "N", "st": "Suplente"}, {"seq": "8", "n": "23222", "vap": "166", "pvap": "   3,64", "e": "S", "st": "Eleito"}, {"seq": "23", "n": "23421", "vap": "68", "pvap": "   1,49", "e": "N", "st": "Suplente"}, {"seq": "53", "n": "23789", "vap": "5", "pvap": "   0,11", "e": "N", "st": "Suplente"}, {"seq": "11", "n": "12456", "vap": "173", "pvap": "   3,80", "e": "N", "st": "Suplente"}, {"seq": "16", "n": "12068", "vap": "103", "pvap": "   2,26", "e": "N", "st": "Suplente"}, {"seq": "32", "n": "12222", "vap": "31", "pvap": "   0,68", "e": "N", "st": "Suplente"}, {"seq": "7", "n": "12333", "vap": "186", "pvap": "   4,08", "e": "S", "st": "Eleito"}, {"seq": "18", "n": "12345", "vap": "96", "pvap": "   2,11", "e": "N", "st": "Suplente"}, {"seq": "5", "n": "12567", "vap": "195", "pvap": "   4,28", "e": "S", "st": "Eleito"}, {"seq": "30", "n": "12000", "vap": "32", "pvap": "   0,70", "e": "N", "st": "Suplente"}, {"seq": "21", "n": "12147", "vap": "83", "pvap": "   1,82", "e": "N", "st": "Suplente"}, {"seq": "12", "n": "12999", "vap": "134", "pvap": "   2,94", "e": "N", "st": "Suplente"}, {"seq": "40", "n": "12777", "vap": "20", "pvap": "   0,44", "e": "N", "st": "Suplente"}, {"seq": "54", "n": "12111", "vap": "4", "pvap": "   0,09", "e": "N", "st": "Suplente"}, {"seq": "1", "n": "12789", "vap": "337", "pvap": "   7,40", "e": "S", "st": "Eleito"}, {"seq": "4", "n": "12123", "vap": "212", "pvap": "   4,65", "e": "S", "st": "Eleito"}, {"seq": "42", "n": "22148", "vap": "16", "pvap": "   0,35", "e": "N", "st": "Suplente"}, {"seq": "14", "n": "22333", "vap": "104", "pvap": "   2,28", "e": "N", "st": "Suplente"}, {"seq": "15", "n": "22345", "vap": "104", "pvap": "   2,28", "e": "N", "st": "Suplente"}, {"seq": "45", "n": "22777", "vap": "12", "pvap": "   0,26", "e": "N", "st": "Suplente"}, {"seq": "27", "n": "22122", "vap": "55", "pvap": "   1,21", "e": "N", "st": "Suplente"}, {"seq": "22", "n": "22622", "vap": "81", "pvap": "   1,78", "e": "N", "st": "Suplente"}, {"seq": "9", "n": "22456", "vap": "142", "pvap": "   3,12", "e": "S", "st": "Eleito"}, {"seq": "2", "n": "22123", "vap": "284", "pvap": "   6,23", "e": "S", "st": "Eleito"}, {"seq": "51", "n": "22000", "vap": "6", "pvap": "   0,13", "e": "N", "st": "Suplente"}, {"seq": "43", "n": "22444", "vap": "16", "pvap": "   0,35", "e": "N", "st": "Suplente"}, {"seq": "26", "n": "22111", "vap": "59", "pvap": "   1,29", "e": "N", "st": "Suplente"}, {"seq": "19", "n": "22222", "vap": "86", "pvap": "   1,89", "e": "N", "st": "Suplente"}]}]}