{"ele": "426", "carper": "13", "t": "1", "f": "O", "esae": "N", "mnae": " ", "dg": "15/11/2020", "hg": "22:14:44", "dv": "S", "nadf": "pr75566-c0013-e000426-002-f", "abr": [{"dt": "15/11/2020", "ht": "22:10:08", "tf": "S", "and": "F", "tpabr": "MU", "cdabr": "75566", "s": "9", "st": "9", "snt": "0", "si": "9", "sni": "0", "sa": "9", "sna": "0", "pst": " 100,00", "psnt": "   0,00", "psi": " 100,00", "psni": "   0,00", "psa": " 100,00", "psna": "   0,00", "e": "3072", "ea": "3072", "ena": "0", "esi": "3072", "esni": "0", "c": "2669", "a": "403", "pea": " 100,00", "pena": "   0,00", "pesi": " 100,00", "pesni": "   0,00", "pa": "  13,12", "pc": "  86,88", "vscv": "0", "vnom": "2444", "vl": "125", "tv": "2669", "vvc": "2572", "vb": "30", "tvn": "67", "vn": "67", "vnt": "0", "vp": "0", "vv": "2569", "van": "0", "vansj": "3", "pvnom": "  95,13", "pvl": "   4,87", "pvvc": "  96,37", "pvb": "   1,12", "ptvn": "   2,51", "pvn": " 100,00", "pvnt": "   0,00", "pvp": "   0,00", "pvv": "  99,88", "pvan": "   0,00", "pvansj": "   0,12", "colig": [{"n": "160000119325", "tvtn": "763", "tvan": "763", "vag": "3", "tvtl": "42", "tval": "42"}, {"n": "160000119313", "tvtn": "269", "tvan": "269", "vag": "1", "tvtl": "8", "tval": "8"}, {"n": "160000119312", "tvtn": "1177", "tvan": "1177", "vag": "4", "tvtl": "54", "tval": "54"}, {"n": "160000071443", "tvtn": "235", "tvan": "238", "vag": "1", "tvtl": "21", "tval": "21"}], "part": [{"n": "23", "tvtn": "763", "tvan": "763", "tvtl": "42", "tval": "42"}, {"n": "20", "tvtn": "269", "tvan": "269", "tvtl": "8", "tval": "8"}, {"n": "14", "tvtn": "1177", "tvan": "1177", "tvtl": "54", "tval": "54"}, {"n": "19", "tvtn": "235", "tvan": "238", "tvtl": "21", "tval": "21"}], "cand": [{"seq": "27", "n": "23131", "vap": "21", "pvap": "   0,82", "e": "N", "st": "Suplente"}, {"seq": "4", "n": "23602", "vap": "184", "pvap": "   7,15", "e": "S", "st": "Eleito"}, {"seq": "30", "n": "23123", "vap": "13", "pvap": "   0,51", "e": "N", "st": "Suplente"}, {"seq": "33", "n": "23023", "vap": "6", "pvap": "   0,23", "e": "N", "st": "Suplente"}, {"seq": "13", "n": "23456", "vap": "81", "pvap": "   3,15", "e": "N", "st": "Suplente"}, {"seq": "5", "n": "23000", "vap": "179", "pvap": "   6,96", "e": "S", "st": "Eleito"}, {"seq": "26", "n": "23777", "vap": "21", "pvap": "   0,82", "e": "N", "st": "Suplente"}, {"seq": "21", "n": "23886", "vap": "31", "pvap": "   1,21", "e": "N", "st": "Suplente"}, {"seq": "24", "n": "23600", "vap": "23", "pvap": "   0,89", "e": "N", "st": "Suplente"}, {"seq": "3", "n": "23333", "vap": "204", "pvap": "   7,93", "e": "S", "st": "Eleito"}, {"seq": "11", "n": "20222", "vap": "88", "pvap": "   3,42", "e": "N", "st": "Suplente"}, {"seq": "25", "n": "20272", "vap": "21", "pvap": "   0,82", "e": "N", "st": "Suplente"}, {"seq": "34", "n": "20007", "vap": "5", "pvap": "   0,19", "e": "N", "st": "Suplente"}, {"seq": "36", "n": "20013", "vap": "3", "pvap": "   0,12", "e": "N", "st": "Suplente"}, {"seq": "7", "n": "20075", "vap": "152", "pvap": "   5,91", "e": "S", "st": "Eleito"}, {"seq": "2", "n": "14014", "vap": "216", "pvap": "   8,40", "e": "S", "st": "Eleito"}, {"seq": "6", "n": "14123", "vap": "157", "pvap": "   6,10", "e": "S", "st": "Eleito"}, {"seq": "19", "n": "14277", "vap": "32", "pvap": "   1,24", "e": "N", "st": "Suplente"}, {"seq": "10", "n": "14000", "vap": "100", "pvap": "   3,89", "e": "N", "st": "Suplente"}, {"seq": "8", "n": "14222", "vap": "130", "pvap": "   5,05", "e": "S", "st": "Eleito"}, {"seq": "14", "n": "14608", "vap": "75", "pvap": "   2,92", "e": "N", "st": "Suplente"}, {"seq": "18", "n": "14190", "vap": "33", "pvap": "   1,28", "e": "N", "st": "Suplente"}, {"seq": "1", "n": "14602", "vap": "222", "pvap": "   8,63", "e": "S", "st": "Eleito"}, {"seq": "32", "n": "14777", "vap": "7", "pvap": "   0,27", "e": "N", "st": "Suplente"}, {"seq": "15", "n": "14321", "vap": "57", "pvap": "   2,22", "e": "N", "st": "Suplente"}, {"seq": "17", "n": "14444", "vap": "48", "pvap": "   1,87", "e": "N", "st": "Suplente"}, {"seq": "29", "n": "14567", "vap": "13", "pvap": "   0,51", "e": "N", "st": "Suplente"}, {"seq": "12", "n": "14111", "vap": "87", "pvap": "   3,38", "e": "N", "st": "Suplente"}, {"seq": "37", "n": "19900", "vap": "3", "pvap": "   0,12", "e": "N", "st": "N\u00e3o eleito"}, {"seq": "22", "n": "19777", "vap": "29", "pvap": "   1,13", "e": "N", "st": "Suplente"}, {"seq": "20", "n": "19999", "vap": "32", "pvap": "   1,24", "e": "N", "st": "Suplente"}, {"seq": "28", "n": "19555", "vap": "14", "pvap": "   0,54", "e": "N", "st": "Suplente"}, {"seq": "35", "n": "19000", "vap": "4", "pvap": "   0,16", "e": "N", "st": "Suplente"}, {"seq": "23", "n": "19123", "vap": "27", "pvap": "   1,05", "e": "N", "st": "Suplente"}, {"seq": "31", "n": "19234", "vap": "9", "pvap": "   0,35", "e": "N", "st": "Suplente"}, {"seq": "16", "n": "19666", "vap": "49", "pvap": "   1,91", "e": "N", "st": "Suplente"}, {"seq": "9", "n": "19222", "vap": "71", "pvap": "   2,76", "e": "S", "st": "Eleito"}]}, {"dt": "15/11/2020", "ht": "22:10:08", "tf": "S", "and": "F", "tpabr": "ZONA", "cdabr": "65", "s": "9", "st": "9", "snt": "0", "si": "9", "sni": "0", "sa": "9", "sna": "0", "pst": " 100,00", "psnt": "   0,00", "psi": " 100,00", "psni": "   0,00", "psa": " 100,00", "psna": "   0,00", "e": "3072", "ea": "3072", "ena": "0", "esi": "3072", "esni": "0", "a": "403", "c": "2669", "pea": " 100,00", "pena": "   0,00", "pesi": " 100,00", "pesni": "   0,00", "pa": "  13,12", "pc": "  86,88", "vnom": "2444", "vscv": "0", "vl": "125", "tv": "2669", "vvc": "2572", "vb": "30", "tvn": "67", "vn": "67", "vnt": "0", "vp": "0", "vv": "2569", "van": "0", "vansj": "3", "pvnom": "  95,13", "pvl": "   4,87", "pvvc": "  96,37", "pvb": "   1,12", "ptvn": "   2,51", "pvn": " 100,00", "pvnt": "   0,00", "pvp": "   0,00", "pvv": "  99,88", "pvan": "   0,00", "pvansj": "   0,12", "cand": [{"seq": "1", "n": "14602", "vap": "222", "pvap": "   8,63", "e": "S", "st": "Eleito"}, {"seq": "2", "n": "14014", "vap": "216", "pvap": "   8,40", "e": "S", "st": "Eleito"}, {"seq": "6", "n": "14123", "vap": "157", "pvap": "   6,10", "e": "S", "st": "Eleito"}, {"seq": "8", "n": "14222", "vap": "130", "pvap": "   5,05", "e": "S", "st": "Eleito"}, {"seq": "10", "n": "14000", "vap": "100", "pvap": "   3,89", "e": "N", "st": "Suplente"}, {"seq": "12", "n": "14111", "vap": "87", "pvap": "   3,38", "e": "N", "st": "Suplente"}, {"seq": "14", "n": "14608", "vap": "75", "pvap": "   2,92", "e": "N", "st": "Suplente"}, {"seq": "15", "n": "14321", "vap": "57", "pvap": "   2,22", "e": "N", "st": "Suplente"}, {"seq": "17", "n": "14444", "vap": "48", "pvap": "   1,87", "e": "N", "st": "Suplente"}, {"seq": "18", "n": "14190", "vap": "33", "pvap": "   1,28", "e": "N", "st": "Suplente"}, {"seq": "19", "n": "14277", "vap": "32", "pvap": "   1,24", "e": "N", "st": "Suplente"}, {"seq": "29", "n": "14567", "vap": "13", "pvap": "   0,51", "e": "N", "st": "Suplente"}, {"seq": "32", "n": "14777", "vap": "7", "pvap": "   0,27", "e": "N", "st": "Suplente"}, {"seq": "7", "n": "20075", "vap": "152", "pvap": "   5,91", "e": "S", "st": "Eleito"}, {"seq": "11", "n": "20222", "vap": "88", "pvap": "   3,42", "e": "N", "st": "Suplente"}, {"seq": "25", "n": "20272", "vap": "21", "pvap": "   0,82", "e": "N", "st": "Suplente"}, {"seq": "34", "n": "20007", "vap": "5", "pvap": "   0,19", "e": "N", "st": "Suplente"}, {"seq": "36", "n": "20013", "vap": "3", "pvap": "   0,12", "e": "N", "st": "Suplente"}, {"seq": "9", "n": "19222", "vap": "71", "pvap": "   2,76", "e": "S", "st": "Eleito"}, {"seq": "16", "n": "19666", "vap": "49", "pvap": "   1,91", "e": "N", "st": "Suplente"}, {"seq": "20", "n": "19999", "vap": "32", "pvap": "   1,24", "e": "N", "st": "Suplente"}, {"seq": "22", "n": "19777", "vap": "29", "pvap": "   1,13", "e": "N", "st": "Suplente"}, {"seq": "23", "n": "19123", "vap": "27", "pvap": "   1,05", "e": "N", "st": "Suplente"}, {"seq": "28", "n": "19555", "vap": "14", "pvap": "   0,54", "e": "N", "st": "Suplente"}, {"seq": "31", "n": "19234", "vap": "9", "pvap": "   0,35", "e": "N", "st": "Suplente"}, {"seq": "35", "n": "19000", "vap": "4", "pvap": "   0,16", "e": "N", "st": "Suplente"}, {"seq": "37", "n": "19900", "vap": "3", "pvap": "   0,12", "e": "N", "st": "N\u00e3o eleito"}, {"seq": "3", "n": "23333", "vap": "204", "pvap": "   7,93", "e": "S", "st": "Eleito"}, {"seq": "4", "n": "23602", "vap": "184", "pvap": "   7,15", "e": "S", "st": "Eleito"}, {"seq": "5", "n": "23000", "vap": "179", "pvap": "   6,96", "e": "S", "st": "Eleito"}, {"seq": "13", "n": "23456", "vap": "81", "pvap": "   3,15", "e": "N", "st": "Suplente"}, {"seq": "21", "n": "23886", "vap": "31", "pvap": "   1,21", "e": "N", "st": "Suplente"}, {"seq": "24", "n": "23600", "vap": "23", "pvap": "   0,89", "e": "N", "st": "Suplente"}, {"seq": "26", "n": "23777", "vap": "21", "pvap": "   0,82", "e": "N", "st": "Suplente"}, {"seq": "27", "n": "23131", "vap": "21", "pvap": "   0,82", "e": "N", "st": "Suplente"}, {"seq": "30", "n": "23123", "vap": "13", "pvap": "   0,51", "e": "N", "st": "Suplente"}, {"seq": "33", "n": "23023", "vap": "6", "pvap": "   0,23", "e": "N", "st": "Suplente"}]}]}