{"ele": "426", "carper": "13", "t": "1", "f": "O", "esae": "N", "mnae": " ", "dg": "18/11/2020", "hg": "10:11:47", "dv": "S", "nadf": "pr84611-c0013-e000426-002-f", "abr": [{"dt": "18/11/2020", "ht": "10:10:51", "tf": "S", "and": "F", "tpabr": "MU", "cdabr": "84611", "s": "126", "st": "126", "snt": "0", "si": "126", "sni": "0", "sa": "126", "sna": "0", "pst": " 100,00", "psnt": "   0,00", "psi": " 100,00", "psni": "   0,00", "psa": " 100,00", "psna": "   0,00", "e": "64050", "ea": "64050", "ena": "0", "esi": "64050", "esni": "0", "c": "46265", "a": "17785", "pea": " 100,00", "pena": "   0,00", "pesi": " 100,00", "pesni": "   0,00", "pa": "  27,77", "pc": "  72,23", "vscv": "0", "vnom": "37575", "vl": "2656", "tv": "46265", "vvc": "40231", "vb": "3299", "tvn": "2735", "vn": "2657", "vnt": "78", "vp": "0", "vv": "40231", "van": "0", "vansj": "0", "pvnom": "  93,40", "pvl": "   6,60", "pvvc": "  86,96", "pvb": "   7,13", "ptvn": "   5,91", "pvn": "  97,15", "pvnt": "   2,85", "pvp": "   0,00", "pvv": " 100,00", "pvan": "   0,00", "pvansj": "   0,00", "colig": [{"n": "160000144560", "tvtn": "965", "tvan": "965", "vag": "0", "tvtl": "40", "tval": "40"}, {"n": "160000076033", "tvtn": "5396", "tvan": "5396", "vag": "2", "tvtl": "969", "tval": "969"}, {"n": "160000127905", "tvtn": "1659", "tvan": "1737", "vag": "0", "tvtl": "366", "tval": "366"}, {"n": "160000098395", "tvtn": "5293", "tvan": "5293", "vag": "1", "tvtl": "85", "tval": "85"}, {"n": "160000118831", "tvtn": "5317", "tvan": "5317", "vag": "2", "tvtl": "72", "tval": "72"}, {"n": "160000110022", "tvtn": "4877", "tvan": "4877", "vag": "1", "tvtl": "76", "tval": "76"}, {"n": "160000076034", "tvtn": "6683", "tvan": "6683", "vag": "2", "tvtl": "936", "tval": "936"}, {"n": "160000098476", "tvtn": "6521", "tvan": "6521", "vag": "2", "tvtl": "102", "tval": "102"}, {"n": "160000159028", "tvtn": "864", "tvan": "864", "vag": "0", "tvtl": "10", "tval": "10"}], "part": [{"n": "15", "tvtn": "965", "tvan": "965", "tvtl": "40", "tval": "40"}, {"n": "11", "tvtn": "5396", "tvan": "5396", "tvtl": "969", "tval": "969"}, {"n": "13", "tvtn": "1659", "tvan": "1659", "tvtl": "366", "tval": "366"}, {"n": "10", "tvtn": "5293", "tvan": "5293", "tvtl": "85", "tval": "85"}, {"n": "55", "tvtn": "5317", "tvan": "5317", "tvtl": "72", "tval": "72"}, {"n": "17", "tvtn": "4877", "tvan": "4877", "tvtl": "76", "tval": "76"}, {"n": "20", "tvtn": "6683", "tvan": "6683", "tvtl": "936", "tval": "936"}, {"n": "40", "tvtn": "6521", "tvan": "6521", "tvtl": "102", "tval": "102"}, {"n": "27", "tvtn": "864", "tvan": "864", "tvtl": "10", "tval": "10"}], "cand": [{"seq": "106", "n": "15123", "vap": "94", "pvap": "   0,23", "e": "N", "st": "N\u00e3o eleito"}, {"seq": "109", "n": "15055", "vap": "66", "pvap": "   0,16", "e": "N", "st": "N\u00e3o eleito"}, {"seq": "117", "n": "15115", "vap": "30", "pvap": "   0,07", "e": "N", "st": "N\u00e3o eleito"}, {"seq": "112", "n": "15222", "vap": "60", "pvap": "   0,15", "e": "N", "st": "N\u00e3o eleito"}, {"seq": "116", "n": "15555", "vap": "33", "pvap": "   0,08", "e": "N", "st": "N\u00e3o eleito"}, {"seq": "93", "n": "15111", "vap": "231", "pvap": "   0,57", "e": "N", "st": "N\u00e3o eleito"}, {"seq": "110", "n": "15333", "vap": "64", "pvap": "   0,16", "e": "N", "st": "N\u00e3o eleito"}, {"seq": "114", "n": "15670", "vap": "53", "pvap": "   0,13", "e": "N", "st": "N\u00e3o eleito"}, {"seq": "96", "n": "15015", "vap": "179", "pvap": "   0,44", "e": "N", "st": "N\u00e3o eleito"}, {"seq": "98", "n": "15000", "vap": "155", "pvap": "   0,39", "e": "N", "st": "N\u00e3o eleito"}, {"seq": "9", "n": "11300", "vap": "714", "pvap": "   1,77", "e": "S", "st": "Eleito"}, {"seq": "52", "n": "11011", "vap": "210", "pvap": "   0,52", "e": "N", "st": "Suplente"}, {"seq": "8", "n": "11234", "vap": "873", "pvap": "   2,17", "e": "S", "st": "Eleito"}, {"seq": "29", "n": "11222", "vap": "446", "pvap": "   1,11", "e": "N", "st": "Suplente"}, {"seq": "22", "n": "11900", "vap": "542", "pvap": "   1,35", "e": "N", "st": "Suplente"}, {"seq": "44", "n": "11220", "vap": "323", "pvap": "   0,80", "e": "N", "st": "Suplente"}, {"seq": "66", "n": "11700", "vap": "104", "pvap": "   0,26", "e": "N", "st": "Suplente"}, {"seq": "16", "n": "11123", "vap": "672", "pvap": "   1,67", "e": "N", "st": "Suplente"}, {"seq": "90", "n": "11555", "vap": "3", "pvap": "   0,01", "e": "N", "st": "Suplente"}, {"seq": "65", "n": "11777", "vap": "110", "pvap": "   0,27", "e": "N", "st": "Suplente"}, {"seq": "42", "n": "11111", "vap": "340", "pvap": "   0,85", "e": "N", "st": "Suplente"}, {"seq": "24", "n": "11456", "vap": "523", "pvap": "   1,30", "e": "N", "st": "Suplente"}, {"seq": "53", "n": "11000", "vap": "203", "pvap": "   0,50", "e": "N", "st": "Suplente"}, {"seq": "84", "n": "11211", "vap": "35", "pvap": "   0,09", "e": "N", "st": "Suplente"}, {"seq": "46", "n": "11500", "vap": "298", "pvap": "   0,74", "e": "N", "st": "Suplente"}, {"seq": "101", "n": "13900", "vap": "113", "pvap": "   0,28", "e": "N", "st": "N\u00e3o eleito"}, {"seq": "92", "n": "13180", "vap": "245", "pvap": "   0,61", "e": "N", "st": "N\u00e3o eleito"}, {"seq": "95", "n": "13123", "vap": "187", "pvap": "   0,46", "e": "N", "st": "N\u00e3o eleito"}, {"seq": "99", "n": "13000", "vap": "145", "pvap": "   0,36", "e": "N", "st": "N\u00e3o eleito"}, {"seq": "120", "n": "13500", "vap": "16", "pvap": "   0,04", "e": "N", "st": "N\u00e3o eleito"}, {"seq": "107", "n": "13333", "vap": "84", "pvap": "   0,21", "e": "N", "st": "N\u00e3o eleito"}, {"seq": "91", "n": "13013", "vap": "514", "pvap": "   1,28", "e": "N", "st": "N\u00e3o eleito"}, {"seq": "102", "n": "13456", "vap": "113", "pvap": "   0,28", "e": "N", "st": "N\u00e3o eleito"}, {"seq": "118", "n": "13009", "vap": "30", "pvap": "   0,07", "e": "N", "st": "N\u00e3o eleito"}, {"seq": "94", "n": "13600", "vap": "212", "pvap": "   0,53", "e": "N", "st": "N\u00e3o eleito"}, {"seq": "5", "n": "10630", "vap": "1145", "pvap": "   2,85", "e": "S", "st": "Eleito"}, {"seq": "47", "n": "10153", "vap": "283", "pvap": "   0,70", "e": "N", "st": "Suplente"}, {"seq": "31", "n": "10100", "vap": "436", "pvap": "   1,08", "e": "N", "st": "Suplente"}, {"seq": "49", "n": "10777", "vap": "261", "pvap": "   0,65", "e": "N", "st": "Suplente"}, {"seq": "72", "n": "10333", "vap": "83", "pvap": "   0,21", "e": "N", "st": "Suplente"}, {"seq": "28", "n": "10300", "vap": "454", "pvap": "   1,13", "e": "N", "st": "Suplente"}, {"seq": "23", "n": "10123", "vap": "538", "pvap": "   1,34", "e": "N", "st": "Suplente"}, {"seq": "27", "n": "10000", "vap": "469", "pvap": "   1,17", "e": "N", "st": "Suplente"}, {"seq": "75", "n": "10580", "vap": "78", "pvap": "   0,19", "e": "N", "st": "Suplente"}, {"seq": "12", "n": "10111", "vap": "865", "pvap": "   2,15", "e": "N", "st": "Suplente"}, {"seq": "77", "n": "10456", "vap": "74", "pvap": "   0,18", "e": "N", "st": "Suplente"}, {"seq": "79", "n": "10222", "vap": "64", "pvap": "   0,16", "e": "N", "st": "Suplente"}, {"seq": "82", "n": "10200", "vap": "46", "pvap": "   0,11", "e": "N", "st": "Suplente"}, {"seq": "26", "n": "10190", "vap": "484", "pvap": "   1,20", "e": "N", "st": "Suplente"}, {"seq": "89", "n": "10013", "vap": "13", "pvap": "   0,03", "e": "N", "st": "Suplente"}, {"seq": "10", "n": "55800", "vap": "586", "pvap": "   1,46", "e": "S", "st": "Eleito"}, {"seq": "73", "n": "55333", "vap": "80", "pvap": "   0,20", "e": "N", "st": "Suplente"}, {"seq": "51", "n": "55321", "vap": "222", "pvap": "   0,55", "e": "N", "st": "Suplente"}, {"seq": "43", "n": "55678", "vap": "335", "pvap": "   0,83", "e": "N", "st": "Suplente"}, {"seq": "38", "n": "55400", "vap": "383", "pvap": "   0,95", "e": "N", "st": "Suplente"}, {"seq": "2", "n": "55123", "vap": "1398", "pvap": "   3,47", "e": "S", "st": "Eleito"}, {"seq": "41", "n": "55555", "vap": "345", "pvap": "   0,86", "e": "N", "st": "Suplente"}, {"seq": "88", "n": "55456", "vap": "18", "pvap": "   0,04", "e": "N", "st": "Suplente"}, {"seq": "40", "n": "55125", "vap": "349", "pvap": "   0,87", "e": "N", "st": "Suplente"}, {"seq": "74", "n": "55100", "vap": "79", "pvap": "   0,20", "e": "N", "st": "Suplente"}, {"seq": "33", "n": "55900", "vap": "411", "pvap": "   1,02", "e": "N", "st": "Suplente"}, {"seq": "20", "n": "55055", "vap": "559", "pvap": "   1,39", "e": "N", "st": "Suplente"}, {"seq": "83", "n": "55554", "vap": "40", "pvap": "   0,10", "e": "N", "st": "Suplente"}, {"seq": "36", "n": "55300", "vap": "391", "pvap": "   0,97", "e": "N", "st": "Suplente"}, {"seq": "64", "n": "55001", "vap": "121", "pvap": "   0,30", "e": "N", "st": "Suplente"}, {"seq": "4", "n": "17222", "vap": "1194", "pvap": "   2,97", "e": "S", "st": "Eleito"}, {"seq": "60", "n": "17190", "vap": "148", "pvap": "   0,37", "e": "N", "st": "Suplente"}, {"seq": "70", "n": "17000", "vap": "84", "pvap": "   0,21", "e": "N", "st": "Suplente"}, {"seq": "18", "n": "17017", "vap": "619", "pvap": "   1,54", "e": "N", "st": "Suplente"}, {"seq": "57", "n": "17333", "vap": "177", "pvap": "   0,44", "e": "N", "st": "Suplente"}, {"seq": "68", "n": "17775", "vap": "87", "pvap": "   0,22", "e": "N", "st": "Suplente"}, {"seq": "15", "n": "17011", "vap": "715", "pvap": "   1,78", "e": "N", "st": "Suplente"}, {"seq": "35", "n": "17456", "vap": "397", "pvap": "   0,99", "e": "N", "st": "Suplente"}, {"seq": "81", "n": "17345", "vap": "47", "pvap": "   0,12", "e": "N", "st": "Suplente"}, {"seq": "50", "n": "17200", "vap": "249", "pvap": "   0,62", "e": "N", "st": "Suplente"}, {"seq": "61", "n": "17051", "vap": "145", "pvap": "   0,36", "e": "N", "st": "Suplente"}, {"seq": "55", "n": "17123", "vap": "182", "pvap": "   0,45", "e": "N", "st": "Suplente"}, {"seq": "37", "n": "17100", "vap": "385", "pvap": "   0,96", "e": "N", "st": "Suplente"}, {"seq": "58", "n": "17777", "vap": "170", "pvap": "   0,42", "e": "N", "st": "Suplente"}, {"seq": "48", "n": "17177", "vap": "278", "pvap": "   0,69", "e": "N", "st": "Suplente"}, {"seq": "1", "n": "20222", "vap": "1753", "pvap": "   4,36", "e": "S", "st": "Eleito"}, {"seq": "3", "n": "20120", "vap": "1362", "pvap": "   3,39", "e": "S", "st": "Eleito"}, {"seq": "69", "n": "20127", "vap": "85", "pvap": "   0,21", "e": "N", "st": "Suplente"}, {"seq": "54", "n": "20800", "vap": "184", "pvap": "   0,46", "e": "N", "st": "Suplente"}, {"seq": "87", "n": "20468", "vap": "29", "pvap": "   0,07", "e": "N", "st": "Suplente"}, {"seq": "19", "n": "20123", "vap": "609", "pvap": "   1,51", "e": "N", "st": "Suplente"}, {"seq": "34", "n": "20777", "vap": "404", "pvap": "   1,00", "e": "N", "st": "Suplente"}, {"seq": "30", "n": "20156", "vap": "446", "pvap": "   1,11", "e": "N", "st": "Suplente"}, {"seq": "86", "n": "20212", "vap": "32", "pvap": "   0,08", "e": "N", "st": "Suplente"}, {"seq": "63", "n": "20699", "vap": "121", "pvap": "   0,30", "e": "N", "st": "Suplente"}, {"seq": "21", "n": "20192", "vap": "548", "pvap": "   1,36", "e": "N", "st": "Suplente"}, {"seq": "32", "n": "20900", "vap": "426", "pvap": "   1,06", "e": "N", "st": "Suplente"}, {"seq": "76", "n": "20281", "vap": "77", "pvap": "   0,19", "e": "N", "st": "Suplente"}, {"seq": "67", "n": "20020", "vap": "104", "pvap": "   0,26", "e": "N", "st": "Suplente"}, {"seq": "25", "n": "20580", "vap": "503", "pvap": "   1,25", "e": "N", "st": "Suplente"}, {"seq": "39", "n": "40789", "vap": "376", "pvap": "   0,93", "e": "N", "st": "Suplente"}, {"seq": "45", "n": "40777", "vap": "307", "pvap": "   0,76", "e": "N", "st": "Suplente"}, {"seq": "59", "n": "40333", "vap": "168", "pvap": "   0,42", "e": "N", "st": "Suplente"}, {"seq": "78", "n": "40007", "vap": "70", "pvap": "   0,17", "e": "N", "st": "Suplente"}, {"seq": "7", "n": "40040", "vap": "930", "pvap": "   2,31", "e": "S", "st": "Eleito"}, {"seq": "80", "n": "40001", "vap": "48", "pvap": "   0,12", "e": "N", "st": "Suplente"}, {"seq": "85", "n": "40772", "vap": "33", "pvap": "   0,08", "e": "N", "st": "Suplente"}, {"seq": "17", "n": "40456", "vap": "664", "pvap": "   1,65", "e": "N", "st": "Suplente"}, {"seq": "56", "n": "40111", "vap": "181", "pvap": "   0,45", "e": "N", "st": "Suplente"}, {"seq": "6", "n": "40123", "vap": "1101", "pvap": "   2,74", "e": "S", "st": "Eleito"}, {"seq": "62", "n": "40263", "vap": "126", "pvap": "   0,31", "e": "N", "st": "Suplente"}, {"seq": "71", "n": "40140", "vap": "84", "pvap": "   0,21", "e": "N", "st": "Suplente"}, {"seq": "11", "n": "40444", "vap": "908", "pvap": "   2,26", "e": "N", "st": "Suplente"}, {"seq": "13", "n": "40000", "vap": "809", "pvap": "   2,01", "e": "N", "st": "Suplente"}, {"seq": "14", "n": "40222", "vap": "716", "pvap": "   1,78", "e": "N", "st": "Suplente"}, {"seq": "115", "n": "27777", "vap": "38", "pvap": "   0,09", "e": "N", "st": "N\u00e3o eleito"}, {"seq": "97", "n": "27333", "vap": "170", "pvap": "   0,42", "e": "N", "st": "N\u00e3o eleito"}, {"seq": "122", "n": "27001", "vap": "4", "pvap": "   0,01", "e": "N", "st": "N\u00e3o eleito"}, {"seq": "124", "n": "27023", "vap": "0", "pvap": "00.00", "e": "N", "st": "N\u00e3o eleito"}, {"seq": "113", "n": "27222", "vap": "58", "pvap": "   0,14", "e": "N", "st": "N\u00e3o eleito"}, {"seq": "104", "n": "27630", "vap": "101", "pvap": "   0,25", "e": "N", "st": "N\u00e3o eleito"}, {"seq": "119", "n": "27800", "vap": "28", "pvap": "   0,07", "e": "N", "st": "N\u00e3o eleito"}, {"seq": "105", "n": "27363", "vap": "94", "pvap": "   0,23", "e": "N", "st": "N\u00e3o eleito"}, {"seq": "103", "n": "27123", "vap": "104", "pvap": "   0,26", "e": "N", "st": "N\u00e3o eleito"}, {"seq": "111", "n": "27234", "vap": "61", "pvap": "   0,15", "e": "N", "st": "N\u00e3o eleito"}, {"seq": "100", "n": "27027", "vap": "116", "pvap": "   0,29", "e": "N", "st": "N\u00e3o eleito"}, {"seq": "108", "n": "27127", "vap": "81", "pvap": "   0,20", "e": "N", "st": "N\u00e3o eleito"}, {"seq": "123", "n": "27654", "vap": "2", "pvap": "   0,00", "e": "N", "st": "N\u00e3o eleito"}, {"seq": "121", "n": "27007", "vap": "7", "pvap": "   0,02", "e": "N", "st": "N\u00e3o eleito"}]}, {"dt": "18/11/2020", "ht": "10:10:51", "tf": "S", "and": "F", "tpabr": "ZONA", "cdabr": "206", "s": "126", "st": "126", "snt": "0", "si": "126", "sni": "0", "sa": "126", "sna": "0", "pst": " 100,00", "psnt": "   0,00", "psi": " 100,00", "psni": "   0,00", "psa": " 100,00", "psna": "   0,00", "e": "64050", "ea": "64050", "ena": "0", "esi": "64050", "esni": "0", "a": "17785", "c": "46265", "pea": " 100,00", "pena": "   0,00", "pesi": " 100,00", "pesni": "   0,00", "pa": "  27,77", "pc": "  72,23", "vnom": "37575", "vscv": "0", "vl": "2656", "tv": "46265", "vvc": "40231", "vb": "3299", "tvn": "2735", "vn": "2657", "vnt": "78", "vp": "0", "vv": "40231", "van": "0", "vansj": "0", "pvnom": "  93,40", "pvl": "   6,60", "pvvc": "  86,96", "pvb": "   7,13", "ptvn": "   5,91", "pvn": "  97,15", "pvnt": "   2,85", "pvp": "   0,00", "pvv": " 100,00", "pvan": "   0,00", "pvansj": "   0,00", "cand": [{"seq": "30", "n": "20156", "vap": "446", "pvap": "   1,11", "e": "N", "st": "Suplente"}, {"seq": "21", "n": "20192", "vap": "548", "pvap": "   1,36", "e": "N", "st": "Suplente"}, {"seq": "34", "n": "20777", "vap": "404", "pvap": "   1,00", "e": "N", "st": "Suplente"}, {"seq": "3", "n": "20120", "vap": "1362", "pvap": "   3,39", "e": "S", "st": "Eleito"}, {"seq": "76", "n": "20281", "vap": "77", "pvap": "   0,19", "e": "N", "st": "Suplente"}, {"seq": "25", "n": "20580", "vap": "503", "pvap": "   1,25", "e": "N", "st": "Suplente"}, {"seq": "63", "n": "20699", "vap": "121", "pvap": "   0,30", "e": "N", "st": "Suplente"}, {"seq": "32", "n": "20900", "vap": "426", "pvap": "   1,06", "e": "N", "st": "Suplente"}, {"seq": "87", "n": "20468", "vap": "29", "pvap": "   0,07", "e": "N", "st": "Suplente"}, {"seq": "19", "n": "20123", "vap": "609", "pvap": "   1,51", "e": "N", "st": "Suplente"}, {"seq": "54", "n": "20800", "vap": "184", "pvap": "   0,46", "e": "N", "st": "Suplente"}, {"seq": "67", "n": "20020", "vap": "104", "pvap": "   0,26", "e": "N", "st": "Suplente"}, {"seq": "86", "n": "20212", "vap": "32", "pvap": "   0,08", "e": "N", "st": "Suplente"}, {"seq": "1", "n": "20222", "vap": "1753", "pvap": "   4,36", "e": "S", "st": "Eleito"}, {"seq": "69", "n": "20127", "vap": "85", "pvap": "   0,21", "e": "N", "st": "Suplente"}, {"seq": "111", "n": "27234", "vap": "61", "pvap": "   0,15", "e": "N", "st": "N\u00e3o eleito"}, {"seq": "119", "n": "27800", "vap": "28", "pvap": "   0,07", "e": "N", "st": "N\u00e3o eleito"}, {"seq": "108", "n": "27127", "vap": "81", "pvap": "   0,20", "e": "N", "st": "N\u00e3o eleito"}, {"seq": "97", "n": "27333", "vap": "170", "pvap": "   0,42", "e": "N", "st": "N\u00e3o eleito"}, {"seq": "103", "n": "27123", "vap": "104", "pvap": "   0,26", "e": "N", "st": "N\u00e3o eleito"}, {"seq": "113", "n": "27222", "vap": "58", "pvap": "   0,14", "e": "N", "st": "N\u00e3o eleito"}, {"seq": "115", "n": "27777", "vap": "38", "pvap": "   0,09", "e": "N", "st": "N\u00e3o eleito"}, {"seq": "104", "n": "27630", "vap": "101", "pvap": "   0,25", "e": "N", "st": "N\u00e3o eleito"}, {"seq": "122", "n": "27001", "vap": "4", "pvap": "   0,01", "e": "N", "st": "N\u00e3o eleito"}, {"seq": "105", "n": "27363", "vap": "94", "pvap": "   0,23", "e": "N", "st": "N\u00e3o eleito"}, {"seq": "124", "n": "27023", "vap": "0", "pvap": "00.00", "e": "N", "st": "N\u00e3o eleito"}, {"seq": "121", "n": "27007", "vap": "7", "pvap": "   0,02", "e": "N", "st": "N\u00e3o eleito"}, {"seq": "100", "n": "27027", "vap": "116", "pvap": "   0,29", "e": "N", "st": "N\u00e3o eleito"}, {"seq": "123", "n": "27654", "vap": "2", "pvap": "   0,00", "e": "N", "st": "N\u00e3o eleito"}, {"seq": "6", "n": "40123", "vap": "1101", "pvap": "   2,74", "e": "S", "st": "Eleito"}, {"seq": "14", "n": "40222", "vap": "716", "pvap": "   1,78", "e": "N", "st": "Suplente"}, {"seq": "59", "n": "40333", "vap": "168", "pvap": "   0,42", "e": "N", "st": "Suplente"}, {"seq": "17", "n": "40456", "vap": "664", "pvap": "   1,65", "e": "N", "st": "Suplente"}, {"seq": "85", "n": "40772", "vap": "33", "pvap": "   0,08", "e": "N", "st": "Suplente"}, {"seq": "78", "n": "40007", "vap": "70", "pvap": "   0,17", "e": "N", "st": "Suplente"}, {"seq": "71", "n": "40140", "vap": "84", "pvap": "   0,21", "e": "N", "st": "Suplente"}, {"seq": "45", "n": "40777", "vap": "307", "pvap": "   0,76", "e": "N", "st": "Suplente"}, {"seq": "80", "n": "40001", "vap": "48", "pvap": "   0,12", "e": "N", "st": "Suplente"}, {"seq": "11", "n": "40444", "vap": "908", "pvap": "   2,26", "e": "N", "st": "Suplente"}, {"seq": "7", "n": "40040", "vap": "930", "pvap": "   2,31", "e": "S", "st": "Eleito"}, {"seq": "39", "n": "40789", "vap": "376", "pvap": "   0,93", "e": "N", "st": "Suplente"}, {"seq": "62", "n": "40263", "vap": "126", "pvap": "   0,31", "e": "N", "st": "Suplente"}, {"seq": "56", "n": "40111", "vap": "181", "pvap": "   0,45", "e": "N", "st": "Suplente"}, {"seq": "13", "n": "40000", "vap": "809", "pvap": "   2,01", "e": "N", "st": "Suplente"}, {"seq": "50", "n": "17200", "vap": "249", "pvap": "   0,62", "e": "N", "st": "Suplente"}, {"seq": "37", "n": "17100", "vap": "385", "pvap": "   0,96", "e": "N", "st": "Suplente"}, {"seq": "61", "n": "17051", "vap": "145", "pvap": "   0,36", "e": "N", "st": "Suplente"}, {"seq": "81", "n": "17345", "vap": "47", "pvap": "   0,12", "e": "N", "st": "Suplente"}, {"seq": "70", "n": "17000", "vap": "84", "pvap": "   0,21", "e": "N", "st": "Suplente"}, {"seq": "18", "n": "17017", "vap": "619", "pvap": "   1,54", "e": "N", "st": "Suplente"}, {"seq": "60", "n": "17190", "vap": "148", "pvap": "   0,37", "e": "N", "st": "Suplente"}, {"seq": "35", "n": "17456", "vap": "397", "pvap": "   0,99", "e": "N", "st": "Suplente"}, {"seq": "55", "n": "17123", "vap": "182", "pvap": "   0,45", "e": "N", "st": "Suplente"}, {"seq": "48", "n": "17177", "vap": "278", "pvap": "   0,69", "e": "N", "st": "Suplente"}, {"seq": "68", "n": "17775", "vap": "87", "pvap": "   0,22", "e": "N", "st": "Suplente"}, {"seq": "15", "n": "17011", "vap": "715", "pvap": "   1,78", "e": "N", "st": "Suplente"}, {"seq": "57", "n": "17333", "vap": "177", "pvap": "   0,44", "e": "N", "st": "Suplente"}, {"seq": "4", "n": "17222", "vap": "1194", "pvap": "   2,97", "e": "S", "st": "Eleito"}, {"seq": "58", "n": "17777", "vap": "170", "pvap": "   0,42", "e": "N", "st": "Suplente"}, {"seq": "16", "n": "11123", "vap": "672", "pvap": "   1,67", "e": "N", "st": "Suplente"}, {"seq": "84", "n": "11211", "vap": "35", "pvap": "   0,09", "e": "N", "st": "Suplente"}, {"seq": "44", "n": "11220", "vap": "323", "pvap": "   0,80", "e": "N", "st": "Suplente"}, {"seq": "9", "n": "11300", "vap": "714", "pvap": "   1,77", "e": "S", "st": "Eleito"}, {"seq": "46", "n": "11500", "vap": "298", "pvap": "   0,74", "e": "N", "st": "Suplente"}, {"seq": "8", "n": "11234", "vap": "873", "pvap": "   2,17", "e": "S", "st": "Eleito"}, {"seq": "24", "n": "11456", "vap": "523", "pvap": "   1,30", "e": "N", "st": "Suplente"}, {"seq": "42", "n": "11111", "vap": "340", "pvap": "   0,85", "e": "N", "st": "Suplente"}, {"seq": "29", "n": "11222", "vap": "446", "pvap": "   1,11", "e": "N", "st": "Suplente"}, {"seq": "65", "n": "11777", "vap": "110", "pvap": "   0,27", "e": "N", "st": "Suplente"}, {"seq": "52", "n": "11011", "vap": "210", "pvap": "   0,52", "e": "N", "st": "Suplente"}, {"seq": "66", "n": "11700", "vap": "104", "pvap": "   0,26", "e": "N", "st": "Suplente"}, {"seq": "53", "n": "11000", "vap": "203", "pvap": "   0,50", "e": "N", "st": "Suplente"}, {"seq": "90", "n": "11555", "vap": "3", "pvap": "   0,01", "e": "N", "st": "Suplente"}, {"seq": "22", "n": "11900", "vap": "542", "pvap": "   1,35", "e": "N", "st": "Suplente"}, {"seq": "109", "n": "15055", "vap": "66", "pvap": "   0,16", "e": "N", "st": "N\u00e3o eleito"}, {"seq": "96", "n": "15015", "vap": "179", "pvap": "   0,44", "e": "N", "st": "N\u00e3o eleito"}, {"seq": "114", "n": "15670", "vap": "53", "pvap": "   0,13", "e": "N", "st": "N\u00e3o eleito"}, {"seq": "110", "n": "15333", "vap": "64", "pvap": "   0,16", "e": "N", "st": "N\u00e3o eleito"}, {"seq": "106", "n": "15123", "vap": "94", "pvap": "   0,23", "e": "N", "st": "N\u00e3o eleito"}, {"seq": "112", "n": "15222", "vap": "60", "pvap": "   0,15", "e": "N", "st": "N\u00e3o eleito"}, {"seq": "98", "n": "15000", "vap": "155", "pvap": "   0,39", "e": "N", "st": "N\u00e3o eleito"}, {"seq": "116", "n": "15555", "vap": "33", "pvap": "   0,08", "e": "N", "st": "N\u00e3o eleito"}, {"seq": "117", "n": "15115", "vap": "30", "pvap": "   0,07", "e": "N", "st": "N\u00e3o eleito"}, {"seq": "93", "n": "15111", "vap": "231", "pvap": "   0,57", "e": "N", "st": "N\u00e3o eleito"}, {"seq": "33", "n": "55900", "vap": "411", "pvap": "   1,02", "e": "N", "st": "Suplente"}, {"seq": "2", "n": "55123", "vap": "1398", "pvap": "   3,47", "e": "S", "st": "Eleito"}, {"seq": "74", "n": "55100", "vap": "79", "pvap": "   0,20", "e": "N", "st": "Suplente"}, {"seq": "10", "n": "55800", "vap": "586", "pvap": "   1,46", "e": "S", "st": "Eleito"}, {"seq": "88", "n": "55456", "vap": "18", "pvap": "   0,04", "e": "N", "st": "Suplente"}, {"seq": "43", "n": "55678", "vap": "335", "pvap": "   0,83", "e": "N", "st": "Suplente"}, {"seq": "41", "n": "55555", "vap": "345", "pvap": "   0,86", "e": "N", "st": "Suplente"}, {"seq": "64", "n": "55001", "vap": "121", "pvap": "   0,30", "e": "N", "st": "Suplente"}, {"seq": "51", "n": "55321", "vap": "222", "pvap": "   0,55", "e": "N", "st": "Suplente"}, {"seq": "20", "n": "55055", "vap": "559", "pvap": "   1,39", "e": "N", "st": "Suplente"}, {"seq": "36", "n": "55300", "vap": "391", "pvap": "   0,97", "e": "N", "st": "Suplente"}, {"seq": "40", "n": "55125", "vap": "349", "pvap": "   0,87", "e": "N", "st": "Suplente"}, {"seq": "38", "n": "55400", "vap": "383", "pvap": "   0,95", "e": "N", "st": "Suplente"}, {"seq": "73", "n": "55333", "vap": "80", "pvap": "   0,20", "e": "N", "st": "Suplente"}, {"seq": "83", "n": "55554", "vap": "40", "pvap": "   0,10", "e": "N", "st": "Suplente"}, {"seq": "23", "n": "10123", "vap": "538", "pvap": "   1,34", "e": "N", "st": "Suplente"}, {"seq": "72", "n": "10333", "vap": "83", "pvap": "   0,21", "e": "N", "st": "Suplente"}, {"seq": "12", "n": "10111", "vap": "865", "pvap": "   2,15", "e": "N", "st": "Suplente"}, {"seq": "79", "n": "10222", "vap": "64", "pvap": "   0,16", "e": "N", "st": "Suplente"}, {"seq": "31", "n": "10100", "vap": "436", "pvap": "   1,08", "e": "N", "st": "Suplente"}, {"seq": "82", "n": "10200", "vap": "46", "pvap": "   0,11", "e": "N", "st": "Suplente"}, {"seq": "28", "n": "10300", "vap": "454", "pvap": "   1,13", "e": "N", "st": "Suplente"}, {"seq": "77", "n": "10456", "vap": "74", "pvap": "   0,18", "e": "N", "st": "Suplente"}, {"seq": "89", "n": "10013", "vap": "13", "pvap": "   0,03", "e": "N", "st": "Suplente"}, {"seq": "27", "n": "10000", "vap": "469", "pvap": "   1,17", "e": "N", "st": "Suplente"}, {"seq": "49", "n": "10777", "vap": "261", "pvap": "   0,65", "e": "N", "st": "Suplente"}, {"seq": "47", "n": "10153", "vap": "283", "pvap": "   0,70", "e": "N", "st": "Suplente"}, {"seq": "26", "n": "10190", "vap": "484", "pvap": "   1,20", "e": "N", "st": "Suplente"}, {"seq": "5", "n": "10630", "vap": "1145", "pvap": "   2,85", "e": "S", "st": "Eleito"}, {"seq": "75", "n": "10580", "vap": "78", "pvap": "   0,19", "e": "N", "st": "Suplente"}, {"seq": "118", "n": "13009", "vap": "30", "pvap": "   0,07", "e": "N", "st": "N\u00e3o eleito"}, {"seq": "92", "n": "13180", "vap": "245", "pvap": "   0,61", "e": "N", "st": "N\u00e3o eleito"}, {"seq": "101", "n": "13900", "vap": "113", "pvap": "   0,28", "e": "N", "st": "N\u00e3o eleito"}, {"seq": "94", "n": "13600", "vap": "212", "pvap": "   0,53", "e": "N", "st": "N\u00e3o eleito"}, {"seq": "102", "n": "13456", "vap": "113", "pvap": "   0,28", "e": "N", "st": "N\u00e3o eleito"}, {"seq": "95", "n": "13123", "vap": "187", "pvap": "   0,46", "e": "N", "st": "N\u00e3o eleito"}, {"seq": "107", "n": "13333", "vap": "84", "pvap": "   0,21", "e": "N", "st": "N\u00e3o eleito"}, {"seq": "99", "n": "13000", "vap": "145", "pvap": "   0,36", "e": "N", "st": "N\u00e3o eleito"}, {"seq": "120", "n": "13500", "vap": "16", "pvap": "   0,04", "e": "N", "st": "N\u00e3o eleito"}, {"seq": "91", "n": "13013", "vap": "514", "pvap": "   1,28", "e": "N", "st": "N\u00e3o eleito"}]}]}