{"ele": "426", "carper": "13", "t": "1", "f": "O", "esae": "N", "mnae": " ", "dg": "15/11/2020", "hg": "23:29:44", "dv": "S", "nadf": "pr76872-c0013-e000426-003-f", "abr": [{"dt": "15/11/2020", "ht": "23:02:46", "tf": "S", "and": "F", "tpabr": "MU", "cdabr": "76872", "s": "68", "st": "68", "snt": "0", "si": "68", "sni": "0", "sa": "68", "sna": "0", "pst": " 100,00", "psnt": "   0,00", "psi": " 100,00", "psni": "   0,00", "psa": " 100,00", "psna": "   0,00", "e": "29096", "ea": "29096", "ena": "0", "esi": "29096", "esni": "0", "c": "21972", "a": "7124", "pea": " 100,00", "pena": "   0,00", "pesi": " 100,00", "pesni": "   0,00", "pa": "  24,48", "pc": "  75,52", "vscv": "0", "vnom": "19227", "vl": "976", "tv": "21972", "vvc": "20234", "vb": "957", "tvn": "781", "vn": "780", "vnt": "1", "vp": "0", "vv": "20203", "van": "0", "vansj": "31", "pvnom": "  95,17", "pvl": "   4,83", "pvvc": "  92,09", "pvb": "   4,36", "ptvn": "   3,55", "pvn": "  99,87", "pvnt": "   0,13", "pvp": "   0,00", "pvv": "  99,85", "pvan": "   0,00", "pvansj": "   0,15", "colig": [{"n": "160000118210", "tvtn": "469", "tvan": "469", "vag": "0", "tvtl": "12", "tval": "12"}, {"n": "160000079202", "tvtn": "1789", "tvan": "1789", "vag": "1", "tvtl": "22", "tval": "22"}, {"n": "160000132148", "tvtn": "1555", "tvan": "1555", "vag": "1", "tvtl": "24", "tval": "24"}, {"n": "160000117006", "tvtn": "2326", "tvan": "2326", "vag": "2", "tvtl": "428", "tval": "428"}, {"n": "160000130774", "tvtn": "1192", "tvan": "1192", "vag": "0", "tvtl": "45", "tval": "45"}, {"n": "160000117048", "tvtn": "2340", "tvan": "2340", "vag": "1", "tvtl": "47", "tval": "47"}, {"n": "160000079250", "tvtn": "1607", "tvan": "1638", "vag": "1", "tvtl": "23", "tval": "23"}, {"n": "160000090836", "tvtn": "1922", "tvan": "1922", "vag": "1", "tvtl": "17", "tval": "17"}, {"n": "160000090881", "tvtn": "2904", "tvan": "2904", "vag": "2", "tvtl": "304", "tval": "304"}, {"n": "160000129151", "tvtn": "1154", "tvan": "1155", "vag": "0", "tvtl": "16", "tval": "16"}, {"n": "160000117070", "tvtn": "1348", "tvan": "1348", "vag": "0", "tvtl": "26", "tval": "26"}, {"n": "160000079226", "tvtn": "621", "tvan": "621", "vag": "0", "tvtl": "12", "tval": "12"}], "part": [{"n": "27", "tvtn": "469", "tvan": "469", "tvtl": "12", "tval": "12"}, {"n": "23", "tvtn": "1789", "tvan": "1789", "tvtl": "22", "tval": "22"}, {"n": "15", "tvtn": "1555", "tvan": "1555", "tvtl": "24", "tval": "24"}, {"n": "11", "tvtn": "2326", "tvan": "2326", "tvtl": "428", "tval": "428"}, {"n": "12", "tvtn": "1192", "tvan": "1192", "tvtl": "45", "tval": "45"}, {"n": "22", "tvtn": "2340", "tvan": "2340", "tvtl": "47", "tval": "47"}, {"n": "90", "tvtn": "1607", "tvan": "1638", "tvtl": "23", "tval": "23"}, {"n": "20", "tvtn": "1922", "tvan": "1922", "tvtl": "17", "tval": "17"}, {"n": "55", "tvtn": "2904", "tvan": "2904", "tvtl": "304", "tval": "304"}, {"n": "40", "tvtn": "1154", "tvan": "1154", "tvtl": "16", "tval": "16"}, {"n": "14", "tvtn": "1348", "tvan": "1348", "tvtl": "26", "tval": "26"}, {"n": "43", "tvtn": "621", "tvan": "621", "tvtl": "12", "tval": "12"}], "cand": [{"seq": "132", "n": "27999", "vap": "22", "pvap": "   0,11", "e": "N", "st": "N\u00e3o eleito"}, {"seq": "131", "n": "27033", "vap": "23", "pvap": "   0,11", "e": "N", "st": "N\u00e3o eleito"}, {"seq": "94", "n": "27027", "vap": "167", "pvap": "   0,83", "e": "N", "st": "N\u00e3o eleito"}, {"seq": "122", "n": "27015", "vap": "32", "pvap": "   0,16", "e": "N", "st": "N\u00e3o eleito"}, {"seq": "99", "n": "27227", "vap": "138", "pvap": "   0,68", "e": "N", "st": "N\u00e3o eleito"}, {"seq": "135", "n": "27007", "vap": "16", "pvap": "   0,08", "e": "N", "st": "N\u00e3o eleito"}, {"seq": "125", "n": "27055", "vap": "26", "pvap": "   0,13", "e": "N", "st": "N\u00e3o eleito"}, {"seq": "140", "n": "27700", "vap": "9", "pvap": "   0,04", "e": "N", "st": "N\u00e3o eleito"}, {"seq": "137", "n": "27014", "vap": "11", "pvap": "   0,05", "e": "N", "st": "N\u00e3o eleito"}, {"seq": "127", "n": "27113", "vap": "25", "pvap": "   0,12", "e": "N", "st": "N\u00e3o eleito"}, {"seq": "12", "n": "23777", "vap": "350", "pvap": "   1,73", "e": "N", "st": "Suplente"}, {"seq": "73", "n": "23444", "vap": "37", "pvap": "   0,18", "e": "N", "st": "Suplente"}, {"seq": "79", "n": "23000", "vap": "27", "pvap": "   0,13", "e": "N", "st": "Suplente"}, {"seq": "33", "n": "23023", "vap": "161", "pvap": "   0,80", "e": "N", "st": "Suplente"}, {"seq": "36", "n": "23003", "vap": "147", "pvap": "   0,73", "e": "N", "st": "Suplente"}, {"seq": "7", "n": "23123", "vap": "406", "pvap": "   2,01", "e": "S", "st": "Eleito"}, {"seq": "66", "n": "23232", "vap": "46", "pvap": "   0,23", "e": "N", "st": "Suplente"}, {"seq": "55", "n": "23500", "vap": "59", "pvap": "   0,29", "e": "N", "st": "Suplente"}, {"seq": "68", "n": "23656", "vap": "45", "pvap": "   0,22", "e": "N", "st": "Suplente"}, {"seq": "17", "n": "23555", "vap": "277", "pvap": "   1,37", "e": "N", "st": "Suplente"}, {"seq": "45", "n": "23111", "vap": "95", "pvap": "   0,47", "e": "N", "st": "Suplente"}, {"seq": "40", "n": "23456", "vap": "116", "pvap": "   0,57", "e": "N", "st": "Suplente"}, {"seq": "80", "n": "23789", "vap": "23", "pvap": "   0,11", "e": "N", "st": "Suplente"}, {"seq": "57", "n": "15111", "vap": "58", "pvap": "   0,29", "e": "N", "st": "Suplente"}, {"seq": "83", "n": "15577", "vap": "18", "pvap": "   0,09", "e": "N", "st": "Suplente"}, {"seq": "70", "n": "15999", "vap": "40", "pvap": "   0,20", "e": "N", "st": "Suplente"}, {"seq": "42", "n": "15555", "vap": "108", "pvap": "   0,53", "e": "N", "st": "Suplente"}, {"seq": "8", "n": "15147", "vap": "370", "pvap": "   1,83", "e": "S", "st": "Eleito"}, {"seq": "60", "n": "15123", "vap": "55", "pvap": "   0,27", "e": "N", "st": "Suplente"}, {"seq": "14", "n": "15000", "vap": "318", "pvap": "   1,57", "e": "N", "st": "Suplente"}, {"seq": "41", "n": "15190", "vap": "109", "pvap": "   0,54", "e": "N", "st": "Suplente"}, {"seq": "25", "n": "15333", "vap": "221", "pvap": "   1,09", "e": "N", "st": "Suplente"}, {"seq": "82", "n": "15444", "vap": "21", "pvap": "   0,10", "e": "N", "st": "Suplente"}, {"seq": "31", "n": "15234", "vap": "179", "pvap": "   0,88", "e": "N", "st": "Suplente"}, {"seq": "56", "n": "15678", "vap": "58", "pvap": "   0,29", "e": "N", "st": "Suplente"}, {"seq": "18", "n": "11155", "vap": "277", "pvap": "   1,37", "e": "N", "st": "Suplente"}, {"seq": "78", "n": "11211", "vap": "31", "pvap": "   0,15", "e": "N", "st": "Suplente"}, {"seq": "21", "n": "11000", "vap": "271", "pvap": "   1,34", "e": "N", "st": "Suplente"}, {"seq": "61", "n": "11855", "vap": "52", "pvap": "   0,26", "e": "N", "st": "Suplente"}, {"seq": "85", "n": "11023", "vap": "16", "pvap": "   0,08", "e": "N", "st": "Suplente"}, {"seq": "22", "n": "11111", "vap": "262", "pvap": "   1,29", "e": "N", "st": "Suplente"}, {"seq": "63", "n": "11115", "vap": "49", "pvap": "   0,24", "e": "N", "st": "Suplente"}, {"seq": "3", "n": "11011", "vap": "679", "pvap": "   3,36", "e": "S", "st": "Eleito"}, {"seq": "9", "n": "11511", "vap": "362", "pvap": "   1,79", "e": "S", "st": "Eleito"}, {"seq": "32", "n": "11123", "vap": "169", "pvap": "   0,84", "e": "N", "st": "Suplente"}, {"seq": "50", "n": "11120", "vap": "82", "pvap": "   0,41", "e": "N", "st": "Suplente"}, {"seq": "54", "n": "11369", "vap": "76", "pvap": "   0,38", "e": "N", "st": "Suplente"}, {"seq": "113", "n": "12789", "vap": "54", "pvap": "   0,27", "e": "N", "st": "N\u00e3o eleito"}, {"seq": "139", "n": "12011", "vap": "9", "pvap": "   0,04", "e": "N", "st": "N\u00e3o eleito"}, {"seq": "134", "n": "12512", "vap": "19", "pvap": "   0,09", "e": "N", "st": "N\u00e3o eleito"}, {"seq": "133", "n": "12003", "vap": "20", "pvap": "   0,10", "e": "N", "st": "N\u00e3o eleito"}, {"seq": "136", "n": "12012", "vap": "11", "pvap": "   0,05", "e": "N", "st": "N\u00e3o eleito"}, {"seq": "93", "n": "12112", "vap": "171", "pvap": "   0,85", "e": "N", "st": "N\u00e3o eleito"}, {"seq": "142", "n": "12123", "vap": "6", "pvap": "   0,03", "e": "N", "st": "N\u00e3o eleito"}, {"seq": "98", "n": "12018", "vap": "141", "pvap": "   0,70", "e": "N", "st": "N\u00e3o eleito"}, {"seq": "89", "n": "12456", "vap": "397", "pvap": "   1,96", "e": "N", "st": "N\u00e3o eleito"}, {"seq": "102", "n": "12345", "vap": "92", "pvap": "   0,45", "e": "N", "st": "N\u00e3o eleito"}, {"seq": "96", "n": "12312", "vap": "164", "pvap": "   0,81", "e": "N", "st": "N\u00e3o eleito"}, {"seq": "121", "n": "12222", "vap": "33", "pvap": "   0,16", "e": "N", "st": "N\u00e3o eleito"}, {"seq": "141", "n": "12812", "vap": "7", "pvap": "   0,03", "e": "N", "st": "N\u00e3o eleito"}, {"seq": "109", "n": "12111", "vap": "68", "pvap": "   0,34", "e": "N", "st": "N\u00e3o eleito"}, {"seq": "49", "n": "22111", "vap": "83", "pvap": "   0,41", "e": "N", "st": "Suplente"}, {"seq": "26", "n": "22456", "vap": "218", "pvap": "   1,08", "e": "N", "st": "Suplente"}, {"seq": "65", "n": "22712", "vap": "47", "pvap": "   0,23", "e": "N", "st": "Suplente"}, {"seq": "62", "n": "22321", "vap": "49", "pvap": "   0,24", "e": "N", "st": "Suplente"}, {"seq": "20", "n": "22222", "vap": "275", "pvap": "   1,36", "e": "N", "st": "Suplente"}, {"seq": "28", "n": "22123", "vap": "202", "pvap": "   1,00", "e": "N", "st": "Suplente"}, {"seq": "67", "n": "22113", "vap": "46", "pvap": "   0,23", "e": "N", "st": "Suplente"}, {"seq": "75", "n": "22777", "vap": "34", "pvap": "   0,17", "e": "N", "st": "Suplente"}, {"seq": "1", "n": "22147", "vap": "699", "pvap": "   3,45", "e": "S", "st": "Eleito"}, {"seq": "10", "n": "22888", "vap": "354", "pvap": "   1,75", "e": "N", "st": "Suplente"}, {"seq": "34", "n": "22376", "vap": "161", "pvap": "   0,80", "e": "N", "st": "Suplente"}, {"seq": "64", "n": "22345", "vap": "47", "pvap": "   0,23", "e": "N", "st": "Suplente"}, {"seq": "47", "n": "22005", "vap": "88", "pvap": "   0,43", "e": "N", "st": "Suplente"}, {"seq": "72", "n": "22022", "vap": "37", "pvap": "   0,18", "e": "N", "st": "Suplente"}, {"seq": "35", "n": "90122", "vap": "156", "pvap": "   0,77", "e": "N", "st": "Suplente"}, {"seq": "27", "n": "90456", "vap": "216", "pvap": "   1,07", "e": "N", "st": "Suplente"}, {"seq": "6", "n": "90123", "vap": "424", "pvap": "   2,10", "e": "S", "st": "Eleito"}, {"seq": "87", "n": "90055", "vap": "11", "pvap": "   0,05", "e": "N", "st": "Suplente"}, {"seq": "123", "n": "90777", "vap": "31", "pvap": "   0,15", "e": "N", "st": "N\u00e3o eleito"}, {"seq": "86", "n": "90111", "vap": "12", "pvap": "   0,06", "e": "N", "st": "Suplente"}, {"seq": "71", "n": "90200", "vap": "38", "pvap": "   0,19", "e": "N", "st": "Suplente"}, {"seq": "52", "n": "90900", "vap": "80", "pvap": "   0,40", "e": "N", "st": "Suplente"}, {"seq": "77", "n": "90009", "vap": "32", "pvap": "   0,16", "e": "N", "st": "Suplente"}, {"seq": "23", "n": "90190", "vap": "257", "pvap": "   1,27", "e": "N", "st": "Suplente"}, {"seq": "58", "n": "90300", "vap": "57", "pvap": "   0,28", "e": "N", "st": "Suplente"}, {"seq": "43", "n": "90100", "vap": "105", "pvap": "   0,52", "e": "N", "st": "Suplente"}, {"seq": "81", "n": "90151", "vap": "22", "pvap": "   0,11", "e": "N", "st": "Suplente"}, {"seq": "29", "n": "90000", "vap": "197", "pvap": "   0,97", "e": "N", "st": "Suplente"}, {"seq": "76", "n": "20120", "vap": "34", "pvap": "   0,17", "e": "N", "st": "Suplente"}, {"seq": "51", "n": "20222", "vap": "81", "pvap": "   0,40", "e": "N", "st": "Suplente"}, {"seq": "2", "n": "20000", "vap": "696", "pvap": "   3,44", "e": "S", "st": "Eleito"}, {"seq": "74", "n": "20230", "vap": "35", "pvap": "   0,17", "e": "N", "st": "Suplente"}, {"seq": "19", "n": "20123", "vap": "276", "pvap": "   1,36", "e": "N", "st": "Suplente"}, {"seq": "46", "n": "20320", "vap": "94", "pvap": "   0,46", "e": "N", "st": "Suplente"}, {"seq": "15", "n": "20720", "vap": "306", "pvap": "   1,51", "e": "N", "st": "Suplente"}, {"seq": "59", "n": "20200", "vap": "57", "pvap": "   0,28", "e": "N", "st": "Suplente"}, {"seq": "13", "n": "20520", "vap": "343", "pvap": "   1,70", "e": "N", "st": "Suplente"}, {"seq": "84", "n": "55101", "vap": "17", "pvap": "   0,08", "e": "N", "st": "Suplente"}, {"seq": "30", "n": "55000", "vap": "191", "pvap": "   0,94", "e": "N", "st": "Suplente"}, {"seq": "24", "n": "55055", "vap": "242", "pvap": "   1,20", "e": "N", "st": "Suplente"}, {"seq": "5", "n": "55123", "vap": "485", "pvap": "   2,40", "e": "S", "st": "Eleito"}, {"seq": "53", "n": "55454", "vap": "79", "pvap": "   0,39", "e": "N", "st": "Suplente"}, {"seq": "48", "n": "55246", "vap": "86", "pvap": "   0,43", "e": "N", "st": "Suplente"}, {"seq": "69", "n": "55222", "vap": "42", "pvap": "   0,21", "e": "N", "st": "Suplente"}, {"seq": "16", "n": "55010", "vap": "290", "pvap": "   1,43", "e": "N", "st": "Suplente"}, {"seq": "38", "n": "55333", "vap": "134", "pvap": "   0,66", "e": "N", "st": "Suplente"}, {"seq": "4", "n": "55789", "vap": "621", "pvap": "   3,07", "e": "S", "st": "Eleito"}, {"seq": "39", "n": "55100", "vap": "120", "pvap": "   0,59", "e": "N", "st": "Suplente"}, {"seq": "37", "n": "55555", "vap": "147", "pvap": "   0,73", "e": "N", "st": "Suplente"}, {"seq": "11", "n": "55234", "vap": "352", "pvap": "   1,74", "e": "N", "st": "Suplente"}, {"seq": "44", "n": "55456", "vap": "98", "pvap": "   0,48", "e": "N", "st": "Suplente"}, {"seq": "114", "n": "40123", "vap": "50", "pvap": "   0,25", "e": "N", "st": "N\u00e3o eleito"}, {"seq": "143", "n": "40888", "vap": "4", "pvap": "   0,02", "e": "N", "st": "N\u00e3o eleito"}, {"seq": "117", "n": "40420", "vap": "43", "pvap": "   0,21", "e": "N", "st": "N\u00e3o eleito"}, {"seq": "108", "n": "40222", "vap": "71", "pvap": "   0,35", "e": "N", "st": "N\u00e3o eleito"}, {"seq": "91", "n": "40111", "vap": "301", "pvap": "   1,49", "e": "N", "st": "N\u00e3o eleito"}, {"seq": "107", "n": "40040", "vap": "75", "pvap": "   0,37", "e": "N", "st": "N\u00e3o eleito"}, {"seq": "92", "n": "40333", "vap": "225", "pvap": "   1,11", "e": "N", "st": "N\u00e3o eleito"}, {"seq": "118", "n": "40130", "vap": "40", "pvap": "   0,20", "e": "N", "st": "N\u00e3o eleito"}, {"seq": "95", "n": "40000", "vap": "165", "pvap": "   0,82", "e": "N", "st": "N\u00e3o eleito"}, {"seq": "112", "n": "40400", "vap": "60", "pvap": "   0,30", "e": "N", "st": "N\u00e3o eleito"}, {"seq": "101", "n": "40444", "vap": "120", "pvap": "   0,59", "e": "N", "st": "N\u00e3o eleito"}, {"seq": "128", "n": "14444", "vap": "25", "pvap": "   0,12", "e": "N", "st": "N\u00e3o eleito"}, {"seq": "88", "n": "14000", "vap": "547", "pvap": "   2,70", "e": "N", "st": "N\u00e3o eleito"}, {"seq": "111", "n": "14162", "vap": "61", "pvap": "   0,30", "e": "N", "st": "N\u00e3o eleito"}, {"seq": "100", "n": "14610", "vap": "126", "pvap": "   0,62", "e": "N", "st": "N\u00e3o eleito"}, {"seq": "105", "n": "14123", "vap": "84", "pvap": "   0,42", "e": "N", "st": "N\u00e3o eleito"}, {"seq": "120", "n": "14777", "vap": "36", "pvap": "   0,18", "e": "N", "st": "N\u00e3o eleito"}, {"seq": "103", "n": "14999", "vap": "91", "pvap": "   0,45", "e": "N", "st": "N\u00e3o eleito"}, {"seq": "90", "n": "14720", "vap": "378", "pvap": "   1,87", "e": "N", "st": "N\u00e3o eleito"}, {"seq": "119", "n": "43433", "vap": "37", "pvap": "   0,18", "e": "N", "st": "N\u00e3o eleito"}, {"seq": "97", "n": "43456", "vap": "146", "pvap": "   0,72", "e": "N", "st": "N\u00e3o eleito"}, {"seq": "106", "n": "43789", "vap": "79", "pvap": "   0,39", "e": "N", "st": "N\u00e3o eleito"}, {"seq": "129", "n": "43777", "vap": "25", "pvap": "   0,12", "e": "N", "st": "N\u00e3o eleito"}, {"seq": "130", "n": "43043", "vap": "25", "pvap": "   0,12", "e": "N", "st": "N\u00e3o eleito"}, {"seq": "138", "n": "43062", "vap": "9", "pvap": "   0,04", "e": "N", "st": "N\u00e3o eleito"}, {"seq": "126", "n": "43123", "vap": "26", "pvap": "   0,13", "e": "N", "st": "N\u00e3o eleito"}, {"seq": "104", "n": "43333", "vap": "88", "pvap": "   0,43", "e": "N", "st": "N\u00e3o eleito"}, {"seq": "124", "n": "43200", "vap": "27", "pvap": "   0,13", "e": "N", "st": "N\u00e3o eleito"}, {"seq": "115", "n": "43775", "vap": "48", "pvap": "   0,24", "e": "N", "st": "N\u00e3o eleito"}, {"seq": "110", "n": "43012", "vap": "66", "pvap": "   0,33", "e": "N", "st": "N\u00e3o eleito"}, {"seq": "144", "n": "43380", "vap": "1", "pvap": "   0,00", "e": "N", "st": "N\u00e3o eleito"}, {"seq": "116", "n": "43153", "vap": "44", "pvap": "   0,22", "e": "N", "st": "N\u00e3o eleito"}]}, {"dt": "15/11/2020", "ht": "23:02:46", "tf": "S", "and": "F", "tpabr": "ZONA", "cdabr": "81", "s": "68", "st": "68", "snt": "0", "si": "68", "sni": "0", "sa": "68", "sna": "0", "pst": " 100,00", "psnt": "   0,00", "psi": " 100,00", "psni": "   0,00", "psa": " 100,00", "psna": "   0,00", "e": "29096", "ea": "29096", "ena": "0", "esi": "29096", "esni": "0", "a": "7124", "c": "21972", "pea": " 100,00", "pena": "   0,00", "pesi": " 100,00", "pesni": "   0,00", "pa": "  24,48", "pc": "  75,52", "vnom": "19227", "vscv": "0", "vl": "976", "tv": "21972", "vvc": "20234", "vb": "957", "tvn": "781", "vn": "780", "vnt": "1", "vp": "0", "vv": "20203", "van": "0", "vansj": "31", "pvnom": "  95,17", "pvl": "   4,83", "pvvc": "  92,09", "pvb": "   4,36", "ptvn": "   3,55", "pvn": "  99,87", "pvnt": "   0,13", "pvp": "   0,00", "pvv": "  99,85", "pvan": "   0,00", "pvansj": "   0,15", "cand": [{"seq": "1", "n": "22147", "vap": "699", "pvap": "   3,45", "e": "S", "st": "Eleito"}, {"seq": "10", "n": "22888", "vap": "354", "pvap": "   1,75", "e": "N", "st": "Suplente"}, {"seq": "20", "n": "22222", "vap": "275", "pvap": "   1,36", "e": "N", "st": "Suplente"}, {"seq": "26", "n": "22456", "vap": "218", "pvap": "   1,08", "e": "N", "st": "Suplente"}, {"seq": "28", "n": "22123", "vap": "202", "pvap": "   1,00", "e": "N", "st": "Suplente"}, {"seq": "34", "n": "22376", "vap": "161", "pvap": "   0,80", "e": "N", "st": "Suplente"}, {"seq": "47", "n": "22005", "vap": "88", "pvap": "   0,43", "e": "N", "st": "Suplente"}, {"seq": "49", "n": "22111", "vap": "83", "pvap": "   0,41", "e": "N", "st": "Suplente"}, {"seq": "62", "n": "22321", "vap": "49", "pvap": "   0,24", "e": "N", "st": "Suplente"}, {"seq": "64", "n": "22345", "vap": "47", "pvap": "   0,23", "e": "N", "st": "Suplente"}, {"seq": "65", "n": "22712", "vap": "47", "pvap": "   0,23", "e": "N", "st": "Suplente"}, {"seq": "67", "n": "22113", "vap": "46", "pvap": "   0,23", "e": "N", "st": "Suplente"}, {"seq": "72", "n": "22022", "vap": "37", "pvap": "   0,18", "e": "N", "st": "Suplente"}, {"seq": "75", "n": "22777", "vap": "34", "pvap": "   0,17", "e": "N", "st": "Suplente"}, {"seq": "91", "n": "40111", "vap": "301", "pvap": "   1,49", "e": "N", "st": "N\u00e3o eleito"}, {"seq": "92", "n": "40333", "vap": "225", "pvap": "   1,11", "e": "N", "st": "N\u00e3o eleito"}, {"seq": "95", "n": "40000", "vap": "165", "pvap": "   0,82", "e": "N", "st": "N\u00e3o eleito"}, {"seq": "101", "n": "40444", "vap": "120", "pvap": "   0,59", "e": "N", "st": "N\u00e3o eleito"}, {"seq": "107", "n": "40040", "vap": "75", "pvap": "   0,37", "e": "N", "st": "N\u00e3o eleito"}, {"seq": "108", "n": "40222", "vap": "71", "pvap": "   0,35", "e": "N", "st": "N\u00e3o eleito"}, {"seq": "112", "n": "40400", "vap": "60", "pvap": "   0,30", "e": "N", "st": "N\u00e3o eleito"}, {"seq": "114", "n": "40123", "vap": "50", "pvap": "   0,25", "e": "N", "st": "N\u00e3o eleito"}, {"seq": "117", "n": "40420", "vap": "43", "pvap": "   0,21", "e": "N", "st": "N\u00e3o eleito"}, {"seq": "118", "n": "40130", "vap": "40", "pvap": "   0,20", "e": "N", "st": "N\u00e3o eleito"}, {"seq": "143", "n": "40888", "vap": "4", "pvap": "   0,02", "e": "N", "st": "N\u00e3o eleito"}, {"seq": "4", "n": "55789", "vap": "621", "pvap": "   3,07", "e": "S", "st": "Eleito"}, {"seq": "5", "n": "55123", "vap": "485", "pvap": "   2,40", "e": "S", "st": "Eleito"}, {"seq": "11", "n": "55234", "vap": "352", "pvap": "   1,74", "e": "N", "st": "Suplente"}, {"seq": "16", "n": "55010", "vap": "290", "pvap": "   1,43", "e": "N", "st": "Suplente"}, {"seq": "24", "n": "55055", "vap": "242", "pvap": "   1,20", "e": "N", "st": "Suplente"}, {"seq": "30", "n": "55000", "vap": "191", "pvap": "   0,94", "e": "N", "st": "Suplente"}, {"seq": "37", "n": "55555", "vap": "147", "pvap": "   0,73", "e": "N", "st": "Suplente"}, {"seq": "38", "n": "55333", "vap": "134", "pvap": "   0,66", "e": "N", "st": "Suplente"}, {"seq": "39", "n": "55100", "vap": "120", "pvap": "   0,59", "e": "N", "st": "Suplente"}, {"seq": "44", "n": "55456", "vap": "98", "pvap": "   0,48", "e": "N", "st": "Suplente"}, {"seq": "48", "n": "55246", "vap": "86", "pvap": "   0,43", "e": "N", "st": "Suplente"}, {"seq": "53", "n": "55454", "vap": "79", "pvap": "   0,39", "e": "N", "st": "Suplente"}, {"seq": "69", "n": "55222", "vap": "42", "pvap": "   0,21", "e": "N", "st": "Suplente"}, {"seq": "84", "n": "55101", "vap": "17", "pvap": "   0,08", "e": "N", "st": "Suplente"}, {"seq": "3", "n": "11011", "vap": "679", "pvap": "   3,36", "e": "S", "st": "Eleito"}, {"seq": "9", "n": "11511", "vap": "362", "pvap": "   1,79", "e": "S", "st": "Eleito"}, {"seq": "18", "n": "11155", "vap": "277", "pvap": "   1,37", "e": "N", "st": "Suplente"}, {"seq": "21", "n": "11000", "vap": "271", "pvap": "   1,34", "e": "N", "st": "Suplente"}, {"seq": "22", "n": "11111", "vap": "262", "pvap": "   1,29", "e": "N", "st": "Suplente"}, {"seq": "32", "n": "11123", "vap": "169", "pvap": "   0,84", "e": "N", "st": "Suplente"}, {"seq": "50", "n": "11120", "vap": "82", "pvap": "   0,41", "e": "N", "st": "Suplente"}, {"seq": "54", "n": "11369", "vap": "76", "pvap": "   0,38", "e": "N", "st": "Suplente"}, {"seq": "61", "n": "11855", "vap": "52", "pvap": "   0,26", "e": "N", "st": "Suplente"}, {"seq": "63", "n": "11115", "vap": "49", "pvap": "   0,24", "e": "N", "st": "Suplente"}, {"seq": "78", "n": "11211", "vap": "31", "pvap": "   0,15", "e": "N", "st": "Suplente"}, {"seq": "85", "n": "11023", "vap": "16", "pvap": "   0,08", "e": "N", "st": "Suplente"}, {"seq": "97", "n": "43456", "vap": "146", "pvap": "   0,72", "e": "N", "st": "N\u00e3o eleito"}, {"seq": "104", "n": "43333", "vap": "88", "pvap": "   0,43", "e": "N", "st": "N\u00e3o eleito"}, {"seq": "106", "n": "43789", "vap": "79", "pvap": "   0,39", "e": "N", "st": "N\u00e3o eleito"}, {"seq": "110", "n": "43012", "vap": "66", "pvap": "   0,33", "e": "N", "st": "N\u00e3o eleito"}, {"seq": "115", "n": "43775", "vap": "48", "pvap": "   0,24", "e": "N", "st": "N\u00e3o eleito"}, {"seq": "116", "n": "43153", "vap": "44", "pvap": "   0,22", "e": "N", "st": "N\u00e3o eleito"}, {"seq": "119", "n": "43433", "vap": "37", "pvap": "   0,18", "e": "N", "st": "N\u00e3o eleito"}, {"seq": "124", "n": "43200", "vap": "27", "pvap": "   0,13", "e": "N", "st": "N\u00e3o eleito"}, {"seq": "126", "n": "43123", "vap": "26", "pvap": "   0,13", "e": "N", "st": "N\u00e3o eleito"}, {"seq": "129", "n": "43777", "vap": "25", "pvap": "   0,12", "e": "N", "st": "N\u00e3o eleito"}, {"seq": "130", "n": "43043", "vap": "25", "pvap": "   0,12", "e": "N", "st": "N\u00e3o eleito"}, {"seq": "138", "n": "43062", "vap": "9", "pvap": "   0,04", "e": "N", "st": "N\u00e3o eleito"}, {"seq": "144", "n": "43380", "vap": "1", "pvap": "   0,00", "e": "N", "st": "N\u00e3o eleito"}, {"seq": "7", "n": "23123", "vap": "406", "pvap": "   2,01", "e": "S", "st": "Eleito"}, {"seq": "12", "n": "23777", "vap": "350", "pvap": "   1,73", "e": "N", "st": "Suplente"}, {"seq": "17", "n": "23555", "vap": "277", "pvap": "   1,37", "e": "N", "st": "Suplente"}, {"seq": "33", "n": "23023", "vap": "161", "pvap": "   0,80", "e": "N", "st": "Suplente"}, {"seq": "36", "n": "23003", "vap": "147", "pvap": "   0,73", "e": "N", "st": "Suplente"}, {"seq": "40", "n": "23456", "vap": "116", "pvap": "   0,57", "e": "N", "st": "Suplente"}, {"seq": "45", "n": "23111", "vap": "95", "pvap": "   0,47", "e": "N", "st": "Suplente"}, {"seq": "55", "n": "23500", "vap": "59", "pvap": "   0,29", "e": "N", "st": "Suplente"}, {"seq": "66", "n": "23232", "vap": "46", "pvap": "   0,23", "e": "N", "st": "Suplente"}, {"seq": "68", "n": "23656", "vap": "45", "pvap": "   0,22", "e": "N", "st": "Suplente"}, {"seq": "73", "n": "23444", "vap": "37", "pvap": "   0,18", "e": "N", "st": "Suplente"}, {"seq": "79", "n": "23000", "vap": "27", "pvap": "   0,13", "e": "N", "st": "Suplente"}, {"seq": "80", "n": "23789", "vap": "23", "pvap": "   0,11", "e": "N", "st": "Suplente"}, {"seq": "94", "n": "27027", "vap": "167", "pvap": "   0,83", "e": "N", "st": "N\u00e3o eleito"}, {"seq": "99", "n": "27227", "vap": "138", "pvap": "   0,68", "e": "N", "st": "N\u00e3o eleito"}, {"seq": "122", "n": "27015", "vap": "32", "pvap": "   0,16", "e": "N", "st": "N\u00e3o eleito"}, {"seq": "125", "n": "27055", "vap": "26", "pvap": "   0,13", "e": "N", "st": "N\u00e3o eleito"}, {"seq": "127", "n": "27113", "vap": "25", "pvap": "   0,12", "e": "N", "st": "N\u00e3o eleito"}, {"seq": "131", "n": "27033", "vap": "23", "pvap": "   0,11", "e": "N", "st": "N\u00e3o eleito"}, {"seq": "132", "n": "27999", "vap": "22", "pvap": "   0,11", "e": "N", "st": "N\u00e3o eleito"}, {"seq": "135", "n": "27007", "vap": "16", "pvap": "   0,08", "e": "N", "st": "N\u00e3o eleito"}, {"seq": "137", "n": "27014", "vap": "11", "pvap": "   0,05", "e": "N", "st": "N\u00e3o eleito"}, {"seq": "140", "n": "27700", "vap": "9", "pvap": "   0,04", "e": "N", "st": "N\u00e3o eleito"}, {"seq": "88", "n": "14000", "vap": "547", "pvap": "   2,70", "e": "N", "st": "N\u00e3o eleito"}, {"seq": "90", "n": "14720", "vap": "378", "pvap": "   1,87", "e": "N", "st": "N\u00e3o eleito"}, {"seq": "100", "n": "14610", "vap": "126", "pvap": "   0,62", "e": "N", "st": "N\u00e3o eleito"}, {"seq": "103", "n": "14999", "vap": "91", "pvap": "   0,45", "e": "N", "st": "N\u00e3o eleito"}, {"seq": "105", "n": "14123", "vap": "84", "pvap": "   0,42", "e": "N", "st": "N\u00e3o eleito"}, {"seq": "111", "n": "14162", "vap": "61", "pvap": "   0,30", "e": "N", "st": "N\u00e3o eleito"}, {"seq": "120", "n": "14777", "vap": "36", "pvap": "   0,18", "e": "N", "st": "N\u00e3o eleito"}, {"seq": "128", "n": "14444", "vap": "25", "pvap": "   0,12", "e": "N", "st": "N\u00e3o eleito"}, {"seq": "6", "n": "90123", "vap": "424", "pvap": "   2,10", "e": "S", "st": "Eleito"}, {"seq": "23", "n": "90190", "vap": "257", "pvap": "   1,27", "e": "N", "st": "Suplente"}, {"seq": "27", "n": "90456", "vap": "216", "pvap": "   1,07", "e": "N", "st": "Suplente"}, {"seq": "29", "n": "90000", "vap": "197", "pvap": "   0,97", "e": "N", "st": "Suplente"}, {"seq": "35", "n": "90122", "vap": "156", "pvap": "   0,77", "e": "N", "st": "Suplente"}, {"seq": "43", "n": "90100", "vap": "105", "pvap": "   0,52", "e": "N", "st": "Suplente"}, {"seq": "52", "n": "90900", "vap": "80", "pvap": "   0,40", "e": "N", "st": "Suplente"}, {"seq": "58", "n": "90300", "vap": "57", "pvap": "   0,28", "e": "N", "st": "Suplente"}, {"seq": "71", "n": "90200", "vap": "38", "pvap": "   0,19", "e": "N", "st": "Suplente"}, {"seq": "77", "n": "90009", "vap": "32", "pvap": "   0,16", "e": "N", "st": "Suplente"}, {"seq": "81", "n": "90151", "vap": "22", "pvap": "   0,11", "e": "N", "st": "Suplente"}, {"seq": "86", "n": "90111", "vap": "12", "pvap": "   0,06", "e": "N", "st": "Suplente"}, {"seq": "87", "n": "90055", "vap": "11", "pvap": "   0,05", "e": "N", "st": "Suplente"}, {"seq": "123", "n": "90777", "vap": "31", "pvap": "   0,15", "e": "N", "st": "N\u00e3o eleito"}, {"seq": "89", "n": "12456", "vap": "397", "pvap": "   1,96", "e": "N", "st": "N\u00e3o eleito"}, {"seq": "93", "n": "12112", "vap": "171", "pvap": "   0,85", "e": "N", "st": "N\u00e3o eleito"}, {"seq": "96", "n": "12312", "vap": "164", "pvap": "   0,81", "e": "N", "st": "N\u00e3o eleito"}, {"seq": "98", "n": "12018", "vap": "141", "pvap": "   0,70", "e": "N", "st": "N\u00e3o eleito"}, {"seq": "102", "n": "12345", "vap": "92", "pvap": "   0,45", "e": "N", "st": "N\u00e3o eleito"}, {"seq": "109", "n": "12111", "vap": "68", "pvap": "   0,34", "e": "N", "st": "N\u00e3o eleito"}, {"seq": "113", "n": "12789", "vap": "54", "pvap": "   0,27", "e": "N", "st": "N\u00e3o eleito"}, {"seq": "121", "n": "12222", "vap": "33", "pvap": "   0,16", "e": "N", "st": "N\u00e3o eleito"}, {"seq": "133", "n": "12003", "vap": "20", "pvap": "   0,10", "e": "N", "st": "N\u00e3o eleito"}, {"seq": "134", "n": "12512", "vap": "19", "pvap": "   0,09", "e": "N", "st": "N\u00e3o eleito"}, {"seq": "136", "n": "12012", "vap": "11", "pvap": "   0,05", "e": "N", "st": "N\u00e3o eleito"}, {"seq": "139", "n": "12011", "vap": "9", "pvap": "   0,04", "e": "N", "st": "N\u00e3o eleito"}, {"seq": "141", "n": "12812", "vap": "7", "pvap": "   0,03", "e": "N", "st": "N\u00e3o eleito"}, {"seq": "142", "n": "12123", "vap": "6", "pvap": "   0,03", "e": "N", "st": "N\u00e3o eleito"}, {"seq": "8", "n": "15147", "vap": "370", "pvap": "   1,83", "e": "S", "st": "Eleito"}, {"seq": "14", "n": "15000", "vap": "318", "pvap": "   1,57", "e": "N", "st": "Suplente"}, {"seq": "25", "n": "15333", "vap": "221", "pvap": "   1,09", "e": "N", "st": "Suplente"}, {"seq": "31", "n": "15234", "vap": "179", "pvap": "   0,88", "e": "N", "st": "Suplente"}, {"seq": "41", "n": "15190", "vap": "109", "pvap": "   0,54", "e": "N", "st": "Suplente"}, {"seq": "42", "n": "15555", "vap": "108", "pvap": "   0,53", "e": "N", "st": "Suplente"}, {"seq": "56", "n": "15678", "vap": "58", "pvap": "   0,29", "e": "N", "st": "Suplente"}, {"seq": "57", "n": "15111", "vap": "58", "pvap": "   0,29", "e": "N", "st": "Suplente"}, {"seq": "60", "n": "15123", "vap": "55", "pvap": "   0,27", "e": "N", "st": "Suplente"}, {"seq": "70", "n": "15999", "vap": "40", "pvap": "   0,20", "e": "N", "st": "Suplente"}, {"seq": "82", "n": "15444", "vap": "21", "pvap": "   0,10", "e": "N", "st": "Suplente"}, {"seq": "83", "n": "15577", "vap": "18", "pvap": "   0,09", "e": "N", "st": "Suplente"}, {"seq": "2", "n": "20000", "vap": "696", "pvap": "   3,44", "e": "S", "st": "Eleito"}, {"seq": "13", "n": "20520", "vap": "343", "pvap": "   1,70", "e": "N", "st": "Suplente"}, {"seq": "15", "n": "20720", "vap": "306", "pvap": "   1,51", "e": "N", "st": "Suplente"}, {"seq": "19", "n": "20123", "vap": "276", "pvap": "   1,36", "e": "N", "st": "Suplente"}, {"seq": "46", "n": "20320", "vap": "94", "pvap": "   0,46", "e": "N", "st": "Suplente"}, {"seq": "51", "n": "20222", "vap": "81", "pvap": "   0,40", "e": "N", "st": "Suplente"}, {"seq": "59", "n": "20200", "vap": "57", "pvap": "   0,28", "e": "N", "st": "Suplente"}, {"seq": "74", "n": "20230", "vap": "35", "pvap": "   0,17", "e": "N", "st": "Suplente"}, {"seq": "76", "n": "20120", "vap": "34", "pvap": "   0,17", "e": "N", "st": "Suplente"}]}]}