{"ele": "426", "carper": "13", "t": "1", "f": "O", "esae": "N", "mnae": " ", "dg": "15/11/2020", "hg": "22:14:32", "dv": "S", "nadf": "pr74950-c0013-e000426-004-f", "abr": [{"dt": "15/11/2020", "ht": "22:10:20", "tf": "S", "and": "F", "tpabr": "MU", "cdabr": "74950", "s": "155", "st": "155", "snt": "0", "si": "155", "sni": "0", "sa": "155", "sna": "0", "pst": " 100,00", "psnt": "   0,00", "psi": " 100,00", "psni": "   0,00", "psa": " 100,00", "psna": "   0,00", "e": "52265", "ea": "52265", "ena": "0", "esi": "52265", "esni": "0", "c": "41427", "a": "10838", "pea": " 100,00", "pena": "   0,00", "pesi": " 100,00", "pesni": "   0,00", "pa": "  20,74", "pc": "  79,26", "vscv": "0", "vnom": "36010", "vl": "1981", "tv": "41427", "vvc": "37991", "vb": "2162", "tvn": "1274", "vn": "1249", "vnt": "25", "vp": "0", "vv": "37991", "van": "0", "vansj": "0", "pvnom": "  94,79", "pvl": "   5,21", "pvvc": "  91,71", "pvb": "   5,21", "ptvn": "   3,08", "pvn": "  98,04", "pvnt": "   1,96", "pvp": "   0,00", "pvv": " 100,00", "pvan": "   0,00", "pvansj": "   0,00", "colig": [{"n": "160000136261", "tvtn": "2754", "tvan": "2754", "vag": "1", "tvtl": "80", "tval": "80"}, {"n": "160000067095", "tvtn": "4341", "tvan": "4341", "vag": "1", "tvtl": "118", "tval": "118"}, {"n": "160000138377", "tvtn": "1560", "tvan": "1560", "vag": "0", "tvtl": "94", "tval": "94"}, {"n": "160000067206", "tvtn": "7386", "tvan": "7386", "vag": "3", "tvtl": "97", "tval": "97"}, {"n": "160000138555", "tvtn": "1278", "tvan": "1278", "vag": "0", "tvtl": "21", "tval": "21"}, {"n": "160000136570", "tvtn": "2394", "tvan": "2394", "vag": "1", "tvtl": "24", "tval": "24"}, {"n": "160000136818", "tvtn": "2619", "tvan": "2644", "vag": "1", "tvtl": "377", "tval": "377"}, {"n": "160000107466", "tvtn": "3105", "tvan": "3105", "vag": "1", "tvtl": "43", "tval": "43"}, {"n": "160000123282", "tvtn": "297", "tvan": "297", "vag": "0", "tvtl": "31", "tval": "31"}, {"n": "160000079734", "tvtn": "4541", "tvan": "4541", "vag": "2", "tvtl": "61", "tval": "61"}, {"n": "160000075544", "tvtn": "5735", "tvan": "5735", "vag": "3", "tvtl": "1035", "tval": "1035"}], "part": [{"n": "25", "tvtn": "2754", "tvan": "2754", "tvtl": "80", "tval": "80"}, {"n": "11", "tvtn": "4341", "tvan": "4341", "tvtl": "118", "tval": "118"}, {"n": "15", "tvtn": "1560", "tvan": "1560", "tvtl": "94", "tval": "94"}, {"n": "20", "tvtn": "7386", "tvan": "7386", "tvtl": "97", "tval": "97"}, {"n": "90", "tvtn": "1278", "tvan": "1278", "tvtl": "21", "tval": "21"}, {"n": "40", "tvtn": "2394", "tvan": "2394", "tvtl": "24", "tval": "24"}, {"n": "55", "tvtn": "2619", "tvan": "2619", "tvtl": "377", "tval": "377"}, {"n": "36", "tvtn": "3105", "tvan": "3105", "tvtl": "43", "tval": "43"}, {"n": "13", "tvtn": "297", "tvan": "297", "tvtl": "31", "tval": "31"}, {"n": "19", "tvtn": "4541", "tvan": "4541", "tvtl": "61", "tval": "61"}, {"n": "51", "tvtn": "5735", "tvan": "5735", "tvtl": "1035", "tval": "1035"}], "cand": [{"seq": "134", "n": "25061", "vap": "19", "pvap": "   0,05", "e": "N", "st": "Suplente"}, {"seq": "80", "n": "25025", "vap": "103", "pvap": "   0,27", "e": "N", "st": "Suplente"}, {"seq": "102", "n": "25666", "vap": "69", "pvap": "   0,18", "e": "N", "st": "Suplente"}, {"seq": "126", "n": "25098", "vap": "31", "pvap": "   0,08", "e": "N", "st": "Suplente"}, {"seq": "144", "n": "25222", "vap": "5", "pvap": "   0,01", "e": "N", "st": "Suplente"}, {"seq": "9", "n": "25000", "vap": "669", "pvap": "   1,76", "e": "S", "st": "Eleito"}, {"seq": "23", "n": "25234", "vap": "395", "pvap": "   1,04", "e": "N", "st": "Suplente"}, {"seq": "66", "n": "25555", "vap": "135", "pvap": "   0,36", "e": "N", "st": "Suplente"}, {"seq": "73", "n": "25015", "vap": "118", "pvap": "   0,31", "e": "N", "st": "Suplente"}, {"seq": "71", "n": "25021", "vap": "127", "pvap": "   0,33", "e": "N", "st": "Suplente"}, {"seq": "44", "n": "25111", "vap": "248", "pvap": "   0,65", "e": "N", "st": "Suplente"}, {"seq": "100", "n": "25777", "vap": "72", "pvap": "   0,19", "e": "N", "st": "Suplente"}, {"seq": "16", "n": "25123", "vap": "628", "pvap": "   1,65", "e": "N", "st": "Suplente"}, {"seq": "77", "n": "25050", "vap": "105", "pvap": "   0,28", "e": "N", "st": "Suplente"}, {"seq": "127", "n": "25255", "vap": "30", "pvap": "   0,08", "e": "N", "st": "Suplente"}, {"seq": "72", "n": "11555", "vap": "122", "pvap": "   0,32", "e": "N", "st": "Suplente"}, {"seq": "114", "n": "11999", "vap": "47", "pvap": "   0,12", "e": "N", "st": "Suplente"}, {"seq": "31", "n": "11123", "vap": "342", "pvap": "   0,90", "e": "N", "st": "Suplente"}, {"seq": "138", "n": "11444", "vap": "17", "pvap": "   0,04", "e": "N", "st": "Suplente"}, {"seq": "39", "n": "11777", "vap": "269", "pvap": "   0,71", "e": "N", "st": "Suplente"}, {"seq": "15", "n": "11111", "vap": "647", "pvap": "   1,70", "e": "N", "st": "Suplente"}, {"seq": "30", "n": "11900", "vap": "348", "pvap": "   0,92", "e": "N", "st": "Suplente"}, {"seq": "139", "n": "11211", "vap": "14", "pvap": "   0,04", "e": "N", "st": "Suplente"}, {"seq": "48", "n": "11020", "vap": "213", "pvap": "   0,56", "e": "N", "st": "Suplente"}, {"seq": "92", "n": "11051", "vap": "83", "pvap": "   0,22", "e": "N", "st": "Suplente"}, {"seq": "53", "n": "11095", "vap": "201", "pvap": "   0,53", "e": "N", "st": "Suplente"}, {"seq": "137", "n": "11234", "vap": "18", "pvap": "   0,05", "e": "N", "st": "Suplente"}, {"seq": "51", "n": "11110", "vap": "203", "pvap": "   0,53", "e": "N", "st": "Suplente"}, {"seq": "115", "n": "11411", "vap": "47", "pvap": "   0,12", "e": "N", "st": "Suplente"}, {"seq": "7", "n": "11500", "vap": "792", "pvap": "   2,08", "e": "S", "st": "Eleito"}, {"seq": "22", "n": "11225", "vap": "477", "pvap": "   1,26", "e": "N", "st": "Suplente"}, {"seq": "59", "n": "11000", "vap": "157", "pvap": "   0,41", "e": "N", "st": "Suplente"}, {"seq": "75", "n": "11222", "vap": "114", "pvap": "   0,30", "e": "N", "st": "Suplente"}, {"seq": "65", "n": "11190", "vap": "137", "pvap": "   0,36", "e": "N", "st": "Suplente"}, {"seq": "83", "n": "11112", "vap": "93", "pvap": "   0,24", "e": "N", "st": "Suplente"}, {"seq": "163", "n": "15111", "vap": "32", "pvap": "   0,08", "e": "N", "st": "N\u00e3o eleito"}, {"seq": "146", "n": "15000", "vap": "835", "pvap": "   2,20", "e": "N", "st": "N\u00e3o eleito"}, {"seq": "155", "n": "15200", "vap": "68", "pvap": "   0,18", "e": "N", "st": "N\u00e3o eleito"}, {"seq": "157", "n": "15513", "vap": "58", "pvap": "   0,15", "e": "N", "st": "N\u00e3o eleito"}, {"seq": "151", "n": "15001", "vap": "193", "pvap": "   0,51", "e": "N", "st": "N\u00e3o eleito"}, {"seq": "154", "n": "15500", "vap": "74", "pvap": "   0,19", "e": "N", "st": "N\u00e3o eleito"}, {"seq": "161", "n": "15680", "vap": "43", "pvap": "   0,11", "e": "N", "st": "N\u00e3o eleito"}, {"seq": "160", "n": "15123", "vap": "45", "pvap": "   0,12", "e": "N", "st": "N\u00e3o eleito"}, {"seq": "158", "n": "15610", "vap": "50", "pvap": "   0,13", "e": "N", "st": "N\u00e3o eleito"}, {"seq": "168", "n": "15120", "vap": "24", "pvap": "   0,06", "e": "N", "st": "N\u00e3o eleito"}, {"seq": "165", "n": "15713", "vap": "30", "pvap": "   0,08", "e": "N", "st": "N\u00e3o eleito"}, {"seq": "156", "n": "15612", "vap": "64", "pvap": "   0,17", "e": "N", "st": "N\u00e3o eleito"}, {"seq": "164", "n": "15165", "vap": "30", "pvap": "   0,08", "e": "N", "st": "N\u00e3o eleito"}, {"seq": "174", "n": "15333", "vap": "14", "pvap": "   0,04", "e": "N", "st": "N\u00e3o eleito"}, {"seq": "28", "n": "20100", "vap": "356", "pvap": "   0,94", "e": "N", "st": "Suplente"}, {"seq": "5", "n": "20000", "vap": "869", "pvap": "   2,29", "e": "S", "st": "Eleito"}, {"seq": "79", "n": "20030", "vap": "103", "pvap": "   0,27", "e": "N", "st": "Suplente"}, {"seq": "133", "n": "20700", "vap": "19", "pvap": "   0,05", "e": "N", "st": "Suplente"}, {"seq": "34", "n": "20200", "vap": "308", "pvap": "   0,81", "e": "N", "st": "Suplente"}, {"seq": "4", "n": "20456", "vap": "1041", "pvap": "   2,74", "e": "S", "st": "Eleito"}, {"seq": "113", "n": "20122", "vap": "48", "pvap": "   0,13", "e": "N", "st": "Suplente"}, {"seq": "40", "n": "20777", "vap": "266", "pvap": "   0,70", "e": "N", "st": "Suplente"}, {"seq": "106", "n": "20110", "vap": "60", "pvap": "   0,16", "e": "N", "st": "Suplente"}, {"seq": "121", "n": "20133", "vap": "36", "pvap": "   0,09", "e": "N", "st": "Suplente"}, {"seq": "123", "n": "20444", "vap": "33", "pvap": "   0,09", "e": "N", "st": "Suplente"}, {"seq": "96", "n": "20055", "vap": "76", "pvap": "   0,20", "e": "N", "st": "Suplente"}, {"seq": "1", "n": "20123", "vap": "2367", "pvap": "   6,23", "e": "S", "st": "Eleito"}, {"seq": "69", "n": "20222", "vap": "129", "pvap": "   0,34", "e": "N", "st": "Suplente"}, {"seq": "25", "n": "20555", "vap": "385", "pvap": "   1,01", "e": "N", "st": "Suplente"}, {"seq": "67", "n": "20345", "vap": "134", "pvap": "   0,35", "e": "N", "st": "Suplente"}, {"seq": "131", "n": "20333", "vap": "24", "pvap": "   0,06", "e": "N", "st": "Suplente"}, {"seq": "88", "n": "20888", "vap": "87", "pvap": "   0,23", "e": "N", "st": "Suplente"}, {"seq": "14", "n": "20020", "vap": "840", "pvap": "   2,21", "e": "N", "st": "Suplente"}, {"seq": "50", "n": "20111", "vap": "205", "pvap": "   0,54", "e": "N", "st": "Suplente"}, {"seq": "153", "n": "90500", "vap": "81", "pvap": "   0,21", "e": "N", "st": "N\u00e3o eleito"}, {"seq": "171", "n": "90888", "vap": "19", "pvap": "   0,05", "e": "N", "st": "N\u00e3o eleito"}, {"seq": "149", "n": "90111", "vap": "238", "pvap": "   0,63", "e": "N", "st": "N\u00e3o eleito"}, {"seq": "159", "n": "90222", "vap": "48", "pvap": "   0,13", "e": "N", "st": "N\u00e3o eleito"}, {"seq": "167", "n": "90001", "vap": "28", "pvap": "   0,07", "e": "N", "st": "N\u00e3o eleito"}, {"seq": "152", "n": "90090", "vap": "113", "pvap": "   0,30", "e": "N", "st": "N\u00e3o eleito"}, {"seq": "166", "n": "90000", "vap": "29", "pvap": "   0,08", "e": "N", "st": "N\u00e3o eleito"}, {"seq": "176", "n": "90042", "vap": "13", "pvap": "   0,03", "e": "N", "st": "N\u00e3o eleito"}, {"seq": "178", "n": "90775", "vap": "5", "pvap": "   0,01", "e": "N", "st": "N\u00e3o eleito"}, {"seq": "170", "n": "90456", "vap": "22", "pvap": "   0,06", "e": "N", "st": "N\u00e3o eleito"}, {"seq": "175", "n": "90900", "vap": "13", "pvap": "   0,03", "e": "N", "st": "N\u00e3o eleito"}, {"seq": "148", "n": "90999", "vap": "299", "pvap": "   0,79", "e": "N", "st": "N\u00e3o eleito"}, {"seq": "147", "n": "90123", "vap": "370", "pvap": "   0,97", "e": "N", "st": "N\u00e3o eleito"}, {"seq": "105", "n": "40199", "vap": "61", "pvap": "   0,16", "e": "N", "st": "Suplente"}, {"seq": "99", "n": "40050", "vap": "73", "pvap": "   0,19", "e": "N", "st": "Suplente"}, {"seq": "61", "n": "40123", "vap": "148", "pvap": "   0,39", "e": "N", "st": "Suplente"}, {"seq": "17", "n": "40010", "vap": "569", "pvap": "   1,50", "e": "N", "st": "Suplente"}, {"seq": "107", "n": "40696", "vap": "59", "pvap": "   0,16", "e": "N", "st": "Suplente"}, {"seq": "101", "n": "40013", "vap": "71", "pvap": "   0,19", "e": "N", "st": "Suplente"}, {"seq": "84", "n": "40900", "vap": "93", "pvap": "   0,24", "e": "N", "st": "Suplente"}, {"seq": "78", "n": "40444", "vap": "105", "pvap": "   0,28", "e": "N", "st": "Suplente"}, {"seq": "55", "n": "40111", "vap": "181", "pvap": "   0,48", "e": "N", "st": "Suplente"}, {"seq": "60", "n": "40040", "vap": "155", "pvap": "   0,41", "e": "N", "st": "Suplente"}, {"seq": "140", "n": "40225", "vap": "14", "pvap": "   0,04", "e": "N", "st": "Suplente"}, {"seq": "143", "n": "40222", "vap": "7", "pvap": "   0,02", "e": "N", "st": "Suplente"}, {"seq": "10", "n": "40000", "vap": "586", "pvap": "   1,54", "e": "S", "st": "Eleito"}, {"seq": "62", "n": "40134", "vap": "143", "pvap": "   0,38", "e": "N", "st": "Suplente"}, {"seq": "118", "n": "40333", "vap": "41", "pvap": "   0,11", "e": "N", "st": "Suplente"}, {"seq": "87", "n": "40400", "vap": "88", "pvap": "   0,23", "e": "N", "st": "Suplente"}, {"seq": "104", "n": "55222", "vap": "63", "pvap": "   0,17", "e": "N", "st": "Suplente"}, {"seq": "120", "n": "55422", "vap": "38", "pvap": "   0,10", "e": "N", "st": "Suplente"}, {"seq": "98", "n": "55122", "vap": "75", "pvap": "   0,20", "e": "N", "st": "Suplente"}, {"seq": "125", "n": "55009", "vap": "31", "pvap": "   0,08", "e": "N", "st": "Suplente"}, {"seq": "57", "n": "55444", "vap": "171", "pvap": "   0,45", "e": "N", "st": "Suplente"}, {"seq": "20", "n": "55000", "vap": "498", "pvap": "   1,31", "e": "N", "st": "Suplente"}, {"seq": "136", "n": "55325", "vap": "18", "pvap": "   0,05", "e": "N", "st": "Suplente"}, {"seq": "103", "n": "55678", "vap": "66", "pvap": "   0,17", "e": "N", "st": "Suplente"}, {"seq": "6", "n": "55555", "vap": "822", "pvap": "   2,16", "e": "S", "st": "Eleito"}, {"seq": "70", "n": "55345", "vap": "128", "pvap": "   0,34", "e": "N", "st": "Suplente"}, {"seq": "145", "n": "55333", "vap": "3", "pvap": "   0,01", "e": "N", "st": "Suplente"}, {"seq": "56", "n": "55123", "vap": "172", "pvap": "   0,45", "e": "N", "st": "Suplente"}, {"seq": "33", "n": "55226", "vap": "320", "pvap": "   0,84", "e": "N", "st": "Suplente"}, {"seq": "112", "n": "55010", "vap": "49", "pvap": "   0,13", "e": "N", "st": "Suplente"}, {"seq": "58", "n": "55777", "vap": "165", "pvap": "   0,43", "e": "N", "st": "Suplente"}, {"seq": "128", "n": "36230", "vap": "29", "pvap": "   0,08", "e": "N", "st": "Suplente"}, {"seq": "119", "n": "36036", "vap": "39", "pvap": "   0,10", "e": "N", "st": "Suplente"}, {"seq": "124", "n": "36063", "vap": "33", "pvap": "   0,09", "e": "N", "st": "Suplente"}, {"seq": "41", "n": "36123", "vap": "264", "pvap": "   0,69", "e": "N", "st": "Suplente"}, {"seq": "117", "n": "36789", "vap": "44", "pvap": "   0,12", "e": "N", "st": "Suplente"}, {"seq": "81", "n": "36365", "vap": "97", "pvap": "   0,26", "e": "N", "st": "Suplente"}, {"seq": "130", "n": "36338", "vap": "26", "pvap": "   0,07", "e": "N", "st": "Suplente"}, {"seq": "52", "n": "36000", "vap": "203", "pvap": "   0,53", "e": "N", "st": "Suplente"}, {"seq": "142", "n": "36466", "vap": "10", "pvap": "   0,03", "e": "N", "st": "Suplente"}, {"seq": "82", "n": "36666", "vap": "95", "pvap": "   0,25", "e": "N", "st": "Suplente"}, {"seq": "141", "n": "36333", "vap": "11", "pvap": "   0,03", "e": "N", "st": "Suplente"}, {"seq": "49", "n": "36777", "vap": "210", "pvap": "   0,55", "e": "N", "st": "Suplente"}, {"seq": "97", "n": "36113", "vap": "76", "pvap": "   0,20", "e": "N", "st": "Suplente"}, {"seq": "85", "n": "36111", "vap": "92", "pvap": "   0,24", "e": "N", "st": "Suplente"}, {"seq": "18", "n": "36190", "vap": "553", "pvap": "   1,46", "e": "N", "st": "Suplente"}, {"seq": "35", "n": "36143", "vap": "302", "pvap": "   0,79", "e": "N", "st": "Suplente"}, {"seq": "37", "n": "36441", "vap": "286", "pvap": "   0,75", "e": "N", "st": "Suplente"}, {"seq": "8", "n": "36999", "vap": "706", "pvap": "   1,86", "e": "S", "st": "Eleito"}, {"seq": "129", "n": "36050", "vap": "29", "pvap": "   0,08", "e": "N", "st": "Suplente"}, {"seq": "172", "n": "13456", "vap": "15", "pvap": "   0,04", "e": "N", "st": "N\u00e3o eleito"}, {"seq": "162", "n": "13113", "vap": "39", "pvap": "   0,10", "e": "N", "st": "N\u00e3o eleito"}, {"seq": "150", "n": "13013", "vap": "195", "pvap": "   0,51", "e": "N", "st": "N\u00e3o eleito"}, {"seq": "169", "n": "13143", "vap": "23", "pvap": "   0,06", "e": "N", "st": "N\u00e3o eleito"}, {"seq": "173", "n": "13131", "vap": "15", "pvap": "   0,04", "e": "N", "st": "N\u00e3o eleito"}, {"seq": "177", "n": "13154", "vap": "10", "pvap": "   0,03", "e": "N", "st": "N\u00e3o eleito"}, {"seq": "3", "n": "19200", "vap": "1142", "pvap": "   3,01", "e": "S", "st": "Eleito"}, {"seq": "91", "n": "19111", "vap": "83", "pvap": "   0,22", "e": "N", "st": "Suplente"}, {"seq": "76", "n": "19635", "vap": "108", "pvap": "   0,28", "e": "N", "st": "Suplente"}, {"seq": "111", "n": "19019", "vap": "51", "pvap": "   0,13", "e": "N", "st": "Suplente"}, {"seq": "45", "n": "19456", "vap": "221", "pvap": "   0,58", "e": "N", "st": "Suplente"}, {"seq": "21", "n": "19700", "vap": "488", "pvap": "   1,28", "e": "N", "st": "Suplente"}, {"seq": "135", "n": "19333", "vap": "18", "pvap": "   0,05", "e": "N", "st": "Suplente"}, {"seq": "27", "n": "19789", "vap": "372", "pvap": "   0,98", "e": "N", "st": "Suplente"}, {"seq": "13", "n": "19000", "vap": "496", "pvap": "   1,31", "e": "S", "st": "Eleito"}, {"seq": "132", "n": "19228", "vap": "22", "pvap": "   0,06", "e": "N", "st": "Suplente"}, {"seq": "109", "n": "19025", "vap": "52", "pvap": "   0,14", "e": "N", "st": "Suplente"}, {"seq": "116", "n": "19555", "vap": "44", "pvap": "   0,12", "e": "N", "st": "Suplente"}, {"seq": "63", "n": "19888", "vap": "143", "pvap": "   0,38", "e": "N", "st": "Suplente"}, {"seq": "74", "n": "19670", "vap": "116", "pvap": "   0,31", "e": "N", "st": "Suplente"}, {"seq": "46", "n": "19999", "vap": "215", "pvap": "   0,57", "e": "N", "st": "Suplente"}, {"seq": "95", "n": "19133", "vap": "77", "pvap": "   0,20", "e": "N", "st": "Suplente"}, {"seq": "24", "n": "19222", "vap": "390", "pvap": "   1,03", "e": "N", "st": "Suplente"}, {"seq": "94", "n": "19713", "vap": "78", "pvap": "   0,21", "e": "N", "st": "Suplente"}, {"seq": "26", "n": "19123", "vap": "374", "pvap": "   0,98", "e": "N", "st": "Suplente"}, {"seq": "110", "n": "19051", "vap": "51", "pvap": "   0,13", "e": "N", "st": "Suplente"}, {"seq": "86", "n": "51666", "vap": "89", "pvap": "   0,23", "e": "N", "st": "Suplente"}, {"seq": "2", "n": "51111", "vap": "1211", "pvap": "   3,19", "e": "S", "st": "Eleito"}, {"seq": "38", "n": "51007", "vap": "281", "pvap": "   0,74", "e": "N", "st": "Suplente"}, {"seq": "47", "n": "51025", "vap": "214", "pvap": "   0,56", "e": "N", "st": "Suplente"}, {"seq": "108", "n": "51777", "vap": "58", "pvap": "   0,15", "e": "N", "st": "Suplente"}, {"seq": "122", "n": "51012", "vap": "34", "pvap": "   0,09", "e": "N", "st": "Suplente"}, {"seq": "11", "n": "51000", "vap": "577", "pvap": "   1,52", "e": "S", "st": "Eleito"}, {"seq": "68", "n": "51001", "vap": "129", "pvap": "   0,34", "e": "N", "st": "Suplente"}, {"seq": "89", "n": "51555", "vap": "85", "pvap": "   0,22", "e": "N", "st": "Suplente"}, {"seq": "64", "n": "51500", "vap": "138", "pvap": "   0,36", "e": "N", "st": "Suplente"}, {"seq": "32", "n": "51551", "vap": "337", "pvap": "   0,89", "e": "N", "st": "Suplente"}, {"seq": "90", "n": "51222", "vap": "84", "pvap": "   0,22", "e": "N", "st": "Suplente"}, {"seq": "43", "n": "51789", "vap": "256", "pvap": "   0,67", "e": "N", "st": "Suplente"}, {"seq": "29", "n": "51444", "vap": "355", "pvap": "   0,93", "e": "N", "st": "Suplente"}, {"seq": "93", "n": "51023", "vap": "79", "pvap": "   0,21", "e": "N", "st": "Suplente"}, {"seq": "54", "n": "51321", "vap": "189", "pvap": "   0,50", "e": "N", "st": "Suplente"}, {"seq": "42", "n": "51193", "vap": "261", "pvap": "   0,69", "e": "N", "st": "Suplente"}, {"seq": "19", "n": "51234", "vap": "520", "pvap": "   1,37", "e": "N", "st": "Suplente"}, {"seq": "36", "n": "51010", "vap": "299", "pvap": "   0,79", "e": "N", "st": "Suplente"}, {"seq": "12", "n": "51123", "vap": "539", "pvap": "   1,42", "e": "S", "st": "Eleito"}]}, {"dt": "15/11/2020", "ht": "22:10:20", "tf": "S", "and": "F", "tpabr": "ZONA", "cdabr": "16", "s": "155", "st": "155", "snt": "0", "si": "155", "sni": "0", "sa": "155", "sna": "0", "pst": " 100,00", "psnt": "   0,00", "psi": " 100,00", "psni": "   0,00", "psa": " 100,00", "psna": "   0,00", "e": "52265", "ea": "52265", "ena": "0", "esi": "52265", "esni": "0", "a": "10838", "c": "41427", "pea": " 100,00", "pena": "   0,00", "pesi": " 100,00", "pesni": "   0,00", "pa": "  20,74", "pc": "  79,26", "vnom": "36010", "vscv": "0", "vl": "1981", "tv": "41427", "vvc": "37991", "vb": "2162", "tvn": "1274", "vn": "1249", "vnt": "25", "vp": "0", "vv": "37991", "van": "0", "vansj": "0", "pvnom": "  94,79", "pvl": "   5,21", "pvvc": "  91,71", "pvb": "   5,21", "ptvn": "   3,08", "pvn": "  98,04", "pvnt": "   1,96", "pvp": "   0,00", "pvv": " 100,00", "pvan": "   0,00", "pvansj": "   0,00", "cand": [{"seq": "48", "n": "11020", "vap": "213", "pvap": "   0,56", "e": "N", "st": "Suplente"}, {"seq": "53", "n": "11095", "vap": "201", "pvap": "   0,53", "e": "N", "st": "Suplente"}, {"seq": "31", "n": "11123", "vap": "342", "pvap": "   0,90", "e": "N", "st": "Suplente"}, {"seq": "30", "n": "11900", "vap": "348", "pvap": "   0,92", "e": "N", "st": "Suplente"}, {"seq": "15", "n": "11111", "vap": "647", "pvap": "   1,70", "e": "N", "st": "Suplente"}, {"seq": "139", "n": "11211", "vap": "14", "pvap": "   0,04", "e": "N", "st": "Suplente"}, {"seq": "75", "n": "11222", "vap": "114", "pvap": "   0,30", "e": "N", "st": "Suplente"}, {"seq": "39", "n": "11777", "vap": "269", "pvap": "   0,71", "e": "N", "st": "Suplente"}, {"seq": "92", "n": "11051", "vap": "83", "pvap": "   0,22", "e": "N", "st": "Suplente"}, {"seq": "65", "n": "11190", "vap": "137", "pvap": "   0,36", "e": "N", "st": "Suplente"}, {"seq": "7", "n": "11500", "vap": "792", "pvap": "   2,08", "e": "S", "st": "Eleito"}, {"seq": "22", "n": "11225", "vap": "477", "pvap": "   1,26", "e": "N", "st": "Suplente"}, {"seq": "137", "n": "11234", "vap": "18", "pvap": "   0,05", "e": "N", "st": "Suplente"}, {"seq": "138", "n": "11444", "vap": "17", "pvap": "   0,04", "e": "N", "st": "Suplente"}, {"seq": "72", "n": "11555", "vap": "122", "pvap": "   0,32", "e": "N", "st": "Suplente"}, {"seq": "59", "n": "11000", "vap": "157", "pvap": "   0,41", "e": "N", "st": "Suplente"}, {"seq": "51", "n": "11110", "vap": "203", "pvap": "   0,53", "e": "N", "st": "Suplente"}, {"seq": "115", "n": "11411", "vap": "47", "pvap": "   0,12", "e": "N", "st": "Suplente"}, {"seq": "83", "n": "11112", "vap": "93", "pvap": "   0,24", "e": "N", "st": "Suplente"}, {"seq": "114", "n": "11999", "vap": "47", "pvap": "   0,12", "e": "N", "st": "Suplente"}, {"seq": "128", "n": "36230", "vap": "29", "pvap": "   0,08", "e": "N", "st": "Suplente"}, {"seq": "129", "n": "36050", "vap": "29", "pvap": "   0,08", "e": "N", "st": "Suplente"}, {"seq": "35", "n": "36143", "vap": "302", "pvap": "   0,79", "e": "N", "st": "Suplente"}, {"seq": "18", "n": "36190", "vap": "553", "pvap": "   1,46", "e": "N", "st": "Suplente"}, {"seq": "142", "n": "36466", "vap": "10", "pvap": "   0,03", "e": "N", "st": "Suplente"}, {"seq": "82", "n": "36666", "vap": "95", "pvap": "   0,25", "e": "N", "st": "Suplente"}, {"seq": "117", "n": "36789", "vap": "44", "pvap": "   0,12", "e": "N", "st": "Suplente"}, {"seq": "49", "n": "36777", "vap": "210", "pvap": "   0,55", "e": "N", "st": "Suplente"}, {"seq": "8", "n": "36999", "vap": "706", "pvap": "   1,86", "e": "S", "st": "Eleito"}, {"seq": "141", "n": "36333", "vap": "11", "pvap": "   0,03", "e": "N", "st": "Suplente"}, {"seq": "37", "n": "36441", "vap": "286", "pvap": "   0,75", "e": "N", "st": "Suplente"}, {"seq": "52", "n": "36000", "vap": "203", "pvap": "   0,53", "e": "N", "st": "Suplente"}, {"seq": "119", "n": "36036", "vap": "39", "pvap": "   0,10", "e": "N", "st": "Suplente"}, {"seq": "124", "n": "36063", "vap": "33", "pvap": "   0,09", "e": "N", "st": "Suplente"}, {"seq": "130", "n": "36338", "vap": "26", "pvap": "   0,07", "e": "N", "st": "Suplente"}, {"seq": "85", "n": "36111", "vap": "92", "pvap": "   0,24", "e": "N", "st": "Suplente"}, {"seq": "41", "n": "36123", "vap": "264", "pvap": "   0,69", "e": "N", "st": "Suplente"}, {"seq": "97", "n": "36113", "vap": "76", "pvap": "   0,20", "e": "N", "st": "Suplente"}, {"seq": "81", "n": "36365", "vap": "97", "pvap": "   0,26", "e": "N", "st": "Suplente"}, {"seq": "78", "n": "40444", "vap": "105", "pvap": "   0,28", "e": "N", "st": "Suplente"}, {"seq": "107", "n": "40696", "vap": "59", "pvap": "   0,16", "e": "N", "st": "Suplente"}, {"seq": "84", "n": "40900", "vap": "93", "pvap": "   0,24", "e": "N", "st": "Suplente"}, {"seq": "10", "n": "40000", "vap": "586", "pvap": "   1,54", "e": "S", "st": "Eleito"}, {"seq": "99", "n": "40050", "vap": "73", "pvap": "   0,19", "e": "N", "st": "Suplente"}, {"seq": "60", "n": "40040", "vap": "155", "pvap": "   0,41", "e": "N", "st": "Suplente"}, {"seq": "62", "n": "40134", "vap": "143", "pvap": "   0,38", "e": "N", "st": "Suplente"}, {"seq": "140", "n": "40225", "vap": "14", "pvap": "   0,04", "e": "N", "st": "Suplente"}, {"seq": "118", "n": "40333", "vap": "41", "pvap": "   0,11", "e": "N", "st": "Suplente"}, {"seq": "17", "n": "40010", "vap": "569", "pvap": "   1,50", "e": "N", "st": "Suplente"}, {"seq": "101", "n": "40013", "vap": "71", "pvap": "   0,19", "e": "N", "st": "Suplente"}, {"seq": "105", "n": "40199", "vap": "61", "pvap": "   0,16", "e": "N", "st": "Suplente"}, {"seq": "143", "n": "40222", "vap": "7", "pvap": "   0,02", "e": "N", "st": "Suplente"}, {"seq": "55", "n": "40111", "vap": "181", "pvap": "   0,48", "e": "N", "st": "Suplente"}, {"seq": "87", "n": "40400", "vap": "88", "pvap": "   0,23", "e": "N", "st": "Suplente"}, {"seq": "61", "n": "40123", "vap": "148", "pvap": "   0,39", "e": "N", "st": "Suplente"}, {"seq": "126", "n": "25098", "vap": "31", "pvap": "   0,08", "e": "N", "st": "Suplente"}, {"seq": "44", "n": "25111", "vap": "248", "pvap": "   0,65", "e": "N", "st": "Suplente"}, {"seq": "100", "n": "25777", "vap": "72", "pvap": "   0,19", "e": "N", "st": "Suplente"}, {"seq": "134", "n": "25061", "vap": "19", "pvap": "   0,05", "e": "N", "st": "Suplente"}, {"seq": "127", "n": "25255", "vap": "30", "pvap": "   0,08", "e": "N", "st": "Suplente"}, {"seq": "66", "n": "25555", "vap": "135", "pvap": "   0,36", "e": "N", "st": "Suplente"}, {"seq": "9", "n": "25000", "vap": "669", "pvap": "   1,76", "e": "S", "st": "Eleito"}, {"seq": "80", "n": "25025", "vap": "103", "pvap": "   0,27", "e": "N", "st": "Suplente"}, {"seq": "73", "n": "25015", "vap": "118", "pvap": "   0,31", "e": "N", "st": "Suplente"}, {"seq": "71", "n": "25021", "vap": "127", "pvap": "   0,33", "e": "N", "st": "Suplente"}, {"seq": "16", "n": "25123", "vap": "628", "pvap": "   1,65", "e": "N", "st": "Suplente"}, {"seq": "144", "n": "25222", "vap": "5", "pvap": "   0,01", "e": "N", "st": "Suplente"}, {"seq": "77", "n": "25050", "vap": "105", "pvap": "   0,28", "e": "N", "st": "Suplente"}, {"seq": "23", "n": "25234", "vap": "395", "pvap": "   1,04", "e": "N", "st": "Suplente"}, {"seq": "102", "n": "25666", "vap": "69", "pvap": "   0,18", "e": "N", "st": "Suplente"}, {"seq": "32", "n": "51551", "vap": "337", "pvap": "   0,89", "e": "N", "st": "Suplente"}, {"seq": "89", "n": "51555", "vap": "85", "pvap": "   0,22", "e": "N", "st": "Suplente"}, {"seq": "68", "n": "51001", "vap": "129", "pvap": "   0,34", "e": "N", "st": "Suplente"}, {"seq": "108", "n": "51777", "vap": "58", "pvap": "   0,15", "e": "N", "st": "Suplente"}, {"seq": "11", "n": "51000", "vap": "577", "pvap": "   1,52", "e": "S", "st": "Eleito"}, {"seq": "43", "n": "51789", "vap": "256", "pvap": "   0,67", "e": "N", "st": "Suplente"}, {"seq": "54", "n": "51321", "vap": "189", "pvap": "   0,50", "e": "N", "st": "Suplente"}, {"seq": "42", "n": "51193", "vap": "261", "pvap": "   0,69", "e": "N", "st": "Suplente"}, {"seq": "2", "n": "51111", "vap": "1211", "pvap": "   3,19", "e": "S", "st": "Eleito"}, {"seq": "38", "n": "51007", "vap": "281", "pvap": "   0,74", "e": "N", "st": "Suplente"}, {"seq": "19", "n": "51234", "vap": "520", "pvap": "   1,37", "e": "N", "st": "Suplente"}, {"seq": "90", "n": "51222", "vap": "84", "pvap": "   0,22", "e": "N", "st": "Suplente"}, {"seq": "36", "n": "51010", "vap": "299", "pvap": "   0,79", "e": "N", "st": "Suplente"}, {"seq": "64", "n": "51500", "vap": "138", "pvap": "   0,36", "e": "N", "st": "Suplente"}, {"seq": "93", "n": "51023", "vap": "79", "pvap": "   0,21", "e": "N", "st": "Suplente"}, {"seq": "122", "n": "51012", "vap": "34", "pvap": "   0,09", "e": "N", "st": "Suplente"}, {"seq": "12", "n": "51123", "vap": "539", "pvap": "   1,42", "e": "S", "st": "Eleito"}, {"seq": "29", "n": "51444", "vap": "355", "pvap": "   0,93", "e": "N", "st": "Suplente"}, {"seq": "86", "n": "51666", "vap": "89", "pvap": "   0,23", "e": "N", "st": "Suplente"}, {"seq": "47", "n": "51025", "vap": "214", "pvap": "   0,56", "e": "N", "st": "Suplente"}, {"seq": "13", "n": "19000", "vap": "496", "pvap": "   1,31", "e": "S", "st": "Eleito"}, {"seq": "26", "n": "19123", "vap": "374", "pvap": "   0,98", "e": "N", "st": "Suplente"}, {"seq": "24", "n": "19222", "vap": "390", "pvap": "   1,03", "e": "N", "st": "Suplente"}, {"seq": "111", "n": "19019", "vap": "51", "pvap": "   0,13", "e": "N", "st": "Suplente"}, {"seq": "91", "n": "19111", "vap": "83", "pvap": "   0,22", "e": "N", "st": "Suplente"}, {"seq": "95", "n": "19133", "vap": "77", "pvap": "   0,20", "e": "N", "st": "Suplente"}, {"seq": "3", "n": "19200", "vap": "1142", "pvap": "   3,01", "e": "S", "st": "Eleito"}, {"seq": "132", "n": "19228", "vap": "22", "pvap": "   0,06", "e": "N", "st": "Suplente"}, {"seq": "45", "n": "19456", "vap": "221", "pvap": "   0,58", "e": "N", "st": "Suplente"}, {"seq": "94", "n": "19713", "vap": "78", "pvap": "   0,21", "e": "N", "st": "Suplente"}, {"seq": "110", "n": "19051", "vap": "51", "pvap": "   0,13", "e": "N", "st": "Suplente"}, {"seq": "21", "n": "19700", "vap": "488", "pvap": "   1,28", "e": "N", "st": "Suplente"}, {"seq": "109", "n": "19025", "vap": "52", "pvap": "   0,14", "e": "N", "st": "Suplente"}, {"seq": "116", "n": "19555", "vap": "44", "pvap": "   0,12", "e": "N", "st": "Suplente"}, {"seq": "27", "n": "19789", "vap": "372", "pvap": "   0,98", "e": "N", "st": "Suplente"}, {"seq": "63", "n": "19888", "vap": "143", "pvap": "   0,38", "e": "N", "st": "Suplente"}, {"seq": "135", "n": "19333", "vap": "18", "pvap": "   0,05", "e": "N", "st": "Suplente"}, {"seq": "76", "n": "19635", "vap": "108", "pvap": "   0,28", "e": "N", "st": "Suplente"}, {"seq": "74", "n": "19670", "vap": "116", "pvap": "   0,31", "e": "N", "st": "Suplente"}, {"seq": "46", "n": "19999", "vap": "215", "pvap": "   0,57", "e": "N", "st": "Suplente"}, {"seq": "57", "n": "55444", "vap": "171", "pvap": "   0,45", "e": "N", "st": "Suplente"}, {"seq": "98", "n": "55122", "vap": "75", "pvap": "   0,20", "e": "N", "st": "Suplente"}, {"seq": "6", "n": "55555", "vap": "822", "pvap": "   2,16", "e": "S", "st": "Eleito"}, {"seq": "120", "n": "55422", "vap": "38", "pvap": "   0,10", "e": "N", "st": "Suplente"}, {"seq": "145", "n": "55333", "vap": "3", "pvap": "   0,01", "e": "N", "st": "Suplente"}, {"seq": "136", "n": "55325", "vap": "18", "pvap": "   0,05", "e": "N", "st": "Suplente"}, {"seq": "125", "n": "55009", "vap": "31", "pvap": "   0,08", "e": "N", "st": "Suplente"}, {"seq": "33", "n": "55226", "vap": "320", "pvap": "   0,84", "e": "N", "st": "Suplente"}, {"seq": "56", "n": "55123", "vap": "172", "pvap": "   0,45", "e": "N", "st": "Suplente"}, {"seq": "103", "n": "55678", "vap": "66", "pvap": "   0,17", "e": "N", "st": "Suplente"}, {"seq": "104", "n": "55222", "vap": "63", "pvap": "   0,17", "e": "N", "st": "Suplente"}, {"seq": "58", "n": "55777", "vap": "165", "pvap": "   0,43", "e": "N", "st": "Suplente"}, {"seq": "70", "n": "55345", "vap": "128", "pvap": "   0,34", "e": "N", "st": "Suplente"}, {"seq": "112", "n": "55010", "vap": "49", "pvap": "   0,13", "e": "N", "st": "Suplente"}, {"seq": "20", "n": "55000", "vap": "498", "pvap": "   1,31", "e": "N", "st": "Suplente"}, {"seq": "160", "n": "15123", "vap": "45", "pvap": "   0,12", "e": "N", "st": "N\u00e3o eleito"}, {"seq": "164", "n": "15165", "vap": "30", "pvap": "   0,08", "e": "N", "st": "N\u00e3o eleito"}, {"seq": "165", "n": "15713", "vap": "30", "pvap": "   0,08", "e": "N", "st": "N\u00e3o eleito"}, {"seq": "163", "n": "15111", "vap": "32", "pvap": "   0,08", "e": "N", "st": "N\u00e3o eleito"}, {"seq": "168", "n": "15120", "vap": "24", "pvap": "   0,06", "e": "N", "st": "N\u00e3o eleito"}, {"seq": "151", "n": "15001", "vap": "193", "pvap": "   0,51", "e": "N", "st": "N\u00e3o eleito"}, {"seq": "174", "n": "15333", "vap": "14", "pvap": "   0,04", "e": "N", "st": "N\u00e3o eleito"}, {"seq": "146", "n": "15000", "vap": "835", "pvap": "   2,20", "e": "N", "st": "N\u00e3o eleito"}, {"seq": "157", "n": "15513", "vap": "58", "pvap": "   0,15", "e": "N", "st": "N\u00e3o eleito"}, {"seq": "158", "n": "15610", "vap": "50", "pvap": "   0,13", "e": "N", "st": "N\u00e3o eleito"}, {"seq": "161", "n": "15680", "vap": "43", "pvap": "   0,11", "e": "N", "st": "N\u00e3o eleito"}, {"seq": "155", "n": "15200", "vap": "68", "pvap": "   0,18", "e": "N", "st": "N\u00e3o eleito"}, {"seq": "154", "n": "15500", "vap": "74", "pvap": "   0,19", "e": "N", "st": "N\u00e3o eleito"}, {"seq": "156", "n": "15612", "vap": "64", "pvap": "   0,17", "e": "N", "st": "N\u00e3o eleito"}, {"seq": "170", "n": "90456", "vap": "22", "pvap": "   0,06", "e": "N", "st": "N\u00e3o eleito"}, {"seq": "175", "n": "90900", "vap": "13", "pvap": "   0,03", "e": "N", "st": "N\u00e3o eleito"}, {"seq": "166", "n": "90000", "vap": "29", "pvap": "   0,08", "e": "N", "st": "N\u00e3o eleito"}, {"seq": "153", "n": "90500", "vap": "81", "pvap": "   0,21", "e": "N", "st": "N\u00e3o eleito"}, {"seq": "159", "n": "90222", "vap": "48", "pvap": "   0,13", "e": "N", "st": "N\u00e3o eleito"}, {"seq": "171", "n": "90888", "vap": "19", "pvap": "   0,05", "e": "N", "st": "N\u00e3o eleito"}, {"seq": "149", "n": "90111", "vap": "238", "pvap": "   0,63", "e": "N", "st": "N\u00e3o eleito"}, {"seq": "152", "n": "90090", "vap": "113", "pvap": "   0,30", "e": "N", "st": "N\u00e3o eleito"}, {"seq": "176", "n": "90042", "vap": "13", "pvap": "   0,03", "e": "N", "st": "N\u00e3o eleito"}, {"seq": "167", "n": "90001", "vap": "28", "pvap": "   0,07", "e": "N", "st": "N\u00e3o eleito"}, {"seq": "148", "n": "90999", "vap": "299", "pvap": "   0,79", "e": "N", "st": "N\u00e3o eleito"}, {"seq": "178", "n": "90775", "vap": "5", "pvap": "   0,01", "e": "N", "st": "N\u00e3o eleito"}, {"seq": "147", "n": "90123", "vap": "370", "pvap": "   0,97", "e": "N", "st": "N\u00e3o eleito"}, {"seq": "173", "n": "13131", "vap": "15", "pvap": "   0,04", "e": "N", "st": "N\u00e3o eleito"}, {"seq": "150", "n": "13013", "vap": "195", "pvap": "   0,51", "e": "N", "st": "N\u00e3o eleito"}, {"seq": "162", "n": "13113", "vap": "39", "pvap": "   0,10", "e": "N", "st": "N\u00e3o eleito"}, {"seq": "177", "n": "13154", "vap": "10", "pvap": "   0,03", "e": "N", "st": "N\u00e3o eleito"}, {"seq": "172", "n": "13456", "vap": "15", "pvap": "   0,04", "e": "N", "st": "N\u00e3o eleito"}, {"seq": "169", "n": "13143", "vap": "23", "pvap": "   0,06", "e": "N", "st": "N\u00e3o eleito"}, {"seq": "67", "n": "20345", "vap": "134", "pvap": "   0,35", "e": "N", "st": "Suplente"}, {"seq": "34", "n": "20200", "vap": "308", "pvap": "   0,81", "e": "N", "st": "Suplente"}, {"seq": "113", "n": "20122", "vap": "48", "pvap": "   0,13", "e": "N", "st": "Suplente"}, {"seq": "25", "n": "20555", "vap": "385", "pvap": "   1,01", "e": "N", "st": "Suplente"}, {"seq": "5", "n": "20000", "vap": "869", "pvap": "   2,29", "e": "S", "st": "Eleito"}, {"seq": "50", "n": "20111", "vap": "205", "pvap": "   0,54", "e": "N", "st": "Suplente"}, {"seq": "133", "n": "20700", "vap": "19", "pvap": "   0,05", "e": "N", "st": "Suplente"}, {"seq": "1", "n": "20123", "vap": "2367", "pvap": "   6,23", "e": "S", "st": "Eleito"}, {"seq": "69", "n": "20222", "vap": "129", "pvap": "   0,34", "e": "N", "st": "Suplente"}, {"seq": "14", "n": "20020", "vap": "840", "pvap": "   2,21", "e": "N", "st": "Suplente"}, {"seq": "79", "n": "20030", "vap": "103", "pvap": "   0,27", "e": "N", "st": "Suplente"}, {"seq": "96", "n": "20055", "vap": "76", "pvap": "   0,20", "e": "N", "st": "Suplente"}, {"seq": "131", "n": "20333", "vap": "24", "pvap": "   0,06", "e": "N", "st": "Suplente"}, {"seq": "123", "n": "20444", "vap": "33", "pvap": "   0,09", "e": "N", "st": "Suplente"}, {"seq": "28", "n": "20100", "vap": "356", "pvap": "   0,94", "e": "N", "st": "Suplente"}, {"seq": "4", "n": "20456", "vap": "1041", "pvap": "   2,74", "e": "S", "st": "Eleito"}, {"seq": "106", "n": "20110", "vap": "60", "pvap": "   0,16", "e": "N", "st": "Suplente"}, {"seq": "121", "n": "20133", "vap": "36", "pvap": "   0,09", "e": "N", "st": "Suplente"}, {"seq": "40", "n": "20777", "vap": "266", "pvap": "   0,70", "e": "N", "st": "Suplente"}, {"seq": "88", "n": "20888", "vap": "87", "pvap": "   0,23", "e": "N", "st": "Suplente"}]}]}