{"ele": "426", "carper": "13", "t": "1", "f": "O", "esae": "N", "mnae": " ", "dg": "15/11/2020", "hg": "23:08:03", "dv": "S", "nadf": "pr78697-c0013-e000426-001-f", "abr": [{"dt": "15/11/2020", "ht": "22:21:57", "tf": "S", "and": "F", "tpabr": "MU", "cdabr": "78697", "s": "17", "st": "17", "snt": "0", "si": "17", "sni": "0", "sa": "17", "sna": "0", "pst": " 100,00", "psnt": "   0,00", "psi": " 100,00", "psni": "   0,00", "psa": " 100,00", "psna": "   0,00", "e": "8239", "ea": "8239", "ena": "0", "esi": "8239", "esni": "0", "c": "6519", "a": "1720", "pea": " 100,00", "pena": "   0,00", "pesi": " 100,00", "pesni": "   0,00", "pa": "  20,88", "pc": "  79,12", "vscv": "0", "vnom": "5590", "vl": "341", "tv": "6519", "vvc": "6168", "vb": "112", "tvn": "239", "vn": "239", "vnt": "0", "vp": "0", "vv": "5931", "van": "0", "vansj": "237", "pvnom": "  94,25", "pvl": "   5,75", "pvvc": "  94,62", "pvb": "   1,71", "ptvn": "   3,67", "pvn": " 100,00", "pvnt": "   0,00", "pvp": "   0,00", "pvv": "  96,16", "pvan": "   0,00", "pvansj": "   3,84", "colig": [{"n": "160000094846", "tvtn": "420", "tvan": "451", "vag": "0", "tvtl": "15", "tval": "15"}, {"n": "160000152242", "tvtn": "92", "tvan": "92", "vag": "0", "tvtl": "11", "tval": "11"}, {"n": "160000094845", "tvtn": "436", "tvan": "436", "vag": "1", "tvtl": "34", "tval": "34"}, {"n": "160000139138", "tvtn": "286", "tvan": "286", "vag": "0", "tvtl": "6", "tval": "6"}, {"n": "160000139023", "tvtn": "1187", "tvan": "1187", "vag": "2", "tvtl": "152", "tval": "152"}, {"n": "160000152261", "tvtn": "28", "tvan": "109", "vag": "0", "tvtl": "2", "tval": "2"}, {"n": "160000139147", "tvtn": "1091", "tvan": "1091", "vag": "2", "tvtl": "27", "tval": "27"}, {"n": "160000094840", "tvtn": "1119", "tvan": "1244", "vag": "2", "tvtl": "76", "tval": "76"}, {"n": "160000139079", "tvtn": "931", "tvan": "931", "vag": "2", "tvtl": "18", "tval": "18"}], "part": [{"n": "25", "tvtn": "420", "tvan": "451", "tvtl": "15", "tval": "15"}, {"n": "22", "tvtn": "92", "tvan": "92", "tvtl": "11", "tval": "11"}, {"n": "11", "tvtn": "436", "tvan": "436", "tvtl": "34", "tval": "34"}, {"n": "36", "tvtn": "286", "tvan": "286", "tvtl": "6", "tval": "6"}, {"n": "14", "tvtn": "1187", "tvan": "1187", "tvtl": "152", "tval": "152"}, {"n": "43", "tvtn": "28", "tvan": "109", "tvtl": "2", "tval": "2"}, {"n": "55", "tvtn": "1091", "tvan": "1091", "tvtl": "27", "tval": "27"}, {"n": "90", "tvtn": "1119", "tvan": "1244", "tvtl": "76", "tval": "76"}, {"n": "15", "tvtn": "931", "tvan": "931", "tvtl": "18", "tval": "18"}], "cand": [{"seq": "70", "n": "25876", "vap": "9", "pvap": "   0,15", "e": "N", "st": "N\u00e3o eleito"}, {"seq": "58", "n": "25333", "vap": "31", "pvap": "   0,50", "e": "N", "st": "N\u00e3o eleito"}, {"seq": "55", "n": "25678", "vap": "34", "pvap": "   0,55", "e": "N", "st": "N\u00e3o eleito"}, {"seq": "62", "n": "25555", "vap": "15", "pvap": "   0,24", "e": "N", "st": "N\u00e3o eleito"}, {"seq": "57", "n": "25888", "vap": "31", "pvap": "   0,50", "e": "N", "st": "N\u00e3o eleito"}, {"seq": "51", "n": "25777", "vap": "108", "pvap": "   1,75", "e": "N", "st": "N\u00e3o eleito"}, {"seq": "49", "n": "25123", "vap": "127", "pvap": "   2,06", "e": "N", "st": "N\u00e3o eleito"}, {"seq": "52", "n": "25456", "vap": "72", "pvap": "   1,17", "e": "N", "st": "N\u00e3o eleito"}, {"seq": "59", "n": "25255", "vap": "24", "pvap": "   0,39", "e": "N", "st": "N\u00e3o eleito"}, {"seq": "54", "n": "22011", "vap": "52", "pvap": "   0,84", "e": "N", "st": "N\u00e3o eleito"}, {"seq": "66", "n": "22124", "vap": "12", "pvap": "   0,19", "e": "N", "st": "N\u00e3o eleito"}, {"seq": "67", "n": "22640", "vap": "12", "pvap": "   0,19", "e": "N", "st": "N\u00e3o eleito"}, {"seq": "64", "n": "22022", "vap": "14", "pvap": "   0,23", "e": "N", "st": "N\u00e3o eleito"}, {"seq": "73", "n": "22468", "vap": "2", "pvap": "   0,03", "e": "N", "st": "N\u00e3o eleito"}, {"seq": "37", "n": "11224", "vap": "15", "pvap": "   0,24", "e": "N", "st": "Suplente"}, {"seq": "9", "n": "11011", "vap": "138", "pvap": "   2,24", "e": "S", "st": "Eleito"}, {"seq": "16", "n": "11333", "vap": "128", "pvap": "   2,08", "e": "N", "st": "Suplente"}, {"seq": "31", "n": "11222", "vap": "41", "pvap": "   0,66", "e": "N", "st": "Suplente"}, {"seq": "45", "n": "11123", "vap": "6", "pvap": "   0,10", "e": "N", "st": "Suplente"}, {"seq": "34", "n": "11232", "vap": "35", "pvap": "   0,57", "e": "N", "st": "Suplente"}, {"seq": "36", "n": "11111", "vap": "18", "pvap": "   0,29", "e": "N", "st": "Suplente"}, {"seq": "26", "n": "11362", "vap": "55", "pvap": "   0,89", "e": "N", "st": "Suplente"}, {"seq": "56", "n": "36500", "vap": "34", "pvap": "   0,55", "e": "N", "st": "N\u00e3o eleito"}, {"seq": "63", "n": "36566", "vap": "14", "pvap": "   0,23", "e": "N", "st": "N\u00e3o eleito"}, {"seq": "60", "n": "36777", "vap": "19", "pvap": "   0,31", "e": "N", "st": "N\u00e3o eleito"}, {"seq": "69", "n": "36555", "vap": "11", "pvap": "   0,18", "e": "N", "st": "N\u00e3o eleito"}, {"seq": "48", "n": "36123", "vap": "199", "pvap": "   3,23", "e": "N", "st": "N\u00e3o eleito"}, {"seq": "71", "n": "36789", "vap": "9", "pvap": "   0,15", "e": "N", "st": "N\u00e3o eleito"}, {"seq": "7", "n": "14789", "vap": "178", "pvap": "   2,89", "e": "S", "st": "Eleito"}, {"seq": "20", "n": "14444", "vap": "96", "pvap": "   1,56", "e": "N", "st": "Suplente"}, {"seq": "29", "n": "14888", "vap": "47", "pvap": "   0,76", "e": "N", "st": "Suplente"}, {"seq": "15", "n": "14164", "vap": "141", "pvap": "   2,29", "e": "N", "st": "Suplente"}, {"seq": "43", "n": "14555", "vap": "11", "pvap": "   0,18", "e": "N", "st": "Suplente"}, {"seq": "6", "n": "14472", "vap": "220", "pvap": "   3,57", "e": "S", "st": "Eleito"}, {"seq": "40", "n": "14255", "vap": "15", "pvap": "   0,24", "e": "N", "st": "Suplente"}, {"seq": "23", "n": "14000", "vap": "63", "pvap": "   1,02", "e": "N", "st": "Suplente"}, {"seq": "28", "n": "14123", "vap": "52", "pvap": "   0,84", "e": "N", "st": "Suplente"}, {"seq": "22", "n": "14333", "vap": "71", "pvap": "   1,15", "e": "N", "st": "Suplente"}, {"seq": "39", "n": "14567", "vap": "15", "pvap": "   0,24", "e": "N", "st": "Suplente"}, {"seq": "17", "n": "14670", "vap": "115", "pvap": "   1,86", "e": "N", "st": "Suplente"}, {"seq": "12", "n": "14111", "vap": "163", "pvap": "   2,64", "e": "N", "st": "Suplente"}, {"seq": "72", "n": "43500", "vap": "6", "pvap": "   0,10", "e": "N", "st": "N\u00e3o eleito"}, {"seq": "61", "n": "43620", "vap": "16", "pvap": "   0,26", "e": "N", "st": "N\u00e3o eleito"}, {"seq": "74", "n": "43123", "vap": "0", "pvap": "00.00", "e": "N", "st": "N\u00e3o eleito"}, {"seq": "53", "n": "43063", "vap": "64", "pvap": "   1,04", "e": "N", "st": "N\u00e3o eleito"}, {"seq": "65", "n": "43421", "vap": "12", "pvap": "   0,19", "e": "N", "st": "N\u00e3o eleito"}, {"seq": "68", "n": "43043", "vap": "11", "pvap": "   0,18", "e": "N", "st": "N\u00e3o eleito"}, {"seq": "46", "n": "55000", "vap": "6", "pvap": "   0,10", "e": "N", "st": "Suplente"}, {"seq": "13", "n": "55678", "vap": "158", "pvap": "   2,56", "e": "N", "st": "Suplente"}, {"seq": "33", "n": "55345", "vap": "36", "pvap": "   0,58", "e": "N", "st": "Suplente"}, {"seq": "24", "n": "55111", "vap": "57", "pvap": "   0,92", "e": "N", "st": "Suplente"}, {"seq": "5", "n": "55222", "vap": "227", "pvap": "   3,68", "e": "S", "st": "Eleito"}, {"seq": "19", "n": "55555", "vap": "106", "pvap": "   1,72", "e": "N", "st": "Suplente"}, {"seq": "4", "n": "55123", "vap": "276", "pvap": "   4,47", "e": "S", "st": "Eleito"}, {"seq": "35", "n": "55100", "vap": "26", "pvap": "   0,42", "e": "N", "st": "Suplente"}, {"seq": "11", "n": "55234", "vap": "199", "pvap": "   3,23", "e": "N", "st": "Suplente"}, {"seq": "1", "n": "90789", "vap": "380", "pvap": "   6,16", "e": "S", "st": "Eleito"}, {"seq": "10", "n": "90345", "vap": "217", "pvap": "   3,52", "e": "N", "st": "Suplente"}, {"seq": "2", "n": "90123", "vap": "367", "pvap": "   5,95", "e": "S", "st": "Eleito"}, {"seq": "25", "n": "90555", "vap": "57", "pvap": "   0,92", "e": "N", "st": "Suplente"}, {"seq": "30", "n": "90131", "vap": "44", "pvap": "   0,71", "e": "N", "st": "Suplente"}, {"seq": "38", "n": "90610", "vap": "15", "pvap": "   0,24", "e": "N", "st": "Suplente"}, {"seq": "50", "n": "90333", "vap": "125", "pvap": "   2,03", "e": "N", "st": "N\u00e3o eleito"}, {"seq": "32", "n": "90678", "vap": "39", "pvap": "   0,63", "e": "N", "st": "Suplente"}, {"seq": "41", "n": "15222", "vap": "13", "pvap": "   0,21", "e": "N", "st": "Suplente"}, {"seq": "47", "n": "15215", "vap": "4", "pvap": "   0,06", "e": "N", "st": "Suplente"}, {"seq": "44", "n": "15000", "vap": "7", "pvap": "   0,11", "e": "N", "st": "Suplente"}, {"seq": "42", "n": "15151", "vap": "12", "pvap": "   0,19", "e": "N", "st": "Suplente"}, {"seq": "27", "n": "15123", "vap": "55", "pvap": "   0,89", "e": "N", "st": "Suplente"}, {"seq": "21", "n": "15678", "vap": "75", "pvap": "   1,22", "e": "N", "st": "Suplente"}, {"seq": "18", "n": "15333", "vap": "113", "pvap": "   1,83", "e": "N", "st": "Suplente"}, {"seq": "3", "n": "15115", "vap": "338", "pvap": "   5,48", "e": "S", "st": "Eleito"}, {"seq": "14", "n": "15555", "vap": "145", "pvap": "   2,35", "e": "N", "st": "Suplente"}, {"seq": "8", "n": "15777", "vap": "169", "pvap": "   2,74", "e": "S", "st": "Eleito"}]}, {"dt": "15/11/2020", "ht": "22:21:57", "tf": "S", "and": "F", "tpabr": "ZONA", "cdabr": "63", "s": "17", "st": "17", "snt": "0", "si": "17", "sni": "0", "sa": "17", "sna": "0", "pst": " 100,00", "psnt": "   0,00", "psi": " 100,00", "psni": "   0,00", "psa": " 100,00", "psna": "   0,00", "e": "8239", "ea": "8239", "ena": "0", "esi": "8239", "esni": "0", "a": "1720", "c": "6519", "pea": " 100,00", "pena": "   0,00", "pesi": " 100,00", "pesni": "   0,00", "pa": "  20,88", "pc": "  79,12", "vnom": "5590", "vscv": "0", "vl": "341", "tv": "6519", "vvc": "6168", "vb": "112", "tvn": "239", "vn": "239", "vnt": "0", "vp": "0", "vv": "5931", "van": "0", "vansj": "237", "pvnom": "  94,25", "pvl": "   5,75", "pvvc": "  94,62", "pvb": "   1,71", "ptvn": "   3,67", "pvn": " 100,00", "pvnt": "   0,00", "pvp": "   0,00", "pvv": "  96,16", "pvan": "   0,00", "pvansj": "   3,84", "cand": [{"seq": "54", "n": "22011", "vap": "52", "pvap": "   0,84", "e": "N", "st": "N\u00e3o eleito"}, {"seq": "64", "n": "22022", "vap": "14", "pvap": "   0,23", "e": "N", "st": "N\u00e3o eleito"}, {"seq": "66", "n": "22124", "vap": "12", "pvap": "   0,19", "e": "N", "st": "N\u00e3o eleito"}, {"seq": "67", "n": "22640", "vap": "12", "pvap": "   0,19", "e": "N", "st": "N\u00e3o eleito"}, {"seq": "73", "n": "22468", "vap": "2", "pvap": "   0,03", "e": "N", "st": "N\u00e3o eleito"}, {"seq": "6", "n": "14472", "vap": "220", "pvap": "   3,57", "e": "S", "st": "Eleito"}, {"seq": "7", "n": "14789", "vap": "178", "pvap": "   2,89", "e": "S", "st": "Eleito"}, {"seq": "12", "n": "14111", "vap": "163", "pvap": "   2,64", "e": "N", "st": "Suplente"}, {"seq": "15", "n": "14164", "vap": "141", "pvap": "   2,29", "e": "N", "st": "Suplente"}, {"seq": "17", "n": "14670", "vap": "115", "pvap": "   1,86", "e": "N", "st": "Suplente"}, {"seq": "20", "n": "14444", "vap": "96", "pvap": "   1,56", "e": "N", "st": "Suplente"}, {"seq": "22", "n": "14333", "vap": "71", "pvap": "   1,15", "e": "N", "st": "Suplente"}, {"seq": "23", "n": "14000", "vap": "63", "pvap": "   1,02", "e": "N", "st": "Suplente"}, {"seq": "28", "n": "14123", "vap": "52", "pvap": "   0,84", "e": "N", "st": "Suplente"}, {"seq": "29", "n": "14888", "vap": "47", "pvap": "   0,76", "e": "N", "st": "Suplente"}, {"seq": "39", "n": "14567", "vap": "15", "pvap": "   0,24", "e": "N", "st": "Suplente"}, {"seq": "40", "n": "14255", "vap": "15", "pvap": "   0,24", "e": "N", "st": "Suplente"}, {"seq": "43", "n": "14555", "vap": "11", "pvap": "   0,18", "e": "N", "st": "Suplente"}, {"seq": "1", "n": "90789", "vap": "380", "pvap": "   6,16", "e": "S", "st": "Eleito"}, {"seq": "2", "n": "90123", "vap": "367", "pvap": "   5,95", "e": "S", "st": "Eleito"}, {"seq": "10", "n": "90345", "vap": "217", "pvap": "   3,52", "e": "N", "st": "Suplente"}, {"seq": "25", "n": "90555", "vap": "57", "pvap": "   0,92", "e": "N", "st": "Suplente"}, {"seq": "30", "n": "90131", "vap": "44", "pvap": "   0,71", "e": "N", "st": "Suplente"}, {"seq": "32", "n": "90678", "vap": "39", "pvap": "   0,63", "e": "N", "st": "Suplente"}, {"seq": "38", "n": "90610", "vap": "15", "pvap": "   0,24", "e": "N", "st": "Suplente"}, {"seq": "50", "n": "90333", "vap": "125", "pvap": "   2,03", "e": "N", "st": "N\u00e3o eleito"}, {"seq": "9", "n": "11011", "vap": "138", "pvap": "   2,24", "e": "S", "st": "Eleito"}, {"seq": "16", "n": "11333", "vap": "128", "pvap": "   2,08", "e": "N", "st": "Suplente"}, {"seq": "26", "n": "11362", "vap": "55", "pvap": "   0,89", "e": "N", "st": "Suplente"}, {"seq": "31", "n": "11222", "vap": "41", "pvap": "   0,66", "e": "N", "st": "Suplente"}, {"seq": "34", "n": "11232", "vap": "35", "pvap": "   0,57", "e": "N", "st": "Suplente"}, {"seq": "36", "n": "11111", "vap": "18", "pvap": "   0,29", "e": "N", "st": "Suplente"}, {"seq": "37", "n": "11224", "vap": "15", "pvap": "   0,24", "e": "N", "st": "Suplente"}, {"seq": "45", "n": "11123", "vap": "6", "pvap": "   0,10", "e": "N", "st": "Suplente"}, {"seq": "3", "n": "15115", "vap": "338", "pvap": "   5,48", "e": "S", "st": "Eleito"}, {"seq": "8", "n": "15777", "vap": "169", "pvap": "   2,74", "e": "S", "st": "Eleito"}, {"seq": "14", "n": "15555", "vap": "145", "pvap": "   2,35", "e": "N", "st": "Suplente"}, {"seq": "18", "n": "15333", "vap": "113", "pvap": "   1,83", "e": "N", "st": "Suplente"}, {"seq": "21", "n": "15678", "vap": "75", "pvap": "   1,22", "e": "N", "st": "Suplente"}, {"seq": "27", "n": "15123", "vap": "55", "pvap": "   0,89", "e": "N", "st": "Suplente"}, {"seq": "41", "n": "15222", "vap": "13", "pvap": "   0,21", "e": "N", "st": "Suplente"}, {"seq": "42", "n": "15151", "vap": "12", "pvap": "   0,19", "e": "N", "st": "Suplente"}, {"seq": "44", "n": "15000", "vap": "7", "pvap": "   0,11", "e": "N", "st": "Suplente"}, {"seq": "47", "n": "15215", "vap": "4", "pvap": "   0,06", "e": "N", "st": "Suplente"}, {"seq": "4", "n": "55123", "vap": "276", "pvap": "   4,47", "e": "S", "st": "Eleito"}, {"seq": "5", "n": "55222", "vap": "227", "pvap": "   3,68", "e": "S", "st": "Eleito"}, {"seq": "11", "n": "55234", "vap": "199", "pvap": "   3,23", "e": "N", "st": "Suplente"}, {"seq": "13", "n": "55678", "vap": "158", "pvap": "   2,56", "e": "N", "st": "Suplente"}, {"seq": "19", "n": "55555", "vap": "106", "pvap": "   1,72", "e": "N", "st": "Suplente"}, {"seq": "24", "n": "55111", "vap": "57", "pvap": "   0,92", "e": "N", "st": "Suplente"}, {"seq": "33", "n": "55345", "vap": "36", "pvap": "   0,58", "e": "N", "st": "Suplente"}, {"seq": "35", "n": "55100", "vap": "26", "pvap": "   0,42", "e": "N", "st": "Suplente"}, {"seq": "46", "n": "55000", "vap": "6", "pvap": "   0,10", "e": "N", "st": "Suplente"}, {"seq": "53", "n": "43063", "vap": "64", "pvap": "   1,04", "e": "N", "st": "N\u00e3o eleito"}, {"seq": "61", "n": "43620", "vap": "16", "pvap": "   0,26", "e": "N", "st": "N\u00e3o eleito"}, {"seq": "65", "n": "43421", "vap": "12", "pvap": "   0,19", "e": "N", "st": "N\u00e3o eleito"}, {"seq": "68", "n": "43043", "vap": "11", "pvap": "   0,18", "e": "N", "st": "N\u00e3o eleito"}, {"seq": "72", "n": "43500", "vap": "6", "pvap": "   0,10", "e": "N", "st": "N\u00e3o eleito"}, {"seq": "74", "n": "43123", "vap": "0", "pvap": "00.00", "e": "N", "st": "N\u00e3o eleito"}, {"seq": "49", "n": "25123", "vap": "127", "pvap": "   2,06", "e": "N", "st": "N\u00e3o eleito"}, {"seq": "51", "n": "25777", "vap": "108", "pvap": "   1,75", "e": "N", "st": "N\u00e3o eleito"}, {"seq": "52", "n": "25456", "vap": "72", "pvap": "   1,17", "e": "N", "st": "N\u00e3o eleito"}, {"seq": "55", "n": "25678", "vap": "34", "pvap": "   0,55", "e": "N", "st": "N\u00e3o eleito"}, {"seq": "57", "n": "25888", "vap": "31", "pvap": "   0,50", "e": "N", "st": "N\u00e3o eleito"}, {"seq": "58", "n": "25333", "vap": "31", "pvap": "   0,50", "e": "N", "st": "N\u00e3o eleito"}, {"seq": "59", "n": "25255", "vap": "24", "pvap": "   0,39", "e": "N", "st": "N\u00e3o eleito"}, {"seq": "62", "n": "25555", "vap": "15", "pvap": "   0,24", "e": "N", "st": "N\u00e3o eleito"}, {"seq": "70", "n": "25876", "vap": "9", "pvap": "   0,15", "e": "N", "st": "N\u00e3o eleito"}, {"seq": "48", "n": "36123", "vap": "199", "pvap": "   3,23", "e": "N", "st": "N\u00e3o eleito"}, {"seq": "56", "n": "36500", "vap": "34", "pvap": "   0,55", "e": "N", "st": "N\u00e3o eleito"}, {"seq": "60", "n": "36777", "vap": "19", "pvap": "   0,31", "e": "N", "st": "N\u00e3o eleito"}, {"seq": "63", "n": "36566", "vap": "14", "pvap": "   0,23", "e": "N", "st": "N\u00e3o eleito"}, {"seq": "69", "n": "36555", "vap": "11", "pvap": "   0,18", "e": "N", "st": "N\u00e3o eleito"}, {"seq": "71", "n": "36789", "vap": "9", "pvap": "   0,15", "e": "N", "st": "N\u00e3o eleito"}]}]}