{"ele": "426", "carper": "13", "t": "1", "f": "O", "esae": "N", "mnae": " ", "dg": "15/11/2020", "hg": "23:04:41", "dv": "S", "nadf": "rj58599-c0013-e000426-003-f", "abr": [{"dt": "15/11/2020", "ht": "22:25:11", "tf": "S", "and": "F", "tpabr": "MU", "cdabr": "58599", "s": "65", "st": "65", "snt": "0", "si": "65", "sni": "0", "sa": "65", "sna": "0", "pst": " 100,00", "psnt": "   0,00", "psi": " 100,00", "psni": "   0,00", "psa": " 100,00", "psna": "   0,00", "e": "22900", "ea": "22900", "ena": "0", "esi": "22900", "esni": "0", "c": "17434", "a": "5466", "pea": " 100,00", "pena": "   0,00", "pesi": " 100,00", "pesni": "   0,00", "pa": "  23,87", "pc": "  76,13", "vscv": "0", "vnom": "15755", "vl": "694", "tv": "17434", "vvc": "16461", "vb": "343", "tvn": "630", "vn": "563", "vnt": "67", "vp": "0", "vv": "16449", "van": "0", "vansj": "12", "pvnom": "  95,78", "pvl": "   4,22", "pvvc": "  94,42", "pvb": "   1,97", "ptvn": "   3,61", "pvn": "  89,37", "pvnt": "  10,63", "pvp": "   0,00", "pvv": "  99,93", "pvan": "   0,00", "pvansj": "   0,07", "colig": [{"n": "190000137399", "tvtn": "42", "tvan": "42", "vag": "0", "tvtl": "5", "tval": "5"}, {"n": "190000128544", "tvtn": "2575", "tvan": "2575", "vag": "2", "tvtl": "60", "tval": "60"}, {"n": "190000128977", "tvtn": "122", "tvan": "165", "vag": "0", "tvtl": "11", "tval": "11"}, {"n": "190000128725", "tvtn": "611", "tvan": "611", "vag": "0", "tvtl": "45", "tval": "45"}, {"n": "190000131909", "tvtn": "2060", "tvan": "2060", "vag": "2", "tvtl": "53", "tval": "53"}, {"n": "190000105758", "tvtn": "2767", "tvan": "2769", "vag": "2", "tvtl": "45", "tval": "45"}, {"n": "190000131685", "tvtn": "1578", "tvan": "1578", "vag": "1", "tvtl": "20", "tval": "20"}, {"n": "190000131206", "tvtn": "0", "tvan": "26", "vag": "0", "tvtl": "12", "tval": "12"}, {"n": "190000129168", "tvtn": "751", "tvan": "751", "vag": "0", "tvtl": "205", "tval": "205"}, {"n": "190000129277", "tvtn": "185", "tvan": "185", "vag": "0", "tvtl": "5", "tval": "5"}, {"n": "190000084802", "tvtn": "2813", "tvan": "2821", "vag": "2", "tvtl": "203", "tval": "203"}, {"n": "190000128323", "tvtn": "2251", "tvan": "2251", "vag": "2", "tvtl": "30", "tval": "30"}], "part": [{"n": "27", "tvtn": "42", "tvan": "42", "tvtl": "5", "tval": "5"}, {"n": "11", "tvtn": "2575", "tvan": "2575", "tvtl": "60", "tval": "60"}, {"n": "25", "tvtn": "122", "tvan": "122", "tvtl": "11", "tval": "11"}, {"n": "12", "tvtn": "611", "tvan": "611", "tvtl": "45", "tval": "45"}, {"n": "22", "tvtn": "2060", "tvan": "2060", "tvtl": "53", "tval": "53"}, {"n": "20", "tvtn": "2767", "tvan": "2767", "tvtl": "45", "tval": "45"}, {"n": "55", "tvtn": "1578", "tvan": "1578", "tvtl": "20", "tval": "20"}, {"n": "14", "tvtn": "0", "tvan": "12", "tvtl": "12", "tval": "12"}, {"n": "35", "tvtn": "751", "tvan": "751", "tvtl": "205", "tval": "205"}, {"n": "40", "tvtn": "185", "tvan": "185", "tvtl": "5", "tval": "5"}, {"n": "77", "tvtn": "2813", "tvan": "2813", "tvtl": "203", "tval": "203"}, {"n": "10", "tvtn": "2251", "tvan": "2251", "tvtl": "30", "tval": "30"}], "cand": [{"seq": "131", "n": "27027", "vap": "9", "pvap": "   0,05", "e": "N", "st": "N\u00e3o eleito"}, {"seq": "111", "n": "27777", "vap": "33", "pvap": "   0,20", "e": "N", "st": "N\u00e3o eleito"}, {"seq": "79", "n": "11187", "vap": "22", "pvap": "   0,13", "e": "N", "st": "Suplente"}, {"seq": "5", "n": "11011", "vap": "539", "pvap": "   3,27", "e": "S", "st": "Eleito"}, {"seq": "39", "n": "11321", "vap": "103", "pvap": "   0,63", "e": "N", "st": "Suplente"}, {"seq": "47", "n": "11878", "vap": "79", "pvap": "   0,48", "e": "N", "st": "Suplente"}, {"seq": "68", "n": "11511", "vap": "40", "pvap": "   0,24", "e": "N", "st": "Suplente"}, {"seq": "56", "n": "11777", "vap": "49", "pvap": "   0,30", "e": "N", "st": "Suplente"}, {"seq": "46", "n": "11611", "vap": "79", "pvap": "   0,48", "e": "N", "st": "Suplente"}, {"seq": "15", "n": "11111", "vap": "296", "pvap": "   1,80", "e": "N", "st": "Suplente"}, {"seq": "13", "n": "11345", "vap": "423", "pvap": "   2,57", "e": "N", "st": "Suplente"}, {"seq": "71", "n": "11101", "vap": "36", "pvap": "   0,22", "e": "N", "st": "Suplente"}, {"seq": "53", "n": "11456", "vap": "59", "pvap": "   0,36", "e": "N", "st": "Suplente"}, {"seq": "64", "n": "11012", "vap": "43", "pvap": "   0,26", "e": "N", "st": "Suplente"}, {"seq": "28", "n": "11555", "vap": "157", "pvap": "   0,95", "e": "N", "st": "Suplente"}, {"seq": "38", "n": "11929", "vap": "110", "pvap": "   0,67", "e": "N", "st": "Suplente"}, {"seq": "6", "n": "11222", "vap": "473", "pvap": "   2,87", "e": "S", "st": "Eleito"}, {"seq": "50", "n": "11500", "vap": "67", "pvap": "   0,41", "e": "N", "st": "Suplente"}, {"seq": "115", "n": "25444", "vap": "25", "pvap": "   0,15", "e": "N", "st": "N\u00e3o eleito"}, {"seq": "121", "n": "25666", "vap": "18", "pvap": "   0,11", "e": "N", "st": "N\u00e3o eleito"}, {"seq": "132", "n": "25561", "vap": "9", "pvap": "   0,05", "e": "N", "st": "N\u00e3o eleito"}, {"seq": "134", "n": "25888", "vap": "9", "pvap": "   0,05", "e": "N", "st": "N\u00e3o eleito"}, {"seq": "128", "n": "25777", "vap": "11", "pvap": "   0,07", "e": "N", "st": "N\u00e3o eleito"}, {"seq": "133", "n": "25025", "vap": "9", "pvap": "   0,05", "e": "N", "st": "N\u00e3o eleito"}, {"seq": "130", "n": "25555", "vap": "10", "pvap": "   0,06", "e": "N", "st": "N\u00e3o eleito"}, {"seq": "124", "n": "25999", "vap": "16", "pvap": "   0,10", "e": "N", "st": "N\u00e3o eleito"}, {"seq": "125", "n": "25123", "vap": "15", "pvap": "   0,09", "e": "N", "st": "N\u00e3o eleito"}, {"seq": "145", "n": "12013", "vap": "2", "pvap": "   0,01", "e": "N", "st": "N\u00e3o eleito"}, {"seq": "144", "n": "12626", "vap": "2", "pvap": "   0,01", "e": "N", "st": "N\u00e3o eleito"}, {"seq": "104", "n": "12980", "vap": "52", "pvap": "   0,32", "e": "N", "st": "N\u00e3o eleito"}, {"seq": "119", "n": "12166", "vap": "18", "pvap": "   0,11", "e": "N", "st": "N\u00e3o eleito"}, {"seq": "102", "n": "12200", "vap": "113", "pvap": "   0,69", "e": "N", "st": "N\u00e3o eleito"}, {"seq": "135", "n": "12100", "vap": "8", "pvap": "   0,05", "e": "N", "st": "N\u00e3o eleito"}, {"seq": "123", "n": "12349", "vap": "16", "pvap": "   0,10", "e": "N", "st": "N\u00e3o eleito"}, {"seq": "97", "n": "12345", "vap": "185", "pvap": "   1,12", "e": "N", "st": "N\u00e3o eleito"}, {"seq": "129", "n": "12155", "vap": "11", "pvap": "   0,07", "e": "N", "st": "N\u00e3o eleito"}, {"seq": "98", "n": "12777", "vap": "155", "pvap": "   0,94", "e": "N", "st": "N\u00e3o eleito"}, {"seq": "107", "n": "12222", "vap": "45", "pvap": "   0,27", "e": "N", "st": "N\u00e3o eleito"}, {"seq": "140", "n": "12987", "vap": "4", "pvap": "   0,02", "e": "N", "st": "N\u00e3o eleito"}, {"seq": "7", "n": "22222", "vap": "473", "pvap": "   2,87", "e": "S", "st": "Eleito"}, {"seq": "61", "n": "22189", "vap": "45", "pvap": "   0,27", "e": "N", "st": "Suplente"}, {"seq": "60", "n": "22666", "vap": "45", "pvap": "   0,27", "e": "N", "st": "Suplente"}, {"seq": "83", "n": "22999", "vap": "19", "pvap": "   0,12", "e": "N", "st": "Suplente"}, {"seq": "91", "n": "22452", "vap": "13", "pvap": "   0,08", "e": "N", "st": "Suplente"}, {"seq": "59", "n": "22211", "vap": "45", "pvap": "   0,27", "e": "N", "st": "Suplente"}, {"seq": "87", "n": "22230", "vap": "16", "pvap": "   0,10", "e": "N", "st": "Suplente"}, {"seq": "4", "n": "22123", "vap": "602", "pvap": "   3,66", "e": "S", "st": "Eleito"}, {"seq": "23", "n": "22223", "vap": "182", "pvap": "   1,11", "e": "N", "st": "Suplente"}, {"seq": "66", "n": "22000", "vap": "42", "pvap": "   0,26", "e": "N", "st": "Suplente"}, {"seq": "34", "n": "22333", "vap": "129", "pvap": "   0,78", "e": "N", "st": "Suplente"}, {"seq": "48", "n": "22022", "vap": "71", "pvap": "   0,43", "e": "N", "st": "Suplente"}, {"seq": "75", "n": "22444", "vap": "31", "pvap": "   0,19", "e": "N", "st": "Suplente"}, {"seq": "74", "n": "22456", "vap": "32", "pvap": "   0,19", "e": "N", "st": "Suplente"}, {"seq": "17", "n": "22555", "vap": "286", "pvap": "   1,74", "e": "N", "st": "Suplente"}, {"seq": "88", "n": "22021", "vap": "15", "pvap": "   0,09", "e": "N", "st": "Suplente"}, {"seq": "90", "n": "22174", "vap": "14", "pvap": "   0,09", "e": "N", "st": "Suplente"}, {"seq": "1", "n": "20159", "vap": "806", "pvap": "   4,90", "e": "S", "st": "Eleito"}, {"seq": "32", "n": "20777", "vap": "142", "pvap": "   0,86", "e": "N", "st": "Suplente"}, {"seq": "51", "n": "20120", "vap": "62", "pvap": "   0,38", "e": "N", "st": "Suplente"}, {"seq": "63", "n": "20020", "vap": "44", "pvap": "   0,27", "e": "N", "st": "Suplente"}, {"seq": "33", "n": "20123", "vap": "133", "pvap": "   0,81", "e": "N", "st": "Suplente"}, {"seq": "55", "n": "20175", "vap": "51", "pvap": "   0,31", "e": "N", "st": "Suplente"}, {"seq": "3", "n": "20333", "vap": "630", "pvap": "   3,83", "e": "S", "st": "Eleito"}, {"seq": "72", "n": "20345", "vap": "35", "pvap": "   0,21", "e": "N", "st": "Suplente"}, {"seq": "84", "n": "20015", "vap": "18", "pvap": "   0,11", "e": "N", "st": "Suplente"}, {"seq": "18", "n": "20000", "vap": "280", "pvap": "   1,70", "e": "N", "st": "Suplente"}, {"seq": "20", "n": "20888", "vap": "246", "pvap": "   1,49", "e": "N", "st": "Suplente"}, {"seq": "49", "n": "20233", "vap": "68", "pvap": "   0,41", "e": "N", "st": "Suplente"}, {"seq": "62", "n": "20012", "vap": "44", "pvap": "   0,27", "e": "N", "st": "Suplente"}, {"seq": "77", "n": "20444", "vap": "28", "pvap": "   0,17", "e": "N", "st": "Suplente"}, {"seq": "24", "n": "20111", "vap": "180", "pvap": "   1,09", "e": "N", "st": "Suplente"}, {"seq": "96", "n": "55333", "vap": "7", "pvap": "   0,04", "e": "N", "st": "Suplente"}, {"seq": "80", "n": "55222", "vap": "21", "pvap": "   0,13", "e": "N", "st": "Suplente"}, {"seq": "42", "n": "55100", "vap": "97", "pvap": "   0,59", "e": "N", "st": "Suplente"}, {"seq": "26", "n": "55555", "vap": "172", "pvap": "   1,04", "e": "N", "st": "Suplente"}, {"seq": "40", "n": "55234", "vap": "100", "pvap": "   0,61", "e": "N", "st": "Suplente"}, {"seq": "70", "n": "55433", "vap": "37", "pvap": "   0,22", "e": "N", "st": "Suplente"}, {"seq": "94", "n": "55757", "vap": "12", "pvap": "   0,07", "e": "N", "st": "Suplente"}, {"seq": "93", "n": "55707", "vap": "12", "pvap": "   0,07", "e": "N", "st": "Suplente"}, {"seq": "86", "n": "55789", "vap": "17", "pvap": "   0,10", "e": "N", "st": "Suplente"}, {"seq": "10", "n": "55444", "vap": "444", "pvap": "   2,70", "e": "S", "st": "Eleito"}, {"seq": "65", "n": "55777", "vap": "42", "pvap": "   0,26", "e": "N", "st": "Suplente"}, {"seq": "25", "n": "55638", "vap": "177", "pvap": "   1,08", "e": "N", "st": "Suplente"}, {"seq": "41", "n": "55456", "vap": "99", "pvap": "   0,60", "e": "N", "st": "Suplente"}, {"seq": "19", "n": "55123", "vap": "266", "pvap": "   1,62", "e": "N", "st": "Suplente"}, {"seq": "73", "n": "55775", "vap": "34", "pvap": "   0,21", "e": "N", "st": "Suplente"}, {"seq": "67", "n": "55244", "vap": "41", "pvap": "   0,25", "e": "N", "st": "Suplente"}, {"seq": "127", "n": "14444", "vap": "12", "pvap": "   0,07", "e": "N", "st": "N\u00e3o eleito"}, {"seq": "137", "n": "35111", "vap": "7", "pvap": "   0,04", "e": "N", "st": "N\u00e3o eleito"}, {"seq": "103", "n": "35351", "vap": "83", "pvap": "   0,50", "e": "N", "st": "N\u00e3o eleito"}, {"seq": "110", "n": "35666", "vap": "33", "pvap": "   0,20", "e": "N", "st": "N\u00e3o eleito"}, {"seq": "136", "n": "35007", "vap": "8", "pvap": "   0,05", "e": "N", "st": "N\u00e3o eleito"}, {"seq": "146", "n": "35107", "vap": "0", "pvap": "00.00", "e": "N", "st": "N\u00e3o eleito"}, {"seq": "143", "n": "35222", "vap": "3", "pvap": "   0,02", "e": "N", "st": "N\u00e3o eleito"}, {"seq": "106", "n": "35555", "vap": "47", "pvap": "   0,29", "e": "N", "st": "N\u00e3o eleito"}, {"seq": "113", "n": "35777", "vap": "29", "pvap": "   0,18", "e": "N", "st": "N\u00e3o eleito"}, {"seq": "109", "n": "35550", "vap": "34", "pvap": "   0,21", "e": "N", "st": "N\u00e3o eleito"}, {"seq": "105", "n": "35143", "vap": "51", "pvap": "   0,31", "e": "N", "st": "N\u00e3o eleito"}, {"seq": "122", "n": "35000", "vap": "16", "pvap": "   0,10", "e": "N", "st": "N\u00e3o eleito"}, {"seq": "101", "n": "35123", "vap": "116", "pvap": "   0,70", "e": "N", "st": "N\u00e3o eleito"}, {"seq": "99", "n": "35444", "vap": "153", "pvap": "   0,93", "e": "N", "st": "N\u00e3o eleito"}, {"seq": "114", "n": "35678", "vap": "26", "pvap": "   0,16", "e": "N", "st": "N\u00e3o eleito"}, {"seq": "139", "n": "35100", "vap": "4", "pvap": "   0,02", "e": "N", "st": "N\u00e3o eleito"}, {"seq": "100", "n": "35333", "vap": "141", "pvap": "   0,86", "e": "N", "st": "N\u00e3o eleito"}, {"seq": "108", "n": "40333", "vap": "41", "pvap": "   0,25", "e": "N", "st": "N\u00e3o eleito"}, {"seq": "142", "n": "40000", "vap": "4", "pvap": "   0,02", "e": "N", "st": "N\u00e3o eleito"}, {"seq": "112", "n": "40040", "vap": "33", "pvap": "   0,20", "e": "N", "st": "N\u00e3o eleito"}, {"seq": "126", "n": "40712", "vap": "15", "pvap": "   0,09", "e": "N", "st": "N\u00e3o eleito"}, {"seq": "138", "n": "40777", "vap": "5", "pvap": "   0,03", "e": "N", "st": "N\u00e3o eleito"}, {"seq": "116", "n": "40789", "vap": "23", "pvap": "   0,14", "e": "N", "st": "N\u00e3o eleito"}, {"seq": "120", "n": "40123", "vap": "18", "pvap": "   0,11", "e": "N", "st": "N\u00e3o eleito"}, {"seq": "141", "n": "40666", "vap": "4", "pvap": "   0,02", "e": "N", "st": "N\u00e3o eleito"}, {"seq": "117", "n": "40234", "vap": "23", "pvap": "   0,14", "e": "N", "st": "N\u00e3o eleito"}, {"seq": "118", "n": "40679", "vap": "19", "pvap": "   0,12", "e": "N", "st": "N\u00e3o eleito"}, {"seq": "85", "n": "77190", "vap": "18", "pvap": "   0,11", "e": "N", "st": "Suplente"}, {"seq": "44", "n": "77899", "vap": "89", "pvap": "   0,54", "e": "N", "st": "Suplente"}, {"seq": "12", "n": "77222", "vap": "437", "pvap": "   2,65", "e": "N", "st": "Suplente"}, {"seq": "43", "n": "77177", "vap": "97", "pvap": "   0,59", "e": "N", "st": "Suplente"}, {"seq": "22", "n": "77111", "vap": "189", "pvap": "   1,15", "e": "N", "st": "Suplente"}, {"seq": "52", "n": "77077", "vap": "61", "pvap": "   0,37", "e": "N", "st": "Suplente"}, {"seq": "14", "n": "77444", "vap": "352", "pvap": "   2,14", "e": "N", "st": "Suplente"}, {"seq": "95", "n": "77677", "vap": "9", "pvap": "   0,05", "e": "N", "st": "Suplente"}, {"seq": "31", "n": "77000", "vap": "147", "pvap": "   0,89", "e": "N", "st": "Suplente"}, {"seq": "78", "n": "77333", "vap": "23", "pvap": "   0,14", "e": "N", "st": "Suplente"}, {"seq": "21", "n": "77778", "vap": "232", "pvap": "   1,41", "e": "N", "st": "Suplente"}, {"seq": "82", "n": "77007", "vap": "19", "pvap": "   0,12", "e": "N", "st": "Suplente"}, {"seq": "9", "n": "77277", "vap": "452", "pvap": "   2,75", "e": "S", "st": "Eleito"}, {"seq": "2", "n": "77123", "vap": "639", "pvap": "   3,88", "e": "S", "st": "Eleito"}, {"seq": "57", "n": "77110", "vap": "49", "pvap": "   0,30", "e": "N", "st": "Suplente"}, {"seq": "92", "n": "10987", "vap": "12", "pvap": "   0,07", "e": "N", "st": "Suplente"}, {"seq": "11", "n": "10180", "vap": "376", "pvap": "   2,28", "e": "S", "st": "Eleito"}, {"seq": "35", "n": "10510", "vap": "128", "pvap": "   0,78", "e": "N", "st": "Suplente"}, {"seq": "69", "n": "10222", "vap": "39", "pvap": "   0,24", "e": "N", "st": "Suplente"}, {"seq": "89", "n": "10171", "vap": "15", "pvap": "   0,09", "e": "N", "st": "Suplente"}, {"seq": "16", "n": "10190", "vap": "293", "pvap": "   1,78", "e": "N", "st": "Suplente"}, {"seq": "54", "n": "10767", "vap": "52", "pvap": "   0,32", "e": "N", "st": "Suplente"}, {"seq": "36", "n": "10011", "vap": "114", "pvap": "   0,69", "e": "N", "st": "Suplente"}, {"seq": "45", "n": "10456", "vap": "82", "pvap": "   0,50", "e": "N", "st": "Suplente"}, {"seq": "8", "n": "10123", "vap": "470", "pvap": "   2,86", "e": "S", "st": "Eleito"}, {"seq": "58", "n": "10737", "vap": "45", "pvap": "   0,27", "e": "N", "st": "Suplente"}, {"seq": "81", "n": "10022", "vap": "20", "pvap": "   0,12", "e": "N", "st": "Suplente"}, {"seq": "37", "n": "10111", "vap": "110", "pvap": "   0,67", "e": "N", "st": "Suplente"}, {"seq": "30", "n": "10333", "vap": "152", "pvap": "   0,92", "e": "N", "st": "Suplente"}, {"seq": "29", "n": "10555", "vap": "154", "pvap": "   0,94", "e": "N", "st": "Suplente"}, {"seq": "27", "n": "10777", "vap": "159", "pvap": "   0,97", "e": "N", "st": "Suplente"}, {"seq": "76", "n": "10999", "vap": "30", "pvap": "   0,18", "e": "N", "st": "Suplente"}]}, {"dt": "15/11/2020", "ht": "22:25:11", "tf": "S", "and": "F", "tpabr": "ZONA", "cdabr": "112", "s": "65", "st": "65", "snt": "0", "si": "65", "sni": "0", "sa": "65", "sna": "0", "pst": " 100,00", "psnt": "   0,00", "psi": " 100,00", "psni": "   0,00", "psa": " 100,00", "psna": "   0,00", "e": "22900", "ea": "22900", "ena": "0", "esi": "22900", "esni": "0", "a": "5466", "c": "17434", "pea": " 100,00", "pena": "   0,00", "pesi": " 100,00", "pesni": "   0,00", "pa": "  23,87", "pc": "  76,13", "vnom": "15755", "vscv": "0", "vl": "694", "tv": "17434", "vvc": "16461", "vb": "343", "tvn": "630", "vn": "563", "vnt": "67", "vp": "0", "vv": "16449", "van": "0", "vansj": "12", "pvnom": "  95,78", "pvl": "   4,22", "pvvc": "  94,42", "pvb": "   1,97", "ptvn": "   3,61", "pvn": "  89,37", "pvnt": "  10,63", "pvp": "   0,00", "pvv": "  99,93", "pvan": "   0,00", "pvansj": "   0,07", "cand": [{"seq": "86", "n": "55789", "vap": "17", "pvap": "   0,10", "e": "N", "st": "Suplente"}, {"seq": "70", "n": "55433", "vap": "37", "pvap": "   0,22", "e": "N", "st": "Suplente"}, {"seq": "10", "n": "55444", "vap": "444", "pvap": "   2,70", "e": "S", "st": "Eleito"}, {"seq": "80", "n": "55222", "vap": "21", "pvap": "   0,13", "e": "N", "st": "Suplente"}, {"seq": "73", "n": "55775", "vap": "34", "pvap": "   0,21", "e": "N", "st": "Suplente"}, {"seq": "40", "n": "55234", "vap": "100", "pvap": "   0,61", "e": "N", "st": "Suplente"}, {"seq": "19", "n": "55123", "vap": "266", "pvap": "   1,62", "e": "N", "st": "Suplente"}, {"seq": "25", "n": "55638", "vap": "177", "pvap": "   1,08", "e": "N", "st": "Suplente"}, {"seq": "26", "n": "55555", "vap": "172", "pvap": "   1,04", "e": "N", "st": "Suplente"}, {"seq": "41", "n": "55456", "vap": "99", "pvap": "   0,60", "e": "N", "st": "Suplente"}, {"seq": "94", "n": "55757", "vap": "12", "pvap": "   0,07", "e": "N", "st": "Suplente"}, {"seq": "96", "n": "55333", "vap": "7", "pvap": "   0,04", "e": "N", "st": "Suplente"}, {"seq": "42", "n": "55100", "vap": "97", "pvap": "   0,59", "e": "N", "st": "Suplente"}, {"seq": "65", "n": "55777", "vap": "42", "pvap": "   0,26", "e": "N", "st": "Suplente"}, {"seq": "93", "n": "55707", "vap": "12", "pvap": "   0,07", "e": "N", "st": "Suplente"}, {"seq": "67", "n": "55244", "vap": "41", "pvap": "   0,25", "e": "N", "st": "Suplente"}, {"seq": "85", "n": "77190", "vap": "18", "pvap": "   0,11", "e": "N", "st": "Suplente"}, {"seq": "2", "n": "77123", "vap": "639", "pvap": "   3,88", "e": "S", "st": "Eleito"}, {"seq": "9", "n": "77277", "vap": "452", "pvap": "   2,75", "e": "S", "st": "Eleito"}, {"seq": "12", "n": "77222", "vap": "437", "pvap": "   2,65", "e": "N", "st": "Suplente"}, {"seq": "82", "n": "77007", "vap": "19", "pvap": "   0,12", "e": "N", "st": "Suplente"}, {"seq": "31", "n": "77000", "vap": "147", "pvap": "   0,89", "e": "N", "st": "Suplente"}, {"seq": "44", "n": "77899", "vap": "89", "pvap": "   0,54", "e": "N", "st": "Suplente"}, {"seq": "14", "n": "77444", "vap": "352", "pvap": "   2,14", "e": "N", "st": "Suplente"}, {"seq": "22", "n": "77111", "vap": "189", "pvap": "   1,15", "e": "N", "st": "Suplente"}, {"seq": "52", "n": "77077", "vap": "61", "pvap": "   0,37", "e": "N", "st": "Suplente"}, {"seq": "57", "n": "77110", "vap": "49", "pvap": "   0,30", "e": "N", "st": "Suplente"}, {"seq": "95", "n": "77677", "vap": "9", "pvap": "   0,05", "e": "N", "st": "Suplente"}, {"seq": "21", "n": "77778", "vap": "232", "pvap": "   1,41", "e": "N", "st": "Suplente"}, {"seq": "43", "n": "77177", "vap": "97", "pvap": "   0,59", "e": "N", "st": "Suplente"}, {"seq": "78", "n": "77333", "vap": "23", "pvap": "   0,14", "e": "N", "st": "Suplente"}, {"seq": "37", "n": "10111", "vap": "110", "pvap": "   0,67", "e": "N", "st": "Suplente"}, {"seq": "54", "n": "10767", "vap": "52", "pvap": "   0,32", "e": "N", "st": "Suplente"}, {"seq": "76", "n": "10999", "vap": "30", "pvap": "   0,18", "e": "N", "st": "Suplente"}, {"seq": "69", "n": "10222", "vap": "39", "pvap": "   0,24", "e": "N", "st": "Suplente"}, {"seq": "30", "n": "10333", "vap": "152", "pvap": "   0,92", "e": "N", "st": "Suplente"}, {"seq": "58", "n": "10737", "vap": "45", "pvap": "   0,27", "e": "N", "st": "Suplente"}, {"seq": "36", "n": "10011", "vap": "114", "pvap": "   0,69", "e": "N", "st": "Suplente"}, {"seq": "89", "n": "10171", "vap": "15", "pvap": "   0,09", "e": "N", "st": "Suplente"}, {"seq": "35", "n": "10510", "vap": "128", "pvap": "   0,78", "e": "N", "st": "Suplente"}, {"seq": "29", "n": "10555", "vap": "154", "pvap": "   0,94", "e": "N", "st": "Suplente"}, {"seq": "8", "n": "10123", "vap": "470", "pvap": "   2,86", "e": "S", "st": "Eleito"}, {"seq": "11", "n": "10180", "vap": "376", "pvap": "   2,28", "e": "S", "st": "Eleito"}, {"seq": "81", "n": "10022", "vap": "20", "pvap": "   0,12", "e": "N", "st": "Suplente"}, {"seq": "16", "n": "10190", "vap": "293", "pvap": "   1,78", "e": "N", "st": "Suplente"}, {"seq": "45", "n": "10456", "vap": "82", "pvap": "   0,50", "e": "N", "st": "Suplente"}, {"seq": "27", "n": "10777", "vap": "159", "pvap": "   0,97", "e": "N", "st": "Suplente"}, {"seq": "92", "n": "10987", "vap": "12", "pvap": "   0,07", "e": "N", "st": "Suplente"}, {"seq": "53", "n": "11456", "vap": "59", "pvap": "   0,36", "e": "N", "st": "Suplente"}, {"seq": "46", "n": "11611", "vap": "79", "pvap": "   0,48", "e": "N", "st": "Suplente"}, {"seq": "64", "n": "11012", "vap": "43", "pvap": "   0,26", "e": "N", "st": "Suplente"}, {"seq": "13", "n": "11345", "vap": "423", "pvap": "   2,57", "e": "N", "st": "Suplente"}, {"seq": "68", "n": "11511", "vap": "40", "pvap": "   0,24", "e": "N", "st": "Suplente"}, {"seq": "47", "n": "11878", "vap": "79", "pvap": "   0,48", "e": "N", "st": "Suplente"}, {"seq": "38", "n": "11929", "vap": "110", "pvap": "   0,67", "e": "N", "st": "Suplente"}, {"seq": "6", "n": "11222", "vap": "473", "pvap": "   2,87", "e": "S", "st": "Eleito"}, {"seq": "28", "n": "11555", "vap": "157", "pvap": "   0,95", "e": "N", "st": "Suplente"}, {"seq": "56", "n": "11777", "vap": "49", "pvap": "   0,30", "e": "N", "st": "Suplente"}, {"seq": "5", "n": "11011", "vap": "539", "pvap": "   3,27", "e": "S", "st": "Eleito"}, {"seq": "39", "n": "11321", "vap": "103", "pvap": "   0,63", "e": "N", "st": "Suplente"}, {"seq": "50", "n": "11500", "vap": "67", "pvap": "   0,41", "e": "N", "st": "Suplente"}, {"seq": "71", "n": "11101", "vap": "36", "pvap": "   0,22", "e": "N", "st": "Suplente"}, {"seq": "15", "n": "11111", "vap": "296", "pvap": "   1,80", "e": "N", "st": "Suplente"}, {"seq": "79", "n": "11187", "vap": "22", "pvap": "   0,13", "e": "N", "st": "Suplente"}, {"seq": "77", "n": "20444", "vap": "28", "pvap": "   0,17", "e": "N", "st": "Suplente"}, {"seq": "62", "n": "20012", "vap": "44", "pvap": "   0,27", "e": "N", "st": "Suplente"}, {"seq": "24", "n": "20111", "vap": "180", "pvap": "   1,09", "e": "N", "st": "Suplente"}, {"seq": "55", "n": "20175", "vap": "51", "pvap": "   0,31", "e": "N", "st": "Suplente"}, {"seq": "72", "n": "20345", "vap": "35", "pvap": "   0,21", "e": "N", "st": "Suplente"}, {"seq": "32", "n": "20777", "vap": "142", "pvap": "   0,86", "e": "N", "st": "Suplente"}, {"seq": "63", "n": "20020", "vap": "44", "pvap": "   0,27", "e": "N", "st": "Suplente"}, {"seq": "18", "n": "20000", "vap": "280", "pvap": "   1,70", "e": "N", "st": "Suplente"}, {"seq": "84", "n": "20015", "vap": "18", "pvap": "   0,11", "e": "N", "st": "Suplente"}, {"seq": "49", "n": "20233", "vap": "68", "pvap": "   0,41", "e": "N", "st": "Suplente"}, {"seq": "20", "n": "20888", "vap": "246", "pvap": "   1,49", "e": "N", "st": "Suplente"}, {"seq": "1", "n": "20159", "vap": "806", "pvap": "   4,90", "e": "S", "st": "Eleito"}, {"seq": "3", "n": "20333", "vap": "630", "pvap": "   3,83", "e": "S", "st": "Eleito"}, {"seq": "51", "n": "20120", "vap": "62", "pvap": "   0,38", "e": "N", "st": "Suplente"}, {"seq": "33", "n": "20123", "vap": "133", "pvap": "   0,81", "e": "N", "st": "Suplente"}, {"seq": "111", "n": "27777", "vap": "33", "pvap": "   0,20", "e": "N", "st": "N\u00e3o eleito"}, {"seq": "131", "n": "27027", "vap": "9", "pvap": "   0,05", "e": "N", "st": "N\u00e3o eleito"}, {"seq": "134", "n": "25888", "vap": "9", "pvap": "   0,05", "e": "N", "st": "N\u00e3o eleito"}, {"seq": "128", "n": "25777", "vap": "11", "pvap": "   0,07", "e": "N", "st": "N\u00e3o eleito"}, {"seq": "115", "n": "25444", "vap": "25", "pvap": "   0,15", "e": "N", "st": "N\u00e3o eleito"}, {"seq": "130", "n": "25555", "vap": "10", "pvap": "   0,06", "e": "N", "st": "N\u00e3o eleito"}, {"seq": "124", "n": "25999", "vap": "16", "pvap": "   0,10", "e": "N", "st": "N\u00e3o eleito"}, {"seq": "133", "n": "25025", "vap": "9", "pvap": "   0,05", "e": "N", "st": "N\u00e3o eleito"}, {"seq": "125", "n": "25123", "vap": "15", "pvap": "   0,09", "e": "N", "st": "N\u00e3o eleito"}, {"seq": "121", "n": "25666", "vap": "18", "pvap": "   0,11", "e": "N", "st": "N\u00e3o eleito"}, {"seq": "132", "n": "25561", "vap": "9", "pvap": "   0,05", "e": "N", "st": "N\u00e3o eleito"}, {"seq": "105", "n": "35143", "vap": "51", "pvap": "   0,31", "e": "N", "st": "N\u00e3o eleito"}, {"seq": "106", "n": "35555", "vap": "47", "pvap": "   0,29", "e": "N", "st": "N\u00e3o eleito"}, {"seq": "139", "n": "35100", "vap": "4", "pvap": "   0,02", "e": "N", "st": "N\u00e3o eleito"}, {"seq": "99", "n": "35444", "vap": "153", "pvap": "   0,93", "e": "N", "st": "N\u00e3o eleito"}, {"seq": "122", "n": "35000", "vap": "16", "pvap": "   0,10", "e": "N", "st": "N\u00e3o eleito"}, {"seq": "146", "n": "35107", "vap": "0", "pvap": "00.00", "e": "N", "st": "N\u00e3o eleito"}, {"seq": "100", "n": "35333", "vap": "141", "pvap": "   0,86", "e": "N", "st": "N\u00e3o eleito"}, {"seq": "136", "n": "35007", "vap": "8", "pvap": "   0,05", "e": "N", "st": "N\u00e3o eleito"}, {"seq": "103", "n": "35351", "vap": "83", "pvap": "   0,50", "e": "N", "st": "N\u00e3o eleito"}, {"seq": "114", "n": "35678", "vap": "26", "pvap": "   0,16", "e": "N", "st": "N\u00e3o eleito"}, {"seq": "113", "n": "35777", "vap": "29", "pvap": "   0,18", "e": "N", "st": "N\u00e3o eleito"}, {"seq": "137", "n": "35111", "vap": "7", "pvap": "   0,04", "e": "N", "st": "N\u00e3o eleito"}, {"seq": "109", "n": "35550", "vap": "34", "pvap": "   0,21", "e": "N", "st": "N\u00e3o eleito"}, {"seq": "101", "n": "35123", "vap": "116", "pvap": "   0,70", "e": "N", "st": "N\u00e3o eleito"}, {"seq": "143", "n": "35222", "vap": "3", "pvap": "   0,02", "e": "N", "st": "N\u00e3o eleito"}, {"seq": "110", "n": "35666", "vap": "33", "pvap": "   0,20", "e": "N", "st": "N\u00e3o eleito"}, {"seq": "127", "n": "14444", "vap": "12", "pvap": "   0,07", "e": "N", "st": "N\u00e3o eleito"}, {"seq": "102", "n": "12200", "vap": "113", "pvap": "   0,69", "e": "N", "st": "N\u00e3o eleito"}, {"seq": "104", "n": "12980", "vap": "52", "pvap": "   0,32", "e": "N", "st": "N\u00e3o eleito"}, {"seq": "129", "n": "12155", "vap": "11", "pvap": "   0,07", "e": "N", "st": "N\u00e3o eleito"}, {"seq": "119", "n": "12166", "vap": "18", "pvap": "   0,11", "e": "N", "st": "N\u00e3o eleito"}, {"seq": "135", "n": "12100", "vap": "8", "pvap": "   0,05", "e": "N", "st": "N\u00e3o eleito"}, {"seq": "97", "n": "12345", "vap": "185", "pvap": "   1,12", "e": "N", "st": "N\u00e3o eleito"}, {"seq": "123", "n": "12349", "vap": "16", "pvap": "   0,10", "e": "N", "st": "N\u00e3o eleito"}, {"seq": "107", "n": "12222", "vap": "45", "pvap": "   0,27", "e": "N", "st": "N\u00e3o eleito"}, {"seq": "140", "n": "12987", "vap": "4", "pvap": "   0,02", "e": "N", "st": "N\u00e3o eleito"}, {"seq": "145", "n": "12013", "vap": "2", "pvap": "   0,01", "e": "N", "st": "N\u00e3o eleito"}, {"seq": "144", "n": "12626", "vap": "2", "pvap": "   0,01", "e": "N", "st": "N\u00e3o eleito"}, {"seq": "98", "n": "12777", "vap": "155", "pvap": "   0,94", "e": "N", "st": "N\u00e3o eleito"}, {"seq": "66", "n": "22000", "vap": "42", "pvap": "   0,26", "e": "N", "st": "Suplente"}, {"seq": "34", "n": "22333", "vap": "129", "pvap": "   0,78", "e": "N", "st": "Suplente"}, {"seq": "74", "n": "22456", "vap": "32", "pvap": "   0,19", "e": "N", "st": "Suplente"}, {"seq": "61", "n": "22189", "vap": "45", "pvap": "   0,27", "e": "N", "st": "Suplente"}, {"seq": "91", "n": "22452", "vap": "13", "pvap": "   0,08", "e": "N", "st": "Suplente"}, {"seq": "60", "n": "22666", "vap": "45", "pvap": "   0,27", "e": "N", "st": "Suplente"}, {"seq": "83", "n": "22999", "vap": "19", "pvap": "   0,12", "e": "N", "st": "Suplente"}, {"seq": "90", "n": "22174", "vap": "14", "pvap": "   0,09", "e": "N", "st": "Suplente"}, {"seq": "17", "n": "22555", "vap": "286", "pvap": "   1,74", "e": "N", "st": "Suplente"}, {"seq": "88", "n": "22021", "vap": "15", "pvap": "   0,09", "e": "N", "st": "Suplente"}, {"seq": "48", "n": "22022", "vap": "71", "pvap": "   0,43", "e": "N", "st": "Suplente"}, {"seq": "23", "n": "22223", "vap": "182", "pvap": "   1,11", "e": "N", "st": "Suplente"}, {"seq": "4", "n": "22123", "vap": "602", "pvap": "   3,66", "e": "S", "st": "Eleito"}, {"seq": "87", "n": "22230", "vap": "16", "pvap": "   0,10", "e": "N", "st": "Suplente"}, {"seq": "59", "n": "22211", "vap": "45", "pvap": "   0,27", "e": "N", "st": "Suplente"}, {"seq": "7", "n": "22222", "vap": "473", "pvap": "   2,87", "e": "S", "st": "Eleito"}, {"seq": "75", "n": "22444", "vap": "31", "pvap": "   0,19", "e": "N", "st": "Suplente"}, {"seq": "112", "n": "40040", "vap": "33", "pvap": "   0,20", "e": "N", "st": "N\u00e3o eleito"}, {"seq": "126", "n": "40712", "vap": "15", "pvap": "   0,09", "e": "N", "st": "N\u00e3o eleito"}, {"seq": "138", "n": "40777", "vap": "5", "pvap": "   0,03", "e": "N", "st": "N\u00e3o eleito"}, {"seq": "141", "n": "40666", "vap": "4", "pvap": "   0,02", "e": "N", "st": "N\u00e3o eleito"}, {"seq": "116", "n": "40789", "vap": "23", "pvap": "   0,14", "e": "N", "st": "N\u00e3o eleito"}, {"seq": "118", "n": "40679", "vap": "19", "pvap": "   0,12", "e": "N", "st": "N\u00e3o eleito"}, {"seq": "117", "n": "40234", "vap": "23", "pvap": "   0,14", "e": "N", "st": "N\u00e3o eleito"}, {"seq": "120", "n": "40123", "vap": "18", "pvap": "   0,11", "e": "N", "st": "N\u00e3o eleito"}, {"seq": "142", "n": "40000", "vap": "4", "pvap": "   0,02", "e": "N", "st": "N\u00e3o eleito"}, {"seq": "108", "n": "40333", "vap": "41", "pvap": "   0,25", "e": "N", "st": "N\u00e3o eleito"}]}]}