{"ele": "426", "carper": "13", "t": "1", "f": "O", "esae": "N", "mnae": " ", "dg": "15/11/2020", "hg": "22:13:45", "dv": "S", "nadf": "rn16454-c0013-e000426-002-f", "abr": [{"dt": "15/11/2020", "ht": "21:05:26", "tf": "S", "and": "F", "tpabr": "MU", "cdabr": "16454", "s": "48", "st": "48", "snt": "0", "si": "48", "sni": "0", "sa": "48", "sna": "0", "pst": " 100,00", "psnt": "   0,00", "psi": " 100,00", "psni": "   0,00", "psa": " 100,00", "psna": "   0,00", "e": "18378", "ea": "18378", "ena": "0", "esi": "18378", "esni": "0", "c": "15477", "a": "2901", "pea": " 100,00", "pena": "   0,00", "pesi": " 100,00", "pesni": "   0,00", "pa": "  15,79", "pc": "  84,21", "vscv": "0", "vnom": "14141", "vl": "575", "tv": "15477", "vvc": "14716", "vb": "231", "tvn": "530", "vn": "530", "vnt": "0", "vp": "0", "vv": "14716", "van": "0", "vansj": "0", "pvnom": "  96,09", "pvl": "   3,91", "pvvc": "  95,08", "pvb": "   1,50", "ptvn": "   3,42", "pvn": " 100,00", "pvnt": "   0,00", "pvp": "   0,00", "pvv": " 100,00", "pvan": "   0,00", "pvansj": "   0,00", "colig": [{"n": "200000092469", "tvtn": "471", "tvan": "471", "vag": "0", "tvtl": "32", "tval": "32"}, {"n": "200000093098", "tvtn": "6930", "tvan": "6930", "vag": "6", "tvtl": "141", "tval": "141"}, {"n": "200000092467", "tvtn": "4707", "tvan": "4707", "vag": "4", "tvtl": "342", "tval": "342"}, {"n": "200000125899", "tvtn": "16", "tvan": "16", "vag": "0", "tvtl": "2", "tval": "2"}, {"n": "200000125895", "tvtn": "69", "tvan": "69", "vag": "0", "tvtl": "1", "tval": "1"}, {"n": "200000092194", "tvtn": "1948", "tvan": "1948", "vag": "1", "tvtl": "57", "tval": "57"}], "part": [{"n": "77", "tvtn": "471", "tvan": "471", "tvtl": "32", "tval": "32"}, {"n": "11", "tvtn": "6930", "tvan": "6930", "tvtl": "141", "tval": "141"}, {"n": "15", "tvtn": "4707", "tvan": "4707", "tvtl": "342", "tval": "342"}, {"n": "50", "tvtn": "16", "tvan": "16", "tvtl": "2", "tval": "2"}, {"n": "43", "tvtn": "69", "tvan": "69", "tvtl": "1", "tval": "1"}, {"n": "13", "tvtn": "1948", "tvan": "1948", "tvtl": "57", "tval": "57"}], "cand": [{"seq": "40", "n": "77222", "vap": "1", "pvap": "   0,01", "e": "N", "st": "N\u00e3o eleito"}, {"seq": "36", "n": "77000", "vap": "167", "pvap": "   1,13", "e": "N", "st": "N\u00e3o eleito"}, {"seq": "35", "n": "77123", "vap": "303", "pvap": "   2,06", "e": "N", "st": "N\u00e3o eleito"}, {"seq": "32", "n": "11666", "vap": "25", "pvap": "   0,17", "e": "N", "st": "Suplente"}, {"seq": "9", "n": "11888", "vap": "607", "pvap": "   4,12", "e": "S", "st": "Eleito"}, {"seq": "1", "n": "11123", "vap": "1280", "pvap": "   8,70", "e": "S", "st": "Eleito"}, {"seq": "12", "n": "11555", "vap": "565", "pvap": "   3,84", "e": "N", "st": "Suplente"}, {"seq": "16", "n": "11456", "vap": "492", "pvap": "   3,34", "e": "N", "st": "Suplente"}, {"seq": "8", "n": "11777", "vap": "696", "pvap": "   4,73", "e": "S", "st": "Eleito"}, {"seq": "7", "n": "11110", "vap": "698", "pvap": "   4,74", "e": "S", "st": "Eleito"}, {"seq": "27", "n": "11444", "vap": "71", "pvap": "   0,48", "e": "N", "st": "Suplente"}, {"seq": "3", "n": "11111", "vap": "752", "pvap": "   5,11", "e": "S", "st": "Eleito"}, {"seq": "10", "n": "11333", "vap": "582", "pvap": "   3,95", "e": "S", "st": "Eleito"}, {"seq": "17", "n": "11000", "vap": "468", "pvap": "   3,18", "e": "N", "st": "Suplente"}, {"seq": "13", "n": "11222", "vap": "548", "pvap": "   3,72", "e": "N", "st": "Suplente"}, {"seq": "22", "n": "11100", "vap": "146", "pvap": "   0,99", "e": "N", "st": "Suplente"}, {"seq": "2", "n": "15677", "vap": "948", "pvap": "   6,44", "e": "S", "st": "Eleito"}, {"seq": "21", "n": "15615", "vap": "195", "pvap": "   1,33", "e": "N", "st": "Suplente"}, {"seq": "28", "n": "15789", "vap": "48", "pvap": "   0,33", "e": "N", "st": "Suplente"}, {"seq": "25", "n": "15111", "vap": "115", "pvap": "   0,78", "e": "N", "st": "Suplente"}, {"seq": "20", "n": "15333", "vap": "269", "pvap": "   1,83", "e": "N", "st": "Suplente"}, {"seq": "4", "n": "15222", "vap": "752", "pvap": "   5,11", "e": "S", "st": "Eleito"}, {"seq": "14", "n": "15123", "vap": "499", "pvap": "   3,39", "e": "N", "st": "Suplente"}, {"seq": "5", "n": "15666", "vap": "725", "pvap": "   4,93", "e": "S", "st": "Eleito"}, {"seq": "18", "n": "15555", "vap": "450", "pvap": "   3,06", "e": "N", "st": "Suplente"}, {"seq": "11", "n": "15000", "vap": "572", "pvap": "   3,89", "e": "S", "st": "Eleito"}, {"seq": "23", "n": "15777", "vap": "134", "pvap": "   0,91", "e": "N", "st": "Suplente"}, {"seq": "41", "n": "50000", "vap": "0", "pvap": "00.00", "e": "N", "st": "N\u00e3o eleito"}, {"seq": "38", "n": "50123", "vap": "16", "pvap": "   0,11", "e": "N", "st": "N\u00e3o eleito"}, {"seq": "37", "n": "43333", "vap": "67", "pvap": "   0,46", "e": "N", "st": "N\u00e3o eleito"}, {"seq": "39", "n": "43123", "vap": "2", "pvap": "   0,01", "e": "N", "st": "N\u00e3o eleito"}, {"seq": "30", "n": "13345", "vap": "39", "pvap": "   0,27", "e": "N", "st": "Suplente"}, {"seq": "26", "n": "13555", "vap": "83", "pvap": "   0,56", "e": "N", "st": "Suplente"}, {"seq": "29", "n": "13456", "vap": "45", "pvap": "   0,31", "e": "N", "st": "Suplente"}, {"seq": "33", "n": "13377", "vap": "17", "pvap": "   0,12", "e": "N", "st": "Suplente"}, {"seq": "19", "n": "13111", "vap": "377", "pvap": "   2,56", "e": "N", "st": "Suplente"}, {"seq": "24", "n": "13567", "vap": "131", "pvap": "   0,89", "e": "N", "st": "Suplente"}, {"seq": "34", "n": "13999", "vap": "13", "pvap": "   0,09", "e": "N", "st": "Suplente"}, {"seq": "15", "n": "13123", "vap": "497", "pvap": "   3,38", "e": "N", "st": "Suplente"}, {"seq": "31", "n": "13000", "vap": "37", "pvap": "   0,25", "e": "N", "st": "Suplente"}, {"seq": "6", "n": "13333", "vap": "709", "pvap": "   4,82", "e": "S", "st": "Eleito"}]}, {"dt": "15/11/2020", "ht": "21:05:26", "tf": "S", "and": "F", "tpabr": "ZONA", "cdabr": "36", "s": "48", "st": "48", "snt": "0", "si": "48", "sni": "0", "sa": "48", "sna": "0", "pst": " 100,00", "psnt": "   0,00", "psi": " 100,00", "psni": "   0,00", "psa": " 100,00", "psna": "   0,00", "e": "18378", "ea": "18378", "ena": "0", "esi": "18378", "esni": "0", "a": "2901", "c": "15477", "pea": " 100,00", "pena": "   0,00", "pesi": " 100,00", "pesni": "   0,00", "pa": "  15,79", "pc": "  84,21", "vnom": "14141", "vscv": "0", "vl": "575", "tv": "15477", "vvc": "14716", "vb": "231", "tvn": "530", "vn": "530", "vnt": "0", "vp": "0", "vv": "14716", "van": "0", "vansj": "0", "pvnom": "  96,09", "pvl": "   3,91", "pvvc": "  95,08", "pvb": "   1,50", "ptvn": "   3,42", "pvn": " 100,00", "pvnt": "   0,00", "pvp": "   0,00", "pvv": " 100,00", "pvan": "   0,00", "pvansj": "   0,00", "cand": [{"seq": "37", "n": "43333", "vap": "67", "pvap": "   0,46", "e": "N", "st": "N\u00e3o eleito"}, {"seq": "39", "n": "43123", "vap": "2", "pvap": "   0,01", "e": "N", "st": "N\u00e3o eleito"}, {"seq": "41", "n": "50000", "vap": "0", "pvap": "00.00", "e": "N", "st": "N\u00e3o eleito"}, {"seq": "38", "n": "50123", "vap": "16", "pvap": "   0,11", "e": "N", "st": "N\u00e3o eleito"}, {"seq": "6", "n": "13333", "vap": "709", "pvap": "   4,82", "e": "S", "st": "Eleito"}, {"seq": "31", "n": "13000", "vap": "37", "pvap": "   0,25", "e": "N", "st": "Suplente"}, {"seq": "34", "n": "13999", "vap": "13", "pvap": "   0,09", "e": "N", "st": "Suplente"}, {"seq": "29", "n": "13456", "vap": "45", "pvap": "   0,31", "e": "N", "st": "Suplente"}, {"seq": "15", "n": "13123", "vap": "497", "pvap": "   3,38", "e": "N", "st": "Suplente"}, {"seq": "30", "n": "13345", "vap": "39", "pvap": "   0,27", "e": "N", "st": "Suplente"}, {"seq": "19", "n": "13111", "vap": "377", "pvap": "   2,56", "e": "N", "st": "Suplente"}, {"seq": "24", "n": "13567", "vap": "131", "pvap": "   0,89", "e": "N", "st": "Suplente"}, {"seq": "33", "n": "13377", "vap": "17", "pvap": "   0,12", "e": "N", "st": "Suplente"}, {"seq": "26", "n": "13555", "vap": "83", "pvap": "   0,56", "e": "N", "st": "Suplente"}, {"seq": "18", "n": "15555", "vap": "450", "pvap": "   3,06", "e": "N", "st": "Suplente"}, {"seq": "28", "n": "15789", "vap": "48", "pvap": "   0,33", "e": "N", "st": "Suplente"}, {"seq": "21", "n": "15615", "vap": "195", "pvap": "   1,33", "e": "N", "st": "Suplente"}, {"seq": "11", "n": "15000", "vap": "572", "pvap": "   3,89", "e": "S", "st": "Eleito"}, {"seq": "4", "n": "15222", "vap": "752", "pvap": "   5,11", "e": "S", "st": "Eleito"}, {"seq": "25", "n": "15111", "vap": "115", "pvap": "   0,78", "e": "N", "st": "Suplente"}, {"seq": "14", "n": "15123", "vap": "499", "pvap": "   3,39", "e": "N", "st": "Suplente"}, {"seq": "5", "n": "15666", "vap": "725", "pvap": "   4,93", "e": "S", "st": "Eleito"}, {"seq": "2", "n": "15677", "vap": "948", "pvap": "   6,44", "e": "S", "st": "Eleito"}, {"seq": "20", "n": "15333", "vap": "269", "pvap": "   1,83", "e": "N", "st": "Suplente"}, {"seq": "23", "n": "15777", "vap": "134", "pvap": "   0,91", "e": "N", "st": "Suplente"}, {"seq": "36", "n": "77000", "vap": "167", "pvap": "   1,13", "e": "N", "st": "N\u00e3o eleito"}, {"seq": "40", "n": "77222", "vap": "1", "pvap": "   0,01", "e": "N", "st": "N\u00e3o eleito"}, {"seq": "35", "n": "77123", "vap": "303", "pvap": "   2,06", "e": "N", "st": "N\u00e3o eleito"}, {"seq": "17", "n": "11000", "vap": "468", "pvap": "   3,18", "e": "N", "st": "Suplente"}, {"seq": "1", "n": "11123", "vap": "1280", "pvap": "   8,70", "e": "S", "st": "Eleito"}, {"seq": "9", "n": "11888", "vap": "607", "pvap": "   4,12", "e": "S", "st": "Eleito"}, {"seq": "16", "n": "11456", "vap": "492", "pvap": "   3,34", "e": "N", "st": "Suplente"}, {"seq": "32", "n": "11666", "vap": "25", "pvap": "   0,17", "e": "N", "st": "Suplente"}, {"seq": "12", "n": "11555", "vap": "565", "pvap": "   3,84", "e": "N", "st": "Suplente"}, {"seq": "13", "n": "11222", "vap": "548", "pvap": "   3,72", "e": "N", "st": "Suplente"}, {"seq": "8", "n": "11777", "vap": "696", "pvap": "   4,73", "e": "S", "st": "Eleito"}, {"seq": "10", "n": "11333", "vap": "582", "pvap": "   3,95", "e": "S", "st": "Eleito"}, {"seq": "22", "n": "11100", "vap": "146", "pvap": "   0,99", "e": "N", "st": "Suplente"}, {"seq": "7", "n": "11110", "vap": "698", "pvap": "   4,74", "e": "S", "st": "Eleito"}, {"seq": "3", "n": "11111", "vap": "752", "pvap": "   5,11", "e": "S", "st": "Eleito"}, {"seq": "27", "n": "11444", "vap": "71", "pvap": "   0,48", "e": "N", "st": "Suplente"}]}]}