{"ele": "426", "carper": "13", "t": "1", "f": "O", "esae": "N", "mnae": " ", "dg": "15/11/2020", "hg": "22:13:44", "dv": "S", "nadf": "rn16306-c0013-e000426-002-f", "abr": [{"dt": "15/11/2020", "ht": "21:34:51", "tf": "S", "and": "F", "tpabr": "MU", "cdabr": "16306", "s": "13", "st": "13", "snt": "0", "si": "13", "sni": "0", "sa": "13", "sna": "0", "pst": " 100,00", "psnt": "   0,00", "psi": " 100,00", "psni": "   0,00", "psa": " 100,00", "psna": "   0,00", "e": "4216", "ea": "4216", "ena": "0", "esi": "4216", "esni": "0", "c": "3925", "a": "291", "pea": " 100,00", "pena": "   0,00", "pesi": " 100,00", "pesni": "   0,00", "pa": "   6,90", "pc": "  93,10", "vscv": "0", "vnom": "3617", "vl": "142", "tv": "3925", "vvc": "3759", "vb": "38", "tvn": "128", "vn": "128", "vnt": "0", "vp": "0", "vv": "3759", "van": "0", "vansj": "0", "pvnom": "  96,22", "pvl": "   3,78", "pvvc": "  95,77", "pvb": "   0,97", "ptvn": "   3,26", "pvn": " 100,00", "pvnt": "   0,00", "pvp": "   0,00", "pvv": " 100,00", "pvan": "   0,00", "pvansj": "   0,00", "colig": [{"n": "200000116013", "tvtn": "2179", "tvan": "2179", "vag": "6", "tvtl": "78", "tval": "78"}, {"n": "200000127660", "tvtn": "1438", "tvan": "1438", "vag": "3", "tvtl": "64", "tval": "64"}], "part": [{"n": "15", "tvtn": "2179", "tvan": "2179", "tvtl": "78", "tval": "78"}, {"n": "22", "tvtn": "1438", "tvan": "1438", "tvtl": "64", "tval": "64"}], "cand": [{"seq": "5", "n": "15333", "vap": "264", "pvap": "   7,02", "e": "S", "st": "Eleito"}, {"seq": "8", "n": "15111", "vap": "235", "pvap": "   6,25", "e": "S", "st": "Eleito"}, {"seq": "9", "n": "15555", "vap": "213", "pvap": "   5,67", "e": "S", "st": "Eleito"}, {"seq": "6", "n": "15888", "vap": "252", "pvap": "   6,70", "e": "S", "st": "Eleito"}, {"seq": "13", "n": "15999", "vap": "198", "pvap": "   5,27", "e": "N", "st": "Suplente"}, {"seq": "18", "n": "15000", "vap": "17", "pvap": "   0,45", "e": "N", "st": "Suplente"}, {"seq": "19", "n": "15678", "vap": "14", "pvap": "   0,37", "e": "N", "st": "Suplente"}, {"seq": "4", "n": "15777", "vap": "265", "pvap": "   7,05", "e": "S", "st": "Eleito"}, {"seq": "11", "n": "15444", "vap": "208", "pvap": "   5,53", "e": "N", "st": "Suplente"}, {"seq": "10", "n": "15666", "vap": "209", "pvap": "   5,56", "e": "N", "st": "Suplente"}, {"seq": "2", "n": "15222", "vap": "304", "pvap": "   8,09", "e": "S", "st": "Eleito"}, {"seq": "16", "n": "22999", "vap": "27", "pvap": "   0,72", "e": "N", "st": "Suplente"}, {"seq": "17", "n": "22345", "vap": "20", "pvap": "   0,53", "e": "N", "st": "Suplente"}, {"seq": "1", "n": "22111", "vap": "327", "pvap": "   8,70", "e": "S", "st": "Eleito"}, {"seq": "12", "n": "22000", "vap": "199", "pvap": "   5,29", "e": "N", "st": "Suplente"}, {"seq": "21", "n": "22666", "vap": "8", "pvap": "   0,21", "e": "N", "st": "Suplente"}, {"seq": "22", "n": "22789", "vap": "7", "pvap": "   0,19", "e": "N", "st": "Suplente"}, {"seq": "20", "n": "22777", "vap": "11", "pvap": "   0,29", "e": "N", "st": "Suplente"}, {"seq": "3", "n": "22555", "vap": "270", "pvap": "   7,18", "e": "S", "st": "Eleito"}, {"seq": "14", "n": "22444", "vap": "163", "pvap": "   4,34", "e": "N", "st": "Suplente"}, {"seq": "15", "n": "22222", "vap": "154", "pvap": "   4,10", "e": "N", "st": "Suplente"}, {"seq": "23", "n": "22123", "vap": "5", "pvap": "   0,13", "e": "N", "st": "Suplente"}, {"seq": "7", "n": "22333", "vap": "247", "pvap": "   6,57", "e": "S", "st": "Eleito"}]}, {"dt": "15/11/2020", "ht": "21:34:51", "tf": "S", "and": "F", "tpabr": "ZONA", "cdabr": "9", "s": "13", "st": "13", "snt": "0", "si": "13", "sni": "0", "sa": "13", "sna": "0", "pst": " 100,00", "psnt": "   0,00", "psi": " 100,00", "psni": "   0,00", "psa": " 100,00", "psna": "   0,00", "e": "4216", "ea": "4216", "ena": "0", "esi": "4216", "esni": "0", "a": "291", "c": "3925", "pea": " 100,00", "pena": "   0,00", "pesi": " 100,00", "pesni": "   0,00", "pa": "   6,90", "pc": "  93,10", "vnom": "3617", "vscv": "0", "vl": "142", "tv": "3925", "vvc": "3759", "vb": "38", "tvn": "128", "vn": "128", "vnt": "0", "vp": "0", "vv": "3759", "van": "0", "vansj": "0", "pvnom": "  96,22", "pvl": "   3,78", "pvvc": "  95,77", "pvb": "   0,97", "ptvn": "   3,26", "pvn": " 100,00", "pvnt": "   0,00", "pvp": "   0,00", "pvv": " 100,00", "pvan": "   0,00", "pvansj": "   0,00", "cand": [{"seq": "13", "n": "15999", "vap": "198", "pvap": "   5,27", "e": "N", "st": "Suplente"}, {"seq": "4", "n": "15777", "vap": "265", "pvap": "   7,05", "e": "S", "st": "Eleito"}, {"seq": "9", "n": "15555", "vap": "213", "pvap": "   5,67", "e": "S", "st": "Eleito"}, {"seq": "6", "n": "15888", "vap": "252", "pvap": "   6,70", "e": "S", "st": "Eleito"}, {"seq": "11", "n": "15444", "vap": "208", "pvap": "   5,53", "e": "N", "st": "Suplente"}, {"seq": "5", "n": "15333", "vap": "264", "pvap": "   7,02", "e": "S", "st": "Eleito"}, {"seq": "8", "n": "15111", "vap": "235", "pvap": "   6,25", "e": "S", "st": "Eleito"}, {"seq": "18", "n": "15000", "vap": "17", "pvap": "   0,45", "e": "N", "st": "Suplente"}, {"seq": "10", "n": "15666", "vap": "209", "pvap": "   5,56", "e": "N", "st": "Suplente"}, {"seq": "2", "n": "15222", "vap": "304", "pvap": "   8,09", "e": "S", "st": "Eleito"}, {"seq": "19", "n": "15678", "vap": "14", "pvap": "   0,37", "e": "N", "st": "Suplente"}, {"seq": "14", "n": "22444", "vap": "163", "pvap": "   4,34", "e": "N", "st": "Suplente"}, {"seq": "15", "n": "22222", "vap": "154", "pvap": "   4,10", "e": "N", "st": "Suplente"}, {"seq": "23", "n": "22123", "vap": "5", "pvap": "   0,13", "e": "N", "st": "Suplente"}, {"seq": "20", "n": "22777", "vap": "11", "pvap": "   0,29", "e": "N", "st": "Suplente"}, {"seq": "17", "n": "22345", "vap": "20", "pvap": "   0,53", "e": "N", "st": "Suplente"}, {"seq": "21", "n": "22666", "vap": "8", "pvap": "   0,21", "e": "N", "st": "Suplente"}, {"seq": "12", "n": "22000", "vap": "199", "pvap": "   5,29", "e": "N", "st": "Suplente"}, {"seq": "22", "n": "22789", "vap": "7", "pvap": "   0,19", "e": "N", "st": "Suplente"}, {"seq": "16", "n": "22999", "vap": "27", "pvap": "   0,72", "e": "N", "st": "Suplente"}, {"seq": "1", "n": "22111", "vap": "327", "pvap": "   8,70", "e": "S", "st": "Eleito"}, {"seq": "7", "n": "22333", "vap": "247", "pvap": "   6,57", "e": "S", "st": "Eleito"}, {"seq": "3", "n": "22555", "vap": "270", "pvap": "   7,18", "e": "S", "st": "Eleito"}]}]}