{"ele": "426", "carper": "13", "t": "1", "f": "O", "esae": "N", "mnae": " ", "dg": "15/11/2020", "hg": "22:37:24", "dv": "S", "nadf": "rn18899-c0013-e000426-002-f", "abr": [{"dt": "15/11/2020", "ht": "22:27:50", "tf": "S", "and": "F", "tpabr": "MU", "cdabr": "18899", "s": "29", "st": "29", "snt": "0", "si": "29", "sni": "0", "sa": "29", "sna": "0", "pst": " 100,00", "psnt": "   0,00", "psi": " 100,00", "psni": "   0,00", "psa": " 100,00", "psna": "   0,00", "e": "11191", "ea": "11191", "ena": "0", "esi": "11191", "esni": "0", "c": "10273", "a": "918", "pea": " 100,00", "pena": "   0,00", "pesi": " 100,00", "pesni": "   0,00", "pa": "   8,20", "pc": "  91,80", "vscv": "0", "vnom": "9009", "vl": "368", "tv": "10273", "vvc": "9846", "vb": "120", "tvn": "307", "vn": "307", "vnt": "0", "vp": "0", "vv": "9377", "van": "0", "vansj": "469", "pvnom": "  96,08", "pvl": "   3,92", "pvvc": "  95,84", "pvb": "   1,17", "ptvn": "   2,99", "pvn": " 100,00", "pvnt": "   0,00", "pvp": "   0,00", "pvv": "  95,24", "pvan": "   0,00", "pvansj": "   4,76", "colig": [{"n": "200000105935", "tvtn": "668", "tvan": "668", "vag": "0", "tvtl": "24", "tval": "24"}, {"n": "200000105820", "tvtn": "4321", "tvan": "4790", "vag": "5", "tvtl": "181", "tval": "181"}, {"n": "200000131175", "tvtn": "4020", "tvan": "4020", "vag": "4", "tvtl": "163", "tval": "163"}], "part": [{"n": "13", "tvtn": "668", "tvan": "668", "tvtl": "24", "tval": "24"}, {"n": "22", "tvtn": "4321", "tvan": "4790", "tvtl": "181", "tval": "181"}, {"n": "15", "tvtn": "4020", "tvan": "4020", "tvtl": "163", "tval": "163"}], "cand": [{"seq": "29", "n": "13222", "vap": "111", "pvap": "   1,13", "e": "N", "st": "N\u00e3o eleito"}, {"seq": "36", "n": "13000", "vap": "11", "pvap": "   0,11", "e": "N", "st": "N\u00e3o eleito"}, {"seq": "28", "n": "13123", "vap": "314", "pvap": "   3,19", "e": "N", "st": "N\u00e3o eleito"}, {"seq": "33", "n": "13777", "vap": "40", "pvap": "   0,41", "e": "N", "st": "N\u00e3o eleito"}, {"seq": "37", "n": "13555", "vap": "4", "pvap": "   0,04", "e": "N", "st": "N\u00e3o eleito"}, {"seq": "32", "n": "13666", "vap": "74", "pvap": "   0,75", "e": "N", "st": "N\u00e3o eleito"}, {"seq": "34", "n": "13444", "vap": "23", "pvap": "   0,23", "e": "N", "st": "N\u00e3o eleito"}, {"seq": "35", "n": "13456", "vap": "13", "pvap": "   0,13", "e": "N", "st": "N\u00e3o eleito"}, {"seq": "31", "n": "13333", "vap": "78", "pvap": "   0,79", "e": "N", "st": "N\u00e3o eleito"}, {"seq": "11", "n": "22555", "vap": "389", "pvap": "   3,95", "e": "N", "st": "Suplente"}, {"seq": "14", "n": "22234", "vap": "306", "pvap": "   3,11", "e": "N", "st": "Suplente"}, {"seq": "16", "n": "22999", "vap": "260", "pvap": "   2,64", "e": "N", "st": "Suplente"}, {"seq": "9", "n": "22444", "vap": "396", "pvap": "   4,02", "e": "S", "st": "Eleito"}, {"seq": "1", "n": "22111", "vap": "651", "pvap": "   6,61", "e": "S", "st": "Eleito"}, {"seq": "20", "n": "22123", "vap": "116", "pvap": "   1,18", "e": "N", "st": "Suplente"}, {"seq": "13", "n": "22560", "vap": "366", "pvap": "   3,72", "e": "N", "st": "Suplente"}, {"seq": "18", "n": "22666", "vap": "173", "pvap": "   1,76", "e": "N", "st": "Suplente"}, {"seq": "27", "n": "22222", "vap": "382", "pvap": "   3,88", "e": "N", "st": "N\u00e3o eleito"}, {"seq": "30", "n": "22200", "vap": "87", "pvap": "   0,88", "e": "N", "st": "N\u00e3o eleito"}, {"seq": "8", "n": "22000", "vap": "439", "pvap": "   4,46", "e": "S", "st": "Eleito"}, {"seq": "7", "n": "22777", "vap": "504", "pvap": "   5,12", "e": "S", "st": "Eleito"}, {"seq": "19", "n": "22888", "vap": "140", "pvap": "   1,42", "e": "N", "st": "Suplente"}, {"seq": "5", "n": "22333", "vap": "581", "pvap": "   5,90", "e": "S", "st": "Eleito"}, {"seq": "15", "n": "15777", "vap": "261", "pvap": "   2,65", "e": "N", "st": "Suplente"}, {"seq": "3", "n": "15444", "vap": "616", "pvap": "   6,26", "e": "S", "st": "Eleito"}, {"seq": "25", "n": "15500", "vap": "16", "pvap": "   0,16", "e": "N", "st": "Suplente"}, {"seq": "6", "n": "15111", "vap": "569", "pvap": "   5,78", "e": "S", "st": "Eleito"}, {"seq": "22", "n": "15000", "vap": "71", "pvap": "   0,72", "e": "N", "st": "Suplente"}, {"seq": "24", "n": "15100", "vap": "17", "pvap": "   0,17", "e": "N", "st": "Suplente"}, {"seq": "17", "n": "15888", "vap": "219", "pvap": "   2,22", "e": "N", "st": "Suplente"}, {"seq": "26", "n": "15200", "vap": "6", "pvap": "   0,06", "e": "N", "st": "Suplente"}, {"seq": "2", "n": "15333", "vap": "637", "pvap": "   6,47", "e": "S", "st": "Eleito"}, {"seq": "12", "n": "15999", "vap": "387", "pvap": "   3,93", "e": "N", "st": "Suplente"}, {"seq": "21", "n": "15321", "vap": "108", "pvap": "   1,10", "e": "N", "st": "Suplente"}, {"seq": "23", "n": "15400", "vap": "27", "pvap": "   0,27", "e": "N", "st": "Suplente"}, {"seq": "4", "n": "15555", "vap": "611", "pvap": "   6,21", "e": "S", "st": "Eleito"}, {"seq": "10", "n": "15615", "vap": "475", "pvap": "   4,82", "e": "N", "st": "Suplente"}]}, {"dt": "15/11/2020", "ht": "22:27:50", "tf": "S", "and": "F", "tpabr": "ZONA", "cdabr": "49", "s": "29", "st": "29", "snt": "0", "si": "29", "sni": "0", "sa": "29", "sna": "0", "pst": " 100,00", "psnt": "   0,00", "psi": " 100,00", "psni": "   0,00", "psa": " 100,00", "psna": "   0,00", "e": "11191", "ea": "11191", "ena": "0", "esi": "11191", "esni": "0", "a": "918", "c": "10273", "pea": " 100,00", "pena": "   0,00", "pesi": " 100,00", "pesni": "   0,00", "pa": "   8,20", "pc": "  91,80", "vnom": "9009", "vscv": "0", "vl": "368", "tv": "10273", "vvc": "9846", "vb": "120", "tvn": "307", "vn": "307", "vnt": "0", "vp": "0", "vv": "9377", "van": "0", "vansj": "469", "pvnom": "  96,08", "pvl": "   3,92", "pvvc": "  95,84", "pvb": "   1,17", "ptvn": "   2,99", "pvn": " 100,00", "pvnt": "   0,00", "pvp": "   0,00", "pvv": "  95,24", "pvan": "   0,00", "pvansj": "   4,76", "cand": [{"seq": "1", "n": "22111", "vap": "651", "pvap": "   6,61", "e": "S", "st": "Eleito"}, {"seq": "5", "n": "22333", "vap": "581", "pvap": "   5,90", "e": "S", "st": "Eleito"}, {"seq": "7", "n": "22777", "vap": "504", "pvap": "   5,12", "e": "S", "st": "Eleito"}, {"seq": "8", "n": "22000", "vap": "439", "pvap": "   4,46", "e": "S", "st": "Eleito"}, {"seq": "9", "n": "22444", "vap": "396", "pvap": "   4,02", "e": "S", "st": "Eleito"}, {"seq": "11", "n": "22555", "vap": "389", "pvap": "   3,95", "e": "N", "st": "Suplente"}, {"seq": "13", "n": "22560", "vap": "366", "pvap": "   3,72", "e": "N", "st": "Suplente"}, {"seq": "14", "n": "22234", "vap": "306", "pvap": "   3,11", "e": "N", "st": "Suplente"}, {"seq": "16", "n": "22999", "vap": "260", "pvap": "   2,64", "e": "N", "st": "Suplente"}, {"seq": "18", "n": "22666", "vap": "173", "pvap": "   1,76", "e": "N", "st": "Suplente"}, {"seq": "19", "n": "22888", "vap": "140", "pvap": "   1,42", "e": "N", "st": "Suplente"}, {"seq": "20", "n": "22123", "vap": "116", "pvap": "   1,18", "e": "N", "st": "Suplente"}, {"seq": "27", "n": "22222", "vap": "382", "pvap": "   3,88", "e": "N", "st": "N\u00e3o eleito"}, {"seq": "30", "n": "22200", "vap": "87", "pvap": "   0,88", "e": "N", "st": "N\u00e3o eleito"}, {"seq": "2", "n": "15333", "vap": "637", "pvap": "   6,47", "e": "S", "st": "Eleito"}, {"seq": "3", "n": "15444", "vap": "616", "pvap": "   6,26", "e": "S", "st": "Eleito"}, {"seq": "4", "n": "15555", "vap": "611", "pvap": "   6,21", "e": "S", "st": "Eleito"}, {"seq": "6", "n": "15111", "vap": "569", "pvap": "   5,78", "e": "S", "st": "Eleito"}, {"seq": "10", "n": "15615", "vap": "475", "pvap": "   4,82", "e": "N", "st": "Suplente"}, {"seq": "12", "n": "15999", "vap": "387", "pvap": "   3,93", "e": "N", "st": "Suplente"}, {"seq": "15", "n": "15777", "vap": "261", "pvap": "   2,65", "e": "N", "st": "Suplente"}, {"seq": "17", "n": "15888", "vap": "219", "pvap": "   2,22", "e": "N", "st": "Suplente"}, {"seq": "21", "n": "15321", "vap": "108", "pvap": "   1,10", "e": "N", "st": "Suplente"}, {"seq": "22", "n": "15000", "vap": "71", "pvap": "   0,72", "e": "N", "st": "Suplente"}, {"seq": "23", "n": "15400", "vap": "27", "pvap": "   0,27", "e": "N", "st": "Suplente"}, {"seq": "24", "n": "15100", "vap": "17", "pvap": "   0,17", "e": "N", "st": "Suplente"}, {"seq": "25", "n": "15500", "vap": "16", "pvap": "   0,16", "e": "N", "st": "Suplente"}, {"seq": "26", "n": "15200", "vap": "6", "pvap": "   0,06", "e": "N", "st": "Suplente"}, {"seq": "28", "n": "13123", "vap": "314", "pvap": "   3,19", "e": "N", "st": "N\u00e3o eleito"}, {"seq": "29", "n": "13222", "vap": "111", "pvap": "   1,13", "e": "N", "st": "N\u00e3o eleito"}, {"seq": "31", "n": "13333", "vap": "78", "pvap": "   0,79", "e": "N", "st": "N\u00e3o eleito"}, {"seq": "32", "n": "13666", "vap": "74", "pvap": "   0,75", "e": "N", "st": "N\u00e3o eleito"}, {"seq": "33", "n": "13777", "vap": "40", "pvap": "   0,41", "e": "N", "st": "N\u00e3o eleito"}, {"seq": "34", "n": "13444", "vap": "23", "pvap": "   0,23", "e": "N", "st": "N\u00e3o eleito"}, {"seq": "35", "n": "13456", "vap": "13", "pvap": "   0,13", "e": "N", "st": "N\u00e3o eleito"}, {"seq": "36", "n": "13000", "vap": "11", "pvap": "   0,11", "e": "N", "st": "N\u00e3o eleito"}, {"seq": "37", "n": "13555", "vap": "4", "pvap": "   0,04", "e": "N", "st": "N\u00e3o eleito"}]}]}