{"ele": "426", "carper": "13", "t": "1", "f": "O", "esae": "N", "mnae": " ", "dg": "15/11/2020", "hg": "20:15:23", "dv": "S", "nadf": "rn16110-c0013-e000426-002-f", "abr": [{"dt": "15/11/2020", "ht": "20:04:44", "tf": "S", "and": "F", "tpabr": "MU", "cdabr": "16110", "s": "15", "st": "15", "snt": "0", "si": "15", "sni": "0", "sa": "15", "sna": "0", "pst": " 100,00", "psnt": "   0,00", "psi": " 100,00", "psni": "   0,00", "psa": " 100,00", "psna": "   0,00", "e": "5069", "ea": "5069", "ena": "0", "esi": "5069", "esni": "0", "c": "4661", "a": "408", "pea": " 100,00", "pena": "   0,00", "pesi": " 100,00", "pesni": "   0,00", "pa": "   8,05", "pc": "  91,95", "vscv": "0", "vnom": "4309", "vl": "183", "tv": "4661", "vvc": "4492", "vb": "27", "tvn": "142", "vn": "142", "vnt": "0", "vp": "0", "vv": "4492", "van": "0", "vansj": "0", "pvnom": "  95,93", "pvl": "   4,07", "pvvc": "  96,37", "pvb": "   0,58", "ptvn": "   3,05", "pvn": " 100,00", "pvnt": "   0,00", "pvp": "   0,00", "pvv": " 100,00", "pvan": "   0,00", "pvansj": "   0,00", "colig": [{"n": "200000088770", "tvtn": "361", "tvan": "361", "vag": "0", "tvtl": "25", "tval": "25"}, {"n": "200000095021", "tvtn": "1331", "tvan": "1331", "vag": "3", "tvtl": "67", "tval": "67"}, {"n": "200000088877", "tvtn": "212", "tvan": "212", "vag": "0", "tvtl": "4", "tval": "4"}, {"n": "200000108825", "tvtn": "2405", "tvan": "2405", "vag": "6", "tvtl": "87", "tval": "87"}], "part": [{"n": "40", "tvtn": "361", "tvan": "361", "tvtl": "25", "tval": "25"}, {"n": "10", "tvtn": "1331", "tvan": "1331", "tvtl": "67", "tval": "67"}, {"n": "65", "tvtn": "212", "tvan": "212", "tvtl": "4", "tval": "4"}, {"n": "15", "tvtn": "2405", "tvan": "2405", "tvtl": "87", "tval": "87"}], "cand": [{"seq": "24", "n": "40555", "vap": "16", "pvap": "   0,36", "e": "N", "st": "N\u00e3o eleito"}, {"seq": "21", "n": "40111", "vap": "32", "pvap": "   0,71", "e": "N", "st": "N\u00e3o eleito"}, {"seq": "23", "n": "40444", "vap": "17", "pvap": "   0,38", "e": "N", "st": "N\u00e3o eleito"}, {"seq": "20", "n": "40888", "vap": "76", "pvap": "   1,69", "e": "N", "st": "N\u00e3o eleito"}, {"seq": "18", "n": "40222", "vap": "217", "pvap": "   4,83", "e": "N", "st": "N\u00e3o eleito"}, {"seq": "26", "n": "40000", "vap": "3", "pvap": "   0,07", "e": "N", "st": "N\u00e3o eleito"}, {"seq": "1", "n": "10123", "vap": "618", "pvap": "  13,76", "e": "S", "st": "Eleito"}, {"seq": "12", "n": "10111", "vap": "147", "pvap": "   3,27", "e": "N", "st": "Suplente"}, {"seq": "17", "n": "10888", "vap": "1", "pvap": "   0,02", "e": "N", "st": "Suplente"}, {"seq": "9", "n": "10222", "vap": "280", "pvap": "   6,23", "e": "S", "st": "Eleito"}, {"seq": "8", "n": "10000", "vap": "285", "pvap": "   6,34", "e": "S", "st": "Eleito"}, {"seq": "19", "n": "65555", "vap": "176", "pvap": "   3,92", "e": "N", "st": "N\u00e3o eleito"}, {"seq": "25", "n": "65111", "vap": "14", "pvap": "   0,31", "e": "N", "st": "N\u00e3o eleito"}, {"seq": "22", "n": "65222", "vap": "22", "pvap": "   0,49", "e": "N", "st": "N\u00e3o eleito"}, {"seq": "6", "n": "15333", "vap": "295", "pvap": "   6,57", "e": "S", "st": "Eleito"}, {"seq": "10", "n": "15000", "vap": "240", "pvap": "   5,34", "e": "N", "st": "Suplente"}, {"seq": "7", "n": "15555", "vap": "294", "pvap": "   6,54", "e": "S", "st": "Eleito"}, {"seq": "16", "n": "15999", "vap": "1", "pvap": "   0,02", "e": "N", "st": "Suplente"}, {"seq": "4", "n": "15123", "vap": "310", "pvap": "   6,90", "e": "S", "st": "Eleito"}, {"seq": "15", "n": "15456", "vap": "2", "pvap": "   0,04", "e": "N", "st": "Suplente"}, {"seq": "11", "n": "15111", "vap": "205", "pvap": "   4,56", "e": "N", "st": "Suplente"}, {"seq": "5", "n": "15678", "vap": "295", "pvap": "   6,57", "e": "S", "st": "Eleito"}, {"seq": "3", "n": "15222", "vap": "349", "pvap": "   7,77", "e": "S", "st": "Eleito"}, {"seq": "27", "n": "15888", "vap": "0", "pvap": "00.00", "e": "N", "st": "N\u00e3o eleito"}, {"seq": "2", "n": "15601", "vap": "350", "pvap": "   7,79", "e": "S", "st": "Eleito"}, {"seq": "13", "n": "15444", "vap": "60", "pvap": "   1,34", "e": "N", "st": "Suplente"}, {"seq": "14", "n": "15777", "vap": "4", "pvap": "   0,09", "e": "N", "st": "Suplente"}]}, {"dt": "15/11/2020", "ht": "20:04:44", "tf": "S", "and": "F", "tpabr": "ZONA", "cdabr": "37", "s": "15", "st": "15", "snt": "0", "si": "15", "sni": "0", "sa": "15", "sna": "0", "pst": " 100,00", "psnt": "   0,00", "psi": " 100,00", "psni": "   0,00", "psa": " 100,00", "psna": "   0,00", "e": "5069", "ea": "5069", "ena": "0", "esi": "5069", "esni": "0", "a": "408", "c": "4661", "pea": " 100,00", "pena": "   0,00", "pesi": " 100,00", "pesni": "   0,00", "pa": "   8,05", "pc": "  91,95", "vnom": "4309", "vscv": "0", "vl": "183", "tv": "4661", "vvc": "4492", "vb": "27", "tvn": "142", "vn": "142", "vnt": "0", "vp": "0", "vv": "4492", "van": "0", "vansj": "0", "pvnom": "  95,93", "pvl": "   4,07", "pvvc": "  96,37", "pvb": "   0,58", "ptvn": "   3,05", "pvn": " 100,00", "pvnt": "   0,00", "pvp": "   0,00", "pvv": " 100,00", "pvan": "   0,00", "pvansj": "   0,00", "cand": [{"seq": "1", "n": "10123", "vap": "618", "pvap": "  13,76", "e": "S", "st": "Eleito"}, {"seq": "8", "n": "10000", "vap": "285", "pvap": "   6,34", "e": "S", "st": "Eleito"}, {"seq": "9", "n": "10222", "vap": "280", "pvap": "   6,23", "e": "S", "st": "Eleito"}, {"seq": "12", "n": "10111", "vap": "147", "pvap": "   3,27", "e": "N", "st": "Suplente"}, {"seq": "17", "n": "10888", "vap": "1", "pvap": "   0,02", "e": "N", "st": "Suplente"}, {"seq": "2", "n": "15601", "vap": "350", "pvap": "   7,79", "e": "S", "st": "Eleito"}, {"seq": "3", "n": "15222", "vap": "349", "pvap": "   7,77", "e": "S", "st": "Eleito"}, {"seq": "4", "n": "15123", "vap": "310", "pvap": "   6,90", "e": "S", "st": "Eleito"}, {"seq": "5", "n": "15678", "vap": "295", "pvap": "   6,57", "e": "S", "st": "Eleito"}, {"seq": "6", "n": "15333", "vap": "295", "pvap": "   6,57", "e": "S", "st": "Eleito"}, {"seq": "7", "n": "15555", "vap": "294", "pvap": "   6,54", "e": "S", "st": "Eleito"}, {"seq": "10", "n": "15000", "vap": "240", "pvap": "   5,34", "e": "N", "st": "Suplente"}, {"seq": "11", "n": "15111", "vap": "205", "pvap": "   4,56", "e": "N", "st": "Suplente"}, {"seq": "13", "n": "15444", "vap": "60", "pvap": "   1,34", "e": "N", "st": "Suplente"}, {"seq": "14", "n": "15777", "vap": "4", "pvap": "   0,09", "e": "N", "st": "Suplente"}, {"seq": "15", "n": "15456", "vap": "2", "pvap": "   0,04", "e": "N", "st": "Suplente"}, {"seq": "16", "n": "15999", "vap": "1", "pvap": "   0,02", "e": "N", "st": "Suplente"}, {"seq": "27", "n": "15888", "vap": "0", "pvap": "00.00", "e": "N", "st": "N\u00e3o eleito"}, {"seq": "18", "n": "40222", "vap": "217", "pvap": "   4,83", "e": "N", "st": "N\u00e3o eleito"}, {"seq": "20", "n": "40888", "vap": "76", "pvap": "   1,69", "e": "N", "st": "N\u00e3o eleito"}, {"seq": "21", "n": "40111", "vap": "32", "pvap": "   0,71", "e": "N", "st": "N\u00e3o eleito"}, {"seq": "23", "n": "40444", "vap": "17", "pvap": "   0,38", "e": "N", "st": "N\u00e3o eleito"}, {"seq": "24", "n": "40555", "vap": "16", "pvap": "   0,36", "e": "N", "st": "N\u00e3o eleito"}, {"seq": "26", "n": "40000", "vap": "3", "pvap": "   0,07", "e": "N", "st": "N\u00e3o eleito"}, {"seq": "19", "n": "65555", "vap": "176", "pvap": "   3,92", "e": "N", "st": "N\u00e3o eleito"}, {"seq": "22", "n": "65222", "vap": "22", "pvap": "   0,49", "e": "N", "st": "N\u00e3o eleito"}, {"seq": "25", "n": "65111", "vap": "14", "pvap": "   0,31", "e": "N", "st": "N\u00e3o eleito"}]}]}