{"ele": "426", "carper": "13", "t": "1", "f": "O", "esae": "N", "mnae": " ", "dg": "15/11/2020", "hg": "22:16:27", "dv": "S", "nadf": "sc81205-c0013-e000426-002-f", "abr": [{"dt": "15/11/2020", "ht": "20:16:55", "tf": "S", "and": "F", "tpabr": "MU", "cdabr": "81205", "s": "4", "st": "4", "snt": "0", "si": "4", "sni": "0", "sa": "4", "sna": "0", "pst": " 100,00", "psnt": "   0,00", "psi": " 100,00", "psni": "   0,00", "psa": " 100,00", "psna": "   0,00", "e": "1440", "ea": "1440", "ena": "0", "esi": "1440", "esni": "0", "c": "1381", "a": "59", "pea": " 100,00", "pena": "   0,00", "pesi": " 100,00", "pesni": "   0,00", "pa": "   4,10", "pc": "  95,90", "vscv": "0", "vnom": "1319", "vl": "41", "tv": "1381", "vvc": "1360", "vb": "10", "tvn": "11", "vn": "11", "vnt": "0", "vp": "0", "vv": "1360", "van": "0", "vansj": "0", "pvnom": "  96,99", "pvl": "   3,01", "pvvc": "  98,48", "pvb": "   0,72", "ptvn": "   0,80", "pvn": " 100,00", "pvnt": "   0,00", "pvp": "   0,00", "pvv": " 100,00", "pvan": "   0,00", "pvansj": "   0,00", "colig": [{"n": "240000073251", "tvtn": "301", "tvan": "301", "vag": "2", "tvtl": "14", "tval": "14"}, {"n": "240000073254", "tvtn": "88", "tvan": "88", "vag": "0", "tvtl": "7", "tval": "7"}, {"n": "240000071317", "tvtn": "550", "tvan": "550", "vag": "5", "tvtl": "17", "tval": "17"}, {"n": "240000073252", "tvtn": "182", "tvan": "182", "vag": "1", "tvtl": "0", "tval": "0"}, {"n": "240000060351", "tvtn": "198", "tvan": "198", "vag": "1", "tvtl": "3", "tval": "3"}], "part": [{"n": "55", "tvtn": "301", "tvan": "301", "tvtl": "14", "tval": "14"}, {"n": "11", "tvtn": "88", "tvan": "88", "tvtl": "7", "tval": "7"}, {"n": "15", "tvtn": "550", "tvan": "550", "tvtl": "17", "tval": "17"}, {"n": "13", "tvtn": "182", "tvan": "182", "tvtl": "0", "tval": "0"}, {"n": "45", "tvtn": "198", "tvan": "198", "tvtl": "3", "tval": "3"}], "cand": [{"seq": "8", "n": "55678", "vap": "68", "pvap": "   5,00", "e": "S", "st": "Eleito"}, {"seq": "5", "n": "55123", "vap": "81", "pvap": "   5,96", "e": "S", "st": "Eleito"}, {"seq": "19", "n": "55800", "vap": "18", "pvap": "   1,32", "e": "N", "st": "Suplente"}, {"seq": "12", "n": "55789", "vap": "63", "pvap": "   4,63", "e": "N", "st": "Suplente"}, {"seq": "13", "n": "55456", "vap": "60", "pvap": "   4,41", "e": "N", "st": "Suplente"}, {"seq": "20", "n": "55225", "vap": "11", "pvap": "   0,81", "e": "N", "st": "Suplente"}, {"seq": "23", "n": "11123", "vap": "21", "pvap": "   1,54", "e": "N", "st": "N\u00e3o eleito"}, {"seq": "22", "n": "11130", "vap": "67", "pvap": "   4,93", "e": "N", "st": "N\u00e3o eleito"}, {"seq": "2", "n": "15200", "vap": "102", "pvap": "   7,50", "e": "S", "st": "Eleito"}, {"seq": "21", "n": "15615", "vap": "7", "pvap": "   0,51", "e": "N", "st": "Suplente"}, {"seq": "1", "n": "15456", "vap": "103", "pvap": "   7,57", "e": "S", "st": "Eleito"}, {"seq": "17", "n": "15789", "vap": "33", "pvap": "   2,43", "e": "N", "st": "Suplente"}, {"seq": "3", "n": "15677", "vap": "86", "pvap": "   6,32", "e": "S", "st": "Eleito"}, {"seq": "6", "n": "15123", "vap": "81", "pvap": "   5,96", "e": "S", "st": "Eleito"}, {"seq": "14", "n": "15660", "vap": "44", "pvap": "   3,24", "e": "N", "st": "Suplente"}, {"seq": "9", "n": "15678", "vap": "68", "pvap": "   5,00", "e": "S", "st": "Eleito"}, {"seq": "18", "n": "15345", "vap": "26", "pvap": "   1,91", "e": "N", "st": "Suplente"}, {"seq": "11", "n": "13123", "vap": "68", "pvap": "   5,00", "e": "N", "st": "Suplente"}, {"seq": "15", "n": "13555", "vap": "43", "pvap": "   3,16", "e": "N", "st": "Suplente"}, {"seq": "7", "n": "13130", "vap": "71", "pvap": "   5,22", "e": "S", "st": "Eleito"}, {"seq": "16", "n": "45678", "vap": "41", "pvap": "   3,01", "e": "N", "st": "Suplente"}, {"seq": "4", "n": "45789", "vap": "81", "pvap": "   5,96", "e": "S", "st": "Eleito"}, {"seq": "10", "n": "45123", "vap": "76", "pvap": "   5,59", "e": "N", "st": "Suplente"}]}, {"dt": "15/11/2020", "ht": "20:16:55", "tf": "S", "and": "F", "tpabr": "ZONA", "cdabr": "78", "s": "4", "st": "4", "snt": "0", "si": "4", "sni": "0", "sa": "4", "sna": "0", "pst": " 100,00", "psnt": "   0,00", "psi": " 100,00", "psni": "   0,00", "psa": " 100,00", "psna": "   0,00", "e": "1440", "ea": "1440", "ena": "0", "esi": "1440", "esni": "0", "a": "59", "c": "1381", "pea": " 100,00", "pena": "   0,00", "pesi": " 100,00", "pesni": "   0,00", "pa": "   4,10", "pc": "  95,90", "vnom": "1319", "vscv": "0", "vl": "41", "tv": "1381", "vvc": "1360", "vb": "10", "tvn": "11", "vn": "11", "vnt": "0", "vp": "0", "vv": "1360", "van": "0", "vansj": "0", "pvnom": "  96,99", "pvl": "   3,01", "pvvc": "  98,48", "pvb": "   0,72", "ptvn": "   0,80", "pvn": " 100,00", "pvnt": "   0,00", "pvp": "   0,00", "pvv": " 100,00", "pvan": "   0,00", "pvansj": "   0,00", "cand": [{"seq": "7", "n": "13130", "vap": "71", "pvap": "   5,22", "e": "S", "st": "Eleito"}, {"seq": "11", "n": "13123", "vap": "68", "pvap": "   5,00", "e": "N", "st": "Suplente"}, {"seq": "15", "n": "13555", "vap": "43", "pvap": "   3,16", "e": "N", "st": "Suplente"}, {"seq": "1", "n": "15456", "vap": "103", "pvap": "   7,57", "e": "S", "st": "Eleito"}, {"seq": "2", "n": "15200", "vap": "102", "pvap": "   7,50", "e": "S", "st": "Eleito"}, {"seq": "3", "n": "15677", "vap": "86", "pvap": "   6,32", "e": "S", "st": "Eleito"}, {"seq": "6", "n": "15123", "vap": "81", "pvap": "   5,96", "e": "S", "st": "Eleito"}, {"seq": "9", "n": "15678", "vap": "68", "pvap": "   5,00", "e": "S", "st": "Eleito"}, {"seq": "14", "n": "15660", "vap": "44", "pvap": "   3,24", "e": "N", "st": "Suplente"}, {"seq": "17", "n": "15789", "vap": "33", "pvap": "   2,43", "e": "N", "st": "Suplente"}, {"seq": "18", "n": "15345", "vap": "26", "pvap": "   1,91", "e": "N", "st": "Suplente"}, {"seq": "21", "n": "15615", "vap": "7", "pvap": "   0,51", "e": "N", "st": "Suplente"}, {"seq": "5", "n": "55123", "vap": "81", "pvap": "   5,96", "e": "S", "st": "Eleito"}, {"seq": "8", "n": "55678", "vap": "68", "pvap": "   5,00", "e": "S", "st": "Eleito"}, {"seq": "12", "n": "55789", "vap": "63", "pvap": "   4,63", "e": "N", "st": "Suplente"}, {"seq": "13", "n": "55456", "vap": "60", "pvap": "   4,41", "e": "N", "st": "Suplente"}, {"seq": "19", "n": "55800", "vap": "18", "pvap": "   1,32", "e": "N", "st": "Suplente"}, {"seq": "20", "n": "55225", "vap": "11", "pvap": "   0,81", "e": "N", "st": "Suplente"}, {"seq": "22", "n": "11130", "vap": "67", "pvap": "   4,93", "e": "N", "st": "N\u00e3o eleito"}, {"seq": "23", "n": "11123", "vap": "21", "pvap": "   1,54", "e": "N", "st": "N\u00e3o eleito"}, {"seq": "4", "n": "45789", "vap": "81", "pvap": "   5,96", "e": "S", "st": "Eleito"}, {"seq": "10", "n": "45123", "vap": "76", "pvap": "   5,59", "e": "N", "st": "Suplente"}, {"seq": "16", "n": "45678", "vap": "41", "pvap": "   3,01", "e": "N", "st": "Suplente"}]}]}