{"ele": "426", "carper": "13", "t": "1", "f": "O", "esae": "N", "mnae": " ", "dg": "15/11/2020", "hg": "22:16:10", "dv": "S", "nadf": "sc83682-c0013-e000426-002-f", "abr": [{"dt": "15/11/2020", "ht": "22:06:48", "tf": "S", "and": "F", "tpabr": "MU", "cdabr": "83682", "s": "12", "st": "12", "snt": "0", "si": "12", "sni": "0", "sa": "12", "sna": "0", "pst": " 100,00", "psnt": "   0,00", "psi": " 100,00", "psni": "   0,00", "psa": " 100,00", "psna": "   0,00", "e": "3943", "ea": "3943", "ena": "0", "esi": "3943", "esni": "0", "c": "3522", "a": "421", "pea": " 100,00", "pena": "   0,00", "pesi": " 100,00", "pesni": "   0,00", "pa": "  10,68", "pc": "  89,32", "vscv": "0", "vnom": "3313", "vl": "62", "tv": "3522", "vvc": "3375", "vb": "57", "tvn": "90", "vn": "90", "vnt": "0", "vp": "0", "vv": "3375", "van": "0", "vansj": "0", "pvnom": "  98,16", "pvl": "   1,84", "pvvc": "  95,83", "pvb": "   1,61", "ptvn": "   2,56", "pvn": " 100,00", "pvnt": "   0,00", "pvp": "   0,00", "pvv": " 100,00", "pvan": "   0,00", "pvansj": "   0,00", "colig": [{"n": "240000120035", "tvtn": "1882", "tvan": "1882", "vag": "5", "tvtl": "19", "tval": "19"}, {"n": "240000098622", "tvtn": "313", "tvan": "313", "vag": "1", "tvtl": "4", "tval": "4"}, {"n": "240000139631", "tvtn": "699", "tvan": "699", "vag": "2", "tvtl": "37", "tval": "37"}, {"n": "240000125998", "tvtn": "419", "tvan": "419", "vag": "1", "tvtl": "2", "tval": "2"}], "part": [{"n": "55", "tvtn": "1882", "tvan": "1882", "tvtl": "19", "tval": "19"}, {"n": "22", "tvtn": "313", "tvan": "313", "tvtl": "4", "tval": "4"}, {"n": "15", "tvtn": "699", "tvan": "699", "tvtl": "37", "tval": "37"}, {"n": "13", "tvtn": "419", "tvan": "419", "tvtl": "2", "tval": "2"}], "cand": [{"seq": "7", "n": "55055", "vap": "146", "pvap": "   4,33", "e": "S", "st": "Eleito"}, {"seq": "9", "n": "55119", "vap": "136", "pvap": "   4,03", "e": "S", "st": "Eleito"}, {"seq": "20", "n": "55515", "vap": "47", "pvap": "   1,39", "e": "N", "st": "Suplente"}, {"seq": "2", "n": "55550", "vap": "334", "pvap": "   9,90", "e": "S", "st": "Eleito"}, {"seq": "18", "n": "55222", "vap": "49", "pvap": "   1,45", "e": "N", "st": "Suplente"}, {"seq": "23", "n": "55255", "vap": "19", "pvap": "   0,56", "e": "N", "st": "Suplente"}, {"seq": "13", "n": "55555", "vap": "90", "pvap": "   2,67", "e": "N", "st": "Suplente"}, {"seq": "12", "n": "55155", "vap": "119", "pvap": "   3,53", "e": "N", "st": "Suplente"}, {"seq": "1", "n": "55999", "vap": "577", "pvap": "  17,10", "e": "S", "st": "Eleito"}, {"seq": "11", "n": "55123", "vap": "132", "pvap": "   3,91", "e": "N", "st": "Suplente"}, {"seq": "15", "n": "55000", "vap": "82", "pvap": "   2,43", "e": "N", "st": "Suplente"}, {"seq": "25", "n": "55666", "vap": "9", "pvap": "   0,27", "e": "N", "st": "Suplente"}, {"seq": "8", "n": "55777", "vap": "142", "pvap": "   4,21", "e": "S", "st": "Eleito"}, {"seq": "4", "n": "22123", "vap": "248", "pvap": "   7,35", "e": "S", "st": "Eleito"}, {"seq": "21", "n": "22135", "vap": "43", "pvap": "   1,27", "e": "N", "st": "Suplente"}, {"seq": "22", "n": "22000", "vap": "22", "pvap": "   0,65", "e": "N", "st": "Suplente"}, {"seq": "6", "n": "15660", "vap": "186", "pvap": "   5,51", "e": "S", "st": "Eleito"}, {"seq": "10", "n": "15015", "vap": "173", "pvap": "   5,13", "e": "N", "st": "Suplente"}, {"seq": "3", "n": "15620", "vap": "292", "pvap": "   8,65", "e": "S", "st": "Eleito"}, {"seq": "19", "n": "15650", "vap": "48", "pvap": "   1,42", "e": "N", "st": "Suplente"}, {"seq": "14", "n": "13601", "vap": "88", "pvap": "   2,61", "e": "N", "st": "Suplente"}, {"seq": "16", "n": "13123", "vap": "76", "pvap": "   2,25", "e": "N", "st": "Suplente"}, {"seq": "17", "n": "13333", "vap": "54", "pvap": "   1,60", "e": "N", "st": "Suplente"}, {"seq": "24", "n": "13987", "vap": "11", "pvap": "   0,33", "e": "N", "st": "Suplente"}, {"seq": "5", "n": "13000", "vap": "190", "pvap": "   5,63", "e": "S", "st": "Eleito"}]}, {"dt": "15/11/2020", "ht": "22:06:48", "tf": "S", "and": "F", "tpabr": "ZONA", "cdabr": "65", "s": "12", "st": "12", "snt": "0", "si": "12", "sni": "0", "sa": "12", "sna": "0", "pst": " 100,00", "psnt": "   0,00", "psi": " 100,00", "psni": "   0,00", "psa": " 100,00", "psna": "   0,00", "e": "3943", "ea": "3943", "ena": "0", "esi": "3943", "esni": "0", "a": "421", "c": "3522", "pea": " 100,00", "pena": "   0,00", "pesi": " 100,00", "pesni": "   0,00", "pa": "  10,68", "pc": "  89,32", "vnom": "3313", "vscv": "0", "vl": "62", "tv": "3522", "vvc": "3375", "vb": "57", "tvn": "90", "vn": "90", "vnt": "0", "vp": "0", "vv": "3375", "van": "0", "vansj": "0", "pvnom": "  98,16", "pvl": "   1,84", "pvvc": "  95,83", "pvb": "   1,61", "ptvn": "   2,56", "pvn": " 100,00", "pvnt": "   0,00", "pvp": "   0,00", "pvv": " 100,00", "pvan": "   0,00", "pvansj": "   0,00", "cand": [{"seq": "1", "n": "55999", "vap": "577", "pvap": "  17,10", "e": "S", "st": "Eleito"}, {"seq": "2", "n": "55550", "vap": "334", "pvap": "   9,90", "e": "S", "st": "Eleito"}, {"seq": "7", "n": "55055", "vap": "146", "pvap": "   4,33", "e": "S", "st": "Eleito"}, {"seq": "8", "n": "55777", "vap": "142", "pvap": "   4,21", "e": "S", "st": "Eleito"}, {"seq": "9", "n": "55119", "vap": "136", "pvap": "   4,03", "e": "S", "st": "Eleito"}, {"seq": "11", "n": "55123", "vap": "132", "pvap": "   3,91", "e": "N", "st": "Suplente"}, {"seq": "12", "n": "55155", "vap": "119", "pvap": "   3,53", "e": "N", "st": "Suplente"}, {"seq": "13", "n": "55555", "vap": "90", "pvap": "   2,67", "e": "N", "st": "Suplente"}, {"seq": "15", "n": "55000", "vap": "82", "pvap": "   2,43", "e": "N", "st": "Suplente"}, {"seq": "18", "n": "55222", "vap": "49", "pvap": "   1,45", "e": "N", "st": "Suplente"}, {"seq": "20", "n": "55515", "vap": "47", "pvap": "   1,39", "e": "N", "st": "Suplente"}, {"seq": "25", "n": "55666", "vap": "9", "pvap": "   0,27", "e": "N", "st": "Suplente"}, {"seq": "23", "n": "55255", "vap": "19", "pvap": "   0,56", "e": "N", "st": "Suplente"}, {"seq": "3", "n": "15620", "vap": "292", "pvap": "   8,65", "e": "S", "st": "Eleito"}, {"seq": "6", "n": "15660", "vap": "186", "pvap": "   5,51", "e": "S", "st": "Eleito"}, {"seq": "10", "n": "15015", "vap": "173", "pvap": "   5,13", "e": "N", "st": "Suplente"}, {"seq": "19", "n": "15650", "vap": "48", "pvap": "   1,42", "e": "N", "st": "Suplente"}, {"seq": "5", "n": "13000", "vap": "190", "pvap": "   5,63", "e": "S", "st": "Eleito"}, {"seq": "14", "n": "13601", "vap": "88", "pvap": "   2,61", "e": "N", "st": "Suplente"}, {"seq": "16", "n": "13123", "vap": "76", "pvap": "   2,25", "e": "N", "st": "Suplente"}, {"seq": "17", "n": "13333", "vap": "54", "pvap": "   1,60", "e": "N", "st": "Suplente"}, {"seq": "24", "n": "13987", "vap": "11", "pvap": "   0,33", "e": "N", "st": "Suplente"}, {"seq": "4", "n": "22123", "vap": "248", "pvap": "   7,35", "e": "S", "st": "Eleito"}, {"seq": "21", "n": "22135", "vap": "43", "pvap": "   1,27", "e": "N", "st": "Suplente"}, {"seq": "22", "n": "22000", "vap": "22", "pvap": "   0,65", "e": "N", "st": "Suplente"}]}]}