{"ele": "426", "carper": "13", "t": "1", "f": "O", "esae": "N", "mnae": " ", "dg": "15/11/2020", "hg": "22:16:23", "dv": "S", "nadf": "sc80985-c0013-e000426-002-f", "abr": [{"dt": "15/11/2020", "ht": "22:07:34", "tf": "S", "and": "F", "tpabr": "MU", "cdabr": "80985", "s": "34", "st": "34", "snt": "0", "si": "34", "sni": "0", "sa": "34", "sna": "0", "pst": " 100,00", "psnt": "   0,00", "psi": " 100,00", "psni": "   0,00", "psa": " 100,00", "psna": "   0,00", "e": "14930", "ea": "14930", "ena": "0", "esi": "14930", "esni": "0", "c": "11435", "a": "3495", "pea": " 100,00", "pena": "   0,00", "pesi": " 100,00", "pesni": "   0,00", "pa": "  23,41", "pc": "  76,59", "vscv": "0", "vnom": "10481", "vl": "286", "tv": "11435", "vvc": "10767", "vb": "271", "tvn": "397", "vn": "397", "vnt": "0", "vp": "0", "vv": "10767", "van": "0", "vansj": "0", "pvnom": "  97,34", "pvl": "   2,66", "pvvc": "  94,16", "pvb": "   2,37", "ptvn": "   3,47", "pvn": " 100,00", "pvnt": "   0,00", "pvp": "   0,00", "pvv": " 100,00", "pvan": "   0,00", "pvansj": "   0,00", "colig": [{"n": "240000057051", "tvtn": "3453", "tvan": "3453", "vag": "3", "tvtl": "33", "tval": "33"}, {"n": "240000134931", "tvtn": "1361", "tvan": "1361", "vag": "1", "tvtl": "35", "tval": "35"}, {"n": "240000056446", "tvtn": "835", "tvan": "835", "vag": "0", "tvtl": "15", "tval": "15"}, {"n": "240000056455", "tvtn": "3986", "tvan": "3986", "vag": "4", "tvtl": "159", "tval": "159"}, {"n": "240000088062", "tvtn": "846", "tvan": "846", "vag": "1", "tvtl": "44", "tval": "44"}], "part": [{"n": "12", "tvtn": "3453", "tvan": "3453", "tvtl": "33", "tval": "33"}, {"n": "22", "tvtn": "1361", "tvan": "1361", "tvtl": "35", "tval": "35"}, {"n": "11", "tvtn": "835", "tvan": "835", "tvtl": "15", "tval": "15"}, {"n": "25", "tvtn": "3986", "tvan": "3986", "tvtl": "159", "tval": "159"}, {"n": "45", "tvtn": "846", "tvan": "846", "tvtl": "44", "tval": "44"}], "cand": [{"seq": "18", "n": "12012", "vap": "271", "pvap": "   2,52", "e": "N", "st": "Suplente"}, {"seq": "8", "n": "12300", "vap": "392", "pvap": "   3,64", "e": "S", "st": "Eleito"}, {"seq": "35", "n": "12123", "vap": "55", "pvap": "   0,51", "e": "N", "st": "Suplente"}, {"seq": "17", "n": "12777", "vap": "274", "pvap": "   2,54", "e": "N", "st": "Suplente"}, {"seq": "46", "n": "12520", "vap": "15", "pvap": "   0,14", "e": "N", "st": "Suplente"}, {"seq": "39", "n": "12333", "vap": "35", "pvap": "   0,33", "e": "N", "st": "Suplente"}, {"seq": "14", "n": "12000", "vap": "291", "pvap": "   2,70", "e": "N", "st": "Suplente"}, {"seq": "7", "n": "12345", "vap": "405", "pvap": "   3,76", "e": "S", "st": "Eleito"}, {"seq": "21", "n": "12369", "vap": "218", "pvap": "   2,02", "e": "N", "st": "Suplente"}, {"seq": "28", "n": "12312", "vap": "118", "pvap": "   1,10", "e": "N", "st": "Suplente"}, {"seq": "13", "n": "12500", "vap": "354", "pvap": "   3,29", "e": "N", "st": "Suplente"}, {"seq": "20", "n": "12222", "vap": "223", "pvap": "   2,07", "e": "N", "st": "Suplente"}, {"seq": "4", "n": "12355", "vap": "512", "pvap": "   4,76", "e": "S", "st": "Eleito"}, {"seq": "15", "n": "12200", "vap": "290", "pvap": "   2,69", "e": "N", "st": "Suplente"}, {"seq": "36", "n": "22777", "vap": "54", "pvap": "   0,50", "e": "N", "st": "Suplente"}, {"seq": "34", "n": "22022", "vap": "66", "pvap": "   0,61", "e": "N", "st": "Suplente"}, {"seq": "50", "n": "22123", "vap": "3", "pvap": "   0,03", "e": "N", "st": "Suplente"}, {"seq": "27", "n": "22222", "vap": "126", "pvap": "   1,17", "e": "N", "st": "Suplente"}, {"seq": "11", "n": "22000", "vap": "415", "pvap": "   3,85", "e": "N", "st": "Suplente"}, {"seq": "38", "n": "22333", "vap": "43", "pvap": "   0,40", "e": "N", "st": "Suplente"}, {"seq": "41", "n": "22012", "vap": "32", "pvap": "   0,30", "e": "N", "st": "Suplente"}, {"seq": "49", "n": "22432", "vap": "5", "pvap": "   0,05", "e": "N", "st": "Suplente"}, {"seq": "3", "n": "22444", "vap": "522", "pvap": "   4,85", "e": "S", "st": "Eleito"}, {"seq": "31", "n": "22111", "vap": "95", "pvap": "   0,88", "e": "N", "st": "Suplente"}, {"seq": "57", "n": "11073", "vap": "37", "pvap": "   0,34", "e": "N", "st": "N\u00e3o eleito"}, {"seq": "60", "n": "11225", "vap": "19", "pvap": "   0,18", "e": "N", "st": "N\u00e3o eleito"}, {"seq": "58", "n": "11001", "vap": "32", "pvap": "   0,30", "e": "N", "st": "N\u00e3o eleito"}, {"seq": "54", "n": "11234", "vap": "76", "pvap": "   0,71", "e": "N", "st": "N\u00e3o eleito"}, {"seq": "51", "n": "11011", "vap": "269", "pvap": "   2,50", "e": "N", "st": "N\u00e3o eleito"}, {"seq": "53", "n": "11111", "vap": "92", "pvap": "   0,85", "e": "N", "st": "N\u00e3o eleito"}, {"seq": "55", "n": "11333", "vap": "60", "pvap": "   0,56", "e": "N", "st": "N\u00e3o eleito"}, {"seq": "52", "n": "11222", "vap": "144", "pvap": "   1,34", "e": "N", "st": "N\u00e3o eleito"}, {"seq": "56", "n": "11123", "vap": "58", "pvap": "   0,54", "e": "N", "st": "N\u00e3o eleito"}, {"seq": "62", "n": "11500", "vap": "3", "pvap": "   0,03", "e": "N", "st": "N\u00e3o eleito"}, {"seq": "59", "n": "11055", "vap": "32", "pvap": "   0,30", "e": "N", "st": "N\u00e3o eleito"}, {"seq": "61", "n": "11777", "vap": "13", "pvap": "   0,12", "e": "N", "st": "N\u00e3o eleito"}, {"seq": "5", "n": "25025", "vap": "479", "pvap": "   4,45", "e": "S", "st": "Eleito"}, {"seq": "30", "n": "25111", "vap": "99", "pvap": "   0,92", "e": "N", "st": "Suplente"}, {"seq": "10", "n": "25015", "vap": "433", "pvap": "   4,02", "e": "N", "st": "Suplente"}, {"seq": "1", "n": "25500", "vap": "551", "pvap": "   5,12", "e": "S", "st": "Eleito"}, {"seq": "22", "n": "25400", "vap": "183", "pvap": "   1,70", "e": "N", "st": "Suplente"}, {"seq": "16", "n": "25222", "vap": "280", "pvap": "   2,60", "e": "N", "st": "Suplente"}, {"seq": "33", "n": "25010", "vap": "69", "pvap": "   0,64", "e": "N", "st": "Suplente"}, {"seq": "12", "n": "25678", "vap": "357", "pvap": "   3,32", "e": "N", "st": "Suplente"}, {"seq": "23", "n": "25100", "vap": "183", "pvap": "   1,70", "e": "N", "st": "Suplente"}, {"seq": "29", "n": "25000", "vap": "111", "pvap": "   1,03", "e": "N", "st": "Suplente"}, {"seq": "19", "n": "25777", "vap": "230", "pvap": "   2,14", "e": "N", "st": "Suplente"}, {"seq": "6", "n": "25123", "vap": "450", "pvap": "   4,18", "e": "S", "st": "Eleito"}, {"seq": "45", "n": "25300", "vap": "16", "pvap": "   0,15", "e": "N", "st": "Suplente"}, {"seq": "2", "n": "25555", "vap": "545", "pvap": "   5,06", "e": "S", "st": "Eleito"}, {"seq": "47", "n": "45300", "vap": "13", "pvap": "   0,12", "e": "N", "st": "Suplente"}, {"seq": "25", "n": "45045", "vap": "129", "pvap": "   1,20", "e": "N", "st": "Suplente"}, {"seq": "9", "n": "45000", "vap": "221", "pvap": "   2,05", "e": "S", "st": "Eleito"}, {"seq": "37", "n": "45200", "vap": "45", "pvap": "   0,42", "e": "N", "st": "Suplente"}, {"seq": "44", "n": "45678", "vap": "17", "pvap": "   0,16", "e": "N", "st": "Suplente"}, {"seq": "26", "n": "45610", "vap": "127", "pvap": "   1,18", "e": "N", "st": "Suplente"}, {"seq": "24", "n": "45111", "vap": "129", "pvap": "   1,20", "e": "N", "st": "Suplente"}, {"seq": "43", "n": "45554", "vap": "19", "pvap": "   0,18", "e": "N", "st": "Suplente"}, {"seq": "42", "n": "45555", "vap": "24", "pvap": "   0,22", "e": "N", "st": "Suplente"}, {"seq": "32", "n": "45123", "vap": "75", "pvap": "   0,70", "e": "N", "st": "Suplente"}, {"seq": "48", "n": "45007", "vap": "12", "pvap": "   0,11", "e": "N", "st": "Suplente"}, {"seq": "40", "n": "45075", "vap": "35", "pvap": "   0,33", "e": "N", "st": "Suplente"}]}, {"dt": "15/11/2020", "ht": "22:07:34", "tf": "S", "and": "F", "tpabr": "ZONA", "cdabr": "31", "s": "34", "st": "34", "snt": "0", "si": "34", "sni": "0", "sa": "34", "sna": "0", "pst": " 100,00", "psnt": "   0,00", "psi": " 100,00", "psni": "   0,00", "psa": " 100,00", "psna": "   0,00", "e": "14930", "ea": "14930", "ena": "0", "esi": "14930", "esni": "0", "a": "3495", "c": "11435", "pea": " 100,00", "pena": "   0,00", "pesi": " 100,00", "pesni": "   0,00", "pa": "  23,41", "pc": "  76,59", "vnom": "10481", "vscv": "0", "vl": "286", "tv": "11435", "vvc": "10767", "vb": "271", "tvn": "397", "vn": "397", "vnt": "0", "vp": "0", "vv": "10767", "van": "0", "vansj": "0", "pvnom": "  97,34", "pvl": "   2,66", "pvvc": "  94,16", "pvb": "   2,37", "ptvn": "   3,47", "pvn": " 100,00", "pvnt": "   0,00", "pvp": "   0,00", "pvv": " 100,00", "pvan": "   0,00", "pvansj": "   0,00", "cand": [{"seq": "51", "n": "11011", "vap": "269", "pvap": "   2,50", "e": "N", "st": "N\u00e3o eleito"}, {"seq": "52", "n": "11222", "vap": "144", "pvap": "   1,34", "e": "N", "st": "N\u00e3o eleito"}, {"seq": "53", "n": "11111", "vap": "92", "pvap": "   0,85", "e": "N", "st": "N\u00e3o eleito"}, {"seq": "54", "n": "11234", "vap": "76", "pvap": "   0,71", "e": "N", "st": "N\u00e3o eleito"}, {"seq": "55", "n": "11333", "vap": "60", "pvap": "   0,56", "e": "N", "st": "N\u00e3o eleito"}, {"seq": "56", "n": "11123", "vap": "58", "pvap": "   0,54", "e": "N", "st": "N\u00e3o eleito"}, {"seq": "57", "n": "11073", "vap": "37", "pvap": "   0,34", "e": "N", "st": "N\u00e3o eleito"}, {"seq": "58", "n": "11001", "vap": "32", "pvap": "   0,30", "e": "N", "st": "N\u00e3o eleito"}, {"seq": "59", "n": "11055", "vap": "32", "pvap": "   0,30", "e": "N", "st": "N\u00e3o eleito"}, {"seq": "60", "n": "11225", "vap": "19", "pvap": "   0,18", "e": "N", "st": "N\u00e3o eleito"}, {"seq": "61", "n": "11777", "vap": "13", "pvap": "   0,12", "e": "N", "st": "N\u00e3o eleito"}, {"seq": "62", "n": "11500", "vap": "3", "pvap": "   0,03", "e": "N", "st": "N\u00e3o eleito"}, {"seq": "9", "n": "45000", "vap": "221", "pvap": "   2,05", "e": "S", "st": "Eleito"}, {"seq": "24", "n": "45111", "vap": "129", "pvap": "   1,20", "e": "N", "st": "Suplente"}, {"seq": "25", "n": "45045", "vap": "129", "pvap": "   1,20", "e": "N", "st": "Suplente"}, {"seq": "26", "n": "45610", "vap": "127", "pvap": "   1,18", "e": "N", "st": "Suplente"}, {"seq": "32", "n": "45123", "vap": "75", "pvap": "   0,70", "e": "N", "st": "Suplente"}, {"seq": "37", "n": "45200", "vap": "45", "pvap": "   0,42", "e": "N", "st": "Suplente"}, {"seq": "40", "n": "45075", "vap": "35", "pvap": "   0,33", "e": "N", "st": "Suplente"}, {"seq": "42", "n": "45555", "vap": "24", "pvap": "   0,22", "e": "N", "st": "Suplente"}, {"seq": "43", "n": "45554", "vap": "19", "pvap": "   0,18", "e": "N", "st": "Suplente"}, {"seq": "44", "n": "45678", "vap": "17", "pvap": "   0,16", "e": "N", "st": "Suplente"}, {"seq": "47", "n": "45300", "vap": "13", "pvap": "   0,12", "e": "N", "st": "Suplente"}, {"seq": "48", "n": "45007", "vap": "12", "pvap": "   0,11", "e": "N", "st": "Suplente"}, {"seq": "4", "n": "12355", "vap": "512", "pvap": "   4,76", "e": "S", "st": "Eleito"}, {"seq": "7", "n": "12345", "vap": "405", "pvap": "   3,76", "e": "S", "st": "Eleito"}, {"seq": "8", "n": "12300", "vap": "392", "pvap": "   3,64", "e": "S", "st": "Eleito"}, {"seq": "13", "n": "12500", "vap": "354", "pvap": "   3,29", "e": "N", "st": "Suplente"}, {"seq": "14", "n": "12000", "vap": "291", "pvap": "   2,70", "e": "N", "st": "Suplente"}, {"seq": "15", "n": "12200", "vap": "290", "pvap": "   2,69", "e": "N", "st": "Suplente"}, {"seq": "17", "n": "12777", "vap": "274", "pvap": "   2,54", "e": "N", "st": "Suplente"}, {"seq": "18", "n": "12012", "vap": "271", "pvap": "   2,52", "e": "N", "st": "Suplente"}, {"seq": "20", "n": "12222", "vap": "223", "pvap": "   2,07", "e": "N", "st": "Suplente"}, {"seq": "21", "n": "12369", "vap": "218", "pvap": "   2,02", "e": "N", "st": "Suplente"}, {"seq": "28", "n": "12312", "vap": "118", "pvap": "   1,10", "e": "N", "st": "Suplente"}, {"seq": "35", "n": "12123", "vap": "55", "pvap": "   0,51", "e": "N", "st": "Suplente"}, {"seq": "39", "n": "12333", "vap": "35", "pvap": "   0,33", "e": "N", "st": "Suplente"}, {"seq": "46", "n": "12520", "vap": "15", "pvap": "   0,14", "e": "N", "st": "Suplente"}, {"seq": "3", "n": "22444", "vap": "522", "pvap": "   4,85", "e": "S", "st": "Eleito"}, {"seq": "11", "n": "22000", "vap": "415", "pvap": "   3,85", "e": "N", "st": "Suplente"}, {"seq": "27", "n": "22222", "vap": "126", "pvap": "   1,17", "e": "N", "st": "Suplente"}, {"seq": "31", "n": "22111", "vap": "95", "pvap": "   0,88", "e": "N", "st": "Suplente"}, {"seq": "34", "n": "22022", "vap": "66", "pvap": "   0,61", "e": "N", "st": "Suplente"}, {"seq": "36", "n": "22777", "vap": "54", "pvap": "   0,50", "e": "N", "st": "Suplente"}, {"seq": "38", "n": "22333", "vap": "43", "pvap": "   0,40", "e": "N", "st": "Suplente"}, {"seq": "41", "n": "22012", "vap": "32", "pvap": "   0,30", "e": "N", "st": "Suplente"}, {"seq": "49", "n": "22432", "vap": "5", "pvap": "   0,05", "e": "N", "st": "Suplente"}, {"seq": "50", "n": "22123", "vap": "3", "pvap": "   0,03", "e": "N", "st": "Suplente"}, {"seq": "1", "n": "25500", "vap": "551", "pvap": "   5,12", "e": "S", "st": "Eleito"}, {"seq": "2", "n": "25555", "vap": "545", "pvap": "   5,06", "e": "S", "st": "Eleito"}, {"seq": "5", "n": "25025", "vap": "479", "pvap": "   4,45", "e": "S", "st": "Eleito"}, {"seq": "6", "n": "25123", "vap": "450", "pvap": "   4,18", "e": "S", "st": "Eleito"}, {"seq": "10", "n": "25015", "vap": "433", "pvap": "   4,02", "e": "N", "st": "Suplente"}, {"seq": "12", "n": "25678", "vap": "357", "pvap": "   3,32", "e": "N", "st": "Suplente"}, {"seq": "16", "n": "25222", "vap": "280", "pvap": "   2,60", "e": "N", "st": "Suplente"}, {"seq": "19", "n": "25777", "vap": "230", "pvap": "   2,14", "e": "N", "st": "Suplente"}, {"seq": "22", "n": "25400", "vap": "183", "pvap": "   1,70", "e": "N", "st": "Suplente"}, {"seq": "23", "n": "25100", "vap": "183", "pvap": "   1,70", "e": "N", "st": "Suplente"}, {"seq": "29", "n": "25000", "vap": "111", "pvap": "   1,03", "e": "N", "st": "Suplente"}, {"seq": "30", "n": "25111", "vap": "99", "pvap": "   0,92", "e": "N", "st": "Suplente"}, {"seq": "33", "n": "25010", "vap": "69", "pvap": "   0,64", "e": "N", "st": "Suplente"}, {"seq": "45", "n": "25300", "vap": "16", "pvap": "   0,15", "e": "N", "st": "Suplente"}]}]}