{"ele": "426", "carper": "13", "t": "1", "f": "O", "esae": "N", "mnae": " ", "dg": "15/11/2020", "hg": "22:16:10", "dv": "S", "nadf": "sc80136-c0013-e000426-002-f", "abr": [{"dt": "15/11/2020", "ht": "21:00:13", "tf": "S", "and": "F", "tpabr": "MU", "cdabr": "80136", "s": "25", "st": "25", "snt": "0", "si": "25", "sni": "0", "sa": "25", "sna": "0", "pst": " 100,00", "psnt": "   0,00", "psi": " 100,00", "psni": "   0,00", "psa": " 100,00", "psna": "   0,00", "e": "7171", "ea": "7171", "ena": "0", "esi": "7171", "esni": "0", "c": "6582", "a": "589", "pea": " 100,00", "pena": "   0,00", "pesi": " 100,00", "pesni": "   0,00", "pa": "   8,21", "pc": "  91,79", "vscv": "0", "vnom": "6125", "vl": "280", "tv": "6582", "vvc": "6405", "vb": "67", "tvn": "110", "vn": "110", "vnt": "0", "vp": "0", "vv": "6405", "van": "0", "vansj": "0", "pvnom": "  95,63", "pvl": "   4,37", "pvvc": "  97,31", "pvb": "   1,02", "ptvn": "   1,67", "pvn": " 100,00", "pvnt": "   0,00", "pvp": "   0,00", "pvv": " 100,00", "pvan": "   0,00", "pvansj": "   0,00", "colig": [{"n": "240000127193", "tvtn": "980", "tvan": "980", "vag": "1", "tvtl": "15", "tval": "15"}, {"n": "240000147829", "tvtn": "235", "tvan": "235", "vag": "0", "tvtl": "2", "tval": "2"}, {"n": "240000133812", "tvtn": "161", "tvan": "161", "vag": "0", "tvtl": "1", "tval": "1"}, {"n": "240000149460", "tvtn": "2704", "tvan": "2704", "vag": "5", "tvtl": "137", "tval": "137"}, {"n": "240000134906", "tvtn": "619", "tvan": "619", "vag": "1", "tvtl": "16", "tval": "16"}, {"n": "240000126958", "tvtn": "1426", "tvan": "1426", "vag": "2", "tvtl": "109", "tval": "109"}], "part": [{"n": "55", "tvtn": "980", "tvan": "980", "tvtl": "15", "tval": "15"}, {"n": "10", "tvtn": "235", "tvan": "235", "tvtl": "2", "tval": "2"}, {"n": "22", "tvtn": "161", "tvan": "161", "tvtl": "1", "tval": "1"}, {"n": "15", "tvtn": "2704", "tvan": "2704", "tvtl": "137", "tval": "137"}, {"n": "13", "tvtn": "619", "tvan": "619", "tvtl": "16", "tval": "16"}, {"n": "45", "tvtn": "1426", "tvan": "1426", "tvtl": "109", "tval": "109"}], "cand": [{"seq": "15", "n": "55011", "vap": "173", "pvap": "   2,70", "e": "N", "st": "Suplente"}, {"seq": "17", "n": "55555", "vap": "107", "pvap": "   1,67", "e": "N", "st": "Suplente"}, {"seq": "2", "n": "55055", "vap": "496", "pvap": "   7,74", "e": "S", "st": "Eleito"}, {"seq": "35", "n": "55123", "vap": "4", "pvap": "   0,06", "e": "N", "st": "Suplente"}, {"seq": "16", "n": "55150", "vap": "155", "pvap": "   2,42", "e": "N", "st": "Suplente"}, {"seq": "33", "n": "55678", "vap": "14", "pvap": "   0,22", "e": "N", "st": "Suplente"}, {"seq": "25", "n": "55000", "vap": "31", "pvap": "   0,48", "e": "N", "st": "Suplente"}, {"seq": "39", "n": "10115", "vap": "54", "pvap": "   0,84", "e": "N", "st": "N\u00e3o eleito"}, {"seq": "36", "n": "10000", "vap": "164", "pvap": "   2,56", "e": "N", "st": "N\u00e3o eleito"}, {"seq": "41", "n": "10615", "vap": "17", "pvap": "   0,27", "e": "N", "st": "N\u00e3o eleito"}, {"seq": "38", "n": "22222", "vap": "65", "pvap": "   1,01", "e": "N", "st": "N\u00e3o eleito"}, {"seq": "40", "n": "22123", "vap": "23", "pvap": "   0,36", "e": "N", "st": "N\u00e3o eleito"}, {"seq": "37", "n": "22022", "vap": "73", "pvap": "   1,14", "e": "N", "st": "N\u00e3o eleito"}, {"seq": "12", "n": "15350", "vap": "226", "pvap": "   3,53", "e": "N", "st": "Suplente"}, {"seq": "31", "n": "15634", "vap": "20", "pvap": "   0,31", "e": "N", "st": "Suplente"}, {"seq": "19", "n": "15888", "vap": "96", "pvap": "   1,50", "e": "N", "st": "Suplente"}, {"seq": "29", "n": "15540", "vap": "23", "pvap": "   0,36", "e": "N", "st": "Suplente"}, {"seq": "5", "n": "15650", "vap": "393", "pvap": "   6,14", "e": "S", "st": "Eleito"}, {"seq": "1", "n": "15615", "vap": "578", "pvap": "   9,02", "e": "S", "st": "Eleito"}, {"seq": "9", "n": "15010", "vap": "234", "pvap": "   3,65", "e": "S", "st": "Eleito"}, {"seq": "20", "n": "15321", "vap": "62", "pvap": "   0,97", "e": "N", "st": "Suplente"}, {"seq": "6", "n": "15123", "vap": "367", "pvap": "   5,73", "e": "S", "st": "Eleito"}, {"seq": "26", "n": "15602", "vap": "27", "pvap": "   0,42", "e": "N", "st": "Suplente"}, {"seq": "13", "n": "15234", "vap": "225", "pvap": "   3,51", "e": "N", "st": "Suplente"}, {"seq": "8", "n": "15215", "vap": "245", "pvap": "   3,83", "e": "S", "st": "Eleito"}, {"seq": "14", "n": "15369", "vap": "208", "pvap": "   3,25", "e": "N", "st": "Suplente"}, {"seq": "30", "n": "13789", "vap": "23", "pvap": "   0,36", "e": "N", "st": "Suplente"}, {"seq": "23", "n": "13333", "vap": "36", "pvap": "   0,56", "e": "N", "st": "Suplente"}, {"seq": "27", "n": "13130", "vap": "26", "pvap": "   0,41", "e": "N", "st": "Suplente"}, {"seq": "11", "n": "13123", "vap": "257", "pvap": "   4,01", "e": "N", "st": "Suplente"}, {"seq": "7", "n": "13456", "vap": "277", "pvap": "   4,32", "e": "S", "st": "Eleito"}, {"seq": "21", "n": "45987", "vap": "58", "pvap": "   0,91", "e": "N", "st": "Suplente"}, {"seq": "4", "n": "45613", "vap": "423", "pvap": "   6,60", "e": "S", "st": "Eleito"}, {"seq": "34", "n": "45321", "vap": "13", "pvap": "   0,20", "e": "N", "st": "Suplente"}, {"seq": "28", "n": "45123", "vap": "24", "pvap": "   0,37", "e": "N", "st": "Suplente"}, {"seq": "24", "n": "45567", "vap": "35", "pvap": "   0,55", "e": "N", "st": "Suplente"}, {"seq": "18", "n": "45789", "vap": "104", "pvap": "   1,62", "e": "N", "st": "Suplente"}, {"seq": "3", "n": "45456", "vap": "440", "pvap": "   6,87", "e": "S", "st": "Eleito"}, {"seq": "10", "n": "45645", "vap": "260", "pvap": "   4,06", "e": "N", "st": "Suplente"}, {"seq": "22", "n": "45678", "vap": "53", "pvap": "   0,83", "e": "N", "st": "Suplente"}, {"seq": "32", "n": "45654", "vap": "16", "pvap": "   0,25", "e": "N", "st": "Suplente"}]}, {"dt": "15/11/2020", "ht": "21:00:13", "tf": "S", "and": "F", "tpabr": "ZONA", "cdabr": "4", "s": "25", "st": "25", "snt": "0", "si": "25", "sni": "0", "sa": "25", "sna": "0", "pst": " 100,00", "psnt": "   0,00", "psi": " 100,00", "psni": "   0,00", "psa": " 100,00", "psna": "   0,00", "e": "7171", "ea": "7171", "ena": "0", "esi": "7171", "esni": "0", "a": "589", "c": "6582", "pea": " 100,00", "pena": "   0,00", "pesi": " 100,00", "pesni": "   0,00", "pa": "   8,21", "pc": "  91,79", "vnom": "6125", "vscv": "0", "vl": "280", "tv": "6582", "vvc": "6405", "vb": "67", "tvn": "110", "vn": "110", "vnt": "0", "vp": "0", "vv": "6405", "van": "0", "vansj": "0", "pvnom": "  95,63", "pvl": "   4,37", "pvvc": "  97,31", "pvb": "   1,02", "ptvn": "   1,67", "pvn": " 100,00", "pvnt": "   0,00", "pvp": "   0,00", "pvv": " 100,00", "pvan": "   0,00", "pvansj": "   0,00", "cand": [{"seq": "36", "n": "10000", "vap": "164", "pvap": "   2,56", "e": "N", "st": "N\u00e3o eleito"}, {"seq": "39", "n": "10115", "vap": "54", "pvap": "   0,84", "e": "N", "st": "N\u00e3o eleito"}, {"seq": "41", "n": "10615", "vap": "17", "pvap": "   0,27", "e": "N", "st": "N\u00e3o eleito"}, {"seq": "3", "n": "45456", "vap": "440", "pvap": "   6,87", "e": "S", "st": "Eleito"}, {"seq": "4", "n": "45613", "vap": "423", "pvap": "   6,60", "e": "S", "st": "Eleito"}, {"seq": "10", "n": "45645", "vap": "260", "pvap": "   4,06", "e": "N", "st": "Suplente"}, {"seq": "18", "n": "45789", "vap": "104", "pvap": "   1,62", "e": "N", "st": "Suplente"}, {"seq": "21", "n": "45987", "vap": "58", "pvap": "   0,91", "e": "N", "st": "Suplente"}, {"seq": "22", "n": "45678", "vap": "53", "pvap": "   0,83", "e": "N", "st": "Suplente"}, {"seq": "24", "n": "45567", "vap": "35", "pvap": "   0,55", "e": "N", "st": "Suplente"}, {"seq": "28", "n": "45123", "vap": "24", "pvap": "   0,37", "e": "N", "st": "Suplente"}, {"seq": "32", "n": "45654", "vap": "16", "pvap": "   0,25", "e": "N", "st": "Suplente"}, {"seq": "34", "n": "45321", "vap": "13", "pvap": "   0,20", "e": "N", "st": "Suplente"}, {"seq": "1", "n": "15615", "vap": "578", "pvap": "   9,02", "e": "S", "st": "Eleito"}, {"seq": "5", "n": "15650", "vap": "393", "pvap": "   6,14", "e": "S", "st": "Eleito"}, {"seq": "6", "n": "15123", "vap": "367", "pvap": "   5,73", "e": "S", "st": "Eleito"}, {"seq": "8", "n": "15215", "vap": "245", "pvap": "   3,83", "e": "S", "st": "Eleito"}, {"seq": "9", "n": "15010", "vap": "234", "pvap": "   3,65", "e": "S", "st": "Eleito"}, {"seq": "12", "n": "15350", "vap": "226", "pvap": "   3,53", "e": "N", "st": "Suplente"}, {"seq": "13", "n": "15234", "vap": "225", "pvap": "   3,51", "e": "N", "st": "Suplente"}, {"seq": "14", "n": "15369", "vap": "208", "pvap": "   3,25", "e": "N", "st": "Suplente"}, {"seq": "19", "n": "15888", "vap": "96", "pvap": "   1,50", "e": "N", "st": "Suplente"}, {"seq": "20", "n": "15321", "vap": "62", "pvap": "   0,97", "e": "N", "st": "Suplente"}, {"seq": "26", "n": "15602", "vap": "27", "pvap": "   0,42", "e": "N", "st": "Suplente"}, {"seq": "29", "n": "15540", "vap": "23", "pvap": "   0,36", "e": "N", "st": "Suplente"}, {"seq": "31", "n": "15634", "vap": "20", "pvap": "   0,31", "e": "N", "st": "Suplente"}, {"seq": "37", "n": "22022", "vap": "73", "pvap": "   1,14", "e": "N", "st": "N\u00e3o eleito"}, {"seq": "38", "n": "22222", "vap": "65", "pvap": "   1,01", "e": "N", "st": "N\u00e3o eleito"}, {"seq": "40", "n": "22123", "vap": "23", "pvap": "   0,36", "e": "N", "st": "N\u00e3o eleito"}, {"seq": "7", "n": "13456", "vap": "277", "pvap": "   4,32", "e": "S", "st": "Eleito"}, {"seq": "11", "n": "13123", "vap": "257", "pvap": "   4,01", "e": "N", "st": "Suplente"}, {"seq": "23", "n": "13333", "vap": "36", "pvap": "   0,56", "e": "N", "st": "Suplente"}, {"seq": "27", "n": "13130", "vap": "26", "pvap": "   0,41", "e": "N", "st": "Suplente"}, {"seq": "30", "n": "13789", "vap": "23", "pvap": "   0,36", "e": "N", "st": "Suplente"}, {"seq": "2", "n": "55055", "vap": "496", "pvap": "   7,74", "e": "S", "st": "Eleito"}, {"seq": "15", "n": "55011", "vap": "173", "pvap": "   2,70", "e": "N", "st": "Suplente"}, {"seq": "16", "n": "55150", "vap": "155", "pvap": "   2,42", "e": "N", "st": "Suplente"}, {"seq": "17", "n": "55555", "vap": "107", "pvap": "   1,67", "e": "N", "st": "Suplente"}, {"seq": "25", "n": "55000", "vap": "31", "pvap": "   0,48", "e": "N", "st": "Suplente"}, {"seq": "33", "n": "55678", "vap": "14", "pvap": "   0,22", "e": "N", "st": "Suplente"}, {"seq": "35", "n": "55123", "vap": "4", "pvap": "   0,06", "e": "N", "st": "Suplente"}]}]}