{"ele": "426", "carper": "13", "t": "1", "f": "O", "esae": "N", "mnae": " ", "dg": "15/11/2020", "hg": "22:16:21", "dv": "S", "nadf": "sc80195-c0013-e000426-003-f", "abr": [{"dt": "15/11/2020", "ht": "20:17:12", "tf": "S", "and": "F", "tpabr": "MU", "cdabr": "80195", "s": "24", "st": "24", "snt": "0", "si": "24", "sni": "0", "sa": "24", "sna": "0", "pst": " 100,00", "psnt": "   0,00", "psi": " 100,00", "psni": "   0,00", "psa": " 100,00", "psna": "   0,00", "e": "7407", "ea": "7407", "ena": "0", "esi": "7407", "esni": "0", "c": "5892", "a": "1515", "pea": " 100,00", "pena": "   0,00", "pesi": " 100,00", "pesni": "   0,00", "pa": "  20,45", "pc": "  79,55", "vscv": "0", "vnom": "5395", "vl": "262", "tv": "5892", "vvc": "5657", "vb": "115", "tvn": "120", "vn": "120", "vnt": "0", "vp": "0", "vv": "5657", "van": "0", "vansj": "0", "pvnom": "  95,37", "pvl": "   4,63", "pvvc": "  96,01", "pvb": "   1,95", "ptvn": "   2,04", "pvn": " 100,00", "pvnt": "   0,00", "pvp": "   0,00", "pvv": " 100,00", "pvan": "   0,00", "pvansj": "   0,00", "colig": [{"n": "240000132754", "tvtn": "604", "tvan": "604", "vag": "1", "tvtl": "12", "tval": "12"}, {"n": "240000133785", "tvtn": "308", "tvan": "308", "vag": "0", "tvtl": "58", "tval": "58"}, {"n": "240000133779", "tvtn": "491", "tvan": "491", "vag": "1", "tvtl": "38", "tval": "38"}, {"n": "240000151416", "tvtn": "2449", "tvan": "2449", "vag": "5", "tvtl": "100", "tval": "100"}, {"n": "240000133299", "tvtn": "497", "tvan": "497", "vag": "1", "tvtl": "13", "tval": "13"}, {"n": "240000137507", "tvtn": "831", "tvan": "831", "vag": "1", "tvtl": "30", "tval": "30"}, {"n": "240000132705", "tvtn": "215", "tvan": "215", "vag": "0", "tvtl": "11", "tval": "11"}], "part": [{"n": "55", "tvtn": "604", "tvan": "604", "tvtl": "12", "tval": "12"}, {"n": "17", "tvtn": "308", "tvan": "308", "tvtl": "58", "tval": "58"}, {"n": "23", "tvtn": "491", "tvan": "491", "tvtl": "38", "tval": "38"}, {"n": "22", "tvtn": "2449", "tvan": "2449", "tvtl": "100", "tval": "100"}, {"n": "15", "tvtn": "497", "tvan": "497", "tvtl": "13", "tval": "13"}, {"n": "13", "tvtn": "831", "tvan": "831", "tvtl": "30", "tval": "30"}, {"n": "45", "tvtn": "215", "tvan": "215", "tvtl": "11", "tval": "11"}], "cand": [{"seq": "18", "n": "55555", "vap": "100", "pvap": "   1,77", "e": "N", "st": "Suplente"}, {"seq": "28", "n": "55169", "vap": "35", "pvap": "   0,62", "e": "N", "st": "Suplente"}, {"seq": "26", "n": "55234", "vap": "38", "pvap": "   0,67", "e": "N", "st": "Suplente"}, {"seq": "12", "n": "55123", "vap": "201", "pvap": "   3,55", "e": "N", "st": "Suplente"}, {"seq": "8", "n": "55147", "vap": "230", "pvap": "   4,07", "e": "S", "st": "Eleito"}, {"seq": "41", "n": "17007", "vap": "41", "pvap": "   0,72", "e": "N", "st": "N\u00e3o eleito"}, {"seq": "38", "n": "17777", "vap": "267", "pvap": "   4,72", "e": "N", "st": "N\u00e3o eleito"}, {"seq": "5", "n": "23456", "vap": "285", "pvap": "   5,04", "e": "S", "st": "Eleito"}, {"seq": "19", "n": "23333", "vap": "91", "pvap": "   1,61", "e": "N", "st": "Suplente"}, {"seq": "17", "n": "23123", "vap": "115", "pvap": "   2,03", "e": "N", "st": "Suplente"}, {"seq": "1", "n": "22456", "vap": "409", "pvap": "   7,23", "e": "S", "st": "Eleito"}, {"seq": "3", "n": "22345", "vap": "299", "pvap": "   5,29", "e": "S", "st": "Eleito"}, {"seq": "10", "n": "22234", "vap": "249", "pvap": "   4,40", "e": "N", "st": "Suplente"}, {"seq": "23", "n": "22999", "vap": "64", "pvap": "   1,13", "e": "N", "st": "Suplente"}, {"seq": "4", "n": "22222", "vap": "291", "pvap": "   5,14", "e": "S", "st": "Eleito"}, {"seq": "2", "n": "22334", "vap": "326", "pvap": "   5,76", "e": "S", "st": "Eleito"}, {"seq": "7", "n": "22600", "vap": "256", "pvap": "   4,53", "e": "S", "st": "Eleito"}, {"seq": "32", "n": "22000", "vap": "17", "pvap": "   0,30", "e": "N", "st": "Suplente"}, {"seq": "13", "n": "22333", "vap": "191", "pvap": "   3,38", "e": "N", "st": "Suplente"}, {"seq": "30", "n": "22123", "vap": "25", "pvap": "   0,44", "e": "N", "st": "Suplente"}, {"seq": "22", "n": "22211", "vap": "80", "pvap": "   1,41", "e": "N", "st": "Suplente"}, {"seq": "21", "n": "22111", "vap": "90", "pvap": "   1,59", "e": "N", "st": "Suplente"}, {"seq": "15", "n": "22888", "vap": "152", "pvap": "   2,69", "e": "N", "st": "Suplente"}, {"seq": "36", "n": "15715", "vap": "8", "pvap": "   0,14", "e": "N", "st": "Suplente"}, {"seq": "11", "n": "15115", "vap": "213", "pvap": "   3,77", "e": "N", "st": "Suplente"}, {"seq": "9", "n": "15215", "vap": "227", "pvap": "   4,01", "e": "S", "st": "Eleito"}, {"seq": "33", "n": "15415", "vap": "11", "pvap": "   0,19", "e": "N", "st": "Suplente"}, {"seq": "37", "n": "15315", "vap": "6", "pvap": "   0,11", "e": "N", "st": "Suplente"}, {"seq": "29", "n": "15615", "vap": "32", "pvap": "   0,57", "e": "N", "st": "Suplente"}, {"seq": "14", "n": "13013", "vap": "177", "pvap": "   3,13", "e": "N", "st": "Suplente"}, {"seq": "34", "n": "13234", "vap": "10", "pvap": "   0,18", "e": "N", "st": "Suplente"}, {"seq": "6", "n": "13123", "vap": "267", "pvap": "   4,72", "e": "S", "st": "Eleito"}, {"seq": "16", "n": "13333", "vap": "116", "pvap": "   2,05", "e": "N", "st": "Suplente"}, {"seq": "24", "n": "13261", "vap": "64", "pvap": "   1,13", "e": "N", "st": "Suplente"}, {"seq": "31", "n": "13567", "vap": "22", "pvap": "   0,39", "e": "N", "st": "Suplente"}, {"seq": "27", "n": "13456", "vap": "36", "pvap": "   0,64", "e": "N", "st": "Suplente"}, {"seq": "20", "n": "13000", "vap": "91", "pvap": "   1,61", "e": "N", "st": "Suplente"}, {"seq": "35", "n": "13450", "vap": "9", "pvap": "   0,16", "e": "N", "st": "Suplente"}, {"seq": "25", "n": "13321", "vap": "39", "pvap": "   0,69", "e": "N", "st": "Suplente"}, {"seq": "40", "n": "45238", "vap": "63", "pvap": "   1,11", "e": "N", "st": "N\u00e3o eleito"}, {"seq": "39", "n": "45123", "vap": "114", "pvap": "   2,02", "e": "N", "st": "N\u00e3o eleito"}, {"seq": "42", "n": "45678", "vap": "38", "pvap": "   0,67", "e": "N", "st": "N\u00e3o eleito"}]}, {"dt": "15/11/2020", "ht": "20:17:12", "tf": "S", "and": "F", "tpabr": "ZONA", "cdabr": "52", "s": "24", "st": "24", "snt": "0", "si": "24", "sni": "0", "sa": "24", "sna": "0", "pst": " 100,00", "psnt": "   0,00", "psi": " 100,00", "psni": "   0,00", "psa": " 100,00", "psna": "   0,00", "e": "7407", "ea": "7407", "ena": "0", "esi": "7407", "esni": "0", "a": "1515", "c": "5892", "pea": " 100,00", "pena": "   0,00", "pesi": " 100,00", "pesni": "   0,00", "pa": "  20,45", "pc": "  79,55", "vnom": "5395", "vscv": "0", "vl": "262", "tv": "5892", "vvc": "5657", "vb": "115", "tvn": "120", "vn": "120", "vnt": "0", "vp": "0", "vv": "5657", "van": "0", "vansj": "0", "pvnom": "  95,37", "pvl": "   4,63", "pvvc": "  96,01", "pvb": "   1,95", "ptvn": "   2,04", "pvn": " 100,00", "pvnt": "   0,00", "pvp": "   0,00", "pvv": " 100,00", "pvan": "   0,00", "pvansj": "   0,00", "cand": [{"seq": "9", "n": "15215", "vap": "227", "pvap": "   4,01", "e": "S", "st": "Eleito"}, {"seq": "11", "n": "15115", "vap": "213", "pvap": "   3,77", "e": "N", "st": "Suplente"}, {"seq": "29", "n": "15615", "vap": "32", "pvap": "   0,57", "e": "N", "st": "Suplente"}, {"seq": "33", "n": "15415", "vap": "11", "pvap": "   0,19", "e": "N", "st": "Suplente"}, {"seq": "36", "n": "15715", "vap": "8", "pvap": "   0,14", "e": "N", "st": "Suplente"}, {"seq": "37", "n": "15315", "vap": "6", "pvap": "   0,11", "e": "N", "st": "Suplente"}, {"seq": "38", "n": "17777", "vap": "267", "pvap": "   4,72", "e": "N", "st": "N\u00e3o eleito"}, {"seq": "41", "n": "17007", "vap": "41", "pvap": "   0,72", "e": "N", "st": "N\u00e3o eleito"}, {"seq": "1", "n": "22456", "vap": "409", "pvap": "   7,23", "e": "S", "st": "Eleito"}, {"seq": "2", "n": "22334", "vap": "326", "pvap": "   5,76", "e": "S", "st": "Eleito"}, {"seq": "3", "n": "22345", "vap": "299", "pvap": "   5,29", "e": "S", "st": "Eleito"}, {"seq": "4", "n": "22222", "vap": "291", "pvap": "   5,14", "e": "S", "st": "Eleito"}, {"seq": "7", "n": "22600", "vap": "256", "pvap": "   4,53", "e": "S", "st": "Eleito"}, {"seq": "10", "n": "22234", "vap": "249", "pvap": "   4,40", "e": "N", "st": "Suplente"}, {"seq": "13", "n": "22333", "vap": "191", "pvap": "   3,38", "e": "N", "st": "Suplente"}, {"seq": "15", "n": "22888", "vap": "152", "pvap": "   2,69", "e": "N", "st": "Suplente"}, {"seq": "21", "n": "22111", "vap": "90", "pvap": "   1,59", "e": "N", "st": "Suplente"}, {"seq": "22", "n": "22211", "vap": "80", "pvap": "   1,41", "e": "N", "st": "Suplente"}, {"seq": "23", "n": "22999", "vap": "64", "pvap": "   1,13", "e": "N", "st": "Suplente"}, {"seq": "30", "n": "22123", "vap": "25", "pvap": "   0,44", "e": "N", "st": "Suplente"}, {"seq": "32", "n": "22000", "vap": "17", "pvap": "   0,30", "e": "N", "st": "Suplente"}, {"seq": "6", "n": "13123", "vap": "267", "pvap": "   4,72", "e": "S", "st": "Eleito"}, {"seq": "14", "n": "13013", "vap": "177", "pvap": "   3,13", "e": "N", "st": "Suplente"}, {"seq": "16", "n": "13333", "vap": "116", "pvap": "   2,05", "e": "N", "st": "Suplente"}, {"seq": "20", "n": "13000", "vap": "91", "pvap": "   1,61", "e": "N", "st": "Suplente"}, {"seq": "24", "n": "13261", "vap": "64", "pvap": "   1,13", "e": "N", "st": "Suplente"}, {"seq": "25", "n": "13321", "vap": "39", "pvap": "   0,69", "e": "N", "st": "Suplente"}, {"seq": "27", "n": "13456", "vap": "36", "pvap": "   0,64", "e": "N", "st": "Suplente"}, {"seq": "31", "n": "13567", "vap": "22", "pvap": "   0,39", "e": "N", "st": "Suplente"}, {"seq": "34", "n": "13234", "vap": "10", "pvap": "   0,18", "e": "N", "st": "Suplente"}, {"seq": "35", "n": "13450", "vap": "9", "pvap": "   0,16", "e": "N", "st": "Suplente"}, {"seq": "39", "n": "45123", "vap": "114", "pvap": "   2,02", "e": "N", "st": "N\u00e3o eleito"}, {"seq": "40", "n": "45238", "vap": "63", "pvap": "   1,11", "e": "N", "st": "N\u00e3o eleito"}, {"seq": "42", "n": "45678", "vap": "38", "pvap": "   0,67", "e": "N", "st": "N\u00e3o eleito"}, {"seq": "5", "n": "23456", "vap": "285", "pvap": "   5,04", "e": "S", "st": "Eleito"}, {"seq": "17", "n": "23123", "vap": "115", "pvap": "   2,03", "e": "N", "st": "Suplente"}, {"seq": "19", "n": "23333", "vap": "91", "pvap": "   1,61", "e": "N", "st": "Suplente"}, {"seq": "8", "n": "55147", "vap": "230", "pvap": "   4,07", "e": "S", "st": "Eleito"}, {"seq": "12", "n": "55123", "vap": "201", "pvap": "   3,55", "e": "N", "st": "Suplente"}, {"seq": "18", "n": "55555", "vap": "100", "pvap": "   1,77", "e": "N", "st": "Suplente"}, {"seq": "26", "n": "55234", "vap": "38", "pvap": "   0,67", "e": "N", "st": "Suplente"}, {"seq": "28", "n": "55169", "vap": "35", "pvap": "   0,62", "e": "N", "st": "Suplente"}]}]}