{"ele": "426", "carper": "13", "t": "1", "f": "O", "esae": "N", "mnae": " ", "dg": "15/11/2020", "hg": "22:16:19", "dv": "S", "nadf": "sc82791-c0013-e000426-003-f", "abr": [{"dt": "15/11/2020", "ht": "20:17:13", "tf": "S", "and": "F", "tpabr": "MU", "cdabr": "82791", "s": "25", "st": "25", "snt": "0", "si": "25", "sni": "0", "sa": "25", "sna": "0", "pst": " 100,00", "psnt": "   0,00", "psi": " 100,00", "psni": "   0,00", "psa": " 100,00", "psna": "   0,00", "e": "8024", "ea": "8024", "ena": "0", "esi": "8024", "esni": "0", "c": "7155", "a": "869", "pea": " 100,00", "pena": "   0,00", "pesi": " 100,00", "pesni": "   0,00", "pa": "  10,83", "pc": "  89,17", "vscv": "0", "vnom": "6641", "vl": "256", "tv": "7155", "vvc": "6897", "vb": "123", "tvn": "135", "vn": "135", "vnt": "0", "vp": "0", "vv": "6897", "van": "0", "vansj": "0", "pvnom": "  96,29", "pvl": "   3,71", "pvvc": "  96,39", "pvb": "   1,72", "ptvn": "   1,89", "pvn": " 100,00", "pvnt": "   0,00", "pvp": "   0,00", "pvv": " 100,00", "pvan": "   0,00", "pvansj": "   0,00", "colig": [{"n": "240000147214", "tvtn": "1654", "tvan": "1654", "vag": "2", "tvtl": "89", "tval": "89"}, {"n": "240000138791", "tvtn": "863", "tvan": "863", "vag": "1", "tvtl": "28", "tval": "28"}, {"n": "240000135940", "tvtn": "910", "tvan": "910", "vag": "1", "tvtl": "8", "tval": "8"}, {"n": "240000101126", "tvtn": "1166", "tvan": "1166", "vag": "2", "tvtl": "26", "tval": "26"}, {"n": "240000120454", "tvtn": "1723", "tvan": "1723", "vag": "3", "tvtl": "93", "tval": "93"}, {"n": "240000136759", "tvtn": "325", "tvan": "325", "vag": "0", "tvtl": "12", "tval": "12"}], "part": [{"n": "17", "tvtn": "1654", "tvan": "1654", "tvtl": "89", "tval": "89"}, {"n": "11", "tvtn": "863", "tvan": "863", "tvtl": "28", "tval": "28"}, {"n": "25", "tvtn": "910", "tvan": "910", "tvtl": "8", "tval": "8"}, {"n": "15", "tvtn": "1166", "tvan": "1166", "tvtl": "26", "tval": "26"}, {"n": "13", "tvtn": "1723", "tvan": "1723", "tvtl": "93", "tval": "93"}, {"n": "19", "tvtn": "325", "tvan": "325", "tvtl": "12", "tval": "12"}], "cand": [{"seq": "4", "n": "17890", "vap": "373", "pvap": "   5,41", "e": "S", "st": "Eleito"}, {"seq": "15", "n": "17123", "vap": "179", "pvap": "   2,60", "e": "N", "st": "Suplente"}, {"seq": "10", "n": "17190", "vap": "279", "pvap": "   4,05", "e": "N", "st": "Suplente"}, {"seq": "26", "n": "17678", "vap": "81", "pvap": "   1,17", "e": "N", "st": "Suplente"}, {"seq": "38", "n": "17617", "vap": "24", "pvap": "   0,35", "e": "N", "st": "Suplente"}, {"seq": "2", "n": "17456", "vap": "568", "pvap": "   8,24", "e": "S", "st": "Eleito"}, {"seq": "41", "n": "17015", "vap": "18", "pvap": "   0,26", "e": "N", "st": "Suplente"}, {"seq": "39", "n": "17520", "vap": "23", "pvap": "   0,33", "e": "N", "st": "Suplente"}, {"seq": "23", "n": "17177", "vap": "109", "pvap": "   1,58", "e": "N", "st": "Suplente"}, {"seq": "13", "n": "11650", "vap": "183", "pvap": "   2,65", "e": "N", "st": "Suplente"}, {"seq": "44", "n": "11620", "vap": "6", "pvap": "   0,09", "e": "N", "st": "Suplente"}, {"seq": "31", "n": "11611", "vap": "50", "pvap": "   0,72", "e": "N", "st": "Suplente"}, {"seq": "19", "n": "11630", "vap": "150", "pvap": "   2,17", "e": "N", "st": "Suplente"}, {"seq": "27", "n": "11678", "vap": "78", "pvap": "   1,13", "e": "N", "st": "Suplente"}, {"seq": "30", "n": "11234", "vap": "51", "pvap": "   0,74", "e": "N", "st": "Suplente"}, {"seq": "22", "n": "11654", "vap": "118", "pvap": "   1,71", "e": "N", "st": "Suplente"}, {"seq": "6", "n": "11511", "vap": "227", "pvap": "   3,29", "e": "S", "st": "Eleito"}, {"seq": "8", "n": "25777", "vap": "210", "pvap": "   3,04", "e": "S", "st": "Eleito"}, {"seq": "37", "n": "25444", "vap": "29", "pvap": "   0,42", "e": "N", "st": "Suplente"}, {"seq": "40", "n": "25023", "vap": "19", "pvap": "   0,28", "e": "N", "st": "Suplente"}, {"seq": "35", "n": "25000", "vap": "36", "pvap": "   0,52", "e": "N", "st": "Suplente"}, {"seq": "14", "n": "25700", "vap": "182", "pvap": "   2,64", "e": "N", "st": "Suplente"}, {"seq": "36", "n": "25025", "vap": "35", "pvap": "   0,51", "e": "N", "st": "Suplente"}, {"seq": "32", "n": "25500", "vap": "43", "pvap": "   0,62", "e": "N", "st": "Suplente"}, {"seq": "25", "n": "25678", "vap": "89", "pvap": "   1,29", "e": "N", "st": "Suplente"}, {"seq": "29", "n": "25357", "vap": "54", "pvap": "   0,78", "e": "N", "st": "Suplente"}, {"seq": "17", "n": "25123", "vap": "170", "pvap": "   2,46", "e": "N", "st": "Suplente"}, {"seq": "33", "n": "25022", "vap": "43", "pvap": "   0,62", "e": "N", "st": "Suplente"}, {"seq": "43", "n": "15678", "vap": "11", "pvap": "   0,16", "e": "N", "st": "Suplente"}, {"seq": "21", "n": "15615", "vap": "124", "pvap": "   1,80", "e": "N", "st": "Suplente"}, {"seq": "12", "n": "15456", "vap": "196", "pvap": "   2,84", "e": "N", "st": "Suplente"}, {"seq": "28", "n": "15315", "vap": "58", "pvap": "   0,84", "e": "N", "st": "Suplente"}, {"seq": "11", "n": "15215", "vap": "213", "pvap": "   3,09", "e": "N", "st": "Suplente"}, {"seq": "24", "n": "15017", "vap": "91", "pvap": "   1,32", "e": "N", "st": "Suplente"}, {"seq": "5", "n": "15015", "vap": "259", "pvap": "   3,76", "e": "S", "st": "Eleito"}, {"seq": "7", "n": "15630", "vap": "214", "pvap": "   3,10", "e": "S", "st": "Eleito"}, {"seq": "34", "n": "13130", "vap": "41", "pvap": "   0,59", "e": "N", "st": "Suplente"}, {"seq": "18", "n": "13033", "vap": "160", "pvap": "   2,32", "e": "N", "st": "Suplente"}, {"seq": "42", "n": "13088", "vap": "16", "pvap": "   0,23", "e": "N", "st": "Suplente"}, {"seq": "16", "n": "13123", "vap": "176", "pvap": "   2,55", "e": "N", "st": "Suplente"}, {"seq": "1", "n": "13456", "vap": "637", "pvap": "   9,24", "e": "S", "st": "Eleito"}, {"seq": "20", "n": "13789", "vap": "128", "pvap": "   1,86", "e": "N", "st": "Suplente"}, {"seq": "9", "n": "13013", "vap": "180", "pvap": "   2,61", "e": "S", "st": "Eleito"}, {"seq": "3", "n": "13450", "vap": "385", "pvap": "   5,58", "e": "S", "st": "Eleito"}, {"seq": "48", "n": "19677", "vap": "34", "pvap": "   0,49", "e": "N", "st": "N\u00e3o eleito"}, {"seq": "51", "n": "19150", "vap": "7", "pvap": "   0,10", "e": "N", "st": "N\u00e3o eleito"}, {"seq": "45", "n": "19300", "vap": "104", "pvap": "   1,51", "e": "N", "st": "N\u00e3o eleito"}, {"seq": "46", "n": "19500", "vap": "89", "pvap": "   1,29", "e": "N", "st": "N\u00e3o eleito"}, {"seq": "49", "n": "19550", "vap": "21", "pvap": "   0,30", "e": "N", "st": "N\u00e3o eleito"}, {"seq": "52", "n": "19180", "vap": "6", "pvap": "   0,09", "e": "N", "st": "N\u00e3o eleito"}, {"seq": "47", "n": "19800", "vap": "45", "pvap": "   0,65", "e": "N", "st": "N\u00e3o eleito"}, {"seq": "50", "n": "19200", "vap": "19", "pvap": "   0,28", "e": "N", "st": "N\u00e3o eleito"}]}, {"dt": "15/11/2020", "ht": "20:17:13", "tf": "S", "and": "F", "tpabr": "ZONA", "cdabr": "78", "s": "25", "st": "25", "snt": "0", "si": "25", "sni": "0", "sa": "25", "sna": "0", "pst": " 100,00", "psnt": "   0,00", "psi": " 100,00", "psni": "   0,00", "psa": " 100,00", "psna": "   0,00", "e": "8024", "ea": "8024", "ena": "0", "esi": "8024", "esni": "0", "a": "869", "c": "7155", "pea": " 100,00", "pena": "   0,00", "pesi": " 100,00", "pesni": "   0,00", "pa": "  10,83", "pc": "  89,17", "vnom": "6641", "vscv": "0", "vl": "256", "tv": "7155", "vvc": "6897", "vb": "123", "tvn": "135", "vn": "135", "vnt": "0", "vp": "0", "vv": "6897", "van": "0", "vansj": "0", "pvnom": "  96,29", "pvl": "   3,71", "pvvc": "  96,39", "pvb": "   1,72", "ptvn": "   1,89", "pvn": " 100,00", "pvnt": "   0,00", "pvp": "   0,00", "pvv": " 100,00", "pvan": "   0,00", "pvansj": "   0,00", "cand": [{"seq": "1", "n": "13456", "vap": "637", "pvap": "   9,24", "e": "S", "st": "Eleito"}, {"seq": "3", "n": "13450", "vap": "385", "pvap": "   5,58", "e": "S", "st": "Eleito"}, {"seq": "9", "n": "13013", "vap": "180", "pvap": "   2,61", "e": "S", "st": "Eleito"}, {"seq": "16", "n": "13123", "vap": "176", "pvap": "   2,55", "e": "N", "st": "Suplente"}, {"seq": "18", "n": "13033", "vap": "160", "pvap": "   2,32", "e": "N", "st": "Suplente"}, {"seq": "20", "n": "13789", "vap": "128", "pvap": "   1,86", "e": "N", "st": "Suplente"}, {"seq": "34", "n": "13130", "vap": "41", "pvap": "   0,59", "e": "N", "st": "Suplente"}, {"seq": "42", "n": "13088", "vap": "16", "pvap": "   0,23", "e": "N", "st": "Suplente"}, {"seq": "2", "n": "17456", "vap": "568", "pvap": "   8,24", "e": "S", "st": "Eleito"}, {"seq": "4", "n": "17890", "vap": "373", "pvap": "   5,41", "e": "S", "st": "Eleito"}, {"seq": "10", "n": "17190", "vap": "279", "pvap": "   4,05", "e": "N", "st": "Suplente"}, {"seq": "15", "n": "17123", "vap": "179", "pvap": "   2,60", "e": "N", "st": "Suplente"}, {"seq": "23", "n": "17177", "vap": "109", "pvap": "   1,58", "e": "N", "st": "Suplente"}, {"seq": "26", "n": "17678", "vap": "81", "pvap": "   1,17", "e": "N", "st": "Suplente"}, {"seq": "38", "n": "17617", "vap": "24", "pvap": "   0,35", "e": "N", "st": "Suplente"}, {"seq": "39", "n": "17520", "vap": "23", "pvap": "   0,33", "e": "N", "st": "Suplente"}, {"seq": "41", "n": "17015", "vap": "18", "pvap": "   0,26", "e": "N", "st": "Suplente"}, {"seq": "6", "n": "11511", "vap": "227", "pvap": "   3,29", "e": "S", "st": "Eleito"}, {"seq": "13", "n": "11650", "vap": "183", "pvap": "   2,65", "e": "N", "st": "Suplente"}, {"seq": "19", "n": "11630", "vap": "150", "pvap": "   2,17", "e": "N", "st": "Suplente"}, {"seq": "22", "n": "11654", "vap": "118", "pvap": "   1,71", "e": "N", "st": "Suplente"}, {"seq": "27", "n": "11678", "vap": "78", "pvap": "   1,13", "e": "N", "st": "Suplente"}, {"seq": "30", "n": "11234", "vap": "51", "pvap": "   0,74", "e": "N", "st": "Suplente"}, {"seq": "31", "n": "11611", "vap": "50", "pvap": "   0,72", "e": "N", "st": "Suplente"}, {"seq": "44", "n": "11620", "vap": "6", "pvap": "   0,09", "e": "N", "st": "Suplente"}, {"seq": "8", "n": "25777", "vap": "210", "pvap": "   3,04", "e": "S", "st": "Eleito"}, {"seq": "14", "n": "25700", "vap": "182", "pvap": "   2,64", "e": "N", "st": "Suplente"}, {"seq": "17", "n": "25123", "vap": "170", "pvap": "   2,46", "e": "N", "st": "Suplente"}, {"seq": "25", "n": "25678", "vap": "89", "pvap": "   1,29", "e": "N", "st": "Suplente"}, {"seq": "29", "n": "25357", "vap": "54", "pvap": "   0,78", "e": "N", "st": "Suplente"}, {"seq": "32", "n": "25500", "vap": "43", "pvap": "   0,62", "e": "N", "st": "Suplente"}, {"seq": "33", "n": "25022", "vap": "43", "pvap": "   0,62", "e": "N", "st": "Suplente"}, {"seq": "35", "n": "25000", "vap": "36", "pvap": "   0,52", "e": "N", "st": "Suplente"}, {"seq": "36", "n": "25025", "vap": "35", "pvap": "   0,51", "e": "N", "st": "Suplente"}, {"seq": "37", "n": "25444", "vap": "29", "pvap": "   0,42", "e": "N", "st": "Suplente"}, {"seq": "40", "n": "25023", "vap": "19", "pvap": "   0,28", "e": "N", "st": "Suplente"}, {"seq": "5", "n": "15015", "vap": "259", "pvap": "   3,76", "e": "S", "st": "Eleito"}, {"seq": "7", "n": "15630", "vap": "214", "pvap": "   3,10", "e": "S", "st": "Eleito"}, {"seq": "11", "n": "15215", "vap": "213", "pvap": "   3,09", "e": "N", "st": "Suplente"}, {"seq": "12", "n": "15456", "vap": "196", "pvap": "   2,84", "e": "N", "st": "Suplente"}, {"seq": "21", "n": "15615", "vap": "124", "pvap": "   1,80", "e": "N", "st": "Suplente"}, {"seq": "24", "n": "15017", "vap": "91", "pvap": "   1,32", "e": "N", "st": "Suplente"}, {"seq": "28", "n": "15315", "vap": "58", "pvap": "   0,84", "e": "N", "st": "Suplente"}, {"seq": "43", "n": "15678", "vap": "11", "pvap": "   0,16", "e": "N", "st": "Suplente"}, {"seq": "45", "n": "19300", "vap": "104", "pvap": "   1,51", "e": "N", "st": "N\u00e3o eleito"}, {"seq": "46", "n": "19500", "vap": "89", "pvap": "   1,29", "e": "N", "st": "N\u00e3o eleito"}, {"seq": "47", "n": "19800", "vap": "45", "pvap": "   0,65", "e": "N", "st": "N\u00e3o eleito"}, {"seq": "48", "n": "19677", "vap": "34", "pvap": "   0,49", "e": "N", "st": "N\u00e3o eleito"}, {"seq": "49", "n": "19550", "vap": "21", "pvap": "   0,30", "e": "N", "st": "N\u00e3o eleito"}, {"seq": "50", "n": "19200", "vap": "19", "pvap": "   0,28", "e": "N", "st": "N\u00e3o eleito"}, {"seq": "51", "n": "19150", "vap": "7", "pvap": "   0,10", "e": "N", "st": "N\u00e3o eleito"}, {"seq": "52", "n": "19180", "vap": "6", "pvap": "   0,09", "e": "N", "st": "N\u00e3o eleito"}]}]}