{"ele": "426", "carper": "13", "t": "1", "f": "O", "esae": "N", "mnae": " ", "dg": "15/11/2020", "hg": "22:37:31", "dv": "S", "nadf": "se31437-c0013-e000426-003-f", "abr": [{"dt": "15/11/2020", "ht": "22:12:45", "tf": "S", "and": "F", "tpabr": "MU", "cdabr": "31437", "s": "17", "st": "17", "snt": "0", "si": "17", "sni": "0", "sa": "17", "sna": "0", "pst": " 100,00", "psnt": "   0,00", "psi": " 100,00", "psni": "   0,00", "psa": " 100,00", "psna": "   0,00", "e": "5620", "ea": "5620", "ena": "0", "esi": "5620", "esni": "0", "c": "4976", "a": "644", "pea": " 100,00", "pena": "   0,00", "pesi": " 100,00", "pesni": "   0,00", "pa": "  11,46", "pc": "  88,54", "vscv": "0", "vnom": "4628", "vl": "198", "tv": "4976", "vvc": "4826", "vb": "29", "tvn": "121", "vn": "121", "vnt": "0", "vp": "0", "vv": "4826", "van": "0", "vansj": "0", "pvnom": "  95,90", "pvl": "   4,10", "pvvc": "  96,99", "pvb": "   0,58", "ptvn": "   2,43", "pvn": " 100,00", "pvnt": "   0,00", "pvp": "   0,00", "pvv": " 100,00", "pvan": "   0,00", "pvansj": "   0,00", "colig": [{"n": "260000075299", "tvtn": "1017", "tvan": "1017", "vag": "2", "tvtl": "102", "tval": "102"}, {"n": "260000089881", "tvtn": "800", "tvan": "800", "vag": "1", "tvtl": "11", "tval": "11"}, {"n": "260000095549", "tvtn": "44", "tvan": "44", "vag": "0", "tvtl": "3", "tval": "3"}, {"n": "260000088655", "tvtn": "533", "tvan": "533", "vag": "1", "tvtl": "43", "tval": "43"}, {"n": "260000090085", "tvtn": "1622", "tvan": "1622", "vag": "4", "tvtl": "31", "tval": "31"}, {"n": "260000089932", "tvtn": "612", "tvan": "612", "vag": "1", "tvtl": "8", "tval": "8"}], "part": [{"n": "13", "tvtn": "1017", "tvan": "1017", "tvtl": "102", "tval": "102"}, {"n": "19", "tvtn": "800", "tvan": "800", "tvtl": "11", "tval": "11"}, {"n": "77", "tvtn": "44", "tvan": "44", "tvtl": "3", "tval": "3"}, {"n": "10", "tvtn": "533", "tvan": "533", "tvtl": "43", "tval": "43"}, {"n": "55", "tvtn": "1622", "tvan": "1622", "tvtl": "31", "tval": "31"}, {"n": "22", "tvtn": "612", "tvan": "612", "tvtl": "8", "tval": "8"}], "cand": [{"seq": "11", "n": "13000", "vap": "225", "pvap": "   4,66", "e": "N", "st": "Suplente"}, {"seq": "16", "n": "13333", "vap": "104", "pvap": "   2,15", "e": "N", "st": "Suplente"}, {"seq": "5", "n": "13111", "vap": "240", "pvap": "   4,97", "e": "S", "st": "Eleito"}, {"seq": "12", "n": "13444", "vap": "215", "pvap": "   4,46", "e": "N", "st": "Suplente"}, {"seq": "34", "n": "13321", "vap": "7", "pvap": "   0,15", "e": "N", "st": "Suplente"}, {"seq": "7", "n": "13456", "vap": "226", "pvap": "   4,68", "e": "S", "st": "Eleito"}, {"seq": "38", "n": "19488", "vap": "0", "pvap": "00.00", "e": "N", "st": "Suplente"}, {"seq": "14", "n": "19123", "vap": "151", "pvap": "   3,13", "e": "N", "st": "Suplente"}, {"seq": "20", "n": "19000", "vap": "80", "pvap": "   1,66", "e": "N", "st": "Suplente"}, {"seq": "27", "n": "19777", "vap": "37", "pvap": "   0,77", "e": "N", "st": "Suplente"}, {"seq": "24", "n": "19444", "vap": "45", "pvap": "   0,93", "e": "N", "st": "Suplente"}, {"seq": "35", "n": "19133", "vap": "5", "pvap": "   0,10", "e": "N", "st": "Suplente"}, {"seq": "28", "n": "19333", "vap": "28", "pvap": "   0,58", "e": "N", "st": "Suplente"}, {"seq": "26", "n": "19090", "vap": "41", "pvap": "   0,85", "e": "N", "st": "Suplente"}, {"seq": "25", "n": "19111", "vap": "44", "pvap": "   0,91", "e": "N", "st": "Suplente"}, {"seq": "30", "n": "19666", "vap": "15", "pvap": "   0,31", "e": "N", "st": "Suplente"}, {"seq": "9", "n": "19999", "vap": "219", "pvap": "   4,54", "e": "S", "st": "Eleito"}, {"seq": "21", "n": "19222", "vap": "79", "pvap": "   1,64", "e": "N", "st": "Suplente"}, {"seq": "23", "n": "19122", "vap": "56", "pvap": "   1,16", "e": "N", "st": "Suplente"}, {"seq": "42", "n": "77222", "vap": "13", "pvap": "   0,27", "e": "N", "st": "N\u00e3o eleito"}, {"seq": "46", "n": "77333", "vap": "0", "pvap": "00.00", "e": "N", "st": "N\u00e3o eleito"}, {"seq": "41", "n": "77777", "vap": "14", "pvap": "   0,29", "e": "N", "st": "N\u00e3o eleito"}, {"seq": "44", "n": "77123", "vap": "6", "pvap": "   0,12", "e": "N", "st": "N\u00e3o eleito"}, {"seq": "45", "n": "77348", "vap": "0", "pvap": "00.00", "e": "N", "st": "N\u00e3o eleito"}, {"seq": "43", "n": "77000", "vap": "11", "pvap": "   0,23", "e": "N", "st": "N\u00e3o eleito"}, {"seq": "17", "n": "10555", "vap": "101", "pvap": "   2,09", "e": "N", "st": "Suplente"}, {"seq": "31", "n": "10111", "vap": "9", "pvap": "   0,19", "e": "N", "st": "Suplente"}, {"seq": "32", "n": "10222", "vap": "8", "pvap": "   0,17", "e": "N", "st": "Suplente"}, {"seq": "36", "n": "10123", "vap": "4", "pvap": "   0,08", "e": "N", "st": "Suplente"}, {"seq": "33", "n": "10999", "vap": "8", "pvap": "   0,17", "e": "N", "st": "Suplente"}, {"seq": "19", "n": "10000", "vap": "97", "pvap": "   2,01", "e": "N", "st": "Suplente"}, {"seq": "37", "n": "10033", "vap": "2", "pvap": "   0,04", "e": "N", "st": "Suplente"}, {"seq": "4", "n": "10333", "vap": "304", "pvap": "   6,30", "e": "S", "st": "Eleito"}, {"seq": "40", "n": "55999", "vap": "0", "pvap": "00.00", "e": "N", "st": "Suplente"}, {"seq": "22", "n": "55222", "vap": "74", "pvap": "   1,53", "e": "N", "st": "Suplente"}, {"seq": "3", "n": "55333", "vap": "326", "pvap": "   6,76", "e": "S", "st": "Eleito"}, {"seq": "2", "n": "55000", "vap": "347", "pvap": "   7,19", "e": "S", "st": "Eleito"}, {"seq": "6", "n": "55555", "vap": "239", "pvap": "   4,95", "e": "S", "st": "Eleito"}, {"seq": "39", "n": "55666", "vap": "0", "pvap": "00.00", "e": "N", "st": "Suplente"}, {"seq": "1", "n": "55111", "vap": "402", "pvap": "   8,33", "e": "S", "st": "Eleito"}, {"seq": "10", "n": "55123", "vap": "234", "pvap": "   4,85", "e": "N", "st": "Suplente"}, {"seq": "18", "n": "22111", "vap": "100", "pvap": "   2,07", "e": "N", "st": "Suplente"}, {"seq": "29", "n": "22123", "vap": "24", "pvap": "   0,50", "e": "N", "st": "Suplente"}, {"seq": "13", "n": "22333", "vap": "160", "pvap": "   3,32", "e": "N", "st": "Suplente"}, {"seq": "15", "n": "22000", "vap": "105", "pvap": "   2,18", "e": "N", "st": "Suplente"}, {"seq": "8", "n": "22222", "vap": "223", "pvap": "   4,62", "e": "S", "st": "Eleito"}]}, {"dt": "15/11/2020", "ht": "22:12:45", "tf": "S", "and": "F", "tpabr": "ZONA", "cdabr": "16", "s": "17", "st": "17", "snt": "0", "si": "17", "sni": "0", "sa": "17", "sna": "0", "pst": " 100,00", "psnt": "   0,00", "psi": " 100,00", "psni": "   0,00", "psa": " 100,00", "psna": "   0,00", "e": "5620", "ea": "5620", "ena": "0", "esi": "5620", "esni": "0", "a": "644", "c": "4976", "pea": " 100,00", "pena": "   0,00", "pesi": " 100,00", "pesni": "   0,00", "pa": "  11,46", "pc": "  88,54", "vnom": "4628", "vscv": "0", "vl": "198", "tv": "4976", "vvc": "4826", "vb": "29", "tvn": "121", "vn": "121", "vnt": "0", "vp": "0", "vv": "4826", "van": "0", "vansj": "0", "pvnom": "  95,90", "pvl": "   4,10", "pvvc": "  96,99", "pvb": "   0,58", "ptvn": "   2,43", "pvn": " 100,00", "pvnt": "   0,00", "pvp": "   0,00", "pvv": " 100,00", "pvan": "   0,00", "pvansj": "   0,00", "cand": [{"seq": "21", "n": "19222", "vap": "79", "pvap": "   1,64", "e": "N", "st": "Suplente"}, {"seq": "25", "n": "19111", "vap": "44", "pvap": "   0,91", "e": "N", "st": "Suplente"}, {"seq": "27", "n": "19777", "vap": "37", "pvap": "   0,77", "e": "N", "st": "Suplente"}, {"seq": "30", "n": "19666", "vap": "15", "pvap": "   0,31", "e": "N", "st": "Suplente"}, {"seq": "38", "n": "19488", "vap": "0", "pvap": "00.00", "e": "N", "st": "Suplente"}, {"seq": "24", "n": "19444", "vap": "45", "pvap": "   0,93", "e": "N", "st": "Suplente"}, {"seq": "26", "n": "19090", "vap": "41", "pvap": "   0,85", "e": "N", "st": "Suplente"}, {"seq": "28", "n": "19333", "vap": "28", "pvap": "   0,58", "e": "N", "st": "Suplente"}, {"seq": "35", "n": "19133", "vap": "5", "pvap": "   0,10", "e": "N", "st": "Suplente"}, {"seq": "9", "n": "19999", "vap": "219", "pvap": "   4,54", "e": "S", "st": "Eleito"}, {"seq": "23", "n": "19122", "vap": "56", "pvap": "   1,16", "e": "N", "st": "Suplente"}, {"seq": "14", "n": "19123", "vap": "151", "pvap": "   3,13", "e": "N", "st": "Suplente"}, {"seq": "20", "n": "19000", "vap": "80", "pvap": "   1,66", "e": "N", "st": "Suplente"}, {"seq": "7", "n": "13456", "vap": "226", "pvap": "   4,68", "e": "S", "st": "Eleito"}, {"seq": "16", "n": "13333", "vap": "104", "pvap": "   2,15", "e": "N", "st": "Suplente"}, {"seq": "34", "n": "13321", "vap": "7", "pvap": "   0,15", "e": "N", "st": "Suplente"}, {"seq": "5", "n": "13111", "vap": "240", "pvap": "   4,97", "e": "S", "st": "Eleito"}, {"seq": "12", "n": "13444", "vap": "215", "pvap": "   4,46", "e": "N", "st": "Suplente"}, {"seq": "11", "n": "13000", "vap": "225", "pvap": "   4,66", "e": "N", "st": "Suplente"}, {"seq": "2", "n": "55000", "vap": "347", "pvap": "   7,19", "e": "S", "st": "Eleito"}, {"seq": "22", "n": "55222", "vap": "74", "pvap": "   1,53", "e": "N", "st": "Suplente"}, {"seq": "1", "n": "55111", "vap": "402", "pvap": "   8,33", "e": "S", "st": "Eleito"}, {"seq": "6", "n": "55555", "vap": "239", "pvap": "   4,95", "e": "S", "st": "Eleito"}, {"seq": "40", "n": "55999", "vap": "0", "pvap": "00.00", "e": "N", "st": "Suplente"}, {"seq": "39", "n": "55666", "vap": "0", "pvap": "00.00", "e": "N", "st": "Suplente"}, {"seq": "10", "n": "55123", "vap": "234", "pvap": "   4,85", "e": "N", "st": "Suplente"}, {"seq": "3", "n": "55333", "vap": "326", "pvap": "   6,76", "e": "S", "st": "Eleito"}, {"seq": "31", "n": "10111", "vap": "9", "pvap": "   0,19", "e": "N", "st": "Suplente"}, {"seq": "32", "n": "10222", "vap": "8", "pvap": "   0,17", "e": "N", "st": "Suplente"}, {"seq": "19", "n": "10000", "vap": "97", "pvap": "   2,01", "e": "N", "st": "Suplente"}, {"seq": "33", "n": "10999", "vap": "8", "pvap": "   0,17", "e": "N", "st": "Suplente"}, {"seq": "4", "n": "10333", "vap": "304", "pvap": "   6,30", "e": "S", "st": "Eleito"}, {"seq": "17", "n": "10555", "vap": "101", "pvap": "   2,09", "e": "N", "st": "Suplente"}, {"seq": "36", "n": "10123", "vap": "4", "pvap": "   0,08", "e": "N", "st": "Suplente"}, {"seq": "37", "n": "10033", "vap": "2", "pvap": "   0,04", "e": "N", "st": "Suplente"}, {"seq": "18", "n": "22111", "vap": "100", "pvap": "   2,07", "e": "N", "st": "Suplente"}, {"seq": "13", "n": "22333", "vap": "160", "pvap": "   3,32", "e": "N", "st": "Suplente"}, {"seq": "8", "n": "22222", "vap": "223", "pvap": "   4,62", "e": "S", "st": "Eleito"}, {"seq": "15", "n": "22000", "vap": "105", "pvap": "   2,18", "e": "N", "st": "Suplente"}, {"seq": "29", "n": "22123", "vap": "24", "pvap": "   0,50", "e": "N", "st": "Suplente"}, {"seq": "44", "n": "77123", "vap": "6", "pvap": "   0,12", "e": "N", "st": "N\u00e3o eleito"}, {"seq": "42", "n": "77222", "vap": "13", "pvap": "   0,27", "e": "N", "st": "N\u00e3o eleito"}, {"seq": "43", "n": "77000", "vap": "11", "pvap": "   0,23", "e": "N", "st": "N\u00e3o eleito"}, {"seq": "41", "n": "77777", "vap": "14", "pvap": "   0,29", "e": "N", "st": "N\u00e3o eleito"}, {"seq": "45", "n": "77348", "vap": "0", "pvap": "00.00", "e": "N", "st": "N\u00e3o eleito"}, {"seq": "46", "n": "77333", "vap": "0", "pvap": "00.00", "e": "N", "st": "N\u00e3o eleito"}]}]}