{"ele": "426", "carper": "13", "t": "1", "f": "O", "esae": "N", "mnae": " ", "dg": "15/11/2020", "hg": "22:12:34", "dv": "S", "nadf": "se31658-c0013-e000426-003-f", "abr": [{"dt": "15/11/2020", "ht": "22:10:41", "tf": "S", "and": "F", "tpabr": "MU", "cdabr": "31658", "s": "41", "st": "41", "snt": "0", "si": "41", "sni": "0", "sa": "41", "sna": "0", "pst": " 100,00", "psnt": "   0,00", "psi": " 100,00", "psni": "   0,00", "psa": " 100,00", "psna": "   0,00", "e": "14115", "ea": "14115", "ena": "0", "esi": "14115", "esni": "0", "c": "11687", "a": "2428", "pea": " 100,00", "pena": "   0,00", "pesi": " 100,00", "pesni": "   0,00", "pa": "  17,20", "pc": "  82,80", "vscv": "0", "vnom": "10609", "vl": "524", "tv": "11687", "vvc": "11133", "vb": "132", "tvn": "422", "vn": "342", "vnt": "80", "vp": "0", "vv": "11133", "van": "0", "vansj": "0", "pvnom": "  95,29", "pvl": "   4,71", "pvvc": "  95,26", "pvb": "   1,13", "ptvn": "   3,61", "pvn": "  81,04", "pvnt": "  18,96", "pvp": "   0,00", "pvv": " 100,00", "pvan": "   0,00", "pvansj": "   0,00", "colig": [{"n": "260000067600", "tvtn": "346", "tvan": "346", "vag": "0", "tvtl": "11", "tval": "11"}, {"n": "260000106828", "tvtn": "1207", "tvan": "1207", "vag": "1", "tvtl": "24", "tval": "24"}, {"n": "260000088110", "tvtn": "1469", "tvan": "1497", "vag": "1", "tvtl": "25", "tval": "25"}, {"n": "260000106170", "tvtn": "2516", "tvan": "2539", "vag": "3", "tvtl": "167", "tval": "167"}, {"n": "260000106829", "tvtn": "1773", "tvan": "1773", "vag": "2", "tvtl": "32", "tval": "32"}, {"n": "260000074047", "tvtn": "1794", "tvan": "1794", "vag": "2", "tvtl": "175", "tval": "175"}, {"n": "260000106917", "tvtn": "1424", "tvan": "1453", "vag": "2", "tvtl": "81", "tval": "81"}, {"n": "260000067618", "tvtn": "80", "tvan": "80", "vag": "0", "tvtl": "9", "tval": "9"}], "part": [{"n": "23", "tvtn": "346", "tvan": "346", "tvtl": "11", "tval": "11"}, {"n": "25", "tvtn": "1207", "tvan": "1207", "tvtl": "24", "tval": "24"}, {"n": "55", "tvtn": "1469", "tvan": "1469", "tvtl": "25", "tval": "25"}, {"n": "20", "tvtn": "2516", "tvan": "2516", "tvtl": "167", "tval": "167"}, {"n": "22", "tvtn": "1773", "tvan": "1773", "tvtl": "32", "tval": "32"}, {"n": "13", "tvtn": "1794", "tvan": "1794", "tvtl": "175", "tval": "175"}, {"n": "45", "tvtn": "1424", "tvan": "1424", "tvtl": "81", "tval": "81"}, {"n": "10", "tvtn": "80", "tvan": "80", "tvtl": "9", "tval": "9"}], "cand": [{"seq": "103", "n": "23222", "vap": "8", "pvap": "   0,07", "e": "N", "st": "N\u00e3o eleito"}, {"seq": "96", "n": "23456", "vap": "50", "pvap": "   0,45", "e": "N", "st": "N\u00e3o eleito"}, {"seq": "95", "n": "23233", "vap": "52", "pvap": "   0,47", "e": "N", "st": "N\u00e3o eleito"}, {"seq": "94", "n": "23333", "vap": "68", "pvap": "   0,61", "e": "N", "st": "N\u00e3o eleito"}, {"seq": "97", "n": "23444", "vap": "44", "pvap": "   0,40", "e": "N", "st": "N\u00e3o eleito"}, {"seq": "93", "n": "23000", "vap": "70", "pvap": "   0,63", "e": "N", "st": "N\u00e3o eleito"}, {"seq": "98", "n": "23777", "vap": "40", "pvap": "   0,36", "e": "N", "st": "N\u00e3o eleito"}, {"seq": "102", "n": "23123", "vap": "14", "pvap": "   0,13", "e": "N", "st": "N\u00e3o eleito"}, {"seq": "6", "n": "25555", "vap": "409", "pvap": "   3,67", "e": "S", "st": "Eleito"}, {"seq": "85", "n": "25333", "vap": "9", "pvap": "   0,08", "e": "N", "st": "Suplente"}, {"seq": "88", "n": "25102", "vap": "7", "pvap": "   0,06", "e": "N", "st": "Suplente"}, {"seq": "81", "n": "25444", "vap": "11", "pvap": "   0,10", "e": "N", "st": "Suplente"}, {"seq": "67", "n": "25789", "vap": "21", "pvap": "   0,19", "e": "N", "st": "Suplente"}, {"seq": "40", "n": "25888", "vap": "62", "pvap": "   0,56", "e": "N", "st": "Suplente"}, {"seq": "43", "n": "25818", "vap": "58", "pvap": "   0,52", "e": "N", "st": "Suplente"}, {"seq": "68", "n": "25580", "vap": "21", "pvap": "   0,19", "e": "N", "st": "Suplente"}, {"seq": "39", "n": "25456", "vap": "63", "pvap": "   0,57", "e": "N", "st": "Suplente"}, {"seq": "50", "n": "25666", "vap": "41", "pvap": "   0,37", "e": "N", "st": "Suplente"}, {"seq": "80", "n": "25500", "vap": "11", "pvap": "   0,10", "e": "N", "st": "Suplente"}, {"seq": "73", "n": "25777", "vap": "18", "pvap": "   0,16", "e": "N", "st": "Suplente"}, {"seq": "82", "n": "25999", "vap": "10", "pvap": "   0,09", "e": "N", "st": "Suplente"}, {"seq": "33", "n": "25222", "vap": "88", "pvap": "   0,79", "e": "N", "st": "Suplente"}, {"seq": "28", "n": "25000", "vap": "108", "pvap": "   0,97", "e": "N", "st": "Suplente"}, {"seq": "17", "n": "25123", "vap": "222", "pvap": "   1,99", "e": "N", "st": "Suplente"}, {"seq": "46", "n": "25111", "vap": "48", "pvap": "   0,43", "e": "N", "st": "Suplente"}, {"seq": "7", "n": "55111", "vap": "346", "pvap": "   3,11", "e": "S", "st": "Eleito"}, {"seq": "12", "n": "55555", "vap": "344", "pvap": "   3,09", "e": "N", "st": "Suplente"}, {"seq": "63", "n": "55333", "vap": "24", "pvap": "   0,22", "e": "N", "st": "Suplente"}, {"seq": "70", "n": "55444", "vap": "19", "pvap": "   0,17", "e": "N", "st": "Suplente"}, {"seq": "36", "n": "55100", "vap": "73", "pvap": "   0,66", "e": "N", "st": "Suplente"}, {"seq": "14", "n": "55666", "vap": "238", "pvap": "   2,14", "e": "N", "st": "Suplente"}, {"seq": "19", "n": "55133", "vap": "197", "pvap": "   1,77", "e": "N", "st": "Suplente"}, {"seq": "24", "n": "55000", "vap": "137", "pvap": "   1,23", "e": "N", "st": "Suplente"}, {"seq": "76", "n": "55123", "vap": "15", "pvap": "   0,13", "e": "N", "st": "Suplente"}, {"seq": "42", "n": "55222", "vap": "58", "pvap": "   0,52", "e": "N", "st": "Suplente"}, {"seq": "72", "n": "55999", "vap": "18", "pvap": "   0,16", "e": "N", "st": "Suplente"}, {"seq": "52", "n": "20444", "vap": "32", "pvap": "   0,29", "e": "N", "st": "Suplente"}, {"seq": "59", "n": "20999", "vap": "26", "pvap": "   0,23", "e": "N", "st": "Suplente"}, {"seq": "45", "n": "20200", "vap": "51", "pvap": "   0,46", "e": "N", "st": "Suplente"}, {"seq": "83", "n": "20555", "vap": "10", "pvap": "   0,09", "e": "N", "st": "Suplente"}, {"seq": "48", "n": "20101", "vap": "47", "pvap": "   0,42", "e": "N", "st": "Suplente"}, {"seq": "3", "n": "20123", "vap": "562", "pvap": "   5,05", "e": "S", "st": "Eleito"}, {"seq": "29", "n": "20222", "vap": "106", "pvap": "   0,95", "e": "N", "st": "Suplente"}, {"seq": "8", "n": "20333", "vap": "337", "pvap": "   3,03", "e": "S", "st": "Eleito"}, {"seq": "74", "n": "20321", "vap": "18", "pvap": "   0,16", "e": "N", "st": "Suplente"}, {"seq": "1", "n": "20000", "vap": "831", "pvap": "   7,46", "e": "S", "st": "Eleito"}, {"seq": "26", "n": "20888", "vap": "116", "pvap": "   1,04", "e": "N", "st": "Suplente"}, {"seq": "61", "n": "20202", "vap": "25", "pvap": "   0,22", "e": "N", "st": "Suplente"}, {"seq": "56", "n": "20777", "vap": "29", "pvap": "   0,26", "e": "N", "st": "Suplente"}, {"seq": "35", "n": "20666", "vap": "86", "pvap": "   0,77", "e": "N", "st": "Suplente"}, {"seq": "31", "n": "20345", "vap": "93", "pvap": "   0,84", "e": "N", "st": "Suplente"}, {"seq": "23", "n": "20111", "vap": "147", "pvap": "   1,32", "e": "N", "st": "Suplente"}, {"seq": "27", "n": "22222", "vap": "112", "pvap": "   1,01", "e": "N", "st": "Suplente"}, {"seq": "60", "n": "22888", "vap": "25", "pvap": "   0,22", "e": "N", "st": "Suplente"}, {"seq": "15", "n": "22345", "vap": "233", "pvap": "   2,09", "e": "N", "st": "Suplente"}, {"seq": "91", "n": "22666", "vap": "2", "pvap": "   0,02", "e": "N", "st": "Suplente"}, {"seq": "89", "n": "22777", "vap": "5", "pvap": "   0,04", "e": "N", "st": "Suplente"}, {"seq": "9", "n": "22555", "vap": "303", "pvap": "   2,72", "e": "S", "st": "Eleito"}, {"seq": "65", "n": "22111", "vap": "23", "pvap": "   0,21", "e": "N", "st": "Suplente"}, {"seq": "53", "n": "22248", "vap": "31", "pvap": "   0,28", "e": "N", "st": "Suplente"}, {"seq": "41", "n": "22123", "vap": "59", "pvap": "   0,53", "e": "N", "st": "Suplente"}, {"seq": "78", "n": "22999", "vap": "14", "pvap": "   0,13", "e": "N", "st": "Suplente"}, {"seq": "25", "n": "22200", "vap": "130", "pvap": "   1,17", "e": "N", "st": "Suplente"}, {"seq": "79", "n": "22343", "vap": "12", "pvap": "   0,11", "e": "N", "st": "Suplente"}, {"seq": "55", "n": "22223", "vap": "29", "pvap": "   0,26", "e": "N", "st": "Suplente"}, {"seq": "13", "n": "22000", "vap": "263", "pvap": "   2,36", "e": "N", "st": "Suplente"}, {"seq": "69", "n": "22005", "vap": "20", "pvap": "   0,18", "e": "N", "st": "Suplente"}, {"seq": "5", "n": "22333", "vap": "416", "pvap": "   3,74", "e": "S", "st": "Eleito"}, {"seq": "30", "n": "22456", "vap": "96", "pvap": "   0,86", "e": "N", "st": "Suplente"}, {"seq": "34", "n": "13600", "vap": "88", "pvap": "   0,79", "e": "N", "st": "Suplente"}, {"seq": "32", "n": "13333", "vap": "93", "pvap": "   0,84", "e": "N", "st": "Suplente"}, {"seq": "51", "n": "13113", "vap": "32", "pvap": "   0,29", "e": "N", "st": "Suplente"}, {"seq": "4", "n": "13123", "vap": "425", "pvap": "   3,82", "e": "S", "st": "Eleito"}, {"seq": "20", "n": "13111", "vap": "183", "pvap": "   1,64", "e": "N", "st": "Suplente"}, {"seq": "77", "n": "13223", "vap": "14", "pvap": "   0,13", "e": "N", "st": "Suplente"}, {"seq": "58", "n": "13313", "vap": "27", "pvap": "   0,24", "e": "N", "st": "Suplente"}, {"seq": "22", "n": "13007", "vap": "165", "pvap": "   1,48", "e": "N", "st": "Suplente"}, {"seq": "16", "n": "13555", "vap": "224", "pvap": "   2,01", "e": "N", "st": "Suplente"}, {"seq": "54", "n": "13300", "vap": "31", "pvap": "   0,28", "e": "N", "st": "Suplente"}, {"seq": "10", "n": "13456", "vap": "246", "pvap": "   2,21", "e": "S", "st": "Eleito"}, {"seq": "84", "n": "13112", "vap": "9", "pvap": "   0,08", "e": "N", "st": "Suplente"}, {"seq": "66", "n": "13222", "vap": "22", "pvap": "   0,20", "e": "N", "st": "Suplente"}, {"seq": "18", "n": "13644", "vap": "212", "pvap": "   1,90", "e": "N", "st": "Suplente"}, {"seq": "64", "n": "13000", "vap": "23", "pvap": "   0,21", "e": "N", "st": "Suplente"}, {"seq": "90", "n": "45798", "vap": "2", "pvap": "   0,02", "e": "N", "st": "Suplente"}, {"seq": "92", "n": "45455", "vap": "0", "pvap": "00.00", "e": "N", "st": "Suplente"}, {"seq": "75", "n": "45111", "vap": "17", "pvap": "   0,15", "e": "N", "st": "Suplente"}, {"seq": "2", "n": "45678", "vap": "630", "pvap": "   5,66", "e": "S", "st": "Eleito"}, {"seq": "71", "n": "45333", "vap": "18", "pvap": "   0,16", "e": "N", "st": "Suplente"}, {"seq": "11", "n": "45555", "vap": "240", "pvap": "   2,16", "e": "S", "st": "Eleito"}, {"seq": "62", "n": "45888", "vap": "24", "pvap": "   0,22", "e": "N", "st": "Suplente"}, {"seq": "87", "n": "45101", "vap": "7", "pvap": "   0,06", "e": "N", "st": "Suplente"}, {"seq": "47", "n": "45999", "vap": "48", "pvap": "   0,43", "e": "N", "st": "Suplente"}, {"seq": "57", "n": "45123", "vap": "29", "pvap": "   0,26", "e": "N", "st": "Suplente"}, {"seq": "86", "n": "45777", "vap": "8", "pvap": "   0,07", "e": "N", "st": "Suplente"}, {"seq": "37", "n": "45666", "vap": "69", "pvap": "   0,62", "e": "N", "st": "Suplente"}, {"seq": "49", "n": "45222", "vap": "45", "pvap": "   0,40", "e": "N", "st": "Suplente"}, {"seq": "21", "n": "45321", "vap": "165", "pvap": "   1,48", "e": "N", "st": "Suplente"}, {"seq": "38", "n": "45155", "vap": "65", "pvap": "   0,58", "e": "N", "st": "Suplente"}, {"seq": "44", "n": "45444", "vap": "57", "pvap": "   0,51", "e": "N", "st": "Suplente"}, {"seq": "99", "n": "10555", "vap": "38", "pvap": "   0,34", "e": "N", "st": "N\u00e3o eleito"}, {"seq": "101", "n": "10000", "vap": "16", "pvap": "   0,14", "e": "N", "st": "N\u00e3o eleito"}, {"seq": "100", "n": "10111", "vap": "26", "pvap": "   0,23", "e": "N", "st": "N\u00e3o eleito"}]}, {"dt": "15/11/2020", "ht": "22:10:41", "tf": "S", "and": "F", "tpabr": "ZONA", "cdabr": "11", "s": "41", "st": "41", "snt": "0", "si": "41", "sni": "0", "sa": "41", "sna": "0", "pst": " 100,00", "psnt": "   0,00", "psi": " 100,00", "psni": "   0,00", "psa": " 100,00", "psna": "   0,00", "e": "14115", "ea": "14115", "ena": "0", "esi": "14115", "esni": "0", "a": "2428", "c": "11687", "pea": " 100,00", "pena": "   0,00", "pesi": " 100,00", "pesni": "   0,00", "pa": "  17,20", "pc": "  82,80", "vnom": "10609", "vscv": "0", "vl": "524", "tv": "11687", "vvc": "11133", "vb": "132", "tvn": "422", "vn": "342", "vnt": "80", "vp": "0", "vv": "11133", "van": "0", "vansj": "0", "pvnom": "  95,29", "pvl": "   4,71", "pvvc": "  95,26", "pvb": "   1,13", "ptvn": "   3,61", "pvn": "  81,04", "pvnt": "  18,96", "pvp": "   0,00", "pvv": " 100,00", "pvan": "   0,00", "pvansj": "   0,00", "cand": [{"seq": "74", "n": "20321", "vap": "18", "pvap": "   0,16", "e": "N", "st": "Suplente"}, {"seq": "23", "n": "20111", "vap": "147", "pvap": "   1,32", "e": "N", "st": "Suplente"}, {"seq": "8", "n": "20333", "vap": "337", "pvap": "   3,03", "e": "S", "st": "Eleito"}, {"seq": "1", "n": "20000", "vap": "831", "pvap": "   7,46", "e": "S", "st": "Eleito"}, {"seq": "35", "n": "20666", "vap": "86", "pvap": "   0,77", "e": "N", "st": "Suplente"}, {"seq": "45", "n": "20200", "vap": "51", "pvap": "   0,46", "e": "N", "st": "Suplente"}, {"seq": "56", "n": "20777", "vap": "29", "pvap": "   0,26", "e": "N", "st": "Suplente"}, {"seq": "3", "n": "20123", "vap": "562", "pvap": "   5,05", "e": "S", "st": "Eleito"}, {"seq": "48", "n": "20101", "vap": "47", "pvap": "   0,42", "e": "N", "st": "Suplente"}, {"seq": "83", "n": "20555", "vap": "10", "pvap": "   0,09", "e": "N", "st": "Suplente"}, {"seq": "29", "n": "20222", "vap": "106", "pvap": "   0,95", "e": "N", "st": "Suplente"}, {"seq": "26", "n": "20888", "vap": "116", "pvap": "   1,04", "e": "N", "st": "Suplente"}, {"seq": "59", "n": "20999", "vap": "26", "pvap": "   0,23", "e": "N", "st": "Suplente"}, {"seq": "52", "n": "20444", "vap": "32", "pvap": "   0,29", "e": "N", "st": "Suplente"}, {"seq": "61", "n": "20202", "vap": "25", "pvap": "   0,22", "e": "N", "st": "Suplente"}, {"seq": "31", "n": "20345", "vap": "93", "pvap": "   0,84", "e": "N", "st": "Suplente"}, {"seq": "99", "n": "10555", "vap": "38", "pvap": "   0,34", "e": "N", "st": "N\u00e3o eleito"}, {"seq": "101", "n": "10000", "vap": "16", "pvap": "   0,14", "e": "N", "st": "N\u00e3o eleito"}, {"seq": "100", "n": "10111", "vap": "26", "pvap": "   0,23", "e": "N", "st": "N\u00e3o eleito"}, {"seq": "12", "n": "55555", "vap": "344", "pvap": "   3,09", "e": "N", "st": "Suplente"}, {"seq": "63", "n": "55333", "vap": "24", "pvap": "   0,22", "e": "N", "st": "Suplente"}, {"seq": "72", "n": "55999", "vap": "18", "pvap": "   0,16", "e": "N", "st": "Suplente"}, {"seq": "42", "n": "55222", "vap": "58", "pvap": "   0,52", "e": "N", "st": "Suplente"}, {"seq": "70", "n": "55444", "vap": "19", "pvap": "   0,17", "e": "N", "st": "Suplente"}, {"seq": "36", "n": "55100", "vap": "73", "pvap": "   0,66", "e": "N", "st": "Suplente"}, {"seq": "7", "n": "55111", "vap": "346", "pvap": "   3,11", "e": "S", "st": "Eleito"}, {"seq": "24", "n": "55000", "vap": "137", "pvap": "   1,23", "e": "N", "st": "Suplente"}, {"seq": "76", "n": "55123", "vap": "15", "pvap": "   0,13", "e": "N", "st": "Suplente"}, {"seq": "14", "n": "55666", "vap": "238", "pvap": "   2,14", "e": "N", "st": "Suplente"}, {"seq": "19", "n": "55133", "vap": "197", "pvap": "   1,77", "e": "N", "st": "Suplente"}, {"seq": "78", "n": "22999", "vap": "14", "pvap": "   0,13", "e": "N", "st": "Suplente"}, {"seq": "89", "n": "22777", "vap": "5", "pvap": "   0,04", "e": "N", "st": "Suplente"}, {"seq": "30", "n": "22456", "vap": "96", "pvap": "   0,86", "e": "N", "st": "Suplente"}, {"seq": "15", "n": "22345", "vap": "233", "pvap": "   2,09", "e": "N", "st": "Suplente"}, {"seq": "41", "n": "22123", "vap": "59", "pvap": "   0,53", "e": "N", "st": "Suplente"}, {"seq": "13", "n": "22000", "vap": "263", "pvap": "   2,36", "e": "N", "st": "Suplente"}, {"seq": "5", "n": "22333", "vap": "416", "pvap": "   3,74", "e": "S", "st": "Eleito"}, {"seq": "53", "n": "22248", "vap": "31", "pvap": "   0,28", "e": "N", "st": "Suplente"}, {"seq": "65", "n": "22111", "vap": "23", "pvap": "   0,21", "e": "N", "st": "Suplente"}, {"seq": "60", "n": "22888", "vap": "25", "pvap": "   0,22", "e": "N", "st": "Suplente"}, {"seq": "91", "n": "22666", "vap": "2", "pvap": "   0,02", "e": "N", "st": "Suplente"}, {"seq": "69", "n": "22005", "vap": "20", "pvap": "   0,18", "e": "N", "st": "Suplente"}, {"seq": "9", "n": "22555", "vap": "303", "pvap": "   2,72", "e": "S", "st": "Eleito"}, {"seq": "79", "n": "22343", "vap": "12", "pvap": "   0,11", "e": "N", "st": "Suplente"}, {"seq": "25", "n": "22200", "vap": "130", "pvap": "   1,17", "e": "N", "st": "Suplente"}, {"seq": "55", "n": "22223", "vap": "29", "pvap": "   0,26", "e": "N", "st": "Suplente"}, {"seq": "27", "n": "22222", "vap": "112", "pvap": "   1,01", "e": "N", "st": "Suplente"}, {"seq": "54", "n": "13300", "vap": "31", "pvap": "   0,28", "e": "N", "st": "Suplente"}, {"seq": "66", "n": "13222", "vap": "22", "pvap": "   0,20", "e": "N", "st": "Suplente"}, {"seq": "58", "n": "13313", "vap": "27", "pvap": "   0,24", "e": "N", "st": "Suplente"}, {"seq": "16", "n": "13555", "vap": "224", "pvap": "   2,01", "e": "N", "st": "Suplente"}, {"seq": "84", "n": "13112", "vap": "9", "pvap": "   0,08", "e": "N", "st": "Suplente"}, {"seq": "34", "n": "13600", "vap": "88", "pvap": "   0,79", "e": "N", "st": "Suplente"}, {"seq": "22", "n": "13007", "vap": "165", "pvap": "   1,48", "e": "N", "st": "Suplente"}, {"seq": "77", "n": "13223", "vap": "14", "pvap": "   0,13", "e": "N", "st": "Suplente"}, {"seq": "10", "n": "13456", "vap": "246", "pvap": "   2,21", "e": "S", "st": "Eleito"}, {"seq": "20", "n": "13111", "vap": "183", "pvap": "   1,64", "e": "N", "st": "Suplente"}, {"seq": "64", "n": "13000", "vap": "23", "pvap": "   0,21", "e": "N", "st": "Suplente"}, {"seq": "51", "n": "13113", "vap": "32", "pvap": "   0,29", "e": "N", "st": "Suplente"}, {"seq": "32", "n": "13333", "vap": "93", "pvap": "   0,84", "e": "N", "st": "Suplente"}, {"seq": "4", "n": "13123", "vap": "425", "pvap": "   3,82", "e": "S", "st": "Eleito"}, {"seq": "18", "n": "13644", "vap": "212", "pvap": "   1,90", "e": "N", "st": "Suplente"}, {"seq": "46", "n": "25111", "vap": "48", "pvap": "   0,43", "e": "N", "st": "Suplente"}, {"seq": "88", "n": "25102", "vap": "7", "pvap": "   0,06", "e": "N", "st": "Suplente"}, {"seq": "39", "n": "25456", "vap": "63", "pvap": "   0,57", "e": "N", "st": "Suplente"}, {"seq": "43", "n": "25818", "vap": "58", "pvap": "   0,52", "e": "N", "st": "Suplente"}, {"seq": "67", "n": "25789", "vap": "21", "pvap": "   0,19", "e": "N", "st": "Suplente"}, {"seq": "40", "n": "25888", "vap": "62", "pvap": "   0,56", "e": "N", "st": "Suplente"}, {"seq": "82", "n": "25999", "vap": "10", "pvap": "   0,09", "e": "N", "st": "Suplente"}, {"seq": "68", "n": "25580", "vap": "21", "pvap": "   0,19", "e": "N", "st": "Suplente"}, {"seq": "33", "n": "25222", "vap": "88", "pvap": "   0,79", "e": "N", "st": "Suplente"}, {"seq": "81", "n": "25444", "vap": "11", "pvap": "   0,10", "e": "N", "st": "Suplente"}, {"seq": "17", "n": "25123", "vap": "222", "pvap": "   1,99", "e": "N", "st": "Suplente"}, {"seq": "6", "n": "25555", "vap": "409", "pvap": "   3,67", "e": "S", "st": "Eleito"}, {"seq": "50", "n": "25666", "vap": "41", "pvap": "   0,37", "e": "N", "st": "Suplente"}, {"seq": "73", "n": "25777", "vap": "18", "pvap": "   0,16", "e": "N", "st": "Suplente"}, {"seq": "28", "n": "25000", "vap": "108", "pvap": "   0,97", "e": "N", "st": "Suplente"}, {"seq": "85", "n": "25333", "vap": "9", "pvap": "   0,08", "e": "N", "st": "Suplente"}, {"seq": "80", "n": "25500", "vap": "11", "pvap": "   0,10", "e": "N", "st": "Suplente"}, {"seq": "87", "n": "45101", "vap": "7", "pvap": "   0,06", "e": "N", "st": "Suplente"}, {"seq": "75", "n": "45111", "vap": "17", "pvap": "   0,15", "e": "N", "st": "Suplente"}, {"seq": "2", "n": "45678", "vap": "630", "pvap": "   5,66", "e": "S", "st": "Eleito"}, {"seq": "21", "n": "45321", "vap": "165", "pvap": "   1,48", "e": "N", "st": "Suplente"}, {"seq": "57", "n": "45123", "vap": "29", "pvap": "   0,26", "e": "N", "st": "Suplente"}, {"seq": "38", "n": "45155", "vap": "65", "pvap": "   0,58", "e": "N", "st": "Suplente"}, {"seq": "11", "n": "45555", "vap": "240", "pvap": "   2,16", "e": "S", "st": "Eleito"}, {"seq": "44", "n": "45444", "vap": "57", "pvap": "   0,51", "e": "N", "st": "Suplente"}, {"seq": "37", "n": "45666", "vap": "69", "pvap": "   0,62", "e": "N", "st": "Suplente"}, {"seq": "92", "n": "45455", "vap": "0", "pvap": "00.00", "e": "N", "st": "Suplente"}, {"seq": "71", "n": "45333", "vap": "18", "pvap": "   0,16", "e": "N", "st": "Suplente"}, {"seq": "49", "n": "45222", "vap": "45", "pvap": "   0,40", "e": "N", "st": "Suplente"}, {"seq": "47", "n": "45999", "vap": "48", "pvap": "   0,43", "e": "N", "st": "Suplente"}, {"seq": "62", "n": "45888", "vap": "24", "pvap": "   0,22", "e": "N", "st": "Suplente"}, {"seq": "90", "n": "45798", "vap": "2", "pvap": "   0,02", "e": "N", "st": "Suplente"}, {"seq": "86", "n": "45777", "vap": "8", "pvap": "   0,07", "e": "N", "st": "Suplente"}, {"seq": "97", "n": "23444", "vap": "44", "pvap": "   0,40", "e": "N", "st": "N\u00e3o eleito"}, {"seq": "98", "n": "23777", "vap": "40", "pvap": "   0,36", "e": "N", "st": "N\u00e3o eleito"}, {"seq": "93", "n": "23000", "vap": "70", "pvap": "   0,63", "e": "N", "st": "N\u00e3o eleito"}, {"seq": "96", "n": "23456", "vap": "50", "pvap": "   0,45", "e": "N", "st": "N\u00e3o eleito"}, {"seq": "102", "n": "23123", "vap": "14", "pvap": "   0,13", "e": "N", "st": "N\u00e3o eleito"}, {"seq": "95", "n": "23233", "vap": "52", "pvap": "   0,47", "e": "N", "st": "N\u00e3o eleito"}, {"seq": "103", "n": "23222", "vap": "8", "pvap": "   0,07", "e": "N", "st": "N\u00e3o eleito"}, {"seq": "94", "n": "23333", "vap": "68", "pvap": "   0,61", "e": "N", "st": "N\u00e3o eleito"}]}]}