{"ele": "426", "carper": "13", "t": "1", "f": "O", "esae": "N", "mnae": " ", "dg": "15/11/2020", "hg": "22:37:30", "dv": "S", "nadf": "se31038-c0013-e000426-003-f", "abr": [{"dt": "15/11/2020", "ht": "22:18:36", "tf": "S", "and": "F", "tpabr": "MU", "cdabr": "31038", "s": "49", "st": "49", "snt": "0", "si": "49", "sni": "0", "sa": "49", "sna": "0", "pst": " 100,00", "psnt": "   0,00", "psi": " 100,00", "psni": "   0,00", "psa": " 100,00", "psna": "   0,00", "e": "16171", "ea": "16171", "ena": "0", "esi": "16171", "esni": "0", "c": "13193", "a": "2978", "pea": " 100,00", "pena": "   0,00", "pesi": " 100,00", "pesni": "   0,00", "pa": "  18,42", "pc": "  81,58", "vscv": "0", "vnom": "11917", "vl": "443", "tv": "13193", "vvc": "12360", "vb": "157", "tvn": "676", "vn": "673", "vnt": "3", "vp": "0", "vv": "12360", "van": "0", "vansj": "0", "pvnom": "  96,42", "pvl": "   3,58", "pvvc": "  93,69", "pvb": "   1,19", "ptvn": "   5,12", "pvn": "  99,56", "pvnt": "   0,44", "pvp": "   0,00", "pvv": " 100,00", "pvan": "   0,00", "pvansj": "   0,00", "colig": [{"n": "260000105696", "tvtn": "1271", "tvan": "1271", "vag": "1", "tvtl": "17", "tval": "17"}, {"n": "260000061478", "tvtn": "6179", "tvan": "6179", "vag": "6", "tvtl": "127", "tval": "127"}, {"n": "260000070634", "tvtn": "4467", "tvan": "4470", "vag": "4", "tvtl": "299", "tval": "299"}], "part": [{"n": "23", "tvtn": "1271", "tvan": "1271", "tvtl": "17", "tval": "17"}, {"n": "13", "tvtn": "6179", "tvan": "6179", "tvtl": "127", "tval": "127"}, {"n": "10", "tvtn": "4467", "tvan": "4467", "tvtl": "299", "tval": "299"}], "cand": [{"seq": "34", "n": "23666", "vap": "57", "pvap": "   0,46", "e": "N", "st": "Suplente"}, {"seq": "43", "n": "23255", "vap": "14", "pvap": "   0,11", "e": "N", "st": "Suplente"}, {"seq": "44", "n": "23123", "vap": "10", "pvap": "   0,08", "e": "N", "st": "Suplente"}, {"seq": "28", "n": "23456", "vap": "72", "pvap": "   0,58", "e": "N", "st": "Suplente"}, {"seq": "47", "n": "23400", "vap": "6", "pvap": "   0,05", "e": "N", "st": "Suplente"}, {"seq": "39", "n": "23166", "vap": "21", "pvap": "   0,17", "e": "N", "st": "Suplente"}, {"seq": "37", "n": "23164", "vap": "30", "pvap": "   0,24", "e": "N", "st": "Suplente"}, {"seq": "29", "n": "23222", "vap": "69", "pvap": "   0,56", "e": "N", "st": "Suplente"}, {"seq": "11", "n": "23888", "vap": "384", "pvap": "   3,11", "e": "S", "st": "Eleito"}, {"seq": "36", "n": "23000", "vap": "33", "pvap": "   0,27", "e": "N", "st": "Suplente"}, {"seq": "23", "n": "23777", "vap": "179", "pvap": "   1,45", "e": "N", "st": "Suplente"}, {"seq": "26", "n": "23567", "vap": "127", "pvap": "   1,03", "e": "N", "st": "Suplente"}, {"seq": "24", "n": "23999", "vap": "169", "pvap": "   1,37", "e": "N", "st": "Suplente"}, {"seq": "41", "n": "23555", "vap": "16", "pvap": "   0,13", "e": "N", "st": "Suplente"}, {"seq": "42", "n": "23333", "vap": "16", "pvap": "   0,13", "e": "N", "st": "Suplente"}, {"seq": "32", "n": "23444", "vap": "58", "pvap": "   0,47", "e": "N", "st": "Suplente"}, {"seq": "45", "n": "23111", "vap": "10", "pvap": "   0,08", "e": "N", "st": "Suplente"}, {"seq": "4", "n": "13333", "vap": "775", "pvap": "   6,27", "e": "S", "st": "Eleito"}, {"seq": "16", "n": "13888", "vap": "278", "pvap": "   2,25", "e": "N", "st": "Suplente"}, {"seq": "31", "n": "13111", "vap": "59", "pvap": "   0,48", "e": "N", "st": "Suplente"}, {"seq": "3", "n": "13444", "vap": "785", "pvap": "   6,35", "e": "S", "st": "Eleito"}, {"seq": "14", "n": "13456", "vap": "347", "pvap": "   2,81", "e": "N", "st": "Suplente"}, {"seq": "35", "n": "13500", "vap": "49", "pvap": "   0,40", "e": "N", "st": "Suplente"}, {"seq": "27", "n": "13400", "vap": "112", "pvap": "   0,91", "e": "N", "st": "Suplente"}, {"seq": "5", "n": "13600", "vap": "746", "pvap": "   6,04", "e": "S", "st": "Eleito"}, {"seq": "46", "n": "13345", "vap": "8", "pvap": "   0,06", "e": "N", "st": "Suplente"}, {"seq": "25", "n": "13222", "vap": "167", "pvap": "   1,35", "e": "N", "st": "Suplente"}, {"seq": "2", "n": "13777", "vap": "789", "pvap": "   6,38", "e": "S", "st": "Eleito"}, {"seq": "19", "n": "13666", "vap": "239", "pvap": "   1,93", "e": "N", "st": "Suplente"}, {"seq": "10", "n": "13555", "vap": "506", "pvap": "   4,09", "e": "S", "st": "Eleito"}, {"seq": "17", "n": "13123", "vap": "268", "pvap": "   2,17", "e": "N", "st": "Suplente"}, {"seq": "15", "n": "13000", "vap": "343", "pvap": "   2,78", "e": "N", "st": "Suplente"}, {"seq": "6", "n": "13300", "vap": "708", "pvap": "   5,73", "e": "S", "st": "Eleito"}, {"seq": "8", "n": "10555", "vap": "543", "pvap": "   4,39", "e": "S", "st": "Eleito"}, {"seq": "9", "n": "10456", "vap": "521", "pvap": "   4,22", "e": "S", "st": "Eleito"}, {"seq": "40", "n": "10444", "vap": "16", "pvap": "   0,13", "e": "N", "st": "Suplente"}, {"seq": "20", "n": "10999", "vap": "222", "pvap": "   1,80", "e": "N", "st": "Suplente"}, {"seq": "7", "n": "10333", "vap": "632", "pvap": "   5,11", "e": "S", "st": "Eleito"}, {"seq": "33", "n": "10110", "vap": "57", "pvap": "   0,46", "e": "N", "st": "Suplente"}, {"seq": "1", "n": "10000", "vap": "806", "pvap": "   6,52", "e": "S", "st": "Eleito"}, {"seq": "30", "n": "10234", "vap": "60", "pvap": "   0,49", "e": "N", "st": "Suplente"}, {"seq": "38", "n": "10888", "vap": "26", "pvap": "   0,21", "e": "N", "st": "Suplente"}, {"seq": "12", "n": "10111", "vap": "489", "pvap": "   3,96", "e": "N", "st": "Suplente"}, {"seq": "21", "n": "10789", "vap": "220", "pvap": "   1,78", "e": "N", "st": "Suplente"}, {"seq": "22", "n": "10777", "vap": "220", "pvap": "   1,78", "e": "N", "st": "Suplente"}, {"seq": "18", "n": "10123", "vap": "248", "pvap": "   2,01", "e": "N", "st": "Suplente"}, {"seq": "13", "n": "10222", "vap": "407", "pvap": "   3,29", "e": "N", "st": "Suplente"}]}, {"dt": "15/11/2020", "ht": "22:18:36", "tf": "S", "and": "F", "tpabr": "ZONA", "cdabr": "3", "s": "49", "st": "49", "snt": "0", "si": "49", "sni": "0", "sa": "49", "sna": "0", "pst": " 100,00", "psnt": "   0,00", "psi": " 100,00", "psni": "   0,00", "psa": " 100,00", "psna": "   0,00", "e": "16171", "ea": "16171", "ena": "0", "esi": "16171", "esni": "0", "a": "2978", "c": "13193", "pea": " 100,00", "pena": "   0,00", "pesi": " 100,00", "pesni": "   0,00", "pa": "  18,42", "pc": "  81,58", "vnom": "11917", "vscv": "0", "vl": "443", "tv": "13193", "vvc": "12360", "vb": "157", "tvn": "676", "vn": "673", "vnt": "3", "vp": "0", "vv": "12360", "van": "0", "vansj": "0", "pvnom": "  96,42", "pvl": "   3,58", "pvvc": "  93,69", "pvb": "   1,19", "ptvn": "   5,12", "pvn": "  99,56", "pvnt": "   0,44", "pvp": "   0,00", "pvv": " 100,00", "pvan": "   0,00", "pvansj": "   0,00", "cand": [{"seq": "44", "n": "23123", "vap": "10", "pvap": "   0,08", "e": "N", "st": "Suplente"}, {"seq": "47", "n": "23400", "vap": "6", "pvap": "   0,05", "e": "N", "st": "Suplente"}, {"seq": "28", "n": "23456", "vap": "72", "pvap": "   0,58", "e": "N", "st": "Suplente"}, {"seq": "26", "n": "23567", "vap": "127", "pvap": "   1,03", "e": "N", "st": "Suplente"}, {"seq": "41", "n": "23555", "vap": "16", "pvap": "   0,13", "e": "N", "st": "Suplente"}, {"seq": "11", "n": "23888", "vap": "384", "pvap": "   3,11", "e": "S", "st": "Eleito"}, {"seq": "32", "n": "23444", "vap": "58", "pvap": "   0,47", "e": "N", "st": "Suplente"}, {"seq": "36", "n": "23000", "vap": "33", "pvap": "   0,27", "e": "N", "st": "Suplente"}, {"seq": "29", "n": "23222", "vap": "69", "pvap": "   0,56", "e": "N", "st": "Suplente"}, {"seq": "23", "n": "23777", "vap": "179", "pvap": "   1,45", "e": "N", "st": "Suplente"}, {"seq": "24", "n": "23999", "vap": "169", "pvap": "   1,37", "e": "N", "st": "Suplente"}, {"seq": "43", "n": "23255", "vap": "14", "pvap": "   0,11", "e": "N", "st": "Suplente"}, {"seq": "42", "n": "23333", "vap": "16", "pvap": "   0,13", "e": "N", "st": "Suplente"}, {"seq": "39", "n": "23166", "vap": "21", "pvap": "   0,17", "e": "N", "st": "Suplente"}, {"seq": "45", "n": "23111", "vap": "10", "pvap": "   0,08", "e": "N", "st": "Suplente"}, {"seq": "34", "n": "23666", "vap": "57", "pvap": "   0,46", "e": "N", "st": "Suplente"}, {"seq": "37", "n": "23164", "vap": "30", "pvap": "   0,24", "e": "N", "st": "Suplente"}, {"seq": "18", "n": "10123", "vap": "248", "pvap": "   2,01", "e": "N", "st": "Suplente"}, {"seq": "13", "n": "10222", "vap": "407", "pvap": "   3,29", "e": "N", "st": "Suplente"}, {"seq": "12", "n": "10111", "vap": "489", "pvap": "   3,96", "e": "N", "st": "Suplente"}, {"seq": "33", "n": "10110", "vap": "57", "pvap": "   0,46", "e": "N", "st": "Suplente"}, {"seq": "38", "n": "10888", "vap": "26", "pvap": "   0,21", "e": "N", "st": "Suplente"}, {"seq": "20", "n": "10999", "vap": "222", "pvap": "   1,80", "e": "N", "st": "Suplente"}, {"seq": "22", "n": "10777", "vap": "220", "pvap": "   1,78", "e": "N", "st": "Suplente"}, {"seq": "40", "n": "10444", "vap": "16", "pvap": "   0,13", "e": "N", "st": "Suplente"}, {"seq": "9", "n": "10456", "vap": "521", "pvap": "   4,22", "e": "S", "st": "Eleito"}, {"seq": "30", "n": "10234", "vap": "60", "pvap": "   0,49", "e": "N", "st": "Suplente"}, {"seq": "1", "n": "10000", "vap": "806", "pvap": "   6,52", "e": "S", "st": "Eleito"}, {"seq": "21", "n": "10789", "vap": "220", "pvap": "   1,78", "e": "N", "st": "Suplente"}, {"seq": "7", "n": "10333", "vap": "632", "pvap": "   5,11", "e": "S", "st": "Eleito"}, {"seq": "8", "n": "10555", "vap": "543", "pvap": "   4,39", "e": "S", "st": "Eleito"}, {"seq": "19", "n": "13666", "vap": "239", "pvap": "   1,93", "e": "N", "st": "Suplente"}, {"seq": "25", "n": "13222", "vap": "167", "pvap": "   1,35", "e": "N", "st": "Suplente"}, {"seq": "15", "n": "13000", "vap": "343", "pvap": "   2,78", "e": "N", "st": "Suplente"}, {"seq": "16", "n": "13888", "vap": "278", "pvap": "   2,25", "e": "N", "st": "Suplente"}, {"seq": "2", "n": "13777", "vap": "789", "pvap": "   6,38", "e": "S", "st": "Eleito"}, {"seq": "6", "n": "13300", "vap": "708", "pvap": "   5,73", "e": "S", "st": "Eleito"}, {"seq": "3", "n": "13444", "vap": "785", "pvap": "   6,35", "e": "S", "st": "Eleito"}, {"seq": "5", "n": "13600", "vap": "746", "pvap": "   6,04", "e": "S", "st": "Eleito"}, {"seq": "14", "n": "13456", "vap": "347", "pvap": "   2,81", "e": "N", "st": "Suplente"}, {"seq": "10", "n": "13555", "vap": "506", "pvap": "   4,09", "e": "S", "st": "Eleito"}, {"seq": "35", "n": "13500", "vap": "49", "pvap": "   0,40", "e": "N", "st": "Suplente"}, {"seq": "27", "n": "13400", "vap": "112", "pvap": "   0,91", "e": "N", "st": "Suplente"}, {"seq": "46", "n": "13345", "vap": "8", "pvap": "   0,06", "e": "N", "st": "Suplente"}, {"seq": "4", "n": "13333", "vap": "775", "pvap": "   6,27", "e": "S", "st": "Eleito"}, {"seq": "17", "n": "13123", "vap": "268", "pvap": "   2,17", "e": "N", "st": "Suplente"}, {"seq": "31", "n": "13111", "vap": "59", "pvap": "   0,48", "e": "N", "st": "Suplente"}]}]}