{"ele": "426", "carper": "13", "t": "1", "f": "O", "esae": "N", "mnae": " ", "dg": "15/11/2020", "hg": "23:44:09", "dv": "S", "nadf": "sp68071-c0013-e000426-002-f", "abr": [{"dt": "15/11/2020", "ht": "23:34:58", "tf": "S", "and": "F", "tpabr": "MU", "cdabr": "68071", "s": "45", "st": "45", "snt": "0", "si": "45", "sni": "0", "sa": "45", "sna": "0", "pst": " 100,00", "psnt": "   0,00", "psi": " 100,00", "psni": "   0,00", "psa": " 100,00", "psna": "   0,00", "e": "17236", "ea": "17236", "ena": "0", "esi": "17236", "esni": "0", "c": "13099", "a": "4137", "pea": " 100,00", "pena": "   0,00", "pesi": " 100,00", "pesni": "   0,00", "pa": "  24,00", "pc": "  76,00", "vscv": "0", "vnom": "11752", "vl": "600", "tv": "13099", "vvc": "12381", "vb": "315", "tvn": "403", "vn": "392", "vnt": "11", "vp": "0", "vv": "12352", "van": "0", "vansj": "29", "pvnom": "  95,14", "pvl": "   4,86", "pvvc": "  94,52", "pvb": "   2,40", "ptvn": "   3,08", "pvn": "  97,27", "pvnt": "   2,73", "pvp": "   0,00", "pvv": "  99,77", "pvan": "   0,00", "pvansj": "   0,23", "colig": [{"n": "250000087713", "tvtn": "481", "tvan": "481", "vag": "0", "tvtl": "4", "tval": "4"}, {"n": "250000140342", "tvtn": "1079", "tvan": "1079", "vag": "1", "tvtl": "7", "tval": "7"}, {"n": "250000144862", "tvtn": "183", "tvan": "196", "vag": "0", "tvtl": "7", "tval": "7"}, {"n": "250000140412", "tvtn": "1424", "tvan": "1424", "vag": "1", "tvtl": "18", "tval": "18"}, {"n": "250000140539", "tvtn": "2142", "tvan": "2142", "vag": "3", "tvtl": "131", "tval": "131"}, {"n": "250000108154", "tvtn": "1644", "tvan": "1644", "vag": "2", "tvtl": "15", "tval": "15"}, {"n": "250000087515", "tvtn": "1409", "tvan": "1409", "vag": "1", "tvtl": "27", "tval": "27"}, {"n": "250000089580", "tvtn": "76", "tvan": "76", "vag": "0", "tvtl": "6", "tval": "6"}, {"n": "250000091174", "tvtn": "328", "tvan": "328", "vag": "0", "tvtl": "17", "tval": "17"}, {"n": "250000128715", "tvtn": "322", "tvan": "322", "vag": "0", "tvtl": "37", "tval": "37"}, {"n": "250000108461", "tvtn": "1581", "tvan": "1581", "vag": "2", "tvtl": "238", "tval": "238"}, {"n": "250000144859", "tvtn": "193", "tvan": "193", "vag": "0", "tvtl": "84", "tval": "84"}, {"n": "250000092719", "tvtn": "890", "tvan": "917", "vag": "1", "tvtl": "9", "tval": "9"}], "part": [{"n": "25", "tvtn": "481", "tvan": "481", "tvtl": "4", "tval": "4"}, {"n": "20", "tvtn": "1079", "tvan": "1079", "tvtl": "7", "tval": "7"}, {"n": "90", "tvtn": "183", "tvan": "185", "tvtl": "7", "tval": "7"}, {"n": "17", "tvtn": "1424", "tvan": "1424", "tvtl": "18", "tval": "18"}, {"n": "55", "tvtn": "2142", "tvan": "2142", "tvtl": "131", "tval": "131"}, {"n": "43", "tvtn": "1644", "tvan": "1644", "tvtl": "15", "tval": "15"}, {"n": "14", "tvtn": "1409", "tvan": "1409", "tvtl": "27", "tval": "27"}, {"n": "33", "tvtn": "76", "tvan": "76", "tvtl": "6", "tval": "6"}, {"n": "51", "tvtn": "328", "tvan": "328", "tvtl": "17", "tval": "17"}, {"n": "19", "tvtn": "322", "tvan": "322", "tvtl": "37", "tval": "37"}, {"n": "45", "tvtn": "1581", "tvan": "1581", "tvtl": "238", "tval": "238"}, {"n": "10", "tvtn": "193", "tvan": "193", "tvtl": "84", "tval": "84"}, {"n": "70", "tvtn": "890", "tvan": "917", "tvtl": "9", "tval": "9"}], "cand": [{"seq": "117", "n": "25133", "vap": "26", "pvap": "   0,21", "e": "N", "st": "N\u00e3o eleito"}, {"seq": "130", "n": "25550", "vap": "8", "pvap": "   0,06", "e": "N", "st": "N\u00e3o eleito"}, {"seq": "134", "n": "25125", "vap": "7", "pvap": "   0,06", "e": "N", "st": "N\u00e3o eleito"}, {"seq": "108", "n": "25025", "vap": "51", "pvap": "   0,41", "e": "N", "st": "N\u00e3o eleito"}, {"seq": "119", "n": "25000", "vap": "22", "pvap": "   0,18", "e": "N", "st": "N\u00e3o eleito"}, {"seq": "97", "n": "25555", "vap": "279", "pvap": "   2,25", "e": "N", "st": "N\u00e3o eleito"}, {"seq": "133", "n": "25999", "vap": "7", "pvap": "   0,06", "e": "N", "st": "N\u00e3o eleito"}, {"seq": "103", "n": "25123", "vap": "72", "pvap": "   0,58", "e": "N", "st": "N\u00e3o eleito"}, {"seq": "144", "n": "25013", "vap": "1", "pvap": "   0,01", "e": "N", "st": "N\u00e3o eleito"}, {"seq": "131", "n": "25222", "vap": "8", "pvap": "   0,06", "e": "N", "st": "N\u00e3o eleito"}, {"seq": "74", "n": "20800", "vap": "25", "pvap": "   0,20", "e": "N", "st": "Suplente"}, {"seq": "94", "n": "20150", "vap": "4", "pvap": "   0,03", "e": "N", "st": "Suplente"}, {"seq": "20", "n": "20222", "vap": "163", "pvap": "   1,32", "e": "N", "st": "Suplente"}, {"seq": "68", "n": "20020", "vap": "35", "pvap": "   0,28", "e": "N", "st": "Suplente"}, {"seq": "88", "n": "20111", "vap": "7", "pvap": "   0,06", "e": "N", "st": "Suplente"}, {"seq": "70", "n": "20456", "vap": "31", "pvap": "   0,25", "e": "N", "st": "Suplente"}, {"seq": "12", "n": "20789", "vap": "265", "pvap": "   2,14", "e": "N", "st": "Suplente"}, {"seq": "67", "n": "20325", "vap": "35", "pvap": "   0,28", "e": "N", "st": "Suplente"}, {"seq": "62", "n": "20000", "vap": "38", "pvap": "   0,31", "e": "N", "st": "Suplente"}, {"seq": "81", "n": "20888", "vap": "10", "pvap": "   0,08", "e": "N", "st": "Suplente"}, {"seq": "57", "n": "20333", "vap": "41", "pvap": "   0,33", "e": "N", "st": "Suplente"}, {"seq": "8", "n": "20123", "vap": "314", "pvap": "   2,54", "e": "S", "st": "Eleito"}, {"seq": "77", "n": "20200", "vap": "13", "pvap": "   0,10", "e": "N", "st": "Suplente"}, {"seq": "41", "n": "20555", "vap": "75", "pvap": "   0,61", "e": "N", "st": "Suplente"}, {"seq": "91", "n": "20444", "vap": "5", "pvap": "   0,04", "e": "N", "st": "Suplente"}, {"seq": "86", "n": "20234", "vap": "8", "pvap": "   0,06", "e": "N", "st": "Suplente"}, {"seq": "83", "n": "20777", "vap": "10", "pvap": "   0,08", "e": "N", "st": "Suplente"}, {"seq": "100", "n": "90147", "vap": "74", "pvap": "   0,60", "e": "N", "st": "N\u00e3o eleito"}, {"seq": "141", "n": "90934", "vap": "2", "pvap": "   0,02", "e": "N", "st": "N\u00e3o eleito"}, {"seq": "125", "n": "90444", "vap": "13", "pvap": "   0,10", "e": "N", "st": "N\u00e3o eleito"}, {"seq": "116", "n": "90123", "vap": "26", "pvap": "   0,21", "e": "N", "st": "N\u00e3o eleito"}, {"seq": "139", "n": "90222", "vap": "3", "pvap": "   0,02", "e": "N", "st": "N\u00e3o eleito"}, {"seq": "137", "n": "90090", "vap": "5", "pvap": "   0,04", "e": "N", "st": "N\u00e3o eleito"}, {"seq": "112", "n": "90000", "vap": "37", "pvap": "   0,30", "e": "N", "st": "N\u00e3o eleito"}, {"seq": "142", "n": "90322", "vap": "1", "pvap": "   0,01", "e": "N", "st": "N\u00e3o eleito"}, {"seq": "118", "n": "90999", "vap": "24", "pvap": "   0,19", "e": "N", "st": "N\u00e3o eleito"}, {"seq": "15", "n": "17111", "vap": "216", "pvap": "   1,74", "e": "N", "st": "Suplente"}, {"seq": "72", "n": "17888", "vap": "29", "pvap": "   0,23", "e": "N", "st": "Suplente"}, {"seq": "84", "n": "17789", "vap": "9", "pvap": "   0,07", "e": "N", "st": "Suplente"}, {"seq": "40", "n": "17333", "vap": "82", "pvap": "   0,66", "e": "N", "st": "Suplente"}, {"seq": "1", "n": "17777", "vap": "667", "pvap": "   5,39", "e": "S", "st": "Eleito"}, {"seq": "30", "n": "17222", "vap": "123", "pvap": "   0,99", "e": "N", "st": "Suplente"}, {"seq": "63", "n": "17017", "vap": "36", "pvap": "   0,29", "e": "N", "st": "Suplente"}, {"seq": "71", "n": "17456", "vap": "29", "pvap": "   0,23", "e": "N", "st": "Suplente"}, {"seq": "26", "n": "17123", "vap": "137", "pvap": "   1,11", "e": "N", "st": "Suplente"}, {"seq": "39", "n": "17000", "vap": "96", "pvap": "   0,78", "e": "N", "st": "Suplente"}, {"seq": "89", "n": "55678", "vap": "7", "pvap": "   0,06", "e": "N", "st": "Suplente"}, {"seq": "45", "n": "55222", "vap": "65", "pvap": "   0,52", "e": "N", "st": "Suplente"}, {"seq": "5", "n": "55123", "vap": "362", "pvap": "   2,92", "e": "S", "st": "Eleito"}, {"seq": "92", "n": "55999", "vap": "4", "pvap": "   0,03", "e": "N", "st": "Suplente"}, {"seq": "13", "n": "55055", "vap": "237", "pvap": "   1,91", "e": "N", "st": "Suplente"}, {"seq": "52", "n": "55505", "vap": "50", "pvap": "   0,40", "e": "N", "st": "Suplente"}, {"seq": "58", "n": "55444", "vap": "40", "pvap": "   0,32", "e": "N", "st": "Suplente"}, {"seq": "7", "n": "55000", "vap": "351", "pvap": "   2,83", "e": "S", "st": "Eleito"}, {"seq": "85", "n": "55455", "vap": "8", "pvap": "   0,06", "e": "N", "st": "Suplente"}, {"seq": "16", "n": "55333", "vap": "211", "pvap": "   1,70", "e": "N", "st": "Suplente"}, {"seq": "21", "n": "55555", "vap": "161", "pvap": "   1,30", "e": "N", "st": "Suplente"}, {"seq": "69", "n": "55855", "vap": "32", "pvap": "   0,26", "e": "N", "st": "Suplente"}, {"seq": "47", "n": "55888", "vap": "61", "pvap": "   0,49", "e": "N", "st": "Suplente"}, {"seq": "28", "n": "55777", "vap": "125", "pvap": "   1,01", "e": "N", "st": "Suplente"}, {"seq": "3", "n": "55111", "vap": "428", "pvap": "   3,46", "e": "S", "st": "Eleito"}, {"seq": "35", "n": "43222", "vap": "102", "pvap": "   0,82", "e": "N", "st": "Suplente"}, {"seq": "59", "n": "43000", "vap": "39", "pvap": "   0,31", "e": "N", "st": "Suplente"}, {"seq": "93", "n": "43172", "vap": "4", "pvap": "   0,03", "e": "N", "st": "Suplente"}, {"seq": "6", "n": "43033", "vap": "361", "pvap": "   2,92", "e": "S", "st": "Eleito"}, {"seq": "4", "n": "43043", "vap": "410", "pvap": "   3,31", "e": "S", "st": "Eleito"}, {"seq": "37", "n": "43456", "vap": "99", "pvap": "   0,80", "e": "N", "st": "Suplente"}, {"seq": "46", "n": "43003", "vap": "63", "pvap": "   0,51", "e": "N", "st": "Suplente"}, {"seq": "31", "n": "43123", "vap": "118", "pvap": "   0,95", "e": "N", "st": "Suplente"}, {"seq": "42", "n": "43333", "vap": "72", "pvap": "   0,58", "e": "N", "st": "Suplente"}, {"seq": "56", "n": "43190", "vap": "42", "pvap": "   0,34", "e": "N", "st": "Suplente"}, {"seq": "23", "n": "43111", "vap": "156", "pvap": "   1,26", "e": "N", "st": "Suplente"}, {"seq": "29", "n": "43363", "vap": "123", "pvap": "   0,99", "e": "N", "st": "Suplente"}, {"seq": "49", "n": "43127", "vap": "55", "pvap": "   0,44", "e": "N", "st": "Suplente"}, {"seq": "27", "n": "14111", "vap": "137", "pvap": "   1,11", "e": "N", "st": "Suplente"}, {"seq": "73", "n": "14222", "vap": "27", "pvap": "   0,22", "e": "N", "st": "Suplente"}, {"seq": "14", "n": "14789", "vap": "223", "pvap": "   1,80", "e": "N", "st": "Suplente"}, {"seq": "53", "n": "14000", "vap": "46", "pvap": "   0,37", "e": "N", "st": "Suplente"}, {"seq": "79", "n": "14514", "vap": "10", "pvap": "   0,08", "e": "N", "st": "Suplente"}, {"seq": "36", "n": "14234", "vap": "100", "pvap": "   0,81", "e": "N", "st": "Suplente"}, {"seq": "17", "n": "14045", "vap": "210", "pvap": "   1,70", "e": "N", "st": "Suplente"}, {"seq": "55", "n": "14123", "vap": "44", "pvap": "   0,36", "e": "N", "st": "Suplente"}, {"seq": "33", "n": "14014", "vap": "109", "pvap": "   0,88", "e": "N", "st": "Suplente"}, {"seq": "24", "n": "14567", "vap": "153", "pvap": "   1,24", "e": "N", "st": "Suplente"}, {"seq": "43", "n": "14500", "vap": "66", "pvap": "   0,53", "e": "N", "st": "Suplente"}, {"seq": "87", "n": "14015", "vap": "8", "pvap": "   0,06", "e": "N", "st": "Suplente"}, {"seq": "10", "n": "14700", "vap": "276", "pvap": "   2,23", "e": "S", "st": "Eleito"}, {"seq": "104", "n": "33123", "vap": "70", "pvap": "   0,57", "e": "N", "st": "N\u00e3o eleito"}, {"seq": "135", "n": "33198", "vap": "6", "pvap": "   0,05", "e": "N", "st": "N\u00e3o eleito"}, {"seq": "113", "n": "51100", "vap": "31", "pvap": "   0,25", "e": "N", "st": "N\u00e3o eleito"}, {"seq": "122", "n": "51777", "vap": "17", "pvap": "   0,14", "e": "N", "st": "N\u00e3o eleito"}, {"seq": "114", "n": "51000", "vap": "28", "pvap": "   0,23", "e": "N", "st": "N\u00e3o eleito"}, {"seq": "110", "n": "51328", "vap": "42", "pvap": "   0,34", "e": "N", "st": "N\u00e3o eleito"}, {"seq": "129", "n": "51123", "vap": "9", "pvap": "   0,07", "e": "N", "st": "N\u00e3o eleito"}, {"seq": "101", "n": "51333", "vap": "74", "pvap": "   0,60", "e": "N", "st": "N\u00e3o eleito"}, {"seq": "120", "n": "51555", "vap": "22", "pvap": "   0,18", "e": "N", "st": "N\u00e3o eleito"}, {"seq": "132", "n": "51321", "vap": "7", "pvap": "   0,06", "e": "N", "st": "N\u00e3o eleito"}, {"seq": "98", "n": "51157", "vap": "98", "pvap": "   0,79", "e": "N", "st": "N\u00e3o eleito"}, {"seq": "124", "n": "19222", "vap": "14", "pvap": "   0,11", "e": "N", "st": "N\u00e3o eleito"}, {"seq": "143", "n": "19900", "vap": "1", "pvap": "   0,01", "e": "N", "st": "N\u00e3o eleito"}, {"seq": "126", "n": "19266", "vap": "13", "pvap": "   0,10", "e": "N", "st": "N\u00e3o eleito"}, {"seq": "99", "n": "19123", "vap": "91", "pvap": "   0,73", "e": "N", "st": "N\u00e3o eleito"}, {"seq": "106", "n": "19789", "vap": "52", "pvap": "   0,42", "e": "N", "st": "N\u00e3o eleito"}, {"seq": "138", "n": "19919", "vap": "4", "pvap": "   0,03", "e": "N", "st": "N\u00e3o eleito"}, {"seq": "105", "n": "19019", "vap": "67", "pvap": "   0,54", "e": "N", "st": "N\u00e3o eleito"}, {"seq": "102", "n": "19000", "vap": "74", "pvap": "   0,60", "e": "N", "st": "N\u00e3o eleito"}, {"seq": "136", "n": "19999", "vap": "6", "pvap": "   0,05", "e": "N", "st": "N\u00e3o eleito"}, {"seq": "60", "n": "45192", "vap": "38", "pvap": "   0,31", "e": "N", "st": "Suplente"}, {"seq": "96", "n": "45888", "vap": "1", "pvap": "   0,01", "e": "N", "st": "Suplente"}, {"seq": "18", "n": "45111", "vap": "185", "pvap": "   1,49", "e": "N", "st": "Suplente"}, {"seq": "95", "n": "45777", "vap": "2", "pvap": "   0,02", "e": "N", "st": "Suplente"}, {"seq": "19", "n": "45345", "vap": "169", "pvap": "   1,36", "e": "N", "st": "Suplente"}, {"seq": "44", "n": "45456", "vap": "66", "pvap": "   0,53", "e": "N", "st": "Suplente"}, {"seq": "34", "n": "45222", "vap": "109", "pvap": "   0,88", "e": "N", "st": "Suplente"}, {"seq": "54", "n": "45123", "vap": "44", "pvap": "   0,36", "e": "N", "st": "Suplente"}, {"seq": "25", "n": "45678", "vap": "148", "pvap": "   1,20", "e": "N", "st": "Suplente"}, {"seq": "9", "n": "45000", "vap": "293", "pvap": "   2,37", "e": "S", "st": "Eleito"}, {"seq": "2", "n": "45045", "vap": "434", "pvap": "   3,51", "e": "S", "st": "Eleito"}, {"seq": "48", "n": "45555", "vap": "57", "pvap": "   0,46", "e": "N", "st": "Suplente"}, {"seq": "65", "n": "45125", "vap": "35", "pvap": "   0,28", "e": "N", "st": "Suplente"}, {"seq": "140", "n": "10777", "vap": "2", "pvap": "   0,02", "e": "N", "st": "N\u00e3o eleito"}, {"seq": "127", "n": "10567", "vap": "10", "pvap": "   0,08", "e": "N", "st": "N\u00e3o eleito"}, {"seq": "107", "n": "10000", "vap": "52", "pvap": "   0,42", "e": "N", "st": "N\u00e3o eleito"}, {"seq": "121", "n": "10500", "vap": "21", "pvap": "   0,17", "e": "N", "st": "N\u00e3o eleito"}, {"seq": "128", "n": "10013", "vap": "10", "pvap": "   0,08", "e": "N", "st": "N\u00e3o eleito"}, {"seq": "123", "n": "10123", "vap": "17", "pvap": "   0,14", "e": "N", "st": "N\u00e3o eleito"}, {"seq": "111", "n": "10344", "vap": "38", "pvap": "   0,31", "e": "N", "st": "N\u00e3o eleito"}, {"seq": "109", "n": "10456", "vap": "43", "pvap": "   0,35", "e": "N", "st": "N\u00e3o eleito"}, {"seq": "78", "n": "70099", "vap": "12", "pvap": "   0,10", "e": "N", "st": "Suplente"}, {"seq": "75", "n": "70045", "vap": "24", "pvap": "   0,19", "e": "N", "st": "Suplente"}, {"seq": "22", "n": "70000", "vap": "160", "pvap": "   1,29", "e": "N", "st": "Suplente"}, {"seq": "64", "n": "70555", "vap": "36", "pvap": "   0,29", "e": "N", "st": "Suplente"}, {"seq": "11", "n": "70190", "vap": "220", "pvap": "   1,78", "e": "S", "st": "Eleito"}, {"seq": "66", "n": "70456", "vap": "35", "pvap": "   0,28", "e": "N", "st": "Suplente"}, {"seq": "61", "n": "70222", "vap": "38", "pvap": "   0,31", "e": "N", "st": "Suplente"}, {"seq": "76", "n": "70777", "vap": "23", "pvap": "   0,19", "e": "N", "st": "Suplente"}, {"seq": "32", "n": "70420", "vap": "115", "pvap": "   0,93", "e": "N", "st": "Suplente"}, {"seq": "51", "n": "70166", "vap": "51", "pvap": "   0,41", "e": "N", "st": "Suplente"}, {"seq": "82", "n": "70999", "vap": "10", "pvap": "   0,08", "e": "N", "st": "Suplente"}, {"seq": "80", "n": "70444", "vap": "10", "pvap": "   0,08", "e": "N", "st": "Suplente"}, {"seq": "50", "n": "70123", "vap": "52", "pvap": "   0,42", "e": "N", "st": "Suplente"}, {"seq": "90", "n": "70007", "vap": "6", "pvap": "   0,05", "e": "N", "st": "Suplente"}, {"seq": "38", "n": "70888", "vap": "98", "pvap": "   0,79", "e": "N", "st": "Suplente"}, {"seq": "115", "n": "70111", "vap": "27", "pvap": "   0,22", "e": "N", "st": "N\u00e3o eleito"}]}, {"dt": "15/11/2020", "ht": "23:34:58", "tf": "S", "and": "F", "tpabr": "ZONA", "cdabr": "83", "s": "45", "st": "45", "snt": "0", "si": "45", "sni": "0", "sa": "45", "sna": "0", "pst": " 100,00", "psnt": "   0,00", "psi": " 100,00", "psni": "   0,00", "psa": " 100,00", "psna": "   0,00", "e": "17236", "ea": "17236", "ena": "0", "esi": "17236", "esni": "0", "a": "4137", "c": "13099", "pea": " 100,00", "pena": "   0,00", "pesi": " 100,00", "pesni": "   0,00", "pa": "  24,00", "pc": "  76,00", "vnom": "11752", "vscv": "0", "vl": "600", "tv": "13099", "vvc": "12381", "vb": "315", "tvn": "403", "vn": "392", "vnt": "11", "vp": "0", "vv": "12352", "van": "0", "vansj": "29", "pvnom": "  95,14", "pvl": "   4,86", "pvvc": "  94,52", "pvb": "   2,40", "ptvn": "   3,08", "pvn": "  97,27", "pvnt": "   2,73", "pvp": "   0,00", "pvv": "  99,77", "pvan": "   0,00", "pvansj": "   0,23", "cand": [{"seq": "72", "n": "17888", "vap": "29", "pvap": "   0,23", "e": "N", "st": "Suplente"}, {"seq": "1", "n": "17777", "vap": "667", "pvap": "   5,39", "e": "S", "st": "Eleito"}, {"seq": "40", "n": "17333", "vap": "82", "pvap": "   0,66", "e": "N", "st": "Suplente"}, {"seq": "15", "n": "17111", "vap": "216", "pvap": "   1,74", "e": "N", "st": "Suplente"}, {"seq": "63", "n": "17017", "vap": "36", "pvap": "   0,29", "e": "N", "st": "Suplente"}, {"seq": "84", "n": "17789", "vap": "9", "pvap": "   0,07", "e": "N", "st": "Suplente"}, {"seq": "30", "n": "17222", "vap": "123", "pvap": "   0,99", "e": "N", "st": "Suplente"}, {"seq": "26", "n": "17123", "vap": "137", "pvap": "   1,11", "e": "N", "st": "Suplente"}, {"seq": "71", "n": "17456", "vap": "29", "pvap": "   0,23", "e": "N", "st": "Suplente"}, {"seq": "39", "n": "17000", "vap": "96", "pvap": "   0,78", "e": "N", "st": "Suplente"}, {"seq": "115", "n": "70111", "vap": "27", "pvap": "   0,22", "e": "N", "st": "N\u00e3o eleito"}, {"seq": "38", "n": "70888", "vap": "98", "pvap": "   0,79", "e": "N", "st": "Suplente"}, {"seq": "22", "n": "70000", "vap": "160", "pvap": "   1,29", "e": "N", "st": "Suplente"}, {"seq": "80", "n": "70444", "vap": "10", "pvap": "   0,08", "e": "N", "st": "Suplente"}, {"seq": "51", "n": "70166", "vap": "51", "pvap": "   0,41", "e": "N", "st": "Suplente"}, {"seq": "32", "n": "70420", "vap": "115", "pvap": "   0,93", "e": "N", "st": "Suplente"}, {"seq": "61", "n": "70222", "vap": "38", "pvap": "   0,31", "e": "N", "st": "Suplente"}, {"seq": "90", "n": "70007", "vap": "6", "pvap": "   0,05", "e": "N", "st": "Suplente"}, {"seq": "66", "n": "70456", "vap": "35", "pvap": "   0,28", "e": "N", "st": "Suplente"}, {"seq": "11", "n": "70190", "vap": "220", "pvap": "   1,78", "e": "S", "st": "Eleito"}, {"seq": "64", "n": "70555", "vap": "36", "pvap": "   0,29", "e": "N", "st": "Suplente"}, {"seq": "76", "n": "70777", "vap": "23", "pvap": "   0,19", "e": "N", "st": "Suplente"}, {"seq": "75", "n": "70045", "vap": "24", "pvap": "   0,19", "e": "N", "st": "Suplente"}, {"seq": "78", "n": "70099", "vap": "12", "pvap": "   0,10", "e": "N", "st": "Suplente"}, {"seq": "50", "n": "70123", "vap": "52", "pvap": "   0,42", "e": "N", "st": "Suplente"}, {"seq": "82", "n": "70999", "vap": "10", "pvap": "   0,08", "e": "N", "st": "Suplente"}, {"seq": "14", "n": "14789", "vap": "223", "pvap": "   1,80", "e": "N", "st": "Suplente"}, {"seq": "79", "n": "14514", "vap": "10", "pvap": "   0,08", "e": "N", "st": "Suplente"}, {"seq": "33", "n": "14014", "vap": "109", "pvap": "   0,88", "e": "N", "st": "Suplente"}, {"seq": "27", "n": "14111", "vap": "137", "pvap": "   1,11", "e": "N", "st": "Suplente"}, {"seq": "36", "n": "14234", "vap": "100", "pvap": "   0,81", "e": "N", "st": "Suplente"}, {"seq": "53", "n": "14000", "vap": "46", "pvap": "   0,37", "e": "N", "st": "Suplente"}, {"seq": "43", "n": "14500", "vap": "66", "pvap": "   0,53", "e": "N", "st": "Suplente"}, {"seq": "55", "n": "14123", "vap": "44", "pvap": "   0,36", "e": "N", "st": "Suplente"}, {"seq": "87", "n": "14015", "vap": "8", "pvap": "   0,06", "e": "N", "st": "Suplente"}, {"seq": "24", "n": "14567", "vap": "153", "pvap": "   1,24", "e": "N", "st": "Suplente"}, {"seq": "73", "n": "14222", "vap": "27", "pvap": "   0,22", "e": "N", "st": "Suplente"}, {"seq": "17", "n": "14045", "vap": "210", "pvap": "   1,70", "e": "N", "st": "Suplente"}, {"seq": "10", "n": "14700", "vap": "276", "pvap": "   2,23", "e": "S", "st": "Eleito"}, {"seq": "105", "n": "19019", "vap": "67", "pvap": "   0,54", "e": "N", "st": "N\u00e3o eleito"}, {"seq": "106", "n": "19789", "vap": "52", "pvap": "   0,42", "e": "N", "st": "N\u00e3o eleito"}, {"seq": "143", "n": "19900", "vap": "1", "pvap": "   0,01", "e": "N", "st": "N\u00e3o eleito"}, {"seq": "124", "n": "19222", "vap": "14", "pvap": "   0,11", "e": "N", "st": "N\u00e3o eleito"}, {"seq": "136", "n": "19999", "vap": "6", "pvap": "   0,05", "e": "N", "st": "N\u00e3o eleito"}, {"seq": "138", "n": "19919", "vap": "4", "pvap": "   0,03", "e": "N", "st": "N\u00e3o eleito"}, {"seq": "126", "n": "19266", "vap": "13", "pvap": "   0,10", "e": "N", "st": "N\u00e3o eleito"}, {"seq": "102", "n": "19000", "vap": "74", "pvap": "   0,60", "e": "N", "st": "N\u00e3o eleito"}, {"seq": "99", "n": "19123", "vap": "91", "pvap": "   0,73", "e": "N", "st": "N\u00e3o eleito"}, {"seq": "23", "n": "43111", "vap": "156", "pvap": "   1,26", "e": "N", "st": "Suplente"}, {"seq": "35", "n": "43222", "vap": "102", "pvap": "   0,82", "e": "N", "st": "Suplente"}, {"seq": "31", "n": "43123", "vap": "118", "pvap": "   0,95", "e": "N", "st": "Suplente"}, {"seq": "93", "n": "43172", "vap": "4", "pvap": "   0,03", "e": "N", "st": "Suplente"}, {"seq": "4", "n": "43043", "vap": "410", "pvap": "   3,31", "e": "S", "st": "Eleito"}, {"seq": "49", "n": "43127", "vap": "55", "pvap": "   0,44", "e": "N", "st": "Suplente"}, {"seq": "37", "n": "43456", "vap": "99", "pvap": "   0,80", "e": "N", "st": "Suplente"}, {"seq": "6", "n": "43033", "vap": "361", "pvap": "   2,92", "e": "S", "st": "Eleito"}, {"seq": "46", "n": "43003", "vap": "63", "pvap": "   0,51", "e": "N", "st": "Suplente"}, {"seq": "56", "n": "43190", "vap": "42", "pvap": "   0,34", "e": "N", "st": "Suplente"}, {"seq": "42", "n": "43333", "vap": "72", "pvap": "   0,58", "e": "N", "st": "Suplente"}, {"seq": "29", "n": "43363", "vap": "123", "pvap": "   0,99", "e": "N", "st": "Suplente"}, {"seq": "59", "n": "43000", "vap": "39", "pvap": "   0,31", "e": "N", "st": "Suplente"}, {"seq": "108", "n": "25025", "vap": "51", "pvap": "   0,41", "e": "N", "st": "N\u00e3o eleito"}, {"seq": "134", "n": "25125", "vap": "7", "pvap": "   0,06", "e": "N", "st": "N\u00e3o eleito"}, {"seq": "117", "n": "25133", "vap": "26", "pvap": "   0,21", "e": "N", "st": "N\u00e3o eleito"}, {"seq": "133", "n": "25999", "vap": "7", "pvap": "   0,06", "e": "N", "st": "N\u00e3o eleito"}, {"seq": "131", "n": "25222", "vap": "8", "pvap": "   0,06", "e": "N", "st": "N\u00e3o eleito"}, {"seq": "130", "n": "25550", "vap": "8", "pvap": "   0,06", "e": "N", "st": "N\u00e3o eleito"}, {"seq": "119", "n": "25000", "vap": "22", "pvap": "   0,18", "e": "N", "st": "N\u00e3o eleito"}, {"seq": "97", "n": "25555", "vap": "279", "pvap": "   2,25", "e": "N", "st": "N\u00e3o eleito"}, {"seq": "103", "n": "25123", "vap": "72", "pvap": "   0,58", "e": "N", "st": "N\u00e3o eleito"}, {"seq": "144", "n": "25013", "vap": "1", "pvap": "   0,01", "e": "N", "st": "N\u00e3o eleito"}, {"seq": "104", "n": "33123", "vap": "70", "pvap": "   0,57", "e": "N", "st": "N\u00e3o eleito"}, {"seq": "135", "n": "33198", "vap": "6", "pvap": "   0,05", "e": "N", "st": "N\u00e3o eleito"}, {"seq": "20", "n": "20222", "vap": "163", "pvap": "   1,32", "e": "N", "st": "Suplente"}, {"seq": "74", "n": "20800", "vap": "25", "pvap": "   0,20", "e": "N", "st": "Suplente"}, {"seq": "77", "n": "20200", "vap": "13", "pvap": "   0,10", "e": "N", "st": "Suplente"}, {"seq": "41", "n": "20555", "vap": "75", "pvap": "   0,61", "e": "N", "st": "Suplente"}, {"seq": "57", "n": "20333", "vap": "41", "pvap": "   0,33", "e": "N", "st": "Suplente"}, {"seq": "67", "n": "20325", "vap": "35", "pvap": "   0,28", "e": "N", "st": "Suplente"}, {"seq": "94", "n": "20150", "vap": "4", "pvap": "   0,03", "e": "N", "st": "Suplente"}, {"seq": "81", "n": "20888", "vap": "10", "pvap": "   0,08", "e": "N", "st": "Suplente"}, {"seq": "12", "n": "20789", "vap": "265", "pvap": "   2,14", "e": "N", "st": "Suplente"}, {"seq": "62", "n": "20000", "vap": "38", "pvap": "   0,31", "e": "N", "st": "Suplente"}, {"seq": "8", "n": "20123", "vap": "314", "pvap": "   2,54", "e": "S", "st": "Eleito"}, {"seq": "68", "n": "20020", "vap": "35", "pvap": "   0,28", "e": "N", "st": "Suplente"}, {"seq": "86", "n": "20234", "vap": "8", "pvap": "   0,06", "e": "N", "st": "Suplente"}, {"seq": "83", "n": "20777", "vap": "10", "pvap": "   0,08", "e": "N", "st": "Suplente"}, {"seq": "88", "n": "20111", "vap": "7", "pvap": "   0,06", "e": "N", "st": "Suplente"}, {"seq": "70", "n": "20456", "vap": "31", "pvap": "   0,25", "e": "N", "st": "Suplente"}, {"seq": "91", "n": "20444", "vap": "5", "pvap": "   0,04", "e": "N", "st": "Suplente"}, {"seq": "137", "n": "90090", "vap": "5", "pvap": "   0,04", "e": "N", "st": "N\u00e3o eleito"}, {"seq": "100", "n": "90147", "vap": "74", "pvap": "   0,60", "e": "N", "st": "N\u00e3o eleito"}, {"seq": "125", "n": "90444", "vap": "13", "pvap": "   0,10", "e": "N", "st": "N\u00e3o eleito"}, {"seq": "112", "n": "90000", "vap": "37", "pvap": "   0,30", "e": "N", "st": "N\u00e3o eleito"}, {"seq": "139", "n": "90222", "vap": "3", "pvap": "   0,02", "e": "N", "st": "N\u00e3o eleito"}, {"seq": "141", "n": "90934", "vap": "2", "pvap": "   0,02", "e": "N", "st": "N\u00e3o eleito"}, {"seq": "118", "n": "90999", "vap": "24", "pvap": "   0,19", "e": "N", "st": "N\u00e3o eleito"}, {"seq": "116", "n": "90123", "vap": "26", "pvap": "   0,21", "e": "N", "st": "N\u00e3o eleito"}, {"seq": "142", "n": "90322", "vap": "1", "pvap": "   0,01", "e": "N", "st": "N\u00e3o eleito"}, {"seq": "9", "n": "45000", "vap": "293", "pvap": "   2,37", "e": "S", "st": "Eleito"}, {"seq": "2", "n": "45045", "vap": "434", "pvap": "   3,51", "e": "S", "st": "Eleito"}, {"seq": "18", "n": "45111", "vap": "185", "pvap": "   1,49", "e": "N", "st": "Suplente"}, {"seq": "34", "n": "45222", "vap": "109", "pvap": "   0,88", "e": "N", "st": "Suplente"}, {"seq": "54", "n": "45123", "vap": "44", "pvap": "   0,36", "e": "N", "st": "Suplente"}, {"seq": "19", "n": "45345", "vap": "169", "pvap": "   1,36", "e": "N", "st": "Suplente"}, {"seq": "44", "n": "45456", "vap": "66", "pvap": "   0,53", "e": "N", "st": "Suplente"}, {"seq": "25", "n": "45678", "vap": "148", "pvap": "   1,20", "e": "N", "st": "Suplente"}, {"seq": "95", "n": "45777", "vap": "2", "pvap": "   0,02", "e": "N", "st": "Suplente"}, {"seq": "60", "n": "45192", "vap": "38", "pvap": "   0,31", "e": "N", "st": "Suplente"}, {"seq": "48", "n": "45555", "vap": "57", "pvap": "   0,46", "e": "N", "st": "Suplente"}, {"seq": "65", "n": "45125", "vap": "35", "pvap": "   0,28", "e": "N", "st": "Suplente"}, {"seq": "96", "n": "45888", "vap": "1", "pvap": "   0,01", "e": "N", "st": "Suplente"}, {"seq": "111", "n": "10344", "vap": "38", "pvap": "   0,31", "e": "N", "st": "N\u00e3o eleito"}, {"seq": "109", "n": "10456", "vap": "43", "pvap": "   0,35", "e": "N", "st": "N\u00e3o eleito"}, {"seq": "123", "n": "10123", "vap": "17", "pvap": "   0,14", "e": "N", "st": "N\u00e3o eleito"}, {"seq": "121", "n": "10500", "vap": "21", "pvap": "   0,17", "e": "N", "st": "N\u00e3o eleito"}, {"seq": "127", "n": "10567", "vap": "10", "pvap": "   0,08", "e": "N", "st": "N\u00e3o eleito"}, {"seq": "128", "n": "10013", "vap": "10", "pvap": "   0,08", "e": "N", "st": "N\u00e3o eleito"}, {"seq": "140", "n": "10777", "vap": "2", "pvap": "   0,02", "e": "N", "st": "N\u00e3o eleito"}, {"seq": "107", "n": "10000", "vap": "52", "pvap": "   0,42", "e": "N", "st": "N\u00e3o eleito"}, {"seq": "101", "n": "51333", "vap": "74", "pvap": "   0,60", "e": "N", "st": "N\u00e3o eleito"}, {"seq": "122", "n": "51777", "vap": "17", "pvap": "   0,14", "e": "N", "st": "N\u00e3o eleito"}, {"seq": "113", "n": "51100", "vap": "31", "pvap": "   0,25", "e": "N", "st": "N\u00e3o eleito"}, {"seq": "129", "n": "51123", "vap": "9", "pvap": "   0,07", "e": "N", "st": "N\u00e3o eleito"}, {"seq": "98", "n": "51157", "vap": "98", "pvap": "   0,79", "e": "N", "st": "N\u00e3o eleito"}, {"seq": "110", "n": "51328", "vap": "42", "pvap": "   0,34", "e": "N", "st": "N\u00e3o eleito"}, {"seq": "114", "n": "51000", "vap": "28", "pvap": "   0,23", "e": "N", "st": "N\u00e3o eleito"}, {"seq": "120", "n": "51555", "vap": "22", "pvap": "   0,18", "e": "N", "st": "N\u00e3o eleito"}, {"seq": "132", "n": "51321", "vap": "7", "pvap": "   0,06", "e": "N", "st": "N\u00e3o eleito"}, {"seq": "85", "n": "55455", "vap": "8", "pvap": "   0,06", "e": "N", "st": "Suplente"}, {"seq": "5", "n": "55123", "vap": "362", "pvap": "   2,92", "e": "S", "st": "Eleito"}, {"seq": "7", "n": "55000", "vap": "351", "pvap": "   2,83", "e": "S", "st": "Eleito"}, {"seq": "47", "n": "55888", "vap": "61", "pvap": "   0,49", "e": "N", "st": "Suplente"}, {"seq": "89", "n": "55678", "vap": "7", "pvap": "   0,06", "e": "N", "st": "Suplente"}, {"seq": "58", "n": "55444", "vap": "40", "pvap": "   0,32", "e": "N", "st": "Suplente"}, {"seq": "52", "n": "55505", "vap": "50", "pvap": "   0,40", "e": "N", "st": "Suplente"}, {"seq": "3", "n": "55111", "vap": "428", "pvap": "   3,46", "e": "S", "st": "Eleito"}, {"seq": "45", "n": "55222", "vap": "65", "pvap": "   0,52", "e": "N", "st": "Suplente"}, {"seq": "69", "n": "55855", "vap": "32", "pvap": "   0,26", "e": "N", "st": "Suplente"}, {"seq": "16", "n": "55333", "vap": "211", "pvap": "   1,70", "e": "N", "st": "Suplente"}, {"seq": "28", "n": "55777", "vap": "125", "pvap": "   1,01", "e": "N", "st": "Suplente"}, {"seq": "21", "n": "55555", "vap": "161", "pvap": "   1,30", "e": "N", "st": "Suplente"}, {"seq": "13", "n": "55055", "vap": "237", "pvap": "   1,91", "e": "N", "st": "Suplente"}, {"seq": "92", "n": "55999", "vap": "4", "pvap": "   0,03", "e": "N", "st": "Suplente"}]}]}