{"ele": "426", "carper": "13", "t": "1", "f": "O", "esae": "N", "mnae": " ", "dg": "16/11/2020", "hg": "00:32:11", "dv": "S", "nadf": "sp69752-c0013-e000426-001-f", "abr": [{"dt": "15/11/2020", "ht": "23:56:53", "tf": "S", "and": "F", "tpabr": "MU", "cdabr": "69752", "s": "20", "st": "20", "snt": "0", "si": "20", "sni": "0", "sa": "20", "sna": "0", "pst": " 100,00", "psnt": "   0,00", "psi": " 100,00", "psni": "   0,00", "psa": " 100,00", "psna": "   0,00", "e": "7715", "ea": "7715", "ena": "0", "esi": "7715", "esni": "0", "c": "5874", "a": "1841", "pea": " 100,00", "pena": "   0,00", "pesi": " 100,00", "pesni": "   0,00", "pa": "  23,86", "pc": "  76,14", "vscv": "0", "vnom": "5002", "vl": "378", "tv": "5874", "vvc": "5428", "vb": "192", "tvn": "254", "vn": "254", "vnt": "0", "vp": "0", "vv": "5380", "van": "0", "vansj": "48", "pvnom": "  92,97", "pvl": "   7,03", "pvvc": "  92,41", "pvb": "   3,27", "ptvn": "   4,32", "pvn": " 100,00", "pvnt": "   0,00", "pvp": "   0,00", "pvv": "  99,12", "pvan": "   0,00", "pvansj": "   0,88", "colig": [{"n": "250000135438", "tvtn": "394", "tvan": "394", "vag": "0", "tvtl": "17", "tval": "17"}, {"n": "250000135780", "tvtn": "714", "tvan": "714", "vag": "1", "tvtl": "17", "tval": "17"}, {"n": "250000145425", "tvtn": "365", "tvan": "365", "vag": "0", "tvtl": "3", "tval": "3"}, {"n": "250000136653", "tvtn": "428", "tvan": "428", "vag": "1", "tvtl": "9", "tval": "9"}, {"n": "250000130716", "tvtn": "899", "tvan": "901", "vag": "2", "tvtl": "129", "tval": "129"}, {"n": "250000117772", "tvtn": "1176", "tvan": "1176", "vag": "3", "tvtl": "111", "tval": "111"}, {"n": "250000133368", "tvtn": "549", "tvan": "549", "vag": "1", "tvtl": "46", "tval": "46"}, {"n": "250000136642", "tvtn": "477", "tvan": "523", "vag": "1", "tvtl": "46", "tval": "46"}], "part": [{"n": "25", "tvtn": "394", "tvan": "394", "tvtl": "17", "tval": "17"}, {"n": "15", "tvtn": "714", "tvan": "714", "tvtl": "17", "tval": "17"}, {"n": "28", "tvtn": "365", "tvan": "365", "tvtl": "3", "tval": "3"}, {"n": "11", "tvtn": "428", "tvan": "428", "tvtl": "9", "tval": "9"}, {"n": "17", "tvtn": "899", "tvan": "901", "tvtl": "129", "tval": "129"}, {"n": "13", "tvtn": "1176", "tvan": "1176", "tvtl": "111", "tval": "111"}, {"n": "45", "tvtn": "549", "tvan": "549", "tvtl": "46", "tval": "46"}, {"n": "10", "tvtn": "477", "tvan": "523", "tvtl": "46", "tval": "46"}], "cand": [{"seq": "78", "n": "25579", "vap": "31", "pvap": "   0,57", "e": "N", "st": "N\u00e3o eleito"}, {"seq": "80", "n": "25777", "vap": "28", "pvap": "   0,52", "e": "N", "st": "N\u00e3o eleito"}, {"seq": "70", "n": "25123", "vap": "153", "pvap": "   2,82", "e": "N", "st": "N\u00e3o eleito"}, {"seq": "73", "n": "25025", "vap": "70", "pvap": "   1,29", "e": "N", "st": "N\u00e3o eleito"}, {"seq": "86", "n": "25124", "vap": "15", "pvap": "   0,28", "e": "N", "st": "N\u00e3o eleito"}, {"seq": "84", "n": "25000", "vap": "16", "pvap": "   0,29", "e": "N", "st": "N\u00e3o eleito"}, {"seq": "77", "n": "25055", "vap": "41", "pvap": "   0,76", "e": "N", "st": "N\u00e3o eleito"}, {"seq": "89", "n": "25256", "vap": "4", "pvap": "   0,07", "e": "N", "st": "N\u00e3o eleito"}, {"seq": "88", "n": "25225", "vap": "8", "pvap": "   0,15", "e": "N", "st": "N\u00e3o eleito"}, {"seq": "91", "n": "25555", "vap": "1", "pvap": "   0,02", "e": "N", "st": "N\u00e3o eleito"}, {"seq": "81", "n": "25111", "vap": "27", "pvap": "   0,50", "e": "N", "st": "N\u00e3o eleito"}, {"seq": "25", "n": "15315", "vap": "66", "pvap": "   1,22", "e": "N", "st": "Suplente"}, {"seq": "40", "n": "15456", "vap": "27", "pvap": "   0,50", "e": "N", "st": "Suplente"}, {"seq": "27", "n": "15222", "vap": "48", "pvap": "   0,88", "e": "N", "st": "Suplente"}, {"seq": "12", "n": "15123", "vap": "135", "pvap": "   2,49", "e": "N", "st": "Suplente"}, {"seq": "32", "n": "15555", "vap": "38", "pvap": "   0,70", "e": "N", "st": "Suplente"}, {"seq": "41", "n": "15678", "vap": "26", "pvap": "   0,48", "e": "N", "st": "Suplente"}, {"seq": "39", "n": "15011", "vap": "27", "pvap": "   0,50", "e": "N", "st": "Suplente"}, {"seq": "59", "n": "15333", "vap": "9", "pvap": "   0,17", "e": "N", "st": "Suplente"}, {"seq": "57", "n": "15056", "vap": "10", "pvap": "   0,18", "e": "N", "st": "Suplente"}, {"seq": "6", "n": "15000", "vap": "181", "pvap": "   3,33", "e": "S", "st": "Eleito"}, {"seq": "14", "n": "15111", "vap": "109", "pvap": "   2,01", "e": "N", "st": "Suplente"}, {"seq": "33", "n": "15015", "vap": "37", "pvap": "   0,68", "e": "N", "st": "Suplente"}, {"seq": "66", "n": "15066", "vap": "1", "pvap": "   0,02", "e": "N", "st": "Suplente"}, {"seq": "72", "n": "28777", "vap": "85", "pvap": "   1,57", "e": "N", "st": "N\u00e3o eleito"}, {"seq": "83", "n": "28017", "vap": "17", "pvap": "   0,31", "e": "N", "st": "N\u00e3o eleito"}, {"seq": "82", "n": "28123", "vap": "21", "pvap": "   0,39", "e": "N", "st": "N\u00e3o eleito"}, {"seq": "76", "n": "28370", "vap": "43", "pvap": "   0,79", "e": "N", "st": "N\u00e3o eleito"}, {"seq": "87", "n": "28333", "vap": "10", "pvap": "   0,18", "e": "N", "st": "N\u00e3o eleito"}, {"seq": "79", "n": "28028", "vap": "31", "pvap": "   0,57", "e": "N", "st": "N\u00e3o eleito"}, {"seq": "71", "n": "28888", "vap": "88", "pvap": "   1,62", "e": "N", "st": "N\u00e3o eleito"}, {"seq": "74", "n": "28000", "vap": "55", "pvap": "   1,01", "e": "N", "st": "N\u00e3o eleito"}, {"seq": "85", "n": "28345", "vap": "15", "pvap": "   0,28", "e": "N", "st": "N\u00e3o eleito"}, {"seq": "43", "n": "11555", "vap": "23", "pvap": "   0,42", "e": "N", "st": "Suplente"}, {"seq": "26", "n": "11333", "vap": "62", "pvap": "   1,14", "e": "N", "st": "Suplente"}, {"seq": "31", "n": "11123", "vap": "39", "pvap": "   0,72", "e": "N", "st": "Suplente"}, {"seq": "8", "n": "11111", "vap": "167", "pvap": "   3,08", "e": "S", "st": "Eleito"}, {"seq": "28", "n": "11777", "vap": "47", "pvap": "   0,87", "e": "N", "st": "Suplente"}, {"seq": "69", "n": "11222", "vap": "0", "pvap": "00.00", "e": "N", "st": "Suplente"}, {"seq": "58", "n": "11888", "vap": "9", "pvap": "   0,17", "e": "N", "st": "Suplente"}, {"seq": "63", "n": "11100", "vap": "5", "pvap": "   0,09", "e": "N", "st": "Suplente"}, {"seq": "23", "n": "11444", "vap": "68", "pvap": "   1,25", "e": "N", "st": "Suplente"}, {"seq": "61", "n": "11999", "vap": "8", "pvap": "   0,15", "e": "N", "st": "Suplente"}, {"seq": "10", "n": "17123", "vap": "182", "pvap": "   3,35", "e": "N", "st": "Suplente"}, {"seq": "24", "n": "17777", "vap": "68", "pvap": "   1,25", "e": "N", "st": "Suplente"}, {"seq": "46", "n": "17177", "vap": "21", "pvap": "   0,39", "e": "N", "st": "Suplente"}, {"seq": "29", "n": "17890", "vap": "43", "pvap": "   0,79", "e": "N", "st": "Suplente"}, {"seq": "30", "n": "17170", "vap": "41", "pvap": "   0,76", "e": "N", "st": "Suplente"}, {"seq": "3", "n": "17345", "vap": "207", "pvap": "   3,81", "e": "S", "st": "Eleito"}, {"seq": "48", "n": "17045", "vap": "20", "pvap": "   0,37", "e": "N", "st": "Suplente"}, {"seq": "2", "n": "17100", "vap": "246", "pvap": "   4,53", "e": "S", "st": "Eleito"}, {"seq": "21", "n": "17017", "vap": "71", "pvap": "   1,31", "e": "N", "st": "Suplente"}, {"seq": "90", "n": "17700", "vap": "2", "pvap": "   0,04", "e": "N", "st": "N\u00e3o eleito"}, {"seq": "47", "n": "13003", "vap": "20", "pvap": "   0,37", "e": "N", "st": "Suplente"}, {"seq": "9", "n": "13313", "vap": "153", "pvap": "   2,82", "e": "S", "st": "Eleito"}, {"seq": "16", "n": "13123", "vap": "103", "pvap": "   1,90", "e": "N", "st": "Suplente"}, {"seq": "56", "n": "13030", "vap": "10", "pvap": "   0,18", "e": "N", "st": "Suplente"}, {"seq": "38", "n": "13066", "vap": "28", "pvap": "   0,52", "e": "N", "st": "Suplente"}, {"seq": "34", "n": "13055", "vap": "36", "pvap": "   0,66", "e": "N", "st": "Suplente"}, {"seq": "17", "n": "13333", "vap": "78", "pvap": "   1,44", "e": "N", "st": "Suplente"}, {"seq": "60", "n": "13111", "vap": "8", "pvap": "   0,15", "e": "N", "st": "Suplente"}, {"seq": "1", "n": "13000", "vap": "260", "pvap": "   4,79", "e": "S", "st": "Eleito"}, {"seq": "5", "n": "13777", "vap": "183", "pvap": "   3,37", "e": "S", "st": "Eleito"}, {"seq": "42", "n": "13103", "vap": "24", "pvap": "   0,44", "e": "N", "st": "Suplente"}, {"seq": "13", "n": "13555", "vap": "128", "pvap": "   2,36", "e": "N", "st": "Suplente"}, {"seq": "11", "n": "13013", "vap": "145", "pvap": "   2,67", "e": "N", "st": "Suplente"}, {"seq": "65", "n": "45200", "vap": "3", "pvap": "   0,06", "e": "N", "st": "Suplente"}, {"seq": "37", "n": "45111", "vap": "30", "pvap": "   0,55", "e": "N", "st": "Suplente"}, {"seq": "15", "n": "45100", "vap": "109", "pvap": "   2,01", "e": "N", "st": "Suplente"}, {"seq": "55", "n": "45253", "vap": "11", "pvap": "   0,20", "e": "N", "st": "Suplente"}, {"seq": "54", "n": "45123", "vap": "13", "pvap": "   0,24", "e": "N", "st": "Suplente"}, {"seq": "19", "n": "45321", "vap": "76", "pvap": "   1,40", "e": "N", "st": "Suplente"}, {"seq": "64", "n": "45777", "vap": "4", "pvap": "   0,07", "e": "N", "st": "Suplente"}, {"seq": "7", "n": "45678", "vap": "169", "pvap": "   3,11", "e": "S", "st": "Eleito"}, {"seq": "44", "n": "45000", "vap": "22", "pvap": "   0,41", "e": "N", "st": "Suplente"}, {"seq": "20", "n": "45045", "vap": "74", "pvap": "   1,36", "e": "N", "st": "Suplente"}, {"seq": "52", "n": "45020", "vap": "17", "pvap": "   0,31", "e": "N", "st": "Suplente"}, {"seq": "45", "n": "45222", "vap": "21", "pvap": "   0,39", "e": "N", "st": "Suplente"}, {"seq": "4", "n": "10010", "vap": "189", "pvap": "   3,48", "e": "S", "st": "Eleito"}, {"seq": "75", "n": "10123", "vap": "46", "pvap": "   0,85", "e": "N", "st": "N\u00e3o eleito"}, {"seq": "22", "n": "10333", "vap": "70", "pvap": "   1,29", "e": "N", "st": "Suplente"}, {"seq": "68", "n": "10444", "vap": "1", "pvap": "   0,02", "e": "N", "st": "Suplente"}, {"seq": "36", "n": "10011", "vap": "30", "pvap": "   0,55", "e": "N", "st": "Suplente"}, {"seq": "62", "n": "10022", "vap": "7", "pvap": "   0,13", "e": "N", "st": "Suplente"}, {"seq": "18", "n": "10999", "vap": "77", "pvap": "   1,42", "e": "N", "st": "Suplente"}, {"seq": "67", "n": "10051", "vap": "1", "pvap": "   0,02", "e": "N", "st": "Suplente"}, {"seq": "51", "n": "10006", "vap": "18", "pvap": "   0,33", "e": "N", "st": "Suplente"}, {"seq": "50", "n": "10666", "vap": "18", "pvap": "   0,33", "e": "N", "st": "Suplente"}, {"seq": "49", "n": "10222", "vap": "19", "pvap": "   0,35", "e": "N", "st": "Suplente"}, {"seq": "53", "n": "10777", "vap": "14", "pvap": "   0,26", "e": "N", "st": "Suplente"}, {"seq": "35", "n": "10100", "vap": "33", "pvap": "   0,61", "e": "N", "st": "Suplente"}]}, {"dt": "15/11/2020", "ht": "23:56:53", "tf": "S", "and": "F", "tpabr": "ZONA", "cdabr": "239", "s": "20", "st": "20", "snt": "0", "si": "20", "sni": "0", "sa": "20", "sna": "0", "pst": " 100,00", "psnt": "   0,00", "psi": " 100,00", "psni": "   0,00", "psa": " 100,00", "psna": "   0,00", "e": "7715", "ea": "7715", "ena": "0", "esi": "7715", "esni": "0", "a": "1841", "c": "5874", "pea": " 100,00", "pena": "   0,00", "pesi": " 100,00", "pesni": "   0,00", "pa": "  23,86", "pc": "  76,14", "vnom": "5002", "vscv": "0", "vl": "378", "tv": "5874", "vvc": "5428", "vb": "192", "tvn": "254", "vn": "254", "vnt": "0", "vp": "0", "vv": "5380", "van": "0", "vansj": "48", "pvnom": "  92,97", "pvl": "   7,03", "pvvc": "  92,41", "pvb": "   3,27", "ptvn": "   4,32", "pvn": " 100,00", "pvnt": "   0,00", "pvp": "   0,00", "pvv": "  99,12", "pvan": "   0,00", "pvansj": "   0,88", "cand": [{"seq": "8", "n": "11111", "vap": "167", "pvap": "   3,08", "e": "S", "st": "Eleito"}, {"seq": "23", "n": "11444", "vap": "68", "pvap": "   1,25", "e": "N", "st": "Suplente"}, {"seq": "26", "n": "11333", "vap": "62", "pvap": "   1,14", "e": "N", "st": "Suplente"}, {"seq": "28", "n": "11777", "vap": "47", "pvap": "   0,87", "e": "N", "st": "Suplente"}, {"seq": "31", "n": "11123", "vap": "39", "pvap": "   0,72", "e": "N", "st": "Suplente"}, {"seq": "43", "n": "11555", "vap": "23", "pvap": "   0,42", "e": "N", "st": "Suplente"}, {"seq": "58", "n": "11888", "vap": "9", "pvap": "   0,17", "e": "N", "st": "Suplente"}, {"seq": "61", "n": "11999", "vap": "8", "pvap": "   0,15", "e": "N", "st": "Suplente"}, {"seq": "63", "n": "11100", "vap": "5", "pvap": "   0,09", "e": "N", "st": "Suplente"}, {"seq": "69", "n": "11222", "vap": "0", "pvap": "00.00", "e": "N", "st": "Suplente"}, {"seq": "71", "n": "28888", "vap": "88", "pvap": "   1,62", "e": "N", "st": "N\u00e3o eleito"}, {"seq": "72", "n": "28777", "vap": "85", "pvap": "   1,57", "e": "N", "st": "N\u00e3o eleito"}, {"seq": "74", "n": "28000", "vap": "55", "pvap": "   1,01", "e": "N", "st": "N\u00e3o eleito"}, {"seq": "76", "n": "28370", "vap": "43", "pvap": "   0,79", "e": "N", "st": "N\u00e3o eleito"}, {"seq": "79", "n": "28028", "vap": "31", "pvap": "   0,57", "e": "N", "st": "N\u00e3o eleito"}, {"seq": "82", "n": "28123", "vap": "21", "pvap": "   0,39", "e": "N", "st": "N\u00e3o eleito"}, {"seq": "83", "n": "28017", "vap": "17", "pvap": "   0,31", "e": "N", "st": "N\u00e3o eleito"}, {"seq": "85", "n": "28345", "vap": "15", "pvap": "   0,28", "e": "N", "st": "N\u00e3o eleito"}, {"seq": "87", "n": "28333", "vap": "10", "pvap": "   0,18", "e": "N", "st": "N\u00e3o eleito"}, {"seq": "6", "n": "15000", "vap": "181", "pvap": "   3,33", "e": "S", "st": "Eleito"}, {"seq": "12", "n": "15123", "vap": "135", "pvap": "   2,49", "e": "N", "st": "Suplente"}, {"seq": "14", "n": "15111", "vap": "109", "pvap": "   2,01", "e": "N", "st": "Suplente"}, {"seq": "25", "n": "15315", "vap": "66", "pvap": "   1,22", "e": "N", "st": "Suplente"}, {"seq": "27", "n": "15222", "vap": "48", "pvap": "   0,88", "e": "N", "st": "Suplente"}, {"seq": "32", "n": "15555", "vap": "38", "pvap": "   0,70", "e": "N", "st": "Suplente"}, {"seq": "33", "n": "15015", "vap": "37", "pvap": "   0,68", "e": "N", "st": "Suplente"}, {"seq": "39", "n": "15011", "vap": "27", "pvap": "   0,50", "e": "N", "st": "Suplente"}, {"seq": "40", "n": "15456", "vap": "27", "pvap": "   0,50", "e": "N", "st": "Suplente"}, {"seq": "41", "n": "15678", "vap": "26", "pvap": "   0,48", "e": "N", "st": "Suplente"}, {"seq": "57", "n": "15056", "vap": "10", "pvap": "   0,18", "e": "N", "st": "Suplente"}, {"seq": "59", "n": "15333", "vap": "9", "pvap": "   0,17", "e": "N", "st": "Suplente"}, {"seq": "66", "n": "15066", "vap": "1", "pvap": "   0,02", "e": "N", "st": "Suplente"}, {"seq": "1", "n": "13000", "vap": "260", "pvap": "   4,79", "e": "S", "st": "Eleito"}, {"seq": "5", "n": "13777", "vap": "183", "pvap": "   3,37", "e": "S", "st": "Eleito"}, {"seq": "9", "n": "13313", "vap": "153", "pvap": "   2,82", "e": "S", "st": "Eleito"}, {"seq": "11", "n": "13013", "vap": "145", "pvap": "   2,67", "e": "N", "st": "Suplente"}, {"seq": "13", "n": "13555", "vap": "128", "pvap": "   2,36", "e": "N", "st": "Suplente"}, {"seq": "16", "n": "13123", "vap": "103", "pvap": "   1,90", "e": "N", "st": "Suplente"}, {"seq": "17", "n": "13333", "vap": "78", "pvap": "   1,44", "e": "N", "st": "Suplente"}, {"seq": "34", "n": "13055", "vap": "36", "pvap": "   0,66", "e": "N", "st": "Suplente"}, {"seq": "38", "n": "13066", "vap": "28", "pvap": "   0,52", "e": "N", "st": "Suplente"}, {"seq": "42", "n": "13103", "vap": "24", "pvap": "   0,44", "e": "N", "st": "Suplente"}, {"seq": "47", "n": "13003", "vap": "20", "pvap": "   0,37", "e": "N", "st": "Suplente"}, {"seq": "56", "n": "13030", "vap": "10", "pvap": "   0,18", "e": "N", "st": "Suplente"}, {"seq": "60", "n": "13111", "vap": "8", "pvap": "   0,15", "e": "N", "st": "Suplente"}, {"seq": "2", "n": "17100", "vap": "246", "pvap": "   4,53", "e": "S", "st": "Eleito"}, {"seq": "3", "n": "17345", "vap": "207", "pvap": "   3,81", "e": "S", "st": "Eleito"}, {"seq": "10", "n": "17123", "vap": "182", "pvap": "   3,35", "e": "N", "st": "Suplente"}, {"seq": "21", "n": "17017", "vap": "71", "pvap": "   1,31", "e": "N", "st": "Suplente"}, {"seq": "24", "n": "17777", "vap": "68", "pvap": "   1,25", "e": "N", "st": "Suplente"}, {"seq": "29", "n": "17890", "vap": "43", "pvap": "   0,79", "e": "N", "st": "Suplente"}, {"seq": "30", "n": "17170", "vap": "41", "pvap": "   0,76", "e": "N", "st": "Suplente"}, {"seq": "46", "n": "17177", "vap": "21", "pvap": "   0,39", "e": "N", "st": "Suplente"}, {"seq": "48", "n": "17045", "vap": "20", "pvap": "   0,37", "e": "N", "st": "Suplente"}, {"seq": "90", "n": "17700", "vap": "2", "pvap": "   0,04", "e": "N", "st": "N\u00e3o eleito"}, {"seq": "70", "n": "25123", "vap": "153", "pvap": "   2,82", "e": "N", "st": "N\u00e3o eleito"}, {"seq": "73", "n": "25025", "vap": "70", "pvap": "   1,29", "e": "N", "st": "N\u00e3o eleito"}, {"seq": "77", "n": "25055", "vap": "41", "pvap": "   0,76", "e": "N", "st": "N\u00e3o eleito"}, {"seq": "78", "n": "25579", "vap": "31", "pvap": "   0,57", "e": "N", "st": "N\u00e3o eleito"}, {"seq": "80", "n": "25777", "vap": "28", "pvap": "   0,52", "e": "N", "st": "N\u00e3o eleito"}, {"seq": "81", "n": "25111", "vap": "27", "pvap": "   0,50", "e": "N", "st": "N\u00e3o eleito"}, {"seq": "84", "n": "25000", "vap": "16", "pvap": "   0,29", "e": "N", "st": "N\u00e3o eleito"}, {"seq": "86", "n": "25124", "vap": "15", "pvap": "   0,28", "e": "N", "st": "N\u00e3o eleito"}, {"seq": "88", "n": "25225", "vap": "8", "pvap": "   0,15", "e": "N", "st": "N\u00e3o eleito"}, {"seq": "89", "n": "25256", "vap": "4", "pvap": "   0,07", "e": "N", "st": "N\u00e3o eleito"}, {"seq": "91", "n": "25555", "vap": "1", "pvap": "   0,02", "e": "N", "st": "N\u00e3o eleito"}, {"seq": "7", "n": "45678", "vap": "169", "pvap": "   3,11", "e": "S", "st": "Eleito"}, {"seq": "15", "n": "45100", "vap": "109", "pvap": "   2,01", "e": "N", "st": "Suplente"}, {"seq": "19", "n": "45321", "vap": "76", "pvap": "   1,40", "e": "N", "st": "Suplente"}, {"seq": "20", "n": "45045", "vap": "74", "pvap": "   1,36", "e": "N", "st": "Suplente"}, {"seq": "37", "n": "45111", "vap": "30", "pvap": "   0,55", "e": "N", "st": "Suplente"}, {"seq": "44", "n": "45000", "vap": "22", "pvap": "   0,41", "e": "N", "st": "Suplente"}, {"seq": "45", "n": "45222", "vap": "21", "pvap": "   0,39", "e": "N", "st": "Suplente"}, {"seq": "52", "n": "45020", "vap": "17", "pvap": "   0,31", "e": "N", "st": "Suplente"}, {"seq": "54", "n": "45123", "vap": "13", "pvap": "   0,24", "e": "N", "st": "Suplente"}, {"seq": "55", "n": "45253", "vap": "11", "pvap": "   0,20", "e": "N", "st": "Suplente"}, {"seq": "64", "n": "45777", "vap": "4", "pvap": "   0,07", "e": "N", "st": "Suplente"}, {"seq": "65", "n": "45200", "vap": "3", "pvap": "   0,06", "e": "N", "st": "Suplente"}, {"seq": "4", "n": "10010", "vap": "189", "pvap": "   3,48", "e": "S", "st": "Eleito"}, {"seq": "18", "n": "10999", "vap": "77", "pvap": "   1,42", "e": "N", "st": "Suplente"}, {"seq": "22", "n": "10333", "vap": "70", "pvap": "   1,29", "e": "N", "st": "Suplente"}, {"seq": "35", "n": "10100", "vap": "33", "pvap": "   0,61", "e": "N", "st": "Suplente"}, {"seq": "36", "n": "10011", "vap": "30", "pvap": "   0,55", "e": "N", "st": "Suplente"}, {"seq": "49", "n": "10222", "vap": "19", "pvap": "   0,35", "e": "N", "st": "Suplente"}, {"seq": "50", "n": "10666", "vap": "18", "pvap": "   0,33", "e": "N", "st": "Suplente"}, {"seq": "51", "n": "10006", "vap": "18", "pvap": "   0,33", "e": "N", "st": "Suplente"}, {"seq": "53", "n": "10777", "vap": "14", "pvap": "   0,26", "e": "N", "st": "Suplente"}, {"seq": "62", "n": "10022", "vap": "7", "pvap": "   0,13", "e": "N", "st": "Suplente"}, {"seq": "67", "n": "10051", "vap": "1", "pvap": "   0,02", "e": "N", "st": "Suplente"}, {"seq": "68", "n": "10444", "vap": "1", "pvap": "   0,02", "e": "N", "st": "Suplente"}, {"seq": "75", "n": "10123", "vap": "46", "pvap": "   0,85", "e": "N", "st": "N\u00e3o eleito"}]}]}