{"ele": "426", "carper": "13", "t": "1", "f": "O", "esae": "N", "mnae": " ", "dg": "15/11/2020", "hg": "23:44:47", "dv": "S", "nadf": "sp71536-c0013-e000426-001-f", "abr": [{"dt": "15/11/2020", "ht": "23:25:37", "tf": "S", "and": "F", "tpabr": "MU", "cdabr": "71536", "s": "24", "st": "24", "snt": "0", "si": "24", "sni": "0", "sa": "24", "sna": "0", "pst": " 100,00", "psnt": "   0,00", "psi": " 100,00", "psni": "   0,00", "psa": " 100,00", "psna": "   0,00", "e": "9276", "ea": "9276", "ena": "0", "esi": "9276", "esni": "0", "c": "7421", "a": "1855", "pea": " 100,00", "pena": "   0,00", "pesi": " 100,00", "pesni": "   0,00", "pa": "  20,00", "pc": "  80,00", "vscv": "0", "vnom": "6232", "vl": "365", "tv": "7421", "vvc": "6816", "vb": "232", "tvn": "373", "vn": "373", "vnt": "0", "vp": "0", "vv": "6597", "van": "0", "vansj": "219", "pvnom": "  94,47", "pvl": "   5,53", "pvvc": "  91,85", "pvb": "   3,12", "ptvn": "   5,03", "pvn": " 100,00", "pvnt": "   0,00", "pvp": "   0,00", "pvv": "  96,79", "pvan": "   0,00", "pvansj": "   3,21", "colig": [{"n": "250000057300", "tvtn": "1205", "tvan": "1205", "vag": "2", "tvtl": "71", "tval": "71"}, {"n": "250000057346", "tvtn": "1266", "tvan": "1266", "vag": "2", "tvtl": "27", "tval": "27"}, {"n": "250000057326", "tvtn": "84", "tvan": "84", "vag": "0", "tvtl": "5", "tval": "5"}, {"n": "250000060043", "tvtn": "1395", "tvan": "1551", "vag": "2", "tvtl": "113", "tval": "113"}, {"n": "250000057294", "tvtn": "999", "tvan": "999", "vag": "2", "tvtl": "31", "tval": "31"}, {"n": "250000055559", "tvtn": "861", "tvan": "861", "vag": "1", "tvtl": "31", "tval": "31"}, {"n": "250000051760", "tvtn": "422", "tvan": "485", "vag": "0", "tvtl": "87", "tval": "87"}], "part": [{"n": "15", "tvtn": "1205", "tvan": "1205", "tvtl": "71", "tval": "71"}, {"n": "25", "tvtn": "1266", "tvan": "1266", "tvtl": "27", "tval": "27"}, {"n": "17", "tvtn": "84", "tvan": "84", "tvtl": "5", "tval": "5"}, {"n": "14", "tvtn": "1395", "tvan": "1551", "tvtl": "113", "tval": "113"}, {"n": "45", "tvtn": "999", "tvan": "999", "tvtl": "31", "tval": "31"}, {"n": "77", "tvtn": "861", "tvan": "861", "tvtl": "31", "tval": "31"}, {"n": "10", "tvtn": "422", "tvan": "485", "tvtl": "87", "tval": "87"}], "cand": [{"seq": "47", "n": "15222", "vap": "22", "pvap": "   0,32", "e": "N", "st": "Suplente"}, {"seq": "41", "n": "15700", "vap": "30", "pvap": "   0,44", "e": "N", "st": "Suplente"}, {"seq": "5", "n": "15333", "vap": "278", "pvap": "   4,08", "e": "S", "st": "Eleito"}, {"seq": "31", "n": "15777", "vap": "52", "pvap": "   0,76", "e": "N", "st": "Suplente"}, {"seq": "40", "n": "15555", "vap": "36", "pvap": "   0,53", "e": "N", "st": "Suplente"}, {"seq": "17", "n": "15615", "vap": "133", "pvap": "   1,95", "e": "N", "st": "Suplente"}, {"seq": "3", "n": "15123", "vap": "305", "pvap": "   4,47", "e": "S", "st": "Eleito"}, {"seq": "36", "n": "15500", "vap": "43", "pvap": "   0,63", "e": "N", "st": "Suplente"}, {"seq": "57", "n": "15150", "vap": "8", "pvap": "   0,12", "e": "N", "st": "Suplente"}, {"seq": "26", "n": "15688", "vap": "76", "pvap": "   1,12", "e": "N", "st": "Suplente"}, {"seq": "46", "n": "15125", "vap": "23", "pvap": "   0,34", "e": "N", "st": "Suplente"}, {"seq": "29", "n": "15000", "vap": "58", "pvap": "   0,85", "e": "N", "st": "Suplente"}, {"seq": "16", "n": "15015", "vap": "141", "pvap": "   2,07", "e": "N", "st": "Suplente"}, {"seq": "27", "n": "25800", "vap": "62", "pvap": "   0,91", "e": "N", "st": "Suplente"}, {"seq": "28", "n": "25625", "vap": "58", "pvap": "   0,85", "e": "N", "st": "Suplente"}, {"seq": "48", "n": "25130", "vap": "20", "pvap": "   0,29", "e": "N", "st": "Suplente"}, {"seq": "33", "n": "25225", "vap": "50", "pvap": "   0,73", "e": "N", "st": "Suplente"}, {"seq": "8", "n": "25500", "vap": "239", "pvap": "   3,51", "e": "S", "st": "Eleito"}, {"seq": "49", "n": "25190", "vap": "19", "pvap": "   0,28", "e": "N", "st": "Suplente"}, {"seq": "53", "n": "25300", "vap": "13", "pvap": "   0,19", "e": "N", "st": "Suplente"}, {"seq": "24", "n": "25200", "vap": "79", "pvap": "   1,16", "e": "N", "st": "Suplente"}, {"seq": "15", "n": "25000", "vap": "142", "pvap": "   2,08", "e": "N", "st": "Suplente"}, {"seq": "11", "n": "25250", "vap": "195", "pvap": "   2,86", "e": "N", "st": "Suplente"}, {"seq": "6", "n": "25123", "vap": "262", "pvap": "   3,84", "e": "S", "st": "Eleito"}, {"seq": "19", "n": "25150", "vap": "127", "pvap": "   1,86", "e": "N", "st": "Suplente"}, {"seq": "75", "n": "17123", "vap": "11", "pvap": "   0,16", "e": "N", "st": "N\u00e3o eleito"}, {"seq": "72", "n": "17111", "vap": "17", "pvap": "   0,25", "e": "N", "st": "N\u00e3o eleito"}, {"seq": "70", "n": "17800", "vap": "24", "pvap": "   0,35", "e": "N", "st": "N\u00e3o eleito"}, {"seq": "71", "n": "17000", "vap": "23", "pvap": "   0,34", "e": "N", "st": "N\u00e3o eleito"}, {"seq": "77", "n": "17417", "vap": "9", "pvap": "   0,13", "e": "N", "st": "N\u00e3o eleito"}, {"seq": "12", "n": "14800", "vap": "168", "pvap": "   2,46", "e": "N", "st": "Suplente"}, {"seq": "13", "n": "14500", "vap": "151", "pvap": "   2,22", "e": "N", "st": "Suplente"}, {"seq": "1", "n": "14700", "vap": "412", "pvap": "   6,04", "e": "S", "st": "Eleito"}, {"seq": "32", "n": "14770", "vap": "51", "pvap": "   0,75", "e": "N", "st": "Suplente"}, {"seq": "64", "n": "14614", "vap": "156", "pvap": "   2,29", "e": "N", "st": "N\u00e3o eleito"}, {"seq": "35", "n": "14130", "vap": "43", "pvap": "   0,63", "e": "N", "st": "Suplente"}, {"seq": "21", "n": "14451", "vap": "118", "pvap": "   1,73", "e": "N", "st": "Suplente"}, {"seq": "58", "n": "14014", "vap": "7", "pvap": "   0,10", "e": "N", "st": "Suplente"}, {"seq": "7", "n": "14000", "vap": "245", "pvap": "   3,59", "e": "S", "st": "Eleito"}, {"seq": "51", "n": "14567", "vap": "18", "pvap": "   0,26", "e": "N", "st": "Suplente"}, {"seq": "20", "n": "14123", "vap": "125", "pvap": "   1,83", "e": "N", "st": "Suplente"}, {"seq": "30", "n": "14600", "vap": "57", "pvap": "   0,84", "e": "N", "st": "Suplente"}, {"seq": "9", "n": "45145", "vap": "151", "pvap": "   2,22", "e": "S", "st": "Eleito"}, {"seq": "38", "n": "45110", "vap": "40", "pvap": "   0,59", "e": "N", "st": "Suplente"}, {"seq": "43", "n": "45321", "vap": "26", "pvap": "   0,38", "e": "N", "st": "Suplente"}, {"seq": "39", "n": "45444", "vap": "36", "pvap": "   0,53", "e": "N", "st": "Suplente"}, {"seq": "14", "n": "45222", "vap": "150", "pvap": "   2,20", "e": "N", "st": "Suplente"}, {"seq": "2", "n": "45600", "vap": "325", "pvap": "   4,77", "e": "S", "st": "Eleito"}, {"seq": "52", "n": "45346", "vap": "17", "pvap": "   0,25", "e": "N", "st": "Suplente"}, {"seq": "59", "n": "45917", "vap": "7", "pvap": "   0,10", "e": "N", "st": "Suplente"}, {"seq": "18", "n": "45123", "vap": "128", "pvap": "   1,88", "e": "N", "st": "Suplente"}, {"seq": "50", "n": "45500", "vap": "18", "pvap": "   0,26", "e": "N", "st": "Suplente"}, {"seq": "61", "n": "45380", "vap": "6", "pvap": "   0,09", "e": "N", "st": "Suplente"}, {"seq": "54", "n": "45748", "vap": "12", "pvap": "   0,18", "e": "N", "st": "Suplente"}, {"seq": "25", "n": "45555", "vap": "77", "pvap": "   1,13", "e": "N", "st": "Suplente"}, {"seq": "62", "n": "45245", "vap": "6", "pvap": "   0,09", "e": "N", "st": "Suplente"}, {"seq": "45", "n": "77100", "vap": "23", "pvap": "   0,34", "e": "N", "st": "Suplente"}, {"seq": "60", "n": "77231", "vap": "6", "pvap": "   0,09", "e": "N", "st": "Suplente"}, {"seq": "55", "n": "77222", "vap": "9", "pvap": "   0,13", "e": "N", "st": "Suplente"}, {"seq": "37", "n": "77322", "vap": "41", "pvap": "   0,60", "e": "N", "st": "Suplente"}, {"seq": "56", "n": "77151", "vap": "9", "pvap": "   0,13", "e": "N", "st": "Suplente"}, {"seq": "10", "n": "77789", "vap": "209", "pvap": "   3,07", "e": "N", "st": "Suplente"}, {"seq": "34", "n": "77077", "vap": "50", "pvap": "   0,73", "e": "N", "st": "Suplente"}, {"seq": "42", "n": "77351", "vap": "26", "pvap": "   0,38", "e": "N", "st": "Suplente"}, {"seq": "4", "n": "77123", "vap": "283", "pvap": "   4,15", "e": "S", "st": "Eleito"}, {"seq": "44", "n": "77125", "vap": "24", "pvap": "   0,35", "e": "N", "st": "Suplente"}, {"seq": "23", "n": "77999", "vap": "87", "pvap": "   1,28", "e": "N", "st": "Suplente"}, {"seq": "22", "n": "77456", "vap": "94", "pvap": "   1,38", "e": "N", "st": "Suplente"}, {"seq": "67", "n": "10200", "vap": "57", "pvap": "   0,84", "e": "N", "st": "N\u00e3o eleito"}, {"seq": "65", "n": "10123", "vap": "63", "pvap": "   0,92", "e": "N", "st": "N\u00e3o eleito"}, {"seq": "76", "n": "10456", "vap": "10", "pvap": "   0,15", "e": "N", "st": "N\u00e3o eleito"}, {"seq": "63", "n": "10000", "vap": "194", "pvap": "   2,85", "e": "N", "st": "N\u00e3o eleito"}, {"seq": "78", "n": "10010", "vap": "8", "pvap": "   0,12", "e": "N", "st": "N\u00e3o eleito"}, {"seq": "66", "n": "10300", "vap": "62", "pvap": "   0,91", "e": "N", "st": "N\u00e3o eleito"}, {"seq": "68", "n": "10321", "vap": "35", "pvap": "   0,51", "e": "N", "st": "N\u00e3o eleito"}, {"seq": "73", "n": "10113", "vap": "12", "pvap": "   0,18", "e": "N", "st": "N\u00e3o eleito"}, {"seq": "74", "n": "10100", "vap": "12", "pvap": "   0,18", "e": "N", "st": "N\u00e3o eleito"}, {"seq": "69", "n": "10789", "vap": "31", "pvap": "   0,45", "e": "N", "st": "N\u00e3o eleito"}, {"seq": "79", "n": "10001", "vap": "1", "pvap": "   0,01", "e": "N", "st": "N\u00e3o eleito"}]}, {"dt": "15/11/2020", "ht": "23:25:37", "tf": "S", "and": "F", "tpabr": "ZONA", "cdabr": "179", "s": "24", "st": "24", "snt": "0", "si": "24", "sni": "0", "sa": "24", "sna": "0", "pst": " 100,00", "psnt": "   0,00", "psi": " 100,00", "psni": "   0,00", "psa": " 100,00", "psna": "   0,00", "e": "9276", "ea": "9276", "ena": "0", "esi": "9276", "esni": "0", "a": "1855", "c": "7421", "pea": " 100,00", "pena": "   0,00", "pesi": " 100,00", "pesni": "   0,00", "pa": "  20,00", "pc": "  80,00", "vnom": "6232", "vscv": "0", "vl": "365", "tv": "7421", "vvc": "6816", "vb": "232", "tvn": "373", "vn": "373", "vnt": "0", "vp": "0", "vv": "6597", "van": "0", "vansj": "219", "pvnom": "  94,47", "pvl": "   5,53", "pvvc": "  91,85", "pvb": "   3,12", "ptvn": "   5,03", "pvn": " 100,00", "pvnt": "   0,00", "pvp": "   0,00", "pvv": "  96,79", "pvan": "   0,00", "pvansj": "   3,21", "cand": [{"seq": "15", "n": "25000", "vap": "142", "pvap": "   2,08", "e": "N", "st": "Suplente"}, {"seq": "33", "n": "25225", "vap": "50", "pvap": "   0,73", "e": "N", "st": "Suplente"}, {"seq": "8", "n": "25500", "vap": "239", "pvap": "   3,51", "e": "S", "st": "Eleito"}, {"seq": "11", "n": "25250", "vap": "195", "pvap": "   2,86", "e": "N", "st": "Suplente"}, {"seq": "49", "n": "25190", "vap": "19", "pvap": "   0,28", "e": "N", "st": "Suplente"}, {"seq": "27", "n": "25800", "vap": "62", "pvap": "   0,91", "e": "N", "st": "Suplente"}, {"seq": "53", "n": "25300", "vap": "13", "pvap": "   0,19", "e": "N", "st": "Suplente"}, {"seq": "28", "n": "25625", "vap": "58", "pvap": "   0,85", "e": "N", "st": "Suplente"}, {"seq": "48", "n": "25130", "vap": "20", "pvap": "   0,29", "e": "N", "st": "Suplente"}, {"seq": "6", "n": "25123", "vap": "262", "pvap": "   3,84", "e": "S", "st": "Eleito"}, {"seq": "24", "n": "25200", "vap": "79", "pvap": "   1,16", "e": "N", "st": "Suplente"}, {"seq": "19", "n": "25150", "vap": "127", "pvap": "   1,86", "e": "N", "st": "Suplente"}, {"seq": "44", "n": "77125", "vap": "24", "pvap": "   0,35", "e": "N", "st": "Suplente"}, {"seq": "55", "n": "77222", "vap": "9", "pvap": "   0,13", "e": "N", "st": "Suplente"}, {"seq": "45", "n": "77100", "vap": "23", "pvap": "   0,34", "e": "N", "st": "Suplente"}, {"seq": "56", "n": "77151", "vap": "9", "pvap": "   0,13", "e": "N", "st": "Suplente"}, {"seq": "23", "n": "77999", "vap": "87", "pvap": "   1,28", "e": "N", "st": "Suplente"}, {"seq": "4", "n": "77123", "vap": "283", "pvap": "   4,15", "e": "S", "st": "Eleito"}, {"seq": "10", "n": "77789", "vap": "209", "pvap": "   3,07", "e": "N", "st": "Suplente"}, {"seq": "42", "n": "77351", "vap": "26", "pvap": "   0,38", "e": "N", "st": "Suplente"}, {"seq": "60", "n": "77231", "vap": "6", "pvap": "   0,09", "e": "N", "st": "Suplente"}, {"seq": "34", "n": "77077", "vap": "50", "pvap": "   0,73", "e": "N", "st": "Suplente"}, {"seq": "37", "n": "77322", "vap": "41", "pvap": "   0,60", "e": "N", "st": "Suplente"}, {"seq": "22", "n": "77456", "vap": "94", "pvap": "   1,38", "e": "N", "st": "Suplente"}, {"seq": "70", "n": "17800", "vap": "24", "pvap": "   0,35", "e": "N", "st": "N\u00e3o eleito"}, {"seq": "77", "n": "17417", "vap": "9", "pvap": "   0,13", "e": "N", "st": "N\u00e3o eleito"}, {"seq": "72", "n": "17111", "vap": "17", "pvap": "   0,25", "e": "N", "st": "N\u00e3o eleito"}, {"seq": "75", "n": "17123", "vap": "11", "pvap": "   0,16", "e": "N", "st": "N\u00e3o eleito"}, {"seq": "71", "n": "17000", "vap": "23", "pvap": "   0,34", "e": "N", "st": "N\u00e3o eleito"}, {"seq": "9", "n": "45145", "vap": "151", "pvap": "   2,22", "e": "S", "st": "Eleito"}, {"seq": "43", "n": "45321", "vap": "26", "pvap": "   0,38", "e": "N", "st": "Suplente"}, {"seq": "2", "n": "45600", "vap": "325", "pvap": "   4,77", "e": "S", "st": "Eleito"}, {"seq": "18", "n": "45123", "vap": "128", "pvap": "   1,88", "e": "N", "st": "Suplente"}, {"seq": "14", "n": "45222", "vap": "150", "pvap": "   2,20", "e": "N", "st": "Suplente"}, {"seq": "39", "n": "45444", "vap": "36", "pvap": "   0,53", "e": "N", "st": "Suplente"}, {"seq": "38", "n": "45110", "vap": "40", "pvap": "   0,59", "e": "N", "st": "Suplente"}, {"seq": "54", "n": "45748", "vap": "12", "pvap": "   0,18", "e": "N", "st": "Suplente"}, {"seq": "50", "n": "45500", "vap": "18", "pvap": "   0,26", "e": "N", "st": "Suplente"}, {"seq": "59", "n": "45917", "vap": "7", "pvap": "   0,10", "e": "N", "st": "Suplente"}, {"seq": "25", "n": "45555", "vap": "77", "pvap": "   1,13", "e": "N", "st": "Suplente"}, {"seq": "62", "n": "45245", "vap": "6", "pvap": "   0,09", "e": "N", "st": "Suplente"}, {"seq": "52", "n": "45346", "vap": "17", "pvap": "   0,25", "e": "N", "st": "Suplente"}, {"seq": "61", "n": "45380", "vap": "6", "pvap": "   0,09", "e": "N", "st": "Suplente"}, {"seq": "76", "n": "10456", "vap": "10", "pvap": "   0,15", "e": "N", "st": "N\u00e3o eleito"}, {"seq": "67", "n": "10200", "vap": "57", "pvap": "   0,84", "e": "N", "st": "N\u00e3o eleito"}, {"seq": "73", "n": "10113", "vap": "12", "pvap": "   0,18", "e": "N", "st": "N\u00e3o eleito"}, {"seq": "78", "n": "10010", "vap": "8", "pvap": "   0,12", "e": "N", "st": "N\u00e3o eleito"}, {"seq": "66", "n": "10300", "vap": "62", "pvap": "   0,91", "e": "N", "st": "N\u00e3o eleito"}, {"seq": "63", "n": "10000", "vap": "194", "pvap": "   2,85", "e": "N", "st": "N\u00e3o eleito"}, {"seq": "79", "n": "10001", "vap": "1", "pvap": "   0,01", "e": "N", "st": "N\u00e3o eleito"}, {"seq": "65", "n": "10123", "vap": "63", "pvap": "   0,92", "e": "N", "st": "N\u00e3o eleito"}, {"seq": "68", "n": "10321", "vap": "35", "pvap": "   0,51", "e": "N", "st": "N\u00e3o eleito"}, {"seq": "74", "n": "10100", "vap": "12", "pvap": "   0,18", "e": "N", "st": "N\u00e3o eleito"}, {"seq": "69", "n": "10789", "vap": "31", "pvap": "   0,45", "e": "N", "st": "N\u00e3o eleito"}, {"seq": "7", "n": "14000", "vap": "245", "pvap": "   3,59", "e": "S", "st": "Eleito"}, {"seq": "1", "n": "14700", "vap": "412", "pvap": "   6,04", "e": "S", "st": "Eleito"}, {"seq": "20", "n": "14123", "vap": "125", "pvap": "   1,83", "e": "N", "st": "Suplente"}, {"seq": "21", "n": "14451", "vap": "118", "pvap": "   1,73", "e": "N", "st": "Suplente"}, {"seq": "13", "n": "14500", "vap": "151", "pvap": "   2,22", "e": "N", "st": "Suplente"}, {"seq": "30", "n": "14600", "vap": "57", "pvap": "   0,84", "e": "N", "st": "Suplente"}, {"seq": "51", "n": "14567", "vap": "18", "pvap": "   0,26", "e": "N", "st": "Suplente"}, {"seq": "58", "n": "14014", "vap": "7", "pvap": "   0,10", "e": "N", "st": "Suplente"}, {"seq": "12", "n": "14800", "vap": "168", "pvap": "   2,46", "e": "N", "st": "Suplente"}, {"seq": "35", "n": "14130", "vap": "43", "pvap": "   0,63", "e": "N", "st": "Suplente"}, {"seq": "64", "n": "14614", "vap": "156", "pvap": "   2,29", "e": "N", "st": "N\u00e3o eleito"}, {"seq": "32", "n": "14770", "vap": "51", "pvap": "   0,75", "e": "N", "st": "Suplente"}, {"seq": "26", "n": "15688", "vap": "76", "pvap": "   1,12", "e": "N", "st": "Suplente"}, {"seq": "40", "n": "15555", "vap": "36", "pvap": "   0,53", "e": "N", "st": "Suplente"}, {"seq": "5", "n": "15333", "vap": "278", "pvap": "   4,08", "e": "S", "st": "Eleito"}, {"seq": "46", "n": "15125", "vap": "23", "pvap": "   0,34", "e": "N", "st": "Suplente"}, {"seq": "3", "n": "15123", "vap": "305", "pvap": "   4,47", "e": "S", "st": "Eleito"}, {"seq": "41", "n": "15700", "vap": "30", "pvap": "   0,44", "e": "N", "st": "Suplente"}, {"seq": "57", "n": "15150", "vap": "8", "pvap": "   0,12", "e": "N", "st": "Suplente"}, {"seq": "36", "n": "15500", "vap": "43", "pvap": "   0,63", "e": "N", "st": "Suplente"}, {"seq": "29", "n": "15000", "vap": "58", "pvap": "   0,85", "e": "N", "st": "Suplente"}, {"seq": "31", "n": "15777", "vap": "52", "pvap": "   0,76", "e": "N", "st": "Suplente"}, {"seq": "17", "n": "15615", "vap": "133", "pvap": "   1,95", "e": "N", "st": "Suplente"}, {"seq": "47", "n": "15222", "vap": "22", "pvap": "   0,32", "e": "N", "st": "Suplente"}, {"seq": "16", "n": "15015", "vap": "141", "pvap": "   2,07", "e": "N", "st": "Suplente"}]}]}