{"ele": "426", "carper": "13", "t": "1", "f": "O", "esae": "N", "mnae": " ", "dg": "16/11/2020", "hg": "00:32:13", "dv": "S", "nadf": "sp66150-c0013-e000426-001-f", "abr": [{"dt": "16/11/2020", "ht": "00:02:44", "tf": "S", "and": "F", "tpabr": "MU", "cdabr": "66150", "s": "71", "st": "71", "snt": "0", "si": "71", "sni": "0", "sa": "71", "sna": "0", "pst": " 100,00", "psnt": "   0,00", "psi": " 100,00", "psni": "   0,00", "psa": " 100,00", "psna": "   0,00", "e": "28282", "ea": "28282", "ena": "0", "esi": "28282", "esni": "0", "c": "20443", "a": "7839", "pea": " 100,00", "pena": "   0,00", "pesi": " 100,00", "pesni": "   0,00", "pa": "  27,72", "pc": "  72,28", "vscv": "0", "vnom": "17556", "vl": "1087", "tv": "20443", "vvc": "18657", "vb": "1034", "tvn": "752", "vn": "752", "vnt": "0", "vp": "0", "vv": "18643", "van": "0", "vansj": "14", "pvnom": "  94,17", "pvl": "   5,83", "pvvc": "  91,26", "pvb": "   5,06", "ptvn": "   3,68", "pvn": " 100,00", "pvnt": "   0,00", "pvp": "   0,00", "pvv": "  99,92", "pvan": "   0,00", "pvansj": "   0,08", "colig": [{"n": "250000131709", "tvtn": "4412", "tvan": "4412", "vag": "3", "tvtl": "404", "tval": "404"}, {"n": "250000137290", "tvtn": "4416", "tvan": "4416", "vag": "3", "tvtl": "81", "tval": "81"}, {"n": "250000059144", "tvtn": "573", "tvan": "573", "vag": "0", "tvtl": "82", "tval": "82"}, {"n": "250000143762", "tvtn": "299", "tvan": "299", "vag": "0", "tvtl": "9", "tval": "9"}, {"n": "250000088876", "tvtn": "357", "tvan": "357", "vag": "0", "tvtl": "73", "tval": "73"}, {"n": "250000132106", "tvtn": "1586", "tvan": "1586", "vag": "1", "tvtl": "283", "tval": "283"}, {"n": "250000113573", "tvtn": "2316", "tvan": "2316", "vag": "1", "tvtl": "32", "tval": "32"}, {"n": "250000143888", "tvtn": "1022", "tvan": "1022", "vag": "0", "tvtl": "16", "tval": "16"}, {"n": "250000143831", "tvtn": "911", "tvan": "925", "vag": "0", "tvtl": "51", "tval": "51"}, {"n": "250000133882", "tvtn": "1664", "tvan": "1664", "vag": "1", "tvtl": "56", "tval": "56"}], "part": [{"n": "25", "tvtn": "4412", "tvan": "4412", "tvtl": "404", "tval": "404"}, {"n": "15", "tvtn": "4416", "tvan": "4416", "tvtl": "81", "tval": "81"}, {"n": "12", "tvtn": "573", "tvan": "573", "tvtl": "82", "tval": "82"}, {"n": "55", "tvtn": "299", "tvan": "299", "tvtl": "9", "tval": "9"}, {"n": "17", "tvtn": "357", "tvan": "357", "tvtl": "73", "tval": "73"}, {"n": "43", "tvtn": "1586", "tvan": "1586", "tvtl": "283", "tval": "283"}, {"n": "14", "tvtn": "2316", "tvan": "2316", "tvtl": "32", "tval": "32"}, {"n": "19", "tvtn": "1022", "tvan": "1022", "tvtl": "16", "tval": "16"}, {"n": "45", "tvtn": "911", "tvan": "925", "tvtl": "51", "tval": "51"}, {"n": "10", "tvtn": "1664", "tvan": "1664", "tvtl": "56", "tval": "56"}], "cand": [{"seq": "53", "n": "25333", "vap": "36", "pvap": "   0,19", "e": "N", "st": "Suplente"}, {"seq": "2", "n": "25123", "vap": "980", "pvap": "   5,25", "e": "S", "st": "Eleito"}, {"seq": "18", "n": "25566", "vap": "299", "pvap": "   1,60", "e": "N", "st": "Suplente"}, {"seq": "41", "n": "25222", "vap": "79", "pvap": "   0,42", "e": "N", "st": "Suplente"}, {"seq": "55", "n": "25720", "vap": "31", "pvap": "   0,17", "e": "N", "st": "Suplente"}, {"seq": "32", "n": "25251", "vap": "138", "pvap": "   0,74", "e": "N", "st": "Suplente"}, {"seq": "22", "n": "25700", "vap": "234", "pvap": "   1,25", "e": "N", "st": "Suplente"}, {"seq": "12", "n": "25100", "vap": "427", "pvap": "   2,29", "e": "N", "st": "Suplente"}, {"seq": "7", "n": "25555", "vap": "605", "pvap": "   3,24", "e": "S", "st": "Eleito"}, {"seq": "14", "n": "25010", "vap": "365", "pvap": "   1,96", "e": "N", "st": "Suplente"}, {"seq": "19", "n": "25999", "vap": "282", "pvap": "   1,51", "e": "N", "st": "Suplente"}, {"seq": "30", "n": "25000", "vap": "144", "pvap": "   0,77", "e": "N", "st": "Suplente"}, {"seq": "38", "n": "25111", "vap": "105", "pvap": "   0,56", "e": "N", "st": "Suplente"}, {"seq": "6", "n": "25789", "vap": "687", "pvap": "   3,68", "e": "S", "st": "Eleito"}, {"seq": "1", "n": "15040", "vap": "1066", "pvap": "   5,71", "e": "S", "st": "Eleito"}, {"seq": "44", "n": "15444", "vap": "70", "pvap": "   0,38", "e": "N", "st": "Suplente"}, {"seq": "4", "n": "15152", "vap": "703", "pvap": "   3,77", "e": "S", "st": "Eleito"}, {"seq": "11", "n": "15555", "vap": "436", "pvap": "   2,34", "e": "N", "st": "Suplente"}, {"seq": "13", "n": "15123", "vap": "399", "pvap": "   2,14", "e": "N", "st": "Suplente"}, {"seq": "52", "n": "15999", "vap": "38", "pvap": "   0,20", "e": "N", "st": "Suplente"}, {"seq": "54", "n": "15789", "vap": "35", "pvap": "   0,19", "e": "N", "st": "Suplente"}, {"seq": "3", "n": "15020", "vap": "883", "pvap": "   4,73", "e": "S", "st": "Eleito"}, {"seq": "28", "n": "15222", "vap": "154", "pvap": "   0,83", "e": "N", "st": "Suplente"}, {"seq": "17", "n": "15000", "vap": "310", "pvap": "   1,66", "e": "N", "st": "Suplente"}, {"seq": "48", "n": "15369", "vap": "61", "pvap": "   0,33", "e": "N", "st": "Suplente"}, {"seq": "40", "n": "15015", "vap": "98", "pvap": "   0,53", "e": "N", "st": "Suplente"}, {"seq": "57", "n": "15777", "vap": "15", "pvap": "   0,08", "e": "N", "st": "Suplente"}, {"seq": "29", "n": "15200", "vap": "148", "pvap": "   0,79", "e": "N", "st": "Suplente"}, {"seq": "77", "n": "12555", "vap": "45", "pvap": "   0,24", "e": "N", "st": "N\u00e3o eleito"}, {"seq": "74", "n": "12777", "vap": "60", "pvap": "   0,32", "e": "N", "st": "N\u00e3o eleito"}, {"seq": "78", "n": "12444", "vap": "45", "pvap": "   0,24", "e": "N", "st": "N\u00e3o eleito"}, {"seq": "67", "n": "12345", "vap": "129", "pvap": "   0,69", "e": "N", "st": "N\u00e3o eleito"}, {"seq": "65", "n": "12333", "vap": "160", "pvap": "   0,86", "e": "N", "st": "N\u00e3o eleito"}, {"seq": "80", "n": "12000", "vap": "40", "pvap": "   0,21", "e": "N", "st": "N\u00e3o eleito"}, {"seq": "94", "n": "12111", "vap": "12", "pvap": "   0,06", "e": "N", "st": "N\u00e3o eleito"}, {"seq": "70", "n": "12222", "vap": "82", "pvap": "   0,44", "e": "N", "st": "N\u00e3o eleito"}, {"seq": "81", "n": "55123", "vap": "39", "pvap": "   0,21", "e": "N", "st": "N\u00e3o eleito"}, {"seq": "64", "n": "55999", "vap": "260", "pvap": "   1,39", "e": "N", "st": "N\u00e3o eleito"}, {"seq": "86", "n": "17000", "vap": "32", "pvap": "   0,17", "e": "N", "st": "N\u00e3o eleito"}, {"seq": "85", "n": "17267", "vap": "33", "pvap": "   0,18", "e": "N", "st": "N\u00e3o eleito"}, {"seq": "76", "n": "17777", "vap": "45", "pvap": "   0,24", "e": "N", "st": "N\u00e3o eleito"}, {"seq": "87", "n": "17001", "vap": "31", "pvap": "   0,17", "e": "N", "st": "N\u00e3o eleito"}, {"seq": "73", "n": "17100", "vap": "70", "pvap": "   0,38", "e": "N", "st": "N\u00e3o eleito"}, {"seq": "95", "n": "17245", "vap": "10", "pvap": "   0,05", "e": "N", "st": "N\u00e3o eleito"}, {"seq": "72", "n": "17123", "vap": "71", "pvap": "   0,38", "e": "N", "st": "N\u00e3o eleito"}, {"seq": "88", "n": "17038", "vap": "29", "pvap": "   0,16", "e": "N", "st": "N\u00e3o eleito"}, {"seq": "82", "n": "17190", "vap": "36", "pvap": "   0,19", "e": "N", "st": "N\u00e3o eleito"}, {"seq": "47", "n": "43191", "vap": "62", "pvap": "   0,33", "e": "N", "st": "Suplente"}, {"seq": "50", "n": "43333", "vap": "48", "pvap": "   0,26", "e": "N", "st": "Suplente"}, {"seq": "34", "n": "43111", "vap": "121", "pvap": "   0,65", "e": "N", "st": "Suplente"}, {"seq": "39", "n": "43122", "vap": "102", "pvap": "   0,55", "e": "N", "st": "Suplente"}, {"seq": "33", "n": "43363", "vap": "122", "pvap": "   0,65", "e": "N", "st": "Suplente"}, {"seq": "5", "n": "43000", "vap": "692", "pvap": "   3,71", "e": "S", "st": "Eleito"}, {"seq": "15", "n": "43123", "vap": "361", "pvap": "   1,93", "e": "N", "st": "Suplente"}, {"seq": "42", "n": "43190", "vap": "78", "pvap": "   0,42", "e": "N", "st": "Suplente"}, {"seq": "56", "n": "14121", "vap": "23", "pvap": "   0,12", "e": "N", "st": "Suplente"}, {"seq": "10", "n": "14000", "vap": "517", "pvap": "   2,77", "e": "N", "st": "Suplente"}, {"seq": "46", "n": "14321", "vap": "64", "pvap": "   0,34", "e": "N", "st": "Suplente"}, {"seq": "35", "n": "14777", "vap": "119", "pvap": "   0,64", "e": "N", "st": "Suplente"}, {"seq": "60", "n": "14072", "vap": "4", "pvap": "   0,02", "e": "N", "st": "Suplente"}, {"seq": "58", "n": "14552", "vap": "13", "pvap": "   0,07", "e": "N", "st": "Suplente"}, {"seq": "49", "n": "14106", "vap": "60", "pvap": "   0,32", "e": "N", "st": "Suplente"}, {"seq": "23", "n": "14123", "vap": "214", "pvap": "   1,15", "e": "N", "st": "Suplente"}, {"seq": "16", "n": "14444", "vap": "348", "pvap": "   1,87", "e": "N", "st": "Suplente"}, {"seq": "36", "n": "14001", "vap": "114", "pvap": "   0,61", "e": "N", "st": "Suplente"}, {"seq": "51", "n": "14277", "vap": "43", "pvap": "   0,23", "e": "N", "st": "Suplente"}, {"seq": "27", "n": "14133", "vap": "155", "pvap": "   0,83", "e": "N", "st": "Suplente"}, {"seq": "37", "n": "14014", "vap": "111", "pvap": "   0,59", "e": "N", "st": "Suplente"}, {"seq": "8", "n": "14555", "vap": "531", "pvap": "   2,85", "e": "S", "st": "Eleito"}, {"seq": "66", "n": "19123", "vap": "148", "pvap": "   0,79", "e": "N", "st": "N\u00e3o eleito"}, {"seq": "75", "n": "19777", "vap": "55", "pvap": "   0,29", "e": "N", "st": "N\u00e3o eleito"}, {"seq": "71", "n": "19100", "vap": "80", "pvap": "   0,43", "e": "N", "st": "N\u00e3o eleito"}, {"seq": "92", "n": "19111", "vap": "20", "pvap": "   0,11", "e": "N", "st": "N\u00e3o eleito"}, {"seq": "61", "n": "19000", "vap": "500", "pvap": "   2,68", "e": "N", "st": "N\u00e3o eleito"}, {"seq": "79", "n": "19999", "vap": "41", "pvap": "   0,22", "e": "N", "st": "N\u00e3o eleito"}, {"seq": "91", "n": "19333", "vap": "21", "pvap": "   0,11", "e": "N", "st": "N\u00e3o eleito"}, {"seq": "69", "n": "19019", "vap": "93", "pvap": "   0,50", "e": "N", "st": "N\u00e3o eleito"}, {"seq": "89", "n": "19001", "vap": "29", "pvap": "   0,16", "e": "N", "st": "N\u00e3o eleito"}, {"seq": "84", "n": "19321", "vap": "35", "pvap": "   0,19", "e": "N", "st": "N\u00e3o eleito"}, {"seq": "83", "n": "45058", "vap": "35", "pvap": "   0,19", "e": "N", "st": "N\u00e3o eleito"}, {"seq": "93", "n": "45112", "vap": "14", "pvap": "   0,08", "e": "N", "st": "N\u00e3o eleito"}, {"seq": "63", "n": "45123", "vap": "340", "pvap": "   1,82", "e": "N", "st": "N\u00e3o eleito"}, {"seq": "62", "n": "45678", "vap": "412", "pvap": "   2,21", "e": "N", "st": "N\u00e3o eleito"}, {"seq": "68", "n": "45001", "vap": "95", "pvap": "   0,51", "e": "N", "st": "N\u00e3o eleito"}, {"seq": "90", "n": "45005", "vap": "29", "pvap": "   0,16", "e": "N", "st": "N\u00e3o eleito"}, {"seq": "26", "n": "10122", "vap": "158", "pvap": "   0,85", "e": "N", "st": "Suplente"}, {"seq": "31", "n": "10502", "vap": "144", "pvap": "   0,77", "e": "N", "st": "Suplente"}, {"seq": "43", "n": "10100", "vap": "75", "pvap": "   0,40", "e": "N", "st": "Suplente"}, {"seq": "20", "n": "10321", "vap": "275", "pvap": "   1,47", "e": "N", "st": "Suplente"}, {"seq": "24", "n": "10640", "vap": "201", "pvap": "   1,08", "e": "N", "st": "Suplente"}, {"seq": "45", "n": "10510", "vap": "69", "pvap": "   0,37", "e": "N", "st": "Suplente"}, {"seq": "21", "n": "10123", "vap": "257", "pvap": "   1,38", "e": "N", "st": "Suplente"}, {"seq": "9", "n": "10000", "vap": "313", "pvap": "   1,68", "e": "S", "st": "Eleito"}, {"seq": "25", "n": "10255", "vap": "166", "pvap": "   0,89", "e": "N", "st": "Suplente"}, {"seq": "59", "n": "10222", "vap": "6", "pvap": "   0,03", "e": "N", "st": "Suplente"}]}, {"dt": "16/11/2020", "ht": "00:02:44", "tf": "S", "and": "F", "tpabr": "ZONA", "cdabr": "64", "s": "71", "st": "71", "snt": "0", "si": "71", "sni": "0", "sa": "71", "sna": "0", "pst": " 100,00", "psnt": "   0,00", "psi": " 100,00", "psni": "   0,00", "psa": " 100,00", "psna": "   0,00", "e": "28282", "ea": "28282", "ena": "0", "esi": "28282", "esni": "0", "a": "7839", "c": "20443", "pea": " 100,00", "pena": "   0,00", "pesi": " 100,00", "pesni": "   0,00", "pa": "  27,72", "pc": "  72,28", "vnom": "17556", "vscv": "0", "vl": "1087", "tv": "20443", "vvc": "18657", "vb": "1034", "tvn": "752", "vn": "752", "vnt": "0", "vp": "0", "vv": "18643", "van": "0", "vansj": "14", "pvnom": "  94,17", "pvl": "   5,83", "pvvc": "  91,26", "pvb": "   5,06", "ptvn": "   3,68", "pvn": " 100,00", "pvnt": "   0,00", "pvp": "   0,00", "pvv": "  99,92", "pvan": "   0,00", "pvansj": "   0,08", "cand": [{"seq": "9", "n": "10000", "vap": "313", "pvap": "   1,68", "e": "S", "st": "Eleito"}, {"seq": "20", "n": "10321", "vap": "275", "pvap": "   1,47", "e": "N", "st": "Suplente"}, {"seq": "21", "n": "10123", "vap": "257", "pvap": "   1,38", "e": "N", "st": "Suplente"}, {"seq": "24", "n": "10640", "vap": "201", "pvap": "   1,08", "e": "N", "st": "Suplente"}, {"seq": "25", "n": "10255", "vap": "166", "pvap": "   0,89", "e": "N", "st": "Suplente"}, {"seq": "26", "n": "10122", "vap": "158", "pvap": "   0,85", "e": "N", "st": "Suplente"}, {"seq": "31", "n": "10502", "vap": "144", "pvap": "   0,77", "e": "N", "st": "Suplente"}, {"seq": "43", "n": "10100", "vap": "75", "pvap": "   0,40", "e": "N", "st": "Suplente"}, {"seq": "45", "n": "10510", "vap": "69", "pvap": "   0,37", "e": "N", "st": "Suplente"}, {"seq": "59", "n": "10222", "vap": "6", "pvap": "   0,03", "e": "N", "st": "Suplente"}, {"seq": "65", "n": "12333", "vap": "160", "pvap": "   0,86", "e": "N", "st": "N\u00e3o eleito"}, {"seq": "67", "n": "12345", "vap": "129", "pvap": "   0,69", "e": "N", "st": "N\u00e3o eleito"}, {"seq": "70", "n": "12222", "vap": "82", "pvap": "   0,44", "e": "N", "st": "N\u00e3o eleito"}, {"seq": "74", "n": "12777", "vap": "60", "pvap": "   0,32", "e": "N", "st": "N\u00e3o eleito"}, {"seq": "77", "n": "12555", "vap": "45", "pvap": "   0,24", "e": "N", "st": "N\u00e3o eleito"}, {"seq": "78", "n": "12444", "vap": "45", "pvap": "   0,24", "e": "N", "st": "N\u00e3o eleito"}, {"seq": "80", "n": "12000", "vap": "40", "pvap": "   0,21", "e": "N", "st": "N\u00e3o eleito"}, {"seq": "94", "n": "12111", "vap": "12", "pvap": "   0,06", "e": "N", "st": "N\u00e3o eleito"}, {"seq": "1", "n": "15040", "vap": "1066", "pvap": "   5,71", "e": "S", "st": "Eleito"}, {"seq": "3", "n": "15020", "vap": "883", "pvap": "   4,73", "e": "S", "st": "Eleito"}, {"seq": "4", "n": "15152", "vap": "703", "pvap": "   3,77", "e": "S", "st": "Eleito"}, {"seq": "11", "n": "15555", "vap": "436", "pvap": "   2,34", "e": "N", "st": "Suplente"}, {"seq": "13", "n": "15123", "vap": "399", "pvap": "   2,14", "e": "N", "st": "Suplente"}, {"seq": "17", "n": "15000", "vap": "310", "pvap": "   1,66", "e": "N", "st": "Suplente"}, {"seq": "28", "n": "15222", "vap": "154", "pvap": "   0,83", "e": "N", "st": "Suplente"}, {"seq": "29", "n": "15200", "vap": "148", "pvap": "   0,79", "e": "N", "st": "Suplente"}, {"seq": "40", "n": "15015", "vap": "98", "pvap": "   0,53", "e": "N", "st": "Suplente"}, {"seq": "44", "n": "15444", "vap": "70", "pvap": "   0,38", "e": "N", "st": "Suplente"}, {"seq": "48", "n": "15369", "vap": "61", "pvap": "   0,33", "e": "N", "st": "Suplente"}, {"seq": "52", "n": "15999", "vap": "38", "pvap": "   0,20", "e": "N", "st": "Suplente"}, {"seq": "54", "n": "15789", "vap": "35", "pvap": "   0,19", "e": "N", "st": "Suplente"}, {"seq": "57", "n": "15777", "vap": "15", "pvap": "   0,08", "e": "N", "st": "Suplente"}, {"seq": "2", "n": "25123", "vap": "980", "pvap": "   5,25", "e": "S", "st": "Eleito"}, {"seq": "6", "n": "25789", "vap": "687", "pvap": "   3,68", "e": "S", "st": "Eleito"}, {"seq": "7", "n": "25555", "vap": "605", "pvap": "   3,24", "e": "S", "st": "Eleito"}, {"seq": "12", "n": "25100", "vap": "427", "pvap": "   2,29", "e": "N", "st": "Suplente"}, {"seq": "14", "n": "25010", "vap": "365", "pvap": "   1,96", "e": "N", "st": "Suplente"}, {"seq": "18", "n": "25566", "vap": "299", "pvap": "   1,60", "e": "N", "st": "Suplente"}, {"seq": "19", "n": "25999", "vap": "282", "pvap": "   1,51", "e": "N", "st": "Suplente"}, {"seq": "22", "n": "25700", "vap": "234", "pvap": "   1,25", "e": "N", "st": "Suplente"}, {"seq": "30", "n": "25000", "vap": "144", "pvap": "   0,77", "e": "N", "st": "Suplente"}, {"seq": "32", "n": "25251", "vap": "138", "pvap": "   0,74", "e": "N", "st": "Suplente"}, {"seq": "38", "n": "25111", "vap": "105", "pvap": "   0,56", "e": "N", "st": "Suplente"}, {"seq": "41", "n": "25222", "vap": "79", "pvap": "   0,42", "e": "N", "st": "Suplente"}, {"seq": "53", "n": "25333", "vap": "36", "pvap": "   0,19", "e": "N", "st": "Suplente"}, {"seq": "55", "n": "25720", "vap": "31", "pvap": "   0,17", "e": "N", "st": "Suplente"}, {"seq": "64", "n": "55999", "vap": "260", "pvap": "   1,39", "e": "N", "st": "N\u00e3o eleito"}, {"seq": "81", "n": "55123", "vap": "39", "pvap": "   0,21", "e": "N", "st": "N\u00e3o eleito"}, {"seq": "8", "n": "14555", "vap": "531", "pvap": "   2,85", "e": "S", "st": "Eleito"}, {"seq": "10", "n": "14000", "vap": "517", "pvap": "   2,77", "e": "N", "st": "Suplente"}, {"seq": "16", "n": "14444", "vap": "348", "pvap": "   1,87", "e": "N", "st": "Suplente"}, {"seq": "23", "n": "14123", "vap": "214", "pvap": "   1,15", "e": "N", "st": "Suplente"}, {"seq": "27", "n": "14133", "vap": "155", "pvap": "   0,83", "e": "N", "st": "Suplente"}, {"seq": "35", "n": "14777", "vap": "119", "pvap": "   0,64", "e": "N", "st": "Suplente"}, {"seq": "36", "n": "14001", "vap": "114", "pvap": "   0,61", "e": "N", "st": "Suplente"}, {"seq": "37", "n": "14014", "vap": "111", "pvap": "   0,59", "e": "N", "st": "Suplente"}, {"seq": "46", "n": "14321", "vap": "64", "pvap": "   0,34", "e": "N", "st": "Suplente"}, {"seq": "49", "n": "14106", "vap": "60", "pvap": "   0,32", "e": "N", "st": "Suplente"}, {"seq": "51", "n": "14277", "vap": "43", "pvap": "   0,23", "e": "N", "st": "Suplente"}, {"seq": "56", "n": "14121", "vap": "23", "pvap": "   0,12", "e": "N", "st": "Suplente"}, {"seq": "58", "n": "14552", "vap": "13", "pvap": "   0,07", "e": "N", "st": "Suplente"}, {"seq": "60", "n": "14072", "vap": "4", "pvap": "   0,02", "e": "N", "st": "Suplente"}, {"seq": "72", "n": "17123", "vap": "71", "pvap": "   0,38", "e": "N", "st": "N\u00e3o eleito"}, {"seq": "73", "n": "17100", "vap": "70", "pvap": "   0,38", "e": "N", "st": "N\u00e3o eleito"}, {"seq": "76", "n": "17777", "vap": "45", "pvap": "   0,24", "e": "N", "st": "N\u00e3o eleito"}, {"seq": "82", "n": "17190", "vap": "36", "pvap": "   0,19", "e": "N", "st": "N\u00e3o eleito"}, {"seq": "85", "n": "17267", "vap": "33", "pvap": "   0,18", "e": "N", "st": "N\u00e3o eleito"}, {"seq": "86", "n": "17000", "vap": "32", "pvap": "   0,17", "e": "N", "st": "N\u00e3o eleito"}, {"seq": "87", "n": "17001", "vap": "31", "pvap": "   0,17", "e": "N", "st": "N\u00e3o eleito"}, {"seq": "88", "n": "17038", "vap": "29", "pvap": "   0,16", "e": "N", "st": "N\u00e3o eleito"}, {"seq": "95", "n": "17245", "vap": "10", "pvap": "   0,05", "e": "N", "st": "N\u00e3o eleito"}, {"seq": "5", "n": "43000", "vap": "692", "pvap": "   3,71", "e": "S", "st": "Eleito"}, {"seq": "15", "n": "43123", "vap": "361", "pvap": "   1,93", "e": "N", "st": "Suplente"}, {"seq": "33", "n": "43363", "vap": "122", "pvap": "   0,65", "e": "N", "st": "Suplente"}, {"seq": "34", "n": "43111", "vap": "121", "pvap": "   0,65", "e": "N", "st": "Suplente"}, {"seq": "39", "n": "43122", "vap": "102", "pvap": "   0,55", "e": "N", "st": "Suplente"}, {"seq": "42", "n": "43190", "vap": "78", "pvap": "   0,42", "e": "N", "st": "Suplente"}, {"seq": "47", "n": "43191", "vap": "62", "pvap": "   0,33", "e": "N", "st": "Suplente"}, {"seq": "50", "n": "43333", "vap": "48", "pvap": "   0,26", "e": "N", "st": "Suplente"}, {"seq": "62", "n": "45678", "vap": "412", "pvap": "   2,21", "e": "N", "st": "N\u00e3o eleito"}, {"seq": "63", "n": "45123", "vap": "340", "pvap": "   1,82", "e": "N", "st": "N\u00e3o eleito"}, {"seq": "68", "n": "45001", "vap": "95", "pvap": "   0,51", "e": "N", "st": "N\u00e3o eleito"}, {"seq": "83", "n": "45058", "vap": "35", "pvap": "   0,19", "e": "N", "st": "N\u00e3o eleito"}, {"seq": "90", "n": "45005", "vap": "29", "pvap": "   0,16", "e": "N", "st": "N\u00e3o eleito"}, {"seq": "93", "n": "45112", "vap": "14", "pvap": "   0,08", "e": "N", "st": "N\u00e3o eleito"}, {"seq": "61", "n": "19000", "vap": "500", "pvap": "   2,68", "e": "N", "st": "N\u00e3o eleito"}, {"seq": "66", "n": "19123", "vap": "148", "pvap": "   0,79", "e": "N", "st": "N\u00e3o eleito"}, {"seq": "69", "n": "19019", "vap": "93", "pvap": "   0,50", "e": "N", "st": "N\u00e3o eleito"}, {"seq": "71", "n": "19100", "vap": "80", "pvap": "   0,43", "e": "N", "st": "N\u00e3o eleito"}, {"seq": "75", "n": "19777", "vap": "55", "pvap": "   0,29", "e": "N", "st": "N\u00e3o eleito"}, {"seq": "79", "n": "19999", "vap": "41", "pvap": "   0,22", "e": "N", "st": "N\u00e3o eleito"}, {"seq": "84", "n": "19321", "vap": "35", "pvap": "   0,19", "e": "N", "st": "N\u00e3o eleito"}, {"seq": "89", "n": "19001", "vap": "29", "pvap": "   0,16", "e": "N", "st": "N\u00e3o eleito"}, {"seq": "91", "n": "19333", "vap": "21", "pvap": "   0,11", "e": "N", "st": "N\u00e3o eleito"}, {"seq": "92", "n": "19111", "vap": "20", "pvap": "   0,11", "e": "N", "st": "N\u00e3o eleito"}]}]}