{"ele": "426", "carper": "13", "t": "1", "f": "O", "esae": "N", "mnae": " ", "dg": "15/11/2020", "hg": "23:44:10", "dv": "S", "nadf": "sp64432-c0013-e000426-001-f", "abr": [{"dt": "15/11/2020", "ht": "23:34:51", "tf": "S", "and": "F", "tpabr": "MU", "cdabr": "64432", "s": "11", "st": "11", "snt": "0", "si": "11", "sni": "0", "sa": "11", "sna": "0", "pst": " 100,00", "psnt": "   0,00", "psi": " 100,00", "psni": "   0,00", "psa": " 100,00", "psna": "   0,00", "e": "3931", "ea": "3931", "ena": "0", "esi": "3931", "esni": "0", "c": "3255", "a": "676", "pea": " 100,00", "pena": "   0,00", "pesi": " 100,00", "pesni": "   0,00", "pa": "  17,20", "pc": "  82,80", "vscv": "0", "vnom": "2973", "vl": "136", "tv": "3255", "vvc": "3109", "vb": "54", "tvn": "92", "vn": "92", "vnt": "0", "vp": "0", "vv": "3109", "van": "0", "vansj": "0", "pvnom": "  95,63", "pvl": "   4,37", "pvvc": "  95,51", "pvb": "   1,66", "ptvn": "   2,83", "pvn": " 100,00", "pvnt": "   0,00", "pvp": "   0,00", "pvv": " 100,00", "pvan": "   0,00", "pvansj": "   0,00", "colig": [{"n": "250000060931", "tvtn": "635", "tvan": "635", "vag": "2", "tvtl": "15", "tval": "15"}, {"n": "250000136871", "tvtn": "677", "tvan": "677", "vag": "2", "tvtl": "43", "tval": "43"}, {"n": "250000137438", "tvtn": "659", "tvan": "659", "vag": "2", "tvtl": "6", "tval": "6"}, {"n": "250000061011", "tvtn": "581", "tvan": "581", "vag": "2", "tvtl": "58", "tval": "58"}, {"n": "250000137276", "tvtn": "421", "tvan": "421", "vag": "1", "tvtl": "14", "tval": "14"}], "part": [{"n": "25", "tvtn": "635", "tvan": "635", "tvtl": "15", "tval": "15"}, {"n": "14", "tvtn": "677", "tvan": "677", "tvtl": "43", "tval": "43"}, {"n": "19", "tvtn": "659", "tvan": "659", "tvtl": "6", "tval": "6"}, {"n": "45", "tvtn": "581", "tvan": "581", "tvtl": "58", "tval": "58"}, {"n": "23", "tvtn": "421", "tvan": "421", "tvtl": "14", "tval": "14"}], "cand": [{"seq": "27", "n": "25777", "vap": "35", "pvap": "   1,13", "e": "N", "st": "Suplente"}, {"seq": "1", "n": "25043", "vap": "212", "pvap": "   6,82", "e": "S", "st": "Eleito"}, {"seq": "25", "n": "25222", "vap": "37", "pvap": "   1,19", "e": "N", "st": "Suplente"}, {"seq": "2", "n": "25678", "vap": "189", "pvap": "   6,08", "e": "S", "st": "Eleito"}, {"seq": "31", "n": "25300", "vap": "16", "pvap": "   0,51", "e": "N", "st": "Suplente"}, {"seq": "34", "n": "25651", "vap": "13", "pvap": "   0,42", "e": "N", "st": "Suplente"}, {"seq": "41", "n": "25555", "vap": "9", "pvap": "   0,29", "e": "N", "st": "Suplente"}, {"seq": "12", "n": "25160", "vap": "113", "pvap": "   3,63", "e": "N", "st": "Suplente"}, {"seq": "40", "n": "25123", "vap": "11", "pvap": "   0,35", "e": "N", "st": "Suplente"}, {"seq": "22", "n": "14750", "vap": "59", "pvap": "   1,90", "e": "N", "st": "Suplente"}, {"seq": "48", "n": "14666", "vap": "3", "pvap": "   0,10", "e": "N", "st": "Suplente"}, {"seq": "14", "n": "14444", "vap": "106", "pvap": "   3,41", "e": "N", "st": "Suplente"}, {"seq": "16", "n": "14123", "vap": "87", "pvap": "   2,80", "e": "N", "st": "Suplente"}, {"seq": "30", "n": "14110", "vap": "17", "pvap": "   0,55", "e": "N", "st": "Suplente"}, {"seq": "17", "n": "14014", "vap": "75", "pvap": "   2,41", "e": "N", "st": "Suplente"}, {"seq": "33", "n": "14111", "vap": "14", "pvap": "   0,45", "e": "N", "st": "Suplente"}, {"seq": "45", "n": "14333", "vap": "5", "pvap": "   0,16", "e": "N", "st": "Suplente"}, {"seq": "26", "n": "14261", "vap": "36", "pvap": "   1,16", "e": "N", "st": "Suplente"}, {"seq": "9", "n": "14000", "vap": "109", "pvap": "   3,51", "e": "S", "st": "Eleito"}, {"seq": "42", "n": "14555", "vap": "7", "pvap": "   0,23", "e": "N", "st": "Suplente"}, {"seq": "32", "n": "14160", "vap": "15", "pvap": "   0,48", "e": "N", "st": "Suplente"}, {"seq": "5", "n": "14222", "vap": "144", "pvap": "   4,63", "e": "S", "st": "Eleito"}, {"seq": "39", "n": "19222", "vap": "12", "pvap": "   0,39", "e": "N", "st": "Suplente"}, {"seq": "20", "n": "19111", "vap": "64", "pvap": "   2,06", "e": "N", "st": "Suplente"}, {"seq": "7", "n": "19000", "vap": "135", "pvap": "   4,34", "e": "S", "st": "Eleito"}, {"seq": "24", "n": "19199", "vap": "42", "pvap": "   1,35", "e": "N", "st": "Suplente"}, {"seq": "21", "n": "19014", "vap": "61", "pvap": "   1,96", "e": "N", "st": "Suplente"}, {"seq": "44", "n": "19017", "vap": "6", "pvap": "   0,19", "e": "N", "st": "Suplente"}, {"seq": "28", "n": "19122", "vap": "24", "pvap": "   0,77", "e": "N", "st": "Suplente"}, {"seq": "18", "n": "19123", "vap": "73", "pvap": "   2,35", "e": "N", "st": "Suplente"}, {"seq": "38", "n": "19049", "vap": "12", "pvap": "   0,39", "e": "N", "st": "Suplente"}, {"seq": "8", "n": "19555", "vap": "133", "pvap": "   4,28", "e": "S", "st": "Eleito"}, {"seq": "43", "n": "19666", "vap": "7", "pvap": "   0,23", "e": "N", "st": "Suplente"}, {"seq": "15", "n": "19999", "vap": "90", "pvap": "   2,89", "e": "N", "st": "Suplente"}, {"seq": "36", "n": "45721", "vap": "13", "pvap": "   0,42", "e": "N", "st": "Suplente"}, {"seq": "6", "n": "45123", "vap": "140", "pvap": "   4,50", "e": "S", "st": "Eleito"}, {"seq": "35", "n": "45333", "vap": "13", "pvap": "   0,42", "e": "N", "st": "Suplente"}, {"seq": "47", "n": "45678", "vap": "4", "pvap": "   0,13", "e": "N", "st": "Suplente"}, {"seq": "23", "n": "45999", "vap": "45", "pvap": "   1,45", "e": "N", "st": "Suplente"}, {"seq": "37", "n": "45666", "vap": "12", "pvap": "   0,39", "e": "N", "st": "Suplente"}, {"seq": "13", "n": "45400", "vap": "108", "pvap": "   3,47", "e": "N", "st": "Suplente"}, {"seq": "3", "n": "45111", "vap": "177", "pvap": "   5,69", "e": "S", "st": "Eleito"}, {"seq": "19", "n": "45444", "vap": "69", "pvap": "   2,22", "e": "N", "st": "Suplente"}, {"seq": "4", "n": "23602", "vap": "151", "pvap": "   4,86", "e": "S", "st": "Eleito"}, {"seq": "46", "n": "23888", "vap": "5", "pvap": "   0,16", "e": "N", "st": "Suplente"}, {"seq": "11", "n": "23123", "vap": "120", "pvap": "   3,86", "e": "N", "st": "Suplente"}, {"seq": "10", "n": "23612", "vap": "126", "pvap": "   4,05", "e": "N", "st": "Suplente"}, {"seq": "29", "n": "23557", "vap": "19", "pvap": "   0,61", "e": "N", "st": "Suplente"}]}, {"dt": "15/11/2020", "ht": "23:34:51", "tf": "S", "and": "F", "tpabr": "ZONA", "cdabr": "289", "s": "11", "st": "11", "snt": "0", "si": "11", "sni": "0", "sa": "11", "sna": "0", "pst": " 100,00", "psnt": "   0,00", "psi": " 100,00", "psni": "   0,00", "psa": " 100,00", "psna": "   0,00", "e": "3931", "ea": "3931", "ena": "0", "esi": "3931", "esni": "0", "a": "676", "c": "3255", "pea": " 100,00", "pena": "   0,00", "pesi": " 100,00", "pesni": "   0,00", "pa": "  17,20", "pc": "  82,80", "vnom": "2973", "vscv": "0", "vl": "136", "tv": "3255", "vvc": "3109", "vb": "54", "tvn": "92", "vn": "92", "vnt": "0", "vp": "0", "vv": "3109", "van": "0", "vansj": "0", "pvnom": "  95,63", "pvl": "   4,37", "pvvc": "  95,51", "pvb": "   1,66", "ptvn": "   2,83", "pvn": " 100,00", "pvnt": "   0,00", "pvp": "   0,00", "pvv": " 100,00", "pvan": "   0,00", "pvansj": "   0,00", "cand": [{"seq": "33", "n": "14111", "vap": "14", "pvap": "   0,45", "e": "N", "st": "Suplente"}, {"seq": "26", "n": "14261", "vap": "36", "pvap": "   1,16", "e": "N", "st": "Suplente"}, {"seq": "42", "n": "14555", "vap": "7", "pvap": "   0,23", "e": "N", "st": "Suplente"}, {"seq": "32", "n": "14160", "vap": "15", "pvap": "   0,48", "e": "N", "st": "Suplente"}, {"seq": "5", "n": "14222", "vap": "144", "pvap": "   4,63", "e": "S", "st": "Eleito"}, {"seq": "22", "n": "14750", "vap": "59", "pvap": "   1,90", "e": "N", "st": "Suplente"}, {"seq": "48", "n": "14666", "vap": "3", "pvap": "   0,10", "e": "N", "st": "Suplente"}, {"seq": "30", "n": "14110", "vap": "17", "pvap": "   0,55", "e": "N", "st": "Suplente"}, {"seq": "17", "n": "14014", "vap": "75", "pvap": "   2,41", "e": "N", "st": "Suplente"}, {"seq": "45", "n": "14333", "vap": "5", "pvap": "   0,16", "e": "N", "st": "Suplente"}, {"seq": "14", "n": "14444", "vap": "106", "pvap": "   3,41", "e": "N", "st": "Suplente"}, {"seq": "9", "n": "14000", "vap": "109", "pvap": "   3,51", "e": "S", "st": "Eleito"}, {"seq": "16", "n": "14123", "vap": "87", "pvap": "   2,80", "e": "N", "st": "Suplente"}, {"seq": "10", "n": "23612", "vap": "126", "pvap": "   4,05", "e": "N", "st": "Suplente"}, {"seq": "11", "n": "23123", "vap": "120", "pvap": "   3,86", "e": "N", "st": "Suplente"}, {"seq": "29", "n": "23557", "vap": "19", "pvap": "   0,61", "e": "N", "st": "Suplente"}, {"seq": "46", "n": "23888", "vap": "5", "pvap": "   0,16", "e": "N", "st": "Suplente"}, {"seq": "4", "n": "23602", "vap": "151", "pvap": "   4,86", "e": "S", "st": "Eleito"}, {"seq": "47", "n": "45678", "vap": "4", "pvap": "   0,13", "e": "N", "st": "Suplente"}, {"seq": "6", "n": "45123", "vap": "140", "pvap": "   4,50", "e": "S", "st": "Eleito"}, {"seq": "36", "n": "45721", "vap": "13", "pvap": "   0,42", "e": "N", "st": "Suplente"}, {"seq": "3", "n": "45111", "vap": "177", "pvap": "   5,69", "e": "S", "st": "Eleito"}, {"seq": "37", "n": "45666", "vap": "12", "pvap": "   0,39", "e": "N", "st": "Suplente"}, {"seq": "35", "n": "45333", "vap": "13", "pvap": "   0,42", "e": "N", "st": "Suplente"}, {"seq": "23", "n": "45999", "vap": "45", "pvap": "   1,45", "e": "N", "st": "Suplente"}, {"seq": "19", "n": "45444", "vap": "69", "pvap": "   2,22", "e": "N", "st": "Suplente"}, {"seq": "13", "n": "45400", "vap": "108", "pvap": "   3,47", "e": "N", "st": "Suplente"}, {"seq": "39", "n": "19222", "vap": "12", "pvap": "   0,39", "e": "N", "st": "Suplente"}, {"seq": "44", "n": "19017", "vap": "6", "pvap": "   0,19", "e": "N", "st": "Suplente"}, {"seq": "21", "n": "19014", "vap": "61", "pvap": "   1,96", "e": "N", "st": "Suplente"}, {"seq": "8", "n": "19555", "vap": "133", "pvap": "   4,28", "e": "S", "st": "Eleito"}, {"seq": "28", "n": "19122", "vap": "24", "pvap": "   0,77", "e": "N", "st": "Suplente"}, {"seq": "20", "n": "19111", "vap": "64", "pvap": "   2,06", "e": "N", "st": "Suplente"}, {"seq": "18", "n": "19123", "vap": "73", "pvap": "   2,35", "e": "N", "st": "Suplente"}, {"seq": "38", "n": "19049", "vap": "12", "pvap": "   0,39", "e": "N", "st": "Suplente"}, {"seq": "43", "n": "19666", "vap": "7", "pvap": "   0,23", "e": "N", "st": "Suplente"}, {"seq": "24", "n": "19199", "vap": "42", "pvap": "   1,35", "e": "N", "st": "Suplente"}, {"seq": "7", "n": "19000", "vap": "135", "pvap": "   4,34", "e": "S", "st": "Eleito"}, {"seq": "15", "n": "19999", "vap": "90", "pvap": "   2,89", "e": "N", "st": "Suplente"}, {"seq": "27", "n": "25777", "vap": "35", "pvap": "   1,13", "e": "N", "st": "Suplente"}, {"seq": "34", "n": "25651", "vap": "13", "pvap": "   0,42", "e": "N", "st": "Suplente"}, {"seq": "41", "n": "25555", "vap": "9", "pvap": "   0,29", "e": "N", "st": "Suplente"}, {"seq": "40", "n": "25123", "vap": "11", "pvap": "   0,35", "e": "N", "st": "Suplente"}, {"seq": "31", "n": "25300", "vap": "16", "pvap": "   0,51", "e": "N", "st": "Suplente"}, {"seq": "12", "n": "25160", "vap": "113", "pvap": "   3,63", "e": "N", "st": "Suplente"}, {"seq": "1", "n": "25043", "vap": "212", "pvap": "   6,82", "e": "S", "st": "Eleito"}, {"seq": "2", "n": "25678", "vap": "189", "pvap": "   6,08", "e": "S", "st": "Eleito"}, {"seq": "25", "n": "25222", "vap": "37", "pvap": "   1,19", "e": "N", "st": "Suplente"}]}]}