{"ele": "426", "carper": "13", "t": "1", "f": "O", "esae": "N", "mnae": " ", "dg": "16/11/2020", "hg": "00:32:23", "dv": "S", "nadf": "sp71994-c0013-e000426-002-f", "abr": [{"dt": "15/11/2020", "ht": "23:43:25", "tf": "S", "and": "F", "tpabr": "MU", "cdabr": "71994", "s": "13", "st": "13", "snt": "0", "si": "13", "sni": "0", "sa": "13", "sna": "0", "pst": " 100,00", "psnt": "   0,00", "psi": " 100,00", "psni": "   0,00", "psa": " 100,00", "psna": "   0,00", "e": "5097", "ea": "5097", "ena": "0", "esi": "5097", "esni": "0", "c": "3751", "a": "1346", "pea": " 100,00", "pena": "   0,00", "pesi": " 100,00", "pesni": "   0,00", "pa": "  26,41", "pc": "  73,59", "vscv": "0", "vnom": "3301", "vl": "113", "tv": "3751", "vvc": "3456", "vb": "128", "tvn": "167", "vn": "167", "vnt": "0", "vp": "0", "vv": "3414", "van": "0", "vansj": "42", "pvnom": "  96,69", "pvl": "   3,31", "pvvc": "  92,14", "pvb": "   3,41", "ptvn": "   4,45", "pvn": " 100,00", "pvnt": "   0,00", "pvp": "   0,00", "pvv": "  98,78", "pvan": "   0,00", "pvansj": "   1,22", "colig": [{"n": "250000150769", "tvtn": "733", "tvan": "775", "vag": "2", "tvtl": "11", "tval": "11"}, {"n": "250000151046", "tvtn": "1181", "tvan": "1181", "vag": "3", "tvtl": "81", "tval": "81"}, {"n": "250000076860", "tvtn": "1387", "tvan": "1387", "vag": "4", "tvtl": "21", "tval": "21"}], "part": [{"n": "25", "tvtn": "733", "tvan": "775", "tvtl": "11", "tval": "11"}, {"n": "45", "tvtn": "1181", "tvan": "1181", "tvtl": "81", "tval": "81"}, {"n": "51", "tvtn": "1387", "tvan": "1387", "tvtl": "21", "tval": "21"}], "cand": [{"seq": "30", "n": "25555", "vap": "42", "pvap": "   1,22", "e": "N", "st": "N\u00e3o eleito"}, {"seq": "11", "n": "25800", "vap": "136", "pvap": "   3,94", "e": "N", "st": "Suplente"}, {"seq": "25", "n": "25125", "vap": "21", "pvap": "   0,61", "e": "N", "st": "Suplente"}, {"seq": "22", "n": "25500", "vap": "30", "pvap": "   0,87", "e": "N", "st": "Suplente"}, {"seq": "29", "n": "25809", "vap": "1", "pvap": "   0,03", "e": "N", "st": "Suplente"}, {"seq": "6", "n": "25611", "vap": "204", "pvap": "   5,90", "e": "S", "st": "Eleito"}, {"seq": "5", "n": "25300", "vap": "205", "pvap": "   5,93", "e": "S", "st": "Eleito"}, {"seq": "10", "n": "25000", "vap": "136", "pvap": "   3,94", "e": "N", "st": "Suplente"}, {"seq": "17", "n": "45700", "vap": "97", "pvap": "   2,81", "e": "N", "st": "Suplente"}, {"seq": "14", "n": "45111", "vap": "104", "pvap": "   3,01", "e": "N", "st": "Suplente"}, {"seq": "20", "n": "45100", "vap": "53", "pvap": "   1,53", "e": "N", "st": "Suplente"}, {"seq": "16", "n": "45605", "vap": "100", "pvap": "   2,89", "e": "N", "st": "Suplente"}, {"seq": "21", "n": "45777", "vap": "34", "pvap": "   0,98", "e": "N", "st": "Suplente"}, {"seq": "7", "n": "45000", "vap": "167", "pvap": "   4,83", "e": "S", "st": "Eleito"}, {"seq": "23", "n": "45007", "vap": "27", "pvap": "   0,78", "e": "N", "st": "Suplente"}, {"seq": "3", "n": "45789", "vap": "218", "pvap": "   6,31", "e": "S", "st": "Eleito"}, {"seq": "2", "n": "45123", "vap": "250", "pvap": "   7,23", "e": "S", "st": "Eleito"}, {"seq": "12", "n": "45555", "vap": "131", "pvap": "   3,79", "e": "N", "st": "Suplente"}, {"seq": "15", "n": "51456", "vap": "103", "pvap": "   2,98", "e": "N", "st": "Suplente"}, {"seq": "1", "n": "51000", "vap": "491", "pvap": "  14,21", "e": "S", "st": "Eleito"}, {"seq": "13", "n": "51777", "vap": "117", "pvap": "   3,39", "e": "N", "st": "Suplente"}, {"seq": "4", "n": "51789", "vap": "209", "pvap": "   6,05", "e": "S", "st": "Eleito"}, {"seq": "18", "n": "51051", "vap": "68", "pvap": "   1,97", "e": "N", "st": "Suplente"}, {"seq": "9", "n": "51234", "vap": "124", "pvap": "   3,59", "e": "S", "st": "Eleito"}, {"seq": "26", "n": "51222", "vap": "20", "pvap": "   0,58", "e": "N", "st": "Suplente"}, {"seq": "28", "n": "51200", "vap": "4", "pvap": "   0,12", "e": "N", "st": "Suplente"}, {"seq": "19", "n": "51300", "vap": "67", "pvap": "   1,94", "e": "N", "st": "Suplente"}, {"seq": "24", "n": "51100", "vap": "22", "pvap": "   0,64", "e": "N", "st": "Suplente"}, {"seq": "27", "n": "51555", "vap": "13", "pvap": "   0,38", "e": "N", "st": "Suplente"}, {"seq": "8", "n": "51123", "vap": "149", "pvap": "   4,31", "e": "S", "st": "Eleito"}]}, {"dt": "15/11/2020", "ht": "23:43:25", "tf": "S", "and": "F", "tpabr": "ZONA", "cdabr": "187", "s": "13", "st": "13", "snt": "0", "si": "13", "sni": "0", "sa": "13", "sna": "0", "pst": " 100,00", "psnt": "   0,00", "psi": " 100,00", "psni": "   0,00", "psa": " 100,00", "psna": "   0,00", "e": "5097", "ea": "5097", "ena": "0", "esi": "5097", "esni": "0", "a": "1346", "c": "3751", "pea": " 100,00", "pena": "   0,00", "pesi": " 100,00", "pesni": "   0,00", "pa": "  26,41", "pc": "  73,59", "vnom": "3301", "vscv": "0", "vl": "113", "tv": "3751", "vvc": "3456", "vb": "128", "tvn": "167", "vn": "167", "vnt": "0", "vp": "0", "vv": "3414", "van": "0", "vansj": "42", "pvnom": "  96,69", "pvl": "   3,31", "pvvc": "  92,14", "pvb": "   3,41", "ptvn": "   4,45", "pvn": " 100,00", "pvnt": "   0,00", "pvp": "   0,00", "pvv": "  98,78", "pvan": "   0,00", "pvansj": "   1,22", "cand": [{"seq": "5", "n": "25300", "vap": "205", "pvap": "   5,93", "e": "S", "st": "Eleito"}, {"seq": "6", "n": "25611", "vap": "204", "pvap": "   5,90", "e": "S", "st": "Eleito"}, {"seq": "10", "n": "25000", "vap": "136", "pvap": "   3,94", "e": "N", "st": "Suplente"}, {"seq": "11", "n": "25800", "vap": "136", "pvap": "   3,94", "e": "N", "st": "Suplente"}, {"seq": "22", "n": "25500", "vap": "30", "pvap": "   0,87", "e": "N", "st": "Suplente"}, {"seq": "25", "n": "25125", "vap": "21", "pvap": "   0,61", "e": "N", "st": "Suplente"}, {"seq": "29", "n": "25809", "vap": "1", "pvap": "   0,03", "e": "N", "st": "Suplente"}, {"seq": "30", "n": "25555", "vap": "42", "pvap": "   1,22", "e": "N", "st": "N\u00e3o eleito"}, {"seq": "2", "n": "45123", "vap": "250", "pvap": "   7,23", "e": "S", "st": "Eleito"}, {"seq": "3", "n": "45789", "vap": "218", "pvap": "   6,31", "e": "S", "st": "Eleito"}, {"seq": "7", "n": "45000", "vap": "167", "pvap": "   4,83", "e": "S", "st": "Eleito"}, {"seq": "12", "n": "45555", "vap": "131", "pvap": "   3,79", "e": "N", "st": "Suplente"}, {"seq": "14", "n": "45111", "vap": "104", "pvap": "   3,01", "e": "N", "st": "Suplente"}, {"seq": "16", "n": "45605", "vap": "100", "pvap": "   2,89", "e": "N", "st": "Suplente"}, {"seq": "17", "n": "45700", "vap": "97", "pvap": "   2,81", "e": "N", "st": "Suplente"}, {"seq": "20", "n": "45100", "vap": "53", "pvap": "   1,53", "e": "N", "st": "Suplente"}, {"seq": "21", "n": "45777", "vap": "34", "pvap": "   0,98", "e": "N", "st": "Suplente"}, {"seq": "23", "n": "45007", "vap": "27", "pvap": "   0,78", "e": "N", "st": "Suplente"}, {"seq": "1", "n": "51000", "vap": "491", "pvap": "  14,21", "e": "S", "st": "Eleito"}, {"seq": "4", "n": "51789", "vap": "209", "pvap": "   6,05", "e": "S", "st": "Eleito"}, {"seq": "8", "n": "51123", "vap": "149", "pvap": "   4,31", "e": "S", "st": "Eleito"}, {"seq": "9", "n": "51234", "vap": "124", "pvap": "   3,59", "e": "S", "st": "Eleito"}, {"seq": "13", "n": "51777", "vap": "117", "pvap": "   3,39", "e": "N", "st": "Suplente"}, {"seq": "15", "n": "51456", "vap": "103", "pvap": "   2,98", "e": "N", "st": "Suplente"}, {"seq": "18", "n": "51051", "vap": "68", "pvap": "   1,97", "e": "N", "st": "Suplente"}, {"seq": "19", "n": "51300", "vap": "67", "pvap": "   1,94", "e": "N", "st": "Suplente"}, {"seq": "24", "n": "51100", "vap": "22", "pvap": "   0,64", "e": "N", "st": "Suplente"}, {"seq": "26", "n": "51222", "vap": "20", "pvap": "   0,58", "e": "N", "st": "Suplente"}, {"seq": "27", "n": "51555", "vap": "13", "pvap": "   0,38", "e": "N", "st": "Suplente"}, {"seq": "28", "n": "51200", "vap": "4", "pvap": "   0,12", "e": "N", "st": "Suplente"}]}]}