{"ele": "426", "carper": "13", "t": "1", "f": "O", "esae": "N", "mnae": " ", "dg": "15/11/2020", "hg": "23:44:26", "dv": "S", "nadf": "sp70939-c0013-e000426-002-f", "abr": [{"dt": "15/11/2020", "ht": "23:13:35", "tf": "S", "and": "F", "tpabr": "MU", "cdabr": "70939", "s": "11", "st": "11", "snt": "0", "si": "11", "sni": "0", "sa": "11", "sna": "0", "pst": " 100,00", "psnt": "   0,00", "psi": " 100,00", "psni": "   0,00", "psa": " 100,00", "psna": "   0,00", "e": "3743", "ea": "3743", "ena": "0", "esi": "3743", "esni": "0", "c": "3071", "a": "672", "pea": " 100,00", "pena": "   0,00", "pesi": " 100,00", "pesni": "   0,00", "pa": "  17,95", "pc": "  82,05", "vscv": "0", "vnom": "2804", "vl": "193", "tv": "3071", "vvc": "2997", "vb": "26", "tvn": "48", "vn": "48", "vnt": "0", "vp": "0", "vv": "2997", "van": "0", "vansj": "0", "pvnom": "  93,56", "pvl": "   6,44", "pvvc": "  97,59", "pvb": "   0,85", "ptvn": "   1,56", "pvn": " 100,00", "pvnt": "   0,00", "pvp": "   0,00", "pvv": " 100,00", "pvan": "   0,00", "pvansj": "   0,00", "colig": [{"n": "250000057862", "tvtn": "606", "tvan": "606", "vag": "2", "tvtl": "11", "tval": "11"}, {"n": "250000060829", "tvtn": "529", "tvan": "529", "vag": "2", "tvtl": "9", "tval": "9"}, {"n": "250000057880", "tvtn": "790", "tvan": "790", "vag": "3", "tvtl": "72", "tval": "72"}, {"n": "250000057906", "tvtn": "441", "tvan": "441", "vag": "1", "tvtl": "15", "tval": "15"}, {"n": "250000057875", "tvtn": "438", "tvan": "438", "vag": "1", "tvtl": "86", "tval": "86"}], "part": [{"n": "15", "tvtn": "606", "tvan": "606", "tvtl": "11", "tval": "11"}, {"n": "25", "tvtn": "529", "tvan": "529", "tvtl": "9", "tval": "9"}, {"n": "22", "tvtn": "790", "tvan": "790", "tvtl": "72", "tval": "72"}, {"n": "55", "tvtn": "441", "tvan": "441", "tvtl": "15", "tval": "15"}, {"n": "45", "tvtn": "438", "tvan": "438", "tvtl": "86", "tval": "86"}], "cand": [{"seq": "6", "n": "15015", "vap": "125", "pvap": "   4,17", "e": "S", "st": "Eleito"}, {"seq": "11", "n": "15789", "vap": "118", "pvap": "   3,94", "e": "N", "st": "Suplente"}, {"seq": "5", "n": "15852", "vap": "133", "pvap": "   4,44", "e": "S", "st": "Eleito"}, {"seq": "24", "n": "15190", "vap": "41", "pvap": "   1,37", "e": "N", "st": "Suplente"}, {"seq": "61", "n": "15238", "vap": "2", "pvap": "   0,07", "e": "N", "st": "Suplente"}, {"seq": "51", "n": "15611", "vap": "7", "pvap": "   0,23", "e": "N", "st": "Suplente"}, {"seq": "25", "n": "15222", "vap": "40", "pvap": "   1,33", "e": "N", "st": "Suplente"}, {"seq": "42", "n": "15116", "vap": "15", "pvap": "   0,50", "e": "N", "st": "Suplente"}, {"seq": "32", "n": "15678", "vap": "25", "pvap": "   0,83", "e": "N", "st": "Suplente"}, {"seq": "62", "n": "15777", "vap": "1", "pvap": "   0,03", "e": "N", "st": "Suplente"}, {"seq": "16", "n": "15123", "vap": "64", "pvap": "   2,14", "e": "N", "st": "Suplente"}, {"seq": "29", "n": "15115", "vap": "31", "pvap": "   1,03", "e": "N", "st": "Suplente"}, {"seq": "58", "n": "15987", "vap": "4", "pvap": "   0,13", "e": "N", "st": "Suplente"}, {"seq": "37", "n": "25000", "vap": "19", "pvap": "   0,63", "e": "N", "st": "Suplente"}, {"seq": "18", "n": "25890", "vap": "61", "pvap": "   2,04", "e": "N", "st": "Suplente"}, {"seq": "9", "n": "25678", "vap": "98", "pvap": "   3,27", "e": "S", "st": "Eleito"}, {"seq": "43", "n": "25025", "vap": "14", "pvap": "   0,47", "e": "N", "st": "Suplente"}, {"seq": "47", "n": "25333", "vap": "9", "pvap": "   0,30", "e": "N", "st": "Suplente"}, {"seq": "23", "n": "25017", "vap": "44", "pvap": "   1,47", "e": "N", "st": "Suplente"}, {"seq": "56", "n": "25666", "vap": "5", "pvap": "   0,17", "e": "N", "st": "Suplente"}, {"seq": "49", "n": "25777", "vap": "9", "pvap": "   0,30", "e": "N", "st": "Suplente"}, {"seq": "48", "n": "25127", "vap": "9", "pvap": "   0,30", "e": "N", "st": "Suplente"}, {"seq": "36", "n": "25525", "vap": "19", "pvap": "   0,63", "e": "N", "st": "Suplente"}, {"seq": "60", "n": "25345", "vap": "3", "pvap": "   0,10", "e": "N", "st": "Suplente"}, {"seq": "13", "n": "25199", "vap": "76", "pvap": "   2,54", "e": "N", "st": "Suplente"}, {"seq": "8", "n": "25555", "vap": "100", "pvap": "   3,34", "e": "S", "st": "Eleito"}, {"seq": "17", "n": "25123", "vap": "63", "pvap": "   2,10", "e": "N", "st": "Suplente"}, {"seq": "39", "n": "22000", "vap": "17", "pvap": "   0,57", "e": "N", "st": "Suplente"}, {"seq": "19", "n": "22321", "vap": "54", "pvap": "   1,80", "e": "N", "st": "Suplente"}, {"seq": "4", "n": "22222", "vap": "149", "pvap": "   4,97", "e": "S", "st": "Eleito"}, {"seq": "31", "n": "22123", "vap": "25", "pvap": "   0,83", "e": "N", "st": "Suplente"}, {"seq": "35", "n": "22025", "vap": "20", "pvap": "   0,67", "e": "N", "st": "Suplente"}, {"seq": "12", "n": "22111", "vap": "103", "pvap": "   3,44", "e": "N", "st": "Suplente"}, {"seq": "1", "n": "22555", "vap": "168", "pvap": "   5,61", "e": "S", "st": "Eleito"}, {"seq": "27", "n": "22345", "vap": "32", "pvap": "   1,07", "e": "N", "st": "Suplente"}, {"seq": "3", "n": "22456", "vap": "149", "pvap": "   4,97", "e": "S", "st": "Eleito"}, {"seq": "38", "n": "22322", "vap": "18", "pvap": "   0,60", "e": "N", "st": "Suplente"}, {"seq": "28", "n": "22333", "vap": "31", "pvap": "   1,03", "e": "N", "st": "Suplente"}, {"seq": "33", "n": "22444", "vap": "24", "pvap": "   0,80", "e": "N", "st": "Suplente"}, {"seq": "2", "n": "55555", "vap": "151", "pvap": "   5,04", "e": "S", "st": "Eleito"}, {"seq": "40", "n": "55000", "vap": "17", "pvap": "   0,57", "e": "N", "st": "Suplente"}, {"seq": "57", "n": "55022", "vap": "5", "pvap": "   0,17", "e": "N", "st": "Suplente"}, {"seq": "63", "n": "55279", "vap": "1", "pvap": "   0,03", "e": "N", "st": "Suplente"}, {"seq": "59", "n": "55222", "vap": "4", "pvap": "   0,13", "e": "N", "st": "Suplente"}, {"seq": "10", "n": "55275", "vap": "123", "pvap": "   4,10", "e": "N", "st": "Suplente"}, {"seq": "22", "n": "55369", "vap": "46", "pvap": "   1,53", "e": "N", "st": "Suplente"}, {"seq": "55", "n": "55678", "vap": "6", "pvap": "   0,20", "e": "N", "st": "Suplente"}, {"seq": "14", "n": "55123", "vap": "76", "pvap": "   2,54", "e": "N", "st": "Suplente"}, {"seq": "44", "n": "55999", "vap": "12", "pvap": "   0,40", "e": "N", "st": "Suplente"}, {"seq": "46", "n": "45147", "vap": "9", "pvap": "   0,30", "e": "N", "st": "Suplente"}, {"seq": "26", "n": "45555", "vap": "39", "pvap": "   1,30", "e": "N", "st": "Suplente"}, {"seq": "30", "n": "45222", "vap": "30", "pvap": "   1,00", "e": "N", "st": "Suplente"}, {"seq": "7", "n": "45045", "vap": "114", "pvap": "   3,80", "e": "S", "st": "Eleito"}, {"seq": "50", "n": "45190", "vap": "8", "pvap": "   0,27", "e": "N", "st": "Suplente"}, {"seq": "54", "n": "45073", "vap": "6", "pvap": "   0,20", "e": "N", "st": "Suplente"}, {"seq": "20", "n": "45777", "vap": "52", "pvap": "   1,74", "e": "N", "st": "Suplente"}, {"seq": "52", "n": "45245", "vap": "7", "pvap": "   0,23", "e": "N", "st": "Suplente"}, {"seq": "45", "n": "45678", "vap": "10", "pvap": "   0,33", "e": "N", "st": "Suplente"}, {"seq": "21", "n": "45123", "vap": "46", "pvap": "   1,53", "e": "N", "st": "Suplente"}, {"seq": "41", "n": "45197", "vap": "17", "pvap": "   0,57", "e": "N", "st": "Suplente"}, {"seq": "15", "n": "45789", "vap": "72", "pvap": "   2,40", "e": "N", "st": "Suplente"}, {"seq": "34", "n": "45000", "vap": "21", "pvap": "   0,70", "e": "N", "st": "Suplente"}, {"seq": "53", "n": "45666", "vap": "7", "pvap": "   0,23", "e": "N", "st": "Suplente"}]}, {"dt": "15/11/2020", "ht": "23:13:35", "tf": "S", "and": "F", "tpabr": "ZONA", "cdabr": "18", "s": "11", "st": "11", "snt": "0", "si": "11", "sni": "0", "sa": "11", "sna": "0", "pst": " 100,00", "psnt": "   0,00", "psi": " 100,00", "psni": "   0,00", "psa": " 100,00", "psna": "   0,00", "e": "3743", "ea": "3743", "ena": "0", "esi": "3743", "esni": "0", "a": "672", "c": "3071", "pea": " 100,00", "pena": "   0,00", "pesi": " 100,00", "pesni": "   0,00", "pa": "  17,95", "pc": "  82,05", "vnom": "2804", "vscv": "0", "vl": "193", "tv": "3071", "vvc": "2997", "vb": "26", "tvn": "48", "vn": "48", "vnt": "0", "vp": "0", "vv": "2997", "van": "0", "vansj": "0", "pvnom": "  93,56", "pvl": "   6,44", "pvvc": "  97,59", "pvb": "   0,85", "ptvn": "   1,56", "pvn": " 100,00", "pvnt": "   0,00", "pvp": "   0,00", "pvv": " 100,00", "pvan": "   0,00", "pvansj": "   0,00", "cand": [{"seq": "1", "n": "22555", "vap": "168", "pvap": "   5,61", "e": "S", "st": "Eleito"}, {"seq": "38", "n": "22322", "vap": "18", "pvap": "   0,60", "e": "N", "st": "Suplente"}, {"seq": "19", "n": "22321", "vap": "54", "pvap": "   1,80", "e": "N", "st": "Suplente"}, {"seq": "12", "n": "22111", "vap": "103", "pvap": "   3,44", "e": "N", "st": "Suplente"}, {"seq": "4", "n": "22222", "vap": "149", "pvap": "   4,97", "e": "S", "st": "Eleito"}, {"seq": "35", "n": "22025", "vap": "20", "pvap": "   0,67", "e": "N", "st": "Suplente"}, {"seq": "33", "n": "22444", "vap": "24", "pvap": "   0,80", "e": "N", "st": "Suplente"}, {"seq": "27", "n": "22345", "vap": "32", "pvap": "   1,07", "e": "N", "st": "Suplente"}, {"seq": "28", "n": "22333", "vap": "31", "pvap": "   1,03", "e": "N", "st": "Suplente"}, {"seq": "31", "n": "22123", "vap": "25", "pvap": "   0,83", "e": "N", "st": "Suplente"}, {"seq": "3", "n": "22456", "vap": "149", "pvap": "   4,97", "e": "S", "st": "Eleito"}, {"seq": "39", "n": "22000", "vap": "17", "pvap": "   0,57", "e": "N", "st": "Suplente"}, {"seq": "56", "n": "25666", "vap": "5", "pvap": "   0,17", "e": "N", "st": "Suplente"}, {"seq": "13", "n": "25199", "vap": "76", "pvap": "   2,54", "e": "N", "st": "Suplente"}, {"seq": "8", "n": "25555", "vap": "100", "pvap": "   3,34", "e": "S", "st": "Eleito"}, {"seq": "17", "n": "25123", "vap": "63", "pvap": "   2,10", "e": "N", "st": "Suplente"}, {"seq": "23", "n": "25017", "vap": "44", "pvap": "   1,47", "e": "N", "st": "Suplente"}, {"seq": "18", "n": "25890", "vap": "61", "pvap": "   2,04", "e": "N", "st": "Suplente"}, {"seq": "9", "n": "25678", "vap": "98", "pvap": "   3,27", "e": "S", "st": "Eleito"}, {"seq": "36", "n": "25525", "vap": "19", "pvap": "   0,63", "e": "N", "st": "Suplente"}, {"seq": "49", "n": "25777", "vap": "9", "pvap": "   0,30", "e": "N", "st": "Suplente"}, {"seq": "47", "n": "25333", "vap": "9", "pvap": "   0,30", "e": "N", "st": "Suplente"}, {"seq": "37", "n": "25000", "vap": "19", "pvap": "   0,63", "e": "N", "st": "Suplente"}, {"seq": "60", "n": "25345", "vap": "3", "pvap": "   0,10", "e": "N", "st": "Suplente"}, {"seq": "43", "n": "25025", "vap": "14", "pvap": "   0,47", "e": "N", "st": "Suplente"}, {"seq": "48", "n": "25127", "vap": "9", "pvap": "   0,30", "e": "N", "st": "Suplente"}, {"seq": "15", "n": "45789", "vap": "72", "pvap": "   2,40", "e": "N", "st": "Suplente"}, {"seq": "50", "n": "45190", "vap": "8", "pvap": "   0,27", "e": "N", "st": "Suplente"}, {"seq": "54", "n": "45073", "vap": "6", "pvap": "   0,20", "e": "N", "st": "Suplente"}, {"seq": "21", "n": "45123", "vap": "46", "pvap": "   1,53", "e": "N", "st": "Suplente"}, {"seq": "45", "n": "45678", "vap": "10", "pvap": "   0,33", "e": "N", "st": "Suplente"}, {"seq": "34", "n": "45000", "vap": "21", "pvap": "   0,70", "e": "N", "st": "Suplente"}, {"seq": "41", "n": "45197", "vap": "17", "pvap": "   0,57", "e": "N", "st": "Suplente"}, {"seq": "53", "n": "45666", "vap": "7", "pvap": "   0,23", "e": "N", "st": "Suplente"}, {"seq": "52", "n": "45245", "vap": "7", "pvap": "   0,23", "e": "N", "st": "Suplente"}, {"seq": "30", "n": "45222", "vap": "30", "pvap": "   1,00", "e": "N", "st": "Suplente"}, {"seq": "46", "n": "45147", "vap": "9", "pvap": "   0,30", "e": "N", "st": "Suplente"}, {"seq": "7", "n": "45045", "vap": "114", "pvap": "   3,80", "e": "S", "st": "Eleito"}, {"seq": "20", "n": "45777", "vap": "52", "pvap": "   1,74", "e": "N", "st": "Suplente"}, {"seq": "26", "n": "45555", "vap": "39", "pvap": "   1,30", "e": "N", "st": "Suplente"}, {"seq": "25", "n": "15222", "vap": "40", "pvap": "   1,33", "e": "N", "st": "Suplente"}, {"seq": "62", "n": "15777", "vap": "1", "pvap": "   0,03", "e": "N", "st": "Suplente"}, {"seq": "42", "n": "15116", "vap": "15", "pvap": "   0,50", "e": "N", "st": "Suplente"}, {"seq": "24", "n": "15190", "vap": "41", "pvap": "   1,37", "e": "N", "st": "Suplente"}, {"seq": "5", "n": "15852", "vap": "133", "pvap": "   4,44", "e": "S", "st": "Eleito"}, {"seq": "16", "n": "15123", "vap": "64", "pvap": "   2,14", "e": "N", "st": "Suplente"}, {"seq": "58", "n": "15987", "vap": "4", "pvap": "   0,13", "e": "N", "st": "Suplente"}, {"seq": "6", "n": "15015", "vap": "125", "pvap": "   4,17", "e": "S", "st": "Eleito"}, {"seq": "51", "n": "15611", "vap": "7", "pvap": "   0,23", "e": "N", "st": "Suplente"}, {"seq": "61", "n": "15238", "vap": "2", "pvap": "   0,07", "e": "N", "st": "Suplente"}, {"seq": "32", "n": "15678", "vap": "25", "pvap": "   0,83", "e": "N", "st": "Suplente"}, {"seq": "29", "n": "15115", "vap": "31", "pvap": "   1,03", "e": "N", "st": "Suplente"}, {"seq": "11", "n": "15789", "vap": "118", "pvap": "   3,94", "e": "N", "st": "Suplente"}, {"seq": "10", "n": "55275", "vap": "123", "pvap": "   4,10", "e": "N", "st": "Suplente"}, {"seq": "44", "n": "55999", "vap": "12", "pvap": "   0,40", "e": "N", "st": "Suplente"}, {"seq": "40", "n": "55000", "vap": "17", "pvap": "   0,57", "e": "N", "st": "Suplente"}, {"seq": "57", "n": "55022", "vap": "5", "pvap": "   0,17", "e": "N", "st": "Suplente"}, {"seq": "22", "n": "55369", "vap": "46", "pvap": "   1,53", "e": "N", "st": "Suplente"}, {"seq": "2", "n": "55555", "vap": "151", "pvap": "   5,04", "e": "S", "st": "Eleito"}, {"seq": "59", "n": "55222", "vap": "4", "pvap": "   0,13", "e": "N", "st": "Suplente"}, {"seq": "55", "n": "55678", "vap": "6", "pvap": "   0,20", "e": "N", "st": "Suplente"}, {"seq": "63", "n": "55279", "vap": "1", "pvap": "   0,03", "e": "N", "st": "Suplente"}, {"seq": "14", "n": "55123", "vap": "76", "pvap": "   2,54", "e": "N", "st": "Suplente"}]}]}