{"ele": "426", "carper": "13", "t": "1", "f": "O", "esae": "N", "mnae": " ", "dg": "15/11/2020", "hg": "23:44:35", "dv": "S", "nadf": "sp61972-c0013-e000426-002-f", "abr": [{"dt": "15/11/2020", "ht": "23:10:46", "tf": "S", "and": "F", "tpabr": "MU", "cdabr": "61972", "s": "25", "st": "25", "snt": "0", "si": "25", "sni": "0", "sa": "25", "sna": "0", "pst": " 100,00", "psnt": "   0,00", "psi": " 100,00", "psni": "   0,00", "psa": " 100,00", "psna": "   0,00", "e": "8718", "ea": "8718", "ena": "0", "esi": "8718", "esni": "0", "c": "6395", "a": "2323", "pea": " 100,00", "pena": "   0,00", "pesi": " 100,00", "pesni": "   0,00", "pa": "  26,65", "pc": "  73,35", "vscv": "0", "vnom": "5637", "vl": "315", "tv": "6395", "vvc": "5952", "vb": "163", "tvn": "280", "vn": "280", "vnt": "0", "vp": "0", "vv": "5952", "van": "0", "vansj": "0", "pvnom": "  94,71", "pvl": "   5,29", "pvvc": "  93,07", "pvb": "   2,55", "ptvn": "   4,38", "pvn": " 100,00", "pvnt": "   0,00", "pvp": "   0,00", "pvv": " 100,00", "pvan": "   0,00", "pvansj": "   0,00", "colig": [{"n": "250000147907", "tvtn": "91", "tvan": "91", "vag": "0", "tvtl": "24", "tval": "24"}, {"n": "250000117796", "tvtn": "1315", "tvan": "1315", "vag": "2", "tvtl": "39", "tval": "39"}, {"n": "250000087049", "tvtn": "1099", "tvan": "1099", "vag": "2", "tvtl": "52", "tval": "52"}, {"n": "250000060816", "tvtn": "396", "tvan": "396", "vag": "0", "tvtl": "10", "tval": "10"}, {"n": "250000062015", "tvtn": "426", "tvan": "426", "vag": "1", "tvtl": "51", "tval": "51"}, {"n": "250000147794", "tvtn": "1643", "tvan": "1643", "vag": "3", "tvtl": "46", "tval": "46"}, {"n": "250000147478", "tvtn": "667", "tvan": "667", "vag": "1", "tvtl": "93", "tval": "93"}], "part": [{"n": "12", "tvtn": "91", "tvan": "91", "tvtl": "24", "tval": "24"}, {"n": "11", "tvtn": "1315", "tvan": "1315", "tvtl": "39", "tval": "39"}, {"n": "55", "tvtn": "1099", "tvan": "1099", "tvtl": "52", "tval": "52"}, {"n": "40", "tvtn": "396", "tvan": "396", "tvtl": "10", "tval": "10"}, {"n": "43", "tvtn": "426", "tvan": "426", "tvtl": "51", "tval": "51"}, {"n": "45", "tvtn": "1643", "tvan": "1643", "tvtl": "46", "tval": "46"}, {"n": "10", "tvtn": "667", "tvan": "667", "tvtl": "93", "tval": "93"}], "cand": [{"seq": "68", "n": "12000", "vap": "10", "pvap": "   0,17", "e": "N", "st": "N\u00e3o eleito"}, {"seq": "69", "n": "12222", "vap": "9", "pvap": "   0,15", "e": "N", "st": "N\u00e3o eleito"}, {"seq": "61", "n": "12333", "vap": "72", "pvap": "   1,21", "e": "N", "st": "N\u00e3o eleito"}, {"seq": "56", "n": "11620", "vap": "9", "pvap": "   0,15", "e": "N", "st": "Suplente"}, {"seq": "11", "n": "11222", "vap": "157", "pvap": "   2,64", "e": "N", "st": "Suplente"}, {"seq": "27", "n": "11640", "vap": "72", "pvap": "   1,21", "e": "N", "st": "Suplente"}, {"seq": "17", "n": "11111", "vap": "132", "pvap": "   2,22", "e": "N", "st": "Suplente"}, {"seq": "26", "n": "11125", "vap": "73", "pvap": "   1,23", "e": "N", "st": "Suplente"}, {"seq": "1", "n": "11123", "vap": "293", "pvap": "   4,92", "e": "S", "st": "Eleito"}, {"seq": "25", "n": "11234", "vap": "82", "pvap": "   1,38", "e": "N", "st": "Suplente"}, {"seq": "8", "n": "11618", "vap": "157", "pvap": "   2,64", "e": "S", "st": "Eleito"}, {"seq": "54", "n": "11243", "vap": "12", "pvap": "   0,20", "e": "N", "st": "Suplente"}, {"seq": "55", "n": "11000", "vap": "10", "pvap": "   0,17", "e": "N", "st": "Suplente"}, {"seq": "43", "n": "11651", "vap": "33", "pvap": "   0,55", "e": "N", "st": "Suplente"}, {"seq": "13", "n": "11610", "vap": "140", "pvap": "   2,35", "e": "N", "st": "Suplente"}, {"seq": "35", "n": "11655", "vap": "52", "pvap": "   0,87", "e": "N", "st": "Suplente"}, {"seq": "21", "n": "11333", "vap": "93", "pvap": "   1,56", "e": "N", "st": "Suplente"}, {"seq": "5", "n": "55678", "vap": "231", "pvap": "   3,88", "e": "S", "st": "Eleito"}, {"seq": "7", "n": "55777", "vap": "216", "pvap": "   3,63", "e": "S", "st": "Eleito"}, {"seq": "19", "n": "55333", "vap": "109", "pvap": "   1,83", "e": "N", "st": "Suplente"}, {"seq": "45", "n": "55192", "vap": "29", "pvap": "   0,49", "e": "N", "st": "Suplente"}, {"seq": "40", "n": "55123", "vap": "44", "pvap": "   0,74", "e": "N", "st": "Suplente"}, {"seq": "16", "n": "55012", "vap": "132", "pvap": "   2,22", "e": "N", "st": "Suplente"}, {"seq": "24", "n": "55111", "vap": "82", "pvap": "   1,38", "e": "N", "st": "Suplente"}, {"seq": "28", "n": "55567", "vap": "68", "pvap": "   1,14", "e": "N", "st": "Suplente"}, {"seq": "38", "n": "55055", "vap": "48", "pvap": "   0,81", "e": "N", "st": "Suplente"}, {"seq": "58", "n": "55100", "vap": "7", "pvap": "   0,12", "e": "N", "st": "Suplente"}, {"seq": "15", "n": "55555", "vap": "133", "pvap": "   2,23", "e": "N", "st": "Suplente"}, {"seq": "62", "n": "40111", "vap": "40", "pvap": "   0,67", "e": "N", "st": "N\u00e3o eleito"}, {"seq": "60", "n": "40190", "vap": "92", "pvap": "   1,55", "e": "N", "st": "N\u00e3o eleito"}, {"seq": "70", "n": "40666", "vap": "8", "pvap": "   0,13", "e": "N", "st": "N\u00e3o eleito"}, {"seq": "66", "n": "40357", "vap": "13", "pvap": "   0,22", "e": "N", "st": "N\u00e3o eleito"}, {"seq": "59", "n": "40000", "vap": "156", "pvap": "   2,62", "e": "N", "st": "N\u00e3o eleito"}, {"seq": "64", "n": "40123", "vap": "23", "pvap": "   0,39", "e": "N", "st": "N\u00e3o eleito"}, {"seq": "67", "n": "40234", "vap": "11", "pvap": "   0,18", "e": "N", "st": "N\u00e3o eleito"}, {"seq": "71", "n": "40992", "vap": "0", "pvap": "00.00", "e": "N", "st": "N\u00e3o eleito"}, {"seq": "63", "n": "40222", "vap": "34", "pvap": "   0,57", "e": "N", "st": "N\u00e3o eleito"}, {"seq": "65", "n": "40500", "vap": "19", "pvap": "   0,32", "e": "N", "st": "N\u00e3o eleito"}, {"seq": "53", "n": "43666", "vap": "13", "pvap": "   0,22", "e": "N", "st": "Suplente"}, {"seq": "37", "n": "43999", "vap": "50", "pvap": "   0,84", "e": "N", "st": "Suplente"}, {"seq": "39", "n": "43615", "vap": "47", "pvap": "   0,79", "e": "N", "st": "Suplente"}, {"seq": "57", "n": "43333", "vap": "8", "pvap": "   0,13", "e": "N", "st": "Suplente"}, {"seq": "9", "n": "43000", "vap": "70", "pvap": "   1,18", "e": "S", "st": "Eleito"}, {"seq": "29", "n": "43777", "vap": "66", "pvap": "   1,11", "e": "N", "st": "Suplente"}, {"seq": "44", "n": "43222", "vap": "33", "pvap": "   0,55", "e": "N", "st": "Suplente"}, {"seq": "51", "n": "43111", "vap": "19", "pvap": "   0,32", "e": "N", "st": "Suplente"}, {"seq": "31", "n": "43123", "vap": "65", "pvap": "   1,09", "e": "N", "st": "Suplente"}, {"seq": "32", "n": "43210", "vap": "55", "pvap": "   0,92", "e": "N", "st": "Suplente"}, {"seq": "34", "n": "45712", "vap": "53", "pvap": "   0,89", "e": "N", "st": "Suplente"}, {"seq": "2", "n": "45688", "vap": "292", "pvap": "   4,91", "e": "S", "st": "Eleito"}, {"seq": "30", "n": "45000", "vap": "66", "pvap": "   1,11", "e": "N", "st": "Suplente"}, {"seq": "41", "n": "45111", "vap": "39", "pvap": "   0,66", "e": "N", "st": "Suplente"}, {"seq": "22", "n": "45017", "vap": "93", "pvap": "   1,56", "e": "N", "st": "Suplente"}, {"seq": "4", "n": "45123", "vap": "250", "pvap": "   4,20", "e": "S", "st": "Eleito"}, {"seq": "18", "n": "45222", "vap": "122", "pvap": "   2,05", "e": "N", "st": "Suplente"}, {"seq": "48", "n": "45999", "vap": "22", "pvap": "   0,37", "e": "N", "st": "Suplente"}, {"seq": "20", "n": "45456", "vap": "94", "pvap": "   1,58", "e": "N", "st": "Suplente"}, {"seq": "47", "n": "45555", "vap": "24", "pvap": "   0,40", "e": "N", "st": "Suplente"}, {"seq": "3", "n": "45678", "vap": "262", "pvap": "   4,40", "e": "S", "st": "Eleito"}, {"seq": "10", "n": "45520", "vap": "180", "pvap": "   3,02", "e": "N", "st": "Suplente"}, {"seq": "12", "n": "45611", "vap": "146", "pvap": "   2,45", "e": "N", "st": "Suplente"}, {"seq": "14", "n": "10190", "vap": "134", "pvap": "   2,25", "e": "N", "st": "Suplente"}, {"seq": "42", "n": "10120", "vap": "34", "pvap": "   0,57", "e": "N", "st": "Suplente"}, {"seq": "50", "n": "10123", "vap": "20", "pvap": "   0,34", "e": "N", "st": "Suplente"}, {"seq": "23", "n": "10033", "vap": "90", "pvap": "   1,51", "e": "N", "st": "Suplente"}, {"seq": "52", "n": "10176", "vap": "15", "pvap": "   0,25", "e": "N", "st": "Suplente"}, {"seq": "49", "n": "10007", "vap": "21", "pvap": "   0,35", "e": "N", "st": "Suplente"}, {"seq": "46", "n": "10165", "vap": "24", "pvap": "   0,40", "e": "N", "st": "Suplente"}, {"seq": "36", "n": "10100", "vap": "52", "pvap": "   0,87", "e": "N", "st": "Suplente"}, {"seq": "6", "n": "10000", "vap": "222", "pvap": "   3,73", "e": "S", "st": "Eleito"}, {"seq": "33", "n": "10555", "vap": "55", "pvap": "   0,92", "e": "N", "st": "Suplente"}]}, {"dt": "15/11/2020", "ht": "23:10:46", "tf": "S", "and": "F", "tpabr": "ZONA", "cdabr": "18", "s": "25", "st": "25", "snt": "0", "si": "25", "sni": "0", "sa": "25", "sna": "0", "pst": " 100,00", "psnt": "   0,00", "psi": " 100,00", "psni": "   0,00", "psa": " 100,00", "psna": "   0,00", "e": "8718", "ea": "8718", "ena": "0", "esi": "8718", "esni": "0", "a": "2323", "c": "6395", "pea": " 100,00", "pena": "   0,00", "pesi": " 100,00", "pesni": "   0,00", "pa": "  26,65", "pc": "  73,35", "vnom": "5637", "vscv": "0", "vl": "315", "tv": "6395", "vvc": "5952", "vb": "163", "tvn": "280", "vn": "280", "vnt": "0", "vp": "0", "vv": "5952", "van": "0", "vansj": "0", "pvnom": "  94,71", "pvl": "   5,29", "pvvc": "  93,07", "pvb": "   2,55", "ptvn": "   4,38", "pvn": " 100,00", "pvnt": "   0,00", "pvp": "   0,00", "pvv": " 100,00", "pvan": "   0,00", "pvansj": "   0,00", "cand": [{"seq": "9", "n": "43000", "vap": "70", "pvap": "   1,18", "e": "S", "st": "Eleito"}, {"seq": "29", "n": "43777", "vap": "66", "pvap": "   1,11", "e": "N", "st": "Suplente"}, {"seq": "57", "n": "43333", "vap": "8", "pvap": "   0,13", "e": "N", "st": "Suplente"}, {"seq": "37", "n": "43999", "vap": "50", "pvap": "   0,84", "e": "N", "st": "Suplente"}, {"seq": "39", "n": "43615", "vap": "47", "pvap": "   0,79", "e": "N", "st": "Suplente"}, {"seq": "31", "n": "43123", "vap": "65", "pvap": "   1,09", "e": "N", "st": "Suplente"}, {"seq": "32", "n": "43210", "vap": "55", "pvap": "   0,92", "e": "N", "st": "Suplente"}, {"seq": "51", "n": "43111", "vap": "19", "pvap": "   0,32", "e": "N", "st": "Suplente"}, {"seq": "53", "n": "43666", "vap": "13", "pvap": "   0,22", "e": "N", "st": "Suplente"}, {"seq": "44", "n": "43222", "vap": "33", "pvap": "   0,55", "e": "N", "st": "Suplente"}, {"seq": "59", "n": "40000", "vap": "156", "pvap": "   2,62", "e": "N", "st": "N\u00e3o eleito"}, {"seq": "71", "n": "40992", "vap": "0", "pvap": "00.00", "e": "N", "st": "N\u00e3o eleito"}, {"seq": "65", "n": "40500", "vap": "19", "pvap": "   0,32", "e": "N", "st": "N\u00e3o eleito"}, {"seq": "64", "n": "40123", "vap": "23", "pvap": "   0,39", "e": "N", "st": "N\u00e3o eleito"}, {"seq": "67", "n": "40234", "vap": "11", "pvap": "   0,18", "e": "N", "st": "N\u00e3o eleito"}, {"seq": "60", "n": "40190", "vap": "92", "pvap": "   1,55", "e": "N", "st": "N\u00e3o eleito"}, {"seq": "63", "n": "40222", "vap": "34", "pvap": "   0,57", "e": "N", "st": "N\u00e3o eleito"}, {"seq": "62", "n": "40111", "vap": "40", "pvap": "   0,67", "e": "N", "st": "N\u00e3o eleito"}, {"seq": "70", "n": "40666", "vap": "8", "pvap": "   0,13", "e": "N", "st": "N\u00e3o eleito"}, {"seq": "66", "n": "40357", "vap": "13", "pvap": "   0,22", "e": "N", "st": "N\u00e3o eleito"}, {"seq": "40", "n": "55123", "vap": "44", "pvap": "   0,74", "e": "N", "st": "Suplente"}, {"seq": "15", "n": "55555", "vap": "133", "pvap": "   2,23", "e": "N", "st": "Suplente"}, {"seq": "16", "n": "55012", "vap": "132", "pvap": "   2,22", "e": "N", "st": "Suplente"}, {"seq": "7", "n": "55777", "vap": "216", "pvap": "   3,63", "e": "S", "st": "Eleito"}, {"seq": "38", "n": "55055", "vap": "48", "pvap": "   0,81", "e": "N", "st": "Suplente"}, {"seq": "58", "n": "55100", "vap": "7", "pvap": "   0,12", "e": "N", "st": "Suplente"}, {"seq": "45", "n": "55192", "vap": "29", "pvap": "   0,49", "e": "N", "st": "Suplente"}, {"seq": "28", "n": "55567", "vap": "68", "pvap": "   1,14", "e": "N", "st": "Suplente"}, {"seq": "24", "n": "55111", "vap": "82", "pvap": "   1,38", "e": "N", "st": "Suplente"}, {"seq": "5", "n": "55678", "vap": "231", "pvap": "   3,88", "e": "S", "st": "Eleito"}, {"seq": "19", "n": "55333", "vap": "109", "pvap": "   1,83", "e": "N", "st": "Suplente"}, {"seq": "42", "n": "10120", "vap": "34", "pvap": "   0,57", "e": "N", "st": "Suplente"}, {"seq": "36", "n": "10100", "vap": "52", "pvap": "   0,87", "e": "N", "st": "Suplente"}, {"seq": "14", "n": "10190", "vap": "134", "pvap": "   2,25", "e": "N", "st": "Suplente"}, {"seq": "49", "n": "10007", "vap": "21", "pvap": "   0,35", "e": "N", "st": "Suplente"}, {"seq": "46", "n": "10165", "vap": "24", "pvap": "   0,40", "e": "N", "st": "Suplente"}, {"seq": "23", "n": "10033", "vap": "90", "pvap": "   1,51", "e": "N", "st": "Suplente"}, {"seq": "6", "n": "10000", "vap": "222", "pvap": "   3,73", "e": "S", "st": "Eleito"}, {"seq": "33", "n": "10555", "vap": "55", "pvap": "   0,92", "e": "N", "st": "Suplente"}, {"seq": "52", "n": "10176", "vap": "15", "pvap": "   0,25", "e": "N", "st": "Suplente"}, {"seq": "50", "n": "10123", "vap": "20", "pvap": "   0,34", "e": "N", "st": "Suplente"}, {"seq": "21", "n": "11333", "vap": "93", "pvap": "   1,56", "e": "N", "st": "Suplente"}, {"seq": "26", "n": "11125", "vap": "73", "pvap": "   1,23", "e": "N", "st": "Suplente"}, {"seq": "43", "n": "11651", "vap": "33", "pvap": "   0,55", "e": "N", "st": "Suplente"}, {"seq": "11", "n": "11222", "vap": "157", "pvap": "   2,64", "e": "N", "st": "Suplente"}, {"seq": "35", "n": "11655", "vap": "52", "pvap": "   0,87", "e": "N", "st": "Suplente"}, {"seq": "8", "n": "11618", "vap": "157", "pvap": "   2,64", "e": "S", "st": "Eleito"}, {"seq": "25", "n": "11234", "vap": "82", "pvap": "   1,38", "e": "N", "st": "Suplente"}, {"seq": "1", "n": "11123", "vap": "293", "pvap": "   4,92", "e": "S", "st": "Eleito"}, {"seq": "56", "n": "11620", "vap": "9", "pvap": "   0,15", "e": "N", "st": "Suplente"}, {"seq": "54", "n": "11243", "vap": "12", "pvap": "   0,20", "e": "N", "st": "Suplente"}, {"seq": "55", "n": "11000", "vap": "10", "pvap": "   0,17", "e": "N", "st": "Suplente"}, {"seq": "27", "n": "11640", "vap": "72", "pvap": "   1,21", "e": "N", "st": "Suplente"}, {"seq": "13", "n": "11610", "vap": "140", "pvap": "   2,35", "e": "N", "st": "Suplente"}, {"seq": "17", "n": "11111", "vap": "132", "pvap": "   2,22", "e": "N", "st": "Suplente"}, {"seq": "34", "n": "45712", "vap": "53", "pvap": "   0,89", "e": "N", "st": "Suplente"}, {"seq": "22", "n": "45017", "vap": "93", "pvap": "   1,56", "e": "N", "st": "Suplente"}, {"seq": "4", "n": "45123", "vap": "250", "pvap": "   4,20", "e": "S", "st": "Eleito"}, {"seq": "20", "n": "45456", "vap": "94", "pvap": "   1,58", "e": "N", "st": "Suplente"}, {"seq": "47", "n": "45555", "vap": "24", "pvap": "   0,40", "e": "N", "st": "Suplente"}, {"seq": "2", "n": "45688", "vap": "292", "pvap": "   4,91", "e": "S", "st": "Eleito"}, {"seq": "48", "n": "45999", "vap": "22", "pvap": "   0,37", "e": "N", "st": "Suplente"}, {"seq": "10", "n": "45520", "vap": "180", "pvap": "   3,02", "e": "N", "st": "Suplente"}, {"seq": "30", "n": "45000", "vap": "66", "pvap": "   1,11", "e": "N", "st": "Suplente"}, {"seq": "41", "n": "45111", "vap": "39", "pvap": "   0,66", "e": "N", "st": "Suplente"}, {"seq": "12", "n": "45611", "vap": "146", "pvap": "   2,45", "e": "N", "st": "Suplente"}, {"seq": "18", "n": "45222", "vap": "122", "pvap": "   2,05", "e": "N", "st": "Suplente"}, {"seq": "3", "n": "45678", "vap": "262", "pvap": "   4,40", "e": "S", "st": "Eleito"}, {"seq": "69", "n": "12222", "vap": "9", "pvap": "   0,15", "e": "N", "st": "N\u00e3o eleito"}, {"seq": "61", "n": "12333", "vap": "72", "pvap": "   1,21", "e": "N", "st": "N\u00e3o eleito"}, {"seq": "68", "n": "12000", "vap": "10", "pvap": "   0,17", "e": "N", "st": "N\u00e3o eleito"}]}]}