{"ele": "426", "carper": "13", "t": "1", "f": "O", "esae": "N", "mnae": " ", "dg": "15/11/2020", "hg": "23:44:37", "dv": "S", "nadf": "sp62839-c0013-e000426-002-f", "abr": [{"dt": "15/11/2020", "ht": "22:59:43", "tf": "S", "and": "F", "tpabr": "MU", "cdabr": "62839", "s": "11", "st": "11", "snt": "0", "si": "11", "sni": "0", "sa": "11", "sna": "0", "pst": " 100,00", "psnt": "   0,00", "psi": " 100,00", "psni": "   0,00", "psa": " 100,00", "psna": "   0,00", "e": "3966", "ea": "3966", "ena": "0", "esi": "3966", "esni": "0", "c": "3237", "a": "729", "pea": " 100,00", "pena": "   0,00", "pesi": " 100,00", "pesni": "   0,00", "pa": "  18,38", "pc": "  81,62", "vscv": "0", "vnom": "2936", "vl": "182", "tv": "3237", "vvc": "3118", "vb": "44", "tvn": "75", "vn": "75", "vnt": "0", "vp": "0", "vv": "3118", "van": "0", "vansj": "0", "pvnom": "  94,16", "pvl": "   5,84", "pvvc": "  96,32", "pvb": "   1,36", "ptvn": "   2,32", "pvn": " 100,00", "pvnt": "   0,00", "pvp": "   0,00", "pvv": " 100,00", "pvan": "   0,00", "pvansj": "   0,00", "colig": [{"n": "250000126226", "tvtn": "730", "tvan": "730", "vag": "2", "tvtl": "7", "tval": "7"}, {"n": "250000132525", "tvtn": "1095", "tvan": "1095", "vag": "4", "tvtl": "120", "tval": "120"}, {"n": "250000125529", "tvtn": "478", "tvan": "478", "vag": "1", "tvtl": "11", "tval": "11"}, {"n": "250000112440", "tvtn": "633", "tvan": "633", "vag": "2", "tvtl": "44", "tval": "44"}], "part": [{"n": "25", "tvtn": "730", "tvan": "730", "tvtl": "7", "tval": "7"}, {"n": "14", "tvtn": "1095", "tvan": "1095", "tvtl": "120", "tval": "120"}, {"n": "13", "tvtn": "478", "tvan": "478", "tvtl": "11", "tval": "11"}, {"n": "45", "tvtn": "633", "tvan": "633", "tvtl": "44", "tval": "44"}], "cand": [{"seq": "6", "n": "25678", "vap": "153", "pvap": "   4,91", "e": "S", "st": "Eleito"}, {"seq": "2", "n": "25630", "vap": "237", "pvap": "   7,60", "e": "S", "st": "Eleito"}, {"seq": "47", "n": "25000", "vap": "1", "pvap": "   0,03", "e": "N", "st": "Suplente"}, {"seq": "24", "n": "25625", "vap": "35", "pvap": "   1,12", "e": "N", "st": "Suplente"}, {"seq": "42", "n": "25140", "vap": "4", "pvap": "   0,13", "e": "N", "st": "Suplente"}, {"seq": "38", "n": "25100", "vap": "6", "pvap": "   0,19", "e": "N", "st": "Suplente"}, {"seq": "31", "n": "25500", "vap": "25", "pvap": "   0,80", "e": "N", "st": "Suplente"}, {"seq": "13", "n": "25777", "vap": "82", "pvap": "   2,63", "e": "N", "st": "Suplente"}, {"seq": "37", "n": "25555", "vap": "8", "pvap": "   0,26", "e": "N", "st": "Suplente"}, {"seq": "34", "n": "25222", "vap": "18", "pvap": "   0,58", "e": "N", "st": "Suplente"}, {"seq": "15", "n": "25800", "vap": "66", "pvap": "   2,12", "e": "N", "st": "Suplente"}, {"seq": "11", "n": "25123", "vap": "95", "pvap": "   3,05", "e": "N", "st": "Suplente"}, {"seq": "7", "n": "14014", "vap": "152", "pvap": "   4,87", "e": "S", "st": "Eleito"}, {"seq": "8", "n": "14111", "vap": "134", "pvap": "   4,30", "e": "S", "st": "Eleito"}, {"seq": "44", "n": "14600", "vap": "2", "pvap": "   0,06", "e": "N", "st": "Suplente"}, {"seq": "43", "n": "14567", "vap": "4", "pvap": "   0,13", "e": "N", "st": "Suplente"}, {"seq": "25", "n": "14000", "vap": "35", "pvap": "   1,12", "e": "N", "st": "Suplente"}, {"seq": "26", "n": "14123", "vap": "34", "pvap": "   1,09", "e": "N", "st": "Suplente"}, {"seq": "28", "n": "14444", "vap": "33", "pvap": "   1,06", "e": "N", "st": "Suplente"}, {"seq": "1", "n": "14500", "vap": "341", "pvap": "  10,94", "e": "S", "st": "Eleito"}, {"seq": "19", "n": "14151", "vap": "52", "pvap": "   1,67", "e": "N", "st": "Suplente"}, {"seq": "50", "n": "14900", "vap": "0", "pvap": "00.00", "e": "N", "st": "Suplente"}, {"seq": "30", "n": "14333", "vap": "26", "pvap": "   0,83", "e": "N", "st": "Suplente"}, {"seq": "18", "n": "14555", "vap": "52", "pvap": "   1,67", "e": "N", "st": "Suplente"}, {"seq": "29", "n": "14100", "vap": "31", "pvap": "   0,99", "e": "N", "st": "Suplente"}, {"seq": "3", "n": "14630", "vap": "199", "pvap": "   6,38", "e": "S", "st": "Eleito"}, {"seq": "22", "n": "13051", "vap": "37", "pvap": "   1,19", "e": "N", "st": "Suplente"}, {"seq": "46", "n": "13011", "vap": "1", "pvap": "   0,03", "e": "N", "st": "Suplente"}, {"seq": "10", "n": "13500", "vap": "101", "pvap": "   3,24", "e": "N", "st": "Suplente"}, {"seq": "40", "n": "13000", "vap": "5", "pvap": "   0,16", "e": "N", "st": "Suplente"}, {"seq": "5", "n": "13123", "vap": "156", "pvap": "   5,00", "e": "S", "st": "Eleito"}, {"seq": "16", "n": "13111", "vap": "64", "pvap": "   2,05", "e": "N", "st": "Suplente"}, {"seq": "49", "n": "13013", "vap": "0", "pvap": "00.00", "e": "N", "st": "Suplente"}, {"seq": "21", "n": "13450", "vap": "39", "pvap": "   1,25", "e": "N", "st": "Suplente"}, {"seq": "23", "n": "13888", "vap": "36", "pvap": "   1,15", "e": "N", "st": "Suplente"}, {"seq": "36", "n": "13203", "vap": "14", "pvap": "   0,45", "e": "N", "st": "Suplente"}, {"seq": "39", "n": "13222", "vap": "5", "pvap": "   0,16", "e": "N", "st": "Suplente"}, {"seq": "33", "n": "13122", "vap": "20", "pvap": "   0,64", "e": "N", "st": "Suplente"}, {"seq": "20", "n": "45100", "vap": "49", "pvap": "   1,57", "e": "N", "st": "Suplente"}, {"seq": "41", "n": "45222", "vap": "4", "pvap": "   0,13", "e": "N", "st": "Suplente"}, {"seq": "48", "n": "45600", "vap": "0", "pvap": "00.00", "e": "N", "st": "Suplente"}, {"seq": "9", "n": "45777", "vap": "121", "pvap": "   3,88", "e": "S", "st": "Eleito"}, {"seq": "32", "n": "45125", "vap": "22", "pvap": "   0,71", "e": "N", "st": "Suplente"}, {"seq": "14", "n": "45123", "vap": "73", "pvap": "   2,34", "e": "N", "st": "Suplente"}, {"seq": "27", "n": "45500", "vap": "34", "pvap": "   1,09", "e": "N", "st": "Suplente"}, {"seq": "45", "n": "45002", "vap": "2", "pvap": "   0,06", "e": "N", "st": "Suplente"}, {"seq": "12", "n": "45678", "vap": "85", "pvap": "   2,73", "e": "N", "st": "Suplente"}, {"seq": "4", "n": "45555", "vap": "170", "pvap": "   5,45", "e": "S", "st": "Eleito"}, {"seq": "35", "n": "45115", "vap": "14", "pvap": "   0,45", "e": "N", "st": "Suplente"}, {"seq": "17", "n": "45045", "vap": "59", "pvap": "   1,89", "e": "N", "st": "Suplente"}]}, {"dt": "15/11/2020", "ht": "22:59:43", "tf": "S", "and": "F", "tpabr": "ZONA", "cdabr": "102", "s": "11", "st": "11", "snt": "0", "si": "11", "sni": "0", "sa": "11", "sna": "0", "pst": " 100,00", "psnt": "   0,00", "psi": " 100,00", "psni": "   0,00", "psa": " 100,00", "psna": "   0,00", "e": "3966", "ea": "3966", "ena": "0", "esi": "3966", "esni": "0", "a": "729", "c": "3237", "pea": " 100,00", "pena": "   0,00", "pesi": " 100,00", "pesni": "   0,00", "pa": "  18,38", "pc": "  81,62", "vnom": "2936", "vscv": "0", "vl": "182", "tv": "3237", "vvc": "3118", "vb": "44", "tvn": "75", "vn": "75", "vnt": "0", "vp": "0", "vv": "3118", "van": "0", "vansj": "0", "pvnom": "  94,16", "pvl": "   5,84", "pvvc": "  96,32", "pvb": "   1,36", "ptvn": "   2,32", "pvn": " 100,00", "pvnt": "   0,00", "pvp": "   0,00", "pvv": " 100,00", "pvan": "   0,00", "pvansj": "   0,00", "cand": [{"seq": "13", "n": "25777", "vap": "82", "pvap": "   2,63", "e": "N", "st": "Suplente"}, {"seq": "37", "n": "25555", "vap": "8", "pvap": "   0,26", "e": "N", "st": "Suplente"}, {"seq": "47", "n": "25000", "vap": "1", "pvap": "   0,03", "e": "N", "st": "Suplente"}, {"seq": "38", "n": "25100", "vap": "6", "pvap": "   0,19", "e": "N", "st": "Suplente"}, {"seq": "31", "n": "25500", "vap": "25", "pvap": "   0,80", "e": "N", "st": "Suplente"}, {"seq": "11", "n": "25123", "vap": "95", "pvap": "   3,05", "e": "N", "st": "Suplente"}, {"seq": "6", "n": "25678", "vap": "153", "pvap": "   4,91", "e": "S", "st": "Eleito"}, {"seq": "2", "n": "25630", "vap": "237", "pvap": "   7,60", "e": "S", "st": "Eleito"}, {"seq": "24", "n": "25625", "vap": "35", "pvap": "   1,12", "e": "N", "st": "Suplente"}, {"seq": "34", "n": "25222", "vap": "18", "pvap": "   0,58", "e": "N", "st": "Suplente"}, {"seq": "15", "n": "25800", "vap": "66", "pvap": "   2,12", "e": "N", "st": "Suplente"}, {"seq": "42", "n": "25140", "vap": "4", "pvap": "   0,13", "e": "N", "st": "Suplente"}, {"seq": "36", "n": "13203", "vap": "14", "pvap": "   0,45", "e": "N", "st": "Suplente"}, {"seq": "22", "n": "13051", "vap": "37", "pvap": "   1,19", "e": "N", "st": "Suplente"}, {"seq": "39", "n": "13222", "vap": "5", "pvap": "   0,16", "e": "N", "st": "Suplente"}, {"seq": "10", "n": "13500", "vap": "101", "pvap": "   3,24", "e": "N", "st": "Suplente"}, {"seq": "49", "n": "13013", "vap": "0", "pvap": "00.00", "e": "N", "st": "Suplente"}, {"seq": "33", "n": "13122", "vap": "20", "pvap": "   0,64", "e": "N", "st": "Suplente"}, {"seq": "16", "n": "13111", "vap": "64", "pvap": "   2,05", "e": "N", "st": "Suplente"}, {"seq": "21", "n": "13450", "vap": "39", "pvap": "   1,25", "e": "N", "st": "Suplente"}, {"seq": "5", "n": "13123", "vap": "156", "pvap": "   5,00", "e": "S", "st": "Eleito"}, {"seq": "40", "n": "13000", "vap": "5", "pvap": "   0,16", "e": "N", "st": "Suplente"}, {"seq": "23", "n": "13888", "vap": "36", "pvap": "   1,15", "e": "N", "st": "Suplente"}, {"seq": "46", "n": "13011", "vap": "1", "pvap": "   0,03", "e": "N", "st": "Suplente"}, {"seq": "19", "n": "14151", "vap": "52", "pvap": "   1,67", "e": "N", "st": "Suplente"}, {"seq": "44", "n": "14600", "vap": "2", "pvap": "   0,06", "e": "N", "st": "Suplente"}, {"seq": "28", "n": "14444", "vap": "33", "pvap": "   1,06", "e": "N", "st": "Suplente"}, {"seq": "30", "n": "14333", "vap": "26", "pvap": "   0,83", "e": "N", "st": "Suplente"}, {"seq": "1", "n": "14500", "vap": "341", "pvap": "  10,94", "e": "S", "st": "Eleito"}, {"seq": "29", "n": "14100", "vap": "31", "pvap": "   0,99", "e": "N", "st": "Suplente"}, {"seq": "7", "n": "14014", "vap": "152", "pvap": "   4,87", "e": "S", "st": "Eleito"}, {"seq": "3", "n": "14630", "vap": "199", "pvap": "   6,38", "e": "S", "st": "Eleito"}, {"seq": "26", "n": "14123", "vap": "34", "pvap": "   1,09", "e": "N", "st": "Suplente"}, {"seq": "8", "n": "14111", "vap": "134", "pvap": "   4,30", "e": "S", "st": "Eleito"}, {"seq": "25", "n": "14000", "vap": "35", "pvap": "   1,12", "e": "N", "st": "Suplente"}, {"seq": "18", "n": "14555", "vap": "52", "pvap": "   1,67", "e": "N", "st": "Suplente"}, {"seq": "50", "n": "14900", "vap": "0", "pvap": "00.00", "e": "N", "st": "Suplente"}, {"seq": "43", "n": "14567", "vap": "4", "pvap": "   0,13", "e": "N", "st": "Suplente"}, {"seq": "41", "n": "45222", "vap": "4", "pvap": "   0,13", "e": "N", "st": "Suplente"}, {"seq": "45", "n": "45002", "vap": "2", "pvap": "   0,06", "e": "N", "st": "Suplente"}, {"seq": "12", "n": "45678", "vap": "85", "pvap": "   2,73", "e": "N", "st": "Suplente"}, {"seq": "14", "n": "45123", "vap": "73", "pvap": "   2,34", "e": "N", "st": "Suplente"}, {"seq": "35", "n": "45115", "vap": "14", "pvap": "   0,45", "e": "N", "st": "Suplente"}, {"seq": "20", "n": "45100", "vap": "49", "pvap": "   1,57", "e": "N", "st": "Suplente"}, {"seq": "32", "n": "45125", "vap": "22", "pvap": "   0,71", "e": "N", "st": "Suplente"}, {"seq": "17", "n": "45045", "vap": "59", "pvap": "   1,89", "e": "N", "st": "Suplente"}, {"seq": "27", "n": "45500", "vap": "34", "pvap": "   1,09", "e": "N", "st": "Suplente"}, {"seq": "4", "n": "45555", "vap": "170", "pvap": "   5,45", "e": "S", "st": "Eleito"}, {"seq": "48", "n": "45600", "vap": "0", "pvap": "00.00", "e": "N", "st": "Suplente"}, {"seq": "9", "n": "45777", "vap": "121", "pvap": "   3,88", "e": "S", "st": "Eleito"}]}]}