{"ele": "426", "carper": "13", "t": "1", "f": "O", "esae": "N", "mnae": " ", "dg": "16/11/2020", "hg": "00:29:43", "dv": "S", "nadf": "sp62340-c0013-e000426-001-f", "abr": [{"dt": "16/11/2020", "ht": "00:22:27", "tf": "S", "and": "F", "tpabr": "MU", "cdabr": "62340", "s": "6", "st": "6", "snt": "0", "si": "6", "sni": "0", "sa": "6", "sna": "0", "pst": " 100,00", "psnt": "   0,00", "psi": " 100,00", "psni": "   0,00", "psa": " 100,00", "psna": "   0,00", "e": "2332", "ea": "2332", "ena": "0", "esi": "2332", "esni": "0", "c": "1975", "a": "357", "pea": " 100,00", "pena": "   0,00", "pesi": " 100,00", "pesni": "   0,00", "pa": "  15,31", "pc": "  84,69", "vscv": "0", "vnom": "1781", "vl": "108", "tv": "1975", "vvc": "1932", "vb": "13", "tvn": "30", "vn": "30", "vnt": "0", "vp": "0", "vv": "1889", "van": "0", "vansj": "43", "pvnom": "  94,28", "pvl": "   5,72", "pvvc": "  97,82", "pvb": "   0,66", "ptvn": "   1,52", "pvn": " 100,00", "pvnt": "   0,00", "pvp": "   0,00", "pvv": "  97,77", "pvan": "   0,00", "pvansj": "   2,23", "colig": [{"n": "250000123905", "tvtn": "488", "tvan": "488", "vag": "3", "tvtl": "37", "tval": "37"}, {"n": "250000133342", "tvtn": "26", "tvan": "26", "vag": "0", "tvtl": "2", "tval": "2"}, {"n": "250000123851", "tvtn": "179", "tvan": "179", "vag": "1", "tvtl": "1", "tval": "1"}, {"n": "250000059160", "tvtn": "331", "tvan": "331", "vag": "1", "tvtl": "4", "tval": "4"}, {"n": "250000117638", "tvtn": "594", "tvan": "594", "vag": "3", "tvtl": "35", "tval": "35"}, {"n": "250000059290", "tvtn": "163", "tvan": "206", "vag": "1", "tvtl": "29", "tval": "29"}], "part": [{"n": "25", "tvtn": "488", "tvan": "488", "tvtl": "37", "tval": "37"}, {"n": "15", "tvtn": "26", "tvan": "26", "tvtl": "2", "tval": "2"}, {"n": "11", "tvtn": "179", "tvan": "179", "tvtl": "1", "tval": "1"}, {"n": "14", "tvtn": "331", "tvan": "331", "tvtl": "4", "tval": "4"}, {"n": "45", "tvtn": "594", "tvan": "594", "tvtl": "35", "tval": "35"}, {"n": "13", "tvtn": "163", "tvan": "206", "tvtl": "29", "tval": "29"}], "cand": [{"seq": "35", "n": "25123", "vap": "7", "pvap": "   0,36", "e": "N", "st": "Suplente"}, {"seq": "9", "n": "25777", "vap": "47", "pvap": "   2,43", "e": "S", "st": "Eleito"}, {"seq": "23", "n": "25333", "vap": "31", "pvap": "   1,60", "e": "N", "st": "Suplente"}, {"seq": "1", "n": "25666", "vap": "160", "pvap": "   8,28", "e": "S", "st": "Eleito"}, {"seq": "17", "n": "25620", "vap": "43", "pvap": "   2,23", "e": "N", "st": "Suplente"}, {"seq": "30", "n": "25125", "vap": "18", "pvap": "   0,93", "e": "N", "st": "Suplente"}, {"seq": "34", "n": "25611", "vap": "8", "pvap": "   0,41", "e": "N", "st": "Suplente"}, {"seq": "19", "n": "25555", "vap": "39", "pvap": "   2,02", "e": "N", "st": "Suplente"}, {"seq": "2", "n": "25625", "vap": "135", "pvap": "   6,99", "e": "S", "st": "Eleito"}, {"seq": "43", "n": "15744", "vap": "11", "pvap": "   0,57", "e": "N", "st": "N\u00e3o eleito"}, {"seq": "42", "n": "15720", "vap": "15", "pvap": "   0,78", "e": "N", "st": "N\u00e3o eleito"}, {"seq": "12", "n": "11115", "vap": "67", "pvap": "   3,47", "e": "N", "st": "Suplente"}, {"seq": "4", "n": "11111", "vap": "94", "pvap": "   4,87", "e": "S", "st": "Eleito"}, {"seq": "29", "n": "11110", "vap": "18", "pvap": "   0,93", "e": "N", "st": "Suplente"}, {"seq": "11", "n": "14678", "vap": "67", "pvap": "   3,47", "e": "N", "st": "Suplente"}, {"seq": "18", "n": "14618", "vap": "39", "pvap": "   2,02", "e": "N", "st": "Suplente"}, {"seq": "22", "n": "14669", "vap": "32", "pvap": "   1,66", "e": "N", "st": "Suplente"}, {"seq": "15", "n": "14614", "vap": "53", "pvap": "   2,74", "e": "N", "st": "Suplente"}, {"seq": "37", "n": "14123", "vap": "6", "pvap": "   0,31", "e": "N", "st": "Suplente"}, {"seq": "21", "n": "14688", "vap": "34", "pvap": "   1,76", "e": "N", "st": "Suplente"}, {"seq": "26", "n": "14612", "vap": "23", "pvap": "   1,19", "e": "N", "st": "Suplente"}, {"seq": "7", "n": "14680", "vap": "72", "pvap": "   3,73", "e": "S", "st": "Eleito"}, {"seq": "38", "n": "14611", "vap": "5", "pvap": "   0,26", "e": "N", "st": "Suplente"}, {"seq": "6", "n": "45678", "vap": "79", "pvap": "   4,09", "e": "S", "st": "Eleito"}, {"seq": "40", "n": "45680", "vap": "0", "pvap": "00.00", "e": "N", "st": "Suplente"}, {"seq": "16", "n": "45650", "vap": "47", "pvap": "   2,43", "e": "N", "st": "Suplente"}, {"seq": "33", "n": "45615", "vap": "9", "pvap": "   0,47", "e": "N", "st": "Suplente"}, {"seq": "32", "n": "45670", "vap": "9", "pvap": "   0,47", "e": "N", "st": "Suplente"}, {"seq": "28", "n": "45612", "vap": "19", "pvap": "   0,98", "e": "N", "st": "Suplente"}, {"seq": "14", "n": "45622", "vap": "60", "pvap": "   3,11", "e": "N", "st": "Suplente"}, {"seq": "13", "n": "45610", "vap": "61", "pvap": "   3,16", "e": "N", "st": "Suplente"}, {"seq": "39", "n": "45630", "vap": "1", "pvap": "   0,05", "e": "N", "st": "Suplente"}, {"seq": "10", "n": "45645", "vap": "73", "pvap": "   3,78", "e": "N", "st": "Suplente"}, {"seq": "5", "n": "45651", "vap": "80", "pvap": "   4,14", "e": "S", "st": "Eleito"}, {"seq": "20", "n": "45625", "vap": "35", "pvap": "   1,81", "e": "N", "st": "Suplente"}, {"seq": "3", "n": "45606", "vap": "121", "pvap": "   6,26", "e": "S", "st": "Eleito"}, {"seq": "41", "n": "13503", "vap": "43", "pvap": "   2,23", "e": "N", "st": "N\u00e3o eleito"}, {"seq": "24", "n": "13589", "vap": "27", "pvap": "   1,40", "e": "N", "st": "Suplente"}, {"seq": "36", "n": "13522", "vap": "7", "pvap": "   0,36", "e": "N", "st": "Suplente"}, {"seq": "8", "n": "13513", "vap": "69", "pvap": "   3,57", "e": "S", "st": "Eleito"}, {"seq": "25", "n": "13507", "vap": "27", "pvap": "   1,40", "e": "N", "st": "Suplente"}, {"seq": "27", "n": "13533", "vap": "21", "pvap": "   1,09", "e": "N", "st": "Suplente"}, {"seq": "31", "n": "13599", "vap": "12", "pvap": "   0,62", "e": "N", "st": "Suplente"}]}, {"dt": "16/11/2020", "ht": "00:22:27", "tf": "S", "and": "F", "tpabr": "ZONA", "cdabr": "106", "s": "6", "st": "6", "snt": "0", "si": "6", "sni": "0", "sa": "6", "sna": "0", "pst": " 100,00", "psnt": "   0,00", "psi": " 100,00", "psni": "   0,00", "psa": " 100,00", "psna": "   0,00", "e": "2332", "ea": "2332", "ena": "0", "esi": "2332", "esni": "0", "a": "357", "c": "1975", "pea": " 100,00", "pena": "   0,00", "pesi": " 100,00", "pesni": "   0,00", "pa": "  15,31", "pc": "  84,69", "vnom": "1781", "vscv": "0", "vl": "108", "tv": "1975", "vvc": "1932", "vb": "13", "tvn": "30", "vn": "30", "vnt": "0", "vp": "0", "vv": "1889", "van": "0", "vansj": "43", "pvnom": "  94,28", "pvl": "   5,72", "pvvc": "  97,82", "pvb": "   0,66", "ptvn": "   1,52", "pvn": " 100,00", "pvnt": "   0,00", "pvp": "   0,00", "pvv": "  97,77", "pvan": "   0,00", "pvansj": "   2,23", "cand": [{"seq": "8", "n": "13513", "vap": "69", "pvap": "   3,57", "e": "S", "st": "Eleito"}, {"seq": "24", "n": "13589", "vap": "27", "pvap": "   1,40", "e": "N", "st": "Suplente"}, {"seq": "25", "n": "13507", "vap": "27", "pvap": "   1,40", "e": "N", "st": "Suplente"}, {"seq": "27", "n": "13533", "vap": "21", "pvap": "   1,09", "e": "N", "st": "Suplente"}, {"seq": "31", "n": "13599", "vap": "12", "pvap": "   0,62", "e": "N", "st": "Suplente"}, {"seq": "36", "n": "13522", "vap": "7", "pvap": "   0,36", "e": "N", "st": "Suplente"}, {"seq": "41", "n": "13503", "vap": "43", "pvap": "   2,23", "e": "N", "st": "N\u00e3o eleito"}, {"seq": "7", "n": "14680", "vap": "72", "pvap": "   3,73", "e": "S", "st": "Eleito"}, {"seq": "11", "n": "14678", "vap": "67", "pvap": "   3,47", "e": "N", "st": "Suplente"}, {"seq": "15", "n": "14614", "vap": "53", "pvap": "   2,74", "e": "N", "st": "Suplente"}, {"seq": "18", "n": "14618", "vap": "39", "pvap": "   2,02", "e": "N", "st": "Suplente"}, {"seq": "21", "n": "14688", "vap": "34", "pvap": "   1,76", "e": "N", "st": "Suplente"}, {"seq": "22", "n": "14669", "vap": "32", "pvap": "   1,66", "e": "N", "st": "Suplente"}, {"seq": "26", "n": "14612", "vap": "23", "pvap": "   1,19", "e": "N", "st": "Suplente"}, {"seq": "37", "n": "14123", "vap": "6", "pvap": "   0,31", "e": "N", "st": "Suplente"}, {"seq": "38", "n": "14611", "vap": "5", "pvap": "   0,26", "e": "N", "st": "Suplente"}, {"seq": "1", "n": "25666", "vap": "160", "pvap": "   8,28", "e": "S", "st": "Eleito"}, {"seq": "2", "n": "25625", "vap": "135", "pvap": "   6,99", "e": "S", "st": "Eleito"}, {"seq": "9", "n": "25777", "vap": "47", "pvap": "   2,43", "e": "S", "st": "Eleito"}, {"seq": "17", "n": "25620", "vap": "43", "pvap": "   2,23", "e": "N", "st": "Suplente"}, {"seq": "19", "n": "25555", "vap": "39", "pvap": "   2,02", "e": "N", "st": "Suplente"}, {"seq": "23", "n": "25333", "vap": "31", "pvap": "   1,60", "e": "N", "st": "Suplente"}, {"seq": "30", "n": "25125", "vap": "18", "pvap": "   0,93", "e": "N", "st": "Suplente"}, {"seq": "34", "n": "25611", "vap": "8", "pvap": "   0,41", "e": "N", "st": "Suplente"}, {"seq": "35", "n": "25123", "vap": "7", "pvap": "   0,36", "e": "N", "st": "Suplente"}, {"seq": "3", "n": "45606", "vap": "121", "pvap": "   6,26", "e": "S", "st": "Eleito"}, {"seq": "5", "n": "45651", "vap": "80", "pvap": "   4,14", "e": "S", "st": "Eleito"}, {"seq": "6", "n": "45678", "vap": "79", "pvap": "   4,09", "e": "S", "st": "Eleito"}, {"seq": "10", "n": "45645", "vap": "73", "pvap": "   3,78", "e": "N", "st": "Suplente"}, {"seq": "13", "n": "45610", "vap": "61", "pvap": "   3,16", "e": "N", "st": "Suplente"}, {"seq": "14", "n": "45622", "vap": "60", "pvap": "   3,11", "e": "N", "st": "Suplente"}, {"seq": "16", "n": "45650", "vap": "47", "pvap": "   2,43", "e": "N", "st": "Suplente"}, {"seq": "20", "n": "45625", "vap": "35", "pvap": "   1,81", "e": "N", "st": "Suplente"}, {"seq": "28", "n": "45612", "vap": "19", "pvap": "   0,98", "e": "N", "st": "Suplente"}, {"seq": "32", "n": "45670", "vap": "9", "pvap": "   0,47", "e": "N", "st": "Suplente"}, {"seq": "33", "n": "45615", "vap": "9", "pvap": "   0,47", "e": "N", "st": "Suplente"}, {"seq": "39", "n": "45630", "vap": "1", "pvap": "   0,05", "e": "N", "st": "Suplente"}, {"seq": "40", "n": "45680", "vap": "0", "pvap": "00.00", "e": "N", "st": "Suplente"}, {"seq": "42", "n": "15720", "vap": "15", "pvap": "   0,78", "e": "N", "st": "N\u00e3o eleito"}, {"seq": "43", "n": "15744", "vap": "11", "pvap": "   0,57", "e": "N", "st": "N\u00e3o eleito"}, {"seq": "4", "n": "11111", "vap": "94", "pvap": "   4,87", "e": "S", "st": "Eleito"}, {"seq": "12", "n": "11115", "vap": "67", "pvap": "   3,47", "e": "N", "st": "Suplente"}, {"seq": "29", "n": "11110", "vap": "18", "pvap": "   0,93", "e": "N", "st": "Suplente"}]}]}