{"ele": "426", "carper": "13", "t": "1", "f": "O", "esae": "N", "mnae": " ", "dg": "16/11/2020", "hg": "00:29:51", "dv": "S", "nadf": "sp64114-c0013-e000426-002-f", "abr": [{"dt": "15/11/2020", "ht": "23:43:33", "tf": "S", "and": "F", "tpabr": "MU", "cdabr": "64114", "s": "134", "st": "134", "snt": "0", "si": "134", "sni": "0", "sa": "134", "sna": "0", "pst": " 100,00", "psnt": "   0,00", "psi": " 100,00", "psni": "   0,00", "psa": " 100,00", "psna": "   0,00", "e": "53849", "ea": "53849", "ena": "0", "esi": "53849", "esni": "0", "c": "36279", "a": "17570", "pea": " 100,00", "pena": "   0,00", "pesi": " 100,00", "pesni": "   0,00", "pa": "  32,63", "pc": "  67,37", "vscv": "0", "vnom": "30897", "vl": "1500", "tv": "36279", "vvc": "32530", "vb": "1954", "tvn": "1795", "vn": "1795", "vnt": "0", "vp": "0", "vv": "32397", "van": "0", "vansj": "133", "pvnom": "  95,37", "pvl": "   4,63", "pvvc": "  89,67", "pvb": "   5,38", "ptvn": "   4,95", "pvn": " 100,00", "pvnt": "   0,00", "pvp": "   0,00", "pvv": "  99,59", "pvan": "   0,00", "pvansj": "   0,41", "colig": [{"n": "250000114174", "tvtn": "4346", "tvan": "4346", "vag": "2", "tvtl": "459", "tval": "459"}, {"n": "250000137732", "tvtn": "4100", "tvan": "4218", "vag": "2", "tvtl": "75", "tval": "75"}, {"n": "250000129220", "tvtn": "4878", "tvan": "4878", "vag": "2", "tvtl": "89", "tval": "89"}, {"n": "250000137333", "tvtn": "2644", "tvan": "2644", "vag": "1", "tvtl": "47", "tval": "47"}, {"n": "250000129381", "tvtn": "2742", "tvan": "2757", "vag": "1", "tvtl": "47", "tval": "47"}, {"n": "250000137453", "tvtn": "228", "tvan": "228", "vag": "0", "tvtl": "13", "tval": "13"}, {"n": "250000138448", "tvtn": "4549", "tvan": "4549", "vag": "3", "tvtl": "465", "tval": "465"}, {"n": "250000129315", "tvtn": "399", "tvan": "399", "vag": "0", "tvtl": "67", "tval": "67"}, {"n": "250000135452", "tvtn": "3072", "tvan": "3072", "vag": "1", "tvtl": "53", "tval": "53"}, {"n": "250000135868", "tvtn": "61", "tvan": "61", "vag": "0", "tvtl": "10", "tval": "10"}, {"n": "250000145223", "tvtn": "2453", "tvan": "2453", "vag": "1", "tvtl": "27", "tval": "27"}, {"n": "250000137579", "tvtn": "1425", "tvan": "1425", "vag": "0", "tvtl": "148", "tval": "148"}], "part": [{"n": "25", "tvtn": "4346", "tvan": "4346", "tvtl": "459", "tval": "459"}, {"n": "15", "tvtn": "4100", "tvan": "4218", "tvtl": "75", "tval": "75"}, {"n": "11", "tvtn": "4878", "tvan": "4878", "tvtl": "89", "tval": "89"}, {"n": "55", "tvtn": "2644", "tvan": "2644", "tvtl": "47", "tval": "47"}, {"n": "20", "tvtn": "2742", "tvan": "2757", "tvtl": "47", "tval": "47"}, {"n": "17", "tvtn": "228", "tvan": "228", "tvtl": "13", "tval": "13"}, {"n": "14", "tvtn": "4549", "tvan": "4549", "tvtl": "465", "tval": "465"}, {"n": "13", "tvtn": "399", "tvan": "399", "tvtl": "67", "tval": "67"}, {"n": "45", "tvtn": "3072", "tvan": "3072", "tvtl": "53", "tval": "53"}, {"n": "51", "tvtn": "61", "tvan": "61", "tvtl": "10", "tval": "10"}, {"n": "77", "tvtn": "2453", "tvan": "2453", "tvtl": "27", "tval": "27"}, {"n": "10", "tvtn": "1425", "tvan": "1425", "tvtl": "148", "tval": "148"}], "cand": [{"seq": "80", "n": "25555", "vap": "106", "pvap": "   0,33", "e": "N", "st": "Suplente"}, {"seq": "5", "n": "25678", "vap": "721", "pvap": "   2,22", "e": "S", "st": "Eleito"}, {"seq": "127", "n": "25999", "vap": "27", "pvap": "   0,08", "e": "N", "st": "Suplente"}, {"seq": "22", "n": "25038", "vap": "398", "pvap": "   1,22", "e": "N", "st": "Suplente"}, {"seq": "14", "n": "25111", "vap": "678", "pvap": "   2,08", "e": "N", "st": "Suplente"}, {"seq": "134", "n": "25020", "vap": "18", "pvap": "   0,06", "e": "N", "st": "Suplente"}, {"seq": "25", "n": "25333", "vap": "368", "pvap": "   1,13", "e": "N", "st": "Suplente"}, {"seq": "16", "n": "25007", "vap": "596", "pvap": "   1,83", "e": "N", "st": "Suplente"}, {"seq": "50", "n": "25123", "vap": "214", "pvap": "   0,66", "e": "N", "st": "Suplente"}, {"seq": "118", "n": "25000", "vap": "38", "pvap": "   0,12", "e": "N", "st": "Suplente"}, {"seq": "120", "n": "25125", "vap": "35", "pvap": "   0,11", "e": "N", "st": "Suplente"}, {"seq": "3", "n": "25025", "vap": "802", "pvap": "   2,47", "e": "S", "st": "Eleito"}, {"seq": "130", "n": "25205", "vap": "26", "pvap": "   0,08", "e": "N", "st": "Suplente"}, {"seq": "98", "n": "25018", "vap": "64", "pvap": "   0,20", "e": "N", "st": "Suplente"}, {"seq": "38", "n": "25150", "vap": "255", "pvap": "   0,78", "e": "N", "st": "Suplente"}, {"seq": "52", "n": "15111", "vap": "201", "pvap": "   0,62", "e": "N", "st": "Suplente"}, {"seq": "107", "n": "15515", "vap": "52", "pvap": "   0,16", "e": "N", "st": "Suplente"}, {"seq": "114", "n": "15099", "vap": "41", "pvap": "   0,13", "e": "N", "st": "Suplente"}, {"seq": "83", "n": "15013", "vap": "86", "pvap": "   0,26", "e": "N", "st": "Suplente"}, {"seq": "140", "n": "15025", "vap": "5", "pvap": "   0,02", "e": "N", "st": "Suplente"}, {"seq": "102", "n": "15011", "vap": "60", "pvap": "   0,18", "e": "N", "st": "Suplente"}, {"seq": "1", "n": "15015", "vap": "936", "pvap": "   2,88", "e": "S", "st": "Eleito"}, {"seq": "137", "n": "15250", "vap": "17", "pvap": "   0,05", "e": "N", "st": "Suplente"}, {"seq": "42", "n": "15115", "vap": "244", "pvap": "   0,75", "e": "N", "st": "Suplente"}, {"seq": "15", "n": "15645", "vap": "621", "pvap": "   1,91", "e": "N", "st": "Suplente"}, {"seq": "4", "n": "15000", "vap": "747", "pvap": "   2,30", "e": "S", "st": "Eleito"}, {"seq": "19", "n": "15444", "vap": "495", "pvap": "   1,52", "e": "N", "st": "Suplente"}, {"seq": "126", "n": "15100", "vap": "30", "pvap": "   0,09", "e": "N", "st": "Suplente"}, {"seq": "112", "n": "15222", "vap": "45", "pvap": "   0,14", "e": "N", "st": "Suplente"}, {"seq": "105", "n": "15150", "vap": "54", "pvap": "   0,17", "e": "N", "st": "Suplente"}, {"seq": "149", "n": "15123", "vap": "118", "pvap": "   0,36", "e": "N", "st": "N\u00e3o eleito"}, {"seq": "74", "n": "15500", "vap": "124", "pvap": "   0,38", "e": "N", "st": "Suplente"}, {"seq": "81", "n": "15555", "vap": "103", "pvap": "   0,32", "e": "N", "st": "Suplente"}, {"seq": "43", "n": "15600", "vap": "239", "pvap": "   0,73", "e": "N", "st": "Suplente"}, {"seq": "78", "n": "11123", "vap": "116", "pvap": "   0,36", "e": "N", "st": "Suplente"}, {"seq": "20", "n": "11777", "vap": "439", "pvap": "   1,35", "e": "N", "st": "Suplente"}, {"seq": "86", "n": "11333", "vap": "85", "pvap": "   0,26", "e": "N", "st": "Suplente"}, {"seq": "94", "n": "11120", "vap": "72", "pvap": "   0,22", "e": "N", "st": "Suplente"}, {"seq": "9", "n": "11015", "vap": "595", "pvap": "   1,83", "e": "S", "st": "Eleito"}, {"seq": "45", "n": "11222", "vap": "227", "pvap": "   0,70", "e": "N", "st": "Suplente"}, {"seq": "18", "n": "11234", "vap": "523", "pvap": "   1,61", "e": "N", "st": "Suplente"}, {"seq": "65", "n": "11999", "vap": "157", "pvap": "   0,48", "e": "N", "st": "Suplente"}, {"seq": "29", "n": "11313", "vap": "332", "pvap": "   1,02", "e": "N", "st": "Suplente"}, {"seq": "71", "n": "11555", "vap": "134", "pvap": "   0,41", "e": "N", "st": "Suplente"}, {"seq": "53", "n": "11111", "vap": "200", "pvap": "   0,61", "e": "N", "st": "Suplente"}, {"seq": "93", "n": "11200", "vap": "74", "pvap": "   0,23", "e": "N", "st": "Suplente"}, {"seq": "61", "n": "11011", "vap": "172", "pvap": "   0,53", "e": "N", "st": "Suplente"}, {"seq": "119", "n": "11013", "vap": "38", "pvap": "   0,12", "e": "N", "st": "Suplente"}, {"seq": "113", "n": "11888", "vap": "44", "pvap": "   0,14", "e": "N", "st": "Suplente"}, {"seq": "2", "n": "11611", "vap": "833", "pvap": "   2,56", "e": "S", "st": "Eleito"}, {"seq": "27", "n": "11211", "vap": "353", "pvap": "   1,09", "e": "N", "st": "Suplente"}, {"seq": "31", "n": "11000", "vap": "307", "pvap": "   0,94", "e": "N", "st": "Suplente"}, {"seq": "60", "n": "11023", "vap": "177", "pvap": "   0,54", "e": "N", "st": "Suplente"}, {"seq": "51", "n": "55455", "vap": "202", "pvap": "   0,62", "e": "N", "st": "Suplente"}, {"seq": "95", "n": "55055", "vap": "68", "pvap": "   0,21", "e": "N", "st": "Suplente"}, {"seq": "68", "n": "55420", "vap": "142", "pvap": "   0,44", "e": "N", "st": "Suplente"}, {"seq": "90", "n": "55190", "vap": "79", "pvap": "   0,24", "e": "N", "st": "Suplente"}, {"seq": "123", "n": "55678", "vap": "32", "pvap": "   0,10", "e": "N", "st": "Suplente"}, {"seq": "64", "n": "55222", "vap": "160", "pvap": "   0,49", "e": "N", "st": "Suplente"}, {"seq": "91", "n": "55255", "vap": "79", "pvap": "   0,24", "e": "N", "st": "Suplente"}, {"seq": "59", "n": "55087", "vap": "177", "pvap": "   0,54", "e": "N", "st": "Suplente"}, {"seq": "99", "n": "55456", "vap": "62", "pvap": "   0,19", "e": "N", "st": "Suplente"}, {"seq": "116", "n": "55789", "vap": "41", "pvap": "   0,13", "e": "N", "st": "Suplente"}, {"seq": "7", "n": "55000", "vap": "639", "pvap": "   1,96", "e": "S", "st": "Eleito"}, {"seq": "24", "n": "55555", "vap": "371", "pvap": "   1,14", "e": "N", "st": "Suplente"}, {"seq": "67", "n": "55355", "vap": "148", "pvap": "   0,45", "e": "N", "st": "Suplente"}, {"seq": "69", "n": "55345", "vap": "140", "pvap": "   0,43", "e": "N", "st": "Suplente"}, {"seq": "39", "n": "55123", "vap": "250", "pvap": "   0,77", "e": "N", "st": "Suplente"}, {"seq": "106", "n": "55333", "vap": "54", "pvap": "   0,17", "e": "N", "st": "Suplente"}, {"seq": "138", "n": "20017", "vap": "14", "pvap": "   0,04", "e": "N", "st": "Suplente"}, {"seq": "96", "n": "20222", "vap": "67", "pvap": "   0,21", "e": "N", "st": "Suplente"}, {"seq": "56", "n": "20319", "vap": "196", "pvap": "   0,60", "e": "N", "st": "Suplente"}, {"seq": "58", "n": "20220", "vap": "181", "pvap": "   0,56", "e": "N", "st": "Suplente"}, {"seq": "76", "n": "20024", "vap": "120", "pvap": "   0,37", "e": "N", "st": "Suplente"}, {"seq": "62", "n": "20123", "vap": "161", "pvap": "   0,49", "e": "N", "st": "Suplente"}, {"seq": "115", "n": "20000", "vap": "41", "pvap": "   0,13", "e": "N", "st": "Suplente"}, {"seq": "40", "n": "20777", "vap": "246", "pvap": "   0,76", "e": "N", "st": "Suplente"}, {"seq": "36", "n": "20120", "vap": "265", "pvap": "   0,81", "e": "N", "st": "Suplente"}, {"seq": "161", "n": "20020", "vap": "15", "pvap": "   0,05", "e": "N", "st": "N\u00e3o eleito"}, {"seq": "12", "n": "20456", "vap": "475", "pvap": "   1,46", "e": "S", "st": "Eleito"}, {"seq": "33", "n": "20321", "vap": "296", "pvap": "   0,91", "e": "N", "st": "Suplente"}, {"seq": "49", "n": "20633", "vap": "214", "pvap": "   0,66", "e": "N", "st": "Suplente"}, {"seq": "103", "n": "20202", "vap": "58", "pvap": "   0,18", "e": "N", "st": "Suplente"}, {"seq": "124", "n": "20770", "vap": "31", "pvap": "   0,10", "e": "N", "st": "Suplente"}, {"seq": "47", "n": "20620", "vap": "223", "pvap": "   0,69", "e": "N", "st": "Suplente"}, {"seq": "129", "n": "20322", "vap": "27", "pvap": "   0,08", "e": "N", "st": "Suplente"}, {"seq": "104", "n": "20192", "vap": "58", "pvap": "   0,18", "e": "N", "st": "Suplente"}, {"seq": "100", "n": "20156", "vap": "62", "pvap": "   0,19", "e": "N", "st": "Suplente"}, {"seq": "139", "n": "20177", "vap": "7", "pvap": "   0,02", "e": "N", "st": "Suplente"}, {"seq": "145", "n": "17123", "vap": "155", "pvap": "   0,48", "e": "N", "st": "N\u00e3o eleito"}, {"seq": "153", "n": "17000", "vap": "41", "pvap": "   0,13", "e": "N", "st": "N\u00e3o eleito"}, {"seq": "156", "n": "17456", "vap": "32", "pvap": "   0,10", "e": "N", "st": "N\u00e3o eleito"}, {"seq": "48", "n": "14333", "vap": "216", "pvap": "   0,66", "e": "N", "st": "Suplente"}, {"seq": "13", "n": "14614", "vap": "407", "pvap": "   1,25", "e": "S", "st": "Eleito"}, {"seq": "135", "n": "14900", "vap": "18", "pvap": "   0,06", "e": "N", "st": "Suplente"}, {"seq": "10", "n": "14999", "vap": "574", "pvap": "   1,76", "e": "S", "st": "Eleito"}, {"seq": "97", "n": "14234", "vap": "66", "pvap": "   0,20", "e": "N", "st": "Suplente"}, {"seq": "87", "n": "14456", "vap": "83", "pvap": "   0,26", "e": "N", "st": "Suplente"}, {"seq": "55", "n": "14500", "vap": "196", "pvap": "   0,60", "e": "N", "st": "Suplente"}, {"seq": "57", "n": "14007", "vap": "185", "pvap": "   0,57", "e": "N", "st": "Suplente"}, {"seq": "44", "n": "14122", "vap": "229", "pvap": "   0,70", "e": "N", "st": "Suplente"}, {"seq": "11", "n": "14555", "vap": "515", "pvap": "   1,58", "e": "S", "st": "Eleito"}, {"seq": "66", "n": "14888", "vap": "156", "pvap": "   0,48", "e": "N", "st": "Suplente"}, {"seq": "35", "n": "14444", "vap": "274", "pvap": "   0,84", "e": "N", "st": "Suplente"}, {"seq": "23", "n": "14000", "vap": "390", "pvap": "   1,20", "e": "N", "st": "Suplente"}, {"seq": "28", "n": "14123", "vap": "343", "pvap": "   1,05", "e": "N", "st": "Suplente"}, {"seq": "63", "n": "14777", "vap": "160", "pvap": "   0,49", "e": "N", "st": "Suplente"}, {"seq": "70", "n": "14166", "vap": "139", "pvap": "   0,43", "e": "N", "st": "Suplente"}, {"seq": "79", "n": "14789", "vap": "111", "pvap": "   0,34", "e": "N", "st": "Suplente"}, {"seq": "72", "n": "14014", "vap": "128", "pvap": "   0,39", "e": "N", "st": "Suplente"}, {"seq": "34", "n": "14567", "vap": "280", "pvap": "   0,86", "e": "N", "st": "Suplente"}, {"seq": "89", "n": "14222", "vap": "79", "pvap": "   0,24", "e": "N", "st": "Suplente"}, {"seq": "160", "n": "13151", "vap": "16", "pvap": "   0,05", "e": "N", "st": "N\u00e3o eleito"}, {"seq": "154", "n": "13123", "vap": "41", "pvap": "   0,13", "e": "N", "st": "N\u00e3o eleito"}, {"seq": "155", "n": "13222", "vap": "36", "pvap": "   0,11", "e": "N", "st": "N\u00e3o eleito"}, {"seq": "152", "n": "13000", "vap": "52", "pvap": "   0,16", "e": "N", "st": "N\u00e3o eleito"}, {"seq": "142", "n": "13013", "vap": "254", "pvap": "   0,78", "e": "N", "st": "N\u00e3o eleito"}, {"seq": "75", "n": "45777", "vap": "121", "pvap": "   0,37", "e": "N", "st": "Suplente"}, {"seq": "77", "n": "45555", "vap": "118", "pvap": "   0,36", "e": "N", "st": "Suplente"}, {"seq": "26", "n": "45400", "vap": "363", "pvap": "   1,12", "e": "N", "st": "Suplente"}, {"seq": "6", "n": "45789", "vap": "703", "pvap": "   2,16", "e": "S", "st": "Eleito"}, {"seq": "32", "n": "45645", "vap": "297", "pvap": "   0,91", "e": "N", "st": "Suplente"}, {"seq": "82", "n": "45000", "vap": "89", "pvap": "   0,27", "e": "N", "st": "Suplente"}, {"seq": "17", "n": "45123", "vap": "591", "pvap": "   1,82", "e": "N", "st": "Suplente"}, {"seq": "37", "n": "45100", "vap": "256", "pvap": "   0,79", "e": "N", "st": "Suplente"}, {"seq": "109", "n": "45999", "vap": "50", "pvap": "   0,15", "e": "N", "st": "Suplente"}, {"seq": "88", "n": "45138", "vap": "79", "pvap": "   0,24", "e": "N", "st": "Suplente"}, {"seq": "41", "n": "45444", "vap": "244", "pvap": "   0,75", "e": "N", "st": "Suplente"}, {"seq": "85", "n": "45222", "vap": "85", "pvap": "   0,26", "e": "N", "st": "Suplente"}, {"seq": "92", "n": "45678", "vap": "76", "pvap": "   0,23", "e": "N", "st": "Suplente"}, {"seq": "157", "n": "51234", "vap": "23", "pvap": "   0,07", "e": "N", "st": "N\u00e3o eleito"}, {"seq": "158", "n": "51010", "vap": "23", "pvap": "   0,07", "e": "N", "st": "N\u00e3o eleito"}, {"seq": "162", "n": "51000", "vap": "15", "pvap": "   0,05", "e": "N", "st": "N\u00e3o eleito"}, {"seq": "30", "n": "77123", "vap": "331", "pvap": "   1,02", "e": "N", "st": "Suplente"}, {"seq": "101", "n": "77333", "vap": "60", "pvap": "   0,18", "e": "N", "st": "Suplente"}, {"seq": "73", "n": "77077", "vap": "127", "pvap": "   0,39", "e": "N", "st": "Suplente"}, {"seq": "121", "n": "77999", "vap": "33", "pvap": "   0,10", "e": "N", "st": "Suplente"}, {"seq": "110", "n": "77023", "vap": "48", "pvap": "   0,15", "e": "N", "st": "Suplente"}, {"seq": "131", "n": "77444", "vap": "22", "pvap": "   0,07", "e": "N", "st": "Suplente"}, {"seq": "128", "n": "77188", "vap": "27", "pvap": "   0,08", "e": "N", "st": "Suplente"}, {"seq": "133", "n": "77666", "vap": "19", "pvap": "   0,06", "e": "N", "st": "Suplente"}, {"seq": "54", "n": "77222", "vap": "198", "pvap": "   0,61", "e": "N", "st": "Suplente"}, {"seq": "122", "n": "77777", "vap": "32", "pvap": "   0,10", "e": "N", "st": "Suplente"}, {"seq": "132", "n": "77700", "vap": "19", "pvap": "   0,06", "e": "N", "st": "Suplente"}, {"seq": "8", "n": "77190", "vap": "633", "pvap": "   1,95", "e": "S", "st": "Eleito"}, {"seq": "111", "n": "77321", "vap": "45", "pvap": "   0,14", "e": "N", "st": "Suplente"}, {"seq": "108", "n": "77001", "vap": "50", "pvap": "   0,15", "e": "N", "st": "Suplente"}, {"seq": "84", "n": "77555", "vap": "86", "pvap": "   0,26", "e": "N", "st": "Suplente"}, {"seq": "136", "n": "77234", "vap": "17", "pvap": "   0,05", "e": "N", "st": "Suplente"}, {"seq": "117", "n": "77392", "vap": "39", "pvap": "   0,12", "e": "N", "st": "Suplente"}, {"seq": "46", "n": "77226", "vap": "227", "pvap": "   0,70", "e": "N", "st": "Suplente"}, {"seq": "21", "n": "77007", "vap": "410", "pvap": "   1,26", "e": "N", "st": "Suplente"}, {"seq": "125", "n": "77500", "vap": "30", "pvap": "   0,09", "e": "N", "st": "Suplente"}, {"seq": "144", "n": "10123", "vap": "217", "pvap": "   0,67", "e": "N", "st": "N\u00e3o eleito"}, {"seq": "143", "n": "10192", "vap": "228", "pvap": "   0,70", "e": "N", "st": "N\u00e3o eleito"}, {"seq": "168", "n": "10120", "vap": "1", "pvap": "   0,00", "e": "N", "st": "N\u00e3o eleito"}, {"seq": "163", "n": "10188", "vap": "14", "pvap": "   0,04", "e": "N", "st": "N\u00e3o eleito"}, {"seq": "146", "n": "10270", "vap": "145", "pvap": "   0,45", "e": "N", "st": "N\u00e3o eleito"}, {"seq": "147", "n": "10400", "vap": "125", "pvap": "   0,38", "e": "N", "st": "N\u00e3o eleito"}, {"seq": "151", "n": "10777", "vap": "70", "pvap": "   0,22", "e": "N", "st": "N\u00e3o eleito"}, {"seq": "167", "n": "10987", "vap": "1", "pvap": "   0,00", "e": "N", "st": "N\u00e3o eleito"}, {"seq": "159", "n": "10927", "vap": "18", "pvap": "   0,06", "e": "N", "st": "N\u00e3o eleito"}, {"seq": "164", "n": "10033", "vap": "7", "pvap": "   0,02", "e": "N", "st": "N\u00e3o eleito"}, {"seq": "148", "n": "10800", "vap": "119", "pvap": "   0,37", "e": "N", "st": "N\u00e3o eleito"}, {"seq": "150", "n": "10000", "vap": "97", "pvap": "   0,30", "e": "N", "st": "N\u00e3o eleito"}, {"seq": "141", "n": "10100", "vap": "378", "pvap": "   1,16", "e": "N", "st": "N\u00e3o eleito"}, {"seq": "165", "n": "10145", "vap": "3", "pvap": "   0,01", "e": "N", "st": "N\u00e3o eleito"}, {"seq": "166", "n": "10555", "vap": "2", "pvap": "   0,01", "e": "N", "st": "N\u00e3o eleito"}]}, {"dt": "15/11/2020", "ht": "23:43:33", "tf": "S", "and": "F", "tpabr": "ZONA", "cdabr": "150", "s": "134", "st": "134", "snt": "0", "si": "134", "sni": "0", "sa": "134", "sna": "0", "pst": " 100,00", "psnt": "   0,00", "psi": " 100,00", "psni": "   0,00", "psa": " 100,00", "psna": "   0,00", "e": "53849", "ea": "53849", "ena": "0", "esi": "53849", "esni": "0", "a": "17570", "c": "36279", "pea": " 100,00", "pena": "   0,00", "pesi": " 100,00", "pesni": "   0,00", "pa": "  32,63", "pc": "  67,37", "vnom": "30897", "vscv": "0", "vl": "1500", "tv": "36279", "vvc": "32530", "vb": "1954", "tvn": "1795", "vn": "1795", "vnt": "0", "vp": "0", "vv": "32397", "van": "0", "vansj": "133", "pvnom": "  95,37", "pvl": "   4,63", "pvvc": "  89,67", "pvb": "   5,38", "ptvn": "   4,95", "pvn": " 100,00", "pvnt": "   0,00", "pvp": "   0,00", "pvv": "  99,59", "pvan": "   0,00", "pvansj": "   0,41", "cand": [{"seq": "125", "n": "77500", "vap": "30", "pvap": "   0,09", "e": "N", "st": "Suplente"}, {"seq": "132", "n": "77700", "vap": "19", "pvap": "   0,06", "e": "N", "st": "Suplente"}, {"seq": "8", "n": "77190", "vap": "633", "pvap": "   1,95", "e": "S", "st": "Eleito"}, {"seq": "101", "n": "77333", "vap": "60", "pvap": "   0,18", "e": "N", "st": "Suplente"}, {"seq": "110", "n": "77023", "vap": "48", "pvap": "   0,15", "e": "N", "st": "Suplente"}, {"seq": "54", "n": "77222", "vap": "198", "pvap": "   0,61", "e": "N", "st": "Suplente"}, {"seq": "136", "n": "77234", "vap": "17", "pvap": "   0,05", "e": "N", "st": "Suplente"}, {"seq": "111", "n": "77321", "vap": "45", "pvap": "   0,14", "e": "N", "st": "Suplente"}, {"seq": "117", "n": "77392", "vap": "39", "pvap": "   0,12", "e": "N", "st": "Suplente"}, {"seq": "122", "n": "77777", "vap": "32", "pvap": "   0,10", "e": "N", "st": "Suplente"}, {"seq": "21", "n": "77007", "vap": "410", "pvap": "   1,26", "e": "N", "st": "Suplente"}, {"seq": "121", "n": "77999", "vap": "33", "pvap": "   0,10", "e": "N", "st": "Suplente"}, {"seq": "128", "n": "77188", "vap": "27", "pvap": "   0,08", "e": "N", "st": "Suplente"}, {"seq": "46", "n": "77226", "vap": "227", "pvap": "   0,70", "e": "N", "st": "Suplente"}, {"seq": "133", "n": "77666", "vap": "19", "pvap": "   0,06", "e": "N", "st": "Suplente"}, {"seq": "131", "n": "77444", "vap": "22", "pvap": "   0,07", "e": "N", "st": "Suplente"}, {"seq": "30", "n": "77123", "vap": "331", "pvap": "   1,02", "e": "N", "st": "Suplente"}, {"seq": "73", "n": "77077", "vap": "127", "pvap": "   0,39", "e": "N", "st": "Suplente"}, {"seq": "108", "n": "77001", "vap": "50", "pvap": "   0,15", "e": "N", "st": "Suplente"}, {"seq": "84", "n": "77555", "vap": "86", "pvap": "   0,26", "e": "N", "st": "Suplente"}, {"seq": "154", "n": "13123", "vap": "41", "pvap": "   0,13", "e": "N", "st": "N\u00e3o eleito"}, {"seq": "152", "n": "13000", "vap": "52", "pvap": "   0,16", "e": "N", "st": "N\u00e3o eleito"}, {"seq": "142", "n": "13013", "vap": "254", "pvap": "   0,78", "e": "N", "st": "N\u00e3o eleito"}, {"seq": "155", "n": "13222", "vap": "36", "pvap": "   0,11", "e": "N", "st": "N\u00e3o eleito"}, {"seq": "160", "n": "13151", "vap": "16", "pvap": "   0,05", "e": "N", "st": "N\u00e3o eleito"}, {"seq": "156", "n": "17456", "vap": "32", "pvap": "   0,10", "e": "N", "st": "N\u00e3o eleito"}, {"seq": "145", "n": "17123", "vap": "155", "pvap": "   0,48", "e": "N", "st": "N\u00e3o eleito"}, {"seq": "153", "n": "17000", "vap": "41", "pvap": "   0,13", "e": "N", "st": "N\u00e3o eleito"}, {"seq": "38", "n": "25150", "vap": "255", "pvap": "   0,78", "e": "N", "st": "Suplente"}, {"seq": "127", "n": "25999", "vap": "27", "pvap": "   0,08", "e": "N", "st": "Suplente"}, {"seq": "118", "n": "25000", "vap": "38", "pvap": "   0,12", "e": "N", "st": "Suplente"}, {"seq": "130", "n": "25205", "vap": "26", "pvap": "   0,08", "e": "N", "st": "Suplente"}, {"seq": "25", "n": "25333", "vap": "368", "pvap": "   1,13", "e": "N", "st": "Suplente"}, {"seq": "134", "n": "25020", "vap": "18", "pvap": "   0,06", "e": "N", "st": "Suplente"}, {"seq": "98", "n": "25018", "vap": "64", "pvap": "   0,20", "e": "N", "st": "Suplente"}, {"seq": "50", "n": "25123", "vap": "214", "pvap": "   0,66", "e": "N", "st": "Suplente"}, {"seq": "3", "n": "25025", "vap": "802", "pvap": "   2,47", "e": "S", "st": "Eleito"}, {"seq": "14", "n": "25111", "vap": "678", "pvap": "   2,08", "e": "N", "st": "Suplente"}, {"seq": "120", "n": "25125", "vap": "35", "pvap": "   0,11", "e": "N", "st": "Suplente"}, {"seq": "16", "n": "25007", "vap": "596", "pvap": "   1,83", "e": "N", "st": "Suplente"}, {"seq": "5", "n": "25678", "vap": "721", "pvap": "   2,22", "e": "S", "st": "Eleito"}, {"seq": "22", "n": "25038", "vap": "398", "pvap": "   1,22", "e": "N", "st": "Suplente"}, {"seq": "80", "n": "25555", "vap": "106", "pvap": "   0,33", "e": "N", "st": "Suplente"}, {"seq": "41", "n": "45444", "vap": "244", "pvap": "   0,75", "e": "N", "st": "Suplente"}, {"seq": "26", "n": "45400", "vap": "363", "pvap": "   1,12", "e": "N", "st": "Suplente"}, {"seq": "37", "n": "45100", "vap": "256", "pvap": "   0,79", "e": "N", "st": "Suplente"}, {"seq": "109", "n": "45999", "vap": "50", "pvap": "   0,15", "e": "N", "st": "Suplente"}, {"seq": "6", "n": "45789", "vap": "703", "pvap": "   2,16", "e": "S", "st": "Eleito"}, {"seq": "32", "n": "45645", "vap": "297", "pvap": "   0,91", "e": "N", "st": "Suplente"}, {"seq": "85", "n": "45222", "vap": "85", "pvap": "   0,26", "e": "N", "st": "Suplente"}, {"seq": "88", "n": "45138", "vap": "79", "pvap": "   0,24", "e": "N", "st": "Suplente"}, {"seq": "75", "n": "45777", "vap": "121", "pvap": "   0,37", "e": "N", "st": "Suplente"}, {"seq": "77", "n": "45555", "vap": "118", "pvap": "   0,36", "e": "N", "st": "Suplente"}, {"seq": "82", "n": "45000", "vap": "89", "pvap": "   0,27", "e": "N", "st": "Suplente"}, {"seq": "17", "n": "45123", "vap": "591", "pvap": "   1,82", "e": "N", "st": "Suplente"}, {"seq": "92", "n": "45678", "vap": "76", "pvap": "   0,23", "e": "N", "st": "Suplente"}, {"seq": "66", "n": "14888", "vap": "156", "pvap": "   0,48", "e": "N", "st": "Suplente"}, {"seq": "87", "n": "14456", "vap": "83", "pvap": "   0,26", "e": "N", "st": "Suplente"}, {"seq": "89", "n": "14222", "vap": "79", "pvap": "   0,24", "e": "N", "st": "Suplente"}, {"seq": "11", "n": "14555", "vap": "515", "pvap": "   1,58", "e": "S", "st": "Eleito"}, {"seq": "55", "n": "14500", "vap": "196", "pvap": "   0,60", "e": "N", "st": "Suplente"}, {"seq": "48", "n": "14333", "vap": "216", "pvap": "   0,66", "e": "N", "st": "Suplente"}, {"seq": "135", "n": "14900", "vap": "18", "pvap": "   0,06", "e": "N", "st": "Suplente"}, {"seq": "10", "n": "14999", "vap": "574", "pvap": "   1,76", "e": "S", "st": "Eleito"}, {"seq": "70", "n": "14166", "vap": "139", "pvap": "   0,43", "e": "N", "st": "Suplente"}, {"seq": "97", "n": "14234", "vap": "66", "pvap": "   0,20", "e": "N", "st": "Suplente"}, {"seq": "28", "n": "14123", "vap": "343", "pvap": "   1,05", "e": "N", "st": "Suplente"}, {"seq": "44", "n": "14122", "vap": "229", "pvap": "   0,70", "e": "N", "st": "Suplente"}, {"seq": "23", "n": "14000", "vap": "390", "pvap": "   1,20", "e": "N", "st": "Suplente"}, {"seq": "35", "n": "14444", "vap": "274", "pvap": "   0,84", "e": "N", "st": "Suplente"}, {"seq": "13", "n": "14614", "vap": "407", "pvap": "   1,25", "e": "S", "st": "Eleito"}, {"seq": "57", "n": "14007", "vap": "185", "pvap": "   0,57", "e": "N", "st": "Suplente"}, {"seq": "79", "n": "14789", "vap": "111", "pvap": "   0,34", "e": "N", "st": "Suplente"}, {"seq": "34", "n": "14567", "vap": "280", "pvap": "   0,86", "e": "N", "st": "Suplente"}, {"seq": "63", "n": "14777", "vap": "160", "pvap": "   0,49", "e": "N", "st": "Suplente"}, {"seq": "72", "n": "14014", "vap": "128", "pvap": "   0,39", "e": "N", "st": "Suplente"}, {"seq": "147", "n": "10400", "vap": "125", "pvap": "   0,38", "e": "N", "st": "N\u00e3o eleito"}, {"seq": "165", "n": "10145", "vap": "3", "pvap": "   0,01", "e": "N", "st": "N\u00e3o eleito"}, {"seq": "144", "n": "10123", "vap": "217", "pvap": "   0,67", "e": "N", "st": "N\u00e3o eleito"}, {"seq": "148", "n": "10800", "vap": "119", "pvap": "   0,37", "e": "N", "st": "N\u00e3o eleito"}, {"seq": "151", "n": "10777", "vap": "70", "pvap": "   0,22", "e": "N", "st": "N\u00e3o eleito"}, {"seq": "166", "n": "10555", "vap": "2", "pvap": "   0,01", "e": "N", "st": "N\u00e3o eleito"}, {"seq": "146", "n": "10270", "vap": "145", "pvap": "   0,45", "e": "N", "st": "N\u00e3o eleito"}, {"seq": "141", "n": "10100", "vap": "378", "pvap": "   1,16", "e": "N", "st": "N\u00e3o eleito"}, {"seq": "159", "n": "10927", "vap": "18", "pvap": "   0,06", "e": "N", "st": "N\u00e3o eleito"}, {"seq": "168", "n": "10120", "vap": "1", "pvap": "   0,00", "e": "N", "st": "N\u00e3o eleito"}, {"seq": "167", "n": "10987", "vap": "1", "pvap": "   0,00", "e": "N", "st": "N\u00e3o eleito"}, {"seq": "143", "n": "10192", "vap": "228", "pvap": "   0,70", "e": "N", "st": "N\u00e3o eleito"}, {"seq": "163", "n": "10188", "vap": "14", "pvap": "   0,04", "e": "N", "st": "N\u00e3o eleito"}, {"seq": "164", "n": "10033", "vap": "7", "pvap": "   0,02", "e": "N", "st": "N\u00e3o eleito"}, {"seq": "150", "n": "10000", "vap": "97", "pvap": "   0,30", "e": "N", "st": "N\u00e3o eleito"}, {"seq": "24", "n": "55555", "vap": "371", "pvap": "   1,14", "e": "N", "st": "Suplente"}, {"seq": "99", "n": "55456", "vap": "62", "pvap": "   0,19", "e": "N", "st": "Suplente"}, {"seq": "67", "n": "55355", "vap": "148", "pvap": "   0,45", "e": "N", "st": "Suplente"}, {"seq": "95", "n": "55055", "vap": "68", "pvap": "   0,21", "e": "N", "st": "Suplente"}, {"seq": "64", "n": "55222", "vap": "160", "pvap": "   0,49", "e": "N", "st": "Suplente"}, {"seq": "106", "n": "55333", "vap": "54", "pvap": "   0,17", "e": "N", "st": "Suplente"}, {"seq": "51", "n": "55455", "vap": "202", "pvap": "   0,62", "e": "N", "st": "Suplente"}, {"seq": "123", "n": "55678", "vap": "32", "pvap": "   0,10", "e": "N", "st": "Suplente"}, {"seq": "68", "n": "55420", "vap": "142", "pvap": "   0,44", "e": "N", "st": "Suplente"}, {"seq": "59", "n": "55087", "vap": "177", "pvap": "   0,54", "e": "N", "st": "Suplente"}, {"seq": "7", "n": "55000", "vap": "639", "pvap": "   1,96", "e": "S", "st": "Eleito"}, {"seq": "69", "n": "55345", "vap": "140", "pvap": "   0,43", "e": "N", "st": "Suplente"}, {"seq": "91", "n": "55255", "vap": "79", "pvap": "   0,24", "e": "N", "st": "Suplente"}, {"seq": "90", "n": "55190", "vap": "79", "pvap": "   0,24", "e": "N", "st": "Suplente"}, {"seq": "39", "n": "55123", "vap": "250", "pvap": "   0,77", "e": "N", "st": "Suplente"}, {"seq": "116", "n": "55789", "vap": "41", "pvap": "   0,13", "e": "N", "st": "Suplente"}, {"seq": "105", "n": "15150", "vap": "54", "pvap": "   0,17", "e": "N", "st": "Suplente"}, {"seq": "42", "n": "15115", "vap": "244", "pvap": "   0,75", "e": "N", "st": "Suplente"}, {"seq": "43", "n": "15600", "vap": "239", "pvap": "   0,73", "e": "N", "st": "Suplente"}, {"seq": "15", "n": "15645", "vap": "621", "pvap": "   1,91", "e": "N", "st": "Suplente"}, {"seq": "4", "n": "15000", "vap": "747", "pvap": "   2,30", "e": "S", "st": "Eleito"}, {"seq": "102", "n": "15011", "vap": "60", "pvap": "   0,18", "e": "N", "st": "Suplente"}, {"seq": "126", "n": "15100", "vap": "30", "pvap": "   0,09", "e": "N", "st": "Suplente"}, {"seq": "1", "n": "15015", "vap": "936", "pvap": "   2,88", "e": "S", "st": "Eleito"}, {"seq": "114", "n": "15099", "vap": "41", "pvap": "   0,13", "e": "N", "st": "Suplente"}, {"seq": "149", "n": "15123", "vap": "118", "pvap": "   0,36", "e": "N", "st": "N\u00e3o eleito"}, {"seq": "137", "n": "15250", "vap": "17", "pvap": "   0,05", "e": "N", "st": "Suplente"}, {"seq": "81", "n": "15555", "vap": "103", "pvap": "   0,32", "e": "N", "st": "Suplente"}, {"seq": "140", "n": "15025", "vap": "5", "pvap": "   0,02", "e": "N", "st": "Suplente"}, {"seq": "19", "n": "15444", "vap": "495", "pvap": "   1,52", "e": "N", "st": "Suplente"}, {"seq": "74", "n": "15500", "vap": "124", "pvap": "   0,38", "e": "N", "st": "Suplente"}, {"seq": "83", "n": "15013", "vap": "86", "pvap": "   0,26", "e": "N", "st": "Suplente"}, {"seq": "52", "n": "15111", "vap": "201", "pvap": "   0,62", "e": "N", "st": "Suplente"}, {"seq": "112", "n": "15222", "vap": "45", "pvap": "   0,14", "e": "N", "st": "Suplente"}, {"seq": "107", "n": "15515", "vap": "52", "pvap": "   0,16", "e": "N", "st": "Suplente"}, {"seq": "65", "n": "11999", "vap": "157", "pvap": "   0,48", "e": "N", "st": "Suplente"}, {"seq": "71", "n": "11555", "vap": "134", "pvap": "   0,41", "e": "N", "st": "Suplente"}, {"seq": "45", "n": "11222", "vap": "227", "pvap": "   0,70", "e": "N", "st": "Suplente"}, {"seq": "94", "n": "11120", "vap": "72", "pvap": "   0,22", "e": "N", "st": "Suplente"}, {"seq": "53", "n": "11111", "vap": "200", "pvap": "   0,61", "e": "N", "st": "Suplente"}, {"seq": "60", "n": "11023", "vap": "177", "pvap": "   0,54", "e": "N", "st": "Suplente"}, {"seq": "9", "n": "11015", "vap": "595", "pvap": "   1,83", "e": "S", "st": "Eleito"}, {"seq": "61", "n": "11011", "vap": "172", "pvap": "   0,53", "e": "N", "st": "Suplente"}, {"seq": "31", "n": "11000", "vap": "307", "pvap": "   0,94", "e": "N", "st": "Suplente"}, {"seq": "20", "n": "11777", "vap": "439", "pvap": "   1,35", "e": "N", "st": "Suplente"}, {"seq": "18", "n": "11234", "vap": "523", "pvap": "   1,61", "e": "N", "st": "Suplente"}, {"seq": "119", "n": "11013", "vap": "38", "pvap": "   0,12", "e": "N", "st": "Suplente"}, {"seq": "113", "n": "11888", "vap": "44", "pvap": "   0,14", "e": "N", "st": "Suplente"}, {"seq": "78", "n": "11123", "vap": "116", "pvap": "   0,36", "e": "N", "st": "Suplente"}, {"seq": "93", "n": "11200", "vap": "74", "pvap": "   0,23", "e": "N", "st": "Suplente"}, {"seq": "2", "n": "11611", "vap": "833", "pvap": "   2,56", "e": "S", "st": "Eleito"}, {"seq": "27", "n": "11211", "vap": "353", "pvap": "   1,09", "e": "N", "st": "Suplente"}, {"seq": "86", "n": "11333", "vap": "85", "pvap": "   0,26", "e": "N", "st": "Suplente"}, {"seq": "29", "n": "11313", "vap": "332", "pvap": "   1,02", "e": "N", "st": "Suplente"}, {"seq": "157", "n": "51234", "vap": "23", "pvap": "   0,07", "e": "N", "st": "N\u00e3o eleito"}, {"seq": "158", "n": "51010", "vap": "23", "pvap": "   0,07", "e": "N", "st": "N\u00e3o eleito"}, {"seq": "162", "n": "51000", "vap": "15", "pvap": "   0,05", "e": "N", "st": "N\u00e3o eleito"}, {"seq": "129", "n": "20322", "vap": "27", "pvap": "   0,08", "e": "N", "st": "Suplente"}, {"seq": "58", "n": "20220", "vap": "181", "pvap": "   0,56", "e": "N", "st": "Suplente"}, {"seq": "76", "n": "20024", "vap": "120", "pvap": "   0,37", "e": "N", "st": "Suplente"}, {"seq": "139", "n": "20177", "vap": "7", "pvap": "   0,02", "e": "N", "st": "Suplente"}, {"seq": "40", "n": "20777", "vap": "246", "pvap": "   0,76", "e": "N", "st": "Suplente"}, {"seq": "56", "n": "20319", "vap": "196", "pvap": "   0,60", "e": "N", "st": "Suplente"}, {"seq": "103", "n": "20202", "vap": "58", "pvap": "   0,18", "e": "N", "st": "Suplente"}, {"seq": "36", "n": "20120", "vap": "265", "pvap": "   0,81", "e": "N", "st": "Suplente"}, {"seq": "62", "n": "20123", "vap": "161", "pvap": "   0,49", "e": "N", "st": "Suplente"}, {"seq": "100", "n": "20156", "vap": "62", "pvap": "   0,19", "e": "N", "st": "Suplente"}, {"seq": "104", "n": "20192", "vap": "58", "pvap": "   0,18", "e": "N", "st": "Suplente"}, {"seq": "96", "n": "20222", "vap": "67", "pvap": "   0,21", "e": "N", "st": "Suplente"}, {"seq": "138", "n": "20017", "vap": "14", "pvap": "   0,04", "e": "N", "st": "Suplente"}, {"seq": "115", "n": "20000", "vap": "41", "pvap": "   0,13", "e": "N", "st": "Suplente"}, {"seq": "33", "n": "20321", "vap": "296", "pvap": "   0,91", "e": "N", "st": "Suplente"}, {"seq": "12", "n": "20456", "vap": "475", "pvap": "   1,46", "e": "S", "st": "Eleito"}, {"seq": "47", "n": "20620", "vap": "223", "pvap": "   0,69", "e": "N", "st": "Suplente"}, {"seq": "49", "n": "20633", "vap": "214", "pvap": "   0,66", "e": "N", "st": "Suplente"}, {"seq": "124", "n": "20770", "vap": "31", "pvap": "   0,10", "e": "N", "st": "Suplente"}, {"seq": "161", "n": "20020", "vap": "15", "pvap": "   0,05", "e": "N", "st": "N\u00e3o eleito"}]}]}