{"ele": "426", "carper": "13", "t": "1", "f": "O", "esae": "N", "mnae": " ", "dg": "15/11/2020", "hg": "23:45:18", "dv": "S", "nadf": "sp69370-c0013-e000426-001-f", "abr": [{"dt": "15/11/2020", "ht": "22:50:56", "tf": "S", "and": "F", "tpabr": "MU", "cdabr": "69370", "s": "8", "st": "8", "snt": "0", "si": "8", "sni": "0", "sa": "8", "sna": "0", "pst": " 100,00", "psnt": "   0,00", "psi": " 100,00", "psni": "   0,00", "psa": " 100,00", "psna": "   0,00", "e": "3306", "ea": "3306", "ena": "0", "esi": "3306", "esni": "0", "c": "2936", "a": "370", "pea": " 100,00", "pena": "   0,00", "pesi": " 100,00", "pesni": "   0,00", "pa": "  11,19", "pc": "  88,81", "vscv": "0", "vnom": "2687", "vl": "111", "tv": "2936", "vvc": "2837", "vb": "36", "tvn": "63", "vn": "63", "vnt": "0", "vp": "0", "vv": "2798", "van": "0", "vansj": "39", "pvnom": "  96,03", "pvl": "   3,97", "pvvc": "  96,63", "pvb": "   1,22", "ptvn": "   2,15", "pvn": " 100,00", "pvnt": "   0,00", "pvp": "   0,00", "pvv": "  98,63", "pvan": "   0,00", "pvansj": "   1,37", "colig": [{"n": "250000115756", "tvtn": "674", "tvan": "674", "vag": "2", "tvtl": "5", "tval": "5"}, {"n": "250000109962", "tvtn": "637", "tvan": "637", "vag": "2", "tvtl": "7", "tval": "7"}, {"n": "250000110173", "tvtn": "619", "tvan": "658", "vag": "2", "tvtl": "49", "tval": "49"}, {"n": "250000114493", "tvtn": "757", "tvan": "757", "vag": "3", "tvtl": "50", "tval": "50"}], "part": [{"n": "25", "tvtn": "674", "tvan": "674", "tvtl": "5", "tval": "5"}, {"n": "15", "tvtn": "637", "tvan": "637", "tvtl": "7", "tval": "7"}, {"n": "55", "tvtn": "619", "tvan": "658", "tvtl": "49", "tval": "49"}, {"n": "43", "tvtn": "757", "tvan": "757", "tvtl": "50", "tval": "50"}], "cand": [{"seq": "3", "n": "25789", "vap": "155", "pvap": "   5,46", "e": "S", "st": "Eleito"}, {"seq": "18", "n": "25888", "vap": "69", "pvap": "   2,43", "e": "N", "st": "Suplente"}, {"seq": "39", "n": "25117", "vap": "11", "pvap": "   0,39", "e": "N", "st": "Suplente"}, {"seq": "30", "n": "25123", "vap": "19", "pvap": "   0,67", "e": "N", "st": "Suplente"}, {"seq": "41", "n": "25222", "vap": "9", "pvap": "   0,32", "e": "N", "st": "Suplente"}, {"seq": "49", "n": "25467", "vap": "5", "pvap": "   0,18", "e": "N", "st": "Suplente"}, {"seq": "2", "n": "25025", "vap": "160", "pvap": "   5,64", "e": "S", "st": "Eleito"}, {"seq": "38", "n": "25972", "vap": "11", "pvap": "   0,39", "e": "N", "st": "Suplente"}, {"seq": "12", "n": "25678", "vap": "92", "pvap": "   3,24", "e": "N", "st": "Suplente"}, {"seq": "14", "n": "25000", "vap": "90", "pvap": "   3,17", "e": "N", "st": "Suplente"}, {"seq": "43", "n": "25611", "vap": "7", "pvap": "   0,25", "e": "N", "st": "Suplente"}, {"seq": "26", "n": "25456", "vap": "41", "pvap": "   1,45", "e": "N", "st": "Suplente"}, {"seq": "54", "n": "25777", "vap": "1", "pvap": "   0,04", "e": "N", "st": "Suplente"}, {"seq": "51", "n": "25113", "vap": "4", "pvap": "   0,14", "e": "N", "st": "Suplente"}, {"seq": "53", "n": "15567", "vap": "2", "pvap": "   0,07", "e": "N", "st": "Suplente"}, {"seq": "42", "n": "15456", "vap": "9", "pvap": "   0,32", "e": "N", "st": "Suplente"}, {"seq": "27", "n": "15678", "vap": "41", "pvap": "   1,45", "e": "N", "st": "Suplente"}, {"seq": "1", "n": "15555", "vap": "175", "pvap": "   6,17", "e": "S", "st": "Eleito"}, {"seq": "40", "n": "15001", "vap": "10", "pvap": "   0,35", "e": "N", "st": "Suplente"}, {"seq": "9", "n": "15015", "vap": "84", "pvap": "   2,96", "e": "S", "st": "Eleito"}, {"seq": "17", "n": "15789", "vap": "71", "pvap": "   2,50", "e": "N", "st": "Suplente"}, {"seq": "23", "n": "15222", "vap": "46", "pvap": "   1,62", "e": "N", "st": "Suplente"}, {"seq": "50", "n": "15123", "vap": "4", "pvap": "   0,14", "e": "N", "st": "Suplente"}, {"seq": "20", "n": "15700", "vap": "56", "pvap": "   1,97", "e": "N", "st": "Suplente"}, {"seq": "22", "n": "15115", "vap": "50", "pvap": "   1,76", "e": "N", "st": "Suplente"}, {"seq": "32", "n": "15321", "vap": "19", "pvap": "   0,67", "e": "N", "st": "Suplente"}, {"seq": "44", "n": "15111", "vap": "7", "pvap": "   0,25", "e": "N", "st": "Suplente"}, {"seq": "19", "n": "15455", "vap": "63", "pvap": "   2,22", "e": "N", "st": "Suplente"}, {"seq": "8", "n": "55678", "vap": "109", "pvap": "   3,84", "e": "S", "st": "Eleito"}, {"seq": "24", "n": "55123", "vap": "44", "pvap": "   1,55", "e": "N", "st": "Suplente"}, {"seq": "28", "n": "55800", "vap": "39", "pvap": "   1,37", "e": "N", "st": "Suplente"}, {"seq": "13", "n": "55613", "vap": "91", "pvap": "   3,21", "e": "N", "st": "Suplente"}, {"seq": "5", "n": "55555", "vap": "127", "pvap": "   4,48", "e": "S", "st": "Eleito"}, {"seq": "45", "n": "55055", "vap": "6", "pvap": "   0,21", "e": "N", "st": "Suplente"}, {"seq": "34", "n": "55193", "vap": "17", "pvap": "   0,60", "e": "N", "st": "Suplente"}, {"seq": "48", "n": "55025", "vap": "5", "pvap": "   0,18", "e": "N", "st": "Suplente"}, {"seq": "55", "n": "55666", "vap": "39", "pvap": "   1,37", "e": "N", "st": "N\u00e3o eleito"}, {"seq": "36", "n": "55567", "vap": "15", "pvap": "   0,53", "e": "N", "st": "Suplente"}, {"seq": "29", "n": "55175", "vap": "30", "pvap": "   1,06", "e": "N", "st": "Suplente"}, {"seq": "11", "n": "55789", "vap": "93", "pvap": "   3,28", "e": "N", "st": "Suplente"}, {"seq": "25", "n": "55000", "vap": "43", "pvap": "   1,52", "e": "N", "st": "Suplente"}, {"seq": "35", "n": "43601", "vap": "15", "pvap": "   0,53", "e": "N", "st": "Suplente"}, {"seq": "10", "n": "43222", "vap": "93", "pvap": "   3,28", "e": "N", "st": "Suplente"}, {"seq": "31", "n": "43456", "vap": "19", "pvap": "   0,67", "e": "N", "st": "Suplente"}, {"seq": "37", "n": "43032", "vap": "11", "pvap": "   0,39", "e": "N", "st": "Suplente"}, {"seq": "33", "n": "43258", "vap": "18", "pvap": "   0,63", "e": "N", "st": "Suplente"}, {"seq": "46", "n": "43100", "vap": "6", "pvap": "   0,21", "e": "N", "st": "Suplente"}, {"seq": "6", "n": "43433", "vap": "113", "pvap": "   3,98", "e": "S", "st": "Eleito"}, {"seq": "52", "n": "43444", "vap": "3", "pvap": "   0,11", "e": "N", "st": "Suplente"}, {"seq": "4", "n": "43789", "vap": "142", "pvap": "   5,01", "e": "S", "st": "Eleito"}, {"seq": "7", "n": "43000", "vap": "112", "pvap": "   3,95", "e": "S", "st": "Eleito"}, {"seq": "47", "n": "43043", "vap": "6", "pvap": "   0,21", "e": "N", "st": "Suplente"}, {"seq": "16", "n": "43333", "vap": "77", "pvap": "   2,71", "e": "N", "st": "Suplente"}, {"seq": "15", "n": "43123", "vap": "87", "pvap": "   3,07", "e": "N", "st": "Suplente"}, {"seq": "21", "n": "43369", "vap": "55", "pvap": "   1,94", "e": "N", "st": "Suplente"}]}, {"dt": "15/11/2020", "ht": "22:50:56", "tf": "S", "and": "F", "tpabr": "ZONA", "cdabr": "99", "s": "8", "st": "8", "snt": "0", "si": "8", "sni": "0", "sa": "8", "sna": "0", "pst": " 100,00", "psnt": "   0,00", "psi": " 100,00", "psni": "   0,00", "psa": " 100,00", "psna": "   0,00", "e": "3306", "ea": "3306", "ena": "0", "esi": "3306", "esni": "0", "a": "370", "c": "2936", "pea": " 100,00", "pena": "   0,00", "pesi": " 100,00", "pesni": "   0,00", "pa": "  11,19", "pc": "  88,81", "vnom": "2687", "vscv": "0", "vl": "111", "tv": "2936", "vvc": "2837", "vb": "36", "tvn": "63", "vn": "63", "vnt": "0", "vp": "0", "vv": "2798", "van": "0", "vansj": "39", "pvnom": "  96,03", "pvl": "   3,97", "pvvc": "  96,63", "pvb": "   1,22", "ptvn": "   2,15", "pvn": " 100,00", "pvnt": "   0,00", "pvp": "   0,00", "pvv": "  98,63", "pvan": "   0,00", "pvansj": "   1,37", "cand": [{"seq": "4", "n": "43789", "vap": "142", "pvap": "   5,01", "e": "S", "st": "Eleito"}, {"seq": "6", "n": "43433", "vap": "113", "pvap": "   3,98", "e": "S", "st": "Eleito"}, {"seq": "7", "n": "43000", "vap": "112", "pvap": "   3,95", "e": "S", "st": "Eleito"}, {"seq": "10", "n": "43222", "vap": "93", "pvap": "   3,28", "e": "N", "st": "Suplente"}, {"seq": "15", "n": "43123", "vap": "87", "pvap": "   3,07", "e": "N", "st": "Suplente"}, {"seq": "16", "n": "43333", "vap": "77", "pvap": "   2,71", "e": "N", "st": "Suplente"}, {"seq": "21", "n": "43369", "vap": "55", "pvap": "   1,94", "e": "N", "st": "Suplente"}, {"seq": "31", "n": "43456", "vap": "19", "pvap": "   0,67", "e": "N", "st": "Suplente"}, {"seq": "33", "n": "43258", "vap": "18", "pvap": "   0,63", "e": "N", "st": "Suplente"}, {"seq": "35", "n": "43601", "vap": "15", "pvap": "   0,53", "e": "N", "st": "Suplente"}, {"seq": "37", "n": "43032", "vap": "11", "pvap": "   0,39", "e": "N", "st": "Suplente"}, {"seq": "46", "n": "43100", "vap": "6", "pvap": "   0,21", "e": "N", "st": "Suplente"}, {"seq": "47", "n": "43043", "vap": "6", "pvap": "   0,21", "e": "N", "st": "Suplente"}, {"seq": "52", "n": "43444", "vap": "3", "pvap": "   0,11", "e": "N", "st": "Suplente"}, {"seq": "1", "n": "15555", "vap": "175", "pvap": "   6,17", "e": "S", "st": "Eleito"}, {"seq": "9", "n": "15015", "vap": "84", "pvap": "   2,96", "e": "S", "st": "Eleito"}, {"seq": "17", "n": "15789", "vap": "71", "pvap": "   2,50", "e": "N", "st": "Suplente"}, {"seq": "19", "n": "15455", "vap": "63", "pvap": "   2,22", "e": "N", "st": "Suplente"}, {"seq": "20", "n": "15700", "vap": "56", "pvap": "   1,97", "e": "N", "st": "Suplente"}, {"seq": "22", "n": "15115", "vap": "50", "pvap": "   1,76", "e": "N", "st": "Suplente"}, {"seq": "23", "n": "15222", "vap": "46", "pvap": "   1,62", "e": "N", "st": "Suplente"}, {"seq": "27", "n": "15678", "vap": "41", "pvap": "   1,45", "e": "N", "st": "Suplente"}, {"seq": "32", "n": "15321", "vap": "19", "pvap": "   0,67", "e": "N", "st": "Suplente"}, {"seq": "40", "n": "15001", "vap": "10", "pvap": "   0,35", "e": "N", "st": "Suplente"}, {"seq": "42", "n": "15456", "vap": "9", "pvap": "   0,32", "e": "N", "st": "Suplente"}, {"seq": "44", "n": "15111", "vap": "7", "pvap": "   0,25", "e": "N", "st": "Suplente"}, {"seq": "50", "n": "15123", "vap": "4", "pvap": "   0,14", "e": "N", "st": "Suplente"}, {"seq": "53", "n": "15567", "vap": "2", "pvap": "   0,07", "e": "N", "st": "Suplente"}, {"seq": "5", "n": "55555", "vap": "127", "pvap": "   4,48", "e": "S", "st": "Eleito"}, {"seq": "8", "n": "55678", "vap": "109", "pvap": "   3,84", "e": "S", "st": "Eleito"}, {"seq": "11", "n": "55789", "vap": "93", "pvap": "   3,28", "e": "N", "st": "Suplente"}, {"seq": "13", "n": "55613", "vap": "91", "pvap": "   3,21", "e": "N", "st": "Suplente"}, {"seq": "24", "n": "55123", "vap": "44", "pvap": "   1,55", "e": "N", "st": "Suplente"}, {"seq": "25", "n": "55000", "vap": "43", "pvap": "   1,52", "e": "N", "st": "Suplente"}, {"seq": "28", "n": "55800", "vap": "39", "pvap": "   1,37", "e": "N", "st": "Suplente"}, {"seq": "29", "n": "55175", "vap": "30", "pvap": "   1,06", "e": "N", "st": "Suplente"}, {"seq": "34", "n": "55193", "vap": "17", "pvap": "   0,60", "e": "N", "st": "Suplente"}, {"seq": "36", "n": "55567", "vap": "15", "pvap": "   0,53", "e": "N", "st": "Suplente"}, {"seq": "45", "n": "55055", "vap": "6", "pvap": "   0,21", "e": "N", "st": "Suplente"}, {"seq": "48", "n": "55025", "vap": "5", "pvap": "   0,18", "e": "N", "st": "Suplente"}, {"seq": "55", "n": "55666", "vap": "39", "pvap": "   1,37", "e": "N", "st": "N\u00e3o eleito"}, {"seq": "2", "n": "25025", "vap": "160", "pvap": "   5,64", "e": "S", "st": "Eleito"}, {"seq": "3", "n": "25789", "vap": "155", "pvap": "   5,46", "e": "S", "st": "Eleito"}, {"seq": "12", "n": "25678", "vap": "92", "pvap": "   3,24", "e": "N", "st": "Suplente"}, {"seq": "14", "n": "25000", "vap": "90", "pvap": "   3,17", "e": "N", "st": "Suplente"}, {"seq": "18", "n": "25888", "vap": "69", "pvap": "   2,43", "e": "N", "st": "Suplente"}, {"seq": "26", "n": "25456", "vap": "41", "pvap": "   1,45", "e": "N", "st": "Suplente"}, {"seq": "30", "n": "25123", "vap": "19", "pvap": "   0,67", "e": "N", "st": "Suplente"}, {"seq": "38", "n": "25972", "vap": "11", "pvap": "   0,39", "e": "N", "st": "Suplente"}, {"seq": "39", "n": "25117", "vap": "11", "pvap": "   0,39", "e": "N", "st": "Suplente"}, {"seq": "41", "n": "25222", "vap": "9", "pvap": "   0,32", "e": "N", "st": "Suplente"}, {"seq": "43", "n": "25611", "vap": "7", "pvap": "   0,25", "e": "N", "st": "Suplente"}, {"seq": "49", "n": "25467", "vap": "5", "pvap": "   0,18", "e": "N", "st": "Suplente"}, {"seq": "51", "n": "25113", "vap": "4", "pvap": "   0,14", "e": "N", "st": "Suplente"}, {"seq": "54", "n": "25777", "vap": "1", "pvap": "   0,04", "e": "N", "st": "Suplente"}]}]}