{"ele": "426", "carper": "13", "t": "1", "f": "O", "esae": "N", "mnae": " ", "dg": "15/11/2020", "hg": "23:44:30", "dv": "S", "nadf": "sp61093-c0013-e000426-002-f", "abr": [{"dt": "15/11/2020", "ht": "23:33:34", "tf": "S", "and": "F", "tpabr": "MU", "cdabr": "61093", "s": "32", "st": "32", "snt": "0", "si": "32", "sni": "0", "sa": "32", "sna": "0", "pst": " 100,00", "psnt": "   0,00", "psi": " 100,00", "psni": "   0,00", "psa": " 100,00", "psna": "   0,00", "e": "14816", "ea": "14816", "ena": "0", "esi": "14816", "esni": "0", "c": "10821", "a": "3995", "pea": " 100,00", "pena": "   0,00", "pesi": " 100,00", "pesni": "   0,00", "pa": "  26,96", "pc": "  73,04", "vscv": "0", "vnom": "8866", "vl": "392", "tv": "10821", "vvc": "9702", "vb": "430", "tvn": "689", "vn": "689", "vnt": "0", "vp": "0", "vv": "9258", "van": "0", "vansj": "444", "pvnom": "  95,77", "pvl": "   4,23", "pvvc": "  89,66", "pvb": "   3,97", "ptvn": "   6,37", "pvn": " 100,00", "pvnt": "   0,00", "pvp": "   0,00", "pvv": "  95,42", "pvan": "   0,00", "pvansj": "   4,58", "colig": [{"n": "250000119696", "tvtn": "1691", "tvan": "2135", "vag": "2", "tvtl": "33", "tval": "33"}, {"n": "250000133888", "tvtn": "1112", "tvan": "1112", "vag": "1", "tvtl": "24", "tval": "24"}, {"n": "250000119806", "tvtn": "1781", "tvan": "1781", "vag": "2", "tvtl": "28", "tval": "28"}, {"n": "250000118084", "tvtn": "976", "tvan": "976", "vag": "1", "tvtl": "17", "tval": "17"}, {"n": "250000118010", "tvtn": "655", "tvan": "655", "vag": "0", "tvtl": "32", "tval": "32"}, {"n": "250000119808", "tvtn": "1598", "tvan": "1598", "vag": "2", "tvtl": "233", "tval": "233"}, {"n": "250000075732", "tvtn": "1053", "tvan": "1053", "vag": "1", "tvtl": "25", "tval": "25"}], "part": [{"n": "15", "tvtn": "1691", "tvan": "2135", "tvtl": "33", "tval": "33"}, {"n": "25", "tvtn": "1112", "tvan": "1112", "tvtl": "24", "tval": "24"}, {"n": "55", "tvtn": "1781", "tvan": "1781", "tvtl": "28", "tval": "28"}, {"n": "40", "tvtn": "976", "tvan": "976", "tvtl": "17", "tval": "17"}, {"n": "19", "tvtn": "655", "tvan": "655", "tvtl": "32", "tval": "32"}, {"n": "45", "tvtn": "1598", "tvan": "1598", "tvtl": "233", "tval": "233"}, {"n": "23", "tvtn": "1053", "tvan": "1053", "tvtl": "25", "tval": "25"}], "cand": [{"seq": "19", "n": "15777", "vap": "180", "pvap": "   1,86", "e": "N", "st": "Suplente"}, {"seq": "53", "n": "15888", "vap": "18", "pvap": "   0,19", "e": "N", "st": "Suplente"}, {"seq": "41", "n": "15001", "vap": "31", "pvap": "   0,32", "e": "N", "st": "Suplente"}, {"seq": "28", "n": "15633", "vap": "74", "pvap": "   0,76", "e": "N", "st": "Suplente"}, {"seq": "57", "n": "15333", "vap": "16", "pvap": "   0,16", "e": "N", "st": "Suplente"}, {"seq": "11", "n": "15678", "vap": "299", "pvap": "   3,08", "e": "N", "st": "Suplente"}, {"seq": "72", "n": "15111", "vap": "6", "pvap": "   0,06", "e": "N", "st": "Suplente"}, {"seq": "42", "n": "15015", "vap": "30", "pvap": "   0,31", "e": "N", "st": "Suplente"}, {"seq": "35", "n": "15555", "vap": "49", "pvap": "   0,51", "e": "N", "st": "Suplente"}, {"seq": "74", "n": "15115", "vap": "444", "pvap": "   4,58", "e": "N", "st": "N\u00e3o eleito"}, {"seq": "1", "n": "15000", "vap": "506", "pvap": "   5,22", "e": "S", "st": "Eleito"}, {"seq": "50", "n": "15666", "vap": "21", "pvap": "   0,22", "e": "N", "st": "Suplente"}, {"seq": "2", "n": "15123", "vap": "461", "pvap": "   4,75", "e": "S", "st": "Eleito"}, {"seq": "33", "n": "25333", "vap": "53", "pvap": "   0,55", "e": "N", "st": "Suplente"}, {"seq": "34", "n": "25604", "vap": "52", "pvap": "   0,54", "e": "N", "st": "Suplente"}, {"seq": "38", "n": "25222", "vap": "44", "pvap": "   0,45", "e": "N", "st": "Suplente"}, {"seq": "59", "n": "25118", "vap": "15", "pvap": "   0,15", "e": "N", "st": "Suplente"}, {"seq": "24", "n": "25444", "vap": "98", "pvap": "   1,01", "e": "N", "st": "Suplente"}, {"seq": "20", "n": "25888", "vap": "173", "pvap": "   1,78", "e": "N", "st": "Suplente"}, {"seq": "8", "n": "25000", "vap": "308", "pvap": "   3,17", "e": "S", "st": "Eleito"}, {"seq": "37", "n": "25999", "vap": "46", "pvap": "   0,47", "e": "N", "st": "Suplente"}, {"seq": "18", "n": "25123", "vap": "198", "pvap": "   2,04", "e": "N", "st": "Suplente"}, {"seq": "54", "n": "25456", "vap": "18", "pvap": "   0,19", "e": "N", "st": "Suplente"}, {"seq": "68", "n": "25555", "vap": "8", "pvap": "   0,08", "e": "N", "st": "Suplente"}, {"seq": "63", "n": "25111", "vap": "12", "pvap": "   0,12", "e": "N", "st": "Suplente"}, {"seq": "26", "n": "25777", "vap": "87", "pvap": "   0,90", "e": "N", "st": "Suplente"}, {"seq": "47", "n": "55444", "vap": "25", "pvap": "   0,26", "e": "N", "st": "Suplente"}, {"seq": "52", "n": "55655", "vap": "20", "pvap": "   0,21", "e": "N", "st": "Suplente"}, {"seq": "29", "n": "55200", "vap": "61", "pvap": "   0,63", "e": "N", "st": "Suplente"}, {"seq": "43", "n": "55675", "vap": "30", "pvap": "   0,31", "e": "N", "st": "Suplente"}, {"seq": "13", "n": "55123", "vap": "245", "pvap": "   2,53", "e": "N", "st": "Suplente"}, {"seq": "10", "n": "55555", "vap": "422", "pvap": "   4,35", "e": "N", "st": "Suplente"}, {"seq": "69", "n": "55777", "vap": "7", "pvap": "   0,07", "e": "N", "st": "Suplente"}, {"seq": "66", "n": "55100", "vap": "11", "pvap": "   0,11", "e": "N", "st": "Suplente"}, {"seq": "3", "n": "55333", "vap": "447", "pvap": "   4,61", "e": "S", "st": "Eleito"}, {"seq": "32", "n": "55222", "vap": "54", "pvap": "   0,56", "e": "N", "st": "Suplente"}, {"seq": "60", "n": "55111", "vap": "13", "pvap": "   0,13", "e": "N", "st": "Suplente"}, {"seq": "4", "n": "55000", "vap": "446", "pvap": "   4,60", "e": "S", "st": "Eleito"}, {"seq": "5", "n": "40123", "vap": "394", "pvap": "   4,06", "e": "S", "st": "Eleito"}, {"seq": "44", "n": "40000", "vap": "27", "pvap": "   0,28", "e": "N", "st": "Suplente"}, {"seq": "71", "n": "40333", "vap": "7", "pvap": "   0,07", "e": "N", "st": "Suplente"}, {"seq": "65", "n": "40999", "vap": "12", "pvap": "   0,12", "e": "N", "st": "Suplente"}, {"seq": "49", "n": "40777", "vap": "21", "pvap": "   0,22", "e": "N", "st": "Suplente"}, {"seq": "56", "n": "40111", "vap": "18", "pvap": "   0,19", "e": "N", "st": "Suplente"}, {"seq": "39", "n": "40567", "vap": "44", "pvap": "   0,45", "e": "N", "st": "Suplente"}, {"seq": "21", "n": "40888", "vap": "157", "pvap": "   1,62", "e": "N", "st": "Suplente"}, {"seq": "15", "n": "40456", "vap": "242", "pvap": "   2,49", "e": "N", "st": "Suplente"}, {"seq": "55", "n": "40222", "vap": "18", "pvap": "   0,19", "e": "N", "st": "Suplente"}, {"seq": "48", "n": "40555", "vap": "24", "pvap": "   0,25", "e": "N", "st": "Suplente"}, {"seq": "64", "n": "40444", "vap": "12", "pvap": "   0,12", "e": "N", "st": "Suplente"}, {"seq": "84", "n": "19826", "vap": "9", "pvap": "   0,09", "e": "N", "st": "N\u00e3o eleito"}, {"seq": "78", "n": "19222", "vap": "38", "pvap": "   0,39", "e": "N", "st": "N\u00e3o eleito"}, {"seq": "82", "n": "19789", "vap": "19", "pvap": "   0,20", "e": "N", "st": "N\u00e3o eleito"}, {"seq": "85", "n": "19433", "vap": "8", "pvap": "   0,08", "e": "N", "st": "N\u00e3o eleito"}, {"seq": "83", "n": "19666", "vap": "18", "pvap": "   0,19", "e": "N", "st": "N\u00e3o eleito"}, {"seq": "76", "n": "19123", "vap": "147", "pvap": "   1,52", "e": "N", "st": "N\u00e3o eleito"}, {"seq": "75", "n": "19000", "vap": "294", "pvap": "   3,03", "e": "N", "st": "N\u00e3o eleito"}, {"seq": "80", "n": "19100", "vap": "23", "pvap": "   0,24", "e": "N", "st": "N\u00e3o eleito"}, {"seq": "77", "n": "19999", "vap": "50", "pvap": "   0,52", "e": "N", "st": "N\u00e3o eleito"}, {"seq": "79", "n": "19555", "vap": "23", "pvap": "   0,24", "e": "N", "st": "N\u00e3o eleito"}, {"seq": "81", "n": "19009", "vap": "22", "pvap": "   0,23", "e": "N", "st": "N\u00e3o eleito"}, {"seq": "86", "n": "19321", "vap": "4", "pvap": "   0,04", "e": "N", "st": "N\u00e3o eleito"}, {"seq": "23", "n": "45111", "vap": "142", "pvap": "   1,46", "e": "N", "st": "Suplente"}, {"seq": "9", "n": "45555", "vap": "275", "pvap": "   2,83", "e": "S", "st": "Eleito"}, {"seq": "46", "n": "45602", "vap": "26", "pvap": "   0,27", "e": "N", "st": "Suplente"}, {"seq": "22", "n": "45123", "vap": "147", "pvap": "   1,52", "e": "N", "st": "Suplente"}, {"seq": "16", "n": "45444", "vap": "222", "pvap": "   2,29", "e": "N", "st": "Suplente"}, {"seq": "7", "n": "45888", "vap": "312", "pvap": "   3,22", "e": "S", "st": "Eleito"}, {"seq": "67", "n": "45130", "vap": "9", "pvap": "   0,09", "e": "N", "st": "Suplente"}, {"seq": "14", "n": "45678", "vap": "242", "pvap": "   2,49", "e": "N", "st": "Suplente"}, {"seq": "17", "n": "45222", "vap": "211", "pvap": "   2,17", "e": "N", "st": "Suplente"}, {"seq": "61", "n": "45000", "vap": "12", "pvap": "   0,12", "e": "N", "st": "Suplente"}, {"seq": "45", "n": "23456", "vap": "27", "pvap": "   0,28", "e": "N", "st": "Suplente"}, {"seq": "40", "n": "23190", "vap": "33", "pvap": "   0,34", "e": "N", "st": "Suplente"}, {"seq": "30", "n": "23777", "vap": "60", "pvap": "   0,62", "e": "N", "st": "Suplente"}, {"seq": "12", "n": "23000", "vap": "248", "pvap": "   2,56", "e": "N", "st": "Suplente"}, {"seq": "51", "n": "23125", "vap": "20", "pvap": "   0,21", "e": "N", "st": "Suplente"}, {"seq": "62", "n": "23111", "vap": "12", "pvap": "   0,12", "e": "N", "st": "Suplente"}, {"seq": "25", "n": "23123", "vap": "96", "pvap": "   0,99", "e": "N", "st": "Suplente"}, {"seq": "70", "n": "23225", "vap": "7", "pvap": "   0,07", "e": "N", "st": "Suplente"}, {"seq": "31", "n": "23250", "vap": "56", "pvap": "   0,58", "e": "N", "st": "Suplente"}, {"seq": "27", "n": "23192", "vap": "75", "pvap": "   0,77", "e": "N", "st": "Suplente"}, {"seq": "58", "n": "23333", "vap": "16", "pvap": "   0,16", "e": "N", "st": "Suplente"}, {"seq": "73", "n": "23888", "vap": "4", "pvap": "   0,04", "e": "N", "st": "Suplente"}, {"seq": "36", "n": "23999", "vap": "47", "pvap": "   0,48", "e": "N", "st": "Suplente"}, {"seq": "6", "n": "23300", "vap": "352", "pvap": "   3,63", "e": "S", "st": "Eleito"}]}, {"dt": "15/11/2020", "ht": "23:33:34", "tf": "S", "and": "F", "tpabr": "ZONA", "cdabr": "134", "s": "32", "st": "32", "snt": "0", "si": "32", "sni": "0", "sa": "32", "sna": "0", "pst": " 100,00", "psnt": "   0,00", "psi": " 100,00", "psni": "   0,00", "psa": " 100,00", "psna": "   0,00", "e": "14816", "ea": "14816", "ena": "0", "esi": "14816", "esni": "0", "a": "3995", "c": "10821", "pea": " 100,00", "pena": "   0,00", "pesi": " 100,00", "pesni": "   0,00", "pa": "  26,96", "pc": "  73,04", "vnom": "8866", "vscv": "0", "vl": "392", "tv": "10821", "vvc": "9702", "vb": "430", "tvn": "689", "vn": "689", "vnt": "0", "vp": "0", "vv": "9258", "van": "0", "vansj": "444", "pvnom": "  95,77", "pvl": "   4,23", "pvvc": "  89,66", "pvb": "   3,97", "ptvn": "   6,37", "pvn": " 100,00", "pvnt": "   0,00", "pvp": "   0,00", "pvv": "  95,42", "pvan": "   0,00", "pvansj": "   4,58", "cand": [{"seq": "79", "n": "19555", "vap": "23", "pvap": "   0,24", "e": "N", "st": "N\u00e3o eleito"}, {"seq": "75", "n": "19000", "vap": "294", "pvap": "   3,03", "e": "N", "st": "N\u00e3o eleito"}, {"seq": "81", "n": "19009", "vap": "22", "pvap": "   0,23", "e": "N", "st": "N\u00e3o eleito"}, {"seq": "77", "n": "19999", "vap": "50", "pvap": "   0,52", "e": "N", "st": "N\u00e3o eleito"}, {"seq": "83", "n": "19666", "vap": "18", "pvap": "   0,19", "e": "N", "st": "N\u00e3o eleito"}, {"seq": "84", "n": "19826", "vap": "9", "pvap": "   0,09", "e": "N", "st": "N\u00e3o eleito"}, {"seq": "80", "n": "19100", "vap": "23", "pvap": "   0,24", "e": "N", "st": "N\u00e3o eleito"}, {"seq": "82", "n": "19789", "vap": "19", "pvap": "   0,20", "e": "N", "st": "N\u00e3o eleito"}, {"seq": "78", "n": "19222", "vap": "38", "pvap": "   0,39", "e": "N", "st": "N\u00e3o eleito"}, {"seq": "85", "n": "19433", "vap": "8", "pvap": "   0,08", "e": "N", "st": "N\u00e3o eleito"}, {"seq": "76", "n": "19123", "vap": "147", "pvap": "   1,52", "e": "N", "st": "N\u00e3o eleito"}, {"seq": "86", "n": "19321", "vap": "4", "pvap": "   0,04", "e": "N", "st": "N\u00e3o eleito"}, {"seq": "70", "n": "23225", "vap": "7", "pvap": "   0,07", "e": "N", "st": "Suplente"}, {"seq": "31", "n": "23250", "vap": "56", "pvap": "   0,58", "e": "N", "st": "Suplente"}, {"seq": "45", "n": "23456", "vap": "27", "pvap": "   0,28", "e": "N", "st": "Suplente"}, {"seq": "30", "n": "23777", "vap": "60", "pvap": "   0,62", "e": "N", "st": "Suplente"}, {"seq": "62", "n": "23111", "vap": "12", "pvap": "   0,12", "e": "N", "st": "Suplente"}, {"seq": "73", "n": "23888", "vap": "4", "pvap": "   0,04", "e": "N", "st": "Suplente"}, {"seq": "36", "n": "23999", "vap": "47", "pvap": "   0,48", "e": "N", "st": "Suplente"}, {"seq": "27", "n": "23192", "vap": "75", "pvap": "   0,77", "e": "N", "st": "Suplente"}, {"seq": "6", "n": "23300", "vap": "352", "pvap": "   3,63", "e": "S", "st": "Eleito"}, {"seq": "12", "n": "23000", "vap": "248", "pvap": "   2,56", "e": "N", "st": "Suplente"}, {"seq": "25", "n": "23123", "vap": "96", "pvap": "   0,99", "e": "N", "st": "Suplente"}, {"seq": "51", "n": "23125", "vap": "20", "pvap": "   0,21", "e": "N", "st": "Suplente"}, {"seq": "40", "n": "23190", "vap": "33", "pvap": "   0,34", "e": "N", "st": "Suplente"}, {"seq": "58", "n": "23333", "vap": "16", "pvap": "   0,16", "e": "N", "st": "Suplente"}, {"seq": "19", "n": "15777", "vap": "180", "pvap": "   1,86", "e": "N", "st": "Suplente"}, {"seq": "72", "n": "15111", "vap": "6", "pvap": "   0,06", "e": "N", "st": "Suplente"}, {"seq": "74", "n": "15115", "vap": "444", "pvap": "   4,58", "e": "N", "st": "N\u00e3o eleito"}, {"seq": "1", "n": "15000", "vap": "506", "pvap": "   5,22", "e": "S", "st": "Eleito"}, {"seq": "35", "n": "15555", "vap": "49", "pvap": "   0,51", "e": "N", "st": "Suplente"}, {"seq": "50", "n": "15666", "vap": "21", "pvap": "   0,22", "e": "N", "st": "Suplente"}, {"seq": "53", "n": "15888", "vap": "18", "pvap": "   0,19", "e": "N", "st": "Suplente"}, {"seq": "41", "n": "15001", "vap": "31", "pvap": "   0,32", "e": "N", "st": "Suplente"}, {"seq": "42", "n": "15015", "vap": "30", "pvap": "   0,31", "e": "N", "st": "Suplente"}, {"seq": "11", "n": "15678", "vap": "299", "pvap": "   3,08", "e": "N", "st": "Suplente"}, {"seq": "2", "n": "15123", "vap": "461", "pvap": "   4,75", "e": "S", "st": "Eleito"}, {"seq": "57", "n": "15333", "vap": "16", "pvap": "   0,16", "e": "N", "st": "Suplente"}, {"seq": "28", "n": "15633", "vap": "74", "pvap": "   0,76", "e": "N", "st": "Suplente"}, {"seq": "24", "n": "25444", "vap": "98", "pvap": "   1,01", "e": "N", "st": "Suplente"}, {"seq": "20", "n": "25888", "vap": "173", "pvap": "   1,78", "e": "N", "st": "Suplente"}, {"seq": "63", "n": "25111", "vap": "12", "pvap": "   0,12", "e": "N", "st": "Suplente"}, {"seq": "18", "n": "25123", "vap": "198", "pvap": "   2,04", "e": "N", "st": "Suplente"}, {"seq": "38", "n": "25222", "vap": "44", "pvap": "   0,45", "e": "N", "st": "Suplente"}, {"seq": "33", "n": "25333", "vap": "53", "pvap": "   0,55", "e": "N", "st": "Suplente"}, {"seq": "68", "n": "25555", "vap": "8", "pvap": "   0,08", "e": "N", "st": "Suplente"}, {"seq": "26", "n": "25777", "vap": "87", "pvap": "   0,90", "e": "N", "st": "Suplente"}, {"seq": "59", "n": "25118", "vap": "15", "pvap": "   0,15", "e": "N", "st": "Suplente"}, {"seq": "54", "n": "25456", "vap": "18", "pvap": "   0,19", "e": "N", "st": "Suplente"}, {"seq": "8", "n": "25000", "vap": "308", "pvap": "   3,17", "e": "S", "st": "Eleito"}, {"seq": "34", "n": "25604", "vap": "52", "pvap": "   0,54", "e": "N", "st": "Suplente"}, {"seq": "37", "n": "25999", "vap": "46", "pvap": "   0,47", "e": "N", "st": "Suplente"}, {"seq": "66", "n": "55100", "vap": "11", "pvap": "   0,11", "e": "N", "st": "Suplente"}, {"seq": "60", "n": "55111", "vap": "13", "pvap": "   0,13", "e": "N", "st": "Suplente"}, {"seq": "13", "n": "55123", "vap": "245", "pvap": "   2,53", "e": "N", "st": "Suplente"}, {"seq": "4", "n": "55000", "vap": "446", "pvap": "   4,60", "e": "S", "st": "Eleito"}, {"seq": "43", "n": "55675", "vap": "30", "pvap": "   0,31", "e": "N", "st": "Suplente"}, {"seq": "3", "n": "55333", "vap": "447", "pvap": "   4,61", "e": "S", "st": "Eleito"}, {"seq": "10", "n": "55555", "vap": "422", "pvap": "   4,35", "e": "N", "st": "Suplente"}, {"seq": "32", "n": "55222", "vap": "54", "pvap": "   0,56", "e": "N", "st": "Suplente"}, {"seq": "47", "n": "55444", "vap": "25", "pvap": "   0,26", "e": "N", "st": "Suplente"}, {"seq": "69", "n": "55777", "vap": "7", "pvap": "   0,07", "e": "N", "st": "Suplente"}, {"seq": "52", "n": "55655", "vap": "20", "pvap": "   0,21", "e": "N", "st": "Suplente"}, {"seq": "29", "n": "55200", "vap": "61", "pvap": "   0,63", "e": "N", "st": "Suplente"}, {"seq": "17", "n": "45222", "vap": "211", "pvap": "   2,17", "e": "N", "st": "Suplente"}, {"seq": "16", "n": "45444", "vap": "222", "pvap": "   2,29", "e": "N", "st": "Suplente"}, {"seq": "7", "n": "45888", "vap": "312", "pvap": "   3,22", "e": "S", "st": "Eleito"}, {"seq": "23", "n": "45111", "vap": "142", "pvap": "   1,46", "e": "N", "st": "Suplente"}, {"seq": "14", "n": "45678", "vap": "242", "pvap": "   2,49", "e": "N", "st": "Suplente"}, {"seq": "22", "n": "45123", "vap": "147", "pvap": "   1,52", "e": "N", "st": "Suplente"}, {"seq": "67", "n": "45130", "vap": "9", "pvap": "   0,09", "e": "N", "st": "Suplente"}, {"seq": "46", "n": "45602", "vap": "26", "pvap": "   0,27", "e": "N", "st": "Suplente"}, {"seq": "9", "n": "45555", "vap": "275", "pvap": "   2,83", "e": "S", "st": "Eleito"}, {"seq": "61", "n": "45000", "vap": "12", "pvap": "   0,12", "e": "N", "st": "Suplente"}, {"seq": "71", "n": "40333", "vap": "7", "pvap": "   0,07", "e": "N", "st": "Suplente"}, {"seq": "39", "n": "40567", "vap": "44", "pvap": "   0,45", "e": "N", "st": "Suplente"}, {"seq": "64", "n": "40444", "vap": "12", "pvap": "   0,12", "e": "N", "st": "Suplente"}, {"seq": "49", "n": "40777", "vap": "21", "pvap": "   0,22", "e": "N", "st": "Suplente"}, {"seq": "21", "n": "40888", "vap": "157", "pvap": "   1,62", "e": "N", "st": "Suplente"}, {"seq": "44", "n": "40000", "vap": "27", "pvap": "   0,28", "e": "N", "st": "Suplente"}, {"seq": "48", "n": "40555", "vap": "24", "pvap": "   0,25", "e": "N", "st": "Suplente"}, {"seq": "65", "n": "40999", "vap": "12", "pvap": "   0,12", "e": "N", "st": "Suplente"}, {"seq": "5", "n": "40123", "vap": "394", "pvap": "   4,06", "e": "S", "st": "Eleito"}, {"seq": "55", "n": "40222", "vap": "18", "pvap": "   0,19", "e": "N", "st": "Suplente"}, {"seq": "15", "n": "40456", "vap": "242", "pvap": "   2,49", "e": "N", "st": "Suplente"}, {"seq": "56", "n": "40111", "vap": "18", "pvap": "   0,19", "e": "N", "st": "Suplente"}]}]}