{"ele": "426", "carper": "13", "t": "1", "f": "O", "esae": "N", "mnae": " ", "dg": "15/11/2020", "hg": "23:44:38", "dv": "S", "nadf": "sp66931-c0013-e000426-003-f", "abr": [{"dt": "15/11/2020", "ht": "23:28:08", "tf": "S", "and": "F", "tpabr": "MU", "cdabr": "66931", "s": "11", "st": "11", "snt": "0", "si": "11", "sni": "0", "sa": "11", "sna": "0", "pst": " 100,00", "psnt": "   0,00", "psi": " 100,00", "psni": "   0,00", "psa": " 100,00", "psna": "   0,00", "e": "3510", "ea": "3510", "ena": "0", "esi": "3510", "esni": "0", "c": "3118", "a": "392", "pea": " 100,00", "pena": "   0,00", "pesi": " 100,00", "pesni": "   0,00", "pa": "  11,17", "pc": "  88,83", "vscv": "0", "vnom": "2722", "vl": "188", "tv": "3118", "vvc": "2968", "vb": "60", "tvn": "90", "vn": "90", "vnt": "0", "vp": "0", "vv": "2910", "van": "0", "vansj": "58", "pvnom": "  93,54", "pvl": "   6,46", "pvvc": "  95,19", "pvb": "   1,92", "ptvn": "   2,89", "pvn": " 100,00", "pvnt": "   0,00", "pvp": "   0,00", "pvv": "  98,05", "pvan": "   0,00", "pvansj": "   1,95", "colig": [{"n": "250000105715", "tvtn": "358", "tvan": "358", "vag": "1", "tvtl": "69", "tval": "69"}, {"n": "250000115535", "tvtn": "229", "tvan": "229", "vag": "0", "tvtl": "6", "tval": "6"}, {"n": "250000107831", "tvtn": "475", "tvan": "475", "vag": "2", "tvtl": "9", "tval": "9"}, {"n": "250000133191", "tvtn": "520", "tvan": "578", "vag": "2", "tvtl": "22", "tval": "22"}, {"n": "250000127115", "tvtn": "729", "tvan": "729", "vag": "3", "tvtl": "21", "tval": "21"}, {"n": "250000100318", "tvtn": "411", "tvan": "411", "vag": "1", "tvtl": "61", "tval": "61"}], "part": [{"n": "25", "tvtn": "358", "tvan": "358", "tvtl": "69", "tval": "69"}, {"n": "15", "tvtn": "229", "tvan": "229", "tvtl": "6", "tval": "6"}, {"n": "14", "tvtn": "475", "tvan": "475", "tvtl": "9", "tval": "9"}, {"n": "19", "tvtn": "520", "tvan": "578", "tvtl": "22", "tval": "22"}, {"n": "45", "tvtn": "729", "tvan": "729", "tvtl": "21", "tval": "21"}, {"n": "70", "tvtn": "411", "tvan": "411", "tvtl": "61", "tval": "61"}], "cand": [{"seq": "38", "n": "25299", "vap": "16", "pvap": "   0,54", "e": "N", "st": "Suplente"}, {"seq": "45", "n": "25669", "vap": "7", "pvap": "   0,24", "e": "N", "st": "Suplente"}, {"seq": "14", "n": "25678", "vap": "68", "pvap": "   2,29", "e": "N", "st": "Suplente"}, {"seq": "2", "n": "25600", "vap": "156", "pvap": "   5,26", "e": "S", "st": "Eleito"}, {"seq": "26", "n": "25456", "vap": "37", "pvap": "   1,25", "e": "N", "st": "Suplente"}, {"seq": "46", "n": "25225", "vap": "6", "pvap": "   0,20", "e": "N", "st": "Suplente"}, {"seq": "41", "n": "25125", "vap": "12", "pvap": "   0,40", "e": "N", "st": "Suplente"}, {"seq": "36", "n": "25123", "vap": "20", "pvap": "   0,67", "e": "N", "st": "Suplente"}, {"seq": "27", "n": "25615", "vap": "36", "pvap": "   1,21", "e": "N", "st": "Suplente"}, {"seq": "56", "n": "15222", "vap": "7", "pvap": "   0,24", "e": "N", "st": "N\u00e3o eleito"}, {"seq": "51", "n": "15000", "vap": "32", "pvap": "   1,08", "e": "N", "st": "N\u00e3o eleito"}, {"seq": "53", "n": "15555", "vap": "18", "pvap": "   0,61", "e": "N", "st": "N\u00e3o eleito"}, {"seq": "48", "n": "15123", "vap": "59", "pvap": "   1,99", "e": "N", "st": "N\u00e3o eleito"}, {"seq": "55", "n": "15550", "vap": "10", "pvap": "   0,34", "e": "N", "st": "N\u00e3o eleito"}, {"seq": "52", "n": "15670", "vap": "31", "pvap": "   1,04", "e": "N", "st": "N\u00e3o eleito"}, {"seq": "49", "n": "15777", "vap": "59", "pvap": "   1,99", "e": "N", "st": "N\u00e3o eleito"}, {"seq": "54", "n": "15615", "vap": "13", "pvap": "   0,44", "e": "N", "st": "N\u00e3o eleito"}, {"seq": "19", "n": "14123", "vap": "50", "pvap": "   1,68", "e": "N", "st": "Suplente"}, {"seq": "1", "n": "14611", "vap": "182", "pvap": "   6,13", "e": "S", "st": "Eleito"}, {"seq": "40", "n": "14141", "vap": "14", "pvap": "   0,47", "e": "N", "st": "Suplente"}, {"seq": "20", "n": "14125", "vap": "50", "pvap": "   1,68", "e": "N", "st": "Suplente"}, {"seq": "47", "n": "14131", "vap": "3", "pvap": "   0,10", "e": "N", "st": "Suplente"}, {"seq": "13", "n": "14014", "vap": "76", "pvap": "   2,56", "e": "N", "st": "Suplente"}, {"seq": "44", "n": "14140", "vap": "10", "pvap": "   0,34", "e": "N", "st": "Suplente"}, {"seq": "8", "n": "14618", "vap": "90", "pvap": "   3,03", "e": "S", "st": "Eleito"}, {"seq": "35", "n": "19613", "vap": "21", "pvap": "   0,71", "e": "N", "st": "Suplente"}, {"seq": "34", "n": "19611", "vap": "22", "pvap": "   0,74", "e": "N", "st": "Suplente"}, {"seq": "24", "n": "19444", "vap": "38", "pvap": "   1,28", "e": "N", "st": "Suplente"}, {"seq": "16", "n": "19019", "vap": "61", "pvap": "   2,06", "e": "N", "st": "Suplente"}, {"seq": "50", "n": "19789", "vap": "58", "pvap": "   1,95", "e": "N", "st": "N\u00e3o eleito"}, {"seq": "28", "n": "19645", "vap": "33", "pvap": "   1,11", "e": "N", "st": "Suplente"}, {"seq": "37", "n": "19124", "vap": "18", "pvap": "   0,61", "e": "N", "st": "Suplente"}, {"seq": "15", "n": "19123", "vap": "65", "pvap": "   2,19", "e": "N", "st": "Suplente"}, {"seq": "4", "n": "19120", "vap": "133", "pvap": "   4,48", "e": "S", "st": "Eleito"}, {"seq": "7", "n": "19456", "vap": "92", "pvap": "   3,10", "e": "S", "st": "Eleito"}, {"seq": "25", "n": "19333", "vap": "37", "pvap": "   1,25", "e": "N", "st": "Suplente"}, {"seq": "32", "n": "45111", "vap": "24", "pvap": "   0,81", "e": "N", "st": "Suplente"}, {"seq": "5", "n": "45555", "vap": "119", "pvap": "   4,01", "e": "S", "st": "Eleito"}, {"seq": "43", "n": "45123", "vap": "11", "pvap": "   0,37", "e": "N", "st": "Suplente"}, {"seq": "6", "n": "45999", "vap": "115", "pvap": "   3,87", "e": "S", "st": "Eleito"}, {"seq": "33", "n": "45777", "vap": "23", "pvap": "   0,77", "e": "N", "st": "Suplente"}, {"seq": "11", "n": "45678", "vap": "94", "pvap": "   3,17", "e": "N", "st": "Suplente"}, {"seq": "12", "n": "45604", "vap": "86", "pvap": "   2,90", "e": "N", "st": "Suplente"}, {"seq": "3", "n": "45234", "vap": "148", "pvap": "   4,99", "e": "S", "st": "Eleito"}, {"seq": "10", "n": "45622", "vap": "109", "pvap": "   3,67", "e": "N", "st": "Suplente"}, {"seq": "39", "n": "70070", "vap": "15", "pvap": "   0,51", "e": "N", "st": "Suplente"}, {"seq": "18", "n": "70777", "vap": "51", "pvap": "   1,72", "e": "N", "st": "Suplente"}, {"seq": "9", "n": "70123", "vap": "65", "pvap": "   2,19", "e": "S", "st": "Eleito"}, {"seq": "22", "n": "70670", "vap": "40", "pvap": "   1,35", "e": "N", "st": "Suplente"}, {"seq": "23", "n": "70678", "vap": "38", "pvap": "   1,28", "e": "N", "st": "Suplente"}, {"seq": "42", "n": "70233", "vap": "11", "pvap": "   0,37", "e": "N", "st": "Suplente"}, {"seq": "17", "n": "70745", "vap": "59", "pvap": "   1,99", "e": "N", "st": "Suplente"}, {"seq": "21", "n": "70677", "vap": "44", "pvap": "   1,48", "e": "N", "st": "Suplente"}, {"seq": "29", "n": "70170", "vap": "31", "pvap": "   1,04", "e": "N", "st": "Suplente"}, {"seq": "31", "n": "70337", "vap": "27", "pvap": "   0,91", "e": "N", "st": "Suplente"}, {"seq": "30", "n": "70111", "vap": "30", "pvap": "   1,01", "e": "N", "st": "Suplente"}]}, {"dt": "15/11/2020", "ht": "23:28:08", "tf": "S", "and": "F", "tpabr": "ZONA", "cdabr": "302", "s": "11", "st": "11", "snt": "0", "si": "11", "sni": "0", "sa": "11", "sna": "0", "pst": " 100,00", "psnt": "   0,00", "psi": " 100,00", "psni": "   0,00", "psa": " 100,00", "psna": "   0,00", "e": "3510", "ea": "3510", "ena": "0", "esi": "3510", "esni": "0", "a": "392", "c": "3118", "pea": " 100,00", "pena": "   0,00", "pesi": " 100,00", "pesni": "   0,00", "pa": "  11,17", "pc": "  88,83", "vnom": "2722", "vscv": "0", "vl": "188", "tv": "3118", "vvc": "2968", "vb": "60", "tvn": "90", "vn": "90", "vnt": "0", "vp": "0", "vv": "2910", "van": "0", "vansj": "58", "pvnom": "  93,54", "pvl": "   6,46", "pvvc": "  95,19", "pvb": "   1,92", "ptvn": "   2,89", "pvn": " 100,00", "pvnt": "   0,00", "pvp": "   0,00", "pvv": "  98,05", "pvan": "   0,00", "pvansj": "   1,95", "cand": [{"seq": "6", "n": "45999", "vap": "115", "pvap": "   3,87", "e": "S", "st": "Eleito"}, {"seq": "32", "n": "45111", "vap": "24", "pvap": "   0,81", "e": "N", "st": "Suplente"}, {"seq": "5", "n": "45555", "vap": "119", "pvap": "   4,01", "e": "S", "st": "Eleito"}, {"seq": "43", "n": "45123", "vap": "11", "pvap": "   0,37", "e": "N", "st": "Suplente"}, {"seq": "33", "n": "45777", "vap": "23", "pvap": "   0,77", "e": "N", "st": "Suplente"}, {"seq": "10", "n": "45622", "vap": "109", "pvap": "   3,67", "e": "N", "st": "Suplente"}, {"seq": "3", "n": "45234", "vap": "148", "pvap": "   4,99", "e": "S", "st": "Eleito"}, {"seq": "11", "n": "45678", "vap": "94", "pvap": "   3,17", "e": "N", "st": "Suplente"}, {"seq": "12", "n": "45604", "vap": "86", "pvap": "   2,90", "e": "N", "st": "Suplente"}, {"seq": "49", "n": "15777", "vap": "59", "pvap": "   1,99", "e": "N", "st": "N\u00e3o eleito"}, {"seq": "53", "n": "15555", "vap": "18", "pvap": "   0,61", "e": "N", "st": "N\u00e3o eleito"}, {"seq": "51", "n": "15000", "vap": "32", "pvap": "   1,08", "e": "N", "st": "N\u00e3o eleito"}, {"seq": "56", "n": "15222", "vap": "7", "pvap": "   0,24", "e": "N", "st": "N\u00e3o eleito"}, {"seq": "52", "n": "15670", "vap": "31", "pvap": "   1,04", "e": "N", "st": "N\u00e3o eleito"}, {"seq": "55", "n": "15550", "vap": "10", "pvap": "   0,34", "e": "N", "st": "N\u00e3o eleito"}, {"seq": "48", "n": "15123", "vap": "59", "pvap": "   1,99", "e": "N", "st": "N\u00e3o eleito"}, {"seq": "54", "n": "15615", "vap": "13", "pvap": "   0,44", "e": "N", "st": "N\u00e3o eleito"}, {"seq": "30", "n": "70111", "vap": "30", "pvap": "   1,01", "e": "N", "st": "Suplente"}, {"seq": "31", "n": "70337", "vap": "27", "pvap": "   0,91", "e": "N", "st": "Suplente"}, {"seq": "21", "n": "70677", "vap": "44", "pvap": "   1,48", "e": "N", "st": "Suplente"}, {"seq": "23", "n": "70678", "vap": "38", "pvap": "   1,28", "e": "N", "st": "Suplente"}, {"seq": "39", "n": "70070", "vap": "15", "pvap": "   0,51", "e": "N", "st": "Suplente"}, {"seq": "42", "n": "70233", "vap": "11", "pvap": "   0,37", "e": "N", "st": "Suplente"}, {"seq": "18", "n": "70777", "vap": "51", "pvap": "   1,72", "e": "N", "st": "Suplente"}, {"seq": "29", "n": "70170", "vap": "31", "pvap": "   1,04", "e": "N", "st": "Suplente"}, {"seq": "17", "n": "70745", "vap": "59", "pvap": "   1,99", "e": "N", "st": "Suplente"}, {"seq": "9", "n": "70123", "vap": "65", "pvap": "   2,19", "e": "S", "st": "Eleito"}, {"seq": "22", "n": "70670", "vap": "40", "pvap": "   1,35", "e": "N", "st": "Suplente"}, {"seq": "16", "n": "19019", "vap": "61", "pvap": "   2,06", "e": "N", "st": "Suplente"}, {"seq": "35", "n": "19613", "vap": "21", "pvap": "   0,71", "e": "N", "st": "Suplente"}, {"seq": "37", "n": "19124", "vap": "18", "pvap": "   0,61", "e": "N", "st": "Suplente"}, {"seq": "28", "n": "19645", "vap": "33", "pvap": "   1,11", "e": "N", "st": "Suplente"}, {"seq": "15", "n": "19123", "vap": "65", "pvap": "   2,19", "e": "N", "st": "Suplente"}, {"seq": "25", "n": "19333", "vap": "37", "pvap": "   1,25", "e": "N", "st": "Suplente"}, {"seq": "7", "n": "19456", "vap": "92", "pvap": "   3,10", "e": "S", "st": "Eleito"}, {"seq": "24", "n": "19444", "vap": "38", "pvap": "   1,28", "e": "N", "st": "Suplente"}, {"seq": "34", "n": "19611", "vap": "22", "pvap": "   0,74", "e": "N", "st": "Suplente"}, {"seq": "50", "n": "19789", "vap": "58", "pvap": "   1,95", "e": "N", "st": "N\u00e3o eleito"}, {"seq": "4", "n": "19120", "vap": "133", "pvap": "   4,48", "e": "S", "st": "Eleito"}, {"seq": "13", "n": "14014", "vap": "76", "pvap": "   2,56", "e": "N", "st": "Suplente"}, {"seq": "1", "n": "14611", "vap": "182", "pvap": "   6,13", "e": "S", "st": "Eleito"}, {"seq": "44", "n": "14140", "vap": "10", "pvap": "   0,34", "e": "N", "st": "Suplente"}, {"seq": "19", "n": "14123", "vap": "50", "pvap": "   1,68", "e": "N", "st": "Suplente"}, {"seq": "8", "n": "14618", "vap": "90", "pvap": "   3,03", "e": "S", "st": "Eleito"}, {"seq": "20", "n": "14125", "vap": "50", "pvap": "   1,68", "e": "N", "st": "Suplente"}, {"seq": "40", "n": "14141", "vap": "14", "pvap": "   0,47", "e": "N", "st": "Suplente"}, {"seq": "47", "n": "14131", "vap": "3", "pvap": "   0,10", "e": "N", "st": "Suplente"}, {"seq": "45", "n": "25669", "vap": "7", "pvap": "   0,24", "e": "N", "st": "Suplente"}, {"seq": "26", "n": "25456", "vap": "37", "pvap": "   1,25", "e": "N", "st": "Suplente"}, {"seq": "41", "n": "25125", "vap": "12", "pvap": "   0,40", "e": "N", "st": "Suplente"}, {"seq": "38", "n": "25299", "vap": "16", "pvap": "   0,54", "e": "N", "st": "Suplente"}, {"seq": "27", "n": "25615", "vap": "36", "pvap": "   1,21", "e": "N", "st": "Suplente"}, {"seq": "2", "n": "25600", "vap": "156", "pvap": "   5,26", "e": "S", "st": "Eleito"}, {"seq": "36", "n": "25123", "vap": "20", "pvap": "   0,67", "e": "N", "st": "Suplente"}, {"seq": "14", "n": "25678", "vap": "68", "pvap": "   2,29", "e": "N", "st": "Suplente"}, {"seq": "46", "n": "25225", "vap": "6", "pvap": "   0,20", "e": "N", "st": "Suplente"}]}]}