{"ele": "426", "carper": "13", "t": "1", "f": "O", "esae": "N", "mnae": " ", "dg": "15/11/2020", "hg": "18:02:00", "dv": "S", "nadf": "sp61344-c0013-e000426-003-f", "abr": [{"dt": "15/11/2020", "ht": "17:54:08", "tf": "S", "and": "F", "tpabr": "MU", "cdabr": "61344", "s": "10", "st": "10", "snt": "0", "si": "10", "sni": "0", "sa": "10", "sna": "0", "pst": " 100,00", "psnt": "   0,00", "psi": " 100,00", "psni": "   0,00", "psa": " 100,00", "psna": "   0,00", "e": "3610", "ea": "3610", "ena": "0", "esi": "3610", "esni": "0", "c": "3116", "a": "494", "pea": " 100,00", "pena": "   0,00", "pesi": " 100,00", "pesni": "   0,00", "pa": "  13,68", "pc": "  86,32", "vscv": "0", "vnom": "2709", "vl": "218", "tv": "3116", "vvc": "2927", "vb": "81", "tvn": "108", "vn": "108", "vnt": "0", "vp": "0", "vv": "2927", "van": "0", "vansj": "0", "pvnom": "  92,55", "pvl": "   7,45", "pvvc": "  93,93", "pvb": "   2,60", "ptvn": "   3,47", "pvn": " 100,00", "pvnt": "   0,00", "pvp": "   0,00", "pvv": " 100,00", "pvan": "   0,00", "pvansj": "   0,00", "colig": [{"n": "250000078136", "tvtn": "580", "tvan": "580", "vag": "2", "tvtl": "80", "tval": "80"}, {"n": "250000079757", "tvtn": "496", "tvan": "496", "vag": "2", "tvtl": "41", "tval": "41"}, {"n": "250000078095", "tvtn": "537", "tvan": "537", "vag": "2", "tvtl": "15", "tval": "15"}, {"n": "250000065979", "tvtn": "540", "tvan": "540", "vag": "2", "tvtl": "18", "tval": "18"}, {"n": "250000131228", "tvtn": "374", "tvan": "374", "vag": "1", "tvtl": "39", "tval": "39"}, {"n": "250000136170", "tvtn": "182", "tvan": "182", "vag": "0", "tvtl": "25", "tval": "25"}], "part": [{"n": "23", "tvtn": "580", "tvan": "580", "tvtl": "80", "tval": "80"}, {"n": "25", "tvtn": "496", "tvan": "496", "tvtl": "41", "tval": "41"}, {"n": "55", "tvtn": "537", "tvan": "537", "tvtl": "15", "tval": "15"}, {"n": "14", "tvtn": "540", "tvan": "540", "tvtl": "18", "tval": "18"}, {"n": "45", "tvtn": "374", "tvan": "374", "tvtl": "39", "tval": "39"}, {"n": "13", "tvtn": "182", "tvan": "182", "tvtl": "25", "tval": "25"}], "cand": [{"seq": "15", "n": "23700", "vap": "73", "pvap": "   2,49", "e": "N", "st": "Suplente"}, {"seq": "19", "n": "23023", "vap": "46", "pvap": "   1,57", "e": "N", "st": "Suplente"}, {"seq": "53", "n": "23200", "vap": "3", "pvap": "   0,10", "e": "N", "st": "Suplente"}, {"seq": "25", "n": "23333", "vap": "36", "pvap": "   1,23", "e": "N", "st": "Suplente"}, {"seq": "8", "n": "23690", "vap": "92", "pvap": "   3,14", "e": "S", "st": "Eleito"}, {"seq": "43", "n": "23588", "vap": "12", "pvap": "   0,41", "e": "N", "st": "Suplente"}, {"seq": "40", "n": "23699", "vap": "15", "pvap": "   0,51", "e": "N", "st": "Suplente"}, {"seq": "54", "n": "23456", "vap": "2", "pvap": "   0,07", "e": "N", "st": "Suplente"}, {"seq": "12", "n": "23500", "vap": "76", "pvap": "   2,60", "e": "N", "st": "Suplente"}, {"seq": "5", "n": "23600", "vap": "126", "pvap": "   4,30", "e": "S", "st": "Eleito"}, {"seq": "38", "n": "23000", "vap": "19", "pvap": "   0,65", "e": "N", "st": "Suplente"}, {"seq": "50", "n": "23566", "vap": "6", "pvap": "   0,20", "e": "N", "st": "Suplente"}, {"seq": "14", "n": "23123", "vap": "74", "pvap": "   2,53", "e": "N", "st": "Suplente"}, {"seq": "13", "n": "25011", "vap": "75", "pvap": "   2,56", "e": "N", "st": "Suplente"}, {"seq": "31", "n": "25555", "vap": "27", "pvap": "   0,92", "e": "N", "st": "Suplente"}, {"seq": "4", "n": "25777", "vap": "139", "pvap": "   4,75", "e": "S", "st": "Eleito"}, {"seq": "11", "n": "25456", "vap": "77", "pvap": "   2,63", "e": "N", "st": "Suplente"}, {"seq": "41", "n": "25625", "vap": "15", "pvap": "   0,51", "e": "N", "st": "Suplente"}, {"seq": "58", "n": "25999", "vap": "0", "pvap": "00.00", "e": "N", "st": "Suplente"}, {"seq": "3", "n": "25123", "vap": "152", "pvap": "   5,19", "e": "S", "st": "Eleito"}, {"seq": "47", "n": "25130", "vap": "10", "pvap": "   0,34", "e": "N", "st": "Suplente"}, {"seq": "56", "n": "25222", "vap": "1", "pvap": "   0,03", "e": "N", "st": "Suplente"}, {"seq": "30", "n": "55155", "vap": "29", "pvap": "   0,99", "e": "N", "st": "Suplente"}, {"seq": "23", "n": "55650", "vap": "40", "pvap": "   1,37", "e": "N", "st": "Suplente"}, {"seq": "18", "n": "55222", "vap": "50", "pvap": "   1,71", "e": "N", "st": "Suplente"}, {"seq": "32", "n": "55678", "vap": "25", "pvap": "   0,85", "e": "N", "st": "Suplente"}, {"seq": "46", "n": "55180", "vap": "11", "pvap": "   0,38", "e": "N", "st": "Suplente"}, {"seq": "37", "n": "55333", "vap": "20", "pvap": "   0,68", "e": "N", "st": "Suplente"}, {"seq": "6", "n": "55555", "vap": "104", "pvap": "   3,55", "e": "S", "st": "Eleito"}, {"seq": "24", "n": "55000", "vap": "37", "pvap": "   1,26", "e": "N", "st": "Suplente"}, {"seq": "35", "n": "55123", "vap": "21", "pvap": "   0,72", "e": "N", "st": "Suplente"}, {"seq": "48", "n": "55463", "vap": "8", "pvap": "   0,27", "e": "N", "st": "Suplente"}, {"seq": "29", "n": "55111", "vap": "30", "pvap": "   1,02", "e": "N", "st": "Suplente"}, {"seq": "27", "n": "55661", "vap": "31", "pvap": "   1,06", "e": "N", "st": "Suplente"}, {"seq": "9", "n": "55999", "vap": "74", "pvap": "   2,53", "e": "S", "st": "Eleito"}, {"seq": "17", "n": "55680", "vap": "57", "pvap": "   1,95", "e": "N", "st": "Suplente"}, {"seq": "49", "n": "14222", "vap": "7", "pvap": "   0,24", "e": "N", "st": "Suplente"}, {"seq": "16", "n": "14660", "vap": "72", "pvap": "   2,46", "e": "N", "st": "Suplente"}, {"seq": "57", "n": "14444", "vap": "0", "pvap": "00.00", "e": "N", "st": "Suplente"}, {"seq": "2", "n": "14604", "vap": "153", "pvap": "   5,23", "e": "S", "st": "Eleito"}, {"seq": "28", "n": "14175", "vap": "30", "pvap": "   1,02", "e": "N", "st": "Suplente"}, {"seq": "36", "n": "14690", "vap": "20", "pvap": "   0,68", "e": "N", "st": "Suplente"}, {"seq": "10", "n": "14633", "vap": "95", "pvap": "   3,25", "e": "N", "st": "Suplente"}, {"seq": "39", "n": "14000", "vap": "16", "pvap": "   0,55", "e": "N", "st": "Suplente"}, {"seq": "45", "n": "14664", "vap": "11", "pvap": "   0,38", "e": "N", "st": "Suplente"}, {"seq": "7", "n": "14680", "vap": "101", "pvap": "   3,45", "e": "S", "st": "Eleito"}, {"seq": "52", "n": "14333", "vap": "3", "pvap": "   0,10", "e": "N", "st": "Suplente"}, {"seq": "26", "n": "14605", "vap": "32", "pvap": "   1,09", "e": "N", "st": "Suplente"}, {"seq": "33", "n": "45678", "vap": "24", "pvap": "   0,82", "e": "N", "st": "Suplente"}, {"seq": "55", "n": "45690", "vap": "2", "pvap": "   0,07", "e": "N", "st": "Suplente"}, {"seq": "42", "n": "45222", "vap": "13", "pvap": "   0,44", "e": "N", "st": "Suplente"}, {"seq": "22", "n": "45000", "vap": "42", "pvap": "   1,43", "e": "N", "st": "Suplente"}, {"seq": "44", "n": "45997", "vap": "12", "pvap": "   0,41", "e": "N", "st": "Suplente"}, {"seq": "34", "n": "45666", "vap": "24", "pvap": "   0,82", "e": "N", "st": "Suplente"}, {"seq": "20", "n": "45123", "vap": "43", "pvap": "   1,47", "e": "N", "st": "Suplente"}, {"seq": "21", "n": "45114", "vap": "42", "pvap": "   1,43", "e": "N", "st": "Suplente"}, {"seq": "51", "n": "45555", "vap": "5", "pvap": "   0,17", "e": "N", "st": "Suplente"}, {"seq": "1", "n": "45699", "vap": "167", "pvap": "   5,71", "e": "S", "st": "Eleito"}, {"seq": "60", "n": "13888", "vap": "22", "pvap": "   0,75", "e": "N", "st": "N\u00e3o eleito"}, {"seq": "69", "n": "13456", "vap": "1", "pvap": "   0,03", "e": "N", "st": "N\u00e3o eleito"}, {"seq": "59", "n": "13999", "vap": "100", "pvap": "   3,42", "e": "N", "st": "N\u00e3o eleito"}, {"seq": "65", "n": "13777", "vap": "6", "pvap": "   0,20", "e": "N", "st": "N\u00e3o eleito"}, {"seq": "61", "n": "13123", "vap": "19", "pvap": "   0,65", "e": "N", "st": "N\u00e3o eleito"}, {"seq": "66", "n": "13333", "vap": "5", "pvap": "   0,17", "e": "N", "st": "N\u00e3o eleito"}, {"seq": "62", "n": "13131", "vap": "10", "pvap": "   0,34", "e": "N", "st": "N\u00e3o eleito"}, {"seq": "64", "n": "13556", "vap": "6", "pvap": "   0,20", "e": "N", "st": "N\u00e3o eleito"}, {"seq": "67", "n": "13666", "vap": "3", "pvap": "   0,10", "e": "N", "st": "N\u00e3o eleito"}, {"seq": "68", "n": "13444", "vap": "3", "pvap": "   0,10", "e": "N", "st": "N\u00e3o eleito"}, {"seq": "63", "n": "13555", "vap": "7", "pvap": "   0,24", "e": "N", "st": "N\u00e3o eleito"}]}, {"dt": "15/11/2020", "ht": "17:54:08", "tf": "S", "and": "F", "tpabr": "ZONA", "cdabr": "313", "s": "10", "st": "10", "snt": "0", "si": "10", "sni": "0", "sa": "10", "sna": "0", "pst": " 100,00", "psnt": "   0,00", "psi": " 100,00", "psni": "   0,00", "psa": " 100,00", "psna": "   0,00", "e": "3610", "ea": "3610", "ena": "0", "esi": "3610", "esni": "0", "a": "494", "c": "3116", "pea": " 100,00", "pena": "   0,00", "pesi": " 100,00", "pesni": "   0,00", "pa": "  13,68", "pc": "  86,32", "vnom": "2709", "vscv": "0", "vl": "218", "tv": "3116", "vvc": "2927", "vb": "81", "tvn": "108", "vn": "108", "vnt": "0", "vp": "0", "vv": "2927", "van": "0", "vansj": "0", "pvnom": "  92,55", "pvl": "   7,45", "pvvc": "  93,93", "pvb": "   2,60", "ptvn": "   3,47", "pvn": " 100,00", "pvnt": "   0,00", "pvp": "   0,00", "pvv": " 100,00", "pvan": "   0,00", "pvansj": "   0,00", "cand": [{"seq": "46", "n": "55180", "vap": "11", "pvap": "   0,38", "e": "N", "st": "Suplente"}, {"seq": "17", "n": "55680", "vap": "57", "pvap": "   1,95", "e": "N", "st": "Suplente"}, {"seq": "24", "n": "55000", "vap": "37", "pvap": "   1,26", "e": "N", "st": "Suplente"}, {"seq": "48", "n": "55463", "vap": "8", "pvap": "   0,27", "e": "N", "st": "Suplente"}, {"seq": "18", "n": "55222", "vap": "50", "pvap": "   1,71", "e": "N", "st": "Suplente"}, {"seq": "35", "n": "55123", "vap": "21", "pvap": "   0,72", "e": "N", "st": "Suplente"}, {"seq": "30", "n": "55155", "vap": "29", "pvap": "   0,99", "e": "N", "st": "Suplente"}, {"seq": "29", "n": "55111", "vap": "30", "pvap": "   1,02", "e": "N", "st": "Suplente"}, {"seq": "9", "n": "55999", "vap": "74", "pvap": "   2,53", "e": "S", "st": "Eleito"}, {"seq": "6", "n": "55555", "vap": "104", "pvap": "   3,55", "e": "S", "st": "Eleito"}, {"seq": "37", "n": "55333", "vap": "20", "pvap": "   0,68", "e": "N", "st": "Suplente"}, {"seq": "23", "n": "55650", "vap": "40", "pvap": "   1,37", "e": "N", "st": "Suplente"}, {"seq": "32", "n": "55678", "vap": "25", "pvap": "   0,85", "e": "N", "st": "Suplente"}, {"seq": "27", "n": "55661", "vap": "31", "pvap": "   1,06", "e": "N", "st": "Suplente"}, {"seq": "28", "n": "14175", "vap": "30", "pvap": "   1,02", "e": "N", "st": "Suplente"}, {"seq": "49", "n": "14222", "vap": "7", "pvap": "   0,24", "e": "N", "st": "Suplente"}, {"seq": "52", "n": "14333", "vap": "3", "pvap": "   0,10", "e": "N", "st": "Suplente"}, {"seq": "39", "n": "14000", "vap": "16", "pvap": "   0,55", "e": "N", "st": "Suplente"}, {"seq": "45", "n": "14664", "vap": "11", "pvap": "   0,38", "e": "N", "st": "Suplente"}, {"seq": "16", "n": "14660", "vap": "72", "pvap": "   2,46", "e": "N", "st": "Suplente"}, {"seq": "26", "n": "14605", "vap": "32", "pvap": "   1,09", "e": "N", "st": "Suplente"}, {"seq": "7", "n": "14680", "vap": "101", "pvap": "   3,45", "e": "S", "st": "Eleito"}, {"seq": "10", "n": "14633", "vap": "95", "pvap": "   3,25", "e": "N", "st": "Suplente"}, {"seq": "2", "n": "14604", "vap": "153", "pvap": "   5,23", "e": "S", "st": "Eleito"}, {"seq": "57", "n": "14444", "vap": "0", "pvap": "00.00", "e": "N", "st": "Suplente"}, {"seq": "36", "n": "14690", "vap": "20", "pvap": "   0,68", "e": "N", "st": "Suplente"}, {"seq": "65", "n": "13777", "vap": "6", "pvap": "   0,20", "e": "N", "st": "N\u00e3o eleito"}, {"seq": "64", "n": "13556", "vap": "6", "pvap": "   0,20", "e": "N", "st": "N\u00e3o eleito"}, {"seq": "59", "n": "13999", "vap": "100", "pvap": "   3,42", "e": "N", "st": "N\u00e3o eleito"}, {"seq": "66", "n": "13333", "vap": "5", "pvap": "   0,17", "e": "N", "st": "N\u00e3o eleito"}, {"seq": "69", "n": "13456", "vap": "1", "pvap": "   0,03", "e": "N", "st": "N\u00e3o eleito"}, {"seq": "60", "n": "13888", "vap": "22", "pvap": "   0,75", "e": "N", "st": "N\u00e3o eleito"}, {"seq": "68", "n": "13444", "vap": "3", "pvap": "   0,10", "e": "N", "st": "N\u00e3o eleito"}, {"seq": "62", "n": "13131", "vap": "10", "pvap": "   0,34", "e": "N", "st": "N\u00e3o eleito"}, {"seq": "61", "n": "13123", "vap": "19", "pvap": "   0,65", "e": "N", "st": "N\u00e3o eleito"}, {"seq": "67", "n": "13666", "vap": "3", "pvap": "   0,10", "e": "N", "st": "N\u00e3o eleito"}, {"seq": "63", "n": "13555", "vap": "7", "pvap": "   0,24", "e": "N", "st": "N\u00e3o eleito"}, {"seq": "3", "n": "25123", "vap": "152", "pvap": "   5,19", "e": "S", "st": "Eleito"}, {"seq": "56", "n": "25222", "vap": "1", "pvap": "   0,03", "e": "N", "st": "Suplente"}, {"seq": "47", "n": "25130", "vap": "10", "pvap": "   0,34", "e": "N", "st": "Suplente"}, {"seq": "11", "n": "25456", "vap": "77", "pvap": "   2,63", "e": "N", "st": "Suplente"}, {"seq": "58", "n": "25999", "vap": "0", "pvap": "00.00", "e": "N", "st": "Suplente"}, {"seq": "13", "n": "25011", "vap": "75", "pvap": "   2,56", "e": "N", "st": "Suplente"}, {"seq": "4", "n": "25777", "vap": "139", "pvap": "   4,75", "e": "S", "st": "Eleito"}, {"seq": "31", "n": "25555", "vap": "27", "pvap": "   0,92", "e": "N", "st": "Suplente"}, {"seq": "41", "n": "25625", "vap": "15", "pvap": "   0,51", "e": "N", "st": "Suplente"}, {"seq": "5", "n": "23600", "vap": "126", "pvap": "   4,30", "e": "S", "st": "Eleito"}, {"seq": "14", "n": "23123", "vap": "74", "pvap": "   2,53", "e": "N", "st": "Suplente"}, {"seq": "54", "n": "23456", "vap": "2", "pvap": "   0,07", "e": "N", "st": "Suplente"}, {"seq": "40", "n": "23699", "vap": "15", "pvap": "   0,51", "e": "N", "st": "Suplente"}, {"seq": "15", "n": "23700", "vap": "73", "pvap": "   2,49", "e": "N", "st": "Suplente"}, {"seq": "8", "n": "23690", "vap": "92", "pvap": "   3,14", "e": "S", "st": "Eleito"}, {"seq": "19", "n": "23023", "vap": "46", "pvap": "   1,57", "e": "N", "st": "Suplente"}, {"seq": "25", "n": "23333", "vap": "36", "pvap": "   1,23", "e": "N", "st": "Suplente"}, {"seq": "38", "n": "23000", "vap": "19", "pvap": "   0,65", "e": "N", "st": "Suplente"}, {"seq": "50", "n": "23566", "vap": "6", "pvap": "   0,20", "e": "N", "st": "Suplente"}, {"seq": "43", "n": "23588", "vap": "12", "pvap": "   0,41", "e": "N", "st": "Suplente"}, {"seq": "53", "n": "23200", "vap": "3", "pvap": "   0,10", "e": "N", "st": "Suplente"}, {"seq": "12", "n": "23500", "vap": "76", "pvap": "   2,60", "e": "N", "st": "Suplente"}, {"seq": "33", "n": "45678", "vap": "24", "pvap": "   0,82", "e": "N", "st": "Suplente"}, {"seq": "51", "n": "45555", "vap": "5", "pvap": "   0,17", "e": "N", "st": "Suplente"}, {"seq": "42", "n": "45222", "vap": "13", "pvap": "   0,44", "e": "N", "st": "Suplente"}, {"seq": "34", "n": "45666", "vap": "24", "pvap": "   0,82", "e": "N", "st": "Suplente"}, {"seq": "22", "n": "45000", "vap": "42", "pvap": "   1,43", "e": "N", "st": "Suplente"}, {"seq": "1", "n": "45699", "vap": "167", "pvap": "   5,71", "e": "S", "st": "Eleito"}, {"seq": "55", "n": "45690", "vap": "2", "pvap": "   0,07", "e": "N", "st": "Suplente"}, {"seq": "44", "n": "45997", "vap": "12", "pvap": "   0,41", "e": "N", "st": "Suplente"}, {"seq": "20", "n": "45123", "vap": "43", "pvap": "   1,47", "e": "N", "st": "Suplente"}, {"seq": "21", "n": "45114", "vap": "42", "pvap": "   1,43", "e": "N", "st": "Suplente"}]}]}