{"ele": "426", "carper": "13", "t": "1", "f": "O", "esae": "N", "mnae": " ", "dg": "15/11/2020", "hg": "23:45:06", "dv": "S", "nadf": "sp66494-c0013-e000426-002-f", "abr": [{"dt": "15/11/2020", "ht": "22:41:28", "tf": "S", "and": "F", "tpabr": "MU", "cdabr": "66494", "s": "39", "st": "39", "snt": "0", "si": "39", "sni": "0", "sa": "39", "sna": "0", "pst": " 100,00", "psnt": "   0,00", "psi": " 100,00", "psni": "   0,00", "psa": " 100,00", "psna": "   0,00", "e": "13297", "ea": "13297", "ena": "0", "esi": "13297", "esni": "0", "c": "10009", "a": "3288", "pea": " 100,00", "pena": "   0,00", "pesi": " 100,00", "pesni": "   0,00", "pa": "  24,73", "pc": "  75,27", "vscv": "0", "vnom": "8624", "vl": "461", "tv": "10009", "vvc": "9145", "vb": "389", "tvn": "475", "vn": "427", "vnt": "48", "vp": "0", "vv": "9085", "van": "0", "vansj": "60", "pvnom": "  94,93", "pvl": "   5,07", "pvvc": "  91,37", "pvb": "   3,88", "ptvn": "   4,75", "pvn": "  89,89", "pvnt": "  10,11", "pvp": "   0,00", "pvv": "  99,34", "pvan": "   0,00", "pvansj": "   0,66", "colig": [{"n": "250000135047", "tvtn": "859", "tvan": "859", "vag": "1", "tvtl": "9", "tval": "9"}, {"n": "250000136303", "tvtn": "2024", "tvan": "2024", "vag": "3", "tvtl": "80", "tval": "80"}, {"n": "250000136873", "tvtn": "1343", "tvan": "1403", "vag": "2", "tvtl": "17", "tval": "17"}, {"n": "250000135194", "tvtn": "743", "tvan": "776", "vag": "1", "tvtl": "160", "tval": "160"}, {"n": "250000135666", "tvtn": "1626", "tvan": "1641", "vag": "2", "tvtl": "134", "tval": "134"}, {"n": "250000136502", "tvtn": "1508", "tvan": "1508", "vag": "2", "tvtl": "35", "tval": "35"}, {"n": "250000135471", "tvtn": "521", "tvan": "521", "vag": "0", "tvtl": "26", "tval": "26"}], "part": [{"n": "22", "tvtn": "859", "tvan": "859", "tvtl": "9", "tval": "9"}, {"n": "11", "tvtn": "2024", "tvan": "2024", "tvtl": "80", "tval": "80"}, {"n": "55", "tvtn": "1343", "tvan": "1403", "tvtl": "17", "tval": "17"}, {"n": "43", "tvtn": "743", "tvan": "743", "tvtl": "160", "tval": "160"}, {"n": "14", "tvtn": "1626", "tvan": "1626", "tvtl": "134", "tval": "134"}, {"n": "45", "tvtn": "1508", "tvan": "1508", "tvtl": "35", "tval": "35"}, {"n": "13", "tvtn": "521", "tvan": "521", "tvtl": "26", "tval": "26"}], "cand": [{"seq": "25", "n": "22222", "vap": "123", "pvap": "   1,34", "e": "N", "st": "Suplente"}, {"seq": "46", "n": "22456", "vap": "62", "pvap": "   0,68", "e": "N", "st": "Suplente"}, {"seq": "54", "n": "22022", "vap": "52", "pvap": "   0,57", "e": "N", "st": "Suplente"}, {"seq": "44", "n": "22000", "vap": "73", "pvap": "   0,80", "e": "N", "st": "Suplente"}, {"seq": "50", "n": "22321", "vap": "57", "pvap": "   0,62", "e": "N", "st": "Suplente"}, {"seq": "43", "n": "22111", "vap": "74", "pvap": "   0,81", "e": "N", "st": "Suplente"}, {"seq": "10", "n": "22123", "vap": "152", "pvap": "   1,66", "e": "S", "st": "Eleito"}, {"seq": "75", "n": "22777", "vap": "15", "pvap": "   0,16", "e": "N", "st": "Suplente"}, {"seq": "71", "n": "22727", "vap": "25", "pvap": "   0,27", "e": "N", "st": "Suplente"}, {"seq": "34", "n": "22555", "vap": "90", "pvap": "   0,98", "e": "N", "st": "Suplente"}, {"seq": "22", "n": "22345", "vap": "136", "pvap": "   1,49", "e": "N", "st": "Suplente"}, {"seq": "58", "n": "11333", "vap": "46", "pvap": "   0,50", "e": "N", "st": "Suplente"}, {"seq": "14", "n": "11789", "vap": "184", "pvap": "   2,01", "e": "N", "st": "Suplente"}, {"seq": "36", "n": "11000", "vap": "87", "pvap": "   0,95", "e": "N", "st": "Suplente"}, {"seq": "18", "n": "11444", "vap": "147", "pvap": "   1,61", "e": "N", "st": "Suplente"}, {"seq": "57", "n": "11456", "vap": "50", "pvap": "   0,55", "e": "N", "st": "Suplente"}, {"seq": "49", "n": "11355", "vap": "57", "pvap": "   0,62", "e": "N", "st": "Suplente"}, {"seq": "28", "n": "11369", "vap": "113", "pvap": "   1,24", "e": "N", "st": "Suplente"}, {"seq": "20", "n": "11555", "vap": "137", "pvap": "   1,50", "e": "N", "st": "Suplente"}, {"seq": "76", "n": "11888", "vap": "14", "pvap": "   0,15", "e": "N", "st": "Suplente"}, {"seq": "27", "n": "11222", "vap": "116", "pvap": "   1,27", "e": "N", "st": "Suplente"}, {"seq": "15", "n": "11999", "vap": "161", "pvap": "   1,76", "e": "N", "st": "Suplente"}, {"seq": "23", "n": "11580", "vap": "133", "pvap": "   1,45", "e": "N", "st": "Suplente"}, {"seq": "42", "n": "11500", "vap": "76", "pvap": "   0,83", "e": "N", "st": "Suplente"}, {"seq": "8", "n": "11666", "vap": "215", "pvap": "   2,35", "e": "S", "st": "Eleito"}, {"seq": "9", "n": "11123", "vap": "205", "pvap": "   2,24", "e": "S", "st": "Eleito"}, {"seq": "4", "n": "11111", "vap": "283", "pvap": "   3,09", "e": "S", "st": "Eleito"}, {"seq": "53", "n": "55777", "vap": "54", "pvap": "   0,59", "e": "N", "st": "Suplente"}, {"seq": "77", "n": "55666", "vap": "11", "pvap": "   0,12", "e": "N", "st": "Suplente"}, {"seq": "83", "n": "55999", "vap": "60", "pvap": "   0,66", "e": "N", "st": "N\u00e3o eleito"}, {"seq": "38", "n": "55226", "vap": "84", "pvap": "   0,92", "e": "N", "st": "Suplente"}, {"seq": "62", "n": "55432", "vap": "37", "pvap": "   0,40", "e": "N", "st": "Suplente"}, {"seq": "47", "n": "55252", "vap": "62", "pvap": "   0,68", "e": "N", "st": "Suplente"}, {"seq": "66", "n": "55111", "vap": "29", "pvap": "   0,32", "e": "N", "st": "Suplente"}, {"seq": "5", "n": "55555", "vap": "258", "pvap": "   2,82", "e": "S", "st": "Eleito"}, {"seq": "79", "n": "55500", "vap": "2", "pvap": "   0,02", "e": "N", "st": "Suplente"}, {"seq": "13", "n": "55055", "vap": "215", "pvap": "   2,35", "e": "N", "st": "Suplente"}, {"seq": "6", "n": "55000", "vap": "231", "pvap": "   2,53", "e": "S", "st": "Eleito"}, {"seq": "31", "n": "55333", "vap": "96", "pvap": "   1,05", "e": "N", "st": "Suplente"}, {"seq": "16", "n": "55234", "vap": "159", "pvap": "   1,74", "e": "N", "st": "Suplente"}, {"seq": "73", "n": "55800", "vap": "21", "pvap": "   0,23", "e": "N", "st": "Suplente"}, {"seq": "39", "n": "55123", "vap": "84", "pvap": "   0,92", "e": "N", "st": "Suplente"}, {"seq": "32", "n": "43123", "vap": "95", "pvap": "   1,04", "e": "N", "st": "Suplente"}, {"seq": "55", "n": "43133", "vap": "51", "pvap": "   0,56", "e": "N", "st": "Suplente"}, {"seq": "40", "n": "43888", "vap": "81", "pvap": "   0,89", "e": "N", "st": "Suplente"}, {"seq": "41", "n": "43999", "vap": "76", "pvap": "   0,83", "e": "N", "st": "Suplente"}, {"seq": "11", "n": "43414", "vap": "138", "pvap": "   1,51", "e": "S", "st": "Eleito"}, {"seq": "45", "n": "43131", "vap": "62", "pvap": "   0,68", "e": "N", "st": "Suplente"}, {"seq": "48", "n": "43767", "vap": "57", "pvap": "   0,62", "e": "N", "st": "Suplente"}, {"seq": "78", "n": "43727", "vap": "7", "pvap": "   0,08", "e": "N", "st": "Suplente"}, {"seq": "59", "n": "43356", "vap": "43", "pvap": "   0,47", "e": "N", "st": "Suplente"}, {"seq": "72", "n": "43216", "vap": "24", "pvap": "   0,26", "e": "N", "st": "Suplente"}, {"seq": "29", "n": "43333", "vap": "109", "pvap": "   1,19", "e": "N", "st": "Suplente"}, {"seq": "51", "n": "14222", "vap": "56", "pvap": "   0,61", "e": "N", "st": "Suplente"}, {"seq": "26", "n": "14444", "vap": "120", "pvap": "   1,31", "e": "N", "st": "Suplente"}, {"seq": "56", "n": "14210", "vap": "51", "pvap": "   0,56", "e": "N", "st": "Suplente"}, {"seq": "2", "n": "14650", "vap": "362", "pvap": "   3,96", "e": "S", "st": "Eleito"}, {"seq": "63", "n": "14567", "vap": "36", "pvap": "   0,39", "e": "N", "st": "Suplente"}, {"seq": "65", "n": "14123", "vap": "30", "pvap": "   0,33", "e": "N", "st": "Suplente"}, {"seq": "64", "n": "14555", "vap": "31", "pvap": "   0,34", "e": "N", "st": "Suplente"}, {"seq": "69", "n": "14105", "vap": "28", "pvap": "   0,31", "e": "N", "st": "Suplente"}, {"seq": "12", "n": "14888", "vap": "244", "pvap": "   2,67", "e": "N", "st": "Suplente"}, {"seq": "52", "n": "14777", "vap": "55", "pvap": "   0,60", "e": "N", "st": "Suplente"}, {"seq": "1", "n": "14000", "vap": "476", "pvap": "   5,21", "e": "S", "st": "Eleito"}, {"seq": "80", "n": "14900", "vap": "0", "pvap": "00.00", "e": "N", "st": "Suplente"}, {"seq": "19", "n": "14610", "vap": "137", "pvap": "   1,50", "e": "N", "st": "Suplente"}, {"seq": "3", "n": "45444", "vap": "319", "pvap": "   3,49", "e": "S", "st": "Eleito"}, {"seq": "68", "n": "45110", "vap": "28", "pvap": "   0,31", "e": "N", "st": "Suplente"}, {"seq": "17", "n": "45611", "vap": "150", "pvap": "   1,64", "e": "N", "st": "Suplente"}, {"seq": "21", "n": "45789", "vap": "136", "pvap": "   1,49", "e": "N", "st": "Suplente"}, {"seq": "35", "n": "45333", "vap": "88", "pvap": "   0,96", "e": "N", "st": "Suplente"}, {"seq": "67", "n": "45888", "vap": "29", "pvap": "   0,32", "e": "N", "st": "Suplente"}, {"seq": "7", "n": "45555", "vap": "223", "pvap": "   2,44", "e": "S", "st": "Eleito"}, {"seq": "74", "n": "45000", "vap": "18", "pvap": "   0,20", "e": "N", "st": "Suplente"}, {"seq": "30", "n": "45500", "vap": "99", "pvap": "   1,08", "e": "N", "st": "Suplente"}, {"seq": "33", "n": "45610", "vap": "94", "pvap": "   1,03", "e": "N", "st": "Suplente"}, {"seq": "60", "n": "45155", "vap": "43", "pvap": "   0,47", "e": "N", "st": "Suplente"}, {"seq": "37", "n": "45666", "vap": "85", "pvap": "   0,93", "e": "N", "st": "Suplente"}, {"seq": "70", "n": "45083", "vap": "27", "pvap": "   0,30", "e": "N", "st": "Suplente"}, {"seq": "61", "n": "45777", "vap": "40", "pvap": "   0,44", "e": "N", "st": "Suplente"}, {"seq": "24", "n": "45678", "vap": "129", "pvap": "   1,41", "e": "N", "st": "Suplente"}, {"seq": "91", "n": "13163", "vap": "9", "pvap": "   0,10", "e": "N", "st": "N\u00e3o eleito"}, {"seq": "96", "n": "13213", "vap": "3", "pvap": "   0,03", "e": "N", "st": "N\u00e3o eleito"}, {"seq": "94", "n": "13013", "vap": "5", "pvap": "   0,05", "e": "N", "st": "N\u00e3o eleito"}, {"seq": "90", "n": "13313", "vap": "13", "pvap": "   0,14", "e": "N", "st": "N\u00e3o eleito"}, {"seq": "81", "n": "13123", "vap": "156", "pvap": "   1,71", "e": "N", "st": "N\u00e3o eleito"}, {"seq": "93", "n": "13777", "vap": "6", "pvap": "   0,07", "e": "N", "st": "N\u00e3o eleito"}, {"seq": "86", "n": "13666", "vap": "40", "pvap": "   0,44", "e": "N", "st": "N\u00e3o eleito"}, {"seq": "95", "n": "13700", "vap": "4", "pvap": "   0,04", "e": "N", "st": "N\u00e3o eleito"}, {"seq": "85", "n": "13333", "vap": "53", "pvap": "   0,58", "e": "N", "st": "N\u00e3o eleito"}, {"seq": "84", "n": "13111", "vap": "59", "pvap": "   0,65", "e": "N", "st": "N\u00e3o eleito"}, {"seq": "88", "n": "13222", "vap": "26", "pvap": "   0,28", "e": "N", "st": "N\u00e3o eleito"}, {"seq": "92", "n": "13278", "vap": "8", "pvap": "   0,09", "e": "N", "st": "N\u00e3o eleito"}, {"seq": "87", "n": "13999", "vap": "27", "pvap": "   0,30", "e": "N", "st": "N\u00e3o eleito"}, {"seq": "89", "n": "13600", "vap": "25", "pvap": "   0,27", "e": "N", "st": "N\u00e3o eleito"}, {"seq": "82", "n": "13000", "vap": "87", "pvap": "   0,95", "e": "N", "st": "N\u00e3o eleito"}]}, {"dt": "15/11/2020", "ht": "22:41:28", "tf": "S", "and": "F", "tpabr": "ZONA", "cdabr": "69", "s": "39", "st": "39", "snt": "0", "si": "39", "sni": "0", "sa": "39", "sna": "0", "pst": " 100,00", "psnt": "   0,00", "psi": " 100,00", "psni": "   0,00", "psa": " 100,00", "psna": "   0,00", "e": "13297", "ea": "13297", "ena": "0", "esi": "13297", "esni": "0", "a": "3288", "c": "10009", "pea": " 100,00", "pena": "   0,00", "pesi": " 100,00", "pesni": "   0,00", "pa": "  24,73", "pc": "  75,27", "vnom": "8624", "vscv": "0", "vl": "461", "tv": "10009", "vvc": "9145", "vb": "389", "tvn": "475", "vn": "427", "vnt": "48", "vp": "0", "vv": "9085", "van": "0", "vansj": "60", "pvnom": "  94,93", "pvl": "   5,07", "pvvc": "  91,37", "pvb": "   3,88", "ptvn": "   4,75", "pvn": "  89,89", "pvnt": "  10,11", "pvp": "   0,00", "pvv": "  99,34", "pvan": "   0,00", "pvansj": "   0,66", "cand": [{"seq": "28", "n": "11369", "vap": "113", "pvap": "   1,24", "e": "N", "st": "Suplente"}, {"seq": "9", "n": "11123", "vap": "205", "pvap": "   2,24", "e": "S", "st": "Eleito"}, {"seq": "18", "n": "11444", "vap": "147", "pvap": "   1,61", "e": "N", "st": "Suplente"}, {"seq": "76", "n": "11888", "vap": "14", "pvap": "   0,15", "e": "N", "st": "Suplente"}, {"seq": "27", "n": "11222", "vap": "116", "pvap": "   1,27", "e": "N", "st": "Suplente"}, {"seq": "14", "n": "11789", "vap": "184", "pvap": "   2,01", "e": "N", "st": "Suplente"}, {"seq": "20", "n": "11555", "vap": "137", "pvap": "   1,50", "e": "N", "st": "Suplente"}, {"seq": "23", "n": "11580", "vap": "133", "pvap": "   1,45", "e": "N", "st": "Suplente"}, {"seq": "57", "n": "11456", "vap": "50", "pvap": "   0,55", "e": "N", "st": "Suplente"}, {"seq": "49", "n": "11355", "vap": "57", "pvap": "   0,62", "e": "N", "st": "Suplente"}, {"seq": "58", "n": "11333", "vap": "46", "pvap": "   0,50", "e": "N", "st": "Suplente"}, {"seq": "4", "n": "11111", "vap": "283", "pvap": "   3,09", "e": "S", "st": "Eleito"}, {"seq": "15", "n": "11999", "vap": "161", "pvap": "   1,76", "e": "N", "st": "Suplente"}, {"seq": "8", "n": "11666", "vap": "215", "pvap": "   2,35", "e": "S", "st": "Eleito"}, {"seq": "42", "n": "11500", "vap": "76", "pvap": "   0,83", "e": "N", "st": "Suplente"}, {"seq": "36", "n": "11000", "vap": "87", "pvap": "   0,95", "e": "N", "st": "Suplente"}, {"seq": "50", "n": "22321", "vap": "57", "pvap": "   0,62", "e": "N", "st": "Suplente"}, {"seq": "54", "n": "22022", "vap": "52", "pvap": "   0,57", "e": "N", "st": "Suplente"}, {"seq": "22", "n": "22345", "vap": "136", "pvap": "   1,49", "e": "N", "st": "Suplente"}, {"seq": "44", "n": "22000", "vap": "73", "pvap": "   0,80", "e": "N", "st": "Suplente"}, {"seq": "71", "n": "22727", "vap": "25", "pvap": "   0,27", "e": "N", "st": "Suplente"}, {"seq": "10", "n": "22123", "vap": "152", "pvap": "   1,66", "e": "S", "st": "Eleito"}, {"seq": "46", "n": "22456", "vap": "62", "pvap": "   0,68", "e": "N", "st": "Suplente"}, {"seq": "25", "n": "22222", "vap": "123", "pvap": "   1,34", "e": "N", "st": "Suplente"}, {"seq": "75", "n": "22777", "vap": "15", "pvap": "   0,16", "e": "N", "st": "Suplente"}, {"seq": "43", "n": "22111", "vap": "74", "pvap": "   0,81", "e": "N", "st": "Suplente"}, {"seq": "34", "n": "22555", "vap": "90", "pvap": "   0,98", "e": "N", "st": "Suplente"}, {"seq": "69", "n": "14105", "vap": "28", "pvap": "   0,31", "e": "N", "st": "Suplente"}, {"seq": "65", "n": "14123", "vap": "30", "pvap": "   0,33", "e": "N", "st": "Suplente"}, {"seq": "64", "n": "14555", "vap": "31", "pvap": "   0,34", "e": "N", "st": "Suplente"}, {"seq": "2", "n": "14650", "vap": "362", "pvap": "   3,96", "e": "S", "st": "Eleito"}, {"seq": "80", "n": "14900", "vap": "0", "pvap": "00.00", "e": "N", "st": "Suplente"}, {"seq": "51", "n": "14222", "vap": "56", "pvap": "   0,61", "e": "N", "st": "Suplente"}, {"seq": "19", "n": "14610", "vap": "137", "pvap": "   1,50", "e": "N", "st": "Suplente"}, {"seq": "56", "n": "14210", "vap": "51", "pvap": "   0,56", "e": "N", "st": "Suplente"}, {"seq": "1", "n": "14000", "vap": "476", "pvap": "   5,21", "e": "S", "st": "Eleito"}, {"seq": "26", "n": "14444", "vap": "120", "pvap": "   1,31", "e": "N", "st": "Suplente"}, {"seq": "63", "n": "14567", "vap": "36", "pvap": "   0,39", "e": "N", "st": "Suplente"}, {"seq": "52", "n": "14777", "vap": "55", "pvap": "   0,60", "e": "N", "st": "Suplente"}, {"seq": "12", "n": "14888", "vap": "244", "pvap": "   2,67", "e": "N", "st": "Suplente"}, {"seq": "90", "n": "13313", "vap": "13", "pvap": "   0,14", "e": "N", "st": "N\u00e3o eleito"}, {"seq": "88", "n": "13222", "vap": "26", "pvap": "   0,28", "e": "N", "st": "N\u00e3o eleito"}, {"seq": "89", "n": "13600", "vap": "25", "pvap": "   0,27", "e": "N", "st": "N\u00e3o eleito"}, {"seq": "93", "n": "13777", "vap": "6", "pvap": "   0,07", "e": "N", "st": "N\u00e3o eleito"}, {"seq": "95", "n": "13700", "vap": "4", "pvap": "   0,04", "e": "N", "st": "N\u00e3o eleito"}, {"seq": "84", "n": "13111", "vap": "59", "pvap": "   0,65", "e": "N", "st": "N\u00e3o eleito"}, {"seq": "94", "n": "13013", "vap": "5", "pvap": "   0,05", "e": "N", "st": "N\u00e3o eleito"}, {"seq": "82", "n": "13000", "vap": "87", "pvap": "   0,95", "e": "N", "st": "N\u00e3o eleito"}, {"seq": "96", "n": "13213", "vap": "3", "pvap": "   0,03", "e": "N", "st": "N\u00e3o eleito"}, {"seq": "87", "n": "13999", "vap": "27", "pvap": "   0,30", "e": "N", "st": "N\u00e3o eleito"}, {"seq": "85", "n": "13333", "vap": "53", "pvap": "   0,58", "e": "N", "st": "N\u00e3o eleito"}, {"seq": "92", "n": "13278", "vap": "8", "pvap": "   0,09", "e": "N", "st": "N\u00e3o eleito"}, {"seq": "86", "n": "13666", "vap": "40", "pvap": "   0,44", "e": "N", "st": "N\u00e3o eleito"}, {"seq": "91", "n": "13163", "vap": "9", "pvap": "   0,10", "e": "N", "st": "N\u00e3o eleito"}, {"seq": "81", "n": "13123", "vap": "156", "pvap": "   1,71", "e": "N", "st": "N\u00e3o eleito"}, {"seq": "83", "n": "55999", "vap": "60", "pvap": "   0,66", "e": "N", "st": "N\u00e3o eleito"}, {"seq": "47", "n": "55252", "vap": "62", "pvap": "   0,68", "e": "N", "st": "Suplente"}, {"seq": "66", "n": "55111", "vap": "29", "pvap": "   0,32", "e": "N", "st": "Suplente"}, {"seq": "62", "n": "55432", "vap": "37", "pvap": "   0,40", "e": "N", "st": "Suplente"}, {"seq": "31", "n": "55333", "vap": "96", "pvap": "   1,05", "e": "N", "st": "Suplente"}, {"seq": "13", "n": "55055", "vap": "215", "pvap": "   2,35", "e": "N", "st": "Suplente"}, {"seq": "53", "n": "55777", "vap": "54", "pvap": "   0,59", "e": "N", "st": "Suplente"}, {"seq": "5", "n": "55555", "vap": "258", "pvap": "   2,82", "e": "S", "st": "Eleito"}, {"seq": "39", "n": "55123", "vap": "84", "pvap": "   0,92", "e": "N", "st": "Suplente"}, {"seq": "77", "n": "55666", "vap": "11", "pvap": "   0,12", "e": "N", "st": "Suplente"}, {"seq": "16", "n": "55234", "vap": "159", "pvap": "   1,74", "e": "N", "st": "Suplente"}, {"seq": "79", "n": "55500", "vap": "2", "pvap": "   0,02", "e": "N", "st": "Suplente"}, {"seq": "38", "n": "55226", "vap": "84", "pvap": "   0,92", "e": "N", "st": "Suplente"}, {"seq": "73", "n": "55800", "vap": "21", "pvap": "   0,23", "e": "N", "st": "Suplente"}, {"seq": "6", "n": "55000", "vap": "231", "pvap": "   2,53", "e": "S", "st": "Eleito"}, {"seq": "61", "n": "45777", "vap": "40", "pvap": "   0,44", "e": "N", "st": "Suplente"}, {"seq": "24", "n": "45678", "vap": "129", "pvap": "   1,41", "e": "N", "st": "Suplente"}, {"seq": "7", "n": "45555", "vap": "223", "pvap": "   2,44", "e": "S", "st": "Eleito"}, {"seq": "3", "n": "45444", "vap": "319", "pvap": "   3,49", "e": "S", "st": "Eleito"}, {"seq": "17", "n": "45611", "vap": "150", "pvap": "   1,64", "e": "N", "st": "Suplente"}, {"seq": "35", "n": "45333", "vap": "88", "pvap": "   0,96", "e": "N", "st": "Suplente"}, {"seq": "30", "n": "45500", "vap": "99", "pvap": "   1,08", "e": "N", "st": "Suplente"}, {"seq": "70", "n": "45083", "vap": "27", "pvap": "   0,30", "e": "N", "st": "Suplente"}, {"seq": "60", "n": "45155", "vap": "43", "pvap": "   0,47", "e": "N", "st": "Suplente"}, {"seq": "21", "n": "45789", "vap": "136", "pvap": "   1,49", "e": "N", "st": "Suplente"}, {"seq": "37", "n": "45666", "vap": "85", "pvap": "   0,93", "e": "N", "st": "Suplente"}, {"seq": "33", "n": "45610", "vap": "94", "pvap": "   1,03", "e": "N", "st": "Suplente"}, {"seq": "67", "n": "45888", "vap": "29", "pvap": "   0,32", "e": "N", "st": "Suplente"}, {"seq": "68", "n": "45110", "vap": "28", "pvap": "   0,31", "e": "N", "st": "Suplente"}, {"seq": "74", "n": "45000", "vap": "18", "pvap": "   0,20", "e": "N", "st": "Suplente"}, {"seq": "40", "n": "43888", "vap": "81", "pvap": "   0,89", "e": "N", "st": "Suplente"}, {"seq": "78", "n": "43727", "vap": "7", "pvap": "   0,08", "e": "N", "st": "Suplente"}, {"seq": "41", "n": "43999", "vap": "76", "pvap": "   0,83", "e": "N", "st": "Suplente"}, {"seq": "45", "n": "43131", "vap": "62", "pvap": "   0,68", "e": "N", "st": "Suplente"}, {"seq": "55", "n": "43133", "vap": "51", "pvap": "   0,56", "e": "N", "st": "Suplente"}, {"seq": "29", "n": "43333", "vap": "109", "pvap": "   1,19", "e": "N", "st": "Suplente"}, {"seq": "11", "n": "43414", "vap": "138", "pvap": "   1,51", "e": "S", "st": "Eleito"}, {"seq": "59", "n": "43356", "vap": "43", "pvap": "   0,47", "e": "N", "st": "Suplente"}, {"seq": "48", "n": "43767", "vap": "57", "pvap": "   0,62", "e": "N", "st": "Suplente"}, {"seq": "72", "n": "43216", "vap": "24", "pvap": "   0,26", "e": "N", "st": "Suplente"}, {"seq": "32", "n": "43123", "vap": "95", "pvap": "   1,04", "e": "N", "st": "Suplente"}]}]}