{"ele": "426", "carper": "13", "t": "1", "f": "O", "esae": "N", "mnae": " ", "dg": "19/11/2020", "hg": "13:47:09", "dv": "S", "nadf": "sp71137-c0013-e000426-005-f", "abr": [{"dt": "19/11/2020", "ht": "13:44:27", "tf": "S", "and": "F", "tpabr": "MU", "cdabr": "71137", "s": "158", "st": "158", "snt": "0", "si": "158", "sni": "0", "sa": "158", "sna": "0", "pst": " 100,00", "psnt": "   0,00", "psi": " 100,00", "psni": "   0,00", "psa": " 100,00", "psna": "   0,00", "e": "62027", "ea": "62027", "ena": "0", "esi": "62027", "esni": "0", "c": "43896", "a": "18131", "pea": " 100,00", "pena": "   0,00", "pesi": " 100,00", "pesni": "   0,00", "pa": "  29,23", "pc": "  70,77", "vscv": "0", "vnom": "36153", "vl": "2153", "tv": "43896", "vvc": "38552", "vb": "2820", "tvn": "2524", "vn": "2502", "vnt": "22", "vp": "0", "vv": "38306", "van": "202", "vansj": "44", "pvnom": "  94,38", "pvl": "   5,62", "pvvc": "  87,83", "pvb": "   6,42", "ptvn": "   5,75", "pvn": "  99,13", "pvnt": "   0,87", "pvp": "   0,00", "pvv": "  99,36", "pvan": "   0,52", "pvansj": "   0,12", "colig": [{"n": "250000101076", "tvtn": "1685", "tvan": "1685", "vag": "0", "tvtl": "48", "tval": "48"}, {"n": "250000077804", "tvtn": "4956", "tvan": "4956", "vag": "3", "tvtl": "642", "tval": "642"}, {"n": "250000087075", "tvtn": "2038", "tvan": "2038", "vag": "1", "tvtl": "47", "tval": "47"}, {"n": "250000087216", "tvtn": "868", "tvan": "898", "vag": "0", "tvtl": "57", "tval": "57"}, {"n": "250000116833", "tvtn": "2380", "tvan": "2380", "vag": "1", "tvtl": "45", "tval": "45"}, {"n": "250000110717", "tvtn": "1568", "tvan": "1582", "vag": "0", "tvtl": "99", "tval": "99"}, {"n": "250000157873", "tvtn": "3409", "tvan": "3409", "vag": "2", "tvtl": "66", "tval": "66"}, {"n": "250000058234", "tvtn": "718", "tvan": "718", "vag": "0", "tvtl": "12", "tval": "12"}, {"n": "250000150362", "tvtn": "4125", "tvan": "4125", "vag": "2", "tvtl": "87", "tval": "87"}, {"n": "250000150463", "tvtn": "476", "tvan": "477", "vag": "0", "tvtl": "31", "tval": "31"}, {"n": "250000148371", "tvtn": "4457", "tvan": "4460", "vag": "2", "tvtl": "46", "tval": "46"}, {"n": "250000110373", "tvtn": "973", "tvan": "977", "vag": "0", "tvtl": "21", "tval": "21"}, {"n": "250000057038", "tvtn": "479", "tvan": "655", "vag": "0", "tvtl": "65", "tval": "65"}, {"n": "250000148595", "tvtn": "4937", "tvan": "4977", "vag": "3", "tvtl": "764", "tval": "764"}, {"n": "250000149174", "tvtn": "2931", "tvan": "2931", "vag": "1", "tvtl": "44", "tval": "44"}, {"n": "250000057156", "tvtn": "153", "tvan": "153", "vag": "0", "tvtl": "79", "tval": "79"}], "part": [{"n": "10", "tvtn": "1685", "tvan": "1685", "tvtl": "48", "tval": "48"}, {"n": "19", "tvtn": "4956", "tvan": "4956", "tvtl": "642", "tval": "642"}, {"n": "18", "tvtn": "2038", "tvan": "2038", "tvtl": "47", "tval": "47"}, {"n": "15", "tvtn": "868", "tvan": "876", "tvtl": "57", "tval": "57"}, {"n": "25", "tvtn": "2380", "tvan": "2380", "tvtl": "45", "tval": "45"}, {"n": "12", "tvtn": "1568", "tvan": "1582", "tvtl": "99", "tval": "99"}, {"n": "22", "tvtn": "3409", "tvan": "3409", "tvtl": "66", "tval": "66"}, {"n": "28", "tvtn": "718", "tvan": "718", "tvtl": "12", "tval": "12"}, {"n": "11", "tvtn": "4125", "tvan": "4125", "tvtl": "87", "tval": "87"}, {"n": "70", "tvtn": "476", "tvan": "477", "tvtl": "31", "tval": "31"}, {"n": "40", "tvtn": "4457", "tvan": "4460", "tvtl": "46", "tval": "46"}, {"n": "36", "tvtn": "973", "tvan": "977", "tvtl": "21", "tval": "21"}, {"n": "14", "tvtn": "479", "tvan": "655", "tvtl": "65", "tval": "65"}, {"n": "45", "tvtn": "4937", "tvan": "4977", "tvtl": "764", "tval": "764"}, {"n": "55", "tvtn": "2931", "tvan": "2931", "tvtl": "44", "tval": "44"}, {"n": "17", "tvtn": "153", "tvan": "153", "tvtl": "79", "tval": "79"}], "cand": [{"seq": "193", "n": "10100", "vap": "50", "pvap": "   0,13", "e": "N", "st": "N\u00e3o eleito"}, {"seq": "167", "n": "10110", "vap": "180", "pvap": "   0,47", "e": "N", "st": "N\u00e3o eleito"}, {"seq": "266", "n": "10060", "vap": "5", "pvap": "   0,01", "e": "N", "st": "N\u00e3o eleito"}, {"seq": "175", "n": "10222", "vap": "93", "pvap": "   0,24", "e": "N", "st": "N\u00e3o eleito"}, {"seq": "245", "n": "10421", "vap": "15", "pvap": "   0,04", "e": "N", "st": "N\u00e3o eleito"}, {"seq": "163", "n": "10000", "vap": "262", "pvap": "   0,68", "e": "N", "st": "N\u00e3o eleito"}, {"seq": "186", "n": "10020", "vap": "71", "pvap": "   0,18", "e": "N", "st": "N\u00e3o eleito"}, {"seq": "159", "n": "10123", "vap": "530", "pvap": "   1,37", "e": "N", "st": "N\u00e3o eleito"}, {"seq": "218", "n": "10320", "vap": "34", "pvap": "   0,09", "e": "N", "st": "N\u00e3o eleito"}, {"seq": "185", "n": "10113", "vap": "74", "pvap": "   0,19", "e": "N", "st": "N\u00e3o eleito"}, {"seq": "272", "n": "10014", "vap": "3", "pvap": "   0,01", "e": "N", "st": "N\u00e3o eleito"}, {"seq": "178", "n": "10051", "vap": "90", "pvap": "   0,23", "e": "N", "st": "N\u00e3o eleito"}, {"seq": "240", "n": "10400", "vap": "18", "pvap": "   0,05", "e": "N", "st": "N\u00e3o eleito"}, {"seq": "195", "n": "10021", "vap": "47", "pvap": "   0,12", "e": "N", "st": "N\u00e3o eleito"}, {"seq": "220", "n": "10555", "vap": "33", "pvap": "   0,09", "e": "N", "st": "N\u00e3o eleito"}, {"seq": "188", "n": "10710", "vap": "70", "pvap": "   0,18", "e": "N", "st": "N\u00e3o eleito"}, {"seq": "191", "n": "10010", "vap": "54", "pvap": "   0,14", "e": "N", "st": "N\u00e3o eleito"}, {"seq": "190", "n": "10230", "vap": "56", "pvap": "   0,15", "e": "N", "st": "N\u00e3o eleito"}, {"seq": "31", "n": "19007", "vap": "280", "pvap": "   0,73", "e": "N", "st": "Suplente"}, {"seq": "66", "n": "19777", "vap": "110", "pvap": "   0,29", "e": "N", "st": "Suplente"}, {"seq": "40", "n": "19100", "vap": "230", "pvap": "   0,60", "e": "N", "st": "Suplente"}, {"seq": "52", "n": "19170", "vap": "167", "pvap": "   0,43", "e": "N", "st": "Suplente"}, {"seq": "10", "n": "19019", "vap": "570", "pvap": "   1,48", "e": "S", "st": "Eleito"}, {"seq": "44", "n": "19123", "vap": "214", "pvap": "   0,56", "e": "N", "st": "Suplente"}, {"seq": "56", "n": "19199", "vap": "142", "pvap": "   0,37", "e": "N", "st": "Suplente"}, {"seq": "92", "n": "19119", "vap": "60", "pvap": "   0,16", "e": "N", "st": "Suplente"}, {"seq": "121", "n": "19325", "vap": "36", "pvap": "   0,09", "e": "N", "st": "Suplente"}, {"seq": "35", "n": "19555", "vap": "247", "pvap": "   0,64", "e": "N", "st": "Suplente"}, {"seq": "6", "n": "19999", "vap": "951", "pvap": "   2,47", "e": "S", "st": "Eleito"}, {"seq": "47", "n": "19500", "vap": "212", "pvap": "   0,55", "e": "N", "st": "Suplente"}, {"seq": "113", "n": "19345", "vap": "43", "pvap": "   0,11", "e": "N", "st": "Suplente"}, {"seq": "32", "n": "19888", "vap": "263", "pvap": "   0,68", "e": "N", "st": "Suplente"}, {"seq": "60", "n": "19190", "vap": "128", "pvap": "   0,33", "e": "N", "st": "Suplente"}, {"seq": "53", "n": "19222", "vap": "161", "pvap": "   0,42", "e": "N", "st": "Suplente"}, {"seq": "30", "n": "19000", "vap": "290", "pvap": "   0,75", "e": "N", "st": "Suplente"}, {"seq": "85", "n": "19040", "vap": "67", "pvap": "   0,17", "e": "N", "st": "Suplente"}, {"seq": "15", "n": "19456", "vap": "401", "pvap": "   1,04", "e": "S", "st": "Eleito"}, {"seq": "33", "n": "19333", "vap": "262", "pvap": "   0,68", "e": "N", "st": "Suplente"}, {"seq": "62", "n": "19678", "vap": "122", "pvap": "   0,32", "e": "N", "st": "Suplente"}, {"seq": "54", "n": "18111", "vap": "144", "pvap": "   0,37", "e": "N", "st": "Suplente"}, {"seq": "39", "n": "18018", "vap": "233", "pvap": "   0,60", "e": "N", "st": "Suplente"}, {"seq": "69", "n": "18090", "vap": "101", "pvap": "   0,26", "e": "N", "st": "Suplente"}, {"seq": "42", "n": "18007", "vap": "221", "pvap": "   0,57", "e": "N", "st": "Suplente"}, {"seq": "144", "n": "18133", "vap": "15", "pvap": "   0,04", "e": "N", "st": "Suplente"}, {"seq": "89", "n": "18123", "vap": "62", "pvap": "   0,16", "e": "N", "st": "Suplente"}, {"seq": "129", "n": "18222", "vap": "25", "pvap": "   0,06", "e": "N", "st": "Suplente"}, {"seq": "116", "n": "18999", "vap": "39", "pvap": "   0,10", "e": "N", "st": "Suplente"}, {"seq": "149", "n": "18666", "vap": "11", "pvap": "   0,03", "e": "N", "st": "Suplente"}, {"seq": "110", "n": "18777", "vap": "45", "pvap": "   0,12", "e": "N", "st": "Suplente"}, {"seq": "134", "n": "18244", "vap": "22", "pvap": "   0,06", "e": "N", "st": "Suplente"}, {"seq": "11", "n": "18000", "vap": "550", "pvap": "   1,43", "e": "S", "st": "Eleito"}, {"seq": "59", "n": "18020", "vap": "128", "pvap": "   0,33", "e": "N", "st": "Suplente"}, {"seq": "50", "n": "18202", "vap": "182", "pvap": "   0,47", "e": "N", "st": "Suplente"}, {"seq": "87", "n": "18024", "vap": "64", "pvap": "   0,17", "e": "N", "st": "Suplente"}, {"seq": "99", "n": "18888", "vap": "54", "pvap": "   0,14", "e": "N", "st": "Suplente"}, {"seq": "63", "n": "18321", "vap": "121", "pvap": "   0,31", "e": "N", "st": "Suplente"}, {"seq": "151", "n": "18333", "vap": "8", "pvap": "   0,02", "e": "N", "st": "Suplente"}, {"seq": "145", "n": "18861", "vap": "13", "pvap": "   0,03", "e": "N", "st": "Suplente"}, {"seq": "258", "n": "15005", "vap": "8", "pvap": "   0,02", "e": "N", "st": "N\u00e3o eleito"}, {"seq": "198", "n": "15015", "vap": "46", "pvap": "   0,12", "e": "N", "st": "N\u00e3o eleito"}, {"seq": "179", "n": "15000", "vap": "89", "pvap": "   0,23", "e": "N", "st": "N\u00e3o eleito"}, {"seq": "192", "n": "15206", "vap": "51", "pvap": "   0,13", "e": "N", "st": "N\u00e3o eleito"}, {"seq": "199", "n": "15321", "vap": "46", "pvap": "   0,12", "e": "N", "st": "N\u00e3o eleito"}, {"seq": "260", "n": "15678", "vap": "7", "pvap": "   0,02", "e": "N", "st": "N\u00e3o eleito"}, {"seq": "239", "n": "15003", "vap": "19", "pvap": "   0,05", "e": "N", "st": "N\u00e3o eleito"}, {"seq": "200", "n": "15007", "vap": "45", "pvap": "   0,12", "e": "N", "st": "N\u00e3o eleito"}, {"seq": "256", "n": "15156", "vap": "9", "pvap": "   0,02", "e": "N", "st": "N\u00e3o eleito"}, {"seq": "165", "n": "15777", "vap": "219", "pvap": "   0,57", "e": "N", "st": "N\u00e3o eleito"}, {"seq": "259", "n": "15900", "vap": "7", "pvap": "   0,02", "e": "N", "st": "N\u00e3o eleito"}, {"seq": "246", "n": "15055", "vap": "14", "pvap": "   0,04", "e": "N", "st": "N\u00e3o eleito"}, {"seq": "176", "n": "15515", "vap": "93", "pvap": "   0,24", "e": "N", "st": "N\u00e3o eleito"}, {"seq": "213", "n": "15193", "vap": "39", "pvap": "   0,10", "e": "N", "st": "N\u00e3o eleito"}, {"seq": "234", "n": "15111", "vap": "22", "pvap": "   0,06", "e": "N", "st": "N\u00e3o eleito"}, {"seq": "212", "n": "15357", "vap": "39", "pvap": "   0,10", "e": "N", "st": "N\u00e3o eleito"}, {"seq": "235", "n": "15008", "vap": "22", "pvap": "   0,06", "e": "N", "st": "N\u00e3o eleito"}, {"seq": "201", "n": "15222", "vap": "45", "pvap": "   0,12", "e": "N", "st": "N\u00e3o eleito"}, {"seq": "217", "n": "15555", "vap": "35", "pvap": "   0,09", "e": "N", "st": "N\u00e3o eleito"}, {"seq": "254", "n": "15155", "vap": "10", "pvap": "   0,03", "e": "N", "st": "N\u00e3o eleito"}, {"seq": "276", "n": "15105", "vap": "1", "pvap": "   0,00", "e": "N", "st": "N\u00e3o eleito"}, {"seq": "255", "n": "15727", "vap": "10", "pvap": "   0,03", "e": "N", "st": "N\u00e3o eleito"}, {"seq": "114", "n": "25125", "vap": "42", "pvap": "   0,11", "e": "N", "st": "Suplente"}, {"seq": "14", "n": "25123", "vap": "418", "pvap": "   1,08", "e": "S", "st": "Eleito"}, {"seq": "127", "n": "25222", "vap": "27", "pvap": "   0,07", "e": "N", "st": "Suplente"}, {"seq": "112", "n": "25925", "vap": "44", "pvap": "   0,11", "e": "N", "st": "Suplente"}, {"seq": "155", "n": "25518", "vap": "6", "pvap": "   0,02", "e": "N", "st": "Suplente"}, {"seq": "79", "n": "25088", "vap": "83", "pvap": "   0,22", "e": "N", "st": "Suplente"}, {"seq": "158", "n": "25400", "vap": "0", "pvap": "00.00", "e": "N", "st": "Suplente"}, {"seq": "29", "n": "25999", "vap": "308", "pvap": "   0,80", "e": "N", "st": "Suplente"}, {"seq": "119", "n": "25225", "vap": "37", "pvap": "   0,10", "e": "N", "st": "Suplente"}, {"seq": "108", "n": "25192", "vap": "47", "pvap": "   0,12", "e": "N", "st": "Suplente"}, {"seq": "25", "n": "25250", "vap": "377", "pvap": "   0,98", "e": "N", "st": "Suplente"}, {"seq": "28", "n": "25555", "vap": "318", "pvap": "   0,82", "e": "N", "st": "Suplente"}, {"seq": "84", "n": "25223", "vap": "68", "pvap": "   0,18", "e": "N", "st": "Suplente"}, {"seq": "74", "n": "25333", "vap": "89", "pvap": "   0,23", "e": "N", "st": "Suplente"}, {"seq": "106", "n": "25500", "vap": "48", "pvap": "   0,12", "e": "N", "st": "Suplente"}, {"seq": "86", "n": "25100", "vap": "64", "pvap": "   0,17", "e": "N", "st": "Suplente"}, {"seq": "143", "n": "25000", "vap": "16", "pvap": "   0,04", "e": "N", "st": "Suplente"}, {"seq": "117", "n": "25108", "vap": "38", "pvap": "   0,10", "e": "N", "st": "Suplente"}, {"seq": "91", "n": "25733", "vap": "61", "pvap": "   0,16", "e": "N", "st": "Suplente"}, {"seq": "77", "n": "25255", "vap": "86", "pvap": "   0,22", "e": "N", "st": "Suplente"}, {"seq": "100", "n": "25056", "vap": "53", "pvap": "   0,14", "e": "N", "st": "Suplente"}, {"seq": "55", "n": "25025", "vap": "144", "pvap": "   0,37", "e": "N", "st": "Suplente"}, {"seq": "154", "n": "25111", "vap": "6", "pvap": "   0,02", "e": "N", "st": "Suplente"}, {"seq": "168", "n": "12580", "vap": "171", "pvap": "   0,44", "e": "N", "st": "N\u00e3o eleito"}, {"seq": "196", "n": "12122", "vap": "46", "pvap": "   0,12", "e": "N", "st": "N\u00e3o eleito"}, {"seq": "174", "n": "12001", "vap": "95", "pvap": "   0,25", "e": "N", "st": "N\u00e3o eleito"}, {"seq": "181", "n": "12555", "vap": "84", "pvap": "   0,22", "e": "N", "st": "N\u00e3o eleito"}, {"seq": "269", "n": "12145", "vap": "4", "pvap": "   0,01", "e": "N", "st": "N\u00e3o eleito"}, {"seq": "222", "n": "12100", "vap": "31", "pvap": "   0,08", "e": "N", "st": "N\u00e3o eleito"}, {"seq": "161", "n": "12000", "vap": "439", "pvap": "   1,14", "e": "N", "st": "N\u00e3o eleito"}, {"seq": "268", "n": "12321", "vap": "4", "pvap": "   0,01", "e": "N", "st": "N\u00e3o eleito"}, {"seq": "171", "n": "12030", "vap": "115", "pvap": "   0,30", "e": "N", "st": "N\u00e3o eleito"}, {"seq": "237", "n": "12117", "vap": "19", "pvap": "   0,05", "e": "N", "st": "N\u00e3o eleito"}, {"seq": "203", "n": "12777", "vap": "44", "pvap": "   0,11", "e": "N", "st": "N\u00e3o eleito"}, {"seq": "162", "n": "12111", "vap": "321", "pvap": "   0,83", "e": "N", "st": "N\u00e3o eleito"}, {"seq": "273", "n": "12021", "vap": "2", "pvap": "   0,01", "e": "N", "st": "N\u00e3o eleito"}, {"seq": "251", "n": "12222", "vap": "11", "pvap": "   0,03", "e": "N", "st": "N\u00e3o eleito"}, {"seq": "247", "n": "12112", "vap": "14", "pvap": "   0,04", "e": "N", "st": "N\u00e3o eleito"}, {"seq": "236", "n": "12345", "vap": "21", "pvap": "   0,05", "e": "N", "st": "N\u00e3o eleito"}, {"seq": "180", "n": "12012", "vap": "85", "pvap": "   0,22", "e": "N", "st": "N\u00e3o eleito"}, {"seq": "184", "n": "12123", "vap": "76", "pvap": "   0,20", "e": "N", "st": "N\u00e3o eleito"}, {"seq": "51", "n": "22222", "vap": "172", "pvap": "   0,45", "e": "N", "st": "Suplente"}, {"seq": "36", "n": "22777", "vap": "238", "pvap": "   0,62", "e": "N", "st": "Suplente"}, {"seq": "26", "n": "22580", "vap": "351", "pvap": "   0,91", "e": "N", "st": "Suplente"}, {"seq": "102", "n": "22888", "vap": "52", "pvap": "   0,13", "e": "N", "st": "Suplente"}, {"seq": "124", "n": "22666", "vap": "30", "pvap": "   0,08", "e": "N", "st": "Suplente"}, {"seq": "43", "n": "22123", "vap": "216", "pvap": "   0,56", "e": "N", "st": "Suplente"}, {"seq": "61", "n": "22444", "vap": "127", "pvap": "   0,33", "e": "N", "st": "Suplente"}, {"seq": "71", "n": "22333", "vap": "95", "pvap": "   0,25", "e": "N", "st": "Suplente"}, {"seq": "12", "n": "22225", "vap": "499", "pvap": "   1,29", "e": "S", "st": "Eleito"}, {"seq": "57", "n": "22183", "vap": "137", "pvap": "   0,36", "e": "N", "st": "Suplente"}, {"seq": "46", "n": "22555", "vap": "212", "pvap": "   0,55", "e": "N", "st": "Suplente"}, {"seq": "34", "n": "22345", "vap": "257", "pvap": "   0,67", "e": "N", "st": "Suplente"}, {"seq": "123", "n": "22347", "vap": "31", "pvap": "   0,08", "e": "N", "st": "Suplente"}, {"seq": "140", "n": "22129", "vap": "18", "pvap": "   0,05", "e": "N", "st": "Suplente"}, {"seq": "58", "n": "22022", "vap": "134", "pvap": "   0,35", "e": "N", "st": "Suplente"}, {"seq": "152", "n": "22111", "vap": "7", "pvap": "   0,02", "e": "N", "st": "Suplente"}, {"seq": "65", "n": "22125", "vap": "115", "pvap": "   0,30", "e": "N", "st": "Suplente"}, {"seq": "88", "n": "22002", "vap": "64", "pvap": "   0,17", "e": "N", "st": "Suplente"}, {"seq": "81", "n": "22122", "vap": "80", "pvap": "   0,21", "e": "N", "st": "Suplente"}, {"seq": "147", "n": "22999", "vap": "12", "pvap": "   0,03", "e": "N", "st": "Suplente"}, {"seq": "73", "n": "22234", "vap": "93", "pvap": "   0,24", "e": "N", "st": "Suplente"}, {"seq": "13", "n": "22000", "vap": "446", "pvap": "   1,16", "e": "S", "st": "Eleito"}, {"seq": "131", "n": "22248", "vap": "23", "pvap": "   0,06", "e": "N", "st": "Suplente"}, {"seq": "170", "n": "28662", "vap": "126", "pvap": "   0,33", "e": "N", "st": "N\u00e3o eleito"}, {"seq": "187", "n": "28789", "vap": "70", "pvap": "   0,18", "e": "N", "st": "N\u00e3o eleito"}, {"seq": "160", "n": "28123", "vap": "522", "pvap": "   1,35", "e": "N", "st": "N\u00e3o eleito"}, {"seq": "128", "n": "11777", "vap": "27", "pvap": "   0,07", "e": "N", "st": "Suplente"}, {"seq": "5", "n": "11222", "vap": "1032", "pvap": "   2,68", "e": "S", "st": "Eleito"}, {"seq": "41", "n": "11444", "vap": "224", "pvap": "   0,58", "e": "N", "st": "Suplente"}, {"seq": "125", "n": "11789", "vap": "29", "pvap": "   0,08", "e": "N", "st": "Suplente"}, {"seq": "139", "n": "11058", "vap": "18", "pvap": "   0,05", "e": "N", "st": "Suplente"}, {"seq": "17", "n": "11021", "vap": "611", "pvap": "   1,58", "e": "N", "st": "Suplente"}, {"seq": "48", "n": "11000", "vap": "209", "pvap": "   0,54", "e": "N", "st": "Suplente"}, {"seq": "75", "n": "11115", "vap": "88", "pvap": "   0,23", "e": "N", "st": "Suplente"}, {"seq": "118", "n": "11451", "vap": "37", "pvap": "   0,10", "e": "N", "st": "Suplente"}, {"seq": "153", "n": "11588", "vap": "6", "pvap": "   0,02", "e": "N", "st": "Suplente"}, {"seq": "133", "n": "11123", "vap": "22", "pvap": "   0,06", "e": "N", "st": "Suplente"}, {"seq": "93", "n": "11001", "vap": "59", "pvap": "   0,15", "e": "N", "st": "Suplente"}, {"seq": "1", "n": "11111", "vap": "1514", "pvap": "   3,93", "e": "S", "st": "Eleito"}, {"seq": "146", "n": "11666", "vap": "12", "pvap": "   0,03", "e": "N", "st": "Suplente"}, {"seq": "130", "n": "11301", "vap": "25", "pvap": "   0,06", "e": "N", "st": "Suplente"}, {"seq": "137", "n": "11555", "vap": "19", "pvap": "   0,05", "e": "N", "st": "Suplente"}, {"seq": "96", "n": "11234", "vap": "57", "pvap": "   0,15", "e": "N", "st": "Suplente"}, {"seq": "126", "n": "11190", "vap": "28", "pvap": "   0,07", "e": "N", "st": "Suplente"}, {"seq": "95", "n": "11333", "vap": "58", "pvap": "   0,15", "e": "N", "st": "Suplente"}, {"seq": "104", "n": "11110", "vap": "50", "pvap": "   0,13", "e": "N", "st": "Suplente"}, {"seq": "219", "n": "70222", "vap": "33", "pvap": "   0,09", "e": "N", "st": "N\u00e3o eleito"}, {"seq": "244", "n": "70446", "vap": "15", "pvap": "   0,04", "e": "N", "st": "N\u00e3o eleito"}, {"seq": "209", "n": "70123", "vap": "39", "pvap": "   0,10", "e": "N", "st": "N\u00e3o eleito"}, {"seq": "252", "n": "70741", "vap": "10", "pvap": "   0,03", "e": "N", "st": "N\u00e3o eleito"}, {"seq": "194", "n": "70007", "vap": "48", "pvap": "   0,12", "e": "N", "st": "N\u00e3o eleito"}, {"seq": "277", "n": "70122", "vap": "1", "pvap": "   0,00", "e": "N", "st": "N\u00e3o eleito"}, {"seq": "164", "n": "70777", "vap": "257", "pvap": "   0,67", "e": "N", "st": "N\u00e3o eleito"}, {"seq": "230", "n": "70013", "vap": "24", "pvap": "   0,06", "e": "N", "st": "N\u00e3o eleito"}, {"seq": "214", "n": "70111", "vap": "38", "pvap": "   0,10", "e": "N", "st": "N\u00e3o eleito"}, {"seq": "250", "n": "70001", "vap": "12", "pvap": "   0,03", "e": "N", "st": "N\u00e3o eleito"}, {"seq": "37", "n": "40195", "vap": "237", "pvap": "   0,61", "e": "N", "st": "Suplente"}, {"seq": "271", "n": "40140", "vap": "3", "pvap": "   0,01", "e": "N", "st": "N\u00e3o eleito"}, {"seq": "76", "n": "40555", "vap": "87", "pvap": "   0,23", "e": "N", "st": "Suplente"}, {"seq": "120", "n": "40666", "vap": "37", "pvap": "   0,10", "e": "N", "st": "Suplente"}, {"seq": "82", "n": "40200", "vap": "77", "pvap": "   0,20", "e": "N", "st": "Suplente"}, {"seq": "78", "n": "40190", "vap": "85", "pvap": "   0,22", "e": "N", "st": "Suplente"}, {"seq": "27", "n": "40000", "vap": "327", "pvap": "   0,85", "e": "N", "st": "Suplente"}, {"seq": "135", "n": "40456", "vap": "22", "pvap": "   0,06", "e": "N", "st": "Suplente"}, {"seq": "38", "n": "40333", "vap": "235", "pvap": "   0,61", "e": "N", "st": "Suplente"}, {"seq": "83", "n": "40777", "vap": "76", "pvap": "   0,20", "e": "N", "st": "Suplente"}, {"seq": "21", "n": "40999", "vap": "436", "pvap": "   1,13", "e": "N", "st": "Suplente"}, {"seq": "7", "n": "40040", "vap": "657", "pvap": "   1,70", "e": "S", "st": "Eleito"}, {"seq": "150", "n": "40050", "vap": "9", "pvap": "   0,02", "e": "N", "st": "Suplente"}, {"seq": "68", "n": "40004", "vap": "104", "pvap": "   0,27", "e": "N", "st": "Suplente"}, {"seq": "138", "n": "40222", "vap": "19", "pvap": "   0,05", "e": "N", "st": "Suplente"}, {"seq": "72", "n": "40444", "vap": "95", "pvap": "   0,25", "e": "N", "st": "Suplente"}, {"seq": "24", "n": "40888", "vap": "387", "pvap": "   1,00", "e": "N", "st": "Suplente"}, {"seq": "101", "n": "40001", "vap": "52", "pvap": "   0,13", "e": "N", "st": "Suplente"}, {"seq": "9", "n": "40400", "vap": "618", "pvap": "   1,60", "e": "S", "st": "Eleito"}, {"seq": "23", "n": "40100", "vap": "398", "pvap": "   1,03", "e": "N", "st": "Suplente"}, {"seq": "22", "n": "40123", "vap": "402", "pvap": "   1,04", "e": "N", "st": "Suplente"}, {"seq": "70", "n": "40111", "vap": "97", "pvap": "   0,25", "e": "N", "st": "Suplente"}, {"seq": "278", "n": "36037", "vap": "0", "pvap": "00.00", "e": "N", "st": "N\u00e3o eleito"}, {"seq": "197", "n": "36999", "vap": "46", "pvap": "   0,12", "e": "N", "st": "N\u00e3o eleito"}, {"seq": "182", "n": "36170", "vap": "82", "pvap": "   0,21", "e": "N", "st": "N\u00e3o eleito"}, {"seq": "267", "n": "36936", "vap": "4", "pvap": "   0,01", "e": "N", "st": "N\u00e3o eleito"}, {"seq": "206", "n": "36350", "vap": "43", "pvap": "   0,11", "e": "N", "st": "N\u00e3o eleito"}, {"seq": "232", "n": "36193", "vap": "23", "pvap": "   0,06", "e": "N", "st": "N\u00e3o eleito"}, {"seq": "189", "n": "36333", "vap": "62", "pvap": "   0,16", "e": "N", "st": "N\u00e3o eleito"}, {"seq": "227", "n": "36769", "vap": "27", "pvap": "   0,07", "e": "N", "st": "N\u00e3o eleito"}, {"seq": "223", "n": "36230", "vap": "31", "pvap": "   0,08", "e": "N", "st": "N\u00e3o eleito"}, {"seq": "205", "n": "36666", "vap": "43", "pvap": "   0,11", "e": "N", "st": "N\u00e3o eleito"}, {"seq": "225", "n": "36518", "vap": "30", "pvap": "   0,08", "e": "N", "st": "N\u00e3o eleito"}, {"seq": "207", "n": "36123", "vap": "42", "pvap": "   0,11", "e": "N", "st": "N\u00e3o eleito"}, {"seq": "257", "n": "36360", "vap": "9", "pvap": "   0,02", "e": "N", "st": "N\u00e3o eleito"}, {"seq": "204", "n": "36224", "vap": "43", "pvap": "   0,11", "e": "N", "st": "N\u00e3o eleito"}, {"seq": "226", "n": "36036", "vap": "29", "pvap": "   0,08", "e": "N", "st": "N\u00e3o eleito"}, {"seq": "270", "n": "36356", "vap": "3", "pvap": "   0,01", "e": "N", "st": "N\u00e3o eleito"}, {"seq": "210", "n": "36456", "vap": "39", "pvap": "   0,10", "e": "N", "st": "N\u00e3o eleito"}, {"seq": "229", "n": "36017", "vap": "25", "pvap": "   0,06", "e": "N", "st": "N\u00e3o eleito"}, {"seq": "261", "n": "36500", "vap": "7", "pvap": "   0,02", "e": "N", "st": "N\u00e3o eleito"}, {"seq": "169", "n": "36789", "vap": "171", "pvap": "   0,44", "e": "N", "st": "N\u00e3o eleito"}, {"seq": "166", "n": "36111", "vap": "218", "pvap": "   0,57", "e": "N", "st": "N\u00e3o eleito"}, {"seq": "243", "n": "14111", "vap": "16", "pvap": "   0,04", "e": "N", "st": "N\u00e3o eleito"}, {"seq": "262", "n": "14090", "vap": "7", "pvap": "   0,02", "e": "N", "st": "N\u00e3o eleito"}, {"seq": "263", "n": "14166", "vap": "7", "pvap": "   0,02", "e": "N", "st": "N\u00e3o eleito"}, {"seq": "253", "n": "14122", "vap": "10", "pvap": "   0,03", "e": "N", "st": "N\u00e3o eleito"}, {"seq": "183", "n": "14444", "vap": "81", "pvap": "   0,21", "e": "N", "st": "N\u00e3o eleito"}, {"seq": "280", "n": "14126", "vap": "0", "pvap": "00.00", "e": "N", "st": "N\u00e3o eleito"}, {"seq": "238", "n": "14138", "vap": "19", "pvap": "   0,05", "e": "N", "st": "N\u00e3o eleito"}, {"seq": "265", "n": "14749", "vap": "5", "pvap": "   0,01", "e": "N", "st": "N\u00e3o eleito"}, {"seq": "248", "n": "14175", "vap": "13", "pvap": "   0,03", "e": "N", "st": "N\u00e3o eleito"}, {"seq": "177", "n": "14000", "vap": "92", "pvap": "   0,24", "e": "N", "st": "N\u00e3o eleito"}, {"seq": "216", "n": "14888", "vap": "38", "pvap": "   0,10", "e": "N", "st": "N\u00e3o eleito"}, {"seq": "242", "n": "14500", "vap": "18", "pvap": "   0,05", "e": "N", "st": "N\u00e3o eleito"}, {"seq": "215", "n": "14056", "vap": "38", "pvap": "   0,10", "e": "N", "st": "N\u00e3o eleito"}, {"seq": "172", "n": "14567", "vap": "105", "pvap": "   0,27", "e": "N", "st": "N\u00e3o eleito"}, {"seq": "202", "n": "14222", "vap": "44", "pvap": "   0,11", "e": "N", "st": "N\u00e3o eleito"}, {"seq": "241", "n": "14701", "vap": "18", "pvap": "   0,05", "e": "N", "st": "N\u00e3o eleito"}, {"seq": "233", "n": "14555", "vap": "22", "pvap": "   0,06", "e": "N", "st": "N\u00e3o eleito"}, {"seq": "275", "n": "14181", "vap": "2", "pvap": "   0,01", "e": "N", "st": "N\u00e3o eleito"}, {"seq": "249", "n": "14070", "vap": "13", "pvap": "   0,03", "e": "N", "st": "N\u00e3o eleito"}, {"seq": "264", "n": "14777", "vap": "7", "pvap": "   0,02", "e": "N", "st": "N\u00e3o eleito"}, {"seq": "279", "n": "14999", "vap": "0", "pvap": "00.00", "e": "N", "st": "N\u00e3o eleito"}, {"seq": "173", "n": "14333", "vap": "100", "pvap": "   0,26", "e": "N", "st": "N\u00e3o eleito"}, {"seq": "18", "n": "45045", "vap": "588", "pvap": "   1,53", "e": "N", "st": "Suplente"}, {"seq": "141", "n": "45455", "vap": "18", "pvap": "   0,05", "e": "N", "st": "Suplente"}, {"seq": "19", "n": "45678", "vap": "557", "pvap": "   1,44", "e": "N", "st": "Suplente"}, {"seq": "115", "n": "45999", "vap": "40", "pvap": "   0,10", "e": "N", "st": "Suplente"}, {"seq": "103", "n": "45153", "vap": "50", "pvap": "   0,13", "e": "N", "st": "Suplente"}, {"seq": "20", "n": "45520", "vap": "488", "pvap": "   1,27", "e": "N", "st": "Suplente"}, {"seq": "4", "n": "45000", "vap": "1034", "pvap": "   2,68", "e": "S", "st": "Eleito"}, {"seq": "3", "n": "45458", "vap": "1091", "pvap": "   2,83", "e": "S", "st": "Eleito"}, {"seq": "94", "n": "45100", "vap": "58", "pvap": "   0,15", "e": "N", "st": "Suplente"}, {"seq": "8", "n": "45123", "vap": "629", "pvap": "   1,63", "e": "S", "st": "Eleito"}, {"seq": "97", "n": "45111", "vap": "56", "pvap": "   0,15", "e": "N", "st": "Suplente"}, {"seq": "148", "n": "45251", "vap": "11", "pvap": "   0,03", "e": "N", "st": "Suplente"}, {"seq": "64", "n": "45777", "vap": "118", "pvap": "   0,31", "e": "N", "st": "Suplente"}, {"seq": "132", "n": "45122", "vap": "23", "pvap": "   0,06", "e": "N", "st": "Suplente"}, {"seq": "142", "n": "45220", "vap": "17", "pvap": "   0,04", "e": "N", "st": "Suplente"}, {"seq": "109", "n": "45015", "vap": "46", "pvap": "   0,12", "e": "N", "st": "Suplente"}, {"seq": "157", "n": "45121", "vap": "4", "pvap": "   0,01", "e": "N", "st": "Suplente"}, {"seq": "156", "n": "45222", "vap": "5", "pvap": "   0,01", "e": "N", "st": "Suplente"}, {"seq": "67", "n": "45555", "vap": "104", "pvap": "   0,27", "e": "N", "st": "Suplente"}, {"seq": "208", "n": "45110", "vap": "40", "pvap": "   0,10", "e": "N", "st": "N\u00e3o eleito"}, {"seq": "136", "n": "55020", "vap": "20", "pvap": "   0,05", "e": "N", "st": "Suplente"}, {"seq": "107", "n": "55227", "vap": "47", "pvap": "   0,12", "e": "N", "st": "Suplente"}, {"seq": "90", "n": "55999", "vap": "62", "pvap": "   0,16", "e": "N", "st": "Suplente"}, {"seq": "45", "n": "55055", "vap": "214", "pvap": "   0,56", "e": "N", "st": "Suplente"}, {"seq": "80", "n": "55888", "vap": "81", "pvap": "   0,21", "e": "N", "st": "Suplente"}, {"seq": "105", "n": "55550", "vap": "49", "pvap": "   0,13", "e": "N", "st": "Suplente"}, {"seq": "16", "n": "55555", "vap": "1025", "pvap": "   2,66", "e": "N", "st": "Suplente"}, {"seq": "2", "n": "55000", "vap": "1118", "pvap": "   2,90", "e": "S", "st": "Eleito"}, {"seq": "122", "n": "55444", "vap": "34", "pvap": "   0,09", "e": "N", "st": "Suplente"}, {"seq": "111", "n": "55666", "vap": "44", "pvap": "   0,11", "e": "N", "st": "Suplente"}, {"seq": "49", "n": "55123", "vap": "182", "pvap": "   0,47", "e": "N", "st": "Suplente"}, {"seq": "98", "n": "55190", "vap": "55", "pvap": "   0,14", "e": "N", "st": "Suplente"}, {"seq": "221", "n": "17321", "vap": "32", "pvap": "   0,08", "e": "N", "st": "N\u00e3o eleito"}, {"seq": "274", "n": "17888", "vap": "2", "pvap": "   0,01", "e": "N", "st": "N\u00e3o eleito"}, {"seq": "224", "n": "17193", "vap": "30", "pvap": "   0,08", "e": "N", "st": "N\u00e3o eleito"}, {"seq": "211", "n": "17771", "vap": "39", "pvap": "   0,10", "e": "N", "st": "N\u00e3o eleito"}, {"seq": "231", "n": "17077", "vap": "24", "pvap": "   0,06", "e": "N", "st": "N\u00e3o eleito"}, {"seq": "228", "n": "17123", "vap": "26", "pvap": "   0,07", "e": "N", "st": "N\u00e3o eleito"}]}, {"dt": "19/11/2020", "ht": "13:44:27", "tf": "S", "and": "F", "tpabr": "ZONA", "cdabr": "131", "s": "158", "st": "158", "snt": "0", "si": "158", "sni": "0", "sa": "158", "sna": "0", "pst": " 100,00", "psnt": "   0,00", "psi": " 100,00", "psni": "   0,00", "psa": " 100,00", "psna": "   0,00", "e": "62027", "ea": "62027", "ena": "0", "esi": "62027", "esni": "0", "a": "18131", "c": "43896", "pea": " 100,00", "pena": "   0,00", "pesi": " 100,00", "pesni": "   0,00", "pa": "  29,23", "pc": "  70,77", "vnom": "36153", "vscv": "0", "vl": "2153", "tv": "43896", "vvc": "38552", "vb": "2820", "tvn": "2524", "vn": "2502", "vnt": "22", "vp": "0", "vv": "38306", "van": "202", "vansj": "44", "pvnom": "  94,38", "pvl": "   5,62", "pvvc": "  87,83", "pvb": "   6,42", "ptvn": "   5,75", "pvn": "  99,13", "pvnt": "   0,87", "pvp": "   0,00", "pvv": "  99,36", "pvan": "   0,52", "pvansj": "   0,12", "cand": [{"seq": "165", "n": "15777", "vap": "219", "pvap": "   0,57", "e": "N", "st": "N\u00e3o eleito"}, {"seq": "179", "n": "15000", "vap": "89", "pvap": "   0,23", "e": "N", "st": "N\u00e3o eleito"}, {"seq": "239", "n": "15003", "vap": "19", "pvap": "   0,05", "e": "N", "st": "N\u00e3o eleito"}, {"seq": "259", "n": "15900", "vap": "7", "pvap": "   0,02", "e": "N", "st": "N\u00e3o eleito"}, {"seq": "200", "n": "15007", "vap": "45", "pvap": "   0,12", "e": "N", "st": "N\u00e3o eleito"}, {"seq": "198", "n": "15015", "vap": "46", "pvap": "   0,12", "e": "N", "st": "N\u00e3o eleito"}, {"seq": "213", "n": "15193", "vap": "39", "pvap": "   0,10", "e": "N", "st": "N\u00e3o eleito"}, {"seq": "176", "n": "15515", "vap": "93", "pvap": "   0,24", "e": "N", "st": "N\u00e3o eleito"}, {"seq": "276", "n": "15105", "vap": "1", "pvap": "   0,00", "e": "N", "st": "N\u00e3o eleito"}, {"seq": "254", "n": "15155", "vap": "10", "pvap": "   0,03", "e": "N", "st": "N\u00e3o eleito"}, {"seq": "217", "n": "15555", "vap": "35", "pvap": "   0,09", "e": "N", "st": "N\u00e3o eleito"}, {"seq": "260", "n": "15678", "vap": "7", "pvap": "   0,02", "e": "N", "st": "N\u00e3o eleito"}, {"seq": "255", "n": "15727", "vap": "10", "pvap": "   0,03", "e": "N", "st": "N\u00e3o eleito"}, {"seq": "235", "n": "15008", "vap": "22", "pvap": "   0,06", "e": "N", "st": "N\u00e3o eleito"}, {"seq": "246", "n": "15055", "vap": "14", "pvap": "   0,04", "e": "N", "st": "N\u00e3o eleito"}, {"seq": "234", "n": "15111", "vap": "22", "pvap": "   0,06", "e": "N", "st": "N\u00e3o eleito"}, {"seq": "256", "n": "15156", "vap": "9", "pvap": "   0,02", "e": "N", "st": "N\u00e3o eleito"}, {"seq": "199", "n": "15321", "vap": "46", "pvap": "   0,12", "e": "N", "st": "N\u00e3o eleito"}, {"seq": "212", "n": "15357", "vap": "39", "pvap": "   0,10", "e": "N", "st": "N\u00e3o eleito"}, {"seq": "258", "n": "15005", "vap": "8", "pvap": "   0,02", "e": "N", "st": "N\u00e3o eleito"}, {"seq": "192", "n": "15206", "vap": "51", "pvap": "   0,13", "e": "N", "st": "N\u00e3o eleito"}, {"seq": "201", "n": "15222", "vap": "45", "pvap": "   0,12", "e": "N", "st": "N\u00e3o eleito"}, {"seq": "11", "n": "18000", "vap": "550", "pvap": "   1,43", "e": "S", "st": "Eleito"}, {"seq": "42", "n": "18007", "vap": "221", "pvap": "   0,57", "e": "N", "st": "Suplente"}, {"seq": "69", "n": "18090", "vap": "101", "pvap": "   0,26", "e": "N", "st": "Suplente"}, {"seq": "151", "n": "18333", "vap": "8", "pvap": "   0,02", "e": "N", "st": "Suplente"}, {"seq": "99", "n": "18888", "vap": "54", "pvap": "   0,14", "e": "N", "st": "Suplente"}, {"seq": "87", "n": "18024", "vap": "64", "pvap": "   0,17", "e": "N", "st": "Suplente"}, {"seq": "145", "n": "18861", "vap": "13", "pvap": "   0,03", "e": "N", "st": "Suplente"}, {"seq": "59", "n": "18020", "vap": "128", "pvap": "   0,33", "e": "N", "st": "Suplente"}, {"seq": "89", "n": "18123", "vap": "62", "pvap": "   0,16", "e": "N", "st": "Suplente"}, {"seq": "39", "n": "18018", "vap": "233", "pvap": "   0,60", "e": "N", "st": "Suplente"}, {"seq": "54", "n": "18111", "vap": "144", "pvap": "   0,37", "e": "N", "st": "Suplente"}, {"seq": "144", "n": "18133", "vap": "15", "pvap": "   0,04", "e": "N", "st": "Suplente"}, {"seq": "149", "n": "18666", "vap": "11", "pvap": "   0,03", "e": "N", "st": "Suplente"}, {"seq": "110", "n": "18777", "vap": "45", "pvap": "   0,12", "e": "N", "st": "Suplente"}, {"seq": "134", "n": "18244", "vap": "22", "pvap": "   0,06", "e": "N", "st": "Suplente"}, {"seq": "116", "n": "18999", "vap": "39", "pvap": "   0,10", "e": "N", "st": "Suplente"}, {"seq": "50", "n": "18202", "vap": "182", "pvap": "   0,47", "e": "N", "st": "Suplente"}, {"seq": "129", "n": "18222", "vap": "25", "pvap": "   0,06", "e": "N", "st": "Suplente"}, {"seq": "63", "n": "18321", "vap": "121", "pvap": "   0,31", "e": "N", "st": "Suplente"}, {"seq": "187", "n": "28789", "vap": "70", "pvap": "   0,18", "e": "N", "st": "N\u00e3o eleito"}, {"seq": "160", "n": "28123", "vap": "522", "pvap": "   1,35", "e": "N", "st": "N\u00e3o eleito"}, {"seq": "170", "n": "28662", "vap": "126", "pvap": "   0,33", "e": "N", "st": "N\u00e3o eleito"}, {"seq": "211", "n": "17771", "vap": "39", "pvap": "   0,10", "e": "N", "st": "N\u00e3o eleito"}, {"seq": "221", "n": "17321", "vap": "32", "pvap": "   0,08", "e": "N", "st": "N\u00e3o eleito"}, {"seq": "228", "n": "17123", "vap": "26", "pvap": "   0,07", "e": "N", "st": "N\u00e3o eleito"}, {"seq": "231", "n": "17077", "vap": "24", "pvap": "   0,06", "e": "N", "st": "N\u00e3o eleito"}, {"seq": "224", "n": "17193", "vap": "30", "pvap": "   0,08", "e": "N", "st": "N\u00e3o eleito"}, {"seq": "274", "n": "17888", "vap": "2", "pvap": "   0,01", "e": "N", "st": "N\u00e3o eleito"}, {"seq": "18", "n": "45045", "vap": "588", "pvap": "   1,53", "e": "N", "st": "Suplente"}, {"seq": "94", "n": "45100", "vap": "58", "pvap": "   0,15", "e": "N", "st": "Suplente"}, {"seq": "156", "n": "45222", "vap": "5", "pvap": "   0,01", "e": "N", "st": "Suplente"}, {"seq": "208", "n": "45110", "vap": "40", "pvap": "   0,10", "e": "N", "st": "N\u00e3o eleito"}, {"seq": "8", "n": "45123", "vap": "629", "pvap": "   1,63", "e": "S", "st": "Eleito"}, {"seq": "142", "n": "45220", "vap": "17", "pvap": "   0,04", "e": "N", "st": "Suplente"}, {"seq": "148", "n": "45251", "vap": "11", "pvap": "   0,03", "e": "N", "st": "Suplente"}, {"seq": "132", "n": "45122", "vap": "23", "pvap": "   0,06", "e": "N", "st": "Suplente"}, {"seq": "67", "n": "45555", "vap": "104", "pvap": "   0,27", "e": "N", "st": "Suplente"}, {"seq": "97", "n": "45111", "vap": "56", "pvap": "   0,15", "e": "N", "st": "Suplente"}, {"seq": "3", "n": "45458", "vap": "1091", "pvap": "   2,83", "e": "S", "st": "Eleito"}, {"seq": "20", "n": "45520", "vap": "488", "pvap": "   1,27", "e": "N", "st": "Suplente"}, {"seq": "115", "n": "45999", "vap": "40", "pvap": "   0,10", "e": "N", "st": "Suplente"}, {"seq": "4", "n": "45000", "vap": "1034", "pvap": "   2,68", "e": "S", "st": "Eleito"}, {"seq": "109", "n": "45015", "vap": "46", "pvap": "   0,12", "e": "N", "st": "Suplente"}, {"seq": "157", "n": "45121", "vap": "4", "pvap": "   0,01", "e": "N", "st": "Suplente"}, {"seq": "103", "n": "45153", "vap": "50", "pvap": "   0,13", "e": "N", "st": "Suplente"}, {"seq": "141", "n": "45455", "vap": "18", "pvap": "   0,05", "e": "N", "st": "Suplente"}, {"seq": "64", "n": "45777", "vap": "118", "pvap": "   0,31", "e": "N", "st": "Suplente"}, {"seq": "19", "n": "45678", "vap": "557", "pvap": "   1,44", "e": "N", "st": "Suplente"}, {"seq": "191", "n": "10010", "vap": "54", "pvap": "   0,14", "e": "N", "st": "N\u00e3o eleito"}, {"seq": "240", "n": "10400", "vap": "18", "pvap": "   0,05", "e": "N", "st": "N\u00e3o eleito"}, {"seq": "163", "n": "10000", "vap": "262", "pvap": "   0,68", "e": "N", "st": "N\u00e3o eleito"}, {"seq": "266", "n": "10060", "vap": "5", "pvap": "   0,01", "e": "N", "st": "N\u00e3o eleito"}, {"seq": "245", "n": "10421", "vap": "15", "pvap": "   0,04", "e": "N", "st": "N\u00e3o eleito"}, {"seq": "220", "n": "10555", "vap": "33", "pvap": "   0,09", "e": "N", "st": "N\u00e3o eleito"}, {"seq": "218", "n": "10320", "vap": "34", "pvap": "   0,09", "e": "N", "st": "N\u00e3o eleito"}, {"seq": "188", "n": "10710", "vap": "70", "pvap": "   0,18", "e": "N", "st": "N\u00e3o eleito"}, {"seq": "167", "n": "10110", "vap": "180", "pvap": "   0,47", "e": "N", "st": "N\u00e3o eleito"}, {"seq": "175", "n": "10222", "vap": "93", "pvap": "   0,24", "e": "N", "st": "N\u00e3o eleito"}, {"seq": "190", "n": "10230", "vap": "56", "pvap": "   0,15", "e": "N", "st": "N\u00e3o eleito"}, {"seq": "272", "n": "10014", "vap": "3", "pvap": "   0,01", "e": "N", "st": "N\u00e3o eleito"}, {"seq": "195", "n": "10021", "vap": "47", "pvap": "   0,12", "e": "N", "st": "N\u00e3o eleito"}, {"seq": "186", "n": "10020", "vap": "71", "pvap": "   0,18", "e": "N", "st": "N\u00e3o eleito"}, {"seq": "178", "n": "10051", "vap": "90", "pvap": "   0,23", "e": "N", "st": "N\u00e3o eleito"}, {"seq": "185", "n": "10113", "vap": "74", "pvap": "   0,19", "e": "N", "st": "N\u00e3o eleito"}, {"seq": "193", "n": "10100", "vap": "50", "pvap": "   0,13", "e": "N", "st": "N\u00e3o eleito"}, {"seq": "159", "n": "10123", "vap": "530", "pvap": "   1,37", "e": "N", "st": "N\u00e3o eleito"}, {"seq": "136", "n": "55020", "vap": "20", "pvap": "   0,05", "e": "N", "st": "Suplente"}, {"seq": "45", "n": "55055", "vap": "214", "pvap": "   0,56", "e": "N", "st": "Suplente"}, {"seq": "111", "n": "55666", "vap": "44", "pvap": "   0,11", "e": "N", "st": "Suplente"}, {"seq": "2", "n": "55000", "vap": "1118", "pvap": "   2,90", "e": "S", "st": "Eleito"}, {"seq": "16", "n": "55555", "vap": "1025", "pvap": "   2,66", "e": "N", "st": "Suplente"}, {"seq": "98", "n": "55190", "vap": "55", "pvap": "   0,14", "e": "N", "st": "Suplente"}, {"seq": "49", "n": "55123", "vap": "182", "pvap": "   0,47", "e": "N", "st": "Suplente"}, {"seq": "122", "n": "55444", "vap": "34", "pvap": "   0,09", "e": "N", "st": "Suplente"}, {"seq": "105", "n": "55550", "vap": "49", "pvap": "   0,13", "e": "N", "st": "Suplente"}, {"seq": "90", "n": "55999", "vap": "62", "pvap": "   0,16", "e": "N", "st": "Suplente"}, {"seq": "107", "n": "55227", "vap": "47", "pvap": "   0,12", "e": "N", "st": "Suplente"}, {"seq": "80", "n": "55888", "vap": "81", "pvap": "   0,21", "e": "N", "st": "Suplente"}, {"seq": "229", "n": "36017", "vap": "25", "pvap": "   0,06", "e": "N", "st": "N\u00e3o eleito"}, {"seq": "206", "n": "36350", "vap": "43", "pvap": "   0,11", "e": "N", "st": "N\u00e3o eleito"}, {"seq": "166", "n": "36111", "vap": "218", "pvap": "   0,57", "e": "N", "st": "N\u00e3o eleito"}, {"seq": "223", "n": "36230", "vap": "31", "pvap": "   0,08", "e": "N", "st": "N\u00e3o eleito"}, {"seq": "210", "n": "36456", "vap": "39", "pvap": "   0,10", "e": "N", "st": "N\u00e3o eleito"}, {"seq": "205", "n": "36666", "vap": "43", "pvap": "   0,11", "e": "N", "st": "N\u00e3o eleito"}, {"seq": "270", "n": "36356", "vap": "3", "pvap": "   0,01", "e": "N", "st": "N\u00e3o eleito"}, {"seq": "227", "n": "36769", "vap": "27", "pvap": "   0,07", "e": "N", "st": "N\u00e3o eleito"}, {"seq": "207", "n": "36123", "vap": "42", "pvap": "   0,11", "e": "N", "st": "N\u00e3o eleito"}, {"seq": "278", "n": "36037", "vap": "0", "pvap": "00.00", "e": "N", "st": "N\u00e3o eleito"}, {"seq": "204", "n": "36224", "vap": "43", "pvap": "   0,11", "e": "N", "st": "N\u00e3o eleito"}, {"seq": "169", "n": "36789", "vap": "171", "pvap": "   0,44", "e": "N", "st": "N\u00e3o eleito"}, {"seq": "267", "n": "36936", "vap": "4", "pvap": "   0,01", "e": "N", "st": "N\u00e3o eleito"}, {"seq": "197", "n": "36999", "vap": "46", "pvap": "   0,12", "e": "N", "st": "N\u00e3o eleito"}, {"seq": "226", "n": "36036", "vap": "29", "pvap": "   0,08", "e": "N", "st": "N\u00e3o eleito"}, {"seq": "182", "n": "36170", "vap": "82", "pvap": "   0,21", "e": "N", "st": "N\u00e3o eleito"}, {"seq": "189", "n": "36333", "vap": "62", "pvap": "   0,16", "e": "N", "st": "N\u00e3o eleito"}, {"seq": "261", "n": "36500", "vap": "7", "pvap": "   0,02", "e": "N", "st": "N\u00e3o eleito"}, {"seq": "225", "n": "36518", "vap": "30", "pvap": "   0,08", "e": "N", "st": "N\u00e3o eleito"}, {"seq": "232", "n": "36193", "vap": "23", "pvap": "   0,06", "e": "N", "st": "N\u00e3o eleito"}, {"seq": "257", "n": "36360", "vap": "9", "pvap": "   0,02", "e": "N", "st": "N\u00e3o eleito"}, {"seq": "238", "n": "14138", "vap": "19", "pvap": "   0,05", "e": "N", "st": "N\u00e3o eleito"}, {"seq": "202", "n": "14222", "vap": "44", "pvap": "   0,11", "e": "N", "st": "N\u00e3o eleito"}, {"seq": "249", "n": "14070", "vap": "13", "pvap": "   0,03", "e": "N", "st": "N\u00e3o eleito"}, {"seq": "262", "n": "14090", "vap": "7", "pvap": "   0,02", "e": "N", "st": "N\u00e3o eleito"}, {"seq": "241", "n": "14701", "vap": "18", "pvap": "   0,05", "e": "N", "st": "N\u00e3o eleito"}, {"seq": "216", "n": "14888", "vap": "38", "pvap": "   0,10", "e": "N", "st": "N\u00e3o eleito"}, {"seq": "248", "n": "14175", "vap": "13", "pvap": "   0,03", "e": "N", "st": "N\u00e3o eleito"}, {"seq": "173", "n": "14333", "vap": "100", "pvap": "   0,26", "e": "N", "st": "N\u00e3o eleito"}, {"seq": "215", "n": "14056", "vap": "38", "pvap": "   0,10", "e": "N", "st": "N\u00e3o eleito"}, {"seq": "242", "n": "14500", "vap": "18", "pvap": "   0,05", "e": "N", "st": "N\u00e3o eleito"}, {"seq": "263", "n": "14166", "vap": "7", "pvap": "   0,02", "e": "N", "st": "N\u00e3o eleito"}, {"seq": "275", "n": "14181", "vap": "2", "pvap": "   0,01", "e": "N", "st": "N\u00e3o eleito"}, {"seq": "243", "n": "14111", "vap": "16", "pvap": "   0,04", "e": "N", "st": "N\u00e3o eleito"}, {"seq": "172", "n": "14567", "vap": "105", "pvap": "   0,27", "e": "N", "st": "N\u00e3o eleito"}, {"seq": "265", "n": "14749", "vap": "5", "pvap": "   0,01", "e": "N", "st": "N\u00e3o eleito"}, {"seq": "264", "n": "14777", "vap": "7", "pvap": "   0,02", "e": "N", "st": "N\u00e3o eleito"}, {"seq": "279", "n": "14999", "vap": "0", "pvap": "00.00", "e": "N", "st": "N\u00e3o eleito"}, {"seq": "253", "n": "14122", "vap": "10", "pvap": "   0,03", "e": "N", "st": "N\u00e3o eleito"}, {"seq": "280", "n": "14126", "vap": "0", "pvap": "00.00", "e": "N", "st": "N\u00e3o eleito"}, {"seq": "183", "n": "14444", "vap": "81", "pvap": "   0,21", "e": "N", "st": "N\u00e3o eleito"}, {"seq": "177", "n": "14000", "vap": "92", "pvap": "   0,24", "e": "N", "st": "N\u00e3o eleito"}, {"seq": "233", "n": "14555", "vap": "22", "pvap": "   0,06", "e": "N", "st": "N\u00e3o eleito"}, {"seq": "123", "n": "22347", "vap": "31", "pvap": "   0,08", "e": "N", "st": "Suplente"}, {"seq": "57", "n": "22183", "vap": "137", "pvap": "   0,36", "e": "N", "st": "Suplente"}, {"seq": "73", "n": "22234", "vap": "93", "pvap": "   0,24", "e": "N", "st": "Suplente"}, {"seq": "152", "n": "22111", "vap": "7", "pvap": "   0,02", "e": "N", "st": "Suplente"}, {"seq": "65", "n": "22125", "vap": "115", "pvap": "   0,30", "e": "N", "st": "Suplente"}, {"seq": "51", "n": "22222", "vap": "172", "pvap": "   0,45", "e": "N", "st": "Suplente"}, {"seq": "131", "n": "22248", "vap": "23", "pvap": "   0,06", "e": "N", "st": "Suplente"}, {"seq": "36", "n": "22777", "vap": "238", "pvap": "   0,62", "e": "N", "st": "Suplente"}, {"seq": "147", "n": "22999", "vap": "12", "pvap": "   0,03", "e": "N", "st": "Suplente"}, {"seq": "58", "n": "22022", "vap": "134", "pvap": "   0,35", "e": "N", "st": "Suplente"}, {"seq": "81", "n": "22122", "vap": "80", "pvap": "   0,21", "e": "N", "st": "Suplente"}, {"seq": "46", "n": "22555", "vap": "212", "pvap": "   0,55", "e": "N", "st": "Suplente"}, {"seq": "124", "n": "22666", "vap": "30", "pvap": "   0,08", "e": "N", "st": "Suplente"}, {"seq": "13", "n": "22000", "vap": "446", "pvap": "   1,16", "e": "S", "st": "Eleito"}, {"seq": "26", "n": "22580", "vap": "351", "pvap": "   0,91", "e": "N", "st": "Suplente"}, {"seq": "140", "n": "22129", "vap": "18", "pvap": "   0,05", "e": "N", "st": "Suplente"}, {"seq": "12", "n": "22225", "vap": "499", "pvap": "   1,29", "e": "S", "st": "Eleito"}, {"seq": "71", "n": "22333", "vap": "95", "pvap": "   0,25", "e": "N", "st": "Suplente"}, {"seq": "34", "n": "22345", "vap": "257", "pvap": "   0,67", "e": "N", "st": "Suplente"}, {"seq": "102", "n": "22888", "vap": "52", "pvap": "   0,13", "e": "N", "st": "Suplente"}, {"seq": "88", "n": "22002", "vap": "64", "pvap": "   0,17", "e": "N", "st": "Suplente"}, {"seq": "61", "n": "22444", "vap": "127", "pvap": "   0,33", "e": "N", "st": "Suplente"}, {"seq": "43", "n": "22123", "vap": "216", "pvap": "   0,56", "e": "N", "st": "Suplente"}, {"seq": "194", "n": "70007", "vap": "48", "pvap": "   0,12", "e": "N", "st": "N\u00e3o eleito"}, {"seq": "214", "n": "70111", "vap": "38", "pvap": "   0,10", "e": "N", "st": "N\u00e3o eleito"}, {"seq": "230", "n": "70013", "vap": "24", "pvap": "   0,06", "e": "N", "st": "N\u00e3o eleito"}, {"seq": "277", "n": "70122", "vap": "1", "pvap": "   0,00", "e": "N", "st": "N\u00e3o eleito"}, {"seq": "164", "n": "70777", "vap": "257", "pvap": "   0,67", "e": "N", "st": "N\u00e3o eleito"}, {"seq": "219", "n": "70222", "vap": "33", "pvap": "   0,09", "e": "N", "st": "N\u00e3o eleito"}, {"seq": "244", "n": "70446", "vap": "15", "pvap": "   0,04", "e": "N", "st": "N\u00e3o eleito"}, {"seq": "250", "n": "70001", "vap": "12", "pvap": "   0,03", "e": "N", "st": "N\u00e3o eleito"}, {"seq": "209", "n": "70123", "vap": "39", "pvap": "   0,10", "e": "N", "st": "N\u00e3o eleito"}, {"seq": "252", "n": "70741", "vap": "10", "pvap": "   0,03", "e": "N", "st": "N\u00e3o eleito"}, {"seq": "17", "n": "11021", "vap": "611", "pvap": "   1,58", "e": "N", "st": "Suplente"}, {"seq": "126", "n": "11190", "vap": "28", "pvap": "   0,07", "e": "N", "st": "Suplente"}, {"seq": "130", "n": "11301", "vap": "25", "pvap": "   0,06", "e": "N", "st": "Suplente"}, {"seq": "95", "n": "11333", "vap": "58", "pvap": "   0,15", "e": "N", "st": "Suplente"}, {"seq": "48", "n": "11000", "vap": "209", "pvap": "   0,54", "e": "N", "st": "Suplente"}, {"seq": "146", "n": "11666", "vap": "12", "pvap": "   0,03", "e": "N", "st": "Suplente"}, {"seq": "75", "n": "11115", "vap": "88", "pvap": "   0,23", "e": "N", "st": "Suplente"}, {"seq": "41", "n": "11444", "vap": "224", "pvap": "   0,58", "e": "N", "st": "Suplente"}, {"seq": "118", "n": "11451", "vap": "37", "pvap": "   0,10", "e": "N", "st": "Suplente"}, {"seq": "153", "n": "11588", "vap": "6", "pvap": "   0,02", "e": "N", "st": "Suplente"}, {"seq": "125", "n": "11789", "vap": "29", "pvap": "   0,08", "e": "N", "st": "Suplente"}, {"seq": "128", "n": "11777", "vap": "27", "pvap": "   0,07", "e": "N", "st": "Suplente"}, {"seq": "139", "n": "11058", "vap": "18", "pvap": "   0,05", "e": "N", "st": "Suplente"}, {"seq": "104", "n": "11110", "vap": "50", "pvap": "   0,13", "e": "N", "st": "Suplente"}, {"seq": "1", "n": "11111", "vap": "1514", "pvap": "   3,93", "e": "S", "st": "Eleito"}, {"seq": "93", "n": "11001", "vap": "59", "pvap": "   0,15", "e": "N", "st": "Suplente"}, {"seq": "5", "n": "11222", "vap": "1032", "pvap": "   2,68", "e": "S", "st": "Eleito"}, {"seq": "137", "n": "11555", "vap": "19", "pvap": "   0,05", "e": "N", "st": "Suplente"}, {"seq": "133", "n": "11123", "vap": "22", "pvap": "   0,06", "e": "N", "st": "Suplente"}, {"seq": "96", "n": "11234", "vap": "57", "pvap": "   0,15", "e": "N", "st": "Suplente"}, {"seq": "100", "n": "25056", "vap": "53", "pvap": "   0,14", "e": "N", "st": "Suplente"}, {"seq": "154", "n": "25111", "vap": "6", "pvap": "   0,02", "e": "N", "st": "Suplente"}, {"seq": "114", "n": "25125", "vap": "42", "pvap": "   0,11", "e": "N", "st": "Suplente"}, {"seq": "77", "n": "25255", "vap": "86", "pvap": "   0,22", "e": "N", "st": "Suplente"}, {"seq": "74", "n": "25333", "vap": "89", "pvap": "   0,23", "e": "N", "st": "Suplente"}, {"seq": "106", "n": "25500", "vap": "48", "pvap": "   0,12", "e": "N", "st": "Suplente"}, {"seq": "91", "n": "25733", "vap": "61", "pvap": "   0,16", "e": "N", "st": "Suplente"}, {"seq": "29", "n": "25999", "vap": "308", "pvap": "   0,80", "e": "N", "st": "Suplente"}, {"seq": "55", "n": "25025", "vap": "144", "pvap": "   0,37", "e": "N", "st": "Suplente"}, {"seq": "119", "n": "25225", "vap": "37", "pvap": "   0,10", "e": "N", "st": "Suplente"}, {"seq": "155", "n": "25518", "vap": "6", "pvap": "   0,02", "e": "N", "st": "Suplente"}, {"seq": "143", "n": "25000", "vap": "16", "pvap": "   0,04", "e": "N", "st": "Suplente"}, {"seq": "117", "n": "25108", "vap": "38", "pvap": "   0,10", "e": "N", "st": "Suplente"}, {"seq": "108", "n": "25192", "vap": "47", "pvap": "   0,12", "e": "N", "st": "Suplente"}, {"seq": "127", "n": "25222", "vap": "27", "pvap": "   0,07", "e": "N", "st": "Suplente"}, {"seq": "28", "n": "25555", "vap": "318", "pvap": "   0,82", "e": "N", "st": "Suplente"}, {"seq": "158", "n": "25400", "vap": "0", "pvap": "00.00", "e": "N", "st": "Suplente"}, {"seq": "79", "n": "25088", "vap": "83", "pvap": "   0,22", "e": "N", "st": "Suplente"}, {"seq": "14", "n": "25123", "vap": "418", "pvap": "   1,08", "e": "S", "st": "Eleito"}, {"seq": "84", "n": "25223", "vap": "68", "pvap": "   0,18", "e": "N", "st": "Suplente"}, {"seq": "25", "n": "25250", "vap": "377", "pvap": "   0,98", "e": "N", "st": "Suplente"}, {"seq": "112", "n": "25925", "vap": "44", "pvap": "   0,11", "e": "N", "st": "Suplente"}, {"seq": "86", "n": "25100", "vap": "64", "pvap": "   0,17", "e": "N", "st": "Suplente"}, {"seq": "27", "n": "40000", "vap": "327", "pvap": "   0,85", "e": "N", "st": "Suplente"}, {"seq": "150", "n": "40050", "vap": "9", "pvap": "   0,02", "e": "N", "st": "Suplente"}, {"seq": "22", "n": "40123", "vap": "402", "pvap": "   1,04", "e": "N", "st": "Suplente"}, {"seq": "78", "n": "40190", "vap": "85", "pvap": "   0,22", "e": "N", "st": "Suplente"}, {"seq": "9", "n": "40400", "vap": "618", "pvap": "   1,60", "e": "S", "st": "Eleito"}, {"seq": "21", "n": "40999", "vap": "436", "pvap": "   1,13", "e": "N", "st": "Suplente"}, {"seq": "82", "n": "40200", "vap": "77", "pvap": "   0,20", "e": "N", "st": "Suplente"}, {"seq": "138", "n": "40222", "vap": "19", "pvap": "   0,05", "e": "N", "st": "Suplente"}, {"seq": "135", "n": "40456", "vap": "22", "pvap": "   0,06", "e": "N", "st": "Suplente"}, {"seq": "76", "n": "40555", "vap": "87", "pvap": "   0,23", "e": "N", "st": "Suplente"}, {"seq": "83", "n": "40777", "vap": "76", "pvap": "   0,20", "e": "N", "st": "Suplente"}, {"seq": "7", "n": "40040", "vap": "657", "pvap": "   1,70", "e": "S", "st": "Eleito"}, {"seq": "271", "n": "40140", "vap": "3", "pvap": "   0,01", "e": "N", "st": "N\u00e3o eleito"}, {"seq": "24", "n": "40888", "vap": "387", "pvap": "   1,00", "e": "N", "st": "Suplente"}, {"seq": "68", "n": "40004", "vap": "104", "pvap": "   0,27", "e": "N", "st": "Suplente"}, {"seq": "70", "n": "40111", "vap": "97", "pvap": "   0,25", "e": "N", "st": "Suplente"}, {"seq": "72", "n": "40444", "vap": "95", "pvap": "   0,25", "e": "N", "st": "Suplente"}, {"seq": "120", "n": "40666", "vap": "37", "pvap": "   0,10", "e": "N", "st": "Suplente"}, {"seq": "23", "n": "40100", "vap": "398", "pvap": "   1,03", "e": "N", "st": "Suplente"}, {"seq": "38", "n": "40333", "vap": "235", "pvap": "   0,61", "e": "N", "st": "Suplente"}, {"seq": "101", "n": "40001", "vap": "52", "pvap": "   0,13", "e": "N", "st": "Suplente"}, {"seq": "37", "n": "40195", "vap": "237", "pvap": "   0,61", "e": "N", "st": "Suplente"}, {"seq": "162", "n": "12111", "vap": "321", "pvap": "   0,83", "e": "N", "st": "N\u00e3o eleito"}, {"seq": "168", "n": "12580", "vap": "171", "pvap": "   0,44", "e": "N", "st": "N\u00e3o eleito"}, {"seq": "247", "n": "12112", "vap": "14", "pvap": "   0,04", "e": "N", "st": "N\u00e3o eleito"}, {"seq": "236", "n": "12345", "vap": "21", "pvap": "   0,05", "e": "N", "st": "N\u00e3o eleito"}, {"seq": "181", "n": "12555", "vap": "84", "pvap": "   0,22", "e": "N", "st": "N\u00e3o eleito"}, {"seq": "203", "n": "12777", "vap": "44", "pvap": "   0,11", "e": "N", "st": "N\u00e3o eleito"}, {"seq": "171", "n": "12030", "vap": "115", "pvap": "   0,30", "e": "N", "st": "N\u00e3o eleito"}, {"seq": "273", "n": "12021", "vap": "2", "pvap": "   0,01", "e": "N", "st": "N\u00e3o eleito"}, {"seq": "222", "n": "12100", "vap": "31", "pvap": "   0,08", "e": "N", "st": "N\u00e3o eleito"}, {"seq": "237", "n": "12117", "vap": "19", "pvap": "   0,05", "e": "N", "st": "N\u00e3o eleito"}, {"seq": "269", "n": "12145", "vap": "4", "pvap": "   0,01", "e": "N", "st": "N\u00e3o eleito"}, {"seq": "161", "n": "12000", "vap": "439", "pvap": "   1,14", "e": "N", "st": "N\u00e3o eleito"}, {"seq": "174", "n": "12001", "vap": "95", "pvap": "   0,25", "e": "N", "st": "N\u00e3o eleito"}, {"seq": "268", "n": "12321", "vap": "4", "pvap": "   0,01", "e": "N", "st": "N\u00e3o eleito"}, {"seq": "251", "n": "12222", "vap": "11", "pvap": "   0,03", "e": "N", "st": "N\u00e3o eleito"}, {"seq": "180", "n": "12012", "vap": "85", "pvap": "   0,22", "e": "N", "st": "N\u00e3o eleito"}, {"seq": "196", "n": "12122", "vap": "46", "pvap": "   0,12", "e": "N", "st": "N\u00e3o eleito"}, {"seq": "184", "n": "12123", "vap": "76", "pvap": "   0,20", "e": "N", "st": "N\u00e3o eleito"}, {"seq": "30", "n": "19000", "vap": "290", "pvap": "   0,75", "e": "N", "st": "Suplente"}, {"seq": "33", "n": "19333", "vap": "262", "pvap": "   0,68", "e": "N", "st": "Suplente"}, {"seq": "35", "n": "19555", "vap": "247", "pvap": "   0,64", "e": "N", "st": "Suplente"}, {"seq": "10", "n": "19019", "vap": "570", "pvap": "   1,48", "e": "S", "st": "Eleito"}, {"seq": "53", "n": "19222", "vap": "161", "pvap": "   0,42", "e": "N", "st": "Suplente"}, {"seq": "31", "n": "19007", "vap": "280", "pvap": "   0,73", "e": "N", "st": "Suplente"}, {"seq": "85", "n": "19040", "vap": "67", "pvap": "   0,17", "e": "N", "st": "Suplente"}, {"seq": "6", "n": "19999", "vap": "951", "pvap": "   2,47", "e": "S", "st": "Eleito"}, {"seq": "66", "n": "19777", "vap": "110", "pvap": "   0,29", "e": "N", "st": "Suplente"}, {"seq": "40", "n": "19100", "vap": "230", "pvap": "   0,60", "e": "N", "st": "Suplente"}, {"seq": "92", "n": "19119", "vap": "60", "pvap": "   0,16", "e": "N", "st": "Suplente"}, {"seq": "52", "n": "19170", "vap": "167", "pvap": "   0,43", "e": "N", "st": "Suplente"}, {"seq": "60", "n": "19190", "vap": "128", "pvap": "   0,33", "e": "N", "st": "Suplente"}, {"seq": "56", "n": "19199", "vap": "142", "pvap": "   0,37", "e": "N", "st": "Suplente"}, {"seq": "121", "n": "19325", "vap": "36", "pvap": "   0,09", "e": "N", "st": "Suplente"}, {"seq": "113", "n": "19345", "vap": "43", "pvap": "   0,11", "e": "N", "st": "Suplente"}, {"seq": "32", "n": "19888", "vap": "263", "pvap": "   0,68", "e": "N", "st": "Suplente"}, {"seq": "44", "n": "19123", "vap": "214", "pvap": "   0,56", "e": "N", "st": "Suplente"}, {"seq": "15", "n": "19456", "vap": "401", "pvap": "   1,04", "e": "S", "st": "Eleito"}, {"seq": "47", "n": "19500", "vap": "212", "pvap": "   0,55", "e": "N", "st": "Suplente"}, {"seq": "62", "n": "19678", "vap": "122", "pvap": "   0,32", "e": "N", "st": "Suplente"}]}]}