{"ele": "426", "carper": "13", "t": "1", "f": "O", "esae": "N", "mnae": " ", "dg": "15/11/2020", "hg": "23:45:02", "dv": "S", "nadf": "sp70513-c0013-e000426-001-f", "abr": [{"dt": "15/11/2020", "ht": "23:34:22", "tf": "S", "and": "F", "tpabr": "MU", "cdabr": "70513", "s": "52", "st": "52", "snt": "0", "si": "52", "sni": "0", "sa": "52", "sna": "0", "pst": " 100,00", "psnt": "   0,00", "psi": " 100,00", "psni": "   0,00", "psa": " 100,00", "psna": "   0,00", "e": "19670", "ea": "19670", "ena": "0", "esi": "19670", "esni": "0", "c": "14620", "a": "5050", "pea": " 100,00", "pena": "   0,00", "pesi": " 100,00", "pesni": "   0,00", "pa": "  25,67", "pc": "  74,33", "vscv": "0", "vnom": "12539", "vl": "761", "tv": "14620", "vvc": "13323", "vb": "651", "tvn": "646", "vn": "646", "vnt": "0", "vp": "0", "vv": "13300", "van": "0", "vansj": "23", "pvnom": "  94,28", "pvl": "   5,72", "pvvc": "  91,13", "pvb": "   4,45", "ptvn": "   4,42", "pvn": " 100,00", "pvnt": "   0,00", "pvp": "   0,00", "pvv": "  99,83", "pvan": "   0,00", "pvansj": "   0,17", "colig": [{"n": "250000118080", "tvtn": "1664", "tvan": "1664", "vag": "1", "tvtl": "271", "tval": "271"}, {"n": "250000077591", "tvtn": "2159", "tvan": "2159", "vag": "2", "tvtl": "36", "tval": "36"}, {"n": "250000129761", "tvtn": "1089", "tvan": "1089", "vag": "1", "tvtl": "13", "tval": "13"}, {"n": "250000114307", "tvtn": "880", "tvan": "880", "vag": "0", "tvtl": "19", "tval": "19"}, {"n": "250000077734", "tvtn": "2639", "tvan": "2639", "vag": "2", "tvtl": "270", "tval": "270"}, {"n": "250000116437", "tvtn": "1297", "tvan": "1320", "vag": "1", "tvtl": "117", "tval": "117"}, {"n": "250000076930", "tvtn": "561", "tvan": "561", "vag": "0", "tvtl": "15", "tval": "15"}, {"n": "250000129621", "tvtn": "261", "tvan": "261", "vag": "0", "tvtl": "2", "tval": "2"}, {"n": "250000113515", "tvtn": "1989", "tvan": "1989", "vag": "2", "tvtl": "18", "tval": "18"}], "part": [{"n": "15", "tvtn": "1664", "tvan": "1664", "tvtl": "271", "tval": "271"}, {"n": "11", "tvtn": "2159", "tvan": "2159", "tvtl": "36", "tval": "36"}, {"n": "43", "tvtn": "1089", "tvan": "1089", "tvtl": "13", "tval": "13"}, {"n": "14", "tvtn": "880", "tvan": "880", "tvtl": "19", "tval": "19"}, {"n": "51", "tvtn": "2639", "tvan": "2639", "tvtl": "270", "tval": "270"}, {"n": "45", "tvtn": "1297", "tvan": "1320", "tvtl": "117", "tval": "117"}, {"n": "10", "tvtn": "561", "tvan": "561", "tvtl": "15", "tval": "15"}, {"n": "70", "tvtn": "261", "tvan": "261", "tvtl": "2", "tval": "2"}, {"n": "23", "tvtn": "1989", "tvan": "1989", "tvtl": "18", "tval": "18"}], "cand": [{"seq": "49", "n": "15222", "vap": "50", "pvap": "   0,38", "e": "N", "st": "Suplente"}, {"seq": "55", "n": "15151", "vap": "37", "pvap": "   0,28", "e": "N", "st": "Suplente"}, {"seq": "35", "n": "15333", "vap": "92", "pvap": "   0,69", "e": "N", "st": "Suplente"}, {"seq": "9", "n": "15555", "vap": "273", "pvap": "   2,05", "e": "S", "st": "Eleito"}, {"seq": "22", "n": "15123", "vap": "187", "pvap": "   1,40", "e": "N", "st": "Suplente"}, {"seq": "31", "n": "15100", "vap": "107", "pvap": "   0,80", "e": "N", "st": "Suplente"}, {"seq": "41", "n": "15777", "vap": "75", "pvap": "   0,56", "e": "N", "st": "Suplente"}, {"seq": "59", "n": "15500", "vap": "25", "pvap": "   0,19", "e": "N", "st": "Suplente"}, {"seq": "23", "n": "15666", "vap": "152", "pvap": "   1,14", "e": "N", "st": "Suplente"}, {"seq": "18", "n": "15111", "vap": "253", "pvap": "   1,90", "e": "N", "st": "Suplente"}, {"seq": "29", "n": "15000", "vap": "118", "pvap": "   0,89", "e": "N", "st": "Suplente"}, {"seq": "26", "n": "15015", "vap": "132", "pvap": "   0,99", "e": "N", "st": "Suplente"}, {"seq": "63", "n": "15678", "vap": "14", "pvap": "   0,11", "e": "N", "st": "Suplente"}, {"seq": "25", "n": "15115", "vap": "149", "pvap": "   1,12", "e": "N", "st": "Suplente"}, {"seq": "10", "n": "11000", "vap": "432", "pvap": "   3,24", "e": "N", "st": "Suplente"}, {"seq": "37", "n": "11457", "vap": "77", "pvap": "   0,58", "e": "N", "st": "Suplente"}, {"seq": "21", "n": "11038", "vap": "204", "pvap": "   1,53", "e": "N", "st": "Suplente"}, {"seq": "67", "n": "11888", "vap": "7", "pvap": "   0,05", "e": "N", "st": "Suplente"}, {"seq": "4", "n": "11123", "vap": "466", "pvap": "   3,50", "e": "S", "st": "Eleito"}, {"seq": "58", "n": "11789", "vap": "27", "pvap": "   0,20", "e": "N", "st": "Suplente"}, {"seq": "15", "n": "11222", "vap": "286", "pvap": "   2,15", "e": "N", "st": "Suplente"}, {"seq": "65", "n": "11456", "vap": "13", "pvap": "   0,10", "e": "N", "st": "Suplente"}, {"seq": "68", "n": "11019", "vap": "5", "pvap": "   0,04", "e": "N", "st": "Suplente"}, {"seq": "36", "n": "11111", "vap": "79", "pvap": "   0,59", "e": "N", "st": "Suplente"}, {"seq": "51", "n": "11455", "vap": "45", "pvap": "   0,34", "e": "N", "st": "Suplente"}, {"seq": "69", "n": "11133", "vap": "1", "pvap": "   0,01", "e": "N", "st": "Suplente"}, {"seq": "2", "n": "11777", "vap": "517", "pvap": "   3,88", "e": "S", "st": "Eleito"}, {"seq": "54", "n": "43800", "vap": "39", "pvap": "   0,29", "e": "N", "st": "Suplente"}, {"seq": "46", "n": "43177", "vap": "61", "pvap": "   0,46", "e": "N", "st": "Suplente"}, {"seq": "57", "n": "43555", "vap": "30", "pvap": "   0,23", "e": "N", "st": "Suplente"}, {"seq": "19", "n": "43234", "vap": "249", "pvap": "   1,87", "e": "N", "st": "Suplente"}, {"seq": "64", "n": "43123", "vap": "14", "pvap": "   0,11", "e": "N", "st": "Suplente"}, {"seq": "8", "n": "43222", "vap": "308", "pvap": "   2,31", "e": "S", "st": "Eleito"}, {"seq": "48", "n": "43888", "vap": "54", "pvap": "   0,41", "e": "N", "st": "Suplente"}, {"seq": "44", "n": "43333", "vap": "66", "pvap": "   0,50", "e": "N", "st": "Suplente"}, {"seq": "17", "n": "43111", "vap": "268", "pvap": "   2,01", "e": "N", "st": "Suplente"}, {"seq": "101", "n": "14014", "vap": "3", "pvap": "   0,02", "e": "N", "st": "N\u00e3o eleito"}, {"seq": "100", "n": "14999", "vap": "8", "pvap": "   0,06", "e": "N", "st": "N\u00e3o eleito"}, {"seq": "76", "n": "14111", "vap": "98", "pvap": "   0,74", "e": "N", "st": "N\u00e3o eleito"}, {"seq": "73", "n": "14000", "vap": "149", "pvap": "   1,12", "e": "N", "st": "N\u00e3o eleito"}, {"seq": "85", "n": "14123", "vap": "24", "pvap": "   0,18", "e": "N", "st": "N\u00e3o eleito"}, {"seq": "84", "n": "14190", "vap": "27", "pvap": "   0,20", "e": "N", "st": "N\u00e3o eleito"}, {"seq": "86", "n": "14439", "vap": "23", "pvap": "   0,17", "e": "N", "st": "N\u00e3o eleito"}, {"seq": "74", "n": "14444", "vap": "117", "pvap": "   0,88", "e": "N", "st": "N\u00e3o eleito"}, {"seq": "91", "n": "14234", "vap": "19", "pvap": "   0,14", "e": "N", "st": "N\u00e3o eleito"}, {"seq": "94", "n": "14400", "vap": "15", "pvap": "   0,11", "e": "N", "st": "N\u00e3o eleito"}, {"seq": "79", "n": "14456", "vap": "75", "pvap": "   0,56", "e": "N", "st": "N\u00e3o eleito"}, {"seq": "75", "n": "14789", "vap": "111", "pvap": "   0,83", "e": "N", "st": "N\u00e3o eleito"}, {"seq": "80", "n": "14500", "vap": "61", "pvap": "   0,46", "e": "N", "st": "N\u00e3o eleito"}, {"seq": "72", "n": "14555", "vap": "150", "pvap": "   1,13", "e": "N", "st": "N\u00e3o eleito"}, {"seq": "34", "n": "51111", "vap": "94", "pvap": "   0,71", "e": "N", "st": "Suplente"}, {"seq": "62", "n": "51510", "vap": "14", "pvap": "   0,11", "e": "N", "st": "Suplente"}, {"seq": "42", "n": "51999", "vap": "72", "pvap": "   0,54", "e": "N", "st": "Suplente"}, {"seq": "13", "n": "51456", "vap": "288", "pvap": "   2,16", "e": "N", "st": "Suplente"}, {"seq": "12", "n": "51777", "vap": "291", "pvap": "   2,18", "e": "N", "st": "Suplente"}, {"seq": "11", "n": "51000", "vap": "305", "pvap": "   2,29", "e": "N", "st": "Suplente"}, {"seq": "28", "n": "51333", "vap": "121", "pvap": "   0,91", "e": "N", "st": "Suplente"}, {"seq": "33", "n": "51555", "vap": "95", "pvap": "   0,71", "e": "N", "st": "Suplente"}, {"seq": "16", "n": "51800", "vap": "284", "pvap": "   2,13", "e": "N", "st": "Suplente"}, {"seq": "45", "n": "51222", "vap": "65", "pvap": "   0,49", "e": "N", "st": "Suplente"}, {"seq": "60", "n": "51888", "vap": "23", "pvap": "   0,17", "e": "N", "st": "Suplente"}, {"seq": "5", "n": "51051", "vap": "456", "pvap": "   3,42", "e": "S", "st": "Eleito"}, {"seq": "40", "n": "51190", "vap": "75", "pvap": "   0,56", "e": "N", "st": "Suplente"}, {"seq": "6", "n": "51234", "vap": "456", "pvap": "   3,42", "e": "S", "st": "Eleito"}, {"seq": "38", "n": "45555", "vap": "76", "pvap": "   0,57", "e": "N", "st": "Suplente"}, {"seq": "87", "n": "45678", "vap": "23", "pvap": "   0,17", "e": "N", "st": "N\u00e3o eleito"}, {"seq": "47", "n": "45888", "vap": "56", "pvap": "   0,42", "e": "N", "st": "Suplente"}, {"seq": "61", "n": "45456", "vap": "16", "pvap": "   0,12", "e": "N", "st": "Suplente"}, {"seq": "53", "n": "45777", "vap": "40", "pvap": "   0,30", "e": "N", "st": "Suplente"}, {"seq": "39", "n": "45045", "vap": "76", "pvap": "   0,57", "e": "N", "st": "Suplente"}, {"seq": "32", "n": "45999", "vap": "95", "pvap": "   0,71", "e": "N", "st": "Suplente"}, {"seq": "24", "n": "45123", "vap": "151", "pvap": "   1,13", "e": "N", "st": "Suplente"}, {"seq": "52", "n": "45100", "vap": "43", "pvap": "   0,32", "e": "N", "st": "Suplente"}, {"seq": "20", "n": "45666", "vap": "236", "pvap": "   1,77", "e": "N", "st": "Suplente"}, {"seq": "3", "n": "45000", "vap": "508", "pvap": "   3,81", "e": "S", "st": "Eleito"}, {"seq": "102", "n": "10888", "vap": "0", "pvap": "00.00", "e": "N", "st": "N\u00e3o eleito"}, {"seq": "71", "n": "10777", "vap": "156", "pvap": "   1,17", "e": "N", "st": "N\u00e3o eleito"}, {"seq": "78", "n": "10000", "vap": "79", "pvap": "   0,59", "e": "N", "st": "N\u00e3o eleito"}, {"seq": "81", "n": "10111", "vap": "57", "pvap": "   0,43", "e": "N", "st": "N\u00e3o eleito"}, {"seq": "83", "n": "10444", "vap": "42", "pvap": "   0,32", "e": "N", "st": "N\u00e3o eleito"}, {"seq": "70", "n": "10555", "vap": "193", "pvap": "   1,45", "e": "N", "st": "N\u00e3o eleito"}, {"seq": "99", "n": "10222", "vap": "11", "pvap": "   0,08", "e": "N", "st": "N\u00e3o eleito"}, {"seq": "96", "n": "10333", "vap": "12", "pvap": "   0,09", "e": "N", "st": "N\u00e3o eleito"}, {"seq": "98", "n": "10999", "vap": "11", "pvap": "   0,08", "e": "N", "st": "N\u00e3o eleito"}, {"seq": "97", "n": "70999", "vap": "12", "pvap": "   0,09", "e": "N", "st": "N\u00e3o eleito"}, {"seq": "92", "n": "70007", "vap": "18", "pvap": "   0,14", "e": "N", "st": "N\u00e3o eleito"}, {"seq": "88", "n": "70888", "vap": "21", "pvap": "   0,16", "e": "N", "st": "N\u00e3o eleito"}, {"seq": "95", "n": "70700", "vap": "13", "pvap": "   0,10", "e": "N", "st": "N\u00e3o eleito"}, {"seq": "90", "n": "70222", "vap": "21", "pvap": "   0,16", "e": "N", "st": "N\u00e3o eleito"}, {"seq": "89", "n": "70111", "vap": "21", "pvap": "   0,16", "e": "N", "st": "N\u00e3o eleito"}, {"seq": "93", "n": "70000", "vap": "17", "pvap": "   0,13", "e": "N", "st": "N\u00e3o eleito"}, {"seq": "77", "n": "70123", "vap": "92", "pvap": "   0,69", "e": "N", "st": "N\u00e3o eleito"}, {"seq": "82", "n": "70669", "vap": "46", "pvap": "   0,35", "e": "N", "st": "N\u00e3o eleito"}, {"seq": "66", "n": "23456", "vap": "11", "pvap": "   0,08", "e": "N", "st": "Suplente"}, {"seq": "1", "n": "23123", "vap": "951", "pvap": "   7,14", "e": "S", "st": "Eleito"}, {"seq": "50", "n": "23500", "vap": "48", "pvap": "   0,36", "e": "N", "st": "Suplente"}, {"seq": "7", "n": "23023", "vap": "353", "pvap": "   2,65", "e": "S", "st": "Eleito"}, {"seq": "30", "n": "23000", "vap": "114", "pvap": "   0,86", "e": "N", "st": "Suplente"}, {"seq": "27", "n": "23444", "vap": "126", "pvap": "   0,95", "e": "N", "st": "Suplente"}, {"seq": "56", "n": "23735", "vap": "32", "pvap": "   0,24", "e": "N", "st": "Suplente"}, {"seq": "14", "n": "23222", "vap": "287", "pvap": "   2,15", "e": "N", "st": "Suplente"}, {"seq": "43", "n": "23333", "vap": "67", "pvap": "   0,50", "e": "N", "st": "Suplente"}]}, {"dt": "15/11/2020", "ht": "23:34:22", "tf": "S", "and": "F", "tpabr": "ZONA", "cdabr": "116", "s": "52", "st": "52", "snt": "0", "si": "52", "sni": "0", "sa": "52", "sna": "0", "pst": " 100,00", "psnt": "   0,00", "psi": " 100,00", "psni": "   0,00", "psa": " 100,00", "psna": "   0,00", "e": "19670", "ea": "19670", "ena": "0", "esi": "19670", "esni": "0", "a": "5050", "c": "14620", "pea": " 100,00", "pena": "   0,00", "pesi": " 100,00", "pesni": "   0,00", "pa": "  25,67", "pc": "  74,33", "vnom": "12539", "vscv": "0", "vl": "761", "tv": "14620", "vvc": "13323", "vb": "651", "tvn": "646", "vn": "646", "vnt": "0", "vp": "0", "vv": "13300", "van": "0", "vansj": "23", "pvnom": "  94,28", "pvl": "   5,72", "pvvc": "  91,13", "pvb": "   4,45", "ptvn": "   4,42", "pvn": " 100,00", "pvnt": "   0,00", "pvp": "   0,00", "pvv": "  99,83", "pvan": "   0,00", "pvansj": "   0,17", "cand": [{"seq": "50", "n": "23500", "vap": "48", "pvap": "   0,36", "e": "N", "st": "Suplente"}, {"seq": "66", "n": "23456", "vap": "11", "pvap": "   0,08", "e": "N", "st": "Suplente"}, {"seq": "43", "n": "23333", "vap": "67", "pvap": "   0,50", "e": "N", "st": "Suplente"}, {"seq": "14", "n": "23222", "vap": "287", "pvap": "   2,15", "e": "N", "st": "Suplente"}, {"seq": "27", "n": "23444", "vap": "126", "pvap": "   0,95", "e": "N", "st": "Suplente"}, {"seq": "1", "n": "23123", "vap": "951", "pvap": "   7,14", "e": "S", "st": "Eleito"}, {"seq": "7", "n": "23023", "vap": "353", "pvap": "   2,65", "e": "S", "st": "Eleito"}, {"seq": "30", "n": "23000", "vap": "114", "pvap": "   0,86", "e": "N", "st": "Suplente"}, {"seq": "56", "n": "23735", "vap": "32", "pvap": "   0,24", "e": "N", "st": "Suplente"}, {"seq": "8", "n": "43222", "vap": "308", "pvap": "   2,31", "e": "S", "st": "Eleito"}, {"seq": "64", "n": "43123", "vap": "14", "pvap": "   0,11", "e": "N", "st": "Suplente"}, {"seq": "19", "n": "43234", "vap": "249", "pvap": "   1,87", "e": "N", "st": "Suplente"}, {"seq": "44", "n": "43333", "vap": "66", "pvap": "   0,50", "e": "N", "st": "Suplente"}, {"seq": "57", "n": "43555", "vap": "30", "pvap": "   0,23", "e": "N", "st": "Suplente"}, {"seq": "48", "n": "43888", "vap": "54", "pvap": "   0,41", "e": "N", "st": "Suplente"}, {"seq": "17", "n": "43111", "vap": "268", "pvap": "   2,01", "e": "N", "st": "Suplente"}, {"seq": "54", "n": "43800", "vap": "39", "pvap": "   0,29", "e": "N", "st": "Suplente"}, {"seq": "46", "n": "43177", "vap": "61", "pvap": "   0,46", "e": "N", "st": "Suplente"}, {"seq": "83", "n": "10444", "vap": "42", "pvap": "   0,32", "e": "N", "st": "N\u00e3o eleito"}, {"seq": "99", "n": "10222", "vap": "11", "pvap": "   0,08", "e": "N", "st": "N\u00e3o eleito"}, {"seq": "78", "n": "10000", "vap": "79", "pvap": "   0,59", "e": "N", "st": "N\u00e3o eleito"}, {"seq": "96", "n": "10333", "vap": "12", "pvap": "   0,09", "e": "N", "st": "N\u00e3o eleito"}, {"seq": "102", "n": "10888", "vap": "0", "pvap": "00.00", "e": "N", "st": "N\u00e3o eleito"}, {"seq": "81", "n": "10111", "vap": "57", "pvap": "   0,43", "e": "N", "st": "N\u00e3o eleito"}, {"seq": "71", "n": "10777", "vap": "156", "pvap": "   1,17", "e": "N", "st": "N\u00e3o eleito"}, {"seq": "98", "n": "10999", "vap": "11", "pvap": "   0,08", "e": "N", "st": "N\u00e3o eleito"}, {"seq": "70", "n": "10555", "vap": "193", "pvap": "   1,45", "e": "N", "st": "N\u00e3o eleito"}, {"seq": "49", "n": "15222", "vap": "50", "pvap": "   0,38", "e": "N", "st": "Suplente"}, {"seq": "35", "n": "15333", "vap": "92", "pvap": "   0,69", "e": "N", "st": "Suplente"}, {"seq": "59", "n": "15500", "vap": "25", "pvap": "   0,19", "e": "N", "st": "Suplente"}, {"seq": "41", "n": "15777", "vap": "75", "pvap": "   0,56", "e": "N", "st": "Suplente"}, {"seq": "23", "n": "15666", "vap": "152", "pvap": "   1,14", "e": "N", "st": "Suplente"}, {"seq": "22", "n": "15123", "vap": "187", "pvap": "   1,40", "e": "N", "st": "Suplente"}, {"seq": "29", "n": "15000", "vap": "118", "pvap": "   0,89", "e": "N", "st": "Suplente"}, {"seq": "31", "n": "15100", "vap": "107", "pvap": "   0,80", "e": "N", "st": "Suplente"}, {"seq": "55", "n": "15151", "vap": "37", "pvap": "   0,28", "e": "N", "st": "Suplente"}, {"seq": "9", "n": "15555", "vap": "273", "pvap": "   2,05", "e": "S", "st": "Eleito"}, {"seq": "26", "n": "15015", "vap": "132", "pvap": "   0,99", "e": "N", "st": "Suplente"}, {"seq": "18", "n": "15111", "vap": "253", "pvap": "   1,90", "e": "N", "st": "Suplente"}, {"seq": "63", "n": "15678", "vap": "14", "pvap": "   0,11", "e": "N", "st": "Suplente"}, {"seq": "25", "n": "15115", "vap": "149", "pvap": "   1,12", "e": "N", "st": "Suplente"}, {"seq": "88", "n": "70888", "vap": "21", "pvap": "   0,16", "e": "N", "st": "N\u00e3o eleito"}, {"seq": "92", "n": "70007", "vap": "18", "pvap": "   0,14", "e": "N", "st": "N\u00e3o eleito"}, {"seq": "90", "n": "70222", "vap": "21", "pvap": "   0,16", "e": "N", "st": "N\u00e3o eleito"}, {"seq": "89", "n": "70111", "vap": "21", "pvap": "   0,16", "e": "N", "st": "N\u00e3o eleito"}, {"seq": "95", "n": "70700", "vap": "13", "pvap": "   0,10", "e": "N", "st": "N\u00e3o eleito"}, {"seq": "82", "n": "70669", "vap": "46", "pvap": "   0,35", "e": "N", "st": "N\u00e3o eleito"}, {"seq": "77", "n": "70123", "vap": "92", "pvap": "   0,69", "e": "N", "st": "N\u00e3o eleito"}, {"seq": "97", "n": "70999", "vap": "12", "pvap": "   0,09", "e": "N", "st": "N\u00e3o eleito"}, {"seq": "93", "n": "70000", "vap": "17", "pvap": "   0,13", "e": "N", "st": "N\u00e3o eleito"}, {"seq": "58", "n": "11789", "vap": "27", "pvap": "   0,20", "e": "N", "st": "Suplente"}, {"seq": "36", "n": "11111", "vap": "79", "pvap": "   0,59", "e": "N", "st": "Suplente"}, {"seq": "21", "n": "11038", "vap": "204", "pvap": "   1,53", "e": "N", "st": "Suplente"}, {"seq": "2", "n": "11777", "vap": "517", "pvap": "   3,88", "e": "S", "st": "Eleito"}, {"seq": "69", "n": "11133", "vap": "1", "pvap": "   0,01", "e": "N", "st": "Suplente"}, {"seq": "4", "n": "11123", "vap": "466", "pvap": "   3,50", "e": "S", "st": "Eleito"}, {"seq": "37", "n": "11457", "vap": "77", "pvap": "   0,58", "e": "N", "st": "Suplente"}, {"seq": "15", "n": "11222", "vap": "286", "pvap": "   2,15", "e": "N", "st": "Suplente"}, {"seq": "10", "n": "11000", "vap": "432", "pvap": "   3,24", "e": "N", "st": "Suplente"}, {"seq": "67", "n": "11888", "vap": "7", "pvap": "   0,05", "e": "N", "st": "Suplente"}, {"seq": "65", "n": "11456", "vap": "13", "pvap": "   0,10", "e": "N", "st": "Suplente"}, {"seq": "51", "n": "11455", "vap": "45", "pvap": "   0,34", "e": "N", "st": "Suplente"}, {"seq": "68", "n": "11019", "vap": "5", "pvap": "   0,04", "e": "N", "st": "Suplente"}, {"seq": "86", "n": "14439", "vap": "23", "pvap": "   0,17", "e": "N", "st": "N\u00e3o eleito"}, {"seq": "79", "n": "14456", "vap": "75", "pvap": "   0,56", "e": "N", "st": "N\u00e3o eleito"}, {"seq": "72", "n": "14555", "vap": "150", "pvap": "   1,13", "e": "N", "st": "N\u00e3o eleito"}, {"seq": "84", "n": "14190", "vap": "27", "pvap": "   0,20", "e": "N", "st": "N\u00e3o eleito"}, {"seq": "91", "n": "14234", "vap": "19", "pvap": "   0,14", "e": "N", "st": "N\u00e3o eleito"}, {"seq": "74", "n": "14444", "vap": "117", "pvap": "   0,88", "e": "N", "st": "N\u00e3o eleito"}, {"seq": "100", "n": "14999", "vap": "8", "pvap": "   0,06", "e": "N", "st": "N\u00e3o eleito"}, {"seq": "75", "n": "14789", "vap": "111", "pvap": "   0,83", "e": "N", "st": "N\u00e3o eleito"}, {"seq": "101", "n": "14014", "vap": "3", "pvap": "   0,02", "e": "N", "st": "N\u00e3o eleito"}, {"seq": "73", "n": "14000", "vap": "149", "pvap": "   1,12", "e": "N", "st": "N\u00e3o eleito"}, {"seq": "94", "n": "14400", "vap": "15", "pvap": "   0,11", "e": "N", "st": "N\u00e3o eleito"}, {"seq": "80", "n": "14500", "vap": "61", "pvap": "   0,46", "e": "N", "st": "N\u00e3o eleito"}, {"seq": "76", "n": "14111", "vap": "98", "pvap": "   0,74", "e": "N", "st": "N\u00e3o eleito"}, {"seq": "85", "n": "14123", "vap": "24", "pvap": "   0,18", "e": "N", "st": "N\u00e3o eleito"}, {"seq": "20", "n": "45666", "vap": "236", "pvap": "   1,77", "e": "N", "st": "Suplente"}, {"seq": "47", "n": "45888", "vap": "56", "pvap": "   0,42", "e": "N", "st": "Suplente"}, {"seq": "32", "n": "45999", "vap": "95", "pvap": "   0,71", "e": "N", "st": "Suplente"}, {"seq": "3", "n": "45000", "vap": "508", "pvap": "   3,81", "e": "S", "st": "Eleito"}, {"seq": "24", "n": "45123", "vap": "151", "pvap": "   1,13", "e": "N", "st": "Suplente"}, {"seq": "38", "n": "45555", "vap": "76", "pvap": "   0,57", "e": "N", "st": "Suplente"}, {"seq": "39", "n": "45045", "vap": "76", "pvap": "   0,57", "e": "N", "st": "Suplente"}, {"seq": "87", "n": "45678", "vap": "23", "pvap": "   0,17", "e": "N", "st": "N\u00e3o eleito"}, {"seq": "61", "n": "45456", "vap": "16", "pvap": "   0,12", "e": "N", "st": "Suplente"}, {"seq": "53", "n": "45777", "vap": "40", "pvap": "   0,30", "e": "N", "st": "Suplente"}, {"seq": "52", "n": "45100", "vap": "43", "pvap": "   0,32", "e": "N", "st": "Suplente"}, {"seq": "60", "n": "51888", "vap": "23", "pvap": "   0,17", "e": "N", "st": "Suplente"}, {"seq": "45", "n": "51222", "vap": "65", "pvap": "   0,49", "e": "N", "st": "Suplente"}, {"seq": "11", "n": "51000", "vap": "305", "pvap": "   2,29", "e": "N", "st": "Suplente"}, {"seq": "62", "n": "51510", "vap": "14", "pvap": "   0,11", "e": "N", "st": "Suplente"}, {"seq": "5", "n": "51051", "vap": "456", "pvap": "   3,42", "e": "S", "st": "Eleito"}, {"seq": "42", "n": "51999", "vap": "72", "pvap": "   0,54", "e": "N", "st": "Suplente"}, {"seq": "33", "n": "51555", "vap": "95", "pvap": "   0,71", "e": "N", "st": "Suplente"}, {"seq": "12", "n": "51777", "vap": "291", "pvap": "   2,18", "e": "N", "st": "Suplente"}, {"seq": "6", "n": "51234", "vap": "456", "pvap": "   3,42", "e": "S", "st": "Eleito"}, {"seq": "28", "n": "51333", "vap": "121", "pvap": "   0,91", "e": "N", "st": "Suplente"}, {"seq": "34", "n": "51111", "vap": "94", "pvap": "   0,71", "e": "N", "st": "Suplente"}, {"seq": "16", "n": "51800", "vap": "284", "pvap": "   2,13", "e": "N", "st": "Suplente"}, {"seq": "40", "n": "51190", "vap": "75", "pvap": "   0,56", "e": "N", "st": "Suplente"}, {"seq": "13", "n": "51456", "vap": "288", "pvap": "   2,16", "e": "N", "st": "Suplente"}]}]}