{"ele": "426", "carper": "13", "t": "1", "f": "O", "esae": "N", "mnae": " ", "dg": "16/11/2020", "hg": "00:29:13", "dv": "S", "nadf": "sp68977-c0013-e000426-003-f", "abr": [{"dt": "15/11/2020", "ht": "23:48:51", "tf": "S", "and": "F", "tpabr": "MU", "cdabr": "68977", "s": "241", "st": "241", "snt": "0", "si": "241", "sni": "0", "sa": "241", "sna": "0", "pst": " 100,00", "psnt": "   0,00", "psi": " 100,00", "psni": "   0,00", "psa": " 100,00", "psna": "   0,00", "e": "93853", "ea": "93853", "ena": "0", "esi": "93853", "esni": "0", "c": "70736", "a": "23117", "pea": " 100,00", "pena": "   0,00", "pesi": " 100,00", "pesni": "   0,00", "pa": "  24,63", "pc": "  75,37", "vscv": "0", "vnom": "57447", "vl": "3229", "tv": "70736", "vvc": "63051", "vb": "3535", "tvn": "4150", "vn": "4150", "vnt": "0", "vp": "0", "vv": "60676", "van": "0", "vansj": "2375", "pvnom": "  94,68", "pvl": "   5,32", "pvvc": "  89,14", "pvb": "   4,99", "ptvn": "   5,87", "pvn": " 100,00", "pvnt": "   0,00", "pvp": "   0,00", "pvv": "  96,23", "pvan": "   0,00", "pvansj": "   3,77", "colig": [{"n": "250000099184", "tvtn": "256", "tvan": "280", "vag": "0", "tvtl": "34", "tval": "34"}, {"n": "250000074930", "tvtn": "6063", "tvan": "6063", "vag": "2", "tvtl": "412", "tval": "412"}, {"n": "250000116766", "tvtn": "2733", "tvan": "3021", "vag": "1", "tvtl": "60", "tval": "60"}, {"n": "250000099250", "tvtn": "2659", "tvan": "2667", "vag": "1", "tvtl": "38", "tval": "38"}, {"n": "250000133136", "tvtn": "1930", "tvan": "1930", "vag": "0", "tvtl": "22", "tval": "22"}, {"n": "250000096224", "tvtn": "1990", "tvan": "2418", "vag": "0", "tvtl": "84", "tval": "84"}, {"n": "250000132326", "tvtn": "8499", "tvan": "8499", "vag": "3", "tvtl": "444", "tval": "444"}, {"n": "250000133979", "tvtn": "2372", "tvan": "2372", "vag": "1", "tvtl": "96", "tval": "96"}, {"n": "250000096966", "tvtn": "2060", "tvan": "2060", "vag": "0", "tvtl": "198", "tval": "198"}, {"n": "250000133655", "tvtn": "3532", "tvan": "3592", "vag": "1", "tvtl": "161", "tval": "161"}, {"n": "250000132064", "tvtn": "3777", "tvan": "3777", "vag": "1", "tvtl": "34", "tval": "34"}, {"n": "250000147886", "tvtn": "7759", "tvan": "7784", "vag": "3", "tvtl": "338", "tval": "338"}, {"n": "250000131957", "tvtn": "112", "tvan": "385", "vag": "0", "tvtl": "107", "tval": "107"}, {"n": "250000148070", "tvtn": "2592", "tvan": "2687", "vag": "1", "tvtl": "33", "tval": "33"}, {"n": "250000119171", "tvtn": "3228", "tvan": "3915", "vag": "1", "tvtl": "1022", "tval": "1022"}, {"n": "250000148221", "tvtn": "1002", "tvan": "1435", "vag": "0", "tvtl": "48", "tval": "48"}, {"n": "250000112964", "tvtn": "3066", "tvan": "3066", "vag": "1", "tvtl": "44", "tval": "44"}, {"n": "250000095840", "tvtn": "3817", "tvan": "3871", "vag": "1", "tvtl": "54", "tval": "54"}], "part": [{"n": "23", "tvtn": "256", "tvan": "280", "tvtl": "34", "tval": "34"}, {"n": "70", "tvtn": "6063", "tvan": "6063", "tvtl": "412", "tval": "412"}, {"n": "25", "tvtn": "2733", "tvan": "3021", "tvtl": "60", "tval": "60"}, {"n": "28", "tvtn": "2659", "tvan": "2667", "tvtl": "38", "tval": "38"}, {"n": "65", "tvtn": "1930", "tvan": "1930", "tvtl": "22", "tval": "22"}, {"n": "12", "tvtn": "1990", "tvan": "2418", "tvtl": "84", "tval": "84"}, {"n": "22", "tvtn": "8499", "tvan": "8499", "tvtl": "444", "tval": "444"}, {"n": "55", "tvtn": "2372", "tvan": "2372", "tvtl": "96", "tval": "96"}, {"n": "50", "tvtn": "2060", "tvan": "2060", "tvtl": "198", "tval": "198"}, {"n": "20", "tvtn": "3532", "tvan": "3592", "tvtl": "161", "tval": "161"}, {"n": "90", "tvtn": "3777", "tvan": "3777", "tvtl": "34", "tval": "34"}, {"n": "14", "tvtn": "7759", "tvan": "7784", "tvtl": "338", "tval": "338"}, {"n": "13", "tvtn": "112", "tvan": "385", "tvtl": "107", "tval": "107"}, {"n": "19", "tvtn": "2592", "tvan": "2687", "tvtl": "33", "tval": "33"}, {"n": "45", "tvtn": "3228", "tvan": "3915", "tvtl": "1022", "tval": "1022"}, {"n": "51", "tvtn": "1002", "tvan": "1435", "tvtl": "48", "tval": "48"}, {"n": "77", "tvtn": "3066", "tvan": "3066", "tvtl": "44", "tval": "44"}, {"n": "10", "tvtn": "3817", "tvan": "3871", "tvtl": "54", "tval": "54"}], "cand": [{"seq": "334", "n": "23812", "vap": "29", "pvap": "   0,05", "e": "N", "st": "N\u00e3o eleito"}, {"seq": "367", "n": "23666", "vap": "1", "pvap": "   0,00", "e": "N", "st": "N\u00e3o eleito"}, {"seq": "283", "n": "23555", "vap": "110", "pvap": "   0,17", "e": "N", "st": "N\u00e3o eleito"}, {"seq": "295", "n": "23000", "vap": "78", "pvap": "   0,12", "e": "N", "st": "N\u00e3o eleito"}, {"seq": "342", "n": "23123", "vap": "24", "pvap": "   0,04", "e": "N", "st": "N\u00e3o eleito"}, {"seq": "349", "n": "23456", "vap": "17", "pvap": "   0,03", "e": "N", "st": "N\u00e3o eleito"}, {"seq": "352", "n": "23233", "vap": "16", "pvap": "   0,03", "e": "N", "st": "N\u00e3o eleito"}, {"seq": "363", "n": "23465", "vap": "5", "pvap": "   0,01", "e": "N", "st": "N\u00e3o eleito"}, {"seq": "108", "n": "70601", "vap": "131", "pvap": "   0,21", "e": "N", "st": "Suplente"}, {"seq": "130", "n": "70133", "vap": "102", "pvap": "   0,16", "e": "N", "st": "Suplente"}, {"seq": "110", "n": "70777", "vap": "125", "pvap": "   0,20", "e": "N", "st": "Suplente"}, {"seq": "92", "n": "70222", "vap": "166", "pvap": "   0,26", "e": "N", "st": "Suplente"}, {"seq": "196", "n": "70321", "vap": "40", "pvap": "   0,06", "e": "N", "st": "Suplente"}, {"seq": "184", "n": "70073", "vap": "44", "pvap": "   0,07", "e": "N", "st": "Suplente"}, {"seq": "51", "n": "70333", "vap": "334", "pvap": "   0,53", "e": "N", "st": "Suplente"}, {"seq": "3", "n": "70000", "vap": "1145", "pvap": "   1,82", "e": "S", "st": "Eleito"}, {"seq": "15", "n": "70888", "vap": "554", "pvap": "   0,88", "e": "S", "st": "Eleito"}, {"seq": "66", "n": "70251", "vap": "246", "pvap": "   0,39", "e": "N", "st": "Suplente"}, {"seq": "73", "n": "70700", "vap": "227", "pvap": "   0,36", "e": "N", "st": "Suplente"}, {"seq": "29", "n": "70123", "vap": "502", "pvap": "   0,80", "e": "N", "st": "Suplente"}, {"seq": "212", "n": "70077", "vap": "30", "pvap": "   0,05", "e": "N", "st": "Suplente"}, {"seq": "30", "n": "70789", "vap": "486", "pvap": "   0,77", "e": "N", "st": "Suplente"}, {"seq": "107", "n": "70170", "vap": "131", "pvap": "   0,21", "e": "N", "st": "Suplente"}, {"seq": "87", "n": "70444", "vap": "187", "pvap": "   0,30", "e": "N", "st": "Suplente"}, {"seq": "98", "n": "70555", "vap": "150", "pvap": "   0,24", "e": "N", "st": "Suplente"}, {"seq": "129", "n": "70220", "vap": "105", "pvap": "   0,17", "e": "N", "st": "Suplente"}, {"seq": "76", "n": "70111", "vap": "220", "pvap": "   0,35", "e": "N", "st": "Suplente"}, {"seq": "148", "n": "70470", "vap": "82", "pvap": "   0,13", "e": "N", "st": "Suplente"}, {"seq": "173", "n": "70424", "vap": "58", "pvap": "   0,09", "e": "N", "st": "Suplente"}, {"seq": "79", "n": "70999", "vap": "205", "pvap": "   0,33", "e": "N", "st": "Suplente"}, {"seq": "122", "n": "70190", "vap": "108", "pvap": "   0,17", "e": "N", "st": "Suplente"}, {"seq": "52", "n": "70070", "vap": "329", "pvap": "   0,52", "e": "N", "st": "Suplente"}, {"seq": "146", "n": "70007", "vap": "84", "pvap": "   0,13", "e": "N", "st": "Suplente"}, {"seq": "60", "n": "70100", "vap": "272", "pvap": "   0,43", "e": "N", "st": "Suplente"}, {"seq": "219", "n": "25100", "vap": "29", "pvap": "   0,05", "e": "N", "st": "Suplente"}, {"seq": "67", "n": "25555", "vap": "241", "pvap": "   0,38", "e": "N", "st": "Suplente"}, {"seq": "14", "n": "25123", "vap": "584", "pvap": "   0,93", "e": "S", "st": "Eleito"}, {"seq": "82", "n": "25022", "vap": "202", "pvap": "   0,32", "e": "N", "st": "Suplente"}, {"seq": "256", "n": "25300", "vap": "2", "pvap": "   0,00", "e": "N", "st": "Suplente"}, {"seq": "247", "n": "25020", "vap": "10", "pvap": "   0,02", "e": "N", "st": "Suplente"}, {"seq": "266", "n": "25222", "vap": "288", "pvap": "   0,46", "e": "N", "st": "N\u00e3o eleito"}, {"seq": "206", "n": "25180", "vap": "34", "pvap": "   0,05", "e": "N", "st": "Suplente"}, {"seq": "124", "n": "25342", "vap": "107", "pvap": "   0,17", "e": "N", "st": "Suplente"}, {"seq": "242", "n": "25012", "vap": "15", "pvap": "   0,02", "e": "N", "st": "Suplente"}, {"seq": "112", "n": "25607", "vap": "122", "pvap": "   0,19", "e": "N", "st": "Suplente"}, {"seq": "118", "n": "25456", "vap": "112", "pvap": "   0,18", "e": "N", "st": "Suplente"}, {"seq": "55", "n": "25678", "vap": "314", "pvap": "   0,50", "e": "N", "st": "Suplente"}, {"seq": "149", "n": "25001", "vap": "82", "pvap": "   0,13", "e": "N", "st": "Suplente"}, {"seq": "214", "n": "25000", "vap": "30", "pvap": "   0,05", "e": "N", "st": "Suplente"}, {"seq": "81", "n": "25127", "vap": "203", "pvap": "   0,32", "e": "N", "st": "Suplente"}, {"seq": "258", "n": "25010", "vap": "0", "pvap": "00.00", "e": "N", "st": "Suplente"}, {"seq": "172", "n": "25025", "vap": "59", "pvap": "   0,09", "e": "N", "st": "Suplente"}, {"seq": "95", "n": "25999", "vap": "156", "pvap": "   0,25", "e": "N", "st": "Suplente"}, {"seq": "86", "n": "25125", "vap": "189", "pvap": "   0,30", "e": "N", "st": "Suplente"}, {"seq": "208", "n": "25045", "vap": "33", "pvap": "   0,05", "e": "N", "st": "Suplente"}, {"seq": "125", "n": "25190", "vap": "107", "pvap": "   0,17", "e": "N", "st": "Suplente"}, {"seq": "131", "n": "25658", "vap": "102", "pvap": "   0,16", "e": "N", "st": "Suplente"}, {"seq": "217", "n": "28007", "vap": "29", "pvap": "   0,05", "e": "N", "st": "Suplente"}, {"seq": "85", "n": "28028", "vap": "192", "pvap": "   0,30", "e": "N", "st": "Suplente"}, {"seq": "58", "n": "28127", "vap": "279", "pvap": "   0,44", "e": "N", "st": "Suplente"}, {"seq": "159", "n": "28000", "vap": "68", "pvap": "   0,11", "e": "N", "st": "Suplente"}, {"seq": "205", "n": "28222", "vap": "35", "pvap": "   0,06", "e": "N", "st": "Suplente"}, {"seq": "250", "n": "28308", "vap": "6", "pvap": "   0,01", "e": "N", "st": "Suplente"}, {"seq": "27", "n": "28630", "vap": "518", "pvap": "   0,82", "e": "N", "st": "Suplente"}, {"seq": "220", "n": "28333", "vap": "28", "pvap": "   0,04", "e": "N", "st": "Suplente"}, {"seq": "109", "n": "28190", "vap": "130", "pvap": "   0,21", "e": "N", "st": "Suplente"}, {"seq": "361", "n": "28019", "vap": "8", "pvap": "   0,01", "e": "N", "st": "N\u00e3o eleito"}, {"seq": "9", "n": "28123", "vap": "783", "pvap": "   1,24", "e": "S", "st": "Eleito"}, {"seq": "207", "n": "28800", "vap": "34", "pvap": "   0,05", "e": "N", "st": "Suplente"}, {"seq": "105", "n": "28456", "vap": "134", "pvap": "   0,21", "e": "N", "st": "Suplente"}, {"seq": "257", "n": "28261", "vap": "1", "pvap": "   0,00", "e": "N", "st": "Suplente"}, {"seq": "45", "n": "28430", "vap": "387", "pvap": "   0,61", "e": "N", "st": "Suplente"}, {"seq": "203", "n": "28166", "vap": "35", "pvap": "   0,06", "e": "N", "st": "Suplente"}, {"seq": "268", "n": "65888", "vap": "267", "pvap": "   0,42", "e": "N", "st": "N\u00e3o eleito"}, {"seq": "267", "n": "65024", "vap": "282", "pvap": "   0,45", "e": "N", "st": "N\u00e3o eleito"}, {"seq": "297", "n": "65000", "vap": "73", "pvap": "   0,12", "e": "N", "st": "N\u00e3o eleito"}, {"seq": "317", "n": "65151", "vap": "36", "pvap": "   0,06", "e": "N", "st": "N\u00e3o eleito"}, {"seq": "321", "n": "65500", "vap": "35", "pvap": "   0,06", "e": "N", "st": "N\u00e3o eleito"}, {"seq": "313", "n": "65145", "vap": "44", "pvap": "   0,07", "e": "N", "st": "N\u00e3o eleito"}, {"seq": "350", "n": "65656", "vap": "17", "pvap": "   0,03", "e": "N", "st": "N\u00e3o eleito"}, {"seq": "280", "n": "65555", "vap": "135", "pvap": "   0,21", "e": "N", "st": "N\u00e3o eleito"}, {"seq": "326", "n": "65999", "vap": "32", "pvap": "   0,05", "e": "N", "st": "N\u00e3o eleito"}, {"seq": "260", "n": "65321", "vap": "463", "pvap": "   0,73", "e": "N", "st": "N\u00e3o eleito"}, {"seq": "292", "n": "65777", "vap": "88", "pvap": "   0,14", "e": "N", "st": "N\u00e3o eleito"}, {"seq": "304", "n": "65111", "vap": "51", "pvap": "   0,08", "e": "N", "st": "N\u00e3o eleito"}, {"seq": "312", "n": "65033", "vap": "45", "pvap": "   0,07", "e": "N", "st": "N\u00e3o eleito"}, {"seq": "296", "n": "65001", "vap": "75", "pvap": "   0,12", "e": "N", "st": "N\u00e3o eleito"}, {"seq": "286", "n": "65100", "vap": "98", "pvap": "   0,16", "e": "N", "st": "N\u00e3o eleito"}, {"seq": "344", "n": "65227", "vap": "23", "pvap": "   0,04", "e": "N", "st": "N\u00e3o eleito"}, {"seq": "285", "n": "65123", "vap": "98", "pvap": "   0,16", "e": "N", "st": "N\u00e3o eleito"}, {"seq": "322", "n": "65666", "vap": "35", "pvap": "   0,06", "e": "N", "st": "N\u00e3o eleito"}, {"seq": "324", "n": "65520", "vap": "33", "pvap": "   0,05", "e": "N", "st": "N\u00e3o eleito"}, {"seq": "262", "n": "12333", "vap": "430", "pvap": "   0,68", "e": "N", "st": "N\u00e3o eleito"}, {"seq": "263", "n": "12012", "vap": "367", "pvap": "   0,58", "e": "N", "st": "N\u00e3o eleito"}, {"seq": "316", "n": "12456", "vap": "37", "pvap": "   0,06", "e": "N", "st": "N\u00e3o eleito"}, {"seq": "281", "n": "12000", "vap": "117", "pvap": "   0,19", "e": "N", "st": "N\u00e3o eleito"}, {"seq": "347", "n": "12123", "vap": "18", "pvap": "   0,03", "e": "N", "st": "N\u00e3o eleito"}, {"seq": "309", "n": "12222", "vap": "47", "pvap": "   0,07", "e": "N", "st": "N\u00e3o eleito"}, {"seq": "325", "n": "12666", "vap": "33", "pvap": "   0,05", "e": "N", "st": "N\u00e3o eleito"}, {"seq": "305", "n": "12345", "vap": "50", "pvap": "   0,08", "e": "N", "st": "N\u00e3o eleito"}, {"seq": "359", "n": "12133", "vap": "14", "pvap": "   0,02", "e": "N", "st": "N\u00e3o eleito"}, {"seq": "327", "n": "12122", "vap": "32", "pvap": "   0,05", "e": "N", "st": "N\u00e3o eleito"}, {"seq": "279", "n": "12223", "vap": "143", "pvap": "   0,23", "e": "N", "st": "N\u00e3o eleito"}, {"seq": "284", "n": "12900", "vap": "103", "pvap": "   0,16", "e": "N", "st": "N\u00e3o eleito"}, {"seq": "265", "n": "12777", "vap": "304", "pvap": "   0,48", "e": "N", "st": "N\u00e3o eleito"}, {"seq": "282", "n": "12121", "vap": "113", "pvap": "   0,18", "e": "N", "st": "N\u00e3o eleito"}, {"seq": "319", "n": "12233", "vap": "35", "pvap": "   0,06", "e": "N", "st": "N\u00e3o eleito"}, {"seq": "335", "n": "12120", "vap": "28", "pvap": "   0,04", "e": "N", "st": "N\u00e3o eleito"}, {"seq": "270", "n": "12444", "vap": "223", "pvap": "   0,35", "e": "N", "st": "N\u00e3o eleito"}, {"seq": "291", "n": "12888", "vap": "88", "pvap": "   0,14", "e": "N", "st": "N\u00e3o eleito"}, {"seq": "300", "n": "12555", "vap": "58", "pvap": "   0,09", "e": "N", "st": "N\u00e3o eleito"}, {"seq": "311", "n": "12243", "vap": "45", "pvap": "   0,07", "e": "N", "st": "N\u00e3o eleito"}, {"seq": "333", "n": "12357", "vap": "29", "pvap": "   0,05", "e": "N", "st": "N\u00e3o eleito"}, {"seq": "358", "n": "12800", "vap": "14", "pvap": "   0,02", "e": "N", "st": "N\u00e3o eleito"}, {"seq": "369", "n": "12110", "vap": "0", "pvap": "00.00", "e": "N", "st": "N\u00e3o eleito"}, {"seq": "353", "n": "12016", "vap": "16", "pvap": "   0,03", "e": "N", "st": "N\u00e3o eleito"}, {"seq": "306", "n": "12130", "vap": "50", "pvap": "   0,08", "e": "N", "st": "N\u00e3o eleito"}, {"seq": "343", "n": "12999", "vap": "24", "pvap": "   0,04", "e": "N", "st": "N\u00e3o eleito"}, {"seq": "44", "n": "22240", "vap": "392", "pvap": "   0,62", "e": "N", "st": "Suplente"}, {"seq": "100", "n": "22180", "vap": "145", "pvap": "   0,23", "e": "N", "st": "Suplente"}, {"seq": "22", "n": "22777", "vap": "605", "pvap": "   0,96", "e": "N", "st": "Suplente"}, {"seq": "11", "n": "22888", "vap": "706", "pvap": "   1,12", "e": "S", "st": "Eleito"}, {"seq": "195", "n": "22000", "vap": "40", "pvap": "   0,06", "e": "N", "st": "Suplente"}, {"seq": "10", "n": "22999", "vap": "736", "pvap": "   1,17", "e": "S", "st": "Eleito"}, {"seq": "2", "n": "22100", "vap": "1183", "pvap": "   1,88", "e": "S", "st": "Eleito"}, {"seq": "152", "n": "22530", "vap": "75", "pvap": "   0,12", "e": "N", "st": "Suplente"}, {"seq": "21", "n": "22020", "vap": "613", "pvap": "   0,97", "e": "N", "st": "Suplente"}, {"seq": "65", "n": "22234", "vap": "260", "pvap": "   0,41", "e": "N", "st": "Suplente"}, {"seq": "43", "n": "22111", "vap": "398", "pvap": "   0,63", "e": "N", "st": "Suplente"}, {"seq": "135", "n": "22555", "vap": "94", "pvap": "   0,15", "e": "N", "st": "Suplente"}, {"seq": "26", "n": "22123", "vap": "526", "pvap": "   0,83", "e": "N", "st": "Suplente"}, {"seq": "38", "n": "22333", "vap": "428", "pvap": "   0,68", "e": "N", "st": "Suplente"}, {"seq": "47", "n": "22021", "vap": "381", "pvap": "   0,60", "e": "N", "st": "Suplente"}, {"seq": "41", "n": "22222", "vap": "405", "pvap": "   0,64", "e": "N", "st": "Suplente"}, {"seq": "101", "n": "22122", "vap": "144", "pvap": "   0,23", "e": "N", "st": "Suplente"}, {"seq": "18", "n": "22612", "vap": "674", "pvap": "   1,07", "e": "N", "st": "Suplente"}, {"seq": "33", "n": "22223", "vap": "474", "pvap": "   0,75", "e": "N", "st": "Suplente"}, {"seq": "75", "n": "22022", "vap": "220", "pvap": "   0,35", "e": "N", "st": "Suplente"}, {"seq": "31", "n": "55123", "vap": "482", "pvap": "   0,76", "e": "N", "st": "Suplente"}, {"seq": "162", "n": "55555", "vap": "67", "pvap": "   0,11", "e": "N", "st": "Suplente"}, {"seq": "16", "n": "55055", "vap": "487", "pvap": "   0,77", "e": "S", "st": "Eleito"}, {"seq": "199", "n": "55777", "vap": "36", "pvap": "   0,06", "e": "N", "st": "Suplente"}, {"seq": "230", "n": "55606", "vap": "24", "pvap": "   0,04", "e": "N", "st": "Suplente"}, {"seq": "104", "n": "55000", "vap": "137", "pvap": "   0,22", "e": "N", "st": "Suplente"}, {"seq": "211", "n": "55091", "vap": "31", "pvap": "   0,05", "e": "N", "st": "Suplente"}, {"seq": "168", "n": "55550", "vap": "63", "pvap": "   0,10", "e": "N", "st": "Suplente"}, {"seq": "234", "n": "55100", "vap": "21", "pvap": "   0,03", "e": "N", "st": "Suplente"}, {"seq": "249", "n": "55191", "vap": "8", "pvap": "   0,01", "e": "N", "st": "Suplente"}, {"seq": "253", "n": "55250", "vap": "6", "pvap": "   0,01", "e": "N", "st": "Suplente"}, {"seq": "117", "n": "55155", "vap": "113", "pvap": "   0,18", "e": "N", "st": "Suplente"}, {"seq": "120", "n": "55222", "vap": "111", "pvap": "   0,18", "e": "N", "st": "Suplente"}, {"seq": "93", "n": "55145", "vap": "164", "pvap": "   0,26", "e": "N", "st": "Suplente"}, {"seq": "90", "n": "55333", "vap": "171", "pvap": "   0,27", "e": "N", "st": "Suplente"}, {"seq": "197", "n": "55300", "vap": "37", "pvap": "   0,06", "e": "N", "st": "Suplente"}, {"seq": "180", "n": "55525", "vap": "49", "pvap": "   0,08", "e": "N", "st": "Suplente"}, {"seq": "164", "n": "55444", "vap": "65", "pvap": "   0,10", "e": "N", "st": "Suplente"}, {"seq": "221", "n": "55552", "vap": "28", "pvap": "   0,04", "e": "N", "st": "Suplente"}, {"seq": "161", "n": "55200", "vap": "67", "pvap": "   0,11", "e": "N", "st": "Suplente"}, {"seq": "114", "n": "55725", "vap": "121", "pvap": "   0,19", "e": "N", "st": "Suplente"}, {"seq": "145", "n": "55551", "vap": "84", "pvap": "   0,13", "e": "N", "st": "Suplente"}, {"seq": "271", "n": "50000", "vap": "205", "pvap": "   0,33", "e": "N", "st": "N\u00e3o eleito"}, {"seq": "298", "n": "50555", "vap": "61", "pvap": "   0,10", "e": "N", "st": "N\u00e3o eleito"}, {"seq": "299", "n": "50888", "vap": "59", "pvap": "   0,09", "e": "N", "st": "N\u00e3o eleito"}, {"seq": "274", "n": "50125", "vap": "193", "pvap": "   0,31", "e": "N", "st": "N\u00e3o eleito"}, {"seq": "348", "n": "50958", "vap": "18", "pvap": "   0,03", "e": "N", "st": "N\u00e3o eleito"}, {"seq": "302", "n": "50253", "vap": "53", "pvap": "   0,08", "e": "N", "st": "N\u00e3o eleito"}, {"seq": "310", "n": "50050", "vap": "46", "pvap": "   0,07", "e": "N", "st": "N\u00e3o eleito"}, {"seq": "259", "n": "50750", "vap": "661", "pvap": "   1,05", "e": "N", "st": "N\u00e3o eleito"}, {"seq": "289", "n": "50065", "vap": "93", "pvap": "   0,15", "e": "N", "st": "N\u00e3o eleito"}, {"seq": "273", "n": "50500", "vap": "200", "pvap": "   0,32", "e": "N", "st": "N\u00e3o eleito"}, {"seq": "264", "n": "50123", "vap": "345", "pvap": "   0,55", "e": "N", "st": "N\u00e3o eleito"}, {"seq": "356", "n": "50456", "vap": "14", "pvap": "   0,02", "e": "N", "st": "N\u00e3o eleito"}, {"seq": "293", "n": "50444", "vap": "87", "pvap": "   0,14", "e": "N", "st": "N\u00e3o eleito"}, {"seq": "339", "n": "50001", "vap": "25", "pvap": "   0,04", "e": "N", "st": "N\u00e3o eleito"}, {"seq": "91", "n": "20777", "vap": "167", "pvap": "   0,26", "e": "N", "st": "Suplente"}, {"seq": "169", "n": "20120", "vap": "62", "pvap": "   0,10", "e": "N", "st": "Suplente"}, {"seq": "204", "n": "20244", "vap": "35", "pvap": "   0,06", "e": "N", "st": "Suplente"}, {"seq": "88", "n": "20100", "vap": "183", "pvap": "   0,29", "e": "N", "st": "Suplente"}, {"seq": "251", "n": "20678", "vap": "6", "pvap": "   0,01", "e": "N", "st": "Suplente"}, {"seq": "63", "n": "20020", "vap": "261", "pvap": "   0,41", "e": "N", "st": "Suplente"}, {"seq": "176", "n": "20520", "vap": "50", "pvap": "   0,08", "e": "N", "st": "Suplente"}, {"seq": "64", "n": "20222", "vap": "260", "pvap": "   0,41", "e": "N", "st": "Suplente"}, {"seq": "84", "n": "20000", "vap": "197", "pvap": "   0,31", "e": "N", "st": "Suplente"}, {"seq": "232", "n": "20356", "vap": "23", "pvap": "   0,04", "e": "N", "st": "Suplente"}, {"seq": "133", "n": "20737", "vap": "101", "pvap": "   0,16", "e": "N", "st": "Suplente"}, {"seq": "314", "n": "20555", "vap": "42", "pvap": "   0,07", "e": "N", "st": "N\u00e3o eleito"}, {"seq": "351", "n": "20775", "vap": "16", "pvap": "   0,03", "e": "N", "st": "N\u00e3o eleito"}, {"seq": "198", "n": "20576", "vap": "36", "pvap": "   0,06", "e": "N", "st": "Suplente"}, {"seq": "134", "n": "20456", "vap": "97", "pvap": "   0,15", "e": "N", "st": "Suplente"}, {"seq": "210", "n": "20317", "vap": "32", "pvap": "   0,05", "e": "N", "st": "Suplente"}, {"seq": "96", "n": "20190", "vap": "154", "pvap": "   0,24", "e": "N", "st": "Suplente"}, {"seq": "185", "n": "20220", "vap": "43", "pvap": "   0,07", "e": "N", "st": "Suplente"}, {"seq": "365", "n": "20977", "vap": "2", "pvap": "   0,00", "e": "N", "st": "N\u00e3o eleito"}, {"seq": "35", "n": "20200", "vap": "441", "pvap": "   0,70", "e": "N", "st": "Suplente"}, {"seq": "102", "n": "20033", "vap": "144", "pvap": "   0,23", "e": "N", "st": "Suplente"}, {"seq": "189", "n": "20300", "vap": "42", "pvap": "   0,07", "e": "N", "st": "Suplente"}, {"seq": "59", "n": "20014", "vap": "279", "pvap": "   0,44", "e": "N", "st": "Suplente"}, {"seq": "5", "n": "20123", "vap": "866", "pvap": "   1,37", "e": "S", "st": "Eleito"}, {"seq": "202", "n": "20051", "vap": "35", "pvap": "   0,06", "e": "N", "st": "Suplente"}, {"seq": "238", "n": "20121", "vap": "18", "pvap": "   0,03", "e": "N", "st": "Suplente"}, {"seq": "151", "n": "90017", "vap": "76", "pvap": "   0,12", "e": "N", "st": "Suplente"}, {"seq": "46", "n": "90444", "vap": "384", "pvap": "   0,61", "e": "N", "st": "Suplente"}, {"seq": "19", "n": "90999", "vap": "643", "pvap": "   1,02", "e": "N", "st": "Suplente"}, {"seq": "243", "n": "90555", "vap": "13", "pvap": "   0,02", "e": "N", "st": "Suplente"}, {"seq": "235", "n": "90222", "vap": "20", "pvap": "   0,03", "e": "N", "st": "Suplente"}, {"seq": "178", "n": "90000", "vap": "49", "pvap": "   0,08", "e": "N", "st": "Suplente"}, {"seq": "36", "n": "90650", "vap": "434", "pvap": "   0,69", "e": "N", "st": "Suplente"}, {"seq": "200", "n": "90777", "vap": "36", "pvap": "   0,06", "e": "N", "st": "Suplente"}, {"seq": "111", "n": "90611", "vap": "124", "pvap": "   0,20", "e": "N", "st": "Suplente"}, {"seq": "255", "n": "90100", "vap": "3", "pvap": "   0,00", "e": "N", "st": "Suplente"}, {"seq": "215", "n": "90333", "vap": "30", "pvap": "   0,05", "e": "N", "st": "Suplente"}, {"seq": "245", "n": "90111", "vap": "11", "pvap": "   0,02", "e": "N", "st": "Suplente"}, {"seq": "188", "n": "90700", "vap": "42", "pvap": "   0,07", "e": "N", "st": "Suplente"}, {"seq": "74", "n": "90888", "vap": "224", "pvap": "   0,36", "e": "N", "st": "Suplente"}, {"seq": "226", "n": "90234", "vap": "26", "pvap": "   0,04", "e": "N", "st": "Suplente"}, {"seq": "237", "n": "90221", "vap": "19", "pvap": "   0,03", "e": "N", "st": "Suplente"}, {"seq": "23", "n": "90678", "vap": "567", "pvap": "   0,90", "e": "N", "st": "Suplente"}, {"seq": "4", "n": "90123", "vap": "1076", "pvap": "   1,71", "e": "S", "st": "Eleito"}, {"seq": "171", "n": "14569", "vap": "59", "pvap": "   0,09", "e": "N", "st": "Suplente"}, {"seq": "94", "n": "14766", "vap": "164", "pvap": "   0,26", "e": "N", "st": "Suplente"}, {"seq": "25", "n": "14622", "vap": "541", "pvap": "   0,86", "e": "N", "st": "Suplente"}, {"seq": "32", "n": "14000", "vap": "479", "pvap": "   0,76", "e": "N", "st": "Suplente"}, {"seq": "229", "n": "14148", "vap": "25", "pvap": "   0,04", "e": "N", "st": "Suplente"}, {"seq": "69", "n": "14644", "vap": "237", "pvap": "   0,38", "e": "N", "st": "Suplente"}, {"seq": "62", "n": "14567", "vap": "269", "pvap": "   0,43", "e": "N", "st": "Suplente"}, {"seq": "106", "n": "14888", "vap": "134", "pvap": "   0,21", "e": "N", "st": "Suplente"}, {"seq": "53", "n": "14999", "vap": "319", "pvap": "   0,51", "e": "N", "st": "Suplente"}, {"seq": "78", "n": "14222", "vap": "211", "pvap": "   0,33", "e": "N", "st": "Suplente"}, {"seq": "28", "n": "14444", "vap": "506", "pvap": "   0,80", "e": "N", "st": "Suplente"}, {"seq": "8", "n": "14777", "vap": "816", "pvap": "   1,29", "e": "S", "st": "Eleito"}, {"seq": "12", "n": "14555", "vap": "666", "pvap": "   1,06", "e": "S", "st": "Eleito"}, {"seq": "40", "n": "14123", "vap": "409", "pvap": "   0,65", "e": "N", "st": "Suplente"}, {"seq": "167", "n": "14144", "vap": "64", "pvap": "   0,10", "e": "N", "st": "Suplente"}, {"seq": "103", "n": "14456", "vap": "142", "pvap": "   0,23", "e": "N", "st": "Suplente"}, {"seq": "77", "n": "14014", "vap": "216", "pvap": "   0,34", "e": "N", "st": "Suplente"}, {"seq": "340", "n": "14789", "vap": "25", "pvap": "   0,04", "e": "N", "st": "N\u00e3o eleito"}, {"seq": "126", "n": "14666", "vap": "105", "pvap": "   0,17", "e": "N", "st": "Suplente"}, {"seq": "1", "n": "14333", "vap": "1514", "pvap": "   2,40", "e": "S", "st": "Eleito"}, {"seq": "72", "n": "14016", "vap": "232", "pvap": "   0,37", "e": "N", "st": "Suplente"}, {"seq": "137", "n": "14100", "vap": "93", "pvap": "   0,15", "e": "N", "st": "Suplente"}, {"seq": "61", "n": "14443", "vap": "271", "pvap": "   0,43", "e": "N", "st": "Suplente"}, {"seq": "156", "n": "14111", "vap": "70", "pvap": "   0,11", "e": "N", "st": "Suplente"}, {"seq": "158", "n": "14678", "vap": "68", "pvap": "   0,11", "e": "N", "st": "Suplente"}, {"seq": "99", "n": "14710", "vap": "149", "pvap": "   0,24", "e": "N", "st": "Suplente"}, {"seq": "370", "n": "13644", "vap": "0", "pvap": "00.00", "e": "N", "st": "N\u00e3o eleito"}, {"seq": "337", "n": "13777", "vap": "27", "pvap": "   0,04", "e": "N", "st": "N\u00e3o eleito"}, {"seq": "371", "n": "13789", "vap": "0", "pvap": "00.00", "e": "N", "st": "N\u00e3o eleito"}, {"seq": "303", "n": "13013", "vap": "52", "pvap": "   0,08", "e": "N", "st": "N\u00e3o eleito"}, {"seq": "301", "n": "13133", "vap": "57", "pvap": "   0,09", "e": "N", "st": "N\u00e3o eleito"}, {"seq": "368", "n": "13888", "vap": "0", "pvap": "00.00", "e": "N", "st": "N\u00e3o eleito"}, {"seq": "364", "n": "13710", "vap": "5", "pvap": "   0,01", "e": "N", "st": "N\u00e3o eleito"}, {"seq": "294", "n": "13999", "vap": "80", "pvap": "   0,13", "e": "N", "st": "N\u00e3o eleito"}, {"seq": "355", "n": "13763", "vap": "15", "pvap": "   0,02", "e": "N", "st": "N\u00e3o eleito"}, {"seq": "332", "n": "13000", "vap": "30", "pvap": "   0,05", "e": "N", "st": "N\u00e3o eleito"}, {"seq": "315", "n": "13333", "vap": "39", "pvap": "   0,06", "e": "N", "st": "N\u00e3o eleito"}, {"seq": "308", "n": "13134", "vap": "48", "pvap": "   0,08", "e": "N", "st": "N\u00e3o eleito"}, {"seq": "329", "n": "13123", "vap": "32", "pvap": "   0,05", "e": "N", "st": "N\u00e3o eleito"}, {"seq": "37", "n": "19300", "vap": "432", "pvap": "   0,69", "e": "N", "st": "Suplente"}, {"seq": "174", "n": "19009", "vap": "56", "pvap": "   0,09", "e": "N", "st": "Suplente"}, {"seq": "239", "n": "19420", "vap": "18", "pvap": "   0,03", "e": "N", "st": "Suplente"}, {"seq": "228", "n": "19322", "vap": "25", "pvap": "   0,04", "e": "N", "st": "Suplente"}, {"seq": "218", "n": "19100", "vap": "29", "pvap": "   0,05", "e": "N", "st": "Suplente"}, {"seq": "13", "n": "19630", "vap": "624", "pvap": "   0,99", "e": "S", "st": "Eleito"}, {"seq": "287", "n": "19333", "vap": "95", "pvap": "   0,15", "e": "N", "st": "N\u00e3o eleito"}, {"seq": "248", "n": "19091", "vap": "9", "pvap": "   0,01", "e": "N", "st": "Suplente"}, {"seq": "113", "n": "19007", "vap": "121", "pvap": "   0,19", "e": "N", "st": "Suplente"}, {"seq": "186", "n": "19999", "vap": "43", "pvap": "   0,07", "e": "N", "st": "Suplente"}, {"seq": "246", "n": "19000", "vap": "11", "pvap": "   0,02", "e": "N", "st": "Suplente"}, {"seq": "187", "n": "19478", "vap": "42", "pvap": "   0,07", "e": "N", "st": "Suplente"}, {"seq": "127", "n": "19777", "vap": "105", "pvap": "   0,17", "e": "N", "st": "Suplente"}, {"seq": "24", "n": "19222", "vap": "553", "pvap": "   0,88", "e": "N", "st": "Suplente"}, {"seq": "49", "n": "19123", "vap": "369", "pvap": "   0,59", "e": "N", "st": "Suplente"}, {"seq": "201", "n": "19005", "vap": "35", "pvap": "   0,06", "e": "N", "st": "Suplente"}, {"seq": "165", "n": "19019", "vap": "65", "pvap": "   0,10", "e": "N", "st": "Suplente"}, {"seq": "224", "n": "19121", "vap": "27", "pvap": "   0,04", "e": "N", "st": "Suplente"}, {"seq": "231", "n": "19069", "vap": "24", "pvap": "   0,04", "e": "N", "st": "Suplente"}, {"seq": "254", "n": "19422", "vap": "4", "pvap": "   0,01", "e": "N", "st": "Suplente"}, {"seq": "136", "n": "45777", "vap": "94", "pvap": "   0,15", "e": "N", "st": "Suplente"}, {"seq": "115", "n": "45455", "vap": "119", "pvap": "   0,19", "e": "N", "st": "Suplente"}, {"seq": "68", "n": "45619", "vap": "240", "pvap": "   0,38", "e": "N", "st": "Suplente"}, {"seq": "261", "n": "45000", "vap": "452", "pvap": "   0,72", "e": "N", "st": "N\u00e3o eleito"}, {"seq": "160", "n": "45222", "vap": "67", "pvap": "   0,11", "e": "N", "st": "Suplente"}, {"seq": "209", "n": "45001", "vap": "32", "pvap": "   0,05", "e": "N", "st": "Suplente"}, {"seq": "166", "n": "45005", "vap": "64", "pvap": "   0,10", "e": "N", "st": "Suplente"}, {"seq": "177", "n": "45111", "vap": "50", "pvap": "   0,08", "e": "N", "st": "Suplente"}, {"seq": "182", "n": "45145", "vap": "45", "pvap": "   0,07", "e": "N", "st": "Suplente"}, {"seq": "233", "n": "45153", "vap": "21", "pvap": "   0,03", "e": "N", "st": "Suplente"}, {"seq": "150", "n": "45045", "vap": "79", "pvap": "   0,13", "e": "N", "st": "Suplente"}, {"seq": "307", "n": "45518", "vap": "48", "pvap": "   0,08", "e": "N", "st": "N\u00e3o eleito"}, {"seq": "241", "n": "45003", "vap": "15", "pvap": "   0,02", "e": "N", "st": "Suplente"}, {"seq": "57", "n": "45444", "vap": "285", "pvap": "   0,45", "e": "N", "st": "Suplente"}, {"seq": "144", "n": "45123", "vap": "85", "pvap": "   0,13", "e": "N", "st": "Suplente"}, {"seq": "34", "n": "45333", "vap": "456", "pvap": "   0,72", "e": "N", "st": "Suplente"}, {"seq": "138", "n": "45999", "vap": "89", "pvap": "   0,14", "e": "N", "st": "Suplente"}, {"seq": "175", "n": "45133", "vap": "51", "pvap": "   0,08", "e": "N", "st": "Suplente"}, {"seq": "71", "n": "45500", "vap": "236", "pvap": "   0,37", "e": "N", "st": "Suplente"}, {"seq": "194", "n": "45288", "vap": "40", "pvap": "   0,06", "e": "N", "st": "Suplente"}, {"seq": "276", "n": "45555", "vap": "187", "pvap": "   0,30", "e": "N", "st": "N\u00e3o eleito"}, {"seq": "121", "n": "45678", "vap": "110", "pvap": "   0,17", "e": "N", "st": "Suplente"}, {"seq": "141", "n": "45888", "vap": "88", "pvap": "   0,14", "e": "N", "st": "Suplente"}, {"seq": "240", "n": "45177", "vap": "16", "pvap": "   0,03", "e": "N", "st": "Suplente"}, {"seq": "6", "n": "45611", "vap": "860", "pvap": "   1,36", "e": "S", "st": "Eleito"}, {"seq": "143", "n": "45321", "vap": "86", "pvap": "   0,14", "e": "N", "st": "Suplente"}, {"seq": "278", "n": "51500", "vap": "155", "pvap": "   0,25", "e": "N", "st": "N\u00e3o eleito"}, {"seq": "277", "n": "51777", "vap": "161", "pvap": "   0,26", "e": "N", "st": "N\u00e3o eleito"}, {"seq": "318", "n": "51091", "vap": "36", "pvap": "   0,06", "e": "N", "st": "N\u00e3o eleito"}, {"seq": "331", "n": "51555", "vap": "30", "pvap": "   0,05", "e": "N", "st": "N\u00e3o eleito"}, {"seq": "272", "n": "51051", "vap": "203", "pvap": "   0,32", "e": "N", "st": "N\u00e3o eleito"}, {"seq": "336", "n": "51101", "vap": "28", "pvap": "   0,04", "e": "N", "st": "N\u00e3o eleito"}, {"seq": "330", "n": "51333", "vap": "31", "pvap": "   0,05", "e": "N", "st": "N\u00e3o eleito"}, {"seq": "288", "n": "51222", "vap": "94", "pvap": "   0,15", "e": "N", "st": "N\u00e3o eleito"}, {"seq": "323", "n": "51123", "vap": "34", "pvap": "   0,05", "e": "N", "st": "N\u00e3o eleito"}, {"seq": "354", "n": "51644", "vap": "15", "pvap": "   0,02", "e": "N", "st": "N\u00e3o eleito"}, {"seq": "341", "n": "51964", "vap": "24", "pvap": "   0,04", "e": "N", "st": "N\u00e3o eleito"}, {"seq": "362", "n": "51193", "vap": "6", "pvap": "   0,01", "e": "N", "st": "N\u00e3o eleito"}, {"seq": "290", "n": "51444", "vap": "89", "pvap": "   0,14", "e": "N", "st": "N\u00e3o eleito"}, {"seq": "357", "n": "51100", "vap": "14", "pvap": "   0,02", "e": "N", "st": "N\u00e3o eleito"}, {"seq": "269", "n": "51000", "vap": "231", "pvap": "   0,37", "e": "N", "st": "N\u00e3o eleito"}, {"seq": "345", "n": "51007", "vap": "20", "pvap": "   0,03", "e": "N", "st": "N\u00e3o eleito"}, {"seq": "320", "n": "51180", "vap": "35", "pvap": "   0,06", "e": "N", "st": "N\u00e3o eleito"}, {"seq": "338", "n": "51023", "vap": "26", "pvap": "   0,04", "e": "N", "st": "N\u00e3o eleito"}, {"seq": "275", "n": "51234", "vap": "190", "pvap": "   0,30", "e": "N", "st": "N\u00e3o eleito"}, {"seq": "360", "n": "51892", "vap": "13", "pvap": "   0,02", "e": "N", "st": "N\u00e3o eleito"}, {"seq": "97", "n": "77199", "vap": "152", "pvap": "   0,24", "e": "N", "st": "Suplente"}, {"seq": "17", "n": "77077", "vap": "444", "pvap": "   0,70", "e": "S", "st": "Eleito"}, {"seq": "153", "n": "77111", "vap": "74", "pvap": "   0,12", "e": "N", "st": "Suplente"}, {"seq": "128", "n": "77852", "vap": "105", "pvap": "   0,17", "e": "N", "st": "Suplente"}, {"seq": "227", "n": "77787", "vap": "25", "pvap": "   0,04", "e": "N", "st": "Suplente"}, {"seq": "119", "n": "77115", "vap": "111", "pvap": "   0,18", "e": "N", "st": "Suplente"}, {"seq": "223", "n": "77707", "vap": "27", "pvap": "   0,04", "e": "N", "st": "Suplente"}, {"seq": "80", "n": "77888", "vap": "204", "pvap": "   0,32", "e": "N", "st": "Suplente"}, {"seq": "193", "n": "77121", "vap": "41", "pvap": "   0,07", "e": "N", "st": "Suplente"}, {"seq": "42", "n": "77100", "vap": "400", "pvap": "   0,63", "e": "N", "st": "Suplente"}, {"seq": "183", "n": "77123", "vap": "44", "pvap": "   0,07", "e": "N", "st": "Suplente"}, {"seq": "179", "n": "77541", "vap": "49", "pvap": "   0,08", "e": "N", "st": "Suplente"}, {"seq": "222", "n": "77555", "vap": "28", "pvap": "   0,04", "e": "N", "st": "Suplente"}, {"seq": "50", "n": "77456", "vap": "352", "pvap": "   0,56", "e": "N", "st": "Suplente"}, {"seq": "154", "n": "77015", "vap": "71", "pvap": "   0,11", "e": "N", "st": "Suplente"}, {"seq": "191", "n": "77770", "vap": "42", "pvap": "   0,07", "e": "N", "st": "Suplente"}, {"seq": "147", "n": "77200", "vap": "83", "pvap": "   0,13", "e": "N", "st": "Suplente"}, {"seq": "244", "n": "77300", "vap": "11", "pvap": "   0,02", "e": "N", "st": "Suplente"}, {"seq": "252", "n": "77324", "vap": "6", "pvap": "   0,01", "e": "N", "st": "Suplente"}, {"seq": "190", "n": "77333", "vap": "42", "pvap": "   0,07", "e": "N", "st": "Suplente"}, {"seq": "48", "n": "77444", "vap": "379", "pvap": "   0,60", "e": "N", "st": "Suplente"}, {"seq": "54", "n": "77777", "vap": "315", "pvap": "   0,50", "e": "N", "st": "Suplente"}, {"seq": "170", "n": "77070", "vap": "61", "pvap": "   0,10", "e": "N", "st": "Suplente"}, {"seq": "56", "n": "10100", "vap": "313", "pvap": "   0,50", "e": "N", "st": "Suplente"}, {"seq": "132", "n": "10200", "vap": "102", "pvap": "   0,16", "e": "N", "st": "Suplente"}, {"seq": "155", "n": "10456", "vap": "70", "pvap": "   0,11", "e": "N", "st": "Suplente"}, {"seq": "123", "n": "10345", "vap": "107", "pvap": "   0,17", "e": "N", "st": "Suplente"}, {"seq": "39", "n": "10223", "vap": "417", "pvap": "   0,66", "e": "N", "st": "Suplente"}, {"seq": "20", "n": "10000", "vap": "634", "pvap": "   1,01", "e": "N", "st": "Suplente"}, {"seq": "163", "n": "10555", "vap": "66", "pvap": "   0,10", "e": "N", "st": "Suplente"}, {"seq": "7", "n": "10123", "vap": "856", "pvap": "   1,36", "e": "S", "st": "Eleito"}, {"seq": "225", "n": "10010", "vap": "26", "pvap": "   0,04", "e": "N", "st": "Suplente"}, {"seq": "142", "n": "10789", "vap": "88", "pvap": "   0,14", "e": "N", "st": "Suplente"}, {"seq": "213", "n": "10230", "vap": "30", "pvap": "   0,05", "e": "N", "st": "Suplente"}, {"seq": "216", "n": "10520", "vap": "29", "pvap": "   0,05", "e": "N", "st": "Suplente"}, {"seq": "140", "n": "10111", "vap": "89", "pvap": "   0,14", "e": "N", "st": "Suplente"}, {"seq": "181", "n": "10180", "vap": "47", "pvap": "   0,07", "e": "N", "st": "Suplente"}, {"seq": "139", "n": "10222", "vap": "89", "pvap": "   0,14", "e": "N", "st": "Suplente"}, {"seq": "366", "n": "10020", "vap": "2", "pvap": "   0,00", "e": "N", "st": "N\u00e3o eleito"}, {"seq": "70", "n": "10110", "vap": "237", "pvap": "   0,38", "e": "N", "st": "Suplente"}, {"seq": "157", "n": "10999", "vap": "69", "pvap": "   0,11", "e": "N", "st": "Suplente"}, {"seq": "89", "n": "10901", "vap": "172", "pvap": "   0,27", "e": "N", "st": "Suplente"}, {"seq": "83", "n": "10400", "vap": "200", "pvap": "   0,32", "e": "N", "st": "Suplente"}, {"seq": "192", "n": "10790", "vap": "41", "pvap": "   0,07", "e": "N", "st": "Suplente"}, {"seq": "346", "n": "10510", "vap": "20", "pvap": "   0,03", "e": "N", "st": "N\u00e3o eleito"}, {"seq": "328", "n": "10333", "vap": "32", "pvap": "   0,05", "e": "N", "st": "N\u00e3o eleito"}, {"seq": "236", "n": "10038", "vap": "20", "pvap": "   0,03", "e": "N", "st": "Suplente"}, {"seq": "116", "n": "10777", "vap": "115", "pvap": "   0,18", "e": "N", "st": "Suplente"}]}, {"dt": "15/11/2020", "ht": "23:48:51", "tf": "S", "and": "F", "tpabr": "ZONA", "cdabr": "219", "s": "241", "st": "241", "snt": "0", "si": "241", "sni": "0", "sa": "241", "sna": "0", "pst": " 100,00", "psnt": "   0,00", "psi": " 100,00", "psni": "   0,00", "psa": " 100,00", "psna": "   0,00", "e": "93853", "ea": "93853", "ena": "0", "esi": "93853", "esni": "0", "a": "23117", "c": "70736", "pea": " 100,00", "pena": "   0,00", "pesi": " 100,00", "pesni": "   0,00", "pa": "  24,63", "pc": "  75,37", "vnom": "57447", "vscv": "0", "vl": "3229", "tv": "70736", "vvc": "63051", "vb": "3535", "tvn": "4150", "vn": "4150", "vnt": "0", "vp": "0", "vv": "60676", "van": "0", "vansj": "2375", "pvnom": "  94,68", "pvl": "   5,32", "pvvc": "  89,14", "pvb": "   4,99", "ptvn": "   5,87", "pvn": " 100,00", "pvnt": "   0,00", "pvp": "   0,00", "pvv": "  96,23", "pvan": "   0,00", "pvansj": "   3,77", "cand": [{"seq": "313", "n": "65145", "vap": "44", "pvap": "   0,07", "e": "N", "st": "N\u00e3o eleito"}, {"seq": "324", "n": "65520", "vap": "33", "pvap": "   0,05", "e": "N", "st": "N\u00e3o eleito"}, {"seq": "267", "n": "65024", "vap": "282", "pvap": "   0,45", "e": "N", "st": "N\u00e3o eleito"}, {"seq": "286", "n": "65100", "vap": "98", "pvap": "   0,16", "e": "N", "st": "N\u00e3o eleito"}, {"seq": "322", "n": "65666", "vap": "35", "pvap": "   0,06", "e": "N", "st": "N\u00e3o eleito"}, {"seq": "292", "n": "65777", "vap": "88", "pvap": "   0,14", "e": "N", "st": "N\u00e3o eleito"}, {"seq": "304", "n": "65111", "vap": "51", "pvap": "   0,08", "e": "N", "st": "N\u00e3o eleito"}, {"seq": "317", "n": "65151", "vap": "36", "pvap": "   0,06", "e": "N", "st": "N\u00e3o eleito"}, {"seq": "260", "n": "65321", "vap": "463", "pvap": "   0,73", "e": "N", "st": "N\u00e3o eleito"}, {"seq": "321", "n": "65500", "vap": "35", "pvap": "   0,06", "e": "N", "st": "N\u00e3o eleito"}, {"seq": "280", "n": "65555", "vap": "135", "pvap": "   0,21", "e": "N", "st": "N\u00e3o eleito"}, {"seq": "350", "n": "65656", "vap": "17", "pvap": "   0,03", "e": "N", "st": "N\u00e3o eleito"}, {"seq": "297", "n": "65000", "vap": "73", "pvap": "   0,12", "e": "N", "st": "N\u00e3o eleito"}, {"seq": "312", "n": "65033", "vap": "45", "pvap": "   0,07", "e": "N", "st": "N\u00e3o eleito"}, {"seq": "285", "n": "65123", "vap": "98", "pvap": "   0,16", "e": "N", "st": "N\u00e3o eleito"}, {"seq": "326", "n": "65999", "vap": "32", "pvap": "   0,05", "e": "N", "st": "N\u00e3o eleito"}, {"seq": "268", "n": "65888", "vap": "267", "pvap": "   0,42", "e": "N", "st": "N\u00e3o eleito"}, {"seq": "344", "n": "65227", "vap": "23", "pvap": "   0,04", "e": "N", "st": "N\u00e3o eleito"}, {"seq": "296", "n": "65001", "vap": "75", "pvap": "   0,12", "e": "N", "st": "N\u00e3o eleito"}, {"seq": "14", "n": "25123", "vap": "584", "pvap": "   0,93", "e": "S", "st": "Eleito"}, {"seq": "81", "n": "25127", "vap": "203", "pvap": "   0,32", "e": "N", "st": "Suplente"}, {"seq": "206", "n": "25180", "vap": "34", "pvap": "   0,05", "e": "N", "st": "Suplente"}, {"seq": "242", "n": "25012", "vap": "15", "pvap": "   0,02", "e": "N", "st": "Suplente"}, {"seq": "95", "n": "25999", "vap": "156", "pvap": "   0,25", "e": "N", "st": "Suplente"}, {"seq": "149", "n": "25001", "vap": "82", "pvap": "   0,13", "e": "N", "st": "Suplente"}, {"seq": "208", "n": "25045", "vap": "33", "pvap": "   0,05", "e": "N", "st": "Suplente"}, {"seq": "266", "n": "25222", "vap": "288", "pvap": "   0,46", "e": "N", "st": "N\u00e3o eleito"}, {"seq": "214", "n": "25000", "vap": "30", "pvap": "   0,05", "e": "N", "st": "Suplente"}, {"seq": "247", "n": "25020", "vap": "10", "pvap": "   0,02", "e": "N", "st": "Suplente"}, {"seq": "219", "n": "25100", "vap": "29", "pvap": "   0,05", "e": "N", "st": "Suplente"}, {"seq": "118", "n": "25456", "vap": "112", "pvap": "   0,18", "e": "N", "st": "Suplente"}, {"seq": "82", "n": "25022", "vap": "202", "pvap": "   0,32", "e": "N", "st": "Suplente"}, {"seq": "256", "n": "25300", "vap": "2", "pvap": "   0,00", "e": "N", "st": "Suplente"}, {"seq": "67", "n": "25555", "vap": "241", "pvap": "   0,38", "e": "N", "st": "Suplente"}, {"seq": "125", "n": "25190", "vap": "107", "pvap": "   0,17", "e": "N", "st": "Suplente"}, {"seq": "124", "n": "25342", "vap": "107", "pvap": "   0,17", "e": "N", "st": "Suplente"}, {"seq": "112", "n": "25607", "vap": "122", "pvap": "   0,19", "e": "N", "st": "Suplente"}, {"seq": "131", "n": "25658", "vap": "102", "pvap": "   0,16", "e": "N", "st": "Suplente"}, {"seq": "258", "n": "25010", "vap": "0", "pvap": "00.00", "e": "N", "st": "Suplente"}, {"seq": "86", "n": "25125", "vap": "189", "pvap": "   0,30", "e": "N", "st": "Suplente"}, {"seq": "55", "n": "25678", "vap": "314", "pvap": "   0,50", "e": "N", "st": "Suplente"}, {"seq": "172", "n": "25025", "vap": "59", "pvap": "   0,09", "e": "N", "st": "Suplente"}, {"seq": "39", "n": "10223", "vap": "417", "pvap": "   0,66", "e": "N", "st": "Suplente"}, {"seq": "213", "n": "10230", "vap": "30", "pvap": "   0,05", "e": "N", "st": "Suplente"}, {"seq": "83", "n": "10400", "vap": "200", "pvap": "   0,32", "e": "N", "st": "Suplente"}, {"seq": "89", "n": "10901", "vap": "172", "pvap": "   0,27", "e": "N", "st": "Suplente"}, {"seq": "140", "n": "10111", "vap": "89", "pvap": "   0,14", "e": "N", "st": "Suplente"}, {"seq": "116", "n": "10777", "vap": "115", "pvap": "   0,18", "e": "N", "st": "Suplente"}, {"seq": "157", "n": "10999", "vap": "69", "pvap": "   0,11", "e": "N", "st": "Suplente"}, {"seq": "7", "n": "10123", "vap": "856", "pvap": "   1,36", "e": "S", "st": "Eleito"}, {"seq": "132", "n": "10200", "vap": "102", "pvap": "   0,16", "e": "N", "st": "Suplente"}, {"seq": "155", "n": "10456", "vap": "70", "pvap": "   0,11", "e": "N", "st": "Suplente"}, {"seq": "216", "n": "10520", "vap": "29", "pvap": "   0,05", "e": "N", "st": "Suplente"}, {"seq": "225", "n": "10010", "vap": "26", "pvap": "   0,04", "e": "N", "st": "Suplente"}, {"seq": "346", "n": "10510", "vap": "20", "pvap": "   0,03", "e": "N", "st": "N\u00e3o eleito"}, {"seq": "20", "n": "10000", "vap": "634", "pvap": "   1,01", "e": "N", "st": "Suplente"}, {"seq": "236", "n": "10038", "vap": "20", "pvap": "   0,03", "e": "N", "st": "Suplente"}, {"seq": "139", "n": "10222", "vap": "89", "pvap": "   0,14", "e": "N", "st": "Suplente"}, {"seq": "123", "n": "10345", "vap": "107", "pvap": "   0,17", "e": "N", "st": "Suplente"}, {"seq": "163", "n": "10555", "vap": "66", "pvap": "   0,10", "e": "N", "st": "Suplente"}, {"seq": "142", "n": "10789", "vap": "88", "pvap": "   0,14", "e": "N", "st": "Suplente"}, {"seq": "366", "n": "10020", "vap": "2", "pvap": "   0,00", "e": "N", "st": "N\u00e3o eleito"}, {"seq": "56", "n": "10100", "vap": "313", "pvap": "   0,50", "e": "N", "st": "Suplente"}, {"seq": "70", "n": "10110", "vap": "237", "pvap": "   0,38", "e": "N", "st": "Suplente"}, {"seq": "181", "n": "10180", "vap": "47", "pvap": "   0,07", "e": "N", "st": "Suplente"}, {"seq": "328", "n": "10333", "vap": "32", "pvap": "   0,05", "e": "N", "st": "N\u00e3o eleito"}, {"seq": "192", "n": "10790", "vap": "41", "pvap": "   0,07", "e": "N", "st": "Suplente"}, {"seq": "169", "n": "20120", "vap": "62", "pvap": "   0,10", "e": "N", "st": "Suplente"}, {"seq": "64", "n": "20222", "vap": "260", "pvap": "   0,41", "e": "N", "st": "Suplente"}, {"seq": "91", "n": "20777", "vap": "167", "pvap": "   0,26", "e": "N", "st": "Suplente"}, {"seq": "232", "n": "20356", "vap": "23", "pvap": "   0,04", "e": "N", "st": "Suplente"}, {"seq": "96", "n": "20190", "vap": "154", "pvap": "   0,24", "e": "N", "st": "Suplente"}, {"seq": "189", "n": "20300", "vap": "42", "pvap": "   0,07", "e": "N", "st": "Suplente"}, {"seq": "133", "n": "20737", "vap": "101", "pvap": "   0,16", "e": "N", "st": "Suplente"}, {"seq": "102", "n": "20033", "vap": "144", "pvap": "   0,23", "e": "N", "st": "Suplente"}, {"seq": "185", "n": "20220", "vap": "43", "pvap": "   0,07", "e": "N", "st": "Suplente"}, {"seq": "314", "n": "20555", "vap": "42", "pvap": "   0,07", "e": "N", "st": "N\u00e3o eleito"}, {"seq": "84", "n": "20000", "vap": "197", "pvap": "   0,31", "e": "N", "st": "Suplente"}, {"seq": "202", "n": "20051", "vap": "35", "pvap": "   0,06", "e": "N", "st": "Suplente"}, {"seq": "63", "n": "20020", "vap": "261", "pvap": "   0,41", "e": "N", "st": "Suplente"}, {"seq": "134", "n": "20456", "vap": "97", "pvap": "   0,15", "e": "N", "st": "Suplente"}, {"seq": "176", "n": "20520", "vap": "50", "pvap": "   0,08", "e": "N", "st": "Suplente"}, {"seq": "251", "n": "20678", "vap": "6", "pvap": "   0,01", "e": "N", "st": "Suplente"}, {"seq": "59", "n": "20014", "vap": "279", "pvap": "   0,44", "e": "N", "st": "Suplente"}, {"seq": "5", "n": "20123", "vap": "866", "pvap": "   1,37", "e": "S", "st": "Eleito"}, {"seq": "35", "n": "20200", "vap": "441", "pvap": "   0,70", "e": "N", "st": "Suplente"}, {"seq": "198", "n": "20576", "vap": "36", "pvap": "   0,06", "e": "N", "st": "Suplente"}, {"seq": "351", "n": "20775", "vap": "16", "pvap": "   0,03", "e": "N", "st": "N\u00e3o eleito"}, {"seq": "365", "n": "20977", "vap": "2", "pvap": "   0,00", "e": "N", "st": "N\u00e3o eleito"}, {"seq": "210", "n": "20317", "vap": "32", "pvap": "   0,05", "e": "N", "st": "Suplente"}, {"seq": "88", "n": "20100", "vap": "183", "pvap": "   0,29", "e": "N", "st": "Suplente"}, {"seq": "238", "n": "20121", "vap": "18", "pvap": "   0,03", "e": "N", "st": "Suplente"}, {"seq": "204", "n": "20244", "vap": "35", "pvap": "   0,06", "e": "N", "st": "Suplente"}, {"seq": "129", "n": "70220", "vap": "105", "pvap": "   0,17", "e": "N", "st": "Suplente"}, {"seq": "92", "n": "70222", "vap": "166", "pvap": "   0,26", "e": "N", "st": "Suplente"}, {"seq": "66", "n": "70251", "vap": "246", "pvap": "   0,39", "e": "N", "st": "Suplente"}, {"seq": "108", "n": "70601", "vap": "131", "pvap": "   0,21", "e": "N", "st": "Suplente"}, {"seq": "146", "n": "70007", "vap": "84", "pvap": "   0,13", "e": "N", "st": "Suplente"}, {"seq": "212", "n": "70077", "vap": "30", "pvap": "   0,05", "e": "N", "st": "Suplente"}, {"seq": "76", "n": "70111", "vap": "220", "pvap": "   0,35", "e": "N", "st": "Suplente"}, {"seq": "196", "n": "70321", "vap": "40", "pvap": "   0,06", "e": "N", "st": "Suplente"}, {"seq": "173", "n": "70424", "vap": "58", "pvap": "   0,09", "e": "N", "st": "Suplente"}, {"seq": "87", "n": "70444", "vap": "187", "pvap": "   0,30", "e": "N", "st": "Suplente"}, {"seq": "73", "n": "70700", "vap": "227", "pvap": "   0,36", "e": "N", "st": "Suplente"}, {"seq": "29", "n": "70123", "vap": "502", "pvap": "   0,80", "e": "N", "st": "Suplente"}, {"seq": "15", "n": "70888", "vap": "554", "pvap": "   0,88", "e": "S", "st": "Eleito"}, {"seq": "122", "n": "70190", "vap": "108", "pvap": "   0,17", "e": "N", "st": "Suplente"}, {"seq": "51", "n": "70333", "vap": "334", "pvap": "   0,53", "e": "N", "st": "Suplente"}, {"seq": "98", "n": "70555", "vap": "150", "pvap": "   0,24", "e": "N", "st": "Suplente"}, {"seq": "79", "n": "70999", "vap": "205", "pvap": "   0,33", "e": "N", "st": "Suplente"}, {"seq": "184", "n": "70073", "vap": "44", "pvap": "   0,07", "e": "N", "st": "Suplente"}, {"seq": "60", "n": "70100", "vap": "272", "pvap": "   0,43", "e": "N", "st": "Suplente"}, {"seq": "148", "n": "70470", "vap": "82", "pvap": "   0,13", "e": "N", "st": "Suplente"}, {"seq": "30", "n": "70789", "vap": "486", "pvap": "   0,77", "e": "N", "st": "Suplente"}, {"seq": "3", "n": "70000", "vap": "1145", "pvap": "   1,82", "e": "S", "st": "Eleito"}, {"seq": "52", "n": "70070", "vap": "329", "pvap": "   0,52", "e": "N", "st": "Suplente"}, {"seq": "130", "n": "70133", "vap": "102", "pvap": "   0,16", "e": "N", "st": "Suplente"}, {"seq": "107", "n": "70170", "vap": "131", "pvap": "   0,21", "e": "N", "st": "Suplente"}, {"seq": "110", "n": "70777", "vap": "125", "pvap": "   0,20", "e": "N", "st": "Suplente"}, {"seq": "22", "n": "22777", "vap": "605", "pvap": "   0,96", "e": "N", "st": "Suplente"}, {"seq": "75", "n": "22022", "vap": "220", "pvap": "   0,35", "e": "N", "st": "Suplente"}, {"seq": "100", "n": "22180", "vap": "145", "pvap": "   0,23", "e": "N", "st": "Suplente"}, {"seq": "26", "n": "22123", "vap": "526", "pvap": "   0,83", "e": "N", "st": "Suplente"}, {"seq": "33", "n": "22223", "vap": "474", "pvap": "   0,75", "e": "N", "st": "Suplente"}, {"seq": "38", "n": "22333", "vap": "428", "pvap": "   0,68", "e": "N", "st": "Suplente"}, {"seq": "18", "n": "22612", "vap": "674", "pvap": "   1,07", "e": "N", "st": "Suplente"}, {"seq": "10", "n": "22999", "vap": "736", "pvap": "   1,17", "e": "S", "st": "Eleito"}, {"seq": "47", "n": "22021", "vap": "381", "pvap": "   0,60", "e": "N", "st": "Suplente"}, {"seq": "2", "n": "22100", "vap": "1183", "pvap": "   1,88", "e": "S", "st": "Eleito"}, {"seq": "101", "n": "22122", "vap": "144", "pvap": "   0,23", "e": "N", "st": "Suplente"}, {"seq": "135", "n": "22555", "vap": "94", "pvap": "   0,15", "e": "N", "st": "Suplente"}, {"seq": "21", "n": "22020", "vap": "613", "pvap": "   0,97", "e": "N", "st": "Suplente"}, {"seq": "43", "n": "22111", "vap": "398", "pvap": "   0,63", "e": "N", "st": "Suplente"}, {"seq": "11", "n": "22888", "vap": "706", "pvap": "   1,12", "e": "S", "st": "Eleito"}, {"seq": "152", "n": "22530", "vap": "75", "pvap": "   0,12", "e": "N", "st": "Suplente"}, {"seq": "41", "n": "22222", "vap": "405", "pvap": "   0,64", "e": "N", "st": "Suplente"}, {"seq": "65", "n": "22234", "vap": "260", "pvap": "   0,41", "e": "N", "st": "Suplente"}, {"seq": "44", "n": "22240", "vap": "392", "pvap": "   0,62", "e": "N", "st": "Suplente"}, {"seq": "195", "n": "22000", "vap": "40", "pvap": "   0,06", "e": "N", "st": "Suplente"}, {"seq": "217", "n": "28007", "vap": "29", "pvap": "   0,05", "e": "N", "st": "Suplente"}, {"seq": "203", "n": "28166", "vap": "35", "pvap": "   0,06", "e": "N", "st": "Suplente"}, {"seq": "109", "n": "28190", "vap": "130", "pvap": "   0,21", "e": "N", "st": "Suplente"}, {"seq": "250", "n": "28308", "vap": "6", "pvap": "   0,01", "e": "N", "st": "Suplente"}, {"seq": "205", "n": "28222", "vap": "35", "pvap": "   0,06", "e": "N", "st": "Suplente"}, {"seq": "220", "n": "28333", "vap": "28", "pvap": "   0,04", "e": "N", "st": "Suplente"}, {"seq": "105", "n": "28456", "vap": "134", "pvap": "   0,21", "e": "N", "st": "Suplente"}, {"seq": "159", "n": "28000", "vap": "68", "pvap": "   0,11", "e": "N", "st": "Suplente"}, {"seq": "361", "n": "28019", "vap": "8", "pvap": "   0,01", "e": "N", "st": "N\u00e3o eleito"}, {"seq": "9", "n": "28123", "vap": "783", "pvap": "   1,24", "e": "S", "st": "Eleito"}, {"seq": "257", "n": "28261", "vap": "1", "pvap": "   0,00", "e": "N", "st": "Suplente"}, {"seq": "58", "n": "28127", "vap": "279", "pvap": "   0,44", "e": "N", "st": "Suplente"}, {"seq": "27", "n": "28630", "vap": "518", "pvap": "   0,82", "e": "N", "st": "Suplente"}, {"seq": "207", "n": "28800", "vap": "34", "pvap": "   0,05", "e": "N", "st": "Suplente"}, {"seq": "85", "n": "28028", "vap": "192", "pvap": "   0,30", "e": "N", "st": "Suplente"}, {"seq": "45", "n": "28430", "vap": "387", "pvap": "   0,61", "e": "N", "st": "Suplente"}, {"seq": "165", "n": "19019", "vap": "65", "pvap": "   0,10", "e": "N", "st": "Suplente"}, {"seq": "37", "n": "19300", "vap": "432", "pvap": "   0,69", "e": "N", "st": "Suplente"}, {"seq": "13", "n": "19630", "vap": "624", "pvap": "   0,99", "e": "S", "st": "Eleito"}, {"seq": "201", "n": "19005", "vap": "35", "pvap": "   0,06", "e": "N", "st": "Suplente"}, {"seq": "224", "n": "19121", "vap": "27", "pvap": "   0,04", "e": "N", "st": "Suplente"}, {"seq": "239", "n": "19420", "vap": "18", "pvap": "   0,03", "e": "N", "st": "Suplente"}, {"seq": "174", "n": "19009", "vap": "56", "pvap": "   0,09", "e": "N", "st": "Suplente"}, {"seq": "218", "n": "19100", "vap": "29", "pvap": "   0,05", "e": "N", "st": "Suplente"}, {"seq": "228", "n": "19322", "vap": "25", "pvap": "   0,04", "e": "N", "st": "Suplente"}, {"seq": "287", "n": "19333", "vap": "95", "pvap": "   0,15", "e": "N", "st": "N\u00e3o eleito"}, {"seq": "187", "n": "19478", "vap": "42", "pvap": "   0,07", "e": "N", "st": "Suplente"}, {"seq": "186", "n": "19999", "vap": "43", "pvap": "   0,07", "e": "N", "st": "Suplente"}, {"seq": "113", "n": "19007", "vap": "121", "pvap": "   0,19", "e": "N", "st": "Suplente"}, {"seq": "248", "n": "19091", "vap": "9", "pvap": "   0,01", "e": "N", "st": "Suplente"}, {"seq": "254", "n": "19422", "vap": "4", "pvap": "   0,01", "e": "N", "st": "Suplente"}, {"seq": "246", "n": "19000", "vap": "11", "pvap": "   0,02", "e": "N", "st": "Suplente"}, {"seq": "49", "n": "19123", "vap": "369", "pvap": "   0,59", "e": "N", "st": "Suplente"}, {"seq": "231", "n": "19069", "vap": "24", "pvap": "   0,04", "e": "N", "st": "Suplente"}, {"seq": "24", "n": "19222", "vap": "553", "pvap": "   0,88", "e": "N", "st": "Suplente"}, {"seq": "127", "n": "19777", "vap": "105", "pvap": "   0,17", "e": "N", "st": "Suplente"}, {"seq": "136", "n": "45777", "vap": "94", "pvap": "   0,15", "e": "N", "st": "Suplente"}, {"seq": "240", "n": "45177", "vap": "16", "pvap": "   0,03", "e": "N", "st": "Suplente"}, {"seq": "6", "n": "45611", "vap": "860", "pvap": "   1,36", "e": "S", "st": "Eleito"}, {"seq": "177", "n": "45111", "vap": "50", "pvap": "   0,08", "e": "N", "st": "Suplente"}, {"seq": "144", "n": "45123", "vap": "85", "pvap": "   0,13", "e": "N", "st": "Suplente"}, {"seq": "57", "n": "45444", "vap": "285", "pvap": "   0,45", "e": "N", "st": "Suplente"}, {"seq": "71", "n": "45500", "vap": "236", "pvap": "   0,37", "e": "N", "st": "Suplente"}, {"seq": "276", "n": "45555", "vap": "187", "pvap": "   0,30", "e": "N", "st": "N\u00e3o eleito"}, {"seq": "209", "n": "45001", "vap": "32", "pvap": "   0,05", "e": "N", "st": "Suplente"}, {"seq": "241", "n": "45003", "vap": "15", "pvap": "   0,02", "e": "N", "st": "Suplente"}, {"seq": "194", "n": "45288", "vap": "40", "pvap": "   0,06", "e": "N", "st": "Suplente"}, {"seq": "261", "n": "45000", "vap": "452", "pvap": "   0,72", "e": "N", "st": "N\u00e3o eleito"}, {"seq": "68", "n": "45619", "vap": "240", "pvap": "   0,38", "e": "N", "st": "Suplente"}, {"seq": "175", "n": "45133", "vap": "51", "pvap": "   0,08", "e": "N", "st": "Suplente"}, {"seq": "150", "n": "45045", "vap": "79", "pvap": "   0,13", "e": "N", "st": "Suplente"}, {"seq": "141", "n": "45888", "vap": "88", "pvap": "   0,14", "e": "N", "st": "Suplente"}, {"seq": "138", "n": "45999", "vap": "89", "pvap": "   0,14", "e": "N", "st": "Suplente"}, {"seq": "115", "n": "45455", "vap": "119", "pvap": "   0,19", "e": "N", "st": "Suplente"}, {"seq": "307", "n": "45518", "vap": "48", "pvap": "   0,08", "e": "N", "st": "N\u00e3o eleito"}, {"seq": "182", "n": "45145", "vap": "45", "pvap": "   0,07", "e": "N", "st": "Suplente"}, {"seq": "233", "n": "45153", "vap": "21", "pvap": "   0,03", "e": "N", "st": "Suplente"}, {"seq": "160", "n": "45222", "vap": "67", "pvap": "   0,11", "e": "N", "st": "Suplente"}, {"seq": "143", "n": "45321", "vap": "86", "pvap": "   0,14", "e": "N", "st": "Suplente"}, {"seq": "166", "n": "45005", "vap": "64", "pvap": "   0,10", "e": "N", "st": "Suplente"}, {"seq": "121", "n": "45678", "vap": "110", "pvap": "   0,17", "e": "N", "st": "Suplente"}, {"seq": "34", "n": "45333", "vap": "456", "pvap": "   0,72", "e": "N", "st": "Suplente"}, {"seq": "360", "n": "51892", "vap": "13", "pvap": "   0,02", "e": "N", "st": "N\u00e3o eleito"}, {"seq": "341", "n": "51964", "vap": "24", "pvap": "   0,04", "e": "N", "st": "N\u00e3o eleito"}, {"seq": "345", "n": "51007", "vap": "20", "pvap": "   0,03", "e": "N", "st": "N\u00e3o eleito"}, {"seq": "338", "n": "51023", "vap": "26", "pvap": "   0,04", "e": "N", "st": "N\u00e3o eleito"}, {"seq": "336", "n": "51101", "vap": "28", "pvap": "   0,04", "e": "N", "st": "N\u00e3o eleito"}, {"seq": "362", "n": "51193", "vap": "6", "pvap": "   0,01", "e": "N", "st": "N\u00e3o eleito"}, {"seq": "278", "n": "51500", "vap": "155", "pvap": "   0,25", "e": "N", "st": "N\u00e3o eleito"}, {"seq": "331", "n": "51555", "vap": "30", "pvap": "   0,05", "e": "N", "st": "N\u00e3o eleito"}, {"seq": "275", "n": "51234", "vap": "190", "pvap": "   0,30", "e": "N", "st": "N\u00e3o eleito"}, {"seq": "272", "n": "51051", "vap": "203", "pvap": "   0,32", "e": "N", "st": "N\u00e3o eleito"}, {"seq": "318", "n": "51091", "vap": "36", "pvap": "   0,06", "e": "N", "st": "N\u00e3o eleito"}, {"seq": "357", "n": "51100", "vap": "14", "pvap": "   0,02", "e": "N", "st": "N\u00e3o eleito"}, {"seq": "323", "n": "51123", "vap": "34", "pvap": "   0,05", "e": "N", "st": "N\u00e3o eleito"}, {"seq": "290", "n": "51444", "vap": "89", "pvap": "   0,14", "e": "N", "st": "N\u00e3o eleito"}, {"seq": "320", "n": "51180", "vap": "35", "pvap": "   0,06", "e": "N", "st": "N\u00e3o eleito"}, {"seq": "288", "n": "51222", "vap": "94", "pvap": "   0,15", "e": "N", "st": "N\u00e3o eleito"}, {"seq": "330", "n": "51333", "vap": "31", "pvap": "   0,05", "e": "N", "st": "N\u00e3o eleito"}, {"seq": "354", "n": "51644", "vap": "15", "pvap": "   0,02", "e": "N", "st": "N\u00e3o eleito"}, {"seq": "277", "n": "51777", "vap": "161", "pvap": "   0,26", "e": "N", "st": "N\u00e3o eleito"}, {"seq": "269", "n": "51000", "vap": "231", "pvap": "   0,37", "e": "N", "st": "N\u00e3o eleito"}, {"seq": "327", "n": "12122", "vap": "32", "pvap": "   0,05", "e": "N", "st": "N\u00e3o eleito"}, {"seq": "262", "n": "12333", "vap": "430", "pvap": "   0,68", "e": "N", "st": "N\u00e3o eleito"}, {"seq": "265", "n": "12777", "vap": "304", "pvap": "   0,48", "e": "N", "st": "N\u00e3o eleito"}, {"seq": "358", "n": "12800", "vap": "14", "pvap": "   0,02", "e": "N", "st": "N\u00e3o eleito"}, {"seq": "369", "n": "12110", "vap": "0", "pvap": "00.00", "e": "N", "st": "N\u00e3o eleito"}, {"seq": "279", "n": "12223", "vap": "143", "pvap": "   0,23", "e": "N", "st": "N\u00e3o eleito"}, {"seq": "305", "n": "12345", "vap": "50", "pvap": "   0,08", "e": "N", "st": "N\u00e3o eleito"}, {"seq": "263", "n": "12012", "vap": "367", "pvap": "   0,58", "e": "N", "st": "N\u00e3o eleito"}, {"seq": "335", "n": "12120", "vap": "28", "pvap": "   0,04", "e": "N", "st": "N\u00e3o eleito"}, {"seq": "282", "n": "12121", "vap": "113", "pvap": "   0,18", "e": "N", "st": "N\u00e3o eleito"}, {"seq": "347", "n": "12123", "vap": "18", "pvap": "   0,03", "e": "N", "st": "N\u00e3o eleito"}, {"seq": "359", "n": "12133", "vap": "14", "pvap": "   0,02", "e": "N", "st": "N\u00e3o eleito"}, {"seq": "270", "n": "12444", "vap": "223", "pvap": "   0,35", "e": "N", "st": "N\u00e3o eleito"}, {"seq": "300", "n": "12555", "vap": "58", "pvap": "   0,09", "e": "N", "st": "N\u00e3o eleito"}, {"seq": "291", "n": "12888", "vap": "88", "pvap": "   0,14", "e": "N", "st": "N\u00e3o eleito"}, {"seq": "309", "n": "12222", "vap": "47", "pvap": "   0,07", "e": "N", "st": "N\u00e3o eleito"}, {"seq": "311", "n": "12243", "vap": "45", "pvap": "   0,07", "e": "N", "st": "N\u00e3o eleito"}, {"seq": "333", "n": "12357", "vap": "29", "pvap": "   0,05", "e": "N", "st": "N\u00e3o eleito"}, {"seq": "353", "n": "12016", "vap": "16", "pvap": "   0,03", "e": "N", "st": "N\u00e3o eleito"}, {"seq": "306", "n": "12130", "vap": "50", "pvap": "   0,08", "e": "N", "st": "N\u00e3o eleito"}, {"seq": "319", "n": "12233", "vap": "35", "pvap": "   0,06", "e": "N", "st": "N\u00e3o eleito"}, {"seq": "325", "n": "12666", "vap": "33", "pvap": "   0,05", "e": "N", "st": "N\u00e3o eleito"}, {"seq": "343", "n": "12999", "vap": "24", "pvap": "   0,04", "e": "N", "st": "N\u00e3o eleito"}, {"seq": "316", "n": "12456", "vap": "37", "pvap": "   0,06", "e": "N", "st": "N\u00e3o eleito"}, {"seq": "284", "n": "12900", "vap": "103", "pvap": "   0,16", "e": "N", "st": "N\u00e3o eleito"}, {"seq": "281", "n": "12000", "vap": "117", "pvap": "   0,19", "e": "N", "st": "N\u00e3o eleito"}, {"seq": "342", "n": "23123", "vap": "24", "pvap": "   0,04", "e": "N", "st": "N\u00e3o eleito"}, {"seq": "352", "n": "23233", "vap": "16", "pvap": "   0,03", "e": "N", "st": "N\u00e3o eleito"}, {"seq": "363", "n": "23465", "vap": "5", "pvap": "   0,01", "e": "N", "st": "N\u00e3o eleito"}, {"seq": "295", "n": "23000", "vap": "78", "pvap": "   0,12", "e": "N", "st": "N\u00e3o eleito"}, {"seq": "367", "n": "23666", "vap": "1", "pvap": "   0,00", "e": "N", "st": "N\u00e3o eleito"}, {"seq": "334", "n": "23812", "vap": "29", "pvap": "   0,05", "e": "N", "st": "N\u00e3o eleito"}, {"seq": "283", "n": "23555", "vap": "110", "pvap": "   0,17", "e": "N", "st": "N\u00e3o eleito"}, {"seq": "349", "n": "23456", "vap": "17", "pvap": "   0,03", "e": "N", "st": "N\u00e3o eleito"}, {"seq": "193", "n": "77121", "vap": "41", "pvap": "   0,07", "e": "N", "st": "Suplente"}, {"seq": "170", "n": "77070", "vap": "61", "pvap": "   0,10", "e": "N", "st": "Suplente"}, {"seq": "153", "n": "77111", "vap": "74", "pvap": "   0,12", "e": "N", "st": "Suplente"}, {"seq": "119", "n": "77115", "vap": "111", "pvap": "   0,18", "e": "N", "st": "Suplente"}, {"seq": "80", "n": "77888", "vap": "204", "pvap": "   0,32", "e": "N", "st": "Suplente"}, {"seq": "252", "n": "77324", "vap": "6", "pvap": "   0,01", "e": "N", "st": "Suplente"}, {"seq": "191", "n": "77770", "vap": "42", "pvap": "   0,07", "e": "N", "st": "Suplente"}, {"seq": "183", "n": "77123", "vap": "44", "pvap": "   0,07", "e": "N", "st": "Suplente"}, {"seq": "97", "n": "77199", "vap": "152", "pvap": "   0,24", "e": "N", "st": "Suplente"}, {"seq": "128", "n": "77852", "vap": "105", "pvap": "   0,17", "e": "N", "st": "Suplente"}, {"seq": "50", "n": "77456", "vap": "352", "pvap": "   0,56", "e": "N", "st": "Suplente"}, {"seq": "223", "n": "77707", "vap": "27", "pvap": "   0,04", "e": "N", "st": "Suplente"}, {"seq": "17", "n": "77077", "vap": "444", "pvap": "   0,70", "e": "S", "st": "Eleito"}, {"seq": "190", "n": "77333", "vap": "42", "pvap": "   0,07", "e": "N", "st": "Suplente"}, {"seq": "48", "n": "77444", "vap": "379", "pvap": "   0,60", "e": "N", "st": "Suplente"}, {"seq": "54", "n": "77777", "vap": "315", "pvap": "   0,50", "e": "N", "st": "Suplente"}, {"seq": "42", "n": "77100", "vap": "400", "pvap": "   0,63", "e": "N", "st": "Suplente"}, {"seq": "244", "n": "77300", "vap": "11", "pvap": "   0,02", "e": "N", "st": "Suplente"}, {"seq": "179", "n": "77541", "vap": "49", "pvap": "   0,08", "e": "N", "st": "Suplente"}, {"seq": "222", "n": "77555", "vap": "28", "pvap": "   0,04", "e": "N", "st": "Suplente"}, {"seq": "227", "n": "77787", "vap": "25", "pvap": "   0,04", "e": "N", "st": "Suplente"}, {"seq": "154", "n": "77015", "vap": "71", "pvap": "   0,11", "e": "N", "st": "Suplente"}, {"seq": "147", "n": "77200", "vap": "83", "pvap": "   0,13", "e": "N", "st": "Suplente"}, {"seq": "368", "n": "13888", "vap": "0", "pvap": "00.00", "e": "N", "st": "N\u00e3o eleito"}, {"seq": "294", "n": "13999", "vap": "80", "pvap": "   0,13", "e": "N", "st": "N\u00e3o eleito"}, {"seq": "315", "n": "13333", "vap": "39", "pvap": "   0,06", "e": "N", "st": "N\u00e3o eleito"}, {"seq": "329", "n": "13123", "vap": "32", "pvap": "   0,05", "e": "N", "st": "N\u00e3o eleito"}, {"seq": "364", "n": "13710", "vap": "5", "pvap": "   0,01", "e": "N", "st": "N\u00e3o eleito"}, {"seq": "355", "n": "13763", "vap": "15", "pvap": "   0,02", "e": "N", "st": "N\u00e3o eleito"}, {"seq": "370", "n": "13644", "vap": "0", "pvap": "00.00", "e": "N", "st": "N\u00e3o eleito"}, {"seq": "303", "n": "13013", "vap": "52", "pvap": "   0,08", "e": "N", "st": "N\u00e3o eleito"}, {"seq": "371", "n": "13789", "vap": "0", "pvap": "00.00", "e": "N", "st": "N\u00e3o eleito"}, {"seq": "332", "n": "13000", "vap": "30", "pvap": "   0,05", "e": "N", "st": "N\u00e3o eleito"}, {"seq": "301", "n": "13133", "vap": "57", "pvap": "   0,09", "e": "N", "st": "N\u00e3o eleito"}, {"seq": "308", "n": "13134", "vap": "48", "pvap": "   0,08", "e": "N", "st": "N\u00e3o eleito"}, {"seq": "337", "n": "13777", "vap": "27", "pvap": "   0,04", "e": "N", "st": "N\u00e3o eleito"}, {"seq": "145", "n": "55551", "vap": "84", "pvap": "   0,13", "e": "N", "st": "Suplente"}, {"seq": "117", "n": "55155", "vap": "113", "pvap": "   0,18", "e": "N", "st": "Suplente"}, {"seq": "230", "n": "55606", "vap": "24", "pvap": "   0,04", "e": "N", "st": "Suplente"}, {"seq": "114", "n": "55725", "vap": "121", "pvap": "   0,19", "e": "N", "st": "Suplente"}, {"seq": "16", "n": "55055", "vap": "487", "pvap": "   0,77", "e": "S", "st": "Eleito"}, {"seq": "31", "n": "55123", "vap": "482", "pvap": "   0,76", "e": "N", "st": "Suplente"}, {"seq": "162", "n": "55555", "vap": "67", "pvap": "   0,11", "e": "N", "st": "Suplente"}, {"seq": "104", "n": "55000", "vap": "137", "pvap": "   0,22", "e": "N", "st": "Suplente"}, {"seq": "211", "n": "55091", "vap": "31", "pvap": "   0,05", "e": "N", "st": "Suplente"}, {"seq": "234", "n": "55100", "vap": "21", "pvap": "   0,03", "e": "N", "st": "Suplente"}, {"seq": "197", "n": "55300", "vap": "37", "pvap": "   0,06", "e": "N", "st": "Suplente"}, {"seq": "221", "n": "55552", "vap": "28", "pvap": "   0,04", "e": "N", "st": "Suplente"}, {"seq": "90", "n": "55333", "vap": "171", "pvap": "   0,27", "e": "N", "st": "Suplente"}, {"seq": "180", "n": "55525", "vap": "49", "pvap": "   0,08", "e": "N", "st": "Suplente"}, {"seq": "93", "n": "55145", "vap": "164", "pvap": "   0,26", "e": "N", "st": "Suplente"}, {"seq": "199", "n": "55777", "vap": "36", "pvap": "   0,06", "e": "N", "st": "Suplente"}, {"seq": "249", "n": "55191", "vap": "8", "pvap": "   0,01", "e": "N", "st": "Suplente"}, {"seq": "161", "n": "55200", "vap": "67", "pvap": "   0,11", "e": "N", "st": "Suplente"}, {"seq": "120", "n": "55222", "vap": "111", "pvap": "   0,18", "e": "N", "st": "Suplente"}, {"seq": "253", "n": "55250", "vap": "6", "pvap": "   0,01", "e": "N", "st": "Suplente"}, {"seq": "164", "n": "55444", "vap": "65", "pvap": "   0,10", "e": "N", "st": "Suplente"}, {"seq": "168", "n": "55550", "vap": "63", "pvap": "   0,10", "e": "N", "st": "Suplente"}, {"seq": "340", "n": "14789", "vap": "25", "pvap": "   0,04", "e": "N", "st": "N\u00e3o eleito"}, {"seq": "106", "n": "14888", "vap": "134", "pvap": "   0,21", "e": "N", "st": "Suplente"}, {"seq": "72", "n": "14016", "vap": "232", "pvap": "   0,37", "e": "N", "st": "Suplente"}, {"seq": "156", "n": "14111", "vap": "70", "pvap": "   0,11", "e": "N", "st": "Suplente"}, {"seq": "28", "n": "14444", "vap": "506", "pvap": "   0,80", "e": "N", "st": "Suplente"}, {"seq": "103", "n": "14456", "vap": "142", "pvap": "   0,23", "e": "N", "st": "Suplente"}, {"seq": "171", "n": "14569", "vap": "59", "pvap": "   0,09", "e": "N", "st": "Suplente"}, {"seq": "25", "n": "14622", "vap": "541", "pvap": "   0,86", "e": "N", "st": "Suplente"}, {"seq": "77", "n": "14014", "vap": "216", "pvap": "   0,34", "e": "N", "st": "Suplente"}, {"seq": "167", "n": "14144", "vap": "64", "pvap": "   0,10", "e": "N", "st": "Suplente"}, {"seq": "8", "n": "14777", "vap": "816", "pvap": "   1,29", "e": "S", "st": "Eleito"}, {"seq": "32", "n": "14000", "vap": "479", "pvap": "   0,76", "e": "N", "st": "Suplente"}, {"seq": "40", "n": "14123", "vap": "409", "pvap": "   0,65", "e": "N", "st": "Suplente"}, {"seq": "61", "n": "14443", "vap": "271", "pvap": "   0,43", "e": "N", "st": "Suplente"}, {"seq": "62", "n": "14567", "vap": "269", "pvap": "   0,43", "e": "N", "st": "Suplente"}, {"seq": "158", "n": "14678", "vap": "68", "pvap": "   0,11", "e": "N", "st": "Suplente"}, {"seq": "53", "n": "14999", "vap": "319", "pvap": "   0,51", "e": "N", "st": "Suplente"}, {"seq": "78", "n": "14222", "vap": "211", "pvap": "   0,33", "e": "N", "st": "Suplente"}, {"seq": "126", "n": "14666", "vap": "105", "pvap": "   0,17", "e": "N", "st": "Suplente"}, {"seq": "229", "n": "14148", "vap": "25", "pvap": "   0,04", "e": "N", "st": "Suplente"}, {"seq": "12", "n": "14555", "vap": "666", "pvap": "   1,06", "e": "S", "st": "Eleito"}, {"seq": "69", "n": "14644", "vap": "237", "pvap": "   0,38", "e": "N", "st": "Suplente"}, {"seq": "99", "n": "14710", "vap": "149", "pvap": "   0,24", "e": "N", "st": "Suplente"}, {"seq": "137", "n": "14100", "vap": "93", "pvap": "   0,15", "e": "N", "st": "Suplente"}, {"seq": "1", "n": "14333", "vap": "1514", "pvap": "   2,40", "e": "S", "st": "Eleito"}, {"seq": "94", "n": "14766", "vap": "164", "pvap": "   0,26", "e": "N", "st": "Suplente"}, {"seq": "237", "n": "90221", "vap": "19", "pvap": "   0,03", "e": "N", "st": "Suplente"}, {"seq": "151", "n": "90017", "vap": "76", "pvap": "   0,12", "e": "N", "st": "Suplente"}, {"seq": "188", "n": "90700", "vap": "42", "pvap": "   0,07", "e": "N", "st": "Suplente"}, {"seq": "245", "n": "90111", "vap": "11", "pvap": "   0,02", "e": "N", "st": "Suplente"}, {"seq": "215", "n": "90333", "vap": "30", "pvap": "   0,05", "e": "N", "st": "Suplente"}, {"seq": "36", "n": "90650", "vap": "434", "pvap": "   0,69", "e": "N", "st": "Suplente"}, {"seq": "178", "n": "90000", "vap": "49", "pvap": "   0,08", "e": "N", "st": "Suplente"}, {"seq": "243", "n": "90555", "vap": "13", "pvap": "   0,02", "e": "N", "st": "Suplente"}, {"seq": "255", "n": "90100", "vap": "3", "pvap": "   0,00", "e": "N", "st": "Suplente"}, {"seq": "4", "n": "90123", "vap": "1076", "pvap": "   1,71", "e": "S", "st": "Eleito"}, {"seq": "226", "n": "90234", "vap": "26", "pvap": "   0,04", "e": "N", "st": "Suplente"}, {"seq": "46", "n": "90444", "vap": "384", "pvap": "   0,61", "e": "N", "st": "Suplente"}, {"seq": "23", "n": "90678", "vap": "567", "pvap": "   0,90", "e": "N", "st": "Suplente"}, {"seq": "200", "n": "90777", "vap": "36", "pvap": "   0,06", "e": "N", "st": "Suplente"}, {"seq": "74", "n": "90888", "vap": "224", "pvap": "   0,36", "e": "N", "st": "Suplente"}, {"seq": "19", "n": "90999", "vap": "643", "pvap": "   1,02", "e": "N", "st": "Suplente"}, {"seq": "235", "n": "90222", "vap": "20", "pvap": "   0,03", "e": "N", "st": "Suplente"}, {"seq": "111", "n": "90611", "vap": "124", "pvap": "   0,20", "e": "N", "st": "Suplente"}, {"seq": "310", "n": "50050", "vap": "46", "pvap": "   0,07", "e": "N", "st": "N\u00e3o eleito"}, {"seq": "264", "n": "50123", "vap": "345", "pvap": "   0,55", "e": "N", "st": "N\u00e3o eleito"}, {"seq": "293", "n": "50444", "vap": "87", "pvap": "   0,14", "e": "N", "st": "N\u00e3o eleito"}, {"seq": "356", "n": "50456", "vap": "14", "pvap": "   0,02", "e": "N", "st": "N\u00e3o eleito"}, {"seq": "289", "n": "50065", "vap": "93", "pvap": "   0,15", "e": "N", "st": "N\u00e3o eleito"}, {"seq": "302", "n": "50253", "vap": "53", "pvap": "   0,08", "e": "N", "st": "N\u00e3o eleito"}, {"seq": "299", "n": "50888", "vap": "59", "pvap": "   0,09", "e": "N", "st": "N\u00e3o eleito"}, {"seq": "259", "n": "50750", "vap": "661", "pvap": "   1,05", "e": "N", "st": "N\u00e3o eleito"}, {"seq": "348", "n": "50958", "vap": "18", "pvap": "   0,03", "e": "N", "st": "N\u00e3o eleito"}, {"seq": "271", "n": "50000", "vap": "205", "pvap": "   0,33", "e": "N", "st": "N\u00e3o eleito"}, {"seq": "339", "n": "50001", "vap": "25", "pvap": "   0,04", "e": "N", "st": "N\u00e3o eleito"}, {"seq": "274", "n": "50125", "vap": "193", "pvap": "   0,31", "e": "N", "st": "N\u00e3o eleito"}, {"seq": "298", "n": "50555", "vap": "61", "pvap": "   0,10", "e": "N", "st": "N\u00e3o eleito"}, {"seq": "273", "n": "50500", "vap": "200", "pvap": "   0,32", "e": "N", "st": "N\u00e3o eleito"}]}]}