{"ele": "426", "carper": "13", "t": "1", "f": "O", "esae": "N", "mnae": " ", "dg": "15/11/2020", "hg": "23:45:52", "dv": "S", "nadf": "sp62006-c0013-e000426-002-f", "abr": [{"dt": "15/11/2020", "ht": "23:21:56", "tf": "S", "and": "F", "tpabr": "MU", "cdabr": "62006", "s": "31", "st": "31", "snt": "0", "si": "31", "sni": "0", "sa": "31", "sna": "0", "pst": " 100,00", "psnt": "   0,00", "psi": " 100,00", "psni": "   0,00", "psa": " 100,00", "psna": "   0,00", "e": "12383", "ea": "12383", "ena": "0", "esi": "12383", "esni": "0", "c": "8998", "a": "3385", "pea": " 100,00", "pena": "   0,00", "pesi": " 100,00", "pesni": "   0,00", "pa": "  27,34", "pc": "  72,66", "vscv": "0", "vnom": "7736", "vl": "504", "tv": "8998", "vvc": "8552", "vb": "170", "tvn": "276", "vn": "276", "vnt": "0", "vp": "0", "vv": "8240", "van": "0", "vansj": "312", "pvnom": "  93,88", "pvl": "   6,12", "pvvc": "  95,04", "pvb": "   1,89", "ptvn": "   3,07", "pvn": " 100,00", "pvnt": "   0,00", "pvp": "   0,00", "pvv": "  96,35", "pvan": "   0,00", "pvansj": "   3,65", "colig": [{"n": "250000135373", "tvtn": "733", "tvan": "733", "vag": "1", "tvtl": "126", "tval": "126"}, {"n": "250000074403", "tvtn": "673", "tvan": "673", "vag": "1", "tvtl": "45", "tval": "45"}, {"n": "250000135573", "tvtn": "216", "tvan": "216", "vag": "0", "tvtl": "6", "tval": "6"}, {"n": "250000058032", "tvtn": "1315", "tvan": "1315", "vag": "2", "tvtl": "29", "tval": "29"}, {"n": "250000135582", "tvtn": "1385", "tvan": "1385", "vag": "2", "tvtl": "32", "tval": "32"}, {"n": "250000051643", "tvtn": "385", "tvan": "448", "vag": "0", "tvtl": "7", "tval": "7"}, {"n": "250000058033", "tvtn": "1778", "tvan": "1903", "vag": "2", "tvtl": "144", "tval": "144"}, {"n": "250000145062", "tvtn": "33", "tvan": "62", "vag": "0", "tvtl": "25", "tval": "25"}, {"n": "250000052489", "tvtn": "540", "tvan": "540", "vag": "0", "tvtl": "13", "tval": "13"}, {"n": "250000117985", "tvtn": "678", "tvan": "773", "vag": "1", "tvtl": "77", "tval": "77"}], "part": [{"n": "25", "tvtn": "733", "tvan": "733", "tvtl": "126", "tval": "126"}, {"n": "22", "tvtn": "673", "tvan": "673", "tvtl": "45", "tval": "45"}, {"n": "55", "tvtn": "216", "tvan": "216", "tvtl": "6", "tval": "6"}, {"n": "14", "tvtn": "1315", "tvan": "1315", "tvtl": "29", "tval": "29"}, {"n": "40", "tvtn": "1385", "tvan": "1385", "tvtl": "32", "tval": "32"}, {"n": "19", "tvtn": "385", "tvan": "448", "tvtl": "7", "tval": "7"}, {"n": "45", "tvtn": "1778", "tvan": "1903", "tvtl": "144", "tval": "144"}, {"n": "13", "tvtn": "33", "tvan": "62", "tvtl": "25", "tval": "25"}, {"n": "10", "tvtn": "540", "tvan": "540", "tvtl": "13", "tval": "13"}, {"n": "23", "tvtn": "678", "tvan": "773", "tvtl": "77", "tval": "77"}], "cand": [{"seq": "48", "n": "25678", "vap": "30", "pvap": "   0,35", "e": "N", "st": "Suplente"}, {"seq": "53", "n": "25013", "vap": "23", "pvap": "   0,27", "e": "N", "st": "Suplente"}, {"seq": "17", "n": "25310", "vap": "129", "pvap": "   1,51", "e": "N", "st": "Suplente"}, {"seq": "15", "n": "25789", "vap": "161", "pvap": "   1,88", "e": "N", "st": "Suplente"}, {"seq": "44", "n": "25000", "vap": "33", "pvap": "   0,39", "e": "N", "st": "Suplente"}, {"seq": "61", "n": "25123", "vap": "13", "pvap": "   0,15", "e": "N", "st": "Suplente"}, {"seq": "49", "n": "25260", "vap": "30", "pvap": "   0,35", "e": "N", "st": "Suplente"}, {"seq": "7", "n": "25250", "vap": "279", "pvap": "   3,26", "e": "S", "st": "Eleito"}, {"seq": "66", "n": "25367", "vap": "9", "pvap": "   0,11", "e": "N", "st": "Suplente"}, {"seq": "52", "n": "25285", "vap": "26", "pvap": "   0,30", "e": "N", "st": "Suplente"}, {"seq": "67", "n": "22002", "vap": "9", "pvap": "   0,11", "e": "N", "st": "Suplente"}, {"seq": "24", "n": "22022", "vap": "87", "pvap": "   1,02", "e": "N", "st": "Suplente"}, {"seq": "34", "n": "22192", "vap": "51", "pvap": "   0,60", "e": "N", "st": "Suplente"}, {"seq": "72", "n": "22013", "vap": "4", "pvap": "   0,05", "e": "N", "st": "Suplente"}, {"seq": "59", "n": "22070", "vap": "17", "pvap": "   0,20", "e": "N", "st": "Suplente"}, {"seq": "38", "n": "22323", "vap": "39", "pvap": "   0,46", "e": "N", "st": "Suplente"}, {"seq": "69", "n": "22190", "vap": "7", "pvap": "   0,08", "e": "N", "st": "Suplente"}, {"seq": "33", "n": "22777", "vap": "52", "pvap": "   0,61", "e": "N", "st": "Suplente"}, {"seq": "37", "n": "22205", "vap": "42", "pvap": "   0,49", "e": "N", "st": "Suplente"}, {"seq": "47", "n": "22345", "vap": "30", "pvap": "   0,35", "e": "N", "st": "Suplente"}, {"seq": "5", "n": "22222", "vap": "296", "pvap": "   3,46", "e": "S", "st": "Eleito"}, {"seq": "70", "n": "22789", "vap": "6", "pvap": "   0,07", "e": "N", "st": "Suplente"}, {"seq": "56", "n": "22979", "vap": "21", "pvap": "   0,25", "e": "N", "st": "Suplente"}, {"seq": "63", "n": "22400", "vap": "12", "pvap": "   0,14", "e": "N", "st": "Suplente"}, {"seq": "91", "n": "55017", "vap": "25", "pvap": "   0,29", "e": "N", "st": "N\u00e3o eleito"}, {"seq": "84", "n": "55321", "vap": "45", "pvap": "   0,53", "e": "N", "st": "N\u00e3o eleito"}, {"seq": "112", "n": "55777", "vap": "5", "pvap": "   0,06", "e": "N", "st": "N\u00e3o eleito"}, {"seq": "89", "n": "55555", "vap": "32", "pvap": "   0,37", "e": "N", "st": "N\u00e3o eleito"}, {"seq": "90", "n": "55051", "vap": "31", "pvap": "   0,36", "e": "N", "st": "N\u00e3o eleito"}, {"seq": "94", "n": "55055", "vap": "19", "pvap": "   0,22", "e": "N", "st": "N\u00e3o eleito"}, {"seq": "95", "n": "55139", "vap": "19", "pvap": "   0,22", "e": "N", "st": "N\u00e3o eleito"}, {"seq": "116", "n": "55888", "vap": "1", "pvap": "   0,01", "e": "N", "st": "N\u00e3o eleito"}, {"seq": "97", "n": "55999", "vap": "14", "pvap": "   0,16", "e": "N", "st": "N\u00e3o eleito"}, {"seq": "103", "n": "55000", "vap": "10", "pvap": "   0,12", "e": "N", "st": "N\u00e3o eleito"}, {"seq": "110", "n": "55123", "vap": "6", "pvap": "   0,07", "e": "N", "st": "N\u00e3o eleito"}, {"seq": "104", "n": "55050", "vap": "9", "pvap": "   0,11", "e": "N", "st": "N\u00e3o eleito"}, {"seq": "19", "n": "14965", "vap": "125", "pvap": "   1,46", "e": "N", "st": "Suplente"}, {"seq": "43", "n": "14123", "vap": "34", "pvap": "   0,40", "e": "N", "st": "Suplente"}, {"seq": "22", "n": "14000", "vap": "101", "pvap": "   1,18", "e": "N", "st": "Suplente"}, {"seq": "60", "n": "14011", "vap": "16", "pvap": "   0,19", "e": "N", "st": "Suplente"}, {"seq": "31", "n": "14044", "vap": "61", "pvap": "   0,71", "e": "N", "st": "Suplente"}, {"seq": "2", "n": "14140", "vap": "329", "pvap": "   3,85", "e": "S", "st": "Eleito"}, {"seq": "68", "n": "14013", "vap": "7", "pvap": "   0,08", "e": "N", "st": "Suplente"}, {"seq": "32", "n": "14614", "vap": "56", "pvap": "   0,65", "e": "N", "st": "Suplente"}, {"seq": "6", "n": "14789", "vap": "294", "pvap": "   3,44", "e": "S", "st": "Eleito"}, {"seq": "64", "n": "14029", "vap": "10", "pvap": "   0,12", "e": "N", "st": "Suplente"}, {"seq": "36", "n": "14678", "vap": "43", "pvap": "   0,50", "e": "N", "st": "Suplente"}, {"seq": "12", "n": "14014", "vap": "239", "pvap": "   2,79", "e": "N", "st": "Suplente"}, {"seq": "21", "n": "40777", "vap": "104", "pvap": "   1,22", "e": "N", "st": "Suplente"}, {"seq": "51", "n": "40004", "vap": "27", "pvap": "   0,32", "e": "N", "st": "Suplente"}, {"seq": "4", "n": "40011", "vap": "297", "pvap": "   3,47", "e": "S", "st": "Eleito"}, {"seq": "8", "n": "40288", "vap": "268", "pvap": "   3,13", "e": "S", "st": "Eleito"}, {"seq": "27", "n": "40470", "vap": "81", "pvap": "   0,95", "e": "N", "st": "Suplente"}, {"seq": "16", "n": "40123", "vap": "144", "pvap": "   1,68", "e": "N", "st": "Suplente"}, {"seq": "62", "n": "40321", "vap": "13", "pvap": "   0,15", "e": "N", "st": "Suplente"}, {"seq": "71", "n": "40333", "vap": "5", "pvap": "   0,06", "e": "N", "st": "Suplente"}, {"seq": "23", "n": "40456", "vap": "91", "pvap": "   1,06", "e": "N", "st": "Suplente"}, {"seq": "50", "n": "40222", "vap": "29", "pvap": "   0,34", "e": "N", "st": "Suplente"}, {"seq": "14", "n": "40040", "vap": "167", "pvap": "   1,95", "e": "N", "st": "Suplente"}, {"seq": "18", "n": "40255", "vap": "127", "pvap": "   1,49", "e": "N", "st": "Suplente"}, {"seq": "45", "n": "40090", "vap": "32", "pvap": "   0,37", "e": "N", "st": "Suplente"}, {"seq": "98", "n": "19000", "vap": "14", "pvap": "   0,16", "e": "N", "st": "N\u00e3o eleito"}, {"seq": "85", "n": "19190", "vap": "45", "pvap": "   0,53", "e": "N", "st": "N\u00e3o eleito"}, {"seq": "88", "n": "19789", "vap": "32", "pvap": "   0,37", "e": "N", "st": "N\u00e3o eleito"}, {"seq": "74", "n": "19999", "vap": "126", "pvap": "   1,47", "e": "N", "st": "N\u00e3o eleito"}, {"seq": "80", "n": "19356", "vap": "63", "pvap": "   0,74", "e": "N", "st": "N\u00e3o eleito"}, {"seq": "81", "n": "19019", "vap": "56", "pvap": "   0,65", "e": "N", "st": "N\u00e3o eleito"}, {"seq": "96", "n": "19722", "vap": "18", "pvap": "   0,21", "e": "N", "st": "N\u00e3o eleito"}, {"seq": "77", "n": "19123", "vap": "94", "pvap": "   1,10", "e": "N", "st": "N\u00e3o eleito"}, {"seq": "65", "n": "45001", "vap": "10", "pvap": "   0,12", "e": "N", "st": "Suplente"}, {"seq": "39", "n": "45777", "vap": "38", "pvap": "   0,44", "e": "N", "st": "Suplente"}, {"seq": "26", "n": "45696", "vap": "81", "pvap": "   0,95", "e": "N", "st": "Suplente"}, {"seq": "13", "n": "45051", "vap": "174", "pvap": "   2,03", "e": "N", "st": "Suplente"}, {"seq": "58", "n": "45000", "vap": "19", "pvap": "   0,22", "e": "N", "st": "Suplente"}, {"seq": "46", "n": "45200", "vap": "31", "pvap": "   0,36", "e": "N", "st": "Suplente"}, {"seq": "10", "n": "45150", "vap": "268", "pvap": "   3,13", "e": "N", "st": "Suplente"}, {"seq": "25", "n": "45678", "vap": "84", "pvap": "   0,98", "e": "N", "st": "Suplente"}, {"seq": "20", "n": "45111", "vap": "124", "pvap": "   1,45", "e": "N", "st": "Suplente"}, {"seq": "11", "n": "45555", "vap": "266", "pvap": "   3,11", "e": "N", "st": "Suplente"}, {"seq": "1", "n": "45123", "vap": "367", "pvap": "   4,29", "e": "S", "st": "Eleito"}, {"seq": "3", "n": "45045", "vap": "316", "pvap": "   3,70", "e": "S", "st": "Eleito"}, {"seq": "75", "n": "45690", "vap": "125", "pvap": "   1,46", "e": "N", "st": "N\u00e3o eleito"}, {"seq": "108", "n": "13555", "vap": "7", "pvap": "   0,08", "e": "N", "st": "N\u00e3o eleito"}, {"seq": "111", "n": "13110", "vap": "6", "pvap": "   0,07", "e": "N", "st": "N\u00e3o eleito"}, {"seq": "107", "n": "13336", "vap": "8", "pvap": "   0,09", "e": "N", "st": "N\u00e3o eleito"}, {"seq": "109", "n": "13987", "vap": "7", "pvap": "   0,08", "e": "N", "st": "N\u00e3o eleito"}, {"seq": "93", "n": "13013", "vap": "23", "pvap": "   0,27", "e": "N", "st": "N\u00e3o eleito"}, {"seq": "114", "n": "13019", "vap": "2", "pvap": "   0,02", "e": "N", "st": "N\u00e3o eleito"}, {"seq": "105", "n": "13999", "vap": "9", "pvap": "   0,11", "e": "N", "st": "N\u00e3o eleito"}, {"seq": "82", "n": "10123", "vap": "51", "pvap": "   0,60", "e": "N", "st": "N\u00e3o eleito"}, {"seq": "106", "n": "10683", "vap": "8", "pvap": "   0,09", "e": "N", "st": "N\u00e3o eleito"}, {"seq": "115", "n": "10190", "vap": "2", "pvap": "   0,02", "e": "N", "st": "N\u00e3o eleito"}, {"seq": "99", "n": "10000", "vap": "14", "pvap": "   0,16", "e": "N", "st": "N\u00e3o eleito"}, {"seq": "102", "n": "10746", "vap": "11", "pvap": "   0,13", "e": "N", "st": "N\u00e3o eleito"}, {"seq": "76", "n": "10510", "vap": "94", "pvap": "   1,10", "e": "N", "st": "N\u00e3o eleito"}, {"seq": "78", "n": "10151", "vap": "75", "pvap": "   0,88", "e": "N", "st": "N\u00e3o eleito"}, {"seq": "113", "n": "10987", "vap": "4", "pvap": "   0,05", "e": "N", "st": "N\u00e3o eleito"}, {"seq": "92", "n": "10777", "vap": "23", "pvap": "   0,27", "e": "N", "st": "N\u00e3o eleito"}, {"seq": "79", "n": "10010", "vap": "71", "pvap": "   0,83", "e": "N", "st": "N\u00e3o eleito"}, {"seq": "86", "n": "10011", "vap": "36", "pvap": "   0,42", "e": "N", "st": "N\u00e3o eleito"}, {"seq": "73", "n": "10450", "vap": "140", "pvap": "   1,64", "e": "N", "st": "N\u00e3o eleito"}, {"seq": "101", "n": "10007", "vap": "11", "pvap": "   0,13", "e": "N", "st": "N\u00e3o eleito"}, {"seq": "28", "n": "23167", "vap": "74", "pvap": "   0,87", "e": "N", "st": "Suplente"}, {"seq": "55", "n": "23757", "vap": "22", "pvap": "   0,26", "e": "N", "st": "Suplente"}, {"seq": "54", "n": "23121", "vap": "23", "pvap": "   0,27", "e": "N", "st": "Suplente"}, {"seq": "30", "n": "23321", "vap": "66", "pvap": "   0,77", "e": "N", "st": "Suplente"}, {"seq": "100", "n": "23111", "vap": "14", "pvap": "   0,16", "e": "N", "st": "N\u00e3o eleito"}, {"seq": "9", "n": "23123", "vap": "246", "pvap": "   2,88", "e": "S", "st": "Eleito"}, {"seq": "41", "n": "23222", "vap": "37", "pvap": "   0,43", "e": "N", "st": "Suplente"}, {"seq": "29", "n": "23007", "vap": "68", "pvap": "   0,80", "e": "N", "st": "Suplente"}, {"seq": "57", "n": "23023", "vap": "20", "pvap": "   0,23", "e": "N", "st": "Suplente"}, {"seq": "83", "n": "23190", "vap": "47", "pvap": "   0,55", "e": "N", "st": "N\u00e3o eleito"}, {"seq": "42", "n": "23333", "vap": "36", "pvap": "   0,42", "e": "N", "st": "Suplente"}, {"seq": "35", "n": "23000", "vap": "48", "pvap": "   0,56", "e": "N", "st": "Suplente"}, {"seq": "40", "n": "23456", "vap": "38", "pvap": "   0,44", "e": "N", "st": "Suplente"}, {"seq": "87", "n": "23777", "vap": "34", "pvap": "   0,40", "e": "N", "st": "N\u00e3o eleito"}]}, {"dt": "15/11/2020", "ht": "23:21:56", "tf": "S", "and": "F", "tpabr": "ZONA", "cdabr": "51", "s": "31", "st": "31", "snt": "0", "si": "31", "sni": "0", "sa": "31", "sna": "0", "pst": " 100,00", "psnt": "   0,00", "psi": " 100,00", "psni": "   0,00", "psa": " 100,00", "psna": "   0,00", "e": "12383", "ea": "12383", "ena": "0", "esi": "12383", "esni": "0", "a": "3385", "c": "8998", "pea": " 100,00", "pena": "   0,00", "pesi": " 100,00", "pesni": "   0,00", "pa": "  27,34", "pc": "  72,66", "vnom": "7736", "vscv": "0", "vl": "504", "tv": "8998", "vvc": "8552", "vb": "170", "tvn": "276", "vn": "276", "vnt": "0", "vp": "0", "vv": "8240", "van": "0", "vansj": "312", "pvnom": "  93,88", "pvl": "   6,12", "pvvc": "  95,04", "pvb": "   1,89", "ptvn": "   3,07", "pvn": " 100,00", "pvnt": "   0,00", "pvp": "   0,00", "pvv": "  96,35", "pvan": "   0,00", "pvansj": "   3,65", "cand": [{"seq": "4", "n": "40011", "vap": "297", "pvap": "   3,47", "e": "S", "st": "Eleito"}, {"seq": "8", "n": "40288", "vap": "268", "pvap": "   3,13", "e": "S", "st": "Eleito"}, {"seq": "14", "n": "40040", "vap": "167", "pvap": "   1,95", "e": "N", "st": "Suplente"}, {"seq": "16", "n": "40123", "vap": "144", "pvap": "   1,68", "e": "N", "st": "Suplente"}, {"seq": "18", "n": "40255", "vap": "127", "pvap": "   1,49", "e": "N", "st": "Suplente"}, {"seq": "21", "n": "40777", "vap": "104", "pvap": "   1,22", "e": "N", "st": "Suplente"}, {"seq": "23", "n": "40456", "vap": "91", "pvap": "   1,06", "e": "N", "st": "Suplente"}, {"seq": "27", "n": "40470", "vap": "81", "pvap": "   0,95", "e": "N", "st": "Suplente"}, {"seq": "45", "n": "40090", "vap": "32", "pvap": "   0,37", "e": "N", "st": "Suplente"}, {"seq": "50", "n": "40222", "vap": "29", "pvap": "   0,34", "e": "N", "st": "Suplente"}, {"seq": "51", "n": "40004", "vap": "27", "pvap": "   0,32", "e": "N", "st": "Suplente"}, {"seq": "62", "n": "40321", "vap": "13", "pvap": "   0,15", "e": "N", "st": "Suplente"}, {"seq": "71", "n": "40333", "vap": "5", "pvap": "   0,06", "e": "N", "st": "Suplente"}, {"seq": "1", "n": "45123", "vap": "367", "pvap": "   4,29", "e": "S", "st": "Eleito"}, {"seq": "3", "n": "45045", "vap": "316", "pvap": "   3,70", "e": "S", "st": "Eleito"}, {"seq": "10", "n": "45150", "vap": "268", "pvap": "   3,13", "e": "N", "st": "Suplente"}, {"seq": "11", "n": "45555", "vap": "266", "pvap": "   3,11", "e": "N", "st": "Suplente"}, {"seq": "13", "n": "45051", "vap": "174", "pvap": "   2,03", "e": "N", "st": "Suplente"}, {"seq": "20", "n": "45111", "vap": "124", "pvap": "   1,45", "e": "N", "st": "Suplente"}, {"seq": "25", "n": "45678", "vap": "84", "pvap": "   0,98", "e": "N", "st": "Suplente"}, {"seq": "26", "n": "45696", "vap": "81", "pvap": "   0,95", "e": "N", "st": "Suplente"}, {"seq": "39", "n": "45777", "vap": "38", "pvap": "   0,44", "e": "N", "st": "Suplente"}, {"seq": "46", "n": "45200", "vap": "31", "pvap": "   0,36", "e": "N", "st": "Suplente"}, {"seq": "58", "n": "45000", "vap": "19", "pvap": "   0,22", "e": "N", "st": "Suplente"}, {"seq": "65", "n": "45001", "vap": "10", "pvap": "   0,12", "e": "N", "st": "Suplente"}, {"seq": "75", "n": "45690", "vap": "125", "pvap": "   1,46", "e": "N", "st": "N\u00e3o eleito"}, {"seq": "9", "n": "23123", "vap": "246", "pvap": "   2,88", "e": "S", "st": "Eleito"}, {"seq": "28", "n": "23167", "vap": "74", "pvap": "   0,87", "e": "N", "st": "Suplente"}, {"seq": "29", "n": "23007", "vap": "68", "pvap": "   0,80", "e": "N", "st": "Suplente"}, {"seq": "30", "n": "23321", "vap": "66", "pvap": "   0,77", "e": "N", "st": "Suplente"}, {"seq": "35", "n": "23000", "vap": "48", "pvap": "   0,56", "e": "N", "st": "Suplente"}, {"seq": "40", "n": "23456", "vap": "38", "pvap": "   0,44", "e": "N", "st": "Suplente"}, {"seq": "41", "n": "23222", "vap": "37", "pvap": "   0,43", "e": "N", "st": "Suplente"}, {"seq": "42", "n": "23333", "vap": "36", "pvap": "   0,42", "e": "N", "st": "Suplente"}, {"seq": "54", "n": "23121", "vap": "23", "pvap": "   0,27", "e": "N", "st": "Suplente"}, {"seq": "55", "n": "23757", "vap": "22", "pvap": "   0,26", "e": "N", "st": "Suplente"}, {"seq": "57", "n": "23023", "vap": "20", "pvap": "   0,23", "e": "N", "st": "Suplente"}, {"seq": "83", "n": "23190", "vap": "47", "pvap": "   0,55", "e": "N", "st": "N\u00e3o eleito"}, {"seq": "87", "n": "23777", "vap": "34", "pvap": "   0,40", "e": "N", "st": "N\u00e3o eleito"}, {"seq": "100", "n": "23111", "vap": "14", "pvap": "   0,16", "e": "N", "st": "N\u00e3o eleito"}, {"seq": "73", "n": "10450", "vap": "140", "pvap": "   1,64", "e": "N", "st": "N\u00e3o eleito"}, {"seq": "76", "n": "10510", "vap": "94", "pvap": "   1,10", "e": "N", "st": "N\u00e3o eleito"}, {"seq": "78", "n": "10151", "vap": "75", "pvap": "   0,88", "e": "N", "st": "N\u00e3o eleito"}, {"seq": "79", "n": "10010", "vap": "71", "pvap": "   0,83", "e": "N", "st": "N\u00e3o eleito"}, {"seq": "82", "n": "10123", "vap": "51", "pvap": "   0,60", "e": "N", "st": "N\u00e3o eleito"}, {"seq": "86", "n": "10011", "vap": "36", "pvap": "   0,42", "e": "N", "st": "N\u00e3o eleito"}, {"seq": "92", "n": "10777", "vap": "23", "pvap": "   0,27", "e": "N", "st": "N\u00e3o eleito"}, {"seq": "99", "n": "10000", "vap": "14", "pvap": "   0,16", "e": "N", "st": "N\u00e3o eleito"}, {"seq": "101", "n": "10007", "vap": "11", "pvap": "   0,13", "e": "N", "st": "N\u00e3o eleito"}, {"seq": "102", "n": "10746", "vap": "11", "pvap": "   0,13", "e": "N", "st": "N\u00e3o eleito"}, {"seq": "106", "n": "10683", "vap": "8", "pvap": "   0,09", "e": "N", "st": "N\u00e3o eleito"}, {"seq": "113", "n": "10987", "vap": "4", "pvap": "   0,05", "e": "N", "st": "N\u00e3o eleito"}, {"seq": "115", "n": "10190", "vap": "2", "pvap": "   0,02", "e": "N", "st": "N\u00e3o eleito"}, {"seq": "93", "n": "13013", "vap": "23", "pvap": "   0,27", "e": "N", "st": "N\u00e3o eleito"}, {"seq": "105", "n": "13999", "vap": "9", "pvap": "   0,11", "e": "N", "st": "N\u00e3o eleito"}, {"seq": "107", "n": "13336", "vap": "8", "pvap": "   0,09", "e": "N", "st": "N\u00e3o eleito"}, {"seq": "108", "n": "13555", "vap": "7", "pvap": "   0,08", "e": "N", "st": "N\u00e3o eleito"}, {"seq": "109", "n": "13987", "vap": "7", "pvap": "   0,08", "e": "N", "st": "N\u00e3o eleito"}, {"seq": "111", "n": "13110", "vap": "6", "pvap": "   0,07", "e": "N", "st": "N\u00e3o eleito"}, {"seq": "114", "n": "13019", "vap": "2", "pvap": "   0,02", "e": "N", "st": "N\u00e3o eleito"}, {"seq": "5", "n": "22222", "vap": "296", "pvap": "   3,46", "e": "S", "st": "Eleito"}, {"seq": "24", "n": "22022", "vap": "87", "pvap": "   1,02", "e": "N", "st": "Suplente"}, {"seq": "33", "n": "22777", "vap": "52", "pvap": "   0,61", "e": "N", "st": "Suplente"}, {"seq": "34", "n": "22192", "vap": "51", "pvap": "   0,60", "e": "N", "st": "Suplente"}, {"seq": "37", "n": "22205", "vap": "42", "pvap": "   0,49", "e": "N", "st": "Suplente"}, {"seq": "38", "n": "22323", "vap": "39", "pvap": "   0,46", "e": "N", "st": "Suplente"}, {"seq": "47", "n": "22345", "vap": "30", "pvap": "   0,35", "e": "N", "st": "Suplente"}, {"seq": "56", "n": "22979", "vap": "21", "pvap": "   0,25", "e": "N", "st": "Suplente"}, {"seq": "59", "n": "22070", "vap": "17", "pvap": "   0,20", "e": "N", "st": "Suplente"}, {"seq": "63", "n": "22400", "vap": "12", "pvap": "   0,14", "e": "N", "st": "Suplente"}, {"seq": "67", "n": "22002", "vap": "9", "pvap": "   0,11", "e": "N", "st": "Suplente"}, {"seq": "69", "n": "22190", "vap": "7", "pvap": "   0,08", "e": "N", "st": "Suplente"}, {"seq": "70", "n": "22789", "vap": "6", "pvap": "   0,07", "e": "N", "st": "Suplente"}, {"seq": "72", "n": "22013", "vap": "4", "pvap": "   0,05", "e": "N", "st": "Suplente"}, {"seq": "84", "n": "55321", "vap": "45", "pvap": "   0,53", "e": "N", "st": "N\u00e3o eleito"}, {"seq": "89", "n": "55555", "vap": "32", "pvap": "   0,37", "e": "N", "st": "N\u00e3o eleito"}, {"seq": "90", "n": "55051", "vap": "31", "pvap": "   0,36", "e": "N", "st": "N\u00e3o eleito"}, {"seq": "91", "n": "55017", "vap": "25", "pvap": "   0,29", "e": "N", "st": "N\u00e3o eleito"}, {"seq": "94", "n": "55055", "vap": "19", "pvap": "   0,22", "e": "N", "st": "N\u00e3o eleito"}, {"seq": "95", "n": "55139", "vap": "19", "pvap": "   0,22", "e": "N", "st": "N\u00e3o eleito"}, {"seq": "97", "n": "55999", "vap": "14", "pvap": "   0,16", "e": "N", "st": "N\u00e3o eleito"}, {"seq": "103", "n": "55000", "vap": "10", "pvap": "   0,12", "e": "N", "st": "N\u00e3o eleito"}, {"seq": "104", "n": "55050", "vap": "9", "pvap": "   0,11", "e": "N", "st": "N\u00e3o eleito"}, {"seq": "110", "n": "55123", "vap": "6", "pvap": "   0,07", "e": "N", "st": "N\u00e3o eleito"}, {"seq": "112", "n": "55777", "vap": "5", "pvap": "   0,06", "e": "N", "st": "N\u00e3o eleito"}, {"seq": "116", "n": "55888", "vap": "1", "pvap": "   0,01", "e": "N", "st": "N\u00e3o eleito"}, {"seq": "7", "n": "25250", "vap": "279", "pvap": "   3,26", "e": "S", "st": "Eleito"}, {"seq": "15", "n": "25789", "vap": "161", "pvap": "   1,88", "e": "N", "st": "Suplente"}, {"seq": "17", "n": "25310", "vap": "129", "pvap": "   1,51", "e": "N", "st": "Suplente"}, {"seq": "44", "n": "25000", "vap": "33", "pvap": "   0,39", "e": "N", "st": "Suplente"}, {"seq": "48", "n": "25678", "vap": "30", "pvap": "   0,35", "e": "N", "st": "Suplente"}, {"seq": "49", "n": "25260", "vap": "30", "pvap": "   0,35", "e": "N", "st": "Suplente"}, {"seq": "52", "n": "25285", "vap": "26", "pvap": "   0,30", "e": "N", "st": "Suplente"}, {"seq": "53", "n": "25013", "vap": "23", "pvap": "   0,27", "e": "N", "st": "Suplente"}, {"seq": "61", "n": "25123", "vap": "13", "pvap": "   0,15", "e": "N", "st": "Suplente"}, {"seq": "66", "n": "25367", "vap": "9", "pvap": "   0,11", "e": "N", "st": "Suplente"}, {"seq": "2", "n": "14140", "vap": "329", "pvap": "   3,85", "e": "S", "st": "Eleito"}, {"seq": "6", "n": "14789", "vap": "294", "pvap": "   3,44", "e": "S", "st": "Eleito"}, {"seq": "12", "n": "14014", "vap": "239", "pvap": "   2,79", "e": "N", "st": "Suplente"}, {"seq": "19", "n": "14965", "vap": "125", "pvap": "   1,46", "e": "N", "st": "Suplente"}, {"seq": "22", "n": "14000", "vap": "101", "pvap": "   1,18", "e": "N", "st": "Suplente"}, {"seq": "31", "n": "14044", "vap": "61", "pvap": "   0,71", "e": "N", "st": "Suplente"}, {"seq": "32", "n": "14614", "vap": "56", "pvap": "   0,65", "e": "N", "st": "Suplente"}, {"seq": "36", "n": "14678", "vap": "43", "pvap": "   0,50", "e": "N", "st": "Suplente"}, {"seq": "43", "n": "14123", "vap": "34", "pvap": "   0,40", "e": "N", "st": "Suplente"}, {"seq": "60", "n": "14011", "vap": "16", "pvap": "   0,19", "e": "N", "st": "Suplente"}, {"seq": "64", "n": "14029", "vap": "10", "pvap": "   0,12", "e": "N", "st": "Suplente"}, {"seq": "68", "n": "14013", "vap": "7", "pvap": "   0,08", "e": "N", "st": "Suplente"}, {"seq": "74", "n": "19999", "vap": "126", "pvap": "   1,47", "e": "N", "st": "N\u00e3o eleito"}, {"seq": "77", "n": "19123", "vap": "94", "pvap": "   1,10", "e": "N", "st": "N\u00e3o eleito"}, {"seq": "80", "n": "19356", "vap": "63", "pvap": "   0,74", "e": "N", "st": "N\u00e3o eleito"}, {"seq": "81", "n": "19019", "vap": "56", "pvap": "   0,65", "e": "N", "st": "N\u00e3o eleito"}, {"seq": "85", "n": "19190", "vap": "45", "pvap": "   0,53", "e": "N", "st": "N\u00e3o eleito"}, {"seq": "88", "n": "19789", "vap": "32", "pvap": "   0,37", "e": "N", "st": "N\u00e3o eleito"}, {"seq": "96", "n": "19722", "vap": "18", "pvap": "   0,21", "e": "N", "st": "N\u00e3o eleito"}, {"seq": "98", "n": "19000", "vap": "14", "pvap": "   0,16", "e": "N", "st": "N\u00e3o eleito"}]}]}