{"ele": "426", "carper": "13", "t": "1", "f": "O", "esae": "N", "mnae": " ", "dg": "16/11/2020", "hg": "00:29:11", "dv": "S", "nadf": "sp68578-c0013-e000426-002-f", "abr": [{"dt": "15/11/2020", "ht": "23:46:58", "tf": "S", "and": "F", "tpabr": "MU", "cdabr": "68578", "s": "108", "st": "108", "snt": "0", "si": "108", "sni": "0", "sa": "108", "sna": "0", "pst": " 100,00", "psnt": "   0,00", "psi": " 100,00", "psni": "   0,00", "psa": " 100,00", "psna": "   0,00", "e": "42730", "ea": "42730", "ena": "0", "esi": "42730", "esni": "0", "c": "29030", "a": "13700", "pea": " 100,00", "pena": "   0,00", "pesi": " 100,00", "pesni": "   0,00", "pa": "  32,06", "pc": "  67,94", "vscv": "0", "vnom": "24006", "vl": "1845", "tv": "29030", "vvc": "25901", "vb": "1953", "tvn": "1176", "vn": "1176", "vnt": "0", "vp": "0", "vv": "25851", "van": "0", "vansj": "50", "pvnom": "  92,86", "pvl": "   7,14", "pvvc": "  89,22", "pvb": "   6,73", "ptvn": "   4,05", "pvn": " 100,00", "pvnt": "   0,00", "pvp": "   0,00", "pvv": "  99,81", "pvan": "   0,00", "pvansj": "   0,19", "colig": [{"n": "250000111023", "tvtn": "3166", "tvan": "3166", "vag": "2", "tvtl": "52", "tval": "52"}, {"n": "250000117068", "tvtn": "3427", "tvan": "3427", "vag": "2", "tvtl": "727", "tval": "727"}, {"n": "250000138933", "tvtn": "990", "tvan": "990", "vag": "0", "tvtl": "17", "tval": "17"}, {"n": "250000129905", "tvtn": "951", "tvan": "951", "vag": "0", "tvtl": "70", "tval": "70"}, {"n": "250000068335", "tvtn": "3005", "tvan": "3005", "vag": "2", "tvtl": "82", "tval": "82"}, {"n": "250000077405", "tvtn": "2922", "tvan": "2922", "vag": "2", "tvtl": "51", "tval": "51"}, {"n": "250000068402", "tvtn": "69", "tvan": "119", "vag": "0", "tvtl": "8", "tval": "8"}, {"n": "250000068281", "tvtn": "196", "tvan": "196", "vag": "0", "tvtl": "4", "tval": "4"}, {"n": "250000068404", "tvtn": "2570", "tvan": "2570", "vag": "1", "tvtl": "65", "tval": "65"}, {"n": "250000068458", "tvtn": "4800", "tvan": "4800", "vag": "3", "tvtl": "451", "tval": "451"}, {"n": "250000058424", "tvtn": "1910", "tvan": "1910", "vag": "1", "tvtl": "318", "tval": "318"}], "part": [{"n": "25", "tvtn": "3166", "tvan": "3166", "tvtl": "52", "tval": "52"}, {"n": "15", "tvtn": "3427", "tvan": "3427", "tvtl": "727", "tval": "727"}, {"n": "28", "tvtn": "990", "tvan": "990", "tvtl": "17", "tval": "17"}, {"n": "12", "tvtn": "951", "tvan": "951", "tvtl": "70", "tval": "70"}, {"n": "11", "tvtn": "3005", "tvan": "3005", "tvtl": "82", "tval": "82"}, {"n": "55", "tvtn": "2922", "tvan": "2922", "tvtl": "51", "tval": "51"}, {"n": "17", "tvtn": "69", "tvan": "119", "tvtl": "8", "tval": "8"}, {"n": "43", "tvtn": "196", "tvan": "196", "tvtl": "4", "tval": "4"}, {"n": "14", "tvtn": "2570", "tvan": "2570", "tvtl": "65", "tval": "65"}, {"n": "45", "tvtn": "4800", "tvan": "4800", "tvtl": "451", "tval": "451"}, {"n": "13", "tvtn": "1910", "tvan": "1910", "tvtl": "318", "tval": "318"}], "cand": [{"seq": "39", "n": "25101", "vap": "164", "pvap": "   0,63", "e": "N", "st": "Suplente"}, {"seq": "115", "n": "25145", "vap": "21", "pvap": "   0,08", "e": "N", "st": "Suplente"}, {"seq": "120", "n": "25105", "vap": "14", "pvap": "   0,05", "e": "N", "st": "Suplente"}, {"seq": "56", "n": "25141", "vap": "115", "pvap": "   0,44", "e": "N", "st": "Suplente"}, {"seq": "125", "n": "25638", "vap": "4", "pvap": "   0,02", "e": "N", "st": "Suplente"}, {"seq": "89", "n": "25321", "vap": "56", "pvap": "   0,22", "e": "N", "st": "Suplente"}, {"seq": "38", "n": "25118", "vap": "164", "pvap": "   0,63", "e": "N", "st": "Suplente"}, {"seq": "30", "n": "25222", "vap": "199", "pvap": "   0,77", "e": "N", "st": "Suplente"}, {"seq": "107", "n": "25999", "vap": "30", "pvap": "   0,12", "e": "N", "st": "Suplente"}, {"seq": "35", "n": "25333", "vap": "175", "pvap": "   0,68", "e": "N", "st": "Suplente"}, {"seq": "68", "n": "25250", "vap": "88", "pvap": "   0,34", "e": "N", "st": "Suplente"}, {"seq": "96", "n": "25555", "vap": "43", "pvap": "   0,17", "e": "N", "st": "Suplente"}, {"seq": "8", "n": "25000", "vap": "571", "pvap": "   2,20", "e": "S", "st": "Eleito"}, {"seq": "111", "n": "25025", "vap": "25", "pvap": "   0,10", "e": "N", "st": "Suplente"}, {"seq": "18", "n": "25123", "vap": "337", "pvap": "   1,30", "e": "N", "st": "Suplente"}, {"seq": "121", "n": "25100", "vap": "12", "pvap": "   0,05", "e": "N", "st": "Suplente"}, {"seq": "7", "n": "25007", "vap": "618", "pvap": "   2,39", "e": "S", "st": "Eleito"}, {"seq": "73", "n": "25120", "vap": "76", "pvap": "   0,29", "e": "N", "st": "Suplente"}, {"seq": "19", "n": "25255", "vap": "318", "pvap": "   1,23", "e": "N", "st": "Suplente"}, {"seq": "49", "n": "25741", "vap": "136", "pvap": "   0,53", "e": "N", "st": "Suplente"}, {"seq": "92", "n": "15067", "vap": "51", "pvap": "   0,20", "e": "N", "st": "Suplente"}, {"seq": "88", "n": "15126", "vap": "56", "pvap": "   0,22", "e": "N", "st": "Suplente"}, {"seq": "31", "n": "15000", "vap": "196", "pvap": "   0,76", "e": "N", "st": "Suplente"}, {"seq": "61", "n": "15150", "vap": "105", "pvap": "   0,41", "e": "N", "st": "Suplente"}, {"seq": "48", "n": "15777", "vap": "138", "pvap": "   0,53", "e": "N", "st": "Suplente"}, {"seq": "69", "n": "15789", "vap": "81", "pvap": "   0,31", "e": "N", "st": "Suplente"}, {"seq": "105", "n": "15526", "vap": "33", "pvap": "   0,13", "e": "N", "st": "Suplente"}, {"seq": "28", "n": "15321", "vap": "244", "pvap": "   0,94", "e": "N", "st": "Suplente"}, {"seq": "47", "n": "15077", "vap": "141", "pvap": "   0,54", "e": "N", "st": "Suplente"}, {"seq": "27", "n": "15199", "vap": "245", "pvap": "   0,95", "e": "N", "st": "Suplente"}, {"seq": "29", "n": "15015", "vap": "224", "pvap": "   0,86", "e": "N", "st": "Suplente"}, {"seq": "25", "n": "15222", "vap": "253", "pvap": "   0,98", "e": "N", "st": "Suplente"}, {"seq": "90", "n": "15333", "vap": "54", "pvap": "   0,21", "e": "N", "st": "Suplente"}, {"seq": "93", "n": "15025", "vap": "51", "pvap": "   0,20", "e": "N", "st": "Suplente"}, {"seq": "12", "n": "15123", "vap": "373", "pvap": "   1,44", "e": "S", "st": "Eleito"}, {"seq": "15", "n": "15234", "vap": "366", "pvap": "   1,41", "e": "N", "st": "Suplente"}, {"seq": "84", "n": "15151", "vap": "63", "pvap": "   0,24", "e": "N", "st": "Suplente"}, {"seq": "11", "n": "15999", "vap": "475", "pvap": "   1,83", "e": "S", "st": "Eleito"}, {"seq": "23", "n": "15555", "vap": "278", "pvap": "   1,07", "e": "N", "st": "Suplente"}, {"seq": "134", "n": "28888", "vap": "199", "pvap": "   0,77", "e": "N", "st": "N\u00e3o eleito"}, {"seq": "152", "n": "28070", "vap": "32", "pvap": "   0,12", "e": "N", "st": "N\u00e3o eleito"}, {"seq": "145", "n": "28987", "vap": "58", "pvap": "   0,22", "e": "N", "st": "N\u00e3o eleito"}, {"seq": "146", "n": "28190", "vap": "55", "pvap": "   0,21", "e": "N", "st": "N\u00e3o eleito"}, {"seq": "154", "n": "28123", "vap": "29", "pvap": "   0,11", "e": "N", "st": "N\u00e3o eleito"}, {"seq": "149", "n": "28073", "vap": "50", "pvap": "   0,19", "e": "N", "st": "N\u00e3o eleito"}, {"seq": "144", "n": "28150", "vap": "61", "pvap": "   0,24", "e": "N", "st": "N\u00e3o eleito"}, {"seq": "158", "n": "28171", "vap": "19", "pvap": "   0,07", "e": "N", "st": "N\u00e3o eleito"}, {"seq": "161", "n": "28321", "vap": "12", "pvap": "   0,05", "e": "N", "st": "N\u00e3o eleito"}, {"seq": "151", "n": "28038", "vap": "32", "pvap": "   0,12", "e": "N", "st": "N\u00e3o eleito"}, {"seq": "147", "n": "28088", "vap": "53", "pvap": "   0,20", "e": "N", "st": "N\u00e3o eleito"}, {"seq": "137", "n": "28028", "vap": "127", "pvap": "   0,49", "e": "N", "st": "N\u00e3o eleito"}, {"seq": "153", "n": "28170", "vap": "29", "pvap": "   0,11", "e": "N", "st": "N\u00e3o eleito"}, {"seq": "135", "n": "28000", "vap": "154", "pvap": "   0,59", "e": "N", "st": "N\u00e3o eleito"}, {"seq": "139", "n": "28174", "vap": "80", "pvap": "   0,31", "e": "N", "st": "N\u00e3o eleito"}, {"seq": "140", "n": "12333", "vap": "77", "pvap": "   0,30", "e": "N", "st": "N\u00e3o eleito"}, {"seq": "136", "n": "12888", "vap": "127", "pvap": "   0,49", "e": "N", "st": "N\u00e3o eleito"}, {"seq": "142", "n": "12007", "vap": "66", "pvap": "   0,25", "e": "N", "st": "N\u00e3o eleito"}, {"seq": "132", "n": "12555", "vap": "327", "pvap": "   1,26", "e": "N", "st": "N\u00e3o eleito"}, {"seq": "159", "n": "12122", "vap": "19", "pvap": "   0,07", "e": "N", "st": "N\u00e3o eleito"}, {"seq": "133", "n": "12345", "vap": "244", "pvap": "   0,94", "e": "N", "st": "N\u00e3o eleito"}, {"seq": "162", "n": "12002", "vap": "9", "pvap": "   0,03", "e": "N", "st": "N\u00e3o eleito"}, {"seq": "138", "n": "12222", "vap": "82", "pvap": "   0,32", "e": "N", "st": "N\u00e3o eleito"}, {"seq": "110", "n": "11112", "vap": "27", "pvap": "   0,10", "e": "N", "st": "Suplente"}, {"seq": "130", "n": "11001", "vap": "2", "pvap": "   0,01", "e": "N", "st": "Suplente"}, {"seq": "78", "n": "11400", "vap": "65", "pvap": "   0,25", "e": "N", "st": "Suplente"}, {"seq": "53", "n": "11222", "vap": "119", "pvap": "   0,46", "e": "N", "st": "Suplente"}, {"seq": "42", "n": "11333", "vap": "159", "pvap": "   0,61", "e": "N", "st": "Suplente"}, {"seq": "119", "n": "11456", "vap": "14", "pvap": "   0,05", "e": "N", "st": "Suplente"}, {"seq": "65", "n": "11100", "vap": "95", "pvap": "   0,37", "e": "N", "st": "Suplente"}, {"seq": "26", "n": "11190", "vap": "245", "pvap": "   0,95", "e": "N", "st": "Suplente"}, {"seq": "66", "n": "11666", "vap": "92", "pvap": "   0,36", "e": "N", "st": "Suplente"}, {"seq": "87", "n": "11200", "vap": "57", "pvap": "   0,22", "e": "N", "st": "Suplente"}, {"seq": "127", "n": "11300", "vap": "3", "pvap": "   0,01", "e": "N", "st": "Suplente"}, {"seq": "41", "n": "11555", "vap": "160", "pvap": "   0,62", "e": "N", "st": "Suplente"}, {"seq": "59", "n": "11123", "vap": "110", "pvap": "   0,42", "e": "N", "st": "Suplente"}, {"seq": "55", "n": "11444", "vap": "117", "pvap": "   0,45", "e": "N", "st": "Suplente"}, {"seq": "129", "n": "11179", "vap": "2", "pvap": "   0,01", "e": "N", "st": "Suplente"}, {"seq": "83", "n": "11011", "vap": "63", "pvap": "   0,24", "e": "N", "st": "Suplente"}, {"seq": "82", "n": "11777", "vap": "64", "pvap": "   0,25", "e": "N", "st": "Suplente"}, {"seq": "9", "n": "11111", "vap": "555", "pvap": "   2,14", "e": "S", "st": "Eleito"}, {"seq": "2", "n": "11000", "vap": "1041", "pvap": "   4,02", "e": "S", "st": "Eleito"}, {"seq": "118", "n": "11234", "vap": "15", "pvap": "   0,06", "e": "N", "st": "Suplente"}, {"seq": "74", "n": "55111", "vap": "71", "pvap": "   0,27", "e": "N", "st": "Suplente"}, {"seq": "64", "n": "55777", "vap": "96", "pvap": "   0,37", "e": "N", "st": "Suplente"}, {"seq": "86", "n": "55378", "vap": "57", "pvap": "   0,22", "e": "N", "st": "Suplente"}, {"seq": "126", "n": "55007", "vap": "3", "pvap": "   0,01", "e": "N", "st": "Suplente"}, {"seq": "52", "n": "55666", "vap": "127", "pvap": "   0,49", "e": "N", "st": "Suplente"}, {"seq": "131", "n": "55999", "vap": "0", "pvap": "00.00", "e": "N", "st": "Suplente"}, {"seq": "37", "n": "55550", "vap": "167", "pvap": "   0,64", "e": "N", "st": "Suplente"}, {"seq": "10", "n": "55000", "vap": "495", "pvap": "   1,91", "e": "S", "st": "Eleito"}, {"seq": "1", "n": "55555", "vap": "1243", "pvap": "   4,80", "e": "S", "st": "Eleito"}, {"seq": "46", "n": "55333", "vap": "143", "pvap": "   0,55", "e": "N", "st": "Suplente"}, {"seq": "24", "n": "55677", "vap": "261", "pvap": "   1,01", "e": "N", "st": "Suplente"}, {"seq": "108", "n": "55015", "vap": "29", "pvap": "   0,11", "e": "N", "st": "Suplente"}, {"seq": "102", "n": "55222", "vap": "35", "pvap": "   0,14", "e": "N", "st": "Suplente"}, {"seq": "76", "n": "55123", "vap": "68", "pvap": "   0,26", "e": "N", "st": "Suplente"}, {"seq": "77", "n": "55600", "vap": "68", "pvap": "   0,26", "e": "N", "st": "Suplente"}, {"seq": "85", "n": "55700", "vap": "59", "pvap": "   0,23", "e": "N", "st": "Suplente"}, {"seq": "150", "n": "17000", "vap": "43", "pvap": "   0,17", "e": "N", "st": "N\u00e3o eleito"}, {"seq": "148", "n": "17017", "vap": "50", "pvap": "   0,19", "e": "N", "st": "N\u00e3o eleito"}, {"seq": "155", "n": "17007", "vap": "26", "pvap": "   0,10", "e": "N", "st": "N\u00e3o eleito"}, {"seq": "156", "n": "43012", "vap": "25", "pvap": "   0,10", "e": "N", "st": "N\u00e3o eleito"}, {"seq": "143", "n": "43000", "vap": "62", "pvap": "   0,24", "e": "N", "st": "N\u00e3o eleito"}, {"seq": "141", "n": "43123", "vap": "70", "pvap": "   0,27", "e": "N", "st": "N\u00e3o eleito"}, {"seq": "160", "n": "43434", "vap": "16", "pvap": "   0,06", "e": "N", "st": "N\u00e3o eleito"}, {"seq": "163", "n": "43528", "vap": "1", "pvap": "   0,00", "e": "N", "st": "N\u00e3o eleito"}, {"seq": "157", "n": "43333", "vap": "22", "pvap": "   0,08", "e": "N", "st": "N\u00e3o eleito"}, {"seq": "122", "n": "14441", "vap": "11", "pvap": "   0,04", "e": "N", "st": "Suplente"}, {"seq": "109", "n": "14140", "vap": "28", "pvap": "   0,11", "e": "N", "st": "Suplente"}, {"seq": "60", "n": "14555", "vap": "108", "pvap": "   0,42", "e": "N", "st": "Suplente"}, {"seq": "112", "n": "14200", "vap": "23", "pvap": "   0,09", "e": "N", "st": "Suplente"}, {"seq": "104", "n": "14007", "vap": "34", "pvap": "   0,13", "e": "N", "st": "Suplente"}, {"seq": "34", "n": "14445", "vap": "175", "pvap": "   0,68", "e": "N", "st": "Suplente"}, {"seq": "44", "n": "14777", "vap": "151", "pvap": "   0,58", "e": "N", "st": "Suplente"}, {"seq": "100", "n": "14222", "vap": "41", "pvap": "   0,16", "e": "N", "st": "Suplente"}, {"seq": "99", "n": "14062", "vap": "41", "pvap": "   0,16", "e": "N", "st": "Suplente"}, {"seq": "71", "n": "14977", "vap": "78", "pvap": "   0,30", "e": "N", "st": "Suplente"}, {"seq": "3", "n": "14000", "vap": "980", "pvap": "   3,78", "e": "S", "st": "Eleito"}, {"seq": "67", "n": "14100", "vap": "91", "pvap": "   0,35", "e": "N", "st": "Suplente"}, {"seq": "128", "n": "14614", "vap": "2", "pvap": "   0,01", "e": "N", "st": "Suplente"}, {"seq": "97", "n": "14150", "vap": "42", "pvap": "   0,16", "e": "N", "st": "Suplente"}, {"seq": "33", "n": "14300", "vap": "176", "pvap": "   0,68", "e": "N", "st": "Suplente"}, {"seq": "58", "n": "14444", "vap": "111", "pvap": "   0,43", "e": "N", "st": "Suplente"}, {"seq": "72", "n": "14220", "vap": "78", "pvap": "   0,30", "e": "N", "st": "Suplente"}, {"seq": "22", "n": "14333", "vap": "289", "pvap": "   1,12", "e": "N", "st": "Suplente"}, {"seq": "106", "n": "14123", "vap": "32", "pvap": "   0,12", "e": "N", "st": "Suplente"}, {"seq": "70", "n": "14600", "vap": "79", "pvap": "   0,31", "e": "N", "st": "Suplente"}, {"seq": "116", "n": "45222", "vap": "18", "pvap": "   0,07", "e": "N", "st": "Suplente"}, {"seq": "63", "n": "45000", "vap": "97", "pvap": "   0,37", "e": "N", "st": "Suplente"}, {"seq": "14", "n": "45111", "vap": "461", "pvap": "   1,78", "e": "N", "st": "Suplente"}, {"seq": "113", "n": "45400", "vap": "22", "pvap": "   0,08", "e": "N", "st": "Suplente"}, {"seq": "6", "n": "45450", "vap": "718", "pvap": "   2,77", "e": "S", "st": "Eleito"}, {"seq": "5", "n": "45777", "vap": "864", "pvap": "   3,34", "e": "S", "st": "Eleito"}, {"seq": "20", "n": "45333", "vap": "317", "pvap": "   1,22", "e": "N", "st": "Suplente"}, {"seq": "16", "n": "45123", "vap": "365", "pvap": "   1,41", "e": "N", "st": "Suplente"}, {"seq": "98", "n": "45888", "vap": "41", "pvap": "   0,16", "e": "N", "st": "Suplente"}, {"seq": "36", "n": "45001", "vap": "174", "pvap": "   0,67", "e": "N", "st": "Suplente"}, {"seq": "94", "n": "45444", "vap": "47", "pvap": "   0,18", "e": "N", "st": "Suplente"}, {"seq": "21", "n": "45678", "vap": "308", "pvap": "   1,19", "e": "N", "st": "Suplente"}, {"seq": "117", "n": "45224", "vap": "16", "pvap": "   0,06", "e": "N", "st": "Suplente"}, {"seq": "4", "n": "45555", "vap": "867", "pvap": "   3,35", "e": "S", "st": "Eleito"}, {"seq": "17", "n": "45114", "vap": "356", "pvap": "   1,37", "e": "N", "st": "Suplente"}, {"seq": "51", "n": "45999", "vap": "129", "pvap": "   0,50", "e": "N", "st": "Suplente"}, {"seq": "43", "n": "13013", "vap": "156", "pvap": "   0,60", "e": "N", "st": "Suplente"}, {"seq": "124", "n": "13456", "vap": "5", "pvap": "   0,02", "e": "N", "st": "Suplente"}, {"seq": "13", "n": "13300", "vap": "322", "pvap": "   1,24", "e": "S", "st": "Eleito"}, {"seq": "75", "n": "13200", "vap": "69", "pvap": "   0,27", "e": "N", "st": "Suplente"}, {"seq": "95", "n": "13202", "vap": "45", "pvap": "   0,17", "e": "N", "st": "Suplente"}, {"seq": "101", "n": "13220", "vap": "38", "pvap": "   0,15", "e": "N", "st": "Suplente"}, {"seq": "79", "n": "13000", "vap": "65", "pvap": "   0,25", "e": "N", "st": "Suplente"}, {"seq": "45", "n": "13465", "vap": "147", "pvap": "   0,57", "e": "N", "st": "Suplente"}, {"seq": "91", "n": "13125", "vap": "52", "pvap": "   0,20", "e": "N", "st": "Suplente"}, {"seq": "54", "n": "13457", "vap": "117", "pvap": "   0,45", "e": "N", "st": "Suplente"}, {"seq": "114", "n": "13024", "vap": "22", "pvap": "   0,08", "e": "N", "st": "Suplente"}, {"seq": "81", "n": "13442", "vap": "64", "pvap": "   0,25", "e": "N", "st": "Suplente"}, {"seq": "80", "n": "13022", "vap": "65", "pvap": "   0,25", "e": "N", "st": "Suplente"}, {"seq": "40", "n": "13131", "vap": "163", "pvap": "   0,63", "e": "N", "st": "Suplente"}, {"seq": "62", "n": "13231", "vap": "98", "pvap": "   0,38", "e": "N", "st": "Suplente"}, {"seq": "50", "n": "13100", "vap": "132", "pvap": "   0,51", "e": "N", "st": "Suplente"}, {"seq": "123", "n": "13015", "vap": "11", "pvap": "   0,04", "e": "N", "st": "Suplente"}, {"seq": "103", "n": "13135", "vap": "34", "pvap": "   0,13", "e": "N", "st": "Suplente"}, {"seq": "57", "n": "13789", "vap": "111", "pvap": "   0,43", "e": "N", "st": "Suplente"}, {"seq": "32", "n": "13123", "vap": "194", "pvap": "   0,75", "e": "N", "st": "Suplente"}]}, {"dt": "15/11/2020", "ht": "23:46:58", "tf": "S", "and": "F", "tpabr": "ZONA", "cdabr": "89", "s": "108", "st": "108", "snt": "0", "si": "108", "sni": "0", "sa": "108", "sna": "0", "pst": " 100,00", "psnt": "   0,00", "psi": " 100,00", "psni": "   0,00", "psa": " 100,00", "psna": "   0,00", "e": "42730", "ea": "42730", "ena": "0", "esi": "42730", "esni": "0", "a": "13700", "c": "29030", "pea": " 100,00", "pena": "   0,00", "pesi": " 100,00", "pesni": "   0,00", "pa": "  32,06", "pc": "  67,94", "vnom": "24006", "vscv": "0", "vl": "1845", "tv": "29030", "vvc": "25901", "vb": "1953", "tvn": "1176", "vn": "1176", "vnt": "0", "vp": "0", "vv": "25851", "van": "0", "vansj": "50", "pvnom": "  92,86", "pvl": "   7,14", "pvvc": "  89,22", "pvb": "   6,73", "ptvn": "   4,05", "pvn": " 100,00", "pvnt": "   0,00", "pvp": "   0,00", "pvv": "  99,81", "pvan": "   0,00", "pvansj": "   0,19", "cand": [{"seq": "141", "n": "43123", "vap": "70", "pvap": "   0,27", "e": "N", "st": "N\u00e3o eleito"}, {"seq": "143", "n": "43000", "vap": "62", "pvap": "   0,24", "e": "N", "st": "N\u00e3o eleito"}, {"seq": "156", "n": "43012", "vap": "25", "pvap": "   0,10", "e": "N", "st": "N\u00e3o eleito"}, {"seq": "157", "n": "43333", "vap": "22", "pvap": "   0,08", "e": "N", "st": "N\u00e3o eleito"}, {"seq": "160", "n": "43434", "vap": "16", "pvap": "   0,06", "e": "N", "st": "N\u00e3o eleito"}, {"seq": "163", "n": "43528", "vap": "1", "pvap": "   0,00", "e": "N", "st": "N\u00e3o eleito"}, {"seq": "11", "n": "15999", "vap": "475", "pvap": "   1,83", "e": "S", "st": "Eleito"}, {"seq": "12", "n": "15123", "vap": "373", "pvap": "   1,44", "e": "S", "st": "Eleito"}, {"seq": "15", "n": "15234", "vap": "366", "pvap": "   1,41", "e": "N", "st": "Suplente"}, {"seq": "23", "n": "15555", "vap": "278", "pvap": "   1,07", "e": "N", "st": "Suplente"}, {"seq": "25", "n": "15222", "vap": "253", "pvap": "   0,98", "e": "N", "st": "Suplente"}, {"seq": "27", "n": "15199", "vap": "245", "pvap": "   0,95", "e": "N", "st": "Suplente"}, {"seq": "28", "n": "15321", "vap": "244", "pvap": "   0,94", "e": "N", "st": "Suplente"}, {"seq": "29", "n": "15015", "vap": "224", "pvap": "   0,86", "e": "N", "st": "Suplente"}, {"seq": "31", "n": "15000", "vap": "196", "pvap": "   0,76", "e": "N", "st": "Suplente"}, {"seq": "47", "n": "15077", "vap": "141", "pvap": "   0,54", "e": "N", "st": "Suplente"}, {"seq": "48", "n": "15777", "vap": "138", "pvap": "   0,53", "e": "N", "st": "Suplente"}, {"seq": "61", "n": "15150", "vap": "105", "pvap": "   0,41", "e": "N", "st": "Suplente"}, {"seq": "69", "n": "15789", "vap": "81", "pvap": "   0,31", "e": "N", "st": "Suplente"}, {"seq": "84", "n": "15151", "vap": "63", "pvap": "   0,24", "e": "N", "st": "Suplente"}, {"seq": "88", "n": "15126", "vap": "56", "pvap": "   0,22", "e": "N", "st": "Suplente"}, {"seq": "90", "n": "15333", "vap": "54", "pvap": "   0,21", "e": "N", "st": "Suplente"}, {"seq": "92", "n": "15067", "vap": "51", "pvap": "   0,20", "e": "N", "st": "Suplente"}, {"seq": "93", "n": "15025", "vap": "51", "pvap": "   0,20", "e": "N", "st": "Suplente"}, {"seq": "105", "n": "15526", "vap": "33", "pvap": "   0,13", "e": "N", "st": "Suplente"}, {"seq": "132", "n": "12555", "vap": "327", "pvap": "   1,26", "e": "N", "st": "N\u00e3o eleito"}, {"seq": "133", "n": "12345", "vap": "244", "pvap": "   0,94", "e": "N", "st": "N\u00e3o eleito"}, {"seq": "136", "n": "12888", "vap": "127", "pvap": "   0,49", "e": "N", "st": "N\u00e3o eleito"}, {"seq": "138", "n": "12222", "vap": "82", "pvap": "   0,32", "e": "N", "st": "N\u00e3o eleito"}, {"seq": "140", "n": "12333", "vap": "77", "pvap": "   0,30", "e": "N", "st": "N\u00e3o eleito"}, {"seq": "142", "n": "12007", "vap": "66", "pvap": "   0,25", "e": "N", "st": "N\u00e3o eleito"}, {"seq": "159", "n": "12122", "vap": "19", "pvap": "   0,07", "e": "N", "st": "N\u00e3o eleito"}, {"seq": "162", "n": "12002", "vap": "9", "pvap": "   0,03", "e": "N", "st": "N\u00e3o eleito"}, {"seq": "13", "n": "13300", "vap": "322", "pvap": "   1,24", "e": "S", "st": "Eleito"}, {"seq": "32", "n": "13123", "vap": "194", "pvap": "   0,75", "e": "N", "st": "Suplente"}, {"seq": "40", "n": "13131", "vap": "163", "pvap": "   0,63", "e": "N", "st": "Suplente"}, {"seq": "43", "n": "13013", "vap": "156", "pvap": "   0,60", "e": "N", "st": "Suplente"}, {"seq": "45", "n": "13465", "vap": "147", "pvap": "   0,57", "e": "N", "st": "Suplente"}, {"seq": "50", "n": "13100", "vap": "132", "pvap": "   0,51", "e": "N", "st": "Suplente"}, {"seq": "54", "n": "13457", "vap": "117", "pvap": "   0,45", "e": "N", "st": "Suplente"}, {"seq": "57", "n": "13789", "vap": "111", "pvap": "   0,43", "e": "N", "st": "Suplente"}, {"seq": "62", "n": "13231", "vap": "98", "pvap": "   0,38", "e": "N", "st": "Suplente"}, {"seq": "75", "n": "13200", "vap": "69", "pvap": "   0,27", "e": "N", "st": "Suplente"}, {"seq": "79", "n": "13000", "vap": "65", "pvap": "   0,25", "e": "N", "st": "Suplente"}, {"seq": "80", "n": "13022", "vap": "65", "pvap": "   0,25", "e": "N", "st": "Suplente"}, {"seq": "81", "n": "13442", "vap": "64", "pvap": "   0,25", "e": "N", "st": "Suplente"}, {"seq": "91", "n": "13125", "vap": "52", "pvap": "   0,20", "e": "N", "st": "Suplente"}, {"seq": "95", "n": "13202", "vap": "45", "pvap": "   0,17", "e": "N", "st": "Suplente"}, {"seq": "101", "n": "13220", "vap": "38", "pvap": "   0,15", "e": "N", "st": "Suplente"}, {"seq": "103", "n": "13135", "vap": "34", "pvap": "   0,13", "e": "N", "st": "Suplente"}, {"seq": "114", "n": "13024", "vap": "22", "pvap": "   0,08", "e": "N", "st": "Suplente"}, {"seq": "123", "n": "13015", "vap": "11", "pvap": "   0,04", "e": "N", "st": "Suplente"}, {"seq": "124", "n": "13456", "vap": "5", "pvap": "   0,02", "e": "N", "st": "Suplente"}, {"seq": "4", "n": "45555", "vap": "867", "pvap": "   3,35", "e": "S", "st": "Eleito"}, {"seq": "5", "n": "45777", "vap": "864", "pvap": "   3,34", "e": "S", "st": "Eleito"}, {"seq": "6", "n": "45450", "vap": "718", "pvap": "   2,77", "e": "S", "st": "Eleito"}, {"seq": "14", "n": "45111", "vap": "461", "pvap": "   1,78", "e": "N", "st": "Suplente"}, {"seq": "16", "n": "45123", "vap": "365", "pvap": "   1,41", "e": "N", "st": "Suplente"}, {"seq": "17", "n": "45114", "vap": "356", "pvap": "   1,37", "e": "N", "st": "Suplente"}, {"seq": "20", "n": "45333", "vap": "317", "pvap": "   1,22", "e": "N", "st": "Suplente"}, {"seq": "21", "n": "45678", "vap": "308", "pvap": "   1,19", "e": "N", "st": "Suplente"}, {"seq": "36", "n": "45001", "vap": "174", "pvap": "   0,67", "e": "N", "st": "Suplente"}, {"seq": "51", "n": "45999", "vap": "129", "pvap": "   0,50", "e": "N", "st": "Suplente"}, {"seq": "63", "n": "45000", "vap": "97", "pvap": "   0,37", "e": "N", "st": "Suplente"}, {"seq": "94", "n": "45444", "vap": "47", "pvap": "   0,18", "e": "N", "st": "Suplente"}, {"seq": "98", "n": "45888", "vap": "41", "pvap": "   0,16", "e": "N", "st": "Suplente"}, {"seq": "113", "n": "45400", "vap": "22", "pvap": "   0,08", "e": "N", "st": "Suplente"}, {"seq": "116", "n": "45222", "vap": "18", "pvap": "   0,07", "e": "N", "st": "Suplente"}, {"seq": "117", "n": "45224", "vap": "16", "pvap": "   0,06", "e": "N", "st": "Suplente"}, {"seq": "7", "n": "25007", "vap": "618", "pvap": "   2,39", "e": "S", "st": "Eleito"}, {"seq": "8", "n": "25000", "vap": "571", "pvap": "   2,20", "e": "S", "st": "Eleito"}, {"seq": "18", "n": "25123", "vap": "337", "pvap": "   1,30", "e": "N", "st": "Suplente"}, {"seq": "19", "n": "25255", "vap": "318", "pvap": "   1,23", "e": "N", "st": "Suplente"}, {"seq": "30", "n": "25222", "vap": "199", "pvap": "   0,77", "e": "N", "st": "Suplente"}, {"seq": "35", "n": "25333", "vap": "175", "pvap": "   0,68", "e": "N", "st": "Suplente"}, {"seq": "38", "n": "25118", "vap": "164", "pvap": "   0,63", "e": "N", "st": "Suplente"}, {"seq": "39", "n": "25101", "vap": "164", "pvap": "   0,63", "e": "N", "st": "Suplente"}, {"seq": "49", "n": "25741", "vap": "136", "pvap": "   0,53", "e": "N", "st": "Suplente"}, {"seq": "56", "n": "25141", "vap": "115", "pvap": "   0,44", "e": "N", "st": "Suplente"}, {"seq": "68", "n": "25250", "vap": "88", "pvap": "   0,34", "e": "N", "st": "Suplente"}, {"seq": "73", "n": "25120", "vap": "76", "pvap": "   0,29", "e": "N", "st": "Suplente"}, {"seq": "89", "n": "25321", "vap": "56", "pvap": "   0,22", "e": "N", "st": "Suplente"}, {"seq": "96", "n": "25555", "vap": "43", "pvap": "   0,17", "e": "N", "st": "Suplente"}, {"seq": "107", "n": "25999", "vap": "30", "pvap": "   0,12", "e": "N", "st": "Suplente"}, {"seq": "111", "n": "25025", "vap": "25", "pvap": "   0,10", "e": "N", "st": "Suplente"}, {"seq": "115", "n": "25145", "vap": "21", "pvap": "   0,08", "e": "N", "st": "Suplente"}, {"seq": "120", "n": "25105", "vap": "14", "pvap": "   0,05", "e": "N", "st": "Suplente"}, {"seq": "121", "n": "25100", "vap": "12", "pvap": "   0,05", "e": "N", "st": "Suplente"}, {"seq": "125", "n": "25638", "vap": "4", "pvap": "   0,02", "e": "N", "st": "Suplente"}, {"seq": "1", "n": "55555", "vap": "1243", "pvap": "   4,80", "e": "S", "st": "Eleito"}, {"seq": "10", "n": "55000", "vap": "495", "pvap": "   1,91", "e": "S", "st": "Eleito"}, {"seq": "24", "n": "55677", "vap": "261", "pvap": "   1,01", "e": "N", "st": "Suplente"}, {"seq": "37", "n": "55550", "vap": "167", "pvap": "   0,64", "e": "N", "st": "Suplente"}, {"seq": "46", "n": "55333", "vap": "143", "pvap": "   0,55", "e": "N", "st": "Suplente"}, {"seq": "52", "n": "55666", "vap": "127", "pvap": "   0,49", "e": "N", "st": "Suplente"}, {"seq": "64", "n": "55777", "vap": "96", "pvap": "   0,37", "e": "N", "st": "Suplente"}, {"seq": "74", "n": "55111", "vap": "71", "pvap": "   0,27", "e": "N", "st": "Suplente"}, {"seq": "76", "n": "55123", "vap": "68", "pvap": "   0,26", "e": "N", "st": "Suplente"}, {"seq": "77", "n": "55600", "vap": "68", "pvap": "   0,26", "e": "N", "st": "Suplente"}, {"seq": "85", "n": "55700", "vap": "59", "pvap": "   0,23", "e": "N", "st": "Suplente"}, {"seq": "86", "n": "55378", "vap": "57", "pvap": "   0,22", "e": "N", "st": "Suplente"}, {"seq": "102", "n": "55222", "vap": "35", "pvap": "   0,14", "e": "N", "st": "Suplente"}, {"seq": "108", "n": "55015", "vap": "29", "pvap": "   0,11", "e": "N", "st": "Suplente"}, {"seq": "126", "n": "55007", "vap": "3", "pvap": "   0,01", "e": "N", "st": "Suplente"}, {"seq": "131", "n": "55999", "vap": "0", "pvap": "00.00", "e": "N", "st": "Suplente"}, {"seq": "2", "n": "11000", "vap": "1041", "pvap": "   4,02", "e": "S", "st": "Eleito"}, {"seq": "9", "n": "11111", "vap": "555", "pvap": "   2,14", "e": "S", "st": "Eleito"}, {"seq": "26", "n": "11190", "vap": "245", "pvap": "   0,95", "e": "N", "st": "Suplente"}, {"seq": "41", "n": "11555", "vap": "160", "pvap": "   0,62", "e": "N", "st": "Suplente"}, {"seq": "42", "n": "11333", "vap": "159", "pvap": "   0,61", "e": "N", "st": "Suplente"}, {"seq": "53", "n": "11222", "vap": "119", "pvap": "   0,46", "e": "N", "st": "Suplente"}, {"seq": "55", "n": "11444", "vap": "117", "pvap": "   0,45", "e": "N", "st": "Suplente"}, {"seq": "59", "n": "11123", "vap": "110", "pvap": "   0,42", "e": "N", "st": "Suplente"}, {"seq": "65", "n": "11100", "vap": "95", "pvap": "   0,37", "e": "N", "st": "Suplente"}, {"seq": "66", "n": "11666", "vap": "92", "pvap": "   0,36", "e": "N", "st": "Suplente"}, {"seq": "78", "n": "11400", "vap": "65", "pvap": "   0,25", "e": "N", "st": "Suplente"}, {"seq": "82", "n": "11777", "vap": "64", "pvap": "   0,25", "e": "N", "st": "Suplente"}, {"seq": "83", "n": "11011", "vap": "63", "pvap": "   0,24", "e": "N", "st": "Suplente"}, {"seq": "87", "n": "11200", "vap": "57", "pvap": "   0,22", "e": "N", "st": "Suplente"}, {"seq": "110", "n": "11112", "vap": "27", "pvap": "   0,10", "e": "N", "st": "Suplente"}, {"seq": "118", "n": "11234", "vap": "15", "pvap": "   0,06", "e": "N", "st": "Suplente"}, {"seq": "119", "n": "11456", "vap": "14", "pvap": "   0,05", "e": "N", "st": "Suplente"}, {"seq": "127", "n": "11300", "vap": "3", "pvap": "   0,01", "e": "N", "st": "Suplente"}, {"seq": "129", "n": "11179", "vap": "2", "pvap": "   0,01", "e": "N", "st": "Suplente"}, {"seq": "130", "n": "11001", "vap": "2", "pvap": "   0,01", "e": "N", "st": "Suplente"}, {"seq": "3", "n": "14000", "vap": "980", "pvap": "   3,78", "e": "S", "st": "Eleito"}, {"seq": "22", "n": "14333", "vap": "289", "pvap": "   1,12", "e": "N", "st": "Suplente"}, {"seq": "33", "n": "14300", "vap": "176", "pvap": "   0,68", "e": "N", "st": "Suplente"}, {"seq": "34", "n": "14445", "vap": "175", "pvap": "   0,68", "e": "N", "st": "Suplente"}, {"seq": "44", "n": "14777", "vap": "151", "pvap": "   0,58", "e": "N", "st": "Suplente"}, {"seq": "58", "n": "14444", "vap": "111", "pvap": "   0,43", "e": "N", "st": "Suplente"}, {"seq": "60", "n": "14555", "vap": "108", "pvap": "   0,42", "e": "N", "st": "Suplente"}, {"seq": "67", "n": "14100", "vap": "91", "pvap": "   0,35", "e": "N", "st": "Suplente"}, {"seq": "70", "n": "14600", "vap": "79", "pvap": "   0,31", "e": "N", "st": "Suplente"}, {"seq": "71", "n": "14977", "vap": "78", "pvap": "   0,30", "e": "N", "st": "Suplente"}, {"seq": "72", "n": "14220", "vap": "78", "pvap": "   0,30", "e": "N", "st": "Suplente"}, {"seq": "97", "n": "14150", "vap": "42", "pvap": "   0,16", "e": "N", "st": "Suplente"}, {"seq": "99", "n": "14062", "vap": "41", "pvap": "   0,16", "e": "N", "st": "Suplente"}, {"seq": "100", "n": "14222", "vap": "41", "pvap": "   0,16", "e": "N", "st": "Suplente"}, {"seq": "104", "n": "14007", "vap": "34", "pvap": "   0,13", "e": "N", "st": "Suplente"}, {"seq": "106", "n": "14123", "vap": "32", "pvap": "   0,12", "e": "N", "st": "Suplente"}, {"seq": "109", "n": "14140", "vap": "28", "pvap": "   0,11", "e": "N", "st": "Suplente"}, {"seq": "112", "n": "14200", "vap": "23", "pvap": "   0,09", "e": "N", "st": "Suplente"}, {"seq": "122", "n": "14441", "vap": "11", "pvap": "   0,04", "e": "N", "st": "Suplente"}, {"seq": "128", "n": "14614", "vap": "2", "pvap": "   0,01", "e": "N", "st": "Suplente"}, {"seq": "148", "n": "17017", "vap": "50", "pvap": "   0,19", "e": "N", "st": "N\u00e3o eleito"}, {"seq": "150", "n": "17000", "vap": "43", "pvap": "   0,17", "e": "N", "st": "N\u00e3o eleito"}, {"seq": "155", "n": "17007", "vap": "26", "pvap": "   0,10", "e": "N", "st": "N\u00e3o eleito"}, {"seq": "134", "n": "28888", "vap": "199", "pvap": "   0,77", "e": "N", "st": "N\u00e3o eleito"}, {"seq": "135", "n": "28000", "vap": "154", "pvap": "   0,59", "e": "N", "st": "N\u00e3o eleito"}, {"seq": "137", "n": "28028", "vap": "127", "pvap": "   0,49", "e": "N", "st": "N\u00e3o eleito"}, {"seq": "139", "n": "28174", "vap": "80", "pvap": "   0,31", "e": "N", "st": "N\u00e3o eleito"}, {"seq": "144", "n": "28150", "vap": "61", "pvap": "   0,24", "e": "N", "st": "N\u00e3o eleito"}, {"seq": "145", "n": "28987", "vap": "58", "pvap": "   0,22", "e": "N", "st": "N\u00e3o eleito"}, {"seq": "146", "n": "28190", "vap": "55", "pvap": "   0,21", "e": "N", "st": "N\u00e3o eleito"}, {"seq": "147", "n": "28088", "vap": "53", "pvap": "   0,20", "e": "N", "st": "N\u00e3o eleito"}, {"seq": "149", "n": "28073", "vap": "50", "pvap": "   0,19", "e": "N", "st": "N\u00e3o eleito"}, {"seq": "151", "n": "28038", "vap": "32", "pvap": "   0,12", "e": "N", "st": "N\u00e3o eleito"}, {"seq": "152", "n": "28070", "vap": "32", "pvap": "   0,12", "e": "N", "st": "N\u00e3o eleito"}, {"seq": "153", "n": "28170", "vap": "29", "pvap": "   0,11", "e": "N", "st": "N\u00e3o eleito"}, {"seq": "154", "n": "28123", "vap": "29", "pvap": "   0,11", "e": "N", "st": "N\u00e3o eleito"}, {"seq": "158", "n": "28171", "vap": "19", "pvap": "   0,07", "e": "N", "st": "N\u00e3o eleito"}, {"seq": "161", "n": "28321", "vap": "12", "pvap": "   0,05", "e": "N", "st": "N\u00e3o eleito"}]}]}