{"ele": "426", "carper": "13", "t": "1", "f": "O", "esae": "N", "mnae": " ", "dg": "16/11/2020", "hg": "10:54:48", "dv": "S", "nadf": "sp66613-c0013-e000426-003-f", "abr": [{"dt": "16/11/2020", "ht": "01:28:12", "tf": "S", "and": "F", "tpabr": "MU", "cdabr": "66613", "s": "35", "st": "35", "snt": "0", "si": "35", "sni": "0", "sa": "35", "sna": "0", "pst": " 100,00", "psnt": "   0,00", "psi": " 100,00", "psni": "   0,00", "psa": " 100,00", "psna": "   0,00", "e": "13162", "ea": "13162", "ena": "0", "esi": "13162", "esni": "0", "c": "10641", "a": "2521", "pea": " 100,00", "pena": "   0,00", "pesi": " 100,00", "pesni": "   0,00", "pa": "  19,15", "pc": "  80,85", "vscv": "0", "vnom": "9472", "vl": "397", "tv": "10641", "vvc": "9872", "vb": "393", "tvn": "376", "vn": "376", "vnt": "0", "vp": "0", "vv": "9869", "van": "0", "vansj": "3", "pvnom": "  95,98", "pvl": "   4,02", "pvvc": "  92,77", "pvb": "   3,70", "ptvn": "   3,53", "pvn": " 100,00", "pvnt": "   0,00", "pvp": "   0,00", "pvv": "  99,97", "pvan": "   0,00", "pvansj": "   0,03", "colig": [{"n": "250000124815", "tvtn": "721", "tvan": "721", "vag": "1", "tvtl": "16", "tval": "16"}, {"n": "250000136773", "tvtn": "1127", "tvan": "1127", "vag": "1", "tvtl": "5", "tval": "5"}, {"n": "250000137604", "tvtn": "1128", "tvan": "1128", "vag": "2", "tvtl": "97", "tval": "97"}, {"n": "250000136716", "tvtn": "748", "tvan": "748", "vag": "1", "tvtl": "74", "tval": "74"}, {"n": "250000124989", "tvtn": "312", "tvan": "312", "vag": "0", "tvtl": "3", "tval": "3"}, {"n": "250000137225", "tvtn": "1083", "tvan": "1083", "vag": "1", "tvtl": "17", "tval": "17"}, {"n": "250000096681", "tvtn": "1734", "tvan": "1737", "vag": "2", "tvtl": "67", "tval": "67"}, {"n": "250000117600", "tvtn": "1543", "tvan": "1543", "vag": "2", "tvtl": "23", "tval": "23"}, {"n": "250000136460", "tvtn": "41", "tvan": "41", "vag": "0", "tvtl": "3", "tval": "3"}, {"n": "250000146184", "tvtn": "1035", "tvan": "1035", "vag": "1", "tvtl": "92", "tval": "92"}], "part": [{"n": "15", "tvtn": "721", "tvan": "721", "tvtl": "16", "tval": "16"}, {"n": "23", "tvtn": "1127", "tvan": "1127", "tvtl": "5", "tval": "5"}, {"n": "22", "tvtn": "1128", "tvan": "1128", "tvtl": "97", "tval": "97"}, {"n": "55", "tvtn": "748", "tvan": "748", "tvtl": "74", "tval": "74"}, {"n": "40", "tvtn": "312", "tvan": "312", "tvtl": "3", "tval": "3"}, {"n": "43", "tvtn": "1083", "tvan": "1083", "tvtl": "17", "tval": "17"}, {"n": "14", "tvtn": "1734", "tvan": "1737", "tvtl": "67", "tval": "67"}, {"n": "51", "tvtn": "1543", "tvan": "1543", "tvtl": "23", "tval": "23"}, {"n": "10", "tvtn": "41", "tvan": "41", "tvtl": "3", "tval": "3"}, {"n": "19", "tvtn": "1035", "tvan": "1035", "tvtl": "92", "tval": "92"}], "cand": [{"seq": "11", "n": "15002", "vap": "140", "pvap": "   1,42", "e": "S", "st": "Eleito"}, {"seq": "91", "n": "15300", "vap": "23", "pvap": "   0,23", "e": "N", "st": "Suplente"}, {"seq": "23", "n": "15001", "vap": "126", "pvap": "   1,28", "e": "N", "st": "Suplente"}, {"seq": "99", "n": "15550", "vap": "20", "pvap": "   0,20", "e": "N", "st": "Suplente"}, {"seq": "114", "n": "15015", "vap": "10", "pvap": "   0,10", "e": "N", "st": "Suplente"}, {"seq": "49", "n": "15555", "vap": "57", "pvap": "   0,58", "e": "N", "st": "Suplente"}, {"seq": "88", "n": "15100", "vap": "23", "pvap": "   0,23", "e": "N", "st": "Suplente"}, {"seq": "48", "n": "15621", "vap": "60", "pvap": "   0,61", "e": "N", "st": "Suplente"}, {"seq": "70", "n": "15600", "vap": "31", "pvap": "   0,31", "e": "N", "st": "Suplente"}, {"seq": "57", "n": "15400", "vap": "49", "pvap": "   0,50", "e": "N", "st": "Suplente"}, {"seq": "123", "n": "15191", "vap": "1", "pvap": "   0,01", "e": "N", "st": "Suplente"}, {"seq": "93", "n": "15123", "vap": "21", "pvap": "   0,21", "e": "N", "st": "Suplente"}, {"seq": "97", "n": "15111", "vap": "20", "pvap": "   0,20", "e": "N", "st": "Suplente"}, {"seq": "45", "n": "15200", "vap": "62", "pvap": "   0,63", "e": "N", "st": "Suplente"}, {"seq": "33", "n": "15000", "vap": "78", "pvap": "   0,79", "e": "N", "st": "Suplente"}, {"seq": "101", "n": "23100", "vap": "19", "pvap": "   0,19", "e": "N", "st": "Suplente"}, {"seq": "28", "n": "23222", "vap": "98", "pvap": "   0,99", "e": "N", "st": "Suplente"}, {"seq": "108", "n": "23777", "vap": "13", "pvap": "   0,13", "e": "N", "st": "Suplente"}, {"seq": "32", "n": "23456", "vap": "79", "pvap": "   0,80", "e": "N", "st": "Suplente"}, {"seq": "38", "n": "23111", "vap": "72", "pvap": "   0,73", "e": "N", "st": "Suplente"}, {"seq": "5", "n": "23000", "vap": "283", "pvap": "   2,87", "e": "S", "st": "Eleito"}, {"seq": "85", "n": "23033", "vap": "24", "pvap": "   0,24", "e": "N", "st": "Suplente"}, {"seq": "89", "n": "23023", "vap": "23", "pvap": "   0,23", "e": "N", "st": "Suplente"}, {"seq": "64", "n": "23007", "vap": "35", "pvap": "   0,35", "e": "N", "st": "Suplente"}, {"seq": "84", "n": "23215", "vap": "24", "pvap": "   0,24", "e": "N", "st": "Suplente"}, {"seq": "24", "n": "23555", "vap": "111", "pvap": "   1,12", "e": "N", "st": "Suplente"}, {"seq": "87", "n": "23190", "vap": "23", "pvap": "   0,23", "e": "N", "st": "Suplente"}, {"seq": "14", "n": "23123", "vap": "228", "pvap": "   2,31", "e": "N", "st": "Suplente"}, {"seq": "47", "n": "23789", "vap": "60", "pvap": "   0,61", "e": "N", "st": "Suplente"}, {"seq": "68", "n": "23221", "vap": "31", "pvap": "   0,31", "e": "N", "st": "Suplente"}, {"seq": "120", "n": "23055", "vap": "4", "pvap": "   0,04", "e": "N", "st": "Suplente"}, {"seq": "106", "n": "22115", "vap": "16", "pvap": "   0,16", "e": "N", "st": "Suplente"}, {"seq": "10", "n": "22777", "vap": "208", "pvap": "   2,11", "e": "S", "st": "Eleito"}, {"seq": "29", "n": "22124", "vap": "97", "pvap": "   0,98", "e": "N", "st": "Suplente"}, {"seq": "105", "n": "22333", "vap": "17", "pvap": "   0,17", "e": "N", "st": "Suplente"}, {"seq": "63", "n": "22456", "vap": "37", "pvap": "   0,37", "e": "N", "st": "Suplente"}, {"seq": "96", "n": "22999", "vap": "20", "pvap": "   0,20", "e": "N", "st": "Suplente"}, {"seq": "21", "n": "22123", "vap": "147", "pvap": "   1,49", "e": "N", "st": "Suplente"}, {"seq": "80", "n": "22007", "vap": "27", "pvap": "   0,27", "e": "N", "st": "Suplente"}, {"seq": "51", "n": "22111", "vap": "56", "pvap": "   0,57", "e": "N", "st": "Suplente"}, {"seq": "95", "n": "22140", "vap": "21", "pvap": "   0,21", "e": "N", "st": "Suplente"}, {"seq": "79", "n": "22789", "vap": "27", "pvap": "   0,27", "e": "N", "st": "Suplente"}, {"seq": "17", "n": "22444", "vap": "167", "pvap": "   1,69", "e": "N", "st": "Suplente"}, {"seq": "8", "n": "22222", "vap": "233", "pvap": "   2,36", "e": "S", "st": "Eleito"}, {"seq": "72", "n": "22345", "vap": "30", "pvap": "   0,30", "e": "N", "st": "Suplente"}, {"seq": "82", "n": "22555", "vap": "25", "pvap": "   0,25", "e": "N", "st": "Suplente"}, {"seq": "7", "n": "55555", "vap": "245", "pvap": "   2,48", "e": "S", "st": "Eleito"}, {"seq": "117", "n": "55123", "vap": "8", "pvap": "   0,08", "e": "N", "st": "Suplente"}, {"seq": "74", "n": "55444", "vap": "30", "pvap": "   0,30", "e": "N", "st": "Suplente"}, {"seq": "18", "n": "55055", "vap": "154", "pvap": "   1,56", "e": "N", "st": "Suplente"}, {"seq": "113", "n": "55968", "vap": "10", "pvap": "   0,10", "e": "N", "st": "Suplente"}, {"seq": "110", "n": "55125", "vap": "12", "pvap": "   0,12", "e": "N", "st": "Suplente"}, {"seq": "109", "n": "55505", "vap": "13", "pvap": "   0,13", "e": "N", "st": "Suplente"}, {"seq": "102", "n": "55335", "vap": "19", "pvap": "   0,19", "e": "N", "st": "Suplente"}, {"seq": "58", "n": "55541", "vap": "47", "pvap": "   0,48", "e": "N", "st": "Suplente"}, {"seq": "78", "n": "55000", "vap": "28", "pvap": "   0,28", "e": "N", "st": "Suplente"}, {"seq": "61", "n": "55015", "vap": "41", "pvap": "   0,42", "e": "N", "st": "Suplente"}, {"seq": "77", "n": "55135", "vap": "29", "pvap": "   0,29", "e": "N", "st": "Suplente"}, {"seq": "116", "n": "55222", "vap": "8", "pvap": "   0,08", "e": "N", "st": "Suplente"}, {"seq": "75", "n": "55111", "vap": "30", "pvap": "   0,30", "e": "N", "st": "Suplente"}, {"seq": "112", "n": "55678", "vap": "11", "pvap": "   0,11", "e": "N", "st": "Suplente"}, {"seq": "44", "n": "55777", "vap": "63", "pvap": "   0,64", "e": "N", "st": "Suplente"}, {"seq": "131", "n": "40300", "vap": "16", "pvap": "   0,16", "e": "N", "st": "N\u00e3o eleito"}, {"seq": "135", "n": "40001", "vap": "11", "pvap": "   0,11", "e": "N", "st": "N\u00e3o eleito"}, {"seq": "140", "n": "40600", "vap": "6", "pvap": "   0,06", "e": "N", "st": "N\u00e3o eleito"}, {"seq": "125", "n": "40200", "vap": "85", "pvap": "   0,86", "e": "N", "st": "N\u00e3o eleito"}, {"seq": "134", "n": "40000", "vap": "13", "pvap": "   0,13", "e": "N", "st": "N\u00e3o eleito"}, {"seq": "126", "n": "40123", "vap": "71", "pvap": "   0,72", "e": "N", "st": "N\u00e3o eleito"}, {"seq": "128", "n": "40444", "vap": "20", "pvap": "   0,20", "e": "N", "st": "N\u00e3o eleito"}, {"seq": "139", "n": "40500", "vap": "6", "pvap": "   0,06", "e": "N", "st": "N\u00e3o eleito"}, {"seq": "130", "n": "40150", "vap": "18", "pvap": "   0,18", "e": "N", "st": "N\u00e3o eleito"}, {"seq": "143", "n": "40018", "vap": "1", "pvap": "   0,01", "e": "N", "st": "N\u00e3o eleito"}, {"seq": "138", "n": "40033", "vap": "7", "pvap": "   0,07", "e": "N", "st": "N\u00e3o eleito"}, {"seq": "136", "n": "40229", "vap": "10", "pvap": "   0,10", "e": "N", "st": "N\u00e3o eleito"}, {"seq": "132", "n": "40599", "vap": "14", "pvap": "   0,14", "e": "N", "st": "N\u00e3o eleito"}, {"seq": "127", "n": "40700", "vap": "29", "pvap": "   0,29", "e": "N", "st": "N\u00e3o eleito"}, {"seq": "141", "n": "40113", "vap": "5", "pvap": "   0,05", "e": "N", "st": "N\u00e3o eleito"}, {"seq": "124", "n": "43355", "vap": "0", "pvap": "00.00", "e": "N", "st": "Suplente"}, {"seq": "107", "n": "43123", "vap": "15", "pvap": "   0,15", "e": "N", "st": "Suplente"}, {"seq": "65", "n": "43555", "vap": "33", "pvap": "   0,33", "e": "N", "st": "Suplente"}, {"seq": "103", "n": "43300", "vap": "19", "pvap": "   0,19", "e": "N", "st": "Suplente"}, {"seq": "59", "n": "43111", "vap": "46", "pvap": "   0,47", "e": "N", "st": "Suplente"}, {"seq": "115", "n": "43333", "vap": "8", "pvap": "   0,08", "e": "N", "st": "Suplente"}, {"seq": "41", "n": "43343", "vap": "70", "pvap": "   0,71", "e": "N", "st": "Suplente"}, {"seq": "6", "n": "43777", "vap": "265", "pvap": "   2,68", "e": "S", "st": "Eleito"}, {"seq": "83", "n": "43222", "vap": "24", "pvap": "   0,24", "e": "N", "st": "Suplente"}, {"seq": "71", "n": "43243", "vap": "30", "pvap": "   0,30", "e": "N", "st": "Suplente"}, {"seq": "55", "n": "43100", "vap": "52", "pvap": "   0,53", "e": "N", "st": "Suplente"}, {"seq": "15", "n": "43456", "vap": "211", "pvap": "   2,14", "e": "N", "st": "Suplente"}, {"seq": "66", "n": "43023", "vap": "32", "pvap": "   0,32", "e": "N", "st": "Suplente"}, {"seq": "81", "n": "43043", "vap": "26", "pvap": "   0,26", "e": "N", "st": "Suplente"}, {"seq": "121", "n": "43999", "vap": "3", "pvap": "   0,03", "e": "N", "st": "Suplente"}, {"seq": "56", "n": "43143", "vap": "50", "pvap": "   0,51", "e": "N", "st": "Suplente"}, {"seq": "16", "n": "43369", "vap": "199", "pvap": "   2,02", "e": "N", "st": "Suplente"}, {"seq": "122", "n": "14567", "vap": "2", "pvap": "   0,02", "e": "N", "st": "Suplente"}, {"seq": "4", "n": "14234", "vap": "317", "pvap": "   3,21", "e": "S", "st": "Eleito"}, {"seq": "62", "n": "14304", "vap": "40", "pvap": "   0,41", "e": "N", "st": "Suplente"}, {"seq": "46", "n": "14000", "vap": "61", "pvap": "   0,62", "e": "N", "st": "Suplente"}, {"seq": "73", "n": "14122", "vap": "30", "pvap": "   0,30", "e": "N", "st": "Suplente"}, {"seq": "1", "n": "14111", "vap": "390", "pvap": "   3,95", "e": "S", "st": "Eleito"}, {"seq": "12", "n": "14123", "vap": "307", "pvap": "   3,11", "e": "N", "st": "Suplente"}, {"seq": "34", "n": "14777", "vap": "78", "pvap": "   0,79", "e": "N", "st": "Suplente"}, {"seq": "50", "n": "14140", "vap": "57", "pvap": "   0,58", "e": "N", "st": "Suplente"}, {"seq": "69", "n": "14014", "vap": "31", "pvap": "   0,31", "e": "N", "st": "Suplente"}, {"seq": "35", "n": "14444", "vap": "76", "pvap": "   0,77", "e": "N", "st": "Suplente"}, {"seq": "13", "n": "14677", "vap": "246", "pvap": "   2,49", "e": "N", "st": "Suplente"}, {"seq": "142", "n": "14914", "vap": "3", "pvap": "   0,03", "e": "N", "st": "N\u00e3o eleito"}, {"seq": "76", "n": "14222", "vap": "29", "pvap": "   0,29", "e": "N", "st": "Suplente"}, {"seq": "53", "n": "14614", "vap": "53", "pvap": "   0,54", "e": "N", "st": "Suplente"}, {"seq": "104", "n": "14214", "vap": "17", "pvap": "   0,17", "e": "N", "st": "Suplente"}, {"seq": "43", "n": "51456", "vap": "63", "pvap": "   0,64", "e": "N", "st": "Suplente"}, {"seq": "3", "n": "51789", "vap": "326", "pvap": "   3,30", "e": "S", "st": "Eleito"}, {"seq": "22", "n": "51611", "vap": "127", "pvap": "   1,29", "e": "N", "st": "Suplente"}, {"seq": "31", "n": "51813", "vap": "95", "pvap": "   0,96", "e": "N", "st": "Suplente"}, {"seq": "37", "n": "51051", "vap": "73", "pvap": "   0,74", "e": "N", "st": "Suplente"}, {"seq": "94", "n": "51123", "vap": "21", "pvap": "   0,21", "e": "N", "st": "Suplente"}, {"seq": "86", "n": "51234", "vap": "23", "pvap": "   0,23", "e": "N", "st": "Suplente"}, {"seq": "2", "n": "51000", "vap": "359", "pvap": "   3,64", "e": "S", "st": "Eleito"}, {"seq": "119", "n": "51888", "vap": "4", "pvap": "   0,04", "e": "N", "st": "Suplente"}, {"seq": "98", "n": "51777", "vap": "20", "pvap": "   0,20", "e": "N", "st": "Suplente"}, {"seq": "90", "n": "51111", "vap": "23", "pvap": "   0,23", "e": "N", "st": "Suplente"}, {"seq": "100", "n": "51222", "vap": "20", "pvap": "   0,20", "e": "N", "st": "Suplente"}, {"seq": "54", "n": "51167", "vap": "52", "pvap": "   0,53", "e": "N", "st": "Suplente"}, {"seq": "27", "n": "51555", "vap": "99", "pvap": "   1,00", "e": "N", "st": "Suplente"}, {"seq": "20", "n": "51333", "vap": "147", "pvap": "   1,49", "e": "N", "st": "Suplente"}, {"seq": "92", "n": "51001", "vap": "22", "pvap": "   0,22", "e": "N", "st": "Suplente"}, {"seq": "42", "n": "51321", "vap": "69", "pvap": "   0,70", "e": "N", "st": "Suplente"}, {"seq": "137", "n": "10110", "vap": "8", "pvap": "   0,08", "e": "N", "st": "N\u00e3o eleito"}, {"seq": "133", "n": "10123", "vap": "13", "pvap": "   0,13", "e": "N", "st": "N\u00e3o eleito"}, {"seq": "129", "n": "10777", "vap": "20", "pvap": "   0,20", "e": "N", "st": "N\u00e3o eleito"}, {"seq": "36", "n": "19350", "vap": "75", "pvap": "   0,76", "e": "N", "st": "Suplente"}, {"seq": "40", "n": "19500", "vap": "72", "pvap": "   0,73", "e": "N", "st": "Suplente"}, {"seq": "25", "n": "19550", "vap": "109", "pvap": "   1,10", "e": "N", "st": "Suplente"}, {"seq": "60", "n": "19777", "vap": "44", "pvap": "   0,45", "e": "N", "st": "Suplente"}, {"seq": "67", "n": "19000", "vap": "32", "pvap": "   0,32", "e": "N", "st": "Suplente"}, {"seq": "9", "n": "19123", "vap": "214", "pvap": "   2,17", "e": "S", "st": "Eleito"}, {"seq": "19", "n": "19900", "vap": "149", "pvap": "   1,51", "e": "N", "st": "Suplente"}, {"seq": "118", "n": "19700", "vap": "6", "pvap": "   0,06", "e": "N", "st": "Suplente"}, {"seq": "52", "n": "19250", "vap": "55", "pvap": "   0,56", "e": "N", "st": "Suplente"}, {"seq": "26", "n": "19222", "vap": "100", "pvap": "   1,01", "e": "N", "st": "Suplente"}, {"seq": "30", "n": "19013", "vap": "96", "pvap": "   0,97", "e": "N", "st": "Suplente"}, {"seq": "111", "n": "19403", "vap": "11", "pvap": "   0,11", "e": "N", "st": "Suplente"}, {"seq": "39", "n": "19100", "vap": "72", "pvap": "   0,73", "e": "N", "st": "Suplente"}]}, {"dt": "16/11/2020", "ht": "01:28:12", "tf": "S", "and": "F", "tpabr": "ZONA", "cdabr": "86", "s": "35", "st": "35", "snt": "0", "si": "35", "sni": "0", "sa": "35", "sna": "0", "pst": " 100,00", "psnt": "   0,00", "psi": " 100,00", "psni": "   0,00", "psa": " 100,00", "psna": "   0,00", "e": "13162", "ea": "13162", "ena": "0", "esi": "13162", "esni": "0", "a": "2521", "c": "10641", "pea": " 100,00", "pena": "   0,00", "pesi": " 100,00", "pesni": "   0,00", "pa": "  19,15", "pc": "  80,85", "vnom": "9472", "vscv": "0", "vl": "397", "tv": "10641", "vvc": "9872", "vb": "393", "tvn": "376", "vn": "376", "vnt": "0", "vp": "0", "vv": "9869", "van": "0", "vansj": "3", "pvnom": "  95,98", "pvl": "   4,02", "pvvc": "  92,77", "pvb": "   3,70", "ptvn": "   3,53", "pvn": " 100,00", "pvnt": "   0,00", "pvp": "   0,00", "pvv": "  99,97", "pvan": "   0,00", "pvansj": "   0,03", "cand": [{"seq": "89", "n": "23023", "vap": "23", "pvap": "   0,23", "e": "N", "st": "Suplente"}, {"seq": "38", "n": "23111", "vap": "72", "pvap": "   0,73", "e": "N", "st": "Suplente"}, {"seq": "64", "n": "23007", "vap": "35", "pvap": "   0,35", "e": "N", "st": "Suplente"}, {"seq": "87", "n": "23190", "vap": "23", "pvap": "   0,23", "e": "N", "st": "Suplente"}, {"seq": "14", "n": "23123", "vap": "228", "pvap": "   2,31", "e": "N", "st": "Suplente"}, {"seq": "32", "n": "23456", "vap": "79", "pvap": "   0,80", "e": "N", "st": "Suplente"}, {"seq": "85", "n": "23033", "vap": "24", "pvap": "   0,24", "e": "N", "st": "Suplente"}, {"seq": "28", "n": "23222", "vap": "98", "pvap": "   0,99", "e": "N", "st": "Suplente"}, {"seq": "68", "n": "23221", "vap": "31", "pvap": "   0,31", "e": "N", "st": "Suplente"}, {"seq": "24", "n": "23555", "vap": "111", "pvap": "   1,12", "e": "N", "st": "Suplente"}, {"seq": "47", "n": "23789", "vap": "60", "pvap": "   0,61", "e": "N", "st": "Suplente"}, {"seq": "101", "n": "23100", "vap": "19", "pvap": "   0,19", "e": "N", "st": "Suplente"}, {"seq": "84", "n": "23215", "vap": "24", "pvap": "   0,24", "e": "N", "st": "Suplente"}, {"seq": "120", "n": "23055", "vap": "4", "pvap": "   0,04", "e": "N", "st": "Suplente"}, {"seq": "108", "n": "23777", "vap": "13", "pvap": "   0,13", "e": "N", "st": "Suplente"}, {"seq": "5", "n": "23000", "vap": "283", "pvap": "   2,87", "e": "S", "st": "Eleito"}, {"seq": "129", "n": "10777", "vap": "20", "pvap": "   0,20", "e": "N", "st": "N\u00e3o eleito"}, {"seq": "133", "n": "10123", "vap": "13", "pvap": "   0,13", "e": "N", "st": "N\u00e3o eleito"}, {"seq": "137", "n": "10110", "vap": "8", "pvap": "   0,08", "e": "N", "st": "N\u00e3o eleito"}, {"seq": "51", "n": "22111", "vap": "56", "pvap": "   0,57", "e": "N", "st": "Suplente"}, {"seq": "106", "n": "22115", "vap": "16", "pvap": "   0,16", "e": "N", "st": "Suplente"}, {"seq": "95", "n": "22140", "vap": "21", "pvap": "   0,21", "e": "N", "st": "Suplente"}, {"seq": "96", "n": "22999", "vap": "20", "pvap": "   0,20", "e": "N", "st": "Suplente"}, {"seq": "72", "n": "22345", "vap": "30", "pvap": "   0,30", "e": "N", "st": "Suplente"}, {"seq": "63", "n": "22456", "vap": "37", "pvap": "   0,37", "e": "N", "st": "Suplente"}, {"seq": "8", "n": "22222", "vap": "233", "pvap": "   2,36", "e": "S", "st": "Eleito"}, {"seq": "21", "n": "22123", "vap": "147", "pvap": "   1,49", "e": "N", "st": "Suplente"}, {"seq": "29", "n": "22124", "vap": "97", "pvap": "   0,98", "e": "N", "st": "Suplente"}, {"seq": "17", "n": "22444", "vap": "167", "pvap": "   1,69", "e": "N", "st": "Suplente"}, {"seq": "10", "n": "22777", "vap": "208", "pvap": "   2,11", "e": "S", "st": "Eleito"}, {"seq": "105", "n": "22333", "vap": "17", "pvap": "   0,17", "e": "N", "st": "Suplente"}, {"seq": "82", "n": "22555", "vap": "25", "pvap": "   0,25", "e": "N", "st": "Suplente"}, {"seq": "80", "n": "22007", "vap": "27", "pvap": "   0,27", "e": "N", "st": "Suplente"}, {"seq": "79", "n": "22789", "vap": "27", "pvap": "   0,27", "e": "N", "st": "Suplente"}, {"seq": "23", "n": "15001", "vap": "126", "pvap": "   1,28", "e": "N", "st": "Suplente"}, {"seq": "99", "n": "15550", "vap": "20", "pvap": "   0,20", "e": "N", "st": "Suplente"}, {"seq": "11", "n": "15002", "vap": "140", "pvap": "   1,42", "e": "S", "st": "Eleito"}, {"seq": "93", "n": "15123", "vap": "21", "pvap": "   0,21", "e": "N", "st": "Suplente"}, {"seq": "45", "n": "15200", "vap": "62", "pvap": "   0,63", "e": "N", "st": "Suplente"}, {"seq": "57", "n": "15400", "vap": "49", "pvap": "   0,50", "e": "N", "st": "Suplente"}, {"seq": "70", "n": "15600", "vap": "31", "pvap": "   0,31", "e": "N", "st": "Suplente"}, {"seq": "97", "n": "15111", "vap": "20", "pvap": "   0,20", "e": "N", "st": "Suplente"}, {"seq": "49", "n": "15555", "vap": "57", "pvap": "   0,58", "e": "N", "st": "Suplente"}, {"seq": "88", "n": "15100", "vap": "23", "pvap": "   0,23", "e": "N", "st": "Suplente"}, {"seq": "114", "n": "15015", "vap": "10", "pvap": "   0,10", "e": "N", "st": "Suplente"}, {"seq": "33", "n": "15000", "vap": "78", "pvap": "   0,79", "e": "N", "st": "Suplente"}, {"seq": "91", "n": "15300", "vap": "23", "pvap": "   0,23", "e": "N", "st": "Suplente"}, {"seq": "48", "n": "15621", "vap": "60", "pvap": "   0,61", "e": "N", "st": "Suplente"}, {"seq": "123", "n": "15191", "vap": "1", "pvap": "   0,01", "e": "N", "st": "Suplente"}, {"seq": "140", "n": "40600", "vap": "6", "pvap": "   0,06", "e": "N", "st": "N\u00e3o eleito"}, {"seq": "141", "n": "40113", "vap": "5", "pvap": "   0,05", "e": "N", "st": "N\u00e3o eleito"}, {"seq": "130", "n": "40150", "vap": "18", "pvap": "   0,18", "e": "N", "st": "N\u00e3o eleito"}, {"seq": "139", "n": "40500", "vap": "6", "pvap": "   0,06", "e": "N", "st": "N\u00e3o eleito"}, {"seq": "138", "n": "40033", "vap": "7", "pvap": "   0,07", "e": "N", "st": "N\u00e3o eleito"}, {"seq": "135", "n": "40001", "vap": "11", "pvap": "   0,11", "e": "N", "st": "N\u00e3o eleito"}, {"seq": "143", "n": "40018", "vap": "1", "pvap": "   0,01", "e": "N", "st": "N\u00e3o eleito"}, {"seq": "125", "n": "40200", "vap": "85", "pvap": "   0,86", "e": "N", "st": "N\u00e3o eleito"}, {"seq": "126", "n": "40123", "vap": "71", "pvap": "   0,72", "e": "N", "st": "N\u00e3o eleito"}, {"seq": "136", "n": "40229", "vap": "10", "pvap": "   0,10", "e": "N", "st": "N\u00e3o eleito"}, {"seq": "127", "n": "40700", "vap": "29", "pvap": "   0,29", "e": "N", "st": "N\u00e3o eleito"}, {"seq": "132", "n": "40599", "vap": "14", "pvap": "   0,14", "e": "N", "st": "N\u00e3o eleito"}, {"seq": "134", "n": "40000", "vap": "13", "pvap": "   0,13", "e": "N", "st": "N\u00e3o eleito"}, {"seq": "131", "n": "40300", "vap": "16", "pvap": "   0,16", "e": "N", "st": "N\u00e3o eleito"}, {"seq": "128", "n": "40444", "vap": "20", "pvap": "   0,20", "e": "N", "st": "N\u00e3o eleito"}, {"seq": "65", "n": "43555", "vap": "33", "pvap": "   0,33", "e": "N", "st": "Suplente"}, {"seq": "6", "n": "43777", "vap": "265", "pvap": "   2,68", "e": "S", "st": "Eleito"}, {"seq": "41", "n": "43343", "vap": "70", "pvap": "   0,71", "e": "N", "st": "Suplente"}, {"seq": "124", "n": "43355", "vap": "0", "pvap": "00.00", "e": "N", "st": "Suplente"}, {"seq": "15", "n": "43456", "vap": "211", "pvap": "   2,14", "e": "N", "st": "Suplente"}, {"seq": "107", "n": "43123", "vap": "15", "pvap": "   0,15", "e": "N", "st": "Suplente"}, {"seq": "71", "n": "43243", "vap": "30", "pvap": "   0,30", "e": "N", "st": "Suplente"}, {"seq": "115", "n": "43333", "vap": "8", "pvap": "   0,08", "e": "N", "st": "Suplente"}, {"seq": "56", "n": "43143", "vap": "50", "pvap": "   0,51", "e": "N", "st": "Suplente"}, {"seq": "83", "n": "43222", "vap": "24", "pvap": "   0,24", "e": "N", "st": "Suplente"}, {"seq": "66", "n": "43023", "vap": "32", "pvap": "   0,32", "e": "N", "st": "Suplente"}, {"seq": "55", "n": "43100", "vap": "52", "pvap": "   0,53", "e": "N", "st": "Suplente"}, {"seq": "81", "n": "43043", "vap": "26", "pvap": "   0,26", "e": "N", "st": "Suplente"}, {"seq": "121", "n": "43999", "vap": "3", "pvap": "   0,03", "e": "N", "st": "Suplente"}, {"seq": "59", "n": "43111", "vap": "46", "pvap": "   0,47", "e": "N", "st": "Suplente"}, {"seq": "16", "n": "43369", "vap": "199", "pvap": "   2,02", "e": "N", "st": "Suplente"}, {"seq": "103", "n": "43300", "vap": "19", "pvap": "   0,19", "e": "N", "st": "Suplente"}, {"seq": "27", "n": "51555", "vap": "99", "pvap": "   1,00", "e": "N", "st": "Suplente"}, {"seq": "92", "n": "51001", "vap": "22", "pvap": "   0,22", "e": "N", "st": "Suplente"}, {"seq": "43", "n": "51456", "vap": "63", "pvap": "   0,64", "e": "N", "st": "Suplente"}, {"seq": "37", "n": "51051", "vap": "73", "pvap": "   0,74", "e": "N", "st": "Suplente"}, {"seq": "119", "n": "51888", "vap": "4", "pvap": "   0,04", "e": "N", "st": "Suplente"}, {"seq": "31", "n": "51813", "vap": "95", "pvap": "   0,96", "e": "N", "st": "Suplente"}, {"seq": "98", "n": "51777", "vap": "20", "pvap": "   0,20", "e": "N", "st": "Suplente"}, {"seq": "2", "n": "51000", "vap": "359", "pvap": "   3,64", "e": "S", "st": "Eleito"}, {"seq": "86", "n": "51234", "vap": "23", "pvap": "   0,23", "e": "N", "st": "Suplente"}, {"seq": "3", "n": "51789", "vap": "326", "pvap": "   3,30", "e": "S", "st": "Eleito"}, {"seq": "54", "n": "51167", "vap": "52", "pvap": "   0,53", "e": "N", "st": "Suplente"}, {"seq": "94", "n": "51123", "vap": "21", "pvap": "   0,21", "e": "N", "st": "Suplente"}, {"seq": "22", "n": "51611", "vap": "127", "pvap": "   1,29", "e": "N", "st": "Suplente"}, {"seq": "42", "n": "51321", "vap": "69", "pvap": "   0,70", "e": "N", "st": "Suplente"}, {"seq": "100", "n": "51222", "vap": "20", "pvap": "   0,20", "e": "N", "st": "Suplente"}, {"seq": "20", "n": "51333", "vap": "147", "pvap": "   1,49", "e": "N", "st": "Suplente"}, {"seq": "90", "n": "51111", "vap": "23", "pvap": "   0,23", "e": "N", "st": "Suplente"}, {"seq": "67", "n": "19000", "vap": "32", "pvap": "   0,32", "e": "N", "st": "Suplente"}, {"seq": "40", "n": "19500", "vap": "72", "pvap": "   0,73", "e": "N", "st": "Suplente"}, {"seq": "111", "n": "19403", "vap": "11", "pvap": "   0,11", "e": "N", "st": "Suplente"}, {"seq": "60", "n": "19777", "vap": "44", "pvap": "   0,45", "e": "N", "st": "Suplente"}, {"seq": "25", "n": "19550", "vap": "109", "pvap": "   1,10", "e": "N", "st": "Suplente"}, {"seq": "52", "n": "19250", "vap": "55", "pvap": "   0,56", "e": "N", "st": "Suplente"}, {"seq": "30", "n": "19013", "vap": "96", "pvap": "   0,97", "e": "N", "st": "Suplente"}, {"seq": "36", "n": "19350", "vap": "75", "pvap": "   0,76", "e": "N", "st": "Suplente"}, {"seq": "26", "n": "19222", "vap": "100", "pvap": "   1,01", "e": "N", "st": "Suplente"}, {"seq": "118", "n": "19700", "vap": "6", "pvap": "   0,06", "e": "N", "st": "Suplente"}, {"seq": "9", "n": "19123", "vap": "214", "pvap": "   2,17", "e": "S", "st": "Eleito"}, {"seq": "39", "n": "19100", "vap": "72", "pvap": "   0,73", "e": "N", "st": "Suplente"}, {"seq": "19", "n": "19900", "vap": "149", "pvap": "   1,51", "e": "N", "st": "Suplente"}, {"seq": "77", "n": "55135", "vap": "29", "pvap": "   0,29", "e": "N", "st": "Suplente"}, {"seq": "78", "n": "55000", "vap": "28", "pvap": "   0,28", "e": "N", "st": "Suplente"}, {"seq": "117", "n": "55123", "vap": "8", "pvap": "   0,08", "e": "N", "st": "Suplente"}, {"seq": "75", "n": "55111", "vap": "30", "pvap": "   0,30", "e": "N", "st": "Suplente"}, {"seq": "61", "n": "55015", "vap": "41", "pvap": "   0,42", "e": "N", "st": "Suplente"}, {"seq": "109", "n": "55505", "vap": "13", "pvap": "   0,13", "e": "N", "st": "Suplente"}, {"seq": "102", "n": "55335", "vap": "19", "pvap": "   0,19", "e": "N", "st": "Suplente"}, {"seq": "110", "n": "55125", "vap": "12", "pvap": "   0,12", "e": "N", "st": "Suplente"}, {"seq": "112", "n": "55678", "vap": "11", "pvap": "   0,11", "e": "N", "st": "Suplente"}, {"seq": "7", "n": "55555", "vap": "245", "pvap": "   2,48", "e": "S", "st": "Eleito"}, {"seq": "116", "n": "55222", "vap": "8", "pvap": "   0,08", "e": "N", "st": "Suplente"}, {"seq": "74", "n": "55444", "vap": "30", "pvap": "   0,30", "e": "N", "st": "Suplente"}, {"seq": "113", "n": "55968", "vap": "10", "pvap": "   0,10", "e": "N", "st": "Suplente"}, {"seq": "18", "n": "55055", "vap": "154", "pvap": "   1,56", "e": "N", "st": "Suplente"}, {"seq": "44", "n": "55777", "vap": "63", "pvap": "   0,64", "e": "N", "st": "Suplente"}, {"seq": "58", "n": "55541", "vap": "47", "pvap": "   0,48", "e": "N", "st": "Suplente"}, {"seq": "35", "n": "14444", "vap": "76", "pvap": "   0,77", "e": "N", "st": "Suplente"}, {"seq": "4", "n": "14234", "vap": "317", "pvap": "   3,21", "e": "S", "st": "Eleito"}, {"seq": "142", "n": "14914", "vap": "3", "pvap": "   0,03", "e": "N", "st": "N\u00e3o eleito"}, {"seq": "122", "n": "14567", "vap": "2", "pvap": "   0,02", "e": "N", "st": "Suplente"}, {"seq": "76", "n": "14222", "vap": "29", "pvap": "   0,29", "e": "N", "st": "Suplente"}, {"seq": "50", "n": "14140", "vap": "57", "pvap": "   0,58", "e": "N", "st": "Suplente"}, {"seq": "46", "n": "14000", "vap": "61", "pvap": "   0,62", "e": "N", "st": "Suplente"}, {"seq": "53", "n": "14614", "vap": "53", "pvap": "   0,54", "e": "N", "st": "Suplente"}, {"seq": "13", "n": "14677", "vap": "246", "pvap": "   2,49", "e": "N", "st": "Suplente"}, {"seq": "34", "n": "14777", "vap": "78", "pvap": "   0,79", "e": "N", "st": "Suplente"}, {"seq": "62", "n": "14304", "vap": "40", "pvap": "   0,41", "e": "N", "st": "Suplente"}, {"seq": "104", "n": "14214", "vap": "17", "pvap": "   0,17", "e": "N", "st": "Suplente"}, {"seq": "73", "n": "14122", "vap": "30", "pvap": "   0,30", "e": "N", "st": "Suplente"}, {"seq": "69", "n": "14014", "vap": "31", "pvap": "   0,31", "e": "N", "st": "Suplente"}, {"seq": "1", "n": "14111", "vap": "390", "pvap": "   3,95", "e": "S", "st": "Eleito"}, {"seq": "12", "n": "14123", "vap": "307", "pvap": "   3,11", "e": "N", "st": "Suplente"}]}]}