{"ele": "426", "carper": "13", "t": "1", "f": "O", "esae": "N", "mnae": " ", "dg": "15/11/2020", "hg": "22:13:36", "dv": "S", "nadf": "to73059-c0013-e000426-001-f", "abr": [{"dt": "15/11/2020", "ht": "20:39:23", "tf": "S", "and": "F", "tpabr": "MU", "cdabr": "73059", "s": "9", "st": "9", "snt": "0", "si": "9", "sni": "0", "sa": "9", "sna": "0", "pst": " 100,00", "psnt": "   0,00", "psi": " 100,00", "psni": "   0,00", "psa": " 100,00", "psna": "   0,00", "e": "2925", "ea": "2925", "ena": "0", "esi": "2925", "esni": "0", "c": "2657", "a": "268", "pea": " 100,00", "pena": "   0,00", "pesi": " 100,00", "pesni": "   0,00", "pa": "   9,16", "pc": "  90,84", "vscv": "0", "vnom": "2394", "vl": "136", "tv": "2657", "vvc": "2530", "vb": "17", "tvn": "110", "vn": "110", "vnt": "0", "vp": "0", "vv": "2530", "van": "0", "vansj": "0", "pvnom": "  94,62", "pvl": "   5,38", "pvvc": "  95,22", "pvb": "   0,64", "ptvn": "   4,14", "pvn": " 100,00", "pvnt": "   0,00", "pvp": "   0,00", "pvv": " 100,00", "pvan": "   0,00", "pvansj": "   0,00", "colig": [{"n": "270000076590", "tvtn": "1081", "tvan": "1081", "vag": "4", "tvtl": "60", "tval": "60"}, {"n": "270000076220", "tvtn": "263", "tvan": "263", "vag": "1", "tvtl": "10", "tval": "10"}, {"n": "270000108669", "tvtn": "1050", "tvan": "1050", "vag": "4", "tvtl": "66", "tval": "66"}], "part": [{"n": "15", "tvtn": "1081", "tvan": "1081", "tvtl": "60", "tval": "60"}, {"n": "17", "tvtn": "263", "tvan": "263", "tvtl": "10", "tval": "10"}, {"n": "77", "tvtn": "1050", "tvan": "1050", "tvtl": "66", "tval": "66"}], "cand": [{"seq": "5", "n": "15777", "vap": "120", "pvap": "   4,74", "e": "S", "st": "Eleito"}, {"seq": "9", "n": "15555", "vap": "94", "pvap": "   3,72", "e": "S", "st": "Eleito"}, {"seq": "12", "n": "15333", "vap": "87", "pvap": "   3,44", "e": "N", "st": "Suplente"}, {"seq": "27", "n": "15444", "vap": "30", "pvap": "   1,19", "e": "N", "st": "Suplente"}, {"seq": "23", "n": "15222", "vap": "43", "pvap": "   1,70", "e": "N", "st": "Suplente"}, {"seq": "14", "n": "15122", "vap": "77", "pvap": "   3,04", "e": "N", "st": "Suplente"}, {"seq": "7", "n": "15888", "vap": "109", "pvap": "   4,31", "e": "S", "st": "Eleito"}, {"seq": "1", "n": "15111", "vap": "229", "pvap": "   9,05", "e": "S", "st": "Eleito"}, {"seq": "17", "n": "15800", "vap": "72", "pvap": "   2,85", "e": "N", "st": "Suplente"}, {"seq": "20", "n": "15666", "vap": "64", "pvap": "   2,53", "e": "N", "st": "Suplente"}, {"seq": "26", "n": "15123", "vap": "40", "pvap": "   1,58", "e": "N", "st": "Suplente"}, {"seq": "24", "n": "15000", "vap": "42", "pvap": "   1,66", "e": "N", "st": "Suplente"}, {"seq": "16", "n": "15678", "vap": "74", "pvap": "   2,92", "e": "N", "st": "Suplente"}, {"seq": "29", "n": "17123", "vap": "17", "pvap": "   0,67", "e": "N", "st": "Suplente"}, {"seq": "19", "n": "17777", "vap": "67", "pvap": "   2,65", "e": "N", "st": "Suplente"}, {"seq": "21", "n": "17000", "vap": "61", "pvap": "   2,41", "e": "N", "st": "Suplente"}, {"seq": "32", "n": "17980", "vap": "9", "pvap": "   0,36", "e": "N", "st": "Suplente"}, {"seq": "8", "n": "17111", "vap": "96", "pvap": "   3,79", "e": "S", "st": "Eleito"}, {"seq": "30", "n": "17555", "vap": "12", "pvap": "   0,47", "e": "N", "st": "Suplente"}, {"seq": "33", "n": "17222", "vap": "1", "pvap": "   0,04", "e": "N", "st": "Suplente"}, {"seq": "10", "n": "77000", "vap": "105", "pvap": "   4,15", "e": "N", "st": "Suplente"}, {"seq": "18", "n": "77700", "vap": "67", "pvap": "   2,65", "e": "N", "st": "Suplente"}, {"seq": "31", "n": "77333", "vap": "10", "pvap": "   0,40", "e": "N", "st": "Suplente"}, {"seq": "11", "n": "77111", "vap": "93", "pvap": "   3,68", "e": "N", "st": "Suplente"}, {"seq": "25", "n": "77999", "vap": "40", "pvap": "   1,58", "e": "N", "st": "Suplente"}, {"seq": "6", "n": "77456", "vap": "113", "pvap": "   4,47", "e": "S", "st": "Eleito"}, {"seq": "28", "n": "77444", "vap": "26", "pvap": "   1,03", "e": "N", "st": "Suplente"}, {"seq": "2", "n": "77555", "vap": "135", "pvap": "   5,34", "e": "S", "st": "Eleito"}, {"seq": "4", "n": "77123", "vap": "121", "pvap": "   4,78", "e": "S", "st": "Eleito"}, {"seq": "3", "n": "77789", "vap": "129", "pvap": "   5,10", "e": "S", "st": "Eleito"}, {"seq": "15", "n": "77888", "vap": "77", "pvap": "   3,04", "e": "N", "st": "Suplente"}, {"seq": "13", "n": "77622", "vap": "81", "pvap": "   3,20", "e": "N", "st": "Suplente"}, {"seq": "22", "n": "77777", "vap": "53", "pvap": "   2,09", "e": "N", "st": "Suplente"}]}, {"dt": "15/11/2020", "ht": "20:39:23", "tf": "S", "and": "F", "tpabr": "ZONA", "cdabr": "11", "s": "9", "st": "9", "snt": "0", "si": "9", "sni": "0", "sa": "9", "sna": "0", "pst": " 100,00", "psnt": "   0,00", "psi": " 100,00", "psni": "   0,00", "psa": " 100,00", "psna": "   0,00", "e": "2925", "ea": "2925", "ena": "0", "esi": "2925", "esni": "0", "a": "268", "c": "2657", "pea": " 100,00", "pena": "   0,00", "pesi": " 100,00", "pesni": "   0,00", "pa": "   9,16", "pc": "  90,84", "vnom": "2394", "vscv": "0", "vl": "136", "tv": "2657", "vvc": "2530", "vb": "17", "tvn": "110", "vn": "110", "vnt": "0", "vp": "0", "vv": "2530", "van": "0", "vansj": "0", "pvnom": "  94,62", "pvl": "   5,38", "pvvc": "  95,22", "pvb": "   0,64", "ptvn": "   4,14", "pvn": " 100,00", "pvnt": "   0,00", "pvp": "   0,00", "pvv": " 100,00", "pvan": "   0,00", "pvansj": "   0,00", "cand": [{"seq": "1", "n": "15111", "vap": "229", "pvap": "   9,05", "e": "S", "st": "Eleito"}, {"seq": "5", "n": "15777", "vap": "120", "pvap": "   4,74", "e": "S", "st": "Eleito"}, {"seq": "7", "n": "15888", "vap": "109", "pvap": "   4,31", "e": "S", "st": "Eleito"}, {"seq": "9", "n": "15555", "vap": "94", "pvap": "   3,72", "e": "S", "st": "Eleito"}, {"seq": "12", "n": "15333", "vap": "87", "pvap": "   3,44", "e": "N", "st": "Suplente"}, {"seq": "14", "n": "15122", "vap": "77", "pvap": "   3,04", "e": "N", "st": "Suplente"}, {"seq": "16", "n": "15678", "vap": "74", "pvap": "   2,92", "e": "N", "st": "Suplente"}, {"seq": "17", "n": "15800", "vap": "72", "pvap": "   2,85", "e": "N", "st": "Suplente"}, {"seq": "20", "n": "15666", "vap": "64", "pvap": "   2,53", "e": "N", "st": "Suplente"}, {"seq": "23", "n": "15222", "vap": "43", "pvap": "   1,70", "e": "N", "st": "Suplente"}, {"seq": "24", "n": "15000", "vap": "42", "pvap": "   1,66", "e": "N", "st": "Suplente"}, {"seq": "26", "n": "15123", "vap": "40", "pvap": "   1,58", "e": "N", "st": "Suplente"}, {"seq": "27", "n": "15444", "vap": "30", "pvap": "   1,19", "e": "N", "st": "Suplente"}, {"seq": "8", "n": "17111", "vap": "96", "pvap": "   3,79", "e": "S", "st": "Eleito"}, {"seq": "19", "n": "17777", "vap": "67", "pvap": "   2,65", "e": "N", "st": "Suplente"}, {"seq": "21", "n": "17000", "vap": "61", "pvap": "   2,41", "e": "N", "st": "Suplente"}, {"seq": "29", "n": "17123", "vap": "17", "pvap": "   0,67", "e": "N", "st": "Suplente"}, {"seq": "30", "n": "17555", "vap": "12", "pvap": "   0,47", "e": "N", "st": "Suplente"}, {"seq": "32", "n": "17980", "vap": "9", "pvap": "   0,36", "e": "N", "st": "Suplente"}, {"seq": "33", "n": "17222", "vap": "1", "pvap": "   0,04", "e": "N", "st": "Suplente"}, {"seq": "2", "n": "77555", "vap": "135", "pvap": "   5,34", "e": "S", "st": "Eleito"}, {"seq": "3", "n": "77789", "vap": "129", "pvap": "   5,10", "e": "S", "st": "Eleito"}, {"seq": "4", "n": "77123", "vap": "121", "pvap": "   4,78", "e": "S", "st": "Eleito"}, {"seq": "6", "n": "77456", "vap": "113", "pvap": "   4,47", "e": "S", "st": "Eleito"}, {"seq": "10", "n": "77000", "vap": "105", "pvap": "   4,15", "e": "N", "st": "Suplente"}, {"seq": "11", "n": "77111", "vap": "93", "pvap": "   3,68", "e": "N", "st": "Suplente"}, {"seq": "13", "n": "77622", "vap": "81", "pvap": "   3,20", "e": "N", "st": "Suplente"}, {"seq": "15", "n": "77888", "vap": "77", "pvap": "   3,04", "e": "N", "st": "Suplente"}, {"seq": "18", "n": "77700", "vap": "67", "pvap": "   2,65", "e": "N", "st": "Suplente"}, {"seq": "22", "n": "77777", "vap": "53", "pvap": "   2,09", "e": "N", "st": "Suplente"}, {"seq": "25", "n": "77999", "vap": "40", "pvap": "   1,58", "e": "N", "st": "Suplente"}, {"seq": "28", "n": "77444", "vap": "26", "pvap": "   1,03", "e": "N", "st": "Suplente"}, {"seq": "31", "n": "77333", "vap": "10", "pvap": "   0,40", "e": "N", "st": "Suplente"}]}]}