{"ele": "426", "carper": "13", "t": "1", "f": "O", "esae": "N", "mnae": " ", "dg": "15/11/2020", "hg": "20:17:30", "dv": "S", "nadf": "to73008-c0013-e000426-001-f", "abr": [{"dt": "15/11/2020", "ht": "20:07:41", "tf": "S", "and": "F", "tpabr": "MU", "cdabr": "73008", "s": "8", "st": "8", "snt": "0", "si": "8", "sni": "0", "sa": "8", "sna": "0", "pst": " 100,00", "psnt": "   0,00", "psi": " 100,00", "psni": "   0,00", "psa": " 100,00", "psna": "   0,00", "e": "2239", "ea": "2239", "ena": "0", "esi": "2239", "esni": "0", "c": "1985", "a": "254", "pea": " 100,00", "pena": "   0,00", "pesi": " 100,00", "pesni": "   0,00", "pa": "  11,34", "pc": "  88,66", "vscv": "0", "vnom": "1823", "vl": "108", "tv": "1985", "vvc": "1931", "vb": "11", "tvn": "43", "vn": "43", "vnt": "0", "vp": "0", "vv": "1931", "van": "0", "vansj": "0", "pvnom": "  94,41", "pvl": "   5,59", "pvvc": "  97,28", "pvb": "   0,55", "ptvn": "   2,17", "pvn": " 100,00", "pvnt": "   0,00", "pvp": "   0,00", "pvv": " 100,00", "pvan": "   0,00", "pvansj": "   0,00", "colig": [{"n": "270000071252", "tvtn": "536", "tvan": "536", "vag": "2", "tvtl": "13", "tval": "13"}, {"n": "270000071191", "tvtn": "577", "tvan": "577", "vag": "3", "tvtl": "47", "tval": "47"}, {"n": "270000071180", "tvtn": "710", "tvan": "710", "vag": "4", "tvtl": "48", "tval": "48"}], "part": [{"n": "15", "tvtn": "536", "tvan": "536", "tvtl": "13", "tval": "13"}, {"n": "55", "tvtn": "577", "tvan": "577", "tvtl": "47", "tval": "47"}, {"n": "13", "tvtn": "710", "tvan": "710", "tvtl": "48", "tval": "48"}], "cand": [{"seq": "12", "n": "15123", "vap": "58", "pvap": "   3,00", "e": "N", "st": "Suplente"}, {"seq": "10", "n": "15622", "vap": "100", "pvap": "   5,18", "e": "N", "st": "Suplente"}, {"seq": "2", "n": "15333", "vap": "141", "pvap": "   7,30", "e": "S", "st": "Eleito"}, {"seq": "25", "n": "15222", "vap": "20", "pvap": "   1,04", "e": "N", "st": "Suplente"}, {"seq": "20", "n": "15015", "vap": "33", "pvap": "   1,71", "e": "N", "st": "Suplente"}, {"seq": "16", "n": "15777", "vap": "50", "pvap": "   2,59", "e": "N", "st": "Suplente"}, {"seq": "3", "n": "15555", "vap": "134", "pvap": "   6,94", "e": "S", "st": "Eleito"}, {"seq": "19", "n": "55789", "vap": "36", "pvap": "   1,86", "e": "N", "st": "Suplente"}, {"seq": "17", "n": "55444", "vap": "43", "pvap": "   2,23", "e": "N", "st": "Suplente"}, {"seq": "11", "n": "55888", "vap": "65", "pvap": "   3,37", "e": "N", "st": "Suplente"}, {"seq": "9", "n": "55007", "vap": "86", "pvap": "   4,45", "e": "S", "st": "Eleito"}, {"seq": "13", "n": "55222", "vap": "58", "pvap": "   3,00", "e": "N", "st": "Suplente"}, {"seq": "23", "n": "55777", "vap": "25", "pvap": "   1,29", "e": "N", "st": "Suplente"}, {"seq": "5", "n": "55123", "vap": "108", "pvap": "   5,59", "e": "S", "st": "Eleito"}, {"seq": "8", "n": "55555", "vap": "102", "pvap": "   5,28", "e": "S", "st": "Eleito"}, {"seq": "14", "n": "55111", "vap": "54", "pvap": "   2,80", "e": "N", "st": "Suplente"}, {"seq": "18", "n": "13777", "vap": "42", "pvap": "   2,18", "e": "N", "st": "Suplente"}, {"seq": "26", "n": "13555", "vap": "4", "pvap": "   0,21", "e": "N", "st": "Suplente"}, {"seq": "7", "n": "13222", "vap": "103", "pvap": "   5,33", "e": "S", "st": "Eleito"}, {"seq": "22", "n": "13123", "vap": "27", "pvap": "   1,40", "e": "N", "st": "Suplente"}, {"seq": "24", "n": "13013", "vap": "25", "pvap": "   1,29", "e": "N", "st": "Suplente"}, {"seq": "1", "n": "13456", "vap": "186", "pvap": "   9,63", "e": "S", "st": "Eleito"}, {"seq": "15", "n": "13333", "vap": "52", "pvap": "   2,69", "e": "N", "st": "Suplente"}, {"seq": "21", "n": "13400", "vap": "33", "pvap": "   1,71", "e": "N", "st": "Suplente"}, {"seq": "6", "n": "13700", "vap": "108", "pvap": "   5,59", "e": "S", "st": "Eleito"}, {"seq": "4", "n": "13000", "vap": "130", "pvap": "   6,73", "e": "S", "st": "Eleito"}]}, {"dt": "15/11/2020", "ht": "20:07:41", "tf": "S", "and": "F", "tpabr": "ZONA", "cdabr": "7", "s": "8", "st": "8", "snt": "0", "si": "8", "sni": "0", "sa": "8", "sna": "0", "pst": " 100,00", "psnt": "   0,00", "psi": " 100,00", "psni": "   0,00", "psa": " 100,00", "psna": "   0,00", "e": "2239", "ea": "2239", "ena": "0", "esi": "2239", "esni": "0", "a": "254", "c": "1985", "pea": " 100,00", "pena": "   0,00", "pesi": " 100,00", "pesni": "   0,00", "pa": "  11,34", "pc": "  88,66", "vnom": "1823", "vscv": "0", "vl": "108", "tv": "1985", "vvc": "1931", "vb": "11", "tvn": "43", "vn": "43", "vnt": "0", "vp": "0", "vv": "1931", "van": "0", "vansj": "0", "pvnom": "  94,41", "pvl": "   5,59", "pvvc": "  97,28", "pvb": "   0,55", "ptvn": "   2,17", "pvn": " 100,00", "pvnt": "   0,00", "pvp": "   0,00", "pvv": " 100,00", "pvan": "   0,00", "pvansj": "   0,00", "cand": [{"seq": "1", "n": "13456", "vap": "186", "pvap": "   9,63", "e": "S", "st": "Eleito"}, {"seq": "4", "n": "13000", "vap": "130", "pvap": "   6,73", "e": "S", "st": "Eleito"}, {"seq": "6", "n": "13700", "vap": "108", "pvap": "   5,59", "e": "S", "st": "Eleito"}, {"seq": "7", "n": "13222", "vap": "103", "pvap": "   5,33", "e": "S", "st": "Eleito"}, {"seq": "15", "n": "13333", "vap": "52", "pvap": "   2,69", "e": "N", "st": "Suplente"}, {"seq": "18", "n": "13777", "vap": "42", "pvap": "   2,18", "e": "N", "st": "Suplente"}, {"seq": "21", "n": "13400", "vap": "33", "pvap": "   1,71", "e": "N", "st": "Suplente"}, {"seq": "22", "n": "13123", "vap": "27", "pvap": "   1,40", "e": "N", "st": "Suplente"}, {"seq": "24", "n": "13013", "vap": "25", "pvap": "   1,29", "e": "N", "st": "Suplente"}, {"seq": "26", "n": "13555", "vap": "4", "pvap": "   0,21", "e": "N", "st": "Suplente"}, {"seq": "5", "n": "55123", "vap": "108", "pvap": "   5,59", "e": "S", "st": "Eleito"}, {"seq": "8", "n": "55555", "vap": "102", "pvap": "   5,28", "e": "S", "st": "Eleito"}, {"seq": "9", "n": "55007", "vap": "86", "pvap": "   4,45", "e": "S", "st": "Eleito"}, {"seq": "11", "n": "55888", "vap": "65", "pvap": "   3,37", "e": "N", "st": "Suplente"}, {"seq": "13", "n": "55222", "vap": "58", "pvap": "   3,00", "e": "N", "st": "Suplente"}, {"seq": "14", "n": "55111", "vap": "54", "pvap": "   2,80", "e": "N", "st": "Suplente"}, {"seq": "17", "n": "55444", "vap": "43", "pvap": "   2,23", "e": "N", "st": "Suplente"}, {"seq": "19", "n": "55789", "vap": "36", "pvap": "   1,86", "e": "N", "st": "Suplente"}, {"seq": "23", "n": "55777", "vap": "25", "pvap": "   1,29", "e": "N", "st": "Suplente"}, {"seq": "2", "n": "15333", "vap": "141", "pvap": "   7,30", "e": "S", "st": "Eleito"}, {"seq": "3", "n": "15555", "vap": "134", "pvap": "   6,94", "e": "S", "st": "Eleito"}, {"seq": "10", "n": "15622", "vap": "100", "pvap": "   5,18", "e": "N", "st": "Suplente"}, {"seq": "12", "n": "15123", "vap": "58", "pvap": "   3,00", "e": "N", "st": "Suplente"}, {"seq": "16", "n": "15777", "vap": "50", "pvap": "   2,59", "e": "N", "st": "Suplente"}, {"seq": "20", "n": "15015", "vap": "33", "pvap": "   1,71", "e": "N", "st": "Suplente"}, {"seq": "25", "n": "15222", "vap": "20", "pvap": "   1,04", "e": "N", "st": "Suplente"}]}]}