{"ele": "426", "carper": "13", "t": "1", "f": "O", "esae": "N", "mnae": " ", "dg": "15/11/2020", "hg": "20:17:33", "dv": "S", "nadf": "to92487-c0013-e000426-002-f", "abr": [{"dt": "15/11/2020", "ht": "20:04:07", "tf": "S", "and": "F", "tpabr": "MU", "cdabr": "92487", "s": "15", "st": "15", "snt": "0", "si": "15", "sni": "0", "sa": "15", "sna": "0", "pst": " 100,00", "psnt": "   0,00", "psi": " 100,00", "psni": "   0,00", "psa": " 100,00", "psna": "   0,00", "e": "3956", "ea": "3956", "ena": "0", "esi": "3956", "esni": "0", "c": "3573", "a": "383", "pea": " 100,00", "pena": "   0,00", "pesi": " 100,00", "pesni": "   0,00", "pa": "   9,68", "pc": "  90,32", "vscv": "0", "vnom": "3315", "vl": "107", "tv": "3573", "vvc": "3422", "vb": "17", "tvn": "134", "vn": "134", "vnt": "0", "vp": "0", "vv": "3422", "van": "0", "vansj": "0", "pvnom": "  96,87", "pvl": "   3,13", "pvvc": "  95,77", "pvb": "   0,48", "ptvn": "   3,75", "pvn": " 100,00", "pvnt": "   0,00", "pvp": "   0,00", "pvv": " 100,00", "pvan": "   0,00", "pvansj": "   0,00", "colig": [{"n": "270000139628", "tvtn": "190", "tvan": "190", "vag": "0", "tvtl": "3", "tval": "3"}, {"n": "270000059427", "tvtn": "474", "tvan": "474", "vag": "1", "tvtl": "3", "tval": "3"}, {"n": "270000094966", "tvtn": "451", "tvan": "451", "vag": "1", "tvtl": "11", "tval": "11"}, {"n": "270000139676", "tvtn": "755", "tvan": "755", "vag": "3", "tvtl": "13", "tval": "13"}, {"n": "270000155102", "tvtn": "58", "tvan": "58", "vag": "0", "tvtl": "8", "tval": "8"}, {"n": "270000139481", "tvtn": "458", "tvan": "458", "vag": "1", "tvtl": "7", "tval": "7"}, {"n": "270000148996", "tvtn": "408", "tvan": "408", "vag": "1", "tvtl": "7", "tval": "7"}, {"n": "270000149004", "tvtn": "408", "tvan": "408", "vag": "0", "tvtl": "0", "tval": "0"}, {"n": "270000098000", "tvtn": "521", "tvan": "521", "vag": "2", "tvtl": "55", "tval": "55"}], "part": [{"n": "23", "tvtn": "190", "tvan": "190", "tvtl": "3", "tval": "3"}, {"n": "25", "tvtn": "474", "tvan": "474", "tvtl": "3", "tval": "3"}, {"n": "15", "tvtn": "451", "tvan": "451", "tvtl": "11", "tval": "11"}, {"n": "22", "tvtn": "755", "tvan": "755", "tvtl": "13", "tval": "13"}, {"n": "20", "tvtn": "58", "tvan": "58", "tvtl": "8", "tval": "8"}, {"n": "19", "tvtn": "458", "tvan": "458", "tvtl": "7", "tval": "7"}, {"n": "13", "tvtn": "408", "tvan": "408", "tvtl": "7", "tval": "7"}, {"n": "77", "tvtn": "521", "tvan": "521", "tvtl": "55", "tval": "55"}], "cand": [{"seq": "51", "n": "23333", "vap": "27", "pvap": "   0,79", "e": "N", "st": "N\u00e3o eleito"}, {"seq": "52", "n": "23610", "vap": "11", "pvap": "   0,32", "e": "N", "st": "N\u00e3o eleito"}, {"seq": "49", "n": "23456", "vap": "55", "pvap": "   1,61", "e": "N", "st": "N\u00e3o eleito"}, {"seq": "47", "n": "23000", "vap": "60", "pvap": "   1,75", "e": "N", "st": "N\u00e3o eleito"}, {"seq": "53", "n": "23222", "vap": "1", "pvap": "   0,03", "e": "N", "st": "N\u00e3o eleito"}, {"seq": "50", "n": "23555", "vap": "36", "pvap": "   1,05", "e": "N", "st": "N\u00e3o eleito"}, {"seq": "11", "n": "25000", "vap": "139", "pvap": "   4,06", "e": "N", "st": "Suplente"}, {"seq": "31", "n": "25333", "vap": "17", "pvap": "   0,50", "e": "N", "st": "Suplente"}, {"seq": "15", "n": "25100", "vap": "88", "pvap": "   2,57", "e": "N", "st": "Suplente"}, {"seq": "8", "n": "25111", "vap": "162", "pvap": "   4,73", "e": "S", "st": "Eleito"}, {"seq": "27", "n": "25222", "vap": "20", "pvap": "   0,58", "e": "N", "st": "Suplente"}, {"seq": "19", "n": "25123", "vap": "48", "pvap": "   1,40", "e": "N", "st": "Suplente"}, {"seq": "10", "n": "15000", "vap": "151", "pvap": "   4,41", "e": "N", "st": "Suplente"}, {"seq": "7", "n": "15555", "vap": "165", "pvap": "   4,82", "e": "S", "st": "Eleito"}, {"seq": "25", "n": "15135", "vap": "22", "pvap": "   0,64", "e": "N", "st": "Suplente"}, {"seq": "26", "n": "15123", "vap": "22", "pvap": "   0,64", "e": "N", "st": "Suplente"}, {"seq": "32", "n": "15559", "vap": "16", "pvap": "   0,47", "e": "N", "st": "Suplente"}, {"seq": "34", "n": "15120", "vap": "13", "pvap": "   0,38", "e": "N", "st": "Suplente"}, {"seq": "37", "n": "15125", "vap": "8", "pvap": "   0,23", "e": "N", "st": "Suplente"}, {"seq": "17", "n": "15777", "vap": "54", "pvap": "   1,58", "e": "N", "st": "Suplente"}, {"seq": "36", "n": "22600", "vap": "11", "pvap": "   0,32", "e": "N", "st": "Suplente"}, {"seq": "9", "n": "22000", "vap": "142", "pvap": "   4,15", "e": "S", "st": "Eleito"}, {"seq": "3", "n": "22111", "vap": "218", "pvap": "   6,37", "e": "S", "st": "Eleito"}, {"seq": "46", "n": "22255", "vap": "1", "pvap": "   0,03", "e": "N", "st": "Suplente"}, {"seq": "38", "n": "22210", "vap": "7", "pvap": "   0,20", "e": "N", "st": "Suplente"}, {"seq": "12", "n": "22333", "vap": "133", "pvap": "   3,89", "e": "N", "st": "Suplente"}, {"seq": "35", "n": "22555", "vap": "12", "pvap": "   0,35", "e": "N", "st": "Suplente"}, {"seq": "22", "n": "22444", "vap": "32", "pvap": "   0,94", "e": "N", "st": "Suplente"}, {"seq": "5", "n": "22222", "vap": "199", "pvap": "   5,82", "e": "S", "st": "Eleito"}, {"seq": "48", "n": "20000", "vap": "58", "pvap": "   1,69", "e": "N", "st": "N\u00e3o eleito"}, {"seq": "41", "n": "19333", "vap": "5", "pvap": "   0,15", "e": "N", "st": "Suplente"}, {"seq": "16", "n": "19111", "vap": "61", "pvap": "   1,78", "e": "N", "st": "Suplente"}, {"seq": "6", "n": "19999", "vap": "189", "pvap": "   5,52", "e": "S", "st": "Eleito"}, {"seq": "33", "n": "19666", "vap": "16", "pvap": "   0,47", "e": "N", "st": "Suplente"}, {"seq": "24", "n": "19222", "vap": "24", "pvap": "   0,70", "e": "N", "st": "Suplente"}, {"seq": "29", "n": "19000", "vap": "19", "pvap": "   0,56", "e": "N", "st": "Suplente"}, {"seq": "13", "n": "19234", "vap": "101", "pvap": "   2,95", "e": "N", "st": "Suplente"}, {"seq": "23", "n": "19199", "vap": "24", "pvap": "   0,70", "e": "N", "st": "Suplente"}, {"seq": "30", "n": "19123", "vap": "19", "pvap": "   0,56", "e": "N", "st": "Suplente"}, {"seq": "28", "n": "13000", "vap": "19", "pvap": "   0,56", "e": "N", "st": "Suplente"}, {"seq": "39", "n": "13444", "vap": "7", "pvap": "   0,20", "e": "N", "st": "Suplente"}, {"seq": "20", "n": "13333", "vap": "44", "pvap": "   1,29", "e": "N", "st": "Suplente"}, {"seq": "14", "n": "13111", "vap": "100", "pvap": "   2,92", "e": "N", "st": "Suplente"}, {"seq": "1", "n": "13123", "vap": "226", "pvap": "   6,60", "e": "S", "st": "Eleito"}, {"seq": "43", "n": "13222", "vap": "3", "pvap": "   0,09", "e": "N", "st": "Suplente"}, {"seq": "42", "n": "13555", "vap": "4", "pvap": "   0,12", "e": "N", "st": "Suplente"}, {"seq": "40", "n": "13456", "vap": "5", "pvap": "   0,15", "e": "N", "st": "Suplente"}, {"seq": "21", "n": "77600", "vap": "40", "pvap": "   1,17", "e": "N", "st": "Suplente"}, {"seq": "18", "n": "77000", "vap": "48", "pvap": "   1,40", "e": "N", "st": "Suplente"}, {"seq": "44", "n": "77700", "vap": "3", "pvap": "   0,09", "e": "N", "st": "Suplente"}, {"seq": "2", "n": "77601", "vap": "219", "pvap": "   6,40", "e": "S", "st": "Eleito"}, {"seq": "4", "n": "77123", "vap": "208", "pvap": "   6,08", "e": "S", "st": "Eleito"}, {"seq": "45", "n": "77777", "vap": "3", "pvap": "   0,09", "e": "N", "st": "Suplente"}]}, {"dt": "15/11/2020", "ht": "20:04:07", "tf": "S", "and": "F", "tpabr": "ZONA", "cdabr": "16", "s": "15", "st": "15", "snt": "0", "si": "15", "sni": "0", "sa": "15", "sna": "0", "pst": " 100,00", "psnt": "   0,00", "psi": " 100,00", "psni": "   0,00", "psa": " 100,00", "psna": "   0,00", "e": "3956", "ea": "3956", "ena": "0", "esi": "3956", "esni": "0", "a": "383", "c": "3573", "pea": " 100,00", "pena": "   0,00", "pesi": " 100,00", "pesni": "   0,00", "pa": "   9,68", "pc": "  90,32", "vnom": "3315", "vscv": "0", "vl": "107", "tv": "3573", "vvc": "3422", "vb": "17", "tvn": "134", "vn": "134", "vnt": "0", "vp": "0", "vv": "3422", "van": "0", "vansj": "0", "pvnom": "  96,87", "pvl": "   3,13", "pvvc": "  95,77", "pvb": "   0,48", "ptvn": "   3,75", "pvn": " 100,00", "pvnt": "   0,00", "pvp": "   0,00", "pvv": " 100,00", "pvan": "   0,00", "pvansj": "   0,00", "cand": [{"seq": "1", "n": "13123", "vap": "226", "pvap": "   6,60", "e": "S", "st": "Eleito"}, {"seq": "14", "n": "13111", "vap": "100", "pvap": "   2,92", "e": "N", "st": "Suplente"}, {"seq": "20", "n": "13333", "vap": "44", "pvap": "   1,29", "e": "N", "st": "Suplente"}, {"seq": "28", "n": "13000", "vap": "19", "pvap": "   0,56", "e": "N", "st": "Suplente"}, {"seq": "39", "n": "13444", "vap": "7", "pvap": "   0,20", "e": "N", "st": "Suplente"}, {"seq": "40", "n": "13456", "vap": "5", "pvap": "   0,15", "e": "N", "st": "Suplente"}, {"seq": "42", "n": "13555", "vap": "4", "pvap": "   0,12", "e": "N", "st": "Suplente"}, {"seq": "43", "n": "13222", "vap": "3", "pvap": "   0,09", "e": "N", "st": "Suplente"}, {"seq": "2", "n": "77601", "vap": "219", "pvap": "   6,40", "e": "S", "st": "Eleito"}, {"seq": "4", "n": "77123", "vap": "208", "pvap": "   6,08", "e": "S", "st": "Eleito"}, {"seq": "18", "n": "77000", "vap": "48", "pvap": "   1,40", "e": "N", "st": "Suplente"}, {"seq": "21", "n": "77600", "vap": "40", "pvap": "   1,17", "e": "N", "st": "Suplente"}, {"seq": "44", "n": "77700", "vap": "3", "pvap": "   0,09", "e": "N", "st": "Suplente"}, {"seq": "45", "n": "77777", "vap": "3", "pvap": "   0,09", "e": "N", "st": "Suplente"}, {"seq": "7", "n": "15555", "vap": "165", "pvap": "   4,82", "e": "S", "st": "Eleito"}, {"seq": "10", "n": "15000", "vap": "151", "pvap": "   4,41", "e": "N", "st": "Suplente"}, {"seq": "17", "n": "15777", "vap": "54", "pvap": "   1,58", "e": "N", "st": "Suplente"}, {"seq": "25", "n": "15135", "vap": "22", "pvap": "   0,64", "e": "N", "st": "Suplente"}, {"seq": "26", "n": "15123", "vap": "22", "pvap": "   0,64", "e": "N", "st": "Suplente"}, {"seq": "32", "n": "15559", "vap": "16", "pvap": "   0,47", "e": "N", "st": "Suplente"}, {"seq": "34", "n": "15120", "vap": "13", "pvap": "   0,38", "e": "N", "st": "Suplente"}, {"seq": "37", "n": "15125", "vap": "8", "pvap": "   0,23", "e": "N", "st": "Suplente"}, {"seq": "48", "n": "20000", "vap": "58", "pvap": "   1,69", "e": "N", "st": "N\u00e3o eleito"}, {"seq": "3", "n": "22111", "vap": "218", "pvap": "   6,37", "e": "S", "st": "Eleito"}, {"seq": "5", "n": "22222", "vap": "199", "pvap": "   5,82", "e": "S", "st": "Eleito"}, {"seq": "9", "n": "22000", "vap": "142", "pvap": "   4,15", "e": "S", "st": "Eleito"}, {"seq": "12", "n": "22333", "vap": "133", "pvap": "   3,89", "e": "N", "st": "Suplente"}, {"seq": "22", "n": "22444", "vap": "32", "pvap": "   0,94", "e": "N", "st": "Suplente"}, {"seq": "35", "n": "22555", "vap": "12", "pvap": "   0,35", "e": "N", "st": "Suplente"}, {"seq": "36", "n": "22600", "vap": "11", "pvap": "   0,32", "e": "N", "st": "Suplente"}, {"seq": "38", "n": "22210", "vap": "7", "pvap": "   0,20", "e": "N", "st": "Suplente"}, {"seq": "46", "n": "22255", "vap": "1", "pvap": "   0,03", "e": "N", "st": "Suplente"}, {"seq": "47", "n": "23000", "vap": "60", "pvap": "   1,75", "e": "N", "st": "N\u00e3o eleito"}, {"seq": "49", "n": "23456", "vap": "55", "pvap": "   1,61", "e": "N", "st": "N\u00e3o eleito"}, {"seq": "50", "n": "23555", "vap": "36", "pvap": "   1,05", "e": "N", "st": "N\u00e3o eleito"}, {"seq": "51", "n": "23333", "vap": "27", "pvap": "   0,79", "e": "N", "st": "N\u00e3o eleito"}, {"seq": "52", "n": "23610", "vap": "11", "pvap": "   0,32", "e": "N", "st": "N\u00e3o eleito"}, {"seq": "53", "n": "23222", "vap": "1", "pvap": "   0,03", "e": "N", "st": "N\u00e3o eleito"}, {"seq": "8", "n": "25111", "vap": "162", "pvap": "   4,73", "e": "S", "st": "Eleito"}, {"seq": "11", "n": "25000", "vap": "139", "pvap": "   4,06", "e": "N", "st": "Suplente"}, {"seq": "15", "n": "25100", "vap": "88", "pvap": "   2,57", "e": "N", "st": "Suplente"}, {"seq": "19", "n": "25123", "vap": "48", "pvap": "   1,40", "e": "N", "st": "Suplente"}, {"seq": "27", "n": "25222", "vap": "20", "pvap": "   0,58", "e": "N", "st": "Suplente"}, {"seq": "31", "n": "25333", "vap": "17", "pvap": "   0,50", "e": "N", "st": "Suplente"}, {"seq": "6", "n": "19999", "vap": "189", "pvap": "   5,52", "e": "S", "st": "Eleito"}, {"seq": "13", "n": "19234", "vap": "101", "pvap": "   2,95", "e": "N", "st": "Suplente"}, {"seq": "16", "n": "19111", "vap": "61", "pvap": "   1,78", "e": "N", "st": "Suplente"}, {"seq": "23", "n": "19199", "vap": "24", "pvap": "   0,70", "e": "N", "st": "Suplente"}, {"seq": "24", "n": "19222", "vap": "24", "pvap": "   0,70", "e": "N", "st": "Suplente"}, {"seq": "29", "n": "19000", "vap": "19", "pvap": "   0,56", "e": "N", "st": "Suplente"}, {"seq": "30", "n": "19123", "vap": "19", "pvap": "   0,56", "e": "N", "st": "Suplente"}, {"seq": "33", "n": "19666", "vap": "16", "pvap": "   0,47", "e": "N", "st": "Suplente"}, {"seq": "41", "n": "19333", "vap": "5", "pvap": "   0,15", "e": "N", "st": "Suplente"}]}]}